crash_date,               traffic_control_device,weather_condition,lighting_condition,first_crash_type,trafficway_type,alignment,roadway_surface_cond,road_defect,crash_type,intersection_related_i,damage,prim_contributory_cause,num_units,most_severe_injury,injuries_total,injuries_fatal,injuries_incapacitating,injuries_non_incapacitating,injuries_reported_not_evident,injuries_no_indication,crash_hour,crash_day_of_week,crash_month
59218,16,2,3,17,8,3,0,1,1,1,2,18,2,2,0.0,0.0,0.0,0.0,0.0,4.0,16,6,5
185476,16,2,1,0,6,3,5,5,0,1,2,6,2,2,0.0,0.0,0.0,0.0,0.0,2.0,3,6,12
124267,16,2,1,17,2,3,0,1,0,1,2,36,2,2,0.0,0.0,0.0,0.0,0.0,3.0,20,5,9
10265,4,2,3,0,15,3,0,5,1,1,2,36,2,2,0.0,0.0,0.0,0.0,0.0,2.0,13,5,1
166405,16,2,2,17,6,3,0,1,0,1,2,24,2,4,2.0,0.0,0.0,0.0,2.0,2.0,14,3,11
104505,16,7,1,0,6,3,6,1,0,1,2,6,5,2,0.0,0.0,0.0,0.0,0.0,4.0,11,5,8
111186,16,2,3,15,8,2,0,1,1,1,2,36,2,2,0.0,0.0,0.0,0.0,0.0,3.0,19,7,8
138709,16,2,3,0,8,3,0,1,1,1,2,36,2,2,0.0,0.0,0.0,0.0,0.0,2.0,8,4,10
39698,16,2,4,0,6,3,0,1,0,1,2,17,3,3,1.0,0.0,0.0,1.0,0.0,2.0,6,2,3
13239,16,2,1,15,8,3,6,1,0,1,2,23,2,2,0.0,0.0,0.0,0.0,0.0,4.0,19,6,1
80889,16,2,3,0,6,3,0,5,1,1,2,12,2,2,0.0,0.0,0.0,0.0,0.0,2.0,18,2,6
150815,17,11,3,17,6,3,5,5,1,1,2,36,2,2,0.0,0.0,0.0,0.0,0.0,2.0,16,2,10
10709,16,2,1,17,6,3,0,1,0,1,2,6,2,3,1.0,0.0,0.0,1.0,0.0,1.0,19,4,1
87450,16,2,3,10,2,3,0,5,0,1,1,10,2,3,2.0,0.0,0.0,2.0,0.0,1.0,13,3,6
126716,16,2,3,17,8,3,0,1,0,1,1,36,2,3,1.0,0.0,0.0,1.0,0.0,1.0,9,4,9
5539,16,2,3,0,2,3,0,1,0,1,2,6,2,2,0.0,0.0,0.0,0.0,0.0,2.0,11,6,1
91410,17,11,5,10,17,3,5,5,1,1,2,36,2,2,0.0,0.0,0.0,0.0,0.0,2.0,17,6,7
170521,16,2,1,17,6,3,0,1,0,1,2,18,2,2,0.0,0.0,0.0,0.0,0.0,2.0,19,2,11
9212,16,2,3,17,8,3,0,1,0,1,2,6,3,2,0.0,0.0,0.0,0.0,0.0,3.0,8,6,1
125564,15,2,3,8,2,3,0,1,1,0,0,18,2,2,0.0,0.0,0.0,0.0,0.0,2.0,19,2,9
34893,16,2,3,10,8,3,0,1,1,0,1,19,2,2,0.0,0.0,0.0,0.0,0.0,2.0,7,5,3
20579,16,2,1,3,8,3,0,1,0,1,2,37,2,1,1.0,0.0,1.0,0.0,0.0,2.0,17,2,2
124599,16,2,3,0,8,3,0,1,1,1,2,6,2,2,0.0,0.0,0.0,0.0,0.0,2.0,7,3,9
107732,15,2,3,17,8,3,0,1,1,1,1,18,2,2,0.0,0.0,0.0,0.0,0.0,2.0,15,3,8
48951,15,2,3,17,15,3,6,1,0,1,2,36,2,3,2.0,0.0,0.0,2.0,0.0,1.0,16,2,4
47979,16,2,3,0,18,3,5,5,0,1,2,6,2,2,0.0,0.0,0.0,0.0,0.0,2.0,15,7,4
90139,4,2,3,10,2,3,0,1,1,1,1,19,2,2,0.0,0.0,0.0,0.0,0.0,2.0,9,2,7
122298,16,2,3,8,10,3,0,1,1,1,1,36,2,2,0.0,0.0,0.0,0.0,0.0,2.0,18,3,9
35320,16,2,3,17,3,3,0,1,0,1,2,6,2,2,0.0,0.0,0.0,0.0,0.0,3.0,14,5,3
38599,16,2,1,17,10,3,0,1,1,1,0,36,2,2,0.0,0.0,0.0,0.0,0.0,2.0,22,7,3
19775,15,2,3,0,10,3,4,1,0,1,2,36,2,2,0.0,0.0,0.0,0.0,0.0,3.0,7,2,2
184575,15,7,3,0,6,3,6,1,1,1,2,36,2,2,0.0,0.0,0.0,0.0,0.0,2.0,15,6,12
155814,4,2,1,7,2,3,0,1,0,1,2,17,2,2,0.0,0.0,0.0,0.0,0.0,1.0,5,5,11
170400,16,2,1,17,15,3,0,1,1,1,2,18,2,2,0.0,0.0,0.0,0.0,0.0,2.0,17,7,11
183287,4,2,3,17,2,3,0,1,0,1,2,36,2,4,1.0,0.0,0.0,0.0,1.0,2.0,13,1,12
101354,16,2,1,17,2,4,0,1,0,1,2,36,2,2,0.0,0.0,0.0,0.0,0.0,2.0,20,6,7
2511,16,2,3,10,8,3,0,1,1,1,0,19,2,2,0.0,0.0,0.0,0.0,0.0,2.0,14,1,1
58673,4,2,3,0,15,3,0,5,0,1,2,36,2,2,0.0,0.0,0.0,0.0,0.0,2.0,12,4,5
174700,15,2,3,9,8,3,0,1,0,1,2,18,2,3,1.0,0.0,0.0,1.0,0.0,1.0,16,2,12
127621,4,2,3,17,8,3,0,1,0,1,2,18,3,4,1.0,0.0,0.0,0.0,1.0,2.0,17,4,9
4309,16,11,3,17,6,3,5,5,1,1,1,36,2,2,0.0,0.0,0.0,0.0,0.0,2.0,14,5,1
18283,16,2,3,17,6,3,0,1,1,1,2,35,2,2,0.0,0.0,0.0,0.0,0.0,3.0,11,4,2
4908,16,10,1,10,8,3,4,3,1,1,0,36,2,2,0.0,0.0,0.0,0.0,0.0,2.0,16,2,1
182469,16,2,3,10,8,3,0,1,1,1,2,36,2,2,0.0,0.0,0.0,0.0,0.0,2.0,8,2,12
99585,15,2,1,0,6,3,0,1,1,1,2,18,2,2,0.0,0.0,0.0,0.0,0.0,2.0,0,7,7
96989,15,2,3,17,6,3,0,1,0,1,2,5,2,0,2.0,1.0,0.0,0.0,1.0,1.0,17,3,7
26714,15,2,3,17,8,3,0,1,1,1,1,24,2,2,0.0,0.0,0.0,0.0,0.0,2.0,14,2,2
130981,15,2,1,17,8,3,0,1,0,1,2,18,2,3,1.0,0.0,0.0,1.0,0.0,1.0,21,1,9
129281,4,2,3,17,2,3,0,1,0,1,2,36,2,3,1.0,0.0,0.0,1.0,0.0,1.0,14,6,9
129627,15,2,3,17,8,3,0,1,1,1,2,18,2,2,0.0,0.0,0.0,0.0,0.0,2.0,9,2,9
136722,16,2,3,17,8,3,0,1,1,1,2,18,2,2,0.0,0.0,0.0,0.0,0.0,2.0,14,3,9
15592,4,2,3,15,8,3,0,1,1,1,1,12,2,2,0.0,0.0,0.0,0.0,0.0,2.0,8,5,2
40165,16,7,3,17,10,3,6,1,1,1,2,36,2,2,0.0,0.0,0.0,0.0,0.0,2.0,6,2,3
57881,16,2,2,10,2,3,0,1,1,1,2,36,2,2,0.0,0.0,0.0,0.0,0.0,2.0,18,7,5
106624,15,2,1,0,6,3,0,1,1,1,2,18,2,2,0.0,0.0,0.0,0.0,0.0,2.0,16,2,8
55636,15,7,3,0,6,3,6,1,1,1,0,18,2,2,0.0,0.0,0.0,0.0,0.0,2.0,14,3,4
9738,16,2,1,17,6,3,0,1,1,1,2,18,2,2,0.0,0.0,0.0,0.0,0.0,2.0,17,2,1
140802,16,7,3,9,11,3,6,1,1,1,1,22,2,2,0.0,0.0,0.0,0.0,0.0,2.0,17,5,10
105078,4,7,3,8,2,3,6,5,0,1,2,39,2,1,1.0,0.0,1.0,0.0,0.0,1.0,14,5,8
7014,16,10,3,0,6,3,4,5,1,1,0,12,2,2,0.0,0.0,0.0,0.0,0.0,2.0,7,3,1
34887,4,2,3,7,8,3,0,1,0,1,2,36,3,2,0.0,0.0,0.0,0.0,0.0,1.0,18,5,3
8658,16,2,3,0,8,3,0,1,0,1,1,6,2,4,1.0,0.0,0.0,0.0,1.0,1.0,14,5,1
52189,16,2,3,8,6,3,0,1,0,1,0,19,2,3,1.0,0.0,0.0,1.0,0.0,1.0,15,3,4
101547,15,2,3,17,8,3,0,1,0,0,2,18,2,2,0.0,0.0,0.0,0.0,0.0,3.0,14,3,7
30873,4,3,3,0,6,3,0,1,1,1,1,18,2,2,0.0,0.0,0.0,0.0,0.0,2.0,8,2,3
25865,15,2,3,0,2,3,0,1,1,1,0,36,3,2,0.0,0.0,0.0,0.0,0.0,5.0,11,1,2
146181,16,2,3,0,8,5,0,5,0,1,2,36,2,2,0.0,0.0,0.0,0.0,0.0,5.0,14,1,10
45030,16,2,3,10,8,3,0,1,0,1,2,19,2,4,1.0,0.0,0.0,0.0,1.0,2.0,14,1,4
184758,16,2,2,10,2,3,0,1,0,0,2,15,3,1,1.0,0.0,1.0,0.0,0.0,2.0,4,7,12
143760,16,7,3,0,6,3,6,5,1,1,2,18,2,2,0.0,0.0,0.0,0.0,0.0,2.0,13,3,10
121508,16,2,3,17,6,3,0,1,1,1,2,36,2,2,0.0,0.0,0.0,0.0,0.0,3.0,14,7,9
119868,16,2,3,17,6,3,0,5,1,1,2,36,2,2,0.0,0.0,0.0,0.0,0.0,2.0,12,4,8
90590,4,2,3,6,8,3,0,1,0,1,2,36,1,3,1.0,0.0,0.0,1.0,0.0,0.0,5,2,7
23689,16,2,3,10,8,3,0,1,0,1,2,19,3,2,0.0,0.0,0.0,0.0,0.0,3.0,7,4,2
116644,16,2,1,10,6,3,0,5,1,1,0,36,2,2,0.0,0.0,0.0,0.0,0.0,2.0,21,7,8
156065,16,2,3,9,8,3,0,1,0,1,0,2,2,3,1.0,0.0,0.0,1.0,0.0,1.0,15,3,11
126901,16,2,3,11,6,3,0,1,1,1,2,36,2,2,0.0,0.0,0.0,0.0,0.0,4.0,15,1,9
78354,16,2,3,3,2,3,0,1,0,1,2,36,2,2,0.0,0.0,0.0,0.0,0.0,2.0,9,5,6
57994,4,2,3,10,8,3,0,1,0,0,2,30,4,4,1.0,0.0,0.0,0.0,1.0,4.0,14,7,5
131448,4,2,1,0,10,3,0,1,1,1,1,36,2,2,0.0,0.0,0.0,0.0,0.0,2.0,20,6,9
43217,15,7,2,0,8,3,6,5,1,1,1,5,2,2,0.0,0.0,0.0,0.0,0.0,2.0,5,3,4
21186,16,2,3,15,8,3,0,1,1,1,2,36,2,2,0.0,0.0,0.0,0.0,0.0,2.0,14,5,2
133510,15,2,3,0,18,3,0,1,0,1,2,38,3,2,0.0,0.0,0.0,0.0,0.0,4.0,16,2,9
47920,15,2,3,0,6,3,0,1,0,1,2,18,2,3,1.0,0.0,0.0,1.0,0.0,2.0,15,5,4
126752,16,2,3,10,8,3,0,5,1,1,2,19,2,2,0.0,0.0,0.0,0.0,0.0,3.0,18,5,9
157544,15,7,0,10,10,3,6,1,1,1,1,36,2,2,0.0,0.0,0.0,0.0,0.0,3.0,17,1,11
40050,4,7,3,15,2,3,6,1,0,1,2,22,2,2,0.0,0.0,0.0,0.0,0.0,3.0,16,1,3
183725,16,10,0,17,8,3,6,1,1,1,2,18,2,2,0.0,0.0,0.0,0.0,0.0,2.0,6,6,12
50697,15,2,1,0,2,3,0,1,0,1,2,18,2,2,0.0,0.0,0.0,0.0,0.0,3.0,20,6,4
48716,4,2,3,7,10,3,0,1,0,0,1,36,2,2,0.0,0.0,0.0,0.0,0.0,1.0,19,4,4
145551,4,2,3,10,6,3,0,1,1,1,1,19,2,2,0.0,0.0,0.0,0.0,0.0,2.0,15,6,10
185945,16,6,1,17,6,3,6,6,0,1,2,36,2,3,4.0,0.0,0.0,2.0,2.0,3.0,0,1,12
136853,16,2,3,8,6,3,0,5,1,1,0,26,2,2,0.0,0.0,0.0,0.0,0.0,2.0,16,5,9
185866,16,2,1,0,6,3,0,1,1,1,2,8,2,2,0.0,0.0,0.0,0.0,0.0,3.0,0,6,12
117095,4,2,3,17,2,3,0,5,0,1,2,18,2,2,0.0,0.0,0.0,0.0,0.0,3.0,17,6,8
17020,17,11,5,10,17,3,5,5,1,1,2,36,2,2,0.0,0.0,0.0,0.0,0.0,2.0,16,4,2
85812,4,2,3,17,2,3,0,1,0,1,2,18,2,3,1.0,0.0,0.0,1.0,0.0,1.0,18,4,6
13601,15,2,1,17,2,3,6,5,0,1,2,18,2,2,0.0,0.0,0.0,0.0,0.0,2.0,17,6,1
77779,16,2,3,8,11,3,0,1,1,1,1,6,2,2,0.0,0.0,0.0,0.0,0.0,2.0,8,4,6
97868,16,2,1,17,6,3,0,1,1,1,2,18,2,2,0.0,0.0,0.0,0.0,0.0,2.0,20,2,7
24340,16,2,1,10,1,3,0,1,1,1,0,17,2,2,0.0,0.0,0.0,0.0,0.0,2.0,5,2,2
23151,15,10,3,17,8,3,6,3,1,1,1,18,2,2,0.0,0.0,0.0,0.0,0.0,2.0,16,2,2
19522,16,2,3,17,2,3,0,5,1,1,2,24,2,2,0.0,0.0,0.0,0.0,0.0,3.0,12,5,2
73239,16,2,3,17,6,3,0,1,0,1,2,18,3,2,0.0,0.0,0.0,0.0,0.0,5.0,18,7,6
60954,16,2,1,17,8,3,0,1,1,1,1,36,2,2,0.0,0.0,0.0,0.0,0.0,2.0,20,4,5
73653,15,2,3,0,2,3,0,1,0,1,2,36,2,4,1.0,0.0,0.0,0.0,1.0,1.0,12,6,6
167155,16,2,3,15,2,3,0,1,1,1,2,22,2,2,0.0,0.0,0.0,0.0,0.0,2.0,8,4,11
184641,4,2,1,15,2,3,0,5,0,0,2,36,2,2,0.0,0.0,0.0,0.0,0.0,3.0,1,1,12
174379,16,2,4,10,3,3,0,1,0,0,2,36,3,2,0.0,0.0,0.0,0.0,0.0,3.0,21,3,12
29008,4,2,3,17,8,3,0,1,1,1,2,18,2,2,0.0,0.0,0.0,0.0,0.0,2.0,7,4,3
11058,16,10,2,15,2,3,6,1,1,1,1,22,2,2,0.0,0.0,0.0,0.0,0.0,3.0,6,3,1
12878,16,7,0,10,6,3,4,1,1,1,2,19,2,2,0.0,0.0,0.0,0.0,0.0,2.0,20,6,1
154036,4,2,3,15,18,3,0,5,1,0,0,36,2,2,0.0,0.0,0.0,0.0,0.0,2.0,16,3,10
8306,15,2,3,0,6,3,0,1,1,1,2,18,2,2,0.0,0.0,0.0,0.0,0.0,3.0,9,6,1
9645,17,2,1,14,8,3,0,5,0,1,2,17,2,2,0.0,0.0,0.0,0.0,0.0,2.0,23,7,1
77591,15,2,3,0,8,3,0,1,0,1,2,36,2,4,1.0,0.0,0.0,0.0,1.0,1.0,12,3,6
57223,15,2,3,0,8,3,0,1,0,1,2,36,2,4,1.0,0.0,0.0,0.0,1.0,1.0,17,2,5
55532,16,7,3,15,8,3,6,1,0,1,2,36,2,2,0.0,0.0,0.0,0.0,0.0,6.0,17,1,4
162231,16,2,1,15,8,3,0,1,1,1,2,6,2,2,0.0,0.0,0.0,0.0,0.0,2.0,21,6,11
14204,16,2,3,17,8,3,0,1,0,1,2,26,2,4,4.0,0.0,0.0,0.0,4.0,0.0,8,2,1
183300,16,2,1,0,8,3,0,1,0,1,2,6,2,0,1.0,1.0,0.0,0.0,0.0,3.0,4,1,12
16755,15,2,0,15,6,3,0,1,1,1,1,18,2,2,0.0,0.0,0.0,0.0,0.0,2.0,9,7,2
91176,16,2,3,10,3,3,0,1,0,1,0,36,2,2,0.0,0.0,0.0,0.0,0.0,2.0,16,4,7
1041,16,2,1,10,8,3,0,1,1,1,1,19,2,2,0.0,0.0,0.0,0.0,0.0,3.0,18,4,1
46841,16,7,1,10,2,3,6,1,0,1,1,19,2,2,0.0,0.0,0.0,0.0,0.0,4.0,22,5,4
56532,4,2,3,10,2,3,0,1,1,1,2,36,2,2,0.0,0.0,0.0,0.0,0.0,2.0,14,4,5
68300,16,2,1,17,8,3,5,5,1,1,0,24,2,2,0.0,0.0,0.0,0.0,0.0,3.0,22,7,5
173321,16,3,3,15,8,3,5,5,1,1,2,22,2,2,0.0,0.0,0.0,0.0,0.0,2.0,14,2,12
53208,4,2,3,7,17,3,0,1,1,0,0,19,2,2,0.0,0.0,0.0,0.0,0.0,2.0,18,1,4
61005,16,2,3,0,6,3,0,1,1,1,2,18,2,2,0.0,0.0,0.0,0.0,0.0,2.0,18,6,5
145031,16,2,3,15,8,3,0,1,1,1,2,23,2,2,0.0,0.0,0.0,0.0,0.0,2.0,9,5,10
119293,16,2,3,8,6,3,0,5,0,1,2,3,2,3,1.0,0.0,0.0,1.0,0.0,1.0,7,3,8
104872,16,2,3,15,8,3,0,1,1,1,2,26,2,2,0.0,0.0,0.0,0.0,0.0,2.0,15,3,8
27697,16,2,3,10,8,3,0,1,1,1,2,19,2,2,0.0,0.0,0.0,0.0,0.0,2.0,7,4,2
152543,15,2,0,10,8,3,0,1,1,1,2,28,2,2,0.0,0.0,0.0,0.0,0.0,2.0,19,3,10
100385,15,2,3,10,8,3,0,1,1,1,0,17,2,2,0.0,0.0,0.0,0.0,0.0,2.0,11,5,7
98977,15,2,3,10,2,3,0,1,1,1,2,36,2,2,0.0,0.0,0.0,0.0,0.0,2.0,18,5,7
31569,15,2,1,15,13,3,0,5,1,1,2,28,2,2,0.0,0.0,0.0,0.0,0.0,2.0,22,6,3
24862,15,2,1,0,11,3,0,1,0,1,2,18,2,2,0.0,0.0,0.0,0.0,0.0,3.0,18,5,2
134840,16,2,3,15,8,3,0,1,1,1,2,22,2,2,0.0,0.0,0.0,0.0,0.0,2.0,9,3,9
175614,16,2,3,10,8,3,0,1,0,0,2,37,2,2,0.0,0.0,0.0,0.0,0.0,2.0,13,7,12
152145,17,11,5,17,8,3,5,5,1,1,2,36,2,2,0.0,0.0,0.0,0.0,0.0,4.0,12,6,10
61288,16,2,3,10,11,3,0,1,1,1,2,19,2,2,0.0,0.0,0.0,0.0,0.0,2.0,15,3,5
71256,16,2,3,10,8,3,0,1,1,1,2,12,2,2,0.0,0.0,0.0,0.0,0.0,2.0,17,5,5
40876,16,2,3,0,8,3,0,1,0,1,2,6,2,3,3.0,0.0,0.0,2.0,1.0,1.0,14,3,3
125359,16,2,0,0,8,3,0,1,1,1,2,36,2,2,0.0,0.0,0.0,0.0,0.0,2.0,19,7,9
6916,16,1,3,17,6,3,0,6,1,1,2,36,2,2,0.0,0.0,0.0,0.0,0.0,2.0,14,1,1
89889,17,2,3,0,11,3,6,5,0,1,0,26,2,2,0.0,0.0,0.0,0.0,0.0,4.0,14,5,7
98209,16,7,1,10,8,3,6,5,1,1,2,39,2,2,0.0,0.0,0.0,0.0,0.0,5.0,22,6,7
40781,15,2,3,17,3,3,0,1,0,1,2,37,2,2,0.0,0.0,0.0,0.0,0.0,4.0,16,1,3
57217,15,2,3,10,6,3,0,1,1,1,0,36,2,2,0.0,0.0,0.0,0.0,0.0,2.0,15,2,5
151824,4,2,1,0,8,3,0,1,0,1,2,18,2,2,0.0,0.0,0.0,0.0,0.0,5.0,18,2,10
10777,16,2,2,10,8,3,0,1,1,1,1,26,2,2,0.0,0.0,0.0,0.0,0.0,2.0,19,6,1
11525,16,10,3,17,8,3,6,1,1,1,2,24,2,2,0.0,0.0,0.0,0.0,0.0,4.0,15,5,1
106649,15,11,5,15,8,3,5,5,1,1,0,36,2,2,0.0,0.0,0.0,0.0,0.0,3.0,7,2,8
57340,16,2,3,10,6,3,0,1,1,1,2,19,2,2,0.0,0.0,0.0,0.0,0.0,3.0,14,4,5
123719,15,2,0,0,3,3,0,1,0,1,2,36,2,2,0.0,0.0,0.0,0.0,0.0,2.0,10,4,9
108307,15,2,3,17,8,3,0,1,0,1,2,18,2,4,1.0,0.0,0.0,0.0,1.0,1.0,6,5,8
5317,15,11,5,15,6,3,5,5,1,1,2,21,2,2,0.0,0.0,0.0,0.0,0.0,2.0,17,5,1
108782,16,2,3,17,8,3,0,1,0,1,2,18,2,3,2.0,0.0,0.0,2.0,0.0,1.0,13,6,8
166521,16,2,3,10,8,3,0,1,0,1,2,19,2,2,0.0,0.0,0.0,0.0,0.0,2.0,7,2,11
55333,15,2,3,0,8,3,0,1,1,1,2,36,3,2,0.0,0.0,0.0,0.0,0.0,4.0,18,6,4
145241,16,7,1,10,8,3,6,1,1,1,2,19,2,2,0.0,0.0,0.0,0.0,0.0,3.0,18,7,10
152621,15,2,1,17,8,3,0,1,0,1,2,24,2,3,1.0,0.0,0.0,1.0,0.0,1.0,22,4,10
151251,15,7,3,0,8,3,6,1,1,1,2,18,2,2,0.0,0.0,0.0,0.0,0.0,4.0,17,1,10
85626,16,2,3,10,6,3,0,1,0,1,2,19,2,2,0.0,0.0,0.0,0.0,0.0,6.0,12,1,6
106288,15,2,3,0,6,3,0,1,0,1,2,18,2,3,2.0,0.0,0.0,2.0,0.0,3.0,15,2,8
105930,15,2,1,0,6,3,0,1,0,1,2,36,3,3,1.0,0.0,0.0,1.0,0.0,2.0,0,4,8
2678,16,11,3,0,8,3,5,5,1,1,1,36,2,2,0.0,0.0,0.0,0.0,0.0,2.0,14,5,1
89744,16,6,3,17,6,3,5,5,0,1,2,36,2,4,1.0,0.0,0.0,0.0,1.0,3.0,18,3,7
111077,16,2,3,8,6,3,0,1,0,1,1,28,2,1,1.0,0.0,1.0,0.0,0.0,1.0,14,6,8
153404,4,2,3,8,2,3,0,1,1,0,2,23,2,2,0.0,0.0,0.0,0.0,0.0,2.0,12,6,10
135357,4,2,3,9,10,3,0,1,1,1,0,36,2,2,0.0,0.0,0.0,0.0,0.0,2.0,10,3,9
67741,4,7,2,17,8,3,6,1,1,0,2,36,2,2,0.0,0.0,0.0,0.0,0.0,2.0,5,6,5
185219,16,2,3,10,2,3,5,5,1,1,2,19,2,2,0.0,0.0,0.0,0.0,0.0,2.0,16,5,12
164986,15,2,3,0,16,3,0,1,0,1,2,36,2,2,0.0,0.0,0.0,0.0,0.0,2.0,14,3,11
51327,16,2,1,0,3,3,0,1,0,1,2,6,2,4,1.0,0.0,0.0,0.0,1.0,4.0,4,1,4
161328,15,2,0,17,6,3,0,1,0,1,2,5,2,2,0.0,0.0,0.0,0.0,0.0,2.0,22,1,11
48599,16,7,0,14,8,3,6,5,0,1,1,26,2,3,1.0,0.0,0.0,1.0,0.0,1.0,1,1,4
150834,15,2,3,0,3,3,5,5,0,1,2,17,2,3,3.0,0.0,0.0,3.0,0.0,0.0,7,2,10
149311,15,2,3,0,8,4,6,1,0,1,2,5,2,2,0.0,0.0,0.0,0.0,0.0,3.0,14,2,10
188240,16,7,1,17,6,3,6,1,1,1,1,24,2,2,0.0,0.0,0.0,0.0,0.0,4.0,17,2,12
114879,16,2,3,17,11,3,2,1,1,1,2,26,2,2,0.0,0.0,0.0,0.0,0.0,2.0,7,7,8
26410,16,2,3,10,8,3,0,1,1,1,2,19,2,2,0.0,0.0,0.0,0.0,0.0,2.0,14,5,2
136911,16,2,3,17,3,4,0,1,0,1,2,18,2,2,0.0,0.0,0.0,0.0,0.0,2.0,14,6,9
151307,16,2,1,9,1,3,0,1,0,1,0,36,2,3,1.0,0.0,0.0,1.0,0.0,1.0,0,1,10
3442,16,2,3,10,2,3,0,1,0,1,2,36,3,4,1.0,0.0,0.0,0.0,1.0,2.0,14,2,1
86120,16,2,3,10,2,3,0,5,1,1,2,36,2,2,0.0,0.0,0.0,0.0,0.0,3.0,17,3,6
182661,15,2,1,0,6,3,0,1,1,1,1,18,2,2,0.0,0.0,0.0,0.0,0.0,2.0,18,5,12
30942,15,2,0,15,8,3,0,1,0,1,2,28,3,3,3.0,0.0,0.0,3.0,0.0,4.0,19,4,3
78034,16,2,3,17,11,3,0,5,0,1,2,36,2,4,1.0,0.0,0.0,0.0,1.0,1.0,14,2,6
180379,16,2,3,10,8,3,0,1,1,1,1,19,2,2,0.0,0.0,0.0,0.0,0.0,2.0,16,3,12
187612,16,2,3,15,8,3,6,1,1,1,1,36,2,2,0.0,0.0,0.0,0.0,0.0,2.0,13,7,12
66432,16,2,3,17,8,3,0,1,0,1,2,18,2,2,0.0,0.0,0.0,0.0,0.0,2.0,16,1,5
90055,15,2,3,0,6,3,0,1,0,1,2,18,2,3,1.0,0.0,0.0,1.0,0.0,1.0,19,1,7
157918,16,2,1,10,2,3,0,1,0,1,2,17,3,2,0.0,0.0,0.0,0.0,0.0,3.0,22,7,11
53587,16,2,3,0,10,3,0,1,0,1,2,6,2,2,0.0,0.0,0.0,0.0,0.0,2.0,16,6,4
120884,16,2,3,10,8,3,0,1,1,1,1,19,2,2,0.0,0.0,0.0,0.0,0.0,2.0,17,5,9
164290,16,2,3,15,2,3,0,2,1,1,2,18,2,2,0.0,0.0,0.0,0.0,0.0,4.0,14,6,11
131968,15,2,1,0,2,3,0,1,0,1,2,18,2,2,0.0,0.0,0.0,0.0,0.0,4.0,19,6,9
28396,16,2,0,17,11,3,0,5,1,1,1,22,2,2,0.0,0.0,0.0,0.0,0.0,2.0,20,6,3
109786,16,3,3,10,8,3,6,1,0,1,2,19,3,4,1.0,0.0,0.0,0.0,1.0,6.0,13,6,8
175866,4,2,3,0,6,3,0,1,0,1,2,18,2,2,0.0,0.0,0.0,0.0,0.0,2.0,9,5,12
52025,16,2,3,0,6,3,5,5,0,1,2,3,2,2,0.0,0.0,0.0,0.0,0.0,2.0,7,2,4
161148,16,2,3,17,6,3,0,1,1,1,2,36,2,2,0.0,0.0,0.0,0.0,0.0,2.0,12,4,11
178573,16,7,3,17,8,3,6,1,0,1,2,39,2,2,0.0,0.0,0.0,0.0,0.0,3.0,10,7,12
7879,16,2,1,17,8,3,6,5,0,1,2,17,2,3,1.0,0.0,0.0,1.0,0.0,4.0,17,1,1
95485,4,2,3,17,6,3,0,1,0,1,2,36,2,3,4.0,0.0,0.0,4.0,0.0,0.0,19,2,7
175348,16,2,3,17,6,3,0,5,0,1,2,6,2,2,0.0,0.0,0.0,0.0,0.0,2.0,14,6,12
69580,4,2,3,9,0,3,0,1,1,1,2,18,2,2,0.0,0.0,0.0,0.0,0.0,2.0,7,7,5
151160,16,2,1,17,6,4,0,6,0,1,2,36,2,2,0.0,0.0,0.0,0.0,0.0,2.0,23,5,10
176871,16,7,3,10,8,3,6,1,0,1,2,36,2,2,0.0,0.0,0.0,0.0,0.0,3.0,13,6,12
67567,4,2,3,0,8,3,0,1,1,1,1,36,2,2,0.0,0.0,0.0,0.0,0.0,2.0,7,5,5
58798,15,7,1,0,2,3,6,1,0,1,2,18,3,2,0.0,0.0,0.0,0.0,0.0,2.0,19,6,5
123873,16,2,3,5,2,3,0,1,1,1,2,12,1,2,0.0,0.0,0.0,0.0,0.0,1.0,9,5,9
72770,16,2,1,0,8,3,6,1,0,1,2,6,2,3,1.0,0.0,0.0,1.0,0.0,3.0,4,1,6
150262,15,2,3,0,15,3,0,1,1,1,2,18,2,2,0.0,0.0,0.0,0.0,0.0,2.0,16,3,10
52546,16,2,1,10,2,3,0,5,0,1,2,12,2,4,1.0,0.0,0.0,0.0,1.0,1.0,4,2,4
78335,16,7,3,15,3,3,6,1,0,1,0,22,2,4,1.0,0.0,0.0,0.0,1.0,2.0,7,5,6
182953,15,2,3,10,18,3,0,1,1,1,2,12,2,2,0.0,0.0,0.0,0.0,0.0,2.0,14,5,12
117371,15,2,4,2,15,3,0,1,1,1,0,17,2,2,0.0,0.0,0.0,0.0,0.0,1.0,19,2,8
144953,16,2,1,17,15,3,0,1,0,1,2,18,3,2,0.0,0.0,0.0,0.0,0.0,3.0,22,4,10
9238,16,2,1,2,8,3,0,1,0,1,1,6,1,2,0.0,0.0,0.0,0.0,0.0,1.0,23,6,1
105508,15,2,3,15,3,3,0,1,0,1,2,19,3,3,3.0,0.0,0.0,3.0,0.0,3.0,22,5,8
102088,15,2,3,0,8,3,0,1,0,1,2,36,4,2,0.0,0.0,0.0,0.0,0.0,2.0,16,4,7
34150,16,2,1,3,10,3,0,1,1,1,2,11,2,2,0.0,0.0,0.0,0.0,0.0,2.0,23,1,3
22515,15,2,3,17,8,3,0,1,1,1,2,18,2,2,0.0,0.0,0.0,0.0,0.0,3.0,10,6,2