crash_date,               traffic_control_device,weather_condition,lighting_condition,first_crash_type,trafficway_type,alignment,roadway_surface_cond,road_defect,crash_type,intersection_related_i,damage,prim_contributory_cause,num_units,most_severe_injury,injuries_total,injuries_fatal,injuries_incapacitating,injuries_non_incapacitating,injuries_reported_not_evident,injuries_no_indication,crash_hour,crash_day_of_week,crash_month
188993,16,10,0,17,6,4,6,1,0,1,2,18,2,3,4.0,0.0,0.0,1.0,3.0,1.0,18,1,12
83274,15,2,3,0,6,3,0,1,0,1,2,5,2,4,1.0,0.0,0.0,0.0,1.0,3.0,14,7,6
123722,16,2,3,17,8,3,5,5,1,1,2,36,2,2,0.0,0.0,0.0,0.0,0.0,2.0,10,4,9
156630,16,2,3,0,6,3,0,1,0,1,2,6,3,3,3.0,0.0,0.0,3.0,0.0,2.0,16,3,11
134090,4,2,5,0,12,4,0,1,1,0,2,18,2,2,0.0,0.0,0.0,0.0,0.0,2.0,17,3,9
90205,16,2,3,10,6,3,0,1,1,1,0,12,2,2,0.0,0.0,0.0,0.0,0.0,2.0,9,3,7
76178,15,3,3,0,6,3,5,5,1,1,2,5,2,2,0.0,0.0,0.0,0.0,0.0,2.0,18,1,6
5260,15,2,1,0,6,3,0,1,0,1,2,36,2,2,0.0,0.0,0.0,0.0,0.0,3.0,18,4,1
139431,15,2,3,0,8,3,0,1,1,1,2,5,2,2,0.0,0.0,0.0,0.0,0.0,3.0,17,5,10
74990,4,2,3,17,8,3,0,1,1,1,2,36,2,2,0.0,0.0,0.0,0.0,0.0,2.0,16,4,6
132569,15,2,3,10,2,3,0,1,1,1,1,19,2,2,0.0,0.0,0.0,0.0,0.0,2.0,8,7,9
140863,16,11,5,10,15,3,5,5,1,1,2,36,2,2,0.0,0.0,0.0,0.0,0.0,3.0,14,6,10
101781,16,2,3,17,2,3,0,1,0,1,0,18,3,3,1.0,0.0,0.0,1.0,0.0,2.0,18,7,7
24813,17,2,3,15,8,3,5,5,1,1,1,26,2,2,0.0,0.0,0.0,0.0,0.0,2.0,16,2,2
163731,15,10,3,10,8,3,4,1,1,1,1,36,2,2,0.0,0.0,0.0,0.0,0.0,2.0,9,5,11
13404,15,2,3,10,8,3,5,5,1,1,0,36,2,2,0.0,0.0,0.0,0.0,0.0,2.0,11,1,1
89838,16,2,3,10,2,3,0,1,1,1,2,17,2,2,0.0,0.0,0.0,0.0,0.0,4.0,12,3,7
123720,4,2,1,0,8,3,0,1,0,1,2,36,2,3,1.0,0.0,0.0,1.0,0.0,1.0,22,4,9
136344,16,2,3,17,6,3,0,1,1,1,2,36,2,2,0.0,0.0,0.0,0.0,0.0,3.0,11,4,9
135596,17,2,1,10,6,3,0,1,1,1,2,6,3,2,0.0,0.0,0.0,0.0,0.0,4.0,0,1,9
184123,15,2,1,10,2,3,0,1,1,1,1,36,2,2,0.0,0.0,0.0,0.0,0.0,2.0,21,7,12
102975,15,2,3,8,10,3,0,1,1,1,0,18,2,2,0.0,0.0,0.0,0.0,0.0,2.0,14,3,7
170029,16,2,5,17,6,3,5,1,0,1,2,18,2,3,2.0,0.0,0.0,2.0,0.0,1.0,21,1,11
68836,16,2,1,10,8,3,0,1,1,1,2,2,2,2,0.0,0.0,0.0,0.0,0.0,2.0,20,3,5
184404,16,2,3,0,8,3,0,1,0,1,2,28,2,3,1.0,0.0,0.0,1.0,0.0,1.0,15,3,12
182520,16,2,1,17,2,3,0,1,0,1,2,12,2,2,0.0,0.0,0.0,0.0,0.0,4.0,19,3,12
182567,16,2,3,17,8,3,0,1,0,1,2,15,2,3,2.0,0.0,0.0,2.0,0.0,1.0,15,4,12
143950,15,2,1,10,3,3,0,5,1,1,2,36,2,2,0.0,0.0,0.0,0.0,0.0,3.0,18,6,10
25031,15,2,1,0,2,3,6,1,0,1,2,6,2,2,0.0,0.0,0.0,0.0,0.0,3.0,18,2,2
106967,16,7,1,15,6,3,6,1,1,1,2,24,3,2,0.0,0.0,0.0,0.0,0.0,6.0,21,6,8
14274,17,2,3,17,11,3,0,1,1,1,1,19,2,2,0.0,0.0,0.0,0.0,0.0,2.0,12,3,1
72318,16,2,3,10,2,3,0,1,1,1,2,19,2,2,0.0,0.0,0.0,0.0,0.0,4.0,8,5,6
169862,15,2,1,0,10,3,0,1,0,1,2,36,2,2,0.0,0.0,0.0,0.0,0.0,4.0,17,5,11
79066,16,2,1,10,6,3,0,1,1,1,1,19,2,2,0.0,0.0,0.0,0.0,0.0,3.0,21,2,6
126345,16,2,1,17,8,3,0,5,0,1,2,24,2,2,0.0,0.0,0.0,0.0,0.0,2.0,20,7,9
135418,16,2,3,9,8,3,0,1,0,1,2,18,2,3,1.0,0.0,0.0,1.0,0.0,1.0,14,5,9
108218,15,2,3,0,8,3,0,1,0,1,2,5,2,4,1.0,0.0,0.0,0.0,1.0,1.0,13,4,8
63496,17,2,3,17,6,3,0,1,0,1,2,18,3,2,0.0,0.0,0.0,0.0,0.0,2.0,8,2,5
39275,16,2,4,0,6,3,0,1,0,1,2,17,3,2,0.0,0.0,0.0,0.0,0.0,3.0,18,1,3
35427,16,2,3,9,2,3,0,1,0,1,0,36,2,4,1.0,0.0,0.0,0.0,1.0,1.0,16,7,3
34027,15,2,1,15,8,3,0,1,1,1,1,22,2,2,0.0,0.0,0.0,0.0,0.0,3.0,19,6,3
130505,17,2,3,0,6,3,5,5,1,1,1,36,2,2,0.0,0.0,0.0,0.0,0.0,2.0,14,2,9
164303,16,6,1,0,8,3,4,1,1,1,2,36,2,2,0.0,0.0,0.0,0.0,0.0,2.0,17,6,11
53836,16,2,3,10,8,3,0,1,1,1,2,19,2,2,0.0,0.0,0.0,0.0,0.0,2.0,14,4,4
53217,15,2,1,9,6,3,0,5,0,1,2,18,2,3,1.0,0.0,0.0,1.0,0.0,1.0,20,1,4
22392,15,2,3,0,8,3,0,1,0,1,1,36,2,2,0.0,0.0,0.0,0.0,0.0,2.0,11,4,2
129138,16,2,3,9,6,3,0,1,0,1,2,18,3,1,2.0,0.0,2.0,0.0,0.0,1.0,13,4,9
103817,15,2,3,7,2,3,0,1,0,1,2,30,3,4,1.0,0.0,0.0,0.0,1.0,0.0,15,2,7
126347,16,2,1,0,6,3,0,1,0,1,2,6,2,3,5.0,0.0,0.0,5.0,0.0,0.0,20,7,9
63131,4,2,3,0,8,3,0,1,1,1,2,18,2,2,0.0,0.0,0.0,0.0,0.0,2.0,8,2,5
99744,15,2,3,0,2,3,0,1,0,1,2,36,2,2,0.0,0.0,0.0,0.0,0.0,3.0,6,2,7
47874,4,7,1,9,8,3,6,1,0,0,2,36,2,3,1.0,0.0,0.0,1.0,0.0,1.0,20,4,4
87593,16,2,3,10,8,3,5,5,1,1,1,36,2,2,0.0,0.0,0.0,0.0,0.0,2.0,15,5,6
76141,16,2,1,0,8,3,0,1,0,1,2,18,2,2,0.0,0.0,0.0,0.0,0.0,6.0,23,7,6
39765,4,7,3,10,8,3,6,1,1,1,2,19,3,2,0.0,0.0,0.0,0.0,0.0,4.0,11,1,3
136777,16,2,3,17,6,3,0,5,1,1,2,36,2,2,0.0,0.0,0.0,0.0,0.0,2.0,16,4,9
142525,16,2,1,17,8,4,0,1,1,1,1,18,2,2,0.0,0.0,0.0,0.0,0.0,2.0,19,7,10
105562,16,2,3,17,8,3,0,1,0,1,2,36,2,3,2.0,0.0,0.0,2.0,0.0,0.0,9,7,8
25232,15,2,3,15,10,3,0,1,1,1,2,23,2,2,0.0,0.0,0.0,0.0,0.0,2.0,16,3,2
5253,16,2,1,17,6,2,0,1,0,1,2,6,2,3,3.0,0.0,0.0,3.0,0.0,0.0,17,4,1
90652,16,2,3,17,8,3,0,1,0,1,2,17,2,3,2.0,0.0,0.0,2.0,0.0,2.0,17,3,7
170492,16,2,3,0,6,3,0,1,0,1,2,18,2,4,2.0,0.0,0.0,0.0,2.0,1.0,14,2,11
56477,4,2,3,2,11,3,0,1,0,1,2,17,1,2,0.0,0.0,0.0,0.0,0.0,1.0,12,4,5
13044,16,3,3,10,15,3,0,1,0,1,1,17,2,4,1.0,0.0,0.0,0.0,1.0,1.0,13,2,1
43697,4,10,3,0,2,3,1,1,1,1,2,39,2,2,0.0,0.0,0.0,0.0,0.0,2.0,7,4,4
77304,4,2,2,10,8,3,0,5,1,1,1,19,3,2,0.0,0.0,0.0,0.0,0.0,5.0,20,5,6
171965,16,2,4,10,6,3,0,1,1,1,1,18,2,2,0.0,0.0,0.0,0.0,0.0,3.0,17,4,11
98713,16,2,3,10,8,3,0,1,1,1,0,17,2,2,0.0,0.0,0.0,0.0,0.0,2.0,15,6,7
85588,16,2,3,0,6,3,0,1,0,1,2,18,4,3,1.0,0.0,0.0,1.0,0.0,3.0,18,1,6
115771,16,2,3,10,2,3,0,1,1,1,1,19,2,2,0.0,0.0,0.0,0.0,0.0,2.0,9,6,8
33384,16,2,3,17,2,3,0,1,1,1,0,24,2,2,0.0,0.0,0.0,0.0,0.0,2.0,14,2,3
41499,4,2,4,17,8,3,0,1,1,1,2,24,2,2,0.0,0.0,0.0,0.0,0.0,4.0,18,7,3
123097,15,2,3,0,18,3,0,5,0,1,2,36,2,3,1.0,0.0,0.0,1.0,0.0,1.0,10,1,9
35958,16,2,1,9,8,3,0,1,0,0,2,18,2,1,1.0,0.0,1.0,0.0,0.0,2.0,0,1,3
174820,16,2,3,15,8,3,0,1,1,1,2,26,2,2,0.0,0.0,0.0,0.0,0.0,3.0,12,3,12
38267,16,2,1,15,8,3,0,1,1,1,2,23,2,2,0.0,0.0,0.0,0.0,0.0,2.0,16,3,3
6935,16,10,4,15,2,3,4,5,1,1,2,36,2,2,0.0,0.0,0.0,0.0,0.0,2.0,16,1,1
95566,16,2,3,15,8,3,0,1,1,1,0,36,2,2,0.0,0.0,0.0,0.0,0.0,2.0,13,2,7
93054,16,2,3,15,8,3,0,1,0,1,2,22,2,2,0.0,0.0,0.0,0.0,0.0,2.0,10,4,7
83416,15,2,3,13,15,3,0,1,0,1,2,18,2,2,0.0,0.0,0.0,0.0,0.0,2.0,17,3,6
51301,16,2,0,0,8,3,0,1,1,1,2,6,2,2,0.0,0.0,0.0,0.0,0.0,4.0,0,7,4
110089,4,2,3,17,8,3,0,1,0,1,2,36,2,2,0.0,0.0,0.0,0.0,0.0,2.0,10,4,8
123062,16,2,1,0,6,3,0,1,0,1,2,36,2,3,1.0,0.0,0.0,1.0,0.0,1.0,4,1,9
179511,16,2,3,15,8,3,0,1,1,1,1,18,2,2,0.0,0.0,0.0,0.0,0.0,3.0,15,5,12
43580,15,10,5,0,11,3,6,5,0,1,1,36,2,2,0.0,0.0,0.0,0.0,0.0,3.0,8,4,4
146704,4,2,3,17,6,3,0,1,1,1,2,36,2,2,0.0,0.0,0.0,0.0,0.0,5.0,15,1,10
40378,16,2,3,17,10,3,0,1,1,1,1,22,2,2,0.0,0.0,0.0,0.0,0.0,2.0,9,7,3
101402,16,2,3,0,6,3,6,5,0,1,2,6,2,3,1.0,0.0,0.0,1.0,0.0,3.0,15,7,7
147544,16,2,3,10,8,3,0,1,1,1,1,36,2,2,0.0,0.0,0.0,0.0,0.0,2.0,16,5,10
99924,16,2,3,17,8,3,0,1,1,1,2,28,2,2,0.0,0.0,0.0,0.0,0.0,2.0,17,6,7
102828,15,2,3,0,6,3,0,1,0,1,2,18,2,4,1.0,0.0,0.0,0.0,1.0,4.0,17,2,7
173327,16,2,4,15,2,3,0,1,1,0,2,12,2,2,0.0,0.0,0.0,0.0,0.0,2.0,15,2,12
176687,16,7,1,11,6,3,6,1,1,1,0,21,2,2,0.0,0.0,0.0,0.0,0.0,3.0,6,2,12
46011,16,2,3,10,6,3,0,5,0,1,2,17,2,2,0.0,0.0,0.0,0.0,0.0,2.0,9,5,4
80395,15,2,1,17,6,3,0,5,1,1,2,17,2,2,0.0,0.0,0.0,0.0,0.0,2.0,0,1,6
131297,4,2,0,10,8,3,0,1,1,1,1,36,2,2,0.0,0.0,0.0,0.0,0.0,2.0,19,4,9
166925,16,7,1,0,6,3,6,1,0,1,2,6,2,2,0.0,0.0,0.0,0.0,0.0,2.0,17,4,11
44646,15,2,3,17,8,3,0,1,1,1,2,36,2,2,0.0,0.0,0.0,0.0,0.0,4.0,12,7,4
53840,16,2,3,10,8,3,0,1,1,1,1,19,2,2,0.0,0.0,0.0,0.0,0.0,2.0,15,4,4
120167,16,2,3,15,3,3,0,1,0,1,1,23,2,4,1.0,0.0,0.0,0.0,1.0,1.0,16,2,8
121588,16,11,5,17,6,3,5,5,1,1,2,12,2,2,0.0,0.0,0.0,0.0,0.0,2.0,16,2,9
52729,16,2,1,10,2,4,0,1,0,1,2,36,3,2,0.0,0.0,0.0,0.0,0.0,8.0,2,7,4
62802,15,2,3,0,15,3,6,1,0,1,2,5,3,2,0.0,0.0,0.0,0.0,0.0,3.0,19,5,5
142925,16,2,1,10,8,3,0,1,0,1,2,17,2,3,1.0,0.0,0.0,1.0,0.0,1.0,23,4,10
39302,15,2,3,10,2,3,0,1,1,1,2,36,2,2,0.0,0.0,0.0,0.0,0.0,5.0,14,6,3
122081,16,2,0,17,6,3,0,1,0,1,1,24,2,2,0.0,0.0,0.0,0.0,0.0,2.0,20,1,9
125862,4,2,3,17,15,3,0,1,0,1,2,30,2,3,2.0,0.0,0.0,2.0,0.0,1.0,8,7,9
185497,15,2,0,0,6,3,0,1,1,1,1,18,2,2,0.0,0.0,0.0,0.0,0.0,2.0,19,6,12
23642,16,2,3,10,8,3,4,5,0,1,0,19,2,4,1.0,0.0,0.0,0.0,1.0,1.0,11,3,2
131976,16,3,3,10,2,3,0,1,0,1,2,17,2,2,0.0,0.0,0.0,0.0,0.0,2.0,8,6,9
156408,15,3,3,0,10,3,6,1,0,1,2,30,2,3,2.0,0.0,0.0,2.0,0.0,1.0,12,5,11
101889,15,2,3,0,10,3,0,1,0,1,2,5,3,2,0.0,0.0,0.0,0.0,0.0,3.0,14,7,7
86356,16,2,0,17,8,3,0,1,0,0,2,18,2,3,1.0,0.0,0.0,1.0,0.0,1.0,4,6,6
179913,16,7,3,9,6,3,6,1,0,1,0,18,2,3,1.0,0.0,0.0,1.0,0.0,1.0,9,4,12
173431,16,2,3,0,6,3,0,1,0,1,2,36,2,2,0.0,0.0,0.0,0.0,0.0,3.0,12,3,12
50787,4,2,3,0,2,3,0,1,1,1,1,18,2,2,0.0,0.0,0.0,0.0,0.0,2.0,15,6,4
173679,16,3,4,17,15,3,0,1,0,1,0,19,2,3,1.0,0.0,0.0,1.0,0.0,2.0,16,3,12
22788,16,10,3,10,6,3,4,5,0,1,2,17,3,4,1.0,0.0,0.0,0.0,1.0,3.0,13,5,2
95856,16,2,3,17,16,3,0,3,1,1,2,14,2,2,0.0,0.0,0.0,0.0,0.0,3.0,17,7,7
179858,16,7,4,0,6,3,6,1,0,1,2,6,2,2,0.0,0.0,0.0,0.0,0.0,2.0,15,4,12
93764,16,2,3,17,6,3,0,1,1,1,2,36,2,2,0.0,0.0,0.0,0.0,0.0,2.0,13,3,7
187372,16,2,1,17,2,3,6,1,1,1,2,36,2,2,0.0,0.0,0.0,0.0,0.0,2.0,20,4,12
103973,16,2,3,10,8,3,0,1,1,1,1,36,2,2,0.0,0.0,0.0,0.0,0.0,4.0,19,3,8
10727,16,2,3,10,8,3,6,1,0,1,2,19,2,4,2.0,0.0,0.0,0.0,2.0,1.0,10,4,1
38818,16,2,3,17,3,3,0,6,0,1,2,26,2,4,1.0,0.0,0.0,0.0,1.0,1.0,14,7,3
23937,16,2,3,0,6,3,0,1,0,1,2,17,2,3,2.0,0.0,0.0,2.0,0.0,0.0,6,2,2
178608,15,2,3,17,6,3,0,1,1,1,2,11,2,2,0.0,0.0,0.0,0.0,0.0,2.0,14,1,12
141759,4,2,0,15,8,3,0,1,1,1,1,36,2,2,0.0,0.0,0.0,0.0,0.0,4.0,19,2,10
19473,16,2,1,15,6,3,6,1,0,1,2,23,2,2,0.0,0.0,0.0,0.0,0.0,2.0,1,5,2
150934,16,7,1,10,8,3,6,1,1,1,1,39,2,2,0.0,0.0,0.0,0.0,0.0,3.0,6,7,10
137380,16,2,4,10,8,3,0,1,0,1,2,36,2,3,1.0,0.0,0.0,1.0,0.0,1.0,17,6,9
8719,16,2,1,9,8,3,0,1,0,1,0,36,2,3,1.0,0.0,0.0,1.0,0.0,1.0,21,5,1
103496,16,2,4,15,8,3,0,1,0,1,2,23,3,2,0.0,0.0,0.0,0.0,0.0,3.0,18,3,7
96825,15,2,3,0,18,3,0,1,1,1,2,18,2,2,0.0,0.0,0.0,0.0,0.0,2.0,13,1,7
109346,16,2,3,17,11,2,0,1,0,1,2,35,3,4,2.0,0.0,0.0,0.0,2.0,1.0,8,7,8
33683,15,7,1,0,6,3,6,5,0,1,2,5,2,2,0.0,0.0,0.0,0.0,0.0,2.0,1,1,3
84067,16,2,3,17,6,3,0,1,0,1,2,6,2,3,1.0,0.0,0.0,1.0,0.0,1.0,15,6,6
144605,16,2,3,15,2,3,0,1,1,1,2,18,2,2,0.0,0.0,0.0,0.0,0.0,2.0,17,5,10
165131,16,3,3,9,6,3,5,1,1,1,0,36,2,2,0.0,0.0,0.0,0.0,0.0,2.0,6,5,11
3420,16,2,4,15,8,3,0,1,1,1,2,23,2,2,0.0,0.0,0.0,0.0,0.0,2.0,16,1,1
181874,4,2,1,0,8,3,0,1,1,1,2,36,2,2,0.0,0.0,0.0,0.0,0.0,3.0,17,1,12
148633,16,2,3,10,8,3,0,1,1,1,2,9,2,2,0.0,0.0,0.0,0.0,0.0,2.0,9,5,10
100610,16,2,3,17,8,3,0,1,0,1,2,24,2,2,0.0,0.0,0.0,0.0,0.0,2.0,12,2,7
122074,16,2,3,0,8,3,0,1,1,1,2,6,2,2,0.0,0.0,0.0,0.0,0.0,2.0,18,1,9
103238,15,2,1,0,6,3,0,5,0,1,2,36,2,3,1.0,0.0,0.0,1.0,0.0,5.0,20,7,7
137395,16,2,3,17,8,3,0,1,1,1,1,36,2,2,0.0,0.0,0.0,0.0,0.0,2.0,18,6,9
101951,16,2,3,0,2,3,0,5,1,1,1,6,2,2,0.0,0.0,0.0,0.0,0.0,3.0,15,1,7
188161,16,10,3,10,8,3,6,1,0,1,2,16,3,4,1.0,0.0,0.0,0.0,1.0,2.0,12,7,12
150015,15,2,3,8,8,3,0,1,0,1,0,18,2,3,1.0,0.0,0.0,1.0,0.0,1.0,19,5,10
157204,16,11,5,17,6,3,5,5,1,1,2,36,2,2,0.0,0.0,0.0,0.0,0.0,2.0,13,5,11
60310,17,2,3,0,6,3,6,5,0,1,2,6,2,2,0.0,0.0,0.0,0.0,0.0,2.0,12,1,5
24492,16,2,3,17,8,3,0,1,1,1,1,18,2,2,0.0,0.0,0.0,0.0,0.0,2.0,12,4,2
85654,15,11,5,0,8,3,5,5,0,1,2,12,2,2,0.0,0.0,0.0,0.0,0.0,2.0,19,2,6
79653,15,2,3,0,6,3,0,1,0,1,2,18,2,2,0.0,0.0,0.0,0.0,0.0,2.0,8,3,6
110293,16,2,1,17,18,3,0,1,1,1,2,36,2,2,0.0,0.0,0.0,0.0,0.0,3.0,23,7,8
87579,4,7,1,2,3,3,6,5,0,0,2,36,1,3,1.0,0.0,0.0,1.0,0.0,0.0,0,4,6
175121,16,2,1,2,2,3,0,1,0,1,2,36,1,1,1.0,0.0,1.0,0.0,0.0,0.0,0,6,12
188214,16,2,1,10,8,3,0,1,1,1,1,28,2,2,0.0,0.0,0.0,0.0,0.0,4.0,23,1,12
95830,16,3,3,0,3,3,0,5,0,1,1,6,2,2,0.0,0.0,0.0,0.0,0.0,4.0,12,6,7
69540,16,2,3,15,8,3,0,1,0,1,2,17,2,2,0.0,0.0,0.0,0.0,0.0,2.0,12,6,5
188650,15,7,3,9,8,3,5,1,0,1,0,36,2,3,1.0,0.0,0.0,1.0,0.0,1.0,13,2,12
50837,16,2,3,10,2,3,0,1,1,1,2,19,2,2,0.0,0.0,0.0,0.0,0.0,2.0,10,6,4
11766,16,2,1,17,15,3,6,1,0,1,2,6,2,2,0.0,0.0,0.0,0.0,0.0,3.0,22,2,1
60862,16,2,2,17,15,3,0,1,0,1,2,12,2,4,2.0,0.0,0.0,0.0,2.0,1.0,5,3,5
176411,2,2,3,17,6,3,0,1,0,1,2,36,2,3,1.0,0.0,0.0,1.0,0.0,1.0,11,6,12
85995,16,2,3,15,8,3,0,1,0,1,2,6,2,4,2.0,0.0,0.0,0.0,2.0,2.0,18,1,6
90898,16,2,3,10,8,3,0,1,1,1,2,19,2,2,0.0,0.0,0.0,0.0,0.0,2.0,14,6,7
28183,15,2,3,0,8,3,0,1,1,1,1,18,2,2,0.0,0.0,0.0,0.0,0.0,5.0,16,5,2
604,4,10,1,7,8,3,4,1,0,1,2,15,3,2,0.0,0.0,0.0,0.0,0.0,1.0,21,3,1
63564,16,11,1,15,8,3,5,1,1,1,2,23,2,2,0.0,0.0,0.0,0.0,0.0,2.0,19,4,5
187792,16,10,2,17,8,3,4,1,0,1,2,6,2,3,1.0,0.0,0.0,1.0,0.0,1.0,19,3,12
82573,6,2,3,15,8,3,0,1,1,1,2,36,2,2,0.0,0.0,0.0,0.0,0.0,4.0,17,5,6
152522,16,2,3,0,6,3,0,5,0,1,2,6,2,1,1.0,0.0,1.0,0.0,0.0,1.0,15,3,10
166489,16,2,1,10,8,3,0,5,1,1,1,19,2,2,0.0,0.0,0.0,0.0,0.0,3.0,0,1,11
9061,16,2,3,0,6,3,0,1,0,1,2,18,2,2,0.0,0.0,0.0,0.0,0.0,5.0,16,5,1
35244,16,2,3,17,6,3,0,1,1,1,2,36,2,2,0.0,0.0,0.0,0.0,0.0,2.0,14,6,3
185886,16,7,3,15,15,3,0,1,0,1,2,24,2,3,2.0,0.0,0.0,2.0,0.0,1.0,7,7,12
16298,16,2,1,0,6,3,0,1,0,1,2,6,2,3,4.0,0.0,0.0,4.0,0.0,0.0,17,6,2
87670,4,2,3,17,6,3,0,1,1,1,1,36,2,2,0.0,0.0,0.0,0.0,0.0,4.0,18,6,6
54737,16,7,1,17,2,3,6,5,1,1,2,18,2,2,0.0,0.0,0.0,0.0,0.0,3.0,18,3,4
42033,16,2,3,17,2,3,0,1,1,1,2,6,2,2,0.0,0.0,0.0,0.0,0.0,2.0,9,4,3
2018,4,2,3,10,8,3,0,1,0,1,1,12,2,2,0.0,0.0,0.0,0.0,0.0,2.0,7,6,1
82104,15,2,3,17,10,3,0,1,1,1,2,36,2,2,0.0,0.0,0.0,0.0,0.0,4.0,15,4,6
187490,16,2,1,10,6,3,0,1,0,1,2,17,3,3,1.0,0.0,0.0,1.0,0.0,5.0,19,7,12
114217,15,2,3,0,6,3,0,1,1,1,1,18,2,2,0.0,0.0,0.0,0.0,0.0,3.0,13,5,8
158667,16,2,3,9,8,3,0,1,0,1,0,26,2,3,1.0,0.0,0.0,1.0,0.0,1.0,8,2,11
144078,15,2,1,0,8,3,0,1,0,1,2,18,2,3,2.0,0.0,0.0,1.0,1.0,1.0,19,5,10
96290,16,2,3,17,6,3,0,1,0,1,2,24,2,4,2.0,0.0,0.0,0.0,2.0,0.0,8,6,7
46790,16,2,1,10,2,3,0,5,0,1,1,30,2,4,1.0,0.0,0.0,0.0,1.0,2.0,2,5,4
19843,16,2,3,17,8,3,0,1,0,1,2,18,2,2,0.0,0.0,0.0,0.0,0.0,2.0,7,3,2
78952,15,2,1,10,6,3,6,1,1,1,2,36,2,2,0.0,0.0,0.0,0.0,0.0,2.0,23,6,6
187646,15,2,1,0,8,3,6,1,0,1,1,18,2,2,0.0,0.0,0.0,0.0,0.0,7.0,20,7,12
158943,15,2,1,17,8,3,0,5,1,1,2,18,2,2,0.0,0.0,0.0,0.0,0.0,5.0,18,7,11
96672,16,2,1,8,8,3,0,5,0,1,0,36,2,3,1.0,0.0,0.0,1.0,0.0,1.0,21,4,7
35667,4,2,1,17,8,3,0,1,0,1,2,12,2,2,0.0,0.0,0.0,0.0,0.0,2.0,0,4,3
42298,16,2,1,0,8,3,0,1,0,1,2,6,2,2,0.0,0.0,0.0,0.0,0.0,3.0,22,7,4
86164,17,2,3,17,8,3,5,5,1,1,2,36,2,2,0.0,0.0,0.0,0.0,0.0,2.0,16,5,6
39856,16,2,3,15,3,3,0,1,1,1,2,22,2,2,0.0,0.0,0.0,0.0,0.0,2.0,7,3,3
53239,15,2,3,0,11,3,0,1,1,1,2,17,2,2,0.0,0.0,0.0,0.0,0.0,2.0,14,2,4
173619,4,7,1,2,2,3,6,5,0,1,2,26,1,2,0.0,0.0,0.0,0.0,0.0,1.0,3,1,12
68092,4,2,3,4,3,3,0,1,0,1,2,12,1,3,1.0,0.0,0.0,1.0,0.0,0.0,12,6,5
13973,16,2,1,10,2,3,0,1,1,1,1,17,2,2,0.0,0.0,0.0,0.0,0.0,3.0,17,6,1
20286,16,10,0,9,8,3,4,1,0,1,2,18,2,3,1.0,0.0,0.0,1.0,0.0,1.0,16,4,2
179195,15,2,3,0,11,3,0,1,1,1,2,5,2,2,0.0,0.0,0.0,0.0,0.0,2.0,4,2,12
180338,16,2,3,17,18,3,0,1,0,1,2,18,2,4,1.0,0.0,0.0,0.0,1.0,1.0,8,1,12
148674,16,2,1,0,8,3,0,5,0,1,2,6,2,3,2.0,0.0,0.0,2.0,0.0,0.0,4,6,10
60539,16,2,3,17,3,3,0,5,1,1,2,22,2,2,0.0,0.0,0.0,0.0,0.0,2.0,13,4,5
4856,4,10,1,17,8,3,4,1,0,1,2,12,2,2,0.0,0.0,0.0,0.0,0.0,2.0,17,6,1
80476,16,2,3,0,2,3,0,1,1,1,1,36,2,2,0.0,0.0,0.0,0.0,0.0,2.0,16,1,6
57520,16,2,3,17,1,3,0,1,1,1,1,36,2,2,0.0,0.0,0.0,0.0,0.0,5.0,16,6,5
150919,16,2,3,15,2,3,0,5,0,1,2,36,4,3,2.0,0.0,0.0,2.0,0.0,2.0,10,4,10
33674,16,2,1,17,6,5,0,5,0,1,2,30,2,3,2.0,0.0,0.0,2.0,0.0,0.0,23,7,3
155436,16,2,1,0,6,3,0,1,0,1,2,6,3,2,0.0,0.0,0.0,0.0,0.0,5.0,3,1,10
141526,16,2,3,15,8,3,0,1,1,1,0,22,2,2,0.0,0.0,0.0,0.0,0.0,4.0,17,7,10
159225,4,2,1,10,2,3,0,1,1,1,1,19,2,2,0.0,0.0,0.0,0.0,0.0,2.0,17,3,11
160512,16,2,1,10,8,3,0,1,0,1,2,19,2,2,0.0,0.0,0.0,0.0,0.0,2.0,18,2,11
17434,16,2,3,10,8,3,0,1,0,1,2,19,2,4,1.0,0.0,0.0,0.0,1.0,1.0,16,4,2
91046,15,2,3,0,8,4,0,1,0,1,2,18,2,4,1.0,0.0,0.0,0.0,1.0,4.0,18,1,7
122716,16,2,0,15,8,3,0,1,1,1,1,19,2,2,0.0,0.0,0.0,0.0,0.0,2.0,20,4,9
126896,4,2,0,10,8,3,0,1,0,1,2,19,2,4,1.0,0.0,0.0,0.0,1.0,1.0,2,1,9
101699,16,2,3,14,6,3,0,1,1,1,2,36,2,2,0.0,0.0,0.0,0.0,0.0,8.0,16,5,7
16970,16,7,1,17,8,3,6,1,0,1,1,6,2,2,0.0,0.0,0.0,0.0,0.0,3.0,18,3,2
72193,15,2,3,0,6,3,5,5,1,1,2,18,2,2,0.0,0.0,0.0,0.0,0.0,3.0,10,5,6
51840,18,2,3,17,8,3,0,1,1,1,2,36,2,2,0.0,0.0,0.0,0.0,0.0,2.0,16,5,4
131821,16,7,3,10,3,3,6,1,1,0,1,39,4,2,0.0,0.0,0.0,0.0,0.0,4.0,15,4,9
33139,4,2,3,0,8,3,0,1,1,1,2,36,2,2,0.0,0.0,0.0,0.0,0.0,2.0,9,5,3