crash_date,               traffic_control_device,weather_condition,lighting_condition,first_crash_type,trafficway_type,alignment,roadway_surface_cond,road_defect,crash_type,intersection_related_i,damage,prim_contributory_cause,num_units,most_severe_injury,injuries_total,injuries_fatal,injuries_incapacitating,injuries_non_incapacitating,injuries_reported_not_evident,injuries_no_indication,crash_hour,crash_day_of_week,crash_month
125270,15,2,3,17,15,3,0,1,0,1,1,36,2,3,1.0,0.0,0.0,1.0,0.0,2.0,16,6,9
131108,16,7,1,17,3,3,6,1,1,0,1,36,2,2,0.0,0.0,0.0,0.0,0.0,7.0,20,3,9
109436,4,2,3,0,0,3,0,1,1,1,1,36,2,2,0.0,0.0,0.0,0.0,0.0,2.0,11,1,8
59521,15,2,3,10,8,3,0,1,0,1,2,19,2,2,0.0,0.0,0.0,0.0,0.0,2.0,7,2,5
106608,4,2,3,0,2,3,0,5,1,1,2,36,2,2,0.0,0.0,0.0,0.0,0.0,2.0,13,2,8
20877,16,10,3,17,6,3,4,1,1,1,1,39,2,2,0.0,0.0,0.0,0.0,0.0,2.0,8,7,2
119115,16,2,3,0,6,3,0,1,1,1,2,17,2,2,0.0,0.0,0.0,0.0,0.0,2.0,11,7,8
107410,16,2,2,17,18,3,0,1,0,1,2,18,2,3,1.0,0.0,0.0,1.0,0.0,3.0,18,6,8
19224,16,2,1,15,6,3,0,1,1,1,2,17,2,2,0.0,0.0,0.0,0.0,0.0,2.0,0,6,2
160752,4,7,1,17,8,3,6,1,1,1,2,18,2,2,0.0,0.0,0.0,0.0,0.0,2.0,18,7,11
97532,16,2,2,10,2,3,0,1,0,1,2,17,2,3,1.0,0.0,0.0,1.0,0.0,1.0,6,4,7
122337,15,2,3,17,8,4,0,1,0,1,2,18,2,3,1.0,0.0,0.0,1.0,0.0,1.0,11,3,9
19051,15,2,3,17,8,3,0,1,1,1,1,23,2,2,0.0,0.0,0.0,0.0,0.0,2.0,7,4,2
39137,16,7,1,0,6,3,6,1,0,1,2,18,2,4,1.0,0.0,0.0,0.0,1.0,2.0,6,5,3
131807,4,2,3,17,4,3,0,1,1,1,2,22,2,2,0.0,0.0,0.0,0.0,0.0,3.0,14,2,9
71026,15,2,3,17,8,3,0,1,0,1,2,18,2,4,1.0,0.0,0.0,0.0,1.0,2.0,15,3,5
183499,16,3,3,10,3,3,0,5,1,1,1,36,2,2,0.0,0.0,0.0,0.0,0.0,3.0,13,6,12
71003,4,11,5,17,8,3,5,5,1,1,2,36,2,2,0.0,0.0,0.0,0.0,0.0,4.0,11,2,5
16044,16,10,1,10,2,3,4,1,0,1,2,39,3,3,1.0,0.0,0.0,1.0,0.0,4.0,22,7,2
158654,16,2,3,15,2,3,0,1,1,1,1,36,2,2,0.0,0.0,0.0,0.0,0.0,2.0,7,2,11
28739,16,2,1,17,8,3,0,1,0,1,2,18,2,2,0.0,0.0,0.0,0.0,0.0,2.0,4,6,3
87281,16,2,3,15,8,3,0,1,1,1,2,23,2,2,0.0,0.0,0.0,0.0,0.0,3.0,11,6,6
39424,16,2,3,9,8,3,0,1,0,1,0,36,2,1,1.0,0.0,1.0,0.0,0.0,1.0,17,2,3
102177,16,2,1,17,6,3,0,1,1,1,2,36,2,2,0.0,0.0,0.0,0.0,0.0,2.0,22,5,7
118119,16,2,3,0,6,3,0,5,0,1,2,6,2,4,1.0,0.0,0.0,0.0,1.0,1.0,14,1,8
123876,15,2,3,0,8,3,0,1,0,1,2,36,2,3,1.0,0.0,0.0,1.0,0.0,1.0,10,5,9
147322,16,2,3,17,5,3,0,5,0,1,2,24,2,2,0.0,0.0,0.0,0.0,0.0,2.0,7,3,10
181682,16,11,1,10,15,3,5,5,1,1,2,36,2,2,0.0,0.0,0.0,0.0,0.0,2.0,18,7,12
169995,16,10,3,17,8,3,4,1,0,1,2,18,2,2,0.0,0.0,0.0,0.0,0.0,3.0,13,1,11
155340,16,10,3,10,10,3,6,1,1,1,1,36,2,2,0.0,0.0,0.0,0.0,0.0,2.0,10,5,10
43213,16,7,3,17,10,3,6,1,1,1,1,24,2,2,0.0,0.0,0.0,0.0,0.0,3.0,17,3,4
54198,16,7,3,0,2,3,6,1,0,1,2,18,2,3,1.0,0.0,0.0,1.0,0.0,1.0,16,2,4
11138,16,9,3,10,8,3,4,1,0,1,2,16,2,4,1.0,0.0,0.0,0.0,1.0,1.0,10,4,1
109264,16,2,3,17,8,3,0,1,1,1,2,18,2,2,0.0,0.0,0.0,0.0,0.0,2.0,13,6,8
111543,16,11,5,15,10,3,5,5,1,1,0,12,2,2,0.0,0.0,0.0,0.0,0.0,2.0,9,4,8
152318,15,2,3,0,8,3,0,1,0,1,1,18,2,2,0.0,0.0,0.0,0.0,0.0,2.0,8,6,10
46680,16,2,1,17,8,3,5,5,0,1,2,36,2,2,0.0,0.0,0.0,0.0,0.0,2.0,21,4,4
144019,16,7,3,17,3,3,6,5,1,1,2,18,2,2,0.0,0.0,0.0,0.0,0.0,2.0,14,4,10
140444,15,7,4,10,8,3,6,5,1,1,1,36,2,2,0.0,0.0,0.0,0.0,0.0,2.0,17,5,10
4782,15,3,3,10,8,3,0,5,1,1,2,26,2,2,0.0,0.0,0.0,0.0,0.0,2.0,14,4,1
100908,16,3,3,17,8,3,0,1,1,1,2,36,2,2,0.0,0.0,0.0,0.0,0.0,2.0,7,6,7
44451,16,2,3,10,6,3,0,1,0,1,2,19,2,3,1.0,0.0,0.0,1.0,0.0,3.0,18,6,4
86700,16,7,3,15,8,3,6,1,0,1,1,23,2,2,0.0,0.0,0.0,0.0,0.0,3.0,9,6,6
136424,16,3,3,10,2,3,0,1,0,1,2,19,2,4,2.0,0.0,0.0,0.0,2.0,2.0,15,7,9
59004,16,2,3,10,2,3,0,1,1,1,1,36,2,2,0.0,0.0,0.0,0.0,0.0,2.0,14,1,5
36835,4,2,3,17,8,3,0,1,0,1,2,12,3,2,0.0,0.0,0.0,0.0,0.0,2.0,9,3,3
31675,16,2,1,17,6,3,0,1,1,1,2,18,2,2,0.0,0.0,0.0,0.0,0.0,2.0,23,2,3
182786,16,11,3,15,8,3,5,5,1,1,2,23,2,2,0.0,0.0,0.0,0.0,0.0,2.0,12,7,12
45664,4,7,3,0,18,3,6,1,1,1,2,36,2,2,0.0,0.0,0.0,0.0,0.0,2.0,10,6,4
15967,15,2,0,17,8,3,0,1,1,1,2,36,2,2,0.0,0.0,0.0,0.0,0.0,2.0,19,4,2
180022,2,7,1,5,15,4,6,5,0,1,1,36,2,4,1.0,0.0,0.0,0.0,1.0,1.0,17,7,12
158921,16,2,3,17,2,3,0,1,0,1,2,36,3,3,4.0,0.0,0.0,4.0,0.0,1.0,13,7,11
178201,16,2,3,17,8,3,0,1,1,1,2,18,2,2,0.0,0.0,0.0,0.0,0.0,2.0,14,4,12
83201,15,3,3,17,3,3,0,1,0,1,2,12,2,4,1.0,0.0,0.0,0.0,1.0,1.0,15,6,6
174055,16,2,4,17,6,3,0,1,1,1,2,18,2,2,0.0,0.0,0.0,0.0,0.0,2.0,16,7,12
17191,16,2,1,17,6,3,6,1,1,1,2,18,2,2,0.0,0.0,0.0,0.0,0.0,3.0,18,7,2
24676,15,2,1,17,8,3,0,1,0,1,2,23,2,1,5.0,0.0,1.0,4.0,0.0,3.0,19,2,2
9058,15,2,1,17,18,3,5,1,0,1,2,36,2,2,0.0,0.0,0.0,0.0,0.0,3.0,16,5,1
157023,16,2,3,10,17,3,0,1,0,1,1,17,2,3,1.0,0.0,0.0,1.0,0.0,1.0,10,7,11
40647,16,2,1,17,2,3,0,1,1,1,1,24,2,2,0.0,0.0,0.0,0.0,0.0,2.0,21,4,3
120778,16,2,1,0,6,3,0,1,0,1,2,6,2,3,1.0,0.0,0.0,1.0,0.0,2.0,2,4,9
870,16,5,1,9,6,3,6,5,0,1,0,18,2,4,1.0,0.0,0.0,0.0,1.0,1.0,19,2,1
136279,16,2,1,17,6,3,0,1,0,1,2,36,2,2,0.0,0.0,0.0,0.0,0.0,2.0,23,3,9
140717,16,2,3,15,8,3,0,1,1,1,2,36,2,2,0.0,0.0,0.0,0.0,0.0,2.0,11,3,10
135708,4,2,1,10,3,3,0,5,1,1,2,36,2,2,0.0,0.0,0.0,0.0,0.0,4.0,19,3,9
140959,16,2,3,17,8,3,0,1,0,1,2,18,2,2,0.0,0.0,0.0,0.0,0.0,7.0,13,1,10
152550,15,2,3,2,10,3,0,1,1,1,2,12,1,2,0.0,0.0,0.0,0.0,0.0,1.0,8,3,10
165979,15,2,1,0,2,3,0,1,1,1,1,36,2,2,0.0,0.0,0.0,0.0,0.0,2.0,19,1,11
96042,15,2,1,10,2,3,0,1,1,1,2,19,2,2,0.0,0.0,0.0,0.0,0.0,2.0,0,1,7
76327,15,2,3,9,8,3,0,1,0,1,2,5,2,3,1.0,0.0,0.0,1.0,0.0,1.0,12,4,6
56803,16,2,3,0,15,3,0,1,0,1,2,6,3,3,2.0,0.0,0.0,1.0,1.0,4.0,18,2,5
13077,15,10,3,0,6,3,6,1,0,1,2,18,2,3,1.0,0.0,0.0,1.0,0.0,1.0,11,2,1
41008,16,7,1,10,8,3,6,1,1,1,2,39,2,2,0.0,0.0,0.0,0.0,0.0,2.0,19,4,3
136781,16,2,3,0,6,3,0,1,1,1,2,6,2,2,0.0,0.0,0.0,0.0,0.0,2.0,16,4,9
90591,16,2,3,17,6,3,0,1,0,1,2,24,2,3,2.0,0.0,0.0,2.0,0.0,1.0,17,2,7
26937,16,2,3,0,15,3,0,1,0,1,2,5,2,4,1.0,0.0,0.0,0.0,1.0,1.0,15,6,2
48142,16,7,3,10,8,3,6,1,1,1,2,19,2,2,0.0,0.0,0.0,0.0,0.0,3.0,10,7,4
48316,15,2,3,17,6,3,5,5,1,1,1,36,2,2,0.0,0.0,0.0,0.0,0.0,4.0,14,5,4
56542,15,2,3,0,8,3,0,1,0,1,2,38,3,2,0.0,0.0,0.0,0.0,0.0,3.0,17,4,5
123140,16,2,1,17,6,3,0,1,0,1,2,38,2,2,0.0,0.0,0.0,0.0,0.0,2.0,22,2,9
160660,16,2,3,8,6,3,0,1,0,1,2,36,2,3,2.0,0.0,0.0,2.0,0.0,0.0,2,5,11
144997,4,2,1,0,6,3,0,1,0,1,2,36,2,2,0.0,0.0,0.0,0.0,0.0,2.0,18,5,10
133479,16,11,5,7,8,3,5,1,0,1,2,36,3,2,0.0,0.0,0.0,0.0,0.0,1.0,10,7,9
88252,16,2,3,17,2,3,0,1,1,1,0,18,2,2,0.0,0.0,0.0,0.0,0.0,4.0,8,2,7
176554,16,2,1,0,10,3,0,1,0,1,2,18,2,2,0.0,0.0,0.0,0.0,0.0,2.0,18,7,12
78576,16,2,1,0,6,3,0,1,0,1,2,6,3,3,1.0,0.0,0.0,1.0,0.0,3.0,0,2,6
27434,15,2,3,0,15,3,0,5,1,1,2,36,2,2,0.0,0.0,0.0,0.0,0.0,2.0,10,7,2
52766,16,2,1,17,2,3,6,1,0,1,2,17,2,3,3.0,0.0,0.0,3.0,0.0,0.0,22,7,4
66079,16,2,2,0,8,3,0,1,1,1,2,18,2,2,0.0,0.0,0.0,0.0,0.0,2.0,4,1,5
144965,16,2,3,10,3,3,0,1,0,1,2,36,2,4,1.0,0.0,0.0,0.0,1.0,2.0,12,4,10
147446,15,11,0,10,8,3,5,5,1,1,2,26,2,2,0.0,0.0,0.0,0.0,0.0,2.0,18,3,10
134213,16,2,3,0,2,3,0,4,0,1,2,6,2,2,0.0,0.0,0.0,0.0,0.0,3.0,9,2,9
82627,16,2,4,17,3,3,0,1,1,1,1,18,2,2,0.0,0.0,0.0,0.0,0.0,2.0,16,3,6
33251,16,11,4,0,6,3,5,1,1,1,2,36,2,2,0.0,0.0,0.0,0.0,0.0,2.0,18,7,3
169380,16,7,3,15,14,3,6,1,0,1,2,12,2,2,0.0,0.0,0.0,0.0,0.0,2.0,8,4,11
48111,15,7,3,0,2,3,6,1,0,1,2,18,2,3,1.0,0.0,0.0,1.0,0.0,3.0,16,7,4
26320,4,2,3,8,8,3,0,1,0,1,1,18,2,3,1.0,0.0,0.0,1.0,0.0,1.0,12,2,2
73081,16,2,3,9,8,3,0,1,0,1,0,36,2,3,1.0,0.0,0.0,1.0,0.0,1.0,16,5,6
12400,16,2,1,17,11,3,0,1,1,1,1,24,2,2,0.0,0.0,0.0,0.0,0.0,2.0,3,6,1
12814,16,2,1,17,6,3,2,1,0,1,2,6,2,3,1.0,0.0,0.0,1.0,0.0,1.0,22,5,1
37900,16,2,3,10,6,3,0,1,0,1,2,19,2,2,0.0,0.0,0.0,0.0,0.0,2.0,7,3,3
186044,4,7,1,0,2,3,6,1,1,1,2,18,2,2,0.0,0.0,0.0,0.0,0.0,2.0,20,7,12
170983,15,2,3,0,6,3,0,5,0,1,1,26,2,3,2.0,0.0,0.0,2.0,0.0,1.0,10,2,11
109978,16,2,3,4,8,3,0,1,0,1,2,36,2,4,1.0,0.0,0.0,0.0,1.0,1.0,16,2,8
178886,16,10,1,10,8,3,4,5,1,1,1,26,2,2,0.0,0.0,0.0,0.0,0.0,2.0,19,3,12
131306,16,2,1,9,8,3,0,5,0,1,0,18,2,4,1.0,0.0,0.0,0.0,1.0,1.0,19,4,9
77950,16,2,3,17,8,4,0,1,0,1,2,36,2,2,0.0,0.0,0.0,0.0,0.0,2.0,11,7,6
145657,16,2,1,0,6,3,6,1,0,1,2,36,2,2,0.0,0.0,0.0,0.0,0.0,2.0,17,7,10
172220,16,2,3,9,2,3,0,5,0,0,0,6,2,1,1.0,0.0,1.0,0.0,0.0,1.0,8,6,12
107104,16,2,1,0,6,3,0,1,1,1,2,6,2,2,0.0,0.0,0.0,0.0,0.0,3.0,22,1,8
101341,16,2,3,10,2,3,0,1,1,1,1,17,2,2,0.0,0.0,0.0,0.0,0.0,2.0,18,6,7
166380,16,2,3,17,1,3,0,1,0,1,2,24,3,3,2.0,0.0,0.0,2.0,0.0,2.0,9,1,11
145479,16,2,3,17,2,3,0,1,0,1,2,36,2,3,4.0,0.0,0.0,4.0,0.0,1.0,15,5,10
130451,16,2,3,10,8,3,0,1,0,1,2,19,2,3,1.0,0.0,0.0,1.0,0.0,3.0,15,1,9
135278,16,2,3,10,10,3,0,1,0,0,2,12,2,2,0.0,0.0,0.0,0.0,0.0,2.0,16,5,9
58265,16,2,3,17,8,3,0,1,1,1,2,3,2,2,0.0,0.0,0.0,0.0,0.0,2.0,16,5,5
113910,16,11,5,0,19,3,5,5,0,1,2,6,2,4,1.0,0.0,0.0,0.0,1.0,3.0,2,7,8
135745,4,2,3,0,2,3,0,1,1,1,2,18,2,2,0.0,0.0,0.0,0.0,0.0,2.0,15,4,9
88348,4,2,1,17,2,3,0,1,0,1,2,38,2,2,0.0,0.0,0.0,0.0,0.0,2.0,21,2,7
94058,16,2,4,0,2,3,0,1,0,1,2,36,2,2,0.0,0.0,0.0,0.0,0.0,2.0,19,6,7
63024,16,11,5,15,8,3,5,1,1,1,0,23,2,2,0.0,0.0,0.0,0.0,0.0,2.0,10,1,5
109063,15,2,1,2,6,3,6,1,0,1,2,36,1,3,1.0,0.0,0.0,1.0,0.0,1.0,0,3,8
151472,16,2,4,17,6,3,0,1,0,1,2,18,2,2,0.0,0.0,0.0,0.0,0.0,4.0,18,5,10
154660,15,7,0,0,8,3,6,1,0,1,2,36,2,4,3.0,0.0,0.0,0.0,3.0,3.0,20,4,10
138776,16,3,3,17,8,3,0,1,0,1,2,24,2,2,0.0,0.0,0.0,0.0,0.0,2.0,14,3,10
23137,15,2,3,0,3,3,0,1,0,1,2,18,2,4,3.0,0.0,0.0,0.0,3.0,0.0,13,2,2
9482,4,7,3,10,2,3,6,1,1,1,1,19,2,2,0.0,0.0,0.0,0.0,0.0,2.0,10,5,1
107825,16,2,1,17,1,3,0,1,1,1,2,6,2,2,0.0,0.0,0.0,0.0,0.0,2.0,23,4,8
167068,4,2,1,17,8,3,5,5,1,1,1,18,2,2,0.0,0.0,0.0,0.0,0.0,2.0,17,3,11
152218,4,2,3,17,8,3,0,1,1,1,1,23,2,2,0.0,0.0,0.0,0.0,0.0,2.0,15,5,10
156068,16,2,3,10,3,3,0,1,0,1,2,36,2,2,0.0,0.0,0.0,0.0,0.0,4.0,15,3,11
60255,16,7,1,17,8,3,5,1,1,1,2,22,2,2,0.0,0.0,0.0,0.0,0.0,3.0,1,1,5
118813,16,2,1,10,8,3,0,1,1,1,1,19,2,2,0.0,0.0,0.0,0.0,0.0,2.0,1,7,8
55328,16,2,3,15,3,3,0,5,1,1,1,23,2,2,0.0,0.0,0.0,0.0,0.0,2.0,18,6,4
99451,15,2,3,0,8,3,0,5,0,1,1,18,2,2,0.0,0.0,0.0,0.0,0.0,2.0,14,6,7
177421,16,7,3,17,8,4,6,1,1,1,1,18,2,2,0.0,0.0,0.0,0.0,0.0,2.0,15,6,12
103543,15,2,3,0,8,3,0,1,1,1,1,3,2,2,0.0,0.0,0.0,0.0,0.0,2.0,17,4,7
40892,16,2,3,17,8,3,5,5,1,1,1,23,2,2,0.0,0.0,0.0,0.0,0.0,3.0,17,3,3
113439,15,2,3,17,6,3,0,1,0,1,2,18,2,4,2.0,0.0,0.0,0.0,2.0,0.0,7,6,8
34073,15,2,3,0,6,3,0,1,0,1,2,18,3,1,2.0,0.0,1.0,1.0,0.0,2.0,16,7,3
146670,16,2,3,17,3,3,0,1,1,1,1,24,2,2,0.0,0.0,0.0,0.0,0.0,2.0,9,7,10
187650,16,10,1,10,8,3,4,1,1,1,2,19,2,2,0.0,0.0,0.0,0.0,0.0,2.0,21,7,12
148809,16,2,1,17,1,3,0,5,1,1,0,8,2,2,0.0,0.0,0.0,0.0,0.0,2.0,21,1,10
65541,15,2,3,17,15,3,0,1,1,1,2,19,2,2,0.0,0.0,0.0,0.0,0.0,4.0,18,1,5
126536,16,2,3,10,6,3,0,1,1,1,2,19,2,2,0.0,0.0,0.0,0.0,0.0,3.0,16,4,9
128725,16,2,3,15,3,3,0,1,1,1,1,18,2,2,0.0,0.0,0.0,0.0,0.0,2.0,7,5,9
51909,15,7,2,0,6,3,6,1,0,1,2,18,2,4,1.0,0.0,0.0,0.0,1.0,1.0,5,6,4
117725,15,2,3,0,8,3,0,1,1,1,1,18,2,2,0.0,0.0,0.0,0.0,0.0,2.0,16,7,8
14265,15,2,3,0,10,3,0,1,0,1,2,5,2,3,4.0,0.0,0.0,4.0,0.0,1.0,10,3,1
142509,15,7,1,0,6,3,6,1,0,1,2,39,2,2,0.0,0.0,0.0,0.0,0.0,2.0,4,7,10
156359,16,7,1,10,2,3,6,1,1,1,2,19,2,2,0.0,0.0,0.0,0.0,0.0,2.0,18,5,11
158599,16,2,3,10,8,3,0,1,1,1,2,19,2,2,0.0,0.0,0.0,0.0,0.0,3.0,14,6,11
50571,16,2,3,17,6,3,0,1,1,1,2,24,2,2,0.0,0.0,0.0,0.0,0.0,2.0,9,3,4
158668,16,2,1,17,8,3,0,1,1,1,2,36,2,2,0.0,0.0,0.0,0.0,0.0,2.0,20,2,11
133377,16,2,3,10,2,3,0,1,1,1,1,17,2,2,0.0,0.0,0.0,0.0,0.0,2.0,14,6,9
42367,16,2,3,10,2,3,0,1,0,1,2,28,2,4,1.0,0.0,0.0,0.0,1.0,2.0,16,2,4
76132,16,7,3,9,11,3,6,1,0,1,2,36,2,3,1.0,0.0,0.0,1.0,0.0,1.0,9,7,6
84759,16,2,3,3,2,3,0,1,0,1,2,22,2,2,0.0,0.0,0.0,0.0,0.0,3.0,10,2,6
70516,4,2,3,17,15,3,0,5,1,1,2,11,2,2,0.0,0.0,0.0,0.0,0.0,3.0,14,2,5
9306,16,2,1,15,8,3,4,1,1,1,1,18,2,2,0.0,0.0,0.0,0.0,0.0,2.0,18,1,1
94923,16,7,1,17,8,3,6,1,0,1,2,18,2,2,0.0,0.0,0.0,0.0,0.0,2.0,22,6,7
10959,16,5,3,17,6,3,6,5,1,1,2,22,2,2,0.0,0.0,0.0,0.0,0.0,2.0,18,2,1
170713,16,2,3,17,8,3,6,1,1,1,2,23,2,2,0.0,0.0,0.0,0.0,0.0,2.0,14,4,11
170789,16,2,3,15,6,3,0,1,1,1,2,23,2,2,0.0,0.0,0.0,0.0,0.0,2.0,14,5,11
140879,15,7,3,0,6,3,6,5,0,1,2,36,2,3,1.0,0.0,0.0,1.0,0.0,1.0,15,6,10
90044,4,7,3,17,2,3,0,1,0,1,2,36,2,3,5.0,0.0,0.0,5.0,0.0,1.0,16,1,7
95426,15,2,1,0,6,3,0,1,1,1,2,5,2,2,0.0,0.0,0.0,0.0,0.0,2.0,21,7,7
172802,4,2,3,0,8,3,0,1,0,1,2,36,2,2,0.0,0.0,0.0,0.0,0.0,2.0,10,7,12
129919,16,2,0,17,11,3,0,1,1,1,1,12,2,2,0.0,0.0,0.0,0.0,0.0,2.0,21,7,9
181565,16,2,1,15,2,2,0,1,1,1,1,22,2,2,0.0,0.0,0.0,0.0,0.0,2.0,21,5,12
83115,17,2,3,17,1,3,0,1,0,1,2,23,2,3,1.0,0.0,0.0,1.0,0.0,1.0,10,6,6
62634,16,2,3,10,8,3,0,1,1,1,0,17,2,2,0.0,0.0,0.0,0.0,0.0,2.0,11,1,5
186769,4,3,3,17,8,3,0,1,1,1,2,24,2,2,0.0,0.0,0.0,0.0,0.0,2.0,8,2,12
173982,4,2,1,10,3,2,0,1,1,1,2,17,2,2,0.0,0.0,0.0,0.0,0.0,2.0,16,6,12
181309,16,10,1,10,2,3,4,1,1,1,1,39,3,2,0.0,0.0,0.0,0.0,0.0,3.0,20,7,12
118520,17,2,3,17,1,3,0,5,1,1,2,36,2,2,0.0,0.0,0.0,0.0,0.0,4.0,9,6,8
149879,16,2,1,0,11,3,0,1,0,1,1,36,2,2,0.0,0.0,0.0,0.0,0.0,3.0,20,2,10
76630,15,7,3,10,8,3,6,1,0,1,0,36,2,4,3.0,0.0,0.0,0.0,3.0,4.0,15,1,6
88892,16,2,3,15,10,3,0,1,1,1,2,24,2,2,0.0,0.0,0.0,0.0,0.0,2.0,6,3,7
46393,16,2,3,10,8,3,0,1,1,1,2,26,2,2,0.0,0.0,0.0,0.0,0.0,4.0,17,4,4
88624,15,2,2,0,6,3,0,1,0,1,2,17,7,3,1.0,0.0,0.0,1.0,0.0,1.0,19,7,7
5427,16,2,3,15,10,3,6,1,1,1,2,22,2,2,0.0,0.0,0.0,0.0,0.0,2.0,15,3,1
97835,15,2,3,0,2,3,0,1,0,1,2,18,2,2,0.0,0.0,0.0,0.0,0.0,2.0,11,7,7
18399,15,2,0,0,8,4,0,1,0,1,2,18,2,2,0.0,0.0,0.0,0.0,0.0,2.0,6,6,2
141599,15,2,1,10,6,3,0,1,0,1,2,19,2,3,2.0,0.0,0.0,2.0,0.0,1.0,19,2,10
57365,16,2,3,10,6,3,0,1,1,1,1,17,2,2,0.0,0.0,0.0,0.0,0.0,2.0,7,4,5
156245,15,2,3,0,8,3,0,1,1,1,1,36,2,2,0.0,0.0,0.0,0.0,0.0,2.0,8,6,11
25116,16,7,3,15,2,3,6,1,1,1,2,28,2,2,0.0,0.0,0.0,0.0,0.0,3.0,15,4,2
116218,16,2,1,15,13,3,0,1,0,1,2,15,2,2,0.0,0.0,0.0,0.0,0.0,3.0,4,6,8
101793,15,2,3,0,6,3,0,1,0,1,2,18,3,4,3.0,0.0,0.0,0.0,3.0,1.0,8,7,7
174615,15,7,1,0,6,3,6,5,0,1,2,18,2,2,0.0,0.0,0.0,0.0,0.0,4.0,15,1,12
102996,16,2,3,17,6,3,0,1,1,1,1,17,2,2,0.0,0.0,0.0,0.0,0.0,2.0,18,3,7
113680,15,2,3,8,8,3,0,1,0,1,1,36,2,3,1.0,0.0,0.0,1.0,0.0,1.0,7,2,8
15928,16,2,1,15,6,3,0,1,1,1,2,23,2,2,0.0,0.0,0.0,0.0,0.0,3.0,17,6,2
102911,15,2,1,0,8,3,0,1,0,1,2,5,2,3,2.0,0.0,0.0,2.0,0.0,2.0,23,1,7
158998,16,2,3,10,6,3,0,1,0,1,2,36,3,2,0.0,0.0,0.0,0.0,0.0,3.0,15,1,11
126351,15,2,4,10,2,3,0,1,1,1,0,19,2,2,0.0,0.0,0.0,0.0,0.0,2.0,22,7,9
173681,16,2,1,0,8,3,0,1,0,1,2,18,2,4,1.0,0.0,0.0,0.0,1.0,1.0,17,3,12
26176,4,2,3,15,8,3,0,1,1,1,0,36,2,2,0.0,0.0,0.0,0.0,0.0,2.0,16,5,2
116666,16,2,3,10,8,3,0,1,1,1,2,19,2,2,0.0,0.0,0.0,0.0,0.0,5.0,12,7,8
90988,16,2,1,10,8,3,0,1,1,1,1,36,2,2,0.0,0.0,0.0,0.0,0.0,2.0,22,7,7
103153,16,2,3,0,8,3,0,1,1,1,2,6,2,2,0.0,0.0,0.0,0.0,0.0,2.0,7,6,7
13454,15,10,3,10,8,3,4,1,1,1,0,26,2,2,0.0,0.0,0.0,0.0,0.0,2.0,9,2,1
121510,2,2,3,17,6,3,0,1,0,1,2,6,2,2,0.0,0.0,0.0,0.0,0.0,2.0,15,7,9
95335,17,5,3,2,6,3,6,1,0,1,2,36,1,2,0.0,0.0,0.0,0.0,0.0,2.0,18,6,7
150900,16,2,0,8,6,3,0,5,0,1,2,17,2,3,1.0,0.0,0.0,1.0,0.0,1.0,19,4,10
150498,4,2,3,17,2,3,0,1,0,1,1,36,2,4,1.0,0.0,0.0,0.0,1.0,1.0,10,3,10
75136,15,2,1,0,8,3,6,1,1,1,1,18,2,2,0.0,0.0,0.0,0.0,0.0,2.0,19,6,6
187927,16,7,1,0,6,3,6,1,0,1,2,18,2,2,0.0,0.0,0.0,0.0,0.0,5.0,1,6,12
36428,16,2,3,15,3,3,0,5,1,0,2,36,2,2,0.0,0.0,0.0,0.0,0.0,2.0,9,4,3
9473,15,2,3,0,6,3,6,5,0,1,2,18,2,2,0.0,0.0,0.0,0.0,0.0,3.0,9,5,1
58077,4,2,3,11,8,3,0,1,1,1,1,19,2,2,0.0,0.0,0.0,0.0,0.0,2.0,17,1,5
55228,16,7,3,17,6,3,6,1,0,1,2,18,2,2,0.0,0.0,0.0,0.0,0.0,3.0,10,4,4
69313,16,2,4,17,8,3,0,1,1,1,1,24,2,2,0.0,0.0,0.0,0.0,0.0,3.0,19,2,5
173592,16,2,3,0,8,3,0,1,1,1,2,36,2,2,0.0,0.0,0.0,0.0,0.0,2.0,11,7,12
50063,16,2,3,17,6,3,0,1,1,0,2,26,2,2,0.0,0.0,0.0,0.0,0.0,5.0,17,1,4
168868,16,10,3,2,10,3,6,1,0,1,1,12,1,2,0.0,0.0,0.0,0.0,0.0,1.0,9,3,11
126583,16,2,3,17,2,3,0,1,1,1,2,6,2,2,0.0,0.0,0.0,0.0,0.0,2.0,14,7,9
157576,4,7,3,0,8,3,6,1,1,1,2,18,2,2,0.0,0.0,0.0,0.0,0.0,2.0,11,1,11
27060,15,2,3,0,8,3,0,1,1,1,2,36,2,2,0.0,0.0,0.0,0.0,0.0,3.0,12,7,2
161571,4,2,4,11,10,3,0,1,1,0,0,12,2,2,0.0,0.0,0.0,0.0,0.0,2.0,16,4,11
164431,4,2,4,15,6,3,0,1,0,1,1,22,2,2,0.0,0.0,0.0,0.0,0.0,3.0,17,2,11
70090,16,7,3,15,6,3,6,1,1,1,1,22,2,2,0.0,0.0,0.0,0.0,0.0,2.0,15,3,5
178178,16,2,3,15,18,3,0,1,1,1,1,36,2,2,0.0,0.0,0.0,0.0,0.0,2.0,9,2,12
9465,16,7,1,0,6,3,6,1,0,1,2,36,3,3,1.0,0.0,0.0,1.0,0.0,6.0,19,5,1
112082,16,2,3,10,8,3,0,1,1,1,0,19,2,2,0.0,0.0,0.0,0.0,0.0,2.0,17,6,8