crash_date,               traffic_control_device,weather_condition,lighting_condition,first_crash_type,trafficway_type,alignment,roadway_surface_cond,road_defect,crash_type,intersection_related_i,damage,prim_contributory_cause,num_units,most_severe_injury,injuries_total,injuries_fatal,injuries_incapacitating,injuries_non_incapacitating,injuries_reported_not_evident,injuries_no_indication,crash_hour,crash_day_of_week,crash_month
162640,16,2,3,11,8,3,0,1,1,1,1,21,2,2,0.0,0.0,0.0,0.0,0.0,2.0,6,4,11
12075,4,7,3,15,8,3,6,1,1,1,2,23,3,2,0.0,0.0,0.0,0.0,0.0,4.0,14,7,1
74558,18,2,3,10,2,3,0,1,1,1,0,19,2,2,0.0,0.0,0.0,0.0,0.0,2.0,18,5,6
172197,16,2,4,17,8,3,0,1,0,1,2,24,2,1,1.0,0.0,1.0,0.0,0.0,1.0,16,6,12
118550,16,2,1,0,6,3,0,1,0,1,2,6,2,4,3.0,0.0,0.0,0.0,3.0,0.0,2,7,8
45235,17,2,3,0,8,3,0,5,1,1,1,36,2,2,0.0,0.0,0.0,0.0,0.0,2.0,13,6,4
184320,16,2,3,17,8,3,0,1,1,1,1,23,2,2,0.0,0.0,0.0,0.0,0.0,2.0,12,7,12
149349,16,2,1,2,6,3,0,1,1,1,0,24,1,2,0.0,0.0,0.0,0.0,0.0,1.0,21,2,10
161623,16,7,1,10,6,3,6,5,0,1,2,17,2,3,1.0,0.0,0.0,1.0,0.0,1.0,17,5,11
125163,16,7,3,2,2,3,6,1,1,0,2,36,1,2,0.0,0.0,0.0,0.0,0.0,2.0,7,4,9
10635,15,3,1,0,8,3,6,1,1,1,2,5,2,2,0.0,0.0,0.0,0.0,0.0,2.0,5,3,1
63801,15,2,3,10,6,3,0,1,0,1,2,26,3,4,1.0,0.0,0.0,0.0,1.0,3.0,17,7,5
168708,16,7,1,0,8,3,6,1,0,1,2,36,2,3,1.0,0.0,0.0,1.0,0.0,1.0,3,7,11
116064,16,2,3,17,6,3,0,5,1,1,1,19,2,2,0.0,0.0,0.0,0.0,0.0,2.0,13,6,8
57590,16,2,3,9,8,3,0,1,0,1,0,18,2,3,1.0,0.0,0.0,1.0,0.0,2.0,15,7,5
29637,16,2,1,0,2,3,0,1,1,1,2,6,2,2,0.0,0.0,0.0,0.0,0.0,2.0,3,1,3
65753,16,2,3,0,6,3,0,1,0,1,2,6,2,3,1.0,0.0,0.0,1.0,0.0,3.0,15,4,5
36390,15,2,3,17,8,3,0,1,1,1,2,24,2,2,0.0,0.0,0.0,0.0,0.0,5.0,12,2,3
152451,15,7,3,17,6,3,6,1,1,1,2,18,2,2,0.0,0.0,0.0,0.0,0.0,2.0,12,7,10
138543,16,2,3,0,6,3,0,1,0,1,2,26,2,2,0.0,0.0,0.0,0.0,0.0,3.0,15,1,10
6098,16,10,1,17,2,3,4,1,1,1,1,36,2,2,0.0,0.0,0.0,0.0,0.0,2.0,4,1,1
174527,16,2,3,10,8,3,0,1,1,1,2,21,2,2,0.0,0.0,0.0,0.0,0.0,2.0,12,5,12
33230,4,2,1,0,8,3,6,5,0,1,2,5,2,2,0.0,0.0,0.0,0.0,0.0,5.0,1,7,3
129163,16,2,3,17,3,3,0,1,1,1,1,24,2,2,0.0,0.0,0.0,0.0,0.0,2.0,18,4,9
111583,16,2,3,9,8,3,0,1,1,1,0,36,2,2,0.0,0.0,0.0,0.0,0.0,2.0,17,5,8
79484,16,7,3,10,8,3,6,1,0,1,2,19,3,1,1.0,0.0,1.0,0.0,0.0,2.0,17,7,6
67548,15,2,3,0,6,3,0,1,1,1,2,5,2,2,0.0,0.0,0.0,0.0,0.0,2.0,17,5,5
81107,15,2,3,0,6,3,0,1,0,1,2,18,2,2,0.0,0.0,0.0,0.0,0.0,2.0,14,5,6
85324,4,2,3,17,15,3,0,1,0,0,2,36,2,2,0.0,0.0,0.0,0.0,0.0,2.0,17,4,6
43804,16,7,3,10,2,3,6,1,1,1,2,36,2,2,0.0,0.0,0.0,0.0,0.0,2.0,10,5,4
16006,16,2,3,17,2,3,0,1,1,1,2,24,4,2,0.0,0.0,0.0,0.0,0.0,2.0,11,6,2
84467,15,7,3,0,2,3,6,1,1,1,2,18,2,2,0.0,0.0,0.0,0.0,0.0,7.0,18,5,6
150444,15,2,1,10,8,3,0,1,1,1,1,19,2,2,0.0,0.0,0.0,0.0,0.0,3.0,2,3,10
38593,4,2,1,0,3,3,0,1,0,1,2,18,2,4,1.0,0.0,0.0,0.0,1.0,4.0,20,7,3
29873,16,2,3,10,6,3,0,1,1,1,2,19,3,2,0.0,0.0,0.0,0.0,0.0,4.0,15,6,3
93994,4,2,3,17,2,3,0,1,0,1,2,18,2,4,1.0,0.0,0.0,0.0,1.0,1.0,17,5,7
28573,15,2,3,17,15,3,0,1,1,1,2,18,2,2,0.0,0.0,0.0,0.0,0.0,2.0,10,3,3
45155,16,2,3,10,6,3,0,1,1,1,0,17,2,2,0.0,0.0,0.0,0.0,0.0,5.0,9,4,4
67048,16,11,3,17,8,3,0,1,1,1,2,21,2,2,0.0,0.0,0.0,0.0,0.0,2.0,14,2,5
152633,16,2,3,15,6,3,0,1,1,1,1,36,2,2,0.0,0.0,0.0,0.0,0.0,2.0,14,5,10
59217,15,2,3,0,8,3,5,5,1,1,2,18,2,2,0.0,0.0,0.0,0.0,0.0,3.0,15,6,5
4681,16,2,3,0,2,3,0,1,0,1,2,38,2,2,0.0,0.0,0.0,0.0,0.0,2.0,16,2,1
169631,16,2,1,17,8,3,0,1,1,1,2,24,2,2,0.0,0.0,0.0,0.0,0.0,2.0,22,7,11
57813,15,2,3,10,6,3,0,1,1,1,0,19,2,2,0.0,0.0,0.0,0.0,0.0,2.0,17,5,5
40411,16,2,3,10,8,3,0,1,0,1,2,36,3,2,0.0,0.0,0.0,0.0,0.0,3.0,14,1,3
35450,17,2,0,9,8,3,0,1,1,0,2,36,2,2,0.0,0.0,0.0,0.0,0.0,2.0,22,7,3
18586,15,2,3,17,15,3,0,1,0,1,0,24,2,4,1.0,0.0,0.0,0.0,1.0,1.0,15,3,2
181894,4,2,3,10,8,3,0,1,0,1,2,17,3,4,1.0,0.0,0.0,0.0,1.0,2.0,14,2,12
176318,16,2,1,0,6,3,0,1,1,1,2,12,2,2,0.0,0.0,0.0,0.0,0.0,6.0,19,5,12
180635,16,3,3,10,8,3,6,1,1,1,2,19,2,2,0.0,0.0,0.0,0.0,0.0,2.0,14,1,12
130297,16,2,3,10,8,3,0,1,0,1,1,19,2,2,0.0,0.0,0.0,0.0,0.0,5.0,14,6,9
110581,16,2,3,17,8,3,0,1,0,1,2,36,2,2,0.0,0.0,0.0,0.0,0.0,5.0,19,5,8
122809,8,2,1,0,0,3,0,1,1,1,1,5,2,2,0.0,0.0,0.0,0.0,0.0,2.0,21,3,9
180715,16,10,0,10,8,3,6,1,1,1,2,36,2,2,0.0,0.0,0.0,0.0,0.0,4.0,15,6,12
133104,15,2,1,15,8,3,0,1,0,1,2,18,2,4,1.0,0.0,0.0,0.0,1.0,1.0,0,7,9
114349,16,7,3,10,6,3,6,1,1,1,2,17,2,2,0.0,0.0,0.0,0.0,0.0,2.0,13,7,8
116363,15,2,3,7,6,3,0,5,0,1,2,9,2,4,1.0,0.0,0.0,0.0,1.0,2.0,18,2,8
151746,15,2,1,7,8,3,0,1,0,1,2,21,2,2,0.0,0.0,0.0,0.0,0.0,1.0,21,6,10
59250,16,2,1,10,2,3,0,1,1,1,2,36,2,2,0.0,0.0,0.0,0.0,0.0,4.0,21,6,5
187334,16,10,3,10,8,3,4,5,1,1,2,36,2,2,0.0,0.0,0.0,0.0,0.0,4.0,12,3,12
85150,16,2,3,15,6,3,0,5,0,1,2,36,3,2,0.0,0.0,0.0,0.0,0.0,3.0,19,3,6
86180,15,2,3,8,6,3,0,1,0,1,0,36,2,4,1.0,0.0,0.0,0.0,1.0,1.0,7,5,6
178270,16,6,1,17,8,3,6,1,1,1,2,36,2,2,0.0,0.0,0.0,0.0,0.0,2.0,0,7,12
185299,16,2,1,14,2,3,0,1,0,1,2,36,3,2,0.0,0.0,0.0,0.0,0.0,3.0,0,1,12
65142,4,7,1,8,8,3,6,5,0,1,2,18,2,4,1.0,0.0,0.0,0.0,1.0,1.0,2,7,5
116148,15,2,3,17,8,3,0,1,1,1,2,5,2,2,0.0,0.0,0.0,0.0,0.0,2.0,8,4,8
54959,15,7,1,0,6,3,6,1,1,1,2,18,2,2,0.0,0.0,0.0,0.0,0.0,3.0,2,1,4
14380,4,2,1,2,2,3,0,1,0,1,2,36,1,2,0.0,0.0,0.0,0.0,0.0,1.0,2,7,1
62220,16,2,3,17,3,3,0,1,0,1,2,18,2,2,0.0,0.0,0.0,0.0,0.0,2.0,7,2,5
95104,4,2,3,7,12,3,0,1,1,1,2,36,2,2,0.0,0.0,0.0,0.0,0.0,2.0,13,2,7
67212,15,2,3,8,8,3,0,1,1,1,0,38,2,2,0.0,0.0,0.0,0.0,0.0,2.0,18,5,5
165781,16,2,1,15,6,3,0,1,0,1,2,20,2,3,1.0,0.0,0.0,1.0,0.0,2.0,17,7,11
107785,15,2,3,0,11,3,5,5,0,1,2,36,2,1,2.0,0.0,1.0,1.0,0.0,0.0,16,4,8
37548,15,11,3,17,8,3,5,5,1,1,2,36,2,2,0.0,0.0,0.0,0.0,0.0,3.0,9,4,3
86027,16,3,3,15,10,3,0,1,1,1,2,12,2,2,0.0,0.0,0.0,0.0,0.0,3.0,12,1,6
91348,17,2,3,10,8,3,0,5,1,1,2,26,2,2,0.0,0.0,0.0,0.0,0.0,2.0,14,1,7
102270,16,7,3,15,8,3,6,1,1,1,2,23,2,2,0.0,0.0,0.0,0.0,0.0,2.0,13,1,7
139060,15,2,3,1,10,3,0,1,1,1,0,0,1,2,0.0,0.0,0.0,0.0,0.0,1.0,11,7,10
124607,16,7,1,17,8,3,6,1,0,1,2,18,2,2,0.0,0.0,0.0,0.0,0.0,2.0,20,3,9
118006,16,2,3,0,6,3,0,1,0,1,2,6,2,3,3.0,0.0,0.0,3.0,0.0,4.0,7,6,8
129050,16,2,3,0,8,3,0,3,0,1,2,6,2,2,0.0,0.0,0.0,0.0,0.0,2.0,9,1,9
114832,16,2,3,0,6,3,0,1,1,1,2,18,2,2,0.0,0.0,0.0,0.0,0.0,3.0,13,7,8
65069,16,2,3,15,1,3,0,5,1,1,2,36,2,2,0.0,0.0,0.0,0.0,0.0,2.0,16,5,5
93651,4,2,3,17,6,3,0,1,0,1,2,24,2,4,3.0,0.0,0.0,0.0,3.0,1.0,13,1,7
181665,18,10,1,0,15,3,4,1,1,1,2,18,4,2,0.0,0.0,0.0,0.0,0.0,3.0,3,7,12
14715,15,10,0,10,8,3,4,1,1,1,0,19,2,2,0.0,0.0,0.0,0.0,0.0,2.0,18,5,1
43860,16,2,3,17,10,3,0,1,1,0,2,19,2,2,0.0,0.0,0.0,0.0,0.0,3.0,14,1,4
145091,16,2,3,10,8,3,0,1,1,1,2,19,2,2,0.0,0.0,0.0,0.0,0.0,2.0,7,6,10
55656,16,7,1,14,6,3,6,1,0,1,1,36,2,2,0.0,0.0,0.0,0.0,0.0,2.0,18,3,4
154805,4,2,1,10,8,4,0,5,0,1,1,8,2,4,2.0,0.0,0.0,0.0,2.0,1.0,19,7,10
145964,16,2,3,7,3,3,0,1,1,1,0,26,2,2,0.0,0.0,0.0,0.0,0.0,1.0,10,3,10
457,16,2,1,17,2,3,0,5,1,1,1,36,2,2,0.0,0.0,0.0,0.0,0.0,3.0,1,4,1
95395,18,3,3,17,6,3,0,5,1,1,1,18,2,2,0.0,0.0,0.0,0.0,0.0,2.0,14,7,7
27119,10,2,3,9,8,3,6,1,0,1,0,28,2,4,1.0,0.0,0.0,0.0,1.0,1.0,12,1,2
155566,4,10,3,13,6,3,6,1,1,1,2,18,2,2,0.0,0.0,0.0,0.0,0.0,2.0,18,3,10
46022,16,2,3,15,10,3,0,1,1,0,1,22,2,2,0.0,0.0,0.0,0.0,0.0,2.0,13,6,4
156779,16,2,3,0,6,3,0,5,0,1,2,36,2,1,1.0,0.0,1.0,0.0,0.0,1.0,18,5,11
135437,4,2,3,17,8,3,0,1,0,1,2,17,2,4,1.0,0.0,0.0,0.0,1.0,1.0,18,5,9
91479,16,2,3,10,2,3,0,1,1,1,0,17,3,2,0.0,0.0,0.0,0.0,0.0,3.0,15,1,7
117837,15,2,3,0,2,3,0,1,0,1,2,18,2,3,1.0,0.0,0.0,1.0,0.0,3.0,11,2,8
183716,16,2,4,9,8,3,0,1,0,1,0,36,2,3,1.0,0.0,0.0,1.0,0.0,1.0,18,6,12
144773,16,2,1,0,6,3,0,1,0,1,2,18,2,3,1.0,0.0,0.0,1.0,0.0,3.0,1,1,10
136425,16,2,3,10,6,3,0,1,0,1,2,19,2,2,0.0,0.0,0.0,0.0,0.0,6.0,15,7,9
96863,16,2,2,17,10,3,0,1,1,1,2,23,2,2,0.0,0.0,0.0,0.0,0.0,2.0,20,1,7
106813,15,2,3,0,11,3,0,1,0,1,2,18,2,2,0.0,0.0,0.0,0.0,0.0,3.0,16,3,8
71742,16,2,3,15,6,3,0,1,1,1,2,18,2,2,0.0,0.0,0.0,0.0,0.0,2.0,12,6,5
134209,16,2,3,10,10,3,0,1,0,1,2,36,2,2,0.0,0.0,0.0,0.0,0.0,2.0,8,2,9
72101,15,2,3,0,9,3,0,1,1,1,1,12,2,2,0.0,0.0,0.0,0.0,0.0,4.0,15,4,6
54431,16,2,3,17,8,3,0,1,1,1,2,24,2,2,0.0,0.0,0.0,0.0,0.0,2.0,10,5,4
49594,15,10,3,10,8,3,6,1,1,1,1,28,2,2,0.0,0.0,0.0,0.0,0.0,2.0,10,6,4
21201,16,2,3,17,8,3,0,1,1,1,2,18,2,2,0.0,0.0,0.0,0.0,0.0,2.0,17,5,2
29769,16,2,3,10,8,3,0,1,1,1,1,36,2,2,0.0,0.0,0.0,0.0,0.0,3.0,7,4,3
92576,16,2,0,10,6,3,0,1,1,1,1,17,2,2,0.0,0.0,0.0,0.0,0.0,2.0,21,4,7
95367,15,7,3,0,6,3,6,5,0,1,2,18,2,4,1.0,0.0,0.0,0.0,1.0,1.0,10,6,7
41280,17,11,5,17,6,3,5,5,1,1,2,36,2,2,0.0,0.0,0.0,0.0,0.0,2.0,6,4,3
55440,16,7,3,17,8,3,5,5,1,1,1,23,2,2,0.0,0.0,0.0,0.0,0.0,2.0,12,7,4
24417,16,2,3,10,3,3,0,1,0,1,2,36,3,3,1.0,0.0,0.0,1.0,0.0,2.0,11,3,2
100966,16,2,1,0,6,3,0,1,0,1,2,36,2,3,1.0,0.0,0.0,1.0,0.0,5.0,4,1,7
144351,4,2,1,17,8,3,0,1,0,1,2,18,2,1,2.0,0.0,1.0,0.0,1.0,2.0,20,3,10
91696,16,2,1,17,10,3,0,1,1,1,1,18,2,2,0.0,0.0,0.0,0.0,0.0,2.0,20,5,7
65451,4,11,3,15,6,3,5,5,1,1,1,12,2,2,0.0,0.0,0.0,0.0,0.0,2.0,15,6,5
177632,16,2,2,0,6,3,0,1,0,1,2,6,3,2,0.0,0.0,0.0,0.0,0.0,3.0,5,3,12
27973,16,2,3,17,8,3,0,1,1,1,1,24,2,2,0.0,0.0,0.0,0.0,0.0,2.0,12,2,2
71646,15,2,3,10,10,3,0,1,1,1,0,36,3,2,0.0,0.0,0.0,0.0,0.0,6.0,7,4,5
78548,4,2,3,2,8,3,0,5,0,1,2,36,1,2,0.0,0.0,0.0,0.0,0.0,1.0,7,2,6
31630,16,2,1,17,10,3,0,1,0,1,2,18,2,2,0.0,0.0,0.0,0.0,0.0,2.0,22,1,3
7013,16,11,1,15,2,3,5,5,1,1,2,12,2,2,0.0,0.0,0.0,0.0,0.0,3.0,19,3,1
154326,15,7,3,0,6,3,6,1,0,1,2,18,2,2,0.0,0.0,0.0,0.0,0.0,2.0,15,1,10
28290,15,7,3,0,2,3,6,1,1,1,1,18,2,2,0.0,0.0,0.0,0.0,0.0,2.0,10,4,3
135433,15,2,1,0,8,3,0,1,1,1,1,36,2,2,0.0,0.0,0.0,0.0,0.0,2.0,17,5,9
102059,16,2,3,10,8,3,0,1,1,1,0,19,2,2,0.0,0.0,0.0,0.0,0.0,2.0,12,3,7
160942,16,2,3,10,2,3,0,1,1,1,0,36,2,2,0.0,0.0,0.0,0.0,0.0,2.0,14,7,11
45450,4,2,3,17,8,3,0,1,1,1,2,38,2,2,0.0,0.0,0.0,0.0,0.0,2.0,16,2,4
113727,15,2,3,17,6,3,0,1,1,1,2,18,2,2,0.0,0.0,0.0,0.0,0.0,3.0,17,4,8
3408,16,7,3,17,2,3,6,1,1,1,1,23,2,2,0.0,0.0,0.0,0.0,0.0,2.0,8,6,1
91734,16,2,3,17,6,3,0,1,0,1,2,36,2,4,1.0,0.0,0.0,0.0,1.0,1.0,15,6,7
93483,16,2,1,15,1,3,0,1,0,1,2,12,2,2,0.0,0.0,0.0,0.0,0.0,3.0,23,4,7
78071,16,2,3,10,6,3,0,5,0,1,2,17,2,3,3.0,0.0,0.0,3.0,0.0,0.0,9,2,6
88258,16,2,1,15,8,3,0,1,1,1,1,23,2,2,0.0,0.0,0.0,0.0,0.0,2.0,21,2,7
12588,16,10,3,10,6,3,6,1,0,1,2,8,2,3,2.0,0.0,0.0,2.0,0.0,1.0,8,1,1
39099,16,2,1,9,8,3,0,1,0,1,0,18,2,1,1.0,0.0,1.0,0.0,0.0,1.0,19,4,3
184870,16,2,1,15,8,3,0,1,1,1,2,23,2,2,0.0,0.0,0.0,0.0,0.0,2.0,18,2,12
33946,15,2,3,0,8,3,5,5,1,1,2,18,2,2,0.0,0.0,0.0,0.0,0.0,2.0,16,4,3
88498,15,2,1,0,6,3,0,1,0,1,2,36,2,4,1.0,0.0,0.0,0.0,1.0,2.0,21,5,7
62202,16,2,1,17,8,3,0,1,0,1,2,6,2,3,1.0,0.0,0.0,1.0,0.0,3.0,5,2,5
97590,16,2,3,10,6,3,0,1,1,1,1,36,2,2,0.0,0.0,0.0,0.0,0.0,3.0,16,6,7
128627,16,2,3,17,8,3,0,1,1,1,2,23,2,2,0.0,0.0,0.0,0.0,0.0,2.0,16,4,9
11068,15,2,0,0,8,3,0,1,0,1,2,18,2,2,0.0,0.0,0.0,0.0,0.0,2.0,19,3,1
103084,16,3,3,10,8,3,6,1,1,0,2,36,2,2,0.0,0.0,0.0,0.0,0.0,2.0,7,5,7
151794,15,3,3,9,10,3,0,1,0,1,0,36,2,1,1.0,0.0,1.0,0.0,0.0,1.0,12,1,10
83953,15,2,3,0,6,3,0,1,0,1,2,5,2,1,4.0,0.0,1.0,3.0,0.0,0.0,18,4,6
178176,16,2,3,0,6,3,0,5,0,1,2,6,2,4,1.0,0.0,0.0,0.0,1.0,1.0,9,2,12
12099,4,2,0,17,8,3,6,5,1,1,1,23,2,2,0.0,0.0,0.0,0.0,0.0,3.0,18,7,1
73774,16,2,3,9,6,3,0,1,0,1,0,6,2,1,1.0,0.0,1.0,0.0,0.0,1.0,10,1,6
85615,16,2,1,10,15,3,0,1,0,1,2,12,2,2,0.0,0.0,0.0,0.0,0.0,3.0,11,1,6
56547,16,2,3,15,8,3,0,1,0,1,2,22,2,4,1.0,0.0,0.0,0.0,1.0,1.0,6,4,5
116045,15,2,3,10,6,3,5,5,1,1,1,36,2,2,0.0,0.0,0.0,0.0,0.0,2.0,10,4,8
58531,16,2,3,17,2,3,0,1,1,1,2,19,2,2,0.0,0.0,0.0,0.0,0.0,3.0,16,1,5
172398,16,2,3,17,3,3,0,1,0,1,2,24,2,2,0.0,0.0,0.0,0.0,0.0,2.0,14,3,12
28158,16,2,3,10,1,3,0,1,1,1,2,19,2,2,0.0,0.0,0.0,0.0,0.0,2.0,11,7,2
50758,15,2,3,0,2,3,0,5,1,1,2,36,2,2,0.0,0.0,0.0,0.0,0.0,4.0,17,5,4
145929,16,7,3,0,8,3,6,1,0,1,2,36,2,1,1.0,0.0,1.0,0.0,0.0,1.0,16,3,10
52054,16,2,3,0,6,3,0,1,1,1,1,22,2,2,0.0,0.0,0.0,0.0,0.0,2.0,11,2,4
53498,4,7,1,8,8,3,6,1,0,1,1,18,2,4,1.0,0.0,0.0,0.0,1.0,1.0,22,4,4
47269,15,2,3,0,8,3,0,1,0,1,2,5,2,4,1.0,0.0,0.0,0.0,1.0,2.0,11,6,4
12903,16,7,3,17,6,3,6,1,0,1,1,36,2,2,0.0,0.0,0.0,0.0,0.0,3.0,12,6,1
181340,15,2,0,0,8,3,0,1,1,1,2,36,2,2,0.0,0.0,0.0,0.0,0.0,2.0,19,1,12
43224,4,3,2,17,2,4,0,1,0,1,2,18,2,4,1.0,0.0,0.0,0.0,1.0,1.0,7,3,4
172565,4,11,5,17,8,3,5,5,1,1,1,36,2,2,0.0,0.0,0.0,0.0,0.0,3.0,12,5,12
44331,16,2,3,7,6,3,0,1,0,1,2,23,3,4,1.0,0.0,0.0,0.0,1.0,1.0,13,3,4
5423,15,11,5,0,6,3,5,5,1,1,2,36,2,2,0.0,0.0,0.0,0.0,0.0,2.0,12,7,1
162203,4,5,1,10,8,3,6,1,1,1,1,17,2,2,0.0,0.0,0.0,0.0,0.0,2.0,18,6,11
17843,16,2,3,17,2,3,0,1,1,1,1,36,2,2,0.0,0.0,0.0,0.0,0.0,2.0,13,4,2
6108,16,2,1,17,2,3,0,1,1,1,2,18,2,2,0.0,0.0,0.0,0.0,0.0,2.0,18,1,1
150910,17,2,3,15,6,3,0,5,1,1,1,36,2,2,0.0,0.0,0.0,0.0,0.0,2.0,9,4,10
124210,16,2,3,5,10,4,0,1,0,1,1,18,2,3,1.0,0.0,0.0,1.0,0.0,1.0,8,4,9
123788,15,2,3,0,8,3,0,1,0,1,2,18,2,3,1.0,0.0,0.0,1.0,0.0,1.0,10,6,9
168522,16,2,3,10,6,3,0,6,1,1,1,30,2,2,0.0,0.0,0.0,0.0,0.0,5.0,7,5,11
170137,4,2,3,17,8,3,0,1,1,1,1,18,2,2,0.0,0.0,0.0,0.0,0.0,2.0,14,2,11
130885,16,2,3,8,8,3,0,1,0,1,0,18,2,3,1.0,0.0,0.0,1.0,0.0,1.0,16,7,9
92196,16,2,3,0,6,3,0,1,1,1,0,6,2,2,0.0,0.0,0.0,0.0,0.0,3.0,9,6,7
45368,15,2,3,10,8,3,6,1,0,1,1,19,2,1,1.0,0.0,1.0,0.0,0.0,1.0,9,6,4
155635,16,3,0,17,8,3,0,1,1,1,2,36,2,2,0.0,0.0,0.0,0.0,0.0,3.0,6,5,10
31008,15,2,3,10,3,3,0,1,0,1,2,28,2,2,0.0,0.0,0.0,0.0,0.0,3.0,8,3,3
126883,15,2,3,17,6,3,0,1,0,1,2,18,3,1,3.0,0.0,1.0,2.0,0.0,1.0,13,1,9
98414,16,7,4,9,6,3,6,5,0,1,2,18,2,3,1.0,0.0,0.0,1.0,0.0,1.0,20,3,7
142667,16,2,3,0,6,3,0,1,0,1,1,6,2,2,0.0,0.0,0.0,0.0,0.0,2.0,15,4,10
129492,16,7,1,10,8,3,6,1,1,0,2,26,2,2,0.0,0.0,0.0,0.0,0.0,2.0,9,5,9
54125,16,10,3,0,6,3,6,1,0,1,2,6,2,2,0.0,0.0,0.0,0.0,0.0,4.0,16,7,4
178487,16,2,3,10,6,3,0,1,1,1,2,19,2,2,0.0,0.0,0.0,0.0,0.0,2.0,8,5,12
1888,4,2,3,0,6,3,0,1,0,1,2,26,2,2,0.0,0.0,0.0,0.0,0.0,4.0,13,7,1
26547,16,2,3,17,8,3,0,5,0,1,2,36,2,1,1.0,0.0,1.0,0.0,0.0,2.0,15,7,2
76589,15,2,4,0,2,3,0,1,0,1,2,18,2,2,0.0,0.0,0.0,0.0,0.0,8.0,19,7,6
130395,16,2,0,15,15,3,0,1,1,1,2,23,2,2,0.0,0.0,0.0,0.0,0.0,6.0,19,7,9
166907,15,2,1,17,8,3,0,1,0,1,2,5,2,2,0.0,0.0,0.0,0.0,0.0,2.0,1,4,11
75705,16,2,1,0,6,3,0,1,0,1,2,17,3,1,5.0,0.0,1.0,3.0,1.0,1.0,2,2,6
13696,16,2,2,17,7,3,0,1,1,1,2,24,2,2,0.0,0.0,0.0,0.0,0.0,2.0,9,7,1
72660,17,11,3,15,6,3,5,5,1,1,2,36,2,2,0.0,0.0,0.0,0.0,0.0,2.0,11,5,6
18577,16,2,3,17,6,3,5,5,1,1,2,38,2,2,0.0,0.0,0.0,0.0,0.0,3.0,13,3,2
40089,16,11,1,17,6,3,0,1,0,1,2,18,2,2,0.0,0.0,0.0,0.0,0.0,2.0,22,1,3
53373,16,2,1,0,6,3,0,1,0,1,2,6,2,4,1.0,0.0,0.0,0.0,1.0,2.0,2,5,4
106143,16,2,3,17,2,3,0,1,1,1,1,24,2,2,0.0,0.0,0.0,0.0,0.0,2.0,15,6,8
155438,16,2,1,13,8,3,0,1,0,1,2,6,2,3,2.0,0.0,0.0,2.0,0.0,1.0,3,1,10
173912,16,2,1,17,8,3,0,1,1,1,2,19,2,2,0.0,0.0,0.0,0.0,0.0,3.0,17,4,12
1748,4,2,1,2,2,4,0,1,0,1,2,9,1,3,1.0,0.0,0.0,1.0,0.0,0.0,19,3,1
96469,16,11,5,9,8,3,5,5,0,1,0,36,2,3,1.0,0.0,0.0,1.0,0.0,1.0,5,2,7
83298,16,2,3,2,6,3,0,3,1,1,0,36,1,2,0.0,0.0,0.0,0.0,0.0,1.0,7,7,6
367,4,2,3,5,6,3,6,1,0,1,1,36,1,2,0.0,0.0,0.0,0.0,0.0,2.0,3,1,1
168677,16,2,1,15,3,3,0,1,1,1,2,22,2,2,0.0,0.0,0.0,0.0,0.0,3.0,21,6,11
47162,4,2,4,10,2,3,0,5,1,0,2,19,2,2,0.0,0.0,0.0,0.0,0.0,2.0,6,5,4
104665,16,2,1,0,10,3,0,5,1,1,2,6,2,2,0.0,0.0,0.0,0.0,0.0,3.0,2,6,8
126081,16,2,1,17,8,3,0,1,0,1,2,36,2,3,4.0,0.0,0.0,4.0,0.0,1.0,19,2,9
174731,16,2,3,0,8,3,0,1,0,1,2,36,2,3,1.0,0.0,0.0,1.0,0.0,2.0,11,2,12
82132,4,2,4,17,8,3,0,1,0,1,2,24,2,3,2.0,0.0,0.0,2.0,0.0,1.0,20,4,6
128174,16,2,3,0,6,3,0,1,1,1,0,6,2,2,0.0,0.0,0.0,0.0,0.0,2.0,15,5,9
51724,16,2,3,17,8,3,0,1,1,1,0,36,2,2,0.0,0.0,0.0,0.0,0.0,3.0,11,1,4
54339,16,2,3,15,8,3,0,1,1,0,2,18,2,2,0.0,0.0,0.0,0.0,0.0,2.0,17,4,4
12529,16,2,3,17,2,3,4,1,1,1,1,24,2,2,0.0,0.0,0.0,0.0,0.0,2.0,10,7,1
50076,16,2,1,2,6,3,0,5,0,1,2,36,1,2,0.0,0.0,0.0,0.0,0.0,1.0,21,1,4
155450,4,2,0,2,8,3,0,1,1,1,2,36,1,2,0.0,0.0,0.0,0.0,0.0,1.0,18,1,10
79166,16,2,3,17,13,2,0,1,1,1,2,36,2,2,0.0,0.0,0.0,0.0,0.0,2.0,13,4,6
100813,15,3,3,0,8,3,0,1,0,1,2,38,2,3,2.0,0.0,0.0,2.0,0.0,1.0,17,5,7
108735,16,2,3,10,2,3,0,1,1,1,1,19,2,2,0.0,0.0,0.0,0.0,0.0,2.0,13,5,8
87436,16,2,3,0,8,3,0,1,0,1,1,36,2,2,0.0,0.0,0.0,0.0,0.0,2.0,11,1,6
177239,16,2,1,17,3,4,0,1,0,1,1,30,2,2,0.0,0.0,0.0,0.0,0.0,2.0,17,2,12
21555,16,2,3,17,6,3,0,1,0,1,2,18,2,3,5.0,0.0,0.0,5.0,0.0,0.0,13,4,2
56736,16,2,3,10,8,3,0,1,1,1,2,19,3,2,0.0,0.0,0.0,0.0,0.0,4.0,16,1,5