crash_date,               traffic_control_device,weather_condition,lighting_condition,first_crash_type,trafficway_type,alignment,roadway_surface_cond,road_defect,crash_type,intersection_related_i,damage,prim_contributory_cause,num_units,most_severe_injury,injuries_total,injuries_fatal,injuries_incapacitating,injuries_non_incapacitating,injuries_reported_not_evident,injuries_no_indication,crash_hour,crash_day_of_week,crash_month
123464,16,2,1,10,10,3,0,1,0,1,2,36,4,1,2.0,0.0,1.0,0.0,1.0,5.0,19,6,9
73175,4,2,3,0,8,3,0,1,0,1,2,18,2,3,3.0,0.0,0.0,1.0,2.0,2.0,19,6,6
38754,15,2,3,0,6,3,0,1,1,1,2,18,2,2,0.0,0.0,0.0,0.0,0.0,2.0,15,5,3
97295,16,2,3,8,6,3,0,5,0,1,0,36,2,3,1.0,0.0,0.0,1.0,0.0,1.0,11,6,7
76839,4,2,3,0,18,3,0,1,0,1,2,18,2,3,2.0,0.0,0.0,2.0,0.0,2.0,16,5,6
119079,16,2,3,15,6,3,0,5,1,1,2,23,2,2,0.0,0.0,0.0,0.0,0.0,2.0,18,7,8
88760,4,2,4,0,6,3,0,1,0,1,2,18,2,2,0.0,0.0,0.0,0.0,0.0,2.0,20,3,7
23278,16,6,3,2,18,3,6,1,0,1,2,12,1,3,1.0,0.0,0.0,1.0,0.0,1.0,10,5,2
65635,4,2,3,0,8,3,0,1,1,1,1,18,2,2,0.0,0.0,0.0,0.0,0.0,3.0,14,1,5
128272,16,2,3,17,6,3,0,1,0,1,2,36,2,1,3.0,0.0,3.0,0.0,0.0,2.0,18,7,9
86312,16,2,1,0,10,3,0,1,0,1,2,6,2,3,1.0,0.0,0.0,1.0,0.0,1.0,20,5,6
120684,16,2,3,10,2,3,6,5,1,0,2,19,2,2,0.0,0.0,0.0,0.0,0.0,3.0,9,1,9
53036,16,2,3,0,2,3,0,1,0,1,1,26,3,1,2.0,0.0,2.0,0.0,0.0,3.0,18,4,4
19322,16,10,3,10,8,3,4,1,0,1,2,39,3,4,2.0,0.0,0.0,0.0,2.0,2.0,13,1,2
139022,16,2,1,10,3,3,0,1,1,1,2,36,2,2,0.0,0.0,0.0,0.0,0.0,2.0,6,7,10
132982,16,7,0,3,6,3,6,5,1,1,2,36,2,2,0.0,0.0,0.0,0.0,0.0,3.0,22,1,9
131423,15,2,3,11,6,3,0,5,1,1,2,18,2,2,0.0,0.0,0.0,0.0,0.0,2.0,16,6,9
106181,15,2,3,0,8,4,0,5,1,1,2,18,2,2,0.0,0.0,0.0,0.0,0.0,5.0,18,7,8
53944,4,2,3,15,19,3,0,1,0,1,2,36,3,3,2.0,0.0,0.0,1.0,1.0,2.0,8,6,4
14099,16,3,3,0,6,3,6,1,0,1,2,18,2,3,1.0,0.0,0.0,1.0,0.0,2.0,9,1,1
48761,15,2,3,0,8,3,0,1,0,1,2,18,2,4,1.0,0.0,0.0,0.0,1.0,1.0,17,5,4
60159,16,7,3,0,6,3,6,1,0,1,2,36,3,2,0.0,0.0,0.0,0.0,0.0,3.0,6,5,5
60134,4,2,3,17,8,3,0,1,1,1,1,18,2,2,0.0,0.0,0.0,0.0,0.0,3.0,15,5,5
169457,16,2,1,0,6,3,0,1,0,1,2,6,2,2,0.0,0.0,0.0,0.0,0.0,2.0,2,6,11
149921,4,2,3,15,8,3,0,1,1,0,2,18,2,2,0.0,0.0,0.0,0.0,0.0,4.0,17,3,10
75348,4,2,3,8,8,3,0,1,0,1,0,36,2,3,1.0,0.0,0.0,1.0,0.0,1.0,13,4,6
105172,16,2,3,10,2,3,0,5,1,1,1,36,2,2,0.0,0.0,0.0,0.0,0.0,2.0,7,6,8
178470,4,2,1,17,11,3,0,1,1,1,2,23,3,2,0.0,0.0,0.0,0.0,0.0,3.0,17,5,12
88270,16,2,1,17,6,3,0,1,1,1,1,18,2,2,0.0,0.0,0.0,0.0,0.0,2.0,0,2,7
61464,16,2,1,17,2,3,0,1,1,1,2,22,2,2,0.0,0.0,0.0,0.0,0.0,2.0,22,5,5
92383,16,7,3,10,10,3,6,1,1,1,2,19,2,2,0.0,0.0,0.0,0.0,0.0,2.0,18,3,7
18763,16,2,1,10,8,3,0,1,1,1,2,19,2,2,0.0,0.0,0.0,0.0,0.0,2.0,21,3,2
119136,16,2,3,0,6,3,0,1,1,1,2,6,2,2,0.0,0.0,0.0,0.0,0.0,2.0,14,1,8
65748,16,2,3,0,8,3,0,1,1,1,1,18,2,2,0.0,0.0,0.0,0.0,0.0,2.0,13,4,5
55496,16,2,0,17,8,3,5,5,0,1,2,24,2,2,0.0,0.0,0.0,0.0,0.0,3.0,22,2,4
95326,17,11,5,8,6,3,6,1,1,1,2,36,2,2,0.0,0.0,0.0,0.0,0.0,3.0,17,6,7
55610,16,2,3,10,8,3,0,1,0,1,2,36,3,4,1.0,0.0,0.0,0.0,1.0,2.0,8,2,4
18697,15,2,3,2,10,3,0,2,1,1,2,26,1,2,0.0,0.0,0.0,0.0,0.0,1.0,16,5,2
158626,16,2,1,15,8,3,0,1,1,1,2,22,2,2,0.0,0.0,0.0,0.0,0.0,2.0,3,1,11
177299,16,2,3,17,10,3,0,1,1,1,1,24,2,2,0.0,0.0,0.0,0.0,0.0,2.0,17,3,12
22259,4,2,3,0,2,3,0,1,0,0,2,18,2,4,1.0,0.0,0.0,0.0,1.0,7.0,16,1,2
175176,15,2,3,15,6,3,0,1,1,1,2,28,2,2,0.0,0.0,0.0,0.0,0.0,4.0,15,2,12
92117,16,2,3,10,6,3,0,1,0,0,2,17,2,4,1.0,0.0,0.0,0.0,1.0,1.0,19,5,7
93595,16,2,3,10,10,3,0,1,1,1,2,19,2,2,0.0,0.0,0.0,0.0,0.0,2.0,17,6,7
32992,15,2,3,17,11,3,0,1,1,1,2,36,2,2,0.0,0.0,0.0,0.0,0.0,4.0,15,2,3
171585,4,3,3,8,8,3,0,1,1,1,1,12,2,2,0.0,0.0,0.0,0.0,0.0,2.0,8,2,11
187063,16,10,2,17,8,3,4,1,0,1,2,22,2,2,0.0,0.0,0.0,0.0,0.0,2.0,18,5,12
129871,16,2,3,0,6,3,0,1,0,1,2,36,2,2,0.0,0.0,0.0,0.0,0.0,2.0,12,6,9
120767,15,2,2,15,6,3,0,1,1,1,0,12,2,2,0.0,0.0,0.0,0.0,0.0,2.0,12,3,9
138133,16,2,3,10,8,3,0,1,1,1,2,17,2,2,0.0,0.0,0.0,0.0,0.0,2.0,9,3,10
44048,16,2,3,10,6,3,0,1,1,1,2,19,2,2,0.0,0.0,0.0,0.0,0.0,2.0,16,5,4
95901,16,2,1,0,2,3,0,1,0,1,2,6,3,3,2.0,0.0,0.0,1.0,1.0,0.0,3,1,7
157066,16,2,3,10,15,3,0,1,0,1,2,36,3,3,1.0,0.0,0.0,1.0,0.0,2.0,6,1,11
24785,15,2,2,0,17,3,0,1,0,1,2,36,2,3,2.0,0.0,0.0,2.0,0.0,1.0,7,4,2
90712,16,2,3,10,8,3,0,1,1,1,1,19,2,2,0.0,0.0,0.0,0.0,0.0,2.0,16,4,7
163895,15,2,1,17,8,3,0,1,0,1,2,5,2,2,0.0,0.0,0.0,0.0,0.0,2.0,2,2,11
68885,16,2,3,9,10,3,0,5,1,1,0,27,2,2,0.0,0.0,0.0,0.0,0.0,2.0,17,4,5
142103,16,2,3,10,8,3,0,1,1,1,2,36,2,2,0.0,0.0,0.0,0.0,0.0,2.0,13,3,10
140129,16,2,3,10,8,3,0,1,0,1,1,6,2,2,0.0,0.0,0.0,0.0,0.0,3.0,17,2,10
76611,4,7,3,15,2,3,6,1,1,1,2,39,2,2,0.0,0.0,0.0,0.0,0.0,2.0,13,1,6
84291,16,2,1,17,8,3,0,1,1,1,2,36,2,2,0.0,0.0,0.0,0.0,0.0,4.0,0,1,6
174377,15,2,3,14,2,3,0,1,1,1,2,36,2,2,0.0,0.0,0.0,0.0,0.0,2.0,9,3,12
176933,16,5,3,17,6,3,6,1,0,1,2,17,2,3,3.0,0.0,0.0,3.0,0.0,1.0,8,6,12
5514,16,2,3,17,2,3,0,1,1,1,2,24,2,2,0.0,0.0,0.0,0.0,0.0,3.0,8,6,1
175838,4,2,1,0,8,3,0,1,0,1,2,36,2,3,2.0,0.0,0.0,2.0,0.0,0.0,18,5,12
42807,16,2,1,15,8,3,0,1,1,1,2,18,2,2,0.0,0.0,0.0,0.0,0.0,2.0,23,2,4
154711,16,2,3,0,11,3,0,1,0,1,2,36,2,4,1.0,0.0,0.0,0.0,1.0,1.0,16,6,10
78841,4,2,1,8,2,3,0,1,0,1,1,28,2,3,1.0,0.0,0.0,1.0,0.0,1.0,21,5,6
138283,16,2,3,0,2,3,0,1,0,1,2,6,3,2,0.0,0.0,0.0,0.0,0.0,3.0,9,3,10
61838,15,2,3,7,8,3,0,4,1,1,2,12,2,2,0.0,0.0,0.0,0.0,0.0,1.0,12,4,5
180500,16,7,1,9,2,3,6,1,0,1,0,18,2,0,1.0,1.0,0.0,0.0,0.0,1.0,5,5,12
85936,16,11,5,0,3,3,5,5,0,1,2,18,2,3,1.0,0.0,0.0,1.0,0.0,2.0,18,7,6
136910,16,2,3,9,6,4,0,1,0,1,0,19,2,3,1.0,0.0,0.0,1.0,0.0,1.0,14,6,9
25161,16,7,3,15,8,3,6,5,1,1,2,23,2,2,0.0,0.0,0.0,0.0,0.0,2.0,10,4,2
37502,15,2,3,17,6,3,0,6,1,1,2,36,2,2,0.0,0.0,0.0,0.0,0.0,3.0,12,2,3
24714,4,2,4,17,8,3,0,1,0,1,2,36,3,2,0.0,0.0,0.0,0.0,0.0,3.0,16,3,2
30248,16,7,1,11,8,3,6,5,1,1,2,26,2,2,0.0,0.0,0.0,0.0,0.0,3.0,21,5,3
114988,16,2,3,17,8,3,0,1,1,1,2,23,2,2,0.0,0.0,0.0,0.0,0.0,4.0,18,2,8
145135,15,2,1,2,8,3,0,1,0,1,2,36,1,2,0.0,0.0,0.0,0.0,0.0,1.0,3,1,10
9399,16,2,3,9,6,3,0,1,0,1,1,26,2,3,1.0,0.0,0.0,1.0,0.0,1.0,7,4,1
145456,4,2,1,0,8,3,0,1,0,1,2,21,2,2,0.0,0.0,0.0,0.0,0.0,3.0,22,4,10
183893,16,2,1,9,6,3,0,1,0,1,0,18,2,3,1.0,0.0,0.0,1.0,0.0,1.0,13,3,12
86447,16,2,4,10,3,3,0,1,0,1,2,36,2,3,2.0,0.0,0.0,2.0,0.0,3.0,19,1,6
4082,16,2,1,10,3,3,0,5,1,1,0,36,2,2,0.0,0.0,0.0,0.0,0.0,2.0,21,5,1
4618,15,4,3,17,6,3,0,1,0,1,2,23,2,2,0.0,0.0,0.0,0.0,0.0,2.0,12,6,1
145349,16,2,3,17,2,3,0,1,1,1,2,36,2,2,0.0,0.0,0.0,0.0,0.0,2.0,14,2,10
134497,16,2,1,0,6,3,0,1,0,1,2,6,3,3,2.0,0.0,0.0,2.0,0.0,1.0,19,7,9
139272,16,2,3,17,8,3,0,1,1,1,2,18,3,2,0.0,0.0,0.0,0.0,0.0,4.0,16,5,10
26783,16,11,3,10,2,3,5,5,1,1,1,30,2,2,0.0,0.0,0.0,0.0,0.0,3.0,13,3,2
141238,4,2,3,10,8,3,0,1,1,1,1,17,2,2,0.0,0.0,0.0,0.0,0.0,2.0,7,2,10
46999,16,2,3,17,6,3,0,1,0,1,2,6,3,3,5.0,0.0,0.0,4.0,1.0,1.0,7,3,4
35010,16,2,3,17,8,3,0,1,0,1,2,18,2,4,2.0,0.0,0.0,0.0,2.0,1.0,13,1,3
86206,16,2,3,17,6,3,0,1,1,1,2,18,2,2,0.0,0.0,0.0,0.0,0.0,2.0,11,5,6
29410,4,2,3,13,8,3,0,1,1,1,2,21,2,2,0.0,0.0,0.0,0.0,0.0,2.0,12,4,3
180801,16,2,1,17,8,3,6,1,1,1,1,18,2,2,0.0,0.0,0.0,0.0,0.0,2.0,22,7,12
156703,16,2,2,10,6,3,0,1,1,1,2,19,2,2,0.0,0.0,0.0,0.0,0.0,2.0,17,4,11
135268,4,2,3,10,2,3,0,1,0,1,2,19,2,3,1.0,0.0,0.0,1.0,0.0,1.0,15,5,9
93904,15,2,3,0,8,3,0,5,0,1,2,18,2,2,0.0,0.0,0.0,0.0,0.0,4.0,15,6,7
160532,16,2,3,7,6,3,0,1,1,1,1,22,2,2,0.0,0.0,0.0,0.0,0.0,4.0,10,2,11
43069,16,2,1,17,2,3,0,1,0,1,2,36,2,2,0.0,0.0,0.0,0.0,0.0,3.0,0,1,4
65952,15,2,2,2,6,3,0,1,0,1,2,26,1,2,0.0,0.0,0.0,0.0,0.0,1.0,5,7,5
90984,16,2,3,17,2,3,0,1,0,1,2,18,2,3,3.0,0.0,0.0,3.0,0.0,5.0,10,7,7
160041,17,2,3,7,8,3,0,1,0,1,2,36,2,3,1.0,0.0,0.0,1.0,0.0,0.0,12,2,11
64827,17,2,3,0,17,3,0,5,1,1,2,36,2,2,0.0,0.0,0.0,0.0,0.0,2.0,18,3,5
16225,4,2,3,11,8,3,0,1,1,1,2,21,2,2,0.0,0.0,0.0,0.0,0.0,4.0,12,4,2
54045,15,7,3,7,8,3,6,1,1,1,2,36,2,2,0.0,0.0,0.0,0.0,0.0,4.0,18,6,4
40888,15,2,3,14,8,3,0,1,1,1,2,36,2,2,0.0,0.0,0.0,0.0,0.0,3.0,16,3,3
100215,16,2,3,17,8,3,0,1,1,1,2,19,2,2,0.0,0.0,0.0,0.0,0.0,2.0,8,2,7
70627,16,2,1,17,6,3,0,6,1,1,2,23,2,2,0.0,0.0,0.0,0.0,0.0,2.0,21,4,5
177816,16,2,1,2,1,3,0,1,1,1,2,36,1,2,0.0,0.0,0.0,0.0,0.0,1.0,19,3,12
158368,16,2,1,17,1,3,0,1,0,1,2,24,2,2,0.0,0.0,0.0,0.0,0.0,3.0,20,6,11
163954,16,10,3,9,6,3,6,1,0,1,2,18,2,3,1.0,0.0,0.0,1.0,0.0,1.0,12,2,11
15269,16,2,1,17,6,3,0,1,0,1,2,18,2,2,0.0,0.0,0.0,0.0,0.0,9.0,19,7,2
56146,16,7,2,0,6,3,6,5,0,1,2,6,2,3,2.0,0.0,0.0,2.0,0.0,2.0,6,4,5
169252,16,7,3,0,8,3,6,1,0,1,2,6,2,3,1.0,0.0,0.0,1.0,0.0,1.0,9,1,11
99044,15,2,3,17,15,3,0,1,1,1,1,18,2,2,0.0,0.0,0.0,0.0,0.0,2.0,18,6,7
97009,15,2,3,0,2,3,0,1,0,1,2,36,2,4,1.0,0.0,0.0,0.0,1.0,2.0,8,3,7
89526,16,2,1,3,2,3,0,1,0,1,2,11,2,4,1.0,0.0,0.0,0.0,1.0,2.0,0,5,7
26421,16,2,3,10,6,4,1,5,0,1,2,39,2,2,0.0,0.0,0.0,0.0,0.0,2.0,6,5,2
133449,16,2,3,10,2,3,0,1,1,1,2,30,2,2,0.0,0.0,0.0,0.0,0.0,5.0,15,7,9
1281,16,2,0,17,2,3,0,1,1,1,1,19,2,2,0.0,0.0,0.0,0.0,0.0,2.0,17,2,1
67284,16,2,3,9,3,3,0,1,0,1,0,18,2,3,1.0,0.0,0.0,1.0,0.0,1.0,15,7,5
14685,4,2,3,9,3,3,0,1,0,1,2,26,2,3,1.0,0.0,0.0,1.0,0.0,2.0,11,4,1
174965,16,2,3,10,2,3,0,1,1,1,1,19,2,2,0.0,0.0,0.0,0.0,0.0,2.0,7,4,12
125085,16,2,3,0,8,3,0,5,1,1,2,36,2,2,0.0,0.0,0.0,0.0,0.0,3.0,16,2,9
92064,4,2,3,17,8,3,0,1,0,1,2,18,2,2,0.0,0.0,0.0,0.0,0.0,2.0,7,3,7
158128,15,2,3,0,10,3,0,1,1,1,1,18,2,2,0.0,0.0,0.0,0.0,0.0,4.0,16,2,11
172246,15,2,1,0,8,3,6,1,0,1,1,24,2,2,0.0,0.0,0.0,0.0,0.0,2.0,1,7,12
41744,16,2,3,17,6,3,0,1,1,1,1,24,2,2,0.0,0.0,0.0,0.0,0.0,2.0,11,5,3
122739,15,2,3,17,6,3,0,1,1,1,2,18,2,2,0.0,0.0,0.0,0.0,0.0,3.0,11,4,9
83982,16,2,3,17,6,3,0,1,1,1,2,18,2,2,0.0,0.0,0.0,0.0,0.0,2.0,11,4,6
9742,4,10,1,2,0,3,1,1,1,1,2,36,1,2,0.0,0.0,0.0,0.0,0.0,1.0,18,2,1
107573,4,7,3,15,3,3,6,5,0,1,2,18,3,1,5.0,0.0,1.0,4.0,0.0,0.0,11,1,8
96668,15,2,3,0,2,3,0,1,0,1,2,18,4,2,0.0,0.0,0.0,0.0,0.0,2.0,8,4,7
9455,16,7,1,15,3,3,6,1,0,1,2,23,2,2,0.0,0.0,0.0,0.0,0.0,2.0,18,5,1
58107,16,2,3,0,8,3,0,1,1,1,2,6,2,2,0.0,0.0,0.0,0.0,0.0,3.0,11,1,5
182380,16,2,1,15,3,5,0,1,1,1,2,19,2,2,0.0,0.0,0.0,0.0,0.0,3.0,17,4,12
62804,16,7,3,17,8,3,6,1,1,1,2,5,2,2,0.0,0.0,0.0,0.0,0.0,2.0,8,5,5
22156,15,2,3,0,8,3,0,5,0,0,2,18,2,4,2.0,0.0,0.0,0.0,2.0,0.0,7,6,2
57555,16,2,3,17,8,3,0,5,1,1,2,18,2,2,0.0,0.0,0.0,0.0,0.0,2.0,10,6,5
21697,16,4,3,17,8,3,6,1,1,1,0,19,2,2,0.0,0.0,0.0,0.0,0.0,2.0,12,5,2
19874,4,2,3,10,15,3,5,5,1,1,0,36,2,2,0.0,0.0,0.0,0.0,0.0,3.0,14,5,2
40054,16,2,3,17,6,3,6,5,1,1,2,18,2,2,0.0,0.0,0.0,0.0,0.0,2.0,16,1,3
80833,16,2,3,17,6,3,0,5,1,1,2,36,2,2,0.0,0.0,0.0,0.0,0.0,3.0,9,7,6
24747,16,2,3,10,8,3,0,1,1,1,2,19,2,2,0.0,0.0,0.0,0.0,0.0,3.0,11,3,2
12906,16,7,3,0,6,3,6,1,1,1,2,18,2,2,0.0,0.0,0.0,0.0,0.0,3.0,12,6,1
149399,4,2,3,7,10,3,0,1,0,1,2,36,2,2,0.0,0.0,0.0,0.0,0.0,1.0,7,4,10
170410,16,2,1,17,2,3,0,1,1,1,2,22,2,2,0.0,0.0,0.0,0.0,0.0,2.0,19,7,11
3606,15,10,3,17,2,3,6,1,0,1,2,18,5,3,2.0,0.0,0.0,2.0,0.0,3.0,14,6,1
131290,15,4,1,0,11,3,0,1,0,1,2,39,2,2,0.0,0.0,0.0,0.0,0.0,2.0,5,4,9
161610,16,2,3,17,8,3,0,1,1,1,2,36,2,2,0.0,0.0,0.0,0.0,0.0,2.0,12,4,11
6554,16,2,2,0,3,3,0,1,0,1,2,6,2,1,2.0,0.0,1.0,1.0,0.0,3.0,4,1,1
156959,15,2,3,17,2,3,0,1,1,1,1,18,2,2,0.0,0.0,0.0,0.0,0.0,2.0,9,6,11
118324,16,2,3,17,3,3,0,1,1,1,2,6,2,2,0.0,0.0,0.0,0.0,0.0,3.0,14,3,8
149974,4,7,1,17,9,3,6,1,0,1,2,39,2,2,0.0,0.0,0.0,0.0,0.0,4.0,1,5,10
9544,4,2,0,7,3,3,4,1,0,1,2,39,2,2,0.0,0.0,0.0,0.0,0.0,2.0,22,6,1
68918,16,2,3,17,8,4,0,1,1,1,2,36,2,2,0.0,0.0,0.0,0.0,0.0,2.0,9,4,5
71605,16,2,3,17,18,3,0,1,0,1,2,3,2,4,2.0,0.0,0.0,0.0,2.0,1.0,14,4,5
93706,16,2,3,0,8,3,0,1,1,1,2,36,2,2,0.0,0.0,0.0,0.0,0.0,2.0,15,2,7
68599,16,2,3,10,8,3,0,1,0,1,1,19,2,2,0.0,0.0,0.0,0.0,0.0,2.0,10,7,5
127820,16,2,3,17,2,3,0,1,1,1,2,36,2,2,0.0,0.0,0.0,0.0,0.0,2.0,12,5,9
144716,4,2,3,10,2,3,0,1,1,1,2,17,2,2,0.0,0.0,0.0,0.0,0.0,2.0,13,7,10
170656,16,2,3,17,8,3,0,1,1,1,2,18,2,2,0.0,0.0,0.0,0.0,0.0,2.0,15,3,11
150311,16,7,4,10,8,3,6,1,1,1,2,39,2,2,0.0,0.0,0.0,0.0,0.0,2.0,18,6,10
155545,16,10,3,17,6,3,6,1,0,1,2,36,2,4,1.0,0.0,0.0,0.0,1.0,3.0,15,3,10
96710,15,2,3,0,10,3,0,1,0,1,2,5,3,2,0.0,0.0,0.0,0.0,0.0,2.0,18,5,7
79018,15,2,3,0,6,3,0,1,1,1,2,5,2,2,0.0,0.0,0.0,0.0,0.0,2.0,13,2,6
117350,16,2,3,10,8,3,0,1,1,1,1,19,2,2,0.0,0.0,0.0,0.0,0.0,2.0,16,2,8
186384,16,11,3,10,6,3,5,5,1,1,2,36,2,2,0.0,0.0,0.0,0.0,0.0,2.0,7,3,12
127832,16,2,3,10,8,4,0,6,1,1,2,19,2,2,0.0,0.0,0.0,0.0,0.0,2.0,14,6,9
90183,16,2,3,15,6,3,0,1,1,1,2,18,2,2,0.0,0.0,0.0,0.0,0.0,2.0,17,3,7
49360,4,2,3,7,8,3,0,1,1,1,2,36,2,2,0.0,0.0,0.0,0.0,0.0,1.0,15,3,4
63756,16,2,1,10,8,3,0,1,1,1,2,19,2,2,0.0,0.0,0.0,0.0,0.0,2.0,20,5,5
47247,16,2,3,10,3,3,0,1,0,1,2,19,2,4,1.0,0.0,0.0,0.0,1.0,3.0,8,6,4
26543,16,2,3,2,8,3,0,1,0,1,2,36,1,2,0.0,0.0,0.0,0.0,0.0,2.0,14,7,2
9954,15,2,1,0,6,3,6,1,1,1,2,18,2,2,0.0,0.0,0.0,0.0,0.0,3.0,1,7,1
153023,16,2,1,15,8,3,0,1,1,1,1,23,2,2,0.0,0.0,0.0,0.0,0.0,2.0,17,3,10
187534,17,11,5,10,17,3,5,5,0,0,2,36,3,4,1.0,0.0,0.0,0.0,1.0,2.0,15,5,12
152269,16,2,1,15,8,3,0,1,0,1,1,23,2,4,1.0,0.0,0.0,0.0,1.0,1.0,22,5,10
144353,16,2,3,17,15,3,6,1,1,1,1,24,2,2,0.0,0.0,0.0,0.0,0.0,2.0,9,3,10
7446,16,2,3,17,6,3,0,1,0,1,2,24,2,2,0.0,0.0,0.0,0.0,0.0,5.0,15,2,1
182081,15,2,3,0,6,3,0,1,1,1,1,26,2,2,0.0,0.0,0.0,0.0,0.0,2.0,7,4,12
161879,16,7,1,17,2,3,6,1,1,0,2,19,2,2,0.0,0.0,0.0,0.0,0.0,2.0,4,1,11
43986,16,3,3,17,8,3,6,1,1,1,1,18,2,2,0.0,0.0,0.0,0.0,0.0,2.0,16,3,4
85676,16,2,3,10,6,3,0,1,0,1,2,19,2,3,1.0,0.0,0.0,1.0,0.0,2.0,14,4,6
184444,16,2,3,0,10,3,0,1,0,1,2,18,2,3,2.0,0.0,0.0,2.0,0.0,0.0,13,4,12
28990,16,2,1,15,6,3,0,1,1,1,2,28,2,2,0.0,0.0,0.0,0.0,0.0,3.0,4,4,3
138101,16,2,3,8,6,3,0,1,0,1,1,18,2,3,2.0,0.0,0.0,2.0,0.0,0.0,17,3,10
174164,16,2,1,17,6,3,0,1,1,1,2,18,2,2,0.0,0.0,0.0,0.0,0.0,3.0,3,2,12
176409,16,2,1,0,8,3,0,1,0,1,2,6,2,3,5.0,0.0,0.0,5.0,0.0,3.0,23,6,12
172252,16,7,3,17,8,3,6,1,1,1,1,36,2,2,0.0,0.0,0.0,0.0,0.0,2.0,14,7,12
160488,16,2,3,10,8,3,0,1,1,1,2,19,2,2,0.0,0.0,0.0,0.0,0.0,2.0,13,2,11
91397,16,2,3,0,8,3,0,1,1,1,2,6,2,2,0.0,0.0,0.0,0.0,0.0,2.0,11,1,7
96523,15,2,3,8,3,3,0,1,0,1,1,36,2,1,1.0,0.0,1.0,0.0,0.0,1.0,15,4,7
28666,16,3,3,17,2,3,0,1,1,0,1,24,2,2,0.0,0.0,0.0,0.0,0.0,2.0,7,6,3
116081,16,2,3,15,6,3,0,1,0,0,2,17,3,4,1.0,0.0,0.0,0.0,1.0,6.0,17,6,8
18076,16,2,1,17,6,3,4,5,1,1,1,19,2,2,0.0,0.0,0.0,0.0,0.0,2.0,17,1,2
30225,15,2,3,1,8,3,0,1,1,1,2,36,1,2,0.0,0.0,0.0,0.0,0.0,1.0,16,5,3
183130,15,2,1,10,8,3,0,1,1,1,0,36,2,2,0.0,0.0,0.0,0.0,0.0,2.0,2,5,12
65785,16,2,3,0,3,3,0,1,1,1,2,18,2,2,0.0,0.0,0.0,0.0,0.0,2.0,12,4,5
63804,15,2,3,8,11,3,0,5,0,1,0,18,2,3,1.0,0.0,0.0,1.0,0.0,1.0,17,7,5
7232,16,2,3,10,2,3,0,1,1,1,1,19,2,2,0.0,0.0,0.0,0.0,0.0,2.0,9,4,1
165561,16,2,1,10,3,3,6,1,1,1,2,17,2,2,0.0,0.0,0.0,0.0,0.0,5.0,0,2,11
162564,16,2,1,17,8,3,0,5,1,1,0,24,2,2,0.0,0.0,0.0,0.0,0.0,2.0,19,3,11
112524,16,2,3,10,8,3,6,1,1,1,1,19,2,2,0.0,0.0,0.0,0.0,0.0,3.0,11,5,8
31077,16,3,3,17,10,4,0,1,1,1,1,17,2,2,0.0,0.0,0.0,0.0,0.0,2.0,13,5,3
163699,15,10,0,0,2,3,4,1,0,1,2,36,2,2,0.0,0.0,0.0,0.0,0.0,3.0,17,5,11
186802,16,2,3,0,6,3,4,1,0,1,2,36,2,3,1.0,0.0,0.0,1.0,0.0,1.0,14,3,12
52604,16,2,3,17,2,3,0,1,1,1,2,36,2,2,0.0,0.0,0.0,0.0,0.0,2.0,7,3,4
95334,4,2,1,0,8,3,6,5,1,1,2,18,2,2,0.0,0.0,0.0,0.0,0.0,2.0,18,6,7
157110,16,2,4,0,2,3,0,1,0,1,2,26,3,3,7.0,0.0,0.0,7.0,0.0,0.0,18,3,11
181344,16,2,2,0,3,3,0,1,0,1,2,6,2,1,2.0,0.0,2.0,0.0,0.0,0.0,7,1,12
3696,15,7,1,17,3,3,6,1,0,1,2,36,2,2,0.0,0.0,0.0,0.0,0.0,2.0,23,7,1
52181,16,2,3,15,8,3,0,1,1,1,1,22,2,2,0.0,0.0,0.0,0.0,0.0,2.0,13,3,4
20739,16,10,1,10,3,3,4,5,1,0,0,8,2,2,0.0,0.0,0.0,0.0,0.0,2.0,1,5,2
112565,4,2,3,17,8,3,0,1,1,1,1,22,2,2,0.0,0.0,0.0,0.0,0.0,2.0,18,6,8
30846,16,7,3,10,3,3,6,1,0,1,2,13,3,4,1.0,0.0,0.0,0.0,1.0,4.0,13,2,3
165401,16,2,1,15,8,3,0,1,1,1,1,18,2,2,0.0,0.0,0.0,0.0,0.0,2.0,20,7,11
143831,16,2,3,0,8,3,0,1,1,1,2,6,2,2,0.0,0.0,0.0,0.0,0.0,3.0,9,3,10
156667,4,2,3,10,8,3,0,1,1,0,2,36,2,2,0.0,0.0,0.0,0.0,0.0,2.0,9,3,11
87067,16,2,3,17,8,3,0,1,1,1,2,17,2,2,0.0,0.0,0.0,0.0,0.0,4.0,8,4,6
151306,15,7,3,0,6,3,6,1,1,1,1,18,2,2,0.0,0.0,0.0,0.0,0.0,6.0,12,1,10
115993,16,2,3,17,8,3,0,1,1,1,2,18,2,2,0.0,0.0,0.0,0.0,0.0,2.0,14,4,8
163357,16,2,3,10,2,3,0,1,1,1,2,19,2,2,0.0,0.0,0.0,0.0,0.0,2.0,13,2,11
111853,16,11,5,17,8,3,5,1,1,1,2,36,2,2,0.0,0.0,0.0,0.0,0.0,2.0,11,3,8
108724,4,2,3,9,3,3,0,5,0,1,2,36,2,4,1.0,0.0,0.0,0.0,1.0,1.0,16,4,8