crash_date,               traffic_control_device,weather_condition,lighting_condition,first_crash_type,trafficway_type,alignment,roadway_surface_cond,road_defect,crash_type,intersection_related_i,damage,prim_contributory_cause,num_units,most_severe_injury,injuries_total,injuries_fatal,injuries_incapacitating,injuries_non_incapacitating,injuries_reported_not_evident,injuries_no_indication,crash_hour,crash_day_of_week,crash_month
9648,16,2,3,10,2,3,0,1,1,1,2,19,4,2,0.0,0.0,0.0,0.0,0.0,7.0,12,7,1
9743,15,2,1,0,6,3,1,1,1,1,2,26,2,2,0.0,0.0,0.0,0.0,0.0,2.0,18,2,1
112880,4,2,3,17,11,3,0,1,1,1,1,9,2,2,0.0,0.0,0.0,0.0,0.0,2.0,2,5,8
169905,16,2,3,10,3,3,0,1,1,1,1,19,2,2,0.0,0.0,0.0,0.0,0.0,2.0,19,6,11
179542,16,2,3,10,3,3,0,1,0,1,2,19,2,2,0.0,0.0,0.0,0.0,0.0,2.0,8,5,12
28682,16,2,3,0,6,3,0,1,0,1,2,18,2,3,5.0,0.0,0.0,5.0,0.0,0.0,10,6,3
48337,16,2,3,0,6,3,0,1,0,1,2,6,2,2,0.0,0.0,0.0,0.0,0.0,2.0,6,5,4
105452,15,2,3,0,8,3,0,1,0,1,2,18,2,3,1.0,0.0,0.0,1.0,0.0,2.0,13,5,8
173923,15,2,3,15,2,3,0,1,0,0,2,5,3,2,0.0,0.0,0.0,0.0,0.0,3.0,6,4,12
107048,16,2,3,0,2,3,0,5,0,1,2,36,2,2,0.0,0.0,0.0,0.0,0.0,3.0,12,7,8
46824,16,2,3,10,8,3,0,1,1,1,1,19,2,2,0.0,0.0,0.0,0.0,0.0,2.0,8,5,4
97853,15,2,3,0,6,3,0,1,0,1,2,18,2,2,0.0,0.0,0.0,0.0,0.0,2.0,15,2,7
100593,16,7,3,0,5,3,6,5,0,1,2,36,2,2,0.0,0.0,0.0,0.0,0.0,2.0,10,2,7
43969,4,2,3,0,6,3,0,5,0,1,2,18,2,2,0.0,0.0,0.0,0.0,0.0,2.0,12,2,4
164784,16,7,1,17,2,3,6,1,1,1,1,24,2,2,0.0,0.0,0.0,0.0,0.0,3.0,16,6,11
117434,16,2,3,15,8,3,0,1,0,1,2,22,2,2,0.0,0.0,0.0,0.0,0.0,3.0,8,4,8
95184,15,7,3,17,6,3,6,1,1,1,1,24,2,2,0.0,0.0,0.0,0.0,0.0,2.0,16,4,7
146786,16,3,3,17,6,3,0,1,1,1,2,18,2,2,0.0,0.0,0.0,0.0,0.0,2.0,9,2,10
72242,16,7,3,17,2,3,6,1,1,1,1,18,2,2,0.0,0.0,0.0,0.0,0.0,2.0,17,7,6
161464,15,2,1,7,8,3,0,1,0,0,2,37,4,2,0.0,0.0,0.0,0.0,0.0,1.0,22,1,11
138204,16,2,3,10,8,3,5,5,1,1,2,19,2,2,0.0,0.0,0.0,0.0,0.0,3.0,17,2,10
18899,15,10,3,9,6,3,4,1,0,1,0,39,2,3,1.0,0.0,0.0,1.0,0.0,1.0,13,1,2
80437,15,2,3,10,10,3,6,1,1,1,2,26,2,2,0.0,0.0,0.0,0.0,0.0,2.0,16,7,6
96765,16,2,1,0,8,3,0,1,0,1,2,6,5,3,7.0,0.0,0.0,7.0,0.0,5.0,1,7,7
172080,15,2,3,2,8,3,0,1,1,1,0,12,1,2,0.0,0.0,0.0,0.0,0.0,1.0,12,5,11
26021,16,11,5,10,8,3,5,5,1,1,1,19,2,2,0.0,0.0,0.0,0.0,0.0,2.0,11,5,2
41760,16,2,3,17,15,3,0,5,1,1,2,24,2,2,0.0,0.0,0.0,0.0,0.0,2.0,15,7,3
71074,15,2,3,0,8,3,0,1,1,1,2,36,2,2,0.0,0.0,0.0,0.0,0.0,2.0,10,3,5
92774,4,2,3,15,17,3,0,5,1,0,2,17,2,2,0.0,0.0,0.0,0.0,0.0,2.0,17,1,7
4630,16,5,1,2,2,3,6,1,0,1,2,26,1,2,0.0,0.0,0.0,0.0,0.0,1.0,3,1,1
170078,16,2,1,17,6,3,5,5,1,1,2,18,2,2,0.0,0.0,0.0,0.0,0.0,2.0,19,3,11
148883,16,2,3,17,3,4,0,5,0,1,2,24,2,3,2.0,0.0,0.0,2.0,0.0,1.0,13,4,10
21666,16,2,0,17,8,3,0,1,1,1,1,24,2,2,0.0,0.0,0.0,0.0,0.0,2.0,19,5,2
108263,16,2,3,17,3,3,0,1,0,1,2,23,2,2,0.0,0.0,0.0,0.0,0.0,8.0,9,4,8
154560,16,2,3,8,8,3,0,1,0,1,0,36,2,3,1.0,0.0,0.0,1.0,0.0,1.0,8,3,10
104550,16,2,3,15,10,3,0,1,1,0,1,22,2,2,0.0,0.0,0.0,0.0,0.0,2.0,17,4,8
92094,16,2,3,7,10,3,0,1,1,1,1,24,2,2,0.0,0.0,0.0,0.0,0.0,2.0,14,5,7
83577,16,2,3,10,2,3,0,1,1,1,2,36,2,2,0.0,0.0,0.0,0.0,0.0,2.0,12,5,6
102448,15,2,1,0,8,3,0,1,0,1,2,18,3,3,2.0,0.0,0.0,2.0,0.0,5.0,21,1,7
131507,15,2,4,0,8,3,0,1,0,1,2,5,2,3,1.0,0.0,0.0,1.0,0.0,2.0,18,1,9
93083,15,2,3,17,2,3,0,1,1,1,2,36,2,2,0.0,0.0,0.0,0.0,0.0,2.0,16,5,7
128641,16,2,3,17,6,3,0,1,1,1,2,17,2,2,0.0,0.0,0.0,0.0,0.0,2.0,18,4,9
131032,16,2,1,17,6,3,0,1,1,1,2,36,2,2,0.0,0.0,0.0,0.0,0.0,2.0,20,2,9
40894,4,2,3,15,8,3,0,1,1,1,0,36,2,2,0.0,0.0,0.0,0.0,0.0,2.0,18,3,3
171670,4,2,3,15,8,3,0,1,1,0,2,36,2,2,0.0,0.0,0.0,0.0,0.0,2.0,13,6,11
45640,16,2,3,10,8,3,0,1,1,1,2,36,2,2,0.0,0.0,0.0,0.0,0.0,3.0,8,6,4
149058,16,2,3,10,6,3,0,1,1,1,2,19,2,2,0.0,0.0,0.0,0.0,0.0,2.0,8,6,10
30852,4,2,3,0,15,3,6,1,1,1,2,36,2,2,0.0,0.0,0.0,0.0,0.0,2.0,14,2,3
105514,15,2,3,0,6,3,0,1,1,1,2,36,2,2,0.0,0.0,0.0,0.0,0.0,5.0,11,5,8
50891,4,2,0,0,18,3,0,5,0,1,2,17,2,4,3.0,0.0,0.0,0.0,3.0,1.0,20,7,4
122073,16,2,3,17,1,3,0,1,1,0,1,24,2,2,0.0,0.0,0.0,0.0,0.0,4.0,18,1,9
182714,16,2,1,0,6,3,0,1,0,1,2,6,2,2,0.0,0.0,0.0,0.0,0.0,2.0,23,5,12
121219,16,2,3,17,8,3,0,1,0,1,2,6,2,3,2.0,0.0,0.0,1.0,1.0,0.0,8,1,9
48914,16,2,3,17,8,3,0,1,1,1,2,22,2,2,0.0,0.0,0.0,0.0,0.0,2.0,11,7,4
137582,16,2,3,17,6,3,0,1,1,1,2,18,2,2,0.0,0.0,0.0,0.0,0.0,2.0,11,2,9
97585,4,2,4,15,8,3,0,1,1,1,0,22,2,2,0.0,0.0,0.0,0.0,0.0,2.0,15,6,7
90920,16,2,3,10,8,3,0,1,1,1,2,19,2,2,0.0,0.0,0.0,0.0,0.0,2.0,18,6,7
22678,16,10,1,10,3,3,4,5,1,0,2,36,2,2,0.0,0.0,0.0,0.0,0.0,5.0,22,1,2
168618,16,2,1,17,11,3,0,1,1,1,2,36,2,2,0.0,0.0,0.0,0.0,0.0,2.0,17,3,11
111448,16,2,2,10,11,3,0,1,0,1,1,19,2,4,1.0,0.0,0.0,0.0,1.0,1.0,6,3,8
169804,15,7,1,0,6,3,6,1,0,1,2,5,2,2,0.0,0.0,0.0,0.0,0.0,2.0,18,3,11
27959,16,2,3,17,6,3,5,5,1,1,2,26,2,2,0.0,0.0,0.0,0.0,0.0,2.0,9,2,2
107547,15,2,3,0,6,3,0,1,0,1,2,18,2,3,1.0,0.0,0.0,1.0,0.0,1.0,16,1,8
93118,15,2,0,8,10,3,0,1,0,1,1,36,2,3,1.0,0.0,0.0,1.0,0.0,1.0,21,5,7
34309,16,2,3,10,2,3,0,1,0,1,2,19,2,4,5.0,0.0,0.0,0.0,5.0,1.0,17,2,3
146237,16,7,3,17,2,3,6,1,0,1,2,18,2,4,2.0,0.0,0.0,0.0,2.0,0.0,13,3,10
37202,16,2,3,0,8,3,0,1,1,1,2,6,2,2,0.0,0.0,0.0,0.0,0.0,2.0,18,3,3
57188,16,2,2,13,8,3,0,1,1,1,1,21,2,2,0.0,0.0,0.0,0.0,0.0,2.0,20,1,5
48782,17,2,1,17,17,3,0,5,1,1,2,36,2,2,0.0,0.0,0.0,0.0,0.0,2.0,21,5,4
82941,16,7,2,15,6,3,6,1,1,1,1,28,2,2,0.0,0.0,0.0,0.0,0.0,4.0,0,2,6
124634,16,2,3,0,2,3,0,1,1,1,2,36,2,2,0.0,0.0,0.0,0.0,0.0,2.0,13,4,9
66419,4,2,1,2,8,3,0,1,0,0,2,36,1,2,0.0,0.0,0.0,0.0,0.0,1.0,2,1,5
183901,16,2,3,17,8,3,0,1,0,1,2,36,2,3,1.0,0.0,0.0,1.0,0.0,3.0,15,3,12
91761,15,2,1,17,6,3,0,1,0,1,2,23,8,1,6.0,0.0,6.0,0.0,0.0,3.0,22,6,7
100671,4,2,1,15,10,3,0,1,1,0,2,36,2,2,0.0,0.0,0.0,0.0,0.0,2.0,2,5,7
78956,16,2,3,15,8,3,5,5,1,1,2,36,2,2,0.0,0.0,0.0,0.0,0.0,3.0,12,6,6
153099,16,2,1,15,8,3,0,1,1,1,2,23,2,2,0.0,0.0,0.0,0.0,0.0,2.0,19,4,10
46066,15,2,1,9,8,3,0,1,0,1,2,8,2,1,1.0,0.0,1.0,0.0,0.0,1.0,21,6,4
44167,16,2,3,10,8,3,0,1,1,1,1,19,2,2,0.0,0.0,0.0,0.0,0.0,2.0,7,5,4
4421,4,7,3,17,8,3,6,1,0,1,2,36,2,2,0.0,0.0,0.0,0.0,0.0,2.0,14,4,1
70727,4,7,4,15,2,3,6,1,1,0,1,17,2,2,0.0,0.0,0.0,0.0,0.0,3.0,19,4,5
47344,16,2,3,2,6,3,0,1,0,1,2,36,1,2,0.0,0.0,0.0,0.0,0.0,1.0,7,2,4
166230,16,2,1,17,2,3,0,1,0,1,2,18,3,1,1.0,0.0,1.0,0.0,0.0,2.0,4,6,11
179925,16,7,1,17,6,3,6,1,0,1,2,18,2,2,0.0,0.0,0.0,0.0,0.0,2.0,22,4,12
178437,16,2,3,17,8,3,0,1,1,1,1,24,2,2,0.0,0.0,0.0,0.0,0.0,2.0,10,4,12
158609,16,2,1,17,10,3,5,5,1,1,2,11,2,2,0.0,0.0,0.0,0.0,0.0,2.0,17,6,11
82740,16,2,0,17,8,3,0,1,0,1,2,18,2,2,0.0,0.0,0.0,0.0,0.0,2.0,22,5,6
34326,16,10,3,15,3,3,6,1,1,1,2,36,2,2,0.0,0.0,0.0,0.0,0.0,4.0,13,3,3
187899,17,11,3,17,15,3,5,5,1,1,2,36,2,2,0.0,0.0,0.0,0.0,0.0,2.0,8,5,12
157896,16,2,4,17,8,3,5,5,1,1,2,18,2,2,0.0,0.0,0.0,0.0,0.0,2.0,18,7,11
110458,16,2,3,17,8,3,0,1,1,0,1,36,2,2,0.0,0.0,0.0,0.0,0.0,2.0,8,2,8
164744,16,2,4,15,8,3,0,1,1,1,1,17,2,2,0.0,0.0,0.0,0.0,0.0,2.0,17,5,11
7930,16,7,3,10,8,3,6,1,1,1,2,19,3,2,0.0,0.0,0.0,0.0,0.0,4.0,18,2,1
26570,16,3,3,0,6,3,6,1,1,1,2,6,2,2,0.0,0.0,0.0,0.0,0.0,3.0,8,7,2
147829,15,11,5,0,8,3,5,5,1,1,1,36,2,2,0.0,0.0,0.0,0.0,0.0,2.0,9,3,10
24105,16,10,3,10,2,3,6,1,0,1,2,39,2,2,0.0,0.0,0.0,0.0,0.0,2.0,7,4,2
141508,16,2,3,15,8,3,0,1,1,1,2,36,2,2,0.0,0.0,0.0,0.0,0.0,2.0,14,7,10
106053,16,2,3,17,8,3,0,1,1,1,2,18,2,2,0.0,0.0,0.0,0.0,0.0,3.0,10,6,8
96794,15,2,4,7,15,3,0,1,1,1,2,31,2,2,0.0,0.0,0.0,0.0,0.0,1.0,20,7,7
72807,15,11,5,0,8,3,5,5,1,1,2,36,2,2,0.0,0.0,0.0,0.0,0.0,2.0,22,1,6
181396,12,2,1,16,8,3,0,1,0,1,2,6,2,4,1.0,0.0,0.0,0.0,1.0,1.0,18,2,12
102161,16,2,3,0,8,3,0,1,1,1,2,18,2,2,0.0,0.0,0.0,0.0,0.0,3.0,18,5,7
84461,16,7,3,10,8,3,6,1,1,1,1,36,2,2,0.0,0.0,0.0,0.0,0.0,3.0,16,5,6
128863,16,2,3,0,16,3,0,5,0,1,2,6,2,2,0.0,0.0,0.0,0.0,0.0,4.0,18,1,9
181091,15,9,1,0,6,3,6,1,0,1,2,18,2,3,1.0,0.0,0.0,1.0,0.0,2.0,17,6,12
92739,15,7,1,0,6,3,6,1,1,1,2,36,2,2,0.0,0.0,0.0,0.0,0.0,3.0,23,7,7
11631,15,7,3,0,6,3,6,5,0,1,2,18,2,4,1.0,0.0,0.0,0.0,1.0,1.0,7,6,1
170,16,2,3,10,2,3,0,1,0,1,2,19,2,2,0.0,0.0,0.0,0.0,0.0,2.0,13,4,1
45683,16,2,3,15,8,3,0,1,1,1,2,36,2,2,0.0,0.0,0.0,0.0,0.0,2.0,12,6,4
19212,16,2,3,15,3,3,0,1,1,1,2,12,2,2,0.0,0.0,0.0,0.0,0.0,2.0,11,6,2
151963,4,7,1,17,6,3,6,5,0,1,2,18,2,2,0.0,0.0,0.0,0.0,0.0,3.0,22,3,10
131659,4,2,3,0,6,3,0,1,0,1,2,18,2,2,0.0,0.0,0.0,0.0,0.0,2.0,10,3,9
44294,16,2,3,10,8,3,0,1,1,1,2,13,2,2,0.0,0.0,0.0,0.0,0.0,3.0,17,2,4
53313,16,2,3,10,8,3,0,1,0,1,2,30,3,3,1.0,0.0,0.0,1.0,0.0,3.0,16,3,4
27159,16,2,3,9,6,3,0,1,0,1,0,6,2,3,1.0,0.0,0.0,1.0,0.0,1.0,8,2,2
119353,16,2,3,17,2,3,0,1,1,1,1,4,2,2,0.0,0.0,0.0,0.0,0.0,2.0,17,5,8
112439,15,2,3,17,2,3,0,1,0,1,2,4,2,2,0.0,0.0,0.0,0.0,0.0,3.0,12,6,8
84043,16,2,1,17,6,3,0,1,1,1,2,6,2,2,0.0,0.0,0.0,0.0,0.0,2.0,23,5,6
137252,16,2,3,0,6,3,0,1,0,1,2,26,2,2,0.0,0.0,0.0,0.0,0.0,2.0,5,4,9
148490,16,2,1,15,8,3,0,1,1,1,2,18,2,2,0.0,0.0,0.0,0.0,0.0,2.0,19,5,10
50329,15,11,3,0,8,3,5,1,1,1,2,5,2,2,0.0,0.0,0.0,0.0,0.0,2.0,16,5,4
52737,16,2,3,17,8,3,0,1,1,1,2,6,2,2,0.0,0.0,0.0,0.0,0.0,2.0,16,7,4
83417,15,2,3,17,6,3,0,1,1,1,2,18,2,2,0.0,0.0,0.0,0.0,0.0,5.0,17,3,6
22404,15,7,3,17,8,3,6,1,1,1,0,24,2,2,0.0,0.0,0.0,0.0,0.0,2.0,14,5,2
93844,16,7,3,10,2,3,6,1,1,1,1,19,2,2,0.0,0.0,0.0,0.0,0.0,2.0,15,4,7
139547,16,2,3,10,2,3,0,1,1,1,2,6,3,2,0.0,0.0,0.0,0.0,0.0,3.0,16,1,10
106240,15,2,3,0,8,3,0,1,0,1,2,18,2,4,1.0,0.0,0.0,0.0,1.0,1.0,17,1,8
127181,15,2,3,17,11,3,0,1,1,1,2,18,2,2,0.0,0.0,0.0,0.0,0.0,2.0,13,4,9
50181,16,2,3,0,18,3,0,1,0,1,2,18,2,4,1.0,0.0,0.0,0.0,1.0,1.0,6,3,4
44011,4,2,1,17,6,3,0,1,1,1,2,24,2,2,0.0,0.0,0.0,0.0,0.0,2.0,20,3,4
116069,16,2,3,17,6,3,0,5,0,1,2,6,2,2,0.0,0.0,0.0,0.0,0.0,2.0,14,6,8
160146,15,2,3,0,8,3,0,1,0,1,2,5,2,4,2.0,0.0,0.0,0.0,2.0,1.0,8,4,11
152844,4,2,3,15,2,3,0,1,1,0,2,22,2,2,0.0,0.0,0.0,0.0,0.0,4.0,7,6,10
173958,4,2,3,15,6,3,0,1,1,1,2,36,2,2,0.0,0.0,0.0,0.0,0.0,2.0,12,4,12
183333,16,2,3,10,3,3,0,1,1,1,1,19,3,2,0.0,0.0,0.0,0.0,0.0,3.0,14,2,12
24994,15,2,3,0,8,3,0,1,1,1,2,18,2,2,0.0,0.0,0.0,0.0,0.0,2.0,8,7,2
102629,16,2,3,15,2,3,0,1,1,1,2,36,2,2,0.0,0.0,0.0,0.0,0.0,5.0,18,5,7
9615,16,2,1,14,8,3,0,1,1,1,1,36,2,2,0.0,0.0,0.0,0.0,0.0,4.0,17,7,1
54761,16,2,3,10,6,3,0,1,1,1,1,36,2,2,0.0,0.0,0.0,0.0,0.0,2.0,13,4,4
3837,15,2,3,17,8,3,0,1,1,1,1,24,2,2,0.0,0.0,0.0,0.0,0.0,2.0,7,4,1
155173,4,2,3,0,8,3,0,1,0,1,2,38,2,2,0.0,0.0,0.0,0.0,0.0,2.0,11,3,10
8211,15,2,1,9,8,3,0,5,0,1,0,18,3,4,2.0,0.0,0.0,0.0,2.0,1.0,18,5,1
40063,16,7,4,17,6,3,6,1,0,1,1,23,2,2,0.0,0.0,0.0,0.0,0.0,3.0,18,1,3
53329,15,6,5,0,6,3,6,5,1,1,1,36,2,2,0.0,0.0,0.0,0.0,0.0,3.0,6,3,4
127121,16,2,3,15,10,3,0,1,1,1,2,36,2,2,0.0,0.0,0.0,0.0,0.0,2.0,7,5,9
135457,16,2,3,10,8,3,0,1,1,1,2,19,2,2,0.0,0.0,0.0,0.0,0.0,2.0,8,5,9
103547,15,2,3,0,6,3,0,5,0,1,2,5,2,2,0.0,0.0,0.0,0.0,0.0,2.0,18,4,7
129493,16,2,3,10,2,3,0,5,1,1,0,19,2,2,0.0,0.0,0.0,0.0,0.0,2.0,11,5,9
136910,15,2,3,8,6,3,0,5,0,1,2,36,2,3,1.0,0.0,0.0,1.0,0.0,1.0,14,6,9
148234,16,7,1,10,3,3,6,1,1,1,2,28,2,2,0.0,0.0,0.0,0.0,0.0,2.0,23,7,10
142999,16,2,1,10,8,3,0,1,1,1,1,19,2,2,0.0,0.0,0.0,0.0,0.0,2.0,0,5,10
154481,16,3,4,10,10,3,0,1,0,1,2,26,2,4,1.0,0.0,0.0,0.0,1.0,1.0,17,2,10
78643,16,7,1,17,6,3,6,1,0,1,2,18,2,2,0.0,0.0,0.0,0.0,0.0,2.0,21,3,6
138835,16,7,3,10,2,3,6,1,0,1,2,19,3,2,0.0,0.0,0.0,0.0,0.0,3.0,11,3,10
41180,16,2,3,0,2,3,0,1,0,1,2,12,2,3,1.0,0.0,0.0,1.0,0.0,1.0,7,2,3
165332,16,2,1,0,8,3,0,6,0,1,2,6,2,2,0.0,0.0,0.0,0.0,0.0,2.0,18,6,11
94570,16,2,1,15,8,3,0,1,1,1,1,36,2,2,0.0,0.0,0.0,0.0,0.0,6.0,1,7,7
4453,16,7,1,17,8,3,6,1,0,1,0,36,2,4,2.0,0.0,0.0,0.0,2.0,6.0,19,4,1
179006,15,7,1,0,8,3,6,1,0,1,2,18,2,4,1.0,0.0,0.0,0.0,1.0,1.0,18,5,12
57717,4,7,3,7,8,3,6,1,1,1,2,36,2,2,0.0,0.0,0.0,0.0,0.0,1.0,8,3,5
138329,16,7,1,9,6,3,6,1,0,1,0,26,2,1,1.0,0.0,1.0,0.0,0.0,1.0,19,4,10
50790,16,2,3,10,8,3,0,1,0,1,0,17,2,3,1.0,0.0,0.0,1.0,0.0,2.0,15,6,4
119957,16,2,1,15,8,3,0,1,1,0,2,23,2,2,0.0,0.0,0.0,0.0,0.0,2.0,22,4,8
71530,16,2,3,10,1,0,0,1,1,1,2,8,2,2,0.0,0.0,0.0,0.0,0.0,3.0,12,2,5
38567,16,2,3,10,2,3,0,1,0,1,2,8,2,3,1.0,0.0,0.0,1.0,0.0,2.0,16,7,3
128357,15,2,1,10,8,3,0,1,0,1,2,36,2,2,0.0,0.0,0.0,0.0,0.0,3.0,2,6,9
120157,15,2,3,9,15,3,0,1,1,1,0,26,2,2,0.0,0.0,0.0,0.0,0.0,3.0,14,2,8
60967,16,2,1,17,6,3,0,1,0,1,2,36,2,3,4.0,0.0,0.0,1.0,3.0,0.0,0,4,5
65117,15,2,3,17,8,3,0,1,1,1,2,36,2,2,0.0,0.0,0.0,0.0,0.0,2.0,7,6,5
172732,15,2,0,0,8,3,0,1,1,1,1,36,2,2,0.0,0.0,0.0,0.0,0.0,2.0,16,6,12
5944,16,10,1,17,6,3,4,1,0,1,2,36,2,3,1.0,0.0,0.0,1.0,0.0,2.0,5,1,1
105007,16,2,3,10,6,3,0,1,1,1,2,13,2,2,0.0,0.0,0.0,0.0,0.0,2.0,18,6,8
140020,4,7,1,17,8,3,6,1,0,1,2,24,3,2,0.0,0.0,0.0,0.0,0.0,2.0,21,6,10
138285,16,2,1,14,8,3,0,1,0,1,2,11,2,3,1.0,0.0,0.0,1.0,0.0,1.0,21,3,10
68163,16,2,3,15,2,3,0,5,1,1,2,36,2,2,0.0,0.0,0.0,0.0,0.0,2.0,14,6,5
86725,16,2,3,10,8,3,0,1,1,0,0,19,2,2,0.0,0.0,0.0,0.0,0.0,2.0,17,4,6
139616,16,2,1,8,6,3,5,5,0,1,0,18,2,1,1.0,0.0,1.0,0.0,0.0,1.0,19,2,10
23670,16,2,3,10,2,3,0,1,1,1,2,36,2,2,0.0,0.0,0.0,0.0,0.0,2.0,16,4,2
27563,15,2,3,10,8,3,0,5,0,0,2,36,3,3,1.0,0.0,0.0,1.0,0.0,2.0,13,3,2
37325,16,2,2,14,8,3,0,1,0,1,2,11,3,3,1.0,0.0,0.0,1.0,0.0,2.0,21,6,3
101959,16,2,3,10,6,3,0,1,1,1,1,19,2,2,0.0,0.0,0.0,0.0,0.0,5.0,16,1,7
122629,4,2,3,14,12,3,0,1,1,0,2,36,2,2,0.0,0.0,0.0,0.0,0.0,2.0,17,2,9
179384,16,2,3,17,6,3,0,1,0,1,2,11,2,3,1.0,0.0,0.0,1.0,0.0,2.0,15,6,12
160446,16,2,3,15,2,3,0,1,1,1,1,36,2,2,0.0,0.0,0.0,0.0,0.0,2.0,16,7,11
83223,16,3,3,17,2,3,0,1,1,1,2,18,2,2,0.0,0.0,0.0,0.0,0.0,3.0,18,6,6
22761,4,10,4,15,8,3,4,1,1,1,0,36,2,2,0.0,0.0,0.0,0.0,0.0,2.0,16,4,2
118049,17,2,5,9,18,3,5,5,0,1,0,36,2,3,1.0,0.0,0.0,1.0,0.0,1.0,2,7,8
11761,16,10,3,11,8,3,4,1,1,1,1,21,2,2,0.0,0.0,0.0,0.0,0.0,3.0,9,2,1
61027,16,2,3,15,8,3,0,1,1,1,1,22,2,2,0.0,0.0,0.0,0.0,0.0,3.0,11,6,5
166939,16,7,2,0,6,3,6,1,0,1,1,36,3,2,0.0,0.0,0.0,0.0,0.0,3.0,6,4,11
25072,16,7,2,17,6,3,6,1,1,1,2,28,2,2,0.0,0.0,0.0,0.0,0.0,2.0,6,3,2
161190,15,2,3,0,8,3,0,1,0,1,2,5,2,2,0.0,0.0,0.0,0.0,0.0,2.0,8,5,11
174814,15,7,3,0,6,3,6,1,0,1,2,18,2,2,0.0,0.0,0.0,0.0,0.0,3.0,9,3,12
32170,16,7,3,15,2,4,6,5,0,1,2,23,3,4,1.0,0.0,0.0,0.0,1.0,1.0,12,2,3
83845,4,2,3,17,8,3,0,1,0,1,2,19,2,2,0.0,0.0,0.0,0.0,0.0,3.0,9,1,6
43824,15,2,3,0,8,3,0,1,0,1,2,18,2,3,1.0,0.0,0.0,1.0,0.0,3.0,14,7,4
183524,4,10,1,0,15,3,6,1,0,1,2,36,2,4,2.0,0.0,0.0,0.0,2.0,1.0,5,6,12
112732,16,2,3,15,10,3,0,1,0,1,2,26,3,2,0.0,0.0,0.0,0.0,0.0,3.0,19,2,8
155969,16,2,3,15,6,3,0,1,0,1,2,23,2,3,2.0,0.0,0.0,2.0,0.0,1.0,16,1,11
93071,15,2,3,0,6,3,0,5,1,1,0,18,2,2,0.0,0.0,0.0,0.0,0.0,2.0,14,5,7
69983,10,2,3,9,8,3,0,1,0,1,2,18,2,3,1.0,0.0,0.0,1.0,0.0,1.0,17,7,5
30313,16,2,3,10,8,3,0,1,1,1,1,19,2,2,0.0,0.0,0.0,0.0,0.0,2.0,12,6,3
172400,16,2,3,17,8,3,0,1,1,1,2,36,2,2,0.0,0.0,0.0,0.0,0.0,2.0,15,3,12
2262,15,2,1,15,10,3,0,1,1,1,2,26,2,2,0.0,0.0,0.0,0.0,0.0,2.0,17,5,1
113291,15,2,3,7,15,3,0,1,1,1,1,21,2,2,0.0,0.0,0.0,0.0,0.0,2.0,15,4,8
163675,16,2,3,15,8,3,6,1,1,1,2,36,2,2,0.0,0.0,0.0,0.0,0.0,3.0,14,5,11
172599,4,2,4,17,15,3,6,1,1,1,2,18,2,2,0.0,0.0,0.0,0.0,0.0,5.0,17,6,12
78002,15,2,3,2,6,3,0,1,0,1,2,17,2,3,2.0,0.0,0.0,1.0,1.0,1.0,18,1,6
72194,15,2,3,17,11,3,0,1,0,1,2,18,3,2,0.0,0.0,0.0,0.0,0.0,2.0,10,5,6
143574,4,7,3,0,10,3,6,1,0,1,2,18,2,2,0.0,0.0,0.0,0.0,0.0,2.0,17,6,10
143761,15,2,3,0,6,3,0,1,1,1,0,18,2,2,0.0,0.0,0.0,0.0,0.0,2.0,14,3,10
63150,15,2,3,0,8,3,0,1,1,1,2,18,2,2,0.0,0.0,0.0,0.0,0.0,2.0,13,3,5
47027,16,2,1,10,6,3,0,1,1,1,2,19,2,2,0.0,0.0,0.0,0.0,0.0,2.0,0,3,4
117567,16,2,1,17,6,3,0,1,1,1,2,36,2,2,0.0,0.0,0.0,0.0,0.0,2.0,20,6,8
76308,16,2,3,17,10,3,0,1,0,1,2,24,2,4,1.0,0.0,0.0,0.0,1.0,1.0,9,4,6
104319,15,2,3,0,6,3,0,1,0,1,2,18,2,3,2.0,0.0,0.0,1.0,1.0,0.0,12,1,8
170569,16,2,1,17,2,3,0,1,0,1,0,36,2,4,1.0,0.0,0.0,0.0,1.0,1.0,17,4,11
52229,16,2,3,7,2,3,0,1,1,1,2,12,3,2,0.0,0.0,0.0,0.0,0.0,1.0,10,3,4
179288,16,11,3,15,6,3,5,5,0,1,1,36,2,4,1.0,0.0,0.0,0.0,1.0,1.0,11,3,12
66536,16,2,3,17,2,3,0,1,1,1,2,12,2,2,0.0,0.0,0.0,0.0,0.0,2.0,18,1,5
7752,15,2,3,17,2,3,0,1,1,1,2,24,2,2,0.0,0.0,0.0,0.0,0.0,3.0,15,5,1
167364,16,2,1,17,6,3,0,1,1,1,2,18,2,2,0.0,0.0,0.0,0.0,0.0,2.0,23,1,11
107021,15,2,3,17,8,3,0,1,0,1,2,36,2,2,0.0,0.0,0.0,0.0,0.0,2.0,19,7,8
142902,16,2,0,0,3,3,6,1,0,1,2,18,3,3,4.0,0.0,0.0,2.0,2.0,3.0,19,4,10
45120,16,2,3,17,2,3,0,1,1,1,2,36,2,2,0.0,0.0,0.0,0.0,0.0,2.0,14,4,4
65861,16,2,3,17,8,3,0,1,0,1,2,18,2,2,0.0,0.0,0.0,0.0,0.0,4.0,15,6,5