crash_date,               traffic_control_device,weather_condition,lighting_condition,first_crash_type,trafficway_type,alignment,roadway_surface_cond,road_defect,crash_type,intersection_related_i,damage,prim_contributory_cause,num_units,most_severe_injury,injuries_total,injuries_fatal,injuries_incapacitating,injuries_non_incapacitating,injuries_reported_not_evident,injuries_no_indication,crash_hour,crash_day_of_week,crash_month
58196,16,2,3,17,6,3,0,1,1,1,2,36,2,2,0.0,0.0,0.0,0.0,0.0,2.0,17,4,5
31273,16,10,3,9,2,3,6,1,0,1,2,36,2,4,1.0,0.0,0.0,0.0,1.0,2.0,9,2,3
4496,4,2,0,10,2,3,0,1,0,1,1,36,2,1,2.0,0.0,1.0,0.0,1.0,1.0,16,5,1
153164,4,2,1,2,8,3,0,1,0,1,2,23,1,3,1.0,0.0,0.0,1.0,0.0,0.0,17,5,10
161786,16,2,3,15,8,3,5,5,1,1,0,22,2,2,0.0,0.0,0.0,0.0,0.0,2.0,16,2,11
182058,4,2,3,10,13,3,0,5,1,1,2,19,2,2,0.0,0.0,0.0,0.0,0.0,2.0,16,4,12
152525,16,2,4,15,6,3,0,1,1,1,1,22,2,2,0.0,0.0,0.0,0.0,0.0,2.0,15,3,10
4718,16,2,3,10,8,3,0,1,1,1,1,36,2,2,0.0,0.0,0.0,0.0,0.0,3.0,11,2,1
68384,16,2,1,17,3,3,0,1,1,1,1,24,2,2,0.0,0.0,0.0,0.0,0.0,2.0,21,3,5
89703,16,2,0,10,10,3,0,1,1,1,1,36,2,2,0.0,0.0,0.0,0.0,0.0,8.0,21,2,7
53030,16,2,3,17,2,3,0,5,0,1,2,18,2,1,1.0,0.0,1.0,0.0,0.0,1.0,17,4,4
55234,16,7,3,0,8,3,6,1,0,1,2,39,3,2,0.0,0.0,0.0,0.0,0.0,3.0,11,4,4
115257,15,2,1,0,3,3,0,1,1,1,1,36,2,2,0.0,0.0,0.0,0.0,0.0,2.0,21,5,8
50842,16,2,3,15,2,3,0,1,1,1,2,23,3,2,0.0,0.0,0.0,0.0,0.0,2.0,11,6,4
105492,16,2,3,17,8,3,0,1,0,1,1,24,2,2,0.0,0.0,0.0,0.0,0.0,3.0,19,5,8
6543,16,2,3,10,8,3,0,1,0,1,2,19,2,2,0.0,0.0,0.0,0.0,0.0,3.0,14,1,1
156171,16,2,3,7,10,3,1,1,1,1,2,36,2,2,0.0,0.0,0.0,0.0,0.0,2.0,7,4,11
186969,15,7,1,17,8,3,6,1,0,1,2,5,2,2,0.0,0.0,0.0,0.0,0.0,2.0,20,6,12
158512,15,7,3,0,8,3,6,1,0,1,2,18,2,2,0.0,0.0,0.0,0.0,0.0,3.0,13,3,11
148348,16,2,3,9,8,3,0,1,0,1,0,18,2,3,1.0,0.0,0.0,1.0,0.0,1.0,7,3,10
6919,16,2,3,10,8,3,1,1,1,1,2,33,2,2,0.0,0.0,0.0,0.0,0.0,2.0,14,1,1
22561,16,2,3,10,2,3,0,1,1,1,2,19,2,2,0.0,0.0,0.0,0.0,0.0,2.0,15,6,2
36025,16,2,1,17,8,3,0,1,0,1,2,36,2,2,0.0,0.0,0.0,0.0,0.0,2.0,5,4,3
65497,16,3,3,17,6,3,6,1,1,1,2,17,2,2,0.0,0.0,0.0,0.0,0.0,5.0,9,6,5
150909,16,2,1,15,2,3,0,1,1,1,2,23,2,2,0.0,0.0,0.0,0.0,0.0,2.0,21,4,10
95748,16,2,1,2,10,3,0,5,0,1,2,6,1,1,1.0,0.0,1.0,0.0,0.0,0.0,23,5,7
13258,16,10,1,2,15,3,4,1,0,1,2,36,1,3,1.0,0.0,0.0,1.0,0.0,0.0,22,6,1
87719,4,2,3,17,6,3,0,1,0,1,2,24,2,3,4.0,0.0,0.0,3.0,1.0,2.0,1,1,6
102458,15,2,3,2,8,3,0,1,0,1,2,24,1,2,0.0,0.0,0.0,0.0,0.0,1.0,11,1,7
167069,16,2,4,17,8,3,0,1,0,1,2,24,2,2,0.0,0.0,0.0,0.0,0.0,2.0,17,3,11
127431,15,2,3,0,8,3,0,1,0,1,2,18,2,4,2.0,0.0,0.0,0.0,2.0,1.0,13,1,9
16584,17,2,3,15,8,3,0,5,1,1,2,36,3,2,0.0,0.0,0.0,0.0,0.0,2.0,10,3,2
112936,16,2,3,17,8,3,0,5,1,1,1,12,2,2,0.0,0.0,0.0,0.0,0.0,2.0,12,5,8
121907,4,11,3,17,15,3,5,5,1,1,2,36,2,2,0.0,0.0,0.0,0.0,0.0,2.0,13,6,9
166602,4,2,3,9,3,3,0,1,0,1,2,26,2,3,1.0,0.0,0.0,1.0,0.0,1.0,13,4,11
154222,15,7,3,0,6,3,6,1,0,1,2,18,2,2,0.0,0.0,0.0,0.0,0.0,3.0,11,6,10
40257,4,2,3,7,10,3,0,5,1,1,2,12,2,2,0.0,0.0,0.0,0.0,0.0,1.0,7,4,3
87855,16,7,3,10,8,3,6,1,0,1,2,17,2,2,0.0,0.0,0.0,0.0,0.0,2.0,17,1,7
15734,16,2,3,9,6,3,5,5,0,1,0,36,2,4,1.0,0.0,0.0,0.0,1.0,1.0,15,1,2
126831,16,2,1,0,2,3,0,5,0,1,2,6,2,4,1.0,0.0,0.0,0.0,1.0,1.0,5,7,9
171937,15,2,3,0,15,3,0,1,1,1,2,18,2,2,0.0,0.0,0.0,0.0,0.0,5.0,9,3,11
31161,4,2,3,17,6,3,0,1,1,1,0,22,2,2,0.0,0.0,0.0,0.0,0.0,2.0,16,7,3
91277,16,2,3,0,8,3,0,1,0,1,2,23,2,2,0.0,0.0,0.0,0.0,0.0,4.0,13,6,7
96245,16,2,1,2,6,3,0,1,0,1,2,13,1,2,0.0,0.0,0.0,0.0,0.0,2.0,3,6,7
31902,16,7,3,5,6,3,6,1,1,1,2,39,1,2,0.0,0.0,0.0,0.0,0.0,3.0,12,6,3
68282,4,2,1,17,8,3,0,1,1,1,2,22,2,2,0.0,0.0,0.0,0.0,0.0,2.0,19,7,5
147899,15,2,3,0,8,3,0,1,1,1,2,5,2,2,0.0,0.0,0.0,0.0,0.0,2.0,20,4,10
52794,15,2,1,10,6,3,0,5,1,1,2,36,3,2,0.0,0.0,0.0,0.0,0.0,5.0,2,1,4
38036,15,2,3,17,1,3,0,1,1,1,0,18,2,2,0.0,0.0,0.0,0.0,0.0,2.0,15,5,3
178067,15,2,3,9,8,3,0,1,0,1,2,18,2,1,1.0,0.0,1.0,0.0,0.0,1.0,10,7,12
32346,16,2,3,17,8,3,0,1,1,1,2,24,2,2,0.0,0.0,0.0,0.0,0.0,2.0,9,5,3
9531,17,11,5,10,6,3,5,5,1,1,2,39,2,2,0.0,0.0,0.0,0.0,0.0,2.0,7,6,1
168635,16,2,4,10,2,3,0,3,1,1,2,36,2,2,0.0,0.0,0.0,0.0,0.0,2.0,15,5,11
7535,15,2,3,0,6,3,0,1,0,1,2,22,3,2,0.0,0.0,0.0,0.0,0.0,3.0,8,4,1
5229,16,2,3,17,6,3,0,1,1,1,1,36,2,2,0.0,0.0,0.0,0.0,0.0,2.0,11,3,1
62343,16,2,1,17,8,3,0,1,0,1,2,12,2,2,0.0,0.0,0.0,0.0,0.0,2.0,23,5,5
24370,16,2,3,10,10,3,0,1,1,1,2,36,2,2,0.0,0.0,0.0,0.0,0.0,2.0,15,3,2
48110,4,7,3,15,10,3,6,1,1,1,2,36,2,2,0.0,0.0,0.0,0.0,0.0,2.0,16,7,4
109783,16,2,1,17,19,0,0,5,1,1,2,37,2,2,0.0,0.0,0.0,0.0,0.0,4.0,0,1,8
94326,16,2,3,17,3,3,0,1,0,1,2,36,2,3,1.0,0.0,0.0,1.0,0.0,3.0,14,4,7
33025,16,3,3,0,8,3,6,1,1,1,2,16,2,2,0.0,0.0,0.0,0.0,0.0,2.0,7,2,3
12069,17,11,5,10,10,3,5,5,1,1,1,19,2,2,0.0,0.0,0.0,0.0,0.0,2.0,1,7,1
58426,16,2,3,17,15,3,0,1,1,1,2,18,2,2,0.0,0.0,0.0,0.0,0.0,2.0,19,1,5
13463,15,3,3,9,10,3,6,5,0,1,0,36,2,3,1.0,0.0,0.0,1.0,0.0,1.0,11,2,1
109231,16,2,3,17,3,3,0,1,1,1,1,23,2,2,0.0,0.0,0.0,0.0,0.0,2.0,12,7,8
21903,4,2,3,17,8,3,0,1,0,1,2,36,2,3,1.0,0.0,0.0,1.0,0.0,1.0,15,3,2
52601,15,2,3,0,11,3,0,1,1,1,2,5,2,2,0.0,0.0,0.0,0.0,0.0,5.0,18,3,4
24018,16,7,3,10,8,3,6,1,0,1,2,19,2,4,4.0,0.0,0.0,0.0,4.0,2.0,17,3,2
159904,4,2,3,17,2,3,0,1,1,1,2,24,2,2,0.0,0.0,0.0,0.0,0.0,2.0,8,6,11
34490,16,2,1,10,1,3,0,1,0,1,1,36,2,4,2.0,0.0,0.0,0.0,2.0,3.0,21,5,3
177046,4,2,4,10,15,3,0,5,0,1,2,19,2,4,1.0,0.0,0.0,0.0,1.0,2.0,15,2,12
12706,16,10,3,17,15,3,0,1,1,1,2,39,2,2,0.0,0.0,0.0,0.0,0.0,2.0,9,4,1
183270,16,2,3,17,6,3,0,1,1,1,2,36,2,2,0.0,0.0,0.0,0.0,0.0,2.0,10,6,12
8958,16,2,3,10,8,3,0,1,1,1,2,19,2,2,0.0,0.0,0.0,0.0,0.0,2.0,8,3,1
135131,16,2,3,17,13,3,0,5,1,1,2,36,2,2,0.0,0.0,0.0,0.0,0.0,3.0,11,1,9
134696,16,2,3,17,6,3,0,1,0,1,2,24,2,3,1.0,0.0,0.0,1.0,0.0,1.0,14,4,9
3128,16,2,1,10,6,3,0,1,1,1,2,17,2,2,0.0,0.0,0.0,0.0,0.0,4.0,22,3,1
122711,16,2,3,17,8,3,0,1,1,1,2,23,2,2,0.0,0.0,0.0,0.0,0.0,2.0,7,4,9
34028,15,2,3,17,8,3,0,1,1,1,2,12,2,2,0.0,0.0,0.0,0.0,0.0,2.0,7,6,3
78444,16,2,3,10,5,3,0,1,1,1,1,12,2,2,0.0,0.0,0.0,0.0,0.0,2.0,11,7,6
150316,16,7,1,10,8,3,6,5,1,1,0,36,2,2,0.0,0.0,0.0,0.0,0.0,2.0,19,6,10
55353,16,2,1,0,8,3,0,1,0,1,2,36,2,2,0.0,0.0,0.0,0.0,0.0,3.0,20,6,4
53182,15,2,1,0,6,3,0,1,0,1,2,5,2,1,1.0,0.0,1.0,0.0,0.0,1.0,1,1,4
105070,4,2,3,10,8,3,0,5,1,1,2,19,2,2,0.0,0.0,0.0,0.0,0.0,2.0,11,4,8
33029,16,2,3,17,8,3,0,1,1,1,2,18,2,2,0.0,0.0,0.0,0.0,0.0,2.0,8,2,3
185980,4,7,1,17,2,3,6,1,1,1,2,13,2,2,0.0,0.0,0.0,0.0,0.0,2.0,20,2,12
155631,15,2,4,0,6,3,0,1,1,1,2,18,2,2,0.0,0.0,0.0,0.0,0.0,2.0,17,5,10
89351,16,2,3,8,18,3,0,1,1,1,2,6,2,2,0.0,0.0,0.0,0.0,0.0,2.0,12,4,7
28797,16,2,3,17,11,2,0,1,1,1,2,36,2,2,0.0,0.0,0.0,0.0,0.0,3.0,1,7,3
43789,16,7,3,17,2,3,6,1,1,1,2,18,2,2,0.0,0.0,0.0,0.0,0.0,2.0,9,5,4
164311,4,2,1,9,2,3,0,1,0,1,1,18,2,4,1.0,0.0,0.0,0.0,1.0,2.0,17,6,11
56258,16,2,3,0,8,3,0,1,0,1,2,28,2,4,1.0,0.0,0.0,0.0,1.0,1.0,17,7,5
141969,15,2,1,9,2,3,6,1,0,1,2,18,2,3,1.0,0.0,0.0,1.0,0.0,1.0,19,6,10
155615,15,2,3,10,14,3,0,1,1,1,2,18,2,2,0.0,0.0,0.0,0.0,0.0,4.0,15,5,10
113733,15,2,1,9,8,3,0,1,0,1,2,36,2,3,1.0,0.0,0.0,1.0,0.0,1.0,17,4,8
73509,16,7,3,17,10,3,6,1,0,1,2,18,2,4,1.0,0.0,0.0,0.0,1.0,1.0,10,3,6
125950,15,2,3,2,15,3,0,1,0,1,2,17,1,3,2.0,0.0,0.0,2.0,0.0,0.0,15,3,9
163687,4,2,3,17,11,3,0,1,1,1,2,18,2,2,0.0,0.0,0.0,0.0,0.0,2.0,16,5,11
165225,15,2,1,17,15,3,0,1,0,1,2,18,2,2,0.0,0.0,0.0,0.0,0.0,2.0,22,6,11
27899,16,2,1,9,6,3,0,1,0,1,1,36,2,4,1.0,0.0,0.0,0.0,1.0,1.0,22,1,2
48748,16,2,3,10,8,3,0,1,1,1,1,32,2,2,0.0,0.0,0.0,0.0,0.0,2.0,15,5,4
23576,4,2,3,15,8,3,0,1,1,1,2,36,3,2,0.0,0.0,0.0,0.0,0.0,2.0,13,3,2
70840,15,3,3,0,6,3,0,1,0,1,2,18,2,3,2.0,0.0,0.0,1.0,1.0,0.0,12,5,5
152548,16,2,3,0,6,3,0,1,1,1,2,23,2,2,0.0,0.0,0.0,0.0,0.0,3.0,8,3,10
78655,4,2,1,17,3,3,6,1,0,1,2,36,2,2,0.0,0.0,0.0,0.0,0.0,2.0,23,3,6
24997,16,2,3,0,6,3,0,1,1,1,1,6,2,2,0.0,0.0,0.0,0.0,0.0,2.0,9,7,2
181251,16,2,1,17,6,3,0,1,0,1,2,18,2,2,0.0,0.0,0.0,0.0,0.0,2.0,18,2,12
58892,16,11,1,17,8,3,5,5,0,1,2,24,2,1,1.0,0.0,1.0,0.0,0.0,2.0,21,7,5
168549,16,2,3,17,8,3,0,1,1,1,2,36,2,2,0.0,0.0,0.0,0.0,0.0,3.0,12,5,11
187811,16,2,3,15,2,3,6,5,1,1,2,23,2,2,0.0,0.0,0.0,0.0,0.0,4.0,13,4,12
23447,16,2,3,0,8,3,0,1,0,1,2,6,2,3,2.0,0.0,0.0,2.0,0.0,0.0,7,1,2
133162,4,2,3,17,11,3,0,1,0,1,2,12,2,2,0.0,0.0,0.0,0.0,0.0,3.0,10,1,9
116114,16,2,1,13,8,3,0,1,0,1,0,19,2,4,2.0,0.0,0.0,0.0,2.0,1.0,21,6,8
126317,16,2,3,17,2,3,0,5,1,1,1,23,2,2,0.0,0.0,0.0,0.0,0.0,2.0,15,7,9
4597,16,7,1,9,8,3,6,1,0,1,1,36,2,1,1.0,0.0,1.0,0.0,0.0,1.0,10,6,1
161722,16,2,3,17,8,3,0,1,1,1,2,23,2,2,0.0,0.0,0.0,0.0,0.0,3.0,11,6,11
114233,16,2,3,10,2,3,0,1,1,1,0,19,2,2,0.0,0.0,0.0,0.0,0.0,3.0,16,5,8
9056,16,10,1,2,6,3,4,5,0,1,2,39,2,2,0.0,0.0,0.0,0.0,0.0,1.0,4,5,1
136616,4,2,3,10,10,3,0,1,1,1,0,36,2,2,0.0,0.0,0.0,0.0,0.0,3.0,19,7,9
30845,16,7,1,10,8,3,6,1,0,0,2,37,3,2,0.0,0.0,0.0,0.0,0.0,7.0,0,1,3
49932,15,2,3,17,2,3,0,1,1,1,2,24,2,2,0.0,0.0,0.0,0.0,0.0,5.0,11,4,4
72325,17,11,5,17,17,3,5,5,1,1,2,36,2,2,0.0,0.0,0.0,0.0,0.0,3.0,13,6,6
130144,4,2,3,10,8,3,0,1,1,1,2,16,2,2,0.0,0.0,0.0,0.0,0.0,4.0,20,2,9
33007,4,2,3,14,8,3,0,4,0,1,2,22,2,4,5.0,0.0,0.0,0.0,5.0,2.0,17,2,3
14863,4,10,3,17,8,3,4,1,1,1,2,11,2,2,0.0,0.0,0.0,0.0,0.0,2.0,16,1,1
98887,16,2,3,9,6,3,0,1,0,1,0,36,2,1,1.0,0.0,1.0,0.0,0.0,1.0,11,2,7
140425,16,2,3,15,2,3,0,1,1,1,2,36,2,2,0.0,0.0,0.0,0.0,0.0,5.0,14,3,10
41743,17,2,1,17,6,3,0,1,1,1,1,36,2,2,0.0,0.0,0.0,0.0,0.0,3.0,11,5,3
163355,16,2,3,0,8,3,0,1,1,1,2,6,2,2,0.0,0.0,0.0,0.0,0.0,2.0,13,2,11
36429,16,2,0,10,15,3,0,1,0,0,2,6,3,2,0.0,0.0,0.0,0.0,0.0,5.0,21,4,3
117914,16,2,3,0,6,3,0,1,0,1,2,18,2,2,0.0,0.0,0.0,0.0,0.0,2.0,17,5,8
112882,4,2,1,0,8,3,0,1,0,1,2,5,2,2,0.0,0.0,0.0,0.0,0.0,1.0,3,5,8
134957,4,2,3,15,8,3,0,1,0,1,2,17,3,2,0.0,0.0,0.0,0.0,0.0,3.0,17,5,9
61840,15,2,3,0,2,3,0,5,0,1,1,18,2,2,0.0,0.0,0.0,0.0,0.0,4.0,12,4,5
10,16,2,3,17,8,3,0,1,1,1,2,18,2,2,0.0,0.0,0.0,0.0,0.0,2.0,13,1,1
180553,16,3,3,0,10,3,0,1,0,1,2,28,4,1,3.0,0.0,1.0,0.0,2.0,3.0,12,5,12
136417,16,3,1,17,6,3,0,1,0,1,2,18,2,3,2.0,0.0,0.0,2.0,0.0,0.0,1,7,9
98867,16,2,3,8,6,3,0,1,0,1,0,18,2,3,1.0,0.0,0.0,1.0,0.0,1.0,19,2,7
176784,15,2,1,17,8,4,0,1,0,1,2,18,2,2,0.0,0.0,0.0,0.0,0.0,2.0,21,4,12
172836,16,7,4,0,8,3,6,1,0,1,2,18,2,3,3.0,0.0,0.0,2.0,1.0,2.0,16,1,12
185518,15,7,3,2,17,3,6,1,0,1,2,36,1,2,0.0,0.0,0.0,0.0,0.0,1.0,11,6,12
153299,15,2,3,3,6,3,0,1,0,1,2,28,2,2,0.0,0.0,0.0,0.0,0.0,2.0,15,1,10
88855,16,2,3,8,8,3,0,1,1,1,0,36,2,2,0.0,0.0,0.0,0.0,0.0,2.0,14,3,7
166324,15,2,3,0,6,3,0,1,0,1,1,18,2,3,2.0,0.0,0.0,1.0,1.0,0.0,10,7,11
17236,16,10,1,10,6,3,4,1,0,1,2,17,3,3,1.0,0.0,0.0,1.0,0.0,3.0,0,7,2
48889,16,3,3,0,8,3,0,1,0,1,2,18,2,2,0.0,0.0,0.0,0.0,0.0,2.0,8,7,4
107658,15,2,3,10,8,3,0,5,0,1,2,18,2,4,1.0,0.0,0.0,0.0,1.0,1.0,15,4,8
154315,17,7,4,17,6,3,6,5,1,1,1,23,2,2,0.0,0.0,0.0,0.0,0.0,2.0,1,1,10
151820,16,3,4,17,8,3,6,1,1,1,2,36,2,2,0.0,0.0,0.0,0.0,0.0,2.0,17,2,10
117946,15,2,1,0,6,3,0,1,0,1,2,5,4,2,0.0,0.0,0.0,0.0,0.0,2.0,22,5,8
98015,16,2,3,15,6,3,0,1,1,1,1,36,2,2,0.0,0.0,0.0,0.0,0.0,2.0,11,4,7
134942,4,2,3,17,2,3,0,1,1,1,2,23,2,2,0.0,0.0,0.0,0.0,0.0,3.0,14,5,9
172103,16,11,1,17,8,3,5,5,1,1,2,19,2,2,0.0,0.0,0.0,0.0,0.0,2.0,17,7,11
55908,4,7,3,0,0,4,6,1,1,1,1,18,2,2,0.0,0.0,0.0,0.0,0.0,4.0,16,1,4
18589,4,2,3,7,10,3,4,1,1,0,2,36,2,2,0.0,0.0,0.0,0.0,0.0,7.0,15,3,2
134638,15,2,3,17,6,3,0,1,0,1,2,18,2,1,1.0,0.0,1.0,0.0,0.0,1.0,15,2,9
174634,16,7,1,0,6,3,6,1,0,1,2,6,2,3,1.0,0.0,0.0,1.0,0.0,3.0,17,1,12
139903,15,2,3,10,2,3,0,5,1,1,2,36,2,2,0.0,0.0,0.0,0.0,0.0,2.0,15,5,10
44625,17,2,3,10,2,3,0,1,1,1,2,36,2,2,0.0,0.0,0.0,0.0,0.0,3.0,17,7,4
27897,16,2,3,10,2,3,0,1,1,1,2,19,2,2,0.0,0.0,0.0,0.0,0.0,2.0,21,1,2
89382,4,2,3,0,11,3,0,1,0,1,2,36,2,3,3.0,0.0,0.0,3.0,0.0,0.0,19,3,7
19794,16,2,3,17,10,3,0,1,1,1,2,24,2,2,0.0,0.0,0.0,0.0,0.0,2.0,11,2,2
154179,16,7,2,0,6,3,6,1,0,1,2,36,2,2,0.0,0.0,0.0,0.0,0.0,2.0,7,6,10
150427,16,7,3,0,8,3,6,1,1,1,2,6,2,2,0.0,0.0,0.0,0.0,0.0,3.0,11,2,10
12892,4,7,3,15,8,3,6,5,1,0,2,18,2,2,0.0,0.0,0.0,0.0,0.0,2.0,11,6,1
96798,16,2,3,10,2,3,0,5,0,1,2,19,2,3,2.0,0.0,0.0,2.0,0.0,1.0,9,7,7
67851,15,2,3,0,3,3,0,1,0,1,2,36,2,3,3.0,0.0,0.0,1.0,2.0,0.0,15,2,5
49436,16,2,3,17,8,3,0,1,1,1,1,24,2,2,0.0,0.0,0.0,0.0,0.0,4.0,8,2,4
125823,16,2,1,17,8,3,0,1,1,1,2,18,2,2,0.0,0.0,0.0,0.0,0.0,3.0,1,7,9
7178,15,7,3,0,8,3,6,1,0,1,2,18,2,2,0.0,0.0,0.0,0.0,0.0,2.0,15,4,1
176873,16,7,3,10,3,3,6,1,1,0,2,28,2,2,0.0,0.0,0.0,0.0,0.0,2.0,14,6,12
102997,4,2,3,7,8,3,0,1,0,1,2,36,3,2,0.0,0.0,0.0,0.0,0.0,2.0,18,3,7
115485,16,2,3,0,2,3,0,5,1,1,2,36,2,2,0.0,0.0,0.0,0.0,0.0,2.0,15,3,8
42310,15,2,3,17,8,3,0,1,1,1,2,36,2,2,0.0,0.0,0.0,0.0,0.0,2.0,14,1,4
144897,17,11,5,15,17,3,5,5,1,1,2,36,2,2,0.0,0.0,0.0,0.0,0.0,2.0,14,4,10
28674,16,2,0,15,8,3,0,1,1,1,2,23,2,2,0.0,0.0,0.0,0.0,0.0,2.0,20,6,3
180635,16,2,3,17,6,3,0,1,0,1,2,36,2,4,1.0,0.0,0.0,0.0,1.0,3.0,14,1,12
168130,15,7,1,10,10,3,6,1,1,1,1,36,2,2,0.0,0.0,0.0,0.0,0.0,4.0,13,4,11
158602,17,2,3,17,2,3,0,1,1,1,2,24,2,2,0.0,0.0,0.0,0.0,0.0,2.0,15,6,11
181636,15,2,1,0,6,3,0,1,0,1,2,18,2,4,1.0,0.0,0.0,0.0,1.0,3.0,22,6,12
105419,16,11,4,15,6,3,5,1,0,1,2,6,3,2,0.0,0.0,0.0,0.0,0.0,4.0,5,4,8
43734,4,7,3,15,8,3,6,1,1,0,0,23,2,2,0.0,0.0,0.0,0.0,0.0,2.0,1,5,4
99689,16,2,3,9,3,3,5,5,0,1,2,18,3,1,1.0,0.0,1.0,0.0,0.0,2.0,8,3,7
176714,16,2,3,15,10,3,0,5,1,1,2,22,2,2,0.0,0.0,0.0,0.0,0.0,2.0,8,2,12
45668,18,7,1,15,6,3,6,5,1,1,2,28,2,2,0.0,0.0,0.0,0.0,0.0,3.0,22,6,4
177518,16,2,3,0,6,3,0,1,0,1,2,36,2,4,2.0,0.0,0.0,0.0,2.0,3.0,17,7,12
40225,16,2,3,15,8,3,0,1,1,1,1,36,2,2,0.0,0.0,0.0,0.0,0.0,2.0,12,3,3
39294,16,11,3,10,6,3,5,5,1,1,2,19,2,2,0.0,0.0,0.0,0.0,0.0,2.0,12,1,3
127296,16,2,1,10,8,3,0,1,1,1,2,19,2,2,0.0,0.0,0.0,0.0,0.0,4.0,19,5,9
66567,16,2,1,15,3,3,0,1,1,1,2,22,2,2,0.0,0.0,0.0,0.0,0.0,2.0,23,2,5
151928,16,7,1,10,6,3,6,1,1,1,2,19,2,2,0.0,0.0,0.0,0.0,0.0,2.0,18,3,10
69230,16,2,1,15,2,3,0,1,1,1,1,18,2,2,0.0,0.0,0.0,0.0,0.0,2.0,2,1,5
1584,16,2,1,10,8,3,0,1,1,1,2,19,2,2,0.0,0.0,0.0,0.0,0.0,2.0,18,6,1
117711,15,2,3,0,6,3,0,1,0,1,2,18,2,2,0.0,0.0,0.0,0.0,0.0,2.0,12,2,8
72411,15,7,1,17,8,3,6,1,1,1,2,36,2,2,0.0,0.0,0.0,0.0,0.0,3.0,23,7,6
137070,4,2,3,15,10,3,0,1,1,0,1,22,2,2,0.0,0.0,0.0,0.0,0.0,3.0,14,7,9
109238,17,2,3,17,6,3,0,1,0,1,1,36,2,1,2.0,0.0,2.0,0.0,0.0,1.0,12,7,8
96075,16,2,1,17,1,3,0,1,1,1,0,36,2,2,0.0,0.0,0.0,0.0,0.0,2.0,21,2,7
101196,16,2,3,9,6,3,5,5,0,1,2,36,2,3,1.0,0.0,0.0,1.0,0.0,1.0,17,6,7
44144,16,7,3,10,3,3,6,1,1,1,2,39,2,2,0.0,0.0,0.0,0.0,0.0,4.0,12,4,4
22566,16,2,1,17,10,3,0,1,1,1,2,26,2,2,0.0,0.0,0.0,0.0,0.0,3.0,18,6,2
184217,4,2,3,15,2,2,0,1,1,1,2,22,3,2,0.0,0.0,0.0,0.0,0.0,3.0,15,6,12
188365,16,2,1,2,15,3,0,5,0,1,2,36,1,2,0.0,0.0,0.0,0.0,0.0,6.0,23,5,12
46026,15,2,2,0,8,3,0,1,0,1,2,5,2,2,0.0,0.0,0.0,0.0,0.0,2.0,13,6,4
128238,16,2,3,17,6,3,0,6,1,1,2,12,2,2,0.0,0.0,0.0,0.0,0.0,6.0,12,5,9
113994,4,2,3,17,6,3,0,1,0,1,2,18,2,3,1.0,0.0,0.0,1.0,0.0,1.0,19,2,8
179947,4,2,4,17,3,3,0,1,0,1,2,17,2,4,1.0,0.0,0.0,0.0,1.0,2.0,16,5,12
167206,15,11,1,17,8,3,5,5,1,1,2,36,2,2,0.0,0.0,0.0,0.0,0.0,3.0,18,5,11
178011,15,2,3,0,8,3,0,1,0,1,2,18,3,2,0.0,0.0,0.0,0.0,0.0,2.0,13,7,12
131098,15,7,1,0,6,3,6,5,1,1,2,5,2,2,0.0,0.0,0.0,0.0,0.0,2.0,20,3,9
92881,16,7,0,17,15,3,6,1,1,1,2,22,2,2,0.0,0.0,0.0,0.0,0.0,2.0,2,4,7
184992,16,11,5,10,8,3,5,5,1,1,2,36,2,2,0.0,0.0,0.0,0.0,0.0,2.0,15,5,12
150047,4,2,3,17,2,3,0,5,1,1,2,36,2,2,0.0,0.0,0.0,0.0,0.0,3.0,13,6,10
6420,16,10,1,17,6,3,1,1,0,1,2,18,2,3,1.0,0.0,0.0,1.0,0.0,1.0,22,7,1
146651,4,2,3,17,2,3,0,1,1,1,2,36,2,2,0.0,0.0,0.0,0.0,0.0,5.0,17,7,10
59209,16,2,3,9,6,3,0,5,1,1,2,36,2,2,0.0,0.0,0.0,0.0,0.0,2.0,14,6,5
62607,16,2,3,10,8,3,0,1,1,1,0,22,2,2,0.0,0.0,0.0,0.0,0.0,2.0,12,7,5
14480,16,2,3,10,8,3,0,1,0,1,2,19,2,3,2.0,0.0,0.0,2.0,0.0,1.0,13,2,1
33844,16,10,3,10,8,3,4,5,1,1,1,21,2,2,0.0,0.0,0.0,0.0,0.0,2.0,8,2,3
140587,16,3,3,0,11,3,6,2,0,1,2,36,2,2,0.0,0.0,0.0,0.0,0.0,2.0,9,7,10
181165,15,2,1,17,3,3,0,1,0,1,2,11,2,2,0.0,0.0,0.0,0.0,0.0,2.0,2,7,12
140365,15,11,1,0,6,3,5,1,1,1,2,36,2,2,0.0,0.0,0.0,0.0,0.0,2.0,2,7,10
42069,15,3,3,17,6,3,6,1,1,1,2,18,2,2,0.0,0.0,0.0,0.0,0.0,3.0,17,5,3
41873,16,2,3,15,3,3,0,1,1,1,2,22,2,2,0.0,0.0,0.0,0.0,0.0,2.0,17,7,3
78452,16,2,1,0,6,3,0,1,0,1,0,3,2,2,0.0,0.0,0.0,0.0,0.0,3.0,1,1,6
166417,15,2,2,17,6,3,0,1,0,1,2,5,2,2,0.0,0.0,0.0,0.0,0.0,6.0,16,3,11