crash_date,               traffic_control_device,weather_condition,lighting_condition,first_crash_type,trafficway_type,alignment,roadway_surface_cond,road_defect,crash_type,intersection_related_i,damage,prim_contributory_cause,num_units,most_severe_injury,injuries_total,injuries_fatal,injuries_incapacitating,injuries_non_incapacitating,injuries_reported_not_evident,injuries_no_indication,crash_hour,crash_day_of_week,crash_month
155482,4,2,3,15,8,3,0,1,1,1,2,36,2,2,0.0,0.0,0.0,0.0,0.0,2.0,14,2,10
145726,4,7,3,7,15,3,6,1,1,1,2,21,2,2,0.0,0.0,0.0,0.0,0.0,1.0,6,2,10
77514,17,11,5,10,8,3,5,5,1,1,2,19,2,2,0.0,0.0,0.0,0.0,0.0,2.0,10,1,6
179469,16,2,3,17,2,3,5,5,1,1,1,36,2,2,0.0,0.0,0.0,0.0,0.0,3.0,15,4,12
97473,16,2,3,0,6,3,0,5,0,1,2,36,3,3,2.0,0.0,0.0,1.0,1.0,2.0,19,3,7
78999,16,2,1,17,2,3,0,1,1,1,2,24,2,2,0.0,0.0,0.0,0.0,0.0,2.0,21,1,6
72082,16,2,3,14,2,3,0,1,1,1,2,17,2,2,0.0,0.0,0.0,0.0,0.0,2.0,12,3,6
130348,16,2,3,10,8,3,0,1,0,1,2,19,2,2,0.0,0.0,0.0,0.0,0.0,2.0,10,6,9
101893,16,2,1,10,2,3,0,1,0,1,2,30,2,2,0.0,0.0,0.0,0.0,0.0,2.0,3,7,7
75332,16,2,3,0,6,3,0,1,0,1,2,18,2,2,0.0,0.0,0.0,0.0,0.0,2.0,10,3,6
58973,15,2,3,0,6,3,0,1,0,1,2,5,2,2,0.0,0.0,0.0,0.0,0.0,3.0,9,2,5
108554,16,2,3,15,6,3,0,1,1,1,2,28,2,2,0.0,0.0,0.0,0.0,0.0,2.0,17,3,8
136366,16,2,3,17,8,3,0,1,0,1,1,24,2,2,0.0,0.0,0.0,0.0,0.0,3.0,16,5,9
54851,4,2,3,0,6,3,0,1,0,1,2,18,2,2,0.0,0.0,0.0,0.0,0.0,2.0,16,5,4
1855,16,2,4,8,6,3,0,1,0,1,0,6,2,4,1.0,0.0,0.0,0.0,1.0,1.0,18,5,1
57487,4,2,1,17,8,3,0,1,0,1,2,18,2,2,0.0,0.0,0.0,0.0,0.0,3.0,20,5,5
156826,16,2,3,17,19,3,0,1,1,1,2,36,2,2,0.0,0.0,0.0,0.0,0.0,2.0,15,7,11
178461,15,2,3,7,6,3,0,1,1,1,1,36,2,2,0.0,0.0,0.0,0.0,0.0,1.0,16,5,12
45223,16,11,1,10,8,3,5,5,1,1,0,36,2,2,0.0,0.0,0.0,0.0,0.0,2.0,22,5,4
182311,16,2,3,10,6,3,0,1,1,1,0,19,2,2,0.0,0.0,0.0,0.0,0.0,2.0,15,2,12
162224,15,7,1,0,15,3,6,5,0,1,2,18,2,2,0.0,0.0,0.0,0.0,0.0,2.0,20,6,11
175074,15,2,3,17,2,3,0,1,0,1,2,36,2,2,0.0,0.0,0.0,0.0,0.0,2.0,15,6,12
185211,16,2,1,10,6,3,0,1,1,0,0,36,2,2,0.0,0.0,0.0,0.0,0.0,4.0,0,2,12
117636,16,2,3,17,8,3,0,1,1,1,2,17,2,2,0.0,0.0,0.0,0.0,0.0,2.0,12,7,8
57691,4,2,3,17,6,3,0,1,0,1,2,18,2,4,1.0,0.0,0.0,0.0,1.0,1.0,13,3,5
233,16,2,0,17,8,3,0,1,1,1,2,8,2,2,0.0,0.0,0.0,0.0,0.0,2.0,2,6,1
120315,15,2,3,17,6,3,0,1,0,1,2,18,2,2,0.0,0.0,0.0,0.0,0.0,3.0,8,4,8
129565,16,2,1,0,8,3,0,1,0,1,2,6,2,4,2.0,0.0,0.0,0.0,2.0,1.0,23,1,9
93037,16,2,3,10,8,3,0,1,1,1,2,15,2,2,0.0,0.0,0.0,0.0,0.0,2.0,19,4,7
10289,15,2,4,0,8,3,0,1,0,1,2,5,3,2,0.0,0.0,0.0,0.0,0.0,2.0,18,5,1
141817,15,2,3,17,8,3,0,1,1,1,2,36,2,2,0.0,0.0,0.0,0.0,0.0,2.0,7,3,10
22652,16,2,0,10,8,3,0,5,1,1,2,37,2,2,0.0,0.0,0.0,0.0,0.0,4.0,2,1,2
144620,15,2,3,17,10,3,0,1,1,1,0,22,2,2,0.0,0.0,0.0,0.0,0.0,2.0,8,5,10
146502,16,2,0,0,8,3,0,1,1,1,1,36,2,2,0.0,0.0,0.0,0.0,0.0,2.0,21,3,10
115121,16,7,2,10,3,3,6,1,1,1,1,39,2,2,0.0,0.0,0.0,0.0,0.0,2.0,7,3,8
84092,15,2,3,17,6,3,0,1,1,1,2,18,2,2,0.0,0.0,0.0,0.0,0.0,2.0,19,6,6
138726,16,2,3,8,6,3,0,1,0,1,1,36,2,4,1.0,0.0,0.0,0.0,1.0,1.0,11,4,10
71039,16,2,3,15,8,3,0,1,1,1,2,22,2,2,0.0,0.0,0.0,0.0,0.0,2.0,16,3,5
114349,16,7,3,0,6,3,6,1,1,1,2,6,2,2,0.0,0.0,0.0,0.0,0.0,2.0,13,7,8
111069,4,2,3,10,2,3,0,1,0,1,2,36,3,3,2.0,0.0,0.0,2.0,0.0,2.0,13,6,8
95138,15,2,4,0,8,3,0,1,0,1,2,18,2,2,0.0,0.0,0.0,0.0,0.0,2.0,19,2,7
4251,16,7,3,0,6,3,6,5,1,1,2,36,2,2,0.0,0.0,0.0,0.0,0.0,2.0,15,3,1
19892,10,3,1,1,6,3,4,1,1,1,0,26,1,2,0.0,0.0,0.0,0.0,0.0,1.0,18,5,2
177677,16,2,3,17,8,3,0,1,1,1,2,19,2,2,0.0,0.0,0.0,0.0,0.0,2.0,15,6,12
51396,16,2,3,15,2,3,0,5,1,1,2,23,2,2,0.0,0.0,0.0,0.0,0.0,2.0,12,3,4
135378,16,2,3,17,8,3,0,1,1,1,2,12,2,2,0.0,0.0,0.0,0.0,0.0,2.0,18,4,9
29512,15,3,3,0,6,3,0,1,0,1,2,18,2,4,1.0,0.0,0.0,0.0,1.0,2.0,10,6,3
82096,16,2,3,10,8,3,0,1,1,1,1,36,2,2,0.0,0.0,0.0,0.0,0.0,2.0,14,4,6
51421,4,2,3,17,8,3,0,1,0,1,2,38,2,2,0.0,0.0,0.0,0.0,0.0,2.0,7,4,4
137377,16,2,3,15,15,3,0,1,1,1,2,23,2,2,0.0,0.0,0.0,0.0,0.0,2.0,16,6,9
77464,4,2,3,17,3,3,0,1,1,1,2,23,2,2,0.0,0.0,0.0,0.0,0.0,3.0,12,7,6
155991,16,2,1,8,2,3,0,1,0,1,2,18,2,3,1.0,0.0,0.0,1.0,0.0,1.0,0,1,11
135813,15,2,1,17,6,3,0,6,0,1,2,38,2,2,0.0,0.0,0.0,0.0,0.0,2.0,18,6,9
109670,16,2,3,17,3,3,0,1,1,1,1,36,2,2,0.0,0.0,0.0,0.0,0.0,2.0,15,6,8
104238,4,2,1,7,3,3,0,1,0,0,2,36,3,2,0.0,0.0,0.0,0.0,0.0,1.0,1,1,8
46946,16,2,4,17,8,3,0,5,1,1,2,36,2,2,0.0,0.0,0.0,0.0,0.0,4.0,18,2,4
91874,16,2,3,0,8,3,0,1,0,1,2,24,2,3,1.0,0.0,0.0,1.0,0.0,2.0,19,2,7
120511,15,2,3,8,3,3,0,1,0,1,1,18,2,3,1.0,0.0,0.0,1.0,0.0,1.0,9,5,9
73619,16,2,3,17,6,3,0,1,0,1,2,6,2,3,1.0,0.0,0.0,1.0,0.0,2.0,19,6,6
121013,4,2,3,8,8,3,0,1,0,1,1,38,2,3,1.0,0.0,0.0,1.0,0.0,1.0,12,6,9
148947,16,2,1,0,6,3,0,1,0,1,2,6,2,2,0.0,0.0,0.0,0.0,0.0,2.0,0,4,10
68750,4,2,3,15,6,3,0,1,1,1,1,18,2,2,0.0,0.0,0.0,0.0,0.0,3.0,14,1,5
63501,16,2,3,17,6,3,0,1,1,1,2,36,2,2,0.0,0.0,0.0,0.0,0.0,2.0,9,2,5
84798,15,2,2,0,6,3,0,1,1,1,1,36,2,2,0.0,0.0,0.0,0.0,0.0,4.0,6,3,6
98840,16,2,3,11,6,3,0,1,1,1,1,30,2,2,0.0,0.0,0.0,0.0,0.0,2.0,15,2,7
143235,16,2,3,14,6,3,5,5,0,1,2,36,2,2,0.0,0.0,0.0,0.0,0.0,5.0,7,3,10
76823,16,2,3,0,8,3,0,1,1,1,1,36,2,2,0.0,0.0,0.0,0.0,0.0,2.0,15,5,6
145328,15,7,1,0,8,3,6,1,0,1,2,18,2,2,0.0,0.0,0.0,0.0,0.0,3.0,23,1,10
59994,15,2,1,0,6,3,0,1,0,1,2,5,2,2,0.0,0.0,0.0,0.0,0.0,3.0,21,4,5
31262,16,10,3,0,8,3,4,1,0,1,2,18,2,2,0.0,0.0,0.0,0.0,0.0,3.0,7,2,3
96353,15,2,3,10,8,3,0,1,1,1,2,17,2,2,0.0,0.0,0.0,0.0,0.0,5.0,17,7,7
92036,15,2,3,15,18,4,0,5,1,1,1,36,2,2,0.0,0.0,0.0,0.0,0.0,2.0,15,3,7
23567,15,7,3,0,8,3,6,1,1,1,0,36,2,2,0.0,0.0,0.0,0.0,0.0,4.0,11,2,2
34437,4,7,3,17,3,3,6,1,0,1,1,36,2,4,1.0,0.0,0.0,0.0,1.0,1.0,13,5,3
176611,15,2,4,0,8,3,0,1,1,1,1,18,2,2,0.0,0.0,0.0,0.0,0.0,2.0,16,1,12
180082,16,2,0,15,6,3,0,1,0,1,0,36,2,2,0.0,0.0,0.0,0.0,0.0,4.0,0,7,12
151801,15,7,3,10,8,3,6,1,1,1,2,36,2,2,0.0,0.0,0.0,0.0,0.0,2.0,13,2,10
59901,17,3,5,17,6,3,5,5,1,1,2,18,2,2,0.0,0.0,0.0,0.0,0.0,2.0,9,2,5
94311,15,2,1,0,18,3,0,1,0,1,2,18,2,3,1.0,0.0,0.0,1.0,0.0,1.0,23,3,7
20689,6,2,1,9,2,3,6,1,0,1,1,18,2,3,1.0,0.0,0.0,1.0,0.0,1.0,17,4,2
62655,16,2,3,14,8,3,0,1,1,1,1,36,2,2,0.0,0.0,0.0,0.0,0.0,2.0,16,2,5
161493,15,10,4,10,10,3,1,5,1,1,1,17,2,2,0.0,0.0,0.0,0.0,0.0,2.0,15,2,11
44602,15,2,3,17,11,3,0,5,1,1,1,18,2,2,0.0,0.0,0.0,0.0,0.0,2.0,13,7,4
68814,16,7,3,0,9,3,6,1,0,1,2,6,2,3,2.0,0.0,0.0,1.0,1.0,1.0,15,3,5
60138,16,2,3,17,6,3,0,1,1,1,1,18,2,2,0.0,0.0,0.0,0.0,0.0,3.0,16,5,5
165522,4,2,1,10,2,3,0,1,0,1,2,19,3,3,1.0,0.0,0.0,1.0,0.0,2.0,17,2,11
12027,16,10,0,2,8,3,4,1,0,1,2,36,2,2,0.0,0.0,0.0,0.0,0.0,1.0,18,6,1
36225,16,2,1,10,6,3,5,5,0,1,2,17,2,3,1.0,0.0,0.0,1.0,0.0,1.0,20,1,3
79754,4,2,3,8,15,3,0,1,0,1,0,18,2,3,1.0,0.0,0.0,1.0,0.0,1.0,16,5,6
175699,16,2,1,10,15,3,0,1,1,1,2,37,2,2,0.0,0.0,0.0,0.0,0.0,2.0,20,2,12
24123,16,2,1,10,8,3,0,1,0,1,2,17,3,1,1.0,0.0,1.0,0.0,0.0,3.0,22,4,2
112555,16,2,3,17,8,3,0,1,1,1,2,36,2,2,0.0,0.0,0.0,0.0,0.0,2.0,16,6,8
86782,15,2,3,0,8,3,0,1,0,1,2,18,2,3,2.0,0.0,0.0,1.0,1.0,1.0,16,6,6
58460,16,2,3,10,11,3,0,1,1,1,2,17,3,2,0.0,0.0,0.0,0.0,0.0,3.0,17,6,5
50771,16,7,3,10,2,3,6,5,1,1,1,36,2,2,0.0,0.0,0.0,0.0,0.0,4.0,10,5,4
177421,16,7,4,10,15,3,6,1,1,1,1,39,2,2,0.0,0.0,0.0,0.0,0.0,2.0,15,6,12
100061,16,2,3,17,6,4,0,1,0,1,2,36,2,2,0.0,0.0,0.0,0.0,0.0,5.0,16,1,7
176384,16,2,0,15,8,3,0,5,0,1,0,23,2,4,2.0,0.0,0.0,0.0,2.0,2.0,18,6,12
164625,16,2,1,8,6,3,0,1,0,1,2,6,2,3,1.0,0.0,0.0,1.0,0.0,1.0,6,5,11
65321,16,2,3,2,8,3,0,2,0,1,2,32,1,3,1.0,0.0,0.0,1.0,0.0,0.0,17,4,5
183307,16,2,1,15,11,3,0,1,1,1,2,22,2,2,0.0,0.0,0.0,0.0,0.0,2.0,17,1,12
70940,16,11,5,15,2,3,5,5,1,1,1,36,2,2,0.0,0.0,0.0,0.0,0.0,2.0,9,1,5
54888,16,2,3,15,10,3,0,1,1,1,1,36,2,2,0.0,0.0,0.0,0.0,0.0,2.0,12,5,4
51431,16,2,3,17,10,3,0,1,1,1,2,19,2,2,0.0,0.0,0.0,0.0,0.0,4.0,10,4,4
17351,16,2,4,10,2,3,0,1,1,1,2,19,3,2,0.0,0.0,0.0,0.0,0.0,3.0,17,2,2
163433,4,2,3,17,15,3,0,1,1,1,2,24,2,2,0.0,0.0,0.0,0.0,0.0,4.0,15,3,11
177972,16,7,0,9,6,3,6,5,0,1,0,7,2,4,1.0,0.0,0.0,0.0,1.0,1.0,19,6,12
88960,4,2,3,10,8,3,0,1,1,1,2,19,2,2,0.0,0.0,0.0,0.0,0.0,2.0,17,4,7
35051,16,3,3,10,8,3,0,1,1,1,2,36,2,2,0.0,0.0,0.0,0.0,0.0,2.0,10,1,3
45505,16,2,3,10,8,3,0,1,1,0,1,19,2,2,0.0,0.0,0.0,0.0,0.0,4.0,11,2,4
73097,16,2,2,17,6,3,0,1,0,1,2,36,2,2,0.0,0.0,0.0,0.0,0.0,3.0,19,5,6
137664,16,2,3,17,8,3,0,1,0,1,2,35,2,2,0.0,0.0,0.0,0.0,0.0,2.0,11,1,10
9567,16,2,2,10,2,3,5,5,1,1,1,19,2,2,0.0,0.0,0.0,0.0,0.0,2.0,17,4,1
77628,16,2,3,0,3,3,0,1,0,1,2,6,3,3,5.0,0.0,0.0,5.0,0.0,2.0,18,2,6
116776,15,2,3,8,8,3,0,1,0,1,2,5,2,3,1.0,0.0,0.0,1.0,0.0,1.0,17,7,8
143860,4,2,3,8,15,3,0,1,0,1,2,18,2,4,1.0,0.0,0.0,0.0,1.0,1.0,15,4,10
91043,15,2,3,8,10,3,5,1,0,1,0,36,2,3,1.0,0.0,0.0,1.0,0.0,1.0,17,1,7
183223,16,2,4,0,15,3,0,5,1,1,2,6,2,2,0.0,0.0,0.0,0.0,0.0,2.0,17,6,12
9565,16,2,3,17,10,3,0,1,1,1,2,22,2,2,0.0,0.0,0.0,0.0,0.0,3.0,16,4,1
122292,4,2,3,15,8,3,0,1,1,1,1,36,2,2,0.0,0.0,0.0,0.0,0.0,2.0,17,3,9
135990,4,7,3,17,8,3,6,1,1,1,2,36,2,2,0.0,0.0,0.0,0.0,0.0,2.0,15,6,9
70939,15,2,1,15,6,3,0,1,0,1,1,23,2,4,1.0,0.0,0.0,0.0,1.0,2.0,20,1,5
185831,16,2,3,15,6,3,0,1,1,1,1,26,2,2,0.0,0.0,0.0,0.0,0.0,2.0,15,6,12
35684,16,2,3,10,3,3,0,1,1,1,2,19,2,2,0.0,0.0,0.0,0.0,0.0,2.0,16,5,3
44070,16,2,4,0,6,3,0,1,1,1,0,18,2,2,0.0,0.0,0.0,0.0,0.0,2.0,20,5,4
124164,16,2,3,10,2,3,0,1,1,1,2,17,2,2,0.0,0.0,0.0,0.0,0.0,2.0,15,4,9
42717,16,2,3,0,6,3,0,1,0,1,2,3,2,3,1.0,0.0,0.0,1.0,0.0,1.0,12,2,4
29024,15,2,3,0,15,3,0,1,1,1,2,38,2,2,0.0,0.0,0.0,0.0,0.0,3.0,10,4,3
128873,16,2,3,10,6,3,0,1,1,1,2,36,2,2,0.0,0.0,0.0,0.0,0.0,3.0,8,1,9
58623,16,2,3,0,2,3,0,1,0,1,2,6,3,1,1.0,0.0,1.0,0.0,0.0,2.0,10,2,5
65766,15,2,1,17,2,3,0,1,1,1,1,36,2,2,0.0,0.0,0.0,0.0,0.0,2.0,20,4,5
155367,16,2,3,17,15,3,0,1,1,1,1,36,2,2,0.0,0.0,0.0,0.0,0.0,4.0,14,7,10
183156,15,7,1,0,8,3,6,5,1,1,2,18,2,2,0.0,0.0,0.0,0.0,0.0,4.0,18,5,12
33820,15,7,3,10,3,3,6,1,1,1,1,39,2,2,0.0,0.0,0.0,0.0,0.0,5.0,8,1,3
32869,16,2,1,10,5,3,0,1,1,1,2,17,2,2,0.0,0.0,0.0,0.0,0.0,3.0,20,1,3
72512,16,2,4,0,8,3,0,1,0,1,2,6,2,3,1.0,0.0,0.0,1.0,0.0,2.0,19,3,6
36335,16,2,3,10,8,3,0,1,1,1,1,36,3,2,0.0,0.0,0.0,0.0,0.0,3.0,14,2,3
76353,4,2,3,15,8,3,0,1,1,1,2,23,2,2,0.0,0.0,0.0,0.0,0.0,2.0,18,5,6
166872,16,7,0,9,6,3,6,5,0,1,0,36,2,3,1.0,0.0,0.0,1.0,0.0,1.0,17,2,11
111780,16,2,3,17,6,3,0,1,0,1,2,36,2,2,0.0,0.0,0.0,0.0,0.0,2.0,9,2,8
83758,16,2,1,17,2,3,0,1,0,1,2,18,2,2,0.0,0.0,0.0,0.0,0.0,4.0,21,7,6
168756,16,2,3,10,8,3,0,1,1,1,1,36,2,2,0.0,0.0,0.0,0.0,0.0,2.0,13,1,11
112569,16,2,4,15,3,3,0,1,1,0,2,19,2,2,0.0,0.0,0.0,0.0,0.0,2.0,19,6,8
61450,16,2,3,17,6,3,0,5,0,1,2,36,2,1,3.0,0.0,1.0,1.0,1.0,0.0,8,5,5
43834,16,7,3,0,8,3,6,1,0,1,2,6,2,2,0.0,0.0,0.0,0.0,0.0,2.0,7,7,4
74145,16,2,1,10,8,3,0,1,0,1,2,17,2,3,3.0,0.0,0.0,3.0,0.0,2.0,2,7,6
91977,16,2,3,0,2,3,0,1,0,1,2,6,2,3,1.0,0.0,0.0,1.0,0.0,2.0,4,2,7
151464,16,2,4,9,6,3,0,1,0,1,0,18,2,3,1.0,0.0,0.0,1.0,0.0,1.0,16,5,10
17172,4,2,3,17,6,3,6,1,1,1,2,24,2,2,0.0,0.0,0.0,0.0,0.0,3.0,16,7,2
140133,16,2,3,10,8,3,0,1,1,1,0,36,2,2,0.0,0.0,0.0,0.0,0.0,3.0,6,2,10
2659,15,2,3,17,15,3,0,1,0,1,2,18,2,2,0.0,0.0,0.0,0.0,0.0,2.0,11,4,1
177252,15,2,3,17,8,3,0,1,1,1,2,36,2,2,0.0,0.0,0.0,0.0,0.0,2.0,8,2,12
69704,16,2,3,17,2,3,0,1,1,1,2,18,2,2,0.0,0.0,0.0,0.0,0.0,3.0,14,2,5
82092,16,2,3,8,8,3,0,1,0,1,1,36,2,3,1.0,0.0,0.0,1.0,0.0,1.0,14,4,6
177508,15,2,3,17,8,3,0,1,1,1,2,24,2,2,0.0,0.0,0.0,0.0,0.0,2.0,15,7,12
129057,15,2,3,7,8,3,0,1,1,1,0,36,2,2,0.0,0.0,0.0,0.0,0.0,1.0,10,1,9
164072,16,2,2,9,15,3,0,1,0,1,0,18,2,3,1.0,0.0,0.0,1.0,0.0,1.0,15,4,11
156030,6,3,3,9,6,3,0,1,0,1,0,11,2,3,1.0,0.0,0.0,1.0,0.0,1.0,8,2,11
119739,16,2,3,17,6,3,0,1,0,1,2,24,2,2,0.0,0.0,0.0,0.0,0.0,3.0,15,3,8
108697,4,3,1,17,15,3,5,5,1,1,2,18,2,2,0.0,0.0,0.0,0.0,0.0,2.0,22,6,8
88583,15,2,3,0,11,3,0,1,0,1,2,18,2,3,1.0,0.0,0.0,1.0,0.0,1.0,12,6,7
128134,4,2,3,10,19,3,0,1,1,1,2,19,2,2,0.0,0.0,0.0,0.0,0.0,2.0,7,4,9
65692,15,2,3,17,10,3,0,1,1,0,0,18,2,2,0.0,0.0,0.0,0.0,0.0,2.0,14,2,5
80934,16,2,1,15,10,3,0,1,1,1,1,18,2,2,0.0,0.0,0.0,0.0,0.0,3.0,23,7,6
4701,15,2,3,0,18,3,5,5,0,1,2,36,2,2,0.0,0.0,0.0,0.0,0.0,2.0,8,2,1
42245,16,2,1,15,2,3,0,1,1,1,2,36,2,2,0.0,0.0,0.0,0.0,0.0,3.0,12,1,3
77374,16,2,3,17,8,3,0,1,1,1,2,12,2,2,0.0,0.0,0.0,0.0,0.0,2.0,8,6,6
167832,16,2,3,17,6,3,0,1,1,1,2,18,2,2,0.0,0.0,0.0,0.0,0.0,4.0,16,1,11
30987,16,2,3,0,2,3,0,1,1,1,1,22,2,2,0.0,0.0,0.0,0.0,0.0,2.0,14,3,3
133833,16,2,3,17,2,3,0,1,1,1,2,24,2,2,0.0,0.0,0.0,0.0,0.0,2.0,9,5,9
144343,15,7,3,0,8,3,6,1,0,1,2,18,2,1,1.0,0.0,1.0,0.0,0.0,1.0,8,3,10
147451,15,2,3,10,8,3,0,1,1,0,2,19,2,2,0.0,0.0,0.0,0.0,0.0,2.0,8,3,10
35218,16,2,1,17,15,3,0,1,0,1,2,18,2,3,1.0,0.0,0.0,1.0,0.0,1.0,20,4,3
39046,4,2,3,2,2,3,0,1,1,1,1,36,1,2,0.0,0.0,0.0,0.0,0.0,1.0,17,3,3
10677,15,2,3,17,8,3,0,1,1,1,2,18,2,2,0.0,0.0,0.0,0.0,0.0,2.0,11,3,1
166306,16,2,1,15,8,3,5,5,1,1,2,23,2,2,0.0,0.0,0.0,0.0,0.0,2.0,19,7,11
180430,15,2,1,7,8,3,6,1,1,1,1,24,2,2,0.0,0.0,0.0,0.0,0.0,1.0,16,4,12
97023,16,2,3,17,13,3,0,5,1,1,2,24,2,2,0.0,0.0,0.0,0.0,0.0,2.0,11,3,7
101600,16,2,3,17,6,3,6,1,1,1,2,36,2,2,0.0,0.0,0.0,0.0,0.0,2.0,11,3,7
7892,16,7,1,15,6,3,4,1,1,1,2,8,2,2,0.0,0.0,0.0,0.0,0.0,2.0,20,1,1
41264,16,2,3,10,2,3,0,1,1,1,1,36,2,2,0.0,0.0,0.0,0.0,0.0,2.0,16,4,3
72809,15,2,3,15,8,3,0,5,1,1,2,21,2,2,0.0,0.0,0.0,0.0,0.0,2.0,10,1,6
30091,16,2,3,10,3,3,0,1,0,0,1,19,2,3,1.0,0.0,0.0,1.0,0.0,1.0,13,2,3
122111,16,11,3,15,2,3,5,5,1,1,2,36,2,2,0.0,0.0,0.0,0.0,0.0,3.0,14,3,9
56584,16,7,3,0,15,3,6,1,0,1,2,39,2,3,2.0,0.0,0.0,2.0,0.0,0.0,14,5,5
97306,16,2,3,0,19,3,0,1,0,1,2,6,2,1,1.0,0.0,1.0,0.0,0.0,1.0,13,1,7
76455,15,11,0,0,15,3,5,5,1,1,2,5,2,2,0.0,0.0,0.0,0.0,0.0,3.0,1,1,6
133135,15,2,3,17,8,3,0,1,1,1,2,18,2,2,0.0,0.0,0.0,0.0,0.0,4.0,17,1,9
102632,4,2,4,7,10,3,0,1,1,0,0,26,2,2,0.0,0.0,0.0,0.0,0.0,1.0,18,5,7
56812,16,2,1,17,3,3,0,1,0,1,2,6,2,4,1.0,0.0,0.0,0.0,1.0,1.0,20,2,5
160249,16,2,3,15,10,3,0,1,0,1,2,4,2,2,0.0,0.0,0.0,0.0,0.0,3.0,12,6,11
100349,15,2,3,17,18,3,0,1,0,1,2,18,3,3,1.0,0.0,0.0,1.0,0.0,2.0,17,5,7
159239,4,2,3,17,10,3,0,5,0,1,2,18,3,2,0.0,0.0,0.0,0.0,0.0,2.0,7,3,11
85050,15,7,3,0,6,3,6,1,0,1,2,36,2,2,0.0,0.0,0.0,0.0,0.0,2.0,11,7,6
38568,4,2,3,10,8,4,0,1,0,1,2,19,2,4,1.0,0.0,0.0,0.0,1.0,1.0,16,7,3
137960,4,2,3,17,8,3,0,1,0,1,2,24,2,2,0.0,0.0,0.0,0.0,0.0,6.0,15,7,10
115379,15,2,3,10,10,3,0,1,1,0,0,36,2,2,0.0,0.0,0.0,0.0,0.0,3.0,7,1,8
40387,16,2,3,17,3,3,0,1,1,1,2,24,2,2,0.0,0.0,0.0,0.0,0.0,2.0,10,7,3
33284,4,9,0,14,8,3,4,1,0,1,2,36,2,2,0.0,0.0,0.0,0.0,0.0,2.0,23,7,3
148729,4,2,3,17,8,3,0,1,1,1,0,38,2,2,0.0,0.0,0.0,0.0,0.0,2.0,15,7,10
27101,16,2,1,9,8,3,5,5,0,0,0,18,2,3,1.0,0.0,0.0,1.0,0.0,1.0,19,1,2
126288,16,7,3,2,8,3,6,1,0,1,1,36,1,2,0.0,0.0,0.0,0.0,0.0,1.0,10,6,9
151186,15,2,3,0,6,3,0,1,0,1,2,36,2,1,1.0,0.0,1.0,0.0,0.0,1.0,17,7,10
70236,16,2,4,9,8,3,0,1,0,1,0,36,2,3,1.0,0.0,0.0,1.0,0.0,1.0,19,3,5
25339,4,7,3,10,8,3,6,5,0,1,2,39,2,2,0.0,0.0,0.0,0.0,0.0,3.0,13,7,2
96025,17,11,5,3,17,3,5,5,1,1,2,17,2,2,0.0,0.0,0.0,0.0,0.0,3.0,2,1,7
97413,16,2,1,8,6,3,0,1,1,1,0,26,2,2,0.0,0.0,0.0,0.0,0.0,2.0,21,2,7
127081,4,2,3,17,15,3,0,1,1,1,2,38,2,2,0.0,0.0,0.0,0.0,0.0,2.0,13,5,9
161263,18,2,1,17,6,3,0,1,0,1,2,18,2,3,2.0,0.0,0.0,2.0,0.0,2.0,21,6,11
33366,16,2,1,15,2,3,0,1,1,1,2,36,2,2,0.0,0.0,0.0,0.0,0.0,2.0,3,1,3
38972,16,2,1,17,10,3,0,1,0,1,1,24,2,2,0.0,0.0,0.0,0.0,0.0,4.0,0,7,3
48588,4,2,3,17,8,3,0,1,1,1,2,23,2,2,0.0,0.0,0.0,0.0,0.0,2.0,10,7,4
133978,16,7,1,15,2,3,6,5,1,1,1,36,2,2,0.0,0.0,0.0,0.0,0.0,3.0,21,7,9
24493,16,2,3,9,2,3,0,1,1,1,0,18,2,2,0.0,0.0,0.0,0.0,0.0,2.0,13,5,2
73153,16,2,3,9,6,3,0,1,0,1,2,28,2,1,1.0,0.0,1.0,0.0,0.0,1.0,15,6,6
19678,16,2,1,0,2,3,0,5,1,1,2,36,2,2,0.0,0.0,0.0,0.0,0.0,2.0,19,7,2
57385,16,2,3,17,8,3,0,1,1,1,2,36,2,2,0.0,0.0,0.0,0.0,0.0,4.0,10,4,5
110079,16,2,1,17,8,3,0,1,1,1,2,36,2,2,0.0,0.0,0.0,0.0,0.0,2.0,21,4,8
101683,15,2,3,0,8,3,0,1,0,1,2,18,2,1,1.0,0.0,1.0,0.0,0.0,1.0,14,5,7
63223,16,2,1,0,18,3,0,5,0,1,2,36,2,2,0.0,0.0,0.0,0.0,0.0,2.0,1,4,5
996,16,4,3,17,3,3,6,1,1,1,2,18,2,2,0.0,0.0,0.0,0.0,0.0,2.0,9,3,1
180260,4,2,1,17,8,3,5,5,0,1,2,24,2,2,0.0,0.0,0.0,0.0,0.0,2.0,18,7,12
125844,16,2,3,15,8,3,0,1,1,1,1,23,2,2,0.0,0.0,0.0,0.0,0.0,4.0,16,7,9
106594,4,7,1,17,8,3,6,5,0,1,2,24,2,3,1.0,0.0,0.0,1.0,0.0,1.0,22,7,8
121653,15,2,1,10,10,3,0,1,0,1,2,5,2,2,0.0,0.0,0.0,0.0,0.0,3.0,1,1,9
64370,16,2,3,15,8,3,0,1,1,1,2,36,2,2,0.0,0.0,0.0,0.0,0.0,2.0,13,3,5
27329,15,2,3,0,10,3,0,1,1,1,2,18,2,2,0.0,0.0,0.0,0.0,0.0,3.0,15,5,2