crash_date,               traffic_control_device,weather_condition,lighting_condition,first_crash_type,trafficway_type,alignment,roadway_surface_cond,road_defect,crash_type,intersection_related_i,damage,prim_contributory_cause,num_units,most_severe_injury,injuries_total,injuries_fatal,injuries_incapacitating,injuries_non_incapacitating,injuries_reported_not_evident,injuries_no_indication,crash_hour,crash_day_of_week,crash_month
99470,16,7,3,17,2,3,6,1,1,1,2,18,2,2,0.0,0.0,0.0,0.0,0.0,3.0,16,6,7
33989,16,7,1,17,8,3,6,5,1,1,2,24,2,2,0.0,0.0,0.0,0.0,0.0,2.0,23,4,3
50206,16,2,3,10,6,3,0,1,1,1,1,36,2,2,0.0,0.0,0.0,0.0,0.0,2.0,11,3,4
67415,16,2,3,10,6,3,0,1,1,1,2,19,2,2,0.0,0.0,0.0,0.0,0.0,2.0,17,2,5
102708,15,2,3,15,8,3,0,1,1,1,2,23,2,2,0.0,0.0,0.0,0.0,0.0,2.0,5,6,7
72981,4,2,3,0,6,3,0,1,0,1,2,28,2,3,2.0,0.0,0.0,2.0,0.0,1.0,7,2,6
165832,16,7,3,17,15,3,6,1,0,1,2,18,2,3,1.0,0.0,0.0,1.0,0.0,1.0,14,2,11
128781,16,2,3,15,8,3,0,1,1,1,2,36,3,2,0.0,0.0,0.0,0.0,0.0,3.0,17,6,9
123869,16,2,3,0,2,3,0,1,1,1,0,36,2,2,0.0,0.0,0.0,0.0,0.0,3.0,8,5,9
103159,15,2,0,17,15,3,0,1,0,1,2,24,2,2,0.0,0.0,0.0,0.0,0.0,2.0,20,6,7
31614,16,2,3,17,8,3,0,1,0,1,2,18,2,3,1.0,0.0,0.0,1.0,0.0,1.0,6,1,3
145651,15,2,3,0,6,3,5,5,1,1,2,18,2,2,0.0,0.0,0.0,0.0,0.0,3.0,16,7,10
22154,16,2,3,10,2,3,0,1,1,1,1,8,2,2,0.0,0.0,0.0,0.0,0.0,2.0,7,6,2
140921,15,2,2,10,8,3,0,1,1,1,2,19,2,2,0.0,0.0,0.0,0.0,0.0,2.0,20,6,10
48174,16,10,3,10,8,3,4,1,0,1,1,36,2,3,3.0,0.0,0.0,3.0,0.0,1.0,14,1,4
147597,16,2,3,10,3,3,0,1,1,1,2,19,2,2,0.0,0.0,0.0,0.0,0.0,2.0,14,6,10
42412,16,2,1,10,8,3,0,1,1,1,2,36,2,2,0.0,0.0,0.0,0.0,0.0,2.0,22,2,4
116009,16,2,3,17,8,3,0,5,0,1,2,18,2,3,1.0,0.0,0.0,1.0,0.0,1.0,17,4,8
128912,16,2,3,10,2,3,0,1,1,1,1,19,2,2,0.0,0.0,0.0,0.0,0.0,2.0,16,6,9
4036,16,2,3,10,6,4,0,1,1,1,1,19,2,2,0.0,0.0,0.0,0.0,0.0,3.0,15,5,1
55445,17,11,5,0,6,3,5,5,1,1,2,36,2,2,0.0,0.0,0.0,0.0,0.0,2.0,13,2,4
71997,11,2,3,17,15,3,0,1,0,1,2,12,2,3,2.0,0.0,0.0,2.0,0.0,1.0,8,2,6
155356,15,2,3,0,15,3,0,1,0,1,2,18,2,2,0.0,0.0,0.0,0.0,0.0,2.0,13,7,10
114803,4,2,3,17,19,3,0,1,1,1,1,36,2,2,0.0,0.0,0.0,0.0,0.0,2.0,7,6,8
86678,4,7,3,15,6,3,6,1,1,0,1,18,2,2,0.0,0.0,0.0,0.0,0.0,2.0,7,6,6
125057,16,2,1,7,8,3,0,1,1,1,2,19,2,2,0.0,0.0,0.0,0.0,0.0,1.0,20,1,9
86634,16,2,1,17,6,3,0,1,0,1,2,36,2,3,2.0,0.0,0.0,2.0,0.0,1.0,23,4,6
71504,4,2,3,7,15,3,0,1,0,1,2,11,2,2,0.0,0.0,0.0,0.0,0.0,2.0,6,2,5
174727,15,11,1,0,15,3,5,1,0,1,2,5,2,4,1.0,0.0,0.0,0.0,1.0,3.0,21,2,12
137224,15,2,0,0,6,3,0,1,0,1,2,5,2,2,0.0,0.0,0.0,0.0,0.0,2.0,22,2,9
38106,15,2,3,17,1,3,0,1,1,1,1,19,2,2,0.0,0.0,0.0,0.0,0.0,2.0,15,6,3
78058,16,2,3,9,6,3,0,1,0,1,1,36,2,3,1.0,0.0,0.0,1.0,0.0,1.0,7,2,6
30859,15,3,3,0,6,3,0,1,0,1,2,18,2,3,2.0,0.0,0.0,2.0,0.0,0.0,16,2,3
152896,15,7,1,0,8,3,6,1,0,1,2,36,3,2,0.0,0.0,0.0,0.0,0.0,2.0,18,7,10
17472,16,2,3,10,8,3,6,5,1,1,2,36,2,2,0.0,0.0,0.0,0.0,0.0,2.0,13,5,2
78625,15,7,4,0,6,3,6,1,0,1,2,39,2,2,0.0,0.0,0.0,0.0,0.0,2.0,18,3,6
134331,16,2,3,15,6,3,0,1,1,1,2,18,2,2,0.0,0.0,0.0,0.0,0.0,2.0,18,4,9
35103,16,2,3,0,8,3,0,1,0,1,2,18,2,3,1.0,0.0,0.0,1.0,0.0,2.0,9,2,3
106314,16,2,3,10,6,3,0,1,1,1,2,8,2,2,0.0,0.0,0.0,0.0,0.0,2.0,8,2,8
89972,16,2,3,17,15,3,0,1,1,1,2,36,2,2,0.0,0.0,0.0,0.0,0.0,3.0,16,6,7
86160,4,2,3,8,15,3,0,1,0,1,2,36,2,1,1.0,0.0,1.0,0.0,0.0,1.0,14,5,6
5745,16,2,3,0,6,3,0,1,0,1,2,6,2,2,0.0,0.0,0.0,0.0,0.0,2.0,11,3,1
115254,16,2,3,10,8,3,0,1,1,1,2,19,2,2,0.0,0.0,0.0,0.0,0.0,2.0,9,5,8
185061,16,10,3,15,6,3,4,0,1,1,0,39,2,2,0.0,0.0,0.0,0.0,0.0,2.0,11,6,12
46760,15,2,3,17,3,3,0,1,0,1,2,18,2,3,1.0,0.0,0.0,1.0,0.0,4.0,8,4,4
173481,16,2,1,17,8,3,0,1,0,1,2,18,2,2,0.0,0.0,0.0,0.0,0.0,2.0,17,6,12
162776,10,2,1,9,2,3,0,1,0,1,0,18,2,3,1.0,0.0,0.0,1.0,0.0,2.0,18,7,11
125747,16,2,3,12,8,3,0,1,1,1,1,19,2,2,0.0,0.0,0.0,0.0,0.0,2.0,15,6,9
53526,16,2,3,0,2,3,0,1,0,1,2,18,2,2,0.0,0.0,0.0,0.0,0.0,3.0,17,5,4
187226,15,2,3,0,15,3,0,1,0,1,2,5,2,2,0.0,0.0,0.0,0.0,0.0,2.0,13,2,12
188807,15,2,1,0,6,3,4,1,0,1,2,28,4,3,1.0,0.0,0.0,1.0,0.0,2.0,18,5,12
142899,16,2,4,0,8,3,0,1,1,1,2,6,2,2,0.0,0.0,0.0,0.0,0.0,4.0,6,4,10
31681,16,2,3,17,8,3,0,1,1,1,1,36,2,2,0.0,0.0,0.0,0.0,0.0,2.0,13,3,3
71481,16,3,3,10,10,3,0,1,1,1,1,17,2,2,0.0,0.0,0.0,0.0,0.0,2.0,14,2,5
8660,16,2,3,17,11,3,5,5,1,1,1,24,2,2,0.0,0.0,0.0,0.0,0.0,2.0,15,5,1
65797,16,2,3,10,8,3,0,5,1,1,1,36,2,2,0.0,0.0,0.0,0.0,0.0,2.0,14,5,5
94387,16,2,3,17,6,3,0,1,0,1,2,17,2,2,0.0,0.0,0.0,0.0,0.0,2.0,13,5,7
64545,16,2,3,15,8,3,0,1,1,1,1,22,2,2,0.0,0.0,0.0,0.0,0.0,2.0,14,4,5
44841,16,2,3,17,8,3,0,1,1,1,2,18,2,2,0.0,0.0,0.0,0.0,0.0,2.0,7,5,4
35286,15,11,5,3,6,3,5,5,0,1,2,36,2,2,0.0,0.0,0.0,0.0,0.0,5.0,20,6,3
91191,16,2,4,17,6,3,0,1,1,1,2,19,3,2,0.0,0.0,0.0,0.0,0.0,3.0,18,4,7
46023,16,2,3,17,2,3,0,1,1,1,2,18,2,2,0.0,0.0,0.0,0.0,0.0,2.0,13,6,4
3574,16,2,1,10,2,3,0,1,1,1,1,17,2,2,0.0,0.0,0.0,0.0,0.0,2.0,8,4,1
86792,15,2,3,0,8,3,0,1,0,1,2,12,2,3,1.0,0.0,0.0,1.0,0.0,1.0,17,6,6
106365,16,2,3,15,8,3,0,1,1,1,2,18,2,2,0.0,0.0,0.0,0.0,0.0,3.0,18,4,8
43150,16,2,2,2,3,3,0,1,0,1,2,15,1,2,0.0,0.0,0.0,0.0,0.0,1.0,5,1,4
99765,16,2,1,10,10,3,0,1,1,1,0,19,2,2,0.0,0.0,0.0,0.0,0.0,2.0,0,2,7
12989,16,2,3,17,2,3,4,5,1,1,2,36,2,2,0.0,0.0,0.0,0.0,0.0,3.0,14,1,1
42438,16,2,3,15,5,3,0,1,1,1,2,26,2,2,0.0,0.0,0.0,0.0,0.0,5.0,17,4,4
153489,16,6,1,17,2,3,6,1,1,1,1,18,2,2,0.0,0.0,0.0,0.0,0.0,2.0,18,1,10
12150,4,2,1,0,10,3,0,1,1,1,0,18,2,2,0.0,0.0,0.0,0.0,0.0,2.0,15,2,1
28497,16,2,4,8,6,3,0,5,0,1,2,9,2,3,1.0,0.0,0.0,1.0,0.0,3.0,16,2,3
11104,15,3,3,17,8,3,5,5,1,1,1,19,2,2,0.0,0.0,0.0,0.0,0.0,4.0,16,4,1
117856,16,2,3,15,8,3,0,1,1,1,2,23,2,2,0.0,0.0,0.0,0.0,0.0,2.0,16,3,8
143494,15,2,3,0,8,3,0,1,1,1,2,5,2,2,0.0,0.0,0.0,0.0,0.0,2.0,7,5,10
161626,4,2,4,0,8,3,0,1,1,1,2,36,2,2,0.0,0.0,0.0,0.0,0.0,2.0,18,5,11
102266,6,2,3,17,6,3,0,5,0,1,2,24,2,3,2.0,0.0,0.0,2.0,0.0,1.0,12,6,7
117487,16,2,1,0,6,3,0,1,0,1,2,36,2,3,1.0,0.0,0.0,1.0,0.0,1.0,20,5,8
31905,16,7,3,0,6,3,6,1,0,1,2,6,2,2,0.0,0.0,0.0,0.0,0.0,2.0,12,6,3
64377,16,11,3,17,8,3,5,5,0,1,2,36,2,3,3.0,0.0,0.0,3.0,0.0,2.0,15,3,5
24633,15,10,0,17,8,3,4,1,1,1,1,39,2,2,0.0,0.0,0.0,0.0,0.0,2.0,19,1,2
32328,15,7,1,0,6,3,6,1,1,1,2,18,2,2,0.0,0.0,0.0,0.0,0.0,2.0,19,5,3
62329,16,2,3,17,6,3,0,1,0,1,2,36,2,4,1.0,0.0,0.0,0.0,1.0,2.0,7,5,5
182740,16,2,1,0,6,3,0,1,0,1,2,37,3,0,2.0,1.0,1.0,0.0,0.0,0.0,3,7,12
50502,4,2,3,17,8,3,0,1,0,1,2,36,2,2,0.0,0.0,0.0,0.0,0.0,4.0,7,2,4
98089,15,2,3,17,6,3,5,1,1,1,2,18,2,2,0.0,0.0,0.0,0.0,0.0,2.0,14,7,7
124238,16,7,1,2,18,3,6,1,0,1,2,36,1,1,1.0,0.0,1.0,0.0,0.0,0.0,3,5,9
112672,4,2,0,17,2,3,6,1,1,1,1,19,2,2,0.0,0.0,0.0,0.0,0.0,2.0,23,7,8
141460,16,2,1,10,3,3,0,1,1,1,2,28,2,2,0.0,0.0,0.0,0.0,0.0,2.0,19,6,10
86194,16,2,3,0,6,3,0,1,0,1,2,17,2,2,0.0,0.0,0.0,0.0,0.0,2.0,9,5,6
80252,15,2,0,14,11,3,0,1,1,1,1,12,2,2,0.0,0.0,0.0,0.0,0.0,2.0,23,5,6
37559,16,2,3,0,2,3,0,5,1,1,2,18,2,2,0.0,0.0,0.0,0.0,0.0,2.0,10,4,3
69324,15,2,3,7,2,3,0,1,1,1,2,24,2,2,0.0,0.0,0.0,0.0,0.0,2.0,10,2,5
106614,16,11,3,17,1,3,5,5,1,1,2,8,2,2,0.0,0.0,0.0,0.0,0.0,3.0,14,2,8
96628,16,2,3,15,10,3,0,1,1,1,1,36,2,2,0.0,0.0,0.0,0.0,0.0,2.0,13,4,7
36374,14,2,3,0,2,3,0,1,0,1,2,18,2,3,7.0,0.0,0.0,7.0,0.0,1.0,9,2,3
31230,16,2,0,17,6,3,4,1,0,1,2,24,2,2,0.0,0.0,0.0,0.0,0.0,2.0,9,1,3
21598,16,2,1,10,8,3,5,5,0,1,0,36,2,3,1.0,0.0,0.0,1.0,0.0,2.0,20,4,2
97137,16,2,3,2,2,3,0,1,0,1,2,6,2,2,0.0,0.0,0.0,0.0,0.0,2.0,8,4,7
184301,16,11,1,0,2,3,0,1,1,1,1,6,2,2,0.0,0.0,0.0,0.0,0.0,2.0,19,7,12
146780,16,2,3,17,2,3,0,1,0,1,2,12,2,3,2.0,0.0,0.0,2.0,0.0,0.0,8,2,10
79325,16,2,3,17,3,3,0,6,1,1,2,22,2,2,0.0,0.0,0.0,0.0,0.0,4.0,17,4,6
129059,15,2,3,17,10,3,0,1,1,1,1,18,2,2,0.0,0.0,0.0,0.0,0.0,6.0,11,1,9
132463,16,2,1,17,8,3,0,1,1,1,2,19,2,2,0.0,0.0,0.0,0.0,0.0,2.0,0,5,9
174951,16,2,1,10,2,4,0,1,0,1,2,17,3,4,2.0,0.0,0.0,0.0,2.0,1.0,17,4,12
23536,16,11,0,17,8,3,6,5,1,1,1,6,2,2,0.0,0.0,0.0,0.0,0.0,3.0,4,2,2
122754,16,2,3,17,3,3,0,1,1,1,2,24,2,2,0.0,0.0,0.0,0.0,0.0,3.0,3,2,9
37381,16,2,1,10,8,3,0,1,1,1,2,36,2,2,0.0,0.0,0.0,0.0,0.0,2.0,21,7,3
124857,4,2,3,15,6,3,0,1,1,1,1,36,2,2,0.0,0.0,0.0,0.0,0.0,2.0,12,6,9
187644,16,10,1,17,8,3,4,1,1,1,1,36,2,2,0.0,0.0,0.0,0.0,0.0,2.0,19,7,12
146669,16,2,1,0,6,3,0,1,0,1,2,18,2,2,0.0,0.0,0.0,0.0,0.0,5.0,20,7,10
164774,4,3,4,10,8,3,0,1,1,1,2,19,2,2,0.0,0.0,0.0,0.0,0.0,3.0,15,6,11
50202,16,2,1,17,10,3,0,1,0,1,2,24,2,3,1.0,0.0,0.0,1.0,0.0,1.0,21,3,4
65746,15,2,1,15,8,3,0,1,1,0,1,19,2,2,0.0,0.0,0.0,0.0,0.0,2.0,0,2,5
186556,16,7,1,17,3,3,0,1,0,1,2,24,3,3,2.0,0.0,0.0,1.0,1.0,1.0,14,5,12
114045,16,2,3,17,8,3,0,1,0,1,2,18,2,3,2.0,0.0,0.0,1.0,1.0,2.0,13,1,8
12179,15,2,3,0,8,3,0,1,1,1,2,18,2,2,0.0,0.0,0.0,0.0,0.0,2.0,11,2,1
83023,16,2,3,0,6,3,0,1,0,1,2,6,2,4,2.0,0.0,0.0,0.0,2.0,0.0,6,4,6
57966,16,2,3,17,2,3,5,5,1,1,1,36,2,2,0.0,0.0,0.0,0.0,0.0,2.0,8,6,5
127059,15,2,3,0,6,3,0,1,1,1,2,18,2,2,0.0,0.0,0.0,0.0,0.0,3.0,7,3,9
126477,15,7,1,0,3,3,6,1,0,1,2,5,2,3,1.0,0.0,0.0,1.0,0.0,1.0,19,2,9
114156,15,2,1,0,18,3,0,1,1,1,1,17,2,2,0.0,0.0,0.0,0.0,0.0,2.0,2,3,8
104163,16,2,3,17,15,3,0,1,1,1,0,24,2,2,0.0,0.0,0.0,0.0,0.0,2.0,5,7,8
132047,16,2,3,15,10,3,0,1,1,1,1,36,2,2,0.0,0.0,0.0,0.0,0.0,2.0,8,7,9
11488,16,2,1,9,8,3,0,1,0,1,0,36,2,3,1.0,0.0,0.0,1.0,0.0,1.0,19,4,1
99154,15,2,1,0,6,3,0,5,1,1,1,18,2,2,0.0,0.0,0.0,0.0,0.0,2.0,0,7,7
183913,16,2,4,17,6,3,5,5,1,1,1,23,2,2,0.0,0.0,0.0,0.0,0.0,3.0,18,3,12
2365,4,2,3,10,8,3,6,5,1,1,2,19,2,2,0.0,0.0,0.0,0.0,0.0,2.0,21,1,1
26097,16,10,1,10,6,3,6,1,1,1,2,19,2,2,0.0,0.0,0.0,0.0,0.0,3.0,23,6,2
164386,16,2,1,0,16,3,6,1,0,1,2,6,2,2,0.0,0.0,0.0,0.0,0.0,4.0,20,7,11
148584,16,2,1,0,1,3,0,1,0,1,2,6,2,4,1.0,0.0,0.0,0.0,1.0,2.0,23,7,10
287,16,2,3,0,2,3,0,1,1,1,0,36,2,2,0.0,0.0,0.0,0.0,0.0,2.0,1,7,1
162350,4,2,3,17,19,3,0,1,1,1,2,22,2,2,0.0,0.0,0.0,0.0,0.0,2.0,12,1,11
26796,15,10,4,17,8,3,0,1,1,1,1,9,2,2,0.0,0.0,0.0,0.0,0.0,2.0,16,3,2
129317,16,2,3,10,8,3,0,1,1,1,1,36,4,2,0.0,0.0,0.0,0.0,0.0,2.0,8,6,9
149044,16,2,2,10,6,3,0,1,1,1,2,19,2,2,0.0,0.0,0.0,0.0,0.0,3.0,5,6,10
171783,15,5,0,0,8,3,5,1,1,1,2,5,3,2,0.0,0.0,0.0,0.0,0.0,3.0,16,7,11
181508,16,2,3,15,1,3,0,1,1,1,1,36,2,2,0.0,0.0,0.0,0.0,0.0,2.0,10,3,12
189,16,11,1,9,10,3,5,1,0,1,0,18,2,3,1.0,0.0,0.0,1.0,0.0,1.0,3,4,1
127058,16,2,3,0,6,3,0,5,0,1,2,6,2,3,2.0,0.0,0.0,2.0,0.0,2.0,7,3,9
178211,16,2,1,10,8,3,0,1,1,1,2,19,3,2,0.0,0.0,0.0,0.0,0.0,3.0,15,4,12
118644,16,2,3,9,6,3,0,1,0,1,0,18,2,3,1.0,0.0,0.0,1.0,0.0,2.0,8,1,8
111996,16,2,3,10,1,3,0,1,1,1,0,19,2,2,0.0,0.0,0.0,0.0,0.0,3.0,12,4,8
169768,16,2,3,0,2,3,0,1,0,1,2,6,2,1,1.0,0.0,1.0,0.0,0.0,1.0,14,3,11
15615,16,2,3,8,2,3,0,1,0,1,0,6,2,3,1.0,0.0,0.0,1.0,0.0,1.0,14,6,2
142159,16,2,3,17,3,2,0,1,1,1,2,24,2,2,0.0,0.0,0.0,0.0,0.0,2.0,9,3,10
42513,15,2,1,0,10,3,0,1,0,1,2,36,2,3,1.0,0.0,0.0,1.0,0.0,2.0,23,5,4
174225,16,2,3,15,15,3,5,1,1,1,1,36,2,2,0.0,0.0,0.0,0.0,0.0,2.0,15,4,12
26073,16,10,1,0,8,3,4,1,0,1,2,6,2,3,1.0,0.0,0.0,1.0,0.0,1.0,21,6,2
151683,15,2,3,7,8,3,0,1,1,1,2,9,2,2,0.0,0.0,0.0,0.0,0.0,1.0,10,5,10
55590,16,2,3,15,8,3,0,1,1,1,2,36,2,2,0.0,0.0,0.0,0.0,0.0,2.0,18,2,4
27845,16,2,3,15,6,3,0,1,1,1,2,23,2,2,0.0,0.0,0.0,0.0,0.0,7.0,8,6,2
175787,16,2,1,10,6,3,0,1,1,1,1,19,2,2,0.0,0.0,0.0,0.0,0.0,2.0,17,4,12
3205,15,10,1,0,6,3,4,1,1,1,2,5,2,2,0.0,0.0,0.0,0.0,0.0,4.0,15,6,1
144882,16,2,1,15,1,3,0,1,1,1,1,22,2,2,0.0,0.0,0.0,0.0,0.0,2.0,22,3,10
101807,16,2,3,8,5,3,0,1,0,1,1,11,2,3,1.0,0.0,0.0,1.0,0.0,1.0,10,7,7
755,4,2,3,17,2,3,0,1,1,1,1,36,3,2,0.0,0.0,0.0,0.0,0.0,3.0,15,7,1
74653,16,2,1,17,6,3,0,1,0,1,2,36,2,2,0.0,0.0,0.0,0.0,0.0,3.0,22,7,6
168028,15,2,0,17,2,3,0,1,1,1,1,36,2,2,0.0,0.0,0.0,0.0,0.0,5.0,19,4,11
75422,16,2,3,17,6,3,0,1,1,1,1,36,2,2,0.0,0.0,0.0,0.0,0.0,2.0,14,6,6
102769,16,2,3,10,6,3,0,1,1,1,2,18,2,2,0.0,0.0,0.0,0.0,0.0,2.0,16,7,7
89545,16,2,3,15,8,3,0,1,1,1,2,23,2,2,0.0,0.0,0.0,0.0,0.0,2.0,15,7,7
45510,16,2,3,17,2,3,0,1,1,1,2,17,2,2,0.0,0.0,0.0,0.0,0.0,2.0,12,2,4
131459,16,2,3,10,2,3,0,5,0,1,2,8,2,4,1.0,0.0,0.0,0.0,1.0,1.0,9,6,9
70255,16,2,1,2,8,3,0,1,0,1,1,36,2,3,2.0,0.0,0.0,2.0,0.0,0.0,23,3,5
157170,15,2,3,17,18,3,0,5,1,1,2,36,2,2,0.0,0.0,0.0,0.0,0.0,2.0,8,4,11
78879,16,2,3,10,8,3,0,1,0,1,2,19,2,4,1.0,0.0,0.0,0.0,1.0,1.0,16,6,6
20999,16,2,3,17,15,3,0,1,1,1,2,12,2,2,0.0,0.0,0.0,0.0,0.0,3.0,11,2,2
46338,15,2,3,9,8,3,0,1,0,1,2,36,2,1,1.0,0.0,1.0,0.0,0.0,1.0,7,3,4
43449,15,2,1,17,2,3,0,1,1,1,2,18,2,2,0.0,0.0,0.0,0.0,0.0,2.0,3,1,4
137732,4,2,3,15,3,3,0,1,0,0,2,19,2,4,1.0,0.0,0.0,0.0,1.0,1.0,11,2,10
148801,4,3,1,15,8,3,0,1,0,0,2,23,3,3,1.0,0.0,0.0,1.0,0.0,1.0,18,1,10
21669,16,2,1,17,1,3,0,1,0,1,2,18,2,3,1.0,0.0,0.0,1.0,0.0,1.0,19,5,2
160751,16,5,0,9,8,3,6,1,1,0,0,26,2,2,0.0,0.0,0.0,0.0,0.0,2.0,18,7,11
102809,16,2,3,0,8,3,0,1,0,1,2,6,2,3,1.0,0.0,0.0,1.0,0.0,1.0,12,7,7
58410,17,11,1,14,8,3,5,5,1,1,2,26,2,2,0.0,0.0,0.0,0.0,0.0,2.0,3,1,5
75447,16,2,3,0,2,3,0,1,1,1,2,18,2,2,0.0,0.0,0.0,0.0,0.0,4.0,17,6,6
149003,15,2,3,17,6,3,0,1,1,1,2,18,2,2,0.0,0.0,0.0,0.0,0.0,2.0,10,5,10
112790,17,11,1,15,15,3,5,5,1,1,2,36,2,2,0.0,0.0,0.0,0.0,0.0,4.0,23,3,8
99366,15,2,3,17,9,3,0,1,1,1,0,18,2,2,0.0,0.0,0.0,0.0,0.0,2.0,19,3,7
72393,16,2,3,17,8,3,0,1,0,1,2,18,3,2,0.0,0.0,0.0,0.0,0.0,3.0,8,7,6
80474,4,2,3,15,2,3,0,1,1,1,2,18,2,2,0.0,0.0,0.0,0.0,0.0,2.0,15,1,6
182466,16,2,1,10,2,3,0,5,1,1,2,19,2,2,0.0,0.0,0.0,0.0,0.0,2.0,19,2,12
100647,16,2,3,15,8,3,0,1,1,1,2,22,2,2,0.0,0.0,0.0,0.0,0.0,4.0,7,3,7
52159,16,2,3,10,2,3,0,1,1,1,0,19,2,2,0.0,0.0,0.0,0.0,0.0,2.0,9,2,4
162169,15,3,3,17,6,3,4,1,1,1,1,24,2,2,0.0,0.0,0.0,0.0,0.0,3.0,13,6,11
66098,4,7,3,17,8,3,6,1,1,1,1,38,2,2,0.0,0.0,0.0,0.0,0.0,2.0,14,2,5
104999,16,2,3,0,8,3,0,1,0,1,2,36,2,2,0.0,0.0,0.0,0.0,0.0,4.0,17,6,8
21630,16,2,3,17,3,3,0,1,1,1,1,22,2,2,0.0,0.0,0.0,0.0,0.0,3.0,18,4,2
69429,16,2,1,17,6,3,0,1,0,1,2,6,2,3,2.0,0.0,0.0,2.0,0.0,4.0,20,5,5
118503,15,2,3,17,8,3,0,1,0,1,2,18,2,3,1.0,0.0,0.0,1.0,0.0,3.0,6,6,8
54224,16,7,1,17,2,3,6,5,1,1,1,22,2,2,0.0,0.0,0.0,0.0,0.0,3.0,23,2,4
25030,16,2,1,17,8,3,0,1,0,1,2,18,2,1,2.0,0.0,2.0,0.0,0.0,0.0,17,2,2
87157,16,2,1,10,8,3,0,1,0,1,2,36,2,3,2.0,0.0,0.0,2.0,0.0,2.0,23,5,6
29164,4,2,3,15,8,3,0,1,1,1,1,23,2,2,0.0,0.0,0.0,0.0,0.0,2.0,16,6,3
154500,4,2,1,17,8,3,0,1,1,1,2,18,2,2,0.0,0.0,0.0,0.0,0.0,4.0,20,2,10
2723,16,2,1,0,8,3,0,1,1,1,2,36,2,2,0.0,0.0,0.0,0.0,0.0,2.0,21,5,1
143826,15,2,3,17,8,3,0,1,1,1,2,24,2,2,0.0,0.0,0.0,0.0,0.0,2.0,8,3,10
120248,15,2,3,0,6,3,0,1,0,1,2,12,2,2,0.0,0.0,0.0,0.0,0.0,3.0,7,3,8
5640,16,10,3,15,8,4,4,1,1,1,1,17,2,2,0.0,0.0,0.0,0.0,0.0,2.0,12,7,1
101297,15,2,3,0,8,3,0,1,0,1,2,5,2,2,0.0,0.0,0.0,0.0,0.0,2.0,8,5,7
100841,15,2,3,17,8,3,0,1,1,1,1,18,2,2,0.0,0.0,0.0,0.0,0.0,2.0,10,5,7
72450,16,2,1,0,8,3,0,1,1,1,2,6,2,2,0.0,0.0,0.0,0.0,0.0,3.0,4,1,6
12931,4,2,3,7,0,3,0,1,1,1,0,23,2,2,0.0,0.0,0.0,0.0,0.0,1.0,10,6,1
35543,16,3,3,10,6,3,0,1,1,1,1,36,2,2,0.0,0.0,0.0,0.0,0.0,2.0,14,3,3
185805,15,2,1,10,8,3,0,1,1,1,2,19,2,2,0.0,0.0,0.0,0.0,0.0,2.0,21,4,12
111995,4,2,3,17,8,3,0,1,1,1,1,36,2,2,0.0,0.0,0.0,0.0,0.0,2.0,12,4,8
125304,15,2,3,0,6,3,0,1,1,1,2,5,2,2,0.0,0.0,0.0,0.0,0.0,2.0,9,6,9
146102,16,2,3,17,8,3,0,1,1,1,2,19,2,2,0.0,0.0,0.0,0.0,0.0,2.0,12,6,10
48805,16,11,3,10,6,3,5,5,1,1,2,36,2,2,0.0,0.0,0.0,0.0,0.0,3.0,15,6,4
36952,16,2,1,17,8,3,0,1,1,1,2,18,2,2,0.0,0.0,0.0,0.0,0.0,3.0,22,6,3
112806,16,2,1,17,18,3,5,5,0,1,2,28,2,4,1.0,0.0,0.0,0.0,1.0,2.0,1,4,8
176372,16,2,1,17,16,3,0,5,0,1,2,36,2,4,3.0,0.0,0.0,0.0,3.0,0.0,17,6,12
93659,15,2,1,0,6,3,0,1,0,1,2,5,5,2,0.0,0.0,0.0,0.0,0.0,2.0,2,1,7
75610,15,2,0,0,8,3,0,1,0,1,2,5,2,4,1.0,0.0,0.0,0.0,1.0,1.0,23,6,6
82735,15,2,3,17,2,3,0,1,1,1,2,18,2,2,0.0,0.0,0.0,0.0,0.0,3.0,10,5,6
78403,16,2,3,17,6,3,0,1,1,1,2,23,2,2,0.0,0.0,0.0,0.0,0.0,2.0,17,7,6
156412,16,2,3,9,8,3,0,1,0,1,2,18,2,3,1.0,0.0,0.0,1.0,0.0,1.0,13,6,11
111888,16,2,3,17,6,3,0,1,0,1,2,6,4,3,3.0,0.0,0.0,3.0,0.0,3.0,19,5,8
77055,15,2,3,0,8,3,0,1,0,1,2,18,2,3,1.0,0.0,0.0,1.0,0.0,2.0,18,2,6
164775,16,7,1,2,2,3,6,1,1,1,2,26,1,2,0.0,0.0,0.0,0.0,0.0,1.0,16,6,11
73245,16,2,4,17,6,3,0,1,0,1,2,17,3,4,1.0,0.0,0.0,0.0,1.0,4.0,19,7,6
68527,16,2,3,10,6,3,0,1,1,1,0,19,2,2,0.0,0.0,0.0,0.0,0.0,4.0,9,5,5
50413,16,2,3,0,6,3,0,1,0,1,2,38,2,4,1.0,0.0,0.0,0.0,1.0,1.0,7,6,4
99363,4,2,3,15,10,3,0,5,1,1,1,36,2,2,0.0,0.0,0.0,0.0,0.0,3.0,19,3,7
154203,16,7,0,17,6,2,6,1,0,1,2,39,2,2,0.0,0.0,0.0,0.0,0.0,3.0,21,6,10
1342,16,5,1,17,6,3,6,1,1,1,2,19,2,2,0.0,0.0,0.0,0.0,0.0,3.0,5,3,1