crash_date,               traffic_control_device,weather_condition,lighting_condition,first_crash_type,trafficway_type,alignment,roadway_surface_cond,road_defect,crash_type,intersection_related_i,damage,prim_contributory_cause,num_units,most_severe_injury,injuries_total,injuries_fatal,injuries_incapacitating,injuries_non_incapacitating,injuries_reported_not_evident,injuries_no_indication,crash_hour,crash_day_of_week,crash_month
118554,16,2,1,0,8,3,0,1,0,1,2,6,2,3,1.0,0.0,0.0,1.0,0.0,1.0,4,7,8
145192,4,2,3,15,8,3,0,1,1,1,1,22,2,2,0.0,0.0,0.0,0.0,0.0,2.0,8,6,10
147426,16,2,1,0,6,3,0,1,0,1,2,6,2,2,0.0,0.0,0.0,0.0,0.0,2.0,0,5,10
36272,4,2,3,17,8,3,0,1,1,0,0,18,2,2,0.0,0.0,0.0,0.0,0.0,2.0,7,7,3
120162,15,2,3,0,6,3,0,1,1,1,1,36,2,2,0.0,0.0,0.0,0.0,0.0,3.0,15,2,8
21292,4,2,1,0,8,3,1,1,0,1,2,17,2,3,1.0,0.0,0.0,1.0,0.0,4.0,5,6,2
179820,15,2,3,0,6,3,0,6,1,1,2,18,2,2,0.0,0.0,0.0,0.0,0.0,2.0,9,3,12
108260,15,2,3,0,8,3,0,1,1,1,2,36,2,2,0.0,0.0,0.0,0.0,0.0,2.0,8,4,8
152842,16,2,1,10,3,3,0,1,1,1,2,13,2,2,0.0,0.0,0.0,0.0,0.0,2.0,19,6,10
104707,15,2,3,0,6,3,0,1,0,1,2,5,3,3,1.0,0.0,0.0,1.0,0.0,1.0,8,6,8
35429,15,2,1,2,8,3,1,1,0,1,2,17,1,1,1.0,0.0,1.0,0.0,0.0,0.0,5,7,3
39745,15,2,3,17,2,3,0,1,0,1,2,18,2,2,0.0,0.0,0.0,0.0,0.0,3.0,12,7,3
24089,15,6,3,0,2,3,6,1,1,1,1,18,2,2,0.0,0.0,0.0,0.0,0.0,2.0,16,4,2
63267,16,7,3,10,15,3,0,1,1,1,1,36,2,2,0.0,0.0,0.0,0.0,0.0,2.0,9,4,5
124299,16,2,3,0,8,3,0,1,1,1,1,18,2,2,0.0,0.0,0.0,0.0,0.0,2.0,14,7,9
20753,16,11,3,10,10,3,5,5,1,1,2,17,2,2,0.0,0.0,0.0,0.0,0.0,11.0,16,5,2
121822,16,3,3,2,8,3,6,1,1,1,1,36,1,2,0.0,0.0,0.0,0.0,0.0,1.0,9,3,9
109130,16,2,2,0,3,3,0,5,0,1,2,6,2,4,2.0,0.0,0.0,0.0,2.0,0.0,5,5,8
108108,16,2,3,2,10,3,0,5,1,1,2,36,1,2,0.0,0.0,0.0,0.0,0.0,1.0,7,3,8
33627,16,2,3,10,3,3,0,1,1,1,1,19,2,2,0.0,0.0,0.0,0.0,0.0,3.0,14,7,3
52567,16,2,3,17,8,3,0,1,0,1,1,18,2,3,2.0,0.0,0.0,2.0,0.0,1.0,13,3,4
26833,4,2,3,0,2,3,6,1,1,1,1,6,2,2,0.0,0.0,0.0,0.0,0.0,3.0,11,3,2
105840,4,2,3,17,8,3,0,5,0,1,2,36,2,3,1.0,0.0,0.0,1.0,0.0,1.0,7,3,8
28962,16,2,3,17,10,3,0,1,1,1,1,24,2,2,0.0,0.0,0.0,0.0,0.0,2.0,8,3,3
10072,16,2,1,17,1,3,0,1,0,1,2,6,2,2,0.0,0.0,0.0,0.0,0.0,2.0,2,1,1
125107,15,2,3,8,10,3,0,1,0,1,2,5,2,3,1.0,0.0,0.0,1.0,0.0,1.0,7,2,9
65185,16,3,3,17,3,3,0,1,0,1,2,18,2,3,1.0,0.0,0.0,1.0,0.0,4.0,12,7,5
43214,16,7,4,0,2,3,6,1,0,1,1,6,2,2,0.0,0.0,0.0,0.0,0.0,5.0,17,3,4
84822,15,2,3,0,6,3,0,1,0,1,2,18,2,1,1.0,0.0,1.0,0.0,0.0,2.0,8,3,6
180012,16,2,3,4,15,3,0,1,0,1,2,26,1,2,0.0,0.0,0.0,0.0,0.0,1.0,15,7,12
188946,16,2,1,10,10,3,0,1,1,1,2,36,2,2,0.0,0.0,0.0,0.0,0.0,6.0,22,7,12
109352,16,2,3,10,8,3,0,1,0,1,0,30,2,4,1.0,0.0,0.0,0.0,1.0,3.0,9,7,8
1972,16,2,0,17,8,3,5,5,1,1,2,36,2,2,0.0,0.0,0.0,0.0,0.0,3.0,18,5,1
36301,4,2,3,17,2,3,0,1,1,1,2,36,2,2,0.0,0.0,0.0,0.0,0.0,6.0,16,1,3
136773,4,2,3,17,2,3,0,1,0,1,2,18,2,3,3.0,0.0,0.0,3.0,0.0,0.0,15,4,9
56337,15,2,3,17,8,3,0,1,1,1,2,18,2,2,0.0,0.0,0.0,0.0,0.0,2.0,9,1,5
133102,16,2,3,9,8,3,0,1,0,1,0,18,2,1,1.0,0.0,1.0,0.0,0.0,1.0,12,7,9
187859,16,2,3,10,8,3,0,1,1,1,1,19,2,2,0.0,0.0,0.0,0.0,0.0,2.0,12,4,12
79419,4,2,4,15,2,3,0,1,1,1,2,22,2,2,0.0,0.0,0.0,0.0,0.0,2.0,19,6,6
140467,16,2,3,15,8,3,0,1,1,1,1,36,2,2,0.0,0.0,0.0,0.0,0.0,2.0,13,6,10
110423,4,2,3,10,8,3,0,1,1,1,1,19,2,2,0.0,0.0,0.0,0.0,0.0,5.0,14,2,8
184485,16,2,3,10,8,3,0,1,1,1,1,19,2,2,0.0,0.0,0.0,0.0,0.0,2.0,10,4,12
135232,16,2,3,10,8,3,5,1,1,1,1,36,2,2,0.0,0.0,0.0,0.0,0.0,2.0,8,3,9
50588,16,2,3,17,6,3,0,1,1,1,2,23,2,2,0.0,0.0,0.0,0.0,0.0,2.0,13,4,4
166973,16,2,3,15,6,3,0,1,0,1,2,24,2,3,1.0,0.0,0.0,1.0,0.0,1.0,9,4,11
115803,16,2,1,0,8,3,0,1,0,1,2,6,2,3,3.0,0.0,0.0,3.0,0.0,1.0,2,1,8
108681,16,2,4,15,8,3,0,5,1,0,2,19,2,2,0.0,0.0,0.0,0.0,0.0,3.0,19,6,8
6744,16,7,4,9,8,3,6,1,0,1,2,38,2,3,1.0,0.0,0.0,1.0,0.0,1.0,17,5,1
112382,15,2,3,17,6,3,0,1,0,1,2,19,2,2,0.0,0.0,0.0,0.0,0.0,2.0,14,6,8
151890,16,7,3,10,6,3,6,1,0,1,2,23,2,3,1.0,0.0,0.0,1.0,0.0,2.0,14,3,10
137671,4,2,3,9,2,3,0,1,0,0,0,26,2,4,1.0,0.0,0.0,0.0,1.0,1.0,13,2,10
7532,16,2,3,15,8,3,0,1,1,1,2,23,2,2,0.0,0.0,0.0,0.0,0.0,2.0,8,4,1
130802,16,2,3,0,3,3,0,1,0,1,2,18,2,4,1.0,0.0,0.0,0.0,1.0,1.0,11,4,9
113779,16,2,3,10,8,3,0,1,1,1,1,19,2,2,0.0,0.0,0.0,0.0,0.0,2.0,16,5,8
53927,15,2,3,0,15,3,0,1,0,1,2,18,2,2,0.0,0.0,0.0,0.0,0.0,3.0,17,6,4
105668,17,2,0,17,8,3,0,1,1,1,2,17,2,2,0.0,0.0,0.0,0.0,0.0,2.0,2,7,8
120975,4,2,3,9,8,3,0,1,0,1,0,26,2,3,1.0,0.0,0.0,1.0,0.0,1.0,7,6,9
93886,16,2,3,10,6,3,0,1,0,1,0,12,2,4,1.0,0.0,0.0,0.0,1.0,2.0,13,6,7
179675,15,2,3,0,8,3,0,1,0,1,1,36,3,3,4.0,0.0,0.0,1.0,3.0,2.0,15,7,12
98390,17,2,3,0,2,3,0,1,1,0,2,23,2,2,0.0,0.0,0.0,0.0,0.0,2.0,15,3,7
114887,15,11,5,0,6,3,5,5,1,1,2,5,2,2,0.0,0.0,0.0,0.0,0.0,3.0,21,7,8
174633,15,7,1,0,2,3,6,1,1,1,2,18,2,2,0.0,0.0,0.0,0.0,0.0,3.0,17,1,12
81223,16,2,3,17,8,3,5,5,1,1,2,23,2,2,0.0,0.0,0.0,0.0,0.0,2.0,8,6,6
163307,16,2,1,0,8,3,6,1,0,1,2,6,3,2,0.0,0.0,0.0,0.0,0.0,4.0,3,1,11
66663,16,2,3,10,8,3,0,1,0,1,1,36,2,3,1.0,0.0,0.0,1.0,0.0,1.0,16,4,5
112986,16,2,4,17,1,3,6,1,1,1,2,23,2,2,0.0,0.0,0.0,0.0,0.0,2.0,9,7,8
155983,16,3,3,17,6,3,0,1,0,1,2,24,2,2,0.0,0.0,0.0,0.0,0.0,4.0,9,1,11
171844,15,7,1,2,6,3,6,1,0,1,1,28,1,2,0.0,0.0,0.0,0.0,0.0,2.0,0,7,11
91350,16,2,3,8,6,3,0,1,0,1,0,24,2,3,1.0,0.0,0.0,1.0,0.0,1.0,15,1,7
125441,16,2,1,17,6,3,0,1,0,1,2,36,2,3,1.0,0.0,0.0,1.0,0.0,1.0,22,2,9
23765,15,2,1,0,6,3,0,1,0,1,2,18,2,4,1.0,0.0,0.0,0.0,1.0,1.0,18,6,2
26494,16,11,1,17,8,3,5,5,1,1,1,36,2,2,0.0,0.0,0.0,0.0,0.0,2.0,20,6,2
40950,4,2,3,15,2,3,0,1,0,1,2,19,2,2,0.0,0.0,0.0,0.0,0.0,2.0,17,5,3
57851,15,2,3,0,6,3,0,1,1,1,2,18,2,2,0.0,0.0,0.0,0.0,0.0,2.0,12,5,5
49190,4,2,3,5,8,3,0,1,0,1,2,18,2,3,1.0,0.0,0.0,1.0,0.0,1.0,16,6,4
102762,15,2,3,0,6,3,0,1,1,1,0,18,2,2,0.0,0.0,0.0,0.0,0.0,3.0,15,7,7
100240,4,2,3,10,8,3,0,1,1,1,1,19,2,2,0.0,0.0,0.0,0.0,0.0,3.0,17,3,7
42163,16,7,3,9,6,3,6,1,0,1,0,18,2,3,1.0,0.0,0.0,1.0,0.0,1.0,7,6,3
154811,15,2,1,0,6,3,0,1,0,1,2,37,6,2,0.0,0.0,0.0,0.0,0.0,2.0,19,7,10
52945,16,2,1,17,8,3,0,1,0,1,1,18,2,4,1.0,0.0,0.0,0.0,1.0,2.0,21,4,4
109188,16,2,3,17,8,3,0,5,1,0,2,24,2,2,0.0,0.0,0.0,0.0,0.0,3.0,17,7,8
36973,16,7,1,17,2,3,6,1,1,1,2,18,2,2,0.0,0.0,0.0,0.0,0.0,2.0,2,7,3
142514,16,2,4,7,8,3,0,1,0,0,2,18,5,3,3.0,0.0,0.0,3.0,0.0,3.0,17,7,10
113410,16,11,3,0,15,3,5,5,1,1,0,36,2,2,0.0,0.0,0.0,0.0,0.0,2.0,15,6,8
53762,4,2,3,17,0,3,0,1,1,1,1,24,2,2,0.0,0.0,0.0,0.0,0.0,2.0,11,2,4
48276,17,2,3,9,8,3,0,1,0,1,2,21,2,1,1.0,0.0,1.0,0.0,0.0,1.0,14,4,4
125358,15,2,3,17,6,3,0,1,1,1,2,18,2,2,0.0,0.0,0.0,0.0,0.0,2.0,18,7,9
6000,16,2,1,10,8,3,0,1,1,1,0,19,2,2,0.0,0.0,0.0,0.0,0.0,2.0,6,6,1
37152,16,2,3,17,2,3,0,1,1,1,1,18,2,2,0.0,0.0,0.0,0.0,0.0,3.0,14,2,3
38512,15,2,4,0,8,3,0,1,1,1,2,18,2,2,0.0,0.0,0.0,0.0,0.0,2.0,18,6,3
167547,16,10,3,2,8,3,4,1,1,1,2,39,1,2,0.0,0.0,0.0,0.0,0.0,1.0,9,5,11
76043,16,2,3,10,8,3,0,1,0,1,2,19,3,3,5.0,0.0,0.0,5.0,0.0,3.0,15,6,6
147190,16,2,1,9,8,3,0,1,0,1,0,18,2,4,1.0,0.0,0.0,0.0,1.0,1.0,4,1,10
150464,16,2,4,15,8,3,0,1,1,1,2,22,2,2,0.0,0.0,0.0,0.0,0.0,2.0,18,3,10
107512,16,2,1,0,6,3,0,5,0,1,2,6,2,2,0.0,0.0,0.0,0.0,0.0,3.0,23,7,8
22257,16,2,3,10,8,3,0,5,1,1,2,19,3,2,0.0,0.0,0.0,0.0,0.0,3.0,16,1,2
9457,16,2,0,10,8,3,0,1,1,1,2,19,2,2,0.0,0.0,0.0,0.0,0.0,2.0,18,5,1
188503,15,2,2,17,6,3,0,1,1,1,2,24,2,2,0.0,0.0,0.0,0.0,0.0,2.0,16,2,12
14869,15,10,1,10,2,3,4,1,1,1,2,19,2,2,0.0,0.0,0.0,0.0,0.0,2.0,18,1,1
101541,16,2,3,17,18,3,0,1,1,1,1,36,2,2,0.0,0.0,0.0,0.0,0.0,3.0,12,2,7
161700,16,2,3,0,2,3,0,1,0,1,2,13,2,3,1.0,0.0,0.0,1.0,0.0,1.0,8,6,11
105493,4,2,3,17,8,3,0,5,1,0,2,36,2,2,0.0,0.0,0.0,0.0,0.0,2.0,8,5,8
131089,15,2,0,0,6,3,0,1,1,1,2,36,2,2,0.0,0.0,0.0,0.0,0.0,2.0,19,3,9
159133,15,2,3,0,8,3,5,5,1,1,2,18,2,2,0.0,0.0,0.0,0.0,0.0,3.0,7,4,11
144798,16,2,3,10,8,3,0,1,1,1,2,19,2,2,0.0,0.0,0.0,0.0,0.0,2.0,17,1,10
160517,4,2,1,7,6,3,0,1,1,1,0,23,2,2,0.0,0.0,0.0,0.0,0.0,1.0,18,2,11
50402,16,2,3,10,6,3,0,1,1,1,0,23,2,2,0.0,0.0,0.0,0.0,0.0,3.0,16,6,4
150865,15,2,3,0,6,3,0,1,1,1,2,36,2,2,0.0,0.0,0.0,0.0,0.0,2.0,14,4,10
146846,16,2,3,17,15,3,0,5,1,1,2,24,2,2,0.0,0.0,0.0,0.0,0.0,4.0,7,4,10
26456,16,10,1,10,6,3,4,5,0,1,2,36,2,3,1.0,0.0,0.0,1.0,0.0,1.0,3,6,2
50866,16,2,3,15,3,3,0,1,1,1,0,22,2,2,0.0,0.0,0.0,0.0,0.0,2.0,16,7,4
38681,15,2,3,0,6,3,0,1,0,1,2,6,2,3,1.0,0.0,0.0,1.0,0.0,1.0,10,3,3
47807,16,2,3,17,2,3,0,1,0,1,2,6,2,4,1.0,0.0,0.0,0.0,1.0,1.0,17,3,4
44702,4,2,3,15,2,3,0,1,0,1,2,19,2,4,1.0,0.0,0.0,0.0,1.0,1.0,16,3,4
102555,16,2,3,17,15,3,0,1,0,1,2,17,2,3,3.0,0.0,0.0,3.0,0.0,0.0,7,4,7
79342,16,2,3,15,8,3,0,1,1,1,2,22,2,2,0.0,0.0,0.0,0.0,0.0,2.0,15,5,6
19003,16,10,3,0,6,3,1,2,0,1,1,39,2,3,2.0,0.0,0.0,1.0,1.0,1.0,10,3,2
39214,15,2,3,0,6,3,0,1,0,1,2,18,2,2,0.0,0.0,0.0,0.0,0.0,2.0,7,6,3
114828,16,2,1,0,8,3,0,1,1,1,2,18,2,2,0.0,0.0,0.0,0.0,0.0,4.0,0,6,8
186676,15,2,3,0,15,3,0,1,0,1,2,18,3,2,0.0,0.0,0.0,0.0,0.0,4.0,10,6,12
91216,16,2,3,10,8,3,0,1,1,1,1,36,3,2,0.0,0.0,0.0,0.0,0.0,5.0,11,4,7
2460,16,2,1,0,3,3,0,1,0,1,2,6,2,3,1.0,0.0,0.0,1.0,0.0,1.0,18,7,1
151497,16,2,3,11,6,3,0,1,1,1,2,36,2,2,0.0,0.0,0.0,0.0,0.0,2.0,8,5,10
163382,16,2,1,17,8,3,0,1,1,0,1,36,3,2,0.0,0.0,0.0,0.0,0.0,6.0,17,2,11
23666,15,2,1,17,15,3,0,5,0,1,2,36,2,4,1.0,0.0,0.0,0.0,1.0,1.0,3,4,2
119961,16,2,3,17,2,3,0,1,1,1,2,30,2,2,0.0,0.0,0.0,0.0,0.0,2.0,12,4,8
113829,15,2,1,17,3,3,0,1,0,1,2,5,2,2,0.0,0.0,0.0,0.0,0.0,2.0,1,6,8
63398,16,7,3,17,15,3,6,1,0,1,2,18,2,2,0.0,0.0,0.0,0.0,0.0,2.0,12,7,5
112893,15,2,3,0,18,3,0,1,0,1,2,18,2,2,0.0,0.0,0.0,0.0,0.0,2.0,16,5,8
124696,4,2,1,15,3,3,0,1,1,1,2,11,3,2,0.0,0.0,0.0,0.0,0.0,3.0,21,4,9
73668,16,2,1,0,6,3,0,1,0,1,2,4,2,2,0.0,0.0,0.0,0.0,0.0,2.0,3,7,6
15149,16,2,3,14,2,3,0,1,1,1,1,21,2,2,0.0,0.0,0.0,0.0,0.0,2.0,10,5,2
75161,16,2,0,10,5,3,0,5,1,1,1,19,2,2,0.0,0.0,0.0,0.0,0.0,6.0,21,6,6
25119,4,7,3,10,8,3,6,1,1,0,2,19,2,2,0.0,0.0,0.0,0.0,0.0,2.0,16,4,2
48231,16,10,3,15,10,3,6,1,1,1,0,23,2,2,0.0,0.0,0.0,0.0,0.0,2.0,12,1,4
75037,16,2,3,15,2,3,0,1,1,1,2,36,2,2,0.0,0.0,0.0,0.0,0.0,2.0,16,5,6
162309,16,2,3,9,6,3,0,1,0,1,0,18,2,3,1.0,0.0,0.0,1.0,0.0,1.0,14,1,11
14026,16,2,1,17,3,3,0,1,1,1,2,26,2,2,0.0,0.0,0.0,0.0,0.0,3.0,16,7,1
3473,4,4,3,17,2,3,4,1,1,1,1,36,2,2,0.0,0.0,0.0,0.0,0.0,2.0,8,2,1
171715,15,10,3,17,2,3,4,1,1,1,2,18,2,2,0.0,0.0,0.0,0.0,0.0,2.0,7,6,11
7688,15,2,3,0,8,3,4,1,1,1,2,28,2,2,0.0,0.0,0.0,0.0,0.0,2.0,17,4,1
107130,16,3,3,17,6,3,0,1,0,1,2,18,2,2,0.0,0.0,0.0,0.0,0.0,2.0,16,3,8
161895,4,2,1,17,2,3,0,1,1,0,2,24,3,2,0.0,0.0,0.0,0.0,0.0,5.0,18,1,11
2350,16,2,3,17,8,3,0,1,1,1,2,26,2,2,0.0,0.0,0.0,0.0,0.0,2.0,16,1,1
33236,15,2,3,17,8,3,0,5,1,1,2,18,2,2,0.0,0.0,0.0,0.0,0.0,3.0,14,7,3
66550,16,2,3,10,8,3,0,1,1,1,1,36,2,2,0.0,0.0,0.0,0.0,0.0,2.0,16,2,5
181038,4,2,3,9,8,3,0,1,0,1,2,22,2,3,1.0,0.0,0.0,1.0,0.0,2.0,8,5,12
138984,16,2,3,17,8,3,0,1,0,1,2,24,2,2,0.0,0.0,0.0,0.0,0.0,3.0,10,5,10
113090,16,2,1,14,2,3,0,1,0,1,2,15,2,2,0.0,0.0,0.0,0.0,0.0,4.0,0,6,8
160026,16,2,1,17,6,3,0,1,0,1,2,18,2,2,0.0,0.0,0.0,0.0,0.0,3.0,21,2,11
93587,16,2,3,15,3,3,0,1,1,1,2,22,2,2,0.0,0.0,0.0,0.0,0.0,3.0,16,6,7
86455,4,2,4,0,8,3,0,1,1,1,2,18,2,2,0.0,0.0,0.0,0.0,0.0,2.0,21,1,6
64746,16,2,0,2,10,3,0,1,1,1,0,21,2,2,0.0,0.0,0.0,0.0,0.0,2.0,22,7,5
168523,15,2,3,9,8,3,0,1,0,1,2,5,2,3,1.0,0.0,0.0,1.0,0.0,1.0,7,5,11
81120,4,2,3,17,6,3,0,1,0,1,2,18,2,2,0.0,0.0,0.0,0.0,0.0,3.0,16,5,6
118556,16,2,1,13,6,3,0,1,0,1,2,6,2,2,0.0,0.0,0.0,0.0,0.0,2.0,4,7,8
167272,4,2,1,9,15,3,0,1,0,1,2,18,2,1,1.0,0.0,1.0,0.0,0.0,1.0,17,7,11
74633,16,2,2,0,6,3,0,5,0,1,2,6,2,3,2.0,0.0,0.0,2.0,0.0,0.0,6,7,6
114713,16,2,3,15,8,3,0,1,1,0,2,23,2,2,0.0,0.0,0.0,0.0,0.0,3.0,16,4,8
62472,16,11,5,10,11,3,5,5,1,1,2,36,4,2,0.0,0.0,0.0,0.0,0.0,8.0,16,7,5
19917,15,10,3,15,2,3,6,1,0,1,2,39,2,3,2.0,0.0,0.0,2.0,0.0,1.0,11,5,2
180541,16,5,1,6,8,3,1,5,0,1,2,36,1,4,1.0,0.0,0.0,0.0,1.0,1.0,23,5,12
129134,15,2,3,0,10,3,0,1,1,1,2,5,2,2,0.0,0.0,0.0,0.0,0.0,3.0,12,2,9
31443,16,2,3,10,2,3,0,1,1,1,2,17,2,2,0.0,0.0,0.0,0.0,0.0,2.0,10,4,3
160721,15,2,1,0,6,3,0,1,1,1,2,36,3,2,0.0,0.0,0.0,0.0,0.0,3.0,2,7,11
78072,16,2,1,17,6,3,5,5,1,1,2,18,2,2,0.0,0.0,0.0,0.0,0.0,2.0,22,2,6
118615,15,2,1,0,9,3,0,1,0,1,2,5,2,2,0.0,0.0,0.0,0.0,0.0,3.0,1,1,8
112660,15,2,1,0,6,3,0,1,0,1,2,18,2,2,0.0,0.0,0.0,0.0,0.0,2.0,21,7,8
27779,16,2,3,9,10,3,0,1,1,1,0,36,2,2,0.0,0.0,0.0,0.0,0.0,2.0,9,5,2
110392,16,2,3,10,2,3,0,1,0,1,2,36,2,1,1.0,0.0,1.0,0.0,0.0,1.0,15,1,8
99335,4,2,3,15,8,3,0,1,1,1,1,18,2,2,0.0,0.0,0.0,0.0,0.0,2.0,14,3,7
96178,15,2,3,0,8,3,0,1,1,1,2,18,2,2,0.0,0.0,0.0,0.0,0.0,5.0,17,4,7
38417,16,7,3,0,8,3,6,5,1,1,2,36,2,2,0.0,0.0,0.0,0.0,0.0,2.0,9,6,3
21519,16,2,3,17,10,3,0,1,1,1,1,36,2,2,0.0,0.0,0.0,0.0,0.0,2.0,7,3,2
30083,16,2,1,17,8,3,0,5,0,1,2,6,2,2,0.0,0.0,0.0,0.0,0.0,2.0,19,1,3
154071,16,3,3,10,2,3,6,1,1,1,1,36,2,2,0.0,0.0,0.0,0.0,0.0,2.0,9,3,10
104942,16,2,3,17,8,3,0,1,1,1,2,23,2,2,0.0,0.0,0.0,0.0,0.0,2.0,19,4,8
24419,16,2,3,15,3,3,0,1,1,1,2,36,2,2,0.0,0.0,0.0,0.0,0.0,2.0,12,3,2
184416,16,2,0,0,8,3,0,1,0,1,2,6,2,2,0.0,0.0,0.0,0.0,0.0,2.0,6,3,12
183183,16,2,3,10,8,3,0,1,0,1,2,19,2,2,0.0,0.0,0.0,0.0,0.0,2.0,10,5,12
107034,4,2,3,9,8,3,0,1,0,1,2,28,2,3,1.0,0.0,0.0,1.0,0.0,1.0,10,7,8
69020,4,2,3,15,10,3,6,1,1,0,1,18,2,2,0.0,0.0,0.0,0.0,0.0,3.0,12,5,5
133979,16,2,3,17,6,3,0,1,1,1,1,26,2,2,0.0,0.0,0.0,0.0,0.0,2.0,9,7,9
185098,4,4,1,15,15,3,0,1,1,1,2,22,2,2,0.0,0.0,0.0,0.0,0.0,5.0,17,7,12
76632,16,7,3,17,2,3,6,1,0,1,2,18,2,3,1.0,0.0,0.0,1.0,0.0,3.0,16,1,6
165206,4,2,3,17,3,3,0,5,0,1,1,36,2,3,1.0,0.0,0.0,1.0,0.0,1.0,7,6,11
56190,4,2,3,0,8,3,0,1,1,1,2,21,2,2,0.0,0.0,0.0,0.0,0.0,3.0,14,6,5
87532,4,2,3,10,8,3,0,1,1,0,2,36,2,2,0.0,0.0,0.0,0.0,0.0,3.0,16,4,6
127957,16,2,3,17,1,3,0,1,1,1,1,36,2,2,0.0,0.0,0.0,0.0,0.0,3.0,8,7,9
128535,16,7,3,10,8,3,6,1,0,1,1,17,3,4,1.0,0.0,0.0,0.0,1.0,2.0,7,1,9
33760,16,2,3,10,6,3,0,1,1,1,2,17,2,2,0.0,0.0,0.0,0.0,0.0,2.0,16,3,3
159951,15,2,3,17,10,3,0,1,1,1,2,36,2,2,0.0,0.0,0.0,0.0,0.0,2.0,14,1,11
98339,16,2,1,17,8,3,0,1,1,1,1,18,2,2,0.0,0.0,0.0,0.0,0.0,2.0,4,1,7
188775,15,2,1,7,8,3,5,5,1,1,2,36,2,2,0.0,0.0,0.0,0.0,0.0,1.0,23,3,12
179810,16,7,1,17,6,3,6,5,1,1,2,23,2,2,0.0,0.0,0.0,0.0,0.0,2.0,20,3,12
138386,16,2,3,0,15,5,0,1,1,1,2,35,2,2,0.0,0.0,0.0,0.0,0.0,2.0,14,6,10
162230,16,7,1,17,6,3,6,1,1,1,2,24,2,2,0.0,0.0,0.0,0.0,0.0,6.0,21,6,11
38516,16,2,1,10,8,3,0,1,0,1,1,19,2,4,1.0,0.0,0.0,0.0,1.0,4.0,19,6,3
102502,16,2,3,10,8,3,0,1,1,1,2,17,2,2,0.0,0.0,0.0,0.0,0.0,2.0,19,2,7
149578,4,2,3,17,2,3,5,5,0,1,2,36,2,4,2.0,0.0,0.0,0.0,2.0,1.0,13,7,10
74881,16,2,3,17,6,3,0,5,0,1,2,24,2,3,3.0,0.0,0.0,3.0,0.0,0.0,10,3,6
733,4,2,0,0,10,3,0,1,1,1,1,36,2,2,0.0,0.0,0.0,0.0,0.0,3.0,21,5,1
82935,16,2,1,10,8,3,0,1,1,1,2,8,2,2,0.0,0.0,0.0,0.0,0.0,2.0,23,2,6
72323,16,2,3,15,8,3,0,1,1,1,1,23,2,2,0.0,0.0,0.0,0.0,0.0,2.0,13,6,6
11241,16,2,0,0,2,3,0,1,1,1,1,36,2,2,0.0,0.0,0.0,0.0,0.0,3.0,18,7,1
98819,16,7,3,17,2,3,6,1,0,1,1,39,2,3,2.0,0.0,0.0,1.0,1.0,3.0,12,1,7
34797,15,2,3,0,10,3,0,5,1,1,2,30,2,2,0.0,0.0,0.0,0.0,0.0,5.0,17,3,3
149759,15,2,3,17,8,3,0,1,1,1,1,18,2,2,0.0,0.0,0.0,0.0,0.0,2.0,9,7,10
23759,4,3,4,17,8,3,4,1,1,1,2,23,2,2,0.0,0.0,0.0,0.0,0.0,2.0,17,6,2
170770,16,10,1,10,8,3,6,1,0,1,1,19,2,4,1.0,0.0,0.0,0.0,1.0,1.0,22,4,11
65465,15,2,3,0,6,3,0,1,1,1,2,18,2,2,0.0,0.0,0.0,0.0,0.0,2.0,16,6,5
11533,16,10,1,10,3,3,4,1,1,1,2,19,2,2,0.0,0.0,0.0,0.0,0.0,2.0,17,5,1
148072,15,2,3,0,2,3,0,1,0,1,2,18,2,2,0.0,0.0,0.0,0.0,0.0,4.0,9,5,10
93905,16,2,3,0,6,3,0,1,1,1,2,38,2,2,0.0,0.0,0.0,0.0,0.0,2.0,15,6,7
117691,16,2,3,17,2,3,0,1,1,1,1,36,2,2,0.0,0.0,0.0,0.0,0.0,2.0,8,2,8
158096,16,7,3,7,10,3,6,1,0,1,2,16,4,2,0.0,0.0,0.0,0.0,0.0,1.0,11,1,11
146944,16,2,4,15,2,3,0,1,1,1,2,22,2,2,0.0,0.0,0.0,0.0,0.0,2.0,17,3,10
53532,16,2,4,15,8,3,0,1,1,1,1,23,2,2,0.0,0.0,0.0,0.0,0.0,2.0,18,5,4
135868,15,7,4,0,11,3,6,1,1,1,2,36,2,2,0.0,0.0,0.0,0.0,0.0,3.0,14,4,9
24016,16,7,3,10,2,3,6,1,1,1,2,36,2,2,0.0,0.0,0.0,0.0,0.0,2.0,17,3,2
50500,16,2,2,0,8,3,0,1,0,1,2,18,2,2,0.0,0.0,0.0,0.0,0.0,3.0,19,2,4
171238,16,2,0,0,2,3,0,1,1,1,2,36,2,2,0.0,0.0,0.0,0.0,0.0,3.0,18,5,11
108558,16,2,3,10,8,3,0,1,1,1,2,36,3,2,0.0,0.0,0.0,0.0,0.0,3.0,6,3,8
130021,16,2,3,17,8,3,0,1,1,1,2,36,2,2,0.0,0.0,0.0,0.0,0.0,3.0,15,3,9
187378,16,2,3,17,19,3,6,5,1,1,1,36,2,2,0.0,0.0,0.0,0.0,0.0,2.0,9,4,12
170911,16,2,1,15,10,3,0,1,1,1,2,36,2,2,0.0,0.0,0.0,0.0,0.0,2.0,18,1,11