crash_date,               traffic_control_device,weather_condition,lighting_condition,first_crash_type,trafficway_type,alignment,roadway_surface_cond,road_defect,crash_type,intersection_related_i,damage,prim_contributory_cause,num_units,most_severe_injury,injuries_total,injuries_fatal,injuries_incapacitating,injuries_non_incapacitating,injuries_reported_not_evident,injuries_no_indication,crash_hour,crash_day_of_week,crash_month
84409,16,2,0,17,5,3,0,1,0,1,2,6,2,3,2.0,0.0,0.0,2.0,0.0,0.0,21,4,6
70809,16,3,3,17,8,4,6,1,1,1,1,18,2,2,0.0,0.0,0.0,0.0,0.0,2.0,7,5,5
145782,16,11,3,10,17,3,5,5,1,1,1,19,2,2,0.0,0.0,0.0,0.0,0.0,2.0,12,5,10
30444,16,2,3,10,6,3,6,5,1,1,2,36,2,2,0.0,0.0,0.0,0.0,0.0,4.0,15,3,3
138529,16,2,1,0,8,3,0,1,1,1,2,5,2,2,0.0,0.0,0.0,0.0,0.0,3.0,1,1,10
112689,17,2,3,0,8,3,0,1,1,1,2,36,2,2,0.0,0.0,0.0,0.0,0.0,2.0,12,7,8
105400,15,7,3,0,8,3,6,1,0,1,2,18,2,2,0.0,0.0,0.0,0.0,0.0,2.0,14,4,8
113384,15,2,3,0,6,3,0,1,1,1,2,17,2,2,0.0,0.0,0.0,0.0,0.0,2.0,10,5,8
159714,15,2,4,0,8,3,0,1,1,1,2,18,2,2,0.0,0.0,0.0,0.0,0.0,2.0,17,3,11
94013,15,3,3,9,8,3,0,1,0,1,2,36,2,3,1.0,0.0,0.0,1.0,0.0,1.0,10,5,7
65871,15,2,3,3,8,3,0,5,1,1,2,5,2,2,0.0,0.0,0.0,0.0,0.0,5.0,17,6,5
171881,16,3,3,17,6,3,0,1,0,1,2,18,2,3,1.0,0.0,0.0,1.0,0.0,1.0,11,2,11
48487,15,2,1,0,6,3,0,1,1,1,2,28,2,2,0.0,0.0,0.0,0.0,0.0,2.0,5,1,4
58497,16,2,1,10,8,3,0,1,1,1,1,36,2,2,0.0,0.0,0.0,0.0,0.0,3.0,20,7,5
40800,15,2,1,8,15,3,0,1,0,1,2,38,2,3,1.0,0.0,0.0,1.0,0.0,1.0,21,1,3
71358,16,2,4,10,8,3,0,1,1,1,2,17,2,2,0.0,0.0,0.0,0.0,0.0,4.0,18,6,5
77776,16,2,3,10,2,3,0,1,1,1,1,19,2,2,0.0,0.0,0.0,0.0,0.0,2.0,8,4,6
93870,15,3,3,17,6,3,0,1,1,1,1,5,2,2,0.0,0.0,0.0,0.0,0.0,2.0,10,4,7
51802,4,7,3,0,2,3,6,1,0,1,2,18,2,2,0.0,0.0,0.0,0.0,0.0,2.0,17,4,4
180674,16,2,3,5,2,3,6,5,0,1,2,17,1,2,0.0,0.0,0.0,0.0,0.0,2.0,9,1,12
142336,16,2,3,8,8,3,0,1,0,1,2,22,2,3,1.0,0.0,0.0,1.0,0.0,1.0,8,3,10
45065,16,3,3,10,8,3,0,1,1,1,1,36,2,2,0.0,0.0,0.0,0.0,0.0,2.0,8,1,4
9325,15,2,1,15,8,3,5,5,1,1,2,36,2,2,0.0,0.0,0.0,0.0,0.0,3.0,21,1,1
104448,17,2,3,17,6,3,0,5,1,1,2,18,2,2,0.0,0.0,0.0,0.0,0.0,2.0,13,5,8
24102,15,10,3,0,8,3,4,1,1,1,2,18,2,2,0.0,0.0,0.0,0.0,0.0,2.0,7,4,2
32520,16,2,1,10,3,3,0,1,1,1,2,36,2,2,0.0,0.0,0.0,0.0,0.0,3.0,20,7,3
177432,15,7,1,17,2,3,6,1,0,1,2,18,2,2,0.0,0.0,0.0,0.0,0.0,3.0,16,6,12
143678,16,2,3,0,8,3,0,1,0,1,2,18,2,2,0.0,0.0,0.0,0.0,0.0,2.0,11,1,10
131683,4,2,3,0,2,3,0,5,1,1,2,36,2,2,0.0,0.0,0.0,0.0,0.0,3.0,15,4,9
100878,16,2,3,8,10,3,0,1,1,0,0,36,2,2,0.0,0.0,0.0,0.0,0.0,2.0,15,6,7
15563,4,7,4,9,2,3,6,5,0,1,0,36,2,3,1.0,0.0,0.0,1.0,0.0,1.0,17,3,2
47392,15,3,3,17,6,3,0,1,1,1,1,18,2,2,0.0,0.0,0.0,0.0,0.0,3.0,17,3,4
52671,16,2,1,17,1,3,0,1,0,1,2,24,2,3,2.0,0.0,0.0,2.0,0.0,2.0,20,4,4
134349,15,2,1,8,8,3,0,1,0,1,0,5,2,1,1.0,0.0,1.0,0.0,0.0,2.0,21,4,9
158449,16,7,3,10,8,3,6,1,0,1,2,39,2,2,0.0,0.0,0.0,0.0,0.0,2.0,10,7,11
50343,16,2,3,17,3,3,0,6,1,1,2,22,2,2,0.0,0.0,0.0,0.0,0.0,2.0,18,5,4
86068,16,2,3,10,8,3,0,1,0,1,2,26,2,3,2.0,0.0,0.0,2.0,0.0,1.0,7,2,6
59548,15,2,3,0,2,3,0,1,1,1,1,18,2,2,0.0,0.0,0.0,0.0,0.0,2.0,16,3,5
76171,16,2,1,8,2,3,0,1,0,1,2,36,2,3,1.0,0.0,0.0,1.0,0.0,1.0,3,1,6
83844,15,7,1,0,8,3,6,1,0,1,2,5,3,3,3.0,0.0,0.0,2.0,1.0,1.0,21,1,6
107878,16,2,1,15,15,3,0,1,1,1,2,30,2,2,0.0,0.0,0.0,0.0,0.0,3.0,20,5,8
178008,4,2,3,17,5,3,0,1,1,1,2,24,2,2,0.0,0.0,0.0,0.0,0.0,2.0,12,6,12
142124,16,2,1,17,6,3,5,5,0,1,2,36,2,3,1.0,0.0,0.0,1.0,0.0,1.0,6,3,10
170163,8,2,3,2,8,3,0,1,1,1,1,24,1,2,0.0,0.0,0.0,0.0,0.0,1.0,8,2,11
140317,15,7,3,0,8,3,6,1,1,1,2,18,2,2,0.0,0.0,0.0,0.0,0.0,2.0,6,5,10
144585,16,2,3,10,2,3,0,1,1,1,1,19,2,2,0.0,0.0,0.0,0.0,0.0,2.0,16,3,10
153206,15,2,3,0,6,3,0,1,0,1,2,18,2,2,0.0,0.0,0.0,0.0,0.0,3.0,12,5,10
73106,15,2,3,0,8,3,0,1,0,1,2,6,2,4,1.0,0.0,0.0,0.0,1.0,2.0,20,5,6
19846,16,2,3,17,8,3,0,1,0,1,1,18,2,2,0.0,0.0,0.0,0.0,0.0,3.0,8,3,2
187227,4,2,3,17,8,3,0,1,1,1,1,36,2,2,0.0,0.0,0.0,0.0,0.0,3.0,13,2,12
115523,17,2,3,15,8,3,0,1,1,1,2,36,2,2,0.0,0.0,0.0,0.0,0.0,2.0,11,3,8
100740,16,2,3,10,2,3,0,1,1,1,1,19,2,2,0.0,0.0,0.0,0.0,0.0,4.0,18,3,7
109615,15,2,3,0,10,3,0,5,1,1,1,36,2,2,0.0,0.0,0.0,0.0,0.0,3.0,17,5,8
81766,16,2,3,10,10,3,0,1,1,1,2,36,2,2,0.0,0.0,0.0,0.0,0.0,5.0,14,7,6
37388,15,2,1,17,8,3,0,1,0,1,2,18,4,2,0.0,0.0,0.0,0.0,0.0,3.0,23,7,3
73712,4,2,3,17,2,3,0,1,0,1,2,18,2,2,0.0,0.0,0.0,0.0,0.0,3.0,11,7,6
138591,16,2,3,17,6,3,0,5,1,1,2,24,2,2,0.0,0.0,0.0,0.0,0.0,2.0,14,2,10
171793,16,7,0,10,8,3,6,1,1,1,2,36,2,2,0.0,0.0,0.0,0.0,0.0,2.0,18,7,11
112669,16,2,1,0,8,3,0,1,0,1,2,24,2,2,0.0,0.0,0.0,0.0,0.0,2.0,22,7,8
58670,4,2,3,11,15,3,0,1,1,1,1,21,2,2,0.0,0.0,0.0,0.0,0.0,2.0,11,4,5
186207,16,2,3,9,8,3,0,1,0,1,2,38,2,3,1.0,0.0,0.0,1.0,0.0,1.0,9,5,12
85240,4,2,3,7,3,3,0,1,1,1,2,36,2,2,0.0,0.0,0.0,0.0,0.0,1.0,15,3,6
80551,16,2,3,17,2,3,0,1,1,1,0,18,2,2,0.0,0.0,0.0,0.0,0.0,2.0,19,2,6
73485,16,2,3,10,8,3,0,1,1,1,1,8,3,2,0.0,0.0,0.0,0.0,0.0,3.0,7,3,6
173294,16,2,3,10,3,3,0,1,0,1,2,19,2,2,0.0,0.0,0.0,0.0,0.0,2.0,8,1,12
16825,16,2,1,17,6,3,0,5,1,1,2,6,2,2,0.0,0.0,0.0,0.0,0.0,4.0,22,1,2
18198,16,2,3,10,16,3,0,1,0,1,2,19,2,4,1.0,0.0,0.0,0.0,1.0,1.0,7,3,2
79235,16,2,3,17,8,3,0,1,1,1,2,36,2,2,0.0,0.0,0.0,0.0,0.0,2.0,14,6,6
158189,16,2,3,0,8,3,0,5,0,1,2,6,2,3,1.0,0.0,0.0,1.0,0.0,1.0,11,2,11
104486,16,7,1,0,6,3,6,1,1,1,1,36,2,2,0.0,0.0,0.0,0.0,0.0,2.0,20,5,8
187470,16,2,3,17,2,3,0,1,1,1,2,18,2,2,0.0,0.0,0.0,0.0,0.0,3.0,15,7,12
11566,16,11,1,17,10,3,5,5,1,1,2,36,2,2,0.0,0.0,0.0,0.0,0.0,2.0,21,5,1
79086,16,2,3,15,2,3,0,1,0,1,2,14,2,4,1.0,0.0,0.0,0.0,1.0,5.0,13,3,6
137044,16,11,3,0,11,3,5,5,1,1,0,12,2,2,0.0,0.0,0.0,0.0,0.0,2.0,14,6,9
144273,16,2,3,17,2,3,0,1,0,1,2,18,2,2,0.0,0.0,0.0,0.0,0.0,2.0,17,2,10
68064,16,2,3,17,1,3,0,1,1,1,1,38,2,2,0.0,0.0,0.0,0.0,0.0,2.0,9,6,5
172895,15,2,3,17,8,3,0,1,1,1,0,18,2,2,0.0,0.0,0.0,0.0,0.0,2.0,13,2,12
150725,15,2,3,0,10,3,0,1,0,1,2,5,2,3,1.0,0.0,0.0,1.0,0.0,3.0,11,7,10
152736,17,11,5,7,8,3,5,5,1,1,2,36,2,2,0.0,0.0,0.0,0.0,0.0,1.0,19,7,10
30769,16,2,1,3,8,3,0,1,0,1,2,6,2,2,0.0,0.0,0.0,0.0,0.0,2.0,19,7,3
158183,16,2,3,8,2,3,0,3,1,1,0,18,2,2,0.0,0.0,0.0,0.0,0.0,2.0,10,2,11
32987,16,2,0,10,8,3,0,5,1,0,2,36,2,2,0.0,0.0,0.0,0.0,0.0,4.0,1,2,3
165889,15,7,1,0,6,3,6,1,0,1,2,36,2,4,1.0,0.0,0.0,0.0,1.0,1.0,21,2,11
56345,15,3,3,17,8,3,0,1,1,1,2,18,2,2,0.0,0.0,0.0,0.0,0.0,2.0,11,1,5
121762,16,7,3,10,2,3,6,1,1,1,1,36,2,2,0.0,0.0,0.0,0.0,0.0,6.0,15,3,9
60480,16,7,3,17,6,3,6,1,0,1,2,18,2,4,1.0,0.0,0.0,0.0,1.0,2.0,7,5,5
23920,16,2,3,0,8,3,0,1,1,1,2,36,2,2,0.0,0.0,0.0,0.0,0.0,2.0,14,2,2
5027,15,2,4,17,8,3,0,1,0,1,2,36,2,3,2.0,0.0,0.0,2.0,0.0,1.0,17,6,1
77934,15,2,1,17,15,3,0,5,0,1,2,5,2,2,0.0,0.0,0.0,0.0,0.0,2.0,21,7,6
148085,15,2,3,0,8,3,0,1,0,1,2,8,2,2,0.0,0.0,0.0,0.0,0.0,6.0,12,5,10
99082,16,2,3,10,6,4,0,1,1,1,0,26,2,2,0.0,0.0,0.0,0.0,0.0,2.0,12,6,7
72816,16,2,1,8,6,3,0,5,0,1,2,36,2,3,1.0,0.0,0.0,1.0,0.0,1.0,23,1,6
22885,17,11,3,15,6,3,5,5,1,1,2,23,2,2,0.0,0.0,0.0,0.0,0.0,2.0,15,6,2
176890,16,7,3,10,8,3,6,1,1,1,2,19,2,2,0.0,0.0,0.0,0.0,0.0,5.0,16,6,12
150492,16,2,3,15,10,3,0,1,1,1,2,22,2,2,0.0,0.0,0.0,0.0,0.0,2.0,9,3,10
47544,16,2,3,0,6,3,0,1,1,1,1,28,2,2,0.0,0.0,0.0,0.0,0.0,2.0,18,6,4
124731,16,2,3,17,8,3,0,1,0,1,2,18,3,3,1.0,0.0,0.0,1.0,0.0,2.0,15,5,9
78046,16,2,3,15,10,3,0,1,1,1,2,12,2,2,0.0,0.0,0.0,0.0,0.0,3.0,17,2,6
186232,15,2,5,0,6,3,5,1,1,1,2,5,2,2,0.0,0.0,0.0,0.0,0.0,5.0,15,7,12
137848,16,2,3,8,8,3,0,1,1,1,2,6,2,2,0.0,0.0,0.0,0.0,0.0,3.0,10,5,10
38091,16,2,3,10,2,3,0,1,1,1,2,19,2,2,0.0,0.0,0.0,0.0,0.0,2.0,11,5,3
126483,16,7,1,10,6,3,0,1,1,1,1,36,2,2,0.0,0.0,0.0,0.0,0.0,2.0,20,2,9
105561,4,2,1,15,2,3,0,1,1,1,1,23,3,2,0.0,0.0,0.0,0.0,0.0,2.0,21,7,8
4455,15,2,1,17,2,3,6,1,0,1,2,18,2,3,3.0,0.0,0.0,2.0,1.0,0.0,19,4,1
169855,16,11,5,15,8,3,5,1,1,1,2,23,2,2,0.0,0.0,0.0,0.0,0.0,4.0,15,5,11
81354,17,11,5,17,15,3,5,5,1,1,1,24,2,2,0.0,0.0,0.0,0.0,0.0,2.0,16,1,6
133408,16,2,1,17,8,3,0,1,1,1,2,24,2,2,0.0,0.0,0.0,0.0,0.0,3.0,19,6,9
2628,4,2,0,17,2,3,0,1,0,1,2,18,2,2,0.0,0.0,0.0,0.0,0.0,2.0,17,4,1
158705,15,2,3,7,8,3,0,1,1,1,2,36,2,2,0.0,0.0,0.0,0.0,0.0,1.0,15,3,11
111965,16,7,4,8,8,3,6,1,1,1,1,22,2,2,0.0,0.0,0.0,0.0,0.0,2.0,17,4,8
130657,15,2,3,17,2,3,0,5,0,1,2,5,2,4,1.0,0.0,0.0,0.0,1.0,2.0,13,2,9
164206,4,2,3,0,8,3,0,1,0,1,2,18,2,2,0.0,0.0,0.0,0.0,0.0,2.0,13,4,11
35194,15,2,3,0,18,3,0,1,0,1,2,18,2,3,3.0,0.0,0.0,3.0,0.0,4.0,17,4,3
148140,16,2,3,10,8,3,0,1,1,1,1,19,2,2,0.0,0.0,0.0,0.0,0.0,2.0,7,6,10
141765,16,2,3,10,2,3,0,1,1,1,1,19,2,2,0.0,0.0,0.0,0.0,0.0,2.0,8,2,10
64364,15,2,3,17,8,3,0,1,1,1,1,12,2,2,0.0,0.0,0.0,0.0,0.0,2.0,12,2,5
55361,16,2,1,15,3,3,0,5,0,0,1,36,2,2,0.0,0.0,0.0,0.0,0.0,2.0,21,6,4
94323,16,2,3,15,2,3,0,1,1,1,2,4,2,2,0.0,0.0,0.0,0.0,0.0,2.0,13,4,7
96844,4,2,0,7,10,3,0,1,0,1,2,36,2,2,0.0,0.0,0.0,0.0,0.0,1.0,4,1,7
37305,16,2,3,0,6,3,0,1,1,1,2,6,2,2,0.0,0.0,0.0,0.0,0.0,2.0,13,6,3
74382,15,2,4,17,15,3,0,1,0,1,2,18,2,2,0.0,0.0,0.0,0.0,0.0,2.0,20,4,6
173200,4,2,3,2,6,3,0,5,0,1,2,17,1,4,2.0,0.0,0.0,0.0,2.0,0.0,10,2,12
173513,16,2,3,10,1,3,0,1,0,1,2,36,3,2,0.0,0.0,0.0,0.0,0.0,3.0,9,6,12
82478,15,2,3,17,8,3,0,1,1,1,2,18,2,2,0.0,0.0,0.0,0.0,0.0,3.0,12,2,6
88543,15,2,3,17,19,3,0,1,0,1,1,18,2,3,1.0,0.0,0.0,1.0,0.0,1.0,18,6,7
35714,16,2,3,17,2,3,0,5,1,1,2,36,2,2,0.0,0.0,0.0,0.0,0.0,2.0,9,5,3
183250,16,2,3,10,8,3,0,1,1,0,1,36,2,2,0.0,0.0,0.0,0.0,0.0,2.0,7,6,12
92766,16,2,1,10,2,3,0,5,1,1,2,17,2,2,0.0,0.0,0.0,0.0,0.0,3.0,3,1,7
95348,15,7,2,0,2,3,6,1,1,1,1,12,2,2,0.0,0.0,0.0,0.0,0.0,2.0,7,6,7
67658,15,2,3,0,8,3,0,1,0,1,2,18,2,2,0.0,0.0,0.0,0.0,0.0,8.0,16,5,5
137898,15,2,3,0,6,3,0,1,1,1,2,36,2,2,0.0,0.0,0.0,0.0,0.0,2.0,17,6,10
80114,16,2,3,0,8,3,0,1,1,1,1,6,2,2,0.0,0.0,0.0,0.0,0.0,2.0,13,4,6
108310,16,2,3,8,2,3,0,1,0,1,1,18,2,0,1.0,1.0,0.0,0.0,0.0,1.0,7,5,8
137011,4,2,0,10,8,3,0,1,1,1,1,26,2,2,0.0,0.0,0.0,0.0,0.0,2.0,21,1,9
11865,15,7,1,17,2,3,6,1,1,1,2,36,2,2,0.0,0.0,0.0,0.0,0.0,2.0,19,4,1
122867,15,2,3,10,2,3,0,1,1,1,2,16,2,2,0.0,0.0,0.0,0.0,0.0,2.0,9,4,9
154827,15,3,3,15,8,3,6,1,1,1,2,23,2,2,0.0,0.0,0.0,0.0,0.0,2.0,10,7,10
62727,15,2,3,0,6,3,0,1,1,1,2,26,2,2,0.0,0.0,0.0,0.0,0.0,2.0,18,3,5
94764,16,2,3,10,8,3,0,1,1,1,2,36,2,2,0.0,0.0,0.0,0.0,0.0,2.0,14,4,7
113340,17,2,3,11,17,3,0,5,0,1,2,36,2,4,1.0,0.0,0.0,0.0,1.0,1.0,14,5,8
158080,4,2,4,10,8,3,0,1,1,1,2,36,3,2,0.0,0.0,0.0,0.0,0.0,4.0,16,1,11
8500,16,2,3,10,6,3,0,1,1,1,1,36,2,2,0.0,0.0,0.0,0.0,0.0,2.0,18,4,1
9547,16,11,1,10,8,3,5,5,0,1,2,36,2,4,1.0,0.0,0.0,0.0,1.0,1.0,22,6,1
18839,4,10,1,2,8,3,4,1,0,0,2,39,1,2,0.0,0.0,0.0,0.0,0.0,1.0,23,6,2
66429,15,2,3,0,8,3,0,1,0,1,2,18,2,3,2.0,0.0,0.0,1.0,1.0,0.0,16,1,5
67420,4,2,3,0,6,3,0,1,1,1,2,18,2,2,0.0,0.0,0.0,0.0,0.0,2.0,17,2,5
95161,16,2,3,10,8,3,0,2,1,1,1,9,2,2,0.0,0.0,0.0,0.0,0.0,2.0,12,2,7
41002,16,3,3,17,10,3,6,1,1,1,2,36,2,2,0.0,0.0,0.0,0.0,0.0,4.0,17,4,3
107243,16,7,0,10,3,3,6,5,1,1,2,16,2,2,0.0,0.0,0.0,0.0,0.0,2.0,13,3,8
4843,16,10,3,10,10,3,5,5,1,1,2,36,3,2,0.0,0.0,0.0,0.0,0.0,2.0,15,6,1
140411,15,2,3,2,6,3,0,0,0,1,2,5,1,2,0.0,0.0,0.0,0.0,0.0,1.0,10,7,10
113642,16,2,3,9,8,3,0,1,0,1,2,12,2,3,1.0,0.0,0.0,1.0,0.0,1.0,11,1,8
152252,16,2,1,0,10,3,0,1,1,0,1,36,2,2,0.0,0.0,0.0,0.0,0.0,2.0,20,5,10
98,16,2,3,0,10,3,0,1,1,1,2,6,2,2,0.0,0.0,0.0,0.0,0.0,2.0,12,2,1
49582,15,10,3,0,15,3,4,1,0,1,2,18,2,4,1.0,0.0,0.0,0.0,1.0,1.0,7,6,4
10960,15,5,1,0,6,3,6,5,1,1,2,36,2,2,0.0,0.0,0.0,0.0,0.0,2.0,18,2,1
56856,15,2,3,0,6,3,0,1,1,1,2,18,2,2,0.0,0.0,0.0,0.0,0.0,2.0,6,3,5
42351,16,2,3,0,11,3,0,3,0,1,2,6,2,1,5.0,0.0,1.0,4.0,0.0,0.0,12,1,4
106522,4,2,1,0,8,3,0,1,0,1,2,36,2,2,0.0,0.0,0.0,0.0,0.0,2.0,21,6,8
46017,15,2,3,0,6,3,0,1,0,1,2,18,5,4,1.0,0.0,0.0,0.0,1.0,4.0,10,5,4
159217,16,2,3,10,8,3,0,5,0,1,1,36,2,3,1.0,0.0,0.0,1.0,0.0,2.0,16,3,11
142055,16,2,3,17,8,3,0,1,0,1,2,18,2,3,1.0,0.0,0.0,1.0,0.0,1.0,12,7,10
19733,4,10,1,17,2,3,4,5,1,1,1,24,2,2,0.0,0.0,0.0,0.0,0.0,2.0,0,1,2
46201,16,2,4,17,2,3,0,1,0,1,1,24,2,4,1.0,0.0,0.0,0.0,1.0,1.0,0,1,4
109283,16,2,3,8,8,3,0,1,0,1,0,36,2,3,1.0,0.0,0.0,1.0,0.0,1.0,18,6,8
99362,15,2,3,0,6,3,0,1,0,1,2,18,2,3,1.0,0.0,0.0,1.0,0.0,1.0,7,3,7
72868,16,2,3,10,3,3,0,1,1,1,0,36,2,2,0.0,0.0,0.0,0.0,0.0,3.0,10,7,6
34841,16,2,3,0,8,3,0,1,1,1,1,24,2,2,0.0,0.0,0.0,0.0,0.0,2.0,9,4,3
76622,16,7,3,10,8,3,6,1,1,1,2,36,2,2,0.0,0.0,0.0,0.0,0.0,2.0,14,1,6
35437,4,2,3,17,8,3,0,1,1,1,2,18,3,2,0.0,0.0,0.0,0.0,0.0,4.0,18,7,3
103890,4,2,3,11,8,3,0,1,1,1,2,21,3,2,0.0,0.0,0.0,0.0,0.0,2.0,18,4,7
105241,16,2,3,10,8,3,0,1,1,1,2,19,2,2,0.0,0.0,0.0,0.0,0.0,2.0,9,7,8
7914,16,7,3,0,6,3,6,1,0,1,2,18,2,3,1.0,0.0,0.0,1.0,0.0,1.0,14,2,1
187494,16,3,3,10,6,3,0,1,1,1,2,36,2,2,0.0,0.0,0.0,0.0,0.0,2.0,8,7,12
151727,16,2,0,17,2,3,0,1,1,1,1,19,2,2,0.0,0.0,0.0,0.0,0.0,2.0,19,6,10
35008,17,2,3,10,17,3,5,5,1,1,1,19,2,2,0.0,0.0,0.0,0.0,0.0,2.0,12,6,3
102974,16,2,3,17,8,3,0,1,1,1,1,6,2,2,0.0,0.0,0.0,0.0,0.0,2.0,14,3,7
27038,15,2,3,10,3,3,0,1,1,1,1,36,2,2,0.0,0.0,0.0,0.0,0.0,2.0,9,7,2
176958,16,11,5,17,8,3,5,1,1,1,1,22,2,2,0.0,0.0,0.0,0.0,0.0,2.0,11,6,12
39992,15,2,3,13,18,3,0,1,1,1,2,5,2,2,0.0,0.0,0.0,0.0,0.0,4.0,16,7,3
111404,16,2,3,17,10,3,0,5,1,1,2,24,2,2,0.0,0.0,0.0,0.0,0.0,4.0,11,4,8
185163,16,2,2,17,6,3,0,1,1,1,0,36,2,2,0.0,0.0,0.0,0.0,0.0,3.0,17,2,12
149018,15,2,3,0,6,3,0,1,0,1,1,36,2,2,0.0,0.0,0.0,0.0,0.0,2.0,14,6,10
132345,16,2,3,0,2,3,0,1,1,1,2,22,2,2,0.0,0.0,0.0,0.0,0.0,2.0,13,7,9
133313,4,2,3,17,0,3,0,5,1,1,2,24,2,2,0.0,0.0,0.0,0.0,0.0,2.0,14,5,9
155329,17,5,3,17,2,3,6,1,1,0,2,18,2,2,0.0,0.0,0.0,0.0,0.0,2.0,9,5,10
141506,4,2,3,15,8,3,0,1,1,1,2,36,2,2,0.0,0.0,0.0,0.0,0.0,2.0,14,7,10
82325,15,2,1,0,1,3,0,1,0,1,2,18,2,2,0.0,0.0,0.0,0.0,0.0,3.0,1,1,6
74942,16,2,3,15,8,3,0,5,1,1,2,36,2,2,0.0,0.0,0.0,0.0,0.0,2.0,9,5,6
19529,15,2,3,10,10,3,5,5,1,0,1,36,2,2,0.0,0.0,0.0,0.0,0.0,3.0,13,6,2
124725,16,2,3,17,6,3,0,1,0,1,2,17,2,3,2.0,0.0,0.0,2.0,0.0,2.0,14,5,9
1305,16,2,3,9,8,3,4,1,0,1,2,18,2,1,1.0,0.0,1.0,0.0,0.0,1.0,9,2,1
52380,16,7,4,17,6,3,0,1,1,1,2,24,2,2,0.0,0.0,0.0,0.0,0.0,2.0,20,7,4
55797,16,2,1,0,15,3,0,1,1,1,2,18,2,2,0.0,0.0,0.0,0.0,0.0,5.0,23,6,4
104918,16,11,5,0,8,3,5,5,1,1,2,36,2,2,0.0,0.0,0.0,0.0,0.0,2.0,13,4,8
126999,16,2,3,15,6,3,0,1,0,1,2,22,3,1,2.0,0.0,1.0,1.0,0.0,5.0,20,2,9
141931,16,7,3,17,3,3,6,1,0,1,2,30,3,2,0.0,0.0,0.0,0.0,0.0,4.0,16,6,10
178044,15,2,1,0,8,3,0,1,0,1,2,18,2,1,2.0,0.0,2.0,0.0,0.0,4.0,18,7,12
27307,16,2,3,10,8,3,0,1,0,1,2,36,3,3,1.0,0.0,0.0,1.0,0.0,2.0,8,4,2
2717,16,2,3,0,6,3,0,1,0,1,2,6,3,2,0.0,0.0,0.0,0.0,0.0,3.0,8,5,1
18638,17,2,3,17,8,3,0,5,1,1,1,12,2,2,0.0,0.0,0.0,0.0,0.0,2.0,13,4,2
164415,15,2,3,0,8,3,0,1,0,1,2,5,2,3,2.0,0.0,0.0,2.0,0.0,1.0,14,2,11
85189,4,2,3,17,3,3,0,1,0,0,2,18,2,3,2.0,0.0,0.0,2.0,0.0,2.0,12,3,6
145347,16,2,3,17,8,3,0,1,0,1,2,6,2,3,1.0,0.0,0.0,1.0,0.0,2.0,14,2,10
138032,16,2,1,2,8,3,0,1,0,1,2,24,1,2,0.0,0.0,0.0,0.0,0.0,1.0,1,1,10
67627,15,2,3,17,2,3,0,1,1,1,0,24,2,2,0.0,0.0,0.0,0.0,0.0,5.0,17,4,5
57522,16,2,3,17,3,3,0,1,1,1,2,18,2,2,0.0,0.0,0.0,0.0,0.0,2.0,17,6,5
118314,16,2,3,9,8,3,0,1,0,1,0,36,2,1,1.0,0.0,1.0,0.0,0.0,1.0,12,2,8
118915,16,2,4,17,11,3,0,1,0,1,2,6,2,1,2.0,0.0,2.0,0.0,0.0,1.0,17,4,8
154613,16,10,1,0,6,3,4,1,0,1,2,17,2,3,3.0,0.0,0.0,3.0,0.0,1.0,5,4,10
23537,15,7,4,0,8,3,6,1,1,1,2,18,2,2,0.0,0.0,0.0,0.0,0.0,2.0,16,2,2
81719,16,2,3,15,8,3,0,5,1,1,2,18,2,2,0.0,0.0,0.0,0.0,0.0,4.0,18,6,6
75141,16,2,3,0,6,3,0,1,0,1,2,6,3,3,4.0,0.0,0.0,4.0,0.0,5.0,7,6,6
67795,16,2,3,17,8,3,0,1,0,1,2,18,3,3,1.0,0.0,0.0,1.0,0.0,2.0,13,1,5
163640,16,7,2,0,8,3,6,1,0,1,2,17,2,2,0.0,0.0,0.0,0.0,0.0,2.0,7,4,11
160210,16,2,1,10,19,3,0,1,0,1,1,19,2,4,1.0,0.0,0.0,0.0,1.0,4.0,18,6,11
137548,15,2,3,0,8,3,0,1,1,1,2,36,2,2,0.0,0.0,0.0,0.0,0.0,2.0,17,2,9
14281,15,2,3,17,8,3,0,1,1,1,2,18,2,2,0.0,0.0,0.0,0.0,0.0,3.0,15,4,1
179710,4,2,3,14,2,3,0,1,1,1,2,30,2,2,0.0,0.0,0.0,0.0,0.0,3.0,11,7,12
103964,16,2,3,17,1,3,0,1,1,1,2,6,2,2,0.0,0.0,0.0,0.0,0.0,2.0,5,3,8
121294,16,2,3,10,8,3,0,5,1,1,2,19,2,2,0.0,0.0,0.0,0.0,0.0,2.0,14,4,9
172513,16,2,3,0,6,3,0,1,1,1,2,3,2,2,0.0,0.0,0.0,0.0,0.0,3.0,16,5,12
88016,16,2,3,10,8,3,0,1,1,1,1,19,2,2,0.0,0.0,0.0,0.0,0.0,2.0,8,4,7
143645,16,2,1,10,15,3,0,1,0,1,2,17,2,4,1.0,0.0,0.0,0.0,1.0,1.0,2,1,10
15223,16,2,3,17,8,4,6,1,1,1,2,36,2,2,0.0,0.0,0.0,0.0,0.0,3.0,11,6,2
98081,16,2,3,10,15,3,0,1,0,1,2,8,3,3,2.0,0.0,0.0,2.0,0.0,2.0,13,7,7