crash_date,               traffic_control_device,weather_condition,lighting_condition,first_crash_type,trafficway_type,alignment,roadway_surface_cond,road_defect,crash_type,intersection_related_i,damage,prim_contributory_cause,num_units,most_severe_injury,injuries_total,injuries_fatal,injuries_incapacitating,injuries_non_incapacitating,injuries_reported_not_evident,injuries_no_indication,crash_hour,crash_day_of_week,crash_month
79014,4,2,3,13,12,3,0,1,1,0,2,21,2,2,0.0,0.0,0.0,0.0,0.0,2.0,13,2,6
55738,15,2,3,0,6,3,0,5,1,1,2,18,2,2,0.0,0.0,0.0,0.0,0.0,2.0,11,5,4
99119,16,2,3,10,8,3,0,1,1,1,2,19,2,2,0.0,0.0,0.0,0.0,0.0,3.0,18,7,7
88570,15,2,3,8,6,3,0,1,0,1,1,5,2,4,1.0,0.0,0.0,0.0,1.0,1.0,10,6,7
126166,15,2,3,0,8,3,0,1,1,1,0,18,2,2,0.0,0.0,0.0,0.0,0.0,4.0,12,3,9
170170,16,2,3,0,8,3,0,1,0,1,2,6,2,2,0.0,0.0,0.0,0.0,0.0,3.0,8,2,11
40586,16,3,3,9,2,3,0,1,0,1,0,18,2,3,1.0,0.0,0.0,1.0,0.0,1.0,10,2,3
150286,15,2,3,8,2,3,0,1,1,1,0,36,2,2,0.0,0.0,0.0,0.0,0.0,2.0,8,3,10
167042,16,2,3,8,10,3,0,1,0,1,0,6,2,3,1.0,0.0,0.0,1.0,0.0,1.0,11,2,11
164078,16,2,1,0,6,3,0,1,0,1,2,6,2,3,1.0,0.0,0.0,1.0,0.0,2.0,4,4,11
31474,4,2,1,0,10,3,0,5,1,1,2,18,2,2,0.0,0.0,0.0,0.0,0.0,2.0,18,5,3
179307,16,11,5,17,19,3,5,5,1,1,1,36,2,2,0.0,0.0,0.0,0.0,0.0,2.0,15,4,12
92323,15,2,3,0,6,3,0,1,0,1,1,36,2,2,0.0,0.0,0.0,0.0,0.0,2.0,9,1,7
69521,15,2,1,8,2,3,0,5,0,1,1,18,2,1,1.0,0.0,1.0,0.0,0.0,1.0,22,6,5
132354,16,2,1,17,19,0,5,5,1,1,2,11,2,2,0.0,0.0,0.0,0.0,0.0,3.0,2,7,9
64471,4,2,3,10,3,3,0,1,0,1,2,26,3,3,1.0,0.0,0.0,1.0,0.0,2.0,12,4,5
133766,16,2,3,11,8,3,0,1,1,1,2,21,2,2,0.0,0.0,0.0,0.0,0.0,2.0,8,3,9
49191,17,2,5,10,2,3,0,5,1,1,0,36,2,2,0.0,0.0,0.0,0.0,0.0,3.0,16,6,4
94343,16,2,3,10,8,3,0,1,1,1,0,19,2,2,0.0,0.0,0.0,0.0,0.0,2.0,17,4,7
99713,16,7,1,0,8,3,6,1,0,1,2,39,3,2,0.0,0.0,0.0,0.0,0.0,3.0,3,1,7
3290,15,3,1,8,6,3,0,5,0,1,2,18,2,3,1.0,0.0,0.0,1.0,0.0,2.0,0,7,1
6385,15,10,4,10,2,3,4,1,0,1,1,36,2,3,2.0,0.0,0.0,2.0,0.0,1.0,16,7,1
22983,16,2,1,17,8,3,0,1,1,0,2,26,2,2,0.0,0.0,0.0,0.0,0.0,2.0,5,7,2
68838,16,2,3,15,8,3,0,1,1,1,2,22,2,2,0.0,0.0,0.0,0.0,0.0,4.0,9,3,5
13059,15,2,1,0,5,3,0,1,0,1,2,18,2,1,1.0,0.0,1.0,0.0,0.0,2.0,5,2,1
147063,16,2,3,15,8,3,0,1,1,1,2,22,2,2,0.0,0.0,0.0,0.0,0.0,2.0,14,5,10
119800,16,2,3,8,6,3,0,1,0,1,2,36,2,3,1.0,0.0,0.0,1.0,0.0,1.0,14,4,8
185683,15,2,3,0,6,3,0,5,0,1,2,18,2,3,2.0,0.0,0.0,1.0,1.0,0.0,12,3,12
146673,4,2,3,17,19,3,0,1,1,1,0,36,2,2,0.0,0.0,0.0,0.0,0.0,2.0,10,7,10
3354,4,2,3,3,8,3,0,5,0,1,2,36,2,2,0.0,0.0,0.0,0.0,0.0,3.0,7,3,1
102200,16,2,3,10,15,3,0,1,1,1,2,19,2,2,0.0,0.0,0.0,0.0,0.0,2.0,15,6,7
65782,15,2,3,9,8,3,5,5,0,1,0,36,2,3,1.0,0.0,0.0,1.0,0.0,1.0,12,4,5
169023,16,2,3,0,2,3,0,1,0,1,2,6,2,2,0.0,0.0,0.0,0.0,0.0,5.0,15,6,11
137624,16,2,3,10,2,3,0,1,1,1,2,19,2,2,0.0,0.0,0.0,0.0,0.0,2.0,10,7,10
62077,16,7,1,10,2,3,6,1,1,1,1,22,2,2,0.0,0.0,0.0,0.0,0.0,2.0,21,6,5
45485,16,2,1,17,2,3,0,1,0,1,1,6,2,2,0.0,0.0,0.0,0.0,0.0,2.0,19,2,4
82031,16,2,3,8,8,3,0,1,0,1,0,36,2,3,1.0,0.0,0.0,1.0,0.0,1.0,10,4,6
130804,16,2,3,9,3,3,0,1,0,1,0,28,2,3,1.0,0.0,0.0,1.0,0.0,1.0,12,4,9
73929,15,2,3,14,8,3,0,1,1,1,1,18,2,2,0.0,0.0,0.0,0.0,0.0,2.0,16,3,6
68958,4,2,3,17,8,3,0,1,0,1,2,24,2,4,1.0,0.0,0.0,0.0,1.0,1.0,16,5,5
105592,16,2,3,10,8,3,0,1,1,1,2,19,2,2,0.0,0.0,0.0,0.0,0.0,2.0,17,5,8
125917,16,2,3,17,6,3,0,5,0,1,1,18,3,3,1.0,0.0,0.0,1.0,0.0,3.0,18,1,9
159358,16,2,1,15,8,3,0,1,1,1,2,22,2,2,0.0,0.0,0.0,0.0,0.0,2.0,19,5,11
180208,16,2,0,17,8,3,0,1,1,1,1,18,2,2,0.0,0.0,0.0,0.0,0.0,2.0,22,6,12
136377,15,2,3,17,15,3,0,1,1,1,2,24,2,2,0.0,0.0,0.0,0.0,0.0,3.0,17,5,9
116882,16,2,3,10,2,3,0,1,1,1,2,19,2,2,0.0,0.0,0.0,0.0,0.0,2.0,16,3,8
125890,16,2,3,17,6,3,0,1,1,1,2,36,3,2,0.0,0.0,0.0,0.0,0.0,3.0,13,1,9
100898,16,2,3,15,2,4,0,1,1,1,2,23,2,2,0.0,0.0,0.0,0.0,0.0,2.0,6,6,7
72175,16,2,3,2,6,3,0,1,0,1,2,36,2,2,0.0,0.0,0.0,0.0,0.0,1.0,7,5,6
49667,16,2,3,10,6,3,5,5,1,1,1,36,2,2,0.0,0.0,0.0,0.0,0.0,2.0,16,1,4
141262,16,2,3,10,6,3,0,1,1,1,1,36,2,2,0.0,0.0,0.0,0.0,0.0,3.0,11,2,10
32101,16,2,1,15,10,3,0,5,1,1,2,22,2,2,0.0,0.0,0.0,0.0,0.0,2.0,2,2,3
121571,4,2,3,0,2,3,5,5,0,1,2,38,4,3,1.0,0.0,0.0,1.0,0.0,4.0,13,2,9
46250,16,2,3,17,6,3,0,1,1,1,2,24,2,2,0.0,0.0,0.0,0.0,0.0,2.0,7,3,4
87337,16,2,3,10,8,3,0,1,1,1,0,36,3,2,0.0,0.0,0.0,0.0,0.0,3.0,8,7,6
129042,16,2,1,17,8,3,0,5,0,1,2,17,2,3,3.0,0.0,0.0,3.0,0.0,1.0,20,1,9
141921,15,7,3,0,8,3,6,1,0,1,2,14,2,3,1.0,0.0,0.0,1.0,0.0,3.0,15,6,10
152809,16,2,3,10,2,3,0,1,1,1,2,19,2,2,0.0,0.0,0.0,0.0,0.0,3.0,10,5,10
43954,16,2,1,17,6,3,0,1,1,1,2,36,2,2,0.0,0.0,0.0,0.0,0.0,2.0,21,2,4
135303,16,11,0,5,8,3,5,5,1,1,2,8,1,2,0.0,0.0,0.0,0.0,0.0,1.0,21,5,9
52838,16,2,1,15,8,3,0,5,1,1,2,23,2,2,0.0,0.0,0.0,0.0,0.0,2.0,0,1,4
148962,16,2,3,17,1,3,0,1,1,1,2,24,2,2,0.0,0.0,0.0,0.0,0.0,2.0,14,5,10
78180,16,2,3,10,8,3,0,1,1,1,1,19,2,2,0.0,0.0,0.0,0.0,0.0,3.0,10,2,6
87015,15,7,3,10,8,3,6,5,1,1,2,17,2,2,0.0,0.0,0.0,0.0,0.0,2.0,10,3,6
105533,16,2,3,15,8,3,0,1,1,0,2,36,2,2,0.0,0.0,0.0,0.0,0.0,3.0,15,7,8
92313,16,2,3,17,8,3,0,1,1,1,2,18,2,2,0.0,0.0,0.0,0.0,0.0,2.0,17,1,7
78121,4,2,3,10,8,3,0,1,1,0,1,36,2,2,0.0,0.0,0.0,0.0,0.0,2.0,18,4,6
19740,4,10,3,10,8,3,6,1,1,0,0,18,2,2,0.0,0.0,0.0,0.0,0.0,2.0,14,2,2
61152,15,2,3,17,10,3,0,1,0,1,1,24,2,2,0.0,0.0,0.0,0.0,0.0,3.0,11,6,5
85960,16,2,3,0,6,3,0,1,0,1,2,6,2,3,2.0,0.0,0.0,2.0,0.0,1.0,12,7,6
16772,4,2,3,17,2,3,0,1,0,1,2,24,2,2,0.0,0.0,0.0,0.0,0.0,3.0,11,7,2
169715,16,10,3,17,8,3,4,1,0,1,2,39,2,2,0.0,0.0,0.0,0.0,0.0,2.0,8,2,11
123503,16,3,3,10,2,3,0,1,1,0,2,19,2,2,0.0,0.0,0.0,0.0,0.0,4.0,12,6,9
26121,15,2,3,0,8,3,0,1,0,1,2,18,3,3,1.0,0.0,0.0,1.0,0.0,2.0,14,7,2
138818,16,2,1,17,2,3,0,1,0,1,2,18,2,4,2.0,0.0,0.0,0.0,2.0,1.0,21,3,10
17155,16,2,1,0,8,3,6,1,0,1,2,6,2,3,1.0,0.0,0.0,1.0,0.0,2.0,1,7,2
128465,16,2,1,10,8,3,0,1,0,1,1,19,2,4,1.0,0.0,0.0,0.0,1.0,2.0,19,7,9
2615,4,2,3,15,8,3,0,1,1,0,2,18,2,2,0.0,0.0,0.0,0.0,0.0,2.0,15,4,1
164147,15,2,1,0,6,3,0,1,0,1,2,18,2,2,0.0,0.0,0.0,0.0,0.0,2.0,17,6,11
167181,4,3,3,3,2,3,5,1,0,1,2,23,2,3,2.0,0.0,0.0,1.0,1.0,0.0,14,5,11
39279,16,2,1,10,6,3,0,6,1,1,2,8,2,2,0.0,0.0,0.0,0.0,0.0,3.0,18,1,3
28817,16,3,3,10,8,3,0,1,0,1,2,17,4,3,2.0,0.0,0.0,2.0,0.0,2.0,15,7,3
80458,15,2,3,15,8,3,0,1,1,1,0,18,2,2,0.0,0.0,0.0,0.0,0.0,2.0,13,1,6
180392,4,2,3,0,8,3,0,1,0,1,2,36,2,2,0.0,0.0,0.0,0.0,0.0,3.0,6,3,12
134530,16,2,1,0,2,3,0,5,1,1,0,6,2,2,0.0,0.0,0.0,0.0,0.0,2.0,23,7,9
64104,16,2,3,15,2,3,0,1,1,1,0,24,2,2,0.0,0.0,0.0,0.0,0.0,2.0,17,4,5
18515,16,2,3,10,8,3,0,1,1,1,2,22,2,2,0.0,0.0,0.0,0.0,0.0,3.0,12,7,2
177625,4,11,5,15,2,3,5,5,1,1,1,22,2,2,0.0,0.0,0.0,0.0,0.0,2.0,17,3,12
169833,15,7,1,0,15,3,6,1,0,1,2,18,2,2,0.0,0.0,0.0,0.0,0.0,5.0,22,3,11
48660,15,2,3,10,8,3,0,1,1,1,2,23,2,2,0.0,0.0,0.0,0.0,0.0,2.0,15,2,4
79130,15,2,3,0,6,3,0,1,0,1,1,5,2,4,1.0,0.0,0.0,0.0,1.0,2.0,8,3,6
10667,15,7,3,9,8,3,6,1,0,1,2,39,2,3,1.0,0.0,0.0,1.0,0.0,1.0,9,3,1
184135,17,11,5,17,8,3,5,5,1,1,2,24,2,2,0.0,0.0,0.0,0.0,0.0,2.0,11,7,12
165,4,3,1,17,1,3,0,1,1,1,2,36,2,2,0.0,0.0,0.0,0.0,0.0,2.0,0,3,1
32770,4,11,5,0,6,3,5,5,1,1,2,36,2,2,0.0,0.0,0.0,0.0,0.0,2.0,15,6,3
135275,4,2,3,17,15,3,0,1,1,1,2,18,2,2,0.0,0.0,0.0,0.0,0.0,4.0,16,5,9
139988,16,7,3,17,2,3,6,4,0,1,2,18,2,2,0.0,0.0,0.0,0.0,0.0,2.0,7,6,10
9486,15,7,1,0,6,3,6,1,1,1,1,18,2,2,0.0,0.0,0.0,0.0,0.0,2.0,22,5,1
15173,16,2,3,10,8,3,6,1,1,1,2,19,2,2,0.0,0.0,0.0,0.0,0.0,4.0,14,6,2
148155,16,2,1,0,8,3,0,5,0,1,2,36,3,3,2.0,0.0,0.0,2.0,0.0,1.0,20,6,10
173228,16,2,1,17,2,3,0,1,1,1,2,36,2,2,0.0,0.0,0.0,0.0,0.0,2.0,22,5,12
3365,17,2,3,0,8,3,0,5,1,1,1,36,2,2,0.0,0.0,0.0,0.0,0.0,2.0,8,3,1
39200,16,2,3,9,6,3,0,1,0,1,2,36,2,1,1.0,0.0,1.0,0.0,0.0,1.0,17,6,3
87829,4,2,3,17,3,3,0,1,0,1,2,18,2,3,1.0,0.0,0.0,1.0,0.0,2.0,12,7,7
167111,15,7,3,17,8,3,6,1,0,1,2,18,2,2,0.0,0.0,0.0,0.0,0.0,2.0,11,3,11
134265,16,7,3,0,8,3,6,1,1,1,2,23,2,2,0.0,0.0,0.0,0.0,0.0,2.0,18,3,9
113012,16,2,3,10,8,5,6,1,1,0,2,30,3,2,0.0,0.0,0.0,0.0,0.0,3.0,7,3,8
146958,16,2,3,5,2,3,0,1,1,1,2,11,1,2,0.0,0.0,0.0,0.0,0.0,1.0,7,3,10
23925,15,2,3,10,6,3,0,1,1,1,2,36,2,2,0.0,0.0,0.0,0.0,0.0,2.0,16,2,2
29088,4,2,1,14,6,3,0,1,0,1,2,11,2,2,0.0,0.0,0.0,0.0,0.0,2.0,2,7,3
97206,16,2,3,8,2,3,0,1,0,1,0,12,2,1,1.0,0.0,1.0,0.0,0.0,1.0,12,5,7
68726,15,2,3,17,2,3,0,1,1,1,1,36,2,2,0.0,0.0,0.0,0.0,0.0,3.0,10,7,5
143848,15,2,3,15,2,3,0,1,1,1,2,18,2,2,0.0,0.0,0.0,0.0,0.0,2.0,14,4,10
181186,16,2,3,17,15,3,0,1,1,1,2,24,2,2,0.0,0.0,0.0,0.0,0.0,5.0,7,7,12
7383,15,10,3,0,8,3,4,1,0,1,2,39,2,2,0.0,0.0,0.0,0.0,0.0,2.0,11,7,1
11652,16,2,3,17,2,3,4,1,0,1,2,18,3,4,1.0,0.0,0.0,0.0,1.0,2.0,8,6,1
61816,15,2,3,0,8,3,0,1,1,1,2,18,2,2,0.0,0.0,0.0,0.0,0.0,3.0,7,4,5
80109,4,2,3,17,15,3,0,1,1,1,1,12,2,2,0.0,0.0,0.0,0.0,0.0,2.0,12,3,6
179218,15,2,3,0,6,3,0,1,1,1,2,36,2,2,0.0,0.0,0.0,0.0,0.0,2.0,7,2,12
73091,16,2,3,15,8,3,0,6,1,1,0,36,2,2,0.0,0.0,0.0,0.0,0.0,2.0,18,5,6
73445,16,2,3,0,8,3,0,1,0,1,2,36,2,2,0.0,0.0,0.0,0.0,0.0,3.0,13,3,6
109735,16,2,3,17,6,3,0,1,0,1,2,36,2,2,0.0,0.0,0.0,0.0,0.0,4.0,15,1,8
163662,16,2,1,0,11,3,0,1,0,1,2,36,2,4,1.0,0.0,0.0,0.0,1.0,2.0,22,4,11
37491,16,2,3,15,2,3,0,1,1,1,2,36,2,2,0.0,0.0,0.0,0.0,0.0,3.0,9,2,3
181498,4,2,3,7,8,3,0,1,1,1,2,22,2,2,0.0,0.0,0.0,0.0,0.0,1.0,9,3,12
137165,16,2,1,10,2,3,0,1,0,1,2,19,2,2,0.0,0.0,0.0,0.0,0.0,3.0,22,1,9
26431,16,2,1,17,8,3,0,1,0,1,2,18,2,3,1.0,0.0,0.0,1.0,0.0,1.0,20,5,2
22162,16,2,3,17,1,3,0,1,0,1,2,22,2,3,2.0,0.0,0.0,2.0,0.0,4.0,8,6,2
94001,16,2,3,10,2,3,0,1,1,1,2,36,2,2,0.0,0.0,0.0,0.0,0.0,2.0,6,5,7
178310,16,2,3,7,8,3,0,1,1,1,2,18,2,2,0.0,0.0,0.0,0.0,0.0,1.0,16,3,12
102858,16,2,3,0,6,3,0,1,0,1,2,36,2,4,4.0,0.0,0.0,0.0,4.0,2.0,11,2,7
40298,16,7,3,0,8,3,6,1,0,1,2,36,2,2,0.0,0.0,0.0,0.0,0.0,2.0,16,6,3
137400,15,2,3,0,6,3,0,1,0,1,2,18,2,2,0.0,0.0,0.0,0.0,0.0,2.0,6,6,9
31165,16,2,3,9,6,3,0,1,0,1,2,36,3,3,2.0,0.0,0.0,2.0,0.0,1.0,16,7,3
103158,4,2,3,2,0,3,0,1,1,1,0,26,1,2,0.0,0.0,0.0,0.0,0.0,1.0,8,6,7
116113,16,2,3,17,6,3,0,1,1,1,2,22,2,2,0.0,0.0,0.0,0.0,0.0,2.0,9,6,8
148406,16,2,1,10,6,3,0,1,1,1,2,19,2,2,0.0,0.0,0.0,0.0,0.0,2.0,18,4,10
128626,15,2,3,13,10,3,0,1,0,1,2,38,3,2,0.0,0.0,0.0,0.0,0.0,2.0,16,4,9
163931,15,2,1,0,6,3,0,1,1,1,2,18,2,2,0.0,0.0,0.0,0.0,0.0,4.0,19,2,11
78136,16,2,3,0,6,3,5,5,0,1,1,3,2,1,1.0,0.0,1.0,0.0,0.0,1.0,9,4,6
120877,16,2,3,10,8,3,0,1,1,1,2,19,2,2,0.0,0.0,0.0,0.0,0.0,2.0,16,5,9
141188,15,2,3,0,8,3,0,1,1,1,2,5,2,2,0.0,0.0,0.0,0.0,0.0,2.0,12,1,10
23906,15,2,3,0,6,3,0,1,1,1,2,13,2,2,0.0,0.0,0.0,0.0,0.0,2.0,11,1,2
105351,16,2,3,17,2,3,0,1,0,1,2,24,2,3,2.0,0.0,0.0,2.0,0.0,0.0,17,3,8
156174,4,2,3,10,3,3,0,1,1,1,2,36,2,2,0.0,0.0,0.0,0.0,0.0,2.0,8,4,11
140730,4,2,3,17,8,3,0,1,1,1,2,24,2,2,0.0,0.0,0.0,0.0,0.0,2.0,15,4,10
136135,17,11,5,10,17,3,5,5,1,1,2,36,2,2,0.0,0.0,0.0,0.0,0.0,4.0,12,7,9
174398,16,10,1,10,2,3,4,1,0,1,2,19,2,4,1.0,0.0,0.0,0.0,1.0,2.0,1,4,12
14778,15,3,3,0,8,3,5,5,1,1,1,23,2,2,0.0,0.0,0.0,0.0,0.0,2.0,15,6,1
135288,16,2,3,10,15,3,0,1,0,0,2,38,2,2,0.0,0.0,0.0,0.0,0.0,2.0,7,5,9
98445,15,2,3,0,8,3,0,1,0,1,2,18,2,2,0.0,0.0,0.0,0.0,0.0,5.0,15,4,7
188350,16,2,1,10,8,3,5,5,1,1,2,36,2,2,0.0,0.0,0.0,0.0,0.0,3.0,19,5,12
35529,15,2,3,0,15,3,6,1,0,1,2,5,2,2,0.0,0.0,0.0,0.0,0.0,2.0,12,2,3
92930,16,7,3,15,6,3,6,1,1,1,2,22,2,2,0.0,0.0,0.0,0.0,0.0,3.0,8,4,7
3924,16,2,3,0,8,3,0,1,1,1,1,36,2,2,0.0,0.0,0.0,0.0,0.0,2.0,16,3,1
150376,15,2,3,9,8,3,6,1,0,1,0,22,2,3,1.0,0.0,0.0,1.0,0.0,1.0,16,2,10
149042,15,2,3,0,2,3,0,1,1,1,1,36,2,2,0.0,0.0,0.0,0.0,0.0,3.0,17,6,10
10744,16,2,3,10,2,3,0,1,0,1,2,17,4,2,0.0,0.0,0.0,0.0,0.0,4.0,13,6,1
92701,16,7,4,10,8,3,6,1,0,1,2,18,3,2,0.0,0.0,0.0,0.0,0.0,3.0,18,7,7
68062,16,2,3,10,1,3,0,1,0,1,2,17,2,2,0.0,0.0,0.0,0.0,0.0,2.0,8,6,5
69394,15,2,3,0,6,3,0,1,1,1,0,18,2,2,0.0,0.0,0.0,0.0,0.0,2.0,15,5,5
98433,16,2,1,10,15,3,0,1,1,1,2,19,2,2,0.0,0.0,0.0,0.0,0.0,2.0,13,4,7
364,15,7,1,0,6,3,6,1,1,0,2,5,2,2,0.0,0.0,0.0,0.0,0.0,4.0,2,1,1
187484,15,11,0,10,8,3,5,5,1,1,2,36,2,2,0.0,0.0,0.0,0.0,0.0,4.0,18,7,12
3966,16,2,3,2,8,3,0,1,0,1,2,36,2,3,4.0,0.0,0.0,3.0,1.0,1.0,15,4,1
80139,16,2,3,17,8,3,0,1,0,1,2,18,2,2,0.0,0.0,0.0,0.0,0.0,2.0,18,4,6
168897,16,2,3,10,6,3,0,1,1,1,1,19,2,2,0.0,0.0,0.0,0.0,0.0,3.0,13,4,11
65648,16,2,1,0,8,3,0,1,1,1,2,36,2,2,0.0,0.0,0.0,0.0,0.0,4.0,4,1,5
186909,16,2,1,0,6,3,0,5,0,1,2,36,2,2,0.0,0.0,0.0,0.0,0.0,2.0,19,4,12
17867,15,2,4,0,2,3,6,1,1,1,2,18,2,2,0.0,0.0,0.0,0.0,0.0,2.0,18,4,2
162775,15,2,1,17,8,3,0,1,1,1,0,36,2,2,0.0,0.0,0.0,0.0,0.0,2.0,18,7,11
173842,15,2,3,0,8,3,0,1,1,1,2,18,2,2,0.0,0.0,0.0,0.0,0.0,6.0,16,3,12
87779,16,2,3,17,2,3,5,5,1,1,2,17,2,2,0.0,0.0,0.0,0.0,0.0,3.0,18,6,7
166479,16,2,1,10,3,3,0,1,0,1,2,19,2,3,1.0,0.0,0.0,1.0,0.0,1.0,3,1,11
62785,16,2,3,0,8,3,0,1,0,1,2,17,2,2,0.0,0.0,0.0,0.0,0.0,2.0,15,5,5
103043,15,2,1,3,1,3,0,1,0,1,1,17,2,2,0.0,0.0,0.0,0.0,0.0,4.0,0,3,7
85492,16,2,3,17,3,3,6,1,1,1,0,18,2,2,0.0,0.0,0.0,0.0,0.0,4.0,15,7,6
153403,4,2,3,10,8,3,0,1,1,0,2,17,2,2,0.0,0.0,0.0,0.0,0.0,5.0,11,6,10
29579,16,2,3,10,9,3,0,1,0,1,1,19,2,4,2.0,0.0,0.0,0.0,2.0,3.0,11,1,3
43948,16,2,1,17,6,3,0,1,1,1,2,36,2,2,0.0,0.0,0.0,0.0,0.0,2.0,20,2,4
29875,16,2,3,17,8,3,0,1,1,1,2,24,2,2,0.0,0.0,0.0,0.0,0.0,2.0,15,6,3
14221,16,2,3,0,8,3,0,1,1,1,1,22,2,2,0.0,0.0,0.0,0.0,0.0,2.0,16,3,1
38908,4,7,1,17,8,3,6,1,1,1,1,36,2,2,0.0,0.0,0.0,0.0,0.0,3.0,20,6,3
50677,15,2,3,0,2,3,0,1,1,0,2,36,2,2,0.0,0.0,0.0,0.0,0.0,2.0,17,6,4
104025,15,2,3,17,2,3,0,5,1,1,1,18,3,2,0.0,0.0,0.0,0.0,0.0,2.0,17,4,8
54447,15,2,3,0,6,3,0,1,0,1,2,5,2,2,0.0,0.0,0.0,0.0,0.0,2.0,13,7,4
38953,15,2,1,17,2,3,0,1,0,1,2,18,2,2,0.0,0.0,0.0,0.0,0.0,2.0,20,7,3
150093,16,2,1,10,2,3,0,1,1,1,2,19,2,2,0.0,0.0,0.0,0.0,0.0,3.0,21,6,10
113833,16,2,3,0,6,3,0,5,0,1,2,36,3,2,0.0,0.0,0.0,0.0,0.0,5.0,14,6,8
100995,4,2,3,7,10,3,0,1,1,0,2,36,2,2,0.0,0.0,0.0,0.0,0.0,1.0,12,1,7
10699,15,2,1,0,6,3,6,1,1,1,1,18,2,2,0.0,0.0,0.0,0.0,0.0,2.0,18,4,1
33296,4,2,3,17,6,3,0,1,0,1,2,24,2,2,0.0,0.0,0.0,0.0,0.0,2.0,15,2,3
133457,15,2,3,15,8,3,0,1,1,1,2,36,2,2,0.0,0.0,0.0,0.0,0.0,2.0,16,7,9
148489,15,2,3,0,8,3,0,1,1,1,2,18,2,2,0.0,0.0,0.0,0.0,0.0,2.0,7,5,10
25101,15,2,1,0,8,3,0,1,1,1,2,6,2,2,0.0,0.0,0.0,0.0,0.0,2.0,23,3,2
140947,4,3,3,17,15,3,0,1,1,1,2,18,2,2,0.0,0.0,0.0,0.0,0.0,3.0,12,6,10
96052,4,2,3,7,8,3,0,1,1,1,1,36,2,2,0.0,0.0,0.0,0.0,0.0,1.0,16,2,7
1868,16,2,3,17,6,3,0,1,1,1,0,19,2,2,0.0,0.0,0.0,0.0,0.0,3.0,9,5,1
65747,16,2,1,2,6,3,0,1,0,1,2,8,1,2,0.0,0.0,0.0,0.0,0.0,2.0,1,4,5
101186,4,2,3,9,8,3,0,5,0,1,2,36,2,3,1.0,0.0,0.0,1.0,0.0,1.0,15,6,7
96623,16,2,3,0,8,3,0,1,0,1,2,18,2,3,3.0,0.0,0.0,1.0,2.0,2.0,10,3,7
24286,16,2,3,11,6,3,0,6,0,1,1,21,3,2,0.0,0.0,0.0,0.0,0.0,3.0,16,1,2
138801,4,2,0,17,8,3,0,1,1,1,1,36,2,2,0.0,0.0,0.0,0.0,0.0,2.0,6,3,10
153485,16,7,4,17,8,3,6,1,0,1,2,39,2,2,0.0,0.0,0.0,0.0,0.0,3.0,17,1,10
129560,16,2,1,10,8,3,0,1,1,1,1,36,2,2,0.0,0.0,0.0,0.0,0.0,2.0,22,1,9
21676,15,3,3,0,8,3,6,1,0,1,2,5,2,2,0.0,0.0,0.0,0.0,0.0,2.0,8,5,2
64837,16,7,1,15,8,3,6,1,0,1,2,37,2,2,0.0,0.0,0.0,0.0,0.0,2.0,21,3,5
120192,16,2,3,17,6,3,0,1,0,1,2,11,3,2,0.0,0.0,0.0,0.0,0.0,3.0,10,2,8
132633,16,7,2,17,2,3,6,1,1,1,1,24,2,2,0.0,0.0,0.0,0.0,0.0,2.0,4,1,9
72535,16,2,3,10,8,3,0,1,1,1,2,36,2,2,0.0,0.0,0.0,0.0,0.0,5.0,13,4,6
22309,16,2,0,10,2,3,4,5,1,1,2,17,2,2,0.0,0.0,0.0,0.0,0.0,3.0,16,3,2
5544,16,11,3,0,2,3,6,1,0,1,2,26,2,4,1.0,0.0,0.0,0.0,1.0,1.0,12,6,1
172204,16,2,1,17,2,3,0,1,0,1,2,36,2,2,0.0,0.0,0.0,0.0,0.0,2.0,18,6,12
84120,15,2,1,9,10,3,0,1,1,1,2,36,2,2,0.0,0.0,0.0,0.0,0.0,2.0,22,6,6
80540,16,2,4,17,6,3,0,1,1,1,1,24,2,2,0.0,0.0,0.0,0.0,0.0,3.0,17,2,6
6389,16,10,1,0,6,3,4,5,0,1,2,6,2,4,1.0,0.0,0.0,0.0,1.0,1.0,5,7,1
32714,15,2,3,0,6,3,0,1,0,1,2,18,2,2,0.0,0.0,0.0,0.0,0.0,2.0,13,5,3
60795,16,2,3,17,6,3,0,1,1,1,2,12,2,2,0.0,0.0,0.0,0.0,0.0,2.0,17,2,5
124574,15,7,3,2,14,3,6,1,0,1,2,39,1,2,0.0,0.0,0.0,0.0,0.0,1.0,14,3,9
151061,16,2,3,17,2,3,0,1,1,1,2,24,2,2,0.0,0.0,0.0,0.0,0.0,2.0,15,4,10
83201,16,2,3,15,10,3,0,1,1,1,1,36,2,2,0.0,0.0,0.0,0.0,0.0,3.0,15,6,6
25774,16,2,1,17,2,3,0,1,0,1,2,24,2,3,1.0,0.0,0.0,1.0,0.0,7.0,4,7,2
24243,16,2,1,10,18,3,0,1,0,1,2,17,3,3,1.0,0.0,0.0,1.0,0.0,2.0,22,7,2
47636,16,2,3,15,2,3,0,1,1,1,2,36,2,2,0.0,0.0,0.0,0.0,0.0,3.0,15,6,4
113020,16,2,3,0,2,3,0,1,0,1,2,18,2,3,1.0,0.0,0.0,1.0,0.0,3.0,17,5,8
59266,16,2,3,10,8,3,0,1,1,1,2,19,2,2,0.0,0.0,0.0,0.0,0.0,2.0,11,6,5
104545,4,2,4,2,2,3,0,1,0,1,2,36,1,3,1.0,0.0,0.0,1.0,0.0,0.0,5,4,8