crash_date,               traffic_control_device,weather_condition,lighting_condition,first_crash_type,trafficway_type,alignment,roadway_surface_cond,road_defect,crash_type,intersection_related_i,damage,prim_contributory_cause,num_units,most_severe_injury,injuries_total,injuries_fatal,injuries_incapacitating,injuries_non_incapacitating,injuries_reported_not_evident,injuries_no_indication,crash_hour,crash_day_of_week,crash_month
16076,16,3,2,17,10,3,0,1,1,1,2,24,2,2,0.0,0.0,0.0,0.0,0.0,4.0,18,1,2
85090,16,7,2,17,8,3,6,1,0,1,2,6,3,2,0.0,0.0,0.0,0.0,0.0,2.0,4,1,6
45923,16,2,3,0,8,3,0,1,0,1,2,36,2,3,1.0,0.0,0.0,1.0,0.0,2.0,14,3,4
64004,16,2,3,15,2,3,0,1,1,1,2,23,2,2,0.0,0.0,0.0,0.0,0.0,2.0,12,3,5
160264,15,2,4,17,2,3,0,6,1,1,2,18,2,2,0.0,0.0,0.0,0.0,0.0,3.0,16,4,11
98038,15,2,3,17,6,3,0,1,0,1,2,24,2,2,0.0,0.0,0.0,0.0,0.0,2.0,16,5,7
44580,16,2,1,0,2,3,0,1,0,1,2,6,2,3,1.0,0.0,0.0,1.0,0.0,1.0,21,6,4
60877,4,2,3,15,10,3,0,5,1,1,2,23,2,2,0.0,0.0,0.0,0.0,0.0,7.0,8,3,5
94856,18,2,3,17,6,3,0,1,1,1,0,18,2,2,0.0,0.0,0.0,0.0,0.0,2.0,9,5,7
39218,4,2,3,10,2,3,0,1,1,1,2,17,2,2,0.0,0.0,0.0,0.0,0.0,4.0,8,6,3
3579,16,2,3,10,2,3,0,1,1,0,2,17,2,2,0.0,0.0,0.0,0.0,0.0,2.0,9,4,1
172542,16,2,3,10,6,3,0,1,1,1,2,12,2,2,0.0,0.0,0.0,0.0,0.0,4.0,8,5,12
32158,16,11,3,17,15,3,5,5,1,1,2,24,2,2,0.0,0.0,0.0,0.0,0.0,2.0,10,2,3
124637,16,2,3,17,6,3,0,1,1,1,2,6,2,2,0.0,0.0,0.0,0.0,0.0,2.0,14,4,9
84019,4,2,3,9,8,3,0,1,0,1,2,18,3,1,2.0,0.0,1.0,1.0,0.0,1.0,6,5,6
185092,16,4,1,17,3,3,6,1,1,1,0,36,2,2,0.0,0.0,0.0,0.0,0.0,3.0,16,7,12
61581,16,2,3,17,8,3,0,1,1,1,1,36,2,2,0.0,0.0,0.0,0.0,0.0,2.0,14,6,5
134528,16,2,3,15,3,3,0,1,1,1,0,18,2,2,0.0,0.0,0.0,0.0,0.0,2.0,11,7,9
23761,16,3,4,0,6,3,6,5,0,1,2,6,2,3,2.0,0.0,0.0,2.0,0.0,2.0,18,6,2
120262,4,2,3,10,8,3,0,1,1,1,2,17,3,2,0.0,0.0,0.0,0.0,0.0,3.0,9,3,8
125580,15,2,3,10,2,3,0,1,1,1,1,18,2,2,0.0,0.0,0.0,0.0,0.0,3.0,8,2,9
94817,16,2,3,17,8,3,0,1,1,1,2,23,2,2,0.0,0.0,0.0,0.0,0.0,2.0,14,5,7
46463,16,2,3,10,8,3,0,1,1,1,2,36,2,2,0.0,0.0,0.0,0.0,0.0,2.0,13,7,4
81553,16,2,3,15,8,3,0,1,1,1,0,23,2,2,0.0,0.0,0.0,0.0,0.0,2.0,17,3,6
73602,15,2,3,9,0,3,0,1,0,1,0,38,2,3,1.0,0.0,0.0,1.0,0.0,1.0,17,6,6
59502,4,2,3,10,2,3,0,1,0,1,0,36,2,4,1.0,0.0,0.0,0.0,1.0,3.0,13,2,5
172038,16,2,3,17,6,3,0,1,0,1,2,18,2,2,0.0,0.0,0.0,0.0,0.0,2.0,19,5,11
77412,4,2,3,10,8,3,0,1,1,1,2,19,2,2,0.0,0.0,0.0,0.0,0.0,2.0,15,7,6
169588,15,2,1,17,15,3,0,1,0,1,2,18,2,4,1.0,0.0,0.0,0.0,1.0,2.0,20,2,11
141586,16,2,2,10,6,3,5,5,1,1,2,19,2,2,0.0,0.0,0.0,0.0,0.0,2.0,5,2,10
42462,16,2,1,10,6,3,0,1,1,1,2,19,2,2,0.0,0.0,0.0,0.0,0.0,2.0,2,5,4
97327,16,2,3,0,6,3,0,1,0,1,2,18,2,2,0.0,0.0,0.0,0.0,0.0,2.0,16,1,7
104226,16,2,1,0,6,3,0,1,0,1,2,6,2,2,0.0,0.0,0.0,0.0,0.0,3.0,1,1,8
34332,15,2,3,10,8,3,6,1,1,1,1,17,2,2,0.0,0.0,0.0,0.0,0.0,3.0,16,3,3
105916,16,2,3,0,6,3,0,1,0,1,2,18,2,3,1.0,0.0,0.0,1.0,0.0,1.0,9,4,8
41164,16,2,3,15,2,3,0,1,1,1,1,23,2,2,0.0,0.0,0.0,0.0,0.0,2.0,15,2,3
75925,4,2,3,10,8,3,0,1,1,0,2,26,2,2,0.0,0.0,0.0,0.0,0.0,2.0,8,5,6
115739,16,2,1,10,3,3,0,1,0,0,2,30,2,3,1.0,0.0,0.0,1.0,0.0,1.0,4,6,8
101492,16,2,3,10,8,3,0,1,0,1,1,8,2,4,1.0,0.0,0.0,0.0,1.0,1.0,16,2,7
106581,4,2,1,10,8,3,5,1,1,0,2,17,2,2,0.0,0.0,0.0,0.0,0.0,2.0,20,7,8
161057,16,7,1,17,8,3,6,1,1,1,2,24,2,2,0.0,0.0,0.0,0.0,0.0,2.0,17,3,11
65760,16,2,3,17,2,3,0,1,0,1,2,18,2,3,2.0,0.0,0.0,2.0,0.0,0.0,18,4,5
105120,16,7,1,17,10,3,6,1,1,1,2,36,2,2,0.0,0.0,0.0,0.0,0.0,2.0,22,5,8
117505,16,2,3,0,8,3,0,1,0,1,2,6,2,4,1.0,0.0,0.0,0.0,1.0,1.0,10,5,8
26822,16,2,3,0,8,3,6,1,0,1,2,18,2,2,0.0,0.0,0.0,0.0,0.0,6.0,8,3,2
23002,16,2,3,0,6,3,0,1,0,1,2,6,5,1,2.0,0.0,1.0,1.0,0.0,4.0,10,7,2
159346,15,2,3,9,2,3,0,1,0,1,2,18,2,1,1.0,0.0,1.0,0.0,0.0,1.0,6,5,11
177446,16,7,1,0,6,3,6,1,1,1,2,18,2,2,0.0,0.0,0.0,0.0,0.0,5.0,17,6,12
133925,16,7,1,0,6,3,6,1,0,1,2,6,2,4,1.0,0.0,0.0,0.0,1.0,1.0,23,6,9
182709,4,2,3,9,2,3,0,1,1,1,0,18,2,2,0.0,0.0,0.0,0.0,0.0,2.0,11,5,12
16727,16,2,1,17,8,3,0,1,0,1,2,36,2,3,1.0,0.0,0.0,1.0,0.0,1.0,3,7,2
96633,16,2,3,15,8,3,0,1,1,1,2,23,2,2,0.0,0.0,0.0,0.0,0.0,3.0,14,4,7
21056,4,2,1,17,8,3,0,1,1,1,2,36,2,2,0.0,0.0,0.0,0.0,0.0,2.0,22,3,2
160443,15,2,3,0,8,3,0,5,1,1,2,36,2,2,0.0,0.0,0.0,0.0,0.0,2.0,15,7,11
120932,16,2,3,0,2,3,0,1,1,1,2,36,2,2,0.0,0.0,0.0,0.0,0.0,2.0,13,6,9
169323,16,3,3,17,10,3,0,1,1,1,2,36,2,2,0.0,0.0,0.0,0.0,0.0,2.0,11,2,11
28650,16,2,3,17,17,3,2,5,0,1,2,6,2,4,2.0,0.0,0.0,0.0,2.0,0.0,15,6,3
111411,4,2,3,10,10,3,0,1,1,1,2,21,2,2,0.0,0.0,0.0,0.0,0.0,2.0,13,7,8
19456,15,10,3,10,8,3,2,5,1,1,1,36,2,2,0.0,0.0,0.0,0.0,0.0,2.0,10,4,2
8504,15,2,0,10,8,3,0,5,1,1,1,19,2,2,0.0,0.0,0.0,0.0,0.0,2.0,18,4,1
132632,4,7,4,3,8,3,6,1,1,1,1,36,2,2,0.0,0.0,0.0,0.0,0.0,2.0,16,1,9
103486,16,2,3,17,1,3,0,1,0,1,2,24,2,2,0.0,0.0,0.0,0.0,0.0,2.0,17,3,7
100893,16,2,3,15,6,3,0,1,0,1,2,17,3,3,1.0,0.0,0.0,1.0,0.0,2.0,6,6,7
133674,15,2,4,0,8,3,0,1,0,1,2,18,2,2,0.0,0.0,0.0,0.0,0.0,5.0,18,2,9
74726,15,2,1,17,8,3,0,1,1,1,2,23,2,2,0.0,0.0,0.0,0.0,0.0,2.0,21,1,6
102485,16,2,1,10,10,3,0,1,0,1,2,10,2,2,0.0,0.0,0.0,0.0,0.0,3.0,4,2,7
16643,15,2,3,17,5,3,0,1,1,1,1,36,2,2,0.0,0.0,0.0,0.0,0.0,3.0,10,5,2
55650,16,7,1,14,18,3,6,1,1,1,1,36,2,2,0.0,0.0,0.0,0.0,0.0,2.0,17,3,4
136065,16,7,3,17,6,3,6,5,0,1,2,19,3,3,1.0,0.0,0.0,1.0,0.0,2.0,13,7,9
37873,16,2,3,17,6,3,0,1,0,1,2,23,2,3,2.0,0.0,0.0,2.0,0.0,0.0,11,2,3
54460,16,7,1,2,3,3,6,1,0,1,2,26,1,2,0.0,0.0,0.0,0.0,0.0,1.0,3,7,4
7931,15,7,1,0,11,3,6,1,0,1,2,18,4,4,2.0,0.0,0.0,0.0,2.0,0.0,18,2,1
20271,15,9,3,17,2,3,4,1,0,0,2,18,2,3,1.0,0.0,0.0,1.0,0.0,4.0,12,3,2
151038,16,2,1,0,8,3,6,1,1,1,2,36,2,2,0.0,0.0,0.0,0.0,0.0,2.0,21,3,10
150776,16,2,1,17,6,3,0,1,0,1,2,18,2,4,1.0,0.0,0.0,0.0,1.0,3.0,19,1,10
60654,4,2,3,17,2,3,0,1,0,1,2,18,2,2,0.0,0.0,0.0,0.0,0.0,2.0,15,6,5
48028,4,2,3,17,8,3,0,1,1,1,1,18,2,2,0.0,0.0,0.0,0.0,0.0,2.0,12,7,4
177708,16,10,3,10,2,3,0,1,1,1,2,19,2,2,0.0,0.0,0.0,0.0,0.0,2.0,11,1,12
116665,16,2,3,17,2,3,0,1,0,1,2,36,2,3,2.0,0.0,0.0,1.0,1.0,4.0,12,7,8
91759,16,2,1,17,8,3,0,1,1,1,2,36,2,2,0.0,0.0,0.0,0.0,0.0,3.0,22,6,7
22818,16,10,3,0,6,3,4,1,0,1,2,36,2,4,1.0,0.0,0.0,0.0,1.0,2.0,16,5,2
138818,16,2,0,17,8,3,0,1,1,1,2,23,2,2,0.0,0.0,0.0,0.0,0.0,2.0,21,3,10
121635,15,2,3,0,2,3,0,1,1,1,2,23,2,2,0.0,0.0,0.0,0.0,0.0,2.0,15,7,9
188977,16,11,1,2,2,3,5,5,1,1,2,36,1,2,0.0,0.0,0.0,0.0,0.0,2.0,4,1,12
63708,15,7,3,15,8,3,6,1,1,1,2,36,2,2,0.0,0.0,0.0,0.0,0.0,2.0,13,5,5
116766,4,2,3,10,8,3,0,1,1,1,2,19,2,2,0.0,0.0,0.0,0.0,0.0,4.0,15,7,8
27901,16,7,3,10,6,3,6,5,1,1,2,12,2,2,0.0,0.0,0.0,0.0,0.0,3.0,10,1,2
43696,15,2,3,10,8,3,1,1,1,1,2,16,2,2,0.0,0.0,0.0,0.0,0.0,3.0,7,4,4
100664,16,2,3,15,6,3,0,6,1,1,2,23,2,2,0.0,0.0,0.0,0.0,0.0,3.0,11,3,7
187348,16,2,1,0,6,3,2,1,0,1,2,6,2,3,3.0,0.0,0.0,3.0,0.0,0.0,1,4,12
167487,16,7,1,10,8,3,6,1,1,1,2,28,2,2,0.0,0.0,0.0,0.0,0.0,2.0,0,3,11
133220,16,2,3,15,2,3,0,1,1,0,2,23,2,2,0.0,0.0,0.0,0.0,0.0,4.0,8,2,9
110762,16,2,3,15,8,3,0,1,1,1,2,23,2,2,0.0,0.0,0.0,0.0,0.0,2.0,3,1,8
91669,16,3,3,15,3,3,0,1,1,1,1,36,2,2,0.0,0.0,0.0,0.0,0.0,4.0,14,5,7
42022,16,2,1,17,8,3,0,1,0,1,2,18,2,2,0.0,0.0,0.0,0.0,0.0,2.0,19,4,3
139463,16,3,3,0,2,3,0,1,0,1,2,18,2,2,0.0,0.0,0.0,0.0,0.0,2.0,12,5,10
164919,15,10,3,0,8,3,6,1,0,1,2,18,2,4,1.0,0.0,0.0,0.0,1.0,1.0,11,7,11
78921,16,2,1,17,11,3,0,1,1,1,1,3,2,2,0.0,0.0,0.0,0.0,0.0,2.0,21,6,6
61517,15,2,3,17,6,3,0,5,1,1,2,36,2,2,0.0,0.0,0.0,0.0,0.0,2.0,18,7,5
84939,15,2,3,0,6,3,6,1,0,1,1,5,2,2,0.0,0.0,0.0,0.0,0.0,3.0,15,6,6
77802,15,7,1,0,6,3,6,1,0,1,2,39,2,2,0.0,0.0,0.0,0.0,0.0,2.0,23,4,6
96630,16,2,3,8,1,3,0,1,0,1,0,6,2,3,1.0,0.0,0.0,1.0,0.0,1.0,14,4,7
159526,16,2,1,15,2,3,0,1,1,1,2,36,2,2,0.0,0.0,0.0,0.0,0.0,2.0,17,2,11
82837,15,2,3,15,8,3,0,1,1,1,2,23,2,2,0.0,0.0,0.0,0.0,0.0,7.0,16,1,6
183834,16,2,3,17,3,3,0,1,1,1,0,24,2,2,0.0,0.0,0.0,0.0,0.0,3.0,12,7,12
115339,16,2,3,10,8,3,0,1,1,1,1,36,2,2,0.0,0.0,0.0,0.0,0.0,2.0,12,7,8
142737,16,11,3,10,8,3,5,5,1,1,0,19,2,2,0.0,0.0,0.0,0.0,0.0,2.0,12,7,10
57822,16,2,4,0,6,3,0,1,0,1,2,6,2,2,0.0,0.0,0.0,0.0,0.0,2.0,19,5,5
20959,16,2,3,10,6,3,0,1,1,1,0,36,2,2,0.0,0.0,0.0,0.0,0.0,2.0,16,2,2
158949,4,2,0,17,15,3,0,1,1,1,2,23,2,2,0.0,0.0,0.0,0.0,0.0,2.0,19,7,11
108721,16,2,3,17,3,3,0,1,1,1,2,23,2,2,0.0,0.0,0.0,0.0,0.0,2.0,14,4,8
94914,16,2,3,10,8,3,0,1,1,1,2,36,2,2,0.0,0.0,0.0,0.0,0.0,2.0,9,6,7
28457,16,2,3,0,8,3,0,1,0,1,2,36,2,3,1.0,0.0,0.0,1.0,0.0,2.0,17,1,3
151735,4,2,3,17,2,2,0,1,0,1,2,18,2,4,1.0,0.0,0.0,0.0,1.0,3.0,8,6,10
65209,16,7,3,17,10,3,6,1,1,1,1,24,2,2,0.0,0.0,0.0,0.0,0.0,3.0,15,1,5
160141,16,2,1,17,3,3,6,1,0,1,2,18,2,3,1.0,0.0,0.0,1.0,0.0,1.0,20,4,11
185463,15,2,3,0,8,3,0,1,1,1,2,18,2,2,0.0,0.0,0.0,0.0,0.0,3.0,12,5,12
40066,16,2,3,0,2,3,0,1,0,1,2,18,2,2,0.0,0.0,0.0,0.0,0.0,2.0,7,1,3
188104,15,10,0,0,8,3,4,1,0,1,2,11,2,2,0.0,0.0,0.0,0.0,0.0,3.0,5,7,12
85503,17,7,3,9,8,3,6,1,0,1,0,24,2,4,1.0,0.0,0.0,0.0,1.0,2.0,18,7,6
148963,4,2,3,17,3,3,0,1,1,1,2,21,2,2,0.0,0.0,0.0,0.0,0.0,2.0,15,5,10
118381,16,2,3,15,2,3,6,1,1,1,0,36,2,2,0.0,0.0,0.0,0.0,0.0,2.0,10,3,8
173656,16,3,3,0,2,3,0,1,0,1,2,6,3,3,1.0,0.0,0.0,1.0,0.0,3.0,12,1,12
108575,16,2,1,17,6,3,0,1,0,1,2,6,2,3,1.0,0.0,0.0,1.0,0.0,2.0,21,3,8
123620,16,2,3,17,6,3,0,1,0,1,2,28,2,2,0.0,0.0,0.0,0.0,0.0,2.0,15,3,9
73379,15,2,3,0,8,3,0,1,0,1,2,36,2,1,2.0,0.0,1.0,1.0,0.0,2.0,14,2,6
7864,16,3,2,17,2,3,5,5,1,1,2,36,2,2,0.0,0.0,0.0,0.0,0.0,4.0,13,1,1
177079,15,2,3,9,10,3,6,1,0,1,0,18,2,1,1.0,0.0,1.0,0.0,0.0,1.0,8,2,12
70276,16,2,3,17,13,3,0,1,1,1,2,22,2,2,0.0,0.0,0.0,0.0,0.0,2.0,15,4,5
129301,16,2,3,17,6,3,0,1,1,1,0,24,2,2,0.0,0.0,0.0,0.0,0.0,2.0,17,6,9
19963,4,2,3,17,2,3,6,1,1,0,2,18,2,2,0.0,0.0,0.0,0.0,0.0,2.0,8,6,2
123471,17,2,1,7,10,3,0,5,1,1,1,36,2,2,0.0,0.0,0.0,0.0,0.0,1.0,20,6,9
154402,4,2,0,17,3,3,0,1,1,1,2,18,2,2,0.0,0.0,0.0,0.0,0.0,2.0,20,3,10
58947,16,2,1,17,6,3,0,1,1,1,2,36,2,2,0.0,0.0,0.0,0.0,0.0,2.0,4,2,5
122520,6,2,2,7,10,3,0,1,0,1,2,0,4,3,1.0,0.0,0.0,1.0,0.0,0.0,6,7,9
88386,4,2,3,17,15,3,0,1,0,1,2,38,2,2,0.0,0.0,0.0,0.0,0.0,2.0,15,3,7
57584,16,2,3,17,6,3,0,1,1,0,2,23,2,2,0.0,0.0,0.0,0.0,0.0,3.0,14,7,5
170768,15,2,3,0,8,3,0,1,1,1,2,18,2,2,0.0,0.0,0.0,0.0,0.0,2.0,10,4,11
119678,16,2,3,17,8,3,0,1,0,1,2,6,2,2,0.0,0.0,0.0,0.0,0.0,2.0,18,2,8
48758,4,2,3,8,2,3,0,1,0,0,1,12,2,3,1.0,0.0,0.0,1.0,0.0,2.0,16,5,4
65489,16,7,3,0,2,3,6,1,1,1,2,24,2,2,0.0,0.0,0.0,0.0,0.0,2.0,8,6,5
90750,16,2,3,0,6,3,0,1,0,1,2,18,2,2,0.0,0.0,0.0,0.0,0.0,4.0,10,4,7
144589,16,2,1,10,2,3,0,1,1,1,1,17,2,2,0.0,0.0,0.0,0.0,0.0,2.0,19,3,10
168008,15,2,3,17,8,3,0,1,0,1,1,36,2,3,1.0,0.0,0.0,1.0,0.0,1.0,14,4,11
161670,6,2,3,17,18,3,0,1,0,1,2,35,2,2,0.0,0.0,0.0,0.0,0.0,2.0,14,6,11
180336,15,10,3,0,6,3,6,5,0,1,2,18,2,4,1.0,0.0,0.0,0.0,1.0,3.0,8,1,12
171675,16,2,3,17,1,3,6,1,1,1,1,18,2,2,0.0,0.0,0.0,0.0,0.0,2.0,13,6,11
88757,16,2,3,17,6,3,0,1,0,1,2,24,2,3,1.0,0.0,0.0,1.0,0.0,1.0,19,3,7
131920,16,2,1,0,8,3,0,1,1,1,2,18,2,2,0.0,0.0,0.0,0.0,0.0,5.0,22,5,9
138414,4,2,3,0,3,3,0,5,0,1,2,26,3,4,1.0,0.0,0.0,0.0,1.0,3.0,19,6,10
36563,4,11,1,15,8,3,5,5,1,1,2,36,2,2,0.0,0.0,0.0,0.0,0.0,2.0,21,6,3
145176,16,2,3,10,10,3,0,1,1,1,2,26,2,2,0.0,0.0,0.0,0.0,0.0,2.0,13,6,10
95301,16,7,3,15,8,3,6,1,1,1,2,23,2,2,0.0,0.0,0.0,0.0,0.0,3.0,13,6,7
155904,16,2,1,0,15,4,0,1,0,1,2,36,2,4,1.0,0.0,0.0,0.0,1.0,1.0,20,6,11
25086,15,7,3,0,11,3,6,1,1,1,2,36,2,2,0.0,0.0,0.0,0.0,0.0,3.0,8,3,2
89416,15,2,1,7,8,3,0,1,0,1,2,9,3,2,0.0,0.0,0.0,0.0,0.0,2.0,3,4,7
75424,15,2,3,0,2,3,0,1,1,1,2,18,2,2,0.0,0.0,0.0,0.0,0.0,4.0,14,6,6
99103,16,2,3,10,8,3,0,5,1,1,1,36,2,2,0.0,0.0,0.0,0.0,0.0,2.0,15,7,7
121414,16,2,3,17,2,3,0,1,0,1,2,18,2,4,1.0,0.0,0.0,0.0,1.0,2.0,10,5,9
179516,16,2,1,17,10,3,0,1,0,1,2,24,2,2,0.0,0.0,0.0,0.0,0.0,4.0,16,5,12
173825,16,2,3,17,8,3,0,5,1,1,2,22,2,2,0.0,0.0,0.0,0.0,0.0,2.0,12,2,12
81089,16,2,3,15,10,3,0,1,1,1,0,22,2,2,0.0,0.0,0.0,0.0,0.0,2.0,10,3,6
100352,16,2,3,15,6,3,0,1,1,1,2,22,2,2,0.0,0.0,0.0,0.0,0.0,2.0,17,5,7
69296,15,2,1,17,14,3,0,1,0,1,2,18,2,2,0.0,0.0,0.0,0.0,0.0,2.0,4,2,5
172758,16,2,3,17,8,3,0,1,0,1,2,18,2,2,0.0,0.0,0.0,0.0,0.0,2.0,14,7,12
177271,4,2,3,7,10,3,0,1,0,0,2,17,2,2,0.0,0.0,0.0,0.0,0.0,1.0,11,2,12
139844,4,2,1,17,6,3,0,1,1,1,2,18,2,2,0.0,0.0,0.0,0.0,0.0,2.0,22,6,10
22668,15,10,1,0,10,3,4,5,0,1,1,5,2,2,0.0,0.0,0.0,0.0,0.0,2.0,18,1,2
179736,16,2,3,10,8,3,0,1,1,1,1,19,2,2,0.0,0.0,0.0,0.0,0.0,2.0,15,2,12
42766,4,2,3,17,8,3,0,1,0,1,2,23,2,3,2.0,0.0,0.0,2.0,0.0,3.0,15,2,4
76982,16,2,3,10,6,3,0,1,1,1,2,17,2,2,0.0,0.0,0.0,0.0,0.0,5.0,18,7,6
164041,16,2,1,0,15,3,6,1,0,1,2,6,2,3,1.0,0.0,0.0,1.0,0.0,1.0,22,3,11
179451,16,7,1,10,8,3,6,1,1,1,0,19,2,2,0.0,0.0,0.0,0.0,0.0,6.0,17,2,12
161727,16,2,3,17,2,3,0,1,1,1,1,24,2,2,0.0,0.0,0.0,0.0,0.0,2.0,12,6,11
127658,16,2,3,10,6,3,0,1,0,1,2,17,2,3,1.0,0.0,0.0,1.0,0.0,4.0,10,4,9
52061,16,2,3,10,8,3,0,1,0,1,0,19,2,4,1.0,0.0,0.0,0.0,1.0,1.0,12,2,4
112083,16,2,3,17,8,3,0,1,1,1,2,19,2,2,0.0,0.0,0.0,0.0,0.0,2.0,5,6,8
67920,4,11,3,15,2,3,5,5,1,1,1,22,2,2,0.0,0.0,0.0,0.0,0.0,2.0,16,3,5
177750,15,2,3,0,8,3,0,1,0,1,0,26,2,4,1.0,0.0,0.0,0.0,1.0,1.0,7,2,12
122185,15,2,3,0,6,3,0,1,1,1,2,5,2,2,0.0,0.0,0.0,0.0,0.0,2.0,10,3,9
56082,6,2,3,0,8,3,0,1,0,1,2,18,3,1,1.0,0.0,1.0,0.0,0.0,1.0,8,3,5
29799,16,2,3,17,6,3,0,1,1,1,0,24,2,2,0.0,0.0,0.0,0.0,0.0,2.0,11,4,3
20501,16,2,1,17,10,3,0,1,1,1,2,24,2,2,0.0,0.0,0.0,0.0,0.0,9.0,0,1,2
48932,16,11,3,10,15,3,5,5,0,1,2,36,2,3,1.0,0.0,0.0,1.0,0.0,1.0,14,2,4
147096,15,2,1,0,6,3,0,1,0,1,2,5,2,4,2.0,0.0,0.0,0.0,2.0,1.0,21,5,10
27015,15,2,1,17,6,3,0,1,0,1,2,5,2,2,0.0,0.0,0.0,0.0,0.0,3.0,18,7,2
170690,15,2,3,9,8,3,0,1,0,1,2,36,2,1,1.0,0.0,1.0,0.0,0.0,1.0,9,3,11
59434,16,3,3,10,3,3,6,1,0,1,2,19,2,3,1.0,0.0,0.0,1.0,0.0,1.0,16,3,5
17123,4,10,1,10,6,3,4,1,1,1,0,17,2,2,0.0,0.0,0.0,0.0,0.0,4.0,20,6,2
13375,15,2,0,17,8,3,0,1,1,1,2,23,2,2,0.0,0.0,0.0,0.0,0.0,2.0,3,1,1
181579,15,2,1,2,15,3,0,1,0,1,2,17,1,2,0.0,0.0,0.0,0.0,0.0,1.0,1,6,12
182618,16,2,1,0,8,3,0,1,0,1,2,15,2,4,1.0,0.0,0.0,0.0,1.0,1.0,22,4,12
17819,15,2,1,0,8,3,0,1,1,1,2,36,2,2,0.0,0.0,0.0,0.0,0.0,2.0,17,3,2
32,15,2,3,17,8,3,6,1,0,1,1,18,2,1,1.0,0.0,1.0,0.0,0.0,1.0,13,2,1
77423,16,2,3,17,6,3,0,1,0,1,2,36,2,2,0.0,0.0,0.0,0.0,0.0,3.0,17,7,6
183646,4,2,1,10,10,3,0,1,1,0,1,36,2,2,0.0,0.0,0.0,0.0,0.0,2.0,18,5,12
52118,16,2,3,17,10,3,0,1,0,1,2,23,2,2,0.0,0.0,0.0,0.0,0.0,2.0,14,2,4
74690,16,2,0,0,6,3,0,1,0,1,1,36,2,2,0.0,0.0,0.0,0.0,0.0,2.0,3,1,6
187887,16,2,1,9,6,3,6,1,0,1,0,36,4,4,1.0,0.0,0.0,0.0,1.0,3.0,18,5,12
126773,15,2,3,15,8,3,0,5,1,1,1,18,2,2,0.0,0.0,0.0,0.0,0.0,2.0,8,5,9
36195,16,2,3,0,2,3,0,1,0,1,2,18,2,2,0.0,0.0,0.0,0.0,0.0,2.0,14,1,3
103021,16,2,3,15,8,3,0,1,1,1,1,22,2,2,0.0,0.0,0.0,0.0,0.0,2.0,8,3,7
117643,15,2,3,0,6,3,0,5,1,1,2,18,2,2,0.0,0.0,0.0,0.0,0.0,2.0,13,2,8
118531,16,2,0,2,2,3,0,1,0,1,2,36,1,2,0.0,0.0,0.0,0.0,0.0,1.0,23,6,8
27501,16,3,3,0,6,3,6,1,1,1,2,6,2,2,0.0,0.0,0.0,0.0,0.0,4.0,13,2,2
6967,16,2,3,17,8,3,6,1,0,1,2,36,2,2,0.0,0.0,0.0,0.0,0.0,2.0,12,1,1
15243,16,2,3,0,6,3,6,1,0,1,2,6,2,4,1.0,0.0,0.0,0.0,1.0,2.0,14,7,2
22454,15,10,1,0,15,3,4,1,1,1,2,39,2,2,0.0,0.0,0.0,0.0,0.0,2.0,22,5,2
121572,4,2,1,15,6,3,0,1,0,1,2,36,2,2,0.0,0.0,0.0,0.0,0.0,3.0,1,2,9
109897,15,2,3,0,8,3,0,1,0,1,2,13,2,2,0.0,0.0,0.0,0.0,0.0,3.0,15,1,8
142921,16,7,3,0,12,5,6,1,1,1,1,36,2,2,0.0,0.0,0.0,0.0,0.0,3.0,10,4,10
154855,10,2,0,9,8,3,0,1,0,1,0,17,2,3,1.0,0.0,0.0,1.0,0.0,1.0,2,1,10
120426,4,2,3,10,8,3,0,1,1,0,2,19,2,2,0.0,0.0,0.0,0.0,0.0,2.0,15,7,8
46213,16,2,3,15,6,3,0,1,1,1,2,18,2,2,0.0,0.0,0.0,0.0,0.0,2.0,14,3,4
42114,4,10,1,17,8,3,4,1,0,1,2,18,2,4,2.0,0.0,0.0,0.0,2.0,4.0,23,5,3
7916,4,7,3,10,8,3,6,1,1,1,2,19,2,2,0.0,0.0,0.0,0.0,0.0,2.0,15,2,1
115115,16,2,3,17,8,3,0,1,1,1,1,36,2,2,0.0,0.0,0.0,0.0,0.0,2.0,17,3,8
159471,15,2,1,17,8,3,0,1,1,1,0,36,2,2,0.0,0.0,0.0,0.0,0.0,2.0,5,1,11
54901,15,2,3,0,15,3,0,1,0,1,2,18,2,3,1.0,0.0,0.0,1.0,0.0,1.0,15,6,4
72492,16,2,3,15,2,3,0,5,0,1,1,17,2,1,1.0,0.0,1.0,0.0,0.0,1.0,15,3,6
32458,16,2,1,0,8,3,0,1,0,1,2,2,2,2,0.0,0.0,0.0,0.0,0.0,2.0,20,6,3
30073,15,2,1,10,8,3,0,1,1,1,2,26,2,2,0.0,0.0,0.0,0.0,0.0,3.0,2,1,3
80297,16,3,3,17,8,3,0,1,1,1,2,18,2,2,0.0,0.0,0.0,0.0,0.0,2.0,7,6,6
3182,16,2,3,17,6,3,0,1,1,0,0,36,2,2,0.0,0.0,0.0,0.0,0.0,2.0,11,5,1
44877,16,2,3,2,6,3,0,1,0,1,1,36,1,2,0.0,0.0,0.0,0.0,0.0,1.0,17,7,4
16139,15,2,3,17,8,3,0,1,1,1,2,36,2,2,0.0,0.0,0.0,0.0,0.0,3.0,8,2,2
21207,4,2,2,2,8,3,0,1,0,1,2,26,1,2,0.0,0.0,0.0,0.0,0.0,1.0,6,5,2