crash_date,               traffic_control_device,weather_condition,lighting_condition,first_crash_type,trafficway_type,alignment,roadway_surface_cond,road_defect,crash_type,intersection_related_i,damage,prim_contributory_cause,num_units,most_severe_injury,injuries_total,injuries_fatal,injuries_incapacitating,injuries_non_incapacitating,injuries_reported_not_evident,injuries_no_indication,crash_hour,crash_day_of_week,crash_month
85141,16,2,3,17,6,3,0,1,0,1,2,24,2,2,0.0,0.0,0.0,0.0,0.0,5.0,17,3,6
74055,16,2,3,2,8,3,0,1,1,1,2,36,1,2,0.0,0.0,0.0,0.0,0.0,1.0,10,4,6
155872,4,2,3,17,8,4,0,1,0,1,0,18,2,2,0.0,0.0,0.0,0.0,0.0,3.0,15,6,11
34512,16,2,3,17,8,3,0,1,1,1,2,36,2,2,0.0,0.0,0.0,0.0,0.0,2.0,13,7,3
95320,16,7,3,15,10,3,6,1,1,1,2,36,2,2,0.0,0.0,0.0,0.0,0.0,2.0,16,6,7
177871,16,2,1,10,8,3,0,1,1,1,1,19,2,2,0.0,0.0,0.0,0.0,0.0,3.0,17,4,12
82723,16,7,0,15,3,3,6,1,1,1,2,36,2,2,0.0,0.0,0.0,0.0,0.0,3.0,20,5,6
163201,16,6,3,17,8,3,6,1,0,1,2,18,2,1,2.0,0.0,2.0,0.0,0.0,0.0,9,5,11
169110,16,2,3,15,2,3,0,1,1,1,2,36,2,2,0.0,0.0,0.0,0.0,0.0,2.0,14,4,11
91909,16,2,0,17,8,3,0,1,1,1,1,2,2,2,0.0,0.0,0.0,0.0,0.0,2.0,2,7,7
162796,4,3,3,17,2,3,6,1,0,0,2,18,3,4,1.0,0.0,0.0,0.0,1.0,2.0,9,7,11
16624,16,10,0,17,2,3,4,1,1,1,1,22,2,2,0.0,0.0,0.0,0.0,0.0,2.0,16,5,2
147481,15,2,3,10,3,3,0,5,1,1,2,36,2,2,0.0,0.0,0.0,0.0,0.0,2.0,17,4,10
174364,16,2,3,10,2,3,0,1,1,1,1,17,2,2,0.0,0.0,0.0,0.0,0.0,2.0,7,3,12
187089,16,10,3,10,8,3,4,1,1,1,0,19,3,2,0.0,0.0,0.0,0.0,0.0,2.0,12,5,12
155603,16,2,3,17,9,3,0,1,1,1,2,24,2,2,0.0,0.0,0.0,0.0,0.0,2.0,13,5,10
10991,15,9,1,7,10,3,1,1,1,1,1,39,2,2,0.0,0.0,0.0,0.0,0.0,1.0,23,2,1
152567,15,2,1,0,8,3,0,1,0,1,1,28,2,3,1.0,0.0,0.0,1.0,0.0,2.0,23,3,10
125326,16,2,3,17,6,3,0,1,0,1,2,24,2,2,0.0,0.0,0.0,0.0,0.0,2.0,13,7,9
175677,15,2,3,2,8,3,0,1,1,1,1,36,1,2,0.0,0.0,0.0,0.0,0.0,1.0,13,2,12
86550,15,2,3,0,15,3,0,1,1,1,2,18,2,2,0.0,0.0,0.0,0.0,0.0,2.0,15,3,6
174837,16,2,3,10,6,3,0,1,1,1,2,19,2,2,0.0,0.0,0.0,0.0,0.0,3.0,17,5,12
86064,16,2,3,17,8,3,0,1,0,1,1,18,2,2,0.0,0.0,0.0,0.0,0.0,3.0,18,2,6
16341,17,11,5,10,6,3,5,5,1,1,2,36,2,2,0.0,0.0,0.0,0.0,0.0,2.0,13,7,2
173763,4,2,1,17,8,3,0,1,0,1,2,28,2,3,1.0,0.0,0.0,1.0,0.0,3.0,0,1,12
2154,17,11,3,15,2,3,5,5,1,0,1,22,2,2,0.0,0.0,0.0,0.0,0.0,2.0,16,3,1
86411,15,7,3,17,15,3,6,1,0,1,2,36,2,2,0.0,0.0,0.0,0.0,0.0,2.0,12,6,6
88173,16,2,1,17,6,3,0,1,0,1,2,24,2,2,0.0,0.0,0.0,0.0,0.0,4.0,3,7,7
137858,15,2,3,15,15,3,0,1,0,1,2,18,2,3,1.0,0.0,0.0,1.0,0.0,1.0,12,5,10
31374,16,2,3,0,6,3,0,1,0,1,2,36,2,4,1.0,0.0,0.0,0.0,1.0,1.0,6,5,3
168673,15,2,3,0,10,3,0,1,0,1,2,5,3,3,2.0,0.0,0.0,1.0,1.0,2.0,7,6,11
114787,15,2,3,17,8,3,0,5,1,1,2,22,2,2,0.0,0.0,0.0,0.0,0.0,3.0,18,6,8
171562,16,2,1,0,6,3,0,1,0,1,2,6,2,2,0.0,0.0,0.0,0.0,0.0,3.0,21,6,11
180101,15,2,3,17,17,3,0,1,1,1,1,36,2,2,0.0,0.0,0.0,0.0,0.0,3.0,14,5,12
154097,16,2,3,17,6,3,0,1,1,1,2,24,2,2,0.0,0.0,0.0,0.0,0.0,2.0,15,5,10
129960,15,7,3,17,19,3,6,3,0,1,2,18,2,3,1.0,0.0,0.0,1.0,0.0,1.0,14,1,9
142477,16,2,3,0,6,3,0,1,0,1,2,6,2,4,1.0,0.0,0.0,0.0,1.0,1.0,11,6,10
88936,15,2,3,10,8,3,0,1,1,1,2,38,2,2,0.0,0.0,0.0,0.0,0.0,2.0,15,4,7
113306,15,2,3,0,16,2,0,1,0,1,2,18,2,2,0.0,0.0,0.0,0.0,0.0,3.0,18,4,8
188366,15,2,1,0,6,3,0,1,0,1,2,18,5,2,0.0,0.0,0.0,0.0,0.0,4.0,23,5,12
55561,15,2,3,17,11,3,0,1,1,1,2,12,2,2,0.0,0.0,0.0,0.0,0.0,2.0,15,2,4
25957,4,2,3,9,8,3,0,1,0,1,2,18,2,3,1.0,0.0,0.0,1.0,0.0,1.0,11,4,2
118170,16,2,3,10,8,4,0,1,1,1,1,17,2,2,0.0,0.0,0.0,0.0,0.0,2.0,14,3,8
188882,16,11,1,15,2,3,5,5,1,1,2,23,2,2,0.0,0.0,0.0,0.0,0.0,3.0,20,6,12
129794,16,11,5,10,15,3,5,5,1,1,2,36,2,2,0.0,0.0,0.0,0.0,0.0,7.0,16,6,9
130490,15,7,1,0,6,3,6,1,0,1,2,5,2,2,0.0,0.0,0.0,0.0,0.0,2.0,22,1,9
123427,16,2,3,10,6,3,0,1,0,1,2,25,2,3,1.0,0.0,0.0,1.0,0.0,1.0,13,6,9
158075,16,2,3,0,10,3,6,1,0,1,2,6,2,4,1.0,0.0,0.0,0.0,1.0,4.0,15,1,11
174120,4,2,0,10,8,3,0,1,0,1,2,23,2,3,2.0,0.0,0.0,2.0,0.0,1.0,17,1,12
135466,16,2,3,17,3,3,0,1,0,1,2,36,3,3,1.0,0.0,0.0,1.0,0.0,7.0,10,5,9
39088,16,2,3,17,8,3,0,1,1,1,2,36,2,2,0.0,0.0,0.0,0.0,0.0,2.0,18,4,3
171859,16,2,4,17,8,3,0,1,1,1,2,18,2,2,0.0,0.0,0.0,0.0,0.0,5.0,17,2,11
76553,16,2,3,10,2,3,5,5,1,1,2,12,2,2,0.0,0.0,0.0,0.0,0.0,2.0,7,6,6
152874,16,2,1,4,8,3,0,1,0,1,2,24,2,1,1.0,0.0,1.0,0.0,0.0,1.0,2,7,10
183078,15,2,3,0,8,3,0,1,1,1,1,18,2,2,0.0,0.0,0.0,0.0,0.0,2.0,15,4,12
70481,16,2,3,15,10,3,0,1,1,1,1,36,2,2,0.0,0.0,0.0,0.0,0.0,2.0,19,1,5
87704,16,2,3,15,1,3,0,1,1,1,1,36,2,2,0.0,0.0,0.0,0.0,0.0,5.0,11,6,6
152392,16,7,1,10,8,3,6,1,1,1,2,36,2,2,0.0,0.0,0.0,0.0,0.0,2.0,18,7,10
98973,16,2,3,10,2,3,0,5,1,1,0,36,2,2,0.0,0.0,0.0,0.0,0.0,2.0,17,5,7
153345,16,2,3,9,6,3,0,1,0,1,0,28,2,3,1.0,0.0,0.0,1.0,0.0,1.0,12,1,10
71098,16,2,3,17,6,3,0,1,0,1,2,18,2,2,0.0,0.0,0.0,0.0,0.0,3.0,16,5,5
4527,16,2,3,10,2,3,0,1,1,1,2,19,3,2,0.0,0.0,0.0,0.0,0.0,4.0,12,5,1
13576,16,2,3,0,6,3,4,1,0,1,2,6,2,2,0.0,0.0,0.0,0.0,0.0,3.0,13,6,1
36348,15,2,3,17,8,3,0,1,1,1,2,36,2,2,0.0,0.0,0.0,0.0,0.0,2.0,15,2,3
107176,16,2,1,10,2,3,0,1,0,1,1,9,2,2,0.0,0.0,0.0,0.0,0.0,2.0,2,1,8
26819,16,2,3,10,2,3,0,5,1,0,2,36,2,2,0.0,0.0,0.0,0.0,0.0,3.0,8,3,2
107042,16,2,1,17,6,3,0,1,0,1,2,26,2,2,0.0,0.0,0.0,0.0,0.0,2.0,23,7,8
158416,16,7,3,0,8,3,6,1,0,1,2,18,2,4,2.0,0.0,0.0,0.0,2.0,1.0,15,7,11
89457,16,7,1,0,2,3,6,5,0,1,2,17,2,1,3.0,0.0,3.0,0.0,0.0,0.0,22,4,7
98418,16,2,3,10,1,3,0,1,0,1,1,19,2,3,1.0,0.0,0.0,1.0,0.0,2.0,10,3,7
20825,15,2,1,17,3,3,4,5,1,1,2,17,2,2,0.0,0.0,0.0,0.0,0.0,2.0,23,5,2
144756,16,2,3,17,8,3,0,1,1,1,1,23,2,2,0.0,0.0,0.0,0.0,0.0,2.0,10,7,10
169763,16,2,3,10,10,3,0,1,1,1,2,19,2,2,0.0,0.0,0.0,0.0,0.0,2.0,13,3,11
63491,4,2,3,0,12,3,0,1,1,1,2,18,2,2,0.0,0.0,0.0,0.0,0.0,2.0,7,2,5
124774,15,2,3,8,8,3,0,1,1,1,0,8,2,2,0.0,0.0,0.0,0.0,0.0,2.0,10,5,9
29139,16,3,3,10,10,3,0,3,1,1,1,17,2,2,0.0,0.0,0.0,0.0,0.0,3.0,15,5,3
157164,15,2,1,0,8,3,0,1,0,1,2,36,2,2,0.0,0.0,0.0,0.0,0.0,5.0,19,4,11
78751,16,2,3,17,2,3,0,1,1,1,2,21,2,2,0.0,0.0,0.0,0.0,0.0,2.0,18,3,6
159298,15,2,3,9,8,3,0,1,0,1,2,38,2,3,1.0,0.0,0.0,1.0,0.0,1.0,8,4,11
178136,16,2,3,0,15,3,0,1,1,1,2,18,2,2,0.0,0.0,0.0,0.0,0.0,4.0,14,2,12
113058,15,2,3,9,8,3,0,1,0,1,0,18,2,3,1.0,0.0,0.0,1.0,0.0,1.0,6,6,8
328,16,2,0,17,6,3,4,1,1,1,2,24,2,2,0.0,0.0,0.0,0.0,0.0,2.0,18,7,1
119266,16,2,3,17,10,3,0,1,1,1,2,24,2,2,0.0,0.0,0.0,0.0,0.0,6.0,15,3,8
131015,15,2,1,2,6,3,6,1,0,1,2,36,1,2,0.0,0.0,0.0,0.0,0.0,1.0,3,2,9
132772,15,7,3,0,8,3,6,5,0,1,2,5,2,4,1.0,0.0,0.0,0.0,1.0,5.0,8,4,9
166916,15,2,1,10,8,3,0,1,0,1,2,17,2,1,1.0,0.0,1.0,0.0,0.0,1.0,3,4,11
65646,16,2,3,15,1,3,0,1,1,1,1,12,2,2,0.0,0.0,0.0,0.0,0.0,3.0,15,1,5
146489,16,2,3,17,2,3,0,1,0,1,2,36,2,3,2.0,0.0,0.0,1.0,1.0,2.0,7,3,10
21471,16,2,1,17,10,3,0,1,1,1,2,36,2,2,0.0,0.0,0.0,0.0,0.0,2.0,22,2,2
27379,16,2,1,2,8,3,0,1,0,1,2,36,1,2,0.0,0.0,0.0,0.0,0.0,1.0,0,5,2
140710,15,2,3,17,8,3,0,1,1,1,2,24,2,2,0.0,0.0,0.0,0.0,0.0,2.0,9,3,10
58719,16,7,3,17,6,3,6,1,0,1,2,18,2,2,0.0,0.0,0.0,0.0,0.0,2.0,8,5,5
4809,15,2,3,17,15,3,0,5,0,1,2,18,2,4,2.0,0.0,0.0,0.0,2.0,0.0,9,4,1
131826,16,2,3,17,8,3,0,1,1,1,2,12,2,2,0.0,0.0,0.0,0.0,0.0,2.0,17,4,9
30104,16,7,3,15,8,3,6,1,1,1,1,19,2,2,0.0,0.0,0.0,0.0,0.0,3.0,17,2,3
37897,15,2,3,17,11,3,0,1,0,1,2,18,8,2,0.0,0.0,0.0,0.0,0.0,3.0,18,3,3
60290,15,2,1,17,2,3,0,1,0,1,2,18,2,2,0.0,0.0,0.0,0.0,0.0,2.0,20,1,5
31840,16,7,1,15,11,3,6,1,1,0,2,22,2,2,0.0,0.0,0.0,0.0,0.0,2.0,18,6,3
7938,4,7,1,9,2,3,6,5,0,1,0,36,2,4,1.0,0.0,0.0,0.0,1.0,1.0,20,2,1
117216,16,2,0,10,8,3,0,1,1,1,2,19,2,2,0.0,0.0,0.0,0.0,0.0,2.0,5,6,8
161074,16,7,1,0,8,3,6,1,0,1,2,26,2,2,0.0,0.0,0.0,0.0,0.0,2.0,19,3,11
155217,16,2,1,10,3,3,0,5,0,1,2,36,2,3,1.0,0.0,0.0,1.0,0.0,1.0,18,4,10
171337,15,2,0,10,2,3,0,5,1,1,2,36,2,2,0.0,0.0,0.0,0.0,0.0,2.0,19,1,11
837,16,2,3,17,8,3,6,1,1,1,2,36,2,2,0.0,0.0,0.0,0.0,0.0,2.0,11,1,1
182588,16,2,2,0,2,3,0,1,1,1,2,23,2,2,0.0,0.0,0.0,0.0,0.0,2.0,6,4,12
153283,16,2,3,17,8,3,0,1,0,1,2,18,2,4,1.0,0.0,0.0,0.0,1.0,1.0,13,1,10
88379,16,2,1,17,6,3,0,1,1,1,2,24,2,2,0.0,0.0,0.0,0.0,0.0,6.0,1,3,7
152630,16,2,3,10,8,3,0,1,1,1,2,8,2,2,0.0,0.0,0.0,0.0,0.0,2.0,12,4,10
29987,16,2,3,10,2,3,0,1,0,1,2,8,2,2,0.0,0.0,0.0,0.0,0.0,4.0,11,7,3
7228,16,2,1,9,6,3,0,1,0,1,0,18,2,3,1.0,0.0,0.0,1.0,0.0,1.0,20,4,1
32020,16,2,1,10,2,3,0,1,1,1,0,19,2,2,0.0,0.0,0.0,0.0,0.0,2.0,2,7,3
80855,15,2,1,0,6,3,0,1,0,1,2,18,2,2,0.0,0.0,0.0,0.0,0.0,3.0,0,7,6
26356,4,10,1,10,8,3,4,1,1,0,1,19,2,2,0.0,0.0,0.0,0.0,0.0,2.0,18,3,2
93269,16,2,3,9,2,3,0,1,0,1,2,18,2,3,1.0,0.0,0.0,1.0,0.0,1.0,13,2,7
122512,16,3,3,0,6,3,0,1,0,1,2,17,2,3,2.0,0.0,0.0,2.0,0.0,1.0,16,7,9
168891,2,2,1,0,6,3,0,5,0,1,2,36,2,3,6.0,0.0,0.0,6.0,0.0,0.0,0,3,11
188818,16,3,3,0,6,3,5,5,0,1,2,6,2,4,1.0,0.0,0.0,0.0,1.0,1.0,8,5,12
185970,16,7,4,10,8,3,6,1,1,0,1,19,2,2,0.0,0.0,0.0,0.0,0.0,2.0,18,2,12
70263,16,2,3,17,6,3,5,5,1,1,2,36,2,2,0.0,0.0,0.0,0.0,0.0,2.0,13,4,5
188388,16,2,3,10,3,3,0,1,1,1,2,36,3,2,0.0,0.0,0.0,0.0,0.0,4.0,15,6,12
1849,16,2,2,17,8,3,0,1,0,1,2,18,2,4,1.0,0.0,0.0,0.0,1.0,1.0,5,5,1
106145,16,2,3,15,2,3,0,1,1,1,0,23,2,2,0.0,0.0,0.0,0.0,0.0,2.0,17,6,8
41956,16,2,1,17,8,3,0,1,0,1,2,18,2,3,1.0,0.0,0.0,1.0,0.0,1.0,23,1,3
71390,16,2,3,17,8,3,0,1,0,1,2,18,2,3,1.0,0.0,0.0,1.0,0.0,1.0,11,6,5
108597,15,3,3,17,15,3,0,5,0,1,2,28,2,2,0.0,0.0,0.0,0.0,0.0,2.0,16,4,8
105596,16,2,1,17,2,3,0,1,1,1,1,24,2,2,0.0,0.0,0.0,0.0,0.0,2.0,20,5,8
146220,16,2,1,17,6,3,0,1,1,1,1,24,2,2,0.0,0.0,0.0,0.0,0.0,2.0,22,1,10
158009,4,2,1,5,8,3,0,1,1,1,1,36,1,2,0.0,0.0,0.0,0.0,0.0,1.0,2,5,11
172657,16,7,1,0,6,3,6,1,1,1,1,36,2,2,0.0,0.0,0.0,0.0,0.0,2.0,22,6,12
5391,16,2,3,0,8,3,5,5,1,1,2,6,2,2,0.0,0.0,0.0,0.0,0.0,3.0,7,7,1
53656,16,2,3,17,8,3,0,1,0,1,2,18,2,4,1.0,0.0,0.0,0.0,1.0,1.0,11,6,4
94608,16,7,3,10,8,3,6,1,0,1,2,19,2,2,0.0,0.0,0.0,0.0,0.0,4.0,9,7,7
83905,4,2,3,15,2,3,0,1,0,1,2,23,3,3,2.0,0.0,0.0,2.0,0.0,1.0,10,3,6
108214,16,2,1,17,8,3,0,1,1,1,1,24,2,2,0.0,0.0,0.0,0.0,0.0,2.0,22,3,8
146534,16,2,3,15,2,3,0,1,1,1,2,22,2,2,0.0,0.0,0.0,0.0,0.0,2.0,16,4,10
170035,15,10,3,0,15,3,6,1,0,1,2,18,3,3,1.0,0.0,0.0,1.0,0.0,1.0,11,1,11
174877,16,2,3,0,6,3,0,1,0,1,2,36,3,3,2.0,0.0,0.0,1.0,1.0,1.0,9,5,12
82134,16,2,4,17,8,3,0,1,1,1,2,36,2,2,0.0,0.0,0.0,0.0,0.0,2.0,20,4,6
77831,4,2,3,2,8,3,0,1,0,0,2,36,1,3,1.0,0.0,0.0,1.0,0.0,1.0,17,6,6
28891,15,2,1,17,15,3,0,1,0,1,2,18,2,2,0.0,0.0,0.0,0.0,0.0,2.0,18,2,3
145294,4,2,3,10,8,3,0,1,0,1,1,36,2,3,1.0,0.0,0.0,1.0,0.0,1.0,14,1,10
51743,16,2,3,10,8,3,0,1,1,1,1,36,2,2,0.0,0.0,0.0,0.0,0.0,2.0,17,2,4
81614,4,2,3,17,8,3,0,1,1,1,1,18,2,2,0.0,0.0,0.0,0.0,0.0,5.0,15,4,6
162109,4,2,3,10,8,3,0,1,1,1,0,19,2,2,0.0,0.0,0.0,0.0,0.0,4.0,16,5,11
135897,4,7,3,17,3,3,6,1,1,0,2,24,2,2,0.0,0.0,0.0,0.0,0.0,3.0,10,4,9
129875,15,2,1,10,8,3,0,1,0,1,2,19,2,2,0.0,0.0,0.0,0.0,0.0,3.0,1,7,9
173584,15,2,3,0,2,3,0,1,0,1,2,18,2,2,0.0,0.0,0.0,0.0,0.0,2.0,11,7,12
68927,16,7,1,2,2,3,6,1,1,1,2,36,1,2,0.0,0.0,0.0,0.0,0.0,1.0,0,4,5
24372,15,2,3,0,8,3,0,1,1,1,1,18,2,2,0.0,0.0,0.0,0.0,0.0,2.0,15,3,2
56193,16,2,3,3,2,3,0,5,1,1,1,36,2,2,0.0,0.0,0.0,0.0,0.0,3.0,15,6,5
123229,4,2,3,17,8,3,0,1,1,1,1,18,2,2,0.0,0.0,0.0,0.0,0.0,2.0,16,5,9
169916,15,2,1,0,8,3,0,1,1,1,2,18,2,2,0.0,0.0,0.0,0.0,0.0,2.0,21,6,11
185216,16,2,3,10,8,3,5,5,1,1,2,36,2,2,0.0,0.0,0.0,0.0,0.0,2.0,14,5,12
1986,17,11,5,10,17,3,5,5,1,1,1,26,2,2,0.0,0.0,0.0,0.0,0.0,2.0,14,6,1
136222,4,2,3,17,8,3,0,1,0,1,2,18,2,3,1.0,0.0,0.0,1.0,0.0,2.0,16,3,9
55115,16,2,1,17,8,3,0,1,1,1,0,24,2,2,0.0,0.0,0.0,0.0,0.0,2.0,23,1,4
165629,16,2,3,0,2,3,0,1,1,1,2,18,2,2,0.0,0.0,0.0,0.0,0.0,2.0,15,5,11
124815,16,2,3,17,2,3,5,1,1,1,2,36,2,2,0.0,0.0,0.0,0.0,0.0,2.0,6,6,9
109056,16,3,3,17,6,3,0,1,1,1,1,24,2,2,0.0,0.0,0.0,0.0,0.0,2.0,11,3,8
61160,15,7,3,0,8,3,6,1,1,1,1,36,2,2,0.0,0.0,0.0,0.0,0.0,3.0,12,6,5
126620,4,2,3,10,8,3,0,1,1,0,2,19,2,2,0.0,0.0,0.0,0.0,0.0,2.0,16,3,9
114477,15,2,3,0,6,3,0,1,0,1,1,18,3,2,0.0,0.0,0.0,0.0,0.0,4.0,11,1,8
112418,15,2,3,0,6,3,6,1,1,1,2,5,2,2,0.0,0.0,0.0,0.0,0.0,3.0,7,6,8
52715,15,3,3,17,6,3,0,1,0,1,2,5,2,2,0.0,0.0,0.0,0.0,0.0,2.0,9,6,4
117333,16,7,1,10,8,3,6,1,1,1,2,17,2,2,0.0,0.0,0.0,0.0,0.0,2.0,2,2,8
162755,16,7,3,10,2,3,6,1,0,1,2,19,2,4,1.0,0.0,0.0,0.0,1.0,2.0,13,7,11
15280,4,2,3,0,10,3,6,5,0,1,2,18,2,4,2.0,0.0,0.0,0.0,2.0,1.0,9,7,2
102447,16,2,1,10,8,3,0,5,1,1,2,36,2,2,0.0,0.0,0.0,0.0,0.0,2.0,21,1,7
59641,4,3,3,0,8,3,0,1,1,1,0,18,2,2,0.0,0.0,0.0,0.0,0.0,4.0,7,4,5
5799,15,3,3,17,6,3,0,1,0,1,2,24,2,3,1.0,0.0,0.0,1.0,0.0,3.0,11,4,1
105412,4,3,3,17,2,3,6,1,1,1,2,18,2,2,0.0,0.0,0.0,0.0,0.0,2.0,16,4,8
65813,16,2,3,15,6,3,0,1,1,1,1,36,2,2,0.0,0.0,0.0,0.0,0.0,2.0,17,5,5
16919,16,2,3,17,8,3,5,5,1,1,2,22,2,2,0.0,0.0,0.0,0.0,0.0,2.0,8,2,2
74224,15,2,3,0,10,3,0,1,1,1,2,18,2,2,0.0,0.0,0.0,0.0,0.0,2.0,15,1,6
34729,16,2,3,17,6,3,0,1,0,1,2,36,2,4,2.0,0.0,0.0,0.0,2.0,1.0,15,5,3
109640,15,2,1,0,15,3,0,1,0,1,2,18,2,2,0.0,0.0,0.0,0.0,0.0,2.0,21,5,8
137930,4,2,3,15,8,3,0,1,0,1,2,23,2,3,1.0,0.0,0.0,1.0,0.0,2.0,10,6,10
11769,16,10,3,10,6,3,4,1,1,1,2,17,2,2,0.0,0.0,0.0,0.0,0.0,2.0,10,2,1
16553,15,2,1,17,6,3,0,1,1,1,2,36,2,2,0.0,0.0,0.0,0.0,0.0,2.0,17,3,2
118438,16,2,3,9,8,3,0,1,0,1,0,18,2,3,1.0,0.0,0.0,1.0,0.0,1.0,7,4,8
15246,15,2,3,0,8,3,0,1,1,1,2,18,2,2,0.0,0.0,0.0,0.0,0.0,2.0,15,7,2
186322,16,2,3,0,6,3,0,5,0,1,2,36,2,2,0.0,0.0,0.0,0.0,0.0,2.0,14,2,12
184037,16,2,3,10,2,3,0,1,1,1,1,36,2,2,0.0,0.0,0.0,0.0,0.0,2.0,6,5,12
20468,16,2,3,17,2,3,0,1,0,1,2,12,2,3,2.0,0.0,0.0,2.0,0.0,0.0,14,1,2
3661,16,2,3,17,8,3,0,1,1,1,1,18,2,2,0.0,0.0,0.0,0.0,0.0,2.0,15,7,1
120403,15,2,3,0,6,3,0,1,0,1,2,18,2,3,2.0,0.0,0.0,2.0,0.0,0.0,12,5,8
73243,4,2,3,0,15,3,5,5,0,1,2,5,2,3,2.0,0.0,0.0,2.0,0.0,4.0,19,7,6
120628,16,11,1,10,1,3,5,5,1,1,1,6,2,2,0.0,0.0,0.0,0.0,0.0,2.0,21,7,9
132078,16,7,1,10,11,3,6,1,1,1,2,36,4,2,0.0,0.0,0.0,0.0,0.0,5.0,22,7,9
60950,15,2,3,0,8,3,5,5,1,1,1,36,2,2,0.0,0.0,0.0,0.0,0.0,2.0,8,4,5
17573,16,10,1,17,8,3,4,1,0,0,2,18,2,3,2.0,0.0,0.0,2.0,0.0,1.0,5,7,2
157929,17,2,1,2,8,3,0,1,0,1,2,36,1,2,0.0,0.0,0.0,0.0,0.0,2.0,23,7,11
92455,16,2,3,15,2,3,0,1,1,1,2,23,2,2,0.0,0.0,0.0,0.0,0.0,3.0,1,3,7
21453,4,2,1,0,1,3,0,1,1,1,2,36,2,2,0.0,0.0,0.0,0.0,0.0,2.0,17,2,2
123070,16,2,3,10,8,3,0,1,1,1,2,19,2,2,0.0,0.0,0.0,0.0,0.0,4.0,5,1,9
117343,15,7,4,0,8,3,6,1,0,1,2,12,2,2,0.0,0.0,0.0,0.0,0.0,2.0,16,2,8
102703,16,2,3,17,8,3,0,1,1,1,2,22,2,2,0.0,0.0,0.0,0.0,0.0,2.0,17,6,7
67924,15,2,3,0,2,3,0,1,1,1,2,18,2,2,0.0,0.0,0.0,0.0,0.0,5.0,17,3,5
127904,16,2,3,10,2,3,0,1,1,1,2,19,2,2,0.0,0.0,0.0,0.0,0.0,2.0,12,6,9
184386,15,2,1,9,8,3,0,1,0,1,2,5,2,1,1.0,0.0,1.0,0.0,0.0,1.0,23,1,12
105161,15,2,2,17,2,3,0,1,1,1,2,26,2,2,0.0,0.0,0.0,0.0,0.0,2.0,5,6,8
119183,16,2,3,0,3,3,0,1,1,1,2,6,2,2,0.0,0.0,0.0,0.0,0.0,2.0,11,1,8
170776,16,10,1,10,10,3,4,1,1,1,1,19,2,2,0.0,0.0,0.0,0.0,0.0,2.0,23,4,11
76719,16,2,3,10,8,3,0,1,1,1,2,36,2,2,0.0,0.0,0.0,0.0,0.0,3.0,19,2,6
183478,4,2,3,17,8,3,0,1,1,1,2,23,2,2,0.0,0.0,0.0,0.0,0.0,7.0,7,4,12
39525,15,7,1,0,2,3,6,1,1,1,2,18,2,2,0.0,0.0,0.0,0.0,0.0,2.0,20,5,3
71148,15,2,3,15,2,3,0,1,1,1,1,36,2,2,0.0,0.0,0.0,0.0,0.0,2.0,14,3,5
125552,16,2,3,10,2,3,0,3,1,1,1,19,2,2,0.0,0.0,0.0,0.0,0.0,4.0,17,2,9
45541,4,2,1,0,8,3,6,1,0,1,2,36,2,2,0.0,0.0,0.0,0.0,0.0,4.0,0,4,4
76384,16,2,3,15,6,3,0,1,0,1,2,36,2,3,1.0,0.0,0.0,1.0,0.0,2.0,12,5,6
121760,15,7,3,17,8,3,6,1,0,1,2,5,2,4,2.0,0.0,0.0,0.0,2.0,2.0,14,3,9
35203,15,2,1,17,15,3,0,1,1,1,2,23,2,2,0.0,0.0,0.0,0.0,0.0,2.0,19,4,3
102569,16,7,1,9,2,3,6,5,0,1,2,36,2,3,1.0,0.0,0.0,1.0,0.0,2.0,21,4,7
26629,4,2,4,17,6,3,0,1,0,1,2,18,2,2,0.0,0.0,0.0,0.0,0.0,2.0,17,1,2
151877,4,7,3,2,7,3,6,1,0,1,2,36,1,1,1.0,0.0,1.0,0.0,0.0,0.0,12,2,10
8776,16,2,2,10,3,3,0,1,1,1,2,19,2,2,0.0,0.0,0.0,0.0,0.0,3.0,7,6,1
65122,15,11,5,2,11,3,5,5,0,1,2,17,1,3,1.0,0.0,0.0,1.0,0.0,2.0,20,6,5
39750,16,7,3,17,10,3,6,1,1,1,2,24,2,2,0.0,0.0,0.0,0.0,0.0,6.0,14,1,3
123189,16,2,3,0,6,3,0,1,1,1,2,36,2,2,0.0,0.0,0.0,0.0,0.0,2.0,8,3,9
32939,15,2,3,17,8,3,0,1,1,1,2,18,2,2,0.0,0.0,0.0,0.0,0.0,2.0,13,1,3
30975,16,2,3,17,8,3,0,1,1,0,1,36,2,2,0.0,0.0,0.0,0.0,0.0,2.0,7,2,3
22570,16,2,3,10,2,3,0,1,1,1,2,16,2,2,0.0,0.0,0.0,0.0,0.0,2.0,8,6,2
105227,16,2,2,10,6,3,0,1,1,0,2,26,2,2,0.0,0.0,0.0,0.0,0.0,4.0,18,7,8
61920,16,2,3,9,6,3,5,5,0,1,1,36,2,1,1.0,0.0,1.0,0.0,0.0,1.0,13,6,5
12917,4,2,3,17,10,3,0,1,1,1,2,19,2,2,0.0,0.0,0.0,0.0,0.0,3.0,13,6,1
129434,15,2,3,0,16,3,0,1,1,1,2,18,2,2,0.0,0.0,0.0,0.0,0.0,2.0,18,2,9