crash_date,               traffic_control_device,weather_condition,lighting_condition,first_crash_type,trafficway_type,alignment,roadway_surface_cond,road_defect,crash_type,intersection_related_i,damage,prim_contributory_cause,num_units,most_severe_injury,injuries_total,injuries_fatal,injuries_incapacitating,injuries_non_incapacitating,injuries_reported_not_evident,injuries_no_indication,crash_hour,crash_day_of_week,crash_month
172538,16,2,3,15,6,3,5,5,1,1,1,36,2,2,0.0,0.0,0.0,0.0,0.0,2.0,7,5,12
24149,16,2,1,17,8,3,0,1,0,1,2,18,2,4,1.0,0.0,0.0,0.0,1.0,3.0,19,5,2
70597,16,2,3,17,15,3,0,1,1,1,1,24,2,2,0.0,0.0,0.0,0.0,0.0,2.0,18,4,5
148690,16,2,3,10,2,3,0,1,1,1,2,34,2,2,0.0,0.0,0.0,0.0,0.0,2.0,7,6,10
91492,16,2,3,15,1,3,0,1,1,1,1,18,2,2,0.0,0.0,0.0,0.0,0.0,2.0,16,1,7
128616,4,2,3,10,8,3,0,1,1,1,1,19,2,2,0.0,0.0,0.0,0.0,0.0,2.0,13,4,9
131707,16,2,3,17,6,3,0,1,1,1,2,24,2,2,0.0,0.0,0.0,0.0,0.0,2.0,8,4,9
64922,16,2,3,15,8,3,0,5,1,1,0,23,2,2,0.0,0.0,0.0,0.0,0.0,2.0,14,5,5
146394,16,2,3,0,8,3,0,1,0,1,2,6,2,1,2.0,0.0,2.0,0.0,0.0,2.0,14,2,10
62867,16,2,3,17,6,3,0,1,0,1,2,12,2,3,3.0,0.0,0.0,3.0,0.0,2.0,19,6,5
76392,16,2,3,17,6,3,0,1,0,1,2,36,2,2,0.0,0.0,0.0,0.0,0.0,2.0,14,6,6
110432,4,2,3,0,3,3,0,1,1,1,1,36,2,2,0.0,0.0,0.0,0.0,0.0,2.0,16,2,8
24446,4,3,3,10,10,3,0,1,0,1,2,28,2,2,0.0,0.0,0.0,0.0,0.0,3.0,12,3,2
73882,16,2,3,10,2,3,0,5,1,1,0,36,2,2,0.0,0.0,0.0,0.0,0.0,2.0,14,2,6
37614,15,2,3,0,17,3,0,5,0,1,2,18,2,2,0.0,0.0,0.0,0.0,0.0,2.0,14,4,3
45654,15,7,3,7,2,3,6,1,1,1,2,36,2,2,0.0,0.0,0.0,0.0,0.0,1.0,9,6,4
126528,4,2,3,0,6,3,0,1,0,1,2,36,2,2,0.0,0.0,0.0,0.0,0.0,2.0,14,4,9
1671,15,2,1,0,6,3,0,1,0,1,2,5,2,2,0.0,0.0,0.0,0.0,0.0,2.0,23,7,1
56514,16,7,3,0,8,3,6,1,1,0,1,23,2,2,0.0,0.0,0.0,0.0,0.0,2.0,7,3,5
90576,4,2,3,10,3,3,0,1,1,1,2,36,2,2,0.0,0.0,0.0,0.0,0.0,2.0,13,2,7
139206,16,2,3,9,6,3,5,5,0,1,2,18,2,3,1.0,0.0,0.0,1.0,0.0,1.0,13,3,10
104703,11,2,3,0,6,3,0,1,1,1,2,18,2,2,0.0,0.0,0.0,0.0,0.0,2.0,8,6,8
100977,15,2,3,0,8,3,0,1,1,1,2,18,2,2,0.0,0.0,0.0,0.0,0.0,2.0,18,1,7
80710,16,2,3,10,10,3,0,1,1,1,2,19,2,2,0.0,0.0,0.0,0.0,0.0,2.0,13,6,6
161080,15,2,1,17,8,4,6,1,1,1,1,36,2,2,0.0,0.0,0.0,0.0,0.0,2.0,20,3,11
53057,15,2,3,8,8,3,0,1,0,1,0,18,2,3,1.0,0.0,0.0,1.0,0.0,1.0,8,4,4
187734,16,7,3,17,2,3,6,1,0,1,1,24,2,2,0.0,0.0,0.0,0.0,0.0,2.0,9,1,12
133127,16,2,3,10,2,3,0,1,0,1,2,19,2,2,0.0,0.0,0.0,0.0,0.0,4.0,16,1,9
187787,15,10,1,17,11,3,4,2,1,1,2,39,2,2,0.0,0.0,0.0,0.0,0.0,2.0,18,3,12
447,16,2,3,8,8,3,0,5,1,1,1,18,2,2,0.0,0.0,0.0,0.0,0.0,2.0,9,2,1
57885,16,2,1,10,6,3,5,5,1,1,2,36,2,2,0.0,0.0,0.0,0.0,0.0,2.0,19,7,5
80861,4,2,1,17,8,3,0,1,0,1,2,23,2,0,2.0,1.0,0.0,0.0,1.0,2.0,1,2,6
119133,16,2,3,17,6,3,0,1,0,1,2,28,2,3,1.0,0.0,0.0,1.0,0.0,2.0,14,1,8
175945,16,2,3,8,6,3,0,1,0,1,1,36,2,1,1.0,0.0,1.0,0.0,0.0,1.0,12,7,12
179806,16,2,3,17,2,3,0,1,1,1,2,23,2,2,0.0,0.0,0.0,0.0,0.0,2.0,7,3,12
137698,16,2,3,17,2,3,0,1,0,1,2,18,2,1,1.0,0.0,1.0,0.0,0.0,1.0,17,2,10
96085,16,2,3,17,3,3,0,1,0,1,2,36,2,3,1.0,0.0,0.0,1.0,0.0,2.0,13,3,7
129592,16,2,3,9,10,3,0,1,0,1,0,18,2,3,1.0,0.0,0.0,1.0,0.0,3.0,16,2,9
106100,16,2,3,10,8,3,0,1,1,1,2,19,2,2,0.0,0.0,0.0,0.0,0.0,2.0,6,1,8
168856,4,7,1,9,8,3,6,1,0,1,1,36,2,1,1.0,0.0,1.0,0.0,0.0,1.0,20,3,11
117816,16,2,4,17,13,3,0,1,1,1,0,24,2,2,0.0,0.0,0.0,0.0,0.0,2.0,18,2,8
32114,15,7,3,10,8,3,6,1,1,1,2,19,2,2,0.0,0.0,0.0,0.0,0.0,3.0,16,2,3
77641,15,2,1,0,8,3,0,1,1,1,0,5,2,2,0.0,0.0,0.0,0.0,0.0,2.0,22,2,6
121090,15,2,0,0,6,3,0,5,0,1,2,36,2,3,1.0,0.0,0.0,1.0,0.0,4.0,23,1,9
79987,12,2,1,17,10,3,0,1,1,1,2,23,2,2,0.0,0.0,0.0,0.0,0.0,3.0,21,7,6
30814,16,2,1,0,6,4,6,1,0,1,2,36,2,4,1.0,0.0,0.0,0.0,1.0,1.0,3,1,3
160577,16,2,3,15,8,4,0,1,1,0,1,23,2,2,0.0,0.0,0.0,0.0,0.0,2.0,8,3,11
93903,4,2,3,17,2,3,0,1,1,1,2,23,2,2,0.0,0.0,0.0,0.0,0.0,2.0,15,6,7
105008,15,2,3,11,8,3,0,1,1,1,1,21,2,2,0.0,0.0,0.0,0.0,0.0,2.0,18,6,8
108573,16,2,3,17,2,3,0,1,1,1,2,26,2,2,0.0,0.0,0.0,0.0,0.0,2.0,8,3,8
82659,16,2,3,17,2,3,0,1,1,1,0,19,2,2,0.0,0.0,0.0,0.0,0.0,2.0,18,4,6
36817,16,2,3,10,8,3,0,1,0,1,1,26,2,4,1.0,0.0,0.0,0.0,1.0,2.0,18,3,3
101002,4,2,3,10,8,3,0,1,1,1,1,19,2,2,0.0,0.0,0.0,0.0,0.0,2.0,14,2,7
63960,15,2,1,17,6,3,0,1,0,1,2,18,2,2,0.0,0.0,0.0,0.0,0.0,2.0,4,3,5
41449,16,2,1,0,11,3,5,5,1,1,2,6,2,2,0.0,0.0,0.0,0.0,0.0,2.0,20,6,3
149972,16,2,3,15,19,3,0,1,1,1,0,23,2,2,0.0,0.0,0.0,0.0,0.0,2.0,13,5,10
109737,4,2,3,17,6,3,0,1,1,1,2,24,2,2,0.0,0.0,0.0,0.0,0.0,6.0,15,1,8
115607,4,2,3,14,8,3,0,1,1,1,0,21,2,2,0.0,0.0,0.0,0.0,0.0,3.0,13,4,8
172177,16,2,3,10,2,3,0,1,1,1,1,19,2,2,0.0,0.0,0.0,0.0,0.0,2.0,12,5,12
152055,16,7,3,0,6,3,6,1,0,1,2,6,2,3,3.0,0.0,0.0,3.0,0.0,1.0,12,4,10
187897,16,7,0,15,8,3,6,1,1,1,2,36,2,2,0.0,0.0,0.0,0.0,0.0,2.0,19,5,12
66978,16,2,3,0,6,3,0,1,0,1,2,6,2,2,0.0,0.0,0.0,0.0,0.0,2.0,13,4,5
100708,4,2,3,17,15,3,0,1,0,1,2,18,2,3,4.0,0.0,0.0,4.0,0.0,0.0,9,5,7
128624,15,2,3,0,6,3,0,1,1,1,2,36,2,2,0.0,0.0,0.0,0.0,0.0,2.0,16,4,9
54773,16,7,3,17,8,3,6,1,0,1,2,36,2,2,0.0,0.0,0.0,0.0,0.0,3.0,16,4,4
40601,4,2,3,15,8,3,0,1,1,1,0,22,2,2,0.0,0.0,0.0,0.0,0.0,2.0,9,3,3
88137,16,2,1,15,2,3,0,5,1,1,2,23,2,2,0.0,0.0,0.0,0.0,0.0,2.0,22,6,7
173303,4,2,3,9,2,3,0,1,0,1,0,36,3,3,1.0,0.0,0.0,1.0,0.0,2.0,10,1,12
34826,15,2,3,0,8,3,0,1,1,1,2,36,2,2,0.0,0.0,0.0,0.0,0.0,3.0,16,4,3
113506,15,2,3,17,6,3,0,5,1,1,0,26,2,2,0.0,0.0,0.0,0.0,0.0,7.0,7,1,8
2685,16,2,4,10,8,3,0,1,1,1,1,19,2,2,0.0,0.0,0.0,0.0,0.0,2.0,16,5,1
100113,16,2,3,10,2,3,0,1,1,1,1,19,2,2,0.0,0.0,0.0,0.0,0.0,2.0,17,2,7
54139,16,10,3,10,3,3,6,1,1,1,1,19,2,2,0.0,0.0,0.0,0.0,0.0,2.0,17,7,4
71241,4,2,3,10,8,3,0,1,0,1,2,17,2,2,0.0,0.0,0.0,0.0,0.0,2.0,16,5,5
96832,16,2,3,17,2,3,0,5,0,1,2,36,3,3,2.0,0.0,0.0,1.0,1.0,1.0,14,1,7
58192,15,2,3,0,8,3,0,1,0,0,2,5,2,4,2.0,0.0,0.0,0.0,2.0,1.0,16,4,5
163548,16,2,1,0,8,3,6,1,0,1,2,36,2,3,1.0,0.0,0.0,1.0,0.0,3.0,20,5,11
86531,16,2,3,17,6,3,0,1,0,1,2,12,2,4,1.0,0.0,0.0,0.0,1.0,6.0,12,2,6
84450,15,2,3,0,2,3,0,1,1,1,1,18,2,2,0.0,0.0,0.0,0.0,0.0,2.0,15,5,6
105556,16,2,1,10,2,4,0,1,1,1,2,13,2,2,0.0,0.0,0.0,0.0,0.0,2.0,20,7,8
97717,15,2,3,0,8,3,0,1,0,1,2,18,2,3,2.0,0.0,0.0,2.0,0.0,1.0,16,6,7
185459,16,2,3,17,6,3,0,1,1,0,2,36,2,2,0.0,0.0,0.0,0.0,0.0,3.0,11,5,12
4988,3,2,1,14,1,3,0,1,1,1,2,21,2,2,0.0,0.0,0.0,0.0,0.0,2.0,20,5,1
185766,16,2,5,17,11,3,0,1,1,0,2,35,2,2,0.0,0.0,0.0,0.0,0.0,3.0,23,3,12
51132,16,2,3,15,6,3,0,1,0,1,2,36,2,3,1.0,0.0,0.0,1.0,0.0,1.0,9,5,4
136872,4,2,3,7,15,3,0,1,1,1,2,36,2,2,0.0,0.0,0.0,0.0,0.0,5.0,7,5,9
60295,4,7,3,0,8,3,6,1,0,0,2,28,2,2,0.0,0.0,0.0,0.0,0.0,2.0,9,1,5
132563,16,2,3,10,8,3,0,1,1,1,0,21,2,2,0.0,0.0,0.0,0.0,0.0,2.0,7,7,9
173664,16,2,3,0,2,3,0,5,0,1,2,36,3,2,0.0,0.0,0.0,0.0,0.0,3.0,13,3,12
28513,15,2,3,17,8,3,0,1,0,1,2,18,2,3,2.0,0.0,0.0,2.0,0.0,0.0,8,2,3
54818,16,2,1,0,6,3,0,1,1,1,1,28,2,2,0.0,0.0,0.0,0.0,0.0,4.0,0,4,4
103769,4,2,3,0,6,2,0,5,0,1,2,36,2,2,0.0,0.0,0.0,0.0,0.0,2.0,6,1,7
162675,16,3,3,17,3,3,5,1,1,1,1,24,2,2,0.0,0.0,0.0,0.0,0.0,5.0,9,4,11
98990,15,2,1,0,6,3,0,1,0,1,2,5,2,3,1.0,0.0,0.0,1.0,0.0,1.0,21,5,7
37940,4,2,3,17,8,3,0,1,1,1,2,23,2,2,0.0,0.0,0.0,0.0,0.0,2.0,15,5,3
5845,16,2,1,0,2,3,0,1,1,1,2,6,2,2,0.0,0.0,0.0,0.0,0.0,2.0,21,5,1
22957,15,2,3,10,15,3,1,1,1,1,1,39,2,2,0.0,0.0,0.0,0.0,0.0,2.0,11,6,2
91462,16,2,1,17,8,3,0,1,1,1,1,24,2,2,0.0,0.0,0.0,0.0,0.0,2.0,23,7,7
63869,15,2,1,7,8,3,0,1,0,1,2,36,2,2,0.0,0.0,0.0,0.0,0.0,1.0,21,1,5
178342,15,2,3,0,8,3,0,1,1,1,0,36,2,2,0.0,0.0,0.0,0.0,0.0,2.0,9,3,12
103390,16,2,5,14,17,3,5,5,1,1,2,12,2,2,0.0,0.0,0.0,0.0,0.0,4.0,22,3,7
145623,4,7,3,17,2,3,6,5,1,1,2,24,2,2,0.0,0.0,0.0,0.0,0.0,3.0,13,7,10
40247,15,2,3,0,8,3,0,1,1,1,1,23,2,2,0.0,0.0,0.0,0.0,0.0,2.0,17,4,3
132975,4,7,1,11,2,3,6,5,1,1,2,36,2,2,0.0,0.0,0.0,0.0,0.0,2.0,21,1,9
41757,15,7,1,17,6,3,6,5,0,1,2,36,2,2,0.0,0.0,0.0,0.0,0.0,2.0,2,7,3
186503,4,10,2,2,2,3,4,5,0,0,1,39,1,3,3.0,0.0,0.0,3.0,0.0,0.0,18,4,12
134400,16,2,3,0,6,3,0,1,1,1,2,6,2,2,0.0,0.0,0.0,0.0,0.0,2.0,18,6,9
173497,15,11,5,10,8,3,5,5,1,1,2,36,2,2,0.0,0.0,0.0,0.0,0.0,2.0,7,6,12
102532,16,2,3,17,8,3,0,1,0,1,1,5,2,2,0.0,0.0,0.0,0.0,0.0,2.0,14,4,7
81520,4,2,3,17,8,3,0,1,1,1,2,14,2,2,0.0,0.0,0.0,0.0,0.0,2.0,10,2,6
59868,16,7,4,0,18,3,6,1,0,1,2,39,2,4,1.0,0.0,0.0,0.0,1.0,1.0,17,2,5
58617,4,2,3,7,8,3,0,1,1,1,0,31,2,2,0.0,0.0,0.0,0.0,0.0,2.0,9,2,5
92336,16,2,1,17,5,3,0,5,1,1,2,36,2,2,0.0,0.0,0.0,0.0,0.0,3.0,0,1,7
170539,16,2,3,17,8,3,1,2,0,1,2,32,2,1,1.0,0.0,1.0,0.0,0.0,1.0,11,2,11
156006,15,2,3,0,6,3,0,1,0,1,2,5,2,2,0.0,0.0,0.0,0.0,0.0,2.0,16,2,11
155721,15,2,1,15,8,3,0,5,1,1,1,23,2,2,0.0,0.0,0.0,0.0,0.0,5.0,4,4,11
63589,16,2,3,10,2,3,0,1,1,0,2,19,2,2,0.0,0.0,0.0,0.0,0.0,5.0,16,2,5
187641,16,10,1,17,10,3,4,1,0,1,2,17,2,4,2.0,0.0,0.0,0.0,2.0,4.0,18,7,12
69910,16,3,2,10,6,3,6,1,1,1,0,36,2,2,0.0,0.0,0.0,0.0,0.0,2.0,7,6,5
2122,16,2,3,17,6,3,0,5,0,1,2,36,2,4,1.0,0.0,0.0,0.0,1.0,1.0,13,1,1
131846,16,2,3,15,8,3,0,1,1,1,1,36,2,2,0.0,0.0,0.0,0.0,0.0,2.0,1,5,9
184466,16,2,1,17,8,3,0,1,0,1,2,18,2,2,0.0,0.0,0.0,0.0,0.0,3.0,18,4,12
137058,15,2,1,17,8,3,0,1,1,1,2,5,2,2,0.0,0.0,0.0,0.0,0.0,2.0,21,6,9
171839,4,2,3,17,3,2,6,1,1,1,0,24,2,2,0.0,0.0,0.0,0.0,0.0,3.0,12,7,11
35490,16,2,3,17,8,3,0,1,1,1,2,36,2,2,0.0,0.0,0.0,0.0,0.0,6.0,16,2,3
28851,16,2,3,7,8,3,0,1,1,1,2,22,2,2,0.0,0.0,0.0,0.0,0.0,1.0,11,7,3
15625,16,2,0,10,8,3,0,5,1,1,2,8,2,2,0.0,0.0,0.0,0.0,0.0,5.0,4,6,2
18721,16,7,1,17,6,3,6,1,1,1,0,18,2,2,0.0,0.0,0.0,0.0,0.0,3.0,19,5,2
134869,16,2,3,17,8,3,0,1,1,1,2,26,2,2,0.0,0.0,0.0,0.0,0.0,3.0,13,4,9
111360,16,2,3,9,6,3,0,5,0,1,2,18,2,4,1.0,0.0,0.0,0.0,1.0,1.0,16,4,8
76926,15,2,3,0,2,3,0,1,0,1,2,36,2,2,0.0,0.0,0.0,0.0,0.0,4.0,8,6,6
29929,4,2,3,10,8,3,0,1,1,1,2,18,2,2,0.0,0.0,0.0,0.0,0.0,2.0,13,7,3
169080,16,2,0,10,6,3,0,5,0,1,2,19,2,2,0.0,0.0,0.0,0.0,0.0,2.0,18,1,11
149083,15,2,1,0,2,3,0,1,0,1,2,18,2,3,3.0,0.0,0.0,2.0,1.0,0.0,1,1,10
145897,16,2,3,15,3,3,0,1,1,1,2,26,2,2,0.0,0.0,0.0,0.0,0.0,3.0,9,2,10
75622,16,7,3,0,2,3,6,1,0,1,2,6,3,2,0.0,0.0,0.0,0.0,0.0,3.0,12,6,6
36676,16,2,1,17,8,3,0,1,0,1,2,18,2,3,2.0,0.0,0.0,2.0,0.0,2.0,20,2,3
6064,15,2,3,0,10,3,0,1,1,1,2,36,2,2,0.0,0.0,0.0,0.0,0.0,2.0,9,7,1
144633,16,2,3,17,10,3,0,1,1,1,2,23,2,2,0.0,0.0,0.0,0.0,0.0,2.0,13,6,10
76759,15,2,3,4,6,3,0,1,1,1,1,23,3,2,0.0,0.0,0.0,0.0,0.0,5.0,13,4,6
174309,16,2,1,17,8,3,0,1,0,1,2,24,2,4,1.0,0.0,0.0,0.0,1.0,1.0,19,2,12
164841,16,2,1,14,8,3,0,2,1,1,1,36,2,2,0.0,0.0,0.0,0.0,0.0,2.0,0,6,11
12086,16,5,1,0,8,3,6,1,0,1,2,6,2,2,0.0,0.0,0.0,0.0,0.0,5.0,5,7,1
16610,16,10,3,10,8,3,4,1,1,1,2,39,2,2,0.0,0.0,0.0,0.0,0.0,2.0,13,5,2
162978,16,7,0,9,8,3,6,1,0,1,0,18,2,4,1.0,0.0,0.0,0.0,1.0,1.0,19,4,11
10156,16,2,3,0,3,3,6,1,0,1,2,6,2,3,2.0,0.0,0.0,2.0,0.0,0.0,8,2,1
78641,15,7,0,0,6,4,6,1,1,1,2,18,2,2,0.0,0.0,0.0,0.0,0.0,2.0,21,3,6
52019,16,2,3,15,8,3,0,1,1,1,2,22,2,2,0.0,0.0,0.0,0.0,0.0,2.0,17,2,4
106710,15,2,3,0,8,3,0,1,1,1,2,5,2,2,0.0,0.0,0.0,0.0,0.0,4.0,13,1,8
18849,16,2,3,10,2,3,0,1,1,1,2,19,2,2,0.0,0.0,0.0,0.0,0.0,5.0,14,7,2
180678,15,7,3,0,6,3,6,1,1,1,2,13,2,2,0.0,0.0,0.0,0.0,0.0,4.0,10,1,12
129468,16,2,3,8,3,3,0,1,0,1,1,36,2,4,1.0,0.0,0.0,0.0,1.0,1.0,11,2,9
13844,15,2,3,0,2,4,0,5,0,1,2,5,2,4,1.0,0.0,0.0,0.0,1.0,1.0,14,3,1
143516,15,2,3,2,8,3,0,1,1,1,2,12,2,2,0.0,0.0,0.0,0.0,0.0,2.0,10,5,10
122424,16,2,3,0,8,3,0,1,0,1,2,36,2,4,1.0,0.0,0.0,0.0,1.0,2.0,12,4,9
55851,15,2,3,0,8,3,0,5,1,1,2,18,2,2,0.0,0.0,0.0,0.0,0.0,2.0,8,7,4
11504,16,2,3,17,8,3,0,1,1,1,2,24,2,2,0.0,0.0,0.0,0.0,0.0,2.0,12,4,1
73994,15,2,3,10,8,4,0,1,1,1,1,9,2,2,0.0,0.0,0.0,0.0,0.0,4.0,15,4,6
96900,16,2,1,10,6,3,0,5,1,1,2,36,2,2,0.0,0.0,0.0,0.0,0.0,3.0,0,1,7
133977,15,7,1,0,10,3,6,1,1,1,2,18,2,2,0.0,0.0,0.0,0.0,0.0,2.0,21,7,9
162422,15,2,3,0,8,3,0,1,1,1,2,36,2,2,0.0,0.0,0.0,0.0,0.0,5.0,16,6,11
79054,16,2,4,15,8,3,0,1,1,1,2,23,2,2,0.0,0.0,0.0,0.0,0.0,2.0,19,2,6
95528,16,2,3,15,3,3,0,5,1,1,2,23,2,2,0.0,0.0,0.0,0.0,0.0,2.0,18,7,7
39656,15,7,3,0,6,3,6,1,1,1,2,18,2,2,0.0,0.0,0.0,0.0,0.0,2.0,11,7,3
162543,15,2,1,0,11,3,0,1,0,1,2,18,2,2,0.0,0.0,0.0,0.0,0.0,2.0,17,3,11
158357,15,2,1,17,8,3,0,1,1,1,0,36,2,2,0.0,0.0,0.0,0.0,0.0,2.0,19,6,11
130781,4,2,3,15,10,3,0,1,1,0,2,22,2,2,0.0,0.0,0.0,0.0,0.0,2.0,8,4,9
121937,16,2,4,10,8,3,0,1,0,1,2,19,2,2,0.0,0.0,0.0,0.0,0.0,2.0,18,6,9
31397,15,2,3,0,8,3,0,5,0,1,2,18,2,2,0.0,0.0,0.0,0.0,0.0,4.0,12,5,3
174259,4,2,1,17,8,3,0,1,0,1,2,36,2,3,1.0,0.0,0.0,1.0,0.0,2.0,21,4,12
21618,16,2,1,15,1,3,6,1,1,1,2,36,2,2,0.0,0.0,0.0,0.0,0.0,2.0,17,2,2
52273,15,2,3,0,6,3,0,5,0,1,2,5,2,2,0.0,0.0,0.0,0.0,0.0,2.0,13,6,4
43952,16,2,1,10,8,3,0,1,1,1,0,36,2,2,0.0,0.0,0.0,0.0,0.0,2.0,21,2,4
106625,15,2,3,8,6,3,0,1,0,1,0,18,2,3,1.0,0.0,0.0,1.0,0.0,1.0,16,2,8
37024,17,11,1,15,10,3,5,5,0,0,2,18,2,4,1.0,0.0,0.0,0.0,1.0,1.0,23,7,3
68781,15,2,1,0,8,3,0,5,0,1,2,5,2,2,0.0,0.0,0.0,0.0,0.0,4.0,20,1,5
60158,16,2,3,10,10,3,0,1,1,1,1,19,2,2,0.0,0.0,0.0,0.0,0.0,2.0,18,5,5
65894,16,2,1,5,6,3,0,2,0,1,2,32,2,2,0.0,0.0,0.0,0.0,0.0,2.0,20,6,5
91939,15,2,1,8,8,3,0,1,0,1,0,38,2,4,1.0,0.0,0.0,0.0,1.0,1.0,22,1,7
120156,16,2,1,17,6,3,0,1,0,1,2,18,2,2,0.0,0.0,0.0,0.0,0.0,2.0,2,2,8
11848,16,2,1,9,15,3,6,5,0,1,0,12,2,4,1.0,0.0,0.0,0.0,1.0,1.0,17,4,1
69285,16,7,3,0,6,3,6,1,0,1,2,6,2,4,1.0,0.0,0.0,0.0,1.0,6.0,14,2,5
121660,4,2,3,10,2,3,0,1,1,1,2,15,2,2,0.0,0.0,0.0,0.0,0.0,2.0,15,1,9
86667,15,2,3,0,6,3,6,1,1,1,2,5,2,2,0.0,0.0,0.0,0.0,0.0,2.0,17,6,6
16608,4,10,3,0,8,3,4,1,1,1,2,18,2,2,0.0,0.0,0.0,0.0,0.0,3.0,13,5,2
28080,15,2,3,0,19,3,0,1,0,1,2,38,2,3,1.0,0.0,0.0,1.0,0.0,2.0,11,4,2
37665,16,2,3,10,2,3,0,1,1,1,1,19,2,2,0.0,0.0,0.0,0.0,0.0,2.0,11,4,3
164576,16,2,1,9,2,3,0,1,0,1,0,26,2,3,1.0,0.0,0.0,1.0,0.0,1.0,19,4,11
22026,16,2,3,15,5,3,0,1,1,1,2,23,2,2,0.0,0.0,0.0,0.0,0.0,2.0,16,5,2
165306,16,2,1,10,8,3,0,4,1,1,2,36,2,2,0.0,0.0,0.0,0.0,0.0,4.0,22,4,11
141974,16,2,1,10,3,3,0,1,1,1,1,18,2,2,0.0,0.0,0.0,0.0,0.0,2.0,20,6,10
45627,15,7,4,0,18,3,6,1,0,1,2,18,2,2,0.0,0.0,0.0,0.0,0.0,5.0,17,6,4
14855,15,10,3,10,10,3,4,1,1,1,2,39,2,2,0.0,0.0,0.0,0.0,0.0,3.0,13,1,1
8175,15,2,3,0,8,3,4,3,0,1,2,36,2,4,1.0,0.0,0.0,0.0,1.0,1.0,11,4,1
123068,16,2,3,2,2,3,0,1,0,1,2,30,1,1,1.0,0.0,1.0,0.0,0.0,0.0,17,1,9
151981,16,7,1,0,6,3,6,1,0,1,1,6,2,1,1.0,0.0,1.0,0.0,0.0,2.0,2,4,10
162596,15,2,3,17,2,3,0,1,1,1,0,24,2,2,0.0,0.0,0.0,0.0,0.0,2.0,11,3,11
139118,16,2,1,9,6,3,6,5,0,1,0,36,2,3,1.0,0.0,0.0,1.0,0.0,1.0,20,1,10
143654,15,2,3,17,8,3,0,1,0,1,2,24,4,3,1.0,0.0,0.0,1.0,0.0,4.0,16,1,10
94396,16,2,3,15,2,3,0,1,1,1,2,23,2,2,0.0,0.0,0.0,0.0,0.0,2.0,15,5,7
11203,15,10,3,2,6,3,4,1,0,1,2,22,1,2,0.0,0.0,0.0,0.0,0.0,1.0,8,5,1
99863,15,2,3,0,8,3,0,1,1,1,1,36,2,2,0.0,0.0,0.0,0.0,0.0,3.0,7,4,7
156387,15,7,3,0,10,3,6,1,1,1,1,18,2,2,0.0,0.0,0.0,0.0,0.0,2.0,9,5,11
110553,4,2,3,17,6,3,0,1,1,1,2,24,2,2,0.0,0.0,0.0,0.0,0.0,2.0,14,5,8
86953,16,2,3,0,3,3,0,1,0,1,2,36,2,4,1.0,0.0,0.0,0.0,1.0,2.0,11,2,6
63509,16,2,3,17,6,3,0,1,1,1,1,36,2,2,0.0,0.0,0.0,0.0,0.0,2.0,10,2,5
13249,4,2,3,10,8,3,0,1,1,1,2,19,2,2,0.0,0.0,0.0,0.0,0.0,3.0,8,6,1
145648,16,7,3,17,6,3,6,5,1,1,1,36,2,2,0.0,0.0,0.0,0.0,0.0,5.0,16,7,10
22545,17,11,5,0,8,3,5,5,1,1,1,26,2,2,0.0,0.0,0.0,0.0,0.0,2.0,20,4,2
109827,16,2,0,10,8,3,0,1,1,1,2,19,2,2,0.0,0.0,0.0,0.0,0.0,5.0,1,7,8
111908,16,7,3,15,6,3,6,5,1,1,2,36,2,2,0.0,0.0,0.0,0.0,0.0,2.0,10,5,8
49804,16,3,3,17,6,3,0,1,1,1,2,36,2,2,0.0,0.0,0.0,0.0,0.0,2.0,8,4,4
162194,15,7,1,0,2,3,6,1,1,1,2,39,2,2,0.0,0.0,0.0,0.0,0.0,2.0,17,6,11
158628,15,2,1,0,11,3,0,1,1,1,2,5,2,2,0.0,0.0,0.0,0.0,0.0,2.0,19,1,11
117969,16,2,3,0,16,3,0,1,0,1,2,6,2,2,0.0,0.0,0.0,0.0,0.0,6.0,13,6,8
65503,16,3,3,17,6,3,2,6,1,1,2,18,2,2,0.0,0.0,0.0,0.0,0.0,2.0,11,6,5
97375,16,2,3,17,6,3,0,1,0,1,2,36,2,2,0.0,0.0,0.0,0.0,0.0,2.0,14,2,7
155870,16,2,4,17,2,3,0,5,1,1,2,23,2,2,0.0,0.0,0.0,0.0,0.0,4.0,15,6,11
55208,16,7,3,17,8,3,6,1,1,1,2,24,2,2,0.0,0.0,0.0,0.0,0.0,3.0,17,4,4
82681,16,7,3,17,8,3,6,1,1,1,2,18,2,2,0.0,0.0,0.0,0.0,0.0,8.0,13,5,6
48921,16,2,1,10,4,3,0,1,0,1,2,17,2,2,0.0,0.0,0.0,0.0,0.0,2.0,23,7,4
180123,16,2,1,10,10,3,5,5,1,1,1,36,2,2,0.0,0.0,0.0,0.0,0.0,2.0,19,5,12
26360,16,2,1,15,6,3,0,1,1,1,2,18,2,2,0.0,0.0,0.0,0.0,0.0,2.0,6,3,2
110016,16,2,3,9,18,4,0,1,0,1,0,18,2,3,1.0,0.0,0.0,1.0,0.0,2.0,9,2,8
171147,16,2,3,0,2,3,0,1,1,1,2,6,2,2,0.0,0.0,0.0,0.0,0.0,2.0,13,4,11
176348,16,2,3,10,8,3,0,1,1,1,2,19,2,2,0.0,0.0,0.0,0.0,0.0,2.0,14,6,12