crash_date,               traffic_control_device,weather_condition,lighting_condition,first_crash_type,trafficway_type,alignment,roadway_surface_cond,road_defect,crash_type,intersection_related_i,damage,prim_contributory_cause,num_units,most_severe_injury,injuries_total,injuries_fatal,injuries_incapacitating,injuries_non_incapacitating,injuries_reported_not_evident,injuries_no_indication,crash_hour,crash_day_of_week,crash_month
35750,16,2,1,0,2,3,0,1,1,0,1,23,2,2,0.0,0.0,0.0,0.0,0.0,3.0,2,7,3
94761,15,2,3,2,6,3,0,5,0,1,2,12,3,1,1.0,0.0,1.0,0.0,0.0,0.0,13,4,7
1038,16,2,0,10,2,3,2,1,1,1,2,36,2,2,0.0,0.0,0.0,0.0,0.0,3.0,18,4,1
128706,4,2,3,15,2,3,0,1,1,1,2,18,2,2,0.0,0.0,0.0,0.0,0.0,2.0,17,5,9
167685,16,2,3,10,10,3,0,1,0,1,1,17,2,4,1.0,0.0,0.0,0.0,1.0,1.0,9,4,11
158697,15,3,3,0,10,3,0,1,0,1,2,36,2,2,0.0,0.0,0.0,0.0,0.0,2.0,12,2,11
124268,16,2,1,2,8,3,0,5,1,1,2,36,1,2,0.0,0.0,0.0,0.0,0.0,1.0,20,5,9
67384,16,3,3,17,6,3,0,1,1,1,1,36,2,2,0.0,0.0,0.0,0.0,0.0,3.0,10,1,5
99064,16,2,3,10,2,3,0,1,0,1,2,19,2,1,1.0,0.0,1.0,0.0,0.0,2.0,10,6,7
103926,16,3,3,10,3,3,0,5,0,1,0,19,2,4,1.0,0.0,0.0,0.0,1.0,1.0,11,4,7
138581,16,2,3,15,8,3,0,1,1,1,2,18,2,2,0.0,0.0,0.0,0.0,0.0,3.0,11,1,10
145633,16,7,1,0,6,3,6,5,0,1,2,37,2,2,0.0,0.0,0.0,0.0,0.0,6.0,2,7,10
150645,17,2,1,0,6,3,0,5,0,1,2,36,2,2,0.0,0.0,0.0,0.0,0.0,2.0,23,6,10
59836,15,2,3,0,8,3,0,1,1,1,2,18,2,2,0.0,0.0,0.0,0.0,0.0,2.0,10,1,5
96771,16,2,1,0,6,3,0,1,1,1,2,36,2,2,0.0,0.0,0.0,0.0,0.0,3.0,2,7,7
26087,16,10,1,10,6,3,1,1,1,1,2,39,2,2,0.0,0.0,0.0,0.0,0.0,3.0,22,6,2
182792,16,2,3,17,8,3,5,5,0,1,2,3,2,2,0.0,0.0,0.0,0.0,0.0,3.0,13,1,12
107930,15,2,3,8,8,3,5,5,0,1,1,23,2,3,1.0,0.0,0.0,1.0,0.0,1.0,16,7,8
82236,16,3,3,17,8,3,0,1,0,1,2,24,2,3,1.0,0.0,0.0,1.0,0.0,3.0,12,5,6
170018,4,11,5,8,0,3,5,5,1,1,1,36,2,2,0.0,0.0,0.0,0.0,0.0,2.0,20,1,11
14990,16,2,1,9,10,3,0,1,0,1,1,18,2,1,1.0,0.0,1.0,0.0,0.0,1.0,19,3,1
176369,16,2,1,0,6,3,0,1,0,1,2,6,2,2,0.0,0.0,0.0,0.0,0.0,3.0,17,6,12
168213,16,2,3,10,8,3,0,1,1,1,2,19,2,2,0.0,0.0,0.0,0.0,0.0,2.0,13,6,11
90179,16,2,1,0,6,3,0,1,1,1,2,6,2,2,0.0,0.0,0.0,0.0,0.0,4.0,3,3,7
162441,16,2,1,0,8,3,0,1,1,1,2,6,2,2,0.0,0.0,0.0,0.0,0.0,3.0,3,1,11
27743,16,2,3,10,10,3,0,1,1,1,1,36,2,2,0.0,0.0,0.0,0.0,0.0,4.0,15,5,2
112691,15,7,3,0,8,3,6,1,0,1,2,36,2,2,0.0,0.0,0.0,0.0,0.0,2.0,12,7,8
55633,16,7,3,15,3,3,6,1,1,1,0,4,2,2,0.0,0.0,0.0,0.0,0.0,2.0,14,3,4
175165,15,2,1,0,3,3,0,1,1,1,2,36,2,2,0.0,0.0,0.0,0.0,0.0,2.0,0,1,12
67968,16,2,2,0,15,3,0,1,1,1,2,6,2,2,0.0,0.0,0.0,0.0,0.0,3.0,4,4,5
20782,16,10,3,2,2,3,4,1,0,1,2,36,1,2,0.0,0.0,0.0,0.0,0.0,1.0,7,5,2
94407,17,2,3,17,6,3,0,5,0,1,2,18,3,3,2.0,0.0,0.0,2.0,0.0,2.0,18,5,7
161379,16,2,1,2,3,2,1,1,1,1,2,0,2,2,0.0,0.0,0.0,0.0,0.0,1.0,2,7,11
133185,16,2,3,15,8,3,0,1,1,1,1,36,2,2,0.0,0.0,0.0,0.0,0.0,3.0,14,2,9
28126,17,2,3,7,2,3,0,5,1,1,2,12,2,2,0.0,0.0,0.0,0.0,0.0,1.0,17,7,2
160011,16,2,1,10,6,3,0,1,1,1,2,17,2,2,0.0,0.0,0.0,0.0,0.0,3.0,18,2,11
18548,16,2,3,15,2,3,0,1,1,1,1,12,2,2,0.0,0.0,0.0,0.0,0.0,2.0,8,2,2
115220,15,2,3,0,8,3,0,1,1,1,1,36,2,2,0.0,0.0,0.0,0.0,0.0,3.0,14,5,8
43000,16,2,0,17,2,3,6,1,0,1,2,18,2,2,0.0,0.0,0.0,0.0,0.0,2.0,20,7,4
60663,16,7,1,17,15,3,6,1,0,1,2,18,2,2,0.0,0.0,0.0,0.0,0.0,2.0,4,6,5
167016,16,10,1,15,3,3,4,1,1,1,2,24,2,2,0.0,0.0,0.0,0.0,0.0,2.0,22,7,11
172294,16,7,3,0,2,3,6,1,0,1,1,6,2,2,0.0,0.0,0.0,0.0,0.0,4.0,9,7,12
27177,16,2,3,17,3,3,0,1,1,1,1,24,2,2,0.0,0.0,0.0,0.0,0.0,3.0,12,2,2
158457,16,5,3,17,3,3,6,1,1,1,1,24,2,2,0.0,0.0,0.0,0.0,0.0,2.0,11,7,11
166999,16,10,3,17,2,3,4,1,1,1,2,39,2,2,0.0,0.0,0.0,0.0,0.0,2.0,14,7,11
110802,4,2,3,0,6,3,0,5,0,1,2,18,2,3,1.0,0.0,0.0,1.0,0.0,1.0,13,3,8
113815,16,2,1,0,6,3,0,1,0,1,2,6,3,3,3.0,0.0,0.0,3.0,0.0,1.0,22,5,8
53692,16,2,1,10,8,3,0,1,1,1,1,19,2,2,0.0,0.0,0.0,0.0,0.0,2.0,19,1,4
66525,16,2,3,15,6,4,0,1,0,1,2,22,2,2,0.0,0.0,0.0,0.0,0.0,2.0,12,3,5
20768,16,1,1,17,8,3,4,1,1,1,2,26,2,2,0.0,0.0,0.0,0.0,0.0,2.0,6,5,2
81746,16,2,3,0,2,3,0,1,1,1,2,36,2,2,0.0,0.0,0.0,0.0,0.0,2.0,11,6,6
156727,16,2,3,17,8,3,0,5,0,1,2,36,2,2,0.0,0.0,0.0,0.0,0.0,2.0,8,4,11
171602,15,2,3,0,11,3,0,1,0,1,2,36,2,2,0.0,0.0,0.0,0.0,0.0,2.0,9,4,11
16024,16,2,4,17,3,3,0,1,1,1,2,24,2,2,0.0,0.0,0.0,0.0,0.0,2.0,17,7,2
45106,16,2,1,17,6,3,0,1,0,1,2,6,3,3,1.0,0.0,0.0,1.0,0.0,1.0,20,3,4
115650,15,2,3,0,11,3,0,1,1,1,2,18,2,2,0.0,0.0,0.0,0.0,0.0,3.0,12,4,8
181148,16,10,3,17,2,3,4,5,1,1,2,12,2,2,0.0,0.0,0.0,0.0,0.0,2.0,12,6,12
549,16,2,3,17,8,3,0,1,1,1,1,18,2,2,0.0,0.0,0.0,0.0,0.0,3.0,14,3,1
121985,16,2,3,17,8,3,0,1,1,1,2,24,2,2,0.0,0.0,0.0,0.0,0.0,2.0,15,7,9
13508,16,3,3,13,11,3,0,1,0,1,2,6,2,2,0.0,0.0,0.0,0.0,0.0,2.0,11,3,1
181215,16,7,1,0,6,3,6,1,0,1,2,6,2,4,1.0,0.0,0.0,0.0,1.0,2.0,23,7,12
99247,15,2,3,17,8,3,0,1,1,1,0,24,2,2,0.0,0.0,0.0,0.0,0.0,2.0,6,1,7
54422,4,2,3,9,6,3,0,1,0,1,1,31,2,3,1.0,0.0,0.0,1.0,0.0,1.0,9,5,4
71038,15,2,3,0,6,3,0,1,0,1,2,18,2,2,0.0,0.0,0.0,0.0,0.0,2.0,16,3,5
106692,16,2,3,0,10,3,5,1,1,1,1,18,2,2,0.0,0.0,0.0,0.0,0.0,2.0,16,7,8
26211,16,7,1,0,8,3,6,1,0,1,2,8,2,2,0.0,0.0,0.0,0.0,0.0,5.0,0,7,2
35074,4,10,3,0,10,3,4,1,1,0,1,36,2,2,0.0,0.0,0.0,0.0,0.0,2.0,15,2,3
131709,15,2,3,0,6,3,0,5,1,1,2,5,2,2,0.0,0.0,0.0,0.0,0.0,2.0,9,4,9
57086,16,2,3,15,8,3,0,1,1,0,0,36,2,2,0.0,0.0,0.0,0.0,0.0,2.0,14,6,5
34236,16,2,3,15,16,3,0,1,1,0,2,23,2,2,0.0,0.0,0.0,0.0,0.0,3.0,13,4,3
130445,16,2,3,17,8,3,0,1,1,1,0,36,2,2,0.0,0.0,0.0,0.0,0.0,3.0,14,1,9
187625,15,10,4,0,8,3,4,1,0,1,2,18,2,3,1.0,0.0,0.0,1.0,0.0,1.0,16,7,12
109304,16,2,3,17,2,3,0,1,1,1,1,12,2,2,0.0,0.0,0.0,0.0,0.0,3.0,11,6,8
10310,15,2,1,17,8,3,0,1,0,1,2,18,2,2,0.0,0.0,0.0,0.0,0.0,2.0,22,5,1
65487,16,7,3,15,8,3,6,1,1,1,1,23,2,2,0.0,0.0,0.0,0.0,0.0,2.0,8,6,5
166834,16,2,1,10,2,3,0,1,0,1,2,17,2,3,1.0,0.0,0.0,1.0,0.0,1.0,19,1,11
168550,16,2,3,17,2,3,0,1,1,1,2,6,2,2,0.0,0.0,0.0,0.0,0.0,5.0,12,5,11
3343,4,2,3,9,6,3,0,1,0,1,0,24,2,3,1.0,0.0,0.0,1.0,0.0,1.0,15,3,1
2555,16,11,5,10,6,3,5,5,1,1,1,12,2,2,0.0,0.0,0.0,0.0,0.0,2.0,14,2,1
131171,16,2,2,10,2,3,0,1,1,1,2,19,2,2,0.0,0.0,0.0,0.0,0.0,2.0,6,5,9
107495,4,2,1,17,8,3,0,1,0,1,2,36,2,4,1.0,0.0,0.0,0.0,1.0,4.0,20,7,8
745,15,2,3,0,6,3,0,1,0,1,2,5,2,2,0.0,0.0,0.0,0.0,0.0,2.0,12,5,1
159591,15,3,1,0,6,3,0,1,0,1,2,36,2,4,2.0,0.0,0.0,0.0,2.0,3.0,18,3,11
165495,16,10,1,10,8,3,4,1,0,1,2,6,2,2,0.0,0.0,0.0,0.0,0.0,2.0,0,1,11
168788,16,2,0,17,8,3,0,5,0,1,2,18,2,3,1.0,0.0,0.0,1.0,0.0,1.0,20,1,11
160058,16,2,3,10,3,3,0,5,1,1,2,36,2,2,0.0,0.0,0.0,0.0,0.0,2.0,16,3,11
19427,16,10,3,0,6,3,6,1,0,1,2,36,2,2,0.0,0.0,0.0,0.0,0.0,2.0,16,4,2
4009,15,3,3,0,2,3,0,1,0,1,2,18,3,1,1.0,0.0,1.0,0.0,0.0,2.0,10,4,1
45736,16,2,3,0,6,3,0,1,1,1,2,9,2,2,0.0,0.0,0.0,0.0,0.0,7.0,12,7,4
112057,16,2,3,9,1,3,0,1,0,1,0,18,2,3,1.0,0.0,0.0,1.0,0.0,1.0,12,5,8
59800,16,2,3,17,17,3,0,1,1,0,2,24,2,2,0.0,0.0,0.0,0.0,0.0,2.0,14,1,5
143820,15,2,3,0,8,3,0,1,1,1,0,36,2,2,0.0,0.0,0.0,0.0,0.0,3.0,8,3,10
117176,16,2,1,0,8,4,0,5,0,1,2,6,4,3,3.0,0.0,0.0,2.0,1.0,0.0,20,1,8
104087,15,2,3,8,8,3,0,1,0,1,0,18,2,3,1.0,0.0,0.0,1.0,0.0,1.0,15,5,8
102723,16,2,3,17,6,3,0,1,1,1,1,22,2,2,0.0,0.0,0.0,0.0,0.0,3.0,8,6,7
90595,16,2,4,10,8,3,0,1,1,1,1,12,2,2,0.0,0.0,0.0,0.0,0.0,2.0,18,2,7
115879,16,2,3,3,6,3,0,1,0,1,2,36,2,2,0.0,0.0,0.0,0.0,0.0,2.0,17,2,8
58457,15,2,2,17,8,3,0,1,1,1,2,18,2,2,0.0,0.0,0.0,0.0,0.0,2.0,15,6,5
102547,4,2,3,17,2,3,0,1,1,1,1,18,2,2,0.0,0.0,0.0,0.0,0.0,2.0,17,4,7
164609,4,2,3,17,8,3,0,1,1,1,2,22,2,2,0.0,0.0,0.0,0.0,0.0,5.0,14,5,11
184868,16,2,1,7,11,3,0,1,1,1,0,36,2,2,0.0,0.0,0.0,0.0,0.0,2.0,17,2,12
51932,4,7,3,2,8,3,6,1,1,1,2,36,1,2,0.0,0.0,0.0,0.0,0.0,1.0,9,6,4
487,16,10,1,10,2,4,0,5,1,1,2,36,2,2,0.0,0.0,0.0,0.0,0.0,4.0,21,4,1
123375,16,2,3,17,8,3,6,1,1,1,2,18,2,2,0.0,0.0,0.0,0.0,0.0,2.0,16,5,9
173742,15,2,3,7,8,3,0,1,1,1,0,11,2,2,0.0,0.0,0.0,0.0,0.0,1.0,9,6,12
163451,16,2,3,13,6,3,0,1,1,0,2,17,3,2,0.0,0.0,0.0,0.0,0.0,3.0,17,3,11
23637,15,2,3,0,8,3,6,1,0,1,2,5,2,2,0.0,0.0,0.0,0.0,0.0,2.0,10,3,2
22619,6,3,3,14,11,3,0,1,0,1,2,36,2,2,0.0,0.0,0.0,0.0,0.0,3.0,9,7,2
84259,16,2,4,10,8,3,0,1,1,1,1,19,2,2,0.0,0.0,0.0,0.0,0.0,2.0,18,1,6
122530,16,2,1,0,6,3,0,1,1,1,1,36,2,2,0.0,0.0,0.0,0.0,0.0,2.0,21,7,9
67021,16,2,4,10,2,0,0,1,0,1,2,37,4,4,1.0,0.0,0.0,0.0,1.0,3.0,19,4,5
187583,16,2,3,10,2,3,6,1,1,1,0,36,2,2,0.0,0.0,0.0,0.0,0.0,2.0,8,6,12
71635,15,2,3,9,6,3,0,1,0,1,2,18,2,3,1.0,0.0,0.0,1.0,0.0,1.0,18,4,5
109163,16,2,3,10,6,3,5,5,1,1,1,26,2,2,0.0,0.0,0.0,0.0,0.0,2.0,13,7,8
178347,16,2,3,0,1,3,0,1,1,1,1,18,2,2,0.0,0.0,0.0,0.0,0.0,2.0,10,3,12
187962,16,2,1,17,6,3,0,1,0,1,2,18,2,1,3.0,0.0,1.0,2.0,0.0,0.0,20,6,12
162884,15,2,1,0,6,3,0,5,0,1,2,36,2,4,1.0,0.0,0.0,0.0,1.0,1.0,17,2,11
79165,16,2,3,17,6,3,0,1,1,1,2,22,2,2,0.0,0.0,0.0,0.0,0.0,2.0,13,4,6
122208,16,2,3,15,2,3,0,1,1,1,2,18,2,2,0.0,0.0,0.0,0.0,0.0,2.0,13,1,9
167103,16,7,3,10,1,3,6,1,1,1,1,36,2,2,0.0,0.0,0.0,0.0,0.0,3.0,10,3,11
44024,15,7,1,0,6,3,6,1,0,1,2,5,2,2,0.0,0.0,0.0,0.0,0.0,2.0,22,3,4
133801,4,2,3,17,8,3,0,1,0,1,2,24,2,3,1.0,0.0,0.0,1.0,0.0,1.0,16,5,9
117371,16,2,4,10,3,3,6,5,0,1,2,17,2,4,2.0,0.0,0.0,0.0,2.0,3.0,19,2,8
8985,4,3,3,17,10,3,0,1,0,1,2,36,2,4,1.0,0.0,0.0,0.0,1.0,1.0,15,4,1
67437,15,2,0,2,8,3,0,4,0,1,2,30,1,2,0.0,0.0,0.0,0.0,0.0,1.0,21,2,5
65106,16,7,3,10,2,3,6,1,0,1,1,19,2,4,2.0,0.0,0.0,0.0,2.0,1.0,17,6,5
32307,16,7,1,17,6,3,6,5,0,1,2,18,2,3,4.0,0.0,0.0,4.0,0.0,2.0,17,5,3
15020,15,2,3,0,6,3,0,1,0,1,2,5,2,4,1.0,0.0,0.0,0.0,1.0,1.0,12,3,1
47316,16,2,3,17,6,3,0,1,0,1,2,18,2,1,1.0,0.0,1.0,0.0,0.0,2.0,15,2,4
113266,15,2,3,17,6,3,0,1,0,1,2,18,2,4,1.0,0.0,0.0,0.0,1.0,2.0,10,3,8
156371,4,2,3,17,8,3,0,1,1,0,1,19,2,2,0.0,0.0,0.0,0.0,0.0,2.0,7,5,11
58911,16,7,3,17,6,3,6,1,0,1,2,36,3,0,1.0,1.0,0.0,0.0,0.0,2.0,12,7,5
83216,15,7,3,0,10,3,6,1,1,1,2,18,2,2,0.0,0.0,0.0,0.0,0.0,2.0,18,6,6
83492,15,2,3,0,6,3,0,1,1,1,2,18,2,2,0.0,0.0,0.0,0.0,0.0,4.0,19,4,6
94426,15,2,1,17,6,3,0,1,0,1,2,37,2,2,0.0,0.0,0.0,0.0,0.0,2.0,22,5,7
83750,4,2,3,15,3,3,0,1,1,1,2,36,2,2,0.0,0.0,0.0,0.0,0.0,3.0,7,7,6
66669,4,2,3,10,10,3,0,1,1,1,1,18,2,2,0.0,0.0,0.0,0.0,0.0,2.0,17,4,5
18146,16,2,3,0,15,3,0,1,0,1,2,6,2,3,1.0,0.0,0.0,1.0,0.0,3.0,7,2,2
137798,16,2,3,10,8,3,0,1,1,1,1,17,2,2,0.0,0.0,0.0,0.0,0.0,2.0,12,3,10
9810,16,2,1,5,3,3,6,1,0,1,2,36,1,3,1.0,0.0,0.0,1.0,0.0,0.0,19,4,1
40960,16,2,1,9,6,3,0,5,0,1,0,18,2,3,1.0,0.0,0.0,1.0,0.0,1.0,19,5,3
187775,16,10,2,10,10,3,4,1,1,1,1,19,2,2,0.0,0.0,0.0,0.0,0.0,2.0,17,3,12
111561,16,2,3,15,8,3,0,1,1,1,0,18,2,2,0.0,0.0,0.0,0.0,0.0,2.0,14,5,8
108986,16,2,3,0,6,3,0,1,1,1,2,18,2,2,0.0,0.0,0.0,0.0,0.0,2.0,19,2,8
105289,16,2,2,3,2,3,0,1,1,1,2,12,2,2,0.0,0.0,0.0,0.0,0.0,2.0,5,2,8
64559,16,2,3,14,8,3,0,1,1,1,2,36,2,2,0.0,0.0,0.0,0.0,0.0,2.0,13,5,5
147067,15,2,3,9,6,3,0,1,0,1,2,18,2,3,1.0,0.0,0.0,1.0,0.0,1.0,16,5,10
25315,16,3,3,10,8,3,6,1,1,1,2,19,2,2,0.0,0.0,0.0,0.0,0.0,2.0,9,6,2
171743,16,2,3,17,8,3,0,1,1,1,1,36,2,2,0.0,0.0,0.0,0.0,0.0,2.0,10,6,11
60697,16,2,1,17,6,3,0,1,1,1,2,36,2,2,0.0,0.0,0.0,0.0,0.0,2.0,20,6,5
161936,16,3,3,15,3,3,0,5,1,1,2,22,2,2,0.0,0.0,0.0,0.0,0.0,3.0,15,2,11
188386,4,2,3,10,2,3,0,1,0,1,2,17,2,3,2.0,0.0,0.0,2.0,0.0,1.0,14,6,12
6320,16,7,1,0,8,3,6,5,0,1,2,12,2,2,0.0,0.0,0.0,0.0,0.0,2.0,17,6,1
174143,16,2,3,0,2,3,0,1,0,1,1,39,2,4,1.0,0.0,0.0,0.0,1.0,1.0,11,1,12
158610,15,2,3,0,2,3,0,1,1,1,1,18,2,2,0.0,0.0,0.0,0.0,0.0,2.0,17,6,11
60233,15,2,3,0,2,3,0,1,1,1,2,18,2,2,0.0,0.0,0.0,0.0,0.0,2.0,9,7,5
181805,16,2,3,17,6,3,0,1,1,1,2,36,2,2,0.0,0.0,0.0,0.0,0.0,2.0,18,3,12
2368,16,2,3,17,3,3,0,1,0,1,2,18,2,3,3.0,0.0,0.0,1.0,2.0,0.0,10,1,1
52758,15,5,3,0,15,3,6,1,1,1,2,36,2,2,0.0,0.0,0.0,0.0,0.0,4.0,9,7,4
97201,16,2,3,15,11,3,0,1,0,1,2,24,2,2,0.0,0.0,0.0,0.0,0.0,2.0,11,5,7
166115,16,3,2,0,8,3,0,1,0,1,2,36,2,2,0.0,0.0,0.0,0.0,0.0,2.0,6,3,11
184367,16,2,2,15,10,3,0,1,1,1,1,23,2,2,0.0,0.0,0.0,0.0,0.0,2.0,20,1,12
69746,16,2,3,10,2,3,0,1,1,1,2,36,2,2,0.0,0.0,0.0,0.0,0.0,2.0,13,3,5
184838,16,2,3,0,8,3,0,1,1,1,1,6,2,2,0.0,0.0,0.0,0.0,0.0,4.0,12,1,12
185677,15,2,3,15,10,3,0,1,0,1,2,23,2,3,1.0,0.0,0.0,1.0,0.0,2.0,10,3,12
138658,16,11,1,10,2,3,5,5,1,0,2,19,2,2,0.0,0.0,0.0,0.0,0.0,3.0,1,4,10
22811,15,10,3,14,8,3,4,1,1,1,1,39,2,2,0.0,0.0,0.0,0.0,0.0,2.0,16,5,2
32060,4,2,3,17,2,3,0,1,0,1,2,18,2,3,1.0,0.0,0.0,1.0,0.0,1.0,8,7,3
158787,4,2,1,8,10,3,0,1,0,1,2,36,2,4,1.0,0.0,0.0,0.0,1.0,1.0,16,4,11
99092,16,2,1,17,6,3,0,5,1,1,2,18,2,2,0.0,0.0,0.0,0.0,0.0,4.0,2,7,7
114656,4,3,3,7,10,3,6,1,1,0,2,17,2,2,0.0,0.0,0.0,0.0,0.0,1.0,7,3,8
39371,16,2,1,10,1,3,0,1,0,1,2,17,3,2,0.0,0.0,0.0,0.0,0.0,3.0,5,1,3
180646,15,2,4,10,2,3,0,5,1,1,1,19,2,2,0.0,0.0,0.0,0.0,0.0,3.0,16,1,12
125252,16,2,3,10,1,3,0,1,1,1,1,36,2,2,0.0,0.0,0.0,0.0,0.0,2.0,14,6,9
181242,15,2,1,0,6,3,0,1,0,1,2,18,2,2,0.0,0.0,0.0,0.0,0.0,2.0,16,2,12
124810,4,2,3,17,8,3,0,1,0,1,2,36,2,3,1.0,0.0,0.0,1.0,0.0,1.0,17,6,9
43387,16,2,3,17,6,3,0,1,1,1,2,6,2,2,0.0,0.0,0.0,0.0,0.0,4.0,15,7,4
29254,16,2,3,10,8,3,0,1,1,1,1,36,2,2,0.0,0.0,0.0,0.0,0.0,2.0,16,1,3
147763,15,2,3,17,8,3,0,1,1,1,2,24,2,2,0.0,0.0,0.0,0.0,0.0,2.0,8,2,10
128311,16,2,3,15,8,3,0,1,1,1,0,23,2,2,0.0,0.0,0.0,0.0,0.0,2.0,12,7,9
162351,15,2,0,0,6,3,0,1,0,1,2,38,2,1,1.0,0.0,1.0,0.0,0.0,1.0,0,1,11
159520,16,2,3,17,6,3,0,1,1,1,1,24,2,2,0.0,0.0,0.0,0.0,0.0,2.0,16,2,11
13593,16,10,1,17,15,3,4,5,0,1,2,18,2,2,0.0,0.0,0.0,0.0,0.0,6.0,4,6,1
184302,16,2,0,10,10,3,0,1,1,1,2,17,2,2,0.0,0.0,0.0,0.0,0.0,2.0,19,7,12
158115,15,2,1,0,10,3,0,1,1,1,1,5,2,2,0.0,0.0,0.0,0.0,0.0,2.0,2,2,11
106665,16,2,3,0,3,3,0,1,0,1,2,6,3,3,1.0,0.0,0.0,1.0,0.0,3.0,10,2,8
103263,4,2,3,0,2,3,0,1,0,1,2,33,2,3,2.0,0.0,0.0,2.0,0.0,2.0,11,7,7
162490,16,3,1,17,8,3,0,1,0,1,2,6,2,3,2.0,0.0,0.0,1.0,1.0,1.0,18,2,11
165505,4,2,3,0,6,3,0,1,1,1,2,18,2,2,0.0,0.0,0.0,0.0,0.0,2.0,15,2,11
67852,16,2,3,0,6,3,0,1,0,1,2,36,2,1,1.0,0.0,1.0,0.0,0.0,4.0,15,2,5
72639,16,2,3,10,6,3,0,1,1,1,0,36,2,2,0.0,0.0,0.0,0.0,0.0,2.0,7,5,6
57110,4,2,3,15,8,3,0,1,1,1,1,36,2,2,0.0,0.0,0.0,0.0,0.0,2.0,17,6,5
24681,16,2,1,17,8,3,0,5,1,1,2,36,2,2,0.0,0.0,0.0,0.0,0.0,2.0,19,2,2
111259,15,3,3,0,15,3,0,1,0,1,2,38,2,2,0.0,0.0,0.0,0.0,0.0,2.0,18,1,8
89670,16,11,3,10,10,3,5,5,1,1,0,36,2,2,0.0,0.0,0.0,0.0,0.0,2.0,14,2,7
968,16,11,5,17,6,3,5,5,0,1,2,18,2,3,1.0,0.0,0.0,1.0,0.0,2.0,11,5,1
17696,15,2,1,17,8,3,0,1,0,1,2,18,2,2,0.0,0.0,0.0,0.0,0.0,2.0,5,2,2
78140,16,2,1,0,6,3,0,1,1,1,2,6,2,2,0.0,0.0,0.0,0.0,0.0,2.0,21,4,6
110906,15,2,3,8,8,3,0,1,0,1,0,36,2,3,1.0,0.0,0.0,1.0,0.0,1.0,19,2,8
60092,15,2,3,0,8,3,0,1,1,1,2,5,2,2,0.0,0.0,0.0,0.0,0.0,2.0,8,4,5
18697,16,2,3,15,8,3,0,1,1,1,1,19,2,2,0.0,0.0,0.0,0.0,0.0,2.0,16,5,2
19697,16,10,1,17,2,3,4,1,0,1,2,18,2,2,0.0,0.0,0.0,0.0,0.0,3.0,1,1,2
91795,15,2,3,5,6,3,0,1,1,1,0,18,2,2,0.0,0.0,0.0,0.0,0.0,2.0,15,7,7
5413,16,10,1,0,8,3,4,1,0,1,2,37,2,1,2.0,0.0,1.0,1.0,0.0,0.0,23,7,1
122702,15,2,3,0,6,3,0,1,0,1,2,18,2,3,2.0,0.0,0.0,2.0,0.0,2.0,19,4,9
16803,16,2,3,10,2,3,0,1,1,1,0,36,2,2,0.0,0.0,0.0,0.0,0.0,3.0,16,1,2
140586,16,7,3,17,2,3,6,1,0,1,2,18,2,2,0.0,0.0,0.0,0.0,0.0,2.0,9,7,10
20031,16,2,1,17,8,3,0,5,0,1,2,36,2,3,1.0,0.0,0.0,1.0,0.0,1.0,21,7,2
124873,16,2,1,0,6,3,0,1,0,1,2,6,3,3,1.0,0.0,0.0,1.0,0.0,4.0,3,1,9
168711,4,2,3,17,8,3,0,1,1,1,2,12,2,2,0.0,0.0,0.0,0.0,0.0,2.0,15,7,11
24056,16,2,2,15,8,3,0,1,1,1,2,23,2,2,0.0,0.0,0.0,0.0,0.0,3.0,20,3,2
44023,16,2,3,17,3,3,0,1,0,1,2,18,2,2,0.0,0.0,0.0,0.0,0.0,2.0,10,3,4
128235,17,2,3,15,8,3,0,5,0,1,2,19,3,1,4.0,0.0,1.0,3.0,0.0,5.0,12,5,9
128311,15,2,3,11,10,3,0,1,1,1,2,36,2,2,0.0,0.0,0.0,0.0,0.0,3.0,12,7,9
72589,16,2,3,17,3,3,0,1,1,1,2,23,2,2,0.0,0.0,0.0,0.0,0.0,2.0,10,4,6
46039,15,2,3,0,2,3,0,1,0,1,2,36,2,2,0.0,0.0,0.0,0.0,0.0,2.0,16,6,4
24113,15,10,3,0,10,3,6,1,1,1,2,18,2,2,0.0,0.0,0.0,0.0,0.0,2.0,8,4,2
2327,16,2,3,17,6,3,0,5,0,1,2,18,2,2,0.0,0.0,0.0,0.0,0.0,2.0,10,6,1
98475,15,2,1,0,8,3,0,1,1,1,2,36,2,2,0.0,0.0,0.0,0.0,0.0,2.0,20,4,7
19,16,2,1,15,8,3,0,1,1,1,0,36,2,2,0.0,0.0,0.0,0.0,0.0,2.0,3,1,1
138404,15,2,4,13,6,3,0,1,0,1,1,18,2,2,0.0,0.0,0.0,0.0,0.0,2.0,17,6,10
33571,4,2,1,2,8,3,0,1,0,1,2,36,1,2,0.0,0.0,0.0,0.0,0.0,2.0,1,6,3
53758,16,2,3,17,2,3,0,1,1,1,1,24,2,2,0.0,0.0,0.0,0.0,0.0,2.0,9,2,4
141314,16,2,3,10,6,3,0,1,1,1,2,19,2,2,0.0,0.0,0.0,0.0,0.0,3.0,10,4,10
120705,16,7,3,10,6,3,6,4,0,1,2,22,3,1,1.0,0.0,1.0,0.0,0.0,8.0,13,3,9
19422,16,10,3,10,2,3,4,1,1,1,2,19,2,2,0.0,0.0,0.0,0.0,0.0,4.0,14,4,2
132068,16,7,1,9,6,3,6,5,0,1,0,36,2,4,1.0,0.0,0.0,0.0,1.0,1.0,21,7,9