crash_date,               traffic_control_device,weather_condition,lighting_condition,first_crash_type,trafficway_type,alignment,roadway_surface_cond,road_defect,crash_type,intersection_related_i,damage,prim_contributory_cause,num_units,most_severe_injury,injuries_total,injuries_fatal,injuries_incapacitating,injuries_non_incapacitating,injuries_reported_not_evident,injuries_no_indication,crash_hour,crash_day_of_week,crash_month
99750,4,2,3,10,8,4,0,1,1,1,1,19,2,2,0.0,0.0,0.0,0.0,0.0,2.0,20,2,7
36937,16,2,3,0,6,3,0,1,1,1,2,18,2,2,0.0,0.0,0.0,0.0,0.0,2.0,8,6,3
187352,16,2,3,17,2,3,2,1,1,1,2,24,2,2,0.0,0.0,0.0,0.0,0.0,2.0,14,4,12
140513,15,7,1,0,8,3,6,1,0,1,2,18,2,3,4.0,0.0,0.0,4.0,0.0,0.0,20,6,10
25189,16,2,3,0,6,3,0,5,1,1,2,36,2,2,0.0,0.0,0.0,0.0,0.0,3.0,17,5,2
16761,16,2,1,17,8,3,0,1,1,1,2,17,2,2,0.0,0.0,0.0,0.0,0.0,2.0,22,7,2
164938,15,2,1,0,6,3,0,1,0,1,2,36,2,3,1.0,0.0,0.0,1.0,0.0,1.0,3,1,11
117115,16,2,0,2,3,3,0,3,0,1,2,32,1,1,1.0,0.0,1.0,0.0,0.0,0.0,21,6,8
78390,16,2,3,0,9,4,0,5,0,1,2,26,3,4,1.0,0.0,0.0,0.0,1.0,4.0,15,7,6
14146,15,2,0,8,6,3,0,1,0,1,2,18,2,4,1.0,0.0,0.0,0.0,1.0,1.0,18,2,1
97332,15,2,3,10,2,3,0,1,0,1,1,17,2,4,1.0,0.0,0.0,0.0,1.0,1.0,17,1,7
66062,16,2,1,10,11,3,0,1,1,1,1,20,2,2,0.0,0.0,0.0,0.0,0.0,2.0,3,7,5
92914,16,7,4,10,10,3,6,1,1,1,2,12,2,2,0.0,0.0,0.0,0.0,0.0,4.0,6,4,7
70952,15,2,1,15,6,3,0,1,1,1,2,23,2,2,0.0,0.0,0.0,0.0,0.0,2.0,23,1,5
95691,16,7,3,0,1,3,6,1,0,1,2,6,2,3,2.0,0.0,0.0,2.0,0.0,1.0,12,3,7
6864,16,2,4,15,2,3,0,1,0,1,2,36,3,2,0.0,0.0,0.0,0.0,0.0,3.0,15,7,1
106147,16,2,3,2,11,3,0,3,1,1,2,26,1,2,0.0,0.0,0.0,0.0,0.0,1.0,18,6,8
51479,16,2,3,9,2,3,0,1,0,1,0,18,2,3,1.0,0.0,0.0,1.0,0.0,1.0,18,5,4
25831,16,2,3,17,3,3,0,1,1,1,1,24,2,2,0.0,0.0,0.0,0.0,0.0,2.0,13,1,2
132130,16,2,3,0,8,3,0,1,0,1,2,6,2,2,0.0,0.0,0.0,0.0,0.0,2.0,7,2,9
97688,16,2,3,15,2,3,0,1,1,1,1,18,2,2,0.0,0.0,0.0,0.0,0.0,3.0,10,5,7
173604,16,7,1,9,8,3,6,1,0,1,2,6,2,3,1.0,0.0,0.0,1.0,0.0,1.0,1,1,12
171537,15,2,3,17,8,3,0,1,1,1,2,18,2,2,0.0,0.0,0.0,0.0,0.0,4.0,12,4,11
30481,16,3,3,15,8,3,6,1,1,1,2,36,2,2,0.0,0.0,0.0,0.0,0.0,2.0,8,3,3
12627,16,11,3,0,6,3,6,5,1,1,2,36,2,2,0.0,0.0,0.0,0.0,0.0,2.0,7,3,1
78273,15,2,1,17,10,3,0,1,1,1,1,36,2,2,0.0,0.0,0.0,0.0,0.0,2.0,21,4,6
143008,16,2,1,3,18,3,0,1,1,1,1,24,2,2,0.0,0.0,0.0,0.0,0.0,2.0,1,7,10
88360,16,2,3,17,3,3,0,1,1,1,2,18,2,2,0.0,0.0,0.0,0.0,0.0,5.0,10,2,7
18206,16,2,1,15,3,3,0,1,1,1,1,22,2,2,0.0,0.0,0.0,0.0,0.0,2.0,20,3,2
117732,11,2,1,17,8,3,0,1,1,1,2,36,2,2,0.0,0.0,0.0,0.0,0.0,2.0,21,7,8
65268,16,7,3,9,2,3,6,1,0,1,0,18,2,3,1.0,0.0,0.0,1.0,0.0,1.0,17,3,5
145089,16,7,5,10,6,3,6,5,1,1,2,19,2,2,0.0,0.0,0.0,0.0,0.0,3.0,19,6,10
70894,4,2,4,9,8,3,0,1,0,1,2,18,2,3,1.0,0.0,0.0,1.0,0.0,1.0,23,7,5
80115,15,2,3,17,6,3,0,1,0,1,2,36,2,3,1.0,0.0,0.0,1.0,0.0,3.0,14,4,6
72664,16,2,1,17,5,3,0,1,0,1,2,18,3,3,1.0,0.0,0.0,1.0,0.0,6.0,23,5,6
133065,16,2,4,17,2,3,0,1,0,1,2,18,2,2,0.0,0.0,0.0,0.0,0.0,2.0,19,7,9
130533,4,2,4,7,10,3,0,1,0,0,2,21,3,3,1.0,0.0,0.0,1.0,0.0,0.0,19,2,9
149747,16,2,3,0,8,3,5,5,0,1,2,36,2,3,2.0,0.0,0.0,2.0,0.0,0.0,17,7,10
144447,16,2,3,10,8,3,0,6,0,1,1,36,2,3,3.0,0.0,0.0,3.0,0.0,1.0,12,4,10
49443,16,2,3,17,8,3,0,1,0,1,2,17,2,3,2.0,0.0,0.0,2.0,0.0,3.0,11,2,4
51158,16,2,3,2,8,3,0,1,1,1,2,26,1,2,0.0,0.0,0.0,0.0,0.0,1.0,13,7,4
106406,4,2,3,17,8,4,0,1,0,1,2,36,2,3,1.0,0.0,0.0,1.0,0.0,1.0,15,5,8
18007,15,2,4,10,15,3,6,1,0,1,2,8,2,3,3.0,0.0,0.0,3.0,0.0,0.0,18,6,2
116907,16,2,3,0,15,3,0,1,0,1,2,36,2,2,0.0,0.0,0.0,0.0,0.0,3.0,9,3,8
41606,17,2,3,10,8,3,5,5,1,1,2,19,2,2,0.0,0.0,0.0,0.0,0.0,2.0,9,3,3
82390,16,7,1,2,8,3,6,1,1,1,2,17,2,2,0.0,0.0,0.0,0.0,0.0,2.0,23,1,6
30756,16,2,3,17,3,3,0,1,1,1,2,36,2,2,0.0,0.0,0.0,0.0,0.0,2.0,16,7,3
5062,4,11,3,7,10,3,5,5,1,1,2,36,2,2,0.0,0.0,0.0,0.0,0.0,1.0,11,6,1
185622,4,2,4,2,1,3,0,1,0,0,2,36,1,2,0.0,0.0,0.0,0.0,0.0,1.0,19,1,12
110756,16,2,3,15,6,3,0,1,1,1,2,36,2,2,0.0,0.0,0.0,0.0,0.0,3.0,14,1,8
1989,16,2,3,10,8,3,0,1,1,1,2,17,2,2,0.0,0.0,0.0,0.0,0.0,2.0,14,6,1
25779,16,2,1,0,2,3,0,1,1,1,2,6,2,2,0.0,0.0,0.0,0.0,0.0,2.0,5,7,2
154049,16,7,1,10,2,3,6,1,1,1,1,36,2,2,0.0,0.0,0.0,0.0,0.0,2.0,6,3,10
165835,17,7,2,13,6,3,6,5,1,1,2,12,3,2,0.0,0.0,0.0,0.0,0.0,3.0,15,2,11
65793,16,2,3,15,8,3,0,1,1,1,1,36,2,2,0.0,0.0,0.0,0.0,0.0,2.0,13,5,5
186324,4,10,3,17,8,3,6,1,1,1,2,26,2,2,0.0,0.0,0.0,0.0,0.0,2.0,14,2,12
70693,16,2,1,10,8,3,0,5,1,1,2,19,2,2,0.0,0.0,0.0,0.0,0.0,2.0,22,3,5
178269,16,3,3,17,2,3,0,1,1,1,2,6,2,2,0.0,0.0,0.0,0.0,0.0,2.0,11,7,12
74039,15,2,4,17,8,3,0,1,1,1,2,18,2,2,0.0,0.0,0.0,0.0,0.0,2.0,20,4,6
45346,15,2,3,17,6,3,6,1,0,1,2,36,2,2,0.0,0.0,0.0,0.0,0.0,3.0,12,1,4
13262,4,2,1,17,6,3,1,5,0,1,2,18,2,2,0.0,0.0,0.0,0.0,0.0,2.0,22,6,1
167027,17,2,4,17,17,3,5,5,1,1,2,26,2,2,0.0,0.0,0.0,0.0,0.0,3.0,15,2,11
44404,16,7,3,17,6,3,6,1,1,1,2,24,2,2,0.0,0.0,0.0,0.0,0.0,2.0,10,4,4
105057,16,2,3,0,2,3,0,1,1,1,2,36,2,2,0.0,0.0,0.0,0.0,0.0,2.0,17,4,8
40493,15,2,3,0,8,3,0,1,0,1,2,18,2,2,0.0,0.0,0.0,0.0,0.0,2.0,17,2,3
131260,16,2,1,10,8,3,0,1,1,1,2,36,2,2,0.0,0.0,0.0,0.0,0.0,4.0,19,3,9
56119,16,2,3,15,8,3,0,1,1,1,2,36,2,2,0.0,0.0,0.0,0.0,0.0,2.0,13,4,5
142506,4,2,3,10,8,3,0,1,0,0,2,9,4,3,1.0,0.0,0.0,1.0,0.0,4.0,16,7,10
179860,16,7,3,0,8,3,6,1,0,1,2,6,4,1,4.0,0.0,2.0,2.0,0.0,1.0,15,4,12
89733,15,2,3,0,6,3,0,1,0,1,2,18,3,3,1.0,0.0,0.0,1.0,0.0,1.0,13,3,7
183205,16,2,3,10,1,3,0,1,1,1,0,36,2,2,0.0,0.0,0.0,0.0,0.0,2.0,14,6,12
91273,16,2,3,9,6,3,0,1,0,1,2,18,3,1,1.0,0.0,1.0,0.0,0.0,2.0,12,5,7
181442,4,2,3,0,15,3,0,1,0,1,2,18,2,2,0.0,0.0,0.0,0.0,0.0,2.0,14,3,12
152476,4,3,1,10,6,3,0,1,1,1,2,36,2,2,0.0,0.0,0.0,0.0,0.0,2.0,6,2,10
143600,16,7,3,17,6,3,0,1,0,1,2,4,2,2,0.0,0.0,0.0,0.0,0.0,5.0,8,6,10
2478,16,2,3,10,8,3,0,1,0,1,2,19,2,2,0.0,0.0,0.0,0.0,0.0,2.0,9,7,1
52694,15,2,3,0,6,3,0,1,1,1,2,18,2,2,0.0,0.0,0.0,0.0,0.0,2.0,15,6,4
130489,16,2,3,17,8,3,0,1,1,1,2,36,2,2,0.0,0.0,0.0,0.0,0.0,2.0,22,1,9
33686,15,2,3,11,8,3,0,1,1,1,2,21,2,2,0.0,0.0,0.0,0.0,0.0,2.0,14,1,3
127165,4,2,3,15,8,3,0,1,1,1,1,23,2,2,0.0,0.0,0.0,0.0,0.0,2.0,15,3,9
104503,16,7,1,17,18,3,6,1,1,1,2,36,2,2,0.0,0.0,0.0,0.0,0.0,2.0,23,5,8
11311,16,10,3,10,8,3,4,5,1,1,1,36,2,2,0.0,0.0,0.0,0.0,0.0,2.0,9,1,1
103901,16,2,3,15,6,3,0,1,1,1,1,12,2,2,0.0,0.0,0.0,0.0,0.0,2.0,19,4,7
125590,16,2,3,17,2,4,0,1,0,1,2,37,4,3,1.0,0.0,0.0,1.0,0.0,1.0,8,2,9
46911,16,2,1,17,3,3,0,1,1,1,1,23,2,2,0.0,0.0,0.0,0.0,0.0,4.0,20,1,4
173697,4,2,3,17,6,3,0,5,1,1,2,26,2,2,0.0,0.0,0.0,0.0,0.0,2.0,8,3,12
134205,16,2,3,17,2,3,0,1,1,1,1,22,2,2,0.0,0.0,0.0,0.0,0.0,2.0,8,2,9
159495,16,2,3,10,2,3,0,1,0,1,2,17,2,3,1.0,0.0,0.0,1.0,0.0,1.0,9,1,11
99643,16,2,1,17,3,3,0,1,1,1,2,24,2,2,0.0,0.0,0.0,0.0,0.0,7.0,22,1,7
98944,16,2,3,17,2,3,0,1,1,1,2,36,2,2,0.0,0.0,0.0,0.0,0.0,2.0,11,4,7
128591,16,2,3,10,2,3,0,1,0,1,2,23,2,4,1.0,0.0,0.0,0.0,1.0,1.0,8,3,9
15813,15,10,3,17,15,3,4,1,1,1,2,39,2,2,0.0,0.0,0.0,0.0,0.0,2.0,13,4,2
81490,16,2,1,10,1,3,0,5,1,1,1,28,3,2,0.0,0.0,0.0,0.0,0.0,3.0,2,2,6
136520,15,2,3,14,8,3,0,1,1,1,2,23,3,2,0.0,0.0,0.0,0.0,0.0,2.0,13,6,9
16402,16,2,3,15,8,3,0,1,0,1,2,19,3,4,1.0,0.0,0.0,0.0,1.0,4.0,7,5,2
22256,16,10,0,0,15,3,6,5,0,1,2,23,2,2,0.0,0.0,0.0,0.0,0.0,4.0,3,1,2
174927,16,2,3,0,2,3,6,1,0,1,2,6,2,1,1.0,0.0,1.0,0.0,0.0,1.0,9,3,12
70283,4,7,2,0,8,3,6,1,1,1,0,18,2,2,0.0,0.0,0.0,0.0,0.0,2.0,4,4,5
83069,16,2,3,0,6,3,0,1,0,1,2,6,2,3,2.0,0.0,0.0,2.0,0.0,1.0,16,6,6
138456,16,2,3,5,6,3,0,1,0,1,2,6,1,3,1.0,0.0,0.0,1.0,0.0,0.0,13,7,10
126095,15,2,3,0,2,3,0,1,0,1,2,36,2,1,11.0,0.0,2.0,0.0,9.0,1.0,10,2,9
45465,15,2,1,0,8,3,0,1,0,1,2,18,2,2,0.0,0.0,0.0,0.0,0.0,2.0,5,2,4
83918,16,2,3,15,2,3,0,1,1,0,1,36,2,2,0.0,0.0,0.0,0.0,0.0,2.0,11,3,6
170398,16,2,1,0,6,3,0,1,0,1,2,6,2,2,0.0,0.0,0.0,0.0,0.0,3.0,17,7,11
137127,15,2,1,17,11,3,0,1,1,1,2,18,2,2,0.0,0.0,0.0,0.0,0.0,3.0,0,7,9
97780,16,2,3,10,10,3,0,1,1,1,2,36,3,2,0.0,0.0,0.0,0.0,0.0,4.0,15,7,7
124813,4,2,3,0,15,3,0,5,0,1,2,18,2,2,0.0,0.0,0.0,0.0,0.0,2.0,18,6,9
146185,4,2,3,17,15,3,0,5,0,1,2,36,2,3,3.0,0.0,0.0,3.0,0.0,0.0,15,1,10
144107,15,7,3,0,8,3,6,1,0,1,2,36,2,2,0.0,0.0,0.0,0.0,0.0,2.0,13,6,10
8785,4,3,3,17,11,3,0,1,0,1,2,18,2,2,0.0,0.0,0.0,0.0,0.0,2.0,9,6,1
12549,16,2,1,0,10,3,0,1,0,1,2,37,2,3,3.0,0.0,0.0,2.0,1.0,0.0,1,1,1
121169,16,2,1,17,2,3,6,1,1,1,0,24,2,2,0.0,0.0,0.0,0.0,0.0,3.0,20,7,9
3203,15,2,3,5,8,3,2,1,0,1,2,28,1,2,0.0,0.0,0.0,0.0,0.0,1.0,15,6,1
42381,16,2,3,10,8,3,0,5,1,1,2,19,2,2,0.0,0.0,0.0,0.0,0.0,3.0,18,2,4
76200,4,7,3,0,8,3,6,1,1,1,2,36,2,2,0.0,0.0,0.0,0.0,0.0,2.0,12,1,6
24616,16,2,3,0,6,3,6,1,1,1,2,36,2,2,0.0,0.0,0.0,0.0,0.0,2.0,13,1,2
33312,16,2,3,0,6,3,0,1,0,1,2,36,3,3,2.0,0.0,0.0,2.0,0.0,1.0,6,2,3
96680,4,2,1,17,8,3,0,1,1,0,1,18,2,2,0.0,0.0,0.0,0.0,0.0,3.0,23,4,7
175217,9,2,3,9,8,3,0,1,0,1,2,36,2,1,1.0,0.0,1.0,0.0,0.0,1.0,10,2,12
156188,15,2,1,0,6,3,0,1,0,1,2,26,4,3,3.0,0.0,0.0,3.0,0.0,0.0,21,4,11
141035,16,2,4,10,10,4,0,1,0,1,1,12,2,4,1.0,0.0,0.0,0.0,1.0,1.0,17,6,10
151635,16,2,3,10,2,3,0,1,1,1,1,19,2,2,0.0,0.0,0.0,0.0,0.0,2.0,15,5,10
32830,16,7,1,0,6,3,6,1,0,1,2,6,2,3,1.0,0.0,0.0,1.0,0.0,1.0,23,6,3
134156,15,2,1,2,11,3,0,1,0,1,2,15,1,2,0.0,0.0,0.0,0.0,0.0,1.0,6,1,9
11065,16,2,1,10,3,3,4,1,0,1,1,36,2,2,0.0,0.0,0.0,0.0,0.0,2.0,19,3,1
72526,15,2,3,7,10,3,0,1,0,1,1,12,2,2,0.0,0.0,0.0,0.0,0.0,1.0,10,3,6
100772,15,2,3,8,10,3,0,1,1,1,0,36,2,2,0.0,0.0,0.0,0.0,0.0,2.0,8,4,7
49278,15,2,3,0,8,3,0,1,0,1,2,5,2,3,2.0,0.0,0.0,1.0,1.0,0.0,11,7,4
113160,16,7,1,10,6,3,6,1,1,1,1,36,2,2,0.0,0.0,0.0,0.0,0.0,4.0,1,1,8
118400,16,2,3,10,8,3,0,1,0,1,2,9,2,4,1.0,0.0,0.0,0.0,1.0,1.0,12,3,8
115177,16,2,3,8,2,3,0,1,0,1,1,18,3,3,2.0,0.0,0.0,2.0,0.0,1.0,18,4,8
121832,16,2,1,0,15,3,0,1,0,1,2,6,2,2,0.0,0.0,0.0,0.0,0.0,3.0,23,3,9
178848,16,2,3,17,6,3,5,5,1,1,2,18,2,2,0.0,0.0,0.0,0.0,0.0,2.0,12,5,12
66844,16,11,5,2,10,3,5,5,0,1,2,17,1,3,1.0,0.0,0.0,1.0,0.0,0.0,22,7,5
30082,16,2,1,9,8,3,0,5,0,1,0,36,2,4,1.0,0.0,0.0,0.0,1.0,1.0,19,1,3
80997,16,2,3,15,8,3,0,1,1,1,2,36,2,2,0.0,0.0,0.0,0.0,0.0,2.0,6,2,6
174452,16,2,3,15,10,3,0,1,1,1,1,23,2,2,0.0,0.0,0.0,0.0,0.0,2.0,10,4,12
121047,16,2,3,15,8,3,0,1,1,1,0,36,2,2,0.0,0.0,0.0,0.0,0.0,2.0,17,1,9
101942,16,2,1,17,6,3,0,5,1,1,1,24,2,2,0.0,0.0,0.0,0.0,0.0,4.0,1,1,7
72094,16,2,3,15,6,3,0,1,1,1,1,23,2,2,0.0,0.0,0.0,0.0,0.0,2.0,14,4,6
124841,16,7,3,0,6,3,6,1,0,1,2,6,3,2,0.0,0.0,0.0,0.0,0.0,3.0,10,6,9
180522,4,2,3,13,15,3,6,5,0,1,2,18,3,2,0.0,0.0,0.0,0.0,0.0,7.0,8,5,12
147274,16,2,0,0,8,3,0,1,0,1,2,6,2,4,1.0,0.0,0.0,0.0,1.0,1.0,23,2,10
167076,15,2,1,10,2,3,0,1,1,1,2,19,2,2,0.0,0.0,0.0,0.0,0.0,2.0,18,3,11
98352,16,3,3,0,6,3,6,1,0,1,2,6,2,2,0.0,0.0,0.0,0.0,0.0,3.0,7,1,7
62887,15,2,3,0,6,3,0,1,0,1,2,5,2,2,0.0,0.0,0.0,0.0,0.0,4.0,10,6,5
177464,16,7,1,8,8,3,6,1,0,1,0,17,2,3,1.0,0.0,0.0,1.0,0.0,1.0,19,6,12
112210,15,2,3,0,8,4,0,1,0,1,2,18,2,2,0.0,0.0,0.0,0.0,0.0,2.0,15,2,8
17082,16,2,3,0,2,3,0,1,0,1,2,36,2,0,4.0,2.0,1.0,1.0,0.0,0.0,11,4,2
174313,16,2,3,15,2,3,0,1,1,1,2,22,2,2,0.0,0.0,0.0,0.0,0.0,2.0,8,2,12
71128,4,2,3,0,8,3,0,1,1,1,1,36,2,2,0.0,0.0,0.0,0.0,0.0,4.0,9,5,5
39916,17,2,1,10,6,3,5,5,1,1,2,9,2,2,0.0,0.0,0.0,0.0,0.0,2.0,1,6,3
86941,16,7,3,17,2,3,6,1,0,1,2,36,2,2,0.0,0.0,0.0,0.0,0.0,2.0,19,2,6
175706,4,2,3,17,8,3,0,1,1,0,2,24,2,2,0.0,0.0,0.0,0.0,0.0,3.0,10,2,12
153714,4,2,1,11,6,3,0,5,1,1,2,21,3,2,0.0,0.0,0.0,0.0,0.0,5.0,18,6,10
172992,16,2,1,17,10,3,0,1,0,1,0,22,2,4,1.0,0.0,0.0,0.0,1.0,3.0,0,4,12
188369,4,2,1,0,10,3,0,1,1,1,1,23,2,2,0.0,0.0,0.0,0.0,0.0,2.0,23,5,12
117185,16,2,1,10,2,3,0,1,1,1,2,36,2,2,0.0,0.0,0.0,0.0,0.0,5.0,21,1,8
4664,17,2,1,10,8,3,0,1,0,1,2,17,2,2,0.0,0.0,0.0,0.0,0.0,2.0,0,1,1
131942,15,2,3,10,8,3,0,1,1,1,2,19,5,2,0.0,0.0,0.0,0.0,0.0,6.0,15,6,9
162279,16,2,2,15,6,3,0,1,1,1,2,36,2,2,0.0,0.0,0.0,0.0,0.0,2.0,20,7,11
16564,4,2,4,10,8,3,0,1,1,0,1,36,2,2,0.0,0.0,0.0,0.0,0.0,3.0,18,3,2
154146,15,7,3,17,6,3,6,1,1,1,2,5,2,2,0.0,0.0,0.0,0.0,0.0,2.0,14,6,10
156219,15,2,3,11,6,3,0,1,1,1,0,21,2,2,0.0,0.0,0.0,0.0,0.0,2.0,15,6,11
140695,15,2,3,0,6,3,0,1,0,1,2,18,3,3,2.0,0.0,0.0,2.0,0.0,1.0,18,3,10
109943,17,11,5,10,17,3,5,5,1,1,1,21,2,2,0.0,0.0,0.0,0.0,0.0,2.0,0,1,8
23944,16,2,3,17,2,3,0,1,1,1,2,17,3,2,0.0,0.0,0.0,0.0,0.0,2.0,10,2,2
86350,16,2,3,15,6,3,0,1,0,1,2,36,2,3,1.0,0.0,0.0,1.0,0.0,3.0,14,6,6
146264,15,7,1,0,15,3,6,1,0,1,2,18,2,4,2.0,0.0,0.0,0.0,2.0,1.0,4,3,10
133307,16,2,1,10,15,3,0,1,0,1,2,8,2,2,0.0,0.0,0.0,0.0,0.0,2.0,0,4,9
44078,16,2,3,17,6,3,0,1,0,1,2,12,2,2,0.0,0.0,0.0,0.0,0.0,2.0,10,5,4
101176,16,2,3,17,8,3,0,1,0,1,2,36,2,2,0.0,0.0,0.0,0.0,0.0,4.0,14,6,7
116470,16,2,3,17,6,3,0,1,0,1,2,6,2,4,1.0,0.0,0.0,0.0,1.0,2.0,12,3,8
172295,16,7,3,17,8,3,6,1,1,1,1,12,2,2,0.0,0.0,0.0,0.0,0.0,2.0,9,7,12
23747,16,2,3,10,2,3,0,1,0,1,2,19,2,2,0.0,0.0,0.0,0.0,0.0,2.0,15,6,2
121669,16,2,1,10,3,3,0,1,0,1,2,17,2,3,1.0,0.0,0.0,1.0,0.0,1.0,5,1,9
43687,16,2,3,9,2,3,4,4,0,1,0,38,2,3,1.0,0.0,0.0,1.0,0.0,1.0,6,4,4
32721,4,2,3,9,8,3,0,1,0,1,2,27,2,3,1.0,0.0,0.0,1.0,0.0,2.0,15,5,3
68176,15,2,3,9,8,3,0,1,0,1,0,36,2,3,1.0,0.0,0.0,1.0,0.0,1.0,15,6,5
47668,16,2,3,17,8,3,0,1,0,1,2,6,2,2,0.0,0.0,0.0,0.0,0.0,2.0,7,6,4
108101,16,2,3,10,3,3,0,1,1,1,2,17,2,2,0.0,0.0,0.0,0.0,0.0,2.0,6,3,8
134740,4,2,0,17,3,3,0,1,0,1,2,24,3,3,1.0,0.0,0.0,1.0,0.0,1.0,20,4,9
95978,16,2,3,17,9,3,0,1,0,1,2,6,2,4,2.0,0.0,0.0,0.0,2.0,1.0,6,3,7
173931,4,2,0,15,2,3,0,1,1,1,2,22,2,2,0.0,0.0,0.0,0.0,0.0,2.0,19,4,12
136784,4,2,3,11,6,3,0,1,1,1,1,19,2,2,0.0,0.0,0.0,0.0,0.0,2.0,17,4,9
136407,16,2,3,0,6,3,0,1,1,1,0,36,2,2,0.0,0.0,0.0,0.0,0.0,2.0,10,5,9
175842,15,2,3,17,15,3,0,1,0,1,2,24,2,2,0.0,0.0,0.0,0.0,0.0,2.0,6,5,12
173638,16,2,1,17,5,3,0,1,0,1,2,24,2,3,3.0,0.0,0.0,3.0,0.0,2.0,20,1,12
134520,16,2,1,0,6,3,0,1,0,1,2,6,3,2,0.0,0.0,0.0,0.0,0.0,4.0,23,7,9
114096,16,3,3,10,8,3,6,1,1,1,2,19,2,2,0.0,0.0,0.0,0.0,0.0,2.0,14,2,8
99992,16,11,5,14,8,3,5,5,0,0,2,11,3,2,0.0,0.0,0.0,0.0,0.0,3.0,17,7,7
14027,16,9,1,3,15,3,4,1,0,1,2,39,2,2,0.0,0.0,0.0,0.0,0.0,2.0,4,7,1
77088,16,2,0,3,6,4,0,5,0,1,2,28,2,2,0.0,0.0,0.0,0.0,0.0,3.0,0,2,6
50690,15,2,3,0,6,3,0,1,1,1,2,18,2,2,0.0,0.0,0.0,0.0,0.0,3.0,6,6,4
41832,16,7,1,15,2,3,6,1,1,1,2,26,2,2,0.0,0.0,0.0,0.0,0.0,2.0,1,6,3
40839,16,2,1,10,10,3,0,1,1,1,2,17,2,2,0.0,0.0,0.0,0.0,0.0,2.0,19,2,3
73533,16,2,0,0,2,3,0,1,1,0,0,26,2,2,0.0,0.0,0.0,0.0,0.0,2.0,2,5,6
88300,16,2,1,15,8,3,0,1,1,1,2,19,2,2,0.0,0.0,0.0,0.0,0.0,2.0,21,1,7
89933,15,2,3,0,8,3,0,1,0,1,2,5,3,2,0.0,0.0,0.0,0.0,0.0,3.0,10,5,7
109597,4,2,3,17,6,3,0,1,0,1,2,24,2,3,3.0,0.0,0.0,3.0,0.0,0.0,13,5,8
109464,16,2,3,10,10,3,0,1,0,1,2,17,3,2,0.0,0.0,0.0,0.0,0.0,2.0,16,3,8
112723,16,2,3,10,2,3,0,1,1,0,1,36,2,2,0.0,0.0,0.0,0.0,0.0,2.0,18,2,8
50768,15,3,3,0,8,3,0,1,0,1,2,18,2,2,0.0,0.0,0.0,0.0,0.0,3.0,7,5,4
185389,16,2,3,17,6,3,0,1,1,1,1,36,2,2,0.0,0.0,0.0,0.0,0.0,2.0,8,3,12
76690,15,2,3,17,8,3,0,5,1,1,0,18,2,2,0.0,0.0,0.0,0.0,0.0,2.0,16,2,6
91968,16,2,2,17,2,3,0,1,0,1,2,6,3,3,2.0,0.0,0.0,2.0,0.0,11.0,4,2,7
85121,16,2,1,2,15,3,0,5,0,1,2,36,1,2,0.0,0.0,0.0,0.0,0.0,2.0,0,1,6
139476,16,2,3,10,2,3,0,1,1,0,2,19,2,2,0.0,0.0,0.0,0.0,0.0,2.0,16,6,10
189062,16,7,3,9,6,3,6,1,1,1,0,38,2,2,0.0,0.0,0.0,0.0,0.0,2.0,8,3,12
78300,16,2,3,17,15,3,0,1,1,1,1,18,2,2,0.0,0.0,0.0,0.0,0.0,3.0,14,5,6
180295,15,2,0,10,3,3,0,1,1,1,2,15,2,2,0.0,0.0,0.0,0.0,0.0,2.0,23,7,12
58297,16,7,1,9,2,3,6,1,0,1,2,18,2,4,1.0,0.0,0.0,0.0,1.0,1.0,20,5,5
23413,16,2,1,0,15,3,0,1,0,1,2,36,2,2,0.0,0.0,0.0,0.0,0.0,2.0,23,7,2
97445,16,2,3,10,15,3,0,1,1,1,0,19,2,2,0.0,0.0,0.0,0.0,0.0,2.0,15,3,7
39015,15,11,1,10,8,3,5,5,1,1,1,36,2,2,0.0,0.0,0.0,0.0,0.0,3.0,21,1,3
80066,16,3,1,10,2,3,5,5,1,1,2,17,2,2,0.0,0.0,0.0,0.0,0.0,3.0,0,1,6
157741,15,2,3,17,6,3,0,1,0,1,1,18,2,2,0.0,0.0,0.0,0.0,0.0,2.0,17,5,11
130256,15,2,4,10,6,3,0,1,1,1,2,8,2,2,0.0,0.0,0.0,0.0,0.0,2.0,18,4,9
182221,16,7,1,15,6,3,6,1,1,1,2,22,2,2,0.0,0.0,0.0,0.0,0.0,2.0,7,7,12
74104,4,2,1,10,2,3,0,1,1,1,0,36,2,2,0.0,0.0,0.0,0.0,0.0,2.0,20,6,6
116853,15,2,1,8,6,3,0,1,0,1,0,36,2,3,1.0,0.0,0.0,1.0,0.0,1.0,23,1,8
77867,4,2,3,10,2,3,0,1,1,1,2,19,2,2,0.0,0.0,0.0,0.0,0.0,3.0,11,6,6
80571,16,2,5,17,2,3,0,1,1,1,1,18,2,2,0.0,0.0,0.0,0.0,0.0,2.0,0,2,6
186226,16,2,3,0,6,3,0,1,0,1,2,36,2,4,1.0,0.0,0.0,0.0,1.0,2.0,13,7,12
36336,16,2,3,10,8,3,0,1,1,1,1,36,2,2,0.0,0.0,0.0,0.0,0.0,2.0,14,2,3
16704,16,2,3,9,8,3,6,1,0,1,0,38,2,3,1.0,0.0,0.0,1.0,0.0,1.0,10,6,2