crash_date,               traffic_control_device,weather_condition,lighting_condition,first_crash_type,trafficway_type,alignment,roadway_surface_cond,road_defect,crash_type,intersection_related_i,damage,prim_contributory_cause,num_units,most_severe_injury,injuries_total,injuries_fatal,injuries_incapacitating,injuries_non_incapacitating,injuries_reported_not_evident,injuries_no_indication,crash_hour,crash_day_of_week,crash_month
143726,15,7,1,17,2,3,6,1,1,1,2,18,2,2,0.0,0.0,0.0,0.0,0.0,4.0,20,2,10
50562,4,2,1,0,8,3,0,1,1,1,1,18,2,2,0.0,0.0,0.0,0.0,0.0,2.0,20,3,4
6558,16,2,2,10,8,3,0,1,0,1,2,26,2,2,0.0,0.0,0.0,0.0,0.0,2.0,6,1,1
165778,16,2,3,17,8,3,0,1,0,1,2,6,2,2,0.0,0.0,0.0,0.0,0.0,5.0,15,7,11
161206,4,2,3,10,2,3,0,1,1,0,1,36,2,2,0.0,0.0,0.0,0.0,0.0,2.0,11,5,11
178940,15,2,2,7,8,3,1,1,1,1,2,33,3,2,0.0,0.0,0.0,0.0,0.0,1.0,6,4,12
132445,16,2,4,0,11,3,0,1,1,1,2,36,2,2,0.0,0.0,0.0,0.0,0.0,3.0,17,5,9
32548,16,2,1,10,8,3,6,1,0,1,2,19,2,2,0.0,0.0,0.0,0.0,0.0,2.0,1,1,3
130656,16,2,3,10,8,3,0,1,1,1,2,17,2,2,0.0,0.0,0.0,0.0,0.0,2.0,12,7,9
167444,9,2,2,10,12,3,0,1,1,1,2,19,2,2,0.0,0.0,0.0,0.0,0.0,2.0,17,3,11
118366,4,2,1,15,2,3,0,1,1,1,0,23,2,2,0.0,0.0,0.0,0.0,0.0,2.0,20,3,8
121003,16,2,1,0,6,3,0,1,0,1,2,18,2,3,2.0,0.0,0.0,2.0,0.0,1.0,23,6,9
147687,4,2,2,17,10,3,0,1,0,1,2,36,2,2,0.0,0.0,0.0,0.0,0.0,2.0,6,1,10
2398,16,2,3,17,8,3,0,1,1,1,1,36,2,2,0.0,0.0,0.0,0.0,0.0,2.0,14,6,1
85946,15,2,1,17,8,3,0,1,1,1,0,36,2,2,0.0,0.0,0.0,0.0,0.0,2.0,21,7,6
135248,16,7,1,9,6,3,6,1,0,1,0,39,2,3,1.0,0.0,0.0,1.0,0.0,1.0,23,3,9
122347,15,2,3,10,8,3,0,1,1,1,1,36,2,2,0.0,0.0,0.0,0.0,0.0,2.0,12,3,9
159262,15,2,3,0,8,3,0,1,0,1,2,18,2,4,2.0,0.0,0.0,0.0,2.0,1.0,11,3,11
182349,16,2,3,17,6,3,0,1,1,1,2,18,2,2,0.0,0.0,0.0,0.0,0.0,2.0,9,2,12
141489,4,2,1,17,15,3,0,1,1,1,2,36,2,2,0.0,0.0,0.0,0.0,0.0,3.0,23,6,10
131103,16,7,3,17,8,3,6,1,0,1,2,18,2,4,3.0,0.0,0.0,0.0,3.0,0.0,8,3,9
150824,16,2,1,10,10,3,0,1,1,1,2,19,2,2,0.0,0.0,0.0,0.0,0.0,2.0,18,2,10
116028,16,2,3,17,6,3,0,5,1,1,2,24,2,2,0.0,0.0,0.0,0.0,0.0,2.0,7,4,8
75368,4,2,3,0,8,3,0,1,0,1,2,36,2,2,0.0,0.0,0.0,0.0,0.0,2.0,16,4,6
123702,15,7,3,17,19,3,6,5,0,1,2,36,2,3,1.0,0.0,0.0,1.0,0.0,1.0,8,4,9
93027,4,2,3,15,8,4,0,1,1,1,2,22,2,2,0.0,0.0,0.0,0.0,0.0,2.0,17,4,7
135959,16,2,3,17,8,3,0,1,1,1,1,24,2,2,0.0,0.0,0.0,0.0,0.0,2.0,10,5,9
172,15,2,1,0,6,3,4,1,0,1,2,18,3,3,1.0,0.0,0.0,1.0,0.0,4.0,1,4,1
32334,16,2,3,17,8,3,0,1,1,0,1,36,2,2,0.0,0.0,0.0,0.0,0.0,2.0,8,5,3
37766,16,2,1,0,6,3,0,1,0,1,2,3,2,2,0.0,0.0,0.0,0.0,0.0,2.0,23,7,3
168477,16,2,3,10,6,3,0,1,1,1,1,22,2,2,0.0,0.0,0.0,0.0,0.0,2.0,8,4,11
137450,16,2,1,0,6,3,0,1,0,1,2,6,2,3,1.0,0.0,0.0,1.0,0.0,1.0,1,7,9
141593,15,2,1,0,6,3,0,1,0,1,2,6,2,2,0.0,0.0,0.0,0.0,0.0,2.0,18,2,10
179397,16,2,1,17,6,3,0,5,1,1,2,17,2,2,0.0,0.0,0.0,0.0,0.0,2.0,17,6,12
72822,4,11,0,17,8,3,5,1,1,1,2,36,2,2,0.0,0.0,0.0,0.0,0.0,2.0,0,1,6
102955,16,2,3,17,8,3,0,1,1,1,1,36,2,2,0.0,0.0,0.0,0.0,0.0,3.0,7,2,7
113137,16,2,1,10,10,3,0,1,0,1,2,19,2,4,1.0,0.0,0.0,0.0,1.0,1.0,21,7,8
74861,16,2,3,10,6,3,0,1,1,1,1,19,2,2,0.0,0.0,0.0,0.0,0.0,2.0,8,3,6
117535,16,2,2,17,6,3,0,1,1,1,2,24,2,2,0.0,0.0,0.0,0.0,0.0,3.0,16,6,8
76181,16,2,4,17,6,3,0,1,1,1,2,18,2,2,0.0,0.0,0.0,0.0,0.0,3.0,19,1,6
61405,16,2,3,15,2,3,0,1,0,0,2,26,2,2,0.0,0.0,0.0,0.0,0.0,2.0,14,5,5
120974,16,2,1,17,6,3,0,5,0,1,2,36,2,4,1.0,0.0,0.0,0.0,1.0,1.0,19,6,9
17410,16,10,1,8,8,3,6,1,0,1,2,36,2,3,1.0,0.0,0.0,1.0,0.0,1.0,21,3,2
111065,16,2,3,0,8,3,0,1,0,1,2,3,5,3,6.0,0.0,0.0,6.0,0.0,2.0,13,6,8
69487,15,2,3,8,6,3,0,1,1,1,0,26,2,2,0.0,0.0,0.0,0.0,0.0,2.0,16,6,5
16421,16,2,1,0,2,3,0,1,1,1,0,6,2,2,0.0,0.0,0.0,0.0,0.0,2.0,22,7,2
124804,16,2,3,0,6,3,0,1,0,1,2,36,2,1,4.0,0.0,3.0,1.0,0.0,1.0,15,6,9
26095,16,2,3,17,15,3,0,1,0,1,2,24,2,2,0.0,0.0,0.0,0.0,0.0,4.0,11,6,2
181994,15,2,2,0,8,3,0,1,0,1,2,36,2,2,0.0,0.0,0.0,0.0,0.0,2.0,6,3,12
58177,16,2,3,15,8,3,0,5,0,1,2,23,2,4,1.0,0.0,0.0,0.0,1.0,1.0,14,4,5
74684,16,2,3,0,8,3,0,1,0,1,2,26,2,3,1.0,0.0,0.0,1.0,0.0,2.0,14,1,6
54714,16,2,3,17,6,3,0,1,0,1,0,36,2,4,1.0,0.0,0.0,0.0,1.0,2.0,13,3,4
132229,16,2,3,0,16,4,0,1,0,1,2,6,2,3,1.0,0.0,0.0,1.0,0.0,2.0,16,4,9
92857,16,2,1,0,6,3,0,1,0,1,2,6,2,3,2.0,0.0,0.0,1.0,1.0,0.0,21,2,7
78300,16,2,3,17,2,3,5,5,1,1,2,36,2,2,0.0,0.0,0.0,0.0,0.0,2.0,14,5,6
87957,16,2,0,0,6,3,0,1,0,1,2,17,2,3,3.0,0.0,0.0,3.0,0.0,3.0,21,2,7
92327,16,2,3,17,3,3,0,1,0,1,2,18,2,1,1.0,0.0,1.0,0.0,0.0,1.0,10,1,7
124471,16,2,1,17,8,3,0,1,0,1,2,3,2,3,1.0,0.0,0.0,1.0,0.0,3.0,3,7,9
19301,15,10,3,0,8,3,4,5,1,0,2,16,2,2,0.0,0.0,0.0,0.0,0.0,2.0,7,7,2
90503,16,2,1,10,2,3,5,5,0,1,2,19,3,2,0.0,0.0,0.0,0.0,0.0,4.0,22,6,7
152049,16,7,2,0,11,3,6,1,0,1,2,36,2,2,0.0,0.0,0.0,0.0,0.0,4.0,11,4,10
30525,16,2,3,10,2,3,0,5,1,1,2,36,2,2,0.0,0.0,0.0,0.0,0.0,2.0,17,2,3
131553,16,2,3,0,6,3,0,1,0,1,2,6,2,3,1.0,0.0,0.0,1.0,0.0,1.0,15,2,9
95841,4,2,3,17,10,3,0,1,1,1,1,36,2,2,0.0,0.0,0.0,0.0,0.0,2.0,14,7,7
158933,16,2,3,15,10,3,0,1,1,0,1,23,2,2,0.0,0.0,0.0,0.0,0.0,2.0,15,7,11
56466,15,2,3,0,6,3,0,5,1,1,2,36,2,2,0.0,0.0,0.0,0.0,0.0,2.0,9,4,5
178603,15,2,3,0,6,3,0,1,0,1,2,18,2,3,2.0,0.0,0.0,2.0,0.0,1.0,13,1,12
19846,16,2,3,17,8,3,0,5,1,1,2,36,2,2,0.0,0.0,0.0,0.0,0.0,2.0,8,3,2
25060,15,7,3,0,6,3,6,1,0,1,2,36,2,1,1.0,0.0,1.0,0.0,0.0,2.0,14,3,2
5753,15,2,3,17,2,3,0,1,1,1,2,18,2,2,0.0,0.0,0.0,0.0,0.0,2.0,14,4,1
167053,16,2,3,15,2,3,0,1,1,1,1,36,2,2,0.0,0.0,0.0,0.0,0.0,2.0,14,3,11
110809,15,2,3,0,6,3,0,1,0,1,2,22,2,2,0.0,0.0,0.0,0.0,0.0,2.0,14,3,8
138530,4,2,3,10,8,3,0,1,1,1,0,36,2,2,0.0,0.0,0.0,0.0,0.0,2.0,13,1,10
163589,4,2,3,8,10,3,0,1,1,1,0,36,3,2,0.0,0.0,0.0,0.0,0.0,4.0,17,3,11
31302,15,2,3,15,2,3,0,2,1,1,0,12,2,2,0.0,0.0,0.0,0.0,0.0,2.0,16,3,3
75509,16,2,3,10,2,3,0,1,1,1,0,19,2,2,0.0,0.0,0.0,0.0,0.0,2.0,8,4,6
88966,16,7,2,0,6,3,6,1,0,1,2,36,2,2,0.0,0.0,0.0,0.0,0.0,5.0,6,4,7
21958,16,2,3,10,6,3,0,1,1,0,2,19,2,2,0.0,0.0,0.0,0.0,0.0,2.0,14,4,2
148788,16,2,3,17,6,3,0,1,0,1,1,18,2,2,0.0,0.0,0.0,0.0,0.0,2.0,16,1,10
89020,15,2,3,4,6,3,0,5,0,1,2,36,2,3,1.0,0.0,0.0,1.0,0.0,1.0,16,6,7
151254,17,7,1,15,6,3,6,5,1,1,0,12,2,2,0.0,0.0,0.0,0.0,0.0,2.0,18,1,10
19807,16,2,3,0,6,3,0,1,0,1,2,36,2,4,1.0,0.0,0.0,0.0,1.0,1.0,13,3,2
123501,16,3,3,15,3,3,0,1,0,1,2,22,3,2,0.0,0.0,0.0,0.0,0.0,3.0,12,6,9
44298,15,2,3,0,2,3,0,1,0,1,2,5,2,2,0.0,0.0,0.0,0.0,0.0,2.0,18,2,4
175000,16,2,3,17,8,3,0,1,0,1,2,6,2,2,0.0,0.0,0.0,0.0,0.0,2.0,14,5,12
48058,15,2,3,0,8,3,0,1,1,1,2,18,2,2,0.0,0.0,0.0,0.0,0.0,2.0,14,6,4
17645,16,2,1,17,8,3,0,1,1,1,1,24,2,2,0.0,0.0,0.0,0.0,0.0,2.0,18,1,2
30209,16,2,3,7,2,3,0,1,1,1,0,37,2,2,0.0,0.0,0.0,0.0,0.0,1.0,13,5,3
94134,9,2,3,7,12,3,0,1,1,1,1,21,2,2,0.0,0.0,0.0,0.0,0.0,1.0,16,7,7
80010,15,7,1,17,18,3,6,1,1,1,1,18,2,2,0.0,0.0,0.0,0.0,0.0,2.0,1,1,6
107456,4,2,3,0,12,3,0,1,1,0,2,36,2,2,0.0,0.0,0.0,0.0,0.0,2.0,13,7,8
142753,15,2,3,10,8,3,0,1,1,1,2,21,2,2,0.0,0.0,0.0,0.0,0.0,2.0,8,2,10
116015,15,2,3,9,6,3,0,1,0,1,2,18,2,0,2.0,1.0,0.0,0.0,1.0,0.0,17,4,8
102812,16,2,3,10,3,3,0,1,0,0,2,19,2,3,1.0,0.0,0.0,1.0,0.0,1.0,13,2,7
144733,4,2,1,7,8,3,0,1,0,0,2,36,5,2,0.0,0.0,0.0,0.0,0.0,1.0,5,7,10
39455,4,2,3,15,8,3,0,1,1,0,1,23,2,2,0.0,0.0,0.0,0.0,0.0,2.0,11,2,3
33949,15,2,3,0,10,3,0,1,0,1,1,21,2,2,0.0,0.0,0.0,0.0,0.0,4.0,17,4,3
54046,15,7,3,0,2,3,6,6,0,1,2,36,2,2,0.0,0.0,0.0,0.0,0.0,2.0,18,6,4
38944,16,2,3,0,8,3,0,1,1,1,2,6,2,2,0.0,0.0,0.0,0.0,0.0,2.0,16,7,3
95702,16,2,3,15,8,3,0,1,1,1,2,36,2,2,0.0,0.0,0.0,0.0,0.0,2.0,15,5,7
161973,15,2,1,2,10,3,0,1,0,1,2,17,1,2,0.0,0.0,0.0,0.0,0.0,1.0,0,2,11
181743,16,11,0,0,6,3,0,1,0,1,2,6,2,4,3.0,0.0,0.0,0.0,3.0,1.0,18,1,12
64585,15,2,3,0,8,3,0,1,0,1,2,32,2,2,0.0,0.0,0.0,0.0,0.0,2.0,9,5,5
126031,16,2,3,17,8,2,0,1,1,1,2,36,2,2,0.0,0.0,0.0,0.0,0.0,5.0,17,1,9
124599,16,7,3,9,6,3,6,1,0,1,0,24,2,3,1.0,0.0,0.0,1.0,0.0,1.0,7,3,9
104231,15,2,3,0,6,3,0,1,0,1,2,18,2,3,2.0,0.0,0.0,2.0,0.0,1.0,13,1,8
11930,15,2,3,10,10,3,6,1,1,1,1,19,2,2,0.0,0.0,0.0,0.0,0.0,2.0,7,4,1
16167,15,2,3,9,6,3,4,5,1,1,0,5,2,2,0.0,0.0,0.0,0.0,0.0,2.0,13,4,2
39035,4,2,3,15,8,3,0,1,0,1,0,23,2,2,0.0,0.0,0.0,0.0,0.0,5.0,12,1,3
86707,16,7,2,7,6,3,6,1,1,0,1,36,2,2,0.0,0.0,0.0,0.0,0.0,1.0,23,6,6
153429,15,2,1,0,8,3,0,1,0,1,2,18,2,1,3.0,0.0,1.0,2.0,0.0,0.0,18,7,10
113076,15,2,1,0,8,3,0,1,0,1,0,5,2,3,1.0,0.0,0.0,1.0,0.0,1.0,21,6,8
128886,16,2,1,17,10,3,0,5,1,0,1,36,2,2,0.0,0.0,0.0,0.0,0.0,2.0,0,1,9
90009,16,2,1,17,6,3,0,1,0,1,1,6,2,3,1.0,0.0,0.0,1.0,0.0,2.0,0,6,7
118113,16,2,1,0,6,3,0,1,1,1,2,3,2,2,0.0,0.0,0.0,0.0,0.0,6.0,1,1,8
78686,15,2,3,17,6,3,0,5,1,1,1,18,2,2,0.0,0.0,0.0,0.0,0.0,3.0,16,5,6
115199,16,2,3,17,10,3,5,5,1,1,2,23,2,2,0.0,0.0,0.0,0.0,0.0,2.0,10,4,8
42759,16,2,3,10,2,3,0,1,1,1,1,19,2,2,0.0,0.0,0.0,0.0,0.0,2.0,14,2,4
141146,16,2,1,15,8,3,6,1,1,1,2,18,2,2,0.0,0.0,0.0,0.0,0.0,4.0,4,1,10
18371,16,2,3,17,8,3,0,1,0,1,2,24,2,2,0.0,0.0,0.0,0.0,0.0,2.0,13,6,2
114221,16,2,3,10,8,3,0,1,1,1,2,19,2,2,0.0,0.0,0.0,0.0,0.0,3.0,14,5,8
161685,15,11,5,0,6,3,5,5,1,1,0,5,2,2,0.0,0.0,0.0,0.0,0.0,2.0,17,6,11
84953,4,2,3,10,15,3,0,5,0,1,2,36,2,2,0.0,0.0,0.0,0.0,0.0,2.0,19,6,6
6388,16,5,1,2,8,3,4,5,0,1,2,36,1,2,0.0,0.0,0.0,0.0,0.0,1.0,4,7,1
162059,15,2,3,10,8,3,1,1,0,1,2,26,2,2,0.0,0.0,0.0,0.0,0.0,5.0,9,3,11
133305,16,2,3,0,7,3,0,1,1,1,2,36,2,2,0.0,0.0,0.0,0.0,0.0,2.0,12,4,9
112423,4,7,1,9,8,3,6,1,0,1,2,18,2,3,1.0,0.0,0.0,1.0,0.0,1.0,20,6,8
33669,16,2,1,14,8,3,0,1,1,1,2,36,2,2,0.0,0.0,0.0,0.0,0.0,3.0,23,7,3
14066,16,2,3,10,8,3,5,5,1,1,2,36,2,2,0.0,0.0,0.0,0.0,0.0,2.0,12,7,1
18917,16,2,1,17,6,3,0,1,0,1,2,17,2,3,2.0,0.0,0.0,1.0,1.0,2.0,16,1,2
53933,16,7,3,10,2,3,0,1,1,1,2,19,2,2,0.0,0.0,0.0,0.0,0.0,2.0,18,6,4
142114,4,2,3,9,16,3,0,1,0,1,0,36,2,1,1.0,0.0,1.0,0.0,0.0,3.0,15,3,10
17762,15,2,1,10,6,3,5,5,1,1,2,36,2,2,0.0,0.0,0.0,0.0,0.0,2.0,17,3,2
12994,4,10,0,17,8,3,6,1,1,1,2,18,2,2,0.0,0.0,0.0,0.0,0.0,2.0,2,1,1
175574,16,2,1,15,10,3,0,1,1,1,2,22,2,2,0.0,0.0,0.0,0.0,0.0,2.0,19,6,12
11195,4,10,3,17,2,3,6,1,1,1,2,36,2,2,0.0,0.0,0.0,0.0,0.0,3.0,8,5,1
118120,16,2,3,0,6,3,0,1,0,1,2,36,2,2,0.0,0.0,0.0,0.0,0.0,5.0,14,1,8
111845,15,7,3,0,8,3,6,1,0,1,2,18,2,2,0.0,0.0,0.0,0.0,0.0,2.0,8,3,8
164770,15,7,3,0,3,3,6,1,0,1,2,18,2,2,0.0,0.0,0.0,0.0,0.0,3.0,14,6,11
115544,4,2,3,17,8,3,0,1,0,1,2,18,2,2,0.0,0.0,0.0,0.0,0.0,2.0,16,5,8
512,4,2,1,17,8,3,0,1,1,1,1,18,2,2,0.0,0.0,0.0,0.0,0.0,2.0,21,7,1
102273,16,2,3,8,6,3,0,1,1,1,2,36,2,2,0.0,0.0,0.0,0.0,0.0,2.0,14,1,7
185717,16,10,1,10,10,3,4,1,0,1,2,17,2,3,1.0,0.0,0.0,1.0,0.0,1.0,18,2,12
172387,16,7,3,0,6,3,6,5,0,1,2,12,2,2,0.0,0.0,0.0,0.0,0.0,2.0,11,1,12
17760,15,2,1,0,6,3,0,5,1,1,1,5,2,2,0.0,0.0,0.0,0.0,0.0,3.0,17,3,2
147281,15,2,3,0,8,3,0,5,0,1,2,18,2,2,0.0,0.0,0.0,0.0,0.0,2.0,14,3,10
25446,16,2,3,9,2,3,0,1,0,1,0,18,2,3,1.0,0.0,0.0,1.0,0.0,2.0,11,1,2
115697,16,2,3,0,3,3,0,1,0,1,2,6,2,2,0.0,0.0,0.0,0.0,0.0,2.0,8,5,8
72200,16,2,1,0,5,3,0,5,0,1,2,18,2,2,0.0,0.0,0.0,0.0,0.0,3.0,23,5,6
34388,16,2,3,17,2,4,0,1,0,1,2,18,2,2,0.0,0.0,0.0,0.0,0.0,2.0,15,4,3
176971,16,2,1,0,6,3,6,1,0,1,2,6,2,3,1.0,0.0,0.0,1.0,0.0,3.0,0,6,12
143621,16,7,1,0,3,3,6,1,1,1,2,18,2,2,0.0,0.0,0.0,0.0,0.0,3.0,22,6,10
70330,16,7,1,0,9,3,6,1,0,1,2,37,2,1,3.0,0.0,1.0,0.0,2.0,5.0,1,6,5
126192,4,2,3,10,8,3,0,1,1,1,1,19,2,2,0.0,0.0,0.0,0.0,0.0,2.0,17,4,9
167084,16,2,3,17,2,3,0,1,1,1,2,23,2,2,0.0,0.0,0.0,0.0,0.0,2.0,7,3,11
180852,6,4,0,2,3,3,0,1,0,1,2,36,1,3,3.0,0.0,0.0,3.0,0.0,2.0,4,1,12
43727,16,7,3,10,8,3,6,1,0,1,1,36,2,3,1.0,0.0,0.0,1.0,0.0,1.0,13,5,4
149061,16,2,3,10,8,3,0,5,1,1,2,36,2,2,0.0,0.0,0.0,0.0,0.0,2.0,9,6,10
23412,16,2,3,7,2,3,0,1,1,1,2,18,2,2,0.0,0.0,0.0,0.0,0.0,4.0,11,7,2
33083,4,2,3,10,2,3,0,1,0,1,1,19,2,2,0.0,0.0,0.0,0.0,0.0,2.0,8,4,3
103728,15,2,0,10,15,3,0,1,0,1,2,36,2,3,1.0,0.0,0.0,1.0,0.0,2.0,22,7,7
180600,16,2,0,17,6,3,0,5,1,1,2,18,2,2,0.0,0.0,0.0,0.0,0.0,4.0,21,6,12
76204,16,2,3,9,8,3,0,1,0,1,0,6,2,3,1.0,0.0,0.0,1.0,0.0,1.0,13,3,6
51667,15,2,1,17,11,3,0,1,1,1,2,18,2,2,0.0,0.0,0.0,0.0,0.0,2.0,20,7,4
27376,4,2,3,15,8,3,0,1,1,1,1,36,2,2,0.0,0.0,0.0,0.0,0.0,2.0,12,5,2
89379,4,2,3,17,8,3,0,1,1,1,2,24,2,2,0.0,0.0,0.0,0.0,0.0,3.0,18,3,7
185731,16,2,3,0,11,3,6,1,0,1,2,6,2,3,2.0,0.0,0.0,2.0,0.0,1.0,11,2,12
83089,16,2,3,10,8,3,0,1,1,1,2,18,2,2,0.0,0.0,0.0,0.0,0.0,2.0,19,6,6
87608,16,2,3,8,16,3,0,5,0,1,0,36,2,1,1.0,0.0,1.0,0.0,0.0,1.0,17,5,6
135869,16,7,3,0,2,3,6,1,1,1,2,36,2,2,0.0,0.0,0.0,0.0,0.0,2.0,14,4,9
71712,15,2,3,17,16,3,0,5,0,1,2,18,2,1,1.0,0.0,1.0,0.0,0.0,1.0,19,6,5
28599,16,2,3,17,8,3,0,1,1,1,2,9,2,2,0.0,0.0,0.0,0.0,0.0,2.0,17,4,3
139545,16,7,1,10,8,3,6,5,1,1,1,17,2,2,0.0,0.0,0.0,0.0,0.0,2.0,4,1,10
127864,16,2,3,10,8,3,0,1,1,1,2,21,2,2,0.0,0.0,0.0,0.0,0.0,2.0,6,6,9
122069,4,2,3,9,11,3,0,5,1,1,0,18,2,2,0.0,0.0,0.0,0.0,0.0,2.0,18,1,9
39244,16,2,3,17,10,3,0,1,1,1,1,24,2,2,0.0,0.0,0.0,0.0,0.0,2.0,11,6,3
46282,16,2,1,0,2,3,0,1,0,1,2,12,2,2,0.0,0.0,0.0,0.0,0.0,2.0,20,1,4
2369,16,5,1,17,6,3,1,1,0,1,2,39,2,1,3.0,0.0,2.0,1.0,0.0,0.0,22,1,1
59098,4,3,3,17,8,3,0,1,0,1,2,18,2,4,1.0,0.0,0.0,0.0,1.0,1.0,13,3,5
152884,15,2,3,17,8,3,0,1,1,1,1,18,2,2,0.0,0.0,0.0,0.0,0.0,3.0,16,7,10
102697,16,2,1,17,8,3,0,1,1,1,2,19,2,2,0.0,0.0,0.0,0.0,0.0,2.0,4,6,7
44684,16,2,3,0,6,3,0,1,1,1,2,6,2,2,0.0,0.0,0.0,0.0,0.0,4.0,12,2,4
1544,16,2,3,0,11,3,0,1,0,1,2,6,2,4,2.0,0.0,0.0,0.0,2.0,1.0,10,5,1
82249,15,2,1,17,8,3,0,1,0,1,2,23,5,2,0.0,0.0,0.0,0.0,0.0,2.0,3,7,6
66091,16,3,3,17,8,3,0,1,0,1,2,6,2,3,1.0,0.0,0.0,1.0,0.0,1.0,12,1,5
94876,16,2,3,8,8,3,0,1,0,1,0,18,2,4,1.0,0.0,0.0,0.0,1.0,1.0,13,6,7
148364,16,2,1,0,6,3,0,1,0,1,2,36,2,3,3.0,0.0,0.0,3.0,0.0,2.0,22,3,10
79155,16,2,3,17,8,3,0,5,0,1,2,24,2,4,1.0,0.0,0.0,0.0,1.0,4.0,12,3,6
72125,15,3,3,0,6,3,0,1,0,1,2,18,2,4,1.0,0.0,0.0,0.0,1.0,3.0,8,4,6
9274,16,10,1,15,8,4,4,1,1,1,2,23,2,2,0.0,0.0,0.0,0.0,0.0,3.0,21,7,1
50057,17,11,5,9,8,3,5,5,0,1,2,36,2,4,1.0,0.0,0.0,0.0,1.0,1.0,14,1,4
100473,16,2,1,0,18,3,0,1,0,1,2,28,2,3,2.0,0.0,0.0,2.0,0.0,2.0,1,1,7
60480,16,7,3,10,2,3,6,1,1,1,1,19,2,2,0.0,0.0,0.0,0.0,0.0,2.0,7,5,5
48879,16,2,3,17,1,3,0,1,0,1,2,36,2,3,2.0,0.0,0.0,2.0,0.0,2.0,18,7,4
70610,16,2,1,15,6,3,0,1,1,1,2,36,2,2,0.0,0.0,0.0,0.0,0.0,2.0,19,4,5
125481,15,2,3,17,8,3,0,1,1,1,2,18,2,2,0.0,0.0,0.0,0.0,0.0,2.0,9,7,9
105296,9,7,3,17,8,3,6,1,1,1,1,36,2,2,0.0,0.0,0.0,0.0,0.0,3.0,18,2,8
114726,15,3,3,10,8,3,0,1,1,0,1,36,2,2,0.0,0.0,0.0,0.0,0.0,3.0,18,4,8
58914,16,2,3,9,8,3,0,1,0,1,0,36,5,4,1.0,0.0,0.0,0.0,1.0,4.0,12,7,5
162491,4,2,1,8,8,3,0,1,1,1,1,36,2,2,0.0,0.0,0.0,0.0,0.0,2.0,18,2,11
187660,16,10,1,17,10,3,4,1,1,1,2,18,2,2,0.0,0.0,0.0,0.0,0.0,2.0,21,7,12
33823,16,7,1,17,1,4,6,1,0,1,2,18,2,3,1.0,0.0,0.0,1.0,0.0,2.0,21,1,3
104614,16,2,3,2,8,3,0,4,0,1,2,15,1,2,0.0,0.0,0.0,0.0,0.0,2.0,18,5,8
108477,16,2,1,0,6,3,0,1,0,1,2,18,2,2,0.0,0.0,0.0,0.0,0.0,2.0,3,2,8
125565,16,2,3,15,8,3,0,1,0,1,2,23,2,2,0.0,0.0,0.0,0.0,0.0,2.0,7,2,9
36650,15,2,3,0,6,3,0,1,0,1,2,18,2,3,1.0,0.0,0.0,1.0,0.0,2.0,16,2,3
107201,15,2,3,17,8,3,0,1,1,1,2,5,2,2,0.0,0.0,0.0,0.0,0.0,2.0,15,2,8
95344,15,7,3,10,3,3,6,1,1,1,2,39,2,2,0.0,0.0,0.0,0.0,0.0,4.0,6,6,7
152347,16,2,1,17,3,3,0,1,0,1,2,18,2,3,3.0,0.0,0.0,2.0,1.0,0.0,1,7,10
46145,15,2,3,0,6,3,0,1,0,1,2,18,2,3,1.0,0.0,0.0,1.0,0.0,2.0,11,7,4
39126,16,7,3,2,6,3,6,5,0,1,1,36,1,2,0.0,0.0,0.0,0.0,0.0,1.0,16,5,3
60674,15,2,3,0,6,3,0,1,0,1,1,5,2,4,1.0,0.0,0.0,0.0,1.0,4.0,18,6,5
6970,15,2,3,0,6,3,4,1,0,1,2,5,3,3,2.0,0.0,0.0,2.0,0.0,2.0,12,1,1
98438,16,2,3,0,6,3,0,5,1,1,2,36,2,2,0.0,0.0,0.0,0.0,0.0,3.0,14,4,7
112685,4,2,4,17,2,3,0,1,0,1,2,23,2,3,5.0,0.0,0.0,5.0,0.0,0.0,0,7,8
136223,15,2,3,0,6,3,0,1,0,1,2,18,2,3,1.0,0.0,0.0,1.0,0.0,1.0,16,3,9
56866,4,2,3,17,6,3,0,1,1,1,2,23,2,2,0.0,0.0,0.0,0.0,0.0,15.0,8,3,5
79476,16,7,3,17,6,3,6,5,1,1,2,6,2,2,0.0,0.0,0.0,0.0,0.0,2.0,16,7,6
82180,15,2,3,0,6,3,0,1,1,1,2,5,2,2,0.0,0.0,0.0,0.0,0.0,2.0,16,5,6
62840,16,2,3,10,10,3,0,1,0,1,1,36,3,3,1.0,0.0,0.0,1.0,0.0,4.0,15,6,5
73204,4,2,3,15,8,3,0,1,1,0,1,22,2,2,0.0,0.0,0.0,0.0,0.0,2.0,10,6,6
122486,16,2,3,17,8,3,0,1,1,1,2,36,2,2,0.0,0.0,0.0,0.0,0.0,2.0,11,6,9
51176,4,2,3,0,10,3,0,1,1,0,2,36,3,2,0.0,0.0,0.0,0.0,0.0,2.0,18,7,4
124029,16,2,3,15,8,3,0,1,1,1,1,36,2,2,0.0,0.0,0.0,0.0,0.0,8.0,12,7,9
26728,15,2,3,17,10,3,0,1,1,1,1,22,2,2,0.0,0.0,0.0,0.0,0.0,2.0,16,2,2
73184,16,11,5,0,8,3,5,5,1,1,0,36,2,2,0.0,0.0,0.0,0.0,0.0,2.0,20,6,6
97943,4,2,3,2,12,3,0,1,1,0,2,12,1,2,0.0,0.0,0.0,0.0,0.0,1.0,9,3,7