crash_date,               traffic_control_device,weather_condition,lighting_condition,first_crash_type,trafficway_type,alignment,roadway_surface_cond,road_defect,crash_type,intersection_related_i,damage,prim_contributory_cause,num_units,most_severe_injury,injuries_total,injuries_fatal,injuries_incapacitating,injuries_non_incapacitating,injuries_reported_not_evident,injuries_no_indication,crash_hour,crash_day_of_week,crash_month
2362,16,2,1,0,6,3,0,1,0,1,2,6,4,2,0.0,0.0,0.0,0.0,0.0,5.0,20,1,1
143685,15,2,3,0,8,3,0,5,1,1,2,36,2,2,0.0,0.0,0.0,0.0,0.0,2.0,12,1,10
179981,16,2,3,15,6,3,0,5,1,1,2,36,2,2,0.0,0.0,0.0,0.0,0.0,3.0,8,5,12
184760,16,2,4,0,8,3,0,5,1,1,2,6,2,2,0.0,0.0,0.0,0.0,0.0,2.0,16,7,12
80004,15,2,3,0,2,3,0,1,1,1,2,6,2,2,0.0,0.0,0.0,0.0,0.0,2.0,12,7,6
755,16,2,3,17,8,3,0,1,1,1,2,24,2,2,0.0,0.0,0.0,0.0,0.0,2.0,15,7,1
172229,16,2,3,17,8,3,0,1,0,1,2,18,3,2,0.0,0.0,0.0,0.0,0.0,3.0,11,6,12
127363,16,2,3,17,18,3,0,1,0,1,2,36,2,2,0.0,0.0,0.0,0.0,0.0,3.0,16,6,9
88588,16,2,3,10,6,3,0,1,1,1,0,17,2,2,0.0,0.0,0.0,0.0,0.0,2.0,12,6,7
118676,4,2,3,17,8,3,0,5,1,1,2,24,2,2,0.0,0.0,0.0,0.0,0.0,2.0,14,2,8
74056,16,2,1,15,6,3,0,1,1,1,2,36,2,2,0.0,0.0,0.0,0.0,0.0,2.0,22,4,6
28242,15,10,3,0,8,3,4,5,1,1,0,18,2,2,0.0,0.0,0.0,0.0,0.0,2.0,15,3,3
70957,16,2,0,17,8,3,0,1,0,1,2,18,2,2,0.0,0.0,0.0,0.0,0.0,2.0,23,1,5
77750,4,7,3,17,8,3,6,1,1,1,2,18,2,2,0.0,0.0,0.0,0.0,0.0,2.0,17,4,6
128859,16,2,3,0,8,3,0,1,0,1,2,22,2,3,1.0,0.0,0.0,1.0,0.0,1.0,17,1,9
76749,4,2,1,17,8,3,0,1,1,1,2,36,2,2,0.0,0.0,0.0,0.0,0.0,2.0,0,2,6
92058,15,2,3,0,6,3,0,1,0,1,2,18,2,2,0.0,0.0,0.0,0.0,0.0,2.0,19,3,7
122896,4,2,3,13,2,3,0,1,1,1,1,36,2,2,0.0,0.0,0.0,0.0,0.0,2.0,13,5,9
154829,15,2,3,0,6,3,6,1,1,1,2,18,2,2,0.0,0.0,0.0,0.0,0.0,4.0,10,7,10
143609,16,2,1,10,8,3,5,5,1,1,1,17,2,2,0.0,0.0,0.0,0.0,0.0,2.0,21,6,10
47330,16,2,3,17,6,3,0,1,1,1,2,36,2,2,0.0,0.0,0.0,0.0,0.0,2.0,17,2,4
148106,15,7,3,0,11,3,6,1,0,1,2,5,2,2,0.0,0.0,0.0,0.0,0.0,3.0,14,6,10
66425,16,2,3,0,2,3,0,1,0,1,2,6,2,3,2.0,0.0,0.0,1.0,1.0,1.0,15,1,5
140264,16,6,0,15,2,3,0,5,1,1,2,12,2,2,0.0,0.0,0.0,0.0,0.0,2.0,19,4,10
50723,16,3,3,15,8,3,0,3,1,1,1,18,2,2,0.0,0.0,0.0,0.0,0.0,3.0,17,4,4
81964,16,2,3,0,16,3,0,1,0,1,2,6,2,3,2.0,0.0,0.0,2.0,0.0,0.0,18,2,6
28269,15,2,3,0,8,3,0,1,1,1,2,17,2,2,0.0,0.0,0.0,0.0,0.0,6.0,16,4,3
83272,16,2,1,10,16,3,0,1,1,1,1,19,2,2,0.0,0.0,0.0,0.0,0.0,2.0,1,7,6
179160,16,2,1,10,6,3,0,1,1,1,1,19,2,2,0.0,0.0,0.0,0.0,0.0,2.0,17,1,12
179129,15,2,1,17,15,3,0,1,0,1,2,18,2,2,0.0,0.0,0.0,0.0,0.0,2.0,23,6,12
128772,16,2,3,15,2,3,0,5,1,1,2,36,2,2,0.0,0.0,0.0,0.0,0.0,2.0,16,6,9
36544,15,7,1,0,6,3,6,1,1,1,2,11,2,2,0.0,0.0,0.0,0.0,0.0,3.0,19,6,3
22674,16,10,3,17,11,3,6,2,0,1,2,36,2,3,2.0,0.0,0.0,2.0,0.0,1.0,7,1,2
62492,17,2,1,17,6,3,5,5,1,1,2,36,2,2,0.0,0.0,0.0,0.0,0.0,2.0,21,7,5
28916,16,2,4,17,6,3,0,1,1,1,2,18,2,2,0.0,0.0,0.0,0.0,0.0,5.0,21,2,3
172742,16,3,3,9,8,3,0,1,0,1,2,18,2,3,1.0,0.0,0.0,1.0,0.0,1.0,9,6,12
86326,16,2,3,15,8,3,0,1,1,1,2,18,2,2,0.0,0.0,0.0,0.0,0.0,2.0,11,5,6
98860,16,2,3,5,2,3,0,5,0,1,1,18,2,3,1.0,0.0,0.0,1.0,0.0,1.0,17,2,7
24257,16,2,3,10,8,3,5,1,0,1,1,17,2,4,1.0,0.0,0.0,0.0,1.0,2.0,12,7,2
107833,16,2,3,8,8,3,0,5,0,1,0,17,2,3,1.0,0.0,0.0,1.0,0.0,1.0,12,4,8
41363,16,2,3,15,10,3,0,1,1,1,2,22,2,2,0.0,0.0,0.0,0.0,0.0,2.0,13,4,3
55021,15,2,3,17,10,3,0,1,1,1,0,22,2,2,0.0,0.0,0.0,0.0,0.0,2.0,12,6,4
104366,16,2,3,0,8,3,0,1,0,1,2,6,3,1,1.0,0.0,1.0,0.0,0.0,5.0,10,2,8
134166,16,2,3,15,2,3,0,1,1,1,2,18,2,2,0.0,0.0,0.0,0.0,0.0,2.0,12,1,9
168324,16,2,3,15,2,3,0,1,0,1,2,36,3,4,2.0,0.0,0.0,0.0,2.0,4.0,12,7,11
56662,16,2,3,10,6,3,0,1,0,1,2,36,3,3,1.0,0.0,0.0,1.0,0.0,3.0,14,7,5
95275,16,2,3,17,15,3,0,1,1,1,1,18,2,2,0.0,0.0,0.0,0.0,0.0,4.0,20,5,7
4304,15,2,3,0,2,3,5,5,1,1,2,36,2,2,0.0,0.0,0.0,0.0,0.0,2.0,13,5,1
164887,16,7,0,14,8,3,6,1,1,1,2,18,2,2,0.0,0.0,0.0,0.0,0.0,2.0,18,7,11
119185,4,2,1,17,6,3,0,1,1,1,2,24,2,2,0.0,0.0,0.0,0.0,0.0,6.0,23,1,8
151604,16,2,3,0,2,3,0,1,0,1,2,18,2,4,1.0,0.0,0.0,0.0,1.0,1.0,8,4,10
91816,6,11,5,15,2,3,6,5,1,0,0,26,2,2,0.0,0.0,0.0,0.0,0.0,2.0,8,7,7
125470,16,11,3,15,2,3,5,5,1,1,1,19,2,2,0.0,0.0,0.0,0.0,0.0,2.0,16,7,9
112589,16,2,3,17,8,3,0,1,1,1,1,24,2,2,0.0,0.0,0.0,0.0,0.0,4.0,9,6,8
159690,16,2,1,17,6,3,0,1,0,1,2,35,2,4,2.0,0.0,0.0,0.0,2.0,1.0,0,5,11
145780,16,2,1,10,3,2,0,1,1,1,0,19,2,2,0.0,0.0,0.0,0.0,0.0,2.0,23,5,10
84784,16,2,3,0,6,3,0,1,1,1,2,18,2,2,0.0,0.0,0.0,0.0,0.0,2.0,16,3,6
177469,16,7,1,0,6,3,6,1,0,1,2,6,2,3,1.0,0.0,0.0,1.0,0.0,4.0,19,6,12
9209,16,2,3,0,8,3,1,5,1,1,2,26,2,2,0.0,0.0,0.0,0.0,0.0,5.0,7,6,1
93498,4,2,3,17,8,3,0,1,1,1,2,24,2,2,0.0,0.0,0.0,0.0,0.0,3.0,15,5,7
167658,15,2,3,0,10,4,0,1,0,1,2,36,2,2,0.0,0.0,0.0,0.0,0.0,2.0,15,4,11
83508,16,2,5,10,6,3,0,5,1,1,2,17,2,2,0.0,0.0,0.0,0.0,0.0,2.0,23,4,6
41386,17,11,5,17,2,3,5,5,1,1,2,36,2,2,0.0,0.0,0.0,0.0,0.0,2.0,13,5,3
92873,15,7,0,7,8,3,0,1,1,1,2,36,2,2,0.0,0.0,0.0,0.0,0.0,1.0,1,4,7
23751,16,2,3,15,2,4,6,1,1,0,2,26,2,2,0.0,0.0,0.0,0.0,0.0,2.0,16,6,2
90730,16,2,3,8,15,3,0,1,1,1,1,36,2,2,0.0,0.0,0.0,0.0,0.0,2.0,19,4,7
125532,17,2,5,10,2,3,5,5,1,1,0,26,2,2,0.0,0.0,0.0,0.0,0.0,2.0,0,1,9
159022,16,11,3,11,15,3,5,5,1,1,0,36,2,2,0.0,0.0,0.0,0.0,0.0,2.0,10,1,11
68985,16,2,3,17,16,3,0,6,0,1,2,36,2,3,1.0,0.0,0.0,1.0,0.0,1.0,8,5,5
98417,15,7,1,0,6,3,6,1,0,1,1,18,2,3,4.0,0.0,0.0,4.0,0.0,3.0,21,3,7
153993,16,2,1,8,8,3,0,1,0,1,2,36,2,3,1.0,0.0,0.0,1.0,0.0,1.0,18,2,10
16332,16,2,3,9,6,3,0,1,0,1,0,18,2,3,1.0,0.0,0.0,1.0,0.0,1.0,11,6,2
52391,16,2,1,17,6,3,0,5,0,1,2,18,2,2,0.0,0.0,0.0,0.0,0.0,2.0,22,7,4
177119,6,2,3,10,3,3,0,5,1,1,0,19,2,2,0.0,0.0,0.0,0.0,0.0,2.0,7,5,12
87594,15,2,3,0,6,3,0,1,1,1,2,18,2,2,0.0,0.0,0.0,0.0,0.0,2.0,15,5,6
154248,15,2,3,10,6,3,0,1,1,1,0,19,2,2,0.0,0.0,0.0,0.0,0.0,2.0,14,7,10
170171,15,2,1,17,2,3,0,1,1,1,1,24,2,2,0.0,0.0,0.0,0.0,0.0,4.0,20,2,11
30489,16,11,5,10,2,3,5,5,1,1,2,36,2,2,0.0,0.0,0.0,0.0,0.0,2.0,22,3,3
138852,16,2,3,10,3,3,0,1,0,1,2,19,3,2,0.0,0.0,0.0,0.0,0.0,3.0,14,4,10
99475,16,2,3,10,6,3,0,1,1,1,1,18,2,2,0.0,0.0,0.0,0.0,0.0,3.0,17,6,7
42761,16,2,3,10,8,3,0,1,1,1,0,36,2,2,0.0,0.0,0.0,0.0,0.0,2.0,14,2,4
182941,16,2,3,9,15,3,0,1,0,1,0,38,2,3,1.0,0.0,0.0,1.0,0.0,1.0,12,3,12
164716,16,2,3,17,6,3,0,1,0,1,2,6,2,1,2.0,0.0,2.0,0.0,0.0,0.0,12,7,11
101853,16,2,3,10,8,3,0,1,1,1,2,19,2,2,0.0,0.0,0.0,0.0,0.0,3.0,17,6,7
52444,16,2,3,0,6,3,0,1,0,1,2,6,2,3,1.0,0.0,0.0,1.0,0.0,3.0,8,1,4
176804,4,3,3,13,8,3,0,1,1,0,2,21,2,2,0.0,0.0,0.0,0.0,0.0,2.0,13,5,12
62845,15,2,3,8,8,3,0,5,0,1,2,5,2,3,1.0,0.0,0.0,1.0,0.0,2.0,16,6,5
165163,15,2,3,0,8,3,0,1,1,1,2,18,2,2,0.0,0.0,0.0,0.0,0.0,2.0,12,5,11
110025,16,2,3,17,8,3,0,1,1,1,1,19,2,2,0.0,0.0,0.0,0.0,0.0,2.0,10,2,8
170852,16,2,1,0,8,3,0,1,0,1,2,6,2,2,0.0,0.0,0.0,0.0,0.0,2.0,18,7,11
87263,4,2,3,17,8,3,0,1,1,1,1,18,2,2,0.0,0.0,0.0,0.0,0.0,2.0,17,6,6
152081,16,2,3,17,2,3,0,1,1,0,2,6,2,2,0.0,0.0,0.0,0.0,0.0,2.0,16,6,10
127665,16,2,3,17,15,3,0,1,1,1,2,19,2,2,0.0,0.0,0.0,0.0,0.0,2.0,12,4,9
82645,16,2,3,15,3,3,0,1,1,1,0,4,2,2,0.0,0.0,0.0,0.0,0.0,2.0,14,4,6
134493,15,2,3,0,6,3,0,1,1,1,2,12,3,2,0.0,0.0,0.0,0.0,0.0,3.0,18,7,9
72802,15,2,0,0,8,3,0,1,1,1,2,36,2,2,0.0,0.0,0.0,0.0,0.0,2.0,21,1,6
15703,4,2,1,5,10,3,0,1,1,1,0,8,1,2,0.0,0.0,0.0,0.0,0.0,2.0,20,7,2
158682,15,2,3,17,2,3,0,5,1,1,2,36,2,2,0.0,0.0,0.0,0.0,0.0,2.0,10,2,11
182179,16,2,3,10,3,3,0,1,1,1,2,19,2,2,0.0,0.0,0.0,0.0,0.0,6.0,13,7,12
114833,16,2,1,0,6,3,0,1,0,1,2,6,2,2,0.0,0.0,0.0,0.0,0.0,2.0,1,7,8
180513,16,7,1,9,6,3,6,1,0,1,1,18,2,3,1.0,0.0,0.0,1.0,0.0,2.0,19,5,12
158736,15,2,3,17,8,3,0,1,1,1,2,18,2,2,0.0,0.0,0.0,0.0,0.0,2.0,7,3,11
130294,15,2,3,17,6,3,0,1,1,1,1,13,2,2,0.0,0.0,0.0,0.0,0.0,3.0,13,6,9
127189,4,2,3,0,8,3,0,1,1,1,2,36,2,2,0.0,0.0,0.0,0.0,0.0,4.0,15,4,9
167524,4,7,0,11,6,3,6,1,1,1,2,36,2,2,0.0,0.0,0.0,0.0,0.0,2.0,18,5,11
52889,16,2,1,0,6,3,0,5,0,1,2,6,2,2,0.0,0.0,0.0,0.0,0.0,3.0,21,2,4
150471,16,2,3,10,2,3,0,1,0,1,2,19,2,3,1.0,0.0,0.0,1.0,0.0,1.0,6,3,10
12632,4,1,3,0,6,3,4,1,0,1,1,17,2,2,0.0,0.0,0.0,0.0,0.0,2.0,8,3,1
5698,15,2,3,17,6,3,5,5,1,1,2,36,2,2,0.0,0.0,0.0,0.0,0.0,2.0,15,3,1
41142,15,2,3,0,8,3,6,1,0,1,2,5,2,2,0.0,0.0,0.0,0.0,0.0,2.0,8,1,3
41414,16,2,3,0,8,3,0,1,0,1,2,6,2,2,0.0,0.0,0.0,0.0,0.0,2.0,13,6,3
136664,16,2,3,10,2,3,0,1,1,1,1,8,2,2,0.0,0.0,0.0,0.0,0.0,3.0,14,1,9
56284,4,2,0,14,8,3,0,5,1,1,2,22,2,2,0.0,0.0,0.0,0.0,0.0,2.0,21,7,5
27846,16,2,1,0,6,3,0,1,1,1,2,6,2,2,0.0,0.0,0.0,0.0,0.0,2.0,8,6,2
135624,16,2,3,9,15,3,0,1,0,1,2,26,2,3,1.0,0.0,0.0,1.0,0.0,1.0,16,2,9
86710,16,7,1,10,2,3,6,1,0,1,2,37,2,2,0.0,0.0,0.0,0.0,0.0,3.0,23,6,6
163890,4,10,3,0,8,3,4,1,0,1,1,18,2,4,1.0,0.0,0.0,0.0,1.0,2.0,13,2,11
166820,16,2,1,2,5,3,0,1,0,1,1,20,1,1,1.0,0.0,1.0,0.0,0.0,0.0,4,1,11
95459,16,2,3,15,8,3,0,1,1,1,1,23,2,2,0.0,0.0,0.0,0.0,0.0,2.0,15,2,7
53432,16,2,3,10,8,3,0,1,1,1,2,19,2,2,0.0,0.0,0.0,0.0,0.0,2.0,11,5,4
61060,4,2,3,10,8,5,6,1,1,1,1,10,2,2,0.0,0.0,0.0,0.0,0.0,3.0,17,5,5
77140,4,2,3,10,8,3,0,1,1,1,0,36,2,2,0.0,0.0,0.0,0.0,0.0,2.0,11,1,6
26902,16,2,0,15,8,3,0,5,1,0,2,12,2,2,0.0,0.0,0.0,0.0,0.0,5.0,20,4,2
109090,15,2,3,0,6,3,0,1,0,1,2,5,2,2,0.0,0.0,0.0,0.0,0.0,2.0,19,4,8
27958,15,2,3,17,2,3,0,1,0,1,2,18,2,2,0.0,0.0,0.0,0.0,0.0,2.0,9,2,2
74916,16,2,3,0,6,3,0,1,0,1,2,6,2,4,1.0,0.0,0.0,0.0,1.0,3.0,18,5,6
154301,16,2,1,0,6,3,0,1,0,1,2,3,2,2,0.0,0.0,0.0,0.0,0.0,3.0,23,7,10
27509,16,2,3,17,8,3,6,5,0,1,2,36,2,2,0.0,0.0,0.0,0.0,0.0,3.0,14,2,2
132235,4,2,3,0,6,3,0,1,1,1,2,23,2,2,0.0,0.0,0.0,0.0,0.0,2.0,17,4,9
180822,16,2,1,17,2,3,0,1,0,1,2,17,2,2,0.0,0.0,0.0,0.0,0.0,3.0,0,7,12
183248,16,2,0,0,8,3,0,1,1,1,1,6,2,2,0.0,0.0,0.0,0.0,0.0,2.0,19,6,12
86637,4,2,1,8,6,3,0,5,0,1,2,36,2,1,1.0,0.0,1.0,0.0,0.0,1.0,0,4,6
19495,16,2,2,9,6,3,6,1,0,1,0,39,2,3,1.0,0.0,0.0,1.0,0.0,1.0,6,5,2
123447,16,2,3,15,2,3,0,1,1,0,2,23,2,2,0.0,0.0,0.0,0.0,0.0,2.0,17,6,9
148107,16,7,3,17,2,3,6,5,1,1,2,36,2,2,0.0,0.0,0.0,0.0,0.0,2.0,15,6,10
143618,15,7,3,0,8,3,6,1,0,1,2,5,2,2,0.0,0.0,0.0,0.0,0.0,3.0,10,6,10
34952,16,2,3,10,2,3,0,1,1,1,1,17,2,2,0.0,0.0,0.0,0.0,0.0,2.0,16,6,3
68093,4,3,3,15,2,3,0,1,1,0,2,18,4,2,0.0,0.0,0.0,0.0,0.0,2.0,12,6,5
88240,4,2,3,10,8,3,0,1,0,1,2,36,2,3,2.0,0.0,0.0,1.0,1.0,0.0,18,2,7
21984,16,2,3,0,6,3,0,5,0,1,2,6,3,3,4.0,0.0,0.0,4.0,0.0,2.0,8,4,2
22732,16,7,1,17,8,3,6,1,0,1,2,18,2,2,0.0,0.0,0.0,0.0,0.0,4.0,20,2,2
178013,16,2,3,17,6,3,0,1,0,1,2,23,4,2,0.0,0.0,0.0,0.0,0.0,3.0,13,7,12
95980,16,2,3,17,8,3,0,1,1,1,2,36,2,2,0.0,0.0,0.0,0.0,0.0,2.0,7,3,7
103551,16,2,3,10,2,3,0,1,1,1,0,36,2,2,0.0,0.0,0.0,0.0,0.0,2.0,18,4,7
100564,16,2,3,17,8,3,5,5,1,1,2,36,2,2,0.0,0.0,0.0,0.0,0.0,2.0,17,2,7
71570,16,2,3,0,6,3,0,1,1,1,1,36,2,2,0.0,0.0,0.0,0.0,0.0,2.0,7,3,5
92072,16,2,3,17,6,3,0,1,0,1,2,18,2,2,0.0,0.0,0.0,0.0,0.0,3.0,8,3,7
154300,16,2,1,10,3,3,0,1,1,1,2,36,2,2,0.0,0.0,0.0,0.0,0.0,2.0,23,7,10
44839,15,2,3,9,8,3,0,1,0,1,1,36,2,4,1.0,0.0,0.0,0.0,1.0,1.0,19,5,4
36224,16,2,1,17,15,3,0,6,1,1,2,23,2,2,0.0,0.0,0.0,0.0,0.0,2.0,20,1,3
122576,16,3,3,17,6,3,6,5,1,1,2,18,2,2,0.0,0.0,0.0,0.0,0.0,4.0,16,1,9
14045,4,2,1,15,8,3,0,1,0,1,2,23,2,2,0.0,0.0,0.0,0.0,0.0,4.0,20,7,1
18878,16,10,3,10,2,3,0,1,1,1,2,17,2,2,0.0,0.0,0.0,0.0,0.0,2.0,9,7,2
72246,15,7,3,10,2,3,6,1,1,1,2,39,2,2,0.0,0.0,0.0,0.0,0.0,2.0,18,7,6
151504,16,2,3,9,6,3,0,1,0,1,0,18,2,3,1.0,0.0,0.0,1.0,0.0,1.0,8,5,10
142234,16,2,3,17,1,3,0,1,0,1,2,18,2,3,2.0,0.0,0.0,2.0,0.0,0.0,15,2,10
167491,16,7,1,17,6,3,6,1,1,1,1,36,2,2,0.0,0.0,0.0,0.0,0.0,2.0,0,3,11
171490,16,2,1,17,6,3,0,5,0,1,2,18,2,2,0.0,0.0,0.0,0.0,0.0,2.0,18,4,11
63746,4,2,3,17,15,3,0,1,1,1,1,18,2,2,0.0,0.0,0.0,0.0,0.0,3.0,19,5,5
50274,16,2,3,10,2,3,0,1,1,1,1,19,2,2,0.0,0.0,0.0,0.0,0.0,4.0,14,3,4
72749,16,2,4,10,8,3,0,1,1,1,1,19,2,2,0.0,0.0,0.0,0.0,0.0,2.0,1,1,6
43943,4,2,3,17,10,3,6,1,0,1,1,23,2,4,1.0,0.0,0.0,0.0,1.0,1.0,8,2,4
176580,16,10,3,0,8,3,6,1,0,1,2,6,3,1,1.0,0.0,1.0,0.0,0.0,4.0,12,7,12
131550,16,7,3,0,6,3,6,1,1,1,2,36,2,2,0.0,0.0,0.0,0.0,0.0,2.0,15,2,9
42661,16,7,3,17,6,2,6,6,0,1,2,19,2,4,1.0,0.0,0.0,0.0,1.0,1.0,15,2,4
163817,16,10,1,2,2,3,1,1,1,1,2,39,1,2,0.0,0.0,0.0,0.0,0.0,1.0,20,6,11
45113,16,2,3,17,3,3,0,1,1,1,1,18,2,2,0.0,0.0,0.0,0.0,0.0,3.0,12,3,4
72740,16,2,1,10,6,3,0,5,1,1,2,19,2,2,0.0,0.0,0.0,0.0,0.0,2.0,23,6,6
91226,2,2,1,0,6,3,0,5,0,1,2,26,2,3,4.0,0.0,0.0,4.0,0.0,1.0,1,5,7
132618,16,2,3,17,15,3,0,1,1,1,2,23,2,2,0.0,0.0,0.0,0.0,0.0,2.0,14,1,9
70542,4,2,3,10,2,3,0,1,0,0,2,12,2,3,2.0,0.0,0.0,2.0,0.0,2.0,8,2,5
158132,15,2,1,0,8,3,0,1,1,1,2,18,2,2,0.0,0.0,0.0,0.0,0.0,2.0,17,2,11
22093,4,2,3,17,2,3,0,1,0,1,2,23,2,2,0.0,0.0,0.0,0.0,0.0,3.0,15,5,2
125889,16,2,1,10,6,2,0,1,1,1,2,36,2,2,0.0,0.0,0.0,0.0,0.0,2.0,1,1,9
77706,4,2,1,0,8,3,0,3,1,1,0,36,2,2,0.0,0.0,0.0,0.0,0.0,2.0,21,3,6
126849,16,7,3,17,18,3,6,1,0,1,2,36,2,2,0.0,0.0,0.0,0.0,0.0,2.0,9,7,9
140573,15,2,1,7,8,3,0,1,1,0,1,36,2,2,0.0,0.0,0.0,0.0,0.0,1.0,19,7,10
187543,16,2,3,10,8,3,0,1,1,1,0,6,2,2,0.0,0.0,0.0,0.0,0.0,2.0,8,5,12
8033,15,2,1,0,2,3,6,5,0,1,2,36,2,2,0.0,0.0,0.0,0.0,0.0,4.0,17,5,1
143755,15,2,1,0,6,3,0,1,0,1,2,28,2,3,2.0,0.0,0.0,1.0,1.0,2.0,0,2,10
64193,4,2,3,9,2,3,0,1,0,0,0,26,2,3,1.0,0.0,0.0,1.0,0.0,3.0,14,6,5
32808,16,5,0,0,6,3,6,1,0,1,2,36,2,4,1.0,0.0,0.0,0.0,1.0,1.0,19,6,3
164899,16,10,1,17,3,3,6,1,0,1,2,26,3,2,0.0,0.0,0.0,0.0,0.0,4.0,20,7,11
76453,16,2,3,17,2,3,0,1,1,1,1,12,2,2,0.0,0.0,0.0,0.0,0.0,2.0,12,6,6
103586,15,2,3,0,6,3,0,1,0,1,2,18,2,1,3.0,0.0,1.0,1.0,1.0,1.0,12,4,7
41267,16,2,3,9,6,3,0,1,0,1,2,36,2,1,2.0,0.0,2.0,0.0,0.0,0.0,16,4,3
40233,16,2,3,10,8,3,0,1,1,1,0,26,2,2,0.0,0.0,0.0,0.0,0.0,2.0,14,4,3
39896,16,7,3,10,3,3,6,1,1,1,2,17,2,2,0.0,0.0,0.0,0.0,0.0,2.0,13,5,3
115915,16,2,3,0,3,3,0,1,0,1,2,18,2,2,0.0,0.0,0.0,0.0,0.0,2.0,12,2,8
157921,16,2,1,17,6,3,0,1,0,1,2,36,2,2,0.0,0.0,0.0,0.0,0.0,3.0,22,7,11
5583,15,10,3,7,8,3,1,1,1,1,0,39,2,2,0.0,0.0,0.0,0.0,0.0,1.0,15,7,1
187818,15,2,3,0,6,3,0,1,1,1,2,5,2,2,0.0,0.0,0.0,0.0,0.0,2.0,15,4,12
86595,4,2,3,0,15,3,0,1,1,1,0,18,2,2,0.0,0.0,0.0,0.0,0.0,2.0,15,4,6
20161,16,2,1,17,2,3,4,1,0,1,2,6,2,4,1.0,0.0,0.0,0.0,1.0,1.0,17,2,2
87082,16,2,1,0,6,3,0,1,0,1,2,17,2,3,3.0,0.0,0.0,3.0,0.0,0.0,23,4,6
49581,16,2,3,10,8,3,0,1,1,0,1,19,2,2,0.0,0.0,0.0,0.0,0.0,3.0,18,6,4
29360,15,2,3,0,8,3,0,1,0,1,2,37,2,2,0.0,0.0,0.0,0.0,0.0,4.0,14,4,3
14355,16,2,3,17,8,3,0,1,1,1,2,36,2,2,0.0,0.0,0.0,0.0,0.0,2.0,8,5,1
25078,15,7,1,17,8,3,6,1,1,1,1,18,2,2,0.0,0.0,0.0,0.0,0.0,2.0,6,3,2
39603,16,2,3,15,15,3,6,5,1,1,0,36,2,2,0.0,0.0,0.0,0.0,0.0,2.0,13,7,3
150953,4,2,4,7,2,3,0,1,1,0,1,18,2,2,0.0,0.0,0.0,0.0,0.0,1.0,18,2,10
172767,4,2,4,15,8,3,0,5,1,1,1,36,2,2,0.0,0.0,0.0,0.0,0.0,3.0,16,7,12
22682,15,10,1,17,11,3,4,5,1,1,2,5,2,2,0.0,0.0,0.0,0.0,0.0,5.0,23,1,2
181036,15,2,1,9,8,3,0,1,0,1,0,18,2,3,1.0,0.0,0.0,1.0,0.0,1.0,20,5,12
129719,16,2,3,17,6,3,0,1,0,1,2,36,2,2,0.0,0.0,0.0,0.0,0.0,4.0,15,5,9
112468,4,2,0,10,8,3,0,1,1,1,1,12,2,2,0.0,0.0,0.0,0.0,0.0,2.0,20,4,8
131285,16,2,3,17,2,3,0,5,0,1,2,36,2,2,0.0,0.0,0.0,0.0,0.0,2.0,17,4,9
183942,16,2,3,15,6,3,0,1,0,1,2,36,2,2,0.0,0.0,0.0,0.0,0.0,3.0,13,4,12
87400,16,7,3,0,6,3,6,1,0,1,2,36,2,2,0.0,0.0,0.0,0.0,0.0,2.0,16,1,6
71019,16,2,3,10,2,3,0,1,0,1,2,19,3,2,0.0,0.0,0.0,0.0,0.0,3.0,14,3,5
117416,4,2,3,10,8,3,0,1,0,1,2,19,2,2,0.0,0.0,0.0,0.0,0.0,2.0,17,4,8
32283,16,11,5,0,15,3,5,5,1,1,0,36,2,2,0.0,0.0,0.0,0.0,0.0,2.0,13,5,3
7435,16,2,3,15,8,3,0,1,0,1,0,36,2,3,1.0,0.0,0.0,1.0,0.0,1.0,13,2,1
11989,15,2,3,17,2,3,0,1,1,1,1,18,2,2,0.0,0.0,0.0,0.0,0.0,2.0,10,5,1
63912,17,2,3,10,8,3,5,5,1,1,1,19,2,2,0.0,0.0,0.0,0.0,0.0,2.0,7,2,5
66656,16,2,3,17,6,3,0,1,1,1,1,24,2,2,0.0,0.0,0.0,0.0,0.0,2.0,15,4,5
133187,15,2,3,0,8,3,0,1,0,1,2,18,2,2,0.0,0.0,0.0,0.0,0.0,4.0,15,2,9
51198,16,2,3,17,6,3,0,1,1,1,2,22,2,2,0.0,0.0,0.0,0.0,0.0,2.0,11,7,4
60293,15,2,3,7,10,3,0,1,1,1,1,36,2,2,0.0,0.0,0.0,0.0,0.0,1.0,9,1,5
78262,16,2,3,15,8,3,0,1,1,1,2,36,2,2,0.0,0.0,0.0,0.0,0.0,2.0,19,4,6
19122,10,7,2,9,3,3,6,2,0,0,1,18,2,4,1.0,0.0,0.0,0.0,1.0,1.0,7,5,2
80985,4,2,3,15,2,3,0,1,1,1,2,22,3,2,0.0,0.0,0.0,0.0,0.0,4.0,16,2,6
20983,4,2,3,0,0,3,0,1,0,1,2,18,2,2,0.0,0.0,0.0,0.0,0.0,6.0,8,2,2
145242,16,7,2,0,2,3,6,1,0,1,2,6,2,4,1.0,0.0,0.0,0.0,1.0,1.0,6,7,10
31586,15,2,3,17,8,3,0,5,0,1,2,36,2,2,0.0,0.0,0.0,0.0,0.0,3.0,13,1,3
146104,16,11,3,17,15,3,5,5,1,1,2,36,2,2,0.0,0.0,0.0,0.0,0.0,2.0,12,6,10
93212,16,7,3,0,15,3,6,5,0,1,2,36,2,2,0.0,0.0,0.0,0.0,0.0,2.0,14,1,7