crash_date,               traffic_control_device,weather_condition,lighting_condition,first_crash_type,trafficway_type,alignment,roadway_surface_cond,road_defect,crash_type,intersection_related_i,damage,prim_contributory_cause,num_units,most_severe_injury,injuries_total,injuries_fatal,injuries_incapacitating,injuries_non_incapacitating,injuries_reported_not_evident,injuries_no_indication,crash_hour,crash_day_of_week,crash_month
170483,16,2,3,10,6,3,6,1,1,1,2,12,3,2,0.0,0.0,0.0,0.0,0.0,4.0,12,1,11
109228,16,2,3,8,8,3,0,1,1,1,2,12,2,2,0.0,0.0,0.0,0.0,0.0,2.0,11,7,8
167813,15,2,1,17,8,3,0,1,0,1,2,18,3,2,0.0,0.0,0.0,0.0,0.0,2.0,0,6,11
60648,16,2,3,0,3,3,0,1,0,1,2,18,2,2,0.0,0.0,0.0,0.0,0.0,3.0,14,6,5
133980,4,7,1,17,8,3,6,1,0,1,2,18,2,3,1.0,0.0,0.0,1.0,0.0,1.0,21,7,9
149466,15,2,1,13,6,3,0,1,1,1,2,21,2,2,0.0,0.0,0.0,0.0,0.0,2.0,18,5,10
38744,16,7,1,0,6,3,6,1,0,1,2,6,3,3,1.0,0.0,0.0,1.0,0.0,3.0,0,4,3
74963,4,2,3,8,8,3,0,1,0,1,1,23,2,4,1.0,0.0,0.0,0.0,1.0,1.0,12,5,6
155621,16,3,3,10,8,3,2,1,0,1,2,18,2,2,0.0,0.0,0.0,0.0,0.0,2.0,16,5,10
76779,15,7,3,10,15,3,6,1,0,1,2,36,2,2,0.0,0.0,0.0,0.0,0.0,2.0,19,4,6
56956,16,2,3,9,8,3,5,5,0,1,0,36,2,3,1.0,0.0,0.0,1.0,0.0,1.0,12,5,5
159108,15,2,4,15,8,3,0,1,0,1,2,18,2,4,1.0,0.0,0.0,0.0,1.0,2.0,14,4,11
21912,15,2,3,17,6,3,0,1,0,1,2,11,2,2,0.0,0.0,0.0,0.0,0.0,2.0,16,3,2
67764,4,3,3,10,2,3,6,1,1,1,1,17,3,2,0.0,0.0,0.0,0.0,0.0,3.0,8,6,5
117581,4,2,3,17,15,3,0,1,1,1,2,36,2,2,0.0,0.0,0.0,0.0,0.0,3.0,11,6,8
40893,15,2,1,8,15,3,0,1,1,1,0,18,2,2,0.0,0.0,0.0,0.0,0.0,2.0,5,3,3
44790,17,11,5,17,2,3,5,5,1,1,1,36,2,2,0.0,0.0,0.0,0.0,0.0,2.0,8,4,4
21048,16,2,3,10,8,3,0,1,1,1,2,19,2,2,0.0,0.0,0.0,0.0,0.0,2.0,8,3,2
137667,16,2,0,15,8,3,0,1,1,1,1,22,2,2,0.0,0.0,0.0,0.0,0.0,2.0,0,1,10
150741,16,2,3,10,2,3,0,1,1,1,0,36,2,2,0.0,0.0,0.0,0.0,0.0,2.0,13,1,10
182159,16,2,1,0,3,3,0,1,0,1,2,36,2,2,0.0,0.0,0.0,0.0,0.0,2.0,21,6,12
75721,15,2,3,0,8,3,0,1,1,1,0,18,2,2,0.0,0.0,0.0,0.0,0.0,3.0,18,2,6
158833,16,7,1,17,6,3,5,5,0,1,2,18,2,4,1.0,0.0,0.0,0.0,1.0,1.0,22,4,11
188293,4,2,4,17,6,3,4,1,0,1,2,24,2,2,0.0,0.0,0.0,0.0,0.0,2.0,17,4,12
157030,16,7,1,17,3,3,6,1,1,1,1,24,2,2,0.0,0.0,0.0,0.0,0.0,2.0,23,7,11
94274,16,7,1,15,6,3,6,1,1,1,1,23,2,2,0.0,0.0,0.0,0.0,0.0,5.0,2,3,7
173803,16,2,3,17,8,3,0,1,1,1,2,24,2,2,0.0,0.0,0.0,0.0,0.0,2.0,7,2,12
158553,16,7,0,17,15,3,6,1,0,1,2,24,3,2,0.0,0.0,0.0,0.0,0.0,5.0,18,3,11
145503,16,2,1,0,6,3,0,5,0,1,2,6,2,2,0.0,0.0,0.0,0.0,0.0,2.0,19,5,10
52728,15,2,3,17,6,3,0,1,0,1,2,36,2,4,2.0,0.0,0.0,0.0,2.0,1.0,14,7,4
128682,16,2,3,15,10,3,0,1,1,1,2,17,2,2,0.0,0.0,0.0,0.0,0.0,2.0,12,4,9
75902,16,2,3,17,6,3,0,1,0,1,2,18,2,3,4.0,0.0,0.0,1.0,3.0,2.0,16,5,6
293,16,7,1,0,2,3,6,5,1,1,2,6,2,2,0.0,0.0,0.0,0.0,0.0,4.0,1,7,1
126198,15,2,3,0,6,3,0,1,1,1,2,36,2,2,0.0,0.0,0.0,0.0,0.0,2.0,6,4,9
49615,16,2,3,9,6,3,0,5,0,1,0,18,2,1,1.0,0.0,1.0,0.0,0.0,1.0,15,7,4
58051,16,2,3,10,11,4,0,1,1,1,2,17,2,2,0.0,0.0,0.0,0.0,0.0,5.0,13,1,5
94614,16,3,3,10,2,3,6,1,0,1,2,17,2,4,1.0,0.0,0.0,0.0,1.0,2.0,10,7,7
112853,15,2,3,8,6,3,0,1,0,1,1,38,2,3,1.0,0.0,0.0,1.0,0.0,1.0,9,4,8
70107,16,2,3,17,6,3,0,1,1,1,2,19,2,2,0.0,0.0,0.0,0.0,0.0,2.0,17,3,5
103909,16,6,3,15,10,3,0,5,1,1,0,19,2,2,0.0,0.0,0.0,0.0,0.0,2.0,8,4,7
158217,16,2,1,10,8,3,0,1,0,1,0,19,2,4,1.0,0.0,0.0,0.0,1.0,2.0,17,3,11
149927,16,2,3,10,2,3,5,5,1,1,1,19,2,2,0.0,0.0,0.0,0.0,0.0,3.0,18,3,10
71500,15,2,3,0,18,3,0,1,0,1,2,18,2,4,1.0,0.0,0.0,0.0,1.0,1.0,18,2,5
105616,16,3,3,17,2,3,0,1,1,1,2,22,2,2,0.0,0.0,0.0,0.0,0.0,4.0,14,6,8
76938,15,2,1,0,6,3,0,1,1,1,1,5,2,2,0.0,0.0,0.0,0.0,0.0,3.0,22,6,6
62644,16,3,3,8,3,3,0,1,0,1,1,6,2,3,1.0,0.0,0.0,1.0,0.0,1.0,14,2,5
40159,16,2,3,17,11,3,0,1,1,1,2,26,2,2,0.0,0.0,0.0,0.0,0.0,2.0,16,2,3
146174,15,6,1,17,6,3,6,1,0,1,2,37,2,3,3.0,0.0,0.0,3.0,0.0,1.0,1,1,10
81967,16,11,5,7,18,3,5,5,1,1,2,36,2,2,0.0,0.0,0.0,0.0,0.0,1.0,7,2,6
147276,15,2,3,0,6,3,0,1,1,1,2,36,2,2,0.0,0.0,0.0,0.0,0.0,2.0,12,2,10
33036,16,2,3,0,11,3,0,1,0,1,2,18,2,3,2.0,0.0,0.0,2.0,0.0,2.0,11,2,3
28034,4,2,3,0,15,3,5,5,0,1,2,36,2,2,0.0,0.0,0.0,0.0,0.0,2.0,15,4,2
14954,16,11,3,10,1,3,5,5,1,1,2,36,3,2,0.0,0.0,0.0,0.0,0.0,3.0,12,2,1
33098,16,2,1,10,6,3,0,5,1,1,2,17,2,2,0.0,0.0,0.0,0.0,0.0,4.0,0,4,3
74344,16,2,3,10,8,3,0,1,1,1,2,19,2,2,0.0,0.0,0.0,0.0,0.0,4.0,15,4,6
128033,16,2,3,10,2,3,0,1,1,1,2,19,2,2,0.0,0.0,0.0,0.0,0.0,2.0,13,3,9
69535,16,2,3,10,8,3,0,1,1,1,2,17,2,2,0.0,0.0,0.0,0.0,0.0,2.0,12,6,5
84506,15,2,3,0,8,3,0,1,1,1,2,18,2,2,0.0,0.0,0.0,0.0,0.0,2.0,14,6,6
135480,16,7,3,5,3,2,6,1,1,1,2,17,1,2,0.0,0.0,0.0,0.0,0.0,1.0,14,6,9
51086,16,2,3,10,6,3,0,1,1,1,2,17,2,2,0.0,0.0,0.0,0.0,0.0,2.0,15,5,4
36130,4,2,3,0,3,3,0,1,0,1,1,18,2,4,2.0,0.0,0.0,0.0,2.0,1.0,14,6,3
31457,16,2,3,15,2,3,0,1,1,1,1,36,2,2,0.0,0.0,0.0,0.0,0.0,2.0,14,5,3
86936,16,2,3,10,8,3,6,5,0,1,2,17,3,3,1.0,0.0,0.0,1.0,0.0,3.0,17,2,6
85086,16,7,1,5,6,3,6,5,0,1,2,36,1,2,0.0,0.0,0.0,0.0,0.0,1.0,3,1,6
138646,16,2,3,17,6,3,0,1,1,1,2,18,2,2,0.0,0.0,0.0,0.0,0.0,3.0,11,2,10
34851,15,2,3,17,2,3,0,1,1,1,1,18,2,2,0.0,0.0,0.0,0.0,0.0,2.0,13,5,3
73230,16,2,3,0,2,3,0,1,0,1,2,18,4,2,0.0,0.0,0.0,0.0,0.0,5.0,16,7,6
153118,15,2,3,10,6,3,0,1,0,1,2,19,2,2,0.0,0.0,0.0,0.0,0.0,2.0,9,4,10
32862,15,2,1,17,6,3,0,5,0,1,2,18,2,3,2.0,0.0,0.0,2.0,0.0,1.0,19,1,3
9237,15,2,3,0,2,3,0,1,0,1,2,18,2,4,1.0,0.0,0.0,0.0,1.0,1.0,11,6,1
19360,16,2,3,17,1,3,0,1,0,1,2,6,2,3,1.0,0.0,0.0,1.0,0.0,1.0,9,1,2
26406,16,2,1,5,6,3,4,1,0,1,2,26,1,2,0.0,0.0,0.0,0.0,0.0,2.0,2,5,2
2266,4,2,3,17,8,3,0,1,1,0,2,18,2,2,0.0,0.0,0.0,0.0,0.0,2.0,17,5,1
119604,16,2,3,17,6,3,0,1,0,1,2,36,2,3,2.0,0.0,0.0,2.0,0.0,1.0,15,1,8
25567,16,2,1,0,6,3,0,1,0,1,1,6,2,2,0.0,0.0,0.0,0.0,0.0,6.0,13,5,2
54048,16,2,3,15,8,3,0,1,1,1,1,22,2,2,0.0,0.0,0.0,0.0,0.0,2.0,6,6,4
149888,16,2,3,0,2,3,0,1,0,1,2,6,2,3,1.0,0.0,0.0,1.0,0.0,1.0,9,2,10
114597,16,2,3,17,8,3,0,1,1,1,2,18,2,2,0.0,0.0,0.0,0.0,0.0,4.0,17,2,8
26706,16,2,3,17,10,3,0,1,1,1,2,23,2,2,0.0,0.0,0.0,0.0,0.0,4.0,10,1,2
5267,16,2,3,2,2,3,0,1,0,1,2,19,1,3,1.0,0.0,0.0,1.0,0.0,0.0,7,4,1
152657,4,7,1,10,2,5,6,1,1,1,1,28,2,2,0.0,0.0,0.0,0.0,0.0,2.0,18,5,10
119280,15,2,3,0,6,3,0,1,0,1,2,18,2,4,1.0,0.0,0.0,0.0,1.0,1.0,17,3,8
23306,16,2,3,10,8,3,4,1,1,0,2,36,2,2,0.0,0.0,0.0,0.0,0.0,3.0,16,6,2
90012,16,2,3,10,8,3,0,1,1,0,0,19,2,2,0.0,0.0,0.0,0.0,0.0,4.0,12,6,7
86919,16,2,3,10,3,3,0,1,0,1,2,36,3,4,1.0,0.0,0.0,0.0,1.0,2.0,15,2,6
71047,16,2,3,17,10,3,0,1,0,1,2,36,2,2,0.0,0.0,0.0,0.0,0.0,3.0,17,3,5
40628,16,2,1,15,10,3,0,1,1,1,0,22,2,2,0.0,0.0,0.0,0.0,0.0,2.0,18,4,3
143292,15,2,3,10,8,3,0,3,1,1,2,19,2,2,0.0,0.0,0.0,0.0,0.0,2.0,17,5,10
137843,16,2,3,9,6,3,0,1,0,1,0,18,2,3,1.0,0.0,0.0,1.0,0.0,1.0,9,5,10
152246,15,2,3,0,8,3,0,1,0,1,2,18,2,4,2.0,0.0,0.0,0.0,2.0,0.0,7,5,10
88555,16,2,1,15,8,3,5,5,1,1,2,36,2,2,0.0,0.0,0.0,0.0,0.0,2.0,19,6,7
61145,4,2,1,17,8,3,0,1,0,1,2,23,2,3,1.0,0.0,0.0,1.0,0.0,1.0,21,6,5
33030,16,11,3,17,1,3,5,5,1,1,1,6,2,2,0.0,0.0,0.0,0.0,0.0,2.0,8,2,3
187706,16,7,1,10,2,3,6,1,1,1,1,17,2,2,0.0,0.0,0.0,0.0,0.0,3.0,3,1,12
98605,4,2,1,15,8,3,0,1,1,0,1,23,2,2,0.0,0.0,0.0,0.0,0.0,4.0,4,6,7
108561,4,2,4,8,18,3,0,1,0,1,0,38,2,4,1.0,0.0,0.0,0.0,1.0,1.0,19,3,8
166260,16,2,1,8,6,3,0,1,0,1,2,18,2,3,1.0,0.0,0.0,1.0,0.0,2.0,23,6,11
167519,15,10,1,0,2,3,4,1,1,1,2,36,2,2,0.0,0.0,0.0,0.0,0.0,4.0,18,5,11
2557,15,2,3,17,2,3,0,1,1,1,2,24,2,2,0.0,0.0,0.0,0.0,0.0,2.0,15,2,1
49627,16,2,3,17,6,3,0,6,0,1,2,18,2,2,0.0,0.0,0.0,0.0,0.0,4.0,18,7,4
121807,16,7,4,10,1,3,6,1,1,1,0,17,2,2,0.0,0.0,0.0,0.0,0.0,2.0,8,3,9
43131,4,7,3,0,15,3,6,1,1,1,2,23,2,2,0.0,0.0,0.0,0.0,0.0,2.0,9,3,4
124277,16,2,1,0,6,3,0,1,0,1,2,6,3,3,1.0,0.0,0.0,1.0,0.0,2.0,21,5,9
139177,15,2,3,8,6,3,0,1,0,1,2,36,2,3,1.0,0.0,0.0,1.0,0.0,1.0,7,2,10
92584,16,2,3,15,2,3,0,1,1,1,1,36,2,2,0.0,0.0,0.0,0.0,0.0,4.0,10,4,7
71777,4,2,3,17,8,3,0,1,1,1,2,18,2,2,0.0,0.0,0.0,0.0,0.0,3.0,17,5,6
95767,16,3,3,17,2,3,0,1,0,0,2,38,2,4,1.0,0.0,0.0,0.0,1.0,1.0,14,6,7
19521,4,2,3,17,11,3,0,1,0,1,2,18,2,4,2.0,0.0,0.0,0.0,2.0,1.0,11,5,2
115428,15,2,3,0,6,3,0,5,1,1,1,36,2,2,0.0,0.0,0.0,0.0,0.0,2.0,16,2,8
179030,16,2,1,17,3,3,0,1,0,1,2,18,2,3,2.0,0.0,0.0,2.0,0.0,1.0,8,5,12
11073,16,2,1,17,8,3,0,1,0,1,2,18,2,2,0.0,0.0,0.0,0.0,0.0,3.0,20,3,1
157628,16,2,0,10,8,3,0,1,0,1,2,6,2,2,0.0,0.0,0.0,0.0,0.0,3.0,19,2,11
78234,16,2,3,10,2,3,0,1,0,0,2,19,2,3,4.0,0.0,0.0,4.0,0.0,2.0,16,4,6
146242,16,7,3,9,8,3,0,1,0,1,0,36,2,1,1.0,0.0,1.0,0.0,0.0,1.0,14,3,10
178279,16,3,3,10,8,3,4,1,1,1,2,19,2,2,0.0,0.0,0.0,0.0,0.0,2.0,15,2,12
36373,15,2,3,17,8,3,0,1,1,1,1,18,2,2,0.0,0.0,0.0,0.0,0.0,2.0,8,2,3
162960,16,7,1,17,6,3,6,1,1,1,2,3,2,2,0.0,0.0,0.0,0.0,0.0,2.0,18,4,11
137104,16,2,1,17,3,3,0,1,1,1,1,36,2,2,0.0,0.0,0.0,0.0,0.0,3.0,20,7,9
28061,16,2,3,10,6,3,0,1,1,1,1,23,2,2,0.0,0.0,0.0,0.0,0.0,2.0,8,4,2
88248,16,2,3,15,6,3,0,1,1,1,1,28,2,2,0.0,0.0,0.0,0.0,0.0,2.0,19,2,7
130247,15,2,3,0,8,3,0,1,0,1,1,18,2,2,0.0,0.0,0.0,0.0,0.0,2.0,17,4,9
129123,16,2,1,10,2,3,0,1,0,0,2,6,4,3,4.0,0.0,0.0,4.0,0.0,1.0,21,2,9
75254,16,2,3,10,8,3,0,1,1,1,2,19,2,2,0.0,0.0,0.0,0.0,0.0,2.0,17,2,6
78406,16,2,3,0,6,3,0,1,0,1,2,6,2,3,2.0,0.0,0.0,2.0,0.0,1.0,17,7,6
64124,16,11,5,10,8,3,5,5,1,1,0,17,2,2,0.0,0.0,0.0,0.0,0.0,2.0,12,4,5
64801,16,2,3,0,2,3,0,1,0,1,2,6,2,2,0.0,0.0,0.0,0.0,0.0,5.0,14,3,5
102248,16,2,1,10,10,3,0,1,0,1,2,36,3,2,0.0,0.0,0.0,0.0,0.0,7.0,21,6,7
158851,16,2,3,17,8,3,0,5,1,0,2,22,2,2,0.0,0.0,0.0,0.0,0.0,2.0,13,6,11
135714,16,2,3,8,6,3,0,1,0,1,0,6,2,4,1.0,0.0,0.0,0.0,1.0,2.0,9,3,9
149682,6,2,0,9,2,3,0,1,0,1,2,36,2,3,1.0,0.0,0.0,1.0,0.0,1.0,19,2,10
67840,16,2,3,7,3,3,0,1,0,0,2,26,2,2,0.0,0.0,0.0,0.0,0.0,1.0,14,2,5
63515,4,2,3,15,8,3,0,1,1,0,1,23,2,2,0.0,0.0,0.0,0.0,0.0,7.0,11,2,5
168614,16,2,3,10,8,3,0,1,1,1,1,19,2,2,0.0,0.0,0.0,0.0,0.0,2.0,15,3,11
136570,15,2,1,0,8,3,0,1,0,1,2,18,2,4,1.0,0.0,0.0,0.0,1.0,1.0,21,6,9
166793,15,2,3,0,6,3,0,1,0,1,2,36,3,4,1.0,0.0,0.0,0.0,1.0,4.0,12,7,11
26721,16,2,3,15,8,3,0,1,1,1,2,36,2,2,0.0,0.0,0.0,0.0,0.0,2.0,15,2,2
22272,16,2,1,17,6,3,5,5,1,1,2,23,2,2,0.0,0.0,0.0,0.0,0.0,2.0,19,1,2
127582,16,2,3,17,6,3,0,1,1,1,1,24,2,2,0.0,0.0,0.0,0.0,0.0,3.0,7,3,9
164320,15,2,3,0,8,3,0,1,1,1,2,18,2,2,0.0,0.0,0.0,0.0,0.0,2.0,7,6,11
110874,16,2,1,10,8,3,0,1,0,1,2,13,2,2,0.0,0.0,0.0,0.0,0.0,2.0,3,1,8
141464,4,7,3,8,8,3,6,1,0,1,0,39,2,1,1.0,0.0,1.0,0.0,0.0,2.0,7,6,10
74321,15,2,3,17,10,3,0,1,1,1,2,36,2,2,0.0,0.0,0.0,0.0,0.0,4.0,11,2,6
142052,16,2,1,0,6,3,0,5,0,1,2,18,2,2,0.0,0.0,0.0,0.0,0.0,1.0,0,7,10
26140,16,2,3,0,8,3,1,1,1,1,2,6,2,2,0.0,0.0,0.0,0.0,0.0,2.0,7,7,2
14351,15,3,3,0,8,3,0,5,1,1,1,18,2,2,0.0,0.0,0.0,0.0,0.0,2.0,8,5,1
122922,16,2,3,0,8,3,0,1,1,1,1,36,2,2,0.0,0.0,0.0,0.0,0.0,3.0,17,5,9
109074,15,11,5,9,18,3,5,5,0,1,2,36,2,3,1.0,0.0,0.0,1.0,0.0,1.0,15,4,8
173721,16,2,1,0,2,3,0,1,0,1,2,36,2,2,0.0,0.0,0.0,0.0,0.0,2.0,0,3,12
94188,16,2,3,17,8,3,0,1,0,1,1,18,2,2,0.0,0.0,0.0,0.0,0.0,2.0,12,7,7
68125,4,2,3,9,8,3,0,1,0,1,2,18,2,3,1.0,0.0,0.0,1.0,0.0,1.0,17,5,5
162874,4,2,1,17,8,3,0,1,0,1,2,37,2,4,2.0,0.0,0.0,0.0,2.0,0.0,3,2,11
19544,16,2,3,9,8,3,0,1,0,1,0,18,2,3,1.0,0.0,0.0,1.0,0.0,1.0,15,6,2
140836,16,2,3,15,15,3,0,1,1,1,1,19,2,2,0.0,0.0,0.0,0.0,0.0,2.0,9,5,10
9228,16,2,1,17,8,3,6,1,0,1,1,24,2,2,0.0,0.0,0.0,0.0,0.0,2.0,22,6,1
15629,15,2,1,17,8,3,0,1,1,1,2,36,2,2,0.0,0.0,0.0,0.0,0.0,5.0,17,6,2
8523,17,11,5,0,8,3,5,5,1,1,2,36,2,2,0.0,0.0,0.0,0.0,0.0,2.0,20,4,1
25442,4,2,3,9,2,3,0,1,1,1,0,18,2,2,0.0,0.0,0.0,0.0,0.0,2.0,10,1,2
157353,16,2,3,10,8,3,0,1,1,1,2,17,2,2,0.0,0.0,0.0,0.0,0.0,3.0,17,1,11
121457,16,2,3,8,8,3,0,1,1,1,1,24,2,2,0.0,0.0,0.0,0.0,0.0,2.0,18,6,9
26207,15,2,3,17,8,3,0,1,1,1,1,36,2,2,0.0,0.0,0.0,0.0,0.0,2.0,9,7,2
123519,4,2,3,17,6,3,0,1,0,1,2,24,2,2,0.0,0.0,0.0,0.0,0.0,5.0,16,1,9
124344,15,11,5,0,6,3,5,5,0,1,2,36,3,2,0.0,0.0,0.0,0.0,0.0,6.0,22,7,9
35179,15,2,3,0,8,3,0,1,1,1,2,18,2,2,0.0,0.0,0.0,0.0,0.0,2.0,16,4,3
85524,16,2,1,17,2,3,6,1,0,1,2,36,4,3,1.0,0.0,0.0,1.0,0.0,6.0,21,7,6
39853,16,2,3,0,8,3,0,1,0,1,2,6,2,4,1.0,0.0,0.0,0.0,1.0,1.0,18,3,3
115602,16,2,3,0,8,3,0,1,1,0,1,36,2,2,0.0,0.0,0.0,0.0,0.0,2.0,10,3,8
145876,4,2,1,0,2,3,0,1,1,0,2,17,2,2,0.0,0.0,0.0,0.0,0.0,2.0,18,2,10
92011,16,2,1,17,11,3,0,1,1,1,0,6,2,2,0.0,0.0,0.0,0.0,0.0,3.0,22,2,7
62069,15,2,3,8,2,3,0,1,1,1,0,36,2,2,0.0,0.0,0.0,0.0,0.0,2.0,7,6,5
129181,16,2,1,0,2,3,0,5,0,1,2,18,2,1,3.0,0.0,2.0,1.0,0.0,0.0,22,4,9
55824,16,7,3,0,6,3,6,5,1,1,2,36,2,2,0.0,0.0,0.0,0.0,0.0,3.0,15,7,4
103611,4,2,3,17,2,3,0,1,0,1,2,36,2,4,1.0,0.0,0.0,0.0,1.0,2.0,15,6,7
126210,16,2,3,17,6,3,0,1,0,1,2,18,2,2,0.0,0.0,0.0,0.0,0.0,3.0,8,4,9
134831,17,2,3,17,3,3,0,1,0,1,2,17,2,3,3.0,0.0,0.0,3.0,0.0,1.0,8,3,9
87708,16,2,1,7,11,3,0,1,1,1,1,6,2,2,0.0,0.0,0.0,0.0,0.0,1.0,23,6,6
111809,16,2,3,15,2,3,0,1,1,1,2,36,2,2,0.0,0.0,0.0,0.0,0.0,2.0,14,3,8
149305,15,2,1,10,2,3,0,1,0,1,2,37,2,3,1.0,0.0,0.0,1.0,0.0,1.0,0,1,10
75592,16,11,3,10,2,3,5,1,1,1,2,17,2,2,0.0,0.0,0.0,0.0,0.0,2.0,7,6,6
108623,17,2,3,0,8,3,0,5,1,1,2,26,2,2,0.0,0.0,0.0,0.0,0.0,2.0,10,4,8
31548,4,2,1,9,10,3,0,1,0,1,2,18,2,1,1.0,0.0,1.0,0.0,0.0,1.0,18,6,3
16940,16,6,3,7,2,3,4,1,0,1,2,36,2,4,1.0,0.0,0.0,0.0,1.0,0.0,12,2,2
13835,16,2,1,15,8,3,0,1,1,1,2,19,2,2,0.0,0.0,0.0,0.0,0.0,3.0,23,2,1
86379,15,2,3,8,8,3,5,5,0,1,0,18,2,3,1.0,0.0,0.0,1.0,0.0,1.0,6,6,6
86295,15,2,3,7,8,3,0,1,1,1,2,22,2,2,0.0,0.0,0.0,0.0,0.0,1.0,17,5,6
188502,4,2,1,10,6,3,0,1,1,1,2,36,2,2,0.0,0.0,0.0,0.0,0.0,3.0,16,2,12
121788,16,7,3,10,8,3,6,1,1,1,0,19,2,2,0.0,0.0,0.0,0.0,0.0,2.0,6,3,9
73629,16,2,3,15,8,3,0,1,1,1,1,18,2,2,0.0,0.0,0.0,0.0,0.0,2.0,9,6,6
94844,16,2,3,0,6,3,0,1,1,1,2,4,2,2,0.0,0.0,0.0,0.0,0.0,2.0,19,5,7
82769,16,2,3,9,3,3,0,1,0,1,0,18,2,3,1.0,0.0,0.0,1.0,0.0,1.0,16,6,6
73045,16,2,1,0,6,3,0,1,0,1,2,6,2,3,1.0,0.0,0.0,1.0,0.0,2.0,23,4,6
165549,4,3,3,7,8,3,0,5,1,1,2,36,2,2,0.0,0.0,0.0,0.0,0.0,1.0,9,2,11
49198,15,2,3,0,6,3,0,1,0,1,2,17,2,3,1.0,0.0,0.0,1.0,0.0,1.0,17,6,4
166166,16,2,3,10,2,3,0,1,1,0,1,36,2,2,0.0,0.0,0.0,0.0,0.0,2.0,15,5,11
154573,16,2,3,15,8,3,0,1,1,1,2,36,2,2,0.0,0.0,0.0,0.0,0.0,2.0,11,3,10
152695,16,2,3,10,3,3,0,1,1,1,2,36,2,2,0.0,0.0,0.0,0.0,0.0,2.0,11,5,10
41339,15,2,1,0,6,3,0,1,1,1,2,18,3,2,0.0,0.0,0.0,0.0,0.0,2.0,19,6,3
154760,16,2,3,10,8,4,0,1,1,1,2,17,2,2,0.0,0.0,0.0,0.0,0.0,2.0,12,6,10
91498,16,2,3,0,8,4,0,1,0,1,2,36,3,3,1.0,0.0,0.0,1.0,0.0,6.0,17,1,7
137744,16,2,3,17,8,3,0,1,0,1,2,18,2,1,1.0,0.0,1.0,0.0,0.0,1.0,13,3,10
145022,16,2,3,10,8,3,0,1,1,1,2,17,2,2,0.0,0.0,0.0,0.0,0.0,2.0,8,5,10
10287,16,2,1,10,8,3,6,5,1,1,2,36,2,2,0.0,0.0,0.0,0.0,0.0,2.0,17,5,1
49770,16,2,3,17,5,3,0,5,0,1,2,17,2,2,0.0,0.0,0.0,0.0,0.0,2.0,14,4,4
80569,15,2,1,10,10,3,0,1,0,1,2,36,2,2,0.0,0.0,0.0,0.0,0.0,2.0,23,2,6
3457,16,4,1,0,2,3,6,1,1,1,2,18,2,2,0.0,0.0,0.0,0.0,0.0,2.0,18,2,1
42895,16,2,3,15,8,3,0,1,1,1,1,12,2,2,0.0,0.0,0.0,0.0,0.0,2.0,11,5,4
116142,16,2,3,17,8,3,0,5,1,1,1,36,2,2,0.0,0.0,0.0,0.0,0.0,2.0,16,4,8
26427,15,2,3,0,8,3,0,1,0,1,2,5,2,4,1.0,0.0,0.0,0.0,1.0,1.0,7,5,2
30434,16,2,3,9,8,3,0,1,0,1,0,36,2,3,1.0,0.0,0.0,1.0,0.0,1.0,10,1,3
11632,16,7,3,17,6,3,6,1,0,1,2,6,2,2,0.0,0.0,0.0,0.0,0.0,3.0,7,6,1
69210,16,2,1,17,3,3,0,1,0,1,2,36,2,2,0.0,0.0,0.0,0.0,0.0,4.0,23,7,5
98182,15,2,3,8,10,3,0,1,1,1,0,5,2,2,0.0,0.0,0.0,0.0,0.0,2.0,16,6,7
50127,15,7,3,0,2,3,6,5,0,1,1,18,2,2,0.0,0.0,0.0,0.0,0.0,2.0,8,2,4
138512,16,7,1,17,15,3,6,5,0,1,2,39,2,2,0.0,0.0,0.0,0.0,0.0,5.0,21,7,10
76480,16,2,1,10,6,3,0,1,1,0,2,36,2,2,0.0,0.0,0.0,0.0,0.0,3.0,4,1,6
29728,16,2,3,17,6,3,0,1,1,1,2,36,2,2,0.0,0.0,0.0,0.0,0.0,2.0,14,4,3
175510,16,10,3,9,8,3,6,1,0,1,0,36,2,4,1.0,0.0,0.0,0.0,1.0,1.0,10,5,12
2320,16,2,3,17,3,3,0,6,0,1,2,22,2,2,0.0,0.0,0.0,0.0,0.0,4.0,7,6,1
74630,16,2,3,8,6,3,0,1,0,1,1,36,2,3,1.0,0.0,0.0,1.0,0.0,2.0,17,7,6
123275,15,2,3,7,15,3,0,1,0,1,2,23,2,2,0.0,0.0,0.0,0.0,0.0,1.0,10,5,9
67192,16,2,3,17,2,3,0,1,1,0,2,12,2,2,0.0,0.0,0.0,0.0,0.0,2.0,14,5,5
66860,16,2,3,17,8,3,0,1,1,1,2,19,2,2,0.0,0.0,0.0,0.0,0.0,2.0,12,7,5
160815,17,11,5,10,8,3,5,5,1,1,2,36,3,2,0.0,0.0,0.0,0.0,0.0,3.0,19,5,11
36232,16,2,1,10,8,3,0,1,1,1,2,12,2,2,0.0,0.0,0.0,0.0,0.0,2.0,22,1,3
5956,15,10,3,0,6,3,4,1,1,1,2,18,3,2,0.0,0.0,0.0,0.0,0.0,3.0,10,1,1
52665,16,2,1,15,18,0,0,3,1,1,2,36,2,2,0.0,0.0,0.0,0.0,0.0,3.0,19,4,4
14929,16,2,3,17,6,3,0,1,1,1,2,24,2,2,0.0,0.0,0.0,0.0,0.0,2.0,8,2,1
86451,16,2,3,2,8,3,0,0,0,1,2,30,1,2,0.0,0.0,0.0,0.0,0.0,1.0,19,1,6