crash_date,               traffic_control_device,weather_condition,lighting_condition,first_crash_type,trafficway_type,alignment,roadway_surface_cond,road_defect,crash_type,intersection_related_i,damage,prim_contributory_cause,num_units,most_severe_injury,injuries_total,injuries_fatal,injuries_incapacitating,injuries_non_incapacitating,injuries_reported_not_evident,injuries_no_indication,crash_hour,crash_day_of_week,crash_month
7329,16,10,1,10,8,3,4,1,0,1,2,17,2,3,1.0,0.0,0.0,1.0,0.0,1.0,2,7,1
137375,16,2,1,17,19,3,0,1,0,1,2,36,2,4,1.0,0.0,0.0,0.0,1.0,3.0,4,6,9
179849,16,7,1,0,8,3,6,1,0,1,2,6,2,4,2.0,0.0,0.0,0.0,2.0,1.0,1,4,12
185480,16,4,0,2,6,3,1,1,0,1,2,14,1,2,0.0,0.0,0.0,0.0,0.0,1.0,4,6,12
124484,4,2,3,0,11,3,0,1,1,1,2,18,2,2,0.0,0.0,0.0,0.0,0.0,2.0,18,7,9
865,16,7,1,0,2,3,6,1,0,1,2,6,2,4,1.0,0.0,0.0,0.0,1.0,1.0,19,2,1
60637,16,2,3,10,1,3,0,1,1,0,1,19,2,2,0.0,0.0,0.0,0.0,0.0,3.0,10,5,5
4850,15,10,3,0,7,3,4,1,0,1,2,18,2,4,2.0,0.0,0.0,0.0,2.0,0.0,16,6,1
171194,16,2,3,0,2,3,0,5,1,1,0,36,2,2,0.0,0.0,0.0,0.0,0.0,3.0,10,4,11
153435,16,2,3,17,2,3,6,1,0,1,2,6,2,4,1.0,0.0,0.0,0.0,1.0,2.0,7,7,10
187365,15,2,0,0,10,3,6,1,1,1,2,26,2,2,0.0,0.0,0.0,0.0,0.0,2.0,19,4,12
81654,15,7,1,17,2,3,6,1,0,1,2,18,2,3,2.0,0.0,0.0,2.0,0.0,4.0,20,4,6
161473,16,2,1,10,6,3,6,1,0,1,2,36,2,4,1.0,0.0,0.0,0.0,1.0,1.0,1,2,11
74134,15,2,3,0,6,3,0,1,1,1,2,18,2,2,0.0,0.0,0.0,0.0,0.0,2.0,13,7,6
155368,16,2,3,10,8,4,0,1,1,1,1,19,2,2,0.0,0.0,0.0,0.0,0.0,2.0,15,7,10
188168,16,2,1,10,8,3,0,1,1,1,2,17,3,2,0.0,0.0,0.0,0.0,0.0,4.0,1,1,12
152891,17,11,5,10,17,3,5,5,1,1,2,36,2,2,0.0,0.0,0.0,0.0,0.0,2.0,18,7,10
176701,15,7,3,0,6,3,6,1,1,1,1,38,2,2,0.0,0.0,0.0,0.0,0.0,3.0,7,2,12
54565,16,2,3,2,10,3,0,1,1,1,0,9,1,2,0.0,0.0,0.0,0.0,0.0,1.0,18,6,4
130877,4,2,3,10,8,4,0,1,0,1,1,19,2,2,0.0,0.0,0.0,0.0,0.0,2.0,15,7,9
173616,16,2,3,17,6,3,0,1,0,1,2,24,2,3,1.0,0.0,0.0,1.0,0.0,2.0,15,1,12
87231,16,2,4,0,8,3,0,1,0,1,2,6,2,2,0.0,0.0,0.0,0.0,0.0,4.0,20,5,6
26101,15,2,3,0,10,3,0,5,0,1,2,18,2,4,1.0,0.0,0.0,0.0,1.0,1.0,11,6,2
174388,16,2,3,17,2,3,0,1,1,1,1,18,2,2,0.0,0.0,0.0,0.0,0.0,2.0,12,3,12
129574,4,2,1,0,8,3,0,1,0,1,2,36,2,4,1.0,0.0,0.0,0.0,1.0,1.0,0,1,9
137084,16,2,3,0,1,3,0,1,0,1,2,6,3,3,1.0,0.0,0.0,1.0,0.0,3.0,16,7,9
169443,15,7,3,10,2,3,0,1,0,1,2,30,2,3,1.0,0.0,0.0,1.0,0.0,1.0,11,5,11
60072,16,7,3,10,8,3,6,1,1,1,2,39,3,2,0.0,0.0,0.0,0.0,0.0,3.0,18,4,5
14255,16,2,3,10,8,3,5,5,0,1,2,36,2,4,1.0,0.0,0.0,0.0,1.0,1.0,8,3,1
147852,16,2,3,17,6,3,0,1,1,1,2,23,2,2,0.0,0.0,0.0,0.0,0.0,2.0,13,4,10
16401,16,2,1,14,8,3,0,1,1,1,0,36,2,2,0.0,0.0,0.0,0.0,0.0,2.0,17,5,2
132363,15,2,3,8,8,3,0,1,0,1,2,23,2,3,1.0,0.0,0.0,1.0,0.0,1.0,16,7,9
185048,15,2,1,0,6,3,0,1,0,1,2,36,2,2,0.0,0.0,0.0,0.0,0.0,2.0,19,6,12
4223,15,2,2,17,6,3,0,1,0,1,2,37,2,1,3.0,0.0,1.0,2.0,0.0,0.0,19,2,1
122491,16,11,3,10,8,3,0,5,1,1,1,36,2,2,0.0,0.0,0.0,0.0,0.0,2.0,11,6,9
181593,16,2,1,2,3,3,0,1,0,1,2,17,2,2,0.0,0.0,0.0,0.0,0.0,1.0,4,6,12
78662,15,2,1,10,6,3,0,1,0,1,2,36,3,2,0.0,0.0,0.0,0.0,0.0,2.0,0,3,6
21537,15,2,1,0,8,3,0,1,0,1,2,36,2,3,1.0,0.0,0.0,1.0,0.0,2.0,20,3,2
147181,16,2,1,0,2,3,5,5,0,1,2,36,2,4,1.0,0.0,0.0,0.0,1.0,3.0,2,1,10
29813,16,2,1,17,8,3,0,1,0,1,1,18,2,2,0.0,0.0,0.0,0.0,0.0,2.0,1,5,3
23203,16,2,0,15,10,3,0,1,1,1,2,23,2,2,0.0,0.0,0.0,0.0,0.0,2.0,17,3,2
123789,16,2,3,0,6,3,0,1,0,1,2,6,2,3,4.0,0.0,0.0,4.0,0.0,2.0,10,6,9
174351,16,2,1,8,2,3,0,5,1,1,2,36,2,2,0.0,0.0,0.0,0.0,0.0,2.0,18,3,12
3737,16,3,3,10,6,3,0,1,1,1,2,18,2,2,0.0,0.0,0.0,0.0,0.0,2.0,8,1,1
162791,16,2,0,17,8,3,0,1,1,1,2,24,2,2,0.0,0.0,0.0,0.0,0.0,2.0,21,7,11
33638,16,2,3,15,8,3,0,1,0,1,2,36,3,3,1.0,0.0,0.0,1.0,0.0,3.0,15,7,3
55157,16,7,3,11,10,3,6,1,1,1,2,22,2,2,0.0,0.0,0.0,0.0,0.0,2.0,7,2,4
64184,15,2,3,9,2,3,0,1,0,1,0,18,2,3,1.0,0.0,0.0,1.0,0.0,1.0,11,5,5
131929,4,2,1,0,8,3,0,2,1,1,2,36,2,2,0.0,0.0,0.0,0.0,0.0,5.0,0,5,9
185999,15,2,1,0,6,3,0,1,0,1,2,5,2,3,2.0,0.0,0.0,2.0,0.0,1.0,1,4,12
93222,16,3,3,10,8,3,6,1,0,1,1,17,3,4,1.0,0.0,0.0,0.0,1.0,2.0,16,1,7
180433,16,2,1,14,8,3,0,1,1,1,2,6,2,2,0.0,0.0,0.0,0.0,0.0,2.0,5,4,12
89552,15,2,0,0,8,3,0,1,0,1,2,5,2,3,3.0,0.0,0.0,3.0,0.0,1.0,3,7,7
140705,18,2,1,8,8,3,0,1,0,1,0,18,2,3,1.0,0.0,0.0,1.0,0.0,1.0,19,3,10
98533,16,2,3,2,6,3,0,1,0,1,1,36,1,3,2.0,0.0,0.0,2.0,0.0,0.0,18,5,7
73606,15,2,3,0,8,3,0,5,0,1,2,36,2,2,0.0,0.0,0.0,0.0,0.0,2.0,18,6,6
73491,16,2,3,17,8,3,0,1,1,1,1,18,2,2,0.0,0.0,0.0,0.0,0.0,2.0,20,3,6
163164,16,2,3,17,2,3,0,5,1,1,2,24,2,2,0.0,0.0,0.0,0.0,0.0,3.0,15,5,11
114395,4,3,3,17,3,3,0,1,1,1,2,18,2,2,0.0,0.0,0.0,0.0,0.0,3.0,8,7,8
21846,16,10,3,10,2,3,4,1,1,1,1,39,2,2,0.0,0.0,0.0,0.0,0.0,2.0,14,2,2
34009,16,2,1,17,6,3,0,5,1,1,2,24,2,2,0.0,0.0,0.0,0.0,0.0,2.0,4,6,3
114804,15,2,1,0,8,3,0,1,1,1,1,5,2,2,0.0,0.0,0.0,0.0,0.0,2.0,20,6,8
27554,16,2,1,10,8,3,0,1,1,1,2,19,2,2,0.0,0.0,0.0,0.0,0.0,3.0,23,2,2
48065,16,2,3,15,11,3,0,1,1,1,2,26,2,2,0.0,0.0,0.0,0.0,0.0,6.0,17,6,4
170716,16,2,3,10,8,3,4,1,1,1,1,19,2,2,0.0,0.0,0.0,0.0,0.0,2.0,14,4,11
16380,16,2,3,0,15,3,0,1,1,1,2,6,2,2,0.0,0.0,0.0,0.0,0.0,2.0,10,7,2
85473,2,7,1,0,15,3,6,1,0,1,2,12,2,3,2.0,0.0,0.0,2.0,0.0,1.0,2,7,6
5958,16,10,3,8,15,3,4,1,0,1,0,24,2,4,1.0,0.0,0.0,0.0,1.0,1.0,10,1,1
70303,15,3,3,0,6,3,6,1,1,1,1,36,2,2,0.0,0.0,0.0,0.0,0.0,3.0,8,4,5
66134,16,7,3,15,10,3,6,1,1,1,1,22,2,2,0.0,0.0,0.0,0.0,0.0,2.0,8,2,5
185626,4,11,1,15,3,4,5,5,1,1,2,23,2,2,0.0,0.0,0.0,0.0,0.0,2.0,9,1,12
72371,15,2,3,0,2,3,0,1,0,1,2,36,2,2,0.0,0.0,0.0,0.0,0.0,3.0,14,7,6
55096,16,2,3,0,2,3,0,1,0,1,2,26,2,2,0.0,0.0,0.0,0.0,0.0,3.0,18,1,4
109245,16,2,3,15,8,3,0,1,1,1,0,23,2,2,0.0,0.0,0.0,0.0,0.0,7.0,16,5,8
55145,16,2,3,10,2,3,0,5,1,1,1,36,2,2,0.0,0.0,0.0,0.0,0.0,2.0,17,2,4
49220,4,2,0,10,8,3,0,5,1,1,2,36,2,2,0.0,0.0,0.0,0.0,0.0,2.0,22,6,4
58542,16,2,3,17,11,3,0,1,0,1,2,18,3,1,1.0,0.0,1.0,0.0,0.0,4.0,6,1,5
36673,16,2,1,17,6,3,0,1,1,1,2,36,2,2,0.0,0.0,0.0,0.0,0.0,2.0,20,2,3
73918,16,2,3,0,2,3,0,1,0,1,1,6,2,2,0.0,0.0,0.0,0.0,0.0,4.0,15,3,6
161180,15,2,1,0,6,3,0,1,1,1,2,18,2,2,0.0,0.0,0.0,0.0,0.0,3.0,19,5,11
10400,16,2,1,10,6,3,0,1,1,1,2,17,2,2,0.0,0.0,0.0,0.0,0.0,4.0,2,7,1
154808,16,2,1,17,8,3,0,1,1,1,1,6,2,2,0.0,0.0,0.0,0.0,0.0,2.0,19,7,10
21500,16,11,5,15,8,3,5,5,1,1,2,17,3,2,0.0,0.0,0.0,0.0,0.0,3.0,17,3,2
69483,4,2,3,10,2,3,0,1,1,1,2,21,2,2,0.0,0.0,0.0,0.0,0.0,2.0,16,6,5
9320,4,2,1,0,15,3,1,1,0,1,2,18,2,2,0.0,0.0,0.0,0.0,0.0,2.0,20,1,1
30094,15,2,3,17,2,3,0,1,1,1,1,18,2,2,0.0,0.0,0.0,0.0,0.0,4.0,15,2,3
83916,15,2,3,10,18,3,0,1,1,1,2,19,2,2,0.0,0.0,0.0,0.0,0.0,5.0,11,3,6
130126,15,2,1,10,3,3,0,1,1,1,2,26,3,2,0.0,0.0,0.0,0.0,0.0,4.0,5,2,9
33409,16,2,1,17,12,3,0,1,1,1,1,36,2,2,0.0,0.0,0.0,0.0,0.0,2.0,20,2,3
40768,16,2,3,8,8,3,0,1,0,1,2,18,2,2,0.0,0.0,0.0,0.0,0.0,6.0,2,1,3
24258,16,2,4,0,6,3,0,1,0,1,2,6,2,2,0.0,0.0,0.0,0.0,0.0,3.0,0,7,2
154017,15,2,3,10,10,3,0,1,0,1,1,19,2,4,1.0,0.0,0.0,0.0,1.0,1.0,10,2,10
36664,4,2,3,10,8,3,0,1,1,1,2,36,2,2,0.0,0.0,0.0,0.0,0.0,2.0,7,2,3
56877,4,2,3,15,8,3,0,1,1,0,2,22,2,2,0.0,0.0,0.0,0.0,0.0,2.0,9,3,5
58193,15,2,3,17,6,3,0,1,1,1,2,18,2,2,0.0,0.0,0.0,0.0,0.0,2.0,17,4,5
107066,16,7,1,14,8,3,6,1,0,1,2,39,2,2,0.0,0.0,0.0,0.0,0.0,4.0,2,1,8
151749,16,2,1,17,3,3,0,1,1,1,1,26,2,2,0.0,0.0,0.0,0.0,0.0,2.0,22,6,10
149378,16,2,3,17,6,3,0,1,1,1,2,12,2,2,0.0,0.0,0.0,0.0,0.0,3.0,14,4,10
103979,16,2,3,15,3,3,0,1,1,1,0,4,2,2,0.0,0.0,0.0,0.0,0.0,2.0,8,3,8
74448,15,2,3,9,8,3,0,1,0,1,2,5,2,1,1.0,0.0,1.0,0.0,0.0,1.0,17,3,6
32918,16,2,3,10,3,3,0,1,1,1,2,19,2,2,0.0,0.0,0.0,0.0,0.0,3.0,5,7,3
68113,15,2,1,0,8,3,6,1,1,1,2,36,2,2,0.0,0.0,0.0,0.0,0.0,2.0,22,4,5
175238,8,2,3,0,15,3,0,1,0,1,2,18,2,3,1.0,0.0,0.0,1.0,0.0,2.0,13,3,12
186180,16,2,3,0,2,3,0,1,1,1,2,18,2,2,0.0,0.0,0.0,0.0,0.0,5.0,16,5,12
82053,16,2,4,0,3,3,0,1,0,1,2,6,3,3,2.0,0.0,0.0,2.0,0.0,3.0,20,2,6
105440,16,2,3,0,2,3,0,1,1,1,2,36,2,2,0.0,0.0,0.0,0.0,0.0,2.0,10,4,8
84767,15,2,3,0,11,3,0,1,1,1,2,36,2,2,0.0,0.0,0.0,0.0,0.0,2.0,12,2,6
107963,15,2,3,15,8,3,0,5,1,1,2,23,2,2,0.0,0.0,0.0,0.0,0.0,2.0,9,7,8
46782,16,2,3,0,8,3,0,1,0,1,2,26,2,3,2.0,0.0,0.0,1.0,1.0,0.0,13,5,4
58508,16,2,3,0,10,3,0,1,1,1,2,18,2,2,0.0,0.0,0.0,0.0,0.0,2.0,12,7,5
51403,16,2,3,10,8,3,0,1,1,1,0,36,2,2,0.0,0.0,0.0,0.0,0.0,2.0,14,4,4
168688,15,2,3,0,11,3,0,1,0,1,2,18,2,4,1.0,0.0,0.0,0.0,1.0,3.0,11,6,11
89262,16,2,1,17,6,3,5,5,1,1,2,24,2,2,0.0,0.0,0.0,0.0,0.0,2.0,22,2,7
30627,16,2,3,17,11,4,0,1,1,1,1,22,2,2,0.0,0.0,0.0,0.0,0.0,2.0,16,4,3
47362,16,2,3,0,8,3,0,1,0,1,2,2,2,3,1.0,0.0,0.0,1.0,0.0,1.0,11,2,4
108962,16,7,1,0,6,3,6,1,1,1,1,39,2,2,0.0,0.0,0.0,0.0,0.0,2.0,17,2,8
150158,16,2,0,17,2,3,0,1,0,1,2,24,2,2,0.0,0.0,0.0,0.0,0.0,2.0,20,7,10
112039,15,3,3,0,8,3,0,1,1,1,2,18,2,2,0.0,0.0,0.0,0.0,0.0,3.0,8,5,8
113323,16,2,3,17,2,3,0,1,1,1,2,12,2,2,0.0,0.0,0.0,0.0,0.0,2.0,10,4,8
51773,4,2,3,8,6,3,0,1,0,1,1,23,2,1,1.0,0.0,1.0,0.0,0.0,1.0,8,2,4
151371,17,11,5,10,3,3,5,5,1,1,2,36,2,2,0.0,0.0,0.0,0.0,0.0,2.0,12,2,10
23401,15,2,3,9,8,3,0,1,0,1,0,38,2,3,1.0,0.0,0.0,1.0,0.0,1.0,10,7,2
115922,16,2,3,17,6,3,0,5,1,1,2,18,2,2,0.0,0.0,0.0,0.0,0.0,2.0,14,3,8
181794,4,2,3,15,16,3,0,1,1,1,2,23,2,2,0.0,0.0,0.0,0.0,0.0,3.0,16,3,12
171626,16,2,1,10,2,3,0,1,0,1,2,17,2,2,0.0,0.0,0.0,0.0,0.0,2.0,5,5,11
168889,4,7,3,9,8,3,6,1,0,1,2,18,2,0,1.0,1.0,0.0,0.0,0.0,1.0,12,3,11
18328,3,2,3,15,2,3,0,1,1,1,1,22,2,2,0.0,0.0,0.0,0.0,0.0,2.0,6,5,2
133565,16,2,3,15,17,3,5,5,1,1,2,26,2,2,0.0,0.0,0.0,0.0,0.0,2.0,15,5,9
58960,16,2,5,0,6,3,0,1,0,1,2,26,2,2,0.0,0.0,0.0,0.0,0.0,3.0,18,2,5
170085,16,3,1,10,2,3,0,1,0,1,1,17,2,4,1.0,0.0,0.0,0.0,1.0,1.0,20,3,11
45665,15,7,1,0,6,3,6,1,0,1,2,26,2,2,0.0,0.0,0.0,0.0,0.0,2.0,22,6,4
109513,16,2,3,0,6,3,0,1,0,1,2,12,2,4,2.0,0.0,0.0,0.0,2.0,1.0,10,3,8
178888,15,10,0,0,8,3,4,1,1,1,1,36,2,2,0.0,0.0,0.0,0.0,0.0,3.0,19,3,12
49033,16,7,1,10,3,3,6,6,1,1,2,13,2,2,0.0,0.0,0.0,0.0,0.0,3.0,5,1,4
155618,15,2,3,17,8,3,0,1,1,1,2,18,2,2,0.0,0.0,0.0,0.0,0.0,2.0,15,5,10
111620,4,2,3,17,2,3,0,1,1,0,2,23,2,2,0.0,0.0,0.0,0.0,0.0,2.0,13,7,8
23092,15,2,1,0,2,3,0,1,1,1,2,18,2,2,0.0,0.0,0.0,0.0,0.0,2.0,18,1,2
100274,4,2,3,7,8,4,0,1,1,1,2,24,2,2,0.0,0.0,0.0,0.0,0.0,1.0,13,4,7
79045,16,2,3,14,6,3,0,1,0,1,2,36,3,3,3.0,0.0,0.0,1.0,2.0,1.0,6,2,6
50647,16,2,3,10,8,3,0,1,1,1,2,36,2,2,0.0,0.0,0.0,0.0,0.0,2.0,12,4,4
52251,16,2,2,17,1,3,0,1,0,1,2,18,2,2,0.0,0.0,0.0,0.0,0.0,2.0,6,5,4
25129,16,2,4,0,6,3,6,1,0,1,2,6,2,2,0.0,0.0,0.0,0.0,0.0,2.0,5,4,2
105150,16,2,3,17,8,3,0,1,0,1,2,35,2,1,2.0,0.0,1.0,1.0,0.0,5.0,16,6,8
65424,16,2,1,17,8,3,0,1,1,1,2,24,2,2,0.0,0.0,0.0,0.0,0.0,2.0,21,5,5
156227,17,11,5,0,3,3,5,5,1,1,1,36,2,2,0.0,0.0,0.0,0.0,0.0,2.0,17,6,11
91187,16,2,3,2,3,3,0,1,0,1,2,23,2,2,0.0,0.0,0.0,0.0,0.0,2.0,17,4,7
4993,15,7,3,0,2,3,6,1,0,1,2,18,2,3,2.0,0.0,0.0,2.0,0.0,0.0,8,5,1
55938,16,2,1,0,6,3,0,2,0,1,2,6,2,3,2.0,0.0,0.0,2.0,0.0,3.0,23,1,4
46404,16,11,5,10,2,3,5,1,1,1,1,19,2,2,0.0,0.0,0.0,0.0,0.0,3.0,19,4,4
162987,17,7,1,17,2,3,6,5,1,1,2,18,2,2,0.0,0.0,0.0,0.0,0.0,3.0,21,4,11
5943,4,2,1,17,8,3,0,1,0,1,2,18,3,2,0.0,0.0,0.0,0.0,0.0,3.0,17,1,1
90437,16,2,3,17,8,3,0,1,1,1,1,36,2,2,0.0,0.0,0.0,0.0,0.0,3.0,11,5,7
4970,16,7,1,0,2,3,6,1,1,1,1,18,2,2,0.0,0.0,0.0,0.0,0.0,3.0,17,5,1
168899,15,2,3,0,8,3,0,5,1,1,2,5,2,2,0.0,0.0,0.0,0.0,0.0,3.0,14,4,11
42944,16,2,3,17,8,3,0,1,0,1,2,18,2,3,6.0,0.0,0.0,2.0,4.0,1.0,9,6,4
20895,15,10,1,17,8,3,4,1,1,1,2,36,2,2,0.0,0.0,0.0,0.0,0.0,2.0,0,7,2
13095,16,2,3,10,2,3,0,1,1,1,2,19,2,2,0.0,0.0,0.0,0.0,0.0,2.0,14,4,1
24251,16,2,3,15,2,3,5,5,1,1,2,18,2,2,0.0,0.0,0.0,0.0,0.0,3.0,11,7,2
22900,16,2,0,17,6,3,0,5,1,1,2,36,2,2,0.0,0.0,0.0,0.0,0.0,3.0,18,6,2
46971,16,2,3,10,6,3,0,1,1,1,1,13,2,2,0.0,0.0,0.0,0.0,0.0,2.0,15,3,4
35192,16,2,3,17,6,3,0,1,0,1,2,18,2,2,0.0,0.0,0.0,0.0,0.0,4.0,17,4,3
66517,16,2,3,10,8,3,0,1,1,1,1,19,2,2,0.0,0.0,0.0,0.0,0.0,2.0,10,3,5
103713,16,2,4,0,8,3,0,5,1,1,2,6,2,2,0.0,0.0,0.0,0.0,0.0,2.0,19,7,7
81761,15,2,1,0,16,3,0,1,0,1,2,18,2,2,0.0,0.0,0.0,0.0,0.0,3.0,1,7,6
92820,16,2,3,17,6,3,0,1,1,1,1,18,2,2,0.0,0.0,0.0,0.0,0.0,2.0,14,2,7
183354,15,2,1,0,8,3,0,5,1,1,2,18,3,2,0.0,0.0,0.0,0.0,0.0,2.0,18,2,12
51373,16,2,3,0,6,3,0,1,1,1,1,38,2,2,0.0,0.0,0.0,0.0,0.0,3.0,13,3,4
49652,4,2,2,15,10,3,0,1,1,1,1,22,2,2,0.0,0.0,0.0,0.0,0.0,2.0,13,1,4
34845,16,2,3,17,8,3,0,1,1,1,2,36,2,2,0.0,0.0,0.0,0.0,0.0,2.0,10,4,3
2179,4,2,1,0,10,3,0,5,0,1,2,18,2,2,0.0,0.0,0.0,0.0,0.0,2.0,21,3,1
179501,16,2,3,10,2,3,0,1,0,1,1,6,2,4,1.0,0.0,0.0,0.0,1.0,1.0,13,5,12
86210,16,2,3,10,6,3,0,1,1,1,1,17,2,2,0.0,0.0,0.0,0.0,0.0,2.0,11,5,6
129948,16,2,1,17,8,3,0,1,1,1,1,36,2,2,0.0,0.0,0.0,0.0,0.0,2.0,1,1,9
106042,16,2,3,17,8,3,0,5,0,1,2,18,2,2,0.0,0.0,0.0,0.0,0.0,3.0,8,6,8
17098,16,2,3,3,8,3,6,5,0,1,2,11,3,2,0.0,0.0,0.0,0.0,0.0,3.0,16,6,2
126383,4,2,1,8,6,3,0,1,1,1,0,36,2,2,0.0,0.0,0.0,0.0,0.0,2.0,3,1,9
20663,16,10,3,0,8,3,4,5,0,1,2,6,2,2,0.0,0.0,0.0,0.0,0.0,2.0,14,4,2
44464,15,2,1,0,6,3,0,1,0,1,2,18,2,3,2.0,0.0,0.0,2.0,0.0,1.0,20,6,4
62909,16,2,3,15,8,3,0,1,1,1,2,36,2,2,0.0,0.0,0.0,0.0,0.0,2.0,13,7,5
156837,16,2,0,10,8,3,0,1,1,1,1,22,2,2,0.0,0.0,0.0,0.0,0.0,2.0,4,7,11
44047,4,2,3,17,8,3,0,1,1,1,1,36,2,2,0.0,0.0,0.0,0.0,0.0,3.0,16,5,4
131492,16,2,3,17,6,3,0,1,0,1,2,18,2,4,2.0,0.0,0.0,0.0,2.0,0.0,14,1,9
118513,16,2,4,10,15,3,5,5,0,1,2,36,3,2,0.0,0.0,0.0,0.0,0.0,3.0,20,6,8
38563,16,2,3,10,8,3,0,1,1,1,1,36,2,2,0.0,0.0,0.0,0.0,0.0,2.0,16,7,3
55606,4,2,3,17,8,2,0,1,0,1,2,24,2,2,0.0,0.0,0.0,0.0,0.0,2.0,8,2,4
75423,15,2,3,0,9,3,0,1,1,1,2,36,2,2,0.0,0.0,0.0,0.0,0.0,3.0,14,6,6
65547,16,2,3,10,2,3,0,1,1,1,0,19,2,2,0.0,0.0,0.0,0.0,0.0,2.0,8,1,5
86859,16,2,3,10,8,3,0,1,1,1,2,19,2,2,0.0,0.0,0.0,0.0,0.0,2.0,16,7,6
15769,17,10,3,17,18,3,4,5,1,1,0,36,2,2,0.0,0.0,0.0,0.0,0.0,2.0,13,3,2
25093,4,7,3,15,2,3,6,1,1,1,2,23,2,2,0.0,0.0,0.0,0.0,0.0,2.0,9,3,2
120590,16,2,3,3,8,3,0,1,0,1,2,22,2,3,2.0,0.0,0.0,2.0,0.0,0.0,13,7,9
10580,16,2,3,15,8,3,0,1,1,1,1,22,2,2,0.0,0.0,0.0,0.0,0.0,2.0,7,2,1
126171,15,11,5,7,10,3,5,5,1,1,2,36,2,2,0.0,0.0,0.0,0.0,0.0,1.0,2,4,9
17389,16,2,1,10,3,3,0,5,1,1,1,19,2,2,0.0,0.0,0.0,0.0,0.0,2.0,17,3,2
164597,16,7,3,0,6,3,6,1,0,1,2,6,2,4,2.0,0.0,0.0,0.0,2.0,0.0,10,4,11
58320,16,2,3,17,8,3,6,1,1,1,2,23,2,2,0.0,0.0,0.0,0.0,0.0,2.0,12,5,5
76452,16,2,3,8,8,3,0,1,1,1,0,36,2,2,0.0,0.0,0.0,0.0,0.0,2.0,12,6,6
171867,16,2,3,10,6,3,0,1,1,1,1,17,2,2,0.0,0.0,0.0,0.0,0.0,2.0,7,2,11
168245,15,2,3,17,8,4,0,1,0,1,2,18,2,2,0.0,0.0,0.0,0.0,0.0,2.0,9,6,11
72014,4,2,1,10,3,2,0,1,1,0,2,36,2,2,0.0,0.0,0.0,0.0,0.0,2.0,0,2,6
143067,16,2,3,17,6,3,0,1,0,1,2,18,2,4,1.0,0.0,0.0,0.0,1.0,1.0,10,7,10
57333,16,2,3,0,8,3,0,1,1,1,2,26,3,2,0.0,0.0,0.0,0.0,0.0,3.0,13,4,5
180858,15,4,1,10,2,3,6,1,0,1,2,17,2,3,2.0,0.0,0.0,1.0,1.0,0.0,5,1,12
96244,16,2,3,10,8,3,0,1,0,1,2,17,4,4,2.0,0.0,0.0,0.0,2.0,5.0,14,6,7
182833,4,2,3,17,15,3,0,1,0,1,2,18,2,2,0.0,0.0,0.0,0.0,0.0,2.0,10,1,12
152124,15,2,3,10,8,3,6,1,1,1,2,19,2,2,0.0,0.0,0.0,0.0,0.0,3.0,9,6,10
20734,16,2,3,0,2,3,6,1,0,1,2,6,2,2,0.0,0.0,0.0,0.0,0.0,3.0,12,4,2
81454,15,2,3,0,6,3,0,1,0,1,2,18,2,3,1.0,0.0,0.0,1.0,0.0,2.0,11,3,6
161634,16,7,3,10,11,3,6,1,0,0,2,28,3,3,2.0,0.0,0.0,2.0,0.0,3.0,7,5,11
92802,4,2,1,3,6,3,0,1,0,1,1,36,2,1,2.0,0.0,1.0,1.0,0.0,2.0,23,1,7
104806,15,2,3,0,15,3,0,1,0,1,2,36,2,2,0.0,0.0,0.0,0.0,0.0,3.0,14,2,8
108223,16,2,3,17,11,3,0,1,1,1,2,36,2,2,0.0,0.0,0.0,0.0,0.0,2.0,13,4,8
151556,15,2,1,17,3,3,0,1,1,1,2,18,2,2,0.0,0.0,0.0,0.0,0.0,2.0,18,3,10
126847,16,2,1,17,6,3,0,1,1,1,2,24,2,2,0.0,0.0,0.0,0.0,0.0,2.0,20,7,9
95379,15,7,3,17,8,3,6,1,1,1,1,18,2,2,0.0,0.0,0.0,0.0,0.0,2.0,11,6,7
25347,15,7,3,0,8,4,6,5,0,1,2,17,2,2,0.0,0.0,0.0,0.0,0.0,3.0,15,7,2
164764,6,11,3,17,8,3,5,5,1,1,1,24,2,2,0.0,0.0,0.0,0.0,0.0,2.0,14,6,11
180134,16,3,3,15,2,3,0,1,0,1,2,22,3,2,0.0,0.0,0.0,0.0,0.0,4.0,13,6,12
35955,4,2,3,17,2,3,0,1,1,1,2,18,2,2,0.0,0.0,0.0,0.0,0.0,2.0,11,1,3
39104,16,11,5,0,6,3,5,5,0,1,1,36,2,4,1.0,0.0,0.0,0.0,1.0,1.0,9,4,3
24203,16,2,3,10,8,3,0,1,1,1,2,19,2,2,0.0,0.0,0.0,0.0,0.0,2.0,15,7,2
179625,15,2,1,2,10,3,6,1,0,1,2,17,3,2,0.0,0.0,0.0,0.0,0.0,2.0,20,6,12
140023,15,7,1,0,8,3,6,1,1,1,1,5,2,2,0.0,0.0,0.0,0.0,0.0,2.0,22,6,10
82401,16,2,1,0,6,3,0,1,0,1,2,6,2,3,2.0,0.0,0.0,2.0,0.0,2.0,0,1,6
13722,15,2,3,0,8,3,0,1,0,1,2,36,2,4,3.0,0.0,0.0,0.0,3.0,2.0,14,1,1
165886,16,2,0,2,6,3,0,1,0,1,2,36,1,4,1.0,0.0,0.0,0.0,1.0,1.0,20,2,11
101556,15,2,3,10,8,4,0,1,0,1,2,17,2,4,1.0,0.0,0.0,0.0,1.0,2.0,15,3,7