crash_date,               traffic_control_device,weather_condition,lighting_condition,first_crash_type,trafficway_type,alignment,roadway_surface_cond,road_defect,crash_type,intersection_related_i,damage,prim_contributory_cause,num_units,most_severe_injury,injuries_total,injuries_fatal,injuries_incapacitating,injuries_non_incapacitating,injuries_reported_not_evident,injuries_no_indication,crash_hour,crash_day_of_week,crash_month
163477,4,2,4,13,0,3,0,1,1,1,1,38,2,2,0.0,0.0,0.0,0.0,0.0,2.0,22,3,11
163078,16,2,1,10,2,3,0,1,0,1,2,36,2,4,1.0,0.0,0.0,0.0,1.0,1.0,19,3,11
133546,16,2,3,17,1,3,0,1,1,1,2,24,2,2,0.0,0.0,0.0,0.0,0.0,2.0,10,2,9
30231,16,2,1,15,8,3,0,1,1,1,1,36,2,2,0.0,0.0,0.0,0.0,0.0,2.0,17,5,3
126429,16,7,3,10,6,3,6,1,1,1,2,36,2,2,0.0,0.0,0.0,0.0,0.0,3.0,12,1,9
98892,16,2,3,17,6,3,0,1,1,1,1,17,2,2,0.0,0.0,0.0,0.0,0.0,3.0,12,2,7
136375,16,2,3,15,3,3,0,5,1,1,2,36,2,2,0.0,0.0,0.0,0.0,0.0,2.0,17,5,9
180868,16,2,0,15,8,3,0,1,1,1,2,36,2,2,0.0,0.0,0.0,0.0,0.0,5.0,19,1,12
75049,16,2,3,15,2,3,0,1,1,1,2,22,2,2,0.0,0.0,0.0,0.0,0.0,2.0,18,5,6
28809,16,2,3,17,2,3,0,1,1,1,1,18,2,2,0.0,0.0,0.0,0.0,0.0,3.0,14,7,3
177276,15,2,3,0,8,3,0,1,1,1,2,5,2,2,0.0,0.0,0.0,0.0,0.0,2.0,12,2,12
46834,16,3,1,15,1,2,5,1,1,0,0,36,2,2,0.0,0.0,0.0,0.0,0.0,3.0,21,5,4
113238,16,2,3,15,8,3,0,1,1,1,2,18,2,2,0.0,0.0,0.0,0.0,0.0,2.0,16,3,8
103394,16,2,3,10,6,3,0,1,1,1,0,19,2,2,0.0,0.0,0.0,0.0,0.0,2.0,11,3,7
180109,16,2,0,15,8,3,0,1,1,0,2,36,2,2,0.0,0.0,0.0,0.0,0.0,2.0,17,5,12
183311,16,2,1,0,8,3,0,1,1,1,2,36,2,2,0.0,0.0,0.0,0.0,0.0,3.0,19,1,12
163843,16,7,1,0,8,3,6,5,1,1,0,6,2,2,0.0,0.0,0.0,0.0,0.0,2.0,2,1,11
60642,16,2,3,17,8,3,0,1,0,1,2,6,2,3,1.0,0.0,0.0,1.0,0.0,1.0,12,5,5
145274,16,7,1,17,2,3,6,5,1,1,2,23,2,2,0.0,0.0,0.0,0.0,0.0,2.0,22,7,10
188316,16,7,1,10,3,3,4,1,0,1,2,17,2,4,2.0,0.0,0.0,0.0,2.0,1.0,0,4,12
74834,16,2,3,17,6,3,0,5,0,1,2,36,3,2,0.0,0.0,0.0,0.0,0.0,7.0,15,3,6
3265,15,2,3,17,8,3,0,1,1,1,2,36,2,2,0.0,0.0,0.0,0.0,0.0,2.0,16,7,1
29084,4,2,3,10,6,3,0,1,1,1,1,19,2,2,0.0,0.0,0.0,0.0,0.0,2.0,1,7,3
123697,16,7,4,17,8,3,6,1,0,0,2,18,2,2,0.0,0.0,0.0,0.0,0.0,2.0,6,4,9
136325,15,2,0,17,6,3,0,1,1,1,2,18,2,2,0.0,0.0,0.0,0.0,0.0,2.0,20,4,9
59734,16,2,1,0,6,3,0,1,0,1,2,6,2,2,0.0,0.0,0.0,0.0,0.0,2.0,2,7,5
142001,15,2,3,17,15,3,0,1,0,1,2,18,2,2,0.0,0.0,0.0,0.0,0.0,2.0,13,7,10
89730,15,2,3,0,15,3,0,1,1,1,2,18,2,2,0.0,0.0,0.0,0.0,0.0,3.0,1,3,7
26725,15,2,3,0,10,3,0,1,0,1,2,18,2,2,0.0,0.0,0.0,0.0,0.0,2.0,15,2,2
6293,16,7,1,0,6,3,6,1,0,1,2,28,2,3,2.0,0.0,0.0,1.0,1.0,1.0,2,6,1
67768,16,2,3,17,6,3,0,1,0,1,2,18,2,3,1.0,0.0,0.0,1.0,0.0,3.0,9,6,5
128203,16,2,3,17,6,3,0,1,0,1,1,28,3,2,0.0,0.0,0.0,0.0,0.0,4.0,7,5,9
31019,15,2,3,0,2,3,0,1,0,1,2,18,2,2,0.0,0.0,0.0,0.0,0.0,2.0,14,4,3
10030,16,2,3,17,11,3,0,1,1,1,1,18,2,2,0.0,0.0,0.0,0.0,0.0,3.0,9,5,1
106265,4,2,1,5,8,3,0,3,1,0,2,32,1,2,0.0,0.0,0.0,0.0,0.0,1.0,22,1,8
155401,15,2,3,0,8,3,0,1,1,1,1,36,2,2,0.0,0.0,0.0,0.0,0.0,2.0,10,7,10
91615,16,2,3,17,15,3,0,1,1,1,2,6,2,2,0.0,0.0,0.0,0.0,0.0,2.0,16,4,7
11598,16,7,3,10,8,3,6,1,1,1,0,19,2,2,0.0,0.0,0.0,0.0,0.0,3.0,15,6,1
154904,15,7,1,17,2,3,6,1,0,1,2,39,2,2,0.0,0.0,0.0,0.0,0.0,3.0,21,1,10
5590,15,10,4,0,10,3,4,1,1,1,0,16,2,2,0.0,0.0,0.0,0.0,0.0,2.0,16,7,1
120536,15,2,3,14,8,3,0,1,1,1,0,36,2,2,0.0,0.0,0.0,0.0,0.0,2.0,16,6,9
3708,16,2,3,10,6,3,0,1,1,1,1,36,2,2,0.0,0.0,0.0,0.0,0.0,2.0,13,1,1
53326,16,2,3,17,6,3,0,1,0,1,2,36,2,2,0.0,0.0,0.0,0.0,0.0,2.0,18,3,4
122016,16,2,3,17,6,3,0,1,1,1,1,36,2,2,0.0,0.0,0.0,0.0,0.0,2.0,9,7,9
3839,16,2,3,10,11,3,0,1,0,1,2,19,2,3,1.0,0.0,0.0,1.0,0.0,1.0,8,4,1
64445,15,2,3,17,8,3,0,1,0,1,2,18,2,2,0.0,0.0,0.0,0.0,0.0,2.0,18,4,5
76151,4,2,3,17,3,3,0,1,0,1,2,24,2,2,0.0,0.0,0.0,0.0,0.0,2.0,12,7,6
92634,4,2,3,7,8,3,0,1,0,1,2,12,2,2,0.0,0.0,0.0,0.0,0.0,1.0,19,6,7
71706,15,2,3,0,6,3,0,1,1,1,2,5,2,2,0.0,0.0,0.0,0.0,0.0,2.0,18,6,5
121299,15,2,3,0,11,3,0,5,0,1,2,36,2,4,2.0,0.0,0.0,0.0,2.0,0.0,15,4,9
181200,16,11,0,17,6,3,5,5,1,1,2,36,2,2,0.0,0.0,0.0,0.0,0.0,2.0,21,7,12
179200,16,2,1,17,8,3,0,1,0,1,2,36,2,2,0.0,0.0,0.0,0.0,0.0,2.0,17,2,12
156148,16,2,1,0,3,3,6,1,0,1,2,36,2,2,0.0,0.0,0.0,0.0,0.0,2.0,17,4,11
143542,4,7,3,10,8,3,6,1,1,1,2,19,2,2,0.0,0.0,0.0,0.0,0.0,2.0,15,6,10
105895,16,2,3,15,3,3,0,5,1,1,2,22,2,2,0.0,0.0,0.0,0.0,0.0,2.0,17,4,8
81500,4,2,3,17,8,3,0,1,1,1,2,36,2,2,0.0,0.0,0.0,0.0,0.0,2.0,16,2,6
185806,2,2,3,0,2,3,0,1,0,1,2,26,2,2,0.0,0.0,0.0,0.0,0.0,2.0,9,4,12
97415,16,2,1,0,8,3,0,1,0,1,2,36,3,4,1.0,0.0,0.0,0.0,1.0,2.0,21,2,7
150771,16,2,3,15,6,3,0,1,1,1,2,24,2,2,0.0,0.0,0.0,0.0,0.0,2.0,6,1,10
125996,16,2,3,15,8,3,5,5,1,1,2,22,2,2,0.0,0.0,0.0,0.0,0.0,2.0,10,3,9
124001,4,2,3,9,15,3,0,1,0,1,0,36,2,3,1.0,0.0,0.0,1.0,0.0,1.0,7,7,9
13153,16,2,1,15,2,3,0,1,0,1,2,4,3,2,0.0,0.0,0.0,0.0,0.0,4.0,15,5,1
182857,4,2,1,8,10,3,0,5,1,1,2,19,2,2,0.0,0.0,0.0,0.0,0.0,3.0,19,2,12
13334,15,7,3,0,6,3,6,1,1,1,1,36,2,2,0.0,0.0,0.0,0.0,0.0,2.0,11,7,1
101666,17,2,1,7,15,3,0,3,0,1,2,33,2,3,3.0,0.0,0.0,2.0,1.0,0.0,22,4,7
176387,16,2,1,17,6,3,0,1,0,1,2,18,2,3,1.0,0.0,0.0,1.0,0.0,1.0,19,6,12
105651,16,11,1,2,10,3,0,1,0,1,2,28,1,2,0.0,0.0,0.0,0.0,0.0,1.0,22,6,8
128868,16,2,3,0,6,3,0,1,0,1,2,6,2,2,0.0,0.0,0.0,0.0,0.0,2.0,7,1,9
108293,15,2,3,0,8,3,0,1,0,1,2,11,2,1,3.0,0.0,1.0,2.0,0.0,2.0,17,5,8
71659,15,2,1,17,8,3,0,1,1,1,2,18,2,2,0.0,0.0,0.0,0.0,0.0,2.0,21,4,5
4162,16,2,3,0,6,3,1,1,0,1,2,36,3,2,0.0,0.0,0.0,0.0,0.0,3.0,14,1,1
83174,16,2,1,0,17,3,0,1,1,1,2,22,2,2,0.0,0.0,0.0,0.0,0.0,5.0,22,5,6
186182,15,2,4,0,8,3,0,1,1,1,1,36,2,2,0.0,0.0,0.0,0.0,0.0,3.0,16,5,12
151485,16,2,2,10,8,3,0,1,1,1,2,19,2,2,0.0,0.0,0.0,0.0,0.0,2.0,19,5,10
126122,16,2,3,17,8,3,0,1,1,1,1,36,2,2,0.0,0.0,0.0,0.0,0.0,2.0,16,3,9
185507,4,7,3,0,6,3,6,1,0,1,2,36,2,2,0.0,0.0,0.0,0.0,0.0,4.0,8,6,12
157813,16,6,3,17,6,3,5,5,1,1,2,26,2,2,0.0,0.0,0.0,0.0,0.0,2.0,18,6,11
47988,16,2,3,17,2,3,0,1,1,1,2,36,2,2,0.0,0.0,0.0,0.0,0.0,2.0,17,7,4
40204,15,2,3,10,8,3,6,5,1,1,2,36,2,2,0.0,0.0,0.0,0.0,0.0,2.0,8,3,3
41075,4,2,3,15,8,3,0,1,1,1,2,36,2,2,0.0,0.0,0.0,0.0,0.0,2.0,15,6,3
66954,16,2,3,10,6,3,0,1,1,1,2,17,2,2,0.0,0.0,0.0,0.0,0.0,2.0,8,2,5
156393,16,3,3,15,8,3,0,1,1,1,2,36,2,2,0.0,0.0,0.0,0.0,0.0,2.0,10,5,11
12026,16,10,1,17,3,3,6,1,0,1,0,17,2,3,1.0,0.0,0.0,1.0,0.0,2.0,17,6,1
21679,4,4,3,17,8,3,6,1,1,1,2,18,2,2,0.0,0.0,0.0,0.0,0.0,2.0,9,5,2
73043,4,2,1,14,12,3,0,1,1,1,2,28,2,2,0.0,0.0,0.0,0.0,0.0,4.0,22,4,6
133679,4,2,3,7,10,3,0,1,1,1,1,12,2,2,0.0,0.0,0.0,0.0,0.0,1.0,6,2,9
169924,17,2,1,0,10,3,0,1,1,1,2,18,2,2,0.0,0.0,0.0,0.0,0.0,2.0,22,6,11
129247,16,2,3,17,2,3,0,1,1,1,2,23,2,2,0.0,0.0,0.0,0.0,0.0,2.0,8,5,9
45692,16,2,3,17,6,3,0,1,1,1,2,24,2,2,0.0,0.0,0.0,0.0,0.0,2.0,13,7,4
72544,16,2,3,10,8,3,0,1,1,1,1,19,2,2,0.0,0.0,0.0,0.0,0.0,4.0,14,4,6
57054,15,3,3,0,2,3,0,1,1,1,2,5,2,2,0.0,0.0,0.0,0.0,0.0,2.0,8,5,5
188596,16,2,3,17,8,3,0,1,0,1,2,12,2,4,1.0,0.0,0.0,0.0,1.0,1.0,16,1,12
3392,16,3,1,17,8,3,6,1,0,1,2,18,2,4,1.0,0.0,0.0,0.0,1.0,1.0,15,6,1
126498,16,7,1,17,6,3,6,1,0,1,2,24,2,4,1.0,0.0,0.0,0.0,1.0,1.0,21,2,9
146415,16,2,4,15,2,3,0,1,1,1,2,23,2,2,0.0,0.0,0.0,0.0,0.0,2.0,17,2,10
59069,16,2,3,10,8,3,0,1,1,1,2,19,2,2,0.0,0.0,0.0,0.0,0.0,2.0,8,2,5
116533,17,2,1,10,13,3,0,1,1,0,2,19,2,2,0.0,0.0,0.0,0.0,0.0,2.0,1,5,8
102407,16,2,3,17,1,4,0,1,0,1,2,36,2,2,0.0,0.0,0.0,0.0,0.0,3.0,11,7,7
63153,4,2,3,7,8,3,0,1,1,1,1,21,2,2,0.0,0.0,0.0,0.0,0.0,1.0,14,3,5
70110,15,7,3,0,15,3,6,1,0,1,2,5,2,2,0.0,0.0,0.0,0.0,0.0,2.0,17,3,5
8917,4,3,3,17,8,3,0,1,0,1,2,23,2,2,0.0,0.0,0.0,0.0,0.0,2.0,15,3,1
178886,4,2,0,10,8,3,0,1,1,1,1,15,2,2,0.0,0.0,0.0,0.0,0.0,2.0,19,3,12
136878,16,2,3,17,15,3,0,1,0,1,2,24,2,2,0.0,0.0,0.0,0.0,0.0,2.0,8,5,9
129843,16,2,1,0,9,3,6,1,0,1,2,6,2,4,1.0,0.0,0.0,0.0,1.0,3.0,21,6,9
178555,4,7,1,9,8,3,6,1,0,1,0,36,2,3,1.0,0.0,0.0,1.0,0.0,1.0,20,7,12
87784,15,2,3,9,8,3,0,1,0,1,0,17,2,1,1.0,0.0,1.0,0.0,0.0,1.0,9,6,7
119212,15,2,3,0,8,3,0,1,0,1,2,18,2,4,1.0,0.0,0.0,0.0,1.0,1.0,16,2,8
175663,16,2,1,11,8,3,0,1,1,1,2,36,2,2,0.0,0.0,0.0,0.0,0.0,2.0,23,7,12
78336,4,7,3,0,6,3,6,1,1,1,2,18,2,2,0.0,0.0,0.0,0.0,0.0,6.0,7,5,6
122912,15,2,3,0,6,3,0,1,0,1,2,17,2,4,1.0,0.0,0.0,0.0,1.0,2.0,16,5,9
83237,16,7,5,10,8,3,6,5,1,1,1,23,2,2,0.0,0.0,0.0,0.0,0.0,2.0,9,6,6
87706,16,2,3,15,15,3,0,5,0,1,2,36,2,2,0.0,0.0,0.0,0.0,0.0,3.0,11,6,6
40595,16,7,3,15,8,3,6,1,1,1,2,36,2,2,0.0,0.0,0.0,0.0,0.0,2.0,17,3,3
115296,16,2,3,17,1,3,0,1,0,1,1,24,2,2,0.0,0.0,0.0,0.0,0.0,2.0,15,7,8
77902,15,7,3,0,8,3,6,1,0,1,2,5,2,1,2.0,0.0,1.0,0.0,1.0,0.0,16,7,6
11484,16,2,0,10,2,3,0,1,1,1,1,19,2,2,0.0,0.0,0.0,0.0,0.0,2.0,19,4,1
37490,15,2,1,0,6,3,0,1,1,1,2,18,2,2,0.0,0.0,0.0,0.0,0.0,2.0,21,2,3
120716,16,7,3,10,8,3,6,5,0,1,0,19,2,3,1.0,0.0,0.0,1.0,0.0,1.0,15,3,9
46251,16,2,3,10,8,3,0,1,1,1,2,19,2,2,0.0,0.0,0.0,0.0,0.0,3.0,7,3,4
40899,16,3,3,0,8,3,0,1,1,1,2,36,2,2,0.0,0.0,0.0,0.0,0.0,2.0,7,3,3
75986,15,2,3,0,10,3,0,1,0,1,2,5,2,2,0.0,0.0,0.0,0.0,0.0,3.0,20,7,6
148549,16,2,1,0,6,3,0,1,0,1,2,6,2,2,0.0,0.0,0.0,0.0,0.0,4.0,4,7,10
148062,16,2,3,10,2,3,0,1,1,1,1,36,2,2,0.0,0.0,0.0,0.0,0.0,2.0,7,5,10
56051,16,7,1,0,11,3,6,1,0,1,1,6,2,2,0.0,0.0,0.0,0.0,0.0,3.0,22,2,5
49654,17,2,3,15,17,3,0,5,1,1,2,36,2,2,0.0,0.0,0.0,0.0,0.0,2.0,14,1,4
59623,16,7,1,0,6,4,6,1,0,1,2,36,2,2,0.0,0.0,0.0,0.0,0.0,2.0,5,4,5
45790,15,2,1,8,6,3,0,1,0,1,0,36,2,3,1.0,0.0,0.0,1.0,0.0,1.0,21,2,4
18322,4,2,0,15,8,3,0,1,1,0,0,36,2,2,0.0,0.0,0.0,0.0,0.0,2.0,17,5,2
126569,4,2,3,17,6,3,0,1,0,1,2,18,2,2,0.0,0.0,0.0,0.0,0.0,2.0,9,4,9
123728,15,2,3,0,8,3,0,1,1,1,2,36,2,2,0.0,0.0,0.0,0.0,0.0,3.0,12,4,9
26222,16,2,3,10,2,3,0,5,1,1,1,36,2,2,0.0,0.0,0.0,0.0,0.0,2.0,14,1,2
29305,4,11,5,7,8,3,5,5,1,1,0,36,2,2,0.0,0.0,0.0,0.0,0.0,2.0,17,3,3
188859,16,3,2,10,8,3,0,1,0,0,1,8,2,2,0.0,0.0,0.0,0.0,0.0,3.0,15,6,12
69096,16,2,3,17,6,3,0,1,0,1,2,17,3,1,4.0,0.0,1.0,3.0,0.0,0.0,11,6,5
84740,16,2,3,8,2,3,0,1,1,1,0,17,2,2,0.0,0.0,0.0,0.0,0.0,3.0,17,2,6
105129,15,2,1,9,8,3,0,1,0,1,0,18,2,3,1.0,0.0,0.0,1.0,0.0,1.0,23,5,8
29223,4,2,0,10,2,3,0,1,1,1,1,36,2,2,0.0,0.0,0.0,0.0,0.0,4.0,20,7,3
116344,16,2,3,10,8,3,0,1,1,1,2,19,2,2,0.0,0.0,0.0,0.0,0.0,2.0,13,2,8
179536,4,11,5,7,10,3,5,5,1,1,1,26,2,2,0.0,0.0,0.0,0.0,0.0,1.0,19,5,12
124851,16,2,1,15,8,3,0,1,1,1,2,36,2,2,0.0,0.0,0.0,0.0,0.0,2.0,0,6,9
10488,16,2,3,0,8,3,4,1,1,1,2,6,2,2,0.0,0.0,0.0,0.0,0.0,2.0,8,1,1
172679,2,2,0,10,2,3,0,1,0,1,2,17,2,3,1.0,0.0,0.0,1.0,0.0,2.0,2,1,12
173050,15,2,1,17,8,3,0,1,1,1,2,36,2,2,0.0,0.0,0.0,0.0,0.0,2.0,0,5,12
121375,16,2,3,17,11,3,0,5,1,1,2,36,2,2,0.0,0.0,0.0,0.0,0.0,2.0,16,5,9
152996,16,2,3,17,6,3,0,1,1,1,0,12,2,2,0.0,0.0,0.0,0.0,0.0,2.0,12,1,10
101133,16,2,3,17,6,3,0,1,1,1,1,19,2,2,0.0,0.0,0.0,0.0,0.0,2.0,17,4,7
36344,15,2,3,17,8,3,5,5,1,1,2,23,2,2,0.0,0.0,0.0,0.0,0.0,2.0,15,2,3
113849,16,2,3,17,2,3,0,1,1,1,2,8,2,2,0.0,0.0,0.0,0.0,0.0,3.0,17,6,8
112580,16,2,3,17,2,3,6,1,1,1,2,18,2,2,0.0,0.0,0.0,0.0,0.0,2.0,9,6,8
92574,16,2,1,9,6,3,0,1,0,1,0,18,2,3,1.0,0.0,0.0,1.0,0.0,1.0,21,4,7
103215,16,2,3,17,6,3,0,1,1,1,2,36,2,2,0.0,0.0,0.0,0.0,0.0,2.0,15,7,7
117604,16,2,3,17,8,3,0,5,0,1,2,36,2,2,0.0,0.0,0.0,0.0,0.0,2.0,17,7,8
121491,16,2,3,17,2,3,0,1,0,1,2,36,2,3,1.0,0.0,0.0,1.0,0.0,1.0,12,6,9
149144,16,2,3,10,3,3,0,1,1,1,2,19,2,2,0.0,0.0,0.0,0.0,0.0,2.0,8,4,10
61477,16,2,3,10,6,3,5,5,1,1,2,36,2,2,0.0,0.0,0.0,0.0,0.0,4.0,13,7,5
54073,16,2,3,9,10,3,0,1,0,1,2,36,2,3,1.0,0.0,0.0,1.0,0.0,1.0,9,6,4
349,16,7,1,10,6,3,6,1,0,1,1,19,2,2,0.0,0.0,0.0,0.0,0.0,2.0,0,7,1
56294,16,2,4,15,8,3,0,5,1,1,1,36,2,2,0.0,0.0,0.0,0.0,0.0,3.0,23,7,5
19315,15,10,2,17,2,3,4,1,1,1,2,24,2,2,0.0,0.0,0.0,0.0,0.0,2.0,11,7,2
89728,16,2,1,8,2,3,5,5,0,1,2,11,2,3,1.0,0.0,0.0,1.0,0.0,1.0,1,3,7
155089,4,7,3,10,8,3,6,5,1,1,2,36,2,2,0.0,0.0,0.0,0.0,0.0,2.0,12,7,10
169138,16,2,1,17,8,3,0,1,1,1,2,36,2,2,0.0,0.0,0.0,0.0,0.0,4.0,21,6,11
24376,4,2,3,0,6,3,0,1,1,1,2,23,2,2,0.0,0.0,0.0,0.0,0.0,6.0,15,3,2
83253,16,2,0,8,11,3,5,1,0,1,0,18,2,4,1.0,0.0,0.0,0.0,1.0,1.0,23,6,6
177144,15,10,1,15,10,3,4,1,1,1,2,16,2,2,0.0,0.0,0.0,0.0,0.0,2.0,18,7,12
155565,15,2,1,9,6,3,0,1,0,1,0,18,2,1,1.0,0.0,1.0,0.0,0.0,1.0,6,3,10
131926,16,2,1,15,8,3,0,1,0,1,0,28,2,4,1.0,0.0,0.0,0.0,1.0,1.0,23,5,9
145562,15,3,4,0,6,3,0,1,1,1,2,18,2,2,0.0,0.0,0.0,0.0,0.0,2.0,18,6,10
101306,16,2,3,14,8,3,0,1,1,1,1,21,2,2,0.0,0.0,0.0,0.0,0.0,3.0,12,5,7
44824,16,2,3,10,3,3,0,1,1,0,2,36,2,2,0.0,0.0,0.0,0.0,0.0,3.0,15,5,4
181521,16,10,3,10,3,3,2,1,0,1,2,17,2,2,0.0,0.0,0.0,0.0,0.0,3.0,14,5,12
97384,16,2,3,17,18,2,0,1,0,1,2,35,2,2,0.0,0.0,0.0,0.0,0.0,10.0,16,2,7
43440,4,2,3,8,2,3,0,1,0,1,2,18,2,3,2.0,0.0,0.0,2.0,0.0,0.0,12,7,4
159114,16,2,2,0,2,3,0,1,0,1,2,6,2,3,1.0,0.0,0.0,1.0,0.0,2.0,4,4,11
101524,16,2,3,9,8,3,0,1,1,1,0,18,2,2,0.0,0.0,0.0,0.0,0.0,2.0,9,2,7
185382,16,2,1,10,2,3,0,5,1,1,1,36,2,2,0.0,0.0,0.0,0.0,0.0,2.0,19,3,12
53188,15,2,3,0,8,3,0,1,0,1,2,18,2,2,0.0,0.0,0.0,0.0,0.0,2.0,14,1,4
34575,15,2,3,0,6,3,0,1,0,1,2,36,2,2,0.0,0.0,0.0,0.0,0.0,3.0,16,1,3
40509,16,2,3,10,3,3,0,1,0,1,2,36,4,2,0.0,0.0,0.0,0.0,0.0,5.0,9,2,3
51779,16,2,3,10,8,3,0,1,1,0,2,19,2,2,0.0,0.0,0.0,0.0,0.0,2.0,10,2,4
701,16,2,1,7,5,3,0,1,1,1,1,24,2,2,0.0,0.0,0.0,0.0,0.0,1.0,17,5,1
50362,16,2,3,17,2,3,6,1,0,1,2,18,2,3,2.0,0.0,0.0,2.0,0.0,0.0,8,5,4
11816,16,2,1,8,8,3,0,1,1,1,0,24,2,2,0.0,0.0,0.0,0.0,0.0,2.0,10,3,1
1803,15,2,3,17,8,3,0,1,1,1,2,18,2,2,0.0,0.0,0.0,0.0,0.0,2.0,8,4,1
153525,16,2,3,17,6,3,0,5,1,1,2,36,2,2,0.0,0.0,0.0,0.0,0.0,2.0,16,2,10
156503,16,2,3,0,8,3,0,1,0,1,2,6,2,1,1.0,0.0,1.0,0.0,0.0,1.0,15,7,11
91256,16,2,3,17,6,3,0,1,0,1,2,36,2,3,3.0,0.0,0.0,3.0,0.0,2.0,8,5,7
5043,16,2,1,10,8,3,0,1,1,1,1,28,2,2,0.0,0.0,0.0,0.0,0.0,2.0,19,6,1
149564,16,2,3,17,15,3,0,1,1,1,2,18,2,2,0.0,0.0,0.0,0.0,0.0,2.0,11,6,10
141254,15,2,1,0,6,3,0,1,0,1,2,5,2,3,2.0,0.0,0.0,2.0,0.0,1.0,22,2,10
166814,15,11,0,10,6,3,5,5,0,1,2,19,2,3,2.0,0.0,0.0,2.0,0.0,1.0,4,1,11
66012,4,11,3,10,6,3,5,5,1,1,2,36,2,2,0.0,0.0,0.0,0.0,0.0,2.0,15,2,5
171066,15,2,3,0,18,3,0,1,1,1,2,36,2,2,0.0,0.0,0.0,0.0,0.0,2.0,14,5,11
24601,16,2,3,10,8,3,0,1,1,1,2,36,2,2,0.0,0.0,0.0,0.0,0.0,2.0,9,6,2
141865,15,2,3,8,6,3,0,1,0,1,1,18,2,1,1.0,0.0,1.0,0.0,0.0,2.0,15,5,10
149950,16,7,3,10,6,3,6,1,1,1,2,19,2,2,0.0,0.0,0.0,0.0,0.0,2.0,9,3,10
20623,15,10,1,17,8,3,6,5,0,1,2,18,2,2,0.0,0.0,0.0,0.0,0.0,2.0,19,3,2
53408,16,2,3,10,8,3,0,1,1,1,2,19,2,2,0.0,0.0,0.0,0.0,0.0,2.0,7,5,4
127875,16,2,3,17,8,3,0,1,1,1,1,24,2,2,0.0,0.0,0.0,0.0,0.0,2.0,7,6,9
16468,16,10,3,15,2,3,4,1,1,1,0,39,2,2,0.0,0.0,0.0,0.0,0.0,7.0,12,1,2
134391,16,2,3,10,8,3,0,1,1,1,1,8,2,2,0.0,0.0,0.0,0.0,0.0,2.0,17,6,9
72293,16,7,3,15,6,3,6,1,1,1,1,36,2,2,0.0,0.0,0.0,0.0,0.0,4.0,12,7,6
6305,16,2,3,15,6,3,0,1,1,1,2,36,2,2,0.0,0.0,0.0,0.0,0.0,5.0,15,6,1
187256,13,2,1,13,6,3,0,1,1,1,2,26,2,2,0.0,0.0,0.0,0.0,0.0,3.0,19,2,12
140124,16,2,3,8,18,3,0,5,0,1,0,36,2,3,1.0,0.0,0.0,1.0,0.0,2.0,16,2,10
63599,15,2,1,0,8,3,0,1,1,1,2,18,2,2,0.0,0.0,0.0,0.0,0.0,3.0,2,3,5
18324,15,2,1,0,2,3,6,1,1,1,1,36,2,2,0.0,0.0,0.0,0.0,0.0,4.0,17,5,2
154598,16,7,3,9,6,3,6,1,0,1,1,18,2,3,1.0,0.0,0.0,1.0,0.0,1.0,15,4,10
124888,16,2,3,0,6,3,0,1,0,1,2,36,2,2,0.0,0.0,0.0,0.0,0.0,2.0,17,1,9
170005,15,10,0,0,6,3,6,1,0,1,2,5,4,4,2.0,0.0,0.0,0.0,2.0,2.0,17,1,11
24632,15,10,1,17,8,3,4,1,1,1,2,39,2,2,0.0,0.0,0.0,0.0,0.0,2.0,18,1,2
135213,4,2,3,11,8,3,0,1,1,1,2,21,2,2,0.0,0.0,0.0,0.0,0.0,2.0,18,3,9
13115,16,2,1,2,2,3,4,1,0,1,2,36,1,1,1.0,0.0,1.0,0.0,0.0,0.0,20,4,1
56743,16,2,3,17,1,3,0,1,1,1,2,6,2,2,0.0,0.0,0.0,0.0,0.0,2.0,17,1,5
157356,15,7,2,0,6,3,6,5,0,1,2,18,3,2,0.0,0.0,0.0,0.0,0.0,2.0,17,1,11
49280,4,2,1,9,8,3,0,1,1,1,0,18,2,2,0.0,0.0,0.0,0.0,0.0,3.0,0,7,4
19598,16,2,1,0,6,3,0,1,0,1,2,6,2,1,2.0,0.0,2.0,0.0,0.0,0.0,1,7,2
124252,4,2,3,0,0,3,0,1,1,1,2,18,3,2,0.0,0.0,0.0,0.0,0.0,3.0,17,5,9
160602,15,2,3,7,8,3,0,1,0,1,2,23,3,2,0.0,0.0,0.0,0.0,0.0,2.0,14,4,11
35721,16,2,1,17,6,3,6,1,1,1,2,36,2,2,0.0,0.0,0.0,0.0,0.0,4.0,21,5,3
83238,16,7,1,17,8,3,6,1,0,1,2,18,2,2,0.0,0.0,0.0,0.0,0.0,3.0,21,6,6
140081,16,2,3,0,6,3,0,1,0,1,2,6,2,1,2.0,0.0,1.0,1.0,0.0,0.0,8,7,10
81482,15,2,1,9,8,3,0,1,1,1,0,14,2,2,0.0,0.0,0.0,0.0,0.0,2.0,0,1,6
145024,15,2,1,0,8,3,0,1,1,1,2,18,2,2,0.0,0.0,0.0,0.0,0.0,2.0,21,5,10
173270,16,2,4,3,8,3,0,1,0,1,2,17,2,2,0.0,0.0,0.0,0.0,0.0,5.0,16,1,12
19061,16,11,1,0,6,3,5,5,1,1,2,6,2,2,0.0,0.0,0.0,0.0,0.0,2.0,8,4,2