crash_date,               traffic_control_device,weather_condition,lighting_condition,first_crash_type,trafficway_type,alignment,roadway_surface_cond,road_defect,crash_type,intersection_related_i,damage,prim_contributory_cause,num_units,most_severe_injury,injuries_total,injuries_fatal,injuries_incapacitating,injuries_non_incapacitating,injuries_reported_not_evident,injuries_no_indication,crash_hour,crash_day_of_week,crash_month
139592,16,3,3,10,8,3,0,1,1,1,2,36,2,2,0.0,0.0,0.0,0.0,0.0,2.0,14,2,10
41383,16,2,3,17,10,3,0,1,0,1,2,36,2,4,1.0,0.0,0.0,0.0,1.0,4.0,11,4,3
179833,16,2,3,17,6,3,0,1,0,1,2,24,2,3,2.0,0.0,0.0,2.0,0.0,2.0,11,3,12
132505,15,2,3,10,8,3,0,1,0,1,2,19,2,3,1.0,0.0,0.0,1.0,0.0,2.0,9,6,9
135551,16,2,1,7,6,3,0,5,1,1,1,17,2,2,0.0,0.0,0.0,0.0,0.0,3.0,0,6,9
16245,16,2,0,9,6,3,4,1,0,1,0,18,2,3,1.0,0.0,0.0,1.0,0.0,1.0,17,5,2
88041,16,2,1,15,8,3,0,1,0,1,0,23,2,4,2.0,0.0,0.0,0.0,2.0,2.0,2,5,7
1905,16,2,1,0,2,3,0,1,0,1,1,3,2,2,0.0,0.0,0.0,0.0,0.0,4.0,18,7,1
157527,16,2,3,17,1,3,0,1,1,1,2,36,2,2,0.0,0.0,0.0,0.0,0.0,2.0,15,1,11
152264,16,2,3,17,1,4,0,1,0,1,2,18,2,3,1.0,0.0,0.0,1.0,0.0,1.0,9,5,10
36971,16,7,1,0,6,3,6,5,0,1,2,6,2,2,0.0,0.0,0.0,0.0,0.0,2.0,2,7,3
144030,4,7,0,10,10,3,6,1,1,1,2,19,2,2,0.0,0.0,0.0,0.0,0.0,2.0,18,4,10
140684,16,2,3,10,8,3,0,1,1,1,2,18,2,2,0.0,0.0,0.0,0.0,0.0,2.0,5,3,10
145322,16,7,1,17,8,3,6,1,0,1,2,18,2,2,0.0,0.0,0.0,0.0,0.0,2.0,22,1,10
116606,16,2,3,17,6,3,0,1,0,1,2,24,2,3,1.0,0.0,0.0,1.0,0.0,1.0,13,7,8
120358,4,2,3,17,18,3,0,1,0,1,2,18,2,2,0.0,0.0,0.0,0.0,0.0,4.0,16,5,8
85033,16,2,1,17,8,3,0,5,1,1,2,36,2,2,0.0,0.0,0.0,0.0,0.0,2.0,20,7,6
148966,15,2,3,15,8,3,0,1,1,1,0,36,2,2,0.0,0.0,0.0,0.0,0.0,3.0,15,5,10
133268,16,2,3,17,3,2,0,1,1,1,1,22,2,2,0.0,0.0,0.0,0.0,0.0,6.0,17,4,9
130049,16,2,0,17,6,3,0,5,0,1,2,18,2,3,2.0,0.0,0.0,2.0,0.0,1.0,19,3,9
31608,4,2,3,17,6,3,0,5,1,1,0,18,2,2,0.0,0.0,0.0,0.0,0.0,2.0,16,1,3
32296,16,2,3,10,2,3,0,1,1,1,2,36,2,2,0.0,0.0,0.0,0.0,0.0,2.0,15,5,3
29208,16,2,3,9,2,3,0,1,0,1,0,36,2,3,1.0,0.0,0.0,1.0,0.0,1.0,17,7,3
37739,16,2,3,15,2,3,0,1,1,1,2,36,2,2,0.0,0.0,0.0,0.0,0.0,2.0,12,5,3
176012,15,2,0,9,8,3,0,5,0,1,2,18,3,1,1.0,0.0,1.0,0.0,0.0,2.0,16,6,12
146459,4,2,1,17,12,3,0,1,0,1,2,16,2,2,0.0,0.0,0.0,0.0,0.0,2.0,16,3,10
183508,16,2,3,17,11,3,0,5,1,1,2,18,2,2,0.0,0.0,0.0,0.0,0.0,2.0,15,6,12
163306,16,2,1,10,2,3,0,1,0,1,2,19,3,3,1.0,0.0,0.0,1.0,0.0,3.0,3,1,11
67488,4,2,3,8,2,3,0,1,1,1,0,36,2,2,0.0,0.0,0.0,0.0,0.0,2.0,7,3,5
172110,15,11,5,0,6,3,5,5,1,1,2,36,2,2,0.0,0.0,0.0,0.0,0.0,2.0,18,7,11
62985,6,2,0,5,11,3,0,5,0,1,2,12,1,2,0.0,0.0,0.0,0.0,0.0,1.0,2,1,5
73442,15,2,1,0,2,3,0,1,0,1,2,6,2,3,1.0,0.0,0.0,1.0,0.0,2.0,0,2,6
87225,16,2,3,17,2,3,0,1,1,1,1,24,2,2,0.0,0.0,0.0,0.0,0.0,2.0,15,5,6
64684,16,2,3,17,10,3,0,1,1,1,2,24,2,2,0.0,0.0,0.0,0.0,0.0,2.0,13,7,5
41751,16,7,1,0,6,3,6,1,0,1,2,6,5,3,1.0,0.0,0.0,1.0,0.0,2.0,1,7,3
17071,15,10,0,10,8,3,4,1,0,1,2,19,2,4,1.0,0.0,0.0,0.0,1.0,1.0,22,4,2
171424,16,9,4,15,2,3,6,5,1,0,0,36,2,2,0.0,0.0,0.0,0.0,0.0,2.0,17,3,11
127641,16,2,3,17,6,3,0,1,1,1,2,3,2,2,0.0,0.0,0.0,0.0,0.0,2.0,7,4,9
23519,15,2,1,0,2,3,0,1,1,1,1,38,2,2,0.0,0.0,0.0,0.0,0.0,2.0,21,1,2
54405,16,2,3,17,6,3,0,1,0,1,2,36,3,2,0.0,0.0,0.0,0.0,0.0,3.0,18,5,4
177250,16,2,3,0,11,3,0,1,0,1,2,6,2,2,0.0,0.0,0.0,0.0,0.0,2.0,7,2,12
89762,16,2,1,17,8,3,0,1,1,1,2,18,2,2,0.0,0.0,0.0,0.0,0.0,4.0,22,3,7
160227,6,2,3,10,6,3,0,1,1,1,2,19,2,2,0.0,0.0,0.0,0.0,0.0,2.0,8,6,11
43782,4,2,1,17,10,3,0,1,1,1,0,36,2,2,0.0,0.0,0.0,0.0,0.0,4.0,20,5,4
59758,16,2,3,17,18,3,0,1,1,1,2,22,2,2,0.0,0.0,0.0,0.0,0.0,4.0,19,7,5
121942,16,2,0,3,6,3,0,1,0,1,2,11,2,3,1.0,0.0,0.0,1.0,0.0,2.0,19,6,9
164142,4,2,0,2,3,5,0,1,0,0,2,17,1,3,1.0,0.0,0.0,1.0,0.0,0.0,17,6,11
24351,4,2,0,10,8,3,0,1,1,1,2,19,2,2,0.0,0.0,0.0,0.0,0.0,2.0,22,2,2
133942,16,7,1,0,8,3,6,1,0,1,2,18,2,2,0.0,0.0,0.0,0.0,0.0,2.0,1,7,9
186843,15,10,1,17,8,3,6,1,1,1,2,36,2,2,0.0,0.0,0.0,0.0,0.0,2.0,19,3,12
119204,15,2,3,17,8,3,6,1,1,1,0,36,2,2,0.0,0.0,0.0,0.0,0.0,2.0,15,2,8
87091,15,2,1,0,6,3,0,1,0,1,2,5,2,3,1.0,0.0,0.0,1.0,0.0,1.0,1,5,6
118944,16,7,3,17,2,3,6,1,1,1,2,24,2,2,0.0,0.0,0.0,0.0,0.0,2.0,11,4,8
163636,16,7,2,17,2,3,6,1,1,1,2,36,2,2,0.0,0.0,0.0,0.0,0.0,4.0,7,4,11
656,15,2,1,17,8,3,6,1,1,1,2,18,2,2,0.0,0.0,0.0,0.0,0.0,2.0,18,4,1
179021,15,2,3,9,2,3,0,1,0,1,1,18,2,3,1.0,0.0,0.0,1.0,0.0,1.0,7,5,12
151787,15,2,0,0,8,3,0,1,1,1,2,36,2,2,0.0,0.0,0.0,0.0,0.0,2.0,20,1,10
98507,4,2,3,0,15,3,0,1,1,1,0,18,2,2,0.0,0.0,0.0,0.0,0.0,2.0,13,5,7
38162,16,2,3,10,8,3,5,5,1,1,2,30,3,2,0.0,0.0,0.0,0.0,0.0,3.0,10,6,3
94177,4,2,1,10,8,3,0,1,1,1,2,36,2,2,0.0,0.0,0.0,0.0,0.0,2.0,23,7,7
118824,16,7,3,10,2,3,6,1,1,1,2,19,2,2,0.0,0.0,0.0,0.0,0.0,2.0,17,2,8
158588,15,7,3,0,10,3,6,1,1,1,2,36,2,2,0.0,0.0,0.0,0.0,0.0,4.0,11,3,11
183134,16,2,3,15,2,3,0,1,1,1,0,23,2,2,0.0,0.0,0.0,0.0,0.0,2.0,15,5,12
124626,16,7,3,17,15,3,6,1,0,1,2,39,2,2,0.0,0.0,0.0,0.0,0.0,2.0,12,3,9
67310,4,7,3,0,8,3,6,1,1,1,1,36,2,2,0.0,0.0,0.0,0.0,0.0,2.0,21,7,5
3105,16,2,3,10,8,3,0,1,1,1,2,36,2,2,0.0,0.0,0.0,0.0,0.0,2.0,7,3,1
124818,16,3,2,17,15,3,6,1,1,1,2,6,2,2,0.0,0.0,0.0,0.0,0.0,2.0,7,6,9
158546,16,7,1,8,2,3,6,5,0,1,0,6,2,0,1.0,1.0,0.0,0.0,0.0,2.0,5,3,11
59374,17,11,5,15,16,3,5,5,1,1,2,36,2,2,0.0,0.0,0.0,0.0,0.0,2.0,16,1,5
122497,15,2,0,2,8,3,5,5,1,1,1,36,1,2,0.0,0.0,0.0,0.0,0.0,1.0,1,7,9
105678,16,2,1,0,2,3,0,1,0,1,2,6,2,3,2.0,0.0,0.0,2.0,0.0,2.0,4,7,8
52516,16,3,3,8,6,3,0,1,0,1,2,6,2,3,1.0,0.0,0.0,1.0,0.0,1.0,11,3,4
38861,15,2,3,17,2,3,0,1,1,1,2,36,2,2,0.0,0.0,0.0,0.0,0.0,2.0,12,7,3
133757,16,2,1,10,6,3,0,1,1,1,2,36,2,2,0.0,0.0,0.0,0.0,0.0,2.0,20,3,9
140562,4,2,1,8,8,3,0,1,1,1,2,36,2,2,0.0,0.0,0.0,0.0,0.0,2.0,16,7,10
148446,4,2,3,10,8,3,6,1,1,1,1,19,2,2,0.0,0.0,0.0,0.0,0.0,2.0,13,5,10
138081,16,2,1,17,8,3,0,1,0,1,2,6,2,0,3.0,1.0,0.0,2.0,0.0,0.0,1,3,10
73467,16,2,3,8,2,3,0,1,0,1,0,36,2,3,1.0,0.0,0.0,1.0,0.0,1.0,16,3,6
118793,16,2,1,17,15,3,0,5,1,1,1,23,2,2,0.0,0.0,0.0,0.0,0.0,3.0,21,4,8
98835,15,2,3,17,6,3,0,1,1,1,2,5,2,2,0.0,0.0,0.0,0.0,0.0,2.0,14,2,7
118529,4,7,0,17,6,3,6,1,0,1,2,36,2,3,3.0,0.0,0.0,3.0,0.0,0.0,22,6,8
100655,16,2,1,17,3,3,0,1,0,1,2,24,2,2,0.0,0.0,0.0,0.0,0.0,2.0,21,3,7
84032,15,2,4,14,8,3,0,1,0,1,2,36,2,3,1.0,0.0,0.0,1.0,0.0,1.0,21,5,6
86918,15,2,3,0,8,3,0,1,0,1,2,38,2,2,0.0,0.0,0.0,0.0,0.0,3.0,14,2,6
153160,15,2,4,0,6,3,0,1,0,1,2,18,2,4,1.0,0.0,0.0,0.0,1.0,2.0,16,5,10
129354,16,2,1,0,6,3,0,1,0,1,2,18,2,2,0.0,0.0,0.0,0.0,0.0,2.0,1,7,9
21956,4,7,1,10,8,3,6,1,1,0,2,36,2,2,0.0,0.0,0.0,0.0,0.0,2.0,2,4,2
147519,17,2,4,10,8,3,0,5,1,1,0,36,2,2,0.0,0.0,0.0,0.0,0.0,2.0,23,4,10
14346,16,2,3,10,2,3,0,5,1,1,1,36,2,2,0.0,0.0,0.0,0.0,0.0,2.0,7,5,1
54786,16,7,3,17,6,3,6,5,0,1,2,36,2,2,0.0,0.0,0.0,0.0,0.0,4.0,6,4,4
116296,17,2,1,17,15,3,0,1,1,1,2,6,2,2,0.0,0.0,0.0,0.0,0.0,2.0,3,7,8
81889,16,2,3,2,3,3,0,2,0,1,2,36,1,2,0.0,0.0,0.0,0.0,0.0,1.0,5,1,6
17225,4,2,1,10,10,3,0,1,1,0,2,36,2,2,0.0,0.0,0.0,0.0,0.0,3.0,23,7,2
136397,4,11,5,0,6,3,5,5,1,1,2,36,2,2,0.0,0.0,0.0,0.0,0.0,2.0,9,5,9
146946,4,2,1,10,2,3,0,1,1,1,2,36,2,2,0.0,0.0,0.0,0.0,0.0,2.0,18,3,10
78671,16,2,3,0,6,3,0,1,0,1,2,18,2,3,1.0,0.0,0.0,1.0,0.0,1.0,13,5,6
76378,16,2,3,15,15,3,5,5,1,1,2,22,2,2,0.0,0.0,0.0,0.0,0.0,2.0,10,5,6
89254,16,2,1,10,10,3,0,1,0,1,2,28,3,2,0.0,0.0,0.0,0.0,0.0,11.0,21,2,7
112001,16,2,3,0,8,3,0,1,1,1,1,18,2,2,0.0,0.0,0.0,0.0,0.0,3.0,13,5,8
123821,15,2,3,0,2,3,0,1,1,1,0,36,2,2,0.0,0.0,0.0,0.0,0.0,3.0,7,4,9
179008,15,7,1,9,8,3,6,1,0,1,2,36,2,1,1.0,0.0,1.0,0.0,0.0,2.0,18,5,12
99160,16,2,3,10,2,3,0,1,0,1,2,26,2,2,0.0,0.0,0.0,0.0,0.0,3.0,14,2,7
65169,16,2,1,14,8,3,5,1,1,1,1,36,2,2,0.0,0.0,0.0,0.0,0.0,2.0,22,7,5
9430,16,2,3,10,2,3,6,1,1,1,2,36,3,2,0.0,0.0,0.0,0.0,0.0,3.0,13,5,1
138255,17,11,5,8,17,3,5,5,0,1,0,36,2,4,1.0,0.0,0.0,0.0,1.0,1.0,15,3,10
130598,16,2,2,9,2,3,0,1,1,1,0,19,2,2,0.0,0.0,0.0,0.0,0.0,5.0,18,4,9
118235,15,2,0,17,8,3,6,1,0,0,2,12,2,2,0.0,0.0,0.0,0.0,0.0,2.0,22,3,8
105792,15,2,1,3,2,3,0,1,0,0,2,18,2,2,0.0,0.0,0.0,0.0,0.0,6.0,20,1,8
67455,15,2,3,9,2,3,0,1,0,1,0,36,2,1,1.0,0.0,1.0,0.0,0.0,1.0,15,3,5
95468,16,2,3,9,6,3,0,5,0,1,2,18,2,3,1.0,0.0,0.0,1.0,0.0,1.0,16,2,7
23745,16,2,3,10,6,3,0,1,1,1,1,19,2,2,0.0,0.0,0.0,0.0,0.0,3.0,15,6,2
29590,16,11,3,10,2,3,5,5,1,1,2,19,2,2,0.0,0.0,0.0,0.0,0.0,2.0,14,6,3
122251,16,2,3,10,2,3,0,1,1,1,2,19,2,2,0.0,0.0,0.0,0.0,0.0,2.0,9,2,9
19479,15,2,3,0,6,3,0,1,1,1,2,5,2,2,0.0,0.0,0.0,0.0,0.0,2.0,15,5,2
151343,15,2,1,13,6,3,6,5,0,1,2,36,2,2,0.0,0.0,0.0,0.0,0.0,2.0,5,2,10
31680,16,2,1,17,8,3,5,5,1,1,2,36,2,2,0.0,0.0,0.0,0.0,0.0,2.0,1,3,3
46163,16,2,3,17,15,5,5,5,1,1,2,36,2,2,0.0,0.0,0.0,0.0,0.0,2.0,14,1,4
154245,16,2,1,17,6,3,0,1,1,1,2,24,2,2,0.0,0.0,0.0,0.0,0.0,5.0,1,7,10
23639,16,11,3,15,8,3,5,5,1,1,1,36,2,2,0.0,0.0,0.0,0.0,0.0,2.0,11,3,2
156617,16,2,3,17,6,3,0,1,1,1,1,18,2,2,0.0,0.0,0.0,0.0,0.0,2.0,14,3,11
71946,15,2,3,0,6,3,0,1,1,1,1,36,2,2,0.0,0.0,0.0,0.0,0.0,2.0,19,7,6
89900,15,7,3,0,11,3,6,5,0,1,2,18,2,2,0.0,0.0,0.0,0.0,0.0,4.0,16,5,7
61527,15,2,3,8,15,3,0,1,0,1,2,18,2,3,1.0,0.0,0.0,1.0,0.0,1.0,8,7,5
173164,16,2,3,0,6,3,0,1,1,1,2,18,2,2,0.0,0.0,0.0,0.0,0.0,2.0,15,2,12
106949,16,2,3,17,6,3,0,1,0,1,1,18,2,2,0.0,0.0,0.0,0.0,0.0,2.0,17,6,8
78521,16,2,3,17,2,3,0,1,0,1,2,18,2,2,0.0,0.0,0.0,0.0,0.0,2.0,15,2,6
3341,15,2,3,0,6,3,0,1,1,1,2,3,2,2,0.0,0.0,0.0,0.0,0.0,3.0,15,3,1
96970,17,11,5,0,6,3,5,5,1,1,2,36,2,2,0.0,0.0,0.0,0.0,0.0,2.0,13,3,7
98192,16,2,3,17,2,3,0,1,1,1,2,23,2,2,0.0,0.0,0.0,0.0,0.0,2.0,6,6,7
76594,16,2,3,0,8,3,0,5,0,1,2,18,2,4,2.0,0.0,0.0,0.0,2.0,0.0,9,7,6
115229,16,2,3,17,2,3,0,5,1,1,0,24,2,2,0.0,0.0,0.0,0.0,0.0,3.0,16,5,8
174720,15,2,1,0,15,3,0,1,1,1,1,18,2,2,0.0,0.0,0.0,0.0,0.0,2.0,20,2,12
156719,16,2,1,0,8,3,0,1,0,1,2,6,2,2,0.0,0.0,0.0,0.0,0.0,2.0,19,4,11
133338,16,2,4,10,2,3,0,1,1,1,2,19,2,2,0.0,0.0,0.0,0.0,0.0,2.0,18,5,9
105092,4,2,3,10,8,3,0,1,1,1,1,36,2,2,0.0,0.0,0.0,0.0,0.0,2.0,17,5,8
126542,16,2,3,17,8,3,5,5,1,1,0,19,2,2,0.0,0.0,0.0,0.0,0.0,4.0,17,4,9
135681,4,2,3,15,8,3,0,1,1,1,2,22,2,2,0.0,0.0,0.0,0.0,0.0,2.0,16,3,9
42110,4,7,1,2,8,3,6,5,0,0,2,28,1,2,0.0,0.0,0.0,0.0,0.0,1.0,23,5,3
94451,16,2,1,0,6,3,0,1,0,1,2,6,2,3,2.0,0.0,0.0,2.0,0.0,1.0,2,7,7
103283,16,2,1,14,6,3,0,1,1,1,1,36,2,2,0.0,0.0,0.0,0.0,0.0,4.0,2,1,7
4168,16,2,3,0,6,3,1,5,1,1,1,36,2,2,0.0,0.0,0.0,0.0,0.0,2.0,15,1,1
81857,4,2,3,17,8,3,0,1,0,1,2,36,2,3,1.0,0.0,0.0,1.0,0.0,2.0,12,7,6
55352,16,2,3,9,6,3,0,1,0,1,0,36,2,3,1.0,0.0,0.0,1.0,0.0,1.0,8,6,4
74210,16,2,1,17,2,3,0,1,0,1,2,24,2,3,5.0,0.0,0.0,4.0,1.0,2.0,1,1,6
87330,16,2,3,15,8,3,0,1,1,1,2,24,2,2,0.0,0.0,0.0,0.0,0.0,2.0,19,7,6
91842,15,2,1,0,6,3,0,5,0,1,2,36,2,4,1.0,0.0,0.0,0.0,1.0,2.0,23,7,7
173702,16,11,3,15,6,3,5,5,1,1,2,36,2,2,0.0,0.0,0.0,0.0,0.0,2.0,8,3,12
124887,17,2,3,0,6,3,0,5,0,1,2,26,3,3,1.0,0.0,0.0,1.0,0.0,3.0,17,1,9
8854,15,2,0,0,16,3,1,5,0,1,2,17,2,3,1.0,0.0,0.0,1.0,0.0,2.0,22,7,1
59999,16,2,3,17,6,3,5,1,1,1,2,36,2,2,0.0,0.0,0.0,0.0,0.0,4.0,11,4,5
105588,15,2,3,10,8,3,0,1,1,1,1,19,2,2,0.0,0.0,0.0,0.0,0.0,2.0,14,5,8
185464,4,3,3,17,10,3,0,1,0,1,1,36,2,2,0.0,0.0,0.0,0.0,0.0,3.0,12,5,12
138707,16,2,0,10,2,3,0,1,1,1,2,19,2,2,0.0,0.0,0.0,0.0,0.0,2.0,20,4,10
19316,16,2,3,0,8,3,6,1,0,1,2,38,2,3,1.0,0.0,0.0,1.0,0.0,1.0,11,7,2
58943,16,2,3,0,6,3,0,1,0,1,2,6,3,4,5.0,0.0,0.0,0.0,5.0,2.0,16,2,5
54244,17,2,3,7,8,3,0,1,1,1,1,22,2,2,0.0,0.0,0.0,0.0,0.0,1.0,14,3,4
16093,16,10,1,10,11,3,5,5,1,1,1,12,2,2,0.0,0.0,0.0,0.0,0.0,2.0,0,1,2
46822,15,2,3,9,8,3,0,1,0,0,0,36,2,3,1.0,0.0,0.0,1.0,0.0,1.0,7,5,4
43055,15,2,1,0,8,3,0,1,1,1,2,18,2,2,0.0,0.0,0.0,0.0,0.0,2.0,21,1,4
135663,4,2,3,0,0,3,0,1,1,1,2,38,2,2,0.0,0.0,0.0,0.0,0.0,2.0,11,2,9
10820,4,11,5,17,8,3,5,5,1,1,1,24,2,2,0.0,0.0,0.0,0.0,0.0,2.0,14,7,1
77784,15,7,1,0,8,3,6,1,1,1,2,18,2,2,0.0,0.0,0.0,0.0,0.0,3.0,21,4,6
35258,15,2,3,0,6,3,0,1,0,1,2,18,2,2,0.0,0.0,0.0,0.0,0.0,2.0,15,6,3
37246,15,7,3,0,2,3,6,1,1,1,2,38,2,2,0.0,0.0,0.0,0.0,0.0,2.0,15,4,3
98354,11,2,3,17,10,3,0,1,1,1,2,36,2,2,0.0,0.0,0.0,0.0,0.0,2.0,8,1,7
12269,16,10,1,2,3,3,4,5,0,1,2,36,1,2,0.0,0.0,0.0,0.0,0.0,1.0,5,4,1
154094,5,2,3,17,8,3,0,1,1,1,1,23,2,2,0.0,0.0,0.0,0.0,0.0,4.0,15,5,10
180493,16,10,1,9,2,3,6,5,0,1,0,39,3,3,2.0,0.0,0.0,2.0,0.0,1.0,17,5,12
141773,16,2,3,10,2,3,0,1,1,1,2,21,2,2,0.0,0.0,0.0,0.0,0.0,2.0,10,2,10
179998,15,2,3,0,6,3,0,1,1,1,2,36,2,2,0.0,0.0,0.0,0.0,0.0,4.0,12,5,12
11584,15,10,3,0,8,3,0,1,1,1,2,18,2,2,0.0,0.0,0.0,0.0,0.0,4.0,12,5,1
13882,15,2,3,17,2,3,0,1,0,1,2,26,2,4,1.0,0.0,0.0,0.0,1.0,1.0,8,3,1
152618,15,2,3,0,15,3,0,1,0,1,2,6,2,3,1.0,0.0,0.0,1.0,0.0,1.0,9,4,10
17980,16,2,3,10,8,3,0,1,1,1,1,36,2,2,0.0,0.0,0.0,0.0,0.0,2.0,13,6,2
78791,15,2,3,0,2,3,0,1,1,1,1,36,2,2,0.0,0.0,0.0,0.0,0.0,2.0,10,4,6
116364,16,2,3,0,10,3,0,1,1,1,2,35,2,2,0.0,0.0,0.0,0.0,0.0,2.0,6,2,8
52486,4,3,3,7,10,3,0,1,1,0,0,17,2,2,0.0,0.0,0.0,0.0,0.0,1.0,17,3,4
163134,16,2,0,17,1,3,0,5,1,1,1,19,2,2,0.0,0.0,0.0,0.0,0.0,3.0,19,4,11
58734,4,2,3,0,2,3,5,1,0,1,2,36,2,4,2.0,0.0,0.0,0.0,2.0,1.0,10,5,5
186628,15,7,3,17,8,3,6,1,0,1,2,18,2,4,1.0,0.0,0.0,0.0,1.0,1.0,12,5,12
112776,16,2,3,10,8,3,0,1,1,1,1,19,2,2,0.0,0.0,0.0,0.0,0.0,2.0,8,3,8
73307,15,2,3,9,8,3,0,5,1,1,0,36,3,2,0.0,0.0,0.0,0.0,0.0,3.0,17,2,6
20234,16,10,1,10,3,3,1,1,0,1,2,39,2,2,0.0,0.0,0.0,0.0,0.0,4.0,17,3,2
169828,16,2,3,17,3,3,0,1,0,1,2,18,2,3,1.0,0.0,0.0,1.0,0.0,1.0,9,3,11
146880,4,2,3,2,8,3,0,1,0,1,2,32,1,3,1.0,0.0,0.0,1.0,0.0,0.0,12,4,10
81664,16,7,1,9,10,3,6,1,0,1,0,18,2,3,1.0,0.0,0.0,1.0,0.0,1.0,21,4,6
123088,4,2,1,10,8,3,0,1,1,0,2,17,2,2,0.0,0.0,0.0,0.0,0.0,2.0,21,1,9
120897,16,2,3,17,6,3,0,1,1,1,1,12,2,2,0.0,0.0,0.0,0.0,0.0,2.0,8,5,9
108720,16,2,3,10,2,3,0,1,1,1,2,19,2,2,0.0,0.0,0.0,0.0,0.0,5.0,14,4,8
138199,4,2,3,10,8,3,0,1,1,1,0,18,2,2,0.0,0.0,0.0,0.0,0.0,5.0,16,2,10
55095,15,2,2,0,10,3,0,1,1,1,1,21,2,2,0.0,0.0,0.0,0.0,0.0,2.0,6,1,4
50894,17,2,0,9,6,3,0,1,0,1,0,36,2,3,1.0,0.0,0.0,1.0,0.0,1.0,21,7,4
88674,15,7,3,0,6,3,6,1,0,1,2,18,3,3,1.0,0.0,0.0,1.0,0.0,1.0,15,1,7
6761,16,7,1,17,8,3,6,5,0,1,2,24,2,2,0.0,0.0,0.0,0.0,0.0,5.0,21,5,1
170962,16,2,3,17,8,3,0,1,0,1,2,18,2,2,0.0,0.0,0.0,0.0,0.0,3.0,6,2,11
152427,15,6,1,0,6,3,6,1,1,1,2,5,2,2,0.0,0.0,0.0,0.0,0.0,3.0,21,7,10
114200,16,3,3,10,8,3,5,5,1,0,2,17,2,2,0.0,0.0,0.0,0.0,0.0,2.0,10,3,8
39449,17,11,5,10,17,3,5,3,1,1,1,36,2,2,0.0,0.0,0.0,0.0,0.0,4.0,22,2,3
183128,15,2,3,10,8,3,0,1,0,1,2,5,2,3,1.0,0.0,0.0,1.0,0.0,1.0,14,5,12
63612,16,2,3,15,8,3,0,1,1,1,2,18,2,2,0.0,0.0,0.0,0.0,0.0,2.0,7,3,5
138169,17,2,3,10,8,3,5,5,1,1,1,26,2,2,0.0,0.0,0.0,0.0,0.0,2.0,14,1,10
171200,16,2,3,17,2,3,0,1,1,1,2,6,2,2,0.0,0.0,0.0,0.0,0.0,3.0,12,4,11
82379,16,7,4,17,8,3,6,1,0,1,2,18,2,3,2.0,0.0,0.0,2.0,0.0,1.0,20,1,6
153309,4,2,3,17,6,3,0,1,1,1,2,36,2,2,0.0,0.0,0.0,0.0,0.0,4.0,17,1,10
68229,4,7,1,0,4,3,6,1,1,1,2,18,2,2,0.0,0.0,0.0,0.0,0.0,2.0,21,6,5
119820,16,2,3,0,2,3,0,1,0,1,2,36,2,2,0.0,0.0,0.0,0.0,0.0,2.0,17,4,8
31951,15,2,4,0,8,3,0,1,1,1,1,18,2,2,0.0,0.0,0.0,0.0,0.0,3.0,16,6,3
182052,16,2,3,9,8,3,0,1,0,1,2,35,2,4,1.0,0.0,0.0,0.0,1.0,1.0,15,4,12
162887,16,2,1,17,8,3,5,5,1,1,2,36,2,2,0.0,0.0,0.0,0.0,0.0,3.0,18,2,11
56192,15,2,3,0,6,3,0,1,0,1,2,36,2,2,0.0,0.0,0.0,0.0,0.0,4.0,15,6,5
48585,16,2,3,15,8,3,0,1,0,1,2,36,2,2,0.0,0.0,0.0,0.0,0.0,2.0,10,7,4
164821,16,2,3,0,8,3,0,1,1,1,2,6,2,2,0.0,0.0,0.0,0.0,0.0,3.0,9,6,11
119713,4,2,3,17,8,3,0,5,0,1,2,18,2,2,0.0,0.0,0.0,0.0,0.0,2.0,11,2,8
164896,16,7,3,14,8,3,6,1,1,1,2,39,2,2,0.0,0.0,0.0,0.0,0.0,2.0,7,7,11
154312,15,4,3,8,15,3,6,5,1,1,0,18,2,2,0.0,0.0,0.0,0.0,0.0,4.0,13,1,10
18340,15,2,3,17,8,3,0,1,0,1,2,18,3,4,2.0,0.0,0.0,0.0,2.0,1.0,8,5,2
50028,16,2,3,9,8,3,0,1,0,1,2,18,2,1,1.0,0.0,1.0,0.0,0.0,1.0,17,7,4
55436,17,11,5,15,6,3,5,5,1,1,2,36,2,2,0.0,0.0,0.0,0.0,0.0,2.0,12,7,4
112540,16,2,3,10,2,3,0,1,1,1,1,17,2,2,0.0,0.0,0.0,0.0,0.0,2.0,14,6,8
166200,4,2,1,2,6,3,0,1,1,1,0,30,1,2,0.0,0.0,0.0,0.0,0.0,2.0,23,5,11
154323,16,7,3,17,6,3,6,1,1,1,2,18,2,2,0.0,0.0,0.0,0.0,0.0,2.0,15,1,10
130185,4,2,3,7,10,3,0,1,1,1,1,24,2,2,0.0,0.0,0.0,0.0,0.0,2.0,17,3,9
87566,16,2,1,0,15,3,0,1,0,1,1,6,2,2,0.0,0.0,0.0,0.0,0.0,6.0,23,4,6
36239,16,2,3,0,6,3,0,1,1,1,2,6,2,2,0.0,0.0,0.0,0.0,0.0,5.0,11,1,3
82339,16,2,1,10,6,3,0,1,1,1,1,6,3,2,0.0,0.0,0.0,0.0,0.0,7.0,2,1,6
161466,15,2,3,17,11,3,0,1,0,1,2,18,2,2,0.0,0.0,0.0,0.0,0.0,2.0,12,1,11
39092,16,2,3,0,3,3,0,1,0,1,2,18,2,1,3.0,0.0,2.0,0.0,1.0,0.0,18,4,3