crash_date,               traffic_control_device,weather_condition,lighting_condition,first_crash_type,trafficway_type,alignment,roadway_surface_cond,road_defect,crash_type,intersection_related_i,damage,prim_contributory_cause,num_units,most_severe_injury,injuries_total,injuries_fatal,injuries_incapacitating,injuries_non_incapacitating,injuries_reported_not_evident,injuries_no_indication,crash_hour,crash_day_of_week,crash_month
68811,16,2,1,15,8,3,0,1,0,1,2,36,2,2,0.0,0.0,0.0,0.0,0.0,3.0,2,3,5
32730,15,2,1,0,6,3,0,1,1,1,1,36,2,2,0.0,0.0,0.0,0.0,0.0,2.0,17,5,3
103438,15,2,3,17,8,3,5,5,1,1,2,22,2,2,0.0,0.0,0.0,0.0,0.0,2.0,17,2,7
161447,16,2,3,0,2,3,0,1,0,1,2,36,2,2,0.0,0.0,0.0,0.0,0.0,2.0,7,1,11
158547,4,7,1,17,6,3,6,1,0,1,2,24,2,4,1.0,0.0,0.0,0.0,1.0,2.0,17,3,11
51954,16,2,1,0,6,3,0,1,0,1,2,6,2,2,0.0,0.0,0.0,0.0,0.0,2.0,2,7,4
66463,16,2,1,17,8,3,0,1,1,1,2,28,2,2,0.0,0.0,0.0,0.0,0.0,3.0,23,1,5
88612,4,4,2,0,2,3,0,1,0,1,2,12,2,4,2.0,0.0,0.0,0.0,2.0,1.0,4,7,7
158008,16,2,1,0,8,3,0,1,1,1,2,6,2,2,0.0,0.0,0.0,0.0,0.0,3.0,1,5,11
168434,16,2,3,15,15,3,0,1,1,1,2,36,2,2,0.0,0.0,0.0,0.0,0.0,2.0,13,4,11
169091,16,2,3,10,6,3,0,1,0,1,2,17,3,4,2.0,0.0,0.0,0.0,2.0,2.0,9,1,11
106554,4,7,3,17,8,3,6,5,0,1,2,18,2,3,1.0,0.0,0.0,1.0,0.0,1.0,15,7,8
142278,16,2,3,17,1,3,0,1,1,1,1,18,2,2,0.0,0.0,0.0,0.0,0.0,2.0,11,2,10
19983,16,2,3,0,6,3,6,5,0,1,2,6,2,4,1.0,0.0,0.0,0.0,1.0,1.0,12,6,2
100204,15,2,3,0,8,3,0,1,0,1,2,18,3,2,0.0,0.0,0.0,0.0,0.0,5.0,16,2,7
86385,16,7,2,15,3,3,6,5,1,1,1,36,2,2,0.0,0.0,0.0,0.0,0.0,5.0,19,6,6
53707,16,2,3,15,10,3,0,1,1,1,1,22,2,2,0.0,0.0,0.0,0.0,0.0,2.0,12,1,4
119283,16,2,3,17,11,3,0,1,1,1,2,12,2,2,0.0,0.0,0.0,0.0,0.0,2.0,18,3,8
132747,4,7,1,17,8,3,6,1,1,1,1,23,2,2,0.0,0.0,0.0,0.0,0.0,2.0,5,4,9
108162,15,2,3,10,15,3,0,1,1,1,2,36,2,2,0.0,0.0,0.0,0.0,0.0,2.0,17,5,8
14454,16,2,1,17,3,3,6,1,1,1,2,39,2,2,0.0,0.0,0.0,0.0,0.0,3.0,18,1,1
22837,4,1,1,2,3,3,4,1,0,1,2,39,1,4,1.0,0.0,0.0,0.0,1.0,0.0,18,5,2
135299,16,2,3,10,6,3,5,5,1,1,0,36,2,2,0.0,0.0,0.0,0.0,0.0,2.0,9,5,9
174899,16,2,1,17,11,3,0,1,1,1,0,24,2,2,0.0,0.0,0.0,0.0,0.0,4.0,4,1,12
137871,16,2,3,17,3,3,0,1,0,1,2,24,2,2,0.0,0.0,0.0,0.0,0.0,2.0,15,6,10
131997,16,2,3,17,3,3,0,1,1,1,0,35,2,2,0.0,0.0,0.0,0.0,0.0,2.0,12,6,9
15487,16,2,3,0,6,3,0,1,0,1,2,6,2,3,2.0,0.0,0.0,2.0,0.0,0.0,10,4,2
36517,4,7,3,13,6,3,6,1,1,1,2,21,2,2,0.0,0.0,0.0,0.0,0.0,8.0,16,6,3
127836,15,2,3,17,8,3,0,1,1,1,1,36,2,2,0.0,0.0,0.0,0.0,0.0,2.0,15,6,9
142920,15,2,1,0,10,3,0,1,1,1,0,21,2,2,0.0,0.0,0.0,0.0,0.0,2.0,22,4,10
172237,16,2,1,10,10,3,0,1,1,1,0,36,2,2,0.0,0.0,0.0,0.0,0.0,2.0,1,7,12
167294,16,2,1,3,8,3,0,1,0,1,2,22,2,4,3.0,0.0,0.0,0.0,3.0,4.0,23,7,11
177887,16,2,1,15,8,3,0,1,0,0,2,18,2,2,0.0,0.0,0.0,0.0,0.0,3.0,18,4,12
152021,16,7,3,17,6,3,6,1,1,1,2,24,2,2,0.0,0.0,0.0,0.0,0.0,2.0,7,4,10
96671,16,2,3,8,8,3,0,1,0,1,0,36,2,4,1.0,0.0,0.0,0.0,1.0,1.0,8,4,7
147691,16,11,5,10,8,3,5,5,1,1,2,36,2,2,0.0,0.0,0.0,0.0,0.0,2.0,19,1,10
126492,16,7,3,17,6,3,6,1,1,1,2,36,2,2,0.0,0.0,0.0,0.0,0.0,2.0,8,2,9
109635,16,2,3,10,2,3,0,1,1,1,2,36,2,2,0.0,0.0,0.0,0.0,0.0,3.0,8,5,8
68042,15,2,3,17,6,3,0,1,0,1,2,5,2,2,0.0,0.0,0.0,0.0,0.0,2.0,17,6,5
186157,4,2,3,17,8,3,0,1,1,1,2,23,2,2,0.0,0.0,0.0,0.0,0.0,3.0,11,4,12
64082,4,7,3,15,8,3,6,1,1,1,2,22,3,2,0.0,0.0,0.0,0.0,0.0,4.0,6,3,5
105650,15,2,1,17,10,3,0,1,1,1,2,6,2,2,0.0,0.0,0.0,0.0,0.0,2.0,22,6,8
111103,15,2,3,8,8,3,0,1,0,1,2,18,2,1,1.0,0.0,1.0,0.0,0.0,1.0,18,6,8
108203,16,2,3,10,8,3,0,1,1,1,0,19,2,2,0.0,0.0,0.0,0.0,0.0,2.0,14,3,8
125209,16,2,4,10,2,3,0,1,1,1,1,36,2,2,0.0,0.0,0.0,0.0,0.0,2.0,18,5,9
175173,16,2,1,0,8,3,0,1,1,1,2,6,2,2,0.0,0.0,0.0,0.0,0.0,4.0,15,2,12
60097,16,7,3,0,8,3,6,5,0,1,2,3,3,3,3.0,0.0,0.0,3.0,0.0,1.0,8,4,5
8704,15,2,3,17,10,3,0,1,1,1,1,21,2,2,0.0,0.0,0.0,0.0,0.0,2.0,8,5,1
84215,15,2,3,0,8,3,0,1,1,1,1,5,2,2,0.0,0.0,0.0,0.0,0.0,2.0,8,7,6
121878,4,2,1,14,6,3,0,1,0,1,2,28,2,3,1.0,0.0,0.0,1.0,0.0,1.0,21,5,9
4194,16,2,3,10,6,3,1,1,1,1,2,19,2,2,0.0,0.0,0.0,0.0,0.0,2.0,12,1,1
15545,4,2,3,17,15,3,0,5,0,1,2,18,2,4,2.0,0.0,0.0,0.0,2.0,1.0,9,5,2
40239,4,2,3,7,17,3,0,1,1,1,1,24,2,2,0.0,0.0,0.0,0.0,0.0,1.0,16,4,3
75129,15,2,3,0,6,3,0,1,1,1,2,5,2,2,0.0,0.0,0.0,0.0,0.0,2.0,18,6,6
145218,16,2,3,17,8,2,0,1,1,1,2,22,2,2,0.0,0.0,0.0,0.0,0.0,6.0,14,7,10
25761,16,2,3,15,2,3,0,1,1,1,0,17,2,2,0.0,0.0,0.0,0.0,0.0,3.0,13,7,2
119693,16,2,1,10,8,3,0,1,1,1,2,17,2,2,0.0,0.0,0.0,0.0,0.0,2.0,20,2,8
98468,16,2,2,0,2,3,0,1,0,1,2,3,2,2,0.0,0.0,0.0,0.0,0.0,3.0,19,4,7
48677,16,2,3,10,8,3,1,1,1,1,2,36,3,2,0.0,0.0,0.0,0.0,0.0,3.0,7,2,4
109709,16,2,3,17,15,3,0,1,0,1,2,6,2,4,1.0,0.0,0.0,0.0,1.0,1.0,10,6,8
148344,4,2,3,15,8,3,0,1,1,1,2,18,2,2,0.0,0.0,0.0,0.0,0.0,2.0,7,3,10
123990,16,2,3,9,6,4,0,1,0,1,2,6,2,3,1.0,0.0,0.0,1.0,0.0,1.0,17,7,9
46624,16,2,1,17,6,3,0,1,0,1,2,18,2,3,1.0,0.0,0.0,1.0,0.0,1.0,0,2,4
171925,16,2,3,9,8,3,0,1,0,1,2,36,2,1,1.0,0.0,1.0,0.0,0.0,1.0,8,3,11
32112,15,7,3,0,16,3,6,1,0,1,2,18,2,2,0.0,0.0,0.0,0.0,0.0,2.0,16,2,3
178952,16,2,3,9,2,3,0,1,0,1,0,35,2,1,1.0,0.0,1.0,0.0,0.0,1.0,8,4,12
121854,17,2,3,15,10,3,0,1,1,1,2,36,2,2,0.0,0.0,0.0,0.0,0.0,3.0,16,5,9
29902,16,2,3,17,6,3,0,1,1,1,2,18,2,2,0.0,0.0,0.0,0.0,0.0,5.0,8,6,3
114303,16,2,3,9,8,3,0,1,0,1,1,31,2,3,1.0,0.0,0.0,1.0,0.0,1.0,16,6,8
48141,16,7,1,2,3,3,6,1,0,1,2,39,1,2,0.0,0.0,0.0,0.0,0.0,1.0,22,7,4
95099,16,2,3,17,8,3,0,5,1,1,2,22,2,2,0.0,0.0,0.0,0.0,0.0,2.0,13,2,7
175411,15,2,3,15,15,3,0,1,1,1,2,36,2,2,0.0,0.0,0.0,0.0,0.0,2.0,11,6,12
182122,16,2,1,0,6,3,0,1,0,1,2,6,2,2,0.0,0.0,0.0,0.0,0.0,2.0,3,6,12
53266,16,2,3,17,8,3,0,1,1,1,0,26,2,2,0.0,0.0,0.0,0.0,0.0,2.0,7,2,4
13822,16,2,3,0,10,3,6,1,1,1,2,36,2,2,0.0,0.0,0.0,0.0,0.0,2.0,9,2,1
21305,15,10,0,10,10,3,1,1,1,1,1,39,2,2,0.0,0.0,0.0,0.0,0.0,2.0,18,6,2
126314,16,2,1,0,8,3,0,1,0,1,1,36,2,2,0.0,0.0,0.0,0.0,0.0,5.0,2,7,9
161898,15,7,1,9,8,3,6,1,0,1,0,36,2,3,1.0,0.0,0.0,1.0,0.0,1.0,19,1,11
45936,16,2,3,10,8,3,0,1,1,0,2,19,2,2,0.0,0.0,0.0,0.0,0.0,2.0,17,3,4
33834,4,3,3,15,2,3,4,1,1,1,0,36,2,2,0.0,0.0,0.0,0.0,0.0,2.0,16,2,3
126465,15,7,3,0,6,3,6,5,0,1,2,18,5,3,1.0,0.0,0.0,1.0,0.0,5.0,17,2,9
175446,16,2,3,0,8,3,0,1,1,0,2,36,2,2,0.0,0.0,0.0,0.0,0.0,2.0,8,4,12
38880,17,7,3,17,17,3,6,5,1,1,0,24,2,2,0.0,0.0,0.0,0.0,0.0,3.0,8,5,3
4708,16,2,3,15,8,3,0,1,1,0,2,19,2,2,0.0,0.0,0.0,0.0,0.0,2.0,9,2,1
88492,16,2,1,17,10,3,0,1,0,1,0,36,2,4,1.0,0.0,0.0,0.0,1.0,1.0,19,5,7
178568,15,7,3,7,6,3,6,1,1,1,2,36,2,2,0.0,0.0,0.0,0.0,0.0,1.0,9,7,12
21865,16,10,4,17,2,3,4,1,1,1,1,35,2,2,0.0,0.0,0.0,0.0,0.0,2.0,5,2,2
22544,15,2,3,0,2,3,1,1,1,1,2,39,3,2,0.0,0.0,0.0,0.0,0.0,4.0,8,4,2
111343,16,2,1,10,6,3,0,1,1,1,2,19,2,2,0.0,0.0,0.0,0.0,0.0,2.0,0,2,8
12895,16,7,3,17,9,4,6,1,1,1,2,18,2,2,0.0,0.0,0.0,0.0,0.0,3.0,11,6,1
23457,16,2,3,0,8,3,0,1,0,1,2,6,2,4,1.0,0.0,0.0,0.0,1.0,1.0,9,1,2
38562,16,2,3,15,8,3,0,1,1,1,0,12,2,2,0.0,0.0,0.0,0.0,0.0,2.0,15,7,3
92341,16,2,3,17,8,3,5,5,0,1,2,38,2,2,0.0,0.0,0.0,0.0,0.0,4.0,12,1,7
10763,15,11,3,13,6,3,5,5,1,1,2,18,2,2,0.0,0.0,0.0,0.0,0.0,2.0,17,6,1
166986,4,2,3,7,10,3,0,1,1,1,2,36,2,2,0.0,0.0,0.0,0.0,0.0,1.0,11,4,11
19577,16,11,5,0,8,3,5,5,1,1,2,6,2,2,0.0,0.0,0.0,0.0,0.0,2.0,20,6,2
23601,4,3,1,17,8,3,0,1,0,1,2,18,2,2,0.0,0.0,0.0,0.0,0.0,4.0,18,3,2
141238,16,2,3,10,8,3,0,1,1,1,1,19,2,2,0.0,0.0,0.0,0.0,0.0,2.0,7,2,10
78871,16,2,3,10,2,3,0,1,1,1,2,19,2,2,0.0,0.0,0.0,0.0,0.0,2.0,15,6,6
179643,16,2,3,0,8,3,6,1,1,1,2,6,2,2,0.0,0.0,0.0,0.0,0.0,2.0,9,6,12
143905,16,2,3,17,2,3,0,1,0,1,2,18,2,3,2.0,0.0,0.0,2.0,0.0,2.0,8,4,10
94070,15,2,3,0,2,3,0,1,0,1,2,18,2,4,1.0,0.0,0.0,0.0,1.0,1.0,8,6,7
131262,15,2,3,17,2,3,0,1,1,1,2,16,2,2,0.0,0.0,0.0,0.0,0.0,2.0,8,3,9
4539,10,7,4,8,6,3,6,1,1,1,0,36,2,2,0.0,0.0,0.0,0.0,0.0,2.0,15,6,1
142012,16,2,3,15,2,3,0,1,1,1,2,18,2,2,0.0,0.0,0.0,0.0,0.0,2.0,16,7,10
31359,4,2,3,0,6,3,0,1,0,1,2,18,2,2,0.0,0.0,0.0,0.0,0.0,2.0,15,5,3
142918,16,2,3,10,8,3,6,1,1,1,2,19,2,2,0.0,0.0,0.0,0.0,0.0,2.0,10,4,10
11583,16,3,3,10,2,3,6,1,1,1,2,19,2,2,0.0,0.0,0.0,0.0,0.0,3.0,12,5,1
149966,4,2,3,17,8,3,0,1,1,1,0,26,2,2,0.0,0.0,0.0,0.0,0.0,2.0,13,5,10
49404,16,2,3,17,6,3,0,1,1,1,2,18,2,2,0.0,0.0,0.0,0.0,0.0,2.0,12,3,4
76062,4,2,3,15,8,3,0,1,1,1,1,22,2,2,0.0,0.0,0.0,0.0,0.0,2.0,19,6,6
25027,16,2,3,3,6,3,0,1,0,1,2,24,2,2,0.0,0.0,0.0,0.0,0.0,3.0,17,2,2
79551,16,2,3,8,6,3,5,5,0,0,0,36,2,3,1.0,0.0,0.0,1.0,0.0,1.0,16,2,6
28499,16,2,3,15,6,3,6,1,1,1,2,23,2,2,0.0,0.0,0.0,0.0,0.0,2.0,17,2,3
25576,16,2,3,17,5,3,5,5,0,1,2,24,2,3,2.0,0.0,0.0,2.0,0.0,1.0,15,5,2
74522,16,2,3,15,10,3,0,1,1,1,2,36,2,2,0.0,0.0,0.0,0.0,0.0,2.0,11,4,6
16140,16,2,3,7,2,3,0,1,1,1,2,13,5,2,0.0,0.0,0.0,0.0,0.0,1.0,8,2,2
133593,18,2,1,17,10,3,0,1,1,1,1,36,2,2,0.0,0.0,0.0,0.0,0.0,4.0,1,1,9
90644,4,2,4,7,6,3,0,1,0,1,1,36,2,2,0.0,0.0,0.0,0.0,0.0,1.0,16,3,7
30421,16,2,3,0,6,3,0,1,1,1,2,6,2,2,0.0,0.0,0.0,0.0,0.0,2.0,6,1,3
186898,15,2,3,17,6,3,0,1,0,1,2,18,2,4,1.0,0.0,0.0,0.0,1.0,1.0,6,4,12
179985,16,2,1,17,11,3,0,5,0,1,2,36,3,4,2.0,0.0,0.0,0.0,2.0,2.0,22,5,12
184374,16,2,1,2,6,3,0,1,0,1,2,28,1,2,0.0,0.0,0.0,0.0,0.0,1.0,21,1,12
27320,4,3,3,17,8,3,0,1,1,1,0,18,2,2,0.0,0.0,0.0,0.0,0.0,3.0,11,4,2
67839,16,2,3,0,15,3,0,1,0,1,2,6,2,2,0.0,0.0,0.0,0.0,0.0,3.0,14,2,5
63524,15,2,3,8,15,3,0,5,0,1,2,18,2,3,1.0,0.0,0.0,1.0,0.0,2.0,13,4,5
157937,17,2,3,15,17,3,0,5,1,1,2,36,2,2,0.0,0.0,0.0,0.0,0.0,2.0,13,2,11
112470,4,2,4,0,11,3,0,1,1,1,2,36,2,2,0.0,0.0,0.0,0.0,0.0,2.0,21,4,8
52816,17,2,3,10,3,3,5,5,1,1,2,36,2,2,0.0,0.0,0.0,0.0,0.0,2.0,19,1,4
102883,16,2,3,15,17,3,0,1,1,1,1,15,2,2,0.0,0.0,0.0,0.0,0.0,2.0,13,1,7
132790,16,2,3,17,6,3,0,1,0,1,2,18,2,3,3.0,0.0,0.0,2.0,1.0,1.0,12,4,9
8758,4,2,3,17,8,3,6,1,1,1,0,26,2,2,0.0,0.0,0.0,0.0,0.0,3.0,16,6,1
24134,15,2,3,0,6,3,0,1,0,1,2,18,2,4,1.0,0.0,0.0,0.0,1.0,1.0,14,5,2
34382,16,2,3,0,3,4,0,1,0,1,2,6,2,2,0.0,0.0,0.0,0.0,0.0,3.0,13,4,3
133480,15,2,1,17,6,3,0,5,1,1,2,5,2,2,0.0,0.0,0.0,0.0,0.0,3.0,22,7,9
184451,16,2,4,0,6,3,0,1,0,1,2,18,2,2,0.0,0.0,0.0,0.0,0.0,2.0,15,4,12
156723,16,2,3,17,15,3,0,1,1,1,1,19,2,2,0.0,0.0,0.0,0.0,0.0,2.0,7,4,11
35874,16,2,1,0,8,3,6,1,1,1,1,6,2,2,0.0,0.0,0.0,0.0,0.0,3.0,5,7,3
138651,16,2,3,10,10,3,0,1,1,1,2,36,2,2,0.0,0.0,0.0,0.0,0.0,2.0,12,2,10
174515,16,2,1,17,8,3,0,5,1,1,1,18,2,2,0.0,0.0,0.0,0.0,0.0,2.0,22,5,12
75419,16,2,3,10,8,3,0,5,1,1,2,18,2,2,0.0,0.0,0.0,0.0,0.0,2.0,13,6,6
175060,16,2,3,10,8,3,0,1,1,1,1,36,2,2,0.0,0.0,0.0,0.0,0.0,3.0,12,5,12
74955,4,2,3,0,6,3,0,1,0,1,2,18,2,4,1.0,0.0,0.0,0.0,1.0,1.0,11,5,6
151769,16,2,1,10,15,3,0,1,0,0,2,19,2,4,1.0,0.0,0.0,0.0,1.0,1.0,3,1,10
56331,16,2,4,0,8,3,0,1,0,1,2,6,4,1,1.0,0.0,1.0,0.0,0.0,5.0,19,1,5
107018,16,2,3,0,8,3,0,1,0,1,2,6,2,2,0.0,0.0,0.0,0.0,0.0,4.0,17,7,8
171257,16,10,1,15,8,3,6,1,1,1,2,14,2,2,0.0,0.0,0.0,0.0,0.0,2.0,22,5,11
72825,16,2,3,0,2,3,0,1,0,1,2,23,2,2,0.0,0.0,0.0,0.0,0.0,2.0,14,6,6
40701,16,2,3,10,8,3,0,1,0,1,0,19,2,4,1.0,0.0,0.0,0.0,1.0,1.0,7,5,3
93352,15,2,3,0,6,3,5,5,0,1,2,12,2,4,1.0,0.0,0.0,0.0,1.0,1.0,18,3,7
27240,15,2,4,0,8,3,0,1,0,1,2,18,2,2,0.0,0.0,0.0,0.0,0.0,2.0,17,3,2
139493,16,2,3,17,8,3,0,1,1,1,1,12,2,2,0.0,0.0,0.0,0.0,0.0,2.0,18,6,10
66087,15,2,3,0,8,3,0,1,1,1,2,18,2,2,0.0,0.0,0.0,0.0,0.0,2.0,10,1,5
85365,15,2,3,10,8,3,0,1,1,1,1,36,2,2,0.0,0.0,0.0,0.0,0.0,2.0,10,4,6
100023,16,2,0,10,8,3,0,1,1,1,1,18,2,2,0.0,0.0,0.0,0.0,0.0,2.0,23,7,7
181237,16,11,5,17,6,3,5,5,1,1,2,36,2,2,0.0,0.0,0.0,0.0,0.0,3.0,15,2,12
122978,15,2,3,17,3,3,0,1,1,1,2,36,2,2,0.0,0.0,0.0,0.0,0.0,3.0,14,7,9
64975,16,2,3,10,6,3,0,1,1,1,1,8,2,2,0.0,0.0,0.0,0.0,0.0,3.0,10,5,5
59180,4,2,3,17,6,3,0,1,1,1,2,23,2,2,0.0,0.0,0.0,0.0,0.0,2.0,9,5,5
179808,16,2,1,17,6,3,6,1,1,1,2,18,2,2,0.0,0.0,0.0,0.0,0.0,3.0,19,3,12
118901,16,3,3,17,3,3,0,5,1,1,2,36,2,2,0.0,0.0,0.0,0.0,0.0,5.0,15,4,8
112497,16,7,4,15,8,3,6,5,1,1,2,36,2,2,0.0,0.0,0.0,0.0,0.0,2.0,18,5,8
171736,16,11,1,17,8,3,5,5,1,1,2,24,2,2,0.0,0.0,0.0,0.0,0.0,3.0,21,6,11
69330,16,2,3,8,6,3,0,1,0,1,0,18,2,1,1.0,0.0,1.0,0.0,0.0,1.0,11,2,5
110424,16,2,3,0,2,3,0,1,0,1,2,26,2,2,0.0,0.0,0.0,0.0,0.0,2.0,14,2,8
140429,16,2,3,17,2,3,0,1,1,1,1,36,2,2,0.0,0.0,0.0,0.0,0.0,3.0,16,3,10
95955,16,2,3,0,15,3,0,1,1,1,2,6,2,2,0.0,0.0,0.0,0.0,0.0,2.0,16,3,7
47978,15,2,3,17,6,3,0,5,1,1,2,36,2,2,0.0,0.0,0.0,0.0,0.0,5.0,15,7,4
150520,16,2,3,15,8,3,0,1,1,1,2,19,2,2,0.0,0.0,0.0,0.0,0.0,3.0,14,4,10
171145,16,2,3,10,8,3,0,1,1,1,2,26,2,2,0.0,0.0,0.0,0.0,0.0,2.0,13,4,11
156181,16,6,3,10,3,3,1,1,0,1,2,19,2,3,1.0,0.0,0.0,1.0,0.0,1.0,9,4,11
42430,16,2,3,15,2,3,0,1,1,1,0,12,2,2,0.0,0.0,0.0,0.0,0.0,2.0,14,4,4
87917,16,2,2,0,6,3,0,1,0,1,2,11,2,2,0.0,0.0,0.0,0.0,0.0,2.0,5,2,7
126861,16,11,1,10,6,3,5,2,1,1,1,19,2,2,0.0,0.0,0.0,0.0,0.0,2.0,23,7,9
35585,4,2,1,0,6,3,0,1,0,1,2,18,2,2,0.0,0.0,0.0,0.0,0.0,5.0,21,3,3
66096,15,7,3,3,8,3,6,1,0,1,2,11,2,2,0.0,0.0,0.0,0.0,0.0,2.0,14,2,5
47863,4,7,4,10,2,3,6,1,1,1,0,17,2,2,0.0,0.0,0.0,0.0,0.0,2.0,19,4,4
136936,16,2,1,8,6,3,0,1,0,1,0,6,2,3,1.0,0.0,0.0,1.0,0.0,2.0,18,6,9
3547,15,2,3,1,6,3,0,1,1,1,2,36,2,2,0.0,0.0,0.0,0.0,0.0,3.0,14,4,1
115979,16,2,3,7,8,3,0,1,1,1,2,36,2,2,0.0,0.0,0.0,0.0,0.0,1.0,10,3,8
167173,16,2,3,17,8,3,0,1,1,1,2,24,3,2,0.0,0.0,0.0,0.0,0.0,2.0,12,4,11
27603,15,7,1,17,6,3,6,5,0,1,2,5,2,2,0.0,0.0,0.0,0.0,0.0,2.0,20,3,2
82712,16,2,3,15,10,3,6,1,1,1,0,36,2,2,0.0,0.0,0.0,0.0,0.0,3.0,19,5,6
86510,15,2,3,10,8,4,0,5,1,1,2,17,2,2,0.0,0.0,0.0,0.0,0.0,2.0,7,2,6
90247,15,2,3,0,6,3,0,1,1,0,2,18,5,2,0.0,0.0,0.0,0.0,0.0,2.0,15,4,7
116418,16,2,3,10,8,3,0,1,0,1,2,17,2,4,1.0,0.0,0.0,0.0,1.0,1.0,15,3,8
153967,15,2,3,0,8,3,0,1,1,1,2,18,2,2,0.0,0.0,0.0,0.0,0.0,2.0,13,2,10
21285,15,11,5,10,10,3,5,5,1,1,0,21,2,2,0.0,0.0,0.0,0.0,0.0,2.0,16,6,2
78831,16,2,3,17,2,3,0,1,0,1,2,6,2,3,2.0,0.0,0.0,2.0,0.0,4.0,7,5,6
155342,11,2,3,17,10,3,0,1,1,1,0,23,2,2,0.0,0.0,0.0,0.0,0.0,2.0,10,5,10
151439,17,2,5,8,6,3,5,5,1,1,0,36,2,2,0.0,0.0,0.0,0.0,0.0,2.0,10,3,10
127986,15,2,3,0,15,3,0,1,0,1,2,5,2,2,0.0,0.0,0.0,0.0,0.0,2.0,13,2,9
132672,16,11,4,10,16,3,5,5,1,1,2,36,2,2,0.0,0.0,0.0,0.0,0.0,2.0,0,1,9
116108,16,11,3,17,6,3,5,5,1,1,2,36,2,2,0.0,0.0,0.0,0.0,0.0,2.0,8,6,8
49188,16,2,3,10,2,3,0,1,1,1,1,17,2,2,0.0,0.0,0.0,0.0,0.0,2.0,16,6,4
114714,15,3,3,17,6,3,6,1,1,1,1,18,2,2,0.0,0.0,0.0,0.0,0.0,2.0,16,4,8
177607,15,2,3,0,8,3,0,1,0,1,2,30,2,4,1.0,0.0,0.0,0.0,1.0,1.0,13,3,12
126921,16,2,1,9,2,3,0,1,0,1,1,12,2,3,1.0,0.0,0.0,1.0,0.0,1.0,20,1,9
93319,16,2,1,17,6,3,0,1,1,1,1,24,2,2,0.0,0.0,0.0,0.0,0.0,5.0,23,2,7
58665,16,11,5,10,18,3,5,5,1,1,2,36,2,2,0.0,0.0,0.0,0.0,0.0,2.0,22,4,5
69287,16,7,3,15,6,3,6,1,1,1,1,19,2,2,0.0,0.0,0.0,0.0,0.0,2.0,14,2,5
142598,4,2,3,17,8,3,0,1,1,1,2,36,3,2,0.0,0.0,0.0,0.0,0.0,2.0,11,1,10
40997,4,7,4,17,10,3,6,1,1,1,2,22,2,2,0.0,0.0,0.0,0.0,0.0,2.0,16,4,3
161757,15,2,3,0,6,3,0,1,0,1,2,36,2,4,1.0,0.0,0.0,0.0,1.0,1.0,10,7,11
66626,16,3,3,17,2,3,0,1,0,1,2,24,2,2,0.0,0.0,0.0,0.0,0.0,3.0,10,3,5
57068,16,2,1,0,11,3,0,6,0,1,2,6,2,2,0.0,0.0,0.0,0.0,0.0,3.0,23,5,5
4490,4,2,3,15,2,3,0,1,1,1,0,23,2,2,0.0,0.0,0.0,0.0,0.0,3.0,15,5,1
7547,16,2,3,17,15,3,1,1,0,1,2,24,2,4,1.0,0.0,0.0,0.0,1.0,1.0,10,4,1
185382,15,2,1,17,6,3,0,1,0,1,2,18,2,3,1.0,0.0,0.0,1.0,0.0,2.0,19,3,12
129010,16,2,3,17,2,3,0,1,0,1,2,19,2,2,0.0,0.0,0.0,0.0,0.0,2.0,14,1,9
89700,4,2,1,0,8,3,0,1,0,1,2,11,3,3,2.0,0.0,0.0,1.0,1.0,2.0,21,2,7
390,4,2,4,0,6,3,5,5,0,1,2,36,2,4,2.0,0.0,0.0,0.0,2.0,1.0,18,1,1
126544,16,2,3,15,11,3,0,1,1,1,2,23,2,2,0.0,0.0,0.0,0.0,0.0,2.0,17,4,9
32942,6,2,3,0,8,3,0,1,0,1,2,18,2,2,0.0,0.0,0.0,0.0,0.0,2.0,14,1,3
125679,16,2,3,10,19,3,0,5,1,1,2,36,2,2,0.0,0.0,0.0,0.0,0.0,2.0,13,5,9
136290,16,11,5,10,6,3,5,5,1,1,2,36,2,2,0.0,0.0,0.0,0.0,0.0,2.0,13,4,9
151935,16,7,1,10,6,3,6,1,1,1,1,36,2,2,0.0,0.0,0.0,0.0,0.0,2.0,19,3,10
84585,16,2,2,2,6,3,0,1,1,1,2,12,1,2,0.0,0.0,0.0,0.0,0.0,2.0,17,7,6
76810,16,2,3,0,2,3,0,1,0,1,2,36,2,3,1.0,0.0,0.0,1.0,0.0,1.0,13,5,6
95839,16,3,3,14,6,3,0,1,0,1,2,8,3,2,0.0,0.0,0.0,0.0,0.0,3.0,14,7,7
62362,16,2,3,15,8,3,0,1,1,1,2,36,2,2,0.0,0.0,0.0,0.0,0.0,2.0,14,6,5
50773,15,2,3,17,8,3,0,1,1,1,1,36,2,2,0.0,0.0,0.0,0.0,0.0,2.0,11,5,4
176615,4,2,4,10,2,3,0,1,0,0,2,17,2,4,1.0,0.0,0.0,0.0,1.0,2.0,16,1,12
153169,16,2,1,15,6,3,0,1,1,1,2,24,2,2,0.0,0.0,0.0,0.0,0.0,2.0,18,5,10
102618,15,2,3,0,18,3,0,1,0,1,2,6,2,2,0.0,0.0,0.0,0.0,0.0,2.0,5,5,7
68027,16,3,3,15,3,3,0,1,1,1,0,18,2,2,0.0,0.0,0.0,0.0,0.0,6.0,14,6,5