crash_date,               traffic_control_device,weather_condition,lighting_condition,first_crash_type,trafficway_type,alignment,roadway_surface_cond,road_defect,crash_type,intersection_related_i,damage,prim_contributory_cause,num_units,most_severe_injury,injuries_total,injuries_fatal,injuries_incapacitating,injuries_non_incapacitating,injuries_reported_not_evident,injuries_no_indication,crash_hour,crash_day_of_week,crash_month
67173,16,2,1,3,3,3,0,3,0,1,2,32,2,3,1.0,0.0,0.0,1.0,0.0,1.0,22,4,5
140267,4,2,1,10,2,3,0,1,1,1,2,36,2,2,0.0,0.0,0.0,0.0,0.0,3.0,19,4,10
173356,16,2,0,17,1,3,0,1,1,1,2,36,2,2,0.0,0.0,0.0,0.0,0.0,2.0,20,2,12
185245,16,10,3,7,10,3,4,1,1,1,2,26,3,2,0.0,0.0,0.0,0.0,0.0,1.0,13,1,12
64693,16,7,3,0,10,3,6,1,0,1,2,39,2,2,0.0,0.0,0.0,0.0,0.0,3.0,14,7,5
182636,16,2,3,17,2,3,0,1,1,1,1,36,2,2,0.0,0.0,0.0,0.0,0.0,2.0,14,5,12
3838,16,2,3,17,8,3,0,1,1,1,1,6,2,2,0.0,0.0,0.0,0.0,0.0,2.0,7,4,1
181687,16,2,1,10,2,3,0,1,1,1,2,36,2,2,0.0,0.0,0.0,0.0,0.0,2.0,18,7,12
103567,16,2,3,10,2,3,0,1,1,1,1,19,2,2,0.0,0.0,0.0,0.0,0.0,2.0,8,4,7
10187,16,2,3,10,3,3,6,1,0,1,2,19,2,3,1.0,0.0,0.0,1.0,0.0,2.0,15,3,1
15049,16,2,1,0,1,3,0,1,0,1,2,3,2,1,3.0,0.0,1.0,2.0,0.0,1.0,22,4,1
181428,16,2,3,17,11,3,0,1,0,1,1,36,2,2,0.0,0.0,0.0,0.0,0.0,2.0,12,2,12
29599,16,2,3,17,8,3,0,1,1,1,2,36,2,2,0.0,0.0,0.0,0.0,0.0,2.0,7,6,3
178471,16,2,1,10,2,3,0,1,1,1,1,19,2,2,0.0,0.0,0.0,0.0,0.0,2.0,17,5,12
59951,15,2,3,0,6,3,0,1,1,1,2,18,2,2,0.0,0.0,0.0,0.0,0.0,3.0,17,4,5
2977,16,10,3,15,2,3,6,1,1,1,0,23,2,2,0.0,0.0,0.0,0.0,0.0,2.0,14,1,1
176704,4,6,3,10,15,3,6,1,1,1,0,12,2,2,0.0,0.0,0.0,0.0,0.0,2.0,8,2,12
49223,4,2,3,11,10,3,0,1,1,1,0,36,2,2,0.0,0.0,0.0,0.0,0.0,4.0,11,6,4
145428,16,2,1,17,8,3,0,1,0,1,2,36,2,2,0.0,0.0,0.0,0.0,0.0,3.0,5,4,10
134310,1,2,3,17,6,3,0,1,0,1,2,18,2,3,2.0,0.0,0.0,1.0,1.0,1.0,15,4,9
159833,4,2,3,17,8,3,0,1,1,1,2,38,2,2,0.0,0.0,0.0,0.0,0.0,2.0,8,5,11
186352,16,7,3,7,8,3,6,1,1,1,0,36,2,2,0.0,0.0,0.0,0.0,0.0,3.0,13,3,12
94302,15,2,4,17,8,3,0,1,0,1,2,18,2,3,1.0,0.0,0.0,1.0,0.0,2.0,20,3,7
55882,16,2,3,17,6,3,0,1,0,1,2,24,2,3,1.0,0.0,0.0,1.0,0.0,3.0,12,7,4
3541,16,2,3,17,6,3,0,1,0,1,2,36,2,3,1.0,0.0,0.0,1.0,0.0,1.0,13,4,1
166011,16,2,1,17,8,3,0,1,0,1,2,12,2,2,0.0,0.0,0.0,0.0,0.0,3.0,1,2,11
90121,15,2,3,0,6,3,0,1,0,1,2,26,2,4,1.0,0.0,0.0,0.0,1.0,2.0,17,2,7
66797,6,2,3,5,2,3,0,5,1,1,0,36,2,2,0.0,0.0,0.0,0.0,0.0,2.0,14,7,5
62597,16,7,0,17,2,3,6,1,1,1,1,24,2,2,0.0,0.0,0.0,0.0,0.0,2.0,2,7,5
43573,16,7,1,9,6,3,6,1,0,1,0,36,2,1,1.0,0.0,1.0,0.0,0.0,1.0,19,4,4
629,16,2,3,0,8,3,1,1,1,1,0,17,2,2,0.0,0.0,0.0,0.0,0.0,3.0,12,3,1
184657,16,2,1,0,6,3,5,5,0,1,2,6,2,1,3.0,0.0,2.0,0.0,1.0,2.0,4,1,12
95461,4,2,3,10,6,3,0,1,1,1,2,23,2,2,0.0,0.0,0.0,0.0,0.0,3.0,15,2,7
79559,16,2,3,0,2,3,0,1,1,1,2,38,3,2,0.0,0.0,0.0,0.0,0.0,3.0,17,2,6
47568,16,2,1,8,6,3,0,1,0,1,2,6,2,3,1.0,0.0,0.0,1.0,0.0,2.0,21,6,4
58049,17,2,3,17,8,3,0,5,1,1,1,24,2,2,0.0,0.0,0.0,0.0,0.0,2.0,12,7,5
115052,16,2,3,10,6,3,0,1,1,1,2,19,2,2,0.0,0.0,0.0,0.0,0.0,2.0,6,4,8
12511,16,2,2,0,8,3,0,1,0,1,2,6,2,2,0.0,0.0,0.0,0.0,0.0,2.0,7,7,1
119946,16,2,3,9,8,3,0,5,1,1,0,36,2,2,0.0,0.0,0.0,0.0,0.0,2.0,13,4,8
131199,16,2,3,2,10,3,0,1,0,1,0,19,2,2,0.0,0.0,0.0,0.0,0.0,2.0,9,5,9
167555,16,10,3,10,6,3,6,5,1,1,2,17,2,2,0.0,0.0,0.0,0.0,0.0,2.0,9,5,11
5498,16,2,0,10,8,3,6,1,0,1,0,26,2,4,1.0,0.0,0.0,0.0,1.0,1.0,18,6,1
75098,15,2,3,10,8,3,0,1,0,1,2,36,2,4,1.0,0.0,0.0,0.0,1.0,2.0,14,6,6
65215,15,7,1,15,10,3,6,1,1,1,2,36,2,2,0.0,0.0,0.0,0.0,0.0,3.0,4,1,5
80406,16,2,3,10,8,3,0,1,1,1,2,21,2,2,0.0,0.0,0.0,0.0,0.0,3.0,15,6,6
8228,16,2,3,0,8,3,0,1,0,1,2,18,2,3,3.0,0.0,0.0,3.0,0.0,1.0,8,5,1
26331,16,10,3,9,2,3,4,1,0,1,1,18,2,3,1.0,0.0,0.0,1.0,0.0,1.0,15,3,2
8183,16,3,3,10,8,3,0,1,1,1,1,36,2,2,0.0,0.0,0.0,0.0,0.0,2.0,14,5,1
69175,16,2,3,10,10,3,0,1,1,1,2,19,2,2,0.0,0.0,0.0,0.0,0.0,2.0,18,6,5
63304,16,2,3,10,2,3,0,1,1,1,2,19,2,2,0.0,0.0,0.0,0.0,0.0,2.0,16,6,5
23590,17,2,2,3,10,3,0,5,1,1,2,11,2,2,0.0,0.0,0.0,0.0,0.0,2.0,4,3,2
43515,16,7,1,8,6,3,6,1,0,1,0,6,2,3,1.0,0.0,0.0,1.0,0.0,1.0,20,2,4
167280,16,2,3,0,2,3,0,5,0,1,2,6,2,3,1.0,0.0,0.0,1.0,0.0,1.0,6,7,11
70874,15,2,0,8,8,3,0,1,1,1,1,5,2,2,0.0,0.0,0.0,0.0,0.0,2.0,19,7,5
75139,4,2,3,0,6,3,0,1,1,1,2,17,2,2,0.0,0.0,0.0,0.0,0.0,3.0,7,6,6
182137,16,2,5,15,8,3,0,1,0,1,2,4,2,1,1.0,0.0,1.0,0.0,0.0,1.0,6,6,12
125731,15,2,3,0,6,3,0,1,0,1,2,18,3,1,2.0,0.0,1.0,1.0,0.0,1.0,11,5,9
186024,16,7,0,10,2,3,6,5,1,1,2,36,2,2,0.0,0.0,0.0,0.0,0.0,3.0,23,4,12
138047,4,2,3,10,6,3,0,1,1,1,2,30,2,2,0.0,0.0,0.0,0.0,0.0,2.0,16,1,10
41987,16,2,3,17,8,3,0,1,0,1,2,24,2,3,1.0,0.0,0.0,1.0,0.0,1.0,13,4,3
10935,16,2,1,17,6,3,0,1,0,1,2,6,2,2,0.0,0.0,0.0,0.0,0.0,2.0,0,1,1
89071,16,2,3,17,8,3,0,1,0,1,2,6,2,2,0.0,0.0,0.0,0.0,0.0,2.0,14,7,7
21064,16,2,3,8,8,3,0,1,1,0,2,1,2,2,0.0,0.0,0.0,0.0,0.0,2.0,12,3,2
129542,15,2,3,10,8,3,0,1,0,0,0,36,2,4,1.0,0.0,0.0,0.0,1.0,3.0,17,1,9
128091,16,2,3,0,3,3,0,5,1,1,1,36,2,2,0.0,0.0,0.0,0.0,0.0,2.0,12,3,9
172948,15,2,3,0,6,3,0,1,1,1,2,5,2,2,0.0,0.0,0.0,0.0,0.0,4.0,14,4,12
59686,15,2,3,11,6,3,0,1,1,1,0,7,2,2,0.0,0.0,0.0,0.0,0.0,2.0,15,6,5
18355,16,2,3,17,8,3,6,1,1,1,2,18,2,2,0.0,0.0,0.0,0.0,0.0,3.0,9,5,2
27848,4,2,3,10,3,2,0,1,0,1,2,19,2,2,0.0,0.0,0.0,0.0,0.0,2.0,8,6,2
114096,15,7,3,3,8,3,6,5,0,1,2,12,2,2,0.0,0.0,0.0,0.0,0.0,2.0,14,2,8
71770,16,2,2,17,8,3,0,1,1,1,1,24,2,2,0.0,0.0,0.0,0.0,0.0,2.0,15,5,6
130796,15,2,1,17,10,3,0,1,0,1,2,36,2,3,1.0,0.0,0.0,1.0,0.0,1.0,22,4,9
4100,15,7,3,10,1,5,6,1,1,1,1,36,2,2,0.0,0.0,0.0,0.0,0.0,2.0,11,5,1
146674,15,2,1,17,8,3,0,5,1,1,2,24,2,2,0.0,0.0,0.0,0.0,0.0,2.0,22,7,10
110224,15,2,3,0,8,3,0,1,1,1,2,36,2,2,0.0,0.0,0.0,0.0,0.0,4.0,11,6,8
131035,16,2,1,15,6,3,0,1,1,1,0,36,2,2,0.0,0.0,0.0,0.0,0.0,4.0,20,2,9
147533,4,2,3,0,8,3,0,1,1,1,2,18,2,2,0.0,0.0,0.0,0.0,0.0,3.0,15,5,10
50188,16,2,3,17,6,3,0,1,0,1,2,39,2,2,0.0,0.0,0.0,0.0,0.0,4.0,7,3,4
130511,16,2,3,2,6,3,0,5,0,1,2,13,1,2,0.0,0.0,0.0,0.0,0.0,1.0,15,2,9
133151,16,2,0,0,8,3,0,1,0,1,2,36,2,3,3.0,0.0,0.0,3.0,0.0,0.0,20,1,9
72059,15,2,3,10,8,3,0,1,1,1,2,19,2,2,0.0,0.0,0.0,0.0,0.0,3.0,19,3,6
155661,16,2,3,17,2,2,5,1,1,1,1,24,2,2,0.0,0.0,0.0,0.0,0.0,4.0,8,5,10
51375,4,2,2,15,6,3,0,1,1,1,0,36,2,2,0.0,0.0,0.0,0.0,0.0,2.0,14,3,4
174345,4,2,0,10,8,3,0,1,1,1,2,19,2,2,0.0,0.0,0.0,0.0,0.0,2.0,17,3,12
162214,16,7,1,10,8,3,6,1,1,1,2,36,2,2,0.0,0.0,0.0,0.0,0.0,2.0,19,6,11
21799,16,2,1,17,8,3,0,1,1,1,1,36,2,2,0.0,0.0,0.0,0.0,0.0,3.0,17,7,2
7039,16,2,3,10,3,3,5,5,1,1,2,19,2,2,0.0,0.0,0.0,0.0,0.0,2.0,10,3,1
165399,16,2,1,17,10,3,0,1,0,1,2,24,2,2,0.0,0.0,0.0,0.0,0.0,3.0,20,7,11
117031,4,7,3,0,8,3,6,1,0,1,2,36,2,2,0.0,0.0,0.0,0.0,0.0,3.0,7,5,8
6332,15,11,5,0,18,3,5,5,1,1,2,36,2,2,0.0,0.0,0.0,0.0,0.0,3.0,18,6,1
80443,15,2,3,0,8,3,0,1,1,1,1,18,2,2,0.0,0.0,0.0,0.0,0.0,4.0,19,7,6
40784,16,2,3,10,8,3,0,1,1,1,2,36,2,2,0.0,0.0,0.0,0.0,0.0,5.0,17,1,3
135952,15,2,3,0,8,3,0,1,0,1,2,18,2,4,2.0,0.0,0.0,0.0,2.0,1.0,8,5,9
151075,16,2,1,9,1,3,0,1,0,1,1,18,2,4,1.0,0.0,0.0,0.0,1.0,1.0,5,4,10
180122,16,2,3,17,2,3,0,1,1,1,2,19,2,2,0.0,0.0,0.0,0.0,0.0,2.0,7,5,12
133112,16,2,3,10,8,3,0,1,1,1,0,21,2,2,0.0,0.0,0.0,0.0,0.0,2.0,13,1,9
102109,15,2,3,0,6,3,0,1,1,1,2,18,2,2,0.0,0.0,0.0,0.0,0.0,2.0,19,4,7
181437,4,2,3,17,8,3,0,1,1,1,2,24,2,2,0.0,0.0,0.0,0.0,0.0,2.0,14,3,12
8434,16,3,4,17,2,3,0,1,1,1,2,24,2,2,0.0,0.0,0.0,0.0,0.0,2.0,16,3,1
57467,16,2,1,10,2,3,0,1,1,0,1,6,3,2,0.0,0.0,0.0,0.0,0.0,3.0,21,4,5
143045,16,2,4,17,6,3,0,1,1,1,2,23,2,2,0.0,0.0,0.0,0.0,0.0,2.0,17,7,10
130036,4,2,3,17,8,3,0,1,1,1,2,24,2,2,0.0,0.0,0.0,0.0,0.0,3.0,17,3,9
146801,16,2,3,10,6,3,0,1,1,1,0,36,2,2,0.0,0.0,0.0,0.0,0.0,5.0,12,2,10
173790,16,2,0,10,8,3,5,5,0,1,2,18,2,2,0.0,0.0,0.0,0.0,0.0,4.0,17,2,12
73990,16,2,3,17,1,3,0,1,0,1,1,18,2,1,1.0,0.0,1.0,0.0,0.0,1.0,14,4,6
92119,16,2,3,17,8,3,0,1,0,1,2,12,3,4,2.0,0.0,0.0,0.0,2.0,3.0,7,5,7
101147,16,2,4,17,6,3,0,1,0,1,2,24,2,3,2.0,0.0,0.0,2.0,0.0,2.0,20,4,7
48260,16,2,3,10,6,3,0,1,1,0,1,19,2,2,0.0,0.0,0.0,0.0,0.0,2.0,9,3,4
107972,16,2,1,10,6,3,0,1,0,1,2,17,2,4,1.0,0.0,0.0,0.0,1.0,2.0,23,7,8
66135,4,2,1,0,8,3,0,1,1,1,1,18,2,2,0.0,0.0,0.0,0.0,0.0,2.0,20,2,5
158469,15,2,3,0,2,3,0,1,0,1,2,17,2,0,4.0,1.0,3.0,0.0,0.0,2.0,13,1,11
21476,16,2,0,0,15,3,0,1,0,1,2,6,2,3,2.0,0.0,0.0,2.0,0.0,1.0,23,2,2
98553,15,2,3,0,6,3,0,1,0,1,2,36,3,2,0.0,0.0,0.0,0.0,0.0,2.0,9,5,7
13057,16,2,3,10,8,3,0,1,0,1,2,19,2,4,3.0,0.0,0.0,0.0,3.0,1.0,16,2,1
118278,16,7,3,8,8,3,6,1,0,1,1,18,2,3,1.0,0.0,0.0,1.0,0.0,1.0,15,2,8
58742,16,2,3,0,8,3,6,1,0,1,2,6,2,3,1.0,0.0,0.0,1.0,0.0,1.0,11,5,5
178218,16,11,5,17,11,3,5,5,1,1,2,22,2,2,0.0,0.0,0.0,0.0,0.0,2.0,16,4,12
70221,4,2,3,17,8,3,0,1,1,1,2,36,2,2,0.0,0.0,0.0,0.0,0.0,2.0,17,3,5
104712,15,2,3,17,10,3,0,1,1,1,2,24,2,2,0.0,0.0,0.0,0.0,0.0,2.0,9,6,8
24096,4,2,3,17,2,3,0,1,1,1,1,36,2,2,0.0,0.0,0.0,0.0,0.0,2.0,19,4,2
168164,4,2,1,17,8,3,0,1,0,1,1,18,2,3,1.0,0.0,0.0,1.0,0.0,3.0,1,5,11
145725,4,2,4,17,2,3,0,1,1,1,2,36,2,2,0.0,0.0,0.0,0.0,0.0,2.0,18,2,10
6553,16,2,1,0,10,3,0,1,0,1,2,11,2,2,0.0,0.0,0.0,0.0,0.0,5.0,4,1,1
157375,16,2,3,8,8,3,0,1,0,1,0,36,2,3,1.0,0.0,0.0,1.0,0.0,1.0,11,1,11
71856,16,2,3,17,1,3,0,1,1,1,0,22,2,2,0.0,0.0,0.0,0.0,0.0,2.0,19,6,6
98109,4,2,3,17,2,3,0,1,0,1,2,18,2,2,0.0,0.0,0.0,0.0,0.0,4.0,17,7,7
120995,16,2,1,17,7,3,5,5,0,1,2,24,2,2,0.0,0.0,0.0,0.0,0.0,2.0,22,6,9
112632,15,11,1,9,6,3,5,5,0,1,2,36,2,3,1.0,0.0,0.0,1.0,0.0,1.0,4,7,8
15059,4,3,3,12,8,3,0,1,1,1,1,12,2,2,0.0,0.0,0.0,0.0,0.0,2.0,12,4,1
35187,15,2,3,0,6,3,0,1,1,1,2,36,2,2,0.0,0.0,0.0,0.0,0.0,4.0,17,4,3
83587,17,11,5,17,15,3,5,5,1,1,2,4,2,2,0.0,0.0,0.0,0.0,0.0,3.0,13,7,6
114353,16,7,3,17,3,3,6,1,0,1,2,38,2,2,0.0,0.0,0.0,0.0,0.0,2.0,13,7,8
183370,15,2,3,17,8,3,0,1,1,1,1,24,2,2,0.0,0.0,0.0,0.0,0.0,2.0,9,2,12
173626,16,7,1,10,8,3,6,1,0,1,2,17,2,2,0.0,0.0,0.0,0.0,0.0,6.0,5,1,12
137324,16,2,4,17,6,3,0,1,0,1,2,18,2,2,0.0,0.0,0.0,0.0,0.0,2.0,18,5,9
90291,16,2,3,17,10,3,0,1,1,1,1,24,2,2,0.0,0.0,0.0,0.0,0.0,3.0,11,4,7
39610,15,11,5,17,8,3,5,1,1,1,0,18,2,2,0.0,0.0,0.0,0.0,0.0,2.0,13,7,3
45473,17,11,5,9,17,3,5,5,0,1,1,18,2,4,1.0,0.0,0.0,0.0,1.0,1.0,18,2,4
174721,18,2,1,0,3,3,0,1,0,1,2,6,2,2,0.0,0.0,0.0,0.0,0.0,6.0,20,2,12
73212,15,2,3,17,6,3,0,1,1,1,1,18,2,2,0.0,0.0,0.0,0.0,0.0,2.0,12,6,6
171059,16,3,1,17,15,2,0,6,1,1,2,12,2,2,0.0,0.0,0.0,0.0,0.0,3.0,1,5,11
158278,16,2,3,17,6,3,0,1,0,1,2,17,2,3,2.0,0.0,0.0,2.0,0.0,1.0,15,5,11
141277,15,2,3,0,2,3,0,1,1,1,0,18,2,2,0.0,0.0,0.0,0.0,0.0,3.0,14,4,10
161644,16,7,3,10,2,3,6,1,1,1,2,19,2,2,0.0,0.0,0.0,0.0,0.0,2.0,9,5,11
26089,16,10,1,10,6,3,4,5,1,1,1,39,2,2,0.0,0.0,0.0,0.0,0.0,2.0,22,6,2
117379,16,7,3,10,8,3,6,1,0,1,2,17,4,2,0.0,0.0,0.0,0.0,0.0,4.0,8,2,8
14085,4,3,3,10,2,3,0,1,0,1,2,36,2,4,1.0,0.0,0.0,0.0,1.0,1.0,15,1,1
38831,4,2,3,15,6,3,0,1,0,1,2,18,2,2,0.0,0.0,0.0,0.0,0.0,4.0,17,7,3
1816,15,2,3,17,8,3,0,1,1,1,2,18,2,2,0.0,0.0,0.0,0.0,0.0,2.0,10,4,1
25725,16,2,3,15,8,3,0,1,1,1,2,22,2,2,0.0,0.0,0.0,0.0,0.0,2.0,10,4,2
6498,16,2,3,15,8,3,6,1,1,1,1,22,2,2,0.0,0.0,0.0,0.0,0.0,2.0,8,5,1
134726,4,2,3,17,8,3,5,5,0,1,2,36,2,3,1.0,0.0,0.0,1.0,0.0,1.0,18,4,9
20702,15,2,3,7,8,3,6,1,1,0,2,36,2,2,0.0,0.0,0.0,0.0,0.0,1.0,7,4,2
45996,16,2,3,10,2,3,0,1,1,1,2,17,2,2,0.0,0.0,0.0,0.0,0.0,2.0,15,5,4
60086,16,2,3,17,2,3,0,1,1,1,1,19,2,2,0.0,0.0,0.0,0.0,0.0,2.0,19,4,5
113387,16,2,3,17,15,3,0,1,0,1,2,24,2,2,0.0,0.0,0.0,0.0,0.0,2.0,10,5,8
42837,16,2,3,17,8,3,0,1,1,1,2,22,2,2,0.0,0.0,0.0,0.0,0.0,2.0,7,3,4
172166,16,2,1,10,10,3,0,1,1,1,2,36,2,2,0.0,0.0,0.0,0.0,0.0,2.0,18,5,12
24488,3,2,1,17,3,3,0,1,1,1,2,36,2,2,0.0,0.0,0.0,0.0,0.0,4.0,23,4,2
164111,4,2,3,2,8,3,0,1,0,1,2,13,1,2,0.0,0.0,0.0,0.0,0.0,1.0,11,4,11
99609,16,2,3,10,6,3,0,1,1,1,2,19,2,2,0.0,0.0,0.0,0.0,0.0,2.0,15,1,7
129107,16,2,4,17,6,3,0,1,0,1,2,17,2,3,1.0,0.0,0.0,1.0,0.0,1.0,18,2,9
3890,6,10,1,10,8,3,6,5,1,1,1,19,2,2,0.0,0.0,0.0,0.0,0.0,2.0,18,2,1
36007,15,3,3,10,8,3,0,1,1,1,1,8,2,2,0.0,0.0,0.0,0.0,0.0,2.0,13,4,3
138221,15,2,1,17,11,3,0,1,1,1,2,18,2,2,0.0,0.0,0.0,0.0,0.0,2.0,20,2,10
34599,16,2,3,10,2,3,0,1,1,0,1,19,2,2,0.0,0.0,0.0,0.0,0.0,2.0,13,2,3
51913,16,2,3,0,6,3,0,1,1,1,2,6,2,2,0.0,0.0,0.0,0.0,0.0,2.0,6,6,4
97968,4,2,1,17,15,3,0,1,1,1,2,24,2,2,0.0,0.0,0.0,0.0,0.0,2.0,3,4,7
167051,16,2,3,17,8,3,0,1,1,1,2,24,2,2,0.0,0.0,0.0,0.0,0.0,2.0,14,3,11
108422,15,2,3,10,2,3,0,1,1,1,0,36,2,2,0.0,0.0,0.0,0.0,0.0,2.0,15,1,8
42029,16,2,3,10,6,3,0,1,1,1,0,19,3,2,0.0,0.0,0.0,0.0,0.0,3.0,9,4,3
15174,4,2,3,17,8,3,0,1,0,1,2,18,2,3,2.0,0.0,0.0,2.0,0.0,0.0,14,6,2
165222,17,2,4,17,8,3,0,5,1,1,1,26,2,2,0.0,0.0,0.0,0.0,0.0,2.0,21,6,11
82312,4,2,1,15,6,3,0,1,1,1,2,36,2,2,0.0,0.0,0.0,0.0,0.0,2.0,23,7,6
33376,15,2,3,0,2,3,0,1,0,1,2,5,2,1,1.0,0.0,1.0,0.0,0.0,2.0,12,1,3
66770,16,2,1,17,8,3,0,1,0,1,2,18,3,2,0.0,0.0,0.0,0.0,0.0,4.0,22,6,5
139472,16,2,1,2,15,3,0,1,0,1,2,12,1,2,0.0,0.0,0.0,0.0,0.0,1.0,2,6,10
140554,16,7,1,17,1,3,6,1,1,1,2,24,2,2,0.0,0.0,0.0,0.0,0.0,3.0,2,7,10
166924,4,7,1,7,10,3,6,5,1,1,1,36,2,2,0.0,0.0,0.0,0.0,0.0,1.0,16,4,11
24371,16,2,3,7,8,3,0,1,1,1,1,36,2,2,0.0,0.0,0.0,0.0,0.0,1.0,15,3,2
50687,16,11,5,10,6,3,5,1,1,1,1,36,2,2,0.0,0.0,0.0,0.0,0.0,2.0,18,6,4
107522,15,2,1,0,6,3,6,1,0,1,2,18,3,3,4.0,0.0,0.0,1.0,3.0,0.0,0,7,8
44397,16,7,3,10,2,3,6,1,0,1,0,19,2,1,1.0,0.0,1.0,0.0,0.0,1.0,7,4,4
18466,16,2,3,0,15,3,0,1,1,1,1,18,2,2,0.0,0.0,0.0,0.0,0.0,2.0,16,7,2
60883,16,2,1,10,2,3,0,1,0,1,2,17,2,2,0.0,0.0,0.0,0.0,0.0,2.0,21,3,5
61240,16,2,1,17,6,3,0,1,0,1,2,6,3,3,1.0,0.0,0.0,1.0,0.0,9.0,0,7,5
78628,16,7,3,17,6,3,6,5,1,1,2,39,2,2,0.0,0.0,0.0,0.0,0.0,2.0,18,3,6
41878,16,2,4,10,10,3,0,1,1,1,2,17,2,2,0.0,0.0,0.0,0.0,0.0,3.0,19,7,3
58644,4,2,3,17,8,3,0,1,0,1,2,18,2,2,0.0,0.0,0.0,0.0,0.0,3.0,16,4,5
55300,4,7,3,9,2,3,6,1,0,0,2,36,2,3,1.0,0.0,0.0,1.0,0.0,1.0,11,5,4
141676,4,2,3,10,3,4,0,6,1,1,2,19,2,2,0.0,0.0,0.0,0.0,0.0,3.0,13,1,10
77741,16,2,3,17,6,3,6,1,1,1,1,36,2,2,0.0,0.0,0.0,0.0,0.0,4.0,15,4,6
92773,16,2,3,8,5,3,0,5,0,1,1,36,2,1,1.0,0.0,1.0,0.0,0.0,1.0,5,1,7
165388,16,7,1,3,10,3,6,1,0,1,2,11,2,2,0.0,0.0,0.0,0.0,0.0,6.0,18,7,11
153177,16,2,0,15,3,3,0,1,1,1,2,28,2,2,0.0,0.0,0.0,0.0,0.0,2.0,19,5,10
58774,16,2,1,7,8,3,6,1,0,1,2,30,2,3,2.0,0.0,0.0,2.0,0.0,0.0,4,6,5
39184,16,2,3,17,2,3,0,1,1,1,2,36,2,2,0.0,0.0,0.0,0.0,0.0,3.0,14,6,3
160639,16,2,3,0,6,3,0,1,0,1,2,13,2,1,1.0,0.0,1.0,0.0,0.0,1.0,9,4,11
26150,16,2,1,0,15,3,0,1,0,1,2,18,2,4,1.0,0.0,0.0,0.0,1.0,2.0,21,7,2
152341,15,2,3,0,2,3,0,1,0,1,2,18,2,2,0.0,0.0,0.0,0.0,0.0,3.0,12,6,10
110066,4,2,4,9,8,3,0,1,1,1,0,36,2,2,0.0,0.0,0.0,0.0,0.0,3.0,19,4,8
1556,16,2,3,0,11,3,0,5,0,1,2,18,2,3,2.0,0.0,0.0,2.0,0.0,0.0,13,6,1
123118,16,2,1,0,15,3,0,1,0,1,2,36,2,3,1.0,0.0,0.0,1.0,0.0,1.0,2,2,9
13574,16,10,3,0,3,3,4,1,1,1,2,6,2,2,0.0,0.0,0.0,0.0,0.0,2.0,13,6,1
68380,16,2,3,10,8,3,0,5,0,1,1,19,2,3,1.0,0.0,0.0,1.0,0.0,4.0,8,3,5
182175,4,7,0,0,8,3,6,1,1,1,2,36,2,2,0.0,0.0,0.0,0.0,0.0,2.0,1,7,12
6220,16,2,3,17,2,3,0,1,1,0,2,23,2,2,0.0,0.0,0.0,0.0,0.0,2.0,10,4,1
98201,16,7,1,10,10,3,6,1,1,0,1,39,2,2,0.0,0.0,0.0,0.0,0.0,2.0,21,6,7
36467,16,7,4,17,6,3,6,5,0,1,2,36,2,4,1.0,0.0,0.0,0.0,1.0,1.0,6,5,3
121794,16,2,1,17,16,3,0,1,1,1,2,36,2,2,0.0,0.0,0.0,0.0,0.0,2.0,19,3,9
137054,16,3,3,17,8,3,6,1,1,1,2,18,2,2,0.0,0.0,0.0,0.0,0.0,3.0,7,6,9
39730,16,2,3,15,8,3,0,1,1,1,2,26,2,2,0.0,0.0,0.0,0.0,0.0,4.0,12,2,3
155954,15,2,0,0,6,3,0,1,0,1,2,18,2,3,1.0,0.0,0.0,1.0,0.0,1.0,1,1,11
6915,15,3,3,0,6,3,0,1,0,1,2,5,2,2,0.0,0.0,0.0,0.0,0.0,4.0,13,1,1
123598,4,2,0,15,2,3,0,1,0,1,2,36,2,4,2.0,0.0,0.0,0.0,2.0,0.0,22,2,9
16729,16,2,1,10,2,3,0,1,0,1,2,19,2,3,1.0,0.0,0.0,1.0,0.0,3.0,3,7,2
61032,16,2,3,10,6,3,0,1,1,1,0,19,2,2,0.0,0.0,0.0,0.0,0.0,3.0,12,6,5
84355,16,2,3,0,8,3,0,1,0,1,2,6,4,3,1.0,0.0,0.0,1.0,0.0,3.0,10,2,6
81088,16,2,3,17,2,3,0,1,1,1,0,36,2,2,0.0,0.0,0.0,0.0,0.0,2.0,22,3,6
125147,16,2,3,17,2,3,0,1,1,1,2,35,2,2,0.0,0.0,0.0,0.0,0.0,2.0,15,4,9
10173,16,9,1,0,8,3,4,5,0,1,2,6,2,3,1.0,0.0,0.0,1.0,0.0,1.0,0,2,1
102137,16,2,3,0,6,3,0,1,0,1,2,36,2,4,1.0,0.0,0.0,0.0,1.0,1.0,13,5,7
147549,4,2,3,17,2,3,0,1,0,1,2,15,2,3,1.0,0.0,0.0,1.0,0.0,6.0,17,5,10
67042,17,2,3,10,18,3,5,5,1,1,2,36,2,2,0.0,0.0,0.0,0.0,0.0,2.0,11,4,5
167483,4,2,1,17,8,3,0,1,0,1,2,18,2,2,0.0,0.0,0.0,0.0,0.0,2.0,23,3,11
95787,4,2,3,0,2,3,0,1,0,1,2,36,2,4,2.0,0.0,0.0,0.0,2.0,1.0,17,6,7
115730,4,2,3,0,8,3,0,1,0,1,2,12,2,2,0.0,0.0,0.0,0.0,0.0,2.0,15,6,8