crash_date,               traffic_control_device,weather_condition,lighting_condition,first_crash_type,trafficway_type,alignment,roadway_surface_cond,road_defect,crash_type,intersection_related_i,damage,prim_contributory_cause,num_units,most_severe_injury,injuries_total,injuries_fatal,injuries_incapacitating,injuries_non_incapacitating,injuries_reported_not_evident,injuries_no_indication,crash_hour,crash_day_of_week,crash_month
84822,16,2,3,15,8,3,0,1,1,1,2,24,2,2,0.0,0.0,0.0,0.0,0.0,2.0,8,3,6
127686,15,2,3,17,6,3,0,1,1,1,2,18,2,2,0.0,0.0,0.0,0.0,0.0,2.0,16,6,9
160293,4,2,3,7,8,3,0,1,1,0,1,36,2,2,0.0,0.0,0.0,0.0,0.0,2.0,15,5,11
31913,15,2,3,17,2,3,0,1,1,1,2,18,2,2,0.0,0.0,0.0,0.0,0.0,2.0,8,4,3
20285,4,2,3,0,8,3,4,5,0,1,2,36,2,2,0.0,0.0,0.0,0.0,0.0,2.0,16,4,2
42773,4,2,3,17,8,3,0,1,1,1,1,24,2,2,0.0,0.0,0.0,0.0,0.0,4.0,17,2,4
166194,16,2,3,17,1,3,0,1,0,1,1,36,2,3,1.0,0.0,0.0,1.0,0.0,1.0,10,5,11
78937,16,7,1,14,2,3,6,1,0,1,2,22,2,3,3.0,0.0,0.0,2.0,1.0,1.0,22,6,6
117610,16,3,2,10,6,3,0,1,0,1,2,36,2,4,1.0,0.0,0.0,0.0,1.0,1.0,5,7,8
156374,16,3,3,0,8,3,6,1,1,1,1,18,2,2,0.0,0.0,0.0,0.0,0.0,2.0,7,5,11
145533,16,2,3,17,2,3,0,1,1,0,2,24,2,2,0.0,0.0,0.0,0.0,0.0,2.0,13,6,10
171733,15,3,3,17,8,3,6,2,1,1,1,23,2,2,0.0,0.0,0.0,0.0,0.0,2.0,9,6,11
47820,16,2,1,17,6,3,0,1,0,1,2,18,4,2,0.0,0.0,0.0,0.0,0.0,5.0,21,3,4
32091,16,2,3,10,8,3,0,5,1,1,0,36,2,2,0.0,0.0,0.0,0.0,0.0,2.0,12,7,3
72405,4,7,1,0,8,3,6,1,0,1,2,18,2,2,0.0,0.0,0.0,0.0,0.0,3.0,22,7,6
188984,16,10,0,17,6,3,4,1,0,1,2,26,2,3,1.0,0.0,0.0,1.0,0.0,1.0,17,1,12
166204,15,2,3,10,8,3,0,5,1,1,2,36,2,2,0.0,0.0,0.0,0.0,0.0,2.0,12,5,11
13487,4,2,3,10,8,3,0,1,1,0,2,19,2,2,0.0,0.0,0.0,0.0,0.0,3.0,7,3,1
105116,16,7,1,17,2,3,6,5,1,1,2,36,2,2,0.0,0.0,0.0,0.0,0.0,3.0,21,5,8
160381,16,10,3,10,8,3,6,1,1,0,1,19,2,2,0.0,0.0,0.0,0.0,0.0,2.0,6,6,11
171732,15,2,3,0,8,3,6,1,0,1,2,36,2,3,2.0,0.0,0.0,2.0,0.0,0.0,9,6,11
106864,16,2,3,17,6,3,0,1,0,1,1,4,2,3,1.0,0.0,0.0,1.0,0.0,1.0,14,5,8
159862,16,2,3,17,6,3,0,1,1,1,1,22,2,2,0.0,0.0,0.0,0.0,0.0,3.0,14,6,11
138689,4,2,3,17,6,3,0,1,1,1,1,36,2,2,0.0,0.0,0.0,0.0,0.0,2.0,18,4,10
115713,15,2,3,0,8,3,0,1,1,1,2,36,2,2,0.0,0.0,0.0,0.0,0.0,2.0,9,5,8
16618,15,10,3,0,6,3,6,1,1,1,2,18,2,2,0.0,0.0,0.0,0.0,0.0,2.0,15,5,2
89802,4,2,1,17,2,3,0,1,1,1,1,14,2,2,0.0,0.0,0.0,0.0,0.0,2.0,21,5,7
93846,16,7,3,10,3,3,6,1,1,1,2,36,2,2,0.0,0.0,0.0,0.0,0.0,3.0,16,4,7
113522,15,2,3,8,6,3,0,1,1,1,0,18,2,2,0.0,0.0,0.0,0.0,0.0,2.0,11,1,8
59982,15,2,3,0,6,3,0,5,0,1,2,36,2,4,1.0,0.0,0.0,0.0,1.0,7.0,8,4,5
31297,15,2,3,0,6,3,0,1,0,1,2,18,2,4,4.0,0.0,0.0,0.0,4.0,0.0,15,3,3
120776,4,2,3,17,15,3,0,1,0,1,1,12,2,3,1.0,0.0,0.0,1.0,0.0,2.0,14,4,9
109214,16,2,3,0,6,3,0,1,0,1,2,6,2,4,2.0,0.0,0.0,0.0,2.0,1.0,9,7,8
20828,4,10,3,17,4,3,4,1,1,0,0,36,2,2,0.0,0.0,0.0,0.0,0.0,2.0,11,5,2
30533,15,2,1,10,8,3,0,1,0,1,2,19,2,4,1.0,0.0,0.0,0.0,1.0,5.0,20,2,3
171261,16,3,3,17,8,3,6,1,0,1,2,24,2,3,1.0,0.0,0.0,1.0,0.0,1.0,10,5,11
142058,15,2,3,10,6,3,0,1,1,1,2,19,2,2,0.0,0.0,0.0,0.0,0.0,3.0,13,1,10
178735,16,2,3,15,2,3,0,1,1,1,1,12,2,2,0.0,0.0,0.0,0.0,0.0,2.0,16,3,12
165600,4,2,1,10,15,3,0,1,1,1,1,36,2,2,0.0,0.0,0.0,0.0,0.0,2.0,23,4,11
1946,16,2,1,14,8,3,0,1,1,1,2,24,2,2,0.0,0.0,0.0,0.0,0.0,2.0,18,3,1
133560,15,2,3,0,8,3,0,1,1,1,1,18,2,2,0.0,0.0,0.0,0.0,0.0,2.0,13,5,9
29396,16,2,3,10,3,2,0,1,0,1,2,13,2,2,0.0,0.0,0.0,0.0,0.0,2.0,8,4,3
158692,15,2,3,17,8,3,0,1,0,1,2,18,2,2,0.0,0.0,0.0,0.0,0.0,2.0,12,2,11
13412,4,10,3,10,2,1,4,1,1,1,2,19,3,2,0.0,0.0,0.0,0.0,0.0,3.0,15,2,1
169794,4,7,0,10,2,3,6,1,1,1,1,36,2,2,0.0,0.0,0.0,0.0,0.0,3.0,17,3,11
186991,4,7,0,17,15,3,6,1,1,1,2,36,2,2,0.0,0.0,0.0,0.0,0.0,2.0,23,6,12
90442,15,2,1,0,10,3,0,1,1,1,2,5,2,2,0.0,0.0,0.0,0.0,0.0,3.0,0,5,7
123215,16,2,3,10,3,3,0,5,1,1,2,36,2,2,0.0,0.0,0.0,0.0,0.0,2.0,12,3,9
124377,4,2,3,15,11,3,0,5,1,1,1,26,2,2,0.0,0.0,0.0,0.0,0.0,2.0,17,5,9
50116,16,2,3,15,8,3,0,1,1,1,1,36,2,2,0.0,0.0,0.0,0.0,0.0,3.0,18,2,4
71095,16,2,3,10,6,3,0,1,0,1,2,19,2,4,1.0,0.0,0.0,0.0,1.0,1.0,15,5,5
80266,16,2,3,17,5,3,0,1,1,1,2,36,2,2,0.0,0.0,0.0,0.0,0.0,2.0,14,6,6
17218,16,2,1,10,3,3,6,1,1,1,1,19,2,2,0.0,0.0,0.0,0.0,0.0,5.0,22,7,2
167543,16,10,3,9,6,3,6,1,0,1,0,18,2,3,1.0,0.0,0.0,1.0,0.0,1.0,9,5,11
147812,15,2,1,17,6,3,0,5,1,1,2,38,2,2,0.0,0.0,0.0,0.0,0.0,2.0,19,3,10
112536,3,2,3,15,3,3,0,1,0,1,2,12,2,3,1.0,0.0,0.0,1.0,0.0,1.0,14,6,8
73975,4,2,3,7,10,3,0,1,1,1,2,36,2,2,0.0,0.0,0.0,0.0,0.0,3.0,11,3,6
27783,15,2,3,0,2,3,0,1,0,1,2,38,2,3,2.0,0.0,0.0,2.0,0.0,0.0,10,5,2
52089,15,2,3,17,8,3,0,3,1,1,1,24,2,2,0.0,0.0,0.0,0.0,0.0,2.0,13,1,4
188888,16,2,1,17,6,3,0,1,0,1,2,6,2,2,0.0,0.0,0.0,0.0,0.0,3.0,21,6,12
80044,16,2,1,5,2,3,0,3,0,1,1,26,1,2,0.0,0.0,0.0,0.0,0.0,1.0,20,1,6
54870,16,2,3,15,1,3,0,1,0,1,2,12,2,2,0.0,0.0,0.0,0.0,0.0,2.0,7,5,4
91318,16,2,3,17,8,3,0,1,1,1,2,23,2,2,0.0,0.0,0.0,0.0,0.0,2.0,21,6,7
154285,16,7,1,10,2,3,6,1,1,1,0,17,2,2,0.0,0.0,0.0,0.0,0.0,2.0,20,7,10
173296,16,2,0,15,8,3,0,1,1,1,2,36,2,2,0.0,0.0,0.0,0.0,0.0,2.0,20,1,12
97410,12,2,3,17,6,3,0,1,1,1,1,24,2,2,0.0,0.0,0.0,0.0,0.0,2.0,9,2,7
118535,17,2,3,7,18,3,0,1,0,1,2,36,2,2,0.0,0.0,0.0,0.0,0.0,1.0,12,6,8
30306,16,2,3,10,2,3,0,1,1,1,1,36,2,2,0.0,0.0,0.0,0.0,0.0,3.0,10,6,3
56109,15,2,3,0,8,3,0,1,1,1,1,18,2,2,0.0,0.0,0.0,0.0,0.0,3.0,12,3,5
40831,4,2,3,17,0,3,0,1,1,1,2,18,2,2,0.0,0.0,0.0,0.0,0.0,2.0,17,2,3
103054,16,2,3,10,8,3,0,1,1,1,1,19,2,2,0.0,0.0,0.0,0.0,0.0,2.0,14,5,7
25496,15,2,1,0,6,3,0,1,0,1,2,17,2,2,0.0,0.0,0.0,0.0,0.0,4.0,21,3,2
18898,15,2,1,17,8,3,0,1,0,1,2,18,2,4,1.0,0.0,0.0,0.0,1.0,5.0,1,1,2
30032,4,7,1,7,11,3,6,1,0,1,2,36,3,3,1.0,0.0,0.0,1.0,0.0,0.0,21,2,3
63921,4,2,1,17,8,3,0,1,1,1,2,36,2,2,0.0,0.0,0.0,0.0,0.0,2.0,21,2,5
92156,16,2,3,17,3,3,0,1,0,1,2,6,2,4,1.0,0.0,0.0,0.0,1.0,1.0,13,6,7
117849,16,2,3,10,8,3,0,1,1,1,1,19,2,2,0.0,0.0,0.0,0.0,0.0,2.0,15,3,8
69896,16,7,1,10,8,3,6,1,1,1,1,19,2,2,0.0,0.0,0.0,0.0,0.0,2.0,17,6,5
101554,15,2,3,17,15,3,0,5,0,1,2,5,4,4,1.0,0.0,0.0,0.0,1.0,3.0,15,3,7
57996,4,2,3,17,8,3,0,1,1,1,1,36,2,2,0.0,0.0,0.0,0.0,0.0,2.0,15,7,5
128810,16,2,4,7,10,3,0,5,0,1,2,24,2,2,0.0,0.0,0.0,0.0,0.0,1.0,21,6,9
167702,16,2,1,10,8,3,0,1,0,1,2,17,2,2,0.0,0.0,0.0,0.0,0.0,2.0,1,5,11
44019,16,7,1,15,8,3,6,1,1,1,1,23,2,2,0.0,0.0,0.0,0.0,0.0,2.0,21,3,4
50263,15,2,3,17,8,3,0,1,0,1,1,26,2,2,0.0,0.0,0.0,0.0,0.0,2.0,9,5,4
119448,16,2,3,10,3,3,0,6,0,1,2,30,3,1,1.0,0.0,1.0,0.0,0.0,2.0,7,4,8
150266,16,2,3,10,6,3,0,1,1,1,1,19,2,2,0.0,0.0,0.0,0.0,0.0,2.0,17,3,10
76477,16,2,3,8,8,3,0,1,1,1,0,36,2,2,0.0,0.0,0.0,0.0,0.0,2.0,16,1,6
45950,15,2,3,17,8,3,0,1,1,1,2,36,2,2,0.0,0.0,0.0,0.0,0.0,2.0,7,3,4
117193,15,2,3,10,8,3,0,1,1,1,0,17,2,2,0.0,0.0,0.0,0.0,0.0,2.0,11,1,8
119610,15,2,1,0,6,3,0,1,0,1,1,18,2,2,0.0,0.0,0.0,0.0,0.0,2.0,4,1,8
45817,16,2,3,10,8,3,1,1,1,1,1,17,2,2,0.0,0.0,0.0,0.0,0.0,5.0,7,7,4
16162,16,2,1,0,6,3,0,1,0,1,2,17,5,3,2.0,0.0,0.0,2.0,0.0,1.0,0,2,2
62554,16,2,3,17,6,3,0,1,1,1,1,22,2,2,0.0,0.0,0.0,0.0,0.0,2.0,6,2,5
29100,6,2,3,5,6,3,0,1,0,1,2,11,2,1,1.0,0.0,1.0,0.0,0.0,2.0,16,7,3
16867,16,2,3,5,8,3,5,3,1,1,0,26,2,2,0.0,0.0,0.0,0.0,0.0,1.0,11,1,2
178917,16,2,4,3,11,3,0,5,1,1,2,36,2,2,0.0,0.0,0.0,0.0,0.0,2.0,16,4,12
59977,4,2,4,8,8,3,0,1,0,1,2,18,2,1,1.0,0.0,1.0,0.0,0.0,3.0,19,4,5
1257,16,2,3,0,2,3,1,1,0,1,2,36,2,2,0.0,0.0,0.0,0.0,0.0,2.0,13,2,1
52077,16,2,3,10,8,3,0,5,1,1,1,26,2,2,0.0,0.0,0.0,0.0,0.0,3.0,19,7,4
66936,15,2,2,0,6,3,0,1,0,1,2,18,2,3,1.0,0.0,0.0,1.0,0.0,2.0,5,2,5
180758,16,2,3,9,8,3,0,5,0,1,2,38,2,3,1.0,0.0,0.0,1.0,0.0,2.0,15,7,12
132913,16,2,1,15,15,3,0,1,0,0,2,23,2,2,0.0,0.0,0.0,0.0,0.0,3.0,23,6,9
170845,16,2,1,10,6,3,0,1,1,1,2,19,2,2,0.0,0.0,0.0,0.0,0.0,7.0,16,7,11
181136,15,10,3,17,8,5,4,5,0,1,2,36,2,3,1.0,0.0,0.0,1.0,0.0,1.0,10,6,12
86273,4,2,3,17,8,4,0,1,0,1,2,18,2,2,0.0,0.0,0.0,0.0,0.0,3.0,13,5,6
133228,16,2,0,17,6,3,0,1,1,1,2,26,2,2,0.0,0.0,0.0,0.0,0.0,2.0,20,2,9
161872,16,7,3,17,3,3,6,1,0,1,2,24,2,2,0.0,0.0,0.0,0.0,0.0,2.0,14,1,11
162405,16,2,3,17,2,3,0,1,1,1,1,24,2,2,0.0,0.0,0.0,0.0,0.0,2.0,10,3,11
5444,15,2,3,17,2,3,6,1,1,1,2,18,3,2,0.0,0.0,0.0,0.0,0.0,2.0,14,5,1
178955,15,2,3,10,10,3,0,1,1,1,2,19,2,2,0.0,0.0,0.0,0.0,0.0,3.0,8,4,12
5505,15,2,3,0,8,3,0,1,1,1,1,36,2,2,0.0,0.0,0.0,0.0,0.0,2.0,7,6,1
85443,16,3,3,10,6,3,0,1,1,1,1,19,2,2,0.0,0.0,0.0,0.0,0.0,2.0,10,6,6
10372,4,2,3,17,8,3,0,1,0,0,2,18,2,3,1.0,0.0,0.0,1.0,0.0,1.0,10,6,1
74166,16,2,3,0,2,3,0,1,0,1,2,6,2,1,1.0,0.0,1.0,0.0,0.0,1.0,18,7,6
7001,16,11,4,10,3,3,5,5,1,1,2,36,2,2,0.0,0.0,0.0,0.0,0.0,2.0,17,3,1
107607,16,2,3,10,6,3,0,1,0,1,2,36,3,4,1.0,0.0,0.0,0.0,1.0,2.0,16,2,8
117677,16,2,3,8,2,3,0,1,0,1,1,36,2,3,1.0,0.0,0.0,1.0,0.0,1.0,18,2,8
39185,14,2,3,9,15,3,0,1,0,1,0,21,2,4,1.0,0.0,0.0,0.0,1.0,1.0,14,6,3
128092,16,2,1,12,8,3,0,1,1,1,2,19,2,2,0.0,0.0,0.0,0.0,0.0,2.0,0,3,9
109191,15,2,3,8,8,3,0,5,0,1,0,24,2,1,1.0,0.0,1.0,0.0,0.0,1.0,18,7,8
54865,16,2,1,10,6,3,6,1,1,1,2,36,2,2,0.0,0.0,0.0,0.0,0.0,2.0,18,5,4
49370,16,3,3,8,6,3,0,1,0,1,2,36,2,3,1.0,0.0,0.0,1.0,0.0,1.0,16,3,4
169519,16,2,4,17,8,4,0,1,1,1,1,18,2,2,0.0,0.0,0.0,0.0,0.0,4.0,16,7,11
28341,16,2,0,17,2,3,0,5,1,1,0,36,2,2,0.0,0.0,0.0,0.0,0.0,2.0,21,5,3
35514,15,10,3,17,15,3,4,5,0,1,2,18,2,3,1.0,0.0,0.0,1.0,0.0,2.0,10,2,3
182971,4,10,1,15,8,3,6,1,1,0,1,23,2,2,0.0,0.0,0.0,0.0,0.0,2.0,18,5,12
153381,15,2,1,0,2,3,0,1,1,1,2,18,2,2,0.0,0.0,0.0,0.0,0.0,2.0,18,6,10
82118,4,2,3,17,8,3,0,1,1,1,1,18,2,2,0.0,0.0,0.0,0.0,0.0,3.0,18,4,6
23442,4,2,1,0,2,3,0,1,0,1,2,18,2,2,0.0,0.0,0.0,0.0,0.0,2.0,18,1,2
38596,15,2,3,0,11,3,0,1,0,1,2,18,2,1,1.0,0.0,1.0,0.0,0.0,2.0,9,7,3
35624,4,2,1,9,8,3,0,1,0,1,2,36,2,3,1.0,0.0,0.0,1.0,0.0,1.0,5,4,3
58783,16,7,3,10,8,3,6,1,1,1,1,22,2,2,0.0,0.0,0.0,0.0,0.0,2.0,17,6,5
180994,16,2,1,17,6,3,0,4,0,1,2,18,2,2,0.0,0.0,0.0,0.0,0.0,2.0,20,4,12
39947,16,2,4,17,1,3,0,1,1,1,2,6,3,2,0.0,0.0,0.0,0.0,0.0,8.0,18,6,3
3542,16,2,3,17,6,3,0,5,1,1,0,4,2,2,0.0,0.0,0.0,0.0,0.0,2.0,13,4,1
107347,15,2,3,0,6,3,0,1,0,1,2,17,2,4,1.0,0.0,0.0,0.0,1.0,2.0,18,4,8
55750,15,2,3,17,15,3,5,5,1,1,2,36,2,2,0.0,0.0,0.0,0.0,0.0,2.0,14,6,4
179169,15,2,3,10,3,4,0,1,0,1,0,5,2,1,2.0,0.0,1.0,1.0,0.0,0.0,8,1,12
91646,16,2,1,17,6,3,0,1,1,1,1,24,2,2,0.0,0.0,0.0,0.0,0.0,2.0,22,4,7
164879,4,10,1,7,8,3,6,1,0,1,2,36,2,2,0.0,0.0,0.0,0.0,0.0,1.0,5,7,11
123539,15,7,2,0,2,3,6,1,0,1,2,36,2,2,0.0,0.0,0.0,0.0,0.0,3.0,6,1,9
80681,16,2,4,10,6,3,0,1,1,1,1,19,2,2,0.0,0.0,0.0,0.0,0.0,2.0,20,5,6
173260,16,2,1,3,2,3,0,1,0,1,2,18,2,3,1.0,0.0,0.0,1.0,0.0,2.0,2,1,12
35281,16,2,1,0,2,3,0,5,1,1,2,36,2,2,0.0,0.0,0.0,0.0,0.0,2.0,19,6,3
173994,16,2,3,14,8,3,0,1,1,1,1,21,2,2,0.0,0.0,0.0,0.0,0.0,2.0,6,6,12
186855,16,2,3,0,10,3,6,1,0,1,2,18,2,3,4.0,0.0,0.0,4.0,0.0,1.0,9,3,12
44665,16,2,4,9,6,3,0,5,0,1,0,26,2,1,1.0,0.0,1.0,0.0,0.0,1.0,18,2,4
179921,16,7,1,9,6,3,6,1,0,1,0,39,2,3,1.0,0.0,0.0,1.0,0.0,1.0,22,4,12
160547,16,2,3,15,8,3,0,1,1,1,2,17,2,2,0.0,0.0,0.0,0.0,0.0,2.0,15,3,11
157732,4,2,3,0,6,3,0,1,1,1,0,18,2,2,0.0,0.0,0.0,0.0,0.0,2.0,15,5,11
96782,16,2,2,17,5,3,0,1,1,1,2,12,2,2,0.0,0.0,0.0,0.0,0.0,2.0,5,7,7
152571,16,2,1,3,6,3,0,1,1,1,2,24,2,2,0.0,0.0,0.0,0.0,0.0,2.0,0,3,10
3720,16,2,3,17,10,3,0,1,1,1,1,19,2,2,0.0,0.0,0.0,0.0,0.0,2.0,15,1,1
70480,4,2,3,17,2,3,0,5,0,1,2,36,2,4,2.0,0.0,0.0,0.0,2.0,2.0,19,1,5
105822,16,2,3,11,8,3,0,1,1,1,1,21,2,2,0.0,0.0,0.0,0.0,0.0,2.0,13,3,8
58518,16,2,1,15,2,3,0,1,1,1,2,36,2,2,0.0,0.0,0.0,0.0,0.0,2.0,1,1,5
126979,15,2,3,17,6,3,0,5,0,1,2,18,3,2,0.0,0.0,0.0,0.0,0.0,3.0,17,2,9
1664,16,3,3,10,6,3,0,1,1,1,2,19,2,2,0.0,0.0,0.0,0.0,0.0,2.0,10,7,1
162500,15,2,3,17,8,4,0,1,1,1,0,17,2,2,0.0,0.0,0.0,0.0,0.0,2.0,7,2,11
103863,16,2,3,0,6,3,0,1,1,1,1,18,2,2,0.0,0.0,0.0,0.0,0.0,2.0,14,4,7
87769,4,2,3,7,2,3,0,1,1,0,2,36,2,2,0.0,0.0,0.0,0.0,0.0,1.0,0,1,6
53848,17,2,3,17,2,3,0,1,1,1,2,26,2,2,0.0,0.0,0.0,0.0,0.0,2.0,17,4,4
46843,16,2,3,10,8,3,0,1,1,1,2,19,2,2,0.0,0.0,0.0,0.0,0.0,2.0,10,5,4
55326,15,2,3,17,8,3,0,1,1,1,2,18,2,2,0.0,0.0,0.0,0.0,0.0,2.0,17,6,4
164190,15,2,3,10,8,3,0,1,1,1,2,19,2,2,0.0,0.0,0.0,0.0,0.0,2.0,14,2,11
67799,15,2,3,0,6,3,0,1,0,1,2,18,2,3,1.0,0.0,0.0,1.0,0.0,1.0,14,1,5
81721,16,2,3,0,6,3,0,1,1,1,1,6,2,2,0.0,0.0,0.0,0.0,0.0,2.0,6,6,6
129612,16,2,1,17,8,3,0,5,1,1,1,22,2,2,0.0,0.0,0.0,0.0,0.0,2.0,19,2,9
137441,16,2,3,17,2,3,0,1,0,1,2,18,2,2,0.0,0.0,0.0,0.0,0.0,3.0,12,6,9
661,16,2,1,17,8,3,1,1,0,1,2,9,2,2,0.0,0.0,0.0,0.0,0.0,2.0,19,4,1
52430,16,2,3,17,8,3,0,1,1,0,2,36,3,2,0.0,0.0,0.0,0.0,0.0,3.0,16,1,4
26281,15,2,1,17,8,3,4,1,1,1,1,23,2,2,0.0,0.0,0.0,0.0,0.0,2.0,17,2,2
20278,16,10,3,9,6,3,4,5,0,1,1,18,2,3,1.0,0.0,0.0,1.0,0.0,1.0,15,4,2
84984,16,7,3,0,8,3,6,1,0,1,2,6,3,4,4.0,0.0,0.0,0.0,4.0,4.0,11,6,6
59665,16,2,1,17,8,3,0,1,1,1,2,36,2,2,0.0,0.0,0.0,0.0,0.0,3.0,23,4,5
181624,16,2,3,10,9,3,0,1,1,1,1,36,2,2,0.0,0.0,0.0,0.0,0.0,2.0,9,6,12
123116,16,2,1,10,15,3,0,1,0,1,2,17,2,4,1.0,0.0,0.0,0.0,1.0,2.0,0,1,9
30233,16,2,0,17,8,3,0,1,1,1,2,18,2,2,0.0,0.0,0.0,0.0,0.0,2.0,18,5,3
118122,12,2,3,3,15,3,0,1,1,1,1,18,2,2,0.0,0.0,0.0,0.0,0.0,4.0,14,1,8
148293,16,2,1,17,10,3,6,1,1,1,0,18,2,2,0.0,0.0,0.0,0.0,0.0,2.0,21,2,10
36633,16,2,3,0,6,3,0,5,0,1,2,18,2,2,0.0,0.0,0.0,0.0,0.0,2.0,13,2,3
29995,15,2,3,17,15,3,0,1,0,1,2,24,2,2,0.0,0.0,0.0,0.0,0.0,2.0,13,2,3
38302,16,2,3,3,6,3,0,1,1,1,2,36,2,2,0.0,0.0,0.0,0.0,0.0,2.0,11,3,3
126975,4,2,1,0,6,3,0,1,0,1,2,5,2,2,0.0,0.0,0.0,0.0,0.0,3.0,4,2,9
29925,4,2,3,10,15,3,0,1,0,1,2,19,2,3,3.0,0.0,0.0,3.0,0.0,0.0,13,7,3
25229,15,2,3,0,8,3,0,1,1,1,2,36,2,2,0.0,0.0,0.0,0.0,0.0,2.0,15,3,2
102715,15,2,3,0,6,3,0,1,1,1,2,36,2,2,0.0,0.0,0.0,0.0,0.0,2.0,19,6,7
173835,16,2,1,0,8,3,0,1,0,1,0,17,2,3,1.0,0.0,0.0,1.0,0.0,1.0,3,3,12
173128,16,7,1,17,6,3,6,1,1,1,1,24,2,2,0.0,0.0,0.0,0.0,0.0,2.0,4,7,12
186475,4,2,3,7,8,3,0,1,1,0,2,36,2,2,0.0,0.0,0.0,0.0,0.0,3.0,13,4,12
113590,15,2,1,10,2,3,0,1,1,1,1,21,2,2,0.0,0.0,0.0,0.0,0.0,2.0,23,7,8
583,15,2,1,17,8,3,0,1,1,1,2,38,2,2,0.0,0.0,0.0,0.0,0.0,4.0,19,3,1
159968,16,2,1,9,8,3,0,1,0,1,2,36,2,3,1.0,0.0,0.0,1.0,0.0,1.0,19,1,11
67619,16,2,3,15,8,3,0,1,1,1,1,22,2,2,0.0,0.0,0.0,0.0,0.0,2.0,14,4,5
86105,15,2,3,17,3,3,0,1,0,1,2,36,2,1,2.0,0.0,1.0,1.0,0.0,1.0,13,3,6
1312,4,2,1,10,8,3,0,1,1,1,1,36,2,2,0.0,0.0,0.0,0.0,0.0,2.0,23,2,1
62289,16,2,3,17,3,3,0,1,1,1,2,12,2,2,0.0,0.0,0.0,0.0,0.0,2.0,11,4,5
178531,15,7,1,10,8,3,6,1,1,1,2,19,2,2,0.0,0.0,0.0,0.0,0.0,2.0,16,7,12
140334,16,7,3,17,8,3,6,1,1,1,1,36,2,2,0.0,0.0,0.0,0.0,0.0,2.0,8,5,10
177685,16,2,3,17,2,3,0,1,1,1,1,18,2,2,0.0,0.0,0.0,0.0,0.0,2.0,7,6,12
176568,4,2,1,17,2,3,0,1,0,1,1,8,2,4,2.0,0.0,0.0,0.0,2.0,0.0,21,7,12
143218,16,2,3,0,8,3,0,1,1,0,2,6,2,2,0.0,0.0,0.0,0.0,0.0,5.0,18,3,10
113761,16,2,3,17,6,3,0,1,0,1,2,6,2,4,1.0,0.0,0.0,0.0,1.0,2.0,11,4,8
29291,4,2,3,10,8,3,0,5,1,0,2,9,2,2,0.0,0.0,0.0,0.0,0.0,2.0,14,3,3
90961,16,2,3,17,8,3,0,1,1,1,1,18,2,2,0.0,0.0,0.0,0.0,0.0,4.0,16,7,7
186067,16,2,1,10,8,3,0,1,0,1,2,36,2,3,1.0,0.0,0.0,1.0,0.0,3.0,1,3,12
155148,4,2,5,15,2,3,5,5,1,0,0,22,2,2,0.0,0.0,0.0,0.0,0.0,2.0,18,3,10
28346,16,7,3,10,2,3,6,1,1,1,0,17,2,2,0.0,0.0,0.0,0.0,0.0,2.0,9,5,3
176526,15,10,3,0,11,3,4,5,1,1,2,36,2,2,0.0,0.0,0.0,0.0,0.0,2.0,14,7,12
149234,16,2,3,17,2,3,0,1,0,1,2,24,2,2,0.0,0.0,0.0,0.0,0.0,2.0,12,7,10
116478,16,2,3,17,8,3,0,1,1,1,2,23,2,2,0.0,0.0,0.0,0.0,0.0,2.0,13,4,8
187929,4,7,3,17,15,4,6,1,1,1,2,11,2,2,0.0,0.0,0.0,0.0,0.0,2.0,14,6,12
186874,4,11,5,17,17,3,5,5,1,1,1,36,2,2,0.0,0.0,0.0,0.0,0.0,2.0,12,3,12
80017,16,2,3,10,2,3,0,5,1,1,0,19,2,2,0.0,0.0,0.0,0.0,0.0,2.0,14,1,6
149761,16,2,3,10,3,3,0,1,1,1,2,19,2,2,0.0,0.0,0.0,0.0,0.0,2.0,10,7,10
31431,16,2,3,17,2,3,0,1,1,1,1,36,2,2,0.0,0.0,0.0,0.0,0.0,2.0,7,4,3
175100,15,2,1,9,6,3,0,1,0,1,0,5,2,4,1.0,0.0,0.0,0.0,1.0,1.0,18,6,12
15432,15,2,3,0,8,3,0,1,1,1,2,18,2,2,0.0,0.0,0.0,0.0,0.0,2.0,15,4,2
27116,16,2,3,10,8,3,0,1,1,1,1,19,2,2,0.0,0.0,0.0,0.0,0.0,4.0,11,1,2
183525,4,2,0,7,10,3,0,1,1,0,2,22,2,2,0.0,0.0,0.0,0.0,0.0,1.0,17,6,12
164875,16,3,1,9,2,3,6,1,0,1,2,18,2,3,1.0,0.0,0.0,1.0,0.0,2.0,17,7,11
47939,16,2,3,2,6,3,0,1,0,1,2,12,1,2,0.0,0.0,0.0,0.0,0.0,1.0,6,5,4
21132,15,2,1,0,8,3,6,1,0,1,2,18,2,2,0.0,0.0,0.0,0.0,0.0,2.0,18,4,2
50552,4,2,4,17,8,3,0,1,0,1,2,11,2,4,4.0,0.0,0.0,0.0,4.0,0.0,18,3,4
167389,15,2,4,0,6,3,0,5,1,1,1,5,2,2,0.0,0.0,0.0,0.0,0.0,2.0,16,2,11
97208,16,7,3,2,6,4,6,6,1,1,2,26,1,2,0.0,0.0,0.0,0.0,0.0,1.0,13,6,7
149183,16,2,3,15,8,3,0,1,1,1,1,36,2,2,0.0,0.0,0.0,0.0,0.0,2.0,13,7,10