crash_date,               traffic_control_device,weather_condition,lighting_condition,first_crash_type,trafficway_type,alignment,roadway_surface_cond,road_defect,crash_type,intersection_related_i,damage,prim_contributory_cause,num_units,most_severe_injury,injuries_total,injuries_fatal,injuries_incapacitating,injuries_non_incapacitating,injuries_reported_not_evident,injuries_no_indication,crash_hour,crash_day_of_week,crash_month
157214,15,2,3,0,6,3,0,1,0,1,2,17,3,4,2.0,0.0,0.0,0.0,2.0,0.0,15,5,11
132123,15,2,3,17,8,3,0,1,0,1,2,18,4,4,1.0,0.0,0.0,0.0,1.0,3.0,18,2,9
42809,16,2,3,10,8,3,0,1,1,1,1,23,2,2,0.0,0.0,0.0,0.0,0.0,2.0,11,2,4
53583,16,2,3,17,2,3,0,1,1,1,2,36,2,2,0.0,0.0,0.0,0.0,0.0,4.0,15,6,4
118664,16,2,3,17,6,2,0,1,0,1,2,36,2,1,1.0,0.0,1.0,0.0,0.0,3.0,11,1,8
135307,16,2,1,10,6,3,5,5,1,1,1,36,2,2,0.0,0.0,0.0,0.0,0.0,2.0,22,5,9
89908,15,2,3,5,2,3,5,5,1,1,1,36,1,2,0.0,0.0,0.0,0.0,0.0,1.0,6,5,7
176943,16,2,1,17,8,3,6,1,0,1,2,36,2,2,0.0,0.0,0.0,0.0,0.0,2.0,22,6,12
47924,15,2,3,17,6,3,0,1,1,1,2,36,2,2,0.0,0.0,0.0,0.0,0.0,3.0,16,5,4
102760,16,7,1,0,8,3,6,1,1,1,2,36,2,2,0.0,0.0,0.0,0.0,0.0,2.0,2,7,7
124094,4,2,1,0,8,3,0,1,0,1,2,17,2,2,0.0,0.0,0.0,0.0,0.0,2.0,1,3,9
183970,16,2,1,17,8,3,0,1,0,1,2,6,2,4,1.0,0.0,0.0,0.0,1.0,1.0,5,4,12
12242,16,1,3,0,6,3,4,1,0,1,2,36,2,4,1.0,0.0,0.0,0.0,1.0,1.0,13,4,1
58465,4,2,3,0,8,3,0,1,0,1,2,18,2,3,2.0,0.0,0.0,1.0,1.0,3.0,8,6,5
43536,15,7,3,0,6,3,6,1,0,1,2,18,2,2,0.0,0.0,0.0,0.0,0.0,4.0,14,4,4
145229,15,7,0,2,8,2,6,1,0,1,2,39,1,2,0.0,0.0,0.0,0.0,0.0,1.0,5,7,10
20337,16,2,3,10,2,3,0,1,1,1,2,36,2,2,0.0,0.0,0.0,0.0,0.0,2.0,13,6,2
23251,4,10,3,7,10,3,4,1,1,1,1,39,2,2,0.0,0.0,0.0,0.0,0.0,1.0,14,5,2
85031,4,2,3,9,2,3,0,1,0,1,2,18,2,1,1.0,0.0,1.0,0.0,0.0,2.0,20,7,6
119880,16,2,1,15,5,3,0,1,1,1,2,37,2,2,0.0,0.0,0.0,0.0,0.0,3.0,3,6,8
140882,16,7,3,0,6,3,6,1,0,1,2,36,2,3,4.0,0.0,0.0,1.0,3.0,2.0,15,6,10
59202,16,2,3,9,2,3,0,1,0,1,2,36,2,3,1.0,0.0,0.0,1.0,0.0,1.0,13,6,5
91669,4,2,3,7,8,3,0,1,1,1,2,21,2,2,0.0,0.0,0.0,0.0,0.0,1.0,14,5,7
43067,15,2,3,17,15,3,0,5,0,1,2,5,2,3,2.0,0.0,0.0,1.0,1.0,2.0,11,1,4
117891,16,2,3,17,18,3,0,1,1,1,2,22,2,2,0.0,0.0,0.0,0.0,0.0,2.0,10,3,8
135880,16,7,3,6,8,3,6,1,0,1,2,17,1,2,0.0,0.0,0.0,0.0,0.0,1.0,6,4,9
79400,16,2,3,10,8,3,0,1,1,1,1,19,2,2,0.0,0.0,0.0,0.0,0.0,2.0,16,6,6
56086,16,2,3,17,8,3,0,1,0,1,2,24,2,2,0.0,0.0,0.0,0.0,0.0,4.0,8,3,5
19332,16,10,3,10,8,3,4,1,1,1,2,36,2,2,0.0,0.0,0.0,0.0,0.0,2.0,14,1,2
21506,16,3,1,10,6,3,0,1,1,1,0,17,2,2,0.0,0.0,0.0,0.0,0.0,2.0,17,3,2
106195,16,2,1,17,2,3,0,1,1,1,1,36,2,2,0.0,0.0,0.0,0.0,0.0,2.0,22,7,8
44535,15,2,3,17,2,3,0,1,0,1,2,18,2,2,0.0,0.0,0.0,0.0,0.0,3.0,13,6,4
58760,16,2,3,0,6,3,0,1,0,1,2,36,2,2,0.0,0.0,0.0,0.0,0.0,2.0,14,6,5
68894,16,7,3,10,2,3,6,1,1,1,1,19,2,2,0.0,0.0,0.0,0.0,0.0,2.0,6,4,5
96293,4,2,3,17,8,3,0,1,0,1,2,38,2,2,0.0,0.0,0.0,0.0,0.0,3.0,9,6,7
48579,16,2,0,17,8,3,0,5,1,1,2,36,2,2,0.0,0.0,0.0,0.0,0.0,4.0,21,7,4
86421,16,2,3,10,2,3,0,1,0,1,2,17,2,3,1.0,0.0,0.0,1.0,0.0,1.0,14,1,6
121820,16,2,1,17,6,3,0,3,1,1,2,19,2,2,0.0,0.0,0.0,0.0,0.0,3.0,21,3,9
118390,16,7,1,10,3,3,6,1,0,1,2,17,2,2,0.0,0.0,0.0,0.0,0.0,3.0,22,3,8
150401,16,7,3,10,8,3,6,1,0,1,2,36,3,3,1.0,0.0,0.0,1.0,0.0,2.0,7,2,10
157511,15,7,1,3,8,3,6,1,0,1,2,39,2,3,5.0,0.0,0.0,4.0,1.0,0.0,1,1,11
185871,4,7,1,2,0,3,6,1,0,1,2,36,1,2,0.0,0.0,0.0,0.0,0.0,1.0,1,7,12
138001,4,2,1,17,9,3,0,1,0,1,2,18,2,2,0.0,0.0,0.0,0.0,0.0,4.0,22,7,10
153515,15,2,3,0,15,3,0,1,0,0,1,18,2,4,1.0,0.0,0.0,0.0,1.0,1.0,14,2,10
156604,16,2,3,0,6,3,0,1,0,1,2,36,2,2,0.0,0.0,0.0,0.0,0.0,4.0,12,2,11
133686,15,2,3,10,2,3,0,1,1,1,1,36,2,2,0.0,0.0,0.0,0.0,0.0,2.0,7,2,9
177971,16,2,3,0,15,3,0,1,0,1,2,6,2,2,0.0,0.0,0.0,0.0,0.0,2.0,7,6,12
150299,11,2,1,7,5,3,0,1,1,1,1,24,2,2,0.0,0.0,0.0,0.0,0.0,2.0,0,3,10
16251,16,3,3,17,6,3,4,1,1,1,2,24,2,2,0.0,0.0,0.0,0.0,0.0,2.0,7,5,2
123349,16,2,3,15,2,4,0,1,1,1,0,23,3,2,0.0,0.0,0.0,0.0,0.0,2.0,8,4,9
173812,16,7,1,17,2,3,6,1,1,1,0,36,2,2,0.0,0.0,0.0,0.0,0.0,2.0,21,2,12
123986,15,2,3,0,8,3,0,1,1,1,2,18,2,2,0.0,0.0,0.0,0.0,0.0,2.0,15,7,9
83532,15,2,2,0,6,3,0,1,0,1,2,5,2,2,0.0,0.0,0.0,0.0,0.0,2.0,4,5,6
118918,15,2,3,8,8,3,0,1,1,1,0,18,2,2,0.0,0.0,0.0,0.0,0.0,2.0,18,4,8
121993,4,2,1,10,6,3,0,1,0,1,2,17,2,2,0.0,0.0,0.0,0.0,0.0,2.0,4,7,9
24148,15,2,1,17,2,3,0,5,1,1,1,36,2,2,0.0,0.0,0.0,0.0,0.0,2.0,18,5,2
82476,16,2,3,0,6,3,0,1,0,1,2,6,3,4,1.0,0.0,0.0,0.0,1.0,4.0,12,2,6
160002,16,2,4,10,8,3,0,1,1,1,1,36,2,2,0.0,0.0,0.0,0.0,0.0,2.0,17,2,11
97543,16,2,3,17,10,3,0,1,0,1,1,24,2,2,0.0,0.0,0.0,0.0,0.0,2.0,19,4,7
75935,15,2,3,0,8,3,0,1,1,1,2,36,2,2,0.0,0.0,0.0,0.0,0.0,3.0,9,5,6
152707,4,2,3,8,8,3,0,1,1,1,2,36,2,2,0.0,0.0,0.0,0.0,0.0,2.0,14,7,10
21764,15,2,3,10,8,3,0,1,1,1,2,21,2,2,0.0,0.0,0.0,0.0,0.0,2.0,11,6,2
170902,15,2,3,0,6,3,0,5,0,1,2,18,2,3,2.0,0.0,0.0,2.0,0.0,3.0,15,1,11
162410,16,2,3,15,6,3,0,5,1,1,1,36,2,2,0.0,0.0,0.0,0.0,0.0,2.0,11,3,11
79761,15,3,5,0,6,3,5,5,1,1,2,18,2,2,0.0,0.0,0.0,0.0,0.0,2.0,5,5,6
156255,16,2,1,0,8,3,0,1,0,1,2,6,2,3,2.0,0.0,0.0,2.0,0.0,1.0,21,6,11
116567,15,2,3,17,6,3,0,1,1,1,1,18,2,2,0.0,0.0,0.0,0.0,0.0,2.0,18,5,8
179656,4,2,3,17,8,3,6,1,0,1,2,18,2,1,1.0,0.0,1.0,0.0,0.0,1.0,12,6,12
106325,4,2,3,7,8,3,0,1,1,1,0,19,2,2,0.0,0.0,0.0,0.0,0.0,1.0,11,2,8
76468,4,2,3,0,8,3,0,1,1,1,0,18,2,2,0.0,0.0,0.0,0.0,0.0,2.0,14,1,6
145818,4,2,3,7,10,3,0,1,1,1,2,36,2,2,0.0,0.0,0.0,0.0,0.0,2.0,16,1,10
71115,16,2,1,17,6,3,0,5,1,1,2,36,2,2,0.0,0.0,0.0,0.0,0.0,2.0,18,5,5
106912,4,2,1,8,15,3,0,1,1,1,1,18,2,2,0.0,0.0,0.0,0.0,0.0,2.0,22,5,8
7148,4,2,1,17,8,3,0,1,1,1,1,24,2,2,0.0,0.0,0.0,0.0,0.0,2.0,20,3,1
66364,16,7,1,0,6,3,6,1,0,1,2,6,2,2,0.0,0.0,0.0,0.0,0.0,4.0,1,7,5
149370,16,2,3,10,8,3,0,1,0,1,1,36,2,3,1.0,0.0,0.0,1.0,0.0,1.0,12,2,10
34761,15,3,1,0,6,3,0,1,1,1,2,38,2,2,0.0,0.0,0.0,0.0,0.0,3.0,20,5,3
22526,16,2,3,10,15,3,0,1,0,1,2,36,3,2,0.0,0.0,0.0,0.0,0.0,4.0,12,6,2
26300,16,2,3,10,8,3,0,1,0,1,2,19,4,4,1.0,0.0,0.0,0.0,1.0,9.0,8,2,2
40145,16,2,3,10,8,3,0,1,1,1,1,19,2,2,0.0,0.0,0.0,0.0,0.0,7.0,13,1,3
136981,16,2,1,17,16,3,0,5,1,1,2,24,2,2,0.0,0.0,0.0,0.0,0.0,2.0,2,1,9
27057,16,2,3,17,1,3,0,1,0,1,2,36,2,4,2.0,0.0,0.0,0.0,2.0,2.0,12,7,2
7934,16,2,3,17,2,3,0,1,1,1,2,36,2,2,0.0,0.0,0.0,0.0,0.0,2.0,7,2,1
77279,16,2,3,17,8,3,0,1,1,1,0,18,2,2,0.0,0.0,0.0,0.0,0.0,4.0,13,5,6
102190,16,2,3,17,8,3,0,1,0,1,2,24,2,2,0.0,0.0,0.0,0.0,0.0,2.0,13,6,7
34292,4,2,3,17,8,3,0,1,0,1,2,18,2,4,1.0,0.0,0.0,0.0,1.0,1.0,11,4,3
99504,16,2,1,11,2,3,0,5,1,1,1,21,2,2,0.0,0.0,0.0,0.0,0.0,2.0,21,6,7
23755,16,10,1,0,15,3,1,1,1,1,2,26,2,2,0.0,0.0,0.0,0.0,0.0,2.0,5,6,2
44083,16,7,3,17,8,3,6,1,1,1,2,24,2,2,0.0,0.0,0.0,0.0,0.0,3.0,11,5,4
103881,16,2,3,15,8,3,0,1,1,1,2,22,2,2,0.0,0.0,0.0,0.0,0.0,2.0,17,4,7
10886,16,10,3,10,6,3,6,1,1,1,2,8,2,2,0.0,0.0,0.0,0.0,0.0,2.0,14,1,1
34926,15,2,3,17,10,3,0,1,1,1,1,18,2,2,0.0,0.0,0.0,0.0,0.0,2.0,12,5,3
29323,15,2,1,0,6,3,0,1,1,1,1,18,2,2,0.0,0.0,0.0,0.0,0.0,5.0,19,3,3
1498,16,2,3,10,3,3,0,1,1,1,1,21,2,2,0.0,0.0,0.0,0.0,0.0,2.0,14,5,1
38742,15,7,3,0,8,3,6,1,0,1,1,18,2,4,1.0,0.0,0.0,0.0,1.0,1.0,11,4,3
146616,6,2,1,10,8,3,0,1,0,0,2,28,2,1,4.0,0.0,2.0,2.0,0.0,1.0,22,6,10
150421,15,7,3,0,11,3,6,1,0,1,2,39,2,1,2.0,0.0,1.0,1.0,0.0,0.0,10,2,10
40381,4,2,3,17,8,3,0,1,1,1,1,18,2,2,0.0,0.0,0.0,0.0,0.0,4.0,10,7,3
84482,15,7,1,0,10,3,0,1,0,1,2,18,2,4,2.0,0.0,0.0,0.0,2.0,1.0,22,5,6
110892,16,2,3,17,2,3,0,1,1,1,1,36,2,2,0.0,0.0,0.0,0.0,0.0,3.0,14,2,8
2829,15,10,0,17,6,3,4,5,0,1,2,39,2,2,0.0,0.0,0.0,0.0,0.0,2.0,19,7,1
178046,15,7,1,0,6,3,6,1,1,1,1,36,2,2,0.0,0.0,0.0,0.0,0.0,2.0,19,7,12
89943,15,7,1,0,8,3,6,1,0,1,2,5,2,2,0.0,0.0,0.0,0.0,0.0,2.0,0,5,7
158742,16,3,3,17,2,3,2,1,0,1,2,18,2,2,0.0,0.0,0.0,0.0,0.0,2.0,8,3,11
93542,16,2,1,8,8,3,0,5,0,1,1,6,2,1,1.0,0.0,1.0,0.0,0.0,1.0,21,5,7
60694,16,2,1,17,6,3,0,1,1,1,1,36,2,2,0.0,0.0,0.0,0.0,0.0,4.0,20,6,5
152475,15,2,1,0,6,3,0,1,0,1,2,36,2,1,1.0,0.0,1.0,0.0,0.0,1.0,18,2,10
113187,15,2,3,10,8,3,0,5,1,1,0,36,2,2,0.0,0.0,0.0,0.0,0.0,2.0,17,1,8
133133,16,2,3,17,8,3,0,1,1,1,1,36,2,2,0.0,0.0,0.0,0.0,0.0,2.0,17,1,9
88166,16,2,1,17,6,3,0,1,0,1,2,18,2,3,1.0,0.0,0.0,1.0,0.0,2.0,2,7,7
34800,16,2,4,0,8,3,0,1,1,1,2,18,2,2,0.0,0.0,0.0,0.0,0.0,3.0,18,3,3
180378,15,2,3,0,8,3,0,1,1,1,2,18,2,2,0.0,0.0,0.0,0.0,0.0,2.0,15,3,12
120493,4,2,3,0,8,3,0,1,1,1,2,18,2,2,0.0,0.0,0.0,0.0,0.0,2.0,16,5,9
20762,16,11,5,17,1,3,5,5,1,1,1,3,2,2,0.0,0.0,0.0,0.0,0.0,3.0,17,5,2
105797,4,2,3,17,9,3,0,1,1,1,0,26,2,2,0.0,0.0,0.0,0.0,0.0,2.0,10,1,8
22641,16,2,3,15,8,3,0,1,1,1,0,22,2,2,0.0,0.0,0.0,0.0,0.0,2.0,12,7,2
97659,16,2,3,10,3,3,0,1,1,1,2,19,2,2,0.0,0.0,0.0,0.0,0.0,9.0,16,5,7
115770,16,2,4,10,8,3,0,1,0,1,0,19,2,3,2.0,0.0,0.0,2.0,0.0,2.0,20,6,8
186701,15,2,3,14,6,3,0,1,1,1,1,17,2,2,0.0,0.0,0.0,0.0,0.0,3.0,16,1,12
119921,15,2,1,0,6,3,0,1,1,1,1,18,2,2,0.0,0.0,0.0,0.0,0.0,2.0,20,6,8
18057,16,2,3,10,15,3,0,5,1,1,2,36,2,2,0.0,0.0,0.0,0.0,0.0,2.0,13,1,2
110992,16,2,3,0,8,3,5,5,1,1,2,18,2,2,0.0,0.0,0.0,0.0,0.0,2.0,12,3,8
10543,16,2,1,17,2,2,0,1,1,1,1,6,2,2,0.0,0.0,0.0,0.0,0.0,2.0,23,1,1
7879,16,3,1,10,6,3,0,1,1,1,0,10,2,2,0.0,0.0,0.0,0.0,0.0,2.0,17,1,1
182861,16,2,3,14,8,3,0,5,0,1,2,36,2,2,0.0,0.0,0.0,0.0,0.0,2.0,8,2,12
15961,16,2,1,9,2,3,0,1,0,1,0,18,2,3,1.0,0.0,0.0,1.0,0.0,1.0,5,4,2
148615,15,2,3,10,2,3,0,1,1,1,1,36,2,2,0.0,0.0,0.0,0.0,0.0,2.0,12,3,10
117543,16,2,3,10,3,3,0,1,1,1,2,18,2,2,0.0,0.0,0.0,0.0,0.0,2.0,16,6,8
119146,4,3,3,7,12,3,6,5,1,0,2,28,2,2,0.0,0.0,0.0,0.0,0.0,2.0,16,1,8
95646,16,2,3,8,18,3,0,1,0,1,0,22,2,3,1.0,0.0,0.0,1.0,0.0,1.0,16,3,7
123558,4,2,3,15,8,3,6,1,1,0,1,36,2,2,0.0,0.0,0.0,0.0,0.0,3.0,11,1,9
57280,16,7,3,17,16,3,6,1,1,1,2,24,2,2,0.0,0.0,0.0,0.0,0.0,2.0,18,3,5
173687,15,2,3,17,6,3,0,1,0,1,2,36,2,2,0.0,0.0,0.0,0.0,0.0,2.0,7,3,12
89771,16,2,1,10,8,3,0,5,1,1,2,17,2,2,0.0,0.0,0.0,0.0,0.0,2.0,23,3,7
155612,16,2,3,15,6,3,0,5,1,1,2,22,2,2,0.0,0.0,0.0,0.0,0.0,2.0,14,5,10
106507,16,2,3,15,6,3,0,1,0,1,2,22,2,3,1.0,0.0,0.0,1.0,0.0,2.0,7,6,8
74867,16,2,1,15,8,3,0,1,1,1,2,36,2,2,0.0,0.0,0.0,0.0,0.0,6.0,20,3,6
151292,4,2,3,10,8,3,0,1,1,1,2,36,2,2,0.0,0.0,0.0,0.0,0.0,3.0,10,1,10
92829,16,2,3,0,6,3,0,1,1,1,2,6,2,2,0.0,0.0,0.0,0.0,0.0,4.0,16,2,7
44439,16,2,3,17,6,3,0,5,0,1,2,12,2,2,0.0,0.0,0.0,0.0,0.0,2.0,16,6,4
104000,16,2,3,15,8,3,0,1,1,1,1,36,2,2,0.0,0.0,0.0,0.0,0.0,2.0,13,4,8
10119,16,2,3,15,8,3,0,1,1,1,2,23,2,2,0.0,0.0,0.0,0.0,0.0,3.0,13,2,1
46901,16,2,3,15,8,3,0,1,1,1,1,22,2,2,0.0,0.0,0.0,0.0,0.0,2.0,18,1,4
98287,16,7,1,17,13,3,6,1,1,1,2,24,2,2,0.0,0.0,0.0,0.0,0.0,2.0,22,7,7
56076,16,2,3,0,8,3,0,1,0,1,2,36,2,3,6.0,0.0,0.0,4.0,2.0,1.0,7,3,5
44984,16,2,1,2,3,3,0,1,0,1,2,36,2,2,0.0,0.0,0.0,0.0,0.0,2.0,4,7,4
118348,16,6,3,9,8,3,6,1,0,1,0,18,2,1,1.0,0.0,1.0,0.0,0.0,1.0,18,3,8
176719,15,7,3,17,8,3,6,1,0,1,2,36,2,2,0.0,0.0,0.0,0.0,0.0,2.0,9,2,12
86912,16,2,3,0,9,3,6,1,0,1,2,36,2,2,0.0,0.0,0.0,0.0,0.0,5.0,13,2,6
90656,16,2,3,9,6,3,0,1,1,1,0,38,2,2,0.0,0.0,0.0,0.0,0.0,2.0,18,3,7
22613,16,2,0,10,2,3,0,1,1,1,2,19,2,2,0.0,0.0,0.0,0.0,0.0,3.0,19,7,2
142064,15,2,1,0,8,3,0,1,0,1,2,18,2,1,1.0,0.0,1.0,0.0,0.0,5.0,2,1,10
120031,16,2,3,10,10,3,0,1,1,1,2,17,2,2,0.0,0.0,0.0,0.0,0.0,4.0,16,6,8
7492,16,2,3,17,6,3,0,1,1,1,2,24,2,2,0.0,0.0,0.0,0.0,0.0,2.0,14,4,1
160634,4,2,3,17,6,3,0,1,0,1,2,18,2,3,4.0,0.0,0.0,4.0,0.0,0.0,8,4,11
26980,15,2,3,17,15,3,0,1,0,1,2,5,2,2,0.0,0.0,0.0,0.0,0.0,3.0,11,6,2
166506,15,2,3,0,8,3,5,5,1,1,1,36,2,2,0.0,0.0,0.0,0.0,0.0,2.0,16,2,11
32675,16,2,3,10,8,3,0,5,0,1,2,36,3,2,0.0,0.0,0.0,0.0,0.0,3.0,14,4,3
66064,16,11,5,10,8,3,5,5,1,1,1,19,2,2,0.0,0.0,0.0,0.0,0.0,2.0,18,7,5
167860,16,3,3,15,8,3,6,1,1,1,2,23,2,2,0.0,0.0,0.0,0.0,0.0,4.0,11,1,11
152823,15,3,3,17,8,3,0,1,1,1,2,18,2,2,0.0,0.0,0.0,0.0,0.0,2.0,16,6,10
118650,4,2,0,17,6,3,5,1,0,1,2,24,2,2,0.0,0.0,0.0,0.0,0.0,2.0,21,1,8
17960,16,2,3,0,8,3,6,1,0,1,2,28,2,2,0.0,0.0,0.0,0.0,0.0,3.0,9,5,2
175950,4,2,1,0,9,3,0,1,0,1,2,18,3,3,1.0,0.0,0.0,1.0,0.0,2.0,0,7,12
55848,16,11,1,9,10,3,5,5,0,1,0,18,2,4,1.0,0.0,0.0,0.0,1.0,1.0,20,7,4
177405,4,2,1,7,8,3,0,1,1,0,0,24,2,2,0.0,0.0,0.0,0.0,0.0,1.0,1,6,12
38476,16,2,1,17,1,3,0,1,0,1,2,15,2,0,2.0,2.0,0.0,0.0,0.0,1.0,1,6,3
178421,15,2,3,0,11,3,0,1,0,1,2,18,2,3,3.0,0.0,0.0,3.0,0.0,0.0,8,4,12
33523,15,2,1,0,8,3,0,1,0,1,2,5,2,1,2.0,0.0,1.0,1.0,0.0,4.0,19,5,3
166871,15,7,1,0,2,3,6,5,1,1,2,36,2,2,0.0,0.0,0.0,0.0,0.0,2.0,17,2,11
174952,15,2,1,10,8,3,1,1,1,1,1,33,2,2,0.0,0.0,0.0,0.0,0.0,2.0,5,4,12
29468,16,2,3,17,8,3,6,1,1,1,2,36,2,2,0.0,0.0,0.0,0.0,0.0,2.0,14,6,3
19929,4,2,3,15,8,3,0,1,1,1,1,22,2,2,0.0,0.0,0.0,0.0,0.0,3.0,15,6,2
167704,16,2,3,0,8,3,0,1,0,1,2,6,2,4,1.0,0.0,0.0,0.0,1.0,2.0,14,5,11
17677,16,2,3,0,6,3,0,5,0,1,2,6,2,2,0.0,0.0,0.0,0.0,0.0,2.0,14,2,2
71049,15,2,3,0,8,3,0,1,0,1,2,18,4,3,4.0,0.0,0.0,2.0,2.0,4.0,17,3,5
159148,15,2,3,17,8,3,0,1,0,1,2,18,2,2,0.0,0.0,0.0,0.0,0.0,3.0,9,4,11
81030,16,2,3,0,2,3,0,1,0,1,2,6,2,4,1.0,0.0,0.0,0.0,1.0,1.0,12,2,6
67719,16,2,3,9,8,3,0,1,0,0,0,18,2,3,1.0,0.0,0.0,1.0,0.0,1.0,13,6,5
155467,15,2,3,3,6,3,0,1,1,1,2,28,2,2,0.0,0.0,0.0,0.0,0.0,2.0,11,1,10
164252,4,2,1,17,10,3,0,1,1,1,2,11,2,2,0.0,0.0,0.0,0.0,0.0,2.0,17,5,11
122856,16,2,3,17,8,3,0,1,1,1,2,17,2,2,0.0,0.0,0.0,0.0,0.0,2.0,7,4,9
139554,15,2,3,0,2,3,0,1,0,1,2,18,2,2,0.0,0.0,0.0,0.0,0.0,2.0,17,1,10
186140,15,2,1,17,8,3,0,1,0,1,2,18,2,4,1.0,0.0,0.0,0.0,1.0,1.0,19,4,12
126043,16,2,3,10,8,3,0,2,1,1,0,36,2,2,0.0,0.0,0.0,0.0,0.0,2.0,13,2,9
188310,16,10,3,17,2,3,4,1,1,1,1,36,3,2,0.0,0.0,0.0,0.0,0.0,3.0,11,4,12
186604,16,7,3,0,8,3,6,1,0,1,2,12,3,4,2.0,0.0,0.0,0.0,2.0,3.0,8,5,12
165135,17,2,3,11,8,3,0,1,1,1,1,21,2,2,0.0,0.0,0.0,0.0,0.0,2.0,7,5,11
175429,16,2,3,10,2,3,0,5,1,1,2,17,2,2,0.0,0.0,0.0,0.0,0.0,2.0,16,2,12
174141,4,2,3,0,10,3,0,1,0,1,2,18,2,1,2.0,0.0,1.0,1.0,0.0,1.0,10,1,12
81815,15,2,3,0,6,3,0,1,0,1,2,18,2,3,5.0,0.0,0.0,5.0,0.0,1.0,20,7,6
67728,16,3,3,15,8,3,0,1,1,1,2,22,2,2,0.0,0.0,0.0,0.0,0.0,4.0,14,6,5
179029,15,7,4,17,17,3,6,1,1,1,2,36,2,2,0.0,0.0,0.0,0.0,0.0,2.0,20,5,12
86021,16,2,1,10,6,3,0,1,0,1,2,37,3,3,3.0,0.0,0.0,3.0,0.0,1.0,23,1,6
182101,16,2,3,9,8,3,0,1,0,1,0,36,2,3,1.0,0.0,0.0,1.0,0.0,1.0,10,4,12
32614,15,2,3,7,10,3,0,1,0,1,2,38,2,4,1.0,0.0,0.0,0.0,1.0,5.0,15,3,3
146907,16,2,1,15,2,3,0,1,1,1,2,18,2,2,0.0,0.0,0.0,0.0,0.0,2.0,19,2,10
70005,16,2,1,10,6,3,0,1,1,1,0,36,2,2,0.0,0.0,0.0,0.0,0.0,2.0,22,7,5
167350,16,7,3,15,8,3,6,1,0,1,2,23,2,4,1.0,0.0,0.0,0.0,1.0,1.0,8,1,11
23892,16,2,3,17,8,3,0,1,1,1,2,36,2,2,0.0,0.0,0.0,0.0,0.0,2.0,7,1,2
78577,16,2,3,10,10,3,0,1,1,1,1,19,2,2,0.0,0.0,0.0,0.0,0.0,4.0,12,2,6
137832,16,2,1,17,8,3,6,1,1,1,2,18,2,2,0.0,0.0,0.0,0.0,0.0,2.0,18,5,10
156144,17,2,3,15,2,3,0,5,1,1,1,36,2,2,0.0,0.0,0.0,0.0,0.0,2.0,16,4,11
98655,16,2,3,0,8,3,0,1,1,1,2,36,2,2,0.0,0.0,0.0,0.0,0.0,4.0,14,1,7
41496,16,2,4,15,8,3,0,1,0,1,2,22,3,2,0.0,0.0,0.0,0.0,0.0,4.0,17,7,3
80157,16,2,3,10,2,3,0,5,0,1,2,19,2,2,0.0,0.0,0.0,0.0,0.0,2.0,8,4,6
36159,16,2,3,0,8,3,0,5,0,1,2,36,3,2,0.0,0.0,0.0,0.0,0.0,5.0,18,6,3
40993,16,2,3,10,8,3,0,5,1,1,2,36,2,2,0.0,0.0,0.0,0.0,0.0,2.0,10,3,3
122015,4,2,1,15,3,3,0,1,1,0,1,36,2,2,0.0,0.0,0.0,0.0,0.0,3.0,21,7,9
93800,16,2,3,17,6,3,0,1,0,1,1,18,2,4,7.0,0.0,0.0,0.0,7.0,1.0,8,3,7
167504,15,10,3,0,6,3,6,1,0,1,2,18,2,4,2.0,0.0,0.0,0.0,2.0,3.0,15,5,11
148232,4,2,3,0,7,3,0,1,0,1,2,18,2,1,1.0,0.0,1.0,0.0,0.0,2.0,10,7,10
8823,16,2,3,17,6,3,6,1,0,1,2,28,2,2,0.0,0.0,0.0,0.0,0.0,4.0,15,7,1
117580,16,2,3,15,8,3,0,1,1,1,1,23,2,2,0.0,0.0,0.0,0.0,0.0,2.0,11,6,8
153751,16,2,3,0,6,3,0,1,0,1,2,36,2,3,1.0,0.0,0.0,1.0,0.0,1.0,10,6,10
69651,16,2,3,0,6,3,0,1,0,1,2,6,2,3,2.0,0.0,0.0,2.0,0.0,0.0,12,2,5
165043,16,2,3,17,3,3,0,1,1,0,1,24,2,2,0.0,0.0,0.0,0.0,0.0,2.0,15,4,11
51309,15,2,1,0,15,3,0,1,1,1,2,5,2,2,0.0,0.0,0.0,0.0,0.0,3.0,1,1,4
105278,16,2,3,10,2,3,0,1,0,1,2,19,2,4,2.0,0.0,0.0,0.0,2.0,5.0,14,2,8
139640,16,2,3,7,6,3,6,1,1,1,2,12,2,2,0.0,0.0,0.0,0.0,0.0,2.0,11,2,10
177796,4,2,0,10,8,3,0,1,1,1,1,9,2,2,0.0,0.0,0.0,0.0,0.0,3.0,17,3,12
107398,16,2,3,17,1,3,0,1,1,1,2,19,2,2,0.0,0.0,0.0,0.0,0.0,2.0,15,6,8
27386,16,2,1,0,18,3,6,5,0,1,2,6,3,2,0.0,0.0,0.0,0.0,0.0,5.0,1,7,2
154347,4,2,3,9,10,3,0,1,0,1,0,18,3,4,2.0,0.0,0.0,0.0,2.0,1.0,19,1,10
57036,16,3,3,0,8,3,0,1,1,1,1,19,2,2,0.0,0.0,0.0,0.0,0.0,2.0,18,5,5
75588,15,2,3,0,8,3,0,1,0,1,2,17,2,3,2.0,0.0,0.0,2.0,0.0,3.0,6,6,6