crash_date,               traffic_control_device,weather_condition,lighting_condition,first_crash_type,trafficway_type,alignment,roadway_surface_cond,road_defect,crash_type,intersection_related_i,damage,prim_contributory_cause,num_units,most_severe_injury,injuries_total,injuries_fatal,injuries_incapacitating,injuries_non_incapacitating,injuries_reported_not_evident,injuries_no_indication,crash_hour,crash_day_of_week,crash_month
147371,15,2,3,10,2,3,0,5,1,0,2,19,2,2,0.0,0.0,0.0,0.0,0.0,2.0,15,5,10
171553,17,11,5,7,12,3,5,5,1,1,2,36,2,2,0.0,0.0,0.0,0.0,0.0,1.0,18,6,11
128887,16,2,3,0,8,3,0,1,0,1,2,36,3,2,0.0,0.0,0.0,0.0,0.0,3.0,12,1,9
92966,4,2,5,15,8,3,5,5,0,1,2,22,2,2,0.0,0.0,0.0,0.0,0.0,2.0,1,3,7
118445,16,2,1,17,16,3,0,1,1,1,0,19,2,2,0.0,0.0,0.0,0.0,0.0,2.0,20,4,8
97972,4,2,3,0,15,3,0,1,1,1,2,18,2,2,0.0,0.0,0.0,0.0,0.0,2.0,16,4,7
53923,16,7,3,15,8,3,6,1,1,1,1,36,2,2,0.0,0.0,0.0,0.0,0.0,3.0,17,6,4
154507,16,2,3,17,10,3,0,1,1,1,2,23,2,2,0.0,0.0,0.0,0.0,0.0,3.0,10,2,10
174572,15,2,3,0,8,3,0,1,0,1,2,18,2,2,0.0,0.0,0.0,0.0,0.0,2.0,11,7,12
33758,15,2,3,0,8,3,0,1,1,1,2,18,2,2,0.0,0.0,0.0,0.0,0.0,2.0,16,3,3
28866,4,2,3,0,12,3,0,1,1,1,2,22,2,2,0.0,0.0,0.0,0.0,0.0,2.0,13,2,3
115407,16,2,3,17,8,3,0,1,1,1,2,22,2,2,0.0,0.0,0.0,0.0,0.0,3.0,13,2,8
42371,16,2,1,17,2,3,0,1,0,1,2,24,4,4,2.0,0.0,0.0,0.0,2.0,2.0,4,2,4
148231,16,2,1,6,3,3,0,1,0,1,2,17,1,4,1.0,0.0,0.0,0.0,1.0,1.0,22,7,10
159767,16,2,3,0,3,3,0,1,1,1,1,6,2,2,0.0,0.0,0.0,0.0,0.0,2.0,7,4,11
37298,16,7,3,10,8,3,6,1,1,1,2,36,2,2,0.0,0.0,0.0,0.0,0.0,3.0,12,4,3
41915,15,2,1,10,8,3,5,5,0,1,2,19,2,2,0.0,0.0,0.0,0.0,0.0,2.0,0,7,3
183899,16,2,3,17,6,3,0,1,1,0,1,24,2,2,0.0,0.0,0.0,0.0,0.0,4.0,15,3,12
60686,16,2,3,17,8,3,0,1,0,1,2,18,2,3,2.0,0.0,0.0,1.0,1.0,0.0,7,6,5
140363,16,2,3,17,3,3,0,5,1,1,2,24,2,2,0.0,0.0,0.0,0.0,0.0,3.0,14,7,10
11701,15,10,3,0,6,3,0,5,0,1,2,18,3,3,1.0,0.0,0.0,1.0,0.0,1.0,8,1,1
149199,4,2,4,17,8,3,0,5,0,1,2,18,2,4,1.0,0.0,0.0,0.0,1.0,1.0,17,7,10
65971,16,2,3,10,6,3,0,1,0,1,2,36,2,3,1.0,0.0,0.0,1.0,0.0,1.0,9,7,5
186066,16,2,2,0,10,3,4,1,1,1,0,21,2,2,0.0,0.0,0.0,0.0,0.0,3.0,13,3,12
162122,15,2,1,17,15,3,0,1,1,1,2,18,2,2,0.0,0.0,0.0,0.0,0.0,4.0,18,5,11
172898,15,11,5,0,15,3,5,5,1,1,2,36,2,2,0.0,0.0,0.0,0.0,0.0,2.0,14,2,12
138800,18,2,3,17,8,3,0,1,1,1,1,18,2,2,0.0,0.0,0.0,0.0,0.0,2.0,17,3,10
63110,16,2,3,10,2,3,0,5,1,1,2,17,2,2,0.0,0.0,0.0,0.0,0.0,2.0,13,2,5
128317,17,2,5,17,6,3,5,5,1,1,2,36,2,2,0.0,0.0,0.0,0.0,0.0,2.0,0,7,9
78173,16,2,3,15,1,3,0,1,1,1,2,22,2,2,0.0,0.0,0.0,0.0,0.0,2.0,8,2,6
147189,16,2,3,17,8,3,0,1,1,1,1,24,2,2,0.0,0.0,0.0,0.0,0.0,3.0,16,1,10
185975,15,7,0,0,10,3,6,5,1,1,2,18,2,2,0.0,0.0,0.0,0.0,0.0,2.0,19,2,12
2334,4,2,3,0,15,3,0,5,1,1,1,36,2,2,0.0,0.0,0.0,0.0,0.0,3.0,11,6,1
102882,15,2,3,0,2,3,0,1,1,1,2,18,2,2,0.0,0.0,0.0,0.0,0.0,5.0,12,7,7
81436,16,2,3,15,3,3,0,1,1,1,2,22,2,2,0.0,0.0,0.0,0.0,0.0,2.0,19,3,6
15282,15,2,3,17,8,3,6,5,0,1,2,18,2,4,1.0,0.0,0.0,0.0,1.0,1.0,10,7,2
2276,16,2,1,15,10,3,0,1,1,1,2,18,2,2,0.0,0.0,0.0,0.0,0.0,2.0,19,5,1
147698,16,7,3,10,8,3,6,1,0,1,1,36,2,4,1.0,0.0,0.0,0.0,1.0,1.0,9,1,10
174090,4,2,3,10,8,3,0,1,1,1,1,19,2,2,0.0,0.0,0.0,0.0,0.0,4.0,12,7,12
62608,16,2,1,0,1,3,0,5,0,1,2,36,2,2,0.0,0.0,0.0,0.0,0.0,6.0,1,1,5
77528,16,2,1,15,6,3,0,1,0,1,2,37,4,3,2.0,0.0,0.0,1.0,1.0,4.0,0,1,6
145291,16,2,3,17,10,3,0,1,1,1,1,36,2,2,0.0,0.0,0.0,0.0,0.0,3.0,13,1,10
177189,16,2,1,14,2,3,0,2,0,1,2,18,3,4,1.0,0.0,0.0,0.0,1.0,4.0,21,1,12
178718,15,7,1,0,6,3,6,1,0,1,2,18,2,2,0.0,0.0,0.0,0.0,0.0,2.0,0,2,12
122527,16,2,1,10,6,3,0,1,1,1,2,19,2,2,0.0,0.0,0.0,0.0,0.0,2.0,20,7,9
108206,16,2,3,10,2,3,0,1,0,1,2,19,3,2,0.0,0.0,0.0,0.0,0.0,5.0,16,3,8
27619,16,2,3,10,8,3,0,1,0,1,1,36,2,4,1.0,0.0,0.0,0.0,1.0,1.0,10,3,2
15012,16,2,3,17,6,3,0,1,0,1,2,36,2,2,0.0,0.0,0.0,0.0,0.0,2.0,11,3,1
133651,16,7,3,10,8,3,6,1,1,1,2,19,2,2,0.0,0.0,0.0,0.0,0.0,2.0,14,2,9
94694,16,2,1,10,8,3,0,5,1,1,0,17,2,2,0.0,0.0,0.0,0.0,0.0,2.0,23,1,7
65092,16,7,3,10,8,3,6,1,1,1,0,36,2,2,0.0,0.0,0.0,0.0,0.0,2.0,14,6,5
62793,16,7,3,2,8,3,6,1,0,1,2,14,1,2,0.0,0.0,0.0,0.0,0.0,1.0,5,5,5
63757,4,2,3,10,8,3,0,1,1,0,1,19,2,2,0.0,0.0,0.0,0.0,0.0,2.0,8,5,5
94664,16,2,3,15,6,3,0,1,1,1,0,23,2,2,0.0,0.0,0.0,0.0,0.0,2.0,18,1,7
185029,16,2,3,0,17,3,5,1,1,1,2,6,2,2,0.0,0.0,0.0,0.0,0.0,2.0,14,6,12
14783,4,2,3,0,8,3,6,1,1,1,2,36,2,2,0.0,0.0,0.0,0.0,0.0,4.0,16,6,1
70000,16,11,5,0,8,3,5,5,1,1,1,18,2,2,0.0,0.0,0.0,0.0,0.0,3.0,9,7,5
31310,15,2,4,0,6,3,0,1,1,1,1,18,2,2,0.0,0.0,0.0,0.0,0.0,2.0,17,3,3
11694,16,2,4,10,8,3,0,1,1,1,2,19,2,2,0.0,0.0,0.0,0.0,0.0,2.0,18,1,1
99321,15,2,1,0,8,3,0,1,0,1,2,5,2,2,0.0,0.0,0.0,0.0,0.0,5.0,0,2,7
180908,4,10,3,2,6,3,6,1,1,1,1,26,1,2,0.0,0.0,0.0,0.0,0.0,2.0,15,2,12
175995,15,2,3,17,10,3,0,1,1,1,2,18,2,2,0.0,0.0,0.0,0.0,0.0,2.0,13,6,12
60983,16,2,3,17,6,3,0,1,1,1,2,36,2,2,0.0,0.0,0.0,0.0,0.0,2.0,15,6,5
86908,15,2,1,17,15,3,0,1,0,1,2,18,2,1,2.0,0.0,1.0,0.0,1.0,1.0,0,7,6
13124,15,10,3,10,8,3,6,1,1,1,2,19,2,2,0.0,0.0,0.0,0.0,0.0,2.0,10,4,1
126446,16,2,1,0,6,3,0,1,0,1,2,3,2,3,3.0,0.0,0.0,3.0,0.0,0.0,2,2,9
80642,15,2,3,0,6,3,0,2,0,1,2,36,2,2,0.0,0.0,0.0,0.0,0.0,2.0,15,5,6
80150,16,2,3,17,2,3,0,1,0,1,2,24,2,2,0.0,0.0,0.0,0.0,0.0,5.0,19,4,6
175547,16,2,1,0,8,3,0,6,0,1,2,36,2,3,2.0,0.0,0.0,2.0,0.0,0.0,4,6,12
3381,16,2,3,3,8,3,0,1,0,1,2,36,2,3,2.0,0.0,0.0,2.0,0.0,1.0,11,3,1
11233,15,2,3,0,6,3,0,1,0,1,2,18,2,2,0.0,0.0,0.0,0.0,0.0,2.0,15,7,1
174,16,2,1,17,6,3,6,1,1,1,1,36,2,2,0.0,0.0,0.0,0.0,0.0,5.0,1,4,1
108598,15,3,3,0,3,3,5,5,1,1,2,23,2,2,0.0,0.0,0.0,0.0,0.0,3.0,17,4,8
56778,16,2,3,17,8,3,0,1,1,1,2,36,2,2,0.0,0.0,0.0,0.0,0.0,2.0,11,1,5
31701,16,2,3,17,6,3,0,5,0,1,2,12,3,1,1.0,0.0,1.0,0.0,0.0,5.0,17,3,3
60140,16,2,3,15,10,3,0,1,1,1,1,36,2,2,0.0,0.0,0.0,0.0,0.0,2.0,16,5,5
137754,16,2,3,15,6,3,0,1,0,1,1,36,2,2,0.0,0.0,0.0,0.0,0.0,3.0,15,3,10
164784,17,7,4,8,8,3,6,1,0,1,0,18,2,3,1.0,0.0,0.0,1.0,0.0,4.0,16,6,11
54596,16,2,1,17,3,2,0,1,0,1,2,6,2,2,0.0,0.0,0.0,0.0,0.0,3.0,1,7,4
131152,15,2,3,0,6,3,0,1,1,1,2,18,2,2,0.0,0.0,0.0,0.0,0.0,2.0,16,5,9
8210,4,2,3,10,3,3,5,5,1,0,2,23,2,2,0.0,0.0,0.0,0.0,0.0,2.0,6,5,1
180988,16,2,3,0,8,3,6,1,0,1,1,6,2,2,0.0,0.0,0.0,0.0,0.0,2.0,7,4,12
71843,4,2,3,17,3,3,0,1,0,1,2,36,2,2,0.0,0.0,0.0,0.0,0.0,3.0,17,6,6
59871,15,2,3,10,6,3,0,1,1,1,2,18,2,2,0.0,0.0,0.0,0.0,0.0,3.0,5,2,5
73328,17,2,4,10,6,3,0,5,1,1,1,26,2,2,0.0,0.0,0.0,0.0,0.0,2.0,22,2,6
183957,16,2,1,17,6,3,0,1,0,1,2,17,2,4,3.0,0.0,0.0,0.0,3.0,3.0,16,4,12
146818,16,2,3,17,6,3,0,1,0,1,2,38,2,3,2.0,0.0,0.0,2.0,0.0,1.0,15,4,10
44040,16,2,3,15,2,3,0,1,1,1,2,36,2,2,0.0,0.0,0.0,0.0,0.0,2.0,14,5,4
134473,16,2,1,10,1,3,0,1,1,1,0,19,2,2,0.0,0.0,0.0,0.0,0.0,2.0,4,7,9
25635,4,2,3,17,6,3,5,5,1,1,2,36,2,2,0.0,0.0,0.0,0.0,0.0,2.0,14,6,2
80148,16,2,3,0,16,3,0,1,0,1,2,6,2,3,2.0,0.0,0.0,2.0,0.0,0.0,19,4,6
50395,15,2,3,10,3,3,0,1,1,1,1,19,2,2,0.0,0.0,0.0,0.0,0.0,2.0,15,6,4
47033,16,2,3,17,6,3,0,1,1,1,2,18,2,2,0.0,0.0,0.0,0.0,0.0,2.0,14,5,4
23411,16,2,1,17,6,3,0,1,1,1,2,24,2,2,0.0,0.0,0.0,0.0,0.0,6.0,23,7,2
123760,4,2,3,17,15,3,0,1,1,0,2,36,2,2,0.0,0.0,0.0,0.0,0.0,2.0,17,6,9
187698,16,7,1,0,5,3,6,5,0,1,2,6,2,2,0.0,0.0,0.0,0.0,0.0,3.0,1,1,12
111518,15,2,3,14,10,3,0,1,1,1,2,18,2,2,0.0,0.0,0.0,0.0,0.0,2.0,6,4,8
14469,4,2,3,0,15,3,0,1,1,1,1,18,2,2,0.0,0.0,0.0,0.0,0.0,4.0,11,1,1
159527,15,2,2,0,6,3,0,5,1,1,2,36,2,2,0.0,0.0,0.0,0.0,0.0,2.0,5,2,11
179687,16,2,1,0,18,3,0,1,0,1,2,6,2,3,4.0,0.0,0.0,4.0,0.0,2.0,17,7,12
29962,16,2,1,17,15,3,0,1,1,1,2,22,2,2,0.0,0.0,0.0,0.0,0.0,3.0,20,7,3
39870,15,2,3,0,10,3,0,1,1,1,2,19,2,2,0.0,0.0,0.0,0.0,0.0,4.0,8,3,3
15159,15,2,3,10,2,3,0,1,1,1,1,19,2,2,0.0,0.0,0.0,0.0,0.0,2.0,12,5,2
55318,16,2,3,17,6,3,0,1,0,1,2,18,2,4,4.0,0.0,0.0,0.0,4.0,0.0,16,6,4
109826,16,2,1,17,2,3,0,1,1,1,0,28,2,2,0.0,0.0,0.0,0.0,0.0,2.0,1,7,8
15023,16,2,1,17,18,3,0,1,0,1,2,6,2,2,0.0,0.0,0.0,0.0,0.0,2.0,3,4,1
49953,16,7,3,15,6,3,6,1,1,1,0,22,2,2,0.0,0.0,0.0,0.0,0.0,2.0,15,5,4
131972,6,2,3,10,11,3,0,1,1,1,2,17,2,2,0.0,0.0,0.0,0.0,0.0,3.0,7,6,9
3347,17,3,3,17,6,3,5,5,1,1,2,24,2,2,0.0,0.0,0.0,0.0,0.0,3.0,16,3,1
119267,16,2,3,10,8,3,0,1,1,1,2,17,2,2,0.0,0.0,0.0,0.0,0.0,7.0,16,3,8
54454,15,2,3,10,6,3,0,1,1,1,2,19,2,2,0.0,0.0,0.0,0.0,0.0,2.0,14,7,4
176285,15,2,1,0,6,3,0,1,0,1,2,36,2,3,2.0,0.0,0.0,2.0,0.0,5.0,0,4,12
32857,16,2,3,9,6,3,0,1,0,1,0,18,2,3,1.0,0.0,0.0,1.0,0.0,2.0,6,1,3
84688,15,2,3,17,8,3,0,1,1,1,2,18,2,2,0.0,0.0,0.0,0.0,0.0,2.0,9,7,6
127614,16,11,5,10,6,3,5,5,1,1,1,17,2,2,0.0,0.0,0.0,0.0,0.0,5.0,15,4,9
180870,16,2,1,15,2,3,0,1,1,1,2,23,2,2,0.0,0.0,0.0,0.0,0.0,2.0,19,1,12
120487,16,2,3,15,8,3,0,1,1,1,2,22,2,2,0.0,0.0,0.0,0.0,0.0,2.0,13,5,9
23242,15,2,3,0,11,3,0,1,1,1,2,36,2,2,0.0,0.0,0.0,0.0,0.0,2.0,12,3,2
123562,16,7,3,0,8,3,6,1,1,1,2,36,2,2,0.0,0.0,0.0,0.0,0.0,2.0,12,1,9
23399,15,2,1,2,15,5,0,1,0,1,2,36,1,2,0.0,0.0,0.0,0.0,0.0,1.0,22,7,2
9119,15,2,1,2,2,3,0,1,0,1,2,36,1,2,0.0,0.0,0.0,0.0,0.0,1.0,19,3,1
31435,16,2,3,17,2,3,0,1,1,1,0,26,2,2,0.0,0.0,0.0,0.0,0.0,2.0,8,4,3
159143,15,2,3,17,8,3,0,5,1,1,2,23,2,2,0.0,0.0,0.0,0.0,0.0,2.0,8,4,11
176961,15,7,0,0,15,3,6,5,0,1,2,18,2,1,1.0,0.0,1.0,0.0,0.0,3.0,23,6,12
52725,16,2,3,17,8,3,0,1,0,0,2,24,2,2,0.0,0.0,0.0,0.0,0.0,2.0,14,7,4
98437,16,2,3,17,3,3,0,1,1,1,1,24,2,2,0.0,0.0,0.0,0.0,0.0,3.0,14,4,7
50017,16,2,3,17,8,3,0,1,0,1,2,18,2,2,0.0,0.0,0.0,0.0,0.0,4.0,15,7,4
152159,4,7,3,15,8,3,6,1,1,1,2,36,2,2,0.0,0.0,0.0,0.0,0.0,2.0,13,4,10
161315,15,2,1,0,8,3,0,5,1,1,2,36,2,2,0.0,0.0,0.0,0.0,0.0,3.0,20,1,11
7452,16,2,3,15,8,3,0,1,1,1,2,22,2,2,0.0,0.0,0.0,0.0,0.0,3.0,16,2,1
29580,16,2,3,10,6,3,0,5,1,1,0,36,2,2,0.0,0.0,0.0,0.0,0.0,5.0,11,1,3
120500,4,2,3,15,8,3,0,1,1,1,2,23,2,2,0.0,0.0,0.0,0.0,0.0,2.0,19,5,9
10109,15,2,3,17,8,3,6,1,0,1,2,18,3,1,1.0,0.0,1.0,0.0,0.0,3.0,11,1,1
155883,4,2,1,10,8,3,0,1,0,1,2,30,4,1,2.0,0.0,2.0,0.0,0.0,4.0,18,6,11
1146,4,2,1,2,8,3,0,1,0,0,2,28,1,2,0.0,0.0,0.0,0.0,0.0,3.0,23,5,1
150224,16,2,3,0,10,3,0,1,0,1,2,6,3,3,1.0,0.0,0.0,1.0,0.0,2.0,8,1,10
151598,15,2,1,10,8,3,6,1,1,1,2,36,2,2,0.0,0.0,0.0,0.0,0.0,2.0,18,4,10
93581,16,2,3,10,8,3,0,1,1,1,2,36,2,2,0.0,0.0,0.0,0.0,0.0,2.0,15,6,7
11534,16,2,1,9,8,3,0,1,0,1,0,18,2,3,1.0,0.0,0.0,1.0,0.0,1.0,17,5,1
35371,16,2,0,2,2,3,0,3,1,1,0,36,1,2,0.0,0.0,0.0,0.0,0.0,1.0,19,6,3
72270,7,7,3,5,10,3,6,5,1,1,0,21,1,2,0.0,0.0,0.0,0.0,0.0,1.0,9,7,6
19228,17,11,5,10,17,3,5,5,1,1,2,36,2,2,0.0,0.0,0.0,0.0,0.0,3.0,16,4,2
60508,4,11,0,0,6,3,5,5,1,1,2,28,2,2,0.0,0.0,0.0,0.0,0.0,5.0,23,5,5
90555,15,2,3,0,6,3,0,5,1,1,1,36,2,2,0.0,0.0,0.0,0.0,0.0,3.0,11,7,7
122178,16,2,3,10,6,3,0,5,1,1,0,19,2,2,0.0,0.0,0.0,0.0,0.0,2.0,9,3,9
57867,16,2,3,10,6,3,0,1,1,1,2,19,2,2,0.0,0.0,0.0,0.0,0.0,3.0,15,7,5
80714,15,2,3,0,8,3,0,1,1,1,1,36,2,2,0.0,0.0,0.0,0.0,0.0,3.0,14,6,6
69833,4,2,3,17,6,3,0,1,0,1,2,18,2,3,4.0,0.0,0.0,4.0,0.0,2.0,15,5,5
81901,16,2,3,15,6,3,0,5,1,1,2,23,2,2,0.0,0.0,0.0,0.0,0.0,4.0,20,1,6
138890,16,2,1,17,1,3,0,1,0,1,2,36,2,3,3.0,0.0,0.0,1.0,2.0,0.0,19,4,10
156209,16,2,3,17,6,3,0,5,1,1,2,36,2,2,0.0,0.0,0.0,0.0,0.0,3.0,14,6,11
11957,15,2,3,10,8,3,0,1,1,1,1,38,2,2,0.0,0.0,0.0,0.0,0.0,2.0,16,5,1
32917,16,2,3,17,2,3,0,1,1,1,1,36,2,2,0.0,0.0,0.0,0.0,0.0,2.0,16,7,3
104051,16,2,1,17,2,3,0,1,1,1,2,17,2,2,0.0,0.0,0.0,0.0,0.0,6.0,21,4,8
115885,16,2,3,17,8,3,0,1,0,1,2,19,2,2,0.0,0.0,0.0,0.0,0.0,2.0,18,2,8
85680,4,2,3,7,4,3,0,1,1,0,2,21,2,2,0.0,0.0,0.0,0.0,0.0,3.0,15,4,6
52643,4,2,3,10,2,3,0,1,1,1,1,19,2,2,0.0,0.0,0.0,0.0,0.0,6.0,15,4,4
96211,15,2,3,17,2,3,0,1,0,1,2,18,2,4,1.0,0.0,0.0,0.0,1.0,1.0,9,4,7
99280,16,2,3,10,2,3,0,1,0,1,1,17,2,4,1.0,0.0,0.0,0.0,1.0,1.0,15,2,7
11468,15,2,3,0,2,3,0,1,1,1,0,3,2,2,0.0,0.0,0.0,0.0,0.0,2.0,12,3,1
182911,15,2,3,9,8,3,0,1,0,1,2,18,2,4,1.0,0.0,0.0,0.0,1.0,1.0,6,3,12
161163,16,2,3,17,6,3,0,5,0,1,2,18,2,2,0.0,0.0,0.0,0.0,0.0,2.0,16,5,11
118008,16,2,3,10,6,3,0,1,0,1,2,36,2,2,0.0,0.0,0.0,0.0,0.0,2.0,8,6,8
108286,16,2,3,17,8,3,0,1,0,1,2,18,2,2,0.0,0.0,0.0,0.0,0.0,2.0,15,5,8
21885,15,10,1,17,6,3,4,5,1,1,2,39,2,2,0.0,0.0,0.0,0.0,0.0,4.0,22,2,2
58761,16,2,3,10,2,3,0,1,1,1,2,36,2,2,0.0,0.0,0.0,0.0,0.0,2.0,14,6,5
105500,17,2,0,10,6,3,0,1,1,1,2,36,2,2,0.0,0.0,0.0,0.0,0.0,2.0,20,5,8
92301,4,2,0,15,15,3,0,2,0,1,2,22,2,3,4.0,0.0,0.0,3.0,1.0,1.0,2,1,7
11249,16,2,1,15,2,3,0,1,1,1,2,22,2,2,0.0,0.0,0.0,0.0,0.0,4.0,20,7,1
167368,15,2,1,0,6,3,0,1,0,1,2,36,2,2,0.0,0.0,0.0,0.0,0.0,5.0,0,1,11
9440,4,7,3,0,10,3,6,1,0,0,2,28,2,1,1.0,0.0,1.0,0.0,0.0,2.0,15,5,1
74332,16,2,3,10,2,3,0,1,0,1,2,17,3,3,1.0,0.0,0.0,1.0,0.0,2.0,13,4,6
120256,4,2,3,15,6,3,0,5,1,1,2,23,2,2,0.0,0.0,0.0,0.0,0.0,2.0,8,3,8
58029,16,2,1,8,8,3,0,1,0,1,2,12,2,1,1.0,0.0,1.0,0.0,0.0,1.0,20,7,5
154977,16,11,3,10,6,3,5,5,0,1,2,36,2,3,1.0,0.0,0.0,1.0,0.0,1.0,8,2,10
118214,15,7,1,0,18,3,6,5,0,1,2,36,2,2,0.0,0.0,0.0,0.0,0.0,2.0,20,3,8
146794,16,2,3,17,2,3,0,1,1,1,2,36,2,2,0.0,0.0,0.0,0.0,0.0,3.0,10,2,10
71418,16,11,3,0,8,3,5,5,0,1,1,36,2,4,1.0,0.0,0.0,0.0,1.0,7.0,16,1,5
27234,16,2,3,17,10,3,0,1,1,1,1,19,2,2,0.0,0.0,0.0,0.0,0.0,3.0,16,3,2
22244,15,2,3,14,2,3,0,1,1,1,2,5,2,2,0.0,0.0,0.0,0.0,0.0,2.0,14,1,2
110127,16,2,3,0,3,3,0,1,1,1,1,36,2,2,0.0,0.0,0.0,0.0,0.0,2.0,17,5,8
161188,16,2,1,17,14,3,0,1,0,1,2,6,2,4,1.0,0.0,0.0,0.0,1.0,1.0,8,5,11
19694,15,2,3,0,8,3,4,1,0,1,2,18,2,2,0.0,0.0,0.0,0.0,0.0,2.0,13,1,2
59061,15,2,3,0,11,3,0,1,0,1,2,12,2,2,0.0,0.0,0.0,0.0,0.0,3.0,6,2,5
101799,16,2,3,15,11,4,0,5,1,1,2,12,2,2,0.0,0.0,0.0,0.0,0.0,3.0,10,7,7
83824,16,2,2,0,6,3,0,1,0,1,2,6,2,1,1.0,0.0,1.0,0.0,0.0,2.0,5,1,6
120463,16,2,1,0,6,3,0,1,1,1,2,36,2,2,0.0,0.0,0.0,0.0,0.0,2.0,21,7,8
110961,17,2,3,10,8,3,0,5,0,0,2,36,2,3,2.0,0.0,0.0,2.0,0.0,1.0,18,3,8
15879,16,2,3,10,2,3,0,1,1,1,2,19,2,2,0.0,0.0,0.0,0.0,0.0,4.0,7,5,2
99532,16,2,3,5,8,3,0,1,1,1,2,36,1,2,0.0,0.0,0.0,0.0,0.0,1.0,14,7,7
161515,16,10,3,2,2,3,4,1,0,1,2,17,1,2,0.0,0.0,0.0,0.0,0.0,1.0,7,2,11
6226,16,3,3,10,6,3,0,1,1,1,0,36,2,2,0.0,0.0,0.0,0.0,0.0,2.0,11,4,1
17758,15,2,1,0,6,3,0,1,0,1,2,18,2,2,0.0,0.0,0.0,0.0,0.0,2.0,4,3,2
129818,16,2,1,17,2,3,0,5,1,1,1,18,2,2,0.0,0.0,0.0,0.0,0.0,2.0,20,6,9
70120,16,2,3,17,8,3,6,1,1,1,1,24,2,2,0.0,0.0,0.0,0.0,0.0,2.0,19,3,5
164997,4,2,0,17,15,3,0,1,0,1,2,36,2,4,1.0,0.0,0.0,0.0,1.0,1.0,18,3,11
186325,16,2,3,15,8,3,0,1,1,1,1,19,2,2,0.0,0.0,0.0,0.0,0.0,3.0,15,2,12
55132,17,3,3,0,8,3,6,5,1,1,1,36,2,2,0.0,0.0,0.0,0.0,0.0,2.0,14,2,4
151968,16,7,1,5,10,3,6,5,0,1,1,36,2,1,1.0,0.0,1.0,0.0,0.0,2.0,23,3,10
101811,15,2,3,0,6,3,5,5,0,1,2,18,2,2,0.0,0.0,0.0,0.0,0.0,3.0,11,7,7
28985,15,2,3,0,2,3,0,1,1,1,2,36,2,2,0.0,0.0,0.0,0.0,0.0,2.0,15,4,3
181647,15,2,3,17,8,3,0,1,0,1,2,18,2,2,0.0,0.0,0.0,0.0,0.0,2.0,12,6,12
154218,15,7,1,0,2,3,6,1,0,1,2,36,2,2,0.0,0.0,0.0,0.0,0.0,2.0,23,6,10
43704,16,2,3,10,8,3,1,1,1,1,2,16,2,2,0.0,0.0,0.0,0.0,0.0,2.0,8,4,4
21427,16,2,3,15,8,3,0,1,1,1,2,23,2,2,0.0,0.0,0.0,0.0,0.0,3.0,11,1,2
117165,16,2,3,17,6,3,0,1,1,1,2,18,2,2,0.0,0.0,0.0,0.0,0.0,3.0,18,1,8
181051,16,2,1,0,6,3,0,1,0,1,1,6,2,4,2.0,0.0,0.0,0.0,2.0,2.0,22,5,12
127468,16,2,1,2,5,3,0,1,0,1,2,13,1,2,0.0,0.0,0.0,0.0,0.0,3.0,21,1,9
132303,16,2,3,0,6,3,0,1,0,1,2,6,2,2,0.0,0.0,0.0,0.0,0.0,3.0,16,5,9
136889,16,2,3,17,2,3,0,1,1,1,1,36,2,2,0.0,0.0,0.0,0.0,0.0,4.0,9,5,9
118450,16,2,3,3,8,3,5,5,1,1,1,36,2,2,0.0,0.0,0.0,0.0,0.0,2.0,9,4,8
2209,16,2,3,10,2,3,0,1,0,0,2,36,2,2,0.0,0.0,0.0,0.0,0.0,2.0,16,4,1
77814,16,2,3,10,6,3,0,1,1,1,2,36,2,2,0.0,0.0,0.0,0.0,0.0,2.0,14,6,6
156273,17,11,5,11,17,3,5,5,1,1,0,36,2,2,0.0,0.0,0.0,0.0,0.0,2.0,12,6,11
115838,4,2,1,0,8,3,0,1,1,0,2,18,2,2,0.0,0.0,0.0,0.0,0.0,2.0,20,1,8
93493,16,2,1,0,10,3,0,1,0,1,2,6,2,2,0.0,0.0,0.0,0.0,0.0,2.0,1,5,7
132540,16,2,3,17,8,3,0,1,0,1,2,18,2,2,0.0,0.0,0.0,0.0,0.0,2.0,14,7,9
44376,16,2,3,0,8,3,0,1,0,1,2,26,2,1,1.0,0.0,1.0,0.0,0.0,1.0,14,4,4
138960,16,3,3,15,10,3,6,1,1,1,2,19,2,2,0.0,0.0,0.0,0.0,0.0,3.0,7,5,10
30554,16,2,4,15,2,3,0,1,1,1,2,23,2,2,0.0,0.0,0.0,0.0,0.0,3.0,15,3,3
93887,16,2,3,17,6,3,0,1,1,1,2,23,2,2,0.0,0.0,0.0,0.0,0.0,3.0,13,6,7
2726,15,2,3,0,6,3,0,1,1,1,2,5,2,2,0.0,0.0,0.0,0.0,0.0,2.0,9,5,1
90669,16,2,3,17,2,3,0,1,0,1,2,18,2,2,0.0,0.0,0.0,0.0,0.0,3.0,8,3,7
99025,16,2,3,0,6,3,0,1,1,1,2,6,2,2,0.0,0.0,0.0,0.0,0.0,4.0,15,6,7
179069,16,2,3,17,8,3,5,5,1,1,1,36,2,2,0.0,0.0,0.0,0.0,0.0,2.0,13,6,12
105766,15,2,3,0,11,3,0,1,1,1,2,17,2,2,0.0,0.0,0.0,0.0,0.0,2.0,16,1,8