crash_date,               traffic_control_device,weather_condition,lighting_condition,first_crash_type,trafficway_type,alignment,roadway_surface_cond,road_defect,crash_type,intersection_related_i,damage,prim_contributory_cause,num_units,most_severe_injury,injuries_total,injuries_fatal,injuries_incapacitating,injuries_non_incapacitating,injuries_reported_not_evident,injuries_no_indication,crash_hour,crash_day_of_week,crash_month
176768,16,2,1,10,8,3,0,1,0,1,2,19,2,2,0.0,0.0,0.0,0.0,0.0,2.0,17,4,12
145050,16,7,3,17,17,3,6,1,1,1,1,23,2,2,0.0,0.0,0.0,0.0,0.0,2.0,13,6,10
38112,4,2,3,0,8,2,0,1,0,1,2,18,2,2,0.0,0.0,0.0,0.0,0.0,3.0,16,6,3
31834,15,7,1,17,6,3,6,1,0,1,2,24,2,2,0.0,0.0,0.0,0.0,0.0,2.0,17,6,3
24569,16,2,3,10,8,3,0,1,1,1,2,36,2,2,0.0,0.0,0.0,0.0,0.0,2.0,17,6,2
20120,16,2,3,17,8,3,0,1,1,1,2,36,2,2,0.0,0.0,0.0,0.0,0.0,4.0,15,1,2
107697,16,2,3,15,8,3,0,1,1,1,2,26,2,2,0.0,0.0,0.0,0.0,0.0,2.0,10,4,8
147613,16,2,3,15,2,3,0,1,1,1,2,22,2,2,0.0,0.0,0.0,0.0,0.0,2.0,17,6,10
71286,16,2,3,17,10,3,0,5,1,1,2,24,2,2,0.0,0.0,0.0,0.0,0.0,3.0,9,5,5
70591,15,2,3,10,6,3,0,1,0,1,2,12,2,2,0.0,0.0,0.0,0.0,0.0,2.0,5,4,5
74830,16,2,3,17,2,3,0,1,1,1,1,36,2,2,0.0,0.0,0.0,0.0,0.0,2.0,15,3,6
88982,4,2,3,15,8,3,0,5,1,0,2,18,2,2,0.0,0.0,0.0,0.0,0.0,2.0,9,4,7
140755,4,3,1,10,2,3,0,1,1,1,2,17,3,2,0.0,0.0,0.0,0.0,0.0,3.0,20,4,10
71233,16,2,3,17,1,3,0,1,0,1,2,36,2,3,5.0,0.0,0.0,5.0,0.0,0.0,15,5,5
28042,4,2,3,9,8,3,0,1,0,1,0,18,3,1,2.0,0.0,2.0,0.0,0.0,1.0,17,4,2
104039,15,2,3,17,8,3,0,1,1,1,2,18,2,2,0.0,0.0,0.0,0.0,0.0,2.0,8,4,8
54160,16,2,3,0,6,3,0,1,0,1,2,36,2,2,0.0,0.0,0.0,0.0,0.0,3.0,9,7,4
108134,16,2,3,10,2,3,0,1,1,1,1,17,2,2,0.0,0.0,0.0,0.0,0.0,2.0,12,3,8
3335,15,2,3,17,15,3,0,1,0,1,2,18,2,3,1.0,0.0,0.0,1.0,0.0,1.0,13,3,1
73316,16,2,3,9,8,3,0,1,0,1,0,36,2,3,1.0,0.0,0.0,1.0,0.0,1.0,7,2,6
33018,15,2,3,15,10,3,0,1,1,1,2,24,2,2,0.0,0.0,0.0,0.0,0.0,3.0,18,2,3
169296,16,2,3,0,2,3,0,1,1,1,2,21,2,2,0.0,0.0,0.0,0.0,0.0,2.0,6,2,11
188967,16,11,5,10,8,3,5,5,0,1,0,36,2,3,1.0,0.0,0.0,1.0,0.0,2.0,13,1,12
142155,16,2,3,17,2,3,0,1,1,1,2,36,2,2,0.0,0.0,0.0,0.0,0.0,2.0,9,3,10
165664,16,2,3,11,8,3,0,1,1,1,1,21,2,2,0.0,0.0,0.0,0.0,0.0,2.0,21,5,11
165589,17,2,3,8,18,3,0,1,0,1,2,17,2,3,1.0,0.0,0.0,1.0,0.0,1.0,9,4,11
138479,16,2,1,0,6,3,0,1,0,1,2,17,2,3,2.0,0.0,0.0,1.0,1.0,0.0,4,7,10
7155,16,2,3,17,8,3,6,1,0,1,2,23,2,2,0.0,0.0,0.0,0.0,0.0,2.0,9,3,1
20804,15,10,3,17,8,3,4,1,1,1,2,21,2,2,0.0,0.0,0.0,0.0,0.0,2.0,9,5,2
102120,16,2,3,10,2,3,0,5,1,1,2,36,2,2,0.0,0.0,0.0,0.0,0.0,4.0,9,4,7
67639,16,2,1,10,10,3,0,1,1,1,2,19,2,2,0.0,0.0,0.0,0.0,0.0,2.0,20,4,5
5248,16,2,4,15,11,3,0,1,1,1,2,23,2,2,0.0,0.0,0.0,0.0,0.0,2.0,16,4,1
128385,16,2,5,15,8,3,0,1,1,1,0,17,2,2,0.0,0.0,0.0,0.0,0.0,2.0,19,6,9
8327,16,10,3,2,1,3,4,5,0,1,2,39,1,2,0.0,0.0,0.0,0.0,0.0,1.0,13,1,1
176837,16,2,3,0,15,3,0,1,0,1,2,36,2,3,1.0,0.0,0.0,1.0,0.0,1.0,7,5,12
91287,4,2,3,2,11,3,0,1,0,1,2,26,1,2,0.0,0.0,0.0,0.0,0.0,1.0,15,6,7
37606,15,2,3,0,8,3,0,1,1,1,2,18,2,2,0.0,0.0,0.0,0.0,0.0,3.0,9,3,3
21386,16,10,1,2,6,3,4,5,0,1,2,39,1,2,0.0,0.0,0.0,0.0,0.0,1.0,2,1,2
40374,15,2,1,0,6,3,5,5,0,1,2,36,2,3,1.0,0.0,0.0,1.0,0.0,1.0,20,7,3
47920,16,2,3,17,6,3,0,1,1,1,2,17,2,2,0.0,0.0,0.0,0.0,0.0,5.0,15,5,4
182209,16,2,1,17,8,3,0,1,1,1,0,22,2,2,0.0,0.0,0.0,0.0,0.0,3.0,16,7,12
22894,17,11,5,0,17,3,5,5,1,1,0,36,2,2,0.0,0.0,0.0,0.0,0.0,2.0,17,6,2
152400,16,2,2,9,6,3,0,1,0,1,0,18,2,3,1.0,0.0,0.0,1.0,0.0,1.0,6,7,10
42821,16,2,3,10,8,3,0,1,1,1,1,26,2,2,0.0,0.0,0.0,0.0,0.0,3.0,14,3,4
80524,16,2,3,2,8,3,0,5,1,1,1,12,1,2,0.0,0.0,0.0,0.0,0.0,1.0,13,2,6
65833,15,2,0,0,10,3,0,1,1,1,0,5,2,2,0.0,0.0,0.0,0.0,0.0,4.0,20,5,5
128295,15,2,1,8,8,3,0,1,0,1,0,18,2,3,1.0,0.0,0.0,1.0,0.0,1.0,21,7,9
21694,15,4,1,0,8,3,6,1,1,1,2,5,2,2,0.0,0.0,0.0,0.0,0.0,3.0,0,5,2
151550,4,2,3,17,8,3,0,1,1,1,2,18,2,2,0.0,0.0,0.0,0.0,0.0,6.0,16,3,10
66295,16,2,3,17,8,3,0,1,1,1,1,12,2,2,0.0,0.0,0.0,0.0,0.0,2.0,14,6,5
46155,16,2,3,10,8,3,0,1,1,1,2,19,2,2,0.0,0.0,0.0,0.0,0.0,2.0,13,1,4
53872,16,2,1,10,6,3,0,1,1,1,0,19,2,2,0.0,0.0,0.0,0.0,0.0,2.0,20,4,4
64389,4,2,3,10,8,3,0,5,1,1,1,36,2,2,0.0,0.0,0.0,0.0,0.0,4.0,6,3,5
178234,17,11,5,17,15,3,5,5,1,1,2,26,2,2,0.0,0.0,0.0,0.0,0.0,2.0,7,4,12
40478,17,2,0,17,15,3,0,5,0,1,2,36,2,4,1.0,0.0,0.0,0.0,1.0,1.0,3,2,3
73722,16,2,1,17,6,3,0,2,1,1,2,36,2,2,0.0,0.0,0.0,0.0,0.0,2.0,0,7,6
86174,16,2,3,17,10,3,0,1,1,1,2,36,2,2,0.0,0.0,0.0,0.0,0.0,3.0,6,5,6
113839,4,2,3,17,8,3,0,1,0,0,2,18,3,3,3.0,0.0,0.0,3.0,0.0,2.0,15,6,8
64088,16,7,3,10,2,3,6,5,0,1,2,19,3,1,1.0,0.0,1.0,0.0,0.0,2.0,9,3,5
176997,16,2,0,0,6,3,0,1,0,1,2,18,2,2,0.0,0.0,0.0,0.0,0.0,4.0,17,7,12
182428,16,2,1,15,6,3,0,1,1,1,1,18,2,2,0.0,0.0,0.0,0.0,0.0,2.0,23,4,12
80550,16,2,3,10,6,3,0,1,1,1,0,19,2,2,0.0,0.0,0.0,0.0,0.0,2.0,19,2,6
69353,16,7,3,0,8,3,6,1,0,1,2,39,2,4,1.0,0.0,0.0,0.0,1.0,2.0,18,4,5
45472,15,2,3,10,8,3,6,1,0,1,2,19,2,2,0.0,0.0,0.0,0.0,0.0,2.0,6,2,4
94962,15,3,3,17,6,3,0,1,1,1,0,36,2,2,0.0,0.0,0.0,0.0,0.0,4.0,15,1,7
121727,15,7,3,0,8,3,6,1,0,0,2,18,2,3,1.0,0.0,0.0,1.0,0.0,1.0,18,2,9
124147,16,2,3,17,8,3,0,1,1,1,2,18,2,2,0.0,0.0,0.0,0.0,0.0,3.0,11,3,9
139082,16,7,3,2,2,3,6,5,0,1,2,39,1,3,3.0,0.0,0.0,3.0,0.0,0.0,14,1,10
10633,16,7,0,9,8,3,6,5,0,1,2,26,2,3,1.0,0.0,0.0,1.0,0.0,2.0,17,3,1
85036,4,2,4,17,8,3,0,1,1,1,2,36,2,2,0.0,0.0,0.0,0.0,0.0,3.0,20,7,6
56155,16,7,3,10,3,3,6,1,0,1,2,19,2,1,1.0,0.0,1.0,0.0,0.0,1.0,7,4,5
112126,4,2,3,17,2,3,0,5,1,1,2,36,2,2,0.0,0.0,0.0,0.0,0.0,2.0,12,6,8
61949,16,3,3,9,2,3,6,5,0,1,1,6,2,3,1.0,0.0,0.0,1.0,0.0,1.0,17,6,5
88465,16,2,3,10,6,3,0,5,1,1,1,34,2,2,0.0,0.0,0.0,0.0,0.0,2.0,15,5,7
36871,16,7,3,17,3,3,6,1,0,1,2,6,2,2,0.0,0.0,0.0,0.0,0.0,2.0,17,5,3
91250,16,2,3,15,8,3,0,1,0,1,2,36,2,2,0.0,0.0,0.0,0.0,0.0,2.0,7,5,7
124018,16,2,3,10,2,3,5,5,1,1,1,36,2,2,0.0,0.0,0.0,0.0,0.0,2.0,10,7,9
183761,4,2,3,17,8,3,0,1,1,1,1,18,2,2,0.0,0.0,0.0,0.0,0.0,2.0,12,6,12
141036,16,2,1,17,2,3,2,3,1,1,2,24,2,2,0.0,0.0,0.0,0.0,0.0,2.0,18,6,10
134151,16,2,3,17,3,3,0,1,1,1,2,9,2,2,0.0,0.0,0.0,0.0,0.0,9.0,14,1,9
85644,16,2,1,14,8,3,0,1,1,1,0,36,2,2,0.0,0.0,0.0,0.0,0.0,2.0,4,2,6
45795,16,2,1,0,15,3,0,5,0,1,2,26,2,3,1.0,0.0,0.0,1.0,0.0,3.0,23,2,4
146251,16,11,3,9,8,3,5,5,0,1,0,18,2,3,1.0,0.0,0.0,1.0,0.0,1.0,15,3,10
126699,16,2,3,10,3,3,0,3,0,1,2,19,2,3,2.0,0.0,0.0,2.0,0.0,2.0,7,4,9
182624,15,2,3,0,10,3,0,1,1,1,1,5,2,2,0.0,0.0,0.0,0.0,0.0,3.0,12,4,12
76786,15,3,3,17,15,3,0,1,0,1,2,36,2,3,1.0,0.0,0.0,1.0,0.0,1.0,8,4,6
5778,4,2,0,2,10,3,6,1,1,1,2,36,1,2,0.0,0.0,0.0,0.0,0.0,1.0,18,4,1
123124,16,2,3,10,8,3,0,1,1,1,1,23,2,2,0.0,0.0,0.0,0.0,0.0,3.0,16,2,9
19662,16,2,0,10,8,3,0,1,1,1,1,19,2,2,0.0,0.0,0.0,0.0,0.0,4.0,18,5,2
119435,4,2,3,17,8,3,0,1,0,1,2,22,2,2,0.0,0.0,0.0,0.0,0.0,4.0,16,4,8
150911,4,2,3,0,8,3,0,1,0,1,2,12,2,4,1.0,0.0,0.0,0.0,1.0,1.0,9,4,10
125363,15,2,1,10,2,3,0,1,1,1,2,36,2,2,0.0,0.0,0.0,0.0,0.0,4.0,20,7,9
14081,4,10,1,15,6,3,4,1,0,1,2,23,2,4,1.0,0.0,0.0,0.0,1.0,4.0,3,1,1
42449,16,2,0,0,6,3,0,1,0,1,2,36,2,2,0.0,0.0,0.0,0.0,0.0,4.0,21,4,4
165206,4,2,3,17,15,3,5,1,1,1,1,36,2,2,0.0,0.0,0.0,0.0,0.0,3.0,7,6,11
79713,16,2,1,17,8,3,0,1,0,1,2,24,2,4,1.0,0.0,0.0,0.0,1.0,1.0,19,4,6
158364,16,2,3,8,8,3,0,1,0,1,1,18,2,3,1.0,0.0,0.0,1.0,0.0,3.0,7,6,11
132671,15,3,3,0,8,3,0,1,1,1,2,5,2,2,0.0,0.0,0.0,0.0,0.0,2.0,12,1,9
96195,16,2,3,17,8,3,6,1,1,1,2,24,2,2,0.0,0.0,0.0,0.0,0.0,2.0,19,4,7
12264,17,10,1,17,6,3,6,1,0,1,2,36,2,4,1.0,0.0,0.0,0.0,1.0,1.0,17,4,1
185943,16,10,3,10,16,3,4,5,1,1,2,36,2,2,0.0,0.0,0.0,0.0,0.0,2.0,11,1,12
53358,16,7,3,10,6,3,6,1,1,1,2,18,2,2,0.0,0.0,0.0,0.0,0.0,3.0,10,3,4
157413,16,2,3,10,3,3,0,1,1,1,2,19,2,2,0.0,0.0,0.0,0.0,0.0,2.0,8,6,11
98239,4,2,3,10,2,3,5,1,1,1,1,36,2,2,0.0,0.0,0.0,0.0,0.0,2.0,14,7,7
12710,16,11,3,15,8,3,5,5,1,1,2,24,2,2,0.0,0.0,0.0,0.0,0.0,2.0,9,4,1
34159,16,2,1,17,6,3,0,1,1,1,2,24,2,2,0.0,0.0,0.0,0.0,0.0,2.0,0,1,3
112625,16,7,3,10,10,3,6,1,1,1,2,19,2,2,0.0,0.0,0.0,0.0,0.0,2.0,14,7,8
27420,4,2,1,7,8,3,0,1,1,0,1,36,2,2,0.0,0.0,0.0,0.0,0.0,1.0,20,7,2
86163,16,2,3,0,6,3,0,1,0,1,2,36,2,2,0.0,0.0,0.0,0.0,0.0,2.0,15,5,6
179903,16,7,1,17,6,3,6,1,1,1,2,18,2,2,0.0,0.0,0.0,0.0,0.0,2.0,20,4,12
94960,15,2,3,0,8,3,0,1,0,1,2,18,2,2,0.0,0.0,0.0,0.0,0.0,3.0,15,1,7
117023,15,2,3,0,8,3,0,1,1,1,0,5,2,2,0.0,0.0,0.0,0.0,0.0,2.0,18,5,8
55818,16,2,3,10,2,3,0,1,1,1,2,36,2,2,0.0,0.0,0.0,0.0,0.0,2.0,14,7,4
10096,16,3,1,0,8,3,6,1,1,1,2,12,2,2,0.0,0.0,0.0,0.0,0.0,2.0,18,1,1
24357,16,2,3,17,6,3,5,5,0,1,2,24,2,2,0.0,0.0,0.0,0.0,0.0,2.0,12,2,2
85667,16,3,3,10,2,3,0,1,1,1,1,36,2,2,0.0,0.0,0.0,0.0,0.0,2.0,11,2,6
128906,4,2,3,15,8,3,0,1,1,1,1,18,2,2,0.0,0.0,0.0,0.0,0.0,2.0,15,6,9
113735,16,2,3,17,10,3,0,1,1,1,1,6,2,2,0.0,0.0,0.0,0.0,0.0,5.0,18,4,8
125692,16,2,0,9,8,3,0,1,0,1,0,36,2,3,1.0,0.0,0.0,1.0,0.0,1.0,5,5,9
100420,16,2,1,10,2,3,0,1,1,0,1,36,2,2,0.0,0.0,0.0,0.0,0.0,3.0,3,7,7
28575,4,2,3,10,8,3,0,1,0,1,2,36,2,2,0.0,0.0,0.0,0.0,0.0,2.0,10,3,3
163166,16,3,4,10,6,3,6,1,0,1,2,36,2,3,1.0,0.0,0.0,1.0,0.0,2.0,15,5,11
12759,4,10,1,7,15,3,4,1,0,1,1,37,2,2,0.0,0.0,0.0,0.0,0.0,1.0,5,5,1
151740,15,2,3,17,6,3,0,1,1,1,2,18,2,2,0.0,0.0,0.0,0.0,0.0,2.0,9,6,10
59916,16,7,3,17,6,3,6,1,0,1,2,18,2,4,1.0,0.0,0.0,0.0,1.0,2.0,12,2,5
84297,16,2,1,2,8,3,6,1,0,1,2,6,1,2,0.0,0.0,0.0,0.0,0.0,2.0,1,2,6
131469,15,3,3,2,6,4,6,2,1,1,2,36,1,2,0.0,0.0,0.0,0.0,0.0,1.0,10,6,9
59805,16,2,3,8,8,3,0,1,0,1,2,36,2,3,1.0,0.0,0.0,1.0,0.0,1.0,15,1,5
82117,15,2,3,0,8,3,0,1,0,1,2,18,2,1,1.0,0.0,1.0,0.0,0.0,1.0,17,4,6
9992,16,2,3,17,6,3,5,1,0,1,2,11,3,2,0.0,0.0,0.0,0.0,0.0,3.0,8,7,1
165949,16,2,3,10,8,3,0,1,1,1,2,36,2,2,0.0,0.0,0.0,0.0,0.0,3.0,12,7,11
174924,16,2,3,0,8,3,0,1,0,1,2,6,2,2,0.0,0.0,0.0,0.0,0.0,2.0,8,3,12
59924,16,2,3,9,8,3,0,1,0,1,2,36,2,4,1.0,0.0,0.0,0.0,1.0,1.0,13,4,5
21682,16,2,3,15,8,4,6,5,1,1,0,36,2,2,0.0,0.0,0.0,0.0,0.0,2.0,9,5,2
97595,15,2,3,8,8,3,0,1,0,1,2,17,2,3,1.0,0.0,0.0,1.0,0.0,1.0,18,6,7
47405,16,7,0,8,8,3,6,1,0,1,2,36,2,1,1.0,0.0,1.0,0.0,0.0,3.0,19,3,4
147967,16,2,3,10,2,3,0,5,1,1,0,36,2,2,0.0,0.0,0.0,0.0,0.0,2.0,8,6,10
73033,16,7,3,17,8,3,6,1,1,0,2,24,2,2,0.0,0.0,0.0,0.0,0.0,2.0,7,4,6
161029,15,2,3,17,6,3,0,5,0,1,2,18,2,3,1.0,0.0,0.0,1.0,0.0,7.0,11,1,11
78661,16,2,1,17,3,3,0,1,0,1,2,18,2,2,0.0,0.0,0.0,0.0,0.0,3.0,0,3,6
163784,16,2,2,17,8,3,0,1,1,1,1,24,2,2,0.0,0.0,0.0,0.0,0.0,3.0,17,6,11
68703,16,2,3,0,11,3,0,1,0,1,1,36,2,2,0.0,0.0,0.0,0.0,0.0,5.0,18,7,5
179768,15,2,3,15,3,3,0,1,1,1,2,36,2,2,0.0,0.0,0.0,0.0,0.0,2.0,12,2,12
183121,16,2,3,9,2,3,0,5,0,1,0,18,2,3,1.0,0.0,0.0,1.0,0.0,1.0,12,4,12
106582,16,7,1,17,6,3,6,5,0,1,2,36,2,2,0.0,0.0,0.0,0.0,0.0,3.0,21,7,8
169954,15,2,3,0,6,3,0,1,1,1,2,18,2,2,0.0,0.0,0.0,0.0,0.0,4.0,15,7,11
96519,4,2,3,15,2,3,0,5,1,0,1,23,2,2,0.0,0.0,0.0,0.0,0.0,2.0,14,4,7
115125,15,2,4,17,10,3,0,1,1,1,0,23,2,2,0.0,0.0,0.0,0.0,0.0,5.0,8,3,8
21766,16,2,1,10,8,3,0,1,0,1,2,15,3,3,1.0,0.0,0.0,1.0,0.0,2.0,23,6,2
161186,4,2,3,17,6,3,0,1,0,1,2,18,3,2,0.0,0.0,0.0,0.0,0.0,4.0,7,5,11
126112,16,2,3,10,2,3,0,1,1,1,0,19,2,2,0.0,0.0,0.0,0.0,0.0,2.0,14,3,9
649,16,2,1,17,1,3,5,5,1,0,2,36,2,2,0.0,0.0,0.0,0.0,0.0,2.0,5,4,1
177093,4,2,3,0,2,3,0,5,1,1,2,18,2,2,0.0,0.0,0.0,0.0,0.0,2.0,9,2,12
164047,15,5,1,0,6,3,6,1,1,1,1,17,2,2,0.0,0.0,0.0,0.0,0.0,2.0,23,3,11
33241,16,7,3,10,2,3,0,1,0,1,2,36,2,2,0.0,0.0,0.0,0.0,0.0,2.0,15,7,3
100974,16,2,3,3,6,4,0,1,0,1,2,6,3,3,4.0,0.0,0.0,4.0,0.0,0.0,5,1,7
9961,4,2,3,10,8,4,0,1,1,1,1,19,2,2,0.0,0.0,0.0,0.0,0.0,3.0,15,7,1
73124,15,2,1,0,6,3,0,1,1,1,2,18,2,2,0.0,0.0,0.0,0.0,0.0,4.0,10,5,6
60189,15,2,3,17,8,3,0,1,1,1,2,36,2,2,0.0,0.0,0.0,0.0,0.0,5.0,12,5,5
47384,16,2,3,15,10,3,5,5,1,1,0,36,2,2,0.0,0.0,0.0,0.0,0.0,2.0,16,3,4
76314,16,2,3,17,8,3,0,1,0,1,2,18,2,3,1.0,0.0,0.0,1.0,0.0,2.0,10,4,6
91681,16,2,2,0,5,3,0,1,0,1,2,36,2,1,1.0,0.0,1.0,0.0,0.0,1.0,5,5,7
30221,15,2,3,15,15,3,0,1,1,0,2,12,2,2,0.0,0.0,0.0,0.0,0.0,3.0,15,5,3
21621,16,2,3,17,3,5,4,5,1,1,1,18,2,2,0.0,0.0,0.0,0.0,0.0,2.0,9,2,2
128140,4,2,3,7,8,3,0,1,1,1,2,32,2,2,0.0,0.0,0.0,0.0,0.0,1.0,8,4,9
11354,16,2,3,17,6,3,0,1,0,1,2,36,2,4,2.0,0.0,0.0,0.0,2.0,0.0,7,2,1
175775,4,2,3,0,8,3,0,1,0,1,2,12,2,2,0.0,0.0,0.0,0.0,0.0,3.0,14,4,12
156086,16,2,1,17,6,3,0,1,0,1,2,18,2,4,2.0,0.0,0.0,0.0,2.0,1.0,18,3,11
36734,15,2,3,0,8,3,0,1,1,1,1,18,2,2,0.0,0.0,0.0,0.0,0.0,2.0,13,2,3
74742,4,2,1,7,10,3,0,1,0,1,2,9,3,2,0.0,0.0,0.0,0.0,0.0,1.0,0,1,6
87695,16,2,0,0,8,3,0,1,1,1,2,23,2,2,0.0,0.0,0.0,0.0,0.0,2.0,21,6,6
95932,15,2,3,0,6,3,0,1,1,1,2,18,2,2,0.0,0.0,0.0,0.0,0.0,2.0,12,1,7
37890,15,2,3,17,3,3,0,1,1,1,2,18,2,2,0.0,0.0,0.0,0.0,0.0,2.0,16,3,3
36204,16,2,3,15,8,3,0,5,1,1,2,36,2,2,0.0,0.0,0.0,0.0,0.0,2.0,16,1,3
10511,16,2,0,0,6,3,4,1,0,1,2,6,2,4,1.0,0.0,0.0,0.0,1.0,3.0,0,1,1
42557,4,2,3,17,8,3,0,1,1,1,2,18,2,2,0.0,0.0,0.0,0.0,0.0,2.0,7,6,4
152646,16,7,3,17,8,3,6,1,0,1,2,18,2,2,0.0,0.0,0.0,0.0,0.0,3.0,16,5,10
169351,4,11,5,13,12,3,5,5,1,0,2,21,2,2,0.0,0.0,0.0,0.0,0.0,2.0,16,4,11
120126,15,2,1,7,8,3,0,1,1,1,2,28,2,2,0.0,0.0,0.0,0.0,0.0,2.0,21,7,8
78800,16,2,3,10,2,3,0,1,0,1,2,17,2,2,0.0,0.0,0.0,0.0,0.0,3.0,13,5,6
82977,16,2,3,10,15,3,0,1,1,1,0,19,2,2,0.0,0.0,0.0,0.0,0.0,2.0,8,3,6
19777,16,9,3,17,2,3,4,1,0,1,1,23,2,2,0.0,0.0,0.0,0.0,0.0,3.0,19,2,2
34359,16,10,3,15,3,3,4,1,1,1,2,36,2,2,0.0,0.0,0.0,0.0,0.0,4.0,8,3,3
48039,16,2,3,0,8,3,0,5,0,1,2,36,3,1,13.0,0.0,3.0,10.0,0.0,0.0,15,5,4
61276,16,2,3,17,6,3,0,5,1,1,0,36,2,2,0.0,0.0,0.0,0.0,0.0,2.0,13,3,5
38523,16,2,0,8,2,3,0,1,0,1,0,6,2,4,1.0,0.0,0.0,0.0,1.0,1.0,19,6,3
148084,16,2,3,15,8,3,0,1,1,1,0,19,2,2,0.0,0.0,0.0,0.0,0.0,2.0,11,5,10
87474,16,2,3,10,2,3,0,1,1,1,2,19,2,2,0.0,0.0,0.0,0.0,0.0,2.0,18,3,6
159597,4,3,1,10,8,3,0,1,1,1,1,19,2,2,0.0,0.0,0.0,0.0,0.0,2.0,18,3,11
125155,15,2,3,0,15,3,0,5,1,1,2,18,2,2,0.0,0.0,0.0,0.0,0.0,2.0,17,4,9
49450,15,2,3,14,8,3,0,1,1,1,2,36,2,2,0.0,0.0,0.0,0.0,0.0,2.0,15,3,4
116320,16,2,3,0,6,3,0,1,0,1,2,6,2,3,2.0,0.0,0.0,2.0,0.0,0.0,8,7,8
75400,15,2,3,7,8,3,0,2,1,0,2,27,2,2,0.0,0.0,0.0,0.0,0.0,5.0,9,4,6
182925,16,2,3,0,6,3,0,1,0,1,1,26,3,2,0.0,0.0,0.0,0.0,0.0,5.0,9,3,12
43390,16,2,3,10,2,3,0,1,1,1,2,19,2,2,0.0,0.0,0.0,0.0,0.0,2.0,16,7,4
74356,16,2,3,17,6,3,0,1,1,1,2,24,2,2,0.0,0.0,0.0,0.0,0.0,2.0,17,4,6
159965,16,2,1,9,6,3,0,1,0,1,1,18,2,3,1.0,0.0,0.0,1.0,0.0,1.0,19,1,11
169529,16,11,5,17,18,3,5,5,1,1,1,36,2,2,0.0,0.0,0.0,0.0,0.0,2.0,19,7,11
106264,16,2,1,10,3,3,0,1,0,1,2,17,2,3,2.0,0.0,0.0,2.0,0.0,1.0,22,1,8
151902,4,7,1,10,2,3,6,1,0,1,2,17,2,3,1.0,0.0,0.0,1.0,0.0,1.0,15,3,10
7024,16,2,3,10,8,3,0,1,1,1,2,19,2,2,0.0,0.0,0.0,0.0,0.0,2.0,8,3,1
52346,16,2,3,0,6,4,0,5,0,1,2,18,2,2,0.0,0.0,0.0,0.0,0.0,3.0,14,7,4
83970,16,8,1,6,6,3,0,1,0,1,2,26,1,2,0.0,0.0,0.0,0.0,0.0,1.0,20,4,6
124328,16,11,5,10,3,3,5,5,1,1,2,36,2,2,0.0,0.0,0.0,0.0,0.0,7.0,20,7,9
76726,15,2,5,0,16,3,0,5,1,1,1,18,2,2,0.0,0.0,0.0,0.0,0.0,2.0,20,2,6
160620,16,2,1,17,6,3,0,1,0,1,2,17,2,3,1.0,0.0,0.0,1.0,0.0,1.0,18,4,11
62662,4,7,3,10,3,3,6,1,1,1,2,19,2,2,0.0,0.0,0.0,0.0,0.0,2.0,18,2,5
123317,4,2,0,0,8,3,0,1,1,1,1,36,2,2,0.0,0.0,0.0,0.0,0.0,2.0,4,4,9
99336,16,2,3,10,2,3,0,5,1,1,2,19,2,2,0.0,0.0,0.0,0.0,0.0,2.0,14,3,7
175991,16,3,3,10,8,3,0,1,1,1,2,19,2,2,0.0,0.0,0.0,0.0,0.0,2.0,11,5,12
30778,15,2,1,0,6,3,5,5,1,1,2,18,2,2,0.0,0.0,0.0,0.0,0.0,2.0,22,7,3
53864,16,2,3,10,2,3,0,5,1,1,1,36,2,2,0.0,0.0,0.0,0.0,0.0,2.0,7,4,4
172065,15,2,3,17,15,3,6,1,0,1,2,18,2,2,0.0,0.0,0.0,0.0,0.0,2.0,10,5,11
153412,15,2,3,0,8,3,0,1,0,1,2,18,2,2,0.0,0.0,0.0,0.0,0.0,5.0,14,7,10
136246,16,2,3,14,5,3,6,1,1,1,2,6,2,2,0.0,0.0,0.0,0.0,0.0,2.0,18,3,9
26856,15,10,3,17,15,3,4,1,0,1,2,18,2,3,1.0,0.0,0.0,1.0,0.0,1.0,16,4,2
138358,15,7,3,10,8,3,6,1,1,1,1,19,2,2,0.0,0.0,0.0,0.0,0.0,2.0,9,4,10
56311,16,7,1,17,15,3,6,1,1,1,1,6,2,2,0.0,0.0,0.0,0.0,0.0,2.0,2,1,5
176959,16,7,1,17,6,3,6,5,0,1,2,6,2,4,1.0,0.0,0.0,0.0,1.0,1.0,23,6,12
120266,16,2,3,10,8,3,0,5,1,1,2,36,2,2,0.0,0.0,0.0,0.0,0.0,2.0,10,3,8
154656,4,7,3,17,15,3,6,1,0,1,2,38,2,3,1.0,0.0,0.0,1.0,0.0,1.0,8,4,10
110389,16,2,3,10,8,3,0,1,1,1,0,18,2,2,0.0,0.0,0.0,0.0,0.0,2.0,15,1,8
98244,4,2,1,7,8,3,6,1,0,1,2,36,5,2,0.0,0.0,0.0,0.0,0.0,1.0,3,7,7
37723,16,2,3,10,10,4,0,1,1,1,0,8,2,2,0.0,0.0,0.0,0.0,0.0,2.0,9,5,3
156886,16,2,3,10,2,3,0,1,1,1,1,17,2,2,0.0,0.0,0.0,0.0,0.0,2.0,12,3,11
180821,16,2,3,17,8,3,0,1,0,1,2,18,2,2,0.0,0.0,0.0,0.0,0.0,2.0,12,7,12
121568,16,2,3,10,2,3,0,1,0,1,2,36,2,4,2.0,0.0,0.0,0.0,2.0,1.0,12,7,9