crash_date,               traffic_control_device,weather_condition,lighting_condition,first_crash_type,trafficway_type,alignment,roadway_surface_cond,road_defect,crash_type,intersection_related_i,damage,prim_contributory_cause,num_units,most_severe_injury,injuries_total,injuries_fatal,injuries_incapacitating,injuries_non_incapacitating,injuries_reported_not_evident,injuries_no_indication,crash_hour,crash_day_of_week,crash_month
107981,16,2,1,0,2,3,0,1,0,1,2,6,2,2,0.0,0.0,0.0,0.0,0.0,3.0,0,7,8
150777,4,7,1,7,10,3,6,1,0,1,2,3,2,2,0.0,0.0,0.0,0.0,0.0,1.0,21,1,10
182155,17,2,1,0,8,3,0,5,1,1,2,26,2,2,0.0,0.0,0.0,0.0,0.0,2.0,20,6,12
127605,16,2,3,15,8,3,0,1,1,1,2,12,2,2,0.0,0.0,0.0,0.0,0.0,2.0,13,4,9
129699,16,2,3,15,10,3,0,6,1,0,2,22,2,2,0.0,0.0,0.0,0.0,0.0,2.0,11,3,9
103476,4,2,3,17,3,3,0,1,1,1,1,36,2,2,0.0,0.0,0.0,0.0,0.0,2.0,14,3,7
181974,16,2,3,17,8,3,0,1,1,1,0,23,2,2,0.0,0.0,0.0,0.0,0.0,3.0,16,3,12
161112,4,2,3,17,15,3,0,1,0,1,2,14,2,3,1.0,0.0,0.0,1.0,0.0,1.0,16,4,11
90108,16,2,3,17,6,3,0,1,1,1,2,24,2,2,0.0,0.0,0.0,0.0,0.0,2.0,15,2,7
66373,4,2,3,0,8,3,0,1,1,1,2,36,2,2,0.0,0.0,0.0,0.0,0.0,2.0,14,7,5
176514,15,2,3,10,10,3,0,1,0,1,2,36,2,3,1.0,0.0,0.0,1.0,0.0,1.0,8,6,12
142661,17,2,3,15,6,3,0,5,0,1,2,36,2,2,0.0,0.0,0.0,0.0,0.0,2.0,14,4,10
168154,16,7,1,10,8,3,6,1,1,1,0,17,2,2,0.0,0.0,0.0,0.0,0.0,2.0,20,4,11
81943,16,2,1,0,6,3,0,1,0,1,2,6,2,3,2.0,0.0,0.0,2.0,0.0,1.0,1,2,6
64785,16,2,3,0,8,3,0,5,0,1,2,6,2,2,0.0,0.0,0.0,0.0,0.0,3.0,18,2,5
126564,15,2,3,17,6,3,0,5,1,1,2,36,2,2,0.0,0.0,0.0,0.0,0.0,4.0,8,4,9
145049,16,2,3,17,6,3,0,5,0,1,1,19,2,4,2.0,0.0,0.0,0.0,2.0,1.0,12,5,10
89475,15,2,3,0,6,3,0,1,1,1,2,6,3,2,0.0,0.0,0.0,0.0,0.0,3.0,13,5,7
53468,15,2,3,0,8,3,0,1,0,1,2,18,2,3,4.0,0.0,0.0,4.0,0.0,0.0,15,4,4
24569,16,11,5,17,6,3,5,5,1,1,2,24,2,2,0.0,0.0,0.0,0.0,0.0,2.0,17,6,2
163716,16,2,3,17,11,4,0,1,1,1,0,17,2,2,0.0,0.0,0.0,0.0,0.0,2.0,8,5,11
66925,15,2,3,0,8,3,0,1,1,1,2,18,2,2,0.0,0.0,0.0,0.0,0.0,2.0,15,2,5
131608,16,2,3,17,6,3,0,1,1,1,2,36,2,2,0.0,0.0,0.0,0.0,0.0,2.0,13,3,9
49807,16,2,1,17,8,3,0,1,1,1,2,36,2,2,0.0,0.0,0.0,0.0,0.0,2.0,20,4,4
53917,15,7,3,0,6,3,6,5,0,1,2,36,2,3,1.0,0.0,0.0,1.0,0.0,2.0,16,6,4
169770,16,2,3,0,8,3,0,1,1,1,2,21,2,2,0.0,0.0,0.0,0.0,0.0,2.0,14,3,11
140652,4,2,3,10,2,3,0,1,1,1,2,19,3,2,0.0,0.0,0.0,0.0,0.0,3.0,11,1,10
82229,16,3,1,17,8,3,6,5,1,1,2,36,2,2,0.0,0.0,0.0,0.0,0.0,2.0,0,5,6
93015,16,2,3,17,8,3,0,1,1,1,2,19,2,2,0.0,0.0,0.0,0.0,0.0,2.0,14,4,7
165370,16,7,4,17,8,3,6,5,1,1,2,22,2,2,0.0,0.0,0.0,0.0,0.0,4.0,16,7,11
158339,16,2,3,0,6,3,0,5,0,1,2,36,2,3,1.0,0.0,0.0,1.0,0.0,1.0,16,6,11
77035,16,2,3,15,2,3,0,1,1,1,2,23,2,2,0.0,0.0,0.0,0.0,0.0,2.0,14,2,6
132408,16,2,3,17,8,3,0,1,0,1,2,22,3,2,0.0,0.0,0.0,0.0,0.0,4.0,11,7,9
110206,15,3,3,17,15,3,0,1,1,1,1,18,2,2,0.0,0.0,0.0,0.0,0.0,2.0,9,6,8
47106,15,2,3,7,2,3,0,1,1,1,2,24,2,2,0.0,0.0,0.0,0.0,0.0,1.0,11,3,4
40351,4,2,1,2,10,2,0,1,0,1,2,36,1,3,1.0,0.0,0.0,1.0,0.0,0.0,3,7,3
97402,16,2,3,0,8,3,0,1,0,1,2,23,3,4,2.0,0.0,0.0,0.0,2.0,3.0,7,2,7
18643,16,2,0,0,6,3,0,1,0,1,2,9,2,2,0.0,0.0,0.0,0.0,0.0,5.0,3,4,2
52718,16,2,3,0,8,3,0,1,0,1,2,11,2,2,0.0,0.0,0.0,0.0,0.0,2.0,12,6,4
45221,16,3,3,10,2,3,0,1,1,1,1,19,2,2,0.0,0.0,0.0,0.0,0.0,2.0,10,5,4
33433,4,2,3,0,8,3,0,1,1,1,2,8,2,2,0.0,0.0,0.0,0.0,0.0,3.0,14,3,3
69591,16,2,3,17,2,3,0,1,1,1,1,36,2,2,0.0,0.0,0.0,0.0,0.0,2.0,10,7,5
113706,16,2,3,17,8,3,0,1,1,0,2,19,2,2,0.0,0.0,0.0,0.0,0.0,2.0,11,2,8
79155,16,2,3,17,3,3,0,1,1,1,0,24,2,2,0.0,0.0,0.0,0.0,0.0,2.0,12,3,6
106508,16,2,3,17,6,3,0,1,0,1,2,18,2,4,3.0,0.0,0.0,0.0,3.0,0.0,8,6,8
184851,15,2,3,17,6,3,0,1,0,1,2,5,2,4,2.0,0.0,0.0,0.0,2.0,1.0,15,2,12
36458,15,2,3,9,6,3,0,1,0,1,0,36,2,3,1.0,0.0,0.0,1.0,0.0,1.0,17,5,3
130415,16,2,1,17,2,3,0,1,1,1,2,24,2,2,0.0,0.0,0.0,0.0,0.0,2.0,22,7,9
22092,16,2,3,17,8,0,0,1,0,1,2,36,2,2,0.0,0.0,0.0,0.0,0.0,2.0,14,5,2
121347,16,2,3,17,8,3,0,1,0,1,2,18,2,2,0.0,0.0,0.0,0.0,0.0,2.0,11,4,9
38359,16,3,3,17,8,3,5,5,1,1,1,23,2,2,0.0,0.0,0.0,0.0,0.0,2.0,12,4,3
13208,16,10,3,17,6,3,6,5,1,1,1,12,2,2,0.0,0.0,0.0,0.0,0.0,2.0,14,6,1
121378,15,2,3,0,6,3,0,1,0,1,1,18,2,3,1.0,0.0,0.0,1.0,0.0,2.0,17,5,9
14494,4,2,3,17,6,3,0,1,0,1,0,19,2,4,1.0,0.0,0.0,0.0,1.0,2.0,16,2,1
89927,16,2,3,10,8,3,0,1,1,1,1,17,2,2,0.0,0.0,0.0,0.0,0.0,2.0,9,5,7
149129,16,2,1,17,13,3,0,1,1,1,2,24,2,2,0.0,0.0,0.0,0.0,0.0,2.0,0,1,10
154772,16,7,3,10,8,3,2,0,0,1,2,32,2,4,3.0,0.0,0.0,0.0,3.0,3.0,13,7,10
55485,15,2,3,17,8,3,6,1,1,1,1,36,2,2,0.0,0.0,0.0,0.0,0.0,2.0,8,2,4
89576,16,2,3,17,6,3,0,1,0,1,2,24,2,2,0.0,0.0,0.0,0.0,0.0,4.0,8,7,7
131020,16,2,3,17,2,3,0,6,1,1,1,36,2,2,0.0,0.0,0.0,0.0,0.0,2.0,17,2,9
146740,4,2,1,7,8,3,0,1,0,0,2,12,3,2,0.0,0.0,0.0,0.0,0.0,1.0,22,1,10
178126,16,2,1,17,3,3,6,1,0,1,2,18,2,2,0.0,0.0,0.0,0.0,0.0,2.0,0,1,12
163745,15,7,3,0,10,3,6,1,1,1,2,23,2,2,0.0,0.0,0.0,0.0,0.0,2.0,10,5,11
8591,16,2,3,9,6,3,2,2,0,1,1,26,2,4,1.0,0.0,0.0,0.0,1.0,1.0,10,6,1
153237,16,7,1,10,8,3,6,1,1,1,0,19,2,2,0.0,0.0,0.0,0.0,0.0,2.0,19,6,10
107633,16,2,3,0,6,3,0,1,0,1,2,6,2,3,1.0,0.0,0.0,1.0,0.0,2.0,10,2,8
134585,16,7,1,15,8,3,6,1,1,1,2,22,2,2,0.0,0.0,0.0,0.0,0.0,2.0,19,1,9
145461,15,2,0,0,8,3,0,1,1,1,1,5,2,2,0.0,0.0,0.0,0.0,0.0,2.0,23,4,10
174629,16,7,1,17,5,3,6,1,0,1,2,18,2,2,0.0,0.0,0.0,0.0,0.0,2.0,16,1,12
27348,4,2,2,7,8,3,0,1,0,1,2,9,2,2,0.0,0.0,0.0,0.0,0.0,1.0,6,5,2
177256,4,2,3,0,0,3,0,1,0,1,2,36,2,2,0.0,0.0,0.0,0.0,0.0,2.0,8,2,12
41050,15,2,1,0,8,3,0,1,0,1,2,12,2,2,0.0,0.0,0.0,0.0,0.0,2.0,21,5,3
65461,16,2,3,10,2,3,0,5,1,1,2,36,3,2,0.0,0.0,0.0,0.0,0.0,3.0,16,6,5
137023,17,11,5,0,6,3,5,5,1,1,2,5,2,2,0.0,0.0,0.0,0.0,0.0,2.0,12,1,9
35905,16,2,3,2,8,3,6,1,1,0,1,23,1,2,0.0,0.0,0.0,0.0,0.0,1.0,10,7,3
18846,15,2,3,17,10,3,0,1,1,1,0,23,2,2,0.0,0.0,0.0,0.0,0.0,2.0,13,7,2
67188,16,2,3,15,5,3,0,1,0,1,2,6,3,2,0.0,0.0,0.0,0.0,0.0,3.0,13,5,5
26237,4,2,4,10,3,3,0,1,0,1,2,19,2,2,0.0,0.0,0.0,0.0,0.0,2.0,17,1,2
9877,16,2,3,10,6,3,0,1,1,1,2,19,2,2,0.0,0.0,0.0,0.0,0.0,2.0,8,5,1
108296,15,2,3,17,8,3,0,1,0,1,2,18,2,2,0.0,0.0,0.0,0.0,0.0,3.0,17,5,8
103036,16,2,3,14,8,3,0,1,1,1,1,24,2,2,0.0,0.0,0.0,0.0,0.0,2.0,11,3,7
66600,15,2,4,0,8,3,5,5,1,1,1,18,2,2,0.0,0.0,0.0,0.0,0.0,5.0,19,3,5
48725,15,2,1,0,6,3,0,1,0,1,2,6,2,4,3.0,0.0,0.0,0.0,3.0,0.0,21,4,4
51428,16,2,3,17,6,3,0,1,0,1,2,6,2,2,0.0,0.0,0.0,0.0,0.0,3.0,9,4,4
37214,16,2,1,0,8,3,0,1,0,1,2,6,2,2,0.0,0.0,0.0,0.0,0.0,3.0,20,3,3
155238,15,2,3,17,8,3,0,1,1,1,1,24,2,2,0.0,0.0,0.0,0.0,0.0,3.0,9,4,10
119403,16,2,3,15,8,3,0,1,1,1,1,22,2,2,0.0,0.0,0.0,0.0,0.0,2.0,16,3,8
166241,4,2,1,9,8,3,0,1,0,1,0,36,2,3,1.0,0.0,0.0,1.0,0.0,1.0,19,6,11
63154,16,2,3,10,8,3,0,1,1,1,1,19,2,2,0.0,0.0,0.0,0.0,0.0,2.0,14,3,5
60576,16,2,2,10,3,3,0,3,1,1,1,33,2,2,0.0,0.0,0.0,0.0,0.0,2.0,10,4,5
138188,16,2,1,0,11,3,0,1,0,1,2,6,2,3,2.0,0.0,0.0,2.0,0.0,1.0,2,2,10
54862,4,7,1,0,6,3,6,1,1,1,2,36,2,2,0.0,0.0,0.0,0.0,0.0,2.0,18,5,4
27840,15,9,3,0,2,3,1,5,1,1,2,18,2,2,0.0,0.0,0.0,0.0,0.0,2.0,8,6,2
16466,16,10,3,7,3,3,4,1,1,1,2,39,2,2,0.0,0.0,0.0,0.0,0.0,2.0,11,1,2
34785,4,3,3,10,2,3,6,1,0,1,2,19,2,4,1.0,0.0,0.0,0.0,1.0,1.0,12,5,3
98569,15,2,3,17,15,3,0,1,1,1,2,18,2,2,0.0,0.0,0.0,0.0,0.0,2.0,11,5,7
167640,16,2,3,17,2,3,0,1,1,1,1,18,2,2,0.0,0.0,0.0,0.0,0.0,2.0,12,3,11
170671,16,2,1,15,8,3,0,1,1,1,2,22,2,2,0.0,0.0,0.0,0.0,0.0,2.0,17,3,11
119654,16,2,3,15,8,3,0,1,1,1,2,22,2,2,0.0,0.0,0.0,0.0,0.0,3.0,14,2,8
62811,15,7,1,0,6,3,6,1,0,1,2,18,2,2,0.0,0.0,0.0,0.0,0.0,3.0,21,5,5
160434,16,2,3,10,8,3,0,1,1,1,1,19,2,2,0.0,0.0,0.0,0.0,0.0,2.0,14,7,11
138585,15,2,1,17,8,3,0,1,1,1,2,18,3,2,0.0,0.0,0.0,0.0,0.0,3.0,0,1,10
21708,16,2,3,17,1,3,0,1,1,1,2,19,2,2,0.0,0.0,0.0,0.0,0.0,3.0,15,6,2
14477,16,2,1,10,6,3,0,1,1,1,2,19,2,2,0.0,0.0,0.0,0.0,0.0,2.0,0,1,1
166064,15,2,3,0,8,3,0,1,0,1,2,18,2,2,0.0,0.0,0.0,0.0,0.0,2.0,11,2,11
91475,4,2,3,0,11,3,0,1,0,1,2,36,2,2,0.0,0.0,0.0,0.0,0.0,2.0,14,1,7
32986,16,2,3,8,2,3,0,5,0,1,2,6,2,3,1.0,0.0,0.0,1.0,0.0,1.0,13,2,3
71486,16,2,3,17,6,3,0,1,0,1,2,36,2,2,0.0,0.0,0.0,0.0,0.0,3.0,16,2,5
77038,4,7,1,2,3,2,6,1,0,1,2,13,1,2,0.0,0.0,0.0,0.0,0.0,1.0,2,2,6
98791,16,2,1,0,2,3,6,1,0,1,2,17,2,3,1.0,0.0,0.0,1.0,0.0,1.0,3,1,7
49929,16,2,3,17,8,3,0,1,1,1,1,36,2,2,0.0,0.0,0.0,0.0,0.0,3.0,11,4,4
10846,16,2,2,17,8,3,1,5,0,1,2,24,2,2,0.0,0.0,0.0,0.0,0.0,3.0,6,7,1
23824,15,2,1,0,6,3,5,5,0,1,2,17,2,3,1.0,0.0,0.0,1.0,0.0,3.0,18,7,2
90400,16,2,3,10,8,3,6,1,1,1,1,19,2,2,0.0,0.0,0.0,0.0,0.0,5.0,15,5,7
94717,16,2,0,5,18,3,0,1,0,1,2,13,1,2,0.0,0.0,0.0,0.0,0.0,1.0,3,3,7
129496,16,7,1,10,2,3,6,1,1,1,1,36,2,2,0.0,0.0,0.0,0.0,0.0,2.0,1,7,9
31259,15,2,1,15,6,3,0,5,0,1,2,7,2,2,0.0,0.0,0.0,0.0,0.0,2.0,19,2,3
102168,15,2,1,8,10,3,0,1,0,1,2,36,2,3,1.0,0.0,0.0,1.0,0.0,1.0,20,5,7
177136,4,2,1,10,3,3,4,1,1,1,2,23,2,2,0.0,0.0,0.0,0.0,0.0,4.0,16,7,12
128141,15,2,3,17,2,3,0,1,0,1,2,18,2,3,1.0,0.0,0.0,1.0,0.0,2.0,8,4,9
91634,4,2,3,17,6,3,0,1,0,1,2,17,2,2,0.0,0.0,0.0,0.0,0.0,2.0,19,4,7
16866,16,2,1,10,3,3,0,1,0,1,1,17,2,4,1.0,0.0,0.0,0.0,1.0,2.0,23,1,2
51169,15,2,2,0,17,3,0,1,1,1,2,18,2,2,0.0,0.0,0.0,0.0,0.0,2.0,15,7,4
167659,15,2,3,0,2,3,0,1,0,1,2,18,2,2,0.0,0.0,0.0,0.0,0.0,2.0,16,4,11
85451,16,2,3,7,10,3,0,1,1,1,1,23,2,2,0.0,0.0,0.0,0.0,0.0,2.0,11,6,6
106016,17,2,3,7,10,3,0,1,1,1,2,36,2,2,0.0,0.0,0.0,0.0,0.0,2.0,15,6,8
79995,16,2,1,15,2,3,0,1,1,1,1,22,2,2,0.0,0.0,0.0,0.0,0.0,2.0,22,7,6
170742,16,10,2,15,2,3,4,1,1,1,1,23,2,2,0.0,0.0,0.0,0.0,0.0,3.0,6,4,11
178547,17,7,4,9,6,3,6,1,1,1,0,36,2,2,0.0,0.0,0.0,0.0,0.0,2.0,19,7,12
139813,16,7,2,10,6,3,6,1,0,1,2,17,3,4,1.0,0.0,0.0,0.0,1.0,2.0,6,6,10
10468,17,2,1,2,19,3,0,1,0,1,2,36,1,3,1.0,0.0,0.0,1.0,0.0,0.0,4,1,1
24059,16,7,1,10,2,3,6,1,1,1,2,36,3,2,0.0,0.0,0.0,0.0,0.0,4.0,21,3,2
179476,15,2,1,0,8,3,0,1,1,1,2,18,2,2,0.0,0.0,0.0,0.0,0.0,3.0,17,4,12
54087,4,2,3,17,8,3,0,1,0,1,2,26,2,4,1.0,0.0,0.0,0.0,1.0,1.0,11,6,4
22557,16,2,3,15,10,3,0,5,1,1,2,36,2,2,0.0,0.0,0.0,0.0,0.0,2.0,14,6,2
135449,15,2,3,10,8,3,0,1,1,1,0,19,2,2,0.0,0.0,0.0,0.0,0.0,2.0,7,5,9
93937,16,2,3,10,6,3,0,1,1,1,2,36,2,2,0.0,0.0,0.0,0.0,0.0,2.0,8,6,7
90100,16,2,3,17,8,3,0,1,1,1,1,38,2,2,0.0,0.0,0.0,0.0,0.0,2.0,14,2,7
126457,15,7,1,2,15,3,6,1,0,1,2,39,2,3,2.0,0.0,0.0,2.0,0.0,4.0,4,2,9
99354,16,2,3,10,8,3,0,1,1,1,2,19,2,2,0.0,0.0,0.0,0.0,0.0,2.0,18,3,7
38604,16,2,3,15,2,3,0,1,1,1,2,24,2,2,0.0,0.0,0.0,0.0,0.0,2.0,11,7,3
20587,16,2,3,17,11,5,0,1,1,1,1,6,2,2,0.0,0.0,0.0,0.0,0.0,2.0,9,2,2
101677,16,2,3,17,6,3,0,1,1,1,1,18,2,2,0.0,0.0,0.0,0.0,0.0,2.0,1,5,7
170592,16,2,3,15,8,3,0,1,0,1,2,22,2,4,1.0,0.0,0.0,0.0,1.0,5.0,20,4,11
37993,4,3,3,0,8,3,0,1,1,1,0,18,2,2,0.0,0.0,0.0,0.0,0.0,4.0,8,3,3
27306,16,2,1,17,8,3,0,1,0,1,2,18,2,4,1.0,0.0,0.0,0.0,1.0,1.0,20,4,2
172268,16,7,0,17,8,3,6,5,1,1,2,36,2,2,0.0,0.0,0.0,0.0,0.0,2.0,16,7,12
45097,17,2,4,10,10,3,0,1,0,1,2,17,2,2,0.0,0.0,0.0,0.0,0.0,2.0,18,3,4
75737,15,2,3,10,8,3,0,1,0,1,2,19,2,3,1.0,0.0,0.0,1.0,0.0,1.0,11,2,6
158453,16,2,1,0,18,3,0,1,0,1,2,6,2,2,0.0,0.0,0.0,0.0,0.0,3.0,23,7,11
115230,16,2,3,17,6,3,0,1,1,1,2,36,2,2,0.0,0.0,0.0,0.0,0.0,2.0,16,5,8
72835,16,2,3,17,8,3,0,1,1,1,2,24,2,2,0.0,0.0,0.0,0.0,0.0,4.0,20,6,6
67633,15,7,3,0,8,3,6,1,1,1,2,18,2,2,0.0,0.0,0.0,0.0,0.0,2.0,6,4,5
166383,4,11,5,17,2,3,5,5,1,1,2,36,2,2,0.0,0.0,0.0,0.0,0.0,2.0,22,1,11
147364,16,2,3,0,15,3,0,1,0,1,2,6,3,4,1.0,0.0,0.0,0.0,1.0,2.0,14,5,10
36690,16,3,3,10,6,3,0,1,1,1,1,19,2,2,0.0,0.0,0.0,0.0,0.0,2.0,12,2,3
14799,16,2,1,10,6,3,0,1,1,1,1,23,3,2,0.0,0.0,0.0,0.0,0.0,4.0,18,6,1
140114,16,2,3,17,8,3,0,5,0,1,2,22,2,3,2.0,0.0,0.0,2.0,0.0,3.0,15,2,10
73500,16,2,1,10,8,3,0,1,0,1,2,17,2,2,0.0,0.0,0.0,0.0,0.0,3.0,21,3,6
171414,16,2,3,0,6,3,0,1,1,1,2,6,2,2,0.0,0.0,0.0,0.0,0.0,2.0,14,3,11
165797,16,2,3,17,6,3,0,1,0,1,2,6,2,3,1.0,0.0,0.0,1.0,0.0,1.0,8,7,11
37257,16,2,3,15,10,3,6,1,1,1,2,12,2,2,0.0,0.0,0.0,0.0,0.0,2.0,17,4,3
122931,4,2,3,17,1,3,0,1,1,1,1,22,2,2,0.0,0.0,0.0,0.0,0.0,4.0,18,5,9
131697,15,2,3,17,6,3,0,1,0,1,2,5,2,1,2.0,0.0,2.0,0.0,0.0,1.0,7,4,9
159778,15,2,3,17,8,3,0,5,1,1,1,36,2,2,0.0,0.0,0.0,0.0,0.0,5.0,8,4,11
27816,16,2,3,10,8,3,0,1,0,1,1,17,2,2,0.0,0.0,0.0,0.0,0.0,2.0,16,6,2
148817,16,2,3,10,8,3,0,1,0,1,2,13,2,2,0.0,0.0,0.0,0.0,0.0,3.0,10,1,10
48150,4,7,3,15,10,3,6,1,0,1,2,36,4,2,0.0,0.0,0.0,0.0,0.0,7.0,10,7,4
41306,16,2,3,10,8,3,0,1,1,1,1,19,2,2,0.0,0.0,0.0,0.0,0.0,2.0,12,4,3
157092,2,2,3,11,8,3,0,1,1,1,1,36,2,2,0.0,0.0,0.0,0.0,0.0,3.0,13,3,11
144726,16,2,3,17,2,3,0,5,1,1,2,19,2,2,0.0,0.0,0.0,0.0,0.0,4.0,16,7,10
87133,16,2,3,0,6,3,0,1,1,1,2,24,2,2,0.0,0.0,0.0,0.0,0.0,2.0,18,5,6
183697,16,2,1,2,10,3,0,1,1,1,2,3,1,2,0.0,0.0,0.0,0.0,0.0,1.0,15,6,12
167336,16,2,1,0,6,3,0,1,0,1,2,6,2,2,0.0,0.0,0.0,0.0,0.0,2.0,17,1,11
115650,4,2,3,10,8,3,5,5,1,1,2,19,2,2,0.0,0.0,0.0,0.0,0.0,2.0,12,4,8
66339,15,2,0,11,8,3,0,5,1,0,2,36,2,2,0.0,0.0,0.0,0.0,0.0,2.0,22,6,5
112174,16,2,1,17,5,3,0,1,0,1,2,24,2,2,0.0,0.0,0.0,0.0,0.0,3.0,20,1,8
111008,15,2,3,0,6,3,0,1,0,1,2,18,2,3,1.0,0.0,0.0,1.0,0.0,1.0,16,4,8
100085,16,2,3,8,15,3,0,1,0,1,0,18,2,3,1.0,0.0,0.0,1.0,0.0,1.0,10,1,7
7923,17,11,5,15,10,3,5,5,1,1,2,36,2,2,0.0,0.0,0.0,0.0,0.0,3.0,16,2,1
58278,16,2,3,10,15,3,0,5,1,1,1,36,2,2,0.0,0.0,0.0,0.0,0.0,2.0,6,5,5
160591,15,3,3,0,2,3,0,1,0,1,2,18,2,2,0.0,0.0,0.0,0.0,0.0,2.0,10,3,11
27575,15,2,3,0,6,3,0,1,1,1,2,36,2,2,0.0,0.0,0.0,0.0,0.0,3.0,16,3,2
22122,15,2,3,0,8,3,0,1,0,1,1,18,2,4,3.0,0.0,0.0,0.0,3.0,1.0,15,6,2
54933,16,2,3,9,6,3,0,1,0,1,2,18,2,4,1.0,0.0,0.0,0.0,1.0,1.0,10,6,4
78646,16,3,3,17,3,3,0,1,1,1,2,18,2,2,0.0,0.0,0.0,0.0,0.0,2.0,10,3,6
98283,16,7,3,0,8,3,6,5,0,1,1,16,2,3,1.0,0.0,0.0,1.0,0.0,2.0,9,7,7
58205,16,2,3,15,6,3,0,1,1,1,1,22,2,2,0.0,0.0,0.0,0.0,0.0,2.0,19,4,5
27087,15,2,4,0,6,3,0,1,0,1,2,5,3,4,1.0,0.0,0.0,0.0,1.0,2.0,17,1,2
5040,16,2,1,10,8,3,0,1,1,1,1,19,2,2,0.0,0.0,0.0,0.0,0.0,4.0,19,6,1
166965,15,5,1,17,8,3,6,1,1,1,2,18,2,2,0.0,0.0,0.0,0.0,0.0,2.0,20,4,11
121447,16,2,3,15,6,3,0,1,1,1,0,36,2,2,0.0,0.0,0.0,0.0,0.0,2.0,17,6,9
127711,16,2,1,2,6,3,0,1,0,1,2,36,1,1,1.0,0.0,1.0,0.0,0.0,2.0,20,6,9
88030,16,2,1,17,6,3,0,1,1,1,1,24,2,2,0.0,0.0,0.0,0.0,0.0,4.0,0,4,7
25352,16,7,3,10,2,3,6,1,1,1,2,17,2,2,0.0,0.0,0.0,0.0,0.0,2.0,16,7,2
85665,16,2,3,17,17,3,0,1,1,1,2,12,2,2,0.0,0.0,0.0,0.0,0.0,2.0,11,2,6
50934,16,2,3,10,2,3,0,5,0,1,2,19,2,3,2.0,0.0,0.0,2.0,0.0,1.0,16,2,4
168041,16,2,0,17,15,3,0,1,0,1,2,36,2,3,5.0,0.0,0.0,5.0,0.0,0.0,21,4,11
7620,15,2,1,9,8,3,6,1,0,1,0,18,2,1,1.0,0.0,1.0,0.0,0.0,2.0,18,3,1
81896,16,2,3,0,3,3,0,1,0,1,2,17,2,2,0.0,0.0,0.0,0.0,0.0,2.0,6,1,6
165171,15,2,3,17,8,3,0,1,1,1,2,18,2,2,0.0,0.0,0.0,0.0,0.0,2.0,14,6,11
25613,15,4,3,0,6,3,6,1,0,1,2,18,2,2,0.0,0.0,0.0,0.0,0.0,2.0,9,5,2
15394,16,7,0,10,8,3,6,1,1,1,1,6,2,2,0.0,0.0,0.0,0.0,0.0,2.0,20,3,2
95168,16,2,3,10,2,3,5,5,0,1,2,17,2,2,0.0,0.0,0.0,0.0,0.0,2.0,13,4,7
73880,16,2,1,15,11,3,0,1,0,1,2,30,2,1,1.0,0.0,1.0,0.0,0.0,1.0,2,2,6
91506,16,2,2,9,8,3,0,1,0,1,2,36,2,1,1.0,0.0,1.0,0.0,0.0,1.0,19,1,7
132862,4,2,3,17,17,3,0,1,1,1,2,36,2,2,0.0,0.0,0.0,0.0,0.0,2.0,12,5,9
25767,16,2,1,10,1,3,0,1,1,1,2,15,2,2,0.0,0.0,0.0,0.0,0.0,2.0,2,7,2
31921,4,2,3,17,8,3,0,1,1,1,1,18,2,2,0.0,0.0,0.0,0.0,0.0,5.0,13,5,3
123156,4,2,3,10,6,3,0,1,1,1,1,21,2,2,0.0,0.0,0.0,0.0,0.0,2.0,15,3,9
93240,16,2,1,10,6,3,0,1,0,1,2,36,3,3,4.0,0.0,0.0,4.0,0.0,2.0,20,1,7
116129,15,2,3,17,2,3,0,1,1,1,2,17,2,2,0.0,0.0,0.0,0.0,0.0,2.0,12,6,8
129458,16,2,1,9,8,3,0,1,1,1,0,26,2,2,0.0,0.0,0.0,0.0,0.0,2.0,22,2,9
126065,15,2,2,17,10,3,0,1,1,1,1,17,2,2,0.0,0.0,0.0,0.0,0.0,2.0,5,2,9
178541,16,7,1,0,6,3,6,1,0,1,2,17,2,3,1.0,0.0,0.0,1.0,0.0,1.0,18,7,12
160204,16,2,1,17,8,3,0,1,1,1,2,18,2,2,0.0,0.0,0.0,0.0,0.0,2.0,5,6,11
95869,16,2,3,10,6,3,5,5,1,1,2,36,2,2,0.0,0.0,0.0,0.0,0.0,2.0,9,7,7
71390,16,2,3,0,2,3,0,1,0,1,2,6,2,2,0.0,0.0,0.0,0.0,0.0,2.0,11,6,5
23794,15,2,1,0,8,3,4,5,1,1,1,39,2,2,0.0,0.0,0.0,0.0,0.0,2.0,23,6,2
136628,16,2,3,17,3,3,0,1,1,1,2,36,2,2,0.0,0.0,0.0,0.0,0.0,3.0,8,7,9
15133,16,2,1,9,2,3,0,1,1,1,0,18,2,2,0.0,0.0,0.0,0.0,0.0,2.0,20,5,2
137297,16,2,1,2,8,3,0,1,0,1,2,13,1,2,0.0,0.0,0.0,0.0,0.0,2.0,3,5,9
10466,16,2,1,0,6,3,0,1,0,1,2,18,2,2,0.0,0.0,0.0,0.0,0.0,3.0,3,1,1
129369,15,2,3,0,6,3,0,1,0,1,2,18,2,2,0.0,0.0,0.0,0.0,0.0,3.0,16,7,9
20995,16,2,3,0,6,3,0,1,0,1,2,36,2,4,1.0,0.0,0.0,0.0,1.0,1.0,10,2,2
172095,16,2,1,17,6,3,0,1,0,1,2,22,2,2,0.0,0.0,0.0,0.0,0.0,4.0,3,7,11
165340,4,2,3,7,10,3,0,1,1,1,0,19,2,2,0.0,0.0,0.0,0.0,0.0,1.0,8,6,11