crash_date,               traffic_control_device,weather_condition,lighting_condition,first_crash_type,trafficway_type,alignment,roadway_surface_cond,road_defect,crash_type,intersection_related_i,damage,prim_contributory_cause,num_units,most_severe_injury,injuries_total,injuries_fatal,injuries_incapacitating,injuries_non_incapacitating,injuries_reported_not_evident,injuries_no_indication,crash_hour,crash_day_of_week,crash_month
48847,16,2,3,10,8,3,0,1,1,1,2,19,2,2,0.0,0.0,0.0,0.0,0.0,3.0,13,7,4
89096,15,2,3,10,8,3,0,1,1,1,2,19,2,2,0.0,0.0,0.0,0.0,0.0,5.0,18,7,7
171233,16,2,1,17,1,3,6,1,1,1,1,36,2,2,0.0,0.0,0.0,0.0,0.0,2.0,18,5,11
31469,15,2,3,17,1,3,0,1,1,1,1,18,2,2,0.0,0.0,0.0,0.0,0.0,2.0,17,5,3
45182,15,2,3,9,6,3,6,1,0,1,0,18,2,3,1.0,0.0,0.0,1.0,0.0,1.0,15,5,4
27733,16,2,3,17,8,3,0,1,1,1,1,24,2,2,0.0,0.0,0.0,0.0,0.0,2.0,13,5,2
49791,16,2,1,15,8,3,0,1,0,1,2,36,3,3,2.0,0.0,0.0,1.0,1.0,4.0,19,4,4
152608,15,2,3,8,6,3,0,1,0,1,1,18,2,3,1.0,0.0,0.0,1.0,0.0,1.0,8,4,10
16319,16,2,3,2,9,3,0,1,0,1,2,36,1,2,0.0,0.0,0.0,0.0,0.0,1.0,8,6,2
71541,16,2,3,10,3,3,0,1,1,1,0,6,2,2,0.0,0.0,0.0,0.0,0.0,2.0,15,3,5
182646,16,2,4,15,8,3,0,1,1,1,2,23,2,2,0.0,0.0,0.0,0.0,0.0,2.0,16,5,12
59105,16,2,3,10,2,3,0,1,0,1,2,17,3,4,2.0,0.0,0.0,0.0,2.0,1.0,16,3,5
20714,15,2,3,0,2,3,6,1,1,1,2,18,2,2,0.0,0.0,0.0,0.0,0.0,2.0,8,4,2
164738,16,2,3,9,8,3,0,1,1,1,0,18,2,2,0.0,0.0,0.0,0.0,0.0,2.0,14,5,11
148198,4,2,3,17,10,3,0,1,1,1,1,18,2,2,0.0,0.0,0.0,0.0,0.0,4.0,16,7,10
75903,15,2,3,0,8,3,0,1,1,1,2,18,2,2,0.0,0.0,0.0,0.0,0.0,2.0,16,5,6
185005,16,2,1,17,1,3,0,1,0,1,2,36,2,4,1.0,0.0,0.0,0.0,1.0,1.0,18,5,12
169742,16,10,3,0,2,3,4,1,0,1,2,6,2,3,2.0,0.0,0.0,2.0,0.0,0.0,10,2,11
50816,4,2,3,10,11,3,0,1,1,1,2,26,2,2,0.0,0.0,0.0,0.0,0.0,2.0,8,6,4
17584,16,10,0,17,2,3,4,1,1,1,1,36,2,2,0.0,0.0,0.0,0.0,0.0,2.0,19,7,2
163565,16,7,1,2,8,3,6,1,0,1,2,36,1,4,1.0,0.0,0.0,0.0,1.0,0.0,0,5,11
30623,16,2,3,17,2,3,0,1,1,1,2,24,2,2,0.0,0.0,0.0,0.0,0.0,2.0,15,4,3
36143,6,2,3,17,8,3,0,1,1,1,2,36,2,2,0.0,0.0,0.0,0.0,0.0,4.0,17,6,3
137345,4,2,3,17,8,3,0,1,1,1,2,18,2,2,0.0,0.0,0.0,0.0,0.0,6.0,11,5,9
84460,4,7,3,10,2,3,6,1,1,1,2,19,2,2,0.0,0.0,0.0,0.0,0.0,2.0,16,5,6
99320,15,2,3,0,8,3,0,1,1,1,2,36,2,2,0.0,0.0,0.0,0.0,0.0,2.0,11,2,7
17907,4,7,2,0,2,3,6,1,0,1,2,18,2,4,1.0,0.0,0.0,0.0,1.0,1.0,15,5,2
62037,15,2,3,0,6,3,0,1,0,1,2,18,2,4,1.0,0.0,0.0,0.0,1.0,1.0,9,1,5
116502,16,2,3,10,6,3,0,1,1,1,2,19,2,2,0.0,0.0,0.0,0.0,0.0,2.0,19,4,8
118611,16,2,3,15,6,3,0,1,1,1,1,23,2,2,0.0,0.0,0.0,0.0,0.0,3.0,13,1,8
116263,16,7,3,0,8,3,6,1,0,1,2,36,2,2,0.0,0.0,0.0,0.0,0.0,3.0,11,6,8
146474,16,2,4,8,8,3,0,1,1,1,0,18,2,2,0.0,0.0,0.0,0.0,0.0,2.0,18,3,10
156974,16,2,3,15,8,3,0,1,1,1,1,36,2,2,0.0,0.0,0.0,0.0,0.0,2.0,12,6,11
177057,16,2,4,17,8,3,0,1,0,1,2,36,3,2,0.0,0.0,0.0,0.0,0.0,3.0,17,2,12
121226,15,2,1,17,2,3,0,1,1,1,2,17,2,2,0.0,0.0,0.0,0.0,0.0,2.0,22,1,9
126653,16,2,3,10,1,3,0,1,0,1,2,19,2,2,0.0,0.0,0.0,0.0,0.0,2.0,9,3,9
98869,16,2,4,17,8,3,0,1,1,1,2,18,2,2,0.0,0.0,0.0,0.0,0.0,2.0,19,2,7
35336,4,2,3,17,11,3,0,1,1,1,0,12,2,2,0.0,0.0,0.0,0.0,0.0,2.0,9,5,3
59601,15,2,3,0,2,3,0,1,0,1,2,18,2,2,0.0,0.0,0.0,0.0,0.0,3.0,12,3,5
3398,16,7,1,9,2,3,6,1,0,1,0,18,3,1,2.0,0.0,1.0,1.0,0.0,1.0,18,6,1
69359,15,2,4,0,8,3,0,1,1,1,0,12,2,2,0.0,0.0,0.0,0.0,0.0,2.0,19,4,5
137876,16,2,3,10,2,3,0,6,1,1,1,23,2,2,0.0,0.0,0.0,0.0,0.0,2.0,15,6,10
72858,4,2,3,0,10,3,0,1,1,1,2,18,2,2,0.0,0.0,0.0,0.0,0.0,2.0,18,7,6
100063,16,7,1,17,6,3,6,1,0,1,2,6,2,3,1.0,0.0,0.0,1.0,0.0,2.0,5,1,7
164264,15,2,3,0,2,3,0,1,0,1,2,18,2,3,2.0,0.0,0.0,2.0,0.0,3.0,7,5,11
97571,16,2,3,0,6,3,0,1,0,1,2,8,2,2,0.0,0.0,0.0,0.0,0.0,2.0,11,4,7
166130,16,7,1,15,8,3,6,1,1,1,0,36,2,2,0.0,0.0,0.0,0.0,0.0,2.0,19,3,11
46129,16,2,3,2,2,3,0,1,0,1,2,36,1,2,0.0,0.0,0.0,0.0,0.0,1.0,9,7,4
42445,16,2,3,10,2,4,0,1,1,1,2,36,3,2,0.0,0.0,0.0,0.0,0.0,2.0,8,4,4
181771,16,2,3,15,8,3,0,1,0,1,2,36,2,3,1.0,0.0,0.0,1.0,0.0,3.0,12,1,12
61714,16,7,1,17,6,3,6,1,1,1,2,39,4,2,0.0,0.0,0.0,0.0,0.0,2.0,19,1,5
28203,15,2,2,17,6,3,0,1,1,1,2,18,2,2,0.0,0.0,0.0,0.0,0.0,3.0,7,5,2
112560,16,2,3,15,10,3,5,5,1,1,2,36,2,2,0.0,0.0,0.0,0.0,0.0,2.0,17,6,8
10585,16,7,3,15,10,3,6,1,1,1,2,18,2,2,0.0,0.0,0.0,0.0,0.0,2.0,8,2,1
152736,16,2,1,17,6,3,0,1,0,1,2,18,2,2,0.0,0.0,0.0,0.0,0.0,3.0,19,7,10
134305,16,2,3,15,6,3,0,1,1,1,1,23,2,2,0.0,0.0,0.0,0.0,0.0,2.0,14,4,9
86473,16,7,1,0,6,3,6,1,0,1,2,6,2,2,0.0,0.0,0.0,0.0,0.0,2.0,1,2,6
162654,15,2,3,10,6,3,0,1,1,1,2,19,2,2,0.0,0.0,0.0,0.0,0.0,3.0,7,4,11
101250,16,2,0,17,3,3,0,1,1,1,1,24,2,2,0.0,0.0,0.0,0.0,0.0,3.0,22,4,7
26656,15,2,3,0,2,3,0,1,0,1,2,18,2,4,2.0,0.0,0.0,0.0,2.0,1.0,11,1,2
21357,16,2,1,10,10,3,0,1,1,1,1,21,2,2,0.0,0.0,0.0,0.0,0.0,2.0,23,6,2
64060,16,2,3,10,8,3,0,1,0,1,2,4,3,4,1.0,0.0,0.0,0.0,1.0,4.0,10,5,5
84485,4,2,3,0,2,3,0,1,1,0,2,18,2,2,0.0,0.0,0.0,0.0,0.0,2.0,11,5,6
58884,16,2,1,17,2,3,0,5,0,1,2,36,2,2,0.0,0.0,0.0,0.0,0.0,2.0,20,7,5
68260,16,2,3,0,8,3,0,1,1,1,2,18,2,2,0.0,0.0,0.0,0.0,0.0,5.0,13,7,5
161179,15,2,3,0,2,3,0,1,1,1,2,18,2,2,0.0,0.0,0.0,0.0,0.0,2.0,6,5,11
70643,16,2,1,17,5,3,0,1,0,1,2,24,2,2,0.0,0.0,0.0,0.0,0.0,2.0,0,4,5
25806,16,7,0,17,3,3,6,1,1,1,1,24,2,2,0.0,0.0,0.0,0.0,0.0,2.0,21,7,2
146372,15,2,1,10,8,3,0,1,1,1,2,19,2,2,0.0,0.0,0.0,0.0,0.0,2.0,23,6,10
178635,15,2,3,17,2,3,0,1,1,1,2,18,2,2,0.0,0.0,0.0,0.0,0.0,2.0,9,1,12
127703,16,2,4,15,2,3,0,5,1,1,2,36,2,2,0.0,0.0,0.0,0.0,0.0,2.0,19,6,9
105993,16,2,1,0,6,3,0,1,0,1,2,6,2,2,0.0,0.0,0.0,0.0,0.0,4.0,0,5,8
148321,16,2,3,10,8,3,0,1,0,1,2,36,2,4,1.0,0.0,0.0,0.0,1.0,1.0,15,3,10
187914,15,7,1,0,6,3,6,1,0,1,2,18,2,2,0.0,0.0,0.0,0.0,0.0,3.0,22,5,12
111171,15,2,3,8,6,3,0,1,0,1,1,5,2,3,1.0,0.0,0.0,1.0,0.0,1.0,15,7,8
178202,15,2,3,0,6,3,0,1,1,1,2,26,2,2,0.0,0.0,0.0,0.0,0.0,2.0,14,4,12
19648,4,2,3,10,19,3,0,1,1,1,1,19,2,2,0.0,0.0,0.0,0.0,0.0,2.0,11,7,2
104780,15,2,3,9,6,3,0,1,0,1,2,18,2,3,1.0,0.0,0.0,1.0,0.0,1.0,9,1,8
177872,15,2,1,17,8,3,0,1,1,1,2,36,2,2,0.0,0.0,0.0,0.0,0.0,3.0,17,4,12
35184,16,2,3,10,8,3,0,1,0,1,2,19,2,3,1.0,0.0,0.0,1.0,0.0,3.0,16,4,3
69120,16,2,1,0,6,3,0,1,0,1,2,6,2,1,1.0,0.0,1.0,0.0,0.0,2.0,4,1,5
39261,16,2,3,5,8,3,0,5,0,1,2,36,1,2,0.0,0.0,0.0,0.0,0.0,2.0,15,1,3
51730,16,2,1,17,6,3,0,1,0,1,2,6,2,2,0.0,0.0,0.0,0.0,0.0,4.0,1,2,4
6308,15,2,3,10,10,3,0,5,0,1,2,28,3,3,1.0,0.0,0.0,1.0,0.0,2.0,15,6,1
72265,16,7,0,17,8,3,6,5,1,1,2,26,2,2,0.0,0.0,0.0,0.0,0.0,4.0,21,7,6
85708,16,2,3,17,19,3,0,1,1,1,1,36,2,2,0.0,0.0,0.0,0.0,0.0,2.0,8,4,6
63374,16,2,4,15,2,3,0,1,1,1,0,28,2,2,0.0,0.0,0.0,0.0,0.0,3.0,17,7,5
6861,16,2,1,10,2,3,0,1,0,1,2,17,2,3,4.0,0.0,0.0,4.0,0.0,1.0,3,7,1
50566,4,2,3,7,6,3,0,1,1,0,1,36,2,2,0.0,0.0,0.0,0.0,0.0,1.0,8,3,4
39990,16,2,1,2,10,3,6,1,1,1,2,36,1,2,0.0,0.0,0.0,0.0,0.0,1.0,4,7,3
186321,4,3,3,0,8,3,0,1,0,1,2,36,2,2,0.0,0.0,0.0,0.0,0.0,2.0,14,2,12
22834,16,10,4,10,2,3,4,2,1,1,1,39,2,2,0.0,0.0,0.0,0.0,0.0,2.0,18,5,2
102692,15,2,3,15,3,3,0,1,1,1,2,36,2,2,0.0,0.0,0.0,0.0,0.0,2.0,15,6,7
188678,16,7,1,2,8,3,6,5,0,1,2,36,1,3,1.0,0.0,0.0,1.0,0.0,0.0,18,2,12
69742,16,2,0,17,10,3,0,1,0,1,2,18,2,2,0.0,0.0,0.0,0.0,0.0,2.0,0,2,5
160418,16,7,3,0,8,3,6,1,1,1,2,6,2,2,0.0,0.0,0.0,0.0,0.0,2.0,11,6,11
131014,16,2,3,17,2,3,0,1,1,1,2,36,2,2,0.0,0.0,0.0,0.0,0.0,3.0,15,2,9
119296,16,2,3,17,6,3,0,1,1,1,1,18,2,2,0.0,0.0,0.0,0.0,0.0,2.0,8,3,8
73530,16,2,3,15,2,3,0,1,1,0,2,36,2,2,0.0,0.0,0.0,0.0,0.0,2.0,13,5,6
68273,16,2,3,8,6,3,0,1,1,1,0,18,2,2,0.0,0.0,0.0,0.0,0.0,2.0,18,7,5
78832,16,2,1,17,8,3,0,1,1,1,2,23,2,2,0.0,0.0,0.0,0.0,0.0,2.0,19,5,6
112268,16,2,3,15,8,3,0,1,1,1,0,36,2,2,0.0,0.0,0.0,0.0,0.0,2.0,16,3,8
178118,16,2,3,15,3,3,0,1,1,1,1,22,2,2,0.0,0.0,0.0,0.0,0.0,4.0,9,1,12
169261,16,2,1,10,3,4,0,1,1,1,2,9,2,2,0.0,0.0,0.0,0.0,0.0,2.0,0,1,11
117977,4,2,3,10,8,3,0,1,1,1,2,19,2,2,0.0,0.0,0.0,0.0,0.0,3.0,15,6,8
14114,4,10,1,2,3,2,4,1,0,1,2,36,1,2,0.0,0.0,0.0,0.0,0.0,1.0,0,1,1
114329,17,11,1,3,6,3,5,5,1,1,2,36,2,2,0.0,0.0,0.0,0.0,0.0,3.0,20,6,8
114799,16,2,3,10,3,2,0,1,1,1,2,36,2,2,0.0,0.0,0.0,0.0,0.0,2.0,7,6,8
91084,15,2,3,10,8,3,0,1,1,1,2,17,2,2,0.0,0.0,0.0,0.0,0.0,2.0,13,3,7
174107,16,2,3,17,8,3,0,1,1,1,2,36,2,2,0.0,0.0,0.0,0.0,0.0,3.0,14,1,12
43813,16,2,1,10,2,3,0,1,1,1,2,36,2,2,0.0,0.0,0.0,0.0,0.0,2.0,0,5,4
57758,16,2,3,0,2,4,0,6,1,1,2,6,2,2,0.0,0.0,0.0,0.0,0.0,3.0,19,4,5
16311,4,2,1,17,11,3,0,1,0,1,2,26,2,2,0.0,0.0,0.0,0.0,0.0,2.0,19,6,2
174348,4,2,0,9,8,3,0,1,0,1,0,36,2,3,1.0,0.0,0.0,1.0,0.0,1.0,17,3,12
12743,4,3,3,17,10,3,4,5,0,1,2,18,2,2,0.0,0.0,0.0,0.0,0.0,3.0,15,5,1
118123,16,2,3,0,6,3,0,1,0,1,1,6,2,4,1.0,0.0,0.0,0.0,1.0,2.0,15,1,8
183613,16,2,1,15,2,3,5,5,1,1,2,26,2,2,0.0,0.0,0.0,0.0,0.0,2.0,18,4,12
69161,16,2,1,17,6,3,0,1,1,1,0,36,2,2,0.0,0.0,0.0,0.0,0.0,2.0,0,1,5
138268,16,2,1,15,8,3,0,1,1,1,1,36,2,2,0.0,0.0,0.0,0.0,0.0,2.0,18,3,10
16987,16,7,1,9,11,3,6,1,0,1,0,36,2,3,1.0,0.0,0.0,1.0,0.0,2.0,21,3,2
148229,4,2,1,0,15,3,0,1,0,1,2,36,2,3,4.0,0.0,0.0,4.0,0.0,0.0,22,7,10
105271,16,3,3,10,2,3,0,1,1,1,2,36,2,2,0.0,0.0,0.0,0.0,0.0,3.0,13,2,8
135374,4,2,3,10,2,3,0,5,1,1,1,36,2,2,0.0,0.0,0.0,0.0,0.0,2.0,15,4,9
138719,16,2,3,10,8,3,5,5,1,1,2,19,2,2,0.0,0.0,0.0,0.0,0.0,2.0,10,4,10
18480,15,2,1,17,6,3,0,1,1,1,0,5,2,2,0.0,0.0,0.0,0.0,0.0,2.0,18,7,2
162074,4,2,3,7,8,3,1,2,1,1,1,39,2,2,0.0,0.0,0.0,0.0,0.0,1.0,10,3,11
171943,16,2,1,10,8,3,0,1,1,1,2,19,2,2,0.0,0.0,0.0,0.0,0.0,2.0,23,3,11
30733,4,2,1,7,8,3,0,1,0,0,2,36,5,2,0.0,0.0,0.0,0.0,0.0,2.0,1,7,3
156277,16,2,3,10,2,3,0,1,0,1,2,19,2,2,0.0,0.0,0.0,0.0,0.0,2.0,8,2,11
75739,16,2,3,15,8,3,0,1,0,0,2,36,3,2,0.0,0.0,0.0,0.0,0.0,3.0,11,2,6
158145,4,7,1,17,8,3,6,1,0,1,1,36,2,2,0.0,0.0,0.0,0.0,0.0,4.0,18,2,11
160800,15,2,3,10,10,3,0,1,1,1,1,19,2,2,0.0,0.0,0.0,0.0,0.0,2.0,7,3,11
26046,16,2,3,0,8,3,0,1,1,1,2,18,2,2,0.0,0.0,0.0,0.0,0.0,3.0,16,6,2
7718,4,4,2,10,8,3,6,1,0,0,2,19,2,2,0.0,0.0,0.0,0.0,0.0,2.0,9,4,1
17745,4,2,1,17,6,3,0,1,0,1,2,36,2,2,0.0,0.0,0.0,0.0,0.0,2.0,1,3,2
23230,15,11,3,0,8,3,5,5,1,1,1,36,2,2,0.0,0.0,0.0,0.0,0.0,2.0,9,3,2
185013,16,2,3,0,6,3,0,5,0,1,2,6,4,3,1.0,0.0,0.0,1.0,0.0,3.0,10,5,12
66031,16,2,3,3,15,3,0,1,0,1,2,36,3,3,4.0,0.0,0.0,4.0,0.0,0.0,6,2,5
92783,4,2,3,6,3,3,0,1,0,1,2,36,2,3,2.0,0.0,0.0,2.0,0.0,1.0,19,1,7
26501,16,2,1,15,18,3,4,1,1,1,2,36,2,2,0.0,0.0,0.0,0.0,0.0,2.0,20,6,2
46004,16,2,3,10,2,3,0,1,0,1,2,36,2,2,0.0,0.0,0.0,0.0,0.0,2.0,18,5,4
99799,15,2,3,10,2,3,0,1,1,1,2,19,2,2,0.0,0.0,0.0,0.0,0.0,2.0,7,3,7
56215,16,2,3,0,8,3,0,1,1,1,1,18,2,2,0.0,0.0,0.0,0.0,0.0,2.0,7,6,5
77990,4,2,3,8,2,3,0,1,0,1,2,36,2,3,1.0,0.0,0.0,1.0,0.0,1.0,16,1,6
115301,16,2,3,0,6,3,0,1,0,1,2,6,2,3,2.0,0.0,0.0,2.0,0.0,0.0,16,7,8
136343,16,2,1,0,6,3,0,1,0,1,2,6,2,2,0.0,0.0,0.0,0.0,0.0,3.0,22,4,9
174906,4,2,3,15,2,3,0,1,1,0,1,36,2,2,0.0,0.0,0.0,0.0,0.0,2.0,13,3,12
40947,16,2,3,0,6,3,0,1,0,1,2,6,2,2,0.0,0.0,0.0,0.0,0.0,2.0,16,5,3
103350,16,2,3,0,6,3,0,1,0,1,2,36,2,4,1.0,0.0,0.0,0.0,1.0,1.0,14,3,7
31189,15,2,1,17,6,3,0,1,0,1,2,36,3,2,0.0,0.0,0.0,0.0,0.0,2.0,22,7,3
103601,17,2,3,10,8,3,0,5,1,1,1,19,2,2,0.0,0.0,0.0,0.0,0.0,2.0,14,6,7
20711,16,2,3,10,2,3,4,1,1,1,1,19,2,2,0.0,0.0,0.0,0.0,0.0,2.0,8,4,2
78060,16,2,3,10,3,3,0,1,1,1,2,19,2,2,0.0,0.0,0.0,0.0,0.0,2.0,8,2,6
43614,16,10,4,10,10,3,6,6,1,1,1,19,3,2,0.0,0.0,0.0,0.0,0.0,4.0,16,2,4
149555,16,2,1,15,6,3,0,1,0,1,2,37,3,3,2.0,0.0,0.0,2.0,0.0,3.0,21,6,10
77133,16,2,3,17,8,3,0,1,1,1,2,24,2,2,0.0,0.0,0.0,0.0,0.0,2.0,19,1,6
51754,16,2,4,17,2,3,0,1,1,1,2,23,2,2,0.0,0.0,0.0,0.0,0.0,3.0,18,2,4
165246,15,2,1,10,15,3,0,1,0,1,2,17,2,3,3.0,0.0,0.0,3.0,0.0,0.0,2,1,11
124794,16,2,3,10,15,3,0,1,1,1,1,28,2,2,0.0,0.0,0.0,0.0,0.0,2.0,14,6,9
91125,15,2,0,10,8,3,0,1,0,1,2,36,2,3,3.0,0.0,0.0,3.0,0.0,1.0,20,3,7
67589,15,2,1,0,8,3,0,5,0,0,2,36,2,3,1.0,0.0,0.0,1.0,0.0,2.0,23,5,5
70562,16,2,3,10,2,3,0,1,1,1,2,19,2,2,0.0,0.0,0.0,0.0,0.0,2.0,13,4,5
175890,16,2,3,9,8,3,0,1,0,1,0,18,2,3,1.0,0.0,0.0,1.0,0.0,1.0,13,7,12
167632,16,3,3,17,8,3,0,1,1,1,1,22,2,2,0.0,0.0,0.0,0.0,0.0,3.0,8,3,11
131987,15,2,3,0,8,3,0,1,0,1,2,5,2,4,1.0,0.0,0.0,0.0,1.0,1.0,9,6,9
37374,16,2,1,10,2,3,0,1,1,1,2,36,2,2,0.0,0.0,0.0,0.0,0.0,2.0,7,7,3
137242,4,2,3,0,8,3,0,1,0,1,1,36,2,4,2.0,0.0,0.0,0.0,2.0,1.0,15,4,9
80233,16,2,0,17,15,3,0,1,0,1,2,36,2,2,0.0,0.0,0.0,0.0,0.0,2.0,9,5,6
20145,15,10,3,9,8,3,4,1,0,0,2,18,2,3,1.0,0.0,0.0,1.0,0.0,1.0,15,2,2
21828,15,2,3,10,15,3,4,1,0,1,1,39,2,3,1.0,0.0,0.0,1.0,0.0,2.0,11,7,2
8592,16,2,3,0,6,3,0,1,1,1,2,6,2,2,0.0,0.0,0.0,0.0,0.0,2.0,10,6,1
111291,16,7,3,10,6,3,6,1,1,1,2,19,2,2,0.0,0.0,0.0,0.0,0.0,2.0,15,2,8
97054,15,2,3,8,8,3,0,1,0,1,2,12,2,3,1.0,0.0,0.0,1.0,0.0,1.0,18,5,7
184765,16,2,0,15,10,3,0,1,1,1,1,19,2,2,0.0,0.0,0.0,0.0,0.0,2.0,17,7,12
32406,16,2,1,0,3,3,0,1,0,1,2,18,2,2,0.0,0.0,0.0,0.0,0.0,4.0,21,7,3
32720,17,11,5,15,8,3,5,5,1,1,2,36,2,2,0.0,0.0,0.0,0.0,0.0,2.0,15,5,3
98022,15,2,3,0,6,3,0,1,1,1,2,36,2,2,0.0,0.0,0.0,0.0,0.0,2.0,12,4,7
29156,16,2,3,0,8,3,0,1,1,1,1,17,2,2,0.0,0.0,0.0,0.0,0.0,2.0,14,6,3
144309,15,2,3,17,8,3,0,1,0,1,2,18,2,3,3.0,0.0,0.0,3.0,0.0,1.0,13,3,10
101335,4,2,5,17,2,3,0,1,0,1,2,36,2,4,1.0,0.0,0.0,0.0,1.0,2.0,5,6,7
175859,15,2,1,0,15,3,0,1,1,1,2,18,2,2,0.0,0.0,0.0,0.0,0.0,2.0,20,5,12
25397,16,7,1,17,1,3,6,1,0,1,2,18,2,2,0.0,0.0,0.0,0.0,0.0,2.0,23,7,2
43684,4,2,3,17,3,3,1,1,0,1,2,18,2,2,0.0,0.0,0.0,0.0,0.0,3.0,6,4,4
9583,16,3,3,10,8,3,6,1,1,1,1,36,2,2,0.0,0.0,0.0,0.0,0.0,2.0,8,6,1
156703,16,2,3,10,8,3,0,1,0,1,2,17,4,2,0.0,0.0,0.0,0.0,0.0,6.0,17,4,11
186961,16,7,2,2,3,3,6,6,0,1,2,9,1,2,0.0,0.0,0.0,0.0,0.0,1.0,6,6,12
162277,16,2,1,0,18,3,0,5,0,1,2,6,2,3,3.0,0.0,0.0,3.0,0.0,1.0,19,7,11
186518,15,2,3,15,2,3,6,1,1,1,1,18,2,2,0.0,0.0,0.0,0.0,0.0,2.0,7,4,12
93878,16,2,3,10,2,3,0,1,1,0,2,19,2,2,0.0,0.0,0.0,0.0,0.0,2.0,11,4,7
171458,16,2,1,17,6,3,0,1,1,1,1,24,2,2,0.0,0.0,0.0,0.0,0.0,2.0,22,3,11
97091,16,2,4,2,6,3,0,1,0,1,2,11,1,2,0.0,0.0,0.0,0.0,0.0,1.0,0,5,7
36988,16,7,1,17,8,3,6,1,0,1,2,6,2,3,3.0,0.0,0.0,3.0,0.0,0.0,4,7,3
137497,15,2,1,0,2,3,0,5,0,1,2,36,2,2,0.0,0.0,0.0,0.0,0.0,6.0,21,7,9
86783,16,2,3,0,8,3,0,1,0,1,2,6,2,2,0.0,0.0,0.0,0.0,0.0,2.0,16,6,6
124436,4,2,0,10,8,3,0,1,1,1,1,19,2,2,0.0,0.0,0.0,0.0,0.0,3.0,19,6,9
71587,16,2,3,0,6,3,0,1,1,1,2,36,2,2,0.0,0.0,0.0,0.0,0.0,2.0,12,3,5
50408,16,2,3,10,6,3,0,1,1,1,2,19,3,2,0.0,0.0,0.0,0.0,0.0,6.0,17,6,4
111879,16,7,4,17,8,3,6,1,0,1,2,36,2,4,1.0,0.0,0.0,0.0,1.0,1.0,5,5,8
110815,4,2,1,13,15,3,0,1,0,1,1,18,2,2,0.0,0.0,0.0,0.0,0.0,2.0,3,3,8
171134,4,2,3,17,11,3,0,1,1,1,1,23,2,2,0.0,0.0,0.0,0.0,0.0,3.0,8,3,11
35724,16,7,1,9,6,3,6,5,0,1,2,17,2,3,1.0,0.0,0.0,1.0,0.0,1.0,21,5,3
104897,15,2,3,7,10,3,0,1,1,1,1,12,2,2,0.0,0.0,0.0,0.0,0.0,7.0,7,3,8
160518,15,2,4,10,8,3,0,1,1,1,0,36,2,2,0.0,0.0,0.0,0.0,0.0,3.0,19,2,11
134426,16,2,1,17,6,3,0,1,1,1,2,36,2,2,0.0,0.0,0.0,0.0,0.0,5.0,22,6,9
174937,4,2,3,17,8,3,0,1,0,1,2,24,2,1,1.0,0.0,1.0,0.0,0.0,3.0,14,4,12
71465,16,2,1,0,2,3,0,1,1,1,2,6,2,2,0.0,0.0,0.0,0.0,0.0,6.0,1,2,5
57022,16,2,3,10,8,3,0,1,1,1,1,30,2,2,0.0,0.0,0.0,0.0,0.0,2.0,16,5,5
171507,4,2,3,17,8,3,0,1,1,1,2,18,2,2,0.0,0.0,0.0,0.0,0.0,3.0,8,4,11
73673,16,2,3,0,2,3,0,1,0,1,2,28,4,2,0.0,0.0,0.0,0.0,0.0,2.0,16,7,6
63765,4,2,3,2,8,3,0,1,0,0,2,9,2,3,2.0,0.0,0.0,2.0,0.0,0.0,10,5,5
130630,4,2,3,10,3,3,5,5,0,0,2,19,2,3,1.0,0.0,0.0,1.0,0.0,1.0,10,4,9
177467,15,7,1,0,6,3,0,1,1,1,2,5,2,2,0.0,0.0,0.0,0.0,0.0,2.0,19,6,12
26480,16,2,3,17,2,3,4,1,1,1,1,39,2,2,0.0,0.0,0.0,0.0,0.0,2.0,7,6,2
65023,16,2,3,17,3,3,0,1,1,1,2,24,2,2,0.0,0.0,0.0,0.0,0.0,2.0,18,7,5
158333,4,2,3,10,8,3,0,1,1,1,2,36,2,2,0.0,0.0,0.0,0.0,0.0,2.0,15,6,11
53418,15,2,3,0,6,3,0,1,1,1,2,5,2,2,0.0,0.0,0.0,0.0,0.0,2.0,9,5,4
6659,16,2,3,10,8,3,0,1,1,1,1,26,2,2,0.0,0.0,0.0,0.0,0.0,2.0,16,3,1
149132,16,2,3,10,8,3,0,1,1,1,2,19,2,2,0.0,0.0,0.0,0.0,0.0,2.0,14,4,10
77015,16,2,0,0,15,3,0,5,0,1,2,22,2,4,2.0,0.0,0.0,0.0,2.0,3.0,23,7,6
50129,16,2,0,17,8,3,5,5,1,1,2,36,2,2,0.0,0.0,0.0,0.0,0.0,2.0,20,2,4
143493,16,2,3,0,8,3,0,1,0,1,2,6,2,4,2.0,0.0,0.0,0.0,2.0,0.0,7,5,10
56760,16,2,1,0,2,3,0,1,0,1,2,6,2,2,0.0,0.0,0.0,0.0,0.0,2.0,20,1,5
176801,16,2,3,7,6,3,0,1,0,1,2,6,4,3,1.0,0.0,0.0,1.0,0.0,2.0,12,4,12
29773,16,7,3,0,8,3,6,1,0,1,2,36,3,2,0.0,0.0,0.0,0.0,0.0,3.0,8,4,3
118129,16,2,3,15,10,3,3,5,1,1,2,18,2,2,0.0,0.0,0.0,0.0,0.0,2.0,16,1,8
88449,16,2,3,0,6,3,6,1,1,1,0,36,2,2,0.0,0.0,0.0,0.0,0.0,3.0,12,3,7
163862,16,2,0,17,8,3,0,1,1,1,2,18,2,2,0.0,0.0,0.0,0.0,0.0,2.0,18,1,11