crash_date,               traffic_control_device,weather_condition,lighting_condition,first_crash_type,trafficway_type,alignment,roadway_surface_cond,road_defect,crash_type,intersection_related_i,damage,prim_contributory_cause,num_units,most_severe_injury,injuries_total,injuries_fatal,injuries_incapacitating,injuries_non_incapacitating,injuries_reported_not_evident,injuries_no_indication,crash_hour,crash_day_of_week,crash_month
85367,16,2,3,0,8,3,0,1,1,1,2,36,2,2,0.0,0.0,0.0,0.0,0.0,2.0,11,4,6
183748,16,3,3,17,2,3,6,1,0,1,2,36,2,4,1.0,0.0,0.0,0.0,1.0,1.0,9,6,12
11422,15,5,3,15,6,3,6,1,0,1,2,18,2,2,0.0,0.0,0.0,0.0,0.0,2.0,10,3,1
17562,15,10,3,10,10,3,4,1,1,1,2,39,2,2,0.0,0.0,0.0,0.0,0.0,2.0,15,7,2
124493,16,2,1,15,8,3,0,1,1,1,2,19,2,2,0.0,0.0,0.0,0.0,0.0,2.0,21,7,9
20899,16,2,3,15,8,3,0,5,1,1,2,22,2,2,0.0,0.0,0.0,0.0,0.0,3.0,13,1,2
180124,3,2,4,10,8,3,0,1,0,1,2,17,2,4,3.0,0.0,0.0,0.0,3.0,1.0,20,5,12
113867,16,2,1,14,2,3,0,1,0,1,2,17,2,1,1.0,0.0,1.0,0.0,0.0,1.0,20,6,8
145583,15,7,1,17,15,3,6,1,1,1,2,36,2,2,0.0,0.0,0.0,0.0,0.0,2.0,20,6,10
112984,16,2,3,17,6,3,0,1,0,1,2,36,2,2,0.0,0.0,0.0,0.0,0.0,6.0,9,7,8
184254,15,2,0,3,8,4,0,1,0,1,2,36,2,4,2.0,0.0,0.0,0.0,2.0,2.0,22,6,12
39739,17,2,1,15,8,3,5,5,1,1,1,26,2,2,0.0,0.0,0.0,0.0,0.0,7.0,19,7,3
11124,16,2,1,15,10,3,6,1,1,1,0,22,2,2,0.0,0.0,0.0,0.0,0.0,2.0,20,4,1
7047,4,2,1,0,2,3,1,1,1,1,2,18,2,2,0.0,0.0,0.0,0.0,0.0,2.0,19,6,1
36718,15,2,3,17,8,3,0,1,1,1,1,18,2,2,0.0,0.0,0.0,0.0,0.0,2.0,16,1,3
42781,16,2,3,0,2,3,0,1,0,1,2,6,2,3,3.0,0.0,0.0,3.0,0.0,0.0,7,2,4
5440,4,3,3,0,8,3,1,5,0,1,2,39,2,2,0.0,0.0,0.0,0.0,0.0,2.0,13,5,1
84398,16,2,3,10,2,3,0,1,0,1,2,36,2,2,0.0,0.0,0.0,0.0,0.0,2.0,6,4,6
108390,16,2,1,10,2,3,0,1,1,0,0,19,3,2,0.0,0.0,0.0,0.0,0.0,3.0,22,6,8
17404,15,2,3,17,2,3,6,1,1,1,1,36,2,2,0.0,0.0,0.0,0.0,0.0,4.0,8,3,2
166864,16,3,1,17,3,3,0,1,0,1,2,24,2,4,3.0,0.0,0.0,0.0,3.0,0.0,4,2,11
14856,4,1,3,7,15,3,4,5,1,1,0,39,2,2,0.0,0.0,0.0,0.0,0.0,1.0,13,1,1
56430,4,2,3,2,3,3,0,1,1,0,2,33,1,2,0.0,0.0,0.0,0.0,0.0,1.0,16,4,5
87764,16,2,3,17,6,3,0,1,1,1,1,36,2,2,0.0,0.0,0.0,0.0,0.0,2.0,10,1,6
154108,15,2,1,0,8,3,5,5,0,1,2,5,2,3,1.0,0.0,0.0,1.0,0.0,1.0,18,5,10
138865,16,2,2,17,8,3,0,1,0,1,2,6,2,2,0.0,0.0,0.0,0.0,0.0,3.0,16,4,10
14338,16,2,1,17,8,3,0,1,1,1,1,18,2,2,0.0,0.0,0.0,0.0,0.0,2.0,18,5,1
98634,15,2,1,0,2,3,0,5,0,1,2,28,2,1,1.0,0.0,1.0,0.0,0.0,1.0,21,6,7
60676,4,2,5,17,10,3,0,5,0,1,2,17,2,2,0.0,0.0,0.0,0.0,0.0,2.0,18,6,5
162247,4,2,3,0,8,3,0,1,1,1,2,36,2,2,0.0,0.0,0.0,0.0,0.0,2.0,12,6,11
45002,16,2,1,10,8,3,0,1,1,1,2,19,2,2,0.0,0.0,0.0,0.0,0.0,5.0,20,7,4
161592,16,2,3,0,8,3,0,1,1,1,2,26,2,2,0.0,0.0,0.0,0.0,0.0,2.0,8,4,11
30341,16,2,2,17,2,3,0,1,0,1,2,23,2,2,0.0,0.0,0.0,0.0,0.0,2.0,6,7,3
67781,16,2,1,7,8,3,0,1,0,1,2,6,2,3,1.0,0.0,0.0,1.0,0.0,1.0,22,6,5
106387,16,2,3,0,2,3,0,1,1,1,1,17,2,2,0.0,0.0,0.0,0.0,0.0,3.0,12,4,8
24580,4,2,1,17,8,3,0,1,1,0,2,36,2,2,0.0,0.0,0.0,0.0,0.0,4.0,18,6,2
144574,4,2,3,10,10,3,0,1,1,1,1,19,2,2,0.0,0.0,0.0,0.0,0.0,2.0,12,7,10
66019,16,2,3,17,6,4,0,1,1,1,2,18,2,2,0.0,0.0,0.0,0.0,0.0,2.0,16,2,5
76111,16,7,3,9,3,3,6,1,0,1,0,36,2,4,1.0,0.0,0.0,0.0,1.0,1.0,6,7,6
25556,17,10,4,7,8,3,6,5,1,0,1,36,2,2,0.0,0.0,0.0,0.0,0.0,1.0,21,4,2
38817,4,10,0,17,8,3,6,1,0,1,2,18,2,1,1.0,0.0,1.0,0.0,0.0,1.0,2,7,3
115353,15,2,3,0,6,3,0,1,0,1,1,18,2,2,0.0,0.0,0.0,0.0,0.0,2.0,14,1,8
109423,16,2,3,10,6,3,0,1,1,1,1,19,2,2,0.0,0.0,0.0,0.0,0.0,3.0,18,1,8
9913,4,2,3,17,6,4,0,1,1,1,2,23,2,2,0.0,0.0,0.0,0.0,0.0,2.0,16,6,1
22832,16,10,4,10,8,3,4,1,1,1,1,39,2,2,0.0,0.0,0.0,0.0,0.0,2.0,18,5,2
87836,16,2,3,17,2,3,0,1,0,1,2,18,2,1,4.0,0.0,4.0,0.0,0.0,0.0,14,1,7
159581,16,2,0,17,2,3,0,5,1,0,2,36,2,2,0.0,0.0,0.0,0.0,0.0,2.0,16,3,11
174562,16,2,0,17,8,3,0,1,0,1,2,6,2,3,2.0,0.0,0.0,2.0,0.0,1.0,20,7,12
33414,16,2,1,15,10,3,0,1,1,1,2,18,2,2,0.0,0.0,0.0,0.0,0.0,3.0,21,2,3
177687,16,2,3,10,8,3,0,1,1,1,2,36,2,2,0.0,0.0,0.0,0.0,0.0,3.0,8,6,12
5708,17,2,0,15,8,3,0,1,1,0,2,36,2,2,0.0,0.0,0.0,0.0,0.0,2.0,18,3,1
42184,16,2,3,0,8,3,6,1,0,1,2,6,4,3,1.0,0.0,0.0,1.0,0.0,3.0,9,6,3
90506,16,2,1,0,2,3,0,1,0,1,2,3,2,3,1.0,0.0,0.0,1.0,0.0,1.0,10,6,7
110353,16,2,1,0,6,3,0,1,0,1,2,6,3,2,0.0,0.0,0.0,0.0,0.0,3.0,23,2,8
128051,16,2,3,17,8,3,0,5,1,1,2,18,2,2,0.0,0.0,0.0,0.0,0.0,2.0,17,3,9
155826,16,2,1,8,2,3,0,1,1,1,0,18,2,2,0.0,0.0,0.0,0.0,0.0,2.0,19,5,11
91605,4,2,3,10,2,3,0,1,1,1,1,17,3,2,0.0,0.0,0.0,0.0,0.0,3.0,14,4,7
756,16,2,3,15,3,3,0,1,1,1,1,23,2,2,0.0,0.0,0.0,0.0,0.0,2.0,15,7,1
135026,4,2,3,10,8,3,0,1,1,1,1,19,3,2,0.0,0.0,0.0,0.0,0.0,3.0,15,7,9
48134,16,7,1,17,2,3,6,1,1,1,2,6,2,2,0.0,0.0,0.0,0.0,0.0,2.0,21,7,4
100324,16,2,3,10,2,3,0,5,1,1,2,8,2,2,0.0,0.0,0.0,0.0,0.0,3.0,13,5,7
186872,16,2,3,15,10,3,0,1,1,1,0,22,2,2,0.0,0.0,0.0,0.0,0.0,4.0,11,3,12
93236,4,2,3,17,6,3,0,1,1,1,1,18,2,2,0.0,0.0,0.0,0.0,0.0,2.0,19,1,7
47532,16,7,3,17,8,3,6,1,1,1,2,39,2,2,0.0,0.0,0.0,0.0,0.0,2.0,16,6,4
52028,16,7,3,10,3,3,6,1,1,1,0,39,2,2,0.0,0.0,0.0,0.0,0.0,2.0,7,2,4
152580,15,2,3,0,8,3,5,5,1,1,1,18,2,2,0.0,0.0,0.0,0.0,0.0,2.0,15,4,10
51993,4,2,3,17,15,3,0,1,1,1,2,17,2,2,0.0,0.0,0.0,0.0,0.0,2.0,10,7,4
126485,15,7,3,10,6,3,6,1,0,1,0,8,2,4,1.0,0.0,0.0,0.0,1.0,1.0,8,2,9
132911,16,2,1,17,2,3,0,1,0,1,2,18,2,1,5.0,0.0,5.0,0.0,0.0,0.0,22,6,9
103978,15,2,3,3,11,3,0,1,1,1,2,21,2,2,0.0,0.0,0.0,0.0,0.0,2.0,8,3,8
25741,16,2,1,15,8,3,0,1,1,1,0,23,2,2,0.0,0.0,0.0,0.0,0.0,2.0,18,6,2
71279,16,2,4,8,1,3,0,5,1,1,0,17,2,2,0.0,0.0,0.0,0.0,0.0,2.0,20,5,5
156175,4,2,3,15,10,3,6,1,1,1,2,22,2,2,0.0,0.0,0.0,0.0,0.0,2.0,8,4,11
23301,16,2,3,17,8,3,0,1,0,1,2,19,3,2,0.0,0.0,0.0,0.0,0.0,3.0,15,6,2
66746,15,2,3,0,6,3,5,5,0,1,2,36,2,2,0.0,0.0,0.0,0.0,0.0,4.0,6,6,5
18338,4,10,1,10,8,3,6,5,1,0,0,17,2,2,0.0,0.0,0.0,0.0,0.0,2.0,19,5,2
160129,16,3,1,9,2,3,6,1,0,1,2,18,2,3,1.0,0.0,0.0,1.0,0.0,1.0,7,4,11
150929,16,2,3,10,8,3,0,1,1,1,2,19,2,2,0.0,0.0,0.0,0.0,0.0,2.0,12,4,10
43556,16,2,3,10,6,3,0,1,1,1,2,19,2,2,0.0,0.0,0.0,0.0,0.0,2.0,17,4,4
93440,4,2,3,17,8,3,0,1,0,1,2,24,2,2,0.0,0.0,0.0,0.0,0.0,2.0,7,3,7
182837,4,2,1,10,8,3,0,1,1,1,1,17,2,2,0.0,0.0,0.0,0.0,0.0,2.0,23,1,12
171657,16,2,3,17,8,3,0,1,1,1,2,22,2,2,0.0,0.0,0.0,0.0,0.0,2.0,10,5,11
181828,16,2,4,15,8,3,0,1,1,1,1,22,2,2,0.0,0.0,0.0,0.0,0.0,2.0,21,3,12
33063,4,2,3,17,8,3,0,1,1,0,1,24,2,2,0.0,0.0,0.0,0.0,0.0,4.0,16,4,3
133741,15,2,3,10,2,3,0,1,1,1,1,19,2,2,0.0,0.0,0.0,0.0,0.0,2.0,18,3,9
45118,16,2,3,15,8,3,0,5,1,1,0,36,2,2,0.0,0.0,0.0,0.0,0.0,2.0,14,4,4
172352,16,2,1,17,8,4,0,1,1,1,1,36,2,2,0.0,0.0,0.0,0.0,0.0,3.0,17,1,12
118592,16,2,3,15,8,3,0,1,1,1,2,12,2,2,0.0,0.0,0.0,0.0,0.0,2.0,10,7,8
131628,16,2,2,17,6,3,0,1,1,1,1,18,2,2,0.0,0.0,0.0,0.0,0.0,2.0,6,3,9
37801,16,2,3,0,15,3,0,1,1,1,2,6,2,2,0.0,0.0,0.0,0.0,0.0,3.0,18,1,3
124473,15,2,3,10,17,3,0,1,1,1,0,21,2,2,0.0,0.0,0.0,0.0,0.0,2.0,15,7,9
80445,16,2,3,10,8,3,0,1,0,1,2,19,2,3,1.0,0.0,0.0,1.0,0.0,1.0,7,7,6
103599,16,2,3,0,6,3,0,1,0,1,2,6,3,2,0.0,0.0,0.0,0.0,0.0,3.0,14,6,7
50916,16,2,3,17,2,3,0,1,0,1,2,24,2,4,1.0,0.0,0.0,0.0,1.0,3.0,12,7,4
130681,15,2,3,10,8,4,0,1,1,1,0,36,2,2,0.0,0.0,0.0,0.0,0.0,2.0,15,3,9
187716,15,7,3,2,8,3,6,5,0,1,2,12,1,2,0.0,0.0,0.0,0.0,0.0,1.0,5,1,12
177506,16,7,4,17,6,3,6,1,0,1,2,17,2,4,1.0,0.0,0.0,0.0,1.0,2.0,15,7,12
103078,16,2,3,17,8,3,0,1,0,1,2,6,3,3,1.0,0.0,0.0,1.0,0.0,1.0,18,5,7
157940,15,3,3,0,6,3,0,1,0,1,2,18,2,2,0.0,0.0,0.0,0.0,0.0,3.0,14,2,11
38120,15,2,3,0,8,3,0,1,1,1,1,36,2,2,0.0,0.0,0.0,0.0,0.0,2.0,17,6,3
139262,16,2,1,0,11,3,0,1,0,1,2,6,2,4,1.0,0.0,0.0,0.0,1.0,1.0,1,5,10
75516,15,2,1,10,8,2,0,1,1,0,1,19,2,2,0.0,0.0,0.0,0.0,0.0,2.0,1,5,6
43151,15,2,3,17,2,3,0,1,1,1,2,36,2,2,0.0,0.0,0.0,0.0,0.0,2.0,18,1,4
135172,16,2,3,9,8,3,0,1,0,1,0,18,2,3,1.0,0.0,0.0,1.0,0.0,1.0,9,2,9
176042,15,2,3,0,8,3,0,1,0,1,2,18,2,3,1.0,0.0,0.0,1.0,0.0,1.0,8,6,12
138022,16,2,3,10,8,3,5,5,1,1,2,2,2,2,0.0,0.0,0.0,0.0,0.0,2.0,12,7,10
43155,15,7,3,10,8,3,6,1,0,1,0,19,2,3,1.0,0.0,0.0,1.0,0.0,1.0,13,2,4
16629,4,2,1,0,2,3,4,1,1,1,2,36,2,2,0.0,0.0,0.0,0.0,0.0,2.0,18,5,2
176475,15,2,3,0,8,3,0,1,1,1,0,36,2,2,0.0,0.0,0.0,0.0,0.0,2.0,15,4,12
100972,15,2,3,0,10,3,0,1,0,1,2,5,2,2,0.0,0.0,0.0,0.0,0.0,7.0,5,1,7
179100,4,2,1,17,8,3,0,1,1,1,1,17,2,2,0.0,0.0,0.0,0.0,0.0,2.0,18,6,12
152160,6,7,3,8,10,3,6,1,0,1,2,18,2,3,1.0,0.0,0.0,1.0,0.0,1.0,13,4,10
128265,15,2,3,8,6,3,0,1,0,1,2,36,2,3,1.0,0.0,0.0,1.0,0.0,2.0,16,7,9
126817,4,7,3,15,8,3,6,1,1,0,2,23,2,2,0.0,0.0,0.0,0.0,0.0,4.0,15,7,9
95194,16,7,3,17,5,3,6,1,1,1,1,36,2,2,0.0,0.0,0.0,0.0,0.0,2.0,17,4,7
99520,4,2,3,17,8,3,0,1,0,1,2,24,2,4,1.0,0.0,0.0,0.0,1.0,5.0,12,6,7
163122,16,2,1,17,2,3,0,5,1,1,2,22,2,2,0.0,0.0,0.0,0.0,0.0,3.0,18,4,11
162030,15,2,0,10,8,3,1,1,1,1,1,36,2,2,0.0,0.0,0.0,0.0,0.0,2.0,18,3,11
122870,4,2,3,10,8,3,0,1,0,1,2,17,2,1,1.0,0.0,1.0,0.0,0.0,1.0,9,4,9
133559,16,2,3,0,6,3,0,5,1,1,2,6,2,2,0.0,0.0,0.0,0.0,0.0,2.0,12,2,9
149600,4,7,1,0,0,3,6,1,1,0,2,36,2,2,0.0,0.0,0.0,0.0,0.0,6.0,18,7,10
182961,16,2,1,14,2,3,0,1,1,1,2,26,2,2,0.0,0.0,0.0,0.0,0.0,2.0,16,5,12
145949,4,2,3,0,8,3,0,1,0,1,2,18,2,3,1.0,0.0,0.0,1.0,0.0,1.0,7,3,10
164595,4,7,3,17,2,2,6,1,0,1,1,36,2,2,0.0,0.0,0.0,0.0,0.0,2.0,10,4,11
22601,15,10,4,10,8,3,4,1,1,1,0,39,2,2,0.0,0.0,0.0,0.0,0.0,2.0,17,7,2
110306,4,2,3,15,8,3,0,1,1,0,2,26,2,2,0.0,0.0,0.0,0.0,0.0,2.0,14,2,8
11355,15,3,3,17,8,3,0,1,1,1,1,18,2,2,0.0,0.0,0.0,0.0,0.0,2.0,7,2,1
1692,4,2,3,17,8,3,6,1,0,1,2,18,2,2,0.0,0.0,0.0,0.0,0.0,2.0,16,2,1
31785,4,2,3,15,6,3,0,1,1,1,2,4,2,2,0.0,0.0,0.0,0.0,0.0,3.0,8,4,3
104710,16,2,1,17,6,3,0,1,0,1,2,24,2,2,0.0,0.0,0.0,0.0,0.0,5.0,20,6,8
188572,15,2,1,2,1,3,0,1,0,1,2,30,2,4,2.0,0.0,0.0,0.0,2.0,3.0,0,7,12
28684,15,11,3,8,15,3,5,5,1,1,0,36,2,2,0.0,0.0,0.0,0.0,0.0,2.0,11,6,3
140758,16,11,5,10,8,3,5,5,1,1,1,19,2,2,0.0,0.0,0.0,0.0,0.0,2.0,8,4,10
130646,15,2,3,10,2,3,0,1,1,1,1,8,2,2,0.0,0.0,0.0,0.0,0.0,5.0,15,7,9
169170,16,2,1,15,8,3,0,1,1,1,0,36,2,2,0.0,0.0,0.0,0.0,0.0,5.0,17,7,11
53386,4,2,3,17,15,3,0,5,0,1,2,26,2,2,0.0,0.0,0.0,0.0,0.0,2.0,16,5,4
131732,16,2,1,2,8,3,0,1,0,1,2,36,1,2,0.0,0.0,0.0,0.0,0.0,1.0,2,6,9
141387,16,7,3,17,15,3,6,1,1,1,2,36,2,2,0.0,0.0,0.0,0.0,0.0,2.0,9,5,10
152077,15,7,3,8,2,3,0,5,0,1,2,18,2,3,1.0,0.0,0.0,1.0,0.0,2.0,15,6,10
116462,15,2,3,17,6,3,0,1,1,1,2,18,2,2,0.0,0.0,0.0,0.0,0.0,2.0,11,3,8
98187,15,2,3,0,8,3,0,1,1,1,2,18,2,2,0.0,0.0,0.0,0.0,0.0,2.0,17,6,7
35186,16,2,3,0,8,3,5,5,1,1,2,23,2,2,0.0,0.0,0.0,0.0,0.0,2.0,16,4,3
74963,16,2,3,10,8,3,0,5,1,1,2,36,2,2,0.0,0.0,0.0,0.0,0.0,2.0,12,5,6
151386,16,2,3,9,3,3,0,5,1,1,0,36,2,2,0.0,0.0,0.0,0.0,0.0,2.0,15,3,10
4130,15,2,4,9,6,3,0,1,1,1,0,18,2,2,0.0,0.0,0.0,0.0,0.0,2.0,16,7,1
72601,16,2,3,15,8,3,0,1,1,1,2,24,2,2,0.0,0.0,0.0,0.0,0.0,3.0,12,4,6
100100,17,11,5,17,6,3,5,5,0,1,2,19,3,4,2.0,0.0,0.0,0.0,2.0,6.0,14,2,7
74398,16,2,1,10,11,3,0,1,1,0,2,19,2,2,0.0,0.0,0.0,0.0,0.0,2.0,23,4,6
165802,16,2,3,10,8,3,0,1,1,1,2,19,2,2,0.0,0.0,0.0,0.0,0.0,2.0,9,7,11
101987,16,2,3,10,6,3,0,1,0,1,2,17,2,3,1.0,0.0,0.0,1.0,0.0,2.0,11,1,7
954,15,2,3,15,2,3,0,1,1,1,1,18,2,2,0.0,0.0,0.0,0.0,0.0,3.0,7,5,1
122254,16,2,1,10,8,3,0,1,0,1,2,19,2,3,2.0,0.0,0.0,2.0,0.0,2.0,21,2,9
113019,16,2,3,10,8,3,0,1,1,1,2,19,2,2,0.0,0.0,0.0,0.0,0.0,2.0,17,5,8
55771,4,2,4,15,8,3,5,5,1,0,2,36,2,2,0.0,0.0,0.0,0.0,0.0,2.0,18,6,4
177315,16,2,0,9,8,3,0,1,0,1,0,36,2,4,1.0,0.0,0.0,0.0,1.0,1.0,20,3,12
31208,16,2,3,17,6,2,0,1,0,1,2,18,2,2,0.0,0.0,0.0,0.0,0.0,5.0,13,1,3
80304,15,2,3,0,10,3,0,5,1,1,1,11,2,2,0.0,0.0,0.0,0.0,0.0,2.0,20,6,6
6779,16,2,3,15,8,3,0,1,1,1,2,19,2,2,0.0,0.0,0.0,0.0,0.0,2.0,12,5,1
22139,15,2,4,0,2,3,0,1,0,1,2,18,2,3,1.0,0.0,0.0,1.0,0.0,1.0,17,6,2
43584,16,7,3,17,8,3,6,5,1,1,2,12,2,2,0.0,0.0,0.0,0.0,0.0,2.0,9,4,4
179278,16,2,3,7,8,3,0,5,1,1,0,26,2,2,0.0,0.0,0.0,0.0,0.0,1.0,9,3,12
14107,15,2,3,0,6,3,4,1,0,1,2,36,2,4,1.0,0.0,0.0,0.0,1.0,2.0,10,1,1
83281,16,2,3,10,8,3,0,1,1,1,2,19,2,2,0.0,0.0,0.0,0.0,0.0,3.0,15,7,6
107250,15,7,3,0,8,3,6,1,1,1,2,18,2,2,0.0,0.0,0.0,0.0,0.0,2.0,14,3,8
179404,15,2,3,17,8,3,0,1,1,1,2,24,2,2,0.0,0.0,0.0,0.0,0.0,2.0,6,6,12
68823,16,2,3,17,2,3,0,1,1,1,2,26,2,2,0.0,0.0,0.0,0.0,0.0,2.0,17,3,5
53990,16,2,3,10,2,3,0,5,1,1,1,19,2,2,0.0,0.0,0.0,0.0,0.0,2.0,15,5,4
184312,16,3,3,17,8,3,5,5,1,1,2,19,2,2,0.0,0.0,0.0,0.0,0.0,2.0,11,7,12
93955,4,2,3,7,2,3,0,1,0,1,2,36,3,2,0.0,0.0,0.0,0.0,0.0,1.0,11,6,7
87102,15,2,3,10,8,3,0,1,1,1,2,19,2,2,0.0,0.0,0.0,0.0,0.0,3.0,14,5,6
71177,15,2,3,7,2,3,0,1,1,1,2,9,2,2,0.0,0.0,0.0,0.0,0.0,1.0,10,3,5
73993,16,2,3,17,2,3,0,1,1,1,1,24,2,2,0.0,0.0,0.0,0.0,0.0,2.0,14,4,6
93842,16,7,3,9,15,3,6,1,0,1,0,18,2,3,1.0,0.0,0.0,1.0,0.0,1.0,15,4,7
84191,16,2,3,17,11,3,0,1,0,1,2,22,2,2,0.0,0.0,0.0,0.0,0.0,2.0,5,6,6
128385,16,2,1,10,8,3,0,1,1,1,1,17,2,2,0.0,0.0,0.0,0.0,0.0,3.0,19,6,9
138211,4,2,1,5,10,3,0,1,1,1,2,26,1,2,0.0,0.0,0.0,0.0,0.0,1.0,18,2,10
139608,16,3,4,10,6,3,6,1,0,1,2,36,2,4,1.0,0.0,0.0,0.0,1.0,1.0,18,2,10
139124,16,3,1,15,10,3,6,1,0,1,2,22,2,2,0.0,0.0,0.0,0.0,0.0,4.0,22,1,10
29733,16,2,3,9,6,3,0,1,1,1,1,36,2,2,0.0,0.0,0.0,0.0,0.0,3.0,15,4,3
73250,16,2,3,0,18,3,0,1,0,1,2,6,2,2,0.0,0.0,0.0,0.0,0.0,2.0,7,7,6
161010,16,2,3,13,18,3,0,1,0,1,2,8,2,3,2.0,0.0,0.0,2.0,0.0,0.0,8,1,11
75483,4,2,3,10,3,3,0,1,1,0,2,36,2,2,0.0,0.0,0.0,0.0,0.0,2.0,11,6,6
130461,16,2,3,17,6,3,0,1,1,1,2,24,2,2,0.0,0.0,0.0,0.0,0.0,2.0,17,1,9
180072,16,7,1,10,6,3,6,1,1,1,0,19,2,2,0.0,0.0,0.0,0.0,0.0,2.0,23,7,12
173735,16,2,1,17,2,3,0,1,1,1,2,24,2,2,0.0,0.0,0.0,0.0,0.0,7.0,18,6,12
187190,15,2,3,17,8,3,0,5,1,1,2,18,2,2,0.0,0.0,0.0,0.0,0.0,2.0,17,7,12
74087,15,2,3,0,6,3,0,1,0,1,1,18,2,2,0.0,0.0,0.0,0.0,0.0,3.0,15,6,6
102223,16,2,2,8,10,3,0,1,1,1,1,24,2,2,0.0,0.0,0.0,0.0,0.0,2.0,18,6,7
80492,16,11,3,8,3,3,5,5,0,1,0,6,2,3,1.0,0.0,0.0,1.0,0.0,1.0,19,1,6
50261,15,2,3,0,6,3,0,1,1,1,1,5,2,2,0.0,0.0,0.0,0.0,0.0,2.0,9,5,4
155100,4,11,5,10,8,3,5,5,1,1,0,26,3,2,0.0,0.0,0.0,0.0,0.0,2.0,17,2,10
28059,4,2,4,17,6,4,0,1,1,1,1,18,2,2,0.0,0.0,0.0,0.0,0.0,2.0,20,4,2
169980,16,2,1,17,6,3,0,1,1,1,1,24,2,2,0.0,0.0,0.0,0.0,0.0,2.0,22,7,11
13143,4,2,3,17,9,3,0,1,1,1,2,36,2,2,0.0,0.0,0.0,0.0,0.0,2.0,14,5,1
139791,4,2,4,15,8,3,0,1,1,1,1,22,2,2,0.0,0.0,0.0,0.0,0.0,2.0,15,6,10
130942,16,2,3,0,8,3,0,1,0,1,2,6,2,4,2.0,0.0,0.0,0.0,2.0,3.0,13,1,9
184077,4,2,3,17,6,3,0,1,0,1,2,18,2,3,1.0,0.0,0.0,1.0,0.0,2.0,14,7,12
171967,16,2,3,17,5,3,0,1,1,1,2,6,2,2,0.0,0.0,0.0,0.0,0.0,2.0,17,4,11
124517,16,2,1,0,6,3,0,1,1,1,2,18,2,2,0.0,0.0,0.0,0.0,0.0,2.0,2,1,9
45642,4,7,1,9,8,3,6,5,0,1,1,36,2,3,1.0,0.0,0.0,1.0,0.0,1.0,20,6,4
71052,16,2,3,10,8,3,0,1,1,1,2,36,2,2,0.0,0.0,0.0,0.0,0.0,2.0,18,3,5
113836,16,2,3,17,2,3,0,1,1,1,2,36,2,2,0.0,0.0,0.0,0.0,0.0,4.0,15,6,8
115161,16,2,3,8,1,3,0,1,0,1,2,36,2,3,1.0,0.0,0.0,1.0,0.0,1.0,16,4,8
27084,15,2,3,10,7,3,0,1,1,1,2,19,2,2,0.0,0.0,0.0,0.0,0.0,3.0,16,1,2
153443,16,2,0,17,2,3,0,1,1,1,1,36,2,2,0.0,0.0,0.0,0.0,0.0,2.0,21,7,10
65105,15,7,3,0,8,3,6,1,1,1,2,36,2,2,0.0,0.0,0.0,0.0,0.0,4.0,17,6,5
11909,16,7,1,10,2,3,6,1,1,1,1,19,2,2,0.0,0.0,0.0,0.0,0.0,2.0,18,2,1
4875,4,10,3,10,6,3,4,1,1,1,2,39,2,2,0.0,0.0,0.0,0.0,0.0,2.0,7,6,1
143918,16,2,3,0,8,3,0,1,1,1,2,6,2,2,0.0,0.0,0.0,0.0,0.0,4.0,10,4,10
56081,4,2,3,15,17,3,0,1,1,1,0,14,2,2,0.0,0.0,0.0,0.0,0.0,15.0,8,3,5
110926,16,2,3,17,2,3,0,1,1,1,1,24,2,2,0.0,0.0,0.0,0.0,0.0,3.0,12,2,8
42631,16,2,1,8,6,3,0,1,0,1,1,18,2,3,1.0,0.0,0.0,1.0,0.0,1.0,20,7,4
34707,16,2,1,0,8,3,0,5,0,1,2,36,2,1,1.0,0.0,1.0,0.0,0.0,1.0,23,3,3
188507,15,3,1,0,2,3,0,1,1,1,2,5,2,2,0.0,0.0,0.0,0.0,0.0,2.0,17,2,12
129063,16,2,3,0,8,4,0,1,0,1,2,36,2,4,2.0,0.0,0.0,0.0,2.0,1.0,11,1,9
144913,16,2,3,17,8,3,6,1,1,1,2,18,2,2,0.0,0.0,0.0,0.0,0.0,2.0,16,4,10
105225,15,2,3,10,8,3,0,1,0,1,2,5,2,3,1.0,0.0,0.0,1.0,0.0,1.0,18,7,8
44690,16,2,3,10,8,3,0,1,1,1,1,17,2,2,0.0,0.0,0.0,0.0,0.0,2.0,14,3,4
108474,10,2,3,9,8,3,0,1,0,1,2,38,2,3,1.0,0.0,0.0,1.0,0.0,2.0,14,2,8
10491,15,2,1,17,15,3,5,1,0,1,2,18,2,2,0.0,0.0,0.0,0.0,0.0,3.0,20,1,1
127504,16,2,3,17,8,3,0,1,1,1,2,26,2,2,0.0,0.0,0.0,0.0,0.0,2.0,16,2,9
173446,15,2,1,0,9,3,0,1,0,1,2,36,2,4,1.0,0.0,0.0,0.0,1.0,2.0,17,5,12
130559,16,2,3,0,6,3,0,5,0,1,2,36,3,4,1.0,0.0,0.0,0.0,1.0,5.0,11,2,9
128925,15,2,3,0,11,3,0,1,1,1,2,18,2,2,0.0,0.0,0.0,0.0,0.0,2.0,9,6,9
13455,16,10,1,17,10,3,4,1,1,1,2,26,2,2,0.0,0.0,0.0,0.0,0.0,3.0,21,2,1
144145,16,2,3,10,8,3,0,1,1,1,2,19,2,2,0.0,0.0,0.0,0.0,0.0,3.0,8,6,10