crash_date,               traffic_control_device,weather_condition,lighting_condition,first_crash_type,trafficway_type,alignment,roadway_surface_cond,road_defect,crash_type,intersection_related_i,damage,prim_contributory_cause,num_units,most_severe_injury,injuries_total,injuries_fatal,injuries_incapacitating,injuries_non_incapacitating,injuries_reported_not_evident,injuries_no_indication,crash_hour,crash_day_of_week,crash_month
17309,15,2,1,17,15,3,0,5,1,1,2,18,2,2,0.0,0.0,0.0,0.0,0.0,2.0,19,2,2
110694,16,3,3,15,6,3,0,1,1,1,2,18,2,2,0.0,0.0,0.0,0.0,0.0,3.0,16,7,8
16905,16,10,1,0,2,3,4,5,0,1,2,36,2,4,1.0,0.0,0.0,0.0,1.0,1.0,6,2,2
89738,16,2,1,17,5,3,0,1,0,1,2,36,4,2,0.0,0.0,0.0,0.0,0.0,4.0,3,3,7
141938,16,3,1,0,8,3,0,1,0,1,2,36,2,2,0.0,0.0,0.0,0.0,0.0,2.0,16,6,10
40676,16,2,3,17,8,3,0,1,0,1,2,36,4,3,2.0,0.0,0.0,2.0,0.0,4.0,16,5,3
181605,16,2,1,15,8,3,0,1,1,1,1,22,2,2,0.0,0.0,0.0,0.0,0.0,3.0,18,6,12
58044,15,2,3,10,8,3,0,1,0,1,2,17,2,3,1.0,0.0,0.0,1.0,0.0,1.0,11,7,5
156769,16,2,3,0,8,3,0,1,1,1,1,36,2,2,0.0,0.0,0.0,0.0,0.0,3.0,16,5,11
71974,16,7,3,10,2,3,6,1,0,1,2,19,2,2,0.0,0.0,0.0,0.0,0.0,2.0,13,2,6
173268,4,2,3,7,0,3,5,5,1,0,2,12,2,2,0.0,0.0,0.0,0.0,0.0,1.0,16,1,12
89051,16,2,1,17,3,3,0,1,0,1,2,24,2,2,0.0,0.0,0.0,0.0,0.0,4.0,22,6,7
42380,16,2,3,15,2,3,0,1,1,1,2,19,3,2,0.0,0.0,0.0,0.0,0.0,3.0,17,2,4
173323,16,2,3,7,10,3,0,1,1,1,2,36,2,2,0.0,0.0,0.0,0.0,0.0,1.0,15,2,12
162292,16,2,1,2,8,3,0,1,0,1,2,28,1,2,0.0,0.0,0.0,0.0,0.0,2.0,22,7,11
49655,16,2,3,0,6,3,0,5,0,1,2,6,2,2,0.0,0.0,0.0,0.0,0.0,2.0,14,1,4
46025,16,2,3,0,6,3,0,1,0,1,2,6,2,2,0.0,0.0,0.0,0.0,0.0,2.0,13,6,4
131373,4,2,3,0,2,3,0,1,0,1,2,18,2,3,1.0,0.0,0.0,1.0,0.0,2.0,7,5,9
152315,4,2,3,17,8,3,0,1,0,1,2,19,2,3,1.0,0.0,0.0,1.0,0.0,1.0,8,6,10
138296,16,2,3,17,8,3,0,1,0,0,1,19,2,2,0.0,0.0,0.0,0.0,0.0,3.0,11,3,10
32649,16,2,0,10,8,3,0,1,1,1,0,19,2,2,0.0,0.0,0.0,0.0,0.0,2.0,19,3,3
11023,15,2,1,10,8,3,0,1,1,1,2,36,2,2,0.0,0.0,0.0,0.0,0.0,2.0,20,2,1
176529,15,10,1,17,8,3,4,1,0,1,2,39,2,2,0.0,0.0,0.0,0.0,0.0,5.0,2,7,12
119284,16,2,3,17,6,3,0,1,1,1,1,18,2,2,0.0,0.0,0.0,0.0,0.0,2.0,18,3,8
177987,15,7,1,0,6,3,6,1,0,1,2,36,2,4,1.0,0.0,0.0,0.0,1.0,1.0,21,6,12
7799,16,2,3,17,8,3,0,1,1,1,2,18,2,2,0.0,0.0,0.0,0.0,0.0,3.0,12,5,1
146212,16,2,3,17,6,3,0,1,0,1,2,17,2,2,0.0,0.0,0.0,0.0,0.0,2.0,9,1,10
139969,16,2,3,10,2,3,5,5,1,1,0,36,2,2,0.0,0.0,0.0,0.0,0.0,2.0,16,6,10
32471,16,2,3,17,2,3,0,1,1,1,2,26,2,2,0.0,0.0,0.0,0.0,0.0,2.0,11,6,3
83960,16,2,3,0,8,3,0,1,1,1,2,23,2,2,0.0,0.0,0.0,0.0,0.0,2.0,7,4,6
92130,16,7,0,0,6,3,6,1,1,1,1,18,2,2,0.0,0.0,0.0,0.0,0.0,2.0,22,5,7
118197,16,2,3,17,6,3,0,1,1,1,2,36,2,2,0.0,0.0,0.0,0.0,0.0,2.0,5,3,8
66702,16,2,3,15,2,3,0,1,1,1,1,36,2,2,0.0,0.0,0.0,0.0,0.0,2.0,9,4,5
61603,16,2,1,17,3,3,0,1,1,1,1,19,2,2,0.0,0.0,0.0,0.0,0.0,2.0,22,6,5
11965,4,2,3,15,8,3,0,1,1,1,1,23,2,2,0.0,0.0,0.0,0.0,0.0,3.0,6,5,1
172557,16,2,3,17,6,3,0,1,1,1,2,24,2,2,0.0,0.0,0.0,0.0,0.0,3.0,10,5,12
61291,16,2,3,17,6,3,0,1,0,1,2,35,2,1,2.0,0.0,1.0,0.0,1.0,0.0,16,3,5
67036,15,2,1,0,6,3,0,1,0,1,2,18,4,3,3.0,0.0,0.0,1.0,2.0,1.0,21,4,5
1018,16,10,3,10,3,4,1,5,1,1,1,19,2,2,0.0,0.0,0.0,0.0,0.0,2.0,16,4,1
175799,16,2,1,17,8,3,0,1,0,1,2,18,2,2,0.0,0.0,0.0,0.0,0.0,2.0,22,4,12
148531,16,2,3,15,6,3,0,1,1,1,2,22,2,2,0.0,0.0,0.0,0.0,0.0,2.0,13,7,10
47850,15,7,3,10,8,3,6,1,1,1,1,36,2,2,0.0,0.0,0.0,0.0,0.0,3.0,16,4,4
130920,15,2,1,0,6,3,0,5,0,1,2,36,2,2,0.0,0.0,0.0,0.0,0.0,2.0,22,7,9
139044,16,7,1,0,5,3,6,1,0,1,2,36,2,3,2.0,0.0,0.0,2.0,0.0,1.0,20,7,10
22576,15,2,1,10,2,3,0,1,1,1,2,36,2,2,0.0,0.0,0.0,0.0,0.0,3.0,21,6,2
88623,4,2,3,17,2,3,0,1,0,1,2,24,2,4,1.0,0.0,0.0,0.0,1.0,1.0,19,7,7
88685,16,7,3,17,8,3,6,1,0,1,2,36,2,2,0.0,0.0,0.0,0.0,0.0,2.0,15,1,7
88342,16,2,3,9,2,3,0,1,0,1,0,18,2,3,1.0,0.0,0.0,1.0,0.0,2.0,8,2,7
175713,16,2,3,15,8,3,5,1,1,1,2,36,2,2,0.0,0.0,0.0,0.0,0.0,3.0,12,2,12
36410,15,7,3,17,6,3,6,5,0,1,2,18,2,4,1.0,0.0,0.0,0.0,1.0,2.0,16,4,3
44396,17,11,5,9,2,3,5,5,0,1,2,36,2,3,1.0,0.0,0.0,1.0,0.0,1.0,19,4,4
185054,16,1,0,2,6,3,4,1,0,1,2,36,1,2,0.0,0.0,0.0,0.0,0.0,1.0,21,6,12
66599,4,2,3,0,10,3,0,1,1,1,1,36,2,2,0.0,0.0,0.0,0.0,0.0,2.0,19,3,5
41273,16,2,3,0,2,3,0,1,0,1,2,6,3,4,1.0,0.0,0.0,0.0,1.0,5.0,17,4,3
132170,15,2,3,0,8,4,0,1,0,0,2,18,2,2,0.0,0.0,0.0,0.0,0.0,4.0,16,3,9
14597,16,2,1,15,8,3,0,1,1,1,2,22,2,2,0.0,0.0,0.0,0.0,0.0,2.0,22,3,1
78990,15,2,3,0,2,3,0,1,0,1,2,17,3,2,0.0,0.0,0.0,0.0,0.0,3.0,19,1,6
31763,16,2,3,10,2,3,0,5,1,1,2,36,2,2,0.0,0.0,0.0,0.0,0.0,2.0,16,4,3
30230,16,2,0,10,6,3,0,1,1,1,1,19,2,2,0.0,0.0,0.0,0.0,0.0,2.0,5,5,3
46490,16,7,3,0,6,3,6,1,1,1,2,36,2,2,0.0,0.0,0.0,0.0,0.0,2.0,17,7,4
82870,4,7,1,17,15,3,6,1,0,1,1,18,2,3,1.0,0.0,0.0,1.0,0.0,1.0,0,1,6
166192,4,2,3,17,8,3,0,1,1,1,1,11,2,2,0.0,0.0,0.0,0.0,0.0,2.0,10,5,11
93863,16,7,1,17,6,3,6,5,0,1,2,18,2,4,2.0,0.0,0.0,0.0,2.0,0.0,20,4,7
26575,16,2,1,0,2,3,0,1,0,1,2,6,2,3,1.0,0.0,0.0,1.0,0.0,1.0,21,7,2
110385,16,2,3,17,8,3,0,1,1,1,0,12,2,2,0.0,0.0,0.0,0.0,0.0,2.0,13,1,8
123402,4,7,2,0,8,3,6,1,0,1,2,12,2,2,0.0,0.0,0.0,0.0,0.0,2.0,8,5,9
13177,15,3,3,17,6,3,6,1,0,1,2,18,2,2,0.0,0.0,0.0,0.0,0.0,2.0,8,5,1
52692,15,2,3,15,8,3,0,1,1,0,2,18,2,2,0.0,0.0,0.0,0.0,0.0,3.0,14,6,4
166539,16,11,5,10,10,3,5,5,1,1,0,36,2,2,0.0,0.0,0.0,0.0,0.0,2.0,14,3,11
75382,16,2,3,15,3,3,0,1,1,1,2,22,3,2,0.0,0.0,0.0,0.0,0.0,3.0,6,4,6
164222,16,2,1,15,2,3,0,1,1,1,2,22,3,2,0.0,0.0,0.0,0.0,0.0,3.0,19,4,11
86721,16,2,3,10,2,3,0,1,0,1,2,18,2,2,0.0,0.0,0.0,0.0,0.0,2.0,13,4,6
100586,15,2,3,7,6,3,0,1,1,1,2,36,2,2,0.0,0.0,0.0,0.0,0.0,2.0,8,2,7
51273,16,2,3,17,3,3,0,1,0,1,1,12,2,4,1.0,0.0,0.0,0.0,1.0,3.0,17,7,4
78307,4,2,3,17,8,3,0,1,1,1,1,36,2,2,0.0,0.0,0.0,0.0,0.0,4.0,15,5,6
139134,16,2,0,17,8,3,0,1,0,1,2,36,2,4,1.0,0.0,0.0,0.0,1.0,1.0,0,1,10
93737,16,2,3,0,8,3,0,1,0,1,2,6,2,2,0.0,0.0,0.0,0.0,0.0,2.0,7,2,7
109248,16,2,3,10,10,3,5,5,1,1,1,19,2,2,0.0,0.0,0.0,0.0,0.0,2.0,17,5,8
15732,16,2,3,17,2,3,0,1,1,1,1,23,2,2,0.0,0.0,0.0,0.0,0.0,3.0,14,1,2
39930,15,2,3,17,6,3,0,5,1,1,2,36,2,2,0.0,0.0,0.0,0.0,0.0,2.0,15,6,3
135370,15,2,3,15,11,3,0,1,1,1,0,23,2,2,0.0,0.0,0.0,0.0,0.0,4.0,15,4,9
80160,15,2,3,9,8,3,0,1,0,1,0,18,2,3,1.0,0.0,0.0,1.0,0.0,1.0,9,4,6
106907,15,2,1,8,8,3,0,5,0,1,1,36,2,3,1.0,0.0,0.0,1.0,0.0,1.0,21,5,8
16915,16,2,3,17,8,3,6,1,0,1,2,36,2,2,0.0,0.0,0.0,0.0,0.0,2.0,7,2,2
123211,16,2,1,15,19,3,0,1,1,1,2,23,2,2,0.0,0.0,0.0,0.0,0.0,4.0,0,3,9
173006,16,2,3,10,6,3,0,1,0,1,2,36,2,2,0.0,0.0,0.0,0.0,0.0,2.0,16,5,12
125859,4,2,4,7,8,3,0,1,0,1,1,28,2,2,0.0,0.0,0.0,0.0,0.0,1.0,20,7,9
104402,16,2,3,0,6,3,0,1,0,1,2,18,2,1,2.0,0.0,2.0,0.0,0.0,1.0,16,3,8
9209,15,2,3,0,8,3,0,1,1,1,2,18,2,2,0.0,0.0,0.0,0.0,0.0,2.0,7,6,1
132945,16,7,3,10,8,3,6,1,1,1,1,19,2,2,0.0,0.0,0.0,0.0,0.0,2.0,15,1,9
171335,16,2,3,0,18,3,0,1,0,1,2,36,2,3,1.0,0.0,0.0,1.0,0.0,1.0,7,1,11
155906,16,7,1,10,6,3,6,5,1,1,0,36,2,2,0.0,0.0,0.0,0.0,0.0,5.0,20,6,11
75429,15,2,3,17,6,3,0,1,0,1,2,18,2,2,0.0,0.0,0.0,0.0,0.0,3.0,15,6,6
97514,16,2,3,0,3,3,0,1,1,1,2,18,2,2,0.0,0.0,0.0,0.0,0.0,3.0,15,4,7
93185,16,2,1,10,8,3,0,1,1,1,2,36,2,2,0.0,0.0,0.0,0.0,0.0,2.0,23,7,7
130306,15,2,3,0,2,3,0,1,0,1,2,18,3,2,0.0,0.0,0.0,0.0,0.0,3.0,15,6,9
25281,15,2,3,0,2,3,0,1,1,1,2,18,2,2,0.0,0.0,0.0,0.0,0.0,2.0,14,6,2
55218,17,7,3,14,8,3,6,1,1,1,2,39,2,2,0.0,0.0,0.0,0.0,0.0,2.0,8,4,4
107773,16,2,3,10,8,3,0,1,1,1,1,36,3,2,0.0,0.0,0.0,0.0,0.0,4.0,14,4,8
92178,16,2,3,0,6,3,0,5,1,1,2,6,2,2,0.0,0.0,0.0,0.0,0.0,3.0,17,6,7
69809,6,7,1,17,8,3,6,5,0,1,2,36,2,3,3.0,0.0,0.0,3.0,0.0,0.0,22,3,5
121605,16,2,1,3,6,3,0,5,0,1,2,36,2,3,1.0,0.0,0.0,1.0,0.0,1.0,19,2,9
89534,15,2,3,0,2,3,0,1,1,1,2,18,2,2,0.0,0.0,0.0,0.0,0.0,2.0,13,7,7
188602,16,2,1,10,2,3,4,1,0,1,2,17,2,3,1.0,0.0,0.0,1.0,0.0,1.0,17,1,12
100877,16,2,3,15,8,3,0,1,1,1,1,36,2,2,0.0,0.0,0.0,0.0,0.0,2.0,15,6,7
35834,16,2,0,15,8,3,0,1,1,1,2,36,2,2,0.0,0.0,0.0,0.0,0.0,2.0,18,6,3
82425,15,2,3,0,6,3,0,1,0,1,2,18,2,3,1.0,0.0,0.0,1.0,0.0,2.0,15,2,6
37159,16,3,3,9,2,3,0,1,0,1,2,18,2,1,1.0,0.0,1.0,0.0,0.0,2.0,15,2,3
12739,15,10,3,0,6,3,6,2,0,1,2,18,2,2,0.0,0.0,0.0,0.0,0.0,2.0,14,5,1
63843,16,2,1,0,6,3,0,1,0,1,2,6,2,4,2.0,0.0,0.0,0.0,2.0,1.0,2,1,5
84799,16,2,3,10,6,3,0,1,1,1,2,19,2,2,0.0,0.0,0.0,0.0,0.0,3.0,6,3,6
53989,16,2,3,10,8,3,0,1,1,1,1,17,2,2,0.0,0.0,0.0,0.0,0.0,2.0,14,5,4
7977,15,2,4,0,15,3,0,1,1,1,2,36,2,2,0.0,0.0,0.0,0.0,0.0,2.0,17,3,1
95486,16,2,3,0,15,3,0,1,0,1,2,36,2,3,1.0,0.0,0.0,1.0,0.0,1.0,7,2,7
144209,16,2,3,10,2,3,0,1,1,1,1,36,2,2,0.0,0.0,0.0,0.0,0.0,2.0,19,7,10
139533,16,7,1,2,8,4,6,1,0,0,2,36,1,2,0.0,0.0,0.0,0.0,0.0,2.0,1,1,10
6284,16,2,3,10,8,3,0,1,0,0,2,19,4,2,0.0,0.0,0.0,0.0,0.0,4.0,11,5,1
127787,4,2,3,17,3,3,0,1,0,1,2,18,2,3,1.0,0.0,0.0,1.0,0.0,1.0,17,5,9
182490,4,2,3,10,8,3,0,1,1,1,2,36,2,2,0.0,0.0,0.0,0.0,0.0,2.0,14,3,12
52112,16,2,3,17,8,3,0,1,0,0,2,24,2,3,1.0,0.0,0.0,1.0,0.0,1.0,13,2,4
180940,4,2,3,17,6,3,0,1,1,1,1,36,2,2,0.0,0.0,0.0,0.0,0.0,2.0,9,2,12
145954,16,2,1,17,1,3,0,1,1,1,2,24,2,2,0.0,0.0,0.0,0.0,0.0,2.0,21,3,10
40475,15,2,3,0,6,3,0,1,0,1,2,36,2,2,0.0,0.0,0.0,0.0,0.0,3.0,15,2,3
163666,15,7,3,17,11,3,6,1,0,1,2,36,2,3,1.0,0.0,0.0,1.0,0.0,2.0,11,4,11
117835,17,2,0,2,2,3,0,1,1,0,2,17,1,2,0.0,0.0,0.0,0.0,0.0,1.0,22,2,8
70779,16,2,3,0,15,3,0,1,0,1,2,6,2,2,0.0,0.0,0.0,0.0,0.0,2.0,15,5,5
128150,15,2,3,0,3,3,0,1,1,1,1,36,2,2,0.0,0.0,0.0,0.0,0.0,2.0,10,4,9
49909,17,7,1,10,3,3,0,5,1,1,2,19,3,2,0.0,0.0,0.0,0.0,0.0,3.0,20,4,4
99897,4,2,3,7,12,3,0,5,1,0,0,12,2,2,0.0,0.0,0.0,0.0,0.0,2.0,12,4,7
69546,16,2,3,10,8,3,0,1,1,0,0,36,2,2,0.0,0.0,0.0,0.0,0.0,3.0,14,7,5
39427,16,2,3,17,8,3,0,5,1,1,1,12,2,2,0.0,0.0,0.0,0.0,0.0,2.0,18,2,3
174468,4,2,3,11,8,3,0,1,1,0,0,38,2,2,0.0,0.0,0.0,0.0,0.0,2.0,14,5,12
139191,15,2,3,10,8,3,0,1,0,1,2,36,2,2,0.0,0.0,0.0,0.0,0.0,3.0,9,2,10
109847,16,2,3,10,1,3,6,1,0,1,2,30,3,3,2.0,0.0,0.0,2.0,0.0,1.0,16,7,8
58217,16,11,1,0,11,3,5,5,0,1,2,36,2,2,0.0,0.0,0.0,0.0,0.0,4.0,21,4,5
138307,16,7,3,15,8,3,6,1,1,1,1,36,2,2,0.0,0.0,0.0,0.0,0.0,2.0,15,4,10
91395,16,2,3,17,15,2,0,1,1,1,2,12,2,2,0.0,0.0,0.0,0.0,0.0,2.0,11,1,7
27161,16,2,3,15,10,3,0,1,1,1,1,36,2,2,0.0,0.0,0.0,0.0,0.0,2.0,9,2,2
163551,16,3,3,17,10,3,0,1,1,1,2,36,2,2,0.0,0.0,0.0,0.0,0.0,2.0,9,5,11
25125,16,7,1,10,10,3,6,5,1,1,1,36,2,2,0.0,0.0,0.0,0.0,0.0,2.0,5,4,2
163109,16,2,3,15,2,3,0,5,1,1,2,36,2,2,0.0,0.0,0.0,0.0,0.0,2.0,15,4,11
107151,15,2,3,0,6,3,0,5,1,1,2,36,2,2,0.0,0.0,0.0,0.0,0.0,4.0,10,3,8
186404,16,3,3,17,8,3,6,1,0,1,2,18,2,3,1.0,0.0,0.0,1.0,0.0,1.0,13,5,12
107897,16,2,3,17,3,3,0,1,1,1,0,36,2,2,0.0,0.0,0.0,0.0,0.0,2.0,11,5,8
5367,16,2,3,9,6,3,0,1,0,1,0,36,2,3,1.0,0.0,0.0,1.0,0.0,1.0,12,5,1
145926,16,2,3,10,8,3,5,5,1,1,2,36,2,2,0.0,0.0,0.0,0.0,0.0,2.0,15,3,10
20896,4,10,3,17,10,3,4,1,1,1,2,39,3,2,0.0,0.0,0.0,0.0,0.0,3.0,12,7,2
144229,15,2,3,0,8,3,0,1,1,1,1,36,2,2,0.0,0.0,0.0,0.0,0.0,2.0,10,7,10
49260,16,2,1,10,2,3,0,1,0,1,1,20,2,3,1.0,0.0,0.0,1.0,0.0,1.0,21,7,4
145945,15,2,3,9,15,3,0,2,1,1,0,9,2,2,0.0,0.0,0.0,0.0,0.0,3.0,7,3,10
44121,16,11,0,0,11,3,5,1,1,1,2,6,2,2,0.0,0.0,0.0,0.0,0.0,2.0,19,4,4
187122,15,11,5,0,8,3,5,5,1,1,2,17,2,2,0.0,0.0,0.0,0.0,0.0,2.0,17,6,12
651,4,2,1,10,10,3,0,1,1,1,1,21,2,2,0.0,0.0,0.0,0.0,0.0,2.0,17,4,1
17313,15,3,3,0,8,3,0,1,0,1,2,18,2,2,0.0,0.0,0.0,0.0,0.0,3.0,8,2,2
87804,16,2,3,10,2,3,0,1,1,1,2,19,2,2,0.0,0.0,0.0,0.0,0.0,3.0,18,7,7
2064,16,2,3,15,8,3,0,1,0,1,2,28,2,3,1.0,0.0,0.0,1.0,0.0,1.0,14,7,1
25601,15,2,3,0,15,3,6,1,1,1,2,18,2,2,0.0,0.0,0.0,0.0,0.0,3.0,8,5,2
58387,16,2,3,17,2,3,0,1,0,1,2,18,3,1,1.0,0.0,1.0,0.0,0.0,2.0,12,6,5
22586,15,2,3,2,2,3,0,1,0,1,2,30,1,3,1.0,0.0,0.0,1.0,0.0,0.0,14,7,2
143399,16,7,2,17,8,3,6,1,1,1,2,36,2,2,0.0,0.0,0.0,0.0,0.0,3.0,17,4,10
39145,16,2,3,9,6,3,0,1,0,1,2,18,2,4,1.0,0.0,0.0,0.0,1.0,1.0,8,5,3
149680,16,2,1,17,15,3,0,1,1,1,2,24,2,2,0.0,0.0,0.0,0.0,0.0,3.0,19,2,10
53152,16,7,3,10,2,3,6,1,1,1,2,19,2,2,0.0,0.0,0.0,0.0,0.0,2.0,16,7,4
11592,16,4,3,17,6,3,6,5,1,1,2,24,2,2,0.0,0.0,0.0,0.0,0.0,3.0,14,6,1
50390,16,2,3,15,2,3,0,1,1,1,2,22,2,2,0.0,0.0,0.0,0.0,0.0,2.0,13,6,4
14110,16,10,1,15,6,3,4,1,0,0,2,28,4,2,0.0,0.0,0.0,0.0,0.0,4.0,23,1,1
35014,16,2,3,0,6,3,0,1,0,1,2,6,2,3,2.0,0.0,0.0,2.0,0.0,0.0,14,1,3
160123,17,2,3,0,6,3,0,5,1,1,2,26,2,2,0.0,0.0,0.0,0.0,0.0,2.0,6,4,11
105932,16,2,3,10,8,3,0,1,1,1,2,36,2,2,0.0,0.0,0.0,0.0,0.0,2.0,12,4,8
72681,15,2,3,0,6,3,0,1,0,1,2,18,2,3,2.0,0.0,0.0,2.0,0.0,1.0,15,6,6
83768,16,2,4,10,8,3,0,1,0,1,2,17,2,4,1.0,0.0,0.0,0.0,1.0,2.0,22,7,6
93209,15,2,3,0,2,3,0,1,0,1,2,5,4,3,1.0,0.0,0.0,1.0,0.0,1.0,14,1,7
163374,15,2,4,0,8,3,0,1,1,1,1,28,2,2,0.0,0.0,0.0,0.0,0.0,3.0,16,2,11
70678,4,2,3,17,8,3,0,1,1,1,2,24,2,2,0.0,0.0,0.0,0.0,0.0,3.0,19,3,5
74048,16,2,3,0,2,3,0,1,0,1,2,18,2,2,0.0,0.0,0.0,0.0,0.0,2.0,9,4,6
40984,16,2,3,17,3,3,0,1,1,1,1,19,2,2,0.0,0.0,0.0,0.0,0.0,3.0,15,3,3
120496,16,2,3,0,11,3,0,1,1,1,1,5,2,2,0.0,0.0,0.0,0.0,0.0,2.0,16,5,9
93381,16,3,3,8,8,3,0,1,0,1,0,36,2,3,1.0,0.0,0.0,1.0,0.0,1.0,11,3,7
188227,16,10,3,0,6,3,6,5,0,1,2,18,2,2,0.0,0.0,0.0,0.0,0.0,2.0,14,2,12
152123,16,2,3,10,10,3,6,5,0,0,2,12,2,4,1.0,0.0,0.0,0.0,1.0,1.0,9,6,10
106695,16,2,3,17,2,3,5,5,1,1,2,18,2,2,0.0,0.0,0.0,0.0,0.0,8.0,19,7,8
82411,15,2,3,17,8,3,0,1,1,1,2,36,2,2,0.0,0.0,0.0,0.0,0.0,2.0,14,2,6
180001,15,2,1,0,6,3,0,1,1,1,2,18,2,2,0.0,0.0,0.0,0.0,0.0,3.0,1,7,12
16600,16,10,3,0,6,3,4,5,0,1,2,13,2,2,0.0,0.0,0.0,0.0,0.0,3.0,13,5,2
73559,16,2,1,17,6,3,0,1,0,1,2,26,2,3,2.0,0.0,0.0,1.0,1.0,1.0,22,5,6
140576,16,2,1,10,11,3,0,1,1,1,1,19,2,2,0.0,0.0,0.0,0.0,0.0,2.0,19,7,10
72253,16,7,1,10,13,4,6,1,1,1,2,19,2,2,0.0,0.0,0.0,0.0,0.0,2.0,19,7,6
110723,15,2,0,17,8,3,0,1,0,1,2,18,2,1,1.0,0.0,1.0,0.0,0.0,5.0,21,7,8
26977,16,11,5,17,8,3,5,5,1,1,1,18,2,2,0.0,0.0,0.0,0.0,0.0,3.0,22,6,2
6968,16,10,1,0,8,3,4,1,1,1,2,36,2,2,0.0,0.0,0.0,0.0,0.0,2.0,12,1,1
142082,15,6,1,0,8,3,0,1,0,1,2,36,2,4,1.0,0.0,0.0,0.0,1.0,4.0,22,1,10
123330,16,2,2,17,1,3,0,1,1,1,2,6,2,2,0.0,0.0,0.0,0.0,0.0,2.0,6,4,9
145501,15,2,3,0,6,3,6,1,1,1,2,18,2,2,0.0,0.0,0.0,0.0,0.0,7.0,7,5,10
21010,16,2,3,15,2,3,0,1,1,1,2,23,2,2,0.0,0.0,0.0,0.0,0.0,2.0,14,3,2
46288,16,3,3,17,2,3,0,1,1,1,0,24,2,2,0.0,0.0,0.0,0.0,0.0,3.0,12,1,4
119503,4,2,3,8,2,3,0,1,1,0,1,36,2,2,0.0,0.0,0.0,0.0,0.0,2.0,19,5,8
90975,4,2,3,10,8,3,0,1,1,1,1,19,2,2,0.0,0.0,0.0,0.0,0.0,3.0,8,7,7
30394,15,2,1,17,8,3,0,1,1,1,1,18,2,2,0.0,0.0,0.0,0.0,0.0,3.0,1,1,3
127615,15,2,3,0,6,3,0,1,1,1,2,18,2,2,0.0,0.0,0.0,0.0,0.0,2.0,16,4,9
113236,15,2,3,0,8,3,0,1,1,1,1,36,2,2,0.0,0.0,0.0,0.0,0.0,2.0,15,3,8
8453,16,2,3,17,6,3,0,1,0,1,2,24,2,3,1.0,0.0,0.0,1.0,0.0,1.0,8,3,1
187782,16,10,0,10,2,3,4,1,1,1,1,36,2,2,0.0,0.0,0.0,0.0,0.0,2.0,17,3,12
78772,4,7,5,10,8,3,6,1,1,1,1,17,2,2,0.0,0.0,0.0,0.0,0.0,2.0,18,4,6
184460,16,2,1,17,6,3,0,5,0,1,2,24,2,3,1.0,0.0,0.0,1.0,0.0,1.0,17,4,12
174422,16,2,1,17,10,3,0,1,1,1,0,22,2,2,0.0,0.0,0.0,0.0,0.0,4.0,18,4,12
144064,15,2,3,17,8,3,0,1,1,1,2,23,2,2,0.0,0.0,0.0,0.0,0.0,4.0,16,5,10
21778,15,2,3,17,10,3,0,1,1,1,2,18,2,2,0.0,0.0,0.0,0.0,0.0,3.0,14,7,2
95140,16,2,3,15,6,3,0,1,0,1,2,22,2,2,0.0,0.0,0.0,0.0,0.0,2.0,8,2,7
84566,16,2,1,3,8,3,0,1,0,1,2,28,2,2,0.0,0.0,0.0,0.0,0.0,4.0,1,7,6
117729,15,2,3,0,10,3,0,1,0,1,2,36,2,4,2.0,0.0,0.0,0.0,2.0,3.0,19,7,8
32506,15,2,3,0,2,3,0,1,0,1,2,18,2,2,0.0,0.0,0.0,0.0,0.0,3.0,17,7,3
160417,4,2,1,10,8,3,0,1,1,0,2,19,2,2,0.0,0.0,0.0,0.0,0.0,3.0,23,6,11
52931,4,2,2,10,8,3,0,1,1,1,2,21,2,2,0.0,0.0,0.0,0.0,0.0,2.0,7,4,4
3726,16,2,3,10,6,3,0,5,1,1,2,19,2,2,0.0,0.0,0.0,0.0,0.0,2.0,16,1,1
42145,16,7,3,10,3,3,6,1,1,1,1,17,2,2,0.0,0.0,0.0,0.0,0.0,2.0,17,6,3
98889,16,2,3,8,6,3,0,1,0,1,2,18,2,3,1.0,0.0,0.0,1.0,0.0,1.0,11,2,7
2664,16,2,1,0,6,3,0,1,0,1,1,6,2,4,1.0,0.0,0.0,0.0,1.0,1.0,23,4,1
150371,4,2,3,17,2,3,5,5,1,0,2,24,2,2,0.0,0.0,0.0,0.0,0.0,3.0,16,2,10
148774,16,2,3,10,3,3,0,1,1,1,1,19,2,2,0.0,0.0,0.0,0.0,0.0,2.0,13,1,10
169214,4,7,4,0,8,3,6,1,1,1,2,36,2,2,0.0,0.0,0.0,0.0,0.0,2.0,14,1,11
90296,16,2,1,10,8,3,0,1,1,1,0,36,2,2,0.0,0.0,0.0,0.0,0.0,2.0,0,4,7
48405,15,2,0,13,6,3,0,1,0,1,2,36,2,3,1.0,0.0,0.0,1.0,0.0,2.0,5,6,4
155574,16,2,1,15,8,3,0,1,1,1,2,36,2,2,0.0,0.0,0.0,0.0,0.0,2.0,20,3,10
65801,4,2,3,10,8,3,0,1,0,1,1,19,2,4,1.0,0.0,0.0,0.0,1.0,3.0,14,5,5
99417,16,2,3,10,2,3,0,1,1,1,2,19,2,2,0.0,0.0,0.0,0.0,0.0,2.0,16,5,7
147198,16,2,0,15,8,3,0,1,1,1,1,23,2,2,0.0,0.0,0.0,0.0,0.0,6.0,18,1,10