crash_date,               traffic_control_device,weather_condition,lighting_condition,first_crash_type,trafficway_type,alignment,roadway_surface_cond,road_defect,crash_type,intersection_related_i,damage,prim_contributory_cause,num_units,most_severe_injury,injuries_total,injuries_fatal,injuries_incapacitating,injuries_non_incapacitating,injuries_reported_not_evident,injuries_no_indication,crash_hour,crash_day_of_week,crash_month
110546,15,2,1,0,6,3,6,1,1,1,1,36,2,2,0.0,0.0,0.0,0.0,0.0,3.0,0,3,8
152637,16,7,3,0,6,3,6,1,1,1,2,18,2,2,0.0,0.0,0.0,0.0,0.0,3.0,15,5,10
99464,17,2,3,15,6,3,0,1,1,1,0,19,2,2,0.0,0.0,0.0,0.0,0.0,2.0,15,6,7
33898,4,2,1,17,8,3,0,1,1,1,1,24,2,2,0.0,0.0,0.0,0.0,0.0,3.0,19,3,3
183080,16,2,4,17,1,3,0,1,1,1,2,36,2,2,0.0,0.0,0.0,0.0,0.0,2.0,16,4,12
76073,16,2,3,8,3,3,0,5,1,1,0,18,2,2,0.0,0.0,0.0,0.0,0.0,2.0,11,6,6
135746,16,11,5,17,8,3,5,5,1,1,2,12,2,2,0.0,0.0,0.0,0.0,0.0,2.0,15,4,9
126888,4,2,3,17,8,3,0,1,1,1,2,18,2,2,0.0,0.0,0.0,0.0,0.0,2.0,14,1,9
112956,16,2,4,17,2,3,0,1,1,1,2,36,2,2,0.0,0.0,0.0,0.0,0.0,2.0,16,7,8
135690,16,2,4,15,3,3,0,1,1,1,2,23,2,2,0.0,0.0,0.0,0.0,0.0,2.0,5,3,9
116301,16,2,3,15,10,3,0,1,1,1,0,23,2,2,0.0,0.0,0.0,0.0,0.0,2.0,16,7,8
117280,16,2,1,0,2,3,0,1,0,1,2,6,2,3,1.0,0.0,0.0,1.0,0.0,2.0,3,1,8
84501,15,2,3,0,8,3,0,1,0,1,2,5,2,2,0.0,0.0,0.0,0.0,0.0,2.0,13,6,6
23573,16,2,3,17,2,3,6,1,0,1,2,18,2,4,1.0,0.0,0.0,0.0,1.0,1.0,13,3,2
130450,16,11,5,10,17,3,5,5,1,1,2,19,2,2,0.0,0.0,0.0,0.0,0.0,2.0,3,1,9
16566,10,10,1,9,2,3,6,1,0,1,0,18,2,3,1.0,0.0,0.0,1.0,0.0,1.0,18,3,2
161151,16,2,3,0,6,3,0,1,1,1,2,6,2,2,0.0,0.0,0.0,0.0,0.0,2.0,13,5,11
134699,15,2,3,0,6,3,0,1,0,1,2,36,2,2,0.0,0.0,0.0,0.0,0.0,2.0,14,4,9
38100,16,2,3,0,8,3,0,1,0,1,2,6,3,3,1.0,0.0,0.0,1.0,0.0,3.0,14,6,3
80119,16,2,3,15,6,3,0,1,1,1,2,36,2,2,0.0,0.0,0.0,0.0,0.0,2.0,15,4,6
117941,4,2,3,17,2,3,0,1,0,1,2,22,2,4,1.0,0.0,0.0,0.0,1.0,1.0,9,5,8
135125,16,2,3,10,6,3,0,5,1,1,2,36,3,2,0.0,0.0,0.0,0.0,0.0,6.0,9,1,9
3719,16,2,1,10,3,3,0,1,0,1,2,17,2,3,1.0,0.0,0.0,1.0,0.0,1.0,3,1,1
151859,15,7,3,0,6,3,6,5,1,1,2,26,2,2,0.0,0.0,0.0,0.0,0.0,3.0,9,2,10
101426,16,2,3,17,2,3,0,5,1,1,2,18,2,2,0.0,0.0,0.0,0.0,0.0,2.0,18,7,7
99469,4,2,3,17,6,3,0,5,1,1,2,2,2,2,0.0,0.0,0.0,0.0,0.0,3.0,16,6,7
167000,16,10,3,10,2,3,4,1,1,1,2,39,2,2,0.0,0.0,0.0,0.0,0.0,4.0,14,7,11
56975,15,2,3,0,3,3,0,1,1,1,1,36,2,2,0.0,0.0,0.0,0.0,0.0,2.0,15,4,5
25061,16,7,4,17,6,3,6,1,1,1,2,18,3,2,0.0,0.0,0.0,0.0,0.0,3.0,14,3,2
73290,16,2,3,7,8,3,0,1,0,1,2,36,2,2,0.0,0.0,0.0,0.0,0.0,1.0,14,2,6
111265,15,2,1,10,6,3,0,1,0,1,1,18,3,3,1.0,0.0,0.0,1.0,0.0,2.0,21,1,8
98217,16,2,3,0,1,3,0,1,0,1,2,36,2,3,1.0,0.0,0.0,1.0,0.0,1.0,10,6,7
64557,15,2,3,17,2,3,0,1,0,1,2,18,3,3,1.0,0.0,0.0,1.0,0.0,1.0,12,4,5
38224,16,2,1,17,8,3,0,1,1,0,1,18,2,2,0.0,0.0,0.0,0.0,0.0,2.0,4,2,3
35719,16,7,1,17,6,3,6,5,0,1,2,6,2,2,0.0,0.0,0.0,0.0,0.0,4.0,21,5,3
45224,16,2,3,10,8,3,6,1,1,1,2,19,2,2,0.0,0.0,0.0,0.0,0.0,2.0,10,5,4
134431,4,2,1,15,2,3,0,1,0,1,2,23,2,2,0.0,0.0,0.0,0.0,0.0,2.0,22,6,9
89646,17,2,0,15,8,3,0,1,1,1,2,36,2,2,0.0,0.0,0.0,0.0,0.0,5.0,22,1,7
70127,4,2,3,0,8,3,0,1,1,1,1,36,2,2,0.0,0.0,0.0,0.0,0.0,2.0,8,3,5
133341,16,2,1,0,3,3,5,5,0,1,2,8,2,4,1.0,0.0,0.0,0.0,1.0,3.0,18,5,9
131407,16,2,3,2,8,3,0,1,1,1,1,24,1,2,0.0,0.0,0.0,0.0,0.0,1.0,12,5,9
122067,15,2,3,17,6,3,0,5,0,1,2,18,2,4,2.0,0.0,0.0,0.0,2.0,2.0,18,1,9
144935,15,2,2,17,8,3,5,5,0,1,2,36,2,2,0.0,0.0,0.0,0.0,0.0,2.0,19,4,10
55985,16,2,3,10,6,3,0,1,1,1,1,19,2,2,0.0,0.0,0.0,0.0,0.0,3.0,7,3,4
112481,4,2,3,10,8,3,0,1,1,1,2,36,2,2,0.0,0.0,0.0,0.0,0.0,2.0,15,5,8
15474,16,2,3,10,6,3,0,1,1,1,0,19,2,2,0.0,0.0,0.0,0.0,0.0,2.0,8,4,2
8425,16,2,3,17,8,3,0,1,1,1,1,12,2,2,0.0,0.0,0.0,0.0,0.0,2.0,13,3,1
91454,15,2,3,17,8,3,0,1,0,1,2,18,2,2,0.0,0.0,0.0,0.0,0.0,2.0,9,7,7
72675,16,2,3,15,2,3,0,1,1,1,2,18,2,2,0.0,0.0,0.0,0.0,0.0,2.0,14,6,6
45201,15,2,3,17,6,3,5,1,0,1,2,36,2,2,0.0,0.0,0.0,0.0,0.0,2.0,7,5,4
65981,16,2,3,17,6,3,0,5,1,1,1,24,2,2,0.0,0.0,0.0,0.0,0.0,3.0,10,7,5
37651,16,2,1,17,8,3,0,1,0,1,2,3,2,2,0.0,0.0,0.0,0.0,0.0,2.0,21,4,3
106866,16,2,3,10,8,3,0,1,1,1,2,36,2,2,0.0,0.0,0.0,0.0,0.0,2.0,14,5,8
147279,15,2,3,0,6,3,0,1,0,1,2,36,2,2,0.0,0.0,0.0,0.0,0.0,3.0,13,3,10
67326,16,2,3,0,2,3,0,1,1,1,2,36,2,2,0.0,0.0,0.0,0.0,0.0,2.0,12,7,5
152164,15,7,3,9,10,3,6,1,0,1,0,18,2,3,1.0,0.0,0.0,1.0,0.0,1.0,14,4,10
156092,16,2,3,17,8,3,0,1,0,1,2,12,2,2,0.0,0.0,0.0,0.0,0.0,2.0,7,3,11
168424,16,2,3,9,15,3,0,1,0,1,0,13,2,3,1.0,0.0,0.0,1.0,0.0,1.0,9,3,11
94471,16,2,3,15,6,3,5,5,1,1,1,36,2,2,0.0,0.0,0.0,0.0,0.0,2.0,18,7,7
29322,4,2,3,2,3,3,0,1,0,1,0,36,1,2,0.0,0.0,0.0,0.0,0.0,1.0,7,3,3
136405,15,2,3,0,8,3,0,1,0,1,2,18,2,4,1.0,0.0,0.0,0.0,1.0,1.0,10,5,9
185072,16,2,3,8,8,3,0,5,1,1,0,19,2,2,0.0,0.0,0.0,0.0,0.0,2.0,14,7,12
100652,16,2,3,15,8,3,0,5,1,1,1,36,2,2,0.0,0.0,0.0,0.0,0.0,2.0,9,3,7
12042,16,2,3,17,11,3,0,1,1,1,1,22,2,2,0.0,0.0,0.0,0.0,0.0,3.0,7,6,1
143024,15,2,0,15,8,3,0,1,1,1,2,36,2,2,0.0,0.0,0.0,0.0,0.0,2.0,2,7,10
8032,16,2,1,0,6,3,6,5,1,1,1,24,2,2,0.0,0.0,0.0,0.0,0.0,2.0,17,5,1
103764,15,2,2,0,8,3,0,1,0,1,2,36,2,2,0.0,0.0,0.0,0.0,0.0,2.0,4,1,7
70804,4,2,3,10,3,3,0,1,1,1,1,17,3,2,0.0,0.0,0.0,0.0,0.0,3.0,18,5,5
149952,16,2,3,15,6,3,0,1,1,1,0,23,2,2,0.0,0.0,0.0,0.0,0.0,2.0,10,3,10
12173,15,3,3,0,10,3,0,1,1,1,0,36,2,2,0.0,0.0,0.0,0.0,0.0,5.0,10,2,1
143124,16,2,3,17,6,3,0,1,1,1,2,36,2,2,0.0,0.0,0.0,0.0,0.0,3.0,10,1,10
42296,16,2,1,8,8,3,0,1,1,1,0,17,2,2,0.0,0.0,0.0,0.0,0.0,5.0,22,7,4
124065,16,2,3,17,6,3,0,1,0,1,2,35,2,4,1.0,0.0,0.0,0.0,1.0,1.0,8,2,9
94129,16,2,1,7,8,3,0,1,0,0,2,22,2,2,0.0,0.0,0.0,0.0,0.0,1.0,4,7,7
177824,16,2,3,10,8,3,0,1,1,1,2,17,2,2,0.0,0.0,0.0,0.0,0.0,2.0,8,3,12
159241,4,2,0,0,2,3,0,5,0,1,2,18,2,3,1.0,0.0,0.0,1.0,0.0,2.0,19,3,11
137118,4,2,1,17,8,3,0,1,1,1,2,24,2,2,0.0,0.0,0.0,0.0,0.0,2.0,23,7,9
152302,16,2,1,15,8,3,0,1,0,1,0,19,2,3,1.0,0.0,0.0,1.0,0.0,2.0,18,6,10
157977,4,7,3,17,15,3,6,1,0,1,2,17,2,2,0.0,0.0,0.0,0.0,0.0,2.0,7,2,11
37055,16,2,3,17,11,3,0,1,0,1,2,36,2,2,0.0,0.0,0.0,0.0,0.0,2.0,17,1,3
81820,15,2,3,0,6,3,0,1,1,1,2,5,2,2,0.0,0.0,0.0,0.0,0.0,2.0,9,7,6
170755,15,10,1,17,8,3,4,5,1,1,2,36,2,2,0.0,0.0,0.0,0.0,0.0,2.0,20,4,11
133835,16,2,3,7,8,3,0,1,1,1,1,36,2,2,0.0,0.0,0.0,0.0,0.0,1.0,9,5,9
151616,16,2,3,17,11,2,0,1,1,1,2,23,2,2,0.0,0.0,0.0,0.0,0.0,2.0,11,4,10
117943,16,2,1,15,18,3,5,5,0,1,1,36,2,4,1.0,0.0,0.0,0.0,1.0,2.0,21,5,8
93263,16,7,3,10,6,3,6,1,1,1,2,19,2,2,0.0,0.0,0.0,0.0,0.0,2.0,12,1,7
141457,16,2,3,17,8,3,0,5,1,1,2,18,2,2,0.0,0.0,0.0,0.0,0.0,2.0,19,6,10
11931,16,2,3,15,8,3,0,1,1,1,0,12,2,2,0.0,0.0,0.0,0.0,0.0,3.0,8,4,1
107451,4,2,1,2,3,3,0,1,0,1,2,36,1,3,1.0,0.0,0.0,1.0,0.0,1.0,0,6,8
81523,15,2,3,17,8,3,0,5,1,1,2,24,2,2,0.0,0.0,0.0,0.0,0.0,2.0,11,2,6
1623,4,2,3,10,8,3,0,1,1,1,1,17,2,2,0.0,0.0,0.0,0.0,0.0,2.0,12,6,1
107343,15,2,3,8,6,3,0,5,0,1,2,11,2,1,1.0,0.0,1.0,0.0,0.0,1.0,18,4,8
166282,16,2,3,10,6,3,5,1,1,1,1,36,2,2,0.0,0.0,0.0,0.0,0.0,2.0,15,7,11
162049,16,2,3,10,6,3,0,1,1,1,2,36,2,2,0.0,0.0,0.0,0.0,0.0,2.0,8,3,11
87072,16,2,1,17,6,3,0,1,0,1,2,18,2,1,1.0,0.0,1.0,0.0,0.0,1.0,21,4,6
47108,4,2,3,8,2,3,0,1,1,0,0,12,2,2,0.0,0.0,0.0,0.0,0.0,3.0,13,4,4
71091,4,2,3,15,8,3,0,1,1,1,2,23,2,2,0.0,0.0,0.0,0.0,0.0,2.0,14,5,5
120797,4,2,3,10,8,3,0,4,1,1,1,19,2,2,0.0,0.0,0.0,0.0,0.0,2.0,17,4,9
1165,16,2,3,17,6,3,0,5,0,1,2,36,2,4,1.0,0.0,0.0,0.0,1.0,1.0,13,6,1
54489,15,2,4,17,15,3,0,1,1,1,2,24,2,2,0.0,0.0,0.0,0.0,0.0,2.0,19,7,4
125513,16,2,3,17,8,3,0,1,0,1,2,24,2,3,1.0,0.0,0.0,1.0,0.0,1.0,9,1,9
140967,15,2,3,17,8,3,0,1,0,1,2,18,2,2,0.0,0.0,0.0,0.0,0.0,2.0,14,1,10
163318,16,2,1,0,8,3,0,5,1,1,2,36,2,2,0.0,0.0,0.0,0.0,0.0,2.0,4,1,11
47483,4,2,3,17,8,3,0,1,0,1,2,12,2,1,1.0,0.0,1.0,0.0,0.0,3.0,8,4,4
73971,16,2,3,17,10,3,0,1,1,1,1,35,2,2,0.0,0.0,0.0,0.0,0.0,2.0,11,3,6
33524,16,2,3,0,8,3,0,1,0,1,2,36,2,3,2.0,0.0,0.0,2.0,0.0,2.0,7,5,3
154793,16,2,3,8,6,3,0,1,1,1,2,26,2,2,0.0,0.0,0.0,0.0,0.0,2.0,15,7,10
68940,15,7,1,0,6,3,6,1,0,1,2,18,2,4,1.0,0.0,0.0,0.0,1.0,1.0,2,5,5
14528,4,3,3,0,2,3,4,5,1,1,2,18,2,2,0.0,0.0,0.0,0.0,0.0,2.0,9,2,1
156321,15,7,3,0,8,3,6,1,0,1,1,36,2,4,1.0,0.0,0.0,0.0,1.0,1.0,13,5,11
62171,16,2,3,17,8,3,0,1,1,1,0,19,2,2,0.0,0.0,0.0,0.0,0.0,2.0,11,1,5
54534,16,3,3,15,10,3,0,1,1,1,2,36,2,2,0.0,0.0,0.0,0.0,0.0,4.0,15,5,4
98849,16,2,3,0,6,3,0,1,0,1,2,6,2,2,0.0,0.0,0.0,0.0,0.0,3.0,16,2,7
16217,15,2,3,11,8,3,6,1,1,1,2,21,2,2,0.0,0.0,0.0,0.0,0.0,3.0,10,4,2
88078,16,2,3,9,3,3,0,1,0,1,0,18,2,1,1.0,0.0,1.0,0.0,0.0,1.0,8,5,7
152015,16,7,1,17,6,3,6,5,0,1,2,36,6,4,2.0,0.0,0.0,0.0,2.0,6.0,19,4,10
165567,15,2,3,8,8,3,0,1,0,1,0,36,2,3,1.0,0.0,0.0,1.0,0.0,1.0,14,4,11
122727,4,2,1,13,10,3,0,1,1,1,2,18,2,2,0.0,0.0,0.0,0.0,0.0,2.0,21,4,9
59733,16,2,3,8,8,3,0,1,0,1,1,18,2,3,1.0,0.0,0.0,1.0,0.0,1.0,14,7,5
164671,16,2,3,10,16,3,0,1,1,1,2,17,3,2,0.0,0.0,0.0,0.0,0.0,3.0,14,7,11
64931,17,2,3,17,6,3,0,1,0,1,2,24,2,4,1.0,0.0,0.0,0.0,1.0,1.0,15,5,5
22053,15,2,3,0,6,3,0,1,0,1,2,18,2,2,0.0,0.0,0.0,0.0,0.0,2.0,8,5,2
5146,4,2,1,10,8,3,0,1,0,1,1,8,2,2,0.0,0.0,0.0,0.0,0.0,4.0,5,2,1
15785,16,2,2,17,6,4,0,1,0,1,2,18,2,4,1.0,0.0,0.0,0.0,1.0,1.0,5,3,2
67500,16,2,1,15,6,3,0,1,1,1,2,22,2,2,0.0,0.0,0.0,0.0,0.0,4.0,21,3,5
130474,15,2,1,17,4,3,0,1,0,1,2,36,2,3,1.0,0.0,0.0,1.0,0.0,3.0,19,1,9
71316,16,2,3,10,8,3,0,1,1,1,1,19,2,2,0.0,0.0,0.0,0.0,0.0,4.0,12,5,5
23770,4,2,1,7,6,3,0,1,1,1,1,36,2,2,0.0,0.0,0.0,0.0,0.0,1.0,18,6,2
3799,16,2,1,10,6,3,0,1,1,1,2,36,2,2,0.0,0.0,0.0,0.0,0.0,2.0,0,2,1
124312,6,2,0,0,11,3,0,5,0,1,2,36,2,2,0.0,0.0,0.0,0.0,0.0,3.0,17,7,9
171969,15,2,1,17,6,3,0,1,0,1,2,18,2,2,0.0,0.0,0.0,0.0,0.0,3.0,17,4,11
26860,15,2,3,0,6,3,0,1,0,1,2,5,2,2,0.0,0.0,0.0,0.0,0.0,3.0,17,4,2
186524,16,11,5,10,2,3,5,5,0,1,2,36,3,2,0.0,0.0,0.0,0.0,0.0,3.0,8,4,12
163713,16,10,3,9,10,3,6,1,0,1,0,18,2,3,1.0,0.0,0.0,1.0,0.0,3.0,7,5,11
157966,15,7,1,17,2,3,6,5,1,1,2,36,2,2,0.0,0.0,0.0,0.0,0.0,3.0,18,2,11
134122,16,7,3,2,3,3,6,5,1,1,0,19,1,2,0.0,0.0,0.0,0.0,0.0,1.0,10,3,9
83637,16,2,1,10,8,3,0,1,1,1,1,17,2,2,0.0,0.0,0.0,0.0,0.0,3.0,22,7,6
61022,16,2,3,0,6,3,0,1,1,1,1,22,3,2,0.0,0.0,0.0,0.0,0.0,3.0,10,6,5
19117,16,7,1,9,8,3,6,1,0,1,2,18,2,3,1.0,0.0,0.0,1.0,0.0,1.0,6,5,2
150396,16,2,1,17,1,3,0,1,1,1,0,24,2,2,0.0,0.0,0.0,0.0,0.0,2.0,19,2,10
74388,15,7,3,8,2,3,6,5,0,1,1,36,2,1,1.0,0.0,1.0,0.0,0.0,2.0,8,4,6
135468,16,2,1,17,3,3,0,1,1,1,1,24,2,2,0.0,0.0,0.0,0.0,0.0,3.0,23,5,9
27141,15,2,5,0,8,3,5,5,1,1,2,36,2,2,0.0,0.0,0.0,0.0,0.0,2.0,17,2,2
46979,16,2,3,17,6,3,0,1,1,1,2,19,2,2,0.0,0.0,0.0,0.0,0.0,2.0,16,3,4
112358,15,2,3,17,6,3,0,1,0,1,2,18,2,2,0.0,0.0,0.0,0.0,0.0,2.0,8,4,8
172807,15,2,3,10,8,3,0,1,1,1,2,36,2,2,0.0,0.0,0.0,0.0,0.0,6.0,11,7,12
50396,4,2,3,7,8,3,0,1,1,1,1,12,2,2,0.0,0.0,0.0,0.0,0.0,2.0,15,6,4
101933,16,2,1,0,2,3,0,6,0,1,2,18,2,1,1.0,0.0,1.0,0.0,0.0,1.0,0,7,7
69018,16,2,3,10,8,3,0,1,0,1,2,19,2,2,0.0,0.0,0.0,0.0,0.0,3.0,12,5,5
129747,16,2,1,10,6,3,0,1,1,1,2,36,2,2,0.0,0.0,0.0,0.0,0.0,2.0,21,5,9
47042,16,2,3,0,16,3,0,1,0,1,2,6,2,3,2.0,0.0,0.0,1.0,1.0,1.0,15,5,4
159800,6,2,3,10,2,3,0,1,1,1,1,22,2,2,0.0,0.0,0.0,0.0,0.0,2.0,15,5,11
70872,16,11,5,10,1,3,5,5,0,1,2,36,2,4,2.0,0.0,0.0,0.0,2.0,3.0,19,7,5
3116,16,2,1,10,6,3,0,1,1,0,2,17,2,2,0.0,0.0,0.0,0.0,0.0,2.0,20,3,1
73064,16,2,3,10,8,3,0,1,1,1,1,19,2,2,0.0,0.0,0.0,0.0,0.0,3.0,14,5,6
125490,16,2,1,10,2,3,0,5,1,1,1,36,2,2,0.0,0.0,0.0,0.0,0.0,2.0,1,1,9
13486,16,2,3,9,10,3,0,1,0,1,1,18,2,3,1.0,0.0,0.0,1.0,0.0,1.0,7,3,1
3775,15,2,3,0,6,3,0,1,0,1,2,18,2,2,0.0,0.0,0.0,0.0,0.0,3.0,7,2,1
10209,17,2,1,14,15,3,0,1,1,0,2,17,2,2,0.0,0.0,0.0,0.0,0.0,2.0,18,3,1
16370,16,2,3,0,6,3,0,1,0,1,2,36,2,3,5.0,0.0,0.0,4.0,1.0,0.0,8,7,2
175397,16,2,3,17,6,3,0,1,0,1,2,36,2,4,2.0,0.0,0.0,0.0,2.0,2.0,8,6,12
142308,16,2,3,10,10,3,0,1,0,1,2,19,2,4,1.0,0.0,0.0,0.0,1.0,1.0,16,3,10
160911,16,10,3,10,3,3,1,1,1,1,2,39,2,2,0.0,0.0,0.0,0.0,0.0,2.0,10,6,11
68332,16,2,1,17,6,3,0,1,0,1,2,28,2,4,1.0,0.0,0.0,0.0,1.0,2.0,22,2,5
116385,17,2,3,15,2,3,0,1,0,1,0,19,2,2,0.0,0.0,0.0,0.0,0.0,2.0,9,2,8
163070,15,2,1,0,2,3,0,1,0,1,2,18,2,4,4.0,0.0,0.0,0.0,4.0,4.0,19,3,11
188291,4,2,3,17,2,3,0,1,1,1,2,19,2,2,0.0,0.0,0.0,0.0,0.0,2.0,17,4,12
128805,16,2,3,15,6,3,0,1,1,0,1,23,2,2,0.0,0.0,0.0,0.0,0.0,2.0,8,6,9
113595,16,2,3,10,8,3,0,1,1,1,2,19,2,2,0.0,0.0,0.0,0.0,0.0,3.0,12,7,8
34362,16,2,3,15,8,3,4,1,1,1,0,23,2,2,0.0,0.0,0.0,0.0,0.0,2.0,9,3,3
71869,4,2,3,17,12,3,0,1,0,0,2,18,2,2,0.0,0.0,0.0,0.0,0.0,2.0,20,6,6
3997,15,2,1,10,2,3,0,1,1,1,1,26,2,2,0.0,0.0,0.0,0.0,0.0,2.0,20,4,1
16568,16,3,1,17,8,3,0,1,0,1,2,18,2,2,0.0,0.0,0.0,0.0,0.0,2.0,6,3,2
65163,4,7,3,0,2,3,6,1,0,1,2,36,2,2,0.0,0.0,0.0,0.0,0.0,2.0,8,7,5
154016,16,2,3,17,8,3,0,1,0,1,2,18,3,4,1.0,0.0,0.0,0.0,1.0,2.0,10,2,10
11069,15,10,3,17,8,3,4,1,1,1,1,18,2,2,0.0,0.0,0.0,0.0,0.0,2.0,7,3,1
127418,16,2,3,17,6,3,0,1,1,1,2,24,2,2,0.0,0.0,0.0,0.0,0.0,3.0,11,6,9
83347,15,2,3,0,8,3,0,1,1,1,1,5,2,2,0.0,0.0,0.0,0.0,0.0,2.0,6,2,6
171345,4,2,1,6,18,4,5,5,0,1,2,36,1,3,1.0,0.0,0.0,1.0,0.0,0.0,20,1,11
38925,16,2,3,10,8,3,0,1,1,1,1,19,2,2,0.0,0.0,0.0,0.0,0.0,2.0,13,7,3
100706,16,2,3,10,2,3,0,1,1,1,1,19,2,2,0.0,0.0,0.0,0.0,0.0,2.0,8,5,7
89280,16,2,3,17,6,3,0,1,0,1,2,18,2,3,1.0,0.0,0.0,1.0,0.0,1.0,13,4,7
176626,16,2,1,10,2,3,0,1,1,1,2,19,2,2,0.0,0.0,0.0,0.0,0.0,2.0,18,1,12
75130,16,2,3,10,6,3,0,1,1,0,0,36,2,2,0.0,0.0,0.0,0.0,0.0,2.0,18,6,6
148308,16,2,1,0,6,3,0,5,0,1,2,4,2,3,1.0,0.0,0.0,1.0,0.0,1.0,0,2,10
10069,16,3,1,0,8,3,6,5,0,1,2,6,2,3,4.0,0.0,0.0,3.0,1.0,0.0,2,1,1
74249,16,2,1,10,8,4,0,1,0,1,2,17,2,4,1.0,0.0,0.0,0.0,1.0,6.0,21,1,6
84248,16,2,3,0,8,3,5,5,1,1,1,18,2,2,0.0,0.0,0.0,0.0,0.0,2.0,16,1,6
128074,15,2,3,17,15,3,0,1,1,1,2,17,2,2,0.0,0.0,0.0,0.0,0.0,3.0,9,3,9
73742,16,2,1,10,2,3,0,1,1,1,2,36,2,2,0.0,0.0,0.0,0.0,0.0,5.0,2,1,6
151380,15,2,3,17,6,3,0,1,0,1,2,18,2,3,1.0,0.0,0.0,1.0,0.0,1.0,14,3,10
75774,16,2,3,11,6,3,0,1,1,1,2,36,2,2,0.0,0.0,0.0,0.0,0.0,2.0,5,3,6
92352,16,2,3,10,2,3,0,5,1,1,2,19,2,2,0.0,0.0,0.0,0.0,0.0,2.0,14,3,7
140014,16,2,3,10,8,3,6,1,0,1,0,36,2,4,1.0,0.0,0.0,0.0,1.0,2.0,9,6,10
39956,4,2,3,15,8,3,0,1,1,0,1,28,2,2,0.0,0.0,0.0,0.0,0.0,3.0,9,6,3
128918,16,2,3,10,8,3,0,1,1,1,2,36,2,2,0.0,0.0,0.0,0.0,0.0,2.0,7,6,9
32905,4,2,3,0,0,3,0,1,1,0,2,36,2,2,0.0,0.0,0.0,0.0,0.0,2.0,10,6,3
28842,4,2,3,7,8,3,0,1,1,1,2,24,2,2,0.0,0.0,0.0,0.0,0.0,1.0,22,7,3
56974,6,6,3,7,11,3,0,5,1,1,1,36,2,2,0.0,0.0,0.0,0.0,0.0,1.0,14,4,5
20568,16,2,3,17,3,3,0,1,1,1,1,12,2,2,0.0,0.0,0.0,0.0,0.0,2.0,12,7,2
33,16,2,3,15,2,3,0,5,1,1,2,36,2,2,0.0,0.0,0.0,0.0,0.0,3.0,13,2,1
56237,16,2,3,10,1,3,0,1,0,1,2,36,3,3,1.0,0.0,0.0,1.0,0.0,3.0,12,6,5
2613,15,2,3,10,2,3,0,1,1,1,0,19,2,2,0.0,0.0,0.0,0.0,0.0,2.0,15,4,1
26051,16,2,3,17,6,3,0,5,1,1,2,35,2,2,0.0,0.0,0.0,0.0,0.0,2.0,17,6,2
180769,15,2,1,10,8,3,0,1,1,1,0,5,2,2,0.0,0.0,0.0,0.0,0.0,4.0,17,7,12
115764,15,2,1,17,8,3,0,1,0,1,2,18,2,2,0.0,0.0,0.0,0.0,0.0,2.0,20,6,8
78522,16,2,3,10,8,3,0,5,1,1,0,26,2,2,0.0,0.0,0.0,0.0,0.0,2.0,15,2,6
182164,16,2,3,10,8,3,0,1,0,1,1,19,2,4,1.0,0.0,0.0,0.0,1.0,1.0,10,6,12
82867,16,2,1,2,6,3,0,1,0,1,2,36,1,2,0.0,0.0,0.0,0.0,0.0,1.0,23,1,6
157402,16,2,3,10,10,3,0,1,1,1,1,36,2,2,0.0,0.0,0.0,0.0,0.0,3.0,14,6,11
85968,15,2,3,17,8,3,0,1,0,1,2,18,2,3,1.0,0.0,0.0,1.0,0.0,1.0,14,1,6
105332,16,2,1,2,3,3,0,1,0,1,2,12,1,2,0.0,0.0,0.0,0.0,0.0,1.0,1,3,8
146268,16,7,3,15,3,3,6,1,1,1,2,36,2,2,0.0,0.0,0.0,0.0,0.0,2.0,16,3,10
124380,16,2,2,10,2,3,5,5,1,1,2,19,4,2,0.0,0.0,0.0,0.0,0.0,4.0,17,5,9
22963,16,2,3,15,10,3,0,1,1,1,1,36,2,2,0.0,0.0,0.0,0.0,0.0,2.0,13,7,2
115368,16,2,3,15,8,3,0,3,1,1,1,19,2,2,0.0,0.0,0.0,0.0,0.0,3.0,17,1,8
130252,16,2,3,17,6,3,0,1,0,1,2,36,2,3,1.0,0.0,0.0,1.0,0.0,1.0,18,4,9
17965,16,2,1,17,10,3,6,1,1,1,2,36,2,2,0.0,0.0,0.0,0.0,0.0,2.0,22,5,2
145815,16,7,1,0,11,3,6,1,0,1,2,9,2,3,1.0,0.0,0.0,1.0,0.0,1.0,3,1,10
185416,15,2,3,17,15,3,0,1,1,1,2,18,2,2,0.0,0.0,0.0,0.0,0.0,2.0,13,5,12
43841,15,7,2,0,15,4,6,5,0,1,2,17,4,3,1.0,0.0,0.0,1.0,0.0,1.0,10,7,4
123372,4,2,3,5,8,3,0,2,1,1,0,32,2,2,0.0,0.0,0.0,0.0,0.0,2.0,16,5,9
123426,16,3,3,17,8,3,6,1,1,1,2,36,2,2,0.0,0.0,0.0,0.0,0.0,4.0,12,5,9
178046,15,2,0,0,6,3,0,1,0,1,2,5,3,2,0.0,0.0,0.0,0.0,0.0,2.0,19,7,12
69569,16,2,3,0,6,3,0,1,1,1,2,6,2,2,0.0,0.0,0.0,0.0,0.0,4.0,6,7,5
22430,4,5,1,0,10,3,4,5,1,1,1,18,2,2,0.0,0.0,0.0,0.0,0.0,2.0,20,5,2
41773,16,7,1,10,8,3,6,1,0,1,2,36,2,3,2.0,0.0,0.0,2.0,0.0,1.0,4,7,3