crash_date,               traffic_control_device,weather_condition,lighting_condition,first_crash_type,trafficway_type,alignment,roadway_surface_cond,road_defect,crash_type,intersection_related_i,damage,prim_contributory_cause,num_units,most_severe_injury,injuries_total,injuries_fatal,injuries_incapacitating,injuries_non_incapacitating,injuries_reported_not_evident,injuries_no_indication,crash_hour,crash_day_of_week,crash_month
7373,15,2,1,17,6,3,4,1,1,1,2,28,2,2,0.0,0.0,0.0,0.0,0.0,2.0,21,7,1
186032,16,2,3,10,13,3,0,1,1,0,2,36,2,2,0.0,0.0,0.0,0.0,0.0,3.0,12,4,12
133180,16,2,3,0,8,3,0,1,1,1,1,36,2,2,0.0,0.0,0.0,0.0,0.0,3.0,14,2,9
14260,4,2,3,15,3,3,0,1,1,1,2,18,2,2,0.0,0.0,0.0,0.0,0.0,2.0,10,3,1
119296,16,2,5,17,6,3,5,1,0,1,2,18,2,2,0.0,0.0,0.0,0.0,0.0,3.0,8,3,8
59554,16,2,3,17,8,3,0,1,1,1,1,36,2,2,0.0,0.0,0.0,0.0,0.0,3.0,17,3,5
12649,4,2,3,17,8,3,0,1,1,1,2,18,2,2,0.0,0.0,0.0,0.0,0.0,2.0,13,4,1
43128,15,2,1,17,6,3,6,5,1,1,2,36,2,2,0.0,0.0,0.0,0.0,0.0,3.0,21,3,4
143870,15,2,3,0,15,3,0,1,0,1,2,18,3,2,0.0,0.0,0.0,0.0,0.0,3.0,17,4,10
46545,16,2,1,3,8,3,0,1,0,1,2,36,2,2,0.0,0.0,0.0,0.0,0.0,2.0,5,1,4
137285,16,2,3,10,2,3,0,1,1,1,1,36,2,2,0.0,0.0,0.0,0.0,0.0,2.0,13,5,9
117739,16,2,1,17,10,3,0,1,0,1,2,23,2,2,0.0,0.0,0.0,0.0,0.0,2.0,1,1,8
135305,4,2,3,10,8,3,0,1,0,1,2,36,2,2,0.0,0.0,0.0,0.0,0.0,2.0,9,5,9
147423,15,2,3,0,18,3,0,5,1,1,1,36,2,2,0.0,0.0,0.0,0.0,0.0,2.0,11,5,10
151655,4,3,1,10,2,3,0,1,0,0,2,19,4,2,0.0,0.0,0.0,0.0,0.0,4.0,6,5,10
147024,15,11,4,0,2,3,5,1,0,1,2,5,2,2,0.0,0.0,0.0,0.0,0.0,2.0,18,4,10
124594,16,7,2,15,8,3,6,1,1,1,2,23,2,2,0.0,0.0,0.0,0.0,0.0,2.0,5,3,9
188666,16,7,4,10,8,3,6,1,1,1,2,19,2,2,0.0,0.0,0.0,0.0,0.0,2.0,16,2,12
66301,15,2,3,17,2,3,0,1,1,1,1,24,2,2,0.0,0.0,0.0,0.0,0.0,2.0,15,6,5
77524,15,2,1,0,15,3,0,1,1,1,2,18,2,2,0.0,0.0,0.0,0.0,0.0,2.0,0,1,6
95215,16,2,1,17,8,3,0,1,1,1,1,19,2,2,0.0,0.0,0.0,0.0,0.0,3.0,20,4,7
108560,16,2,3,10,8,3,0,1,1,1,2,19,2,2,0.0,0.0,0.0,0.0,0.0,4.0,19,3,8
187992,16,7,3,0,6,3,6,5,1,1,1,18,2,2,0.0,0.0,0.0,0.0,0.0,3.0,13,1,12
146320,16,7,3,10,2,3,6,1,1,1,2,36,2,2,0.0,0.0,0.0,0.0,0.0,3.0,9,3,10
77387,4,2,3,17,8,3,0,5,0,1,2,18,2,2,0.0,0.0,0.0,0.0,0.0,2.0,10,6,6
101497,16,2,3,2,8,3,0,1,1,1,2,36,1,2,0.0,0.0,0.0,0.0,0.0,1.0,17,2,7
88095,16,2,3,0,8,3,0,1,1,1,1,18,2,2,0.0,0.0,0.0,0.0,0.0,3.0,12,5,7
57838,4,2,3,17,6,3,0,1,1,1,2,18,2,2,0.0,0.0,0.0,0.0,0.0,4.0,10,5,5
181809,16,2,3,17,15,3,0,1,0,1,2,24,2,2,0.0,0.0,0.0,0.0,0.0,2.0,6,3,12
117166,15,2,3,0,8,3,0,1,0,1,2,6,2,2,0.0,0.0,0.0,0.0,0.0,2.0,18,1,8
40681,15,2,3,17,3,4,0,1,0,1,2,18,2,2,0.0,0.0,0.0,0.0,0.0,2.0,16,5,3
26359,16,10,1,10,8,3,4,1,0,1,2,17,3,1,4.0,0.0,2.0,1.0,1.0,1.0,18,3,2
152656,16,7,1,17,2,3,6,1,0,1,2,18,2,2,0.0,0.0,0.0,0.0,0.0,3.0,18,5,10
105657,16,2,0,17,8,3,0,1,1,1,0,18,2,2,0.0,0.0,0.0,0.0,0.0,2.0,23,6,8
42319,4,2,3,10,3,3,0,1,1,1,0,19,2,2,0.0,0.0,0.0,0.0,0.0,3.0,16,1,4
14673,16,2,3,0,2,3,0,1,0,1,2,6,2,2,0.0,0.0,0.0,0.0,0.0,2.0,9,4,1
155489,16,2,2,17,6,3,0,1,0,1,2,17,2,2,0.0,0.0,0.0,0.0,0.0,2.0,16,2,10
151311,16,7,3,17,8,3,6,1,0,1,2,30,2,3,3.0,0.0,0.0,3.0,0.0,1.0,12,1,10
183249,16,2,3,10,10,3,5,5,1,1,1,36,2,2,0.0,0.0,0.0,0.0,0.0,2.0,7,6,12
52327,4,2,3,0,8,3,0,1,1,1,1,18,2,2,0.0,0.0,0.0,0.0,0.0,3.0,10,6,4
58402,4,2,3,13,6,3,0,5,1,1,2,36,2,2,0.0,0.0,0.0,0.0,0.0,2.0,14,1,5
96554,16,2,1,10,8,3,0,1,1,1,2,6,2,2,0.0,0.0,0.0,0.0,0.0,3.0,20,4,7
167725,16,2,3,14,8,3,0,1,1,1,2,18,2,2,0.0,0.0,0.0,0.0,0.0,2.0,10,5,11
47453,6,2,3,17,2,3,0,1,1,1,2,4,3,2,0.0,0.0,0.0,0.0,0.0,3.0,16,4,4
7030,16,2,1,17,3,3,0,1,0,1,2,18,2,4,1.0,0.0,0.0,0.0,1.0,1.0,21,3,1
93264,15,7,1,0,18,3,6,5,0,1,2,36,2,3,2.0,0.0,0.0,2.0,0.0,4.0,0,1,7
152385,16,7,3,9,6,3,6,1,0,1,0,18,2,4,1.0,0.0,0.0,0.0,1.0,1.0,17,7,10
107735,4,2,3,10,8,3,0,1,0,1,2,30,2,3,4.0,0.0,0.0,4.0,0.0,0.0,17,3,8
149998,16,2,3,15,8,3,0,1,1,1,2,23,2,2,0.0,0.0,0.0,0.0,0.0,3.0,17,5,10
153551,15,2,3,0,6,4,0,1,1,1,0,18,2,2,0.0,0.0,0.0,0.0,0.0,2.0,9,2,10
175440,16,2,1,17,8,3,0,1,1,1,2,19,3,2,0.0,0.0,0.0,0.0,0.0,4.0,16,4,12
168510,16,2,1,17,6,3,0,1,0,1,2,35,2,4,1.0,0.0,0.0,0.0,1.0,7.0,2,5,11
153321,4,2,1,2,8,3,0,1,0,1,2,26,1,2,0.0,0.0,0.0,0.0,0.0,1.0,6,1,10
29589,16,2,1,0,11,3,0,5,0,1,2,36,2,3,1.0,0.0,0.0,1.0,0.0,1.0,2,6,3
76348,16,2,3,17,6,3,0,1,0,1,2,28,2,3,2.0,0.0,0.0,2.0,0.0,2.0,17,5,6
105290,16,2,3,17,2,3,0,1,1,1,1,9,2,2,0.0,0.0,0.0,0.0,0.0,3.0,17,2,8
104972,16,2,3,0,8,3,0,1,1,1,2,36,2,2,0.0,0.0,0.0,0.0,0.0,2.0,12,4,8
36852,4,2,3,8,11,3,0,1,0,1,0,38,2,4,1.0,0.0,0.0,0.0,1.0,1.0,12,3,3
185003,16,2,1,2,10,3,0,1,0,1,2,13,1,2,0.0,0.0,0.0,0.0,0.0,1.0,18,5,12
98394,4,2,3,7,8,3,0,1,1,1,2,36,2,2,0.0,0.0,0.0,0.0,0.0,1.0,16,3,7
94004,16,2,3,10,2,3,0,1,1,1,1,19,2,2,0.0,0.0,0.0,0.0,0.0,3.0,7,5,7
188445,16,2,1,17,8,3,0,1,0,1,2,24,2,3,1.0,0.0,0.0,1.0,0.0,1.0,4,7,12
26192,16,2,3,10,2,3,0,5,0,1,2,19,2,3,1.0,0.0,0.0,1.0,0.0,2.0,13,7,2
19359,16,10,4,0,8,3,6,1,0,1,2,6,2,1,3.0,0.0,1.0,1.0,1.0,2.0,21,1,2
67266,16,7,1,0,8,3,6,1,1,1,1,26,2,2,0.0,0.0,0.0,0.0,0.0,2.0,0,5,5
144210,16,2,1,0,6,3,0,1,0,1,2,12,2,2,0.0,0.0,0.0,0.0,0.0,2.0,19,7,10
142735,15,2,3,17,8,3,0,1,1,1,2,18,2,2,0.0,0.0,0.0,0.0,0.0,2.0,11,7,10
154920,15,2,3,0,6,3,0,1,0,1,2,18,2,2,0.0,0.0,0.0,0.0,0.0,3.0,12,1,10
171251,4,6,5,10,12,3,1,5,0,1,2,39,3,4,1.0,0.0,0.0,0.0,1.0,2.0,8,5,11
137712,15,2,3,0,10,3,0,1,0,1,2,18,2,2,0.0,0.0,0.0,0.0,0.0,3.0,7,2,10
52563,16,2,3,10,10,3,0,1,1,1,2,19,2,2,0.0,0.0,0.0,0.0,0.0,2.0,12,2,4
60788,4,2,3,17,6,3,0,1,0,1,2,36,2,3,2.0,0.0,0.0,2.0,0.0,0.0,14,2,5
33177,4,2,3,9,8,3,0,1,0,1,0,18,2,4,1.0,0.0,0.0,0.0,1.0,1.0,17,6,3
130043,15,2,3,0,6,3,0,1,0,1,2,18,2,4,1.0,0.0,0.0,0.0,1.0,1.0,18,3,9
134347,15,2,3,14,8,3,0,1,1,1,2,24,2,2,0.0,0.0,0.0,0.0,0.0,2.0,9,4,9
128463,16,2,3,10,2,3,0,1,1,1,1,36,2,2,0.0,0.0,0.0,0.0,0.0,2.0,7,7,9
171285,15,2,4,9,6,3,0,1,0,1,0,18,2,3,1.0,0.0,0.0,1.0,0.0,1.0,17,6,11
101631,16,11,5,10,6,3,5,5,0,1,2,17,2,2,0.0,0.0,0.0,0.0,0.0,2.0,16,4,7
85394,15,7,3,0,2,3,6,1,0,1,2,18,2,3,1.0,0.0,0.0,1.0,0.0,2.0,15,6,6
40991,16,2,1,10,8,3,0,1,0,1,2,19,2,2,0.0,0.0,0.0,0.0,0.0,2.0,19,3,3
119848,16,2,1,2,10,3,0,1,0,1,2,37,1,3,1.0,0.0,0.0,1.0,0.0,1.0,20,4,8
156555,16,2,1,17,6,3,0,1,0,1,2,6,2,4,1.0,0.0,0.0,0.0,1.0,2.0,0,7,11
96863,16,2,4,10,6,3,0,1,1,1,2,19,2,2,0.0,0.0,0.0,0.0,0.0,5.0,20,1,7
35253,4,2,3,10,8,3,0,1,0,1,2,19,2,2,0.0,0.0,0.0,0.0,0.0,2.0,15,6,3
125091,15,2,3,0,6,3,0,1,0,1,2,6,2,3,1.0,0.0,0.0,1.0,0.0,1.0,17,2,9
142584,4,2,4,0,15,3,0,1,0,1,2,5,2,2,0.0,0.0,0.0,0.0,0.0,4.0,17,1,10
184969,15,2,3,0,6,3,0,1,0,1,2,18,3,2,0.0,0.0,0.0,0.0,0.0,3.0,9,4,12
57232,17,7,1,10,15,4,6,5,1,1,2,17,2,2,0.0,0.0,0.0,0.0,0.0,2.0,20,2,5
147530,16,11,3,17,2,3,5,5,1,1,2,24,2,2,0.0,0.0,0.0,0.0,0.0,2.0,14,5,10
113977,16,2,3,0,6,3,0,1,0,1,2,6,2,2,0.0,0.0,0.0,0.0,0.0,2.0,15,2,8
4289,15,9,3,15,15,3,4,1,1,1,2,23,2,2,0.0,0.0,0.0,0.0,0.0,2.0,8,3,1
161998,16,2,2,10,2,3,1,5,1,1,1,19,2,2,0.0,0.0,0.0,0.0,0.0,2.0,16,3,11
26579,16,2,1,0,6,3,0,1,1,1,2,6,2,2,0.0,0.0,0.0,0.0,0.0,5.0,10,7,2
163953,16,10,3,15,2,3,6,1,0,1,2,18,2,2,0.0,0.0,0.0,0.0,0.0,2.0,12,2,11
74910,16,2,4,17,6,3,0,5,1,1,2,18,2,2,0.0,0.0,0.0,0.0,0.0,2.0,5,5,6
133607,16,2,1,17,10,3,0,4,1,1,2,24,2,2,0.0,0.0,0.0,0.0,0.0,5.0,4,1,9
16109,16,2,3,17,2,3,0,1,0,1,2,18,2,3,1.0,0.0,0.0,1.0,0.0,2.0,15,2,2
95662,16,2,3,10,2,3,0,1,1,1,1,19,2,2,0.0,0.0,0.0,0.0,0.0,2.0,19,3,7
90907,15,2,3,0,2,3,0,1,0,1,1,18,2,3,1.0,0.0,0.0,1.0,0.0,4.0,16,6,7
116094,16,2,3,17,6,3,0,1,0,1,2,24,2,4,1.0,0.0,0.0,0.0,1.0,1.0,19,6,8
181749,15,7,1,0,6,3,6,1,1,1,2,36,2,2,0.0,0.0,0.0,0.0,0.0,4.0,20,1,12
9880,16,2,3,17,15,3,0,1,1,1,2,18,2,2,0.0,0.0,0.0,0.0,0.0,2.0,8,5,1
22649,4,2,3,15,8,3,6,1,1,1,1,23,2,2,0.0,0.0,0.0,0.0,0.0,2.0,13,1,2
47918,15,2,3,10,6,3,0,1,1,1,2,19,2,2,0.0,0.0,0.0,0.0,0.0,2.0,15,5,4
165366,4,7,3,10,2,3,6,1,1,0,2,39,3,2,0.0,0.0,0.0,0.0,0.0,3.0,15,7,11
138831,4,2,3,0,10,3,0,1,1,1,1,26,2,2,0.0,0.0,0.0,0.0,0.0,2.0,10,3,10
101123,16,2,3,15,10,3,0,5,0,1,2,17,2,3,1.0,0.0,0.0,1.0,0.0,2.0,15,4,7
35581,15,3,3,0,6,3,0,1,1,1,1,18,2,2,0.0,0.0,0.0,0.0,0.0,2.0,9,3,3
77453,16,2,1,17,3,3,0,1,0,1,2,26,2,3,2.0,0.0,0.0,2.0,0.0,1.0,23,7,6
62173,15,2,3,17,8,3,0,1,1,1,0,19,2,2,0.0,0.0,0.0,0.0,0.0,6.0,12,1,5
105310,16,7,1,17,6,3,6,1,0,1,2,18,2,2,0.0,0.0,0.0,0.0,0.0,2.0,21,2,8
109287,16,2,3,17,1,3,0,1,0,1,1,6,2,2,0.0,0.0,0.0,0.0,0.0,2.0,8,6,8
46989,16,2,3,9,15,3,0,1,0,1,0,36,2,3,1.0,0.0,0.0,1.0,0.0,1.0,18,3,4
183880,16,2,3,17,3,3,0,1,1,1,2,18,2,2,0.0,0.0,0.0,0.0,0.0,2.0,12,2,12
175263,4,2,3,17,6,3,0,1,1,1,1,36,2,2,0.0,0.0,0.0,0.0,0.0,4.0,7,3,12
133101,16,2,3,10,3,3,0,1,1,1,1,19,2,2,0.0,0.0,0.0,0.0,0.0,5.0,12,7,9
130492,16,3,3,17,10,3,0,1,0,1,2,24,2,2,0.0,0.0,0.0,0.0,0.0,2.0,10,1,9
177609,16,2,3,0,2,3,0,1,0,1,2,6,2,2,0.0,0.0,0.0,0.0,0.0,2.0,13,3,12
67490,16,2,3,15,8,3,0,1,1,1,2,36,2,2,0.0,0.0,0.0,0.0,0.0,4.0,7,3,5
130663,16,2,3,10,2,3,0,1,1,1,2,19,2,2,0.0,0.0,0.0,0.0,0.0,2.0,16,2,9
125294,15,2,3,17,15,3,0,1,0,1,2,5,2,2,0.0,0.0,0.0,0.0,0.0,2.0,8,6,9
180699,15,2,1,0,8,3,0,1,0,1,2,36,2,3,2.0,0.0,0.0,2.0,0.0,2.0,17,4,12
14716,15,10,0,0,8,3,4,1,0,1,2,18,2,3,1.0,0.0,0.0,1.0,0.0,4.0,18,5,1
156904,15,2,1,0,8,3,0,1,0,1,2,36,2,2,0.0,0.0,0.0,0.0,0.0,2.0,19,5,11
58049,15,2,3,17,2,3,0,5,1,1,2,18,2,2,0.0,0.0,0.0,0.0,0.0,2.0,12,7,5
154265,4,2,3,17,3,3,0,1,1,1,1,36,2,2,0.0,0.0,0.0,0.0,0.0,2.0,16,7,10
52992,16,2,3,17,2,3,0,1,1,1,2,18,2,2,0.0,0.0,0.0,0.0,0.0,5.0,19,3,4
154912,16,7,1,0,6,3,6,1,0,1,2,36,2,2,0.0,0.0,0.0,0.0,0.0,2.0,23,1,10
40114,16,2,3,17,8,3,0,1,1,1,2,24,2,2,0.0,0.0,0.0,0.0,0.0,2.0,16,3,3
82535,16,2,1,10,16,3,0,1,1,1,0,19,2,2,0.0,0.0,0.0,0.0,0.0,2.0,21,3,6
128331,16,2,3,10,2,3,0,1,1,1,2,19,2,2,0.0,0.0,0.0,0.0,0.0,2.0,17,5,9
34029,16,2,3,9,8,3,0,1,0,1,0,6,2,3,1.0,0.0,0.0,1.0,0.0,1.0,8,6,3
44427,17,2,3,15,8,3,0,5,1,1,0,36,2,2,0.0,0.0,0.0,0.0,0.0,2.0,15,6,4
105480,16,2,3,17,6,3,0,1,1,1,1,23,3,2,0.0,0.0,0.0,0.0,0.0,4.0,18,5,8
61904,4,2,1,17,15,3,0,1,1,1,2,24,2,2,0.0,0.0,0.0,0.0,0.0,2.0,22,5,5
151272,16,3,3,15,8,3,0,1,1,1,2,17,2,2,0.0,0.0,0.0,0.0,0.0,9.0,8,1,10
26083,16,10,1,17,6,3,4,5,1,1,2,39,2,2,0.0,0.0,0.0,0.0,0.0,5.0,22,6,2
113591,16,2,1,0,2,3,0,1,0,1,2,6,3,3,1.0,0.0,0.0,1.0,0.0,6.0,23,7,8
6565,16,10,1,17,10,3,4,1,1,1,2,24,2,2,0.0,0.0,0.0,0.0,0.0,2.0,19,1,1
44534,16,2,3,10,3,3,0,1,0,1,2,8,2,4,1.0,0.0,0.0,0.0,1.0,1.0,13,6,4
118398,16,7,1,0,8,3,6,6,1,1,2,18,2,2,0.0,0.0,0.0,0.0,0.0,2.0,23,3,8
105477,15,2,2,0,6,3,0,1,0,1,2,18,2,3,1.0,0.0,0.0,1.0,0.0,1.0,5,5,8
165039,4,7,3,9,8,3,6,1,1,1,0,39,2,2,0.0,0.0,0.0,0.0,0.0,2.0,15,4,11
127694,12,2,3,11,8,3,0,1,1,1,2,21,2,2,0.0,0.0,0.0,0.0,0.0,4.0,17,6,9
28491,16,2,3,2,8,3,0,1,0,1,2,26,1,1,2.0,0.0,1.0,1.0,0.0,0.0,15,2,3
186238,15,2,3,17,2,3,0,1,1,1,1,17,2,2,0.0,0.0,0.0,0.0,0.0,4.0,16,7,12
108470,16,2,3,15,2,3,0,1,0,1,2,23,2,2,0.0,0.0,0.0,0.0,0.0,2.0,13,2,8
103232,4,2,4,17,8,3,0,5,0,1,2,36,2,4,3.0,0.0,0.0,0.0,3.0,2.0,19,7,7
161677,15,2,3,0,8,3,0,1,1,1,2,36,2,2,0.0,0.0,0.0,0.0,0.0,2.0,15,6,11
28184,16,2,3,10,2,3,0,1,1,1,2,22,2,2,0.0,0.0,0.0,0.0,0.0,4.0,16,5,2
165420,16,7,3,17,2,3,6,1,1,1,2,18,2,2,0.0,0.0,0.0,0.0,0.0,2.0,11,7,11
162837,4,2,3,17,8,3,0,1,1,1,2,36,2,2,0.0,0.0,0.0,0.0,0.0,2.0,18,1,11
70104,16,11,3,0,8,3,6,5,0,1,2,12,2,2,0.0,0.0,0.0,0.0,0.0,2.0,16,3,5
99348,16,2,3,15,8,3,0,1,1,1,1,36,2,2,0.0,0.0,0.0,0.0,0.0,2.0,17,3,7
104032,4,2,3,8,0,3,0,1,0,1,1,18,2,3,1.0,0.0,0.0,1.0,0.0,1.0,18,4,8
169143,16,2,3,0,10,3,0,5,0,1,1,6,2,3,2.0,0.0,0.0,2.0,0.0,1.0,12,6,11
52260,16,2,3,5,0,3,0,1,1,0,0,36,1,2,0.0,0.0,0.0,0.0,0.0,1.0,7,5,4
156447,16,2,1,17,2,3,0,1,0,1,0,18,2,3,3.0,0.0,0.0,3.0,0.0,0.0,6,6,11
99717,4,3,3,15,10,3,0,1,1,1,2,18,2,2,0.0,0.0,0.0,0.0,0.0,4.0,10,1,7
139458,16,2,1,10,2,3,6,1,0,1,2,19,2,2,0.0,0.0,0.0,0.0,0.0,2.0,22,5,10
144093,15,2,3,17,8,3,0,5,1,1,0,18,2,2,0.0,0.0,0.0,0.0,0.0,2.0,10,5,10
116859,15,2,3,17,15,3,0,1,0,1,2,12,2,2,0.0,0.0,0.0,0.0,0.0,2.0,12,1,8
171578,17,11,5,10,2,3,5,5,1,1,2,36,2,2,0.0,0.0,0.0,0.0,0.0,2.0,16,2,11
94501,15,2,3,9,10,3,0,1,0,1,2,2,2,1,1.0,0.0,1.0,0.0,0.0,1.0,11,7,7
170795,16,2,4,10,6,3,0,1,1,1,0,17,2,2,0.0,0.0,0.0,0.0,0.0,2.0,16,5,11
69244,16,2,3,10,2,3,0,1,0,0,2,36,3,3,2.0,0.0,0.0,2.0,0.0,4.0,16,1,5
65984,15,2,1,7,6,3,0,1,0,1,2,36,3,2,0.0,0.0,0.0,0.0,0.0,1.0,22,7,5
126238,16,3,3,15,6,3,0,1,1,1,1,23,2,2,0.0,0.0,0.0,0.0,0.0,2.0,13,6,9
52277,15,2,1,0,15,3,0,1,1,1,2,36,2,2,0.0,0.0,0.0,0.0,0.0,4.0,2,6,4
139474,16,2,3,10,8,3,0,1,1,1,2,37,3,2,0.0,0.0,0.0,0.0,0.0,3.0,15,6,10
26605,15,10,0,0,15,3,4,1,1,1,2,39,2,2,0.0,0.0,0.0,0.0,0.0,2.0,0,7,2
104809,16,2,3,7,3,3,0,1,1,1,2,36,2,2,0.0,0.0,0.0,0.0,0.0,2.0,14,2,8
44997,16,2,3,15,8,3,0,1,0,1,2,19,2,2,0.0,0.0,0.0,0.0,0.0,3.0,18,7,4
51254,16,2,3,17,10,3,0,1,1,1,2,24,2,2,0.0,0.0,0.0,0.0,0.0,2.0,9,6,4
120982,4,2,3,17,2,3,0,1,1,1,1,36,2,2,0.0,0.0,0.0,0.0,0.0,2.0,8,6,9
97368,16,2,1,2,3,3,0,1,0,1,2,17,3,2,0.0,0.0,0.0,0.0,0.0,4.0,0,1,7
124295,15,2,1,17,8,3,0,1,0,1,2,5,2,4,1.0,0.0,0.0,0.0,1.0,1.0,1,7,9
64090,15,2,3,10,8,3,0,1,1,1,0,19,2,2,0.0,0.0,0.0,0.0,0.0,4.0,12,3,5
101726,16,2,1,10,6,3,0,5,1,1,2,36,2,2,0.0,0.0,0.0,0.0,0.0,3.0,21,5,7
98958,16,2,3,2,8,3,0,1,0,1,2,36,1,2,0.0,0.0,0.0,0.0,0.0,1.0,14,5,7
161515,15,10,2,0,8,3,4,2,0,1,2,39,2,1,1.0,0.0,1.0,0.0,0.0,1.0,7,2,11
82540,4,2,3,17,15,3,0,1,1,1,1,5,2,2,0.0,0.0,0.0,0.0,0.0,2.0,10,3,6
40943,16,2,3,0,6,3,0,1,0,1,2,6,3,1,3.0,0.0,2.0,0.0,1.0,2.0,15,5,3
92115,16,10,3,17,6,3,0,1,0,1,2,9,3,3,2.0,0.0,0.0,2.0,0.0,0.0,7,5,7
6254,16,10,1,17,6,2,6,1,0,1,2,24,2,2,0.0,0.0,0.0,0.0,0.0,2.0,18,5,1
166503,16,2,3,0,11,3,0,5,0,1,2,36,2,4,2.0,0.0,0.0,0.0,2.0,2.0,15,2,11
14744,16,10,1,17,1,3,4,1,1,1,1,39,2,2,0.0,0.0,0.0,0.0,0.0,2.0,20,5,1
28752,16,2,4,15,8,3,0,1,1,1,0,28,2,2,0.0,0.0,0.0,0.0,0.0,3.0,18,6,3
46339,4,2,3,10,8,3,0,1,1,1,2,19,2,2,0.0,0.0,0.0,0.0,0.0,2.0,8,3,4
104701,16,2,3,8,8,3,0,5,0,1,2,17,2,3,1.0,0.0,0.0,1.0,0.0,1.0,7,6,8
169936,15,2,3,0,6,3,0,1,1,1,2,36,3,2,0.0,0.0,0.0,0.0,0.0,2.0,12,6,11
70326,15,2,3,0,8,3,0,1,1,1,1,38,2,2,0.0,0.0,0.0,0.0,0.0,4.0,12,4,5
141728,16,2,3,17,8,3,0,1,1,1,2,12,2,2,0.0,0.0,0.0,0.0,0.0,2.0,12,1,10
89435,16,2,3,0,2,3,0,1,0,1,2,6,2,3,2.0,0.0,0.0,2.0,0.0,5.0,6,4,7
12347,16,7,1,8,8,3,6,1,0,1,0,24,2,3,1.0,0.0,0.0,1.0,0.0,2.0,21,5,1
117857,15,2,3,0,6,3,0,1,1,1,2,36,2,2,0.0,0.0,0.0,0.0,0.0,3.0,16,3,8
176897,16,5,1,9,2,3,6,1,0,1,0,18,2,3,1.0,0.0,0.0,1.0,0.0,1.0,17,6,12
168183,16,2,1,15,10,3,0,1,1,1,1,36,2,2,0.0,0.0,0.0,0.0,0.0,2.0,18,5,11
158872,16,2,1,10,2,3,0,1,1,1,2,19,2,2,0.0,0.0,0.0,0.0,0.0,2.0,17,6,11
140661,17,3,1,15,1,3,6,5,1,0,1,22,2,2,0.0,0.0,0.0,0.0,0.0,2.0,0,1,10
15497,16,2,3,17,2,3,0,1,0,1,2,18,3,2,0.0,0.0,0.0,0.0,0.0,3.0,13,5,2
56269,15,2,4,0,6,3,0,1,0,1,2,18,2,2,0.0,0.0,0.0,0.0,0.0,2.0,19,7,5
64248,16,3,3,17,6,3,0,1,1,1,2,36,2,2,0.0,0.0,0.0,0.0,0.0,2.0,10,6,5
176902,15,2,1,0,8,3,0,1,0,1,2,36,2,3,3.0,0.0,0.0,3.0,0.0,1.0,17,6,12
122907,15,2,3,17,15,3,0,1,0,1,2,5,2,2,0.0,0.0,0.0,0.0,0.0,2.0,15,5,9
119131,16,2,3,10,6,3,0,5,1,1,2,36,2,2,0.0,0.0,0.0,0.0,0.0,2.0,14,1,8
182210,16,7,3,10,15,3,6,1,1,1,2,36,2,2,0.0,0.0,0.0,0.0,0.0,2.0,16,7,12
175065,16,2,1,10,10,3,0,1,1,1,0,36,2,2,0.0,0.0,0.0,0.0,0.0,3.0,1,6,12
149438,16,2,3,0,6,3,0,1,0,1,2,6,2,2,0.0,0.0,0.0,0.0,0.0,2.0,11,4,10
38812,16,2,3,17,5,3,0,1,1,1,1,23,2,2,0.0,0.0,0.0,0.0,0.0,2.0,13,7,3
184555,16,10,3,10,2,3,6,1,1,1,0,12,2,2,0.0,0.0,0.0,0.0,0.0,2.0,12,5,12
89233,4,2,3,17,6,3,0,1,0,1,2,18,2,3,1.0,0.0,0.0,1.0,0.0,2.0,17,2,7
174876,16,2,1,10,2,3,0,1,1,1,1,19,2,2,0.0,0.0,0.0,0.0,0.0,3.0,21,5,12
116401,16,2,3,17,8,3,0,5,0,1,2,24,2,4,2.0,0.0,0.0,0.0,2.0,1.0,12,2,8
17087,15,2,3,10,6,3,1,1,0,1,1,12,2,3,1.0,0.0,0.0,1.0,0.0,1.0,14,6,2
122687,15,2,3,17,2,3,0,1,0,1,2,18,2,1,1.0,0.0,1.0,0.0,0.0,1.0,17,4,9
175512,16,7,3,17,2,3,0,1,1,1,2,36,2,2,0.0,0.0,0.0,0.0,0.0,2.0,11,5,12
76047,15,2,3,0,10,3,0,1,0,1,2,5,2,2,0.0,0.0,0.0,0.0,0.0,3.0,16,6,6
163119,15,2,1,0,10,3,0,1,1,1,2,18,2,2,0.0,0.0,0.0,0.0,0.0,2.0,17,4,11
64640,16,7,4,17,8,3,6,1,0,1,1,36,2,2,0.0,0.0,0.0,0.0,0.0,2.0,18,6,5
52684,16,2,3,10,8,3,0,1,1,1,1,36,2,2,0.0,0.0,0.0,0.0,0.0,2.0,10,4,4
17453,16,7,1,9,8,3,6,5,0,1,0,26,2,3,1.0,0.0,0.0,1.0,0.0,1.0,20,4,2
82676,15,2,3,0,8,3,0,1,1,1,2,5,2,2,0.0,0.0,0.0,0.0,0.0,2.0,12,4,6
152106,17,7,3,10,3,3,6,5,1,1,2,36,2,2,0.0,0.0,0.0,0.0,0.0,2.0,7,6,10
15142,15,2,3,0,2,3,0,1,0,1,2,5,2,4,1.0,0.0,0.0,0.0,1.0,2.0,9,5,2
62436,16,2,1,17,2,3,0,1,1,1,1,23,2,2,0.0,0.0,0.0,0.0,0.0,2.0,23,6,5