crash_date,               traffic_control_device,weather_condition,lighting_condition,first_crash_type,trafficway_type,alignment,roadway_surface_cond,road_defect,crash_type,intersection_related_i,damage,prim_contributory_cause,num_units,most_severe_injury,injuries_total,injuries_fatal,injuries_incapacitating,injuries_non_incapacitating,injuries_reported_not_evident,injuries_no_indication,crash_hour,crash_day_of_week,crash_month
115597,16,2,3,17,8,3,0,1,1,1,2,6,2,2,0.0,0.0,0.0,0.0,0.0,2.0,6,3,8
15042,4,2,1,11,15,3,0,1,0,1,2,22,2,2,0.0,0.0,0.0,0.0,0.0,2.0,20,4,1
5961,15,10,3,7,8,3,6,5,1,1,2,36,2,2,0.0,0.0,0.0,0.0,0.0,1.0,12,1,1
82813,16,2,3,17,8,3,0,1,1,1,2,24,2,2,0.0,0.0,0.0,0.0,0.0,2.0,11,6,6
1739,16,2,1,17,8,3,0,1,1,1,2,24,2,2,0.0,0.0,0.0,0.0,0.0,2.0,17,3,1
133740,15,2,0,0,8,3,0,1,0,1,2,5,2,2,0.0,0.0,0.0,0.0,0.0,2.0,6,3,9
41955,16,2,1,10,2,3,0,1,1,0,0,36,2,2,0.0,0.0,0.0,0.0,0.0,2.0,23,1,3
182454,4,2,3,10,10,3,4,1,1,0,0,19,2,2,0.0,0.0,0.0,0.0,0.0,2.0,14,2,12
17718,4,2,3,10,8,3,6,1,0,0,0,19,2,4,1.0,0.0,0.0,0.0,1.0,1.0,8,2,2
43073,15,2,3,17,15,3,0,1,0,1,2,17,2,2,0.0,0.0,0.0,0.0,0.0,4.0,12,1,4
92127,16,2,1,7,6,3,0,1,1,1,2,36,3,2,0.0,0.0,0.0,0.0,0.0,1.0,22,5,7
176895,2,7,4,9,8,3,6,1,0,1,1,18,2,3,2.0,0.0,0.0,2.0,0.0,0.0,17,6,12
66081,16,2,3,17,8,3,0,1,0,1,2,6,2,3,2.0,0.0,0.0,2.0,0.0,1.0,6,1,5
78549,15,2,3,7,6,3,0,1,1,1,2,36,2,2,0.0,0.0,0.0,0.0,0.0,5.0,7,2,6
108358,16,2,3,10,8,3,0,1,0,1,2,36,3,3,3.0,0.0,0.0,3.0,0.0,1.0,15,6,8
149985,16,2,3,15,8,3,0,1,1,1,1,36,2,2,0.0,0.0,0.0,0.0,0.0,2.0,16,5,10
26754,15,2,3,9,10,3,0,1,0,1,0,18,2,1,1.0,0.0,1.0,0.0,0.0,1.0,8,2,2
186267,16,2,3,17,6,3,0,6,1,1,1,12,2,2,0.0,0.0,0.0,0.0,0.0,3.0,11,7,12
87024,16,2,3,17,2,3,5,1,0,1,2,18,2,2,0.0,0.0,0.0,0.0,0.0,3.0,12,3,6
176964,16,7,3,17,6,3,6,5,0,1,0,36,2,3,2.0,0.0,0.0,1.0,1.0,1.0,11,6,12
168574,4,2,2,17,8,3,0,1,0,1,2,26,2,4,1.0,0.0,0.0,0.0,1.0,3.0,17,7,11
60327,15,2,3,0,6,3,0,1,1,1,2,18,2,2,0.0,0.0,0.0,0.0,0.0,4.0,14,2,5
100887,16,2,3,15,8,3,0,1,1,1,0,22,2,2,0.0,0.0,0.0,0.0,0.0,3.0,17,6,7
94795,16,2,1,17,18,3,5,5,0,1,0,36,2,4,1.0,0.0,0.0,0.0,1.0,1.0,20,4,7
14002,15,2,3,17,18,3,0,1,1,1,1,38,2,2,0.0,0.0,0.0,0.0,0.0,2.0,12,6,1
72486,15,2,3,17,8,3,0,1,1,1,0,12,2,2,0.0,0.0,0.0,0.0,0.0,2.0,13,3,6
55621,16,2,3,10,2,3,0,1,1,1,0,21,2,2,0.0,0.0,0.0,0.0,0.0,2.0,9,2,4
170704,16,2,1,10,10,3,0,1,0,1,2,17,2,3,1.0,0.0,0.0,1.0,0.0,1.0,23,3,11
73960,15,2,3,17,11,3,0,5,1,1,2,18,4,2,0.0,0.0,0.0,0.0,0.0,4.0,8,3,6
128339,4,2,3,17,8,3,0,1,1,1,2,18,2,2,0.0,0.0,0.0,0.0,0.0,5.0,8,5,9
68126,16,2,3,10,8,3,0,1,1,1,1,17,2,2,0.0,0.0,0.0,0.0,0.0,2.0,17,5,5
150468,16,2,3,10,2,3,0,5,0,1,2,19,2,4,1.0,0.0,0.0,0.0,1.0,1.0,6,3,10
72297,16,2,3,10,2,3,0,1,1,1,0,36,2,2,0.0,0.0,0.0,0.0,0.0,2.0,13,5,6
43325,16,2,3,10,8,3,0,1,1,1,1,19,3,2,0.0,0.0,0.0,0.0,0.0,3.0,13,6,4
152603,16,2,1,10,8,3,0,1,1,1,1,19,2,2,0.0,0.0,0.0,0.0,0.0,2.0,19,4,10
91687,4,2,3,17,15,3,0,1,0,1,2,18,2,3,1.0,0.0,0.0,1.0,0.0,5.0,17,5,7
1721,15,2,3,17,3,3,6,1,1,1,1,24,2,2,0.0,0.0,0.0,0.0,0.0,2.0,10,2,1
14710,16,2,0,10,10,3,0,1,1,1,1,26,2,2,0.0,0.0,0.0,0.0,0.0,3.0,17,5,1
89990,15,2,3,0,2,4,0,1,0,1,2,18,2,2,0.0,0.0,0.0,0.0,0.0,2.0,19,6,7
23330,15,2,3,0,6,3,4,1,0,1,2,36,2,2,0.0,0.0,0.0,0.0,0.0,5.0,7,6,2
36755,16,2,3,17,8,3,0,1,1,0,2,36,2,2,0.0,0.0,0.0,0.0,0.0,2.0,7,2,3
125491,16,2,3,10,8,3,0,1,1,1,1,36,3,2,0.0,0.0,0.0,0.0,0.0,6.0,13,1,9
67207,4,2,3,17,6,3,0,1,0,1,2,24,2,3,1.0,0.0,0.0,1.0,0.0,1.0,17,5,5
9080,15,2,4,0,6,3,4,1,0,1,2,18,2,3,1.0,0.0,0.0,1.0,0.0,1.0,19,5,1
110293,16,11,0,15,10,3,5,5,0,1,2,36,2,4,3.0,0.0,0.0,0.0,3.0,0.0,23,7,8
81986,15,2,3,0,6,3,0,1,0,1,2,17,2,4,1.0,0.0,0.0,0.0,1.0,1.0,13,4,6
70647,17,2,3,0,8,3,0,1,1,1,1,26,2,2,0.0,0.0,0.0,0.0,0.0,2.0,13,2,5
69398,15,2,3,0,6,3,0,1,1,1,1,18,2,2,0.0,0.0,0.0,0.0,0.0,2.0,15,5,5
67943,16,11,5,17,8,3,5,5,1,1,1,23,2,2,0.0,0.0,0.0,0.0,0.0,2.0,8,3,5
184508,16,10,3,10,17,3,4,5,1,1,2,39,2,2,0.0,0.0,0.0,0.0,0.0,4.0,15,5,12
180653,16,7,1,2,15,3,6,5,0,1,2,30,1,2,0.0,0.0,0.0,0.0,0.0,1.0,4,1,12
81622,16,2,1,10,8,3,0,1,0,1,2,17,2,2,0.0,0.0,0.0,0.0,0.0,2.0,4,4,6
176940,16,7,1,9,6,3,6,1,0,1,0,18,2,3,1.0,0.0,0.0,1.0,0.0,1.0,21,6,12
19638,16,2,3,17,6,3,0,1,1,1,2,36,2,2,0.0,0.0,0.0,0.0,0.0,3.0,9,7,2
82290,16,2,3,10,8,3,0,1,0,1,2,19,2,3,1.0,0.0,0.0,1.0,0.0,1.0,8,7,6
49029,16,2,3,0,10,3,0,1,1,1,1,36,2,2,0.0,0.0,0.0,0.0,0.0,2.0,2,1,4
153104,16,2,3,10,8,3,0,1,1,1,1,36,2,2,0.0,0.0,0.0,0.0,0.0,4.0,7,4,10
182563,16,2,3,8,8,3,0,1,0,1,2,6,2,3,1.0,0.0,0.0,1.0,0.0,1.0,14,4,12
128524,16,2,3,10,8,3,0,5,1,1,1,19,2,2,0.0,0.0,0.0,0.0,0.0,2.0,17,1,9
16234,16,3,3,0,2,3,4,6,1,0,2,18,2,2,0.0,0.0,0.0,0.0,0.0,3.0,14,5,2
65634,15,2,0,17,8,3,0,1,0,1,2,5,2,3,2.0,0.0,0.0,1.0,1.0,7.0,2,1,5
33751,16,2,1,10,6,3,0,1,0,1,0,36,2,4,3.0,0.0,0.0,0.0,3.0,2.0,3,3,3
22532,16,2,3,10,8,3,5,5,1,1,1,26,2,2,0.0,0.0,0.0,0.0,0.0,2.0,15,4,2
60485,4,2,3,17,8,3,0,1,1,1,0,36,2,2,0.0,0.0,0.0,0.0,0.0,2.0,8,5,5
140520,15,2,1,0,11,3,0,1,1,1,2,18,2,2,0.0,0.0,0.0,0.0,0.0,4.0,20,6,10
94887,16,2,3,17,6,3,0,1,0,1,2,18,2,4,2.0,0.0,0.0,0.0,2.0,0.0,14,6,7
166476,16,2,3,15,2,3,5,5,1,1,0,26,2,2,0.0,0.0,0.0,0.0,0.0,2.0,11,6,11
21864,16,10,1,17,6,3,4,1,0,1,2,17,2,2,0.0,0.0,0.0,0.0,0.0,2.0,5,2,2
65064,17,2,3,15,8,3,0,1,1,1,1,26,2,2,0.0,0.0,0.0,0.0,0.0,2.0,14,5,5
50909,15,2,1,17,8,3,0,1,1,1,1,18,2,2,0.0,0.0,0.0,0.0,0.0,2.0,0,7,4
109447,4,2,3,10,8,3,0,1,0,0,1,19,3,3,1.0,0.0,0.0,1.0,0.0,7.0,12,1,8
23041,4,2,3,0,0,3,0,5,1,1,0,21,2,2,0.0,0.0,0.0,0.0,0.0,2.0,13,7,2
158321,15,2,3,0,6,3,0,1,0,1,2,6,2,2,0.0,0.0,0.0,0.0,0.0,2.0,13,6,11
168266,15,2,1,0,2,3,0,1,0,1,2,13,2,2,0.0,0.0,0.0,0.0,0.0,2.0,0,6,11
29714,16,2,3,17,10,3,0,1,1,1,2,24,2,2,0.0,0.0,0.0,0.0,0.0,2.0,20,2,3
123529,17,2,3,17,11,3,0,5,1,1,1,36,2,2,0.0,0.0,0.0,0.0,0.0,3.0,17,1,9
56560,16,7,1,10,8,3,6,1,1,1,1,36,2,2,0.0,0.0,0.0,0.0,0.0,5.0,20,4,5
108970,16,7,2,17,6,3,6,1,0,1,2,18,2,3,1.0,0.0,0.0,1.0,0.0,1.0,18,2,8
148677,16,2,3,17,8,3,0,1,1,1,2,36,2,2,0.0,0.0,0.0,0.0,0.0,2.0,17,6,10
132609,16,7,3,10,8,3,6,1,0,0,2,26,2,3,2.0,0.0,0.0,2.0,0.0,1.0,13,1,9
121051,16,2,3,10,6,3,0,1,1,1,1,19,2,2,0.0,0.0,0.0,0.0,0.0,2.0,18,1,9
57858,16,2,3,17,8,3,0,1,1,1,2,36,2,2,0.0,0.0,0.0,0.0,0.0,4.0,13,7,5
13029,17,2,4,0,8,3,6,5,1,1,2,36,2,2,0.0,0.0,0.0,0.0,0.0,2.0,21,1,1
97697,15,7,3,0,8,3,6,1,1,1,2,39,2,2,0.0,0.0,0.0,0.0,0.0,3.0,13,6,7
170975,15,2,3,17,2,3,0,1,1,1,2,36,2,2,0.0,0.0,0.0,0.0,0.0,2.0,9,2,11
101085,16,2,4,17,3,3,0,1,1,1,1,18,2,2,0.0,0.0,0.0,0.0,0.0,2.0,18,3,7
108756,16,2,3,17,10,3,0,1,1,1,2,24,2,2,0.0,0.0,0.0,0.0,0.0,2.0,8,5,8
186033,16,2,0,10,2,3,0,1,1,1,2,17,2,2,0.0,0.0,0.0,0.0,0.0,5.0,0,4,12
90511,16,2,1,17,2,3,0,1,0,1,2,36,2,3,1.0,0.0,0.0,1.0,0.0,2.0,23,6,7
14365,15,2,1,3,18,3,0,5,0,1,2,18,2,2,0.0,0.0,0.0,0.0,0.0,2.0,22,5,1
148275,16,3,1,10,8,3,6,1,0,1,2,18,2,4,1.0,0.0,0.0,0.0,1.0,1.0,18,2,10
107805,4,2,3,0,8,3,0,1,0,1,2,36,2,3,1.0,0.0,0.0,1.0,0.0,2.0,7,4,8
171573,16,3,3,10,6,3,0,5,1,1,0,17,2,2,0.0,0.0,0.0,0.0,0.0,2.0,12,6,11
134375,16,2,3,10,3,3,0,1,1,0,2,6,2,2,0.0,0.0,0.0,0.0,0.0,4.0,14,6,9
88136,4,2,3,0,6,3,0,1,0,1,2,18,2,2,0.0,0.0,0.0,0.0,0.0,2.0,9,6,7
27296,16,2,1,17,10,3,0,1,0,1,2,36,2,3,2.0,0.0,0.0,1.0,1.0,2.0,18,4,2
42650,17,11,5,0,6,3,5,5,1,1,2,36,2,2,0.0,0.0,0.0,0.0,0.0,2.0,12,7,4
55225,15,7,1,14,11,3,6,5,1,1,1,36,2,2,0.0,0.0,0.0,0.0,0.0,2.0,21,4,4
167496,16,10,3,10,6,3,5,5,1,1,0,18,2,2,0.0,0.0,0.0,0.0,0.0,2.0,13,5,11
58425,16,2,3,10,2,3,0,1,1,1,2,36,2,2,0.0,0.0,0.0,0.0,0.0,4.0,18,1,5
73441,16,2,3,0,2,3,0,1,1,1,1,6,2,2,0.0,0.0,0.0,0.0,0.0,2.0,12,2,6
171033,16,2,3,17,7,3,0,1,1,1,1,36,2,2,0.0,0.0,0.0,0.0,0.0,2.0,8,3,11
85397,16,7,3,17,5,3,6,1,1,0,2,36,2,2,0.0,0.0,0.0,0.0,0.0,2.0,15,6,6
114863,16,7,3,0,8,3,6,5,0,1,2,39,3,2,0.0,0.0,0.0,0.0,0.0,9.0,16,7,8
119543,16,2,3,10,2,3,0,1,1,1,2,19,2,2,0.0,0.0,0.0,0.0,0.0,2.0,16,6,8
132350,16,2,3,17,8,3,0,1,0,1,2,18,2,3,1.0,0.0,0.0,1.0,0.0,2.0,13,7,9
69922,16,7,1,10,8,3,6,1,1,1,1,36,2,2,0.0,0.0,0.0,0.0,0.0,2.0,20,6,5
125152,17,3,3,2,10,3,0,1,0,1,2,36,1,2,0.0,0.0,0.0,0.0,0.0,3.0,16,4,9
106915,16,2,3,17,18,3,0,1,0,1,2,22,2,3,1.0,0.0,0.0,1.0,0.0,1.0,11,5,8
41667,16,7,1,17,15,3,6,1,1,1,2,36,2,2,0.0,0.0,0.0,0.0,0.0,2.0,20,4,3
38057,16,2,3,10,8,3,5,5,1,1,2,23,2,2,0.0,0.0,0.0,0.0,0.0,2.0,18,5,3
71027,15,2,3,17,8,3,0,5,0,1,2,36,2,4,2.0,0.0,0.0,0.0,2.0,1.0,15,3,5
70586,16,2,3,10,2,3,0,1,1,1,1,34,2,2,0.0,0.0,0.0,0.0,0.0,2.0,17,4,5
56056,16,2,3,17,8,3,0,1,1,1,2,36,2,2,0.0,0.0,0.0,0.0,0.0,2.0,14,3,5
55526,15,7,3,0,8,3,6,1,1,1,1,18,3,2,0.0,0.0,0.0,0.0,0.0,2.0,14,1,4
144004,16,2,3,10,8,3,5,5,0,1,2,37,4,3,1.0,0.0,0.0,1.0,0.0,7.0,16,2,10
113621,4,2,0,7,8,3,0,1,0,1,2,17,2,2,0.0,0.0,0.0,0.0,0.0,2.0,4,1,8
90057,4,2,3,2,2,3,0,1,0,0,2,36,1,2,0.0,0.0,0.0,0.0,0.0,4.0,19,1,7
17180,16,3,0,0,6,3,6,1,0,1,2,36,2,4,1.0,0.0,0.0,0.0,1.0,2.0,17,7,2
52769,16,11,1,0,6,3,2,2,0,1,2,36,2,4,3.0,0.0,0.0,0.0,3.0,1.0,23,7,4
72650,15,2,3,17,8,3,0,1,0,0,2,36,2,3,1.0,0.0,0.0,1.0,0.0,1.0,9,5,6
154871,16,2,1,0,6,3,5,5,0,1,2,6,3,3,1.0,0.0,0.0,1.0,0.0,4.0,4,1,10
51076,16,2,3,17,2,3,0,1,1,1,1,36,2,2,0.0,0.0,0.0,0.0,0.0,2.0,13,5,4
56375,15,7,3,2,6,3,6,1,1,1,2,26,1,2,0.0,0.0,0.0,0.0,0.0,2.0,17,2,5
10181,16,2,3,0,15,3,6,1,0,1,2,37,2,1,2.0,0.0,1.0,1.0,0.0,0.0,14,3,1
59255,4,2,3,17,8,3,0,1,1,1,1,18,2,2,0.0,0.0,0.0,0.0,0.0,3.0,10,6,5
169899,15,2,3,0,6,3,0,5,1,1,2,18,2,2,0.0,0.0,0.0,0.0,0.0,2.0,5,6,11
6193,16,2,3,0,6,3,0,1,0,1,2,18,2,3,1.0,0.0,0.0,1.0,0.0,1.0,15,4,1
74353,17,7,1,0,6,3,6,1,0,1,2,6,2,1,1.0,0.0,1.0,0.0,0.0,2.0,4,4,6
30993,15,2,3,17,11,3,0,1,1,1,2,24,2,2,0.0,0.0,0.0,0.0,0.0,2.0,17,3,3
163349,4,10,1,0,3,3,6,4,0,1,1,18,2,2,0.0,0.0,0.0,0.0,0.0,5.0,0,1,11
73219,17,11,5,10,15,3,5,5,1,1,2,36,2,2,0.0,0.0,0.0,0.0,0.0,2.0,13,7,6
148408,16,2,0,15,8,3,0,1,0,0,2,36,2,2,0.0,0.0,0.0,0.0,0.0,3.0,18,4,10
111158,16,2,1,0,8,3,0,1,0,1,2,18,2,3,2.0,0.0,0.0,1.0,1.0,1.0,2,7,8
183125,16,2,3,10,2,3,0,1,1,1,1,19,2,2,0.0,0.0,0.0,0.0,0.0,2.0,14,5,12
145627,17,7,3,0,6,3,6,5,0,1,2,36,2,3,3.0,0.0,0.0,3.0,0.0,3.0,13,7,10
30403,15,2,1,14,15,3,0,1,0,1,2,36,2,4,1.0,0.0,0.0,0.0,1.0,1.0,2,1,3
24308,16,2,3,17,6,3,0,1,1,1,1,18,2,2,0.0,0.0,0.0,0.0,0.0,2.0,10,1,2
80337,16,2,3,17,6,3,0,1,1,1,2,24,2,2,0.0,0.0,0.0,0.0,0.0,2.0,15,1,6
179588,16,2,1,17,2,3,0,5,1,1,0,19,2,2,0.0,0.0,0.0,0.0,0.0,3.0,15,6,12
27608,16,2,3,17,8,3,0,1,0,1,2,36,2,2,0.0,0.0,0.0,0.0,0.0,2.0,8,3,2
79028,16,2,3,9,6,3,0,1,0,1,0,18,2,1,1.0,0.0,1.0,0.0,0.0,1.0,15,2,6
29101,16,2,3,15,6,3,0,1,1,1,2,21,2,2,0.0,0.0,0.0,0.0,0.0,3.0,16,7,3
158750,16,2,3,10,2,3,6,1,1,1,2,19,2,2,0.0,0.0,0.0,0.0,0.0,2.0,8,3,11
172275,15,2,0,9,8,3,0,1,0,1,2,18,2,1,1.0,0.0,1.0,0.0,0.0,1.0,18,7,12
17874,15,10,3,10,8,3,4,1,1,1,2,19,2,2,0.0,0.0,0.0,0.0,0.0,2.0,8,4,2
53873,15,2,3,17,2,3,0,1,0,1,1,36,2,2,0.0,0.0,0.0,0.0,0.0,8.0,8,4,4
32789,16,2,3,17,11,3,6,1,1,1,1,12,2,2,0.0,0.0,0.0,0.0,0.0,2.0,5,6,3
155671,16,2,3,15,8,3,0,1,1,1,1,36,2,2,0.0,0.0,0.0,0.0,0.0,2.0,11,5,10
64925,15,2,3,2,6,3,0,1,0,1,2,18,2,2,0.0,0.0,0.0,0.0,0.0,2.0,14,5,5
40410,15,2,3,0,6,3,0,5,0,1,2,5,2,2,0.0,0.0,0.0,0.0,0.0,2.0,13,1,3
126693,16,2,3,0,8,3,0,1,1,1,2,6,2,2,0.0,0.0,0.0,0.0,0.0,2.0,6,4,9
117123,15,2,3,17,8,3,5,5,1,1,2,36,2,2,0.0,0.0,0.0,0.0,0.0,2.0,10,6,8
29271,16,2,3,0,8,3,0,1,0,1,2,5,2,3,2.0,0.0,0.0,2.0,0.0,1.0,8,1,3
91802,4,11,0,0,6,3,5,1,0,1,2,36,2,3,2.0,0.0,0.0,1.0,1.0,1.0,4,7,7
179999,4,2,3,10,8,3,0,1,1,1,2,36,2,2,0.0,0.0,0.0,0.0,0.0,2.0,12,5,12
177044,16,2,3,17,6,3,0,1,0,1,2,17,2,3,2.0,0.0,0.0,1.0,1.0,0.0,14,2,12
4356,16,2,3,0,6,3,0,1,0,1,2,3,2,2,0.0,0.0,0.0,0.0,0.0,2.0,10,5,1
65679,16,2,1,17,8,3,0,1,0,1,2,18,2,4,1.0,0.0,0.0,0.0,1.0,3.0,0,1,5
69119,16,2,1,17,6,3,0,1,0,1,2,36,2,3,2.0,0.0,0.0,1.0,1.0,1.0,3,1,5
126529,15,2,3,0,6,3,0,1,1,1,2,18,2,2,0.0,0.0,0.0,0.0,0.0,2.0,15,4,9
175087,4,2,1,15,1,3,0,1,1,1,2,36,2,2,0.0,0.0,0.0,0.0,0.0,2.0,5,6,12
163129,16,2,3,15,8,3,0,1,0,1,2,3,2,2,0.0,0.0,0.0,0.0,0.0,2.0,6,4,11
31584,16,2,3,0,3,3,0,1,1,1,1,36,2,2,0.0,0.0,0.0,0.0,0.0,2.0,13,1,3
26227,15,2,3,10,10,3,0,1,1,1,2,21,2,2,0.0,0.0,0.0,0.0,0.0,2.0,15,1,2
149050,15,2,3,0,6,3,0,1,0,1,2,12,2,3,2.0,0.0,0.0,1.0,1.0,0.0,7,6,10
128456,16,2,1,0,8,4,0,1,0,1,2,6,2,3,1.0,0.0,0.0,1.0,0.0,1.0,6,7,9
124195,4,2,0,10,8,3,0,1,1,1,2,26,2,2,0.0,0.0,0.0,0.0,0.0,2.0,6,4,9
166621,4,2,1,3,2,3,0,1,0,1,2,18,2,4,1.0,0.0,0.0,0.0,1.0,1.0,18,4,11
165146,17,2,3,17,8,3,0,5,1,1,2,23,2,2,0.0,0.0,0.0,0.0,0.0,2.0,8,5,11
70,16,3,5,17,2,3,0,1,0,1,2,24,2,2,0.0,0.0,0.0,0.0,0.0,8.0,17,2,1
19501,15,2,1,0,8,3,6,1,1,1,2,36,2,2,0.0,0.0,0.0,0.0,0.0,2.0,19,5,2
31843,16,7,1,9,6,3,6,1,0,1,1,39,2,3,1.0,0.0,0.0,1.0,0.0,1.0,18,6,3
133864,4,2,1,2,8,3,0,1,0,1,2,17,1,2,0.0,0.0,0.0,0.0,0.0,1.0,2,6,9
37699,16,6,1,0,8,3,6,1,0,1,1,12,2,4,1.0,0.0,0.0,0.0,1.0,1.0,6,5,3
72755,16,7,1,10,3,3,6,1,1,0,2,6,2,2,0.0,0.0,0.0,0.0,0.0,2.0,1,1,6
30583,15,7,1,0,8,3,0,1,1,1,2,36,2,2,0.0,0.0,0.0,0.0,0.0,2.0,19,3,3
51972,15,2,3,0,8,3,0,1,1,1,2,18,2,2,0.0,0.0,0.0,0.0,0.0,2.0,17,7,4
187639,15,10,2,0,8,3,4,1,1,1,1,39,2,2,0.0,0.0,0.0,0.0,0.0,3.0,18,7,12
98587,16,2,0,0,8,3,0,1,1,1,2,18,2,2,0.0,0.0,0.0,0.0,0.0,2.0,2,6,7
101065,15,2,1,0,10,3,0,1,0,1,2,18,2,2,0.0,0.0,0.0,0.0,0.0,2.0,2,3,7
33672,16,2,1,10,6,3,0,1,0,1,2,6,2,3,1.0,0.0,0.0,1.0,0.0,1.0,23,7,3
44337,15,2,1,17,6,3,0,1,0,1,2,18,2,3,1.0,0.0,0.0,1.0,0.0,1.0,3,3,4
43646,4,2,3,17,0,3,0,1,0,0,2,18,2,2,0.0,0.0,0.0,0.0,0.0,2.0,11,3,4
62382,16,2,3,0,6,3,0,1,0,1,2,6,2,4,2.0,0.0,0.0,0.0,2.0,2.0,16,6,5
19174,16,2,3,15,15,3,0,1,1,1,1,36,2,2,0.0,0.0,0.0,0.0,0.0,2.0,15,6,2
5102,16,11,5,9,2,3,5,5,0,1,2,36,2,3,1.0,0.0,0.0,1.0,0.0,1.0,18,7,1
162750,16,2,3,17,6,3,0,1,0,1,2,24,2,3,2.0,0.0,0.0,1.0,1.0,0.0,12,6,11
129438,16,2,3,8,2,3,0,1,0,1,2,19,2,3,1.0,0.0,0.0,1.0,0.0,1.0,7,2,9
42190,16,7,1,10,6,3,6,1,1,1,1,36,2,2,0.0,0.0,0.0,0.0,0.0,2.0,23,6,3
157895,15,2,1,0,8,3,0,1,1,1,2,23,2,2,0.0,0.0,0.0,0.0,0.0,2.0,18,7,11
176225,15,2,3,0,8,3,0,1,1,1,2,27,2,2,0.0,0.0,0.0,0.0,0.0,2.0,14,4,12
110743,16,2,3,17,8,3,0,1,0,0,2,36,3,4,1.0,0.0,0.0,0.0,1.0,5.0,12,7,8
165137,16,2,1,17,6,3,0,1,0,1,2,36,2,2,0.0,0.0,0.0,0.0,0.0,2.0,19,5,11
19101,4,2,0,0,8,3,6,5,1,1,1,36,3,2,0.0,0.0,0.0,0.0,0.0,2.0,17,5,2
156760,15,2,3,17,8,3,0,1,0,1,2,36,4,4,1.0,0.0,0.0,0.0,1.0,3.0,15,5,11
8953,4,2,3,7,15,3,0,1,1,1,0,36,2,2,0.0,0.0,0.0,0.0,0.0,8.0,8,3,1
114970,16,2,3,17,6,3,0,5,0,1,2,36,3,3,3.0,0.0,0.0,3.0,0.0,0.0,15,2,8
141735,16,2,3,10,10,3,0,1,0,1,2,17,3,4,1.0,0.0,0.0,0.0,1.0,2.0,13,2,10
90537,16,2,3,17,3,3,0,1,0,1,2,18,2,3,2.0,0.0,0.0,2.0,0.0,2.0,18,7,7
69627,16,3,3,10,2,3,6,1,0,1,2,17,3,3,1.0,0.0,0.0,1.0,0.0,4.0,17,2,5
187865,4,2,3,17,9,3,6,5,1,1,1,18,2,2,0.0,0.0,0.0,0.0,0.0,2.0,14,5,12
30311,16,2,1,10,8,3,0,1,1,1,1,19,2,2,0.0,0.0,0.0,0.0,0.0,2.0,23,6,3
142252,16,2,3,17,8,3,0,1,1,1,2,6,2,2,0.0,0.0,0.0,0.0,0.0,2.0,7,2,10
144185,16,2,3,15,8,3,0,1,1,1,1,36,2,2,0.0,0.0,0.0,0.0,0.0,2.0,14,7,10
27276,16,2,3,10,2,3,0,1,1,1,2,19,2,2,0.0,0.0,0.0,0.0,0.0,2.0,14,4,2
62431,4,2,3,10,10,3,0,1,1,1,2,36,2,2,0.0,0.0,0.0,0.0,0.0,2.0,10,6,5
127047,17,11,5,17,6,3,5,5,1,1,2,36,2,2,0.0,0.0,0.0,0.0,0.0,2.0,17,3,9
9736,16,2,3,17,6,3,0,1,0,1,1,24,2,4,1.0,0.0,0.0,0.0,1.0,2.0,16,2,1
45677,16,7,3,10,6,4,6,5,0,1,2,17,3,3,1.0,0.0,0.0,1.0,0.0,2.0,11,6,4
183840,15,2,3,0,6,3,0,1,1,1,2,18,2,2,0.0,0.0,0.0,0.0,0.0,2.0,14,2,12
21144,16,2,3,17,10,3,6,5,1,1,1,36,2,2,0.0,0.0,0.0,0.0,0.0,3.0,7,4,2
143540,16,7,3,0,6,3,6,1,1,1,2,36,2,2,0.0,0.0,0.0,0.0,0.0,3.0,15,6,10
2663,16,2,3,10,8,3,0,1,1,1,1,36,2,2,0.0,0.0,0.0,0.0,0.0,2.0,11,4,1
107405,4,2,3,10,10,3,0,1,1,0,1,19,2,2,0.0,0.0,0.0,0.0,0.0,2.0,17,6,8
95789,16,2,3,0,6,3,0,1,0,1,2,6,3,2,0.0,0.0,0.0,0.0,0.0,3.0,17,6,7
160978,16,2,3,17,1,4,0,1,0,1,2,24,2,3,2.0,0.0,0.0,1.0,1.0,1.0,11,7,11
1163,16,2,3,10,8,3,0,1,1,1,2,19,2,2,0.0,0.0,0.0,0.0,0.0,2.0,13,6,1
153129,15,2,3,8,10,3,0,1,0,1,0,5,2,3,1.0,0.0,0.0,1.0,0.0,2.0,10,4,10
31527,15,2,3,0,8,3,0,1,1,1,2,5,2,2,0.0,0.0,0.0,0.0,0.0,2.0,15,6,3
150899,15,2,3,0,8,3,0,1,1,1,2,36,2,2,0.0,0.0,0.0,0.0,0.0,2.0,7,4,10
163551,16,7,2,17,6,3,6,5,0,1,2,23,2,2,0.0,0.0,0.0,0.0,0.0,2.0,9,5,11
61666,15,2,3,17,8,3,0,1,1,0,2,5,2,2,0.0,0.0,0.0,0.0,0.0,2.0,10,7,5
48819,6,3,3,2,10,3,6,1,0,1,2,22,1,2,0.0,0.0,0.0,0.0,0.0,1.0,17,6,4
148311,16,2,1,15,8,3,0,1,0,1,1,23,2,2,0.0,0.0,0.0,0.0,0.0,2.0,2,3,10
18452,16,3,3,10,8,3,0,1,1,1,1,19,2,2,0.0,0.0,0.0,0.0,0.0,2.0,14,7,2
63057,16,2,3,15,6,3,0,1,1,1,0,31,2,2,0.0,0.0,0.0,0.0,0.0,2.0,16,3,5