crash_date,               traffic_control_device,weather_condition,lighting_condition,first_crash_type,trafficway_type,alignment,roadway_surface_cond,road_defect,crash_type,intersection_related_i,damage,prim_contributory_cause,num_units,most_severe_injury,injuries_total,injuries_fatal,injuries_incapacitating,injuries_non_incapacitating,injuries_reported_not_evident,injuries_no_indication,crash_hour,crash_day_of_week,crash_month
16655,16,2,3,15,2,3,0,1,1,1,2,23,2,2,0.0,0.0,0.0,0.0,0.0,2.0,14,6,2
76730,16,2,1,15,10,3,0,1,1,1,2,22,2,2,0.0,0.0,0.0,0.0,0.0,2.0,21,2,6
154746,16,2,1,17,6,3,0,1,0,1,2,18,2,2,0.0,0.0,0.0,0.0,0.0,5.0,22,6,10
157466,15,7,1,10,8,3,6,1,1,1,2,39,2,2,0.0,0.0,0.0,0.0,0.0,4.0,19,7,11
13608,16,10,2,10,2,3,4,1,1,0,2,36,2,2,0.0,0.0,0.0,0.0,0.0,2.0,6,6,1
57605,15,2,3,0,6,3,0,1,1,1,2,17,2,2,0.0,0.0,0.0,0.0,0.0,2.0,17,7,5
163050,16,2,2,17,10,3,0,1,1,1,1,24,2,2,0.0,0.0,0.0,0.0,0.0,4.0,16,3,11
6110,15,2,3,10,8,3,6,1,0,1,2,19,2,2,0.0,0.0,0.0,0.0,0.0,2.0,7,1,1
172969,16,2,3,17,8,3,0,1,1,1,0,12,2,2,0.0,0.0,0.0,0.0,0.0,2.0,8,4,12
21355,15,2,1,0,8,3,0,1,1,1,2,36,2,2,0.0,0.0,0.0,0.0,0.0,2.0,23,6,2
143135,16,2,3,10,8,4,0,1,0,1,2,19,2,2,0.0,0.0,0.0,0.0,0.0,2.0,13,2,10
87622,16,2,3,17,8,4,0,1,1,1,1,18,2,2,0.0,0.0,0.0,0.0,0.0,2.0,19,5,6
20131,16,2,3,17,8,3,0,1,1,1,2,24,2,2,0.0,0.0,0.0,0.0,0.0,2.0,10,1,2
55740,15,7,3,10,2,3,6,1,1,1,2,36,2,2,0.0,0.0,0.0,0.0,0.0,2.0,12,5,4
148381,15,2,1,0,9,3,0,1,0,1,2,18,2,2,0.0,0.0,0.0,0.0,0.0,2.0,2,4,10
178262,16,3,4,0,8,3,5,1,1,1,2,36,2,2,0.0,0.0,0.0,0.0,0.0,2.0,17,7,12
35142,15,2,3,17,6,3,0,1,1,1,1,36,2,2,0.0,0.0,0.0,0.0,0.0,2.0,7,3,3
98162,16,2,3,10,2,3,0,1,1,1,1,19,2,2,0.0,0.0,0.0,0.0,0.0,2.0,15,5,7
127223,18,2,4,9,2,3,0,5,0,1,1,8,2,3,1.0,0.0,0.0,1.0,0.0,2.0,21,4,9
6667,16,2,0,17,8,3,0,1,0,1,2,18,2,2,0.0,0.0,0.0,0.0,0.0,2.0,17,3,1
38128,16,11,5,9,2,4,5,5,0,1,0,36,2,3,1.0,0.0,0.0,1.0,0.0,1.0,18,6,3
172772,16,2,1,17,8,3,0,1,1,1,2,24,2,2,0.0,0.0,0.0,0.0,0.0,4.0,4,7,12
181053,16,2,3,15,3,3,0,1,1,1,2,19,2,2,0.0,0.0,0.0,0.0,0.0,2.0,10,5,12
167755,16,2,0,17,6,3,0,5,1,1,0,36,2,2,0.0,0.0,0.0,0.0,0.0,2.0,16,6,11
179186,15,2,3,17,15,3,0,1,1,1,0,36,2,2,0.0,0.0,0.0,0.0,0.0,7.0,14,2,12
130612,16,2,0,10,6,3,0,5,1,1,2,36,2,2,0.0,0.0,0.0,0.0,0.0,2.0,19,4,9
74429,16,2,3,10,2,3,0,1,1,1,2,26,2,2,0.0,0.0,0.0,0.0,0.0,2.0,13,3,6
60894,16,2,3,9,6,3,0,1,0,1,2,18,2,4,1.0,0.0,0.0,0.0,1.0,1.0,10,3,5
109912,16,2,3,10,10,4,0,1,0,1,2,17,3,2,0.0,0.0,0.0,0.0,0.0,6.0,18,1,8
82727,15,7,3,0,8,3,6,1,1,1,1,21,2,2,0.0,0.0,0.0,0.0,0.0,2.0,9,5,6
186866,15,2,1,0,6,3,6,1,0,1,2,18,2,3,2.0,0.0,0.0,2.0,0.0,2.0,22,3,12
143345,15,2,1,17,8,3,0,1,0,1,2,36,2,4,1.0,0.0,0.0,0.0,1.0,1.0,0,5,10
39356,16,2,3,10,8,3,0,1,1,1,0,8,2,2,0.0,0.0,0.0,0.0,0.0,2.0,14,1,3
72111,16,2,3,0,11,3,6,1,1,1,2,6,2,2,0.0,0.0,0.0,0.0,0.0,2.0,6,4,6
86300,16,2,3,17,11,3,0,1,0,1,2,6,2,2,0.0,0.0,0.0,0.0,0.0,2.0,18,5,6
182295,16,2,1,0,15,3,0,1,1,1,2,7,2,2,0.0,0.0,0.0,0.0,0.0,2.0,0,1,12
176476,15,2,3,10,8,3,0,1,1,1,1,19,2,2,0.0,0.0,0.0,0.0,0.0,2.0,15,4,12
49563,16,2,3,17,6,3,0,1,0,1,2,28,2,2,0.0,0.0,0.0,0.0,0.0,3.0,11,4,4
59211,4,2,3,8,6,3,0,1,1,1,0,23,2,2,0.0,0.0,0.0,0.0,0.0,2.0,15,6,5
17277,15,2,3,0,6,3,0,1,1,1,1,36,2,2,0.0,0.0,0.0,0.0,0.0,2.0,12,1,2
130962,16,2,2,10,2,3,0,4,1,1,1,26,2,2,0.0,0.0,0.0,0.0,0.0,3.0,16,1,9
49822,16,2,1,7,8,3,0,2,0,0,2,8,2,3,1.0,0.0,0.0,1.0,0.0,0.0,0,4,4
44836,10,2,3,10,3,3,0,1,0,1,2,19,3,2,0.0,0.0,0.0,0.0,0.0,4.0,17,5,4
57357,16,2,3,0,15,3,0,1,0,1,2,6,2,2,0.0,0.0,0.0,0.0,0.0,2.0,18,4,5
67628,16,7,1,0,2,4,6,1,0,1,2,6,2,3,1.0,0.0,0.0,1.0,0.0,2.0,5,4,5
27047,16,2,1,17,8,3,0,1,1,0,2,19,2,2,0.0,0.0,0.0,0.0,0.0,2.0,23,7,2
106877,15,2,3,2,8,3,0,1,1,1,0,6,1,2,0.0,0.0,0.0,0.0,0.0,1.0,15,5,8
152287,15,2,1,9,8,3,0,1,0,0,0,36,2,3,1.0,0.0,0.0,1.0,0.0,1.0,15,6,10
46397,17,2,3,10,8,3,0,5,1,1,1,26,2,2,0.0,0.0,0.0,0.0,0.0,2.0,18,4,4
45553,16,7,3,9,8,3,6,1,0,1,0,36,2,4,1.0,0.0,0.0,0.0,1.0,1.0,15,5,4
22643,16,2,3,15,8,3,0,5,1,1,2,22,2,2,0.0,0.0,0.0,0.0,0.0,3.0,12,7,2
43978,16,2,3,0,16,3,0,1,0,1,2,6,3,3,1.0,0.0,0.0,1.0,0.0,3.0,14,3,4
126491,16,7,3,17,2,3,6,1,1,0,2,23,2,2,0.0,0.0,0.0,0.0,0.0,2.0,8,2,9
116511,16,2,3,15,8,3,0,1,1,1,1,23,2,2,0.0,0.0,0.0,0.0,0.0,2.0,8,4,8
91916,16,2,1,10,3,3,0,1,1,1,2,19,2,2,0.0,0.0,0.0,0.0,0.0,2.0,1,1,7
40417,15,2,1,10,6,3,0,1,0,1,2,36,2,2,0.0,0.0,0.0,0.0,0.0,3.0,2,1,3
5390,4,2,3,15,6,3,6,5,1,1,2,36,2,2,0.0,0.0,0.0,0.0,0.0,2.0,7,7,1
7583,4,7,1,17,8,3,6,1,1,1,2,36,2,2,0.0,0.0,0.0,0.0,0.0,3.0,17,2,1
175347,15,3,3,0,6,3,0,1,0,1,2,18,2,4,1.0,0.0,0.0,0.0,1.0,1.0,14,6,12
111729,16,2,1,10,1,3,0,1,0,1,2,36,3,4,1.0,0.0,0.0,0.0,1.0,3.0,20,1,8
107545,16,2,1,10,3,3,0,1,1,1,2,19,2,2,0.0,0.0,0.0,0.0,0.0,2.0,3,1,8
10803,4,2,3,17,6,3,0,1,0,1,2,24,2,4,1.0,0.0,0.0,0.0,1.0,2.0,11,6,1
50667,16,2,3,0,6,3,0,5,0,1,2,36,2,3,3.0,0.0,0.0,3.0,0.0,0.0,16,6,4
16898,16,10,1,10,2,3,4,1,0,1,1,36,2,4,1.0,0.0,0.0,0.0,1.0,1.0,17,2,2
126972,15,2,3,5,8,3,0,1,1,1,2,12,2,2,0.0,0.0,0.0,0.0,0.0,1.0,16,2,9
110473,16,2,1,10,3,3,0,1,1,1,1,36,2,2,0.0,0.0,0.0,0.0,0.0,2.0,23,2,8
130440,16,2,3,8,6,3,0,1,0,1,0,18,2,1,1.0,0.0,1.0,0.0,0.0,1.0,13,1,9
173663,16,2,3,10,2,3,0,1,1,1,2,19,2,2,0.0,0.0,0.0,0.0,0.0,2.0,13,3,12
110538,4,2,3,17,8,3,0,1,1,0,0,18,2,2,0.0,0.0,0.0,0.0,0.0,2.0,10,3,8
40270,16,2,3,10,2,3,0,1,0,1,0,17,2,4,1.0,0.0,0.0,0.0,1.0,1.0,8,4,3
148027,15,7,1,17,8,3,0,5,1,1,1,18,2,2,0.0,0.0,0.0,0.0,0.0,2.0,23,4,10
170324,16,2,1,15,8,3,0,1,1,1,1,36,2,2,0.0,0.0,0.0,0.0,0.0,2.0,20,4,11
169200,16,2,3,10,8,4,0,3,1,1,0,36,2,2,0.0,0.0,0.0,0.0,0.0,3.0,12,7,11
120798,16,2,3,3,2,3,0,1,0,1,2,6,2,3,4.0,0.0,0.0,4.0,0.0,3.0,17,4,9
12476,16,2,1,10,10,3,6,1,1,1,1,21,2,2,0.0,0.0,0.0,0.0,0.0,6.0,2,7,1
148428,15,2,0,17,6,3,0,1,0,1,2,11,2,2,0.0,0.0,0.0,0.0,0.0,2.0,21,4,10
152718,16,2,3,10,6,3,5,5,1,1,2,36,2,2,0.0,0.0,0.0,0.0,0.0,3.0,15,7,10
155454,15,2,3,11,10,3,0,1,1,1,2,21,2,2,0.0,0.0,0.0,0.0,0.0,3.0,7,1,10
59882,16,2,3,0,8,3,0,1,1,1,2,6,3,2,0.0,0.0,0.0,0.0,0.0,5.0,18,2,5
40769,16,7,1,17,6,3,6,1,0,1,2,24,2,2,0.0,0.0,0.0,0.0,0.0,2.0,2,1,3
140780,4,2,3,8,8,3,0,1,0,1,1,36,2,3,1.0,0.0,0.0,1.0,0.0,1.0,13,5,10
42527,16,2,3,17,8,3,0,1,0,1,2,17,4,3,1.0,0.0,0.0,1.0,0.0,4.0,14,6,4
25089,16,7,3,0,8,3,6,1,0,1,2,18,2,4,1.0,0.0,0.0,0.0,1.0,1.0,8,3,2
8887,16,2,1,0,6,3,0,5,0,1,2,18,2,2,0.0,0.0,0.0,0.0,0.0,2.0,20,2,1
66508,16,2,3,17,8,3,0,1,1,1,2,23,2,2,0.0,0.0,0.0,0.0,0.0,2.0,9,3,5
114194,16,2,0,17,6,3,0,1,1,1,2,6,2,2,0.0,0.0,0.0,0.0,0.0,2.0,20,3,8
66386,16,2,3,8,8,3,6,1,0,1,2,36,2,3,1.0,0.0,0.0,1.0,0.0,1.0,16,7,5
96439,16,2,3,15,6,3,0,1,0,1,2,28,4,2,0.0,0.0,0.0,0.0,0.0,14.0,13,2,7
37507,15,2,3,10,6,3,0,1,1,1,2,26,2,2,0.0,0.0,0.0,0.0,0.0,2.0,13,4,3
14375,16,11,3,17,8,4,5,1,1,1,2,18,2,2,0.0,0.0,0.0,0.0,0.0,2.0,13,7,1
147200,16,2,1,17,15,3,0,1,0,1,2,26,2,4,1.0,0.0,0.0,0.0,1.0,2.0,18,1,10
17932,16,2,3,17,12,3,0,1,1,1,2,6,2,2,0.0,0.0,0.0,0.0,0.0,2.0,18,5,2
147520,15,2,3,17,2,3,0,1,1,1,2,18,2,2,0.0,0.0,0.0,0.0,0.0,3.0,12,4,10
87891,16,2,3,10,2,3,0,1,0,1,2,19,2,2,0.0,0.0,0.0,0.0,0.0,2.0,13,2,7
75854,16,2,3,17,6,3,0,1,1,1,0,36,2,2,0.0,0.0,0.0,0.0,0.0,2.0,6,4,6
114243,16,2,3,0,6,3,0,1,0,1,2,6,2,3,1.0,0.0,0.0,1.0,0.0,3.0,18,5,8
130149,16,2,3,17,8,3,0,1,1,1,2,23,2,2,0.0,0.0,0.0,0.0,0.0,2.0,8,2,9
129618,15,2,2,17,2,3,0,1,1,1,2,18,2,2,0.0,0.0,0.0,0.0,0.0,2.0,19,2,9
126887,16,2,3,0,8,3,0,1,0,1,2,18,2,3,1.0,0.0,0.0,1.0,0.0,3.0,14,1,9
63392,4,7,3,7,10,3,6,1,1,1,2,36,2,2,0.0,0.0,0.0,0.0,0.0,1.0,10,7,5
101318,15,2,3,0,8,3,0,1,1,1,2,36,2,2,0.0,0.0,0.0,0.0,0.0,3.0,15,6,7
31159,16,2,3,0,6,4,0,1,1,1,0,17,2,2,0.0,0.0,0.0,0.0,0.0,2.0,15,7,3
143061,15,2,1,0,2,3,0,1,0,1,2,36,2,1,4.0,0.0,1.0,3.0,0.0,2.0,20,7,10
130956,16,2,3,10,6,3,0,1,1,1,2,36,2,2,0.0,0.0,0.0,0.0,0.0,2.0,16,1,9
76854,16,2,3,0,6,3,0,1,0,1,2,36,2,4,1.0,0.0,0.0,0.0,1.0,1.0,6,5,6
172574,16,7,4,15,6,3,6,1,1,1,2,36,2,2,0.0,0.0,0.0,0.0,0.0,2.0,13,6,12
52724,4,2,3,15,8,3,0,1,0,1,2,22,3,2,0.0,0.0,0.0,0.0,0.0,4.0,13,7,4
182556,16,2,1,10,8,3,0,1,1,1,0,19,2,2,0.0,0.0,0.0,0.0,0.0,2.0,0,3,12
61916,15,7,3,0,6,3,6,1,0,1,1,38,2,2,0.0,0.0,0.0,0.0,0.0,2.0,13,6,5
25907,4,2,3,10,8,3,0,1,0,1,2,19,2,2,0.0,0.0,0.0,0.0,0.0,2.0,8,2,2
146562,16,2,3,10,2,3,0,1,1,1,0,19,2,2,0.0,0.0,0.0,0.0,0.0,2.0,10,4,10
94273,15,2,3,17,6,3,0,1,1,1,2,24,2,2,0.0,0.0,0.0,0.0,0.0,6.0,13,3,7
135317,16,2,1,17,2,3,0,1,0,1,2,36,2,2,0.0,0.0,0.0,0.0,0.0,3.0,23,5,9
179897,15,7,1,17,6,3,6,1,0,1,2,18,2,2,0.0,0.0,0.0,0.0,0.0,2.0,19,4,12
119630,16,2,4,10,2,3,0,5,1,1,2,17,2,2,0.0,0.0,0.0,0.0,0.0,2.0,21,1,8
83669,15,2,3,10,8,3,0,1,1,1,1,36,2,2,0.0,0.0,0.0,0.0,0.0,2.0,13,6,6
22220,16,2,3,0,8,4,0,1,0,1,2,3,2,3,1.0,0.0,0.0,1.0,0.0,2.0,8,7,2
8076,16,2,1,0,11,3,0,1,1,1,2,18,2,2,0.0,0.0,0.0,0.0,0.0,3.0,0,1,1
113475,16,2,1,17,6,3,6,1,0,1,2,8,2,2,0.0,0.0,0.0,0.0,0.0,2.0,1,1,8
115708,15,2,3,0,2,3,0,1,0,1,2,36,2,2,0.0,0.0,0.0,0.0,0.0,2.0,9,5,8
132597,15,2,3,10,8,3,0,1,1,1,1,19,2,2,0.0,0.0,0.0,0.0,0.0,2.0,12,7,9
178028,16,2,3,17,6,3,0,1,0,1,2,36,2,2,0.0,0.0,0.0,0.0,0.0,2.0,16,7,12
62245,15,2,3,9,10,3,0,1,0,1,0,18,2,3,1.0,0.0,0.0,1.0,0.0,1.0,11,2,5
39849,15,2,3,10,8,3,0,1,1,1,2,17,2,2,0.0,0.0,0.0,0.0,0.0,3.0,16,3,3
139986,15,7,2,10,2,3,6,1,1,1,2,19,2,2,0.0,0.0,0.0,0.0,0.0,2.0,7,6,10
149000,16,2,1,0,6,3,0,1,0,1,2,3,2,2,0.0,0.0,0.0,0.0,0.0,2.0,21,5,10
11614,16,7,1,15,8,3,6,1,1,1,2,36,2,2,0.0,0.0,0.0,0.0,0.0,2.0,17,6,1
83205,16,2,3,0,8,3,6,1,1,1,2,26,3,2,0.0,0.0,0.0,0.0,0.0,3.0,16,6,6
168224,16,2,4,17,2,3,0,1,1,1,0,4,2,2,0.0,0.0,0.0,0.0,0.0,2.0,17,6,11
165991,16,2,1,17,2,3,0,1,1,1,2,18,2,2,0.0,0.0,0.0,0.0,0.0,3.0,21,1,11
25376,15,3,3,0,8,3,0,1,0,1,2,18,2,2,0.0,0.0,0.0,0.0,0.0,2.0,8,7,2
132745,16,2,3,17,8,3,5,5,1,1,1,24,2,2,0.0,0.0,0.0,0.0,0.0,2.0,17,4,9
48707,16,2,3,10,2,3,0,1,1,1,1,19,2,2,0.0,0.0,0.0,0.0,0.0,4.0,15,4,4
14997,16,2,3,10,8,3,0,1,1,1,2,19,2,2,0.0,0.0,0.0,0.0,0.0,2.0,8,3,1
54619,15,2,3,0,8,3,0,1,0,1,2,18,2,3,1.0,0.0,0.0,1.0,0.0,1.0,18,7,4
73947,16,2,4,8,8,3,0,1,0,1,2,18,2,3,1.0,0.0,0.0,1.0,0.0,2.0,19,3,6
109372,17,2,4,10,8,3,0,5,1,1,1,19,2,2,0.0,0.0,0.0,0.0,0.0,3.0,23,7,8
130267,16,2,3,15,8,3,0,1,1,1,1,36,2,2,0.0,0.0,0.0,0.0,0.0,2.0,7,4,9
154397,16,2,3,17,2,3,0,1,1,1,2,36,2,2,0.0,0.0,0.0,0.0,0.0,3.0,7,3,10
57006,4,7,0,4,8,3,6,3,1,1,1,26,1,2,0.0,0.0,0.0,0.0,0.0,1.0,1,5,5
22825,15,10,1,3,8,3,4,5,1,1,2,39,2,2,0.0,0.0,0.0,0.0,0.0,2.0,17,5,2
33679,16,2,3,0,6,3,0,1,0,1,2,36,2,3,2.0,0.0,0.0,2.0,0.0,2.0,12,7,3
14705,16,2,3,17,2,3,4,1,0,1,2,24,2,3,2.0,0.0,0.0,2.0,0.0,7.0,15,5,1
47088,15,3,3,8,15,3,6,1,0,1,1,18,2,3,1.0,0.0,0.0,1.0,0.0,1.0,12,5,4
92993,16,2,3,15,2,3,0,1,1,1,1,22,2,2,0.0,0.0,0.0,0.0,0.0,2.0,8,3,7
161395,16,2,2,10,8,3,0,1,1,1,0,19,2,2,0.0,0.0,0.0,0.0,0.0,2.0,6,7,11
27983,16,2,3,17,6,3,0,1,1,1,1,36,2,2,0.0,0.0,0.0,0.0,0.0,3.0,15,3,2
118803,16,2,1,17,6,3,0,1,0,1,2,22,2,2,0.0,0.0,0.0,0.0,0.0,3.0,22,4,8
95948,17,11,5,8,15,3,5,5,0,1,2,26,2,4,1.0,0.0,0.0,0.0,1.0,1.0,15,3,7
163189,15,10,3,13,8,3,4,1,1,1,2,3,2,2,0.0,0.0,0.0,0.0,0.0,2.0,7,5,11
61761,16,2,3,10,8,3,0,1,0,1,2,19,2,2,0.0,0.0,0.0,0.0,0.0,2.0,7,3,5
186519,4,10,1,0,8,3,6,1,0,1,2,18,2,4,3.0,0.0,0.0,0.0,3.0,1.0,20,4,12
129105,4,2,3,17,8,3,0,1,1,1,0,36,2,2,0.0,0.0,0.0,0.0,0.0,2.0,18,2,9
94052,15,7,3,7,10,3,0,1,1,1,2,17,2,2,0.0,0.0,0.0,0.0,0.0,1.0,17,6,7
69256,16,2,3,0,2,3,0,5,0,1,2,6,3,1,3.0,0.0,2.0,1.0,0.0,1.0,8,1,5
66413,16,2,3,17,3,3,0,1,0,1,0,36,2,4,1.0,0.0,0.0,0.0,1.0,1.0,13,1,5
72414,16,7,1,10,8,3,6,5,1,1,2,19,2,2,0.0,0.0,0.0,0.0,0.0,2.0,23,7,6
181925,16,2,0,10,2,3,0,1,0,1,1,36,2,3,1.0,0.0,0.0,1.0,0.0,1.0,18,2,12
156654,16,2,3,3,2,3,0,1,0,1,2,36,2,1,2.0,0.0,1.0,1.0,0.0,3.0,8,3,11
114816,15,2,0,17,8,3,0,1,0,1,2,36,2,3,2.0,0.0,0.0,2.0,0.0,1.0,22,6,8
121566,16,2,1,17,6,3,0,1,0,1,2,24,2,3,1.0,0.0,0.0,1.0,0.0,1.0,0,7,9
109535,16,2,3,17,8,3,0,1,1,1,1,36,2,2,0.0,0.0,0.0,0.0,0.0,2.0,13,4,8
159404,15,2,1,0,6,3,0,1,0,1,2,18,2,2,0.0,0.0,0.0,0.0,0.0,2.0,17,7,11
89332,16,2,3,17,6,3,0,1,0,1,2,6,3,3,2.0,0.0,0.0,2.0,0.0,2.0,10,4,7
141292,15,2,3,11,10,3,0,1,1,1,1,37,2,2,0.0,0.0,0.0,0.0,0.0,2.0,17,4,10
169256,16,7,3,17,8,3,6,1,0,1,2,18,2,3,1.0,0.0,0.0,1.0,0.0,1.0,10,1,11
104133,15,2,3,9,8,3,0,1,0,1,0,18,2,3,1.0,0.0,0.0,1.0,0.0,1.0,10,5,8
38422,4,2,1,7,11,3,0,5,0,1,2,14,2,2,0.0,0.0,0.0,0.0,0.0,1.0,21,6,3
146245,16,7,3,10,2,3,6,1,0,1,2,36,2,3,2.0,0.0,0.0,2.0,0.0,0.0,14,3,10
3334,15,2,1,2,6,3,5,5,0,1,2,36,1,2,0.0,0.0,0.0,0.0,0.0,1.0,1,3,1
16889,16,10,0,10,10,3,4,1,1,1,1,39,2,2,0.0,0.0,0.0,0.0,0.0,2.0,16,2,2
145210,16,2,1,2,2,3,6,1,0,1,2,36,1,2,0.0,0.0,0.0,0.0,0.0,1.0,2,7,10
48663,4,2,3,17,8,3,0,1,0,1,2,36,2,2,0.0,0.0,0.0,0.0,0.0,3.0,16,2,4
136904,16,2,3,17,6,3,0,1,1,1,2,36,2,2,0.0,0.0,0.0,0.0,0.0,2.0,1,6,9
43555,10,10,2,9,10,3,6,1,0,1,1,24,2,4,1.0,0.0,0.0,0.0,1.0,1.0,5,4,4
23784,16,2,0,10,3,3,4,1,1,1,1,19,2,2,0.0,0.0,0.0,0.0,0.0,2.0,20,6,2
75014,15,2,1,0,8,3,5,5,0,1,2,36,3,2,0.0,0.0,0.0,0.0,0.0,3.0,22,4,6
55429,16,2,0,0,6,3,0,1,0,1,1,12,2,4,1.0,0.0,0.0,0.0,1.0,3.0,23,7,4
180571,16,2,1,10,1,3,0,1,1,1,2,19,2,2,0.0,0.0,0.0,0.0,0.0,2.0,16,6,12
45478,16,2,4,17,8,3,0,1,0,1,2,18,2,2,0.0,0.0,0.0,0.0,0.0,3.0,19,2,4
23697,4,2,3,7,6,3,0,1,1,1,1,36,2,2,0.0,0.0,0.0,0.0,0.0,1.0,8,4,2
74134,4,2,3,15,2,3,0,1,1,1,2,23,2,2,0.0,0.0,0.0,0.0,0.0,2.0,13,7,6
56394,15,2,3,0,15,3,0,1,1,1,2,5,2,2,0.0,0.0,0.0,0.0,0.0,2.0,8,2,5
110419,4,2,3,15,8,3,0,1,1,1,1,36,2,2,0.0,0.0,0.0,0.0,0.0,2.0,13,2,8
5860,16,2,3,15,8,3,0,1,1,1,2,18,2,2,0.0,0.0,0.0,0.0,0.0,6.0,12,5,1
137515,16,2,1,0,6,3,0,5,0,1,2,36,2,3,5.0,0.0,0.0,5.0,0.0,0.0,23,7,9
31831,16,7,3,10,3,3,6,1,1,1,2,19,2,2,0.0,0.0,0.0,0.0,0.0,2.0,17,6,3
135611,16,2,3,15,8,3,0,1,1,1,1,36,2,2,0.0,0.0,0.0,0.0,0.0,2.0,14,2,9
60931,16,2,3,0,6,3,0,6,0,1,2,17,2,3,2.0,0.0,0.0,2.0,0.0,1.0,18,4,5
149621,16,7,1,2,6,3,6,1,0,1,2,23,1,3,2.0,0.0,0.0,2.0,0.0,0.0,22,7,10
67685,16,2,3,17,2,3,0,1,0,1,2,36,2,3,1.0,0.0,0.0,1.0,0.0,1.0,8,5,5
11097,15,2,3,0,8,3,6,1,1,1,1,18,2,2,0.0,0.0,0.0,0.0,0.0,2.0,12,3,1
71040,16,2,3,15,6,3,0,1,1,1,1,22,2,2,0.0,0.0,0.0,0.0,0.0,2.0,16,3,5
171394,16,2,3,15,8,3,0,1,1,1,1,23,2,2,0.0,0.0,0.0,0.0,0.0,5.0,8,2,11
134011,16,2,3,10,6,3,0,1,0,1,2,17,3,3,1.0,0.0,0.0,1.0,0.0,2.0,14,1,9
99837,16,2,3,15,8,3,0,1,1,1,1,36,2,2,0.0,0.0,0.0,0.0,0.0,2.0,15,4,7
82507,4,2,3,8,6,3,0,1,0,1,2,18,2,3,1.0,0.0,0.0,1.0,0.0,1.0,17,3,6
149057,16,2,1,10,2,3,5,5,1,1,0,36,2,2,0.0,0.0,0.0,0.0,0.0,2.0,20,6,10
64594,15,2,3,0,10,3,0,1,0,1,2,38,3,3,2.0,0.0,0.0,1.0,1.0,4.0,10,5,5
167388,16,2,3,0,8,3,0,1,1,1,2,36,2,2,0.0,0.0,0.0,0.0,0.0,2.0,16,2,11
126962,16,2,3,10,8,3,0,5,1,1,1,36,2,2,0.0,0.0,0.0,0.0,0.0,2.0,15,2,9
14733,16,2,3,10,8,4,1,1,1,1,2,19,2,2,0.0,0.0,0.0,0.0,0.0,2.0,8,5,1
142874,15,7,3,15,10,3,6,1,1,1,1,36,2,2,0.0,0.0,0.0,0.0,0.0,2.0,15,4,10
174627,16,2,3,0,6,3,0,1,0,1,2,6,2,3,1.0,0.0,0.0,1.0,0.0,1.0,4,1,12
90416,16,2,4,15,8,3,0,1,1,1,1,23,2,2,0.0,0.0,0.0,0.0,0.0,4.0,18,5,7
109864,16,2,1,17,10,3,0,1,1,1,2,17,2,2,0.0,0.0,0.0,0.0,0.0,3.0,20,7,8
131289,15,2,3,9,8,3,0,1,0,1,1,18,2,3,1.0,0.0,0.0,1.0,0.0,1.0,17,4,9
130423,16,2,3,0,6,3,0,1,1,1,2,6,2,2,0.0,0.0,0.0,0.0,0.0,2.0,12,7,9
155683,16,2,3,10,8,3,0,5,1,1,2,19,2,2,0.0,0.0,0.0,0.0,0.0,2.0,12,1,11
26091,15,10,1,0,18,3,4,1,0,1,2,36,3,2,0.0,0.0,0.0,0.0,0.0,2.0,22,6,2
85272,16,7,3,0,8,3,6,1,0,1,2,6,2,2,0.0,0.0,0.0,0.0,0.0,2.0,8,3,6
128292,15,2,1,0,6,3,0,1,0,1,2,37,2,2,0.0,0.0,0.0,0.0,0.0,4.0,21,7,9
2108,16,2,1,10,8,3,0,1,1,1,1,36,2,2,0.0,0.0,0.0,0.0,0.0,3.0,22,7,1
18021,16,2,3,9,8,3,0,1,0,1,1,18,2,3,1.0,0.0,0.0,1.0,0.0,1.0,7,6,2
166129,15,2,2,17,6,3,0,1,1,1,2,36,2,2,0.0,0.0,0.0,0.0,0.0,2.0,7,3,11
171924,16,2,3,0,8,3,0,1,1,1,2,36,2,2,0.0,0.0,0.0,0.0,0.0,2.0,8,3,11
17842,16,10,1,17,10,3,4,1,1,1,1,24,2,2,0.0,0.0,0.0,0.0,0.0,2.0,1,4,2
77228,4,2,3,15,8,3,0,1,1,0,2,22,2,2,0.0,0.0,0.0,0.0,0.0,2.0,17,3,6
152714,17,2,3,9,8,3,0,5,0,1,0,36,2,3,1.0,0.0,0.0,1.0,0.0,1.0,15,7,10
81137,16,2,3,17,6,3,0,1,1,1,2,24,2,2,0.0,0.0,0.0,0.0,0.0,3.0,7,5,6
98878,4,2,3,10,2,3,0,1,1,1,1,19,2,2,0.0,0.0,0.0,0.0,0.0,3.0,9,2,7
148749,16,2,1,15,8,3,0,1,1,1,2,22,2,2,0.0,0.0,0.0,0.0,0.0,3.0,19,7,10
143633,16,7,3,2,2,3,6,1,1,1,2,36,1,2,0.0,0.0,0.0,0.0,0.0,1.0,11,6,10
98062,15,2,3,8,15,3,0,1,1,1,0,18,2,2,0.0,0.0,0.0,0.0,0.0,2.0,20,5,7
69089,15,2,1,17,6,3,0,1,1,1,1,24,2,2,0.0,0.0,0.0,0.0,0.0,2.0,21,6,5
87490,15,2,4,0,6,3,0,1,1,1,0,36,2,2,0.0,0.0,0.0,0.0,0.0,2.0,20,3,6