crash_date,               traffic_control_device,weather_condition,lighting_condition,first_crash_type,trafficway_type,alignment,roadway_surface_cond,road_defect,crash_type,intersection_related_i,damage,prim_contributory_cause,num_units,most_severe_injury,injuries_total,injuries_fatal,injuries_incapacitating,injuries_non_incapacitating,injuries_reported_not_evident,injuries_no_indication,crash_hour,crash_day_of_week,crash_month
45082,16,2,3,10,8,3,0,1,1,1,1,19,2,2,0.0,0.0,0.0,0.0,0.0,2.0,13,3,4
26631,15,2,2,2,14,3,0,1,0,1,2,5,2,2,0.0,0.0,0.0,0.0,0.0,4.0,6,1,2
183018,16,2,3,10,11,3,0,1,1,1,2,36,2,2,0.0,0.0,0.0,0.0,0.0,2.0,14,1,12
43413,15,2,1,10,8,3,0,1,1,0,1,26,2,2,0.0,0.0,0.0,0.0,0.0,2.0,20,7,4
187197,16,3,3,0,6,3,0,1,0,1,2,6,3,2,0.0,0.0,0.0,0.0,0.0,3.0,7,7,12
164379,16,2,1,0,6,3,0,1,0,1,2,36,2,2,0.0,0.0,0.0,0.0,0.0,3.0,18,7,11
4817,16,11,5,17,18,3,5,5,1,1,2,36,2,2,0.0,0.0,0.0,0.0,0.0,2.0,23,4,1
155447,16,2,2,0,8,3,0,1,0,1,2,36,4,3,2.0,0.0,0.0,2.0,0.0,2.0,5,1,10
154033,15,2,3,6,8,3,0,1,0,1,2,23,3,4,2.0,0.0,0.0,0.0,2.0,4.0,15,3,10
142025,16,2,1,8,6,3,0,1,0,1,0,36,2,3,1.0,0.0,0.0,1.0,0.0,1.0,19,7,10
24703,4,2,2,0,8,3,0,1,0,1,2,26,4,2,0.0,0.0,0.0,0.0,0.0,6.0,14,3,2
3270,16,2,1,17,5,3,0,5,0,1,2,12,2,2,0.0,0.0,0.0,0.0,0.0,2.0,19,7,1
155025,16,2,3,10,8,3,0,1,1,1,1,17,2,2,0.0,0.0,0.0,0.0,0.0,2.0,7,4,10
47676,16,7,1,10,8,3,6,1,0,1,1,39,2,2,0.0,0.0,0.0,0.0,0.0,3.0,21,6,4
95102,0,2,1,17,6,3,0,1,1,1,2,35,2,2,0.0,0.0,0.0,0.0,0.0,5.0,1,2,7
93545,15,2,2,0,2,3,0,1,1,1,1,19,2,2,0.0,0.0,0.0,0.0,0.0,2.0,10,5,7
171114,16,2,3,0,2,3,0,1,1,1,0,18,2,2,0.0,0.0,0.0,0.0,0.0,3.0,10,1,11
97343,16,7,3,10,8,3,6,5,0,0,2,36,2,4,3.0,0.0,0.0,0.0,3.0,0.0,7,1,7
84328,16,3,3,9,8,3,6,1,0,1,1,36,3,1,2.0,0.0,2.0,0.0,0.0,1.0,17,2,6
184789,16,2,1,9,10,3,0,1,0,1,0,18,3,1,2.0,0.0,1.0,1.0,0.0,1.0,1,1,12
27482,18,2,3,15,8,3,0,1,0,0,1,23,2,2,0.0,0.0,0.0,0.0,0.0,2.0,7,1,2
168908,4,2,3,17,8,3,0,1,1,1,2,24,2,2,0.0,0.0,0.0,0.0,0.0,3.0,15,4,11
147056,15,2,3,0,3,3,0,1,0,1,2,18,2,4,2.0,0.0,0.0,0.0,2.0,0.0,13,5,10
24774,16,2,4,17,6,3,0,1,1,1,2,18,2,2,0.0,0.0,0.0,0.0,0.0,4.0,18,4,2
25140,15,7,1,17,6,3,6,1,0,1,2,18,2,2,0.0,0.0,0.0,0.0,0.0,4.0,19,4,2
78280,16,2,3,10,2,3,0,1,1,1,2,19,2,2,0.0,0.0,0.0,0.0,0.0,2.0,10,4,6
105509,16,2,1,0,15,3,0,1,1,1,2,36,2,2,0.0,0.0,0.0,0.0,0.0,4.0,22,5,8
77239,16,2,3,17,2,3,0,1,1,1,0,24,2,2,0.0,0.0,0.0,0.0,0.0,2.0,7,3,6
180258,16,2,1,0,10,3,0,1,0,1,2,18,2,2,0.0,0.0,0.0,0.0,0.0,5.0,18,7,12
55063,4,2,3,15,2,3,0,1,1,0,2,18,2,2,0.0,0.0,0.0,0.0,0.0,4.0,13,1,4
50434,16,2,1,10,8,3,0,1,1,1,0,17,2,2,0.0,0.0,0.0,0.0,0.0,2.0,22,6,4
51798,4,7,3,7,8,3,6,1,0,1,2,37,2,2,0.0,0.0,0.0,0.0,0.0,2.0,16,4,4
76775,16,2,3,10,3,3,0,1,1,1,2,36,2,2,0.0,0.0,0.0,0.0,0.0,2.0,18,4,6
7307,16,3,3,9,8,3,6,1,0,1,2,18,2,3,1.0,0.0,0.0,1.0,0.0,1.0,10,6,1
52734,4,2,3,1,8,3,0,1,1,1,2,0,1,2,0.0,0.0,0.0,0.0,0.0,1.0,15,7,4
113770,15,2,3,0,6,3,0,1,0,1,2,36,2,4,1.0,0.0,0.0,0.0,1.0,1.0,14,5,8
148073,16,2,1,17,2,3,0,1,0,1,2,18,2,3,3.0,0.0,0.0,3.0,0.0,0.0,21,5,10
23651,16,2,1,11,8,3,0,1,1,1,0,21,2,2,0.0,0.0,0.0,0.0,0.0,3.0,1,4,2
138866,16,2,3,10,3,3,0,1,1,1,2,19,2,2,0.0,0.0,0.0,0.0,0.0,4.0,16,4,10
139860,16,2,3,17,2,3,0,1,1,1,1,36,2,2,0.0,0.0,0.0,0.0,0.0,2.0,14,2,10
127980,16,2,0,10,8,3,0,1,1,1,0,36,2,2,0.0,0.0,0.0,0.0,0.0,2.0,23,7,9
175441,4,2,3,10,8,3,0,1,1,1,2,36,2,2,0.0,0.0,0.0,0.0,0.0,2.0,17,4,12
120151,16,2,3,17,16,3,0,1,0,1,1,36,2,2,0.0,0.0,0.0,0.0,0.0,2.0,13,2,8
146448,16,2,3,17,3,3,0,1,1,1,1,30,2,2,0.0,0.0,0.0,0.0,0.0,2.0,13,3,10
40008,15,3,3,0,18,3,6,1,0,1,2,36,2,3,1.0,0.0,0.0,1.0,0.0,1.0,9,7,3
95359,16,2,1,11,3,3,0,1,1,1,1,21,2,2,0.0,0.0,0.0,0.0,0.0,3.0,21,6,7
15920,17,2,3,17,1,3,0,1,1,0,0,24,2,2,0.0,0.0,0.0,0.0,0.0,2.0,16,6,2
87143,4,2,3,0,0,3,0,1,1,1,1,12,2,2,0.0,0.0,0.0,0.0,0.0,2.0,19,5,6
91656,4,2,3,17,5,3,0,1,1,1,2,18,2,2,0.0,0.0,0.0,0.0,0.0,3.0,12,4,7
10169,16,2,3,0,10,3,4,1,0,1,2,6,2,3,2.0,0.0,0.0,2.0,0.0,3.0,11,2,1
79068,16,2,3,10,2,3,0,1,0,1,2,17,4,3,1.0,0.0,0.0,1.0,0.0,6.0,10,2,6
81879,16,2,1,17,6,3,0,1,0,1,2,22,5,2,0.0,0.0,0.0,0.0,0.0,2.0,3,1,6
46090,16,2,3,0,6,3,0,5,0,1,2,6,3,2,0.0,0.0,0.0,0.0,0.0,3.0,13,7,4
140880,16,3,3,8,6,3,5,5,1,1,2,18,2,2,0.0,0.0,0.0,0.0,0.0,3.0,15,6,10
49754,16,10,3,10,8,5,6,5,1,1,2,36,2,2,0.0,0.0,0.0,0.0,0.0,3.0,10,2,4
100125,16,2,3,0,1,3,0,1,0,1,2,6,2,3,1.0,0.0,0.0,1.0,0.0,2.0,8,2,7
13726,4,2,3,0,6,3,0,1,0,1,2,5,2,2,0.0,0.0,0.0,0.0,0.0,2.0,15,1,1
135775,4,2,1,10,8,3,0,1,0,1,2,36,2,2,0.0,0.0,0.0,0.0,0.0,2.0,19,4,9
168907,16,3,3,10,2,3,0,1,1,1,1,17,2,2,0.0,0.0,0.0,0.0,0.0,2.0,15,4,11
125484,15,2,1,0,8,3,0,1,0,1,2,5,3,3,4.0,0.0,0.0,4.0,0.0,0.0,23,7,9
100799,4,2,3,17,8,3,0,1,1,1,2,18,2,2,0.0,0.0,0.0,0.0,0.0,2.0,14,5,7
93991,15,2,3,10,8,3,0,1,1,1,0,13,2,2,0.0,0.0,0.0,0.0,0.0,3.0,16,5,7
86126,16,3,3,17,6,3,0,5,1,1,2,36,2,2,0.0,0.0,0.0,0.0,0.0,4.0,6,3,6
56203,15,11,5,17,2,3,5,5,1,1,2,36,2,2,0.0,0.0,0.0,0.0,0.0,3.0,17,6,5
164310,16,2,1,17,8,3,0,1,1,1,2,24,2,2,0.0,0.0,0.0,0.0,0.0,2.0,17,6,11
119592,16,2,3,10,6,3,0,1,1,1,2,19,2,2,0.0,0.0,0.0,0.0,0.0,2.0,14,1,8
53641,15,2,3,15,2,3,0,1,1,1,1,36,2,2,0.0,0.0,0.0,0.0,0.0,3.0,9,6,4
109948,16,2,3,0,8,3,0,1,0,1,2,6,2,3,1.0,0.0,0.0,1.0,0.0,4.0,12,1,8
164211,15,2,1,0,8,3,0,1,0,1,2,18,2,2,0.0,0.0,0.0,0.0,0.0,2.0,17,4,11
135724,16,2,1,17,8,3,5,5,1,1,2,36,2,2,0.0,0.0,0.0,0.0,0.0,6.0,22,3,9
103893,16,11,5,17,6,3,5,5,1,1,2,36,2,2,0.0,0.0,0.0,0.0,0.0,4.0,19,4,7
149718,16,11,3,10,11,3,5,5,0,1,2,26,2,4,1.0,0.0,0.0,0.0,1.0,1.0,14,5,10
27795,16,2,3,15,1,3,0,1,1,1,1,22,2,2,0.0,0.0,0.0,0.0,0.0,2.0,13,6,2
99444,4,2,1,17,8,3,0,1,1,0,2,19,2,2,0.0,0.0,0.0,0.0,0.0,2.0,0,5,7
54978,16,7,3,10,8,3,6,1,1,1,2,26,2,2,0.0,0.0,0.0,0.0,0.0,2.0,17,1,4
161539,16,10,3,7,6,3,4,1,1,1,2,36,3,2,0.0,0.0,0.0,0.0,0.0,3.0,9,2,11
88741,16,2,3,0,6,3,0,1,0,1,2,18,2,3,1.0,0.0,0.0,1.0,0.0,4.0,15,3,7
29764,15,2,3,0,19,3,0,1,0,1,2,12,2,2,0.0,0.0,0.0,0.0,0.0,2.0,7,4,3
39045,15,2,3,0,8,3,0,1,0,1,2,18,2,3,2.0,0.0,0.0,2.0,0.0,0.0,16,3,3
14945,15,2,3,10,8,3,0,1,1,1,2,19,2,2,0.0,0.0,0.0,0.0,0.0,2.0,10,2,1
100675,15,2,3,17,15,3,0,1,0,1,2,5,2,2,0.0,0.0,0.0,0.0,0.0,2.0,14,5,7
48433,15,2,3,0,6,3,0,1,1,1,2,36,2,2,0.0,0.0,0.0,0.0,0.0,3.0,8,6,4
172972,16,2,3,15,2,3,0,1,1,1,2,23,2,2,0.0,0.0,0.0,0.0,0.0,2.0,8,4,12
73317,16,2,4,8,8,3,0,1,0,1,2,6,2,3,1.0,0.0,0.0,1.0,0.0,1.0,19,2,6
105306,16,11,1,14,6,3,5,5,0,1,2,18,2,4,1.0,0.0,0.0,0.0,1.0,1.0,20,2,8
72195,4,2,3,8,6,3,0,5,0,1,0,18,2,3,1.0,0.0,0.0,1.0,0.0,1.0,10,5,6
91024,15,2,3,0,8,3,0,1,0,1,1,36,2,3,1.0,0.0,0.0,1.0,0.0,6.0,14,1,7
53695,16,2,1,0,6,3,0,1,0,1,2,36,2,3,1.0,0.0,0.0,1.0,0.0,2.0,20,1,4
67674,16,2,3,17,8,3,0,1,1,1,1,20,2,2,0.0,0.0,0.0,0.0,0.0,2.0,18,5,5
76017,15,7,3,0,8,3,6,1,0,1,2,18,2,4,2.0,0.0,0.0,0.0,2.0,1.0,13,5,6
47604,16,2,3,0,2,3,0,1,0,1,2,6,2,2,0.0,0.0,0.0,0.0,0.0,2.0,14,5,4
41056,16,2,3,0,11,3,0,1,0,1,2,36,3,3,2.0,0.0,0.0,2.0,0.0,1.0,10,5,3
117051,16,7,3,17,15,3,6,1,0,1,2,6,2,3,4.0,0.0,0.0,4.0,0.0,1.0,9,5,8
80403,15,2,3,7,10,3,0,1,0,1,1,11,3,2,0.0,0.0,0.0,0.0,0.0,2.0,13,6,6
169740,16,2,3,10,8,3,4,1,1,1,2,19,2,2,0.0,0.0,0.0,0.0,0.0,2.0,10,2,11
157230,15,2,0,8,8,3,0,1,1,1,0,18,2,2,0.0,0.0,0.0,0.0,0.0,2.0,19,5,11
49952,15,7,3,8,8,3,6,1,0,1,0,18,2,3,1.0,0.0,0.0,1.0,0.0,1.0,15,5,4
125694,16,7,3,0,2,3,6,1,0,1,2,6,2,2,0.0,0.0,0.0,0.0,0.0,2.0,17,5,9
5599,16,2,1,10,8,3,6,1,1,1,1,36,2,2,0.0,0.0,0.0,0.0,0.0,3.0,18,7,1
49557,16,11,5,11,8,3,5,0,1,1,1,36,2,2,0.0,0.0,0.0,0.0,0.0,3.0,22,4,4
23420,16,2,3,17,6,3,6,1,0,1,2,36,2,4,1.0,0.0,0.0,0.0,1.0,3.0,12,7,2
171801,15,2,0,15,10,3,0,1,0,1,1,23,2,3,1.0,0.0,0.0,1.0,0.0,2.0,20,7,11
1050,16,2,1,10,2,3,0,1,1,1,1,17,2,2,0.0,0.0,0.0,0.0,0.0,2.0,19,4,1
113450,15,11,5,17,8,3,5,5,1,1,2,18,2,2,0.0,0.0,0.0,0.0,0.0,2.0,21,6,8
175407,16,11,5,7,6,3,5,5,1,1,1,36,2,2,0.0,0.0,0.0,0.0,0.0,1.0,22,6,12
130311,4,2,3,17,8,3,0,1,1,1,2,36,2,2,0.0,0.0,0.0,0.0,0.0,2.0,16,6,9
123099,16,2,1,17,6,3,0,1,0,1,2,24,2,3,1.0,0.0,0.0,1.0,0.0,5.0,22,1,9
143392,15,7,1,17,8,3,6,1,0,1,2,24,2,2,0.0,0.0,0.0,0.0,0.0,2.0,4,4,10
118639,15,2,4,17,18,3,0,1,1,1,1,5,2,2,0.0,0.0,0.0,0.0,0.0,2.0,19,1,8
8797,4,10,1,10,8,3,4,1,1,1,1,39,2,2,0.0,0.0,0.0,0.0,0.0,2.0,22,6,1
63084,16,7,3,17,8,3,6,1,0,1,2,19,2,2,0.0,0.0,0.0,0.0,0.0,3.0,8,3,5
34963,16,7,2,0,8,3,6,1,0,1,2,26,2,2,0.0,0.0,0.0,0.0,0.0,2.0,7,6,3
93869,16,7,3,17,6,3,6,1,1,1,2,22,2,2,0.0,0.0,0.0,0.0,0.0,2.0,9,4,7
31817,15,7,3,0,6,3,6,6,1,1,1,39,2,2,0.0,0.0,0.0,0.0,0.0,2.0,15,6,3
39007,16,7,0,15,8,3,6,1,1,1,2,23,2,2,0.0,0.0,0.0,0.0,0.0,2.0,20,1,3
72050,16,2,3,10,6,3,0,1,0,1,2,36,2,2,0.0,0.0,0.0,0.0,0.0,2.0,16,3,6
156232,15,2,4,0,6,3,5,5,0,1,2,36,2,4,2.0,0.0,0.0,0.0,2.0,4.0,18,6,11
186465,16,2,1,15,8,3,1,1,1,1,2,36,2,2,0.0,0.0,0.0,0.0,0.0,3.0,5,3,12
99699,16,2,3,17,17,3,5,5,1,1,2,36,2,2,0.0,0.0,0.0,0.0,0.0,3.0,10,3,7
180907,4,2,3,17,2,3,0,1,0,1,1,36,2,1,1.0,0.0,1.0,0.0,0.0,1.0,15,2,12
185194,4,2,3,17,8,3,0,1,1,1,1,23,2,2,0.0,0.0,0.0,0.0,0.0,2.0,9,2,12
140493,16,7,1,10,8,3,6,1,1,1,1,36,2,2,0.0,0.0,0.0,0.0,0.0,3.0,18,6,10
181507,16,11,0,10,8,3,5,1,1,1,2,36,2,2,0.0,0.0,0.0,0.0,0.0,2.0,22,3,12
66168,16,2,3,9,1,3,0,5,0,1,0,18,2,3,1.0,0.0,0.0,1.0,0.0,1.0,13,3,5
187801,16,10,1,10,8,3,4,5,0,1,2,19,2,4,1.0,0.0,0.0,0.0,1.0,2.0,21,3,12
112212,4,2,3,10,3,3,5,5,1,1,0,19,2,2,0.0,0.0,0.0,0.0,0.0,2.0,16,2,8
18914,16,3,3,17,8,3,6,5,0,1,2,37,2,2,0.0,0.0,0.0,0.0,0.0,4.0,15,1,2
89322,16,2,3,17,6,3,0,1,1,1,2,36,2,2,0.0,0.0,0.0,0.0,0.0,2.0,9,4,7
99171,15,2,3,14,2,3,0,1,1,1,2,11,2,2,0.0,0.0,0.0,0.0,0.0,2.0,16,2,7
71582,16,2,1,10,1,3,0,1,1,1,1,19,2,2,0.0,0.0,0.0,0.0,0.0,2.0,22,3,5
82433,4,2,3,0,2,3,0,1,0,1,2,18,2,3,1.0,0.0,0.0,1.0,0.0,1.0,17,2,6
184900,15,2,1,17,6,3,0,1,1,1,2,11,2,2,0.0,0.0,0.0,0.0,0.0,6.0,22,2,12
73380,16,2,3,0,8,3,0,1,0,1,2,36,2,2,0.0,0.0,0.0,0.0,0.0,6.0,14,2,6
15254,4,2,3,10,8,3,0,1,0,1,2,36,2,3,1.0,0.0,0.0,1.0,0.0,2.0,16,7,2
54454,16,2,3,17,6,3,0,1,1,1,1,24,2,2,0.0,0.0,0.0,0.0,0.0,2.0,14,7,4
79672,16,2,1,0,6,3,0,1,0,1,2,36,6,4,7.0,0.0,0.0,0.0,7.0,1.0,23,3,6
130216,16,2,3,10,8,3,0,1,1,1,1,19,2,2,0.0,0.0,0.0,0.0,0.0,2.0,10,3,9
31994,15,2,3,0,2,3,0,1,0,0,2,5,2,1,1.0,0.0,1.0,0.0,0.0,1.0,10,6,3
79676,15,2,3,0,6,3,0,1,0,1,2,5,2,4,1.0,0.0,0.0,0.0,1.0,2.0,12,3,6
117188,15,2,1,17,6,3,0,1,0,1,2,23,2,1,1.0,0.0,1.0,0.0,0.0,2.0,21,1,8
81336,16,2,1,0,6,3,0,1,0,1,2,6,2,3,3.0,0.0,0.0,3.0,0.0,0.0,2,1,6
133403,16,2,3,10,2,3,0,1,1,1,2,19,2,2,0.0,0.0,0.0,0.0,0.0,2.0,6,6,9
163533,16,3,3,10,6,3,6,1,1,1,1,6,2,2,0.0,0.0,0.0,0.0,0.0,3.0,7,5,11
73701,16,2,3,0,3,3,0,1,0,1,2,18,2,4,2.0,0.0,0.0,0.0,2.0,1.0,10,7,6
44551,16,2,3,17,2,3,0,1,0,1,2,36,2,4,1.0,0.0,0.0,0.0,1.0,3.0,16,6,4
161924,17,2,1,10,8,3,0,1,1,1,0,8,2,2,0.0,0.0,0.0,0.0,0.0,2.0,0,1,11
37368,4,2,3,10,2,3,0,1,1,1,2,19,2,2,0.0,0.0,0.0,0.0,0.0,2.0,18,7,3
8325,15,2,3,17,10,3,0,1,0,1,2,36,2,2,0.0,0.0,0.0,0.0,0.0,3.0,12,6,1
78589,16,7,3,17,2,3,6,1,1,1,2,18,2,2,0.0,0.0,0.0,0.0,0.0,2.0,14,3,6
137377,16,2,3,17,3,3,0,5,1,1,1,24,2,2,0.0,0.0,0.0,0.0,0.0,2.0,16,6,9
32064,15,2,3,0,2,3,0,1,1,1,1,26,2,2,0.0,0.0,0.0,0.0,0.0,2.0,9,7,3
48890,16,2,1,0,6,3,0,5,0,1,2,35,2,2,0.0,0.0,0.0,0.0,0.0,3.0,20,7,4
122964,15,2,1,10,2,4,0,1,0,1,2,19,2,2,0.0,0.0,0.0,0.0,0.0,2.0,23,5,9
170575,16,2,1,0,6,3,5,5,1,1,2,18,2,2,0.0,0.0,0.0,0.0,0.0,2.0,18,4,11
30236,16,2,3,0,6,3,0,1,0,1,2,6,2,1,2.0,0.0,1.0,1.0,0.0,1.0,7,5,3
5404,15,10,1,2,6,3,4,5,1,1,1,26,1,2,0.0,0.0,0.0,0.0,0.0,1.0,23,7,1
80527,15,2,3,5,8,3,0,1,1,1,2,22,1,2,0.0,0.0,0.0,0.0,0.0,1.0,14,2,6
75446,4,2,4,7,10,3,0,1,1,1,1,17,2,2,0.0,0.0,0.0,0.0,0.0,1.0,17,6,6
104706,16,2,0,17,8,3,0,1,1,1,2,25,2,2,0.0,0.0,0.0,0.0,0.0,2.0,8,6,8
167268,4,2,1,0,8,3,0,1,1,1,2,18,3,2,0.0,0.0,0.0,0.0,0.0,3.0,16,7,11
109187,16,2,3,15,6,3,0,1,1,1,0,23,2,2,0.0,0.0,0.0,0.0,0.0,2.0,17,7,8
74293,16,2,3,17,2,3,0,1,1,1,2,23,2,2,0.0,0.0,0.0,0.0,0.0,2.0,17,2,6
142474,16,3,1,17,3,3,0,1,1,1,2,36,2,2,0.0,0.0,0.0,0.0,0.0,2.0,23,6,10
120018,16,2,3,10,2,3,0,1,0,1,2,36,2,4,2.0,0.0,0.0,0.0,2.0,1.0,14,6,8
171855,16,2,3,9,8,3,0,1,0,1,0,18,2,3,1.0,0.0,0.0,1.0,0.0,1.0,15,2,11
138594,16,2,3,17,8,3,0,1,1,1,2,24,2,2,0.0,0.0,0.0,0.0,0.0,4.0,15,2,10
72949,16,2,3,10,3,3,0,5,0,1,2,17,2,2,0.0,0.0,0.0,0.0,0.0,3.0,15,2,6
153567,16,2,3,10,8,3,0,1,1,1,2,36,2,2,0.0,0.0,0.0,0.0,0.0,2.0,13,4,10
8384,16,2,1,14,6,3,6,1,1,1,2,11,2,2,0.0,0.0,0.0,0.0,0.0,2.0,1,2,1
90602,15,2,3,0,6,3,0,1,0,1,2,18,2,2,0.0,0.0,0.0,0.0,0.0,5.0,19,2,7
95370,16,7,3,17,15,3,6,1,0,1,2,36,2,2,0.0,0.0,0.0,0.0,0.0,2.0,11,6,7
124964,16,2,1,0,10,3,0,1,0,1,2,36,2,2,0.0,0.0,0.0,0.0,0.0,3.0,3,7,9
162047,16,2,3,10,8,3,1,1,1,1,2,19,2,2,0.0,0.0,0.0,0.0,0.0,2.0,8,3,11
183407,4,2,1,17,8,3,0,1,0,0,2,18,2,1,2.0,0.0,1.0,0.0,1.0,0.0,5,3,12
181514,4,2,3,10,6,3,0,1,0,1,2,36,3,4,1.0,0.0,0.0,0.0,1.0,3.0,12,3,12
43080,4,7,4,15,15,3,6,1,1,1,0,23,2,2,0.0,0.0,0.0,0.0,0.0,2.0,14,3,4
101178,16,2,3,0,8,3,0,1,0,1,2,14,3,2,0.0,0.0,0.0,0.0,0.0,3.0,14,6,7
32011,16,2,1,17,8,3,0,1,0,1,2,6,2,2,0.0,0.0,0.0,0.0,0.0,2.0,1,7,3
87839,16,2,3,15,10,3,0,1,1,1,2,36,2,2,0.0,0.0,0.0,0.0,0.0,4.0,14,1,7
131112,15,7,3,8,8,3,6,1,0,1,0,36,2,3,1.0,0.0,0.0,1.0,0.0,1.0,9,3,9
86081,16,2,1,17,5,3,0,1,0,1,2,18,2,2,0.0,0.0,0.0,0.0,0.0,2.0,21,2,6
17081,16,3,1,8,6,3,6,1,0,1,1,6,2,4,1.0,0.0,0.0,0.0,1.0,1.0,23,4,2
185250,16,10,3,17,10,3,4,5,1,1,2,21,2,2,0.0,0.0,0.0,0.0,0.0,2.0,14,1,12
23995,16,7,3,10,2,3,6,1,0,1,2,17,3,3,2.0,0.0,0.0,2.0,0.0,4.0,14,3,2
136306,16,2,3,17,15,3,0,1,1,1,2,36,2,2,0.0,0.0,0.0,0.0,0.0,6.0,16,4,9
167784,15,2,3,0,2,3,0,1,0,1,2,18,2,4,2.0,0.0,0.0,0.0,2.0,1.0,8,6,11
18143,15,2,1,0,8,3,0,1,0,1,2,5,2,3,1.0,0.0,0.0,1.0,0.0,1.0,19,2,2
49757,16,2,1,17,8,3,0,1,0,1,2,6,2,1,4.0,0.0,3.0,1.0,0.0,0.0,23,2,4
74018,16,2,3,9,8,3,0,1,0,1,0,36,2,3,1.0,0.0,0.0,1.0,0.0,1.0,17,4,6
44192,16,2,3,0,8,3,5,1,1,1,1,3,2,2,0.0,0.0,0.0,0.0,0.0,2.0,11,5,4
188567,17,2,1,3,8,3,0,1,1,1,1,17,2,2,0.0,0.0,0.0,0.0,0.0,2.0,23,7,12
54695,17,2,4,15,6,3,0,1,0,0,2,23,2,2,0.0,0.0,0.0,0.0,0.0,3.0,20,1,4
17692,16,2,1,17,6,3,0,1,1,1,2,18,2,2,0.0,0.0,0.0,0.0,0.0,2.0,17,2,2
84413,16,2,1,17,6,3,0,1,1,1,2,18,2,2,0.0,0.0,0.0,0.0,0.0,2.0,21,4,6
161299,16,2,1,10,2,3,0,1,1,0,1,19,2,2,0.0,0.0,0.0,0.0,0.0,2.0,17,1,11
34708,16,2,3,15,8,3,0,1,1,1,2,36,2,2,0.0,0.0,0.0,0.0,0.0,2.0,11,3,3
169344,15,7,3,0,6,3,6,5,1,1,2,26,2,2,0.0,0.0,0.0,0.0,0.0,2.0,14,4,11
744,16,2,3,9,8,3,0,1,1,1,0,4,2,2,0.0,0.0,0.0,0.0,0.0,2.0,12,5,1
90493,16,2,3,10,2,3,0,1,1,1,0,26,2,2,0.0,0.0,0.0,0.0,0.0,3.0,21,6,7
123732,16,2,3,0,6,3,0,1,0,1,2,6,3,3,2.0,0.0,0.0,1.0,1.0,2.0,13,6,9
97796,16,3,3,7,8,3,6,5,1,1,2,39,3,2,0.0,0.0,0.0,0.0,0.0,1.0,17,7,7
33302,4,2,3,7,10,3,0,1,1,1,2,36,2,2,0.0,0.0,0.0,0.0,0.0,1.0,16,2,3
2223,15,10,3,7,6,3,6,5,1,1,0,36,2,2,0.0,0.0,0.0,0.0,0.0,1.0,8,4,1
7242,4,3,3,10,8,3,6,1,1,1,2,19,2,2,0.0,0.0,0.0,0.0,0.0,4.0,10,4,1
78670,15,2,3,10,10,3,0,1,0,1,2,36,2,4,2.0,0.0,0.0,0.0,2.0,2.0,13,5,6
119292,4,2,3,17,15,3,0,1,1,1,2,24,2,2,0.0,0.0,0.0,0.0,0.0,2.0,19,3,8
149181,16,2,1,0,8,3,0,1,0,1,2,6,2,1,2.0,0.0,1.0,1.0,0.0,2.0,1,7,10
20382,4,2,3,17,18,3,4,1,1,1,2,18,2,2,0.0,0.0,0.0,0.0,0.0,2.0,9,6,2
170473,16,7,3,0,6,3,6,1,0,1,2,6,2,4,1.0,0.0,0.0,0.0,1.0,1.0,10,1,11
155555,16,11,5,10,6,3,5,5,1,1,2,36,2,2,0.0,0.0,0.0,0.0,0.0,2.0,16,3,10
37527,16,2,3,15,2,3,0,5,1,1,2,36,2,2,0.0,0.0,0.0,0.0,0.0,2.0,18,4,3
28547,16,2,3,15,2,3,0,1,1,1,0,29,2,2,0.0,0.0,0.0,0.0,0.0,5.0,16,3,3
145152,16,2,0,17,6,3,5,1,1,1,1,18,2,2,0.0,0.0,0.0,0.0,0.0,2.0,20,1,10
42767,16,2,3,17,8,3,0,1,0,1,2,36,2,3,2.0,0.0,0.0,2.0,0.0,0.0,15,2,4
172886,16,7,1,15,8,3,5,5,1,1,0,36,2,2,0.0,0.0,0.0,0.0,0.0,2.0,23,1,12
82853,15,2,1,0,6,3,0,1,1,1,2,5,2,2,0.0,0.0,0.0,0.0,0.0,2.0,21,1,6
157282,15,2,3,0,6,3,0,1,0,1,2,18,2,3,1.0,0.0,0.0,1.0,0.0,3.0,16,6,11
10074,15,3,3,17,8,3,6,5,0,1,2,5,2,3,1.0,0.0,0.0,1.0,0.0,2.0,15,1,1
175200,16,2,1,9,6,3,0,1,0,1,0,18,2,3,1.0,0.0,0.0,1.0,0.0,1.0,19,2,12
53629,16,2,3,0,6,3,0,1,0,1,2,6,2,3,3.0,0.0,0.0,3.0,0.0,2.0,8,6,4
15742,15,11,3,17,3,3,5,5,1,1,2,22,2,2,0.0,0.0,0.0,0.0,0.0,2.0,17,1,2
151060,15,2,3,17,8,3,0,1,1,1,2,22,2,2,0.0,0.0,0.0,0.0,0.0,2.0,15,4,10
77134,15,2,1,17,2,3,0,1,1,1,1,18,2,2,0.0,0.0,0.0,0.0,0.0,2.0,20,1,6
132003,15,3,3,17,8,3,5,5,0,1,1,23,2,4,1.0,0.0,0.0,0.0,1.0,2.0,13,7,9
93534,16,2,3,17,8,3,0,1,0,1,2,18,2,2,0.0,0.0,0.0,0.0,0.0,4.0,9,5,7
170408,16,2,1,15,6,3,0,1,1,1,2,36,2,2,0.0,0.0,0.0,0.0,0.0,2.0,19,7,11