crash_date,               traffic_control_device,weather_condition,lighting_condition,first_crash_type,trafficway_type,alignment,roadway_surface_cond,road_defect,crash_type,intersection_related_i,damage,prim_contributory_cause,num_units,most_severe_injury,injuries_total,injuries_fatal,injuries_incapacitating,injuries_non_incapacitating,injuries_reported_not_evident,injuries_no_indication,crash_hour,crash_day_of_week,crash_month
56376,15,7,3,17,8,3,6,5,0,1,2,18,2,2,0.0,0.0,0.0,0.0,0.0,2.0,17,2,5
72908,16,2,3,10,2,3,0,1,0,0,0,8,2,3,1.0,0.0,0.0,1.0,0.0,2.0,18,1,6
50632,16,2,3,17,8,3,0,1,1,1,2,36,2,2,0.0,0.0,0.0,0.0,0.0,2.0,9,4,4
174400,16,6,1,14,8,3,1,1,0,1,2,22,2,2,0.0,0.0,0.0,0.0,0.0,3.0,1,4,12
170727,15,2,4,0,11,3,1,1,1,1,2,18,2,2,0.0,0.0,0.0,0.0,0.0,2.0,16,4,11
151259,16,7,1,17,8,3,6,5,0,1,2,18,2,2,0.0,0.0,0.0,0.0,0.0,2.0,7,1,10
2899,16,5,3,15,8,3,6,1,1,1,0,36,2,2,0.0,0.0,0.0,0.0,0.0,2.0,6,2,1
12148,15,2,3,0,6,3,0,1,0,1,2,5,2,3,1.0,0.0,0.0,1.0,0.0,1.0,15,2,1
37875,4,2,1,17,8,3,0,1,0,1,2,36,2,2,0.0,0.0,0.0,0.0,0.0,2.0,0,2,3
97324,16,2,3,17,6,3,0,5,1,1,2,17,2,2,0.0,0.0,0.0,0.0,0.0,3.0,16,1,7
18140,15,3,1,0,8,3,0,1,1,1,2,18,2,2,0.0,0.0,0.0,0.0,0.0,2.0,18,2,2
109170,16,2,3,15,6,3,0,1,0,1,2,23,3,2,0.0,0.0,0.0,0.0,0.0,7.0,13,7,8
60846,16,2,3,11,8,3,0,1,1,1,1,36,2,2,0.0,0.0,0.0,0.0,0.0,2.0,15,3,5
155113,15,2,3,0,8,3,5,5,1,1,1,18,2,2,0.0,0.0,0.0,0.0,0.0,4.0,12,2,10
121288,6,2,3,9,8,3,0,1,0,1,2,18,2,3,1.0,0.0,0.0,1.0,0.0,2.0,13,4,9
156836,4,2,3,0,8,3,0,1,1,1,2,18,2,2,0.0,0.0,0.0,0.0,0.0,2.0,16,7,11
97036,15,2,3,17,15,3,0,1,1,1,2,36,2,2,0.0,0.0,0.0,0.0,0.0,2.0,14,5,7
119049,16,2,3,0,6,3,0,1,1,1,1,6,2,2,0.0,0.0,0.0,0.0,0.0,3.0,14,7,8
163594,16,2,3,17,11,3,0,1,1,1,2,24,2,2,0.0,0.0,0.0,0.0,0.0,2.0,8,3,11
20334,16,3,3,15,8,3,0,1,1,1,1,18,2,2,0.0,0.0,0.0,0.0,0.0,2.0,11,4,2
74723,15,2,3,0,8,3,0,1,0,1,1,5,3,2,0.0,0.0,0.0,0.0,0.0,3.0,9,1,6
188204,18,2,3,0,3,3,0,1,0,1,2,18,2,3,1.0,0.0,0.0,1.0,0.0,1.0,8,1,12
14183,4,2,1,15,8,3,5,1,1,0,2,36,2,2,0.0,0.0,0.0,0.0,0.0,2.0,21,7,1
152794,4,2,4,15,10,3,0,1,1,1,2,36,2,2,0.0,0.0,0.0,0.0,0.0,2.0,16,5,10
62881,4,2,1,13,11,3,0,1,0,1,2,21,3,3,2.0,0.0,0.0,2.0,0.0,2.0,21,6,5
160486,4,2,3,17,8,3,0,1,0,1,2,24,2,2,0.0,0.0,0.0,0.0,0.0,2.0,13,2,11
124450,15,2,1,10,8,3,0,1,1,1,1,19,2,2,0.0,0.0,0.0,0.0,0.0,3.0,23,6,9
110903,4,2,3,8,8,3,0,1,0,1,0,36,2,3,1.0,0.0,0.0,1.0,0.0,1.0,18,2,8
22347,16,7,3,9,8,3,6,1,0,1,0,18,2,3,1.0,0.0,0.0,1.0,0.0,1.0,15,4,2
119541,4,2,3,7,2,3,0,5,0,1,2,12,3,2,0.0,0.0,0.0,0.0,0.0,1.0,16,6,8
139496,16,2,1,17,13,3,0,1,1,1,1,18,2,2,0.0,0.0,0.0,0.0,0.0,2.0,18,6,10
106005,15,2,3,3,6,3,0,1,0,1,2,36,2,2,0.0,0.0,0.0,0.0,0.0,3.0,14,6,8
12383,16,2,1,17,3,3,0,1,1,1,1,36,2,2,0.0,0.0,0.0,0.0,0.0,2.0,21,5,1
175595,4,2,1,0,2,3,0,1,0,1,2,18,2,2,0.0,0.0,0.0,0.0,0.0,5.0,22,6,12
177242,4,2,2,10,8,3,0,1,1,1,1,19,2,2,0.0,0.0,0.0,0.0,0.0,2.0,6,2,12
105378,16,2,1,17,6,3,0,1,0,1,2,24,2,3,1.0,0.0,0.0,1.0,0.0,1.0,21,3,8
157136,16,2,3,0,6,3,0,1,0,1,2,36,2,2,0.0,0.0,0.0,0.0,0.0,3.0,13,4,11
166399,16,2,3,17,6,3,0,1,1,1,2,22,2,2,0.0,0.0,0.0,0.0,0.0,2.0,13,3,11
89202,16,2,1,15,6,3,5,5,1,1,2,36,2,2,0.0,0.0,0.0,0.0,0.0,2.0,0,1,7
172525,16,2,1,15,10,3,0,1,1,1,1,22,2,2,0.0,0.0,0.0,0.0,0.0,2.0,18,5,12
29393,4,2,3,10,8,3,0,1,1,1,2,19,4,2,0.0,0.0,0.0,0.0,0.0,6.0,8,4,3
93934,15,2,3,0,18,3,0,1,1,1,2,18,2,2,0.0,0.0,0.0,0.0,0.0,3.0,8,6,7
124202,15,2,3,10,8,3,0,1,0,1,1,19,2,3,1.0,0.0,0.0,1.0,0.0,4.0,7,4,9
155067,16,7,3,10,2,3,6,1,1,1,1,36,2,2,0.0,0.0,0.0,0.0,0.0,2.0,14,7,10
2865,16,10,3,10,2,3,4,1,1,1,2,17,2,2,0.0,0.0,0.0,0.0,0.0,2.0,13,2,1
66996,16,2,3,15,6,3,0,1,1,1,2,23,2,2,0.0,0.0,0.0,0.0,0.0,2.0,16,4,5
141134,16,3,3,15,8,3,0,1,1,1,1,23,2,2,0.0,0.0,0.0,0.0,0.0,4.0,15,1,10
76146,15,2,1,0,8,3,0,1,0,1,2,18,2,2,0.0,0.0,0.0,0.0,0.0,3.0,23,7,6
165355,15,7,3,8,2,3,6,1,0,1,2,18,2,3,1.0,0.0,0.0,1.0,0.0,1.0,13,7,11
85040,15,7,3,0,6,3,6,1,0,1,2,18,2,3,2.0,0.0,0.0,2.0,0.0,0.0,9,7,6
35946,15,2,3,0,8,3,0,1,0,1,2,18,2,2,0.0,0.0,0.0,0.0,0.0,2.0,9,1,3
113510,4,11,5,7,3,3,5,5,1,0,2,36,5,2,0.0,0.0,0.0,0.0,0.0,1.0,7,1,8
120452,16,2,1,10,2,3,0,1,1,1,1,19,2,2,0.0,0.0,0.0,0.0,0.0,2.0,19,7,8
15456,16,2,1,7,8,3,4,1,1,1,0,26,2,2,0.0,0.0,0.0,0.0,0.0,2.0,18,4,2
60798,4,2,3,4,16,3,0,1,0,1,2,17,1,2,0.0,0.0,0.0,0.0,0.0,1.0,17,2,5
12690,16,2,3,17,6,3,6,1,1,1,2,18,2,2,0.0,0.0,0.0,0.0,0.0,2.0,8,4,1
179896,16,3,3,17,8,3,6,1,1,1,2,24,2,2,0.0,0.0,0.0,0.0,0.0,2.0,7,4,12
66089,15,2,1,0,11,3,0,1,0,1,2,15,3,2,0.0,0.0,0.0,0.0,0.0,4.0,23,1,5
151776,16,7,1,2,8,3,6,1,0,1,2,39,2,3,1.0,0.0,0.0,1.0,0.0,0.0,5,1,10
151931,16,7,0,10,3,3,6,1,1,1,2,17,2,2,0.0,0.0,0.0,0.0,0.0,2.0,18,3,10
30786,16,2,3,17,15,3,0,5,0,1,2,26,2,3,1.0,0.0,0.0,1.0,0.0,1.0,11,7,3
187354,16,2,2,0,8,3,5,5,0,1,2,18,3,2,0.0,0.0,0.0,0.0,0.0,2.0,15,4,12
128118,16,2,3,17,1,3,0,1,1,1,2,18,2,2,0.0,0.0,0.0,0.0,0.0,4.0,16,4,9
188347,15,2,1,17,3,3,0,1,0,1,2,36,2,0,3.0,1.0,0.0,2.0,0.0,0.0,18,5,12
4726,4,2,3,0,6,3,0,5,1,1,2,18,2,2,0.0,0.0,0.0,0.0,0.0,2.0,12,2,1
58668,4,2,1,2,7,3,0,1,0,1,2,17,1,2,0.0,0.0,0.0,0.0,0.0,1.0,23,4,5
18989,16,10,3,11,6,3,1,1,1,1,1,21,2,2,0.0,0.0,0.0,0.0,0.0,2.0,7,3,2
63355,16,7,3,15,15,3,6,5,1,1,2,36,2,2,0.0,0.0,0.0,0.0,0.0,2.0,13,7,5
13571,16,2,3,17,6,3,0,1,1,1,2,18,2,2,0.0,0.0,0.0,0.0,0.0,2.0,12,5,1
980,4,2,3,0,10,3,0,1,1,1,2,18,2,2,0.0,0.0,0.0,0.0,0.0,2.0,12,1,1
162267,16,2,1,1,6,3,0,1,0,1,2,36,2,1,1.0,0.0,1.0,0.0,0.0,1.0,17,7,11
103698,16,2,3,2,11,3,0,3,1,1,0,33,1,2,0.0,0.0,0.0,0.0,0.0,1.0,16,7,7
126305,4,2,0,17,0,3,0,5,1,0,2,21,2,2,0.0,0.0,0.0,0.0,0.0,3.0,1,7,9
77985,4,2,3,17,8,3,0,1,1,1,2,36,2,2,0.0,0.0,0.0,0.0,0.0,3.0,15,1,6
122786,15,2,3,0,8,3,0,1,0,1,2,5,2,2,0.0,0.0,0.0,0.0,0.0,3.0,17,3,9
73819,16,2,3,17,15,3,0,1,1,1,1,19,2,2,0.0,0.0,0.0,0.0,0.0,2.0,17,3,6
146767,16,2,1,17,2,3,0,1,0,1,2,36,2,2,0.0,0.0,0.0,0.0,0.0,2.0,18,2,10
12605,15,10,1,7,8,3,4,1,1,1,2,28,2,2,0.0,0.0,0.0,0.0,0.0,1.0,1,3,1
125944,16,2,3,10,6,3,0,1,1,1,0,12,2,2,0.0,0.0,0.0,0.0,0.0,2.0,13,3,9
115983,16,2,3,0,11,3,0,1,1,1,2,6,2,2,0.0,0.0,0.0,0.0,0.0,2.0,12,3,8
62095,16,2,3,15,10,3,0,1,1,1,0,19,2,2,0.0,0.0,0.0,0.0,0.0,3.0,17,7,5
48395,16,2,3,10,8,3,0,1,1,1,0,19,2,2,0.0,0.0,0.0,0.0,0.0,5.0,15,6,4
100152,17,11,5,10,6,3,5,5,1,1,2,26,2,2,0.0,0.0,0.0,0.0,0.0,2.0,15,4,7
155850,16,2,3,15,2,3,0,1,0,1,2,26,2,3,1.0,0.0,0.0,1.0,0.0,1.0,11,5,11
128537,16,7,1,0,2,3,6,1,0,1,2,6,2,3,2.0,0.0,0.0,2.0,0.0,1.0,20,1,9
38646,16,7,3,9,8,3,6,1,0,1,2,28,3,3,1.0,0.0,0.0,1.0,0.0,2.0,14,3,3
83767,15,2,3,10,8,3,0,1,1,1,2,19,2,2,0.0,0.0,0.0,0.0,0.0,2.0,10,7,6
27048,15,2,1,10,2,3,0,1,1,1,1,19,2,2,0.0,0.0,0.0,0.0,0.0,2.0,23,7,2
54532,15,2,3,0,11,3,0,1,1,1,2,18,2,2,0.0,0.0,0.0,0.0,0.0,4.0,14,5,4
17324,16,2,3,0,6,3,5,5,0,1,2,36,2,3,2.0,0.0,0.0,2.0,0.0,0.0,10,2,2
175631,4,2,4,10,2,3,0,1,0,1,2,36,2,2,0.0,0.0,0.0,0.0,0.0,2.0,17,7,12
10604,4,2,4,0,8,3,0,1,0,1,2,26,2,4,1.0,0.0,0.0,0.0,1.0,1.0,23,2,1
149913,16,3,3,17,10,3,0,1,1,1,2,22,2,2,0.0,0.0,0.0,0.0,0.0,2.0,14,3,10
94267,16,2,3,0,3,3,0,1,0,1,2,6,2,3,1.0,0.0,0.0,1.0,0.0,1.0,12,2,7
140696,16,2,4,17,3,3,0,1,1,1,2,24,2,2,0.0,0.0,0.0,0.0,0.0,2.0,18,3,10
46927,16,3,3,17,6,3,0,1,1,1,2,6,2,2,0.0,0.0,0.0,0.0,0.0,2.0,12,1,4
85739,17,11,5,10,2,3,5,5,1,1,2,36,2,2,0.0,0.0,0.0,0.0,0.0,2.0,17,2,6
95854,16,4,1,0,9,3,6,1,0,1,2,11,2,2,0.0,0.0,0.0,0.0,0.0,2.0,4,7,7
148869,16,2,3,15,6,3,0,1,1,1,2,23,2,2,0.0,0.0,0.0,0.0,0.0,2.0,10,3,10
123128,16,2,3,10,8,3,0,1,0,1,2,19,2,2,0.0,0.0,0.0,0.0,0.0,3.0,16,2,9
3467,15,2,3,9,3,3,6,1,0,1,2,18,3,1,2.0,0.0,1.0,1.0,0.0,1.0,7,2,1
75795,16,2,3,0,6,3,0,1,0,1,2,36,2,3,1.0,0.0,0.0,1.0,0.0,2.0,8,3,6
141527,15,2,3,0,6,3,0,1,0,1,2,5,2,2,0.0,0.0,0.0,0.0,0.0,4.0,17,7,10
96117,16,2,3,17,1,3,0,1,0,1,2,18,2,2,0.0,0.0,0.0,0.0,0.0,4.0,19,3,7
115267,16,2,0,10,8,3,0,1,1,1,1,36,2,2,0.0,0.0,0.0,0.0,0.0,2.0,22,5,8
142754,16,2,3,15,11,3,0,1,1,1,0,23,2,2,0.0,0.0,0.0,0.0,0.0,2.0,9,2,10
101551,16,2,3,10,2,3,0,6,1,1,2,36,2,2,0.0,0.0,0.0,0.0,0.0,2.0,15,3,7
74615,15,2,3,17,8,3,0,1,0,1,2,18,2,2,0.0,0.0,0.0,0.0,0.0,4.0,15,7,6
124473,4,2,3,8,8,3,0,1,0,1,2,18,2,3,1.0,0.0,0.0,1.0,0.0,1.0,15,7,9
17930,16,7,3,15,2,3,6,1,1,1,2,16,2,2,0.0,0.0,0.0,0.0,0.0,2.0,6,5,2
183428,15,2,3,2,11,3,0,1,0,0,1,36,1,4,1.0,0.0,0.0,0.0,1.0,2.0,8,3,12
87825,16,2,1,15,8,3,0,1,1,0,0,23,2,2,0.0,0.0,0.0,0.0,0.0,5.0,23,7,7
146775,16,2,2,9,8,3,0,1,0,1,2,36,2,3,1.0,0.0,0.0,1.0,0.0,1.0,7,2,10
4847,16,10,4,17,6,3,6,5,1,1,2,36,2,2,0.0,0.0,0.0,0.0,0.0,2.0,16,6,1
135625,4,2,3,0,8,3,0,1,0,1,2,5,2,2,0.0,0.0,0.0,0.0,0.0,3.0,17,2,9
53902,16,7,3,15,6,3,6,5,1,1,2,36,2,2,0.0,0.0,0.0,0.0,0.0,5.0,15,6,4
87653,17,2,3,8,8,3,0,1,0,1,2,36,2,1,1.0,0.0,1.0,0.0,0.0,1.0,14,6,6
137255,16,2,3,17,2,3,0,1,0,1,2,24,2,2,0.0,0.0,0.0,0.0,0.0,2.0,18,4,9
92123,16,2,1,17,3,3,0,1,0,1,2,36,2,2,0.0,0.0,0.0,0.0,0.0,3.0,21,5,7
57246,16,7,1,17,3,3,6,5,0,1,2,6,2,2,0.0,0.0,0.0,0.0,0.0,6.0,23,2,5
37610,16,2,1,15,3,3,0,1,0,1,2,28,3,3,4.0,0.0,0.0,4.0,0.0,6.0,1,4,3
110958,16,2,3,10,2,3,0,1,1,1,0,8,2,2,0.0,0.0,0.0,0.0,0.0,2.0,18,3,8
107054,4,7,1,8,0,4,6,5,0,0,1,17,2,3,1.0,0.0,0.0,1.0,0.0,1.0,1,1,8
167871,16,2,3,10,8,3,0,1,1,1,2,17,2,2,0.0,0.0,0.0,0.0,0.0,2.0,13,2,11
42534,16,2,3,15,8,3,0,1,1,1,2,22,2,2,0.0,0.0,0.0,0.0,0.0,2.0,15,6,4
71258,4,2,1,10,2,3,0,1,1,1,2,19,2,2,0.0,0.0,0.0,0.0,0.0,3.0,18,5,5
129227,16,2,3,10,5,3,0,1,1,1,1,19,2,2,0.0,0.0,0.0,0.0,0.0,3.0,18,5,9
144241,16,2,3,17,6,3,0,1,1,1,2,36,2,2,0.0,0.0,0.0,0.0,0.0,2.0,12,7,10
185121,16,3,3,15,8,3,5,1,1,1,2,23,2,2,0.0,0.0,0.0,0.0,0.0,2.0,9,7,12
546,16,2,3,17,8,3,0,1,1,1,2,11,2,2,0.0,0.0,0.0,0.0,0.0,9.0,14,3,1
60213,16,2,3,10,8,3,0,1,1,1,0,36,2,2,0.0,0.0,0.0,0.0,0.0,2.0,16,7,5
93808,16,2,3,10,8,3,0,5,1,1,1,36,2,2,0.0,0.0,0.0,0.0,0.0,2.0,9,3,7
123768,15,2,3,17,11,3,0,1,1,1,2,36,2,2,0.0,0.0,0.0,0.0,0.0,4.0,7,6,9
74054,16,2,3,15,8,3,0,1,1,1,2,22,2,2,0.0,0.0,0.0,0.0,0.0,2.0,10,4,6
131642,15,2,3,15,10,3,0,1,1,1,2,23,2,2,0.0,0.0,0.0,0.0,0.0,2.0,8,3,9
4227,15,11,5,0,8,3,5,5,1,1,1,36,2,2,0.0,0.0,0.0,0.0,0.0,2.0,20,2,1
167375,16,2,1,0,6,3,0,1,0,1,2,6,3,4,2.0,0.0,0.0,0.0,2.0,3.0,2,2,11
143230,15,2,3,10,8,3,0,1,0,1,2,19,2,2,0.0,0.0,0.0,0.0,0.0,2.0,7,3,10
59995,15,2,3,0,6,3,0,1,1,1,2,36,2,2,0.0,0.0,0.0,0.0,0.0,5.0,10,4,5
93548,16,2,1,0,10,3,0,1,0,1,2,6,2,3,1.0,0.0,0.0,1.0,0.0,1.0,22,5,7
66871,16,2,1,0,6,3,0,1,0,1,2,6,2,2,0.0,0.0,0.0,0.0,0.0,2.0,2,1,5
165295,16,2,3,10,8,3,0,1,1,1,1,19,2,2,0.0,0.0,0.0,0.0,0.0,2.0,15,4,11
69064,4,2,3,17,18,3,0,1,1,0,2,24,2,2,0.0,0.0,0.0,0.0,0.0,4.0,18,6,5
97646,16,2,1,0,8,3,6,1,1,1,2,6,2,2,0.0,0.0,0.0,0.0,0.0,2.0,1,5,7
109579,16,2,1,0,11,3,0,1,1,1,2,36,2,2,0.0,0.0,0.0,0.0,0.0,2.0,22,4,8
138331,16,7,3,9,3,3,6,1,0,1,2,28,2,3,1.0,0.0,0.0,1.0,0.0,1.0,7,4,10
41908,15,2,1,0,8,3,0,1,0,1,2,15,2,2,0.0,0.0,0.0,0.0,0.0,2.0,23,7,3
124226,16,2,3,17,3,3,0,1,1,1,1,18,2,2,0.0,0.0,0.0,0.0,0.0,2.0,11,4,9
104278,15,2,3,17,6,3,0,1,0,1,2,18,2,2,0.0,0.0,0.0,0.0,0.0,6.0,19,1,8
120198,16,2,3,10,6,3,0,1,1,0,1,19,2,2,0.0,0.0,0.0,0.0,0.0,2.0,12,2,8
49483,16,2,1,15,3,3,0,6,1,1,2,36,2,2,0.0,0.0,0.0,0.0,0.0,2.0,20,3,4
119407,16,2,3,17,3,3,0,1,1,1,1,3,2,2,0.0,0.0,0.0,0.0,0.0,2.0,18,3,8
30398,16,11,1,15,6,3,6,1,0,1,2,23,2,3,1.0,0.0,0.0,1.0,0.0,5.0,1,1,3
162335,16,2,1,17,8,3,0,1,0,1,2,18,2,2,0.0,0.0,0.0,0.0,0.0,3.0,20,1,11
78613,16,7,3,17,10,3,6,1,1,1,2,24,2,2,0.0,0.0,0.0,0.0,0.0,2.0,17,3,6
178558,15,2,1,7,10,3,6,1,1,1,0,17,2,2,0.0,0.0,0.0,0.0,0.0,2.0,20,7,12
86617,16,2,3,10,2,3,5,5,1,0,2,23,4,2,0.0,0.0,0.0,0.0,0.0,4.0,19,4,6
123272,16,2,1,15,2,3,0,1,0,1,2,12,3,2,0.0,0.0,0.0,0.0,0.0,3.0,22,5,9
98180,15,7,1,10,8,3,6,1,1,1,1,39,2,2,0.0,0.0,0.0,0.0,0.0,2.0,3,6,7
102596,4,2,3,15,2,3,0,1,1,1,2,36,2,2,0.0,0.0,0.0,0.0,0.0,2.0,14,5,7
52218,16,3,3,17,8,3,0,1,1,1,2,36,2,2,0.0,0.0,0.0,0.0,0.0,5.0,7,3,4
93574,16,2,3,17,2,3,0,1,1,1,0,24,2,2,0.0,0.0,0.0,0.0,0.0,6.0,14,6,7
122677,16,2,3,15,6,3,0,1,1,1,1,36,2,2,0.0,0.0,0.0,0.0,0.0,2.0,16,4,9
146628,16,2,1,0,6,3,0,1,0,1,2,17,4,3,4.0,0.0,0.0,4.0,0.0,1.0,1,7,10
76092,16,7,1,10,8,3,6,1,1,1,1,39,2,2,0.0,0.0,0.0,0.0,0.0,2.0,3,7,6
21017,16,11,3,10,18,3,5,5,1,1,0,36,2,2,0.0,0.0,0.0,0.0,0.0,2.0,15,3,2
55864,16,2,1,2,6,3,6,1,0,1,2,36,1,2,0.0,0.0,0.0,0.0,0.0,1.0,22,7,4
4819,16,2,1,0,8,3,6,1,0,1,2,18,2,3,2.0,0.0,0.0,2.0,0.0,0.0,23,4,1
149007,16,2,3,0,8,3,0,1,1,1,2,6,2,2,0.0,0.0,0.0,0.0,0.0,2.0,11,5,10
93357,16,2,1,17,6,3,0,1,0,1,2,11,2,2,0.0,0.0,0.0,0.0,0.0,4.0,20,3,7
98346,16,2,3,17,18,3,0,1,0,1,2,6,2,4,2.0,0.0,0.0,0.0,2.0,2.0,5,1,7
28604,16,2,0,15,2,3,0,1,1,1,1,36,2,2,0.0,0.0,0.0,0.0,0.0,2.0,17,4,3
136596,16,2,3,17,8,3,0,1,0,1,2,24,2,2,0.0,0.0,0.0,0.0,0.0,5.0,14,7,9
103107,16,2,3,0,8,3,0,1,0,1,2,18,2,3,1.0,0.0,0.0,1.0,0.0,1.0,11,5,7
66964,16,2,3,10,6,3,0,1,0,1,2,19,2,1,3.0,0.0,3.0,0.0,0.0,1.0,9,2,5
135371,16,2,3,17,10,3,0,0,1,1,2,18,2,2,0.0,0.0,0.0,0.0,0.0,2.0,15,4,9
5327,16,11,5,15,18,3,5,5,1,1,2,36,2,2,0.0,0.0,0.0,0.0,0.0,2.0,18,5,1
30126,15,2,3,0,2,3,0,1,0,1,2,18,2,2,0.0,0.0,0.0,0.0,0.0,2.0,8,2,3
15787,16,2,1,0,10,3,6,1,0,1,2,36,2,2,0.0,0.0,0.0,0.0,0.0,2.0,18,3,2
14539,15,2,3,0,15,3,0,1,0,1,2,5,2,2,0.0,0.0,0.0,0.0,0.0,2.0,12,2,1
80369,4,2,0,17,15,3,0,1,1,1,2,24,2,2,0.0,0.0,0.0,0.0,0.0,2.0,20,1,6
100840,15,2,3,17,3,3,0,5,0,1,2,19,2,3,1.0,0.0,0.0,1.0,0.0,2.0,9,5,7
163798,4,2,3,0,10,3,6,1,0,0,2,18,3,2,0.0,0.0,0.0,0.0,0.0,5.0,7,6,11
92451,16,2,3,17,2,3,6,1,0,1,2,18,2,1,2.0,0.0,1.0,1.0,0.0,0.0,12,2,7
101115,15,2,3,10,6,3,0,5,1,1,1,36,2,2,0.0,0.0,0.0,0.0,0.0,2.0,13,4,7
53200,16,2,3,10,8,3,0,5,1,1,2,36,2,2,0.0,0.0,0.0,0.0,0.0,2.0,15,1,4
46279,16,7,3,17,8,3,6,1,1,1,2,18,2,2,0.0,0.0,0.0,0.0,0.0,2.0,17,1,4
62723,16,2,3,2,11,4,0,2,1,1,1,9,1,2,0.0,0.0,0.0,0.0,0.0,1.0,17,3,5
170207,15,2,3,10,2,3,0,1,1,1,1,36,2,2,0.0,0.0,0.0,0.0,0.0,3.0,14,3,11
1353,16,7,3,10,8,3,6,1,0,1,2,26,2,4,1.0,0.0,0.0,0.0,1.0,1.0,8,3,1
62108,16,2,3,15,2,3,0,1,1,1,1,19,2,2,0.0,0.0,0.0,0.0,0.0,6.0,11,7,5
163122,16,2,3,10,2,3,0,1,1,1,2,19,2,2,0.0,0.0,0.0,0.0,0.0,3.0,18,4,11
45951,16,2,4,15,8,3,0,1,1,1,2,22,2,2,0.0,0.0,0.0,0.0,0.0,2.0,19,3,4
66395,16,2,3,17,6,3,0,5,1,1,2,36,2,2,0.0,0.0,0.0,0.0,0.0,3.0,9,7,5
49777,16,2,3,0,6,3,0,1,1,1,2,6,2,2,0.0,0.0,0.0,0.0,0.0,2.0,16,4,4
99755,16,2,1,17,8,3,0,1,1,1,2,36,2,2,0.0,0.0,0.0,0.0,0.0,4.0,21,2,7
80359,15,2,3,17,6,3,0,5,0,1,2,18,2,2,0.0,0.0,0.0,0.0,0.0,2.0,18,1,6
131476,15,2,3,10,3,3,0,1,0,1,2,17,2,3,3.0,0.0,0.0,3.0,0.0,0.0,12,6,9
28213,4,2,3,15,6,3,0,1,0,1,2,24,2,2,0.0,0.0,0.0,0.0,0.0,2.0,8,5,2
157614,16,2,2,17,15,3,0,1,0,1,2,6,2,2,0.0,0.0,0.0,0.0,0.0,2.0,6,2,11
160893,16,2,3,10,2,3,6,1,1,1,2,19,2,2,0.0,0.0,0.0,0.0,0.0,2.0,9,6,11
131969,15,2,3,0,8,3,0,1,0,1,2,18,2,2,0.0,0.0,0.0,0.0,0.0,2.0,7,6,9
107019,17,11,5,10,8,3,5,5,1,0,0,36,2,2,0.0,0.0,0.0,0.0,0.0,2.0,17,7,8
54625,16,2,2,10,2,3,0,1,0,1,1,28,2,2,0.0,0.0,0.0,0.0,0.0,7.0,19,7,4
18732,16,2,3,10,6,3,5,5,1,1,2,19,2,2,0.0,0.0,0.0,0.0,0.0,2.0,8,5,2
125175,15,3,3,17,10,3,0,1,1,1,2,36,4,2,0.0,0.0,0.0,0.0,0.0,2.0,10,4,9
50663,16,2,3,17,6,3,0,5,1,1,2,36,2,2,0.0,0.0,0.0,0.0,0.0,2.0,15,6,4
17097,16,2,3,0,6,3,0,1,1,1,2,18,2,2,0.0,0.0,0.0,0.0,0.0,3.0,16,6,2
68601,16,2,3,17,2,3,0,1,0,1,2,36,2,3,2.0,0.0,0.0,2.0,0.0,4.0,11,7,5
136885,16,2,3,17,15,3,0,1,1,1,1,19,2,2,0.0,0.0,0.0,0.0,0.0,3.0,9,5,9
165837,16,11,3,17,8,3,5,5,1,1,2,36,2,2,0.0,0.0,0.0,0.0,0.0,2.0,15,2,11
6255,4,2,0,17,3,3,6,1,0,1,2,36,2,2,0.0,0.0,0.0,0.0,0.0,3.0,19,5,1
141479,16,2,0,17,6,3,0,1,0,1,2,26,2,2,0.0,0.0,0.0,0.0,0.0,2.0,10,6,10
114831,15,2,3,7,10,3,0,1,1,0,2,21,2,2,0.0,0.0,0.0,0.0,0.0,3.0,12,6,8
117592,16,2,3,0,8,3,0,1,1,1,2,18,2,2,0.0,0.0,0.0,0.0,0.0,2.0,15,7,8
130148,15,2,3,8,11,3,0,6,0,1,0,18,2,1,2.0,0.0,1.0,1.0,0.0,0.0,8,2,9
165239,16,2,3,7,15,3,0,1,0,1,2,24,2,2,0.0,0.0,0.0,0.0,0.0,1.0,12,6,11
131739,16,2,3,17,6,3,0,6,1,1,2,19,2,2,0.0,0.0,0.0,0.0,0.0,2.0,15,6,9
61454,16,2,3,17,2,3,0,1,1,1,2,17,2,2,0.0,0.0,0.0,0.0,0.0,2.0,9,5,5
7468,16,2,3,0,8,3,6,1,1,1,2,36,2,2,0.0,0.0,0.0,0.0,0.0,3.0,7,2,1
99274,16,2,3,17,1,3,0,1,0,1,2,24,2,2,0.0,0.0,0.0,0.0,0.0,2.0,14,2,7
180989,16,10,3,0,2,3,6,1,0,1,2,36,2,2,0.0,0.0,0.0,0.0,0.0,3.0,8,4,12
96162,4,7,3,17,2,3,0,1,0,1,2,36,2,2,0.0,0.0,0.0,0.0,0.0,2.0,14,4,7
36816,16,2,3,10,8,3,0,1,0,1,1,36,2,3,1.0,0.0,0.0,1.0,0.0,1.0,18,3,3
49927,16,7,3,15,8,3,6,1,1,1,1,36,2,2,0.0,0.0,0.0,0.0,0.0,2.0,10,4,4
158194,16,11,3,15,8,3,5,5,1,1,1,36,2,2,0.0,0.0,0.0,0.0,0.0,2.0,12,2,11