crash_date,               traffic_control_device,weather_condition,lighting_condition,first_crash_type,trafficway_type,alignment,roadway_surface_cond,road_defect,crash_type,intersection_related_i,damage,prim_contributory_cause,num_units,most_severe_injury,injuries_total,injuries_fatal,injuries_incapacitating,injuries_non_incapacitating,injuries_reported_not_evident,injuries_no_indication,crash_hour,crash_day_of_week,crash_month
91351,16,2,1,10,2,3,0,1,0,1,2,17,2,2,0.0,0.0,0.0,0.0,0.0,3.0,3,1,7
170122,16,7,1,10,2,3,6,1,1,1,2,19,2,2,0.0,0.0,0.0,0.0,0.0,2.0,0,6,11
50695,15,2,3,15,2,3,0,1,0,1,2,36,2,2,0.0,0.0,0.0,0.0,0.0,2.0,8,6,4
71977,16,2,3,17,6,3,0,1,1,1,1,22,2,2,0.0,0.0,0.0,0.0,0.0,5.0,14,2,6
11042,15,10,0,0,10,3,1,5,1,1,2,36,2,2,0.0,0.0,0.0,0.0,0.0,2.0,16,3,1
91272,15,2,3,17,8,3,0,1,1,1,2,5,2,2,0.0,0.0,0.0,0.0,0.0,2.0,12,5,7
67936,16,2,3,15,8,3,0,1,1,1,2,26,2,2,0.0,0.0,0.0,0.0,0.0,2.0,7,3,5
10024,16,2,1,10,3,3,6,1,0,1,2,19,2,2,0.0,0.0,0.0,0.0,0.0,2.0,5,5,1
101962,15,2,3,10,8,3,0,1,1,1,1,19,2,2,0.0,0.0,0.0,0.0,0.0,2.0,17,1,7
101651,16,3,3,17,15,3,0,1,1,1,2,24,2,2,0.0,0.0,0.0,0.0,0.0,2.0,8,4,7
20731,16,2,1,2,3,3,1,1,0,1,2,16,1,0,1.0,1.0,0.0,0.0,0.0,0.0,23,4,2
79253,15,2,3,10,15,3,0,1,1,1,2,17,2,2,0.0,0.0,0.0,0.0,0.0,3.0,17,6,6
125748,16,2,3,0,6,3,0,1,0,1,2,36,2,3,1.0,0.0,0.0,1.0,0.0,5.0,15,6,9
98416,15,7,1,2,10,3,6,2,1,1,2,33,1,2,0.0,0.0,0.0,0.0,0.0,1.0,20,3,7
99003,16,2,1,0,6,3,0,5,0,1,2,3,2,2,0.0,0.0,0.0,0.0,0.0,2.0,23,5,7
75207,15,2,5,0,6,3,0,5,1,1,1,18,2,2,0.0,0.0,0.0,0.0,0.0,3.0,19,1,6
12008,15,10,3,10,10,3,4,1,1,1,1,39,2,2,0.0,0.0,0.0,0.0,0.0,2.0,15,6,1
164410,15,2,3,0,10,3,0,1,1,1,2,22,3,2,0.0,0.0,0.0,0.0,0.0,3.0,12,7,11
95769,16,3,3,10,2,3,0,1,0,1,0,19,2,2,0.0,0.0,0.0,0.0,0.0,2.0,14,6,7
157899,15,2,0,0,10,3,0,1,1,1,2,36,2,2,0.0,0.0,0.0,0.0,0.0,2.0,18,7,11
176746,15,2,3,0,18,3,0,1,0,1,2,18,2,3,1.0,0.0,0.0,1.0,0.0,1.0,14,4,12
148422,16,2,1,0,8,3,0,1,0,1,2,6,3,3,1.0,0.0,0.0,1.0,0.0,2.0,20,4,10
154080,15,7,3,0,8,3,6,1,0,1,2,18,3,3,3.0,0.0,0.0,3.0,0.0,1.0,11,3,10
15766,15,2,1,0,6,3,0,5,1,1,2,18,2,2,0.0,0.0,0.0,0.0,0.0,2.0,0,1,2
46452,15,2,5,10,18,3,5,5,1,1,1,21,2,2,0.0,0.0,0.0,0.0,0.0,2.0,21,6,4
108522,16,2,1,0,8,3,6,1,0,1,2,6,2,4,2.0,0.0,0.0,0.0,2.0,2.0,0,2,8
111851,4,2,1,17,15,3,0,1,1,1,0,36,2,2,0.0,0.0,0.0,0.0,0.0,5.0,22,3,8
73652,16,2,1,15,10,3,0,5,1,1,1,36,2,2,0.0,0.0,0.0,0.0,0.0,3.0,23,6,6
125416,16,2,3,10,2,3,0,1,0,1,2,19,2,4,2.0,0.0,0.0,0.0,2.0,1.0,17,2,9
150149,16,2,1,17,5,3,0,1,1,1,2,17,2,2,0.0,0.0,0.0,0.0,0.0,3.0,19,7,10
132993,15,7,3,0,2,3,6,5,1,1,1,18,2,2,0.0,0.0,0.0,0.0,0.0,2.0,12,1,9
150465,4,2,2,0,8,3,0,1,1,1,2,6,2,2,0.0,0.0,0.0,0.0,0.0,2.0,18,3,10
150373,15,3,3,0,8,3,0,1,0,1,2,18,2,2,0.0,0.0,0.0,0.0,0.0,2.0,16,2,10
21397,16,10,1,0,6,3,4,1,0,1,2,18,2,2,0.0,0.0,0.0,0.0,0.0,2.0,4,1,2
46892,16,11,1,10,6,3,5,1,1,1,2,19,2,2,0.0,0.0,0.0,0.0,0.0,2.0,3,1,4
88206,17,2,1,0,6,3,0,5,0,1,2,18,2,3,1.0,0.0,0.0,1.0,0.0,3.0,23,7,7
131958,15,2,2,0,10,3,0,1,1,1,2,11,2,2,0.0,0.0,0.0,0.0,0.0,2.0,5,6,9
41793,16,2,4,17,6,3,0,1,1,1,2,6,2,2,0.0,0.0,0.0,0.0,0.0,2.0,8,7,3
54358,16,2,3,0,6,3,0,1,0,1,2,6,3,2,0.0,0.0,0.0,0.0,0.0,4.0,8,4,4
50375,16,2,3,9,8,3,0,1,0,1,2,18,2,3,1.0,0.0,0.0,1.0,0.0,1.0,10,5,4
177533,16,10,0,17,6,3,6,5,1,1,2,24,2,2,0.0,0.0,0.0,0.0,0.0,2.0,20,7,12
155188,15,11,3,0,8,3,5,5,1,1,1,18,2,2,0.0,0.0,0.0,0.0,0.0,2.0,14,4,10
106644,16,3,3,17,6,3,0,1,0,1,2,18,2,2,0.0,0.0,0.0,0.0,0.0,2.0,6,2,8
88816,15,2,3,17,8,4,0,1,1,1,2,18,2,2,0.0,0.0,0.0,0.0,0.0,3.0,17,2,7
19120,4,2,1,0,6,3,0,1,1,0,2,36,3,2,0.0,0.0,0.0,0.0,0.0,2.0,19,5,2
51036,15,2,5,0,6,3,5,5,1,1,2,5,2,2,0.0,0.0,0.0,0.0,0.0,3.0,19,4,4
182492,16,2,3,10,8,3,0,5,1,1,0,36,2,2,0.0,0.0,0.0,0.0,0.0,5.0,15,3,12
69326,16,2,1,17,6,3,0,1,0,1,2,18,2,3,2.0,0.0,0.0,2.0,0.0,3.0,22,2,5
168564,16,2,1,0,15,3,0,1,0,1,2,18,2,2,0.0,0.0,0.0,0.0,0.0,2.0,3,7,11
128371,4,2,3,0,8,3,5,5,1,1,2,18,2,2,0.0,0.0,0.0,0.0,0.0,2.0,17,6,9
134792,4,2,3,17,2,3,0,1,0,0,2,11,2,3,1.0,0.0,0.0,1.0,0.0,2.0,8,2,9
127823,16,2,3,5,8,3,0,1,1,1,0,26,1,2,0.0,0.0,0.0,0.0,0.0,1.0,13,6,9
76284,16,2,3,10,8,3,0,1,1,1,1,19,2,2,0.0,0.0,0.0,0.0,0.0,2.0,17,4,6
142225,16,2,3,14,2,3,0,1,1,1,2,36,2,2,0.0,0.0,0.0,0.0,0.0,4.0,14,2,10
143098,15,11,5,13,6,3,5,5,1,1,2,36,2,2,0.0,0.0,0.0,0.0,0.0,2.0,15,1,10
78912,16,2,3,10,8,3,0,1,1,1,1,36,2,2,0.0,0.0,0.0,0.0,0.0,2.0,8,6,6
148888,16,2,3,10,2,3,0,1,1,1,1,19,2,2,0.0,0.0,0.0,0.0,0.0,2.0,14,4,10
15422,15,3,3,15,6,3,0,1,0,1,2,17,2,2,0.0,0.0,0.0,0.0,0.0,3.0,13,4,2
96871,16,2,3,10,2,3,0,5,1,1,0,17,2,2,0.0,0.0,0.0,0.0,0.0,3.0,9,1,7
103210,16,2,3,17,8,3,0,1,1,1,1,24,2,2,0.0,0.0,0.0,0.0,0.0,2.0,15,7,7
77,16,2,1,10,8,3,0,5,0,0,1,17,2,3,2.0,0.0,0.0,2.0,0.0,2.0,19,2,1
69050,16,2,3,17,6,3,0,1,1,1,2,24,2,2,0.0,0.0,0.0,0.0,0.0,4.0,17,6,5
69439,16,2,1,17,6,4,0,1,1,1,2,24,2,2,0.0,0.0,0.0,0.0,0.0,2.0,22,5,5
55136,4,7,1,2,6,3,6,1,0,1,2,36,2,2,0.0,0.0,0.0,0.0,0.0,2.0,3,2,4
55151,17,7,3,2,8,3,6,1,1,0,1,26,1,2,0.0,0.0,0.0,0.0,0.0,1.0,18,2,4
106774,16,3,3,10,8,3,0,1,1,1,2,19,2,2,0.0,0.0,0.0,0.0,0.0,2.0,18,2,8
153370,16,2,3,10,11,3,0,1,1,1,2,36,3,2,0.0,0.0,0.0,0.0,0.0,3.0,13,6,10
70197,16,2,3,17,10,3,0,1,1,1,2,24,2,2,0.0,0.0,0.0,0.0,0.0,2.0,12,2,5
16300,4,2,1,17,8,3,0,5,0,1,2,18,2,3,1.0,0.0,0.0,1.0,0.0,1.0,18,6,2
176073,16,2,3,0,11,3,0,1,0,1,2,6,2,3,2.0,0.0,0.0,2.0,0.0,1.0,13,7,12
64354,16,2,3,17,6,3,0,1,1,1,2,23,2,2,0.0,0.0,0.0,0.0,0.0,2.0,9,2,5
33887,4,2,3,0,8,3,0,1,0,1,2,36,2,4,1.0,0.0,0.0,0.0,1.0,1.0,17,3,3
147735,16,2,1,5,10,4,0,5,1,1,2,36,1,2,0.0,0.0,0.0,0.0,0.0,1.0,5,2,10
120504,16,2,1,17,2,3,0,5,1,1,1,6,2,2,0.0,0.0,0.0,0.0,0.0,2.0,19,5,9
176519,15,2,1,10,2,3,0,1,0,1,2,36,2,2,0.0,0.0,0.0,0.0,0.0,4.0,23,6,12
107759,16,2,3,15,2,3,0,1,1,1,2,8,2,2,0.0,0.0,0.0,0.0,0.0,3.0,10,3,8
181430,4,2,3,10,8,4,0,1,1,1,1,19,2,2,0.0,0.0,0.0,0.0,0.0,2.0,13,3,12
131445,16,2,3,9,2,3,0,1,0,1,2,18,2,1,1.0,0.0,1.0,0.0,0.0,4.0,19,6,9
7792,15,2,3,0,11,3,0,5,0,1,2,36,2,3,1.0,0.0,0.0,1.0,0.0,1.0,11,5,1
94715,15,2,3,8,6,3,0,1,1,1,0,36,2,2,0.0,0.0,0.0,0.0,0.0,2.0,15,3,7
41533,16,2,3,17,10,3,0,1,1,1,2,22,2,2,0.0,0.0,0.0,0.0,0.0,2.0,12,7,3
139065,16,7,1,0,6,3,6,5,0,1,2,6,2,3,5.0,0.0,0.0,5.0,0.0,0.0,23,7,10
130394,16,2,1,17,3,3,0,1,1,1,1,18,2,2,0.0,0.0,0.0,0.0,0.0,2.0,19,7,9
20374,16,10,1,2,6,3,4,1,0,1,2,17,1,2,0.0,0.0,0.0,0.0,0.0,1.0,19,6,2
141419,16,2,3,17,3,3,0,1,0,1,2,18,2,3,1.0,0.0,0.0,1.0,0.0,1.0,14,6,10
60181,16,2,1,10,3,3,0,1,1,1,2,19,3,2,0.0,0.0,0.0,0.0,0.0,3.0,22,5,5
13818,4,10,3,17,8,3,4,1,1,1,2,36,2,2,0.0,0.0,0.0,0.0,0.0,8.0,8,2,1
56280,15,2,1,15,8,3,0,1,1,1,1,36,2,2,0.0,0.0,0.0,0.0,0.0,2.0,21,7,5
162025,16,2,3,17,8,3,0,1,0,1,2,18,2,3,1.0,0.0,0.0,1.0,0.0,1.0,6,3,11
139565,16,2,3,17,6,3,0,1,1,1,2,26,2,2,0.0,0.0,0.0,0.0,0.0,3.0,9,1,10
71882,16,2,1,0,8,3,0,1,0,1,2,18,2,2,0.0,0.0,0.0,0.0,0.0,3.0,22,6,6
21475,16,2,3,3,6,3,0,1,0,1,2,12,2,2,0.0,0.0,0.0,0.0,0.0,2.0,11,2,2
32305,16,7,4,17,6,3,6,1,1,1,1,36,2,2,0.0,0.0,0.0,0.0,0.0,3.0,17,5,3
168704,16,7,1,17,2,3,6,1,0,1,2,39,2,2,0.0,0.0,0.0,0.0,0.0,5.0,2,7,11
144075,15,3,3,17,8,3,0,1,1,1,1,5,2,2,0.0,0.0,0.0,0.0,0.0,2.0,7,5,10
166034,16,2,0,17,1,3,0,1,1,1,2,22,2,2,0.0,0.0,0.0,0.0,0.0,2.0,18,2,11
38747,4,2,3,13,8,3,0,1,1,1,2,18,2,2,0.0,0.0,0.0,0.0,0.0,3.0,14,5,3
1525,16,2,0,0,3,3,0,1,1,1,1,6,2,2,0.0,0.0,0.0,0.0,0.0,2.0,19,5,1
24610,4,2,3,17,14,3,0,1,1,1,2,17,2,2,0.0,0.0,0.0,0.0,0.0,2.0,11,6,2
57126,16,3,3,0,6,3,6,1,0,1,2,6,3,3,2.0,0.0,0.0,1.0,1.0,1.0,19,6,5
133073,16,2,1,17,8,3,0,1,1,1,1,22,2,2,0.0,0.0,0.0,0.0,0.0,3.0,20,7,9
172211,16,2,1,10,8,3,5,5,1,1,2,36,2,2,0.0,0.0,0.0,0.0,0.0,2.0,19,6,12
131236,16,2,4,15,8,3,0,1,1,1,2,17,2,2,0.0,0.0,0.0,0.0,0.0,2.0,21,1,9
63403,16,2,1,0,6,3,0,1,0,1,2,6,4,2,0.0,0.0,0.0,0.0,0.0,8.0,0,7,5
160759,15,2,0,15,8,3,6,1,1,1,2,26,2,2,0.0,0.0,0.0,0.0,0.0,3.0,19,7,11
84564,16,2,3,10,8,3,0,5,0,1,0,36,2,3,2.0,0.0,0.0,2.0,0.0,1.0,13,7,6
140222,4,2,3,0,15,3,0,1,1,1,2,18,2,2,0.0,0.0,0.0,0.0,0.0,2.0,12,3,10
187577,16,2,3,17,11,3,6,1,1,1,1,26,2,2,0.0,0.0,0.0,0.0,0.0,2.0,7,6,12
143824,16,2,3,15,2,3,0,1,1,1,2,38,2,2,0.0,0.0,0.0,0.0,0.0,2.0,8,3,10
22873,15,3,1,2,6,3,4,2,0,1,2,36,1,2,0.0,0.0,0.0,0.0,0.0,1.0,1,6,2
48861,16,2,1,17,1,3,0,1,0,1,2,18,2,2,0.0,0.0,0.0,0.0,0.0,3.0,3,7,4
167630,16,2,3,15,8,3,0,1,1,1,2,23,2,2,0.0,0.0,0.0,0.0,0.0,2.0,8,3,11
169637,15,2,3,0,10,3,0,1,0,1,2,36,2,2,0.0,0.0,0.0,0.0,0.0,2.0,14,1,11
76627,16,7,3,10,8,3,6,1,1,1,2,19,2,2,0.0,0.0,0.0,0.0,0.0,2.0,15,1,6
39838,16,2,3,17,1,3,0,1,1,1,2,6,2,2,0.0,0.0,0.0,0.0,0.0,2.0,15,3,3
143305,16,2,3,17,6,3,0,1,1,1,2,18,2,2,0.0,0.0,0.0,0.0,0.0,3.0,7,5,10
116477,16,2,3,17,19,3,0,1,0,1,2,18,4,1,1.0,0.0,1.0,0.0,0.0,5.0,13,4,8
41077,16,2,3,17,8,3,0,1,1,1,2,19,2,2,0.0,0.0,0.0,0.0,0.0,2.0,16,6,3
168137,4,7,4,15,8,3,6,1,1,0,1,22,2,2,0.0,0.0,0.0,0.0,0.0,2.0,15,4,11
172041,4,2,3,0,8,3,0,1,1,1,2,18,2,2,0.0,0.0,0.0,0.0,0.0,4.0,7,5,11
13295,4,2,3,0,8,3,6,5,0,1,2,18,2,2,0.0,0.0,0.0,0.0,0.0,2.0,14,7,1
11460,16,7,1,10,3,4,6,1,1,1,2,19,2,2,0.0,0.0,0.0,0.0,0.0,2.0,20,3,1
155449,15,2,1,0,8,3,0,1,0,1,2,18,2,4,1.0,0.0,0.0,0.0,1.0,1.0,18,1,10
162061,15,10,1,10,2,3,4,5,1,1,2,19,2,2,0.0,0.0,0.0,0.0,0.0,2.0,21,3,11
130509,16,2,3,11,8,3,0,1,1,1,2,36,2,2,0.0,0.0,0.0,0.0,0.0,3.0,14,2,9
43359,4,2,3,15,8,3,0,1,0,1,2,24,2,3,1.0,0.0,0.0,1.0,0.0,1.0,9,6,4
187101,16,2,3,17,2,3,0,5,1,1,2,36,2,2,0.0,0.0,0.0,0.0,0.0,2.0,14,6,12
39144,4,6,3,17,18,3,6,1,0,1,2,24,4,1,2.0,0.0,2.0,0.0,0.0,2.0,7,5,3
79814,15,2,3,17,6,3,0,1,0,1,1,36,2,4,1.0,0.0,0.0,0.0,1.0,2.0,15,7,6
72317,15,2,4,0,2,3,0,1,1,1,1,5,2,2,0.0,0.0,0.0,0.0,0.0,5.0,19,5,6
140310,4,7,1,0,6,3,6,1,0,1,2,18,2,3,1.0,0.0,0.0,1.0,0.0,1.0,5,5,10
168633,16,7,1,0,8,3,6,1,0,1,2,15,2,4,1.0,0.0,0.0,0.0,1.0,4.0,1,5,11
25048,15,10,1,2,8,3,6,5,0,1,2,39,1,2,0.0,0.0,0.0,0.0,0.0,1.0,0,2,2
10692,16,2,5,10,2,3,0,1,1,1,0,19,2,2,0.0,0.0,0.0,0.0,0.0,2.0,17,4,1
103939,16,2,3,17,3,3,5,5,1,1,2,36,2,2,0.0,0.0,0.0,0.0,0.0,2.0,17,2,8
117966,16,2,3,10,8,3,0,1,1,1,2,19,3,2,0.0,0.0,0.0,0.0,0.0,3.0,13,6,8
38205,4,2,3,15,2,3,0,1,0,1,2,36,2,3,1.0,0.0,0.0,1.0,0.0,2.0,13,2,3
166536,4,2,3,15,10,3,0,1,0,1,1,18,2,4,1.0,0.0,0.0,0.0,1.0,1.0,12,2,11
135686,16,2,3,17,6,3,0,1,0,1,2,24,2,2,0.0,0.0,0.0,0.0,0.0,2.0,16,3,9
69414,4,2,3,0,6,4,6,1,1,1,2,17,2,2,0.0,0.0,0.0,0.0,0.0,2.0,17,5,5
187681,16,2,1,17,11,3,1,1,1,1,0,19,2,2,0.0,0.0,0.0,0.0,0.0,2.0,23,7,12
96358,15,2,3,0,10,3,0,5,1,1,2,36,2,2,0.0,0.0,0.0,0.0,0.0,2.0,18,7,7
80773,16,2,1,17,10,3,0,1,1,1,2,23,2,2,0.0,0.0,0.0,0.0,0.0,2.0,11,6,6
88565,16,2,1,0,6,3,0,1,0,1,2,6,5,2,0.0,0.0,0.0,0.0,0.0,2.0,21,6,7
55028,16,7,3,10,2,3,6,1,1,1,0,39,2,2,0.0,0.0,0.0,0.0,0.0,5.0,14,7,4
187776,4,10,1,3,8,3,4,1,0,1,2,39,2,2,0.0,0.0,0.0,0.0,0.0,2.0,17,3,12
136142,16,2,3,10,3,3,0,1,0,1,2,17,2,3,2.0,0.0,0.0,1.0,1.0,1.0,13,2,9
166554,4,2,3,10,8,3,0,1,1,1,2,21,2,2,0.0,0.0,0.0,0.0,0.0,2.0,16,3,11
33572,16,2,3,15,8,3,0,5,1,1,1,36,2,2,0.0,0.0,0.0,0.0,0.0,2.0,14,6,3
47058,16,2,3,0,6,3,0,1,0,1,1,17,2,3,5.0,0.0,0.0,5.0,0.0,1.0,17,5,4
104570,15,2,1,17,8,3,5,5,1,1,2,36,2,2,0.0,0.0,0.0,0.0,0.0,3.0,22,4,8
59569,16,2,3,15,8,3,0,1,1,1,1,36,2,2,0.0,0.0,0.0,0.0,0.0,2.0,19,3,5
143254,15,2,3,0,6,3,0,1,1,1,2,18,2,2,0.0,0.0,0.0,0.0,0.0,2.0,10,3,10
106227,16,2,1,10,2,3,0,1,1,1,2,19,2,2,0.0,0.0,0.0,0.0,0.0,2.0,2,1,8
24045,15,7,3,9,11,3,6,1,0,1,1,39,2,3,1.0,0.0,0.0,1.0,0.0,1.0,7,3,2
48215,16,10,1,15,2,2,4,1,0,1,2,12,2,2,0.0,0.0,0.0,0.0,0.0,3.0,22,1,4
180899,15,2,3,7,6,3,0,1,0,1,2,32,2,2,0.0,0.0,0.0,0.0,0.0,4.0,13,2,12
80690,4,2,3,7,15,3,0,1,0,1,2,36,2,3,1.0,0.0,0.0,1.0,0.0,0.0,10,5,6
168083,16,2,1,17,6,3,0,1,0,1,2,18,2,3,3.0,0.0,0.0,3.0,0.0,0.0,19,6,11
51032,4,2,3,0,6,3,0,1,1,1,2,18,3,2,0.0,0.0,0.0,0.0,0.0,3.0,5,4,4
168411,16,2,1,0,6,3,0,1,0,1,2,6,4,3,3.0,0.0,0.0,2.0,1.0,4.0,19,3,11
169377,16,7,3,10,3,3,6,5,1,1,2,17,2,2,0.0,0.0,0.0,0.0,0.0,2.0,8,4,11
112044,16,2,1,15,8,3,0,1,1,1,1,36,2,2,0.0,0.0,0.0,0.0,0.0,2.0,21,5,8
188808,15,2,1,0,6,3,0,1,0,1,2,38,3,4,2.0,0.0,0.0,0.0,2.0,0.0,18,5,12
174450,16,2,0,10,2,3,0,1,1,1,0,17,2,2,0.0,0.0,0.0,0.0,0.0,3.0,21,4,12
95577,16,2,3,2,3,3,6,1,0,1,2,28,2,4,1.0,0.0,0.0,0.0,1.0,3.0,15,2,7
25537,4,2,1,2,8,3,0,5,0,0,2,28,1,2,0.0,0.0,0.0,0.0,0.0,1.0,18,4,2
110069,16,2,3,0,6,3,0,1,0,1,2,6,2,2,0.0,0.0,0.0,0.0,0.0,2.0,7,4,8
37038,16,2,1,0,6,3,0,1,1,1,2,17,4,2,0.0,0.0,0.0,0.0,0.0,4.0,1,1,3
167665,15,2,1,10,8,3,0,1,1,1,0,17,2,2,0.0,0.0,0.0,0.0,0.0,3.0,17,4,11
65217,4,7,1,10,8,3,6,1,1,1,2,19,2,2,0.0,0.0,0.0,0.0,0.0,2.0,4,1,5
31802,16,2,1,17,8,3,0,1,0,1,2,36,2,4,2.0,0.0,0.0,0.0,2.0,1.0,1,6,3
59688,16,2,3,10,11,3,0,1,1,1,0,26,2,2,0.0,0.0,0.0,0.0,0.0,2.0,15,6,5
82551,16,2,3,10,2,3,0,1,1,1,2,19,3,2,0.0,0.0,0.0,0.0,0.0,5.0,13,5,6
54544,15,2,1,0,10,3,0,1,1,1,2,5,2,2,0.0,0.0,0.0,0.0,0.0,2.0,22,5,4
80625,16,2,3,10,8,3,0,1,1,1,2,17,2,2,0.0,0.0,0.0,0.0,0.0,2.0,11,4,6
14409,16,10,1,2,15,3,4,1,0,1,2,17,1,2,0.0,0.0,0.0,0.0,0.0,1.0,21,7,1
160606,15,2,3,0,6,3,0,1,1,1,2,36,2,2,0.0,0.0,0.0,0.0,0.0,2.0,15,4,11
21145,15,2,3,10,8,3,0,5,1,1,1,36,2,2,0.0,0.0,0.0,0.0,0.0,2.0,7,4,2
87778,16,2,3,3,8,3,0,1,0,1,2,11,2,2,0.0,0.0,0.0,0.0,0.0,2.0,16,6,7
22799,16,10,3,10,6,3,4,1,1,1,1,19,2,2,0.0,0.0,0.0,0.0,0.0,2.0,14,5,2
2373,16,3,3,10,6,3,5,1,0,1,2,36,2,3,2.0,0.0,0.0,2.0,0.0,3.0,11,1,1
141651,16,2,3,10,13,3,0,1,1,1,2,36,2,2,0.0,0.0,0.0,0.0,0.0,2.0,13,7,10
113069,16,2,0,10,2,3,0,1,1,1,2,36,2,2,0.0,0.0,0.0,0.0,0.0,2.0,21,6,8
171689,16,2,1,14,8,3,0,1,0,1,1,21,2,3,1.0,0.0,0.0,1.0,0.0,1.0,16,6,11
129312,15,2,0,0,6,3,5,5,1,1,2,18,2,2,0.0,0.0,0.0,0.0,0.0,2.0,19,6,9
122458,15,2,3,10,10,3,0,1,0,1,2,19,2,4,1.0,0.0,0.0,0.0,1.0,1.0,18,6,9
13109,16,3,3,0,6,3,6,1,1,1,2,36,2,2,0.0,0.0,0.0,0.0,0.0,2.0,6,4,1
180804,16,2,3,17,2,3,0,5,0,1,1,38,2,2,0.0,0.0,0.0,0.0,0.0,2.0,10,7,12
152912,16,7,0,17,2,3,6,1,1,1,2,18,2,2,0.0,0.0,0.0,0.0,0.0,2.0,20,7,10
1756,15,11,1,0,15,3,5,5,1,1,0,36,2,2,0.0,0.0,0.0,0.0,0.0,2.0,20,3,1
98488,15,2,3,0,6,3,0,1,0,1,2,36,2,3,1.0,0.0,0.0,1.0,0.0,2.0,10,4,7
104190,16,3,3,0,11,3,0,1,0,1,2,36,2,3,2.0,0.0,0.0,2.0,0.0,2.0,10,7,8
86967,4,2,3,0,8,3,6,1,0,0,2,18,2,2,0.0,0.0,0.0,0.0,0.0,5.0,13,3,6
53545,15,2,1,0,8,3,0,1,1,1,1,36,2,2,0.0,0.0,0.0,0.0,0.0,2.0,20,5,4
101825,15,2,1,17,8,3,0,1,1,1,2,24,2,2,0.0,0.0,0.0,0.0,0.0,2.0,0,7,7
31204,16,2,3,10,6,3,0,1,1,1,1,19,2,2,0.0,0.0,0.0,0.0,0.0,2.0,13,1,3
60094,16,2,3,3,2,3,0,1,1,1,2,18,2,2,0.0,0.0,0.0,0.0,0.0,2.0,8,4,5
31767,16,2,3,17,2,3,0,1,1,1,0,18,2,2,0.0,0.0,0.0,0.0,0.0,2.0,17,4,3
63295,16,2,3,10,15,3,0,1,1,1,2,19,3,2,0.0,0.0,0.0,0.0,0.0,4.0,14,6,5
94810,16,2,3,10,2,3,0,1,0,1,2,17,2,3,3.0,0.0,0.0,1.0,2.0,0.0,12,4,7
124935,4,7,4,17,8,3,6,5,0,1,2,18,2,4,2.0,0.0,0.0,0.0,2.0,2.0,18,6,9
66933,4,2,2,17,5,3,0,1,0,1,2,18,2,2,0.0,0.0,0.0,0.0,0.0,2.0,17,2,5
140740,16,2,3,0,6,3,0,1,0,1,2,6,2,2,0.0,0.0,0.0,0.0,0.0,3.0,17,4,10
173148,15,11,3,0,8,3,5,5,1,1,2,36,2,2,0.0,0.0,0.0,0.0,0.0,2.0,11,7,12
162526,15,2,3,17,10,3,0,5,1,1,1,36,2,2,0.0,0.0,0.0,0.0,0.0,4.0,12,2,11
164077,16,2,1,10,6,3,0,1,0,1,2,17,2,3,1.0,0.0,0.0,1.0,0.0,1.0,16,4,11
96589,16,2,3,15,2,3,0,5,1,1,1,36,2,2,0.0,0.0,0.0,0.0,0.0,2.0,14,3,7
170961,16,2,3,8,8,3,0,1,0,1,0,36,2,1,1.0,0.0,1.0,0.0,0.0,1.0,6,2,11
834,16,10,3,0,6,3,4,5,0,1,2,26,2,2,0.0,0.0,0.0,0.0,0.0,4.0,10,1,1
5555,15,10,3,10,8,3,4,1,1,1,2,16,2,2,0.0,0.0,0.0,0.0,0.0,2.0,13,7,1
13478,16,2,1,8,6,3,0,1,1,1,0,36,2,2,0.0,0.0,0.0,0.0,0.0,2.0,17,3,1
46390,16,7,3,17,2,3,6,1,0,1,2,18,2,2,0.0,0.0,0.0,0.0,0.0,2.0,17,4,4
5592,16,10,1,15,8,3,4,1,0,1,2,36,2,3,2.0,0.0,0.0,2.0,0.0,3.0,16,7,1
183623,15,2,3,0,8,3,0,1,0,1,2,36,2,2,0.0,0.0,0.0,0.0,0.0,2.0,1,5,12
46751,4,2,3,17,2,3,6,1,0,1,2,18,2,2,0.0,0.0,0.0,0.0,0.0,2.0,7,4,4
45577,15,2,1,0,8,3,0,1,0,1,2,18,2,2,0.0,0.0,0.0,0.0,0.0,3.0,20,5,4
180129,15,2,3,15,11,3,0,1,1,0,0,24,2,2,0.0,0.0,0.0,0.0,0.0,2.0,9,5,12
113329,15,2,3,3,8,3,0,1,1,1,1,11,2,2,0.0,0.0,0.0,0.0,0.0,2.0,12,4,8
76874,4,2,1,15,8,3,0,1,1,1,2,23,2,2,0.0,0.0,0.0,0.0,0.0,2.0,22,5,6
144726,15,2,3,10,2,3,0,5,1,1,2,36,2,2,0.0,0.0,0.0,0.0,0.0,2.0,16,7,10
52286,16,2,3,10,8,3,0,5,1,1,2,19,2,2,0.0,0.0,0.0,0.0,0.0,2.0,16,6,4
29689,16,2,3,17,8,3,0,1,1,1,2,24,2,2,0.0,0.0,0.0,0.0,0.0,2.0,16,2,3
40569,16,2,0,0,2,3,0,5,0,1,2,6,2,2,0.0,0.0,0.0,0.0,0.0,2.0,23,4,3
5642,16,10,3,10,8,3,4,1,1,1,0,39,2,2,0.0,0.0,0.0,0.0,0.0,2.0,12,7,1
82583,16,7,3,17,8,3,6,1,1,1,2,39,2,2,0.0,0.0,0.0,0.0,0.0,2.0,19,5,6
188507,16,2,1,17,3,3,0,1,1,1,1,23,2,2,0.0,0.0,0.0,0.0,0.0,4.0,17,2,12