crash_date,               traffic_control_device,weather_condition,lighting_condition,first_crash_type,trafficway_type,alignment,roadway_surface_cond,road_defect,crash_type,intersection_related_i,damage,prim_contributory_cause,num_units,most_severe_injury,injuries_total,injuries_fatal,injuries_incapacitating,injuries_non_incapacitating,injuries_reported_not_evident,injuries_no_indication,crash_hour,crash_day_of_week,crash_month
7933,16,7,1,9,6,3,6,1,0,1,0,36,2,1,1.0,0.0,1.0,0.0,0.0,1.0,18,2,1
77001,16,2,1,8,6,3,0,5,0,1,2,36,2,3,1.0,0.0,0.0,1.0,0.0,1.0,21,7,6
118896,16,2,3,17,2,3,0,1,0,1,2,18,2,2,0.0,0.0,0.0,0.0,0.0,3.0,14,4,8
11551,16,2,3,10,2,3,1,1,0,1,1,19,2,4,3.0,0.0,0.0,0.0,3.0,1.0,7,5,1
66631,16,2,3,10,8,3,0,1,1,1,0,19,2,2,0.0,0.0,0.0,0.0,0.0,2.0,12,3,5
94854,15,2,3,17,11,3,0,1,1,1,1,12,2,2,0.0,0.0,0.0,0.0,0.0,2.0,9,5,7
113374,16,2,3,17,2,3,0,1,1,1,2,36,2,2,0.0,0.0,0.0,0.0,0.0,2.0,8,5,8
116902,15,2,3,17,2,3,0,1,0,1,2,18,2,3,1.0,0.0,0.0,1.0,0.0,4.0,20,3,8
34557,11,2,3,9,8,3,0,1,1,1,0,18,2,2,0.0,0.0,0.0,0.0,0.0,2.0,11,7,3
95638,16,2,3,10,6,3,0,1,1,1,1,36,2,2,0.0,0.0,0.0,0.0,0.0,3.0,15,3,7
173476,16,2,4,17,6,3,0,1,1,1,2,36,2,2,0.0,0.0,0.0,0.0,0.0,2.0,16,6,12
96453,16,2,3,17,8,3,0,1,1,1,2,36,2,2,0.0,0.0,0.0,0.0,0.0,2.0,16,2,7
8760,16,2,1,17,2,3,0,1,1,1,0,22,2,2,0.0,0.0,0.0,0.0,0.0,2.0,17,6,1
100495,16,2,3,15,8,3,0,1,1,1,2,36,2,2,0.0,0.0,0.0,0.0,0.0,2.0,16,1,7
14906,16,2,3,10,8,3,0,1,0,0,0,17,2,3,1.0,0.0,0.0,1.0,0.0,1.0,15,2,1
70890,16,2,3,17,10,3,0,1,1,1,2,22,2,2,0.0,0.0,0.0,0.0,0.0,2.0,10,7,5
87288,16,2,1,17,8,3,0,1,0,0,2,24,2,2,0.0,0.0,0.0,0.0,0.0,3.0,0,6,6
66991,15,2,3,17,6,3,0,1,0,1,2,18,2,2,0.0,0.0,0.0,0.0,0.0,6.0,15,4,5
79714,4,2,3,9,8,3,0,1,0,1,0,18,2,3,1.0,0.0,0.0,1.0,0.0,1.0,19,4,6
120626,16,2,1,9,10,3,6,1,0,1,2,36,2,1,1.0,0.0,1.0,0.0,0.0,1.0,21,7,9
136234,16,2,1,17,8,3,0,1,1,1,1,23,2,2,0.0,0.0,0.0,0.0,0.0,2.0,5,3,9
177906,16,2,3,17,3,3,0,1,0,1,2,36,2,4,1.0,0.0,0.0,0.0,1.0,2.0,9,4,12
12328,15,7,1,0,8,3,6,1,0,1,2,36,2,2,0.0,0.0,0.0,0.0,0.0,2.0,18,5,1
81205,15,2,3,0,8,3,0,1,0,1,2,36,2,4,1.0,0.0,0.0,0.0,1.0,3.0,18,6,6
33908,4,2,3,17,2,3,0,1,0,1,2,18,2,1,2.0,0.0,1.0,1.0,0.0,0.0,8,3,3
147868,15,2,3,0,6,3,0,1,0,1,2,18,2,3,1.0,0.0,0.0,1.0,0.0,2.0,16,4,10
126996,16,7,3,10,6,3,6,1,1,1,1,19,2,2,0.0,0.0,0.0,0.0,0.0,2.0,7,2,9
21517,16,2,1,15,2,3,6,1,1,1,1,22,2,2,0.0,0.0,0.0,0.0,0.0,2.0,19,3,2
56905,15,11,3,0,15,3,5,5,1,1,2,36,2,2,0.0,0.0,0.0,0.0,0.0,4.0,16,5,5
102345,16,7,3,15,3,3,6,5,1,1,2,23,2,2,0.0,0.0,0.0,0.0,0.0,2.0,15,6,7
34263,16,11,5,0,18,3,5,5,1,1,2,36,2,2,0.0,0.0,0.0,0.0,0.0,2.0,17,4,3
75880,16,7,3,17,15,3,6,1,0,1,2,36,2,3,3.0,0.0,0.0,3.0,0.0,0.0,12,4,6
134120,16,2,3,15,8,3,0,5,1,1,2,18,2,2,0.0,0.0,0.0,0.0,0.0,2.0,21,3,9
98304,16,3,3,17,10,3,0,1,1,1,1,22,2,2,0.0,0.0,0.0,0.0,0.0,2.0,12,7,7
177695,4,3,3,15,8,3,5,5,1,1,0,23,2,2,0.0,0.0,0.0,0.0,0.0,2.0,11,6,12
127437,15,2,3,0,8,3,0,1,1,1,1,36,2,2,0.0,0.0,0.0,0.0,0.0,6.0,14,1,9
128058,16,2,3,10,3,3,0,1,1,1,1,19,2,2,0.0,0.0,0.0,0.0,0.0,2.0,18,3,9
85889,15,2,0,8,6,3,6,1,1,1,0,36,2,2,0.0,0.0,0.0,0.0,0.0,5.0,21,5,6
33213,16,2,3,10,8,3,0,1,1,1,2,19,2,2,0.0,0.0,0.0,0.0,0.0,4.0,10,6,3
93107,15,2,4,8,6,3,0,1,0,1,2,5,2,4,1.0,0.0,0.0,0.0,1.0,1.0,20,5,7
35845,16,2,0,0,8,3,0,1,0,1,1,18,2,2,0.0,0.0,0.0,0.0,0.0,2.0,23,6,3
10231,16,2,3,15,6,3,0,1,1,1,2,23,2,2,0.0,0.0,0.0,0.0,0.0,6.0,8,3,1
103035,17,2,3,0,8,3,0,5,0,1,2,18,2,3,2.0,0.0,0.0,2.0,0.0,2.0,11,3,7
92479,16,2,3,17,8,3,0,1,1,1,2,19,2,2,0.0,0.0,0.0,0.0,0.0,5.0,17,3,7
131442,15,2,0,0,6,3,0,5,1,1,2,18,2,2,0.0,0.0,0.0,0.0,0.0,3.0,19,6,9
48683,4,2,3,0,8,4,6,1,0,1,2,18,2,2,0.0,0.0,0.0,0.0,0.0,5.0,7,2,4
54162,4,5,1,0,15,3,4,1,0,1,2,21,2,2,0.0,0.0,0.0,0.0,0.0,2.0,21,7,4
105028,16,2,3,0,10,3,0,1,1,1,2,36,2,2,0.0,0.0,0.0,0.0,0.0,2.0,10,6,8
130425,16,2,3,10,2,3,0,1,1,1,0,36,2,2,0.0,0.0,0.0,0.0,0.0,2.0,12,7,9
44776,15,2,3,15,8,3,0,1,1,1,2,23,2,2,0.0,0.0,0.0,0.0,0.0,2.0,17,4,4
99099,16,2,3,17,8,3,0,1,1,1,2,36,2,2,0.0,0.0,0.0,0.0,0.0,3.0,15,7,7
20418,16,2,3,17,6,3,0,1,0,1,2,6,2,2,0.0,0.0,0.0,0.0,0.0,2.0,15,7,2
89806,15,3,3,0,6,3,6,1,0,1,2,6,2,3,1.0,0.0,0.0,1.0,0.0,3.0,10,5,7
144829,16,2,3,0,6,3,0,5,1,1,2,36,2,2,0.0,0.0,0.0,0.0,0.0,2.0,12,1,10
64191,16,2,3,15,8,3,0,1,1,1,1,36,2,2,0.0,0.0,0.0,0.0,0.0,2.0,13,6,5
130141,4,2,3,10,2,3,0,1,0,1,2,19,2,2,0.0,0.0,0.0,0.0,0.0,2.0,8,2,9
167542,15,10,3,10,8,3,4,1,0,1,2,19,3,4,3.0,0.0,0.0,0.0,3.0,2.0,9,5,11
800,16,2,3,0,6,3,6,1,0,1,2,6,4,2,0.0,0.0,0.0,0.0,0.0,5.0,14,1,1
135925,16,2,3,17,8,3,0,1,1,1,0,36,2,2,0.0,0.0,0.0,0.0,0.0,2.0,18,5,9
64434,16,2,5,17,15,3,0,1,0,1,2,36,2,4,3.0,0.0,0.0,0.0,3.0,1.0,4,4,5
43057,16,2,3,17,1,3,0,1,1,1,2,6,2,2,0.0,0.0,0.0,0.0,0.0,2.0,9,1,4
107325,16,2,3,0,3,3,5,5,0,1,2,17,2,4,2.0,0.0,0.0,0.0,2.0,3.0,15,4,8
21182,16,2,3,10,8,3,0,1,1,1,1,19,2,2,0.0,0.0,0.0,0.0,0.0,2.0,14,5,2
126412,4,2,1,10,10,3,5,1,0,1,0,36,2,2,0.0,0.0,0.0,0.0,0.0,2.0,22,1,9
114206,15,7,2,0,6,3,6,1,0,1,1,5,2,3,2.0,0.0,0.0,2.0,0.0,1.0,11,3,8
64538,4,2,1,7,2,3,0,1,0,1,2,17,2,1,2.0,0.0,2.0,0.0,0.0,0.0,23,6,5
24009,15,7,4,0,8,3,6,1,0,1,2,18,2,4,2.0,0.0,0.0,0.0,2.0,2.0,16,3,2
172360,17,7,1,10,6,3,6,1,1,1,1,17,2,2,0.0,0.0,0.0,0.0,0.0,4.0,17,1,12
55509,16,7,3,10,3,3,6,1,1,1,2,18,2,2,0.0,0.0,0.0,0.0,0.0,3.0,15,7,4
187120,4,2,1,15,8,3,0,1,0,1,2,22,2,2,0.0,0.0,0.0,0.0,0.0,2.0,17,6,12
69993,16,2,3,0,8,3,0,1,0,1,2,36,2,4,2.0,0.0,0.0,0.0,2.0,0.0,19,7,5
83466,15,11,5,14,8,3,5,5,1,1,1,36,3,2,0.0,0.0,0.0,0.0,0.0,3.0,3,4,6
13250,16,10,3,17,6,3,6,1,1,1,2,18,2,2,0.0,0.0,0.0,0.0,0.0,2.0,9,6,1
61446,17,2,3,0,8,3,0,5,0,1,0,36,2,3,1.0,0.0,0.0,1.0,0.0,1.0,20,5,5
3959,16,2,1,17,8,3,0,1,1,1,1,18,2,2,0.0,0.0,0.0,0.0,0.0,2.0,1,4,1
28602,16,2,3,0,6,3,0,5,1,1,2,6,2,2,0.0,0.0,0.0,0.0,0.0,2.0,17,4,3
28099,4,2,3,14,15,3,0,1,0,0,2,36,2,2,0.0,0.0,0.0,0.0,0.0,2.0,13,7,2
172289,16,7,0,10,8,3,6,1,1,1,2,39,2,2,0.0,0.0,0.0,0.0,0.0,2.0,20,7,12
187279,16,2,3,15,6,3,0,1,1,1,2,24,2,2,0.0,0.0,0.0,0.0,0.0,2.0,11,2,12
15011,15,2,1,17,2,3,0,5,0,0,2,6,2,2,0.0,0.0,0.0,0.0,0.0,2.0,22,3,1
77269,16,2,3,10,8,3,0,1,0,0,1,17,3,3,2.0,0.0,0.0,2.0,0.0,1.0,11,3,6
12944,15,2,3,10,10,3,0,1,1,1,2,18,2,2,0.0,0.0,0.0,0.0,0.0,3.0,15,7,1
140828,16,2,3,15,2,4,0,2,1,0,2,36,2,2,0.0,0.0,0.0,0.0,0.0,3.0,8,5,10
113459,16,2,3,17,6,3,0,5,1,1,1,36,2,2,0.0,0.0,0.0,0.0,0.0,2.0,10,6,8
57860,4,2,3,0,6,3,0,1,0,1,2,36,2,2,0.0,0.0,0.0,0.0,0.0,2.0,13,7,5
148182,16,2,1,10,2,3,0,1,0,1,2,30,2,3,1.0,0.0,0.0,1.0,0.0,1.0,2,7,10
142327,16,2,1,10,10,3,0,5,0,1,2,15,9,1,3.0,0.0,1.0,1.0,1.0,5.0,19,3,10
159253,16,2,1,9,8,3,0,1,1,1,2,26,2,2,0.0,0.0,0.0,0.0,0.0,2.0,21,3,11
169484,18,2,3,2,8,3,0,1,0,1,2,17,1,2,0.0,0.0,0.0,0.0,0.0,1.0,7,6,11
67691,15,2,4,17,2,3,0,1,0,1,2,18,2,2,0.0,0.0,0.0,0.0,0.0,2.0,20,5,5
74247,16,2,3,0,6,4,0,1,0,1,2,6,3,3,1.0,0.0,0.0,1.0,0.0,3.0,8,1,6
116029,15,11,5,8,8,3,5,5,0,1,2,18,2,3,1.0,0.0,0.0,1.0,0.0,1.0,8,4,8
143697,16,7,4,15,2,3,6,1,1,1,1,18,2,2,0.0,0.0,0.0,0.0,0.0,3.0,15,2,10
4368,16,2,3,17,6,3,0,5,1,1,2,24,2,2,0.0,0.0,0.0,0.0,0.0,2.0,12,5,1
80669,16,2,3,7,6,3,0,1,1,1,2,23,2,2,0.0,0.0,0.0,0.0,0.0,1.0,18,5,6
125496,16,2,3,10,8,3,0,1,1,1,1,36,2,2,0.0,0.0,0.0,0.0,0.0,2.0,14,1,9
17869,16,10,3,0,2,3,4,1,0,1,2,6,2,2,0.0,0.0,0.0,0.0,0.0,2.0,7,4,2
94099,16,2,1,17,6,3,0,1,1,1,1,18,2,2,0.0,0.0,0.0,0.0,0.0,2.0,1,7,7
14830,15,2,1,0,8,3,0,1,1,1,2,36,2,2,0.0,0.0,0.0,0.0,0.0,2.0,21,6,1
178250,16,2,3,0,8,3,0,1,0,1,2,18,2,2,0.0,0.0,0.0,0.0,0.0,3.0,10,4,12
168769,16,2,3,0,8,3,0,1,1,1,1,6,2,2,0.0,0.0,0.0,0.0,0.0,2.0,16,1,11
70776,16,2,3,10,2,3,0,1,1,1,1,19,2,2,0.0,0.0,0.0,0.0,0.0,4.0,13,5,5
129705,17,2,3,8,8,3,0,1,0,1,0,36,2,3,1.0,0.0,0.0,1.0,0.0,1.0,13,5,9
63813,16,2,0,17,15,3,0,1,1,1,2,24,2,2,0.0,0.0,0.0,0.0,0.0,3.0,20,7,5
19553,16,2,3,10,6,3,0,5,1,1,1,19,2,2,0.0,0.0,0.0,0.0,0.0,3.0,16,6,2
166568,16,2,3,17,2,3,0,1,0,1,2,24,2,2,0.0,0.0,0.0,0.0,0.0,2.0,6,3,11
87820,16,2,3,17,3,3,0,1,0,1,2,24,2,2,0.0,0.0,0.0,0.0,0.0,2.0,10,7,7
161463,16,2,3,0,8,3,0,1,0,1,2,36,2,2,0.0,0.0,0.0,0.0,0.0,3.0,10,1,11
73265,11,2,1,3,2,3,0,1,1,1,2,36,2,2,0.0,0.0,0.0,0.0,0.0,3.0,22,7,6
43847,16,2,3,10,8,3,0,1,1,1,2,17,3,2,0.0,0.0,0.0,0.0,0.0,3.0,12,7,4
175328,16,2,3,9,3,3,0,1,0,1,2,18,2,1,1.0,0.0,1.0,0.0,0.0,1.0,9,4,12
144937,15,2,3,17,6,3,0,1,0,1,2,5,2,2,0.0,0.0,0.0,0.0,0.0,2.0,8,4,10
57647,16,2,3,17,8,3,0,5,1,1,0,36,2,2,0.0,0.0,0.0,0.0,0.0,2.0,12,7,5
71072,15,2,1,0,8,3,0,1,0,1,2,5,2,3,3.0,0.0,0.0,2.0,1.0,0.0,21,3,5
34545,16,2,1,17,6,3,0,5,0,1,2,18,2,2,0.0,0.0,0.0,0.0,0.0,2.0,22,7,3
61199,16,7,3,10,8,3,6,1,1,1,0,19,2,2,0.0,0.0,0.0,0.0,0.0,2.0,18,7,5
1471,16,2,3,10,8,3,5,5,1,1,2,36,2,2,0.0,0.0,0.0,0.0,0.0,2.0,6,2,1
23127,16,2,3,7,10,3,0,1,1,1,1,11,2,2,0.0,0.0,0.0,0.0,0.0,1.0,11,1,2
85895,16,2,3,9,6,3,0,1,0,1,0,3,2,3,1.0,0.0,0.0,1.0,0.0,1.0,11,5,6
161231,15,2,1,8,8,3,0,1,0,1,2,36,2,3,1.0,0.0,0.0,1.0,0.0,1.0,17,6,11
174458,16,3,3,0,8,3,0,1,0,1,2,6,2,2,0.0,0.0,0.0,0.0,0.0,2.0,11,4,12
176930,16,5,1,17,3,3,6,1,1,1,2,24,2,2,0.0,0.0,0.0,0.0,0.0,2.0,20,6,12
147728,14,2,3,9,6,3,0,6,0,1,2,18,2,1,1.0,0.0,1.0,0.0,0.0,1.0,16,2,10
106572,16,2,3,17,3,3,6,1,0,1,2,18,2,3,3.0,0.0,0.0,3.0,0.0,0.0,18,7,8
27778,16,2,3,17,2,3,0,1,0,1,2,18,2,2,0.0,0.0,0.0,0.0,0.0,2.0,9,5,2
15290,4,3,1,7,10,3,6,1,0,1,2,36,2,2,0.0,0.0,0.0,0.0,0.0,1.0,0,7,2
71689,16,2,3,17,6,3,0,1,0,1,2,18,2,4,1.0,0.0,0.0,0.0,1.0,2.0,15,6,5
34695,4,2,3,17,8,3,0,1,1,1,2,24,2,2,0.0,0.0,0.0,0.0,0.0,2.0,9,3,3
47270,15,2,3,0,8,3,0,3,0,1,2,36,2,1,2.0,0.0,1.0,1.0,0.0,1.0,11,6,4
172130,16,2,3,17,8,4,0,1,1,1,2,18,2,2,0.0,0.0,0.0,0.0,0.0,2.0,11,7,11
58097,16,2,3,17,8,3,0,1,0,1,1,24,2,4,1.0,0.0,0.0,0.0,1.0,3.0,10,1,5
150367,15,3,2,17,2,3,6,1,1,1,1,24,2,2,0.0,0.0,0.0,0.0,0.0,4.0,15,2,10
181492,16,2,1,17,6,3,0,1,0,1,2,24,2,2,0.0,0.0,0.0,0.0,0.0,2.0,20,3,12
126076,15,2,3,8,2,2,0,1,0,1,2,18,2,3,1.0,0.0,0.0,1.0,0.0,1.0,18,2,9
91305,16,2,3,10,6,3,0,1,1,1,1,36,3,2,0.0,0.0,0.0,0.0,0.0,4.0,6,6,7
184589,16,7,1,17,8,3,6,5,0,1,0,24,2,3,1.0,0.0,0.0,1.0,0.0,1.0,17,6,12
88927,16,2,1,2,8,3,0,1,0,1,2,6,2,3,3.0,0.0,0.0,3.0,0.0,0.0,1,4,7
38759,17,11,5,0,18,3,5,5,1,1,2,36,2,2,0.0,0.0,0.0,0.0,0.0,2.0,4,5,3
114436,16,2,1,17,6,3,0,1,0,1,2,6,2,4,2.0,0.0,0.0,0.0,2.0,1.0,2,1,8
73503,16,3,3,15,2,3,0,1,0,1,1,36,2,4,2.0,0.0,0.0,0.0,2.0,1.0,9,3,6
46662,4,2,3,17,8,3,0,1,0,1,2,18,2,2,0.0,0.0,0.0,0.0,0.0,5.0,7,4,4
180360,15,2,1,0,6,3,0,1,0,1,2,18,2,2,0.0,0.0,0.0,0.0,0.0,2.0,0,1,12
178353,15,2,3,0,8,3,0,1,0,1,2,38,2,2,0.0,0.0,0.0,0.0,0.0,3.0,11,3,12
148978,15,2,4,0,6,3,0,1,0,1,2,5,2,3,4.0,0.0,0.0,4.0,0.0,0.0,17,5,10
163467,15,2,3,13,15,3,0,1,1,1,2,36,2,2,0.0,0.0,0.0,0.0,0.0,2.0,8,3,11
35206,4,2,3,17,6,3,0,1,1,1,0,36,2,2,0.0,0.0,0.0,0.0,0.0,2.0,7,4,3
164622,15,2,1,10,8,3,0,1,1,1,0,36,2,2,0.0,0.0,0.0,0.0,0.0,4.0,17,5,11
117423,16,2,3,17,2,3,0,1,0,1,2,35,2,2,0.0,0.0,0.0,0.0,0.0,4.0,18,4,8
35577,16,2,3,17,6,3,6,1,0,1,2,6,2,4,2.0,0.0,0.0,0.0,2.0,1.0,8,3,3
129777,16,2,1,15,8,3,0,1,1,1,0,22,2,2,0.0,0.0,0.0,0.0,0.0,4.0,1,6,9
9149,16,7,1,9,8,3,6,5,0,1,0,18,2,4,1.0,0.0,0.0,0.0,1.0,1.0,19,5,1
41126,16,7,1,9,8,3,6,1,0,1,0,39,2,3,1.0,0.0,0.0,1.0,0.0,1.0,23,6,3
167514,15,10,3,0,6,3,4,5,1,1,2,18,2,2,0.0,0.0,0.0,0.0,0.0,2.0,17,5,11
8109,16,10,1,10,8,2,4,1,0,1,1,17,2,4,1.0,0.0,0.0,0.0,1.0,1.0,16,4,1
35,16,2,1,10,8,3,6,1,0,1,2,19,2,2,0.0,0.0,0.0,0.0,0.0,2.0,1,2,1
98096,16,2,1,0,6,3,0,1,1,1,2,4,2,2,0.0,0.0,0.0,0.0,0.0,2.0,3,7,7
147630,16,2,1,0,6,3,0,1,0,1,2,3,4,2,0.0,0.0,0.0,0.0,0.0,5.0,19,6,10
171574,16,2,4,15,17,3,0,5,1,1,1,23,2,2,0.0,0.0,0.0,0.0,0.0,2.0,14,2,11
50556,16,2,1,17,8,3,0,1,1,1,1,36,2,2,0.0,0.0,0.0,0.0,0.0,2.0,19,3,4
19271,16,2,1,14,2,3,0,1,0,1,2,22,3,4,1.0,0.0,0.0,0.0,1.0,3.0,22,6,2
84689,15,2,1,10,2,3,0,1,1,1,2,19,2,2,0.0,0.0,0.0,0.0,0.0,2.0,21,7,6
155029,15,2,3,0,15,3,0,1,0,1,2,18,2,3,2.0,0.0,0.0,2.0,0.0,0.0,7,4,10
162065,16,2,3,15,6,3,1,1,1,1,1,36,2,2,0.0,0.0,0.0,0.0,0.0,2.0,9,3,11
160456,4,2,2,0,10,3,0,1,0,1,2,28,2,3,1.0,0.0,0.0,1.0,0.0,3.0,6,7,11
15319,16,10,1,15,8,3,4,5,1,1,0,26,2,2,0.0,0.0,0.0,0.0,0.0,2.0,18,2,2
29507,16,2,1,0,6,3,6,1,0,1,2,3,2,3,1.0,0.0,0.0,1.0,0.0,1.0,21,6,3
90260,17,2,3,15,2,3,5,5,1,1,2,23,2,2,0.0,0.0,0.0,0.0,0.0,2.0,18,4,7
165859,16,7,1,11,8,3,6,1,1,1,2,21,2,2,0.0,0.0,0.0,0.0,0.0,2.0,17,2,11
183955,15,2,5,17,8,3,0,5,0,1,2,18,3,2,0.0,0.0,0.0,0.0,0.0,2.0,15,4,12
77232,15,2,3,3,2,3,0,1,0,1,2,18,3,2,0.0,0.0,0.0,0.0,0.0,2.0,6,3,6
136505,16,2,1,10,8,3,0,1,1,1,2,19,2,2,0.0,0.0,0.0,0.0,0.0,3.0,19,5,9
119422,16,2,1,17,8,3,0,1,0,1,2,24,2,2,0.0,0.0,0.0,0.0,0.0,2.0,2,4,8
60128,4,2,3,0,8,3,0,1,1,1,1,18,2,2,0.0,0.0,0.0,0.0,0.0,2.0,14,5,5
114898,15,2,3,0,6,3,0,3,0,1,2,36,4,2,0.0,0.0,0.0,0.0,0.0,5.0,12,7,8
156951,16,2,1,10,8,3,0,1,1,1,1,19,2,2,0.0,0.0,0.0,0.0,0.0,4.0,20,6,11
149004,16,2,1,15,15,3,0,1,1,1,2,36,3,2,0.0,0.0,0.0,0.0,0.0,3.0,22,5,10
168124,16,2,3,15,8,3,0,1,1,1,1,36,2,2,0.0,0.0,0.0,0.0,0.0,3.0,8,2,11
110296,16,2,1,0,2,3,0,1,1,1,2,18,2,2,0.0,0.0,0.0,0.0,0.0,2.0,0,7,8
50569,15,2,3,0,8,3,0,1,0,1,2,5,2,2,0.0,0.0,0.0,0.0,0.0,2.0,8,3,4
54568,16,2,4,15,2,3,5,5,1,1,2,26,2,2,0.0,0.0,0.0,0.0,0.0,2.0,18,6,4
42043,4,2,3,17,2,3,0,1,1,1,2,18,2,2,0.0,0.0,0.0,0.0,0.0,2.0,12,4,3
49736,16,10,3,15,2,3,6,1,1,1,2,22,2,2,0.0,0.0,0.0,0.0,0.0,2.0,7,2,4
93973,16,2,3,17,8,3,0,1,1,1,2,18,2,2,0.0,0.0,0.0,0.0,0.0,2.0,7,4,7
71235,16,2,0,15,8,3,0,1,1,1,1,18,2,2,0.0,0.0,0.0,0.0,0.0,2.0,15,5,5
124966,16,2,3,17,8,3,0,1,1,1,2,36,2,2,0.0,0.0,0.0,0.0,0.0,3.0,16,7,9
177868,4,2,0,0,6,3,0,1,0,1,2,18,4,2,0.0,0.0,0.0,0.0,0.0,4.0,16,4,12
29287,15,2,3,0,8,3,0,1,0,1,2,18,2,2,0.0,0.0,0.0,0.0,0.0,2.0,13,3,3
186245,16,2,1,17,6,3,0,1,1,1,2,18,2,2,0.0,0.0,0.0,0.0,0.0,4.0,17,7,12
120969,16,2,3,15,3,3,0,5,1,1,2,36,2,2,0.0,0.0,0.0,0.0,0.0,2.0,18,6,9
74225,16,2,3,17,8,3,0,1,1,1,1,24,2,2,0.0,0.0,0.0,0.0,0.0,2.0,16,1,6
168066,16,2,1,17,6,3,0,5,1,1,1,12,2,2,0.0,0.0,0.0,0.0,0.0,2.0,16,6,11
25286,16,2,3,0,2,3,0,1,0,1,2,6,2,4,2.0,0.0,0.0,0.0,2.0,2.0,15,6,2
123203,16,2,1,0,6,3,0,1,0,1,2,6,2,4,1.0,0.0,0.0,0.0,1.0,2.0,22,3,9
92538,15,2,3,8,10,3,0,5,0,1,1,36,2,3,1.0,0.0,0.0,1.0,0.0,1.0,17,4,7
133054,16,2,3,14,8,3,0,1,1,1,2,23,2,2,0.0,0.0,0.0,0.0,0.0,2.0,17,7,9
65868,15,2,3,0,2,4,0,1,0,1,2,18,2,3,2.0,0.0,0.0,2.0,0.0,1.0,16,6,5
54021,4,2,3,0,2,3,0,1,1,1,2,12,2,2,0.0,0.0,0.0,0.0,0.0,2.0,15,6,4
56029,16,7,3,10,2,3,6,1,1,1,2,19,2,2,0.0,0.0,0.0,0.0,0.0,5.0,15,2,5
184877,4,2,1,9,2,3,0,1,0,1,2,36,2,1,1.0,0.0,1.0,0.0,0.0,2.0,19,2,12
84234,4,2,3,15,8,3,0,1,1,1,2,26,2,2,0.0,0.0,0.0,0.0,0.0,2.0,14,1,6
70891,16,2,1,0,6,3,0,1,0,1,2,18,2,3,3.0,0.0,0.0,3.0,0.0,1.0,22,7,5
114211,15,7,3,0,8,3,6,1,0,1,2,36,2,2,0.0,0.0,0.0,0.0,0.0,3.0,12,3,8
78781,16,2,3,10,3,3,0,1,1,1,0,36,2,2,0.0,0.0,0.0,0.0,0.0,4.0,7,4,6
113203,4,7,3,17,8,3,6,5,0,0,2,18,2,2,0.0,0.0,0.0,0.0,0.0,2.0,9,1,8
19647,15,2,3,11,15,3,0,1,0,1,2,36,2,2,0.0,0.0,0.0,0.0,0.0,2.0,11,7,2
158311,4,2,1,2,10,4,0,1,0,0,2,17,1,3,2.0,0.0,0.0,2.0,0.0,0.0,22,5,11
155060,16,2,1,0,2,3,0,5,0,1,2,36,2,3,1.0,0.0,0.0,1.0,0.0,2.0,0,4,10
114785,16,2,3,10,8,4,0,1,1,1,1,19,2,2,0.0,0.0,0.0,0.0,0.0,2.0,17,6,8
89801,16,2,1,10,5,3,0,1,1,1,1,19,2,2,0.0,0.0,0.0,0.0,0.0,3.0,21,5,7
28958,16,2,1,9,6,3,0,1,0,1,0,36,2,4,1.0,0.0,0.0,0.0,1.0,2.0,20,3,3
123514,4,2,1,0,2,3,5,5,1,1,1,36,2,2,0.0,0.0,0.0,0.0,0.0,2.0,2,1,9
58148,15,7,3,17,6,3,6,1,0,1,2,32,3,2,0.0,0.0,0.0,0.0,0.0,3.0,8,3,5
160366,15,2,1,0,8,3,0,1,0,1,2,18,2,2,0.0,0.0,0.0,0.0,0.0,2.0,17,6,11
59759,15,2,3,0,6,3,0,1,0,1,2,5,3,2,0.0,0.0,0.0,0.0,0.0,2.0,7,7,5
13737,16,2,1,7,6,3,0,1,0,1,2,36,2,3,1.0,0.0,0.0,1.0,0.0,0.0,18,1,1
23406,4,2,1,8,8,3,0,1,0,1,2,36,2,1,1.0,0.0,1.0,0.0,0.0,2.0,23,7,2
118888,16,7,3,0,11,3,6,1,0,1,2,3,2,4,1.0,0.0,0.0,0.0,1.0,2.0,13,4,8
3000,16,2,3,10,2,3,0,1,1,1,2,36,2,2,0.0,0.0,0.0,0.0,0.0,2.0,9,1,1
48979,16,11,1,10,8,3,0,1,1,1,0,19,2,2,0.0,0.0,0.0,0.0,0.0,2.0,20,2,4
56752,16,2,2,17,8,3,0,1,0,1,2,18,2,2,0.0,0.0,0.0,0.0,0.0,3.0,19,1,5
92228,16,2,3,11,6,3,0,1,1,1,0,23,2,2,0.0,0.0,0.0,0.0,0.0,2.0,15,7,7
11550,16,2,0,10,8,3,0,1,1,1,0,36,2,2,0.0,0.0,0.0,0.0,0.0,2.0,19,5,1
21735,9,2,3,17,8,3,0,1,0,1,1,32,2,4,2.0,0.0,0.0,0.0,2.0,1.0,7,6,2
93578,16,2,3,10,8,3,0,1,0,1,2,17,2,3,3.0,0.0,0.0,2.0,1.0,0.0,14,6,7
121518,15,2,3,0,6,3,0,1,0,1,2,18,2,3,1.0,0.0,0.0,1.0,0.0,2.0,17,7,9
131822,4,2,3,0,2,3,0,1,1,1,0,36,2,2,0.0,0.0,0.0,0.0,0.0,3.0,15,4,9