crash_date,               traffic_control_device,weather_condition,lighting_condition,first_crash_type,trafficway_type,alignment,roadway_surface_cond,road_defect,crash_type,intersection_related_i,damage,prim_contributory_cause,num_units,most_severe_injury,injuries_total,injuries_fatal,injuries_incapacitating,injuries_non_incapacitating,injuries_reported_not_evident,injuries_no_indication,crash_hour,crash_day_of_week,crash_month
143526,15,3,3,8,10,3,6,1,0,1,0,18,2,3,1.0,0.0,0.0,1.0,0.0,1.0,13,6,10
158910,16,2,1,0,6,3,0,1,0,1,2,36,2,3,2.0,0.0,0.0,1.0,1.0,4.0,23,6,11
27410,4,2,3,17,8,3,0,1,0,1,2,18,3,4,2.0,0.0,0.0,0.0,2.0,2.0,17,7,2
143127,16,2,1,0,19,3,0,1,0,1,2,36,2,3,1.0,0.0,0.0,1.0,0.0,2.0,23,1,10
112289,16,2,3,15,8,3,0,1,1,1,2,36,2,2,0.0,0.0,0.0,0.0,0.0,2.0,7,3,8
50746,15,2,3,0,8,3,0,1,1,1,2,18,2,2,0.0,0.0,0.0,0.0,0.0,2.0,13,5,4
136132,15,2,3,10,19,3,0,1,1,1,0,17,2,2,0.0,0.0,0.0,0.0,0.0,2.0,12,7,9
87114,15,7,3,17,15,3,6,1,1,1,2,18,2,2,0.0,0.0,0.0,0.0,0.0,3.0,16,5,6
96350,16,2,3,17,5,2,0,1,1,1,2,23,2,2,0.0,0.0,0.0,0.0,0.0,4.0,17,7,7
11066,16,10,3,17,8,3,4,1,0,1,2,36,2,3,2.0,0.0,0.0,2.0,0.0,2.0,7,3,1
54793,16,7,1,17,6,3,6,1,0,1,2,19,2,4,2.0,0.0,0.0,0.0,2.0,2.0,19,4,4
60684,15,3,3,5,8,3,6,1,1,1,0,12,1,2,0.0,0.0,0.0,0.0,0.0,1.0,7,6,5
71795,4,2,3,2,8,3,0,1,1,1,2,12,1,2,0.0,0.0,0.0,0.0,0.0,3.0,9,5,6
58844,16,2,1,0,2,3,0,4,0,1,2,6,2,2,0.0,0.0,0.0,0.0,0.0,3.0,2,7,5
86086,16,2,3,10,6,3,0,1,1,1,2,19,2,2,0.0,0.0,0.0,0.0,0.0,2.0,22,2,6
21723,16,2,1,17,8,3,0,5,1,1,2,36,2,2,0.0,0.0,0.0,0.0,0.0,2.0,17,6,2
189018,15,10,3,17,19,3,6,1,0,1,2,18,2,4,1.0,0.0,0.0,0.0,1.0,3.0,12,1,12
183019,15,2,5,7,2,3,0,1,1,1,2,36,2,2,0.0,0.0,0.0,0.0,0.0,1.0,14,1,12
67,16,2,2,15,10,3,5,5,0,1,2,22,2,2,0.0,0.0,0.0,0.0,0.0,3.0,5,2,1
137189,15,2,3,0,8,3,5,5,1,1,1,23,2,2,0.0,0.0,0.0,0.0,0.0,4.0,17,2,9
40708,15,2,3,8,10,3,0,1,0,1,0,18,2,1,1.0,0.0,1.0,0.0,0.0,1.0,8,5,3
149776,15,7,0,17,2,3,6,1,0,1,2,5,2,2,0.0,0.0,0.0,0.0,0.0,2.0,15,1,10
126607,15,2,3,10,8,3,0,1,1,1,2,19,3,2,0.0,0.0,0.0,0.0,0.0,5.0,8,2,9
138363,16,7,3,0,8,3,6,1,0,1,2,17,2,4,2.0,0.0,0.0,0.0,2.0,0.0,10,4,10
71257,16,2,3,17,8,3,0,1,1,1,1,18,2,2,0.0,0.0,0.0,0.0,0.0,2.0,17,5,5
188285,15,2,3,0,6,3,6,1,0,1,2,36,2,3,1.0,0.0,0.0,1.0,0.0,1.0,14,4,12
59532,4,2,3,17,8,3,0,1,1,1,1,18,2,2,0.0,0.0,0.0,0.0,0.0,3.0,11,2,5
123396,4,7,3,7,8,3,6,1,0,1,2,39,2,2,0.0,0.0,0.0,0.0,0.0,1.0,8,5,9
156539,16,2,1,17,6,3,0,1,0,1,2,36,2,2,0.0,0.0,0.0,0.0,0.0,2.0,22,7,11
70414,15,2,1,14,8,3,0,1,1,1,2,23,2,2,0.0,0.0,0.0,0.0,0.0,2.0,17,7,5
90851,4,2,2,17,6,3,0,1,0,1,1,24,2,3,1.0,0.0,0.0,1.0,0.0,1.0,19,7,7
188927,16,2,3,15,8,3,0,5,1,1,2,26,2,2,0.0,0.0,0.0,0.0,0.0,2.0,5,7,12
24001,15,7,3,7,8,3,6,1,1,1,0,21,2,2,0.0,0.0,0.0,0.0,0.0,1.0,14,3,2
56446,15,2,3,10,6,3,0,1,1,1,2,36,2,2,0.0,0.0,0.0,0.0,0.0,2.0,18,4,5
32685,16,2,1,7,8,3,0,1,0,1,2,17,6,2,0.0,0.0,0.0,0.0,0.0,1.0,4,4,3
106169,15,2,3,3,8,3,0,1,1,1,2,36,2,2,0.0,0.0,0.0,0.0,0.0,2.0,14,7,8
58939,15,2,3,0,8,3,0,1,0,1,1,18,2,2,0.0,0.0,0.0,0.0,0.0,2.0,15,2,5
151326,4,2,3,0,15,3,0,1,0,1,2,5,4,4,3.0,0.0,0.0,0.0,3.0,0.0,15,2,10
51017,16,2,3,15,10,3,0,1,1,1,2,23,2,2,0.0,0.0,0.0,0.0,0.0,2.0,15,4,4
70876,4,2,1,17,8,3,0,1,1,1,1,36,2,2,0.0,0.0,0.0,0.0,0.0,2.0,20,7,5
131068,4,2,3,17,2,3,6,1,1,1,2,18,2,2,0.0,0.0,0.0,0.0,0.0,4.0,15,3,9
46743,16,3,3,8,10,5,0,1,1,1,0,6,2,2,0.0,0.0,0.0,0.0,0.0,2.0,18,4,4
98097,16,2,3,10,10,3,0,1,1,1,2,18,2,2,0.0,0.0,0.0,0.0,0.0,2.0,15,7,7
129737,6,2,1,10,8,3,5,1,0,1,1,19,2,2,0.0,0.0,0.0,0.0,0.0,3.0,19,5,9
6946,16,3,3,17,3,3,1,6,0,1,2,28,2,2,0.0,0.0,0.0,0.0,0.0,3.0,7,1,1
53517,4,2,3,0,10,3,0,1,0,1,2,18,2,4,2.0,0.0,0.0,0.0,2.0,1.0,15,5,4
126621,4,2,3,17,13,3,0,1,1,1,2,36,2,2,0.0,0.0,0.0,0.0,0.0,2.0,16,3,9
140744,16,2,3,17,8,3,0,1,1,1,2,19,2,2,0.0,0.0,0.0,0.0,0.0,2.0,18,4,10
152699,4,3,3,17,6,3,0,1,1,1,2,24,2,2,0.0,0.0,0.0,0.0,0.0,3.0,12,5,10
11696,4,2,0,9,8,3,0,1,0,1,1,26,2,3,1.0,0.0,0.0,1.0,0.0,2.0,18,1,1
155750,15,7,1,0,8,3,6,5,0,1,1,5,2,2,0.0,0.0,0.0,0.0,0.0,4.0,19,4,11
26153,4,2,3,9,8,3,0,1,0,1,2,36,2,3,1.0,0.0,0.0,1.0,0.0,2.0,9,7,2
146500,16,2,1,17,1,3,0,5,1,1,2,18,2,2,0.0,0.0,0.0,0.0,0.0,2.0,20,3,10
80107,16,2,3,17,6,3,0,1,0,1,1,24,2,2,0.0,0.0,0.0,0.0,0.0,2.0,12,3,6
87232,15,11,4,15,10,3,5,5,1,1,1,23,2,2,0.0,0.0,0.0,0.0,0.0,2.0,21,5,6
46382,16,7,3,17,8,3,6,1,1,1,1,18,2,2,0.0,0.0,0.0,0.0,0.0,2.0,15,4,4
45788,4,2,3,10,15,3,0,1,1,1,2,19,2,2,0.0,0.0,0.0,0.0,0.0,2.0,9,2,4
93566,16,3,3,17,2,3,0,2,1,1,2,36,2,2,0.0,0.0,0.0,0.0,0.0,2.0,12,5,7
18889,16,2,3,10,2,3,0,1,1,1,2,19,2,2,0.0,0.0,0.0,0.0,0.0,2.0,11,7,2
120561,16,2,2,17,2,3,0,1,1,1,2,18,2,2,0.0,0.0,0.0,0.0,0.0,4.0,8,6,9
167210,15,7,1,0,6,4,6,1,0,1,2,18,2,2,0.0,0.0,0.0,0.0,0.0,2.0,18,5,11
34065,16,2,3,17,6,3,0,1,1,1,2,6,2,2,0.0,0.0,0.0,0.0,0.0,4.0,14,7,3
126563,15,2,1,0,6,3,0,1,0,1,2,5,2,3,2.0,0.0,0.0,2.0,0.0,1.0,20,4,9
93273,4,2,1,2,8,3,0,5,0,0,2,36,1,2,0.0,0.0,0.0,0.0,0.0,1.0,2,2,7
81393,16,2,1,10,8,3,0,1,1,0,1,19,2,2,0.0,0.0,0.0,0.0,0.0,4.0,0,1,6
8331,16,10,3,0,6,3,6,1,0,1,2,36,2,4,4.0,0.0,0.0,0.0,4.0,0.0,13,1,1
1695,16,2,1,17,6,3,0,1,1,1,1,22,2,2,0.0,0.0,0.0,0.0,0.0,3.0,5,2,1
67458,15,2,3,17,8,3,0,1,0,1,2,18,2,4,1.0,0.0,0.0,0.0,1.0,1.0,15,3,5
72964,15,2,3,0,8,3,0,1,0,1,2,18,2,2,0.0,0.0,0.0,0.0,0.0,2.0,17,2,6
101774,4,2,3,17,15,3,0,1,0,1,0,24,2,4,4.0,0.0,0.0,0.0,4.0,1.0,16,7,7
100810,15,2,3,0,8,3,0,1,0,1,2,18,2,3,1.0,0.0,0.0,1.0,0.0,2.0,17,5,7
55348,16,7,1,17,6,3,6,5,0,1,2,24,2,3,1.0,0.0,0.0,1.0,0.0,1.0,20,6,4
78056,16,2,3,17,6,3,0,1,1,1,2,28,2,2,0.0,0.0,0.0,0.0,0.0,2.0,18,2,6
144973,15,2,3,17,6,3,5,5,1,1,2,36,2,2,0.0,0.0,0.0,0.0,0.0,2.0,14,5,10
58515,16,2,1,10,8,3,0,1,1,1,1,19,2,2,0.0,0.0,0.0,0.0,0.0,2.0,1,1,5
35840,16,2,1,0,2,3,0,1,1,1,2,36,2,2,0.0,0.0,0.0,0.0,0.0,2.0,19,6,3
155353,16,10,3,10,2,3,4,1,1,1,2,39,2,2,0.0,0.0,0.0,0.0,0.0,2.0,12,5,10
152783,16,2,3,10,2,3,0,5,1,1,1,23,2,2,0.0,0.0,0.0,0.0,0.0,2.0,8,3,10
38465,16,2,3,17,10,3,0,1,1,1,0,18,2,2,0.0,0.0,0.0,0.0,0.0,2.0,8,5,3
41736,15,2,3,17,6,3,0,1,1,1,2,36,2,2,0.0,0.0,0.0,0.0,0.0,2.0,9,5,3
114508,16,2,3,10,2,3,0,1,1,1,1,36,2,2,0.0,0.0,0.0,0.0,0.0,3.0,15,3,8
146449,16,2,3,17,2,3,0,1,0,1,2,17,2,2,0.0,0.0,0.0,0.0,0.0,3.0,13,3,10
51410,16,2,3,15,3,3,0,1,1,1,1,36,2,2,0.0,0.0,0.0,0.0,0.0,2.0,16,4,4
139015,16,2,1,5,6,3,0,1,0,1,1,6,2,2,0.0,0.0,0.0,0.0,0.0,2.0,4,7,10
10523,16,2,4,17,2,3,4,1,1,1,0,24,2,2,0.0,0.0,0.0,0.0,0.0,2.0,17,6,1
58843,16,2,3,9,2,3,0,1,0,1,0,18,2,4,1.0,0.0,0.0,0.0,1.0,1.0,14,7,5
105468,15,2,3,17,8,3,0,1,1,1,2,18,2,2,0.0,0.0,0.0,0.0,0.0,2.0,16,5,8
51504,16,2,3,17,6,3,0,1,0,1,2,24,2,4,1.0,0.0,0.0,0.0,1.0,4.0,10,5,4
33782,16,2,1,10,15,3,0,1,1,1,2,36,2,2,0.0,0.0,0.0,0.0,0.0,2.0,19,3,3
52415,16,2,1,0,8,3,0,1,0,1,2,36,2,3,2.0,0.0,0.0,1.0,1.0,0.0,2,1,4
9887,15,2,3,0,6,3,0,1,0,1,2,18,2,2,0.0,0.0,0.0,0.0,0.0,2.0,10,5,1
93057,16,2,1,17,3,3,0,1,0,1,2,36,2,3,6.0,0.0,0.0,1.0,5.0,0.0,23,4,7
29434,16,2,3,17,8,3,0,1,0,1,2,24,2,2,0.0,0.0,0.0,0.0,0.0,2.0,6,5,3
65010,15,2,3,0,6,3,0,1,0,1,2,5,2,3,2.0,0.0,0.0,2.0,0.0,1.0,16,7,5
113937,16,2,3,10,2,3,0,5,1,1,2,36,2,2,0.0,0.0,0.0,0.0,0.0,2.0,19,7,8
95333,16,2,3,0,6,3,0,1,1,1,2,36,2,2,0.0,0.0,0.0,0.0,0.0,3.0,6,6,7
15485,16,2,2,17,6,3,0,1,1,1,1,17,2,2,0.0,0.0,0.0,0.0,0.0,4.0,22,4,2
65935,16,2,0,0,8,3,0,5,1,1,2,6,2,2,0.0,0.0,0.0,0.0,0.0,2.0,1,7,5
69561,15,2,3,10,8,3,0,1,1,1,2,12,2,2,0.0,0.0,0.0,0.0,0.0,3.0,16,7,5
28747,16,2,3,10,10,3,0,1,0,1,2,19,2,2,0.0,0.0,0.0,0.0,0.0,2.0,6,6,3
68041,4,2,3,0,8,3,0,1,0,0,2,12,2,3,1.0,0.0,0.0,1.0,0.0,1.0,17,6,5
165934,15,2,3,0,11,3,0,1,1,1,1,18,2,2,0.0,0.0,0.0,0.0,0.0,3.0,15,7,11
22538,15,7,3,10,10,3,0,1,1,1,2,19,2,2,0.0,0.0,0.0,0.0,0.0,2.0,7,4,2
10409,4,2,1,17,8,4,0,1,1,1,1,18,2,2,0.0,0.0,0.0,0.0,0.0,2.0,16,7,1
33944,15,2,3,0,10,3,0,1,1,1,2,5,2,2,0.0,0.0,0.0,0.0,0.0,2.0,16,4,3
163797,15,3,4,0,6,3,0,1,0,0,2,17,2,4,2.0,0.0,0.0,0.0,2.0,3.0,19,6,11
103560,15,2,3,0,6,3,0,1,0,1,0,18,2,3,2.0,0.0,0.0,2.0,0.0,0.0,19,4,7
52238,15,2,3,17,8,3,0,1,0,1,2,5,3,2,0.0,0.0,0.0,0.0,0.0,5.0,13,5,4
42866,16,2,3,0,6,3,0,1,0,1,2,17,2,4,1.0,0.0,0.0,0.0,1.0,1.0,13,5,4
188976,15,10,1,0,8,3,6,1,0,1,2,18,2,2,0.0,0.0,0.0,0.0,0.0,2.0,16,1,12
119158,16,2,1,17,2,3,0,1,1,1,2,18,2,2,0.0,0.0,0.0,0.0,0.0,2.0,19,1,8
64089,16,2,3,15,2,3,0,1,1,1,2,23,2,2,0.0,0.0,0.0,0.0,0.0,7.0,11,3,5
143128,16,3,3,0,6,3,0,1,0,1,2,6,2,3,2.0,0.0,0.0,2.0,0.0,2.0,11,1,10
75842,16,11,5,10,8,3,5,5,1,1,2,19,2,2,0.0,0.0,0.0,0.0,0.0,3.0,16,4,6
26382,16,2,3,10,8,3,0,1,1,1,1,19,2,2,0.0,0.0,0.0,0.0,0.0,3.0,8,3,2
160543,16,2,3,17,8,3,0,5,1,1,2,17,3,2,0.0,0.0,0.0,0.0,0.0,2.0,14,3,11
107246,16,7,3,17,3,3,6,1,1,1,2,23,2,2,0.0,0.0,0.0,0.0,0.0,2.0,14,3,8
84041,16,11,5,17,18,3,0,5,1,1,2,6,2,2,0.0,0.0,0.0,0.0,0.0,2.0,22,5,6
92016,16,2,3,0,10,3,0,1,1,1,1,36,2,2,0.0,0.0,0.0,0.0,0.0,5.0,11,2,7
134870,15,2,3,17,2,3,0,1,1,1,1,18,2,2,0.0,0.0,0.0,0.0,0.0,5.0,14,4,9
61055,16,2,3,10,3,3,0,1,1,1,2,36,2,2,0.0,0.0,0.0,0.0,0.0,2.0,16,5,5
101894,16,2,1,10,8,3,0,1,1,1,2,19,2,2,0.0,0.0,0.0,0.0,0.0,3.0,4,7,7
3691,16,5,1,3,8,3,6,1,0,1,2,22,2,2,0.0,0.0,0.0,0.0,0.0,2.0,22,7,1
22642,15,2,3,0,8,3,0,1,0,1,1,36,2,4,1.0,0.0,0.0,0.0,1.0,1.0,12,7,2
11784,16,2,3,17,3,3,0,1,0,1,2,6,2,2,0.0,0.0,0.0,0.0,0.0,3.0,16,3,1
134791,16,2,3,10,8,3,0,1,1,1,2,19,2,2,0.0,0.0,0.0,0.0,0.0,2.0,7,2,9
68596,16,2,1,8,10,3,0,1,1,1,0,6,2,2,0.0,0.0,0.0,0.0,0.0,2.0,22,7,5
155495,16,7,0,17,8,3,6,1,1,1,2,18,2,2,0.0,0.0,0.0,0.0,0.0,2.0,18,2,10
187148,15,2,3,17,10,3,0,1,1,1,1,18,2,2,0.0,0.0,0.0,0.0,0.0,2.0,10,6,12
85678,16,2,3,15,6,3,0,1,1,1,2,17,2,2,0.0,0.0,0.0,0.0,0.0,2.0,15,4,6
38255,16,2,1,10,10,3,0,1,0,1,2,17,2,3,1.0,0.0,0.0,1.0,0.0,1.0,1,3,3
146156,16,2,3,17,8,3,0,1,1,1,0,36,2,2,0.0,0.0,0.0,0.0,0.0,2.0,10,7,10
48985,16,2,1,0,19,3,0,1,1,1,2,18,2,2,0.0,0.0,0.0,0.0,0.0,2.0,22,2,4
92908,16,2,3,17,10,3,0,5,1,1,2,18,2,2,0.0,0.0,0.0,0.0,0.0,2.0,17,4,7
154522,16,2,1,0,11,3,0,1,1,1,2,18,2,2,0.0,0.0,0.0,0.0,0.0,2.0,3,3,10
115,16,2,0,10,3,3,0,5,1,1,2,36,2,2,0.0,0.0,0.0,0.0,0.0,6.0,3,3,1
80717,16,2,3,9,8,3,0,5,0,1,1,26,2,3,1.0,0.0,0.0,1.0,0.0,1.0,15,6,6
58958,16,2,3,17,3,3,0,1,1,1,0,36,2,2,0.0,0.0,0.0,0.0,0.0,4.0,18,2,5
110247,16,2,3,15,6,3,0,1,0,1,1,23,2,3,3.0,0.0,0.0,3.0,0.0,1.0,15,7,8
73106,16,2,4,17,6,3,0,1,0,1,2,24,2,2,0.0,0.0,0.0,0.0,0.0,3.0,20,5,6
116198,16,2,3,10,10,3,0,1,1,1,2,19,2,2,0.0,0.0,0.0,0.0,0.0,2.0,11,5,8
156120,16,2,3,10,3,4,0,1,0,1,2,19,2,1,1.0,0.0,1.0,0.0,0.0,4.0,11,3,11
124161,16,2,3,3,2,3,0,1,0,0,2,22,2,2,0.0,0.0,0.0,0.0,0.0,2.0,14,4,9
78694,15,2,3,15,15,3,0,1,1,1,1,18,2,2,0.0,0.0,0.0,0.0,0.0,2.0,17,5,6
182102,15,2,3,10,15,3,0,1,0,1,2,36,2,2,0.0,0.0,0.0,0.0,0.0,2.0,10,4,12
15382,4,2,1,17,2,3,6,1,0,1,2,18,3,4,2.0,0.0,0.0,0.0,2.0,5.0,18,3,2
41017,15,2,3,0,2,3,0,1,0,1,2,18,2,2,0.0,0.0,0.0,0.0,0.0,2.0,10,4,3
44593,16,3,3,17,8,3,0,1,1,1,1,24,2,2,0.0,0.0,0.0,0.0,0.0,2.0,12,6,4
177368,4,2,1,10,8,3,0,1,1,1,1,19,2,2,0.0,0.0,0.0,0.0,0.0,2.0,17,5,12
67041,16,2,1,10,6,3,0,1,1,1,2,19,2,2,0.0,0.0,0.0,0.0,0.0,2.0,22,4,5
42605,16,2,3,10,8,3,0,1,0,1,1,19,2,4,2.0,0.0,0.0,0.0,2.0,2.0,14,7,4
178652,15,11,5,10,8,3,5,5,1,1,1,19,2,2,0.0,0.0,0.0,0.0,0.0,2.0,12,1,12
188005,16,7,3,9,2,3,6,1,0,1,0,36,2,3,1.0,0.0,0.0,1.0,0.0,1.0,15,1,12
79251,4,2,3,0,15,3,0,1,1,1,2,36,2,2,0.0,0.0,0.0,0.0,0.0,2.0,16,6,6
112542,16,2,3,10,8,3,0,1,1,1,1,19,2,2,0.0,0.0,0.0,0.0,0.0,2.0,15,6,8
35106,16,3,3,17,15,3,0,1,1,1,2,36,2,2,0.0,0.0,0.0,0.0,0.0,4.0,10,2,3
167141,16,2,1,10,8,3,2,0,1,1,1,19,2,2,0.0,0.0,0.0,0.0,0.0,6.0,17,4,11
79408,16,2,3,14,8,3,0,1,1,1,1,36,2,2,0.0,0.0,0.0,0.0,0.0,2.0,6,6,6
1344,4,4,0,17,2,3,6,1,1,1,2,18,2,2,0.0,0.0,0.0,0.0,0.0,2.0,18,3,1
88766,16,2,1,10,6,3,0,1,1,1,2,19,2,2,0.0,0.0,0.0,0.0,0.0,4.0,21,3,7
155861,16,2,3,0,10,3,4,1,0,1,2,6,3,2,0.0,0.0,0.0,0.0,0.0,3.0,14,6,11
109368,15,2,1,10,8,3,0,5,1,1,1,17,2,2,0.0,0.0,0.0,0.0,0.0,2.0,23,7,8
92027,16,2,3,10,19,3,0,1,1,1,2,19,2,2,0.0,0.0,0.0,0.0,0.0,3.0,13,3,7
7089,16,10,1,17,2,3,6,1,0,1,2,18,2,2,0.0,0.0,0.0,0.0,0.0,3.0,18,2,1
27352,16,2,3,15,8,3,0,1,1,1,0,23,2,2,0.0,0.0,0.0,0.0,0.0,4.0,6,5,2
151658,4,2,1,15,8,3,0,1,1,0,1,36,2,2,0.0,0.0,0.0,0.0,0.0,2.0,18,5,10
127903,16,2,1,0,3,3,0,1,0,1,0,18,2,3,1.0,0.0,0.0,1.0,0.0,1.0,23,6,9
59833,15,2,1,17,8,3,0,1,1,1,2,18,2,2,0.0,0.0,0.0,0.0,0.0,2.0,21,1,5
110943,4,2,3,17,1,4,0,1,1,1,1,19,2,2,0.0,0.0,0.0,0.0,0.0,2.0,16,3,8
6792,15,2,3,0,2,3,5,5,1,1,1,5,2,2,0.0,0.0,0.0,0.0,0.0,2.0,15,6,1
57660,4,2,3,17,8,5,0,5,0,1,2,24,2,2,0.0,0.0,0.0,0.0,0.0,4.0,14,2,5
25332,16,2,1,10,10,3,0,1,1,1,2,19,2,2,0.0,0.0,0.0,0.0,0.0,3.0,1,7,2
81051,4,2,3,17,8,3,0,5,0,0,2,24,3,3,1.0,0.0,0.0,1.0,0.0,3.0,16,3,6
106879,16,2,3,17,8,3,0,1,1,1,1,36,2,2,0.0,0.0,0.0,0.0,0.0,3.0,16,5,8
136113,16,2,1,4,5,3,0,3,1,1,1,32,1,2,0.0,0.0,0.0,0.0,0.0,1.0,21,7,9
109851,16,2,2,10,8,3,0,5,1,1,0,36,2,2,0.0,0.0,0.0,0.0,0.0,2.0,5,7,8
148548,16,2,3,8,2,3,0,1,0,1,2,1,2,4,1.0,0.0,0.0,0.0,1.0,3.0,15,7,10
140545,4,2,3,17,2,3,6,1,1,1,2,19,2,2,0.0,0.0,0.0,0.0,0.0,3.0,13,7,10
172383,16,2,3,10,2,3,0,1,1,1,2,19,2,2,0.0,0.0,0.0,0.0,0.0,2.0,10,1,12
45150,15,2,1,8,8,3,0,1,0,1,1,18,2,3,1.0,0.0,0.0,1.0,0.0,1.0,19,4,4
87481,16,2,3,15,8,3,0,1,1,1,2,22,3,2,0.0,0.0,0.0,0.0,0.0,5.0,19,3,6
4571,16,7,1,15,17,3,6,1,1,1,2,23,2,2,0.0,0.0,0.0,0.0,0.0,2.0,19,6,1
72412,15,2,3,10,2,3,0,1,1,1,0,19,2,2,0.0,0.0,0.0,0.0,0.0,2.0,11,7,6
162388,16,2,5,0,8,3,5,1,0,1,2,26,2,4,1.0,0.0,0.0,0.0,1.0,1.0,19,3,11
175618,16,2,1,17,3,2,0,1,0,1,2,6,2,2,0.0,0.0,0.0,0.0,0.0,2.0,2,7,12
79109,15,2,3,0,6,3,0,1,0,1,2,12,3,2,0.0,0.0,0.0,0.0,0.0,3.0,17,3,6
132127,16,2,3,8,2,3,0,1,0,1,0,18,2,3,1.0,0.0,0.0,1.0,0.0,1.0,7,2,9
92920,15,11,5,0,6,3,5,5,0,1,2,36,2,2,0.0,0.0,0.0,0.0,0.0,3.0,19,4,7
115822,4,2,3,10,8,3,0,1,1,1,2,26,2,2,0.0,0.0,0.0,0.0,0.0,5.0,17,1,8
13480,16,2,1,9,8,3,6,5,0,1,2,26,2,3,1.0,0.0,0.0,1.0,0.0,1.0,6,3,1
33305,16,2,3,0,8,3,0,1,0,1,0,6,2,3,1.0,0.0,0.0,1.0,0.0,1.0,17,2,3
99000,16,2,3,0,6,3,0,1,0,1,2,6,2,2,0.0,0.0,0.0,0.0,0.0,2.0,11,5,7
51878,16,2,1,17,6,3,0,1,0,1,2,36,2,3,1.0,0.0,0.0,1.0,0.0,1.0,23,5,4
155264,15,10,3,0,8,3,4,1,1,1,2,36,2,2,0.0,0.0,0.0,0.0,0.0,2.0,14,5,10
186410,15,4,1,17,6,3,6,1,0,1,2,18,8,3,3.0,0.0,0.0,3.0,0.0,0.0,4,5,12
87894,16,2,3,15,8,3,0,5,1,1,2,36,2,2,0.0,0.0,0.0,0.0,0.0,2.0,13,2,7
24675,16,2,1,17,15,3,0,1,0,1,2,35,2,2,0.0,0.0,0.0,0.0,0.0,2.0,18,2,2
138677,15,2,3,17,8,3,0,1,0,1,2,24,2,2,0.0,0.0,0.0,0.0,0.0,2.0,16,4,10
78889,4,2,3,17,6,3,0,1,0,1,2,18,2,2,0.0,0.0,0.0,0.0,0.0,3.0,17,6,6
150085,16,2,3,0,6,3,0,1,0,1,2,26,2,3,1.0,0.0,0.0,1.0,0.0,4.0,8,6,10
116944,16,2,3,10,8,3,0,5,1,1,2,17,2,2,0.0,0.0,0.0,0.0,0.0,3.0,17,4,8
95447,15,2,3,17,15,3,0,5,1,1,2,36,2,2,0.0,0.0,0.0,0.0,0.0,2.0,12,7,7
110897,15,2,3,9,8,3,0,1,0,1,0,18,2,4,1.0,0.0,0.0,0.0,1.0,1.0,16,2,8
35608,16,2,3,17,8,3,0,5,0,1,2,36,3,3,1.0,0.0,0.0,1.0,0.0,2.0,15,4,3
6439,15,10,3,15,8,3,4,1,1,1,1,23,2,2,0.0,0.0,0.0,0.0,0.0,2.0,14,2,1
25528,4,2,3,7,6,3,0,1,1,1,0,36,2,2,0.0,0.0,0.0,0.0,0.0,1.0,16,4,2
13603,16,11,1,5,3,3,5,3,1,1,1,36,1,2,0.0,0.0,0.0,0.0,0.0,1.0,18,6,1
31498,16,2,3,17,2,3,0,1,1,1,2,23,2,2,0.0,0.0,0.0,0.0,0.0,2.0,8,5,3
36001,16,2,3,17,8,3,0,5,1,1,2,12,2,2,0.0,0.0,0.0,0.0,0.0,2.0,11,3,3
166321,16,3,3,17,2,3,0,1,1,1,0,12,2,2,0.0,0.0,0.0,0.0,0.0,2.0,10,7,11
156446,4,2,2,10,8,3,0,5,1,1,0,36,2,2,0.0,0.0,0.0,0.0,0.0,2.0,18,6,11
151851,15,2,0,0,6,3,0,5,1,1,2,18,2,2,0.0,0.0,0.0,0.0,0.0,2.0,20,2,10
45721,15,2,1,9,15,3,0,5,0,1,2,36,2,1,1.0,0.0,1.0,0.0,0.0,1.0,22,7,4
10110,17,11,5,15,8,3,5,1,1,1,2,36,2,2,0.0,0.0,0.0,0.0,0.0,2.0,0,1,1
53069,16,2,3,2,2,3,0,1,0,1,2,3,1,2,0.0,0.0,0.0,0.0,0.0,1.0,11,4,4
163210,16,3,3,4,8,3,6,1,1,1,1,17,2,2,0.0,0.0,0.0,0.0,0.0,2.0,10,5,11
50668,4,2,3,17,2,3,0,1,1,1,2,36,2,2,0.0,0.0,0.0,0.0,0.0,4.0,16,6,4
94705,4,2,3,17,15,3,0,1,1,1,2,24,2,2,0.0,0.0,0.0,0.0,0.0,2.0,13,3,7
12697,16,2,3,17,6,3,6,1,0,1,2,6,2,3,1.0,0.0,0.0,1.0,0.0,1.0,8,4,1
15538,15,2,3,8,11,3,0,1,0,1,0,36,2,4,1.0,0.0,0.0,0.0,1.0,1.0,8,5,2
82544,4,8,0,8,17,2,2,1,0,1,1,37,2,3,1.0,0.0,0.0,1.0,0.0,1.0,23,3,6
71350,15,2,3,10,10,3,0,1,1,1,2,19,2,2,0.0,0.0,0.0,0.0,0.0,2.0,17,6,5
76291,16,2,3,2,6,3,0,1,0,1,2,17,1,2,0.0,0.0,0.0,0.0,0.0,1.0,6,4,6
43203,16,7,3,17,8,4,6,5,0,1,1,36,2,2,0.0,0.0,0.0,0.0,0.0,2.0,15,3,4
25404,16,2,1,10,8,3,0,1,0,1,2,37,2,2,0.0,0.0,0.0,0.0,0.0,6.0,0,7,2
96242,16,2,3,17,8,3,0,1,1,1,2,36,2,2,0.0,0.0,0.0,0.0,0.0,2.0,14,6,7
174886,16,2,1,0,16,3,0,1,0,1,2,17,2,2,0.0,0.0,0.0,0.0,0.0,3.0,11,5,12