crash_date,               traffic_control_device,weather_condition,lighting_condition,first_crash_type,trafficway_type,alignment,roadway_surface_cond,road_defect,crash_type,intersection_related_i,damage,prim_contributory_cause,num_units,most_severe_injury,injuries_total,injuries_fatal,injuries_incapacitating,injuries_non_incapacitating,injuries_reported_not_evident,injuries_no_indication,crash_hour,crash_day_of_week,crash_month
108791,4,2,3,15,8,3,0,1,1,0,1,22,2,2,0.0,0.0,0.0,0.0,0.0,6.0,14,6,8
125847,15,2,3,17,8,3,0,1,0,1,2,24,2,2,0.0,0.0,0.0,0.0,0.0,4.0,17,7,9
91503,4,2,3,17,3,3,0,1,1,1,1,36,2,2,0.0,0.0,0.0,0.0,0.0,2.0,18,1,7
89671,4,2,3,9,15,3,0,1,0,1,0,36,2,3,1.0,0.0,0.0,1.0,0.0,1.0,14,2,7
152523,16,2,3,15,8,3,0,1,1,1,2,23,2,2,0.0,0.0,0.0,0.0,0.0,2.0,15,3,10
74101,16,2,3,10,6,3,0,1,1,1,1,19,2,2,0.0,0.0,0.0,0.0,0.0,2.0,7,6,6
135231,16,7,3,8,8,3,6,1,0,1,0,36,2,3,1.0,0.0,0.0,1.0,0.0,1.0,8,3,9
185638,4,4,1,0,0,3,0,1,1,1,0,36,2,2,0.0,0.0,0.0,0.0,0.0,2.0,23,1,12
32919,17,11,5,17,17,3,5,5,1,1,2,36,2,2,0.0,0.0,0.0,0.0,0.0,4.0,17,7,3
93342,4,7,3,0,6,3,6,1,0,1,2,39,2,3,1.0,0.0,0.0,1.0,0.0,1.0,16,3,7
185842,4,2,3,15,2,3,0,1,1,1,2,23,2,2,0.0,0.0,0.0,0.0,0.0,2.0,6,6,12
50200,16,2,3,10,8,3,0,1,1,1,0,17,2,2,0.0,0.0,0.0,0.0,0.0,2.0,9,3,4
25757,16,2,3,10,1,3,0,1,1,1,1,36,3,2,0.0,0.0,0.0,0.0,0.0,3.0,12,6,2
106311,16,2,3,8,15,3,0,1,1,1,0,23,2,2,0.0,0.0,0.0,0.0,0.0,2.0,19,2,8
6176,15,3,3,17,6,3,0,1,1,1,1,24,2,2,0.0,0.0,0.0,0.0,0.0,2.0,10,2,1
182889,4,2,3,15,10,3,5,5,1,0,2,18,2,2,0.0,0.0,0.0,0.0,0.0,2.0,14,3,12
37667,15,2,3,0,2,3,0,1,1,1,2,18,2,2,0.0,0.0,0.0,0.0,0.0,3.0,11,4,3
100711,4,2,3,15,10,3,0,1,1,0,2,23,2,2,0.0,0.0,0.0,0.0,0.0,2.0,9,5,7
45555,4,2,1,7,8,3,0,1,1,1,1,20,3,2,0.0,0.0,0.0,0.0,0.0,1.0,3,5,4
164503,16,2,1,17,6,3,0,1,1,1,2,24,2,2,0.0,0.0,0.0,0.0,0.0,5.0,17,3,11
124152,15,2,1,17,6,3,0,1,1,1,2,24,2,2,0.0,0.0,0.0,0.0,0.0,3.0,0,3,9
85603,15,2,3,8,8,3,0,5,0,1,1,18,2,4,1.0,0.0,0.0,0.0,1.0,1.0,9,1,6
177432,16,7,4,17,16,3,6,1,1,1,2,19,2,2,0.0,0.0,0.0,0.0,0.0,3.0,16,6,12
21609,16,2,3,17,8,3,0,1,1,1,2,24,2,2,0.0,0.0,0.0,0.0,0.0,3.0,10,4,2
151691,15,2,3,0,2,3,0,1,0,1,2,18,2,2,0.0,0.0,0.0,0.0,0.0,2.0,12,5,10
171049,15,2,3,0,15,3,0,1,0,1,2,17,2,3,1.0,0.0,0.0,1.0,0.0,1.0,9,3,11
163260,16,2,3,17,8,3,0,1,1,1,2,36,2,2,0.0,0.0,0.0,0.0,0.0,3.0,7,7,11
19159,16,7,3,17,15,3,6,1,0,1,2,18,3,2,0.0,0.0,0.0,0.0,0.0,3.0,12,5,2
114772,16,2,3,10,6,3,0,5,1,1,1,36,2,2,0.0,0.0,0.0,0.0,0.0,6.0,16,6,8
61918,4,2,3,17,8,3,0,1,0,1,2,18,2,4,1.0,0.0,0.0,0.0,1.0,1.0,13,6,5
14890,15,2,3,0,15,3,0,1,1,1,2,26,2,2,0.0,0.0,0.0,0.0,0.0,3.0,14,2,1
114004,16,2,1,10,8,3,0,1,1,1,1,36,2,2,0.0,0.0,0.0,0.0,0.0,2.0,21,2,8
73414,16,2,1,7,2,3,0,1,1,0,2,36,2,2,0.0,0.0,0.0,0.0,0.0,1.0,19,2,6
45686,16,2,3,10,6,3,0,1,0,1,2,19,2,2,0.0,0.0,0.0,0.0,0.0,3.0,13,7,4
137516,4,11,3,15,15,3,5,5,1,1,2,36,2,2,0.0,0.0,0.0,0.0,0.0,2.0,11,7,9
20755,16,2,3,10,8,3,5,5,1,1,0,26,2,2,0.0,0.0,0.0,0.0,0.0,3.0,16,5,2
44547,16,2,3,17,2,3,0,1,1,1,2,18,2,2,0.0,0.0,0.0,0.0,0.0,2.0,15,6,4
73966,15,3,1,10,10,3,0,5,0,1,2,19,2,4,2.0,0.0,0.0,0.0,2.0,3.0,21,3,6
150387,16,7,4,9,8,3,6,1,0,1,0,18,2,3,1.0,0.0,0.0,1.0,0.0,1.0,6,2,10
143786,16,7,4,17,6,3,6,1,0,1,2,36,2,4,1.0,0.0,0.0,0.0,1.0,1.0,17,3,10
25508,15,2,3,17,15,3,0,1,1,1,2,38,2,2,0.0,0.0,0.0,0.0,0.0,2.0,12,3,2
38647,4,7,3,2,3,3,6,1,0,0,2,24,2,2,0.0,0.0,0.0,0.0,0.0,2.0,14,3,3
118117,16,2,3,17,15,3,0,5,1,1,2,36,2,2,0.0,0.0,0.0,0.0,0.0,2.0,13,1,8
168001,16,2,3,17,8,3,0,1,0,1,2,18,2,4,1.0,0.0,0.0,0.0,1.0,4.0,13,4,11
9559,16,2,3,10,8,3,5,5,1,1,2,19,2,2,0.0,0.0,0.0,0.0,0.0,3.0,13,4,1
153418,4,2,3,10,3,3,0,1,1,1,2,36,2,2,0.0,0.0,0.0,0.0,0.0,2.0,15,7,10
110220,17,2,4,10,8,3,0,5,0,1,1,19,2,2,0.0,0.0,0.0,0.0,0.0,5.0,23,6,8
157702,16,2,3,17,6,3,0,1,1,1,2,12,2,2,0.0,0.0,0.0,0.0,0.0,2.0,10,4,11
73198,15,2,3,17,6,3,0,1,0,1,2,36,3,4,2.0,0.0,0.0,0.0,2.0,0.0,9,6,6
51810,16,2,3,2,2,3,0,1,0,1,2,17,1,2,0.0,0.0,0.0,0.0,0.0,1.0,19,4,4
148843,16,2,4,10,3,3,0,1,1,1,2,36,2,2,0.0,0.0,0.0,0.0,0.0,2.0,17,3,10
2149,15,2,3,0,6,3,0,1,1,1,2,36,2,2,0.0,0.0,0.0,0.0,0.0,2.0,13,3,1
169972,15,2,1,0,8,3,0,1,1,1,2,5,2,2,0.0,0.0,0.0,0.0,0.0,2.0,18,7,11
156149,17,11,1,17,6,3,5,5,1,1,2,36,2,2,0.0,0.0,0.0,0.0,0.0,2.0,5,4,11
138977,16,2,1,10,8,3,0,1,1,1,2,19,2,2,0.0,0.0,0.0,0.0,0.0,2.0,20,5,10
129884,4,2,3,0,2,3,0,1,1,1,2,18,2,2,0.0,0.0,0.0,0.0,0.0,2.0,14,7,9
371,4,2,3,17,6,3,0,1,0,1,2,18,2,3,1.0,0.0,0.0,1.0,0.0,1.0,15,1,1
75224,15,2,1,0,8,3,0,1,0,1,2,18,2,2,0.0,0.0,0.0,0.0,0.0,2.0,23,1,6
68088,4,2,1,17,15,3,6,1,1,1,2,18,2,2,0.0,0.0,0.0,0.0,0.0,2.0,23,6,5
60035,16,2,3,17,8,3,0,1,1,1,1,36,2,2,0.0,0.0,0.0,0.0,0.0,4.0,17,3,5
63385,16,2,4,17,6,3,5,5,0,1,2,17,2,2,0.0,0.0,0.0,0.0,0.0,3.0,20,7,5
84310,16,2,3,10,8,3,6,1,1,1,1,36,2,2,0.0,0.0,0.0,0.0,0.0,2.0,14,2,6
110401,16,2,3,0,8,3,0,1,0,1,2,6,2,3,3.0,0.0,0.0,3.0,0.0,2.0,8,1,8
4883,16,10,3,17,6,3,4,1,1,1,2,24,2,2,0.0,0.0,0.0,0.0,0.0,3.0,9,6,1
13981,17,10,1,9,8,3,6,1,0,1,0,28,2,3,1.0,0.0,0.0,1.0,0.0,4.0,20,6,1
181690,16,2,1,15,6,3,0,1,1,1,2,36,2,2,0.0,0.0,0.0,0.0,0.0,3.0,19,7,12
43089,16,11,3,9,6,3,5,5,0,1,2,36,2,3,1.0,0.0,0.0,1.0,0.0,1.0,15,3,4
161865,16,7,1,2,2,3,6,1,0,1,2,39,1,2,0.0,0.0,0.0,0.0,0.0,1.0,2,1,11
115451,16,2,3,10,8,3,0,5,1,1,2,36,2,2,0.0,0.0,0.0,0.0,0.0,2.0,8,2,8
137800,16,2,3,10,8,3,6,1,0,1,2,19,3,4,1.0,0.0,0.0,0.0,1.0,3.0,13,5,10
94986,16,2,3,0,6,3,0,1,0,1,2,6,2,2,0.0,0.0,0.0,0.0,0.0,2.0,10,1,7
95790,15,3,3,0,8,3,0,1,0,1,2,36,2,2,0.0,0.0,0.0,0.0,0.0,4.0,17,6,7
168189,16,2,3,0,2,3,0,1,0,1,2,6,2,3,2.0,0.0,0.0,2.0,0.0,1.0,7,5,11
181385,6,2,3,10,2,3,0,1,1,0,2,19,2,2,0.0,0.0,0.0,0.0,0.0,2.0,16,2,12
154914,16,2,1,10,6,3,0,5,1,1,2,36,2,2,0.0,0.0,0.0,0.0,0.0,2.0,0,1,10
57710,4,2,1,10,8,3,0,1,1,1,2,19,2,2,0.0,0.0,0.0,0.0,0.0,3.0,18,3,5
149748,16,2,1,0,8,3,0,1,1,1,2,36,2,2,0.0,0.0,0.0,0.0,0.0,4.0,17,7,10
43526,16,2,3,10,2,3,0,1,0,1,2,18,2,3,1.0,0.0,0.0,1.0,0.0,2.0,10,2,4
170377,16,2,1,17,8,3,0,1,0,1,2,6,2,3,2.0,0.0,0.0,1.0,1.0,3.0,0,6,11
150878,15,2,3,0,8,3,0,1,0,1,2,23,2,3,1.0,0.0,0.0,1.0,0.0,3.0,16,4,10
47756,16,2,3,0,2,3,0,1,1,1,2,18,2,2,0.0,0.0,0.0,0.0,0.0,3.0,14,2,4
35767,16,2,3,9,6,3,0,1,0,1,2,6,2,3,1.0,0.0,0.0,1.0,0.0,1.0,18,7,3
166170,16,2,3,17,2,3,0,1,0,1,2,18,2,2,0.0,0.0,0.0,0.0,0.0,2.0,16,5,11
103209,4,2,3,17,1,3,0,1,1,1,2,24,2,2,0.0,0.0,0.0,0.0,0.0,4.0,15,7,7
149798,16,7,1,10,8,3,5,5,0,1,2,36,2,4,1.0,0.0,0.0,0.0,1.0,2.0,19,1,10
188064,17,2,1,10,2,3,0,5,1,1,2,36,2,2,0.0,0.0,0.0,0.0,0.0,4.0,17,6,12
1527,4,2,1,17,8,3,0,1,0,0,2,24,2,2,0.0,0.0,0.0,0.0,0.0,3.0,19,5,1
34773,16,2,1,17,15,4,0,1,1,1,1,18,2,2,0.0,0.0,0.0,0.0,0.0,2.0,21,5,3
155677,16,2,3,10,3,3,0,1,0,1,1,36,2,2,0.0,0.0,0.0,0.0,0.0,3.0,14,1,11
51690,15,2,3,8,10,3,0,1,0,1,0,11,2,3,1.0,0.0,0.0,1.0,0.0,2.0,16,1,4
105851,16,2,3,17,6,3,0,1,0,1,2,36,2,3,1.0,0.0,0.0,1.0,0.0,1.0,8,3,8
186742,16,7,1,10,8,3,6,1,1,1,1,36,2,2,0.0,0.0,0.0,0.0,0.0,2.0,3,2,12
15053,15,2,3,17,10,3,0,1,1,1,1,36,2,2,0.0,0.0,0.0,0.0,0.0,2.0,11,4,1
164683,15,2,1,0,8,3,0,1,0,1,2,5,2,2,0.0,0.0,0.0,0.0,0.0,2.0,18,7,11
103981,4,2,3,17,8,3,0,1,0,1,1,24,2,4,1.0,0.0,0.0,0.0,1.0,1.0,8,3,8
143224,16,2,4,17,8,3,0,1,1,1,0,36,2,2,0.0,0.0,0.0,0.0,0.0,2.0,18,3,10
54522,16,7,1,17,6,3,6,1,0,1,2,37,2,2,0.0,0.0,0.0,0.0,0.0,2.0,0,7,4
12879,15,7,1,9,6,3,6,5,0,1,0,36,2,3,1.0,0.0,0.0,1.0,0.0,1.0,20,6,1
143035,15,2,3,17,8,3,0,5,0,1,2,18,2,2,0.0,0.0,0.0,0.0,0.0,2.0,15,7,10
88834,15,2,3,0,2,3,0,1,1,1,2,18,2,2,0.0,0.0,0.0,0.0,0.0,6.0,11,2,7
65206,15,2,3,17,6,3,0,1,0,1,2,5,2,3,1.0,0.0,0.0,1.0,0.0,1.0,14,1,5
55923,16,2,3,10,2,3,0,1,0,1,2,36,2,3,1.0,0.0,0.0,1.0,0.0,1.0,7,1,4
86240,16,2,3,10,3,3,0,5,0,1,2,23,2,2,0.0,0.0,0.0,0.0,0.0,3.0,14,4,6
40030,16,2,3,0,6,3,0,1,0,1,2,6,2,4,1.0,0.0,0.0,0.0,1.0,1.0,12,7,3
68118,16,2,1,0,10,3,0,1,1,1,1,36,2,2,0.0,0.0,0.0,0.0,0.0,2.0,1,5,5
22720,16,7,1,9,8,3,6,1,0,1,0,18,2,4,1.0,0.0,0.0,0.0,1.0,3.0,17,2,2
165047,16,2,3,10,6,3,0,1,1,1,2,19,2,2,0.0,0.0,0.0,0.0,0.0,2.0,16,4,11
67834,16,2,1,17,8,3,0,1,1,1,2,24,2,2,0.0,0.0,0.0,0.0,0.0,2.0,1,2,5
164898,16,2,1,15,3,3,0,1,1,1,1,17,2,2,0.0,0.0,0.0,0.0,0.0,3.0,19,7,11
138451,15,2,3,17,8,3,0,1,0,1,2,26,2,2,0.0,0.0,0.0,0.0,0.0,4.0,13,7,10
36412,15,7,3,0,6,3,6,1,0,1,2,18,2,4,1.0,0.0,0.0,0.0,1.0,1.0,16,4,3
160106,4,2,3,0,6,3,0,5,1,1,2,36,2,2,0.0,0.0,0.0,0.0,0.0,2.0,15,4,11
139201,4,2,1,17,2,3,0,1,1,1,2,26,2,2,0.0,0.0,0.0,0.0,0.0,3.0,23,2,10
159839,15,2,3,17,2,3,0,1,1,1,0,24,2,2,0.0,0.0,0.0,0.0,0.0,3.0,10,5,11
168951,16,7,1,15,15,3,6,1,0,1,2,36,2,2,0.0,0.0,0.0,0.0,0.0,3.0,22,4,11
112655,16,2,1,17,6,3,0,1,1,1,2,6,2,2,0.0,0.0,0.0,0.0,0.0,2.0,21,7,8
155203,16,2,4,15,11,3,0,1,1,1,0,23,2,2,0.0,0.0,0.0,0.0,0.0,2.0,17,4,10
45304,15,7,2,0,8,3,6,1,1,1,2,5,2,2,0.0,0.0,0.0,0.0,0.0,2.0,15,1,4
33860,16,10,3,0,8,3,6,1,1,1,2,15,2,2,0.0,0.0,0.0,0.0,0.0,2.0,13,3,3
177776,4,2,3,10,2,3,0,1,1,1,2,19,2,2,0.0,0.0,0.0,0.0,0.0,2.0,14,3,12
4678,15,6,3,0,8,3,1,1,1,1,2,39,2,2,0.0,0.0,0.0,0.0,0.0,2.0,15,2,1
16585,15,2,3,9,8,3,0,1,0,1,2,18,2,3,1.0,0.0,0.0,1.0,0.0,1.0,10,3,2
132161,16,2,3,17,2,3,0,1,1,1,0,19,2,2,0.0,0.0,0.0,0.0,0.0,2.0,14,3,9
93457,4,7,3,17,8,3,6,1,1,1,1,24,2,2,0.0,0.0,0.0,0.0,0.0,2.0,14,4,7
62104,4,2,1,17,8,3,0,1,1,0,1,36,2,2,0.0,0.0,0.0,0.0,0.0,9.0,22,7,5
149511,15,2,3,8,6,3,0,1,0,1,1,36,2,1,1.0,0.0,1.0,0.0,0.0,1.0,14,6,10
75881,16,7,3,10,2,3,6,1,1,0,1,36,2,2,0.0,0.0,0.0,0.0,0.0,2.0,12,4,6
74015,16,7,1,17,8,3,6,1,1,1,2,6,2,2,0.0,0.0,0.0,0.0,0.0,2.0,5,4,6
73330,16,2,3,15,8,3,0,1,1,1,2,22,2,2,0.0,0.0,0.0,0.0,0.0,2.0,10,2,6
132008,16,2,1,14,8,3,0,3,0,1,1,36,2,3,2.0,0.0,0.0,2.0,0.0,2.0,1,7,9
116954,16,2,3,17,8,3,0,5,1,1,2,24,2,2,0.0,0.0,0.0,0.0,0.0,2.0,7,4,8
77987,16,2,3,17,8,3,0,5,1,1,2,18,3,2,0.0,0.0,0.0,0.0,0.0,4.0,15,1,6
167040,16,2,3,10,10,3,0,1,1,1,1,19,2,2,0.0,0.0,0.0,0.0,0.0,3.0,10,2,11
80215,4,2,3,17,8,3,0,1,1,1,2,36,2,2,0.0,0.0,0.0,0.0,0.0,5.0,18,5,6
24536,15,2,3,2,8,3,0,1,0,1,2,36,1,2,0.0,0.0,0.0,0.0,0.0,1.0,9,5,2
66926,15,2,3,0,8,3,0,1,0,1,2,18,2,2,0.0,0.0,0.0,0.0,0.0,3.0,15,2,5
124178,16,11,5,10,6,3,5,5,1,1,1,17,2,2,0.0,0.0,0.0,0.0,0.0,2.0,17,4,9
70150,16,2,3,17,8,3,0,1,0,1,2,18,2,2,0.0,0.0,0.0,0.0,0.0,2.0,11,3,5
168662,15,2,1,15,8,3,0,1,1,1,2,23,2,2,0.0,0.0,0.0,0.0,0.0,2.0,17,6,11
172081,16,2,3,10,6,3,0,1,1,1,2,19,2,2,0.0,0.0,0.0,0.0,0.0,2.0,12,5,11
115291,15,2,3,10,8,3,0,5,1,1,2,36,2,2,0.0,0.0,0.0,0.0,0.0,2.0,14,7,8
150,15,10,3,0,8,3,6,1,0,1,2,18,2,4,1.0,0.0,0.0,0.0,1.0,1.0,9,3,1
78370,16,2,1,8,8,3,0,5,0,1,2,18,2,3,1.0,0.0,0.0,1.0,0.0,1.0,23,5,6
142292,16,2,3,0,10,3,0,5,0,1,1,6,2,3,1.0,0.0,0.0,1.0,0.0,1.0,13,3,10
12894,16,2,3,17,6,3,0,1,1,1,2,23,2,2,0.0,0.0,0.0,0.0,0.0,3.0,11,6,1
54807,4,3,3,0,8,3,0,1,1,1,1,18,2,2,0.0,0.0,0.0,0.0,0.0,2.0,11,4,4
165855,16,7,2,10,16,3,6,1,1,1,2,19,3,2,0.0,0.0,0.0,0.0,0.0,3.0,17,2,11
62708,17,2,3,10,8,3,0,5,1,1,1,19,2,2,0.0,0.0,0.0,0.0,0.0,2.0,15,3,5
118863,16,3,4,10,8,3,0,1,0,1,0,17,2,1,1.0,0.0,1.0,0.0,0.0,1.0,6,3,8
37469,16,2,2,3,6,5,0,5,1,1,0,36,2,2,0.0,0.0,0.0,0.0,0.0,2.0,5,2,3
171103,16,2,3,17,1,3,0,1,0,1,2,18,2,2,0.0,0.0,0.0,0.0,0.0,2.0,12,5,11
175785,4,2,4,0,6,3,0,1,0,1,2,18,2,4,2.0,0.0,0.0,0.0,2.0,6.0,17,4,12
87189,16,2,2,17,6,3,0,1,1,1,1,24,2,2,0.0,0.0,0.0,0.0,0.0,2.0,18,7,6
146256,16,7,3,17,6,3,6,1,1,1,2,24,2,2,0.0,0.0,0.0,0.0,0.0,2.0,15,3,10
166897,4,7,1,2,19,3,6,1,0,1,2,14,1,2,0.0,0.0,0.0,0.0,0.0,2.0,21,2,11
138360,16,2,1,10,2,3,6,1,0,1,0,36,2,3,1.0,0.0,0.0,1.0,0.0,2.0,21,4,10
52205,16,7,2,0,6,3,6,1,0,1,2,39,2,2,0.0,0.0,0.0,0.0,0.0,2.0,5,3,4
174498,16,2,3,17,2,3,0,4,0,1,2,36,2,3,2.0,0.0,0.0,2.0,0.0,0.0,7,5,12
47694,16,2,3,17,11,3,0,1,1,0,2,12,2,2,0.0,0.0,0.0,0.0,0.0,3.0,12,6,4
108007,15,2,3,0,6,3,0,1,0,1,2,18,2,3,1.0,0.0,0.0,1.0,0.0,3.0,19,1,8
165025,16,2,3,17,8,3,0,1,0,1,2,18,2,2,0.0,0.0,0.0,0.0,0.0,2.0,12,3,11
30818,16,2,4,9,8,3,0,1,0,1,0,6,2,3,1.0,0.0,0.0,1.0,0.0,1.0,17,1,3
82059,16,2,3,15,10,3,0,1,1,1,2,22,2,2,0.0,0.0,0.0,0.0,0.0,4.0,11,2,6
119844,4,3,3,17,2,3,0,1,0,1,2,18,2,3,2.0,0.0,0.0,2.0,0.0,1.0,8,4,8
97423,4,2,3,7,8,3,0,5,0,1,2,23,2,2,0.0,0.0,0.0,0.0,0.0,2.0,10,2,7
4816,16,2,3,17,6,3,6,1,1,1,0,22,2,2,0.0,0.0,0.0,0.0,0.0,2.0,10,4,1
16705,16,2,3,15,8,3,5,5,1,1,1,36,2,2,0.0,0.0,0.0,0.0,0.0,4.0,10,6,2
25659,15,2,0,0,6,3,0,1,0,1,2,17,2,2,0.0,0.0,0.0,0.0,0.0,2.0,18,6,2
146912,15,2,0,0,17,3,0,1,0,1,2,6,2,3,3.0,0.0,0.0,3.0,0.0,0.0,21,2,10
154942,16,2,3,17,10,3,0,1,1,1,2,18,2,2,0.0,0.0,0.0,0.0,0.0,2.0,16,2,10
93485,16,2,3,10,10,3,6,1,1,1,2,21,2,2,0.0,0.0,0.0,0.0,0.0,5.0,12,4,7
51302,16,2,1,17,8,3,0,5,1,1,0,36,2,2,0.0,0.0,0.0,0.0,0.0,2.0,0,7,4
152858,16,2,3,17,2,3,0,1,1,1,1,6,2,2,0.0,0.0,0.0,0.0,0.0,2.0,9,6,10
72881,15,2,0,17,2,4,6,1,1,1,1,36,2,2,0.0,0.0,0.0,0.0,0.0,2.0,1,1,6
138560,16,2,3,2,6,3,0,1,1,1,2,30,1,2,0.0,0.0,0.0,0.0,0.0,1.0,7,1,10
142962,16,7,1,10,8,3,6,5,1,1,0,36,2,2,0.0,0.0,0.0,0.0,0.0,2.0,18,5,10
165983,16,2,1,17,1,3,0,1,0,1,1,18,2,2,0.0,0.0,0.0,0.0,0.0,2.0,19,1,11
47175,15,2,1,17,8,3,0,1,1,1,2,36,2,2,0.0,0.0,0.0,0.0,0.0,3.0,20,5,4
32985,16,2,1,17,8,3,5,5,0,1,2,18,2,3,1.0,0.0,0.0,1.0,0.0,2.0,1,2,3
128190,4,2,3,0,6,3,0,1,0,1,2,36,2,3,1.0,0.0,0.0,1.0,0.0,1.0,17,5,9
687,15,2,3,0,6,3,0,1,0,1,2,18,2,3,1.0,0.0,0.0,1.0,0.0,2.0,15,5,1
90921,16,2,3,10,2,3,0,1,1,1,0,23,2,2,0.0,0.0,0.0,0.0,0.0,2.0,6,6,7
34671,16,2,3,17,2,3,0,1,1,1,2,6,2,2,0.0,0.0,0.0,0.0,0.0,2.0,17,3,3
85598,16,2,1,10,6,3,0,1,1,1,1,36,3,2,0.0,0.0,0.0,0.0,0.0,4.0,20,1,6
140931,16,7,1,17,6,3,6,1,1,1,2,36,2,2,0.0,0.0,0.0,0.0,0.0,2.0,21,6,10
188847,15,2,2,10,8,3,0,1,0,1,2,36,3,2,0.0,0.0,0.0,0.0,0.0,5.0,13,6,12
29038,16,2,3,3,8,3,0,1,1,1,2,24,2,2,0.0,0.0,0.0,0.0,0.0,4.0,15,5,3
141420,16,2,1,0,2,3,0,5,0,1,2,6,2,3,1.0,0.0,0.0,1.0,0.0,1.0,2,6,10
56845,16,2,3,0,6,3,0,1,1,1,2,36,2,2,0.0,0.0,0.0,0.0,0.0,3.0,17,3,5
116474,15,2,3,8,6,3,0,1,0,1,0,12,2,3,1.0,0.0,0.0,1.0,0.0,1.0,12,3,8
132669,16,3,3,10,8,3,0,1,1,1,0,19,2,2,0.0,0.0,0.0,0.0,0.0,2.0,12,1,9
110732,16,2,1,15,15,3,0,1,1,1,2,23,2,2,0.0,0.0,0.0,0.0,0.0,2.0,22,7,8
153259,4,2,1,15,2,3,6,1,1,0,2,23,2,2,0.0,0.0,0.0,0.0,0.0,2.0,21,6,10
42433,16,2,3,0,8,3,0,5,0,1,2,18,2,3,1.0,0.0,0.0,1.0,0.0,2.0,15,4,4
26008,15,2,3,17,17,3,0,5,1,1,2,36,2,2,0.0,0.0,0.0,0.0,0.0,2.0,8,5,2
188649,16,7,3,15,10,3,6,1,0,1,2,23,2,3,1.0,0.0,0.0,1.0,0.0,1.0,13,2,12
121748,16,7,3,17,2,3,6,1,0,1,2,16,3,2,0.0,0.0,0.0,0.0,0.0,3.0,12,2,9
100852,16,2,3,15,8,3,0,1,1,1,1,36,2,2,0.0,0.0,0.0,0.0,0.0,2.0,11,5,7
121771,16,2,3,9,3,3,0,1,0,1,0,18,2,3,1.0,0.0,0.0,1.0,0.0,1.0,16,3,9
100408,16,2,1,10,3,3,0,1,0,0,2,19,2,4,2.0,0.0,0.0,0.0,2.0,3.0,1,7,7
145915,16,2,3,17,8,3,0,1,1,1,2,24,2,2,0.0,0.0,0.0,0.0,0.0,3.0,12,2,10
51244,16,2,3,0,10,3,0,1,1,1,0,6,2,2,0.0,0.0,0.0,0.0,0.0,2.0,18,6,4
28333,16,7,3,14,10,3,6,1,1,1,2,21,2,2,0.0,0.0,0.0,0.0,0.0,2.0,8,5,3
56531,16,2,3,15,3,3,0,1,0,1,2,36,3,4,1.0,0.0,0.0,0.0,1.0,3.0,14,4,5
169285,16,7,2,15,10,3,6,1,1,1,2,12,2,2,0.0,0.0,0.0,0.0,0.0,3.0,16,2,11
2526,16,2,5,15,8,3,0,1,0,1,2,36,2,4,1.0,0.0,0.0,0.0,1.0,4.0,18,1,1
141823,16,2,3,4,8,3,0,1,1,1,2,36,1,2,0.0,0.0,0.0,0.0,0.0,1.0,8,3,10
126610,16,2,3,17,2,3,0,1,1,1,0,36,2,2,0.0,0.0,0.0,0.0,0.0,2.0,10,2,9
109813,4,11,1,15,8,3,5,5,1,1,2,36,2,2,0.0,0.0,0.0,0.0,0.0,2.0,22,6,8
58944,16,2,1,0,6,3,0,1,0,1,2,36,2,2,0.0,0.0,0.0,0.0,0.0,2.0,4,2,5
11490,15,10,3,0,2,3,0,1,1,1,2,18,2,2,0.0,0.0,0.0,0.0,0.0,2.0,8,4,1
51566,16,2,0,0,6,3,5,5,0,1,2,6,3,3,1.0,0.0,0.0,1.0,0.0,2.0,22,6,4
146570,15,2,3,0,6,3,0,1,0,1,2,6,3,2,0.0,0.0,0.0,0.0,0.0,5.0,13,6,10
148598,16,2,3,10,8,3,0,1,1,1,1,19,3,2,0.0,0.0,0.0,0.0,0.0,3.0,14,3,10
102499,16,2,3,0,8,3,6,1,0,1,2,38,2,3,1.0,0.0,0.0,1.0,0.0,1.0,7,2,7
94885,16,2,3,17,6,3,0,1,0,1,2,28,2,2,0.0,0.0,0.0,0.0,0.0,3.0,14,6,7
24827,15,2,3,0,10,3,0,1,0,1,1,5,2,2,0.0,0.0,0.0,0.0,0.0,2.0,16,4,2
170054,16,2,3,17,8,3,0,1,0,1,2,36,2,2,0.0,0.0,0.0,0.0,0.0,2.0,15,3,11
28041,4,2,3,0,6,3,0,1,1,1,2,38,2,2,0.0,0.0,0.0,0.0,0.0,2.0,17,4,2
179369,16,2,1,15,8,3,0,1,0,1,2,23,2,2,0.0,0.0,0.0,0.0,0.0,5.0,23,4,12
65412,16,2,3,17,2,3,0,1,1,1,2,3,2,2,0.0,0.0,0.0,0.0,0.0,5.0,8,5,5
64414,16,2,1,0,8,3,0,1,0,1,2,10,2,4,1.0,0.0,0.0,0.0,1.0,1.0,1,4,5
81894,16,2,3,15,10,3,0,1,1,1,2,36,2,2,0.0,0.0,0.0,0.0,0.0,4.0,18,1,6
127472,16,2,3,10,2,3,0,5,1,1,2,19,2,2,0.0,0.0,0.0,0.0,0.0,2.0,9,1,9
43825,16,2,3,10,8,3,0,1,0,1,2,19,2,4,1.0,0.0,0.0,0.0,1.0,3.0,14,7,4
21929,15,2,3,0,6,3,0,1,1,1,2,18,2,2,0.0,0.0,0.0,0.0,0.0,2.0,8,3,2