crash_date,               traffic_control_device,weather_condition,lighting_condition,first_crash_type,trafficway_type,alignment,roadway_surface_cond,road_defect,crash_type,intersection_related_i,damage,prim_contributory_cause,num_units,most_severe_injury,injuries_total,injuries_fatal,injuries_incapacitating,injuries_non_incapacitating,injuries_reported_not_evident,injuries_no_indication,crash_hour,crash_day_of_week,crash_month
141624,15,2,3,0,6,3,0,1,0,1,2,36,2,2,0.0,0.0,0.0,0.0,0.0,2.0,10,2,10
106796,15,2,3,0,8,3,0,1,0,1,2,5,4,4,1.0,0.0,0.0,0.0,1.0,4.0,12,2,8
38272,16,2,1,0,2,3,0,1,0,1,2,18,2,3,1.0,0.0,0.0,1.0,0.0,1.0,5,3,3
172298,15,7,3,10,2,3,6,1,1,1,0,19,2,2,0.0,0.0,0.0,0.0,0.0,5.0,9,7,12
131775,16,2,3,17,6,3,0,1,1,1,2,18,2,2,0.0,0.0,0.0,0.0,0.0,9.0,7,6,9
158524,15,7,4,10,8,3,6,1,1,0,2,19,3,2,0.0,0.0,0.0,0.0,0.0,3.0,16,3,11
154107,15,2,4,0,2,3,0,1,0,1,0,36,2,2,0.0,0.0,0.0,0.0,0.0,2.0,17,5,10
135957,16,2,1,17,2,3,0,1,1,1,1,36,2,2,0.0,0.0,0.0,0.0,0.0,3.0,21,5,9
148827,16,3,3,17,8,3,0,1,1,1,0,24,2,2,0.0,0.0,0.0,0.0,0.0,2.0,12,1,10
58797,4,7,3,17,15,3,6,1,0,1,2,36,2,2,0.0,0.0,0.0,0.0,0.0,3.0,7,6,5
168497,15,2,1,17,15,3,0,1,0,1,2,36,2,3,2.0,0.0,0.0,2.0,0.0,2.0,23,4,11
28137,15,2,1,0,6,3,0,1,1,1,2,18,2,2,0.0,0.0,0.0,0.0,0.0,4.0,19,7,2
69628,16,2,3,17,8,3,5,5,1,1,2,36,2,2,0.0,0.0,0.0,0.0,0.0,4.0,18,2,5
1448,16,2,4,10,15,3,0,1,0,1,2,19,2,2,0.0,0.0,0.0,0.0,0.0,2.0,20,6,1
155403,16,2,1,15,8,3,0,1,1,1,2,22,2,2,0.0,0.0,0.0,0.0,0.0,2.0,22,7,10
158264,16,2,3,9,6,3,0,1,0,1,0,18,2,3,1.0,0.0,0.0,1.0,0.0,1.0,12,3,11
61497,4,2,3,15,6,3,5,5,1,1,1,36,2,2,0.0,0.0,0.0,0.0,0.0,2.0,15,7,5
113753,16,2,1,0,8,3,0,1,0,1,2,6,2,1,2.0,0.0,1.0,1.0,0.0,1.0,22,4,8
112791,15,2,3,0,2,3,0,1,1,1,2,36,2,2,0.0,0.0,0.0,0.0,0.0,3.0,12,3,8
2364,16,2,3,17,8,3,0,1,1,1,1,24,2,2,0.0,0.0,0.0,0.0,0.0,2.0,9,1,1
157860,15,7,3,9,8,3,6,5,0,1,0,18,2,3,1.0,0.0,0.0,1.0,0.0,1.0,12,6,11
175517,16,2,1,0,8,3,0,1,0,1,2,36,2,3,1.0,0.0,0.0,1.0,0.0,2.0,0,5,12
5858,17,11,3,0,17,3,5,5,1,1,2,24,2,2,0.0,0.0,0.0,0.0,0.0,2.0,12,5,1
118161,17,2,3,0,6,3,0,1,0,1,2,18,2,2,0.0,0.0,0.0,0.0,0.0,3.0,12,1,8
155045,4,2,3,15,10,3,0,1,1,0,0,22,2,2,0.0,0.0,0.0,0.0,0.0,2.0,9,4,10
114600,16,2,3,17,8,3,0,1,1,0,0,18,2,2,0.0,0.0,0.0,0.0,0.0,2.0,5,2,8
70589,16,11,3,10,3,3,5,5,1,1,2,17,2,2,0.0,0.0,0.0,0.0,0.0,2.0,17,4,5
132144,16,2,1,0,6,3,0,1,0,1,2,6,3,3,4.0,0.0,0.0,4.0,0.0,0.0,21,2,9
30335,15,2,3,0,8,3,0,1,0,1,2,5,3,2,0.0,0.0,0.0,0.0,0.0,2.0,16,7,3
31845,16,11,5,17,6,3,5,5,1,1,1,36,2,2,0.0,0.0,0.0,0.0,0.0,2.0,18,6,3
156126,16,2,3,17,6,3,0,1,1,1,2,36,2,2,0.0,0.0,0.0,0.0,0.0,2.0,12,3,11
186752,16,2,0,9,6,3,5,5,0,1,1,36,2,4,1.0,0.0,0.0,0.0,1.0,1.0,17,2,12
158557,16,7,3,17,8,3,6,1,0,1,2,18,2,2,0.0,0.0,0.0,0.0,0.0,2.0,6,3,11
187033,16,2,3,15,2,3,0,1,1,1,2,22,2,2,0.0,0.0,0.0,0.0,0.0,5.0,10,4,12
59660,16,2,3,10,8,3,0,1,0,1,2,36,2,2,0.0,0.0,0.0,0.0,0.0,2.0,10,4,5
133612,16,2,1,17,10,3,0,5,1,1,2,22,2,2,0.0,0.0,0.0,0.0,0.0,3.0,5,1,9
5821,16,2,1,17,8,3,0,1,1,1,2,26,2,2,0.0,0.0,0.0,0.0,0.0,2.0,16,5,1
105928,16,2,3,17,6,3,0,1,1,1,2,36,2,2,0.0,0.0,0.0,0.0,0.0,2.0,12,4,8
118978,15,2,3,17,8,3,0,1,0,0,2,18,2,3,1.0,0.0,0.0,1.0,0.0,1.0,16,5,8
24480,16,2,3,10,8,3,0,1,1,1,0,36,2,2,0.0,0.0,0.0,0.0,0.0,2.0,9,4,2
71001,15,2,3,0,8,3,0,1,0,1,2,18,2,3,2.0,0.0,0.0,2.0,0.0,1.0,11,2,5
41208,15,2,3,17,2,3,0,1,0,1,2,36,2,4,3.0,0.0,0.0,0.0,3.0,1.0,14,3,3
90783,16,2,3,0,6,3,0,1,0,1,2,6,2,4,1.0,0.0,0.0,0.0,1.0,3.0,17,5,7
186165,15,11,5,10,8,3,5,5,1,1,2,36,2,2,0.0,0.0,0.0,0.0,0.0,2.0,0,4,12
17267,16,2,1,17,3,3,0,1,0,1,2,6,3,3,1.0,0.0,0.0,1.0,0.0,2.0,21,1,2
188226,16,5,3,17,6,3,6,1,0,1,2,39,2,3,2.0,0.0,0.0,2.0,0.0,2.0,14,2,12
124105,16,7,3,10,2,3,6,1,1,1,2,36,2,2,0.0,0.0,0.0,0.0,0.0,2.0,15,3,9
3026,16,7,4,10,2,3,6,1,1,1,2,17,3,2,0.0,0.0,0.0,0.0,0.0,3.0,16,2,1
105683,16,2,1,17,8,3,5,5,1,1,0,36,2,2,0.0,0.0,0.0,0.0,0.0,2.0,4,7,8
74441,4,2,3,15,8,3,0,1,1,1,1,36,2,2,0.0,0.0,0.0,0.0,0.0,2.0,16,3,6
103422,15,2,3,10,8,3,0,1,1,1,2,17,2,2,0.0,0.0,0.0,0.0,0.0,2.0,14,2,7
155735,16,7,1,15,8,3,6,1,1,1,0,36,2,2,0.0,0.0,0.0,0.0,0.0,2.0,17,4,11
44747,4,2,3,17,6,3,0,6,0,1,2,18,2,4,1.0,0.0,0.0,0.0,1.0,2.0,11,3,4
132855,16,2,3,17,10,3,0,5,1,1,2,22,2,2,0.0,0.0,0.0,0.0,0.0,2.0,11,5,9
43520,16,2,1,10,6,3,0,1,0,1,0,19,2,4,1.0,0.0,0.0,0.0,1.0,1.0,21,2,4
27842,16,2,1,9,8,3,5,5,0,1,0,36,2,3,1.0,0.0,0.0,1.0,0.0,1.0,20,6,2
161282,16,7,1,10,15,3,6,1,0,1,2,19,2,2,0.0,0.0,0.0,0.0,0.0,3.0,1,1,11
17303,16,2,1,10,8,3,0,1,1,1,2,19,2,2,0.0,0.0,0.0,0.0,0.0,3.0,18,2,2
128661,15,2,3,0,2,3,0,1,1,1,2,36,2,2,0.0,0.0,0.0,0.0,0.0,2.0,8,4,9
93128,15,2,3,10,6,3,0,5,1,1,2,36,2,2,0.0,0.0,0.0,0.0,0.0,4.0,11,5,7
78782,16,7,4,10,8,3,6,5,0,1,2,12,2,2,0.0,0.0,0.0,0.0,0.0,2.0,19,4,6
135334,6,2,3,10,8,3,0,1,0,1,2,19,3,3,3.0,0.0,0.0,3.0,0.0,1.0,6,1,9
171373,4,2,1,0,10,3,0,1,0,1,2,18,2,2,0.0,0.0,0.0,0.0,0.0,2.0,16,2,11
94376,16,2,3,17,8,3,0,5,0,1,2,36,2,2,0.0,0.0,0.0,0.0,0.0,4.0,11,4,7
80915,16,2,1,0,6,3,0,1,0,1,2,36,2,4,1.0,0.0,0.0,0.0,1.0,1.0,0,2,6
160006,15,2,3,0,6,3,0,1,0,1,2,18,2,3,1.0,0.0,0.0,1.0,0.0,2.0,17,2,11
12833,16,2,3,10,2,3,6,1,1,0,2,36,2,2,0.0,0.0,0.0,0.0,0.0,2.0,14,6,1
54690,16,2,3,9,15,3,0,1,0,1,0,18,2,3,1.0,0.0,0.0,1.0,0.0,1.0,7,1,4
15365,16,7,3,17,6,3,6,1,1,1,2,18,2,2,0.0,0.0,0.0,0.0,0.0,2.0,16,3,2
188217,4,2,3,0,8,3,0,1,0,1,2,18,2,2,0.0,0.0,0.0,0.0,0.0,4.0,11,1,12
6947,16,2,1,10,8,3,0,1,1,1,2,26,2,2,0.0,0.0,0.0,0.0,0.0,2.0,19,1,1
176656,16,2,3,10,2,3,0,1,1,1,2,19,2,2,0.0,0.0,0.0,0.0,0.0,3.0,13,2,12
134526,17,2,1,0,6,3,0,1,0,1,2,36,2,2,0.0,0.0,0.0,0.0,0.0,2.0,23,7,9
34211,15,10,3,9,8,3,6,5,0,1,2,36,2,3,1.0,0.0,0.0,1.0,0.0,1.0,9,2,3
184812,15,2,0,0,8,3,0,1,1,1,2,5,2,2,0.0,0.0,0.0,0.0,0.0,2.0,18,1,12
77017,16,2,3,10,6,3,0,1,1,1,2,19,2,2,0.0,0.0,0.0,0.0,0.0,2.0,11,7,6
77687,15,3,3,17,2,3,0,1,0,1,2,18,2,2,0.0,0.0,0.0,0.0,0.0,2.0,6,3,6
46505,15,7,1,17,15,0,6,5,1,1,2,19,2,2,0.0,0.0,0.0,0.0,0.0,2.0,21,7,4
76429,15,2,1,17,8,3,0,1,1,1,1,36,2,2,0.0,0.0,0.0,0.0,0.0,3.0,20,6,6
4107,16,2,3,17,8,3,0,1,1,1,2,24,2,2,0.0,0.0,0.0,0.0,0.0,2.0,12,5,1
75780,15,2,3,10,8,3,0,1,1,1,1,36,2,2,0.0,0.0,0.0,0.0,0.0,3.0,17,3,6
19695,16,10,1,0,8,3,4,1,1,1,2,36,2,2,0.0,0.0,0.0,0.0,0.0,3.0,1,1,2
12171,15,10,1,9,6,3,4,1,0,1,0,36,2,4,1.0,0.0,0.0,0.0,1.0,1.0,21,2,1
129324,15,2,1,10,8,3,0,1,0,1,2,30,2,4,2.0,0.0,0.0,0.0,2.0,1.0,21,6,9
40362,15,2,3,10,15,3,0,1,0,1,2,19,2,4,1.0,0.0,0.0,0.0,1.0,2.0,17,7,3
5566,4,10,3,7,10,3,4,1,1,1,2,16,2,2,0.0,0.0,0.0,0.0,0.0,1.0,14,7,1
170676,17,11,3,17,17,3,5,5,1,1,2,36,2,2,0.0,0.0,0.0,0.0,0.0,2.0,6,3,11
5726,16,2,3,0,8,3,0,1,0,1,2,6,2,2,0.0,0.0,0.0,0.0,0.0,3.0,8,3,1
184402,16,2,3,0,6,3,0,1,1,1,1,17,2,2,0.0,0.0,0.0,0.0,0.0,2.0,14,3,12
11637,15,11,1,0,8,3,5,5,1,1,1,36,2,2,0.0,0.0,0.0,0.0,0.0,2.0,19,6,1
85659,15,2,1,17,15,2,0,1,1,1,2,3,2,2,0.0,0.0,0.0,0.0,0.0,3.0,20,2,6
21082,15,2,3,0,8,3,0,5,1,1,1,18,2,2,0.0,0.0,0.0,0.0,0.0,2.0,15,3,2
64188,16,3,3,10,8,3,0,5,1,1,2,17,2,2,0.0,0.0,0.0,0.0,0.0,2.0,13,6,5
146357,16,2,1,17,8,3,0,1,1,1,2,24,2,2,0.0,0.0,0.0,0.0,0.0,3.0,18,6,10
158070,14,2,1,0,2,3,6,1,0,1,2,17,2,3,5.0,0.0,0.0,5.0,0.0,0.0,1,1,11
120498,16,2,3,15,8,3,0,1,1,1,1,17,2,2,0.0,0.0,0.0,0.0,0.0,6.0,18,5,9
106713,15,2,3,10,8,3,0,1,1,1,2,36,2,2,0.0,0.0,0.0,0.0,0.0,2.0,14,1,8
162745,16,2,3,7,15,3,0,1,1,1,2,6,3,2,0.0,0.0,0.0,0.0,0.0,2.0,11,6,11
69322,16,2,3,17,8,3,0,1,1,1,1,36,2,2,0.0,0.0,0.0,0.0,0.0,3.0,10,2,5
154474,16,2,3,0,2,3,0,1,0,1,2,18,2,4,1.0,0.0,0.0,0.0,1.0,3.0,16,2,10
83018,15,2,3,8,6,3,0,1,0,1,2,18,2,3,1.0,0.0,0.0,1.0,0.0,1.0,17,4,6
14171,16,2,3,15,8,3,0,1,0,0,2,23,2,2,0.0,0.0,0.0,0.0,0.0,2.0,11,2,1
86836,16,2,3,15,2,3,0,5,1,1,1,23,2,2,0.0,0.0,0.0,0.0,0.0,3.0,13,7,6
31116,16,2,3,2,8,3,0,1,1,1,2,36,1,2,0.0,0.0,0.0,0.0,0.0,1.0,8,5,3
121444,15,2,3,8,6,3,0,1,1,1,0,36,2,2,0.0,0.0,0.0,0.0,0.0,2.0,16,6,9
81154,16,2,3,15,6,3,0,1,1,1,2,18,2,2,0.0,0.0,0.0,0.0,0.0,2.0,10,5,6
182608,16,2,3,10,1,3,0,1,0,1,2,19,2,2,0.0,0.0,0.0,0.0,0.0,2.0,9,4,12
152779,16,7,1,15,8,3,6,1,1,1,2,18,2,2,0.0,0.0,0.0,0.0,0.0,3.0,18,3,10
59498,16,2,3,17,8,3,0,1,1,1,2,24,2,2,0.0,0.0,0.0,0.0,0.0,2.0,16,1,5
107184,16,2,1,10,2,3,0,1,1,1,1,10,2,2,0.0,0.0,0.0,0.0,0.0,3.0,21,1,8
167786,16,2,3,15,2,4,0,1,0,1,1,18,3,2,0.0,0.0,0.0,0.0,0.0,3.0,8,6,11
114142,16,2,1,10,3,3,6,1,1,1,0,17,2,2,0.0,0.0,0.0,0.0,0.0,2.0,23,2,8
115611,15,2,3,0,2,3,0,4,1,1,2,5,2,2,0.0,0.0,0.0,0.0,0.0,2.0,15,4,8
56026,4,7,3,17,11,3,6,5,1,1,2,18,2,2,0.0,0.0,0.0,0.0,0.0,2.0,15,2,5
155278,4,10,3,10,8,2,4,1,1,1,2,19,2,2,0.0,0.0,0.0,0.0,0.0,3.0,15,5,10
1398,15,2,1,8,15,3,0,1,0,1,0,11,2,4,1.0,0.0,0.0,0.0,1.0,2.0,17,4,1
187302,16,2,3,10,6,3,4,5,1,1,2,19,2,2,0.0,0.0,0.0,0.0,0.0,2.0,16,3,12
137724,15,2,1,0,10,3,0,1,0,1,2,5,6,2,0.0,0.0,0.0,0.0,0.0,2.0,21,2,10
19337,17,2,1,15,2,3,0,5,1,0,2,23,2,2,0.0,0.0,0.0,0.0,0.0,2.0,2,1,2
147795,16,3,3,17,10,3,0,1,0,1,2,11,2,3,1.0,0.0,0.0,1.0,0.0,1.0,14,3,10
171884,16,2,3,14,8,3,0,1,1,1,2,36,2,2,0.0,0.0,0.0,0.0,0.0,2.0,12,2,11
52949,15,2,3,0,8,3,0,1,0,1,2,36,2,4,1.0,0.0,0.0,0.0,1.0,1.0,9,4,4
115698,16,2,1,15,2,3,0,1,0,1,2,23,2,2,0.0,0.0,0.0,0.0,0.0,2.0,20,5,8
55411,16,2,1,17,15,3,0,1,0,1,2,36,2,2,0.0,0.0,0.0,0.0,0.0,4.0,21,7,4
178689,16,2,1,17,6,3,0,1,1,1,2,36,2,2,0.0,0.0,0.0,0.0,0.0,2.0,19,2,12
110370,16,7,3,0,11,3,6,1,0,1,2,6,2,3,1.0,0.0,0.0,1.0,0.0,1.0,6,7,8
16976,16,7,1,0,8,3,6,1,0,1,2,12,2,2,0.0,0.0,0.0,0.0,0.0,3.0,19,3,2
101795,16,2,1,15,8,3,0,1,1,1,2,22,2,2,0.0,0.0,0.0,0.0,0.0,2.0,21,7,7
62679,15,3,3,0,8,3,6,1,0,1,1,5,3,4,1.0,0.0,0.0,0.0,1.0,5.0,9,2,5
69846,16,2,3,17,11,3,0,1,1,1,2,36,2,2,0.0,0.0,0.0,0.0,0.0,2.0,6,5,5
145258,15,7,3,0,11,3,6,1,1,1,2,39,2,2,0.0,0.0,0.0,0.0,0.0,2.0,9,7,10
100732,16,2,3,10,8,3,0,1,1,1,0,19,2,2,0.0,0.0,0.0,0.0,0.0,2.0,14,3,7
68430,16,2,2,17,8,3,0,1,1,1,2,24,2,2,0.0,0.0,0.0,0.0,0.0,4.0,5,4,5
41334,16,2,1,15,2,3,0,5,1,1,2,36,2,2,0.0,0.0,0.0,0.0,0.0,2.0,19,6,3
142895,15,3,3,0,3,3,6,1,0,1,2,18,2,2,0.0,0.0,0.0,0.0,0.0,3.0,18,4,10
9449,16,7,3,17,6,3,6,1,0,1,2,6,2,3,1.0,0.0,0.0,1.0,0.0,1.0,17,5,1
49163,16,2,1,0,6,3,0,1,0,1,2,6,2,2,0.0,0.0,0.0,0.0,0.0,2.0,22,5,4
58820,16,7,3,10,6,3,6,1,0,1,1,36,2,3,1.0,0.0,0.0,1.0,0.0,1.0,10,6,5
175045,15,2,1,0,8,3,0,1,0,1,2,18,2,2,0.0,0.0,0.0,0.0,0.0,2.0,21,5,12
185658,16,2,1,10,6,3,0,1,1,1,2,19,3,2,0.0,0.0,0.0,0.0,0.0,3.0,19,3,12
100564,15,2,3,17,6,3,0,1,1,1,2,18,2,2,0.0,0.0,0.0,0.0,0.0,3.0,17,2,7
33771,17,11,5,9,6,3,5,5,1,1,0,36,2,2,0.0,0.0,0.0,0.0,0.0,2.0,17,3,3
155009,16,2,3,10,8,3,0,1,1,1,2,36,2,2,0.0,0.0,0.0,0.0,0.0,2.0,17,4,10
61524,17,2,3,17,6,3,0,5,1,1,2,26,2,2,0.0,0.0,0.0,0.0,0.0,2.0,8,7,5
173403,16,2,1,17,2,3,0,1,0,1,2,18,2,1,1.0,0.0,1.0,0.0,0.0,2.0,19,3,12
147077,16,2,4,17,8,3,0,1,0,1,2,24,2,4,1.0,0.0,0.0,0.0,1.0,1.0,18,5,10
161041,4,2,2,17,6,3,0,1,1,1,1,18,2,2,0.0,0.0,0.0,0.0,0.0,2.0,15,3,11
74976,16,3,3,15,8,3,0,1,1,1,1,36,2,2,0.0,0.0,0.0,0.0,0.0,2.0,8,3,6
122701,16,2,3,8,8,3,0,1,1,1,2,23,2,2,0.0,0.0,0.0,0.0,0.0,2.0,7,4,9
92588,16,2,3,10,8,3,0,1,0,0,2,17,2,2,0.0,0.0,0.0,0.0,0.0,4.0,11,4,7
85084,16,7,1,17,8,3,6,1,0,1,2,18,2,1,2.0,0.0,1.0,1.0,0.0,2.0,3,1,6
91548,4,2,3,17,15,3,0,1,0,1,2,18,2,3,2.0,0.0,0.0,2.0,0.0,1.0,17,2,7
40546,16,2,3,10,8,3,0,5,1,1,1,18,2,2,0.0,0.0,0.0,0.0,0.0,2.0,6,4,3
8219,16,2,3,17,2,3,0,5,1,1,2,18,2,2,0.0,0.0,0.0,0.0,0.0,3.0,7,5,1
31126,16,2,1,17,11,3,0,1,0,1,2,24,2,3,1.0,0.0,0.0,1.0,0.0,1.0,21,5,3
128588,16,2,3,11,3,3,0,1,1,1,1,21,2,2,0.0,0.0,0.0,0.0,0.0,2.0,7,3,9
93867,16,7,3,17,15,3,6,1,1,1,2,18,2,2,0.0,0.0,0.0,0.0,0.0,3.0,9,4,7
10034,16,2,3,10,8,3,4,1,1,1,2,19,2,2,0.0,0.0,0.0,0.0,0.0,2.0,11,5,1
35786,16,2,3,17,10,3,0,1,1,1,2,36,2,2,0.0,0.0,0.0,0.0,0.0,2.0,10,7,3
28687,6,2,1,9,6,3,0,1,1,1,0,36,3,2,0.0,0.0,0.0,0.0,0.0,3.0,23,6,3
127544,10,2,3,10,3,3,0,5,1,1,2,19,2,2,0.0,0.0,0.0,0.0,0.0,2.0,12,2,9
150612,16,2,3,10,8,3,0,1,0,1,1,19,2,4,1.0,0.0,0.0,0.0,1.0,1.0,17,6,10
61765,15,2,1,10,8,3,0,1,1,1,0,36,2,2,0.0,0.0,0.0,0.0,0.0,2.0,20,3,5
34444,4,2,3,15,2,3,6,1,1,1,0,36,2,2,0.0,0.0,0.0,0.0,0.0,2.0,14,5,3
29282,16,2,1,17,8,3,0,1,0,1,2,18,2,2,0.0,0.0,0.0,0.0,0.0,3.0,0,1,3
66993,16,2,3,0,8,3,0,1,1,1,2,36,2,2,0.0,0.0,0.0,0.0,0.0,2.0,16,4,5
75200,15,2,3,0,8,3,0,1,1,1,2,18,2,2,0.0,0.0,0.0,0.0,0.0,2.0,17,1,6
2805,16,10,1,0,6,3,4,1,0,1,2,6,3,4,1.0,0.0,0.0,0.0,1.0,3.0,2,7,1
15562,16,7,0,15,8,3,6,1,1,1,2,24,2,2,0.0,0.0,0.0,0.0,0.0,4.0,16,3,2
133649,16,3,3,10,2,3,5,5,0,1,2,36,2,3,1.0,0.0,0.0,1.0,0.0,1.0,14,2,9
114945,15,2,1,10,2,3,0,5,0,1,2,36,2,2,0.0,0.0,0.0,0.0,0.0,2.0,22,1,8
91113,16,2,3,17,8,3,0,1,1,1,1,36,2,2,0.0,0.0,0.0,0.0,0.0,2.0,18,3,7
4485,16,2,1,0,8,3,0,1,0,1,2,6,2,2,0.0,0.0,0.0,0.0,0.0,3.0,2,5,1
106874,15,2,3,0,15,4,0,1,1,1,1,18,2,2,0.0,0.0,0.0,0.0,0.0,2.0,15,5,8
174987,4,2,3,2,2,3,0,1,1,1,1,36,1,2,0.0,0.0,0.0,0.0,0.0,1.0,10,4,12
58375,4,2,1,15,8,3,0,1,0,1,2,22,2,3,2.0,0.0,0.0,2.0,0.0,1.0,22,6,5
178409,16,7,2,15,8,3,6,1,0,1,2,39,2,3,1.0,0.0,0.0,1.0,0.0,1.0,7,4,12
137403,4,2,3,8,2,3,0,1,0,1,2,18,2,3,1.0,0.0,0.0,1.0,0.0,1.0,7,6,9
53879,16,2,3,15,11,3,0,1,1,1,1,12,2,2,0.0,0.0,0.0,0.0,0.0,2.0,9,4,4
49705,15,2,3,0,6,3,0,1,0,1,2,36,2,2,0.0,0.0,0.0,0.0,0.0,2.0,14,2,4
95615,16,2,3,10,8,3,0,1,0,1,1,19,2,4,1.0,0.0,0.0,0.0,1.0,1.0,10,2,7
32211,4,2,1,7,8,3,0,1,1,1,2,17,2,2,0.0,0.0,0.0,0.0,0.0,1.0,23,3,3
92387,16,7,1,17,6,3,6,1,0,1,2,36,2,3,2.0,0.0,0.0,2.0,0.0,0.0,19,3,7
84240,16,2,3,0,3,3,0,1,1,1,2,6,2,2,0.0,0.0,0.0,0.0,0.0,2.0,15,1,6
101673,15,2,1,0,6,3,0,1,0,1,2,36,2,2,0.0,0.0,0.0,0.0,0.0,2.0,0,4,7
129221,16,2,4,17,8,3,0,1,1,1,2,17,2,2,0.0,0.0,0.0,0.0,0.0,4.0,5,5,9
141027,15,2,3,10,8,3,0,1,1,0,2,36,2,2,0.0,0.0,0.0,0.0,0.0,2.0,14,6,10
35248,16,2,3,10,8,3,0,1,0,1,2,19,2,4,1.0,0.0,0.0,0.0,1.0,1.0,14,6,3
137119,16,2,3,0,2,3,0,1,0,1,2,18,2,4,1.0,0.0,0.0,0.0,1.0,1.0,11,7,9
65385,15,2,3,0,8,3,0,5,0,1,2,5,2,3,1.0,0.0,0.0,1.0,0.0,1.0,17,5,5
155837,4,3,3,17,8,3,0,1,0,1,2,36,2,2,0.0,0.0,0.0,0.0,0.0,2.0,8,5,11
188311,15,10,1,10,10,3,4,1,1,0,1,19,2,2,0.0,0.0,0.0,0.0,0.0,2.0,23,4,12
54214,4,7,1,0,10,3,6,1,1,1,2,18,2,2,0.0,0.0,0.0,0.0,0.0,2.0,21,2,4
128675,16,2,1,17,6,3,0,6,0,1,2,36,2,3,2.0,0.0,0.0,2.0,0.0,1.0,22,4,9
47789,15,2,3,17,10,3,0,1,1,1,1,36,2,2,0.0,0.0,0.0,0.0,0.0,2.0,14,3,4
124353,16,2,3,10,6,3,0,1,1,1,2,19,2,2,0.0,0.0,0.0,0.0,0.0,2.0,12,7,9
162202,16,5,4,17,5,3,6,1,0,1,2,24,2,1,5.0,0.0,1.0,4.0,0.0,2.0,17,6,11
179722,16,2,3,15,8,3,0,1,1,1,1,36,2,2,0.0,0.0,0.0,0.0,0.0,3.0,12,7,12
18796,16,10,3,0,8,3,4,5,1,1,2,36,2,2,0.0,0.0,0.0,0.0,0.0,2.0,13,6,2
42810,15,3,3,17,3,5,0,5,0,1,2,17,2,2,0.0,0.0,0.0,0.0,0.0,2.0,11,2,4
120523,15,2,3,0,8,3,0,1,1,1,1,18,2,2,0.0,0.0,0.0,0.0,0.0,2.0,14,6,9
69883,16,7,5,10,3,3,6,1,1,1,2,19,2,2,0.0,0.0,0.0,0.0,0.0,2.0,15,6,5
46555,16,2,1,17,18,3,0,1,1,1,2,36,2,2,0.0,0.0,0.0,0.0,0.0,2.0,20,1,4
26081,17,10,1,10,6,3,4,1,1,1,1,19,2,2,0.0,0.0,0.0,0.0,0.0,2.0,21,6,2
149752,16,2,0,15,2,3,0,1,1,1,0,23,2,2,0.0,0.0,0.0,0.0,0.0,2.0,18,7,10
99776,16,2,3,10,8,3,0,1,1,1,2,36,2,2,0.0,0.0,0.0,0.0,0.0,3.0,16,3,7
166628,16,2,1,17,2,3,0,1,0,1,2,18,2,2,0.0,0.0,0.0,0.0,0.0,2.0,19,4,11
118869,4,2,3,17,8,3,0,1,0,1,2,18,2,2,0.0,0.0,0.0,0.0,0.0,2.0,9,3,8
146640,16,2,0,17,8,3,0,1,0,0,2,6,2,2,0.0,0.0,0.0,0.0,0.0,2.0,2,7,10
3936,16,2,1,0,2,3,0,1,0,1,2,6,2,3,2.0,0.0,0.0,2.0,0.0,1.0,18,3,1
111226,16,2,3,15,6,3,0,1,1,1,1,18,2,2,0.0,0.0,0.0,0.0,0.0,3.0,12,7,8
1412,16,3,3,0,9,3,0,1,0,1,2,22,2,3,3.0,0.0,0.0,1.0,2.0,3.0,9,4,1
146501,16,2,1,17,8,3,0,1,1,1,1,24,2,2,0.0,0.0,0.0,0.0,0.0,3.0,21,3,10
18784,16,2,3,9,8,3,0,1,0,1,0,18,2,3,1.0,0.0,0.0,1.0,0.0,2.0,8,5,2
101224,15,2,1,0,6,3,0,1,0,1,2,18,2,3,1.0,0.0,0.0,1.0,0.0,3.0,23,6,7
58185,16,2,3,15,6,3,0,1,1,1,2,18,2,2,0.0,0.0,0.0,0.0,0.0,2.0,15,4,5
23449,16,2,3,17,2,3,0,1,1,1,1,18,2,2,0.0,0.0,0.0,0.0,0.0,2.0,8,1,2
183523,16,2,1,17,6,3,0,1,1,1,2,24,2,2,0.0,0.0,0.0,0.0,0.0,3.0,17,6,12
114822,15,2,3,10,6,3,0,1,1,0,2,19,2,2,0.0,0.0,0.0,0.0,0.0,2.0,11,6,8
1701,16,2,1,10,6,3,0,1,1,1,0,21,2,2,0.0,0.0,0.0,0.0,0.0,2.0,18,2,1
5789,4,11,5,0,18,3,0,1,0,1,2,36,2,2,0.0,0.0,0.0,0.0,0.0,2.0,21,4,1
186621,15,7,3,17,11,2,6,1,1,1,2,5,2,2,0.0,0.0,0.0,0.0,0.0,5.0,11,5,12
91008,4,2,3,10,8,3,0,1,0,1,2,19,2,2,0.0,0.0,0.0,0.0,0.0,2.0,12,7,7
18565,15,10,1,2,8,3,4,1,0,1,2,36,1,1,1.0,0.0,1.0,0.0,0.0,0.0,0,2,2
188700,16,7,3,15,10,3,6,1,1,0,2,23,2,2,0.0,0.0,0.0,0.0,0.0,5.0,9,2,12
99276,16,2,3,17,2,3,0,1,0,1,2,36,2,2,0.0,0.0,0.0,0.0,0.0,5.0,14,2,7