crash_date,               traffic_control_device,weather_condition,lighting_condition,first_crash_type,trafficway_type,alignment,roadway_surface_cond,road_defect,crash_type,intersection_related_i,damage,prim_contributory_cause,num_units,most_severe_injury,injuries_total,injuries_fatal,injuries_incapacitating,injuries_non_incapacitating,injuries_reported_not_evident,injuries_no_indication,crash_hour,crash_day_of_week,crash_month
147725,4,2,3,7,8,3,0,1,1,0,2,36,2,2,0.0,0.0,0.0,0.0,0.0,1.0,15,2,10
23804,16,2,3,15,2,3,5,5,1,1,2,23,2,2,0.0,0.0,0.0,0.0,0.0,2.0,13,7,2
51563,16,2,4,17,6,3,0,5,1,1,0,36,2,2,0.0,0.0,0.0,0.0,0.0,3.0,22,6,4
30484,16,2,1,17,6,3,5,5,1,1,2,36,2,2,0.0,0.0,0.0,0.0,0.0,2.0,21,3,3
117347,15,7,3,17,2,3,6,5,1,1,1,36,2,2,0.0,0.0,0.0,0.0,0.0,4.0,16,2,8
47282,15,2,3,0,6,3,0,5,0,1,2,18,2,2,0.0,0.0,0.0,0.0,0.0,2.0,14,1,4
126420,16,2,0,17,3,3,0,1,1,1,1,8,2,2,0.0,0.0,0.0,0.0,0.0,2.0,23,1,9
2648,15,2,1,0,6,3,0,5,1,1,2,36,2,2,0.0,0.0,0.0,0.0,0.0,2.0,20,4,1
148833,15,2,3,0,8,3,0,1,0,1,1,36,2,3,1.0,0.0,0.0,1.0,0.0,3.0,14,3,10
124819,15,7,3,0,6,3,6,5,1,1,2,5,3,2,0.0,0.0,0.0,0.0,0.0,2.0,7,6,9
70073,16,2,3,17,6,3,0,1,1,1,2,17,2,2,0.0,0.0,0.0,0.0,0.0,2.0,11,1,5
149900,16,2,3,0,3,4,0,1,0,1,2,28,2,2,0.0,0.0,0.0,0.0,0.0,3.0,12,2,10
154125,16,3,3,10,8,3,0,1,1,1,2,19,2,2,0.0,0.0,0.0,0.0,0.0,2.0,10,5,10
54586,16,2,3,0,8,3,0,1,0,1,2,36,2,2,0.0,0.0,0.0,0.0,0.0,2.0,12,6,4
82208,16,7,3,0,6,3,6,5,0,1,1,36,2,2,0.0,0.0,0.0,0.0,0.0,2.0,8,5,6
4357,16,2,3,0,6,3,0,1,1,1,2,6,2,2,0.0,0.0,0.0,0.0,0.0,2.0,10,5,1
26887,4,10,3,10,8,3,4,1,1,1,1,39,2,2,0.0,0.0,0.0,0.0,0.0,2.0,7,4,2
8869,15,2,3,17,8,3,0,1,1,1,2,36,2,2,0.0,0.0,0.0,0.0,0.0,2.0,14,2,1
52449,16,2,1,0,6,3,0,1,0,1,2,36,3,3,1.0,0.0,0.0,1.0,0.0,3.0,21,1,4
117476,4,2,4,3,8,3,0,1,0,1,2,13,4,4,1.0,0.0,0.0,0.0,1.0,3.0,18,5,8
153815,15,11,5,2,11,3,5,1,1,1,2,36,1,2,0.0,0.0,0.0,0.0,0.0,1.0,0,7,10
22037,16,2,1,0,18,3,5,5,1,1,1,36,2,2,0.0,0.0,0.0,0.0,0.0,2.0,18,5,2
185196,15,3,3,0,6,3,0,1,0,1,2,3,2,2,0.0,0.0,0.0,0.0,0.0,2.0,9,2,12
106019,16,2,3,17,8,3,0,1,0,1,2,18,2,4,1.0,0.0,0.0,0.0,1.0,2.0,16,6,8
42621,16,2,2,17,6,3,0,5,1,1,1,23,2,2,0.0,0.0,0.0,0.0,0.0,3.0,18,7,4
133463,16,2,3,8,8,3,0,1,0,1,0,36,2,3,1.0,0.0,0.0,1.0,0.0,2.0,17,7,9
7922,16,7,4,10,2,3,6,5,1,1,2,36,3,2,0.0,0.0,0.0,0.0,0.0,3.0,16,2,1
143040,4,2,3,17,8,3,0,1,1,1,2,18,2,2,0.0,0.0,0.0,0.0,0.0,2.0,16,7,10
61975,4,3,1,17,8,3,6,1,1,1,2,24,2,2,0.0,0.0,0.0,0.0,0.0,2.0,21,6,5
122309,16,2,3,15,10,3,0,1,1,1,1,23,2,2,0.0,0.0,0.0,0.0,0.0,2.0,7,3,9
181274,16,3,3,17,2,3,6,1,0,1,2,18,2,3,1.0,0.0,0.0,1.0,0.0,2.0,10,2,12
32659,15,2,3,0,6,3,0,1,0,1,2,5,2,3,1.0,0.0,0.0,1.0,0.0,2.0,10,3,3
98766,16,2,1,10,2,3,0,1,1,1,1,6,2,2,0.0,0.0,0.0,0.0,0.0,2.0,21,7,7
21873,16,3,3,17,6,3,6,1,0,1,2,36,2,2,0.0,0.0,0.0,0.0,0.0,2.0,7,2,2
183101,16,2,3,0,8,3,0,1,1,1,0,36,3,2,0.0,0.0,0.0,0.0,0.0,3.0,7,4,12
46891,4,2,3,9,6,3,0,1,0,1,0,12,2,1,1.0,0.0,1.0,0.0,0.0,1.0,15,1,4
56530,15,2,3,0,11,3,0,1,0,1,2,36,2,2,0.0,0.0,0.0,0.0,0.0,2.0,13,4,5
87832,16,2,3,17,2,3,0,1,1,1,0,18,2,2,0.0,0.0,0.0,0.0,0.0,2.0,13,1,7
105395,4,2,3,15,10,3,0,1,1,1,2,36,2,2,0.0,0.0,0.0,0.0,0.0,2.0,12,3,8
22051,15,2,3,0,8,3,5,5,1,1,0,36,2,2,0.0,0.0,0.0,0.0,0.0,2.0,8,5,2
38181,4,10,3,0,6,3,4,1,0,1,2,9,2,2,0.0,0.0,0.0,0.0,0.0,2.0,15,1,3
104212,16,2,3,10,8,3,0,1,1,1,0,19,2,2,0.0,0.0,0.0,0.0,0.0,2.0,11,7,8
149315,16,2,3,0,8,3,6,1,1,1,2,6,3,2,0.0,0.0,0.0,0.0,0.0,3.0,15,2,10
70390,15,2,1,0,6,3,0,1,0,1,2,18,4,2,0.0,0.0,0.0,0.0,0.0,4.0,1,7,5
108860,16,2,3,10,3,3,0,1,0,1,1,19,2,4,1.0,0.0,0.0,0.0,1.0,2.0,13,7,8
10146,4,2,3,15,8,3,6,1,1,1,2,36,2,2,0.0,0.0,0.0,0.0,0.0,2.0,6,2,1
17173,16,2,3,0,6,3,0,5,0,1,2,6,2,2,0.0,0.0,0.0,0.0,0.0,3.0,16,7,2
153215,16,7,3,8,6,3,6,5,0,1,2,36,2,3,1.0,0.0,0.0,1.0,0.0,1.0,14,6,10
3135,16,2,3,0,2,3,0,1,0,1,2,6,2,2,0.0,0.0,0.0,0.0,0.0,2.0,11,3,1
40891,15,2,3,0,8,3,0,1,1,1,2,18,2,2,0.0,0.0,0.0,0.0,0.0,3.0,17,3,3
45107,16,2,3,2,3,3,0,1,1,1,1,24,1,2,0.0,0.0,0.0,0.0,0.0,1.0,9,3,4
186479,16,2,3,10,10,3,0,1,0,1,1,36,2,4,2.0,0.0,0.0,0.0,2.0,2.0,14,4,12
51621,4,2,3,17,8,3,0,1,0,0,2,18,2,2,0.0,0.0,0.0,0.0,0.0,2.0,10,1,4
3587,16,2,1,0,6,3,0,1,0,1,2,18,2,2,0.0,0.0,0.0,0.0,0.0,2.0,22,4,1
134333,16,2,0,17,8,3,0,1,0,1,1,24,2,4,1.0,0.0,0.0,0.0,1.0,1.0,18,4,9
37594,16,2,3,17,8,3,0,1,1,1,1,36,2,2,0.0,0.0,0.0,0.0,0.0,2.0,17,3,3
107127,15,3,3,0,8,3,5,5,0,1,2,5,2,3,2.0,0.0,0.0,2.0,0.0,4.0,15,3,8
48362,15,2,3,11,2,3,0,1,1,1,2,21,2,2,0.0,0.0,0.0,0.0,0.0,2.0,10,5,4
123577,16,2,3,17,2,3,0,1,0,1,2,18,2,3,2.0,0.0,0.0,2.0,0.0,3.0,15,2,9
146533,4,2,3,17,8,3,0,1,0,1,2,24,2,4,2.0,0.0,0.0,0.0,2.0,0.0,16,4,10
74372,4,3,3,15,8,3,0,1,0,0,2,18,2,2,0.0,0.0,0.0,0.0,0.0,2.0,7,4,6
132630,16,7,4,17,5,3,6,1,0,1,2,12,2,2,0.0,0.0,0.0,0.0,0.0,4.0,16,1,9
141063,16,3,3,10,8,3,0,1,1,1,0,19,2,2,0.0,0.0,0.0,0.0,0.0,4.0,15,7,10
88938,15,2,3,10,8,3,0,1,1,1,1,17,2,2,0.0,0.0,0.0,0.0,0.0,2.0,15,4,7
25058,16,7,2,0,6,3,6,1,0,1,2,36,2,2,0.0,0.0,0.0,0.0,0.0,2.0,14,3,2
18163,15,2,3,0,6,3,2,1,1,1,2,36,2,2,0.0,0.0,0.0,0.0,0.0,2.0,11,2,2
167445,16,2,0,17,8,3,0,1,0,1,2,24,2,2,0.0,0.0,0.0,0.0,0.0,3.0,17,3,11
4736,4,2,3,7,10,3,0,1,1,1,2,36,2,2,0.0,0.0,0.0,0.0,0.0,1.0,15,3,1
111180,15,2,3,0,6,3,0,1,0,1,2,36,2,2,0.0,0.0,0.0,0.0,0.0,7.0,17,7,8
7250,16,3,3,10,2,3,6,1,1,1,0,26,2,2,0.0,0.0,0.0,0.0,0.0,3.0,12,4,1
68099,16,2,3,17,8,3,0,1,1,1,2,24,2,2,0.0,0.0,0.0,0.0,0.0,2.0,15,4,5
1770,16,2,1,17,2,3,4,1,1,1,2,12,2,2,0.0,0.0,0.0,0.0,0.0,2.0,22,3,1
91565,15,2,3,17,8,3,0,1,1,1,1,18,2,2,0.0,0.0,0.0,0.0,0.0,2.0,8,2,7
61431,16,2,3,17,2,3,0,1,1,1,2,36,2,2,0.0,0.0,0.0,0.0,0.0,3.0,18,5,5
181100,16,10,1,17,6,3,4,1,0,1,2,36,2,2,0.0,0.0,0.0,0.0,0.0,2.0,18,6,12
142108,4,2,3,9,3,3,0,1,1,1,0,36,2,2,0.0,0.0,0.0,0.0,0.0,2.0,13,3,10
148122,15,2,4,17,1,3,6,1,1,1,2,5,2,2,0.0,0.0,0.0,0.0,0.0,2.0,16,6,10
97115,4,2,3,17,8,3,0,1,0,1,2,19,2,2,0.0,0.0,0.0,0.0,0.0,4.0,14,4,7
73775,17,2,4,10,8,3,0,5,1,1,1,36,2,2,0.0,0.0,0.0,0.0,0.0,2.0,22,1,6
129118,4,2,3,17,10,3,0,5,0,1,2,19,2,2,0.0,0.0,0.0,0.0,0.0,2.0,8,2,9
30728,16,2,3,17,10,3,0,1,1,1,1,22,2,2,0.0,0.0,0.0,0.0,0.0,5.0,11,6,3
182489,15,2,3,0,8,3,0,1,0,1,2,18,2,2,0.0,0.0,0.0,0.0,0.0,2.0,13,3,12
101988,15,2,3,10,3,5,0,6,1,1,2,36,2,2,0.0,0.0,0.0,0.0,0.0,8.0,11,1,7
28592,16,2,3,17,6,3,0,1,1,1,2,18,2,2,0.0,0.0,0.0,0.0,0.0,3.0,14,4,3
46745,15,2,3,2,10,3,0,1,0,0,2,28,1,2,0.0,0.0,0.0,0.0,0.0,2.0,18,4,4
173583,16,2,3,15,6,3,0,1,0,1,2,36,2,4,1.0,0.0,0.0,0.0,1.0,2.0,11,7,12
38837,4,2,4,0,8,4,0,1,0,1,2,18,2,3,1.0,0.0,0.0,1.0,0.0,1.0,18,7,3
13639,16,10,3,10,8,3,4,1,1,1,1,39,2,2,0.0,0.0,0.0,0.0,0.0,2.0,10,6,1
144247,15,7,3,0,6,3,6,1,0,1,2,18,2,3,1.0,0.0,0.0,1.0,0.0,1.0,13,2,10
164956,16,2,1,17,1,3,6,1,1,1,2,36,2,2,0.0,0.0,0.0,0.0,0.0,2.0,18,1,11
107257,16,2,3,10,2,3,0,1,1,1,2,17,2,2,0.0,0.0,0.0,0.0,0.0,2.0,16,3,8
169691,16,2,3,17,10,3,4,1,1,1,1,24,2,2,0.0,0.0,0.0,0.0,0.0,3.0,15,2,11
27579,16,2,1,17,6,3,0,1,1,1,1,19,2,2,0.0,0.0,0.0,0.0,0.0,3.0,17,3,2
56642,15,7,3,0,2,3,6,1,0,1,2,18,2,4,1.0,0.0,0.0,0.0,1.0,1.0,11,5,5
174795,16,7,3,17,15,3,6,1,0,1,2,24,3,1,1.0,0.0,1.0,0.0,0.0,2.0,8,3,12
80907,16,2,3,0,8,3,0,1,0,1,2,36,3,4,4.0,0.0,0.0,0.0,4.0,0.0,11,2,6
133417,16,11,5,17,15,3,5,5,1,1,0,36,2,2,0.0,0.0,0.0,0.0,0.0,2.0,20,6,9
85416,15,11,3,0,6,3,5,5,1,1,0,18,2,2,0.0,0.0,0.0,0.0,0.0,2.0,18,6,6
57375,16,2,3,15,8,3,0,1,1,1,2,23,2,2,0.0,0.0,0.0,0.0,0.0,2.0,8,4,5
124795,16,2,3,10,6,3,0,1,1,1,2,19,2,2,0.0,0.0,0.0,0.0,0.0,2.0,14,6,9
92074,16,2,3,10,8,3,0,1,0,1,2,17,2,2,0.0,0.0,0.0,0.0,0.0,3.0,9,3,7
90041,4,2,1,2,18,3,0,1,0,1,2,26,1,2,0.0,0.0,0.0,0.0,0.0,1.0,3,1,7
1842,16,2,4,17,8,3,0,1,1,1,0,36,2,2,0.0,0.0,0.0,0.0,0.0,3.0,16,5,1
13668,16,11,5,10,2,3,5,5,1,1,2,36,2,2,0.0,0.0,0.0,0.0,0.0,2.0,3,7,1
172203,15,2,4,0,8,3,0,1,1,1,2,5,2,2,0.0,0.0,0.0,0.0,0.0,2.0,18,6,12
179292,4,2,3,9,8,3,0,1,0,1,0,18,2,1,1.0,0.0,1.0,0.0,0.0,1.0,12,3,12
175994,15,2,3,0,8,3,0,5,1,1,1,18,2,2,0.0,0.0,0.0,0.0,0.0,2.0,13,6,12
167845,15,2,0,17,8,3,0,1,1,1,2,18,2,2,0.0,0.0,0.0,0.0,0.0,2.0,20,1,11
21899,4,2,3,0,8,4,0,1,0,1,2,18,2,2,0.0,0.0,0.0,0.0,0.0,9.0,14,3,2
21794,16,2,2,10,6,3,0,1,1,1,2,19,2,2,0.0,0.0,0.0,0.0,0.0,2.0,16,7,2
144845,16,2,3,3,8,3,0,5,0,1,2,18,2,2,0.0,0.0,0.0,0.0,0.0,2.0,15,3,10
177725,15,10,0,0,8,3,4,1,0,1,1,36,2,3,3.0,0.0,0.0,3.0,0.0,1.0,17,2,12
7431,16,2,3,15,6,3,0,5,0,1,2,23,2,3,1.0,0.0,0.0,1.0,0.0,1.0,12,1,1
118939,15,3,3,15,3,3,6,1,0,1,1,18,2,3,2.0,0.0,0.0,1.0,1.0,0.0,10,4,8
136515,16,7,3,17,8,3,6,1,0,1,1,24,2,2,0.0,0.0,0.0,0.0,0.0,2.0,10,5,9
75946,16,2,2,17,6,3,0,1,0,1,2,36,2,4,5.0,0.0,0.0,0.0,5.0,0.0,23,5,6
97151,4,2,3,0,11,3,0,1,0,1,2,5,2,2,0.0,0.0,0.0,0.0,0.0,2.0,12,4,7
11512,4,2,3,17,8,3,0,5,1,1,0,24,2,2,0.0,0.0,0.0,0.0,0.0,2.0,13,5,1
46253,16,2,3,0,8,3,5,5,0,1,2,6,2,2,0.0,0.0,0.0,0.0,0.0,2.0,8,3,4
182847,15,2,0,0,18,3,0,1,0,1,2,36,2,3,2.0,0.0,0.0,2.0,0.0,1.0,16,2,12
166767,16,2,3,7,10,3,0,1,0,1,2,23,2,2,0.0,0.0,0.0,0.0,0.0,3.0,8,7,11
4946,16,7,1,10,2,3,6,1,1,1,1,36,2,2,0.0,0.0,0.0,0.0,0.0,2.0,21,4,1
114445,16,2,3,10,2,3,0,1,1,1,1,19,2,2,0.0,0.0,0.0,0.0,0.0,3.0,15,1,8
65597,16,2,3,15,3,3,6,1,1,1,2,18,2,2,0.0,0.0,0.0,0.0,0.0,4.0,15,7,5
139723,15,2,3,17,6,3,0,1,1,1,2,18,2,2,0.0,0.0,0.0,0.0,0.0,2.0,15,4,10
46866,16,2,1,10,2,4,6,1,1,1,1,28,2,2,0.0,0.0,0.0,0.0,0.0,2.0,21,7,4
133638,4,2,1,3,2,3,0,1,0,1,2,23,4,3,2.0,0.0,0.0,2.0,0.0,0.0,0,1,9
35341,15,11,3,10,8,3,5,5,0,1,2,19,2,4,1.0,0.0,0.0,0.0,1.0,1.0,12,5,3
74404,16,7,1,2,6,3,6,1,0,1,2,22,1,4,1.0,0.0,0.0,0.0,1.0,0.0,0,4,6
123882,16,2,1,0,2,3,0,1,0,1,2,6,2,3,1.0,0.0,0.0,1.0,0.0,3.0,23,5,9
14450,16,2,0,17,2,3,0,5,1,1,2,23,2,2,0.0,0.0,0.0,0.0,0.0,2.0,17,1,1
120149,16,2,3,9,16,3,0,1,0,1,0,36,2,3,1.0,0.0,0.0,1.0,0.0,1.0,13,2,8
171510,16,2,3,15,6,3,0,1,1,1,2,18,2,2,0.0,0.0,0.0,0.0,0.0,2.0,8,4,11
156936,16,7,3,15,3,3,0,5,1,1,1,36,2,2,0.0,0.0,0.0,0.0,0.0,2.0,17,6,11
93301,16,11,4,10,8,3,5,5,1,1,2,36,2,2,0.0,0.0,0.0,0.0,0.0,2.0,19,2,7
95319,16,7,3,17,6,3,6,1,1,1,2,18,2,2,0.0,0.0,0.0,0.0,0.0,3.0,16,6,7
78376,16,11,3,10,2,3,5,5,1,1,1,36,2,2,0.0,0.0,0.0,0.0,0.0,2.0,12,5,6
80246,15,11,5,0,8,3,5,5,0,1,1,36,2,4,2.0,0.0,0.0,0.0,2.0,1.0,23,5,6
57789,15,2,3,15,8,3,0,1,1,1,2,36,2,2,0.0,0.0,0.0,0.0,0.0,2.0,14,5,5
185208,4,2,1,7,10,3,0,1,0,1,1,17,2,2,0.0,0.0,0.0,0.0,0.0,3.0,0,2,12
120801,16,2,3,9,8,3,0,1,0,1,2,18,2,3,1.0,0.0,0.0,1.0,0.0,1.0,5,4,9
15202,16,2,1,17,2,3,4,1,1,1,1,36,2,2,0.0,0.0,0.0,0.0,0.0,5.0,18,6,2
156233,16,2,3,0,6,3,0,5,1,1,2,17,2,2,0.0,0.0,0.0,0.0,0.0,2.0,18,6,11
20288,16,10,3,0,8,3,4,5,0,1,2,36,2,2,0.0,0.0,0.0,0.0,0.0,2.0,16,4,2
124991,16,2,1,17,8,3,0,1,1,1,0,23,2,2,0.0,0.0,0.0,0.0,0.0,2.0,20,7,9
44894,16,2,1,17,6,3,0,1,1,1,1,24,2,2,0.0,0.0,0.0,0.0,0.0,2.0,20,7,4
106046,16,2,1,0,6,3,0,1,0,1,2,36,2,2,0.0,0.0,0.0,0.0,0.0,3.0,21,6,8
13323,16,7,1,15,6,3,6,1,1,1,0,36,2,2,0.0,0.0,0.0,0.0,0.0,2.0,20,7,1
172440,15,2,3,17,8,3,0,1,1,1,1,18,2,2,0.0,0.0,0.0,0.0,0.0,2.0,15,4,12
48472,16,2,1,0,6,3,5,5,0,1,2,11,3,3,3.0,0.0,0.0,3.0,0.0,1.0,3,1,4
155230,15,2,3,0,2,3,6,1,1,1,1,18,2,2,0.0,0.0,0.0,0.0,0.0,2.0,8,4,10
23441,16,2,1,17,2,3,0,1,1,1,2,23,2,2,0.0,0.0,0.0,0.0,0.0,2.0,18,1,2
23588,4,2,4,15,8,3,0,1,1,1,1,36,2,2,0.0,0.0,0.0,0.0,0.0,2.0,16,3,2
175823,15,2,3,0,8,3,0,1,1,1,1,18,2,2,0.0,0.0,0.0,0.0,0.0,2.0,16,5,12
23231,4,2,3,0,10,3,4,1,1,1,2,18,2,2,0.0,0.0,0.0,0.0,0.0,2.0,10,3,2
146677,4,2,3,14,8,3,0,1,1,1,2,36,2,2,0.0,0.0,0.0,0.0,0.0,3.0,11,7,10
128175,15,2,3,0,8,3,0,1,0,1,2,36,2,4,2.0,0.0,0.0,0.0,2.0,1.0,15,5,9
117364,16,2,3,10,3,3,0,1,1,1,1,19,2,2,0.0,0.0,0.0,0.0,0.0,2.0,18,2,8
86365,16,2,3,10,2,3,0,1,1,1,0,19,2,2,0.0,0.0,0.0,0.0,0.0,2.0,17,6,6
788,16,2,1,17,2,3,6,1,1,1,2,17,2,2,0.0,0.0,0.0,0.0,0.0,2.0,23,7,1
183192,16,2,3,15,8,3,0,1,0,1,1,36,2,2,0.0,0.0,0.0,0.0,0.0,2.0,11,5,12
52645,16,2,3,0,6,3,0,1,0,1,2,6,2,3,2.0,0.0,0.0,2.0,0.0,2.0,15,4,4
42704,15,7,0,0,6,3,6,1,0,1,2,5,2,2,0.0,0.0,0.0,0.0,0.0,2.0,20,2,4
156014,4,2,3,0,3,3,0,1,0,1,2,18,2,3,1.0,0.0,0.0,1.0,0.0,1.0,17,2,11
147966,16,2,3,17,19,3,0,1,1,1,1,18,2,2,0.0,0.0,0.0,0.0,0.0,4.0,8,6,10
107415,15,2,3,17,8,3,6,1,0,1,2,5,2,2,0.0,0.0,0.0,0.0,0.0,3.0,19,6,8
83792,4,3,3,17,8,3,0,1,0,1,2,24,2,2,0.0,0.0,0.0,0.0,0.0,2.0,13,1,6
51398,15,2,3,0,18,3,0,1,0,1,2,18,2,2,0.0,0.0,0.0,0.0,0.0,2.0,13,4,4
122559,16,2,4,0,10,3,0,5,0,1,2,36,2,3,1.0,0.0,0.0,1.0,0.0,1.0,2,1,9
152106,16,2,3,17,8,3,6,5,1,1,2,12,2,2,0.0,0.0,0.0,0.0,0.0,3.0,7,6,10
103334,15,2,3,17,15,3,0,1,1,1,2,12,2,2,0.0,0.0,0.0,0.0,0.0,2.0,12,1,7
124797,4,2,3,7,8,3,0,1,0,1,2,36,2,2,0.0,0.0,0.0,0.0,0.0,1.0,15,6,9
72113,16,2,3,10,6,3,0,1,1,1,2,36,2,2,0.0,0.0,0.0,0.0,0.0,2.0,18,4,6
137888,16,2,3,0,8,3,0,1,0,1,2,6,3,2,0.0,0.0,0.0,0.0,0.0,4.0,17,6,10
41633,16,7,3,10,8,3,6,1,0,1,2,18,2,3,1.0,0.0,0.0,1.0,0.0,6.0,14,4,3
147137,4,2,1,3,8,3,0,1,0,1,0,11,2,2,0.0,0.0,0.0,0.0,0.0,3.0,18,7,10
25935,15,2,1,17,2,3,0,1,1,1,2,36,2,2,0.0,0.0,0.0,0.0,0.0,2.0,17,4,2
162773,16,2,1,17,15,3,0,1,1,1,2,19,2,2,0.0,0.0,0.0,0.0,0.0,2.0,17,7,11
127603,17,11,5,17,6,3,5,5,1,1,2,36,2,2,0.0,0.0,0.0,0.0,0.0,2.0,13,4,9
51697,16,2,3,10,2,3,0,1,0,1,2,2,2,4,2.0,0.0,0.0,0.0,2.0,2.0,17,1,4
62179,15,2,3,0,8,3,0,1,0,1,2,12,2,2,0.0,0.0,0.0,0.0,0.0,4.0,12,1,5
22101,4,2,1,10,8,3,0,1,1,1,1,19,2,2,0.0,0.0,0.0,0.0,0.0,2.0,18,5,2
97971,15,2,3,8,6,3,0,1,0,1,2,18,2,1,1.0,0.0,1.0,0.0,0.0,1.0,15,4,7
80021,16,2,1,10,8,3,6,1,1,1,2,36,2,2,0.0,0.0,0.0,0.0,0.0,3.0,2,1,6
99955,16,2,3,17,6,3,0,5,1,1,2,22,2,2,0.0,0.0,0.0,0.0,0.0,2.0,11,6,7
82136,4,2,0,8,11,3,0,1,0,0,0,18,2,3,1.0,0.0,0.0,1.0,0.0,1.0,20,4,6
168491,15,2,1,17,8,3,0,1,1,1,1,18,2,2,0.0,0.0,0.0,0.0,0.0,2.0,22,4,11
181949,4,2,0,17,8,3,0,5,1,1,1,18,2,2,0.0,0.0,0.0,0.0,0.0,2.0,21,2,12
85267,16,7,3,17,2,3,6,1,1,1,0,24,2,2,0.0,0.0,0.0,0.0,0.0,2.0,19,3,6
39326,15,2,1,10,2,3,0,1,0,1,2,19,2,4,1.0,0.0,0.0,0.0,1.0,1.0,16,7,3
31731,16,2,1,10,2,3,0,1,0,1,2,19,2,1,2.0,0.0,2.0,0.0,0.0,2.0,22,3,3
132989,15,7,3,0,6,3,6,1,1,1,1,36,2,2,0.0,0.0,0.0,0.0,0.0,3.0,11,1,9
70006,15,2,3,10,2,3,0,1,0,1,1,19,2,4,1.0,0.0,0.0,0.0,1.0,2.0,10,7,5
176787,16,2,0,15,10,3,0,5,1,1,2,36,2,2,0.0,0.0,0.0,0.0,0.0,2.0,21,4,12
127270,4,2,3,17,8,3,0,1,0,1,1,24,2,3,3.0,0.0,0.0,3.0,0.0,3.0,16,5,9
89575,16,2,3,15,8,3,0,1,0,1,2,22,2,2,0.0,0.0,0.0,0.0,0.0,3.0,19,7,7
90412,16,2,3,10,8,3,0,1,1,1,2,36,2,2,0.0,0.0,0.0,0.0,0.0,4.0,17,5,7
79027,16,2,3,17,6,3,0,5,0,1,2,6,2,4,1.0,0.0,0.0,0.0,1.0,2.0,15,2,6
112879,16,2,3,17,6,3,0,1,1,1,2,18,2,2,0.0,0.0,0.0,0.0,0.0,2.0,13,5,8
107532,15,2,1,0,8,3,0,1,0,1,2,18,2,3,3.0,0.0,0.0,3.0,0.0,0.0,1,1,8
136661,16,2,3,0,6,3,0,5,1,1,2,36,2,2,0.0,0.0,0.0,0.0,0.0,3.0,13,1,9
157052,16,2,1,15,10,3,0,1,0,1,2,23,2,2,0.0,0.0,0.0,0.0,0.0,2.0,3,1,11
9982,16,2,1,17,8,3,5,5,1,1,2,17,2,2,0.0,0.0,0.0,0.0,0.0,3.0,19,7,1
81599,16,2,3,15,19,3,0,1,1,1,2,37,2,2,0.0,0.0,0.0,0.0,0.0,2.0,13,4,6
187666,16,3,3,17,10,3,6,1,1,1,0,24,2,2,0.0,0.0,0.0,0.0,0.0,2.0,10,7,12
68780,16,2,4,0,15,3,0,1,0,1,2,6,2,4,1.0,0.0,0.0,0.0,1.0,4.0,20,1,5
82633,15,2,3,10,8,3,0,5,1,0,2,19,2,2,0.0,0.0,0.0,0.0,0.0,2.0,18,3,6
96026,15,2,3,10,8,3,0,1,1,1,0,21,2,2,0.0,0.0,0.0,0.0,0.0,2.0,14,1,7
89525,16,2,3,10,8,3,0,1,1,1,0,36,2,2,0.0,0.0,0.0,0.0,0.0,5.0,12,5,7
11593,16,7,3,17,2,3,6,1,0,1,2,23,2,4,1.0,0.0,0.0,0.0,1.0,1.0,14,6,1
135860,15,2,3,0,10,3,0,1,1,1,1,18,2,2,0.0,0.0,0.0,0.0,0.0,2.0,17,2,9
96447,16,2,3,10,15,3,0,1,0,1,2,19,2,2,0.0,0.0,0.0,0.0,0.0,2.0,14,2,7
93943,16,2,1,15,6,4,0,1,1,1,2,24,2,2,0.0,0.0,0.0,0.0,0.0,2.0,21,6,7
76199,16,11,1,17,6,3,5,5,1,1,2,24,2,2,0.0,0.0,0.0,0.0,0.0,6.0,0,1,6
152674,4,2,3,10,8,3,0,1,1,1,2,19,2,2,0.0,0.0,0.0,0.0,0.0,2.0,8,5,10
101021,16,2,3,9,8,3,0,1,0,1,0,18,2,3,1.0,0.0,0.0,1.0,0.0,1.0,6,2,7
154726,4,2,3,17,11,3,0,1,1,1,2,18,2,2,0.0,0.0,0.0,0.0,0.0,2.0,6,6,10
41869,16,2,3,17,8,3,0,1,1,1,2,18,2,2,0.0,0.0,0.0,0.0,0.0,2.0,15,7,3
70403,16,2,3,0,8,3,0,1,0,1,2,6,2,2,0.0,0.0,0.0,0.0,0.0,2.0,15,7,5
2036,15,2,3,17,8,3,0,1,1,1,2,18,2,2,0.0,0.0,0.0,0.0,0.0,2.0,9,6,1
124447,16,2,3,10,8,3,0,1,0,0,2,19,2,4,1.0,0.0,0.0,0.0,1.0,2.0,10,6,9
12733,16,10,3,10,8,3,6,1,1,1,2,19,2,2,0.0,0.0,0.0,0.0,0.0,3.0,13,5,1
55792,16,2,1,17,7,4,0,6,0,1,2,36,2,2,0.0,0.0,0.0,0.0,0.0,4.0,23,6,4
173259,16,2,1,15,1,3,0,3,0,1,2,28,3,2,0.0,0.0,0.0,0.0,0.0,4.0,1,1,12
117733,4,7,3,17,8,3,6,1,1,1,2,36,2,2,0.0,0.0,0.0,0.0,0.0,2.0,10,7,8
80031,4,2,3,0,8,3,0,1,0,0,2,28,2,3,1.0,0.0,0.0,1.0,0.0,1.0,17,1,6