crash_date,               traffic_control_device,weather_condition,lighting_condition,first_crash_type,trafficway_type,alignment,roadway_surface_cond,road_defect,crash_type,intersection_related_i,damage,prim_contributory_cause,num_units,most_severe_injury,injuries_total,injuries_fatal,injuries_incapacitating,injuries_non_incapacitating,injuries_reported_not_evident,injuries_no_indication,crash_hour,crash_day_of_week,crash_month
161771,15,11,5,17,15,3,5,5,1,1,2,5,2,2,0.0,0.0,0.0,0.0,0.0,3.0,12,7,11
175281,4,2,3,17,6,3,6,1,1,1,2,18,3,2,0.0,0.0,0.0,0.0,0.0,3.0,12,3,12
147501,15,2,1,17,8,3,0,1,0,1,2,36,2,3,1.0,0.0,0.0,1.0,0.0,1.0,20,4,10
163957,15,2,3,0,8,3,0,1,0,1,2,18,2,2,0.0,0.0,0.0,0.0,0.0,2.0,12,2,11
146861,15,2,1,2,10,3,0,1,0,1,2,28,1,2,0.0,0.0,0.0,0.0,0.0,1.0,21,4,10
53233,4,2,1,15,8,3,0,1,0,0,2,17,2,2,0.0,0.0,0.0,0.0,0.0,4.0,0,1,4
133467,16,2,3,17,2,3,0,1,0,1,2,18,2,3,1.0,0.0,0.0,1.0,0.0,4.0,18,7,9
35604,4,2,3,17,6,3,0,1,1,1,2,24,2,2,0.0,0.0,0.0,0.0,0.0,3.0,13,4,3
95510,16,7,1,0,6,3,6,1,0,1,2,6,2,2,0.0,0.0,0.0,0.0,0.0,4.0,0,2,7
13953,16,2,3,17,6,3,6,1,0,1,2,36,2,2,0.0,0.0,0.0,0.0,0.0,2.0,13,6,1
78635,16,7,1,10,2,3,6,1,0,1,2,19,2,2,0.0,0.0,0.0,0.0,0.0,2.0,19,3,6
168926,16,2,1,9,6,3,0,1,0,1,0,36,2,4,1.0,0.0,0.0,0.0,1.0,2.0,18,4,11
21383,16,2,3,17,6,3,4,5,1,1,2,36,2,2,0.0,0.0,0.0,0.0,0.0,5.0,14,1,2
117037,16,7,1,10,8,3,6,1,0,1,1,17,2,4,2.0,0.0,0.0,0.0,2.0,1.0,19,5,8
53542,8,2,3,8,10,3,0,1,0,1,0,18,2,3,1.0,0.0,0.0,1.0,0.0,1.0,8,5,4
184620,16,7,3,10,6,3,6,1,1,1,1,9,2,2,0.0,0.0,0.0,0.0,0.0,3.0,9,6,12
5623,15,10,3,3,8,3,4,1,0,1,2,39,2,2,0.0,0.0,0.0,0.0,0.0,2.0,10,7,1
146737,16,2,3,0,6,3,0,1,1,1,2,18,2,2,0.0,0.0,0.0,0.0,0.0,2.0,10,1,10
81786,16,2,3,15,3,3,0,5,1,1,2,36,2,2,0.0,0.0,0.0,0.0,0.0,3.0,16,7,6
156776,16,2,1,15,3,3,0,1,1,1,1,36,2,2,0.0,0.0,0.0,0.0,0.0,2.0,18,5,11
82625,16,2,3,15,10,3,0,1,1,1,2,36,2,2,0.0,0.0,0.0,0.0,0.0,3.0,15,3,6
62602,16,2,1,15,2,3,0,1,1,1,0,23,2,2,0.0,0.0,0.0,0.0,0.0,3.0,18,7,5
20085,16,2,3,17,8,3,5,5,1,1,1,23,2,2,0.0,0.0,0.0,0.0,0.0,2.0,10,1,2
114007,16,2,1,0,6,3,5,1,0,1,2,18,2,4,1.0,0.0,0.0,0.0,1.0,1.0,22,2,8
69259,15,2,3,17,11,3,0,1,1,1,2,18,2,2,0.0,0.0,0.0,0.0,0.0,2.0,21,1,5
92384,16,7,3,15,6,3,6,1,1,1,2,22,2,2,0.0,0.0,0.0,0.0,0.0,4.0,18,3,7
60942,16,2,3,17,6,3,0,1,0,1,2,36,3,3,3.0,0.0,0.0,3.0,0.0,2.0,7,4,5
3582,15,2,1,0,6,3,0,1,1,1,2,18,2,2,0.0,0.0,0.0,0.0,0.0,3.0,21,4,1
107666,16,2,2,2,8,3,0,1,0,1,2,36,1,2,0.0,0.0,0.0,0.0,0.0,1.0,5,4,8
167958,16,2,3,0,6,3,0,1,0,1,2,6,3,2,0.0,0.0,0.0,0.0,0.0,5.0,16,3,11
29,16,2,1,10,8,3,0,1,1,1,0,19,4,2,0.0,0.0,0.0,0.0,0.0,5.0,0,1,1
112773,4,2,3,0,2,3,0,1,0,1,2,12,3,2,0.0,0.0,0.0,0.0,0.0,4.0,7,3,8
161795,4,2,0,17,11,3,0,1,0,1,2,36,2,2,0.0,0.0,0.0,0.0,0.0,2.0,17,2,11
106200,15,2,1,9,8,3,0,1,0,1,1,36,2,3,1.0,0.0,0.0,1.0,0.0,1.0,23,7,8
57323,16,7,3,0,8,3,6,1,0,1,2,26,2,2,0.0,0.0,0.0,0.0,0.0,2.0,10,3,5
89827,16,2,3,10,2,3,0,1,1,1,1,19,2,2,0.0,0.0,0.0,0.0,0.0,2.0,13,3,7
180969,15,10,4,0,8,3,6,1,1,1,1,5,2,2,0.0,0.0,0.0,0.0,0.0,3.0,16,4,12
142588,16,2,4,15,8,3,0,1,1,1,2,36,2,2,0.0,0.0,0.0,0.0,0.0,2.0,18,1,10
9721,15,2,3,10,10,3,4,1,1,1,1,19,2,2,0.0,0.0,0.0,0.0,0.0,2.0,14,2,1
88935,16,2,3,9,8,3,0,1,0,1,0,36,2,3,1.0,0.0,0.0,1.0,0.0,1.0,15,4,7
39528,15,7,1,0,8,3,6,1,0,1,2,36,2,2,0.0,0.0,0.0,0.0,0.0,3.0,21,5,3
158964,4,2,3,17,8,3,0,1,0,0,2,24,2,2,0.0,0.0,0.0,0.0,0.0,2.0,10,7,11
186365,4,7,1,10,8,3,6,1,0,1,2,39,2,4,1.0,0.0,0.0,0.0,1.0,1.0,16,3,12
107781,16,2,3,10,2,3,0,1,1,1,2,17,3,2,0.0,0.0,0.0,0.0,0.0,3.0,15,4,8
110565,16,2,3,17,6,3,0,5,0,1,2,17,2,2,0.0,0.0,0.0,0.0,0.0,2.0,17,5,8
117142,16,2,3,8,8,3,0,1,0,1,0,36,2,4,1.0,0.0,0.0,0.0,1.0,1.0,14,1,8
39504,16,2,1,0,6,3,0,1,0,1,2,6,2,3,1.0,0.0,0.0,1.0,0.0,1.0,4,5,3
49015,16,2,3,10,8,3,5,5,1,1,1,17,2,2,0.0,0.0,0.0,0.0,0.0,4.0,9,7,4
163280,16,2,3,10,8,3,0,1,1,1,2,19,2,2,0.0,0.0,0.0,0.0,0.0,3.0,11,7,11
142203,16,2,1,10,2,3,0,1,0,0,2,19,2,3,1.0,0.0,0.0,1.0,0.0,2.0,4,1,10
28586,16,2,3,17,8,3,0,1,1,1,2,18,2,2,0.0,0.0,0.0,0.0,0.0,2.0,14,4,3
23125,16,3,3,15,8,3,6,1,1,1,1,36,2,2,0.0,0.0,0.0,0.0,0.0,2.0,23,1,2
25305,15,2,1,0,8,3,0,1,1,1,2,5,2,2,0.0,0.0,0.0,0.0,0.0,3.0,18,6,2
4673,16,2,3,17,6,3,0,1,1,1,2,36,2,2,0.0,0.0,0.0,0.0,0.0,2.0,13,2,1
19870,16,2,3,10,8,3,0,1,0,1,1,36,2,3,1.0,0.0,0.0,1.0,0.0,1.0,12,3,2
135356,16,2,3,17,8,3,0,1,1,1,0,8,2,2,0.0,0.0,0.0,0.0,0.0,5.0,9,3,9
75907,4,2,3,17,11,3,0,5,0,1,2,18,2,2,0.0,0.0,0.0,0.0,0.0,2.0,17,5,6
109409,16,2,3,10,2,3,0,1,0,1,2,17,2,4,1.0,0.0,0.0,0.0,1.0,1.0,15,1,8
77883,16,2,1,9,10,3,0,1,0,1,2,18,2,1,1.0,0.0,1.0,0.0,0.0,1.0,1,7,6
173885,16,2,3,0,8,3,6,1,1,1,2,6,2,2,0.0,0.0,0.0,0.0,0.0,2.0,10,3,12
138230,16,2,1,17,8,3,0,1,1,1,1,18,2,2,0.0,0.0,0.0,0.0,0.0,2.0,21,2,10
116750,15,2,1,0,10,3,0,1,1,1,2,18,3,2,0.0,0.0,0.0,0.0,0.0,2.0,1,7,8
117043,15,7,3,0,8,3,6,2,0,1,1,18,2,2,0.0,0.0,0.0,0.0,0.0,2.0,8,5,8
181092,16,10,0,10,8,3,4,5,1,1,1,19,2,2,0.0,0.0,0.0,0.0,0.0,4.0,17,6,12
159718,16,2,1,10,3,3,0,1,1,1,2,23,2,2,0.0,0.0,0.0,0.0,0.0,2.0,18,3,11
32706,15,2,3,0,18,3,0,1,0,1,2,18,3,4,6.0,0.0,0.0,0.0,6.0,0.0,11,4,3
95027,16,2,3,17,8,3,0,1,1,1,1,36,2,2,0.0,0.0,0.0,0.0,0.0,2.0,5,7,7
13538,16,2,4,17,2,3,6,1,0,1,2,18,2,3,3.0,0.0,0.0,3.0,0.0,3.0,18,5,1
70896,16,2,4,0,6,3,0,1,1,1,2,6,2,2,0.0,0.0,0.0,0.0,0.0,2.0,0,7,5
139506,6,2,2,0,6,3,0,5,0,1,2,36,2,2,0.0,0.0,0.0,0.0,0.0,2.0,19,6,10
145396,16,2,1,10,8,3,0,1,1,1,1,36,2,2,0.0,0.0,0.0,0.0,0.0,2.0,22,2,10
26323,16,5,3,10,3,3,6,1,0,1,2,17,2,4,1.0,0.0,0.0,0.0,1.0,1.0,13,3,2
121245,16,2,3,0,15,3,0,1,0,1,2,13,2,2,0.0,0.0,0.0,0.0,0.0,4.0,15,2,9
55320,16,2,3,15,8,3,0,1,0,1,2,22,2,3,5.0,0.0,0.0,4.0,1.0,1.0,16,6,4
153694,16,2,3,17,6,3,5,5,1,1,1,36,2,2,0.0,0.0,0.0,0.0,0.0,2.0,15,6,10
22012,16,2,3,17,11,3,0,1,1,1,2,22,2,2,0.0,0.0,0.0,0.0,0.0,2.0,13,5,2
138273,16,2,3,17,2,3,0,1,1,1,2,36,2,2,0.0,0.0,0.0,0.0,0.0,2.0,7,3,10
22934,16,2,1,10,19,3,0,1,1,1,0,12,2,2,0.0,0.0,0.0,0.0,0.0,2.0,20,6,2
177130,16,2,0,10,2,3,0,1,1,1,1,19,2,2,0.0,0.0,0.0,0.0,0.0,2.0,1,7,12
138973,4,2,0,15,8,3,0,1,1,1,2,23,2,2,0.0,0.0,0.0,0.0,0.0,2.0,20,5,10
105741,16,2,1,2,6,3,0,1,0,1,2,26,1,2,0.0,0.0,0.0,0.0,0.0,1.0,1,1,8
167295,16,2,1,8,8,3,0,1,0,1,0,18,2,3,1.0,0.0,0.0,1.0,0.0,5.0,23,7,11
135562,16,2,1,15,11,3,0,1,1,1,2,36,2,2,0.0,0.0,0.0,0.0,0.0,2.0,3,1,9
25956,16,2,3,0,6,3,0,1,0,1,1,6,2,2,0.0,0.0,0.0,0.0,0.0,2.0,10,4,2
167762,15,2,1,13,8,3,0,5,0,1,2,36,2,3,1.0,0.0,0.0,1.0,0.0,2.0,17,6,11
78760,16,3,3,10,8,3,6,1,0,1,1,36,3,4,1.0,0.0,0.0,0.0,1.0,3.0,15,4,6
25507,15,2,3,0,6,3,6,1,0,1,2,36,2,2,0.0,0.0,0.0,0.0,0.0,3.0,11,3,2
130730,15,2,3,0,10,3,0,1,0,1,2,36,2,3,2.0,0.0,0.0,2.0,0.0,4.0,12,3,9
120497,15,2,3,0,2,3,0,1,1,1,1,18,2,2,0.0,0.0,0.0,0.0,0.0,2.0,17,5,9
169020,16,2,3,10,6,3,0,1,1,1,2,36,2,2,0.0,0.0,0.0,0.0,0.0,2.0,13,6,11
137611,4,2,1,10,8,3,0,1,0,1,2,17,3,2,0.0,0.0,0.0,0.0,0.0,7.0,3,7,10
37912,15,2,3,17,2,3,5,5,1,1,2,36,2,2,0.0,0.0,0.0,0.0,0.0,2.0,9,3,3
107379,16,2,3,17,8,3,0,1,1,1,1,36,2,2,0.0,0.0,0.0,0.0,0.0,3.0,11,4,8
159931,17,2,0,7,8,3,0,1,0,1,2,36,2,2,0.0,0.0,0.0,0.0,0.0,1.0,23,6,11
56544,15,2,3,0,8,3,0,1,0,1,2,18,2,4,1.0,0.0,0.0,0.0,1.0,1.0,17,4,5
59037,16,7,3,10,8,3,0,1,0,1,2,8,2,2,0.0,0.0,0.0,0.0,0.0,2.0,14,2,5
89934,16,2,1,10,8,3,0,5,0,1,2,17,2,2,0.0,0.0,0.0,0.0,0.0,4.0,22,5,7
117197,16,2,3,11,8,3,0,5,0,1,2,21,2,2,0.0,0.0,0.0,0.0,0.0,4.0,11,1,8
71344,16,2,3,0,2,3,0,1,0,1,2,6,2,3,1.0,0.0,0.0,1.0,0.0,1.0,16,6,5
30330,4,3,3,0,8,3,0,1,1,1,2,18,2,2,0.0,0.0,0.0,0.0,0.0,2.0,16,7,3
57433,16,2,1,15,6,3,0,5,1,1,2,36,2,2,0.0,0.0,0.0,0.0,0.0,3.0,20,6,5
93923,15,2,3,17,6,3,0,1,0,1,2,8,2,2,0.0,0.0,0.0,0.0,0.0,4.0,18,6,7
12612,16,10,3,10,8,3,4,1,1,1,2,36,2,2,0.0,0.0,0.0,0.0,0.0,2.0,14,3,1
62616,15,2,0,0,8,3,0,1,1,1,2,36,2,2,0.0,0.0,0.0,0.0,0.0,2.0,3,1,5
160615,4,2,1,8,8,3,0,5,0,1,0,36,2,3,1.0,0.0,0.0,1.0,0.0,1.0,17,4,11
118399,15,7,1,0,2,3,6,1,1,1,1,24,2,2,0.0,0.0,0.0,0.0,0.0,2.0,23,3,8
159430,16,2,1,2,6,3,0,6,0,1,2,36,1,3,1.0,0.0,0.0,1.0,0.0,0.0,23,7,11
80416,16,2,3,10,2,3,0,1,0,1,2,19,2,4,2.0,0.0,0.0,0.0,2.0,0.0,7,6,6
148740,15,2,3,17,8,3,0,1,0,1,2,18,2,4,1.0,0.0,0.0,0.0,1.0,1.0,17,7,10
60027,16,2,3,10,8,3,0,5,1,1,2,19,2,2,0.0,0.0,0.0,0.0,0.0,4.0,15,3,5
42141,15,2,3,0,8,3,0,1,1,1,1,36,2,2,0.0,0.0,0.0,0.0,0.0,2.0,16,6,3
103222,15,2,3,0,15,3,0,1,0,1,2,5,2,4,1.0,0.0,0.0,0.0,1.0,1.0,16,7,7
120250,15,2,3,0,15,3,0,1,1,1,2,38,2,2,0.0,0.0,0.0,0.0,0.0,3.0,8,3,8
7340,15,2,3,0,8,3,0,1,1,1,2,18,2,2,0.0,0.0,0.0,0.0,0.0,3.0,15,7,1
89368,16,2,1,10,8,3,0,1,1,1,2,19,2,2,0.0,0.0,0.0,0.0,0.0,3.0,2,3,7
126512,16,7,3,2,11,3,6,5,0,1,2,36,1,3,1.0,0.0,0.0,1.0,0.0,0.0,11,2,9
31623,4,2,3,17,8,3,0,1,0,1,2,28,2,3,1.0,0.0,0.0,1.0,0.0,1.0,9,1,3
179167,16,2,1,0,8,3,0,1,1,1,2,36,2,2,0.0,0.0,0.0,0.0,0.0,3.0,20,1,12
72011,16,2,1,0,3,3,0,1,0,1,2,6,2,2,0.0,0.0,0.0,0.0,0.0,2.0,23,2,6
43905,16,11,3,0,1,5,5,5,0,1,2,36,3,3,1.0,0.0,0.0,1.0,0.0,2.0,14,2,4
162248,4,2,3,17,8,3,0,1,1,1,2,23,2,2,0.0,0.0,0.0,0.0,0.0,2.0,13,7,11
173351,16,2,1,17,2,3,0,1,0,1,2,36,2,3,1.0,0.0,0.0,1.0,0.0,1.0,19,2,12
129025,4,2,3,17,8,3,0,1,0,1,1,18,2,2,0.0,0.0,0.0,0.0,0.0,3.0,17,1,9
29556,4,2,1,9,6,3,0,1,0,1,2,36,2,3,1.0,0.0,0.0,1.0,0.0,5.0,18,1,3
102731,15,2,1,17,15,3,0,1,0,1,2,5,3,4,2.0,0.0,0.0,0.0,2.0,1.0,21,6,7
46869,15,7,1,10,8,3,6,1,1,1,1,17,2,2,0.0,0.0,0.0,0.0,0.0,2.0,21,7,4
12898,16,11,1,10,9,3,5,5,0,1,2,19,2,3,1.0,0.0,0.0,1.0,0.0,1.0,23,6,1
135452,15,2,3,0,2,3,0,1,1,1,2,5,2,2,0.0,0.0,0.0,0.0,0.0,4.0,7,5,9
7889,16,2,1,17,8,3,0,1,1,1,2,36,2,2,0.0,0.0,0.0,0.0,0.0,2.0,20,1,1
39976,16,2,3,7,6,3,0,1,1,1,2,12,2,2,0.0,0.0,0.0,0.0,0.0,1.0,14,7,3
63120,16,2,3,17,2,3,0,1,1,1,2,36,2,2,0.0,0.0,0.0,0.0,0.0,2.0,17,2,5
152414,16,2,3,17,6,3,0,1,1,1,1,12,2,2,0.0,0.0,0.0,0.0,0.0,2.0,8,7,10
187158,15,2,3,17,10,3,0,1,1,1,2,24,2,2,0.0,0.0,0.0,0.0,0.0,2.0,11,6,12
100524,16,2,1,17,6,3,0,1,1,1,2,24,2,2,0.0,0.0,0.0,0.0,0.0,2.0,22,1,7
34085,15,2,0,0,8,3,0,5,1,1,2,36,2,2,0.0,0.0,0.0,0.0,0.0,2.0,19,7,3
153906,16,2,3,17,8,3,0,1,1,1,2,18,2,2,0.0,0.0,0.0,0.0,0.0,2.0,11,7,10
26612,16,2,3,17,6,3,0,1,0,1,2,24,2,2,0.0,0.0,0.0,0.0,0.0,2.0,13,1,2
125275,16,2,3,17,2,3,0,1,1,1,2,36,2,2,0.0,0.0,0.0,0.0,0.0,2.0,18,6,9
166768,16,2,1,17,6,3,0,1,1,1,2,18,2,2,0.0,0.0,0.0,0.0,0.0,2.0,20,7,11
137366,16,2,1,17,6,3,0,1,1,1,2,24,2,2,0.0,0.0,0.0,0.0,0.0,2.0,3,6,9
4740,16,2,4,3,6,3,0,1,0,1,2,18,2,1,1.0,0.0,1.0,0.0,0.0,1.0,16,3,1
119474,15,2,3,17,8,3,0,1,1,1,1,18,2,2,0.0,0.0,0.0,0.0,0.0,2.0,14,5,8
84593,4,2,3,0,6,3,0,1,0,1,2,18,2,2,0.0,0.0,0.0,0.0,0.0,2.0,6,7,6
144573,4,2,0,0,10,3,0,1,1,1,2,36,2,2,0.0,0.0,0.0,0.0,0.0,2.0,0,7,10
122064,16,2,3,0,10,3,0,1,1,1,2,36,2,2,0.0,0.0,0.0,0.0,0.0,4.0,17,1,9
72130,16,2,3,0,6,3,0,1,0,1,1,32,2,3,1.0,0.0,0.0,1.0,0.0,1.0,9,4,6
119013,16,2,3,17,8,3,0,1,1,1,1,24,2,2,0.0,0.0,0.0,0.0,0.0,2.0,8,5,8
29863,15,2,1,0,8,3,0,1,0,1,1,5,2,3,1.0,0.0,0.0,1.0,0.0,2.0,0,5,3
125308,4,2,1,17,2,3,0,1,0,1,2,36,2,4,1.0,0.0,0.0,0.0,1.0,1.0,22,6,9
108232,16,2,3,15,8,3,0,1,1,1,2,36,2,2,0.0,0.0,0.0,0.0,0.0,3.0,15,4,8
79813,4,2,3,7,8,3,0,1,1,0,2,36,2,2,0.0,0.0,0.0,0.0,0.0,1.0,15,7,6
84930,16,7,1,10,8,3,6,1,0,1,2,37,2,3,2.0,0.0,0.0,2.0,0.0,0.0,2,6,6
171588,16,2,3,17,3,3,0,1,1,1,1,19,2,2,0.0,0.0,0.0,0.0,0.0,2.0,13,4,11
132214,16,2,3,17,8,3,0,1,1,1,1,36,2,2,0.0,0.0,0.0,0.0,0.0,2.0,11,3,9
44546,4,2,3,14,8,3,0,1,1,0,1,36,2,2,0.0,0.0,0.0,0.0,0.0,2.0,15,6,4
127495,15,2,3,10,11,3,0,1,1,1,2,19,2,2,0.0,0.0,0.0,0.0,0.0,3.0,15,2,9
64255,15,7,3,0,6,3,6,1,1,1,2,18,2,2,0.0,0.0,0.0,0.0,0.0,2.0,11,6,5
188345,4,3,1,10,8,3,6,1,0,0,2,36,2,2,0.0,0.0,0.0,0.0,0.0,2.0,18,5,12
139080,4,3,3,2,10,3,0,1,0,0,2,14,1,3,2.0,0.0,0.0,2.0,0.0,2.0,13,1,10
32900,16,2,0,15,2,3,0,1,1,1,2,22,2,2,0.0,0.0,0.0,0.0,0.0,4.0,8,6,3
116026,16,2,3,17,3,3,0,1,0,1,2,18,2,3,2.0,0.0,0.0,1.0,1.0,0.0,7,4,8
119768,16,2,3,15,8,3,0,1,1,1,2,18,2,2,0.0,0.0,0.0,0.0,0.0,2.0,7,3,8
180910,4,2,3,17,11,3,0,1,1,1,2,18,2,2,0.0,0.0,0.0,0.0,0.0,3.0,15,2,12
109386,16,2,3,0,8,3,0,1,0,1,2,18,2,2,0.0,0.0,0.0,0.0,0.0,7.0,13,1,8
132490,16,2,3,10,3,3,0,1,1,1,1,19,2,2,0.0,0.0,0.0,0.0,0.0,2.0,7,6,9
140851,16,2,3,17,6,3,0,1,1,1,1,36,2,2,0.0,0.0,0.0,0.0,0.0,2.0,11,5,10
170272,16,2,3,0,8,3,6,1,0,1,2,39,2,2,0.0,0.0,0.0,0.0,0.0,2.0,11,3,11
21188,18,6,3,0,8,3,6,1,0,1,2,18,3,2,0.0,0.0,0.0,0.0,0.0,3.0,14,5,2
124649,4,2,3,15,8,3,0,1,1,1,1,23,2,2,0.0,0.0,0.0,0.0,0.0,2.0,15,4,9
40275,16,2,3,17,3,3,0,1,1,1,1,18,2,2,0.0,0.0,0.0,0.0,0.0,2.0,8,4,3
106633,16,7,3,10,6,3,6,1,0,1,2,17,2,2,0.0,0.0,0.0,0.0,0.0,2.0,17,2,8
8125,16,2,0,17,8,3,0,1,1,1,2,26,2,2,0.0,0.0,0.0,0.0,0.0,2.0,18,4,1
155330,16,2,1,2,3,3,1,1,0,1,2,39,1,2,0.0,0.0,0.0,0.0,0.0,1.0,21,5,10
174516,16,2,3,17,6,3,0,1,0,1,2,38,2,2,0.0,0.0,0.0,0.0,0.0,2.0,10,5,12
9460,15,3,2,17,8,3,6,1,0,1,2,18,2,3,1.0,0.0,0.0,1.0,0.0,1.0,7,5,1
122430,16,2,1,0,18,3,0,1,0,1,2,6,2,4,2.0,0.0,0.0,0.0,2.0,1.0,1,6,9
104890,16,2,3,17,6,3,0,1,1,1,1,6,2,2,0.0,0.0,0.0,0.0,0.0,2.0,18,3,8
83119,15,2,1,15,19,3,0,1,1,1,2,22,2,2,0.0,0.0,0.0,0.0,0.0,2.0,23,6,6
180245,16,2,1,10,8,3,0,1,0,1,0,19,2,2,0.0,0.0,0.0,0.0,0.0,4.0,4,7,12
44756,16,7,1,2,8,3,6,1,0,1,2,39,1,3,1.0,0.0,0.0,1.0,0.0,0.0,1,4,4
11032,16,10,3,15,8,3,4,1,1,1,2,36,2,2,0.0,0.0,0.0,0.0,0.0,3.0,13,3,1
23079,16,2,1,17,10,3,6,1,1,1,2,23,2,2,0.0,0.0,0.0,0.0,0.0,4.0,3,1,2
50526,16,2,3,17,8,3,0,1,1,1,2,18,2,2,0.0,0.0,0.0,0.0,0.0,2.0,14,3,4
55351,16,2,3,0,5,3,0,1,1,1,2,6,2,2,0.0,0.0,0.0,0.0,0.0,2.0,8,6,4
73562,4,2,3,8,8,3,0,1,0,1,0,36,2,3,1.0,0.0,0.0,1.0,0.0,1.0,11,5,6
113777,16,2,3,10,8,3,0,1,1,1,2,36,2,2,0.0,0.0,0.0,0.0,0.0,2.0,15,5,8
130080,16,2,3,10,3,3,0,1,1,1,2,36,2,2,0.0,0.0,0.0,0.0,0.0,2.0,8,6,9
141458,16,7,3,17,6,3,6,5,1,1,2,18,3,2,0.0,0.0,0.0,0.0,0.0,3.0,7,6,10
135552,16,7,3,10,19,3,6,1,0,1,2,36,2,3,1.0,0.0,0.0,1.0,0.0,1.0,12,6,9
177899,16,10,3,10,2,3,4,1,1,1,2,19,2,2,0.0,0.0,0.0,0.0,0.0,2.0,8,4,12
73352,16,2,3,10,8,3,0,2,1,1,2,19,2,2,0.0,0.0,0.0,0.0,0.0,2.0,10,7,6
74146,15,2,3,17,6,4,0,1,1,1,2,36,2,2,0.0,0.0,0.0,0.0,0.0,2.0,14,7,6
30560,15,2,3,0,11,3,0,1,1,1,2,12,2,2,0.0,0.0,0.0,0.0,0.0,2.0,16,3,3
32801,16,10,3,10,8,3,6,1,1,0,2,26,2,2,0.0,0.0,0.0,0.0,0.0,5.0,7,6,3
291,16,7,1,0,2,3,6,1,0,1,2,6,2,3,1.0,0.0,0.0,1.0,0.0,2.0,1,7,1
105568,17,11,5,7,8,3,5,5,1,1,2,36,2,2,0.0,0.0,0.0,0.0,0.0,1.0,10,7,8
144768,16,2,1,10,2,3,0,1,0,0,2,36,2,3,2.0,0.0,0.0,2.0,0.0,1.0,0,7,10
110796,16,2,3,0,6,3,0,1,0,1,2,6,3,2,0.0,0.0,0.0,0.0,0.0,3.0,12,1,8
1644,16,2,1,0,19,3,0,1,0,1,2,36,2,2,0.0,0.0,0.0,0.0,0.0,2.0,16,7,1
22095,16,3,3,17,1,3,0,1,0,1,1,18,2,2,0.0,0.0,0.0,0.0,0.0,2.0,15,5,2
66257,4,2,3,0,8,3,0,5,0,1,2,36,2,3,2.0,0.0,0.0,2.0,0.0,1.0,16,5,5
126584,16,11,5,10,17,3,5,5,1,1,2,26,2,2,0.0,0.0,0.0,0.0,0.0,2.0,15,7,9
183149,4,7,1,9,8,3,6,1,0,1,0,36,3,3,2.0,0.0,0.0,2.0,0.0,1.0,17,5,12
50153,17,11,5,17,8,3,5,5,1,1,0,36,2,2,0.0,0.0,0.0,0.0,0.0,2.0,14,3,4
167868,16,2,1,17,8,3,0,5,0,1,2,18,2,1,1.0,0.0,1.0,0.0,0.0,6.0,0,1,11
134609,16,2,1,10,2,3,6,1,0,1,1,17,2,3,3.0,0.0,0.0,3.0,0.0,1.0,23,1,9
97839,16,2,1,17,8,3,0,1,1,1,1,18,2,2,0.0,0.0,0.0,0.0,0.0,3.0,23,7,7
42529,4,2,3,17,9,3,0,1,1,1,2,22,2,2,0.0,0.0,0.0,0.0,0.0,2.0,15,6,4
71475,16,3,3,17,8,3,5,5,1,1,1,23,2,2,0.0,0.0,0.0,0.0,0.0,4.0,14,2,5
113881,16,2,3,17,3,3,0,4,0,1,2,18,2,3,1.0,0.0,0.0,1.0,0.0,1.0,10,6,8
134086,4,7,3,15,8,3,6,1,1,1,2,18,2,2,0.0,0.0,0.0,0.0,0.0,2.0,16,3,9
11416,15,4,1,0,8,3,6,1,0,1,2,39,2,2,0.0,0.0,0.0,0.0,0.0,2.0,20,3,1
110831,16,2,3,17,6,3,0,1,1,1,1,17,2,2,0.0,0.0,0.0,0.0,0.0,2.0,17,3,8
90880,16,7,3,17,3,3,6,1,1,1,2,24,2,2,0.0,0.0,0.0,0.0,0.0,2.0,18,5,7
166923,16,2,3,17,6,3,6,1,1,1,2,18,2,2,0.0,0.0,0.0,0.0,0.0,2.0,16,4,11
153246,15,2,0,17,2,3,6,1,0,1,2,28,2,3,3.0,0.0,0.0,3.0,0.0,0.0,19,6,10
94753,17,2,1,2,6,3,0,5,1,1,1,26,1,2,0.0,0.0,0.0,0.0,0.0,1.0,23,3,7
147261,16,2,4,17,6,3,0,1,0,1,2,18,2,2,0.0,0.0,0.0,0.0,0.0,4.0,20,2,10
63219,9,2,3,15,1,3,0,1,1,1,2,28,2,2,0.0,0.0,0.0,0.0,0.0,2.0,13,4,5
110998,16,2,3,10,8,3,0,1,1,1,2,17,2,2,0.0,0.0,0.0,0.0,0.0,3.0,14,4,8
98637,16,2,0,5,8,3,0,1,1,1,0,36,2,2,0.0,0.0,0.0,0.0,0.0,2.0,22,6,7
36681,16,2,1,14,6,3,0,1,0,1,2,11,2,2,0.0,0.0,0.0,0.0,0.0,2.0,21,2,3
20485,16,2,1,10,2,3,0,1,1,1,1,26,2,2,0.0,0.0,0.0,0.0,0.0,2.0,21,1,2
14461,15,2,1,0,6,3,0,1,1,1,2,5,2,2,0.0,0.0,0.0,0.0,0.0,2.0,20,1,1
179767,16,2,3,15,8,3,0,1,1,1,2,22,2,2,0.0,0.0,0.0,0.0,0.0,3.0,12,2,12
118917,16,7,1,10,2,3,6,1,1,1,0,36,2,2,0.0,0.0,0.0,0.0,0.0,2.0,5,4,8
63936,16,2,1,10,3,3,0,1,0,1,2,17,4,4,1.0,0.0,0.0,0.0,1.0,4.0,11,2,5