crash_date,               traffic_control_device,weather_condition,lighting_condition,first_crash_type,trafficway_type,alignment,roadway_surface_cond,road_defect,crash_type,intersection_related_i,damage,prim_contributory_cause,num_units,most_severe_injury,injuries_total,injuries_fatal,injuries_incapacitating,injuries_non_incapacitating,injuries_reported_not_evident,injuries_no_indication,crash_hour,crash_day_of_week,crash_month
154492,15,2,1,0,2,3,0,1,1,1,2,18,2,2,0.0,0.0,0.0,0.0,0.0,2.0,7,2,10
6099,16,10,3,10,2,3,4,1,1,1,2,36,2,2,0.0,0.0,0.0,0.0,0.0,2.0,16,1,1
138963,16,2,3,10,6,3,0,1,1,1,1,19,2,2,0.0,0.0,0.0,0.0,0.0,4.0,19,5,10
60543,16,7,3,15,8,3,6,1,1,0,2,22,2,2,0.0,0.0,0.0,0.0,0.0,4.0,14,4,5
79145,16,2,3,10,8,3,0,1,1,1,2,36,3,2,0.0,0.0,0.0,0.0,0.0,4.0,10,3,6
105414,16,2,3,15,10,3,0,1,1,1,1,36,2,2,0.0,0.0,0.0,0.0,0.0,2.0,17,4,8
108190,16,2,3,10,3,3,0,1,0,1,2,8,2,2,0.0,0.0,0.0,0.0,0.0,2.0,10,5,8
56706,4,2,3,17,8,3,0,1,0,1,2,36,2,4,1.0,0.0,0.0,0.0,1.0,1.0,12,7,5
8715,16,2,3,15,8,3,6,1,0,1,2,17,2,2,0.0,0.0,0.0,0.0,0.0,3.0,9,5,1
53580,4,2,3,2,8,3,0,1,0,0,2,36,1,2,0.0,0.0,0.0,0.0,0.0,2.0,15,6,4
65172,16,2,3,15,8,3,0,1,1,1,2,19,2,2,0.0,0.0,0.0,0.0,0.0,4.0,10,7,5
184300,16,3,2,3,2,3,0,1,0,1,2,36,2,2,0.0,0.0,0.0,0.0,0.0,2.0,6,7,12
32679,4,2,1,17,8,3,0,1,1,1,1,26,2,2,0.0,0.0,0.0,0.0,0.0,4.0,3,4,3
49703,16,2,3,17,8,3,0,1,1,1,2,24,2,2,0.0,0.0,0.0,0.0,0.0,2.0,14,2,4
130280,16,2,1,2,6,3,0,1,0,1,2,36,1,3,1.0,0.0,0.0,1.0,0.0,0.0,21,4,9
130844,16,2,3,15,2,3,0,1,1,1,2,6,2,2,0.0,0.0,0.0,0.0,0.0,3.0,8,5,9
183133,4,2,4,0,8,3,0,1,1,1,1,36,2,2,0.0,0.0,0.0,0.0,0.0,2.0,15,5,12
125414,15,2,3,9,6,3,0,1,0,1,2,18,2,3,1.0,0.0,0.0,1.0,0.0,1.0,17,2,9
101817,16,2,3,17,2,3,0,1,0,1,2,36,3,3,2.0,0.0,0.0,2.0,0.0,1.0,12,7,7
164425,4,2,4,15,8,3,0,5,1,1,1,24,2,2,0.0,0.0,0.0,0.0,0.0,2.0,16,2,11
159124,4,2,0,7,8,3,0,1,1,1,1,36,2,2,0.0,0.0,0.0,0.0,0.0,1.0,18,4,11
85264,16,2,4,10,8,3,6,1,1,1,2,26,2,2,0.0,0.0,0.0,0.0,0.0,2.0,19,3,6
100096,16,2,3,17,2,3,0,5,1,1,2,36,2,2,0.0,0.0,0.0,0.0,0.0,4.0,13,2,7
112196,16,2,4,17,8,3,0,1,1,1,2,24,2,2,0.0,0.0,0.0,0.0,0.0,3.0,0,1,8
118547,15,11,3,0,15,3,5,5,1,1,1,36,2,2,0.0,0.0,0.0,0.0,0.0,2.0,13,7,8
151150,15,2,3,9,6,3,0,1,0,1,2,18,2,3,1.0,0.0,0.0,1.0,0.0,1.0,8,5,10
72516,16,2,3,10,11,3,0,1,1,1,0,26,2,2,0.0,0.0,0.0,0.0,0.0,2.0,20,3,6
71678,16,2,3,15,6,3,0,1,1,1,0,23,2,2,0.0,0.0,0.0,0.0,0.0,2.0,13,6,5
140433,4,2,3,15,2,3,0,1,1,1,2,8,2,2,0.0,0.0,0.0,0.0,0.0,4.0,17,3,10
108442,15,2,4,0,6,3,0,1,0,1,2,5,2,4,1.0,0.0,0.0,0.0,1.0,1.0,18,1,8
44933,4,3,3,15,10,3,6,1,1,0,1,22,2,2,0.0,0.0,0.0,0.0,0.0,2.0,11,5,4
112804,16,2,3,8,6,3,0,5,0,1,0,18,2,3,1.0,0.0,0.0,1.0,0.0,1.0,13,4,8
24464,16,2,5,9,11,3,0,1,0,1,0,36,2,3,1.0,0.0,0.0,1.0,0.0,1.0,19,4,2
72137,4,2,1,7,10,3,0,1,1,1,0,11,2,2,0.0,0.0,0.0,0.0,0.0,2.0,23,4,6
108215,16,2,3,10,8,3,0,1,1,1,1,19,2,2,0.0,0.0,0.0,0.0,0.0,3.0,12,3,8
169524,16,11,1,17,6,3,5,5,1,1,2,36,2,2,0.0,0.0,0.0,0.0,0.0,2.0,18,7,11
31508,15,2,3,17,17,3,0,1,1,1,2,36,2,2,0.0,0.0,0.0,0.0,0.0,2.0,11,5,3
126103,16,2,3,3,2,3,0,1,0,1,2,18,2,3,2.0,0.0,0.0,2.0,0.0,0.0,12,2,9
144037,15,2,3,9,2,3,0,1,0,1,0,18,2,1,1.0,0.0,1.0,0.0,0.0,1.0,8,4,10
145286,16,2,1,0,8,3,0,5,0,1,2,6,2,2,0.0,0.0,0.0,0.0,0.0,2.0,0,7,10
152356,15,7,3,17,2,3,6,1,1,1,1,24,2,2,0.0,0.0,0.0,0.0,0.0,5.0,14,7,10
31526,4,2,3,9,8,3,0,1,1,1,0,36,2,2,0.0,0.0,0.0,0.0,0.0,2.0,15,6,3
130567,16,2,3,0,6,3,0,5,1,1,2,18,2,2,0.0,0.0,0.0,0.0,0.0,3.0,12,2,9
3715,16,2,3,13,8,3,0,1,1,0,2,21,2,2,0.0,0.0,0.0,0.0,0.0,2.0,14,1,1
65365,16,2,1,0,6,3,0,1,0,1,2,28,2,1,4.0,0.0,4.0,0.0,0.0,0.0,2,5,5
102927,16,2,1,9,8,3,0,1,0,1,0,36,2,4,1.0,0.0,0.0,0.0,1.0,1.0,1,2,7
45879,16,10,2,9,8,3,4,1,0,1,0,18,2,3,1.0,0.0,0.0,1.0,0.0,1.0,7,2,4
180094,16,3,3,10,2,3,5,5,1,1,1,19,2,2,0.0,0.0,0.0,0.0,0.0,2.0,7,3,12
147768,16,2,1,15,10,3,0,5,1,1,1,36,2,2,0.0,0.0,0.0,0.0,0.0,2.0,22,2,10
169651,15,2,1,0,8,3,0,1,0,1,2,18,2,2,0.0,0.0,0.0,0.0,0.0,2.0,18,1,11
97896,16,2,3,0,2,3,0,1,1,1,2,18,2,2,0.0,0.0,0.0,0.0,0.0,2.0,14,3,7
68707,16,2,3,8,8,3,0,1,1,1,0,6,2,2,0.0,0.0,0.0,0.0,0.0,2.0,7,7,5
38958,16,2,3,10,8,3,0,1,1,1,1,19,2,2,0.0,0.0,0.0,0.0,0.0,3.0,9,7,3
169082,16,2,1,17,8,3,0,1,1,1,2,24,2,2,0.0,0.0,0.0,0.0,0.0,5.0,18,1,11
46097,16,2,3,17,3,3,0,1,1,1,1,23,2,2,0.0,0.0,0.0,0.0,0.0,3.0,14,7,4
152569,15,2,1,0,8,3,0,5,0,1,2,5,2,3,1.0,0.0,0.0,1.0,0.0,1.0,0,3,10
149212,16,2,1,17,2,3,0,1,1,1,1,17,2,2,0.0,0.0,0.0,0.0,0.0,2.0,21,7,10
124475,4,2,3,17,2,3,0,1,0,1,2,36,2,2,0.0,0.0,0.0,0.0,0.0,6.0,16,7,9
89326,16,2,1,0,6,3,0,1,0,1,2,18,2,2,0.0,0.0,0.0,0.0,0.0,2.0,21,4,7
108937,15,2,3,0,6,3,0,1,0,1,2,36,2,2,0.0,0.0,0.0,0.0,0.0,6.0,13,2,8
179545,15,2,3,0,11,3,0,1,0,1,2,36,2,2,0.0,0.0,0.0,0.0,0.0,4.0,8,5,12
38236,16,2,0,15,6,3,5,5,0,1,2,18,2,4,1.0,0.0,0.0,0.0,1.0,3.0,19,2,3
152421,16,7,4,11,16,3,6,5,1,1,1,21,2,2,0.0,0.0,0.0,0.0,0.0,2.0,21,7,10
41967,15,7,2,7,10,3,6,1,0,0,2,36,2,3,1.0,0.0,0.0,1.0,0.0,0.0,5,3,3
31723,16,2,1,0,18,3,5,5,1,1,2,6,2,2,0.0,0.0,0.0,0.0,0.0,3.0,20,3,3
166638,4,2,3,15,2,3,0,1,1,1,1,23,2,2,0.0,0.0,0.0,0.0,0.0,2.0,8,4,11
81757,4,2,3,0,0,3,0,1,1,1,1,38,2,2,0.0,0.0,0.0,0.0,0.0,2.0,13,7,6
100804,4,2,3,15,8,3,0,1,1,1,1,23,2,2,0.0,0.0,0.0,0.0,0.0,3.0,15,5,7
82525,16,2,1,3,6,3,0,1,0,1,2,37,2,3,5.0,0.0,0.0,5.0,0.0,0.0,20,3,6
136412,16,2,3,17,6,3,6,1,1,1,2,18,2,2,0.0,0.0,0.0,0.0,0.0,2.0,12,5,9
47261,16,2,1,10,8,3,0,1,0,1,2,17,2,2,0.0,0.0,0.0,0.0,0.0,3.0,22,6,4
87897,16,2,1,0,2,3,5,5,1,1,2,6,2,2,0.0,0.0,0.0,0.0,0.0,3.0,2,2,7
40507,4,2,3,15,8,3,0,1,1,1,2,23,2,2,0.0,0.0,0.0,0.0,0.0,2.0,8,2,3
32727,4,2,3,17,6,3,0,1,1,1,2,23,2,2,0.0,0.0,0.0,0.0,0.0,2.0,17,5,3
53842,16,2,3,9,6,3,0,1,0,1,0,24,2,3,1.0,0.0,0.0,1.0,0.0,1.0,15,4,4
59713,15,2,1,0,6,3,0,1,0,1,2,17,2,2,0.0,0.0,0.0,0.0,0.0,2.0,21,6,5
125758,15,2,1,0,6,3,0,1,0,1,2,18,2,2,0.0,0.0,0.0,0.0,0.0,2.0,5,6,9
15772,16,10,3,17,2,3,4,1,1,1,2,23,2,2,0.0,0.0,0.0,0.0,0.0,2.0,14,3,2
122731,16,11,3,17,2,3,0,5,1,1,1,22,2,2,0.0,0.0,0.0,0.0,0.0,2.0,10,4,9
151149,4,2,3,17,6,3,0,6,1,1,1,23,2,2,0.0,0.0,0.0,0.0,0.0,2.0,8,5,10
88684,15,7,3,0,10,3,6,5,1,1,2,36,2,2,0.0,0.0,0.0,0.0,0.0,2.0,15,1,7
138641,16,2,3,17,19,3,0,5,1,1,1,36,2,2,0.0,0.0,0.0,0.0,0.0,2.0,10,2,10
144255,16,7,3,17,2,3,6,1,1,1,2,18,2,2,0.0,0.0,0.0,0.0,0.0,2.0,14,2,10
12775,4,10,1,0,2,3,4,1,0,1,2,18,2,3,1.0,0.0,0.0,1.0,0.0,1.0,19,5,1
84133,4,6,3,10,8,3,0,1,1,1,2,17,2,2,0.0,0.0,0.0,0.0,0.0,2.0,13,1,6
106659,15,2,4,17,8,3,5,5,1,1,2,36,2,2,0.0,0.0,0.0,0.0,0.0,2.0,20,2,8
52457,16,2,1,10,15,3,0,5,1,1,0,19,2,2,0.0,0.0,0.0,0.0,0.0,4.0,22,1,4
97049,16,2,2,17,8,3,0,1,0,1,2,36,2,2,0.0,0.0,0.0,0.0,0.0,2.0,5,5,7
46156,16,2,3,15,6,3,0,1,1,1,2,22,2,2,0.0,0.0,0.0,0.0,0.0,2.0,13,1,4
57095,16,2,3,15,8,3,0,1,1,1,2,36,3,2,0.0,0.0,0.0,0.0,0.0,6.0,15,6,5
71440,16,2,3,15,6,3,0,1,1,1,1,11,2,2,0.0,0.0,0.0,0.0,0.0,3.0,18,1,5
138125,16,2,3,15,3,3,0,1,1,1,2,36,2,2,0.0,0.0,0.0,0.0,0.0,4.0,7,3,10
164534,15,2,1,0,15,3,0,1,0,1,2,18,2,2,0.0,0.0,0.0,0.0,0.0,2.0,23,3,11
63561,4,2,3,0,6,3,0,1,1,1,2,36,2,2,0.0,0.0,0.0,0.0,0.0,4.0,7,4,5
32779,16,7,3,17,18,3,2,5,1,1,2,18,2,2,0.0,0.0,0.0,0.0,0.0,4.0,16,6,3
55678,16,2,3,0,8,3,6,1,1,1,2,24,2,2,0.0,0.0,0.0,0.0,0.0,2.0,8,3,4
117406,16,2,3,8,5,3,0,1,0,1,2,18,2,3,1.0,0.0,0.0,1.0,0.0,1.0,14,4,8
166329,16,2,3,17,8,3,0,1,0,1,2,18,2,2,0.0,0.0,0.0,0.0,0.0,2.0,11,7,11
116584,16,2,3,17,8,3,0,1,1,1,2,36,2,2,0.0,0.0,0.0,0.0,0.0,3.0,9,5,8
26080,16,10,1,2,15,3,6,2,0,1,2,39,1,2,0.0,0.0,0.0,0.0,0.0,1.0,21,6,2
62167,16,3,3,17,2,3,0,1,1,1,2,18,2,2,0.0,0.0,0.0,0.0,0.0,2.0,11,1,5
33931,16,2,3,17,2,3,0,1,0,1,2,6,2,2,0.0,0.0,0.0,0.0,0.0,3.0,14,4,3
168317,16,2,1,15,2,3,0,1,1,1,2,23,2,2,0.0,0.0,0.0,0.0,0.0,3.0,23,7,11
124374,4,2,3,7,8,3,0,1,1,1,2,36,2,2,0.0,0.0,0.0,0.0,0.0,1.0,16,5,9
174079,4,2,1,0,8,3,0,5,0,1,1,36,2,2,0.0,0.0,0.0,0.0,0.0,2.0,22,7,12
40806,16,2,1,17,6,3,0,1,0,1,2,36,2,2,0.0,0.0,0.0,0.0,0.0,2.0,23,1,3
188695,16,7,3,0,2,3,6,1,0,1,2,24,2,2,0.0,0.0,0.0,0.0,0.0,2.0,8,2,12
102117,16,2,1,17,8,3,0,1,0,1,2,18,2,4,1.0,0.0,0.0,0.0,1.0,1.0,21,4,7
160457,15,11,0,17,8,3,5,5,1,1,2,36,2,2,0.0,0.0,0.0,0.0,0.0,2.0,18,7,11
25037,15,9,0,2,2,3,6,1,1,1,2,17,1,2,0.0,0.0,0.0,0.0,0.0,1.0,20,2,2
154953,16,2,3,17,8,2,0,1,1,1,2,24,2,2,0.0,0.0,0.0,0.0,0.0,2.0,5,2,10
104934,16,2,3,17,8,3,0,1,1,0,2,22,2,2,0.0,0.0,0.0,0.0,0.0,3.0,17,4,8
160881,16,10,3,17,8,3,4,1,0,1,2,18,2,2,0.0,0.0,0.0,0.0,0.0,2.0,7,6,11
128977,4,2,3,15,2,3,0,1,1,1,1,22,2,2,0.0,0.0,0.0,0.0,0.0,2.0,9,7,9
165129,16,2,3,0,6,3,0,1,1,1,2,18,2,2,0.0,0.0,0.0,0.0,0.0,2.0,6,5,11
134248,4,2,3,17,8,3,0,1,0,0,2,18,2,2,0.0,0.0,0.0,0.0,0.0,2.0,17,3,9
73540,15,2,3,15,10,3,0,1,1,1,2,36,2,2,0.0,0.0,0.0,0.0,0.0,2.0,17,5,6
70711,4,2,3,17,2,3,0,1,0,1,2,18,2,1,2.0,0.0,1.0,1.0,0.0,1.0,16,4,5
184835,16,2,3,10,3,3,0,1,0,1,0,36,2,3,1.0,0.0,0.0,1.0,0.0,2.0,12,1,12
63851,15,2,3,10,10,3,0,1,0,1,2,36,2,3,1.0,0.0,0.0,1.0,0.0,2.0,16,1,5
142981,4,7,0,17,8,3,6,5,1,1,0,39,2,2,0.0,0.0,0.0,0.0,0.0,2.0,20,5,10
158561,16,7,3,8,2,3,6,1,0,1,0,23,2,4,1.0,0.0,0.0,0.0,1.0,1.0,7,3,11
104192,15,7,1,17,3,3,6,1,0,1,2,36,2,2,0.0,0.0,0.0,0.0,0.0,3.0,22,7,8
143876,16,3,1,9,8,3,0,1,0,1,0,36,2,3,1.0,0.0,0.0,1.0,0.0,1.0,18,4,10
70408,16,2,3,0,6,3,0,1,0,1,2,6,2,3,1.0,0.0,0.0,1.0,0.0,1.0,16,7,5
169187,16,2,3,9,8,3,0,1,0,1,1,36,2,1,1.0,0.0,1.0,0.0,0.0,1.0,9,7,11
62622,16,2,3,10,8,3,0,1,1,1,2,19,2,2,0.0,0.0,0.0,0.0,0.0,2.0,17,1,5
143474,16,2,1,15,8,3,0,1,1,1,1,23,2,2,0.0,0.0,0.0,0.0,0.0,2.0,5,5,10
109595,16,2,3,17,6,3,0,1,0,1,2,24,2,2,0.0,0.0,0.0,0.0,0.0,2.0,12,4,8
149176,4,2,3,17,2,3,0,1,1,1,2,12,2,2,0.0,0.0,0.0,0.0,0.0,3.0,11,6,10
78105,15,2,3,0,6,3,0,1,0,1,2,36,2,2,0.0,0.0,0.0,0.0,0.0,2.0,16,4,6
33092,4,3,3,7,0,3,0,1,1,1,2,17,2,2,0.0,0.0,0.0,0.0,0.0,1.0,10,4,3
142611,15,11,5,17,15,3,5,5,1,1,1,36,2,2,0.0,0.0,0.0,0.0,0.0,3.0,14,2,10
98529,16,2,2,2,8,4,0,1,0,1,2,9,1,2,0.0,0.0,0.0,0.0,0.0,1.0,5,5,7
170601,15,2,3,17,8,3,0,1,1,1,2,5,2,2,0.0,0.0,0.0,0.0,0.0,3.0,9,4,11
161699,2,2,0,0,6,3,0,1,0,1,2,6,2,2,0.0,0.0,0.0,0.0,0.0,3.0,20,6,11
182551,15,2,3,0,8,3,0,1,0,1,2,18,2,4,1.0,0.0,0.0,0.0,1.0,3.0,12,3,12
122098,15,2,3,0,8,3,0,1,0,1,2,36,2,2,0.0,0.0,0.0,0.0,0.0,2.0,12,1,9
104995,16,2,3,0,6,3,0,1,0,1,2,11,2,4,1.0,0.0,0.0,0.0,1.0,1.0,16,6,8
175185,16,2,3,17,3,3,0,1,1,1,1,23,2,2,0.0,0.0,0.0,0.0,0.0,6.0,16,2,12
101659,16,2,3,15,2,3,0,1,1,0,1,36,2,2,0.0,0.0,0.0,0.0,0.0,2.0,9,4,7
78116,16,2,3,9,6,3,0,1,0,1,0,18,2,4,1.0,0.0,0.0,0.0,1.0,2.0,17,4,6
67743,16,2,3,0,8,3,0,1,0,1,2,36,2,3,1.0,0.0,0.0,1.0,0.0,6.0,17,6,5
138464,16,2,3,8,1,3,0,1,1,1,1,36,2,2,0.0,0.0,0.0,0.0,0.0,2.0,15,7,10
163339,16,3,0,9,1,3,0,1,0,1,1,12,2,3,1.0,0.0,0.0,1.0,0.0,1.0,10,1,11
125139,16,11,3,10,17,3,5,5,1,0,1,36,2,2,0.0,0.0,0.0,0.0,0.0,2.0,12,2,9
56860,16,3,3,0,6,3,0,1,0,1,2,6,2,2,0.0,0.0,0.0,0.0,0.0,2.0,7,3,5
34048,16,2,3,15,8,3,0,1,1,0,1,18,2,2,0.0,0.0,0.0,0.0,0.0,2.0,11,6,3
49726,15,7,3,0,18,3,6,1,1,1,1,36,2,2,0.0,0.0,0.0,0.0,0.0,2.0,6,2,4
2127,16,2,3,10,6,3,0,5,1,1,2,17,2,2,0.0,0.0,0.0,0.0,0.0,2.0,16,1,1
30388,16,2,1,17,6,3,0,1,0,1,2,36,2,2,0.0,0.0,0.0,0.0,0.0,5.0,0,7,3
153672,16,2,3,17,2,3,0,1,1,1,2,18,2,2,0.0,0.0,0.0,0.0,0.0,2.0,9,5,10
25347,15,2,3,0,8,3,0,5,1,1,2,18,2,2,0.0,0.0,0.0,0.0,0.0,3.0,15,7,2
110508,15,2,3,8,6,3,0,1,1,0,2,36,2,2,0.0,0.0,0.0,0.0,0.0,3.0,17,3,8
59898,16,3,3,8,8,3,0,5,0,1,0,36,2,4,1.0,0.0,0.0,0.0,1.0,2.0,9,2,5
104162,4,2,3,0,10,3,0,1,1,1,1,18,2,2,0.0,0.0,0.0,0.0,0.0,2.0,17,7,8
135602,18,2,3,17,6,3,0,1,0,1,2,18,2,2,0.0,0.0,0.0,0.0,0.0,2.0,13,2,9
28859,16,2,3,17,15,3,0,1,1,1,1,19,2,2,0.0,0.0,0.0,0.0,0.0,3.0,13,2,3
152102,15,2,1,0,8,3,0,1,1,1,2,18,2,2,0.0,0.0,0.0,0.0,0.0,6.0,19,6,10
124963,16,2,3,15,2,3,5,5,1,1,1,36,2,2,0.0,0.0,0.0,0.0,0.0,2.0,15,7,9
3773,16,2,3,2,6,3,0,1,1,1,2,36,1,2,0.0,0.0,0.0,0.0,0.0,1.0,7,2,1
162482,16,2,1,15,8,3,0,3,1,1,1,12,2,2,0.0,0.0,0.0,0.0,0.0,2.0,17,2,11
89427,16,2,3,0,10,3,0,1,0,1,2,6,2,2,0.0,0.0,0.0,0.0,0.0,4.0,16,4,7
67581,15,2,1,17,15,3,0,1,0,1,1,38,2,3,1.0,0.0,0.0,1.0,0.0,1.0,22,5,5
72310,16,2,3,10,8,3,0,1,1,1,2,36,2,2,0.0,0.0,0.0,0.0,0.0,2.0,17,5,6
77518,16,3,3,17,6,3,6,1,1,1,2,18,2,2,0.0,0.0,0.0,0.0,0.0,2.0,10,1,6
64256,15,2,1,0,8,3,0,1,1,1,0,18,2,2,0.0,0.0,0.0,0.0,0.0,2.0,23,6,5
157813,15,7,5,7,10,3,6,1,1,1,2,36,2,2,0.0,0.0,0.0,0.0,0.0,1.0,18,6,11
173170,17,2,3,7,8,3,0,5,1,0,1,36,2,2,0.0,0.0,0.0,0.0,0.0,1.0,16,2,12
40391,16,2,1,0,6,3,0,1,0,1,2,6,2,1,2.0,0.0,2.0,0.0,0.0,3.0,23,7,3
2202,15,10,3,10,8,3,6,1,1,1,2,21,2,2,0.0,0.0,0.0,0.0,0.0,2.0,14,4,1
18458,16,2,3,15,3,3,0,1,1,1,2,23,2,2,0.0,0.0,0.0,0.0,0.0,4.0,15,7,2
114815,16,2,3,17,2,3,0,1,1,1,2,12,2,2,0.0,0.0,0.0,0.0,0.0,2.0,10,6,8
120050,15,2,3,0,8,3,0,1,1,1,2,5,2,2,0.0,0.0,0.0,0.0,0.0,2.0,8,6,8
167385,16,2,3,10,11,3,0,5,1,1,2,36,2,2,0.0,0.0,0.0,0.0,0.0,7.0,15,2,11
37149,15,7,1,7,8,3,6,1,1,1,1,36,2,2,0.0,0.0,0.0,0.0,0.0,1.0,1,2,3
87544,16,2,1,0,15,3,6,1,0,1,2,36,2,2,0.0,0.0,0.0,0.0,0.0,6.0,19,4,6
38438,16,2,3,17,8,3,0,1,1,1,2,24,2,2,0.0,0.0,0.0,0.0,0.0,2.0,14,4,3
174554,16,2,1,15,15,3,0,1,1,1,1,9,2,2,0.0,0.0,0.0,0.0,0.0,3.0,18,7,12
35992,16,2,3,17,2,3,0,1,1,1,1,24,2,2,0.0,0.0,0.0,0.0,0.0,2.0,8,3,3
44587,16,2,3,10,10,3,0,1,0,1,2,13,2,4,1.0,0.0,0.0,0.0,1.0,1.0,10,6,4
176096,16,2,1,17,2,3,0,1,0,1,2,18,2,2,0.0,0.0,0.0,0.0,0.0,6.0,18,7,12
117269,16,2,3,17,11,3,0,1,0,1,2,18,2,1,2.0,0.0,1.0,1.0,0.0,0.0,13,1,8
21913,16,2,4,17,6,3,0,1,1,1,1,18,2,2,0.0,0.0,0.0,0.0,0.0,2.0,16,3,2
166492,17,11,5,8,8,3,5,5,0,1,2,36,2,3,1.0,0.0,0.0,1.0,0.0,1.0,13,2,11
25569,4,2,3,7,8,3,0,1,1,0,2,14,3,2,0.0,0.0,0.0,0.0,0.0,2.0,13,5,2
70690,16,2,0,10,8,3,0,1,1,0,1,19,2,2,0.0,0.0,0.0,0.0,0.0,2.0,21,3,5
165304,16,7,3,17,2,3,6,1,1,1,2,24,2,2,0.0,0.0,0.0,0.0,0.0,2.0,8,4,11
62473,17,2,3,17,6,3,0,1,0,1,2,22,2,2,0.0,0.0,0.0,0.0,0.0,2.0,16,7,5
69344,16,2,3,15,2,3,0,1,1,1,1,23,2,2,0.0,0.0,0.0,0.0,0.0,2.0,15,4,5
55038,16,11,3,10,8,3,5,5,1,1,0,36,2,2,0.0,0.0,0.0,0.0,0.0,2.0,15,7,4
8347,15,10,1,17,15,3,4,1,1,1,1,18,2,2,0.0,0.0,0.0,0.0,0.0,2.0,17,1,1
28020,16,2,3,0,8,3,0,1,1,1,2,18,2,2,0.0,0.0,0.0,0.0,0.0,2.0,12,3,2
167140,16,3,0,17,8,3,0,1,0,1,2,24,2,2,0.0,0.0,0.0,0.0,0.0,2.0,16,4,11
103783,17,11,5,0,8,3,5,5,1,1,2,36,2,2,0.0,0.0,0.0,0.0,0.0,3.0,9,1,7
85312,16,2,1,10,6,3,0,1,1,1,2,19,2,2,0.0,0.0,0.0,0.0,0.0,3.0,3,4,6
165645,16,8,1,0,2,3,0,1,0,1,2,18,2,3,1.0,0.0,0.0,1.0,0.0,1.0,18,5,11
142065,15,2,3,0,6,3,0,1,1,1,2,18,2,2,0.0,0.0,0.0,0.0,0.0,3.0,14,1,10
122852,15,2,3,17,10,3,0,1,1,1,1,9,2,2,0.0,0.0,0.0,0.0,0.0,2.0,7,4,9
36946,4,2,1,2,3,3,0,1,0,1,1,4,1,2,0.0,0.0,0.0,0.0,0.0,3.0,21,6,3
86591,4,2,3,17,15,3,0,1,0,1,2,18,2,3,1.0,0.0,0.0,1.0,0.0,1.0,15,4,6
82767,4,2,3,17,8,3,0,1,1,1,2,36,2,2,0.0,0.0,0.0,0.0,0.0,2.0,15,6,6
145628,16,7,1,9,6,3,6,1,0,1,2,36,2,1,1.0,0.0,1.0,0.0,0.0,1.0,1,7,10
186611,16,7,3,2,2,3,6,1,1,1,2,36,1,2,0.0,0.0,0.0,0.0,0.0,1.0,10,5,12
184690,16,11,5,10,17,3,5,5,1,1,2,26,2,2,0.0,0.0,0.0,0.0,0.0,3.0,13,4,12
139166,16,2,3,10,8,3,0,1,0,0,2,8,2,4,1.0,0.0,0.0,0.0,1.0,3.0,6,2,10
158848,16,2,1,11,8,3,0,1,1,1,2,21,2,2,0.0,0.0,0.0,0.0,0.0,3.0,1,6,11
95843,4,2,5,7,10,3,0,1,1,1,2,36,3,2,0.0,0.0,0.0,0.0,0.0,1.0,15,7,7
142684,15,2,4,0,6,3,0,1,0,1,2,18,4,3,1.0,0.0,0.0,1.0,0.0,2.0,18,4,10
56076,4,2,3,15,2,3,0,1,1,1,2,36,2,2,0.0,0.0,0.0,0.0,0.0,2.0,7,3,5
54087,16,2,3,10,11,3,0,1,1,1,1,13,2,2,0.0,0.0,0.0,0.0,0.0,2.0,11,6,4
78487,16,2,1,15,8,3,0,5,0,1,2,26,2,2,0.0,0.0,0.0,0.0,0.0,2.0,20,1,6
125018,15,2,1,17,8,3,0,1,1,1,2,18,2,2,0.0,0.0,0.0,0.0,0.0,2.0,1,1,9
46194,16,2,1,15,3,3,0,1,0,1,2,22,2,2,0.0,0.0,0.0,0.0,0.0,2.0,22,1,4
67472,4,11,5,7,15,3,5,5,1,1,2,36,2,2,0.0,0.0,0.0,0.0,0.0,1.0,5,3,5
131079,16,3,2,17,6,3,6,1,0,1,2,36,2,2,0.0,0.0,0.0,0.0,0.0,2.0,6,3,9
38357,16,3,1,17,16,3,6,5,0,1,2,36,2,2,0.0,0.0,0.0,0.0,0.0,4.0,0,4,3
72326,16,2,3,10,8,3,5,5,1,1,0,19,2,2,0.0,0.0,0.0,0.0,0.0,3.0,13,6,6
136415,15,2,3,17,15,3,0,1,1,1,1,18,2,2,0.0,0.0,0.0,0.0,0.0,2.0,13,7,9
68254,15,2,3,0,2,3,0,1,1,1,0,36,2,2,0.0,0.0,0.0,0.0,0.0,2.0,12,6,5
141665,16,2,1,15,3,3,0,1,1,1,2,22,2,2,0.0,0.0,0.0,0.0,0.0,2.0,19,7,10
51249,16,2,1,17,11,3,0,1,1,1,2,23,2,2,0.0,0.0,0.0,0.0,0.0,2.0,19,6,4
40468,16,2,3,10,2,3,0,1,1,1,2,19,2,2,0.0,0.0,0.0,0.0,0.0,2.0,14,2,3
55009,16,3,3,15,2,3,0,1,1,1,2,36,2,2,0.0,0.0,0.0,0.0,0.0,4.0,17,6,4
93660,16,2,3,10,2,3,0,1,1,1,2,17,3,2,0.0,0.0,0.0,0.0,0.0,3.0,14,1,7
115149,16,2,3,10,2,3,0,1,0,1,2,15,3,4,1.0,0.0,0.0,0.0,1.0,2.0,14,4,8