crash_date,               traffic_control_device,weather_condition,lighting_condition,first_crash_type,trafficway_type,alignment,roadway_surface_cond,road_defect,crash_type,intersection_related_i,damage,prim_contributory_cause,num_units,most_severe_injury,injuries_total,injuries_fatal,injuries_incapacitating,injuries_non_incapacitating,injuries_reported_not_evident,injuries_no_indication,crash_hour,crash_day_of_week,crash_month
68942,16,2,3,10,2,3,0,1,1,1,1,36,3,2,0.0,0.0,0.0,0.0,0.0,3.0,14,5,5
169213,16,2,3,17,8,3,0,1,1,1,2,36,2,2,0.0,0.0,0.0,0.0,0.0,2.0,14,1,11
112584,4,3,3,17,8,3,5,1,0,1,2,17,2,3,1.0,0.0,0.0,1.0,0.0,5.0,9,6,8
101313,11,2,3,10,2,3,0,1,1,1,0,19,2,2,0.0,0.0,0.0,0.0,0.0,2.0,14,6,7
99330,16,2,3,17,8,3,0,1,0,1,1,23,2,3,1.0,0.0,0.0,1.0,0.0,1.0,13,3,7
96575,15,2,3,0,2,3,0,1,1,1,1,36,2,2,0.0,0.0,0.0,0.0,0.0,2.0,12,4,7
52108,15,2,3,0,8,3,0,1,1,1,1,36,2,2,0.0,0.0,0.0,0.0,0.0,2.0,11,1,4
1161,16,2,1,17,2,3,0,1,1,1,1,22,2,2,0.0,0.0,0.0,0.0,0.0,2.0,1,6,1
5446,16,2,3,10,8,3,0,1,1,1,2,19,2,2,0.0,0.0,0.0,0.0,0.0,4.0,16,5,1
130695,4,3,3,0,8,3,6,1,0,1,2,18,2,3,1.0,0.0,0.0,1.0,0.0,1.0,6,3,9
176093,15,2,0,0,8,3,0,1,1,1,1,36,2,2,0.0,0.0,0.0,0.0,0.0,2.0,18,7,12
84817,15,2,3,17,8,3,0,1,0,1,2,36,2,4,1.0,0.0,0.0,0.0,1.0,1.0,8,3,6
69901,16,7,3,0,6,3,6,2,0,1,2,11,2,3,2.0,0.0,0.0,1.0,1.0,1.0,18,6,5
107650,15,2,3,0,6,3,0,1,0,1,2,5,3,3,4.0,0.0,0.0,2.0,2.0,0.0,14,4,8
74352,16,2,3,10,19,3,0,1,1,1,1,17,2,2,0.0,0.0,0.0,0.0,0.0,2.0,16,4,6
142702,16,2,3,17,6,3,0,1,1,1,1,6,2,2,0.0,0.0,0.0,0.0,0.0,2.0,8,4,10
45024,16,2,1,10,2,3,0,5,0,1,2,20,2,3,1.0,0.0,0.0,1.0,0.0,3.0,1,1,4
36217,16,11,5,17,6,3,5,5,1,1,2,36,2,2,0.0,0.0,0.0,0.0,0.0,2.0,17,1,3
167936,15,2,3,10,8,3,0,1,1,1,1,19,2,2,0.0,0.0,0.0,0.0,0.0,2.0,12,2,11
159049,16,2,0,10,8,3,0,5,1,1,2,19,2,2,0.0,0.0,0.0,0.0,0.0,3.0,17,2,11
155391,4,2,1,0,11,3,0,1,1,1,2,18,2,2,0.0,0.0,0.0,0.0,0.0,2.0,18,7,10
141709,16,2,3,0,2,3,0,1,0,1,2,6,2,3,1.0,0.0,0.0,1.0,0.0,2.0,9,1,10
98518,16,2,1,10,6,3,0,1,1,1,0,17,2,2,0.0,0.0,0.0,0.0,0.0,2.0,4,5,7
142204,4,2,3,7,10,3,0,1,1,0,1,22,2,2,0.0,0.0,0.0,0.0,0.0,1.0,17,1,10
165180,15,2,3,0,6,3,0,1,0,1,2,36,2,2,0.0,0.0,0.0,0.0,0.0,2.0,15,6,11
144039,16,2,3,15,2,3,0,1,1,1,0,36,2,2,0.0,0.0,0.0,0.0,0.0,3.0,8,4,10
124975,16,2,3,17,8,3,0,1,1,1,0,36,2,2,0.0,0.0,0.0,0.0,0.0,2.0,17,7,9
89993,16,2,3,17,2,3,0,1,1,1,2,36,2,2,0.0,0.0,0.0,0.0,0.0,2.0,8,6,7
107447,17,2,3,0,8,3,0,1,1,1,0,26,2,2,0.0,0.0,0.0,0.0,0.0,2.0,11,6,8
19646,15,2,3,0,9,3,0,1,0,1,2,12,2,1,2.0,0.0,1.0,1.0,0.0,2.0,11,7,2
15324,16,2,3,9,8,3,4,1,0,1,0,18,2,3,1.0,0.0,0.0,1.0,0.0,1.0,7,2,2
181653,16,2,3,0,6,3,0,1,0,1,2,22,2,2,0.0,0.0,0.0,0.0,0.0,2.0,13,7,12
67923,15,2,3,10,19,3,0,1,0,1,2,19,3,2,0.0,0.0,0.0,0.0,0.0,5.0,17,3,5
29775,16,2,3,17,8,3,0,1,1,1,2,18,2,2,0.0,0.0,0.0,0.0,0.0,4.0,8,4,3
9075,4,2,1,0,18,3,0,1,0,1,2,18,2,2,0.0,0.0,0.0,0.0,0.0,2.0,18,5,1
92230,16,2,1,10,6,3,0,1,1,1,1,17,2,2,0.0,0.0,0.0,0.0,0.0,2.0,3,7,7
96316,16,2,3,15,8,3,0,1,1,1,1,22,2,2,0.0,0.0,0.0,0.0,0.0,3.0,12,6,7
20051,4,2,3,17,15,3,0,1,0,1,2,18,2,2,0.0,0.0,0.0,0.0,0.0,3.0,13,1,2
140038,16,7,0,10,8,3,6,1,1,1,2,19,2,2,0.0,0.0,0.0,0.0,0.0,2.0,23,6,10
188450,15,2,1,0,6,3,0,1,0,1,2,5,2,2,0.0,0.0,0.0,0.0,0.0,4.0,18,7,12
184498,16,10,3,17,8,3,4,5,1,1,1,24,2,2,0.0,0.0,0.0,0.0,0.0,2.0,13,5,12
22997,15,2,1,17,8,3,0,1,1,1,2,5,2,2,0.0,0.0,0.0,0.0,0.0,6.0,21,7,2
102822,16,2,3,17,2,3,0,1,1,1,2,18,2,2,0.0,0.0,0.0,0.0,0.0,3.0,16,2,7
136402,16,2,1,0,8,3,0,1,0,1,2,6,3,2,0.0,0.0,0.0,0.0,0.0,9.0,22,5,9
11849,16,7,1,15,10,3,6,1,0,1,2,23,2,2,0.0,0.0,0.0,0.0,0.0,2.0,17,4,1
173326,4,2,1,10,8,3,0,1,1,1,2,19,3,2,0.0,0.0,0.0,0.0,0.0,7.0,15,2,12
44344,16,2,3,17,8,3,0,5,1,1,2,24,2,2,0.0,0.0,0.0,0.0,0.0,2.0,16,3,4
58365,15,2,3,17,6,3,0,1,0,1,2,11,2,4,2.0,0.0,0.0,0.0,2.0,1.0,9,6,5
12839,4,7,3,0,6,3,6,5,0,1,2,39,2,2,0.0,0.0,0.0,0.0,0.0,2.0,15,6,1
130798,15,2,1,0,10,3,0,1,0,1,2,28,8,2,0.0,0.0,0.0,0.0,0.0,2.0,23,4,9
127285,4,2,3,17,2,3,0,1,0,1,2,11,2,2,0.0,0.0,0.0,0.0,0.0,2.0,18,5,9
110442,16,2,3,15,8,3,0,1,1,1,1,36,2,2,0.0,0.0,0.0,0.0,0.0,2.0,17,2,8
8121,16,2,1,10,3,3,1,1,1,1,2,39,2,2,0.0,0.0,0.0,0.0,0.0,2.0,5,4,1
38164,16,2,1,17,8,3,0,5,0,1,2,36,2,2,0.0,0.0,0.0,0.0,0.0,3.0,23,6,3
169279,16,2,1,15,6,3,0,1,1,1,1,18,2,2,0.0,0.0,0.0,0.0,0.0,2.0,16,2,11
13317,16,3,1,15,6,3,6,5,1,1,2,23,2,2,0.0,0.0,0.0,0.0,0.0,3.0,19,7,1
171238,16,2,4,17,10,3,0,1,1,1,2,24,2,2,0.0,0.0,0.0,0.0,0.0,2.0,18,5,11
186970,16,2,1,17,6,3,6,1,0,1,2,18,2,2,0.0,0.0,0.0,0.0,0.0,2.0,20,6,12
172785,15,2,1,0,8,3,0,1,0,1,2,18,3,3,2.0,0.0,0.0,2.0,0.0,2.0,18,7,12
168373,4,2,3,17,8,3,0,1,0,1,2,18,2,3,1.0,0.0,0.0,1.0,0.0,1.0,13,3,11
121976,15,2,1,0,6,3,0,1,0,1,2,18,2,3,2.0,0.0,0.0,2.0,0.0,4.0,1,7,9
123067,16,2,3,9,8,3,0,1,0,1,2,18,2,3,1.0,0.0,0.0,1.0,0.0,1.0,17,1,9
29430,16,2,3,17,6,3,0,1,0,1,2,6,2,2,0.0,0.0,0.0,0.0,0.0,2.0,17,5,3
86603,4,2,3,8,8,3,0,1,0,1,0,18,2,3,1.0,0.0,0.0,1.0,0.0,1.0,17,4,6
9562,15,2,3,0,11,3,0,1,1,1,2,26,2,2,0.0,0.0,0.0,0.0,0.0,2.0,15,4,1
11351,16,6,3,17,11,3,1,5,1,1,2,18,2,2,0.0,0.0,0.0,0.0,0.0,3.0,7,2,1
105259,4,2,3,10,8,3,0,1,1,0,2,23,2,2,0.0,0.0,0.0,0.0,0.0,2.0,11,7,8
70814,16,2,3,10,2,3,6,1,1,1,1,19,2,2,0.0,0.0,0.0,0.0,0.0,4.0,7,5,5
113702,16,2,5,10,6,3,0,1,1,1,0,26,2,2,0.0,0.0,0.0,0.0,0.0,2.0,23,2,8
73531,16,2,0,10,3,3,0,1,1,1,0,36,2,2,0.0,0.0,0.0,0.0,0.0,2.0,14,5,6
51847,4,2,4,10,8,3,0,1,1,1,2,17,2,2,0.0,0.0,0.0,0.0,0.0,2.0,18,5,4
44256,15,2,3,0,6,3,0,1,1,1,2,17,2,2,0.0,0.0,0.0,0.0,0.0,2.0,16,1,4
129121,16,2,3,15,8,3,0,1,1,1,2,36,2,2,0.0,0.0,0.0,0.0,0.0,2.0,9,2,9
90351,15,2,3,17,8,3,0,1,1,1,1,36,2,2,0.0,0.0,0.0,0.0,0.0,3.0,8,6,7
54797,16,2,1,17,6,3,6,1,1,1,2,18,2,2,0.0,0.0,0.0,0.0,0.0,2.0,20,4,4
127999,16,2,3,0,8,3,0,1,0,1,2,37,2,2,0.0,0.0,0.0,0.0,0.0,2.0,16,2,9
74921,15,2,3,10,8,3,0,5,1,1,2,19,2,2,0.0,0.0,0.0,0.0,0.0,2.0,18,5,6
142990,15,2,3,17,6,3,0,1,1,1,2,36,2,2,0.0,0.0,0.0,0.0,0.0,2.0,10,5,10
154614,16,7,3,15,8,3,6,1,1,1,2,22,2,2,0.0,0.0,0.0,0.0,0.0,2.0,17,4,10
91813,16,2,3,0,8,3,0,1,0,1,2,6,2,3,2.0,0.0,0.0,2.0,0.0,2.0,19,7,7
20227,16,6,1,17,8,3,4,5,0,1,2,39,2,2,0.0,0.0,0.0,0.0,0.0,2.0,4,3,2
85126,15,2,3,10,2,3,0,1,1,1,2,19,2,2,0.0,0.0,0.0,0.0,0.0,2.0,13,3,6
83423,15,2,3,0,8,3,0,1,0,1,2,18,2,3,2.0,0.0,0.0,2.0,0.0,0.0,18,3,6
48060,15,2,1,0,2,3,0,1,1,1,1,36,2,2,0.0,0.0,0.0,0.0,0.0,2.0,2,6,4
92520,16,2,3,15,8,3,0,1,1,1,2,22,2,2,0.0,0.0,0.0,0.0,0.0,4.0,11,3,7
133652,4,7,3,17,2,3,6,5,1,1,2,18,2,2,0.0,0.0,0.0,0.0,0.0,2.0,14,2,9
27160,16,2,3,17,2,3,0,5,0,1,2,36,2,2,0.0,0.0,0.0,0.0,0.0,3.0,8,2,2
18536,16,10,3,10,15,3,4,5,1,1,2,36,3,2,0.0,0.0,0.0,0.0,0.0,3.0,17,2,2
116196,16,2,3,17,1,3,0,1,0,1,2,26,2,4,1.0,0.0,0.0,0.0,1.0,1.0,10,5,8
28883,16,2,2,10,8,3,0,1,1,1,0,36,2,2,0.0,0.0,0.0,0.0,0.0,2.0,17,2,3
83182,16,7,3,17,2,3,6,1,1,1,0,36,2,2,0.0,0.0,0.0,0.0,0.0,2.0,13,6,6
21704,16,2,1,14,3,3,0,1,0,1,2,11,3,3,3.0,0.0,0.0,1.0,2.0,1.0,2,6,2
46867,16,2,3,0,6,3,0,1,0,1,2,11,2,4,1.0,0.0,0.0,0.0,1.0,2.0,9,7,4
38566,15,2,1,0,8,3,0,1,0,1,2,5,2,3,2.0,0.0,0.0,2.0,0.0,0.0,4,7,3
132039,16,2,3,10,2,3,0,1,1,1,1,36,2,2,0.0,0.0,0.0,0.0,0.0,2.0,18,7,9
53291,16,2,3,17,8,3,0,1,1,1,2,36,2,2,0.0,0.0,0.0,0.0,0.0,2.0,12,2,4
154579,16,7,3,10,2,3,6,1,1,1,2,36,2,2,0.0,0.0,0.0,0.0,0.0,2.0,13,4,10
13569,4,2,3,11,4,3,0,1,1,1,0,36,2,2,0.0,0.0,0.0,0.0,0.0,3.0,11,5,1
42681,16,7,3,0,6,3,6,1,0,1,1,18,2,2,0.0,0.0,0.0,0.0,0.0,3.0,17,2,4
150296,16,2,3,0,6,3,0,1,0,1,2,18,2,4,3.0,0.0,0.0,0.0,3.0,1.0,11,3,10
23020,16,2,3,17,6,3,0,1,0,1,2,23,2,2,0.0,0.0,0.0,0.0,0.0,4.0,12,7,2
56427,4,2,3,8,8,3,0,5,1,1,1,18,2,2,0.0,0.0,0.0,0.0,0.0,2.0,16,4,5
115747,16,2,3,17,8,3,0,1,1,1,2,18,2,2,0.0,0.0,0.0,0.0,0.0,6.0,17,6,8
107847,15,2,3,0,6,3,0,1,1,1,2,36,2,2,0.0,0.0,0.0,0.0,0.0,2.0,16,5,8
59876,15,2,3,0,6,3,0,1,0,1,2,18,2,2,0.0,0.0,0.0,0.0,0.0,2.0,17,2,5
161020,16,2,1,10,8,3,0,5,0,1,1,19,2,4,1.0,0.0,0.0,0.0,1.0,1.0,21,1,11
129361,18,2,3,0,6,3,0,1,0,1,2,18,3,2,0.0,0.0,0.0,0.0,0.0,3.0,14,7,9
41464,16,2,1,0,2,3,0,1,1,1,2,21,2,2,0.0,0.0,0.0,0.0,0.0,2.0,23,6,3
10474,16,2,1,0,6,3,6,1,0,1,2,36,2,3,3.0,0.0,0.0,3.0,0.0,1.0,5,1,1
34383,4,2,3,15,10,3,0,1,1,1,2,21,2,2,0.0,0.0,0.0,0.0,0.0,5.0,14,4,3
9777,16,2,3,10,8,3,0,1,1,1,1,19,2,2,0.0,0.0,0.0,0.0,0.0,2.0,13,4,1
146472,16,2,4,10,10,3,0,5,1,1,2,19,2,2,0.0,0.0,0.0,0.0,0.0,2.0,6,3,10
90458,4,2,3,17,8,3,0,1,0,1,2,24,2,2,0.0,0.0,0.0,0.0,0.0,2.0,15,6,7
168428,16,2,3,17,8,3,0,1,1,1,1,24,2,2,0.0,0.0,0.0,0.0,0.0,2.0,10,3,11
117829,16,2,3,8,2,3,0,1,0,1,1,28,2,3,1.0,0.0,0.0,1.0,0.0,1.0,8,2,8
47442,4,2,1,7,8,3,0,1,1,1,2,21,2,2,0.0,0.0,0.0,0.0,0.0,1.0,2,4,4
70877,15,2,0,0,8,3,0,1,0,0,2,18,2,2,0.0,0.0,0.0,0.0,0.0,8.0,20,7,5
92017,16,2,3,17,8,3,0,1,1,1,1,24,2,2,0.0,0.0,0.0,0.0,0.0,4.0,11,2,7
183148,16,2,1,17,2,3,0,1,0,1,2,18,2,1,4.0,0.0,1.0,3.0,0.0,0.0,5,5,12
181533,16,2,1,10,8,3,0,1,1,1,2,36,2,2,0.0,0.0,0.0,0.0,0.0,3.0,17,5,12
139143,4,2,1,0,15,3,0,1,1,1,2,5,2,2,0.0,0.0,0.0,0.0,0.0,2.0,2,2,10
125769,15,2,3,0,9,3,0,1,1,1,2,36,2,2,0.0,0.0,0.0,0.0,0.0,4.0,18,6,9
138945,16,2,3,17,8,3,0,1,1,1,2,12,2,2,0.0,0.0,0.0,0.0,0.0,2.0,16,5,10
3393,16,7,1,17,8,3,6,1,1,1,2,22,2,2,0.0,0.0,0.0,0.0,0.0,2.0,17,6,1
38950,4,2,1,3,8,3,0,1,0,1,1,36,3,3,3.0,0.0,0.0,3.0,0.0,0.0,19,7,3
144639,16,11,3,8,2,3,5,5,0,1,2,36,2,4,1.0,0.0,0.0,0.0,1.0,1.0,14,6,10
6580,16,10,0,10,8,3,4,1,0,1,1,16,2,1,1.0,0.0,1.0,0.0,0.0,1.0,23,1,1
95749,16,2,3,0,8,3,0,1,1,1,2,6,2,2,0.0,0.0,0.0,0.0,0.0,2.0,11,5,7
79525,16,7,3,10,6,3,6,1,1,1,1,17,3,2,0.0,0.0,0.0,0.0,0.0,5.0,11,7,6
187916,16,7,1,17,6,3,6,1,0,1,2,36,2,3,2.0,0.0,0.0,1.0,1.0,1.0,22,5,12
29638,16,2,3,10,8,3,0,1,1,1,1,36,2,2,0.0,0.0,0.0,0.0,0.0,4.0,15,1,3
68631,16,2,3,15,8,3,0,1,1,1,0,36,2,2,0.0,0.0,0.0,0.0,0.0,2.0,15,6,5
187819,16,2,3,17,8,3,0,1,1,1,1,22,2,2,0.0,0.0,0.0,0.0,0.0,3.0,15,4,12
184931,4,7,3,9,8,3,6,1,0,1,2,36,2,3,1.0,0.0,0.0,1.0,0.0,1.0,16,4,12
148491,4,2,3,15,6,3,6,1,1,1,1,36,2,2,0.0,0.0,0.0,0.0,0.0,2.0,7,5,10
33165,16,2,3,15,6,3,0,1,1,1,1,19,2,2,0.0,0.0,0.0,0.0,0.0,2.0,16,6,3
148264,16,7,3,0,2,3,6,1,0,1,2,18,2,2,0.0,0.0,0.0,0.0,0.0,2.0,16,2,10
109265,4,2,3,0,8,3,0,1,1,0,1,36,2,2,0.0,0.0,0.0,0.0,0.0,2.0,13,6,8
38031,4,2,3,15,8,3,0,1,1,1,2,36,2,2,0.0,0.0,0.0,0.0,0.0,2.0,14,5,3
129648,16,2,1,10,8,3,0,1,1,1,2,17,2,2,0.0,0.0,0.0,0.0,0.0,3.0,0,2,9
185342,16,2,1,9,2,3,0,1,1,1,0,36,2,2,0.0,0.0,0.0,0.0,0.0,2.0,20,2,12
24111,16,10,3,17,8,3,6,1,1,1,1,24,2,2,0.0,0.0,0.0,0.0,0.0,2.0,8,4,2
37677,16,3,3,17,1,3,0,3,1,1,2,36,2,2,0.0,0.0,0.0,0.0,0.0,2.0,14,5,3
147356,16,11,5,17,2,3,5,5,1,1,2,22,2,2,0.0,0.0,0.0,0.0,0.0,2.0,13,5,10
42904,16,2,3,10,8,3,0,1,0,1,2,17,2,2,0.0,0.0,0.0,0.0,0.0,2.0,13,6,4
131314,16,2,3,0,2,3,0,1,1,0,2,18,2,2,0.0,0.0,0.0,0.0,0.0,2.0,9,4,9
68794,16,2,0,17,6,3,0,1,1,1,2,22,2,2,0.0,0.0,0.0,0.0,0.0,4.0,22,1,5
30217,4,2,3,0,6,3,0,1,1,1,1,18,2,2,0.0,0.0,0.0,0.0,0.0,2.0,15,5,3
108400,4,2,1,17,15,3,0,1,1,1,0,36,2,2,0.0,0.0,0.0,0.0,0.0,3.0,23,6,8
6628,15,2,3,10,8,3,0,1,0,1,2,36,2,4,1.0,0.0,0.0,0.0,1.0,1.0,9,2,1
180159,16,2,4,2,3,3,0,1,0,1,2,24,1,2,0.0,0.0,0.0,0.0,0.0,1.0,17,6,12
14768,16,10,3,0,15,3,6,1,0,1,2,17,4,3,1.0,0.0,0.0,1.0,0.0,1.0,13,6,1
180995,4,10,1,9,8,3,1,6,0,1,0,39,2,4,1.0,0.0,0.0,0.0,1.0,1.0,20,4,12
92788,16,7,1,10,8,3,6,1,1,1,1,17,2,2,0.0,0.0,0.0,0.0,0.0,4.0,20,1,7
87862,4,2,3,10,8,3,0,5,1,1,0,18,2,2,0.0,0.0,0.0,0.0,0.0,2.0,19,1,7
32503,4,2,3,15,3,3,0,1,1,1,2,23,2,2,0.0,0.0,0.0,0.0,0.0,2.0,16,7,3
166457,15,2,3,0,10,3,0,1,1,1,0,18,2,2,0.0,0.0,0.0,0.0,0.0,2.0,14,6,11
131524,15,2,1,17,8,3,0,1,0,1,2,24,2,1,3.0,0.0,1.0,2.0,0.0,1.0,22,1,9
44043,16,3,1,17,10,3,6,1,0,1,2,22,2,4,1.0,0.0,0.0,0.0,1.0,1.0,15,5,4
18562,15,10,1,0,10,3,4,1,1,1,2,26,2,2,0.0,0.0,0.0,0.0,0.0,2.0,22,2,2
34685,16,2,3,8,6,3,0,5,0,1,1,23,2,3,1.0,0.0,0.0,1.0,0.0,1.0,7,3,3
91216,4,2,3,17,8,3,0,1,0,1,2,18,2,2,0.0,0.0,0.0,0.0,0.0,3.0,11,4,7
39051,15,2,3,2,8,3,0,1,0,1,2,36,1,2,0.0,0.0,0.0,0.0,0.0,1.0,19,3,3
164928,15,2,1,8,6,3,0,1,0,1,0,5,2,3,1.0,0.0,0.0,1.0,0.0,2.0,1,1,11
21822,4,2,1,17,3,3,0,1,1,1,0,22,2,2,0.0,0.0,0.0,0.0,0.0,2.0,21,7,2
115560,15,2,3,0,6,3,0,1,0,1,2,18,2,2,0.0,0.0,0.0,0.0,0.0,3.0,8,5,8
28419,4,2,3,10,8,3,0,1,1,1,2,17,2,2,0.0,0.0,0.0,0.0,0.0,2.0,12,6,3
37855,16,2,3,0,6,3,0,1,1,1,2,6,2,2,0.0,0.0,0.0,0.0,0.0,2.0,7,2,3
160859,16,2,3,9,11,3,0,1,0,0,2,18,2,3,1.0,0.0,0.0,1.0,0.0,1.0,5,6,11
98892,16,2,3,17,6,3,0,1,0,1,2,36,2,1,1.0,0.0,1.0,0.0,0.0,1.0,12,2,7
126672,15,2,3,10,2,3,0,1,1,1,2,33,2,2,0.0,0.0,0.0,0.0,0.0,2.0,15,4,9
119553,15,2,3,8,6,3,0,1,0,1,0,36,2,3,1.0,0.0,0.0,1.0,0.0,1.0,18,6,8
22173,16,3,3,17,8,3,0,1,1,1,1,23,2,2,0.0,0.0,0.0,0.0,0.0,2.0,10,6,2
152946,16,7,1,0,6,3,6,1,0,1,2,6,2,2,0.0,0.0,0.0,0.0,0.0,2.0,1,1,10
97078,15,2,3,0,6,3,0,1,0,1,2,36,3,4,3.0,0.0,0.0,0.0,3.0,1.0,10,5,7
164793,16,7,1,10,2,3,6,1,1,1,0,39,2,2,0.0,0.0,0.0,0.0,0.0,3.0,17,6,11
373,16,2,1,2,6,3,0,1,0,1,2,36,1,2,0.0,0.0,0.0,0.0,0.0,1.0,4,1,1
31102,6,2,4,2,10,2,0,2,1,0,0,36,1,2,0.0,0.0,0.0,0.0,0.0,1.0,18,5,3
47904,16,2,3,15,8,3,0,5,1,1,1,19,2,2,0.0,0.0,0.0,0.0,0.0,2.0,13,5,4
126460,16,7,3,15,10,3,6,1,1,1,1,36,2,2,0.0,0.0,0.0,0.0,0.0,2.0,16,2,9
52388,16,2,1,10,2,3,0,1,1,1,2,17,2,2,0.0,0.0,0.0,0.0,0.0,5.0,21,7,4
50622,16,2,3,15,8,3,0,1,1,1,2,23,2,2,0.0,0.0,0.0,0.0,0.0,3.0,7,4,4
114165,16,2,3,10,8,3,0,1,1,1,1,19,2,2,0.0,0.0,0.0,0.0,0.0,2.0,15,3,8
179995,16,2,3,10,8,3,0,1,1,1,2,19,2,2,0.0,0.0,0.0,0.0,0.0,2.0,12,5,12
168755,4,2,3,7,8,3,0,1,1,1,1,36,2,2,0.0,0.0,0.0,0.0,0.0,1.0,13,1,11
112737,16,2,3,17,2,3,0,1,1,1,2,36,2,2,0.0,0.0,0.0,0.0,0.0,2.0,9,2,8
21167,16,2,1,17,10,0,6,1,1,1,1,36,2,2,0.0,0.0,0.0,0.0,0.0,2.0,22,4,2
15924,15,2,1,0,6,3,0,1,1,1,2,18,2,2,0.0,0.0,0.0,0.0,0.0,2.0,4,6,2
54774,16,3,3,10,11,3,6,1,0,1,2,19,2,2,0.0,0.0,0.0,0.0,0.0,2.0,17,4,4
14157,15,3,1,7,12,3,0,1,1,1,0,9,2,2,0.0,0.0,0.0,0.0,0.0,1.0,20,2,1
136884,15,2,0,0,19,3,0,1,0,1,2,18,2,2,0.0,0.0,0.0,0.0,0.0,2.0,21,5,9
102346,4,7,3,10,8,3,6,1,0,1,2,16,3,2,0.0,0.0,0.0,0.0,0.0,7.0,15,6,7
183633,16,2,1,0,8,3,0,1,0,1,2,11,2,3,1.0,0.0,0.0,1.0,0.0,5.0,3,5,12
81970,16,2,3,17,6,3,0,1,1,1,2,24,2,2,0.0,0.0,0.0,0.0,0.0,2.0,8,2,6
33891,15,3,3,10,8,3,6,1,1,1,0,21,2,2,0.0,0.0,0.0,0.0,0.0,2.0,17,3,3
25715,16,10,1,15,8,2,4,5,0,1,2,13,3,2,0.0,0.0,0.0,0.0,0.0,4.0,18,4,2
112089,4,2,1,0,2,3,0,5,1,1,1,36,2,2,0.0,0.0,0.0,0.0,0.0,3.0,18,6,8
85970,16,2,1,15,2,3,0,1,1,0,2,36,2,2,0.0,0.0,0.0,0.0,0.0,2.0,3,1,6
110063,15,2,4,0,15,3,0,1,0,1,2,5,2,3,1.0,0.0,0.0,1.0,0.0,1.0,18,4,8
47419,15,2,3,0,6,3,0,1,0,1,2,38,2,3,2.0,0.0,0.0,2.0,0.0,2.0,10,3,4
71267,15,2,3,0,11,3,0,1,0,1,1,5,2,4,1.0,0.0,0.0,0.0,1.0,3.0,19,5,5
161162,4,2,3,8,6,3,0,1,0,1,0,18,2,3,1.0,0.0,0.0,1.0,0.0,1.0,16,5,11
174280,16,2,3,10,8,3,5,5,1,1,2,36,2,2,0.0,0.0,0.0,0.0,0.0,2.0,14,7,12
80336,4,2,1,7,8,3,0,1,0,0,2,36,2,4,2.0,0.0,0.0,0.0,2.0,0.0,3,1,6
179394,4,2,1,0,8,3,0,1,0,1,2,17,3,2,0.0,0.0,0.0,0.0,0.0,3.0,17,6,12
42064,4,2,3,0,0,3,0,1,1,1,2,36,2,2,0.0,0.0,0.0,0.0,0.0,2.0,16,5,3
181857,16,2,1,9,8,3,0,1,1,1,0,18,2,2,0.0,0.0,0.0,0.0,0.0,2.0,18,6,12
19825,15,2,3,17,15,3,0,1,1,1,0,36,2,2,0.0,0.0,0.0,0.0,0.0,6.0,16,3,2
127997,16,2,3,10,6,3,0,5,0,1,2,36,3,2,0.0,0.0,0.0,0.0,0.0,4.0,16,2,9
77231,16,2,3,17,3,3,0,1,1,1,2,36,2,2,0.0,0.0,0.0,0.0,0.0,3.0,18,3,6
123564,4,2,3,8,8,3,6,1,0,1,0,36,2,3,1.0,0.0,0.0,1.0,0.0,1.0,12,1,9
46536,16,2,3,17,6,3,0,1,0,1,2,18,2,2,0.0,0.0,0.0,0.0,0.0,3.0,14,1,4
130485,16,2,1,0,6,3,0,1,0,1,2,6,2,2,0.0,0.0,0.0,0.0,0.0,2.0,21,1,9
9419,15,2,1,17,18,3,0,1,0,1,2,18,2,4,1.0,0.0,0.0,0.0,1.0,1.0,22,4,1
11870,16,7,3,10,6,3,1,1,0,1,2,36,2,2,0.0,0.0,0.0,0.0,0.0,5.0,7,4,1
128063,15,2,2,0,19,3,0,1,1,1,2,18,2,2,0.0,0.0,0.0,0.0,0.0,2.0,6,3,9
56416,16,7,3,9,2,3,6,1,0,1,0,18,2,4,1.0,0.0,0.0,0.0,1.0,1.0,12,2,5
169622,16,2,3,15,1,3,0,1,1,1,2,36,2,2,0.0,0.0,0.0,0.0,0.0,2.0,14,7,11
70845,15,2,3,0,6,3,0,1,0,1,2,5,2,2,0.0,0.0,0.0,0.0,0.0,4.0,12,5,5
13559,16,2,3,14,8,3,6,1,0,1,2,36,2,3,2.0,0.0,0.0,2.0,0.0,0.0,9,5,1
12447,16,2,3,17,2,3,0,1,0,1,1,18,2,2,0.0,0.0,0.0,0.0,0.0,2.0,9,6,1
32381,16,2,1,10,6,3,6,5,1,1,2,17,2,2,0.0,0.0,0.0,0.0,0.0,2.0,3,7,3
139438,16,2,1,9,2,3,0,1,0,1,2,36,2,4,1.0,0.0,0.0,0.0,1.0,1.0,19,5,10
87216,16,2,1,2,6,3,0,1,1,1,2,36,1,2,0.0,0.0,0.0,0.0,0.0,2.0,23,7,6
101454,16,2,1,17,8,3,0,1,1,1,1,24,2,2,0.0,0.0,0.0,0.0,0.0,5.0,22,7,7
33800,16,2,3,17,4,3,0,1,1,0,1,36,2,2,0.0,0.0,0.0,0.0,0.0,4.0,11,3,3
26205,15,2,1,7,8,3,0,1,1,0,1,36,2,2,0.0,0.0,0.0,0.0,0.0,2.0,19,7,2