crash_date,               traffic_control_device,weather_condition,lighting_condition,first_crash_type,trafficway_type,alignment,roadway_surface_cond,road_defect,crash_type,intersection_related_i,damage,prim_contributory_cause,num_units,most_severe_injury,injuries_total,injuries_fatal,injuries_incapacitating,injuries_non_incapacitating,injuries_reported_not_evident,injuries_no_indication,crash_hour,crash_day_of_week,crash_month
21608,16,2,3,9,8,3,0,1,0,1,2,18,2,3,1.0,0.0,0.0,1.0,0.0,1.0,10,4,2
81177,15,2,3,7,10,4,0,1,1,1,1,12,2,2,0.0,0.0,0.0,0.0,0.0,3.0,15,6,6
79456,16,2,3,17,8,3,6,1,1,1,1,18,2,2,0.0,0.0,0.0,0.0,0.0,2.0,13,7,6
155174,16,2,1,17,2,3,0,1,0,0,2,36,2,4,1.0,0.0,0.0,0.0,1.0,2.0,23,3,10
8859,15,2,1,0,6,3,0,1,0,1,2,18,2,2,0.0,0.0,0.0,0.0,0.0,2.0,23,7,1
155453,9,2,3,2,7,3,0,1,0,1,2,12,2,2,0.0,0.0,0.0,0.0,0.0,1.0,7,1,10
171485,15,2,1,17,11,3,0,1,0,1,2,36,2,2,0.0,0.0,0.0,0.0,0.0,2.0,17,4,11
36705,4,2,3,10,8,3,0,1,1,1,1,22,2,2,0.0,0.0,0.0,0.0,0.0,6.0,13,1,3
80422,15,2,3,15,8,3,0,1,1,0,2,22,2,2,0.0,0.0,0.0,0.0,0.0,2.0,11,6,6
42586,15,2,3,0,6,3,0,1,0,1,2,18,2,3,2.0,0.0,0.0,2.0,0.0,4.0,11,6,4
92641,16,2,3,17,2,3,0,1,0,1,2,18,2,2,0.0,0.0,0.0,0.0,0.0,5.0,20,6,7
45080,16,2,3,0,8,3,0,1,0,1,2,6,2,1,2.0,0.0,1.0,1.0,0.0,1.0,12,1,4
176836,4,2,1,17,2,3,0,1,1,1,2,19,2,2,0.0,0.0,0.0,0.0,0.0,2.0,19,5,12
32127,15,7,1,9,6,3,6,1,0,0,2,18,2,1,1.0,0.0,1.0,0.0,0.0,1.0,19,2,3
13723,16,7,1,17,6,3,6,1,0,1,2,18,2,2,0.0,0.0,0.0,0.0,0.0,2.0,2,1,1
35127,16,2,3,17,16,3,0,1,1,1,2,24,2,2,0.0,0.0,0.0,0.0,0.0,2.0,16,3,3
23673,15,2,3,0,6,3,0,1,0,1,2,18,2,2,0.0,0.0,0.0,0.0,0.0,4.0,17,4,2
62003,4,2,3,7,6,3,5,5,1,1,2,24,2,2,0.0,0.0,0.0,0.0,0.0,1.0,14,1,5
16025,16,2,1,17,3,3,0,1,1,1,1,22,2,2,0.0,0.0,0.0,0.0,0.0,2.0,17,7,2
159083,17,11,5,10,17,3,5,5,1,1,0,19,2,2,0.0,0.0,0.0,0.0,0.0,2.0,9,2,11
17825,16,7,1,17,11,3,6,1,1,1,0,19,2,2,0.0,0.0,0.0,0.0,0.0,2.0,19,3,2
124352,16,7,1,2,6,3,6,1,0,1,2,36,1,3,2.0,0.0,0.0,2.0,0.0,0.0,0,7,9
3107,16,2,1,10,2,3,0,5,1,1,2,19,2,2,0.0,0.0,0.0,0.0,0.0,2.0,19,3,1
168800,4,11,5,9,10,3,5,5,0,1,0,36,2,4,1.0,0.0,0.0,0.0,1.0,1.0,11,1,11
165759,16,2,3,0,8,3,0,1,1,1,2,6,2,2,0.0,0.0,0.0,0.0,0.0,4.0,11,6,11
15272,16,2,1,17,2,3,0,1,1,1,2,36,2,2,0.0,0.0,0.0,0.0,0.0,2.0,19,7,2
27904,16,2,1,0,6,3,5,5,0,1,2,6,2,2,0.0,0.0,0.0,0.0,0.0,4.0,23,1,2
142947,16,3,3,9,15,3,0,1,0,1,0,6,2,1,1.0,0.0,1.0,0.0,0.0,1.0,15,5,10
112032,16,2,3,0,2,3,0,1,1,1,2,6,2,2,0.0,0.0,0.0,0.0,0.0,2.0,7,5,8
140050,16,2,3,10,2,3,0,1,0,1,1,36,3,4,2.0,0.0,0.0,0.0,2.0,2.0,13,7,10
120977,16,2,3,10,6,3,0,5,1,1,2,19,2,2,0.0,0.0,0.0,0.0,0.0,2.0,7,6,9
43698,16,3,3,0,8,3,1,1,1,1,2,39,2,2,0.0,0.0,0.0,0.0,0.0,4.0,7,4,4
134578,17,11,5,17,8,3,5,5,1,1,2,23,2,2,0.0,0.0,0.0,0.0,0.0,2.0,6,1,9
124176,16,2,3,8,6,3,0,1,0,1,2,38,2,3,1.0,0.0,0.0,1.0,0.0,1.0,16,4,9
83936,15,2,3,8,6,3,0,1,0,1,2,38,2,1,1.0,0.0,1.0,0.0,0.0,1.0,15,4,6
28609,16,2,3,10,6,3,5,1,1,1,2,36,2,2,0.0,0.0,0.0,0.0,0.0,2.0,7,4,3
126202,4,2,3,17,6,3,0,1,1,1,2,24,2,2,0.0,0.0,0.0,0.0,0.0,2.0,7,4,9
62340,16,2,1,17,2,3,0,1,1,1,1,24,2,2,0.0,0.0,0.0,0.0,0.0,3.0,22,5,5
143168,16,2,3,2,6,3,0,1,1,1,2,36,1,2,0.0,0.0,0.0,0.0,0.0,1.0,7,2,10
48475,16,11,3,17,18,3,5,5,1,1,2,36,2,2,0.0,0.0,0.0,0.0,0.0,2.0,15,1,4
15835,4,10,3,0,10,3,4,1,1,1,1,18,2,2,0.0,0.0,0.0,0.0,0.0,2.0,7,4,2
96005,16,2,3,10,8,3,0,1,1,1,2,19,2,2,0.0,0.0,0.0,0.0,0.0,2.0,10,3,7
171536,18,2,3,10,15,3,0,5,0,1,2,17,2,4,1.0,0.0,0.0,0.0,1.0,2.0,12,4,11
167643,16,2,3,17,8,3,0,1,1,1,1,18,2,2,0.0,0.0,0.0,0.0,0.0,4.0,13,4,11
82816,16,2,3,17,8,3,0,1,0,1,2,36,4,3,1.0,0.0,0.0,1.0,0.0,1.0,12,6,6
8245,15,3,3,0,8,3,6,1,0,1,2,18,2,2,0.0,0.0,0.0,0.0,0.0,2.0,12,5,1
148574,16,2,1,17,8,3,0,1,1,1,2,36,2,2,0.0,0.0,0.0,0.0,0.0,2.0,21,7,10
14912,16,2,3,17,3,3,0,5,0,1,2,24,2,4,1.0,0.0,0.0,0.0,1.0,1.0,16,2,1
85164,16,2,4,15,8,3,0,1,1,1,1,22,2,2,0.0,0.0,0.0,0.0,0.0,2.0,21,3,6
166202,16,2,3,17,6,3,0,1,0,1,2,23,2,2,0.0,0.0,0.0,0.0,0.0,4.0,12,5,11
39512,17,11,5,0,8,3,5,5,1,1,2,36,2,2,0.0,0.0,0.0,0.0,0.0,5.0,18,5,3
161255,16,2,1,17,3,3,0,1,1,1,2,36,2,2,0.0,0.0,0.0,0.0,0.0,2.0,20,6,11
171894,17,2,3,10,17,3,0,5,1,1,2,36,2,2,0.0,0.0,0.0,0.0,0.0,2.0,15,3,11
139760,16,2,3,10,6,3,0,1,1,1,0,19,2,2,0.0,0.0,0.0,0.0,0.0,2.0,9,4,10
153944,15,2,1,0,2,3,0,1,1,1,1,18,2,2,0.0,0.0,0.0,0.0,0.0,3.0,19,1,10
73705,16,7,1,10,6,3,6,1,0,1,0,17,3,2,0.0,0.0,0.0,0.0,0.0,3.0,22,7,6
9115,16,2,3,17,2,3,2,5,1,1,1,23,2,2,0.0,0.0,0.0,0.0,0.0,4.0,15,3,1
46119,16,2,2,0,6,3,0,1,0,1,2,3,2,2,0.0,0.0,0.0,0.0,0.0,2.0,5,7,4
101201,16,2,3,14,8,3,0,1,1,1,1,23,2,2,0.0,0.0,0.0,0.0,0.0,2.0,6,6,7
17652,16,2,3,0,6,3,0,1,0,1,2,3,2,2,0.0,0.0,0.0,0.0,0.0,3.0,8,1,2
16814,15,2,1,0,8,3,0,5,0,1,2,36,2,2,0.0,0.0,0.0,0.0,0.0,2.0,20,1,2
136224,16,2,3,15,8,3,0,1,1,0,0,24,2,2,0.0,0.0,0.0,0.0,0.0,2.0,16,3,9
108572,16,2,1,17,6,3,0,1,1,1,2,18,2,2,0.0,0.0,0.0,0.0,0.0,5.0,20,3,8
41961,16,3,3,15,8,3,0,1,1,1,2,22,2,2,0.0,0.0,0.0,0.0,0.0,2.0,15,3,3
153705,4,2,3,3,8,3,0,1,1,1,2,36,2,2,0.0,0.0,0.0,0.0,0.0,2.0,16,6,10
43752,15,7,3,15,10,3,6,5,1,1,1,23,2,2,0.0,0.0,0.0,0.0,0.0,2.0,17,5,4
27052,15,11,3,17,6,3,5,5,0,1,2,5,2,2,0.0,0.0,0.0,0.0,0.0,2.0,12,7,2
46550,15,2,3,17,6,3,0,1,1,1,1,36,2,2,0.0,0.0,0.0,0.0,0.0,7.0,18,1,4
72877,16,2,3,17,2,3,0,1,1,1,2,12,2,2,0.0,0.0,0.0,0.0,0.0,4.0,13,1,6
150996,16,7,1,10,3,3,6,1,1,1,2,19,2,2,0.0,0.0,0.0,0.0,0.0,2.0,18,3,10
71524,4,2,1,17,8,3,0,1,0,1,2,24,2,2,0.0,0.0,0.0,0.0,0.0,2.0,23,2,5
150127,16,2,1,2,6,3,0,1,0,0,2,36,1,1,1.0,0.0,1.0,0.0,0.0,0.0,3,7,10
182002,17,11,5,10,17,3,5,5,1,1,0,36,2,2,0.0,0.0,0.0,0.0,0.0,3.0,19,3,12
74253,16,2,3,17,8,3,0,1,1,1,0,12,2,2,0.0,0.0,0.0,0.0,0.0,2.0,10,1,6
112527,16,2,3,7,2,3,0,1,0,1,2,24,2,2,0.0,0.0,0.0,0.0,0.0,1.0,12,5,8
65620,4,7,3,17,8,3,6,1,1,1,2,18,2,2,0.0,0.0,0.0,0.0,0.0,2.0,12,7,5
137479,16,2,3,0,6,3,0,1,0,1,2,28,2,4,3.0,0.0,0.0,0.0,3.0,3.0,17,7,9
77808,16,2,3,17,6,3,0,1,0,1,2,19,2,2,0.0,0.0,0.0,0.0,0.0,2.0,13,6,6
185415,16,3,3,17,15,3,0,1,0,1,2,8,2,2,0.0,0.0,0.0,0.0,0.0,5.0,13,5,12
106470,16,2,3,10,6,3,0,5,0,1,2,19,2,1,1.0,0.0,1.0,0.0,0.0,1.0,14,6,8
181276,16,7,3,0,6,3,6,1,0,1,2,18,2,2,0.0,0.0,0.0,0.0,0.0,2.0,10,2,12
79361,15,2,3,0,8,3,0,1,0,1,2,17,2,3,1.0,0.0,0.0,1.0,0.0,2.0,19,5,6
162539,16,2,3,17,2,3,0,1,1,1,1,26,2,2,0.0,0.0,0.0,0.0,0.0,2.0,16,3,11
179409,4,2,3,17,8,3,0,1,1,1,2,24,2,2,0.0,0.0,0.0,0.0,0.0,2.0,7,6,12
84020,15,2,3,17,6,3,0,1,0,1,2,24,2,3,1.0,0.0,0.0,1.0,0.0,1.0,18,5,6
31175,16,2,3,10,8,4,0,1,1,1,1,17,2,2,0.0,0.0,0.0,0.0,0.0,3.0,18,7,3
27133,16,2,3,15,3,3,5,5,1,1,2,23,2,2,0.0,0.0,0.0,0.0,0.0,2.0,15,2,2
150505,4,2,3,0,8,3,0,1,0,1,2,5,6,3,3.0,0.0,0.0,3.0,0.0,0.0,11,3,10
180935,16,3,3,15,6,3,6,1,1,1,2,39,3,2,0.0,0.0,0.0,0.0,0.0,3.0,8,2,12
135492,16,7,3,17,6,3,6,1,0,1,2,6,2,2,0.0,0.0,0.0,0.0,0.0,6.0,16,6,9
175540,15,11,3,17,8,4,0,5,1,1,2,17,2,2,0.0,0.0,0.0,0.0,0.0,2.0,15,6,12
166581,15,2,3,9,8,3,0,1,0,1,0,5,2,4,1.0,0.0,0.0,0.0,1.0,1.0,8,3,11
78679,16,2,3,17,8,3,0,1,1,1,2,18,2,2,0.0,0.0,0.0,0.0,0.0,3.0,15,5,6
69770,16,2,3,10,8,3,0,1,1,1,2,19,2,2,0.0,0.0,0.0,0.0,0.0,2.0,16,3,5
54594,15,2,3,0,2,3,0,1,0,1,2,18,2,2,0.0,0.0,0.0,0.0,0.0,4.0,13,7,4
115920,15,2,3,0,15,3,0,5,1,1,1,36,2,2,0.0,0.0,0.0,0.0,0.0,2.0,13,3,8
139339,16,2,4,17,8,3,0,5,1,1,1,22,2,2,0.0,0.0,0.0,0.0,0.0,2.0,18,3,10
174061,16,11,1,10,15,3,5,5,1,1,2,36,2,2,0.0,0.0,0.0,0.0,0.0,2.0,18,7,12
154536,15,2,3,17,8,3,0,1,0,1,2,18,2,4,1.0,0.0,0.0,0.0,1.0,2.0,17,3,10
21542,4,11,1,0,6,3,5,5,0,1,2,36,2,2,0.0,0.0,0.0,0.0,0.0,2.0,21,3,2
63420,17,2,1,17,18,3,5,5,1,1,1,36,2,2,0.0,0.0,0.0,0.0,0.0,2.0,4,1,5
20070,16,2,1,10,8,3,0,1,1,1,1,19,2,2,0.0,0.0,0.0,0.0,0.0,5.0,17,1,2
50285,16,3,3,10,2,3,0,1,1,1,2,17,2,2,0.0,0.0,0.0,0.0,0.0,2.0,14,4,4
88524,4,2,3,10,8,3,0,5,1,1,1,19,2,2,0.0,0.0,0.0,0.0,0.0,3.0,15,6,7
109264,4,2,3,10,8,3,0,1,1,1,1,19,2,2,0.0,0.0,0.0,0.0,0.0,2.0,13,6,8
79297,16,2,3,10,3,3,0,1,1,1,2,17,2,2,0.0,0.0,0.0,0.0,0.0,2.0,10,6,6
159451,16,2,3,17,2,3,5,5,0,1,2,17,2,3,2.0,0.0,0.0,2.0,0.0,1.0,13,1,11
183860,4,2,4,0,15,3,0,1,1,1,1,18,2,2,0.0,0.0,0.0,0.0,0.0,2.0,18,2,12
111376,4,2,3,0,8,3,0,1,0,1,2,38,4,3,2.0,0.0,0.0,2.0,0.0,2.0,18,4,8
150923,16,2,3,15,6,3,0,1,1,1,0,11,2,2,0.0,0.0,0.0,0.0,0.0,2.0,11,4,10
111141,15,2,3,0,2,3,0,5,0,1,2,36,2,3,1.0,0.0,0.0,1.0,0.0,4.0,12,6,8
71673,16,2,3,17,3,3,0,1,0,1,2,18,2,3,1.0,0.0,0.0,1.0,0.0,1.0,12,4,5
65975,18,2,3,15,11,3,0,1,1,1,2,12,2,2,0.0,0.0,0.0,0.0,0.0,2.0,10,7,5
46371,16,9,3,2,8,3,6,1,0,1,2,6,3,2,0.0,0.0,0.0,0.0,0.0,3.0,13,4,4
9568,16,11,1,10,8,3,5,1,0,1,2,36,2,4,1.0,0.0,0.0,0.0,1.0,1.0,19,4,1
135664,16,2,3,0,8,3,0,1,1,1,1,6,2,2,0.0,0.0,0.0,0.0,0.0,2.0,11,2,9
166280,16,3,3,9,1,3,6,1,0,1,2,36,2,1,1.0,0.0,1.0,0.0,0.0,1.0,14,7,11
185938,16,10,1,0,6,3,1,1,0,1,2,13,2,2,0.0,0.0,0.0,0.0,0.0,2.0,22,1,12
144740,16,2,1,10,8,4,0,5,1,1,1,36,2,2,0.0,0.0,0.0,0.0,0.0,2.0,20,7,10
188752,16,2,1,17,8,3,0,1,1,1,2,18,2,2,0.0,0.0,0.0,0.0,0.0,2.0,19,3,12
157226,4,2,3,17,8,3,0,1,1,1,0,36,2,2,0.0,0.0,0.0,0.0,0.0,2.0,6,5,11
84108,16,2,3,0,10,3,0,1,0,1,2,11,2,1,1.0,0.0,1.0,0.0,0.0,1.0,9,6,6
60404,17,2,3,17,15,3,0,5,1,1,2,24,2,2,0.0,0.0,0.0,0.0,0.0,3.0,17,3,5
160855,15,2,4,0,2,3,0,1,0,1,2,36,3,4,1.0,0.0,0.0,0.0,1.0,1.0,16,6,11
2627,15,3,1,0,6,3,6,1,0,1,2,18,2,3,1.0,0.0,0.0,1.0,0.0,2.0,17,4,1
124390,16,2,1,10,10,3,0,1,0,1,2,19,2,4,1.0,0.0,0.0,0.0,1.0,1.0,20,5,9
72326,16,2,3,15,8,3,0,1,1,1,2,36,2,2,0.0,0.0,0.0,0.0,0.0,2.0,13,6,6
188069,16,2,3,10,3,3,0,1,0,0,2,19,3,3,1.0,0.0,0.0,1.0,0.0,2.0,9,6,12
113472,16,2,3,0,6,3,0,1,0,1,2,36,2,1,2.0,0.0,1.0,1.0,0.0,0.0,13,1,8
68036,16,2,1,0,6,3,0,1,0,1,2,36,2,3,1.0,0.0,0.0,1.0,0.0,1.0,4,6,5
92764,16,2,1,17,6,3,0,1,0,1,2,24,2,2,0.0,0.0,0.0,0.0,0.0,2.0,3,1,7
103178,4,2,3,0,3,3,0,1,0,1,2,18,2,1,2.0,0.0,1.0,1.0,0.0,2.0,10,6,7
170814,4,2,0,10,2,3,6,1,1,1,0,17,2,2,0.0,0.0,0.0,0.0,0.0,3.0,23,5,11
107816,15,2,1,3,8,3,0,1,0,1,2,36,2,2,0.0,0.0,0.0,0.0,0.0,2.0,22,4,8
184365,16,2,0,10,6,3,0,1,0,0,2,36,3,3,1.0,0.0,0.0,1.0,0.0,3.0,20,1,12
169668,16,2,3,0,11,3,0,1,0,1,2,6,2,3,1.0,0.0,0.0,1.0,0.0,1.0,11,1,11
129780,16,2,1,0,3,3,0,1,0,1,2,6,2,4,1.0,0.0,0.0,0.0,1.0,2.0,1,6,9
157832,15,2,1,0,8,3,0,5,0,1,2,5,2,4,1.0,0.0,0.0,0.0,1.0,7.0,20,6,11
96238,15,2,3,0,2,3,0,2,1,1,1,18,2,2,0.0,0.0,0.0,0.0,0.0,2.0,14,6,7
78843,15,2,1,0,11,3,0,1,0,1,2,36,2,4,1.0,0.0,0.0,0.0,1.0,1.0,21,5,6
123897,16,7,3,10,2,3,6,1,0,1,2,39,2,2,0.0,0.0,0.0,0.0,0.0,2.0,13,6,9
17158,16,2,1,17,15,3,6,1,0,1,2,22,2,2,0.0,0.0,0.0,0.0,0.0,3.0,2,7,2
143308,15,2,3,17,6,3,0,1,1,1,2,22,2,2,0.0,0.0,0.0,0.0,0.0,2.0,7,5,10
38671,16,7,1,10,10,3,6,5,1,1,2,19,2,2,0.0,0.0,0.0,0.0,0.0,2.0,19,3,3
183769,16,2,1,10,16,3,0,1,1,1,2,19,2,2,0.0,0.0,0.0,0.0,0.0,4.0,13,7,12
150436,16,2,3,15,3,3,0,1,1,1,1,23,2,2,0.0,0.0,0.0,0.0,0.0,2.0,13,3,10
68441,16,7,3,15,10,3,6,1,1,1,2,24,2,2,0.0,0.0,0.0,0.0,0.0,3.0,7,4,5
73191,16,2,3,10,2,3,0,1,0,1,2,17,4,4,2.0,0.0,0.0,0.0,2.0,2.0,8,6,6
168057,16,2,4,17,6,3,0,1,1,1,2,24,2,2,0.0,0.0,0.0,0.0,0.0,2.0,15,6,11
183931,16,2,1,10,8,3,0,1,1,1,2,6,2,2,0.0,0.0,0.0,0.0,0.0,2.0,23,3,12
154674,16,7,1,17,8,3,6,1,0,1,2,24,2,3,2.0,0.0,0.0,2.0,0.0,1.0,22,4,10
2828,16,10,1,15,6,3,4,5,1,1,0,23,2,2,0.0,0.0,0.0,0.0,0.0,2.0,19,7,1
140950,16,7,3,17,8,3,6,1,1,1,2,12,2,2,0.0,0.0,0.0,0.0,0.0,2.0,12,6,10
69087,16,2,1,10,8,3,0,1,1,1,0,19,2,2,0.0,0.0,0.0,0.0,0.0,2.0,21,6,5
156270,16,2,3,9,6,3,0,1,0,1,0,18,3,4,2.0,0.0,0.0,0.0,2.0,1.0,11,6,11
172408,15,2,0,0,8,3,0,1,1,1,2,18,2,2,0.0,0.0,0.0,0.0,0.0,2.0,17,3,12
114143,16,2,3,10,8,3,0,1,1,1,1,17,2,2,0.0,0.0,0.0,0.0,0.0,2.0,11,2,8
158639,15,2,3,0,8,3,0,1,0,1,2,17,2,4,2.0,0.0,0.0,0.0,2.0,3.0,15,2,11
12339,4,3,3,0,6,3,6,1,1,1,2,18,2,2,0.0,0.0,0.0,0.0,0.0,5.0,8,5,1
65076,15,2,3,0,2,3,0,1,1,1,2,36,2,2,0.0,0.0,0.0,0.0,0.0,2.0,19,5,5
93761,16,2,3,0,6,3,0,1,0,1,2,6,2,3,4.0,0.0,0.0,4.0,0.0,1.0,12,2,7
14313,16,2,3,10,6,3,0,5,0,1,2,36,3,3,1.0,0.0,0.0,1.0,0.0,2.0,14,5,1
176887,16,2,1,2,3,3,0,1,1,1,2,36,1,2,0.0,0.0,0.0,0.0,0.0,1.0,4,6,12
80943,4,2,3,17,3,3,0,1,1,1,1,36,2,2,0.0,0.0,0.0,0.0,0.0,2.0,14,1,6
16572,4,2,3,15,10,3,0,1,1,1,1,23,2,2,0.0,0.0,0.0,0.0,0.0,3.0,8,3,2
9041,15,2,3,0,2,3,4,5,1,1,2,18,4,2,0.0,0.0,0.0,0.0,0.0,2.0,14,5,1
48895,16,2,3,17,15,3,0,1,0,1,2,18,2,3,1.0,0.0,0.0,1.0,0.0,1.0,9,7,4
112950,15,2,3,0,9,3,0,1,0,1,2,36,2,3,1.0,0.0,0.0,1.0,0.0,1.0,15,7,8
61664,16,3,3,0,8,3,6,1,0,1,2,18,3,3,2.0,0.0,0.0,2.0,0.0,2.0,10,7,5
36427,16,2,1,17,8,3,6,1,1,1,2,19,2,2,0.0,0.0,0.0,0.0,0.0,3.0,20,4,3
51735,16,2,3,17,8,3,0,1,1,1,2,24,2,2,0.0,0.0,0.0,0.0,0.0,2.0,15,2,4
170082,15,2,1,17,8,3,0,1,1,1,2,36,2,2,0.0,0.0,0.0,0.0,0.0,2.0,19,3,11
62914,16,2,0,10,3,3,0,1,1,1,0,36,2,2,0.0,0.0,0.0,0.0,0.0,2.0,2,7,5
173905,0,2,3,8,6,3,0,1,1,1,0,18,2,2,0.0,0.0,0.0,0.0,0.0,2.0,16,4,12
148791,15,2,2,15,8,3,0,1,1,1,0,17,2,2,0.0,0.0,0.0,0.0,0.0,2.0,16,1,10
53821,16,2,3,17,10,3,0,1,1,1,2,24,2,2,0.0,0.0,0.0,0.0,0.0,2.0,10,3,4
94280,16,2,3,15,15,3,0,1,1,1,1,36,2,2,0.0,0.0,0.0,0.0,0.0,3.0,16,3,7
76747,16,2,3,0,11,3,0,1,0,1,2,6,2,3,1.0,0.0,0.0,1.0,0.0,3.0,11,2,6
15456,16,2,1,10,8,3,0,1,0,1,2,26,6,3,1.0,0.0,0.0,1.0,0.0,5.0,18,4,2
164384,15,2,3,0,2,3,6,1,0,1,2,5,2,3,1.0,0.0,0.0,1.0,0.0,1.0,7,7,11
77529,16,2,1,15,6,3,0,1,0,0,2,23,2,2,0.0,0.0,0.0,0.0,0.0,3.0,0,1,6
59655,4,11,3,17,6,3,5,5,1,1,2,18,2,2,0.0,0.0,0.0,0.0,0.0,2.0,8,4,5
86987,16,2,3,17,8,3,0,1,0,1,2,36,2,4,1.0,0.0,0.0,0.0,1.0,1.0,17,3,6
53697,4,2,3,10,6,3,0,5,1,0,0,19,2,2,0.0,0.0,0.0,0.0,0.0,2.0,9,1,4
132140,16,2,3,10,2,3,0,1,1,1,2,36,2,2,0.0,0.0,0.0,0.0,0.0,3.0,8,2,9
138975,16,2,3,17,3,3,0,1,1,1,1,18,2,2,0.0,0.0,0.0,0.0,0.0,2.0,8,5,10
130501,16,2,3,17,19,3,0,5,1,1,2,19,2,2,0.0,0.0,0.0,0.0,0.0,2.0,13,2,9
91323,16,2,3,0,6,3,0,1,1,1,2,36,2,2,0.0,0.0,0.0,0.0,0.0,3.0,22,6,7
31639,16,2,3,17,10,3,0,1,0,1,2,18,2,2,0.0,0.0,0.0,0.0,0.0,2.0,11,1,3
121222,16,2,3,0,8,3,0,1,0,1,2,6,2,2,0.0,0.0,0.0,0.0,0.0,2.0,9,1,9
108338,16,2,1,0,8,3,0,1,0,1,2,18,2,3,4.0,0.0,0.0,4.0,0.0,0.0,0,5,8
157243,15,2,3,0,2,3,0,1,0,1,2,18,2,3,2.0,0.0,0.0,2.0,0.0,4.0,9,5,11
122154,16,2,3,17,6,3,0,1,0,1,2,12,2,2,0.0,0.0,0.0,0.0,0.0,4.0,7,3,9
102201,4,2,3,0,0,3,0,1,1,1,2,18,2,2,0.0,0.0,0.0,0.0,0.0,3.0,15,6,7
185952,4,10,3,17,3,3,4,1,0,1,2,17,2,3,1.0,0.0,0.0,1.0,0.0,2.0,12,1,12
42688,16,2,3,0,6,3,6,1,0,1,2,36,2,2,0.0,0.0,0.0,0.0,0.0,2.0,6,2,4
82371,16,2,3,0,6,3,0,1,1,1,2,6,2,2,0.0,0.0,0.0,0.0,0.0,2.0,19,1,6
174283,4,2,4,17,8,3,0,1,1,1,1,24,2,2,0.0,0.0,0.0,0.0,0.0,2.0,15,7,12
177530,16,2,1,15,3,3,0,1,1,1,2,23,2,2,0.0,0.0,0.0,0.0,0.0,4.0,19,7,12
69770,16,2,3,10,8,3,0,5,1,1,2,36,2,2,0.0,0.0,0.0,0.0,0.0,2.0,16,3,5
158105,15,2,3,0,8,3,6,1,0,1,2,36,3,2,0.0,0.0,0.0,0.0,0.0,4.0,12,1,11
116201,16,2,1,0,8,3,0,1,0,1,2,6,2,2,0.0,0.0,0.0,0.0,0.0,2.0,23,5,8
87569,15,2,1,7,8,3,0,1,0,1,1,36,3,2,0.0,0.0,0.0,0.0,0.0,1.0,23,4,6
176298,16,2,3,17,6,3,5,5,1,1,2,36,2,2,0.0,0.0,0.0,0.0,0.0,4.0,16,5,12
118160,16,2,3,17,3,3,0,1,0,1,2,6,2,4,1.0,0.0,0.0,0.0,1.0,1.0,11,1,8
13129,16,10,1,0,6,3,4,1,1,1,2,36,2,2,0.0,0.0,0.0,0.0,0.0,2.0,23,4,1
168338,16,2,2,3,6,3,0,1,0,1,1,26,2,2,0.0,0.0,0.0,0.0,0.0,2.0,15,2,11
95696,15,2,3,10,8,3,0,1,1,1,1,36,2,2,0.0,0.0,0.0,0.0,0.0,3.0,13,5,7
34259,15,2,3,17,15,3,0,1,1,1,2,17,2,2,0.0,0.0,0.0,0.0,0.0,3.0,16,4,3
116648,16,2,3,17,8,3,0,1,1,1,2,24,2,2,0.0,0.0,0.0,0.0,0.0,3.0,10,7,8
86578,16,2,0,9,6,3,0,1,0,1,2,36,2,1,1.0,0.0,1.0,0.0,0.0,1.0,20,3,6
187548,16,2,1,0,8,3,0,1,0,1,2,6,2,3,3.0,0.0,0.0,3.0,0.0,1.0,0,5,12
155686,16,2,3,15,8,3,0,1,1,1,0,26,2,2,0.0,0.0,0.0,0.0,0.0,2.0,13,3,11
4319,17,2,1,15,8,3,5,5,1,0,2,36,2,2,0.0,0.0,0.0,0.0,0.0,2.0,16,5,1
30181,16,2,3,0,2,3,6,1,0,1,2,36,2,2,0.0,0.0,0.0,0.0,0.0,3.0,8,3,3
79783,16,2,3,17,10,3,0,1,1,1,0,26,2,2,0.0,0.0,0.0,0.0,0.0,3.0,9,5,6
60974,16,2,0,15,8,3,0,1,0,1,1,26,2,3,1.0,0.0,0.0,1.0,0.0,2.0,1,6,5
149369,4,7,3,10,3,3,6,1,1,1,2,21,2,2,0.0,0.0,0.0,0.0,0.0,2.0,12,2,10
130970,16,2,3,0,5,3,0,1,0,1,2,36,3,2,0.0,0.0,0.0,0.0,0.0,8.0,18,1,9
4972,4,7,1,15,8,3,6,1,1,0,2,22,2,2,0.0,0.0,0.0,0.0,0.0,2.0,17,5,1
138906,15,2,3,0,8,4,0,1,0,1,2,5,2,3,1.0,0.0,0.0,1.0,0.0,1.0,9,4,10
138545,15,2,3,10,10,3,0,1,0,1,2,36,2,3,1.0,0.0,0.0,1.0,0.0,1.0,15,1,10
81193,16,7,1,9,3,3,6,1,0,1,2,36,2,3,1.0,0.0,0.0,1.0,0.0,1.0,4,6,6
79691,16,2,3,2,6,3,0,1,1,1,1,24,1,2,0.0,0.0,0.0,0.0,0.0,1.0,15,4,6
68868,15,2,3,10,8,3,0,1,1,1,1,36,2,2,0.0,0.0,0.0,0.0,0.0,2.0,14,4,5
36305,16,2,3,17,8,3,0,1,0,1,2,17,2,2,0.0,0.0,0.0,0.0,0.0,7.0,17,1,3