crash_date,               traffic_control_device,weather_condition,lighting_condition,first_crash_type,trafficway_type,alignment,roadway_surface_cond,road_defect,crash_type,intersection_related_i,damage,prim_contributory_cause,num_units,most_severe_injury,injuries_total,injuries_fatal,injuries_incapacitating,injuries_non_incapacitating,injuries_reported_not_evident,injuries_no_indication,crash_hour,crash_day_of_week,crash_month
189035,16,7,4,17,6,3,6,1,1,1,2,24,2,2,0.0,0.0,0.0,0.0,0.0,2.0,16,3,12
27908,15,7,3,0,8,3,6,5,1,1,2,36,2,2,0.0,0.0,0.0,0.0,0.0,3.0,12,1,2
95100,15,2,3,0,6,3,0,1,0,1,2,36,2,2,0.0,0.0,0.0,0.0,0.0,2.0,13,2,7
32116,4,7,3,17,8,3,6,1,1,1,2,36,2,2,0.0,0.0,0.0,0.0,0.0,3.0,16,2,3
30166,15,2,3,0,2,3,0,5,1,1,2,18,2,2,0.0,0.0,0.0,0.0,0.0,2.0,17,3,3
151880,16,7,3,17,8,3,6,1,1,1,2,19,2,2,0.0,0.0,0.0,0.0,0.0,2.0,13,3,10
169048,4,2,1,0,3,3,0,1,1,1,2,18,2,2,0.0,0.0,0.0,0.0,0.0,2.0,23,6,11
93831,16,2,1,17,6,3,0,1,0,1,2,18,2,2,0.0,0.0,0.0,0.0,0.0,3.0,1,4,7
35405,16,2,3,10,2,3,0,5,1,1,1,19,2,2,0.0,0.0,0.0,0.0,0.0,2.0,12,6,3
162605,4,2,3,7,10,3,1,1,1,0,2,36,2,2,0.0,0.0,0.0,0.0,0.0,1.0,13,4,11
98307,4,2,3,15,11,3,0,1,1,1,1,26,2,2,0.0,0.0,0.0,0.0,0.0,2.0,12,7,7
73891,16,2,3,10,8,3,0,1,1,1,2,36,2,2,0.0,0.0,0.0,0.0,0.0,3.0,17,2,6
31970,16,2,3,9,3,3,0,1,0,1,0,18,2,3,1.0,0.0,0.0,1.0,0.0,1.0,7,6,3
170204,15,2,3,0,8,3,0,1,0,1,2,5,2,2,0.0,0.0,0.0,0.0,0.0,4.0,14,3,11
128502,16,2,1,17,8,3,0,1,0,1,2,24,2,2,0.0,0.0,0.0,0.0,0.0,3.0,2,1,9
57946,16,2,3,10,8,3,0,1,1,1,1,36,2,2,0.0,0.0,0.0,0.0,0.0,2.0,13,6,5
159771,15,2,1,0,2,3,0,6,0,1,2,36,2,2,0.0,0.0,0.0,0.0,0.0,2.0,19,4,11
154368,16,2,3,17,2,3,0,1,0,1,2,24,2,3,1.0,0.0,0.0,1.0,0.0,1.0,13,3,10
14269,16,2,1,17,8,3,0,1,1,1,1,22,2,2,0.0,0.0,0.0,0.0,0.0,3.0,0,3,1
188529,16,11,3,9,18,3,0,5,0,1,0,18,2,3,1.0,0.0,0.0,1.0,0.0,1.0,9,2,12
149159,16,2,3,10,8,3,0,1,1,1,1,19,2,2,0.0,0.0,0.0,0.0,0.0,2.0,15,6,10
158657,16,2,1,17,3,3,0,1,1,1,2,36,2,2,0.0,0.0,0.0,0.0,0.0,2.0,19,2,11
179108,4,2,1,0,10,3,0,1,0,1,2,36,2,4,4.0,0.0,0.0,0.0,4.0,2.0,19,6,12
158110,15,3,3,0,11,3,0,1,1,1,2,5,2,2,0.0,0.0,0.0,0.0,0.0,2.0,12,1,11
66559,16,2,3,10,8,3,0,1,1,1,1,19,2,2,0.0,0.0,0.0,0.0,0.0,4.0,9,2,5
14987,4,2,1,7,15,3,0,1,0,1,2,36,2,2,0.0,0.0,0.0,0.0,0.0,1.0,18,3,1
42931,4,2,3,12,10,3,0,1,1,1,2,21,2,2,0.0,0.0,0.0,0.0,0.0,2.0,18,6,4
151475,15,2,1,0,19,3,0,1,0,1,2,36,2,4,3.0,0.0,0.0,0.0,3.0,0.0,18,5,10
156165,16,2,1,10,8,3,6,1,1,1,1,19,2,2,0.0,0.0,0.0,0.0,0.0,3.0,18,4,11
110601,15,2,1,17,2,3,0,1,1,1,2,18,2,2,0.0,0.0,0.0,0.0,0.0,3.0,22,5,8
60552,16,7,3,15,3,4,6,1,1,1,2,12,2,2,0.0,0.0,0.0,0.0,0.0,2.0,16,4,5
110613,4,2,3,10,8,3,0,1,1,1,1,36,2,2,0.0,0.0,0.0,0.0,0.0,2.0,13,6,8
114694,16,2,1,17,11,3,0,1,0,1,0,19,2,4,1.0,0.0,0.0,0.0,1.0,1.0,0,3,8
26697,4,2,3,2,8,4,0,1,0,1,2,12,1,1,2.0,0.0,1.0,1.0,0.0,2.0,17,1,2
68905,16,2,3,17,2,3,6,5,0,1,1,18,2,2,0.0,0.0,0.0,0.0,0.0,2.0,7,4,5
16551,15,2,3,0,6,3,0,1,1,1,0,5,2,2,0.0,0.0,0.0,0.0,0.0,3.0,16,3,2
17527,4,2,1,17,8,3,6,1,0,1,2,18,2,3,1.0,0.0,0.0,1.0,0.0,1.0,22,5,2
187248,16,2,3,17,2,3,0,1,1,1,0,24,2,2,0.0,0.0,0.0,0.0,0.0,3.0,5,2,12
95823,16,2,3,17,6,3,0,1,0,1,2,36,2,2,0.0,0.0,0.0,0.0,0.0,2.0,11,6,7
138516,16,2,3,10,8,3,0,1,1,1,2,26,2,2,0.0,0.0,0.0,0.0,0.0,2.0,11,7,10
81915,16,2,3,17,8,3,0,1,1,1,2,36,2,2,0.0,0.0,0.0,0.0,0.0,4.0,9,1,6
47397,15,2,3,0,2,3,0,1,1,1,1,18,2,2,0.0,0.0,0.0,0.0,0.0,2.0,18,3,4
98967,16,7,3,10,6,3,0,1,1,1,1,19,2,2,0.0,0.0,0.0,0.0,0.0,2.0,16,5,7
61924,16,2,3,15,8,3,0,1,1,1,2,36,2,2,0.0,0.0,0.0,0.0,0.0,2.0,14,6,5
98233,15,2,0,10,8,3,6,1,1,1,1,23,2,2,0.0,0.0,0.0,0.0,0.0,2.0,1,7,7
40529,15,2,3,0,6,3,0,1,0,1,2,36,2,4,1.0,0.0,0.0,0.0,1.0,2.0,15,4,3
17047,16,10,1,10,8,3,4,5,1,1,1,36,2,2,0.0,0.0,0.0,0.0,0.0,3.0,18,4,2
111864,16,7,3,17,6,3,6,1,0,1,2,24,2,3,1.0,0.0,0.0,1.0,0.0,1.0,14,5,8
13443,16,10,3,0,8,3,4,1,1,1,2,39,2,2,0.0,0.0,0.0,0.0,0.0,2.0,7,2,1
67950,15,2,3,0,6,3,0,1,1,1,1,36,2,2,0.0,0.0,0.0,0.0,0.0,2.0,11,3,5
27792,15,2,3,17,8,3,0,1,0,1,2,18,2,4,2.0,0.0,0.0,0.0,2.0,1.0,12,5,2
32179,4,2,1,7,8,3,0,1,0,1,2,36,2,2,0.0,0.0,0.0,0.0,0.0,1.0,3,3,3
129754,16,2,1,17,6,3,0,1,1,1,2,21,2,2,0.0,0.0,0.0,0.0,0.0,2.0,22,5,9
39372,16,2,3,10,8,3,0,1,0,1,2,26,2,4,4.0,0.0,0.0,0.0,4.0,1.0,17,1,3
25884,4,2,3,17,8,3,0,1,0,0,2,36,3,3,1.0,0.0,0.0,1.0,0.0,2.0,16,2,2
50784,4,2,3,10,2,3,0,1,1,1,2,19,2,2,0.0,0.0,0.0,0.0,0.0,2.0,15,6,4
153349,16,3,3,10,3,3,0,5,1,1,0,19,2,2,0.0,0.0,0.0,0.0,0.0,2.0,14,4,10
110580,16,2,3,8,8,3,0,1,0,1,2,18,2,3,1.0,0.0,0.0,1.0,0.0,1.0,7,5,8
97950,15,2,3,13,2,3,0,1,0,1,2,18,2,2,0.0,0.0,0.0,0.0,0.0,2.0,11,3,7
160145,16,7,1,15,6,3,6,1,1,1,1,36,2,2,0.0,0.0,0.0,0.0,0.0,3.0,20,4,11
178933,16,2,1,10,8,3,0,1,1,1,1,19,2,2,0.0,0.0,0.0,0.0,0.0,2.0,18,4,12
105354,16,2,3,0,8,3,0,1,0,1,2,36,2,4,1.0,0.0,0.0,0.0,1.0,1.0,18,3,8
160764,16,2,3,0,6,3,0,1,0,1,2,6,2,3,5.0,0.0,0.0,2.0,3.0,0.0,9,7,11
44589,15,2,3,0,8,3,0,1,0,1,2,18,2,1,1.0,0.0,1.0,0.0,0.0,2.0,10,6,4
92698,16,2,4,7,6,3,0,1,0,1,2,28,2,3,1.0,0.0,0.0,1.0,0.0,0.0,6,7,7
19752,16,9,1,10,8,3,2,1,0,1,1,39,3,3,1.0,0.0,0.0,1.0,0.0,4.0,16,2,2
99149,16,2,3,15,8,3,0,1,1,1,1,22,2,2,0.0,0.0,0.0,0.0,0.0,2.0,12,7,7
73159,16,2,3,17,6,3,0,1,1,1,2,24,2,2,0.0,0.0,0.0,0.0,0.0,2.0,16,6,6
177989,15,7,0,10,10,3,6,1,1,1,1,19,2,2,0.0,0.0,0.0,0.0,0.0,2.0,21,6,12
88459,16,2,3,10,8,3,0,1,1,1,2,19,2,2,0.0,0.0,0.0,0.0,0.0,3.0,14,5,7
162489,15,2,0,17,8,3,0,1,1,1,1,24,2,2,0.0,0.0,0.0,0.0,0.0,2.0,18,2,11
57091,16,2,3,10,18,3,0,5,1,1,0,36,2,2,0.0,0.0,0.0,0.0,0.0,2.0,15,6,5
33939,16,2,3,8,8,3,0,1,0,1,0,18,2,1,1.0,0.0,1.0,0.0,0.0,1.0,15,4,3
140130,16,2,4,17,6,3,0,1,0,1,2,24,2,2,0.0,0.0,0.0,0.0,0.0,4.0,17,2,10
131720,16,2,1,10,2,3,5,5,1,1,2,36,3,2,0.0,0.0,0.0,0.0,0.0,2.0,0,4,9
159641,4,2,3,13,10,3,0,5,1,1,2,36,2,2,0.0,0.0,0.0,0.0,0.0,2.0,15,5,11
35090,16,2,3,17,2,3,0,1,1,1,1,19,2,2,0.0,0.0,0.0,0.0,0.0,2.0,7,2,3
98584,16,2,3,17,8,3,0,1,1,1,2,23,2,2,0.0,0.0,0.0,0.0,0.0,2.0,13,6,7
176452,16,2,3,0,6,3,0,1,0,1,2,6,2,3,2.0,0.0,0.0,2.0,0.0,5.0,7,1,12
80791,16,2,3,3,8,3,0,1,0,1,2,36,2,3,3.0,0.0,0.0,3.0,0.0,3.0,13,7,6
165048,15,7,3,17,6,3,6,1,0,1,2,18,2,2,0.0,0.0,0.0,0.0,0.0,3.0,16,4,11
176389,15,2,1,0,6,3,0,5,0,1,2,18,2,2,0.0,0.0,0.0,0.0,0.0,3.0,19,6,12
161891,4,3,1,14,8,3,6,1,1,1,0,23,2,2,0.0,0.0,0.0,0.0,0.0,3.0,18,1,11
59124,15,7,3,0,6,3,6,1,0,1,2,18,2,3,4.0,0.0,0.0,4.0,0.0,1.0,7,3,5
75068,16,2,3,17,8,3,5,5,1,1,1,22,2,2,0.0,0.0,0.0,0.0,0.0,2.0,9,5,6
130333,16,2,1,0,6,3,0,5,0,1,2,37,2,3,1.0,0.0,0.0,1.0,0.0,2.0,19,6,9
56025,16,7,1,10,8,3,6,4,0,0,2,17,2,3,1.0,0.0,0.0,1.0,0.0,1.0,2,2,5
17171,16,2,3,0,6,3,0,1,1,1,2,6,2,2,0.0,0.0,0.0,0.0,0.0,2.0,16,7,2
108858,16,2,1,17,8,3,5,5,0,0,2,36,2,2,0.0,0.0,0.0,0.0,0.0,2.0,1,7,8
167576,16,10,3,10,8,3,4,1,1,1,2,19,2,2,0.0,0.0,0.0,0.0,0.0,4.0,11,5,11
38714,16,2,2,17,3,3,6,1,0,1,2,36,2,2,0.0,0.0,0.0,0.0,0.0,2.0,6,4,3
27029,16,2,1,17,6,3,0,1,1,1,2,6,2,2,0.0,0.0,0.0,0.0,0.0,3.0,20,7,2
147732,4,2,3,0,8,3,0,1,1,1,1,26,2,2,0.0,0.0,0.0,0.0,0.0,2.0,16,2,10
110190,15,2,3,9,8,3,0,1,0,1,2,36,2,3,1.0,0.0,0.0,1.0,0.0,1.0,17,6,8
148923,15,2,3,17,8,3,0,1,1,1,1,5,2,2,0.0,0.0,0.0,0.0,0.0,2.0,8,4,10
160706,15,11,3,0,6,3,5,1,1,1,1,36,2,2,0.0,0.0,0.0,0.0,0.0,2.0,8,5,11
10458,16,11,5,9,6,3,5,5,0,1,2,3,2,1,1.0,0.0,1.0,0.0,0.0,1.0,14,1,1
57806,17,2,3,17,6,3,0,1,1,1,1,36,2,2,0.0,0.0,0.0,0.0,0.0,2.0,16,5,5
46990,16,2,3,8,6,3,0,1,0,1,1,36,2,3,1.0,0.0,0.0,1.0,0.0,2.0,18,3,4
172019,15,2,4,17,6,3,0,1,1,1,2,18,2,2,0.0,0.0,0.0,0.0,0.0,2.0,16,5,11
183828,16,2,3,15,15,3,0,1,1,1,2,36,2,2,0.0,0.0,0.0,0.0,0.0,3.0,11,7,12
49750,15,2,1,17,16,3,0,1,0,1,2,5,2,2,0.0,0.0,0.0,0.0,0.0,2.0,21,2,4
35733,16,11,3,10,2,3,6,5,0,1,2,17,2,3,1.0,0.0,0.0,1.0,0.0,1.0,11,5,3
178702,16,2,1,17,6,3,0,1,1,1,2,36,2,2,0.0,0.0,0.0,0.0,0.0,2.0,21,2,12
139240,16,2,3,10,18,3,0,1,0,1,2,17,3,4,1.0,0.0,0.0,0.0,1.0,2.0,8,3,10
107317,16,2,3,10,6,3,0,1,1,1,1,19,2,2,0.0,0.0,0.0,0.0,0.0,2.0,13,4,8
127193,15,2,3,0,10,3,0,1,0,1,2,18,2,2,0.0,0.0,0.0,0.0,0.0,2.0,17,4,9
115081,4,2,3,10,8,3,0,1,0,1,1,19,2,4,1.0,0.0,0.0,0.0,1.0,2.0,13,2,8
23660,15,2,3,17,6,3,0,1,1,1,2,23,2,2,0.0,0.0,0.0,0.0,0.0,2.0,14,4,2
87138,17,7,3,17,8,3,6,1,1,1,2,23,2,2,0.0,0.0,0.0,0.0,0.0,2.0,18,5,6
84429,15,7,1,0,2,3,6,1,1,1,2,18,2,2,0.0,0.0,0.0,0.0,0.0,2.0,12,4,6
4003,16,2,1,17,2,3,0,1,0,1,2,18,2,4,2.0,0.0,0.0,0.0,2.0,3.0,21,4,1
145142,16,2,4,17,10,3,0,5,1,1,2,36,2,2,0.0,0.0,0.0,0.0,0.0,3.0,18,1,10
61872,4,2,3,15,8,3,0,1,1,1,2,23,2,2,0.0,0.0,0.0,0.0,0.0,2.0,17,5,5
81662,16,7,1,17,2,3,6,1,1,1,2,24,2,2,0.0,0.0,0.0,0.0,0.0,2.0,21,4,6
45075,16,2,3,10,8,3,0,1,0,1,2,19,3,4,1.0,0.0,0.0,0.0,1.0,5.0,11,1,4
8040,16,2,2,9,6,3,6,1,0,1,0,18,2,3,1.0,0.0,0.0,1.0,0.0,1.0,6,5,1
50590,17,2,3,10,6,3,0,1,1,1,2,19,2,2,0.0,0.0,0.0,0.0,0.0,3.0,13,4,4
3768,4,2,2,17,8,3,0,1,1,0,2,36,2,2,0.0,0.0,0.0,0.0,0.0,2.0,18,2,1
158151,4,2,1,17,8,3,0,1,1,1,2,23,2,2,0.0,0.0,0.0,0.0,0.0,2.0,19,2,11
6202,4,2,1,17,2,3,0,1,1,1,1,18,2,2,0.0,0.0,0.0,0.0,0.0,2.0,6,4,1
17366,16,2,3,17,8,3,0,1,1,1,1,36,2,2,0.0,0.0,0.0,0.0,0.0,3.0,12,2,2
79064,16,2,1,15,8,3,0,5,1,1,1,23,2,2,0.0,0.0,0.0,0.0,0.0,2.0,21,2,6
49017,15,11,5,10,2,3,5,5,1,1,1,28,2,2,0.0,0.0,0.0,0.0,0.0,2.0,22,7,4
11003,17,11,5,0,17,3,5,5,0,1,1,26,2,4,1.0,0.0,0.0,0.0,1.0,3.0,0,7,1
111051,16,2,3,10,13,3,0,5,1,1,2,19,2,2,0.0,0.0,0.0,0.0,0.0,2.0,10,4,8
171566,17,2,3,17,6,3,0,5,1,1,2,36,2,2,0.0,0.0,0.0,0.0,0.0,2.0,10,6,11
99279,17,11,3,17,8,3,5,5,1,1,2,18,2,2,0.0,0.0,0.0,0.0,0.0,2.0,15,2,7
55194,15,7,3,0,8,3,6,1,1,1,2,26,2,2,0.0,0.0,0.0,0.0,0.0,2.0,10,2,4
143383,16,3,3,10,8,3,2,1,1,1,2,19,2,2,0.0,0.0,0.0,0.0,0.0,2.0,13,4,10
180781,16,2,1,10,13,3,0,1,0,1,1,19,2,4,1.0,0.0,0.0,0.0,1.0,2.0,18,7,12
58575,16,2,3,17,6,3,0,5,0,1,1,18,2,3,2.0,0.0,0.0,2.0,0.0,2.0,14,2,5
102707,16,2,3,0,8,3,0,1,1,1,1,6,2,2,0.0,0.0,0.0,0.0,0.0,3.0,17,6,7
101444,4,2,1,17,8,3,0,1,0,0,2,28,2,2,0.0,0.0,0.0,0.0,0.0,4.0,21,7,7
136309,16,2,1,0,6,3,0,1,0,1,2,6,2,1,3.0,0.0,1.0,2.0,0.0,1.0,5,4,9
149842,16,2,3,9,3,3,0,1,0,1,0,18,2,4,1.0,0.0,0.0,0.0,1.0,1.0,15,2,10
41325,16,2,3,17,6,3,0,1,0,1,2,36,2,2,0.0,0.0,0.0,0.0,0.0,2.0,16,6,3
180388,16,2,1,0,8,3,0,1,1,1,2,18,2,2,0.0,0.0,0.0,0.0,0.0,2.0,18,3,12
122090,4,2,1,17,6,3,0,1,0,1,2,18,2,3,6.0,0.0,0.0,5.0,1.0,0.0,22,1,9
67460,16,2,3,15,8,3,0,1,1,1,2,23,2,2,0.0,0.0,0.0,0.0,0.0,6.0,15,3,5
151934,16,2,2,9,8,3,0,1,0,1,1,36,2,3,1.0,0.0,0.0,1.0,0.0,1.0,19,3,10
134345,4,2,1,17,8,3,0,1,0,1,2,24,2,2,0.0,0.0,0.0,0.0,0.0,2.0,20,4,9
168360,15,2,1,0,6,3,0,1,0,1,2,5,2,3,1.0,0.0,0.0,1.0,0.0,1.0,20,2,11
178973,15,2,1,9,2,3,6,1,0,1,1,18,2,3,1.0,0.0,0.0,1.0,0.0,1.0,23,4,12
36108,16,2,3,0,6,3,0,1,1,1,0,6,2,2,0.0,0.0,0.0,0.0,0.0,3.0,9,5,3
74777,15,7,3,0,6,3,6,1,0,1,2,17,2,4,1.0,0.0,0.0,0.0,1.0,2.0,8,2,6
1985,16,2,3,9,10,3,0,1,0,1,0,18,2,3,1.0,0.0,0.0,1.0,0.0,2.0,14,6,1
160034,16,2,1,17,8,3,0,1,0,1,2,19,2,4,1.0,0.0,0.0,0.0,1.0,1.0,22,2,11
177011,16,2,1,17,3,3,0,5,1,1,2,19,2,2,0.0,0.0,0.0,0.0,0.0,3.0,20,7,12
100790,16,2,3,8,2,3,0,1,0,1,2,36,2,1,1.0,0.0,1.0,0.0,0.0,1.0,12,4,7
65515,4,2,1,17,6,3,0,5,0,1,2,23,2,2,0.0,0.0,0.0,0.0,0.0,4.0,2,1,5
128010,16,6,3,17,8,3,0,1,1,1,2,18,2,2,0.0,0.0,0.0,0.0,0.0,3.0,8,2,9
129313,16,2,3,10,8,3,0,1,1,1,2,18,2,2,0.0,0.0,0.0,0.0,0.0,2.0,7,6,9
16021,4,2,3,10,8,3,0,1,1,0,2,26,2,2,0.0,0.0,0.0,0.0,0.0,2.0,16,7,2
104648,16,2,3,17,8,3,0,1,1,1,2,18,2,2,0.0,0.0,0.0,0.0,0.0,2.0,11,5,8
155958,16,2,3,10,8,3,0,1,1,1,2,36,2,2,0.0,0.0,0.0,0.0,0.0,2.0,14,1,11
76108,16,2,3,10,8,3,0,1,1,1,0,36,2,2,0.0,0.0,0.0,0.0,0.0,3.0,17,7,6
98686,16,11,0,10,6,3,5,5,0,1,2,36,2,4,2.0,0.0,0.0,0.0,2.0,2.0,21,1,7
53712,16,2,3,10,2,3,0,1,0,1,2,19,2,2,0.0,0.0,0.0,0.0,0.0,2.0,14,2,4
10258,15,10,3,17,7,3,6,5,0,1,2,36,3,2,0.0,0.0,0.0,0.0,0.0,3.0,12,3,1
180287,16,2,3,9,8,3,0,1,0,1,2,18,2,3,1.0,0.0,0.0,1.0,0.0,1.0,10,7,12
68276,16,2,3,17,3,3,0,1,1,1,2,36,2,2,0.0,0.0,0.0,0.0,0.0,2.0,18,7,5
46337,15,2,5,17,2,3,0,5,0,1,2,18,2,4,1.0,0.0,0.0,0.0,1.0,1.0,19,3,4
27810,4,2,3,0,15,3,0,1,0,1,2,5,2,3,2.0,0.0,0.0,1.0,1.0,2.0,16,6,2
60999,16,2,3,17,10,3,0,1,1,1,2,22,2,2,0.0,0.0,0.0,0.0,0.0,2.0,16,6,5
14356,16,2,3,0,6,3,0,1,0,1,2,6,2,2,0.0,0.0,0.0,0.0,0.0,2.0,8,5,1
126378,16,2,1,3,6,3,0,1,0,1,2,36,2,3,2.0,0.0,0.0,2.0,0.0,1.0,2,1,9
27883,4,2,3,17,8,3,0,1,1,1,1,24,2,2,0.0,0.0,0.0,0.0,0.0,2.0,16,1,2
129291,15,2,3,10,6,3,0,1,0,1,2,17,2,3,4.0,0.0,0.0,4.0,0.0,1.0,16,6,9
38875,16,10,1,15,10,3,4,1,1,1,2,36,2,2,0.0,0.0,0.0,0.0,0.0,2.0,18,5,3
38734,16,2,3,3,8,3,0,1,0,1,2,18,2,4,8.0,0.0,0.0,0.0,8.0,0.0,9,4,3
24846,16,2,3,10,2,3,0,1,1,1,1,36,2,2,0.0,0.0,0.0,0.0,0.0,2.0,12,4,2
119874,15,2,3,0,8,3,0,1,1,1,2,18,2,2,0.0,0.0,0.0,0.0,0.0,2.0,14,6,8
177244,16,2,0,17,3,3,0,1,0,1,2,18,2,4,3.0,0.0,0.0,0.0,3.0,1.0,19,2,12
12772,16,10,2,17,2,3,6,1,1,1,2,18,2,2,0.0,0.0,0.0,0.0,0.0,2.0,7,5,1
134894,4,2,3,2,8,3,0,1,1,1,2,32,1,2,0.0,0.0,0.0,0.0,0.0,1.0,6,4,9
56289,16,2,1,17,6,3,0,1,1,1,2,18,2,2,0.0,0.0,0.0,0.0,0.0,6.0,22,7,5
144575,16,2,1,0,6,3,0,1,0,1,2,6,2,1,1.0,0.0,1.0,0.0,0.0,3.0,0,7,10
175632,4,2,1,10,10,3,0,1,0,0,2,19,3,2,0.0,0.0,0.0,0.0,0.0,6.0,17,7,12
163921,16,2,1,9,8,3,0,1,0,1,0,36,2,1,1.0,0.0,1.0,0.0,0.0,1.0,17,2,11
121412,16,2,3,17,10,3,0,5,1,1,1,24,2,2,0.0,0.0,0.0,0.0,0.0,2.0,10,5,9
183397,16,2,3,0,18,3,0,5,0,1,2,6,2,3,2.0,0.0,0.0,2.0,0.0,0.0,16,3,12
7942,16,2,1,10,8,3,6,1,0,1,2,36,2,2,0.0,0.0,0.0,0.0,0.0,2.0,20,2,1
161928,16,2,3,17,3,3,0,1,0,1,2,36,2,2,0.0,0.0,0.0,0.0,0.0,4.0,13,2,11
9213,15,2,3,0,12,3,0,1,0,1,1,5,2,4,1.0,0.0,0.0,0.0,1.0,1.0,8,6,1
36782,16,2,3,17,2,3,0,1,1,1,1,6,2,2,0.0,0.0,0.0,0.0,0.0,2.0,12,2,3
127916,16,2,1,0,8,3,0,1,0,1,2,6,5,1,4.0,0.0,1.0,3.0,0.0,2.0,2,7,9
26668,16,2,3,10,2,3,0,1,1,1,0,36,2,2,0.0,0.0,0.0,0.0,0.0,3.0,13,6,2
87872,4,2,1,17,8,3,5,5,1,1,1,18,2,2,0.0,0.0,0.0,0.0,0.0,2.0,22,1,7
108199,4,2,3,10,2,3,0,1,1,0,2,19,2,2,0.0,0.0,0.0,0.0,0.0,2.0,12,5,8
176152,4,2,1,17,8,3,0,1,1,1,2,24,2,2,0.0,0.0,0.0,0.0,0.0,2.0,18,1,12
167032,16,2,1,15,2,3,0,5,1,1,2,36,2,2,0.0,0.0,0.0,0.0,0.0,2.0,17,2,11
57775,16,2,3,17,2,3,0,1,0,1,2,23,2,4,1.0,0.0,0.0,0.0,1.0,1.0,11,4,5
33396,16,2,3,17,3,3,0,1,0,1,2,18,2,3,2.0,0.0,0.0,2.0,0.0,0.0,17,2,3
98104,15,2,3,0,8,3,0,1,0,1,2,38,2,2,0.0,0.0,0.0,0.0,0.0,4.0,16,7,7
108457,16,2,3,17,6,3,0,1,0,1,2,24,2,4,1.0,0.0,0.0,0.0,1.0,2.0,11,1,8
172910,15,2,1,17,8,3,0,1,1,1,2,18,2,2,0.0,0.0,0.0,0.0,0.0,2.0,17,2,12
151480,17,11,5,0,8,3,5,5,1,1,1,26,2,2,0.0,0.0,0.0,0.0,0.0,2.0,6,5,10
27564,15,2,3,0,15,3,0,1,0,1,2,18,2,2,0.0,0.0,0.0,0.0,0.0,2.0,13,3,2
175027,16,2,1,10,2,3,0,5,1,1,2,36,2,2,0.0,0.0,0.0,0.0,0.0,2.0,18,5,12
29635,16,2,3,17,8,3,0,1,0,1,2,18,2,4,1.0,0.0,0.0,0.0,1.0,3.0,15,1,3
60507,16,2,3,17,6,3,0,1,1,1,2,36,2,2,0.0,0.0,0.0,0.0,0.0,2.0,11,5,5
35440,15,2,3,0,2,3,0,1,0,1,2,3,2,4,4.0,0.0,0.0,0.0,4.0,0.0,6,7,3
105758,4,2,3,0,3,3,0,1,1,1,1,18,2,2,0.0,0.0,0.0,0.0,0.0,3.0,15,1,8
50915,16,2,3,17,2,3,0,1,1,1,0,23,2,2,0.0,0.0,0.0,0.0,0.0,3.0,12,7,4
84789,4,2,3,15,8,3,0,1,1,1,1,18,2,2,0.0,0.0,0.0,0.0,0.0,2.0,16,3,6
30701,15,3,3,17,6,3,0,1,0,1,2,18,2,2,0.0,0.0,0.0,0.0,0.0,2.0,7,6,3
85749,15,2,1,17,8,3,0,1,0,1,2,15,2,2,0.0,0.0,0.0,0.0,0.0,4.0,1,3,6
113970,4,2,1,17,8,3,0,1,0,1,2,18,2,3,1.0,0.0,0.0,1.0,0.0,1.0,1,2,8
159505,7,2,3,15,6,3,0,1,1,1,1,23,2,2,0.0,0.0,0.0,0.0,0.0,2.0,12,1,11
71044,15,2,3,9,8,3,0,1,0,1,0,36,2,3,1.0,0.0,0.0,1.0,0.0,1.0,17,3,5
68787,16,7,3,0,6,3,6,1,0,1,2,6,2,3,3.0,0.0,0.0,3.0,0.0,0.0,10,1,5
87789,15,2,3,0,10,3,0,1,0,1,2,28,3,0,8.0,1.0,3.0,4.0,0.0,0.0,11,6,7
127566,15,11,3,17,15,3,5,5,1,1,1,36,2,2,0.0,0.0,0.0,0.0,0.0,5.0,16,3,9
32509,15,2,1,17,8,3,0,1,1,1,2,18,2,2,0.0,0.0,0.0,0.0,0.0,2.0,18,7,3
77684,16,3,3,17,8,3,5,5,1,1,0,36,2,2,0.0,0.0,0.0,0.0,0.0,2.0,18,3,6
71878,16,2,1,10,8,3,0,1,0,1,2,19,3,3,1.0,0.0,0.0,1.0,0.0,2.0,21,6,6
117439,16,2,3,10,6,3,0,1,1,0,2,36,2,2,0.0,0.0,0.0,0.0,0.0,2.0,10,4,8
112076,16,2,3,15,8,3,0,1,1,1,2,36,2,2,0.0,0.0,0.0,0.0,0.0,3.0,16,6,8
59007,4,2,3,10,8,3,0,1,1,1,1,19,2,2,0.0,0.0,0.0,0.0,0.0,2.0,15,1,5
100979,16,2,3,15,8,3,5,1,1,1,2,36,2,2,0.0,0.0,0.0,0.0,0.0,2.0,7,1,7
50964,16,2,3,17,6,3,0,1,0,1,2,36,2,4,1.0,0.0,0.0,0.0,1.0,1.0,14,3,4
90428,16,2,3,10,2,3,0,1,1,1,2,17,2,2,0.0,0.0,0.0,0.0,0.0,2.0,10,5,7
138664,15,2,3,17,6,3,0,1,1,1,2,18,2,2,0.0,0.0,0.0,0.0,0.0,2.0,15,4,10
81097,4,2,3,17,2,3,0,1,1,1,2,36,2,2,0.0,0.0,0.0,0.0,0.0,2.0,12,3,6
186979,16,7,3,0,6,3,6,1,1,0,0,36,2,2,0.0,0.0,0.0,0.0,0.0,2.0,9,6,12