crash_date,               traffic_control_device,weather_condition,lighting_condition,first_crash_type,trafficway_type,alignment,roadway_surface_cond,road_defect,crash_type,intersection_related_i,damage,prim_contributory_cause,num_units,most_severe_injury,injuries_total,injuries_fatal,injuries_incapacitating,injuries_non_incapacitating,injuries_reported_not_evident,injuries_no_indication,crash_hour,crash_day_of_week,crash_month
4347,15,2,3,17,8,3,5,5,0,1,2,36,2,4,2.0,0.0,0.0,0.0,2.0,1.0,8,5,1
9666,4,10,3,7,0,3,4,5,1,0,2,23,2,2,0.0,0.0,0.0,0.0,0.0,1.0,14,1,1
182317,15,2,3,17,2,3,0,1,0,1,2,18,2,3,2.0,0.0,0.0,2.0,0.0,0.0,16,2,12
55946,4,2,3,0,8,3,6,1,0,1,2,18,2,2,0.0,0.0,0.0,0.0,0.0,2.0,12,1,4
51962,16,2,3,17,6,3,0,1,1,1,2,23,2,2,0.0,0.0,0.0,0.0,0.0,2.0,15,7,4
98841,16,2,3,10,2,3,0,1,1,1,2,19,2,2,0.0,0.0,0.0,0.0,0.0,2.0,15,2,7
33589,15,2,4,0,6,3,0,5,1,1,1,36,2,2,0.0,0.0,0.0,0.0,0.0,2.0,17,6,3
113610,16,2,1,15,11,3,0,1,1,1,0,22,2,2,0.0,0.0,0.0,0.0,0.0,4.0,3,1,8
160343,16,2,3,10,8,3,5,5,1,1,2,19,2,2,0.0,0.0,0.0,0.0,0.0,3.0,14,6,11
26483,15,2,3,17,8,3,4,1,1,1,2,18,2,2,0.0,0.0,0.0,0.0,0.0,2.0,7,6,2
137047,15,3,3,17,8,3,0,1,1,1,1,23,2,2,0.0,0.0,0.0,0.0,0.0,2.0,17,6,9
85525,15,2,1,0,2,3,0,1,1,1,2,36,2,2,0.0,0.0,0.0,0.0,0.0,2.0,21,7,6
87382,15,7,3,0,8,3,6,1,0,1,2,18,2,4,1.0,0.0,0.0,0.0,1.0,1.0,14,1,6
25732,16,2,3,17,2,3,6,5,1,1,1,24,2,2,0.0,0.0,0.0,0.0,0.0,2.0,13,6,2
32372,16,2,3,17,8,3,0,1,1,1,0,6,2,2,0.0,0.0,0.0,0.0,0.0,2.0,14,7,3
4083,16,3,3,10,2,3,1,1,1,1,2,19,2,2,0.0,0.0,0.0,0.0,0.0,4.0,9,5,1
124190,4,2,3,17,6,3,0,1,0,1,2,36,3,2,0.0,0.0,0.0,0.0,0.0,2.0,18,4,9
106092,16,2,3,17,8,3,0,1,1,1,2,36,2,2,0.0,0.0,0.0,0.0,0.0,2.0,16,1,8
2459,16,2,1,17,8,3,0,1,0,1,2,17,3,3,2.0,0.0,0.0,2.0,0.0,2.0,17,7,1
174252,16,2,3,17,8,3,0,1,1,1,2,19,2,2,0.0,0.0,0.0,0.0,0.0,2.0,8,4,12
7269,15,2,0,0,8,3,0,1,0,1,2,5,2,2,0.0,0.0,0.0,0.0,0.0,2.0,17,6,1
22207,15,2,4,0,2,3,0,1,0,1,2,17,2,2,0.0,0.0,0.0,0.0,0.0,6.0,18,7,2
134965,17,11,5,17,15,3,5,5,1,1,1,12,2,2,0.0,0.0,0.0,0.0,0.0,2.0,17,5,9
28864,16,2,3,0,6,3,0,1,1,1,2,18,2,2,0.0,0.0,0.0,0.0,0.0,5.0,1,2,3
130453,15,2,3,0,6,3,0,1,1,1,2,5,2,2,0.0,0.0,0.0,0.0,0.0,4.0,16,1,9
38698,15,7,3,3,8,3,6,1,1,0,2,18,2,2,0.0,0.0,0.0,0.0,0.0,2.0,14,4,3
130749,16,2,3,10,2,5,0,1,1,1,0,36,2,2,0.0,0.0,0.0,0.0,0.0,2.0,16,4,9
103246,16,2,5,17,3,3,5,5,1,1,1,36,2,2,0.0,0.0,0.0,0.0,0.0,2.0,22,7,7
135397,4,2,1,0,11,3,0,1,0,1,2,36,2,4,1.0,0.0,0.0,0.0,1.0,2.0,20,4,9
181866,16,2,3,17,3,3,0,1,1,1,0,14,2,2,0.0,0.0,0.0,0.0,0.0,3.0,12,6,12
19967,4,2,1,3,6,3,0,1,0,1,1,17,2,2,0.0,0.0,0.0,0.0,0.0,2.0,20,6,2
22875,16,2,3,17,6,3,0,1,0,1,2,18,2,3,1.0,0.0,0.0,1.0,0.0,1.0,13,6,2
34566,4,2,3,17,3,3,0,1,1,1,1,36,2,2,0.0,0.0,0.0,0.0,0.0,2.0,14,1,3
156467,15,3,3,0,8,3,0,1,1,1,2,18,2,2,0.0,0.0,0.0,0.0,0.0,3.0,10,6,11
11282,16,10,1,17,5,3,4,1,0,1,2,18,2,2,0.0,0.0,0.0,0.0,0.0,2.0,2,1,1
118817,16,2,1,17,10,3,6,5,1,1,1,8,2,2,0.0,0.0,0.0,0.0,0.0,4.0,22,7,8
99333,16,2,3,15,8,3,0,5,1,1,0,36,2,2,0.0,0.0,0.0,0.0,0.0,2.0,14,3,7
118002,16,2,3,9,8,3,0,1,0,1,0,36,2,3,2.0,0.0,0.0,2.0,0.0,0.0,7,6,8
139257,4,2,3,17,8,3,0,1,1,0,1,36,2,2,0.0,0.0,0.0,0.0,0.0,2.0,12,3,10
104764,16,7,3,10,8,4,6,1,1,1,0,23,2,2,0.0,0.0,0.0,0.0,0.0,2.0,17,1,8
151530,4,2,1,15,8,3,0,1,0,1,2,22,2,2,0.0,0.0,0.0,0.0,0.0,2.0,1,1,10
84371,16,2,3,17,8,3,0,1,1,1,1,24,2,2,0.0,0.0,0.0,0.0,0.0,2.0,14,4,6
160385,16,2,3,10,2,3,0,5,1,1,2,19,2,2,0.0,0.0,0.0,0.0,0.0,2.0,7,6,11
158698,15,2,3,0,8,3,6,1,0,1,2,38,2,3,1.0,0.0,0.0,1.0,0.0,1.0,13,3,11
133650,16,2,3,15,8,3,0,1,1,1,1,17,2,2,0.0,0.0,0.0,0.0,0.0,2.0,14,2,9
33518,4,2,3,17,16,3,0,1,1,1,2,36,2,2,0.0,0.0,0.0,0.0,0.0,3.0,6,5,3
29220,16,2,1,17,8,2,0,1,0,1,2,18,2,2,0.0,0.0,0.0,0.0,0.0,5.0,19,7,3
86334,16,2,3,10,2,3,0,1,1,1,2,19,2,2,0.0,0.0,0.0,0.0,0.0,2.0,12,5,6
167165,4,2,1,17,8,3,0,1,1,1,2,18,2,2,0.0,0.0,0.0,0.0,0.0,2.0,23,4,11
86431,4,2,3,0,8,3,0,1,1,1,2,28,2,2,0.0,0.0,0.0,0.0,0.0,2.0,15,1,6
8935,4,2,1,17,8,3,0,1,0,1,2,18,3,2,0.0,0.0,0.0,0.0,0.0,3.0,18,3,1
178460,16,2,0,10,8,3,0,1,1,1,1,9,2,2,0.0,0.0,0.0,0.0,0.0,2.0,16,5,12
178589,16,7,1,10,8,3,6,1,0,1,1,36,2,4,1.0,0.0,0.0,0.0,1.0,3.0,0,7,12
45383,16,2,2,10,8,3,0,1,0,1,2,19,2,2,0.0,0.0,0.0,0.0,0.0,3.0,6,7,4
44431,15,2,3,17,6,3,0,1,1,1,1,36,2,2,0.0,0.0,0.0,0.0,0.0,3.0,15,6,4
125281,15,2,3,17,6,3,0,1,1,1,2,36,2,2,0.0,0.0,0.0,0.0,0.0,2.0,6,6,9
117692,16,2,1,8,8,3,0,1,0,1,1,36,2,1,1.0,0.0,1.0,0.0,0.0,1.0,20,2,8
74455,16,2,3,17,8,3,0,1,1,1,2,18,2,2,0.0,0.0,0.0,0.0,0.0,2.0,18,3,6
25102,16,2,1,17,6,3,6,1,0,1,2,36,2,2,0.0,0.0,0.0,0.0,0.0,4.0,23,3,2
59698,4,2,3,10,8,3,0,1,1,1,1,19,2,2,0.0,0.0,0.0,0.0,0.0,2.0,16,6,5
43519,16,2,3,10,6,3,0,1,0,1,2,19,2,2,0.0,0.0,0.0,0.0,0.0,2.0,9,2,4
106638,4,2,3,17,8,3,0,1,0,1,2,18,2,2,0.0,0.0,0.0,0.0,0.0,3.0,17,2,8
119640,16,2,3,0,6,3,0,1,0,1,2,6,2,2,0.0,0.0,0.0,0.0,0.0,2.0,11,1,8
75438,16,2,3,10,8,4,0,1,1,1,1,9,2,2,0.0,0.0,0.0,0.0,0.0,2.0,16,6,6
114675,15,3,3,0,8,3,6,1,1,1,2,18,2,2,0.0,0.0,0.0,0.0,0.0,2.0,9,3,8
173614,4,2,3,8,8,3,0,1,0,0,0,18,2,4,1.0,0.0,0.0,0.0,1.0,4.0,14,1,12
29067,16,2,3,17,6,3,0,5,1,1,2,18,2,2,0.0,0.0,0.0,0.0,0.0,2.0,8,5,3
173987,15,2,1,5,8,3,0,1,0,1,2,30,2,4,1.0,0.0,0.0,0.0,1.0,1.0,17,6,12
120879,15,2,3,0,6,3,0,1,0,1,2,36,2,3,2.0,0.0,0.0,2.0,0.0,0.0,16,5,9
141241,16,2,3,9,6,3,0,1,0,1,0,24,2,4,1.0,0.0,0.0,0.0,1.0,1.0,8,2,10
10636,16,9,1,17,8,3,5,5,1,1,2,36,2,2,0.0,0.0,0.0,0.0,0.0,2.0,17,3,1
125756,15,2,3,0,6,3,0,1,1,1,2,18,2,2,0.0,0.0,0.0,0.0,0.0,2.0,16,6,9
90647,16,2,2,17,6,3,0,1,0,1,2,19,2,3,1.0,0.0,0.0,1.0,0.0,1.0,5,3,7
14923,15,2,1,0,2,3,4,1,0,1,2,5,2,3,1.0,0.0,0.0,1.0,0.0,1.0,19,2,1
99803,16,11,5,15,11,3,5,5,1,1,1,22,2,2,0.0,0.0,0.0,0.0,0.0,2.0,20,3,7
108946,15,7,3,17,6,3,6,1,0,1,2,5,2,2,0.0,0.0,0.0,0.0,0.0,2.0,15,2,8
101135,15,2,3,0,8,3,0,1,0,1,2,36,2,4,2.0,0.0,0.0,0.0,2.0,2.0,18,4,7
108989,16,2,3,17,8,3,0,5,1,1,1,36,2,2,0.0,0.0,0.0,0.0,0.0,2.0,9,2,8
117365,16,7,3,10,8,5,6,1,0,1,1,19,2,3,1.0,0.0,0.0,1.0,0.0,1.0,6,2,8
137606,17,11,3,10,3,3,6,5,1,1,1,26,2,2,0.0,0.0,0.0,0.0,0.0,2.0,13,7,10
28507,16,2,1,17,6,3,0,1,1,1,1,18,2,2,0.0,0.0,0.0,0.0,0.0,6.0,19,2,3
133529,16,2,3,15,2,3,0,1,1,1,2,23,2,2,0.0,0.0,0.0,0.0,0.0,2.0,7,2,9
147912,16,7,1,10,8,3,6,1,1,1,0,19,2,2,0.0,0.0,0.0,0.0,0.0,2.0,23,4,10
143684,16,2,1,17,2,3,0,1,0,1,2,18,2,3,3.0,0.0,0.0,3.0,0.0,1.0,0,1,10
142201,17,2,1,9,8,3,0,1,0,1,0,26,2,1,1.0,0.0,1.0,0.0,0.0,1.0,4,1,10
54357,16,2,3,0,15,3,0,1,0,1,2,36,2,2,0.0,0.0,0.0,0.0,0.0,4.0,8,4,4
96106,16,2,3,9,2,3,0,1,0,1,0,36,2,3,1.0,0.0,0.0,1.0,0.0,1.0,16,3,7
122216,16,2,3,17,11,3,0,1,1,1,0,19,2,2,0.0,0.0,0.0,0.0,0.0,4.0,15,1,9
81827,16,2,1,17,8,3,0,1,0,1,2,24,2,3,1.0,0.0,0.0,1.0,0.0,5.0,10,7,6
5277,15,2,3,11,10,3,0,1,1,1,0,21,2,2,0.0,0.0,0.0,0.0,0.0,2.0,9,4,1
70949,16,2,3,17,8,3,0,5,0,1,2,36,2,2,0.0,0.0,0.0,0.0,0.0,2.0,10,1,5
57902,15,2,1,9,6,3,6,1,0,1,2,36,2,3,1.0,0.0,0.0,1.0,0.0,1.0,21,7,5
11443,15,2,3,0,10,3,0,1,0,1,2,18,2,2,0.0,0.0,0.0,0.0,0.0,4.0,9,1,1
126738,16,2,3,15,8,3,0,1,1,1,1,24,2,2,0.0,0.0,0.0,0.0,0.0,3.0,15,5,9
113577,16,2,3,0,10,3,0,1,0,1,2,18,2,2,0.0,0.0,0.0,0.0,0.0,2.0,7,7,8
97910,16,2,3,0,3,3,0,1,0,1,2,28,2,1,1.0,0.0,1.0,0.0,0.0,1.0,16,3,7
157115,16,2,3,17,8,3,0,5,0,1,2,18,2,2,0.0,0.0,0.0,0.0,0.0,3.0,8,3,11
37148,4,2,1,17,8,3,0,1,1,0,2,24,2,2,0.0,0.0,0.0,0.0,0.0,2.0,0,1,3
80724,16,2,3,8,6,3,0,1,0,1,1,36,2,3,1.0,0.0,0.0,1.0,0.0,1.0,16,6,6
122467,15,2,3,17,10,3,0,5,1,1,1,36,2,2,0.0,0.0,0.0,0.0,0.0,5.0,9,6,9
150663,4,2,3,17,8,3,0,1,0,1,0,36,2,3,1.0,0.0,0.0,1.0,0.0,1.0,13,7,10
97237,16,2,3,10,8,3,0,1,1,1,1,17,2,2,0.0,0.0,0.0,0.0,0.0,3.0,16,6,7
133820,4,2,3,10,2,3,0,1,0,1,2,36,2,2,0.0,0.0,0.0,0.0,0.0,2.0,7,5,9
13552,16,3,3,10,8,3,0,1,1,1,2,17,3,2,0.0,0.0,0.0,0.0,0.0,3.0,8,5,1
9892,16,2,3,2,2,3,0,1,0,0,2,36,1,2,0.0,0.0,0.0,0.0,0.0,1.0,11,5,1
188551,15,2,3,17,8,3,0,1,0,1,2,24,2,2,0.0,0.0,0.0,0.0,0.0,2.0,13,7,12
46993,4,2,3,10,8,3,0,1,0,1,2,19,3,2,0.0,0.0,0.0,0.0,0.0,3.0,18,3,4
168676,15,2,0,17,8,3,0,1,0,1,1,26,2,2,0.0,0.0,0.0,0.0,0.0,2.0,20,6,11
150078,16,2,1,8,2,3,0,1,0,1,1,6,2,1,1.0,0.0,1.0,0.0,0.0,2.0,18,6,10
63226,15,2,3,17,8,3,0,1,1,1,2,24,2,2,0.0,0.0,0.0,0.0,0.0,3.0,14,4,5
127356,4,2,3,17,8,3,0,1,0,1,2,24,2,2,0.0,0.0,0.0,0.0,0.0,2.0,15,6,9
7189,16,4,4,15,10,3,0,1,1,1,0,36,2,2,0.0,0.0,0.0,0.0,0.0,2.0,17,4,1
40467,16,7,1,2,19,3,6,1,0,1,2,17,1,3,2.0,0.0,0.0,2.0,0.0,0.0,2,2,3
89932,4,2,1,0,10,3,0,1,0,1,2,18,3,2,0.0,0.0,0.0,0.0,0.0,2.0,22,5,7
110618,16,2,3,17,8,3,0,1,0,1,2,18,2,2,0.0,0.0,0.0,0.0,0.0,5.0,14,6,8
164204,4,2,3,15,3,3,0,1,1,1,2,22,2,2,0.0,0.0,0.0,0.0,0.0,2.0,12,2,11
182533,16,2,3,17,8,3,0,1,1,1,0,3,2,2,0.0,0.0,0.0,0.0,0.0,2.0,9,3,12
58110,16,2,1,17,8,3,0,1,1,1,0,24,2,2,0.0,0.0,0.0,0.0,0.0,2.0,0,1,5
163821,17,6,1,15,15,3,0,1,0,1,2,24,2,4,1.0,0.0,0.0,0.0,1.0,1.0,21,6,11
84941,16,3,3,17,2,3,0,5,1,1,0,19,2,2,0.0,0.0,0.0,0.0,0.0,2.0,16,6,6
183764,16,2,3,15,8,3,0,1,0,1,2,18,3,3,1.0,0.0,0.0,1.0,0.0,2.0,13,7,12
128269,15,2,3,0,8,3,0,1,0,1,2,5,2,3,1.0,0.0,0.0,1.0,0.0,2.0,17,7,9
167203,16,2,1,17,8,3,0,1,1,1,1,36,2,2,0.0,0.0,0.0,0.0,0.0,2.0,18,5,11
146726,16,2,3,0,6,3,0,5,0,1,2,36,2,3,1.0,0.0,0.0,1.0,0.0,1.0,7,1,10
72580,15,2,3,0,6,3,0,1,0,1,2,5,2,2,0.0,0.0,0.0,0.0,0.0,2.0,9,4,6
96336,4,2,1,17,2,3,0,1,0,0,2,36,2,2,0.0,0.0,0.0,0.0,0.0,2.0,3,7,7
174250,16,2,1,17,8,3,0,1,0,1,2,18,2,3,1.0,0.0,0.0,1.0,0.0,2.0,19,4,12
80459,16,2,1,10,3,3,0,1,0,1,2,36,2,1,1.0,0.0,1.0,0.0,0.0,5.0,1,1,6
21505,15,2,4,17,15,3,5,5,0,1,2,24,2,3,1.0,0.0,0.0,1.0,0.0,2.0,17,3,2
90798,16,2,3,9,8,3,0,1,0,1,0,18,2,3,1.0,0.0,0.0,1.0,0.0,1.0,7,5,7
33128,16,2,1,17,6,3,0,1,0,1,2,18,2,3,1.0,0.0,0.0,1.0,0.0,1.0,18,5,3
90772,4,2,3,10,8,3,0,1,1,1,2,36,2,2,0.0,0.0,0.0,0.0,0.0,6.0,15,5,7
69967,16,2,3,17,10,3,0,1,1,1,2,24,2,2,0.0,0.0,0.0,0.0,0.0,2.0,14,7,5
157257,16,2,3,17,2,3,0,1,0,1,2,17,3,2,0.0,0.0,0.0,0.0,0.0,2.0,11,5,11
175580,16,2,3,9,8,3,0,1,0,1,0,18,3,3,1.0,0.0,0.0,1.0,0.0,2.0,8,6,12
16193,4,2,3,17,12,3,0,1,1,1,2,12,2,2,0.0,0.0,0.0,0.0,0.0,2.0,18,4,2
110852,16,11,1,7,11,3,5,5,1,0,0,22,2,2,0.0,0.0,0.0,0.0,0.0,2.0,22,3,8
137713,16,2,3,0,3,3,0,1,0,1,2,6,2,3,2.0,0.0,0.0,2.0,0.0,1.0,8,2,10
130874,16,2,3,10,8,3,0,1,0,1,1,36,3,1,1.0,0.0,1.0,0.0,0.0,2.0,14,7,9
188765,16,2,1,17,6,3,0,1,0,1,2,24,2,3,1.0,0.0,0.0,1.0,0.0,5.0,21,3,12
51502,16,2,3,9,10,3,0,1,0,1,0,17,2,3,1.0,0.0,0.0,1.0,0.0,1.0,10,5,4
73158,16,2,3,17,10,3,0,1,0,1,2,18,2,4,1.0,0.0,0.0,0.0,1.0,1.0,16,6,6
179751,16,2,1,10,8,3,0,1,1,1,0,17,2,2,0.0,0.0,0.0,0.0,0.0,2.0,19,2,12
5340,16,2,3,10,3,3,4,2,1,1,2,18,2,2,0.0,0.0,0.0,0.0,0.0,2.0,7,5,1
56589,16,7,3,10,15,3,6,1,0,1,2,19,2,2,0.0,0.0,0.0,0.0,0.0,2.0,14,5,5
87007,16,2,4,10,8,3,0,1,0,1,2,19,2,3,2.0,0.0,0.0,2.0,0.0,1.0,21,3,6
109974,15,7,3,8,6,3,6,1,0,1,2,18,2,1,1.0,0.0,1.0,0.0,0.0,1.0,16,2,8
153469,16,2,1,10,2,3,0,1,1,1,2,19,2,2,0.0,0.0,0.0,0.0,0.0,3.0,2,1,10
86777,16,2,3,0,8,3,0,1,1,1,2,36,2,2,0.0,0.0,0.0,0.0,0.0,2.0,15,6,6
187970,16,7,1,0,8,3,6,5,0,1,2,36,5,0,4.0,2.0,0.0,0.0,2.0,4.0,21,6,12
12387,16,2,1,0,8,3,0,1,1,1,2,36,2,2,0.0,0.0,0.0,0.0,0.0,2.0,1,6,1
56074,16,2,3,10,2,3,0,1,1,1,0,36,2,2,0.0,0.0,0.0,0.0,0.0,2.0,18,3,5
188116,16,2,0,0,8,3,0,1,0,1,1,26,2,4,2.0,0.0,0.0,0.0,2.0,1.0,18,7,12
74545,16,2,3,9,2,3,0,1,0,1,1,36,2,1,1.0,0.0,1.0,0.0,0.0,1.0,16,5,6
135718,16,2,1,2,8,3,0,1,0,1,2,36,1,2,0.0,0.0,0.0,0.0,0.0,1.0,21,3,9
137304,4,2,3,14,8,3,0,1,1,1,2,22,2,2,0.0,0.0,0.0,0.0,0.0,2.0,16,5,9
176965,16,7,3,17,8,3,6,1,0,1,2,18,2,2,0.0,0.0,0.0,0.0,0.0,2.0,12,6,12
84794,4,2,3,7,8,3,0,1,1,1,1,24,2,2,0.0,0.0,0.0,0.0,0.0,4.0,17,3,6
68150,4,2,3,7,10,3,0,1,1,1,1,21,3,2,0.0,0.0,0.0,0.0,0.0,1.0,10,5,5
26931,15,2,3,0,6,3,0,1,1,1,2,5,2,2,0.0,0.0,0.0,0.0,0.0,2.0,13,6,2
135721,16,2,1,10,6,3,0,1,1,1,1,36,2,2,0.0,0.0,0.0,0.0,0.0,2.0,22,3,9
132104,4,2,2,0,8,3,0,1,1,1,0,36,2,2,0.0,0.0,0.0,0.0,0.0,2.0,15,2,9
154469,4,2,3,17,8,3,0,5,1,0,1,18,2,2,0.0,0.0,0.0,0.0,0.0,2.0,13,2,10
152452,4,7,3,17,8,3,6,1,0,1,2,18,2,2,0.0,0.0,0.0,0.0,0.0,2.0,12,7,10
19671,16,2,1,17,8,3,6,6,0,1,2,36,2,2,0.0,0.0,0.0,0.0,0.0,2.0,2,7,2
130652,16,2,4,0,8,3,0,1,1,1,2,36,2,2,0.0,0.0,0.0,0.0,0.0,3.0,19,7,9
58524,15,2,3,0,8,3,0,1,1,1,2,36,2,2,0.0,0.0,0.0,0.0,0.0,3.0,14,1,5
19018,15,2,3,9,6,3,0,1,0,1,0,36,2,3,1.0,0.0,0.0,1.0,0.0,1.0,14,4,2
125629,16,2,3,17,6,3,0,1,0,1,2,12,2,4,2.0,0.0,0.0,0.0,2.0,1.0,17,3,9
68813,4,2,3,0,8,3,0,1,0,1,2,18,2,2,0.0,0.0,0.0,0.0,0.0,2.0,14,3,5
79999,15,2,3,17,8,3,0,1,1,1,1,18,2,2,0.0,0.0,0.0,0.0,0.0,2.0,11,7,6
186058,16,2,1,17,8,3,0,1,1,1,2,36,2,2,0.0,0.0,0.0,0.0,0.0,3.0,21,2,12
144193,17,11,5,8,17,3,5,5,1,1,0,36,2,2,0.0,0.0,0.0,0.0,0.0,3.0,15,7,10
147039,16,2,3,10,1,3,0,1,1,1,1,19,2,2,0.0,0.0,0.0,0.0,0.0,4.0,9,4,10
62120,15,2,3,0,8,3,0,2,0,1,2,36,3,2,0.0,0.0,0.0,0.0,0.0,3.0,13,1,5
24963,15,2,3,0,11,3,0,1,0,1,2,18,2,2,0.0,0.0,0.0,0.0,0.0,2.0,13,7,2
3077,15,2,3,0,6,3,0,1,0,1,2,18,2,3,2.0,0.0,0.0,2.0,0.0,1.0,14,3,1
97383,4,2,3,8,6,3,0,1,1,1,0,18,2,2,0.0,0.0,0.0,0.0,0.0,2.0,15,2,7
42361,15,2,3,17,2,3,0,1,1,1,2,5,2,2,0.0,0.0,0.0,0.0,0.0,3.0,15,2,4
61339,16,2,1,0,8,3,0,1,0,1,2,6,2,2,0.0,0.0,0.0,0.0,0.0,2.0,2,4,5
140987,15,2,2,0,6,3,0,1,0,1,2,18,2,3,1.0,0.0,0.0,1.0,0.0,1.0,6,1,10
150857,16,2,5,10,6,3,5,5,1,1,2,36,2,2,0.0,0.0,0.0,0.0,0.0,2.0,12,2,10
155702,15,2,1,0,8,3,0,1,1,1,2,18,2,2,0.0,0.0,0.0,0.0,0.0,4.0,21,3,11
180532,17,11,5,0,17,3,5,5,0,1,2,18,2,2,0.0,0.0,0.0,0.0,0.0,2.0,21,5,12
128014,4,2,3,0,10,3,0,1,0,1,0,12,2,2,0.0,0.0,0.0,0.0,0.0,3.0,9,2,9
87857,4,2,3,7,10,3,0,1,1,1,1,36,2,2,0.0,0.0,0.0,0.0,0.0,1.0,18,1,7
31017,15,2,3,0,8,3,0,1,1,1,1,18,2,2,0.0,0.0,0.0,0.0,0.0,2.0,13,4,3
62325,16,2,3,17,15,3,0,1,0,1,2,18,2,3,1.0,0.0,0.0,1.0,0.0,1.0,19,5,5
8450,16,2,1,17,6,4,0,1,1,1,2,36,2,2,0.0,0.0,0.0,0.0,0.0,2.0,19,3,1
88069,16,2,3,10,8,3,0,1,1,1,2,36,2,2,0.0,0.0,0.0,0.0,0.0,2.0,18,5,7
150098,15,2,0,0,6,3,5,1,1,1,2,5,2,2,0.0,0.0,0.0,0.0,0.0,2.0,22,6,10
129637,17,11,5,15,8,3,5,5,1,1,1,26,2,2,0.0,0.0,0.0,0.0,0.0,2.0,10,2,9
84695,16,2,1,7,2,3,0,1,1,1,2,23,2,2,0.0,0.0,0.0,0.0,0.0,1.0,0,7,6
133548,16,7,1,10,3,3,6,5,1,1,1,26,2,2,0.0,0.0,0.0,0.0,0.0,2.0,22,2,9
103139,15,2,3,10,8,3,0,1,1,1,1,17,2,2,0.0,0.0,0.0,0.0,0.0,6.0,17,6,7
123982,16,2,1,2,6,3,0,1,0,1,2,17,1,2,0.0,0.0,0.0,0.0,0.0,1.0,3,7,9
20072,16,2,1,0,6,3,0,1,0,1,2,6,2,4,1.0,0.0,0.0,0.0,1.0,3.0,18,1,2
47254,17,2,1,17,2,3,0,5,1,0,2,24,2,2,0.0,0.0,0.0,0.0,0.0,1.0,21,6,4
55207,15,7,3,0,6,3,6,1,1,1,2,18,2,2,0.0,0.0,0.0,0.0,0.0,3.0,16,4,4
95707,16,2,3,3,2,3,0,1,0,1,2,6,3,2,0.0,0.0,0.0,0.0,0.0,3.0,16,5,7
9113,16,2,3,10,8,3,0,5,1,1,0,36,2,2,0.0,0.0,0.0,0.0,0.0,2.0,13,3,1
46151,16,11,3,17,6,3,5,5,1,1,1,36,2,2,0.0,0.0,0.0,0.0,0.0,2.0,12,7,4
99607,15,2,3,8,6,3,0,1,0,1,1,36,2,4,1.0,0.0,0.0,0.0,1.0,1.0,15,1,7
63027,16,3,3,15,3,3,0,1,1,1,1,18,2,2,0.0,0.0,0.0,0.0,0.0,2.0,11,1,5
179510,16,2,3,10,8,3,0,1,1,1,1,19,2,2,0.0,0.0,0.0,0.0,0.0,3.0,15,5,12
163172,15,2,3,15,3,3,0,5,1,1,2,36,2,2,0.0,0.0,0.0,0.0,0.0,2.0,17,5,11
92392,16,7,4,5,6,3,6,1,0,1,2,36,1,2,0.0,0.0,0.0,0.0,0.0,1.0,21,3,7
40363,4,2,3,0,10,3,0,5,1,0,1,36,2,2,0.0,0.0,0.0,0.0,0.0,2.0,17,7,3
116901,15,2,3,17,15,3,0,1,1,1,2,23,2,2,0.0,0.0,0.0,0.0,0.0,2.0,8,3,8
4375,16,2,1,17,8,3,0,1,1,1,0,24,2,2,0.0,0.0,0.0,0.0,0.0,2.0,17,1,1
169283,16,2,1,0,8,3,0,1,0,1,2,6,2,2,0.0,0.0,0.0,0.0,0.0,2.0,4,2,11
71851,17,11,5,10,8,3,5,5,1,1,0,24,3,2,0.0,0.0,0.0,0.0,0.0,3.0,18,6,6
65196,15,2,1,0,3,3,0,1,0,1,2,5,3,2,0.0,0.0,0.0,0.0,0.0,3.0,1,1,5
68562,16,2,1,0,6,3,0,5,0,1,2,6,2,1,2.0,0.0,1.0,0.0,1.0,2.0,3,7,5
50416,16,2,1,17,2,3,0,1,1,1,2,18,2,2,0.0,0.0,0.0,0.0,0.0,6.0,19,6,4
120395,16,2,3,10,6,3,0,1,1,1,2,19,2,2,0.0,0.0,0.0,0.0,0.0,2.0,9,5,8
117520,16,2,1,17,8,3,6,1,0,1,2,18,2,1,4.0,0.0,1.0,3.0,0.0,1.0,0,5,8
130684,16,2,3,17,2,3,0,1,0,1,2,36,2,3,1.0,0.0,0.0,1.0,0.0,2.0,16,3,9
144406,15,2,3,0,6,3,0,1,0,1,2,18,2,2,0.0,0.0,0.0,0.0,0.0,3.0,18,4,10
86993,16,2,3,0,10,3,0,1,0,1,2,6,2,4,1.0,0.0,0.0,0.0,1.0,4.0,18,3,6
130481,16,2,0,8,8,3,0,1,0,1,0,36,2,1,1.0,0.0,1.0,0.0,0.0,1.0,20,1,9
187469,16,2,3,17,6,3,5,5,1,1,2,18,2,2,0.0,0.0,0.0,0.0,0.0,2.0,15,7,12
91298,4,2,3,15,8,3,0,1,1,1,2,36,2,2,0.0,0.0,0.0,0.0,0.0,2.0,16,6,7
182770,15,2,3,0,6,3,0,1,0,1,2,5,2,3,1.0,0.0,0.0,1.0,0.0,2.0,9,7,12
167576,4,10,3,17,12,3,6,2,1,1,2,36,2,2,0.0,0.0,0.0,0.0,0.0,3.0,11,5,11
40393,16,2,3,0,8,3,0,1,0,1,2,36,2,2,0.0,0.0,0.0,0.0,0.0,2.0,11,7,3
166236,16,2,1,15,2,3,0,1,0,1,0,23,2,2,0.0,0.0,0.0,0.0,0.0,3.0,18,6,11