crash_date,               traffic_control_device,weather_condition,lighting_condition,first_crash_type,trafficway_type,alignment,roadway_surface_cond,road_defect,crash_type,intersection_related_i,damage,prim_contributory_cause,num_units,most_severe_injury,injuries_total,injuries_fatal,injuries_incapacitating,injuries_non_incapacitating,injuries_reported_not_evident,injuries_no_indication,crash_hour,crash_day_of_week,crash_month
32573,16,3,1,0,3,3,0,1,0,1,2,18,2,3,1.0,0.0,0.0,1.0,0.0,3.0,5,1,3
45550,15,7,3,0,6,3,6,1,0,1,2,5,2,2,0.0,0.0,0.0,0.0,0.0,3.0,14,5,4
40640,16,2,3,10,8,3,0,1,1,1,2,19,2,2,0.0,0.0,0.0,0.0,0.0,2.0,8,4,3
187880,16,2,1,15,8,3,6,5,1,1,0,36,2,2,0.0,0.0,0.0,0.0,0.0,2.0,17,5,12
126213,16,2,3,8,3,3,0,1,0,1,0,6,2,3,1.0,0.0,0.0,1.0,0.0,1.0,8,4,9
40912,15,2,0,0,6,3,0,1,0,1,2,18,2,2,0.0,0.0,0.0,0.0,0.0,3.0,20,3,3
182306,15,2,3,7,15,3,0,5,1,1,2,36,2,2,0.0,0.0,0.0,0.0,0.0,1.0,13,2,12
35008,4,2,3,17,11,3,0,1,0,1,2,36,2,4,1.0,0.0,0.0,0.0,1.0,1.0,12,6,3
161966,15,2,3,0,8,3,0,1,1,1,2,5,2,2,0.0,0.0,0.0,0.0,0.0,2.0,11,2,11
151199,16,2,3,8,6,3,0,1,1,1,1,24,2,2,0.0,0.0,0.0,0.0,0.0,2.0,10,7,10
85824,16,7,2,9,3,3,6,1,0,1,0,18,2,4,1.0,0.0,0.0,0.0,1.0,1.0,8,4,6
51402,16,2,3,0,6,3,0,1,0,1,2,6,2,2,0.0,0.0,0.0,0.0,0.0,2.0,14,4,4
170040,4,2,1,0,6,3,0,1,0,1,2,11,2,4,2.0,0.0,0.0,0.0,2.0,4.0,0,1,11
99657,16,2,3,15,8,3,0,1,0,1,2,19,2,2,0.0,0.0,0.0,0.0,0.0,2.0,14,3,7
6821,8,2,3,17,15,3,6,1,1,1,0,23,2,2,0.0,0.0,0.0,0.0,0.0,2.0,7,6,1
137000,16,2,1,0,6,3,0,5,0,1,2,6,2,3,1.0,0.0,0.0,1.0,0.0,2.0,5,1,9
73133,16,2,3,7,8,3,0,1,1,1,1,23,2,2,0.0,0.0,0.0,0.0,0.0,1.0,12,5,6
143009,16,2,1,0,6,3,0,6,0,1,2,6,3,2,0.0,0.0,0.0,0.0,0.0,5.0,1,7,10
105006,15,2,3,9,6,3,0,1,0,1,0,36,2,3,1.0,0.0,0.0,1.0,0.0,2.0,17,6,8
9193,16,2,1,0,2,3,6,1,0,1,1,36,2,2,0.0,0.0,0.0,0.0,0.0,2.0,17,6,1
77622,15,2,3,0,8,3,0,1,0,1,2,18,2,1,2.0,0.0,1.0,1.0,0.0,0.0,16,2,6
44767,16,2,3,17,3,3,0,1,1,1,2,18,2,2,0.0,0.0,0.0,0.0,0.0,2.0,15,4,4
185036,4,10,1,0,19,3,4,5,1,1,2,36,4,2,0.0,0.0,0.0,0.0,0.0,2.0,16,6,12
131286,16,2,3,17,8,3,0,1,1,1,2,18,2,2,0.0,0.0,0.0,0.0,0.0,2.0,17,4,9
50239,16,11,5,15,8,3,5,5,1,1,0,24,2,2,0.0,0.0,0.0,0.0,0.0,2.0,18,5,4
164081,4,2,1,0,8,3,0,5,1,1,2,36,2,2,0.0,0.0,0.0,0.0,0.0,4.0,17,4,11
42402,15,2,1,2,2,3,0,1,0,1,2,13,1,1,1.0,0.0,1.0,0.0,0.0,0.0,20,2,4
140125,4,2,3,8,6,3,0,1,0,1,0,18,2,3,1.0,0.0,0.0,1.0,0.0,1.0,17,2,10
10737,16,2,3,17,6,3,0,1,1,1,2,19,2,2,0.0,0.0,0.0,0.0,0.0,2.0,11,4,1
69856,15,2,3,2,8,3,0,1,1,1,2,36,2,2,0.0,0.0,0.0,0.0,0.0,1.0,10,5,5
28565,17,2,0,9,15,3,0,5,0,1,0,36,2,3,1.0,0.0,0.0,1.0,0.0,2.0,21,3,3
34340,16,10,3,10,2,3,4,1,1,1,2,36,2,2,0.0,0.0,0.0,0.0,0.0,2.0,6,3,3
76562,15,2,3,0,8,3,0,1,1,1,1,18,2,2,0.0,0.0,0.0,0.0,0.0,4.0,13,7,6
113568,16,2,3,9,8,3,0,1,0,1,0,36,2,1,1.0,0.0,1.0,0.0,0.0,1.0,16,7,8
136911,15,2,3,0,8,3,5,5,1,1,2,36,2,2,0.0,0.0,0.0,0.0,0.0,2.0,14,6,9
62520,16,2,3,0,2,3,0,1,0,1,2,36,2,3,1.0,0.0,0.0,1.0,0.0,1.0,13,2,5
40313,4,7,1,0,2,3,6,1,0,1,2,5,2,4,2.0,0.0,0.0,0.0,2.0,0.0,20,6,3
181208,16,3,1,0,6,3,6,1,0,1,2,6,2,1,1.0,0.0,1.0,0.0,0.0,1.0,22,7,12
47798,16,2,3,10,15,3,5,5,1,1,2,36,2,2,0.0,0.0,0.0,0.0,0.0,2.0,15,3,4
23613,16,2,3,15,10,3,0,1,1,1,2,23,2,2,0.0,0.0,0.0,0.0,0.0,2.0,7,3,2
66396,15,2,1,0,2,3,0,1,0,1,2,36,3,3,1.0,0.0,0.0,1.0,0.0,2.0,21,7,5
174783,16,10,3,9,8,3,6,1,1,1,0,36,2,2,0.0,0.0,0.0,0.0,0.0,2.0,7,3,12
152351,4,2,1,9,8,3,0,1,0,0,2,28,3,4,3.0,0.0,0.0,0.0,3.0,2.0,1,7,10
162123,15,2,3,17,15,3,0,1,1,1,2,22,2,2,0.0,0.0,0.0,0.0,0.0,2.0,6,5,11
129591,16,11,3,17,8,3,5,5,1,1,2,36,2,2,0.0,0.0,0.0,0.0,0.0,2.0,15,2,9
169811,16,7,1,10,15,3,6,1,1,1,0,36,2,2,0.0,0.0,0.0,0.0,0.0,2.0,19,3,11
44567,4,3,3,10,2,3,0,1,1,1,1,19,3,2,0.0,0.0,0.0,0.0,0.0,9.0,7,6,4
153041,16,2,1,15,8,3,0,1,1,1,2,22,2,2,0.0,0.0,0.0,0.0,0.0,2.0,21,3,10
47436,15,2,3,17,8,3,0,1,0,1,0,12,2,4,1.0,0.0,0.0,0.0,1.0,1.0,13,4,4
25162,4,7,3,0,6,3,6,1,1,1,2,36,3,2,0.0,0.0,0.0,0.0,0.0,4.0,11,4,2
7725,16,2,3,17,11,3,0,1,0,1,2,18,2,1,1.0,0.0,1.0,0.0,0.0,1.0,9,4,1
39946,15,2,3,17,8,3,0,1,0,1,2,18,2,2,0.0,0.0,0.0,0.0,0.0,4.0,18,6,3
8272,16,2,2,10,8,3,0,1,1,1,1,6,2,2,0.0,0.0,0.0,0.0,0.0,3.0,17,6,1
128424,16,2,1,17,8,3,0,1,1,1,2,22,2,2,0.0,0.0,0.0,0.0,0.0,2.0,1,7,9
142973,15,2,3,0,6,3,0,1,0,1,2,18,2,2,0.0,0.0,0.0,0.0,0.0,3.0,8,5,10
181348,16,2,0,10,8,3,0,1,1,1,1,19,2,2,0.0,0.0,0.0,0.0,0.0,4.0,20,1,12
53574,15,2,3,0,6,3,5,5,1,1,2,36,2,2,0.0,0.0,0.0,0.0,0.0,2.0,14,6,4
44257,16,11,5,15,8,4,5,5,1,1,2,36,2,2,0.0,0.0,0.0,0.0,0.0,2.0,16,1,4
20135,15,2,3,10,8,3,0,1,0,1,2,36,2,4,2.0,0.0,0.0,0.0,2.0,2.0,12,1,2
59903,17,2,0,15,15,3,0,1,1,1,1,36,2,2,0.0,0.0,0.0,0.0,0.0,2.0,21,2,5
158717,15,2,0,0,8,3,0,1,0,1,2,36,2,3,2.0,0.0,0.0,2.0,0.0,1.0,17,3,11
28904,16,2,3,10,6,3,0,5,1,1,2,36,2,2,0.0,0.0,0.0,0.0,0.0,2.0,8,2,3
97907,16,2,3,17,2,3,5,5,1,1,2,18,2,2,0.0,0.0,0.0,0.0,0.0,2.0,16,3,7
39042,15,2,3,0,6,3,0,1,1,1,2,18,2,2,0.0,0.0,0.0,0.0,0.0,7.0,15,3,3
113044,16,2,1,17,8,3,0,1,1,1,2,6,2,2,0.0,0.0,0.0,0.0,0.0,2.0,4,6,8
51103,16,7,0,17,6,3,6,1,1,1,2,18,2,2,0.0,0.0,0.0,0.0,0.0,2.0,5,5,4
2476,16,2,3,17,1,3,0,1,0,1,2,18,2,3,1.0,0.0,0.0,1.0,0.0,1.0,8,7,1
178131,16,2,3,17,10,3,0,1,1,1,1,24,2,2,0.0,0.0,0.0,0.0,0.0,2.0,13,2,12
96691,15,2,3,9,2,3,0,1,1,1,0,5,2,2,0.0,0.0,0.0,0.0,0.0,2.0,14,5,7
186169,16,2,3,17,1,3,0,1,0,1,2,18,2,3,1.0,0.0,0.0,1.0,0.0,4.0,13,5,12
11984,16,2,3,10,2,3,0,1,1,1,0,19,2,2,0.0,0.0,0.0,0.0,0.0,2.0,9,5,1
143754,15,2,3,0,8,3,0,1,0,1,2,36,2,2,0.0,0.0,0.0,0.0,0.0,2.0,12,2,10
134098,16,7,4,17,15,3,6,1,1,1,1,22,2,2,0.0,0.0,0.0,0.0,0.0,3.0,18,3,9
13776,16,2,3,15,8,3,0,1,1,1,1,22,2,2,0.0,0.0,0.0,0.0,0.0,2.0,13,1,1
61911,15,2,3,17,8,3,0,1,1,1,2,18,2,2,0.0,0.0,0.0,0.0,0.0,2.0,12,5,5
73900,15,2,1,0,8,3,0,1,1,1,2,5,2,2,0.0,0.0,0.0,0.0,0.0,2.0,20,2,6
117644,4,2,3,0,12,3,0,1,1,1,2,18,2,2,0.0,0.0,0.0,0.0,0.0,3.0,13,2,8
90496,4,2,3,10,2,3,0,1,0,1,2,19,2,3,1.0,0.0,0.0,1.0,0.0,1.0,9,6,7
12058,15,2,3,15,8,3,0,1,1,1,2,18,2,2,0.0,0.0,0.0,0.0,0.0,2.0,10,6,1
129600,17,11,5,7,8,3,2,5,1,1,1,26,2,2,0.0,0.0,0.0,0.0,0.0,1.0,5,2,9
172577,16,7,3,10,10,3,6,1,1,1,2,19,2,2,0.0,0.0,0.0,0.0,0.0,2.0,14,6,12
69907,16,7,3,17,8,3,6,1,0,1,2,24,2,4,1.0,0.0,0.0,0.0,1.0,2.0,18,6,5
172619,4,7,4,17,19,3,6,1,1,1,2,24,2,2,0.0,0.0,0.0,0.0,0.0,2.0,18,6,12
43531,16,2,3,0,2,3,0,1,1,1,2,36,2,2,0.0,0.0,0.0,0.0,0.0,2.0,12,2,4
132926,16,7,3,0,3,3,6,1,0,1,2,26,2,3,2.0,0.0,0.0,1.0,1.0,3.0,13,1,9
14884,16,10,1,2,6,3,4,5,0,1,2,39,1,2,0.0,0.0,0.0,0.0,0.0,1.0,0,1,1
172715,15,2,3,10,8,3,0,1,1,1,2,36,2,2,0.0,0.0,0.0,0.0,0.0,2.0,12,1,12
69453,16,3,3,0,2,3,0,1,1,1,1,18,2,2,0.0,0.0,0.0,0.0,0.0,2.0,12,5,5
61734,15,2,1,0,6,3,0,5,1,1,2,5,2,2,0.0,0.0,0.0,0.0,0.0,2.0,0,1,5
70607,16,2,3,17,6,3,0,1,1,1,1,24,2,2,0.0,0.0,0.0,0.0,0.0,2.0,19,4,5
186781,16,7,3,17,3,3,6,1,0,1,2,18,2,4,2.0,0.0,0.0,0.0,2.0,3.0,10,2,12
123808,16,2,3,0,8,3,0,1,1,1,2,6,2,2,0.0,0.0,0.0,0.0,0.0,3.0,13,4,9
156749,15,2,3,17,15,3,0,1,0,1,2,36,2,3,1.0,0.0,0.0,1.0,0.0,2.0,12,4,11
122138,16,2,3,17,11,3,0,1,0,1,2,24,2,3,1.0,0.0,0.0,1.0,0.0,2.0,17,3,9
53314,16,2,3,17,6,3,0,1,1,1,1,19,2,2,0.0,0.0,0.0,0.0,0.0,2.0,16,3,4
59958,16,2,3,0,1,3,0,1,0,1,2,28,2,3,1.0,0.0,0.0,1.0,0.0,2.0,18,4,5
175464,14,2,3,9,2,3,0,1,0,1,0,36,2,1,1.0,0.0,1.0,0.0,0.0,1.0,15,5,12
102074,16,2,3,15,10,3,0,1,0,1,2,4,2,2,0.0,0.0,0.0,0.0,0.0,3.0,14,4,7
71555,15,2,3,17,6,3,0,1,0,1,2,36,3,2,0.0,0.0,0.0,0.0,0.0,5.0,16,3,5
110586,16,2,1,17,6,3,0,1,1,1,2,18,2,2,0.0,0.0,0.0,0.0,0.0,5.0,20,5,8
32619,16,2,3,17,6,3,0,5,1,1,2,23,2,2,0.0,0.0,0.0,0.0,0.0,2.0,16,3,3
89809,4,2,3,10,6,3,0,1,0,0,2,13,3,2,0.0,0.0,0.0,0.0,0.0,3.0,10,5,7
43042,16,2,3,17,6,3,0,5,1,1,2,36,2,2,0.0,0.0,0.0,0.0,0.0,8.0,17,1,4
132310,16,2,1,17,6,3,0,1,0,1,2,36,2,2,0.0,0.0,0.0,0.0,0.0,2.0,5,5,9
173374,16,2,3,0,8,3,0,5,0,1,2,9,2,2,0.0,0.0,0.0,0.0,0.0,2.0,11,2,12
183072,16,2,3,17,1,4,0,1,0,1,2,38,2,2,0.0,0.0,0.0,0.0,0.0,3.0,14,4,12
116380,15,2,1,8,15,3,0,1,1,1,2,27,2,2,0.0,0.0,0.0,0.0,0.0,2.0,20,2,8
76799,15,2,3,17,8,3,0,1,1,1,2,18,2,2,0.0,0.0,0.0,0.0,0.0,2.0,10,4,6
176392,16,2,1,17,6,4,0,1,1,1,2,36,2,2,0.0,0.0,0.0,0.0,0.0,3.0,20,6,12
102173,15,2,1,0,6,3,0,1,0,1,2,36,5,4,2.0,0.0,0.0,0.0,2.0,1.0,21,5,7
102033,4,2,3,17,7,3,0,5,0,1,2,24,2,2,0.0,0.0,0.0,0.0,0.0,6.0,18,3,7
136774,16,2,3,10,6,3,0,1,1,1,2,19,2,2,0.0,0.0,0.0,0.0,0.0,3.0,15,4,9
45282,16,2,3,10,6,3,0,5,0,1,0,36,2,1,1.0,0.0,1.0,0.0,0.0,2.0,11,6,4
98376,16,2,3,0,9,3,0,1,0,1,2,36,2,1,1.0,0.0,1.0,0.0,0.0,1.0,13,3,7
9545,16,10,3,15,6,3,4,1,1,1,0,23,2,2,0.0,0.0,0.0,0.0,0.0,2.0,10,6,1
12293,15,10,3,10,6,3,4,1,1,1,2,36,2,2,0.0,0.0,0.0,0.0,0.0,2.0,9,4,1
68356,16,2,3,0,6,3,0,1,0,1,2,26,2,2,0.0,0.0,0.0,0.0,0.0,5.0,16,3,5
5512,16,3,3,14,8,2,0,1,1,1,2,36,2,2,0.0,0.0,0.0,0.0,0.0,4.0,7,6,1
5794,16,2,3,10,3,3,0,1,0,1,2,19,2,2,0.0,0.0,0.0,0.0,0.0,2.0,10,4,1
101174,15,2,3,0,8,3,0,1,0,1,2,36,2,2,0.0,0.0,0.0,0.0,0.0,2.0,13,6,7
57600,15,2,3,15,3,3,0,1,1,1,2,18,2,2,0.0,0.0,0.0,0.0,0.0,3.0,16,7,5
41710,15,2,3,0,6,3,0,1,0,1,2,36,2,3,2.0,0.0,0.0,2.0,0.0,2.0,18,5,3
88744,15,2,3,17,6,3,0,1,1,1,2,36,2,2,0.0,0.0,0.0,0.0,0.0,2.0,16,3,7
105522,16,2,3,17,6,3,0,1,0,1,2,35,3,4,1.0,0.0,0.0,0.0,1.0,3.0,13,7,8
5305,16,2,3,15,6,3,0,1,1,1,2,18,2,2,0.0,0.0,0.0,0.0,0.0,3.0,15,5,1
8901,16,2,3,17,6,3,0,1,0,1,2,6,2,2,0.0,0.0,0.0,0.0,0.0,2.0,13,3,1
27151,4,2,1,10,2,3,0,1,0,1,2,28,2,2,0.0,0.0,0.0,0.0,0.0,3.0,18,2,2
188805,15,2,0,0,6,3,4,5,1,1,2,36,2,2,0.0,0.0,0.0,0.0,0.0,3.0,17,5,12
50567,4,2,1,11,6,3,0,1,1,1,1,36,2,2,0.0,0.0,0.0,0.0,0.0,2.0,20,3,4
9953,15,2,3,0,8,3,0,1,1,1,2,36,2,2,0.0,0.0,0.0,0.0,0.0,2.0,13,7,1
167357,4,2,3,0,8,3,6,1,1,1,2,18,2,2,0.0,0.0,0.0,0.0,0.0,3.0,9,1,11
3798,15,3,3,17,6,3,0,1,1,1,2,36,2,2,0.0,0.0,0.0,0.0,0.0,2.0,12,2,1
29530,16,2,1,3,6,3,0,5,0,1,2,11,2,1,2.0,0.0,1.0,1.0,0.0,0.0,2,1,3
75150,16,2,1,15,2,3,0,1,1,1,2,36,2,2,0.0,0.0,0.0,0.0,0.0,2.0,20,6,6
35591,4,2,3,0,8,3,0,1,0,1,2,12,2,2,0.0,0.0,0.0,0.0,0.0,2.0,11,3,3
39138,15,2,3,17,8,3,6,1,1,1,1,36,2,2,0.0,0.0,0.0,0.0,0.0,9.0,7,5,3
128693,16,2,3,8,8,3,0,1,1,1,0,36,2,2,0.0,0.0,0.0,0.0,0.0,3.0,14,5,9
101960,16,2,3,10,18,3,0,1,0,1,2,17,3,3,1.0,0.0,0.0,1.0,0.0,2.0,16,1,7
60525,16,7,3,0,8,3,6,1,0,1,2,6,2,3,2.0,0.0,0.0,2.0,0.0,3.0,16,3,5
28702,17,11,3,15,8,3,5,5,1,1,1,26,2,2,0.0,0.0,0.0,0.0,0.0,2.0,10,4,3
161950,16,2,3,17,11,3,0,1,1,1,1,36,2,2,0.0,0.0,0.0,0.0,0.0,4.0,7,2,11
71713,16,2,3,17,6,3,0,1,1,1,2,36,2,2,0.0,0.0,0.0,0.0,0.0,2.0,7,6,5
62898,16,2,3,17,6,3,0,1,0,1,2,18,2,4,1.0,0.0,0.0,0.0,1.0,1.0,12,6,5
51833,4,2,3,10,2,3,0,1,1,1,1,19,2,2,0.0,0.0,0.0,0.0,0.0,3.0,14,5,4
21335,4,2,3,0,18,3,0,1,0,1,2,18,4,3,1.0,0.0,0.0,1.0,0.0,1.0,9,6,2
43719,16,2,3,10,8,3,0,1,1,1,1,19,2,2,0.0,0.0,0.0,0.0,0.0,2.0,10,4,4
120577,4,2,3,10,2,3,0,1,0,1,2,17,2,3,1.0,0.0,0.0,1.0,0.0,1.0,11,6,9
90037,16,2,3,11,6,3,0,1,1,1,1,36,2,2,0.0,0.0,0.0,0.0,0.0,2.0,15,1,7
55433,4,7,3,17,1,3,6,6,0,1,2,18,3,4,1.0,0.0,0.0,0.0,1.0,3.0,12,7,4
32320,16,2,3,15,8,3,0,1,1,0,0,22,2,2,0.0,0.0,0.0,0.0,0.0,2.0,7,5,3
188195,4,2,2,17,10,3,1,6,0,1,2,12,2,2,0.0,0.0,0.0,0.0,0.0,2.0,7,1,12
62486,16,2,1,9,8,3,0,5,0,1,0,18,2,4,1.0,0.0,0.0,0.0,1.0,1.0,20,7,5
67017,16,2,3,17,6,3,0,5,0,1,2,18,2,2,0.0,0.0,0.0,0.0,0.0,2.0,6,4,5
76781,16,2,3,15,8,3,0,1,1,1,2,36,2,2,0.0,0.0,0.0,0.0,0.0,2.0,7,4,6
188003,15,2,1,0,16,3,6,1,0,1,2,18,2,2,0.0,0.0,0.0,0.0,0.0,5.0,3,1,12
17483,16,2,3,17,2,3,6,1,1,1,2,35,2,2,0.0,0.0,0.0,0.0,0.0,4.0,16,5,2
70763,4,2,3,0,2,3,0,1,1,1,2,18,2,2,0.0,0.0,0.0,0.0,0.0,2.0,11,4,5
110999,9,2,3,5,0,3,0,1,1,1,2,28,1,2,0.0,0.0,0.0,0.0,0.0,3.0,14,4,8
95650,16,2,3,17,8,3,0,1,1,1,2,36,2,2,0.0,0.0,0.0,0.0,0.0,4.0,17,3,7
105379,16,2,1,17,6,3,0,1,1,1,2,22,2,2,0.0,0.0,0.0,0.0,0.0,2.0,22,3,8
161165,15,2,0,0,8,3,0,1,0,1,1,5,2,2,0.0,0.0,0.0,0.0,0.0,2.0,16,5,11
39347,16,2,3,10,3,3,6,1,1,1,1,18,2,2,0.0,0.0,0.0,0.0,0.0,3.0,12,7,3
23085,4,10,0,17,1,3,4,1,1,0,0,24,2,2,0.0,0.0,0.0,0.0,0.0,2.0,5,1,2
120652,4,2,3,15,3,3,0,1,1,1,2,23,3,2,0.0,0.0,0.0,0.0,0.0,4.0,12,7,9
94662,16,2,3,17,8,3,0,1,1,1,1,36,2,2,0.0,0.0,0.0,0.0,0.0,3.0,18,1,7
107872,16,2,3,17,8,3,0,1,1,1,2,26,2,2,0.0,0.0,0.0,0.0,0.0,2.0,7,5,8
104456,15,2,3,0,6,3,0,1,0,1,2,18,2,3,1.0,0.0,0.0,1.0,0.0,3.0,16,5,8
60929,16,2,3,0,8,3,0,1,0,1,2,18,2,2,0.0,0.0,0.0,0.0,0.0,2.0,5,4,5
44826,16,2,3,15,6,3,0,1,1,1,2,23,2,2,0.0,0.0,0.0,0.0,0.0,3.0,15,5,4
149384,16,2,3,11,8,3,5,5,1,1,2,36,2,2,0.0,0.0,0.0,0.0,0.0,2.0,15,4,10
59648,15,7,3,0,8,3,6,1,1,1,2,18,2,2,0.0,0.0,0.0,0.0,0.0,2.0,8,4,5
33103,16,2,3,15,8,3,0,1,0,1,2,37,3,2,0.0,0.0,0.0,0.0,0.0,3.0,13,5,3
168993,15,2,3,17,3,3,0,1,0,1,2,18,6,1,2.0,0.0,1.0,0.0,1.0,1.0,6,5,11
95034,16,2,1,17,1,3,0,1,0,1,2,24,2,1,1.0,0.0,1.0,0.0,0.0,1.0,21,7,7
137572,16,2,3,17,6,3,0,1,1,1,2,23,2,2,0.0,0.0,0.0,0.0,0.0,4.0,9,2,9
45947,15,2,2,0,2,3,0,1,1,1,2,18,2,2,0.0,0.0,0.0,0.0,0.0,2.0,6,3,4
118149,16,2,3,2,8,3,0,1,0,1,2,36,1,2,0.0,0.0,0.0,0.0,0.0,1.0,8,1,8
165092,16,2,1,2,10,3,0,1,0,1,2,6,1,2,0.0,0.0,0.0,0.0,0.0,3.0,22,4,11
116092,16,2,3,5,6,3,0,1,0,1,0,36,2,3,1.0,0.0,0.0,1.0,0.0,1.0,18,6,8
96007,16,2,0,0,8,3,0,5,0,1,2,23,2,4,1.0,0.0,0.0,0.0,1.0,2.0,22,3,7
82417,16,2,3,17,19,3,0,1,1,1,2,36,2,2,0.0,0.0,0.0,0.0,0.0,2.0,14,2,6
44403,16,2,3,0,8,3,6,1,0,1,2,28,2,4,1.0,0.0,0.0,0.0,1.0,1.0,10,4,4
142303,16,2,3,15,8,3,0,1,1,1,1,23,2,2,0.0,0.0,0.0,0.0,0.0,2.0,16,3,10
87903,16,2,0,2,8,3,0,1,0,0,1,37,1,2,0.0,0.0,0.0,0.0,0.0,1.0,2,2,7
96230,16,2,1,10,6,3,0,1,0,1,2,19,2,4,2.0,0.0,0.0,0.0,2.0,1.0,0,4,7
62782,16,3,3,17,8,3,6,5,0,1,2,6,3,2,0.0,0.0,0.0,0.0,0.0,3.0,14,5,5
94152,16,2,3,10,2,3,0,1,1,1,0,19,2,2,0.0,0.0,0.0,0.0,0.0,2.0,19,7,7
60797,16,2,3,10,2,3,0,1,0,1,2,17,2,4,1.0,0.0,0.0,0.0,1.0,1.0,17,2,5
43147,16,2,3,0,2,4,0,3,1,1,1,18,2,2,0.0,0.0,0.0,0.0,0.0,3.0,15,1,4
153899,4,2,3,17,8,3,0,5,1,1,2,18,2,2,0.0,0.0,0.0,0.0,0.0,7.0,8,7,10
26120,16,10,1,0,6,3,2,1,0,1,2,6,2,3,1.0,0.0,0.0,1.0,0.0,2.0,2,7,2
49218,16,2,1,17,8,3,0,5,1,1,1,17,2,2,0.0,0.0,0.0,0.0,0.0,2.0,21,6,4
32627,15,2,3,0,6,3,0,1,0,1,2,18,2,2,0.0,0.0,0.0,0.0,0.0,3.0,17,3,3
1154,4,2,3,15,8,3,0,1,1,1,2,23,2,2,0.0,0.0,0.0,0.0,0.0,2.0,12,5,1
52399,16,2,1,0,15,3,0,1,0,1,2,18,3,2,0.0,0.0,0.0,0.0,0.0,2.0,23,7,4
15297,16,10,3,10,8,3,4,5,1,1,2,36,3,2,0.0,0.0,0.0,0.0,0.0,3.0,13,2,2
109329,16,2,3,17,8,3,0,1,1,1,0,23,2,2,0.0,0.0,0.0,0.0,0.0,2.0,17,7,8
130859,16,2,3,17,2,3,0,1,0,1,2,18,2,2,0.0,0.0,0.0,0.0,0.0,2.0,11,5,9
164991,16,11,5,9,8,3,5,5,0,1,2,36,2,4,1.0,0.0,0.0,0.0,1.0,1.0,4,3,11
164414,15,2,3,0,6,3,0,1,1,1,2,5,2,2,0.0,0.0,0.0,0.0,0.0,4.0,13,2,11
144825,4,2,3,17,8,3,0,1,1,1,1,23,2,2,0.0,0.0,0.0,0.0,0.0,2.0,11,1,10
38395,16,7,0,15,8,3,6,1,1,1,1,22,2,2,0.0,0.0,0.0,0.0,0.0,2.0,6,6,3
163439,15,2,3,0,6,3,0,1,1,1,2,36,2,2,0.0,0.0,0.0,0.0,0.0,2.0,16,3,11
67507,16,2,3,17,10,3,0,1,1,1,2,23,2,2,0.0,0.0,0.0,0.0,0.0,2.0,9,3,5
704,16,2,0,9,6,3,0,1,0,1,0,3,3,4,1.0,0.0,0.0,0.0,1.0,2.0,17,5,1
98163,15,2,3,10,2,3,0,1,1,1,1,19,2,2,0.0,0.0,0.0,0.0,0.0,2.0,3,5,7
16472,16,10,3,10,2,3,4,1,1,1,2,39,2,2,0.0,0.0,0.0,0.0,0.0,2.0,12,1,2
131083,16,7,1,0,8,3,6,1,0,1,2,6,2,2,0.0,0.0,0.0,0.0,0.0,3.0,18,3,9
110097,16,2,3,17,15,3,0,1,0,1,2,13,3,3,1.0,0.0,0.0,1.0,0.0,2.0,12,4,8
73960,15,2,3,8,11,3,0,1,0,1,0,18,2,3,1.0,0.0,0.0,1.0,0.0,1.0,8,3,6
98057,16,2,3,17,8,3,0,1,0,1,2,18,2,2,0.0,0.0,0.0,0.0,0.0,3.0,7,5,7
38847,15,2,3,0,8,3,0,5,1,1,2,5,2,2,0.0,0.0,0.0,0.0,0.0,2.0,10,7,3
57588,15,2,3,0,16,3,0,1,0,1,2,18,2,2,0.0,0.0,0.0,0.0,0.0,2.0,15,7,5
22974,16,2,1,10,5,3,0,1,1,1,2,36,2,2,0.0,0.0,0.0,0.0,0.0,2.0,3,7,2
164390,16,2,3,17,6,3,0,3,0,1,2,32,2,2,0.0,0.0,0.0,0.0,0.0,2.0,8,7,11
62338,4,2,1,17,3,3,0,1,0,1,2,18,2,3,1.0,0.0,0.0,1.0,0.0,3.0,22,5,5
24495,4,2,3,0,8,3,0,1,1,1,1,36,2,2,0.0,0.0,0.0,0.0,0.0,3.0,13,5,2
173138,15,3,3,0,6,3,6,1,1,1,2,36,2,2,0.0,0.0,0.0,0.0,0.0,2.0,8,7,12
111425,16,2,3,17,2,3,0,1,1,1,2,24,2,2,0.0,0.0,0.0,0.0,0.0,2.0,9,2,8
119454,4,2,3,17,2,3,0,1,1,1,2,24,2,2,0.0,0.0,0.0,0.0,0.0,3.0,8,4,8
159726,16,2,3,10,2,3,0,1,1,1,1,36,2,2,0.0,0.0,0.0,0.0,0.0,2.0,10,3,11
124061,4,2,4,10,8,3,0,5,0,1,2,19,2,2,0.0,0.0,0.0,0.0,0.0,3.0,19,2,9
178199,15,11,3,17,15,3,5,5,1,1,2,24,2,2,0.0,0.0,0.0,0.0,0.0,2.0,13,4,12
21194,15,2,3,0,10,3,0,1,1,1,2,17,2,2,0.0,0.0,0.0,0.0,0.0,2.0,16,5,2
161053,16,2,1,17,6,3,0,5,0,1,2,36,2,2,0.0,0.0,0.0,0.0,0.0,2.0,16,3,11
28143,16,2,1,10,6,3,0,1,0,0,2,17,3,2,0.0,0.0,0.0,0.0,0.0,8.0,21,7,2
23647,16,2,1,0,6,3,0,1,0,1,2,6,2,2,0.0,0.0,0.0,0.0,0.0,2.0,1,4,2