crash_date,               traffic_control_device,weather_condition,lighting_condition,first_crash_type,trafficway_type,alignment,roadway_surface_cond,road_defect,crash_type,intersection_related_i,damage,prim_contributory_cause,num_units,most_severe_injury,injuries_total,injuries_fatal,injuries_incapacitating,injuries_non_incapacitating,injuries_reported_not_evident,injuries_no_indication,crash_hour,crash_day_of_week,crash_month
145164,4,2,3,15,2,3,0,1,1,0,1,22,2,2,0.0,0.0,0.0,0.0,0.0,2.0,13,4,10
140785,15,2,3,0,9,3,0,1,0,1,2,18,3,4,1.0,0.0,0.0,0.0,1.0,3.0,14,5,10
32208,15,2,1,2,10,3,0,1,0,1,2,30,1,3,1.0,0.0,0.0,1.0,0.0,0.0,22,3,3
90739,16,11,5,0,6,3,5,5,0,1,2,6,2,2,0.0,0.0,0.0,0.0,0.0,2.0,21,4,7
10312,15,2,3,0,6,3,5,5,1,1,2,36,2,2,0.0,0.0,0.0,0.0,0.0,2.0,10,5,1
16969,4,3,1,9,2,3,0,1,0,1,0,18,2,3,1.0,0.0,0.0,1.0,0.0,1.0,18,3,2
41985,16,2,3,0,3,3,0,1,0,1,2,18,2,4,2.0,0.0,0.0,0.0,2.0,0.0,12,3,3
62408,16,2,1,10,8,3,0,1,1,1,2,19,2,2,0.0,0.0,0.0,0.0,0.0,4.0,19,6,5
155763,16,7,1,17,8,3,6,1,1,1,2,18,2,2,0.0,0.0,0.0,0.0,0.0,2.0,20,4,11
5482,16,2,3,15,8,3,1,1,1,1,1,39,3,2,0.0,0.0,0.0,0.0,0.0,3.0,14,6,1
170295,16,2,1,3,2,3,0,1,0,1,2,36,3,3,1.0,0.0,0.0,1.0,0.0,2.0,16,4,11
48437,10,2,3,9,2,3,0,1,0,1,1,18,2,3,1.0,0.0,0.0,1.0,0.0,1.0,9,6,4
166620,15,2,4,0,8,3,0,1,0,1,2,18,2,3,1.0,0.0,0.0,1.0,0.0,1.0,18,4,11
114776,15,2,1,17,2,3,0,1,0,1,2,36,2,3,1.0,0.0,0.0,1.0,0.0,2.0,4,6,8
58045,4,2,3,10,8,3,0,1,0,1,2,17,3,2,0.0,0.0,0.0,0.0,0.0,6.0,12,7,5
12613,16,1,3,0,5,3,4,1,0,1,2,18,2,2,0.0,0.0,0.0,0.0,0.0,6.0,15,3,1
148537,16,2,3,17,2,3,0,5,0,1,2,18,3,2,0.0,0.0,0.0,0.0,0.0,3.0,14,7,10
71097,16,2,3,8,8,3,0,1,0,1,2,18,2,1,1.0,0.0,1.0,0.0,0.0,3.0,16,5,5
66665,4,2,3,15,10,3,0,1,1,0,1,36,2,2,0.0,0.0,0.0,0.0,0.0,2.0,16,4,5
26256,4,2,3,10,8,3,0,1,1,1,1,19,2,2,0.0,0.0,0.0,0.0,0.0,4.0,11,1,2
89928,4,2,3,7,4,3,0,5,1,1,1,26,2,2,0.0,0.0,0.0,0.0,0.0,1.0,9,5,7
2417,16,2,1,0,11,3,0,1,1,1,1,36,2,2,0.0,0.0,0.0,0.0,0.0,3.0,21,6,1
124775,16,2,3,17,6,3,0,1,1,1,2,32,2,2,0.0,0.0,0.0,0.0,0.0,2.0,11,5,9
71558,16,2,3,8,6,3,0,5,0,1,0,18,2,3,1.0,0.0,0.0,1.0,0.0,1.0,17,3,5
186344,15,2,3,0,10,3,6,5,0,1,2,18,2,2,0.0,0.0,0.0,0.0,0.0,2.0,10,2,12
112665,16,2,1,17,6,3,0,5,0,1,2,17,3,1,1.0,0.0,1.0,0.0,0.0,9.0,22,7,8
8598,15,2,0,17,15,3,4,1,1,1,2,5,2,2,0.0,0.0,0.0,0.0,0.0,2.0,0,6,1
6941,16,2,1,17,2,3,5,5,1,1,2,36,2,2,0.0,0.0,0.0,0.0,0.0,2.0,17,1,1
13122,16,3,3,17,15,3,6,6,1,1,2,24,2,2,0.0,0.0,0.0,0.0,0.0,2.0,9,4,1
3836,16,2,3,0,6,3,0,1,0,1,2,18,2,4,4.0,0.0,0.0,0.0,4.0,1.0,7,4,1
73171,16,2,4,17,6,3,0,1,1,1,2,36,2,2,0.0,0.0,0.0,0.0,0.0,2.0,18,6,6
107038,16,11,1,0,15,3,5,5,1,1,2,18,2,2,0.0,0.0,0.0,0.0,0.0,2.0,23,7,8
43808,4,7,1,17,8,3,6,1,0,1,2,23,2,3,1.0,0.0,0.0,1.0,0.0,2.0,22,5,4
131005,16,7,1,10,8,3,6,1,0,0,2,26,2,2,0.0,0.0,0.0,0.0,0.0,2.0,2,2,9
17083,15,2,3,11,10,3,0,1,1,1,1,21,2,2,0.0,0.0,0.0,0.0,0.0,3.0,12,4,2
50902,16,2,0,17,2,3,0,5,1,1,2,36,2,2,0.0,0.0,0.0,0.0,0.0,2.0,23,7,4
69686,16,2,3,17,8,3,0,1,1,1,2,36,2,2,0.0,0.0,0.0,0.0,0.0,9.0,19,1,5
95235,16,2,1,17,2,3,0,1,0,1,2,24,2,2,0.0,0.0,0.0,0.0,0.0,3.0,0,4,7
176891,17,7,0,8,11,3,6,5,0,1,1,39,2,3,1.0,0.0,0.0,1.0,0.0,1.0,16,6,12
136346,16,2,3,17,8,3,0,1,0,1,2,24,2,3,1.0,0.0,0.0,1.0,0.0,3.0,11,4,9
174812,16,11,3,10,6,3,5,5,1,1,2,36,2,2,0.0,0.0,0.0,0.0,0.0,2.0,9,3,12
94364,16,2,0,17,8,3,0,1,0,1,2,18,2,2,0.0,0.0,0.0,0.0,0.0,2.0,20,4,7
170711,16,3,3,0,8,3,4,1,0,1,2,18,2,3,1.0,0.0,0.0,1.0,0.0,1.0,13,4,11
169557,16,2,4,17,6,3,0,1,1,1,1,24,2,2,0.0,0.0,0.0,0.0,0.0,2.0,16,2,11
118461,4,2,3,10,3,3,0,1,0,1,2,17,2,3,1.0,0.0,0.0,1.0,0.0,1.0,11,4,8
90335,16,2,3,0,6,3,0,1,0,1,2,13,2,4,4.0,0.0,0.0,0.0,4.0,1.0,17,6,7
93101,16,2,3,10,6,3,0,1,1,1,2,23,2,2,0.0,0.0,0.0,0.0,0.0,2.0,7,5,7
162069,15,6,3,11,6,3,1,5,1,1,2,36,2,2,0.0,0.0,0.0,0.0,0.0,2.0,9,3,11
113575,16,2,4,17,2,3,0,1,1,1,2,36,2,2,0.0,0.0,0.0,0.0,0.0,3.0,19,7,8
172256,15,11,3,10,8,3,5,1,1,1,2,36,2,2,0.0,0.0,0.0,0.0,0.0,4.0,15,7,12
79757,15,2,3,0,6,3,0,1,0,1,2,5,2,3,2.0,0.0,0.0,2.0,0.0,1.0,16,5,6
41871,4,2,1,2,10,3,0,1,1,1,1,21,2,2,0.0,0.0,0.0,0.0,0.0,1.0,4,7,3
70194,16,2,1,10,8,3,0,1,1,1,1,19,2,2,0.0,0.0,0.0,0.0,0.0,2.0,21,2,5
21849,16,10,3,10,8,3,4,1,1,1,2,36,2,2,0.0,0.0,0.0,0.0,0.0,2.0,15,2,2
8865,15,2,3,0,6,3,0,5,0,1,2,7,2,2,0.0,0.0,0.0,0.0,0.0,2.0,13,2,1
3752,16,3,3,0,6,3,5,5,0,1,2,12,2,2,0.0,0.0,0.0,0.0,0.0,3.0,14,2,1
112959,4,7,3,10,2,3,6,1,1,1,1,13,2,2,0.0,0.0,0.0,0.0,0.0,2.0,17,7,8
24442,16,2,3,17,11,3,6,1,1,1,1,24,2,2,0.0,0.0,0.0,0.0,0.0,2.0,9,3,2
108050,16,7,3,17,6,3,6,1,1,1,1,24,2,2,0.0,0.0,0.0,0.0,0.0,3.0,15,2,8
105437,16,2,3,5,6,3,0,1,0,1,1,19,2,4,1.0,0.0,0.0,0.0,1.0,2.0,10,4,8
21856,16,10,1,2,6,3,4,5,0,1,2,36,1,2,0.0,0.0,0.0,0.0,0.0,1.0,4,2,2
2419,15,2,1,17,2,3,0,1,1,1,1,24,2,2,0.0,0.0,0.0,0.0,0.0,2.0,21,6,1
112462,16,2,1,10,8,3,0,1,1,1,1,36,2,2,0.0,0.0,0.0,0.0,0.0,2.0,19,4,8
99902,15,2,3,8,6,3,0,5,0,1,2,17,2,3,1.0,0.0,0.0,1.0,0.0,1.0,13,6,7
187551,16,10,3,10,8,3,4,1,0,1,2,39,2,2,0.0,0.0,0.0,0.0,0.0,2.0,14,6,12
85725,16,2,3,17,2,3,0,1,0,1,2,36,2,3,1.0,0.0,0.0,1.0,0.0,5.0,12,4,6
184026,16,2,4,17,8,3,0,1,0,1,2,18,2,4,1.0,0.0,0.0,0.0,1.0,3.0,16,5,12
158106,4,2,3,10,8,3,6,1,1,1,0,36,2,2,0.0,0.0,0.0,0.0,0.0,2.0,12,1,11
127851,16,2,3,10,2,3,0,1,1,1,0,19,2,2,0.0,0.0,0.0,0.0,0.0,2.0,17,6,9
107088,15,2,3,0,6,3,0,1,0,1,2,18,2,4,1.0,0.0,0.0,0.0,1.0,3.0,18,1,8
178253,16,2,1,10,11,3,0,1,1,1,2,19,2,2,0.0,0.0,0.0,0.0,0.0,2.0,23,4,12
128214,15,2,3,0,6,3,0,1,0,1,2,26,2,4,3.0,0.0,0.0,0.0,3.0,1.0,8,5,9
145302,4,2,3,2,3,3,0,1,0,1,2,17,1,2,0.0,0.0,0.0,0.0,0.0,1.0,16,1,10
100472,16,2,3,8,8,3,0,1,0,1,0,18,2,1,2.0,0.0,1.0,1.0,0.0,1.0,13,1,7
74750,16,2,3,0,6,3,0,1,0,1,2,26,3,3,3.0,0.0,0.0,3.0,0.0,0.0,14,2,6
64293,16,7,1,0,8,3,6,5,0,1,1,36,2,2,0.0,0.0,0.0,0.0,0.0,2.0,21,1,5
181122,15,10,3,9,6,3,4,5,0,1,2,18,2,3,1.0,0.0,0.0,1.0,0.0,1.0,9,6,12
161136,16,2,3,15,10,3,0,1,1,1,2,18,2,2,0.0,0.0,0.0,0.0,0.0,2.0,9,4,11
66834,16,2,1,10,6,3,0,1,1,1,1,17,2,2,0.0,0.0,0.0,0.0,0.0,4.0,21,7,5
76524,6,2,0,9,10,3,0,1,0,1,1,36,2,1,1.0,0.0,1.0,0.0,0.0,1.0,23,1,6
159232,15,2,1,8,11,3,0,1,0,1,1,36,2,3,1.0,0.0,0.0,1.0,0.0,2.0,19,3,11
118625,4,2,1,10,8,3,0,1,0,1,2,19,2,2,0.0,0.0,0.0,0.0,0.0,3.0,2,1,8
157784,16,2,3,10,2,3,0,1,1,1,2,19,2,2,0.0,0.0,0.0,0.0,0.0,3.0,12,5,11
77952,16,2,3,10,2,3,0,1,0,1,2,12,2,3,1.0,0.0,0.0,1.0,0.0,1.0,11,7,6
24551,16,2,3,17,8,3,0,1,0,1,2,6,2,1,1.0,0.0,1.0,0.0,0.0,1.0,12,5,2
166674,16,2,3,17,8,3,0,5,1,1,2,36,2,2,0.0,0.0,0.0,0.0,0.0,2.0,16,6,11
147747,16,2,1,8,6,3,0,1,0,1,0,6,2,3,1.0,0.0,0.0,1.0,0.0,1.0,19,2,10
171141,16,2,3,17,8,3,0,6,1,1,2,32,2,2,0.0,0.0,0.0,0.0,0.0,2.0,11,3,11
14698,15,2,3,0,8,3,1,1,0,0,2,33,2,2,0.0,0.0,0.0,0.0,0.0,4.0,14,5,1
79738,4,2,3,17,2,3,0,1,0,1,2,18,2,3,2.0,0.0,0.0,2.0,0.0,1.0,12,4,6
91225,16,2,3,17,6,3,0,1,0,1,2,18,2,2,0.0,0.0,0.0,0.0,0.0,2.0,13,5,7
186472,4,2,3,15,8,3,0,1,1,0,1,36,2,2,0.0,0.0,0.0,0.0,0.0,2.0,12,3,12
7342,16,10,1,17,8,3,4,1,0,1,2,18,2,3,1.0,0.0,0.0,1.0,0.0,3.0,4,7,1
165204,16,2,3,0,8,3,6,1,0,1,2,36,2,4,1.0,0.0,0.0,0.0,1.0,1.0,6,6,11
48424,16,2,3,10,8,3,0,1,1,1,2,19,2,2,0.0,0.0,0.0,0.0,0.0,2.0,7,6,4
177078,16,2,3,17,6,3,0,1,1,1,1,18,2,2,0.0,0.0,0.0,0.0,0.0,4.0,8,2,12
108924,16,2,1,11,8,3,0,1,1,1,1,36,2,2,0.0,0.0,0.0,0.0,0.0,2.0,23,7,8
113890,15,2,3,17,2,3,0,1,0,1,2,18,2,2,0.0,0.0,0.0,0.0,0.0,3.0,11,6,8
59288,16,2,3,15,15,3,0,5,1,1,2,23,2,2,0.0,0.0,0.0,0.0,0.0,2.0,14,7,5
8422,16,2,3,2,8,3,0,1,1,1,2,36,1,2,0.0,0.0,0.0,0.0,0.0,2.0,12,2,1
136522,16,2,3,17,10,3,0,1,1,1,1,36,2,2,0.0,0.0,0.0,0.0,0.0,5.0,13,6,9
103667,16,11,5,10,3,3,5,1,1,1,1,19,2,2,0.0,0.0,0.0,0.0,0.0,2.0,11,6,7
74496,15,2,3,0,8,3,0,1,1,1,0,36,2,2,0.0,0.0,0.0,0.0,0.0,2.0,18,4,6
164998,15,2,0,9,6,3,0,5,1,1,2,36,2,2,0.0,0.0,0.0,0.0,0.0,2.0,18,3,11
149754,16,2,3,17,2,3,0,1,0,1,2,24,3,4,1.0,0.0,0.0,0.0,1.0,2.0,7,7,10
3115,16,2,3,10,8,3,0,1,1,1,1,19,2,2,0.0,0.0,0.0,0.0,0.0,2.0,8,3,1
187623,16,3,4,10,2,4,6,1,1,1,2,17,2,2,0.0,0.0,0.0,0.0,0.0,2.0,16,7,12
172026,16,2,1,17,2,3,0,1,1,1,2,18,2,2,0.0,0.0,0.0,0.0,0.0,2.0,17,5,11
134403,4,2,3,10,2,3,0,1,0,1,2,19,2,2,0.0,0.0,0.0,0.0,0.0,2.0,6,6,9
180582,17,2,0,15,8,3,0,5,1,0,1,36,2,2,0.0,0.0,0.0,0.0,0.0,2.0,18,6,12
187015,16,9,3,17,2,3,1,5,0,1,2,18,2,4,1.0,0.0,0.0,0.0,1.0,2.0,7,2,12
89936,16,2,3,17,2,3,0,1,1,1,2,36,2,2,0.0,0.0,0.0,0.0,0.0,2.0,10,5,7
92718,16,7,1,10,8,3,6,1,0,1,2,8,2,3,1.0,0.0,0.0,1.0,0.0,2.0,21,7,7
177884,15,10,1,17,8,3,6,1,1,1,2,5,2,2,0.0,0.0,0.0,0.0,0.0,2.0,6,4,12
18927,15,2,0,0,8,3,6,1,1,1,2,5,2,2,0.0,0.0,0.0,0.0,0.0,3.0,21,1,2
58507,16,2,3,17,1,3,0,1,0,1,2,36,2,1,3.0,0.0,1.0,2.0,0.0,1.0,12,7,5
23177,17,10,3,15,8,3,6,5,1,1,0,23,3,2,0.0,0.0,0.0,0.0,0.0,5.0,11,2,2
110087,16,2,1,0,8,3,0,1,1,1,2,13,2,2,0.0,0.0,0.0,0.0,0.0,4.0,22,4,8
45766,16,2,3,0,8,3,0,1,1,1,2,6,2,2,0.0,0.0,0.0,0.0,0.0,2.0,17,2,4
78631,4,2,3,15,3,3,0,1,1,1,0,18,2,2,0.0,0.0,0.0,0.0,0.0,2.0,7,3,6
137093,16,2,3,17,8,3,0,1,0,1,2,24,2,3,1.0,0.0,0.0,1.0,0.0,1.0,18,7,9
168248,16,7,1,17,8,3,6,1,0,1,2,39,2,2,0.0,0.0,0.0,0.0,0.0,3.0,22,6,11
15639,16,2,3,15,2,3,0,1,1,1,0,22,2,2,0.0,0.0,0.0,0.0,0.0,2.0,7,6,2
63919,4,2,3,0,6,3,0,1,0,1,2,18,2,3,1.0,0.0,0.0,1.0,0.0,1.0,8,2,5
21310,16,2,1,11,8,3,0,1,1,1,2,21,2,2,0.0,0.0,0.0,0.0,0.0,2.0,19,6,2
161208,16,2,3,17,6,3,0,5,0,1,2,23,3,2,0.0,0.0,0.0,0.0,0.0,3.0,12,5,11
10320,4,2,3,17,8,3,0,1,1,1,2,18,2,2,0.0,0.0,0.0,0.0,0.0,2.0,11,5,1
134300,16,2,3,17,6,3,0,1,1,1,1,19,2,2,0.0,0.0,0.0,0.0,0.0,4.0,13,4,9
16598,16,10,3,17,8,3,4,1,1,1,2,18,2,2,0.0,0.0,0.0,0.0,0.0,2.0,13,5,2
155520,16,2,1,11,2,3,0,1,1,1,2,21,2,2,0.0,0.0,0.0,0.0,0.0,2.0,21,2,10
63927,4,2,3,0,2,3,0,1,1,1,1,36,2,2,0.0,0.0,0.0,0.0,0.0,3.0,9,2,5
129359,4,11,3,10,8,3,5,5,1,1,1,36,2,2,0.0,0.0,0.0,0.0,0.0,2.0,14,7,9
136376,15,2,3,17,6,3,0,5,1,1,0,22,2,2,0.0,0.0,0.0,0.0,0.0,2.0,17,5,9
35740,16,7,3,9,6,3,6,5,1,1,0,36,2,2,0.0,0.0,0.0,0.0,0.0,2.0,12,5,3
74772,15,3,3,2,8,3,0,1,1,1,1,36,1,2,0.0,0.0,0.0,0.0,0.0,1.0,7,2,6
154839,4,2,1,0,11,3,0,1,0,1,2,17,3,0,6.0,2.0,3.0,1.0,0.0,0.0,23,7,10
149373,15,2,1,10,8,3,0,1,1,1,0,37,2,2,0.0,0.0,0.0,0.0,0.0,2.0,0,2,10
28004,4,2,1,10,8,3,0,1,0,1,2,17,2,2,0.0,0.0,0.0,0.0,0.0,3.0,19,3,2
129038,16,2,3,10,8,3,0,1,1,1,1,19,2,2,0.0,0.0,0.0,0.0,0.0,3.0,18,1,9
169332,16,7,3,10,8,3,0,1,0,1,2,19,2,4,1.0,0.0,0.0,0.0,1.0,1.0,13,4,11
101879,16,2,3,10,8,3,0,5,1,1,0,36,2,2,0.0,0.0,0.0,0.0,0.0,2.0,13,7,7
165866,16,4,1,0,6,3,6,1,0,1,2,6,2,4,1.0,0.0,0.0,0.0,1.0,1.0,6,2,11
42584,16,2,3,10,8,3,5,5,1,1,2,19,2,2,0.0,0.0,0.0,0.0,0.0,2.0,10,6,4
76660,16,7,3,17,8,3,6,1,1,1,2,36,2,2,0.0,0.0,0.0,0.0,0.0,2.0,11,1,6
185085,4,7,3,17,15,3,6,5,0,1,2,36,2,2,0.0,0.0,0.0,0.0,0.0,2.0,15,7,12
50020,16,2,1,10,3,3,0,1,1,1,2,17,2,2,0.0,0.0,0.0,0.0,0.0,2.0,4,7,4
107375,16,11,5,17,6,3,5,5,0,1,2,19,2,2,0.0,0.0,0.0,0.0,0.0,5.0,22,4,8
43411,15,2,1,10,8,3,0,1,0,1,2,36,2,2,0.0,0.0,0.0,0.0,0.0,2.0,20,7,4
153800,16,2,1,15,2,3,6,1,0,1,2,24,2,2,0.0,0.0,0.0,0.0,0.0,2.0,21,7,10
134642,15,2,3,17,15,3,0,1,0,1,2,36,2,2,0.0,0.0,0.0,0.0,0.0,3.0,16,2,9
176070,16,2,1,15,3,3,0,1,0,1,2,6,2,2,0.0,0.0,0.0,0.0,0.0,2.0,0,6,12
70432,16,2,3,15,8,3,0,1,1,1,1,22,2,2,0.0,0.0,0.0,0.0,0.0,2.0,19,7,5
86632,16,2,3,17,6,3,0,1,1,0,1,23,2,2,0.0,0.0,0.0,0.0,0.0,2.0,11,4,6
107919,16,2,3,15,8,3,0,1,1,1,1,23,2,2,0.0,0.0,0.0,0.0,0.0,4.0,15,7,8
93003,16,2,3,17,8,3,0,1,0,1,2,18,2,2,0.0,0.0,0.0,0.0,0.0,2.0,11,3,7
144848,16,2,3,10,3,3,0,1,1,0,1,19,2,2,0.0,0.0,0.0,0.0,0.0,3.0,15,3,10
131563,4,2,3,17,8,3,0,1,1,1,0,19,2,2,0.0,0.0,0.0,0.0,0.0,2.0,17,2,9
66544,15,2,3,17,8,3,0,1,1,1,2,18,2,2,0.0,0.0,0.0,0.0,0.0,2.0,13,2,5
135621,15,2,3,0,6,3,0,1,0,1,2,18,2,4,1.0,0.0,0.0,0.0,1.0,1.0,16,2,9
59578,15,2,3,17,2,3,0,1,0,1,2,22,2,4,1.0,0.0,0.0,0.0,1.0,1.0,8,3,5
177866,16,2,3,17,15,3,0,1,0,1,2,6,2,2,0.0,0.0,0.0,0.0,0.0,2.0,16,4,12
82492,15,2,3,17,8,3,0,1,1,1,1,36,2,2,0.0,0.0,0.0,0.0,0.0,2.0,14,3,6
47725,16,2,3,17,10,3,0,1,0,1,1,24,2,2,0.0,0.0,0.0,0.0,0.0,3.0,19,7,4
45803,15,7,1,10,17,3,1,1,1,1,0,39,2,2,0.0,0.0,0.0,0.0,0.0,2.0,2,7,4
27858,16,2,1,10,2,3,0,1,0,1,2,17,2,2,0.0,0.0,0.0,0.0,0.0,2.0,22,6,2
71349,16,2,3,15,2,3,0,1,1,0,1,3,2,2,0.0,0.0,0.0,0.0,0.0,3.0,17,6,5
107146,15,3,3,17,6,3,0,1,0,1,2,18,2,2,0.0,0.0,0.0,0.0,0.0,2.0,8,3,8
81124,16,2,3,8,6,3,0,1,0,1,2,17,2,3,2.0,0.0,0.0,2.0,0.0,0.0,17,5,6
166926,16,2,4,10,6,3,0,5,1,1,2,18,2,2,0.0,0.0,0.0,0.0,0.0,2.0,17,4,11
22596,15,2,1,14,8,3,0,1,0,0,2,9,2,2,0.0,0.0,0.0,0.0,0.0,2.0,4,7,2
180361,16,2,3,15,8,3,0,1,1,1,1,22,2,2,0.0,0.0,0.0,0.0,0.0,2.0,12,1,12
41105,16,2,3,17,1,3,0,1,1,1,1,18,2,2,0.0,0.0,0.0,0.0,0.0,3.0,8,6,3
131380,16,2,3,15,8,3,0,1,1,1,1,22,2,2,0.0,0.0,0.0,0.0,0.0,2.0,8,5,9
79243,15,2,3,8,15,3,0,1,0,1,2,36,2,3,1.0,0.0,0.0,1.0,0.0,2.0,15,6,6
84151,17,2,2,15,15,3,0,1,1,1,1,23,2,2,0.0,0.0,0.0,0.0,0.0,5.0,5,1,6
140985,16,2,2,17,6,3,5,5,1,1,0,24,2,2,0.0,0.0,0.0,0.0,0.0,4.0,17,1,10
76893,16,2,3,9,8,3,0,1,0,1,2,12,2,3,1.0,0.0,0.0,1.0,0.0,1.0,14,6,6
102461,16,2,4,9,2,3,0,1,0,1,2,18,2,3,1.0,0.0,0.0,1.0,0.0,1.0,0,1,7
80535,16,2,3,10,6,3,0,1,1,1,1,36,2,2,0.0,0.0,0.0,0.0,0.0,2.0,16,2,6
64132,4,2,3,8,2,3,0,1,0,1,0,36,2,3,1.0,0.0,0.0,1.0,0.0,1.0,15,5,5
82792,15,2,3,13,10,3,0,1,0,1,2,36,2,3,2.0,0.0,0.0,1.0,1.0,0.0,20,6,6
112846,16,2,1,2,8,3,0,1,0,1,2,36,2,3,1.0,0.0,0.0,1.0,0.0,1.0,20,4,8
102705,15,2,3,17,2,3,0,1,1,1,1,18,2,2,0.0,0.0,0.0,0.0,0.0,2.0,17,6,7
123709,12,7,3,0,15,3,6,1,0,0,2,18,2,4,2.0,0.0,0.0,0.0,2.0,1.0,8,4,9
159415,16,2,1,10,8,3,0,1,1,1,1,19,2,2,0.0,0.0,0.0,0.0,0.0,4.0,19,7,11
54176,4,10,1,0,10,3,4,1,1,0,1,36,2,2,0.0,0.0,0.0,0.0,0.0,2.0,23,7,4
66592,4,7,3,0,10,3,6,1,1,1,2,22,2,2,0.0,0.0,0.0,0.0,0.0,2.0,6,3,5
132810,16,2,3,17,10,3,0,1,1,1,2,18,2,2,0.0,0.0,0.0,0.0,0.0,2.0,16,5,9
132202,16,7,3,0,6,3,6,1,0,1,2,17,2,2,0.0,0.0,0.0,0.0,0.0,2.0,9,3,9
56048,15,3,3,0,2,3,0,1,1,1,2,18,2,2,0.0,0.0,0.0,0.0,0.0,2.0,9,2,5
119537,16,2,3,15,10,3,0,1,0,1,2,36,2,2,0.0,0.0,0.0,0.0,0.0,2.0,15,6,8
151777,16,2,4,0,8,3,0,1,0,1,1,26,2,2,0.0,0.0,0.0,0.0,0.0,6.0,18,1,10
38032,15,2,3,9,8,3,0,1,0,1,0,26,2,4,1.0,0.0,0.0,0.0,1.0,1.0,14,5,3
3284,15,2,3,0,8,3,0,1,0,1,2,5,2,4,2.0,0.0,0.0,0.0,2.0,2.0,10,7,1
96107,15,2,3,17,8,3,0,5,1,1,2,18,2,2,0.0,0.0,0.0,0.0,0.0,2.0,17,3,7
130710,15,7,3,0,2,3,6,1,0,1,2,18,3,3,1.0,0.0,0.0,1.0,0.0,3.0,8,3,9
132713,16,2,1,7,8,3,0,5,1,1,2,36,2,2,0.0,0.0,0.0,0.0,0.0,1.0,21,3,9
98158,16,2,3,17,6,3,0,1,1,1,2,24,3,2,0.0,0.0,0.0,0.0,0.0,3.0,12,7,7
127423,16,2,3,17,2,3,0,1,1,1,2,36,2,2,0.0,0.0,0.0,0.0,0.0,2.0,11,6,9
150350,16,2,1,17,8,3,0,1,1,1,2,18,2,2,0.0,0.0,0.0,0.0,0.0,4.0,0,1,10
80475,16,2,1,0,2,3,0,5,0,1,2,6,2,1,2.0,0.0,1.0,1.0,0.0,1.0,3,1,6
161373,16,2,3,0,2,3,0,1,0,1,2,18,2,4,1.0,0.0,0.0,0.0,1.0,1.0,13,7,11
38039,15,2,3,17,8,3,0,1,1,1,2,26,2,2,0.0,0.0,0.0,0.0,0.0,2.0,15,5,3
7210,16,2,1,17,8,3,0,1,0,1,2,18,3,3,1.0,0.0,0.0,1.0,0.0,2.0,19,4,1
98219,4,2,3,17,2,3,0,1,1,1,2,18,2,2,0.0,0.0,0.0,0.0,0.0,2.0,11,6,7
19543,16,2,3,10,6,3,0,1,1,1,1,17,2,2,0.0,0.0,0.0,0.0,0.0,3.0,15,6,2
24810,16,2,3,9,2,3,0,1,0,1,2,18,2,3,1.0,0.0,0.0,1.0,0.0,1.0,15,2,2
109174,16,2,3,15,6,3,0,1,1,1,0,19,2,2,0.0,0.0,0.0,0.0,0.0,3.0,15,7,8
107513,16,2,1,0,6,3,0,1,0,1,2,6,2,2,0.0,0.0,0.0,0.0,0.0,3.0,23,7,8
89482,16,2,1,0,8,3,0,1,0,1,2,37,2,3,1.0,0.0,0.0,1.0,0.0,1.0,2,5,7
44339,15,2,3,17,6,3,0,1,0,1,2,36,2,4,1.0,0.0,0.0,0.0,1.0,3.0,15,3,4
102791,16,2,1,0,8,3,0,1,1,1,2,6,2,2,0.0,0.0,0.0,0.0,0.0,3.0,21,7,7
92275,17,2,4,17,8,3,0,5,1,1,1,36,2,2,0.0,0.0,0.0,0.0,0.0,2.0,22,7,7
66870,15,2,1,17,6,3,0,1,0,1,2,24,2,2,0.0,0.0,0.0,0.0,0.0,3.0,2,1,5
114919,4,7,1,17,1,3,6,1,0,1,2,18,2,1,2.0,0.0,2.0,0.0,0.0,0.0,3,1,8
87507,15,2,3,10,8,3,0,1,1,1,2,17,2,2,0.0,0.0,0.0,0.0,0.0,4.0,12,3,6
149687,16,2,3,15,6,3,0,1,1,1,2,23,2,2,0.0,0.0,0.0,0.0,0.0,2.0,8,2,10
32102,16,2,3,0,6,3,6,5,1,1,2,36,2,2,0.0,0.0,0.0,0.0,0.0,3.0,14,2,3
139987,16,2,5,0,8,3,0,1,0,1,2,17,2,2,0.0,0.0,0.0,0.0,0.0,2.0,19,6,10
107083,15,2,3,0,6,3,0,1,0,1,2,30,2,2,0.0,0.0,0.0,0.0,0.0,5.0,17,1,8
7903,16,2,3,0,6,3,0,1,0,1,2,6,2,2,0.0,0.0,0.0,0.0,0.0,2.0,11,1,1
17320,16,2,3,15,6,3,0,1,1,1,2,23,2,2,0.0,0.0,0.0,0.0,0.0,3.0,9,2,2
181538,16,2,1,17,8,3,0,1,0,1,2,30,4,2,0.0,0.0,0.0,0.0,0.0,4.0,5,5,12
84150,16,2,3,10,8,3,0,1,0,1,2,19,2,4,1.0,0.0,0.0,0.0,1.0,1.0,16,1,6
110864,16,2,3,15,3,3,0,1,1,1,2,12,2,2,0.0,0.0,0.0,0.0,0.0,2.0,12,3,8
169894,16,11,5,0,6,3,5,1,0,1,2,3,2,2,0.0,0.0,0.0,0.0,0.0,2.0,3,6,11