crash_date,               traffic_control_device,weather_condition,lighting_condition,first_crash_type,trafficway_type,alignment,roadway_surface_cond,road_defect,crash_type,intersection_related_i,damage,prim_contributory_cause,num_units,most_severe_injury,injuries_total,injuries_fatal,injuries_incapacitating,injuries_non_incapacitating,injuries_reported_not_evident,injuries_no_indication,crash_hour,crash_day_of_week,crash_month
179929,4,7,3,0,15,3,6,5,1,1,2,36,2,2,0.0,0.0,0.0,0.0,0.0,2.0,12,4,12
162982,16,7,1,17,8,3,6,5,1,1,2,24,2,2,0.0,0.0,0.0,0.0,0.0,2.0,20,4,11
101466,16,2,3,17,6,3,0,1,1,1,2,6,2,2,0.0,0.0,0.0,0.0,0.0,2.0,11,7,7
63140,15,2,3,15,11,3,0,1,1,1,1,32,2,2,0.0,0.0,0.0,0.0,0.0,2.0,11,2,5
141376,15,7,3,2,6,4,6,1,0,1,2,17,1,2,0.0,0.0,0.0,0.0,0.0,3.0,8,5,10
144920,16,2,3,7,8,3,0,1,1,1,1,22,2,2,0.0,0.0,0.0,0.0,0.0,1.0,17,4,10
8909,16,2,1,15,2,3,0,1,1,1,2,22,2,2,0.0,0.0,0.0,0.0,0.0,2.0,14,3,1
34896,16,2,3,10,2,3,0,1,0,1,2,19,4,2,0.0,0.0,0.0,0.0,0.0,4.0,7,5,3
1922,16,2,1,0,6,3,0,1,0,1,2,37,2,4,1.0,0.0,0.0,0.0,1.0,2.0,22,7,1
110381,16,2,1,15,8,3,0,1,1,1,1,23,2,2,0.0,0.0,0.0,0.0,0.0,2.0,23,7,8
69249,15,2,3,0,8,3,0,1,1,1,2,18,2,2,0.0,0.0,0.0,0.0,0.0,2.0,18,1,5
153827,15,2,3,0,15,3,0,1,1,1,2,18,2,2,0.0,0.0,0.0,0.0,0.0,2.0,14,2,10
168107,15,2,3,0,6,3,0,1,0,1,2,36,2,4,2.0,0.0,0.0,0.0,2.0,1.0,12,6,11
82801,16,2,1,17,19,3,5,5,1,1,1,22,2,2,0.0,0.0,0.0,0.0,0.0,2.0,21,6,6
141993,16,2,3,0,2,3,0,1,1,1,2,6,2,2,0.0,0.0,0.0,0.0,0.0,2.0,11,6,10
56428,15,2,3,10,2,3,0,1,0,1,2,17,3,4,3.0,0.0,0.0,0.0,3.0,2.0,16,4,5
52011,4,2,3,0,6,3,0,1,1,1,2,18,2,2,0.0,0.0,0.0,0.0,0.0,3.0,14,2,4
16389,15,2,1,0,6,3,0,1,0,1,2,5,2,2,0.0,0.0,0.0,0.0,0.0,3.0,23,7,2
122001,15,2,3,0,15,3,0,5,1,1,2,36,2,2,0.0,0.0,0.0,0.0,0.0,3.0,18,7,9
22976,15,2,3,15,8,3,0,5,1,1,2,36,2,2,0.0,0.0,0.0,0.0,0.0,3.0,16,7,2
3468,16,2,4,17,8,3,0,1,0,1,1,18,2,2,0.0,0.0,0.0,0.0,0.0,3.0,19,2,1
70448,4,2,1,9,8,3,0,5,0,1,2,36,2,3,1.0,0.0,0.0,1.0,0.0,1.0,23,7,5
62557,16,7,3,15,6,3,6,1,1,1,2,36,2,2,0.0,0.0,0.0,0.0,0.0,2.0,18,2,5
13916,16,2,3,15,10,3,0,1,1,1,0,22,2,2,0.0,0.0,0.0,0.0,0.0,2.0,16,4,1
21513,16,7,1,17,8,3,6,1,0,1,2,39,2,3,1.0,0.0,0.0,1.0,0.0,2.0,18,3,2
2433,15,2,3,17,8,3,0,1,1,1,2,18,2,2,0.0,0.0,0.0,0.0,0.0,4.0,14,7,1
136277,6,2,3,17,8,3,0,5,0,1,2,18,2,2,0.0,0.0,0.0,0.0,0.0,2.0,11,3,9
119956,4,2,3,15,2,3,0,5,1,0,1,36,2,2,0.0,0.0,0.0,0.0,0.0,3.0,9,4,8
92095,16,2,3,0,6,3,0,1,0,1,2,6,2,2,0.0,0.0,0.0,0.0,0.0,7.0,14,5,7
111736,16,2,1,0,6,3,0,1,0,1,2,36,2,3,1.0,0.0,0.0,1.0,0.0,1.0,21,1,8
99392,16,2,3,17,2,3,0,1,0,0,2,36,4,1,4.0,0.0,1.0,3.0,0.0,2.0,12,3,7
83538,15,2,3,11,6,3,0,1,1,1,2,21,2,2,0.0,0.0,0.0,0.0,0.0,2.0,17,5,6
185742,4,2,3,0,8,3,0,1,0,1,2,6,3,3,2.0,0.0,0.0,2.0,0.0,1.0,15,3,12
156678,16,2,1,14,8,3,0,2,0,1,1,26,2,4,1.0,0.0,0.0,0.0,1.0,1.0,23,3,11
7829,15,2,1,0,8,3,0,1,1,1,1,18,2,2,0.0,0.0,0.0,0.0,0.0,2.0,18,7,1
187464,4,2,3,17,15,3,0,1,0,1,2,36,2,3,1.0,0.0,0.0,1.0,0.0,1.0,14,7,12
45827,4,2,1,17,11,3,0,1,1,1,2,24,2,2,0.0,0.0,0.0,0.0,0.0,2.0,1,1,4
132099,16,2,3,10,8,3,0,1,1,1,2,17,3,2,0.0,0.0,0.0,0.0,0.0,4.0,15,2,9
88701,15,7,2,0,6,3,6,1,0,1,2,5,2,3,1.0,0.0,0.0,1.0,0.0,1.0,6,1,7
84076,15,2,3,0,6,3,0,5,1,1,2,18,2,2,0.0,0.0,0.0,0.0,0.0,2.0,17,6,6
170886,4,2,3,13,11,3,0,1,1,0,2,21,2,2,0.0,0.0,0.0,0.0,0.0,2.0,12,7,11
38221,4,2,3,2,8,3,0,5,0,1,2,18,1,2,0.0,0.0,0.0,0.0,0.0,1.0,16,2,3
178215,17,11,5,15,8,3,5,5,1,1,2,23,2,2,0.0,0.0,0.0,0.0,0.0,3.0,16,4,12
9692,16,2,3,10,8,3,4,1,1,1,2,36,2,2,0.0,0.0,0.0,0.0,0.0,3.0,19,1,1
18320,16,2,3,10,8,3,0,1,1,1,2,36,2,2,0.0,0.0,0.0,0.0,0.0,2.0,16,5,2
174434,15,10,3,0,2,3,4,1,1,1,2,12,2,2,0.0,0.0,0.0,0.0,0.0,2.0,7,4,12
63314,15,7,3,10,8,3,6,5,0,0,2,8,2,3,1.0,0.0,0.0,1.0,0.0,1.0,6,6,5
14791,16,10,1,10,8,3,6,1,1,1,1,19,2,2,0.0,0.0,0.0,0.0,0.0,2.0,5,6,1
54482,4,2,3,7,10,3,0,1,1,0,2,36,2,2,0.0,0.0,0.0,0.0,0.0,1.0,18,7,4
71437,17,11,5,0,17,5,5,5,1,1,2,36,2,2,0.0,0.0,0.0,0.0,0.0,2.0,18,1,5
83816,16,7,3,10,2,3,6,1,1,1,2,39,3,2,0.0,0.0,0.0,0.0,0.0,6.0,15,1,6
125639,4,2,3,17,17,3,0,5,1,1,2,36,2,2,0.0,0.0,0.0,0.0,0.0,3.0,7,3,9
16165,16,10,3,17,8,3,4,5,1,1,2,18,2,2,0.0,0.0,0.0,0.0,0.0,2.0,13,4,2
147744,4,2,1,0,8,3,0,1,1,1,2,36,2,2,0.0,0.0,0.0,0.0,0.0,2.0,18,2,10
65113,15,7,3,0,11,3,6,1,1,1,2,18,2,2,0.0,0.0,0.0,0.0,0.0,2.0,18,6,5
68197,16,2,3,0,8,3,0,1,0,1,2,6,2,3,2.0,0.0,0.0,2.0,0.0,2.0,17,6,5
75462,16,2,2,3,8,3,0,5,1,1,2,36,3,2,0.0,0.0,0.0,0.0,0.0,4.0,20,6,6
159825,16,2,1,10,8,3,0,1,1,1,2,19,2,2,0.0,0.0,0.0,0.0,0.0,2.0,18,5,11
48133,4,2,3,0,8,3,6,1,1,1,1,18,2,2,0.0,0.0,0.0,0.0,0.0,2.0,8,7,4
21522,16,7,1,17,8,3,6,5,1,1,0,12,2,2,0.0,0.0,0.0,0.0,0.0,2.0,19,3,2
174591,15,2,3,10,2,3,0,1,0,1,2,19,2,3,2.0,0.0,0.0,2.0,0.0,1.0,13,1,12
167461,4,2,1,0,18,3,0,5,0,1,2,24,5,3,1.0,0.0,0.0,1.0,0.0,4.0,19,3,11
70674,4,2,3,2,8,3,0,1,0,1,1,28,1,3,1.0,0.0,0.0,1.0,0.0,0.0,17,3,5
185761,16,2,1,0,10,3,0,1,0,1,2,6,2,2,0.0,0.0,0.0,0.0,0.0,8.0,21,3,12
2834,16,2,1,10,6,3,6,1,1,1,2,17,2,2,0.0,0.0,0.0,0.0,0.0,3.0,20,7,1
58860,16,2,2,0,6,3,5,5,1,1,2,36,2,2,0.0,0.0,0.0,0.0,0.0,2.0,5,7,5
112884,4,2,3,3,8,3,0,1,1,1,2,36,2,2,0.0,0.0,0.0,0.0,0.0,2.0,15,5,8
153958,4,2,3,10,2,2,0,1,0,1,2,19,2,2,0.0,0.0,0.0,0.0,0.0,2.0,11,1,10
39076,16,2,3,10,8,3,0,1,1,0,2,21,2,2,0.0,0.0,0.0,0.0,0.0,2.0,15,4,3
171294,15,3,3,0,6,3,6,1,0,1,2,18,2,4,2.0,0.0,0.0,0.0,2.0,1.0,7,6,11
25542,4,2,1,17,8,3,0,1,0,1,2,36,2,2,0.0,0.0,0.0,0.0,0.0,3.0,19,4,2
29197,15,2,3,17,2,3,0,5,1,1,2,18,2,2,0.0,0.0,0.0,0.0,0.0,2.0,14,7,3
39433,4,2,3,15,8,3,0,1,1,0,2,18,2,2,0.0,0.0,0.0,0.0,0.0,2.0,7,2,3
87112,16,7,3,17,6,3,6,5,1,1,1,36,2,2,0.0,0.0,0.0,0.0,0.0,2.0,16,5,6
71820,16,2,3,17,2,3,0,1,1,1,0,22,2,2,0.0,0.0,0.0,0.0,0.0,2.0,14,6,6
20499,4,2,3,17,6,3,0,1,0,1,2,24,2,2,0.0,0.0,0.0,0.0,0.0,3.0,12,1,2
30896,16,7,1,2,8,3,6,1,0,1,1,36,1,3,1.0,0.0,0.0,1.0,0.0,0.0,0,2,3
89414,15,2,3,10,8,3,0,1,1,1,0,8,2,2,0.0,0.0,0.0,0.0,0.0,3.0,14,4,7
94965,4,11,3,15,2,3,5,5,1,1,1,36,2,2,0.0,0.0,0.0,0.0,0.0,2.0,16,1,7
31287,6,2,3,0,6,3,0,5,1,1,2,5,2,2,0.0,0.0,0.0,0.0,0.0,2.0,12,2,3
263,16,2,3,17,10,3,0,1,0,1,2,23,2,2,0.0,0.0,0.0,0.0,0.0,2.0,6,6,1
136293,16,2,3,10,6,3,0,1,1,1,2,19,2,2,0.0,0.0,0.0,0.0,0.0,2.0,14,4,9
12767,15,2,4,17,2,3,6,1,1,1,0,18,2,2,0.0,0.0,0.0,0.0,0.0,5.0,18,5,1
17927,15,2,1,0,8,3,0,1,1,1,1,36,2,2,0.0,0.0,0.0,0.0,0.0,2.0,17,5,2
94505,16,2,3,17,6,3,0,1,1,1,2,18,2,2,0.0,0.0,0.0,0.0,0.0,2.0,11,7,7
40505,4,2,3,15,6,3,5,6,1,1,0,23,2,2,0.0,0.0,0.0,0.0,0.0,2.0,8,2,3
16700,16,2,3,0,8,3,4,1,0,1,2,18,2,2,0.0,0.0,0.0,0.0,0.0,2.0,10,6,2
120161,15,2,3,0,6,3,0,1,1,1,2,36,2,2,0.0,0.0,0.0,0.0,0.0,5.0,15,2,8
83308,4,2,1,9,8,3,0,1,0,1,1,36,2,3,1.0,0.0,0.0,1.0,0.0,1.0,21,7,6
109840,16,2,3,17,2,3,0,1,0,1,2,18,2,3,1.0,0.0,0.0,1.0,0.0,3.0,15,7,8
32608,16,7,1,17,8,3,6,5,1,1,0,18,2,2,0.0,0.0,0.0,0.0,0.0,2.0,1,3,3
878,16,4,1,17,6,3,0,1,0,1,2,18,2,2,0.0,0.0,0.0,0.0,0.0,3.0,22,2,1
178590,16,7,0,10,8,3,6,1,1,1,2,19,2,2,0.0,0.0,0.0,0.0,0.0,3.0,0,7,12
104519,17,11,5,15,2,3,5,5,1,1,1,36,2,2,0.0,0.0,0.0,0.0,0.0,3.0,16,3,8
123708,16,3,3,10,6,3,6,1,0,1,2,19,2,4,2.0,0.0,0.0,0.0,2.0,1.0,8,4,9
124336,4,2,1,0,6,3,0,1,0,1,2,38,2,2,0.0,0.0,0.0,0.0,0.0,2.0,21,7,9
71944,15,2,3,10,8,3,5,5,0,0,2,17,3,3,3.0,0.0,0.0,1.0,2.0,0.0,7,7,6
159407,16,2,3,0,8,3,0,1,1,1,2,22,2,2,0.0,0.0,0.0,0.0,0.0,2.0,17,7,11
75833,4,7,3,0,11,3,6,5,0,1,2,17,2,3,1.0,0.0,0.0,1.0,0.0,1.0,15,4,6
142569,15,2,1,0,6,3,0,1,0,1,2,36,2,3,1.0,0.0,0.0,1.0,0.0,1.0,2,1,10
90115,15,2,3,15,2,3,0,1,1,1,2,19,2,2,0.0,0.0,0.0,0.0,0.0,2.0,16,2,7
22955,16,2,3,0,8,3,6,1,0,1,2,6,3,2,0.0,0.0,0.0,0.0,0.0,3.0,11,6,2
161092,16,2,3,10,6,3,0,1,1,1,2,36,2,2,0.0,0.0,0.0,0.0,0.0,2.0,12,3,11
1764,16,2,3,17,8,3,0,1,0,1,1,23,2,4,1.0,0.0,0.0,0.0,1.0,2.0,9,3,1
52938,15,2,1,0,6,3,0,1,0,1,2,5,2,4,2.0,0.0,0.0,0.0,2.0,2.0,20,4,4
42563,16,2,3,9,8,3,0,1,0,1,0,6,2,3,1.0,0.0,0.0,1.0,0.0,1.0,7,6,4
64174,16,2,1,8,1,3,0,5,0,1,1,24,2,3,1.0,0.0,0.0,1.0,0.0,2.0,21,5,5
141447,16,2,3,17,8,3,0,1,1,1,1,18,2,2,0.0,0.0,0.0,0.0,0.0,2.0,17,6,10
18259,16,2,3,0,6,3,0,1,0,1,2,6,2,2,0.0,0.0,0.0,0.0,0.0,4.0,8,4,2
173857,15,2,1,0,2,3,0,1,0,1,2,36,2,2,0.0,0.0,0.0,0.0,0.0,2.0,18,3,12
108870,15,2,3,0,2,3,0,1,0,1,2,18,2,3,1.0,0.0,0.0,1.0,0.0,1.0,14,7,8
72462,16,2,3,10,8,3,0,1,1,1,2,19,2,2,0.0,0.0,0.0,0.0,0.0,4.0,18,1,6
109272,4,2,3,0,8,3,0,1,0,1,2,18,2,3,1.0,0.0,0.0,1.0,0.0,1.0,15,6,8
140472,16,3,3,0,8,3,6,5,1,1,1,36,2,2,0.0,0.0,0.0,0.0,0.0,2.0,14,6,10
82634,16,2,4,15,8,3,0,1,1,1,1,23,2,2,0.0,0.0,0.0,0.0,0.0,4.0,19,3,6
35250,4,2,3,17,8,3,0,1,0,1,2,18,2,2,0.0,0.0,0.0,0.0,0.0,2.0,15,6,3
66821,4,2,3,17,6,3,0,1,0,1,2,24,2,2,0.0,0.0,0.0,0.0,0.0,3.0,19,7,5
118911,4,2,3,10,2,3,0,1,1,1,2,19,2,2,0.0,0.0,0.0,0.0,0.0,2.0,17,4,8
10321,15,2,3,2,6,3,0,1,1,1,2,36,2,2,0.0,0.0,0.0,0.0,0.0,1.0,11,5,1
155052,16,2,1,0,6,3,0,1,1,1,2,18,2,2,0.0,0.0,0.0,0.0,0.0,3.0,22,4,10
114071,16,2,0,10,8,3,0,1,1,1,0,19,2,2,0.0,0.0,0.0,0.0,0.0,2.0,20,1,8
32950,4,2,1,9,8,3,0,1,0,1,2,36,2,1,1.0,0.0,1.0,0.0,0.0,1.0,4,1,3
98494,16,2,3,17,8,3,0,1,1,1,2,24,2,2,0.0,0.0,0.0,0.0,0.0,5.0,11,4,7
96853,15,2,3,17,6,3,0,1,0,1,2,24,2,3,2.0,0.0,0.0,2.0,0.0,2.0,17,1,7
60765,15,2,3,0,8,3,6,1,0,1,2,18,2,2,0.0,0.0,0.0,0.0,0.0,2.0,10,1,5
14056,15,6,1,10,15,2,1,1,0,1,2,26,2,1,1.0,0.0,1.0,0.0,0.0,1.0,22,7,1
120299,4,2,3,10,8,3,0,1,1,1,2,19,2,2,0.0,0.0,0.0,0.0,0.0,2.0,17,4,8
42946,4,2,1,0,10,3,0,1,0,1,1,36,2,2,0.0,0.0,0.0,0.0,0.0,4.0,21,6,4
21415,15,2,3,0,6,3,4,1,0,1,2,36,2,2,0.0,0.0,0.0,0.0,0.0,2.0,9,1,2
120386,16,2,4,3,6,3,0,1,0,1,2,11,2,1,3.0,0.0,3.0,0.0,0.0,0.0,20,5,8
27784,16,2,3,10,8,3,0,1,1,1,1,36,2,2,0.0,0.0,0.0,0.0,0.0,2.0,11,5,2
92824,16,2,3,10,6,3,0,1,1,1,2,19,2,2,0.0,0.0,0.0,0.0,0.0,4.0,15,2,7
47435,16,2,3,10,1,3,0,5,0,0,0,36,2,3,1.0,0.0,0.0,1.0,0.0,2.0,13,4,4
185795,16,2,0,0,8,3,0,5,1,1,2,6,2,2,0.0,0.0,0.0,0.0,0.0,4.0,18,4,12
139115,16,2,1,17,2,3,0,1,0,1,2,18,2,2,0.0,0.0,0.0,0.0,0.0,4.0,19,1,10
54828,16,3,3,10,8,3,0,1,0,1,2,17,2,3,1.0,0.0,0.0,1.0,0.0,6.0,14,5,4
45927,16,2,3,10,2,3,0,1,1,1,1,19,2,2,0.0,0.0,0.0,0.0,0.0,2.0,15,3,4
74497,16,2,3,15,8,3,0,1,1,1,2,36,2,2,0.0,0.0,0.0,0.0,0.0,2.0,18,4,6
63158,16,2,3,15,8,4,0,5,1,1,1,23,2,2,0.0,0.0,0.0,0.0,0.0,2.0,15,3,5
26827,16,2,3,3,8,3,0,1,1,1,1,36,2,2,0.0,0.0,0.0,0.0,0.0,2.0,10,3,2
139965,4,2,3,15,1,3,0,1,1,1,2,23,2,2,0.0,0.0,0.0,0.0,0.0,2.0,15,6,10
133746,16,2,3,0,6,3,0,1,0,1,2,3,2,3,2.0,0.0,0.0,2.0,0.0,1.0,6,3,9
111385,16,11,0,17,6,3,5,5,0,1,2,36,2,2,0.0,0.0,0.0,0.0,0.0,2.0,20,4,8
39440,16,2,3,17,2,3,0,1,0,1,2,24,2,4,1.0,0.0,0.0,0.0,1.0,1.0,8,2,3
38264,16,7,3,17,8,3,6,1,1,1,2,22,2,2,0.0,0.0,0.0,0.0,0.0,2.0,16,3,3
183654,18,2,1,2,3,3,0,1,0,0,2,12,1,2,0.0,0.0,0.0,0.0,0.0,1.0,19,5,12
150383,16,7,1,0,8,3,6,1,1,1,2,36,2,2,0.0,0.0,0.0,0.0,0.0,3.0,17,2,10
102320,16,2,1,17,8,3,0,1,1,1,2,36,2,2,0.0,0.0,0.0,0.0,0.0,2.0,21,1,7
107871,4,2,3,8,8,3,0,1,1,1,0,18,2,2,0.0,0.0,0.0,0.0,0.0,2.0,7,5,8
151167,4,2,3,7,10,3,0,1,1,1,0,12,2,2,0.0,0.0,0.0,0.0,0.0,2.0,12,5,10
109911,16,2,4,10,8,3,0,5,0,1,2,36,2,3,3.0,0.0,0.0,1.0,2.0,1.0,18,1,8
77237,4,2,3,9,8,3,0,1,0,1,1,18,2,3,1.0,0.0,0.0,1.0,0.0,2.0,7,3,6
104812,16,2,4,17,8,3,0,1,1,1,2,12,2,2,0.0,0.0,0.0,0.0,0.0,2.0,15,2,8
3088,16,2,1,9,10,3,0,1,0,1,2,18,2,3,1.0,0.0,0.0,1.0,0.0,1.0,5,3,1
40093,16,2,1,0,6,3,6,1,0,1,2,36,2,3,2.0,0.0,0.0,2.0,0.0,4.0,23,1,3
74269,16,2,1,17,15,3,0,1,1,1,2,18,2,2,0.0,0.0,0.0,0.0,0.0,2.0,0,1,6
105719,16,2,0,9,8,3,0,1,0,0,1,36,2,3,1.0,0.0,0.0,1.0,0.0,1.0,22,7,8
137989,16,2,3,10,8,3,0,1,0,1,2,28,2,2,0.0,0.0,0.0,0.0,0.0,2.0,9,7,10
22792,4,10,3,10,8,3,4,1,1,0,2,36,2,2,0.0,0.0,0.0,0.0,0.0,3.0,14,5,2
68219,16,2,3,10,8,3,0,1,1,1,0,8,2,2,0.0,0.0,0.0,0.0,0.0,2.0,8,6,5
146557,16,2,3,15,6,3,0,1,1,1,1,36,2,2,0.0,0.0,0.0,0.0,0.0,2.0,9,4,10
32299,16,2,3,17,3,3,0,1,1,1,2,18,2,2,0.0,0.0,0.0,0.0,0.0,5.0,16,5,3
110031,16,2,3,0,8,3,0,1,1,1,2,12,2,2,0.0,0.0,0.0,0.0,0.0,3.0,12,2,8
1650,16,2,1,17,6,3,0,5,1,1,1,19,2,2,0.0,0.0,0.0,0.0,0.0,2.0,17,7,1
9104,16,2,3,10,6,3,0,1,1,1,1,36,2,2,0.0,0.0,0.0,0.0,0.0,2.0,11,5,1
152692,16,2,3,17,6,3,0,1,0,1,2,35,2,3,1.0,0.0,0.0,1.0,0.0,1.0,10,5,10
96528,16,2,3,10,2,3,0,5,1,1,2,19,3,2,0.0,0.0,0.0,0.0,0.0,7.0,16,4,7
74221,15,2,3,0,2,3,0,5,1,1,2,36,2,2,0.0,0.0,0.0,0.0,0.0,2.0,15,1,6
8539,16,10,1,17,6,3,6,1,1,1,2,36,2,2,0.0,0.0,0.0,0.0,0.0,2.0,23,4,1
143806,15,2,3,0,10,3,0,1,1,1,2,36,2,2,0.0,0.0,0.0,0.0,0.0,2.0,7,3,10
67288,16,2,0,2,2,3,0,1,0,1,2,5,1,2,0.0,0.0,0.0,0.0,0.0,3.0,4,7,5
67562,15,2,3,0,17,3,0,1,0,1,2,6,3,3,1.0,0.0,0.0,1.0,0.0,2.0,18,5,5
84725,16,2,3,15,1,3,0,5,1,1,1,18,2,2,0.0,0.0,0.0,0.0,0.0,3.0,14,2,6
163873,16,2,1,10,6,3,0,5,0,1,2,19,2,3,2.0,0.0,0.0,2.0,0.0,1.0,20,1,11
148691,4,2,1,17,8,3,0,1,1,1,2,21,2,2,0.0,0.0,0.0,0.0,0.0,2.0,19,6,10
149201,16,2,3,2,2,3,0,1,0,1,2,36,1,2,0.0,0.0,0.0,0.0,0.0,1.0,6,7,10
31583,16,2,1,0,3,3,0,1,0,1,2,6,2,2,0.0,0.0,0.0,0.0,0.0,2.0,12,6,3
124975,16,2,3,17,8,3,0,1,1,1,0,36,2,2,0.0,0.0,0.0,0.0,0.0,5.0,17,7,9
30003,15,2,3,17,8,3,0,1,0,1,2,26,2,1,1.0,0.0,1.0,0.0,0.0,1.0,16,2,3
127494,15,2,3,0,16,3,0,1,0,1,2,36,2,3,1.0,0.0,0.0,1.0,0.0,2.0,14,2,9
9124,16,2,3,15,11,3,0,1,1,1,2,36,2,2,0.0,0.0,0.0,0.0,0.0,3.0,11,3,1
136228,4,2,3,17,8,3,0,2,1,1,2,36,2,2,0.0,0.0,0.0,0.0,0.0,4.0,16,3,9
91186,16,2,3,17,2,3,0,1,0,1,2,18,2,2,0.0,0.0,0.0,0.0,0.0,2.0,17,4,7
115812,16,2,3,17,8,3,0,1,1,1,2,36,2,2,0.0,0.0,0.0,0.0,0.0,2.0,15,1,8
19778,16,7,1,10,10,3,6,1,0,1,1,19,2,3,1.0,0.0,0.0,1.0,0.0,7.0,19,2,2
95262,16,3,3,17,2,3,0,1,1,1,2,18,2,2,0.0,0.0,0.0,0.0,0.0,2.0,17,5,7
64543,16,2,3,9,2,3,0,1,0,1,0,39,2,0,1.0,1.0,0.0,0.0,0.0,1.0,12,6,5
66566,16,2,3,15,8,3,0,1,1,1,2,23,2,2,0.0,0.0,0.0,0.0,0.0,3.0,11,2,5
50277,15,2,3,17,8,3,0,6,1,1,1,23,2,2,0.0,0.0,0.0,0.0,0.0,4.0,16,3,4
16543,16,3,3,10,8,3,0,1,0,1,2,19,2,4,1.0,0.0,0.0,0.0,1.0,2.0,14,3,2
969,16,2,3,10,1,3,0,1,0,1,0,19,2,4,3.0,0.0,0.0,0.0,3.0,1.0,12,5,1
74657,16,2,1,17,6,3,0,1,0,1,2,6,2,2,0.0,0.0,0.0,0.0,0.0,2.0,22,7,6
64938,15,2,3,8,6,3,0,1,1,1,2,26,2,2,0.0,0.0,0.0,0.0,0.0,2.0,16,5,5
113411,16,2,3,17,6,3,0,1,0,1,1,23,2,3,1.0,0.0,0.0,1.0,0.0,1.0,15,6,8
149040,16,2,3,0,2,3,0,1,0,1,2,18,2,2,0.0,0.0,0.0,0.0,0.0,3.0,17,6,10
88811,16,2,3,17,8,3,0,1,1,1,2,36,2,2,0.0,0.0,0.0,0.0,0.0,2.0,16,2,7
104804,16,2,1,9,15,3,0,5,1,1,0,36,2,2,0.0,0.0,0.0,0.0,0.0,2.0,2,2,8
134009,16,2,1,17,6,3,0,5,0,1,2,18,2,3,4.0,0.0,0.0,4.0,0.0,0.0,2,1,9
78305,15,2,3,0,8,3,0,1,1,1,2,18,2,2,0.0,0.0,0.0,0.0,0.0,2.0,15,5,6
109584,16,7,3,17,3,3,6,5,0,1,2,36,2,3,1.0,0.0,0.0,1.0,0.0,1.0,10,4,8
166673,16,2,0,10,8,3,0,2,0,0,2,36,2,4,1.0,0.0,0.0,0.0,1.0,1.0,16,6,11
111679,4,2,3,17,6,3,0,1,1,1,1,18,2,2,0.0,0.0,0.0,0.0,0.0,2.0,12,7,8
177638,16,2,3,15,8,3,0,1,1,1,2,23,2,2,0.0,0.0,0.0,0.0,0.0,5.0,6,3,12
49645,4,2,1,17,7,3,0,1,0,1,2,18,2,3,1.0,0.0,0.0,1.0,0.0,1.0,23,7,4
177811,16,2,1,17,1,3,0,1,0,1,2,13,2,2,0.0,0.0,0.0,0.0,0.0,2.0,19,3,12
130455,16,2,3,8,8,3,0,5,0,1,0,18,2,3,1.0,0.0,0.0,1.0,0.0,1.0,16,1,9
17711,15,2,3,0,6,3,0,5,1,1,2,18,2,2,0.0,0.0,0.0,0.0,0.0,2.0,7,2,2
63499,16,2,3,17,6,3,0,1,1,1,2,18,2,2,0.0,0.0,0.0,0.0,0.0,3.0,8,2,5
28722,16,2,3,17,8,3,0,5,1,1,1,24,2,2,0.0,0.0,0.0,0.0,0.0,2.0,12,5,3
119295,15,2,3,0,3,3,0,1,0,1,2,3,3,3,2.0,0.0,0.0,1.0,1.0,4.0,7,3,8
134710,16,2,3,15,5,3,0,5,1,1,2,36,2,2,0.0,0.0,0.0,0.0,0.0,3.0,16,4,9
29171,16,2,1,17,8,3,0,1,1,1,2,35,2,2,0.0,0.0,0.0,0.0,0.0,4.0,18,6,3
40865,15,2,3,0,6,4,0,1,1,1,2,5,2,2,0.0,0.0,0.0,0.0,0.0,3.0,12,2,3
8451,4,2,3,9,8,3,6,1,0,1,0,36,2,3,1.0,0.0,0.0,1.0,0.0,1.0,7,3,1
92397,17,2,3,17,8,3,0,1,1,1,2,18,2,2,0.0,0.0,0.0,0.0,0.0,2.0,10,3,7
126813,4,7,3,17,18,3,6,1,0,1,2,18,2,2,0.0,0.0,0.0,0.0,0.0,2.0,14,7,9
11568,16,2,3,0,8,3,0,1,0,1,2,6,2,2,0.0,0.0,0.0,0.0,0.0,2.0,9,5,1
162709,16,2,3,17,8,3,0,1,0,1,2,24,2,3,1.0,0.0,0.0,1.0,0.0,1.0,15,6,11
60649,16,2,3,10,8,3,0,1,1,1,1,36,2,2,0.0,0.0,0.0,0.0,0.0,2.0,15,6,5
83555,16,2,3,10,2,3,0,1,1,1,2,19,2,2,0.0,0.0,0.0,0.0,0.0,2.0,8,5,6
52770,16,2,1,17,6,3,0,1,1,1,2,24,2,2,0.0,0.0,0.0,0.0,0.0,3.0,23,7,4
17672,16,2,3,0,8,3,0,1,0,1,2,36,2,3,4.0,0.0,0.0,4.0,0.0,0.0,13,2,2
4326,16,2,1,17,8,3,0,1,1,1,1,18,2,2,0.0,0.0,0.0,0.0,0.0,3.0,17,5,1
112992,15,2,1,17,6,3,6,5,0,1,2,18,2,2,0.0,0.0,0.0,0.0,0.0,2.0,22,7,8
95667,16,7,3,10,8,3,6,1,0,1,2,19,2,4,1.0,0.0,0.0,0.0,1.0,1.0,7,3,7
55457,16,7,0,3,8,3,6,5,0,1,2,11,2,3,1.0,0.0,0.0,1.0,0.0,3.0,3,2,4
141722,4,2,1,17,8,3,0,1,1,1,2,24,2,2,0.0,0.0,0.0,0.0,0.0,3.0,23,1,10
187152,16,2,3,10,8,3,0,1,1,1,2,19,2,2,0.0,0.0,0.0,0.0,0.0,2.0,10,6,12