crash_date,               traffic_control_device,weather_condition,lighting_condition,first_crash_type,trafficway_type,alignment,roadway_surface_cond,road_defect,crash_type,intersection_related_i,damage,prim_contributory_cause,num_units,most_severe_injury,injuries_total,injuries_fatal,injuries_incapacitating,injuries_non_incapacitating,injuries_reported_not_evident,injuries_no_indication,crash_hour,crash_day_of_week,crash_month
81309,16,2,0,9,2,3,0,1,0,1,2,18,2,3,1.0,0.0,0.0,1.0,0.0,1.0,21,7,6
78715,4,7,3,10,8,3,6,1,1,1,2,19,2,2,0.0,0.0,0.0,0.0,0.0,2.0,8,5,6
18200,16,3,3,0,2,3,0,1,1,1,2,36,2,2,0.0,0.0,0.0,0.0,0.0,3.0,8,3,2
19072,16,2,3,0,6,3,0,1,0,1,2,6,2,3,3.0,0.0,0.0,3.0,0.0,0.0,10,4,2
3200,16,2,3,17,8,3,6,1,0,1,1,23,2,2,0.0,0.0,0.0,0.0,0.0,3.0,14,6,1
111289,16,11,5,10,18,3,5,5,1,1,2,36,2,2,0.0,0.0,0.0,0.0,0.0,2.0,15,2,8
75009,17,11,3,15,8,3,5,5,1,1,0,26,2,2,0.0,0.0,0.0,0.0,0.0,2.0,8,4,6
78489,16,2,1,0,19,3,0,1,1,1,2,24,2,2,0.0,0.0,0.0,0.0,0.0,6.0,20,1,6
146326,16,2,3,10,6,3,6,1,1,1,0,19,2,2,0.0,0.0,0.0,0.0,0.0,2.0,10,3,10
130875,16,2,3,9,8,3,0,1,1,1,0,18,2,2,0.0,0.0,0.0,0.0,0.0,3.0,14,7,9
151162,16,2,1,17,1,3,0,1,0,1,2,22,2,4,2.0,0.0,0.0,0.0,2.0,1.0,23,5,10
156872,16,2,3,7,6,3,0,1,1,1,2,12,2,2,0.0,0.0,0.0,0.0,0.0,1.0,11,7,11
126231,16,2,3,17,3,3,0,1,1,1,2,36,2,2,0.0,0.0,0.0,0.0,0.0,2.0,11,4,9
27430,4,2,3,10,8,3,0,1,1,1,2,37,2,2,0.0,0.0,0.0,0.0,0.0,4.0,10,7,2
24223,15,2,3,17,8,3,0,1,1,1,2,24,2,2,0.0,0.0,0.0,0.0,0.0,2.0,7,7,2
135333,16,2,1,17,1,4,0,1,0,1,1,18,2,4,1.0,0.0,0.0,0.0,1.0,1.0,5,1,9
44191,16,2,3,17,10,3,0,1,1,1,2,36,2,2,0.0,0.0,0.0,0.0,0.0,2.0,11,5,4
89651,16,4,1,0,6,3,0,1,0,1,2,6,2,4,1.0,0.0,0.0,0.0,1.0,4.0,23,1,7
113272,15,2,3,0,10,3,0,1,0,1,2,17,2,2,0.0,0.0,0.0,0.0,0.0,3.0,11,3,8
76196,15,7,3,0,18,3,6,5,0,1,2,36,2,2,0.0,0.0,0.0,0.0,0.0,3.0,11,1,6
188209,16,2,1,9,2,3,0,1,0,1,2,6,2,1,1.0,0.0,1.0,0.0,0.0,1.0,21,1,12
96710,15,2,3,17,15,3,0,1,1,1,2,18,2,2,0.0,0.0,0.0,0.0,0.0,6.0,18,5,7
91268,15,2,3,17,6,3,0,1,0,1,2,18,2,2,0.0,0.0,0.0,0.0,0.0,2.0,11,5,7
19127,16,7,3,0,6,3,6,1,1,1,1,36,2,2,0.0,0.0,0.0,0.0,0.0,2.0,7,5,2
101852,15,2,3,0,8,3,0,1,0,1,2,38,2,2,0.0,0.0,0.0,0.0,0.0,2.0,17,6,7
7198,15,2,1,17,15,3,0,1,0,1,2,38,2,2,0.0,0.0,0.0,0.0,0.0,2.0,5,4,1
21393,16,2,3,10,8,3,5,5,1,1,2,36,2,2,0.0,0.0,0.0,0.0,0.0,3.0,15,1,2
168059,4,2,3,10,8,3,0,1,0,0,1,36,2,3,1.0,0.0,0.0,1.0,0.0,1.0,15,6,11
137085,15,2,3,17,8,3,0,1,1,1,2,36,2,2,0.0,0.0,0.0,0.0,0.0,3.0,17,7,9
180545,16,6,1,10,2,3,6,5,0,1,2,19,2,2,0.0,0.0,0.0,0.0,0.0,2.0,23,5,12
82954,16,2,3,10,8,3,0,1,0,1,2,19,2,2,0.0,0.0,0.0,0.0,0.0,4.0,16,3,6
134464,15,3,1,2,15,3,0,1,0,1,1,36,1,2,0.0,0.0,0.0,0.0,0.0,1.0,3,7,9
129829,15,2,3,0,8,3,0,1,1,1,1,36,2,2,0.0,0.0,0.0,0.0,0.0,2.0,8,6,9
38354,16,3,3,0,6,3,5,5,0,1,2,18,2,2,0.0,0.0,0.0,0.0,0.0,2.0,11,4,3
14967,16,2,3,15,6,3,0,1,1,1,2,36,2,2,0.0,0.0,0.0,0.0,0.0,3.0,15,3,1
101476,16,2,1,10,18,3,5,5,0,1,2,6,2,2,0.0,0.0,0.0,0.0,0.0,7.0,1,2,7
11164,16,11,5,17,18,3,5,5,0,1,1,6,2,2,0.0,0.0,0.0,0.0,0.0,3.0,15,5,1
173701,16,2,0,17,16,3,5,5,1,1,2,36,2,2,0.0,0.0,0.0,0.0,0.0,2.0,20,3,12
20971,15,2,0,9,6,3,0,1,0,1,0,30,2,3,1.0,0.0,0.0,1.0,0.0,1.0,18,2,2
71797,4,2,1,15,8,3,0,1,1,0,2,22,2,2,0.0,0.0,0.0,0.0,0.0,3.0,21,5,6
181634,16,2,3,17,2,3,0,1,1,1,2,18,2,2,0.0,0.0,0.0,0.0,0.0,3.0,10,6,12
70107,15,2,3,0,8,3,0,1,1,1,2,18,2,2,0.0,0.0,0.0,0.0,0.0,2.0,17,3,5
174209,4,2,3,17,15,3,0,1,1,1,2,18,2,2,0.0,0.0,0.0,0.0,0.0,3.0,12,2,12
134471,16,2,1,7,10,3,0,5,0,1,2,36,2,2,0.0,0.0,0.0,0.0,0.0,1.0,4,7,9
165471,16,10,3,10,3,3,6,1,0,1,2,19,2,4,1.0,0.0,0.0,0.0,1.0,1.0,7,1,11
69054,4,2,3,17,2,3,0,1,1,1,1,18,2,2,0.0,0.0,0.0,0.0,0.0,2.0,17,6,5
182413,16,2,3,10,8,3,0,1,1,1,2,36,3,2,0.0,0.0,0.0,0.0,0.0,2.0,8,4,12
11908,16,7,1,15,8,3,6,5,1,1,0,6,2,2,0.0,0.0,0.0,0.0,0.0,2.0,17,2,1
181518,15,2,3,9,10,3,0,1,0,1,0,18,2,4,1.0,0.0,0.0,0.0,1.0,1.0,13,5,12
7029,16,10,3,10,8,3,4,1,1,1,2,28,4,2,0.0,0.0,0.0,0.0,0.0,2.0,9,3,1
36420,15,7,3,0,19,3,6,5,0,1,2,18,2,3,5.0,0.0,0.0,5.0,0.0,1.0,18,4,3
79081,16,2,3,2,6,3,0,1,0,1,2,36,1,3,1.0,0.0,0.0,1.0,0.0,0.0,12,2,6
69645,16,2,3,0,8,3,0,1,0,1,1,18,2,2,0.0,0.0,0.0,0.0,0.0,2.0,11,2,5
173796,16,2,1,10,8,3,0,1,1,1,1,36,2,2,0.0,0.0,0.0,0.0,0.0,2.0,18,2,12
19212,16,2,3,15,6,3,0,1,1,1,0,36,2,2,0.0,0.0,0.0,0.0,0.0,2.0,11,6,2
74569,16,2,2,10,5,3,0,1,1,0,2,17,2,2,0.0,0.0,0.0,0.0,0.0,2.0,19,5,6
115157,16,2,3,10,2,3,0,1,0,1,0,36,2,4,1.0,0.0,0.0,0.0,1.0,2.0,15,4,8
49339,16,7,1,17,8,3,6,5,1,1,2,36,2,2,0.0,0.0,0.0,0.0,0.0,2.0,22,1,4
154737,15,2,3,0,8,3,0,1,0,1,2,18,2,2,0.0,0.0,0.0,0.0,0.0,3.0,9,6,10
47946,4,2,3,0,15,3,0,1,1,1,2,18,2,2,0.0,0.0,0.0,0.0,0.0,3.0,8,5,4
57700,16,2,3,10,8,3,0,1,1,1,2,36,2,2,0.0,0.0,0.0,0.0,0.0,2.0,16,3,5
2837,15,10,3,0,8,3,4,1,0,1,1,18,2,1,2.0,0.0,2.0,0.0,0.0,0.0,9,7,1
108682,16,2,3,17,8,3,0,1,1,1,0,19,2,2,0.0,0.0,0.0,0.0,0.0,4.0,8,6,8
82000,16,2,2,17,6,3,0,1,1,1,2,36,2,2,0.0,0.0,0.0,0.0,0.0,2.0,17,4,6
54719,16,2,3,10,6,3,0,1,1,1,1,19,2,2,0.0,0.0,0.0,0.0,0.0,2.0,14,3,4
182910,16,2,3,8,6,3,0,1,0,1,2,17,2,3,1.0,0.0,0.0,1.0,0.0,1.0,6,3,12
154285,16,11,1,17,8,3,5,1,1,1,2,36,2,2,0.0,0.0,0.0,0.0,0.0,2.0,20,7,10
118221,15,7,1,0,6,5,6,1,1,1,2,36,2,2,0.0,0.0,0.0,0.0,0.0,2.0,20,3,8
103370,4,2,3,5,6,3,0,1,0,1,2,36,1,2,0.0,0.0,0.0,0.0,0.0,2.0,18,3,7
96311,4,2,1,0,11,3,0,1,1,1,1,11,2,2,0.0,0.0,0.0,0.0,0.0,3.0,23,6,7
97580,16,2,3,10,6,3,0,1,1,1,0,19,2,2,0.0,0.0,0.0,0.0,0.0,2.0,13,6,7
129771,16,2,3,7,10,3,0,1,1,0,1,21,2,2,0.0,0.0,0.0,0.0,0.0,2.0,12,5,9
170162,16,2,3,9,2,3,0,1,0,1,2,36,3,1,2.0,0.0,2.0,0.0,0.0,1.0,8,2,11
180097,16,3,3,10,10,3,0,1,1,1,1,36,2,2,0.0,0.0,0.0,0.0,0.0,2.0,9,3,12
138681,15,2,3,0,6,3,0,1,0,1,2,38,2,4,1.0,0.0,0.0,0.0,1.0,3.0,17,4,10
161797,4,2,3,17,6,3,0,1,1,1,2,24,2,2,0.0,0.0,0.0,0.0,0.0,3.0,17,2,11
129441,16,2,3,17,6,3,5,5,1,1,1,24,2,2,0.0,0.0,0.0,0.0,0.0,2.0,7,2,9
73073,16,2,3,17,2,3,0,1,0,1,2,36,2,3,1.0,0.0,0.0,1.0,0.0,1.0,15,5,6
74829,16,2,3,17,6,3,0,1,1,1,2,36,2,2,0.0,0.0,0.0,0.0,0.0,2.0,15,3,6
181451,4,2,4,15,2,3,0,1,0,1,2,18,2,4,1.0,0.0,0.0,0.0,1.0,1.0,16,3,12
63469,16,2,3,10,8,3,0,5,0,1,2,36,2,3,1.0,0.0,0.0,1.0,0.0,1.0,14,2,5
137803,4,2,3,8,8,3,0,1,0,1,0,36,2,3,1.0,0.0,0.0,1.0,0.0,1.0,14,5,10
92349,6,2,1,5,3,3,0,1,0,0,2,37,1,3,2.0,0.0,0.0,2.0,0.0,0.0,1,3,7
169718,15,2,3,10,8,3,4,1,1,1,1,19,2,2,0.0,0.0,0.0,0.0,0.0,2.0,8,2,11
115587,16,2,3,15,2,3,0,1,1,1,1,18,2,2,0.0,0.0,0.0,0.0,0.0,5.0,13,3,8
11708,16,3,3,0,6,3,6,1,0,1,2,12,2,3,3.0,0.0,0.0,1.0,2.0,1.0,10,1,1
112457,16,2,1,0,8,3,0,1,0,1,2,6,2,2,0.0,0.0,0.0,0.0,0.0,2.0,4,4,8
49358,16,3,3,8,6,3,0,1,1,1,2,11,2,2,0.0,0.0,0.0,0.0,0.0,2.0,13,3,4
62553,16,2,1,0,8,3,0,1,1,1,2,18,2,2,0.0,0.0,0.0,0.0,0.0,2.0,18,2,5
86507,16,2,3,0,8,3,6,1,0,1,2,6,2,3,2.0,0.0,0.0,2.0,0.0,1.0,18,2,6
158620,15,2,1,0,8,3,0,1,0,1,2,18,2,2,0.0,0.0,0.0,0.0,0.0,2.0,1,1,11
178318,16,2,1,10,3,3,0,1,1,1,2,36,2,2,0.0,0.0,0.0,0.0,0.0,5.0,17,3,12
106382,15,2,3,0,6,3,0,1,1,1,2,18,2,2,0.0,0.0,0.0,0.0,0.0,2.0,11,4,8
81116,16,2,3,17,8,3,0,1,1,1,1,36,2,2,0.0,0.0,0.0,0.0,0.0,2.0,15,5,6
88678,15,7,3,0,6,3,6,1,0,1,1,18,2,2,0.0,0.0,0.0,0.0,0.0,2.0,15,1,7
111603,16,2,3,10,8,3,5,5,1,1,0,36,2,2,0.0,0.0,0.0,0.0,0.0,2.0,9,5,8
17686,16,11,5,17,6,3,5,5,1,1,1,36,2,2,0.0,0.0,0.0,0.0,0.0,2.0,16,2,2
135405,4,2,1,7,2,3,0,1,0,0,2,37,3,3,1.0,0.0,0.0,1.0,0.0,0.0,21,4,9
167823,16,2,1,2,15,3,0,1,1,1,2,9,1,2,0.0,0.0,0.0,0.0,0.0,1.0,2,1,11
129323,16,2,3,17,6,3,0,1,1,1,2,23,2,2,0.0,0.0,0.0,0.0,0.0,2.0,9,6,9
25069,15,2,3,9,2,3,0,1,0,1,0,18,2,1,1.0,0.0,1.0,0.0,0.0,1.0,17,3,2
184227,15,2,1,8,8,3,0,1,0,1,0,18,2,4,1.0,0.0,0.0,0.0,1.0,1.0,17,6,12
111006,16,7,3,17,3,3,6,1,0,0,2,26,2,2,0.0,0.0,0.0,0.0,0.0,2.0,15,4,8
87996,16,2,4,17,6,3,0,1,1,1,2,36,2,2,0.0,0.0,0.0,0.0,0.0,2.0,4,4,7
147644,15,2,3,17,8,3,0,1,1,1,1,18,2,2,0.0,0.0,0.0,0.0,0.0,2.0,9,6,10
85558,16,2,1,0,6,3,0,1,0,1,2,6,2,2,0.0,0.0,0.0,0.0,0.0,3.0,2,1,6
78511,15,2,3,5,8,3,0,1,1,1,2,22,1,2,0.0,0.0,0.0,0.0,0.0,1.0,13,2,6
8395,16,2,3,10,6,3,0,1,1,1,2,19,2,2,0.0,0.0,0.0,0.0,0.0,2.0,16,2,1
20171,16,2,3,10,10,2,6,1,1,1,2,19,2,2,0.0,0.0,0.0,0.0,0.0,2.0,7,2,2
108877,16,2,3,10,2,3,0,5,1,1,1,36,2,2,0.0,0.0,0.0,0.0,0.0,3.0,15,7,8
179116,16,2,3,15,2,3,0,1,1,1,2,24,2,2,0.0,0.0,0.0,0.0,0.0,3.0,8,6,12
69722,15,2,3,0,3,3,0,1,1,1,1,18,2,2,0.0,0.0,0.0,0.0,0.0,3.0,19,2,5
113053,16,2,3,8,10,4,0,1,0,1,2,36,2,1,1.0,0.0,1.0,0.0,0.0,1.0,5,6,8
63217,15,2,3,0,8,3,0,1,1,1,1,36,2,2,0.0,0.0,0.0,0.0,0.0,2.0,12,3,5
115849,16,2,3,15,8,3,0,1,1,1,2,19,2,2,0.0,0.0,0.0,0.0,0.0,2.0,11,1,8
137635,16,2,1,9,3,3,0,1,0,1,0,36,2,3,1.0,0.0,0.0,1.0,0.0,1.0,2,1,10
21228,16,3,3,17,2,3,6,1,1,1,2,18,2,2,0.0,0.0,0.0,0.0,0.0,3.0,8,5,2
170068,15,2,1,17,8,4,0,1,1,1,1,18,2,2,0.0,0.0,0.0,0.0,0.0,2.0,17,3,11
170051,4,2,3,10,8,3,0,1,1,1,2,36,2,2,0.0,0.0,0.0,0.0,0.0,3.0,14,3,11
61877,4,2,3,15,3,3,0,1,1,1,2,22,2,2,0.0,0.0,0.0,0.0,0.0,3.0,18,5,5
93689,4,2,1,9,10,3,0,1,0,1,2,36,2,3,1.0,0.0,0.0,1.0,0.0,1.0,22,1,7
85275,16,7,1,17,8,3,6,5,1,1,2,18,2,2,0.0,0.0,0.0,0.0,0.0,2.0,20,3,6
148671,16,2,3,17,10,3,0,1,1,1,2,24,2,2,0.0,0.0,0.0,0.0,0.0,2.0,16,6,10
162217,16,5,1,10,8,3,0,1,1,1,2,13,2,2,0.0,0.0,0.0,0.0,0.0,2.0,19,6,11
152815,15,2,3,17,2,3,0,1,0,1,2,18,2,4,1.0,0.0,0.0,0.0,1.0,1.0,13,6,10
147304,15,2,3,0,6,3,0,1,0,1,2,17,2,2,0.0,0.0,0.0,0.0,0.0,3.0,17,3,10
21057,15,11,1,17,9,3,5,1,0,1,2,36,2,2,0.0,0.0,0.0,0.0,0.0,3.0,22,3,2
60755,15,7,0,17,18,3,6,1,0,1,2,5,2,2,0.0,0.0,0.0,0.0,0.0,2.0,20,1,5
149389,15,2,3,8,8,3,0,1,0,1,0,17,2,3,1.0,0.0,0.0,1.0,0.0,1.0,16,4,10
83080,4,2,3,0,8,3,0,1,1,1,2,18,2,2,0.0,0.0,0.0,0.0,0.0,2.0,17,6,6
24558,16,2,3,7,10,3,0,1,1,1,2,17,2,2,0.0,0.0,0.0,0.0,0.0,1.0,14,6,2
82726,15,7,3,0,2,3,6,1,1,1,1,36,2,2,0.0,0.0,0.0,0.0,0.0,2.0,9,5,6
139149,15,2,3,17,15,3,0,1,0,1,2,23,2,4,1.0,0.0,0.0,0.0,1.0,2.0,15,2,10
91335,16,2,1,0,6,3,0,1,0,1,2,6,2,2,0.0,0.0,0.0,0.0,0.0,2.0,0,6,7
149444,16,2,3,0,2,3,0,1,0,1,2,6,3,3,1.0,0.0,0.0,1.0,0.0,3.0,13,5,10
25926,4,2,3,7,6,3,0,1,0,1,2,28,2,2,0.0,0.0,0.0,0.0,0.0,1.0,14,4,2
6186,16,2,3,17,10,3,0,1,1,1,2,36,2,2,0.0,0.0,0.0,0.0,0.0,2.0,13,4,1
77681,16,2,3,0,2,3,0,1,0,1,2,6,2,3,1.0,0.0,0.0,1.0,0.0,2.0,18,3,6
146990,16,2,3,17,8,3,0,1,0,1,2,36,2,2,0.0,0.0,0.0,0.0,0.0,4.0,13,4,10
80417,4,2,3,15,8,3,0,1,1,1,2,22,2,2,0.0,0.0,0.0,0.0,0.0,2.0,20,6,6
117477,17,11,1,0,6,3,5,5,0,1,2,36,2,1,1.0,0.0,1.0,0.0,0.0,3.0,18,5,8
65666,15,3,3,0,2,3,0,5,0,1,1,18,2,2,0.0,0.0,0.0,0.0,0.0,5.0,9,1,5
119232,16,2,3,8,8,3,0,5,1,1,2,36,2,2,0.0,0.0,0.0,0.0,0.0,3.0,8,2,8
154621,16,7,2,9,2,3,6,1,1,1,0,18,2,2,0.0,0.0,0.0,0.0,0.0,2.0,17,4,10
188121,16,10,3,17,2,3,4,1,0,1,2,18,3,2,0.0,0.0,0.0,0.0,0.0,3.0,8,7,12
176486,16,2,1,17,1,3,0,1,1,1,2,6,2,2,0.0,0.0,0.0,0.0,0.0,2.0,19,4,12
29726,16,2,3,15,8,3,0,1,1,1,1,18,2,2,0.0,0.0,0.0,0.0,0.0,2.0,11,2,3
60845,4,2,3,13,8,3,0,1,1,1,2,18,2,2,0.0,0.0,0.0,0.0,0.0,2.0,14,3,5
169506,16,2,1,10,15,3,0,1,0,1,2,17,3,1,3.0,0.0,1.0,2.0,0.0,0.0,2,7,11
78242,15,2,3,0,8,3,0,1,0,1,2,36,2,2,0.0,0.0,0.0,0.0,0.0,2.0,17,4,6
23386,15,2,1,2,6,3,0,5,0,1,1,36,1,2,0.0,0.0,0.0,0.0,0.0,2.0,18,7,2
170858,16,2,1,0,6,3,0,1,0,1,2,6,3,1,2.0,0.0,1.0,0.0,1.0,0.0,20,7,11
77028,15,2,3,9,2,3,0,1,0,1,0,18,2,3,1.0,0.0,0.0,1.0,0.0,1.0,13,2,6
37091,16,2,3,15,6,3,0,1,1,1,0,36,2,2,0.0,0.0,0.0,0.0,0.0,2.0,13,3,3
166330,16,2,1,0,6,3,0,1,0,1,2,26,2,3,1.0,0.0,0.0,1.0,0.0,4.0,23,7,11
63262,16,2,2,17,8,3,0,1,0,1,2,36,2,2,0.0,0.0,0.0,0.0,0.0,2.0,20,4,5
42849,17,2,1,0,2,3,0,1,1,1,2,3,2,2,0.0,0.0,0.0,0.0,0.0,3.0,21,3,4
111872,4,2,3,0,0,3,0,1,1,1,1,18,2,2,0.0,0.0,0.0,0.0,0.0,2.0,15,5,8
35393,16,2,3,9,8,3,5,1,0,0,0,18,3,3,2.0,0.0,0.0,2.0,0.0,1.0,10,6,3
38245,15,2,3,17,8,3,0,1,0,1,2,18,2,2,0.0,0.0,0.0,0.0,0.0,2.0,11,2,3
111435,15,2,3,0,8,3,0,1,0,1,2,5,2,2,0.0,0.0,0.0,0.0,0.0,3.0,14,3,8
116043,16,2,1,17,6,3,0,1,0,1,2,18,2,3,1.0,0.0,0.0,1.0,0.0,5.0,21,4,8
181068,4,3,3,15,6,3,6,1,1,1,1,18,2,2,0.0,0.0,0.0,0.0,0.0,2.0,14,6,12
48661,16,2,3,17,2,3,0,1,0,1,2,18,2,2,0.0,0.0,0.0,0.0,0.0,2.0,15,2,4
131499,4,2,1,17,8,3,0,1,0,1,2,24,2,2,0.0,0.0,0.0,0.0,0.0,4.0,4,1,9
60890,16,2,3,9,15,4,0,1,0,1,0,18,2,1,1.0,0.0,1.0,0.0,0.0,1.0,9,3,5
164477,15,11,5,10,8,3,5,5,1,1,2,36,2,2,0.0,0.0,0.0,0.0,0.0,3.0,14,3,11
35547,4,5,1,7,8,3,6,1,0,0,2,12,2,2,0.0,0.0,0.0,0.0,0.0,2.0,3,3,3
84037,15,2,3,0,15,3,0,1,0,1,2,18,2,4,1.0,0.0,0.0,0.0,1.0,1.0,10,5,6
173710,16,2,1,17,5,3,0,1,0,1,2,36,2,4,1.0,0.0,0.0,0.0,1.0,1.0,22,3,12
6686,4,2,1,10,6,3,0,1,1,1,0,19,2,2,0.0,0.0,0.0,0.0,0.0,2.0,19,3,1
126970,16,2,3,17,6,3,0,1,0,1,2,24,2,2,0.0,0.0,0.0,0.0,0.0,2.0,16,2,9
95302,16,7,3,10,3,3,6,1,0,1,2,17,2,3,1.0,0.0,0.0,1.0,0.0,1.0,13,6,7
1431,16,11,1,0,6,3,5,5,0,1,2,6,2,2,0.0,0.0,0.0,0.0,0.0,2.0,4,6,1
148977,16,2,3,0,2,3,0,1,0,1,2,6,2,3,1.0,0.0,0.0,1.0,0.0,2.0,17,5,10
10660,16,10,1,2,3,0,1,1,0,1,2,39,1,3,1.0,0.0,0.0,1.0,0.0,0.0,20,3,1
183875,16,2,3,15,8,3,0,1,1,1,2,36,2,2,0.0,0.0,0.0,0.0,0.0,2.0,11,2,12
81541,4,2,3,0,8,3,0,1,1,0,1,36,2,2,0.0,0.0,0.0,0.0,0.0,2.0,15,3,6
141844,4,2,3,15,8,3,0,1,0,1,2,24,2,2,0.0,0.0,0.0,0.0,0.0,4.0,11,3,10
20913,16,2,3,10,8,3,0,1,1,1,2,19,2,2,0.0,0.0,0.0,0.0,0.0,2.0,15,1,2
182729,16,2,3,17,10,3,0,1,1,1,1,36,2,2,0.0,0.0,0.0,0.0,0.0,2.0,13,7,12
63657,16,2,3,17,8,3,0,1,0,1,2,18,2,2,0.0,0.0,0.0,0.0,0.0,6.0,6,4,5
78419,15,2,4,17,15,3,0,5,1,1,2,18,2,2,0.0,0.0,0.0,0.0,0.0,2.0,18,7,6
152635,16,7,3,8,8,3,6,5,1,1,2,6,2,2,0.0,0.0,0.0,0.0,0.0,2.0,14,5,10
115039,16,2,3,10,8,3,5,5,1,1,2,19,2,2,0.0,0.0,0.0,0.0,0.0,2.0,17,4,8
109117,16,2,3,0,6,3,0,1,0,1,1,36,2,3,1.0,0.0,0.0,1.0,0.0,1.0,13,5,8
175214,15,2,3,10,8,3,0,1,1,1,2,12,2,2,0.0,0.0,0.0,0.0,0.0,2.0,9,2,12
155999,16,2,3,10,8,3,0,1,1,1,0,19,2,2,0.0,0.0,0.0,0.0,0.0,5.0,14,2,11
2360,16,2,3,10,6,3,5,5,1,1,1,36,2,2,0.0,0.0,0.0,0.0,0.0,2.0,7,1,1
147788,16,2,0,10,8,3,0,1,1,1,2,19,2,2,0.0,0.0,0.0,0.0,0.0,2.0,0,2,10
71376,16,2,1,10,2,3,0,1,1,1,2,19,2,2,0.0,0.0,0.0,0.0,0.0,2.0,21,6,5
79601,16,2,1,10,8,3,0,1,1,1,2,19,2,2,0.0,0.0,0.0,0.0,0.0,2.0,0,2,6
167616,16,3,4,17,3,3,0,6,1,1,2,36,2,2,0.0,0.0,0.0,0.0,0.0,2.0,16,3,11
105892,16,2,3,17,6,3,0,1,0,1,2,19,2,2,0.0,0.0,0.0,0.0,0.0,2.0,17,4,8
54045,16,3,3,10,8,3,0,1,1,1,1,18,2,2,0.0,0.0,0.0,0.0,0.0,2.0,18,6,4
147731,16,2,3,17,8,3,0,1,1,1,2,36,2,2,0.0,0.0,0.0,0.0,0.0,3.0,16,2,10
55325,16,2,3,10,2,3,0,1,1,1,2,36,2,2,0.0,0.0,0.0,0.0,0.0,2.0,17,6,4
10025,16,2,4,10,3,4,1,1,1,1,2,19,2,2,0.0,0.0,0.0,0.0,0.0,2.0,6,5,1
188244,4,5,1,10,8,3,1,1,1,1,2,36,2,2,0.0,0.0,0.0,0.0,0.0,2.0,18,2,12
117254,16,2,3,10,10,3,6,1,1,1,1,36,2,2,0.0,0.0,0.0,0.0,0.0,2.0,9,7,8
154206,16,2,3,2,8,3,0,3,1,1,2,32,1,2,0.0,0.0,0.0,0.0,0.0,1.0,22,6,10
115495,16,2,3,17,6,3,0,5,0,1,2,24,3,3,4.0,0.0,0.0,3.0,1.0,1.0,17,3,8
178855,16,7,3,0,8,3,6,1,0,1,2,6,2,3,2.0,0.0,0.0,2.0,0.0,0.0,14,1,12
15349,16,2,3,10,2,3,6,1,1,1,1,13,2,2,0.0,0.0,0.0,0.0,0.0,3.0,12,2,2
145235,16,7,4,17,8,3,6,1,0,1,2,36,2,1,1.0,0.0,1.0,0.0,0.0,3.0,17,7,10
117194,16,2,3,15,19,3,0,1,1,1,2,21,2,2,0.0,0.0,0.0,0.0,0.0,2.0,11,1,8
76585,16,2,3,0,2,3,0,1,1,1,2,36,2,2,0.0,0.0,0.0,0.0,0.0,2.0,18,7,6
155078,4,7,4,10,3,3,6,5,1,1,0,19,2,2,0.0,0.0,0.0,0.0,0.0,2.0,19,7,10
90143,15,2,1,10,16,3,0,1,1,1,2,26,2,2,0.0,0.0,0.0,0.0,0.0,2.0,22,2,7
120422,16,2,3,8,15,3,0,1,0,1,2,18,2,3,1.0,0.0,0.0,1.0,0.0,1.0,14,7,8
44324,16,2,3,9,2,3,0,5,0,1,2,18,2,3,1.0,0.0,0.0,1.0,0.0,1.0,11,2,4
45219,16,7,1,10,6,3,6,1,1,1,2,19,2,2,0.0,0.0,0.0,0.0,0.0,2.0,21,5,4
130321,16,2,3,10,8,3,0,1,1,0,2,19,2,2,0.0,0.0,0.0,0.0,0.0,2.0,17,6,9
139638,15,7,3,7,8,3,6,1,1,1,1,36,2,2,0.0,0.0,0.0,0.0,0.0,1.0,11,2,10
27539,15,7,3,0,8,3,6,1,0,1,2,5,2,3,3.0,0.0,0.0,3.0,0.0,0.0,8,2,2
64907,4,7,3,17,15,3,6,1,0,1,2,24,2,2,0.0,0.0,0.0,0.0,0.0,2.0,11,4,5
73930,15,2,3,0,8,3,0,1,1,1,1,18,2,2,0.0,0.0,0.0,0.0,0.0,2.0,16,3,6
67314,16,2,1,17,6,3,6,1,0,1,2,18,3,2,0.0,0.0,0.0,0.0,0.0,3.0,22,7,5
84271,15,2,4,0,8,3,0,1,0,1,2,18,2,2,0.0,0.0,0.0,0.0,0.0,2.0,21,1,6
36737,15,2,3,15,8,3,0,1,1,1,1,36,2,2,0.0,0.0,0.0,0.0,0.0,2.0,14,2,3
107676,15,2,2,17,15,3,0,1,1,1,2,24,2,2,0.0,0.0,0.0,0.0,0.0,2.0,18,4,8
36587,15,2,1,0,6,3,0,1,1,1,2,18,2,2,0.0,0.0,0.0,0.0,0.0,4.0,2,7,3
64477,4,2,1,7,11,3,0,1,0,0,2,36,2,4,1.0,0.0,0.0,0.0,1.0,0.0,1,6,5
53513,15,2,3,0,2,3,0,1,0,1,2,18,2,2,0.0,0.0,0.0,0.0,0.0,2.0,15,5,4
145488,17,11,5,17,19,3,5,5,0,1,1,36,3,2,0.0,0.0,0.0,0.0,0.0,2.0,17,5,10
100132,16,2,3,17,2,3,0,5,1,1,2,38,2,2,0.0,0.0,0.0,0.0,0.0,3.0,10,2,7