crash_date,               traffic_control_device,weather_condition,lighting_condition,first_crash_type,trafficway_type,alignment,roadway_surface_cond,road_defect,crash_type,intersection_related_i,damage,prim_contributory_cause,num_units,most_severe_injury,injuries_total,injuries_fatal,injuries_incapacitating,injuries_non_incapacitating,injuries_reported_not_evident,injuries_no_indication,crash_hour,crash_day_of_week,crash_month
37143,16,2,3,10,8,3,0,1,1,1,1,36,2,2,0.0,0.0,0.0,0.0,0.0,2.0,18,1,3
11924,4,7,1,17,8,3,6,1,1,1,2,36,2,2,0.0,0.0,0.0,0.0,0.0,2.0,17,4,1
96823,15,2,1,0,6,3,0,1,1,1,2,5,2,2,0.0,0.0,0.0,0.0,0.0,2.0,1,1,7
46111,16,2,1,10,8,3,0,1,1,1,0,36,2,2,0.0,0.0,0.0,0.0,0.0,2.0,16,7,4
145497,16,11,0,10,8,3,5,1,1,1,2,36,3,2,0.0,0.0,0.0,0.0,0.0,3.0,18,5,10
82,15,2,3,0,2,3,0,1,1,1,2,5,2,2,0.0,0.0,0.0,0.0,0.0,3.0,8,2,1
131908,16,2,3,0,8,3,0,1,1,1,1,6,2,2,0.0,0.0,0.0,0.0,0.0,2.0,8,5,9
187041,16,2,3,2,10,3,4,1,0,1,2,18,1,2,0.0,0.0,0.0,0.0,0.0,1.0,13,5,12
141215,16,2,1,10,3,3,6,1,0,1,2,6,2,4,1.0,0.0,0.0,0.0,1.0,1.0,4,2,10
126226,16,2,1,2,2,3,0,1,1,1,1,36,1,2,0.0,0.0,0.0,0.0,0.0,1.0,22,4,9
161955,15,2,3,8,10,3,0,1,1,1,2,36,2,2,0.0,0.0,0.0,0.0,0.0,2.0,7,2,11
147592,16,2,1,2,8,3,0,1,0,1,1,12,1,2,0.0,0.0,0.0,0.0,0.0,1.0,1,6,10
6233,17,2,3,17,6,3,0,5,1,1,1,22,2,2,0.0,0.0,0.0,0.0,0.0,2.0,13,5,1
160516,16,2,3,17,2,3,0,1,1,1,2,23,2,2,0.0,0.0,0.0,0.0,0.0,2.0,6,2,11
148969,16,2,3,0,8,3,0,1,1,1,1,18,2,2,0.0,0.0,0.0,0.0,0.0,2.0,16,5,10
69541,16,2,3,8,5,3,0,1,0,1,2,18,2,1,1.0,0.0,1.0,0.0,0.0,2.0,13,7,5
23337,15,3,1,0,2,3,4,1,0,1,2,18,2,2,0.0,0.0,0.0,0.0,0.0,2.0,21,6,2
115447,16,2,3,10,8,3,0,1,1,1,1,36,2,2,0.0,0.0,0.0,0.0,0.0,2.0,8,2,8
153475,15,2,1,0,8,3,0,1,1,1,2,18,2,2,0.0,0.0,0.0,0.0,0.0,3.0,3,1,10
153720,16,2,1,2,6,3,0,1,0,1,2,19,1,2,0.0,0.0,0.0,0.0,0.0,1.0,19,6,10
145103,16,2,3,13,6,3,0,1,1,1,2,6,2,2,0.0,0.0,0.0,0.0,0.0,2.0,9,6,10
150054,16,2,3,17,6,3,0,1,0,1,2,36,2,2,0.0,0.0,0.0,0.0,0.0,2.0,15,6,10
138577,16,2,3,15,8,3,0,1,1,1,2,36,2,2,0.0,0.0,0.0,0.0,0.0,2.0,10,1,10
109095,16,2,1,0,15,3,0,5,1,1,2,6,2,2,0.0,0.0,0.0,0.0,0.0,2.0,20,4,8
50114,16,2,3,2,8,3,0,1,0,1,2,36,1,2,0.0,0.0,0.0,0.0,0.0,1.0,18,2,4
61234,16,2,1,0,6,3,0,1,0,1,2,6,2,3,6.0,0.0,0.0,6.0,0.0,1.0,0,7,5
64307,16,2,3,0,8,3,0,1,1,1,2,6,3,2,0.0,0.0,0.0,0.0,0.0,8.0,13,2,5
48912,8,2,0,0,15,3,0,1,1,1,2,11,2,2,0.0,0.0,0.0,0.0,0.0,5.0,23,7,4
136489,15,2,3,0,10,3,0,1,0,1,2,5,2,1,1.0,0.0,1.0,0.0,0.0,1.0,8,3,9
62070,4,7,3,17,8,3,0,1,1,1,2,22,2,2,0.0,0.0,0.0,0.0,0.0,3.0,19,6,5
64689,4,2,1,0,0,3,0,1,1,1,1,18,2,2,0.0,0.0,0.0,0.0,0.0,2.0,1,7,5
153877,16,2,1,10,8,3,0,1,0,1,2,19,2,4,2.0,0.0,0.0,0.0,2.0,1.0,18,5,10
65534,16,2,2,10,8,3,0,1,1,1,2,17,2,2,0.0,0.0,0.0,0.0,0.0,2.0,5,1,5
60696,16,2,3,10,2,3,0,1,1,0,2,22,2,2,0.0,0.0,0.0,0.0,0.0,2.0,8,6,5
173301,15,2,3,4,8,3,0,1,0,1,1,17,1,1,1.0,0.0,1.0,0.0,0.0,0.0,9,1,12
113054,16,2,3,10,3,3,0,1,0,1,2,13,3,4,1.0,0.0,0.0,0.0,1.0,2.0,5,6,8
169311,16,2,3,2,8,3,0,1,0,1,2,6,1,1,1.0,0.0,1.0,0.0,0.0,0.0,8,2,11
186368,16,7,4,17,6,3,6,1,0,1,2,24,2,2,0.0,0.0,0.0,0.0,0.0,2.0,16,3,12
18095,15,2,1,7,10,3,4,1,1,1,2,36,2,2,0.0,0.0,0.0,0.0,0.0,1.0,21,1,2
44079,16,7,3,17,8,3,6,1,1,1,2,23,2,2,0.0,0.0,0.0,0.0,0.0,2.0,10,5,4
35389,4,2,1,10,2,3,0,1,1,0,2,36,2,2,0.0,0.0,0.0,0.0,0.0,2.0,21,6,3
167697,16,2,4,0,1,3,0,1,0,1,2,6,2,2,0.0,0.0,0.0,0.0,0.0,2.0,0,4,11
150026,16,2,3,10,8,3,0,1,1,1,1,19,2,2,0.0,0.0,0.0,0.0,0.0,4.0,9,5,10
13579,16,10,1,10,8,3,4,1,1,1,1,39,2,2,0.0,0.0,0.0,0.0,0.0,3.0,2,6,1
134017,16,2,1,2,6,3,5,5,0,0,2,36,1,2,0.0,0.0,0.0,0.0,0.0,1.0,4,1,9
161801,16,2,3,10,8,3,0,1,0,1,0,19,3,4,2.0,0.0,0.0,0.0,2.0,1.0,7,2,11
161290,16,7,1,0,6,3,6,5,1,1,1,6,2,2,0.0,0.0,0.0,0.0,0.0,6.0,3,1,11
50765,16,2,3,15,8,3,0,1,1,1,2,38,2,2,0.0,0.0,0.0,0.0,0.0,2.0,7,5,4
138364,15,7,1,17,6,3,6,1,1,1,2,36,2,2,0.0,0.0,0.0,0.0,0.0,4.0,22,4,10
169198,15,2,3,0,8,3,0,1,0,1,2,5,2,2,0.0,0.0,0.0,0.0,0.0,4.0,11,7,11
136384,16,6,5,10,6,3,6,5,0,1,2,19,2,1,2.0,0.0,2.0,0.0,0.0,0.0,6,5,9
53867,4,2,3,17,8,3,0,1,1,1,2,36,2,2,0.0,0.0,0.0,0.0,0.0,2.0,7,4,4
162555,16,2,1,15,2,3,0,1,1,1,2,24,2,2,0.0,0.0,0.0,0.0,0.0,2.0,19,3,11
162440,16,2,3,15,2,3,0,1,1,1,2,18,2,2,0.0,0.0,0.0,0.0,0.0,2.0,15,1,11
187847,15,2,3,17,2,3,6,1,0,1,2,18,2,2,0.0,0.0,0.0,0.0,0.0,2.0,10,4,12
90510,16,2,3,10,2,3,0,1,0,1,2,36,2,4,2.0,0.0,0.0,0.0,2.0,1.0,11,6,7
170687,15,2,3,10,10,3,0,1,1,1,1,18,2,2,0.0,0.0,0.0,0.0,0.0,3.0,7,3,11
2709,15,2,1,0,2,3,0,1,0,1,2,18,3,2,0.0,0.0,0.0,0.0,0.0,3.0,19,5,1
6637,6,3,3,10,3,2,0,1,0,1,2,19,4,2,0.0,0.0,0.0,0.0,0.0,4.0,11,2,1
180609,15,2,3,7,10,3,0,1,0,1,2,36,2,2,0.0,0.0,0.0,0.0,0.0,4.0,11,6,12
115785,16,2,3,17,8,3,6,1,0,1,2,12,2,3,1.0,0.0,0.0,1.0,0.0,5.0,11,6,8
1007,15,2,3,7,2,3,6,1,0,1,2,21,2,2,0.0,0.0,0.0,0.0,0.0,1.0,13,4,1
112931,15,2,3,0,6,3,0,1,1,1,2,5,2,2,0.0,0.0,0.0,0.0,0.0,2.0,11,5,8
140010,16,7,3,10,2,3,6,1,1,1,0,19,2,2,0.0,0.0,0.0,0.0,0.0,2.0,8,6,10
249,16,2,1,17,1,3,0,1,0,1,2,37,2,4,1.0,0.0,0.0,0.0,1.0,2.0,4,6,1
138209,16,2,3,0,8,2,0,1,1,1,2,21,2,2,0.0,0.0,0.0,0.0,0.0,6.0,6,2,10
125637,16,2,3,17,2,3,0,1,1,1,2,24,2,2,0.0,0.0,0.0,0.0,0.0,4.0,7,3,9
18750,16,2,1,15,8,3,4,3,1,1,2,22,2,2,0.0,0.0,0.0,0.0,0.0,3.0,16,3,2
71364,4,2,3,17,2,3,0,1,1,1,2,36,2,2,0.0,0.0,0.0,0.0,0.0,2.0,7,6,5
143499,16,2,1,10,8,3,0,1,1,1,1,30,2,2,0.0,0.0,0.0,0.0,0.0,2.0,20,5,10
467,4,2,1,15,10,3,0,1,1,1,2,18,2,2,0.0,0.0,0.0,0.0,0.0,2.0,3,4,1
179154,15,2,3,13,2,3,0,1,0,1,2,5,2,2,0.0,0.0,0.0,0.0,0.0,2.0,15,1,12
95802,16,11,3,15,6,3,5,1,1,1,1,22,2,2,0.0,0.0,0.0,0.0,0.0,2.0,19,6,7
172849,16,2,3,9,2,3,0,1,0,1,0,36,2,3,1.0,0.0,0.0,1.0,0.0,1.0,6,1,12
167192,16,11,5,17,8,3,5,5,1,1,1,36,2,2,0.0,0.0,0.0,0.0,0.0,3.0,17,5,11
41546,16,2,1,2,8,3,0,1,0,1,2,36,1,1,3.0,0.0,1.0,2.0,0.0,0.0,5,2,3
147655,16,2,3,0,2,3,0,1,0,1,2,5,2,3,2.0,0.0,0.0,2.0,0.0,2.0,10,6,10
156870,16,2,1,0,6,3,0,1,1,1,1,6,2,2,0.0,0.0,0.0,0.0,0.0,2.0,23,7,11
134113,17,7,0,10,6,3,6,5,0,1,2,36,2,3,1.0,0.0,0.0,1.0,0.0,2.0,20,3,9
184850,16,2,3,10,8,3,0,5,1,1,2,36,2,2,0.0,0.0,0.0,0.0,0.0,2.0,15,2,12
48161,15,2,3,0,8,3,0,1,1,1,2,18,2,2,0.0,0.0,0.0,0.0,0.0,2.0,12,7,4
138195,16,2,3,9,2,3,0,1,0,1,2,35,2,3,1.0,0.0,0.0,1.0,0.0,1.0,15,2,10
122596,16,7,3,10,11,3,6,1,1,1,2,12,3,2,0.0,0.0,0.0,0.0,0.0,4.0,10,1,9
162802,16,9,1,10,2,3,6,1,1,1,1,19,2,2,0.0,0.0,0.0,0.0,0.0,2.0,23,7,11
127168,4,2,3,17,8,5,0,5,1,1,1,24,2,2,0.0,0.0,0.0,0.0,0.0,2.0,15,3,9
154538,16,2,2,17,3,3,0,1,0,1,2,24,2,2,0.0,0.0,0.0,0.0,0.0,2.0,6,3,10
23644,4,2,3,14,8,3,6,1,1,0,0,17,2,2,0.0,0.0,0.0,0.0,0.0,2.0,12,3,2
99753,16,2,3,0,10,3,0,1,1,1,1,36,2,2,0.0,0.0,0.0,0.0,0.0,3.0,9,2,7
127721,16,2,3,15,15,3,0,1,0,1,2,36,2,2,0.0,0.0,0.0,0.0,0.0,4.0,8,6,9
89574,16,2,3,17,6,3,0,5,0,1,2,23,4,2,0.0,0.0,0.0,0.0,0.0,4.0,19,7,7
29903,16,2,3,17,6,3,0,1,1,1,0,23,2,2,0.0,0.0,0.0,0.0,0.0,2.0,8,6,3
152913,15,7,0,0,3,3,6,5,1,1,2,36,2,2,0.0,0.0,0.0,0.0,0.0,2.0,20,7,10
88621,16,2,3,0,8,3,0,1,0,1,2,6,2,3,2.0,0.0,0.0,2.0,0.0,0.0,6,7,7
62624,15,2,3,0,2,3,0,1,0,1,2,5,2,4,1.0,0.0,0.0,0.0,1.0,2.0,17,1,5
115313,15,2,3,0,6,3,0,1,1,1,2,18,2,2,0.0,0.0,0.0,0.0,0.0,4.0,18,7,8
38609,16,2,3,0,8,3,0,1,0,1,0,12,3,2,0.0,0.0,0.0,0.0,0.0,3.0,12,7,3
184513,16,10,1,0,6,3,4,1,0,1,2,39,3,3,1.0,0.0,0.0,1.0,0.0,2.0,16,5,12
52408,4,3,3,17,8,3,0,1,1,0,2,36,2,2,0.0,0.0,0.0,0.0,0.0,3.0,13,1,4
21231,16,2,3,9,2,3,0,1,0,1,2,18,2,3,1.0,0.0,0.0,1.0,0.0,1.0,8,5,2
3859,16,2,0,10,6,3,0,1,0,1,2,36,3,3,3.0,0.0,0.0,2.0,1.0,0.0,0,4,1
61399,15,2,3,0,8,3,0,1,1,1,2,12,2,2,0.0,0.0,0.0,0.0,0.0,2.0,13,5,5
182562,15,2,3,0,2,3,0,1,0,1,2,38,2,2,0.0,0.0,0.0,0.0,0.0,2.0,13,4,12
128254,4,2,3,9,8,3,0,1,0,1,2,18,2,3,1.0,0.0,0.0,1.0,0.0,1.0,15,7,9
8224,4,10,3,17,8,3,4,1,0,1,2,17,3,2,0.0,0.0,0.0,0.0,0.0,2.0,7,5,1
576,15,2,0,17,8,3,4,1,0,1,1,36,2,2,0.0,0.0,0.0,0.0,0.0,3.0,18,3,1
38688,16,2,3,0,8,3,0,1,0,1,2,36,2,2,0.0,0.0,0.0,0.0,0.0,2.0,11,3,3
146162,16,2,3,17,8,3,0,1,0,1,2,36,3,2,0.0,0.0,0.0,0.0,0.0,5.0,11,7,10
69501,15,7,3,17,8,3,6,1,1,1,2,36,2,2,0.0,0.0,0.0,0.0,0.0,7.0,7,6,5
7812,15,2,3,14,2,3,5,1,1,1,2,36,2,2,0.0,0.0,0.0,0.0,0.0,2.0,15,7,1
155129,16,2,5,10,8,3,5,5,1,1,2,36,2,2,0.0,0.0,0.0,0.0,0.0,2.0,14,3,10
79198,4,2,3,17,15,3,0,5,1,1,2,22,2,2,0.0,0.0,0.0,0.0,0.0,2.0,7,4,6
68183,4,2,3,10,8,3,0,1,0,1,1,30,2,3,1.0,0.0,0.0,1.0,0.0,1.0,15,6,5
54886,16,7,3,17,6,3,6,1,1,1,2,38,2,2,0.0,0.0,0.0,0.0,0.0,3.0,11,5,4
91653,16,2,1,17,2,3,6,1,1,1,2,6,2,2,0.0,0.0,0.0,0.0,0.0,2.0,0,4,7
184209,16,2,3,17,8,3,0,1,1,1,1,18,2,2,0.0,0.0,0.0,0.0,0.0,2.0,14,6,12
68336,16,2,1,10,2,4,0,1,1,1,0,17,2,2,0.0,0.0,0.0,0.0,0.0,2.0,23,2,5
99601,16,2,3,0,6,3,0,5,0,1,2,6,2,3,3.0,0.0,0.0,2.0,1.0,0.0,14,1,7
148198,15,2,3,17,8,3,5,5,1,1,1,18,2,2,0.0,0.0,0.0,0.0,0.0,7.0,16,7,10
166035,16,2,3,10,2,3,0,1,1,1,2,19,3,2,0.0,0.0,0.0,0.0,0.0,3.0,6,2,11
187889,16,2,1,9,8,3,6,1,0,0,0,6,2,3,1.0,0.0,0.0,1.0,0.0,1.0,6,5,12
39091,15,2,3,17,8,3,0,1,0,1,2,12,2,2,0.0,0.0,0.0,0.0,0.0,4.0,18,4,3
173884,16,3,3,15,2,3,0,1,1,1,2,23,2,2,0.0,0.0,0.0,0.0,0.0,2.0,10,3,12
170921,15,2,1,17,6,3,0,1,1,1,1,5,2,2,0.0,0.0,0.0,0.0,0.0,3.0,20,1,11
7761,16,2,3,10,2,3,0,1,1,1,0,19,2,2,0.0,0.0,0.0,0.0,0.0,2.0,6,5,1
110935,15,2,3,0,2,3,0,1,1,1,2,18,2,2,0.0,0.0,0.0,0.0,0.0,2.0,14,3,8
62578,4,2,3,17,8,3,0,1,1,1,2,36,2,2,0.0,0.0,0.0,0.0,0.0,2.0,9,2,5
3181,15,2,3,7,10,3,4,1,0,1,2,26,2,2,0.0,0.0,0.0,0.0,0.0,1.0,11,5,1
54656,15,2,3,17,2,3,0,1,1,1,2,18,2,2,0.0,0.0,0.0,0.0,0.0,2.0,13,1,4
101550,16,2,3,3,6,3,0,1,0,1,2,9,2,1,2.0,0.0,1.0,1.0,0.0,2.0,15,3,7
55666,4,7,3,17,8,3,6,1,1,1,1,24,2,2,0.0,0.0,0.0,0.0,0.0,2.0,7,3,4
161680,16,2,5,0,6,3,0,5,1,1,0,6,2,2,0.0,0.0,0.0,0.0,0.0,2.0,16,6,11
95847,4,2,3,15,8,3,0,1,0,0,2,22,2,2,0.0,0.0,0.0,0.0,0.0,5.0,16,7,7
31107,16,2,1,10,8,3,0,1,0,1,0,30,2,3,2.0,0.0,0.0,2.0,0.0,1.0,18,5,3
169423,16,2,1,2,6,3,6,1,0,1,2,36,1,2,0.0,0.0,0.0,0.0,0.0,1.0,5,5,11
100771,4,2,3,17,8,3,0,1,0,1,2,24,2,2,0.0,0.0,0.0,0.0,0.0,2.0,8,4,7
49304,15,7,3,0,6,3,6,1,1,1,2,18,2,2,0.0,0.0,0.0,0.0,0.0,2.0,15,1,4
16586,16,2,3,17,2,3,0,1,0,1,2,18,3,3,1.0,0.0,0.0,1.0,0.0,3.0,10,3,2
76722,16,2,3,17,5,3,0,1,0,1,1,24,2,2,0.0,0.0,0.0,0.0,0.0,2.0,8,2,6
30838,15,2,3,0,6,3,0,1,0,1,2,5,2,1,1.0,0.0,1.0,0.0,0.0,1.0,11,1,3
126977,16,2,1,0,8,3,5,5,0,1,2,18,3,2,0.0,0.0,0.0,0.0,0.0,3.0,4,2,9
77546,15,2,3,10,8,3,0,5,0,1,2,28,3,2,0.0,0.0,0.0,0.0,0.0,2.0,15,3,6
128848,16,2,1,0,2,3,0,1,0,1,2,6,2,1,7.0,0.0,2.0,3.0,2.0,0.0,3,1,9
135936,15,2,1,0,8,3,0,1,0,1,2,5,2,1,1.0,0.0,1.0,0.0,0.0,2.0,19,5,9
129534,16,2,3,17,3,3,0,1,0,1,2,24,2,2,0.0,0.0,0.0,0.0,0.0,2.0,14,1,9
87524,16,2,3,17,15,3,0,1,0,1,2,36,2,2,0.0,0.0,0.0,0.0,0.0,3.0,15,4,6
115460,15,2,1,0,8,3,5,5,1,1,2,26,2,2,0.0,0.0,0.0,0.0,0.0,2.0,23,2,8
48229,16,10,3,0,2,3,4,5,0,1,2,39,2,2,0.0,0.0,0.0,0.0,0.0,2.0,12,1,4
104160,16,2,3,17,2,3,0,1,0,1,2,22,2,2,0.0,0.0,0.0,0.0,0.0,2.0,16,7,8
185963,17,2,1,2,2,3,0,5,0,0,2,36,1,2,0.0,0.0,0.0,0.0,0.0,1.0,3,2,12
145971,4,2,3,10,8,3,0,1,1,1,1,17,2,2,0.0,0.0,0.0,0.0,0.0,3.0,11,3,10
153325,16,2,1,10,2,3,0,1,1,1,2,36,2,2,0.0,0.0,0.0,0.0,0.0,3.0,20,1,10
80093,16,2,1,17,18,3,0,5,1,1,2,36,2,2,0.0,0.0,0.0,0.0,0.0,2.0,21,3,6
45405,16,2,1,0,8,3,0,1,1,1,2,36,2,2,0.0,0.0,0.0,0.0,0.0,4.0,2,1,4
47444,17,2,3,15,17,3,0,5,1,1,2,36,2,2,0.0,0.0,0.0,0.0,0.0,2.0,15,4,4
129889,15,2,0,17,19,3,0,1,0,1,2,18,2,3,1.0,0.0,0.0,1.0,0.0,3.0,3,7,9
159651,16,2,4,17,6,3,0,5,0,1,2,3,2,3,1.0,0.0,0.0,1.0,0.0,1.0,17,5,11
74869,16,2,4,10,6,3,0,1,1,1,2,19,2,2,0.0,0.0,0.0,0.0,0.0,2.0,20,3,6
11285,16,1,3,17,2,3,6,1,1,1,1,12,2,2,0.0,0.0,0.0,0.0,0.0,3.0,14,1,1
58429,16,2,4,17,6,3,0,5,1,1,2,30,3,2,0.0,0.0,0.0,0.0,0.0,3.0,20,1,5
182595,16,2,3,10,2,3,0,1,0,1,2,19,2,4,1.0,0.0,0.0,0.0,1.0,1.0,7,4,12
860,15,2,1,0,10,3,0,5,1,1,2,26,2,2,0.0,0.0,0.0,0.0,0.0,5.0,17,2,1
188322,6,2,3,0,11,3,0,1,0,1,2,18,3,4,1.0,0.0,0.0,0.0,1.0,2.0,14,5,12
72169,4,2,3,2,11,3,0,1,1,1,2,12,1,2,0.0,0.0,0.0,0.0,0.0,1.0,18,5,6
77492,16,7,3,10,2,3,6,1,0,1,2,19,2,2,0.0,0.0,0.0,0.0,0.0,3.0,19,1,6
38090,4,2,1,17,8,3,0,1,1,1,2,18,2,2,0.0,0.0,0.0,0.0,0.0,2.0,23,5,3
84175,16,2,3,0,6,3,0,1,0,1,2,36,3,3,1.0,0.0,0.0,1.0,0.0,2.0,11,1,6
53994,16,2,3,15,8,3,0,1,0,1,1,12,2,4,1.0,0.0,0.0,0.0,1.0,3.0,18,5,4
90336,15,2,3,10,6,3,0,1,1,1,2,19,2,2,0.0,0.0,0.0,0.0,0.0,2.0,18,6,7
92199,16,2,1,10,2,3,0,5,1,1,0,36,2,2,0.0,0.0,0.0,0.0,0.0,3.0,22,6,7
9675,4,10,1,17,8,3,4,1,0,1,2,18,2,4,1.0,0.0,0.0,0.0,1.0,1.0,3,1,1
161357,16,2,3,15,8,3,0,5,1,1,2,36,2,2,0.0,0.0,0.0,0.0,0.0,2.0,14,6,11
11419,4,5,3,7,15,3,4,1,1,1,2,23,2,2,0.0,0.0,0.0,0.0,0.0,1.0,9,3,1
14232,15,2,1,0,8,3,0,1,1,1,1,18,2,2,0.0,0.0,0.0,0.0,0.0,2.0,18,3,1
115385,15,2,1,8,6,3,0,1,0,1,2,36,2,1,1.0,0.0,1.0,0.0,0.0,1.0,20,1,8
137158,4,2,3,17,2,3,0,1,1,1,1,24,2,2,0.0,0.0,0.0,0.0,0.0,2.0,8,1,9
22441,16,7,3,15,6,3,6,1,1,1,2,22,2,2,0.0,0.0,0.0,0.0,0.0,2.0,9,5,2
146355,16,2,1,17,2,3,0,1,1,1,0,23,2,2,0.0,0.0,0.0,0.0,0.0,2.0,5,6,10
163211,15,6,3,0,10,3,6,1,0,0,2,5,4,3,1.0,0.0,0.0,1.0,0.0,1.0,10,5,11
32682,15,2,3,8,8,3,0,1,0,1,0,17,2,3,1.0,0.0,0.0,1.0,0.0,1.0,15,4,3
157342,4,2,3,0,9,3,0,1,0,1,2,18,2,2,0.0,0.0,0.0,0.0,0.0,2.0,15,1,11
80393,16,2,3,0,15,3,0,5,1,1,2,6,2,2,0.0,0.0,0.0,0.0,0.0,2.0,12,1,6
43129,15,7,3,10,10,3,6,1,1,1,2,19,2,2,0.0,0.0,0.0,0.0,0.0,3.0,9,3,4
103738,16,2,1,0,8,3,0,5,0,1,2,17,2,3,1.0,0.0,0.0,1.0,0.0,3.0,23,7,7
90396,16,2,3,17,8,3,0,1,1,1,2,21,2,2,0.0,0.0,0.0,0.0,0.0,4.0,13,5,7
61388,16,2,1,0,6,3,0,5,0,1,2,6,2,3,1.0,0.0,0.0,1.0,0.0,1.0,23,4,5
75666,15,2,3,0,6,3,0,1,1,1,2,6,2,2,0.0,0.0,0.0,0.0,0.0,2.0,9,7,6
34789,16,2,1,17,10,3,0,1,1,1,2,23,2,2,0.0,0.0,0.0,0.0,0.0,2.0,0,5,3
97494,16,2,1,9,2,3,0,1,0,0,0,36,2,3,1.0,0.0,0.0,1.0,0.0,1.0,23,3,7
85973,15,2,3,0,6,3,0,5,1,1,2,18,2,2,0.0,0.0,0.0,0.0,0.0,2.0,15,1,6
30960,15,2,3,10,1,3,0,1,1,1,0,19,2,2,0.0,0.0,0.0,0.0,0.0,3.0,11,4,3
77660,16,2,3,10,8,3,0,1,1,1,2,19,2,2,0.0,0.0,0.0,0.0,0.0,2.0,15,3,6
45036,16,2,0,0,8,3,0,1,1,1,2,18,2,2,0.0,0.0,0.0,0.0,0.0,2.0,3,1,4
126880,16,2,1,8,6,3,0,1,1,1,0,1,2,2,0.0,0.0,0.0,0.0,0.0,2.0,1,1,9
138177,17,11,5,7,8,3,5,5,1,0,1,26,2,2,0.0,0.0,0.0,0.0,0.0,1.0,18,1,10
183695,16,2,3,10,8,3,0,1,1,1,2,19,2,2,0.0,0.0,0.0,0.0,0.0,2.0,15,6,12
86479,4,7,2,7,11,3,6,1,1,1,2,12,2,2,0.0,0.0,0.0,0.0,0.0,1.0,14,2,6
139406,4,2,3,15,8,3,0,1,1,0,2,36,2,2,0.0,0.0,0.0,0.0,0.0,2.0,12,4,10
185933,16,2,1,10,2,3,6,1,1,1,2,19,2,2,0.0,0.0,0.0,0.0,0.0,2.0,21,1,12
150154,16,2,1,17,6,3,0,5,0,1,2,18,2,2,0.0,0.0,0.0,0.0,0.0,2.0,19,7,10
4820,16,10,1,17,17,3,4,5,0,1,2,36,3,2,0.0,0.0,0.0,0.0,0.0,4.0,0,4,1
83554,16,2,3,10,2,3,0,1,0,1,2,19,2,3,1.0,0.0,0.0,1.0,0.0,2.0,19,5,6
12240,16,2,3,10,3,3,1,1,0,0,2,36,2,2,0.0,0.0,0.0,0.0,0.0,3.0,12,3,1
120656,16,7,1,17,10,3,6,1,1,1,2,24,2,2,0.0,0.0,0.0,0.0,0.0,4.0,1,1,9
11499,15,2,1,10,8,3,0,1,1,1,2,8,2,2,0.0,0.0,0.0,0.0,0.0,2.0,23,4,1
41215,16,2,3,10,8,3,0,1,1,0,2,19,2,2,0.0,0.0,0.0,0.0,0.0,3.0,16,3,3
75441,15,2,3,0,6,3,5,5,0,1,2,18,2,4,1.0,0.0,0.0,0.0,1.0,3.0,16,6,6
130716,15,7,3,17,2,3,6,5,0,1,2,18,2,4,1.0,0.0,0.0,0.0,1.0,2.0,9,3,9
34625,16,2,3,0,6,3,0,1,0,1,2,6,2,4,1.0,0.0,0.0,0.0,1.0,1.0,7,2,3
28103,16,2,3,15,10,3,0,5,1,1,2,22,2,2,0.0,0.0,0.0,0.0,0.0,2.0,14,7,2
114483,4,2,3,0,6,3,0,5,0,1,2,18,2,1,1.0,0.0,1.0,0.0,0.0,2.0,12,1,8
25474,16,2,4,3,8,3,0,1,0,1,2,17,2,2,0.0,0.0,0.0,0.0,0.0,2.0,17,3,2
164270,16,2,1,10,8,3,0,1,0,1,1,17,2,1,1.0,0.0,1.0,0.0,0.0,2.0,22,5,11
11044,15,2,1,9,10,3,4,1,0,1,0,18,2,3,1.0,0.0,0.0,1.0,0.0,1.0,16,3,1
33442,16,2,3,17,8,3,0,1,0,1,2,18,2,2,0.0,0.0,0.0,0.0,0.0,3.0,15,3,3
59399,15,2,3,17,8,3,0,1,0,0,2,36,2,2,0.0,0.0,0.0,0.0,0.0,3.0,10,1,5
82765,15,2,3,0,6,3,0,1,1,1,1,17,2,2,0.0,0.0,0.0,0.0,0.0,4.0,15,6,6
51734,16,2,3,8,8,3,0,1,1,1,0,36,2,2,0.0,0.0,0.0,0.0,0.0,2.0,14,2,4
126072,16,2,3,15,1,3,0,1,1,0,2,36,2,2,0.0,0.0,0.0,0.0,0.0,2.0,18,2,9
78456,4,2,3,17,15,3,0,1,1,1,2,36,2,2,0.0,0.0,0.0,0.0,0.0,3.0,14,1,6
14654,16,2,1,10,8,3,0,1,0,1,2,19,2,3,2.0,0.0,0.0,2.0,0.0,0.0,18,4,1
184098,16,2,1,17,6,3,0,5,0,1,2,36,2,4,1.0,0.0,0.0,0.0,1.0,1.0,18,7,12
62759,16,2,3,10,8,3,6,1,0,1,2,19,2,4,1.0,0.0,0.0,0.0,1.0,3.0,9,3,5
156497,15,2,3,17,6,3,0,1,1,1,1,18,2,2,0.0,0.0,0.0,0.0,0.0,3.0,15,7,11
143544,16,7,1,17,11,3,6,1,1,1,2,36,2,2,0.0,0.0,0.0,0.0,0.0,2.0,15,6,10
181284,15,7,3,0,2,3,6,1,0,1,2,38,2,2,0.0,0.0,0.0,0.0,0.0,2.0,12,2,12
104308,16,2,0,2,6,3,0,1,0,1,2,14,1,3,2.0,0.0,0.0,2.0,0.0,0.0,23,1,8
185097,16,4,1,17,8,3,0,1,0,1,2,36,2,2,0.0,0.0,0.0,0.0,0.0,2.0,17,7,12