crash_date,               traffic_control_device,weather_condition,lighting_condition,first_crash_type,trafficway_type,alignment,roadway_surface_cond,road_defect,crash_type,intersection_related_i,damage,prim_contributory_cause,num_units,most_severe_injury,injuries_total,injuries_fatal,injuries_incapacitating,injuries_non_incapacitating,injuries_reported_not_evident,injuries_no_indication,crash_hour,crash_day_of_week,crash_month
181083,4,2,1,17,6,3,0,1,0,1,2,28,2,2,0.0,0.0,0.0,0.0,0.0,2.0,4,6,12
94399,16,2,3,17,8,3,0,1,1,0,2,24,2,2,0.0,0.0,0.0,0.0,0.0,2.0,16,5,7
68454,15,2,3,17,8,3,0,1,1,1,1,24,2,2,0.0,0.0,0.0,0.0,0.0,2.0,9,4,5
35455,16,2,1,9,3,3,0,1,0,1,0,36,2,4,2.0,0.0,0.0,0.0,2.0,5.0,23,7,3
41594,16,2,1,10,8,3,0,1,1,1,2,19,2,2,0.0,0.0,0.0,0.0,0.0,2.0,19,3,3
144643,4,2,3,0,8,3,0,1,0,1,2,18,2,2,0.0,0.0,0.0,0.0,0.0,2.0,14,6,10
106621,16,2,3,8,6,3,0,1,0,1,1,22,2,3,1.0,0.0,0.0,1.0,0.0,1.0,15,2,8
10631,16,9,4,17,8,3,6,5,0,1,2,6,2,3,1.0,0.0,0.0,1.0,0.0,1.0,17,3,1
133787,16,2,3,8,8,3,0,1,0,1,1,36,2,3,1.0,0.0,0.0,1.0,0.0,1.0,14,5,9
136256,4,2,3,17,8,3,0,1,0,1,2,18,2,4,1.0,0.0,0.0,0.0,1.0,2.0,8,3,9
74948,2,2,3,0,6,3,0,1,1,1,2,6,2,2,0.0,0.0,0.0,0.0,0.0,3.0,10,5,6
100253,16,2,1,10,2,5,0,1,0,1,2,9,2,2,0.0,0.0,0.0,0.0,0.0,2.0,22,3,7
11226,16,2,1,0,2,3,0,5,0,1,2,6,2,4,1.0,0.0,0.0,0.0,1.0,1.0,1,7,1
74273,4,2,3,17,2,3,0,1,1,1,0,22,2,2,0.0,0.0,0.0,0.0,0.0,3.0,13,2,6
26504,15,2,1,0,6,3,4,1,0,1,2,5,2,4,2.0,0.0,0.0,0.0,2.0,3.0,21,6,2
118721,16,2,1,0,6,3,0,1,0,1,2,6,2,3,1.0,0.0,0.0,1.0,0.0,1.0,22,2,8
48025,15,2,3,0,6,3,5,5,0,1,2,18,2,4,1.0,0.0,0.0,0.0,1.0,3.0,12,7,4
159691,16,2,3,15,3,3,0,1,1,1,2,23,2,2,0.0,0.0,0.0,0.0,0.0,2.0,12,5,11
100875,15,2,3,17,2,3,0,1,0,1,2,18,2,2,0.0,0.0,0.0,0.0,0.0,3.0,15,6,7
33664,16,11,1,10,8,3,5,5,1,1,1,19,2,2,0.0,0.0,0.0,0.0,0.0,4.0,21,7,3
110940,15,2,3,0,8,3,0,1,0,1,2,18,2,1,1.0,0.0,1.0,0.0,0.0,1.0,15,3,8
165475,16,2,3,10,2,3,0,1,1,1,2,17,2,2,0.0,0.0,0.0,0.0,0.0,2.0,9,1,11
105388,16,2,3,17,8,3,0,1,0,1,2,24,2,2,0.0,0.0,0.0,0.0,0.0,2.0,11,3,8
75245,2,2,3,0,6,3,0,1,0,1,2,36,2,3,1.0,0.0,0.0,1.0,0.0,4.0,4,2,6
76718,15,2,3,2,15,3,0,1,0,1,2,5,1,2,0.0,0.0,0.0,0.0,0.0,3.0,19,2,6
63356,4,11,5,7,8,3,5,1,1,0,2,36,2,2,0.0,0.0,0.0,0.0,0.0,1.0,13,7,5
47013,16,2,1,17,10,3,0,1,1,1,2,24,2,2,0.0,0.0,0.0,0.0,0.0,3.0,21,3,4
184166,16,2,3,9,2,3,0,1,0,1,0,36,2,3,1.0,0.0,0.0,1.0,0.0,1.0,14,5,12
66144,4,7,3,14,8,3,6,1,1,1,0,22,2,2,0.0,0.0,0.0,0.0,0.0,2.0,9,2,5
161086,16,2,3,0,6,3,0,1,0,1,1,6,2,2,0.0,0.0,0.0,0.0,0.0,3.0,11,3,11
119430,15,2,3,0,2,3,0,1,0,1,1,18,2,3,2.0,0.0,0.0,2.0,0.0,2.0,15,4,8
12316,16,2,3,10,2,3,0,5,1,1,1,19,2,2,0.0,0.0,0.0,0.0,0.0,4.0,16,5,1
170487,16,2,1,0,2,3,6,5,0,1,2,6,2,2,0.0,0.0,0.0,0.0,0.0,3.0,1,2,11
166533,16,2,1,0,8,5,0,1,1,1,2,36,2,2,0.0,0.0,0.0,0.0,0.0,2.0,23,2,11
6441,15,2,3,0,8,3,6,1,1,1,2,18,2,2,0.0,0.0,0.0,0.0,0.0,3.0,15,2,1
58956,16,2,3,15,8,3,0,1,1,1,1,19,2,2,0.0,0.0,0.0,0.0,0.0,2.0,18,2,5
142311,16,2,3,0,8,3,6,1,0,1,2,36,2,4,3.0,0.0,0.0,0.0,3.0,0.0,16,3,10
187335,4,10,3,17,8,3,4,5,0,1,2,18,2,2,0.0,0.0,0.0,0.0,0.0,2.0,12,3,12
67497,15,2,3,17,8,3,0,1,1,1,1,26,2,2,0.0,0.0,0.0,0.0,0.0,3.0,8,3,5
103615,4,2,3,10,18,3,0,1,1,1,0,19,2,2,0.0,0.0,0.0,0.0,0.0,5.0,16,6,7
112571,16,7,3,10,2,3,6,5,1,1,2,19,2,2,0.0,0.0,0.0,0.0,0.0,3.0,7,6,8
147819,15,2,3,0,8,3,0,1,1,1,2,17,2,2,0.0,0.0,0.0,0.0,0.0,5.0,7,3,10
12564,15,2,3,0,15,3,0,1,0,1,2,18,2,3,2.0,0.0,0.0,2.0,0.0,1.0,15,1,1
11765,16,10,3,15,3,3,4,1,1,1,2,36,2,2,0.0,0.0,0.0,0.0,0.0,2.0,10,2,1
78865,16,2,3,15,10,3,0,1,1,0,2,22,2,2,0.0,0.0,0.0,0.0,0.0,3.0,14,6,6
93900,16,2,3,17,6,3,0,1,1,1,1,36,2,2,0.0,0.0,0.0,0.0,0.0,2.0,15,6,7
178857,15,7,4,0,8,3,6,1,0,1,2,36,2,2,0.0,0.0,0.0,0.0,0.0,3.0,15,1,12
138131,15,2,3,17,8,3,0,1,0,1,2,38,2,3,1.0,0.0,0.0,1.0,0.0,1.0,9,3,10
167147,4,2,1,10,8,3,0,1,1,1,2,19,3,2,0.0,0.0,0.0,0.0,0.0,4.0,19,4,11
84666,16,7,1,17,6,2,6,1,1,1,2,24,2,2,0.0,0.0,0.0,0.0,0.0,2.0,22,2,6
84598,4,2,3,17,15,3,0,5,1,1,2,24,2,2,0.0,0.0,0.0,0.0,0.0,2.0,8,7,6
55647,16,2,3,10,8,3,0,1,1,1,1,36,2,2,0.0,0.0,0.0,0.0,0.0,2.0,16,3,4
58997,4,2,3,17,2,3,0,1,0,1,2,36,3,3,2.0,0.0,0.0,2.0,0.0,0.0,13,1,5
84679,15,2,3,10,8,3,0,1,0,1,2,19,2,4,1.0,0.0,0.0,0.0,1.0,1.0,14,7,6
48102,4,7,1,10,8,3,6,1,1,1,2,26,2,2,0.0,0.0,0.0,0.0,0.0,2.0,2,7,4
61334,15,2,1,0,6,3,0,1,0,1,2,5,2,2,0.0,0.0,0.0,0.0,0.0,2.0,1,4,5
183649,16,2,1,10,1,3,0,1,1,1,2,22,2,2,0.0,0.0,0.0,0.0,0.0,2.0,18,5,12
20743,16,10,3,10,8,3,6,1,1,1,0,19,2,2,0.0,0.0,0.0,0.0,0.0,2.0,14,5,2
160487,16,2,1,17,6,3,0,1,1,1,0,18,2,2,0.0,0.0,0.0,0.0,0.0,2.0,1,2,11
176418,16,2,1,13,2,3,0,1,0,1,2,6,2,2,0.0,0.0,0.0,0.0,0.0,3.0,1,1,12
14731,16,2,3,10,8,3,1,1,1,1,2,36,3,2,0.0,0.0,0.0,0.0,0.0,4.0,7,5,1
109312,16,2,3,17,1,3,0,1,0,1,2,12,2,2,0.0,0.0,0.0,0.0,0.0,2.0,13,7,8
181765,16,2,3,10,8,3,0,1,1,1,0,36,2,2,0.0,0.0,0.0,0.0,0.0,2.0,11,1,12
61974,16,7,3,17,8,3,6,1,1,1,2,36,2,2,0.0,0.0,0.0,0.0,0.0,3.0,9,6,5
69783,16,2,3,17,8,3,0,1,0,1,2,36,2,3,1.0,0.0,0.0,1.0,0.0,1.0,6,3,5
127317,16,2,3,17,3,3,0,1,0,1,2,18,2,1,2.0,0.0,1.0,0.0,1.0,0.0,9,5,9
34556,15,2,1,0,6,3,0,1,0,1,2,12,2,2,0.0,0.0,0.0,0.0,0.0,2.0,23,7,3
142917,15,11,3,17,10,3,5,5,1,1,2,18,2,2,0.0,0.0,0.0,0.0,0.0,2.0,10,4,10
46640,10,2,3,9,6,3,0,5,0,1,0,18,2,4,1.0,0.0,0.0,0.0,1.0,1.0,15,4,4
2836,16,10,1,0,6,3,4,1,0,1,2,6,2,3,1.0,0.0,0.0,1.0,0.0,1.0,20,7,1
32815,15,7,3,0,6,3,6,1,0,1,2,36,3,4,3.0,0.0,0.0,0.0,3.0,0.0,8,6,3
175805,16,2,3,0,8,3,0,1,1,1,2,36,2,2,0.0,0.0,0.0,0.0,0.0,2.0,11,4,12
145839,16,2,3,10,17,3,5,5,0,1,1,36,2,4,1.0,0.0,0.0,0.0,1.0,1.0,12,1,10
90770,16,2,3,10,8,3,0,1,1,1,0,19,2,2,0.0,0.0,0.0,0.0,0.0,2.0,14,5,7
73286,16,2,3,2,8,3,0,1,1,1,1,24,1,2,0.0,0.0,0.0,0.0,0.0,1.0,13,2,6
21346,16,2,3,0,8,3,0,5,0,1,2,18,2,2,0.0,0.0,0.0,0.0,0.0,3.0,10,6,2
136978,16,3,3,10,3,3,0,1,1,1,2,19,2,2,0.0,0.0,0.0,0.0,0.0,2.0,13,1,9
43467,4,2,3,17,2,3,0,1,1,1,2,18,2,2,0.0,0.0,0.0,0.0,0.0,2.0,8,1,4
149217,4,2,1,10,8,3,0,1,1,1,2,19,2,2,0.0,0.0,0.0,0.0,0.0,2.0,21,7,10
87472,4,2,3,17,11,3,0,1,1,0,2,36,2,2,0.0,0.0,0.0,0.0,0.0,2.0,17,3,6
158159,15,3,3,0,2,3,0,1,1,1,2,18,2,2,0.0,0.0,0.0,0.0,0.0,5.0,7,2,11
130980,16,2,3,17,8,3,0,1,0,1,2,6,2,2,0.0,0.0,0.0,0.0,0.0,2.0,8,1,9
123659,16,2,3,10,6,3,0,1,0,1,1,21,2,4,1.0,0.0,0.0,0.0,1.0,1.0,11,3,9
102606,15,2,3,10,11,3,0,1,0,1,2,19,2,4,1.0,0.0,0.0,0.0,1.0,1.0,15,5,7
81540,17,11,3,5,2,3,5,3,1,1,2,26,1,2,0.0,0.0,0.0,0.0,0.0,1.0,14,3,6
92822,16,2,3,17,6,3,5,5,1,1,2,24,2,2,0.0,0.0,0.0,0.0,0.0,2.0,15,2,7
52426,16,2,3,0,6,3,0,1,0,1,2,18,2,3,1.0,0.0,0.0,1.0,0.0,2.0,15,1,4
119032,16,2,1,10,16,3,5,5,0,1,0,19,2,4,1.0,0.0,0.0,0.0,1.0,3.0,23,5,8
127934,16,2,3,15,1,3,0,1,0,0,1,23,2,2,0.0,0.0,0.0,0.0,0.0,2.0,16,7,9
1296,16,2,3,17,6,3,6,1,1,1,1,6,2,2,0.0,0.0,0.0,0.0,0.0,3.0,8,2,1
95301,16,7,3,10,6,3,6,1,1,1,1,19,2,2,0.0,0.0,0.0,0.0,0.0,3.0,13,6,7
60906,16,2,1,10,6,3,0,1,0,1,2,12,2,2,0.0,0.0,0.0,0.0,0.0,3.0,1,4,5
14214,15,2,3,0,8,3,0,1,0,1,2,18,2,2,0.0,0.0,0.0,0.0,0.0,2.0,13,3,1
131616,16,2,3,10,2,3,0,5,1,1,2,36,2,2,0.0,0.0,0.0,0.0,0.0,2.0,16,3,9
133238,16,2,3,0,2,3,0,1,0,1,2,28,2,3,1.0,0.0,0.0,1.0,0.0,2.0,11,2,9
4869,16,2,2,17,6,3,4,1,0,1,2,18,2,4,1.0,0.0,0.0,0.0,1.0,1.0,6,6,1
102443,16,2,3,3,8,3,0,1,0,1,2,28,2,3,1.0,0.0,0.0,1.0,0.0,3.0,19,1,7
141380,16,7,3,15,15,3,6,1,0,1,1,12,2,4,1.0,0.0,0.0,0.0,1.0,3.0,8,5,10
13820,16,2,3,17,2,3,6,1,1,1,1,23,2,2,0.0,0.0,0.0,0.0,0.0,2.0,9,2,1
188727,17,7,5,17,11,3,6,5,1,1,1,36,2,2,0.0,0.0,0.0,0.0,0.0,2.0,12,2,12
146610,16,2,3,15,3,3,0,1,1,1,2,22,3,2,0.0,0.0,0.0,0.0,0.0,2.0,9,6,10
183591,16,7,1,10,11,3,6,1,0,1,2,19,3,1,5.0,0.0,1.0,1.0,3.0,2.0,19,2,12
123360,4,2,3,17,2,3,0,1,0,0,2,18,2,2,0.0,0.0,0.0,0.0,0.0,2.0,11,4,9
18741,16,2,0,10,8,3,0,1,1,1,2,19,2,2,0.0,0.0,0.0,0.0,0.0,2.0,22,5,2
131126,4,2,3,10,8,3,6,1,1,1,2,17,2,2,0.0,0.0,0.0,0.0,0.0,2.0,12,3,9
29326,16,2,0,0,6,3,0,1,0,1,2,36,2,4,1.0,0.0,0.0,0.0,1.0,1.0,19,3,3
106485,15,2,3,17,8,3,5,5,1,1,1,24,2,2,0.0,0.0,0.0,0.0,0.0,2.0,16,6,8
176851,15,2,3,0,6,3,0,1,0,1,2,17,2,2,0.0,0.0,0.0,0.0,0.0,3.0,9,5,12
71923,16,2,3,10,2,3,0,1,1,0,1,2,2,2,0.0,0.0,0.0,0.0,0.0,2.0,15,7,6
161674,4,2,3,17,8,3,0,1,1,0,2,24,2,2,0.0,0.0,0.0,0.0,0.0,3.0,14,6,11
45658,15,7,1,0,8,3,6,1,0,1,2,36,2,2,0.0,0.0,0.0,0.0,0.0,2.0,21,6,4
49363,15,2,3,17,6,3,0,5,0,1,2,18,2,3,1.0,0.0,0.0,1.0,0.0,2.0,15,3,4
115500,4,2,3,17,8,3,0,1,0,1,2,18,2,1,1.0,0.0,1.0,0.0,0.0,1.0,18,3,8
63707,15,7,3,0,8,3,6,5,1,1,1,18,2,2,0.0,0.0,0.0,0.0,0.0,2.0,13,5,5
188549,16,2,3,10,2,4,0,1,0,1,2,17,2,3,1.0,0.0,0.0,1.0,0.0,5.0,11,5,12
72444,15,2,3,0,6,3,0,1,1,1,2,18,2,2,0.0,0.0,0.0,0.0,0.0,2.0,15,1,6
67730,16,2,3,17,6,3,0,1,1,1,2,4,2,2,0.0,0.0,0.0,0.0,0.0,3.0,15,6,5
84338,16,2,3,2,6,3,0,1,0,1,2,38,1,2,0.0,0.0,0.0,0.0,0.0,1.0,19,2,6
107369,16,2,3,17,10,3,0,5,1,1,0,18,2,2,0.0,0.0,0.0,0.0,0.0,3.0,9,4,8
15939,16,2,1,10,2,3,0,1,1,1,2,19,2,2,0.0,0.0,0.0,0.0,0.0,2.0,19,6,2
152791,15,2,3,0,2,3,0,1,1,1,2,36,2,2,0.0,0.0,0.0,0.0,0.0,3.0,15,5,10
110664,16,2,1,10,8,3,0,5,1,1,0,19,2,2,0.0,0.0,0.0,0.0,0.0,2.0,21,6,8
17384,16,2,4,17,2,3,0,1,0,1,2,18,2,2,0.0,0.0,0.0,0.0,0.0,2.0,16,3,2
166614,15,2,1,10,2,2,0,1,1,1,0,19,2,2,0.0,0.0,0.0,0.0,0.0,2.0,16,4,11
79597,16,2,3,10,3,3,0,1,1,1,0,2,2,2,0.0,0.0,0.0,0.0,0.0,3.0,12,2,6
176737,16,2,1,17,1,3,0,1,0,1,2,36,2,2,0.0,0.0,0.0,0.0,0.0,2.0,23,2,12
188583,16,2,3,10,8,3,0,1,1,1,2,19,2,2,0.0,0.0,0.0,0.0,0.0,2.0,14,1,12
177055,16,2,1,17,6,3,0,5,1,1,2,24,2,2,0.0,0.0,0.0,0.0,0.0,2.0,16,2,12
162438,15,2,3,0,8,3,0,1,0,1,1,36,2,4,1.0,0.0,0.0,0.0,1.0,4.0,14,1,11
108722,16,2,3,10,8,3,0,1,0,1,2,21,2,2,0.0,0.0,0.0,0.0,0.0,2.0,15,4,8
5161,16,2,1,0,6,3,0,1,0,1,2,6,2,2,0.0,0.0,0.0,0.0,0.0,2.0,22,2,1
159796,16,2,3,10,8,3,0,1,1,1,1,17,2,2,0.0,0.0,0.0,0.0,0.0,2.0,14,5,11
76343,16,2,3,10,8,3,0,1,0,1,2,36,2,3,1.0,0.0,0.0,1.0,0.0,1.0,16,5,6
104221,4,2,3,17,15,3,0,1,1,1,2,24,3,2,0.0,0.0,0.0,0.0,0.0,3.0,12,7,8
114453,16,2,3,0,8,3,0,1,1,1,2,6,2,2,0.0,0.0,0.0,0.0,0.0,6.0,17,1,8
9563,16,2,3,0,2,3,0,1,1,1,1,36,2,2,0.0,0.0,0.0,0.0,0.0,2.0,15,4,1
75323,4,2,3,17,15,3,0,1,1,1,2,36,2,2,0.0,0.0,0.0,0.0,0.0,2.0,7,3,6
122160,4,2,3,0,8,3,0,1,0,1,2,36,2,4,1.0,0.0,0.0,0.0,1.0,1.0,7,3,9
96662,15,2,3,0,10,3,0,1,0,1,2,18,2,4,1.0,0.0,0.0,0.0,1.0,1.0,19,4,7
146304,16,7,1,9,6,3,6,5,0,1,2,18,2,4,1.0,0.0,0.0,0.0,1.0,1.0,19,3,10
3962,4,2,3,17,8,3,0,1,1,1,1,18,2,2,0.0,0.0,0.0,0.0,0.0,3.0,14,4,1
122928,16,2,3,15,8,4,0,1,1,1,2,17,2,2,0.0,0.0,0.0,0.0,0.0,2.0,18,5,9
166508,16,2,3,17,2,3,0,1,0,1,2,18,2,2,0.0,0.0,0.0,0.0,0.0,2.0,16,2,11
100535,15,2,1,9,2,3,0,1,0,1,0,36,2,3,1.0,0.0,0.0,1.0,0.0,1.0,12,1,7
104655,16,2,3,17,8,3,0,1,0,1,2,24,2,2,0.0,0.0,0.0,0.0,0.0,2.0,13,6,8
184756,16,2,4,15,2,3,0,1,1,1,1,22,2,2,0.0,0.0,0.0,0.0,0.0,4.0,16,7,12
26244,15,2,1,0,8,2,0,1,0,1,2,5,3,1,9.0,0.0,7.0,1.0,1.0,2.0,20,1,2
157602,16,2,3,0,15,3,0,5,1,1,2,36,2,2,0.0,0.0,0.0,0.0,0.0,2.0,16,2,11
37856,15,2,3,0,6,3,0,5,0,1,2,18,2,2,0.0,0.0,0.0,0.0,0.0,2.0,7,2,3
27375,16,2,1,17,6,3,0,5,0,1,2,26,2,3,5.0,0.0,0.0,5.0,0.0,0.0,23,5,2
59827,16,2,1,17,8,3,0,2,0,1,2,18,3,4,1.0,0.0,0.0,0.0,1.0,3.0,20,1,5
84491,16,7,3,17,6,3,6,1,1,1,2,18,2,2,0.0,0.0,0.0,0.0,0.0,2.0,12,5,6
140897,15,2,3,8,6,3,0,1,0,1,0,18,2,3,1.0,0.0,0.0,1.0,0.0,1.0,17,6,10
171986,16,2,2,15,8,3,0,1,1,1,0,19,2,2,0.0,0.0,0.0,0.0,0.0,3.0,20,4,11
153614,4,2,3,15,1,3,0,1,1,1,2,36,2,2,0.0,0.0,0.0,0.0,0.0,2.0,12,4,10
89895,4,3,3,15,8,3,6,1,1,1,1,23,2,2,0.0,0.0,0.0,0.0,0.0,2.0,15,5,7
147444,16,2,4,10,8,3,0,1,1,1,2,19,2,2,0.0,0.0,0.0,0.0,0.0,2.0,17,3,10
9379,16,2,1,10,2,3,0,1,0,1,2,19,2,2,0.0,0.0,0.0,0.0,0.0,3.0,0,3,1
159359,16,2,3,17,6,3,0,1,0,1,2,18,2,2,0.0,0.0,0.0,0.0,0.0,4.0,8,5,11
51482,15,2,3,0,6,3,0,1,0,1,2,12,5,2,0.0,0.0,0.0,0.0,0.0,5.0,19,5,4
19718,15,2,1,17,8,3,0,1,1,1,2,18,2,2,0.0,0.0,0.0,0.0,0.0,3.0,21,1,2
19526,16,2,3,7,18,3,0,1,1,1,1,26,2,2,0.0,0.0,0.0,0.0,0.0,1.0,13,6,2
180742,16,10,1,10,2,3,4,1,1,1,2,39,2,2,0.0,0.0,0.0,0.0,0.0,2.0,21,6,12
182284,15,2,1,0,2,3,0,1,1,1,1,18,2,2,0.0,0.0,0.0,0.0,0.0,7.0,20,1,12
47824,16,2,1,17,5,3,0,1,0,1,2,13,2,2,0.0,0.0,0.0,0.0,0.0,3.0,22,3,4
10116,16,2,3,0,2,3,6,1,0,1,2,6,2,2,0.0,0.0,0.0,0.0,0.0,2.0,13,2,1
77537,16,2,3,10,6,3,0,1,1,1,1,19,2,2,0.0,0.0,0.0,0.0,0.0,2.0,13,3,6
126066,16,2,2,17,1,3,0,1,0,1,2,17,2,4,2.0,0.0,0.0,0.0,2.0,1.0,5,2,9
112326,16,2,3,17,6,3,0,1,0,1,2,22,2,2,0.0,0.0,0.0,0.0,0.0,2.0,14,4,8
39472,15,2,3,17,8,3,0,1,1,1,2,18,2,2,0.0,0.0,0.0,0.0,0.0,2.0,16,4,3
90966,15,2,3,17,8,3,0,1,1,1,1,24,2,2,0.0,0.0,0.0,0.0,0.0,2.0,17,7,7
42747,15,2,3,10,8,3,0,1,1,1,1,19,2,2,0.0,0.0,0.0,0.0,0.0,2.0,7,1,4
46582,16,2,3,17,8,3,0,1,1,1,2,23,2,2,0.0,0.0,0.0,0.0,0.0,2.0,15,2,4
63259,16,2,1,9,6,3,0,1,0,1,0,24,2,4,1.0,0.0,0.0,0.0,1.0,1.0,19,4,5
149494,15,2,1,0,2,3,0,1,1,1,2,36,2,2,0.0,0.0,0.0,0.0,0.0,4.0,22,5,10
77271,16,2,3,17,10,3,0,1,1,1,2,24,2,2,0.0,0.0,0.0,0.0,0.0,3.0,11,3,6
45477,16,2,3,0,2,3,0,1,1,1,2,6,2,2,0.0,0.0,0.0,0.0,0.0,4.0,7,2,4
153176,16,2,3,17,6,3,0,1,1,1,2,38,3,2,0.0,0.0,0.0,0.0,0.0,2.0,7,5,10
64048,16,2,1,10,6,3,0,1,1,1,1,21,2,2,0.0,0.0,0.0,0.0,0.0,2.0,20,5,5
156211,4,2,3,17,2,3,0,1,0,1,2,18,3,2,0.0,0.0,0.0,0.0,0.0,3.0,14,6,11
144393,17,2,3,15,17,3,0,5,1,1,2,36,2,2,0.0,0.0,0.0,0.0,0.0,2.0,16,4,10
53066,16,2,3,0,2,3,0,1,1,1,2,18,2,2,0.0,0.0,0.0,0.0,0.0,2.0,10,4,4
159775,16,2,3,10,8,3,0,1,0,1,1,36,2,3,1.0,0.0,0.0,1.0,0.0,1.0,8,4,11
75079,17,2,3,10,8,3,5,5,1,1,2,26,2,2,0.0,0.0,0.0,0.0,0.0,3.0,11,5,6
60615,15,2,3,0,8,3,0,1,0,1,2,5,3,2,0.0,0.0,0.0,0.0,0.0,4.0,6,5,5
49469,16,2,4,10,2,3,0,1,1,1,2,36,2,2,0.0,0.0,0.0,0.0,0.0,2.0,19,3,4
149354,4,2,1,17,18,3,0,1,0,1,2,24,2,3,1.0,0.0,0.0,1.0,0.0,2.0,22,2,10
185645,16,2,1,10,6,3,0,5,1,1,2,36,2,2,0.0,0.0,0.0,0.0,0.0,2.0,16,3,12
151623,16,2,1,0,3,4,0,5,0,1,2,6,2,2,0.0,0.0,0.0,0.0,0.0,2.0,0,4,10
157666,15,2,3,9,8,3,0,1,0,1,2,18,2,3,1.0,0.0,0.0,1.0,0.0,1.0,14,4,11
53088,15,2,3,10,2,3,0,5,1,1,1,36,2,2,0.0,0.0,0.0,0.0,0.0,2.0,15,5,4
55161,16,7,3,15,3,2,6,1,0,1,2,22,2,2,0.0,0.0,0.0,0.0,0.0,2.0,7,2,4
20030,16,2,1,10,8,3,0,1,1,1,1,18,2,2,0.0,0.0,0.0,0.0,0.0,2.0,21,7,2
5099,4,10,1,9,2,3,4,1,0,1,0,36,2,4,1.0,0.0,0.0,0.0,1.0,1.0,17,7,1
138764,16,2,1,17,11,3,0,1,1,1,2,23,2,2,0.0,0.0,0.0,0.0,0.0,4.0,21,2,10
75900,17,2,3,15,8,3,0,1,1,1,1,36,2,2,0.0,0.0,0.0,0.0,0.0,4.0,16,5,6
74894,18,2,3,0,10,3,0,1,1,1,2,18,2,2,0.0,0.0,0.0,0.0,0.0,2.0,14,5,6
1294,4,2,3,0,6,3,1,1,0,1,2,36,2,3,1.0,0.0,0.0,1.0,0.0,1.0,8,2,1
84170,16,2,3,17,5,3,0,1,0,1,2,18,2,3,2.0,0.0,0.0,2.0,0.0,0.0,9,1,6
84743,16,2,3,17,8,3,0,5,1,1,1,36,2,2,0.0,0.0,0.0,0.0,0.0,2.0,18,2,6
117546,4,2,3,0,8,3,0,1,1,1,2,18,2,2,0.0,0.0,0.0,0.0,0.0,4.0,17,6,8
107263,16,3,3,10,8,0,6,1,0,1,2,17,3,4,1.0,0.0,0.0,0.0,1.0,2.0,16,3,8
133789,15,2,3,10,3,3,0,1,0,1,2,13,3,2,0.0,0.0,0.0,0.0,0.0,3.0,14,5,9
140422,16,2,3,8,10,3,0,5,0,1,2,36,2,3,1.0,0.0,0.0,1.0,0.0,1.0,12,7,10
16828,15,2,1,0,6,3,0,1,0,1,2,5,2,2,0.0,0.0,0.0,0.0,0.0,2.0,23,1,2
73456,4,2,3,17,8,3,0,1,0,1,2,24,2,3,1.0,0.0,0.0,1.0,0.0,1.0,14,3,6
90616,4,2,3,15,8,3,0,5,0,1,1,36,2,2,0.0,0.0,0.0,0.0,0.0,2.0,10,2,7
121085,15,2,3,0,6,3,0,1,0,1,2,36,2,4,1.0,0.0,0.0,0.0,1.0,2.0,10,1,9
70261,16,2,1,10,2,3,0,1,0,1,2,17,2,3,1.0,0.0,0.0,1.0,0.0,1.0,0,3,5
12143,16,2,3,17,8,3,0,1,1,1,2,24,2,2,0.0,0.0,0.0,0.0,0.0,2.0,14,2,1
17078,15,2,3,9,12,3,0,1,0,1,0,26,2,4,1.0,0.0,0.0,0.0,1.0,1.0,11,4,2
104840,15,2,4,0,8,3,0,1,1,1,2,36,2,2,0.0,0.0,0.0,0.0,0.0,2.0,20,2,8
29216,16,2,0,17,3,3,0,1,1,1,2,17,2,2,0.0,0.0,0.0,0.0,0.0,3.0,18,7,3
62349,16,2,3,17,1,3,0,5,1,1,2,18,3,2,0.0,0.0,0.0,0.0,0.0,3.0,12,5,5
141115,4,2,3,8,8,3,0,1,0,1,2,38,2,1,1.0,0.0,1.0,0.0,0.0,1.0,11,7,10
44005,4,7,4,17,6,3,6,1,1,1,2,12,2,2,0.0,0.0,0.0,0.0,0.0,2.0,19,3,4
5299,16,2,3,0,6,3,0,1,0,1,2,6,2,2,0.0,0.0,0.0,0.0,0.0,2.0,13,5,1
85218,16,2,3,17,8,3,0,1,1,1,2,36,3,2,0.0,0.0,0.0,0.0,0.0,5.0,19,2,6
20044,16,2,1,10,8,3,0,5,0,0,2,36,6,2,0.0,0.0,0.0,0.0,0.0,2.0,23,7,2
155971,15,2,1,7,15,3,0,1,0,1,2,28,2,2,0.0,0.0,0.0,0.0,0.0,1.0,5,1,11
139165,16,2,3,17,8,3,0,1,1,1,2,36,2,2,0.0,0.0,0.0,0.0,0.0,2.0,6,2,10
83781,15,2,1,0,8,3,0,1,1,1,1,7,2,2,0.0,0.0,0.0,0.0,0.0,2.0,0,7,6
155033,17,2,3,10,8,3,0,1,1,1,1,36,2,2,0.0,0.0,0.0,0.0,0.0,2.0,8,4,10
9400,16,2,3,10,15,3,0,1,1,1,2,19,2,2,0.0,0.0,0.0,0.0,0.0,2.0,7,4,1
104814,15,2,3,17,15,3,0,1,1,1,1,24,3,2,0.0,0.0,0.0,0.0,0.0,7.0,15,2,8
122221,15,2,1,0,11,3,0,1,1,1,1,36,2,2,0.0,0.0,0.0,0.0,0.0,2.0,19,1,9
102721,16,2,4,10,6,3,0,1,1,1,2,19,2,2,0.0,0.0,0.0,0.0,0.0,2.0,19,6,7