crash_date,               traffic_control_device,weather_condition,lighting_condition,first_crash_type,trafficway_type,alignment,roadway_surface_cond,road_defect,crash_type,intersection_related_i,damage,prim_contributory_cause,num_units,most_severe_injury,injuries_total,injuries_fatal,injuries_incapacitating,injuries_non_incapacitating,injuries_reported_not_evident,injuries_no_indication,crash_hour,crash_day_of_week,crash_month
9206,16,2,1,10,3,3,0,1,1,1,1,19,2,2,0.0,0.0,0.0,0.0,0.0,4.0,19,6,1
107639,15,2,1,0,11,3,0,5,1,1,2,36,2,2,0.0,0.0,0.0,0.0,0.0,2.0,23,2,8
784,16,2,3,2,8,3,6,1,0,0,2,37,1,2,0.0,0.0,0.0,0.0,0.0,1.0,11,7,1
69879,16,7,3,17,6,3,6,5,1,1,2,23,2,2,0.0,0.0,0.0,0.0,0.0,2.0,14,6,5
132227,16,2,3,17,3,3,5,5,1,1,1,23,2,2,0.0,0.0,0.0,0.0,0.0,3.0,16,4,9
44808,16,7,3,15,6,3,6,5,1,1,1,22,2,2,0.0,0.0,0.0,0.0,0.0,3.0,10,4,4
47545,16,11,3,0,8,3,5,1,1,1,2,6,2,2,0.0,0.0,0.0,0.0,0.0,2.0,18,6,4
120781,4,2,3,15,8,3,0,1,1,1,0,23,2,2,0.0,0.0,0.0,0.0,0.0,2.0,15,4,9
75160,15,2,1,0,18,3,0,1,1,1,2,17,2,2,0.0,0.0,0.0,0.0,0.0,5.0,21,6,6
141928,4,7,3,17,8,3,6,1,0,1,2,18,2,2,0.0,0.0,0.0,0.0,0.0,2.0,15,6,10
126057,16,2,3,17,8,3,0,1,1,1,2,6,3,2,0.0,0.0,0.0,0.0,0.0,3.0,16,2,9
31340,16,2,3,17,8,3,0,1,1,1,2,24,2,2,0.0,0.0,0.0,0.0,0.0,2.0,11,3,3
25988,15,10,1,10,8,3,4,1,1,1,1,19,2,2,0.0,0.0,0.0,0.0,0.0,2.0,16,5,2
7701,16,2,0,17,3,3,0,1,1,1,2,24,2,2,0.0,0.0,0.0,0.0,0.0,2.0,18,4,1
63948,16,2,3,17,6,3,0,1,0,1,2,6,3,3,3.0,0.0,0.0,3.0,0.0,0.0,15,3,5
3456,4,2,1,17,8,3,6,1,0,1,2,18,2,2,0.0,0.0,0.0,0.0,0.0,2.0,17,2,1
100954,16,2,1,0,6,3,0,5,0,1,2,6,2,3,2.0,0.0,0.0,2.0,0.0,2.0,2,1,7
132094,15,2,3,10,8,3,0,1,1,1,2,36,2,2,0.0,0.0,0.0,0.0,0.0,2.0,13,2,9
110653,16,2,1,17,2,3,0,1,1,1,1,18,2,2,0.0,0.0,0.0,0.0,0.0,3.0,20,6,8
162627,15,2,4,0,6,3,0,1,0,1,2,5,2,3,1.0,0.0,0.0,1.0,0.0,4.0,16,4,11
88616,17,11,3,7,8,3,5,5,1,1,2,23,2,2,0.0,0.0,0.0,0.0,0.0,2.0,17,7,7
175050,16,2,1,17,8,3,0,1,1,1,1,22,3,2,0.0,0.0,0.0,0.0,0.0,2.0,22,5,12
184873,16,2,2,10,6,3,0,1,0,1,2,17,2,2,0.0,0.0,0.0,0.0,0.0,3.0,6,2,12
50524,16,11,5,10,3,3,5,5,1,1,2,36,2,2,0.0,0.0,0.0,0.0,0.0,3.0,13,3,4
115740,16,2,3,10,2,3,0,1,1,1,2,19,2,2,0.0,0.0,0.0,0.0,0.0,2.0,16,6,8
167727,15,2,3,17,8,3,0,1,0,1,2,18,2,3,1.0,0.0,0.0,1.0,0.0,1.0,10,5,11
172215,16,2,3,17,2,3,0,1,0,1,2,36,2,4,2.0,0.0,0.0,0.0,2.0,0.0,7,6,12
10166,15,10,3,0,8,3,6,1,0,1,2,18,2,1,1.0,0.0,1.0,0.0,0.0,2.0,10,2,1
58469,15,2,3,6,8,3,0,1,0,1,2,28,1,2,0.0,0.0,0.0,0.0,0.0,2.0,11,6,5
162861,16,2,3,0,15,3,0,1,0,1,2,18,4,1,2.0,0.0,1.0,1.0,0.0,3.0,12,1,11
118370,17,2,5,17,2,3,0,5,1,1,2,36,2,2,0.0,0.0,0.0,0.0,0.0,2.0,20,3,8
93006,15,3,3,0,2,3,0,5,0,1,2,18,2,4,2.0,0.0,0.0,0.0,2.0,2.0,11,3,7
109660,17,11,3,17,6,3,5,5,0,1,1,17,2,4,3.0,0.0,0.0,0.0,3.0,1.0,13,6,8
59612,16,2,3,10,8,3,0,1,1,1,1,19,2,2,0.0,0.0,0.0,0.0,0.0,3.0,15,4,5
9365,16,10,1,17,6,3,4,1,0,1,2,39,2,2,0.0,0.0,0.0,0.0,0.0,3.0,21,3,1
129524,15,2,3,0,8,3,0,1,0,1,2,18,2,2,0.0,0.0,0.0,0.0,0.0,2.0,13,1,9
91641,15,2,1,8,8,3,0,5,0,1,1,18,2,3,1.0,0.0,0.0,1.0,0.0,1.0,22,4,7
5125,4,10,1,17,2,3,6,1,0,1,2,23,2,2,0.0,0.0,0.0,0.0,0.0,3.0,22,7,1
46985,15,2,3,0,6,3,0,1,1,1,2,18,2,2,0.0,0.0,0.0,0.0,0.0,8.0,17,3,4
58027,16,2,4,0,8,3,0,1,0,1,2,4,2,3,1.0,0.0,0.0,1.0,0.0,1.0,19,7,5
118475,16,2,3,10,8,3,0,1,1,1,1,19,2,2,0.0,0.0,0.0,0.0,0.0,3.0,13,6,8
162660,16,2,1,17,8,3,0,1,1,1,2,36,2,2,0.0,0.0,0.0,0.0,0.0,3.0,20,4,11
31205,16,2,3,15,8,3,0,5,1,1,2,36,2,2,0.0,0.0,0.0,0.0,0.0,3.0,13,1,3
132866,16,2,3,17,6,3,0,1,0,1,2,18,3,2,0.0,0.0,0.0,0.0,0.0,4.0,13,6,9
85701,15,2,3,17,8,3,0,1,1,1,2,11,2,2,0.0,0.0,0.0,0.0,0.0,4.0,18,4,6
116190,16,2,1,10,8,3,0,1,1,1,1,36,2,2,0.0,0.0,0.0,0.0,0.0,2.0,21,5,8
74604,16,2,0,10,3,3,0,1,1,0,1,19,2,2,0.0,0.0,0.0,0.0,0.0,2.0,1,7,6
51256,4,2,1,15,8,3,0,1,1,1,2,18,2,2,0.0,0.0,0.0,0.0,0.0,3.0,23,6,4
79781,16,2,3,10,6,3,0,1,1,1,2,36,2,2,0.0,0.0,0.0,0.0,0.0,2.0,9,5,6
95022,15,2,3,17,8,3,0,1,1,1,2,18,2,2,0.0,0.0,0.0,0.0,0.0,2.0,15,7,7
91932,16,2,3,0,3,3,0,1,0,1,2,36,2,1,2.0,0.0,1.0,1.0,0.0,5.0,9,1,7
183981,17,11,5,17,8,3,5,5,1,1,1,36,2,2,0.0,0.0,0.0,0.0,0.0,2.0,7,4,12
110230,15,2,3,9,8,3,0,1,1,1,0,36,2,2,0.0,0.0,0.0,0.0,0.0,2.0,13,7,8
149780,16,7,1,17,11,3,6,1,1,1,2,36,2,2,0.0,0.0,0.0,0.0,0.0,2.0,16,1,10
48320,16,2,3,17,6,3,0,1,1,1,1,18,2,2,0.0,0.0,0.0,0.0,0.0,2.0,15,5,4
111931,4,2,3,15,8,3,0,1,1,1,2,21,2,2,0.0,0.0,0.0,0.0,0.0,2.0,8,3,8
18632,16,2,3,0,2,3,0,5,0,1,2,18,2,3,1.0,0.0,0.0,1.0,0.0,2.0,11,3,2
145102,4,7,1,10,6,3,6,1,0,1,2,36,2,2,0.0,0.0,0.0,0.0,0.0,2.0,20,6,10
139858,16,2,3,10,8,3,0,1,1,1,1,19,2,2,0.0,0.0,0.0,0.0,0.0,2.0,13,2,10
172164,16,2,2,0,8,3,0,1,0,1,2,6,2,2,0.0,0.0,0.0,0.0,0.0,2.0,5,5,12
121823,15,7,3,8,8,3,6,1,0,1,0,36,2,4,1.0,0.0,0.0,0.0,1.0,1.0,9,3,9
176641,16,2,1,0,2,3,0,1,0,1,2,6,2,2,0.0,0.0,0.0,0.0,0.0,2.0,23,1,12
62434,4,2,3,10,8,3,0,1,0,1,2,18,3,3,1.0,0.0,0.0,1.0,0.0,2.0,11,6,5
182323,16,3,4,10,8,3,5,5,1,1,1,36,2,2,0.0,0.0,0.0,0.0,0.0,2.0,16,2,12
3053,16,7,3,10,3,3,6,1,1,1,2,39,2,2,0.0,0.0,0.0,0.0,0.0,2.0,9,2,1
54325,15,2,3,10,3,3,0,1,0,1,2,19,3,3,1.0,0.0,0.0,1.0,0.0,2.0,14,4,4
38532,16,2,3,17,2,3,0,1,1,1,0,18,2,2,0.0,0.0,0.0,0.0,0.0,3.0,9,6,3
58766,15,7,3,0,6,3,6,5,1,1,2,18,2,2,0.0,0.0,0.0,0.0,0.0,2.0,15,6,5
13581,16,2,1,10,6,3,5,5,1,1,2,36,2,2,0.0,0.0,0.0,0.0,0.0,2.0,2,6,1
6964,15,2,1,2,15,4,1,5,1,1,1,39,1,2,0.0,0.0,0.0,0.0,0.0,1.0,23,1,1
91377,15,7,3,5,6,3,6,3,0,1,1,39,1,2,0.0,0.0,0.0,0.0,0.0,1.0,18,1,7
66890,16,2,4,0,15,3,0,1,0,1,2,6,2,2,0.0,0.0,0.0,0.0,0.0,2.0,20,1,5
54834,15,7,3,0,8,3,6,1,0,1,2,18,2,3,1.0,0.0,0.0,1.0,0.0,1.0,15,5,4
107968,16,2,3,7,8,3,0,1,1,0,0,26,2,2,0.0,0.0,0.0,0.0,0.0,1.0,11,7,8
67494,15,2,3,0,8,3,0,1,1,1,1,18,2,2,0.0,0.0,0.0,0.0,0.0,2.0,8,3,5
41465,17,11,5,10,17,3,5,5,1,1,2,36,2,2,0.0,0.0,0.0,0.0,0.0,3.0,11,6,3
85272,16,7,3,17,8,3,6,1,1,1,2,18,2,2,0.0,0.0,0.0,0.0,0.0,3.0,8,3,6
72233,15,7,3,0,6,3,6,5,0,1,2,38,3,3,2.0,0.0,0.0,1.0,1.0,1.0,16,7,6
118491,16,2,3,17,8,3,0,5,1,1,0,24,2,2,0.0,0.0,0.0,0.0,0.0,3.0,16,6,8
106554,15,3,3,0,2,3,6,1,1,1,2,5,2,2,0.0,0.0,0.0,0.0,0.0,2.0,15,7,8
78494,16,11,5,0,8,3,5,5,0,1,2,36,2,2,0.0,0.0,0.0,0.0,0.0,3.0,22,1,6
109345,15,2,1,17,8,3,0,1,0,1,2,37,2,3,2.0,0.0,0.0,2.0,0.0,1.0,20,7,8
173827,16,2,3,0,8,3,0,1,0,1,2,6,2,4,1.0,0.0,0.0,0.0,1.0,1.0,12,2,12
57051,16,7,3,10,8,3,6,5,0,1,1,19,2,4,1.0,0.0,0.0,0.0,1.0,1.0,8,5,5
31835,16,7,1,10,6,3,6,5,1,1,2,19,2,2,0.0,0.0,0.0,0.0,0.0,3.0,17,6,3
57144,15,2,1,0,2,3,6,1,0,1,2,36,2,3,3.0,0.0,0.0,3.0,0.0,0.0,21,6,5
160702,15,2,3,7,2,3,0,1,1,1,2,23,2,2,0.0,0.0,0.0,0.0,0.0,1.0,7,5,11
49321,16,2,4,17,2,3,0,1,1,1,2,24,2,2,0.0,0.0,0.0,0.0,0.0,2.0,18,1,4
6743,4,2,1,15,8,3,0,1,1,1,2,36,2,2,0.0,0.0,0.0,0.0,0.0,2.0,17,5,1
148779,16,2,3,0,8,3,0,1,0,1,2,6,4,3,3.0,0.0,0.0,3.0,0.0,1.0,14,1,10
83363,15,7,1,0,2,3,6,1,1,1,2,5,2,2,0.0,0.0,0.0,0.0,0.0,2.0,20,2,6
78992,16,2,3,10,3,3,0,1,0,1,2,28,3,1,2.0,0.0,1.0,1.0,0.0,8.0,19,1,6
53686,16,2,3,15,6,3,0,1,0,1,1,18,2,2,0.0,0.0,0.0,0.0,0.0,5.0,18,1,4
93246,16,7,3,0,8,3,6,1,0,1,0,36,2,3,1.0,0.0,0.0,1.0,0.0,1.0,9,1,7
76288,4,2,3,15,8,3,0,1,1,0,2,36,2,2,0.0,0.0,0.0,0.0,0.0,2.0,18,4,6
9937,15,2,3,0,2,3,0,1,1,1,1,36,2,2,0.0,0.0,0.0,0.0,0.0,2.0,9,6,1
99264,15,2,2,0,2,3,0,5,0,1,2,36,3,4,4.0,0.0,0.0,0.0,4.0,0.0,0,1,7
170728,4,2,1,9,8,3,1,1,1,1,0,36,2,2,0.0,0.0,0.0,0.0,0.0,2.0,16,4,11
103575,16,2,1,17,6,3,0,1,1,1,2,18,2,2,0.0,0.0,0.0,0.0,0.0,3.0,21,4,7
83647,4,7,0,15,15,3,6,5,1,1,2,26,2,2,0.0,0.0,0.0,0.0,0.0,2.0,23,7,6
61602,15,2,1,7,10,3,0,1,0,0,2,11,2,2,0.0,0.0,0.0,0.0,0.0,1.0,22,6,5
32089,4,2,3,0,8,3,0,1,1,1,1,36,2,2,0.0,0.0,0.0,0.0,0.0,2.0,0,7,3
168281,16,2,3,17,6,3,0,1,1,1,1,19,2,2,0.0,0.0,0.0,0.0,0.0,2.0,16,7,11
105304,16,2,3,10,6,3,0,1,1,1,0,18,2,2,0.0,0.0,0.0,0.0,0.0,2.0,7,2,8
112936,16,11,3,15,8,3,5,5,1,1,2,23,2,2,0.0,0.0,0.0,0.0,0.0,2.0,12,5,8
144294,15,2,2,17,19,3,0,1,0,1,2,18,3,3,1.0,0.0,0.0,1.0,0.0,2.0,10,2,10
135501,4,2,3,17,8,3,0,1,0,1,2,18,2,2,0.0,0.0,0.0,0.0,0.0,2.0,5,6,9
5574,15,10,1,2,10,3,4,2,1,1,0,33,1,2,0.0,0.0,0.0,0.0,0.0,2.0,3,7,1
26642,15,2,1,0,8,3,0,1,0,1,2,5,6,4,1.0,0.0,0.0,0.0,1.0,1.0,20,1,2
117072,16,2,3,17,15,3,0,1,1,1,2,22,2,2,0.0,0.0,0.0,0.0,0.0,2.0,13,6,8
81053,16,2,3,10,8,3,0,1,1,1,2,12,2,2,0.0,0.0,0.0,0.0,0.0,2.0,17,3,6
131303,16,2,3,0,8,3,0,1,0,1,2,6,2,1,1.0,0.0,1.0,0.0,0.0,3.0,7,4,9
41205,4,2,3,17,6,3,0,1,1,1,2,24,2,2,0.0,0.0,0.0,0.0,0.0,2.0,13,3,3
35937,4,2,3,10,2,3,0,1,1,1,2,19,2,2,0.0,0.0,0.0,0.0,0.0,2.0,17,1,3
18000,16,2,3,15,16,3,0,1,1,1,1,24,2,2,0.0,0.0,0.0,0.0,0.0,3.0,17,6,2
5063,15,2,3,0,8,3,0,1,0,1,1,18,2,2,0.0,0.0,0.0,0.0,0.0,2.0,11,6,1
28318,4,2,1,17,8,3,0,1,1,1,2,36,2,2,0.0,0.0,0.0,0.0,0.0,2.0,17,5,3
21896,15,2,3,0,6,3,0,1,0,1,2,18,2,2,0.0,0.0,0.0,0.0,0.0,2.0,13,3,2
10894,16,10,1,0,6,3,6,1,0,1,2,6,2,2,0.0,0.0,0.0,0.0,0.0,5.0,4,1,1
35235,15,2,3,17,2,3,0,1,1,0,2,18,2,2,0.0,0.0,0.0,0.0,0.0,3.0,12,4,3
139548,4,2,3,17,15,3,0,1,0,1,2,11,2,2,0.0,0.0,0.0,0.0,0.0,5.0,16,1,10
172946,16,2,3,15,6,3,0,1,1,1,1,23,2,2,0.0,0.0,0.0,0.0,0.0,2.0,14,4,12
1068,16,2,1,10,8,3,1,1,0,1,2,39,3,3,1.0,0.0,0.0,1.0,0.0,2.0,22,4,1
72392,16,2,3,17,10,3,0,1,1,1,1,36,2,2,0.0,0.0,0.0,0.0,0.0,2.0,7,7,6
163249,4,2,3,10,3,4,0,1,1,0,2,19,2,2,0.0,0.0,0.0,0.0,0.0,2.0,6,7,11
78343,4,7,3,17,0,3,6,1,0,1,2,18,2,2,0.0,0.0,0.0,0.0,0.0,2.0,8,5,6
60640,4,2,3,17,10,3,0,1,1,1,0,36,2,2,0.0,0.0,0.0,0.0,0.0,2.0,12,5,5
19191,16,2,3,0,2,3,0,5,0,1,2,18,2,4,1.0,0.0,0.0,0.0,1.0,1.0,8,6,2
63056,16,2,3,0,8,3,0,1,1,1,2,18,2,2,0.0,0.0,0.0,0.0,0.0,2.0,16,3,5
117956,16,2,1,17,15,3,0,1,1,1,0,6,2,2,0.0,0.0,0.0,0.0,0.0,2.0,23,5,8
77510,4,7,3,0,8,3,6,1,0,1,2,18,2,2,0.0,0.0,0.0,0.0,0.0,2.0,10,1,6
98322,15,2,1,0,6,3,0,1,0,1,2,36,2,2,0.0,0.0,0.0,0.0,0.0,3.0,2,1,7
95149,16,2,3,15,8,3,0,1,1,1,2,36,2,2,0.0,0.0,0.0,0.0,0.0,2.0,9,2,7
107436,16,2,0,0,6,3,0,1,0,1,2,36,4,3,6.0,0.0,0.0,6.0,0.0,1.0,21,6,8
313,15,10,3,10,8,3,4,1,1,1,2,36,2,2,0.0,0.0,0.0,0.0,0.0,2.0,16,7,1
147505,16,2,3,17,8,3,0,1,0,1,2,18,3,1,1.0,0.0,1.0,0.0,0.0,3.0,8,4,10
101522,16,3,3,15,8,3,0,1,1,1,1,22,2,2,0.0,0.0,0.0,0.0,0.0,2.0,9,2,7
93407,16,2,3,14,8,3,0,1,1,1,0,26,2,2,0.0,0.0,0.0,0.0,0.0,2.0,18,5,7
138544,15,2,3,10,8,3,0,1,1,1,2,36,2,2,0.0,0.0,0.0,0.0,0.0,2.0,15,1,10
19670,16,2,3,10,8,3,0,1,0,1,1,19,2,3,1.0,0.0,0.0,1.0,0.0,2.0,13,7,2
93164,15,2,3,0,8,3,0,1,1,1,1,18,2,2,0.0,0.0,0.0,0.0,0.0,2.0,18,7,7
161415,16,2,1,0,3,3,0,1,0,1,2,6,2,4,1.0,0.0,0.0,0.0,1.0,1.0,23,7,11
77918,16,2,3,17,2,3,0,1,0,1,2,18,2,3,2.0,0.0,0.0,2.0,0.0,1.0,18,7,6
53409,16,2,4,0,18,3,0,1,0,1,2,18,3,2,0.0,0.0,0.0,0.0,0.0,5.0,19,5,4
91171,16,2,3,10,6,3,0,1,1,1,0,19,2,2,0.0,0.0,0.0,0.0,0.0,3.0,15,4,7
126360,16,2,3,10,6,3,0,1,1,1,2,23,2,2,0.0,0.0,0.0,0.0,0.0,2.0,12,7,9
49245,4,2,3,17,15,3,0,1,0,1,2,24,4,2,0.0,0.0,0.0,0.0,0.0,4.0,16,7,4
5172,15,2,3,0,2,3,0,5,1,1,2,36,2,2,0.0,0.0,0.0,0.0,0.0,3.0,13,3,1
81806,16,2,3,17,6,3,0,5,1,1,2,36,2,2,0.0,0.0,0.0,0.0,0.0,2.0,19,7,6
104498,15,7,1,0,8,3,6,1,0,1,2,5,2,4,1.0,0.0,0.0,0.0,1.0,1.0,22,5,8
159644,15,2,3,11,6,3,0,5,1,1,1,36,2,2,0.0,0.0,0.0,0.0,0.0,2.0,16,5,11
89721,16,2,1,17,10,3,0,5,1,1,2,36,2,2,0.0,0.0,0.0,0.0,0.0,2.0,0,2,7
85816,4,2,3,17,8,3,0,1,0,1,2,18,2,2,0.0,0.0,0.0,0.0,0.0,2.0,19,4,6
171623,16,2,4,17,8,3,5,5,1,1,2,6,2,2,0.0,0.0,0.0,0.0,0.0,6.0,16,5,11
48856,15,2,3,8,8,3,0,1,0,1,2,18,2,3,1.0,0.0,0.0,1.0,0.0,1.0,14,7,4
35351,16,2,3,10,8,3,0,1,0,1,1,17,2,4,1.0,0.0,0.0,0.0,1.0,1.0,15,6,3
132940,16,2,1,0,6,4,0,1,0,1,2,6,2,2,0.0,0.0,0.0,0.0,0.0,2.0,2,1,9
25056,16,7,3,10,3,3,6,1,0,1,2,19,3,4,1.0,0.0,0.0,0.0,1.0,3.0,13,3,2
170478,16,2,1,2,8,3,0,1,0,1,2,36,1,2,0.0,0.0,0.0,0.0,0.0,1.0,23,1,11
134649,4,2,3,8,3,3,0,1,1,1,0,18,2,2,0.0,0.0,0.0,0.0,0.0,2.0,17,2,9
126991,16,7,3,17,1,3,6,1,1,1,2,6,2,2,0.0,0.0,0.0,0.0,0.0,3.0,7,2,9
131419,16,2,3,10,8,3,0,1,1,1,2,19,2,2,0.0,0.0,0.0,0.0,0.0,2.0,16,6,9
2853,16,10,1,10,2,3,6,1,1,1,2,19,2,2,0.0,0.0,0.0,0.0,0.0,2.0,23,7,1
17813,4,11,3,0,10,3,5,5,1,1,2,36,2,2,0.0,0.0,0.0,0.0,0.0,2.0,16,3,2
185230,16,2,3,17,8,3,6,1,1,1,2,24,2,2,0.0,0.0,0.0,0.0,0.0,2.0,14,7,12
80411,15,2,3,10,8,3,0,1,1,1,0,19,2,2,0.0,0.0,0.0,0.0,0.0,2.0,16,6,6
99028,15,2,3,0,6,3,0,5,0,1,2,36,2,2,0.0,0.0,0.0,0.0,0.0,2.0,16,6,7
188246,16,2,2,17,15,2,6,5,1,1,2,36,2,2,0.0,0.0,0.0,0.0,0.0,2.0,18,2,12
135919,4,2,3,0,0,3,0,1,0,1,2,36,2,4,1.0,0.0,0.0,0.0,1.0,2.0,16,5,9
6140,16,2,3,10,2,3,0,1,1,1,2,19,2,2,0.0,0.0,0.0,0.0,0.0,2.0,15,2,1
90904,16,2,3,10,3,3,0,1,1,1,2,19,2,2,0.0,0.0,0.0,0.0,0.0,3.0,15,6,7
26144,16,2,1,0,6,3,0,5,0,1,2,18,2,3,2.0,0.0,0.0,2.0,0.0,0.0,20,7,2
21582,15,2,2,10,8,3,0,1,0,1,2,12,2,2,0.0,0.0,0.0,0.0,0.0,2.0,6,4,2
66947,15,2,3,0,15,3,0,1,1,1,2,18,2,2,0.0,0.0,0.0,0.0,0.0,2.0,7,2,5
33635,15,2,3,0,6,3,0,1,1,1,1,5,2,2,0.0,0.0,0.0,0.0,0.0,2.0,15,7,3
133900,16,2,1,0,2,3,0,5,0,1,2,36,2,3,3.0,0.0,0.0,3.0,0.0,2.0,19,6,9
109053,16,2,3,17,2,3,0,1,0,1,2,24,3,2,0.0,0.0,0.0,0.0,0.0,3.0,9,3,8
128002,16,2,3,0,8,3,0,1,1,1,2,18,2,2,0.0,0.0,0.0,0.0,0.0,2.0,17,2,9
137469,16,2,3,10,8,3,0,1,0,1,2,19,2,4,2.0,0.0,0.0,0.0,2.0,1.0,16,7,9
14101,16,10,3,3,3,3,1,1,0,1,2,39,2,2,0.0,0.0,0.0,0.0,0.0,2.0,10,1,1
118986,16,2,3,17,6,3,0,1,1,1,2,36,2,2,0.0,0.0,0.0,0.0,0.0,2.0,17,5,8
104458,16,2,3,10,8,3,0,1,1,1,2,36,2,2,0.0,0.0,0.0,0.0,0.0,3.0,16,5,8
140993,16,2,1,17,2,3,0,1,1,1,2,36,2,2,0.0,0.0,0.0,0.0,0.0,3.0,19,1,10
129894,15,2,1,0,8,3,0,1,0,1,2,5,2,2,0.0,0.0,0.0,0.0,0.0,2.0,3,7,9
139059,16,3,3,15,6,3,0,1,1,1,2,36,2,2,0.0,0.0,0.0,0.0,0.0,3.0,11,7,10
31943,15,2,3,17,8,3,0,1,1,1,2,36,2,2,0.0,0.0,0.0,0.0,0.0,4.0,15,6,3
64007,16,7,3,10,6,3,6,1,1,1,2,36,2,2,0.0,0.0,0.0,0.0,0.0,2.0,13,5,5
156939,15,2,4,10,2,3,0,5,0,1,2,19,3,3,2.0,0.0,0.0,2.0,0.0,1.0,17,6,11
178843,16,2,3,15,15,3,0,1,1,1,1,12,2,2,0.0,0.0,0.0,0.0,0.0,3.0,11,5,12
12785,15,10,3,7,6,3,4,1,1,1,2,39,2,2,0.0,0.0,0.0,0.0,0.0,1.0,8,5,1
150763,15,2,3,0,11,3,0,1,0,1,2,18,2,2,0.0,0.0,0.0,0.0,0.0,2.0,16,1,10
11435,16,7,3,17,6,3,6,1,1,1,2,26,2,2,0.0,0.0,0.0,0.0,0.0,2.0,12,3,1
176629,16,2,1,15,2,3,0,1,1,1,1,36,2,2,0.0,0.0,0.0,0.0,0.0,4.0,19,1,12
150521,4,2,1,2,8,3,0,1,0,0,2,36,1,2,0.0,0.0,0.0,0.0,0.0,1.0,2,4,10
94,15,2,3,0,2,3,0,1,0,1,2,18,2,4,2.0,0.0,0.0,0.0,2.0,0.0,12,2,1
63619,16,2,3,10,8,3,0,1,1,1,2,19,2,2,0.0,0.0,0.0,0.0,0.0,2.0,9,3,5
52015,15,2,3,0,8,3,0,1,1,1,2,18,2,2,0.0,0.0,0.0,0.0,0.0,2.0,15,2,4
113348,16,2,3,10,8,4,0,1,1,1,1,19,2,2,0.0,0.0,0.0,0.0,0.0,5.0,16,5,8
118930,16,2,3,9,10,3,0,1,0,1,1,18,2,4,1.0,0.0,0.0,0.0,1.0,1.0,8,4,8
35506,15,2,3,17,15,3,0,1,0,1,2,13,2,3,2.0,0.0,0.0,2.0,0.0,0.0,8,2,3
71888,4,2,1,17,2,3,0,1,0,1,2,18,2,3,1.0,0.0,0.0,1.0,0.0,1.0,22,6,6
114507,15,2,3,3,3,3,0,1,0,1,2,22,2,2,0.0,0.0,0.0,0.0,0.0,3.0,15,3,8
173191,16,11,3,10,6,3,5,5,1,1,0,36,2,2,0.0,0.0,0.0,0.0,0.0,2.0,8,2,12
173903,4,2,3,17,8,3,0,1,1,0,2,18,2,2,0.0,0.0,0.0,0.0,0.0,2.0,16,4,12
76574,16,2,3,10,3,3,0,5,1,1,2,36,2,2,0.0,0.0,0.0,0.0,0.0,4.0,15,7,6
183617,4,2,3,10,8,3,0,1,0,0,2,19,2,4,1.0,0.0,0.0,0.0,1.0,2.0,11,4,12
145466,15,2,3,0,8,3,6,1,1,1,2,36,2,2,0.0,0.0,0.0,0.0,0.0,3.0,13,5,10
134042,16,2,1,0,3,3,0,1,0,1,2,6,2,3,1.0,0.0,0.0,1.0,0.0,1.0,21,1,9
104502,16,2,3,9,6,3,0,1,0,1,0,18,2,4,1.0,0.0,0.0,0.0,1.0,1.0,11,5,8
186933,15,2,3,0,2,3,6,1,1,1,2,18,2,2,0.0,0.0,0.0,0.0,0.0,2.0,14,6,12
43368,16,2,3,17,6,3,0,1,1,1,2,24,2,2,0.0,0.0,0.0,0.0,0.0,3.0,12,6,4
127081,16,2,3,10,8,3,0,1,1,1,1,36,2,2,0.0,0.0,0.0,0.0,0.0,2.0,13,5,9
28157,4,2,1,0,6,3,0,1,0,1,1,18,2,2,0.0,0.0,0.0,0.0,0.0,2.0,23,7,2
30414,15,2,1,0,8,3,6,1,1,1,2,18,2,2,0.0,0.0,0.0,0.0,0.0,2.0,4,1,3
185454,15,2,3,0,6,3,0,1,0,1,2,5,2,2,0.0,0.0,0.0,0.0,0.0,3.0,10,5,12
138091,15,2,3,0,6,3,0,5,1,1,2,36,2,2,0.0,0.0,0.0,0.0,0.0,2.0,15,3,10
104325,15,2,3,0,6,3,0,1,1,1,0,5,2,2,0.0,0.0,0.0,0.0,0.0,2.0,13,2,8
85607,16,2,1,17,6,3,0,5,0,1,2,18,2,3,1.0,0.0,0.0,1.0,0.0,2.0,22,1,6
104098,16,2,3,15,6,3,0,1,0,1,2,22,2,3,2.0,0.0,0.0,2.0,0.0,4.0,16,5,8
4747,4,2,1,0,2,3,0,5,0,0,2,17,2,3,1.0,0.0,0.0,1.0,0.0,5.0,17,3,1
138570,4,2,1,0,2,3,0,1,1,1,1,18,2,2,0.0,0.0,0.0,0.0,0.0,2.0,20,1,10
32452,4,2,3,2,8,3,0,1,0,1,2,36,2,2,0.0,0.0,0.0,0.0,0.0,2.0,18,6,3
130382,16,2,3,15,6,3,0,1,0,1,2,22,2,2,0.0,0.0,0.0,0.0,0.0,4.0,16,7,9
163908,16,2,4,17,3,3,0,1,0,1,2,36,2,3,2.0,0.0,0.0,2.0,0.0,7.0,15,2,11
109619,4,2,3,17,15,3,0,1,1,1,2,36,2,2,0.0,0.0,0.0,0.0,0.0,2.0,17,5,8
178618,16,2,3,17,6,4,0,1,0,1,2,18,2,1,2.0,0.0,1.0,1.0,0.0,1.0,15,1,12
26161,16,2,1,0,15,3,5,5,0,1,2,36,2,3,2.0,0.0,0.0,2.0,0.0,2.0,23,7,2