crash_date,               traffic_control_device,weather_condition,lighting_condition,first_crash_type,trafficway_type,alignment,roadway_surface_cond,road_defect,crash_type,intersection_related_i,damage,prim_contributory_cause,num_units,most_severe_injury,injuries_total,injuries_fatal,injuries_incapacitating,injuries_non_incapacitating,injuries_reported_not_evident,injuries_no_indication,crash_hour,crash_day_of_week,crash_month
50068,16,2,3,10,6,3,0,1,1,1,0,36,2,2,0.0,0.0,0.0,0.0,0.0,4.0,7,1,4
107194,6,2,3,10,8,3,0,5,1,1,0,19,2,2,0.0,0.0,0.0,0.0,0.0,2.0,13,2,8
158283,16,2,3,0,6,3,0,1,1,1,1,6,2,2,0.0,0.0,0.0,0.0,0.0,7.0,16,5,11
60330,16,2,3,17,2,3,0,1,1,1,2,36,2,2,0.0,0.0,0.0,0.0,0.0,3.0,15,2,5
185956,15,2,3,17,6,3,5,5,1,1,2,18,2,2,0.0,0.0,0.0,0.0,0.0,3.0,13,2,12
506,16,2,1,14,2,3,0,1,1,1,2,6,3,2,0.0,0.0,0.0,0.0,0.0,4.0,17,7,1
29839,15,2,1,2,16,3,0,5,0,1,2,26,1,3,2.0,0.0,0.0,2.0,0.0,0.0,19,5,3
60136,16,2,3,17,6,3,0,1,0,1,2,18,3,2,0.0,0.0,0.0,0.0,0.0,6.0,15,5,5
97139,15,2,1,10,3,3,0,1,1,1,2,12,2,2,0.0,0.0,0.0,0.0,0.0,3.0,20,4,7
112471,15,2,1,9,8,3,0,1,0,1,0,36,2,1,1.0,0.0,1.0,0.0,0.0,1.0,22,4,8
43430,16,2,3,10,6,3,0,1,1,1,1,19,2,2,0.0,0.0,0.0,0.0,0.0,3.0,11,7,4
188972,15,2,3,17,6,3,5,1,1,1,2,24,2,2,0.0,0.0,0.0,0.0,0.0,3.0,15,1,12
161927,15,2,3,0,8,3,0,1,0,1,2,38,2,3,1.0,0.0,0.0,1.0,0.0,2.0,13,2,11
8505,16,2,0,10,8,3,0,1,0,1,2,19,3,2,0.0,0.0,0.0,0.0,0.0,3.0,18,4,1
94516,16,2,3,10,2,3,0,1,1,1,2,15,2,2,0.0,0.0,0.0,0.0,0.0,2.0,18,5,7
71562,16,2,3,17,8,3,0,1,0,1,2,36,2,2,0.0,0.0,0.0,0.0,0.0,2.0,6,3,5
9394,16,2,1,10,16,3,0,1,1,1,2,36,2,2,0.0,0.0,0.0,0.0,0.0,2.0,17,4,1
77037,16,7,1,0,6,3,6,1,0,1,2,18,2,2,0.0,0.0,0.0,0.0,0.0,2.0,2,2,6
177092,4,2,3,17,8,3,0,1,1,1,2,36,2,2,0.0,0.0,0.0,0.0,0.0,2.0,9,2,12
7810,16,3,3,17,8,3,6,5,1,0,1,26,2,2,0.0,0.0,0.0,0.0,0.0,2.0,14,7,1
103519,16,2,3,17,3,3,0,1,1,1,1,36,2,2,0.0,0.0,0.0,0.0,0.0,2.0,13,4,7
13116,16,2,1,17,10,3,0,5,1,1,2,36,2,2,0.0,0.0,0.0,0.0,0.0,3.0,20,4,1
136001,16,2,1,15,10,3,0,1,1,1,1,36,2,2,0.0,0.0,0.0,0.0,0.0,2.0,5,6,9
30870,14,2,3,9,6,3,0,1,1,1,0,28,2,2,0.0,0.0,0.0,0.0,0.0,2.0,7,2,3
77647,16,2,3,17,10,3,0,5,1,1,2,36,2,2,0.0,0.0,0.0,0.0,0.0,2.0,12,2,6
129885,16,11,5,15,15,3,5,5,0,1,2,36,2,3,1.0,0.0,0.0,1.0,0.0,1.0,14,7,9
16537,16,2,0,2,8,3,0,1,1,1,2,26,1,2,0.0,0.0,0.0,0.0,0.0,3.0,0,2,2
62255,15,2,3,17,10,3,0,1,1,1,0,26,2,2,0.0,0.0,0.0,0.0,0.0,2.0,15,4,5
76948,16,2,3,17,8,3,0,5,1,1,2,24,2,2,0.0,0.0,0.0,0.0,0.0,2.0,11,6,6
101098,15,2,3,0,8,3,0,1,1,1,2,36,2,2,0.0,0.0,0.0,0.0,0.0,3.0,9,3,7
5707,16,2,1,2,15,3,6,1,0,1,2,12,1,2,0.0,0.0,0.0,0.0,0.0,1.0,5,3,1
107627,16,2,1,9,8,3,0,1,0,1,0,18,2,3,1.0,0.0,0.0,1.0,0.0,1.0,20,2,8
103952,4,2,3,10,2,3,0,1,1,0,0,21,2,2,0.0,0.0,0.0,0.0,0.0,2.0,14,3,8
105059,15,2,3,0,2,3,0,1,0,1,2,5,2,4,1.0,0.0,0.0,0.0,1.0,3.0,18,4,8
979,16,11,1,15,10,3,5,1,1,1,1,22,2,2,0.0,0.0,0.0,0.0,0.0,2.0,0,1,1
27158,15,2,3,0,8,3,0,1,1,1,2,26,2,2,0.0,0.0,0.0,0.0,0.0,2.0,7,2,2
75836,15,2,3,0,6,3,0,1,0,1,2,23,2,4,3.0,0.0,0.0,0.0,3.0,0.0,15,4,6
65393,15,2,3,0,18,3,0,1,0,1,2,18,3,3,1.0,0.0,0.0,1.0,0.0,2.0,6,5,5
138092,16,2,3,0,3,3,0,1,0,1,1,18,2,2,0.0,0.0,0.0,0.0,0.0,2.0,16,3,10
90814,16,2,3,17,8,3,0,1,0,1,2,36,2,2,0.0,0.0,0.0,0.0,0.0,2.0,11,5,7
160018,4,11,5,15,15,3,5,5,1,1,0,36,2,2,0.0,0.0,0.0,0.0,0.0,2.0,7,2,11
44461,15,2,0,9,18,3,0,1,0,0,0,18,2,3,1.0,0.0,0.0,1.0,0.0,1.0,20,6,4
175742,4,2,3,17,6,3,0,1,0,1,2,22,2,2,0.0,0.0,0.0,0.0,0.0,2.0,7,3,12
17510,15,10,3,0,8,3,4,1,1,1,2,18,2,2,0.0,0.0,0.0,0.0,0.0,2.0,8,5,2
104011,15,7,3,8,8,3,6,1,1,1,2,36,2,2,0.0,0.0,0.0,0.0,0.0,2.0,15,4,8
79938,15,2,3,17,8,3,0,1,0,1,2,9,2,2,0.0,0.0,0.0,0.0,0.0,3.0,13,7,6
20398,16,10,1,17,10,3,6,1,1,1,2,36,2,2,0.0,0.0,0.0,0.0,0.0,2.0,23,6,2
164197,16,2,3,17,13,3,0,1,1,1,2,22,2,2,0.0,0.0,0.0,0.0,0.0,2.0,8,2,11
120206,16,2,3,17,2,3,0,1,0,1,2,36,3,4,1.0,0.0,0.0,0.0,1.0,2.0,13,3,8
65090,16,7,3,17,8,3,6,1,0,1,1,18,2,4,1.0,0.0,0.0,0.0,1.0,2.0,13,6,5
88865,15,2,3,9,10,3,0,5,0,1,0,18,2,3,1.0,0.0,0.0,1.0,0.0,1.0,15,3,7
113690,16,2,3,17,8,4,0,1,1,1,0,18,2,2,0.0,0.0,0.0,0.0,0.0,2.0,8,2,8
9002,16,2,1,17,8,3,0,1,1,1,2,22,2,2,0.0,0.0,0.0,0.0,0.0,2.0,19,4,1
50748,16,2,3,17,2,3,0,1,1,1,2,24,2,2,0.0,0.0,0.0,0.0,0.0,2.0,14,5,4
30499,4,7,1,15,6,3,6,1,1,1,2,36,2,2,0.0,0.0,0.0,0.0,0.0,2.0,0,3,3
43015,17,2,4,17,8,3,0,5,1,1,1,23,2,2,0.0,0.0,0.0,0.0,0.0,3.0,0,7,4
161917,16,7,3,10,2,3,6,5,0,1,0,19,2,4,1.0,0.0,0.0,0.0,1.0,1.0,12,1,11
78348,16,3,3,17,8,3,6,1,0,1,1,12,2,2,0.0,0.0,0.0,0.0,0.0,2.0,8,5,6
120615,16,2,1,17,11,3,0,1,1,0,2,36,2,2,0.0,0.0,0.0,0.0,0.0,2.0,19,7,9
182888,16,2,3,17,2,3,0,1,0,1,2,36,2,3,1.0,0.0,0.0,1.0,0.0,1.0,14,3,12
121631,16,2,3,15,2,3,5,5,1,1,2,36,2,2,0.0,0.0,0.0,0.0,0.0,3.0,14,7,9
138305,16,7,3,17,2,4,6,1,0,1,2,18,2,3,1.0,0.0,0.0,1.0,0.0,2.0,15,4,10
133700,16,7,1,0,8,4,6,1,0,1,2,12,2,2,0.0,0.0,0.0,0.0,0.0,4.0,21,2,9
144612,16,2,2,10,2,3,0,1,1,1,2,19,2,2,0.0,0.0,0.0,0.0,0.0,2.0,6,5,10
48700,16,2,3,10,10,3,0,1,1,1,2,19,2,2,0.0,0.0,0.0,0.0,0.0,3.0,12,2,4
85133,16,2,3,10,6,3,0,1,1,1,2,19,2,2,0.0,0.0,0.0,0.0,0.0,3.0,15,3,6
1731,16,2,3,0,8,3,0,1,0,1,2,18,2,2,0.0,0.0,0.0,0.0,0.0,3.0,13,3,1
69827,16,2,3,17,2,3,0,1,1,1,1,36,2,2,0.0,0.0,0.0,0.0,0.0,2.0,14,5,5
47251,16,2,3,8,3,3,0,1,0,1,2,36,2,3,1.0,0.0,0.0,1.0,0.0,1.0,9,6,4
127002,15,2,3,7,8,3,6,1,1,1,2,19,2,2,0.0,0.0,0.0,0.0,0.0,1.0,8,2,9
33723,16,10,1,17,19,3,6,5,0,1,2,24,2,3,2.0,0.0,0.0,2.0,0.0,1.0,22,1,3
103910,4,2,1,0,15,3,0,1,1,1,2,11,2,2,0.0,0.0,0.0,0.0,0.0,2.0,20,4,7
187475,16,2,4,15,11,3,0,1,1,1,2,18,2,2,0.0,0.0,0.0,0.0,0.0,3.0,16,7,12
53394,15,2,2,0,6,3,0,1,1,1,2,38,2,2,0.0,0.0,0.0,0.0,0.0,3.0,17,5,4
24899,4,2,1,7,10,3,0,1,0,1,2,15,2,2,0.0,0.0,0.0,0.0,0.0,1.0,3,6,2
70207,4,2,3,17,2,5,0,1,1,1,2,19,2,2,0.0,0.0,0.0,0.0,0.0,2.0,15,3,5
116247,16,2,3,17,11,3,0,1,1,1,0,24,2,2,0.0,0.0,0.0,0.0,0.0,2.0,8,6,8
1479,15,2,3,0,8,3,0,1,1,1,2,18,2,2,0.0,0.0,0.0,0.0,0.0,2.0,14,4,1
114744,15,2,3,10,8,3,0,1,1,1,2,19,2,2,0.0,0.0,0.0,0.0,0.0,2.0,9,4,8
168450,16,2,3,17,6,3,0,1,1,1,2,24,2,2,0.0,0.0,0.0,0.0,0.0,2.0,15,4,11
142192,16,2,3,10,17,3,0,1,1,1,0,36,2,2,0.0,0.0,0.0,0.0,0.0,2.0,13,1,10
27722,16,2,3,10,8,3,0,1,1,1,0,19,2,2,0.0,0.0,0.0,0.0,0.0,3.0,11,4,2
7145,15,2,3,0,8,3,6,1,0,1,2,18,2,2,0.0,0.0,0.0,0.0,0.0,2.0,8,3,1
152275,16,2,3,2,11,3,0,1,1,1,1,12,2,2,0.0,0.0,0.0,0.0,0.0,1.0,12,5,10
188599,16,2,1,2,8,3,6,1,0,1,2,17,1,2,0.0,0.0,0.0,0.0,0.0,1.0,4,1,12
153569,4,2,3,7,11,3,0,1,1,0,2,26,2,2,0.0,0.0,0.0,0.0,0.0,1.0,13,4,10
51519,16,2,3,0,6,3,0,1,1,1,2,36,2,2,0.0,0.0,0.0,0.0,0.0,2.0,13,6,4
36733,16,2,3,0,8,3,0,1,0,1,2,6,3,4,1.0,0.0,0.0,0.0,1.0,4.0,1,2,3
106390,16,2,3,10,15,3,0,5,0,1,2,23,3,3,2.0,0.0,0.0,2.0,0.0,2.0,12,4,8
141438,15,2,3,11,10,3,0,5,1,1,2,36,2,2,0.0,0.0,0.0,0.0,0.0,3.0,16,6,10
12275,15,10,1,0,6,3,6,1,1,1,2,18,2,2,0.0,0.0,0.0,0.0,0.0,2.0,18,4,1
59164,15,2,3,17,6,3,0,1,0,1,2,24,2,2,0.0,0.0,0.0,0.0,0.0,2.0,15,5,5
167087,8,3,3,17,2,3,0,1,1,1,1,24,2,2,0.0,0.0,0.0,0.0,0.0,3.0,8,3,11
80839,16,2,1,17,8,3,0,1,0,1,2,18,2,2,0.0,0.0,0.0,0.0,0.0,3.0,21,7,6
13904,4,2,3,10,8,4,6,1,0,1,1,19,3,4,1.0,0.0,0.0,0.0,1.0,2.0,13,4,1
68372,16,2,3,10,8,3,0,1,1,1,1,19,2,2,0.0,0.0,0.0,0.0,0.0,5.0,19,3,5
78272,16,2,3,0,8,3,0,1,1,1,1,36,2,2,0.0,0.0,0.0,0.0,0.0,2.0,9,4,6
178299,16,2,3,10,8,3,0,1,1,1,2,36,2,2,0.0,0.0,0.0,0.0,0.0,3.0,14,3,12
14572,16,7,3,17,6,3,6,1,1,1,2,18,2,2,0.0,0.0,0.0,0.0,0.0,2.0,7,3,1
154892,16,7,1,0,2,3,6,5,0,1,2,6,2,1,2.0,0.0,2.0,0.0,0.0,4.0,19,1,10
41143,16,7,3,0,19,3,6,1,0,1,2,6,2,1,5.0,0.0,1.0,4.0,0.0,0.0,8,1,3
51770,16,2,3,17,15,3,0,1,0,1,2,36,2,2,0.0,0.0,0.0,0.0,0.0,7.0,8,2,4
145297,4,2,0,17,8,3,0,1,0,1,2,18,3,2,0.0,0.0,0.0,0.0,0.0,2.0,2,1,10
72465,16,2,3,0,8,3,0,1,1,1,1,6,2,2,0.0,0.0,0.0,0.0,0.0,2.0,6,1,6
136084,16,2,3,10,6,3,0,1,1,1,1,19,2,2,0.0,0.0,0.0,0.0,0.0,2.0,16,7,9
176220,16,2,3,17,6,3,0,1,1,1,2,36,2,2,0.0,0.0,0.0,0.0,0.0,2.0,12,3,12
96055,4,2,3,15,8,3,0,1,1,1,1,23,2,2,0.0,0.0,0.0,0.0,0.0,2.0,16,2,7
152483,16,2,3,17,6,3,0,1,1,1,0,35,2,2,0.0,0.0,0.0,0.0,0.0,2.0,7,2,10
111365,15,2,3,0,8,3,0,1,1,1,2,18,2,2,0.0,0.0,0.0,0.0,0.0,2.0,17,4,8
175352,15,2,3,0,8,3,0,1,1,1,2,18,2,2,0.0,0.0,0.0,0.0,0.0,5.0,15,6,12
163906,16,3,3,10,6,3,6,1,1,1,1,19,2,2,0.0,0.0,0.0,0.0,0.0,2.0,15,2,11
186249,15,2,0,17,8,3,0,1,1,1,2,18,2,2,0.0,0.0,0.0,0.0,0.0,3.0,18,7,12
114003,16,2,3,17,18,3,0,1,1,1,2,36,2,2,0.0,0.0,0.0,0.0,0.0,2.0,9,2,8
111352,16,2,3,0,2,3,0,1,0,1,2,36,2,4,1.0,0.0,0.0,0.0,1.0,1.0,14,4,8
1643,15,10,1,2,14,3,6,5,0,1,2,5,1,2,0.0,0.0,0.0,0.0,0.0,1.0,4,7,1
154489,16,2,1,15,2,3,0,1,1,1,1,12,2,2,0.0,0.0,0.0,0.0,0.0,2.0,18,2,10
40170,16,2,3,15,10,3,0,2,1,1,2,3,2,2,0.0,0.0,0.0,0.0,0.0,2.0,12,2,3
29440,15,2,3,17,10,3,0,1,1,1,1,23,2,2,0.0,0.0,0.0,0.0,0.0,4.0,7,5,3
117248,16,2,2,2,17,3,0,1,0,1,2,9,1,2,0.0,0.0,0.0,0.0,0.0,1.0,6,7,8
22036,16,7,2,9,8,3,6,5,0,1,2,24,2,3,1.0,0.0,0.0,1.0,0.0,1.0,6,5,2
173582,16,2,3,10,8,4,0,1,1,1,0,36,2,2,0.0,0.0,0.0,0.0,0.0,2.0,10,7,12
188008,16,7,4,0,6,3,6,5,0,1,2,6,3,4,1.0,0.0,0.0,0.0,1.0,3.0,15,1,12
95148,15,2,3,0,6,3,0,1,0,1,2,18,2,2,0.0,0.0,0.0,0.0,0.0,4.0,9,2,7
173368,15,7,3,0,2,5,6,1,0,1,2,18,2,1,2.0,0.0,1.0,1.0,0.0,0.0,10,2,12
6719,16,3,3,15,2,3,5,5,1,1,2,36,2,2,0.0,0.0,0.0,0.0,0.0,2.0,11,3,1
188295,4,2,4,8,2,3,1,1,1,1,1,18,2,2,0.0,0.0,0.0,0.0,0.0,2.0,17,4,12
81877,16,2,1,10,8,3,0,1,1,1,2,19,2,2,0.0,0.0,0.0,0.0,0.0,2.0,3,1,6
110338,16,2,1,17,5,3,0,1,0,1,2,22,2,3,1.0,0.0,0.0,1.0,0.0,1.0,8,2,8
105151,16,2,3,15,8,3,0,1,1,1,1,23,2,2,0.0,0.0,0.0,0.0,0.0,2.0,16,6,8
101100,16,2,0,10,15,3,0,1,0,1,2,36,2,2,0.0,0.0,0.0,0.0,0.0,2.0,21,3,7
147229,16,2,1,10,3,3,0,1,1,1,1,19,2,2,0.0,0.0,0.0,0.0,0.0,2.0,2,2,10
116563,16,2,3,0,6,3,0,5,1,1,2,6,2,2,0.0,0.0,0.0,0.0,0.0,2.0,6,5,8
87215,16,2,1,8,6,3,0,1,0,1,0,36,2,3,1.0,0.0,0.0,1.0,0.0,2.0,23,7,6
4803,16,2,3,17,6,3,0,1,0,1,2,18,2,4,1.0,0.0,0.0,0.0,1.0,3.0,8,4,1
47375,15,2,3,10,6,3,0,1,0,1,1,36,2,2,0.0,0.0,0.0,0.0,0.0,2.0,14,3,4
156473,15,2,1,0,11,3,0,1,0,1,2,6,4,2,0.0,0.0,0.0,0.0,0.0,9.0,22,6,11
174898,4,2,1,7,10,3,0,5,0,0,2,9,2,2,0.0,0.0,0.0,0.0,0.0,2.0,16,1,12
52654,4,2,3,17,2,3,0,1,1,1,2,18,3,2,0.0,0.0,0.0,0.0,0.0,6.0,17,4,4
123763,16,2,3,17,6,3,0,1,0,1,2,17,2,2,0.0,0.0,0.0,0.0,0.0,2.0,18,6,9
67503,16,2,1,17,3,3,0,5,0,1,2,24,2,3,2.0,0.0,0.0,2.0,0.0,3.0,21,3,5
50043,16,2,1,3,6,3,0,1,0,1,2,11,2,2,0.0,0.0,0.0,0.0,0.0,2.0,22,7,4
17459,4,2,1,17,2,3,6,1,1,1,2,36,3,2,0.0,0.0,0.0,0.0,0.0,3.0,23,4,2
135312,16,2,1,8,8,3,0,1,0,1,2,18,2,3,1.0,0.0,0.0,1.0,0.0,1.0,22,5,9
164812,15,7,1,10,8,3,6,1,1,1,1,19,2,2,0.0,0.0,0.0,0.0,0.0,2.0,20,6,11
98400,15,2,3,0,6,3,0,1,0,1,2,36,2,3,1.0,0.0,0.0,1.0,0.0,3.0,17,3,7
66955,15,2,3,8,8,3,0,1,0,0,0,26,2,3,1.0,0.0,0.0,1.0,0.0,1.0,8,2,5
113904,17,11,5,0,8,3,5,5,1,1,2,36,2,2,0.0,0.0,0.0,0.0,0.0,2.0,1,7,8
128452,16,2,3,17,2,3,0,5,1,1,2,23,2,2,0.0,0.0,0.0,0.0,0.0,2.0,17,7,9
76391,16,2,3,0,6,3,0,5,1,1,2,18,2,2,0.0,0.0,0.0,0.0,0.0,2.0,14,6,6
107212,16,2,3,10,8,3,0,5,1,1,2,36,2,2,0.0,0.0,0.0,0.0,0.0,2.0,18,2,8
14704,15,2,3,0,8,3,0,1,0,1,2,5,2,2,0.0,0.0,0.0,0.0,0.0,2.0,14,5,1
13389,15,2,3,0,11,3,0,1,1,1,2,18,2,2,0.0,0.0,0.0,0.0,0.0,2.0,7,1,1
55441,11,2,3,0,8,3,0,1,1,1,2,36,2,2,0.0,0.0,0.0,0.0,0.0,2.0,13,2,4
23327,16,10,1,9,6,3,4,1,0,1,0,18,2,3,1.0,0.0,0.0,1.0,0.0,1.0,19,6,2
68182,16,2,3,15,3,3,0,1,1,1,0,18,2,2,0.0,0.0,0.0,0.0,0.0,2.0,15,6,5
142820,15,2,3,0,2,3,0,1,0,1,2,18,2,2,0.0,0.0,0.0,0.0,0.0,2.0,8,3,10
101761,4,2,3,0,12,3,0,1,0,1,2,18,2,4,1.0,0.0,0.0,0.0,1.0,1.0,15,7,7
91824,16,2,1,17,6,3,0,1,0,1,2,18,2,4,1.0,0.0,0.0,0.0,1.0,1.0,21,7,7
31202,16,2,1,15,8,3,0,1,1,1,2,23,2,2,0.0,0.0,0.0,0.0,0.0,2.0,0,7,3
61158,16,7,3,2,10,4,6,1,0,1,2,15,1,0,1.0,1.0,0.0,0.0,0.0,0.0,12,6,5
133713,16,2,3,10,8,3,0,1,1,1,2,19,2,2,0.0,0.0,0.0,0.0,0.0,2.0,12,2,9
63352,4,3,3,0,10,3,6,1,1,1,2,18,2,2,0.0,0.0,0.0,0.0,0.0,4.0,13,7,5
181826,16,2,3,17,3,3,0,1,0,1,2,18,2,2,0.0,0.0,0.0,0.0,0.0,2.0,9,3,12
82833,16,2,1,0,6,3,0,1,0,1,2,18,2,4,1.0,0.0,0.0,0.0,1.0,3.0,3,1,6
46108,16,2,1,10,8,3,6,1,0,1,2,8,2,2,0.0,0.0,0.0,0.0,0.0,4.0,4,7,4
131327,15,2,3,17,2,3,0,1,0,1,2,5,2,2,0.0,0.0,0.0,0.0,0.0,2.0,11,4,9
129741,15,2,3,17,18,3,0,1,1,1,2,22,2,2,0.0,0.0,0.0,0.0,0.0,2.0,8,5,9
27947,16,11,0,17,6,3,5,5,1,1,2,36,2,2,0.0,0.0,0.0,0.0,0.0,3.0,8,2,2
24513,16,2,2,17,8,3,4,1,1,1,1,24,2,2,0.0,0.0,0.0,0.0,0.0,2.0,18,5,2
78047,15,2,3,9,8,3,0,5,0,1,2,19,2,3,1.0,0.0,0.0,1.0,0.0,1.0,17,2,6
177083,16,2,3,9,6,3,0,1,0,1,2,38,2,3,1.0,0.0,0.0,1.0,0.0,1.0,8,2,12
5828,16,2,1,9,2,3,0,1,0,1,2,36,2,4,1.0,0.0,0.0,0.0,1.0,1.0,6,5,1
35903,16,2,3,10,8,3,0,1,1,1,1,19,2,2,0.0,0.0,0.0,0.0,0.0,3.0,10,7,3
74654,16,2,3,17,2,3,0,1,1,1,1,23,2,2,0.0,0.0,0.0,0.0,0.0,2.0,10,7,6
44925,16,2,3,0,8,3,0,1,0,1,2,30,2,4,1.0,0.0,0.0,0.0,1.0,1.0,18,5,4
121665,17,2,3,8,8,3,0,5,0,1,2,36,2,4,1.0,0.0,0.0,0.0,1.0,1.0,16,1,9
56563,4,2,3,17,3,5,0,1,0,1,2,36,2,4,1.0,0.0,0.0,0.0,1.0,4.0,9,4,5
183477,16,11,5,9,8,3,5,5,0,1,1,36,2,4,1.0,0.0,0.0,0.0,1.0,1.0,7,4,12
128171,16,2,3,17,2,3,0,1,1,1,2,24,2,2,0.0,0.0,0.0,0.0,0.0,3.0,14,5,9
56431,15,2,3,0,8,3,0,1,0,1,2,18,2,2,0.0,0.0,0.0,0.0,0.0,4.0,16,4,5
144610,16,2,2,15,8,3,0,1,1,1,2,23,2,2,0.0,0.0,0.0,0.0,0.0,4.0,18,5,10
32989,16,2,3,10,2,3,0,1,1,1,0,36,2,2,0.0,0.0,0.0,0.0,0.0,2.0,13,2,3
7353,4,2,1,0,8,3,0,1,1,0,2,21,2,2,0.0,0.0,0.0,0.0,0.0,2.0,18,7,1
105510,16,2,3,17,6,3,0,1,0,1,2,18,2,2,0.0,0.0,0.0,0.0,0.0,2.0,10,5,8
172602,15,2,1,0,10,3,0,1,1,1,2,36,2,2,0.0,0.0,0.0,0.0,0.0,2.0,17,6,12
176035,16,2,3,15,10,3,0,1,0,1,2,17,2,2,0.0,0.0,0.0,0.0,0.0,2.0,7,6,12
87029,4,2,3,17,6,3,0,1,1,1,0,36,2,2,0.0,0.0,0.0,0.0,0.0,2.0,13,4,6
118115,16,2,3,10,2,3,0,1,1,1,1,36,2,2,0.0,0.0,0.0,0.0,0.0,2.0,13,1,8
26545,15,2,3,9,6,3,0,1,0,1,2,18,2,1,1.0,0.0,1.0,0.0,0.0,1.0,15,7,2
152510,16,2,3,0,5,3,6,1,1,1,0,38,2,2,0.0,0.0,0.0,0.0,0.0,3.0,12,2,10
48416,16,2,3,15,6,3,0,1,1,1,0,36,2,2,0.0,0.0,0.0,0.0,0.0,2.0,6,6,4
163799,15,2,3,9,8,3,0,1,0,0,0,18,2,3,1.0,0.0,0.0,1.0,0.0,1.0,7,6,11
61793,17,2,3,17,6,3,0,5,1,1,1,26,2,2,0.0,0.0,0.0,0.0,0.0,2.0,16,4,5
31664,16,2,3,10,8,3,0,1,1,1,2,36,2,2,0.0,0.0,0.0,0.0,0.0,2.0,8,2,3
50078,16,2,1,0,6,3,0,1,0,1,2,6,2,1,2.0,0.0,1.0,1.0,0.0,0.0,22,1,4
69312,15,7,3,10,15,3,6,1,1,1,2,36,2,2,0.0,0.0,0.0,0.0,0.0,2.0,19,2,5
137251,16,2,3,17,8,3,0,1,1,1,0,24,2,2,0.0,0.0,0.0,0.0,0.0,2.0,17,4,9
3167,15,2,0,0,6,3,0,5,1,1,2,36,2,2,0.0,0.0,0.0,0.0,0.0,2.0,20,5,1
16130,16,2,3,10,6,3,0,5,1,1,1,19,2,2,0.0,0.0,0.0,0.0,0.0,2.0,7,2,2
42072,16,7,1,17,6,3,6,6,0,1,2,39,2,2,0.0,0.0,0.0,0.0,0.0,2.0,6,5,3
13329,4,7,3,7,2,3,6,5,0,1,2,36,2,2,0.0,0.0,0.0,0.0,0.0,1.0,10,7,1
94560,16,2,1,15,2,3,5,5,1,1,1,23,2,2,0.0,0.0,0.0,0.0,0.0,3.0,23,6,7
84789,16,2,3,15,8,3,0,1,1,1,1,36,2,2,0.0,0.0,0.0,0.0,0.0,2.0,16,3,6
96935,15,2,3,0,8,3,0,1,1,1,2,36,2,2,0.0,0.0,0.0,0.0,0.0,3.0,18,2,7
167687,15,2,3,0,3,3,0,1,0,1,2,38,2,4,1.0,0.0,0.0,0.0,1.0,2.0,9,4,11
8241,16,2,3,15,8,3,0,1,1,1,1,36,2,2,0.0,0.0,0.0,0.0,0.0,2.0,11,5,1
181275,16,7,3,17,6,3,6,1,1,1,2,24,2,2,0.0,0.0,0.0,0.0,0.0,2.0,10,2,12
60761,15,7,1,0,3,3,6,1,1,1,2,36,2,2,0.0,0.0,0.0,0.0,0.0,2.0,21,1,5
47523,16,7,3,15,15,3,6,1,1,1,2,12,2,2,0.0,0.0,0.0,0.0,0.0,2.0,15,6,4
25534,16,10,1,10,3,3,0,1,1,1,0,19,2,2,0.0,0.0,0.0,0.0,0.0,2.0,18,4,2
114455,17,2,4,2,6,3,0,1,0,1,2,36,1,2,0.0,0.0,0.0,0.0,0.0,1.0,18,1,8
159092,15,2,3,8,6,3,0,1,0,1,2,18,2,3,1.0,0.0,0.0,1.0,0.0,1.0,11,2,11
72443,16,2,1,0,8,3,0,1,1,1,0,26,2,2,0.0,0.0,0.0,0.0,0.0,2.0,3,1,6
120415,15,2,1,0,15,3,0,1,0,1,2,18,2,1,1.0,0.0,1.0,0.0,0.0,2.0,1,7,8
74548,16,2,3,10,8,3,0,5,1,1,1,24,2,2,0.0,0.0,0.0,0.0,0.0,2.0,17,5,6
135979,16,3,3,17,8,3,5,5,1,1,0,36,2,2,0.0,0.0,0.0,0.0,0.0,2.0,13,6,9
44360,16,2,3,9,8,3,0,5,0,1,2,18,2,3,1.0,0.0,0.0,1.0,0.0,1.0,8,3,4
151461,4,2,3,17,15,3,0,1,0,1,2,18,2,2,0.0,0.0,0.0,0.0,0.0,2.0,15,5,10
49617,15,2,3,2,6,3,0,1,0,1,2,18,1,2,0.0,0.0,0.0,0.0,0.0,2.0,16,7,4
114800,16,2,3,10,2,3,0,1,1,1,1,19,2,2,0.0,0.0,0.0,0.0,0.0,2.0,7,6,8
51926,15,7,1,0,6,3,6,1,0,1,2,36,2,4,1.0,0.0,0.0,0.0,1.0,2.0,20,6,4
13284,15,2,1,0,6,3,2,1,0,1,2,18,2,3,1.0,0.0,0.0,1.0,0.0,4.0,0,6,1
26082,16,10,1,15,10,3,4,1,0,1,2,24,2,2,0.0,0.0,0.0,0.0,0.0,2.0,21,6,2
177973,16,7,3,9,16,3,6,1,0,1,0,39,2,3,1.0,0.0,0.0,1.0,0.0,1.0,19,6,12
149500,4,2,3,17,8,3,0,1,1,1,2,18,2,2,0.0,0.0,0.0,0.0,0.0,2.0,12,5,10
105636,4,2,3,7,10,3,0,1,1,0,1,36,2,2,0.0,0.0,0.0,0.0,0.0,1.0,18,6,8
121296,16,2,3,17,8,2,0,5,1,1,2,36,2,2,0.0,0.0,0.0,0.0,0.0,3.0,15,4,9