crash_date,               traffic_control_device,weather_condition,lighting_condition,first_crash_type,trafficway_type,alignment,roadway_surface_cond,road_defect,crash_type,intersection_related_i,damage,prim_contributory_cause,num_units,most_severe_injury,injuries_total,injuries_fatal,injuries_incapacitating,injuries_non_incapacitating,injuries_reported_not_evident,injuries_no_indication,crash_hour,crash_day_of_week,crash_month
159155,16,2,0,17,19,3,6,5,1,1,2,23,2,2,0.0,0.0,0.0,0.0,0.0,3.0,0,4,11
97412,15,2,3,10,2,4,0,1,1,1,1,19,2,2,0.0,0.0,0.0,0.0,0.0,2.0,9,2,7
52797,16,2,0,0,6,3,0,1,0,1,2,6,2,1,3.0,0.0,1.0,2.0,0.0,1.0,2,1,4
46954,16,2,3,0,6,3,0,5,0,1,2,6,2,2,0.0,0.0,0.0,0.0,0.0,3.0,10,2,4
32121,15,7,4,10,18,3,6,1,0,1,2,19,2,2,0.0,0.0,0.0,0.0,0.0,7.0,17,2,3
61523,16,2,3,0,6,3,0,1,0,1,2,6,2,4,2.0,0.0,0.0,0.0,2.0,1.0,7,7,5
160325,16,2,1,17,8,3,0,1,1,1,2,17,2,2,0.0,0.0,0.0,0.0,0.0,2.0,23,5,11
46741,15,2,3,0,8,3,0,1,0,1,2,18,2,3,1.0,0.0,0.0,1.0,0.0,1.0,17,4,4
26711,15,2,3,0,10,3,0,1,1,1,1,36,2,2,0.0,0.0,0.0,0.0,0.0,2.0,14,2,2
37638,16,2,3,17,3,3,0,1,0,1,2,18,2,2,0.0,0.0,0.0,0.0,0.0,3.0,18,4,3
76941,16,2,3,17,8,3,0,1,1,0,1,36,2,2,0.0,0.0,0.0,0.0,0.0,3.0,10,6,6
102531,4,2,2,17,6,3,0,1,1,1,2,36,2,2,0.0,0.0,0.0,0.0,0.0,2.0,14,4,7
50872,16,2,3,15,2,3,0,1,1,1,2,22,2,2,0.0,0.0,0.0,0.0,0.0,3.0,16,7,4
131358,16,2,3,10,2,3,0,1,1,1,2,19,2,2,0.0,0.0,0.0,0.0,0.0,2.0,17,5,9
20791,16,2,1,0,15,3,0,1,0,1,2,26,2,4,1.0,0.0,0.0,0.0,1.0,1.0,19,5,2
50491,16,2,3,10,8,3,0,1,1,1,2,19,2,2,0.0,0.0,0.0,0.0,0.0,2.0,17,2,4
164761,16,7,3,0,2,3,6,1,0,1,2,18,2,2,0.0,0.0,0.0,0.0,0.0,4.0,13,6,11
74288,15,2,3,0,6,3,0,1,1,1,2,5,2,2,0.0,0.0,0.0,0.0,0.0,3.0,16,2,6
114426,15,2,1,10,6,3,0,1,1,1,2,36,2,2,0.0,0.0,0.0,0.0,0.0,2.0,0,7,8
98704,16,2,3,10,3,3,0,1,1,1,2,26,2,2,0.0,0.0,0.0,0.0,0.0,2.0,12,1,7
79314,16,2,3,0,6,3,0,1,1,1,2,6,2,2,0.0,0.0,0.0,0.0,0.0,3.0,12,6,6
188323,4,2,3,17,8,3,0,1,1,1,2,17,2,2,0.0,0.0,0.0,0.0,0.0,2.0,14,5,12
151206,17,11,1,17,15,3,5,5,1,1,1,36,2,2,0.0,0.0,0.0,0.0,0.0,2.0,22,7,10
129218,16,2,3,17,3,3,0,1,0,1,2,36,2,2,0.0,0.0,0.0,0.0,0.0,2.0,16,5,9
93215,16,7,3,0,8,3,6,1,0,1,1,17,2,2,0.0,0.0,0.0,0.0,0.0,5.0,14,1,7
156565,16,2,3,17,6,3,0,1,0,1,2,18,2,2,0.0,0.0,0.0,0.0,0.0,2.0,14,2,11
81893,4,2,3,2,5,3,0,5,0,1,2,36,1,1,2.0,0.0,1.0,1.0,0.0,0.0,17,1,6
40898,16,2,3,0,6,3,0,1,0,1,2,3,2,3,1.0,0.0,0.0,1.0,0.0,1.0,6,3,3
143277,16,2,3,17,6,3,0,1,0,1,2,18,2,2,0.0,0.0,0.0,0.0,0.0,2.0,15,5,10
51617,16,2,1,10,8,3,0,1,1,1,2,19,2,2,0.0,0.0,0.0,0.0,0.0,2.0,8,1,4
119408,16,7,3,10,8,3,6,1,1,1,1,36,2,2,0.0,0.0,0.0,0.0,0.0,2.0,7,3,8
104627,16,2,1,17,2,3,0,1,0,1,2,18,2,3,1.0,0.0,0.0,1.0,0.0,1.0,21,5,8
74814,16,7,3,0,2,3,6,1,0,1,2,39,2,1,3.0,0.0,2.0,0.0,1.0,0.0,12,2,6
51361,16,2,3,17,8,3,0,1,1,1,1,17,2,2,0.0,0.0,0.0,0.0,0.0,2.0,11,1,4
16477,15,7,4,17,8,3,6,1,1,1,2,24,2,2,0.0,0.0,0.0,0.0,0.0,4.0,13,2,2
178023,16,2,1,17,6,3,0,5,1,1,2,24,2,2,0.0,0.0,0.0,0.0,0.0,2.0,15,7,12
178820,16,3,3,17,5,3,0,5,0,1,2,36,2,3,2.0,0.0,0.0,1.0,1.0,2.0,8,5,12
126184,15,2,3,0,8,3,0,1,0,1,2,5,2,2,0.0,0.0,0.0,0.0,0.0,2.0,16,4,9
74077,15,2,3,8,6,3,0,5,0,1,0,5,2,3,1.0,0.0,0.0,1.0,0.0,2.0,14,6,6
115759,16,2,3,17,3,3,0,5,1,1,2,35,2,2,0.0,0.0,0.0,0.0,0.0,4.0,7,6,8
136173,16,7,2,17,6,3,6,1,1,1,2,18,2,2,0.0,0.0,0.0,0.0,0.0,2.0,6,2,9
184491,15,2,3,0,15,3,0,5,0,1,2,18,2,2,0.0,0.0,0.0,0.0,0.0,4.0,11,4,12
174573,15,2,1,4,8,3,0,1,0,1,0,36,1,3,1.0,0.0,0.0,1.0,0.0,0.0,23,7,12
143113,15,3,1,0,10,3,0,5,1,1,2,18,2,2,0.0,0.0,0.0,0.0,0.0,3.0,19,1,10
36081,16,2,2,17,6,3,0,1,0,1,2,18,2,2,0.0,0.0,0.0,0.0,0.0,2.0,6,5,3
161898,16,2,1,17,2,3,6,1,0,1,2,18,2,1,2.0,0.0,1.0,1.0,0.0,0.0,19,1,11
120250,16,2,3,10,8,3,0,1,1,1,1,19,2,2,0.0,0.0,0.0,0.0,0.0,2.0,8,3,8
130616,16,2,3,0,15,3,0,1,0,1,2,26,2,3,1.0,0.0,0.0,1.0,0.0,1.0,8,4,9
5116,15,10,1,10,2,3,4,5,1,1,0,39,2,2,0.0,0.0,0.0,0.0,0.0,2.0,20,7,1
28704,16,2,3,17,2,3,0,1,1,1,0,36,2,2,0.0,0.0,0.0,0.0,0.0,4.0,13,5,3
95889,16,2,1,10,8,3,0,1,1,1,2,19,2,2,0.0,0.0,0.0,0.0,0.0,2.0,1,1,7
171249,16,3,3,15,3,3,6,1,0,1,2,13,2,2,0.0,0.0,0.0,0.0,0.0,2.0,8,5,11
105387,16,2,3,17,15,3,0,1,1,1,2,24,2,2,0.0,0.0,0.0,0.0,0.0,3.0,11,3,8
981,16,7,3,10,8,3,6,1,1,1,1,36,2,2,0.0,0.0,0.0,0.0,0.0,2.0,13,3,1
182512,16,3,1,15,8,3,5,5,1,1,2,36,2,2,0.0,0.0,0.0,0.0,0.0,3.0,18,3,12
159422,16,2,3,15,8,3,0,1,1,1,1,17,2,2,0.0,0.0,0.0,0.0,0.0,2.0,9,7,11
170036,15,10,3,17,6,3,6,1,1,1,2,18,2,2,0.0,0.0,0.0,0.0,0.0,2.0,11,1,11
163046,16,2,3,14,8,3,0,1,1,1,2,21,2,2,0.0,0.0,0.0,0.0,0.0,2.0,14,3,11
56993,16,2,3,10,2,3,0,1,1,1,2,36,2,2,0.0,0.0,0.0,0.0,0.0,3.0,7,4,5
30597,16,7,0,10,8,3,6,1,0,1,2,6,2,4,1.0,0.0,0.0,0.0,1.0,1.0,21,3,3
155673,16,2,1,0,6,3,0,1,0,1,2,6,2,1,2.0,0.0,1.0,1.0,0.0,0.0,23,5,10
46920,16,2,3,7,6,3,0,1,1,1,2,24,2,2,0.0,0.0,0.0,0.0,0.0,2.0,11,1,4
809,16,2,3,9,8,3,6,1,0,1,0,36,2,4,1.0,0.0,0.0,0.0,1.0,1.0,14,1,1
69335,15,2,3,17,15,3,0,1,0,1,2,24,2,2,0.0,0.0,0.0,0.0,0.0,3.0,13,4,5
74705,16,2,3,0,6,3,0,1,0,1,2,6,2,3,2.0,0.0,0.0,1.0,1.0,0.0,17,1,6
129695,15,2,1,0,6,3,0,1,0,1,2,18,2,2,0.0,0.0,0.0,0.0,0.0,2.0,21,3,9
117104,4,2,1,17,2,3,0,1,1,1,1,18,2,2,0.0,0.0,0.0,0.0,0.0,3.0,19,6,8
182986,15,11,5,17,15,3,5,5,0,1,2,18,2,2,0.0,0.0,0.0,0.0,0.0,4.0,19,5,12
68862,16,2,3,17,6,3,0,1,0,1,2,6,2,2,0.0,0.0,0.0,0.0,0.0,2.0,14,4,5
239,15,10,3,0,3,3,4,1,0,1,2,36,2,1,3.0,0.0,1.0,2.0,0.0,0.0,14,6,1
22130,16,2,3,17,11,3,0,1,1,1,2,24,3,2,0.0,0.0,0.0,0.0,0.0,4.0,16,6,2
143100,16,2,3,17,3,3,0,1,0,1,2,6,2,3,1.0,0.0,0.0,1.0,0.0,1.0,16,1,10
46127,16,2,1,9,8,3,0,1,1,1,0,36,2,2,0.0,0.0,0.0,0.0,0.0,2.0,20,7,4
151192,16,2,1,17,2,3,0,1,0,1,2,36,2,4,1.0,0.0,0.0,0.0,1.0,5.0,19,7,10
165303,16,2,3,17,11,3,6,1,1,1,1,18,2,2,0.0,0.0,0.0,0.0,0.0,2.0,7,4,11
146406,15,2,3,8,8,3,0,1,0,1,0,18,2,3,1.0,0.0,0.0,1.0,0.0,1.0,16,2,10
163,16,2,1,17,10,3,6,1,1,1,1,23,2,2,0.0,0.0,0.0,0.0,0.0,2.0,0,3,1
5578,16,10,3,15,8,3,4,5,1,1,2,23,2,2,0.0,0.0,0.0,0.0,0.0,2.0,15,7,1
76082,16,2,3,10,8,3,0,1,1,1,2,19,2,2,0.0,0.0,0.0,0.0,0.0,2.0,14,7,6
13449,15,10,3,8,2,3,4,1,1,1,0,17,2,2,0.0,0.0,0.0,0.0,0.0,2.0,8,2,1
176698,16,2,1,0,2,3,0,1,0,1,2,6,2,3,1.0,0.0,0.0,1.0,0.0,2.0,19,2,12
59356,16,2,3,0,6,3,0,5,0,1,2,36,2,3,1.0,0.0,0.0,1.0,0.0,4.0,13,1,5
96335,4,2,3,8,15,3,0,1,1,1,0,38,2,2,0.0,0.0,0.0,0.0,0.0,2.0,15,7,7
84902,15,2,3,0,8,3,0,5,0,1,2,18,2,4,1.0,0.0,0.0,0.0,1.0,2.0,19,5,6
67136,15,2,3,7,10,3,0,1,1,1,2,12,2,2,0.0,0.0,0.0,0.0,0.0,2.0,16,4,5
150519,4,11,5,7,8,3,5,5,1,1,2,36,2,2,0.0,0.0,0.0,0.0,0.0,1.0,2,4,10
140998,16,2,1,0,6,3,0,1,0,1,2,28,2,2,0.0,0.0,0.0,0.0,0.0,2.0,21,1,10
186221,15,10,3,10,8,3,6,1,0,1,2,19,2,2,0.0,0.0,0.0,0.0,0.0,2.0,11,5,12
171961,16,2,3,9,2,3,5,5,0,1,2,36,2,1,1.0,0.0,1.0,0.0,0.0,1.0,15,4,11
21238,16,2,1,10,2,3,6,1,0,1,1,36,3,1,4.0,0.0,1.0,3.0,0.0,0.0,22,5,2
81975,16,2,1,0,8,3,0,5,0,1,2,36,4,2,0.0,0.0,0.0,0.0,0.0,5.0,22,2,6
124518,16,2,3,17,6,3,0,5,0,1,2,24,2,2,0.0,0.0,0.0,0.0,0.0,2.0,14,1,9
34856,15,2,3,9,8,3,0,1,1,1,0,24,2,2,0.0,0.0,0.0,0.0,0.0,2.0,13,5,3
7970,16,2,3,0,6,3,4,1,0,1,2,36,2,4,1.0,0.0,0.0,0.0,1.0,2.0,15,3,1
90944,16,2,3,15,3,3,0,1,1,1,0,4,3,2,0.0,0.0,0.0,0.0,0.0,3.0,13,7,7
18137,16,2,1,17,8,3,0,1,0,1,2,18,2,2,0.0,0.0,0.0,0.0,0.0,3.0,16,2,2
168725,16,2,1,10,3,3,0,1,1,1,2,17,2,2,0.0,0.0,0.0,0.0,0.0,3.0,19,7,11
182401,15,2,2,0,6,3,6,5,1,1,2,18,2,2,0.0,0.0,0.0,0.0,0.0,2.0,6,4,12
121593,17,2,3,5,3,3,0,0,0,1,2,36,1,1,1.0,0.0,1.0,0.0,0.0,0.0,17,2,9
52859,15,11,3,0,6,3,5,5,1,1,2,5,2,2,0.0,0.0,0.0,0.0,0.0,2.0,16,2,4
121702,18,7,3,0,8,3,6,5,1,1,1,36,2,2,0.0,0.0,0.0,0.0,0.0,2.0,14,2,9
56244,16,2,3,9,8,3,0,5,0,1,2,24,2,3,1.0,0.0,0.0,1.0,0.0,1.0,13,7,5
69757,15,7,3,9,6,3,6,5,0,1,1,36,2,3,1.0,0.0,0.0,1.0,0.0,1.0,15,3,5
3603,16,2,1,15,3,3,0,1,1,1,1,22,2,2,0.0,0.0,0.0,0.0,0.0,2.0,1,6,1
140662,15,2,3,0,6,4,0,1,0,1,2,38,2,2,0.0,0.0,0.0,0.0,0.0,3.0,12,1,10
88637,16,2,1,0,6,3,0,1,0,1,2,6,2,4,3.0,0.0,0.0,0.0,3.0,0.0,21,7,7
173160,15,2,3,10,2,3,0,5,1,1,2,28,3,2,0.0,0.0,0.0,0.0,0.0,7.0,12,7,12
19812,16,2,3,17,8,3,0,5,0,1,2,26,2,3,1.0,0.0,0.0,1.0,0.0,1.0,14,3,2
67169,15,2,3,0,8,3,0,1,0,1,2,38,2,2,0.0,0.0,0.0,0.0,0.0,2.0,9,4,5
21605,15,2,3,0,8,3,0,1,1,1,2,26,2,2,0.0,0.0,0.0,0.0,0.0,3.0,9,4,2
33842,16,11,3,15,8,3,4,5,1,1,2,22,2,2,0.0,0.0,0.0,0.0,0.0,3.0,8,2,3
125378,15,2,3,0,6,3,0,1,1,1,2,5,2,2,0.0,0.0,0.0,0.0,0.0,2.0,12,7,9
73169,16,2,3,17,8,3,0,1,1,1,1,18,2,2,0.0,0.0,0.0,0.0,0.0,2.0,18,6,6
143993,16,2,3,13,3,3,0,1,1,1,2,21,2,2,0.0,0.0,0.0,0.0,0.0,2.0,11,6,10
87783,4,2,1,14,2,3,0,1,1,1,2,34,2,2,0.0,0.0,0.0,0.0,0.0,3.0,21,6,7
87364,16,2,1,17,8,3,0,1,0,1,2,36,2,3,1.0,0.0,0.0,1.0,0.0,3.0,0,7,6
85699,16,2,3,0,16,3,0,1,1,1,2,6,2,2,0.0,0.0,0.0,0.0,0.0,3.0,6,4,6
142176,15,2,3,0,8,3,0,1,1,1,1,18,2,2,0.0,0.0,0.0,0.0,0.0,2.0,16,6,10
22248,4,2,3,15,2,3,0,5,1,1,2,18,2,2,0.0,0.0,0.0,0.0,0.0,2.0,14,1,2
99789,16,2,3,10,3,3,0,1,0,1,2,19,2,2,0.0,0.0,0.0,0.0,0.0,2.0,17,3,7
130912,4,2,0,7,10,3,0,1,0,1,2,36,2,2,0.0,0.0,0.0,0.0,0.0,1.0,10,7,9
152113,15,2,1,0,8,3,0,5,0,1,2,18,2,2,0.0,0.0,0.0,0.0,0.0,3.0,20,6,10
139706,16,2,3,10,8,3,0,1,1,1,2,19,2,2,0.0,0.0,0.0,0.0,0.0,2.0,12,3,10
62569,16,7,0,0,6,3,6,5,1,1,2,6,3,2,0.0,0.0,0.0,0.0,0.0,3.0,20,2,5
170259,16,3,3,0,2,3,6,1,0,1,2,6,2,2,0.0,0.0,0.0,0.0,0.0,2.0,9,3,11
48088,4,2,3,17,2,3,0,1,1,1,2,24,2,2,0.0,0.0,0.0,0.0,0.0,2.0,12,6,4
119177,16,2,1,2,8,3,0,1,0,0,2,36,1,2,0.0,0.0,0.0,0.0,0.0,2.0,22,1,8
96016,6,2,3,0,8,3,0,1,0,1,2,36,2,2,0.0,0.0,0.0,0.0,0.0,2.0,12,3,7
184071,16,11,5,0,8,4,5,5,1,1,2,6,2,2,0.0,0.0,0.0,0.0,0.0,2.0,13,7,12
139733,16,2,3,17,6,3,0,1,1,1,2,19,2,2,0.0,0.0,0.0,0.0,0.0,2.0,17,4,10
104794,16,7,0,10,8,3,6,1,1,1,1,36,2,2,0.0,0.0,0.0,0.0,0.0,3.0,0,1,8
163712,15,2,3,17,10,3,0,1,1,1,2,24,2,2,0.0,0.0,0.0,0.0,0.0,3.0,7,5,11
44432,16,2,3,15,10,3,0,5,1,1,2,18,2,2,0.0,0.0,0.0,0.0,0.0,5.0,15,6,4
83215,4,7,2,17,8,3,0,1,1,1,0,24,2,2,0.0,0.0,0.0,0.0,0.0,3.0,5,6,6
129093,16,2,4,17,15,3,0,1,1,1,2,36,2,2,0.0,0.0,0.0,0.0,0.0,2.0,17,2,9
83388,4,2,3,10,8,3,0,1,1,1,1,19,2,2,0.0,0.0,0.0,0.0,0.0,2.0,13,3,6
10746,17,2,3,10,8,3,5,5,0,1,2,36,3,2,0.0,0.0,0.0,0.0,0.0,3.0,13,6,1
139571,16,2,3,10,16,3,0,1,1,1,0,19,2,2,0.0,0.0,0.0,0.0,0.0,2.0,10,1,10
80426,16,2,3,17,8,3,0,1,1,1,1,17,2,2,0.0,0.0,0.0,0.0,0.0,2.0,13,7,6
139027,4,7,0,17,8,3,6,1,0,1,2,18,2,2,0.0,0.0,0.0,0.0,0.0,3.0,19,7,10
10984,16,11,5,10,19,3,5,5,1,1,2,19,2,2,0.0,0.0,0.0,0.0,0.0,3.0,21,2,1
113888,17,2,0,0,8,3,0,5,0,1,1,36,2,2,0.0,0.0,0.0,0.0,0.0,2.0,23,6,8
116342,16,2,1,7,8,3,0,1,1,1,2,22,2,2,0.0,0.0,0.0,0.0,0.0,4.0,0,7,8
55726,16,2,2,0,6,3,0,1,0,1,2,6,2,1,2.0,0.0,2.0,0.0,0.0,1.0,20,5,4
130748,16,3,3,17,8,3,0,1,0,1,2,18,2,2,0.0,0.0,0.0,0.0,0.0,3.0,16,4,9
85203,16,11,5,4,8,3,5,5,1,1,0,36,1,2,0.0,0.0,0.0,0.0,0.0,2.0,14,2,6
67972,15,2,3,14,11,3,0,1,1,1,2,11,2,2,0.0,0.0,0.0,0.0,0.0,2.0,17,4,5
135071,15,2,1,0,6,3,0,1,0,1,2,18,2,3,1.0,0.0,0.0,1.0,0.0,1.0,0,7,9
3641,16,2,1,17,6,3,0,1,1,1,2,36,2,2,0.0,0.0,0.0,0.0,0.0,2.0,22,6,1
56203,16,2,2,15,19,3,0,1,0,1,2,13,3,0,2.0,2.0,0.0,0.0,0.0,4.0,17,6,5
116139,16,2,3,10,2,3,0,1,1,1,1,9,2,2,0.0,0.0,0.0,0.0,0.0,2.0,15,4,8
15678,16,10,1,0,2,3,4,1,0,1,2,6,2,1,6.0,0.0,4.0,2.0,0.0,1.0,2,7,2
182807,4,2,3,17,11,4,0,1,1,1,2,36,2,2,0.0,0.0,0.0,0.0,0.0,3.0,15,1,12
160645,16,2,1,17,15,4,0,1,0,1,2,6,2,2,0.0,0.0,0.0,0.0,0.0,2.0,22,4,11
176957,16,7,3,10,8,3,6,1,1,1,2,12,2,2,0.0,0.0,0.0,0.0,0.0,2.0,11,6,12
27702,16,7,1,0,11,3,6,1,0,1,2,30,5,3,1.0,0.0,0.0,1.0,0.0,6.0,19,4,2
100551,17,11,5,13,11,3,5,5,1,1,2,36,2,2,0.0,0.0,0.0,0.0,0.0,2.0,14,2,7
50197,15,2,3,0,6,3,0,1,1,1,2,18,2,2,0.0,0.0,0.0,0.0,0.0,3.0,8,3,4
75018,16,2,3,10,3,3,0,1,1,1,2,19,2,2,0.0,0.0,0.0,0.0,0.0,2.0,12,4,6
182327,4,2,1,0,8,3,0,1,0,1,2,18,2,2,0.0,0.0,0.0,0.0,0.0,4.0,17,2,12
113273,16,2,3,11,8,3,0,1,1,1,1,36,2,2,0.0,0.0,0.0,0.0,0.0,2.0,11,3,8
169599,4,2,1,17,6,3,0,1,0,1,2,23,2,2,0.0,0.0,0.0,0.0,0.0,2.0,22,2,11
58873,16,2,3,10,8,3,0,1,1,1,2,19,2,2,0.0,0.0,0.0,0.0,0.0,2.0,18,7,5
153257,16,11,1,0,6,3,5,1,0,1,2,36,3,3,2.0,0.0,0.0,2.0,0.0,2.0,21,6,10
77920,15,2,3,0,2,3,0,1,1,1,2,18,2,2,0.0,0.0,0.0,0.0,0.0,2.0,6,7,6
22961,16,2,3,17,6,3,0,1,1,0,2,35,2,2,0.0,0.0,0.0,0.0,0.0,2.0,13,7,2
40153,16,7,1,0,2,3,6,1,0,1,2,6,3,2,0.0,0.0,0.0,0.0,0.0,4.0,22,1,3
127766,16,2,3,17,2,3,0,1,0,1,2,24,2,3,5.0,0.0,0.0,5.0,0.0,2.0,13,5,9
1836,16,2,3,17,6,3,0,5,0,1,2,24,2,3,1.0,0.0,0.0,1.0,0.0,1.0,15,5,1
146559,16,2,3,17,8,3,0,1,0,1,2,6,3,3,4.0,0.0,0.0,4.0,0.0,0.0,9,4,10
159628,17,11,5,17,6,3,5,5,1,1,2,36,2,2,0.0,0.0,0.0,0.0,0.0,2.0,12,3,11
91234,16,2,3,15,6,3,0,5,1,1,2,36,2,2,0.0,0.0,0.0,0.0,0.0,2.0,16,5,7
55330,15,2,3,0,6,3,0,1,1,1,2,36,2,2,0.0,0.0,0.0,0.0,0.0,4.0,18,6,4
123746,16,2,3,0,8,3,0,1,1,1,2,6,2,2,0.0,0.0,0.0,0.0,0.0,2.0,15,6,9
30483,16,2,3,10,6,3,5,5,1,1,2,22,2,2,0.0,0.0,0.0,0.0,0.0,2.0,9,3,3
73468,16,2,3,17,3,3,0,1,1,1,0,36,2,2,0.0,0.0,0.0,0.0,0.0,2.0,16,3,6
186078,16,2,1,0,2,3,4,5,1,1,2,36,2,2,0.0,0.0,0.0,0.0,0.0,6.0,17,3,12
67848,15,2,3,10,15,3,0,1,1,1,2,12,2,2,0.0,0.0,0.0,0.0,0.0,2.0,15,2,5
1423,16,2,3,10,6,3,0,1,1,1,2,19,2,2,0.0,0.0,0.0,0.0,0.0,4.0,12,4,1
183139,16,2,4,2,8,3,0,1,0,1,2,26,1,3,1.0,0.0,0.0,1.0,0.0,0.0,16,5,12
151451,15,2,3,17,8,3,0,1,1,1,1,5,2,2,0.0,0.0,0.0,0.0,0.0,2.0,13,5,10
67904,16,3,3,10,2,3,0,1,1,1,2,17,2,2,0.0,0.0,0.0,0.0,0.0,2.0,14,3,5
154908,4,2,3,17,8,3,0,1,1,1,2,5,2,2,0.0,0.0,0.0,0.0,0.0,4.0,11,1,10
102605,16,2,3,10,3,3,0,1,0,1,2,36,2,4,1.0,0.0,0.0,0.0,1.0,1.0,15,5,7
74196,16,2,1,10,8,3,0,5,1,1,2,19,2,2,0.0,0.0,0.0,0.0,0.0,2.0,0,7,6
10995,4,2,3,17,1,3,0,5,1,1,1,18,2,2,0.0,0.0,0.0,0.0,0.0,3.0,14,7,1
150647,15,7,3,17,6,3,6,1,0,1,2,18,2,2,0.0,0.0,0.0,0.0,0.0,2.0,11,6,10
85079,16,7,1,2,6,3,6,1,0,1,2,9,1,3,2.0,0.0,0.0,2.0,0.0,0.0,2,1,6
67718,16,11,1,17,2,3,5,5,1,1,1,24,2,2,0.0,0.0,0.0,0.0,0.0,2.0,1,6,5
60449,15,2,3,8,2,3,0,1,0,1,1,18,2,3,1.0,0.0,0.0,1.0,0.0,1.0,14,5,5
43764,15,7,3,17,8,3,6,1,0,1,2,36,2,3,1.0,0.0,0.0,1.0,0.0,1.0,6,5,4
144632,16,2,3,15,10,3,0,1,1,1,2,24,2,2,0.0,0.0,0.0,0.0,0.0,2.0,13,6,10
97834,15,2,1,8,2,3,0,1,0,1,1,18,2,1,1.0,0.0,1.0,0.0,0.0,1.0,23,7,7
56553,16,2,3,17,11,3,0,1,0,1,2,24,2,3,2.0,0.0,0.0,2.0,0.0,0.0,7,4,5
130136,4,2,2,17,8,3,0,1,1,1,2,18,2,2,0.0,0.0,0.0,0.0,0.0,2.0,7,2,9
92942,4,2,3,15,17,3,0,1,1,0,2,26,2,2,0.0,0.0,0.0,0.0,0.0,2.0,11,4,7
66552,15,2,2,10,2,3,0,1,1,1,2,36,2,2,0.0,0.0,0.0,0.0,0.0,2.0,5,2,5
58,16,2,1,14,8,3,0,1,1,1,1,22,2,2,0.0,0.0,0.0,0.0,0.0,5.0,3,2,1
165810,4,2,1,7,8,3,0,5,0,1,2,30,2,3,2.0,0.0,0.0,2.0,0.0,0.0,22,7,11
32662,4,2,3,17,10,3,0,1,0,1,1,18,2,2,0.0,0.0,0.0,0.0,0.0,2.0,11,3,3
173543,16,7,1,2,6,3,6,1,0,1,2,36,1,3,1.0,0.0,0.0,1.0,0.0,1.0,1,7,12
7605,16,10,0,0,2,3,0,1,1,1,1,38,2,2,0.0,0.0,0.0,0.0,0.0,3.0,16,3,1
52503,15,2,3,10,6,3,0,1,0,1,0,17,2,4,1.0,0.0,0.0,0.0,1.0,5.0,8,3,4
114066,4,2,3,0,10,3,0,1,0,1,2,15,2,0,2.0,1.0,1.0,0.0,0.0,5.0,18,1,8
173281,4,2,4,0,8,3,0,1,0,1,2,36,2,2,0.0,0.0,0.0,0.0,0.0,4.0,17,1,12
35346,15,2,3,17,8,3,0,1,1,1,2,18,2,2,0.0,0.0,0.0,0.0,0.0,2.0,13,6,3
102202,15,2,3,0,6,3,0,1,0,1,2,36,2,2,0.0,0.0,0.0,0.0,0.0,3.0,15,6,7
125425,15,2,3,0,6,3,5,5,0,1,2,18,2,2,0.0,0.0,0.0,0.0,0.0,3.0,7,2,9
75972,16,7,3,0,8,3,6,1,0,1,2,18,3,4,1.0,0.0,0.0,0.0,1.0,2.0,17,7,6
72499,4,2,3,0,8,3,0,1,0,1,1,36,2,3,1.0,0.0,0.0,1.0,0.0,1.0,16,3,6
71881,16,2,3,15,2,3,0,1,1,1,1,36,2,2,0.0,0.0,0.0,0.0,0.0,4.0,10,6,6
47347,16,2,3,15,8,3,0,1,1,0,2,18,2,2,0.0,0.0,0.0,0.0,0.0,2.0,8,2,4
1507,16,2,4,17,2,3,0,1,0,1,2,18,3,4,1.0,0.0,0.0,0.0,1.0,4.0,17,5,1
94493,16,2,3,15,8,3,0,1,1,1,0,23,2,2,0.0,0.0,0.0,0.0,0.0,2.0,9,7,7
149715,16,2,1,0,6,3,0,1,0,1,2,6,2,3,4.0,0.0,0.0,4.0,0.0,2.0,0,2,10
135557,16,2,3,0,3,3,0,1,0,1,2,6,3,3,2.0,0.0,0.0,2.0,0.0,2.0,14,1,9
118226,16,2,3,10,2,3,0,1,1,1,2,36,2,2,0.0,0.0,0.0,0.0,0.0,2.0,8,3,8
186093,16,2,3,0,2,3,6,1,0,1,2,6,2,1,2.0,0.0,1.0,1.0,0.0,0.0,7,3,12
60109,4,2,3,5,10,3,0,0,1,1,2,26,1,2,0.0,0.0,0.0,0.0,0.0,1.0,9,4,5
116620,4,2,1,0,8,3,0,5,0,1,2,18,2,0,2.0,1.0,0.0,0.0,1.0,1.0,3,7,8
10919,15,10,3,2,8,3,6,5,0,1,2,36,1,2,0.0,0.0,0.0,0.0,0.0,1.0,9,1,1
82846,4,2,4,17,2,3,0,1,1,1,2,24,2,2,0.0,0.0,0.0,0.0,0.0,5.0,19,1,6
97210,15,2,3,5,8,3,0,1,1,1,2,36,2,2,0.0,0.0,0.0,0.0,0.0,2.0,13,6,7
172242,4,7,3,17,11,3,6,1,1,1,1,21,3,2,0.0,0.0,0.0,0.0,0.0,2.0,13,7,12
119792,16,2,3,15,8,3,0,1,1,1,2,18,2,2,0.0,0.0,0.0,0.0,0.0,2.0,12,3,8
137790,16,2,3,17,3,3,0,1,1,1,0,12,2,2,0.0,0.0,0.0,0.0,0.0,2.0,10,3,10