crash_date,               traffic_control_device,weather_condition,lighting_condition,first_crash_type,trafficway_type,alignment,roadway_surface_cond,road_defect,crash_type,intersection_related_i,damage,prim_contributory_cause,num_units,most_severe_injury,injuries_total,injuries_fatal,injuries_incapacitating,injuries_non_incapacitating,injuries_reported_not_evident,injuries_no_indication,crash_hour,crash_day_of_week,crash_month
183422,16,2,3,17,2,3,0,1,0,1,2,12,2,3,2.0,0.0,0.0,2.0,0.0,1.0,8,3,12
26817,16,3,3,9,8,3,0,1,0,0,0,6,2,3,1.0,0.0,0.0,1.0,0.0,2.0,7,3,2
39423,15,2,3,10,2,3,0,1,0,1,1,36,2,3,1.0,0.0,0.0,1.0,0.0,1.0,17,2,3
13684,16,3,3,17,2,3,0,1,1,1,2,23,2,2,0.0,0.0,0.0,0.0,0.0,2.0,6,7,1
151742,16,2,3,15,6,3,0,1,1,1,2,36,2,2,0.0,0.0,0.0,0.0,0.0,2.0,9,6,10
53569,16,2,3,17,8,3,0,1,1,1,1,24,2,2,0.0,0.0,0.0,0.0,0.0,2.0,13,6,4
93189,16,2,1,10,6,3,0,1,0,1,0,6,2,4,1.0,0.0,0.0,0.0,1.0,1.0,23,7,7
73922,16,2,3,15,10,3,0,1,1,1,0,36,2,2,0.0,0.0,0.0,0.0,0.0,3.0,15,3,6
72756,16,2,1,17,6,3,6,5,1,1,2,24,2,2,0.0,0.0,0.0,0.0,0.0,2.0,1,1,6
22336,4,3,3,10,3,3,6,1,0,1,2,19,2,2,0.0,0.0,0.0,0.0,0.0,2.0,14,4,2
162111,16,2,1,0,6,3,0,1,0,1,2,6,3,3,1.0,0.0,0.0,1.0,0.0,2.0,4,5,11
127221,16,2,1,0,2,3,0,1,0,1,2,6,2,3,3.0,0.0,0.0,1.0,2.0,0.0,20,4,9
2394,16,2,3,15,8,3,0,5,1,1,0,36,2,2,0.0,0.0,0.0,0.0,0.0,2.0,10,4,1
44825,16,2,3,9,6,3,0,1,0,1,2,18,2,3,1.0,0.0,0.0,1.0,0.0,2.0,15,5,4
89778,16,2,3,10,8,3,0,1,1,1,1,19,2,2,0.0,0.0,0.0,0.0,0.0,6.0,12,3,7
118176,16,2,3,0,6,3,5,5,1,1,2,36,2,2,0.0,0.0,0.0,0.0,0.0,2.0,14,3,8
49109,16,2,3,0,2,3,0,1,0,1,2,6,2,2,0.0,0.0,0.0,0.0,0.0,3.0,16,3,4
28940,16,2,3,17,2,3,0,5,1,1,2,18,2,2,0.0,0.0,0.0,0.0,0.0,2.0,16,3,3
137005,17,11,5,8,8,3,5,5,1,0,2,36,2,2,0.0,0.0,0.0,0.0,0.0,2.0,6,1,9
77562,16,2,3,15,6,3,0,1,1,0,2,36,2,2,0.0,0.0,0.0,0.0,0.0,2.0,5,3,6
132332,15,2,3,17,2,3,0,1,0,1,2,23,2,4,1.0,0.0,0.0,0.0,1.0,1.0,8,5,9
71285,15,2,1,0,2,3,0,1,0,1,2,36,2,3,3.0,0.0,0.0,3.0,0.0,2.0,21,5,5
116260,15,2,1,14,8,3,0,1,1,1,2,36,2,2,0.0,0.0,0.0,0.0,0.0,2.0,22,6,8
126021,16,2,3,17,8,3,0,1,1,1,2,24,2,2,0.0,0.0,0.0,0.0,0.0,2.0,13,1,9
36758,15,2,3,0,8,3,0,1,0,1,2,5,2,1,2.0,0.0,2.0,0.0,0.0,2.0,7,2,3
11887,4,7,3,17,8,3,6,1,1,1,2,18,2,2,0.0,0.0,0.0,0.0,0.0,2.0,9,4,1
78463,16,2,1,0,8,3,0,1,0,1,2,6,2,1,1.0,0.0,1.0,0.0,0.0,3.0,2,1,6
65543,16,2,4,0,6,3,0,5,0,1,2,36,2,3,1.0,0.0,0.0,1.0,0.0,1.0,18,1,5
125319,16,2,3,0,6,3,0,1,0,1,2,6,2,2,0.0,0.0,0.0,0.0,0.0,4.0,11,6,9
144650,16,2,3,10,8,3,0,1,1,1,0,23,2,2,0.0,0.0,0.0,0.0,0.0,2.0,15,6,10
66693,16,2,3,0,6,3,0,1,0,1,2,26,2,3,3.0,0.0,0.0,3.0,0.0,0.0,19,4,5
48785,4,2,1,8,8,3,0,1,0,1,0,36,2,3,1.0,0.0,0.0,1.0,0.0,1.0,22,5,4
102928,4,2,3,17,8,3,0,1,0,1,2,24,2,3,1.0,0.0,0.0,1.0,0.0,1.0,14,2,7
122638,16,2,3,17,8,3,0,5,1,1,2,26,2,2,0.0,0.0,0.0,0.0,0.0,2.0,19,2,9
104902,16,2,3,17,8,3,0,1,1,1,2,24,2,2,0.0,0.0,0.0,0.0,0.0,2.0,9,3,8
87710,15,2,3,0,8,3,0,1,1,1,2,36,2,2,0.0,0.0,0.0,0.0,0.0,2.0,12,6,6
134259,16,7,3,17,8,3,6,1,1,1,0,24,2,2,0.0,0.0,0.0,0.0,0.0,3.0,6,3,9
33900,16,2,3,17,8,3,0,1,0,1,2,24,3,2,0.0,0.0,0.0,0.0,0.0,5.0,7,3,3
148390,17,2,3,17,15,3,0,1,1,1,2,24,2,2,0.0,0.0,0.0,0.0,0.0,2.0,15,4,10
26716,16,2,3,15,10,3,0,1,1,1,1,18,2,2,0.0,0.0,0.0,0.0,0.0,2.0,15,2,2
162613,16,2,1,17,6,3,0,1,1,1,1,24,2,2,0.0,0.0,0.0,0.0,0.0,3.0,3,4,11
22859,4,10,1,7,8,3,4,1,1,1,2,36,2,2,0.0,0.0,0.0,0.0,0.0,1.0,21,5,2
82829,16,2,3,17,8,3,0,1,1,1,2,18,2,2,0.0,0.0,0.0,0.0,0.0,2.0,15,1,6
87617,4,2,3,0,2,3,0,1,0,1,2,17,2,3,3.0,0.0,0.0,3.0,0.0,0.0,18,5,6
47932,16,2,3,0,6,3,0,1,0,1,2,17,2,3,2.0,0.0,0.0,2.0,0.0,1.0,17,5,4
96631,16,2,3,0,10,3,0,1,0,1,2,3,2,3,2.0,0.0,0.0,2.0,0.0,2.0,14,4,7
11990,16,2,3,10,8,3,0,1,1,1,2,19,2,2,0.0,0.0,0.0,0.0,0.0,2.0,10,5,1
120693,16,2,1,8,15,3,0,1,1,1,0,38,2,2,0.0,0.0,0.0,0.0,0.0,4.0,23,1,9
118024,16,2,3,17,6,3,0,1,1,1,2,36,2,2,0.0,0.0,0.0,0.0,0.0,2.0,11,6,8
91006,15,2,3,0,1,3,0,5,0,1,2,18,2,2,0.0,0.0,0.0,0.0,0.0,2.0,12,7,7
188604,16,2,0,15,8,3,4,1,0,1,2,23,2,3,3.0,0.0,0.0,1.0,2.0,2.0,17,1,12
180755,16,2,3,17,8,3,0,1,1,1,1,28,2,2,0.0,0.0,0.0,0.0,0.0,6.0,13,7,12
163590,15,2,1,17,2,3,0,1,1,1,2,36,2,2,0.0,0.0,0.0,0.0,0.0,2.0,17,3,11
78763,15,2,3,0,8,3,6,5,1,1,1,18,2,2,0.0,0.0,0.0,0.0,0.0,2.0,16,4,6
43908,16,2,3,15,6,3,0,1,1,1,2,23,2,2,0.0,0.0,0.0,0.0,0.0,4.0,15,2,4
41462,16,2,3,15,10,2,0,5,1,1,2,36,2,2,0.0,0.0,0.0,0.0,0.0,2.0,11,6,3
107133,16,2,3,17,6,3,0,1,1,1,1,21,2,2,0.0,0.0,0.0,0.0,0.0,2.0,17,3,8
94968,4,2,3,5,15,3,0,1,0,1,0,18,2,3,1.0,0.0,0.0,1.0,0.0,1.0,17,1,7
17906,15,6,3,2,10,3,6,1,0,1,2,36,2,3,1.0,0.0,0.0,1.0,0.0,1.0,15,5,2
79682,16,2,3,10,6,3,0,1,0,1,2,19,2,2,0.0,0.0,0.0,0.0,0.0,2.0,14,4,6
15233,16,2,3,10,2,3,6,1,1,1,1,8,2,2,0.0,0.0,0.0,0.0,0.0,4.0,12,6,2
86636,15,2,1,0,6,3,0,1,0,1,2,18,2,2,0.0,0.0,0.0,0.0,0.0,2.0,23,4,6
137636,16,2,1,9,3,3,0,1,0,1,0,36,2,3,1.0,0.0,0.0,1.0,0.0,1.0,2,1,10
116469,4,2,3,9,15,3,0,1,0,1,0,17,2,3,1.0,0.0,0.0,1.0,0.0,1.0,12,3,8
38373,16,10,3,17,6,3,5,5,1,1,0,26,2,2,0.0,0.0,0.0,0.0,0.0,2.0,15,6,3
109308,16,2,3,8,8,5,0,1,1,1,2,18,2,2,0.0,0.0,0.0,0.0,0.0,2.0,13,7,8
95811,16,2,3,0,6,3,0,1,0,1,2,6,2,3,1.0,0.0,0.0,1.0,0.0,1.0,8,6,7
70177,16,2,1,10,8,3,0,1,1,1,1,19,2,2,0.0,0.0,0.0,0.0,0.0,2.0,2,2,5
47909,15,2,3,10,6,3,0,5,1,1,2,36,2,2,0.0,0.0,0.0,0.0,0.0,2.0,14,5,4
115038,15,2,3,0,6,3,0,1,0,1,2,18,2,4,2.0,0.0,0.0,0.0,2.0,3.0,16,4,8
3778,16,2,1,9,2,3,0,1,0,1,1,12,2,3,1.0,0.0,0.0,1.0,0.0,1.0,20,2,1
138561,16,2,3,0,15,3,0,1,0,1,2,6,4,4,1.0,0.0,0.0,0.0,1.0,2.0,7,1,10
179568,16,2,1,17,8,3,0,1,0,1,2,17,2,2,0.0,0.0,0.0,0.0,0.0,2.0,23,5,12
175637,16,2,1,0,6,3,0,1,0,1,2,18,2,1,1.0,0.0,1.0,0.0,0.0,2.0,18,7,12
157846,16,11,5,17,8,3,5,1,1,1,1,18,2,2,0.0,0.0,0.0,0.0,0.0,2.0,11,6,11
175418,16,2,1,0,2,3,0,5,0,1,2,6,2,2,0.0,0.0,0.0,0.0,0.0,2.0,23,6,12
181766,16,2,3,15,2,3,0,1,0,1,2,18,2,3,1.0,0.0,0.0,1.0,0.0,1.0,11,1,12
184896,15,2,1,10,8,3,0,1,1,0,2,17,2,2,0.0,0.0,0.0,0.0,0.0,3.0,22,2,12
113972,15,2,3,17,2,3,0,5,1,1,1,18,2,2,0.0,0.0,0.0,0.0,0.0,2.0,14,2,8
18912,15,10,3,10,10,3,4,1,1,1,1,12,2,2,0.0,0.0,0.0,0.0,0.0,2.0,15,1,2
175001,15,2,3,0,11,3,0,1,0,1,2,36,2,4,1.0,0.0,0.0,0.0,1.0,1.0,15,5,12
25501,16,2,3,0,15,3,4,1,0,1,2,18,2,4,1.0,0.0,0.0,0.0,1.0,1.0,10,3,2
85852,4,2,3,8,6,3,0,1,0,1,0,18,3,3,1.0,0.0,0.0,1.0,0.0,2.0,14,5,6
27233,16,2,3,10,10,3,0,5,1,1,1,36,2,2,0.0,0.0,0.0,0.0,0.0,4.0,16,3,2
149805,16,11,1,10,2,3,5,5,1,1,1,18,2,2,0.0,0.0,0.0,0.0,0.0,2.0,20,1,10
78313,16,2,3,15,11,3,0,1,1,1,2,23,2,2,0.0,0.0,0.0,0.0,0.0,2.0,17,5,6
162559,15,2,1,0,8,3,0,1,1,1,1,18,2,2,0.0,0.0,0.0,0.0,0.0,4.0,19,3,11
127491,16,2,1,0,15,3,0,1,1,1,2,8,2,2,0.0,0.0,0.0,0.0,0.0,3.0,14,2,9
12537,15,2,3,0,2,3,5,1,1,1,2,21,2,2,0.0,0.0,0.0,0.0,0.0,2.0,12,7,1
178144,16,2,3,17,1,3,0,1,1,1,2,18,2,2,0.0,0.0,0.0,0.0,0.0,2.0,16,2,12
26135,15,2,3,0,10,3,0,1,0,1,2,18,2,1,1.0,0.0,1.0,0.0,0.0,1.0,16,7,2
59326,16,2,1,10,2,3,0,1,1,1,2,19,2,2,0.0,0.0,0.0,0.0,0.0,4.0,20,7,5
44428,15,2,3,0,6,3,0,1,0,1,2,18,2,2,0.0,0.0,0.0,0.0,0.0,3.0,15,6,4
168366,16,2,1,15,2,3,0,1,1,1,0,12,2,2,0.0,0.0,0.0,0.0,0.0,2.0,22,2,11
142788,16,7,3,10,10,3,6,1,1,0,2,19,2,2,0.0,0.0,0.0,0.0,0.0,3.0,17,3,10
29052,16,2,3,10,16,3,0,1,0,1,2,36,2,2,0.0,0.0,0.0,0.0,0.0,3.0,18,5,3
32683,16,2,3,0,6,3,0,5,0,1,2,6,2,4,1.0,0.0,0.0,0.0,1.0,1.0,16,4,3
178757,15,2,1,0,6,3,0,5,0,1,2,36,2,0,3.0,1.0,1.0,0.0,1.0,0.0,19,3,12
3005,16,10,1,9,8,3,6,5,0,1,0,18,3,3,2.0,0.0,0.0,2.0,0.0,1.0,22,1,1
122791,16,2,3,17,8,3,0,1,1,1,2,18,2,2,0.0,0.0,0.0,0.0,0.0,2.0,19,3,9
88377,15,2,3,0,18,3,0,1,0,1,2,36,2,2,0.0,0.0,0.0,0.0,0.0,3.0,13,3,7
117161,16,2,3,0,6,3,0,1,0,1,2,6,2,4,2.0,0.0,0.0,0.0,2.0,2.0,17,1,8
24955,16,2,3,10,8,3,0,1,1,1,2,24,2,2,0.0,0.0,0.0,0.0,0.0,3.0,12,6,2
139051,4,7,1,10,8,3,6,1,1,1,2,19,2,2,0.0,0.0,0.0,0.0,0.0,3.0,21,7,10
165083,16,2,1,17,3,3,0,1,1,1,2,18,2,2,0.0,0.0,0.0,0.0,0.0,2.0,20,4,11
129805,16,2,3,17,8,3,0,1,1,1,2,24,2,2,0.0,0.0,0.0,0.0,0.0,2.0,17,6,9
118364,16,2,3,10,2,3,0,1,1,1,2,36,2,2,0.0,0.0,0.0,0.0,0.0,5.0,8,3,8
92434,16,2,3,10,2,3,0,1,0,1,2,2,2,1,1.0,0.0,1.0,0.0,0.0,2.0,18,2,7
137033,16,2,3,10,8,3,0,1,0,1,1,19,2,1,1.0,0.0,1.0,0.0,0.0,1.0,7,4,9
152799,16,2,3,17,8,3,0,5,1,1,2,15,2,2,0.0,0.0,0.0,0.0,0.0,2.0,7,5,10
8888,16,10,3,17,8,3,6,1,1,1,2,18,2,2,0.0,0.0,0.0,0.0,0.0,2.0,9,2,1
64818,15,3,3,9,8,3,0,1,0,1,0,36,2,4,2.0,0.0,0.0,0.0,2.0,0.0,16,3,5
89587,16,2,3,8,2,3,0,1,0,1,1,26,2,3,1.0,0.0,0.0,1.0,0.0,1.0,10,7,7
127220,16,7,3,17,8,3,6,1,1,1,1,36,2,2,0.0,0.0,0.0,0.0,0.0,5.0,8,4,9
81345,16,2,3,10,6,3,0,5,1,1,2,18,2,2,0.0,0.0,0.0,0.0,0.0,4.0,15,1,6
65100,15,7,3,9,8,3,6,1,0,1,1,36,2,4,1.0,0.0,0.0,0.0,1.0,1.0,16,6,5
27312,16,2,3,17,3,3,0,1,1,1,2,6,2,2,0.0,0.0,0.0,0.0,0.0,2.0,9,4,2
53408,16,2,3,17,6,3,0,5,1,1,2,36,2,2,0.0,0.0,0.0,0.0,0.0,5.0,7,5,4
83019,16,2,3,15,6,3,0,1,1,1,2,18,2,2,0.0,0.0,0.0,0.0,0.0,2.0,17,4,6
38701,16,7,3,0,2,3,6,1,1,1,2,18,2,2,0.0,0.0,0.0,0.0,0.0,2.0,15,4,3
89169,15,2,3,0,6,3,0,1,0,1,2,38,2,3,1.0,0.0,0.0,1.0,0.0,2.0,17,1,7
21509,16,7,1,15,6,3,6,1,1,1,0,18,2,2,0.0,0.0,0.0,0.0,0.0,2.0,18,3,2
62487,17,11,5,17,6,3,5,5,1,1,2,36,2,2,0.0,0.0,0.0,0.0,0.0,5.0,20,7,5
142215,4,2,3,15,8,2,0,1,1,1,1,22,2,2,0.0,0.0,0.0,0.0,0.0,2.0,12,1,10
175179,16,2,3,17,8,3,0,1,1,1,2,24,2,2,0.0,0.0,0.0,0.0,0.0,2.0,16,2,12
80666,16,2,3,2,3,3,0,1,0,0,2,23,1,3,1.0,0.0,0.0,1.0,0.0,0.0,6,5,6
16184,16,3,3,17,6,3,5,5,1,1,1,18,2,2,0.0,0.0,0.0,0.0,0.0,2.0,16,4,2
135978,16,2,1,10,1,3,0,6,1,1,1,12,2,2,0.0,0.0,0.0,0.0,0.0,3.0,1,6,9
46566,4,2,1,17,15,3,0,1,1,1,2,12,2,2,0.0,0.0,0.0,0.0,0.0,2.0,22,1,4
58688,15,2,3,0,3,3,0,1,0,1,2,18,2,1,2.0,0.0,2.0,0.0,0.0,0.0,14,5,5
128801,16,2,3,10,6,3,0,1,1,1,0,19,2,2,0.0,0.0,0.0,0.0,0.0,2.0,8,6,9
8683,16,2,1,10,8,3,6,1,1,1,1,19,2,2,0.0,0.0,0.0,0.0,0.0,2.0,6,5,1
166148,4,2,3,17,12,3,0,1,1,1,2,18,2,2,0.0,0.0,0.0,0.0,0.0,2.0,11,3,11
19669,16,2,3,15,8,3,0,1,1,1,1,22,2,2,0.0,0.0,0.0,0.0,0.0,2.0,12,5,2
44051,16,3,3,15,11,3,0,1,1,1,2,23,2,2,0.0,0.0,0.0,0.0,0.0,2.0,16,5,4
122814,16,2,3,10,8,3,0,1,1,1,0,36,2,2,0.0,0.0,0.0,0.0,0.0,2.0,11,3,9
97639,16,2,1,17,2,3,0,1,0,1,2,6,3,2,0.0,0.0,0.0,0.0,0.0,5.0,18,4,7
168244,16,7,1,0,2,3,6,1,0,1,2,6,2,3,2.0,0.0,0.0,1.0,1.0,1.0,21,6,11
6267,16,2,1,5,6,3,0,1,0,1,2,12,1,4,1.0,0.0,0.0,0.0,1.0,0.0,20,5,1
36636,15,2,3,0,6,3,0,1,0,1,2,18,2,3,1.0,0.0,0.0,1.0,0.0,1.0,14,2,3
67865,16,2,3,9,10,3,0,1,0,1,0,38,2,3,1.0,0.0,0.0,1.0,0.0,1.0,18,2,5
56631,4,2,0,17,2,3,6,5,0,0,2,24,2,2,0.0,0.0,0.0,0.0,0.0,2.0,21,5,5
161660,16,2,1,10,8,3,0,1,1,1,1,34,2,2,0.0,0.0,0.0,0.0,0.0,2.0,0,5,11
78359,16,2,1,10,2,3,0,1,1,1,0,36,2,2,0.0,0.0,0.0,0.0,0.0,2.0,22,5,6
25901,15,2,2,17,15,3,0,1,1,1,1,18,2,2,0.0,0.0,0.0,0.0,0.0,3.0,7,2,2
115610,15,2,3,0,8,3,0,5,0,1,2,12,3,2,0.0,0.0,0.0,0.0,0.0,3.0,15,4,8
70026,16,2,3,17,6,3,0,1,1,1,1,21,2,2,0.0,0.0,0.0,0.0,0.0,3.0,13,1,5
114602,16,2,3,10,2,3,0,5,1,1,1,17,2,2,0.0,0.0,0.0,0.0,0.0,2.0,6,2,8
80421,16,2,3,0,3,3,0,1,1,1,2,18,2,2,0.0,0.0,0.0,0.0,0.0,2.0,10,6,6
41731,16,2,3,10,8,3,0,1,0,0,2,12,4,2,0.0,0.0,0.0,0.0,0.0,5.0,8,5,3
73066,17,11,5,9,8,3,5,5,0,1,2,18,2,3,1.0,0.0,0.0,1.0,0.0,1.0,14,5,6
155212,4,2,2,17,1,3,6,3,1,1,2,4,2,2,0.0,0.0,0.0,0.0,0.0,2.0,6,4,10
148661,16,2,3,17,8,3,0,1,1,1,2,36,2,2,0.0,0.0,0.0,0.0,0.0,2.0,15,6,10
178994,15,2,2,15,10,3,0,5,1,1,2,23,3,2,0.0,0.0,0.0,0.0,0.0,3.0,16,5,12
185789,15,2,1,0,6,3,0,1,1,0,2,18,2,2,0.0,0.0,0.0,0.0,0.0,4.0,17,4,12
56832,16,2,3,0,3,3,0,1,1,0,2,18,2,2,0.0,0.0,0.0,0.0,0.0,3.0,12,2,5
54186,18,9,3,15,8,3,6,1,1,1,2,18,2,2,0.0,0.0,0.0,0.0,0.0,3.0,12,7,4
89877,16,2,2,17,8,3,6,1,0,1,2,24,2,2,0.0,0.0,0.0,0.0,0.0,2.0,12,4,7
21651,16,2,4,17,2,3,0,1,0,1,2,18,2,3,1.0,0.0,0.0,1.0,0.0,3.0,16,5,2
162213,16,2,3,5,2,3,6,1,1,0,2,12,1,2,0.0,0.0,0.0,0.0,0.0,2.0,7,6,11
90314,16,2,3,11,6,3,0,1,1,1,2,23,2,2,0.0,0.0,0.0,0.0,0.0,2.0,14,6,7
24029,16,7,1,0,3,3,6,1,0,1,2,39,2,4,1.0,0.0,0.0,0.0,1.0,1.0,18,3,2
97030,4,2,3,10,15,3,0,1,0,1,2,19,2,4,2.0,0.0,0.0,0.0,2.0,0.0,13,5,7
6101,16,2,3,17,8,3,0,1,1,1,2,8,2,2,0.0,0.0,0.0,0.0,0.0,2.0,16,1,1
187130,4,2,1,10,8,3,0,1,1,0,2,19,2,2,0.0,0.0,0.0,0.0,0.0,2.0,18,6,12
104414,16,2,3,9,6,3,0,1,0,1,1,18,2,3,1.0,0.0,0.0,1.0,0.0,1.0,7,3,8
141960,15,2,2,10,8,3,0,1,1,1,2,36,3,2,0.0,0.0,0.0,0.0,0.0,3.0,18,6,10
48558,16,2,3,10,10,3,5,5,1,1,0,19,2,2,0.0,0.0,0.0,0.0,0.0,4.0,13,7,4
36517,15,7,3,0,6,3,6,1,0,1,1,18,2,2,0.0,0.0,0.0,0.0,0.0,3.0,16,6,3
186505,16,2,1,17,2,3,0,1,1,1,0,17,2,2,0.0,0.0,0.0,0.0,0.0,4.0,18,4,12
102525,16,2,3,15,10,3,0,1,1,1,2,22,2,2,0.0,0.0,0.0,0.0,0.0,2.0,12,2,7
107341,16,2,3,17,8,3,0,1,1,1,1,36,2,2,0.0,0.0,0.0,0.0,0.0,3.0,17,4,8
140041,15,7,1,0,8,3,6,1,1,1,2,36,2,2,0.0,0.0,0.0,0.0,0.0,2.0,23,6,10
152443,16,7,1,17,6,3,6,1,1,1,1,36,2,2,0.0,0.0,0.0,0.0,0.0,2.0,23,7,10
18899,16,10,3,17,8,3,4,1,1,1,2,24,2,2,0.0,0.0,0.0,0.0,0.0,5.0,13,1,2
32047,17,2,1,9,11,3,0,1,0,1,0,36,2,4,1.0,0.0,0.0,0.0,1.0,1.0,19,7,3
65748,16,2,3,9,2,3,0,1,0,1,2,36,2,1,1.0,0.0,1.0,0.0,0.0,1.0,13,4,5
84038,15,2,3,0,9,3,0,1,1,1,2,36,2,2,0.0,0.0,0.0,0.0,0.0,2.0,10,5,6
28675,15,2,3,17,15,3,0,1,0,1,2,18,2,3,2.0,0.0,0.0,2.0,0.0,0.0,8,6,3
98435,16,2,3,10,6,3,0,1,1,1,2,19,2,2,0.0,0.0,0.0,0.0,0.0,2.0,14,4,7
44970,15,2,3,17,8,3,0,1,1,1,2,36,2,2,0.0,0.0,0.0,0.0,0.0,2.0,12,6,4
39456,16,2,3,17,10,3,0,1,1,1,1,24,2,2,0.0,0.0,0.0,0.0,0.0,4.0,11,2,3
146904,16,2,1,17,2,3,0,1,0,1,2,18,2,2,0.0,0.0,0.0,0.0,0.0,5.0,6,2,10
70013,16,2,1,10,3,3,0,1,1,1,1,17,2,2,0.0,0.0,0.0,0.0,0.0,3.0,23,7,5
122269,16,2,1,10,8,3,0,1,1,1,2,36,2,2,0.0,0.0,0.0,0.0,0.0,2.0,1,3,9
175228,16,2,3,17,15,3,0,1,1,1,2,6,2,2,0.0,0.0,0.0,0.0,0.0,2.0,12,2,12
111093,16,2,3,15,10,3,0,1,1,1,2,36,2,2,0.0,0.0,0.0,0.0,0.0,2.0,17,6,8
64055,17,11,5,15,17,3,5,5,1,1,1,36,2,2,0.0,0.0,0.0,0.0,0.0,2.0,9,5,5
36613,4,2,3,10,6,3,0,1,1,1,2,19,2,2,0.0,0.0,0.0,0.0,0.0,2.0,10,7,3
152032,16,7,3,17,6,3,6,1,0,1,2,24,2,1,1.0,0.0,1.0,0.0,0.0,2.0,8,4,10
184843,16,2,3,10,8,3,0,1,1,1,2,19,2,2,0.0,0.0,0.0,0.0,0.0,2.0,13,2,12
98213,16,2,3,2,3,3,0,1,0,1,2,30,1,3,1.0,0.0,0.0,1.0,0.0,0.0,10,6,7
105031,15,2,3,0,3,4,0,1,1,1,2,38,2,2,0.0,0.0,0.0,0.0,0.0,3.0,11,6,8
50598,15,2,3,0,6,4,0,1,0,1,2,36,3,4,2.0,0.0,0.0,0.0,2.0,3.0,14,4,4
117058,16,2,3,0,8,3,0,1,1,1,2,6,2,2,0.0,0.0,0.0,0.0,0.0,3.0,10,5,8
77469,15,2,1,0,8,3,0,1,0,1,2,5,2,2,0.0,0.0,0.0,0.0,0.0,2.0,1,1,6
3545,16,2,3,7,6,3,0,5,1,1,2,31,2,2,0.0,0.0,0.0,0.0,0.0,4.0,14,4,1
65584,16,2,0,7,2,3,0,1,1,1,1,28,2,2,0.0,0.0,0.0,0.0,0.0,2.0,20,6,5
95840,16,2,3,0,9,3,0,1,1,1,2,36,2,2,0.0,0.0,0.0,0.0,0.0,2.0,14,7,7
51856,16,2,4,15,8,3,0,1,1,1,2,36,2,2,0.0,0.0,0.0,0.0,0.0,2.0,19,5,4
56619,16,2,1,10,3,3,0,1,0,1,2,19,2,2,0.0,0.0,0.0,0.0,0.0,4.0,20,5,5
142004,16,2,1,17,6,3,0,5,0,1,2,18,3,3,3.0,0.0,0.0,3.0,0.0,1.0,1,7,10
166977,16,2,3,17,6,3,0,1,0,1,2,18,2,4,2.0,0.0,0.0,0.0,2.0,1.0,10,4,11
52898,16,2,3,10,8,3,0,1,1,1,2,19,2,2,0.0,0.0,0.0,0.0,0.0,2.0,11,2,4
170649,4,2,3,2,3,3,0,1,1,1,2,26,1,2,0.0,0.0,0.0,0.0,0.0,1.0,10,2,11
133412,4,2,3,17,2,3,0,1,1,1,2,36,2,2,0.0,0.0,0.0,0.0,0.0,2.0,8,6,9
45190,16,2,3,10,2,3,0,1,0,1,2,19,2,4,1.0,0.0,0.0,0.0,1.0,2.0,16,5,4
86422,16,2,1,0,8,3,0,1,0,1,2,3,2,3,3.0,0.0,0.0,2.0,1.0,1.0,2,1,6
17617,16,2,1,2,15,3,6,1,0,1,2,37,1,2,0.0,0.0,0.0,0.0,0.0,1.0,0,7,2
178034,16,2,1,10,8,4,0,1,1,1,1,17,2,2,0.0,0.0,0.0,0.0,0.0,2.0,17,7,12
17832,16,3,3,17,2,3,6,1,1,1,2,32,2,2,0.0,0.0,0.0,0.0,0.0,2.0,9,3,2
62212,16,2,3,10,2,3,0,1,1,1,2,19,3,2,0.0,0.0,0.0,0.0,0.0,3.0,18,2,5
178578,15,7,3,17,6,3,0,5,0,1,2,5,2,3,2.0,0.0,0.0,2.0,0.0,1.0,11,7,12
67892,15,2,3,7,8,3,0,1,1,1,2,36,2,2,0.0,0.0,0.0,0.0,0.0,1.0,11,2,5
98034,16,2,3,17,8,3,0,1,1,0,2,36,2,2,0.0,0.0,0.0,0.0,0.0,3.0,14,5,7
73409,15,2,3,9,8,3,0,1,1,1,0,15,2,2,0.0,0.0,0.0,0.0,0.0,2.0,7,2,6
162314,16,2,1,0,6,3,0,1,0,1,2,6,2,3,2.0,0.0,0.0,2.0,0.0,0.0,3,1,11
55104,4,2,1,17,8,3,0,1,1,1,1,18,2,2,0.0,0.0,0.0,0.0,0.0,2.0,20,1,4
3018,15,7,3,0,10,3,6,1,0,1,2,5,2,3,1.0,0.0,0.0,1.0,0.0,1.0,14,2,1
75235,16,2,3,17,6,3,0,5,1,1,2,23,2,2,0.0,0.0,0.0,0.0,0.0,3.0,14,2,6
12393,4,2,3,17,8,3,0,1,1,1,1,36,2,2,0.0,0.0,0.0,0.0,0.0,3.0,14,6,1
144857,4,2,3,0,6,3,0,1,0,1,2,11,2,2,0.0,0.0,0.0,0.0,0.0,7.0,17,3,10
20869,4,3,1,0,6,3,4,1,1,1,1,18,2,2,0.0,0.0,0.0,0.0,0.0,2.0,19,7,2
17712,15,2,3,17,6,3,0,1,1,1,2,36,2,2,0.0,0.0,0.0,0.0,0.0,2.0,7,2,2
188635,16,10,1,10,8,3,4,1,1,1,0,12,2,2,0.0,0.0,0.0,0.0,0.0,3.0,23,1,12
1442,15,2,3,0,15,3,0,1,0,1,2,18,2,2,0.0,0.0,0.0,0.0,0.0,3.0,7,6,1
173684,4,2,2,0,6,3,0,1,0,1,2,26,2,3,1.0,0.0,0.0,1.0,0.0,1.0,6,3,12