crash_date,               traffic_control_device,weather_condition,lighting_condition,first_crash_type,trafficway_type,alignment,roadway_surface_cond,road_defect,crash_type,intersection_related_i,damage,prim_contributory_cause,num_units,most_severe_injury,injuries_total,injuries_fatal,injuries_incapacitating,injuries_non_incapacitating,injuries_reported_not_evident,injuries_no_indication,crash_hour,crash_day_of_week,crash_month
173526,4,2,1,15,8,3,5,5,0,1,2,36,2,2,0.0,0.0,0.0,0.0,0.0,3.0,22,6,12
146758,16,2,3,17,6,3,0,5,1,1,2,18,2,2,0.0,0.0,0.0,0.0,0.0,2.0,16,2,10
100572,16,2,2,0,6,3,0,5,1,1,2,26,2,2,0.0,0.0,0.0,0.0,0.0,2.0,18,2,7
2026,16,2,3,17,10,3,0,1,1,1,1,18,2,2,0.0,0.0,0.0,0.0,0.0,5.0,8,6,1
79324,16,2,3,10,8,3,0,1,1,1,1,19,2,2,0.0,0.0,0.0,0.0,0.0,2.0,17,4,6
21693,16,2,1,10,1,3,5,5,0,1,2,36,2,2,0.0,0.0,0.0,0.0,0.0,2.0,23,5,2
169931,15,2,1,0,6,3,0,1,0,1,2,36,2,3,3.0,0.0,0.0,3.0,0.0,1.0,23,6,11
120308,16,2,3,17,18,3,0,5,0,1,2,36,2,2,0.0,0.0,0.0,0.0,0.0,4.0,7,4,8
31895,16,2,1,0,6,3,6,1,0,1,2,6,3,1,2.0,0.0,1.0,1.0,0.0,1.0,23,6,3
49792,16,2,4,8,6,3,0,1,0,1,2,22,2,3,1.0,0.0,0.0,1.0,0.0,1.0,19,4,4
113645,4,2,1,15,8,3,0,1,1,1,2,18,3,2,0.0,0.0,0.0,0.0,0.0,7.0,0,1,8
152098,16,2,1,8,8,3,0,1,0,1,1,36,2,3,1.0,0.0,0.0,1.0,0.0,1.0,18,6,10
82849,16,2,4,0,8,3,0,5,0,1,2,36,2,2,0.0,0.0,0.0,0.0,0.0,4.0,20,1,6
7117,15,2,3,10,8,3,0,5,1,1,2,36,2,2,0.0,0.0,0.0,0.0,0.0,2.0,15,3,1
103387,16,2,1,3,6,3,5,5,1,1,2,6,2,2,0.0,0.0,0.0,0.0,0.0,2.0,21,3,7
160624,16,2,3,3,6,3,0,1,0,1,2,18,2,3,2.0,0.0,0.0,2.0,0.0,0.0,7,4,11
83294,16,2,3,2,6,3,0,1,0,1,2,36,1,1,2.0,0.0,1.0,1.0,0.0,0.0,5,7,6
146908,4,2,3,7,12,3,0,1,1,0,2,36,2,2,0.0,0.0,0.0,0.0,0.0,2.0,8,2,10
82528,15,2,3,0,6,3,0,1,0,1,2,36,2,2,0.0,0.0,0.0,0.0,0.0,3.0,8,3,6
95425,15,2,4,0,8,3,0,1,1,1,2,36,2,2,0.0,0.0,0.0,0.0,0.0,2.0,21,7,7
61738,16,2,1,10,6,3,0,1,0,1,2,17,2,4,2.0,0.0,0.0,0.0,2.0,3.0,0,1,5
117486,16,2,3,17,8,3,0,1,0,1,2,36,2,4,1.0,0.0,0.0,0.0,1.0,1.0,8,5,8
184800,4,2,3,0,2,3,0,1,0,1,2,18,2,2,0.0,0.0,0.0,0.0,0.0,2.0,16,1,12
184947,16,7,1,17,2,3,6,1,1,1,0,36,2,2,0.0,0.0,0.0,0.0,0.0,2.0,17,4,12
95701,16,2,3,15,3,3,0,1,1,1,1,36,2,2,0.0,0.0,0.0,0.0,0.0,2.0,15,5,7
136356,16,2,3,10,6,3,0,1,1,0,2,19,2,2,0.0,0.0,0.0,0.0,0.0,2.0,13,5,9
7376,15,2,3,0,2,3,0,1,0,1,2,26,2,3,1.0,0.0,0.0,1.0,0.0,3.0,10,7,1
154661,15,7,3,10,6,3,6,1,0,1,1,36,2,4,1.0,0.0,0.0,0.0,1.0,2.0,8,4,10
62646,15,2,3,0,8,3,0,1,1,1,1,18,2,2,0.0,0.0,0.0,0.0,0.0,3.0,14,2,5
84025,16,2,4,17,8,3,0,5,0,1,1,24,2,3,1.0,0.0,0.0,1.0,0.0,1.0,19,5,6
184298,16,2,1,0,2,3,0,1,0,1,2,6,2,3,2.0,0.0,0.0,2.0,0.0,0.0,6,7,12
143634,16,7,3,15,2,3,6,1,1,1,0,23,2,2,0.0,0.0,0.0,0.0,0.0,2.0,11,6,10
30884,16,7,1,2,6,3,6,1,1,1,2,13,1,2,0.0,0.0,0.0,0.0,0.0,1.0,21,2,3
178846,16,2,3,9,6,3,0,5,0,1,0,24,2,3,1.0,0.0,0.0,1.0,0.0,1.0,11,5,12
49472,16,2,3,0,8,3,0,1,0,1,2,6,2,3,1.0,0.0,0.0,1.0,0.0,1.0,7,3,4
169897,16,2,1,17,8,3,0,1,1,1,2,18,2,2,0.0,0.0,0.0,0.0,0.0,2.0,15,6,11
182873,16,2,3,10,2,3,0,5,0,1,2,36,2,4,1.0,0.0,0.0,0.0,1.0,1.0,23,2,12
187125,16,2,1,17,11,3,0,1,0,1,2,6,2,2,0.0,0.0,0.0,0.0,0.0,2.0,6,6,12
41641,15,7,3,17,15,3,6,5,0,1,2,18,2,4,2.0,0.0,0.0,0.0,2.0,2.0,16,4,3
123032,16,2,1,17,6,3,0,5,0,1,2,18,2,2,0.0,0.0,0.0,0.0,0.0,2.0,23,7,9
19098,15,7,3,0,8,3,6,5,1,1,2,5,2,2,0.0,0.0,0.0,0.0,0.0,2.0,16,5,2
59369,16,2,3,14,6,3,0,5,0,1,1,36,2,4,1.0,0.0,0.0,0.0,1.0,1.0,15,1,5
129033,15,2,3,2,3,3,0,1,0,1,2,37,1,2,0.0,0.0,0.0,0.0,0.0,1.0,6,1,9
50426,16,2,3,10,8,3,0,1,0,1,2,36,2,4,1.0,0.0,0.0,0.0,1.0,1.0,9,6,4
157349,16,2,3,10,8,3,0,1,0,1,1,19,2,4,1.0,0.0,0.0,0.0,1.0,3.0,15,1,11
176466,16,2,3,0,6,3,0,1,0,1,2,6,2,4,1.0,0.0,0.0,0.0,1.0,2.0,11,1,12
76007,16,2,3,17,2,3,0,1,1,0,2,24,2,2,0.0,0.0,0.0,0.0,0.0,2.0,11,7,6
173003,17,2,3,0,11,3,5,5,1,1,2,36,2,2,0.0,0.0,0.0,0.0,0.0,2.0,15,5,12
167097,16,3,3,15,8,3,0,1,1,1,1,23,2,2,0.0,0.0,0.0,0.0,0.0,2.0,8,3,11
111345,16,7,3,17,6,3,6,1,1,1,2,17,2,2,0.0,0.0,0.0,0.0,0.0,2.0,12,2,8
53268,16,2,3,10,8,3,0,1,1,1,2,17,2,2,0.0,0.0,0.0,0.0,0.0,2.0,7,2,4
31929,15,2,1,17,2,3,0,1,1,1,2,36,2,2,0.0,0.0,0.0,0.0,0.0,2.0,20,5,3
125421,15,2,3,0,6,3,0,1,0,1,2,18,2,3,2.0,0.0,0.0,1.0,1.0,0.0,18,2,9
174998,4,2,3,10,2,3,0,1,1,1,1,36,2,2,0.0,0.0,0.0,0.0,0.0,2.0,14,5,12
78287,16,2,3,0,2,3,0,1,0,1,2,18,2,3,2.0,0.0,0.0,2.0,0.0,0.0,11,4,6
35795,16,2,3,10,8,5,0,1,0,1,2,19,2,4,1.0,0.0,0.0,0.0,1.0,1.0,11,7,3
21734,16,2,1,17,8,3,0,1,0,1,2,28,2,2,0.0,0.0,0.0,0.0,0.0,2.0,19,6,2
88904,16,2,1,15,2,3,0,5,1,0,0,23,2,2,0.0,0.0,0.0,0.0,0.0,2.0,21,3,7
102925,16,2,3,7,8,3,0,1,1,1,2,36,2,2,0.0,0.0,0.0,0.0,0.0,1.0,13,2,7
137,16,3,1,9,10,3,0,1,0,1,2,17,2,3,1.0,0.0,0.0,1.0,0.0,2.0,18,3,1
171431,16,2,1,17,6,3,0,1,1,1,2,36,2,2,0.0,0.0,0.0,0.0,0.0,4.0,18,3,11
72705,16,2,3,10,2,3,0,5,1,1,2,36,2,2,0.0,0.0,0.0,0.0,0.0,3.0,18,6,6
161168,16,2,4,10,6,3,0,1,0,1,2,17,2,2,0.0,0.0,0.0,0.0,0.0,3.0,17,5,11
67235,15,2,3,0,8,3,0,1,1,1,2,36,2,2,0.0,0.0,0.0,0.0,0.0,2.0,8,5,5
49957,16,7,3,10,3,3,6,1,1,1,0,17,2,2,0.0,0.0,0.0,0.0,0.0,2.0,15,5,4
161695,16,2,1,9,6,3,0,1,0,1,2,18,2,3,1.0,0.0,0.0,1.0,0.0,1.0,19,6,11
121366,4,2,3,0,8,3,0,1,0,1,2,18,2,4,2.0,0.0,0.0,0.0,2.0,1.0,14,5,9
126047,16,2,3,10,8,3,0,1,0,1,1,19,2,3,1.0,0.0,0.0,1.0,0.0,20.0,14,2,9
48417,16,2,3,9,6,3,0,1,0,1,1,6,2,3,1.0,0.0,0.0,1.0,0.0,1.0,18,6,4
11908,16,7,1,10,2,3,6,1,1,1,1,19,2,2,0.0,0.0,0.0,0.0,0.0,5.0,17,2,1
168316,16,2,1,10,3,3,0,1,0,1,2,36,3,2,0.0,0.0,0.0,0.0,0.0,3.0,23,7,11
114982,15,2,3,0,6,3,0,1,0,1,2,18,2,3,1.0,0.0,0.0,1.0,0.0,2.0,17,2,8
155207,16,2,1,15,2,3,0,1,1,1,1,22,2,2,0.0,0.0,0.0,0.0,0.0,3.0,17,4,10
89492,16,2,3,17,8,3,0,1,1,1,2,24,2,2,0.0,0.0,0.0,0.0,0.0,2.0,16,5,7
141030,16,2,3,10,8,3,0,1,1,1,2,22,2,2,0.0,0.0,0.0,0.0,0.0,2.0,15,6,10
29700,16,2,1,17,2,3,0,5,1,1,2,15,2,2,0.0,0.0,0.0,0.0,0.0,2.0,19,2,3
49031,4,7,1,10,8,3,6,5,0,0,2,19,2,2,0.0,0.0,0.0,0.0,0.0,3.0,2,1,4
139597,16,2,3,17,8,3,0,1,1,1,2,36,2,2,0.0,0.0,0.0,0.0,0.0,2.0,16,2,10
43678,16,2,3,17,8,3,0,1,1,1,2,36,2,2,0.0,0.0,0.0,0.0,0.0,2.0,18,4,4
154412,15,2,1,0,6,3,0,5,1,1,2,36,2,2,0.0,0.0,0.0,0.0,0.0,4.0,22,3,10
24420,4,2,3,17,2,3,0,1,1,1,2,18,2,2,0.0,0.0,0.0,0.0,0.0,2.0,12,3,2
70503,16,2,3,10,8,3,0,1,0,1,2,19,2,2,0.0,0.0,0.0,0.0,0.0,3.0,12,1,5
92967,16,2,3,15,8,3,0,1,1,1,2,26,2,2,0.0,0.0,0.0,0.0,0.0,2.0,13,3,7
146914,15,2,3,17,3,3,0,1,0,1,2,24,2,3,1.0,0.0,0.0,1.0,0.0,1.0,9,2,10
145878,16,2,4,10,8,3,0,1,0,1,2,19,2,4,1.0,0.0,0.0,0.0,1.0,6.0,18,2,10
187948,16,3,1,17,8,3,5,5,0,1,2,36,2,2,0.0,0.0,0.0,0.0,0.0,10.0,18,6,12
41173,16,2,3,0,6,3,0,1,0,1,2,3,2,2,0.0,0.0,0.0,0.0,0.0,2.0,18,2,3
156187,15,2,3,0,6,3,0,1,0,1,2,18,2,2,0.0,0.0,0.0,0.0,0.0,2.0,9,4,11
160912,15,2,1,14,8,3,1,1,1,1,2,39,2,2,0.0,0.0,0.0,0.0,0.0,2.0,22,6,11
52091,16,2,3,10,8,3,0,1,1,1,1,19,2,2,0.0,0.0,0.0,0.0,0.0,4.0,14,1,4
48008,16,2,3,10,6,3,0,1,1,1,2,17,2,2,0.0,0.0,0.0,0.0,0.0,3.0,9,7,4
134146,16,2,3,10,11,3,0,2,1,1,1,19,2,2,0.0,0.0,0.0,0.0,0.0,3.0,11,6,9
180945,16,2,0,10,8,3,0,1,1,1,2,19,2,2,0.0,0.0,0.0,0.0,0.0,2.0,22,2,12
11063,4,9,2,17,2,3,4,1,0,1,2,18,2,3,1.0,0.0,0.0,1.0,0.0,1.0,7,3,1
5309,16,2,3,0,5,3,5,5,0,1,2,36,2,4,1.0,0.0,0.0,0.0,1.0,1.0,15,5,1
103694,15,2,3,9,2,3,0,1,0,0,2,18,2,1,1.0,0.0,1.0,0.0,0.0,1.0,15,7,7
141599,16,11,1,8,10,3,5,5,0,1,0,19,2,3,1.0,0.0,0.0,1.0,0.0,1.0,19,2,10
28598,6,2,1,10,2,3,0,1,1,1,2,19,2,2,0.0,0.0,0.0,0.0,0.0,2.0,17,4,3
32030,16,7,3,17,17,3,6,1,0,1,2,18,2,2,0.0,0.0,0.0,0.0,0.0,2.0,15,7,3
103473,16,2,3,0,8,3,0,1,0,1,2,11,2,2,0.0,0.0,0.0,0.0,0.0,2.0,14,3,7
135129,16,2,1,10,3,3,0,1,1,1,2,19,2,2,0.0,0.0,0.0,0.0,0.0,2.0,23,1,9
108000,15,2,3,17,6,3,0,1,1,1,2,12,2,2,0.0,0.0,0.0,0.0,0.0,2.0,17,1,8
109481,16,2,3,10,3,3,0,1,1,1,2,19,2,2,0.0,0.0,0.0,0.0,0.0,5.0,18,3,8
36748,4,2,3,17,8,3,0,1,0,1,2,18,3,2,0.0,0.0,0.0,0.0,0.0,3.0,17,2,3
91288,15,2,3,8,8,3,0,1,0,1,1,18,2,3,1.0,0.0,0.0,1.0,0.0,1.0,15,6,7
85332,4,2,3,2,10,3,0,1,1,1,2,24,1,2,0.0,0.0,0.0,0.0,0.0,1.0,18,4,6
46830,16,2,3,9,8,3,0,1,0,1,2,18,2,3,1.0,0.0,0.0,1.0,0.0,1.0,9,5,4
132180,16,2,3,17,6,3,0,1,0,1,2,18,2,3,1.0,0.0,0.0,1.0,0.0,1.0,18,3,9
9716,16,2,3,10,2,3,6,1,0,1,1,19,2,4,1.0,0.0,0.0,0.0,1.0,2.0,13,2,1
8244,15,2,3,17,8,3,0,1,1,1,2,24,2,2,0.0,0.0,0.0,0.0,0.0,2.0,12,5,1
145417,15,2,3,8,6,3,0,5,0,1,2,5,2,3,1.0,0.0,0.0,1.0,0.0,1.0,15,4,10
62758,16,2,3,17,8,3,0,1,1,1,2,19,2,2,0.0,0.0,0.0,0.0,0.0,2.0,9,3,5
31130,16,2,3,10,2,3,0,1,0,1,1,8,2,3,1.0,0.0,0.0,1.0,0.0,1.0,10,5,3
62337,16,2,1,0,6,3,0,1,0,1,2,6,2,2,0.0,0.0,0.0,0.0,0.0,2.0,21,5,5
182029,16,2,3,10,2,3,0,1,1,1,1,17,2,2,0.0,0.0,0.0,0.0,0.0,2.0,11,3,12
179689,15,2,1,17,6,3,0,1,1,1,1,36,2,2,0.0,0.0,0.0,0.0,0.0,2.0,18,7,12
109740,16,2,3,8,8,3,0,1,1,1,2,18,2,2,0.0,0.0,0.0,0.0,0.0,3.0,15,1,8
163476,4,2,3,10,10,3,0,1,1,1,2,26,2,2,0.0,0.0,0.0,0.0,0.0,3.0,10,3,11
148240,4,2,3,0,2,3,0,1,1,1,2,36,2,2,0.0,0.0,0.0,0.0,0.0,4.0,11,7,10
186530,15,2,3,17,2,3,5,5,1,1,2,5,2,2,0.0,0.0,0.0,0.0,0.0,2.0,9,4,12
110666,4,2,1,0,8,3,0,1,0,1,2,36,2,4,1.0,0.0,0.0,0.0,1.0,1.0,21,6,8
149262,16,2,3,0,8,3,0,1,0,1,2,26,2,4,1.0,0.0,0.0,0.0,1.0,2.0,16,1,10
25857,16,2,1,0,8,3,0,1,0,1,2,37,2,2,0.0,0.0,0.0,0.0,0.0,3.0,21,1,2
49650,16,2,1,17,6,3,0,1,1,0,2,36,2,2,0.0,0.0,0.0,0.0,0.0,3.0,1,1,4
113193,15,2,4,8,8,3,0,1,0,1,0,26,2,3,1.0,0.0,0.0,1.0,0.0,1.0,19,1,8
77551,4,2,3,17,2,3,0,1,1,1,2,22,2,2,0.0,0.0,0.0,0.0,0.0,2.0,15,3,6
99213,15,2,3,17,2,3,0,1,1,1,2,18,2,2,0.0,0.0,0.0,0.0,0.0,2.0,13,7,7
162268,15,11,5,0,9,3,5,5,0,1,2,5,2,4,1.0,0.0,0.0,0.0,1.0,2.0,17,7,11
101769,16,2,1,11,10,3,0,1,1,1,0,36,2,2,0.0,0.0,0.0,0.0,0.0,2.0,4,7,7
167459,4,11,0,0,15,3,5,5,1,1,2,23,2,2,0.0,0.0,0.0,0.0,0.0,2.0,19,3,11
147143,15,2,0,10,6,3,0,1,0,1,2,19,2,3,1.0,0.0,0.0,1.0,0.0,1.0,20,7,10
133175,15,2,3,10,2,3,0,1,1,1,2,36,2,2,0.0,0.0,0.0,0.0,0.0,2.0,13,2,9
89176,15,2,3,17,6,3,0,1,0,1,2,5,2,2,0.0,0.0,0.0,0.0,0.0,4.0,18,1,7
80272,15,2,3,10,9,3,0,1,0,1,2,28,4,4,1.0,0.0,0.0,0.0,1.0,5.0,15,6,6
176975,15,2,3,17,6,3,0,1,0,1,0,18,3,2,0.0,0.0,0.0,0.0,0.0,3.0,14,7,12
87601,16,2,3,0,6,3,0,1,0,1,2,6,2,4,2.0,0.0,0.0,0.0,2.0,0.0,16,5,6
30139,16,2,3,0,2,3,0,1,1,1,2,6,3,2,0.0,0.0,0.0,0.0,0.0,5.0,12,2,3
150067,15,2,3,0,6,3,0,1,0,1,2,18,2,4,1.0,0.0,0.0,0.0,1.0,5.0,17,6,10
174963,4,2,1,17,8,3,0,1,1,1,0,21,2,2,0.0,0.0,0.0,0.0,0.0,2.0,19,4,12
176204,16,3,3,3,8,3,0,1,0,1,2,18,3,1,1.0,0.0,1.0,0.0,0.0,4.0,7,3,12
60476,16,7,3,0,8,3,6,5,0,1,2,6,2,3,1.0,0.0,0.0,1.0,0.0,1.0,7,5,5
20833,4,10,3,14,8,3,4,1,0,1,2,17,2,2,0.0,0.0,0.0,0.0,0.0,2.0,12,5,2
162671,15,2,3,10,6,3,0,1,1,1,2,19,2,2,0.0,0.0,0.0,0.0,0.0,3.0,9,4,11
2480,15,2,1,0,8,3,0,1,1,1,2,18,2,2,0.0,0.0,0.0,0.0,0.0,2.0,21,7,1
45184,4,2,3,0,8,3,0,1,1,1,2,36,2,2,0.0,0.0,0.0,0.0,0.0,2.0,15,5,4
18036,16,2,3,0,6,3,1,1,0,1,2,6,2,3,2.0,0.0,0.0,2.0,0.0,1.0,10,6,2
65519,16,2,3,7,2,3,0,1,1,1,0,36,2,2,0.0,0.0,0.0,0.0,0.0,1.0,14,1,5
59063,16,2,3,15,8,3,0,1,1,0,2,28,2,2,0.0,0.0,0.0,0.0,0.0,3.0,19,2,5
186941,15,7,1,17,8,3,6,5,1,1,2,39,2,2,0.0,0.0,0.0,0.0,0.0,7.0,3,6,12
42233,16,7,1,10,6,3,6,1,1,1,2,19,2,2,0.0,0.0,0.0,0.0,0.0,3.0,22,1,3
2947,16,2,3,0,2,3,0,5,1,1,1,26,2,2,0.0,0.0,0.0,0.0,0.0,3.0,11,5,1
148301,17,2,4,10,8,3,6,5,1,1,0,36,2,2,0.0,0.0,0.0,0.0,0.0,2.0,23,2,10
16840,16,2,3,17,2,3,0,1,1,1,2,24,2,2,0.0,0.0,0.0,0.0,0.0,2.0,14,6,2
184791,4,2,3,0,10,3,0,1,1,1,2,21,2,2,0.0,0.0,0.0,0.0,0.0,2.0,14,1,12
165551,16,2,3,8,8,3,0,5,0,1,1,18,2,3,1.0,0.0,0.0,1.0,0.0,1.0,9,2,11
126856,16,7,3,17,2,3,5,5,1,1,2,24,2,2,0.0,0.0,0.0,0.0,0.0,2.0,10,7,9
49816,16,2,3,14,1,3,0,1,0,1,2,36,2,3,3.0,0.0,0.0,3.0,0.0,0.0,9,4,4
100835,4,2,3,0,8,3,0,1,0,1,2,18,2,1,1.0,0.0,1.0,0.0,0.0,3.0,8,5,7
103670,15,2,3,0,6,3,0,1,0,1,2,18,2,2,0.0,0.0,0.0,0.0,0.0,2.0,11,6,7
117909,15,2,3,0,6,3,0,1,0,1,2,5,2,2,0.0,0.0,0.0,0.0,0.0,2.0,16,5,8
91166,16,2,3,10,6,3,0,1,1,1,2,18,2,2,0.0,0.0,0.0,0.0,0.0,2.0,14,4,7
9870,16,2,1,17,8,3,0,1,1,1,2,24,2,2,0.0,0.0,0.0,0.0,0.0,2.0,19,5,1
101576,16,2,3,17,8,3,0,1,1,1,2,23,2,2,0.0,0.0,0.0,0.0,0.0,2.0,19,3,7
74652,16,2,1,17,8,3,0,5,1,1,2,24,2,2,0.0,0.0,0.0,0.0,0.0,3.0,22,7,6
41207,15,2,3,17,8,2,0,1,0,1,2,22,3,2,0.0,0.0,0.0,0.0,0.0,4.0,14,3,3
26044,16,2,2,13,2,3,0,1,1,1,2,23,2,2,0.0,0.0,0.0,0.0,0.0,2.0,16,6,2
60399,16,2,3,0,8,3,0,1,0,1,2,17,3,3,1.0,0.0,0.0,1.0,0.0,3.0,16,3,5
6374,4,2,3,0,8,3,4,1,1,1,2,36,2,2,0.0,0.0,0.0,0.0,0.0,3.0,13,7,1
47794,16,2,3,10,8,3,0,1,1,1,2,19,2,2,0.0,0.0,0.0,0.0,0.0,2.0,15,3,4
159794,16,2,3,17,8,3,0,1,0,1,2,18,2,2,0.0,0.0,0.0,0.0,0.0,2.0,13,5,11
50381,16,2,3,0,10,3,0,1,0,1,2,6,2,1,1.0,0.0,1.0,0.0,0.0,2.0,12,5,4
28911,16,2,3,9,6,3,0,1,0,1,0,6,2,3,1.0,0.0,0.0,1.0,0.0,1.0,8,2,3
114263,4,2,3,17,8,3,0,1,0,1,2,18,2,2,0.0,0.0,0.0,0.0,0.0,4.0,9,5,8
131845,16,2,2,10,17,3,0,1,1,1,2,17,2,2,0.0,0.0,0.0,0.0,0.0,2.0,22,4,9
4170,12,9,1,2,8,2,6,4,0,1,2,39,1,2,0.0,0.0,0.0,0.0,0.0,1.0,3,1,1
63486,15,2,3,0,15,3,0,1,0,1,2,28,3,3,1.0,0.0,0.0,1.0,0.0,4.0,18,2,5
181149,15,10,3,9,3,3,4,1,0,1,2,36,2,1,1.0,0.0,1.0,0.0,0.0,1.0,12,6,12
167758,16,2,1,15,2,3,0,1,1,1,2,17,2,2,0.0,0.0,0.0,0.0,0.0,2.0,17,6,11
59279,16,2,1,17,6,3,5,5,1,1,2,23,2,2,0.0,0.0,0.0,0.0,0.0,2.0,1,7,5
96903,16,2,3,17,3,3,0,1,0,1,2,24,2,4,1.0,0.0,0.0,0.0,1.0,2.0,13,2,7
57516,4,2,3,17,8,3,0,1,1,0,2,23,2,2,0.0,0.0,0.0,0.0,0.0,2.0,16,6,5
311,4,2,1,10,8,3,0,1,1,1,1,19,2,2,0.0,0.0,0.0,0.0,0.0,2.0,3,7,1
136217,16,2,3,0,6,3,0,1,0,1,2,6,2,2,0.0,0.0,0.0,0.0,0.0,4.0,14,3,9
112642,4,2,3,8,1,3,0,1,0,1,2,38,2,3,1.0,0.0,0.0,1.0,0.0,1.0,18,7,8
18644,16,2,3,15,8,3,0,5,1,1,2,26,2,2,0.0,0.0,0.0,0.0,0.0,2.0,15,4,2
17342,16,2,3,10,10,3,0,1,1,1,2,19,2,2,0.0,0.0,0.0,0.0,0.0,2.0,14,2,2
126194,16,3,4,15,2,3,0,1,1,1,1,36,2,2,0.0,0.0,0.0,0.0,0.0,2.0,18,4,9
186413,15,7,1,0,15,3,6,1,1,1,2,18,2,2,0.0,0.0,0.0,0.0,0.0,3.0,16,5,12
75963,15,7,3,0,8,3,6,1,1,1,2,12,2,2,0.0,0.0,0.0,0.0,0.0,3.0,15,7,6
147280,16,2,3,15,2,3,0,1,1,1,1,36,2,2,0.0,0.0,0.0,0.0,0.0,3.0,14,3,10
167134,16,2,3,10,2,3,0,1,1,1,1,36,2,2,0.0,0.0,0.0,0.0,0.0,2.0,15,4,11
62597,16,2,3,10,2,3,0,1,1,1,1,36,2,2,0.0,0.0,0.0,0.0,0.0,2.0,2,7,5
135845,16,2,1,8,15,3,0,1,0,1,2,6,2,1,1.0,0.0,1.0,0.0,0.0,1.0,22,6,9
19289,15,2,3,0,11,3,4,1,0,1,2,18,2,2,0.0,0.0,0.0,0.0,0.0,2.0,17,7,2
12212,16,10,0,0,6,3,4,1,0,1,2,6,2,2,0.0,0.0,0.0,0.0,0.0,3.0,18,3,1
3708,16,2,3,10,6,3,0,1,0,1,2,19,2,2,0.0,0.0,0.0,0.0,0.0,2.0,13,1,1
38669,16,7,1,8,6,3,6,5,0,1,0,18,2,4,1.0,0.0,0.0,0.0,1.0,1.0,19,3,3
36687,15,2,3,10,19,3,0,5,1,1,1,18,2,2,0.0,0.0,0.0,0.0,0.0,5.0,11,2,3
53382,15,2,3,0,8,3,0,1,1,1,2,18,2,2,0.0,0.0,0.0,0.0,0.0,4.0,15,5,4
123296,4,2,3,15,8,3,0,1,1,1,2,21,2,2,0.0,0.0,0.0,0.0,0.0,2.0,17,3,9
86280,15,2,3,10,8,3,0,5,1,1,2,36,2,2,0.0,0.0,0.0,0.0,0.0,2.0,14,5,6
67938,16,2,3,0,6,3,0,1,0,1,2,6,3,2,0.0,0.0,0.0,0.0,0.0,3.0,8,3,5
145664,16,2,3,17,8,3,0,1,0,1,2,23,2,2,0.0,0.0,0.0,0.0,0.0,2.0,18,7,10
175760,4,2,3,17,0,3,0,1,1,1,2,18,2,2,0.0,0.0,0.0,0.0,0.0,2.0,9,3,12
42706,16,7,0,17,6,3,6,1,1,1,1,36,2,2,0.0,0.0,0.0,0.0,0.0,2.0,21,2,4
98616,16,2,3,9,8,3,0,1,0,1,2,17,2,3,1.0,0.0,0.0,1.0,0.0,1.0,18,6,7
12626,15,10,1,0,8,3,6,1,0,1,2,5,2,2,0.0,0.0,0.0,0.0,0.0,2.0,18,3,1
117249,16,2,3,0,8,3,0,5,1,1,2,6,2,2,0.0,0.0,0.0,0.0,0.0,4.0,19,7,8
184237,18,2,1,9,3,3,0,1,0,1,2,7,3,1,2.0,0.0,2.0,0.0,0.0,1.0,19,6,12
156478,16,2,3,10,2,3,0,1,1,1,2,36,2,2,0.0,0.0,0.0,0.0,0.0,2.0,11,6,11
19816,16,2,3,17,8,3,0,1,1,1,2,36,2,2,0.0,0.0,0.0,0.0,0.0,2.0,14,3,2
18991,16,10,3,2,6,3,4,1,0,1,2,12,1,2,0.0,0.0,0.0,0.0,0.0,1.0,8,3,2
12624,15,10,1,0,6,3,4,1,1,1,2,39,2,2,0.0,0.0,0.0,0.0,0.0,2.0,17,3,1
21858,16,1,3,17,6,3,4,5,1,1,2,39,2,2,0.0,0.0,0.0,0.0,0.0,2.0,16,2,2
96527,17,2,3,15,8,3,5,5,1,1,1,22,2,2,0.0,0.0,0.0,0.0,0.0,2.0,16,4,7
80132,16,2,3,0,15,3,0,1,0,1,2,17,2,3,2.0,0.0,0.0,2.0,0.0,0.0,17,4,6
26443,16,2,3,17,8,3,0,5,1,1,1,18,2,2,0.0,0.0,0.0,0.0,0.0,2.0,12,5,2
153070,16,2,3,10,2,3,0,1,1,1,2,19,2,2,0.0,0.0,0.0,0.0,0.0,2.0,15,4,10
175626,16,2,4,17,8,5,0,1,1,1,2,18,2,2,0.0,0.0,0.0,0.0,0.0,2.0,16,7,12
60926,17,2,3,15,6,3,0,1,0,1,2,36,2,2,0.0,0.0,0.0,0.0,0.0,2.0,17,4,5
150842,15,2,3,10,2,3,0,5,1,1,2,19,2,2,0.0,0.0,0.0,0.0,0.0,2.0,8,2,10
39351,15,2,3,0,11,3,5,5,0,1,2,7,2,3,1.0,0.0,0.0,1.0,0.0,1.0,12,7,3
44769,4,2,3,17,2,3,0,1,1,0,0,36,2,2,0.0,0.0,0.0,0.0,0.0,3.0,16,4,4
11645,16,7,3,17,10,3,6,5,0,1,1,24,2,3,1.0,0.0,0.0,1.0,0.0,1.0,8,6,1
33352,17,2,1,17,1,3,0,1,1,1,0,6,2,2,0.0,0.0,0.0,0.0,0.0,2.0,3,7,3
154905,16,7,1,0,2,3,6,1,0,1,2,36,2,3,2.0,0.0,0.0,2.0,0.0,1.0,22,1,10
83483,15,2,3,0,6,3,0,1,0,1,2,36,2,3,2.0,0.0,0.0,1.0,1.0,1.0,17,4,6