crash_date,               traffic_control_device,weather_condition,lighting_condition,first_crash_type,trafficway_type,alignment,roadway_surface_cond,road_defect,crash_type,intersection_related_i,damage,prim_contributory_cause,num_units,most_severe_injury,injuries_total,injuries_fatal,injuries_incapacitating,injuries_non_incapacitating,injuries_reported_not_evident,injuries_no_indication,crash_hour,crash_day_of_week,crash_month
45857,15,2,3,17,2,3,0,1,0,1,1,36,2,2,0.0,0.0,0.0,0.0,0.0,2.0,16,2,4
23790,16,2,3,0,8,3,0,1,0,1,2,36,2,4,1.0,0.0,0.0,0.0,1.0,2.0,10,6,2
42660,16,7,3,0,6,3,6,1,0,1,2,6,2,2,0.0,0.0,0.0,0.0,0.0,2.0,14,2,4
164280,15,2,3,0,8,3,0,1,1,1,2,18,2,2,0.0,0.0,0.0,0.0,0.0,3.0,12,5,11
22820,15,1,2,10,8,3,4,1,0,1,2,39,2,2,0.0,0.0,0.0,0.0,0.0,17.0,16,5,2
80603,16,2,3,9,6,3,0,1,0,1,2,18,2,3,1.0,0.0,0.0,1.0,0.0,1.0,6,4,6
37085,16,2,3,17,8,3,0,1,0,1,2,23,2,3,1.0,0.0,0.0,1.0,0.0,1.0,12,1,3
132067,4,7,1,9,10,3,6,1,0,1,2,18,2,3,1.0,0.0,0.0,1.0,0.0,1.0,21,7,9
177018,16,2,3,15,6,3,0,1,1,1,1,19,2,2,0.0,0.0,0.0,0.0,0.0,2.0,10,7,12
87315,16,2,3,17,2,3,0,1,1,1,2,6,2,2,0.0,0.0,0.0,0.0,0.0,3.0,16,7,6
175482,15,2,1,17,8,3,0,5,1,1,1,18,2,2,0.0,0.0,0.0,0.0,0.0,2.0,19,5,12
59717,16,2,1,0,10,3,0,1,0,1,2,6,2,4,1.0,0.0,0.0,0.0,1.0,1.0,22,6,5
31416,16,2,3,9,8,3,0,1,0,1,0,36,2,4,1.0,0.0,0.0,0.0,1.0,1.0,13,4,3
94627,15,2,1,0,8,3,0,1,0,1,2,18,3,2,0.0,0.0,0.0,0.0,0.0,2.0,23,7,7
36830,16,2,1,0,8,3,0,1,0,1,2,36,2,2,0.0,0.0,0.0,0.0,0.0,2.0,20,3,3
127556,4,7,3,17,8,3,0,6,1,1,2,32,2,2,0.0,0.0,0.0,0.0,0.0,2.0,15,3,9
41870,4,11,1,10,17,3,5,5,0,1,2,36,2,2,0.0,0.0,0.0,0.0,0.0,2.0,3,7,3
24651,16,2,3,9,6,3,0,1,0,1,2,36,2,1,1.0,0.0,1.0,0.0,0.0,1.0,14,2,2
121716,16,7,3,10,2,3,6,1,0,1,2,8,3,2,0.0,0.0,0.0,0.0,0.0,3.0,16,2,9
161456,15,2,3,0,11,3,0,1,0,1,2,36,2,2,0.0,0.0,0.0,0.0,0.0,2.0,8,1,11
82361,16,2,3,10,3,3,0,1,0,0,2,19,2,1,2.0,0.0,2.0,0.0,0.0,0.0,17,1,6
144066,16,2,3,17,2,3,0,5,1,1,2,18,2,2,0.0,0.0,0.0,0.0,0.0,2.0,17,5,10
120643,16,3,3,17,3,3,0,1,1,1,1,36,2,2,0.0,0.0,0.0,0.0,0.0,4.0,11,7,9
174419,16,11,4,10,2,3,5,5,1,1,2,36,2,2,0.0,0.0,0.0,0.0,0.0,2.0,17,4,12
171025,16,2,1,17,6,3,0,1,0,1,2,18,2,2,0.0,0.0,0.0,0.0,0.0,3.0,18,3,11
77532,16,7,3,17,19,3,6,1,0,1,2,6,2,2,0.0,0.0,0.0,0.0,0.0,3.0,12,1,6
18606,16,2,1,15,10,3,0,1,1,1,2,28,2,2,0.0,0.0,0.0,0.0,0.0,2.0,19,3,2
29776,16,2,3,17,8,3,0,1,0,1,2,24,2,3,1.0,0.0,0.0,1.0,0.0,2.0,8,4,3
160339,16,2,1,2,10,3,3,2,0,1,2,28,1,2,0.0,0.0,0.0,0.0,0.0,1.0,0,5,11
44202,16,2,3,15,8,3,0,1,1,1,1,36,2,2,0.0,0.0,0.0,0.0,0.0,2.0,13,6,4
132923,11,2,1,9,6,3,0,1,0,1,0,28,2,3,1.0,0.0,0.0,1.0,0.0,1.0,1,1,9
157640,16,2,3,17,8,3,0,1,1,1,2,36,2,2,0.0,0.0,0.0,0.0,0.0,2.0,8,2,11
116501,16,2,3,17,3,3,0,1,0,1,2,18,2,1,2.0,0.0,1.0,1.0,0.0,0.0,7,4,8
94324,16,2,3,10,6,3,0,1,0,1,2,36,2,3,1.0,0.0,0.0,1.0,0.0,2.0,13,4,7
148638,4,2,3,2,8,3,5,5,1,1,1,36,1,2,0.0,0.0,0.0,0.0,0.0,2.0,10,5,10
22942,15,10,3,0,8,3,1,1,1,1,2,36,2,2,0.0,0.0,0.0,0.0,0.0,2.0,9,6,2
90480,16,2,2,10,8,3,5,2,1,1,2,36,2,2,0.0,0.0,0.0,0.0,0.0,2.0,6,6,7
123282,4,2,3,15,3,3,0,1,0,0,2,36,2,2,0.0,0.0,0.0,0.0,0.0,3.0,12,5,9
129117,4,2,4,9,6,3,0,1,0,1,1,18,2,3,1.0,0.0,0.0,1.0,0.0,1.0,20,2,9
18482,16,2,1,10,8,3,0,1,1,1,2,36,2,2,0.0,0.0,0.0,0.0,0.0,2.0,19,7,2
162510,16,2,3,0,2,3,0,1,0,1,2,6,2,3,2.0,0.0,0.0,2.0,0.0,6.0,8,2,11
183372,15,2,0,0,8,3,0,1,0,1,2,5,2,3,1.0,0.0,0.0,1.0,0.0,2.0,10,2,12
168466,16,2,1,17,6,3,0,5,0,1,2,36,2,3,1.0,0.0,0.0,1.0,0.0,1.0,18,4,11
63381,16,2,1,2,8,3,0,1,0,1,2,9,1,3,1.0,0.0,0.0,1.0,0.0,4.0,19,7,5
89252,16,2,3,17,8,3,0,1,1,1,2,18,2,2,0.0,0.0,0.0,0.0,0.0,2.0,8,2,7
37408,16,2,1,0,8,3,0,1,0,1,2,36,2,2,0.0,0.0,0.0,0.0,0.0,3.0,3,1,3
41132,16,7,1,10,8,3,6,1,0,1,2,12,2,3,1.0,0.0,0.0,1.0,0.0,2.0,1,1,3
118538,16,2,3,17,6,3,0,1,0,1,0,36,2,3,1.0,0.0,0.0,1.0,0.0,1.0,12,6,8
139238,16,2,3,15,8,3,0,1,1,0,0,23,2,2,0.0,0.0,0.0,0.0,0.0,2.0,7,3,10
80450,16,7,1,10,2,3,6,1,1,1,2,19,2,2,0.0,0.0,0.0,0.0,0.0,3.0,21,7,6
116069,16,2,3,10,2,3,0,6,0,1,2,17,2,4,2.0,0.0,0.0,0.0,2.0,0.0,14,6,8
188127,16,2,1,17,8,3,0,1,0,1,2,18,2,2,0.0,0.0,0.0,0.0,0.0,2.0,21,7,12
156215,16,2,3,9,8,3,0,1,0,1,2,18,2,3,1.0,0.0,0.0,1.0,0.0,1.0,15,6,11
33480,15,2,1,17,8,3,0,1,0,1,2,18,2,4,1.0,0.0,0.0,0.0,1.0,2.0,20,3,3
120340,16,2,3,17,8,3,2,2,1,1,2,17,2,2,0.0,0.0,0.0,0.0,0.0,2.0,12,4,8
49828,16,2,3,10,2,3,0,1,1,1,2,19,2,2,0.0,0.0,0.0,0.0,0.0,2.0,15,2,4
150097,15,2,3,7,15,3,0,1,1,1,1,36,2,2,0.0,0.0,0.0,0.0,0.0,1.0,22,6,10
71542,4,2,3,17,2,3,0,1,1,0,2,19,2,2,0.0,0.0,0.0,0.0,0.0,2.0,15,3,5
80245,15,2,3,11,8,3,0,1,1,1,1,36,2,2,0.0,0.0,0.0,0.0,0.0,3.0,11,5,6
160553,16,2,4,9,6,3,0,1,0,1,2,18,2,3,1.0,0.0,0.0,1.0,0.0,1.0,16,3,11
80348,15,2,3,17,2,3,0,1,1,1,2,36,2,2,0.0,0.0,0.0,0.0,0.0,2.0,16,1,6
39568,16,2,3,17,6,3,0,1,1,1,2,18,2,2,0.0,0.0,0.0,0.0,0.0,3.0,7,6,3
183176,16,3,3,10,8,3,6,1,1,1,0,36,2,2,0.0,0.0,0.0,0.0,0.0,4.0,9,5,12
114157,16,2,3,0,15,3,0,5,0,1,2,6,2,3,1.0,0.0,0.0,1.0,0.0,2.0,14,3,8
153527,15,2,2,17,2,3,0,1,1,1,0,23,2,2,0.0,0.0,0.0,0.0,0.0,2.0,16,2,10
123842,15,2,1,0,8,3,0,1,0,1,2,5,2,3,1.0,0.0,0.0,1.0,0.0,2.0,3,5,9
161873,16,7,3,17,8,3,6,1,1,1,1,18,2,2,0.0,0.0,0.0,0.0,0.0,3.0,15,1,11
71484,16,2,3,10,6,3,0,1,1,1,1,18,2,2,0.0,0.0,0.0,0.0,0.0,2.0,15,2,5
121641,4,2,3,7,10,3,0,1,1,1,1,17,2,2,0.0,0.0,0.0,0.0,0.0,1.0,18,7,9
43270,16,2,3,0,1,3,0,1,0,1,2,6,3,3,2.0,0.0,0.0,1.0,1.0,4.0,16,4,4
55399,15,2,2,2,8,3,0,5,0,1,2,12,1,2,0.0,0.0,0.0,0.0,0.0,1.0,19,7,4
121007,16,2,1,10,6,3,5,5,1,1,2,19,2,2,0.0,0.0,0.0,0.0,0.0,2.0,0,6,9
65259,16,2,3,0,6,3,6,1,1,1,2,6,2,2,0.0,0.0,0.0,0.0,0.0,2.0,14,3,5
120039,15,2,3,0,8,3,0,1,0,1,2,5,2,2,0.0,0.0,0.0,0.0,0.0,2.0,17,6,8
139553,16,2,3,17,8,3,0,1,0,1,1,36,2,4,1.0,0.0,0.0,0.0,1.0,3.0,17,1,10
188919,15,2,3,0,6,3,0,1,1,1,1,18,2,2,0.0,0.0,0.0,0.0,0.0,2.0,14,7,12
71808,16,2,3,17,8,3,0,6,0,1,2,18,2,4,1.0,0.0,0.0,0.0,1.0,1.0,13,6,6
115556,16,2,1,10,3,3,0,1,1,1,2,36,2,2,0.0,0.0,0.0,0.0,0.0,2.0,20,5,8
40337,16,2,3,10,8,3,0,1,1,1,2,19,2,2,0.0,0.0,0.0,0.0,0.0,2.0,13,7,3
175686,4,2,3,0,8,3,0,1,0,1,2,18,3,2,0.0,0.0,0.0,0.0,0.0,2.0,14,2,12
78659,16,7,3,8,6,3,6,1,0,1,0,6,2,3,1.0,0.0,0.0,1.0,0.0,1.0,11,3,6
50903,16,2,3,10,8,3,0,1,1,1,2,19,2,2,0.0,0.0,0.0,0.0,0.0,2.0,11,7,4
9991,4,6,1,0,10,3,4,5,1,1,2,36,2,2,0.0,0.0,0.0,0.0,0.0,3.0,20,7,1
186890,15,2,3,0,6,3,0,1,0,1,2,36,2,3,3.0,0.0,0.0,3.0,0.0,0.0,15,4,12
139787,16,2,3,14,15,3,0,1,1,1,2,4,2,2,0.0,0.0,0.0,0.0,0.0,3.0,15,6,10
154833,15,2,1,1,6,3,0,1,1,1,0,26,1,2,0.0,0.0,0.0,0.0,0.0,1.0,23,7,10
135974,15,2,3,0,2,3,0,1,0,1,2,18,4,3,1.0,0.0,0.0,1.0,0.0,4.0,12,5,9
144870,16,2,3,0,6,3,0,1,0,1,2,6,2,3,1.0,0.0,0.0,1.0,0.0,1.0,7,3,10
126535,16,2,3,17,6,3,0,1,1,1,1,36,2,2,0.0,0.0,0.0,0.0,0.0,6.0,15,4,9
99083,4,2,1,3,11,3,0,5,0,1,2,22,2,2,0.0,0.0,0.0,0.0,0.0,3.0,1,7,7
184635,15,7,3,17,6,3,6,1,1,1,2,18,2,2,0.0,0.0,0.0,0.0,0.0,2.0,12,6,12
59647,15,7,3,10,8,3,6,1,0,1,0,17,2,3,1.0,0.0,0.0,1.0,0.0,6.0,8,4,5
174311,6,3,3,10,2,3,6,1,1,1,1,19,2,2,0.0,0.0,0.0,0.0,0.0,3.0,7,2,12
92997,16,2,3,17,8,2,0,1,1,1,1,4,2,2,0.0,0.0,0.0,0.0,0.0,2.0,9,3,7
22096,16,2,3,17,8,3,0,1,0,1,2,24,2,2,0.0,0.0,0.0,0.0,0.0,4.0,16,5,2
166102,16,7,4,10,8,3,6,5,1,1,2,19,2,2,0.0,0.0,0.0,0.0,0.0,3.0,17,3,11
1097,15,2,3,10,2,3,0,1,1,1,2,19,2,2,0.0,0.0,0.0,0.0,0.0,2.0,15,5,1
125727,16,7,1,10,3,3,6,5,1,1,1,36,2,2,0.0,0.0,0.0,0.0,0.0,2.0,22,5,9
186756,16,2,1,17,8,3,0,5,0,1,1,36,2,2,0.0,0.0,0.0,0.0,0.0,5.0,18,2,12
80891,16,2,3,10,6,3,0,1,1,1,2,19,2,2,0.0,0.0,0.0,0.0,0.0,3.0,18,2,6
139197,16,2,3,0,6,3,0,1,0,1,2,6,3,3,1.0,0.0,0.0,1.0,0.0,2.0,11,2,10
26224,16,2,3,10,2,3,0,1,1,1,1,19,2,2,0.0,0.0,0.0,0.0,0.0,3.0,14,1,2
179516,16,2,3,17,8,3,0,1,1,1,2,36,2,2,0.0,0.0,0.0,0.0,0.0,2.0,16,5,12
18885,16,2,1,10,2,3,0,5,0,1,2,36,2,3,1.0,0.0,0.0,1.0,0.0,1.0,22,7,2
59453,16,2,3,10,6,3,0,1,0,1,1,36,2,3,1.0,0.0,0.0,1.0,0.0,1.0,7,3,5
129656,16,2,3,10,2,3,0,1,1,1,2,36,2,2,0.0,0.0,0.0,0.0,0.0,2.0,14,3,9
171684,15,2,3,0,8,3,0,1,0,1,1,18,2,2,0.0,0.0,0.0,0.0,0.0,2.0,15,6,11
36651,16,2,3,17,2,3,0,1,1,1,2,18,2,2,0.0,0.0,0.0,0.0,0.0,2.0,16,2,3
87486,16,2,3,8,8,3,0,1,0,1,1,24,2,4,1.0,0.0,0.0,0.0,1.0,1.0,7,3,6
125485,4,2,3,17,8,3,0,1,1,1,1,19,2,2,0.0,0.0,0.0,0.0,0.0,2.0,11,7,9
40916,16,2,2,17,6,3,0,1,1,1,2,24,2,2,0.0,0.0,0.0,0.0,0.0,2.0,21,3,3
98797,4,7,1,0,10,3,6,1,1,1,2,24,3,2,0.0,0.0,0.0,0.0,0.0,2.0,5,1,7
93281,15,2,3,8,11,3,0,5,0,1,1,36,2,3,1.0,0.0,0.0,1.0,0.0,1.0,15,2,7
110007,16,7,1,9,6,3,6,1,0,1,1,18,2,3,1.0,0.0,0.0,1.0,0.0,1.0,20,2,8
76725,16,2,3,17,3,3,0,1,1,1,1,36,2,2,0.0,0.0,0.0,0.0,0.0,2.0,8,2,6
5537,15,2,0,10,8,3,0,1,1,1,1,19,2,2,0.0,0.0,0.0,0.0,0.0,2.0,23,6,1
171972,16,2,4,17,6,3,0,1,0,1,2,36,2,3,1.0,0.0,0.0,1.0,0.0,3.0,18,4,11
140013,15,7,3,0,2,3,6,1,1,1,2,18,2,2,0.0,0.0,0.0,0.0,0.0,5.0,8,6,10
25150,4,7,3,15,6,3,6,1,1,0,1,36,2,2,0.0,0.0,0.0,0.0,0.0,2.0,8,4,2
44878,16,2,3,0,6,3,0,1,0,1,2,6,2,4,1.0,0.0,0.0,0.0,1.0,2.0,17,7,4
172551,16,2,3,10,10,3,0,1,0,1,2,17,2,3,1.0,0.0,0.0,1.0,0.0,1.0,9,5,12
181395,16,2,1,10,2,3,0,1,1,1,1,12,2,2,0.0,0.0,0.0,0.0,0.0,2.0,18,2,12
60351,16,2,3,17,5,3,0,1,0,1,2,18,2,1,1.0,0.0,1.0,0.0,0.0,2.0,18,2,5
167629,4,7,1,17,8,3,6,1,1,1,2,17,2,2,0.0,0.0,0.0,0.0,0.0,2.0,20,3,11
62142,4,3,3,17,2,3,0,1,1,1,2,18,2,2,0.0,0.0,0.0,0.0,0.0,2.0,17,1,5
140185,4,2,3,17,8,3,0,1,1,1,1,22,2,2,0.0,0.0,0.0,0.0,0.0,3.0,17,3,10
165632,16,2,3,17,18,3,0,5,0,1,2,18,2,2,0.0,0.0,0.0,0.0,0.0,2.0,16,5,11
131393,4,2,3,0,11,3,0,1,0,1,2,18,2,3,1.0,0.0,0.0,1.0,0.0,1.0,10,5,9
82609,16,2,3,10,6,3,0,1,1,1,2,36,2,2,0.0,0.0,0.0,0.0,0.0,2.0,11,5,6
120579,16,2,1,17,8,3,0,1,1,1,0,18,2,2,0.0,0.0,0.0,0.0,0.0,2.0,23,6,9
172533,4,2,0,17,8,3,0,1,0,1,2,23,2,4,1.0,0.0,0.0,0.0,1.0,1.0,18,5,12
7976,16,10,1,17,6,3,4,1,1,1,2,36,2,2,0.0,0.0,0.0,0.0,0.0,2.0,17,3,1
154140,16,2,1,0,5,3,6,5,0,1,2,6,2,2,0.0,0.0,0.0,0.0,0.0,4.0,1,6,10
44021,16,7,1,10,8,3,6,1,1,1,2,36,2,2,0.0,0.0,0.0,0.0,0.0,2.0,22,3,4
117984,16,2,3,9,6,3,0,5,0,1,2,18,2,1,1.0,0.0,1.0,0.0,0.0,1.0,16,6,8
105446,15,2,3,0,6,3,0,5,0,1,2,17,2,1,3.0,0.0,2.0,1.0,0.0,1.0,12,4,8
23084,16,2,3,15,8,3,0,1,1,1,1,23,2,2,0.0,0.0,0.0,0.0,0.0,2.0,16,1,2
70179,16,2,3,0,8,3,0,1,1,1,2,6,2,2,0.0,0.0,0.0,0.0,0.0,2.0,14,2,5
184380,16,2,0,2,10,3,0,1,0,1,2,36,1,2,0.0,0.0,0.0,0.0,0.0,1.0,22,1,12
40421,16,2,3,17,2,3,0,1,0,1,2,18,2,2,0.0,0.0,0.0,0.0,0.0,6.0,15,1,3
178804,16,3,1,10,19,3,0,1,0,0,2,19,2,2,0.0,0.0,0.0,0.0,0.0,3.0,17,5,12
109249,15,11,4,0,8,3,5,5,1,1,1,36,2,2,0.0,0.0,0.0,0.0,0.0,2.0,18,5,8
129729,16,2,1,17,6,3,0,1,0,1,2,36,2,4,2.0,0.0,0.0,0.0,2.0,1.0,5,5,9
37370,16,2,3,17,2,3,0,1,0,1,2,6,2,3,2.0,0.0,0.0,2.0,0.0,0.0,18,7,3
59952,17,11,5,15,6,3,5,5,1,1,2,36,2,2,0.0,0.0,0.0,0.0,0.0,2.0,17,4,5
117844,16,2,3,10,2,3,0,1,1,1,0,26,2,2,0.0,0.0,0.0,0.0,0.0,3.0,13,3,8
130272,16,2,3,17,2,3,0,1,1,1,2,36,2,2,0.0,0.0,0.0,0.0,0.0,2.0,8,4,9
131373,15,2,3,17,8,3,0,1,1,0,2,36,2,2,0.0,0.0,0.0,0.0,0.0,2.0,7,5,9
146115,16,2,3,17,6,3,0,5,1,1,2,36,2,2,0.0,0.0,0.0,0.0,0.0,2.0,14,7,10
23893,15,2,1,17,15,3,0,1,0,1,2,12,2,2,0.0,0.0,0.0,0.0,0.0,3.0,19,1,2
80014,4,4,1,9,8,3,6,1,0,0,0,36,2,4,1.0,0.0,0.0,0.0,1.0,1.0,1,1,6
146138,16,2,1,17,6,3,0,1,1,1,2,6,2,2,0.0,0.0,0.0,0.0,0.0,4.0,18,7,10
17265,15,2,3,0,8,3,6,1,1,1,2,18,2,2,0.0,0.0,0.0,0.0,0.0,2.0,9,1,2
140084,16,2,3,17,8,3,0,1,0,1,1,18,2,3,1.0,0.0,0.0,1.0,0.0,4.0,8,7,10
5822,16,11,5,0,6,3,5,5,1,1,2,6,2,2,0.0,0.0,0.0,0.0,0.0,2.0,16,5,1
28336,15,7,3,17,8,3,6,1,1,1,2,24,2,2,0.0,0.0,0.0,0.0,0.0,4.0,8,5,3
123403,15,2,1,0,8,3,0,1,0,1,2,17,2,2,0.0,0.0,0.0,0.0,0.0,2.0,20,5,9
160403,16,10,3,17,3,3,0,1,0,1,2,17,2,2,0.0,0.0,0.0,0.0,0.0,7.0,9,6,11
25173,15,2,3,17,6,3,0,1,0,1,2,38,2,2,0.0,0.0,0.0,0.0,0.0,5.0,13,5,2
136391,15,2,3,0,10,3,0,1,0,1,2,18,2,2,0.0,0.0,0.0,0.0,0.0,3.0,7,5,9
117568,16,2,3,17,5,3,0,1,1,1,2,24,2,2,0.0,0.0,0.0,0.0,0.0,2.0,8,6,8
181157,16,2,1,0,6,3,0,1,0,1,2,6,2,1,4.0,0.0,2.0,2.0,0.0,1.0,1,7,12
91941,15,2,3,0,8,3,0,1,1,1,1,18,2,2,0.0,0.0,0.0,0.0,0.0,4.0,11,1,7
30047,4,2,1,5,3,3,0,1,0,1,1,22,1,2,0.0,0.0,0.0,0.0,0.0,1.0,0,2,3
73512,16,2,1,10,6,3,0,1,0,1,2,36,2,1,2.0,0.0,2.0,0.0,0.0,1.0,22,3,6
17993,4,2,4,17,2,3,0,1,0,1,2,24,2,3,3.0,0.0,0.0,3.0,0.0,1.0,16,6,2
29857,16,2,1,17,10,3,0,1,1,1,2,36,3,2,0.0,0.0,0.0,0.0,0.0,3.0,22,5,3
10437,15,11,1,0,6,3,5,5,0,1,2,18,2,2,0.0,0.0,0.0,0.0,0.0,4.0,23,7,1
108680,16,2,2,0,3,3,0,1,1,1,2,18,2,2,0.0,0.0,0.0,0.0,0.0,2.0,19,6,8
83025,16,2,3,10,8,3,0,1,1,1,2,19,2,2,0.0,0.0,0.0,0.0,0.0,2.0,6,4,6
168569,4,2,3,17,8,3,0,1,0,0,2,24,2,4,6.0,0.0,0.0,0.0,6.0,0.0,16,7,11
156012,15,2,3,0,2,3,0,1,1,1,2,18,2,2,0.0,0.0,0.0,0.0,0.0,2.0,16,2,11
34990,16,7,3,10,2,3,6,1,0,1,2,17,2,2,0.0,0.0,0.0,0.0,0.0,2.0,9,6,3
65787,16,2,3,10,8,3,0,1,1,1,2,19,2,2,0.0,0.0,0.0,0.0,0.0,2.0,12,4,5
102552,15,11,3,2,6,3,0,5,0,1,2,36,1,2,0.0,0.0,0.0,0.0,0.0,1.0,18,4,7
130371,4,2,3,17,3,3,0,5,0,1,2,18,2,3,1.0,0.0,0.0,1.0,0.0,1.0,14,7,9
79325,15,2,3,17,8,3,0,1,1,1,2,38,2,2,0.0,0.0,0.0,0.0,0.0,2.0,17,4,6
36921,16,2,3,10,8,3,0,1,1,1,1,19,2,2,0.0,0.0,0.0,0.0,0.0,2.0,18,6,3
131478,16,7,1,17,6,3,6,1,1,1,1,6,2,2,0.0,0.0,0.0,0.0,0.0,2.0,0,6,9
27837,16,2,3,17,2,3,5,5,1,1,2,18,2,2,0.0,0.0,0.0,0.0,0.0,2.0,7,6,2
175186,16,2,3,17,8,3,0,1,1,1,2,36,2,2,0.0,0.0,0.0,0.0,0.0,2.0,16,2,12
58247,16,7,3,17,6,3,6,1,1,1,2,24,2,2,0.0,0.0,0.0,0.0,0.0,3.0,15,5,5
9442,16,2,3,17,8,3,0,1,1,1,2,22,2,2,0.0,0.0,0.0,0.0,0.0,2.0,16,5,1
57070,16,2,3,10,2,3,0,1,1,1,2,19,3,2,0.0,0.0,0.0,0.0,0.0,3.0,11,5,5
94416,16,2,1,10,6,3,0,1,0,1,2,8,2,3,1.0,0.0,0.0,1.0,0.0,2.0,20,5,7
102845,17,7,3,17,18,3,6,5,1,1,2,36,2,2,0.0,0.0,0.0,0.0,0.0,2.0,8,2,7
124985,16,2,4,15,2,3,0,1,1,1,0,23,2,2,0.0,0.0,0.0,0.0,0.0,2.0,19,7,9
163053,16,2,1,17,3,3,0,1,0,1,2,36,2,2,0.0,0.0,0.0,0.0,0.0,2.0,4,3,11
23728,16,2,3,10,8,3,0,1,0,1,2,17,3,2,0.0,0.0,0.0,0.0,0.0,4.0,12,4,2
51628,16,2,3,15,10,3,0,1,1,1,2,23,2,2,0.0,0.0,0.0,0.0,0.0,3.0,12,1,4
163333,16,7,3,10,8,3,6,1,0,1,2,17,3,4,1.0,0.0,0.0,0.0,1.0,3.0,8,1,11
14569,16,7,3,17,6,3,6,1,0,1,2,24,2,3,1.0,0.0,0.0,1.0,0.0,1.0,7,3,1
100904,16,2,3,0,11,3,0,1,0,1,2,6,2,3,1.0,0.0,0.0,1.0,0.0,3.0,7,6,7
124556,15,7,3,17,2,3,6,1,1,1,1,18,2,2,0.0,0.0,0.0,0.0,0.0,2.0,11,1,9
183767,16,2,3,10,6,3,0,1,0,1,2,19,2,3,1.0,0.0,0.0,1.0,0.0,2.0,13,7,12
167032,16,2,1,17,8,3,0,1,1,1,1,19,2,2,0.0,0.0,0.0,0.0,0.0,3.0,17,2,11
37378,15,2,3,17,8,3,0,1,1,1,2,36,2,2,0.0,0.0,0.0,0.0,0.0,2.0,9,7,3
159536,16,2,3,15,6,3,0,1,1,1,2,22,2,2,0.0,0.0,0.0,0.0,0.0,2.0,7,2,11
68383,15,2,1,0,6,3,0,1,0,1,2,36,2,3,2.0,0.0,0.0,2.0,0.0,1.0,20,3,5
85630,4,2,1,0,6,3,0,1,1,1,2,36,2,2,0.0,0.0,0.0,0.0,0.0,2.0,1,2,6
141072,16,2,1,0,8,3,6,1,0,1,2,6,2,3,1.0,0.0,0.0,1.0,0.0,1.0,4,7,10
21425,16,2,3,10,10,3,5,5,1,1,2,19,2,2,0.0,0.0,0.0,0.0,0.0,4.0,10,1,2
63752,16,11,2,17,6,3,5,5,0,1,2,24,2,1,3.0,0.0,2.0,1.0,0.0,1.0,8,5,5
158454,16,7,3,17,15,3,6,1,0,1,2,18,2,4,3.0,0.0,0.0,0.0,3.0,1.0,11,7,11
106652,15,2,1,10,6,3,0,1,0,1,2,19,2,3,1.0,0.0,0.0,1.0,0.0,1.0,19,2,8
32140,16,2,3,17,8,3,6,1,0,1,1,18,2,3,1.0,0.0,0.0,1.0,0.0,1.0,8,2,3
11008,15,2,3,0,8,3,0,1,1,1,1,18,2,2,0.0,0.0,0.0,0.0,0.0,2.0,15,2,1
141627,16,2,3,0,8,3,0,1,0,1,2,6,3,2,0.0,0.0,0.0,0.0,0.0,3.0,11,2,10
6697,16,2,3,17,2,3,6,1,1,1,2,18,2,2,0.0,0.0,0.0,0.0,0.0,2.0,8,3,1
106782,17,7,3,17,3,3,6,1,0,1,2,18,2,3,1.0,0.0,0.0,1.0,0.0,1.0,8,2,8
48905,15,2,1,0,2,3,5,5,1,1,2,18,2,2,0.0,0.0,0.0,0.0,0.0,2.0,22,7,4
44445,4,2,3,0,8,3,0,5,0,1,2,18,2,2,0.0,0.0,0.0,0.0,0.0,2.0,17,6,4
138247,15,3,3,0,2,3,0,1,0,1,1,5,2,4,1.0,0.0,0.0,0.0,1.0,2.0,14,3,10
39646,4,7,3,0,8,3,6,1,0,1,2,5,2,2,0.0,0.0,0.0,0.0,0.0,4.0,9,7,3
91808,4,2,3,3,10,3,0,5,1,1,1,36,2,2,0.0,0.0,0.0,0.0,0.0,2.0,17,7,7
118167,16,2,3,0,6,3,0,1,0,1,1,18,2,4,1.0,0.0,0.0,0.0,1.0,1.0,13,3,8
30766,4,2,2,7,12,3,0,5,1,0,2,36,2,2,0.0,0.0,0.0,0.0,0.0,1.0,19,7,3
129164,4,3,4,0,6,3,0,1,0,1,2,18,2,2,0.0,0.0,0.0,0.0,0.0,2.0,18,4,9
35233,15,2,3,10,8,3,0,1,0,1,2,19,2,2,0.0,0.0,0.0,0.0,0.0,2.0,12,4,3
123731,16,2,3,11,6,3,0,1,0,1,2,6,2,2,0.0,0.0,0.0,0.0,0.0,5.0,13,6,9
67179,15,2,3,10,8,3,0,1,1,1,2,36,2,2,0.0,0.0,0.0,0.0,0.0,2.0,12,4,5
178048,15,2,1,17,8,3,0,5,1,1,1,23,2,2,0.0,0.0,0.0,0.0,0.0,2.0,19,7,12
161422,16,3,3,10,8,3,6,1,1,1,1,19,2,2,0.0,0.0,0.0,0.0,0.0,2.0,12,7,11
71369,16,2,3,17,19,3,0,1,0,1,2,30,4,3,3.0,0.0,0.0,2.0,1.0,11.0,8,6,5
120121,16,2,1,17,2,3,6,5,0,1,2,36,2,1,3.0,0.0,1.0,2.0,0.0,0.0,19,7,8
8399,16,2,4,9,6,3,6,1,0,0,0,3,2,3,1.0,0.0,0.0,1.0,0.0,1.0,17,2,1