crash_date,               traffic_control_device,weather_condition,lighting_condition,first_crash_type,trafficway_type,alignment,roadway_surface_cond,road_defect,crash_type,intersection_related_i,damage,prim_contributory_cause,num_units,most_severe_injury,injuries_total,injuries_fatal,injuries_incapacitating,injuries_non_incapacitating,injuries_reported_not_evident,injuries_no_indication,crash_hour,crash_day_of_week,crash_month
57042,16,7,0,10,8,3,6,1,1,1,1,36,3,2,0.0,0.0,0.0,0.0,0.0,3.0,19,5,5
164089,16,2,1,10,11,3,0,1,1,1,2,36,2,2,0.0,0.0,0.0,0.0,0.0,2.0,19,4,11
159222,16,2,1,17,2,3,0,1,1,1,2,24,2,2,0.0,0.0,0.0,0.0,0.0,3.0,17,3,11
84988,6,7,1,17,6,3,6,1,0,1,2,18,2,3,1.0,0.0,0.0,1.0,0.0,2.0,23,6,6
9285,16,2,1,17,3,3,0,1,0,1,2,38,2,2,0.0,0.0,0.0,0.0,0.0,2.0,0,7,1
140704,16,2,3,10,8,3,0,1,1,1,1,19,2,2,0.0,0.0,0.0,0.0,0.0,2.0,7,3,10
134153,16,7,3,14,8,3,6,1,1,1,2,23,2,2,0.0,0.0,0.0,0.0,0.0,3.0,15,1,9
138734,16,2,3,9,8,3,0,1,1,1,1,18,2,2,0.0,0.0,0.0,0.0,0.0,2.0,14,7,10
142281,16,2,3,15,8,3,0,1,1,0,0,23,2,2,0.0,0.0,0.0,0.0,0.0,4.0,11,2,10
157820,16,2,1,17,8,3,0,1,1,1,0,21,2,2,0.0,0.0,0.0,0.0,0.0,3.0,18,6,11
181733,15,2,1,17,5,3,0,5,1,1,1,36,2,2,0.0,0.0,0.0,0.0,0.0,3.0,16,1,12
93195,16,2,1,17,6,3,0,1,0,1,2,6,2,3,1.0,0.0,0.0,1.0,0.0,1.0,0,7,7
89294,16,2,3,10,8,3,5,5,1,1,2,17,2,2,0.0,0.0,0.0,0.0,0.0,2.0,15,4,7
160851,16,2,1,15,2,3,0,1,0,1,1,12,3,2,0.0,0.0,0.0,0.0,0.0,4.0,4,6,11
143749,16,2,3,17,8,3,0,1,0,1,2,35,2,2,0.0,0.0,0.0,0.0,0.0,2.0,11,2,10
171781,16,2,2,10,2,3,0,1,1,1,2,19,2,2,0.0,0.0,0.0,0.0,0.0,2.0,16,7,11
46594,16,2,1,17,2,3,0,1,1,1,0,36,2,2,0.0,0.0,0.0,0.0,0.0,2.0,4,2,4
128192,15,2,3,0,6,3,0,1,0,1,2,5,2,3,2.0,0.0,0.0,2.0,0.0,1.0,17,5,9
180307,16,2,1,17,2,3,0,1,0,1,2,18,2,2,0.0,0.0,0.0,0.0,0.0,2.0,1,1,12
32067,15,2,2,0,2,3,0,1,1,1,1,36,2,2,0.0,0.0,0.0,0.0,0.0,3.0,9,7,3
164360,16,2,1,10,3,0,6,1,0,0,2,17,2,2,0.0,0.0,0.0,0.0,0.0,4.0,2,7,11
18101,16,2,1,10,6,3,0,1,1,1,1,36,2,2,0.0,0.0,0.0,0.0,0.0,2.0,22,1,2
16626,15,10,1,0,6,3,4,1,1,1,0,18,2,2,0.0,0.0,0.0,0.0,0.0,4.0,17,5,2
13865,16,2,1,10,8,3,0,1,1,1,1,36,2,2,0.0,0.0,0.0,0.0,0.0,2.0,18,3,1
126627,16,2,0,0,2,3,0,1,1,1,2,6,2,2,0.0,0.0,0.0,0.0,0.0,2.0,5,3,9
80318,16,2,3,10,8,3,0,1,0,1,2,17,2,4,1.0,0.0,0.0,0.0,1.0,1.0,11,6,6
144145,4,2,3,8,8,3,0,1,0,0,2,18,2,1,1.0,0.0,1.0,0.0,0.0,1.0,8,6,10
104643,16,2,3,0,8,3,0,1,0,1,2,6,2,3,1.0,0.0,0.0,1.0,0.0,1.0,11,5,8
82224,15,2,1,0,8,3,0,1,1,1,2,5,2,2,0.0,0.0,0.0,0.0,0.0,2.0,23,5,6
131587,15,2,1,17,8,3,0,1,0,1,2,36,2,3,2.0,0.0,0.0,2.0,0.0,0.0,20,2,9
35121,4,2,3,17,15,3,0,1,0,1,2,23,2,2,0.0,0.0,0.0,0.0,0.0,4.0,15,3,3
52703,16,2,3,10,8,3,0,1,1,1,2,19,3,2,0.0,0.0,0.0,0.0,0.0,3.0,6,6,4
91027,16,2,3,15,8,3,0,1,1,0,2,22,2,2,0.0,0.0,0.0,0.0,0.0,2.0,14,1,7
126836,16,2,3,10,6,3,0,1,1,1,2,18,2,2,0.0,0.0,0.0,0.0,0.0,2.0,18,7,9
23373,15,2,3,0,6,3,0,1,0,1,2,17,2,3,4.0,0.0,0.0,4.0,0.0,0.0,15,7,2
20325,15,10,1,7,6,3,4,5,0,1,2,39,3,2,0.0,0.0,0.0,0.0,0.0,1.0,21,4,2
16081,16,2,1,2,10,3,0,1,0,1,2,15,1,4,3.0,0.0,0.0,0.0,3.0,0.0,21,1,2
30051,16,2,3,17,10,3,0,5,1,1,1,26,2,2,0.0,0.0,0.0,0.0,0.0,2.0,14,7,3
7489,4,2,3,10,2,3,4,5,1,1,2,17,3,2,0.0,0.0,0.0,0.0,0.0,3.0,13,4,1
130176,4,2,3,17,8,3,0,1,1,1,2,24,2,2,0.0,0.0,0.0,0.0,0.0,2.0,16,3,9
114241,16,2,3,17,8,3,0,1,0,1,2,6,2,2,0.0,0.0,0.0,0.0,0.0,2.0,18,5,8
185936,9,2,1,0,2,3,6,1,0,1,2,18,2,2,0.0,0.0,0.0,0.0,0.0,3.0,21,1,12
56669,4,2,3,13,8,3,0,6,1,1,2,18,2,2,0.0,0.0,0.0,0.0,0.0,4.0,15,7,5
129056,4,2,3,10,2,3,0,1,0,1,2,19,2,1,2.0,0.0,1.0,0.0,1.0,0.0,10,1,9
101163,16,7,3,15,6,3,6,1,1,1,1,18,2,2,0.0,0.0,0.0,0.0,0.0,3.0,10,4,7
56376,16,7,3,10,3,3,6,1,1,1,2,36,2,2,0.0,0.0,0.0,0.0,0.0,2.0,17,2,5
78818,16,2,3,10,8,3,0,1,1,1,2,19,2,2,0.0,0.0,0.0,0.0,0.0,2.0,16,5,6
47275,15,2,3,17,11,3,0,1,0,1,2,18,2,3,1.0,0.0,0.0,1.0,0.0,1.0,12,6,4
51192,16,2,3,10,6,3,5,5,1,1,2,12,2,2,0.0,0.0,0.0,0.0,0.0,2.0,10,7,4
54843,16,11,3,8,8,3,0,1,0,1,2,28,2,3,1.0,0.0,0.0,1.0,0.0,2.0,16,5,4
136219,4,2,3,8,8,3,0,1,0,1,0,36,2,3,1.0,0.0,0.0,1.0,0.0,1.0,15,3,9
184695,16,7,3,17,2,3,6,1,1,1,2,36,2,2,0.0,0.0,0.0,0.0,0.0,3.0,14,4,12
54311,16,2,1,10,10,3,0,1,1,1,2,36,2,2,0.0,0.0,0.0,0.0,0.0,2.0,23,3,4
17543,15,2,3,10,8,3,1,1,0,1,0,39,2,3,1.0,0.0,0.0,1.0,0.0,2.0,13,7,2
105931,15,2,3,0,6,3,0,1,1,1,2,9,2,2,0.0,0.0,0.0,0.0,0.0,2.0,12,4,8
6488,15,2,1,0,8,3,6,1,1,1,2,5,2,2,0.0,0.0,0.0,0.0,0.0,2.0,1,5,1
181445,15,2,3,7,8,3,0,1,0,1,2,26,2,2,0.0,0.0,0.0,0.0,0.0,1.0,15,3,12
151574,16,3,3,17,8,3,0,1,1,1,2,18,2,2,0.0,0.0,0.0,0.0,0.0,3.0,11,3,10
148543,16,2,3,17,2,3,5,5,1,1,2,18,2,2,0.0,0.0,0.0,0.0,0.0,3.0,15,7,10
150441,16,2,3,10,8,3,0,1,1,1,2,21,2,2,0.0,0.0,0.0,0.0,0.0,4.0,13,3,10
64405,16,2,1,2,3,3,0,1,0,1,2,12,1,3,1.0,0.0,0.0,1.0,0.0,1.0,22,3,5
57165,16,2,3,10,8,3,0,1,1,1,1,36,2,2,0.0,0.0,0.0,0.0,0.0,2.0,12,6,5
184301,4,11,5,10,2,3,5,1,1,1,2,36,2,2,0.0,0.0,0.0,0.0,0.0,2.0,19,7,12
70461,16,2,3,0,16,3,0,3,0,1,2,6,2,2,0.0,0.0,0.0,0.0,0.0,4.0,14,1,5
176016,15,2,1,0,8,3,0,1,0,1,2,18,2,2,0.0,0.0,0.0,0.0,0.0,2.0,17,6,12
117009,16,2,3,0,8,3,0,1,1,1,1,36,2,2,0.0,0.0,0.0,0.0,0.0,2.0,16,5,8
155908,16,2,3,15,6,3,0,1,1,1,2,23,2,2,0.0,0.0,0.0,0.0,0.0,2.0,8,6,11
174481,4,2,1,10,8,3,0,1,0,0,2,17,4,1,2.0,0.0,1.0,0.0,1.0,3.0,17,5,12
151282,15,7,1,10,6,3,6,1,0,1,2,39,2,2,0.0,0.0,0.0,0.0,0.0,3.0,21,1,10
185318,15,2,3,0,8,3,0,5,0,1,2,18,2,3,1.0,0.0,0.0,1.0,0.0,3.0,14,2,12
116632,15,2,3,17,8,3,0,5,1,1,2,24,2,2,0.0,0.0,0.0,0.0,0.0,4.0,18,7,8
7364,16,2,0,0,6,3,6,1,0,1,2,17,2,2,0.0,0.0,0.0,0.0,0.0,3.0,20,7,1
147100,16,2,1,0,2,5,0,1,0,1,2,26,2,4,1.0,0.0,0.0,0.0,1.0,1.0,22,5,10
110067,15,2,0,10,15,3,0,1,0,1,2,17,2,3,1.0,0.0,0.0,1.0,0.0,1.0,19,4,8
117126,16,2,1,17,6,3,0,1,0,1,2,17,2,3,1.0,0.0,0.0,1.0,0.0,1.0,22,6,8
96903,6,2,3,17,2,3,5,5,1,0,2,11,2,2,0.0,0.0,0.0,0.0,0.0,4.0,13,2,7
92549,16,11,3,17,5,3,5,5,1,1,2,18,2,2,0.0,0.0,0.0,0.0,0.0,2.0,18,4,7
87194,16,2,3,0,6,3,0,1,1,1,2,17,2,2,0.0,0.0,0.0,0.0,0.0,3.0,19,7,6
75461,16,2,3,3,6,3,0,1,0,1,0,30,2,3,2.0,0.0,0.0,2.0,0.0,2.0,8,6,6
92974,16,2,3,17,8,3,5,5,0,1,2,36,2,4,1.0,0.0,0.0,0.0,1.0,2.0,16,3,7
67131,15,2,3,17,11,3,0,1,1,1,2,24,2,2,0.0,0.0,0.0,0.0,0.0,5.0,16,4,5
140205,15,2,3,15,15,3,0,5,1,1,1,36,2,2,0.0,0.0,0.0,0.0,0.0,3.0,8,3,10
139829,16,2,3,17,2,3,0,1,1,1,2,19,2,2,0.0,0.0,0.0,0.0,0.0,2.0,7,6,10
161018,16,2,1,10,8,3,0,1,1,1,2,36,2,2,0.0,0.0,0.0,0.0,0.0,2.0,21,1,11
121286,16,2,3,0,2,3,0,1,0,1,2,17,2,2,0.0,0.0,0.0,0.0,0.0,2.0,13,4,9
90853,16,2,1,8,10,3,0,1,1,1,2,26,2,2,0.0,0.0,0.0,0.0,0.0,2.0,19,7,7
16261,15,10,3,0,8,3,4,5,0,1,2,5,2,2,0.0,0.0,0.0,0.0,0.0,2.0,10,5,2
137929,16,2,3,15,18,3,0,1,1,1,2,18,2,2,0.0,0.0,0.0,0.0,0.0,3.0,10,6,10
98660,16,2,1,15,8,3,0,1,1,1,2,19,2,2,0.0,0.0,0.0,0.0,0.0,2.0,3,1,7
53941,16,11,4,10,8,3,5,5,0,0,2,36,2,3,1.0,0.0,0.0,1.0,0.0,1.0,19,6,4
78942,16,2,3,15,3,3,0,1,1,1,1,22,2,2,0.0,0.0,0.0,0.0,0.0,3.0,10,6,6
137228,16,2,3,0,2,3,0,1,0,1,2,6,2,3,2.0,0.0,0.0,2.0,0.0,1.0,11,2,9
103929,4,2,3,17,2,3,0,1,0,0,1,38,2,4,1.0,0.0,0.0,0.0,1.0,2.0,12,4,7
168220,16,2,1,17,8,3,0,1,0,1,2,24,2,2,0.0,0.0,0.0,0.0,0.0,2.0,15,6,11
82263,4,2,3,7,8,3,0,1,1,0,2,23,2,2,0.0,0.0,0.0,0.0,0.0,1.0,16,7,6
181737,16,11,1,17,6,3,5,5,1,1,2,36,2,2,0.0,0.0,0.0,0.0,0.0,2.0,5,1,12
10527,16,2,1,17,3,3,0,3,1,1,1,36,2,2,0.0,0.0,0.0,0.0,0.0,2.0,20,6,1
82075,15,2,3,0,11,3,0,1,0,1,2,5,2,3,1.0,0.0,0.0,1.0,0.0,2.0,18,3,6
150514,16,2,2,17,8,3,0,1,0,1,2,20,3,2,0.0,0.0,0.0,0.0,0.0,5.0,13,4,10
75679,16,2,1,17,8,3,0,1,1,1,2,22,2,2,0.0,0.0,0.0,0.0,0.0,2.0,23,7,6
77956,16,2,3,10,8,3,0,1,1,1,0,36,2,2,0.0,0.0,0.0,0.0,0.0,2.0,11,7,6
137660,4,2,1,9,1,3,0,1,0,1,2,26,2,1,1.0,0.0,1.0,0.0,0.0,1.0,22,1,10
185817,16,2,0,10,6,3,0,1,0,1,1,17,2,4,1.0,0.0,0.0,0.0,1.0,3.0,23,4,12
135228,16,7,3,17,6,3,6,5,0,1,2,36,2,3,1.0,0.0,0.0,1.0,0.0,1.0,8,3,9
46706,15,2,3,0,8,3,0,1,1,1,2,26,2,2,0.0,0.0,0.0,0.0,0.0,2.0,13,3,4
143940,16,2,3,2,6,3,0,6,0,1,2,26,1,3,1.0,0.0,0.0,1.0,0.0,0.0,16,6,10
114916,16,2,1,0,6,3,0,1,0,1,2,6,2,2,0.0,0.0,0.0,0.0,0.0,2.0,2,1,8
167576,17,10,3,17,8,3,4,5,1,1,1,26,2,2,0.0,0.0,0.0,0.0,0.0,2.0,11,5,11
121743,16,2,3,0,10,3,0,1,0,1,1,36,2,2,0.0,0.0,0.0,0.0,0.0,3.0,11,2,9
182844,16,2,3,10,11,3,0,1,1,1,2,36,2,2,0.0,0.0,0.0,0.0,0.0,2.0,14,2,12
30120,16,7,1,17,8,3,6,1,1,1,1,36,2,2,0.0,0.0,0.0,0.0,0.0,4.0,20,2,3
107695,15,2,3,15,10,3,0,5,1,1,2,18,2,2,0.0,0.0,0.0,0.0,0.0,3.0,10,4,8
52925,4,2,3,17,2,3,0,1,0,0,2,24,3,2,0.0,0.0,0.0,0.0,0.0,3.0,17,4,4
159558,16,2,3,17,6,3,0,1,0,1,2,36,2,3,1.0,0.0,0.0,1.0,0.0,1.0,11,2,11
153441,16,2,1,17,3,3,0,1,1,1,2,18,2,2,0.0,0.0,0.0,0.0,0.0,2.0,20,7,10
68804,16,2,4,17,6,3,0,1,0,1,2,26,2,3,2.0,0.0,0.0,2.0,0.0,2.0,1,3,5
10652,16,6,3,10,8,3,2,1,1,1,0,36,2,2,0.0,0.0,0.0,0.0,0.0,4.0,8,3,1
6664,15,2,1,0,8,3,0,1,1,1,2,18,2,2,0.0,0.0,0.0,0.0,0.0,3.0,17,3,1
84245,16,2,2,0,11,3,0,1,0,1,2,26,2,4,1.0,0.0,0.0,0.0,1.0,1.0,4,1,6
125937,15,2,3,9,15,3,0,1,0,1,0,18,2,4,1.0,0.0,0.0,0.0,1.0,1.0,12,1,9
6093,16,11,1,0,3,3,4,5,0,1,2,6,2,3,2.0,0.0,0.0,2.0,0.0,1.0,3,1,1
96470,16,2,3,15,8,3,0,1,1,1,2,26,2,2,0.0,0.0,0.0,0.0,0.0,2.0,17,2,7
51100,16,11,3,0,6,3,5,1,0,1,2,6,2,1,1.0,0.0,1.0,0.0,0.0,1.0,17,5,4
35447,4,2,3,17,3,3,0,1,1,1,2,19,2,2,0.0,0.0,0.0,0.0,0.0,2.0,9,7,3
94803,16,2,3,17,6,3,0,1,0,1,2,18,2,2,0.0,0.0,0.0,0.0,0.0,2.0,10,4,7
52398,15,2,1,0,6,3,0,1,0,1,2,5,2,2,0.0,0.0,0.0,0.0,0.0,3.0,23,7,4
95337,16,7,3,9,6,3,6,1,0,1,2,36,2,1,1.0,0.0,1.0,0.0,0.0,1.0,18,6,7
145194,16,2,3,17,11,3,0,1,1,1,1,18,2,2,0.0,0.0,0.0,0.0,0.0,2.0,9,6,10
54105,15,2,1,17,11,3,0,1,0,1,2,36,2,3,1.0,0.0,0.0,1.0,0.0,2.0,1,7,4
65107,15,2,3,15,8,3,0,1,1,1,1,36,2,2,0.0,0.0,0.0,0.0,0.0,3.0,17,6,5
88589,16,2,1,0,6,3,0,1,0,1,2,36,2,4,2.0,0.0,0.0,0.0,2.0,0.0,0,6,7
37256,15,2,3,0,11,3,5,1,0,1,2,5,2,4,1.0,0.0,0.0,0.0,1.0,1.0,17,4,3
95090,4,2,0,0,8,3,0,1,1,1,2,36,2,2,0.0,0.0,0.0,0.0,0.0,3.0,22,1,7
104432,16,2,3,17,8,3,0,1,0,1,2,18,2,2,0.0,0.0,0.0,0.0,0.0,2.0,10,3,8
35463,16,2,3,15,8,3,0,1,1,1,1,22,2,2,0.0,0.0,0.0,0.0,0.0,2.0,12,7,3
169284,15,2,4,0,8,3,0,1,1,1,1,21,2,2,0.0,0.0,0.0,0.0,0.0,4.0,16,2,11
119075,16,2,3,9,8,3,0,1,1,1,0,18,2,2,0.0,0.0,0.0,0.0,0.0,2.0,17,7,8
121429,15,2,3,0,6,3,5,5,0,1,2,36,2,3,1.0,0.0,0.0,1.0,0.0,1.0,13,6,9
163711,4,2,1,17,2,3,6,1,1,1,2,22,2,2,0.0,0.0,0.0,0.0,0.0,2.0,19,5,11
148826,16,2,1,17,6,3,0,1,0,1,0,18,2,2,0.0,0.0,0.0,0.0,0.0,3.0,0,1,10
48298,15,2,1,17,8,3,0,1,1,1,2,24,2,2,0.0,0.0,0.0,0.0,0.0,2.0,21,4,4
128053,4,2,3,10,8,3,0,1,1,1,2,19,2,2,0.0,0.0,0.0,0.0,0.0,2.0,17,3,9
163586,16,2,1,0,8,3,0,1,0,1,2,36,2,2,0.0,0.0,0.0,0.0,0.0,2.0,2,3,11
67440,16,2,3,0,6,3,0,1,0,1,2,6,2,4,1.0,0.0,0.0,0.0,1.0,2.0,10,2,5
91109,4,2,3,15,8,3,0,1,0,1,2,28,2,2,0.0,0.0,0.0,0.0,0.0,2.0,16,3,7
95000,16,7,1,0,15,3,6,5,0,1,2,6,2,4,2.0,0.0,0.0,0.0,2.0,3.0,0,1,7
20483,15,2,1,0,6,3,0,1,0,1,2,18,2,3,1.0,0.0,0.0,1.0,0.0,1.0,20,1,2
109854,16,2,3,17,2,3,0,1,1,1,2,18,2,2,0.0,0.0,0.0,0.0,0.0,2.0,18,7,8
64971,16,2,1,10,11,3,0,1,1,1,2,19,2,2,0.0,0.0,0.0,0.0,0.0,2.0,21,5,5
41687,16,7,3,17,15,3,6,1,0,1,2,18,2,3,1.0,0.0,0.0,1.0,0.0,1.0,12,4,3
157406,16,2,4,10,2,3,0,3,1,1,0,17,2,2,0.0,0.0,0.0,0.0,0.0,3.0,17,6,11
17956,16,6,1,10,8,3,0,1,1,1,2,19,2,2,0.0,0.0,0.0,0.0,0.0,2.0,20,5,2
166349,16,2,1,17,6,3,0,1,1,1,2,36,2,2,0.0,0.0,0.0,0.0,0.0,3.0,2,1,11
88920,4,2,3,0,8,3,0,1,1,1,1,18,2,2,0.0,0.0,0.0,0.0,0.0,2.0,12,3,7
167752,16,2,3,10,8,3,0,1,1,1,1,36,2,2,0.0,0.0,0.0,0.0,0.0,5.0,16,6,11
158758,4,7,3,15,8,3,6,5,1,0,2,26,2,2,0.0,0.0,0.0,0.0,0.0,2.0,10,3,11
35292,16,3,3,10,8,3,0,1,0,1,1,36,2,4,3.0,0.0,0.0,0.0,3.0,0.0,8,6,3
121405,16,2,1,10,6,3,0,1,1,1,2,36,2,2,0.0,0.0,0.0,0.0,0.0,3.0,21,5,9
137292,16,2,3,10,2,3,0,5,1,1,2,36,2,2,0.0,0.0,0.0,0.0,0.0,2.0,14,5,9
112663,15,2,3,0,8,3,6,1,1,1,2,18,2,2,0.0,0.0,0.0,0.0,0.0,3.0,10,7,8
26675,16,2,1,17,11,3,0,1,1,1,1,18,2,2,0.0,0.0,0.0,0.0,0.0,2.0,17,6,2
102785,15,2,3,0,6,3,0,1,0,1,2,18,2,4,1.0,0.0,0.0,0.0,1.0,2.0,20,7,7
39447,16,2,3,10,1,3,0,1,1,1,0,13,2,2,0.0,0.0,0.0,0.0,0.0,3.0,9,2,3
93518,16,2,3,17,2,3,0,1,0,1,2,18,2,2,0.0,0.0,0.0,0.0,0.0,2.0,18,5,7
166338,16,10,3,17,6,3,0,1,0,1,2,6,2,3,2.0,0.0,0.0,2.0,0.0,1.0,12,7,11
79329,16,2,3,0,8,3,0,1,1,1,2,36,2,2,0.0,0.0,0.0,0.0,0.0,2.0,10,4,6
87099,15,4,3,0,18,3,5,5,0,1,2,18,2,4,4.0,0.0,0.0,0.0,4.0,0.0,14,5,6
79464,15,2,1,0,6,3,0,1,1,1,1,18,2,2,0.0,0.0,0.0,0.0,0.0,2.0,3,7,6
44704,15,2,3,0,6,3,0,5,0,1,2,18,3,4,1.0,0.0,0.0,0.0,1.0,3.0,16,3,4
121714,16,3,3,0,10,3,0,1,1,1,2,6,2,2,0.0,0.0,0.0,0.0,0.0,2.0,16,2,9
17026,16,10,4,15,2,3,6,1,1,1,2,23,2,2,0.0,0.0,0.0,0.0,0.0,2.0,17,4,2
144010,4,2,0,17,8,3,0,5,1,0,2,36,2,2,0.0,0.0,0.0,0.0,0.0,2.0,19,2,10
88099,15,7,3,0,6,3,6,5,1,1,2,17,2,2,0.0,0.0,0.0,0.0,0.0,2.0,13,6,7
83070,16,2,3,17,6,3,0,1,1,1,2,36,2,2,0.0,0.0,0.0,0.0,0.0,4.0,16,6,6
159984,16,2,3,17,6,3,0,1,0,1,2,18,2,3,2.0,0.0,0.0,2.0,0.0,0.0,11,1,11
54531,4,3,3,17,8,3,0,1,1,1,2,18,2,2,0.0,0.0,0.0,0.0,0.0,2.0,13,5,4
70661,16,2,3,0,11,3,0,1,0,1,2,26,3,3,3.0,0.0,0.0,1.0,2.0,0.0,13,3,5
188043,4,10,1,17,3,3,4,1,1,1,2,18,2,2,0.0,0.0,0.0,0.0,0.0,2.0,19,4,12
64095,16,2,3,0,8,3,0,1,1,1,1,18,2,2,0.0,0.0,0.0,0.0,0.0,2.0,14,4,5
168130,16,11,3,10,8,3,5,5,1,1,2,36,2,2,0.0,0.0,0.0,0.0,0.0,2.0,13,4,11
84321,16,2,2,0,6,3,0,1,0,1,2,6,2,1,1.0,0.0,1.0,0.0,0.0,1.0,4,2,6
178987,16,2,3,17,17,3,0,1,1,1,2,36,2,2,0.0,0.0,0.0,0.0,0.0,2.0,15,5,12
179179,16,2,3,17,8,3,5,5,1,1,1,23,2,2,0.0,0.0,0.0,0.0,0.0,2.0,13,2,12
83858,16,7,1,10,6,3,6,1,0,1,2,37,2,2,0.0,0.0,0.0,0.0,0.0,2.0,22,1,6
168607,16,3,1,8,6,3,5,5,0,1,1,18,2,4,1.0,0.0,0.0,0.0,1.0,1.0,0,7,11
37160,16,2,3,17,8,3,0,1,1,1,1,17,2,2,0.0,0.0,0.0,0.0,0.0,2.0,16,2,3
177305,16,3,3,8,8,3,0,1,0,1,1,12,2,4,1.0,0.0,0.0,0.0,1.0,1.0,6,3,12
22300,15,2,3,0,15,4,0,1,0,1,2,18,2,2,0.0,0.0,0.0,0.0,0.0,5.0,12,1,2
53018,16,2,3,17,8,3,0,1,1,1,1,36,2,2,0.0,0.0,0.0,0.0,0.0,2.0,15,4,4
186719,15,2,1,17,2,3,5,5,0,1,2,38,2,2,0.0,0.0,0.0,0.0,0.0,3.0,19,1,12
48946,15,2,3,0,6,3,0,5,0,1,2,18,2,2,0.0,0.0,0.0,0.0,0.0,2.0,16,2,4
62467,16,11,5,17,8,3,5,5,1,1,0,24,2,2,0.0,0.0,0.0,0.0,0.0,2.0,15,7,5
20943,16,2,3,17,6,3,0,1,1,1,2,24,2,2,0.0,0.0,0.0,0.0,0.0,2.0,13,2,2
50229,16,2,3,10,8,3,0,1,1,1,1,19,2,2,0.0,0.0,0.0,0.0,0.0,4.0,16,5,4
110337,16,2,0,17,2,3,0,1,0,1,2,18,2,3,1.0,0.0,0.0,1.0,0.0,2.0,20,2,8
21764,16,2,3,17,8,3,0,1,1,1,2,24,2,2,0.0,0.0,0.0,0.0,0.0,2.0,11,6,2
111003,15,2,3,17,6,3,0,1,0,1,2,24,2,2,0.0,0.0,0.0,0.0,0.0,2.0,14,4,8
36026,16,2,3,10,8,3,0,1,1,1,1,19,2,2,0.0,0.0,0.0,0.0,0.0,2.0,17,4,3
127128,16,2,3,17,8,3,0,1,1,1,2,36,2,2,0.0,0.0,0.0,0.0,0.0,6.0,8,5,9
158347,16,2,3,17,8,3,0,1,1,1,1,6,2,2,0.0,0.0,0.0,0.0,0.0,2.0,16,6,11
71227,16,2,3,10,8,3,6,6,1,1,0,30,2,2,0.0,0.0,0.0,0.0,0.0,6.0,14,5,5
19376,16,3,3,10,6,3,5,1,1,1,1,19,2,2,0.0,0.0,0.0,0.0,0.0,2.0,15,2,2
110476,16,2,3,17,8,3,0,1,1,1,2,24,2,2,0.0,0.0,0.0,0.0,0.0,2.0,12,2,8
120950,16,2,3,17,6,3,0,1,1,1,1,18,2,2,0.0,0.0,0.0,0.0,0.0,3.0,16,6,9
72329,16,2,3,14,8,3,0,1,1,1,2,24,2,2,0.0,0.0,0.0,0.0,0.0,2.0,14,6,6
48887,16,2,1,15,10,3,0,1,1,1,2,36,2,2,0.0,0.0,0.0,0.0,0.0,2.0,20,7,4
178,15,2,3,17,15,3,0,1,0,1,2,36,2,2,0.0,0.0,0.0,0.0,0.0,2.0,14,4,1
92932,15,2,1,17,8,3,0,1,1,1,2,23,2,2,0.0,0.0,0.0,0.0,0.0,3.0,20,4,7
112268,17,2,3,15,17,3,0,5,1,1,0,36,2,2,0.0,0.0,0.0,0.0,0.0,2.0,16,3,8
56045,16,2,3,0,8,3,0,1,1,1,2,38,2,2,0.0,0.0,0.0,0.0,0.0,2.0,7,2,5
9372,16,2,3,10,8,3,0,1,0,1,2,12,2,3,1.0,0.0,0.0,1.0,0.0,1.0,11,3,1
95571,16,2,3,10,10,3,0,1,1,1,2,19,2,2,0.0,0.0,0.0,0.0,0.0,2.0,14,2,7
166451,16,2,1,15,2,3,0,1,1,1,2,23,2,2,0.0,0.0,0.0,0.0,0.0,2.0,23,3,11
106282,16,2,3,0,6,3,0,1,0,1,2,6,5,1,3.0,0.0,1.0,1.0,1.0,4.0,14,2,8
81995,16,2,3,17,6,3,0,1,1,1,0,36,2,2,0.0,0.0,0.0,0.0,0.0,2.0,15,4,6
100697,15,2,3,0,15,3,0,6,1,1,2,36,2,2,0.0,0.0,0.0,0.0,0.0,3.0,6,5,7
37121,16,2,3,9,2,3,0,1,1,1,0,18,2,2,0.0,0.0,0.0,0.0,0.0,2.0,8,3,3
143910,16,2,3,17,8,3,0,1,0,1,2,24,2,2,0.0,0.0,0.0,0.0,0.0,2.0,8,4,10
114465,16,11,1,10,8,3,5,5,0,1,2,36,3,4,1.0,0.0,0.0,0.0,1.0,3.0,20,1,8
25805,16,7,1,10,3,3,6,1,0,0,2,17,2,4,1.0,0.0,0.0,0.0,1.0,2.0,21,7,2
77747,16,2,3,17,3,3,0,1,1,1,2,4,2,2,0.0,0.0,0.0,0.0,0.0,2.0,16,4,6
124936,4,7,3,0,8,3,6,1,1,1,2,12,2,2,0.0,0.0,0.0,0.0,0.0,2.0,18,6,9
82158,16,2,3,17,8,3,0,1,1,1,2,23,2,2,0.0,0.0,0.0,0.0,0.0,2.0,13,5,6
38541,16,2,3,17,8,3,0,1,1,1,2,18,2,2,0.0,0.0,0.0,0.0,0.0,2.0,10,6,3
126311,16,2,3,15,2,3,0,5,1,1,1,28,2,2,0.0,0.0,0.0,0.0,0.0,2.0,14,7,9
167311,17,2,0,10,18,3,0,5,0,1,2,37,2,4,2.0,0.0,0.0,0.0,2.0,2.0,1,1,11