crash_date,               traffic_control_device,weather_condition,lighting_condition,first_crash_type,trafficway_type,alignment,roadway_surface_cond,road_defect,crash_type,intersection_related_i,damage,prim_contributory_cause,num_units,most_severe_injury,injuries_total,injuries_fatal,injuries_incapacitating,injuries_non_incapacitating,injuries_reported_not_evident,injuries_no_indication,crash_hour,crash_day_of_week,crash_month
158422,4,2,3,17,15,3,0,1,1,1,2,18,2,2,0.0,0.0,0.0,0.0,0.0,2.0,16,7,11
185133,16,3,3,17,8,3,6,5,0,1,2,18,2,4,1.0,0.0,0.0,0.0,1.0,1.0,11,7,12
152532,4,2,1,17,6,3,0,5,0,1,2,17,2,2,0.0,0.0,0.0,0.0,0.0,2.0,18,3,10
15530,16,2,3,15,6,3,0,1,1,1,2,36,2,2,0.0,0.0,0.0,0.0,0.0,2.0,7,5,2
508,15,2,1,0,8,3,5,5,1,1,2,36,2,2,0.0,0.0,0.0,0.0,0.0,2.0,18,7,1
42059,15,2,3,17,6,3,0,1,0,0,2,18,3,3,1.0,0.0,0.0,1.0,0.0,2.0,15,5,3
37027,16,7,1,9,8,4,6,5,0,1,0,18,2,4,1.0,0.0,0.0,0.0,1.0,1.0,0,7,3
139905,16,2,3,17,8,3,0,1,0,1,2,18,2,4,1.0,0.0,0.0,0.0,1.0,1.0,16,5,10
42614,16,3,3,0,6,3,0,1,1,1,2,12,2,2,0.0,0.0,0.0,0.0,0.0,2.0,16,7,4
178271,16,7,3,10,8,3,6,1,1,1,0,36,2,2,0.0,0.0,0.0,0.0,0.0,3.0,12,7,12
76691,15,2,3,0,15,3,0,1,0,1,2,18,2,3,1.0,0.0,0.0,1.0,0.0,2.0,16,2,6
149623,16,7,1,7,8,3,6,1,0,1,2,28,2,2,0.0,0.0,0.0,0.0,0.0,1.0,22,7,10
137980,4,2,3,0,8,3,0,1,1,1,1,18,2,2,0.0,0.0,0.0,0.0,0.0,2.0,18,7,10
85259,16,2,3,10,3,3,0,1,1,1,2,23,2,2,0.0,0.0,0.0,0.0,0.0,3.0,18,3,6
169088,16,11,5,17,8,3,5,5,1,1,1,36,2,2,0.0,0.0,0.0,0.0,0.0,5.0,21,1,11
160202,15,2,1,10,2,3,0,1,0,1,2,19,2,4,1.0,0.0,0.0,0.0,1.0,1.0,17,6,11
85334,16,2,3,0,6,3,0,1,1,1,2,17,2,2,0.0,0.0,0.0,0.0,0.0,2.0,6,4,6
84417,15,2,3,0,2,3,0,1,0,1,1,36,2,3,1.0,0.0,0.0,1.0,0.0,1.0,10,4,6
99998,15,2,3,7,6,3,0,1,0,1,2,36,3,2,0.0,0.0,0.0,0.0,0.0,1.0,6,7,7
62213,16,2,3,10,8,3,0,1,1,1,1,19,2,2,0.0,0.0,0.0,0.0,0.0,2.0,6,2,5
105091,15,11,5,10,8,3,6,5,1,1,2,19,2,2,0.0,0.0,0.0,0.0,0.0,3.0,17,5,8
90868,15,2,3,0,2,3,0,1,0,1,2,38,2,2,0.0,0.0,0.0,0.0,0.0,2.0,11,7,7
105812,15,2,1,0,8,3,0,1,0,1,2,5,2,3,1.0,0.0,0.0,1.0,0.0,1.0,0,1,8
36704,15,2,3,17,2,3,0,1,1,1,2,18,2,2,0.0,0.0,0.0,0.0,0.0,2.0,12,7,3
1509,15,2,0,0,2,3,0,1,0,1,2,5,2,2,0.0,0.0,0.0,0.0,0.0,2.0,17,5,1
186799,16,2,3,0,8,3,4,5,1,1,0,18,2,2,0.0,0.0,0.0,0.0,0.0,2.0,13,3,12
43592,16,7,3,17,10,3,6,1,1,1,2,24,2,2,0.0,0.0,0.0,0.0,0.0,2.0,10,4,4
118870,16,2,1,0,8,3,0,1,0,1,2,6,2,3,2.0,0.0,0.0,2.0,0.0,1.0,21,3,8
85286,15,7,3,9,8,3,6,1,0,1,0,39,2,3,1.0,0.0,0.0,1.0,0.0,1.0,9,3,6
145641,16,7,3,10,8,3,6,5,1,1,2,17,2,2,0.0,0.0,0.0,0.0,0.0,4.0,15,7,10
134324,16,2,3,10,6,3,0,1,1,1,2,36,2,2,0.0,0.0,0.0,0.0,0.0,2.0,17,4,9
85174,4,2,1,15,10,3,0,5,1,1,0,18,2,2,0.0,0.0,0.0,0.0,0.0,2.0,21,3,6
8503,16,2,1,10,3,3,0,1,1,1,2,19,2,2,0.0,0.0,0.0,0.0,0.0,3.0,18,4,1
144494,4,7,3,9,8,3,6,5,0,1,2,36,2,3,1.0,0.0,0.0,1.0,0.0,1.0,8,5,10
67013,16,2,3,17,2,3,0,1,0,1,2,19,2,4,1.0,0.0,0.0,0.0,1.0,1.0,18,4,5
80154,17,2,3,10,17,3,0,5,1,1,2,36,2,2,0.0,0.0,0.0,0.0,0.0,2.0,8,4,6
48580,4,2,1,0,11,3,0,5,0,1,2,36,2,2,0.0,0.0,0.0,0.0,0.0,2.0,21,7,4
122578,16,2,3,17,8,3,0,1,1,1,1,36,2,2,0.0,0.0,0.0,0.0,0.0,2.0,16,1,9
107166,16,3,3,10,6,3,0,1,1,1,2,19,2,2,0.0,0.0,0.0,0.0,0.0,2.0,12,3,8
138312,15,2,3,17,2,3,6,1,1,1,2,5,2,2,0.0,0.0,0.0,0.0,0.0,2.0,16,4,10
187651,16,3,3,2,8,3,6,1,0,1,2,16,1,2,0.0,0.0,0.0,0.0,0.0,1.0,9,7,12
128705,4,2,3,17,8,3,0,1,0,1,2,36,2,3,3.0,0.0,0.0,3.0,0.0,2.0,17,5,9
168761,4,2,1,17,6,3,0,5,1,1,1,24,2,2,0.0,0.0,0.0,0.0,0.0,2.0,2,1,11
133179,16,2,1,0,6,3,0,1,1,1,2,36,2,2,0.0,0.0,0.0,0.0,0.0,2.0,1,2,9
65267,16,2,3,10,8,4,0,3,0,1,2,17,2,4,1.0,0.0,0.0,0.0,1.0,2.0,17,3,5
63310,15,2,3,0,6,3,0,1,1,1,2,18,2,2,0.0,0.0,0.0,0.0,0.0,2.0,17,6,5
64889,4,7,3,10,2,4,6,1,1,0,1,19,2,2,0.0,0.0,0.0,0.0,0.0,2.0,8,4,5
135892,3,7,1,17,2,3,6,1,1,1,2,24,2,2,0.0,0.0,0.0,0.0,0.0,2.0,21,4,9
85171,16,2,3,13,6,3,0,1,1,1,2,6,2,2,0.0,0.0,0.0,0.0,0.0,2.0,9,3,6
141286,16,2,3,0,6,3,0,1,1,1,2,6,2,2,0.0,0.0,0.0,0.0,0.0,2.0,16,4,10
38062,16,2,1,10,2,3,2,0,1,1,2,19,2,2,0.0,0.0,0.0,0.0,0.0,3.0,7,5,3
96378,16,2,3,17,6,3,0,1,1,1,2,36,2,2,0.0,0.0,0.0,0.0,0.0,3.0,10,7,7
54001,15,7,3,10,8,3,6,1,1,1,2,21,2,2,0.0,0.0,0.0,0.0,0.0,4.0,7,5,4
44772,16,7,1,2,15,3,6,1,0,1,2,17,1,0,1.0,1.0,0.0,0.0,0.0,0.0,4,4,4
145855,15,2,3,17,8,3,0,1,0,1,2,18,2,3,1.0,0.0,0.0,1.0,0.0,1.0,15,2,10
29771,4,2,3,10,8,4,6,1,1,1,2,36,3,2,0.0,0.0,0.0,0.0,0.0,3.0,7,4,3
42838,4,2,3,10,3,3,0,1,1,1,1,19,2,2,0.0,0.0,0.0,0.0,0.0,2.0,7,3,4
159864,16,2,3,0,2,3,0,1,0,1,2,18,2,3,1.0,0.0,0.0,1.0,0.0,1.0,14,6,11
41265,16,2,3,10,8,3,0,1,1,1,0,36,2,2,0.0,0.0,0.0,0.0,0.0,3.0,16,4,3
78678,15,2,3,17,6,3,0,1,1,1,2,18,2,2,0.0,0.0,0.0,0.0,0.0,2.0,15,5,6
179618,16,11,5,10,17,3,5,5,1,0,0,36,2,2,0.0,0.0,0.0,0.0,0.0,2.0,7,6,12
179047,16,2,3,17,8,3,0,1,0,1,2,36,2,3,1.0,0.0,0.0,1.0,0.0,2.0,10,5,12
71117,15,2,3,0,6,3,0,1,0,1,2,36,2,2,0.0,0.0,0.0,0.0,0.0,2.0,7,5,5
144527,16,2,3,10,15,3,5,5,0,1,2,36,2,1,1.0,0.0,1.0,0.0,0.0,2.0,14,7,10
44214,15,2,3,17,2,3,0,1,0,1,2,18,2,2,0.0,0.0,0.0,0.0,0.0,2.0,16,6,4
166601,16,2,3,10,8,3,0,1,0,1,0,36,2,4,1.0,0.0,0.0,0.0,1.0,1.0,12,3,11
59444,16,2,3,10,6,3,6,1,0,1,2,26,2,4,3.0,0.0,0.0,0.0,3.0,1.0,18,3,5
23578,16,2,3,9,10,3,0,1,1,1,0,24,2,2,0.0,0.0,0.0,0.0,0.0,2.0,13,3,2
95819,16,2,3,17,8,3,0,1,1,1,0,22,2,2,0.0,0.0,0.0,0.0,0.0,3.0,10,6,7
78907,15,2,1,0,8,3,0,1,1,1,2,18,2,2,0.0,0.0,0.0,0.0,0.0,4.0,19,6,6
161221,16,2,3,17,6,3,0,1,0,1,2,36,2,2,0.0,0.0,0.0,0.0,0.0,2.0,14,6,11
74542,15,2,3,9,8,3,0,1,0,1,0,18,2,3,1.0,0.0,0.0,1.0,0.0,1.0,16,5,6
116887,16,2,3,10,6,3,0,1,1,1,1,19,2,2,0.0,0.0,0.0,0.0,0.0,2.0,17,3,8
183759,15,2,3,17,8,3,0,1,0,1,2,23,2,2,0.0,0.0,0.0,0.0,0.0,2.0,12,6,12
177112,15,2,3,0,3,3,5,5,1,1,2,36,2,2,0.0,0.0,0.0,0.0,0.0,2.0,15,5,12
146480,4,2,3,10,8,3,0,1,1,0,2,12,2,2,0.0,0.0,0.0,0.0,0.0,2.0,7,3,10
126822,4,2,1,0,6,3,0,1,0,1,2,5,4,2,0.0,0.0,0.0,0.0,0.0,2.0,3,7,9
74635,16,2,3,10,8,3,0,1,1,1,1,19,2,2,0.0,0.0,0.0,0.0,0.0,3.0,18,7,6
93604,16,2,3,17,2,3,0,1,1,1,2,22,2,2,0.0,0.0,0.0,0.0,0.0,2.0,18,6,7
152634,16,2,3,17,10,3,6,1,0,0,2,24,2,2,0.0,0.0,0.0,0.0,0.0,2.0,14,5,10
58843,16,2,3,0,8,3,0,5,1,1,2,18,2,2,0.0,0.0,0.0,0.0,0.0,2.0,14,7,5
108931,16,2,3,17,10,3,0,1,1,1,2,24,2,2,0.0,0.0,0.0,0.0,0.0,2.0,12,7,8
83783,15,2,3,0,8,3,0,1,1,1,2,18,2,2,0.0,0.0,0.0,0.0,0.0,2.0,12,7,6
55043,15,7,3,10,11,3,6,1,1,1,2,19,2,2,0.0,0.0,0.0,0.0,0.0,2.0,18,7,4
33955,16,7,1,17,8,3,6,1,0,1,2,6,2,3,2.0,0.0,0.0,1.0,1.0,1.0,6,4,3
33840,4,10,3,7,2,3,4,1,1,1,0,16,2,2,0.0,0.0,0.0,0.0,0.0,3.0,7,2,3
166629,15,7,3,17,8,3,6,1,1,1,2,18,2,2,0.0,0.0,0.0,0.0,0.0,2.0,7,4,11
116951,4,2,3,15,8,3,0,1,1,1,2,23,2,2,0.0,0.0,0.0,0.0,0.0,2.0,7,4,8
140060,15,2,3,0,8,3,5,5,1,1,2,5,2,2,0.0,0.0,0.0,0.0,0.0,2.0,15,7,10
123929,15,2,2,0,2,3,0,1,0,1,2,18,2,1,1.0,0.0,1.0,0.0,0.0,1.0,19,6,9
79440,16,2,3,15,3,3,0,1,1,1,2,23,2,2,0.0,0.0,0.0,0.0,0.0,2.0,11,6,6
184859,16,2,4,15,2,3,0,1,1,1,1,14,2,2,0.0,0.0,0.0,0.0,0.0,4.0,16,2,12
95694,4,2,3,7,8,3,0,1,1,1,1,21,2,2,0.0,0.0,0.0,0.0,0.0,1.0,13,5,7
102286,15,2,3,17,6,3,6,1,0,1,2,18,2,2,0.0,0.0,0.0,0.0,0.0,2.0,15,1,7
155951,15,2,1,0,6,3,0,1,0,1,2,5,2,2,0.0,0.0,0.0,0.0,0.0,3.0,1,1,11
109465,16,2,1,10,10,3,0,5,0,1,2,17,2,4,2.0,0.0,0.0,0.0,2.0,1.0,4,3,8
92728,16,2,3,17,6,3,0,1,0,1,2,18,2,3,2.0,0.0,0.0,2.0,0.0,0.0,10,7,7
39911,16,2,1,17,2,3,0,1,0,1,2,18,2,4,1.0,0.0,0.0,0.0,1.0,1.0,22,5,3
143657,16,2,1,0,2,3,0,1,0,1,2,3,2,2,0.0,0.0,0.0,0.0,0.0,5.0,18,1,10
133689,4,2,1,15,3,3,0,1,1,1,2,23,2,2,0.0,0.0,0.0,0.0,0.0,2.0,19,2,9
87699,16,2,1,17,6,3,6,1,0,1,2,18,2,2,0.0,0.0,0.0,0.0,0.0,2.0,21,6,6
86851,16,2,3,10,2,3,0,1,1,1,2,23,3,2,0.0,0.0,0.0,0.0,0.0,5.0,15,7,6
186805,4,2,3,17,8,3,6,5,1,0,2,23,2,2,0.0,0.0,0.0,0.0,0.0,2.0,14,3,12
175529,16,2,3,17,2,3,0,1,1,1,1,36,2,2,0.0,0.0,0.0,0.0,0.0,2.0,14,6,12
146238,15,7,4,17,6,3,6,1,1,1,1,36,2,2,0.0,0.0,0.0,0.0,0.0,2.0,13,3,10
59062,15,2,3,15,10,3,0,1,1,1,2,23,2,2,0.0,0.0,0.0,0.0,0.0,2.0,7,2,5
154771,16,7,1,17,6,3,6,1,0,1,2,18,2,2,0.0,0.0,0.0,0.0,0.0,3.0,1,7,10
12211,16,2,3,10,10,3,0,1,1,1,2,19,2,2,0.0,0.0,0.0,0.0,0.0,2.0,6,3,1
129410,17,2,1,10,19,3,0,5,1,1,2,36,2,2,0.0,0.0,0.0,0.0,0.0,2.0,1,2,9
130152,15,2,3,9,8,3,0,1,1,1,0,18,2,2,0.0,0.0,0.0,0.0,0.0,2.0,9,2,9
150195,16,11,5,0,6,3,5,5,0,1,2,36,2,2,0.0,0.0,0.0,0.0,0.0,2.0,3,1,10
22793,15,10,3,17,8,3,4,1,0,1,2,36,2,3,2.0,0.0,0.0,2.0,0.0,1.0,14,5,2
29300,16,2,3,10,8,3,0,1,1,1,1,19,2,2,0.0,0.0,0.0,0.0,0.0,3.0,16,3,3
55446,16,2,3,17,2,3,0,1,0,1,2,36,2,2,0.0,0.0,0.0,0.0,0.0,3.0,13,2,4
170743,16,3,3,0,10,3,2,1,0,1,2,6,2,2,0.0,0.0,0.0,0.0,0.0,2.0,7,4,11
129907,16,2,5,2,19,2,0,1,0,1,2,36,1,2,0.0,0.0,0.0,0.0,0.0,1.0,7,7,9
5424,16,2,3,10,8,3,4,1,1,1,1,19,2,2,0.0,0.0,0.0,0.0,0.0,2.0,13,3,1
111381,16,2,1,15,2,3,0,5,1,1,2,23,2,2,0.0,0.0,0.0,0.0,0.0,2.0,19,4,8
122903,4,2,3,10,8,3,0,1,1,1,1,36,2,2,0.0,0.0,0.0,0.0,0.0,2.0,15,5,9
42464,16,2,3,15,15,3,0,1,0,1,2,23,2,2,0.0,0.0,0.0,0.0,0.0,3.0,14,5,4
173900,15,2,3,9,10,3,0,1,0,1,0,18,3,3,2.0,0.0,0.0,2.0,0.0,2.0,15,4,12
173553,16,11,0,10,6,3,6,5,1,1,2,39,2,2,0.0,0.0,0.0,0.0,0.0,2.0,16,7,12
152319,16,3,3,17,8,3,0,1,0,1,2,24,2,2,0.0,0.0,0.0,0.0,0.0,2.0,8,6,10
134452,16,2,3,9,6,3,0,1,0,1,0,38,2,1,1.0,0.0,1.0,0.0,0.0,1.0,13,7,9
131802,17,2,3,17,17,3,0,5,1,1,1,36,2,2,0.0,0.0,0.0,0.0,0.0,2.0,11,6,9
82019,15,2,3,0,6,3,0,5,1,1,1,18,2,2,0.0,0.0,0.0,0.0,0.0,3.0,8,4,6
27828,16,2,1,15,6,3,0,6,1,1,1,19,2,2,0.0,0.0,0.0,0.0,0.0,2.0,5,6,2
81701,16,2,3,10,8,3,0,1,0,1,2,36,2,4,1.0,0.0,0.0,0.0,1.0,1.0,16,6,6
76316,16,2,3,10,8,3,0,1,1,1,2,19,3,2,0.0,0.0,0.0,0.0,0.0,5.0,10,4,6
168684,4,2,1,17,8,3,0,1,0,1,2,18,2,1,1.0,0.0,1.0,0.0,0.0,1.0,22,6,11
92214,16,2,1,10,3,3,0,1,1,1,2,17,2,2,0.0,0.0,0.0,0.0,0.0,2.0,0,6,7
36361,15,2,3,17,8,3,0,1,1,1,2,18,2,2,0.0,0.0,0.0,0.0,0.0,2.0,6,2,3
6689,16,2,1,10,2,3,0,1,0,1,2,19,2,2,0.0,0.0,0.0,0.0,0.0,2.0,19,3,1
25854,16,2,0,2,2,3,0,3,1,1,0,26,1,2,0.0,0.0,0.0,0.0,0.0,1.0,19,1,2
157169,4,2,3,7,4,3,0,1,1,1,2,36,2,2,0.0,0.0,0.0,0.0,0.0,1.0,7,4,11
150963,16,2,3,10,10,3,0,1,0,1,2,19,2,4,1.0,0.0,0.0,0.0,1.0,1.0,11,2,10
1667,16,2,1,17,3,3,0,1,1,1,2,24,2,2,0.0,0.0,0.0,0.0,0.0,2.0,23,7,1
53531,4,2,3,17,2,3,0,1,1,1,1,36,2,2,0.0,0.0,0.0,0.0,0.0,3.0,18,5,4
145763,16,2,1,0,8,3,0,1,0,1,2,18,2,3,2.0,0.0,0.0,1.0,1.0,0.0,0,2,10
94579,15,2,3,0,2,3,0,1,1,1,2,5,2,2,0.0,0.0,0.0,0.0,0.0,2.0,15,7,7
151018,16,2,1,9,2,3,0,1,0,1,0,18,2,1,1.0,0.0,1.0,0.0,0.0,1.0,19,3,10
126944,15,2,1,0,8,3,0,1,0,1,2,5,2,3,2.0,0.0,0.0,2.0,0.0,1.0,23,1,9
171608,16,2,3,10,3,3,0,5,1,1,2,36,2,2,0.0,0.0,0.0,0.0,0.0,3.0,12,4,11
174919,16,2,3,17,2,3,5,5,0,1,1,6,2,4,1.0,0.0,0.0,0.0,1.0,2.0,6,3,12
36012,16,2,3,15,8,3,0,1,1,1,2,18,2,2,0.0,0.0,0.0,0.0,0.0,2.0,15,4,3
3031,16,2,1,15,8,3,0,1,1,1,2,36,2,2,0.0,0.0,0.0,0.0,0.0,2.0,17,2,1
95507,15,11,5,7,6,3,5,5,0,1,2,36,2,2,0.0,0.0,0.0,0.0,0.0,1.0,10,2,7
14237,15,2,3,17,11,3,0,1,1,1,2,24,2,2,0.0,0.0,0.0,0.0,0.0,2.0,6,3,1
116919,16,2,3,10,8,3,5,5,1,1,1,19,2,2,0.0,0.0,0.0,0.0,0.0,3.0,13,4,8
10068,15,2,3,0,11,3,0,1,1,1,0,18,2,2,0.0,0.0,0.0,0.0,0.0,6.0,14,1,1
182895,15,2,4,0,2,3,0,1,0,1,2,18,2,3,2.0,0.0,0.0,2.0,0.0,1.0,16,3,12
188040,4,2,3,0,2,3,6,1,1,1,2,18,2,2,0.0,0.0,0.0,0.0,0.0,2.0,16,4,12
8442,9,2,3,0,12,2,0,1,0,0,2,18,2,2,0.0,0.0,0.0,0.0,0.0,2.0,6,3,1
52379,4,2,1,8,8,3,0,1,0,1,2,18,2,3,1.0,0.0,0.0,1.0,0.0,1.0,20,7,4
96532,16,2,3,15,8,3,0,1,1,1,2,36,2,2,0.0,0.0,0.0,0.0,0.0,2.0,17,4,7
48253,15,2,3,0,15,3,0,1,0,1,2,36,3,4,1.0,0.0,0.0,0.0,1.0,1.0,19,3,4
143531,15,2,3,0,8,3,6,1,0,1,2,5,2,4,2.0,0.0,0.0,0.0,2.0,1.0,14,6,10
4661,4,2,3,15,6,3,0,5,1,1,2,36,2,2,0.0,0.0,0.0,0.0,0.0,2.0,11,1,1
109705,17,2,3,0,15,3,0,5,0,1,2,18,2,3,1.0,0.0,0.0,1.0,0.0,2.0,9,6,8
4628,16,2,1,15,2,3,0,1,0,1,2,22,2,2,0.0,0.0,0.0,0.0,0.0,2.0,2,1,1
7821,16,2,1,17,8,3,0,1,1,1,2,38,2,2,0.0,0.0,0.0,0.0,0.0,3.0,17,7,1
122035,16,2,3,17,15,3,0,1,1,1,2,24,2,2,0.0,0.0,0.0,0.0,0.0,4.0,11,7,9
66492,16,2,3,0,6,3,0,1,1,1,2,18,2,2,0.0,0.0,0.0,0.0,0.0,2.0,19,3,5
58248,15,7,3,0,8,3,6,1,0,1,1,36,2,3,1.0,0.0,0.0,1.0,0.0,1.0,15,5,5
6067,15,2,1,0,8,3,0,1,0,1,2,24,2,2,0.0,0.0,0.0,0.0,0.0,2.0,22,7,1
46716,15,2,0,3,10,3,0,1,0,1,2,5,2,1,3.0,0.0,3.0,0.0,0.0,0.0,19,3,4
181864,16,2,3,15,2,3,0,1,1,1,2,22,2,2,0.0,0.0,0.0,0.0,0.0,3.0,11,6,12
52295,16,2,3,10,8,3,0,1,1,1,2,19,2,2,0.0,0.0,0.0,0.0,0.0,4.0,17,6,4
17917,15,7,1,17,8,3,6,5,1,1,2,24,2,2,0.0,0.0,0.0,0.0,0.0,2.0,16,5,2
14046,16,2,3,0,6,3,0,1,1,1,2,6,2,2,0.0,0.0,0.0,0.0,0.0,2.0,9,7,1
41749,16,7,1,17,8,3,6,1,0,1,2,18,2,3,2.0,0.0,0.0,2.0,0.0,2.0,1,7,3
104022,15,2,3,0,10,3,0,1,0,1,2,18,2,3,1.0,0.0,0.0,1.0,0.0,3.0,17,4,8
14121,4,11,0,7,8,3,6,1,1,0,1,36,2,2,0.0,0.0,0.0,0.0,0.0,1.0,14,2,1
121665,16,2,3,15,8,3,0,1,1,1,2,36,2,2,0.0,0.0,0.0,0.0,0.0,2.0,16,1,9
125529,16,2,1,0,11,3,0,1,0,1,1,6,2,2,0.0,0.0,0.0,0.0,0.0,2.0,0,1,9
124709,15,2,1,17,2,3,0,1,1,1,1,36,2,2,0.0,0.0,0.0,0.0,0.0,2.0,23,4,9
156510,16,6,1,17,2,3,6,5,1,1,2,24,2,2,0.0,0.0,0.0,0.0,0.0,2.0,5,7,11
22881,15,2,3,0,6,3,4,1,1,1,2,36,2,2,0.0,0.0,0.0,0.0,0.0,5.0,15,6,2
74366,16,2,3,0,6,3,0,1,0,1,2,6,2,3,1.0,0.0,0.0,1.0,0.0,4.0,18,4,6
133615,16,2,3,17,2,3,0,1,1,1,2,36,2,2,0.0,0.0,0.0,0.0,0.0,5.0,17,1,9
183810,15,2,1,0,6,3,0,1,0,1,2,5,3,3,2.0,0.0,0.0,1.0,1.0,2.0,20,7,12
159045,16,2,4,17,8,3,0,1,1,1,2,23,2,2,0.0,0.0,0.0,0.0,0.0,2.0,16,2,11
19197,16,2,1,0,18,3,0,1,0,1,2,26,2,4,1.0,0.0,0.0,0.0,1.0,1.0,21,6,2
42283,16,2,3,17,8,3,0,5,1,1,2,24,2,2,0.0,0.0,0.0,0.0,0.0,2.0,16,7,4
124904,16,2,1,8,8,3,0,1,0,1,2,18,2,3,1.0,0.0,0.0,1.0,0.0,1.0,20,1,9
57579,16,2,3,15,8,3,0,1,1,1,2,22,2,2,0.0,0.0,0.0,0.0,0.0,8.0,13,7,5
43578,15,10,3,17,6,3,6,1,1,0,1,36,2,2,0.0,0.0,0.0,0.0,0.0,2.0,8,4,4
49160,16,2,0,10,8,3,0,1,1,1,2,36,2,2,0.0,0.0,0.0,0.0,0.0,2.0,21,5,4
165268,16,7,1,17,6,3,6,1,1,1,2,18,2,2,0.0,0.0,0.0,0.0,0.0,4.0,18,1,11
149941,4,2,1,15,8,3,0,1,1,1,1,22,2,2,0.0,0.0,0.0,0.0,0.0,2.0,20,3,10
107502,15,2,3,7,10,3,0,1,1,1,2,3,2,2,0.0,0.0,0.0,0.0,0.0,1.0,9,7,8
53597,17,11,5,8,10,3,5,5,0,1,0,5,2,1,1.0,0.0,1.0,0.0,0.0,1.0,17,6,4
187430,16,7,1,17,8,3,0,1,0,1,2,36,2,4,1.0,0.0,0.0,0.0,1.0,1.0,19,5,12
13401,16,2,1,0,11,3,0,1,0,1,2,36,2,2,0.0,0.0,0.0,0.0,0.0,2.0,22,1,1
110652,15,11,3,0,2,3,5,5,1,1,2,36,2,2,0.0,0.0,0.0,0.0,0.0,2.0,19,6,8
95333,4,7,3,17,15,3,6,5,1,1,0,36,2,2,0.0,0.0,0.0,0.0,0.0,2.0,6,6,7
109907,4,7,3,15,10,3,0,1,1,1,1,18,2,2,0.0,0.0,0.0,0.0,0.0,4.0,17,1,8
76379,15,2,1,2,6,3,0,1,0,1,2,36,1,2,0.0,0.0,0.0,0.0,0.0,4.0,22,5,6
98095,15,2,3,0,6,3,0,1,0,1,2,18,2,2,0.0,0.0,0.0,0.0,0.0,2.0,15,7,7
155712,16,2,3,15,2,3,0,1,1,1,1,23,2,2,0.0,0.0,0.0,0.0,0.0,2.0,14,4,11
41395,4,7,1,0,10,3,6,1,1,1,1,21,2,2,0.0,0.0,0.0,0.0,0.0,2.0,6,5,3
83773,4,2,1,9,8,3,0,5,0,1,2,18,2,3,1.0,0.0,0.0,1.0,0.0,1.0,23,7,6
96255,16,2,3,17,8,3,0,1,0,1,2,18,2,2,0.0,0.0,0.0,0.0,0.0,2.0,16,6,7
55606,4,2,3,17,8,3,0,5,1,1,2,36,2,2,0.0,0.0,0.0,0.0,0.0,3.0,8,2,4
51228,16,2,3,10,2,3,0,1,0,1,2,19,3,2,0.0,0.0,0.0,0.0,0.0,3.0,14,6,4
134996,16,2,3,17,6,3,0,1,0,1,2,18,2,4,1.0,0.0,0.0,0.0,1.0,1.0,11,5,9
105743,16,2,3,0,15,3,0,5,0,1,2,17,2,2,0.0,0.0,0.0,0.0,0.0,2.0,13,1,8
175956,16,2,0,10,2,3,0,1,1,1,1,19,2,2,0.0,0.0,0.0,0.0,0.0,3.0,20,3,12
14062,4,2,3,14,2,3,0,1,0,1,2,34,2,2,0.0,0.0,0.0,0.0,0.0,2.0,11,7,1
41865,16,2,3,17,2,3,0,1,1,1,0,24,2,2,0.0,0.0,0.0,0.0,0.0,2.0,14,7,3
116528,16,2,3,17,6,3,0,1,0,1,2,18,2,3,2.0,0.0,0.0,1.0,1.0,0.0,11,4,8
43939,17,11,5,10,8,3,5,5,0,1,2,19,2,2,0.0,0.0,0.0,0.0,0.0,2.0,8,2,4
82589,15,2,3,10,2,3,0,1,1,1,2,17,3,2,0.0,0.0,0.0,0.0,0.0,3.0,7,5,6
60559,16,7,1,15,2,3,6,1,1,0,0,36,2,2,0.0,0.0,0.0,0.0,0.0,2.0,18,4,5
176054,16,2,1,17,2,3,0,5,0,1,2,24,2,3,1.0,0.0,0.0,1.0,0.0,1.0,22,6,12
146310,15,7,3,2,2,3,6,1,0,1,2,12,1,4,1.0,0.0,0.0,0.0,1.0,0.0,8,3,10
165343,16,2,1,17,2,3,0,1,1,1,2,18,2,2,0.0,0.0,0.0,0.0,0.0,3.0,22,6,11
29268,4,2,0,10,8,3,0,5,1,0,2,19,2,2,0.0,0.0,0.0,0.0,0.0,2.0,19,1,3
59467,4,7,3,11,8,3,6,1,1,1,2,36,2,2,0.0,0.0,0.0,0.0,0.0,3.0,9,3,5
45480,16,2,1,10,1,3,0,1,1,1,1,19,2,2,0.0,0.0,0.0,0.0,0.0,3.0,19,2,4
117450,16,2,3,15,6,3,0,1,1,1,2,36,2,2,0.0,0.0,0.0,0.0,0.0,2.0,13,5,8
12198,16,11,5,17,6,3,5,5,1,1,1,36,2,2,0.0,0.0,0.0,0.0,0.0,2.0,16,3,1
92593,16,2,3,10,2,3,0,1,1,1,2,36,3,2,0.0,0.0,0.0,0.0,0.0,3.0,13,6,7
156725,16,2,3,8,1,3,0,1,0,1,0,18,3,3,1.0,0.0,0.0,1.0,0.0,2.0,8,4,11
8383,16,3,1,3,10,3,6,1,1,1,2,11,2,2,0.0,0.0,0.0,0.0,0.0,2.0,1,2,1
138395,15,2,3,0,8,3,0,1,0,1,2,36,2,4,2.0,0.0,0.0,0.0,2.0,1.0,16,6,10