crash_date,               traffic_control_device,weather_condition,lighting_condition,first_crash_type,trafficway_type,alignment,roadway_surface_cond,road_defect,crash_type,intersection_related_i,damage,prim_contributory_cause,num_units,most_severe_injury,injuries_total,injuries_fatal,injuries_incapacitating,injuries_non_incapacitating,injuries_reported_not_evident,injuries_no_indication,crash_hour,crash_day_of_week,crash_month
45278,16,2,3,17,8,3,5,5,1,1,1,36,2,2,0.0,0.0,0.0,0.0,0.0,2.0,10,6,4
121451,4,2,2,3,2,3,0,1,0,1,2,24,2,3,1.0,0.0,0.0,1.0,0.0,1.0,5,6,9
114489,4,2,1,9,2,3,0,1,0,1,0,17,2,0,1.0,1.0,0.0,0.0,0.0,1.0,0,1,8
177288,16,2,3,9,8,3,0,1,0,1,2,18,3,1,2.0,0.0,1.0,1.0,0.0,1.0,15,3,12
68159,16,2,3,10,2,3,0,1,1,1,0,19,2,2,0.0,0.0,0.0,0.0,0.0,2.0,14,6,5
125711,4,7,3,17,8,3,6,5,0,1,2,23,2,4,1.0,0.0,0.0,0.0,1.0,2.0,18,5,9
55954,4,2,3,10,2,3,0,1,1,1,2,36,3,2,0.0,0.0,0.0,0.0,0.0,3.0,15,3,4
145692,15,7,3,0,10,3,6,5,1,1,2,36,2,2,0.0,0.0,0.0,0.0,0.0,3.0,12,7,10
9600,17,2,3,9,8,3,0,1,0,0,2,36,2,3,1.0,0.0,0.0,1.0,0.0,1.0,15,7,1
48124,16,7,1,17,8,3,6,1,1,1,2,36,2,2,0.0,0.0,0.0,0.0,0.0,2.0,19,7,4
14096,16,2,1,0,6,3,4,1,0,1,2,6,4,2,0.0,0.0,0.0,0.0,0.0,5.0,21,1,1
71237,16,2,3,17,8,3,0,1,0,1,2,18,2,3,1.0,0.0,0.0,1.0,0.0,4.0,16,5,5
25082,4,2,4,17,15,3,0,1,1,1,2,19,2,2,0.0,0.0,0.0,0.0,0.0,2.0,19,3,2
180426,16,2,4,0,6,3,6,1,0,1,2,6,2,3,1.0,0.0,0.0,1.0,0.0,5.0,16,4,12
101570,4,2,3,7,15,3,0,1,1,1,2,26,2,2,0.0,0.0,0.0,0.0,0.0,4.0,18,3,7
80701,16,2,3,17,2,3,0,1,0,1,2,36,2,3,1.0,0.0,0.0,1.0,0.0,1.0,11,5,6
184462,16,2,1,17,8,3,0,1,1,1,1,36,2,2,0.0,0.0,0.0,0.0,0.0,2.0,18,4,12
156521,15,2,1,0,8,3,0,1,0,1,2,5,2,2,0.0,0.0,0.0,0.0,0.0,2.0,7,7,11
118512,16,2,3,10,6,3,0,1,1,1,2,12,2,2,0.0,0.0,0.0,0.0,0.0,3.0,8,6,8
117139,16,2,3,10,2,3,0,1,0,1,2,17,2,3,3.0,0.0,0.0,2.0,1.0,0.0,13,1,8
30273,17,2,1,2,19,3,0,1,0,1,2,36,2,2,0.0,0.0,0.0,0.0,0.0,2.0,4,6,3
63600,15,2,3,0,2,3,0,1,1,1,2,18,2,2,0.0,0.0,0.0,0.0,0.0,3.0,14,3,5
63853,15,2,3,0,15,3,5,5,0,1,2,5,2,2,0.0,0.0,0.0,0.0,0.0,4.0,17,1,5
174647,15,7,1,0,8,3,6,1,1,1,2,18,2,2,0.0,0.0,0.0,0.0,0.0,2.0,19,1,12
127154,16,2,3,15,2,3,0,1,1,1,1,22,2,2,0.0,0.0,0.0,0.0,0.0,2.0,13,1,9
87265,4,2,3,10,8,3,0,1,1,0,2,36,2,2,0.0,0.0,0.0,0.0,0.0,2.0,18,6,6
182318,16,2,1,10,6,3,0,1,1,1,2,19,2,2,0.0,0.0,0.0,0.0,0.0,2.0,16,2,12
120718,15,7,4,10,8,3,6,5,1,1,1,39,2,2,0.0,0.0,0.0,0.0,0.0,2.0,15,3,9
179345,15,2,1,17,8,3,0,1,1,1,1,36,2,2,0.0,0.0,0.0,0.0,0.0,2.0,19,4,12
167938,16,11,1,10,6,3,5,5,1,1,2,36,2,2,0.0,0.0,0.0,0.0,0.0,2.0,0,2,11
172950,16,2,3,8,8,3,0,2,0,1,1,36,2,3,1.0,0.0,0.0,1.0,0.0,1.0,15,4,12
115871,15,2,3,10,6,3,0,1,1,1,1,36,2,2,0.0,0.0,0.0,0.0,0.0,2.0,16,2,8
143044,4,2,4,17,6,3,0,1,0,1,2,24,2,4,2.0,0.0,0.0,0.0,2.0,5.0,17,7,10
5325,16,2,3,17,10,3,0,1,1,1,2,19,2,2,0.0,0.0,0.0,0.0,0.0,2.0,6,5,1
3272,15,2,1,3,2,3,0,5,0,0,2,37,3,3,1.0,0.0,0.0,1.0,0.0,1.0,20,7,1
67685,4,2,3,15,8,3,0,1,1,1,1,24,2,2,0.0,0.0,0.0,0.0,0.0,2.0,8,5,5
117086,16,11,5,10,6,3,5,5,1,1,2,19,2,2,0.0,0.0,0.0,0.0,0.0,5.0,16,6,8
52080,15,2,3,0,8,3,0,1,0,1,2,18,2,2,0.0,0.0,0.0,0.0,0.0,2.0,10,7,4
176358,16,2,3,15,2,3,0,1,1,1,2,36,2,2,0.0,0.0,0.0,0.0,0.0,2.0,15,6,12
132411,16,2,3,0,6,3,0,1,1,1,2,18,2,2,0.0,0.0,0.0,0.0,0.0,3.0,11,7,9
149417,15,2,3,17,2,3,0,1,1,1,2,18,2,2,0.0,0.0,0.0,0.0,0.0,3.0,9,4,10
154294,15,11,5,0,6,3,5,5,1,1,2,36,2,2,0.0,0.0,0.0,0.0,0.0,2.0,22,7,10
54713,16,7,0,15,8,3,6,5,1,1,2,19,2,2,0.0,0.0,0.0,0.0,0.0,2.0,0,1,4
8528,16,2,3,2,6,3,0,1,0,1,2,39,1,2,0.0,0.0,0.0,0.0,0.0,1.0,9,4,1
26071,15,10,1,0,15,3,4,5,1,1,2,18,2,2,0.0,0.0,0.0,0.0,0.0,2.0,21,6,2
59978,15,2,3,0,8,3,0,5,1,0,2,18,2,2,0.0,0.0,0.0,0.0,0.0,2.0,8,4,5
104015,16,2,3,0,2,3,0,1,1,1,1,18,2,2,0.0,0.0,0.0,0.0,0.0,2.0,16,4,8
62990,18,7,3,17,6,3,6,5,1,1,1,36,2,2,0.0,0.0,0.0,0.0,0.0,2.0,15,1,5
57118,16,2,3,2,10,3,0,1,0,1,2,17,1,2,0.0,0.0,0.0,0.0,0.0,1.0,18,6,5
185241,16,10,3,17,11,3,4,1,1,1,1,19,2,2,0.0,0.0,0.0,0.0,0.0,2.0,13,1,12
154348,16,11,0,10,3,3,5,5,1,1,2,19,2,2,0.0,0.0,0.0,0.0,0.0,2.0,20,1,10
146658,4,2,0,10,15,3,0,1,0,1,2,19,2,4,1.0,0.0,0.0,0.0,1.0,2.0,18,7,10
83642,4,2,3,7,2,3,0,1,1,1,2,36,2,2,0.0,0.0,0.0,0.0,0.0,1.0,11,7,6
110531,16,2,3,15,2,3,0,1,1,1,2,24,2,2,0.0,0.0,0.0,0.0,0.0,4.0,9,3,8
170404,16,2,2,0,6,3,0,1,0,1,2,36,2,3,1.0,0.0,0.0,1.0,0.0,1.0,6,7,11
93716,16,2,3,10,2,3,0,1,1,1,2,19,2,2,0.0,0.0,0.0,0.0,0.0,3.0,16,2,7
80557,16,3,3,17,6,3,0,1,1,1,2,36,2,2,0.0,0.0,0.0,0.0,0.0,2.0,8,2,6
159949,16,2,3,17,8,3,0,1,0,1,2,17,3,3,3.0,0.0,0.0,3.0,0.0,1.0,14,1,11
39420,16,2,3,17,2,3,0,1,1,1,2,18,3,2,0.0,0.0,0.0,0.0,0.0,4.0,17,2,3
86043,16,2,3,0,8,3,0,1,0,1,2,6,2,2,0.0,0.0,0.0,0.0,0.0,2.0,14,2,6
67222,15,2,3,17,6,4,0,1,1,1,2,5,2,2,0.0,0.0,0.0,0.0,0.0,2.0,7,5,5
177395,15,2,3,0,6,3,0,1,1,1,2,3,2,2,0.0,0.0,0.0,0.0,0.0,2.0,10,5,12
36381,15,2,1,7,8,3,0,1,0,1,2,5,4,3,1.0,0.0,0.0,1.0,0.0,1.0,23,2,3
32565,4,2,3,17,8,3,0,1,1,1,2,24,2,2,0.0,0.0,0.0,0.0,0.0,2.0,16,1,3
115083,16,2,1,10,2,3,0,1,1,1,1,19,2,2,0.0,0.0,0.0,0.0,0.0,2.0,1,2,8
126300,4,2,3,10,2,3,0,1,0,1,2,36,3,3,1.0,0.0,0.0,1.0,0.0,2.0,12,6,9
106858,16,2,3,17,3,3,0,1,1,1,1,24,2,2,0.0,0.0,0.0,0.0,0.0,2.0,11,3,8
163126,4,2,2,17,3,3,0,1,0,1,2,36,2,3,1.0,0.0,0.0,1.0,0.0,1.0,6,4,11
40774,16,2,1,2,8,3,0,1,0,1,2,36,1,1,3.0,0.0,2.0,1.0,0.0,0.0,3,1,3
129473,15,2,3,8,6,3,0,1,0,1,0,36,2,3,1.0,0.0,0.0,1.0,0.0,1.0,12,2,9
15871,16,2,2,0,8,3,0,1,0,1,2,17,2,3,1.0,0.0,0.0,1.0,0.0,1.0,6,5,2
122726,16,2,3,17,6,3,0,5,1,1,2,23,2,2,0.0,0.0,0.0,0.0,0.0,2.0,9,4,9
139540,15,7,0,2,8,3,6,1,0,1,2,17,1,2,0.0,0.0,0.0,0.0,0.0,1.0,2,1,10
63874,16,2,3,17,8,3,0,1,1,1,2,36,2,2,0.0,0.0,0.0,0.0,0.0,2.0,10,1,5
98682,15,2,3,17,6,3,0,1,0,1,2,18,2,3,3.0,0.0,0.0,2.0,1.0,1.0,19,1,7
165168,16,2,3,10,6,3,0,5,1,1,0,19,2,2,0.0,0.0,0.0,0.0,0.0,3.0,1,6,11
52696,16,2,3,0,8,3,0,1,1,1,1,18,2,2,0.0,0.0,0.0,0.0,0.0,2.0,15,6,4
4668,15,2,1,10,8,3,0,1,0,1,2,19,2,2,0.0,0.0,0.0,0.0,0.0,2.0,0,1,1
63782,16,2,1,17,6,3,0,1,0,1,2,36,2,4,1.0,0.0,0.0,0.0,1.0,3.0,1,7,5
148096,16,2,3,15,2,3,0,1,1,1,2,22,2,2,0.0,0.0,0.0,0.0,0.0,2.0,14,6,10
134327,16,2,3,17,8,3,5,5,1,1,1,24,2,2,0.0,0.0,0.0,0.0,0.0,2.0,17,4,9
136696,16,7,3,17,8,3,6,1,0,1,2,18,4,2,0.0,0.0,0.0,0.0,0.0,2.0,9,1,9
137615,16,7,2,17,2,3,6,1,0,1,2,6,2,3,1.0,0.0,0.0,1.0,0.0,2.0,6,7,10
103915,16,2,3,9,8,3,0,1,0,1,1,18,2,3,2.0,0.0,0.0,2.0,0.0,0.0,9,4,7
10218,16,2,3,10,8,3,0,1,0,1,2,19,3,2,0.0,0.0,0.0,0.0,0.0,4.0,7,3,1
14937,15,2,3,0,6,3,0,1,0,1,2,18,2,2,0.0,0.0,0.0,0.0,0.0,3.0,8,2,1
181642,16,2,3,17,6,3,0,1,1,1,2,24,2,2,0.0,0.0,0.0,0.0,0.0,2.0,11,6,12
159668,16,11,1,17,15,3,5,5,1,1,2,36,2,2,0.0,0.0,0.0,0.0,0.0,2.0,19,5,11
139871,16,2,1,10,8,3,0,1,1,0,2,19,2,2,0.0,0.0,0.0,0.0,0.0,2.0,19,2,10
183085,16,2,1,17,8,3,0,1,1,1,1,24,2,2,0.0,0.0,0.0,0.0,0.0,2.0,17,4,12
55925,16,2,3,0,6,3,0,1,0,1,2,3,2,2,0.0,0.0,0.0,0.0,0.0,2.0,7,1,4
22597,4,2,1,15,8,3,0,1,1,1,2,18,2,2,0.0,0.0,0.0,0.0,0.0,2.0,4,7,2
2825,16,10,1,17,6,3,4,1,0,1,2,18,3,2,0.0,0.0,0.0,0.0,0.0,3.0,19,7,1
51647,16,2,3,15,2,3,0,1,1,1,1,36,2,2,0.0,0.0,0.0,0.0,0.0,4.0,19,6,4
168397,16,2,0,17,15,3,0,1,1,0,2,36,2,2,0.0,0.0,0.0,0.0,0.0,2.0,17,3,11
82702,15,7,3,0,8,3,6,1,1,1,2,5,2,2,0.0,0.0,0.0,0.0,0.0,2.0,16,5,6
4867,16,10,1,17,2,3,4,5,1,1,2,36,2,2,0.0,0.0,0.0,0.0,0.0,2.0,18,6,1
57113,16,2,2,10,8,3,0,1,1,1,0,23,2,2,0.0,0.0,0.0,0.0,0.0,4.0,17,6,5
98137,16,2,3,15,8,3,0,1,1,1,2,23,2,2,0.0,0.0,0.0,0.0,0.0,3.0,10,7,7
33926,4,2,3,7,10,3,0,1,1,1,2,36,2,2,0.0,0.0,0.0,0.0,0.0,1.0,12,3,3
12046,15,2,3,0,8,3,0,1,1,1,2,36,2,2,0.0,0.0,0.0,0.0,0.0,2.0,8,6,1
19269,16,2,3,17,2,3,0,1,0,1,2,18,2,1,2.0,0.0,2.0,0.0,0.0,0.0,9,6,2
60871,4,2,3,0,15,3,0,1,0,1,2,18,2,2,0.0,0.0,0.0,0.0,0.0,3.0,18,3,5
179958,16,2,3,9,8,3,0,1,0,1,2,24,2,4,1.0,0.0,0.0,0.0,1.0,1.0,5,5,12
153015,16,3,3,17,8,3,6,1,0,1,1,18,2,3,2.0,0.0,0.0,2.0,0.0,3.0,16,3,10
89342,16,2,3,15,6,3,0,1,1,1,0,36,2,2,0.0,0.0,0.0,0.0,0.0,2.0,11,4,7
42751,16,2,3,10,8,3,0,1,1,1,1,19,2,2,0.0,0.0,0.0,0.0,0.0,2.0,13,2,4
1075,16,10,3,10,8,3,6,1,1,1,2,16,2,2,0.0,0.0,0.0,0.0,0.0,3.0,11,4,1
122136,16,2,3,17,6,3,0,5,0,1,2,22,2,4,1.0,0.0,0.0,0.0,1.0,2.0,17,3,9
179109,4,2,3,17,15,3,0,1,1,1,2,17,2,2,0.0,0.0,0.0,0.0,0.0,2.0,7,6,12
80225,16,2,3,10,8,3,0,1,1,1,2,19,2,2,0.0,0.0,0.0,0.0,0.0,2.0,7,5,6
76903,16,2,1,0,8,3,0,1,0,1,2,6,2,3,1.0,0.0,0.0,1.0,0.0,1.0,4,6,6
131555,16,2,3,0,2,3,0,1,0,1,2,36,2,2,0.0,0.0,0.0,0.0,0.0,2.0,16,2,9
170730,16,2,0,10,3,3,0,1,1,1,2,17,2,2,0.0,0.0,0.0,0.0,0.0,2.0,16,4,11
17538,15,10,3,2,2,3,6,1,1,1,1,24,1,2,0.0,0.0,0.0,0.0,0.0,1.0,11,5,2
26446,15,11,3,0,6,3,5,1,1,1,2,5,2,2,0.0,0.0,0.0,0.0,0.0,2.0,13,6,2
180276,16,2,1,17,8,3,0,1,1,1,2,22,2,2,0.0,0.0,0.0,0.0,0.0,3.0,20,7,12
98299,17,2,1,17,8,3,0,1,1,1,1,24,2,2,0.0,0.0,0.0,0.0,0.0,2.0,23,7,7
280,15,10,1,0,6,3,1,1,1,1,2,39,2,2,0.0,0.0,0.0,0.0,0.0,3.0,23,6,1
97619,17,11,5,15,10,3,5,5,1,1,2,23,2,2,0.0,0.0,0.0,0.0,0.0,2.0,11,6,7
166374,16,2,1,0,8,3,0,1,0,1,2,6,2,3,3.0,0.0,0.0,3.0,0.0,2.0,20,1,11
74859,16,2,3,17,10,3,0,5,0,1,2,6,2,2,0.0,0.0,0.0,0.0,0.0,2.0,7,3,6
22932,15,2,3,10,10,3,1,5,1,1,2,39,2,2,0.0,0.0,0.0,0.0,0.0,5.0,8,6,2
83670,16,6,3,17,11,3,5,5,1,1,2,23,2,2,0.0,0.0,0.0,0.0,0.0,2.0,13,6,6
19977,16,11,1,10,8,3,2,5,1,1,1,17,2,2,0.0,0.0,0.0,0.0,0.0,2.0,23,6,2
72747,16,2,3,17,5,3,0,5,1,0,0,23,2,2,0.0,0.0,0.0,0.0,0.0,2.0,12,6,6
139832,16,2,1,0,6,3,0,1,0,1,2,6,2,2,0.0,0.0,0.0,0.0,0.0,3.0,20,6,10
161499,16,10,1,9,8,3,6,1,0,1,1,18,2,3,1.0,0.0,0.0,1.0,0.0,1.0,4,2,11
92792,16,2,1,17,6,3,6,1,0,1,2,18,2,3,2.0,0.0,0.0,1.0,1.0,1.0,20,1,7
122125,15,2,3,0,6,3,0,1,0,1,2,18,2,4,3.0,0.0,0.0,0.0,3.0,2.0,16,3,9
182793,15,2,1,3,8,3,0,1,0,1,2,36,4,3,1.0,0.0,0.0,1.0,0.0,1.0,1,1,12
40617,17,2,0,2,17,0,0,1,0,0,1,30,2,2,0.0,0.0,0.0,0.0,0.0,1.0,4,4,3
43509,4,11,5,7,2,3,5,5,1,1,2,36,2,2,0.0,0.0,0.0,0.0,0.0,1.0,19,2,4
31201,16,2,3,17,6,3,0,1,0,1,2,36,2,2,0.0,0.0,0.0,0.0,0.0,3.0,12,7,3
135657,16,2,1,10,6,3,0,5,1,1,1,20,2,2,0.0,0.0,0.0,0.0,0.0,3.0,22,2,9
139439,15,2,3,8,10,3,0,1,0,1,1,18,2,3,1.0,0.0,0.0,1.0,0.0,1.0,7,5,10
16416,16,2,1,17,8,3,0,1,0,1,2,24,2,2,0.0,0.0,0.0,0.0,0.0,3.0,21,7,2
47376,16,2,3,0,10,3,0,1,0,1,2,17,2,2,0.0,0.0,0.0,0.0,0.0,2.0,14,3,4
16195,15,10,0,10,8,3,4,5,1,1,2,39,2,2,0.0,0.0,0.0,0.0,0.0,2.0,18,4,2
101544,16,2,3,17,9,3,0,1,0,1,2,36,2,4,1.0,0.0,0.0,0.0,1.0,2.0,14,3,7
54742,15,2,3,10,8,3,0,1,1,1,2,36,2,2,0.0,0.0,0.0,0.0,0.0,2.0,6,3,4
133563,16,2,3,10,2,3,0,1,1,1,1,19,2,2,0.0,0.0,0.0,0.0,0.0,3.0,15,5,9
160701,15,2,1,0,6,3,0,5,0,1,1,18,2,2,0.0,0.0,0.0,0.0,0.0,2.0,19,5,11
87522,4,3,3,0,8,3,6,1,0,1,2,18,3,2,0.0,0.0,0.0,0.0,0.0,2.0,14,4,6
149932,16,2,1,17,8,3,0,1,1,1,2,36,2,2,0.0,0.0,0.0,0.0,0.0,2.0,18,3,10
70134,16,2,3,15,6,3,0,5,1,1,0,17,2,2,0.0,0.0,0.0,0.0,0.0,2.0,9,3,5
22737,16,7,0,15,8,3,6,1,0,1,2,36,2,3,1.0,0.0,0.0,1.0,0.0,1.0,20,2,2
85728,16,2,3,17,8,3,0,1,1,1,1,36,2,2,0.0,0.0,0.0,0.0,0.0,3.0,12,4,6
176952,16,7,1,17,8,3,6,1,1,1,2,18,2,2,0.0,0.0,0.0,0.0,0.0,3.0,23,6,12
90226,17,2,1,2,3,3,0,1,0,1,2,37,1,2,0.0,0.0,0.0,0.0,0.0,1.0,0,3,7
142469,16,2,3,17,6,3,0,1,1,1,2,24,2,2,0.0,0.0,0.0,0.0,0.0,2.0,10,6,10
3082,4,2,3,0,8,3,0,1,1,1,2,18,2,2,0.0,0.0,0.0,0.0,0.0,4.0,15,3,1
170904,16,2,1,10,8,3,0,1,0,1,2,19,3,3,1.0,0.0,0.0,1.0,0.0,3.0,16,1,11
111379,16,2,3,9,8,3,0,1,0,1,2,26,2,3,1.0,0.0,0.0,1.0,0.0,1.0,18,4,8
105075,15,2,3,0,2,3,0,1,1,1,2,38,2,2,0.0,0.0,0.0,0.0,0.0,3.0,13,5,8
171211,15,2,3,0,8,3,6,1,0,1,1,36,2,2,0.0,0.0,0.0,0.0,0.0,2.0,14,5,11
159251,16,2,3,10,3,3,0,1,1,1,0,36,2,2,0.0,0.0,0.0,0.0,0.0,3.0,9,3,11
153977,4,2,3,7,8,3,0,1,1,1,2,36,2,2,0.0,0.0,0.0,0.0,0.0,1.0,15,2,10
97719,16,7,3,0,8,3,6,1,1,1,2,18,2,2,0.0,0.0,0.0,0.0,0.0,2.0,16,6,7
138335,16,7,3,17,8,3,6,1,1,1,1,24,2,2,0.0,0.0,0.0,0.0,0.0,2.0,7,4,10
17876,15,7,3,10,8,3,4,1,1,1,2,19,2,2,0.0,0.0,0.0,0.0,0.0,3.0,8,4,2
90679,4,2,3,0,8,3,0,1,0,1,2,36,2,4,2.0,0.0,0.0,0.0,2.0,0.0,10,3,7
41065,16,2,3,10,8,3,0,1,0,1,2,28,2,3,1.0,0.0,0.0,1.0,0.0,4.0,13,6,3
62789,16,2,3,17,8,3,0,1,1,1,2,6,2,2,0.0,0.0,0.0,0.0,0.0,2.0,16,5,5
162465,16,2,3,10,8,3,0,1,1,1,2,19,2,2,0.0,0.0,0.0,0.0,0.0,2.0,13,2,11
35653,16,2,3,0,2,3,0,5,0,1,2,36,2,3,1.0,0.0,0.0,1.0,0.0,2.0,9,4,3
36652,16,2,3,10,8,3,0,1,1,1,1,19,2,2,0.0,0.0,0.0,0.0,0.0,2.0,16,2,3
159012,16,2,1,17,6,3,0,1,0,1,2,36,2,3,3.0,0.0,0.0,3.0,0.0,1.0,19,1,11
162752,16,2,3,0,19,3,0,1,1,1,2,6,2,2,0.0,0.0,0.0,0.0,0.0,2.0,12,6,11
85985,16,2,3,17,6,4,0,1,0,1,2,30,3,3,1.0,0.0,0.0,1.0,0.0,2.0,16,1,6
20630,16,2,3,10,8,3,6,5,1,1,2,19,2,2,0.0,0.0,0.0,0.0,0.0,7.0,8,3,2
143727,18,7,1,17,3,3,6,1,1,1,2,7,2,2,0.0,0.0,0.0,0.0,0.0,2.0,20,2,10
100864,16,2,3,10,17,3,5,5,1,1,2,36,3,2,0.0,0.0,0.0,0.0,0.0,4.0,13,6,7
68660,15,2,3,0,2,3,0,1,1,1,2,5,2,2,0.0,0.0,0.0,0.0,0.0,2.0,8,6,5
36465,16,2,3,10,10,3,0,1,1,1,2,17,2,2,0.0,0.0,0.0,0.0,0.0,4.0,18,5,3
5112,16,10,1,7,8,4,4,1,0,1,2,39,2,2,0.0,0.0,0.0,0.0,0.0,2.0,20,7,1
109482,4,2,4,0,8,3,0,1,0,1,2,36,2,2,0.0,0.0,0.0,0.0,0.0,2.0,19,3,8
12210,16,2,1,17,6,3,0,1,1,1,2,6,2,2,0.0,0.0,0.0,0.0,0.0,2.0,18,3,1
137225,16,2,3,17,8,3,0,1,1,1,2,23,2,2,0.0,0.0,0.0,0.0,0.0,4.0,11,2,9
127764,15,2,3,6,2,3,0,1,0,1,2,12,1,1,1.0,0.0,1.0,0.0,0.0,0.0,13,5,9
131228,16,2,3,17,1,3,0,1,1,1,1,22,2,2,0.0,0.0,0.0,0.0,0.0,2.0,12,5,9
124875,16,2,1,0,15,3,0,5,1,1,2,6,2,2,0.0,0.0,0.0,0.0,0.0,4.0,3,1,9
43178,16,2,1,15,2,3,6,1,1,1,2,22,2,2,0.0,0.0,0.0,0.0,0.0,2.0,23,2,4
91274,16,2,3,17,6,4,0,1,1,1,2,17,2,2,0.0,0.0,0.0,0.0,0.0,4.0,13,6,7
23752,15,2,3,0,8,3,0,1,0,1,2,36,2,3,1.0,0.0,0.0,1.0,0.0,2.0,16,6,2
109178,16,2,3,0,6,3,0,5,0,1,2,6,3,4,1.0,0.0,0.0,0.0,1.0,5.0,15,7,8
184423,15,2,0,0,2,3,0,1,0,1,2,18,2,1,1.0,0.0,1.0,0.0,0.0,1.0,19,3,12
104447,15,2,3,17,3,3,0,1,0,1,2,24,2,3,1.0,0.0,0.0,1.0,0.0,1.0,13,5,8
8678,16,2,2,15,2,3,5,1,1,1,2,22,2,2,0.0,0.0,0.0,0.0,0.0,2.0,6,5,1
24679,16,2,1,10,8,3,0,1,0,1,2,19,3,4,1.0,0.0,0.0,0.0,1.0,3.0,19,2,2
97174,16,2,3,8,2,3,0,1,0,1,0,6,2,3,1.0,0.0,0.0,1.0,0.0,1.0,7,5,7
96670,15,2,1,17,2,3,0,1,1,1,1,18,2,2,0.0,0.0,0.0,0.0,0.0,5.0,20,4,7
95773,16,7,1,10,8,3,6,1,0,0,2,39,2,2,0.0,0.0,0.0,0.0,0.0,2.0,3,6,7
67355,16,2,3,10,8,3,0,1,1,1,2,19,2,2,0.0,0.0,0.0,0.0,0.0,2.0,16,1,5
74041,16,2,0,14,8,3,0,1,0,1,2,6,2,2,0.0,0.0,0.0,0.0,0.0,3.0,20,4,6
161079,4,7,1,17,8,3,6,1,1,1,2,39,2,2,0.0,0.0,0.0,0.0,0.0,2.0,20,3,11
55716,4,2,3,17,8,3,0,1,1,1,1,18,2,2,0.0,0.0,0.0,0.0,0.0,3.0,15,5,4
186326,16,2,3,15,6,3,4,5,1,1,1,14,2,2,0.0,0.0,0.0,0.0,0.0,5.0,15,2,12
53611,16,2,3,9,2,3,0,1,0,1,2,18,2,3,2.0,0.0,0.0,1.0,1.0,1.0,6,6,4
131506,16,2,4,10,2,3,0,1,1,1,0,36,4,2,0.0,0.0,0.0,0.0,0.0,10.0,18,1,9
138475,16,2,4,17,6,3,6,5,0,1,2,24,2,2,0.0,0.0,0.0,0.0,0.0,2.0,16,7,10
90783,15,2,3,0,2,3,0,1,0,1,1,36,2,3,2.0,0.0,0.0,2.0,0.0,1.0,17,5,7
140382,15,2,3,0,8,3,0,1,0,1,2,5,2,3,1.0,0.0,0.0,1.0,0.0,1.0,18,7,10
75351,4,2,1,7,15,3,0,1,0,1,2,28,2,2,0.0,0.0,0.0,0.0,0.0,2.0,1,4,6
7240,15,2,3,17,6,3,0,1,1,0,2,12,2,2,0.0,0.0,0.0,0.0,0.0,2.0,10,4,1
81499,4,2,3,10,8,3,0,1,1,0,1,17,2,2,0.0,0.0,0.0,0.0,0.0,2.0,16,2,6
93717,4,2,3,17,6,3,5,5,1,1,1,36,2,2,0.0,0.0,0.0,0.0,0.0,2.0,17,2,7
173893,16,2,3,11,8,3,0,1,1,1,2,21,2,2,0.0,0.0,0.0,0.0,0.0,3.0,13,4,12
57656,16,2,3,10,6,3,0,1,1,0,2,19,2,2,0.0,0.0,0.0,0.0,0.0,2.0,14,2,5
11574,16,2,3,15,8,3,0,1,1,1,2,36,2,2,0.0,0.0,0.0,0.0,0.0,2.0,10,5,1
21411,16,2,3,10,6,3,5,5,1,1,1,36,2,2,0.0,0.0,0.0,0.0,0.0,2.0,8,1,2
28098,16,2,3,17,2,3,0,1,0,1,2,11,2,2,0.0,0.0,0.0,0.0,0.0,3.0,13,7,2
156368,4,7,3,0,8,3,6,1,1,1,2,18,2,2,0.0,0.0,0.0,0.0,0.0,2.0,7,5,11
161149,16,2,3,17,1,4,0,6,0,1,2,36,2,2,0.0,0.0,0.0,0.0,0.0,2.0,12,4,11
102505,16,3,3,10,8,3,0,1,1,1,1,19,2,2,0.0,0.0,0.0,0.0,0.0,2.0,7,2,7
104805,16,2,3,17,8,3,0,1,1,1,2,18,2,2,0.0,0.0,0.0,0.0,0.0,2.0,14,2,8
170698,16,2,3,10,8,3,5,5,1,1,1,36,2,2,0.0,0.0,0.0,0.0,0.0,2.0,10,3,11
5762,15,2,1,17,2,3,0,1,0,1,2,18,3,2,0.0,0.0,0.0,0.0,0.0,2.0,4,4,1
129154,16,2,3,17,8,3,0,1,0,1,2,18,3,3,3.0,0.0,0.0,1.0,2.0,1.0,16,4,9
68201,16,2,3,10,8,3,0,1,1,1,1,19,2,2,0.0,0.0,0.0,0.0,0.0,4.0,17,6,5
22530,17,2,3,0,0,3,5,5,1,1,1,26,2,2,0.0,0.0,0.0,0.0,0.0,2.0,14,4,2
79417,16,2,3,15,2,3,0,1,1,1,0,22,2,2,0.0,0.0,0.0,0.0,0.0,4.0,19,6,6
839,16,2,3,10,2,3,4,5,0,1,1,17,2,4,1.0,0.0,0.0,0.0,1.0,1.0,11,1,1
116921,16,2,1,15,2,3,6,1,0,1,2,24,4,2,0.0,0.0,0.0,0.0,0.0,6.0,1,4,8
87302,16,2,3,17,10,3,0,1,0,0,1,24,2,2,0.0,0.0,0.0,0.0,0.0,2.0,15,7,6
159867,16,2,3,17,8,3,0,1,0,1,2,2,2,4,5.0,0.0,0.0,0.0,5.0,1.0,15,6,11
86063,16,2,3,17,6,3,0,5,0,1,2,18,2,3,1.0,0.0,0.0,1.0,0.0,2.0,18,2,6