crash_date,               traffic_control_device,weather_condition,lighting_condition,first_crash_type,trafficway_type,alignment,roadway_surface_cond,road_defect,crash_type,intersection_related_i,damage,prim_contributory_cause,num_units,most_severe_injury,injuries_total,injuries_fatal,injuries_incapacitating,injuries_non_incapacitating,injuries_reported_not_evident,injuries_no_indication,crash_hour,crash_day_of_week,crash_month
53203,16,2,3,17,2,3,5,5,0,1,2,36,3,3,1.0,0.0,0.0,1.0,0.0,3.0,16,1,4
99434,16,2,3,17,8,3,0,1,1,1,2,24,2,2,0.0,0.0,0.0,0.0,0.0,3.0,10,5,7
121618,16,2,3,0,6,3,0,5,0,1,2,6,3,2,0.0,0.0,0.0,0.0,0.0,3.0,11,2,9
130721,15,7,3,4,8,3,6,1,1,1,0,18,2,2,0.0,0.0,0.0,0.0,0.0,3.0,10,3,9
104409,4,2,3,17,8,3,0,5,1,0,0,24,2,2,0.0,0.0,0.0,0.0,0.0,2.0,6,3,8
98732,16,2,3,17,8,3,0,1,1,1,1,19,2,2,0.0,0.0,0.0,0.0,0.0,2.0,13,7,7
165095,16,2,3,17,6,3,0,1,1,1,2,24,2,2,0.0,0.0,0.0,0.0,0.0,2.0,11,4,11
114946,16,2,1,0,6,3,0,1,0,1,2,36,2,4,1.0,0.0,0.0,0.0,1.0,1.0,22,1,8
155132,15,2,4,0,10,3,0,1,1,1,1,18,2,2,0.0,0.0,0.0,0.0,0.0,4.0,15,3,10
35475,16,3,3,9,8,3,6,1,1,1,0,36,2,2,0.0,0.0,0.0,0.0,0.0,2.0,14,2,3
61746,16,2,3,10,2,3,0,1,1,1,1,19,2,2,0.0,0.0,0.0,0.0,0.0,2.0,16,3,5
176945,15,11,5,0,6,3,5,5,1,1,2,36,2,2,0.0,0.0,0.0,0.0,0.0,2.0,10,6,12
96248,16,2,3,3,1,3,0,1,1,1,1,6,2,2,0.0,0.0,0.0,0.0,0.0,2.0,15,6,7
631,4,7,3,2,8,3,6,1,1,0,2,26,1,2,0.0,0.0,0.0,0.0,0.0,2.0,13,4,1
70260,4,2,1,0,0,3,0,1,1,1,1,36,2,2,0.0,0.0,0.0,0.0,0.0,2.0,0,3,5
71900,15,2,3,17,8,3,0,1,1,1,1,18,2,2,0.0,0.0,0.0,0.0,0.0,2.0,12,6,6
115026,15,2,3,10,6,3,0,1,1,1,1,36,2,2,0.0,0.0,0.0,0.0,0.0,2.0,14,4,8
73177,16,2,3,17,2,3,0,1,1,1,2,18,2,2,0.0,0.0,0.0,0.0,0.0,3.0,19,6,6
88716,16,2,1,15,5,3,0,1,0,1,2,23,3,3,2.0,0.0,0.0,2.0,0.0,4.0,23,1,7
86106,16,2,3,10,6,3,0,1,1,1,2,36,2,2,0.0,0.0,0.0,0.0,0.0,2.0,14,3,6
68398,4,2,1,10,8,3,0,1,1,0,2,24,2,2,0.0,0.0,0.0,0.0,0.0,2.0,23,3,5
179333,16,2,0,15,2,3,0,1,1,1,2,36,2,2,0.0,0.0,0.0,0.0,0.0,3.0,18,4,12
117222,16,2,3,10,8,3,0,1,0,1,1,36,2,3,1.0,0.0,0.0,1.0,0.0,1.0,9,6,8
21156,4,2,3,17,2,3,0,1,1,1,1,18,2,2,0.0,0.0,0.0,0.0,0.0,2.0,8,4,2
56488,16,2,3,17,2,3,0,1,1,1,1,24,2,2,0.0,0.0,0.0,0.0,0.0,3.0,6,2,5
64268,16,7,1,17,6,3,6,1,0,1,2,6,2,2,0.0,0.0,0.0,0.0,0.0,5.0,1,1,5
106872,16,2,3,17,6,3,6,1,0,1,2,6,2,2,0.0,0.0,0.0,0.0,0.0,2.0,15,5,8
165996,16,2,1,17,10,3,0,1,1,1,2,24,2,2,0.0,0.0,0.0,0.0,0.0,2.0,21,1,11
46257,15,2,3,0,6,3,0,1,1,1,2,18,2,2,0.0,0.0,0.0,0.0,0.0,2.0,8,3,4
54975,16,2,3,10,2,3,0,1,1,1,2,23,2,2,0.0,0.0,0.0,0.0,0.0,2.0,17,1,4
149613,15,7,1,9,6,3,6,5,0,1,2,36,2,1,1.0,0.0,1.0,0.0,0.0,1.0,20,7,10
92805,16,2,1,17,15,3,0,1,0,1,2,6,2,2,0.0,0.0,0.0,0.0,0.0,6.0,0,1,7
121785,16,2,3,15,3,3,0,1,1,1,1,23,2,2,0.0,0.0,0.0,0.0,0.0,2.0,18,3,9
30016,4,2,3,15,6,3,0,1,1,1,2,36,3,2,0.0,0.0,0.0,0.0,0.0,2.0,7,2,3
117717,16,2,3,14,8,3,5,5,0,1,2,6,5,4,7.0,0.0,0.0,0.0,7.0,1.0,13,7,8
28567,16,3,3,17,18,3,0,1,1,1,2,24,2,2,0.0,0.0,0.0,0.0,0.0,2.0,9,3,3
182768,16,2,0,10,6,3,5,5,1,1,0,19,2,2,0.0,0.0,0.0,0.0,0.0,2.0,21,7,12
136226,16,2,3,17,6,3,0,1,0,1,2,22,3,3,1.0,0.0,0.0,1.0,0.0,2.0,16,3,9
175482,16,2,1,17,10,3,0,1,1,1,1,19,2,2,0.0,0.0,0.0,0.0,0.0,2.0,19,5,12
25269,16,2,3,10,2,3,0,1,1,1,2,12,2,2,0.0,0.0,0.0,0.0,0.0,3.0,12,5,2
13219,16,10,3,10,6,3,6,1,1,1,0,17,2,2,0.0,0.0,0.0,0.0,0.0,2.0,16,6,1
133082,16,2,1,17,8,3,0,1,0,1,2,23,2,4,3.0,0.0,0.0,0.0,3.0,1.0,22,7,9
141950,15,2,2,8,6,3,0,1,0,1,0,24,2,3,1.0,0.0,0.0,1.0,0.0,1.0,5,6,10
67565,16,2,3,17,2,3,0,1,1,1,2,36,2,2,0.0,0.0,0.0,0.0,0.0,2.0,19,5,5
50809,15,2,3,8,8,3,0,1,0,1,0,5,2,3,1.0,0.0,0.0,1.0,0.0,1.0,18,6,4
99901,4,2,3,10,6,3,0,1,0,1,2,36,2,4,1.0,0.0,0.0,0.0,1.0,3.0,12,4,7
153748,15,2,3,0,6,3,5,5,1,1,2,5,2,2,0.0,0.0,0.0,0.0,0.0,2.0,10,6,10
178779,15,2,3,0,6,3,0,5,0,1,2,38,2,2,0.0,0.0,0.0,0.0,0.0,2.0,12,3,12
117720,4,2,1,15,8,3,0,1,1,1,2,23,2,2,0.0,0.0,0.0,0.0,0.0,2.0,2,7,8
179010,16,7,1,10,2,4,6,1,0,1,2,36,3,2,0.0,0.0,0.0,0.0,0.0,3.0,18,5,12
185004,4,2,0,0,8,3,0,1,0,0,2,18,2,3,1.0,0.0,0.0,1.0,0.0,2.0,18,5,12
36319,15,2,3,17,2,3,0,1,0,1,2,18,2,3,2.0,0.0,0.0,2.0,0.0,0.0,10,1,3
6790,16,2,1,17,6,3,0,1,1,1,2,17,2,2,0.0,0.0,0.0,0.0,0.0,2.0,3,6,1
101279,16,2,2,10,10,3,0,1,0,1,0,19,2,4,1.0,0.0,0.0,0.0,1.0,1.0,18,5,7
2561,15,2,3,0,2,3,0,1,0,1,2,18,2,2,0.0,0.0,0.0,0.0,0.0,3.0,16,2,1
8763,15,2,1,15,8,3,0,1,1,1,2,36,3,2,0.0,0.0,0.0,0.0,0.0,3.0,17,6,1
74841,16,2,3,15,3,3,0,1,1,1,2,23,2,2,0.0,0.0,0.0,0.0,0.0,2.0,17,3,6
110323,16,2,1,0,18,3,0,1,1,1,2,36,2,2,0.0,0.0,0.0,0.0,0.0,2.0,17,2,8
66313,16,2,3,10,6,3,0,1,1,1,2,19,2,2,0.0,0.0,0.0,0.0,0.0,2.0,17,6,5
183034,4,2,3,0,8,3,4,1,1,1,1,18,2,2,0.0,0.0,0.0,0.0,0.0,2.0,15,3,12
168370,15,2,3,15,8,3,0,1,1,1,1,23,2,2,0.0,0.0,0.0,0.0,0.0,2.0,11,2,11
2951,4,2,3,14,8,3,0,1,1,1,0,17,2,2,0.0,0.0,0.0,0.0,0.0,4.0,14,7,1
54985,4,2,4,0,15,3,0,1,0,1,2,36,2,4,1.0,0.0,0.0,0.0,1.0,1.0,19,1,4
185430,4,6,1,2,8,3,1,1,0,0,2,39,1,3,1.0,0.0,0.0,1.0,0.0,0.0,4,5,12
161139,4,2,3,17,8,3,0,5,0,1,2,24,2,2,0.0,0.0,0.0,0.0,0.0,2.0,10,4,11
109914,16,2,3,10,8,3,0,1,1,1,2,19,2,2,0.0,0.0,0.0,0.0,0.0,3.0,19,1,8
40651,16,2,3,17,8,3,0,1,1,1,2,18,2,2,0.0,0.0,0.0,0.0,0.0,2.0,10,4,3
146737,4,2,3,0,6,3,0,1,0,1,2,36,2,2,0.0,0.0,0.0,0.0,0.0,2.0,10,1,10
46491,15,7,3,0,8,3,6,5,1,1,2,18,2,2,0.0,0.0,0.0,0.0,0.0,2.0,17,7,4
119676,4,2,3,14,8,3,0,1,1,1,0,19,2,2,0.0,0.0,0.0,0.0,0.0,2.0,6,2,8
153343,15,2,3,17,15,3,0,1,1,1,2,18,2,2,0.0,0.0,0.0,0.0,0.0,2.0,12,1,10
113920,16,2,3,15,6,3,0,1,1,1,2,23,2,2,0.0,0.0,0.0,0.0,0.0,2.0,17,7,8
27273,4,2,3,10,2,3,0,1,1,1,2,36,2,2,0.0,0.0,0.0,0.0,0.0,2.0,13,4,2
167523,15,7,3,17,6,3,6,1,1,1,2,36,2,2,0.0,0.0,0.0,0.0,0.0,2.0,18,5,11
53717,16,2,3,17,6,3,0,1,1,1,2,36,2,2,0.0,0.0,0.0,0.0,0.0,4.0,15,2,4
81155,16,2,3,0,2,3,0,5,1,1,1,36,2,2,0.0,0.0,0.0,0.0,0.0,3.0,10,5,6
72283,15,7,3,17,8,3,6,1,1,1,2,18,2,2,0.0,0.0,0.0,0.0,0.0,2.0,11,7,6
145434,16,2,1,15,2,3,0,1,1,1,1,36,2,2,0.0,0.0,0.0,0.0,0.0,2.0,6,4,10
154101,16,2,3,15,6,3,0,1,1,1,0,22,2,2,0.0,0.0,0.0,0.0,0.0,4.0,16,5,10
9484,15,7,1,10,6,3,6,1,0,1,2,36,2,3,1.0,0.0,0.0,1.0,0.0,1.0,22,5,1
166936,16,2,1,10,2,3,0,1,1,1,2,19,2,2,0.0,0.0,0.0,0.0,0.0,2.0,17,4,11
149190,16,2,3,17,10,3,0,1,1,1,1,23,2,2,0.0,0.0,0.0,0.0,0.0,2.0,15,7,10
159559,16,2,3,15,6,3,0,1,1,0,2,26,2,2,0.0,0.0,0.0,0.0,0.0,3.0,11,2,11
54210,4,2,3,17,2,3,0,1,1,0,0,18,2,2,0.0,0.0,0.0,0.0,0.0,2.0,8,2,4
104518,15,2,3,0,8,3,0,1,1,1,1,36,2,2,0.0,0.0,0.0,0.0,0.0,2.0,14,3,8
154273,16,2,2,5,6,3,0,1,0,1,2,17,1,2,0.0,0.0,0.0,0.0,0.0,1.0,5,7,10
54129,4,5,3,17,8,3,6,1,1,1,2,36,2,2,0.0,0.0,0.0,0.0,0.0,4.0,16,7,4
128540,4,2,1,8,8,3,0,1,1,0,0,18,3,2,0.0,0.0,0.0,0.0,0.0,5.0,20,1,9
6860,16,2,3,10,3,3,0,5,1,1,2,17,2,2,0.0,0.0,0.0,0.0,0.0,2.0,15,7,1
68102,15,2,3,17,8,3,0,1,1,1,2,18,2,2,0.0,0.0,0.0,0.0,0.0,2.0,16,4,5
121463,16,2,3,0,8,3,0,1,0,1,2,6,2,3,1.0,0.0,0.0,1.0,0.0,2.0,7,6,9
10070,16,3,3,10,8,3,6,1,1,1,2,19,2,2,0.0,0.0,0.0,0.0,0.0,2.0,14,1,1
108568,2,2,3,17,8,3,0,1,0,1,2,18,2,2,0.0,0.0,0.0,0.0,0.0,4.0,8,3,8
164017,4,5,3,17,3,3,4,1,0,1,2,18,2,3,1.0,0.0,0.0,1.0,0.0,2.0,7,3,11
140425,16,2,3,10,8,3,0,5,1,0,2,36,2,2,0.0,0.0,0.0,0.0,0.0,2.0,14,3,10
51473,15,2,3,10,10,3,0,1,1,1,2,36,2,2,0.0,0.0,0.0,0.0,0.0,2.0,17,5,4
17957,16,9,1,10,11,3,6,1,1,1,0,36,2,2,0.0,0.0,0.0,0.0,0.0,2.0,21,5,2
109247,4,2,4,10,3,3,5,5,1,1,2,36,2,2,0.0,0.0,0.0,0.0,0.0,5.0,17,5,8
12209,17,2,3,15,17,3,0,5,1,1,2,36,2,2,0.0,0.0,0.0,0.0,0.0,2.0,18,3,1
176806,4,2,3,7,3,3,0,1,1,1,0,19,2,2,0.0,0.0,0.0,0.0,0.0,1.0,13,5,12
3843,16,2,1,9,5,3,0,1,0,1,2,18,2,1,1.0,0.0,1.0,0.0,0.0,1.0,20,4,1
61312,4,2,3,17,18,3,0,1,0,1,2,18,2,2,0.0,0.0,0.0,0.0,0.0,2.0,7,3,5
136206,4,2,3,15,8,3,0,1,1,1,1,23,2,2,0.0,0.0,0.0,0.0,0.0,2.0,12,2,9
157098,15,2,3,0,15,3,0,1,0,1,2,5,3,2,0.0,0.0,0.0,0.0,0.0,3.0,16,3,11
134950,16,2,1,2,10,3,0,1,1,1,2,8,1,2,0.0,0.0,0.0,0.0,0.0,1.0,4,5,9
96885,4,2,1,17,2,3,0,1,0,1,2,36,2,3,1.0,0.0,0.0,1.0,0.0,2.0,23,1,7
43980,15,2,3,15,8,3,6,1,1,1,1,36,2,2,0.0,0.0,0.0,0.0,0.0,2.0,14,3,4
76410,16,11,3,8,2,3,5,5,1,1,1,36,2,2,0.0,0.0,0.0,0.0,0.0,2.0,17,6,6
108820,4,2,1,7,10,3,0,1,0,1,2,24,2,2,0.0,0.0,0.0,0.0,0.0,1.0,19,6,8
129113,16,2,3,17,2,3,0,1,1,1,2,24,2,2,0.0,0.0,0.0,0.0,0.0,2.0,8,2,9
76740,16,2,3,17,6,3,0,1,1,1,2,36,2,2,0.0,0.0,0.0,0.0,0.0,3.0,10,2,6
104456,15,2,3,0,6,3,0,1,1,1,0,18,2,2,0.0,0.0,0.0,0.0,0.0,2.0,16,5,8
109959,15,2,3,9,6,3,0,1,0,1,1,18,3,1,1.0,0.0,1.0,0.0,0.0,2.0,14,2,8
30232,16,2,0,10,2,3,0,1,1,1,0,19,2,2,0.0,0.0,0.0,0.0,0.0,3.0,18,5,3
149306,16,7,3,17,19,3,6,1,0,1,2,24,2,3,3.0,0.0,0.0,3.0,0.0,1.0,13,2,10
40623,4,2,3,8,2,3,0,1,0,1,0,26,2,4,1.0,0.0,0.0,0.0,1.0,1.0,17,4,3
111143,16,2,3,17,2,3,0,1,1,1,1,12,2,2,0.0,0.0,0.0,0.0,0.0,2.0,12,6,8
28212,4,2,1,7,3,3,0,1,0,0,2,9,2,2,0.0,0.0,0.0,0.0,0.0,1.0,20,5,2
16631,16,10,1,0,2,3,4,5,0,1,2,39,2,2,0.0,0.0,0.0,0.0,0.0,5.0,19,5,2
151806,16,7,3,8,6,3,6,1,1,1,1,18,2,2,0.0,0.0,0.0,0.0,0.0,2.0,14,2,10
99552,16,2,3,10,15,3,0,1,1,1,2,36,2,2,0.0,0.0,0.0,0.0,0.0,2.0,17,7,7
39936,4,2,3,0,6,3,0,1,0,1,2,22,2,2,0.0,0.0,0.0,0.0,0.0,3.0,16,6,3
176008,16,2,3,9,2,3,0,1,0,1,0,18,2,3,1.0,0.0,0.0,1.0,0.0,1.0,15,6,12
112783,4,2,0,17,6,3,0,5,1,1,1,38,2,2,0.0,0.0,0.0,0.0,0.0,2.0,22,3,8
34511,4,2,1,10,3,3,0,1,0,0,2,17,2,2,0.0,0.0,0.0,0.0,0.0,2.0,1,7,3
139098,16,7,3,17,1,3,6,1,1,1,2,36,2,2,0.0,0.0,0.0,0.0,0.0,2.0,17,1,10
170872,16,2,3,17,3,3,0,1,1,1,2,18,2,2,0.0,0.0,0.0,0.0,0.0,2.0,10,7,11
85510,16,2,3,0,3,3,0,1,1,1,2,17,2,2,0.0,0.0,0.0,0.0,0.0,3.0,6,7,6
102656,16,2,1,9,3,3,0,5,0,1,0,18,2,3,1.0,0.0,0.0,1.0,0.0,1.0,23,5,7
131633,4,7,1,15,8,3,6,1,1,1,2,26,2,2,0.0,0.0,0.0,0.0,0.0,2.0,19,3,9
150448,15,2,3,17,8,3,0,1,1,1,2,18,2,2,0.0,0.0,0.0,0.0,0.0,2.0,15,3,10
28090,16,2,0,15,3,3,0,1,1,1,1,36,2,2,0.0,0.0,0.0,0.0,0.0,4.0,16,2,2
23968,4,2,3,0,8,3,0,1,1,1,2,36,2,2,0.0,0.0,0.0,0.0,0.0,2.0,13,2,2
59322,15,2,3,0,6,3,0,1,1,1,2,5,2,2,0.0,0.0,0.0,0.0,0.0,2.0,19,7,5
181283,16,2,3,10,8,3,0,5,1,1,2,28,2,2,0.0,0.0,0.0,0.0,0.0,3.0,12,2,12
74608,15,2,3,0,10,3,0,1,0,1,2,36,2,2,0.0,0.0,0.0,0.0,0.0,2.0,14,7,6
51217,15,7,4,0,10,3,6,1,1,0,1,12,2,2,0.0,0.0,0.0,0.0,0.0,2.0,19,5,4
9548,15,2,3,7,6,3,4,1,1,1,2,38,2,2,0.0,0.0,0.0,0.0,0.0,1.0,11,6,1
25652,15,1,4,0,15,3,6,5,1,1,2,36,2,2,0.0,0.0,0.0,0.0,0.0,2.0,17,6,2
83482,15,2,3,0,15,3,0,5,0,1,2,36,2,1,1.0,0.0,1.0,0.0,0.0,1.0,17,4,6
38762,4,2,3,9,8,3,0,1,0,1,1,18,2,3,1.0,0.0,0.0,1.0,0.0,2.0,17,5,3
174559,15,3,3,17,15,3,0,1,0,1,2,36,2,2,0.0,0.0,0.0,0.0,0.0,3.0,8,7,12
172166,15,2,1,17,11,3,0,1,1,1,2,26,2,2,0.0,0.0,0.0,0.0,0.0,2.0,18,5,12
25536,15,2,1,0,2,3,0,1,0,1,2,18,2,2,0.0,0.0,0.0,0.0,0.0,2.0,18,4,2
151904,15,7,3,0,8,3,6,1,0,1,2,18,2,3,2.0,0.0,0.0,2.0,0.0,0.0,16,3,10
91746,15,2,3,0,6,3,0,1,0,1,2,18,2,3,1.0,0.0,0.0,1.0,0.0,2.0,18,6,7
75603,15,7,3,0,8,3,6,1,1,1,2,39,2,2,0.0,0.0,0.0,0.0,0.0,2.0,9,6,6
126129,16,2,3,8,8,3,5,5,0,1,1,6,2,4,1.0,0.0,0.0,0.0,1.0,1.0,18,3,9
106194,15,2,0,0,17,3,0,5,1,1,2,18,2,2,0.0,0.0,0.0,0.0,0.0,2.0,22,7,8
167770,15,2,1,0,6,3,0,5,1,1,0,36,2,2,0.0,0.0,0.0,0.0,0.0,2.0,18,6,11
140915,15,2,3,0,10,3,0,1,1,1,2,36,2,2,0.0,0.0,0.0,0.0,0.0,4.0,7,6,10
60811,15,2,1,17,6,3,0,1,1,1,2,5,2,2,0.0,0.0,0.0,0.0,0.0,3.0,19,2,5
50183,16,2,3,17,2,3,0,1,0,1,2,18,2,2,0.0,0.0,0.0,0.0,0.0,2.0,18,3,4
179948,15,2,4,0,8,3,0,1,1,1,1,36,2,2,0.0,0.0,0.0,0.0,0.0,2.0,16,5,12
128635,16,2,3,17,6,3,0,1,0,1,2,18,2,2,0.0,0.0,0.0,0.0,0.0,2.0,17,4,9
46098,16,2,3,0,8,3,0,1,1,1,2,36,2,2,0.0,0.0,0.0,0.0,0.0,7.0,14,7,4
104563,4,2,3,17,8,3,5,5,0,1,2,18,3,2,0.0,0.0,0.0,0.0,0.0,3.0,8,4,8
112056,16,2,3,17,8,3,0,1,1,1,1,24,2,2,0.0,0.0,0.0,0.0,0.0,2.0,12,5,8
51780,15,2,3,17,12,3,5,5,1,0,0,24,2,2,0.0,0.0,0.0,0.0,0.0,2.0,10,2,4
75796,16,2,4,11,2,3,0,5,1,1,0,21,2,2,0.0,0.0,0.0,0.0,0.0,2.0,20,3,6
27887,16,2,3,0,6,3,0,1,0,1,2,6,2,2,0.0,0.0,0.0,0.0,0.0,2.0,6,1,2
107797,4,2,3,17,0,3,0,1,0,1,2,18,2,2,0.0,0.0,0.0,0.0,0.0,5.0,18,4,8
152397,16,7,1,17,2,3,6,1,1,1,2,24,2,2,0.0,0.0,0.0,0.0,0.0,2.0,18,7,10
131218,16,2,3,9,8,3,0,1,1,1,2,6,2,2,0.0,0.0,0.0,0.0,0.0,2.0,11,5,9
174520,16,2,1,17,6,3,0,1,0,1,2,18,2,4,1.0,0.0,0.0,0.0,1.0,2.0,23,5,12
143346,16,2,3,10,8,3,0,5,1,1,2,36,2,2,0.0,0.0,0.0,0.0,0.0,3.0,15,1,10
136608,4,2,3,10,11,4,0,1,1,1,1,17,2,2,0.0,0.0,0.0,0.0,0.0,2.0,16,7,9
133577,16,2,3,10,10,3,0,1,1,1,2,36,2,2,0.0,0.0,0.0,0.0,0.0,2.0,13,7,9
174256,16,2,3,10,8,3,0,1,0,1,1,36,2,4,1.0,0.0,0.0,0.0,1.0,1.0,8,4,12
3142,4,2,3,15,15,3,5,5,1,1,2,36,2,2,0.0,0.0,0.0,0.0,0.0,2.0,14,5,1
187444,16,7,1,9,8,3,6,1,0,1,2,36,2,3,1.0,0.0,0.0,1.0,0.0,1.0,21,5,12
53112,16,2,3,17,8,3,0,1,1,1,0,18,2,2,0.0,0.0,0.0,0.0,0.0,2.0,18,5,4
117911,15,2,3,14,4,3,0,1,1,1,1,30,2,2,0.0,0.0,0.0,0.0,0.0,2.0,17,5,8
5178,4,2,3,0,3,3,5,5,0,1,2,36,2,4,1.0,0.0,0.0,0.0,1.0,1.0,15,3,1
185937,16,2,3,0,6,3,6,1,0,1,2,18,2,3,3.0,0.0,0.0,3.0,0.0,2.0,10,1,12
155828,16,2,3,10,8,4,0,1,1,1,2,19,2,2,0.0,0.0,0.0,0.0,0.0,2.0,7,5,11
154689,4,2,3,15,8,3,0,1,1,1,2,36,2,2,0.0,0.0,0.0,0.0,0.0,2.0,13,6,10
135814,16,2,3,0,2,3,0,1,0,1,2,6,2,3,2.0,0.0,0.0,1.0,1.0,0.0,6,6,9
9216,4,2,3,15,8,3,0,1,1,1,0,36,2,2,0.0,0.0,0.0,0.0,0.0,3.0,8,6,1
47328,16,2,3,8,8,3,0,5,0,1,0,17,2,3,1.0,0.0,0.0,1.0,0.0,1.0,17,2,4
162328,16,2,1,17,10,3,0,1,1,1,2,18,2,2,0.0,0.0,0.0,0.0,0.0,2.0,18,1,11
50845,16,2,3,10,2,3,0,2,1,1,0,19,2,2,0.0,0.0,0.0,0.0,0.0,3.0,11,6,4
42218,4,2,3,0,2,3,0,1,0,1,2,36,2,2,0.0,0.0,0.0,0.0,0.0,3.0,18,1,3
56810,16,2,5,15,3,3,0,1,0,1,2,36,2,4,1.0,0.0,0.0,0.0,1.0,1.0,19,2,5
87043,16,2,1,17,6,3,0,1,0,1,2,6,2,2,0.0,0.0,0.0,0.0,0.0,2.0,4,4,6
105520,16,11,3,17,6,3,5,5,1,1,1,36,2,2,0.0,0.0,0.0,0.0,0.0,3.0,13,7,8
35550,16,3,3,17,2,3,0,1,1,1,2,6,2,2,0.0,0.0,0.0,0.0,0.0,3.0,15,3,3
115063,16,2,1,13,8,3,0,1,1,1,0,24,2,2,0.0,0.0,0.0,0.0,0.0,2.0,21,4,8
144619,15,2,0,0,8,3,0,1,0,1,1,18,2,4,1.0,0.0,0.0,0.0,1.0,2.0,20,5,10
81046,4,2,3,17,6,3,0,1,0,1,1,36,2,3,1.0,0.0,0.0,1.0,0.0,2.0,15,3,6
143724,15,7,1,17,6,3,6,1,0,1,2,18,2,3,1.0,0.0,0.0,1.0,0.0,1.0,19,2,10
182435,4,2,3,7,8,3,0,1,1,1,2,19,2,2,0.0,0.0,0.0,0.0,0.0,1.0,12,4,12
113841,16,11,5,15,6,3,5,5,1,1,2,23,2,2,0.0,0.0,0.0,0.0,0.0,3.0,16,6,8
170846,15,2,1,17,8,3,0,1,0,1,2,36,2,2,0.0,0.0,0.0,0.0,0.0,2.0,4,7,11
188095,16,10,3,10,10,3,1,5,1,1,2,12,2,2,0.0,0.0,0.0,0.0,0.0,2.0,15,7,12
28092,16,2,4,17,2,3,0,1,1,1,0,18,2,2,0.0,0.0,0.0,0.0,0.0,2.0,18,2,2
182042,16,2,3,0,6,3,0,1,0,1,2,18,2,3,1.0,0.0,0.0,1.0,0.0,1.0,13,4,12
73275,16,2,3,17,3,3,0,5,1,1,0,12,2,2,0.0,0.0,0.0,0.0,0.0,4.0,12,7,6
30269,16,2,3,15,2,3,0,5,1,1,0,36,2,2,0.0,0.0,0.0,0.0,0.0,2.0,14,6,3
143696,16,7,3,17,8,3,6,1,0,1,2,18,2,3,2.0,0.0,0.0,2.0,0.0,1.0,14,2,10
163200,15,2,3,10,8,3,5,5,1,1,0,36,2,2,0.0,0.0,0.0,0.0,0.0,2.0,9,5,11
13997,15,2,1,17,15,3,0,1,0,1,2,18,2,2,0.0,0.0,0.0,0.0,0.0,2.0,23,6,1
15630,16,2,3,0,11,3,0,1,0,1,2,36,2,4,2.0,0.0,0.0,0.0,2.0,0.0,18,6,2
129822,4,2,3,17,8,3,5,5,1,1,0,23,2,2,0.0,0.0,0.0,0.0,0.0,5.0,8,6,9
93298,4,2,3,2,15,3,0,5,0,1,2,36,1,2,0.0,0.0,0.0,0.0,0.0,2.0,18,2,7
68717,16,2,1,10,8,3,0,1,1,1,1,37,2,2,0.0,0.0,0.0,0.0,0.0,2.0,21,7,5
46381,16,2,3,17,8,3,0,1,1,1,2,36,2,2,0.0,0.0,0.0,0.0,0.0,2.0,14,4,4
119207,15,2,3,17,15,3,0,1,0,1,1,18,3,3,1.0,0.0,0.0,1.0,0.0,2.0,15,2,8
111535,15,2,1,0,10,3,0,1,1,1,2,5,2,2,0.0,0.0,0.0,0.0,0.0,3.0,20,4,8
153646,16,7,1,10,6,3,6,5,1,1,1,36,2,2,0.0,0.0,0.0,0.0,0.0,2.0,18,5,10
86128,16,2,3,10,6,3,0,1,1,1,2,36,2,2,0.0,0.0,0.0,0.0,0.0,2.0,19,3,6
59517,16,2,3,15,8,3,0,1,1,1,0,22,3,2,0.0,0.0,0.0,0.0,0.0,5.0,7,2,5
145851,16,2,3,0,2,3,0,1,0,1,2,18,2,2,0.0,0.0,0.0,0.0,0.0,3.0,14,2,10
123429,16,2,3,7,8,3,0,1,0,1,2,4,2,2,0.0,0.0,0.0,0.0,0.0,1.0,14,6,9
93887,15,2,3,10,6,3,0,1,0,1,2,26,2,4,2.0,0.0,0.0,0.0,2.0,1.0,13,6,7
6567,16,10,1,15,2,3,4,1,1,1,1,6,3,2,0.0,0.0,0.0,0.0,0.0,3.0,20,1,1
46257,16,2,1,15,8,3,0,1,1,1,2,23,2,2,0.0,0.0,0.0,0.0,0.0,2.0,8,3,4
110648,16,2,3,9,8,3,0,1,0,1,0,6,3,3,2.0,0.0,0.0,2.0,0.0,1.0,18,6,8
165875,16,2,1,15,2,3,0,1,1,1,2,23,2,2,0.0,0.0,0.0,0.0,0.0,2.0,19,2,11
154682,15,11,3,17,8,3,5,5,1,1,0,36,2,2,0.0,0.0,0.0,0.0,0.0,2.0,11,4,10
28996,15,2,1,17,8,3,0,1,1,1,2,18,2,2,0.0,0.0,0.0,0.0,0.0,2.0,17,4,3
104698,16,2,4,17,2,3,0,1,1,1,1,36,2,2,0.0,0.0,0.0,0.0,0.0,2.0,19,6,8
135988,16,7,3,17,8,3,6,1,1,1,2,36,2,2,0.0,0.0,0.0,0.0,0.0,2.0,15,6,9
51844,15,2,3,0,6,3,0,1,0,1,2,36,2,2,0.0,0.0,0.0,0.0,0.0,2.0,17,5,4
46775,16,7,1,15,8,3,6,5,1,1,2,23,2,2,0.0,0.0,0.0,0.0,0.0,3.0,23,4,4
61238,4,2,1,0,8,3,0,1,1,1,2,18,2,2,0.0,0.0,0.0,0.0,0.0,2.0,0,7,5