crash_date,               traffic_control_device,weather_condition,lighting_condition,first_crash_type,trafficway_type,alignment,roadway_surface_cond,road_defect,crash_type,intersection_related_i,damage,prim_contributory_cause,num_units,most_severe_injury,injuries_total,injuries_fatal,injuries_incapacitating,injuries_non_incapacitating,injuries_reported_not_evident,injuries_no_indication,crash_hour,crash_day_of_week,crash_month
128352,16,2,3,10,8,3,0,1,1,1,2,36,2,2,0.0,0.0,0.0,0.0,0.0,2.0,13,6,9
10626,15,7,4,17,8,3,6,1,0,1,2,18,2,3,1.0,0.0,0.0,1.0,0.0,3.0,16,3,1
172607,4,7,4,0,15,3,6,1,1,1,1,36,2,2,0.0,0.0,0.0,0.0,0.0,2.0,17,6,12
12994,16,10,1,10,8,3,4,1,0,1,2,17,2,2,0.0,0.0,0.0,0.0,0.0,3.0,2,1,1
86478,16,7,3,0,6,3,0,1,0,1,2,6,3,3,2.0,0.0,0.0,2.0,0.0,1.0,14,2,6
88203,16,2,1,10,18,3,0,5,1,0,2,36,2,2,0.0,0.0,0.0,0.0,0.0,2.0,22,7,7
129583,16,2,1,5,8,3,2,2,0,1,2,9,1,1,4.0,0.0,2.0,2.0,0.0,1.0,2,2,9
142268,15,2,1,10,8,3,0,1,0,1,2,30,3,2,0.0,0.0,0.0,0.0,0.0,2.0,22,2,10
48386,16,2,3,10,6,3,0,1,1,1,2,22,2,2,0.0,0.0,0.0,0.0,0.0,2.0,13,6,4
84855,16,2,3,17,8,3,0,1,0,1,2,18,2,2,0.0,0.0,0.0,0.0,0.0,2.0,12,3,6
101298,16,2,3,10,2,3,0,5,1,1,2,19,2,2,0.0,0.0,0.0,0.0,0.0,5.0,10,5,7
72833,15,2,3,0,2,3,0,1,1,1,2,5,2,2,0.0,0.0,0.0,0.0,0.0,3.0,18,6,6
47550,16,2,3,17,6,3,5,5,1,1,1,36,2,2,0.0,0.0,0.0,0.0,0.0,2.0,18,6,4
37007,16,2,3,17,11,3,6,1,1,1,1,12,2,2,0.0,0.0,0.0,0.0,0.0,4.0,9,7,3
71753,17,11,3,15,8,3,5,5,1,1,2,36,2,2,0.0,0.0,0.0,0.0,0.0,4.0,17,4,6
28530,16,2,3,17,8,3,0,1,0,1,2,12,2,2,0.0,0.0,0.0,0.0,0.0,2.0,12,2,3
126317,15,2,3,13,6,3,0,1,1,1,2,18,2,2,0.0,0.0,0.0,0.0,0.0,2.0,15,7,9
118269,16,2,3,9,2,3,0,5,0,1,0,14,2,3,1.0,0.0,0.0,1.0,0.0,1.0,13,2,8
68661,16,7,1,0,8,3,6,1,1,1,2,6,2,2,0.0,0.0,0.0,0.0,0.0,3.0,20,6,5
138552,16,2,3,10,8,3,0,1,0,1,2,36,2,4,1.0,0.0,0.0,0.0,1.0,3.0,16,1,10
57557,15,2,3,0,2,3,0,1,1,1,2,18,2,2,0.0,0.0,0.0,0.0,0.0,2.0,10,6,5
144708,16,2,3,10,2,3,0,1,1,1,2,36,2,2,0.0,0.0,0.0,0.0,0.0,2.0,11,6,10
156732,16,2,3,10,6,3,0,1,1,1,2,19,2,2,0.0,0.0,0.0,0.0,0.0,2.0,9,4,11
160172,16,2,3,9,6,3,0,1,0,1,1,26,2,3,1.0,0.0,0.0,1.0,0.0,1.0,12,4,11
20335,15,2,3,10,8,3,0,1,0,1,1,19,2,3,1.0,0.0,0.0,1.0,0.0,2.0,12,4,2
117566,16,2,3,17,8,3,0,1,1,1,2,36,2,2,0.0,0.0,0.0,0.0,0.0,2.0,8,6,8
152687,4,2,1,17,15,3,0,1,1,1,1,22,2,2,0.0,0.0,0.0,0.0,0.0,2.0,22,5,10
5641,4,2,3,10,8,3,4,1,1,1,2,36,2,2,0.0,0.0,0.0,0.0,0.0,2.0,12,7,1
157996,16,7,3,15,6,3,6,5,1,1,2,18,2,2,0.0,0.0,0.0,0.0,0.0,2.0,10,2,11
5451,15,9,1,2,2,3,1,1,0,1,2,36,1,4,1.0,0.0,0.0,0.0,1.0,0.0,5,5,1
42667,16,7,3,17,8,3,6,1,0,1,2,39,2,3,1.0,0.0,0.0,1.0,0.0,2.0,16,2,4
172617,16,7,0,9,2,3,6,1,0,1,2,36,2,3,1.0,0.0,0.0,1.0,0.0,1.0,18,6,12
137857,16,2,3,0,6,3,0,1,1,1,0,6,2,2,0.0,0.0,0.0,0.0,0.0,3.0,11,5,10
160907,16,10,3,15,2,3,6,2,0,1,2,22,2,2,0.0,0.0,0.0,0.0,0.0,4.0,10,6,11
131905,15,2,1,9,8,3,0,1,0,1,0,5,2,3,1.0,0.0,0.0,1.0,0.0,1.0,20,5,9
122156,15,2,3,0,6,3,0,1,1,1,1,18,2,2,0.0,0.0,0.0,0.0,0.0,2.0,7,3,9
26838,15,2,3,10,11,3,0,1,1,1,0,26,2,2,0.0,0.0,0.0,0.0,0.0,3.0,12,3,2
60393,16,2,3,15,8,3,0,1,1,1,1,18,2,2,0.0,0.0,0.0,0.0,0.0,3.0,15,3,5
116555,4,2,3,17,8,3,0,1,1,1,1,36,2,2,0.0,0.0,0.0,0.0,0.0,3.0,17,5,8
58172,4,2,3,17,8,3,0,5,0,1,2,24,2,2,0.0,0.0,0.0,0.0,0.0,4.0,13,4,5
184294,16,2,0,17,8,3,0,1,0,1,2,18,2,3,1.0,0.0,0.0,1.0,0.0,1.0,18,7,12
106849,16,2,3,10,8,3,0,1,1,1,0,19,2,2,0.0,0.0,0.0,0.0,0.0,2.0,9,3,8
18375,16,2,3,17,11,3,0,1,1,1,0,17,2,2,0.0,0.0,0.0,0.0,0.0,2.0,14,6,2
145951,16,11,3,17,6,3,5,1,1,1,2,6,2,2,0.0,0.0,0.0,0.0,0.0,2.0,8,3,10
112946,16,2,1,0,2,3,0,1,1,1,2,6,5,2,0.0,0.0,0.0,0.0,0.0,10.0,2,7,8
110685,16,2,3,2,3,3,0,5,1,1,2,36,1,2,0.0,0.0,0.0,0.0,0.0,1.0,14,7,8
40698,4,2,3,0,2,3,0,1,0,1,2,18,2,3,1.0,0.0,0.0,1.0,0.0,3.0,7,5,3
20128,16,2,3,17,8,3,0,1,1,1,2,18,2,2,0.0,0.0,0.0,0.0,0.0,2.0,10,1,2
125839,4,2,3,0,2,3,0,5,1,1,2,36,2,2,0.0,0.0,0.0,0.0,0.0,2.0,16,7,9
84911,15,2,3,0,6,3,0,1,0,1,2,5,2,4,1.0,0.0,0.0,0.0,1.0,2.0,10,5,6
20100,4,2,3,17,2,3,0,1,1,1,2,23,2,2,0.0,0.0,0.0,0.0,0.0,2.0,14,6,2
138729,15,2,3,10,8,3,0,1,1,1,2,18,3,2,0.0,0.0,0.0,0.0,0.0,3.0,12,4,10
66451,15,2,2,0,15,3,0,5,0,1,2,5,2,2,0.0,0.0,0.0,0.0,0.0,6.0,21,1,5
34920,4,2,1,17,3,3,0,5,0,1,2,18,2,3,3.0,0.0,0.0,3.0,0.0,0.0,23,5,3
64953,15,2,3,9,8,3,0,1,1,1,0,21,2,2,0.0,0.0,0.0,0.0,0.0,2.0,18,5,5
7735,16,2,3,15,2,3,0,1,1,1,0,36,2,2,0.0,0.0,0.0,0.0,0.0,3.0,12,4,1
51748,15,2,3,17,6,3,0,1,0,1,2,18,2,4,1.0,0.0,0.0,0.0,1.0,1.0,17,2,4
79074,16,2,3,10,8,3,0,1,1,0,1,19,2,2,0.0,0.0,0.0,0.0,0.0,2.0,11,2,6
13730,16,2,1,0,8,3,6,1,0,1,2,36,2,3,3.0,0.0,0.0,3.0,0.0,3.0,3,1,1
160205,4,2,3,0,0,3,0,5,1,1,2,18,2,2,0.0,0.0,0.0,0.0,0.0,2.0,5,6,11
137381,16,2,1,0,6,3,0,1,1,1,1,17,2,2,0.0,0.0,0.0,0.0,0.0,2.0,5,6,9
71810,16,2,1,10,10,3,0,1,0,1,2,17,2,2,0.0,0.0,0.0,0.0,0.0,3.0,1,6,6
92631,16,2,4,0,8,3,0,1,0,1,2,36,2,2,0.0,0.0,0.0,0.0,0.0,2.0,19,6,7
40671,16,3,3,10,2,3,0,1,1,1,0,18,2,2,0.0,0.0,0.0,0.0,0.0,2.0,15,5,3
128115,15,2,0,0,8,3,0,1,0,1,2,13,2,2,0.0,0.0,0.0,0.0,0.0,2.0,4,4,9
157844,4,2,3,8,2,3,0,1,0,1,0,36,2,4,1.0,0.0,0.0,0.0,1.0,1.0,11,6,11
83759,3,2,1,10,2,3,0,1,0,1,1,19,2,4,1.0,0.0,0.0,0.0,1.0,1.0,21,7,6
80290,16,2,3,17,15,3,0,1,1,1,2,24,2,2,0.0,0.0,0.0,0.0,0.0,3.0,18,6,6
38173,16,2,3,9,11,3,0,1,0,1,0,18,2,1,1.0,0.0,1.0,0.0,0.0,1.0,12,6,3
146573,16,2,3,0,6,3,0,1,0,1,2,6,2,3,1.0,0.0,0.0,1.0,0.0,1.0,14,6,10
18240,16,2,4,17,8,3,0,1,1,1,0,36,2,2,0.0,0.0,0.0,0.0,0.0,2.0,16,4,2
114812,15,2,1,15,6,3,0,1,0,1,2,21,2,2,0.0,0.0,0.0,0.0,0.0,5.0,21,6,8
79839,16,2,3,17,2,3,0,5,0,1,2,18,2,2,0.0,0.0,0.0,0.0,0.0,4.0,18,7,6
72268,16,7,1,17,18,3,6,1,1,1,2,36,2,2,0.0,0.0,0.0,0.0,0.0,2.0,21,7,6
54324,16,3,3,0,6,3,0,1,1,1,1,18,2,2,0.0,0.0,0.0,0.0,0.0,5.0,13,4,4
145439,16,2,1,17,8,3,0,1,0,1,2,36,2,3,2.0,0.0,0.0,1.0,1.0,2.0,18,4,10
22560,15,2,3,0,11,3,0,1,1,1,2,36,2,2,0.0,0.0,0.0,0.0,0.0,2.0,14,6,2
99172,16,2,3,10,2,3,0,1,1,1,1,36,3,2,0.0,0.0,0.0,0.0,0.0,3.0,16,2,7
160587,4,2,3,15,3,3,0,1,0,1,2,17,2,2,0.0,0.0,0.0,0.0,0.0,2.0,10,3,11
156764,4,2,3,17,15,3,0,1,1,1,2,18,2,2,0.0,0.0,0.0,0.0,0.0,2.0,16,5,11
87902,16,2,3,11,6,3,0,1,0,1,2,21,2,2,0.0,0.0,0.0,0.0,0.0,2.0,14,2,7
26006,15,2,3,10,6,4,0,5,1,1,1,36,2,2,0.0,0.0,0.0,0.0,0.0,2.0,8,5,2
62725,15,2,3,10,6,3,0,1,1,1,1,36,2,2,0.0,0.0,0.0,0.0,0.0,2.0,17,3,5
33778,16,2,3,10,6,3,0,1,1,0,2,12,2,2,0.0,0.0,0.0,0.0,0.0,2.0,19,3,3
166317,16,2,3,5,8,3,0,1,0,1,1,26,1,2,0.0,0.0,0.0,0.0,0.0,1.0,9,7,11
40299,6,7,3,0,13,3,6,1,1,1,1,18,2,2,0.0,0.0,0.0,0.0,0.0,5.0,16,6,3
104605,16,2,1,17,13,3,0,5,1,1,2,22,2,2,0.0,0.0,0.0,0.0,0.0,2.0,17,5,8
60482,4,7,3,10,6,3,6,1,1,1,1,19,2,2,0.0,0.0,0.0,0.0,0.0,2.0,8,5,5
153640,16,7,2,10,8,3,6,5,1,1,2,36,2,2,0.0,0.0,0.0,0.0,0.0,3.0,17,5,10
7871,16,2,1,0,8,3,5,5,0,1,2,6,2,2,0.0,0.0,0.0,0.0,0.0,4.0,2,1,1
74233,15,2,3,0,15,3,0,1,0,1,2,18,2,2,0.0,0.0,0.0,0.0,0.0,4.0,17,1,6
176072,15,2,3,10,8,3,0,5,1,1,1,36,2,2,0.0,0.0,0.0,0.0,0.0,2.0,12,6,12
10433,16,2,1,3,6,3,0,1,0,1,2,36,2,4,1.0,0.0,0.0,0.0,1.0,1.0,23,7,1
69373,15,2,1,10,2,3,0,1,1,0,2,36,2,2,0.0,0.0,0.0,0.0,0.0,2.0,23,4,5
104427,16,2,3,10,6,3,0,1,1,1,2,19,2,2,0.0,0.0,0.0,0.0,0.0,2.0,9,3,8
133109,16,2,1,0,10,3,0,1,0,1,2,6,2,3,2.0,0.0,0.0,2.0,0.0,0.0,1,1,9
99371,16,2,3,17,10,3,0,5,1,1,2,36,2,2,0.0,0.0,0.0,0.0,0.0,3.0,8,3,7
145990,16,2,1,17,8,3,0,1,1,1,2,6,2,2,0.0,0.0,0.0,0.0,0.0,2.0,4,5,10
18700,4,2,3,7,8,3,5,5,1,1,2,36,2,2,0.0,0.0,0.0,0.0,0.0,1.0,16,5,2
60945,16,2,3,10,2,3,0,1,1,1,1,19,2,2,0.0,0.0,0.0,0.0,0.0,6.0,7,4,5
153835,16,2,3,17,6,3,0,1,1,1,2,9,2,2,0.0,0.0,0.0,0.0,0.0,2.0,16,2,10
38485,16,2,3,10,2,3,0,5,1,1,2,19,2,2,0.0,0.0,0.0,0.0,0.0,2.0,14,6,3
78059,16,3,3,0,6,3,0,1,0,1,2,6,2,2,0.0,0.0,0.0,0.0,0.0,2.0,20,2,6
1472,16,2,3,10,8,3,0,1,1,1,0,8,2,2,0.0,0.0,0.0,0.0,0.0,4.0,7,2,1
4606,15,7,1,9,10,3,6,1,0,1,2,18,3,1,2.0,0.0,2.0,0.0,0.0,5.0,23,6,1
16771,16,2,1,0,6,3,0,1,0,1,2,18,2,2,0.0,0.0,0.0,0.0,0.0,5.0,23,7,2
67828,4,11,1,7,8,3,5,1,1,1,0,36,2,2,0.0,0.0,0.0,0.0,0.0,1.0,0,1,5
87409,16,2,3,10,2,3,0,1,0,1,2,19,2,2,0.0,0.0,0.0,0.0,0.0,2.0,5,1,6
160287,15,2,2,0,3,3,0,1,0,1,1,18,2,4,1.0,0.0,0.0,0.0,1.0,3.0,14,5,11
94373,16,2,1,0,15,3,0,1,0,1,1,12,2,4,1.0,0.0,0.0,0.0,1.0,2.0,22,4,7
96865,16,2,1,17,2,3,0,1,1,1,2,17,2,2,0.0,0.0,0.0,0.0,0.0,2.0,20,1,7
162509,16,2,3,10,10,3,0,1,1,1,2,17,2,2,0.0,0.0,0.0,0.0,0.0,2.0,8,2,11
59667,16,7,3,0,2,3,6,1,0,1,2,17,2,1,1.0,0.0,1.0,0.0,0.0,1.0,11,4,5
146957,4,2,3,0,2,3,0,1,0,1,2,18,2,2,0.0,0.0,0.0,0.0,0.0,4.0,7,3,10
56980,16,2,3,17,2,3,0,1,1,1,1,24,2,2,0.0,0.0,0.0,0.0,0.0,2.0,16,4,5
53146,6,7,3,0,6,3,6,1,1,1,2,36,2,2,0.0,0.0,0.0,0.0,0.0,2.0,16,7,4
111436,16,2,3,17,8,5,5,5,1,1,2,18,2,2,0.0,0.0,0.0,0.0,0.0,2.0,14,3,8
2112,15,2,0,17,8,3,6,1,0,1,2,24,2,2,0.0,0.0,0.0,0.0,0.0,3.0,0,7,1
68080,16,2,1,0,6,3,6,1,0,1,2,6,2,4,2.0,0.0,0.0,0.0,2.0,1.0,22,6,5
41202,16,2,1,10,6,3,0,1,1,1,2,36,2,2,0.0,0.0,0.0,0.0,0.0,2.0,0,2,3
45579,15,7,3,17,8,3,6,1,0,1,2,18,2,2,0.0,0.0,0.0,0.0,0.0,2.0,8,5,4
159976,15,2,1,17,15,3,0,1,0,1,2,24,2,2,0.0,0.0,0.0,0.0,0.0,3.0,22,1,11
116138,16,11,3,15,8,3,5,5,1,1,0,36,2,2,0.0,0.0,0.0,0.0,0.0,2.0,15,4,8
29342,16,2,3,17,6,3,0,5,1,1,1,24,2,2,0.0,0.0,0.0,0.0,0.0,3.0,10,3,3
158079,4,7,0,17,8,3,6,5,1,1,1,36,2,2,0.0,0.0,0.0,0.0,0.0,2.0,4,1,11
137257,15,2,3,10,8,3,5,5,1,1,1,36,2,2,0.0,0.0,0.0,0.0,0.0,2.0,6,4,9
105282,16,2,3,10,3,3,0,1,1,1,1,36,3,2,0.0,0.0,0.0,0.0,0.0,4.0,15,2,8
174976,15,2,3,17,2,3,0,1,1,1,2,18,2,2,0.0,0.0,0.0,0.0,0.0,2.0,8,4,12
145441,16,2,1,0,8,3,0,1,0,1,2,6,2,1,1.0,0.0,1.0,0.0,0.0,3.0,18,4,10
27874,16,2,1,10,6,3,6,1,0,1,2,37,2,2,0.0,0.0,0.0,0.0,0.0,4.0,1,1,2
93925,15,2,3,0,2,3,0,5,1,1,2,18,2,2,0.0,0.0,0.0,0.0,0.0,2.0,6,6,7
151677,16,2,1,10,8,3,5,5,0,1,1,36,2,4,1.0,0.0,0.0,0.0,1.0,1.0,21,5,10
164103,15,2,3,0,18,3,0,1,0,1,2,18,2,2,0.0,0.0,0.0,0.0,0.0,2.0,9,4,11
39415,3,2,3,10,3,3,0,1,0,1,2,15,2,2,0.0,0.0,0.0,0.0,0.0,3.0,16,2,3
73576,16,2,3,0,2,3,0,1,0,1,2,26,2,4,1.0,0.0,0.0,0.0,1.0,1.0,14,6,6
81005,16,2,4,17,2,3,0,5,0,1,2,26,3,2,0.0,0.0,0.0,0.0,0.0,2.0,19,2,6
117078,16,2,3,9,8,3,0,1,0,1,0,18,2,3,1.0,0.0,0.0,1.0,0.0,1.0,15,6,8
170547,15,2,3,17,6,3,0,1,0,1,2,18,2,3,1.0,0.0,0.0,1.0,0.0,1.0,13,4,11
176469,16,2,3,10,6,3,0,1,0,1,0,17,2,4,1.0,0.0,0.0,0.0,1.0,1.0,12,1,12
8712,15,2,3,0,8,3,0,1,1,1,2,5,3,2,0.0,0.0,0.0,0.0,0.0,3.0,9,5,1
2733,15,2,3,10,10,3,4,1,1,1,2,39,2,2,0.0,0.0,0.0,0.0,0.0,2.0,11,5,1
120143,16,2,1,15,8,3,0,6,0,1,2,17,3,3,4.0,0.0,0.0,4.0,0.0,1.0,0,7,8
15189,16,2,1,10,8,3,4,1,1,1,2,36,2,2,0.0,0.0,0.0,0.0,0.0,2.0,17,6,2
129242,15,2,3,0,8,3,0,1,0,1,2,18,2,3,2.0,0.0,0.0,1.0,1.0,0.0,7,5,9
160128,16,2,0,0,6,3,6,1,0,1,2,24,2,2,0.0,0.0,0.0,0.0,0.0,3.0,18,4,11
162686,4,6,3,7,8,4,1,1,1,1,2,39,2,2,0.0,0.0,0.0,0.0,0.0,2.0,12,4,11
59154,15,2,3,0,2,3,6,1,1,1,2,36,2,2,0.0,0.0,0.0,0.0,0.0,3.0,12,3,5
135660,16,2,1,13,6,3,0,5,1,1,2,18,2,2,0.0,0.0,0.0,0.0,0.0,3.0,22,2,9
13482,6,2,1,0,15,3,0,1,0,1,2,36,2,2,0.0,0.0,0.0,0.0,0.0,2.0,6,3,1
124480,16,3,3,17,1,3,0,1,1,1,1,12,2,2,0.0,0.0,0.0,0.0,0.0,3.0,16,7,9
90220,15,2,3,9,10,3,0,1,0,1,0,18,2,3,1.0,0.0,0.0,1.0,0.0,1.0,11,3,7
87840,16,2,3,10,2,3,0,1,1,1,2,9,2,2,0.0,0.0,0.0,0.0,0.0,2.0,14,1,7
44995,15,2,3,2,8,3,0,1,0,1,2,30,1,1,1.0,0.0,1.0,0.0,0.0,1.0,6,7,4
46075,4,2,1,15,6,3,0,1,1,1,2,36,2,2,0.0,0.0,0.0,0.0,0.0,2.0,23,6,4
8933,15,2,0,17,6,3,0,1,1,1,2,18,2,2,0.0,0.0,0.0,0.0,0.0,2.0,6,3,1
152610,4,2,3,0,15,2,0,1,0,1,2,36,2,2,0.0,0.0,0.0,0.0,0.0,2.0,8,4,10
76972,15,2,3,17,1,3,0,5,1,1,2,18,2,2,0.0,0.0,0.0,0.0,0.0,2.0,16,7,6
81355,16,2,3,17,8,3,0,1,1,1,2,19,3,2,0.0,0.0,0.0,0.0,0.0,3.0,4,1,6
42401,16,2,3,17,2,3,0,1,0,1,2,23,2,3,1.0,0.0,0.0,1.0,0.0,1.0,8,2,4
7040,16,2,3,17,2,3,0,1,0,1,2,36,2,2,0.0,0.0,0.0,0.0,0.0,3.0,11,3,1
60538,16,7,3,17,8,3,6,1,1,1,2,36,2,2,0.0,0.0,0.0,0.0,0.0,3.0,10,3,5
63655,16,2,3,0,11,3,0,1,0,1,2,6,2,1,3.0,0.0,1.0,0.0,2.0,1.0,6,4,5
93143,16,2,3,15,8,3,0,1,1,1,1,22,2,2,0.0,0.0,0.0,0.0,0.0,2.0,15,7,7
107078,16,2,1,17,6,3,0,1,1,1,2,19,2,2,0.0,0.0,0.0,0.0,0.0,4.0,3,1,8
77422,4,2,3,10,8,3,0,1,1,1,2,19,2,2,0.0,0.0,0.0,0.0,0.0,3.0,17,7,6
35487,15,2,3,0,8,3,0,1,0,1,2,5,2,1,1.0,0.0,1.0,0.0,0.0,1.0,16,2,3
100049,16,2,1,10,6,3,0,1,0,1,2,36,3,4,2.0,0.0,0.0,0.0,2.0,2.0,2,1,7
17626,15,2,3,0,8,3,0,1,1,1,2,36,2,2,0.0,0.0,0.0,0.0,0.0,5.0,15,1,2
21152,15,2,3,0,10,3,4,1,0,1,2,18,2,2,0.0,0.0,0.0,0.0,0.0,3.0,8,4,2
19351,16,2,3,0,8,3,0,1,0,1,2,6,2,2,0.0,0.0,0.0,0.0,0.0,3.0,7,1,2
142075,4,2,1,17,8,3,0,1,1,1,2,17,2,2,0.0,0.0,0.0,0.0,0.0,2.0,19,1,10
156826,8,2,3,0,6,3,0,1,1,1,2,18,2,2,0.0,0.0,0.0,0.0,0.0,2.0,15,7,11
46678,16,2,3,15,8,3,0,1,1,1,2,22,2,2,0.0,0.0,0.0,0.0,0.0,3.0,9,4,4
129809,17,11,5,3,17,3,5,5,1,1,2,36,2,2,0.0,0.0,0.0,0.0,0.0,2.0,18,6,9
180883,4,2,3,17,8,3,0,6,1,1,0,36,2,2,0.0,0.0,0.0,0.0,0.0,2.0,10,1,12
80273,16,2,3,15,8,3,0,1,1,1,0,12,2,2,0.0,0.0,0.0,0.0,0.0,2.0,15,6,6
157572,16,2,1,10,8,3,6,1,1,1,0,17,2,2,0.0,0.0,0.0,0.0,0.0,2.0,22,1,11
46515,16,2,5,2,6,3,0,1,0,1,2,26,1,2,0.0,0.0,0.0,0.0,0.0,1.0,22,7,4
163419,16,2,3,10,6,3,0,1,1,1,2,19,2,2,0.0,0.0,0.0,0.0,0.0,2.0,12,2,11
168171,16,2,3,17,8,3,0,1,1,1,1,22,2,2,0.0,0.0,0.0,0.0,0.0,2.0,15,5,11
161051,16,2,3,10,3,3,5,5,1,0,2,17,2,2,0.0,0.0,0.0,0.0,0.0,2.0,16,3,11
129165,16,2,3,17,6,3,0,1,1,1,2,36,2,2,0.0,0.0,0.0,0.0,0.0,2.0,6,4,9
154193,16,7,3,17,2,3,6,1,1,1,2,12,2,2,0.0,0.0,0.0,0.0,0.0,6.0,8,6,10
46592,4,2,3,17,8,3,0,1,0,1,2,24,2,2,0.0,0.0,0.0,0.0,0.0,4.0,16,2,4
21933,15,2,3,0,8,3,0,1,1,1,1,5,2,2,0.0,0.0,0.0,0.0,0.0,2.0,8,3,2
109732,17,2,3,0,6,3,5,5,1,1,2,36,2,2,0.0,0.0,0.0,0.0,0.0,2.0,14,1,8
137414,15,2,3,17,8,3,0,1,1,1,2,18,2,2,0.0,0.0,0.0,0.0,0.0,3.0,8,6,9
106160,16,2,1,10,2,3,0,1,1,1,1,6,2,2,0.0,0.0,0.0,0.0,0.0,2.0,23,6,8
155805,16,2,3,15,2,3,0,5,1,1,2,26,2,2,0.0,0.0,0.0,0.0,0.0,2.0,16,5,11
93472,15,3,2,0,11,3,0,1,1,1,2,18,2,2,0.0,0.0,0.0,0.0,0.0,3.0,8,4,7
80544,16,2,3,10,2,3,0,1,1,1,2,12,2,2,0.0,0.0,0.0,0.0,0.0,2.0,18,2,6
141779,16,2,1,17,1,3,0,5,1,1,2,6,3,2,0.0,0.0,0.0,0.0,0.0,3.0,23,2,10
96119,4,2,3,17,8,3,0,6,0,1,2,36,2,3,1.0,0.0,0.0,1.0,0.0,1.0,19,3,7
184583,16,7,1,0,6,3,6,5,0,1,2,6,4,1,3.0,0.0,1.0,1.0,1.0,2.0,16,6,12
105015,16,2,3,14,6,3,0,1,1,1,1,36,2,2,0.0,0.0,0.0,0.0,0.0,2.0,7,6,8
172212,16,2,1,17,8,3,0,1,1,1,0,24,2,2,0.0,0.0,0.0,0.0,0.0,3.0,19,6,12
47199,4,2,3,0,2,3,0,1,1,1,2,18,2,2,0.0,0.0,0.0,0.0,0.0,2.0,13,6,4
56250,15,2,3,17,8,3,0,1,1,1,2,18,2,2,0.0,0.0,0.0,0.0,0.0,2.0,15,7,5
146266,17,11,5,15,8,3,5,5,1,1,2,22,2,2,0.0,0.0,0.0,0.0,0.0,2.0,16,3,10
85716,16,2,1,17,8,3,0,1,1,1,2,22,2,2,0.0,0.0,0.0,0.0,0.0,4.0,21,4,6
65070,15,2,3,15,2,3,0,1,1,1,1,23,2,2,0.0,0.0,0.0,0.0,0.0,2.0,16,5,5
40182,16,2,3,10,10,3,0,1,1,1,2,36,3,2,0.0,0.0,0.0,0.0,0.0,3.0,16,3,3
109617,16,2,3,11,10,3,0,1,1,1,0,24,2,2,0.0,0.0,0.0,0.0,0.0,2.0,5,5,8
32513,16,2,3,15,10,3,0,1,0,1,2,22,2,2,0.0,0.0,0.0,0.0,0.0,2.0,7,7,3
72202,16,2,1,17,15,3,0,1,1,1,2,18,2,2,0.0,0.0,0.0,0.0,0.0,4.0,23,5,6
81196,16,7,2,10,2,3,6,1,0,1,2,17,2,4,1.0,0.0,0.0,0.0,1.0,1.0,5,6,6
18315,4,2,3,7,10,3,0,1,1,1,2,22,2,2,0.0,0.0,0.0,0.0,0.0,1.0,16,5,2
67052,4,2,3,7,10,3,0,1,1,0,0,24,2,2,0.0,0.0,0.0,0.0,0.0,1.0,15,2,5
68995,16,2,1,17,6,3,0,1,0,1,2,18,2,3,1.0,0.0,0.0,1.0,0.0,1.0,21,5,5
139136,16,2,3,17,6,3,0,1,0,1,2,36,3,3,2.0,0.0,0.0,2.0,0.0,3.0,13,2,10
162098,4,2,1,17,15,3,0,1,0,1,2,36,2,2,0.0,0.0,0.0,0.0,0.0,2.0,2,5,11
113887,16,2,1,17,6,3,0,5,1,1,2,26,2,2,0.0,0.0,0.0,0.0,0.0,2.0,23,6,8
109292,4,2,3,10,8,3,0,6,1,1,0,36,2,2,0.0,0.0,0.0,0.0,0.0,2.0,10,6,8
91241,4,2,3,17,8,3,0,1,1,1,2,24,2,2,0.0,0.0,0.0,0.0,0.0,2.0,17,5,7
124842,15,2,1,11,8,3,0,1,1,1,0,19,2,2,0.0,0.0,0.0,0.0,0.0,2.0,22,6,9
71987,4,2,3,15,6,3,0,1,1,1,2,23,2,2,0.0,0.0,0.0,0.0,0.0,2.0,17,2,6
5724,15,2,0,0,8,3,0,1,0,1,2,5,3,2,0.0,0.0,0.0,0.0,0.0,2.0,20,3,1
65176,15,2,1,0,8,3,0,5,1,1,2,5,2,2,0.0,0.0,0.0,0.0,0.0,2.0,23,7,5
91579,16,2,3,17,6,3,0,1,0,1,2,24,2,2,0.0,0.0,0.0,0.0,0.0,2.0,10,2,7
101869,15,2,3,0,2,3,0,1,0,1,2,26,2,2,0.0,0.0,0.0,0.0,0.0,2.0,9,6,7
121957,4,2,0,9,8,3,0,1,0,1,0,36,2,4,1.0,0.0,0.0,0.0,1.0,2.0,21,6,9
101597,16,2,1,0,6,3,0,1,0,1,2,6,2,3,2.0,0.0,0.0,2.0,0.0,0.0,22,3,7
51359,15,2,1,17,6,3,0,1,0,1,2,18,2,4,1.0,0.0,0.0,0.0,1.0,1.0,22,1,4
77308,16,2,1,10,2,3,0,1,1,1,2,19,3,2,0.0,0.0,0.0,0.0,0.0,4.0,21,5,6
135198,16,2,3,10,6,3,0,1,0,1,1,36,2,4,1.0,0.0,0.0,0.0,1.0,1.0,15,3,9
98799,16,2,3,10,2,3,0,1,1,1,1,19,2,2,0.0,0.0,0.0,0.0,0.0,2.0,17,1,7
149330,16,2,4,2,2,3,0,1,0,1,2,36,1,4,1.0,0.0,0.0,0.0,1.0,0.0,6,2,10