crash_date,               traffic_control_device,weather_condition,lighting_condition,first_crash_type,trafficway_type,alignment,roadway_surface_cond,road_defect,crash_type,intersection_related_i,damage,prim_contributory_cause,num_units,most_severe_injury,injuries_total,injuries_fatal,injuries_incapacitating,injuries_non_incapacitating,injuries_reported_not_evident,injuries_no_indication,crash_hour,crash_day_of_week,crash_month
67404,16,2,3,9,8,3,0,5,0,1,0,18,2,3,1.0,0.0,0.0,1.0,0.0,1.0,13,2,5
48867,4,2,3,0,2,3,0,5,1,1,2,36,2,2,0.0,0.0,0.0,0.0,0.0,2.0,16,7,4
174556,16,3,2,10,6,3,0,1,0,1,2,17,2,2,0.0,0.0,0.0,0.0,0.0,2.0,7,7,12
43558,16,7,3,17,15,3,6,1,0,1,2,35,2,2,0.0,0.0,0.0,0.0,0.0,2.0,17,4,4
80748,16,2,3,0,3,3,0,1,1,1,1,36,2,2,0.0,0.0,0.0,0.0,0.0,2.0,7,6,6
146091,16,2,3,17,6,3,0,1,1,1,0,18,2,2,0.0,0.0,0.0,0.0,0.0,2.0,9,6,10
138411,16,2,3,17,8,3,0,1,0,1,2,18,3,2,0.0,0.0,0.0,0.0,0.0,3.0,18,6,10
42799,15,2,1,0,11,3,0,1,0,1,2,5,4,4,6.0,0.0,0.0,0.0,6.0,0.0,21,2,4
91322,16,2,3,10,6,3,0,1,1,1,2,9,2,2,0.0,0.0,0.0,0.0,0.0,2.0,9,6,7
55254,16,2,3,15,3,3,0,1,0,1,2,18,2,2,0.0,0.0,0.0,0.0,0.0,2.0,15,5,4
36307,16,2,2,0,8,3,0,1,0,1,2,33,2,2,0.0,0.0,0.0,0.0,0.0,2.0,6,1,3
91613,16,2,3,15,8,3,0,1,1,1,1,18,2,2,0.0,0.0,0.0,0.0,0.0,2.0,15,4,7
39194,16,2,3,17,3,3,0,1,0,1,2,18,2,2,0.0,0.0,0.0,0.0,0.0,2.0,16,6,3
152073,6,2,3,10,2,3,0,1,1,1,1,36,2,2,0.0,0.0,0.0,0.0,0.0,2.0,15,6,10
73483,16,2,3,17,2,3,0,1,1,1,1,18,2,2,0.0,0.0,0.0,0.0,0.0,2.0,18,3,6
146706,4,2,1,15,15,3,0,1,1,1,2,23,2,2,0.0,0.0,0.0,0.0,0.0,2.0,3,1,10
137357,15,2,3,0,15,3,0,1,0,1,2,18,2,3,1.0,0.0,0.0,1.0,0.0,1.0,13,6,9
103969,16,2,3,3,2,3,0,1,0,1,2,11,2,2,0.0,0.0,0.0,0.0,0.0,2.0,6,3,8
84507,16,2,3,15,8,3,0,1,1,1,1,18,2,2,0.0,0.0,0.0,0.0,0.0,2.0,14,6,6
58377,16,2,3,17,2,0,0,1,1,1,2,24,2,2,0.0,0.0,0.0,0.0,0.0,4.0,10,6,5
111507,16,2,3,9,11,3,0,1,0,1,0,18,2,3,1.0,0.0,0.0,1.0,0.0,1.0,15,4,8
141274,15,2,3,17,15,3,0,1,1,1,2,18,2,2,0.0,0.0,0.0,0.0,0.0,2.0,14,4,10
133174,16,2,3,10,8,3,0,1,0,1,2,19,2,2,0.0,0.0,0.0,0.0,0.0,2.0,12,1,9
79200,16,2,0,8,8,3,0,1,0,1,1,18,2,3,1.0,0.0,0.0,1.0,0.0,1.0,19,4,6
57943,4,2,3,7,10,3,0,1,1,1,0,12,2,2,0.0,0.0,0.0,0.0,0.0,5.0,8,5,5
176282,16,2,3,17,1,3,0,1,0,1,2,18,2,2,0.0,0.0,0.0,0.0,0.0,3.0,11,4,12
141547,4,2,3,7,10,3,0,1,1,1,1,12,2,2,0.0,0.0,0.0,0.0,0.0,4.0,10,7,10
25965,16,2,3,15,2,3,0,1,1,1,2,23,2,2,0.0,0.0,0.0,0.0,0.0,2.0,13,5,2
141465,15,7,3,8,6,3,6,1,0,1,1,18,2,1,1.0,0.0,1.0,0.0,0.0,1.0,8,6,10
176085,16,2,3,0,3,3,0,1,0,1,2,6,2,2,0.0,0.0,0.0,0.0,0.0,3.0,15,7,12
23398,16,2,1,10,8,3,0,1,1,1,2,18,2,2,0.0,0.0,0.0,0.0,0.0,2.0,21,7,2
181491,16,2,3,17,8,3,0,1,1,1,2,18,2,2,0.0,0.0,0.0,0.0,0.0,3.0,8,3,12
24100,15,2,1,17,8,3,6,1,1,1,2,36,2,2,0.0,0.0,0.0,0.0,0.0,2.0,19,4,2
3926,16,2,3,15,2,3,0,1,1,1,2,22,2,2,0.0,0.0,0.0,0.0,0.0,2.0,16,3,1
69250,16,2,3,0,8,3,0,1,0,1,2,36,2,3,3.0,0.0,0.0,3.0,0.0,0.0,18,1,5
110888,16,2,3,15,8,3,0,1,1,1,1,23,2,2,0.0,0.0,0.0,0.0,0.0,2.0,13,2,8
17638,16,2,1,9,8,3,4,1,0,1,0,18,2,4,1.0,0.0,0.0,0.0,1.0,1.0,17,1,2
54096,16,10,3,15,2,3,4,1,1,1,0,18,2,2,0.0,0.0,0.0,0.0,0.0,2.0,13,7,4
90895,15,2,3,17,8,3,0,1,1,1,1,24,2,2,0.0,0.0,0.0,0.0,0.0,3.0,13,6,7
128112,4,2,3,10,8,3,0,1,1,1,2,19,2,2,0.0,0.0,0.0,0.0,0.0,3.0,15,4,9
137565,4,2,3,0,6,3,0,1,0,1,2,18,2,4,2.0,0.0,0.0,0.0,2.0,1.0,7,2,9
125881,16,2,3,0,3,3,0,5,0,1,2,36,2,2,0.0,0.0,0.0,0.0,0.0,3.0,11,7,9
88952,15,2,3,0,6,3,0,6,0,1,1,36,2,2,0.0,0.0,0.0,0.0,0.0,3.0,17,4,7
87960,16,2,3,15,10,3,0,5,1,1,1,36,2,2,0.0,0.0,0.0,0.0,0.0,2.0,9,2,7
177847,16,2,1,0,8,3,0,1,0,1,2,36,2,3,1.0,0.0,0.0,1.0,0.0,2.0,23,3,12
159776,15,2,1,17,2,3,0,1,1,1,0,18,2,2,0.0,0.0,0.0,0.0,0.0,3.0,20,4,11
152934,16,2,1,15,8,3,0,1,1,1,2,36,2,2,0.0,0.0,0.0,0.0,0.0,2.0,0,7,10
112352,15,2,3,0,6,3,0,1,0,1,1,18,2,3,1.0,0.0,0.0,1.0,0.0,1.0,19,4,8
180854,16,4,1,0,8,3,6,1,0,1,2,36,2,3,4.0,0.0,0.0,3.0,1.0,0.0,4,1,12
82329,16,2,1,9,6,3,0,5,0,1,0,17,2,1,1.0,0.0,1.0,0.0,0.0,1.0,1,1,6
143735,16,2,3,17,2,3,0,1,0,1,2,12,2,3,2.0,0.0,0.0,2.0,0.0,0.0,9,2,10
157817,18,2,1,0,3,3,5,1,0,1,2,18,2,2,0.0,0.0,0.0,0.0,0.0,3.0,18,6,11
110074,16,2,3,10,8,3,5,5,1,1,2,36,2,2,0.0,0.0,0.0,0.0,0.0,2.0,8,4,8
163230,16,2,1,10,8,3,0,1,0,1,2,17,2,2,0.0,0.0,0.0,0.0,0.0,3.0,2,7,11
96022,16,7,1,0,6,3,6,1,0,1,2,39,2,3,4.0,0.0,0.0,4.0,0.0,1.0,0,3,7
51660,4,2,3,17,2,3,0,5,1,1,2,24,2,2,0.0,0.0,0.0,0.0,0.0,3.0,17,7,4
93567,15,2,3,10,2,3,0,1,0,1,2,17,3,2,0.0,0.0,0.0,0.0,0.0,4.0,13,6,7
50821,16,2,3,17,8,3,0,1,0,1,2,18,2,4,1.0,0.0,0.0,0.0,1.0,1.0,9,6,4
98091,16,2,1,17,6,3,0,1,1,1,2,19,2,2,0.0,0.0,0.0,0.0,0.0,2.0,2,7,7
12684,16,2,1,10,8,3,0,1,0,1,2,19,2,4,1.0,0.0,0.0,0.0,1.0,1.0,19,4,1
146747,15,2,1,17,6,3,0,1,0,1,2,5,2,3,3.0,0.0,0.0,3.0,0.0,0.0,0,1,10
157525,15,7,3,0,8,3,6,1,1,1,2,5,2,2,0.0,0.0,0.0,0.0,0.0,3.0,15,1,11
83368,15,2,1,0,2,3,6,1,1,1,2,18,2,2,0.0,0.0,0.0,0.0,0.0,2.0,21,2,6
6418,16,10,3,10,8,3,4,5,0,1,2,39,2,2,0.0,0.0,0.0,0.0,0.0,3.0,10,7,1
13768,16,2,0,17,2,3,0,1,0,1,2,24,2,2,0.0,0.0,0.0,0.0,0.0,2.0,18,6,1
84161,16,2,3,0,6,3,0,1,0,1,2,6,4,4,1.0,0.0,0.0,0.0,1.0,1.0,7,1,6
142626,16,2,3,10,8,3,0,1,1,1,2,36,2,2,0.0,0.0,0.0,0.0,0.0,2.0,16,2,10
10664,15,7,1,0,8,3,6,1,1,1,2,22,2,2,0.0,0.0,0.0,0.0,0.0,2.0,21,3,1
104014,15,2,3,17,8,3,0,1,0,1,2,18,4,2,0.0,0.0,0.0,0.0,0.0,3.0,16,4,8
22694,15,7,3,0,2,3,6,1,1,1,1,18,2,2,0.0,0.0,0.0,0.0,0.0,2.0,14,2,2
20189,4,2,3,10,8,3,6,1,1,1,2,19,2,2,0.0,0.0,0.0,0.0,0.0,2.0,9,2,2
45387,16,2,1,0,8,3,0,5,0,1,2,17,2,3,3.0,0.0,0.0,3.0,0.0,2.0,20,7,4
186955,16,7,1,0,2,3,6,1,0,1,2,6,2,2,0.0,0.0,0.0,0.0,0.0,4.0,17,6,12
29916,16,2,1,10,6,3,0,1,1,1,1,36,2,2,0.0,0.0,0.0,0.0,0.0,4.0,23,6,3
56108,16,2,1,10,8,3,0,1,1,1,0,19,2,2,0.0,0.0,0.0,0.0,0.0,2.0,23,3,5
146289,4,7,2,10,6,3,6,1,0,1,2,17,2,4,2.0,0.0,0.0,0.0,2.0,0.0,6,3,10
139190,16,2,1,10,6,3,5,1,1,1,1,36,2,2,0.0,0.0,0.0,0.0,0.0,2.0,21,2,10
11602,4,7,3,0,8,3,6,1,0,0,1,18,2,2,0.0,0.0,0.0,0.0,0.0,2.0,15,6,1
80234,15,2,3,0,8,3,0,1,1,1,1,18,2,2,0.0,0.0,0.0,0.0,0.0,3.0,9,5,6
186278,16,2,3,0,8,3,0,1,1,1,2,18,2,2,0.0,0.0,0.0,0.0,0.0,3.0,13,1,12
10825,16,2,3,17,19,3,0,1,0,1,2,36,2,2,0.0,0.0,0.0,0.0,0.0,3.0,15,7,1
1666,16,2,3,10,8,3,6,1,1,1,0,19,2,2,0.0,0.0,0.0,0.0,0.0,2.0,11,7,1
7840,16,3,1,17,6,3,0,1,1,1,1,18,2,2,0.0,0.0,0.0,0.0,0.0,2.0,19,7,1
34415,16,2,5,10,2,3,5,5,0,1,2,26,2,3,2.0,0.0,0.0,2.0,0.0,2.0,20,4,3
46531,4,2,3,15,2,3,0,1,1,0,2,23,2,2,0.0,0.0,0.0,0.0,0.0,2.0,13,1,4
11851,16,7,1,0,1,3,6,5,1,1,2,36,2,2,0.0,0.0,0.0,0.0,0.0,2.0,17,4,1
62299,15,2,3,10,6,3,0,1,1,1,2,19,2,2,0.0,0.0,0.0,0.0,0.0,3.0,13,5,5
85594,16,2,3,8,6,3,0,1,0,1,2,18,2,1,1.0,0.0,1.0,0.0,0.0,2.0,19,1,6
76405,16,2,3,10,2,3,0,1,1,1,2,36,2,2,0.0,0.0,0.0,0.0,0.0,2.0,16,6,6
15117,16,2,3,10,2,3,0,1,1,1,2,19,2,2,0.0,0.0,0.0,0.0,0.0,2.0,17,5,2
162072,15,2,3,7,15,3,1,1,1,1,1,39,2,2,0.0,0.0,0.0,0.0,0.0,1.0,10,3,11
9351,16,10,1,5,6,3,6,1,0,1,2,36,2,3,1.0,0.0,0.0,1.0,0.0,1.0,18,3,1
23992,16,7,3,0,8,3,6,5,1,1,1,6,2,2,0.0,0.0,0.0,0.0,0.0,2.0,13,3,2
127028,15,2,3,8,6,3,0,5,0,1,2,36,2,3,1.0,0.0,0.0,1.0,0.0,1.0,15,3,9
122265,16,2,3,17,3,3,0,4,1,1,2,24,2,2,0.0,0.0,0.0,0.0,0.0,2.0,13,3,9
98901,16,2,1,14,6,3,0,1,0,1,1,36,2,3,1.0,0.0,0.0,1.0,0.0,3.0,1,4,7
139900,16,2,1,2,2,3,0,1,0,1,2,28,1,2,0.0,0.0,0.0,0.0,0.0,1.0,2,5,10
80866,4,2,3,17,8,3,0,1,0,1,2,18,2,4,1.0,0.0,0.0,0.0,1.0,2.0,14,2,6
178629,16,2,1,0,6,3,0,1,0,1,2,6,4,2,0.0,0.0,0.0,0.0,0.0,3.0,18,1,12
142080,16,2,1,3,6,3,0,5,0,1,2,18,2,2,0.0,0.0,0.0,0.0,0.0,5.0,21,1,10
51089,15,2,3,17,6,3,0,1,0,1,2,12,2,4,1.0,0.0,0.0,0.0,1.0,1.0,16,5,4
72916,15,2,4,8,8,3,0,1,0,1,0,18,2,3,1.0,0.0,0.0,1.0,0.0,1.0,20,1,6
97962,16,2,3,8,6,3,0,1,0,1,2,36,2,1,1.0,0.0,1.0,0.0,0.0,1.0,13,4,7
176214,15,2,3,8,8,3,0,1,0,1,2,27,2,1,1.0,0.0,1.0,0.0,0.0,1.0,11,3,12
167945,2,2,3,9,6,3,0,1,0,1,2,36,2,3,1.0,0.0,0.0,1.0,0.0,1.0,14,3,11
40095,15,2,1,0,6,3,0,1,0,1,2,5,2,2,0.0,0.0,0.0,0.0,0.0,3.0,23,1,3
6429,15,10,3,0,6,3,4,1,0,1,2,39,2,2,0.0,0.0,0.0,0.0,0.0,3.0,11,7,1
27012,16,2,1,10,2,3,0,5,1,1,2,19,2,2,0.0,0.0,0.0,0.0,0.0,2.0,5,7,2
17205,16,2,3,17,10,1,0,1,0,1,2,17,2,2,0.0,0.0,0.0,0.0,0.0,3.0,8,7,2
75914,4,2,3,17,8,3,0,1,0,1,2,36,2,3,1.0,0.0,0.0,1.0,0.0,1.0,6,5,6
122202,16,2,3,10,8,3,5,5,1,1,1,36,2,2,0.0,0.0,0.0,0.0,0.0,5.0,14,6,9
169565,16,2,1,17,1,3,0,1,0,1,2,18,2,4,2.0,0.0,0.0,0.0,2.0,0.0,17,2,11
137867,16,2,3,10,8,3,0,5,1,0,1,36,2,2,0.0,0.0,0.0,0.0,0.0,2.0,14,6,10
98058,16,2,3,8,6,3,0,1,0,1,2,18,2,4,1.0,0.0,0.0,0.0,1.0,1.0,7,5,7
162373,16,2,3,0,6,3,0,5,0,1,2,37,2,2,0.0,0.0,0.0,0.0,0.0,3.0,16,3,11
186692,16,2,3,17,18,3,5,1,1,1,2,18,2,2,0.0,0.0,0.0,0.0,0.0,6.0,13,1,12
66754,15,2,4,17,19,3,0,1,1,1,2,18,2,2,0.0,0.0,0.0,0.0,0.0,2.0,19,6,5
155705,16,2,3,10,8,3,0,1,1,1,2,19,2,2,0.0,0.0,0.0,0.0,0.0,3.0,11,3,11
39310,16,2,3,17,8,3,0,1,1,1,2,23,2,2,0.0,0.0,0.0,0.0,0.0,3.0,11,6,3
2765,16,5,1,15,6,3,6,1,1,1,2,36,2,2,0.0,0.0,0.0,0.0,0.0,2.0,6,6,1
87919,16,2,3,17,6,3,0,1,0,1,2,18,2,4,2.0,0.0,0.0,0.0,2.0,1.0,17,2,7
13386,15,2,1,0,2,3,0,1,1,1,2,18,2,2,0.0,0.0,0.0,0.0,0.0,2.0,18,1,1
52974,17,11,5,15,2,3,5,5,1,1,2,36,2,2,0.0,0.0,0.0,0.0,0.0,2.0,11,2,4
160665,15,2,5,0,15,3,0,5,0,1,2,5,2,3,3.0,0.0,0.0,2.0,1.0,0.0,14,5,11
98492,16,2,0,17,6,3,0,1,0,1,2,17,2,2,0.0,0.0,0.0,0.0,0.0,2.0,23,4,7
76641,4,3,3,17,8,3,6,1,1,1,2,36,2,2,0.0,0.0,0.0,0.0,0.0,4.0,18,1,6
151497,15,2,3,9,6,3,0,1,1,1,0,36,2,2,0.0,0.0,0.0,0.0,0.0,2.0,8,5,10
173867,16,2,0,17,10,3,0,1,1,1,2,24,2,2,0.0,0.0,0.0,0.0,0.0,2.0,19,3,12
172007,16,2,1,2,8,3,0,1,0,1,2,36,1,3,1.0,0.0,0.0,1.0,0.0,0.0,1,5,11
108382,4,2,1,0,8,3,0,1,0,1,2,18,2,3,1.0,0.0,0.0,1.0,0.0,2.0,21,6,8
95495,16,2,4,15,8,3,0,1,1,1,0,22,2,2,0.0,0.0,0.0,0.0,0.0,2.0,21,2,7
128874,16,2,3,17,6,3,0,5,1,1,2,24,2,2,0.0,0.0,0.0,0.0,0.0,2.0,9,1,9
41737,16,2,1,15,3,3,0,1,1,1,2,22,2,2,0.0,0.0,0.0,0.0,0.0,3.0,21,5,3
159046,15,2,3,0,8,3,0,1,1,1,1,36,2,2,0.0,0.0,0.0,0.0,0.0,3.0,17,2,11
157101,16,2,1,15,3,3,0,1,1,0,2,12,2,2,0.0,0.0,0.0,0.0,0.0,2.0,17,3,11
24329,17,11,5,0,6,3,5,5,1,1,2,36,2,2,0.0,0.0,0.0,0.0,0.0,2.0,3,2,2
104436,4,2,1,14,8,3,0,1,0,0,2,24,4,1,1.0,0.0,1.0,0.0,0.0,1.0,23,3,8
118169,16,2,3,0,6,3,0,1,0,1,2,6,2,3,1.0,0.0,0.0,1.0,0.0,1.0,13,3,8
49918,15,9,1,0,2,3,6,1,1,1,0,18,2,2,0.0,0.0,0.0,0.0,0.0,3.0,21,4,4
52633,16,2,3,17,6,3,0,1,1,1,1,36,2,2,0.0,0.0,0.0,0.0,0.0,2.0,14,4,4
8970,16,2,3,10,2,3,5,5,0,1,2,17,2,2,0.0,0.0,0.0,0.0,0.0,3.0,10,3,1
108016,16,2,1,10,8,3,6,1,0,1,2,19,2,4,1.0,0.0,0.0,0.0,1.0,3.0,21,1,8
165269,16,2,2,10,8,3,0,1,0,0,2,36,2,3,1.0,0.0,0.0,1.0,0.0,1.0,6,1,11
142293,15,2,3,10,8,3,0,1,0,1,2,18,2,2,0.0,0.0,0.0,0.0,0.0,3.0,13,3,10
45357,15,10,3,17,2,3,6,1,1,1,1,24,2,2,0.0,0.0,0.0,0.0,0.0,2.0,16,6,4
60947,16,2,1,10,8,3,0,1,1,1,2,36,2,2,0.0,0.0,0.0,0.0,0.0,2.0,19,4,5
6538,4,2,3,9,8,3,0,1,0,1,1,18,2,4,1.0,0.0,0.0,0.0,1.0,1.0,13,1,1
1279,16,2,1,17,6,3,0,1,1,1,2,24,2,2,0.0,0.0,0.0,0.0,0.0,2.0,17,2,1
78337,16,2,3,15,10,3,0,1,1,1,1,22,2,2,0.0,0.0,0.0,0.0,0.0,5.0,19,5,6
60875,16,2,3,10,8,3,0,1,1,1,2,19,2,2,0.0,0.0,0.0,0.0,0.0,2.0,19,3,5
151156,15,2,1,0,6,3,0,1,0,1,1,18,2,2,0.0,0.0,0.0,0.0,0.0,2.0,22,5,10
134100,16,7,1,9,8,3,6,1,0,1,2,18,2,3,1.0,0.0,0.0,1.0,0.0,1.0,18,3,9
111704,16,2,1,0,6,3,0,1,0,1,2,6,2,2,0.0,0.0,0.0,0.0,0.0,4.0,3,1,8
71488,16,3,3,17,8,3,0,1,1,1,2,24,2,2,0.0,0.0,0.0,0.0,0.0,2.0,16,2,5
25278,16,3,1,0,11,3,0,2,0,1,2,6,2,2,0.0,0.0,0.0,0.0,0.0,2.0,14,6,2
47752,15,2,3,10,8,3,0,1,0,1,0,19,2,3,1.0,0.0,0.0,1.0,0.0,2.0,12,7,4
61410,16,2,3,10,6,3,0,1,0,1,1,12,2,1,1.0,0.0,1.0,0.0,0.0,1.0,15,5,5
131713,4,2,1,0,15,3,0,1,1,1,2,18,2,2,0.0,0.0,0.0,0.0,0.0,4.0,21,4,9
27384,16,11,3,0,6,3,5,5,1,1,2,36,2,2,0.0,0.0,0.0,0.0,0.0,5.0,13,7,2
109529,18,2,3,2,10,3,0,1,1,1,0,21,1,2,0.0,0.0,0.0,0.0,0.0,1.0,12,3,8
170714,16,10,1,10,2,3,4,1,1,1,2,36,2,2,0.0,0.0,0.0,0.0,0.0,4.0,14,4,11
93543,16,2,3,17,8,3,0,1,1,1,2,36,2,2,0.0,0.0,0.0,0.0,0.0,4.0,10,5,7
74541,16,2,3,10,8,3,5,5,1,1,2,36,2,2,0.0,0.0,0.0,0.0,0.0,3.0,16,5,6
126850,16,7,3,0,6,4,6,1,1,1,2,6,3,2,0.0,0.0,0.0,0.0,0.0,3.0,9,7,9
168393,16,2,1,10,2,3,0,5,0,1,2,36,2,4,1.0,0.0,0.0,0.0,1.0,1.0,16,3,11
101593,16,2,1,0,8,3,0,1,0,1,2,18,2,3,2.0,0.0,0.0,2.0,0.0,5.0,21,3,7
75652,4,2,3,9,6,3,0,1,0,1,0,36,2,3,1.0,0.0,0.0,1.0,0.0,1.0,18,7,6
51935,15,11,5,0,6,3,5,5,1,1,2,18,2,2,0.0,0.0,0.0,0.0,0.0,3.0,22,6,4
108174,4,2,3,9,2,3,0,1,0,1,0,18,2,3,1.0,0.0,0.0,1.0,0.0,1.0,7,5,8
160943,16,2,1,0,8,3,0,1,1,1,2,8,2,2,0.0,0.0,0.0,0.0,0.0,3.0,2,7,11
157785,16,7,3,2,3,3,6,1,1,1,2,39,1,2,0.0,0.0,0.0,0.0,0.0,1.0,13,6,11
113942,4,2,3,2,6,3,0,1,1,1,2,36,1,2,0.0,0.0,0.0,0.0,0.0,3.0,9,7,8
27102,4,2,3,17,6,3,0,5,1,1,2,19,3,2,0.0,0.0,0.0,0.0,0.0,2.0,7,1,2
117145,15,2,3,17,15,3,0,1,0,1,2,18,2,2,0.0,0.0,0.0,0.0,0.0,4.0,14,1,8
61511,4,2,3,0,8,3,0,1,1,1,2,23,2,2,0.0,0.0,0.0,0.0,0.0,3.0,17,7,5
131911,15,2,3,7,8,3,0,1,0,1,2,36,2,3,1.0,0.0,0.0,1.0,0.0,0.0,8,5,9
38344,4,2,3,17,8,3,0,1,0,1,2,18,2,2,0.0,0.0,0.0,0.0,0.0,3.0,8,4,3
180997,15,2,3,17,15,3,0,1,1,1,1,36,2,2,0.0,0.0,0.0,0.0,0.0,2.0,10,4,12
32512,15,2,1,0,10,3,0,1,1,1,2,18,2,2,0.0,0.0,0.0,0.0,0.0,2.0,19,7,3
56349,15,3,3,0,2,3,0,5,1,1,2,36,2,2,0.0,0.0,0.0,0.0,0.0,5.0,12,1,5
18676,16,2,3,8,2,3,0,4,0,0,0,26,2,1,1.0,0.0,1.0,0.0,0.0,2.0,11,4,2
3550,15,2,3,17,6,3,0,1,0,1,2,24,2,4,3.0,0.0,0.0,0.0,3.0,1.0,15,4,1
16224,15,10,1,17,8,3,4,5,1,0,2,24,2,2,0.0,0.0,0.0,0.0,0.0,3.0,23,4,2
92307,16,2,3,0,18,3,0,1,0,1,2,18,3,3,1.0,0.0,0.0,1.0,0.0,1.0,16,1,7
70257,16,2,3,2,2,3,0,1,0,1,2,36,2,3,1.0,0.0,0.0,1.0,0.0,0.0,12,3,5
65359,16,2,3,10,6,3,0,1,1,1,1,19,2,2,0.0,0.0,0.0,0.0,0.0,2.0,13,5,5
36716,16,2,1,0,2,3,0,1,1,1,2,6,2,2,0.0,0.0,0.0,0.0,0.0,2.0,4,1,3
13936,16,2,3,15,8,3,0,1,1,0,2,22,2,2,0.0,0.0,0.0,0.0,0.0,2.0,9,4,1
107365,16,2,3,0,10,3,0,1,1,1,1,36,2,2,0.0,0.0,0.0,0.0,0.0,2.0,8,4,8
116920,15,2,3,0,8,3,0,1,0,1,2,36,2,3,1.0,0.0,0.0,1.0,0.0,2.0,13,4,8
177227,16,2,3,17,3,3,0,1,1,1,0,23,2,2,0.0,0.0,0.0,0.0,0.0,2.0,15,2,12
175836,16,2,1,15,6,3,0,1,1,1,2,18,2,2,0.0,0.0,0.0,0.0,0.0,2.0,18,5,12
20187,16,2,1,2,8,3,6,1,1,1,0,36,1,2,0.0,0.0,0.0,0.0,0.0,1.0,20,2,2
94598,16,7,3,17,8,3,6,1,1,1,2,36,2,2,0.0,0.0,0.0,0.0,0.0,2.0,7,7,7
33047,16,2,3,15,8,3,0,1,1,1,1,18,2,2,0.0,0.0,0.0,0.0,0.0,4.0,13,4,3
35591,16,2,3,17,8,3,0,1,1,1,2,36,2,2,0.0,0.0,0.0,0.0,0.0,2.0,11,3,3
146503,17,11,5,15,11,3,5,5,1,1,2,36,2,2,0.0,0.0,0.0,0.0,0.0,2.0,9,3,10
24602,4,2,3,10,15,3,0,1,0,1,2,19,2,4,1.0,0.0,0.0,0.0,1.0,3.0,9,6,2
85103,15,2,4,0,6,3,0,1,0,1,2,26,2,2,0.0,0.0,0.0,0.0,0.0,2.0,19,1,6
139982,15,7,2,9,8,3,6,1,0,1,1,12,2,4,1.0,0.0,0.0,0.0,1.0,1.0,6,6,10
119919,16,2,3,0,6,3,0,5,0,1,2,36,2,3,2.0,0.0,0.0,2.0,0.0,6.0,8,6,8
6343,15,3,2,0,8,3,0,1,1,1,2,36,2,2,0.0,0.0,0.0,0.0,0.0,2.0,7,6,1
34738,16,3,3,15,6,3,6,1,1,1,2,18,2,2,0.0,0.0,0.0,0.0,0.0,2.0,16,5,3
15687,16,2,1,9,8,3,4,1,0,1,1,3,2,3,1.0,0.0,0.0,1.0,0.0,2.0,17,7,2
6645,16,2,3,10,8,3,0,1,1,1,2,19,2,2,0.0,0.0,0.0,0.0,0.0,2.0,13,3,1
144786,16,2,3,10,8,3,0,1,1,1,2,19,2,2,0.0,0.0,0.0,0.0,0.0,2.0,15,1,10
47161,15,2,3,8,8,3,0,1,0,1,0,17,2,3,1.0,0.0,0.0,1.0,0.0,2.0,18,5,4
34002,16,2,3,17,15,3,0,1,1,1,2,19,2,2,0.0,0.0,0.0,0.0,0.0,2.0,14,6,3
51826,4,2,3,17,8,3,0,1,0,1,2,24,2,4,1.0,0.0,0.0,0.0,1.0,1.0,13,5,4
98159,16,2,3,17,6,3,0,1,0,1,2,18,2,4,1.0,0.0,0.0,0.0,1.0,4.0,12,7,7
24462,16,2,1,17,8,3,0,1,1,1,2,36,2,2,0.0,0.0,0.0,0.0,0.0,2.0,18,4,2
33760,4,2,3,15,8,3,0,1,1,1,2,23,2,2,0.0,0.0,0.0,0.0,0.0,2.0,16,3,3
73120,16,2,1,17,2,3,0,5,0,1,2,24,2,2,0.0,0.0,0.0,0.0,0.0,2.0,22,5,6
24830,16,2,3,17,2,3,0,1,1,1,1,18,2,2,0.0,0.0,0.0,0.0,0.0,3.0,17,4,2
184763,16,2,0,0,8,4,0,1,0,1,2,17,2,1,3.0,0.0,1.0,2.0,0.0,0.0,5,7,12
155986,15,2,1,10,2,3,0,1,1,1,2,19,2,2,0.0,0.0,0.0,0.0,0.0,2.0,21,1,11
2518,15,2,3,15,8,3,0,1,1,1,2,18,2,2,0.0,0.0,0.0,0.0,0.0,6.0,15,1,1
16942,16,2,3,10,8,3,0,1,1,1,1,36,2,2,0.0,0.0,0.0,0.0,0.0,4.0,12,2,2
92955,16,2,3,15,10,3,0,5,1,1,1,23,2,2,0.0,0.0,0.0,0.0,0.0,2.0,17,2,7
60909,16,2,1,2,2,3,0,5,0,0,2,36,2,2,0.0,0.0,0.0,0.0,0.0,1.0,1,4,5
145246,16,7,1,10,2,4,6,5,1,1,2,19,3,2,0.0,0.0,0.0,0.0,0.0,4.0,19,7,10
104139,16,2,3,15,8,3,0,1,1,1,0,36,2,2,0.0,0.0,0.0,0.0,0.0,2.0,12,5,8
15646,16,2,1,0,8,3,5,5,1,1,1,6,2,2,0.0,0.0,0.0,0.0,0.0,2.0,20,6,2
58218,16,11,1,10,3,3,5,5,1,1,2,36,2,2,0.0,0.0,0.0,0.0,0.0,3.0,21,4,5
34402,15,2,3,9,2,3,0,1,0,1,0,18,2,4,1.0,0.0,0.0,0.0,1.0,1.0,18,4,3
182860,16,2,3,17,2,3,5,5,1,1,2,18,2,2,0.0,0.0,0.0,0.0,0.0,3.0,7,2,12
150902,4,2,1,17,6,3,0,5,0,1,2,17,3,2,0.0,0.0,0.0,0.0,0.0,3.0,20,4,10