crash_date,               traffic_control_device,weather_condition,lighting_condition,first_crash_type,trafficway_type,alignment,roadway_surface_cond,road_defect,crash_type,intersection_related_i,damage,prim_contributory_cause,num_units,most_severe_injury,injuries_total,injuries_fatal,injuries_incapacitating,injuries_non_incapacitating,injuries_reported_not_evident,injuries_no_indication,crash_hour,crash_day_of_week,crash_month
101136,16,2,3,10,10,3,0,1,1,1,2,36,2,2,0.0,0.0,0.0,0.0,0.0,2.0,18,4,7
173698,15,2,3,0,2,3,0,1,0,1,2,18,2,3,3.0,0.0,0.0,3.0,0.0,0.0,8,3,12
149114,16,2,0,17,10,3,0,5,1,0,2,36,2,2,0.0,0.0,0.0,0.0,0.0,2.0,20,1,10
91122,16,2,3,7,8,3,0,1,1,1,1,28,2,2,0.0,0.0,0.0,0.0,0.0,2.0,8,3,7
64010,15,7,3,10,6,3,6,1,1,1,2,39,2,2,0.0,0.0,0.0,0.0,0.0,2.0,14,5,5
56519,16,2,3,17,8,3,0,1,1,1,1,36,2,2,0.0,0.0,0.0,0.0,0.0,2.0,8,3,5
34872,4,2,3,15,2,3,0,1,1,1,2,23,2,2,0.0,0.0,0.0,0.0,0.0,2.0,16,5,3
56115,16,6,3,10,3,3,6,1,0,1,2,19,2,3,1.0,0.0,0.0,1.0,0.0,1.0,13,4,5
71236,15,2,3,0,2,3,0,1,1,1,2,18,2,2,0.0,0.0,0.0,0.0,0.0,2.0,15,5,5
121213,16,2,4,10,2,3,5,5,1,0,2,36,2,2,0.0,0.0,0.0,0.0,0.0,2.0,18,1,9
75630,16,2,1,0,2,3,0,1,0,1,2,6,3,3,1.0,0.0,0.0,1.0,0.0,2.0,2,7,6
179876,16,7,1,9,8,3,6,5,0,1,0,18,3,3,2.0,0.0,0.0,2.0,0.0,1.0,17,4,12
96686,16,2,3,17,8,3,0,1,0,1,1,36,2,3,1.0,0.0,0.0,1.0,0.0,1.0,13,5,7
51949,16,9,3,17,6,3,6,1,1,1,1,22,2,2,0.0,0.0,0.0,0.0,0.0,2.0,13,7,4
56387,4,2,1,0,8,3,0,1,0,1,2,36,3,2,0.0,0.0,0.0,0.0,0.0,4.0,19,2,5
95918,16,11,5,0,8,3,5,5,0,1,1,36,2,2,0.0,0.0,0.0,0.0,0.0,2.0,6,1,7
58934,16,2,1,17,6,3,0,5,0,1,2,6,2,3,1.0,0.0,0.0,1.0,0.0,1.0,3,2,5
184897,16,2,1,17,8,3,6,1,0,1,2,36,2,2,0.0,0.0,0.0,0.0,0.0,2.0,22,2,12
58917,15,2,1,0,8,3,0,1,1,1,2,36,2,2,0.0,0.0,0.0,0.0,0.0,5.0,0,7,5
130908,15,2,1,17,8,3,0,5,1,1,2,26,2,2,0.0,0.0,0.0,0.0,0.0,2.0,21,7,9
180110,17,2,1,17,8,3,4,1,1,1,1,18,2,2,0.0,0.0,0.0,0.0,0.0,2.0,17,5,12
116608,16,11,5,0,6,3,5,5,1,1,2,6,2,2,0.0,0.0,0.0,0.0,0.0,3.0,1,7,8
119174,4,11,0,11,3,3,5,5,1,1,2,36,2,2,0.0,0.0,0.0,0.0,0.0,2.0,22,1,8
55617,15,2,3,0,8,3,0,1,1,1,2,5,2,2,0.0,0.0,0.0,0.0,0.0,2.0,9,2,4
107871,16,2,3,17,5,3,0,1,1,1,2,36,2,2,0.0,0.0,0.0,0.0,0.0,2.0,7,5,8
46317,16,2,3,15,8,3,0,4,1,1,1,22,2,2,0.0,0.0,0.0,0.0,0.0,2.0,14,3,4
26034,16,3,3,10,5,3,0,1,1,1,2,36,2,2,0.0,0.0,0.0,0.0,0.0,2.0,14,6,2
62159,4,2,1,15,8,3,0,1,1,1,2,36,2,2,0.0,0.0,0.0,0.0,0.0,2.0,22,1,5
173015,15,2,1,0,6,3,0,1,0,1,2,5,3,3,4.0,0.0,0.0,1.0,3.0,2.0,17,5,12
186116,16,2,3,17,8,3,0,5,1,1,2,24,2,2,0.0,0.0,0.0,0.0,0.0,2.0,13,4,12
125603,16,2,3,0,8,3,0,1,0,1,2,18,2,2,0.0,0.0,0.0,0.0,0.0,2.0,12,2,9
131026,16,2,3,17,15,3,0,1,1,1,2,36,2,2,0.0,0.0,0.0,0.0,0.0,2.0,7,2,9
124452,16,2,1,9,3,3,0,1,0,1,2,36,2,3,1.0,0.0,0.0,1.0,0.0,1.0,23,6,9
142500,16,2,3,0,6,3,0,1,0,1,2,17,2,3,1.0,0.0,0.0,1.0,0.0,2.0,15,7,10
54444,16,2,2,17,6,3,0,1,1,1,2,24,2,2,0.0,0.0,0.0,0.0,0.0,2.0,13,7,4
146216,15,2,1,0,6,3,0,1,1,1,1,36,2,2,0.0,0.0,0.0,0.0,0.0,2.0,21,1,10
124303,4,2,3,10,9,3,0,1,0,1,2,17,2,4,3.0,0.0,0.0,0.0,3.0,3.0,15,7,9
158541,17,7,1,15,8,3,6,5,1,1,2,23,2,2,0.0,0.0,0.0,0.0,0.0,2.0,17,3,11
109603,15,2,3,0,8,3,0,1,0,1,2,18,2,3,1.0,0.0,0.0,1.0,0.0,1.0,13,5,8
183907,4,2,0,0,8,3,0,1,1,1,2,18,2,2,0.0,0.0,0.0,0.0,0.0,3.0,17,3,12
133639,16,2,3,15,8,3,0,1,1,1,1,36,2,2,0.0,0.0,0.0,0.0,0.0,3.0,12,1,9
100055,16,2,0,0,6,3,0,1,0,1,2,6,2,3,1.0,0.0,0.0,1.0,0.0,2.0,3,1,7
855,16,2,4,0,6,3,0,1,1,1,2,36,2,2,0.0,0.0,0.0,0.0,0.0,3.0,17,2,1
116928,4,2,3,17,6,3,0,1,0,1,2,18,4,3,2.0,0.0,0.0,1.0,1.0,7.0,14,4,8
104113,4,2,3,0,15,3,0,1,1,1,0,18,2,2,0.0,0.0,0.0,0.0,0.0,3.0,17,5,8
59695,16,11,3,10,8,3,5,5,1,1,1,36,2,2,0.0,0.0,0.0,0.0,0.0,2.0,16,6,5
33885,16,2,3,10,3,3,0,1,0,1,2,19,2,2,0.0,0.0,0.0,0.0,0.0,3.0,16,3,3
112709,15,2,3,0,6,3,0,1,0,1,2,5,2,1,4.0,0.0,2.0,0.0,2.0,2.0,15,2,8
72536,16,2,3,0,6,3,0,5,0,1,2,36,2,3,2.0,0.0,0.0,1.0,1.0,1.0,13,4,6
140678,15,2,1,0,6,3,0,1,0,1,2,5,2,3,1.0,0.0,0.0,1.0,0.0,1.0,3,3,10
109907,16,2,3,17,3,3,0,1,0,1,2,18,2,2,0.0,0.0,0.0,0.0,0.0,8.0,17,1,8
57239,15,2,3,0,8,3,6,1,0,1,2,36,2,4,1.0,0.0,0.0,0.0,1.0,2.0,9,2,5
176494,15,2,0,17,11,3,0,1,1,1,1,5,2,2,0.0,0.0,0.0,0.0,0.0,2.0,20,4,12
112958,15,2,4,10,6,3,0,1,1,1,2,36,2,2,0.0,0.0,0.0,0.0,0.0,2.0,17,7,8
187101,16,2,3,17,8,3,0,1,0,1,2,18,2,2,0.0,0.0,0.0,0.0,0.0,3.0,14,6,12
169456,4,2,3,17,8,3,0,1,1,1,2,18,2,2,0.0,0.0,0.0,0.0,0.0,3.0,14,6,11
166061,16,2,1,9,2,3,0,1,0,1,0,36,2,0,1.0,1.0,0.0,0.0,0.0,1.0,22,2,11
8173,16,2,1,10,2,3,6,1,1,1,0,19,2,2,0.0,0.0,0.0,0.0,0.0,2.0,23,4,1
94496,16,2,3,8,6,3,0,1,1,1,1,6,2,2,0.0,0.0,0.0,0.0,0.0,2.0,10,7,7
16484,16,2,3,15,2,3,0,5,1,1,0,36,2,2,0.0,0.0,0.0,0.0,0.0,7.0,14,2,2
15934,4,3,1,17,6,3,0,5,0,1,2,24,2,2,0.0,0.0,0.0,0.0,0.0,4.0,19,6,2
49935,4,6,1,0,10,3,0,1,1,1,2,18,2,2,0.0,0.0,0.0,0.0,0.0,2.0,0,4,4
72206,16,2,3,17,15,3,0,1,1,1,2,22,2,2,0.0,0.0,0.0,0.0,0.0,2.0,12,5,6
20905,4,2,1,0,6,3,0,5,0,1,2,36,2,3,3.0,0.0,0.0,3.0,0.0,1.0,2,1,2
163554,16,7,3,17,6,3,6,1,1,1,2,36,2,2,0.0,0.0,0.0,0.0,0.0,2.0,9,5,11
49020,16,2,1,10,10,3,0,5,1,1,1,37,2,2,0.0,0.0,0.0,0.0,0.0,6.0,22,7,4
171504,15,2,3,9,6,3,0,1,0,1,0,36,2,4,1.0,0.0,0.0,0.0,1.0,1.0,7,4,11
27710,16,2,3,15,8,3,0,1,1,1,2,22,2,2,0.0,0.0,0.0,0.0,0.0,2.0,8,4,2
99361,17,2,3,15,2,3,5,5,1,1,2,36,2,2,0.0,0.0,0.0,0.0,0.0,3.0,19,3,7
104616,16,2,3,17,8,3,0,5,1,1,2,24,2,2,0.0,0.0,0.0,0.0,0.0,2.0,7,5,8
53439,15,2,1,0,6,3,0,1,1,1,2,18,3,2,0.0,0.0,0.0,0.0,0.0,2.0,0,5,4
125464,16,2,1,2,8,3,0,1,0,1,2,18,1,2,0.0,0.0,0.0,0.0,0.0,1.0,2,7,9
170650,15,7,3,0,10,3,6,1,0,1,2,5,2,2,0.0,0.0,0.0,0.0,0.0,3.0,12,2,11
169933,16,2,3,10,8,3,5,5,1,1,1,36,2,2,0.0,0.0,0.0,0.0,0.0,2.0,12,6,11
151761,16,3,3,17,2,3,0,1,1,1,1,36,2,2,0.0,0.0,0.0,0.0,0.0,2.0,12,6,10
49421,4,2,3,17,11,3,0,1,1,1,2,17,2,2,0.0,0.0,0.0,0.0,0.0,2.0,15,2,4
155355,4,10,3,2,15,3,6,1,1,1,0,26,1,2,0.0,0.0,0.0,0.0,0.0,1.0,12,5,10
114672,4,2,1,5,8,3,0,1,0,1,0,36,2,4,1.0,0.0,0.0,0.0,1.0,1.0,21,3,8
1848,16,11,1,10,6,3,5,5,1,1,0,17,2,2,0.0,0.0,0.0,0.0,0.0,2.0,17,5,1
13227,16,7,1,9,8,3,6,1,0,1,0,18,2,3,1.0,0.0,0.0,1.0,0.0,1.0,17,6,1
78708,15,2,3,17,6,3,0,1,1,1,2,18,2,2,0.0,0.0,0.0,0.0,0.0,2.0,7,5,6
37425,16,2,1,17,8,3,0,1,0,1,2,36,3,4,3.0,0.0,0.0,0.0,3.0,2.0,19,1,3
138252,15,2,3,17,11,3,0,1,0,1,2,18,2,2,0.0,0.0,0.0,0.0,0.0,2.0,15,3,10
161325,16,2,1,10,2,3,5,5,1,1,2,17,2,2,0.0,0.0,0.0,0.0,0.0,2.0,21,1,11
92627,16,2,3,17,8,3,0,1,1,1,1,36,2,2,0.0,0.0,0.0,0.0,0.0,2.0,18,6,7
19033,16,2,1,9,8,3,6,5,1,1,0,36,2,2,0.0,0.0,0.0,0.0,0.0,2.0,17,4,2
102128,15,2,3,17,3,3,0,5,1,1,0,36,2,2,0.0,0.0,0.0,0.0,0.0,2.0,11,4,7
126928,16,2,3,10,8,3,0,1,1,1,2,18,2,2,0.0,0.0,0.0,0.0,0.0,4.0,9,1,9
187426,16,11,5,9,17,3,5,5,0,1,2,36,2,4,1.0,0.0,0.0,0.0,1.0,1.0,18,5,12
127174,16,2,3,10,3,3,0,1,1,1,2,19,2,2,0.0,0.0,0.0,0.0,0.0,2.0,6,3,9
50579,4,2,1,10,2,3,0,1,0,0,2,19,2,2,0.0,0.0,0.0,0.0,0.0,2.0,23,3,4
139033,16,2,3,17,15,3,0,1,0,1,2,6,3,3,2.0,0.0,0.0,2.0,0.0,1.0,7,7,10
82218,15,3,3,0,10,3,6,1,1,1,2,38,2,2,0.0,0.0,0.0,0.0,0.0,2.0,9,5,6
102996,16,2,3,17,3,3,0,1,1,1,1,24,2,2,0.0,0.0,0.0,0.0,0.0,2.0,18,3,7
177190,4,2,3,10,8,3,0,1,0,0,2,19,2,2,0.0,0.0,0.0,0.0,0.0,3.0,9,1,12
2165,16,2,1,17,6,3,0,5,1,1,2,12,2,2,0.0,0.0,0.0,0.0,0.0,3.0,18,3,1
82090,15,2,3,17,8,3,0,1,1,1,1,24,2,2,0.0,0.0,0.0,0.0,0.0,2.0,13,4,6
150796,16,2,3,17,19,3,0,1,1,1,2,18,2,2,0.0,0.0,0.0,0.0,0.0,2.0,13,2,10
93282,16,2,3,17,8,3,0,1,0,1,2,36,2,2,0.0,0.0,0.0,0.0,0.0,2.0,16,2,7
126687,16,2,3,0,8,3,0,1,1,1,2,23,2,2,0.0,0.0,0.0,0.0,0.0,2.0,17,4,9
142020,16,2,3,9,8,3,0,1,0,1,2,17,2,3,1.0,0.0,0.0,1.0,0.0,1.0,6,7,10
27639,15,7,0,0,2,3,6,1,1,1,2,39,2,2,0.0,0.0,0.0,0.0,0.0,2.0,21,1,2
28510,16,2,3,15,6,3,0,1,1,1,2,22,2,2,0.0,0.0,0.0,0.0,0.0,2.0,7,2,3
98511,4,2,3,15,2,3,0,1,1,0,2,22,2,2,0.0,0.0,0.0,0.0,0.0,2.0,14,5,7
139843,11,2,3,9,6,3,0,5,0,1,0,32,2,3,1.0,0.0,0.0,1.0,0.0,1.0,10,6,10
127988,16,2,1,17,10,3,0,1,0,1,2,22,2,3,1.0,0.0,0.0,1.0,0.0,2.0,1,2,9
137707,4,2,3,10,2,3,0,5,1,1,1,19,2,2,0.0,0.0,0.0,0.0,0.0,2.0,7,2,10
161625,15,2,1,0,8,3,0,1,0,1,2,5,2,3,1.0,0.0,0.0,1.0,0.0,2.0,17,5,11
153151,16,2,3,17,6,3,0,1,1,1,2,23,2,2,0.0,0.0,0.0,0.0,0.0,2.0,15,5,10
68395,16,11,1,0,6,3,5,1,1,1,1,6,2,2,0.0,0.0,0.0,0.0,0.0,2.0,22,3,5
15478,16,2,3,17,6,3,0,1,0,1,2,18,2,2,0.0,0.0,0.0,0.0,0.0,2.0,8,4,2
124769,16,2,3,10,2,3,0,1,0,1,2,36,2,2,0.0,0.0,0.0,0.0,0.0,2.0,9,5,9
111962,4,2,3,17,8,3,0,1,1,1,1,18,2,2,0.0,0.0,0.0,0.0,0.0,2.0,17,4,8
120097,16,2,3,17,8,3,5,5,1,1,1,36,3,2,0.0,0.0,0.0,0.0,0.0,2.0,13,7,8
95398,16,2,3,15,10,3,0,1,1,1,2,23,2,2,0.0,0.0,0.0,0.0,0.0,2.0,15,7,7
78137,16,2,4,10,15,3,0,1,1,1,2,26,3,2,0.0,0.0,0.0,0.0,0.0,3.0,21,4,6
104652,16,2,1,0,6,3,0,1,1,1,1,6,2,2,0.0,0.0,0.0,0.0,0.0,2.0,1,6,8
179218,16,11,5,17,8,3,5,5,1,1,1,24,2,2,0.0,0.0,0.0,0.0,0.0,2.0,7,2,12
110890,16,2,3,8,3,3,0,1,0,1,2,18,2,1,1.0,0.0,1.0,0.0,0.0,1.0,14,2,8
36701,17,2,1,17,2,3,0,1,0,1,2,28,2,4,1.0,0.0,0.0,0.0,1.0,6.0,20,7,3
84472,15,2,3,0,6,3,0,1,1,1,0,18,2,2,0.0,0.0,0.0,0.0,0.0,2.0,19,5,6
160256,16,2,3,2,3,3,0,1,0,1,2,15,1,3,1.0,0.0,0.0,1.0,0.0,0.0,11,2,11
24291,16,2,2,0,6,3,4,5,0,1,1,17,2,4,1.0,0.0,0.0,0.0,1.0,1.0,5,1,2
77007,15,2,1,0,6,3,0,1,0,1,2,18,2,3,1.0,0.0,0.0,1.0,0.0,2.0,22,7,6
35524,16,2,3,0,8,3,0,1,1,1,1,18,2,2,0.0,0.0,0.0,0.0,0.0,4.0,11,2,3
149677,16,2,1,0,6,3,0,5,0,1,2,36,2,2,0.0,0.0,0.0,0.0,0.0,3.0,19,2,10
73699,16,2,3,15,3,3,0,1,0,1,2,36,2,2,0.0,0.0,0.0,0.0,0.0,2.0,9,7,6
139280,16,2,3,8,5,3,0,1,0,1,1,23,2,3,1.0,0.0,0.0,1.0,0.0,1.0,17,5,10
13808,15,2,1,9,8,3,0,1,0,1,0,36,2,3,1.0,0.0,0.0,1.0,0.0,1.0,19,2,1
15932,15,2,1,17,8,3,0,1,1,1,2,18,2,2,0.0,0.0,0.0,0.0,0.0,2.0,18,6,2
30320,16,2,0,9,6,3,0,1,0,1,0,18,2,3,1.0,0.0,0.0,1.0,0.0,1.0,1,7,3
129590,15,2,3,0,8,3,0,1,1,1,2,5,2,2,0.0,0.0,0.0,0.0,0.0,2.0,15,2,9
85093,15,2,3,7,6,3,0,1,0,1,1,36,3,2,0.0,0.0,0.0,0.0,0.0,1.0,17,1,6
60063,16,2,3,15,10,3,0,1,1,1,0,23,2,2,0.0,0.0,0.0,0.0,0.0,2.0,15,4,5
80959,16,2,1,10,2,3,0,1,0,1,2,15,3,0,1.0,1.0,0.0,0.0,0.0,2.0,22,1,6
10093,16,7,1,10,8,3,6,1,0,1,0,19,2,1,1.0,0.0,1.0,0.0,0.0,2.0,18,1,1
166514,16,2,1,10,2,3,0,1,0,1,2,19,2,2,0.0,0.0,0.0,0.0,0.0,2.0,17,2,11
157997,16,7,3,17,8,3,6,1,1,1,2,36,2,2,0.0,0.0,0.0,0.0,0.0,2.0,10,2,11
157167,16,2,3,9,3,3,0,1,0,1,2,6,2,3,1.0,0.0,0.0,1.0,0.0,2.0,7,4,11
67137,16,2,3,10,8,3,0,1,1,1,0,17,2,2,0.0,0.0,0.0,0.0,0.0,6.0,16,4,5
187341,16,10,3,10,8,3,6,1,1,1,2,19,2,2,0.0,0.0,0.0,0.0,0.0,2.0,12,3,12
53500,16,7,0,10,8,3,6,1,1,1,2,36,2,2,0.0,0.0,0.0,0.0,0.0,3.0,23,4,4
124753,16,2,3,17,6,3,0,1,1,1,2,17,2,2,0.0,0.0,0.0,0.0,0.0,2.0,7,5,9
107673,16,2,3,10,8,3,0,1,0,1,1,17,2,3,2.0,0.0,0.0,2.0,0.0,1.0,18,4,8
75374,4,2,3,9,8,3,0,5,0,1,0,36,2,4,1.0,0.0,0.0,0.0,1.0,1.0,17,4,6
143145,16,2,3,10,6,3,0,1,1,1,1,13,2,2,0.0,0.0,0.0,0.0,0.0,3.0,15,2,10
62899,16,2,3,10,8,3,0,1,1,1,2,36,2,2,0.0,0.0,0.0,0.0,0.0,2.0,12,6,5
32018,16,3,1,10,8,3,6,5,1,1,1,36,2,2,0.0,0.0,0.0,0.0,0.0,2.0,2,7,3
50405,16,2,3,10,8,3,5,1,1,1,2,19,2,2,0.0,0.0,0.0,0.0,0.0,2.0,17,6,4
104004,16,2,3,0,8,3,0,1,0,1,2,18,2,2,0.0,0.0,0.0,0.0,0.0,4.0,14,4,8
136548,4,2,3,17,8,3,0,1,1,1,2,36,2,2,0.0,0.0,0.0,0.0,0.0,2.0,18,6,9
141175,16,7,1,10,8,3,6,5,1,1,2,19,2,2,0.0,0.0,0.0,0.0,0.0,2.0,22,1,10
34134,16,2,3,17,10,3,0,1,0,1,2,19,2,2,0.0,0.0,0.0,0.0,0.0,2.0,17,1,3
143003,15,2,3,7,8,3,0,1,1,1,1,36,2,2,0.0,0.0,0.0,0.0,0.0,2.0,12,5,10
54535,16,2,3,15,3,3,0,1,1,1,2,23,2,2,0.0,0.0,0.0,0.0,0.0,5.0,16,5,4
111466,16,2,3,17,2,3,0,1,1,1,2,24,3,2,0.0,0.0,0.0,0.0,0.0,3.0,9,3,8
126956,15,2,3,0,6,3,6,1,1,1,2,36,2,2,0.0,0.0,0.0,0.0,0.0,2.0,14,2,9
137942,16,2,3,10,2,3,0,1,1,1,1,36,2,2,0.0,0.0,0.0,0.0,0.0,2.0,12,6,10
48754,7,2,3,0,15,3,0,5,1,1,0,36,2,2,0.0,0.0,0.0,0.0,0.0,2.0,16,5,4
86202,16,2,3,17,8,3,0,5,0,1,2,36,2,2,0.0,0.0,0.0,0.0,0.0,2.0,10,5,6
169301,4,2,1,17,8,3,0,1,0,1,1,18,2,4,1.0,0.0,0.0,0.0,1.0,1.0,6,2,11
13681,16,2,1,0,6,3,6,1,0,1,2,36,2,1,2.0,0.0,1.0,1.0,0.0,1.0,5,7,1
126545,16,2,3,17,6,3,0,1,0,1,2,18,2,2,0.0,0.0,0.0,0.0,0.0,3.0,17,4,9
82243,16,2,3,10,2,3,0,1,1,1,2,19,2,2,0.0,0.0,0.0,0.0,0.0,2.0,14,7,6
55180,4,7,3,10,2,3,6,1,0,1,1,39,2,2,0.0,0.0,0.0,0.0,0.0,2.0,9,2,4
108726,16,2,3,17,8,3,0,1,1,1,0,24,2,2,0.0,0.0,0.0,0.0,0.0,2.0,17,4,8
131600,4,2,3,0,10,3,0,1,1,1,0,6,2,2,0.0,0.0,0.0,0.0,0.0,2.0,11,2,9
131891,16,2,3,10,8,3,0,1,0,1,2,19,2,4,2.0,0.0,0.0,0.0,2.0,1.0,19,5,9
32741,16,2,3,7,10,3,0,1,1,1,1,36,2,2,0.0,0.0,0.0,0.0,0.0,1.0,7,5,3
69349,4,2,3,17,8,3,6,1,1,1,2,36,2,2,0.0,0.0,0.0,0.0,0.0,2.0,17,4,5
117945,16,2,1,17,8,3,0,1,0,1,2,17,2,2,0.0,0.0,0.0,0.0,0.0,3.0,22,5,8
63952,16,2,3,0,6,3,0,1,0,1,2,18,2,2,0.0,0.0,0.0,0.0,0.0,3.0,15,3,5
14232,18,2,1,10,8,3,0,1,1,1,2,36,2,2,0.0,0.0,0.0,0.0,0.0,3.0,18,3,1
172388,15,7,3,17,8,3,0,1,1,1,2,18,2,2,0.0,0.0,0.0,0.0,0.0,2.0,11,1,12
39846,4,2,3,10,8,3,0,1,1,1,1,36,2,2,0.0,0.0,0.0,0.0,0.0,2.0,16,3,3
179031,16,2,3,10,8,3,0,1,0,1,2,36,2,3,1.0,0.0,0.0,1.0,0.0,1.0,8,5,12
83927,4,2,3,0,12,3,0,1,1,1,2,18,2,2,0.0,0.0,0.0,0.0,0.0,3.0,13,4,6
42592,8,5,1,0,6,3,6,1,0,1,2,5,3,2,0.0,0.0,0.0,0.0,0.0,2.0,0,6,4
108934,16,2,1,0,6,3,0,1,1,1,1,6,2,2,0.0,0.0,0.0,0.0,0.0,6.0,1,2,8
61228,4,3,3,0,10,3,0,1,1,1,1,18,2,2,0.0,0.0,0.0,0.0,0.0,2.0,11,7,5
36481,16,7,3,0,8,3,6,1,0,1,2,17,2,2,0.0,0.0,0.0,0.0,0.0,2.0,8,5,3
48490,4,2,3,11,2,3,0,1,0,1,2,18,2,3,1.0,0.0,0.0,1.0,0.0,1.0,17,1,4
130260,4,2,4,15,10,3,0,1,1,0,2,21,2,2,0.0,0.0,0.0,0.0,0.0,2.0,19,4,9
90383,16,7,3,17,2,3,6,1,1,1,2,23,2,2,0.0,0.0,0.0,0.0,0.0,2.0,8,4,7
25625,4,2,3,17,2,3,0,1,0,1,2,36,2,2,0.0,0.0,0.0,0.0,0.0,2.0,12,5,2
85195,16,11,3,17,17,3,5,5,1,1,1,36,2,2,0.0,0.0,0.0,0.0,0.0,2.0,17,1,6
113625,15,2,2,7,10,3,0,1,0,1,2,8,5,3,1.0,0.0,0.0,1.0,0.0,1.0,5,1,8
48759,17,2,3,14,17,3,0,5,1,1,2,36,2,2,0.0,0.0,0.0,0.0,0.0,2.0,17,5,4
26785,16,10,3,17,8,3,4,1,1,1,2,36,2,2,0.0,0.0,0.0,0.0,0.0,2.0,14,3,2
104516,16,11,3,17,8,3,0,1,1,1,2,36,2,2,0.0,0.0,0.0,0.0,0.0,2.0,13,3,8
33291,16,2,3,10,6,3,0,1,1,1,0,19,2,2,0.0,0.0,0.0,0.0,0.0,2.0,14,2,3
140328,16,7,3,10,2,3,6,1,1,1,2,36,2,2,0.0,0.0,0.0,0.0,0.0,2.0,7,5,10
65571,15,2,3,0,6,3,0,1,0,1,2,17,2,3,1.0,0.0,0.0,1.0,0.0,4.0,12,1,5
99797,16,2,3,17,8,3,0,1,0,1,2,18,2,3,1.0,0.0,0.0,1.0,0.0,1.0,19,3,7
167369,15,2,3,10,8,3,0,1,0,1,2,19,2,3,1.0,0.0,0.0,1.0,0.0,1.0,13,2,11
19119,16,11,5,17,6,3,5,5,1,1,2,36,2,2,0.0,0.0,0.0,0.0,0.0,2.0,7,5,2
103207,16,2,1,10,2,3,0,1,1,1,2,19,2,2,0.0,0.0,0.0,0.0,0.0,2.0,2,7,7
187839,4,2,3,0,8,3,0,5,0,1,2,36,2,3,2.0,0.0,0.0,2.0,0.0,2.0,20,4,12
162325,15,2,2,0,8,3,0,1,0,1,2,5,8,2,0.0,0.0,0.0,0.0,0.0,4.0,18,1,11
156460,15,2,3,8,8,3,0,1,0,1,1,18,2,3,1.0,0.0,0.0,1.0,0.0,1.0,8,6,11
70592,16,2,3,17,8,3,0,1,1,1,2,24,2,2,0.0,0.0,0.0,0.0,0.0,2.0,18,4,5
151416,18,2,3,15,8,3,0,5,0,1,2,23,2,2,0.0,0.0,0.0,0.0,0.0,2.0,7,3,10
54090,16,2,3,10,17,3,0,5,1,1,2,19,2,2,0.0,0.0,0.0,0.0,0.0,3.0,12,6,4
123125,16,2,3,10,8,3,0,1,0,1,2,14,2,2,0.0,0.0,0.0,0.0,0.0,4.0,16,2,9
58441,16,2,3,0,6,3,0,5,0,1,2,17,2,3,3.0,0.0,0.0,1.0,2.0,0.0,10,1,5
4103,16,7,3,15,18,3,6,1,0,0,2,23,2,1,1.0,0.0,1.0,0.0,0.0,1.0,11,5,1
157892,15,11,5,0,6,3,5,5,0,1,2,18,2,3,3.0,0.0,0.0,3.0,0.0,2.0,16,7,11
22302,15,2,3,0,10,3,4,1,1,0,0,36,2,2,0.0,0.0,0.0,0.0,0.0,2.0,13,3,2
15572,16,7,0,15,8,3,6,1,1,1,1,22,2,2,0.0,0.0,0.0,0.0,0.0,2.0,20,3,2
104316,16,8,1,0,6,3,0,1,0,1,2,6,3,0,4.0,1.0,1.0,0.0,2.0,1.0,0,1,8
120810,15,2,3,15,6,4,0,1,1,1,2,36,2,2,0.0,0.0,0.0,0.0,0.0,2.0,18,4,9
160749,15,11,5,17,8,3,6,5,0,1,1,36,2,2,0.0,0.0,0.0,0.0,0.0,2.0,18,7,11
28886,4,2,3,15,15,3,0,1,1,1,1,36,2,2,0.0,0.0,0.0,0.0,0.0,2.0,6,2,3
127875,15,2,3,0,8,3,0,1,0,1,2,36,2,1,2.0,0.0,1.0,1.0,0.0,1.0,7,6,9
74625,4,2,3,15,11,3,0,1,1,1,1,36,2,2,0.0,0.0,0.0,0.0,0.0,2.0,16,7,6
60342,15,2,3,0,10,3,0,5,1,1,2,18,2,2,0.0,0.0,0.0,0.0,0.0,5.0,17,2,5
174006,15,2,3,0,6,3,0,1,1,1,2,36,2,2,0.0,0.0,0.0,0.0,0.0,2.0,9,6,12
81722,4,2,3,17,8,3,0,1,0,0,2,36,2,3,2.0,0.0,0.0,2.0,0.0,1.0,18,6,6
162232,17,11,1,0,8,3,5,5,0,1,0,18,2,4,1.0,0.0,0.0,0.0,1.0,2.0,22,6,11
61702,4,2,3,9,2,3,0,1,0,1,0,26,2,3,1.0,0.0,0.0,1.0,0.0,1.0,16,1,5
177004,15,2,3,15,8,3,0,1,1,1,2,18,2,2,0.0,0.0,0.0,0.0,0.0,2.0,19,7,12
125554,15,2,3,10,8,3,0,1,1,1,2,19,2,2,0.0,0.0,0.0,0.0,0.0,2.0,17,2,9
32620,16,2,3,10,8,3,0,1,1,1,1,19,2,2,0.0,0.0,0.0,0.0,0.0,2.0,17,3,3
158215,16,2,1,10,8,3,0,5,1,1,1,28,2,2,0.0,0.0,0.0,0.0,0.0,2.0,17,3,11
94596,16,7,3,10,8,3,6,1,0,1,2,19,2,2,0.0,0.0,0.0,0.0,0.0,2.0,7,7,7
72898,15,2,3,17,8,3,0,1,0,1,2,36,3,3,1.0,0.0,0.0,1.0,0.0,1.0,16,1,6