crash_date,               traffic_control_device,weather_condition,lighting_condition,first_crash_type,trafficway_type,alignment,roadway_surface_cond,road_defect,crash_type,intersection_related_i,damage,prim_contributory_cause,num_units,most_severe_injury,injuries_total,injuries_fatal,injuries_incapacitating,injuries_non_incapacitating,injuries_reported_not_evident,injuries_no_indication,crash_hour,crash_day_of_week,crash_month
43528,15,2,3,0,6,3,0,1,0,1,2,5,2,2,0.0,0.0,0.0,0.0,0.0,2.0,11,2,4
80419,16,2,1,10,2,3,0,1,1,1,0,19,2,2,0.0,0.0,0.0,0.0,0.0,2.0,21,6,6
18694,4,2,3,17,8,3,0,1,1,1,2,24,2,2,0.0,0.0,0.0,0.0,0.0,6.0,15,5,2
102024,15,2,3,10,10,3,0,1,1,1,1,36,2,2,0.0,0.0,0.0,0.0,0.0,2.0,17,3,7
172114,16,2,4,0,6,3,0,1,0,1,2,6,2,3,1.0,0.0,0.0,1.0,0.0,3.0,19,7,11
90246,15,2,3,10,8,3,5,5,1,1,0,19,2,2,0.0,0.0,0.0,0.0,0.0,3.0,15,4,7
66510,4,2,3,0,6,3,0,1,1,1,2,36,2,2,0.0,0.0,0.0,0.0,0.0,3.0,9,3,5
63433,4,2,2,0,8,3,6,1,1,1,2,17,2,2,0.0,0.0,0.0,0.0,0.0,5.0,18,1,5
184148,4,2,3,0,6,3,0,5,1,1,2,36,2,2,0.0,0.0,0.0,0.0,0.0,3.0,12,7,12
85379,16,2,3,8,8,3,0,1,0,1,0,24,2,3,1.0,0.0,0.0,1.0,0.0,1.0,12,4,6
77702,16,3,3,17,8,3,0,6,0,1,2,18,2,3,3.0,0.0,0.0,2.0,1.0,0.0,8,3,6
2039,16,2,1,0,11,3,0,1,0,1,2,6,2,2,0.0,0.0,0.0,0.0,0.0,3.0,22,6,1
39653,15,2,0,17,8,3,0,1,1,1,2,23,2,2,0.0,0.0,0.0,0.0,0.0,3.0,22,7,3
5672,16,2,1,10,8,3,1,1,1,1,1,39,2,2,0.0,0.0,0.0,0.0,0.0,2.0,19,1,1
57875,16,2,3,10,6,3,0,1,1,1,2,19,2,2,0.0,0.0,0.0,0.0,0.0,3.0,17,7,5
68187,4,2,3,17,8,3,0,5,0,0,2,24,2,2,0.0,0.0,0.0,0.0,0.0,4.0,16,6,5
87915,15,2,3,0,2,3,0,1,0,1,2,5,2,4,1.0,0.0,0.0,0.0,1.0,3.0,16,2,7
182273,15,2,1,0,8,3,0,1,1,1,2,36,2,2,0.0,0.0,0.0,0.0,0.0,2.0,16,1,12
152654,15,2,1,0,6,3,6,1,0,1,2,18,2,3,1.0,0.0,0.0,1.0,0.0,1.0,18,5,10
174233,16,2,1,10,2,3,5,5,1,0,2,19,2,2,0.0,0.0,0.0,0.0,0.0,2.0,4,4,12
35961,15,2,1,2,10,3,0,5,0,1,2,26,1,2,0.0,0.0,0.0,0.0,0.0,2.0,0,1,3
115042,15,2,3,0,6,3,0,1,0,1,2,36,2,2,0.0,0.0,0.0,0.0,0.0,9.0,17,4,8
1679,16,2,1,0,3,3,0,1,0,1,2,6,2,3,2.0,0.0,0.0,2.0,0.0,0.0,1,2,1
138968,16,6,1,10,3,3,0,1,1,1,2,36,2,2,0.0,0.0,0.0,0.0,0.0,3.0,8,5,10
132518,16,2,1,9,8,3,0,1,0,1,2,36,2,3,1.0,0.0,0.0,1.0,0.0,1.0,22,6,9
163206,15,1,3,10,8,3,1,1,1,1,2,19,2,2,0.0,0.0,0.0,0.0,0.0,3.0,9,5,11
11231,16,2,3,7,8,3,0,1,1,1,1,21,2,2,0.0,0.0,0.0,0.0,0.0,1.0,15,7,1
85368,16,2,1,10,16,3,0,1,1,1,1,17,2,2,0.0,0.0,0.0,0.0,0.0,2.0,23,4,6
158575,16,7,1,8,6,3,6,1,0,1,2,18,2,1,1.0,0.0,1.0,0.0,0.0,1.0,21,3,11
102815,4,2,3,0,8,3,0,1,0,1,2,17,2,4,1.0,0.0,0.0,0.0,1.0,3.0,14,2,7
21703,16,2,3,9,8,3,5,5,1,1,0,36,2,2,0.0,0.0,0.0,0.0,0.0,2.0,13,6,2
136606,16,2,3,10,3,3,0,1,1,1,1,19,2,2,0.0,0.0,0.0,0.0,0.0,2.0,15,7,9
70822,16,2,3,10,10,3,0,1,1,1,1,19,2,2,0.0,0.0,0.0,0.0,0.0,2.0,9,5,5
184424,16,11,5,17,2,3,5,5,1,0,2,6,2,2,0.0,0.0,0.0,0.0,0.0,2.0,19,3,12
166482,16,2,1,17,8,3,0,1,1,1,2,36,2,2,0.0,0.0,0.0,0.0,0.0,5.0,17,1,11
165084,4,6,3,0,6,3,6,5,1,1,2,36,2,2,0.0,0.0,0.0,0.0,0.0,2.0,8,4,11
13771,15,2,3,0,2,3,0,1,1,1,2,18,2,2,0.0,0.0,0.0,0.0,0.0,3.0,8,6,1
160284,16,2,3,17,2,3,0,1,1,1,2,17,2,2,0.0,0.0,0.0,0.0,0.0,3.0,13,5,11
8081,4,3,4,10,8,3,0,1,1,1,1,36,2,2,0.0,0.0,0.0,0.0,0.0,2.0,15,3,1
108202,16,2,3,0,6,3,0,5,0,1,2,36,2,3,1.0,0.0,0.0,1.0,0.0,2.0,12,5,8
69471,15,2,3,0,6,3,5,5,1,1,2,5,2,2,0.0,0.0,0.0,0.0,0.0,2.0,14,6,5
168828,17,2,4,10,8,3,0,1,1,1,2,36,2,2,0.0,0.0,0.0,0.0,0.0,2.0,15,3,11
12350,16,7,1,0,6,3,6,5,1,1,2,36,2,2,0.0,0.0,0.0,0.0,0.0,2.0,21,5,1
133843,16,2,3,10,6,3,0,1,0,1,2,19,2,3,1.0,0.0,0.0,1.0,0.0,1.0,10,5,9
44304,16,2,1,10,15,3,0,1,0,1,2,17,2,3,3.0,0.0,0.0,3.0,0.0,2.0,19,2,4
125846,15,2,3,0,6,3,0,1,0,1,2,18,2,2,0.0,0.0,0.0,0.0,0.0,2.0,17,7,9
135220,4,11,3,17,8,3,5,5,0,1,2,18,2,2,0.0,0.0,0.0,0.0,0.0,2.0,7,3,9
6992,15,2,4,17,8,3,4,1,1,1,2,18,2,2,0.0,0.0,0.0,0.0,0.0,2.0,16,3,1
72391,15,2,3,0,8,3,0,1,0,1,2,28,2,4,1.0,0.0,0.0,0.0,1.0,5.0,19,7,6
30178,16,2,3,10,2,3,0,1,1,1,1,17,2,2,0.0,0.0,0.0,0.0,0.0,2.0,8,3,3
142267,16,2,1,10,8,3,0,1,1,1,1,19,2,2,0.0,0.0,0.0,0.0,0.0,4.0,22,2,10
145127,16,11,5,17,18,3,5,5,1,1,2,36,2,2,0.0,0.0,0.0,0.0,0.0,6.0,14,1,10
138205,16,2,4,17,1,3,0,1,0,1,2,19,2,2,0.0,0.0,0.0,0.0,0.0,2.0,17,2,10
31732,16,2,1,10,6,3,0,1,1,1,0,19,2,2,0.0,0.0,0.0,0.0,0.0,2.0,22,3,3
183638,16,2,1,0,8,3,0,1,0,1,2,36,2,2,0.0,0.0,0.0,0.0,0.0,2.0,16,5,12
26529,4,10,0,0,6,3,4,1,1,1,1,39,2,2,0.0,0.0,0.0,0.0,0.0,2.0,1,7,2
33807,16,2,1,15,6,3,0,1,1,1,2,24,2,2,0.0,0.0,0.0,0.0,0.0,3.0,0,3,3
85814,4,2,3,17,8,3,0,1,0,1,2,6,2,2,0.0,0.0,0.0,0.0,0.0,3.0,18,4,6
167054,16,2,3,17,8,3,0,1,1,1,2,36,2,2,0.0,0.0,0.0,0.0,0.0,5.0,14,3,11
108344,16,2,3,15,8,3,0,1,1,1,0,23,2,2,0.0,0.0,0.0,0.0,0.0,4.0,13,6,8
33319,16,2,3,10,6,3,0,1,1,1,1,18,2,2,0.0,0.0,0.0,0.0,0.0,2.0,8,2,3
125558,15,2,3,10,8,3,0,1,1,1,2,36,2,2,0.0,0.0,0.0,0.0,0.0,4.0,18,2,9
149299,16,2,3,14,8,3,0,1,0,1,2,36,2,2,0.0,0.0,0.0,0.0,0.0,3.0,11,1,10
115603,15,2,1,8,2,3,0,5,0,1,1,36,2,3,1.0,0.0,0.0,1.0,0.0,1.0,23,3,8
138223,15,2,3,0,2,3,0,1,1,1,1,18,2,2,0.0,0.0,0.0,0.0,0.0,2.0,8,2,10
132362,16,2,1,0,2,3,0,1,0,1,2,36,2,3,2.0,0.0,0.0,2.0,0.0,0.0,4,7,9
135093,4,2,3,17,15,3,0,1,1,1,2,36,2,2,0.0,0.0,0.0,0.0,0.0,2.0,15,1,9
79955,4,2,3,10,2,3,0,1,0,1,2,19,3,3,2.0,0.0,0.0,2.0,0.0,6.0,16,7,6
168786,16,2,1,7,8,3,0,1,0,1,2,28,2,4,1.0,0.0,0.0,0.0,1.0,2.0,19,1,11
75644,15,2,3,15,6,3,0,1,0,1,2,18,2,2,0.0,0.0,0.0,0.0,0.0,2.0,17,7,6
86874,16,2,3,0,2,3,0,1,0,1,2,26,2,2,0.0,0.0,0.0,0.0,0.0,2.0,7,7,6
174270,16,2,1,17,6,3,2,1,0,1,2,24,2,4,1.0,0.0,0.0,0.0,1.0,2.0,23,4,12
163788,4,2,3,7,10,3,0,1,1,1,1,36,2,2,0.0,0.0,0.0,0.0,0.0,1.0,6,6,11
690,16,2,3,17,2,3,2,5,0,1,2,6,2,3,2.0,0.0,0.0,2.0,0.0,2.0,15,5,1
111157,15,2,3,17,6,3,0,1,0,1,1,18,2,2,0.0,0.0,0.0,0.0,0.0,5.0,14,7,8
103369,16,2,2,17,8,3,0,1,1,1,1,18,2,2,0.0,0.0,0.0,0.0,0.0,2.0,6,3,7
180591,16,2,1,0,6,3,0,1,1,1,2,36,2,2,0.0,0.0,0.0,0.0,0.0,2.0,20,6,12
152697,16,2,3,15,8,3,0,1,1,1,0,36,2,2,0.0,0.0,0.0,0.0,0.0,2.0,12,5,10
187401,16,2,3,10,8,3,0,5,1,1,0,36,2,2,0.0,0.0,0.0,0.0,0.0,2.0,13,5,12
188138,16,11,0,2,2,3,4,1,0,1,2,26,1,3,1.0,0.0,0.0,1.0,0.0,1.0,22,7,12
91614,15,2,3,0,6,3,0,5,1,1,2,36,2,2,0.0,0.0,0.0,0.0,0.0,2.0,16,4,7
161867,16,7,1,10,8,4,6,1,0,1,1,17,2,4,1.0,0.0,0.0,0.0,1.0,1.0,14,1,11
187659,15,10,1,10,10,3,4,5,1,1,0,39,2,2,0.0,0.0,0.0,0.0,0.0,2.0,21,7,12
117871,15,11,5,0,18,3,5,5,1,1,2,36,2,2,0.0,0.0,0.0,0.0,0.0,2.0,6,3,8
170914,15,2,1,15,8,3,0,1,1,1,2,18,2,2,0.0,0.0,0.0,0.0,0.0,2.0,19,1,11
100167,16,2,3,0,6,3,0,1,0,1,2,22,2,3,1.0,0.0,0.0,1.0,0.0,1.0,6,4,7
64338,16,2,3,10,8,3,0,5,1,0,1,36,2,2,0.0,0.0,0.0,0.0,0.0,2.0,7,2,5
77420,16,3,3,17,8,3,5,5,1,1,1,36,2,2,0.0,0.0,0.0,0.0,0.0,2.0,16,7,6
91809,15,2,3,17,2,3,0,5,0,1,2,18,2,2,0.0,0.0,0.0,0.0,0.0,4.0,18,7,7
30566,16,2,1,10,8,3,0,1,1,1,1,19,2,2,0.0,0.0,0.0,0.0,0.0,2.0,17,3,3
80218,16,2,3,15,5,3,0,1,1,1,2,36,2,2,0.0,0.0,0.0,0.0,0.0,2.0,18,5,6
36069,16,2,3,10,2,3,0,1,1,1,2,19,2,2,0.0,0.0,0.0,0.0,0.0,2.0,15,5,3
146873,16,2,1,17,3,3,0,1,1,1,1,36,2,2,0.0,0.0,0.0,0.0,0.0,2.0,23,4,10
140688,16,2,3,15,10,3,0,1,1,1,2,36,2,2,0.0,0.0,0.0,0.0,0.0,3.0,17,3,10
135310,16,2,3,17,8,3,0,1,1,1,2,36,2,2,0.0,0.0,0.0,0.0,0.0,2.0,10,5,9
130976,15,2,3,10,15,3,0,1,1,1,2,36,3,2,0.0,0.0,0.0,0.0,0.0,2.0,7,1,9
181235,16,3,3,17,6,3,6,1,1,1,1,36,2,2,0.0,0.0,0.0,0.0,0.0,2.0,14,2,12
59850,16,2,1,10,8,3,0,1,1,1,0,19,2,2,0.0,0.0,0.0,0.0,0.0,4.0,0,1,5
44613,4,2,5,7,8,3,0,1,1,1,2,36,2,2,0.0,0.0,0.0,0.0,0.0,1.0,15,7,4
67334,15,3,3,17,8,3,0,1,0,1,2,18,2,3,2.0,0.0,0.0,2.0,0.0,1.0,13,1,5
155838,15,2,1,0,11,3,0,1,0,1,2,18,2,4,1.0,0.0,0.0,0.0,1.0,1.0,20,5,11
117295,15,2,3,2,8,3,0,1,1,1,2,37,1,2,0.0,0.0,0.0,0.0,0.0,1.0,6,1,8
138828,16,7,3,10,8,3,6,1,1,0,0,19,2,2,0.0,0.0,0.0,0.0,0.0,2.0,9,3,10
33798,15,2,3,0,6,3,0,1,0,1,2,17,2,2,0.0,0.0,0.0,0.0,0.0,3.0,10,3,3
19710,15,10,1,10,8,3,6,1,1,1,1,17,2,2,0.0,0.0,0.0,0.0,0.0,2.0,17,1,2
128882,16,2,1,0,6,3,0,1,0,1,2,36,2,2,0.0,0.0,0.0,0.0,0.0,2.0,23,1,9
186513,15,2,1,9,11,3,0,1,0,1,0,36,2,4,1.0,0.0,0.0,0.0,1.0,2.0,19,4,12
112339,16,2,3,10,2,3,0,1,0,1,2,19,2,3,1.0,0.0,0.0,1.0,0.0,2.0,17,4,8
111761,16,2,3,10,6,3,0,1,1,1,1,8,2,2,0.0,0.0,0.0,0.0,0.0,2.0,15,2,8
52075,16,2,3,15,8,3,0,1,1,1,2,36,2,2,0.0,0.0,0.0,0.0,0.0,3.0,18,7,4
129396,16,2,1,15,2,3,0,1,1,1,1,23,2,2,0.0,0.0,0.0,0.0,0.0,4.0,22,7,9
169306,16,2,1,10,6,3,0,1,1,1,0,36,2,2,0.0,0.0,0.0,0.0,0.0,3.0,19,2,11
180776,16,2,3,17,10,3,0,1,0,1,2,24,2,2,0.0,0.0,0.0,0.0,0.0,3.0,6,7,12
50372,16,2,1,17,8,3,0,1,0,1,2,36,2,2,0.0,0.0,0.0,0.0,0.0,3.0,22,5,4
174161,15,2,3,0,16,3,6,1,1,1,2,18,2,2,0.0,0.0,0.0,0.0,0.0,3.0,14,2,12
55022,4,2,3,17,8,3,0,1,0,1,2,12,2,3,2.0,0.0,0.0,2.0,0.0,0.0,12,6,4
155773,16,2,3,10,8,3,0,1,1,1,0,19,2,2,0.0,0.0,0.0,0.0,0.0,2.0,9,4,11
35995,4,2,1,0,6,3,0,5,1,1,2,36,2,2,0.0,0.0,0.0,0.0,0.0,3.0,21,3,3
157823,16,2,1,8,6,3,5,5,0,1,1,36,2,4,1.0,0.0,0.0,0.0,1.0,2.0,19,6,11
29358,15,2,3,0,3,3,0,1,0,1,2,22,2,2,0.0,0.0,0.0,0.0,0.0,2.0,14,4,3
3346,15,2,3,0,10,4,0,1,1,1,2,17,2,2,0.0,0.0,0.0,0.0,0.0,3.0,16,3,1
134601,16,7,0,10,6,3,6,1,1,1,1,36,2,2,0.0,0.0,0.0,0.0,0.0,2.0,21,1,9
114286,15,2,3,0,9,3,0,1,0,1,2,36,2,3,2.0,0.0,0.0,2.0,0.0,2.0,14,6,8
69865,15,2,3,0,2,3,6,1,0,1,2,17,2,3,1.0,0.0,0.0,1.0,0.0,2.0,11,5,5
94205,16,2,3,17,6,3,0,1,0,1,2,9,2,3,1.0,0.0,0.0,1.0,0.0,2.0,14,2,7
146657,16,2,1,17,2,3,0,1,1,1,2,36,2,2,0.0,0.0,0.0,0.0,0.0,4.0,18,7,10
144057,16,3,3,10,8,3,0,1,1,1,2,36,2,2,0.0,0.0,0.0,0.0,0.0,2.0,14,5,10
175834,16,2,1,17,8,3,0,1,1,1,1,36,2,2,0.0,0.0,0.0,0.0,0.0,2.0,17,5,12
126245,15,3,3,17,18,3,6,1,0,1,2,6,3,1,1.0,0.0,1.0,0.0,0.0,3.0,14,6,9
155256,16,10,3,0,6,3,6,1,1,1,2,39,2,2,0.0,0.0,0.0,0.0,0.0,2.0,13,5,10
132680,16,2,3,17,16,3,0,1,1,1,2,18,2,2,0.0,0.0,0.0,0.0,0.0,3.0,14,3,9
23758,16,2,2,17,6,3,6,1,1,1,2,24,2,2,0.0,0.0,0.0,0.0,0.0,2.0,5,6,2
164242,16,2,3,10,2,3,0,1,0,1,1,19,2,4,1.0,0.0,0.0,0.0,1.0,3.0,14,5,11
156717,4,2,0,9,8,3,5,5,0,1,0,36,2,3,1.0,0.0,0.0,1.0,0.0,1.0,19,4,11
126891,16,2,1,17,6,3,0,1,0,1,2,18,2,2,0.0,0.0,0.0,0.0,0.0,2.0,2,1,9
35954,15,2,3,0,8,3,0,1,1,1,1,17,2,2,0.0,0.0,0.0,0.0,0.0,4.0,11,1,3
142961,16,2,1,10,8,3,0,1,1,1,0,36,2,2,0.0,0.0,0.0,0.0,0.0,2.0,6,5,10
23680,16,2,2,17,19,3,0,1,1,1,2,22,2,2,0.0,0.0,0.0,0.0,0.0,2.0,6,4,2
114118,16,3,3,17,2,3,0,1,0,1,2,36,2,2,0.0,0.0,0.0,0.0,0.0,2.0,7,2,8
29483,16,7,3,10,2,3,6,1,1,1,2,19,2,2,0.0,0.0,0.0,0.0,0.0,2.0,16,6,3
154171,16,7,4,8,8,3,6,1,0,1,2,36,2,3,1.0,0.0,0.0,1.0,0.0,1.0,18,6,10
82156,16,7,1,14,2,3,0,1,1,1,1,12,2,2,0.0,0.0,0.0,0.0,0.0,2.0,1,5,6
110716,16,2,1,17,19,3,5,5,1,1,0,36,2,2,0.0,0.0,0.0,0.0,0.0,4.0,20,7,8
16048,15,10,1,0,10,3,1,1,0,1,2,39,2,2,0.0,0.0,0.0,0.0,0.0,2.0,22,7,2
100938,16,2,3,8,2,4,0,1,1,1,0,18,2,2,0.0,0.0,0.0,0.0,0.0,2.0,12,6,7
1649,16,2,1,10,2,3,0,2,1,1,1,26,2,2,0.0,0.0,0.0,0.0,0.0,2.0,17,7,1
83818,16,2,3,10,2,3,6,1,0,1,1,17,2,3,1.0,0.0,0.0,1.0,0.0,1.0,15,1,6
56175,16,2,1,0,6,3,0,1,0,1,2,6,2,3,2.0,0.0,0.0,2.0,0.0,0.0,22,4,5
121337,16,2,3,10,2,3,0,1,1,1,2,19,2,2,0.0,0.0,0.0,0.0,0.0,2.0,21,4,9
20980,16,11,5,10,6,3,5,5,0,1,2,36,2,2,0.0,0.0,0.0,0.0,0.0,2.0,20,2,2
54777,16,7,3,17,8,3,6,1,0,1,2,28,2,2,0.0,0.0,0.0,0.0,0.0,3.0,17,4,4
15669,16,2,3,17,8,3,4,1,0,1,1,18,2,4,1.0,0.0,0.0,0.0,1.0,5.0,13,7,2
50614,15,2,3,15,8,3,0,1,1,1,2,11,2,2,0.0,0.0,0.0,0.0,0.0,3.0,18,4,4
144861,16,2,3,8,8,3,0,1,0,1,0,18,2,1,1.0,0.0,1.0,0.0,0.0,1.0,17,3,10
141145,15,2,3,0,8,3,0,1,0,1,2,5,2,2,0.0,0.0,0.0,0.0,0.0,2.0,16,1,10
43231,16,7,1,17,3,3,6,1,1,1,0,18,2,2,0.0,0.0,0.0,0.0,0.0,2.0,20,3,4
133722,4,2,3,17,2,3,0,1,1,1,2,24,2,2,0.0,0.0,0.0,0.0,0.0,6.0,16,3,9
162298,16,2,3,17,6,3,0,1,0,1,2,24,2,2,0.0,0.0,0.0,0.0,0.0,2.0,11,7,11
186277,16,2,3,17,6,3,0,1,1,1,1,18,2,2,0.0,0.0,0.0,0.0,0.0,5.0,13,1,12
170097,8,2,3,17,6,3,0,1,1,1,2,24,2,2,0.0,0.0,0.0,0.0,0.0,2.0,11,3,11
137608,16,2,3,15,2,3,6,1,1,1,1,18,2,2,0.0,0.0,0.0,0.0,0.0,2.0,13,7,10
44495,16,7,3,0,10,3,6,5,0,1,2,6,2,3,1.0,0.0,0.0,1.0,0.0,3.0,16,4,4
37274,4,7,3,0,10,3,6,1,0,1,2,18,3,2,0.0,0.0,0.0,0.0,0.0,3.0,8,4,3
132778,16,3,3,10,8,3,6,1,1,1,2,19,2,2,0.0,0.0,0.0,0.0,0.0,2.0,9,4,9
164903,16,2,1,17,2,3,0,1,1,1,1,23,2,2,0.0,0.0,0.0,0.0,0.0,2.0,21,7,11
109970,16,7,3,10,8,3,0,1,0,1,2,26,2,4,1.0,0.0,0.0,0.0,1.0,1.0,16,2,8
20218,15,10,1,10,8,3,4,5,1,1,2,19,2,2,0.0,0.0,0.0,0.0,0.0,5.0,3,3,2
9722,16,2,3,17,8,3,0,1,0,1,2,18,2,2,0.0,0.0,0.0,0.0,0.0,2.0,14,2,1
68220,16,2,3,17,8,3,0,1,1,1,2,24,2,2,0.0,0.0,0.0,0.0,0.0,2.0,8,6,5
86708,15,7,1,0,6,3,6,5,0,1,2,36,2,4,1.0,0.0,0.0,0.0,1.0,1.0,23,6,6
96197,16,7,3,0,9,3,6,5,0,1,2,36,2,2,0.0,0.0,0.0,0.0,0.0,2.0,19,4,7
111062,16,2,3,10,3,3,0,1,0,1,0,19,2,4,1.0,0.0,0.0,0.0,1.0,1.0,12,4,8
89626,16,2,3,17,8,3,0,1,1,1,1,24,2,2,0.0,0.0,0.0,0.0,0.0,2.0,18,1,7
82857,16,2,0,3,8,3,0,1,0,1,2,22,2,3,2.0,0.0,0.0,2.0,0.0,3.0,22,1,6
123845,4,2,3,7,8,3,0,1,1,1,1,22,2,2,0.0,0.0,0.0,0.0,0.0,2.0,16,5,9
108812,16,2,3,15,2,4,0,1,1,1,2,23,2,2,0.0,0.0,0.0,0.0,0.0,6.0,18,6,8
12292,15,10,3,0,10,3,6,1,1,1,2,18,2,2,0.0,0.0,0.0,0.0,0.0,2.0,8,4,1
37713,16,3,3,10,8,3,6,1,1,0,2,19,2,2,0.0,0.0,0.0,0.0,0.0,2.0,7,5,3
44473,16,2,3,17,6,3,0,1,1,1,2,17,2,2,0.0,0.0,0.0,0.0,0.0,3.0,9,6,4
73605,16,2,3,10,15,3,0,1,1,1,2,36,2,2,0.0,0.0,0.0,0.0,0.0,5.0,18,6,6
140505,16,7,0,17,10,3,6,1,1,1,1,23,2,2,0.0,0.0,0.0,0.0,0.0,3.0,19,6,10
103315,15,2,3,10,6,3,0,1,0,1,2,4,2,3,1.0,0.0,0.0,1.0,0.0,1.0,6,1,7
143855,16,11,3,17,6,3,5,5,1,1,1,36,2,2,0.0,0.0,0.0,0.0,0.0,3.0,15,4,10
147220,16,2,1,5,8,3,0,1,0,1,1,36,1,3,2.0,0.0,0.0,2.0,0.0,0.0,0,1,10
86047,16,2,3,17,15,3,0,1,1,1,2,6,2,2,0.0,0.0,0.0,0.0,0.0,2.0,15,2,6
111422,16,2,0,17,3,3,6,1,1,1,2,24,2,2,0.0,0.0,0.0,0.0,0.0,3.0,20,2,8
90884,15,7,3,17,8,3,6,1,1,1,2,16,2,2,0.0,0.0,0.0,0.0,0.0,2.0,19,5,7
116663,16,2,3,17,6,3,0,5,0,1,2,12,2,2,0.0,0.0,0.0,0.0,0.0,3.0,12,7,8
51448,16,2,3,9,6,3,0,1,0,1,2,18,2,3,1.0,0.0,0.0,1.0,0.0,2.0,12,4,4
70457,16,2,1,17,11,3,0,1,0,1,2,36,2,4,1.0,0.0,0.0,0.0,1.0,1.0,0,7,5
104526,16,2,3,10,8,3,0,1,0,1,2,19,3,3,1.0,0.0,0.0,1.0,0.0,3.0,18,3,8
36148,16,11,5,17,6,3,5,5,1,1,1,36,2,2,0.0,0.0,0.0,0.0,0.0,3.0,17,6,3
9431,15,7,1,0,6,3,6,1,0,1,2,5,2,0,1.0,1.0,0.0,0.0,0.0,1.0,1,5,1
72974,16,2,3,17,3,3,0,1,0,1,2,36,2,2,0.0,0.0,0.0,0.0,0.0,3.0,18,2,6
153329,16,2,1,17,6,3,0,1,0,1,2,24,2,1,3.0,0.0,1.0,2.0,0.0,0.0,21,1,10
105076,16,11,3,17,8,3,5,1,1,1,2,19,2,2,0.0,0.0,0.0,0.0,0.0,2.0,13,5,8
42347,16,2,1,10,8,3,0,1,0,1,2,37,2,2,0.0,0.0,0.0,0.0,0.0,2.0,23,1,4
171603,16,2,1,17,10,3,0,1,1,1,1,19,2,2,0.0,0.0,0.0,0.0,0.0,2.0,21,4,11
52197,17,2,3,10,6,3,0,5,0,0,2,19,2,1,1.0,0.0,1.0,0.0,0.0,3.0,16,3,4
11340,15,2,3,0,8,3,0,1,1,1,2,38,2,2,0.0,0.0,0.0,0.0,0.0,2.0,16,2,1
50557,16,2,3,17,8,3,0,1,1,1,2,18,2,2,0.0,0.0,0.0,0.0,0.0,4.0,7,3,4
39113,16,2,3,10,6,3,0,5,1,1,2,8,2,2,0.0,0.0,0.0,0.0,0.0,2.0,13,5,3
48970,16,2,3,17,8,3,0,1,0,1,2,23,2,2,0.0,0.0,0.0,0.0,0.0,3.0,7,2,4
111421,16,7,1,10,2,3,6,1,1,1,1,19,2,2,0.0,0.0,0.0,0.0,0.0,3.0,20,2,8
12506,4,10,0,17,2,3,4,5,1,1,2,36,2,2,0.0,0.0,0.0,0.0,0.0,2.0,18,7,1
44506,15,2,3,17,10,3,0,1,1,1,2,17,2,2,0.0,0.0,0.0,0.0,0.0,3.0,15,5,4
168850,16,7,1,10,3,3,6,5,1,1,2,36,2,2,0.0,0.0,0.0,0.0,0.0,3.0,18,3,11
135088,16,2,1,0,3,3,0,1,0,1,2,6,2,3,2.0,0.0,0.0,2.0,0.0,1.0,2,1,9
9972,15,2,4,10,8,3,6,1,1,1,2,19,2,2,0.0,0.0,0.0,0.0,0.0,3.0,17,7,1
153323,16,2,3,17,6,3,0,5,0,1,2,6,2,3,1.0,0.0,0.0,1.0,0.0,1.0,7,1,10
32601,16,2,3,17,8,3,0,2,1,1,2,18,2,2,0.0,0.0,0.0,0.0,0.0,2.0,11,1,3
103813,16,11,3,10,8,3,5,5,1,1,1,36,2,2,0.0,0.0,0.0,0.0,0.0,2.0,14,2,7
47871,17,7,1,0,8,3,6,5,0,1,2,6,2,2,0.0,0.0,0.0,0.0,0.0,2.0,20,4,4
148429,15,2,3,15,6,3,0,1,1,1,1,23,2,2,0.0,0.0,0.0,0.0,0.0,2.0,9,4,10
104760,17,11,5,9,18,3,5,5,0,1,2,18,2,4,1.0,0.0,0.0,0.0,1.0,1.0,16,1,8
129068,4,2,1,0,3,3,0,1,1,1,2,18,2,2,0.0,0.0,0.0,0.0,0.0,2.0,0,1,9
156256,16,2,3,10,8,3,0,1,1,1,2,19,2,2,0.0,0.0,0.0,0.0,0.0,2.0,9,6,11
139589,4,2,3,15,8,3,0,1,1,1,1,18,2,2,0.0,0.0,0.0,0.0,0.0,2.0,13,2,10
103918,16,11,5,10,17,3,5,5,1,1,2,12,2,2,0.0,0.0,0.0,0.0,0.0,4.0,21,4,7
116305,16,2,3,0,6,3,0,1,1,1,2,18,2,2,0.0,0.0,0.0,0.0,0.0,2.0,16,7,8
42241,15,2,3,0,6,3,0,1,0,1,2,18,3,4,2.0,0.0,0.0,0.0,2.0,2.0,12,1,3
118410,16,2,3,17,3,3,0,1,1,1,1,23,2,2,0.0,0.0,0.0,0.0,0.0,2.0,14,4,8
167012,4,2,1,15,10,3,4,1,1,0,2,22,2,2,0.0,0.0,0.0,0.0,0.0,2.0,20,7,11
49519,4,2,3,0,8,3,0,1,1,0,1,18,2,2,0.0,0.0,0.0,0.0,0.0,2.0,12,3,4
68129,4,2,3,17,8,3,0,1,1,0,1,36,2,2,0.0,0.0,0.0,0.0,0.0,3.0,18,5,5
34629,16,2,1,17,8,3,0,1,1,1,2,36,2,2,0.0,0.0,0.0,0.0,0.0,3.0,20,2,3