crash_date,               traffic_control_device,weather_condition,lighting_condition,first_crash_type,trafficway_type,alignment,roadway_surface_cond,road_defect,crash_type,intersection_related_i,damage,prim_contributory_cause,num_units,most_severe_injury,injuries_total,injuries_fatal,injuries_incapacitating,injuries_non_incapacitating,injuries_reported_not_evident,injuries_no_indication,crash_hour,crash_day_of_week,crash_month
164304,16,2,4,14,8,3,0,1,1,1,1,36,2,2,0.0,0.0,0.0,0.0,0.0,2.0,17,6,11
83734,15,2,3,17,8,3,0,1,1,1,2,5,2,2,0.0,0.0,0.0,0.0,0.0,4.0,17,7,6
140202,16,2,1,9,8,3,0,1,1,1,1,18,2,2,0.0,0.0,0.0,0.0,0.0,2.0,19,3,10
122024,16,2,1,17,2,3,0,1,0,1,2,18,2,1,4.0,0.0,4.0,0.0,0.0,2.0,22,7,9
50011,16,2,3,0,8,3,0,1,0,1,2,6,2,2,0.0,0.0,0.0,0.0,0.0,2.0,13,7,4
21282,16,2,1,17,3,3,0,1,1,1,2,18,2,2,0.0,0.0,0.0,0.0,0.0,3.0,16,6,2
172677,4,2,1,7,8,3,0,1,0,0,2,26,3,2,0.0,0.0,0.0,0.0,0.0,4.0,2,1,12
106344,16,2,3,17,8,3,5,5,1,1,2,22,2,2,0.0,0.0,0.0,0.0,0.0,3.0,15,4,8
106566,4,7,3,10,16,3,0,1,1,1,2,17,2,2,0.0,0.0,0.0,0.0,0.0,2.0,17,7,8
167570,16,10,3,3,2,3,4,2,0,1,2,39,2,2,0.0,0.0,0.0,0.0,0.0,2.0,10,5,11
57848,4,2,3,17,8,3,0,1,1,1,1,36,2,2,0.0,0.0,0.0,0.0,0.0,2.0,11,5,5
39421,16,2,3,17,11,3,0,1,0,1,2,19,2,3,1.0,0.0,0.0,1.0,0.0,1.0,17,2,3
130797,16,2,3,17,8,3,0,1,1,1,2,36,2,2,0.0,0.0,0.0,0.0,0.0,2.0,11,4,9
177037,15,2,3,0,6,3,0,1,0,1,2,18,2,4,1.0,0.0,0.0,0.0,1.0,2.0,13,2,12
184275,16,2,3,10,8,3,0,1,0,1,2,17,2,4,1.0,0.0,0.0,0.0,1.0,2.0,14,7,12
100480,16,2,3,0,6,3,0,1,0,1,2,17,2,1,1.0,0.0,1.0,0.0,0.0,2.0,14,1,7
103773,4,2,3,10,2,3,0,1,1,1,1,36,2,2,0.0,0.0,0.0,0.0,0.0,2.0,18,1,7
151875,15,7,3,0,6,3,6,1,0,1,2,18,2,2,0.0,0.0,0.0,0.0,0.0,3.0,11,2,10
9510,4,10,1,0,8,3,4,5,1,1,1,36,2,2,0.0,0.0,0.0,0.0,0.0,2.0,4,6,1
7958,16,11,5,10,8,3,5,5,1,1,2,36,2,2,0.0,0.0,0.0,0.0,0.0,2.0,13,3,1
116679,16,2,2,10,8,3,0,1,1,1,2,18,2,2,0.0,0.0,0.0,0.0,0.0,2.0,20,5,8
3617,16,11,5,10,3,3,5,5,1,1,2,36,2,2,0.0,0.0,0.0,0.0,0.0,2.0,17,6,1
46506,16,7,1,0,2,3,6,1,0,1,2,36,2,2,0.0,0.0,0.0,0.0,0.0,2.0,21,7,4
68455,16,3,3,17,8,3,6,1,0,1,2,24,2,2,0.0,0.0,0.0,0.0,0.0,2.0,10,4,5
1059,16,2,1,9,8,3,0,1,0,1,2,18,2,1,1.0,0.0,1.0,0.0,0.0,1.0,20,4,1
173636,15,7,3,7,6,3,6,5,1,1,2,36,2,2,0.0,0.0,0.0,0.0,0.0,1.0,7,1,12
16455,15,2,1,17,8,3,6,1,0,1,2,18,2,2,0.0,0.0,0.0,0.0,0.0,5.0,21,1,2
124093,15,2,0,0,6,3,0,1,0,1,2,36,2,2,0.0,0.0,0.0,0.0,0.0,2.0,0,2,9
75061,16,2,3,10,2,3,0,1,1,1,1,21,2,2,0.0,0.0,0.0,0.0,0.0,4.0,8,5,6
175898,16,2,3,17,6,3,0,1,0,1,2,24,2,3,1.0,0.0,0.0,1.0,0.0,4.0,14,7,12
161823,4,2,3,15,2,3,0,1,1,0,1,22,2,2,0.0,0.0,0.0,0.0,0.0,2.0,15,5,11
41572,16,2,3,0,8,3,0,1,1,1,0,18,2,2,0.0,0.0,0.0,0.0,0.0,6.0,13,3,3
83464,15,2,3,0,6,3,0,1,0,1,2,18,2,2,0.0,0.0,0.0,0.0,0.0,3.0,14,4,6
168740,15,2,3,17,8,3,0,1,0,1,2,12,2,2,0.0,0.0,0.0,0.0,0.0,2.0,10,7,11
40679,16,2,3,15,8,5,0,1,1,1,2,24,2,2,0.0,0.0,0.0,0.0,0.0,2.0,16,5,3
90499,4,2,3,17,3,3,0,1,1,1,2,18,2,2,0.0,0.0,0.0,0.0,0.0,2.0,10,6,7
57401,16,2,3,15,10,3,0,1,1,1,2,36,2,2,0.0,0.0,0.0,0.0,0.0,2.0,16,6,5
133366,4,2,3,0,8,3,0,1,1,1,1,18,2,2,0.0,0.0,0.0,0.0,0.0,2.0,23,5,9
79232,16,2,1,0,6,3,0,5,0,1,2,6,2,2,0.0,0.0,0.0,0.0,0.0,2.0,1,6,6
130475,16,2,3,10,15,3,0,1,1,1,2,6,2,2,0.0,0.0,0.0,0.0,0.0,2.0,8,1,9
152345,15,2,3,0,2,3,0,1,0,1,2,37,2,4,1.0,0.0,0.0,0.0,1.0,2.0,12,6,10
184338,17,2,3,10,6,3,5,5,1,1,1,12,2,2,0.0,0.0,0.0,0.0,0.0,2.0,15,1,12
76744,16,2,3,17,10,3,0,1,1,1,2,11,2,2,0.0,0.0,0.0,0.0,0.0,3.0,10,2,6
136717,16,2,3,10,10,3,0,1,0,1,2,36,2,2,0.0,0.0,0.0,0.0,0.0,2.0,13,3,9
86499,16,3,2,0,6,3,0,1,0,1,2,6,3,1,4.0,0.0,2.0,1.0,1.0,0.0,5,2,6
111118,4,2,2,17,8,3,0,1,1,1,2,24,2,2,0.0,0.0,0.0,0.0,0.0,2.0,21,6,8
164940,16,2,1,11,16,3,0,5,0,1,2,6,2,3,3.0,0.0,0.0,3.0,0.0,0.0,3,1,11
27244,15,2,1,0,8,3,0,1,1,1,2,18,2,2,0.0,0.0,0.0,0.0,0.0,3.0,18,3,2
43724,16,3,3,0,8,3,0,1,0,1,2,6,4,3,2.0,0.0,0.0,2.0,0.0,3.0,12,4,4
3876,16,2,1,10,8,3,4,1,0,1,0,39,2,4,1.0,0.0,0.0,0.0,1.0,1.0,20,7,1
125219,16,2,3,0,16,3,0,1,0,1,2,5,2,1,3.0,0.0,1.0,2.0,0.0,0.0,7,5,9
154695,15,2,3,10,3,3,0,1,0,1,2,12,2,3,1.0,0.0,0.0,1.0,0.0,2.0,14,6,10
87724,16,2,3,10,2,3,0,1,0,0,0,17,2,4,1.0,0.0,0.0,0.0,1.0,2.0,14,1,6
175483,16,2,3,3,1,3,0,1,0,1,2,36,2,2,0.0,0.0,0.0,0.0,0.0,3.0,7,5,12
101475,15,2,1,0,6,3,0,1,0,1,2,5,2,2,0.0,0.0,0.0,0.0,0.0,2.0,1,2,7
33637,15,2,3,0,8,3,0,1,0,1,2,36,2,2,0.0,0.0,0.0,0.0,0.0,4.0,15,7,3
106256,16,2,0,10,10,3,0,1,1,1,1,19,2,2,0.0,0.0,0.0,0.0,0.0,3.0,21,1,8
113989,16,2,4,17,2,3,0,5,1,1,1,22,2,2,0.0,0.0,0.0,0.0,0.0,2.0,18,2,8
70003,15,2,3,8,8,3,0,1,0,1,0,38,2,3,1.0,0.0,0.0,1.0,0.0,1.0,9,7,5
160737,4,7,1,9,8,3,6,5,0,1,2,36,3,3,1.0,0.0,0.0,1.0,0.0,1.0,16,7,11
122470,15,2,1,17,8,3,0,1,1,1,2,28,2,2,0.0,0.0,0.0,0.0,0.0,3.0,21,6,9
139941,16,2,1,0,2,3,0,1,1,1,2,18,2,2,0.0,0.0,0.0,0.0,0.0,2.0,21,5,10
104611,16,2,3,17,8,3,0,1,0,1,2,18,2,2,0.0,0.0,0.0,0.0,0.0,6.0,17,5,8
139825,15,2,4,8,6,3,0,5,0,1,2,5,2,3,1.0,0.0,0.0,1.0,0.0,1.0,19,6,10
96494,4,2,3,10,8,3,0,1,0,0,2,23,2,1,2.0,0.0,1.0,1.0,0.0,0.0,9,2,7
169366,16,7,2,17,3,0,6,5,1,1,2,36,2,2,0.0,0.0,0.0,0.0,0.0,2.0,6,4,11
184372,15,2,3,0,8,3,0,1,0,1,2,18,2,2,0.0,0.0,0.0,0.0,0.0,2.0,9,1,12
154213,16,7,1,17,8,3,6,1,1,1,2,24,2,2,0.0,0.0,0.0,0.0,0.0,2.0,22,6,10
39124,4,3,3,17,8,3,0,1,0,1,2,36,2,2,0.0,0.0,0.0,0.0,0.0,2.0,16,5,3
80455,15,7,1,0,10,3,6,1,1,1,2,15,2,2,0.0,0.0,0.0,0.0,0.0,3.0,23,7,6
128450,16,2,3,0,10,3,0,1,1,1,1,6,2,2,0.0,0.0,0.0,0.0,0.0,3.0,16,7,9
144780,15,2,3,0,6,3,0,1,0,1,2,5,2,2,0.0,0.0,0.0,0.0,0.0,3.0,13,1,10
79181,16,2,3,8,8,3,0,1,0,1,2,18,2,3,1.0,0.0,0.0,1.0,0.0,1.0,16,4,6
147347,16,2,3,15,10,3,0,1,0,1,2,36,2,2,0.0,0.0,0.0,0.0,0.0,2.0,10,3,10
23432,15,2,0,2,10,3,0,1,1,1,2,26,1,2,0.0,0.0,0.0,0.0,0.0,1.0,3,1,2
100146,16,2,3,17,2,3,0,1,0,1,2,18,2,1,4.0,0.0,1.0,1.0,2.0,2.0,12,2,7
158357,16,2,0,17,8,3,0,1,1,1,2,36,2,2,0.0,0.0,0.0,0.0,0.0,3.0,19,6,11
31637,16,2,3,17,8,3,0,1,0,1,2,26,2,2,0.0,0.0,0.0,0.0,0.0,4.0,11,1,3
85610,15,2,3,17,6,3,0,1,1,1,0,36,2,2,0.0,0.0,0.0,0.0,0.0,3.0,10,1,6
103174,15,2,3,0,6,3,0,1,0,1,2,18,2,3,1.0,0.0,0.0,1.0,0.0,3.0,9,6,7
82643,16,2,3,0,8,3,0,1,0,1,2,6,2,3,2.0,0.0,0.0,1.0,1.0,2.0,13,4,6
1859,16,2,1,2,8,3,0,5,0,1,2,14,1,2,0.0,0.0,0.0,0.0,0.0,1.0,6,5,1
37827,15,2,1,0,15,3,0,1,0,1,1,11,2,2,0.0,0.0,0.0,0.0,0.0,3.0,23,1,3
31412,15,2,3,10,10,4,0,1,1,1,1,19,2,2,0.0,0.0,0.0,0.0,0.0,2.0,8,3,3
142709,16,2,3,17,15,3,0,1,0,1,2,36,2,2,0.0,0.0,0.0,0.0,0.0,2.0,9,4,10
133116,4,2,3,17,8,3,0,1,0,1,2,36,2,2,0.0,0.0,0.0,0.0,0.0,2.0,14,1,9
163138,15,2,3,17,2,3,0,1,0,1,2,18,2,2,0.0,0.0,0.0,0.0,0.0,2.0,8,4,11
56216,15,2,1,14,8,3,0,1,1,1,2,36,2,2,0.0,0.0,0.0,0.0,0.0,2.0,19,6,5
81948,4,2,3,17,15,3,0,1,1,1,2,24,2,2,0.0,0.0,0.0,0.0,0.0,5.0,14,2,6
105658,16,3,3,17,8,3,0,5,1,1,1,24,2,2,0.0,0.0,0.0,0.0,0.0,4.0,12,6,8
126101,4,2,3,15,8,3,0,1,1,1,1,24,2,2,0.0,0.0,0.0,0.0,0.0,2.0,11,2,9
173289,16,2,1,15,10,3,0,1,1,1,2,24,2,2,0.0,0.0,0.0,0.0,0.0,2.0,19,1,12
164772,16,7,3,10,8,3,6,1,1,1,2,19,2,2,0.0,0.0,0.0,0.0,0.0,2.0,15,6,11
116462,15,2,3,10,6,3,0,1,0,1,1,36,2,2,0.0,0.0,0.0,0.0,0.0,5.0,11,3,8
107774,16,2,3,10,10,3,0,1,1,1,2,19,2,2,0.0,0.0,0.0,0.0,0.0,2.0,14,4,8
57832,16,2,4,17,16,3,0,1,1,1,2,36,2,2,0.0,0.0,0.0,0.0,0.0,2.0,21,5,5
159670,16,2,3,8,8,3,0,5,0,1,1,36,2,3,1.0,0.0,0.0,1.0,0.0,1.0,7,5,11
6050,16,2,3,17,8,3,0,1,0,1,2,18,2,3,2.0,0.0,0.0,2.0,0.0,0.0,8,7,1
2505,16,2,3,10,2,3,0,1,1,1,2,19,2,2,0.0,0.0,0.0,0.0,0.0,4.0,13,1,1
57883,16,3,3,17,8,3,0,5,0,1,2,18,2,2,0.0,0.0,0.0,0.0,0.0,2.0,19,7,5
42839,16,2,0,17,8,2,0,1,1,1,1,23,2,2,0.0,0.0,0.0,0.0,0.0,2.0,19,3,4
23436,15,2,4,8,8,3,0,1,0,1,1,18,2,4,1.0,0.0,0.0,0.0,1.0,4.0,17,1,2
186904,15,2,2,9,8,3,6,1,0,1,2,5,2,3,1.0,0.0,0.0,1.0,0.0,1.0,7,4,12
57078,16,2,3,10,3,3,0,1,0,1,2,18,2,3,2.0,0.0,0.0,2.0,0.0,3.0,12,5,5
145356,15,2,3,0,8,3,0,1,1,1,2,18,2,2,0.0,0.0,0.0,0.0,0.0,4.0,16,2,10
60826,15,2,3,7,15,3,0,1,0,1,2,24,3,2,0.0,0.0,0.0,0.0,0.0,2.0,11,2,5
46878,15,2,3,10,8,3,0,1,1,1,2,19,4,2,0.0,0.0,0.0,0.0,0.0,4.0,11,7,4
26454,4,2,3,17,2,3,6,1,1,1,1,36,2,2,0.0,0.0,0.0,0.0,0.0,2.0,15,6,2
183551,16,2,4,15,8,3,0,5,1,1,1,22,2,2,0.0,0.0,0.0,0.0,0.0,2.0,21,6,12
85512,4,2,3,9,8,3,0,1,0,1,2,11,2,3,1.0,0.0,0.0,1.0,0.0,1.0,19,7,6
78244,16,2,3,17,2,3,0,5,1,1,2,36,2,2,0.0,0.0,0.0,0.0,0.0,2.0,17,4,6
10969,16,2,3,15,2,3,6,1,1,1,2,23,2,2,0.0,0.0,0.0,0.0,0.0,4.0,7,2,1
185884,15,2,1,17,6,3,0,1,0,1,1,18,2,2,0.0,0.0,0.0,0.0,0.0,2.0,19,7,12
131304,16,2,1,15,8,3,0,1,1,1,1,23,2,2,0.0,0.0,0.0,0.0,0.0,3.0,19,4,9
53975,16,3,2,15,10,3,0,1,1,1,0,22,2,2,0.0,0.0,0.0,0.0,0.0,2.0,11,4,4
131749,16,2,3,0,6,3,0,1,1,1,2,18,2,2,0.0,0.0,0.0,0.0,0.0,4.0,17,6,9
94217,16,2,1,2,2,3,0,1,1,1,2,14,1,2,0.0,0.0,0.0,0.0,0.0,1.0,3,2,7
114356,4,7,3,17,6,3,6,1,1,1,2,3,2,2,0.0,0.0,0.0,0.0,0.0,3.0,13,7,8
110165,15,2,3,0,18,3,5,5,1,1,1,36,2,2,0.0,0.0,0.0,0.0,0.0,3.0,12,5,8
70490,16,2,3,17,8,3,0,1,1,1,2,6,2,2,0.0,0.0,0.0,0.0,0.0,3.0,10,1,5
135615,16,2,3,9,8,3,0,1,0,1,2,18,2,3,1.0,0.0,0.0,1.0,0.0,1.0,15,2,9
100994,15,2,1,10,6,3,6,1,1,1,2,36,2,2,0.0,0.0,0.0,0.0,0.0,2.0,23,1,7
187982,15,7,3,0,6,3,6,1,0,1,2,18,2,2,0.0,0.0,0.0,0.0,0.0,2.0,11,6,12
180196,16,2,3,14,8,3,0,1,1,1,2,36,2,2,0.0,0.0,0.0,0.0,0.0,2.0,9,6,12
20341,4,2,3,17,8,3,5,5,0,1,1,18,2,2,0.0,0.0,0.0,0.0,0.0,2.0,14,6,2
139028,16,3,3,0,6,3,0,1,0,1,2,18,2,4,1.0,0.0,0.0,0.0,1.0,2.0,7,7,10
182419,15,2,3,17,15,4,0,1,1,1,1,18,2,2,0.0,0.0,0.0,0.0,0.0,2.0,9,4,12
138618,15,2,3,0,6,3,0,1,0,1,2,18,2,2,0.0,0.0,0.0,0.0,0.0,2.0,18,2,10
74674,16,2,3,15,8,3,5,5,1,1,2,18,2,2,0.0,0.0,0.0,0.0,0.0,2.0,13,1,6
120519,16,2,1,0,2,3,0,1,0,1,2,18,2,3,2.0,0.0,0.0,2.0,0.0,2.0,1,6,9
169839,16,3,3,17,8,3,0,1,1,1,1,26,2,2,0.0,0.0,0.0,0.0,0.0,2.0,11,3,11
154776,16,7,1,10,8,3,6,1,0,1,2,39,2,2,0.0,0.0,0.0,0.0,0.0,2.0,2,7,10
21025,16,2,1,17,8,3,0,1,1,1,2,9,2,2,0.0,0.0,0.0,0.0,0.0,2.0,17,3,2
120816,15,2,3,17,6,4,0,1,0,1,2,17,2,2,0.0,0.0,0.0,0.0,0.0,2.0,7,4,9
171436,15,2,3,17,8,3,0,1,1,1,2,18,2,2,0.0,0.0,0.0,0.0,0.0,2.0,7,3,11
154675,16,7,3,15,6,3,6,1,0,1,2,18,2,2,0.0,0.0,0.0,0.0,0.0,2.0,10,4,10
98532,16,2,3,17,6,3,0,1,0,1,2,18,4,3,1.0,0.0,0.0,1.0,0.0,4.0,18,5,7
102065,16,2,0,17,1,3,0,1,0,1,0,11,2,2,0.0,0.0,0.0,0.0,0.0,2.0,1,4,7
165305,15,2,3,9,2,3,6,1,0,1,0,36,2,3,1.0,0.0,0.0,1.0,0.0,1.0,10,4,11
88939,4,2,3,17,8,3,0,1,1,1,2,18,2,2,0.0,0.0,0.0,0.0,0.0,2.0,15,4,7
47795,16,2,3,17,2,3,0,1,0,1,2,18,2,2,0.0,0.0,0.0,0.0,0.0,2.0,15,3,4
65088,16,2,3,10,8,3,0,1,0,1,1,19,2,3,1.0,0.0,0.0,1.0,0.0,2.0,12,5,5
168485,16,2,3,17,8,3,0,1,1,1,2,36,2,2,0.0,0.0,0.0,0.0,0.0,3.0,9,4,11
78741,16,2,3,10,2,3,0,1,1,1,2,36,2,2,0.0,0.0,0.0,0.0,0.0,4.0,12,5,6
153989,16,2,3,17,8,3,0,1,1,1,1,24,2,2,0.0,0.0,0.0,0.0,0.0,3.0,18,2,10
97541,16,11,3,17,10,3,5,5,1,1,2,19,2,2,0.0,0.0,0.0,0.0,0.0,2.0,7,4,7
91671,16,2,3,10,3,3,0,1,0,1,2,17,2,3,1.0,0.0,0.0,1.0,0.0,1.0,15,5,7
102267,4,2,3,17,8,3,0,1,1,1,2,38,2,2,0.0,0.0,0.0,0.0,0.0,3.0,13,1,7
23691,16,2,3,15,2,3,0,1,1,1,1,36,2,2,0.0,0.0,0.0,0.0,0.0,2.0,7,4,2
19982,16,2,1,10,10,3,0,1,1,1,2,36,2,2,0.0,0.0,0.0,0.0,0.0,3.0,23,6,2
132273,16,2,3,10,2,2,0,1,0,1,2,17,3,4,3.0,0.0,0.0,0.0,3.0,2.0,12,4,9
35466,16,2,3,17,2,3,0,1,1,1,2,18,2,2,0.0,0.0,0.0,0.0,0.0,2.0,12,7,3
82036,0,2,1,8,6,3,0,1,0,1,0,36,2,4,1.0,0.0,0.0,0.0,1.0,1.0,23,4,6
128757,17,11,5,17,8,3,5,5,1,1,2,36,2,2,0.0,0.0,0.0,0.0,0.0,2.0,14,6,9
9986,15,2,3,0,8,3,1,1,0,1,2,36,2,2,0.0,0.0,0.0,0.0,0.0,2.0,7,7,1
131970,16,2,1,9,1,3,0,1,0,1,2,36,2,3,1.0,0.0,0.0,1.0,0.0,1.0,19,6,9
26310,16,2,3,0,3,3,0,1,0,1,2,6,2,2,0.0,0.0,0.0,0.0,0.0,4.0,10,2,2
125882,16,2,1,0,6,3,0,1,0,1,2,6,2,2,0.0,0.0,0.0,0.0,0.0,2.0,23,7,9
45430,16,2,1,10,8,3,0,1,1,1,2,17,2,2,0.0,0.0,0.0,0.0,0.0,2.0,21,1,4
65846,16,2,1,17,2,3,0,1,1,1,2,23,2,2,0.0,0.0,0.0,0.0,0.0,3.0,23,5,5
133217,4,2,3,0,8,3,0,1,1,1,2,36,2,2,0.0,0.0,0.0,0.0,0.0,2.0,7,2,9
60054,16,2,3,15,8,3,0,1,1,1,1,17,2,2,0.0,0.0,0.0,0.0,0.0,3.0,13,4,5
146718,16,11,4,17,3,3,5,1,1,1,2,36,2,2,0.0,0.0,0.0,0.0,0.0,2.0,17,1,10
90581,16,2,3,0,2,3,0,1,0,1,2,18,2,4,2.0,0.0,0.0,0.0,2.0,1.0,15,2,7
86938,15,7,3,0,2,3,0,1,1,1,1,18,2,2,0.0,0.0,0.0,0.0,0.0,2.0,18,2,6
172027,16,2,4,17,6,3,0,1,0,1,2,36,2,4,3.0,0.0,0.0,0.0,3.0,1.0,17,5,11
142720,15,2,3,0,6,3,0,0,0,1,2,18,2,3,1.0,0.0,0.0,1.0,0.0,1.0,11,4,10
188799,16,2,3,10,2,3,0,1,1,1,1,19,2,2,0.0,0.0,0.0,0.0,0.0,6.0,15,5,12
23583,4,2,3,17,8,3,0,1,1,1,1,18,2,2,0.0,0.0,0.0,0.0,0.0,2.0,15,3,2
3424,15,2,3,0,10,3,0,5,1,1,2,36,2,2,0.0,0.0,0.0,0.0,0.0,2.0,10,1,1
100578,16,2,3,0,8,3,0,1,0,1,2,6,2,3,1.0,0.0,0.0,1.0,0.0,1.0,7,2,7
27302,16,2,0,14,8,3,0,1,1,1,2,21,2,2,0.0,0.0,0.0,0.0,0.0,3.0,19,4,2
154851,16,2,1,2,3,3,0,1,0,1,2,12,1,3,1.0,0.0,0.0,1.0,0.0,0.0,2,1,10
33781,16,2,3,10,6,3,0,5,1,1,2,18,2,2,0.0,0.0,0.0,0.0,0.0,2.0,7,3,3
145784,16,2,3,15,3,3,5,5,1,1,1,26,2,2,0.0,0.0,0.0,0.0,0.0,2.0,13,7,10
99547,16,2,3,10,8,3,0,1,1,1,2,19,2,2,0.0,0.0,0.0,0.0,0.0,2.0,16,7,7
13821,16,2,1,0,8,3,0,1,0,1,2,36,2,2,0.0,0.0,0.0,0.0,0.0,3.0,21,2,1
248,16,2,1,17,8,3,0,1,1,1,2,24,2,2,0.0,0.0,0.0,0.0,0.0,2.0,4,6,1
106787,4,7,3,17,2,3,6,1,0,0,2,39,2,2,0.0,0.0,0.0,0.0,0.0,2.0,11,2,8
106155,16,2,1,10,2,3,0,1,1,1,1,36,2,2,0.0,0.0,0.0,0.0,0.0,2.0,21,6,8
61958,16,7,3,0,6,3,6,1,0,1,2,17,2,2,0.0,0.0,0.0,0.0,0.0,2.0,18,6,5
81835,15,2,3,0,6,3,0,1,0,1,2,18,3,4,1.0,0.0,0.0,0.0,1.0,4.0,11,7,6
67106,16,6,3,17,2,3,6,1,1,1,2,24,2,2,0.0,0.0,0.0,0.0,0.0,2.0,11,3,5
30454,15,7,0,15,8,3,6,5,1,1,1,36,2,2,0.0,0.0,0.0,0.0,0.0,2.0,5,3,3
72147,4,2,3,17,8,3,0,1,0,1,0,36,2,3,1.0,0.0,0.0,1.0,0.0,1.0,14,5,6
185630,16,6,1,0,6,3,0,1,0,1,2,6,2,3,2.0,0.0,0.0,2.0,0.0,2.0,22,1,12
22555,16,2,3,10,8,3,0,1,1,1,1,17,2,2,0.0,0.0,0.0,0.0,0.0,2.0,13,6,2
175157,16,3,3,10,2,3,6,1,0,1,2,36,3,2,0.0,0.0,0.0,0.0,0.0,3.0,9,1,12
17726,16,2,3,10,6,3,0,5,0,1,2,13,3,1,2.0,0.0,1.0,1.0,0.0,1.0,9,2,2
161120,16,2,1,17,8,3,0,1,0,1,2,18,2,3,1.0,0.0,0.0,1.0,0.0,2.0,18,4,11
94299,16,2,0,8,8,3,0,1,0,1,0,36,2,3,1.0,0.0,0.0,1.0,0.0,1.0,19,3,7
180191,4,3,3,15,8,3,0,1,1,1,2,22,2,2,0.0,0.0,0.0,0.0,0.0,2.0,8,6,12
120906,16,2,3,15,6,3,0,5,1,1,2,22,2,2,0.0,0.0,0.0,0.0,0.0,3.0,9,5,9
101975,16,2,1,14,2,3,0,1,1,1,2,37,3,2,0.0,0.0,0.0,0.0,0.0,2.0,20,1,7
63277,15,2,3,8,8,3,0,1,0,1,0,18,2,3,1.0,0.0,0.0,1.0,0.0,1.0,11,4,5
45151,4,2,3,2,2,3,0,1,1,1,1,36,1,2,0.0,0.0,0.0,0.0,0.0,2.0,8,4,4
60628,16,2,3,9,3,3,0,1,0,1,2,18,2,1,1.0,0.0,1.0,0.0,0.0,4.0,9,5,5
163580,15,2,3,10,2,3,0,1,0,1,2,19,2,4,1.0,0.0,0.0,0.0,1.0,2.0,10,1,11
8638,15,2,1,10,10,3,0,1,1,0,2,36,2,2,0.0,0.0,0.0,0.0,0.0,2.0,22,4,1
82539,17,2,3,17,18,3,5,5,1,1,1,12,2,2,0.0,0.0,0.0,0.0,0.0,2.0,10,3,6
71953,16,2,3,9,8,3,0,1,0,1,0,26,2,3,1.0,0.0,0.0,1.0,0.0,1.0,8,7,6
72442,16,2,3,10,6,3,0,1,1,1,2,17,2,2,0.0,0.0,0.0,0.0,0.0,2.0,15,1,6
112711,16,2,3,17,6,3,0,1,1,1,0,17,2,2,0.0,0.0,0.0,0.0,0.0,4.0,15,2,8
138966,15,2,3,15,8,3,0,1,1,1,2,23,2,2,0.0,0.0,0.0,0.0,0.0,4.0,7,5,10
33090,16,7,3,8,8,3,6,1,0,1,0,18,2,3,1.0,0.0,0.0,1.0,0.0,1.0,9,4,3
52,4,9,1,14,8,3,4,1,0,1,2,36,2,3,1.0,0.0,0.0,1.0,0.0,3.0,3,2,1
64062,16,2,3,0,6,3,0,1,0,1,2,6,2,2,0.0,0.0,0.0,0.0,0.0,4.0,10,5,5
127281,4,2,3,17,8,3,0,1,0,1,2,22,2,1,1.0,0.0,1.0,0.0,0.0,1.0,17,5,9
136079,16,2,3,0,2,3,0,1,0,1,1,36,2,2,0.0,0.0,0.0,0.0,0.0,2.0,16,7,9
103288,16,2,3,15,3,3,0,1,0,1,2,22,2,3,1.0,0.0,0.0,1.0,0.0,1.0,15,1,7
1740,16,2,1,15,6,3,6,1,1,1,0,22,2,2,0.0,0.0,0.0,0.0,0.0,2.0,17,3,1
91005,15,2,0,0,8,3,0,1,0,1,1,18,2,2,0.0,0.0,0.0,0.0,0.0,2.0,23,7,7
104893,16,11,3,9,10,3,2,2,0,1,2,36,2,3,1.0,0.0,0.0,1.0,0.0,1.0,19,3,8
170219,16,2,3,17,8,3,0,1,1,1,2,36,2,2,0.0,0.0,0.0,0.0,0.0,3.0,16,3,11
119260,15,2,3,17,15,3,0,5,0,1,2,18,2,3,1.0,0.0,0.0,1.0,0.0,1.0,14,3,8
118694,16,2,3,17,8,3,0,1,0,1,2,18,2,2,0.0,0.0,0.0,0.0,0.0,5.0,17,2,8
88063,15,2,3,15,8,3,0,5,1,1,2,18,2,2,0.0,0.0,0.0,0.0,0.0,5.0,17,5,7
117462,4,2,3,7,8,3,0,5,1,1,0,36,2,2,0.0,0.0,0.0,0.0,0.0,1.0,16,5,8
128035,16,2,1,17,8,3,0,1,0,1,2,6,2,2,0.0,0.0,0.0,0.0,0.0,4.0,2,3,9
185350,15,2,1,17,8,3,0,1,1,1,2,24,2,2,0.0,0.0,0.0,0.0,0.0,2.0,22,2,12
182609,16,2,1,0,8,3,0,1,1,1,2,17,2,2,0.0,0.0,0.0,0.0,0.0,3.0,21,4,12
76654,16,7,1,17,8,3,6,1,0,1,2,18,2,4,1.0,0.0,0.0,0.0,1.0,1.0,21,1,6
23200,16,2,3,17,2,3,0,1,0,1,2,18,2,2,0.0,0.0,0.0,0.0,0.0,4.0,16,3,2
129203,11,2,1,7,6,3,0,1,0,1,2,37,3,1,3.0,0.0,1.0,2.0,0.0,0.0,2,5,9
175683,16,2,3,15,15,3,0,1,1,1,2,23,2,2,0.0,0.0,0.0,0.0,0.0,2.0,13,2,12
85914,15,2,3,17,3,3,0,1,1,1,1,24,2,2,0.0,0.0,0.0,0.0,0.0,3.0,15,7,6