crash_date,               traffic_control_device,weather_condition,lighting_condition,first_crash_type,trafficway_type,alignment,roadway_surface_cond,road_defect,crash_type,intersection_related_i,damage,prim_contributory_cause,num_units,most_severe_injury,injuries_total,injuries_fatal,injuries_incapacitating,injuries_non_incapacitating,injuries_reported_not_evident,injuries_no_indication,crash_hour,crash_day_of_week,crash_month
169881,16,3,1,0,6,3,6,1,0,1,2,6,2,1,2.0,0.0,1.0,1.0,0.0,0.0,0,5,11
167861,16,7,3,0,6,3,6,1,1,1,2,36,2,2,0.0,0.0,0.0,0.0,0.0,2.0,11,1,11
35338,16,2,3,17,10,3,0,1,1,1,2,19,2,2,0.0,0.0,0.0,0.0,0.0,2.0,11,5,3
21715,16,2,0,17,8,3,0,1,1,1,2,23,2,2,0.0,0.0,0.0,0.0,0.0,2.0,4,6,2
160367,16,7,1,0,10,3,6,1,1,1,2,16,3,2,0.0,0.0,0.0,0.0,0.0,3.0,5,6,11
54466,16,2,3,17,3,3,0,1,1,1,1,19,2,2,0.0,0.0,0.0,0.0,0.0,2.0,16,7,4
170063,4,2,0,15,6,3,0,1,0,1,2,28,2,1,1.0,0.0,1.0,0.0,0.0,2.0,5,3,11
16787,16,2,3,10,8,3,0,1,1,1,0,36,2,2,0.0,0.0,0.0,0.0,0.0,3.0,14,1,2
163666,15,7,3,0,8,3,6,1,0,1,1,18,2,2,0.0,0.0,0.0,0.0,0.0,2.0,11,4,11
98055,4,2,3,7,6,3,0,1,1,1,1,21,2,2,0.0,0.0,0.0,0.0,0.0,1.0,19,5,7
138152,15,2,3,17,8,3,0,1,1,1,1,18,2,2,0.0,0.0,0.0,0.0,0.0,2.0,17,6,10
98455,16,11,5,10,15,3,5,5,1,1,2,17,2,2,0.0,0.0,0.0,0.0,0.0,2.0,17,4,7
50729,16,2,3,15,8,3,0,1,1,1,2,23,2,2,0.0,0.0,0.0,0.0,0.0,2.0,7,4,4
130922,16,2,1,17,10,3,0,1,1,1,2,24,2,2,0.0,0.0,0.0,0.0,0.0,2.0,23,7,9
62969,16,2,0,17,6,3,0,1,0,1,2,18,2,2,0.0,0.0,0.0,0.0,0.0,5.0,23,7,5
113952,16,2,3,10,8,3,0,1,0,0,2,30,2,3,2.0,0.0,0.0,2.0,0.0,1.0,9,7,8
95952,16,2,3,17,6,3,0,1,0,1,2,36,2,2,0.0,0.0,0.0,0.0,0.0,3.0,15,3,7
70325,15,7,0,0,11,3,6,1,0,0,2,5,3,2,0.0,0.0,0.0,0.0,0.0,3.0,0,4,5
33987,16,7,1,9,10,3,6,1,0,1,0,18,2,3,1.0,0.0,0.0,1.0,0.0,1.0,23,4,3
37010,16,11,5,10,10,3,5,5,1,1,2,17,2,2,0.0,0.0,0.0,0.0,0.0,2.0,22,7,3
2866,4,2,3,17,17,3,0,5,0,1,2,36,2,3,1.0,0.0,0.0,1.0,0.0,3.0,14,2,1
48022,16,11,0,17,6,3,5,5,1,1,2,24,2,2,0.0,0.0,0.0,0.0,0.0,2.0,23,7,4
76046,4,2,3,0,8,3,0,1,1,1,2,18,2,2,0.0,0.0,0.0,0.0,0.0,2.0,16,6,6
166525,4,2,1,17,8,3,0,1,0,1,1,36,2,2,0.0,0.0,0.0,0.0,0.0,2.0,19,2,11
134992,16,2,1,10,10,3,0,1,1,1,2,19,2,2,0.0,0.0,0.0,0.0,0.0,2.0,10,5,9
173961,16,3,1,0,6,3,5,5,0,1,2,6,3,3,1.0,0.0,0.0,1.0,0.0,2.0,0,4,12
185601,16,4,1,8,6,3,6,1,1,1,0,17,2,2,0.0,0.0,0.0,0.0,0.0,2.0,3,1,12
158157,16,7,1,9,1,3,6,1,0,1,1,36,2,4,1.0,0.0,0.0,0.0,1.0,1.0,19,2,11
34331,4,10,3,10,8,3,4,1,1,1,1,19,2,2,0.0,0.0,0.0,0.0,0.0,2.0,16,3,3
157987,16,7,1,17,2,3,6,5,0,1,2,36,2,2,0.0,0.0,0.0,0.0,0.0,2.0,21,2,11
86628,16,2,3,9,6,3,0,1,1,1,0,36,2,2,0.0,0.0,0.0,0.0,0.0,2.0,10,4,6
99032,16,2,3,0,3,3,0,1,0,1,2,6,2,2,0.0,0.0,0.0,0.0,0.0,2.0,5,6,7
180424,15,7,1,2,2,3,6,5,0,1,2,39,1,2,0.0,0.0,0.0,0.0,0.0,2.0,3,4,12
60912,16,2,3,9,2,3,0,1,0,1,2,1,2,3,1.0,0.0,0.0,1.0,0.0,1.0,14,4,5
45701,4,2,3,8,0,3,0,1,1,1,0,36,2,2,0.0,0.0,0.0,0.0,0.0,2.0,15,7,4
170362,16,2,3,15,8,3,0,1,1,1,2,22,2,2,0.0,0.0,0.0,0.0,0.0,3.0,6,6,11
122327,16,2,3,10,3,3,0,5,1,1,0,36,2,2,0.0,0.0,0.0,0.0,0.0,2.0,10,3,9
48280,4,2,3,17,6,3,0,1,1,1,2,19,2,2,0.0,0.0,0.0,0.0,0.0,3.0,16,4,4
114612,16,2,1,3,8,3,0,1,1,1,2,36,2,2,0.0,0.0,0.0,0.0,0.0,2.0,20,2,8
140238,16,2,3,17,6,3,0,1,1,1,2,36,2,2,0.0,0.0,0.0,0.0,0.0,2.0,15,4,10
88884,16,2,4,0,10,3,0,1,1,1,0,12,2,2,0.0,0.0,0.0,0.0,0.0,2.0,18,3,7
41987,15,2,3,0,6,3,0,1,0,1,2,18,2,2,0.0,0.0,0.0,0.0,0.0,3.0,13,4,3
149127,16,2,1,2,8,3,0,1,0,1,2,28,1,2,0.0,0.0,0.0,0.0,0.0,2.0,0,1,10
121373,4,2,3,17,8,3,0,1,0,1,2,18,2,3,2.0,0.0,0.0,2.0,0.0,0.0,15,5,9
127076,16,2,3,10,2,3,0,1,0,1,2,36,3,4,2.0,0.0,0.0,0.0,2.0,2.0,11,3,9
160755,16,11,5,0,6,3,5,5,1,1,2,36,2,2,0.0,0.0,0.0,0.0,0.0,2.0,19,7,11
89557,4,2,3,10,2,3,0,1,1,1,2,19,2,2,0.0,0.0,0.0,0.0,0.0,2.0,16,7,7
26262,16,2,3,0,8,3,0,1,0,1,2,36,2,4,3.0,0.0,0.0,0.0,3.0,0.0,12,1,2
76649,15,2,3,0,2,3,0,1,0,1,2,3,2,2,0.0,0.0,0.0,0.0,0.0,4.0,19,1,6
99472,4,2,3,17,15,3,0,1,1,1,2,24,2,2,0.0,0.0,0.0,0.0,0.0,5.0,17,6,7
37680,15,2,3,0,8,3,0,1,1,1,2,18,2,2,0.0,0.0,0.0,0.0,0.0,4.0,15,5,3
187678,4,2,3,10,2,3,0,1,0,1,1,19,2,3,1.0,0.0,0.0,1.0,0.0,4.0,11,7,12
127750,15,2,3,0,8,3,0,1,1,1,1,18,2,2,0.0,0.0,0.0,0.0,0.0,2.0,16,4,9
119118,16,2,1,17,8,3,0,1,1,1,1,18,2,2,0.0,0.0,0.0,0.0,0.0,3.0,0,7,8
23135,15,2,3,17,8,3,1,1,1,1,1,19,2,2,0.0,0.0,0.0,0.0,0.0,4.0,12,1,2
7859,15,2,3,0,6,3,5,5,1,1,2,18,2,2,0.0,0.0,0.0,0.0,0.0,2.0,12,7,1
178050,15,2,1,0,8,3,0,1,1,1,1,36,2,2,0.0,0.0,0.0,0.0,0.0,2.0,19,7,12
155561,15,10,3,17,6,3,6,1,1,1,1,36,2,2,0.0,0.0,0.0,0.0,0.0,7.0,17,3,10
145117,16,7,1,14,15,3,6,1,0,1,2,26,2,2,0.0,0.0,0.0,0.0,0.0,3.0,23,6,10
93000,16,2,3,0,2,3,0,1,1,1,2,36,2,2,0.0,0.0,0.0,0.0,0.0,3.0,10,3,7
124163,16,2,3,17,2,3,0,1,0,1,2,18,2,1,2.0,0.0,2.0,0.0,0.0,0.0,15,4,9
178303,4,2,3,17,2,3,5,1,1,1,1,24,2,2,0.0,0.0,0.0,0.0,0.0,3.0,14,3,12
155616,15,3,3,0,6,3,0,1,0,1,2,38,2,2,0.0,0.0,0.0,0.0,0.0,2.0,15,5,10
42768,4,2,3,7,8,3,0,1,1,1,2,36,2,2,0.0,0.0,0.0,0.0,0.0,1.0,15,2,4
127920,16,2,3,10,8,3,0,1,1,1,1,28,2,2,0.0,0.0,0.0,0.0,0.0,3.0,14,7,9
71508,4,2,3,8,2,3,0,1,0,1,1,18,2,3,1.0,0.0,0.0,1.0,0.0,1.0,19,2,5
114343,16,2,3,0,8,3,0,1,0,1,2,18,2,3,1.0,0.0,0.0,1.0,0.0,1.0,10,6,8
69469,15,2,3,17,15,3,0,1,1,1,1,18,2,2,0.0,0.0,0.0,0.0,0.0,3.0,14,6,5
78035,16,2,1,17,15,3,0,5,0,1,2,6,2,3,1.0,0.0,0.0,1.0,0.0,1.0,2,2,6
112784,15,2,3,0,8,3,0,1,1,1,2,36,3,2,0.0,0.0,0.0,0.0,0.0,3.0,10,3,8
52587,15,2,3,0,8,3,0,1,0,1,2,18,2,2,0.0,0.0,0.0,0.0,0.0,3.0,17,3,4
67796,16,2,3,14,8,3,0,5,1,1,2,36,2,2,0.0,0.0,0.0,0.0,0.0,2.0,14,1,5
41189,16,2,3,17,6,3,0,1,0,1,2,18,2,2,0.0,0.0,0.0,0.0,0.0,4.0,8,2,3
12942,16,2,3,9,8,3,0,1,0,1,0,26,2,4,1.0,0.0,0.0,0.0,1.0,1.0,14,7,1
41666,16,7,1,0,19,3,6,1,1,1,2,36,2,2,0.0,0.0,0.0,0.0,0.0,4.0,20,4,3
173609,4,7,1,2,0,3,6,1,1,0,2,26,1,2,0.0,0.0,0.0,0.0,0.0,2.0,1,1,12
172819,16,2,3,17,8,3,0,1,1,1,1,17,2,2,0.0,0.0,0.0,0.0,0.0,4.0,13,1,12
116138,4,2,3,17,8,3,0,1,1,1,2,36,2,2,0.0,0.0,0.0,0.0,0.0,2.0,15,4,8
56748,16,2,3,17,3,3,0,1,0,1,2,18,2,2,0.0,0.0,0.0,0.0,0.0,2.0,6,1,5
54185,17,2,1,17,2,3,0,1,0,1,2,28,2,3,2.0,0.0,0.0,1.0,1.0,1.0,0,7,4
51777,16,7,1,10,8,3,6,5,0,1,2,17,3,2,0.0,0.0,0.0,0.0,0.0,3.0,21,2,4
46821,16,2,3,10,8,3,0,1,1,1,1,36,2,2,0.0,0.0,0.0,0.0,0.0,2.0,7,5,4
27091,16,2,2,10,8,3,0,1,1,0,2,19,2,2,0.0,0.0,0.0,0.0,0.0,3.0,5,1,2
100839,16,2,1,15,2,3,0,1,1,1,1,36,2,2,0.0,0.0,0.0,0.0,0.0,6.0,21,5,7
31982,15,2,0,0,10,3,0,1,1,1,2,23,2,2,0.0,0.0,0.0,0.0,0.0,2.0,20,6,3
1344,16,4,1,10,2,3,6,5,0,1,2,17,2,2,0.0,0.0,0.0,0.0,0.0,3.0,18,3,1
157739,16,2,3,9,6,3,0,1,0,1,0,18,2,3,1.0,0.0,0.0,1.0,0.0,1.0,16,5,11
117479,15,2,3,0,8,3,0,1,0,0,2,5,2,3,1.0,0.0,0.0,1.0,0.0,1.0,19,5,8
749,16,2,3,17,8,3,0,1,0,1,2,35,2,4,1.0,0.0,0.0,0.0,1.0,2.0,12,5,1
11393,16,11,5,0,11,3,5,5,1,1,2,36,2,2,0.0,0.0,0.0,0.0,0.0,2.0,16,3,1
128440,16,2,3,15,2,3,0,1,1,1,2,36,2,2,0.0,0.0,0.0,0.0,0.0,3.0,14,7,9
77704,16,2,3,17,8,3,0,5,1,1,2,17,2,2,0.0,0.0,0.0,0.0,0.0,2.0,9,3,6
1793,16,3,4,9,6,3,6,1,0,1,2,36,2,4,1.0,0.0,0.0,0.0,1.0,1.0,16,4,1
8651,4,2,3,15,17,3,0,1,1,0,2,22,2,2,0.0,0.0,0.0,0.0,0.0,2.0,13,5,1
142136,16,2,1,8,2,3,0,5,0,1,0,26,2,3,1.0,0.0,0.0,1.0,0.0,1.0,19,3,10
74425,16,2,3,15,3,3,0,5,1,1,2,36,2,2,0.0,0.0,0.0,0.0,0.0,2.0,13,3,6
124177,15,2,3,0,6,3,0,1,1,1,2,18,2,2,0.0,0.0,0.0,0.0,0.0,3.0,16,4,9
50930,16,2,3,15,2,3,0,1,1,1,0,36,2,2,0.0,0.0,0.0,0.0,0.0,3.0,16,2,4
113141,16,2,3,8,8,3,0,1,1,1,0,6,2,2,0.0,0.0,0.0,0.0,0.0,2.0,10,7,8
53512,15,2,3,8,10,3,0,5,0,1,0,18,2,4,1.0,0.0,0.0,0.0,1.0,4.0,15,5,4
106388,16,11,3,10,8,3,0,5,1,1,1,23,2,2,0.0,0.0,0.0,0.0,0.0,2.0,12,4,8
28663,4,2,1,17,8,3,0,1,1,1,2,24,2,2,0.0,0.0,0.0,0.0,0.0,2.0,18,6,3
116749,15,3,3,10,8,3,0,1,1,1,1,19,3,2,0.0,0.0,0.0,0.0,0.0,6.0,13,7,8
98500,16,2,3,17,8,3,0,1,1,1,2,24,2,2,0.0,0.0,0.0,0.0,0.0,2.0,12,4,7
61545,16,2,3,0,8,3,0,1,0,1,2,6,3,3,5.0,0.0,0.0,5.0,0.0,2.0,12,7,5
114397,16,2,3,17,8,3,0,1,1,1,1,18,2,2,0.0,0.0,0.0,0.0,0.0,2.0,9,7,8
112528,16,2,3,10,3,3,0,1,1,1,2,18,2,2,0.0,0.0,0.0,0.0,0.0,2.0,12,5,8
71391,16,2,3,10,16,3,0,1,1,1,0,19,2,2,0.0,0.0,0.0,0.0,0.0,2.0,11,6,5
7582,16,7,4,10,2,3,6,1,1,0,1,36,2,2,0.0,0.0,0.0,0.0,0.0,3.0,17,2,1
76914,16,2,3,8,6,3,0,1,0,1,0,18,2,4,1.0,0.0,0.0,0.0,1.0,3.0,18,6,6
136592,16,2,1,0,10,3,0,1,1,1,2,6,2,2,0.0,0.0,0.0,0.0,0.0,3.0,2,7,9
151653,16,2,4,17,10,3,5,5,1,1,2,24,2,2,0.0,0.0,0.0,0.0,0.0,2.0,18,5,10
64251,16,2,3,0,6,3,0,1,0,1,2,6,2,3,1.0,0.0,0.0,1.0,0.0,2.0,10,6,5
5619,16,10,3,10,3,3,4,6,0,1,1,39,2,4,1.0,0.0,0.0,0.0,1.0,2.0,9,7,1
168386,16,2,3,10,2,3,0,1,1,1,1,17,2,2,0.0,0.0,0.0,0.0,0.0,5.0,15,3,11
153353,16,2,1,10,8,3,6,1,1,1,1,19,2,2,0.0,0.0,0.0,0.0,0.0,2.0,17,4,10
163189,16,2,3,17,8,3,0,1,1,1,2,18,2,2,0.0,0.0,0.0,0.0,0.0,2.0,7,5,11
64316,15,2,3,0,2,3,0,1,1,1,1,18,2,2,0.0,0.0,0.0,0.0,0.0,2.0,15,2,5
94489,15,2,1,0,14,3,0,1,1,1,0,5,2,2,0.0,0.0,0.0,0.0,0.0,4.0,21,7,7
13450,15,10,3,17,8,3,4,1,0,1,2,18,2,2,0.0,0.0,0.0,0.0,0.0,2.0,8,2,1
91876,4,2,3,0,0,3,6,1,1,1,0,36,2,2,0.0,0.0,0.0,0.0,0.0,2.0,7,2,7
121825,16,7,3,13,10,3,6,1,1,1,1,18,2,2,0.0,0.0,0.0,0.0,0.0,2.0,10,3,9
142505,4,2,3,0,2,3,0,1,1,1,1,36,2,2,0.0,0.0,0.0,0.0,0.0,2.0,15,7,10
57695,15,2,3,2,8,4,0,1,0,1,2,13,1,2,0.0,0.0,0.0,0.0,0.0,1.0,15,3,5
61026,16,2,3,10,6,3,0,1,1,1,1,22,2,2,0.0,0.0,0.0,0.0,0.0,2.0,10,6,5
89437,15,2,3,0,8,3,0,1,0,1,2,18,2,2,0.0,0.0,0.0,0.0,0.0,4.0,19,4,7
12950,16,2,1,17,8,3,0,1,1,1,2,36,2,2,0.0,0.0,0.0,0.0,0.0,2.0,17,7,1
177531,15,2,1,17,8,3,0,1,1,1,2,18,2,2,0.0,0.0,0.0,0.0,0.0,2.0,19,7,12
188498,4,2,3,0,10,3,0,1,1,1,2,36,2,2,0.0,0.0,0.0,0.0,0.0,2.0,14,2,12
187414,16,7,0,17,6,3,6,5,1,1,2,36,2,2,0.0,0.0,0.0,0.0,0.0,2.0,16,5,12
104619,4,2,3,8,8,3,0,1,0,1,0,38,2,3,1.0,0.0,0.0,1.0,0.0,1.0,7,5,8
33699,4,7,3,17,15,3,6,1,0,1,2,18,3,2,0.0,0.0,0.0,0.0,0.0,3.0,16,1,3
42087,16,7,3,15,2,3,6,1,1,1,0,23,2,2,0.0,0.0,0.0,0.0,0.0,2.0,7,5,3
8075,16,2,1,17,1,3,0,1,0,1,2,37,2,1,1.0,0.0,1.0,0.0,0.0,4.0,22,1,1
116930,16,11,5,5,8,5,5,5,1,1,2,36,2,2,0.0,0.0,0.0,0.0,0.0,1.0,15,4,8
172229,4,2,3,9,3,3,0,1,0,1,0,18,2,3,1.0,0.0,0.0,1.0,0.0,1.0,11,6,12
57572,16,2,3,10,2,3,0,1,1,1,2,17,2,2,0.0,0.0,0.0,0.0,0.0,2.0,11,6,5
8214,4,2,3,17,2,3,0,1,0,1,2,38,2,4,1.0,0.0,0.0,0.0,1.0,3.0,7,5,1
718,16,2,0,17,2,3,6,1,0,1,2,17,2,2,0.0,0.0,0.0,0.0,0.0,2.0,19,5,1
53837,16,2,3,9,8,3,0,1,0,1,0,24,2,3,1.0,0.0,0.0,1.0,0.0,1.0,14,4,4
184980,15,2,3,0,6,3,0,1,0,1,2,5,2,4,1.0,0.0,0.0,0.0,1.0,1.0,12,4,12
133344,4,2,3,15,2,3,0,1,1,1,0,23,2,2,0.0,0.0,0.0,0.0,0.0,2.0,7,5,9
167247,16,3,1,10,6,3,6,1,1,1,1,36,2,2,0.0,0.0,0.0,0.0,0.0,2.0,23,5,11
28056,15,2,3,9,8,3,0,5,0,1,0,36,2,3,1.0,0.0,0.0,1.0,0.0,4.0,7,4,2
50864,16,2,1,0,6,3,0,1,0,1,2,36,2,2,0.0,0.0,0.0,0.0,0.0,2.0,4,7,4
5061,16,2,3,17,1,3,0,1,1,1,0,24,2,2,0.0,0.0,0.0,0.0,0.0,2.0,10,6,1
185997,16,2,3,17,1,3,0,1,0,1,2,18,2,2,0.0,0.0,0.0,0.0,0.0,4.0,11,2,12
62389,16,2,3,0,8,3,0,1,0,1,2,6,2,3,2.0,0.0,0.0,2.0,0.0,0.0,18,6,5
182886,16,2,3,0,15,3,0,5,1,1,2,18,2,2,0.0,0.0,0.0,0.0,0.0,2.0,14,3,12
44038,16,7,3,2,2,3,6,1,1,1,1,36,1,2,0.0,0.0,0.0,0.0,0.0,1.0,13,5,4
122556,16,2,1,17,9,3,0,1,1,1,2,24,2,2,0.0,0.0,0.0,0.0,0.0,5.0,1,1,9
176306,15,11,4,10,8,3,5,5,1,1,2,19,2,2,0.0,0.0,0.0,0.0,0.0,2.0,17,5,12
12162,16,3,3,10,8,3,0,1,0,1,2,19,2,4,1.0,0.0,0.0,0.0,1.0,3.0,7,2,1
61827,16,2,3,0,8,3,0,1,0,1,2,18,3,2,0.0,0.0,0.0,0.0,0.0,3.0,9,4,5
55224,15,7,0,7,15,3,6,1,0,1,2,30,2,2,0.0,0.0,0.0,0.0,0.0,1.0,21,4,4
113668,4,2,3,17,6,3,0,1,1,1,2,36,2,2,0.0,0.0,0.0,0.0,0.0,2.0,16,2,8
15238,15,2,3,10,6,3,0,1,1,1,1,19,2,2,0.0,0.0,0.0,0.0,0.0,2.0,14,7,2
34492,4,2,1,2,11,3,0,1,1,0,1,37,1,2,0.0,0.0,0.0,0.0,0.0,1.0,22,5,3
75215,16,2,1,10,8,3,0,1,1,1,0,12,2,2,0.0,0.0,0.0,0.0,0.0,2.0,21,1,6
151114,4,2,3,15,8,3,0,1,1,1,0,22,2,2,0.0,0.0,0.0,0.0,0.0,2.0,11,4,10
89222,16,2,3,17,6,3,0,1,1,1,2,36,2,2,0.0,0.0,0.0,0.0,0.0,6.0,15,2,7
42472,16,2,3,9,6,3,0,1,0,1,2,18,2,3,1.0,0.0,0.0,1.0,0.0,1.0,15,5,4
21294,16,3,1,0,11,3,4,1,0,1,2,6,2,1,2.0,0.0,1.0,1.0,0.0,0.0,5,6,2
187035,16,2,0,10,8,3,0,1,1,1,2,19,2,2,0.0,0.0,0.0,0.0,0.0,2.0,22,4,12
142894,16,2,3,17,8,3,6,2,1,1,1,17,2,2,0.0,0.0,0.0,0.0,0.0,3.0,18,4,10
47382,15,2,3,17,6,3,0,1,0,1,1,36,2,3,2.0,0.0,0.0,2.0,0.0,1.0,16,3,4
50195,16,2,3,10,8,3,0,1,1,0,0,17,2,2,0.0,0.0,0.0,0.0,0.0,4.0,8,3,4
111812,16,7,1,17,2,3,6,1,1,1,1,24,2,2,0.0,0.0,0.0,0.0,0.0,2.0,3,3,8
13523,16,2,3,10,8,3,6,1,1,1,1,19,2,2,0.0,0.0,0.0,0.0,0.0,3.0,16,5,1
32826,4,7,3,2,2,3,0,1,1,1,0,21,1,2,0.0,0.0,0.0,0.0,0.0,1.0,9,6,3
47274,16,2,3,15,8,3,0,1,1,1,1,36,2,2,0.0,0.0,0.0,0.0,0.0,2.0,12,6,4
49934,15,2,3,0,2,3,0,1,1,1,0,23,2,2,0.0,0.0,0.0,0.0,0.0,2.0,11,4,4
161667,16,2,1,2,3,3,0,1,0,1,2,12,1,2,0.0,0.0,0.0,0.0,0.0,1.0,1,6,11
52595,16,2,3,17,3,3,0,1,1,1,2,17,2,2,0.0,0.0,0.0,0.0,0.0,2.0,18,3,4
28516,4,2,1,17,8,3,0,1,0,1,2,18,2,2,0.0,0.0,0.0,0.0,0.0,2.0,21,2,3
19447,16,2,1,10,2,5,6,1,0,1,2,19,2,4,3.0,0.0,0.0,0.0,3.0,1.0,20,4,2
46880,16,7,0,2,10,3,6,5,0,1,2,23,1,2,0.0,0.0,0.0,0.0,0.0,2.0,23,7,4
185949,15,10,3,0,6,3,4,1,0,1,2,36,2,2,0.0,0.0,0.0,0.0,0.0,2.0,12,1,12
173154,16,2,3,10,2,3,0,1,1,1,2,19,2,2,0.0,0.0,0.0,0.0,0.0,2.0,12,7,12
149882,4,2,1,17,8,3,5,5,1,1,2,24,2,2,0.0,0.0,0.0,0.0,0.0,3.0,21,2,10
143843,15,2,3,0,2,3,0,1,0,1,2,36,2,2,0.0,0.0,0.0,0.0,0.0,4.0,12,3,10
113827,4,2,3,10,2,3,0,1,1,1,2,36,2,2,0.0,0.0,0.0,0.0,0.0,2.0,13,6,8
181724,4,2,3,0,18,3,5,1,1,1,2,18,2,2,0.0,0.0,0.0,0.0,0.0,3.0,14,1,12
27423,16,2,3,10,2,3,0,1,1,1,2,36,2,2,0.0,0.0,0.0,0.0,0.0,2.0,8,7,2
6792,16,2,3,15,8,3,0,1,1,1,2,22,2,2,0.0,0.0,0.0,0.0,0.0,2.0,15,6,1
148158,16,2,3,17,10,3,0,1,1,1,1,24,2,2,0.0,0.0,0.0,0.0,0.0,2.0,9,6,10
86644,4,2,1,7,8,3,0,1,0,0,2,11,2,2,0.0,0.0,0.0,0.0,0.0,1.0,1,6,6
61413,17,2,3,0,8,3,0,5,0,1,1,36,2,2,0.0,0.0,0.0,0.0,0.0,2.0,16,5,5
77481,15,2,3,0,6,3,0,1,0,1,2,36,4,3,1.0,0.0,0.0,1.0,0.0,2.0,3,1,6
4259,16,10,1,9,6,3,4,5,0,1,2,39,2,4,1.0,0.0,0.0,0.0,1.0,1.0,16,3,1
187620,16,2,3,17,8,3,0,1,1,1,1,24,2,2,0.0,0.0,0.0,0.0,0.0,2.0,16,7,12
35763,15,2,3,0,8,3,0,1,1,1,2,18,2,2,0.0,0.0,0.0,0.0,0.0,2.0,16,7,3
30425,4,7,1,10,8,3,6,1,1,1,2,19,2,2,0.0,0.0,0.0,0.0,0.0,2.0,19,1,3
34848,16,2,3,10,8,3,0,1,1,1,1,19,2,2,0.0,0.0,0.0,0.0,0.0,3.0,12,4,3
93985,16,2,3,8,8,3,0,1,1,1,0,36,2,2,0.0,0.0,0.0,0.0,0.0,2.0,15,5,7
186895,16,2,0,10,8,3,0,1,1,1,1,19,2,2,0.0,0.0,0.0,0.0,0.0,2.0,17,4,12
64759,4,2,3,17,8,3,0,1,1,1,2,18,2,2,0.0,0.0,0.0,0.0,0.0,7.0,12,7,5
98734,16,2,3,10,8,3,0,1,1,1,0,18,2,2,0.0,0.0,0.0,0.0,0.0,2.0,13,7,7
173638,16,2,1,10,6,3,0,1,1,1,1,19,2,2,0.0,0.0,0.0,0.0,0.0,2.0,20,1,12
24868,16,2,1,0,2,3,0,1,0,1,2,18,2,1,1.0,0.0,1.0,0.0,0.0,3.0,19,5,2
41415,4,2,3,10,3,3,0,1,1,1,2,19,2,2,0.0,0.0,0.0,0.0,0.0,2.0,14,6,3
183586,4,2,1,17,2,3,6,1,1,1,2,38,2,2,0.0,0.0,0.0,0.0,0.0,2.0,16,2,12
145399,16,2,3,17,3,3,0,1,1,0,1,36,2,2,0.0,0.0,0.0,0.0,0.0,2.0,11,2,10
180197,15,2,1,0,8,3,0,1,1,1,1,17,2,2,0.0,0.0,0.0,0.0,0.0,3.0,21,6,12
101170,16,3,3,8,15,3,6,1,0,1,2,36,2,3,1.0,0.0,0.0,1.0,0.0,1.0,12,4,7
19773,15,7,1,9,2,3,6,1,0,1,2,5,2,3,1.0,0.0,0.0,1.0,0.0,1.0,19,2,2
44718,15,2,4,17,6,3,0,1,0,1,2,5,2,2,0.0,0.0,0.0,0.0,0.0,2.0,18,3,4
86964,4,2,3,7,15,3,0,1,1,1,1,36,2,2,0.0,0.0,0.0,0.0,0.0,2.0,12,2,6
99220,16,2,1,17,2,3,0,1,1,1,2,24,2,2,0.0,0.0,0.0,0.0,0.0,2.0,20,7,7
24802,15,2,3,0,8,3,0,1,1,1,2,18,2,2,0.0,0.0,0.0,0.0,0.0,2.0,10,4,2
169431,16,2,0,0,6,3,0,1,0,1,2,36,3,3,1.0,0.0,0.0,1.0,0.0,9.0,21,5,11
68746,16,2,3,15,8,3,0,1,1,1,2,22,2,2,0.0,0.0,0.0,0.0,0.0,2.0,13,1,5
149587,16,2,3,17,8,3,0,1,1,1,1,36,2,2,0.0,0.0,0.0,0.0,0.0,2.0,17,7,10
24314,16,2,1,17,15,3,0,1,0,1,2,24,2,2,0.0,0.0,0.0,0.0,0.0,2.0,22,1,2
152177,4,7,1,15,2,3,6,1,1,0,2,36,2,2,0.0,0.0,0.0,0.0,0.0,2.0,18,4,10
17057,15,10,0,0,6,3,4,1,0,1,2,39,2,3,1.0,0.0,0.0,1.0,0.0,2.0,19,4,2
109193,16,2,3,17,16,3,0,1,1,1,1,18,2,2,0.0,0.0,0.0,0.0,0.0,2.0,6,7,8
146495,16,2,3,9,10,3,0,1,0,1,0,17,2,3,1.0,0.0,0.0,1.0,0.0,1.0,8,3,10
90397,16,2,1,17,8,3,0,1,0,1,2,18,2,2,0.0,0.0,0.0,0.0,0.0,3.0,1,5,7
18729,16,2,3,0,15,3,0,1,1,1,2,6,2,2,0.0,0.0,0.0,0.0,0.0,5.0,8,5,2
54072,16,7,0,0,8,3,6,1,1,1,2,16,2,2,0.0,0.0,0.0,0.0,0.0,2.0,21,6,4
11201,16,10,3,17,6,3,4,1,1,1,2,36,2,2,0.0,0.0,0.0,0.0,0.0,2.0,8,5,1
160990,16,2,1,0,8,3,0,1,0,1,2,6,2,3,1.0,0.0,0.0,1.0,0.0,3.0,2,1,11
108629,16,2,3,0,2,3,0,1,1,1,2,36,2,2,0.0,0.0,0.0,0.0,0.0,2.0,11,4,8
163463,15,2,3,17,15,3,0,1,0,1,2,36,2,2,0.0,0.0,0.0,0.0,0.0,3.0,7,3,11
32192,16,2,1,10,8,3,0,1,0,1,2,19,3,3,1.0,0.0,0.0,1.0,0.0,3.0,18,3,3
73793,16,2,3,17,8,3,0,1,1,1,2,24,2,2,0.0,0.0,0.0,0.0,0.0,2.0,13,3,6