crash_date,               traffic_control_device,weather_condition,lighting_condition,first_crash_type,trafficway_type,alignment,roadway_surface_cond,road_defect,crash_type,intersection_related_i,damage,prim_contributory_cause,num_units,most_severe_injury,injuries_total,injuries_fatal,injuries_incapacitating,injuries_non_incapacitating,injuries_reported_not_evident,injuries_no_indication,crash_hour,crash_day_of_week,crash_month
51713,16,2,1,15,8,3,0,1,0,1,2,23,2,3,3.0,0.0,0.0,3.0,0.0,1.0,20,1,4
157579,15,7,1,9,10,3,6,1,0,1,0,36,2,4,1.0,0.0,0.0,0.0,1.0,1.0,23,1,11
174926,16,2,3,14,2,3,0,1,1,1,0,30,2,2,0.0,0.0,0.0,0.0,0.0,2.0,9,3,12
176828,15,2,0,0,11,3,5,5,1,1,2,18,2,2,0.0,0.0,0.0,0.0,0.0,2.0,18,5,12
116802,16,3,3,0,8,4,0,1,0,1,2,6,2,2,0.0,0.0,0.0,0.0,0.0,8.0,11,7,8
7612,4,2,0,10,10,3,0,1,1,1,1,36,2,2,0.0,0.0,0.0,0.0,0.0,2.0,17,3,1
1606,16,2,3,0,8,3,0,1,0,1,2,10,2,3,3.0,0.0,0.0,3.0,0.0,0.0,10,6,1
143601,4,2,3,15,8,3,0,1,1,1,0,36,2,2,0.0,0.0,0.0,0.0,0.0,3.0,8,6,10
161100,16,2,3,10,6,3,0,5,1,1,1,21,2,2,0.0,0.0,0.0,0.0,0.0,2.0,14,4,11
86059,16,2,3,17,6,3,0,1,0,1,2,6,2,3,2.0,0.0,0.0,2.0,0.0,3.0,17,2,6
107124,15,2,3,0,2,3,0,1,1,1,2,36,2,2,0.0,0.0,0.0,0.0,0.0,2.0,14,3,8
70945,16,2,3,0,8,3,0,1,0,1,2,6,2,4,1.0,0.0,0.0,0.0,1.0,2.0,10,1,5
15188,16,2,4,10,2,3,6,1,1,1,2,39,2,2,0.0,0.0,0.0,0.0,0.0,2.0,16,6,2
98521,15,2,3,0,2,3,0,1,1,1,2,36,2,2,0.0,0.0,0.0,0.0,0.0,2.0,17,5,7
63694,15,2,1,9,10,3,0,1,0,1,0,36,2,3,1.0,0.0,0.0,1.0,0.0,1.0,22,4,5
87069,15,2,3,8,2,3,5,1,0,1,1,5,2,4,1.0,0.0,0.0,0.0,1.0,1.0,9,4,6
140409,16,2,3,15,8,3,0,1,1,1,2,23,2,2,0.0,0.0,0.0,0.0,0.0,2.0,10,7,10
109223,16,2,1,17,5,3,0,1,0,1,2,6,2,2,0.0,0.0,0.0,0.0,0.0,2.0,23,7,8
35791,16,2,1,17,6,3,0,1,1,1,2,24,2,2,0.0,0.0,0.0,0.0,0.0,5.0,23,7,3
100371,16,2,3,0,15,3,0,1,0,1,2,17,3,2,0.0,0.0,0.0,0.0,0.0,4.0,10,5,7
35812,16,2,3,15,8,3,0,1,1,1,2,23,2,2,0.0,0.0,0.0,0.0,0.0,2.0,8,5,3
38430,16,2,3,0,8,3,6,1,1,1,2,36,3,2,0.0,0.0,0.0,0.0,0.0,7.0,11,6,3
70530,15,2,3,17,15,3,0,1,0,1,2,18,2,2,0.0,0.0,0.0,0.0,0.0,3.0,17,2,5
92240,16,2,3,17,6,3,0,1,0,1,2,6,2,3,1.0,0.0,0.0,1.0,0.0,1.0,16,7,7
170822,4,2,3,2,15,3,0,1,0,1,2,36,1,2,0.0,0.0,0.0,0.0,0.0,1.0,12,5,11
10854,16,2,3,9,15,3,0,1,0,0,2,18,2,3,1.0,0.0,0.0,1.0,0.0,1.0,9,7,1
31109,16,2,1,0,8,3,0,1,0,1,2,36,2,2,0.0,0.0,0.0,0.0,0.0,3.0,19,5,3
108704,15,2,3,17,8,3,0,1,0,1,2,17,2,2,0.0,0.0,0.0,0.0,0.0,2.0,11,6,8
88480,15,2,3,0,6,3,0,1,0,1,2,36,2,3,3.0,0.0,0.0,1.0,2.0,5.0,17,5,7
56147,15,2,3,17,8,3,0,1,0,1,2,36,2,4,1.0,0.0,0.0,0.0,1.0,3.0,18,4,5
100191,4,2,1,17,8,3,0,1,0,1,2,36,2,4,1.0,0.0,0.0,0.0,1.0,1.0,23,4,7
54788,15,6,3,0,8,3,6,5,1,1,1,36,2,2,0.0,0.0,0.0,0.0,0.0,2.0,7,4,4
105676,16,2,3,15,2,3,0,1,1,1,2,18,2,2,0.0,0.0,0.0,0.0,0.0,3.0,15,7,8
129676,16,2,3,17,8,3,0,1,0,1,2,36,2,3,2.0,0.0,0.0,2.0,0.0,1.0,6,3,9
22027,16,2,4,10,8,3,0,1,1,0,2,19,3,2,0.0,0.0,0.0,0.0,0.0,3.0,17,5,2
177321,16,2,1,17,6,3,0,1,0,1,1,24,2,3,1.0,0.0,0.0,1.0,0.0,1.0,20,3,12
61979,15,2,3,17,8,3,0,1,0,1,2,18,2,4,1.0,0.0,0.0,0.0,1.0,1.0,10,6,5
138278,16,11,3,10,2,3,5,5,1,1,1,36,2,2,0.0,0.0,0.0,0.0,0.0,2.0,8,3,10
146702,16,2,1,0,6,3,0,5,0,1,2,36,2,2,0.0,0.0,0.0,0.0,0.0,6.0,2,1,10
108956,15,7,3,3,8,3,6,1,1,1,1,36,2,2,0.0,0.0,0.0,0.0,0.0,2.0,16,2,8
185006,4,2,1,17,2,3,0,1,1,1,1,18,2,2,0.0,0.0,0.0,0.0,0.0,2.0,18,5,12
146505,4,2,3,17,8,3,0,1,1,1,2,18,2,2,0.0,0.0,0.0,0.0,0.0,2.0,10,3,10
12815,15,2,3,2,2,3,6,1,0,1,2,36,2,4,1.0,0.0,0.0,0.0,1.0,2.0,11,5,1
130621,15,2,1,17,6,3,0,1,0,1,2,18,2,3,1.0,0.0,0.0,1.0,0.0,3.0,21,4,9
143957,4,2,1,17,2,3,0,1,1,1,2,24,2,2,0.0,0.0,0.0,0.0,0.0,2.0,19,6,10
59892,16,2,3,10,2,3,0,1,1,1,2,19,2,2,0.0,0.0,0.0,0.0,0.0,2.0,8,2,5
161470,15,2,0,0,8,3,0,5,0,1,2,17,2,2,0.0,0.0,0.0,0.0,0.0,2.0,0,1,11
54319,15,2,3,17,18,3,0,1,0,1,2,36,2,3,2.0,0.0,0.0,2.0,0.0,1.0,12,3,4
117582,16,2,3,17,6,3,0,1,1,1,2,36,2,2,0.0,0.0,0.0,0.0,0.0,2.0,23,6,8
125581,15,2,3,7,10,3,0,5,1,1,2,24,2,2,0.0,0.0,0.0,0.0,0.0,5.0,8,2,9
129627,15,2,3,0,8,3,0,5,1,1,0,36,2,2,0.0,0.0,0.0,0.0,0.0,4.0,9,2,9
177535,15,2,1,17,8,3,6,1,1,1,2,18,2,2,0.0,0.0,0.0,0.0,0.0,2.0,20,7,12
22693,4,3,2,14,8,3,6,1,1,1,1,36,2,2,0.0,0.0,0.0,0.0,0.0,2.0,14,2,2
152693,16,7,1,9,6,3,6,1,0,1,0,36,2,3,1.0,0.0,0.0,1.0,0.0,1.0,23,5,10
104732,4,2,1,8,2,3,0,1,0,1,1,18,2,1,1.0,0.0,1.0,0.0,0.0,1.0,23,6,8
171737,16,2,3,17,2,3,0,1,0,1,2,36,2,3,2.0,0.0,0.0,2.0,0.0,1.0,9,6,11
83695,16,7,3,10,2,3,6,1,0,1,2,19,2,4,1.0,0.0,0.0,0.0,1.0,1.0,7,6,6
166014,16,2,3,15,2,3,0,1,1,1,2,26,2,2,0.0,0.0,0.0,0.0,0.0,2.0,14,2,11
144897,15,7,3,0,6,3,6,5,1,1,2,18,2,2,0.0,0.0,0.0,0.0,0.0,2.0,14,4,10
123980,16,2,1,0,8,3,0,1,0,1,2,6,2,3,2.0,0.0,0.0,2.0,0.0,1.0,2,7,9
102558,16,2,3,0,8,3,0,1,0,1,2,17,2,4,1.0,0.0,0.0,0.0,1.0,2.0,8,4,7
120761,16,2,1,17,15,3,0,1,0,1,2,18,2,3,1.0,0.0,0.0,1.0,0.0,2.0,21,3,9
4281,16,9,2,17,6,3,4,1,0,1,2,36,2,2,0.0,0.0,0.0,0.0,0.0,2.0,7,3,1
132683,16,2,3,0,6,3,0,1,1,1,2,18,2,2,0.0,0.0,0.0,0.0,0.0,2.0,14,3,9
169702,16,10,3,0,2,3,4,1,0,1,2,6,2,2,0.0,0.0,0.0,0.0,0.0,3.0,6,2,11
374,16,7,1,0,15,3,6,1,0,1,2,6,2,2,0.0,0.0,0.0,0.0,0.0,2.0,4,1,1
154144,15,7,1,0,6,3,6,5,0,1,2,17,2,2,0.0,0.0,0.0,0.0,0.0,2.0,2,6,10
76971,16,2,3,15,6,3,0,1,0,1,2,17,2,2,0.0,0.0,0.0,0.0,0.0,2.0,16,7,6
49250,16,2,3,17,6,3,0,1,0,1,2,36,3,3,1.0,0.0,0.0,1.0,0.0,1.0,17,7,4
125853,16,2,3,10,6,3,0,1,1,1,1,36,2,2,0.0,0.0,0.0,0.0,0.0,3.0,18,7,9
134854,15,2,3,17,2,3,0,1,1,1,1,24,2,2,0.0,0.0,0.0,0.0,0.0,4.0,11,3,9
17364,16,6,1,17,2,3,6,5,1,1,2,36,2,2,0.0,0.0,0.0,0.0,0.0,2.0,23,2,2
94096,15,2,3,8,2,3,0,1,0,1,2,18,3,3,1.0,0.0,0.0,1.0,0.0,1.0,12,6,7
39439,16,2,3,17,8,3,0,1,0,1,1,19,2,3,2.0,0.0,0.0,2.0,0.0,1.0,8,2,3
47130,15,2,3,10,10,3,0,1,0,1,2,19,2,4,1.0,0.0,0.0,0.0,1.0,1.0,10,4,4
32594,15,3,3,17,11,3,6,1,0,0,2,28,2,2,0.0,0.0,0.0,0.0,0.0,6.0,10,1,3
74225,16,2,3,10,8,3,0,1,1,1,2,19,2,2,0.0,0.0,0.0,0.0,0.0,2.0,16,1,6
72399,16,2,1,17,2,3,0,1,1,1,1,36,2,2,0.0,0.0,0.0,0.0,0.0,2.0,20,7,6
46155,16,2,3,10,8,3,0,1,0,1,1,36,2,4,2.0,0.0,0.0,0.0,2.0,3.0,13,1,4
95926,16,2,0,0,6,3,0,1,1,1,2,36,2,2,0.0,0.0,0.0,0.0,0.0,2.0,21,1,7
115255,16,2,0,15,8,3,0,1,1,1,2,6,2,2,0.0,0.0,0.0,0.0,0.0,2.0,21,5,8
40023,16,2,1,0,6,3,0,1,0,1,2,6,2,2,0.0,0.0,0.0,0.0,0.0,3.0,23,7,3
95822,16,3,3,10,8,3,5,5,1,1,2,19,2,2,0.0,0.0,0.0,0.0,0.0,2.0,11,6,7
104788,16,2,3,17,6,3,0,1,0,1,2,18,3,3,1.0,0.0,0.0,1.0,0.0,2.0,11,1,8
173613,16,7,1,0,10,3,6,1,1,1,2,6,2,2,0.0,0.0,0.0,0.0,0.0,2.0,2,1,12
17285,16,2,3,15,8,3,0,1,1,1,2,18,2,2,0.0,0.0,0.0,0.0,0.0,2.0,14,2,2
96423,16,2,1,0,8,3,5,5,1,1,2,18,2,2,0.0,0.0,0.0,0.0,0.0,2.0,20,1,7
56838,16,2,3,3,6,3,0,5,1,1,2,18,2,2,0.0,0.0,0.0,0.0,0.0,2.0,15,3,5
8878,16,2,3,17,6,3,0,1,1,1,2,36,2,2,0.0,0.0,0.0,0.0,0.0,3.0,6,2,1
156558,4,2,3,17,6,3,0,1,0,1,2,18,2,3,2.0,0.0,0.0,1.0,1.0,1.0,13,2,11
55701,4,7,1,17,12,3,6,1,1,0,2,36,2,2,0.0,0.0,0.0,0.0,0.0,2.0,23,3,4
93401,16,2,3,10,1,3,0,1,1,1,2,36,2,2,0.0,0.0,0.0,0.0,0.0,2.0,16,5,7
26885,15,10,3,10,10,3,4,1,1,1,1,39,2,2,0.0,0.0,0.0,0.0,0.0,2.0,7,4,2
107994,16,2,3,17,1,3,0,1,1,1,2,36,2,2,0.0,0.0,0.0,0.0,0.0,2.0,15,1,8
51336,16,2,3,17,18,4,0,1,0,1,2,24,2,3,2.0,0.0,0.0,2.0,0.0,1.0,18,1,4
61562,15,2,3,17,3,3,0,1,1,1,2,36,2,2,0.0,0.0,0.0,0.0,0.0,3.0,18,5,5
30065,16,2,3,17,11,3,0,1,1,1,1,24,2,2,0.0,0.0,0.0,0.0,0.0,8.0,11,7,3
126203,15,2,3,10,8,3,0,1,1,1,1,19,2,2,0.0,0.0,0.0,0.0,0.0,3.0,19,4,9
105681,16,2,3,17,2,3,3,1,0,0,2,23,2,2,0.0,0.0,0.0,0.0,0.0,2.0,16,7,8
51469,16,2,3,10,2,3,0,1,1,1,2,36,2,2,0.0,0.0,0.0,0.0,0.0,2.0,17,5,4
126777,16,7,3,17,10,3,6,1,1,1,2,17,2,2,0.0,0.0,0.0,0.0,0.0,2.0,9,5,9
18512,15,2,3,0,8,3,0,1,0,1,2,18,3,3,1.0,0.0,0.0,1.0,0.0,1.0,12,7,2
160426,16,3,3,10,8,3,0,1,1,1,1,36,2,2,0.0,0.0,0.0,0.0,0.0,2.0,12,6,11
31704,16,2,1,10,2,3,0,5,0,1,2,36,2,4,1.0,0.0,0.0,0.0,1.0,4.0,18,3,3
179499,16,2,3,10,8,4,0,1,1,1,1,19,2,2,0.0,0.0,0.0,0.0,0.0,2.0,13,5,12
55963,16,2,3,10,2,3,0,1,0,1,2,19,2,3,1.0,0.0,0.0,1.0,0.0,2.0,16,3,4
106176,16,2,3,17,8,3,0,1,1,1,1,36,2,2,0.0,0.0,0.0,0.0,0.0,2.0,15,7,8
14639,4,2,3,10,3,3,0,1,1,0,1,19,2,2,0.0,0.0,0.0,0.0,0.0,2.0,14,4,1
49270,15,2,3,8,6,3,0,1,0,1,0,5,2,3,1.0,0.0,0.0,1.0,0.0,1.0,10,7,4
178830,15,2,0,14,6,3,5,5,1,1,2,12,2,2,0.0,0.0,0.0,0.0,0.0,2.0,10,5,12
10940,4,5,3,10,8,3,6,1,1,1,2,19,3,2,0.0,0.0,0.0,0.0,0.0,4.0,13,2,1
170003,16,2,1,0,8,3,0,1,0,1,2,36,2,4,1.0,0.0,0.0,0.0,1.0,2.0,4,1,11
90198,15,2,3,7,8,3,0,1,1,1,2,36,2,2,0.0,0.0,0.0,0.0,0.0,2.0,19,3,7
16272,16,10,1,10,6,3,4,1,1,1,2,19,2,2,0.0,0.0,0.0,0.0,0.0,2.0,0,5,2
154695,16,2,3,17,8,3,0,1,1,1,1,19,2,2,0.0,0.0,0.0,0.0,0.0,3.0,14,6,10
57280,15,2,3,0,6,3,6,1,0,1,1,36,2,4,3.0,0.0,0.0,0.0,3.0,1.0,18,3,5
117957,16,2,3,17,6,3,0,1,0,1,2,36,2,4,1.0,0.0,0.0,0.0,1.0,1.0,12,5,8
166394,15,2,3,0,6,3,0,1,0,1,2,18,2,2,0.0,0.0,0.0,0.0,0.0,2.0,12,1,11
3321,16,2,1,0,8,3,0,1,0,1,2,6,2,2,0.0,0.0,0.0,0.0,0.0,2.0,20,1,1
45990,15,2,3,8,2,3,0,1,0,1,0,5,2,3,1.0,0.0,0.0,1.0,0.0,1.0,12,3,4
165950,15,2,3,15,8,3,0,1,1,1,1,21,2,2,0.0,0.0,0.0,0.0,0.0,4.0,13,1,11
4970,16,7,1,15,8,3,6,5,1,1,2,36,3,2,0.0,0.0,0.0,0.0,0.0,3.0,17,5,1
147257,16,2,3,17,6,3,0,1,0,1,2,18,2,3,3.0,0.0,0.0,3.0,0.0,1.0,7,2,10
113726,16,2,1,10,2,3,0,1,1,1,2,36,2,2,0.0,0.0,0.0,0.0,0.0,2.0,5,4,8
52628,16,2,3,0,6,3,0,1,0,1,2,36,2,4,3.0,0.0,0.0,0.0,3.0,0.0,13,4,4
82070,4,2,3,15,8,3,5,5,1,1,1,36,2,2,0.0,0.0,0.0,0.0,0.0,2.0,16,3,6
12117,16,2,1,0,8,3,6,1,1,1,1,6,2,2,0.0,0.0,0.0,0.0,0.0,5.0,22,7,1
163646,16,7,3,17,2,3,6,1,0,1,2,24,2,3,4.0,0.0,0.0,4.0,0.0,1.0,8,4,11
2676,16,2,1,0,6,3,1,1,0,1,2,6,2,1,1.0,0.0,1.0,0.0,0.0,1.0,2,5,1
82616,16,2,1,17,6,3,0,1,0,1,2,37,2,3,4.0,0.0,0.0,4.0,0.0,0.0,0,5,6
1832,15,2,3,15,8,3,0,1,0,1,2,22,2,3,1.0,0.0,0.0,1.0,0.0,2.0,13,5,1
86835,4,2,3,17,8,3,0,1,1,1,2,36,2,2,0.0,0.0,0.0,0.0,0.0,2.0,12,6,6
94651,16,2,3,10,2,3,0,1,1,1,1,19,2,2,0.0,0.0,0.0,0.0,0.0,6.0,15,1,7
10563,16,2,1,17,1,3,6,1,1,1,2,19,2,2,0.0,0.0,0.0,0.0,0.0,2.0,18,2,1
124659,16,2,3,8,2,3,0,1,1,1,0,36,2,2,0.0,0.0,0.0,0.0,0.0,2.0,16,4,9
33332,16,11,3,17,8,3,5,5,1,1,1,36,2,2,0.0,0.0,0.0,0.0,0.0,2.0,9,2,3
3960,16,2,3,15,8,3,0,1,0,1,1,22,2,3,1.0,0.0,0.0,1.0,0.0,1.0,13,4,1
43488,4,2,3,0,6,3,0,1,0,1,2,18,2,1,1.0,0.0,1.0,0.0,0.0,1.0,15,2,4
123645,16,2,3,15,8,3,0,1,1,0,1,18,2,2,0.0,0.0,0.0,0.0,0.0,2.0,8,3,9
16013,4,2,3,17,8,3,0,1,1,1,1,18,2,2,0.0,0.0,0.0,0.0,0.0,2.0,13,7,2
152238,16,2,0,10,8,3,0,1,0,1,2,8,3,4,1.0,0.0,0.0,0.0,1.0,2.0,18,5,10
138078,16,2,1,15,2,3,0,1,1,1,2,23,2,2,0.0,0.0,0.0,0.0,0.0,2.0,0,1,10
22210,16,3,1,15,3,3,0,1,1,1,0,36,2,2,0.0,0.0,0.0,0.0,0.0,2.0,19,7,2
9533,15,2,3,0,6,3,4,1,1,1,2,22,2,2,0.0,0.0,0.0,0.0,0.0,3.0,8,6,1
67802,16,2,3,17,18,3,0,1,0,1,2,18,2,3,2.0,0.0,0.0,2.0,0.0,1.0,16,1,5
158250,10,2,3,10,3,3,0,1,1,1,2,8,2,2,0.0,0.0,0.0,0.0,0.0,2.0,8,3,11
46859,16,2,3,15,8,3,0,1,0,1,2,23,3,1,1.0,0.0,1.0,0.0,0.0,4.0,15,7,4
30441,15,3,3,17,15,3,5,5,0,1,2,18,2,3,2.0,0.0,0.0,2.0,0.0,3.0,14,3,3
63542,4,2,3,17,8,3,0,1,1,1,2,18,2,2,0.0,0.0,0.0,0.0,0.0,2.0,17,4,5
99820,15,2,3,10,3,3,0,2,1,1,2,36,3,2,0.0,0.0,0.0,0.0,0.0,3.0,11,3,7
38686,16,7,0,10,2,3,6,1,1,1,2,17,2,2,0.0,0.0,0.0,0.0,0.0,2.0,23,3,3
173726,17,11,3,9,10,3,5,1,0,1,0,18,2,4,1.0,0.0,0.0,0.0,1.0,1.0,15,6,12
120661,16,7,1,15,10,3,6,1,1,1,1,23,2,2,0.0,0.0,0.0,0.0,0.0,2.0,2,1,9
13764,17,11,3,0,8,3,5,5,1,1,2,26,2,2,0.0,0.0,0.0,0.0,0.0,2.0,15,6,1
67636,4,2,1,7,8,3,0,1,1,1,1,21,2,2,0.0,0.0,0.0,0.0,0.0,1.0,20,4,5
77021,16,2,3,17,8,3,0,1,0,1,2,18,2,2,0.0,0.0,0.0,0.0,0.0,3.0,12,7,6
106518,16,2,1,17,2,3,0,1,0,1,1,18,2,2,0.0,0.0,0.0,0.0,0.0,5.0,21,6,8
133976,16,2,3,0,6,3,0,5,0,1,2,6,2,2,0.0,0.0,0.0,0.0,0.0,4.0,9,7,9
178006,16,7,1,0,6,3,6,1,0,1,2,39,2,2,0.0,0.0,0.0,0.0,0.0,3.0,23,6,12
34379,15,2,3,17,2,3,0,1,0,1,2,18,2,2,0.0,0.0,0.0,0.0,0.0,2.0,13,4,3
4073,15,2,3,9,10,3,0,1,0,1,2,18,2,3,1.0,0.0,0.0,1.0,0.0,1.0,7,5,1
81792,16,2,3,0,6,3,0,1,1,1,1,6,2,2,0.0,0.0,0.0,0.0,0.0,4.0,17,7,6
37459,15,2,3,10,2,3,0,1,1,1,2,36,2,2,0.0,0.0,0.0,0.0,0.0,2.0,15,2,3
131293,16,2,3,10,8,3,0,1,1,1,2,19,2,2,0.0,0.0,0.0,0.0,0.0,2.0,18,4,9
20290,16,10,3,9,15,3,6,1,0,1,0,18,2,3,1.0,0.0,0.0,1.0,0.0,2.0,16,4,2
144952,4,2,3,17,2,3,0,1,0,1,2,18,2,2,0.0,0.0,0.0,0.0,0.0,3.0,9,4,10
123149,17,2,3,17,18,3,0,5,1,1,2,26,2,2,0.0,0.0,0.0,0.0,0.0,2.0,13,3,9
41723,15,2,3,17,6,3,0,1,1,1,2,36,2,2,0.0,0.0,0.0,0.0,0.0,2.0,7,5,3
179567,15,2,3,0,8,3,0,1,1,1,2,18,2,2,0.0,0.0,0.0,0.0,0.0,3.0,11,5,12
181908,16,2,4,9,8,3,0,1,0,1,0,18,2,4,1.0,0.0,0.0,0.0,1.0,1.0,16,2,12
76026,16,11,5,10,8,3,5,5,1,1,0,26,2,2,0.0,0.0,0.0,0.0,0.0,2.0,17,5,6
138815,15,2,3,0,8,3,0,1,0,1,2,18,2,2,0.0,0.0,0.0,0.0,0.0,3.0,8,3,10
51208,16,2,3,15,2,3,0,1,1,1,1,23,2,2,0.0,0.0,0.0,0.0,0.0,2.0,13,5,4
129423,16,2,3,0,6,3,0,1,0,1,2,36,2,3,2.0,0.0,0.0,1.0,1.0,3.0,16,2,9
133469,15,2,4,0,8,3,0,1,1,1,2,36,2,2,0.0,0.0,0.0,0.0,0.0,2.0,19,7,9
13689,16,2,3,17,8,3,6,5,1,1,2,36,2,2,0.0,0.0,0.0,0.0,0.0,2.0,7,7,1
128499,16,7,1,0,6,3,6,1,1,1,2,17,2,2,0.0,0.0,0.0,0.0,0.0,3.0,1,1,9
76459,16,2,1,17,8,3,0,1,0,1,2,18,2,2,0.0,0.0,0.0,0.0,0.0,4.0,1,1,6
43472,16,2,3,15,2,3,0,1,1,1,2,36,2,2,0.0,0.0,0.0,0.0,0.0,2.0,11,1,4
96000,16,11,3,17,17,3,5,5,1,1,2,36,2,2,0.0,0.0,0.0,0.0,0.0,2.0,10,3,7
8255,16,4,3,17,6,3,5,5,0,1,2,18,2,2,0.0,0.0,0.0,0.0,0.0,2.0,15,6,1
5011,16,2,1,17,3,3,0,1,0,1,2,6,2,0,3.0,1.0,2.0,0.0,0.0,4.0,1,6,1
109905,15,2,3,0,2,3,0,1,0,1,2,18,3,2,0.0,0.0,0.0,0.0,0.0,2.0,16,1,8
136599,16,3,3,17,8,3,0,1,0,1,2,8,2,1,1.0,0.0,1.0,0.0,0.0,2.0,14,7,9
132885,16,3,2,15,8,3,0,1,1,1,2,18,2,2,0.0,0.0,0.0,0.0,0.0,3.0,5,6,9
9122,16,2,3,10,8,3,0,1,1,1,1,19,2,2,0.0,0.0,0.0,0.0,0.0,2.0,8,3,1
105014,16,3,3,0,6,3,6,1,0,1,2,6,2,2,0.0,0.0,0.0,0.0,0.0,2.0,7,6,8
1325,15,7,3,0,6,3,6,1,0,1,2,18,2,2,0.0,0.0,0.0,0.0,0.0,2.0,13,3,1
19202,15,2,1,0,6,3,0,1,0,1,2,5,2,3,1.0,0.0,0.0,1.0,0.0,2.0,9,6,2
116619,16,2,3,10,6,3,0,1,0,1,2,26,2,4,1.0,0.0,0.0,0.0,1.0,2.0,15,7,8
107326,16,2,3,17,6,3,0,1,0,1,2,24,2,3,1.0,0.0,0.0,1.0,0.0,2.0,15,4,8
6954,15,2,1,0,3,3,6,5,1,1,2,36,2,2,0.0,0.0,0.0,0.0,0.0,2.0,21,1,1
166592,15,2,3,0,11,3,0,1,1,1,2,36,2,2,0.0,0.0,0.0,0.0,0.0,2.0,11,3,11
90783,16,2,3,17,6,3,0,1,0,1,2,36,2,2,0.0,0.0,0.0,0.0,0.0,4.0,17,5,7
116455,16,2,3,17,2,3,0,1,1,1,2,23,2,2,0.0,0.0,0.0,0.0,0.0,2.0,9,3,8
115040,18,11,5,17,8,3,5,5,1,1,1,36,2,2,0.0,0.0,0.0,0.0,0.0,2.0,5,4,8
30955,4,2,1,13,6,3,0,1,1,1,1,21,2,2,0.0,0.0,0.0,0.0,0.0,2.0,21,4,3
64292,15,7,1,10,8,3,6,1,1,1,2,2,2,2,0.0,0.0,0.0,0.0,0.0,2.0,20,1,5
2889,15,6,4,9,8,3,6,1,1,1,0,36,2,2,0.0,0.0,0.0,0.0,0.0,2.0,17,2,1
163336,16,2,2,15,15,3,0,1,1,1,1,6,2,2,0.0,0.0,0.0,0.0,0.0,4.0,21,1,11
169199,15,2,0,17,8,3,0,6,0,1,2,36,2,2,0.0,0.0,0.0,0.0,0.0,2.0,0,7,11
5811,16,7,3,2,15,3,6,1,0,1,2,36,1,2,0.0,0.0,0.0,0.0,0.0,1.0,14,5,1
156373,4,7,3,17,8,3,6,1,1,1,2,39,3,2,0.0,0.0,0.0,0.0,0.0,3.0,7,5,11
56981,16,2,3,17,11,3,0,1,1,1,2,36,2,2,0.0,0.0,0.0,0.0,0.0,2.0,16,4,5
1320,16,2,3,0,15,3,0,1,1,1,2,38,2,2,0.0,0.0,0.0,0.0,0.0,2.0,12,2,1
163400,16,2,3,7,8,3,0,1,1,1,2,24,2,2,0.0,0.0,0.0,0.0,0.0,2.0,8,2,11
90051,16,2,3,10,8,3,0,1,1,1,1,36,2,2,0.0,0.0,0.0,0.0,0.0,2.0,6,1,7
124128,16,2,3,17,8,3,0,1,0,1,2,18,2,2,0.0,0.0,0.0,0.0,0.0,2.0,7,3,9
14835,16,2,3,17,3,3,6,1,0,1,2,39,2,3,1.0,0.0,0.0,1.0,0.0,2.0,10,6,1
138415,16,2,3,0,6,3,0,1,0,1,2,3,2,2,0.0,0.0,0.0,0.0,0.0,2.0,7,6,10
183719,4,2,2,15,2,3,6,1,1,1,0,18,2,2,0.0,0.0,0.0,0.0,0.0,2.0,6,6,12
81388,16,2,1,15,2,3,0,1,1,1,1,36,2,2,0.0,0.0,0.0,0.0,0.0,3.0,22,1,6
141607,15,2,3,0,6,3,0,1,0,1,2,36,2,2,0.0,0.0,0.0,0.0,0.0,3.0,8,2,10
1203,16,2,3,17,10,3,0,1,1,1,1,18,2,2,0.0,0.0,0.0,0.0,0.0,2.0,9,6,1
79518,4,2,1,10,2,3,6,1,0,1,2,8,3,3,1.0,0.0,0.0,1.0,0.0,2.0,21,7,6
148175,16,7,3,0,8,2,6,1,0,1,2,6,2,2,0.0,0.0,0.0,0.0,0.0,2.0,12,6,10
109166,4,2,3,17,2,3,0,1,1,1,2,36,2,2,0.0,0.0,0.0,0.0,0.0,3.0,13,7,8
101712,15,2,3,0,8,3,0,1,1,1,2,18,2,2,0.0,0.0,0.0,0.0,0.0,2.0,6,5,7
108373,16,2,3,15,10,3,0,1,1,1,2,23,2,2,0.0,0.0,0.0,0.0,0.0,2.0,19,6,8
120528,4,2,3,10,8,3,0,1,1,1,1,12,2,2,0.0,0.0,0.0,0.0,0.0,3.0,15,6,9
140464,15,2,3,0,8,3,6,1,1,1,2,18,2,2,0.0,0.0,0.0,0.0,0.0,2.0,13,6,10
11221,16,10,3,17,8,3,6,1,1,1,2,36,2,2,0.0,0.0,0.0,0.0,0.0,2.0,12,5,1
40729,16,2,3,17,6,3,6,1,1,1,2,24,2,2,0.0,0.0,0.0,0.0,0.0,2.0,13,7,3
105992,16,2,3,17,19,3,0,1,1,1,2,18,2,2,0.0,0.0,0.0,0.0,0.0,3.0,12,5,8
34951,16,2,3,17,3,3,0,1,0,1,2,24,2,2,0.0,0.0,0.0,0.0,0.0,3.0,16,6,3
101749,16,2,1,10,2,3,0,5,1,1,2,19,2,2,0.0,0.0,0.0,0.0,0.0,3.0,1,7,7
138770,16,2,3,17,8,3,0,1,1,1,0,24,3,2,0.0,0.0,0.0,0.0,0.0,4.0,13,3,10