crash_date,               traffic_control_device,weather_condition,lighting_condition,first_crash_type,trafficway_type,alignment,roadway_surface_cond,road_defect,crash_type,intersection_related_i,damage,prim_contributory_cause,num_units,most_severe_injury,injuries_total,injuries_fatal,injuries_incapacitating,injuries_non_incapacitating,injuries_reported_not_evident,injuries_no_indication,crash_hour,crash_day_of_week,crash_month
141581,16,2,1,10,8,3,0,1,0,1,2,13,2,4,1.0,0.0,0.0,0.0,1.0,1.0,4,2,10
168703,16,2,1,17,8,3,0,1,1,1,2,6,2,2,0.0,0.0,0.0,0.0,0.0,2.0,14,7,11
2082,16,2,0,10,8,3,0,1,0,1,1,12,2,2,0.0,0.0,0.0,0.0,0.0,4.0,17,7,1
44827,15,2,3,17,2,3,0,1,0,1,2,36,2,4,1.0,0.0,0.0,0.0,1.0,1.0,15,5,4
47302,16,2,3,0,2,3,0,1,0,1,2,6,2,3,1.0,0.0,0.0,1.0,0.0,1.0,10,1,4
129259,4,2,3,15,6,3,0,1,0,1,2,18,2,3,1.0,0.0,0.0,1.0,0.0,2.0,9,5,9
38270,16,7,3,0,6,3,6,1,0,1,2,6,2,2,0.0,0.0,0.0,0.0,0.0,3.0,17,3,3
94405,16,2,2,17,6,3,0,1,1,1,2,24,2,2,0.0,0.0,0.0,0.0,0.0,2.0,5,5,7
170527,16,2,3,17,6,3,5,5,1,1,2,9,2,2,0.0,0.0,0.0,0.0,0.0,2.0,9,2,11
26011,16,10,0,17,2,3,6,1,0,1,2,18,2,2,0.0,0.0,0.0,0.0,0.0,3.0,20,5,2
49024,16,2,3,0,8,3,0,1,1,1,0,18,2,2,0.0,0.0,0.0,0.0,0.0,4.0,12,7,4
63523,16,2,3,17,6,3,0,5,1,1,1,24,2,2,0.0,0.0,0.0,0.0,0.0,2.0,13,4,5
144888,16,2,3,10,2,3,0,1,0,0,2,13,2,2,0.0,0.0,0.0,0.0,0.0,3.0,12,3,10
44736,16,2,0,17,6,3,0,1,0,1,2,18,2,2,0.0,0.0,0.0,0.0,0.0,5.0,22,3,4
84705,4,2,3,9,8,3,0,5,0,1,1,36,2,3,1.0,0.0,0.0,1.0,0.0,2.0,15,1,6
66815,16,2,3,17,16,3,0,1,1,1,1,36,2,2,0.0,0.0,0.0,0.0,0.0,2.0,18,7,5
95153,16,2,3,15,6,3,0,1,1,1,2,17,2,2,0.0,0.0,0.0,0.0,0.0,2.0,11,2,7
153683,4,2,1,0,6,3,6,1,0,1,2,5,2,2,0.0,0.0,0.0,0.0,0.0,2.0,23,5,10
115665,16,2,3,17,3,3,0,1,1,0,0,26,2,2,0.0,0.0,0.0,0.0,0.0,2.0,14,5,8
113992,16,2,3,10,6,3,0,1,1,1,2,36,2,2,0.0,0.0,0.0,0.0,0.0,4.0,18,2,8
89167,16,2,2,17,10,3,0,1,1,1,2,18,2,2,0.0,0.0,0.0,0.0,0.0,2.0,4,1,7
49912,15,2,3,17,8,3,0,5,0,1,2,22,2,2,0.0,0.0,0.0,0.0,0.0,3.0,8,4,4
138362,15,7,1,0,10,3,6,1,1,1,2,5,2,2,0.0,0.0,0.0,0.0,0.0,2.0,22,4,10
141017,16,2,3,10,8,3,0,1,1,0,1,19,3,2,0.0,0.0,0.0,0.0,0.0,3.0,7,4,10
114319,16,2,3,17,19,3,0,1,1,1,2,18,2,2,0.0,0.0,0.0,0.0,0.0,2.0,18,6,8
79391,15,2,3,0,8,3,0,1,0,1,1,18,2,4,1.0,0.0,0.0,0.0,1.0,4.0,15,6,6
77635,16,2,1,15,11,4,0,1,1,1,1,36,2,2,0.0,0.0,0.0,0.0,0.0,2.0,20,2,6
73725,16,2,3,0,3,3,0,1,0,1,2,13,2,3,3.0,0.0,0.0,3.0,0.0,1.0,13,1,6
37664,16,2,3,17,2,3,0,1,1,1,2,26,2,2,0.0,0.0,0.0,0.0,0.0,2.0,10,4,3
13322,4,4,1,10,8,3,6,1,1,1,1,36,2,2,0.0,0.0,0.0,0.0,0.0,2.0,20,7,1
35762,4,2,3,17,2,3,0,1,1,1,1,36,2,2,0.0,0.0,0.0,0.0,0.0,2.0,16,7,3
156434,16,2,3,17,1,3,0,1,0,1,2,37,2,1,2.0,0.0,1.0,1.0,0.0,0.0,17,6,11
63993,16,2,3,17,8,3,0,1,1,1,1,36,2,2,0.0,0.0,0.0,0.0,0.0,3.0,10,3,5
68902,16,7,3,17,10,3,6,1,1,1,1,22,2,2,0.0,0.0,0.0,0.0,0.0,2.0,7,4,5
12651,16,11,3,9,6,3,5,1,0,1,0,36,2,3,1.0,0.0,0.0,1.0,0.0,1.0,14,4,1
49116,15,2,4,0,8,2,0,1,0,1,2,18,2,1,2.0,0.0,2.0,0.0,0.0,0.0,5,3,4
13216,15,11,5,0,6,3,5,5,1,0,2,36,2,2,0.0,0.0,0.0,0.0,0.0,2.0,16,6,1
154529,15,2,3,17,8,3,0,5,1,1,2,18,2,2,0.0,0.0,0.0,0.0,0.0,2.0,16,3,10
127084,15,2,3,0,6,3,0,5,1,1,2,18,2,2,0.0,0.0,0.0,0.0,0.0,2.0,14,5,9
52993,4,2,1,10,8,3,0,1,1,0,1,36,2,2,0.0,0.0,0.0,0.0,0.0,2.0,19,3,4
89642,15,2,1,0,8,3,0,1,0,1,2,28,2,4,1.0,0.0,0.0,0.0,1.0,3.0,21,1,7
122350,4,2,1,7,10,3,0,1,1,1,0,21,2,2,0.0,0.0,0.0,0.0,0.0,1.0,1,4,9
62750,15,2,3,0,8,3,0,1,1,1,2,18,4,2,0.0,0.0,0.0,0.0,0.0,3.0,8,3,5
1682,16,2,3,0,6,3,0,1,1,1,2,3,2,2,0.0,0.0,0.0,0.0,0.0,2.0,14,2,1
165038,15,7,3,0,8,3,5,5,1,1,2,36,2,2,0.0,0.0,0.0,0.0,0.0,2.0,15,4,11
83230,15,7,3,0,2,3,0,1,0,1,2,18,2,2,0.0,0.0,0.0,0.0,0.0,2.0,7,6,6
47514,16,11,5,17,8,3,5,5,1,1,1,36,2,2,0.0,0.0,0.0,0.0,0.0,2.0,14,6,4
2443,15,2,3,0,10,3,0,1,1,1,2,36,2,2,0.0,0.0,0.0,0.0,0.0,2.0,15,7,1
45628,16,7,4,5,1,3,6,1,0,1,2,17,2,3,1.0,0.0,0.0,1.0,0.0,1.0,17,6,4
95163,16,2,3,0,8,3,0,1,0,1,2,6,2,2,0.0,0.0,0.0,0.0,0.0,3.0,12,2,7
111874,16,7,3,0,6,3,6,1,1,1,2,13,2,2,0.0,0.0,0.0,0.0,0.0,2.0,16,5,8
63817,16,2,1,0,6,3,0,1,1,1,1,6,2,2,0.0,0.0,0.0,0.0,0.0,3.0,22,7,5
49640,16,2,1,17,6,3,0,1,0,1,2,12,2,2,0.0,0.0,0.0,0.0,0.0,3.0,22,7,4
1276,4,2,4,17,6,3,0,1,1,1,2,24,2,2,0.0,0.0,0.0,0.0,0.0,2.0,16,2,1
85784,16,2,3,15,2,3,0,1,1,0,2,26,2,2,0.0,0.0,0.0,0.0,0.0,4.0,13,4,6
125544,4,2,1,4,2,3,0,1,0,1,2,36,1,1,1.0,0.0,1.0,0.0,0.0,0.0,4,2,9
55868,16,7,3,17,6,3,6,1,0,1,2,36,2,2,0.0,0.0,0.0,0.0,0.0,2.0,11,7,4
162801,16,2,3,15,8,3,0,1,0,1,2,28,2,2,0.0,0.0,0.0,0.0,0.0,3.0,11,7,11
64582,16,2,3,15,3,3,0,1,1,1,2,36,2,2,0.0,0.0,0.0,0.0,0.0,2.0,8,5,5
28083,16,2,3,0,3,3,0,1,0,1,2,36,2,3,1.0,0.0,0.0,1.0,0.0,1.0,11,4,2
136368,16,2,3,0,6,3,0,5,1,1,2,18,2,2,0.0,0.0,0.0,0.0,0.0,2.0,16,5,9
158413,15,11,5,17,6,3,5,5,1,1,2,36,2,2,0.0,0.0,0.0,0.0,0.0,2.0,14,7,11
90539,16,2,3,7,10,3,0,1,1,1,2,36,2,2,0.0,0.0,0.0,0.0,0.0,2.0,19,7,7
25395,16,2,1,17,8,3,0,1,1,1,1,22,2,2,0.0,0.0,0.0,0.0,0.0,4.0,23,7,2
108950,4,2,1,0,6,3,0,1,1,1,2,18,2,2,0.0,0.0,0.0,0.0,0.0,2.0,4,2,8
60915,4,2,3,14,8,3,0,1,0,0,2,26,3,2,0.0,0.0,0.0,0.0,0.0,2.0,15,4,5
29407,15,2,3,0,8,3,0,1,1,1,2,5,2,2,0.0,0.0,0.0,0.0,0.0,2.0,11,4,3
120603,4,2,3,2,10,3,0,3,1,1,1,36,1,2,0.0,0.0,0.0,0.0,0.0,1.0,16,7,9
151084,16,2,1,14,8,3,0,1,1,1,2,36,2,2,0.0,0.0,0.0,0.0,0.0,2.0,18,4,10
30238,15,2,1,17,6,3,0,1,1,1,2,24,2,2,0.0,0.0,0.0,0.0,0.0,3.0,19,5,3
7909,16,2,3,17,8,3,0,1,0,1,2,36,2,3,3.0,0.0,0.0,3.0,0.0,3.0,12,1,1
162513,4,2,3,17,2,3,0,3,1,1,1,19,2,2,0.0,0.0,0.0,0.0,0.0,2.0,8,2,11
7392,16,2,3,17,8,3,5,5,1,1,2,24,2,2,0.0,0.0,0.0,0.0,0.0,2.0,13,1,1
170200,16,10,3,0,2,3,0,1,1,1,2,18,2,2,0.0,0.0,0.0,0.0,0.0,2.0,13,3,11
172979,16,2,1,17,6,3,0,1,1,1,1,36,2,2,0.0,0.0,0.0,0.0,0.0,3.0,21,4,12
46482,4,7,3,0,8,3,6,5,0,1,2,18,2,2,0.0,0.0,0.0,0.0,0.0,4.0,15,7,4
72456,9,2,3,2,3,2,0,1,0,0,2,17,1,1,1.0,0.0,1.0,0.0,0.0,0.0,5,1,6
128262,15,2,3,10,6,3,0,1,1,1,2,12,2,2,0.0,0.0,0.0,0.0,0.0,3.0,16,7,9
24316,16,2,1,2,3,3,6,1,0,1,2,13,1,2,0.0,0.0,0.0,0.0,0.0,1.0,22,1,2
108,17,7,1,10,8,3,6,5,1,1,2,19,2,2,0.0,0.0,0.0,0.0,0.0,3.0,2,3,1
132565,16,2,1,0,8,3,0,1,0,1,2,6,3,3,2.0,0.0,0.0,2.0,0.0,2.0,20,7,9
13302,16,3,2,15,19,3,6,1,0,1,2,17,2,2,0.0,0.0,0.0,0.0,0.0,3.0,16,7,1
36150,16,2,3,0,6,4,0,6,0,1,2,6,3,2,0.0,0.0,0.0,0.0,0.0,9.0,17,6,3
104125,16,2,1,15,1,3,0,1,0,1,2,18,2,2,0.0,0.0,0.0,0.0,0.0,5.0,20,5,8
9140,16,7,1,0,8,4,6,1,1,1,2,18,2,2,0.0,0.0,0.0,0.0,0.0,2.0,18,5,1
133860,16,2,1,15,6,3,0,1,0,1,2,19,2,2,0.0,0.0,0.0,0.0,0.0,3.0,1,6,9
101759,16,2,3,17,8,3,0,1,0,1,2,18,2,1,2.0,0.0,1.0,1.0,0.0,1.0,14,7,7
120895,15,2,3,17,6,3,0,1,1,1,2,17,2,2,0.0,0.0,0.0,0.0,0.0,3.0,8,5,9
174248,4,2,3,17,8,3,0,1,1,0,2,18,2,2,0.0,0.0,0.0,0.0,0.0,2.0,7,4,12
182384,15,2,0,0,6,3,0,1,0,1,2,18,2,3,1.0,0.0,0.0,1.0,0.0,2.0,17,4,12
60874,16,2,3,17,3,3,0,1,0,1,2,36,3,2,0.0,0.0,0.0,0.0,0.0,3.0,18,3,5
61237,15,2,1,11,8,3,0,1,1,1,2,21,2,2,0.0,0.0,0.0,0.0,0.0,2.0,12,7,5
186160,16,2,3,10,8,3,0,1,0,1,2,8,3,2,0.0,0.0,0.0,0.0,0.0,6.0,11,4,12
142980,16,7,1,11,15,3,6,1,1,1,0,21,2,2,0.0,0.0,0.0,0.0,0.0,2.0,20,5,10
120936,4,2,3,17,15,4,0,1,1,1,2,18,2,2,0.0,0.0,0.0,0.0,0.0,2.0,13,6,9
95403,16,7,2,17,6,3,6,1,0,1,2,6,2,4,1.0,0.0,0.0,0.0,1.0,1.0,4,7,7
161295,15,7,1,0,8,3,6,1,1,1,2,18,2,2,0.0,0.0,0.0,0.0,0.0,4.0,4,1,11
98413,16,2,3,17,8,3,0,1,0,1,2,18,2,2,0.0,0.0,0.0,0.0,0.0,4.0,8,3,7
64533,16,2,1,10,2,3,0,1,1,1,2,36,2,2,0.0,0.0,0.0,0.0,0.0,2.0,22,6,5
38800,4,7,3,7,15,3,6,1,1,1,2,36,2,2,0.0,0.0,0.0,0.0,0.0,1.0,11,5,3
125436,4,2,1,17,6,3,0,1,1,1,2,18,2,2,0.0,0.0,0.0,0.0,0.0,2.0,20,2,9
8006,16,2,3,14,6,3,0,1,1,1,2,36,2,2,0.0,0.0,0.0,0.0,0.0,2.0,11,3,1
86290,16,2,3,10,2,3,0,1,1,1,0,17,2,2,0.0,0.0,0.0,0.0,0.0,2.0,16,5,6
4760,16,2,1,17,2,3,0,1,1,1,2,18,2,2,0.0,0.0,0.0,0.0,0.0,3.0,19,3,1
130950,15,2,3,0,6,3,0,5,0,1,2,18,2,2,0.0,0.0,0.0,0.0,0.0,2.0,15,1,9
126075,15,2,3,8,8,3,0,1,1,1,2,5,2,2,0.0,0.0,0.0,0.0,0.0,2.0,18,2,9
40327,16,3,1,0,3,3,6,1,1,1,1,17,2,2,0.0,0.0,0.0,0.0,0.0,3.0,22,6,3
91486,16,2,1,3,1,3,0,5,0,1,2,6,2,3,1.0,0.0,0.0,1.0,0.0,2.0,3,1,7
26469,15,10,0,0,15,3,6,1,0,1,2,12,2,4,1.0,0.0,0.0,0.0,1.0,1.0,17,6,2
98086,15,2,3,13,8,3,0,1,0,0,2,36,2,2,0.0,0.0,0.0,0.0,0.0,2.0,13,7,7
153855,16,2,3,10,6,3,5,5,1,1,2,36,2,2,0.0,0.0,0.0,0.0,0.0,2.0,8,2,10
163086,16,2,3,10,2,3,0,1,1,1,1,19,2,2,0.0,0.0,0.0,0.0,0.0,2.0,9,3,11
172662,15,7,1,10,15,3,6,1,1,1,0,24,2,2,0.0,0.0,0.0,0.0,0.0,2.0,23,6,12
127096,16,2,3,10,8,3,0,5,1,1,2,19,2,2,0.0,0.0,0.0,0.0,0.0,2.0,15,5,9
118378,16,2,3,10,2,3,6,1,1,1,1,17,2,2,0.0,0.0,0.0,0.0,0.0,2.0,9,3,8
103329,16,2,3,0,8,3,0,1,0,1,2,18,2,3,2.0,0.0,0.0,2.0,0.0,1.0,11,1,7
169721,16,10,3,10,3,3,4,1,1,1,2,36,2,2,0.0,0.0,0.0,0.0,0.0,2.0,8,2,11
97769,16,2,0,9,10,3,0,5,0,1,2,36,3,3,2.0,0.0,0.0,2.0,0.0,1.0,1,7,7
139637,15,2,1,0,8,3,0,1,1,1,2,5,2,2,0.0,0.0,0.0,0.0,0.0,2.0,22,2,10
64769,16,2,3,10,2,3,0,1,1,1,2,19,2,2,0.0,0.0,0.0,0.0,0.0,3.0,12,7,5
31750,15,2,1,10,6,3,0,1,1,1,2,36,2,2,0.0,0.0,0.0,0.0,0.0,3.0,1,4,3
73786,15,3,3,17,8,3,0,1,1,1,2,27,2,2,0.0,0.0,0.0,0.0,0.0,2.0,11,1,6
10167,15,2,3,17,8,3,0,1,1,0,2,26,2,2,0.0,0.0,0.0,0.0,0.0,2.0,10,2,1
60590,16,2,3,2,3,3,0,1,0,1,1,30,1,3,1.0,0.0,0.0,1.0,0.0,0.0,15,5,5
62376,16,2,3,10,8,3,0,1,1,1,2,36,2,2,0.0,0.0,0.0,0.0,0.0,2.0,16,6,5
26012,15,2,3,11,8,3,0,5,1,0,2,21,2,2,0.0,0.0,0.0,0.0,0.0,2.0,9,5,2
161349,15,7,1,17,8,3,6,1,1,1,2,3,2,2,0.0,0.0,0.0,0.0,0.0,2.0,20,4,11
103142,16,2,3,15,8,3,0,1,1,1,2,23,2,2,0.0,0.0,0.0,0.0,0.0,2.0,17,6,7
28621,16,2,3,17,6,3,0,1,0,1,2,18,2,2,0.0,0.0,0.0,0.0,0.0,2.0,8,4,3
45056,15,7,3,0,8,3,6,5,1,1,1,18,2,2,0.0,0.0,0.0,0.0,0.0,2.0,18,1,4
62387,17,2,3,17,6,3,5,5,0,1,2,36,2,2,0.0,0.0,0.0,0.0,0.0,2.0,17,6,5
79167,16,2,3,0,16,3,0,1,0,1,2,36,2,4,2.0,0.0,0.0,0.0,2.0,0.0,14,4,6
145005,16,11,1,11,8,3,5,5,1,1,1,12,2,2,0.0,0.0,0.0,0.0,0.0,2.0,19,5,10
16777,16,2,3,10,6,3,0,1,1,1,1,11,2,2,0.0,0.0,0.0,0.0,0.0,2.0,12,7,2
186424,16,2,1,17,11,3,6,1,1,1,2,23,2,2,0.0,0.0,0.0,0.0,0.0,4.0,18,5,12
55120,4,2,2,7,8,3,0,1,0,1,2,21,2,2,0.0,0.0,0.0,0.0,0.0,1.0,12,1,4
133153,16,2,0,17,8,3,0,1,0,1,1,37,2,2,0.0,0.0,0.0,0.0,0.0,2.0,20,1,9
164579,17,7,3,15,8,3,6,5,0,1,1,24,2,2,0.0,0.0,0.0,0.0,0.0,2.0,7,4,11
126546,16,2,3,17,6,3,0,1,0,1,2,18,2,2,0.0,0.0,0.0,0.0,0.0,2.0,17,4,9
132507,16,2,3,17,8,3,0,1,1,1,2,24,2,2,0.0,0.0,0.0,0.0,0.0,4.0,9,6,9
109621,16,2,3,0,6,3,0,1,0,1,2,18,2,4,1.0,0.0,0.0,0.0,1.0,1.0,18,5,8
88071,15,2,3,0,8,3,0,1,0,1,2,18,2,2,0.0,0.0,0.0,0.0,0.0,2.0,18,5,7
24742,16,2,3,10,6,3,0,1,1,1,1,22,2,2,0.0,0.0,0.0,0.0,0.0,2.0,9,3,2
146125,16,2,3,0,8,3,0,1,0,1,2,6,2,2,0.0,0.0,0.0,0.0,0.0,2.0,15,7,10
50835,16,2,1,17,8,3,0,1,0,1,2,18,2,2,0.0,0.0,0.0,0.0,0.0,2.0,22,6,4
3840,4,2,3,10,8,3,0,1,1,1,1,36,2,2,0.0,0.0,0.0,0.0,0.0,2.0,8,4,1
18220,16,2,3,17,6,3,0,6,0,1,2,12,2,2,0.0,0.0,0.0,0.0,0.0,2.0,12,3,2
184522,16,11,5,17,8,3,5,5,1,1,1,36,2,2,0.0,0.0,0.0,0.0,0.0,3.0,5,5,12
133933,15,2,3,0,6,3,0,1,0,1,2,18,3,4,2.0,0.0,0.0,0.0,2.0,3.0,12,6,9
46810,16,2,3,17,10,3,0,1,1,1,2,24,2,2,0.0,0.0,0.0,0.0,0.0,2.0,17,5,4
177867,16,2,0,17,2,3,0,1,0,0,2,19,2,2,0.0,0.0,0.0,0.0,0.0,2.0,16,4,12
6745,15,7,1,10,6,3,6,1,1,1,2,36,3,2,0.0,0.0,0.0,0.0,0.0,3.0,18,5,1
101598,15,2,3,10,8,3,0,1,1,1,2,36,2,2,0.0,0.0,0.0,0.0,0.0,3.0,10,3,7
87357,15,2,3,17,2,3,0,1,0,1,2,36,2,3,2.0,0.0,0.0,2.0,0.0,0.0,10,7,6
22493,15,11,5,0,6,3,5,5,0,1,2,36,2,4,1.0,0.0,0.0,0.0,1.0,3.0,6,6,2
45119,15,2,3,0,6,3,0,1,0,1,2,36,2,1,1.0,0.0,1.0,0.0,0.0,2.0,14,4,4
117818,16,2,3,8,2,3,0,1,0,1,0,22,2,3,1.0,0.0,0.0,1.0,0.0,1.0,6,2,8
44603,16,2,3,0,2,3,0,1,0,1,2,36,3,3,2.0,0.0,0.0,2.0,0.0,4.0,13,7,4
46425,16,2,3,0,10,3,0,1,0,1,2,6,2,3,2.0,0.0,0.0,2.0,0.0,1.0,12,4,4
6313,15,2,4,0,6,3,0,1,0,1,2,18,2,2,0.0,0.0,0.0,0.0,0.0,2.0,16,6,1
163414,4,2,3,0,10,3,0,5,1,1,2,36,2,2,0.0,0.0,0.0,0.0,0.0,2.0,11,2,11
114557,16,2,3,17,8,3,0,1,1,1,1,24,2,2,0.0,0.0,0.0,0.0,0.0,3.0,14,1,8
22594,15,10,3,10,8,3,4,1,1,1,1,19,2,2,0.0,0.0,0.0,0.0,0.0,2.0,16,7,2
102420,16,2,3,17,2,3,0,1,0,1,2,6,2,3,1.0,0.0,0.0,1.0,0.0,1.0,13,1,7
102147,15,11,5,0,8,3,5,5,1,1,1,36,2,2,0.0,0.0,0.0,0.0,0.0,3.0,15,5,7
40318,4,7,1,2,8,3,6,1,0,1,2,36,1,2,0.0,0.0,0.0,0.0,0.0,1.0,20,6,3
133427,4,2,1,17,8,3,0,1,1,1,2,36,2,2,0.0,0.0,0.0,0.0,0.0,2.0,22,6,9
158905,15,2,1,0,10,3,0,1,0,1,2,5,2,2,0.0,0.0,0.0,0.0,0.0,3.0,22,6,11
146716,15,2,1,0,6,3,0,1,0,1,2,36,2,2,0.0,0.0,0.0,0.0,0.0,2.0,5,1,10
109821,16,7,3,15,8,3,0,1,1,1,2,22,2,2,0.0,0.0,0.0,0.0,0.0,4.0,12,6,8
50321,16,2,3,10,2,3,0,1,1,1,0,17,2,2,0.0,0.0,0.0,0.0,0.0,3.0,14,5,4
72102,16,2,3,15,8,3,0,1,0,1,2,6,3,3,2.0,0.0,0.0,2.0,0.0,2.0,16,4,6
60854,4,2,3,17,2,3,0,1,0,1,2,23,2,2,0.0,0.0,0.0,0.0,0.0,2.0,16,3,5
27757,16,2,1,10,8,3,0,1,1,1,1,19,2,2,0.0,0.0,0.0,0.0,0.0,3.0,18,5,2
43733,15,7,3,0,8,3,6,1,1,1,2,36,2,2,0.0,0.0,0.0,0.0,0.0,2.0,13,5,4
29344,16,2,0,17,8,3,0,5,1,1,2,36,2,2,0.0,0.0,0.0,0.0,0.0,2.0,22,3,3
84513,15,2,3,17,2,3,0,1,1,1,2,36,2,2,0.0,0.0,0.0,0.0,0.0,3.0,15,6,6
133044,15,2,3,9,8,3,0,1,0,1,0,18,2,3,1.0,0.0,0.0,1.0,0.0,1.0,15,7,9
144142,15,3,1,0,11,3,0,1,0,1,2,17,2,4,2.0,0.0,0.0,0.0,2.0,4.0,19,6,10
5636,15,10,3,17,2,3,6,1,0,1,2,5,2,3,1.0,0.0,0.0,1.0,0.0,1.0,12,7,1
97314,16,2,4,2,3,3,0,1,0,1,2,28,1,0,3.0,1.0,0.0,2.0,0.0,2.0,2,1,7
40188,16,2,3,10,3,3,0,5,1,1,2,19,2,2,0.0,0.0,0.0,0.0,0.0,2.0,17,3,3
104408,4,2,3,8,2,3,0,1,0,0,0,18,2,3,1.0,0.0,0.0,1.0,0.0,1.0,18,3,8
97327,16,2,3,0,6,3,0,1,0,1,2,6,8,0,1.0,1.0,0.0,0.0,0.0,7.0,16,1,7
78033,16,11,5,0,6,3,5,5,1,1,2,36,2,2,0.0,0.0,0.0,0.0,0.0,2.0,14,2,6
149005,16,2,1,17,1,3,0,1,0,1,2,18,2,3,1.0,0.0,0.0,1.0,0.0,1.0,22,5,10
67262,16,11,3,17,2,3,0,1,1,1,0,19,2,2,0.0,0.0,0.0,0.0,0.0,2.0,12,5,5
171763,16,7,3,10,2,3,6,5,0,1,2,19,2,3,1.0,0.0,0.0,1.0,0.0,5.0,13,7,11
176114,16,2,1,15,8,3,0,1,1,1,2,22,2,2,0.0,0.0,0.0,0.0,0.0,5.0,22,7,12
65903,17,2,4,0,8,3,0,5,1,1,1,26,2,2,0.0,0.0,0.0,0.0,0.0,2.0,22,6,5
33467,15,2,4,0,2,3,0,1,1,1,2,18,2,2,0.0,0.0,0.0,0.0,0.0,4.0,18,3,3
71890,16,2,0,17,8,3,0,1,1,1,1,22,2,2,0.0,0.0,0.0,0.0,0.0,2.0,23,6,6
39963,16,2,1,17,6,3,0,5,0,1,2,18,2,3,4.0,0.0,0.0,4.0,0.0,0.0,22,6,3
55608,16,2,1,0,8,3,0,5,0,1,2,6,2,2,0.0,0.0,0.0,0.0,0.0,3.0,20,2,4
154952,16,2,1,10,8,3,0,1,1,1,2,36,2,2,0.0,0.0,0.0,0.0,0.0,2.0,17,2,10
156714,15,2,4,9,6,3,0,1,1,1,0,36,2,2,0.0,0.0,0.0,0.0,0.0,3.0,18,4,11
53482,16,2,3,17,3,3,0,1,1,1,1,36,2,2,0.0,0.0,0.0,0.0,0.0,2.0,18,4,4
64730,16,2,4,15,8,3,0,1,1,0,2,23,2,2,0.0,0.0,0.0,0.0,0.0,2.0,19,7,5
3310,16,10,1,15,2,3,4,1,1,1,2,22,2,2,0.0,0.0,0.0,0.0,0.0,3.0,5,1,1
178051,16,2,1,17,6,3,0,1,1,1,1,6,2,2,0.0,0.0,0.0,0.0,0.0,2.0,20,7,12
148912,15,2,3,17,15,3,0,1,1,1,1,36,2,2,0.0,0.0,0.0,0.0,0.0,2.0,6,4,10
170281,16,2,3,17,8,3,0,1,1,1,1,36,2,2,0.0,0.0,0.0,0.0,0.0,2.0,12,3,11
36753,15,2,3,0,2,3,0,1,1,1,0,38,2,2,0.0,0.0,0.0,0.0,0.0,3.0,7,2,3
126160,16,2,1,0,10,3,0,1,1,1,2,21,2,2,0.0,0.0,0.0,0.0,0.0,2.0,22,3,9
141574,2,2,3,9,6,3,0,1,0,1,0,18,2,3,1.0,0.0,0.0,1.0,0.0,1.0,14,2,10
27407,15,2,3,10,6,3,0,1,0,1,2,17,3,2,0.0,0.0,0.0,0.0,0.0,3.0,17,7,2
155468,15,2,3,17,8,3,0,1,1,1,2,18,2,2,0.0,0.0,0.0,0.0,0.0,3.0,11,1,10
174302,15,2,4,0,8,3,0,1,1,1,1,18,2,2,0.0,0.0,0.0,0.0,0.0,3.0,16,2,12
28314,4,7,1,9,8,3,6,1,0,0,2,17,2,1,1.0,0.0,1.0,0.0,0.0,1.0,5,5,3
107610,16,2,3,10,2,3,0,1,0,1,1,17,2,4,1.0,0.0,0.0,0.0,1.0,1.0,16,2,8
22380,15,7,1,9,8,3,6,1,0,1,2,18,2,3,1.0,0.0,0.0,1.0,0.0,1.0,20,4,2
111665,16,2,1,17,8,3,0,1,0,1,2,18,2,3,2.0,0.0,0.0,1.0,1.0,1.0,22,7,8
100071,16,2,3,17,6,3,0,1,0,1,2,18,2,3,1.0,0.0,0.0,1.0,0.0,2.0,18,1,7
154478,16,2,3,17,2,3,0,1,1,1,0,36,2,2,0.0,0.0,0.0,0.0,0.0,4.0,16,2,10
66738,16,2,3,10,2,3,0,1,1,1,2,8,3,2,0.0,0.0,0.0,0.0,0.0,3.0,16,6,5
111697,15,11,0,17,15,3,5,5,1,1,2,36,2,2,0.0,0.0,0.0,0.0,0.0,2.0,2,1,8
94289,16,2,3,0,6,3,0,1,1,1,2,6,2,2,0.0,0.0,0.0,0.0,0.0,2.0,17,3,7
68892,16,2,3,0,6,3,0,1,1,1,1,36,2,2,0.0,0.0,0.0,0.0,0.0,3.0,18,4,5
92288,16,2,3,10,2,3,0,1,0,1,2,19,3,2,0.0,0.0,0.0,0.0,0.0,3.0,12,7,7
180864,16,2,1,17,8,3,0,1,0,1,2,6,2,4,3.0,0.0,0.0,0.0,3.0,1.0,18,1,12
119191,4,2,1,2,16,3,0,1,0,1,2,26,2,2,0.0,0.0,0.0,0.0,0.0,2.0,0,1,8
49460,16,2,3,15,8,3,0,1,1,1,2,36,2,2,0.0,0.0,0.0,0.0,0.0,2.0,17,3,4
174739,16,6,3,0,6,3,6,1,0,1,2,36,4,3,4.0,0.0,0.0,4.0,0.0,2.0,13,3,12
145723,16,2,3,0,2,3,0,1,1,1,2,36,2,2,0.0,0.0,0.0,0.0,0.0,3.0,6,2,10
181573,15,1,3,15,13,2,1,5,0,0,2,39,4,3,1.0,0.0,0.0,1.0,0.0,3.0,12,5,12
152463,4,2,3,17,8,3,0,1,1,1,2,18,2,2,0.0,0.0,0.0,0.0,0.0,5.0,14,2,10