crash_date,               traffic_control_device,weather_condition,lighting_condition,first_crash_type,trafficway_type,alignment,roadway_surface_cond,road_defect,crash_type,intersection_related_i,damage,prim_contributory_cause,num_units,most_severe_injury,injuries_total,injuries_fatal,injuries_incapacitating,injuries_non_incapacitating,injuries_reported_not_evident,injuries_no_indication,crash_hour,crash_day_of_week,crash_month
32113,16,7,3,17,6,3,6,1,1,1,1,36,2,2,0.0,0.0,0.0,0.0,0.0,2.0,16,2,3
64073,15,2,3,0,8,3,0,1,0,1,2,12,2,4,2.0,0.0,0.0,0.0,2.0,0.0,11,5,5
110436,16,2,3,9,2,3,0,1,1,1,0,36,3,2,0.0,0.0,0.0,0.0,0.0,3.0,16,2,8
96229,15,2,3,0,6,3,0,1,0,1,2,18,2,2,0.0,0.0,0.0,0.0,0.0,2.0,12,4,7
169075,15,2,0,7,8,3,5,5,0,0,2,36,4,2,0.0,0.0,0.0,0.0,0.0,4.0,5,1,11
182421,16,2,3,17,18,3,0,5,0,1,1,22,2,4,1.0,0.0,0.0,0.0,1.0,1.0,10,4,12
43464,4,2,3,0,6,3,6,1,0,1,2,36,2,4,1.0,0.0,0.0,0.0,1.0,2.0,8,1,4
179556,16,2,1,10,8,4,0,1,0,1,2,8,3,4,2.0,0.0,0.0,0.0,2.0,3.0,22,5,12
69913,16,7,4,10,2,3,6,1,1,1,2,36,2,2,0.0,0.0,0.0,0.0,0.0,2.0,19,6,5
45946,16,2,3,17,17,3,5,5,1,1,2,36,2,2,0.0,0.0,0.0,0.0,0.0,3.0,18,3,4
188989,15,10,1,0,9,3,6,1,1,1,2,36,2,2,0.0,0.0,0.0,0.0,0.0,2.0,18,1,12
26830,16,2,3,10,2,3,0,1,1,1,2,19,2,2,0.0,0.0,0.0,0.0,0.0,4.0,10,3,2
68520,4,2,3,0,8,3,0,1,0,1,2,18,2,2,0.0,0.0,0.0,0.0,0.0,2.0,8,5,5
49911,4,10,1,17,12,3,4,1,0,0,2,36,2,2,0.0,0.0,0.0,0.0,0.0,2.0,20,4,4
176527,15,2,1,0,2,3,4,1,0,1,2,18,2,3,3.0,0.0,0.0,3.0,0.0,1.0,2,7,12
70214,4,2,3,17,8,3,0,6,1,1,2,18,2,2,0.0,0.0,0.0,0.0,0.0,3.0,16,3,5
69973,16,2,1,9,6,3,0,5,0,1,2,6,2,1,1.0,0.0,1.0,0.0,0.0,1.0,3,7,5
183361,16,2,3,17,2,3,0,1,1,1,2,36,2,2,0.0,0.0,0.0,0.0,0.0,2.0,8,2,12
83165,16,2,3,10,8,3,0,1,1,1,2,36,2,2,0.0,0.0,0.0,0.0,0.0,2.0,7,5,6
67550,15,2,3,3,8,3,0,1,1,1,2,36,2,2,0.0,0.0,0.0,0.0,0.0,3.0,17,5,5
150473,16,2,1,9,3,3,0,1,0,1,0,24,2,3,1.0,0.0,0.0,1.0,0.0,1.0,18,3,10
107940,15,2,3,0,6,3,0,1,0,1,1,38,2,1,1.0,0.0,1.0,0.0,0.0,3.0,17,7,8
47932,16,2,3,15,2,3,0,1,1,1,2,12,2,2,0.0,0.0,0.0,0.0,0.0,2.0,17,5,4
184973,16,2,1,10,2,3,0,1,1,0,2,17,2,2,0.0,0.0,0.0,0.0,0.0,2.0,22,4,12
12961,16,2,0,3,8,3,0,1,1,1,2,11,2,2,0.0,0.0,0.0,0.0,0.0,2.0,20,7,1
105536,10,2,3,10,2,3,0,1,0,1,2,17,2,2,0.0,0.0,0.0,0.0,0.0,2.0,16,7,8
62501,16,2,0,0,6,3,0,1,0,1,2,6,2,2,0.0,0.0,0.0,0.0,0.0,2.0,23,7,5
10318,4,2,0,0,6,3,0,5,1,1,2,5,2,2,0.0,0.0,0.0,0.0,0.0,3.0,22,5,1
70023,4,2,1,17,8,3,0,5,0,1,2,36,2,2,0.0,0.0,0.0,0.0,0.0,2.0,1,1,5
180068,16,7,0,17,6,3,6,1,0,1,2,18,2,2,0.0,0.0,0.0,0.0,0.0,4.0,23,7,12
16131,4,2,3,17,8,3,0,1,1,1,2,36,2,2,0.0,0.0,0.0,0.0,0.0,2.0,7,2,2
129260,16,2,1,15,3,3,5,5,1,1,2,36,2,2,0.0,0.0,0.0,0.0,0.0,2.0,22,5,9
86723,16,2,1,2,8,3,0,1,0,1,2,12,1,3,2.0,0.0,0.0,2.0,0.0,2.0,2,4,6
130715,16,7,3,17,2,3,6,1,0,1,2,18,2,2,0.0,0.0,0.0,0.0,0.0,2.0,8,3,9
156602,16,2,3,9,3,3,0,1,0,1,1,36,2,1,1.0,0.0,1.0,0.0,0.0,1.0,11,2,11
124078,15,2,3,0,8,3,0,1,0,1,2,5,3,3,1.0,0.0,0.0,1.0,0.0,1.0,10,2,9
161191,16,2,3,17,6,3,0,1,0,1,2,18,2,2,0.0,0.0,0.0,0.0,0.0,3.0,9,5,11
63166,4,2,3,10,2,3,0,1,1,1,1,19,2,2,0.0,0.0,0.0,0.0,0.0,2.0,16,3,5
155317,15,2,0,10,2,3,6,5,1,1,2,8,2,2,0.0,0.0,0.0,0.0,0.0,2.0,20,5,10
21839,16,2,3,9,18,3,0,1,1,1,0,26,2,2,0.0,0.0,0.0,0.0,0.0,2.0,12,7,2
127112,15,2,3,17,15,3,0,1,1,1,2,36,2,2,0.0,0.0,0.0,0.0,0.0,2.0,18,5,9
74462,16,2,1,15,2,3,0,1,1,1,2,36,2,2,0.0,0.0,0.0,0.0,0.0,2.0,8,3,6
187892,15,2,1,17,8,3,5,5,1,1,1,22,2,2,0.0,0.0,0.0,0.0,0.0,2.0,18,5,12
175873,15,2,1,17,6,3,0,1,0,1,2,36,2,3,1.0,0.0,0.0,1.0,0.0,2.0,22,5,12
9340,17,2,5,17,11,3,0,1,1,0,0,24,2,2,0.0,0.0,0.0,0.0,0.0,4.0,16,3,1
50258,16,2,3,15,2,3,0,1,1,1,2,36,2,2,0.0,0.0,0.0,0.0,0.0,2.0,8,5,4
33357,16,2,3,15,10,3,0,1,1,0,2,36,2,2,0.0,0.0,0.0,0.0,0.0,3.0,7,7,3
51799,16,2,3,11,1,3,0,1,1,1,2,21,2,2,0.0,0.0,0.0,0.0,0.0,3.0,16,4,4
188743,16,2,1,10,6,3,6,1,1,1,2,36,2,2,0.0,0.0,0.0,0.0,0.0,2.0,17,3,12
111135,16,2,3,10,1,3,0,1,1,1,1,36,2,2,0.0,0.0,0.0,0.0,0.0,5.0,11,6,8
877,16,4,1,9,6,3,6,1,0,1,2,36,3,0,1.0,1.0,0.0,0.0,0.0,6.0,22,2,1
121980,16,2,3,0,3,3,0,1,0,1,2,18,2,2,0.0,0.0,0.0,0.0,0.0,2.0,13,7,9
106817,16,2,3,10,2,3,0,1,0,1,2,36,2,4,1.0,0.0,0.0,0.0,1.0,2.0,16,3,8
88902,16,2,3,17,10,3,0,1,0,1,2,18,2,2,0.0,0.0,0.0,0.0,0.0,3.0,9,3,7
150750,16,2,1,2,6,3,0,1,0,1,2,36,1,2,0.0,0.0,0.0,0.0,0.0,2.0,2,1,10
177442,16,7,1,17,6,3,6,1,0,1,2,36,2,4,2.0,0.0,0.0,0.0,2.0,1.0,17,6,12
185120,16,4,1,17,6,3,6,5,1,1,2,23,2,2,0.0,0.0,0.0,0.0,0.0,2.0,20,7,12
175533,15,2,1,10,8,3,0,1,0,1,2,17,2,4,1.0,0.0,0.0,0.0,1.0,1.0,2,6,12
80136,15,2,3,10,6,3,0,1,1,1,1,19,2,2,0.0,0.0,0.0,0.0,0.0,2.0,6,4,6
109930,16,2,3,10,2,3,0,1,1,1,2,8,2,2,0.0,0.0,0.0,0.0,0.0,2.0,9,1,8
47135,16,2,3,15,2,3,0,1,1,1,1,23,2,2,0.0,0.0,0.0,0.0,0.0,2.0,13,5,4
100612,16,2,3,10,6,3,0,1,1,1,2,36,2,2,0.0,0.0,0.0,0.0,0.0,2.0,13,3,7
90642,16,2,3,5,6,3,0,1,1,1,2,26,1,2,0.0,0.0,0.0,0.0,0.0,1.0,15,3,7
39434,16,2,3,15,2,3,0,1,1,1,2,23,2,2,0.0,0.0,0.0,0.0,0.0,3.0,7,2,3
61219,16,2,1,8,6,3,0,1,0,1,1,36,2,3,1.0,0.0,0.0,1.0,0.0,1.0,22,7,5
131988,16,2,1,17,8,3,0,1,1,1,1,36,2,2,0.0,0.0,0.0,0.0,0.0,2.0,22,6,9
176979,15,2,3,0,8,3,0,1,0,1,2,18,2,4,1.0,0.0,0.0,0.0,1.0,2.0,14,7,12
150108,16,2,1,0,6,3,0,1,1,1,1,6,2,2,0.0,0.0,0.0,0.0,0.0,2.0,0,6,10
100246,15,2,3,10,8,3,0,1,1,1,1,36,2,2,0.0,0.0,0.0,0.0,0.0,2.0,18,3,7
129142,16,2,1,0,6,3,0,1,0,1,2,18,2,4,3.0,0.0,0.0,0.0,3.0,2.0,2,4,9
1037,16,2,1,17,8,3,0,1,0,1,1,24,2,2,0.0,0.0,0.0,0.0,0.0,2.0,18,4,1
54768,15,7,3,0,10,3,6,1,1,1,1,36,2,2,0.0,0.0,0.0,0.0,0.0,2.0,16,4,4
165812,15,2,1,17,10,3,0,1,0,1,2,18,2,2,0.0,0.0,0.0,0.0,0.0,3.0,23,7,11
430,15,10,1,17,15,3,4,1,0,1,2,36,2,3,5.0,0.0,0.0,1.0,4.0,1.0,5,2,1
118617,16,2,3,17,6,3,0,1,1,1,2,12,2,2,0.0,0.0,0.0,0.0,0.0,2.0,13,1,8
32677,17,2,3,10,10,3,0,1,1,1,2,26,2,2,0.0,0.0,0.0,0.0,0.0,2.0,15,4,3
170486,16,7,3,0,11,3,6,5,1,1,1,36,2,2,0.0,0.0,0.0,0.0,0.0,3.0,12,1,11
41669,9,2,3,2,12,3,0,1,1,0,1,36,1,2,0.0,0.0,0.0,0.0,0.0,1.0,8,4,3
43387,16,2,3,7,2,3,0,1,1,1,1,17,2,2,0.0,0.0,0.0,0.0,0.0,1.0,15,7,4
18825,16,10,1,0,8,3,4,1,1,1,2,6,2,2,0.0,0.0,0.0,0.0,0.0,2.0,21,6,2
151620,15,2,3,0,8,3,0,1,0,1,2,36,2,4,1.0,0.0,0.0,0.0,1.0,1.0,11,4,10
68249,15,2,3,0,8,3,0,1,0,1,2,18,2,3,1.0,0.0,0.0,1.0,0.0,1.0,12,6,5
43263,16,2,3,15,8,3,0,1,1,1,2,36,2,2,0.0,0.0,0.0,0.0,0.0,2.0,13,4,4
73656,4,2,3,15,8,3,0,5,1,1,1,36,2,2,0.0,0.0,0.0,0.0,0.0,2.0,12,6,6
26165,16,2,1,2,11,3,0,1,0,1,2,36,1,4,1.0,0.0,0.0,0.0,1.0,0.0,23,7,2
185993,16,11,5,17,6,3,5,5,1,1,2,36,2,2,0.0,0.0,0.0,0.0,0.0,2.0,23,2,12
96015,4,2,3,10,6,3,0,1,1,1,2,19,3,2,0.0,0.0,0.0,0.0,0.0,6.0,11,3,7
3215,15,11,5,10,18,3,5,5,1,1,2,36,2,2,0.0,0.0,0.0,0.0,0.0,2.0,17,6,1
121828,15,7,3,10,8,3,6,1,1,1,2,36,2,2,0.0,0.0,0.0,0.0,0.0,2.0,10,3,9
43487,4,2,3,0,6,3,0,1,1,1,2,23,2,2,0.0,0.0,0.0,0.0,0.0,2.0,15,2,4
16481,17,7,4,10,8,3,6,5,1,1,2,26,2,2,0.0,0.0,0.0,0.0,0.0,2.0,14,2,2
59284,16,2,3,17,8,3,0,1,1,1,2,17,2,2,0.0,0.0,0.0,0.0,0.0,2.0,13,7,5
95509,4,2,3,7,8,3,0,1,1,0,1,12,2,2,0.0,0.0,0.0,0.0,0.0,1.0,11,2,7
25650,16,2,4,10,6,3,0,1,1,1,2,19,2,2,0.0,0.0,0.0,0.0,0.0,2.0,17,6,2
112152,16,2,3,0,8,3,0,1,0,1,2,6,2,2,0.0,0.0,0.0,0.0,0.0,2.0,16,1,8
12484,16,2,3,15,2,3,4,1,1,1,2,36,2,2,0.0,0.0,0.0,0.0,0.0,2.0,15,7,1
151837,16,7,2,0,18,3,6,1,0,1,2,39,3,3,1.0,0.0,0.0,1.0,0.0,3.0,7,2,10
136319,4,2,3,15,15,3,0,1,1,1,2,22,2,2,0.0,0.0,0.0,0.0,0.0,3.0,7,4,9
12943,4,2,3,15,2,3,0,5,1,1,2,36,2,2,0.0,0.0,0.0,0.0,0.0,2.0,14,7,1
43893,15,2,3,17,6,3,0,1,1,1,2,18,2,2,0.0,0.0,0.0,0.0,0.0,2.0,11,1,4
7204,16,2,2,9,6,5,6,1,0,1,0,18,2,3,1.0,0.0,0.0,1.0,0.0,1.0,6,4,1
108061,16,2,3,17,3,3,6,1,0,1,2,36,2,2,0.0,0.0,0.0,0.0,0.0,2.0,17,2,8
116224,15,3,3,0,8,3,6,1,0,1,2,5,2,4,1.0,0.0,0.0,0.0,1.0,1.0,17,6,8
166841,15,2,3,0,10,3,0,1,1,1,2,36,2,2,0.0,0.0,0.0,0.0,0.0,3.0,9,1,11
52107,16,2,1,10,8,3,0,1,0,1,2,19,2,4,1.0,0.0,0.0,0.0,1.0,1.0,23,1,4
17685,15,2,3,10,6,3,0,5,1,1,2,19,2,2,0.0,0.0,0.0,0.0,0.0,4.0,15,2,2
8311,15,10,1,10,10,3,4,5,1,1,0,36,2,2,0.0,0.0,0.0,0.0,0.0,2.0,21,6,1
5026,4,2,1,17,8,3,0,5,1,0,2,36,2,2,0.0,0.0,0.0,0.0,0.0,2.0,17,6,1
137749,15,2,3,0,1,3,0,1,0,1,2,5,2,2,0.0,0.0,0.0,0.0,0.0,2.0,14,3,10
72552,16,2,3,10,2,3,0,1,1,1,2,19,2,2,0.0,0.0,0.0,0.0,0.0,2.0,16,4,6
128836,16,2,1,0,8,3,0,1,1,1,2,36,2,2,0.0,0.0,0.0,0.0,0.0,2.0,1,1,9
25736,16,2,3,17,8,3,0,1,1,1,1,17,2,2,0.0,0.0,0.0,0.0,0.0,2.0,15,6,2
154830,17,11,5,10,6,3,5,5,1,1,1,36,2,2,0.0,0.0,0.0,0.0,0.0,3.0,22,7,10
114385,4,7,3,9,6,3,6,1,0,1,2,36,2,3,1.0,0.0,0.0,1.0,0.0,1.0,18,7,8
63531,16,2,3,17,2,3,5,5,1,1,2,18,2,2,0.0,0.0,0.0,0.0,0.0,2.0,15,4,5
26384,16,2,3,17,8,3,0,1,1,1,1,18,2,2,0.0,0.0,0.0,0.0,0.0,2.0,9,3,2
178459,4,2,3,17,8,3,0,1,1,0,2,36,2,2,0.0,0.0,0.0,0.0,0.0,2.0,15,5,12
104945,16,2,1,0,18,3,0,1,1,1,2,6,2,2,0.0,0.0,0.0,0.0,0.0,2.0,20,4,8
139718,16,2,3,17,2,3,0,5,1,1,1,18,2,2,0.0,0.0,0.0,0.0,0.0,2.0,14,4,10
100807,4,2,3,15,3,3,0,1,1,0,1,23,2,2,0.0,0.0,0.0,0.0,0.0,2.0,16,5,7
185295,16,10,1,10,3,4,4,1,0,1,2,17,2,2,0.0,0.0,0.0,0.0,0.0,2.0,23,1,12
78563,16,2,3,17,6,3,0,1,0,1,2,36,2,4,1.0,0.0,0.0,0.0,1.0,2.0,10,2,6
95879,15,2,1,0,6,3,0,1,0,1,2,18,2,2,0.0,0.0,0.0,0.0,0.0,3.0,23,7,7
26309,16,2,1,0,8,3,0,1,0,1,2,37,3,1,2.0,0.0,1.0,1.0,0.0,2.0,21,2,2
543,16,2,1,0,8,3,0,1,0,1,2,6,2,4,1.0,0.0,0.0,0.0,1.0,1.0,1,3,1
123055,4,2,3,0,8,3,0,1,1,1,2,36,2,2,0.0,0.0,0.0,0.0,0.0,2.0,15,1,9
20262,4,2,3,17,8,3,4,1,1,0,1,23,2,2,0.0,0.0,0.0,0.0,0.0,4.0,10,3,2
167516,16,2,4,10,6,3,5,5,1,1,2,18,2,2,0.0,0.0,0.0,0.0,0.0,2.0,17,5,11
102819,16,2,3,15,6,3,0,5,1,1,2,6,2,2,0.0,0.0,0.0,0.0,0.0,3.0,16,2,7
86808,16,2,3,7,8,3,0,1,1,1,2,12,2,2,0.0,0.0,0.0,0.0,0.0,3.0,9,6,6
98064,16,2,3,10,2,3,0,1,1,1,0,19,2,2,0.0,0.0,0.0,0.0,0.0,2.0,9,5,7
58456,16,2,3,17,8,3,0,1,1,1,2,12,2,2,0.0,0.0,0.0,0.0,0.0,2.0,15,6,5
132581,16,2,3,17,2,3,0,1,0,1,2,18,2,2,0.0,0.0,0.0,0.0,0.0,3.0,10,7,9
158029,16,2,3,15,8,3,0,1,1,1,2,22,2,2,0.0,0.0,0.0,0.0,0.0,2.0,13,7,11
137100,4,2,2,15,8,3,0,1,1,1,2,36,2,2,0.0,0.0,0.0,0.0,0.0,2.0,19,7,9
11828,16,7,3,17,2,3,6,1,0,1,1,18,2,3,2.0,0.0,0.0,2.0,0.0,2.0,14,4,1
19571,16,2,3,10,3,3,0,1,1,1,2,19,2,2,0.0,0.0,0.0,0.0,0.0,2.0,7,6,2
68341,4,2,3,0,10,3,0,1,1,1,2,18,2,2,0.0,0.0,0.0,0.0,0.0,2.0,12,2,5
116264,16,2,1,17,8,3,6,1,1,1,2,24,2,2,0.0,0.0,0.0,0.0,0.0,3.0,23,6,8
28559,15,2,1,0,6,3,0,1,1,1,2,18,2,2,0.0,0.0,0.0,0.0,0.0,2.0,19,3,3
58313,4,7,0,10,2,3,6,1,1,1,1,39,2,2,0.0,0.0,0.0,0.0,0.0,2.0,22,5,5
112985,16,2,4,0,18,3,0,1,0,1,2,6,2,2,0.0,0.0,0.0,0.0,0.0,2.0,21,7,8
118260,16,2,3,17,2,3,0,1,1,1,2,24,2,2,0.0,0.0,0.0,0.0,0.0,2.0,16,1,8
2570,16,2,1,10,8,4,0,1,0,1,2,19,2,2,0.0,0.0,0.0,0.0,0.0,3.0,17,2,1
106609,15,2,3,2,2,3,0,1,0,1,2,17,2,1,2.0,0.0,1.0,1.0,0.0,1.0,13,2,8
49776,15,2,1,2,15,3,0,1,0,1,2,26,1,2,0.0,0.0,0.0,0.0,0.0,2.0,3,4,4
155013,16,2,1,0,8,3,0,1,0,1,2,17,2,3,1.0,0.0,0.0,1.0,0.0,1.0,5,4,10
51580,15,2,1,0,11,3,0,5,0,1,2,26,2,3,2.0,0.0,0.0,2.0,0.0,1.0,1,1,4
24388,15,2,3,0,6,3,0,1,0,1,2,5,2,4,1.0,0.0,0.0,0.0,1.0,1.0,6,3,2
112438,16,2,3,0,3,3,0,1,0,1,2,6,2,2,0.0,0.0,0.0,0.0,0.0,3.0,12,6,8
132905,16,2,3,17,19,3,0,1,0,1,2,36,2,2,0.0,0.0,0.0,0.0,0.0,2.0,9,6,9
115342,16,2,3,10,8,3,0,1,1,1,1,19,2,2,0.0,0.0,0.0,0.0,0.0,2.0,13,1,8
39177,16,7,3,10,8,3,6,1,1,1,1,19,2,2,0.0,0.0,0.0,0.0,0.0,3.0,12,5,3
154297,16,2,3,0,6,3,0,1,0,1,2,23,3,1,3.0,0.0,2.0,0.0,1.0,2.0,10,7,10
40537,4,2,3,0,8,3,0,1,0,1,2,18,2,3,1.0,0.0,0.0,1.0,0.0,1.0,16,4,3
103435,16,2,1,0,2,3,0,1,0,1,2,30,2,2,0.0,0.0,0.0,0.0,0.0,2.0,4,2,7
160606,15,2,3,17,8,3,0,5,1,1,2,36,2,2,0.0,0.0,0.0,0.0,0.0,3.0,15,4,11
121250,15,2,3,0,2,3,0,1,1,1,2,18,2,2,0.0,0.0,0.0,0.0,0.0,3.0,17,2,9
130888,16,2,3,2,2,3,0,1,0,1,2,17,1,2,0.0,0.0,0.0,0.0,0.0,1.0,17,7,9
152122,16,2,3,9,8,3,6,1,0,1,2,27,2,3,1.0,0.0,0.0,1.0,0.0,2.0,9,6,10
24579,16,2,0,17,8,3,0,1,1,1,1,36,2,2,0.0,0.0,0.0,0.0,0.0,3.0,18,6,2
135589,16,7,1,10,8,3,6,1,1,0,2,19,2,2,0.0,0.0,0.0,0.0,0.0,4.0,22,1,9
184826,16,2,1,10,8,3,0,1,0,1,0,19,2,3,1.0,0.0,0.0,1.0,0.0,4.0,22,1,12
120785,16,2,3,15,11,3,0,1,0,0,2,36,3,3,1.0,0.0,0.0,1.0,0.0,5.0,15,4,9
57793,16,2,3,17,8,3,0,1,0,1,2,6,2,2,0.0,0.0,0.0,0.0,0.0,2.0,15,5,5
164763,16,2,3,8,8,3,0,1,1,1,1,18,2,2,0.0,0.0,0.0,0.0,0.0,2.0,14,6,11
93882,15,2,3,10,6,3,0,1,1,1,2,19,2,2,0.0,0.0,0.0,0.0,0.0,2.0,12,4,7
101910,16,2,1,10,8,3,0,1,1,0,1,19,2,2,0.0,0.0,0.0,0.0,0.0,3.0,20,7,7
103002,16,2,3,15,8,3,0,1,1,0,0,36,2,2,0.0,0.0,0.0,0.0,0.0,2.0,18,3,7
44107,16,2,3,15,8,3,6,1,1,1,0,36,2,2,0.0,0.0,0.0,0.0,0.0,3.0,14,4,4
123733,15,2,3,0,6,3,0,1,1,1,2,18,2,2,0.0,0.0,0.0,0.0,0.0,2.0,13,6,9
44793,16,7,3,2,6,3,6,1,0,1,2,36,1,2,0.0,0.0,0.0,0.0,0.0,1.0,8,4,4
167623,15,2,1,0,3,3,0,1,1,0,2,18,2,2,0.0,0.0,0.0,0.0,0.0,2.0,18,3,11
106772,4,3,2,7,8,3,0,1,0,0,2,36,2,2,0.0,0.0,0.0,0.0,0.0,1.0,6,2,8
98016,4,2,1,0,2,3,0,1,0,1,2,36,3,2,0.0,0.0,0.0,0.0,0.0,2.0,23,4,7
105060,4,2,3,14,10,3,0,1,1,1,1,11,2,2,0.0,0.0,0.0,0.0,0.0,3.0,19,4,8
40154,16,2,3,17,8,3,0,1,1,1,2,18,2,2,0.0,0.0,0.0,0.0,0.0,3.0,13,2,3
53638,4,2,3,0,6,3,0,1,1,1,1,23,2,2,0.0,0.0,0.0,0.0,0.0,3.0,8,6,4
21331,15,10,3,0,6,3,1,1,1,1,2,5,2,2,0.0,0.0,0.0,0.0,0.0,2.0,8,6,2
39854,16,2,0,15,2,3,0,1,1,1,1,36,2,2,0.0,0.0,0.0,0.0,0.0,2.0,19,3,3
138863,15,2,3,0,8,3,0,5,0,1,1,18,2,3,2.0,0.0,0.0,2.0,0.0,1.0,16,4,10
61164,16,7,3,10,8,3,6,1,1,1,2,19,2,2,0.0,0.0,0.0,0.0,0.0,2.0,13,7,5
8759,16,2,1,17,2,3,0,1,1,1,0,36,2,2,0.0,0.0,0.0,0.0,0.0,2.0,17,6,1
30039,15,7,1,0,2,3,6,1,0,1,2,36,2,2,0.0,0.0,0.0,0.0,0.0,2.0,22,2,3
31402,16,2,3,14,8,3,6,0,1,1,0,32,2,2,0.0,0.0,0.0,0.0,0.0,2.0,16,3,3
175757,16,2,1,17,6,3,0,1,0,1,2,18,2,2,0.0,0.0,0.0,0.0,0.0,2.0,21,3,12
31211,16,2,3,10,8,3,0,1,1,1,0,26,2,2,0.0,0.0,0.0,0.0,0.0,2.0,15,1,3
123631,16,2,3,15,10,3,0,1,1,1,2,18,2,2,0.0,0.0,0.0,0.0,0.0,3.0,17,3,9
69944,16,7,3,15,11,3,6,1,1,1,2,36,2,2,0.0,0.0,0.0,0.0,0.0,2.0,11,6,5
97821,16,2,1,11,8,3,0,1,1,1,2,21,2,2,0.0,0.0,0.0,0.0,0.0,5.0,21,7,7
188242,4,5,1,2,8,3,1,1,0,1,2,36,1,2,0.0,0.0,0.0,0.0,0.0,1.0,18,2,12
148390,4,2,3,17,6,3,0,1,1,1,1,18,2,2,0.0,0.0,0.0,0.0,0.0,2.0,15,4,10
123933,16,2,3,17,8,3,0,1,1,1,2,18,2,2,0.0,0.0,0.0,0.0,0.0,2.0,7,6,9
173990,4,2,1,17,6,3,0,1,0,1,2,18,2,2,0.0,0.0,0.0,0.0,0.0,2.0,5,6,12
183272,16,2,1,10,6,3,0,1,1,1,0,36,2,2,0.0,0.0,0.0,0.0,0.0,4.0,22,6,12
153978,16,2,3,0,8,3,0,1,1,1,0,18,2,2,0.0,0.0,0.0,0.0,0.0,2.0,16,2,10
51531,16,11,5,0,9,3,5,5,1,1,2,36,2,2,0.0,0.0,0.0,0.0,0.0,2.0,16,6,4
32025,15,2,3,10,8,3,0,1,1,1,1,19,2,2,0.0,0.0,0.0,0.0,0.0,2.0,15,7,3
48544,16,2,3,15,8,3,0,1,1,1,2,23,2,2,0.0,0.0,0.0,0.0,0.0,2.0,7,6,4
85688,16,2,3,10,6,3,0,1,0,1,2,36,2,3,1.0,0.0,0.0,1.0,0.0,2.0,17,4,6
824,4,10,0,7,8,3,4,5,1,0,2,12,2,2,0.0,0.0,0.0,0.0,0.0,2.0,18,1,1
116607,15,2,3,0,6,3,6,1,0,1,2,18,2,1,2.0,0.0,1.0,1.0,0.0,1.0,13,7,8
134306,16,2,3,17,8,3,0,1,0,1,2,24,2,1,1.0,0.0,1.0,0.0,0.0,1.0,14,4,9
54352,16,2,1,0,2,3,0,1,1,1,2,6,2,2,0.0,0.0,0.0,0.0,0.0,2.0,19,4,4
28332,16,2,1,4,8,3,0,3,1,1,1,26,1,2,0.0,0.0,0.0,0.0,0.0,1.0,20,5,3
134309,16,2,3,17,8,3,0,1,0,1,2,6,2,1,2.0,0.0,2.0,0.0,0.0,0.0,15,4,9
100454,16,2,3,17,6,3,0,5,0,1,2,24,3,2,0.0,0.0,0.0,0.0,0.0,3.0,9,7,7
17333,16,2,3,17,8,3,0,1,1,1,2,26,2,2,0.0,0.0,0.0,0.0,0.0,3.0,15,7,2
61986,16,2,1,2,6,3,6,5,0,1,2,36,1,4,1.0,0.0,0.0,0.0,1.0,0.0,23,6,5
87056,16,2,3,17,6,3,0,1,0,1,2,17,2,2,0.0,0.0,0.0,0.0,0.0,2.0,7,4,6
111953,15,7,3,15,2,3,6,1,0,1,2,28,3,2,0.0,0.0,0.0,0.0,0.0,6.0,16,4,8
22740,16,7,1,10,2,3,6,1,0,1,2,39,2,2,0.0,0.0,0.0,0.0,0.0,2.0,21,2,2
31828,16,7,3,2,6,3,6,1,0,1,2,26,1,2,0.0,0.0,0.0,0.0,0.0,1.0,16,6,3
45157,4,2,3,2,2,3,0,1,0,1,2,19,1,2,0.0,0.0,0.0,0.0,0.0,3.0,10,4,4
165273,16,2,3,2,6,3,0,2,1,1,2,36,1,2,0.0,0.0,0.0,0.0,0.0,1.0,7,1,11
54983,10,2,3,9,2,3,0,1,0,1,2,18,2,3,1.0,0.0,0.0,1.0,0.0,1.0,19,1,4
37048,15,11,3,0,19,3,5,5,1,1,2,18,2,2,0.0,0.0,0.0,0.0,0.0,3.0,15,1,3
128563,16,2,3,15,2,3,0,1,1,1,2,36,2,2,0.0,0.0,0.0,0.0,0.0,3.0,15,3,9
6804,15,2,3,15,2,3,0,1,1,1,1,22,2,2,0.0,0.0,0.0,0.0,0.0,2.0,17,6,1
73879,16,2,3,17,2,3,0,1,0,1,2,18,3,3,1.0,0.0,0.0,1.0,0.0,2.0,14,2,6
101054,16,2,3,10,8,3,0,1,0,1,2,2,2,3,1.0,0.0,0.0,1.0,0.0,1.0,12,2,7
184630,16,2,3,0,6,3,0,1,1,1,2,6,2,2,0.0,0.0,0.0,0.0,0.0,2.0,11,6,12
145134,17,11,5,2,2,3,5,5,1,1,2,36,1,2,0.0,0.0,0.0,0.0,0.0,1.0,3,1,10
95611,4,2,3,7,10,3,0,1,1,1,1,12,2,2,0.0,0.0,0.0,0.0,0.0,1.0,9,2,7
164395,4,2,3,17,8,3,6,1,0,1,2,18,2,2,0.0,0.0,0.0,0.0,0.0,2.0,9,7,11
94446,16,2,3,15,2,3,0,1,1,1,2,23,2,2,0.0,0.0,0.0,0.0,0.0,4.0,13,7,7
68745,16,2,3,17,8,3,0,5,0,1,2,6,4,1,1.0,0.0,1.0,0.0,0.0,4.0,13,1,5