crash_date,               traffic_control_device,weather_condition,lighting_condition,first_crash_type,trafficway_type,alignment,roadway_surface_cond,road_defect,crash_type,intersection_related_i,damage,prim_contributory_cause,num_units,most_severe_injury,injuries_total,injuries_fatal,injuries_incapacitating,injuries_non_incapacitating,injuries_reported_not_evident,injuries_no_indication,crash_hour,crash_day_of_week,crash_month
88241,16,2,3,0,8,3,0,1,1,1,2,36,2,2,0.0,0.0,0.0,0.0,0.0,2.0,18,2,7
36385,16,2,3,10,8,3,5,5,1,1,0,36,2,2,0.0,0.0,0.0,0.0,0.0,2.0,11,2,3
27574,15,2,1,17,10,3,0,1,0,1,2,18,2,2,0.0,0.0,0.0,0.0,0.0,2.0,4,3,2
181539,16,2,2,10,2,3,0,1,0,1,2,19,2,3,1.0,0.0,0.0,1.0,0.0,1.0,6,5,12
137697,16,2,3,9,2,3,0,1,0,1,2,4,2,1,1.0,0.0,1.0,0.0,0.0,2.0,17,2,10
16501,17,11,0,9,8,3,5,5,1,1,2,36,2,2,0.0,0.0,0.0,0.0,0.0,2.0,17,2,2
136765,15,2,3,7,10,3,0,1,0,1,2,36,2,3,1.0,0.0,0.0,1.0,0.0,0.0,12,3,9
167095,16,2,3,15,8,3,0,1,1,1,0,36,2,2,0.0,0.0,0.0,0.0,0.0,2.0,8,3,11
130136,16,2,3,17,8,3,0,1,1,1,2,19,2,2,0.0,0.0,0.0,0.0,0.0,3.0,7,2,9
156596,16,2,3,17,15,3,0,1,0,1,2,18,2,2,0.0,0.0,0.0,0.0,0.0,2.0,9,2,11
116254,17,2,4,15,8,3,0,5,1,1,2,23,2,2,0.0,0.0,0.0,0.0,0.0,2.0,22,6,8
109433,15,2,3,9,10,3,0,1,0,1,0,19,2,4,1.0,0.0,0.0,0.0,1.0,1.0,10,1,8
69968,16,2,3,15,6,3,0,1,1,1,1,26,2,2,0.0,0.0,0.0,0.0,0.0,3.0,15,7,5
33567,16,2,1,2,19,3,0,1,1,1,0,3,1,2,0.0,0.0,0.0,0.0,0.0,1.0,1,6,3
12992,15,2,0,17,8,3,4,1,0,1,2,18,2,4,1.0,0.0,0.0,0.0,1.0,3.0,2,1,1
128338,16,2,0,10,8,3,0,1,1,1,2,21,2,2,0.0,0.0,0.0,0.0,0.0,3.0,20,5,9
97531,16,2,3,0,6,3,5,5,1,1,0,12,2,2,0.0,0.0,0.0,0.0,0.0,3.0,17,4,7
136245,15,2,1,17,6,3,0,1,1,1,2,18,2,2,0.0,0.0,0.0,0.0,0.0,6.0,18,3,9
31737,16,2,3,17,8,3,0,1,0,1,2,22,2,2,0.0,0.0,0.0,0.0,0.0,2.0,11,3,3
78664,17,11,5,15,11,3,5,5,1,1,2,36,2,2,0.0,0.0,0.0,0.0,0.0,2.0,12,3,6
156767,4,11,3,10,8,3,5,1,1,0,0,19,2,2,0.0,0.0,0.0,0.0,0.0,2.0,16,5,11
154436,16,2,1,9,2,3,0,1,0,1,0,18,2,1,1.0,0.0,1.0,0.0,0.0,1.0,6,6,10
44003,16,7,3,15,10,3,6,1,0,1,0,18,2,4,1.0,0.0,0.0,0.0,1.0,1.0,7,3,4
161923,16,7,3,17,8,4,6,5,1,1,2,24,2,2,0.0,0.0,0.0,0.0,0.0,2.0,12,1,11
67230,16,2,3,17,6,3,0,1,1,1,0,23,2,2,0.0,0.0,0.0,0.0,0.0,7.0,8,5,5
67546,16,2,2,9,2,3,0,5,0,1,2,18,2,1,1.0,0.0,1.0,0.0,0.0,1.0,4,5,5
25584,4,2,3,0,8,3,0,1,0,1,2,18,2,4,1.0,0.0,0.0,0.0,1.0,2.0,17,5,2
42815,15,2,0,0,2,3,0,1,1,1,1,5,2,2,0.0,0.0,0.0,0.0,0.0,2.0,0,2,4
61719,16,7,1,17,6,3,6,1,0,1,2,24,2,4,3.0,0.0,0.0,0.0,3.0,2.0,20,1,5
164179,15,2,3,0,6,3,0,1,0,1,2,18,2,2,0.0,0.0,0.0,0.0,0.0,3.0,11,6,11
175968,16,2,3,10,8,3,0,1,1,1,1,19,2,2,0.0,0.0,0.0,0.0,0.0,2.0,15,5,12
15882,16,2,3,17,6,3,0,1,1,1,2,35,2,2,0.0,0.0,0.0,0.0,0.0,3.0,8,5,2
179615,16,2,0,10,2,3,0,1,1,1,2,19,2,2,0.0,0.0,0.0,0.0,0.0,2.0,19,6,12
8993,15,11,5,10,6,3,5,5,1,1,2,36,2,2,0.0,0.0,0.0,0.0,0.0,2.0,17,4,1
123654,16,2,1,10,3,3,0,1,1,1,2,19,2,2,0.0,0.0,0.0,0.0,0.0,2.0,21,3,9
119225,16,2,3,17,1,3,0,5,0,1,2,18,5,0,1.0,1.0,0.0,0.0,0.0,5.0,7,2,8
154667,16,7,3,17,18,3,6,5,1,1,2,36,2,2,0.0,0.0,0.0,0.0,0.0,2.0,9,4,10
26894,16,10,3,15,8,2,6,1,1,1,1,22,2,2,0.0,0.0,0.0,0.0,0.0,10.0,8,4,2
42459,16,2,3,0,8,3,0,1,1,1,2,6,2,2,0.0,0.0,0.0,0.0,0.0,2.0,13,5,4
7873,16,2,0,17,8,3,0,5,1,1,1,6,2,2,0.0,0.0,0.0,0.0,0.0,2.0,3,1,1
43837,15,7,1,17,8,3,0,1,1,1,2,36,2,2,0.0,0.0,0.0,0.0,0.0,2.0,21,7,4
127104,16,2,3,15,8,3,0,1,1,1,2,23,2,2,0.0,0.0,0.0,0.0,0.0,2.0,17,5,9
111216,4,2,3,17,2,3,0,1,1,1,1,18,2,2,0.0,0.0,0.0,0.0,0.0,2.0,11,7,8
43854,16,2,3,17,6,3,0,1,0,1,2,24,2,3,1.0,0.0,0.0,1.0,0.0,2.0,13,1,4
137233,15,7,1,5,8,3,6,5,0,1,2,3,2,2,0.0,0.0,0.0,0.0,0.0,2.0,0,2,9
25600,4,2,3,0,6,3,0,1,0,1,2,36,2,2,0.0,0.0,0.0,0.0,0.0,4.0,7,5,2
12072,16,7,3,0,6,3,6,1,0,1,2,6,2,4,1.0,0.0,0.0,0.0,1.0,4.0,13,7,1
858,16,2,1,0,6,3,0,1,1,1,2,6,2,2,0.0,0.0,0.0,0.0,0.0,3.0,17,2,1
89689,16,2,3,17,10,3,0,1,1,1,2,18,2,2,0.0,0.0,0.0,0.0,0.0,2.0,17,2,7
61659,4,2,3,10,2,3,0,1,0,1,1,9,2,4,1.0,0.0,0.0,0.0,1.0,3.0,10,7,5
62724,16,2,3,17,8,3,0,1,0,1,2,22,2,2,0.0,0.0,0.0,0.0,0.0,2.0,5,3,5
3628,16,2,1,10,8,3,0,1,0,1,2,19,2,3,1.0,0.0,0.0,1.0,0.0,1.0,19,6,1
145032,15,2,3,0,8,3,0,1,1,1,2,36,2,2,0.0,0.0,0.0,0.0,0.0,2.0,10,5,10
102806,4,2,3,17,3,3,0,1,1,1,2,21,2,2,0.0,0.0,0.0,0.0,0.0,3.0,12,7,7
168906,4,2,3,0,11,3,0,1,1,1,2,18,2,2,0.0,0.0,0.0,0.0,0.0,2.0,15,4,11
98497,16,2,3,17,6,3,0,1,1,1,1,26,2,2,0.0,0.0,0.0,0.0,0.0,3.0,12,4,7
35097,16,11,3,15,8,3,5,5,1,0,1,36,2,2,0.0,0.0,0.0,0.0,0.0,2.0,9,2,3
16758,16,2,3,10,8,3,0,1,1,1,2,19,2,2,0.0,0.0,0.0,0.0,0.0,2.0,9,7,2
38487,16,2,3,17,8,3,0,1,1,1,1,36,2,2,0.0,0.0,0.0,0.0,0.0,3.0,14,6,3
7185,16,2,3,17,2,3,0,1,1,1,2,18,2,2,0.0,0.0,0.0,0.0,0.0,2.0,16,4,1
36283,15,2,3,0,10,3,0,5,1,1,2,18,2,2,0.0,0.0,0.0,0.0,0.0,3.0,13,1,3
177282,16,2,3,10,6,3,0,5,1,1,2,36,2,2,0.0,0.0,0.0,0.0,0.0,2.0,14,3,12
169313,16,2,3,10,8,3,0,1,1,1,1,36,2,2,0.0,0.0,0.0,0.0,0.0,2.0,9,2,11
92524,17,2,3,0,2,3,0,1,0,1,2,18,3,3,2.0,0.0,0.0,2.0,0.0,2.0,12,3,7
186755,16,2,1,9,6,3,0,1,0,1,0,17,2,3,1.0,0.0,0.0,1.0,0.0,1.0,17,2,12
17110,16,2,3,10,2,3,4,1,1,1,2,19,2,2,0.0,0.0,0.0,0.0,0.0,3.0,18,6,2
130726,15,2,1,0,8,3,0,5,0,1,2,36,2,3,1.0,0.0,0.0,1.0,0.0,1.0,23,3,9
133335,15,2,3,17,11,3,0,1,1,1,2,36,2,2,0.0,0.0,0.0,0.0,0.0,2.0,17,5,9
115279,15,7,1,17,6,3,0,1,0,1,2,5,2,2,0.0,0.0,0.0,0.0,0.0,2.0,1,7,8
177343,16,2,1,10,1,3,0,1,0,1,2,17,3,3,1.0,0.0,0.0,1.0,0.0,2.0,1,5,12
60372,16,2,1,8,8,3,0,1,0,1,2,36,2,3,1.0,0.0,0.0,1.0,0.0,1.0,21,2,5
99944,15,2,0,0,8,3,0,5,1,1,2,5,2,2,0.0,0.0,0.0,0.0,0.0,2.0,21,6,7
183613,16,2,4,10,2,3,4,1,1,1,0,17,2,2,0.0,0.0,0.0,0.0,0.0,2.0,18,4,12
99403,15,2,3,7,10,3,0,5,0,1,2,36,2,2,0.0,0.0,0.0,0.0,0.0,1.0,14,5,7
95781,16,2,3,17,6,3,0,1,0,1,2,18,2,2,0.0,0.0,0.0,0.0,0.0,2.0,16,6,7
139248,16,2,3,15,8,3,0,1,1,1,2,36,2,2,0.0,0.0,0.0,0.0,0.0,2.0,9,3,10
138119,15,2,3,8,6,3,0,1,0,1,0,18,2,3,1.0,0.0,0.0,1.0,0.0,1.0,7,3,10
33685,16,10,3,9,6,3,6,1,0,1,0,18,2,3,1.0,0.0,0.0,1.0,0.0,1.0,14,1,3
110660,16,2,3,17,1,3,0,1,0,1,2,18,3,4,2.0,0.0,0.0,0.0,2.0,2.0,9,6,8
27520,16,7,1,2,3,3,6,5,0,1,2,39,1,3,1.0,0.0,0.0,1.0,0.0,0.0,4,2,2
162439,17,2,5,0,8,3,5,5,1,1,2,36,2,2,0.0,0.0,0.0,0.0,0.0,2.0,15,1,11
146119,16,2,3,15,8,3,0,1,1,1,0,22,2,2,0.0,0.0,0.0,0.0,0.0,2.0,15,7,10
68046,16,3,3,10,2,3,0,1,1,1,1,13,2,2,0.0,0.0,0.0,0.0,0.0,2.0,17,6,5
90423,16,2,1,10,8,3,0,1,1,1,2,36,2,2,0.0,0.0,0.0,0.0,0.0,2.0,21,5,7
24026,15,7,1,17,8,3,6,1,0,1,2,39,3,3,1.0,0.0,0.0,1.0,0.0,3.0,5,3,2
179331,15,2,3,17,6,3,0,1,0,1,2,18,3,3,3.0,0.0,0.0,2.0,1.0,1.0,6,4,12
126138,15,2,3,0,8,3,0,1,0,1,2,38,2,4,1.0,0.0,0.0,0.0,1.0,3.0,7,3,9
28624,16,2,1,10,6,3,0,1,1,1,1,17,2,2,0.0,0.0,0.0,0.0,0.0,2.0,21,4,3
16713,16,10,0,0,15,3,4,1,0,1,2,18,2,2,0.0,0.0,0.0,0.0,0.0,3.0,0,6,2
27096,4,2,1,17,6,3,0,1,0,1,2,19,2,3,1.0,0.0,0.0,1.0,0.0,2.0,18,1,2
135741,15,2,3,0,15,3,0,1,0,1,2,36,2,3,2.0,0.0,0.0,2.0,0.0,0.0,15,4,9
71801,16,2,3,17,8,3,0,1,1,1,1,23,2,2,0.0,0.0,0.0,0.0,0.0,2.0,10,5,6
168046,16,2,3,10,8,3,0,1,1,1,2,36,2,2,0.0,0.0,0.0,0.0,0.0,2.0,11,4,11
183515,16,2,4,5,8,0,0,1,0,1,2,13,1,2,0.0,0.0,0.0,0.0,0.0,1.0,15,6,12
144463,15,2,3,0,10,3,0,1,1,1,1,5,2,2,0.0,0.0,0.0,0.0,0.0,2.0,15,5,10
96553,16,2,3,0,6,3,0,5,1,1,2,18,2,2,0.0,0.0,0.0,0.0,0.0,2.0,8,4,7
60288,15,7,2,0,8,3,6,5,0,1,2,18,2,2,0.0,0.0,0.0,0.0,0.0,2.0,7,1,5
4977,15,2,1,10,2,1,0,5,0,1,1,36,2,3,2.0,0.0,0.0,2.0,0.0,1.0,19,5,1
177821,15,2,3,0,8,3,0,1,1,1,2,18,2,2,0.0,0.0,0.0,0.0,0.0,8.0,7,3,12
174142,15,2,3,0,6,3,0,5,0,1,2,36,2,2,0.0,0.0,0.0,0.0,0.0,2.0,10,1,12
36623,16,2,3,10,10,3,0,1,0,0,2,23,2,3,1.0,0.0,0.0,1.0,0.0,1.0,11,7,3
39866,16,2,3,10,8,3,0,1,1,1,0,17,2,2,0.0,0.0,0.0,0.0,0.0,3.0,7,3,3
160361,16,7,1,17,8,3,6,1,1,1,2,23,2,2,0.0,0.0,0.0,0.0,0.0,2.0,5,6,11
62253,15,2,3,17,6,3,0,1,0,1,2,38,2,2,0.0,0.0,0.0,0.0,0.0,2.0,13,4,5
46544,16,2,3,17,6,3,0,1,0,1,2,6,2,2,0.0,0.0,0.0,0.0,0.0,2.0,17,1,4
187631,15,10,1,0,8,3,4,1,1,1,1,5,2,2,0.0,0.0,0.0,0.0,0.0,3.0,18,7,12
171411,16,2,1,0,6,3,0,1,1,1,1,6,2,2,0.0,0.0,0.0,0.0,0.0,3.0,0,2,11
25863,16,2,3,10,2,3,0,1,1,1,2,19,2,2,0.0,0.0,0.0,0.0,0.0,2.0,11,1,2
92054,16,2,3,0,6,3,0,1,0,1,2,13,2,2,0.0,0.0,0.0,0.0,0.0,2.0,6,3,7
176833,16,2,3,17,6,3,0,1,0,1,2,18,2,4,1.0,0.0,0.0,0.0,1.0,1.0,6,5,12
59643,16,2,3,15,8,3,0,1,1,1,2,36,2,2,0.0,0.0,0.0,0.0,0.0,2.0,19,4,5
178071,16,2,1,11,8,3,0,1,1,1,2,21,2,2,0.0,0.0,0.0,0.0,0.0,3.0,23,7,12
114983,16,2,3,15,10,3,0,1,1,1,2,23,2,2,0.0,0.0,0.0,0.0,0.0,2.0,17,2,8
116437,16,7,0,17,8,3,6,1,0,1,2,39,2,2,0.0,0.0,0.0,0.0,0.0,2.0,19,3,8
2969,15,2,3,0,8,3,0,1,1,1,1,18,2,2,0.0,0.0,0.0,0.0,0.0,4.0,12,7,1
142072,4,2,3,15,8,3,0,1,1,1,2,36,2,2,0.0,0.0,0.0,0.0,0.0,2.0,18,1,10
108439,16,2,3,0,6,3,0,5,1,1,2,6,2,2,0.0,0.0,0.0,0.0,0.0,2.0,18,1,8
36274,4,11,5,7,8,3,5,5,0,1,2,36,2,2,0.0,0.0,0.0,0.0,0.0,1.0,8,7,3
77148,16,2,3,15,2,3,5,5,1,1,1,36,2,2,0.0,0.0,0.0,0.0,0.0,3.0,13,2,6
171549,15,2,1,0,6,3,0,1,1,1,2,18,2,2,0.0,0.0,0.0,0.0,0.0,3.0,17,6,11
14643,16,2,3,17,8,3,0,1,1,1,2,18,2,2,0.0,0.0,0.0,0.0,0.0,2.0,15,4,1
186734,16,2,3,17,16,3,0,1,1,1,2,17,2,2,0.0,0.0,0.0,0.0,0.0,2.0,13,2,12
162294,16,2,3,17,6,3,0,1,0,1,2,36,2,2,0.0,0.0,0.0,0.0,0.0,2.0,10,7,11
17931,16,7,0,9,8,4,6,1,0,1,0,24,2,3,1.0,0.0,0.0,1.0,0.0,1.0,6,5,2
127257,16,2,3,17,8,3,0,1,1,1,2,18,2,2,0.0,0.0,0.0,0.0,0.0,5.0,15,5,9
87975,16,2,3,10,8,3,0,1,1,1,2,19,2,2,0.0,0.0,0.0,0.0,0.0,2.0,11,2,7
135839,4,2,3,15,8,3,0,1,1,1,2,4,2,2,0.0,0.0,0.0,0.0,0.0,2.0,9,6,9
181330,16,2,4,17,2,3,0,5,1,1,1,18,2,2,0.0,0.0,0.0,0.0,0.0,3.0,16,1,12
184340,16,2,1,10,13,0,0,1,0,0,2,17,2,2,0.0,0.0,0.0,0.0,0.0,2.0,3,1,12
88036,16,2,3,15,8,3,0,1,0,0,2,36,2,4,1.0,0.0,0.0,0.0,1.0,1.0,13,5,7
44887,16,2,3,0,8,3,0,1,0,1,2,38,2,2,0.0,0.0,0.0,0.0,0.0,2.0,7,7,4
120807,16,2,4,17,8,3,0,5,1,1,2,36,2,2,0.0,0.0,0.0,0.0,0.0,3.0,18,4,9
29643,16,2,3,17,11,3,0,1,1,1,1,24,2,2,0.0,0.0,0.0,0.0,0.0,2.0,15,1,3
174970,15,2,3,17,8,3,0,1,1,1,2,36,2,2,0.0,0.0,0.0,0.0,0.0,2.0,8,4,12
36405,16,7,3,17,8,3,6,1,1,1,2,18,2,2,0.0,0.0,0.0,0.0,0.0,2.0,15,4,3
173132,16,2,1,0,6,3,0,1,0,1,2,6,2,2,0.0,0.0,0.0,0.0,0.0,1.0,6,7,12
1220,16,2,3,10,8,3,0,1,1,1,2,19,2,2,0.0,0.0,0.0,0.0,0.0,2.0,13,1,1
129827,4,7,0,0,8,3,6,5,1,1,1,36,2,2,0.0,0.0,0.0,0.0,0.0,2.0,20,6,9
165220,16,2,3,10,9,3,0,1,0,1,2,19,2,3,3.0,0.0,0.0,1.0,2.0,1.0,9,6,11
38559,16,2,3,10,8,3,0,1,1,1,2,36,2,2,0.0,0.0,0.0,0.0,0.0,3.0,14,7,3
11071,15,10,3,7,8,3,4,1,1,1,2,39,2,2,0.0,0.0,0.0,0.0,0.0,1.0,8,3,1
30378,15,10,1,0,6,3,1,1,0,1,2,18,2,3,1.0,0.0,0.0,1.0,0.0,1.0,23,7,3
79677,16,2,3,17,6,3,0,1,0,1,2,24,2,4,1.0,0.0,0.0,0.0,1.0,2.0,12,3,6
128432,16,2,3,17,8,3,0,1,1,1,0,36,2,2,0.0,0.0,0.0,0.0,0.0,3.0,14,7,9
178669,16,2,1,0,6,3,0,1,0,1,2,36,2,3,4.0,0.0,0.0,4.0,0.0,3.0,16,2,12
77430,16,2,3,0,6,3,0,1,1,1,2,17,2,2,0.0,0.0,0.0,0.0,0.0,2.0,19,7,6
148505,16,3,3,17,6,3,0,1,0,1,2,6,3,3,2.0,0.0,0.0,2.0,0.0,2.0,8,5,10
58635,4,2,3,11,8,3,0,1,1,0,1,21,2,2,0.0,0.0,0.0,0.0,0.0,2.0,13,4,5
123201,15,2,1,14,8,3,0,1,1,1,1,5,4,2,0.0,0.0,0.0,0.0,0.0,2.0,22,3,9
25078,15,7,3,0,6,3,6,1,1,1,0,18,2,2,0.0,0.0,0.0,0.0,0.0,8.0,6,3,2
100848,16,2,3,5,8,3,0,1,1,1,1,22,1,2,0.0,0.0,0.0,0.0,0.0,2.0,11,5,7
17026,16,10,3,17,2,3,4,1,1,1,2,36,2,2,0.0,0.0,0.0,0.0,0.0,3.0,17,4,2
78574,16,2,3,0,10,3,0,1,1,1,2,36,2,2,0.0,0.0,0.0,0.0,0.0,3.0,12,2,6
127399,4,2,4,15,8,3,0,1,1,0,1,36,2,2,0.0,0.0,0.0,0.0,0.0,2.0,20,6,9
165238,16,2,1,17,6,3,0,1,1,1,1,18,2,2,0.0,0.0,0.0,0.0,0.0,2.0,0,6,11
42243,16,2,3,15,8,3,0,5,1,1,0,23,2,2,0.0,0.0,0.0,0.0,0.0,2.0,12,1,3
150508,16,2,1,10,8,3,0,1,1,1,2,19,2,2,0.0,0.0,0.0,0.0,0.0,2.0,0,3,10
89655,16,2,1,15,6,3,0,1,1,1,1,36,2,2,0.0,0.0,0.0,0.0,0.0,2.0,0,1,7
174867,16,2,3,9,2,3,0,1,0,0,0,31,2,4,1.0,0.0,0.0,0.0,1.0,1.0,8,5,12
119098,16,2,3,0,6,3,0,1,1,1,2,38,2,2,0.0,0.0,0.0,0.0,0.0,2.0,9,7,8
160630,16,2,1,10,8,3,0,1,1,1,2,36,2,2,0.0,0.0,0.0,0.0,0.0,4.0,20,4,11
12485,16,10,3,0,8,3,6,1,0,1,2,6,3,4,1.0,0.0,0.0,0.0,1.0,3.0,15,7,1
18990,16,10,3,0,8,3,4,1,0,1,2,36,2,2,0.0,0.0,0.0,0.0,0.0,3.0,8,3,2
24811,15,2,3,10,2,3,0,1,1,1,2,36,2,2,0.0,0.0,0.0,0.0,0.0,2.0,15,2,2
141061,15,2,3,7,17,3,0,1,0,1,2,5,3,2,0.0,0.0,0.0,0.0,0.0,2.0,15,7,10
111726,16,2,1,17,2,3,0,1,1,1,2,24,2,2,0.0,0.0,0.0,0.0,0.0,2.0,19,1,8
43473,16,2,3,17,2,3,0,1,0,1,2,18,2,3,3.0,0.0,0.0,3.0,0.0,0.0,11,1,4
148304,16,2,1,0,6,3,0,1,0,1,2,6,2,3,1.0,0.0,0.0,1.0,0.0,2.0,0,2,10
7709,15,3,3,0,11,3,0,5,0,1,2,5,2,2,0.0,0.0,0.0,0.0,0.0,3.0,8,4,1
22350,15,2,3,17,2,3,0,5,1,1,2,36,2,2,0.0,0.0,0.0,0.0,0.0,2.0,16,4,2
90211,16,2,3,10,2,3,0,1,0,1,2,17,2,4,1.0,0.0,0.0,0.0,1.0,1.0,9,3,7
137621,15,7,3,0,2,3,6,1,1,1,2,18,2,2,0.0,0.0,0.0,0.0,0.0,2.0,10,7,10
45639,15,7,3,0,6,3,6,5,1,1,2,36,2,2,0.0,0.0,0.0,0.0,0.0,3.0,7,6,4
20942,16,2,3,17,6,3,0,1,0,1,2,18,2,1,1.0,0.0,1.0,0.0,0.0,1.0,13,2,2
88557,15,2,3,17,6,3,0,1,0,1,2,36,3,4,2.0,0.0,0.0,0.0,2.0,3.0,8,6,7
105034,16,2,3,10,6,3,0,1,1,1,2,19,2,2,0.0,0.0,0.0,0.0,0.0,2.0,11,6,8
84299,16,7,3,15,8,3,6,2,1,1,1,36,2,2,0.0,0.0,0.0,0.0,0.0,2.0,13,2,6
19209,15,2,3,15,3,3,0,1,1,1,0,22,2,2,0.0,0.0,0.0,0.0,0.0,3.0,11,6,2
188236,16,10,1,17,8,3,6,1,0,1,2,18,2,2,0.0,0.0,0.0,0.0,0.0,2.0,17,2,12
154505,16,3,3,7,2,3,0,1,0,1,2,36,5,2,0.0,0.0,0.0,0.0,0.0,3.0,10,2,10
51896,16,7,3,17,6,3,6,5,1,1,2,36,2,2,0.0,0.0,0.0,0.0,0.0,2.0,15,6,4
59008,16,2,1,17,10,3,0,1,1,1,2,24,2,2,0.0,0.0,0.0,0.0,0.0,2.0,3,1,5
124192,16,2,3,0,6,3,0,1,0,1,2,38,3,3,2.0,0.0,0.0,1.0,1.0,1.0,18,4,9
100913,16,2,3,15,6,3,0,1,1,1,1,36,2,2,0.0,0.0,0.0,0.0,0.0,5.0,8,6,7
50286,16,2,3,10,8,3,0,1,0,1,2,19,2,3,1.0,0.0,0.0,1.0,0.0,3.0,15,4,4
24396,16,2,3,10,6,3,0,1,1,1,1,38,3,2,0.0,0.0,0.0,0.0,0.0,3.0,8,3,2
180637,16,7,1,17,6,3,6,1,1,1,1,13,2,2,0.0,0.0,0.0,0.0,0.0,2.0,2,1,12
108030,15,2,1,0,2,3,0,1,0,1,2,36,2,1,3.0,0.0,1.0,2.0,0.0,0.0,23,1,8
159654,4,2,4,9,6,3,0,5,0,1,0,36,2,3,1.0,0.0,0.0,1.0,0.0,1.0,18,5,11
8641,16,2,3,15,2,3,0,1,1,1,2,17,4,2,0.0,0.0,0.0,0.0,0.0,4.0,11,4,1
184998,17,2,1,0,6,3,0,1,0,1,2,18,2,2,0.0,0.0,0.0,0.0,0.0,2.0,17,5,12
74082,16,2,3,17,6,3,0,1,0,1,2,24,2,2,0.0,0.0,0.0,0.0,0.0,3.0,14,6,6
156330,16,7,3,17,8,3,6,1,1,1,2,18,2,2,0.0,0.0,0.0,0.0,0.0,2.0,15,5,11
96305,4,2,3,7,1,3,0,1,1,1,2,23,2,2,0.0,0.0,0.0,0.0,0.0,1.0,11,6,7
59770,16,11,5,17,3,3,5,5,1,1,2,36,2,2,0.0,0.0,0.0,0.0,0.0,4.0,21,7,5
113682,16,2,3,10,10,3,0,1,1,1,1,19,2,2,0.0,0.0,0.0,0.0,0.0,2.0,19,2,8
154710,15,2,3,0,18,3,0,1,0,1,2,36,2,4,1.0,0.0,0.0,0.0,1.0,1.0,16,6,10
67383,16,2,1,17,6,4,0,1,0,1,2,18,2,3,2.0,0.0,0.0,1.0,1.0,0.0,22,1,5
126911,4,2,3,15,15,3,0,1,1,1,2,23,2,2,0.0,0.0,0.0,0.0,0.0,3.0,17,1,9
105046,16,2,3,10,2,3,0,1,1,1,1,14,2,2,0.0,0.0,0.0,0.0,0.0,2.0,15,2,8
50123,15,3,3,10,6,3,6,1,1,1,2,36,2,2,0.0,0.0,0.0,0.0,0.0,3.0,7,2,4
104946,16,2,1,9,6,3,0,5,0,1,1,17,2,3,1.0,0.0,0.0,1.0,0.0,1.0,20,4,8
46953,16,2,3,0,6,3,0,5,0,1,2,36,2,4,1.0,0.0,0.0,0.0,1.0,2.0,10,2,4
51623,4,2,1,17,3,3,0,1,0,1,2,36,2,4,3.0,0.0,0.0,0.0,3.0,0.0,22,1,4
96596,16,2,3,17,2,3,0,1,0,1,2,36,2,2,0.0,0.0,0.0,0.0,0.0,3.0,16,3,7
177921,16,2,3,17,6,3,0,1,0,1,2,18,2,2,0.0,0.0,0.0,0.0,0.0,3.0,13,6,12
150191,16,2,3,15,2,3,0,1,1,1,1,12,2,2,0.0,0.0,0.0,0.0,0.0,3.0,13,1,10
4801,16,2,3,0,6,3,0,1,1,1,2,6,2,2,0.0,0.0,0.0,0.0,0.0,2.0,8,4,1
16665,16,2,3,15,8,3,4,1,1,1,2,18,2,2,0.0,0.0,0.0,0.0,0.0,2.0,15,6,2
9663,4,10,3,10,3,3,4,1,1,1,0,36,2,2,0.0,0.0,0.0,0.0,0.0,2.0,14,1,1
27243,4,10,3,15,8,3,0,1,1,1,0,36,2,2,0.0,0.0,0.0,0.0,0.0,2.0,6,3,2
19095,4,11,5,17,2,3,5,5,1,0,1,36,2,2,0.0,0.0,0.0,0.0,0.0,2.0,15,5,2
40691,16,2,3,17,10,3,0,1,1,1,2,24,2,2,0.0,0.0,0.0,0.0,0.0,2.0,6,5,3
150052,16,2,3,10,8,3,0,1,0,0,1,17,2,2,0.0,0.0,0.0,0.0,0.0,2.0,14,6,10
139094,4,2,3,10,2,3,6,5,1,1,2,17,2,2,0.0,0.0,0.0,0.0,0.0,3.0,16,1,10
6625,8,3,3,10,2,3,6,1,1,1,2,19,2,2,0.0,0.0,0.0,0.0,0.0,4.0,8,2,1
82791,16,2,0,10,15,4,0,1,0,1,2,19,2,2,0.0,0.0,0.0,0.0,0.0,2.0,19,6,6
132504,4,2,3,0,3,3,0,1,1,1,2,36,2,2,0.0,0.0,0.0,0.0,0.0,2.0,21,6,9
29699,16,2,1,17,8,3,0,1,1,1,0,26,2,2,0.0,0.0,0.0,0.0,0.0,2.0,18,2,3
66595,16,2,3,15,8,3,0,1,1,1,1,23,2,2,0.0,0.0,0.0,0.0,0.0,2.0,7,3,5
85764,16,2,3,10,2,3,0,1,1,1,1,19,2,2,0.0,0.0,0.0,0.0,0.0,2.0,20,3,6
102968,16,2,3,17,2,3,0,1,1,1,2,18,2,2,0.0,0.0,0.0,0.0,0.0,3.0,12,2,7
18830,16,10,3,17,10,3,4,1,1,1,1,22,2,2,0.0,0.0,0.0,0.0,0.0,2.0,10,6,2
37764,16,2,1,0,6,3,0,1,0,1,2,6,2,2,0.0,0.0,0.0,0.0,0.0,2.0,23,7,3
58174,15,2,3,17,2,3,0,1,1,1,2,36,2,2,0.0,0.0,0.0,0.0,0.0,2.0,14,4,5
168827,17,7,3,17,6,3,6,5,1,1,1,26,2,2,0.0,0.0,0.0,0.0,0.0,2.0,15,3,11