crash_date,               traffic_control_device,weather_condition,lighting_condition,first_crash_type,trafficway_type,alignment,roadway_surface_cond,road_defect,crash_type,intersection_related_i,damage,prim_contributory_cause,num_units,most_severe_injury,injuries_total,injuries_fatal,injuries_incapacitating,injuries_non_incapacitating,injuries_reported_not_evident,injuries_no_indication,crash_hour,crash_day_of_week,crash_month
88421,15,2,3,17,3,3,0,1,0,1,2,36,2,4,2.0,0.0,0.0,0.0,2.0,0.0,8,3,7
136266,16,2,3,0,6,3,0,1,1,1,2,36,2,2,0.0,0.0,0.0,0.0,0.0,2.0,9,3,9
169034,15,2,1,17,6,3,0,5,1,1,2,18,2,2,0.0,0.0,0.0,0.0,0.0,3.0,18,6,11
164637,4,2,3,10,8,3,0,1,1,1,2,19,2,2,0.0,0.0,0.0,0.0,0.0,2.0,8,5,11
35260,16,2,3,17,6,3,0,1,0,1,2,6,2,2,0.0,0.0,0.0,0.0,0.0,2.0,16,6,3
150643,16,2,4,17,5,3,0,5,1,1,2,19,2,2,0.0,0.0,0.0,0.0,0.0,2.0,23,6,10
110010,4,2,3,17,6,3,0,1,1,1,2,18,2,2,0.0,0.0,0.0,0.0,0.0,2.0,8,2,8
40191,16,2,3,15,8,3,0,1,1,1,0,23,2,2,0.0,0.0,0.0,0.0,0.0,2.0,18,3,3
67708,16,2,3,0,3,3,0,1,1,1,1,18,2,2,0.0,0.0,0.0,0.0,0.0,2.0,11,5,5
133360,16,2,1,0,6,3,0,5,0,1,2,6,2,4,2.0,0.0,0.0,0.0,2.0,1.0,22,5,9
33691,16,7,3,10,2,3,6,1,1,1,2,12,2,2,0.0,0.0,0.0,0.0,0.0,2.0,15,1,3
9928,4,2,1,15,6,3,0,1,1,1,2,28,2,2,0.0,0.0,0.0,0.0,0.0,2.0,20,6,1
53566,16,2,3,17,11,3,0,1,0,1,2,36,2,2,0.0,0.0,0.0,0.0,0.0,3.0,12,5,4
91639,16,2,3,15,2,3,0,5,1,1,1,22,2,2,0.0,0.0,0.0,0.0,0.0,2.0,10,4,7
97969,15,2,1,0,8,3,0,5,0,1,2,18,2,2,0.0,0.0,0.0,0.0,0.0,2.0,3,4,7
124766,16,2,1,10,8,3,0,1,1,1,1,19,2,2,0.0,0.0,0.0,0.0,0.0,4.0,21,5,9
42279,16,2,3,17,3,3,0,1,0,1,1,6,2,3,1.0,0.0,0.0,1.0,0.0,1.0,14,7,4
147631,16,2,3,9,9,3,0,1,0,1,2,18,2,3,1.0,0.0,0.0,1.0,0.0,1.0,7,6,10
130411,16,2,1,17,2,3,0,1,1,1,2,10,2,2,0.0,0.0,0.0,0.0,0.0,6.0,22,7,9
178780,16,2,3,17,2,3,0,1,0,1,2,12,2,4,1.0,0.0,0.0,0.0,1.0,2.0,12,3,12
62715,4,2,3,17,2,3,0,1,1,1,2,23,2,2,0.0,0.0,0.0,0.0,0.0,2.0,16,3,5
4481,16,2,3,17,8,3,0,1,1,1,2,36,2,2,0.0,0.0,0.0,0.0,0.0,2.0,12,4,1
119511,16,2,1,10,8,3,0,1,1,1,2,19,2,2,0.0,0.0,0.0,0.0,0.0,2.0,20,5,8
134167,16,2,3,4,8,3,0,5,1,1,0,24,2,2,0.0,0.0,0.0,0.0,0.0,2.0,13,2,9
84734,16,2,3,15,8,3,0,1,1,1,2,26,2,2,0.0,0.0,0.0,0.0,0.0,2.0,15,2,6
165130,16,11,5,10,8,3,5,1,1,1,1,19,2,2,0.0,0.0,0.0,0.0,0.0,2.0,18,5,11
129934,15,2,3,5,8,3,5,5,0,1,1,36,2,3,1.0,0.0,0.0,1.0,0.0,1.0,11,7,9
25055,16,7,1,0,8,3,6,5,0,1,2,6,2,2,0.0,0.0,0.0,0.0,0.0,2.0,1,3,2
138840,15,2,3,17,11,3,0,1,1,1,2,24,2,2,0.0,0.0,0.0,0.0,0.0,2.0,12,3,10
111464,16,2,1,17,11,3,0,1,0,1,2,24,2,2,0.0,0.0,0.0,0.0,0.0,4.0,21,3,8
172955,16,2,1,9,6,3,0,1,0,1,0,36,2,4,1.0,0.0,0.0,0.0,1.0,1.0,17,4,12
125296,16,2,3,3,2,3,0,1,0,1,2,18,2,3,3.0,0.0,0.0,3.0,0.0,1.0,8,6,9
51637,9,2,3,15,10,3,0,5,1,1,2,26,2,2,0.0,0.0,0.0,0.0,0.0,2.0,15,6,4
32189,16,2,3,0,3,3,0,1,0,1,2,6,3,3,1.0,0.0,0.0,1.0,0.0,4.0,17,3,3
163688,16,2,1,7,8,3,0,1,0,1,2,36,3,1,1.0,0.0,1.0,0.0,0.0,0.0,4,5,11
125413,15,2,3,7,6,3,0,1,1,1,2,24,2,2,0.0,0.0,0.0,0.0,0.0,1.0,17,2,9
144721,4,2,3,0,0,3,0,1,1,1,1,36,2,2,0.0,0.0,0.0,0.0,0.0,2.0,15,7,10
122675,16,2,3,17,8,3,0,1,0,1,2,24,2,4,1.0,0.0,0.0,0.0,1.0,4.0,16,4,9
166041,4,2,3,0,0,3,0,5,1,0,1,18,2,2,0.0,0.0,0.0,0.0,0.0,2.0,7,2,11
121453,16,2,3,10,19,3,0,1,1,1,2,19,2,2,0.0,0.0,0.0,0.0,0.0,2.0,17,6,9
59270,16,2,3,10,8,3,0,1,1,1,1,19,2,2,0.0,0.0,0.0,0.0,0.0,2.0,12,6,5
165424,16,7,3,10,8,3,6,1,1,1,1,36,2,2,0.0,0.0,0.0,0.0,0.0,2.0,11,7,11
99934,16,2,3,10,6,3,0,5,1,1,2,17,2,2,0.0,0.0,0.0,0.0,0.0,2.0,19,6,7
152826,15,2,3,0,11,3,0,1,1,1,1,26,2,2,0.0,0.0,0.0,0.0,0.0,2.0,16,6,10
59305,16,2,3,10,1,3,0,5,1,1,2,17,2,2,0.0,0.0,0.0,0.0,0.0,2.0,16,7,5
10899,16,10,0,0,6,3,4,1,0,1,2,18,2,3,1.0,0.0,0.0,1.0,0.0,6.0,5,1,1
31107,4,2,1,10,2,3,0,5,0,0,2,17,2,2,0.0,0.0,0.0,0.0,0.0,2.0,18,5,3
182072,16,2,3,17,8,3,0,1,1,1,1,36,2,2,0.0,0.0,0.0,0.0,0.0,2.0,18,4,12
180829,4,2,1,10,3,3,6,5,0,0,2,19,3,2,0.0,0.0,0.0,0.0,0.0,3.0,2,1,12
101054,16,2,3,10,13,3,0,1,0,1,1,36,2,2,0.0,0.0,0.0,0.0,0.0,2.0,12,2,7
99965,16,2,1,17,8,3,0,1,0,1,2,36,2,3,3.0,0.0,0.0,1.0,2.0,2.0,1,7,7
9522,16,10,1,17,6,3,4,1,1,1,2,18,2,2,0.0,0.0,0.0,0.0,0.0,2.0,18,6,1
168773,15,2,1,0,6,3,0,1,0,1,2,17,2,2,0.0,0.0,0.0,0.0,0.0,2.0,17,1,11
115772,16,2,1,10,3,3,0,1,1,1,0,36,2,2,0.0,0.0,0.0,0.0,0.0,2.0,21,6,8
152770,17,11,3,15,8,3,5,5,1,1,1,26,2,2,0.0,0.0,0.0,0.0,0.0,2.0,14,3,10
63847,16,2,3,0,2,3,5,5,1,1,1,18,2,2,0.0,0.0,0.0,0.0,0.0,2.0,15,1,5
57800,16,2,0,0,6,3,0,1,0,1,2,6,2,2,0.0,0.0,0.0,0.0,0.0,2.0,3,5,5
121680,16,2,1,10,8,3,0,1,1,1,0,18,2,2,0.0,0.0,0.0,0.0,0.0,5.0,20,1,9
56133,16,2,3,17,8,3,0,1,0,1,2,18,2,2,0.0,0.0,0.0,0.0,0.0,2.0,16,4,5
70603,15,2,3,17,2,3,0,1,1,1,2,18,2,2,0.0,0.0,0.0,0.0,0.0,2.0,7,4,5
10586,16,2,3,0,8,3,6,1,0,1,1,6,2,4,3.0,0.0,0.0,0.0,3.0,0.0,8,2,1
28082,16,2,3,17,3,3,0,1,0,1,2,18,2,4,1.0,0.0,0.0,0.0,1.0,2.0,11,4,2
127337,15,2,3,17,6,3,0,1,1,1,2,18,2,2,0.0,0.0,0.0,0.0,0.0,2.0,13,6,9
87429,16,2,3,0,6,3,0,1,0,1,2,6,2,2,0.0,0.0,0.0,0.0,0.0,5.0,10,1,6
183666,16,2,1,17,8,3,0,1,1,1,1,24,2,2,0.0,0.0,0.0,0.0,0.0,2.0,22,5,12
174462,16,3,3,10,11,3,0,1,1,1,2,8,2,2,0.0,0.0,0.0,0.0,0.0,4.0,12,4,12
72906,16,2,3,17,3,3,0,1,1,1,1,18,2,2,0.0,0.0,0.0,0.0,0.0,2.0,17,1,6
165018,16,2,3,17,2,3,0,1,1,1,2,36,2,2,0.0,0.0,0.0,0.0,0.0,2.0,11,3,11
183229,4,2,1,9,8,3,0,1,0,1,0,18,2,3,1.0,0.0,0.0,1.0,0.0,1.0,17,6,12
155164,16,2,3,17,2,3,0,1,0,1,1,24,2,2,0.0,0.0,0.0,0.0,0.0,5.0,8,3,10
88948,16,2,3,9,3,3,0,1,0,1,0,36,2,4,1.0,0.0,0.0,0.0,1.0,1.0,16,4,7
158159,4,2,3,17,11,3,0,1,1,1,2,21,2,2,0.0,0.0,0.0,0.0,0.0,2.0,7,2,11
9828,16,2,1,17,10,3,0,1,1,1,2,22,2,2,0.0,0.0,0.0,0.0,0.0,2.0,23,4,1
20204,16,2,3,0,11,3,6,1,0,1,2,36,2,4,1.0,0.0,0.0,0.0,1.0,1.0,11,2,2
147916,16,2,3,9,6,3,0,1,0,1,0,18,2,3,1.0,0.0,0.0,1.0,0.0,3.0,11,4,10
19384,16,2,3,0,6,3,0,1,1,1,2,6,2,2,0.0,0.0,0.0,0.0,0.0,3.0,17,2,2
166379,15,2,3,0,15,3,0,1,0,1,2,26,3,2,0.0,0.0,0.0,0.0,0.0,5.0,9,1,11
128988,4,2,1,0,0,3,0,1,0,0,2,28,2,4,1.0,0.0,0.0,0.0,1.0,1.0,22,7,9
142063,16,2,1,17,6,3,0,5,0,1,2,6,2,3,5.0,0.0,0.0,5.0,0.0,0.0,2,1,10
184928,4,3,4,15,8,3,0,1,1,1,2,28,2,2,0.0,0.0,0.0,0.0,0.0,3.0,16,4,12
109657,16,2,3,10,8,3,0,1,1,1,1,19,2,2,0.0,0.0,0.0,0.0,0.0,2.0,13,6,8
12837,15,7,3,17,6,3,6,1,1,1,1,39,2,2,0.0,0.0,0.0,0.0,0.0,8.0,15,6,1
169167,16,2,1,2,8,3,0,1,0,1,2,36,1,2,0.0,0.0,0.0,0.0,0.0,1.0,5,7,11
105312,4,2,1,17,8,3,0,1,1,1,1,24,2,2,0.0,0.0,0.0,0.0,0.0,2.0,21,2,8
3254,16,2,3,0,6,3,0,1,0,1,2,6,2,2,0.0,0.0,0.0,0.0,0.0,2.0,13,7,1
94137,4,2,2,7,8,3,0,1,0,1,2,36,3,2,0.0,0.0,0.0,0.0,0.0,1.0,5,7,7
80437,15,2,3,0,8,3,0,3,0,1,2,15,2,3,1.0,0.0,0.0,1.0,0.0,2.0,16,7,6
14868,15,10,1,10,6,3,4,1,0,1,1,19,2,3,1.0,0.0,0.0,1.0,0.0,2.0,17,1,1
36592,4,2,3,9,6,3,0,1,0,1,2,18,2,1,1.0,0.0,1.0,0.0,0.0,1.0,15,7,3
16886,15,10,3,10,8,3,4,1,1,1,1,36,2,2,0.0,0.0,0.0,0.0,0.0,3.0,16,2,2
18463,16,2,3,0,8,3,0,1,0,1,2,36,2,4,1.0,0.0,0.0,0.0,1.0,2.0,15,7,2
42736,16,2,1,17,8,3,0,1,0,1,2,36,2,2,0.0,0.0,0.0,0.0,0.0,4.0,1,1,4
98561,15,2,3,0,8,3,0,1,0,1,2,18,2,2,0.0,0.0,0.0,0.0,0.0,2.0,10,5,7
163996,17,2,3,15,17,3,5,5,1,1,2,36,2,2,0.0,0.0,0.0,0.0,0.0,2.0,18,3,11
175587,16,2,3,17,2,3,0,1,1,1,1,19,2,2,0.0,0.0,0.0,0.0,0.0,5.0,9,6,12
146954,16,2,1,17,11,3,0,1,1,1,2,36,2,2,0.0,0.0,0.0,0.0,0.0,2.0,19,3,10
174495,16,2,0,17,8,4,5,5,1,1,1,6,2,2,0.0,0.0,0.0,0.0,0.0,2.0,19,5,12
161423,15,2,3,0,2,3,0,1,0,1,2,18,2,4,2.0,0.0,0.0,0.0,2.0,1.0,12,7,11
122767,16,2,0,0,8,3,0,1,1,1,2,36,2,2,0.0,0.0,0.0,0.0,0.0,4.0,1,3,9
116202,15,2,1,0,8,3,0,1,0,1,2,18,3,1,1.0,0.0,1.0,0.0,0.0,2.0,23,5,8
37772,15,3,3,0,8,3,0,1,0,1,2,12,2,2,0.0,0.0,0.0,0.0,0.0,2.0,12,7,3
97121,15,2,3,0,11,3,0,1,0,1,2,18,2,2,0.0,0.0,0.0,0.0,0.0,2.0,16,4,7
65191,4,11,5,7,8,3,5,1,1,0,1,36,2,2,0.0,0.0,0.0,0.0,0.0,1.0,13,1,5
90446,16,2,3,17,11,3,0,1,1,1,2,36,2,2,0.0,0.0,0.0,0.0,0.0,2.0,13,6,7
57845,16,2,3,15,10,3,0,1,1,1,1,36,2,2,0.0,0.0,0.0,0.0,0.0,3.0,11,5,5
153264,16,2,1,17,6,3,6,5,0,1,1,28,2,0,3.0,1.0,0.0,2.0,0.0,1.0,21,6,10
102989,16,2,3,17,10,3,0,1,1,1,1,6,2,2,0.0,0.0,0.0,0.0,0.0,2.0,17,3,7
43839,16,2,1,17,8,3,0,1,1,1,2,22,2,2,0.0,0.0,0.0,0.0,0.0,2.0,21,7,4
9967,16,2,1,15,19,3,5,1,1,1,1,23,2,2,0.0,0.0,0.0,0.0,0.0,2.0,4,7,1
148714,16,2,3,0,2,3,0,1,0,1,2,6,2,2,0.0,0.0,0.0,0.0,0.0,6.0,12,6,10
99137,16,7,1,17,6,3,6,1,1,1,2,18,2,2,0.0,0.0,0.0,0.0,0.0,7.0,21,7,7
29952,16,2,3,17,6,3,0,1,0,1,2,36,2,3,2.0,0.0,0.0,2.0,0.0,1.0,6,7,3
171940,15,2,3,0,6,3,0,1,0,1,2,18,2,2,0.0,0.0,0.0,0.0,0.0,2.0,10,3,11
91853,4,2,3,17,6,3,0,1,1,1,2,36,2,2,0.0,0.0,0.0,0.0,0.0,2.0,13,2,7
165968,15,2,1,0,8,3,0,1,0,1,2,11,2,4,1.0,0.0,0.0,0.0,1.0,2.0,16,1,11
116039,16,2,3,17,8,3,0,5,1,1,0,24,2,2,0.0,0.0,0.0,0.0,0.0,3.0,8,4,8
135212,16,2,1,15,6,3,0,1,0,1,2,22,2,1,1.0,0.0,1.0,0.0,0.0,1.0,18,3,9
43649,4,2,3,10,8,3,5,3,1,1,1,19,2,2,0.0,0.0,0.0,0.0,0.0,4.0,12,3,4
64468,16,2,1,10,8,3,0,1,1,1,2,36,2,2,0.0,0.0,0.0,0.0,0.0,3.0,23,4,5
7312,15,7,3,7,8,3,6,1,1,1,2,17,2,2,0.0,0.0,0.0,0.0,0.0,1.0,11,6,1
169893,16,2,3,10,6,3,0,1,1,1,2,19,2,2,0.0,0.0,0.0,0.0,0.0,2.0,15,6,11
10653,16,10,1,7,8,3,6,1,1,1,2,12,3,2,0.0,0.0,0.0,0.0,0.0,1.0,20,3,1
40914,15,11,5,10,8,3,5,5,1,1,2,36,2,2,0.0,0.0,0.0,0.0,0.0,2.0,9,3,3
110638,16,2,1,7,8,3,0,1,0,1,2,37,2,2,0.0,0.0,0.0,0.0,0.0,1.0,4,6,8
140952,16,2,0,10,8,3,0,5,1,1,2,36,2,2,0.0,0.0,0.0,0.0,0.0,2.0,1,1,10
111093,15,2,3,17,8,5,0,1,1,1,1,36,2,2,0.0,0.0,0.0,0.0,0.0,2.0,17,6,8
146646,15,2,3,17,15,3,0,1,0,1,2,18,2,1,1.0,0.0,1.0,0.0,0.0,1.0,16,7,10
128825,16,2,3,17,6,3,0,1,0,1,2,38,2,2,0.0,0.0,0.0,0.0,0.0,2.0,11,6,9
93736,4,2,3,10,8,3,6,1,1,1,2,36,3,2,0.0,0.0,0.0,0.0,0.0,3.0,7,2,7
174092,4,2,3,7,8,3,0,1,1,1,2,23,2,2,0.0,0.0,0.0,0.0,0.0,2.0,13,1,12
143357,17,2,3,15,2,3,0,5,1,1,0,23,2,2,0.0,0.0,0.0,0.0,0.0,2.0,16,3,10
178737,15,11,5,15,18,3,5,5,1,1,2,36,2,2,0.0,0.0,0.0,0.0,0.0,2.0,16,3,12
185681,16,2,3,17,6,3,0,1,0,1,2,18,2,2,0.0,0.0,0.0,0.0,0.0,2.0,11,3,12
57991,16,2,1,17,8,3,0,5,0,1,2,6,2,3,1.0,0.0,0.0,1.0,0.0,5.0,2,7,5
155087,15,7,3,7,10,3,6,1,0,1,2,13,2,2,0.0,0.0,0.0,0.0,0.0,1.0,11,7,10
109797,16,2,3,0,2,3,0,1,1,1,2,18,2,2,0.0,0.0,0.0,0.0,0.0,2.0,5,6,8
90730,4,2,3,10,8,3,5,5,0,1,2,17,5,4,2.0,0.0,0.0,0.0,2.0,4.0,19,4,7
6602,16,2,3,17,2,3,6,1,0,1,1,36,2,2,0.0,0.0,0.0,0.0,0.0,3.0,17,2,1
89091,15,2,3,17,8,3,0,1,0,1,2,24,2,2,0.0,0.0,0.0,0.0,0.0,2.0,17,7,7
1565,15,2,3,0,8,3,0,1,0,1,2,16,2,3,1.0,0.0,0.0,1.0,0.0,2.0,15,6,1
14948,16,2,3,17,6,3,0,4,1,1,2,36,2,2,0.0,0.0,0.0,0.0,0.0,2.0,10,2,1
75242,4,3,3,15,10,3,0,1,1,1,2,22,2,2,0.0,0.0,0.0,0.0,0.0,4.0,16,2,6
21353,15,2,1,0,8,3,1,5,0,1,2,39,2,2,0.0,0.0,0.0,0.0,0.0,2.0,22,6,2
71438,15,2,3,10,8,3,0,1,1,1,2,36,2,2,0.0,0.0,0.0,0.0,0.0,2.0,18,1,5
108104,16,2,3,17,2,3,0,1,0,1,2,36,2,2,0.0,0.0,0.0,0.0,0.0,2.0,6,3,8
34954,16,2,0,10,8,3,0,5,1,1,2,36,2,2,0.0,0.0,0.0,0.0,0.0,2.0,5,6,3
138783,16,3,3,8,2,3,0,1,0,1,2,18,2,3,1.0,0.0,0.0,1.0,0.0,1.0,15,3,10
88207,4,2,1,5,8,3,6,5,0,1,2,36,2,0,2.0,2.0,0.0,0.0,0.0,1.0,11,7,7
13148,16,2,3,15,2,3,4,1,1,1,2,23,2,2,0.0,0.0,0.0,0.0,0.0,2.0,15,5,1
121517,16,2,3,10,6,3,0,1,1,1,2,36,2,2,0.0,0.0,0.0,0.0,0.0,3.0,16,7,9
44758,16,2,3,17,8,3,0,1,1,1,0,17,2,2,0.0,0.0,0.0,0.0,0.0,12.0,15,4,4
46538,16,2,1,17,6,3,0,1,1,1,1,36,2,2,0.0,0.0,0.0,0.0,0.0,3.0,2,1,4
51738,15,2,3,10,8,3,0,1,1,1,2,19,2,2,0.0,0.0,0.0,0.0,0.0,3.0,15,2,4
186787,16,2,4,0,2,3,0,1,1,1,2,6,2,2,0.0,0.0,0.0,0.0,0.0,2.0,23,2,12
171318,16,2,1,15,2,3,0,1,1,1,1,36,2,2,0.0,0.0,0.0,0.0,0.0,2.0,2,1,11
95774,16,2,3,10,8,3,0,1,1,1,2,36,2,2,0.0,0.0,0.0,0.0,0.0,2.0,15,6,7
149029,16,7,1,0,8,3,6,1,0,1,2,6,2,2,0.0,0.0,0.0,0.0,0.0,2.0,4,6,10
161605,16,2,3,10,2,3,0,1,1,1,2,36,2,2,0.0,0.0,0.0,0.0,0.0,2.0,10,4,11
177862,16,2,3,10,8,3,0,1,0,1,2,36,2,2,0.0,0.0,0.0,0.0,0.0,2.0,14,4,12
176308,16,2,1,0,6,3,0,1,0,1,2,6,2,2,0.0,0.0,0.0,0.0,0.0,2.0,17,5,12
130595,16,11,2,15,6,3,5,5,1,1,2,36,2,2,0.0,0.0,0.0,0.0,0.0,2.0,5,4,9
141305,16,2,3,10,8,3,0,5,1,1,2,36,2,2,0.0,0.0,0.0,0.0,0.0,2.0,9,4,10
13352,15,3,3,17,2,3,0,1,1,1,2,24,2,2,0.0,0.0,0.0,0.0,0.0,2.0,14,7,1
37144,16,2,3,17,1,3,0,1,1,1,2,17,2,2,0.0,0.0,0.0,0.0,0.0,2.0,9,1,3
184280,15,2,3,2,8,3,0,1,0,1,2,30,1,2,0.0,0.0,0.0,0.0,0.0,2.0,14,7,12
152327,4,3,3,0,0,3,0,1,0,0,2,18,2,2,0.0,0.0,0.0,0.0,0.0,2.0,9,6,10
178839,16,2,3,0,6,3,0,1,1,1,2,26,2,2,0.0,0.0,0.0,0.0,0.0,3.0,11,5,12
19763,15,7,1,17,2,3,6,1,0,1,2,38,2,2,0.0,0.0,0.0,0.0,0.0,2.0,18,2,2
26527,15,2,3,0,6,3,6,5,0,1,2,18,2,2,0.0,0.0,0.0,0.0,0.0,3.0,12,6,2
27703,15,2,3,17,10,3,0,1,1,1,0,21,2,2,0.0,0.0,0.0,0.0,0.0,2.0,7,4,2
40790,16,2,1,10,8,3,0,1,1,1,2,17,2,2,0.0,0.0,0.0,0.0,0.0,2.0,19,1,3
19131,15,7,3,0,10,3,6,1,0,1,2,12,2,2,0.0,0.0,0.0,0.0,0.0,2.0,8,5,2
41259,16,2,3,17,11,3,0,1,0,1,2,18,2,1,1.0,0.0,1.0,0.0,0.0,2.0,15,4,3
165449,15,2,3,0,11,3,0,1,0,1,2,18,2,2,0.0,0.0,0.0,0.0,0.0,2.0,15,1,11
182989,15,10,1,9,10,3,4,5,0,1,2,36,2,1,1.0,0.0,1.0,0.0,0.0,1.0,20,5,12
18758,16,7,0,10,8,3,6,1,0,1,2,3,2,3,4.0,0.0,0.0,4.0,0.0,0.0,19,3,2
153626,16,7,3,17,8,3,5,5,1,1,2,38,2,2,0.0,0.0,0.0,0.0,0.0,2.0,15,5,10
93656,16,2,3,10,8,3,0,1,1,1,2,19,2,2,0.0,0.0,0.0,0.0,0.0,3.0,13,1,7
159455,15,2,3,0,10,3,0,5,1,1,2,36,2,2,0.0,0.0,0.0,0.0,0.0,2.0,14,1,11
179914,16,7,3,17,6,3,6,1,0,1,2,18,2,2,0.0,0.0,0.0,0.0,0.0,3.0,9,4,12
52492,4,2,3,0,6,3,0,5,1,1,2,36,2,2,0.0,0.0,0.0,0.0,0.0,2.0,18,3,4
9189,4,2,1,17,2,3,0,1,1,1,1,18,2,2,0.0,0.0,0.0,0.0,0.0,2.0,16,6,1
33295,15,2,3,0,6,3,0,1,0,1,2,18,2,2,0.0,0.0,0.0,0.0,0.0,3.0,15,2,3
163583,15,2,3,9,8,3,0,1,0,1,1,19,2,3,1.0,0.0,0.0,1.0,0.0,2.0,13,3,11
80367,12,2,4,10,3,3,0,1,1,1,2,19,2,2,0.0,0.0,0.0,0.0,0.0,5.0,19,1,6
25049,16,2,3,10,3,3,0,1,1,1,2,17,2,2,0.0,0.0,0.0,0.0,0.0,3.0,12,2,2
145994,16,2,3,17,2,4,0,1,0,1,2,18,2,3,1.0,0.0,0.0,1.0,0.0,5.0,17,5,10
42911,15,2,3,17,8,3,0,5,0,1,2,24,2,3,1.0,0.0,0.0,1.0,0.0,1.0,14,6,4
171500,16,2,1,17,15,3,5,5,1,1,2,19,2,2,0.0,0.0,0.0,0.0,0.0,3.0,19,4,11
46832,16,7,1,17,8,3,6,5,0,1,2,36,2,2,0.0,0.0,0.0,0.0,0.0,2.0,21,5,4
75672,16,2,3,10,1,3,0,1,1,0,2,19,2,2,0.0,0.0,0.0,0.0,0.0,2.0,10,7,6
53037,4,2,3,17,11,3,0,1,1,1,1,12,2,2,0.0,0.0,0.0,0.0,0.0,2.0,6,4,4
130118,4,2,3,17,8,3,5,5,1,0,1,24,2,2,0.0,0.0,0.0,0.0,0.0,2.0,15,2,9
97830,15,2,1,0,6,3,0,1,0,1,2,5,2,2,0.0,0.0,0.0,0.0,0.0,2.0,23,7,7
78081,16,2,3,15,8,3,0,1,1,1,2,22,2,2,0.0,0.0,0.0,0.0,0.0,2.0,12,2,6
66580,15,2,3,17,8,3,0,1,1,1,1,36,2,2,0.0,0.0,0.0,0.0,0.0,2.0,16,3,5
64123,16,2,1,15,1,3,0,1,0,1,0,18,2,2,0.0,0.0,0.0,0.0,0.0,2.0,23,4,5
136902,4,2,3,0,6,3,0,1,0,1,2,36,2,4,1.0,0.0,0.0,0.0,1.0,1.0,12,5,9
58382,4,2,3,17,8,3,0,1,1,1,2,36,2,2,0.0,0.0,0.0,0.0,0.0,2.0,11,6,5
9824,4,2,3,5,15,3,4,1,0,1,2,18,1,3,1.0,0.0,0.0,1.0,0.0,0.0,10,4,1
19766,4,7,4,10,10,3,6,1,1,1,2,21,2,2,0.0,0.0,0.0,0.0,0.0,2.0,18,2,2
124879,17,2,3,17,10,3,0,5,1,1,1,24,2,2,0.0,0.0,0.0,0.0,0.0,3.0,16,1,9
25640,15,2,3,0,15,3,0,1,1,1,2,18,2,2,0.0,0.0,0.0,0.0,0.0,2.0,15,6,2
15717,16,2,1,17,8,3,4,1,1,1,2,39,2,2,0.0,0.0,0.0,0.0,0.0,2.0,0,7,2
162888,15,2,1,15,8,3,0,1,0,1,2,36,2,2,0.0,0.0,0.0,0.0,0.0,2.0,6,2,11
19782,15,9,1,10,8,3,1,5,0,1,2,36,2,4,1.0,0.0,0.0,0.0,1.0,2.0,21,2,2
111713,16,2,3,15,10,3,0,1,1,1,1,22,2,2,0.0,0.0,0.0,0.0,0.0,2.0,17,1,8
136554,16,2,1,15,10,3,0,1,1,1,1,36,2,2,0.0,0.0,0.0,0.0,0.0,2.0,19,6,9
976,15,2,3,10,8,3,0,1,1,1,1,8,2,2,0.0,0.0,0.0,0.0,0.0,2.0,15,1,1
25067,16,2,3,15,6,3,0,1,1,1,1,22,2,2,0.0,0.0,0.0,0.0,0.0,2.0,16,3,2
37194,16,2,3,10,8,3,0,1,0,1,2,36,2,2,0.0,0.0,0.0,0.0,0.0,3.0,16,3,3
57718,16,2,1,17,3,3,0,5,0,1,2,18,2,3,1.0,0.0,0.0,1.0,0.0,1.0,20,3,5
5457,15,2,1,0,10,3,0,1,0,1,2,36,2,2,0.0,0.0,0.0,0.0,0.0,3.0,18,5,1
120118,15,2,3,0,6,3,0,1,1,1,1,12,2,2,0.0,0.0,0.0,0.0,0.0,2.0,7,7,8
12984,4,10,1,10,8,3,1,1,0,1,2,36,2,0,1.0,1.0,0.0,0.0,0.0,2.0,1,1,1
13357,16,2,1,15,10,3,0,1,1,1,1,36,2,2,0.0,0.0,0.0,0.0,0.0,5.0,18,7,1
105870,16,2,3,10,8,3,0,1,0,1,1,19,2,3,2.0,0.0,0.0,2.0,0.0,1.0,12,3,8
99347,16,2,3,9,2,3,0,1,0,1,0,18,2,3,1.0,0.0,0.0,1.0,0.0,2.0,17,3,7
145377,16,2,1,17,6,3,0,1,1,1,2,18,2,2,0.0,0.0,0.0,0.0,0.0,2.0,19,2,10
168647,16,2,1,10,8,3,0,1,1,1,2,17,2,2,0.0,0.0,0.0,0.0,0.0,2.0,1,6,11
79843,16,2,3,10,8,3,0,1,1,1,2,19,2,2,0.0,0.0,0.0,0.0,0.0,2.0,19,7,6
76277,16,2,3,10,6,3,0,1,1,1,0,36,2,2,0.0,0.0,0.0,0.0,0.0,2.0,16,4,6
88148,4,2,3,15,3,3,0,1,1,1,2,19,2,2,0.0,0.0,0.0,0.0,0.0,5.0,11,6,7
128748,17,11,5,15,18,3,5,5,1,1,2,36,2,2,0.0,0.0,0.0,0.0,0.0,2.0,12,5,9
74281,16,2,3,15,6,3,0,1,1,1,0,18,2,2,0.0,0.0,0.0,0.0,0.0,2.0,15,2,6
155483,16,7,1,17,8,3,6,1,1,1,2,36,3,2,0.0,0.0,0.0,0.0,0.0,2.0,2,2,10