crash_date,               traffic_control_device,weather_condition,lighting_condition,first_crash_type,trafficway_type,alignment,roadway_surface_cond,road_defect,crash_type,intersection_related_i,damage,prim_contributory_cause,num_units,most_severe_injury,injuries_total,injuries_fatal,injuries_incapacitating,injuries_non_incapacitating,injuries_reported_not_evident,injuries_no_indication,crash_hour,crash_day_of_week,crash_month
53527,16,2,3,10,8,3,0,1,1,1,2,36,2,2,0.0,0.0,0.0,0.0,0.0,2.0,17,5,4
54841,16,7,3,17,15,3,6,1,1,1,2,23,2,2,0.0,0.0,0.0,0.0,0.0,2.0,15,5,4
77068,16,2,3,17,2,3,0,1,0,1,1,18,2,2,0.0,0.0,0.0,0.0,0.0,2.0,9,2,6
20369,16,2,3,10,8,3,6,1,1,1,2,19,2,2,0.0,0.0,0.0,0.0,0.0,2.0,7,6,2
77745,16,2,3,0,8,3,0,1,1,1,1,36,2,2,0.0,0.0,0.0,0.0,0.0,2.0,16,4,6
18856,16,2,3,17,8,3,0,1,1,1,0,36,2,2,0.0,0.0,0.0,0.0,0.0,3.0,15,7,2
8373,16,2,3,10,10,3,0,1,1,1,1,36,2,2,0.0,0.0,0.0,0.0,0.0,2.0,11,1,1
133008,15,2,3,0,10,3,0,1,1,1,0,36,2,2,0.0,0.0,0.0,0.0,0.0,3.0,15,6,9
48359,4,2,1,17,8,3,0,1,0,1,2,28,3,2,0.0,0.0,0.0,0.0,0.0,2.0,22,5,4
182049,16,2,3,17,8,3,0,1,1,1,2,36,2,2,0.0,0.0,0.0,0.0,0.0,2.0,14,4,12
99514,16,2,3,0,8,3,0,1,0,1,2,36,2,2,0.0,0.0,0.0,0.0,0.0,2.0,11,6,7
127579,15,2,1,0,6,3,0,5,0,1,2,36,2,3,1.0,0.0,0.0,1.0,0.0,2.0,19,3,9
181626,15,2,3,0,6,3,0,1,0,1,2,18,2,2,0.0,0.0,0.0,0.0,0.0,2.0,9,6,12
113197,15,2,5,17,15,3,5,5,1,1,2,36,2,2,0.0,0.0,0.0,0.0,0.0,3.0,20,1,8
182174,16,2,1,13,6,3,0,1,0,1,2,36,3,2,0.0,0.0,0.0,0.0,0.0,7.0,0,6,12
75722,15,2,3,7,10,3,0,1,0,1,2,36,5,2,0.0,0.0,0.0,0.0,0.0,3.0,19,2,6
166919,16,2,3,17,10,3,0,5,0,1,1,36,2,4,1.0,0.0,0.0,0.0,1.0,2.0,15,4,11
72910,16,2,3,10,3,3,0,1,1,1,1,19,2,2,0.0,0.0,0.0,0.0,0.0,2.0,18,1,6
75871,16,3,3,17,6,3,0,4,0,1,2,24,2,1,1.0,0.0,1.0,0.0,0.0,1.0,10,4,6
103149,16,2,2,17,6,3,0,1,0,1,2,18,2,2,0.0,0.0,0.0,0.0,0.0,4.0,19,6,7
100464,16,2,1,10,3,3,0,1,1,1,2,36,3,2,0.0,0.0,0.0,0.0,0.0,3.0,23,7,7
57804,16,2,3,15,6,3,0,1,1,1,2,22,2,2,0.0,0.0,0.0,0.0,0.0,3.0,16,5,5
87292,16,2,1,9,10,3,0,1,0,1,0,36,2,3,1.0,0.0,0.0,1.0,0.0,1.0,1,7,6
103193,4,2,3,17,6,4,0,1,1,1,2,17,2,2,0.0,0.0,0.0,0.0,0.0,2.0,12,6,7
96144,16,2,1,17,8,3,0,1,0,1,1,6,2,2,0.0,0.0,0.0,0.0,0.0,5.0,23,3,7
2288,17,2,0,10,17,3,0,5,1,1,0,36,2,2,0.0,0.0,0.0,0.0,0.0,2.0,21,5,1
187408,16,7,3,17,6,3,6,1,1,1,2,36,2,2,0.0,0.0,0.0,0.0,0.0,2.0,15,5,12
115435,11,2,3,15,2,3,0,1,1,1,1,26,2,2,0.0,0.0,0.0,0.0,0.0,2.0,17,2,8
65529,16,2,3,17,15,3,0,5,1,1,2,36,2,2,0.0,0.0,0.0,0.0,0.0,4.0,16,1,5
29749,17,2,2,17,2,3,0,5,1,1,2,24,2,2,0.0,0.0,0.0,0.0,0.0,3.0,4,4,3
140612,16,2,3,10,3,3,0,1,1,1,2,17,2,2,0.0,0.0,0.0,0.0,0.0,2.0,14,1,10
31715,16,2,1,17,2,3,0,1,1,1,2,24,2,2,0.0,0.0,0.0,0.0,0.0,2.0,19,3,3
182375,16,2,3,11,6,3,0,1,1,1,2,36,2,2,0.0,0.0,0.0,0.0,0.0,2.0,16,4,12
142775,4,7,3,17,2,3,6,1,1,1,1,18,2,2,0.0,0.0,0.0,0.0,0.0,2.0,16,3,10
53742,16,2,3,9,6,3,0,1,0,1,0,6,2,3,1.0,0.0,0.0,1.0,0.0,1.0,18,2,4
47350,4,2,3,10,15,3,6,1,0,1,2,36,2,3,1.0,0.0,0.0,1.0,0.0,4.0,8,2,4
24506,16,2,1,17,8,3,0,5,0,1,2,36,2,2,0.0,0.0,0.0,0.0,0.0,2.0,4,5,2
60841,15,2,3,0,6,3,0,1,0,1,2,18,3,2,0.0,0.0,0.0,0.0,0.0,22.0,13,3,5
27208,15,2,3,0,2,3,0,1,1,1,2,36,2,2,0.0,0.0,0.0,0.0,0.0,2.0,8,2,2
189082,4,7,3,17,2,3,6,1,1,1,2,18,2,2,0.0,0.0,0.0,0.0,0.0,2.0,12,3,12
31143,15,2,3,17,6,3,0,1,0,1,2,12,3,3,3.0,0.0,0.0,3.0,0.0,4.0,13,7,3
55178,16,7,3,2,6,3,6,1,1,1,1,12,1,2,0.0,0.0,0.0,0.0,0.0,1.0,9,2,4
67406,16,2,3,15,2,3,0,1,1,1,2,36,2,2,0.0,0.0,0.0,0.0,0.0,2.0,14,2,5
103493,15,2,3,10,10,3,0,1,1,1,2,36,2,2,0.0,0.0,0.0,0.0,0.0,2.0,18,3,7
178426,15,2,1,0,8,3,0,5,1,1,2,18,2,2,0.0,0.0,0.0,0.0,0.0,2.0,21,4,12
67354,16,2,3,10,8,3,0,1,1,1,2,19,2,2,0.0,0.0,0.0,0.0,0.0,3.0,16,1,5
165011,16,2,1,15,8,3,0,1,1,1,2,36,2,2,0.0,0.0,0.0,0.0,0.0,2.0,21,3,11
66129,16,7,3,9,8,4,6,1,0,1,0,36,2,3,1.0,0.0,0.0,1.0,0.0,1.0,8,2,5
41818,16,2,3,15,10,3,0,1,1,1,2,22,2,2,0.0,0.0,0.0,0.0,0.0,2.0,17,5,3
98021,16,2,3,0,6,3,0,1,1,1,1,6,2,2,0.0,0.0,0.0,0.0,0.0,2.0,12,4,7
22360,16,7,1,10,6,3,6,1,1,1,2,19,2,2,0.0,0.0,0.0,0.0,0.0,2.0,18,4,2
158179,15,2,3,0,10,3,0,1,0,1,2,18,2,3,3.0,0.0,0.0,2.0,1.0,2.0,10,2,11
95063,16,2,1,0,10,3,0,5,0,1,2,37,2,4,2.0,0.0,0.0,0.0,2.0,0.0,4,1,7
30441,16,2,3,0,6,3,0,1,1,1,1,18,2,2,0.0,0.0,0.0,0.0,0.0,2.0,14,3,3
120764,17,2,4,10,8,3,6,5,1,0,1,26,2,2,0.0,0.0,0.0,0.0,0.0,2.0,22,3,9
11016,16,3,1,9,2,3,0,1,0,1,0,18,2,1,1.0,0.0,1.0,0.0,0.0,1.0,6,2,1
184223,16,2,1,15,10,3,0,5,1,1,1,28,2,2,0.0,0.0,0.0,0.0,0.0,4.0,16,6,12
177263,16,2,3,15,8,3,0,1,0,1,2,36,2,3,1.0,0.0,0.0,1.0,0.0,1.0,9,2,12
19190,16,2,3,0,15,3,0,1,0,1,2,17,2,2,0.0,0.0,0.0,0.0,0.0,2.0,8,6,2
119343,15,2,3,17,6,3,0,1,1,1,2,36,2,2,0.0,0.0,0.0,0.0,0.0,2.0,17,5,8
90759,4,2,3,7,8,3,0,1,1,1,1,26,2,2,0.0,0.0,0.0,0.0,0.0,1.0,12,4,7
84936,6,3,3,17,2,3,0,1,1,1,2,18,3,2,0.0,0.0,0.0,0.0,0.0,4.0,15,6,6
122661,16,2,1,17,15,3,0,1,0,1,2,36,2,3,1.0,0.0,0.0,1.0,0.0,2.0,0,2,9
103157,16,2,4,17,6,3,0,1,0,1,2,18,2,3,2.0,0.0,0.0,2.0,0.0,2.0,19,6,7
113632,4,2,1,2,8,3,0,1,0,1,2,12,1,2,0.0,0.0,0.0,0.0,0.0,1.0,21,1,8
138925,16,2,3,10,8,4,0,1,1,1,1,36,2,2,0.0,0.0,0.0,0.0,0.0,2.0,13,5,10
96389,4,2,1,7,2,3,0,1,1,1,2,12,2,2,0.0,0.0,0.0,0.0,0.0,1.0,0,7,7
95390,15,2,1,0,2,3,0,1,0,1,2,36,2,2,0.0,0.0,0.0,0.0,0.0,2.0,1,7,7
171812,17,2,5,7,10,3,0,5,1,1,2,36,2,2,0.0,0.0,0.0,0.0,0.0,1.0,21,7,11
103116,17,2,3,17,8,3,0,1,1,1,2,36,2,2,0.0,0.0,0.0,0.0,0.0,2.0,13,6,7
35431,16,2,3,17,8,3,0,1,0,1,2,18,2,3,2.0,0.0,0.0,2.0,0.0,1.0,17,7,3
187649,15,2,1,10,8,3,1,1,1,1,1,39,2,2,0.0,0.0,0.0,0.0,0.0,3.0,20,7,12
2535,15,2,4,17,8,3,0,1,1,1,2,26,2,2,0.0,0.0,0.0,0.0,0.0,2.0,21,1,1
184203,15,2,2,0,2,3,0,1,0,1,1,5,2,2,0.0,0.0,0.0,0.0,0.0,2.0,13,6,12
152053,16,7,3,10,6,3,6,1,1,1,2,17,2,2,0.0,0.0,0.0,0.0,0.0,3.0,11,4,10
34417,16,2,1,0,3,3,0,1,0,1,2,37,2,2,0.0,0.0,0.0,0.0,0.0,2.0,20,4,3
181763,4,7,1,0,8,3,6,1,0,1,2,17,3,3,1.0,0.0,0.0,1.0,0.0,3.0,23,1,12
87846,16,2,1,17,2,3,0,1,1,1,0,36,2,2,0.0,0.0,0.0,0.0,0.0,2.0,3,1,7
7424,16,2,3,17,2,4,5,5,1,1,1,36,2,2,0.0,0.0,0.0,0.0,0.0,2.0,10,1,1
184637,4,7,3,0,6,3,6,1,1,1,2,18,2,2,0.0,0.0,0.0,0.0,0.0,2.0,12,6,12
131478,16,7,1,0,1,3,6,5,0,1,2,6,2,3,2.0,0.0,0.0,2.0,0.0,0.0,0,6,9
5756,15,2,3,15,8,3,0,1,0,0,2,36,2,3,1.0,0.0,0.0,1.0,0.0,5.0,15,4,1
93776,16,2,3,10,8,3,0,1,1,0,1,19,2,2,0.0,0.0,0.0,0.0,0.0,2.0,16,3,7
152579,17,2,3,10,17,3,0,5,1,1,2,36,2,2,0.0,0.0,0.0,0.0,0.0,2.0,14,4,10
1886,16,2,1,17,8,3,5,5,1,1,2,23,2,2,0.0,0.0,0.0,0.0,0.0,2.0,1,7,1
16049,16,2,3,15,8,3,0,1,1,1,0,23,2,2,0.0,0.0,0.0,0.0,0.0,4.0,11,7,2
183276,15,2,1,17,6,3,0,1,0,1,2,5,2,2,0.0,0.0,0.0,0.0,0.0,3.0,23,6,12
113669,16,2,3,9,8,3,0,5,0,1,1,6,2,3,1.0,0.0,0.0,1.0,0.0,2.0,16,2,8
74236,16,2,3,15,6,3,0,1,1,1,2,36,2,2,0.0,0.0,0.0,0.0,0.0,2.0,18,1,6
63163,16,2,3,17,8,3,0,1,1,1,1,36,2,2,0.0,0.0,0.0,0.0,0.0,3.0,15,3,5
74020,4,2,3,17,15,3,0,1,0,1,2,36,2,4,1.0,0.0,0.0,0.0,1.0,2.0,18,4,6
148762,16,2,1,17,8,3,0,1,0,1,2,6,2,2,0.0,0.0,0.0,0.0,0.0,5.0,0,7,10
10839,15,2,1,0,15,3,0,5,0,1,2,18,2,2,0.0,0.0,0.0,0.0,0.0,6.0,17,7,1
100656,15,2,3,0,2,3,0,1,0,1,2,18,2,3,1.0,0.0,0.0,1.0,0.0,2.0,9,3,7
99653,16,2,3,17,8,3,0,5,0,1,2,18,2,2,0.0,0.0,0.0,0.0,0.0,2.0,13,3,7
140095,15,7,0,9,6,3,6,1,0,1,0,39,2,3,1.0,0.0,0.0,1.0,0.0,1.0,23,7,10
123786,16,7,1,9,3,3,6,1,0,1,2,6,3,1,2.0,0.0,1.0,1.0,0.0,1.0,22,6,9
35434,16,2,3,10,2,3,0,5,1,1,2,19,2,2,0.0,0.0,0.0,0.0,0.0,4.0,18,7,3
93035,16,2,3,17,8,3,0,1,1,1,2,36,2,2,0.0,0.0,0.0,0.0,0.0,2.0,18,4,7
188106,16,9,1,0,10,3,4,1,0,1,2,18,2,2,0.0,0.0,0.0,0.0,0.0,2.0,5,7,12
171126,4,2,1,17,2,3,6,1,1,1,2,36,2,2,0.0,0.0,0.0,0.0,0.0,2.0,17,3,11
10208,16,2,1,17,8,3,0,1,0,1,2,18,2,1,3.0,0.0,1.0,0.0,2.0,0.0,6,3,1
162822,16,2,1,0,6,3,0,1,0,1,2,6,2,1,3.0,0.0,1.0,2.0,0.0,2.0,2,1,11
126720,16,2,3,17,3,3,0,1,0,1,2,28,2,4,1.0,0.0,0.0,0.0,1.0,4.0,10,4,9
43386,15,2,3,8,8,3,0,5,0,1,2,18,2,3,1.0,0.0,0.0,1.0,0.0,2.0,15,7,4
67268,15,2,3,0,8,3,0,1,1,1,2,36,2,2,0.0,0.0,0.0,0.0,0.0,3.0,12,5,5
29079,16,2,3,17,6,3,0,1,1,1,2,18,3,2,0.0,0.0,0.0,0.0,0.0,4.0,11,5,3
126075,16,2,4,10,8,3,0,1,1,1,1,19,2,2,0.0,0.0,0.0,0.0,0.0,2.0,18,2,9
101122,17,11,5,17,6,3,5,5,1,1,2,24,2,2,0.0,0.0,0.0,0.0,0.0,2.0,15,4,7
168955,16,7,1,0,6,3,6,5,0,1,2,36,3,2,0.0,0.0,0.0,0.0,0.0,3.0,22,4,11
57347,16,2,3,17,8,3,0,1,0,1,2,18,2,2,0.0,0.0,0.0,0.0,0.0,2.0,16,4,5
116164,15,2,3,9,10,3,0,1,0,1,0,36,2,3,1.0,0.0,0.0,1.0,0.0,1.0,13,5,8
57693,15,2,3,9,8,3,0,1,0,1,0,36,2,3,1.0,0.0,0.0,1.0,0.0,1.0,14,3,5
16754,4,2,1,10,2,4,0,1,1,1,1,19,2,2,0.0,0.0,0.0,0.0,0.0,2.0,21,7,2
108038,16,7,3,15,8,3,6,1,1,1,2,12,2,2,0.0,0.0,0.0,0.0,0.0,2.0,13,2,8
185103,16,4,1,0,8,3,6,5,0,1,2,6,2,4,1.0,0.0,0.0,0.0,1.0,1.0,6,7,12
114565,15,2,4,17,8,3,0,1,1,1,1,36,2,2,0.0,0.0,0.0,0.0,0.0,2.0,19,1,8
74505,16,2,3,17,2,3,0,1,0,1,2,23,2,2,0.0,0.0,0.0,0.0,0.0,2.0,7,4,6
130289,15,2,3,0,8,3,0,1,0,1,2,18,2,3,1.0,0.0,0.0,1.0,0.0,1.0,11,4,9
9564,16,10,1,17,8,3,4,1,1,1,2,24,2,2,0.0,0.0,0.0,0.0,0.0,2.0,4,4,1
119393,16,2,0,17,8,3,0,1,0,1,2,24,2,2,0.0,0.0,0.0,0.0,0.0,2.0,23,5,8
139017,15,3,3,0,6,3,6,1,0,1,2,18,2,4,1.0,0.0,0.0,0.0,1.0,3.0,17,7,10
71155,16,7,3,10,3,3,6,1,1,1,1,19,2,2,0.0,0.0,0.0,0.0,0.0,3.0,16,3,5
9697,15,2,1,0,2,3,0,1,0,1,1,18,2,3,1.0,0.0,0.0,1.0,0.0,1.0,21,1,1
124581,16,7,1,17,1,3,6,1,0,1,2,18,2,2,0.0,0.0,0.0,0.0,0.0,3.0,3,3,9
149011,16,2,3,0,15,3,0,1,1,1,2,6,2,2,0.0,0.0,0.0,0.0,0.0,2.0,12,5,10
95003,16,2,3,10,8,3,0,1,1,1,1,19,2,2,0.0,0.0,0.0,0.0,0.0,2.0,13,6,7
73803,16,2,1,15,8,3,0,1,0,0,2,36,2,2,0.0,0.0,0.0,0.0,0.0,2.0,3,3,6
10698,16,2,1,9,2,3,0,1,1,1,0,26,2,2,0.0,0.0,0.0,0.0,0.0,2.0,5,4,1
114821,16,2,1,17,5,3,0,1,0,1,2,36,2,3,2.0,0.0,0.0,2.0,0.0,1.0,23,6,8
156801,4,2,1,3,6,3,0,1,1,1,1,28,2,2,0.0,0.0,0.0,0.0,0.0,6.0,21,5,11
177311,16,2,3,9,10,3,0,1,0,1,0,17,2,3,1.0,0.0,0.0,1.0,0.0,1.0,7,3,12
143585,16,3,0,9,3,3,6,1,0,1,0,18,2,3,1.0,0.0,0.0,1.0,0.0,1.0,18,6,10
87757,16,2,3,0,6,3,5,5,0,1,2,36,2,2,0.0,0.0,0.0,0.0,0.0,2.0,19,1,6
160570,16,2,3,10,8,3,0,1,1,1,2,19,2,2,0.0,0.0,0.0,0.0,0.0,2.0,7,3,11
60938,16,2,3,17,8,3,0,1,0,1,2,18,2,2,0.0,0.0,0.0,0.0,0.0,3.0,19,4,5
30322,15,2,3,7,15,3,0,1,1,1,2,24,2,2,0.0,0.0,0.0,0.0,0.0,1.0,14,7,3
96678,9,2,3,15,8,3,0,1,1,1,2,3,2,2,0.0,0.0,0.0,0.0,0.0,2.0,10,4,7
8141,15,2,3,0,2,4,0,1,0,1,2,18,2,3,2.0,0.0,0.0,1.0,1.0,2.0,7,4,1
145622,16,11,3,17,6,3,5,5,1,1,2,36,2,2,0.0,0.0,0.0,0.0,0.0,2.0,13,7,10
151915,15,7,1,17,8,3,6,1,1,1,1,18,2,2,0.0,0.0,0.0,0.0,0.0,3.0,17,3,10
106731,16,2,1,17,8,3,0,1,1,1,2,18,3,2,0.0,0.0,0.0,0.0,0.0,3.0,20,1,8
110907,15,2,1,0,8,3,0,1,1,1,1,5,2,2,0.0,0.0,0.0,0.0,0.0,2.0,19,2,8
161731,15,11,5,0,8,3,2,5,1,1,1,36,2,2,0.0,0.0,0.0,0.0,0.0,2.0,0,6,11
83134,16,2,3,15,2,3,0,1,1,1,1,36,2,2,0.0,0.0,0.0,0.0,0.0,3.0,7,4,6
7613,4,10,4,0,8,3,4,5,1,1,1,36,2,2,0.0,0.0,0.0,0.0,0.0,2.0,17,3,1
146609,16,2,3,17,2,3,0,1,0,1,2,24,2,3,1.0,0.0,0.0,1.0,0.0,1.0,8,6,10
109431,15,2,3,0,11,3,0,1,0,1,2,18,2,3,2.0,0.0,0.0,2.0,0.0,0.0,10,1,8
153702,15,2,3,10,15,3,0,1,0,1,2,19,2,4,5.0,0.0,0.0,0.0,5.0,0.0,16,6,10
126149,15,2,3,0,10,3,0,1,1,1,1,18,2,2,0.0,0.0,0.0,0.0,0.0,2.0,8,3,9
5438,16,2,1,10,3,3,0,1,1,1,2,17,2,2,0.0,0.0,0.0,0.0,0.0,2.0,21,3,1
113304,16,2,3,17,6,3,0,1,0,1,2,36,2,1,3.0,0.0,1.0,0.0,2.0,1.0,18,4,8
103146,4,2,3,15,8,3,0,1,1,1,1,36,2,2,0.0,0.0,0.0,0.0,0.0,2.0,6,6,7
7787,15,2,3,0,6,3,0,1,0,1,2,18,2,2,0.0,0.0,0.0,0.0,0.0,3.0,9,5,1
94971,16,2,3,10,6,3,0,1,1,1,2,36,2,2,0.0,0.0,0.0,0.0,0.0,2.0,18,1,7
144344,17,11,5,0,8,3,5,5,1,1,1,18,2,2,0.0,0.0,0.0,0.0,0.0,2.0,8,3,10
41187,16,2,1,13,8,3,0,1,1,1,2,28,2,2,0.0,0.0,0.0,0.0,0.0,3.0,20,2,3
160515,15,2,1,8,8,3,0,1,1,1,0,36,2,2,0.0,0.0,0.0,0.0,0.0,2.0,18,2,11
115190,16,2,3,10,2,3,0,1,0,1,2,17,2,4,2.0,0.0,0.0,0.0,2.0,3.0,9,4,8
172376,16,9,1,10,8,3,6,5,1,1,2,19,2,2,0.0,0.0,0.0,0.0,0.0,2.0,21,1,12
95355,16,7,1,17,6,3,6,1,0,1,2,12,2,2,0.0,0.0,0.0,0.0,0.0,5.0,20,6,7
96257,17,11,5,0,6,3,5,5,1,1,1,6,2,2,0.0,0.0,0.0,0.0,0.0,2.0,17,6,7
108729,16,11,4,10,8,3,5,5,0,1,1,36,2,4,1.0,0.0,0.0,0.0,1.0,1.0,17,4,8
174853,4,2,1,17,2,3,0,5,1,1,2,23,2,2,0.0,0.0,0.0,0.0,0.0,2.0,19,5,12
64436,16,2,3,10,2,3,0,1,1,1,0,19,2,2,0.0,0.0,0.0,0.0,0.0,2.0,17,4,5
68658,16,2,3,10,2,3,0,1,1,1,2,21,2,2,0.0,0.0,0.0,0.0,0.0,2.0,7,6,5
148981,16,2,1,9,6,3,0,1,0,1,1,28,2,1,1.0,0.0,1.0,0.0,0.0,1.0,18,5,10
134132,16,2,3,15,8,3,6,1,1,1,2,18,2,2,0.0,0.0,0.0,0.0,0.0,2.0,12,3,9
8352,15,10,3,0,15,3,4,1,0,1,2,5,2,2,0.0,0.0,0.0,0.0,0.0,2.0,7,1,1
106714,16,2,1,0,2,3,0,1,0,1,2,28,2,1,1.0,0.0,1.0,0.0,0.0,1.0,2,1,8
27631,15,2,3,0,6,3,0,1,1,1,1,18,2,2,0.0,0.0,0.0,0.0,0.0,2.0,12,3,2
1841,16,2,1,0,6,3,0,1,0,1,2,6,2,4,3.0,0.0,0.0,0.0,3.0,0.0,3,5,1
115616,16,2,3,10,8,3,0,5,1,1,0,36,2,2,0.0,0.0,0.0,0.0,0.0,2.0,17,4,8
108526,16,2,1,0,8,3,0,1,0,1,2,6,2,4,1.0,0.0,0.0,0.0,1.0,1.0,0,2,8
33621,16,2,1,0,9,3,0,5,1,1,1,6,2,2,0.0,0.0,0.0,0.0,0.0,3.0,1,7,3
19924,15,2,3,17,6,4,4,5,0,1,2,22,2,2,0.0,0.0,0.0,0.0,0.0,4.0,13,6,2
150568,16,7,1,10,2,3,6,1,1,1,1,17,2,2,0.0,0.0,0.0,0.0,0.0,2.0,21,4,10
125961,4,2,3,0,6,3,0,1,0,1,2,36,2,1,1.0,0.0,1.0,0.0,0.0,1.0,16,3,9
168814,16,5,3,9,8,3,6,1,0,1,0,36,2,1,1.0,0.0,1.0,0.0,0.0,1.0,13,3,11
102483,15,2,3,0,8,3,0,1,0,1,2,18,2,2,0.0,0.0,0.0,0.0,0.0,3.0,15,2,7
134933,16,2,3,17,1,3,0,1,1,1,2,18,2,2,0.0,0.0,0.0,0.0,0.0,2.0,12,4,9
82244,16,2,1,0,6,3,0,5,0,0,2,6,5,3,3.0,0.0,0.0,1.0,2.0,1.0,2,7,6
162050,4,2,3,13,10,3,1,5,1,1,2,21,2,2,0.0,0.0,0.0,0.0,0.0,3.0,8,3,11
161523,15,10,3,0,8,3,4,5,1,1,2,39,2,2,0.0,0.0,0.0,0.0,0.0,2.0,7,2,11
88714,4,7,3,0,2,3,6,1,0,1,2,5,2,3,1.0,0.0,0.0,1.0,0.0,1.0,11,1,7
163708,16,6,1,10,8,3,6,5,0,0,2,17,3,1,2.0,0.0,1.0,0.0,1.0,5.0,19,5,11
55059,16,2,1,10,8,3,0,1,1,1,1,36,2,2,0.0,0.0,0.0,0.0,0.0,3.0,0,7,4
87993,16,2,3,15,6,3,0,1,1,1,1,36,2,2,0.0,0.0,0.0,0.0,0.0,2.0,16,4,7
164519,16,2,1,8,8,3,0,1,0,1,0,18,2,4,1.0,0.0,0.0,0.0,1.0,1.0,20,3,11
105938,15,2,3,2,14,3,0,1,1,1,2,26,1,2,0.0,0.0,0.0,0.0,0.0,1.0,13,5,8
26275,16,2,3,10,8,3,0,1,0,1,2,36,2,4,1.0,0.0,0.0,0.0,1.0,1.0,15,2,2
40145,15,2,3,0,10,3,0,1,1,1,2,36,2,2,0.0,0.0,0.0,0.0,0.0,2.0,13,1,3
78813,15,2,3,17,8,3,0,1,0,1,2,5,3,3,1.0,0.0,0.0,1.0,0.0,4.0,16,5,6
137335,15,2,1,0,6,3,0,1,1,1,2,18,2,2,0.0,0.0,0.0,0.0,0.0,3.0,20,5,9
83394,15,2,3,9,8,3,0,1,1,1,0,18,2,2,0.0,0.0,0.0,0.0,0.0,2.0,14,3,6
87614,16,2,3,17,6,3,0,1,0,1,2,23,2,3,1.0,0.0,0.0,1.0,0.0,2.0,6,5,6
126284,15,7,3,0,4,3,6,1,1,1,2,18,2,2,0.0,0.0,0.0,0.0,0.0,2.0,9,6,9
157651,4,2,3,17,6,3,0,1,0,1,2,17,2,2,0.0,0.0,0.0,0.0,0.0,2.0,11,2,11
118050,16,2,1,17,6,3,0,1,0,1,2,36,2,2,0.0,0.0,0.0,0.0,0.0,4.0,2,7,8
37547,4,2,3,17,6,3,0,1,1,1,2,36,2,2,0.0,0.0,0.0,0.0,0.0,2.0,9,4,3
139544,16,7,1,0,6,3,6,1,1,1,2,6,2,2,0.0,0.0,0.0,0.0,0.0,2.0,3,1,10
187624,4,2,4,17,8,3,0,5,0,1,2,3,2,3,2.0,0.0,0.0,2.0,0.0,1.0,16,7,12
128990,4,2,3,10,2,3,0,1,1,1,1,19,2,2,0.0,0.0,0.0,0.0,0.0,2.0,11,7,9
109168,16,2,1,10,6,3,0,1,0,1,2,36,2,2,0.0,0.0,0.0,0.0,0.0,2.0,1,7,8
99794,16,2,3,17,3,3,0,1,0,1,2,18,2,2,0.0,0.0,0.0,0.0,0.0,2.0,18,3,7
157251,16,2,3,17,6,3,0,5,1,1,2,18,2,2,0.0,0.0,0.0,0.0,0.0,2.0,10,5,11
111051,15,2,3,0,8,3,0,1,1,1,1,18,2,2,0.0,0.0,0.0,0.0,0.0,4.0,10,4,8
80720,16,2,3,2,15,4,0,1,0,1,2,26,1,2,0.0,0.0,0.0,0.0,0.0,2.0,16,6,6
158791,15,2,1,0,8,3,0,1,0,1,2,18,2,4,2.0,0.0,0.0,0.0,2.0,0.0,17,4,11
79060,16,2,1,17,3,3,0,1,0,1,2,18,2,2,0.0,0.0,0.0,0.0,0.0,4.0,20,2,6
58404,15,2,1,15,3,3,0,1,0,0,2,28,2,4,3.0,0.0,0.0,0.0,3.0,1.0,2,1,5
138023,16,2,1,9,6,3,0,1,0,1,1,36,2,3,1.0,0.0,0.0,1.0,0.0,1.0,0,7,10
11714,16,2,3,10,6,3,6,1,1,1,2,36,2,2,0.0,0.0,0.0,0.0,0.0,4.0,12,1,1
7433,16,2,3,0,8,3,1,1,0,1,2,6,2,3,1.0,0.0,0.0,1.0,0.0,2.0,13,2,1
103648,16,2,3,0,6,3,0,1,0,1,2,36,2,2,0.0,0.0,0.0,0.0,0.0,2.0,9,6,7
100087,16,2,3,17,2,3,0,1,0,1,2,3,2,3,1.0,0.0,0.0,1.0,0.0,1.0,11,1,7
21015,15,2,3,10,10,3,0,1,1,1,2,19,2,2,0.0,0.0,0.0,0.0,0.0,2.0,14,3,2
29910,16,2,3,15,8,3,0,1,1,1,2,26,2,2,0.0,0.0,0.0,0.0,0.0,3.0,9,6,3
31564,16,3,3,0,8,3,6,1,0,1,2,36,4,3,2.0,0.0,0.0,2.0,0.0,4.0,9,6,3
98208,16,7,1,3,8,3,6,5,0,1,2,24,2,3,5.0,0.0,0.0,5.0,0.0,2.0,21,6,7
163206,15,2,3,0,8,3,0,1,1,1,2,18,2,2,0.0,0.0,0.0,0.0,0.0,2.0,9,5,11
148130,16,2,4,17,3,3,0,1,1,0,0,22,2,2,0.0,0.0,0.0,0.0,0.0,2.0,18,6,10
34468,16,2,3,17,8,3,0,1,0,1,2,18,3,4,2.0,0.0,0.0,0.0,2.0,1.0,18,5,3
181986,16,2,1,9,3,3,0,1,0,1,0,17,2,3,1.0,0.0,0.0,1.0,0.0,1.0,17,3,12
6203,16,2,1,17,8,3,0,1,1,1,1,36,2,2,0.0,0.0,0.0,0.0,0.0,2.0,18,4,1
144221,16,2,3,10,3,3,0,1,1,1,2,19,2,2,0.0,0.0,0.0,0.0,0.0,6.0,9,7,10
48902,16,2,0,17,6,3,0,1,1,1,1,12,2,2,0.0,0.0,0.0,0.0,0.0,4.0,21,7,4