crash_date,               traffic_control_device,weather_condition,lighting_condition,first_crash_type,trafficway_type,alignment,roadway_surface_cond,road_defect,crash_type,intersection_related_i,damage,prim_contributory_cause,num_units,most_severe_injury,injuries_total,injuries_fatal,injuries_incapacitating,injuries_non_incapacitating,injuries_reported_not_evident,injuries_no_indication,crash_hour,crash_day_of_week,crash_month
75899,16,2,3,8,6,3,0,1,0,1,1,7,2,3,1.0,0.0,0.0,1.0,0.0,1.0,15,5,6
692,4,2,3,2,0,3,0,1,1,1,1,21,1,2,0.0,0.0,0.0,0.0,0.0,1.0,15,5,1
44269,16,2,3,0,2,3,0,1,0,1,2,6,2,2,0.0,0.0,0.0,0.0,0.0,2.0,8,1,4
66696,15,2,3,15,8,3,0,1,0,1,2,23,3,3,2.0,0.0,0.0,1.0,1.0,5.0,7,4,5
132677,4,2,1,7,8,3,0,6,1,1,1,36,2,2,0.0,0.0,0.0,0.0,0.0,1.0,1,3,9
98625,16,2,3,10,6,3,0,1,0,1,2,19,2,4,1.0,0.0,0.0,0.0,1.0,1.0,8,6,7
33878,16,2,3,10,8,3,0,1,1,1,1,19,2,2,0.0,0.0,0.0,0.0,0.0,2.0,16,3,3
162041,15,6,3,10,10,3,4,1,1,0,0,19,2,2,0.0,0.0,0.0,0.0,0.0,3.0,7,3,11
157660,15,2,3,15,11,4,0,1,1,1,2,18,2,2,0.0,0.0,0.0,0.0,0.0,2.0,13,4,11
26314,4,2,1,0,2,3,0,5,1,1,1,26,2,2,0.0,0.0,0.0,0.0,0.0,2.0,23,2,2
152270,16,2,1,17,3,2,0,1,1,1,1,24,2,2,0.0,0.0,0.0,0.0,0.0,4.0,22,5,10
28951,4,2,1,17,8,3,0,1,0,1,1,36,2,1,1.0,0.0,1.0,0.0,0.0,1.0,18,3,3
78122,16,2,3,15,6,3,0,5,0,1,2,23,2,2,0.0,0.0,0.0,0.0,0.0,3.0,6,4,6
110166,16,2,3,8,18,3,0,1,0,1,0,24,2,3,1.0,0.0,0.0,1.0,0.0,2.0,13,6,8
178611,16,2,3,0,15,4,0,1,0,1,2,36,2,2,0.0,0.0,0.0,0.0,0.0,2.0,14,1,12
16559,16,2,0,9,8,3,0,1,0,1,0,26,2,3,1.0,0.0,0.0,1.0,0.0,1.0,17,3,2
187584,16,2,1,17,8,3,0,1,1,1,1,22,2,2,0.0,0.0,0.0,0.0,0.0,2.0,20,6,12
178500,16,2,1,17,10,4,0,5,0,1,2,4,2,2,0.0,0.0,0.0,0.0,0.0,3.0,21,5,12
136890,16,2,3,17,6,3,0,1,1,1,2,24,2,2,0.0,0.0,0.0,0.0,0.0,3.0,9,5,9
128973,4,2,1,8,8,3,0,1,1,1,1,18,2,2,0.0,0.0,0.0,0.0,0.0,5.0,20,7,9
131444,16,2,3,10,8,3,0,1,1,1,2,17,2,2,0.0,0.0,0.0,0.0,0.0,4.0,7,6,9
161267,15,2,1,0,8,3,0,1,0,1,2,36,2,3,1.0,0.0,0.0,1.0,0.0,1.0,22,6,11
84904,4,2,3,10,6,3,0,1,0,1,2,9,3,2,0.0,0.0,0.0,0.0,0.0,3.0,20,5,6
165435,17,10,1,10,8,3,6,1,0,0,2,36,2,2,0.0,0.0,0.0,0.0,0.0,3.0,1,1,11
38385,4,2,3,17,2,3,6,1,1,1,2,36,2,2,0.0,0.0,0.0,0.0,0.0,2.0,16,6,3
121220,8,2,1,10,2,3,0,1,0,1,2,36,2,3,2.0,0.0,0.0,2.0,0.0,0.0,21,1,9
82683,16,7,3,0,8,3,6,1,1,1,1,6,2,2,0.0,0.0,0.0,0.0,0.0,5.0,14,5,6
183700,16,2,4,0,2,3,0,1,0,1,2,6,2,3,3.0,0.0,0.0,2.0,1.0,2.0,16,6,12
70350,6,2,3,8,3,2,0,5,0,1,2,4,2,3,1.0,0.0,0.0,1.0,0.0,1.0,18,6,5
127423,16,2,3,17,8,3,5,5,1,1,1,24,2,2,0.0,0.0,0.0,0.0,0.0,2.0,11,6,9
25789,16,7,1,0,8,3,6,1,0,1,2,6,2,3,4.0,0.0,0.0,4.0,0.0,1.0,18,7,2
52180,4,2,3,10,8,3,0,1,1,1,1,36,2,2,0.0,0.0,0.0,0.0,0.0,2.0,12,2,4
103254,16,2,3,17,18,3,0,1,0,1,2,18,2,4,1.0,0.0,0.0,0.0,1.0,4.0,11,7,7
110535,16,2,3,17,10,3,0,1,1,1,1,24,2,2,0.0,0.0,0.0,0.0,0.0,2.0,10,3,8
59935,15,2,3,9,6,3,0,1,1,1,2,18,2,2,0.0,0.0,0.0,0.0,0.0,2.0,15,4,5
6005,16,2,1,9,8,3,0,1,0,1,2,6,2,3,1.0,0.0,0.0,1.0,0.0,1.0,19,6,1
77862,15,2,3,10,8,3,0,1,0,1,2,19,2,2,0.0,0.0,0.0,0.0,0.0,2.0,10,6,6
103526,16,2,3,17,3,3,0,1,0,1,2,24,2,3,1.0,0.0,0.0,1.0,0.0,2.0,15,4,7
26397,16,2,3,9,1,3,0,1,0,1,0,18,2,3,1.0,0.0,0.0,1.0,0.0,1.0,12,3,2
66358,16,2,3,15,18,3,0,1,1,1,2,23,2,2,0.0,0.0,0.0,0.0,0.0,3.0,12,6,5
37729,16,2,3,17,10,3,0,1,1,1,2,23,2,2,0.0,0.0,0.0,0.0,0.0,3.0,9,5,3
146426,16,2,0,14,8,3,0,1,0,1,2,36,2,3,1.0,0.0,0.0,1.0,0.0,1.0,19,2,10
169426,16,2,1,17,6,3,0,1,0,1,2,6,2,2,0.0,0.0,0.0,0.0,0.0,3.0,19,5,11
83033,15,2,3,10,8,3,6,1,1,0,2,32,2,2,0.0,0.0,0.0,0.0,0.0,5.0,9,4,6
149743,4,2,3,0,2,3,0,1,1,1,2,18,2,2,0.0,0.0,0.0,0.0,0.0,2.0,16,7,10
77751,4,2,3,17,8,3,0,1,1,1,0,12,2,2,0.0,0.0,0.0,0.0,0.0,2.0,17,4,6
178354,15,2,3,0,8,3,0,1,1,1,2,38,2,2,0.0,0.0,0.0,0.0,0.0,3.0,11,3,12
182026,4,2,3,17,8,2,0,1,0,1,2,18,2,2,0.0,0.0,0.0,0.0,0.0,2.0,11,3,12
41423,4,2,3,0,2,3,0,5,1,1,2,36,2,2,0.0,0.0,0.0,0.0,0.0,4.0,15,6,3
179292,17,11,5,15,8,3,5,5,1,1,2,36,2,2,0.0,0.0,0.0,0.0,0.0,2.0,12,3,12
154738,15,2,1,15,3,3,0,1,1,1,2,23,2,2,0.0,0.0,0.0,0.0,0.0,2.0,21,6,10
183573,4,2,3,17,0,3,4,5,0,1,2,18,2,2,0.0,0.0,0.0,0.0,0.0,2.0,12,6,12
90463,4,2,3,17,3,3,0,1,0,1,2,18,2,3,1.0,0.0,0.0,1.0,0.0,2.0,16,6,7
161852,4,2,1,0,8,3,0,1,1,1,2,18,2,2,0.0,0.0,0.0,0.0,0.0,2.0,20,7,11
111226,15,2,3,9,10,3,0,1,0,1,2,28,3,0,3.0,1.0,1.0,1.0,0.0,1.0,12,7,8
187289,15,10,3,10,6,3,4,1,1,1,2,39,2,2,0.0,0.0,0.0,0.0,0.0,2.0,13,3,12
18934,16,2,3,17,1,3,0,1,1,1,1,24,3,2,0.0,0.0,0.0,0.0,0.0,3.0,10,1,2
15033,16,2,3,17,6,3,0,1,1,1,2,18,2,2,0.0,0.0,0.0,0.0,0.0,2.0,17,4,1
146612,16,2,1,17,8,3,0,1,1,1,2,6,2,2,0.0,0.0,0.0,0.0,0.0,3.0,21,6,10
13435,4,10,0,10,2,3,4,5,1,1,1,19,2,2,0.0,0.0,0.0,0.0,0.0,2.0,19,2,1
127946,16,2,4,17,8,3,0,1,0,1,2,6,2,2,0.0,0.0,0.0,0.0,0.0,2.0,19,7,9
117291,16,2,3,17,8,3,0,1,1,1,2,18,2,2,0.0,0.0,0.0,0.0,0.0,3.0,16,1,8
72250,15,11,3,0,2,3,5,5,1,1,2,36,2,2,0.0,0.0,0.0,0.0,0.0,2.0,7,7,6
170366,16,3,3,0,18,3,0,1,0,1,2,18,2,2,0.0,0.0,0.0,0.0,0.0,2.0,8,6,11
73553,16,2,3,10,8,3,0,1,1,1,0,8,2,2,0.0,0.0,0.0,0.0,0.0,2.0,8,5,6
84239,16,2,3,17,8,3,0,1,1,1,0,35,2,2,0.0,0.0,0.0,0.0,0.0,2.0,15,1,6
157474,15,7,3,0,8,3,6,1,1,1,1,36,2,2,0.0,0.0,0.0,0.0,0.0,2.0,9,7,11
35021,6,2,5,9,11,3,5,5,0,0,0,26,2,3,1.0,0.0,0.0,1.0,0.0,1.0,16,1,3
61552,16,7,1,15,10,3,6,1,1,1,2,36,2,2,0.0,0.0,0.0,0.0,0.0,3.0,0,7,5
167690,15,2,1,10,8,3,0,1,1,1,0,19,2,2,0.0,0.0,0.0,0.0,0.0,2.0,22,4,11
162858,16,2,1,17,8,3,0,1,0,1,2,24,2,3,1.0,0.0,0.0,1.0,0.0,6.0,0,1,11
14190,4,2,3,17,8,3,0,1,1,1,1,17,2,2,0.0,0.0,0.0,0.0,0.0,3.0,13,2,1
70513,16,2,1,17,6,3,0,1,0,1,2,6,2,2,0.0,0.0,0.0,0.0,0.0,5.0,2,2,5
73895,15,2,3,10,8,3,0,1,1,0,0,19,2,2,0.0,0.0,0.0,0.0,0.0,3.0,7,2,6
153718,16,2,3,10,2,3,0,5,1,1,2,36,2,2,0.0,0.0,0.0,0.0,0.0,3.0,18,6,10
16149,16,2,1,17,12,3,0,1,1,1,2,36,2,2,0.0,0.0,0.0,0.0,0.0,2.0,21,2,2
153121,15,2,3,0,8,3,0,1,0,1,2,5,2,1,1.0,0.0,1.0,0.0,0.0,1.0,21,4,10
5831,16,2,1,17,6,3,0,1,1,1,1,36,3,2,0.0,0.0,0.0,0.0,0.0,3.0,18,5,1
18936,15,2,3,0,15,3,0,1,1,1,2,18,2,2,0.0,0.0,0.0,0.0,0.0,2.0,10,1,2
47735,16,11,5,10,2,3,5,5,1,1,2,18,2,2,0.0,0.0,0.0,0.0,0.0,2.0,9,7,4
9558,15,2,3,10,2,3,6,1,0,1,1,39,2,4,1.0,0.0,0.0,0.0,1.0,1.0,13,4,1
144284,16,2,1,10,8,3,0,1,1,1,2,8,2,2,0.0,0.0,0.0,0.0,0.0,2.0,20,2,10
48638,4,7,3,0,2,3,6,1,0,1,2,18,2,4,1.0,0.0,0.0,0.0,1.0,4.0,11,1,4
41600,16,2,3,10,16,3,0,1,1,1,1,19,2,2,0.0,0.0,0.0,0.0,0.0,3.0,8,3,3
28993,16,2,3,10,2,3,0,1,1,1,2,19,2,2,0.0,0.0,0.0,0.0,0.0,2.0,16,4,3
46104,16,2,3,17,6,3,0,1,0,1,2,24,2,2,0.0,0.0,0.0,0.0,0.0,3.0,15,7,4
44847,15,2,1,17,2,3,0,1,0,1,2,18,2,4,2.0,0.0,0.0,0.0,2.0,2.0,21,5,4
173430,16,2,1,17,8,3,0,1,0,1,2,9,2,2,0.0,0.0,0.0,0.0,0.0,3.0,0,3,12
113240,16,2,3,17,8,3,0,1,0,1,2,36,2,0,1.0,1.0,0.0,0.0,0.0,1.0,16,3,8
94684,16,2,3,17,10,3,0,1,1,1,1,24,2,2,0.0,0.0,0.0,0.0,0.0,2.0,9,1,7
95878,16,2,1,0,6,4,0,1,0,1,2,26,2,1,2.0,0.0,1.0,1.0,0.0,3.0,23,7,7
18435,16,2,1,15,10,3,0,1,1,1,1,22,2,2,0.0,0.0,0.0,0.0,0.0,2.0,23,6,2
105946,16,2,3,7,6,3,0,1,1,1,1,12,2,2,0.0,0.0,0.0,0.0,0.0,2.0,14,5,8
28233,16,2,3,15,11,3,0,1,1,1,1,26,2,2,0.0,0.0,0.0,0.0,0.0,2.0,12,5,2
1685,16,2,4,15,8,3,0,5,0,1,2,36,2,2,0.0,0.0,0.0,0.0,0.0,2.0,14,2,1
150401,15,7,3,15,8,3,6,1,1,0,1,21,2,2,0.0,0.0,0.0,0.0,0.0,2.0,7,2,10
117723,4,2,3,0,2,3,0,5,1,1,2,17,2,2,0.0,0.0,0.0,0.0,0.0,2.0,15,7,8
156074,16,2,3,15,10,3,0,1,1,1,2,17,2,2,0.0,0.0,0.0,0.0,0.0,6.0,16,3,11
136594,16,2,3,17,2,3,0,1,1,1,1,23,2,2,0.0,0.0,0.0,0.0,0.0,2.0,14,7,9
63854,16,2,3,10,6,3,0,1,1,1,2,19,2,2,0.0,0.0,0.0,0.0,0.0,2.0,17,1,5
13306,15,7,0,0,8,3,6,1,0,1,2,18,2,4,2.0,0.0,0.0,0.0,2.0,0.0,17,7,1
54762,16,2,1,10,2,3,0,1,0,1,2,19,2,2,0.0,0.0,0.0,0.0,0.0,2.0,1,4,4
14652,4,2,1,0,10,3,0,1,1,1,2,18,2,2,0.0,0.0,0.0,0.0,0.0,3.0,6,4,1
132629,16,7,3,2,2,3,6,1,0,1,2,17,1,2,0.0,0.0,0.0,0.0,0.0,1.0,16,1,9
25409,16,2,1,0,6,3,0,1,0,1,2,6,3,2,0.0,0.0,0.0,0.0,0.0,4.0,1,1,2
93912,4,2,3,2,8,1,0,1,0,0,2,36,1,2,0.0,0.0,0.0,0.0,0.0,1.0,16,6,7
171830,16,7,3,10,6,3,6,1,1,1,0,36,2,2,0.0,0.0,0.0,0.0,0.0,2.0,11,7,11
124416,15,2,3,10,8,3,0,1,1,1,2,19,2,2,0.0,0.0,0.0,0.0,0.0,2.0,15,6,9
1550,16,2,3,17,2,3,5,5,1,1,2,22,2,2,0.0,0.0,0.0,0.0,0.0,3.0,11,5,1
13693,16,10,1,17,8,3,6,1,0,1,2,18,2,3,4.0,0.0,0.0,4.0,0.0,1.0,20,7,1
134062,17,11,5,7,8,3,5,5,1,1,2,22,2,2,0.0,0.0,0.0,0.0,0.0,1.0,13,3,9
166970,15,2,3,8,6,3,0,1,1,1,2,36,2,2,0.0,0.0,0.0,0.0,0.0,2.0,9,4,11
157528,16,7,1,17,8,5,6,1,0,1,2,36,2,2,0.0,0.0,0.0,0.0,0.0,6.0,3,1,11
98686,16,11,1,17,2,3,5,5,1,0,2,24,2,2,0.0,0.0,0.0,0.0,0.0,2.0,21,1,7
168243,16,7,1,17,2,3,6,1,0,1,2,18,2,2,0.0,0.0,0.0,0.0,0.0,7.0,21,6,11
100331,16,2,3,15,8,3,0,1,1,1,2,36,2,2,0.0,0.0,0.0,0.0,0.0,2.0,14,5,7
14210,16,2,3,10,8,3,0,1,1,1,2,19,2,2,0.0,0.0,0.0,0.0,0.0,2.0,12,2,1
53077,15,2,3,9,3,3,0,1,0,1,2,17,2,1,1.0,0.0,1.0,0.0,0.0,1.0,12,4,4
178090,15,11,5,9,8,3,5,5,0,1,2,36,2,1,1.0,0.0,1.0,0.0,0.0,1.0,14,1,12
101939,16,2,0,17,6,3,0,1,0,1,2,18,2,2,0.0,0.0,0.0,0.0,0.0,4.0,1,1,7
116023,16,2,3,17,6,3,0,1,1,0,1,19,2,2,0.0,0.0,0.0,0.0,0.0,3.0,7,4,8
101445,15,2,3,0,6,3,0,1,1,1,2,36,2,2,0.0,0.0,0.0,0.0,0.0,3.0,9,7,7
23629,16,2,3,15,2,3,0,5,1,1,2,23,2,2,0.0,0.0,0.0,0.0,0.0,2.0,9,3,2
81501,15,7,3,0,8,3,6,1,0,1,2,18,2,3,1.0,0.0,0.0,1.0,0.0,1.0,16,2,6
166216,15,2,3,0,6,3,0,1,0,1,2,36,2,4,1.0,0.0,0.0,0.0,1.0,1.0,15,6,11
134842,16,2,3,0,2,3,0,2,1,0,2,21,2,2,0.0,0.0,0.0,0.0,0.0,2.0,9,3,9
102008,16,2,3,10,6,3,0,5,1,1,2,19,2,2,0.0,0.0,0.0,0.0,0.0,3.0,14,3,7
49342,15,7,3,17,15,3,6,5,0,1,2,36,2,2,0.0,0.0,0.0,0.0,0.0,2.0,10,1,4
181403,16,2,1,15,2,3,0,1,1,1,2,23,2,2,0.0,0.0,0.0,0.0,0.0,3.0,20,2,12
187128,4,2,0,0,8,3,0,5,1,1,0,18,2,2,0.0,0.0,0.0,0.0,0.0,2.0,18,6,12
118767,15,2,2,5,6,3,6,1,0,1,0,18,2,4,1.0,0.0,0.0,0.0,1.0,1.0,6,4,8
16030,4,2,0,8,8,3,0,1,0,1,1,18,2,3,1.0,0.0,0.0,1.0,0.0,2.0,19,7,2
52245,15,2,3,0,15,4,0,5,1,1,2,18,2,2,0.0,0.0,0.0,0.0,0.0,2.0,15,5,4
155393,16,11,1,17,10,3,5,1,1,1,2,24,2,2,0.0,0.0,0.0,0.0,0.0,2.0,19,7,10
142585,16,2,4,2,6,3,0,1,0,1,2,37,1,2,0.0,0.0,0.0,0.0,0.0,1.0,18,1,10
45673,16,10,1,17,6,3,6,1,0,1,2,24,2,4,1.0,0.0,0.0,0.0,1.0,2.0,22,6,4
183599,16,7,3,17,8,3,6,1,0,1,0,35,2,2,0.0,0.0,0.0,0.0,0.0,2.0,11,2,12
3078,16,2,3,0,8,3,0,1,0,1,2,6,2,3,1.0,0.0,0.0,1.0,0.0,1.0,14,3,1
109871,16,2,3,17,8,3,0,1,1,1,2,24,2,2,0.0,0.0,0.0,0.0,0.0,2.0,9,7,8
123909,16,2,3,15,8,3,6,1,1,1,2,36,2,2,0.0,0.0,0.0,0.0,0.0,4.0,15,6,9
70373,16,2,1,0,6,3,0,1,0,1,2,6,2,3,1.0,0.0,0.0,1.0,0.0,2.0,22,6,5
160114,16,7,1,17,6,3,6,1,0,1,1,22,2,2,0.0,0.0,0.0,0.0,0.0,2.0,17,4,11
163379,16,2,1,10,8,3,0,1,1,1,2,19,2,2,0.0,0.0,0.0,0.0,0.0,2.0,5,2,11
37778,16,2,3,0,6,3,0,1,1,1,2,18,2,2,0.0,0.0,0.0,0.0,0.0,2.0,14,1,3
66527,16,2,3,17,6,3,0,1,0,1,2,18,2,2,0.0,0.0,0.0,0.0,0.0,3.0,12,3,5
14017,16,2,3,17,6,3,0,6,1,1,2,17,2,2,0.0,0.0,0.0,0.0,0.0,2.0,14,7,1
167554,16,10,3,10,8,3,4,5,1,1,2,26,2,2,0.0,0.0,0.0,0.0,0.0,4.0,9,5,11
56438,16,2,3,17,8,3,0,1,1,1,2,26,2,2,0.0,0.0,0.0,0.0,0.0,2.0,17,4,5
1991,16,2,3,10,2,3,0,1,1,1,2,19,2,2,0.0,0.0,0.0,0.0,0.0,3.0,15,6,1
46562,16,2,1,15,6,3,0,1,1,1,2,22,2,2,0.0,0.0,0.0,0.0,0.0,4.0,21,1,4
160594,4,3,3,10,2,3,0,1,1,1,2,17,2,2,0.0,0.0,0.0,0.0,0.0,2.0,11,3,11
21969,16,11,5,10,8,3,5,5,0,1,2,36,2,4,1.0,0.0,0.0,0.0,1.0,1.0,17,4,2
163919,16,2,0,0,6,3,0,5,0,1,2,36,2,3,4.0,0.0,0.0,4.0,0.0,1.0,17,2,11
97456,4,2,3,17,8,3,0,1,0,1,2,18,2,3,1.0,0.0,0.0,1.0,0.0,2.0,17,3,7
77179,16,2,1,0,8,3,0,1,1,1,0,36,2,2,0.0,0.0,0.0,0.0,0.0,3.0,19,2,6
58096,16,2,1,15,2,3,0,1,1,1,2,28,2,2,0.0,0.0,0.0,0.0,0.0,6.0,22,1,5
70520,16,2,3,17,8,3,0,1,1,1,2,23,2,2,0.0,0.0,0.0,0.0,0.0,2.0,16,2,5
25108,4,7,3,17,6,3,6,1,0,1,2,18,2,3,1.0,0.0,0.0,1.0,0.0,1.0,12,3,2
85277,16,7,1,2,8,3,6,1,0,1,2,39,1,2,0.0,0.0,0.0,0.0,0.0,2.0,21,3,6
69111,17,11,5,17,15,3,5,5,1,1,2,36,2,2,0.0,0.0,0.0,0.0,0.0,2.0,14,1,5
133929,15,2,3,9,6,3,0,1,0,1,0,24,2,3,1.0,0.0,0.0,1.0,0.0,1.0,12,6,9
17347,16,2,3,15,2,3,0,5,1,1,2,36,2,2,0.0,0.0,0.0,0.0,0.0,4.0,16,2,2
170723,4,11,5,17,8,3,5,5,1,1,1,36,2,2,0.0,0.0,0.0,0.0,0.0,2.0,16,4,11
86716,15,2,1,0,6,3,0,1,1,1,0,5,2,2,0.0,0.0,0.0,0.0,0.0,2.0,0,6,6
109881,4,2,1,17,8,3,0,1,0,1,2,24,2,1,1.0,0.0,1.0,0.0,0.0,2.0,0,7,8
29219,16,2,3,10,8,3,0,1,0,1,2,36,2,0,5.0,1.0,1.0,0.0,3.0,3.0,7,7,3
135792,16,2,3,10,8,3,0,1,0,1,1,19,2,4,1.0,0.0,0.0,0.0,1.0,1.0,9,4,9
52045,15,2,1,13,6,3,0,1,1,1,2,5,3,2,0.0,0.0,0.0,0.0,0.0,3.0,20,2,4
54555,16,2,3,10,8,3,0,1,0,1,2,28,3,4,2.0,0.0,0.0,0.0,2.0,4.0,15,6,4
61134,16,3,3,14,2,3,0,1,1,1,2,13,2,2,0.0,0.0,0.0,0.0,0.0,2.0,9,6,5
12915,16,2,1,10,3,3,0,1,1,1,1,19,2,2,0.0,0.0,0.0,0.0,0.0,2.0,23,4,1
170646,16,7,1,10,8,3,6,1,1,1,2,39,2,2,0.0,0.0,0.0,0.0,0.0,3.0,20,2,11
5051,16,2,1,17,8,3,0,1,0,1,2,6,2,2,0.0,0.0,0.0,0.0,0.0,3.0,20,6,1
25566,15,11,1,0,8,3,5,5,0,1,2,36,2,2,0.0,0.0,0.0,0.0,0.0,2.0,0,4,2
82181,16,2,3,17,6,3,0,1,1,1,2,19,2,2,0.0,0.0,0.0,0.0,0.0,2.0,16,5,6
171895,4,2,3,15,8,4,0,1,0,1,2,22,2,2,0.0,0.0,0.0,0.0,0.0,4.0,15,3,11
68120,16,2,1,10,8,3,0,1,0,0,2,17,2,2,0.0,0.0,0.0,0.0,0.0,5.0,2,5,5
178658,15,2,3,0,6,3,0,1,0,1,2,18,2,3,1.0,0.0,0.0,1.0,0.0,2.0,12,1,12
89603,16,2,1,0,6,3,0,1,1,1,2,36,2,2,0.0,0.0,0.0,0.0,0.0,2.0,2,1,7
126257,16,2,3,10,8,3,0,1,1,1,1,36,2,2,0.0,0.0,0.0,0.0,0.0,2.0,17,6,9
121599,16,2,3,17,6,3,0,5,0,1,2,24,2,2,0.0,0.0,0.0,0.0,0.0,2.0,6,2,9
10972,4,5,1,7,10,3,4,1,1,0,0,11,2,2,0.0,0.0,0.0,0.0,0.0,2.0,20,2,1
78036,15,2,3,0,6,3,0,1,0,1,2,18,2,2,0.0,0.0,0.0,0.0,0.0,2.0,14,2,6
135128,16,2,3,17,8,3,0,1,0,1,2,24,2,3,2.0,0.0,0.0,2.0,0.0,2.0,10,1,9
133630,16,2,1,10,2,3,0,5,0,1,2,17,2,2,0.0,0.0,0.0,0.0,0.0,5.0,22,1,9
141873,4,2,3,17,8,3,0,1,1,0,2,36,2,2,0.0,0.0,0.0,0.0,0.0,2.0,18,5,10
50992,16,2,1,17,8,3,0,1,0,1,2,18,2,2,0.0,0.0,0.0,0.0,0.0,2.0,20,3,4
74424,4,2,3,17,2,3,0,1,1,1,2,19,2,2,0.0,0.0,0.0,0.0,0.0,2.0,12,2,6
120811,15,2,3,15,8,3,0,1,1,1,2,22,2,2,0.0,0.0,0.0,0.0,0.0,2.0,19,4,9
89746,16,2,3,8,6,3,0,5,0,1,2,36,4,3,3.0,0.0,0.0,3.0,0.0,2.0,18,3,7
9621,16,2,1,17,8,3,0,1,0,1,2,18,2,3,4.0,0.0,0.0,4.0,0.0,0.0,19,7,1
132243,16,2,4,10,6,3,0,1,1,1,2,19,2,2,0.0,0.0,0.0,0.0,0.0,2.0,18,4,9
70974,16,2,3,17,10,3,0,1,0,1,2,24,2,2,0.0,0.0,0.0,0.0,0.0,4.0,15,2,5
72152,16,2,3,8,8,3,0,1,0,1,2,18,2,3,1.0,0.0,0.0,1.0,0.0,1.0,15,5,6
26661,15,2,3,0,10,3,0,5,1,1,2,36,2,2,0.0,0.0,0.0,0.0,0.0,3.0,0,1,2
44795,18,7,3,0,3,3,6,1,1,1,0,18,2,2,0.0,0.0,0.0,0.0,0.0,2.0,8,4,4
56953,17,11,5,15,6,3,5,5,1,1,2,36,2,2,0.0,0.0,0.0,0.0,0.0,2.0,12,5,5
117421,15,2,4,0,6,3,0,1,0,1,2,17,2,4,4.0,0.0,0.0,0.0,4.0,0.0,18,4,8
66126,15,2,3,17,2,3,6,1,0,1,1,18,2,2,0.0,0.0,0.0,0.0,0.0,2.0,18,2,5
8570,17,2,1,17,6,3,0,5,1,1,2,36,2,2,0.0,0.0,0.0,0.0,0.0,2.0,18,6,1
84809,4,2,3,10,2,3,0,1,0,1,1,19,2,4,1.0,0.0,0.0,0.0,1.0,1.0,7,3,6
170987,16,2,3,2,8,3,0,1,1,1,1,8,1,2,0.0,0.0,0.0,0.0,0.0,1.0,11,2,11
170131,16,2,3,10,8,3,0,1,1,1,1,36,2,2,0.0,0.0,0.0,0.0,0.0,2.0,11,1,11
70725,16,7,3,17,2,3,6,1,0,1,2,24,2,4,2.0,0.0,0.0,0.0,2.0,1.0,18,4,5
114008,4,2,3,17,8,3,0,1,1,1,1,18,2,2,0.0,0.0,0.0,0.0,0.0,2.0,10,2,8
26442,16,2,3,10,8,3,0,1,0,1,2,8,2,4,1.0,0.0,0.0,0.0,1.0,1.0,12,5,2
136014,15,7,1,0,10,3,6,1,0,1,2,18,2,3,1.0,0.0,0.0,1.0,0.0,1.0,18,6,9
121020,15,2,3,0,6,3,0,1,1,1,1,18,2,2,0.0,0.0,0.0,0.0,0.0,2.0,14,1,9
97612,16,2,3,17,8,3,0,5,1,1,2,12,2,2,0.0,0.0,0.0,0.0,0.0,2.0,9,6,7
113851,16,11,3,17,6,3,5,1,0,1,2,36,2,2,0.0,0.0,0.0,0.0,0.0,2.0,18,6,8
23603,16,2,3,10,3,3,0,1,1,1,1,36,2,2,0.0,0.0,0.0,0.0,0.0,2.0,6,3,2
92159,16,2,3,10,8,3,0,1,1,1,1,17,2,2,0.0,0.0,0.0,0.0,0.0,2.0,13,6,7
7534,16,2,3,0,8,3,0,1,0,1,2,18,2,2,0.0,0.0,0.0,0.0,0.0,2.0,8,4,1
148512,16,2,3,17,8,3,6,1,1,1,1,22,2,2,0.0,0.0,0.0,0.0,0.0,3.0,10,5,10
104637,16,2,0,10,10,3,0,1,1,1,0,19,2,2,0.0,0.0,0.0,0.0,0.0,2.0,22,5,8
135705,15,2,1,9,6,3,0,5,1,1,0,36,2,2,0.0,0.0,0.0,0.0,0.0,3.0,19,3,9
184683,15,2,3,7,8,3,0,1,0,1,2,36,3,2,0.0,0.0,0.0,0.0,0.0,1.0,10,1,12
84122,16,2,1,0,8,3,0,5,1,1,2,36,2,2,0.0,0.0,0.0,0.0,0.0,3.0,23,6,6
124536,16,2,3,10,2,3,0,1,1,1,2,19,2,2,0.0,0.0,0.0,0.0,0.0,2.0,7,1,9
166116,16,2,1,15,8,3,0,1,1,1,1,36,2,2,0.0,0.0,0.0,0.0,0.0,2.0,18,3,11
145844,4,2,3,17,8,3,0,1,1,1,1,36,2,2,0.0,0.0,0.0,0.0,0.0,2.0,13,2,10
82971,15,2,3,17,6,3,0,1,1,1,2,18,2,2,0.0,0.0,0.0,0.0,0.0,2.0,19,3,6
4210,4,2,1,17,8,3,0,1,0,1,1,18,2,2,0.0,0.0,0.0,0.0,0.0,2.0,18,2,1
175592,16,2,1,9,8,3,0,5,0,1,0,18,2,3,1.0,0.0,0.0,1.0,0.0,1.0,22,6,12
137339,17,2,3,11,8,3,0,1,1,1,2,21,2,2,0.0,0.0,0.0,0.0,0.0,2.0,9,5,9
5668,16,10,3,10,8,3,1,1,1,1,2,39,2,2,0.0,0.0,0.0,0.0,0.0,2.0,7,1,1