crash_date,               traffic_control_device,weather_condition,lighting_condition,first_crash_type,trafficway_type,alignment,roadway_surface_cond,road_defect,crash_type,intersection_related_i,damage,prim_contributory_cause,num_units,most_severe_injury,injuries_total,injuries_fatal,injuries_incapacitating,injuries_non_incapacitating,injuries_reported_not_evident,injuries_no_indication,crash_hour,crash_day_of_week,crash_month
49104,15,2,3,15,8,3,0,1,1,1,2,36,2,2,0.0,0.0,0.0,0.0,0.0,2.0,15,3,4
170244,15,10,3,10,2,4,4,1,1,1,2,21,2,2,0.0,0.0,0.0,0.0,0.0,2.0,7,3,11
144167,16,2,3,17,2,3,0,1,1,1,1,24,2,2,0.0,0.0,0.0,0.0,0.0,2.0,11,6,10
12342,16,4,3,10,6,3,6,1,1,1,0,17,2,2,0.0,0.0,0.0,0.0,0.0,2.0,8,5,1
59301,16,2,1,0,6,3,0,1,0,1,2,6,2,3,2.0,0.0,0.0,2.0,0.0,1.0,3,7,5
34745,16,7,4,9,8,3,5,5,0,1,0,36,2,4,1.0,0.0,0.0,0.0,1.0,1.0,6,5,3
131356,15,2,3,17,8,3,0,1,1,1,2,18,2,2,0.0,0.0,0.0,0.0,0.0,2.0,17,5,9
123455,16,2,1,2,11,3,0,1,0,1,2,36,1,2,0.0,0.0,0.0,0.0,0.0,1.0,18,6,9
90011,16,2,1,0,8,3,0,5,1,1,0,36,2,2,0.0,0.0,0.0,0.0,0.0,3.0,0,6,7
5616,17,10,0,15,17,3,4,5,0,1,2,23,2,4,1.0,0.0,0.0,0.0,1.0,1.0,21,7,1
158230,15,2,1,0,6,3,0,1,1,1,2,18,2,2,0.0,0.0,0.0,0.0,0.0,3.0,18,3,11
112427,16,11,5,17,18,3,5,5,1,1,2,36,2,2,0.0,0.0,0.0,0.0,0.0,2.0,9,6,8
161495,15,10,3,0,8,3,4,1,1,1,2,36,2,2,0.0,0.0,0.0,0.0,0.0,2.0,16,2,11
113003,4,2,2,7,6,3,0,1,1,1,2,36,3,2,0.0,0.0,0.0,0.0,0.0,1.0,0,7,8
134868,16,2,1,17,8,3,0,1,0,1,2,24,2,2,0.0,0.0,0.0,0.0,0.0,2.0,1,4,9
165329,16,2,1,8,8,3,0,1,1,1,0,18,2,2,0.0,0.0,0.0,0.0,0.0,2.0,17,6,11
101384,16,2,1,0,3,3,6,1,1,1,2,6,2,2,0.0,0.0,0.0,0.0,0.0,2.0,0,6,7
74664,15,2,3,0,2,3,0,1,1,1,2,21,2,2,0.0,0.0,0.0,0.0,0.0,3.0,12,7,6
9264,16,10,2,10,8,4,4,5,1,1,2,39,2,2,0.0,0.0,0.0,0.0,0.0,2.0,7,7,1
147779,15,2,3,0,8,3,0,1,0,1,2,18,2,3,1.0,0.0,0.0,1.0,0.0,1.0,11,2,10
115181,16,2,3,10,8,3,0,1,0,1,2,17,4,4,1.0,0.0,0.0,0.0,1.0,5.0,7,4,8
55643,16,7,3,0,6,3,6,1,0,1,2,6,2,2,0.0,0.0,0.0,0.0,0.0,2.0,16,3,4
6021,16,2,1,0,8,3,1,1,0,1,1,36,2,2,0.0,0.0,0.0,0.0,0.0,2.0,12,6,1
188564,16,2,3,0,10,3,0,1,0,1,2,12,2,3,1.0,0.0,0.0,1.0,0.0,7.0,10,7,12
75013,16,2,3,10,3,3,0,1,0,1,2,19,2,2,0.0,0.0,0.0,0.0,0.0,2.0,9,4,6
73329,16,2,0,17,6,3,0,1,1,1,2,17,2,2,0.0,0.0,0.0,0.0,0.0,3.0,22,2,6
56293,15,2,3,0,6,3,0,1,0,1,2,36,2,2,0.0,0.0,0.0,0.0,0.0,2.0,10,7,5
111530,16,7,4,17,8,3,6,1,0,1,2,18,2,2,0.0,0.0,0.0,0.0,0.0,2.0,19,4,8
61699,16,2,3,10,10,3,0,1,0,1,1,19,2,4,1.0,0.0,0.0,0.0,1.0,2.0,15,1,5
30365,16,2,3,10,6,4,0,1,0,1,2,17,5,3,3.0,0.0,0.0,3.0,0.0,2.0,10,7,3
111642,16,2,4,10,6,3,0,1,0,1,1,19,2,4,1.0,0.0,0.0,0.0,1.0,1.0,18,7,8
91589,15,2,3,0,2,3,0,5,1,1,1,36,2,2,0.0,0.0,0.0,0.0,0.0,2.0,12,2,7
87208,16,2,1,17,6,3,0,5,1,1,2,36,2,2,0.0,0.0,0.0,0.0,0.0,2.0,22,7,6
83567,16,2,3,8,8,3,0,1,0,1,0,6,2,3,1.0,0.0,0.0,1.0,0.0,1.0,10,5,6
5175,15,2,3,0,6,3,0,1,1,1,2,36,2,2,0.0,0.0,0.0,0.0,0.0,2.0,14,3,1
64956,16,2,3,17,6,3,0,1,1,1,2,36,2,2,0.0,0.0,0.0,0.0,0.0,2.0,6,5,5
31863,16,7,1,17,6,3,6,1,0,1,2,18,2,2,0.0,0.0,0.0,0.0,0.0,2.0,20,6,3
7528,17,2,3,17,6,3,5,5,1,1,2,36,2,2,0.0,0.0,0.0,0.0,0.0,2.0,8,4,1
19516,15,10,3,0,6,3,6,5,1,1,2,5,2,2,0.0,0.0,0.0,0.0,0.0,5.0,10,5,2
85374,16,2,3,17,8,3,0,1,1,1,2,4,2,2,0.0,0.0,0.0,0.0,0.0,2.0,12,4,6
141129,16,7,1,0,8,3,6,5,0,1,2,6,2,1,2.0,0.0,1.0,0.0,1.0,1.0,2,1,10
22181,16,2,3,10,2,3,0,1,0,1,2,17,2,2,0.0,0.0,0.0,0.0,0.0,3.0,12,6,2
98481,4,2,3,17,6,4,0,1,0,1,2,18,2,2,0.0,0.0,0.0,0.0,0.0,2.0,9,4,7
13420,16,10,0,0,8,3,4,1,0,1,1,36,2,3,2.0,0.0,0.0,2.0,0.0,4.0,17,2,1
29244,16,2,3,17,8,3,0,1,1,1,0,36,2,2,0.0,0.0,0.0,0.0,0.0,2.0,14,1,3
37201,4,2,3,17,8,3,0,1,0,0,2,24,2,2,0.0,0.0,0.0,0.0,0.0,3.0,17,3,3
49954,16,7,3,10,2,3,6,1,1,1,1,19,2,2,0.0,0.0,0.0,0.0,0.0,2.0,15,5,4
50233,16,2,3,17,8,3,0,1,0,1,2,36,3,4,2.0,0.0,0.0,0.0,2.0,2.0,16,5,4
12557,15,2,3,17,8,3,0,1,1,1,1,18,2,2,0.0,0.0,0.0,0.0,0.0,3.0,14,1,1
48666,16,10,2,10,2,3,1,1,1,1,2,19,2,2,0.0,0.0,0.0,0.0,0.0,2.0,5,2,4
57446,16,2,1,3,2,3,0,1,1,1,1,17,2,2,0.0,0.0,0.0,0.0,0.0,3.0,22,6,5
145636,16,7,3,17,6,3,6,1,1,1,2,36,2,2,0.0,0.0,0.0,0.0,0.0,4.0,14,7,10
3451,16,2,3,0,8,3,6,1,0,1,2,6,2,1,3.0,0.0,2.0,1.0,0.0,1.0,16,2,1
90484,4,2,3,17,8,3,0,1,1,1,0,22,2,2,0.0,0.0,0.0,0.0,0.0,2.0,19,6,7
57207,15,2,3,10,8,3,0,1,0,1,2,19,2,2,0.0,0.0,0.0,0.0,0.0,2.0,12,1,5
128386,15,2,0,8,8,3,0,1,0,1,0,22,2,3,1.0,0.0,0.0,1.0,0.0,1.0,19,6,9
49176,16,2,3,17,2,3,0,1,0,1,2,36,2,3,1.0,0.0,0.0,1.0,0.0,1.0,14,6,4
54475,16,2,3,10,6,3,0,5,0,1,2,36,2,4,2.0,0.0,0.0,0.0,2.0,4.0,17,7,4
106399,4,2,1,7,2,3,0,1,1,0,2,36,2,2,0.0,0.0,0.0,0.0,0.0,1.0,2,5,8
56771,16,2,3,15,6,3,0,1,1,1,2,23,2,2,0.0,0.0,0.0,0.0,0.0,3.0,10,1,5
70036,16,2,3,17,6,3,0,1,1,1,1,36,2,2,0.0,0.0,0.0,0.0,0.0,2.0,15,1,5
171547,15,2,0,17,15,3,0,1,0,1,2,36,2,3,2.0,0.0,0.0,2.0,0.0,1.0,4,6,11
139363,16,2,3,0,8,3,0,2,1,1,0,36,2,2,0.0,0.0,0.0,0.0,0.0,2.0,16,4,10
141022,16,2,3,17,8,3,0,1,1,1,1,19,2,2,0.0,0.0,0.0,0.0,0.0,2.0,12,4,10
42689,4,7,1,17,8,3,6,1,1,1,2,23,2,2,0.0,0.0,0.0,0.0,0.0,2.0,19,2,4
176222,4,2,3,9,8,3,0,1,0,1,0,36,2,3,1.0,0.0,0.0,1.0,0.0,1.0,13,4,12
94751,16,2,3,10,6,3,0,1,1,1,2,36,2,2,0.0,0.0,0.0,0.0,0.0,2.0,11,3,7
184027,16,2,4,17,15,3,0,5,1,1,2,24,2,2,0.0,0.0,0.0,0.0,0.0,2.0,16,5,12
72731,15,2,3,15,6,3,0,1,1,0,2,36,2,2,0.0,0.0,0.0,0.0,0.0,2.0,9,6,6
39079,15,2,3,17,8,3,0,1,0,1,2,18,3,2,0.0,0.0,0.0,0.0,0.0,3.0,16,4,3
164629,16,2,3,15,2,3,0,1,1,1,1,36,2,2,0.0,0.0,0.0,0.0,0.0,2.0,6,5,11
51881,15,2,3,15,6,3,0,1,1,1,2,36,2,2,0.0,0.0,0.0,0.0,0.0,2.0,12,5,4
69408,4,7,3,10,8,3,6,1,1,0,2,19,3,2,0.0,0.0,0.0,0.0,0.0,3.0,16,5,5
43444,16,7,1,17,15,3,6,5,0,1,2,6,2,2,0.0,0.0,0.0,0.0,0.0,5.0,1,1,4
140835,16,2,3,0,15,3,0,1,1,1,2,18,2,2,0.0,0.0,0.0,0.0,0.0,4.0,9,5,10
33756,16,2,3,17,10,3,0,1,1,1,2,23,2,2,0.0,0.0,0.0,0.0,0.0,2.0,15,3,3
33425,16,2,1,9,8,3,0,1,0,1,0,36,2,1,1.0,0.0,1.0,0.0,0.0,1.0,0,2,3
57725,16,7,3,10,6,4,6,1,0,1,2,39,2,2,0.0,0.0,0.0,0.0,0.0,3.0,12,3,5
113731,16,2,3,10,6,3,0,5,1,1,0,36,2,2,0.0,0.0,0.0,0.0,0.0,2.0,17,4,8
4002,16,2,3,0,8,3,0,1,1,1,2,6,2,2,0.0,0.0,0.0,0.0,0.0,2.0,9,4,1
153996,16,2,3,9,8,3,0,1,0,1,2,18,2,3,1.0,0.0,0.0,1.0,0.0,2.0,7,2,10
60246,16,2,1,0,6,3,0,4,1,1,1,6,2,2,0.0,0.0,0.0,0.0,0.0,2.0,23,7,5
144685,17,2,3,0,2,3,5,5,1,1,0,17,2,2,0.0,0.0,0.0,0.0,0.0,2.0,8,6,10
30021,15,2,3,11,10,3,0,5,1,1,2,36,2,2,0.0,0.0,0.0,0.0,0.0,2.0,7,2,3
88333,16,2,3,9,1,3,0,1,0,1,0,36,2,3,1.0,0.0,0.0,1.0,0.0,1.0,18,2,7
127821,15,2,3,10,8,3,0,1,0,1,2,30,2,2,0.0,0.0,0.0,0.0,0.0,2.0,12,5,9
4506,16,2,1,9,8,3,5,5,0,1,0,36,2,4,1.0,0.0,0.0,0.0,1.0,1.0,7,5,1
87428,9,2,3,17,11,3,0,2,1,0,1,3,2,2,0.0,0.0,0.0,0.0,0.0,2.0,10,1,6
174791,16,5,3,17,6,3,6,1,0,1,2,18,2,2,0.0,0.0,0.0,0.0,0.0,2.0,8,3,12
18300,16,2,3,17,8,3,0,1,1,1,1,24,2,2,0.0,0.0,0.0,0.0,0.0,2.0,10,4,2
18196,4,2,3,0,6,3,0,1,0,1,2,36,2,3,1.0,0.0,0.0,1.0,0.0,1.0,7,3,2
61537,15,2,3,0,3,3,0,1,1,1,2,18,2,2,0.0,0.0,0.0,0.0,0.0,2.0,10,7,5
103341,15,2,3,8,6,3,0,1,0,1,2,36,2,3,1.0,0.0,0.0,1.0,0.0,1.0,13,3,7
10979,16,5,1,10,6,4,6,1,1,1,1,12,2,2,0.0,0.0,0.0,0.0,0.0,3.0,21,2,1
87574,4,2,1,17,10,3,0,1,1,1,2,36,2,2,0.0,0.0,0.0,0.0,0.0,3.0,0,4,6
81755,15,2,3,10,8,3,0,1,1,1,1,19,2,2,0.0,0.0,0.0,0.0,0.0,3.0,12,6,6
24110,15,9,3,10,10,3,1,1,1,1,2,39,2,2,0.0,0.0,0.0,0.0,0.0,3.0,8,4,2
91135,16,7,1,0,8,3,6,1,0,1,2,6,2,3,1.0,0.0,0.0,1.0,0.0,3.0,22,3,7
81545,16,2,3,15,8,3,0,1,1,1,1,22,2,2,0.0,0.0,0.0,0.0,0.0,2.0,15,3,6
162865,4,2,1,7,8,3,0,1,1,1,2,13,2,2,0.0,0.0,0.0,0.0,0.0,1.0,1,2,11
188621,16,3,3,9,2,3,4,1,0,1,0,36,2,3,1.0,0.0,0.0,1.0,0.0,1.0,9,1,12
180412,15,2,3,10,8,3,0,1,1,1,2,26,2,2,0.0,0.0,0.0,0.0,0.0,2.0,13,4,12
125680,16,2,3,9,16,3,0,1,0,1,0,6,2,3,1.0,0.0,0.0,1.0,0.0,1.0,13,5,9
137994,15,2,0,0,6,3,0,1,1,1,2,18,2,2,0.0,0.0,0.0,0.0,0.0,2.0,21,7,10
77311,15,2,3,0,6,3,0,1,0,1,2,12,2,4,2.0,0.0,0.0,0.0,2.0,1.0,10,5,6
166096,15,7,1,9,10,3,6,1,0,1,2,18,2,4,1.0,0.0,0.0,0.0,1.0,1.0,17,3,11
85088,16,2,1,10,2,3,6,1,1,0,2,19,2,2,0.0,0.0,0.0,0.0,0.0,2.0,4,1,6
148802,15,2,0,0,16,3,0,1,0,1,2,18,2,2,0.0,0.0,0.0,0.0,0.0,4.0,18,1,10
161089,16,2,3,17,8,3,0,1,1,1,1,24,2,2,0.0,0.0,0.0,0.0,0.0,2.0,12,3,11
45257,16,2,3,10,8,3,0,1,0,0,2,17,3,4,1.0,0.0,0.0,0.0,1.0,2.0,18,6,4
56329,16,2,3,0,6,3,0,1,0,1,2,2,2,2,0.0,0.0,0.0,0.0,0.0,2.0,7,1,5
120416,16,2,1,17,8,3,0,1,1,1,2,36,2,2,0.0,0.0,0.0,0.0,0.0,3.0,1,7,8
9633,16,2,3,17,2,3,0,1,1,1,2,22,2,2,0.0,0.0,0.0,0.0,0.0,6.0,9,7,1
73397,16,2,3,10,8,3,0,1,1,1,1,36,2,2,0.0,0.0,0.0,0.0,0.0,2.0,17,2,6
33507,16,2,3,10,8,3,0,1,1,1,1,36,3,2,0.0,0.0,0.0,0.0,0.0,4.0,15,5,3
98029,4,2,3,17,8,3,0,5,1,1,2,24,2,2,0.0,0.0,0.0,0.0,0.0,2.0,14,5,7
177056,16,2,0,17,8,3,0,1,1,1,1,36,2,2,0.0,0.0,0.0,0.0,0.0,2.0,17,2,12
167953,4,2,3,17,8,3,0,1,0,1,2,18,2,2,0.0,0.0,0.0,0.0,0.0,2.0,15,3,11
72452,16,2,3,15,8,3,0,1,1,1,2,23,2,2,0.0,0.0,0.0,0.0,0.0,6.0,16,1,6
21477,16,2,3,10,6,3,0,5,1,1,2,19,2,2,0.0,0.0,0.0,0.0,0.0,2.0,11,2,2
166843,16,2,1,0,8,3,0,1,0,1,1,36,2,4,1.0,0.0,0.0,0.0,1.0,2.0,22,1,11
145178,16,2,3,10,8,3,0,1,1,1,2,36,2,2,0.0,0.0,0.0,0.0,0.0,2.0,14,6,10
162962,15,2,3,10,6,3,0,1,1,1,2,17,2,2,0.0,0.0,0.0,0.0,0.0,2.0,18,4,11
149875,16,2,1,17,2,3,0,1,1,1,1,36,2,2,0.0,0.0,0.0,0.0,0.0,2.0,20,2,10
169397,15,7,3,0,2,3,6,1,1,1,0,5,2,2,0.0,0.0,0.0,0.0,0.0,2.0,11,4,11
68107,15,2,3,17,8,3,0,1,0,1,2,24,2,3,1.0,0.0,0.0,1.0,0.0,1.0,18,4,5
88420,16,2,3,10,8,3,0,1,1,1,1,19,2,2,0.0,0.0,0.0,0.0,0.0,2.0,8,3,7
150747,16,2,1,0,6,3,0,1,0,1,2,18,2,3,1.0,0.0,0.0,1.0,0.0,1.0,2,1,10
173557,17,2,0,15,10,3,0,5,1,1,1,36,2,2,0.0,0.0,0.0,0.0,0.0,2.0,17,7,12
107204,4,2,3,7,8,3,0,1,1,1,1,23,2,2,0.0,0.0,0.0,0.0,0.0,4.0,15,2,8
176584,15,10,1,17,8,3,4,5,0,1,2,18,2,2,0.0,0.0,0.0,0.0,0.0,3.0,0,7,12
133755,4,2,3,10,2,3,0,1,1,1,2,17,2,2,0.0,0.0,0.0,0.0,0.0,4.0,7,3,9
47599,16,2,3,17,11,3,0,1,1,1,2,24,2,2,0.0,0.0,0.0,0.0,0.0,2.0,11,4,4
153768,15,2,0,0,8,3,0,1,0,1,2,5,2,4,1.0,0.0,0.0,0.0,1.0,2.0,2,7,10
140937,16,2,3,17,8,3,0,1,0,1,2,24,2,2,0.0,0.0,0.0,0.0,0.0,3.0,10,6,10
30595,16,10,3,17,8,3,6,1,1,1,1,36,2,2,0.0,0.0,0.0,0.0,0.0,2.0,9,3,3
182779,16,2,1,17,8,3,0,1,0,1,2,18,2,2,0.0,0.0,0.0,0.0,0.0,2.0,23,7,12
117318,16,2,1,17,8,3,0,1,0,1,2,18,2,1,1.0,0.0,1.0,0.0,0.0,1.0,23,1,8
100707,16,2,1,17,15,3,0,1,1,1,2,24,2,2,0.0,0.0,0.0,0.0,0.0,6.0,20,5,7
76041,16,2,3,17,11,3,0,5,1,1,2,6,2,2,0.0,0.0,0.0,0.0,0.0,2.0,15,6,6
27144,16,2,3,17,8,3,5,5,1,1,2,24,2,2,0.0,0.0,0.0,0.0,0.0,3.0,17,2,2
13667,15,10,3,17,6,4,6,1,0,1,2,18,3,3,2.0,0.0,0.0,1.0,1.0,6.0,15,7,1
102730,16,2,3,17,10,3,0,1,0,1,2,24,2,2,0.0,0.0,0.0,0.0,0.0,3.0,9,6,7
57563,15,2,1,0,8,3,0,1,0,1,1,5,2,2,0.0,0.0,0.0,0.0,0.0,3.0,22,6,5
65665,16,7,3,10,8,3,6,1,1,1,2,36,2,2,0.0,0.0,0.0,0.0,0.0,2.0,9,1,5
136138,16,7,3,10,8,3,6,1,1,1,2,36,2,2,0.0,0.0,0.0,0.0,0.0,2.0,12,7,9
36545,4,7,1,0,8,3,6,1,0,0,2,18,2,2,0.0,0.0,0.0,0.0,0.0,2.0,19,6,3
181762,16,7,1,17,6,3,6,1,1,1,1,24,2,2,0.0,0.0,0.0,0.0,0.0,2.0,22,1,12
41482,15,7,0,17,10,3,6,1,1,1,2,11,2,2,0.0,0.0,0.0,0.0,0.0,2.0,2,7,3
62174,16,7,1,0,1,3,6,1,0,1,2,36,2,3,2.0,0.0,0.0,2.0,0.0,1.0,0,1,5
23998,16,7,3,10,8,3,6,5,0,1,2,19,2,3,1.0,0.0,0.0,1.0,0.0,1.0,14,3,2
113614,16,2,3,17,8,3,0,1,1,1,1,24,2,2,0.0,0.0,0.0,0.0,0.0,2.0,15,1,8
71973,16,2,3,10,3,3,0,1,1,1,2,36,3,2,0.0,0.0,0.0,0.0,0.0,6.0,13,2,6
159571,4,2,3,17,8,2,0,1,1,1,2,36,2,2,0.0,0.0,0.0,0.0,0.0,2.0,13,3,11
95571,16,7,3,8,3,3,6,5,0,1,2,2,2,1,1.0,0.0,1.0,0.0,0.0,1.0,14,2,7
11039,15,10,3,0,8,3,6,1,1,1,0,36,2,2,0.0,0.0,0.0,0.0,0.0,2.0,15,3,1
161971,15,2,1,2,8,3,0,1,0,1,2,30,1,2,0.0,0.0,0.0,0.0,0.0,1.0,23,2,11
92456,16,2,1,0,8,3,0,5,0,1,2,18,2,4,1.0,0.0,0.0,0.0,1.0,1.0,1,3,7
82738,16,7,3,10,2,3,6,1,0,1,2,17,3,2,0.0,0.0,0.0,0.0,0.0,5.0,10,5,6
63997,16,2,3,17,8,3,0,1,1,1,2,24,2,2,0.0,0.0,0.0,0.0,0.0,2.0,10,3,5
178124,15,3,3,17,15,3,0,1,0,1,2,36,2,4,1.0,0.0,0.0,0.0,1.0,3.0,11,1,12
80496,4,2,4,17,10,3,0,1,1,1,2,24,2,2,0.0,0.0,0.0,0.0,0.0,2.0,19,1,6
29671,16,2,1,0,8,3,0,1,0,1,2,6,2,1,4.0,0.0,3.0,1.0,0.0,1.0,0,1,3
147609,4,2,3,8,8,3,0,1,0,1,1,18,2,3,1.0,0.0,0.0,1.0,0.0,1.0,16,6,10
88991,16,2,3,15,8,3,5,5,1,1,1,36,2,2,0.0,0.0,0.0,0.0,0.0,2.0,10,4,7
144326,16,2,3,10,6,3,0,1,1,1,2,19,2,2,0.0,0.0,0.0,0.0,0.0,3.0,16,3,10
144720,16,2,3,17,10,3,0,1,1,1,2,6,2,2,0.0,0.0,0.0,0.0,0.0,2.0,14,7,10
42642,15,3,3,0,6,3,0,1,0,1,2,36,3,3,4.0,0.0,0.0,1.0,3.0,0.0,11,7,4
117515,16,2,1,0,3,3,0,1,1,1,2,6,2,2,0.0,0.0,0.0,0.0,0.0,3.0,23,5,8
7315,16,2,1,0,6,3,6,1,0,1,2,6,2,3,2.0,0.0,0.0,2.0,0.0,2.0,23,6,1
14437,16,11,5,17,6,3,5,5,1,1,2,3,2,2,0.0,0.0,0.0,0.0,0.0,2.0,2,1,1
151320,4,2,1,2,3,3,0,1,0,1,2,36,1,2,0.0,0.0,0.0,0.0,0.0,1.0,2,2,10
41474,16,2,3,17,11,3,0,1,0,1,2,6,2,2,0.0,0.0,0.0,0.0,0.0,3.0,12,6,3
177022,16,2,1,0,3,3,0,1,0,1,2,36,2,4,4.0,0.0,0.0,0.0,4.0,0.0,22,7,12
79654,16,2,3,17,2,3,0,1,0,1,2,18,2,2,0.0,0.0,0.0,0.0,0.0,3.0,9,3,6
112252,15,2,5,0,6,3,5,5,1,1,0,36,2,2,0.0,0.0,0.0,0.0,0.0,2.0,13,3,8
173166,15,2,3,0,6,3,0,1,0,1,2,36,2,3,2.0,0.0,0.0,2.0,0.0,1.0,15,2,12
116659,16,2,3,0,6,3,0,1,0,1,2,36,2,1,4.0,0.0,4.0,0.0,0.0,0.0,11,7,8
94981,17,11,0,7,6,3,0,1,1,1,2,12,2,2,0.0,0.0,0.0,0.0,0.0,3.0,21,1,7
95094,16,2,1,17,2,3,0,1,1,1,2,18,2,2,0.0,0.0,0.0,0.0,0.0,2.0,0,1,7
153641,16,2,1,0,6,3,0,5,0,1,2,6,2,2,0.0,0.0,0.0,0.0,0.0,3.0,5,5,10
91792,17,2,3,0,17,3,0,5,1,1,2,36,2,2,0.0,0.0,0.0,0.0,0.0,2.0,15,7,7
129859,15,2,3,15,10,4,0,1,0,1,2,17,2,3,1.0,0.0,0.0,1.0,0.0,1.0,11,6,9
127295,4,2,3,15,8,3,0,1,1,1,2,18,2,2,0.0,0.0,0.0,0.0,0.0,2.0,7,5,9
108196,16,2,3,10,10,3,0,1,1,1,0,12,2,2,0.0,0.0,0.0,0.0,0.0,2.0,11,5,8
86115,16,2,3,17,6,3,0,1,0,1,2,18,2,2,0.0,0.0,0.0,0.0,0.0,2.0,16,3,6
71493,15,2,3,0,8,3,0,5,1,1,2,18,2,2,0.0,0.0,0.0,0.0,0.0,2.0,17,2,5
142167,16,2,3,17,8,3,0,1,1,1,2,19,2,2,0.0,0.0,0.0,0.0,0.0,2.0,11,3,10
160270,4,2,1,17,10,3,0,4,1,1,0,36,2,2,0.0,0.0,0.0,0.0,0.0,2.0,18,4,11
135066,16,2,1,0,6,3,0,1,0,1,2,6,2,3,1.0,0.0,0.0,1.0,0.0,1.0,23,7,9
127334,16,2,3,8,1,3,0,1,1,1,1,6,2,2,0.0,0.0,0.0,0.0,0.0,2.0,12,5,9
107298,16,2,3,17,10,3,0,1,1,1,1,23,2,2,0.0,0.0,0.0,0.0,0.0,2.0,10,3,8
11074,16,2,3,17,3,3,6,1,0,1,2,18,2,2,0.0,0.0,0.0,0.0,0.0,4.0,8,3,1
173764,15,2,1,0,2,3,0,1,0,1,2,5,2,2,0.0,0.0,0.0,0.0,0.0,3.0,1,2,12
137759,16,2,3,10,8,3,0,1,0,1,2,19,2,4,2.0,0.0,0.0,0.0,2.0,3.0,16,3,10
126054,15,2,3,10,8,3,0,1,1,1,0,36,2,2,0.0,0.0,0.0,0.0,0.0,2.0,16,2,9
113929,16,2,3,15,8,3,0,5,1,1,2,38,2,2,0.0,0.0,0.0,0.0,0.0,4.0,18,7,8
171973,15,2,3,0,11,3,0,1,0,0,2,18,2,2,0.0,0.0,0.0,0.0,0.0,2.0,6,4,11
51245,16,2,3,10,10,3,0,1,0,1,2,36,2,3,1.0,0.0,0.0,1.0,0.0,4.0,6,6,4
116882,4,3,3,10,8,3,0,5,0,1,2,36,2,2,0.0,0.0,0.0,0.0,0.0,2.0,16,3,8
141046,15,2,3,0,2,3,0,1,1,1,0,18,2,2,0.0,0.0,0.0,0.0,0.0,2.0,10,6,10
24265,16,11,5,15,8,3,5,5,1,1,2,36,2,2,0.0,0.0,0.0,0.0,0.0,2.0,13,1,2
64532,4,2,3,0,8,3,0,1,0,1,2,17,2,3,1.0,0.0,0.0,1.0,0.0,1.0,9,6,5
47102,16,2,3,15,2,3,0,1,1,1,0,8,2,2,0.0,0.0,0.0,0.0,0.0,3.0,7,3,4
128201,15,2,3,17,6,3,0,5,1,1,0,36,2,2,0.0,0.0,0.0,0.0,0.0,2.0,18,5,9
73667,4,2,3,7,10,3,0,5,1,0,0,26,2,2,0.0,0.0,0.0,0.0,0.0,2.0,15,7,6
61689,16,2,1,17,6,3,0,1,1,1,2,6,2,2,0.0,0.0,0.0,0.0,0.0,3.0,3,1,5
112449,16,2,3,15,8,3,0,1,1,1,2,22,2,2,0.0,0.0,0.0,0.0,0.0,2.0,8,2,8
57243,4,3,3,10,8,3,6,1,1,1,2,19,2,2,0.0,0.0,0.0,0.0,0.0,2.0,10,2,5
4721,4,2,3,0,6,3,0,1,0,1,2,18,2,3,2.0,0.0,0.0,2.0,0.0,0.0,12,2,1
147050,4,2,3,10,2,3,0,1,1,1,2,19,2,2,0.0,0.0,0.0,0.0,0.0,3.0,11,4,10
175567,16,2,1,15,3,3,0,1,1,1,1,36,2,2,0.0,0.0,0.0,0.0,0.0,2.0,18,6,12
86481,4,7,3,10,2,3,6,1,1,1,1,39,2,2,0.0,0.0,0.0,0.0,0.0,2.0,15,2,6
184618,16,2,3,10,8,3,6,1,1,1,1,19,2,2,0.0,0.0,0.0,0.0,0.0,2.0,8,6,12
12152,16,10,4,17,3,3,6,1,0,1,1,36,4,2,0.0,0.0,0.0,0.0,0.0,6.0,16,2,1
11979,15,2,3,0,8,3,0,1,0,1,2,5,2,2,0.0,0.0,0.0,0.0,0.0,4.0,8,5,1
94334,16,2,3,15,6,3,0,1,1,1,2,6,2,2,0.0,0.0,0.0,0.0,0.0,3.0,15,4,7
44996,16,2,1,10,8,3,0,1,1,1,2,19,2,2,0.0,0.0,0.0,0.0,0.0,3.0,18,7,4
158109,4,7,1,17,8,3,6,1,1,0,2,24,2,2,0.0,0.0,0.0,0.0,0.0,2.0,0,1,11
88267,6,2,3,7,8,3,0,1,1,0,0,26,2,2,0.0,0.0,0.0,0.0,0.0,2.0,11,2,7
20550,16,2,3,10,8,3,0,5,1,1,2,13,2,2,0.0,0.0,0.0,0.0,0.0,2.0,13,7,2
89497,4,2,3,17,2,3,0,1,1,1,2,18,2,2,0.0,0.0,0.0,0.0,0.0,2.0,18,5,7
162551,16,3,3,9,11,3,0,1,0,1,0,18,2,1,1.0,0.0,1.0,0.0,0.0,2.0,6,3,11
49031,16,7,1,17,3,3,6,1,1,1,2,18,2,2,0.0,0.0,0.0,0.0,0.0,2.0,2,1,4
183678,16,2,3,17,8,3,0,1,1,1,2,24,2,2,0.0,0.0,0.0,0.0,0.0,2.0,12,5,12
71317,4,2,3,10,2,3,0,1,0,1,2,17,2,3,2.0,0.0,0.0,1.0,1.0,2.0,12,5,5
18635,15,2,3,17,6,3,4,1,1,1,0,36,2,2,0.0,0.0,0.0,0.0,0.0,2.0,12,3,2