crash_date,               traffic_control_device,weather_condition,lighting_condition,first_crash_type,trafficway_type,alignment,roadway_surface_cond,road_defect,crash_type,intersection_related_i,damage,prim_contributory_cause,num_units,most_severe_injury,injuries_total,injuries_fatal,injuries_incapacitating,injuries_non_incapacitating,injuries_reported_not_evident,injuries_no_indication,crash_hour,crash_day_of_week,crash_month
161871,15,7,3,0,8,3,6,1,0,1,2,39,2,2,0.0,0.0,0.0,0.0,0.0,3.0,14,1,11
183812,16,2,1,17,2,3,0,1,0,1,2,24,2,3,1.0,0.0,0.0,1.0,0.0,2.0,21,7,12
33027,16,2,3,0,11,3,0,1,0,1,1,18,2,4,1.0,0.0,0.0,0.0,1.0,2.0,7,2,3
154407,15,2,3,0,8,3,0,1,1,1,2,36,2,2,0.0,0.0,0.0,0.0,0.0,2.0,9,3,10
138281,15,2,3,0,8,3,0,1,1,1,2,36,2,2,0.0,0.0,0.0,0.0,0.0,2.0,9,3,10
29654,16,2,4,0,8,3,0,1,1,1,1,18,2,2,0.0,0.0,0.0,0.0,0.0,4.0,17,1,3
139627,15,7,3,0,6,3,0,1,1,1,2,18,2,2,0.0,0.0,0.0,0.0,0.0,2.0,9,2,10
101016,15,2,3,0,2,3,0,1,0,1,2,18,2,3,1.0,0.0,0.0,1.0,0.0,2.0,17,2,7
29470,16,2,3,17,6,3,0,5,1,1,2,26,2,2,0.0,0.0,0.0,0.0,0.0,2.0,14,6,3
110838,16,2,3,8,6,3,0,1,0,1,2,24,2,3,1.0,0.0,0.0,1.0,0.0,1.0,18,3,8
43097,16,3,1,0,6,3,6,1,1,1,2,6,2,2,0.0,0.0,0.0,0.0,0.0,2.0,4,3,4
150996,16,7,1,17,8,3,6,5,1,1,1,16,2,2,0.0,0.0,0.0,0.0,0.0,2.0,18,3,10
60642,4,2,3,15,3,3,0,1,1,1,0,36,2,2,0.0,0.0,0.0,0.0,0.0,2.0,12,5,5
146065,16,2,3,17,2,3,0,1,0,1,2,18,3,3,1.0,0.0,0.0,1.0,0.0,3.0,16,6,10
45641,4,7,1,10,8,3,6,5,1,1,1,39,2,2,0.0,0.0,0.0,0.0,0.0,2.0,20,6,4
24976,4,2,3,10,8,3,0,1,1,0,0,36,2,2,0.0,0.0,0.0,0.0,0.0,2.0,16,7,2
187910,4,11,1,2,8,3,1,5,0,1,2,13,1,2,0.0,0.0,0.0,0.0,0.0,1.0,22,5,12
75918,16,2,3,15,8,3,0,1,1,1,2,23,2,2,0.0,0.0,0.0,0.0,0.0,2.0,6,5,6
162528,16,2,3,15,2,3,0,1,1,1,2,19,2,2,0.0,0.0,0.0,0.0,0.0,2.0,13,3,11
121942,15,2,3,10,15,3,0,1,1,1,2,19,2,2,0.0,0.0,0.0,0.0,0.0,2.0,19,6,9
174792,6,2,0,17,8,3,0,5,0,0,2,36,2,2,0.0,0.0,0.0,0.0,0.0,2.0,20,3,12
118430,16,2,3,17,6,3,0,1,0,1,2,23,3,2,0.0,0.0,0.0,0.0,0.0,4.0,17,4,8
119630,15,2,0,0,2,3,0,1,0,1,2,36,2,3,3.0,0.0,0.0,3.0,0.0,0.0,21,1,8
139585,16,7,1,0,6,3,6,1,0,1,2,6,2,3,2.0,0.0,0.0,2.0,0.0,1.0,0,1,10
39701,16,2,1,17,6,3,0,1,1,1,2,36,2,2,0.0,0.0,0.0,0.0,0.0,2.0,19,2,3
85979,16,2,3,10,3,3,0,1,0,1,2,19,2,4,1.0,0.0,0.0,0.0,1.0,1.0,15,1,6
42630,4,2,4,17,11,3,0,1,0,1,2,24,3,3,1.0,0.0,0.0,1.0,0.0,1.0,20,7,4
6693,15,2,3,0,1,3,0,1,0,1,2,18,2,4,1.0,0.0,0.0,0.0,1.0,1.0,7,3,1
52510,16,2,3,11,8,3,0,1,1,1,2,21,2,2,0.0,0.0,0.0,0.0,0.0,2.0,10,3,4
13665,16,10,3,17,15,3,4,1,1,1,2,22,2,2,0.0,0.0,0.0,0.0,0.0,2.0,15,7,1
11574,16,3,3,17,8,3,4,1,1,1,1,6,2,2,0.0,0.0,0.0,0.0,0.0,2.0,10,5,1
73671,15,2,1,2,14,3,0,1,0,1,2,17,1,2,0.0,0.0,0.0,0.0,0.0,1.0,3,7,6
29905,16,2,3,15,6,3,0,5,1,1,1,9,2,2,0.0,0.0,0.0,0.0,0.0,2.0,9,6,3
93,16,2,1,0,10,3,0,1,0,1,2,36,2,2,0.0,0.0,0.0,0.0,0.0,2.0,23,2,1
92554,16,2,3,17,2,3,0,1,0,1,2,18,2,2,0.0,0.0,0.0,0.0,0.0,3.0,18,4,7
165282,16,3,1,10,8,3,6,1,1,1,2,36,2,2,0.0,0.0,0.0,0.0,0.0,2.0,22,1,11
99744,16,2,3,3,8,3,0,1,1,1,0,24,2,2,0.0,0.0,0.0,0.0,0.0,2.0,6,2,7
65664,16,2,1,17,2,3,5,1,0,1,2,36,2,1,1.0,0.0,1.0,0.0,0.0,6.0,21,1,5
53769,16,2,3,10,2,3,0,1,1,1,2,36,2,2,0.0,0.0,0.0,0.0,0.0,2.0,13,3,4
51230,15,2,3,0,8,3,0,5,1,1,1,18,2,2,0.0,0.0,0.0,0.0,0.0,2.0,15,6,4
114896,16,2,3,17,8,3,0,1,1,1,2,24,2,2,0.0,0.0,0.0,0.0,0.0,5.0,12,7,8
70289,16,3,3,17,8,3,6,1,0,1,2,20,2,2,0.0,0.0,0.0,0.0,0.0,2.0,6,4,5
25546,15,6,3,10,8,3,1,5,0,1,2,33,4,2,0.0,0.0,0.0,0.0,0.0,6.0,7,4,2
32319,15,2,3,13,6,3,0,1,0,1,2,12,2,2,0.0,0.0,0.0,0.0,0.0,4.0,7,5,3
48313,4,2,3,7,2,3,0,1,1,1,2,23,2,2,0.0,0.0,0.0,0.0,0.0,1.0,13,5,4
87124,15,2,3,0,6,3,0,1,0,1,2,18,2,4,1.0,0.0,0.0,0.0,1.0,1.0,17,5,6
6227,16,2,1,17,3,3,0,1,0,1,2,24,3,3,1.0,0.0,0.0,1.0,0.0,4.0,0,4,1
156111,15,2,1,8,10,3,0,1,0,1,2,18,2,1,1.0,0.0,1.0,0.0,0.0,3.0,22,3,11
86789,16,2,3,0,8,3,0,1,1,1,1,6,2,2,0.0,0.0,0.0,0.0,0.0,2.0,17,6,6
137462,16,2,3,9,6,3,0,5,1,1,0,36,2,2,0.0,0.0,0.0,0.0,0.0,2.0,15,7,9
182407,15,11,5,9,10,3,5,5,0,1,0,36,2,4,1.0,0.0,0.0,0.0,1.0,1.0,20,4,12
135844,16,2,3,10,8,3,5,5,1,1,2,19,2,2,0.0,0.0,0.0,0.0,0.0,2.0,10,6,9
25430,4,2,1,2,8,3,0,1,0,0,2,9,2,2,0.0,0.0,0.0,0.0,0.0,2.0,18,1,2
134026,16,2,3,0,6,3,0,5,1,1,2,36,2,2,0.0,0.0,0.0,0.0,0.0,2.0,18,1,9
53968,16,2,3,10,3,3,0,1,0,1,2,17,2,3,2.0,0.0,0.0,2.0,0.0,1.0,5,4,4
100291,16,2,3,10,8,3,0,1,1,1,1,36,2,2,0.0,0.0,0.0,0.0,0.0,3.0,17,4,7
184250,16,2,1,10,13,3,0,1,1,1,0,19,2,2,0.0,0.0,0.0,0.0,0.0,3.0,21,6,12
164805,16,7,1,10,8,3,6,1,0,1,2,17,3,2,0.0,0.0,0.0,0.0,0.0,3.0,19,6,11
18582,15,2,3,0,8,3,0,1,1,1,1,18,2,2,0.0,0.0,0.0,0.0,0.0,3.0,14,3,2
21808,4,2,3,14,8,3,0,1,0,1,2,36,2,2,0.0,0.0,0.0,0.0,0.0,2.0,7,7,2
29901,15,2,3,0,8,3,0,1,1,1,0,18,2,2,0.0,0.0,0.0,0.0,0.0,3.0,8,6,3
59559,15,2,3,17,2,3,0,1,1,1,1,18,2,2,0.0,0.0,0.0,0.0,0.0,3.0,17,3,5
47764,16,2,3,17,8,3,0,1,0,1,2,17,2,4,3.0,0.0,0.0,0.0,3.0,1.0,16,2,4
59482,18,2,3,0,15,3,0,1,0,1,2,7,3,3,2.0,0.0,0.0,1.0,1.0,1.0,11,3,5
141411,16,2,3,17,6,3,0,1,0,1,2,18,2,2,0.0,0.0,0.0,0.0,0.0,2.0,13,6,10
41852,15,2,3,10,3,3,0,1,1,1,0,36,2,2,0.0,0.0,0.0,0.0,0.0,2.0,10,6,3
167885,16,2,3,15,8,3,0,1,1,1,2,22,2,2,0.0,0.0,0.0,0.0,0.0,5.0,15,2,11
161638,15,7,3,17,8,3,6,1,1,1,2,24,2,2,0.0,0.0,0.0,0.0,0.0,2.0,8,5,11
49143,15,2,3,17,6,4,0,1,0,1,2,18,3,2,0.0,0.0,0.0,0.0,0.0,6.0,14,5,4
64166,16,2,3,17,8,3,0,1,0,1,1,18,2,1,1.0,0.0,1.0,0.0,0.0,1.0,8,5,5
88700,16,7,2,17,8,3,6,1,1,1,2,24,2,2,0.0,0.0,0.0,0.0,0.0,2.0,6,1,7
182371,16,11,3,17,6,3,5,5,1,1,2,22,2,2,0.0,0.0,0.0,0.0,0.0,2.0,15,4,12
71773,16,2,3,0,8,3,0,1,1,1,2,18,2,2,0.0,0.0,0.0,0.0,0.0,2.0,16,5,6
132615,16,7,3,17,8,3,6,1,0,1,2,6,2,2,0.0,0.0,0.0,0.0,0.0,2.0,14,1,9
140755,16,2,1,10,2,3,0,1,1,1,2,36,2,2,0.0,0.0,0.0,0.0,0.0,3.0,20,4,10
122421,16,2,3,17,6,3,0,1,1,1,1,18,2,2,0.0,0.0,0.0,0.0,0.0,2.0,12,4,9
124047,16,2,3,17,2,3,0,1,0,1,2,24,2,1,2.0,0.0,2.0,0.0,0.0,1.0,17,2,9
72100,16,2,3,10,8,3,0,1,0,1,1,19,3,4,2.0,0.0,0.0,0.0,2.0,1.0,15,4,6
105972,16,2,3,0,7,3,0,1,1,1,2,23,2,2,0.0,0.0,0.0,0.0,0.0,3.0,6,5,8
130393,16,2,1,0,6,3,0,5,0,1,2,6,2,2,0.0,0.0,0.0,0.0,0.0,3.0,19,7,9
140386,16,2,1,10,6,4,0,5,1,1,2,36,2,2,0.0,0.0,0.0,0.0,0.0,3.0,19,7,10
38149,4,2,3,0,8,3,0,1,0,1,2,36,2,4,2.0,0.0,0.0,0.0,2.0,1.0,8,6,3
89370,4,2,1,7,10,3,6,1,1,1,2,38,2,2,0.0,0.0,0.0,0.0,0.0,5.0,2,3,7
149561,16,2,3,17,6,3,0,1,0,1,2,18,2,3,2.0,0.0,0.0,2.0,0.0,1.0,10,6,10
2412,4,2,3,2,8,3,0,3,1,1,1,26,1,2,0.0,0.0,0.0,0.0,0.0,1.0,7,6,1
37804,16,2,4,17,2,3,5,5,0,1,2,6,2,2,0.0,0.0,0.0,0.0,0.0,3.0,18,1,3
134155,16,2,3,17,2,3,6,5,1,1,2,18,2,2,0.0,0.0,0.0,0.0,0.0,2.0,16,1,9
53221,16,2,1,10,8,3,0,1,0,1,2,19,2,2,0.0,0.0,0.0,0.0,0.0,2.0,20,1,4
85434,16,3,3,10,8,3,6,1,1,1,2,36,2,2,0.0,0.0,0.0,0.0,0.0,2.0,9,6,6
61332,15,2,3,10,8,3,0,1,1,1,2,19,2,2,0.0,0.0,0.0,0.0,0.0,2.0,13,4,5
74168,16,2,3,17,8,3,0,1,1,1,2,36,2,2,0.0,0.0,0.0,0.0,0.0,2.0,19,7,6
70402,16,2,3,10,8,3,0,1,1,1,2,36,3,2,0.0,0.0,0.0,0.0,0.0,3.0,14,7,5
90936,16,2,1,15,8,3,0,1,1,1,2,23,2,2,0.0,0.0,0.0,0.0,0.0,2.0,23,6,7
177217,16,2,3,10,8,3,0,1,1,1,1,36,2,2,0.0,0.0,0.0,0.0,0.0,2.0,13,2,12
103447,15,2,3,17,2,3,0,5,1,1,1,36,2,2,0.0,0.0,0.0,0.0,0.0,2.0,18,2,7
60814,15,2,2,0,8,3,0,1,1,1,2,18,2,2,0.0,0.0,0.0,0.0,0.0,2.0,19,2,5
89815,16,2,1,0,6,3,0,1,0,1,2,6,2,3,2.0,0.0,0.0,2.0,0.0,1.0,23,5,7
171419,16,2,1,10,8,4,0,1,1,1,2,17,2,2,0.0,0.0,0.0,0.0,0.0,3.0,15,3,11
181585,4,11,5,7,17,3,0,5,1,0,2,36,2,2,0.0,0.0,0.0,0.0,0.0,1.0,2,6,12
65252,15,2,1,17,8,3,0,1,0,1,2,5,2,2,0.0,0.0,0.0,0.0,0.0,2.0,0,1,5
105919,16,2,3,10,8,3,0,1,1,1,0,19,2,2,0.0,0.0,0.0,0.0,0.0,3.0,10,4,8
152174,4,7,4,10,8,3,6,1,1,1,1,36,2,2,0.0,0.0,0.0,0.0,0.0,2.0,17,4,10
124655,16,2,3,17,6,3,0,1,0,1,2,24,2,2,0.0,0.0,0.0,0.0,0.0,2.0,16,4,9
8805,16,2,1,0,8,3,0,1,0,1,2,6,2,4,2.0,0.0,0.0,0.0,2.0,2.0,0,6,1
98422,4,2,3,8,8,3,0,1,0,1,1,36,2,1,1.0,0.0,1.0,0.0,0.0,1.0,11,3,7
133587,16,2,3,17,8,3,0,1,1,1,2,19,2,2,0.0,0.0,0.0,0.0,0.0,2.0,9,7,9
158869,4,2,1,17,2,3,0,1,0,1,2,18,2,3,1.0,0.0,0.0,1.0,0.0,1.0,17,6,11
147873,4,2,1,17,0,3,0,1,0,1,2,23,2,2,0.0,0.0,0.0,0.0,0.0,2.0,5,4,10
175196,16,2,1,17,6,3,0,1,0,1,2,6,2,2,0.0,0.0,0.0,0.0,0.0,4.0,18,2,12
74600,15,2,1,17,6,3,0,1,0,1,2,24,2,3,3.0,0.0,0.0,3.0,0.0,2.0,1,7,6
216,16,2,1,9,2,3,0,1,0,1,0,36,2,3,1.0,0.0,0.0,1.0,0.0,1.0,21,4,1
184915,16,2,3,17,1,5,0,1,1,1,1,18,2,2,0.0,0.0,0.0,0.0,0.0,2.0,13,4,12
145781,4,2,3,17,2,3,0,1,1,1,2,24,2,2,0.0,0.0,0.0,0.0,0.0,2.0,12,5,10
34675,16,2,4,17,8,3,0,1,1,1,2,36,2,2,0.0,0.0,0.0,0.0,0.0,2.0,17,3,3
93721,16,2,3,15,2,3,0,1,1,1,2,23,2,2,0.0,0.0,0.0,0.0,0.0,3.0,17,2,7
87632,16,2,1,17,6,3,0,1,1,1,2,23,2,2,0.0,0.0,0.0,0.0,0.0,2.0,20,5,6
69231,16,2,1,17,8,3,0,1,0,1,2,6,2,3,4.0,0.0,0.0,4.0,0.0,0.0,3,1,5
118884,18,7,3,0,10,3,6,3,1,1,2,38,2,2,0.0,0.0,0.0,0.0,0.0,2.0,12,3,8
73068,16,2,3,10,8,3,0,1,1,1,2,19,2,2,0.0,0.0,0.0,0.0,0.0,2.0,15,5,6
83746,15,2,3,17,8,3,0,1,1,1,1,36,2,2,0.0,0.0,0.0,0.0,0.0,7.0,18,7,6
128162,16,2,3,17,2,3,0,1,1,1,2,22,2,2,0.0,0.0,0.0,0.0,0.0,2.0,12,4,9
33498,16,2,3,0,8,3,0,1,0,0,2,6,2,3,4.0,0.0,0.0,4.0,0.0,0.0,13,5,3
182064,16,11,1,10,2,3,5,5,1,1,2,19,2,2,0.0,0.0,0.0,0.0,0.0,3.0,5,4,12
56586,15,7,3,0,8,3,6,1,0,1,2,36,2,4,3.0,0.0,0.0,0.0,3.0,3.0,14,5,5
39468,16,2,3,17,6,3,0,1,0,1,2,18,2,2,0.0,0.0,0.0,0.0,0.0,2.0,15,4,3
158138,16,2,1,15,3,3,0,5,1,1,0,23,2,2,0.0,0.0,0.0,0.0,0.0,2.0,17,2,11
25062,16,3,3,10,15,3,6,1,1,1,2,19,2,2,0.0,0.0,0.0,0.0,0.0,2.0,14,3,2
122323,16,2,3,17,3,3,0,1,0,1,2,36,3,3,1.0,0.0,0.0,1.0,0.0,1.0,9,3,9
169395,15,7,3,0,6,3,6,5,1,1,2,36,2,2,0.0,0.0,0.0,0.0,0.0,2.0,11,4,11
150683,16,2,1,0,8,3,0,1,0,1,2,18,2,2,0.0,0.0,0.0,0.0,0.0,2.0,4,7,10
156779,16,2,0,8,8,3,0,1,0,1,2,36,2,3,1.0,0.0,0.0,1.0,0.0,1.0,18,5,11
78860,16,2,3,10,2,3,0,1,1,1,2,19,2,2,0.0,0.0,0.0,0.0,0.0,2.0,13,6,6
175621,15,2,3,17,11,3,0,1,1,1,2,18,2,2,0.0,0.0,0.0,0.0,0.0,2.0,15,7,12
57636,15,2,1,4,8,3,0,1,1,1,2,9,1,2,0.0,0.0,0.0,0.0,0.0,1.0,23,7,5
172588,15,11,3,17,8,3,6,1,1,1,2,18,2,2,0.0,0.0,0.0,0.0,0.0,2.0,15,6,12
164446,16,2,3,15,8,3,0,1,1,1,2,36,2,2,0.0,0.0,0.0,0.0,0.0,2.0,8,2,11
114242,16,2,3,17,6,0,0,1,0,1,2,36,2,2,0.0,0.0,0.0,0.0,0.0,3.0,18,5,8
99663,15,2,3,0,5,3,0,1,1,1,2,18,2,2,0.0,0.0,0.0,0.0,0.0,2.0,15,3,7
81888,4,2,3,10,13,3,0,1,1,1,2,17,2,2,0.0,0.0,0.0,0.0,0.0,4.0,17,1,6
122868,16,7,1,17,8,3,6,5,1,1,2,18,2,2,0.0,0.0,0.0,0.0,0.0,2.0,21,4,9
48330,16,2,3,10,2,3,0,1,1,1,2,17,2,2,0.0,0.0,0.0,0.0,0.0,2.0,17,5,4
127162,16,2,3,17,2,3,0,1,1,1,1,18,2,2,0.0,0.0,0.0,0.0,0.0,2.0,13,3,9
87345,15,2,3,10,10,2,0,1,1,1,2,21,2,2,0.0,0.0,0.0,0.0,0.0,2.0,10,7,6
179836,16,7,1,15,15,3,6,1,0,1,2,36,2,2,0.0,0.0,0.0,0.0,0.0,3.0,23,3,12
131153,15,2,3,17,6,3,0,1,1,1,2,36,2,2,0.0,0.0,0.0,0.0,0.0,2.0,16,5,9
89025,4,2,3,17,8,3,0,1,1,1,2,36,2,2,0.0,0.0,0.0,0.0,0.0,4.0,17,6,7
142284,16,2,3,17,10,3,0,5,1,1,2,36,2,2,0.0,0.0,0.0,0.0,0.0,2.0,12,2,10
15898,16,2,4,10,2,3,0,1,0,1,1,19,3,2,0.0,0.0,0.0,0.0,0.0,3.0,22,5,2
170299,15,2,1,17,6,3,0,1,1,1,1,18,2,2,0.0,0.0,0.0,0.0,0.0,2.0,16,4,11
99123,16,2,3,0,6,3,0,1,0,1,2,6,3,2,0.0,0.0,0.0,0.0,0.0,2.0,6,7,7
123535,16,3,1,17,2,3,0,1,1,1,1,6,2,2,0.0,0.0,0.0,0.0,0.0,2.0,18,1,9
164815,16,2,3,17,1,3,0,1,0,1,2,36,2,3,1.0,0.0,0.0,1.0,0.0,1.0,8,6,11
80097,16,2,1,10,6,3,0,1,1,1,2,17,2,2,0.0,0.0,0.0,0.0,0.0,2.0,22,3,6
102433,16,2,1,0,2,3,0,1,0,1,2,17,2,2,0.0,0.0,0.0,0.0,0.0,4.0,4,1,7
24511,16,2,4,17,8,4,0,1,0,1,2,18,2,2,0.0,0.0,0.0,0.0,0.0,6.0,18,5,2
45728,16,2,1,17,6,3,5,1,0,1,2,18,2,2,0.0,0.0,0.0,0.0,0.0,2.0,23,7,4
63106,16,2,1,0,11,3,0,1,1,1,2,6,2,2,0.0,0.0,0.0,0.0,0.0,2.0,22,1,5
89333,15,2,1,0,18,3,0,5,0,1,2,36,2,4,1.0,0.0,0.0,0.0,1.0,2.0,22,4,7
24035,16,7,3,9,2,3,6,1,0,1,1,18,2,3,1.0,0.0,0.0,1.0,0.0,1.0,6,3,2
40281,16,2,1,10,2,3,0,5,1,1,2,2,2,2,0.0,0.0,0.0,0.0,0.0,3.0,9,4,3
33046,16,2,3,17,8,3,0,1,0,1,2,24,2,4,2.0,0.0,0.0,0.0,2.0,3.0,13,4,3
9362,15,10,1,0,15,3,4,5,1,1,1,36,2,2,0.0,0.0,0.0,0.0,0.0,2.0,21,3,1
137086,15,2,3,9,8,3,0,1,0,1,2,5,2,1,1.0,0.0,1.0,0.0,0.0,1.0,17,7,9
170501,16,2,1,10,8,3,0,1,0,1,2,19,2,4,1.0,0.0,0.0,0.0,1.0,2.0,15,2,11
188687,16,7,3,15,10,3,6,1,1,1,1,23,2,2,0.0,0.0,0.0,0.0,0.0,2.0,8,2,12
58764,16,11,1,10,3,3,5,1,1,1,2,17,2,2,0.0,0.0,0.0,0.0,0.0,2.0,14,6,5
109808,16,7,1,15,10,3,6,1,1,1,2,18,2,2,0.0,0.0,0.0,0.0,0.0,6.0,20,6,8
162100,16,2,3,17,5,3,0,1,0,1,2,18,2,2,0.0,0.0,0.0,0.0,0.0,2.0,14,5,11
178206,15,2,3,10,8,3,0,1,1,1,2,36,2,2,0.0,0.0,0.0,0.0,0.0,2.0,15,4,12
36843,16,2,3,17,8,3,0,1,1,1,2,23,2,2,0.0,0.0,0.0,0.0,0.0,2.0,11,3,3
163963,4,7,3,0,6,4,6,1,0,1,2,17,2,4,1.0,0.0,0.0,0.0,1.0,1.0,14,3,11
72466,16,2,3,15,10,3,0,1,1,1,2,23,2,2,0.0,0.0,0.0,0.0,0.0,2.0,18,1,6
149937,16,2,3,10,8,3,6,1,0,1,2,19,2,1,1.0,0.0,1.0,0.0,0.0,2.0,7,3,10
112366,4,2,1,10,8,3,0,1,1,1,2,19,2,2,0.0,0.0,0.0,0.0,0.0,2.0,22,4,8
50781,16,2,3,0,8,3,0,1,1,1,0,9,2,2,0.0,0.0,0.0,0.0,0.0,2.0,14,6,4
181692,15,2,1,0,6,3,0,1,1,1,1,5,2,2,0.0,0.0,0.0,0.0,0.0,2.0,19,7,12
126580,4,2,0,7,10,3,0,1,1,1,2,22,2,2,0.0,0.0,0.0,0.0,0.0,1.0,0,4,9
137184,4,2,3,15,18,3,0,1,0,1,2,18,3,2,0.0,0.0,0.0,0.0,0.0,5.0,16,2,9
127199,16,2,3,17,2,3,0,1,1,1,2,36,2,2,0.0,0.0,0.0,0.0,0.0,4.0,18,4,9
103116,16,2,3,17,8,3,0,1,1,1,2,36,2,2,0.0,0.0,0.0,0.0,0.0,2.0,13,6,7
154616,17,11,5,17,8,3,5,5,1,1,2,28,2,2,0.0,0.0,0.0,0.0,0.0,2.0,17,4,10
64072,17,2,1,15,8,3,0,5,1,0,1,23,2,2,0.0,0.0,0.0,0.0,0.0,2.0,23,5,5
141995,16,2,3,10,8,3,0,1,1,1,2,19,2,2,0.0,0.0,0.0,0.0,0.0,2.0,12,6,10
136148,15,7,3,0,6,3,5,5,0,1,2,5,2,3,1.0,0.0,0.0,1.0,0.0,1.0,14,2,9
183945,4,2,3,2,15,2,0,1,1,1,2,36,1,2,0.0,0.0,0.0,0.0,0.0,1.0,13,4,12
9770,16,2,1,17,2,3,0,1,0,1,2,18,2,2,0.0,0.0,0.0,0.0,0.0,3.0,23,2,1
177111,16,2,3,10,2,3,0,1,1,1,2,19,2,2,0.0,0.0,0.0,0.0,0.0,2.0,13,5,12
125186,15,2,3,0,15,3,0,1,0,1,2,36,2,4,1.0,0.0,0.0,0.0,1.0,4.0,15,5,9
156844,16,2,2,14,8,3,0,1,1,0,2,36,2,2,0.0,0.0,0.0,0.0,0.0,2.0,18,7,11
172324,4,7,1,10,8,3,5,5,1,1,2,19,2,2,0.0,0.0,0.0,0.0,0.0,2.0,1,1,12
178328,15,2,0,15,10,3,0,1,0,1,2,17,2,4,1.0,0.0,0.0,0.0,1.0,1.0,19,3,12
2727,16,2,3,17,2,3,1,1,0,1,1,36,2,2,0.0,0.0,0.0,0.0,0.0,2.0,9,5,1
73636,17,2,3,15,8,3,0,1,1,1,0,36,2,2,0.0,0.0,0.0,0.0,0.0,2.0,10,6,6
173997,15,2,1,0,6,3,0,1,0,1,2,18,2,4,2.0,0.0,0.0,0.0,2.0,1.0,19,6,12
86338,15,2,3,9,2,3,6,1,0,1,1,36,2,3,1.0,0.0,0.0,1.0,0.0,1.0,13,6,6
21396,16,2,3,0,6,3,0,1,0,1,2,6,2,2,0.0,0.0,0.0,0.0,0.0,1.0,15,1,2
178796,15,2,5,17,6,3,0,5,1,1,2,36,2,2,0.0,0.0,0.0,0.0,0.0,2.0,16,5,12
49956,15,7,3,10,8,3,6,1,0,1,2,17,2,2,0.0,0.0,0.0,0.0,0.0,3.0,15,5,4
114352,4,11,5,7,6,3,0,5,1,1,2,36,2,2,0.0,0.0,0.0,0.0,0.0,1.0,13,7,8
178962,16,2,0,0,11,3,6,5,0,1,2,12,2,2,0.0,0.0,0.0,0.0,0.0,3.0,21,4,12
146356,16,2,3,15,10,3,0,1,1,1,1,22,2,2,0.0,0.0,0.0,0.0,0.0,2.0,17,6,10
598,16,10,0,17,3,3,6,1,0,1,2,18,3,3,2.0,0.0,0.0,2.0,0.0,3.0,20,3,1
169908,16,2,0,10,8,3,0,1,0,0,2,17,3,2,0.0,0.0,0.0,0.0,0.0,3.0,19,6,11
11876,16,7,3,15,8,3,6,1,1,1,1,38,2,2,0.0,0.0,0.0,0.0,0.0,2.0,8,4,1
64619,15,2,3,0,8,3,0,1,0,1,2,18,2,3,2.0,0.0,0.0,2.0,0.0,1.0,15,6,5
144198,15,2,3,0,6,3,0,1,0,1,0,18,2,3,1.0,0.0,0.0,1.0,0.0,1.0,17,7,10
32197,16,2,1,17,6,3,0,1,1,1,2,18,2,2,0.0,0.0,0.0,0.0,0.0,2.0,19,3,3
107190,16,2,1,17,8,3,0,1,1,1,2,36,2,2,0.0,0.0,0.0,0.0,0.0,2.0,0,1,8
171541,16,2,3,10,8,3,0,1,1,1,2,19,2,2,0.0,0.0,0.0,0.0,0.0,2.0,13,6,11
18162,16,2,3,17,8,3,0,1,1,1,1,22,2,2,0.0,0.0,0.0,0.0,0.0,2.0,11,2,2
120409,16,2,1,0,6,3,0,1,0,1,2,6,2,1,1.0,0.0,1.0,0.0,0.0,1.0,1,7,8
59507,16,2,3,10,8,3,0,1,1,1,1,17,2,2,0.0,0.0,0.0,0.0,0.0,3.0,15,2,5
115154,16,2,3,8,2,3,0,1,0,1,1,18,2,3,1.0,0.0,0.0,1.0,0.0,1.0,15,4,8
88034,4,2,3,17,6,3,0,1,1,1,2,36,2,2,0.0,0.0,0.0,0.0,0.0,2.0,13,5,7
84027,4,2,3,17,2,3,0,5,0,1,2,38,2,2,0.0,0.0,0.0,0.0,0.0,3.0,8,5,6
111699,16,2,1,7,10,3,0,1,0,1,2,37,2,2,0.0,0.0,0.0,0.0,0.0,1.0,2,1,8
51250,16,2,1,17,2,3,0,1,1,1,2,18,2,2,0.0,0.0,0.0,0.0,0.0,2.0,19,6,4
85760,16,2,3,8,2,3,0,1,0,1,1,23,2,1,1.0,0.0,1.0,0.0,0.0,1.0,7,3,6
158007,16,3,3,14,6,3,0,1,1,1,1,4,2,2,0.0,0.0,0.0,0.0,0.0,2.0,12,2,11
113791,16,3,4,7,2,3,0,1,1,1,0,12,2,2,0.0,0.0,0.0,0.0,0.0,5.0,18,5,8
37832,16,2,1,17,6,3,0,1,0,1,2,18,2,3,1.0,0.0,0.0,1.0,0.0,3.0,0,1,3
121370,16,2,3,17,6,3,0,1,0,1,1,38,2,2,0.0,0.0,0.0,0.0,0.0,2.0,15,5,9
40356,15,2,1,0,15,3,0,1,0,1,2,18,2,3,1.0,0.0,0.0,1.0,0.0,2.0,4,7,3
124811,16,3,2,9,6,3,6,1,0,1,0,38,2,1,1.0,0.0,1.0,0.0,0.0,1.0,6,6,9
34123,16,2,3,17,3,3,0,1,0,1,2,18,2,1,1.0,0.0,1.0,0.0,0.0,1.0,15,1,3
103605,15,2,3,2,8,3,0,1,0,1,2,26,1,2,0.0,0.0,0.0,0.0,0.0,1.0,15,6,7