crash_date,               traffic_control_device,weather_condition,lighting_condition,first_crash_type,trafficway_type,alignment,roadway_surface_cond,road_defect,crash_type,intersection_related_i,damage,prim_contributory_cause,num_units,most_severe_injury,injuries_total,injuries_fatal,injuries_incapacitating,injuries_non_incapacitating,injuries_reported_not_evident,injuries_no_indication,crash_hour,crash_day_of_week,crash_month
95424,16,2,4,10,8,3,0,1,0,1,2,17,2,2,0.0,0.0,0.0,0.0,0.0,2.0,21,7,7
152111,16,2,1,10,8,3,0,1,0,1,1,36,2,4,1.0,0.0,0.0,0.0,1.0,3.0,20,6,10
170669,16,2,1,8,2,3,0,1,0,1,1,18,2,3,1.0,0.0,0.0,1.0,0.0,2.0,5,3,11
143375,16,2,3,10,2,3,0,1,1,1,1,19,2,2,0.0,0.0,0.0,0.0,0.0,4.0,11,3,10
158867,16,2,1,17,8,3,0,5,1,1,2,36,2,2,0.0,0.0,0.0,0.0,0.0,2.0,17,6,11
56721,16,2,1,0,8,3,0,1,1,1,2,26,2,2,0.0,0.0,0.0,0.0,0.0,3.0,2,1,5
95393,16,2,1,17,2,3,0,1,1,1,2,24,2,2,0.0,0.0,0.0,0.0,0.0,3.0,2,7,7
88314,16,2,3,10,3,3,0,1,1,1,0,36,2,2,0.0,0.0,0.0,0.0,0.0,2.0,13,2,7
55373,15,2,3,0,8,3,0,1,1,1,2,27,2,2,0.0,0.0,0.0,0.0,0.0,3.0,12,6,4
165208,16,2,1,0,15,3,0,1,0,1,2,6,2,3,1.0,0.0,0.0,1.0,0.0,1.0,19,6,11
125519,15,2,3,2,11,3,0,1,0,1,0,8,1,3,1.0,0.0,0.0,1.0,0.0,0.0,10,1,9
177372,16,2,1,10,6,4,0,1,0,1,2,36,2,2,0.0,0.0,0.0,0.0,0.0,2.0,6,5,12
105757,4,2,3,17,8,3,0,1,1,1,2,23,2,2,0.0,0.0,0.0,0.0,0.0,2.0,15,1,8
659,16,2,1,10,8,3,6,1,1,1,2,21,2,2,0.0,0.0,0.0,0.0,0.0,2.0,18,4,1
60536,16,7,3,17,8,3,6,1,0,1,2,24,2,4,2.0,0.0,0.0,0.0,2.0,0.0,9,3,5
39441,15,2,3,0,2,3,0,1,0,1,2,38,2,2,0.0,0.0,0.0,0.0,0.0,2.0,9,2,3
107755,16,2,3,10,2,3,0,1,1,1,1,36,2,2,0.0,0.0,0.0,0.0,0.0,2.0,9,3,8
3466,15,7,3,17,2,3,6,1,1,1,2,19,2,2,0.0,0.0,0.0,0.0,0.0,2.0,7,2,1
128173,4,2,1,7,2,3,0,1,1,0,2,23,3,2,0.0,0.0,0.0,0.0,0.0,1.0,3,5,9
184085,16,2,3,15,8,3,0,5,1,0,2,23,2,2,0.0,0.0,0.0,0.0,0.0,2.0,16,7,12
15539,15,2,1,17,15,3,0,1,0,1,2,23,2,2,0.0,0.0,0.0,0.0,0.0,3.0,20,5,2
78169,15,2,3,10,2,3,0,1,1,1,2,21,2,2,0.0,0.0,0.0,0.0,0.0,3.0,17,2,6
4089,15,2,3,2,15,3,0,1,1,1,2,36,1,2,0.0,0.0,0.0,0.0,0.0,1.0,9,5,1
15774,16,2,3,15,8,3,6,1,0,1,2,12,2,2,0.0,0.0,0.0,0.0,0.0,2.0,14,3,2
123365,16,7,3,10,8,3,6,1,1,1,1,19,2,2,0.0,0.0,0.0,0.0,0.0,2.0,13,5,9
95179,16,7,3,10,8,3,6,1,1,1,2,17,2,2,0.0,0.0,0.0,0.0,0.0,3.0,15,4,7
130946,16,2,3,0,3,3,0,1,0,1,1,18,2,2,0.0,0.0,0.0,0.0,0.0,2.0,14,1,9
137526,16,2,1,0,6,3,0,1,0,1,2,6,2,2,0.0,0.0,0.0,0.0,0.0,5.0,1,2,9
169903,16,2,1,17,15,3,0,1,1,1,2,36,2,2,0.0,0.0,0.0,0.0,0.0,2.0,18,6,11
106757,16,11,1,0,11,3,5,5,1,1,2,6,2,2,0.0,0.0,0.0,0.0,0.0,2.0,4,2,8
133616,16,2,3,17,8,3,0,1,1,1,2,36,2,2,0.0,0.0,0.0,0.0,0.0,2.0,17,1,9
67484,6,2,3,15,8,3,0,5,1,1,2,23,2,2,0.0,0.0,0.0,0.0,0.0,2.0,18,3,5
27881,4,2,1,0,6,3,0,1,0,1,2,5,2,2,0.0,0.0,0.0,0.0,0.0,2.0,4,1,2
64584,16,2,3,0,8,3,0,1,1,1,1,6,2,2,0.0,0.0,0.0,0.0,0.0,2.0,8,5,5
69197,16,2,3,15,8,3,0,1,1,1,2,18,2,2,0.0,0.0,0.0,0.0,0.0,5.0,16,7,5
55396,15,2,3,17,2,3,0,1,0,1,2,24,3,4,1.0,0.0,0.0,0.0,1.0,6.0,18,7,4
153662,4,7,1,7,8,3,6,2,0,0,2,39,2,2,0.0,0.0,0.0,0.0,0.0,1.0,20,5,10
75965,4,2,3,15,8,3,0,1,0,1,2,36,2,2,0.0,0.0,0.0,0.0,0.0,3.0,15,7,6
143648,16,2,1,0,6,3,0,1,0,1,2,6,2,3,3.0,0.0,0.0,3.0,0.0,0.0,2,1,10
77118,16,2,3,10,8,3,0,1,1,1,0,36,2,2,0.0,0.0,0.0,0.0,0.0,4.0,15,1,6
183022,16,2,4,8,2,3,0,1,0,1,1,18,2,4,1.0,0.0,0.0,0.0,1.0,1.0,16,1,12
164405,15,2,3,0,15,3,4,1,1,1,2,5,2,2,0.0,0.0,0.0,0.0,0.0,2.0,11,7,11
172485,16,2,3,0,2,3,5,5,0,1,2,17,2,2,0.0,0.0,0.0,0.0,0.0,3.0,9,4,12
24090,16,10,2,10,2,3,4,1,1,0,2,19,2,2,0.0,0.0,0.0,0.0,0.0,2.0,4,4,2
66885,16,2,2,17,15,3,0,1,1,1,1,19,2,2,0.0,0.0,0.0,0.0,0.0,3.0,19,1,5
132859,15,2,3,0,15,3,0,1,1,1,2,18,2,2,0.0,0.0,0.0,0.0,0.0,3.0,11,5,9
43738,16,7,1,7,2,3,6,1,0,1,0,37,2,2,0.0,0.0,0.0,0.0,0.0,3.0,3,5,4
30263,16,2,3,17,8,3,0,1,1,1,1,36,2,2,0.0,0.0,0.0,0.0,0.0,2.0,12,5,3
158076,16,7,1,2,8,3,6,1,1,1,1,33,1,2,0.0,0.0,0.0,0.0,0.0,1.0,3,1,11
103824,16,2,3,10,6,3,0,1,0,1,2,19,2,3,1.0,0.0,0.0,1.0,0.0,2.0,16,2,7
158375,16,2,1,0,6,3,0,1,0,1,2,6,2,2,0.0,0.0,0.0,0.0,0.0,2.0,21,6,11
45741,16,2,1,15,6,3,0,1,1,1,2,21,2,2,0.0,0.0,0.0,0.0,0.0,2.0,1,2,4
12129,16,5,3,17,2,3,6,1,0,1,2,18,2,2,0.0,0.0,0.0,0.0,0.0,2.0,11,7,1
163588,16,2,4,9,1,3,0,1,0,1,0,36,3,3,2.0,0.0,0.0,2.0,0.0,1.0,16,3,11
156693,15,2,3,0,6,3,0,1,1,1,2,18,2,2,0.0,0.0,0.0,0.0,0.0,2.0,15,4,11
49864,16,2,3,17,8,3,0,1,1,1,2,36,2,2,0.0,0.0,0.0,0.0,0.0,2.0,10,3,4
136363,16,2,3,10,8,3,0,1,1,1,1,19,2,2,0.0,0.0,0.0,0.0,0.0,2.0,15,5,9
59188,16,2,1,0,6,3,0,1,1,1,2,6,2,2,0.0,0.0,0.0,0.0,0.0,2.0,22,5,5
122722,16,2,3,0,1,3,0,1,0,1,2,6,2,3,2.0,0.0,0.0,1.0,1.0,0.0,9,4,9
67155,15,2,3,0,8,3,0,1,1,1,1,5,2,2,0.0,0.0,0.0,0.0,0.0,2.0,18,4,5
182329,16,2,1,10,6,3,0,1,1,1,2,19,2,2,0.0,0.0,0.0,0.0,0.0,2.0,17,2,12
163352,16,2,3,10,6,3,0,2,1,1,1,36,2,2,0.0,0.0,0.0,0.0,0.0,2.0,12,1,11
81529,16,2,3,17,8,3,0,1,0,0,2,36,2,2,0.0,0.0,0.0,0.0,0.0,2.0,12,2,6
136819,16,2,3,17,6,3,0,1,0,1,2,24,2,2,0.0,0.0,0.0,0.0,0.0,4.0,10,4,9
20040,4,6,1,17,8,3,0,1,0,1,2,24,2,3,1.0,0.0,0.0,1.0,0.0,3.0,23,7,2
29314,4,2,1,10,8,3,0,1,0,1,2,13,4,4,1.0,0.0,0.0,0.0,1.0,3.0,18,3,3
67342,16,2,1,15,8,3,0,1,1,1,2,24,2,2,0.0,0.0,0.0,0.0,0.0,2.0,3,1,5
27519,16,7,1,0,6,3,6,1,0,1,2,6,2,4,1.0,0.0,0.0,0.0,1.0,1.0,4,2,2
27217,16,2,3,10,8,3,0,1,1,1,1,19,2,2,0.0,0.0,0.0,0.0,0.0,2.0,12,2,2
30095,16,2,3,10,3,3,0,1,1,1,1,36,2,2,0.0,0.0,0.0,0.0,0.0,3.0,16,2,3
77993,15,2,2,10,6,3,0,1,1,1,2,36,2,2,0.0,0.0,0.0,0.0,0.0,3.0,4,1,6
139176,15,2,3,9,6,3,0,1,0,1,1,18,2,3,1.0,0.0,0.0,1.0,0.0,1.0,7,2,10
14623,15,2,1,17,8,3,0,1,1,1,2,24,2,2,0.0,0.0,0.0,0.0,0.0,2.0,17,3,1
62457,4,7,1,17,6,3,6,1,0,1,2,24,2,2,0.0,0.0,0.0,0.0,0.0,2.0,2,7,5
75390,17,11,5,0,11,3,5,5,1,1,2,36,2,2,0.0,0.0,0.0,0.0,0.0,2.0,7,4,6
5925,16,2,0,17,8,2,0,1,1,1,2,36,2,2,0.0,0.0,0.0,0.0,0.0,3.0,0,6,1
100468,16,2,1,0,6,3,0,1,0,1,2,6,2,4,1.0,0.0,0.0,0.0,1.0,1.0,23,7,7
21214,16,2,1,10,8,3,1,1,1,1,2,36,2,2,0.0,0.0,0.0,0.0,0.0,2.0,18,5,2
120338,15,2,3,0,2,3,0,1,0,1,2,5,2,2,0.0,0.0,0.0,0.0,0.0,3.0,11,4,8
169287,16,2,1,8,8,3,0,5,1,1,1,26,2,2,0.0,0.0,0.0,0.0,0.0,2.0,17,2,11
48813,16,11,5,0,6,3,5,5,1,1,2,18,2,2,0.0,0.0,0.0,0.0,0.0,2.0,16,6,4
165297,16,7,1,10,10,3,6,1,1,1,0,36,2,2,0.0,0.0,0.0,0.0,0.0,2.0,4,4,11
173792,16,7,0,15,8,3,6,1,1,1,2,18,2,2,0.0,0.0,0.0,0.0,0.0,2.0,5,2,12
62738,16,2,3,10,3,3,0,1,1,0,2,19,2,2,0.0,0.0,0.0,0.0,0.0,3.0,19,3,5
95951,16,2,3,0,6,3,0,1,0,1,2,18,2,3,2.0,0.0,0.0,2.0,0.0,1.0,15,3,7
159650,15,2,1,17,3,3,0,1,0,1,2,18,3,3,2.0,0.0,0.0,2.0,0.0,1.0,17,5,11
133249,16,2,3,17,15,3,0,1,1,1,1,24,2,2,0.0,0.0,0.0,0.0,0.0,2.0,13,4,9
5865,16,10,3,9,6,3,4,1,0,1,0,18,2,3,1.0,0.0,0.0,1.0,0.0,1.0,14,6,1
31124,15,2,3,0,8,3,0,1,0,1,2,18,2,2,0.0,0.0,0.0,0.0,0.0,2.0,9,5,3
101983,16,2,3,17,8,3,0,1,1,1,2,24,2,2,0.0,0.0,0.0,0.0,0.0,2.0,10,1,7
150036,16,3,3,15,3,3,6,1,1,1,1,18,2,2,0.0,0.0,0.0,0.0,0.0,2.0,11,5,10
41528,16,2,3,0,8,3,0,1,0,1,2,36,4,3,2.0,0.0,0.0,2.0,0.0,3.0,11,7,3
20953,15,2,3,15,8,3,5,5,1,0,1,36,2,2,0.0,0.0,0.0,0.0,0.0,2.0,15,2,2
17385,16,10,3,10,8,3,6,1,0,1,1,19,2,4,2.0,0.0,0.0,0.0,2.0,0.0,16,3,2
182771,4,2,3,17,6,3,0,1,0,1,2,18,2,2,0.0,0.0,0.0,0.0,0.0,6.0,9,7,12
159574,15,2,3,0,6,3,0,1,0,1,2,12,2,2,0.0,0.0,0.0,0.0,0.0,2.0,14,3,11
188651,16,7,3,10,2,3,6,5,1,1,1,19,2,2,0.0,0.0,0.0,0.0,0.0,2.0,13,2,12
16102,15,2,3,10,10,3,0,5,1,1,1,19,2,2,0.0,0.0,0.0,0.0,0.0,3.0,13,2,2
116821,16,2,1,17,6,3,0,5,0,1,2,6,2,3,1.0,0.0,0.0,1.0,0.0,2.0,3,1,8
24019,16,7,4,0,2,3,6,1,0,1,2,3,2,2,0.0,0.0,0.0,0.0,0.0,2.0,17,3,2
22621,15,10,1,10,10,3,4,6,1,1,1,17,2,2,0.0,0.0,0.0,0.0,0.0,2.0,21,7,2
67760,15,2,3,17,8,3,6,1,1,1,2,18,2,2,0.0,0.0,0.0,0.0,0.0,2.0,8,6,5
134162,15,2,3,10,8,3,5,5,1,1,1,19,2,2,0.0,0.0,0.0,0.0,0.0,3.0,9,1,9
28181,16,2,3,17,6,3,0,1,1,1,2,24,2,2,0.0,0.0,0.0,0.0,0.0,2.0,15,5,2
168507,16,2,1,0,8,3,0,1,0,1,2,36,2,2,0.0,0.0,0.0,0.0,0.0,2.0,1,5,11
100471,16,2,1,17,6,3,0,1,0,1,1,18,2,1,1.0,0.0,1.0,0.0,0.0,2.0,1,1,7
164007,16,10,2,17,8,4,6,5,1,1,2,19,2,2,0.0,0.0,0.0,0.0,0.0,2.0,7,3,11
52746,15,2,3,0,18,3,0,1,0,1,2,18,2,4,1.0,0.0,0.0,0.0,1.0,1.0,18,7,4
91228,16,2,1,17,3,3,0,1,0,1,2,6,2,1,4.0,0.0,2.0,0.0,2.0,1.0,1,5,7
55986,4,2,3,17,8,3,0,1,0,1,2,18,2,2,0.0,0.0,0.0,0.0,0.0,2.0,7,3,4
160574,16,2,3,10,8,3,0,1,1,1,2,19,2,2,0.0,0.0,0.0,0.0,0.0,2.0,8,3,11
113682,4,2,4,10,8,3,0,1,1,1,2,36,2,2,0.0,0.0,0.0,0.0,0.0,4.0,19,2,8
14726,16,2,3,17,10,3,0,5,0,1,2,24,3,2,0.0,0.0,0.0,0.0,0.0,3.0,7,5,1
167510,15,10,3,10,10,3,4,1,1,1,1,36,2,2,0.0,0.0,0.0,0.0,0.0,2.0,17,5,11
86623,15,2,3,0,6,3,0,1,0,1,2,18,2,2,0.0,0.0,0.0,0.0,0.0,4.0,9,4,6
147941,16,2,3,17,8,3,0,1,1,1,2,12,2,2,0.0,0.0,0.0,0.0,0.0,2.0,16,6,10
33530,16,2,1,15,8,3,0,1,1,1,2,36,2,2,0.0,0.0,0.0,0.0,0.0,2.0,20,5,3
51657,16,2,2,17,11,3,0,1,0,1,2,6,2,2,0.0,0.0,0.0,0.0,0.0,2.0,4,7,4
118860,4,2,1,0,8,3,0,5,1,1,1,18,2,2,0.0,0.0,0.0,0.0,0.0,2.0,5,3,8
176057,16,10,1,17,3,3,6,1,0,1,2,18,2,2,0.0,0.0,0.0,0.0,0.0,4.0,22,6,12
187357,4,2,1,0,8,3,6,2,1,0,2,36,2,2,0.0,0.0,0.0,0.0,0.0,3.0,17,4,12
161913,16,7,3,10,3,3,6,1,1,1,1,19,2,2,0.0,0.0,0.0,0.0,0.0,3.0,10,1,11
187339,15,10,3,14,8,3,4,1,1,1,2,39,2,2,0.0,0.0,0.0,0.0,0.0,4.0,12,3,12
101656,16,3,3,10,2,3,0,5,1,1,2,18,2,2,0.0,0.0,0.0,0.0,0.0,2.0,8,4,7
67875,15,2,3,7,15,3,0,1,1,0,1,24,2,2,0.0,0.0,0.0,0.0,0.0,1.0,7,2,5
33928,15,7,3,17,8,3,6,1,1,1,2,18,2,2,0.0,0.0,0.0,0.0,0.0,2.0,13,4,3
74906,16,2,3,15,8,3,5,5,1,1,2,36,2,2,0.0,0.0,0.0,0.0,0.0,3.0,16,5,6
179175,4,2,1,2,8,3,0,1,0,1,2,20,1,2,0.0,0.0,0.0,0.0,0.0,1.0,0,1,12
123836,15,3,3,17,8,3,0,1,0,1,2,36,2,2,0.0,0.0,0.0,0.0,0.0,3.0,13,5,9
12423,16,2,1,10,8,3,0,1,1,1,0,17,2,2,0.0,0.0,0.0,0.0,0.0,3.0,18,6,1
167044,16,2,3,10,8,3,0,1,1,1,2,17,2,2,0.0,0.0,0.0,0.0,0.0,2.0,12,2,11
167303,4,2,3,17,8,3,0,1,1,1,0,36,2,2,0.0,0.0,0.0,0.0,0.0,2.0,12,7,11
140164,16,2,3,9,15,3,0,1,0,1,0,18,2,3,1.0,0.0,0.0,1.0,0.0,1.0,12,2,10
159746,16,2,1,17,8,3,0,1,1,1,1,19,2,2,0.0,0.0,0.0,0.0,0.0,2.0,16,4,11
160579,16,3,3,17,8,3,0,1,1,1,0,22,2,2,0.0,0.0,0.0,0.0,0.0,2.0,8,3,11
109789,16,11,3,10,2,3,5,5,1,1,2,19,2,2,0.0,0.0,0.0,0.0,0.0,2.0,14,6,8
144599,16,2,3,15,2,3,0,1,1,0,2,23,2,2,0.0,0.0,0.0,0.0,0.0,2.0,15,5,10
13481,16,2,1,17,6,3,0,1,1,1,2,9,2,2,0.0,0.0,0.0,0.0,0.0,2.0,18,3,1
69274,16,2,1,17,2,3,0,1,0,1,2,36,2,2,0.0,0.0,0.0,0.0,0.0,2.0,0,1,5
186268,6,2,3,15,17,3,0,1,1,1,2,36,2,2,0.0,0.0,0.0,0.0,0.0,2.0,11,7,12
73818,4,2,3,0,6,3,0,1,0,1,2,18,4,3,1.0,0.0,0.0,1.0,0.0,1.0,17,3,6
181046,16,2,1,0,8,3,0,5,0,1,2,6,2,2,0.0,0.0,0.0,0.0,0.0,6.0,21,5,12
66030,4,2,2,17,15,3,0,5,1,1,2,24,2,2,0.0,0.0,0.0,0.0,0.0,3.0,6,2,5
176010,16,2,3,10,8,3,0,1,1,1,2,19,2,2,0.0,0.0,0.0,0.0,0.0,2.0,16,6,12
128378,16,2,3,15,2,3,0,1,0,1,2,22,2,2,0.0,0.0,0.0,0.0,0.0,3.0,6,6,9
181633,16,2,3,9,6,3,0,1,0,1,0,36,2,3,1.0,0.0,0.0,1.0,0.0,2.0,10,6,12
168725,16,2,2,17,10,3,0,1,1,1,1,24,2,2,0.0,0.0,0.0,0.0,0.0,2.0,19,7,11
147292,16,2,3,17,8,3,0,1,1,1,2,22,2,2,0.0,0.0,0.0,0.0,0.0,2.0,15,3,10
122077,16,2,3,17,6,3,0,1,0,1,1,36,2,3,1.0,0.0,0.0,1.0,0.0,1.0,19,1,9
162782,4,2,1,9,15,3,0,1,1,1,0,36,2,2,0.0,0.0,0.0,0.0,0.0,3.0,18,7,11
150987,16,7,3,14,8,3,6,1,0,1,2,36,2,3,2.0,0.0,0.0,2.0,0.0,0.0,16,3,10
158972,15,2,3,0,6,3,0,1,0,1,2,18,2,2,0.0,0.0,0.0,0.0,0.0,3.0,11,7,11
161322,15,2,1,17,15,3,0,1,0,1,2,38,2,2,0.0,0.0,0.0,0.0,0.0,5.0,21,1,11
49982,16,3,3,17,8,3,0,1,1,1,2,36,2,2,0.0,0.0,0.0,0.0,0.0,2.0,7,5,4
60732,15,2,3,0,8,3,0,1,1,1,1,36,2,2,0.0,0.0,0.0,0.0,0.0,2.0,14,1,5
188370,16,3,3,10,6,3,6,1,1,1,2,19,2,2,0.0,0.0,0.0,0.0,0.0,3.0,11,5,12
55322,16,2,3,10,6,3,0,1,1,1,2,36,2,2,0.0,0.0,0.0,0.0,0.0,2.0,17,6,4
24853,4,2,3,0,1,3,0,1,0,1,2,12,2,4,2.0,0.0,0.0,0.0,2.0,2.0,15,5,2
119544,4,2,3,8,8,3,0,5,1,1,2,36,2,2,0.0,0.0,0.0,0.0,0.0,2.0,16,6,8
138311,16,2,4,8,6,3,6,1,0,1,0,17,2,4,1.0,0.0,0.0,0.0,1.0,1.0,16,4,10
117779,16,7,1,9,1,3,6,1,0,1,1,36,2,1,1.0,0.0,1.0,0.0,0.0,1.0,23,1,8
84458,16,7,3,15,8,3,6,5,0,1,2,36,2,2,0.0,0.0,0.0,0.0,0.0,2.0,16,5,6
82518,16,2,3,17,6,3,5,5,0,1,2,23,2,4,1.0,0.0,0.0,0.0,1.0,1.0,6,3,6
46113,4,2,3,8,10,3,0,1,1,1,0,38,2,2,0.0,0.0,0.0,0.0,0.0,2.0,17,7,4
156686,16,2,3,10,8,3,0,5,1,1,1,17,2,2,0.0,0.0,0.0,0.0,0.0,2.0,12,3,11
150018,16,2,1,0,15,3,0,1,0,1,2,38,2,2,0.0,0.0,0.0,0.0,0.0,3.0,20,5,10
54609,15,2,1,10,8,3,0,5,0,1,2,17,2,2,0.0,0.0,0.0,0.0,0.0,3.0,3,7,4
20451,15,2,3,0,6,3,0,1,0,1,2,36,2,2,0.0,0.0,0.0,0.0,0.0,4.0,11,7,2
168417,15,2,1,17,2,3,0,1,0,1,2,18,3,2,0.0,0.0,0.0,0.0,0.0,3.0,20,3,11
31399,16,2,3,15,10,2,0,1,1,1,2,23,2,2,0.0,0.0,0.0,0.0,0.0,2.0,14,3,3
77742,16,7,3,10,1,3,6,1,1,0,0,19,2,2,0.0,0.0,0.0,0.0,0.0,2.0,15,4,6
86476,4,7,3,15,8,3,6,1,1,0,2,12,3,2,0.0,0.0,0.0,0.0,0.0,5.0,14,2,6
76324,16,2,3,10,8,3,0,1,1,1,2,36,2,2,0.0,0.0,0.0,0.0,0.0,2.0,12,4,6
147053,16,2,3,15,3,3,0,5,1,1,2,23,2,2,0.0,0.0,0.0,0.0,0.0,2.0,12,4,10
1452,16,2,3,17,6,3,0,5,1,1,2,6,2,2,0.0,0.0,0.0,0.0,0.0,4.0,8,6,1
9876,15,2,0,0,2,3,0,1,1,1,2,18,2,2,0.0,0.0,0.0,0.0,0.0,3.0,20,5,1
35800,15,2,3,17,8,4,0,1,1,1,1,24,2,2,0.0,0.0,0.0,0.0,0.0,2.0,12,7,3
115612,16,2,3,10,11,3,0,1,0,1,2,19,2,2,0.0,0.0,0.0,0.0,0.0,2.0,15,4,8
186528,4,2,3,10,3,3,1,1,0,1,2,19,2,2,0.0,0.0,0.0,0.0,0.0,4.0,9,4,12
20130,15,2,3,17,2,3,0,5,1,1,2,23,2,2,0.0,0.0,0.0,0.0,0.0,2.0,10,1,2
37783,16,2,3,17,6,3,0,5,0,1,2,36,2,2,0.0,0.0,0.0,0.0,0.0,2.0,15,1,3
45980,16,2,3,17,8,3,0,1,1,1,2,36,2,2,0.0,0.0,0.0,0.0,0.0,2.0,10,3,4
44465,15,3,3,0,8,3,0,1,0,1,2,36,2,2,0.0,0.0,0.0,0.0,0.0,2.0,8,6,4
64560,16,2,2,15,8,3,0,1,1,1,0,18,2,2,0.0,0.0,0.0,0.0,0.0,2.0,13,5,5
186794,16,7,1,17,8,3,6,5,0,1,2,24,2,4,1.0,0.0,0.0,0.0,1.0,1.0,0,2,12
6307,16,2,3,10,15,3,0,1,1,1,2,19,2,2,0.0,0.0,0.0,0.0,0.0,2.0,15,6,1
142991,16,2,3,10,3,3,0,1,1,1,2,22,2,2,0.0,0.0,0.0,0.0,0.0,2.0,10,5,10
150773,15,2,1,7,10,3,0,1,0,1,2,26,4,2,0.0,0.0,0.0,0.0,0.0,4.0,19,1,10
182794,16,2,0,10,8,3,0,1,1,1,2,18,2,2,0.0,0.0,0.0,0.0,0.0,2.0,1,1,12
118361,16,7,3,17,8,3,6,1,1,1,2,6,2,2,0.0,0.0,0.0,0.0,0.0,2.0,7,3,8
188459,16,2,3,0,8,3,0,1,0,1,2,26,2,3,2.0,0.0,0.0,2.0,0.0,0.0,7,7,12
44150,16,2,3,17,2,3,6,1,0,1,2,18,2,1,2.0,0.0,2.0,0.0,0.0,0.0,15,5,4
11333,16,2,3,9,6,3,0,1,0,1,0,18,2,3,1.0,0.0,0.0,1.0,0.0,1.0,14,2,1
73893,4,2,3,15,8,3,0,1,1,1,1,22,2,2,0.0,0.0,0.0,0.0,0.0,2.0,18,2,6
129286,15,2,3,9,8,3,0,1,0,0,1,36,2,3,1.0,0.0,0.0,1.0,0.0,4.0,15,6,9
104293,15,2,1,17,15,3,0,1,0,1,2,18,2,3,1.0,0.0,0.0,1.0,0.0,2.0,21,1,8
145586,16,7,1,17,6,3,6,5,0,1,2,36,2,3,1.0,0.0,0.0,1.0,0.0,1.0,20,6,10
158055,16,2,1,17,8,3,0,1,1,1,1,24,2,2,0.0,0.0,0.0,0.0,0.0,2.0,22,7,11
124276,16,2,3,8,6,3,0,1,0,1,0,36,2,3,1.0,0.0,0.0,1.0,0.0,1.0,9,5,9
181533,16,2,1,3,6,3,0,5,0,1,2,36,2,3,1.0,0.0,0.0,1.0,0.0,1.0,17,5,12
121724,4,7,3,9,2,3,6,1,0,1,0,18,2,3,1.0,0.0,0.0,1.0,0.0,2.0,18,2,9
137537,15,2,3,17,6,3,0,1,1,1,2,24,2,2,0.0,0.0,0.0,0.0,0.0,2.0,15,2,9
127604,17,11,5,17,6,3,5,5,1,1,2,36,2,2,0.0,0.0,0.0,0.0,0.0,2.0,13,4,9
70022,15,2,3,0,6,3,0,1,0,1,2,5,2,2,0.0,0.0,0.0,0.0,0.0,3.0,13,1,5
152959,15,2,3,0,18,3,0,1,0,1,2,18,3,3,7.0,0.0,0.0,7.0,0.0,4.0,15,1,10
83503,16,2,0,2,3,3,0,5,1,0,2,36,1,2,0.0,0.0,0.0,0.0,0.0,1.0,22,4,6
104795,16,2,3,0,6,3,0,1,0,1,2,6,2,2,0.0,0.0,0.0,0.0,0.0,4.0,12,1,8
36932,16,2,3,17,6,3,0,1,0,1,2,24,2,2,0.0,0.0,0.0,0.0,0.0,2.0,7,6,3
88643,16,2,4,17,6,3,0,1,1,1,2,18,2,2,0.0,0.0,0.0,0.0,0.0,2.0,22,7,7
67397,16,2,1,2,6,3,0,1,0,1,2,24,1,2,0.0,0.0,0.0,0.0,0.0,1.0,0,1,5
185725,16,7,1,10,3,3,0,1,1,0,0,12,2,2,0.0,0.0,0.0,0.0,0.0,2.0,21,2,12
182144,16,2,1,10,1,3,0,1,0,1,2,17,2,3,2.0,0.0,0.0,2.0,0.0,1.0,19,6,12
106983,16,7,3,0,2,3,6,1,0,1,2,6,2,3,2.0,0.0,0.0,1.0,1.0,1.0,11,6,8
150390,15,2,1,0,11,3,0,3,1,1,1,5,2,2,0.0,0.0,0.0,0.0,0.0,4.0,18,2,10
90439,4,2,3,0,8,3,0,1,1,1,1,18,2,2,0.0,0.0,0.0,0.0,0.0,5.0,11,5,7
13020,16,2,1,17,11,3,0,1,1,1,1,24,2,2,0.0,0.0,0.0,0.0,0.0,6.0,20,1,1
20457,4,2,3,17,3,3,0,1,0,1,2,18,2,3,1.0,0.0,0.0,1.0,0.0,1.0,12,7,2
157196,16,2,3,17,8,3,0,1,0,1,1,18,2,2,0.0,0.0,0.0,0.0,0.0,2.0,12,4,11
22020,16,2,3,9,6,3,0,5,0,1,0,12,2,1,1.0,0.0,1.0,0.0,0.0,1.0,16,5,2
47595,16,11,1,15,10,3,0,1,1,1,2,22,2,2,0.0,0.0,0.0,0.0,0.0,2.0,21,4,4
168258,16,7,1,17,2,3,6,1,0,1,2,24,2,3,1.0,0.0,0.0,1.0,0.0,2.0,23,6,11
73833,16,7,1,9,8,3,6,1,0,1,2,36,2,3,1.0,0.0,0.0,1.0,0.0,1.0,20,3,6
87887,16,2,3,17,2,4,0,1,0,1,2,18,2,3,2.0,0.0,0.0,1.0,1.0,1.0,12,1,7
149461,16,2,4,17,6,3,5,5,1,1,2,22,2,2,0.0,0.0,0.0,0.0,0.0,2.0,17,5,10
113318,16,2,1,10,2,3,0,1,1,1,1,36,2,2,0.0,0.0,0.0,0.0,0.0,2.0,21,4,8
99999,16,3,3,0,2,3,6,1,1,1,2,6,2,2,0.0,0.0,0.0,0.0,0.0,2.0,18,7,7