crash_date,               traffic_control_device,weather_condition,lighting_condition,first_crash_type,trafficway_type,alignment,roadway_surface_cond,road_defect,crash_type,intersection_related_i,damage,prim_contributory_cause,num_units,most_severe_injury,injuries_total,injuries_fatal,injuries_incapacitating,injuries_non_incapacitating,injuries_reported_not_evident,injuries_no_indication,crash_hour,crash_day_of_week,crash_month
45748,4,2,3,0,8,3,0,5,0,1,2,18,2,3,1.0,0.0,0.0,1.0,0.0,1.0,14,2,4
94022,15,2,3,17,8,3,0,1,1,1,1,18,2,2,0.0,0.0,0.0,0.0,0.0,2.0,13,6,7
11530,4,2,1,0,8,3,6,1,0,1,2,18,2,2,0.0,0.0,0.0,0.0,0.0,2.0,16,5,1
98550,16,2,1,10,8,3,0,1,1,1,2,19,2,2,0.0,0.0,0.0,0.0,0.0,2.0,21,5,7
175089,16,2,4,17,15,3,0,1,1,1,2,17,2,2,0.0,0.0,0.0,0.0,0.0,3.0,17,6,12
176111,16,2,1,17,8,3,0,1,1,1,1,23,2,2,0.0,0.0,0.0,0.0,0.0,2.0,21,7,12
8302,4,2,3,10,8,3,0,1,0,0,1,17,2,4,1.0,0.0,0.0,0.0,1.0,1.0,8,6,1
55449,16,2,3,10,2,3,0,1,1,1,2,22,2,2,0.0,0.0,0.0,0.0,0.0,2.0,14,2,4
184078,15,2,3,17,8,3,0,1,1,1,2,24,2,2,0.0,0.0,0.0,0.0,0.0,2.0,14,7,12
107474,15,2,3,0,8,3,0,5,0,1,2,36,2,3,1.0,0.0,0.0,1.0,0.0,1.0,16,7,8
168801,16,2,3,10,6,3,0,1,1,1,2,17,2,2,0.0,0.0,0.0,0.0,0.0,4.0,11,1,11
81512,16,2,1,7,2,3,0,1,1,1,1,23,2,2,0.0,0.0,0.0,0.0,0.0,1.0,19,2,6
128530,16,2,4,10,2,3,0,1,1,1,0,17,2,2,0.0,0.0,0.0,0.0,0.0,5.0,18,1,9
164819,16,7,1,15,2,3,6,1,0,1,2,36,2,4,1.0,0.0,0.0,0.0,1.0,1.0,20,6,11
127178,16,2,3,17,3,3,0,1,1,1,0,22,2,2,0.0,0.0,0.0,0.0,0.0,5.0,9,3,9
161876,16,7,3,10,8,3,6,1,1,1,1,13,2,2,0.0,0.0,0.0,0.0,0.0,3.0,15,1,11
29480,16,2,3,0,6,3,0,1,0,1,2,18,2,2,0.0,0.0,0.0,0.0,0.0,2.0,16,6,3
2832,16,10,3,9,8,3,6,1,0,1,2,36,2,3,1.0,0.0,0.0,1.0,0.0,1.0,8,7,1
65475,16,2,1,7,6,3,0,1,1,1,2,36,2,2,0.0,0.0,0.0,0.0,0.0,1.0,19,6,5
97831,16,2,1,10,6,3,0,1,1,1,0,19,2,2,0.0,0.0,0.0,0.0,0.0,3.0,23,7,7
27033,16,2,3,15,6,3,0,1,1,1,2,18,2,2,0.0,0.0,0.0,0.0,0.0,2.0,9,7,2
5885,15,5,4,0,6,3,6,1,0,1,2,5,2,4,1.0,0.0,0.0,0.0,1.0,2.0,18,6,1
188761,16,10,3,10,2,3,4,1,1,1,2,19,2,2,0.0,0.0,0.0,0.0,0.0,4.0,9,3,12
35240,16,2,3,15,8,3,0,1,1,1,2,23,2,2,0.0,0.0,0.0,0.0,0.0,2.0,13,6,3
80555,16,2,3,0,8,3,0,1,1,1,2,21,2,2,0.0,0.0,0.0,0.0,0.0,2.0,8,2,6
155684,16,2,3,10,8,3,0,1,1,1,2,36,2,2,0.0,0.0,0.0,0.0,0.0,2.0,13,3,11
145355,6,2,3,9,15,3,0,1,0,1,1,12,2,1,1.0,0.0,1.0,0.0,0.0,1.0,16,2,10
62023,16,2,3,0,5,3,0,1,1,1,2,36,2,2,0.0,0.0,0.0,0.0,0.0,8.0,18,1,5
131379,15,2,3,0,11,3,0,1,1,1,2,36,2,2,0.0,0.0,0.0,0.0,0.0,2.0,8,5,9
3706,16,2,1,9,6,3,0,5,0,0,1,26,2,3,1.0,0.0,0.0,1.0,0.0,1.0,1,1,1
32979,16,2,3,15,8,3,0,1,1,1,0,23,2,2,0.0,0.0,0.0,0.0,0.0,2.0,12,1,3
127911,16,2,3,10,6,3,5,5,1,1,1,19,2,2,0.0,0.0,0.0,0.0,0.0,3.0,13,7,9
70082,16,3,1,0,6,3,0,1,0,1,2,6,2,2,0.0,0.0,0.0,0.0,0.0,2.0,1,3,5
63507,16,2,3,8,5,3,0,1,0,1,0,36,2,4,1.0,0.0,0.0,0.0,1.0,1.0,10,2,5
175643,16,2,3,0,10,3,0,1,1,1,2,6,2,2,0.0,0.0,0.0,0.0,0.0,2.0,8,7,12
43612,15,10,3,0,8,3,4,1,0,1,2,18,2,2,0.0,0.0,0.0,0.0,0.0,2.0,15,2,4
33082,9,2,3,9,3,3,0,1,0,1,0,18,2,3,1.0,0.0,0.0,1.0,0.0,1.0,8,4,3
66822,15,2,3,0,6,3,0,1,1,1,1,18,2,2,0.0,0.0,0.0,0.0,0.0,2.0,19,7,5
112078,16,2,3,15,8,3,0,1,1,1,0,23,2,2,0.0,0.0,0.0,0.0,0.0,2.0,16,6,8
55833,15,7,2,15,8,3,6,1,0,1,2,36,2,3,1.0,0.0,0.0,1.0,0.0,1.0,17,7,4
95813,16,3,3,0,6,3,0,1,0,1,1,6,2,2,0.0,0.0,0.0,0.0,0.0,6.0,9,6,7
26516,16,2,1,17,13,3,0,1,0,1,2,24,2,2,0.0,0.0,0.0,0.0,0.0,2.0,22,6,2
12732,15,2,1,0,6,3,4,1,0,1,2,18,3,2,0.0,0.0,0.0,0.0,0.0,3.0,1,5,1
6778,16,2,3,17,6,3,0,1,1,1,2,36,2,2,0.0,0.0,0.0,0.0,0.0,3.0,12,5,1
180574,16,2,1,14,15,3,0,1,0,1,1,36,2,4,1.0,0.0,0.0,0.0,1.0,1.0,17,6,12
125874,15,2,3,17,15,3,0,1,1,1,2,36,2,2,0.0,0.0,0.0,0.0,0.0,4.0,10,7,9
61408,16,2,3,10,8,3,0,1,0,1,2,19,2,3,1.0,0.0,0.0,1.0,0.0,1.0,15,5,5
5783,16,2,1,10,8,3,0,1,1,1,1,19,2,2,0.0,0.0,0.0,0.0,0.0,2.0,19,4,1
73050,16,2,3,17,8,3,0,1,0,1,2,17,2,2,0.0,0.0,0.0,0.0,0.0,2.0,11,4,6
101338,16,2,3,17,2,3,0,1,1,1,2,18,2,2,0.0,0.0,0.0,0.0,0.0,2.0,17,6,7
78224,16,2,3,17,2,3,0,1,0,1,2,22,2,2,0.0,0.0,0.0,0.0,0.0,2.0,14,4,6
44514,15,7,0,7,10,3,6,5,1,1,2,36,2,2,0.0,0.0,0.0,0.0,0.0,1.0,5,5,4
149825,16,2,3,17,11,3,0,1,1,1,2,36,2,2,0.0,0.0,0.0,0.0,0.0,2.0,11,1,10
150232,16,2,3,10,8,3,0,1,0,1,1,19,2,3,2.0,0.0,0.0,2.0,0.0,1.0,10,1,10
162650,16,2,1,17,6,3,0,1,1,1,2,36,2,2,0.0,0.0,0.0,0.0,0.0,3.0,19,4,11
117572,16,2,1,17,6,3,0,1,0,1,2,24,2,2,0.0,0.0,0.0,0.0,0.0,2.0,21,6,8
163802,15,2,3,0,6,3,0,1,0,1,2,18,2,1,1.0,0.0,1.0,0.0,0.0,1.0,7,6,11
109882,4,3,3,17,8,3,0,1,0,1,2,18,3,3,2.0,0.0,0.0,2.0,0.0,0.0,12,7,8
164465,16,2,3,15,6,3,0,1,1,1,2,14,2,2,0.0,0.0,0.0,0.0,0.0,2.0,12,2,11
753,16,2,3,15,6,3,0,1,1,1,2,36,2,2,0.0,0.0,0.0,0.0,0.0,4.0,14,7,1
51910,16,2,2,0,6,3,0,1,1,1,2,36,2,2,0.0,0.0,0.0,0.0,0.0,2.0,6,6,4
12920,16,2,3,15,10,3,0,1,1,1,0,22,2,2,0.0,0.0,0.0,0.0,0.0,2.0,14,6,1
54631,16,2,1,7,8,3,0,5,0,1,2,17,3,3,1.0,0.0,0.0,1.0,0.0,3.0,21,7,4
22564,16,2,3,10,2,3,0,5,1,1,1,36,2,2,0.0,0.0,0.0,0.0,0.0,4.0,16,6,2
110456,15,2,3,10,10,3,0,1,1,1,1,19,2,2,0.0,0.0,0.0,0.0,0.0,2.0,8,2,8
68147,16,2,3,17,8,3,0,1,1,1,0,18,2,2,0.0,0.0,0.0,0.0,0.0,2.0,9,5,5
150312,16,2,1,10,8,3,6,1,1,1,1,39,2,2,0.0,0.0,0.0,0.0,0.0,3.0,18,6,10
140934,16,2,3,8,6,3,0,1,1,1,1,36,2,2,0.0,0.0,0.0,0.0,0.0,2.0,10,6,10
90912,4,2,1,0,8,3,0,1,1,0,2,13,2,2,0.0,0.0,0.0,0.0,0.0,2.0,5,6,7
76355,16,2,3,17,6,3,0,1,0,1,2,18,2,2,0.0,0.0,0.0,0.0,0.0,2.0,19,5,6
77005,16,2,1,0,6,3,0,1,0,1,2,6,3,2,0.0,0.0,0.0,0.0,0.0,2.0,21,7,6
181201,16,7,3,10,8,3,6,1,1,1,1,39,2,2,0.0,0.0,0.0,0.0,0.0,3.0,9,7,12
31318,4,2,3,10,2,3,0,5,1,1,2,36,3,2,0.0,0.0,0.0,0.0,0.0,3.0,7,3,3
42551,4,2,3,0,0,3,0,1,1,1,2,36,2,2,0.0,0.0,0.0,0.0,0.0,4.0,18,6,4
72771,16,2,3,17,15,3,0,1,1,1,2,24,2,2,0.0,0.0,0.0,0.0,0.0,5.0,16,1,6
23387,4,2,1,10,12,3,0,1,1,0,1,19,2,2,0.0,0.0,0.0,0.0,0.0,2.0,19,7,2
72191,16,2,0,14,5,3,0,1,1,1,2,11,2,2,0.0,0.0,0.0,0.0,0.0,2.0,22,5,6
113969,4,2,3,17,8,3,0,1,1,1,2,18,2,2,0.0,0.0,0.0,0.0,0.0,4.0,13,2,8
9651,16,2,3,17,8,3,0,1,1,1,2,36,2,2,0.0,0.0,0.0,0.0,0.0,2.0,12,7,1
141186,16,7,3,17,8,3,6,1,1,1,1,18,2,2,0.0,0.0,0.0,0.0,0.0,2.0,12,1,10
179891,16,7,1,9,6,3,6,1,1,1,2,17,2,2,0.0,0.0,0.0,0.0,0.0,2.0,18,4,12
164251,16,2,1,17,3,3,0,1,1,1,1,24,2,2,0.0,0.0,0.0,0.0,0.0,2.0,17,5,11
122923,16,2,2,0,6,3,0,1,1,1,2,36,2,2,0.0,0.0,0.0,0.0,0.0,2.0,5,5,9
43917,17,2,3,15,8,3,5,5,1,1,1,36,3,2,0.0,0.0,0.0,0.0,0.0,3.0,17,2,4
142219,16,2,3,15,10,3,0,1,1,1,1,22,2,2,0.0,0.0,0.0,0.0,0.0,5.0,13,2,10
89375,16,2,3,10,3,3,0,1,1,1,0,18,2,2,0.0,0.0,0.0,0.0,0.0,2.0,16,3,7
100532,17,11,5,15,17,3,5,5,1,1,2,18,2,2,0.0,0.0,0.0,0.0,0.0,3.0,23,1,7
63983,15,2,0,0,3,3,0,1,0,1,2,18,2,2,0.0,0.0,0.0,0.0,0.0,2.0,20,3,5
43886,16,2,3,17,6,3,0,1,1,1,2,36,2,2,0.0,0.0,0.0,0.0,0.0,2.0,10,1,4
11867,15,7,1,0,6,3,6,1,1,1,2,36,2,2,0.0,0.0,0.0,0.0,0.0,2.0,19,4,1
144330,16,2,3,10,15,3,0,1,1,1,2,36,2,2,0.0,0.0,0.0,0.0,0.0,2.0,17,3,10
158068,16,7,1,0,10,3,6,1,0,1,2,6,2,4,1.0,0.0,0.0,0.0,1.0,5.0,1,1,11
107824,16,2,3,17,8,3,0,1,0,1,1,29,2,4,1.0,0.0,0.0,0.0,1.0,1.0,11,4,8
81954,16,2,3,10,8,3,0,1,0,0,1,17,2,2,0.0,0.0,0.0,0.0,0.0,2.0,15,2,6
80793,16,2,1,0,6,3,0,5,0,1,2,18,2,2,0.0,0.0,0.0,0.0,0.0,5.0,2,7,6
67860,15,11,5,7,2,3,5,1,1,0,1,17,2,2,0.0,0.0,0.0,0.0,0.0,1.0,6,2,5
6426,16,7,3,14,8,3,6,5,0,1,2,23,2,3,2.0,0.0,0.0,1.0,1.0,0.0,11,7,1
8117,15,2,1,17,2,3,0,1,0,1,2,18,2,2,0.0,0.0,0.0,0.0,0.0,3.0,17,4,1
145721,16,2,4,17,2,3,0,1,1,1,1,24,2,2,0.0,0.0,0.0,0.0,0.0,2.0,17,2,10
79011,16,2,3,0,2,3,0,1,0,1,2,18,2,2,0.0,0.0,0.0,0.0,0.0,2.0,12,1,6
79878,15,2,3,8,17,3,5,5,1,1,1,36,2,2,0.0,0.0,0.0,0.0,0.0,2.0,16,5,6
88941,15,2,3,0,8,3,0,1,1,1,2,18,2,2,0.0,0.0,0.0,0.0,0.0,2.0,16,4,7
137404,16,11,5,10,8,3,0,5,1,1,1,36,2,2,0.0,0.0,0.0,0.0,0.0,2.0,7,6,9
17903,15,7,3,9,8,3,6,1,0,1,2,18,2,3,1.0,0.0,0.0,1.0,0.0,1.0,14,5,2
76562,16,2,3,17,8,3,5,5,1,1,0,18,2,2,0.0,0.0,0.0,0.0,0.0,4.0,13,7,6
182409,16,2,3,15,10,3,0,1,1,0,2,19,2,2,0.0,0.0,0.0,0.0,0.0,2.0,8,4,12
63892,16,2,3,10,8,3,0,1,0,1,2,36,3,2,0.0,0.0,0.0,0.0,0.0,3.0,15,2,5
38185,15,10,3,0,2,3,6,1,0,1,2,18,2,2,0.0,0.0,0.0,0.0,0.0,2.0,16,1,3
113346,4,2,3,17,2,3,0,1,0,1,2,36,2,2,0.0,0.0,0.0,0.0,0.0,5.0,16,5,8
108084,16,7,3,2,2,3,6,1,1,1,2,22,2,2,0.0,0.0,0.0,0.0,0.0,2.0,12,2,8
103487,16,2,3,15,8,3,0,1,1,1,1,22,2,2,0.0,0.0,0.0,0.0,0.0,6.0,17,3,7
113275,16,2,3,10,2,3,0,1,1,1,1,17,2,2,0.0,0.0,0.0,0.0,0.0,2.0,12,3,8
147535,15,2,3,10,8,3,5,5,1,0,2,36,2,2,0.0,0.0,0.0,0.0,0.0,2.0,15,5,10
118802,6,2,1,9,8,3,0,1,0,1,2,36,2,1,1.0,0.0,1.0,0.0,0.0,2.0,22,4,8
155479,16,7,1,0,8,3,6,1,0,1,2,18,2,2,0.0,0.0,0.0,0.0,0.0,2.0,1,2,10
70938,15,2,1,0,10,3,0,1,1,1,2,36,2,2,0.0,0.0,0.0,0.0,0.0,3.0,20,1,5
98516,16,2,3,17,8,3,0,1,1,1,2,36,2,2,0.0,0.0,0.0,0.0,0.0,4.0,15,5,7
142452,16,2,4,8,8,3,0,1,1,1,0,24,2,2,0.0,0.0,0.0,0.0,0.0,2.0,18,6,10
102080,16,11,3,17,8,3,5,5,1,1,2,36,2,2,0.0,0.0,0.0,0.0,0.0,2.0,15,4,7
75138,8,2,3,0,8,3,0,1,0,1,1,18,4,3,3.0,0.0,0.0,3.0,0.0,2.0,19,6,6
181710,16,3,1,10,6,3,0,1,1,1,2,19,3,2,0.0,0.0,0.0,0.0,0.0,4.0,23,7,12
75486,16,2,1,8,8,3,0,1,0,1,1,18,2,3,1.0,0.0,0.0,1.0,0.0,1.0,23,6,6
28875,15,2,3,0,6,3,0,1,0,1,2,5,2,4,1.0,0.0,0.0,0.0,1.0,1.0,16,2,3
64833,4,2,3,17,15,3,0,1,1,1,2,23,2,2,0.0,0.0,0.0,0.0,0.0,2.0,7,3,5
109306,16,2,1,10,8,3,0,1,0,1,2,17,2,2,0.0,0.0,0.0,0.0,0.0,2.0,0,6,8
174706,16,2,1,17,1,0,0,1,1,1,2,36,2,2,0.0,0.0,0.0,0.0,0.0,2.0,17,2,12
103950,16,2,3,17,8,3,0,1,1,1,1,36,2,2,0.0,0.0,0.0,0.0,0.0,2.0,13,3,8
110398,16,2,3,0,2,3,0,1,0,1,2,6,2,3,1.0,0.0,0.0,1.0,0.0,2.0,7,1,8
119821,15,2,3,0,6,3,0,1,1,1,2,18,2,2,0.0,0.0,0.0,0.0,0.0,3.0,17,4,8
144749,15,2,3,17,8,3,0,1,0,1,2,36,2,2,0.0,0.0,0.0,0.0,0.0,3.0,9,7,10
6401,16,10,1,15,8,3,4,1,1,1,2,18,2,2,0.0,0.0,0.0,0.0,0.0,2.0,19,7,1
26748,15,2,3,17,8,3,0,1,1,1,2,24,2,2,0.0,0.0,0.0,0.0,0.0,2.0,7,2,2
127390,4,7,3,15,10,3,6,1,1,0,2,22,2,2,0.0,0.0,0.0,0.0,0.0,2.0,7,6,9
43163,16,7,3,10,3,3,6,1,0,1,1,15,2,3,3.0,0.0,0.0,3.0,0.0,2.0,16,2,4
179668,16,2,1,0,6,3,0,1,0,1,2,6,2,2,0.0,0.0,0.0,0.0,0.0,2.0,2,7,12
92726,16,2,3,0,6,3,0,1,0,1,2,6,2,2,0.0,0.0,0.0,0.0,0.0,4.0,9,7,7
51117,15,3,3,0,2,3,5,5,0,1,2,18,2,3,2.0,0.0,0.0,2.0,0.0,1.0,7,5,4
103829,16,2,3,0,6,3,0,1,0,1,2,17,3,2,0.0,0.0,0.0,0.0,0.0,3.0,5,2,7
18167,4,2,1,7,8,3,0,1,0,0,2,28,3,2,0.0,0.0,0.0,0.0,0.0,1.0,1,3,2
44340,16,2,1,0,6,3,0,1,0,1,2,6,2,3,1.0,0.0,0.0,1.0,0.0,1.0,4,3,4
179007,16,7,0,10,8,3,6,1,1,1,2,36,2,2,0.0,0.0,0.0,0.0,0.0,2.0,18,5,12
160167,16,2,1,0,6,3,0,1,0,1,2,17,2,2,0.0,0.0,0.0,0.0,0.0,2.0,23,4,11
20076,4,2,2,17,6,3,0,1,0,1,2,24,2,4,2.0,0.0,0.0,0.0,2.0,0.0,19,1,2
178592,4,7,3,15,15,3,6,1,1,1,2,11,2,2,0.0,0.0,0.0,0.0,0.0,3.0,12,7,12
110373,16,2,1,10,8,3,0,1,1,0,2,19,2,2,0.0,0.0,0.0,0.0,0.0,2.0,20,7,8
146088,16,2,1,10,8,3,0,1,1,1,2,3,2,2,0.0,0.0,0.0,0.0,0.0,2.0,20,6,10
143976,16,11,3,10,15,3,5,5,1,1,2,36,2,2,0.0,0.0,0.0,0.0,0.0,2.0,9,6,10
121186,16,2,3,8,8,3,0,1,0,1,2,36,2,3,1.0,0.0,0.0,1.0,0.0,2.0,13,1,9
185595,16,4,1,17,6,3,6,5,0,1,2,36,2,3,1.0,0.0,0.0,1.0,0.0,1.0,1,1,12
119330,16,2,3,15,8,3,0,1,1,1,2,18,2,2,0.0,0.0,0.0,0.0,0.0,2.0,15,5,8
117965,4,2,3,17,8,3,0,1,1,1,1,36,2,2,0.0,0.0,0.0,0.0,0.0,2.0,13,6,8
91020,16,2,3,10,3,3,0,1,0,1,2,28,3,3,2.0,0.0,0.0,2.0,0.0,2.0,13,1,7
122900,16,2,1,14,2,3,0,1,1,1,2,22,2,2,0.0,0.0,0.0,0.0,0.0,2.0,2,5,9
170270,16,2,1,0,11,3,4,1,1,1,1,36,2,2,0.0,0.0,0.0,0.0,0.0,3.0,22,3,11
171821,4,7,1,10,8,3,6,1,1,1,1,19,3,2,0.0,0.0,0.0,0.0,0.0,3.0,22,7,11
124360,15,7,3,0,11,3,6,1,1,1,1,39,2,2,0.0,0.0,0.0,0.0,0.0,2.0,17,3,9
36622,16,2,1,10,6,3,0,1,0,1,2,19,2,3,2.0,0.0,0.0,2.0,0.0,2.0,23,7,3
25024,16,2,3,17,8,3,0,1,1,1,2,24,2,2,0.0,0.0,0.0,0.0,0.0,4.0,16,2,2
129081,15,2,3,13,8,3,0,5,0,1,2,36,2,2,0.0,0.0,0.0,0.0,0.0,3.0,14,2,9
110951,16,2,4,10,2,3,0,1,1,1,0,19,2,2,0.0,0.0,0.0,0.0,0.0,4.0,5,3,8
112134,16,2,3,10,8,3,0,1,1,1,2,19,3,2,0.0,0.0,0.0,0.0,0.0,5.0,13,1,8
92018,16,2,3,17,11,3,0,1,0,1,2,36,2,4,3.0,0.0,0.0,0.0,3.0,3.0,11,2,7
10691,16,2,4,17,2,4,0,1,0,1,2,12,2,1,1.0,0.0,1.0,0.0,0.0,2.0,16,4,1
100407,16,2,3,0,8,4,0,1,1,1,1,6,2,2,0.0,0.0,0.0,0.0,0.0,2.0,13,7,7
98117,15,2,3,17,10,3,0,1,0,1,2,24,2,2,0.0,0.0,0.0,0.0,0.0,3.0,19,7,7
138309,16,2,1,0,6,3,0,1,1,1,2,6,2,2,0.0,0.0,0.0,0.0,0.0,2.0,4,4,10
189067,15,7,3,0,6,3,6,5,0,1,2,6,3,2,0.0,0.0,0.0,0.0,0.0,6.0,8,3,12
56945,16,11,1,10,8,5,5,5,0,1,2,8,2,3,1.0,0.0,0.0,1.0,0.0,2.0,23,5,5
176500,4,2,3,15,2,3,0,1,1,1,1,23,2,2,0.0,0.0,0.0,0.0,0.0,2.0,14,6,12
88818,16,2,3,10,1,3,0,1,1,0,2,19,2,2,0.0,0.0,0.0,0.0,0.0,2.0,6,2,7
10311,16,2,3,15,8,3,0,5,1,1,2,36,2,2,0.0,0.0,0.0,0.0,0.0,3.0,10,5,1
103709,16,2,3,17,2,3,0,1,0,1,2,18,2,2,0.0,0.0,0.0,0.0,0.0,2.0,6,7,7
94272,16,2,3,15,8,3,5,5,1,1,1,23,2,2,0.0,0.0,0.0,0.0,0.0,2.0,13,3,7
68723,16,2,1,17,11,3,0,1,1,1,2,22,2,2,0.0,0.0,0.0,0.0,0.0,3.0,22,7,5
119745,15,2,3,8,6,3,0,1,0,1,1,18,2,1,1.0,0.0,1.0,0.0,0.0,1.0,16,3,8
87335,16,2,3,17,8,3,0,1,1,1,2,24,2,2,0.0,0.0,0.0,0.0,0.0,2.0,7,7,6
128304,15,2,3,17,6,3,0,1,0,1,2,5,2,3,3.0,0.0,0.0,1.0,2.0,0.0,11,7,9
42606,4,2,3,10,3,3,0,5,1,1,1,19,2,2,0.0,0.0,0.0,0.0,0.0,2.0,15,7,4
90019,4,2,1,2,8,3,0,1,1,1,2,13,1,2,0.0,0.0,0.0,0.0,0.0,4.0,0,6,7
81854,4,2,3,17,15,3,0,1,0,1,2,17,2,3,1.0,0.0,0.0,1.0,0.0,1.0,12,7,6
81822,16,2,1,17,7,3,0,1,1,1,1,12,2,2,0.0,0.0,0.0,0.0,0.0,2.0,21,7,6
185069,16,3,3,0,8,3,6,1,1,1,2,36,2,2,0.0,0.0,0.0,0.0,0.0,2.0,13,7,12
72181,15,2,3,0,6,3,0,1,1,1,0,18,2,2,0.0,0.0,0.0,0.0,0.0,2.0,8,5,6
5001,16,7,3,15,10,3,6,1,0,1,2,23,4,3,3.0,0.0,0.0,3.0,0.0,2.0,10,5,1
139924,15,2,3,17,8,3,0,1,0,1,2,18,2,2,0.0,0.0,0.0,0.0,0.0,2.0,7,5,10
161369,16,2,3,17,8,3,0,1,1,1,2,36,2,2,0.0,0.0,0.0,0.0,0.0,2.0,11,6,11
108283,16,2,3,10,8,3,0,1,0,1,2,3,2,3,1.0,0.0,0.0,1.0,0.0,1.0,14,5,8
185192,15,2,3,0,8,3,0,5,0,1,2,36,2,2,0.0,0.0,0.0,0.0,0.0,2.0,9,2,12
60472,16,7,3,17,6,3,6,1,1,1,2,36,2,2,0.0,0.0,0.0,0.0,0.0,2.0,18,5,5
19233,15,2,3,10,2,3,0,1,1,1,1,36,2,2,0.0,0.0,0.0,0.0,0.0,2.0,7,4,2
73148,15,2,3,15,8,3,0,1,0,1,2,36,2,3,1.0,0.0,0.0,1.0,0.0,1.0,15,6,6
68793,16,2,1,17,6,3,0,1,1,1,2,24,3,2,0.0,0.0,0.0,0.0,0.0,5.0,22,1,5
186724,16,3,1,14,8,3,6,1,0,1,2,36,2,4,1.0,0.0,0.0,0.0,1.0,2.0,21,1,12
137602,4,11,5,7,10,3,5,1,1,0,2,26,2,2,0.0,0.0,0.0,0.0,0.0,1.0,9,5,10
55977,17,2,3,0,17,3,0,5,1,0,2,36,2,2,0.0,0.0,0.0,0.0,0.0,2.0,18,3,4
44688,15,2,3,9,17,3,0,1,0,1,2,27,2,3,1.0,0.0,0.0,1.0,0.0,1.0,14,3,4
50243,15,2,4,10,8,3,6,1,0,1,2,5,2,3,2.0,0.0,0.0,1.0,1.0,1.0,18,5,4
23558,15,7,3,3,8,3,6,6,1,0,0,36,2,2,0.0,0.0,0.0,0.0,0.0,2.0,9,2,2
29787,15,2,1,10,6,3,0,1,1,1,2,36,2,2,0.0,0.0,0.0,0.0,0.0,2.0,21,4,3
121268,15,2,1,0,6,3,0,1,0,1,2,5,2,4,3.0,0.0,0.0,0.0,3.0,1.0,21,2,9
13445,16,10,2,10,1,3,4,0,0,1,0,39,2,2,0.0,0.0,0.0,0.0,0.0,2.0,8,2,1
85666,16,3,3,15,8,3,0,5,1,1,2,36,2,2,0.0,0.0,0.0,0.0,0.0,2.0,11,2,6
27198,16,2,3,17,8,3,0,1,1,1,1,36,2,2,0.0,0.0,0.0,0.0,0.0,2.0,16,2,2
178343,16,2,3,17,1,3,0,1,0,1,1,18,2,4,1.0,0.0,0.0,0.0,1.0,3.0,9,3,12
84881,16,2,3,10,6,3,0,1,1,1,2,23,2,2,0.0,0.0,0.0,0.0,0.0,2.0,16,5,6
109154,4,2,3,15,8,3,0,1,1,1,2,17,2,2,0.0,0.0,0.0,0.0,0.0,2.0,10,5,8
14051,15,2,3,11,6,3,0,1,1,1,1,11,2,2,0.0,0.0,0.0,0.0,0.0,3.0,10,7,1
35869,16,2,3,10,8,3,0,1,1,1,1,19,2,2,0.0,0.0,0.0,0.0,0.0,2.0,16,7,3
11978,16,2,3,17,11,3,0,1,0,1,2,18,2,2,0.0,0.0,0.0,0.0,0.0,3.0,8,5,1
52528,4,2,1,15,2,3,0,1,1,1,2,12,2,2,0.0,0.0,0.0,0.0,0.0,2.0,21,1,4
114958,15,2,3,17,6,3,0,1,1,1,1,36,2,2,0.0,0.0,0.0,0.0,0.0,2.0,13,2,8
90297,16,2,1,15,6,3,0,1,1,1,2,22,2,2,0.0,0.0,0.0,0.0,0.0,2.0,0,4,7
26603,16,10,1,10,8,3,4,1,1,1,2,39,2,2,0.0,0.0,0.0,0.0,0.0,3.0,0,7,2
114064,16,2,4,10,8,3,0,1,1,1,2,36,2,2,0.0,0.0,0.0,0.0,0.0,2.0,18,1,8
78787,15,2,3,0,2,3,0,1,1,1,2,18,2,2,0.0,0.0,0.0,0.0,0.0,2.0,8,4,6
168261,16,2,1,10,3,3,6,1,0,1,1,19,2,4,1.0,0.0,0.0,0.0,1.0,1.0,23,6,11
131043,4,2,3,11,15,3,0,1,1,1,2,21,2,2,0.0,0.0,0.0,0.0,0.0,2.0,10,2,9
4961,16,2,1,10,3,3,6,1,0,1,2,36,2,2,0.0,0.0,0.0,0.0,0.0,2.0,4,5,1
155372,16,2,3,17,6,3,0,1,1,1,1,36,2,2,0.0,0.0,0.0,0.0,0.0,2.0,15,7,10
180061,16,2,3,17,8,3,0,1,1,1,2,17,2,2,0.0,0.0,0.0,0.0,0.0,2.0,10,7,12
117492,15,2,4,0,6,3,0,6,0,1,2,17,2,2,0.0,0.0,0.0,0.0,0.0,3.0,20,5,8
31138,16,2,3,10,8,3,0,1,0,1,2,36,2,2,0.0,0.0,0.0,0.0,0.0,2.0,12,5,3
82275,16,2,3,7,8,3,0,5,1,1,2,6,3,2,0.0,0.0,0.0,0.0,0.0,1.0,6,7,6
158639,16,2,3,10,8,3,0,1,1,1,2,19,3,2,0.0,0.0,0.0,0.0,0.0,3.0,15,2,11
51995,16,7,3,10,8,3,6,1,1,1,0,19,2,2,0.0,0.0,0.0,0.0,0.0,2.0,11,7,4
19302,16,3,3,10,2,3,4,1,1,1,2,16,2,2,0.0,0.0,0.0,0.0,0.0,2.0,8,7,2
71996,4,2,3,3,8,3,0,1,1,1,2,19,2,2,0.0,0.0,0.0,0.0,0.0,3.0,20,2,6