crash_date,               traffic_control_device,weather_condition,lighting_condition,first_crash_type,trafficway_type,alignment,roadway_surface_cond,road_defect,crash_type,intersection_related_i,damage,prim_contributory_cause,num_units,most_severe_injury,injuries_total,injuries_fatal,injuries_incapacitating,injuries_non_incapacitating,injuries_reported_not_evident,injuries_no_indication,crash_hour,crash_day_of_week,crash_month
26737,16,2,3,15,8,3,0,1,1,1,2,18,2,2,0.0,0.0,0.0,0.0,0.0,4.0,17,2,2
128811,17,2,1,17,6,3,5,5,1,1,2,36,2,2,0.0,0.0,0.0,0.0,0.0,5.0,21,6,9
129539,16,2,3,10,8,3,0,1,0,1,2,17,2,2,0.0,0.0,0.0,0.0,0.0,2.0,16,1,9
56857,15,2,3,0,6,3,0,1,0,1,2,18,2,2,0.0,0.0,0.0,0.0,0.0,2.0,7,3,5
139536,15,7,1,0,6,3,6,1,0,1,2,36,3,2,0.0,0.0,0.0,0.0,0.0,2.0,2,1,10
55883,16,7,1,0,2,3,6,5,0,1,2,36,2,3,2.0,0.0,0.0,2.0,0.0,1.0,0,7,4
33864,15,10,3,17,8,3,6,5,1,1,2,24,2,2,0.0,0.0,0.0,0.0,0.0,3.0,14,3,3
134903,16,2,3,17,8,3,0,1,1,1,2,36,2,2,0.0,0.0,0.0,0.0,0.0,2.0,7,4,9
64407,16,2,3,17,8,3,0,1,1,1,2,19,2,2,0.0,0.0,0.0,0.0,0.0,3.0,10,3,5
72804,15,2,3,0,6,3,5,5,0,1,1,18,2,3,1.0,0.0,0.0,1.0,0.0,1.0,9,1,6
87620,16,2,3,15,15,3,0,1,1,1,0,12,2,2,0.0,0.0,0.0,0.0,0.0,3.0,19,5,6
6449,16,2,3,10,8,3,0,1,1,1,2,19,2,2,0.0,0.0,0.0,0.0,0.0,2.0,16,2,1
36947,16,2,3,17,8,3,0,1,1,1,1,19,2,2,0.0,0.0,0.0,0.0,0.0,2.0,10,6,3
83884,15,2,3,0,8,3,0,5,1,1,2,18,2,2,0.0,0.0,0.0,0.0,0.0,4.0,17,3,6
162734,4,2,1,17,8,3,0,1,1,1,1,24,2,2,0.0,0.0,0.0,0.0,0.0,2.0,21,6,11
137778,15,2,1,2,15,3,0,1,0,1,2,11,1,3,1.0,0.0,0.0,1.0,0.0,0.0,19,3,10
165466,16,11,5,17,3,3,5,5,1,1,0,24,2,2,0.0,0.0,0.0,0.0,0.0,4.0,18,1,11
52063,16,2,3,17,8,3,0,1,1,1,2,36,2,2,0.0,0.0,0.0,0.0,0.0,4.0,13,7,4
48013,16,2,1,0,6,3,0,1,0,1,2,6,3,2,0.0,0.0,0.0,0.0,0.0,2.0,22,7,4
114269,4,2,3,2,10,3,0,1,1,1,2,12,1,2,0.0,0.0,0.0,0.0,0.0,2.0,11,5,8
125165,4,2,1,17,8,3,0,1,1,1,2,18,2,2,0.0,0.0,0.0,0.0,0.0,2.0,19,4,9
127101,15,2,3,0,6,3,0,1,0,1,2,36,2,3,1.0,0.0,0.0,1.0,0.0,1.0,16,5,9
36827,4,2,3,10,10,3,0,1,1,1,2,23,2,2,0.0,0.0,0.0,0.0,0.0,2.0,7,3,3
111400,16,2,3,17,8,3,0,1,1,1,2,22,2,2,0.0,0.0,0.0,0.0,0.0,2.0,10,4,8
27238,16,2,3,17,10,3,0,1,1,1,1,22,2,2,0.0,0.0,0.0,0.0,0.0,2.0,17,3,2
101653,4,2,3,15,15,3,0,1,1,1,2,23,2,2,0.0,0.0,0.0,0.0,0.0,2.0,8,4,7
8616,16,2,3,15,8,3,0,5,1,1,2,36,2,2,0.0,0.0,0.0,0.0,0.0,3.0,14,4,1
141431,15,2,3,0,8,3,5,1,1,1,1,18,2,2,0.0,0.0,0.0,0.0,0.0,2.0,15,6,10
175845,16,2,1,17,2,3,0,1,1,1,2,24,2,2,0.0,0.0,0.0,0.0,0.0,3.0,19,5,12
63247,15,2,3,15,10,3,0,1,1,1,2,36,2,2,0.0,0.0,0.0,0.0,0.0,2.0,18,4,5
67811,15,2,3,17,8,3,0,1,0,1,2,17,2,1,3.0,0.0,1.0,2.0,0.0,0.0,18,1,5
28280,4,7,3,17,8,3,6,1,0,1,2,18,2,2,0.0,0.0,0.0,0.0,0.0,2.0,8,4,3
108922,15,2,0,17,8,3,0,5,1,1,1,36,2,2,0.0,0.0,0.0,0.0,0.0,3.0,23,7,8
93084,17,2,3,7,6,3,0,1,1,1,2,36,2,2,0.0,0.0,0.0,0.0,0.0,1.0,16,5,7
37324,16,3,3,15,2,3,6,1,1,1,2,33,2,2,0.0,0.0,0.0,0.0,0.0,2.0,9,6,3
153805,15,2,3,8,2,3,0,1,0,1,2,18,2,3,1.0,0.0,0.0,1.0,0.0,1.0,10,7,10
37850,16,2,3,17,6,3,0,5,1,1,2,18,2,2,0.0,0.0,0.0,0.0,0.0,4.0,18,2,3
50504,15,2,3,17,15,3,0,1,0,1,2,18,2,2,0.0,0.0,0.0,0.0,0.0,4.0,8,2,4
111635,16,2,3,0,6,3,0,5,0,1,2,6,2,3,4.0,0.0,0.0,4.0,0.0,1.0,17,7,8
79945,16,7,1,17,8,3,6,1,0,1,2,24,2,2,0.0,0.0,0.0,0.0,0.0,2.0,2,7,6
43875,16,2,3,17,8,3,0,1,0,1,2,13,2,2,0.0,0.0,0.0,0.0,0.0,3.0,18,1,4
80352,16,2,3,17,6,3,0,5,0,1,2,24,2,3,4.0,0.0,0.0,4.0,0.0,0.0,16,1,6
16611,4,10,3,10,8,3,4,1,0,0,2,36,2,4,4.0,0.0,0.0,0.0,4.0,0.0,14,5,2
55431,15,5,3,0,6,3,6,1,1,1,2,5,2,2,0.0,0.0,0.0,0.0,0.0,3.0,12,7,4
15157,16,2,3,9,8,3,0,1,0,1,2,36,2,1,1.0,0.0,1.0,0.0,0.0,1.0,12,5,2
6739,16,7,1,2,6,3,6,1,0,0,2,30,1,3,2.0,0.0,0.0,2.0,0.0,0.0,17,5,1
163444,15,2,1,10,8,3,0,1,1,1,2,17,3,2,0.0,0.0,0.0,0.0,0.0,3.0,17,3,11
93187,16,2,4,10,8,3,0,1,1,1,2,36,2,2,0.0,0.0,0.0,0.0,0.0,2.0,23,7,7
90794,4,2,3,17,8,3,0,1,0,1,2,24,2,2,0.0,0.0,0.0,0.0,0.0,4.0,19,5,7
38542,15,2,3,0,11,3,0,1,1,1,1,18,2,2,0.0,0.0,0.0,0.0,0.0,2.0,11,6,3
26031,16,3,3,0,6,3,0,1,0,1,2,36,2,3,1.0,0.0,0.0,1.0,0.0,1.0,13,6,2
130623,16,2,1,15,10,3,0,1,1,1,2,36,2,2,0.0,0.0,0.0,0.0,0.0,2.0,21,4,9
104981,16,2,3,0,6,3,0,1,0,1,2,6,2,3,10.0,0.0,0.0,9.0,1.0,2.0,14,6,8
71718,15,2,1,0,6,3,0,5,0,1,2,18,4,2,0.0,0.0,0.0,0.0,0.0,2.0,20,6,5
113169,16,2,1,0,6,3,0,1,0,1,2,6,2,3,1.0,0.0,0.0,1.0,0.0,3.0,2,1,8
187491,4,2,1,8,2,3,0,1,1,1,0,18,2,2,0.0,0.0,0.0,0.0,0.0,2.0,19,7,12
112088,16,2,3,10,10,3,5,5,1,1,1,19,2,2,0.0,0.0,0.0,0.0,0.0,3.0,18,6,8
70584,15,2,3,0,8,3,0,1,0,1,2,18,2,3,2.0,0.0,0.0,2.0,0.0,0.0,17,4,5
185025,15,10,3,0,6,3,6,1,0,1,1,18,2,2,0.0,0.0,0.0,0.0,0.0,2.0,13,6,12
67933,4,2,3,8,15,3,0,1,0,1,1,28,2,3,1.0,0.0,0.0,1.0,0.0,2.0,18,3,5
142241,4,2,3,17,8,3,0,1,0,1,2,18,3,4,1.0,0.0,0.0,0.0,1.0,3.0,16,2,10
123790,16,2,3,0,2,3,0,1,1,1,2,36,2,2,0.0,0.0,0.0,0.0,0.0,2.0,10,6,9
52339,16,2,3,10,6,4,0,1,1,1,0,21,2,2,0.0,0.0,0.0,0.0,0.0,2.0,14,7,4
72834,16,2,3,17,8,3,0,1,1,1,2,24,2,2,0.0,0.0,0.0,0.0,0.0,2.0,7,6,6
60693,15,2,3,0,8,3,0,1,1,1,2,18,2,2,0.0,0.0,0.0,0.0,0.0,3.0,8,6,5
129992,16,2,1,17,6,3,0,5,1,1,1,6,2,2,0.0,0.0,0.0,0.0,0.0,2.0,21,1,9
179786,15,2,3,0,15,3,0,1,0,1,2,17,2,2,0.0,0.0,0.0,0.0,0.0,2.0,16,3,12
158406,4,3,2,2,10,2,5,5,0,0,2,17,1,2,0.0,0.0,0.0,0.0,0.0,2.0,13,7,11
167754,4,2,1,0,0,3,0,1,1,0,1,18,2,2,0.0,0.0,0.0,0.0,0.0,2.0,4,6,11
114325,16,2,3,10,2,3,0,1,1,1,1,36,2,2,0.0,0.0,0.0,0.0,0.0,2.0,8,6,8
47268,16,2,3,10,8,3,0,1,1,1,2,19,2,2,0.0,0.0,0.0,0.0,0.0,2.0,11,6,4
87732,16,2,3,0,6,3,0,1,0,1,2,6,2,2,0.0,0.0,0.0,0.0,0.0,2.0,15,1,6
187012,16,2,1,17,3,3,0,1,0,1,2,36,2,2,0.0,0.0,0.0,0.0,0.0,4.0,6,2,12
81561,16,2,3,10,3,3,0,1,1,1,2,19,2,2,0.0,0.0,0.0,0.0,0.0,5.0,18,3,6
63663,4,2,3,17,2,3,0,5,1,1,2,18,2,2,0.0,0.0,0.0,0.0,0.0,2.0,7,4,5
156323,16,7,3,17,17,3,6,5,0,1,0,36,2,4,2.0,0.0,0.0,0.0,2.0,2.0,13,5,11
186829,16,11,5,17,8,4,5,5,0,0,1,36,2,4,1.0,0.0,0.0,0.0,1.0,1.0,16,3,12
33963,16,7,3,17,2,3,6,1,0,1,2,18,2,3,1.0,0.0,0.0,1.0,0.0,3.0,7,4,3
172322,16,2,1,17,3,3,0,1,0,1,2,6,2,2,0.0,0.0,0.0,0.0,0.0,2.0,0,7,12
106255,16,7,1,15,10,3,6,5,1,1,1,36,2,2,0.0,0.0,0.0,0.0,0.0,2.0,21,1,8
118221,4,7,0,7,15,3,6,5,1,1,1,26,2,2,0.0,0.0,0.0,0.0,0.0,1.0,20,3,8
26010,15,10,1,0,8,3,4,5,1,1,2,36,2,2,0.0,0.0,0.0,0.0,0.0,3.0,20,5,2
63870,15,2,1,17,8,3,0,1,1,1,1,18,2,2,0.0,0.0,0.0,0.0,0.0,3.0,21,1,5
55875,15,2,3,17,8,3,6,1,0,1,2,26,2,2,0.0,0.0,0.0,0.0,0.0,3.0,12,7,4
185909,16,2,3,10,8,3,6,5,0,1,2,19,2,2,0.0,0.0,0.0,0.0,0.0,2.0,14,1,12
132999,4,2,3,0,8,3,0,1,1,1,2,18,2,2,0.0,0.0,0.0,0.0,0.0,2.0,18,4,9
98974,16,2,3,17,3,3,0,5,1,1,2,18,2,2,0.0,0.0,0.0,0.0,0.0,2.0,17,5,7
33873,16,10,3,10,2,3,6,1,1,1,0,36,2,2,0.0,0.0,0.0,0.0,0.0,2.0,16,3,3
52644,17,3,3,9,6,3,0,5,0,1,0,26,2,1,1.0,0.0,1.0,0.0,0.0,1.0,15,4,4
176683,4,2,1,10,8,3,0,1,1,1,1,19,2,2,0.0,0.0,0.0,0.0,0.0,2.0,17,2,12
67270,16,2,3,15,2,3,0,1,1,1,2,23,2,2,0.0,0.0,0.0,0.0,0.0,3.0,12,5,5
45081,16,2,3,17,11,3,0,1,1,1,2,24,2,2,0.0,0.0,0.0,0.0,0.0,2.0,12,1,4
83455,16,2,3,17,6,3,0,1,1,1,2,36,2,2,0.0,0.0,0.0,0.0,0.0,2.0,13,4,6
47287,4,2,3,0,2,3,0,1,0,1,2,36,2,3,3.0,0.0,0.0,3.0,0.0,0.0,16,1,4
76428,16,2,3,8,4,3,0,1,1,1,1,18,2,2,0.0,0.0,0.0,0.0,0.0,2.0,8,6,6
153162,16,2,3,10,8,3,0,1,1,1,1,17,2,2,0.0,0.0,0.0,0.0,0.0,3.0,17,5,10
25541,16,10,1,0,6,3,6,1,0,1,2,6,4,3,2.0,0.0,0.0,2.0,0.0,2.0,19,4,2
128041,16,2,3,2,6,3,0,1,0,1,2,26,1,3,1.0,0.0,0.0,1.0,0.0,0.0,15,3,9
163624,16,3,4,10,8,3,6,1,0,1,2,17,3,4,1.0,0.0,0.0,0.0,1.0,2.0,17,4,11
50253,15,2,1,10,8,3,0,1,0,1,2,26,2,4,1.0,0.0,0.0,0.0,1.0,1.0,20,5,4
60784,16,2,3,17,6,3,0,1,1,1,0,38,2,2,0.0,0.0,0.0,0.0,0.0,2.0,14,2,5
139209,16,2,3,9,2,3,0,1,0,1,0,18,2,3,1.0,0.0,0.0,1.0,0.0,1.0,15,3,10
4189,16,11,1,10,15,3,5,5,1,1,2,36,2,2,0.0,0.0,0.0,0.0,0.0,2.0,22,1,1
181732,16,2,1,15,8,3,0,1,1,1,2,17,2,2,0.0,0.0,0.0,0.0,0.0,3.0,3,1,12
170827,16,2,3,10,2,3,0,1,1,1,1,19,3,2,0.0,0.0,0.0,0.0,0.0,4.0,13,7,11
95655,4,2,3,0,6,3,0,1,1,1,1,23,2,2,0.0,0.0,0.0,0.0,0.0,2.0,17,3,7
172938,4,2,3,15,19,3,0,1,1,1,2,22,2,2,0.0,0.0,0.0,0.0,0.0,5.0,10,2,12
54427,4,2,3,14,6,3,0,1,0,1,2,6,2,4,2.0,0.0,0.0,0.0,2.0,2.0,9,5,4
26169,15,10,1,10,8,3,4,5,1,1,2,39,4,2,0.0,0.0,0.0,0.0,0.0,5.0,0,7,2
62843,15,2,3,0,8,3,0,1,0,1,2,38,2,4,1.0,0.0,0.0,0.0,1.0,1.0,15,6,5
95101,16,2,3,17,11,3,0,1,0,1,2,6,2,2,0.0,0.0,0.0,0.0,0.0,2.0,13,2,7
48497,16,2,4,17,8,3,0,1,1,1,2,19,2,2,0.0,0.0,0.0,0.0,0.0,4.0,18,1,4
96228,16,2,3,10,3,3,0,1,1,1,1,19,2,2,0.0,0.0,0.0,0.0,0.0,5.0,12,4,7
172087,15,2,3,0,6,3,0,1,0,1,2,18,2,2,0.0,0.0,0.0,0.0,0.0,3.0,13,7,11
66677,16,2,3,17,6,3,0,1,0,1,2,36,2,2,0.0,0.0,0.0,0.0,0.0,2.0,17,4,5
40649,16,3,3,0,8,3,0,1,0,1,2,6,2,2,0.0,0.0,0.0,0.0,0.0,3.0,9,4,3
178821,4,2,1,17,8,3,0,1,0,1,2,18,2,4,1.0,0.0,0.0,0.0,1.0,1.0,20,5,12
106931,15,2,3,0,6,3,0,5,0,1,2,36,2,4,1.0,0.0,0.0,0.0,1.0,1.0,14,6,8
151823,16,7,1,17,18,3,6,5,1,1,1,6,2,2,0.0,0.0,0.0,0.0,0.0,2.0,5,2,10
86913,16,2,3,17,2,3,0,1,1,1,2,22,2,2,0.0,0.0,0.0,0.0,0.0,2.0,13,2,6
121855,4,2,3,0,2,3,0,1,1,1,2,18,2,2,0.0,0.0,0.0,0.0,0.0,2.0,17,5,9
44484,16,2,1,17,3,3,0,1,0,1,2,6,2,3,3.0,0.0,0.0,1.0,2.0,1.0,23,6,4
126151,16,2,3,17,8,3,0,1,1,1,2,28,2,2,0.0,0.0,0.0,0.0,0.0,3.0,8,3,9
54675,16,2,1,10,2,3,6,1,0,1,2,17,2,2,0.0,0.0,0.0,0.0,0.0,3.0,4,1,4
121243,4,2,1,10,2,3,0,1,1,0,0,36,2,2,0.0,0.0,0.0,0.0,0.0,3.0,2,2,9
145029,8,2,3,0,18,3,0,1,1,1,2,11,2,2,0.0,0.0,0.0,0.0,0.0,2.0,9,5,10
148124,16,2,3,15,2,3,6,1,1,1,2,18,2,2,0.0,0.0,0.0,0.0,0.0,2.0,17,6,10
18171,4,2,1,9,10,3,0,1,0,1,2,36,2,0,1.0,1.0,0.0,0.0,0.0,1.0,2,3,2
88950,15,2,3,10,8,3,0,1,1,1,0,36,2,2,0.0,0.0,0.0,0.0,0.0,2.0,16,4,7
48974,4,2,3,0,10,3,0,1,1,1,2,18,2,2,0.0,0.0,0.0,0.0,0.0,2.0,7,2,4
120392,16,2,1,0,6,3,0,1,1,1,2,36,2,2,0.0,0.0,0.0,0.0,0.0,3.0,21,5,8
58397,16,2,3,17,2,3,0,1,0,1,2,18,2,4,1.0,0.0,0.0,0.0,1.0,1.0,13,1,5
44960,15,2,3,17,8,3,0,1,1,1,2,5,2,2,0.0,0.0,0.0,0.0,0.0,2.0,8,6,4
21329,18,2,1,17,6,3,0,1,0,1,2,18,2,2,0.0,0.0,0.0,0.0,0.0,2.0,20,6,2
48369,16,2,1,0,6,3,0,1,0,1,2,6,2,3,3.0,0.0,0.0,3.0,0.0,1.0,23,5,4
185749,16,2,0,10,8,3,0,1,0,0,2,19,2,2,0.0,0.0,0.0,0.0,0.0,2.0,5,3,12
174750,16,7,4,15,6,3,6,1,1,1,2,23,2,2,0.0,0.0,0.0,0.0,0.0,2.0,15,3,12
54653,16,2,3,2,3,3,0,1,1,1,1,22,1,2,0.0,0.0,0.0,0.0,0.0,1.0,13,1,4
167176,16,2,3,10,2,3,0,1,1,1,1,36,2,2,0.0,0.0,0.0,0.0,0.0,3.0,13,5,11
115060,15,2,3,17,8,3,0,5,0,1,1,36,3,3,2.0,0.0,0.0,2.0,0.0,1.0,8,4,8
149162,4,2,1,7,8,3,0,1,0,1,2,11,2,2,0.0,0.0,0.0,0.0,0.0,1.0,17,6,10
75126,4,2,3,0,10,4,0,1,0,1,2,6,2,1,1.0,0.0,1.0,0.0,0.0,1.0,5,6,6
1126,16,2,1,17,2,3,0,1,1,1,2,24,2,2,0.0,0.0,0.0,0.0,0.0,3.0,20,5,1
121546,16,11,0,17,6,3,5,5,0,1,2,18,2,2,0.0,0.0,0.0,0.0,0.0,2.0,21,7,9
33765,4,2,3,10,6,3,0,1,1,1,2,19,2,2,0.0,0.0,0.0,0.0,0.0,4.0,17,3,3
135477,16,7,3,0,6,3,6,1,0,1,2,36,2,2,0.0,0.0,0.0,0.0,0.0,3.0,14,6,9
76091,16,2,3,0,1,3,0,1,1,1,0,36,2,2,0.0,0.0,0.0,0.0,0.0,3.0,15,7,6
161760,16,2,3,17,6,3,0,1,0,1,2,36,2,3,3.0,0.0,0.0,3.0,0.0,0.0,10,7,11
35369,16,2,1,17,2,2,0,1,1,1,1,23,2,2,0.0,0.0,0.0,0.0,0.0,4.0,18,6,3
131646,16,2,0,17,6,3,6,1,1,1,2,36,2,2,0.0,0.0,0.0,0.0,0.0,5.0,20,3,9
179343,16,2,3,10,6,3,0,1,0,1,0,17,2,4,2.0,0.0,0.0,0.0,2.0,1.0,7,4,12
61236,15,2,1,17,6,3,0,1,1,1,2,18,2,2,0.0,0.0,0.0,0.0,0.0,2.0,0,7,5
11089,15,10,3,0,8,3,6,1,0,1,1,5,2,4,2.0,0.0,0.0,0.0,2.0,1.0,10,3,1
70014,4,2,1,17,11,3,0,1,1,1,2,22,2,2,0.0,0.0,0.0,0.0,0.0,4.0,0,7,5
36300,16,2,3,7,2,3,0,1,1,1,2,22,2,2,0.0,0.0,0.0,0.0,0.0,1.0,16,1,3
4784,4,3,3,17,6,3,4,1,1,1,2,18,2,2,0.0,0.0,0.0,0.0,0.0,3.0,15,4,1
5618,16,10,1,10,2,3,6,1,1,0,1,6,2,2,0.0,0.0,0.0,0.0,0.0,2.0,21,7,1
127667,16,2,3,15,6,3,0,1,1,1,1,22,2,2,0.0,0.0,0.0,0.0,0.0,2.0,13,6,9
73042,16,2,3,0,2,3,0,6,1,1,2,36,2,2,0.0,0.0,0.0,0.0,0.0,3.0,10,4,6
181287,16,11,5,10,17,3,5,5,1,1,2,26,2,2,0.0,0.0,0.0,0.0,0.0,2.0,16,5,12
139219,4,2,3,17,8,3,0,1,0,0,2,18,2,2,0.0,0.0,0.0,0.0,0.0,3.0,16,3,10
17727,16,2,3,14,6,3,0,1,1,1,1,12,2,2,0.0,0.0,0.0,0.0,0.0,2.0,9,2,2
180165,16,2,1,10,3,3,0,1,1,1,2,19,2,2,0.0,0.0,0.0,0.0,0.0,2.0,6,6,12
170557,16,2,3,15,6,3,0,1,1,1,2,22,2,2,0.0,0.0,0.0,0.0,0.0,2.0,15,4,11
35582,16,3,3,9,6,3,0,1,0,1,2,18,2,3,1.0,0.0,0.0,1.0,0.0,1.0,9,3,3
80668,4,2,3,15,8,4,0,1,1,1,2,18,2,2,0.0,0.0,0.0,0.0,0.0,2.0,18,5,6
22234,15,2,3,0,8,3,0,1,1,1,2,18,2,2,0.0,0.0,0.0,0.0,0.0,2.0,12,7,2
21831,4,6,1,10,1,4,6,1,1,1,2,36,3,2,0.0,0.0,0.0,0.0,0.0,3.0,23,7,2
37487,15,2,1,17,6,3,0,1,0,1,2,18,3,3,4.0,0.0,0.0,4.0,0.0,2.0,21,2,3
146483,15,2,1,0,2,3,0,5,0,1,2,18,2,4,1.0,0.0,0.0,0.0,1.0,1.0,19,3,10
29227,15,2,3,17,8,3,0,1,1,1,2,18,2,2,0.0,0.0,0.0,0.0,0.0,2.0,9,7,3
76217,16,2,3,15,8,3,0,1,1,1,1,23,2,2,0.0,0.0,0.0,0.0,0.0,4.0,16,3,6
138357,15,7,3,13,6,3,6,1,0,1,2,5,2,4,2.0,0.0,0.0,0.0,2.0,1.0,9,4,10
69237,16,2,3,17,2,3,0,1,0,1,2,24,2,2,0.0,0.0,0.0,0.0,0.0,2.0,15,1,5
184187,15,2,3,0,8,3,6,1,1,1,2,5,2,2,0.0,0.0,0.0,0.0,0.0,2.0,9,5,12
106923,16,2,3,10,8,3,6,1,1,1,2,36,2,2,0.0,0.0,0.0,0.0,0.0,2.0,13,6,8
95647,4,2,3,10,8,3,0,1,1,1,2,19,2,2,0.0,0.0,0.0,0.0,0.0,2.0,16,3,7
118621,4,2,3,10,2,3,0,1,1,1,2,19,2,2,0.0,0.0,0.0,0.0,0.0,2.0,14,1,8
130836,4,2,1,9,2,3,0,1,0,1,0,18,2,1,1.0,0.0,1.0,0.0,0.0,1.0,19,5,9
75431,4,2,3,10,3,3,0,1,0,1,2,19,2,4,1.0,0.0,0.0,0.0,1.0,4.0,15,6,6
57062,16,3,3,9,8,3,6,1,0,1,0,18,2,3,1.0,0.0,0.0,1.0,0.0,1.0,10,5,5
122618,16,2,3,17,6,3,0,1,1,1,2,36,2,2,0.0,0.0,0.0,0.0,0.0,2.0,15,2,9
113092,16,2,3,17,8,3,0,1,1,1,1,36,2,2,0.0,0.0,0.0,0.0,0.0,4.0,12,6,8
166454,4,2,3,17,8,3,0,1,1,1,2,21,2,2,0.0,0.0,0.0,0.0,0.0,5.0,13,6,11
149018,16,2,3,10,15,3,0,5,1,1,1,36,2,2,0.0,0.0,0.0,0.0,0.0,2.0,14,6,10
30380,16,2,3,0,6,3,0,1,1,1,2,36,2,2,0.0,0.0,0.0,0.0,0.0,2.0,12,7,3
151090,16,2,3,2,8,3,0,5,0,1,2,36,1,2,0.0,0.0,0.0,0.0,0.0,1.0,7,4,10
22411,15,10,5,0,6,3,6,5,0,1,2,36,2,2,0.0,0.0,0.0,0.0,0.0,2.0,16,5,2
175673,16,2,3,15,10,3,0,1,1,1,2,23,2,2,0.0,0.0,0.0,0.0,0.0,2.0,12,7,12
56607,16,7,3,10,8,3,6,1,1,1,1,19,2,2,0.0,0.0,0.0,0.0,0.0,2.0,6,5,5
20633,15,2,1,15,2,3,4,1,1,1,1,36,2,2,0.0,0.0,0.0,0.0,0.0,2.0,21,3,2
140972,15,2,3,0,15,3,0,1,0,1,2,18,2,3,2.0,0.0,0.0,2.0,0.0,0.0,15,1,10
107546,16,7,3,17,2,3,6,1,0,1,2,18,2,3,1.0,0.0,0.0,1.0,0.0,1.0,16,1,8
143927,16,2,3,10,8,3,0,1,1,1,2,36,2,2,0.0,0.0,0.0,0.0,0.0,2.0,14,6,10
16490,16,2,3,15,8,3,6,1,1,1,2,21,2,2,0.0,0.0,0.0,0.0,0.0,2.0,16,2,2
156459,4,2,3,9,2,3,5,5,0,1,0,36,2,4,1.0,0.0,0.0,0.0,1.0,1.0,8,6,11
56900,16,3,5,14,8,3,5,5,1,1,1,36,2,2,0.0,0.0,0.0,0.0,0.0,3.0,15,5,5
171382,16,2,1,17,2,3,0,1,0,1,2,18,2,2,0.0,0.0,0.0,0.0,0.0,2.0,18,2,11
187885,16,2,1,15,2,3,6,1,1,1,0,19,2,2,0.0,0.0,0.0,0.0,0.0,2.0,17,5,12
41282,16,2,1,10,6,3,0,1,0,1,2,19,2,2,0.0,0.0,0.0,0.0,0.0,2.0,19,4,3
159810,15,2,4,17,8,3,0,1,1,1,1,18,2,2,0.0,0.0,0.0,0.0,0.0,2.0,17,5,11
136093,16,2,1,17,6,3,0,1,0,1,2,6,2,2,0.0,0.0,0.0,0.0,0.0,4.0,18,7,9
24663,15,2,3,17,8,3,0,1,0,1,1,36,2,4,4.0,0.0,0.0,0.0,4.0,3.0,16,2,2
17026,4,10,1,17,15,3,6,1,0,1,2,18,2,2,0.0,0.0,0.0,0.0,0.0,3.0,17,4,2
14542,16,2,3,17,6,3,0,1,1,1,2,22,2,2,0.0,0.0,0.0,0.0,0.0,2.0,14,3,1
8756,16,2,3,15,8,3,0,1,1,1,2,26,2,2,0.0,0.0,0.0,0.0,0.0,2.0,16,6,1
49664,16,2,3,10,6,3,0,1,1,1,1,36,2,2,0.0,0.0,0.0,0.0,0.0,2.0,15,1,4
31787,16,2,0,17,8,3,0,5,1,1,2,36,2,2,0.0,0.0,0.0,0.0,0.0,2.0,21,4,3
147770,16,2,3,10,6,3,0,1,1,1,1,36,2,2,0.0,0.0,0.0,0.0,0.0,2.0,10,2,10
160884,16,10,3,2,8,3,4,1,0,1,2,39,1,2,0.0,0.0,0.0,0.0,0.0,1.0,8,6,11
54967,16,2,3,17,6,3,0,1,1,1,1,24,2,2,0.0,0.0,0.0,0.0,0.0,2.0,15,1,4
126303,16,2,3,17,2,3,0,1,0,1,1,17,2,2,0.0,0.0,0.0,0.0,0.0,2.0,12,6,9
75173,16,2,2,10,10,3,0,5,0,0,2,17,2,3,3.0,0.0,0.0,3.0,0.0,1.0,23,6,6
40310,15,7,1,0,8,3,6,1,1,1,2,18,2,2,0.0,0.0,0.0,0.0,0.0,2.0,19,6,3
67537,15,2,3,10,6,3,0,5,1,1,0,36,2,2,0.0,0.0,0.0,0.0,0.0,2.0,16,5,5
135715,15,2,1,0,10,3,0,5,0,1,2,36,2,2,0.0,0.0,0.0,0.0,0.0,4.0,21,3,9
164669,16,2,3,17,2,3,0,1,1,1,2,36,2,2,0.0,0.0,0.0,0.0,0.0,2.0,14,7,11
83593,15,2,3,9,6,3,0,1,0,1,0,36,2,3,1.0,0.0,0.0,1.0,0.0,1.0,14,7,6
132916,16,2,3,17,3,3,0,1,1,1,2,36,2,2,0.0,0.0,0.0,0.0,0.0,2.0,12,6,9
100713,15,2,1,10,8,3,0,1,0,1,2,17,2,2,0.0,0.0,0.0,0.0,0.0,2.0,21,5,7
26736,4,2,3,17,1,3,0,1,1,1,2,24,2,2,0.0,0.0,0.0,0.0,0.0,4.0,16,2,2
96388,16,2,1,17,6,3,0,1,0,1,2,36,2,2,0.0,0.0,0.0,0.0,0.0,2.0,0,7,7
168394,15,2,4,10,8,3,0,1,0,1,2,17,2,2,0.0,0.0,0.0,0.0,0.0,2.0,16,3,11
168723,16,2,1,15,10,3,0,1,1,1,2,18,2,2,0.0,0.0,0.0,0.0,0.0,2.0,18,7,11
109189,16,2,3,17,6,3,0,1,1,1,2,18,2,2,0.0,0.0,0.0,0.0,0.0,2.0,18,7,8
51481,16,2,3,9,2,3,0,1,0,1,2,18,2,1,1.0,0.0,1.0,0.0,0.0,1.0,19,5,4