crash_date,               traffic_control_device,weather_condition,lighting_condition,first_crash_type,trafficway_type,alignment,roadway_surface_cond,road_defect,crash_type,intersection_related_i,damage,prim_contributory_cause,num_units,most_severe_injury,injuries_total,injuries_fatal,injuries_incapacitating,injuries_non_incapacitating,injuries_reported_not_evident,injuries_no_indication,crash_hour,crash_day_of_week,crash_month
181359,16,2,3,10,2,3,6,1,0,1,2,19,2,2,0.0,0.0,0.0,0.0,0.0,2.0,11,1,12
76479,16,2,3,17,8,3,0,5,0,1,2,6,3,3,2.0,0.0,0.0,2.0,0.0,0.0,16,1,6
154630,16,7,2,17,3,3,6,1,1,1,1,19,2,2,0.0,0.0,0.0,0.0,0.0,2.0,18,4,10
65154,16,7,1,10,3,3,6,1,1,0,2,16,2,2,0.0,0.0,0.0,0.0,0.0,3.0,4,7,5
106799,16,2,3,0,2,3,0,1,0,1,1,13,2,3,1.0,0.0,0.0,1.0,0.0,3.0,13,3,8
54026,16,2,3,15,2,3,5,5,1,1,1,19,2,2,0.0,0.0,0.0,0.0,0.0,2.0,15,6,4
32665,16,2,3,17,15,3,0,1,0,1,2,18,2,2,0.0,0.0,0.0,0.0,0.0,2.0,12,3,3
163448,16,2,1,10,8,3,0,1,1,1,1,36,2,2,0.0,0.0,0.0,0.0,0.0,3.0,17,3,11
51919,16,3,3,15,8,3,0,1,1,1,1,22,2,2,0.0,0.0,0.0,0.0,0.0,2.0,7,6,4
175131,16,2,1,0,6,3,0,1,0,1,2,36,2,1,1.0,0.0,1.0,0.0,0.0,7.0,1,1,12
143412,4,7,2,7,8,3,6,1,1,1,2,36,2,2,0.0,0.0,0.0,0.0,0.0,1.0,7,4,10
102376,16,2,0,17,8,3,0,1,0,1,2,17,2,4,1.0,0.0,0.0,0.0,1.0,1.0,2,7,7
46130,17,2,3,0,6,3,0,5,1,1,1,36,2,2,0.0,0.0,0.0,0.0,0.0,2.0,9,7,4
113077,16,2,3,10,8,3,0,1,1,1,1,17,2,2,0.0,0.0,0.0,0.0,0.0,2.0,10,6,8
91580,16,2,1,10,3,3,0,1,0,1,1,26,2,3,1.0,0.0,0.0,1.0,0.0,1.0,22,2,7
110368,4,2,3,15,8,3,0,1,1,0,2,17,2,2,0.0,0.0,0.0,0.0,0.0,3.0,17,7,8
159327,16,2,3,17,10,3,0,1,1,1,1,36,2,2,0.0,0.0,0.0,0.0,0.0,2.0,16,5,11
7397,16,2,3,17,6,3,0,1,1,1,1,19,2,2,0.0,0.0,0.0,0.0,0.0,2.0,14,1,1
151168,16,2,3,17,6,3,0,6,1,1,2,35,2,2,0.0,0.0,0.0,0.0,0.0,2.0,13,7,10
180791,16,2,3,0,8,3,0,1,0,1,2,6,7,1,1.0,0.0,1.0,0.0,0.0,3.0,8,7,12
186332,16,2,1,0,8,3,0,1,0,1,2,18,2,2,0.0,0.0,0.0,0.0,0.0,2.0,18,2,12
183350,15,2,1,3,8,3,0,5,0,1,2,36,2,2,0.0,0.0,0.0,0.0,0.0,3.0,6,2,12
65744,16,2,3,10,2,3,0,1,1,1,1,19,2,2,0.0,0.0,0.0,0.0,0.0,3.0,12,2,5
47898,15,2,3,10,2,3,0,1,0,1,2,36,2,4,1.0,0.0,0.0,0.0,1.0,1.0,12,4,4
46304,16,2,3,10,8,3,0,1,1,1,1,19,2,2,0.0,0.0,0.0,0.0,0.0,4.0,17,2,4
85827,16,2,1,17,3,3,0,1,0,1,2,6,2,3,1.0,0.0,0.0,1.0,0.0,1.0,21,4,6
22109,16,3,3,0,8,3,0,1,0,1,2,6,2,2,0.0,0.0,0.0,0.0,0.0,2.0,12,5,2
187132,16,2,2,10,10,3,0,1,1,1,1,19,2,2,0.0,0.0,0.0,0.0,0.0,3.0,7,6,12
59777,16,7,1,0,6,3,6,1,0,1,2,39,2,2,0.0,0.0,0.0,0.0,0.0,2.0,22,7,5
27058,15,2,3,0,6,3,0,1,0,1,2,36,2,2,0.0,0.0,0.0,0.0,0.0,3.0,12,7,2
50365,15,2,3,17,2,3,0,1,1,1,2,18,2,2,0.0,0.0,0.0,0.0,0.0,2.0,9,5,4
81110,15,2,3,10,8,3,0,1,1,1,2,19,2,2,0.0,0.0,0.0,0.0,0.0,2.0,14,5,6
16398,15,2,3,10,8,3,0,1,1,1,1,17,2,2,0.0,0.0,0.0,0.0,0.0,2.0,13,5,2
159174,16,2,1,7,8,3,0,1,1,1,2,12,2,2,0.0,0.0,0.0,0.0,0.0,1.0,22,7,11
77587,4,2,3,9,0,3,0,1,1,1,0,18,2,2,0.0,0.0,0.0,0.0,0.0,2.0,10,3,6
106986,16,2,3,15,8,3,0,1,1,1,2,36,2,2,0.0,0.0,0.0,0.0,0.0,2.0,11,6,8
47993,17,11,5,13,6,3,5,5,1,1,2,36,2,2,0.0,0.0,0.0,0.0,0.0,2.0,18,7,4
91911,16,2,3,10,2,3,0,1,1,1,2,19,2,2,0.0,0.0,0.0,0.0,0.0,2.0,15,7,7
167488,16,7,1,10,8,3,6,5,1,1,2,21,2,2,0.0,0.0,0.0,0.0,0.0,2.0,0,3,11
169517,16,2,4,17,6,3,0,5,1,1,1,18,2,2,0.0,0.0,0.0,0.0,0.0,2.0,16,7,11
121997,18,2,3,3,6,3,0,1,1,1,2,6,2,2,0.0,0.0,0.0,0.0,0.0,2.0,17,7,9
187243,4,2,1,10,4,3,0,1,0,1,1,36,2,3,1.0,0.0,0.0,1.0,0.0,1.0,16,2,12
13199,16,2,3,10,8,3,6,1,1,1,2,19,2,2,0.0,0.0,0.0,0.0,0.0,2.0,11,5,1
55283,16,7,3,17,3,3,6,1,1,1,2,24,2,2,0.0,0.0,0.0,0.0,0.0,2.0,8,5,4
29665,16,2,3,0,2,3,0,1,0,1,2,23,2,2,0.0,0.0,0.0,0.0,0.0,3.0,10,1,3
149426,15,2,3,17,6,3,0,1,1,1,2,18,2,2,0.0,0.0,0.0,0.0,0.0,2.0,10,4,10
159020,4,2,3,7,8,3,0,1,1,0,2,36,4,2,0.0,0.0,0.0,0.0,0.0,4.0,10,1,11
25551,15,2,3,0,6,3,0,1,0,1,2,18,2,3,1.0,0.0,0.0,1.0,0.0,1.0,8,4,2
25307,4,2,0,17,8,4,0,1,1,1,0,23,2,2,0.0,0.0,0.0,0.0,0.0,2.0,19,6,2
116133,4,2,3,10,8,3,0,1,1,1,2,36,2,2,0.0,0.0,0.0,0.0,0.0,2.0,12,6,8
16723,15,2,3,0,8,3,0,1,1,1,2,18,2,2,0.0,0.0,0.0,0.0,0.0,3.0,14,7,2
133045,15,2,3,17,8,3,0,5,1,1,2,36,2,2,0.0,0.0,0.0,0.0,0.0,2.0,15,7,9
72263,16,7,3,0,6,3,6,1,0,1,2,18,2,2,0.0,0.0,0.0,0.0,0.0,2.0,8,7,6
99655,15,2,3,9,10,3,0,1,0,1,2,36,3,3,2.0,0.0,0.0,1.0,1.0,1.0,13,3,7
21547,15,2,3,17,8,3,5,5,1,1,2,38,2,2,0.0,0.0,0.0,0.0,0.0,3.0,11,3,2
172418,16,2,3,0,6,3,0,1,1,1,2,12,2,2,0.0,0.0,0.0,0.0,0.0,4.0,7,3,12
159512,16,2,3,9,8,3,0,5,0,1,2,18,2,3,1.0,0.0,0.0,1.0,0.0,1.0,14,2,11
51595,4,11,5,9,18,3,5,5,0,1,2,18,2,1,1.0,0.0,1.0,0.0,0.0,1.0,16,1,4
94593,15,2,3,0,2,3,0,1,0,1,2,18,2,2,0.0,0.0,0.0,0.0,0.0,2.0,18,7,7
129386,17,11,5,15,6,3,5,5,1,1,2,36,2,2,0.0,0.0,0.0,0.0,0.0,2.0,20,7,9
11212,16,10,3,17,10,3,4,1,1,1,2,36,2,2,0.0,0.0,0.0,0.0,0.0,2.0,10,5,1
125260,16,2,3,17,8,3,0,1,1,1,2,23,2,2,0.0,0.0,0.0,0.0,0.0,2.0,15,6,9
61729,15,7,1,10,10,3,6,1,1,1,2,19,2,2,0.0,0.0,0.0,0.0,0.0,2.0,22,1,5
140846,16,2,3,10,2,3,0,1,1,1,2,17,2,2,0.0,0.0,0.0,0.0,0.0,2.0,10,5,10
84087,16,2,3,15,2,3,0,1,1,1,2,24,2,2,0.0,0.0,0.0,0.0,0.0,2.0,18,6,6
90371,16,2,3,14,8,3,0,1,1,1,2,22,2,2,0.0,0.0,0.0,0.0,0.0,2.0,12,6,7
60919,18,2,3,10,10,3,0,1,1,1,2,18,2,2,0.0,0.0,0.0,0.0,0.0,2.0,16,4,5
176087,15,2,4,15,8,3,0,1,1,1,1,12,2,2,0.0,0.0,0.0,0.0,0.0,2.0,16,7,12
141206,4,2,3,8,8,3,0,1,0,1,0,18,2,3,1.0,0.0,0.0,1.0,0.0,1.0,15,2,10
164250,15,2,1,0,10,3,0,1,0,1,2,36,2,2,0.0,0.0,0.0,0.0,0.0,2.0,16,5,11
30476,15,7,3,0,15,3,6,1,1,1,2,18,2,2,0.0,0.0,0.0,0.0,0.0,2.0,8,3,3
64933,18,2,3,15,3,3,0,1,1,1,1,18,2,2,0.0,0.0,0.0,0.0,0.0,2.0,16,5,5
259,16,7,4,17,6,3,4,1,0,1,2,18,2,3,1.0,0.0,0.0,1.0,0.0,1.0,18,6,1
56623,16,7,3,10,6,3,6,1,1,1,2,17,2,2,0.0,0.0,0.0,0.0,0.0,2.0,8,5,5
78715,16,2,3,17,6,3,0,2,0,1,2,24,2,4,1.0,0.0,0.0,0.0,1.0,2.0,8,5,6
101885,16,2,3,10,8,3,0,1,1,1,1,36,2,2,0.0,0.0,0.0,0.0,0.0,3.0,14,7,7
148191,16,2,3,8,2,3,0,1,0,1,2,3,2,3,1.0,0.0,0.0,1.0,0.0,2.0,15,7,10
188590,16,2,4,10,8,3,0,1,0,1,1,17,2,4,2.0,0.0,0.0,0.0,2.0,1.0,15,1,12
173320,15,2,3,0,2,3,0,1,0,1,2,18,2,4,1.0,0.0,0.0,0.0,1.0,3.0,14,2,12
162568,16,2,1,17,8,3,0,1,1,1,2,18,2,2,0.0,0.0,0.0,0.0,0.0,2.0,20,3,11
65903,15,11,1,9,6,3,5,1,0,1,2,5,2,3,1.0,0.0,0.0,1.0,0.0,1.0,22,6,5
189003,17,10,1,3,8,3,6,1,0,0,2,11,2,3,3.0,0.0,0.0,3.0,0.0,1.0,21,1,12
24705,16,2,3,15,8,3,0,1,1,1,1,23,2,2,0.0,0.0,0.0,0.0,0.0,2.0,14,3,2
113114,4,2,3,10,8,3,0,1,1,1,1,19,2,2,0.0,0.0,0.0,0.0,0.0,3.0,17,7,8
121623,4,11,1,0,6,3,5,5,1,1,2,36,2,2,0.0,0.0,0.0,0.0,0.0,2.0,0,2,9
71512,16,2,3,0,6,3,0,1,0,1,2,18,2,4,1.0,0.0,0.0,0.0,1.0,1.0,9,2,5
69679,16,2,1,0,8,3,0,1,0,1,2,6,5,4,1.0,0.0,0.0,0.0,1.0,5.0,2,1,5
101861,16,2,3,10,2,3,0,1,1,1,0,36,2,2,0.0,0.0,0.0,0.0,0.0,2.0,19,6,7
60615,16,2,3,0,8,3,0,1,0,1,2,6,2,2,0.0,0.0,0.0,0.0,0.0,2.0,6,5,5
73916,4,2,3,17,8,3,0,1,0,1,2,18,2,2,0.0,0.0,0.0,0.0,0.0,2.0,14,3,6
92928,16,2,3,17,6,3,6,5,1,1,2,18,2,2,0.0,0.0,0.0,0.0,0.0,2.0,8,4,7
101423,16,2,3,17,3,3,0,1,1,1,2,18,2,2,0.0,0.0,0.0,0.0,0.0,2.0,18,7,7
39121,16,7,3,17,15,3,6,1,1,1,1,8,2,2,0.0,0.0,0.0,0.0,0.0,5.0,15,5,3
164437,4,2,3,17,8,3,0,1,1,1,1,36,2,2,0.0,0.0,0.0,0.0,0.0,4.0,6,2,11
67533,15,2,3,0,8,3,0,1,1,1,2,18,2,2,0.0,0.0,0.0,0.0,0.0,2.0,15,5,5
244,15,9,3,0,6,3,4,1,1,1,2,36,2,2,0.0,0.0,0.0,0.0,0.0,2.0,15,6,1
165559,15,2,3,0,3,3,0,1,0,1,2,18,2,4,2.0,0.0,0.0,0.0,2.0,5.0,12,2,11
127320,16,2,3,17,2,3,0,1,1,1,1,36,2,2,0.0,0.0,0.0,0.0,0.0,4.0,10,5,9
41091,4,2,3,17,0,3,0,1,0,1,2,36,2,3,2.0,0.0,0.0,2.0,0.0,2.0,18,6,3
19108,16,7,1,0,6,3,6,1,0,1,2,18,4,3,2.0,0.0,0.0,2.0,0.0,4.0,18,5,2
8860,15,2,3,11,2,3,4,1,0,1,2,21,2,2,0.0,0.0,0.0,0.0,0.0,5.0,11,7,1
128119,4,2,3,7,8,3,0,1,1,1,0,26,2,2,0.0,0.0,0.0,0.0,0.0,1.0,17,4,9
132797,16,2,3,15,5,3,0,1,1,1,2,23,3,2,0.0,0.0,0.0,0.0,0.0,3.0,14,5,9
164931,15,2,3,0,2,3,0,1,0,1,1,18,2,2,0.0,0.0,0.0,0.0,0.0,3.0,13,1,11
162101,16,2,3,15,6,3,0,1,1,1,0,23,2,2,0.0,0.0,0.0,0.0,0.0,2.0,14,5,11
19673,16,2,3,15,8,3,0,1,1,1,1,22,2,2,0.0,0.0,0.0,0.0,0.0,2.0,15,7,2
61422,16,2,3,10,8,3,0,1,1,1,2,19,2,2,0.0,0.0,0.0,0.0,0.0,2.0,17,5,5
110274,16,2,1,17,6,3,0,1,1,1,2,12,2,2,0.0,0.0,0.0,0.0,0.0,3.0,21,7,8
52142,16,2,3,10,2,3,0,1,1,1,2,19,2,2,0.0,0.0,0.0,0.0,0.0,4.0,17,2,4
117414,16,2,3,17,8,3,0,1,0,1,2,18,2,2,0.0,0.0,0.0,0.0,0.0,2.0,16,4,8
82932,15,2,1,17,6,3,0,1,0,1,2,5,2,1,1.0,0.0,1.0,0.0,0.0,1.0,22,2,6
35997,16,2,1,17,6,3,5,5,1,1,2,36,2,2,0.0,0.0,0.0,0.0,0.0,2.0,21,3,3
63415,15,2,3,0,12,3,0,5,1,0,1,36,2,2,0.0,0.0,0.0,0.0,0.0,2.0,15,1,5
153997,16,2,3,10,8,3,0,1,1,1,2,21,2,2,0.0,0.0,0.0,0.0,0.0,3.0,19,2,10
56738,16,2,3,10,8,3,0,1,1,1,2,34,2,2,0.0,0.0,0.0,0.0,0.0,3.0,16,1,5
132920,16,11,5,8,6,3,5,5,0,1,1,36,2,3,1.0,0.0,0.0,1.0,0.0,1.0,13,1,9
64488,4,2,3,0,10,3,0,1,0,1,2,18,2,3,1.0,0.0,0.0,1.0,0.0,1.0,15,6,5
146020,16,2,3,0,8,3,0,1,0,1,2,17,2,3,1.0,0.0,0.0,1.0,0.0,1.0,9,5,10
2703,16,2,2,17,6,3,0,1,0,1,2,6,2,4,2.0,0.0,0.0,0.0,2.0,0.0,6,5,1
46551,16,2,3,0,8,3,0,1,1,1,2,6,2,2,0.0,0.0,0.0,0.0,0.0,4.0,6,1,4
188538,15,2,3,0,6,3,0,1,0,1,2,18,2,2,0.0,0.0,0.0,0.0,0.0,2.0,12,2,12
179696,16,2,3,0,6,3,0,1,0,1,2,26,2,2,0.0,0.0,0.0,0.0,0.0,2.0,8,7,12
139934,16,2,1,17,2,3,0,1,1,1,2,36,2,2,0.0,0.0,0.0,0.0,0.0,2.0,20,5,10
114499,16,2,3,10,3,3,0,1,0,1,2,19,2,1,3.0,0.0,1.0,2.0,0.0,0.0,14,3,8
7278,15,2,1,17,8,3,0,1,1,1,2,24,2,2,0.0,0.0,0.0,0.0,0.0,5.0,18,6,1
35536,16,3,3,0,6,3,0,1,1,1,2,17,2,2,0.0,0.0,0.0,0.0,0.0,2.0,13,3,3
161712,15,2,1,0,6,3,0,1,0,1,2,18,2,2,0.0,0.0,0.0,0.0,0.0,2.0,22,6,11
88659,15,2,3,15,2,3,0,1,1,1,2,23,2,2,0.0,0.0,0.0,0.0,0.0,2.0,12,7,7
175395,16,2,3,0,6,3,0,1,1,1,1,6,2,2,0.0,0.0,0.0,0.0,0.0,2.0,8,6,12
132713,17,2,0,0,6,3,0,1,0,1,2,36,2,3,1.0,0.0,0.0,1.0,0.0,3.0,21,3,9
92674,16,2,3,17,8,3,0,1,0,1,2,36,2,3,2.0,0.0,0.0,2.0,0.0,1.0,13,7,7
106254,16,2,1,8,8,3,0,1,0,1,0,36,2,3,1.0,0.0,0.0,1.0,0.0,3.0,21,1,8
90365,16,3,1,10,6,3,5,5,0,1,2,19,2,2,0.0,0.0,0.0,0.0,0.0,2.0,0,6,7
45288,16,2,1,0,6,3,0,1,0,1,2,36,2,1,4.0,0.0,1.0,3.0,0.0,1.0,0,6,4
127197,15,2,3,17,2,3,0,1,0,1,2,18,3,4,4.0,0.0,0.0,0.0,4.0,1.0,17,4,9
127456,16,2,3,17,11,3,0,1,1,1,2,36,2,2,0.0,0.0,0.0,0.0,0.0,2.0,17,1,9
44762,15,11,5,17,6,3,5,5,1,1,2,24,2,2,0.0,0.0,0.0,0.0,0.0,2.0,15,4,4
186139,16,2,3,17,10,3,0,1,1,1,2,24,2,2,0.0,0.0,0.0,0.0,0.0,2.0,7,4,12
61316,16,2,3,17,8,3,0,1,1,1,2,36,2,2,0.0,0.0,0.0,0.0,0.0,2.0,8,3,5
66927,15,2,3,0,6,3,0,1,0,1,2,5,3,2,0.0,0.0,0.0,0.0,0.0,3.0,16,2,5
36548,16,7,1,10,8,3,6,5,1,1,1,36,2,2,0.0,0.0,0.0,0.0,0.0,2.0,20,6,3
22753,16,2,3,17,8,3,6,1,1,1,2,36,2,2,0.0,0.0,0.0,0.0,0.0,2.0,14,4,2
38862,16,2,1,0,8,3,0,5,0,1,2,6,3,2,0.0,0.0,0.0,0.0,0.0,5.0,0,7,3
161645,16,7,3,0,8,3,6,1,0,1,2,6,2,2,0.0,0.0,0.0,0.0,0.0,2.0,9,5,11
114673,16,2,1,9,10,3,0,5,0,0,2,18,2,3,1.0,0.0,0.0,1.0,0.0,1.0,21,3,8
121910,15,7,3,17,19,3,6,1,0,1,2,39,2,2,0.0,0.0,0.0,0.0,0.0,2.0,14,6,9
131299,16,2,3,10,3,3,0,1,0,1,2,19,2,3,1.0,0.0,0.0,1.0,0.0,2.0,7,4,9
111263,16,2,3,9,8,3,5,5,0,1,0,6,2,3,1.0,0.0,0.0,1.0,0.0,1.0,8,1,8
171480,16,2,4,17,18,3,0,1,0,1,1,36,2,3,1.0,0.0,0.0,1.0,0.0,2.0,16,4,11
76661,16,7,3,10,8,3,6,1,1,1,2,16,2,2,0.0,0.0,0.0,0.0,0.0,2.0,11,1,6
54464,16,2,3,15,8,3,0,1,0,1,2,20,2,2,0.0,0.0,0.0,0.0,0.0,2.0,15,7,4
31703,16,2,4,17,3,3,0,1,1,1,1,18,2,2,0.0,0.0,0.0,0.0,0.0,2.0,17,3,3
185398,16,2,3,0,10,3,0,1,0,1,2,6,4,3,1.0,0.0,0.0,1.0,0.0,2.0,10,3,12
98991,15,2,1,10,8,3,0,5,1,1,1,19,2,2,0.0,0.0,0.0,0.0,0.0,2.0,21,5,7
95200,15,7,3,17,10,4,6,1,1,1,0,36,2,2,0.0,0.0,0.0,0.0,0.0,4.0,18,4,7
97750,16,2,3,10,8,3,0,1,0,1,1,36,2,4,1.0,0.0,0.0,0.0,1.0,1.0,10,6,7
168067,6,2,4,0,6,3,0,1,1,1,2,18,2,2,0.0,0.0,0.0,0.0,0.0,2.0,16,6,11
79718,17,2,3,10,2,3,0,1,0,0,2,36,2,2,0.0,0.0,0.0,0.0,0.0,2.0,8,4,6
116744,16,2,3,10,11,3,0,1,1,1,1,36,2,2,0.0,0.0,0.0,0.0,0.0,2.0,11,6,8
42340,16,2,1,10,8,3,0,1,0,1,2,36,3,2,0.0,0.0,0.0,0.0,0.0,3.0,21,1,4
169789,4,7,0,10,6,3,6,1,0,1,2,17,3,3,1.0,0.0,0.0,1.0,0.0,3.0,17,3,11
69626,16,2,3,10,3,3,0,1,1,1,2,36,2,2,0.0,0.0,0.0,0.0,0.0,2.0,17,2,5
56815,15,2,3,0,6,3,0,1,1,1,2,36,2,2,0.0,0.0,0.0,0.0,0.0,3.0,8,2,5
102014,15,2,3,17,8,3,0,1,1,1,2,5,2,2,0.0,0.0,0.0,0.0,0.0,2.0,15,3,7
102321,15,11,5,3,8,3,5,5,1,1,1,36,2,2,0.0,0.0,0.0,0.0,0.0,3.0,21,1,7
158677,16,2,3,9,2,3,0,1,0,1,1,36,2,3,1.0,0.0,0.0,1.0,0.0,1.0,9,2,11
1736,15,2,3,10,10,3,4,1,1,1,1,33,2,2,0.0,0.0,0.0,0.0,0.0,2.0,16,3,1
21138,16,4,1,17,2,3,6,1,1,1,2,18,2,2,0.0,0.0,0.0,0.0,0.0,3.0,19,4,2
153436,16,2,1,15,2,3,0,1,1,1,2,22,2,2,0.0,0.0,0.0,0.0,0.0,2.0,19,7,10
60608,16,2,3,17,1,3,0,1,0,1,1,24,2,2,0.0,0.0,0.0,0.0,0.0,7.0,6,5,5
125391,15,2,3,0,6,3,0,1,0,1,2,36,2,3,1.0,0.0,0.0,1.0,0.0,1.0,14,2,9
43113,16,11,3,10,10,3,5,5,1,1,2,36,2,2,0.0,0.0,0.0,0.0,0.0,2.0,7,3,4
136448,16,2,3,17,2,3,0,1,1,1,2,24,2,2,0.0,0.0,0.0,0.0,0.0,3.0,9,7,9
146680,16,2,3,9,10,3,0,1,0,1,0,38,2,3,1.0,0.0,0.0,1.0,0.0,1.0,12,7,10
153332,16,2,3,10,6,3,0,1,1,1,2,19,2,2,0.0,0.0,0.0,0.0,0.0,2.0,10,1,10
75279,16,2,1,10,2,3,0,1,1,1,2,19,2,2,0.0,0.0,0.0,0.0,0.0,2.0,22,2,6
127660,16,2,1,17,6,3,0,1,1,1,2,24,2,2,0.0,0.0,0.0,0.0,0.0,2.0,22,4,9
59967,15,2,3,17,2,3,0,1,1,1,2,36,2,2,0.0,0.0,0.0,0.0,0.0,2.0,7,4,5
126851,15,2,1,17,8,3,0,1,0,1,2,5,3,2,0.0,0.0,0.0,0.0,0.0,3.0,21,7,9
166029,4,2,1,17,8,3,0,1,0,1,2,18,2,1,1.0,0.0,1.0,0.0,0.0,2.0,17,2,11
92016,15,2,3,17,8,3,0,1,0,1,1,24,2,2,0.0,0.0,0.0,0.0,0.0,2.0,11,2,7
151143,15,2,3,17,15,3,0,1,1,1,2,36,2,2,0.0,0.0,0.0,0.0,0.0,3.0,7,5,10
55244,16,2,3,0,8,3,0,1,0,1,2,18,2,2,0.0,0.0,0.0,0.0,0.0,4.0,14,5,4
69737,16,2,1,0,8,3,0,1,0,1,2,6,3,3,4.0,0.0,0.0,4.0,0.0,0.0,22,2,5
101549,16,2,3,10,3,3,0,1,0,0,2,6,4,3,2.0,0.0,0.0,2.0,0.0,2.0,14,3,7
120886,4,2,3,15,8,3,0,5,1,1,0,36,2,2,0.0,0.0,0.0,0.0,0.0,2.0,18,5,9
77694,4,2,3,17,10,3,6,1,0,1,2,18,2,2,0.0,0.0,0.0,0.0,0.0,2.0,7,3,6
131585,16,7,3,0,2,3,6,5,0,1,1,36,2,2,0.0,0.0,0.0,0.0,0.0,4.0,8,2,9
135056,16,2,0,17,8,3,5,5,0,1,2,36,2,1,1.0,0.0,1.0,0.0,0.0,1.0,21,7,9
168415,16,11,0,10,8,3,5,5,1,1,1,36,4,2,0.0,0.0,0.0,0.0,0.0,4.0,20,3,11
12267,16,10,1,10,2,3,4,5,1,1,2,39,2,2,0.0,0.0,0.0,0.0,0.0,2.0,17,4,1
125500,4,2,3,10,8,3,0,1,1,0,2,19,2,2,0.0,0.0,0.0,0.0,0.0,3.0,17,1,9
92269,16,2,1,10,2,3,0,1,1,1,2,19,2,2,0.0,0.0,0.0,0.0,0.0,2.0,22,7,7
3227,15,2,3,0,8,3,0,1,0,1,2,6,2,2,0.0,0.0,0.0,0.0,0.0,2.0,7,6,1
144885,15,2,3,15,8,3,0,1,1,1,2,18,2,2,0.0,0.0,0.0,0.0,0.0,2.0,11,3,10
140416,16,2,1,17,6,3,0,1,0,1,2,36,2,2,0.0,0.0,0.0,0.0,0.0,2.0,23,7,10
33952,16,2,3,17,2,3,0,5,1,1,2,22,2,2,0.0,0.0,0.0,0.0,0.0,2.0,17,4,3
145279,16,7,1,17,2,3,6,1,1,1,2,39,2,2,0.0,0.0,0.0,0.0,0.0,2.0,23,7,10
116189,16,2,0,8,8,3,5,5,0,1,2,18,2,3,2.0,0.0,0.0,1.0,1.0,0.0,21,5,8
132939,4,7,3,17,3,3,6,1,0,1,2,18,3,2,0.0,0.0,0.0,0.0,0.0,3.0,14,1,9
164377,16,2,1,15,8,3,0,1,1,1,1,36,2,2,0.0,0.0,0.0,0.0,0.0,3.0,18,7,11
65901,4,3,3,15,8,3,0,1,0,1,2,22,2,2,0.0,0.0,0.0,0.0,0.0,2.0,9,6,5
145805,15,7,0,7,10,3,6,1,1,1,2,17,2,2,0.0,0.0,0.0,0.0,0.0,1.0,1,1,10
148759,16,2,3,0,8,3,0,1,0,1,2,36,2,1,4.0,0.0,2.0,0.0,2.0,2.0,11,7,10
49611,16,2,3,8,8,3,0,1,1,1,0,6,2,2,0.0,0.0,0.0,0.0,0.0,2.0,14,7,4
35769,16,2,4,17,8,3,0,1,0,1,2,17,2,4,1.0,0.0,0.0,0.0,1.0,1.0,18,7,3
134604,15,2,3,17,6,3,0,5,0,1,2,18,2,2,0.0,0.0,0.0,0.0,0.0,5.0,9,1,9
135929,16,2,3,15,8,3,0,1,1,1,1,36,2,2,0.0,0.0,0.0,0.0,0.0,2.0,18,5,9
47739,4,2,3,0,10,3,0,1,0,1,2,38,2,2,0.0,0.0,0.0,0.0,0.0,3.0,10,7,4
134129,16,2,1,0,8,3,0,1,0,1,2,18,2,1,2.0,0.0,2.0,0.0,0.0,1.0,0,3,9
150534,15,2,3,17,6,3,0,1,0,1,2,24,2,4,1.0,0.0,0.0,0.0,1.0,3.0,15,4,10
52741,15,2,3,0,2,3,0,1,0,1,2,6,3,2,0.0,0.0,0.0,0.0,0.0,2.0,17,7,4
97179,15,2,3,0,2,3,0,1,0,1,2,18,2,4,1.0,0.0,0.0,0.0,1.0,1.0,7,5,7
102962,15,2,3,7,10,3,0,1,1,0,2,36,2,2,0.0,0.0,0.0,0.0,0.0,1.0,10,2,7
99427,16,2,3,0,6,3,0,1,0,1,2,6,2,3,1.0,0.0,0.0,1.0,0.0,3.0,19,5,7
58523,16,2,1,9,2,3,0,1,0,1,1,18,2,3,1.0,0.0,0.0,1.0,0.0,2.0,2,1,5
168253,16,2,3,0,10,3,0,1,0,1,2,6,2,2,0.0,0.0,0.0,0.0,0.0,2.0,10,6,11
34660,15,2,3,0,6,3,0,1,0,1,2,5,2,3,1.0,0.0,0.0,1.0,0.0,1.0,15,3,3
142314,15,2,3,10,8,3,0,1,1,1,2,36,3,2,0.0,0.0,0.0,0.0,0.0,3.0,17,3,10
59578,4,2,3,17,17,3,0,1,1,1,1,36,2,2,0.0,0.0,0.0,0.0,0.0,2.0,8,3,5
185617,16,2,1,10,6,3,6,1,1,1,2,12,2,2,0.0,0.0,0.0,0.0,0.0,2.0,17,1,12
7507,17,10,0,0,6,3,4,5,0,1,2,36,2,2,0.0,0.0,0.0,0.0,0.0,2.0,5,4,1
24674,15,2,1,0,15,3,0,1,0,1,2,5,2,4,1.0,0.0,0.0,0.0,1.0,2.0,18,2,2
141466,15,7,3,0,6,3,6,1,0,1,2,36,2,3,1.0,0.0,0.0,1.0,0.0,1.0,8,6,10
174564,15,3,3,7,8,3,0,1,1,1,0,12,2,2,0.0,0.0,0.0,0.0,0.0,1.0,9,7,12
147283,15,2,3,17,6,4,0,1,1,1,1,12,2,2,0.0,0.0,0.0,0.0,0.0,2.0,14,3,10
173251,16,2,3,0,8,3,0,1,1,1,1,6,2,2,0.0,0.0,0.0,0.0,0.0,2.0,10,7,12