crash_date,               traffic_control_device,weather_condition,lighting_condition,first_crash_type,trafficway_type,alignment,roadway_surface_cond,road_defect,crash_type,intersection_related_i,damage,prim_contributory_cause,num_units,most_severe_injury,injuries_total,injuries_fatal,injuries_incapacitating,injuries_non_incapacitating,injuries_reported_not_evident,injuries_no_indication,crash_hour,crash_day_of_week,crash_month
175814,16,2,1,10,8,3,0,1,1,1,2,19,3,2,0.0,0.0,0.0,0.0,0.0,3.0,2,5,12
138940,15,2,3,0,6,3,0,1,1,1,2,12,2,2,0.0,0.0,0.0,0.0,0.0,2.0,16,5,10
110516,16,3,3,0,6,3,0,1,0,1,2,6,2,1,2.0,0.0,1.0,1.0,0.0,0.0,7,3,8
187109,16,7,3,15,10,3,0,1,1,1,2,23,2,2,0.0,0.0,0.0,0.0,0.0,5.0,15,6,12
83693,15,7,3,7,2,3,6,1,1,1,2,28,2,2,0.0,0.0,0.0,0.0,0.0,1.0,6,6,6
172971,15,2,3,17,6,3,0,1,1,1,2,5,2,2,0.0,0.0,0.0,0.0,0.0,5.0,8,4,12
113081,16,2,1,0,8,3,0,1,0,1,2,17,2,3,3.0,0.0,0.0,3.0,0.0,1.0,22,6,8
28555,15,2,3,10,8,3,0,1,1,1,1,19,2,2,0.0,0.0,0.0,0.0,0.0,2.0,7,3,3
148713,16,2,3,15,2,3,0,1,1,1,1,17,2,2,0.0,0.0,0.0,0.0,0.0,2.0,12,6,10
180573,15,2,1,17,15,3,0,1,1,1,2,24,2,2,0.0,0.0,0.0,0.0,0.0,2.0,16,6,12
141983,16,2,3,0,8,3,0,1,0,1,2,36,2,2,0.0,0.0,0.0,0.0,0.0,2.0,10,6,10
163903,15,2,4,0,8,3,6,1,0,1,2,36,2,2,0.0,0.0,0.0,0.0,0.0,4.0,15,2,11
154545,4,2,3,10,8,3,0,1,1,0,2,19,2,2,0.0,0.0,0.0,0.0,0.0,6.0,7,3,10
188112,15,2,1,0,8,3,0,1,1,1,2,18,2,2,0.0,0.0,0.0,0.0,0.0,3.0,18,7,12
172771,15,2,1,17,8,3,0,5,1,1,2,18,2,2,0.0,0.0,0.0,0.0,0.0,2.0,16,7,12
127611,16,2,3,10,15,3,0,1,1,1,1,19,2,2,0.0,0.0,0.0,0.0,0.0,3.0,15,4,9
80424,16,2,3,17,8,3,0,5,1,1,2,22,2,2,0.0,0.0,0.0,0.0,0.0,2.0,12,6,6
130734,16,2,3,0,2,3,0,1,0,1,2,36,2,1,1.0,0.0,1.0,0.0,0.0,1.0,12,3,9
185083,16,4,1,0,15,3,6,1,0,1,2,6,2,2,0.0,0.0,0.0,0.0,0.0,2.0,3,7,12
106141,17,2,3,15,10,3,0,1,1,1,0,26,2,2,0.0,0.0,0.0,0.0,0.0,3.0,15,6,8
179638,16,7,3,10,8,3,6,1,1,1,2,36,2,2,0.0,0.0,0.0,0.0,0.0,2.0,9,6,12
12738,4,6,3,2,3,2,2,1,0,1,2,36,1,2,0.0,0.0,0.0,0.0,0.0,1.0,14,5,1
7652,16,2,1,17,2,3,0,1,0,1,2,18,2,3,1.0,0.0,0.0,1.0,0.0,2.0,23,3,1
60561,16,2,3,3,2,3,0,1,0,1,1,30,2,3,1.0,0.0,0.0,1.0,0.0,1.0,18,4,5
161837,16,2,3,17,8,3,0,1,1,1,2,24,2,2,0.0,0.0,0.0,0.0,0.0,3.0,13,7,11
1669,16,2,3,10,2,3,0,1,1,1,2,6,2,2,0.0,0.0,0.0,0.0,0.0,6.0,11,7,1
140754,4,2,3,2,0,3,0,1,1,0,2,36,1,2,0.0,0.0,0.0,0.0,0.0,1.0,7,4,10
173000,16,2,3,0,8,3,6,5,1,1,2,36,2,2,0.0,0.0,0.0,0.0,0.0,2.0,14,5,12
125638,16,2,4,15,2,3,0,5,1,1,2,36,2,2,0.0,0.0,0.0,0.0,0.0,2.0,19,3,9
152969,15,7,1,17,2,3,6,5,1,1,2,18,2,2,0.0,0.0,0.0,0.0,0.0,2.0,5,1,10
110868,16,2,3,10,8,3,0,1,1,1,2,19,2,2,0.0,0.0,0.0,0.0,0.0,2.0,16,6,8
2461,16,2,1,10,2,3,0,5,0,1,2,17,4,3,1.0,0.0,0.0,1.0,0.0,4.0,6,7,1
39025,16,2,1,0,10,3,6,1,1,1,2,3,2,2,0.0,0.0,0.0,0.0,0.0,2.0,23,1,3
85245,15,2,3,0,2,3,0,1,0,1,2,18,2,3,1.0,0.0,0.0,1.0,0.0,1.0,16,3,6
392,16,2,1,0,6,3,0,1,1,1,1,3,2,2,0.0,0.0,0.0,0.0,0.0,2.0,19,1,1
87596,15,2,3,0,6,3,0,1,0,1,2,18,2,2,0.0,0.0,0.0,0.0,0.0,3.0,15,5,6
451,16,2,0,10,2,3,0,1,1,1,1,36,2,2,0.0,0.0,0.0,0.0,0.0,3.0,11,2,1
55550,16,2,3,10,8,3,0,1,1,1,2,19,2,2,0.0,0.0,0.0,0.0,0.0,2.0,13,2,4
39481,4,2,1,2,8,3,0,1,0,1,2,26,1,2,0.0,0.0,0.0,0.0,0.0,1.0,20,4,3
125122,15,2,1,0,2,3,0,1,0,1,2,5,2,2,0.0,0.0,0.0,0.0,0.0,3.0,20,2,9
1694,4,1,0,2,8,3,1,5,1,1,0,39,1,2,0.0,0.0,0.0,0.0,0.0,1.0,16,2,1
182202,16,2,3,17,8,3,0,1,1,1,2,36,2,2,0.0,0.0,0.0,0.0,0.0,2.0,15,7,12
1998,15,2,4,17,8,3,4,1,0,1,2,5,2,2,0.0,0.0,0.0,0.0,0.0,3.0,16,6,1
104754,16,7,1,0,2,3,6,1,0,1,2,3,2,3,2.0,0.0,0.0,1.0,1.0,2.0,3,1,8
49397,15,2,1,15,6,3,6,1,1,1,1,36,2,2,0.0,0.0,0.0,0.0,0.0,2.0,21,3,4
180535,16,2,3,0,6,3,0,1,0,1,2,8,3,3,1.0,0.0,0.0,1.0,0.0,2.0,9,5,12
41014,16,7,0,10,2,3,6,5,1,1,1,19,2,2,0.0,0.0,0.0,0.0,0.0,2.0,21,4,3
153212,15,2,3,10,15,3,0,1,1,1,2,19,2,2,0.0,0.0,0.0,0.0,0.0,2.0,13,6,10
16616,4,10,3,10,8,3,4,1,1,1,2,36,2,2,0.0,0.0,0.0,0.0,0.0,2.0,15,5,2
29044,16,2,3,9,8,3,0,1,0,1,2,18,2,3,1.0,0.0,0.0,1.0,0.0,1.0,16,5,3
80777,16,2,3,17,2,3,0,1,0,1,2,6,2,4,1.0,0.0,0.0,0.0,1.0,1.0,11,6,6
83787,4,2,3,17,2,3,0,1,1,1,2,12,2,2,0.0,0.0,0.0,0.0,0.0,3.0,13,1,6
9881,16,11,1,17,8,3,5,5,0,1,2,36,2,2,0.0,0.0,0.0,0.0,0.0,2.0,20,5,1
98817,16,2,3,10,8,3,6,1,1,1,1,36,2,2,0.0,0.0,0.0,0.0,0.0,6.0,11,1,7
102862,16,2,0,0,6,3,0,1,0,1,2,6,2,2,0.0,0.0,0.0,0.0,0.0,3.0,0,2,7
90893,15,2,3,17,8,3,0,1,1,1,2,24,2,2,0.0,0.0,0.0,0.0,0.0,2.0,12,5,7
148378,4,2,3,0,8,3,0,1,1,1,1,18,2,2,0.0,0.0,0.0,0.0,0.0,2.0,13,4,10
153228,16,7,3,15,8,3,6,1,1,1,2,23,2,2,0.0,0.0,0.0,0.0,0.0,2.0,16,6,10
122257,16,2,1,2,3,3,0,1,0,1,2,26,1,2,0.0,0.0,0.0,0.0,0.0,2.0,22,2,9
162339,16,2,1,17,10,3,0,1,0,1,2,24,2,3,3.0,0.0,0.0,3.0,0.0,3.0,22,1,11
126866,16,3,3,10,8,3,5,5,1,1,2,36,2,2,0.0,0.0,0.0,0.0,0.0,2.0,12,7,9
18396,16,2,1,10,2,3,0,1,1,1,0,21,2,2,0.0,0.0,0.0,0.0,0.0,2.0,17,6,2
126198,4,2,3,17,3,3,0,1,0,1,2,18,2,4,1.0,0.0,0.0,0.0,1.0,3.0,6,4,9
52853,15,2,3,0,18,3,0,1,1,1,1,18,2,2,0.0,0.0,0.0,0.0,0.0,2.0,14,2,4
135005,15,2,3,0,8,3,0,1,0,1,2,5,2,3,1.0,0.0,0.0,1.0,0.0,2.0,12,5,9
107052,15,2,1,0,2,3,0,5,0,1,2,18,2,4,1.0,0.0,0.0,0.0,1.0,3.0,0,7,8
109486,16,2,3,0,6,3,0,1,0,1,2,18,2,3,1.0,0.0,0.0,1.0,0.0,1.0,7,3,8
156803,4,2,3,7,11,3,0,1,1,0,2,21,2,2,0.0,0.0,0.0,0.0,0.0,1.0,10,5,11
127102,15,2,3,17,15,3,0,1,1,1,2,18,2,2,0.0,0.0,0.0,0.0,0.0,2.0,16,5,9
19261,16,2,1,15,8,3,0,1,1,1,0,22,2,2,0.0,0.0,0.0,0.0,0.0,2.0,19,6,2
171810,16,7,3,17,8,3,6,1,0,1,2,36,3,3,1.0,0.0,0.0,1.0,0.0,2.0,8,7,11
23358,16,2,3,14,8,3,0,1,1,1,2,18,2,2,0.0,0.0,0.0,0.0,0.0,3.0,11,6,2
45195,15,7,3,0,2,3,6,1,1,1,1,5,2,2,0.0,0.0,0.0,0.0,0.0,2.0,17,5,4
122246,16,2,4,17,1,3,0,1,1,1,1,36,2,2,0.0,0.0,0.0,0.0,0.0,2.0,20,2,9
110453,15,2,3,10,2,3,0,1,1,1,0,19,2,2,0.0,0.0,0.0,0.0,0.0,2.0,8,2,8
22299,4,2,1,14,8,3,0,1,0,1,2,36,5,2,0.0,0.0,0.0,0.0,0.0,2.0,0,1,2
99790,4,2,3,5,8,3,0,1,0,1,2,18,2,1,2.0,0.0,1.0,1.0,0.0,1.0,17,3,7
5153,16,2,0,0,8,3,0,1,1,1,2,6,2,2,0.0,0.0,0.0,0.0,0.0,2.0,19,2,1
199,16,2,1,3,2,3,0,1,1,1,1,36,2,2,0.0,0.0,0.0,0.0,0.0,2.0,4,4,1
75328,16,2,3,0,6,3,0,1,0,1,2,6,2,3,1.0,0.0,0.0,1.0,0.0,1.0,9,3,6
186279,15,2,3,0,6,3,0,1,0,1,2,18,2,3,2.0,0.0,0.0,2.0,0.0,0.0,13,1,12
145732,16,2,1,9,8,3,0,5,0,1,0,18,2,1,1.0,0.0,1.0,0.0,0.0,1.0,18,2,10
120323,16,2,1,15,8,3,0,1,0,1,2,37,2,2,0.0,0.0,0.0,0.0,0.0,2.0,21,4,8
183349,16,2,1,9,8,3,0,1,0,1,2,36,2,3,1.0,0.0,0.0,1.0,0.0,1.0,5,2,12
76350,16,2,3,15,8,3,0,1,1,1,2,18,2,2,0.0,0.0,0.0,0.0,0.0,2.0,17,5,6
138875,4,2,3,9,3,3,0,1,0,0,2,26,2,3,1.0,0.0,0.0,1.0,0.0,1.0,17,4,10
55169,15,7,3,17,6,3,6,1,1,1,2,36,2,2,0.0,0.0,0.0,0.0,0.0,3.0,8,2,4
13187,16,2,1,17,6,3,0,1,1,1,2,24,2,2,0.0,0.0,0.0,0.0,0.0,3.0,21,5,1
91956,16,2,3,15,10,3,0,1,1,1,0,23,2,2,0.0,0.0,0.0,0.0,0.0,3.0,14,2,7
135549,15,7,1,9,10,3,6,5,0,1,0,36,2,4,1.0,0.0,0.0,0.0,1.0,1.0,11,6,9
174683,16,2,1,2,8,3,0,1,0,1,2,38,1,2,0.0,0.0,0.0,0.0,0.0,1.0,0,1,12
181088,16,10,0,10,8,3,6,5,1,1,2,39,2,2,0.0,0.0,0.0,0.0,0.0,2.0,17,6,12
165337,16,2,3,17,8,3,0,1,1,1,2,23,2,2,0.0,0.0,0.0,0.0,0.0,4.0,7,6,11
118696,4,2,3,14,8,3,0,1,1,0,2,36,2,2,0.0,0.0,0.0,0.0,0.0,3.0,17,2,8
128106,4,2,3,0,8,3,0,1,1,1,2,36,2,2,0.0,0.0,0.0,0.0,0.0,2.0,14,4,9
161242,16,2,1,17,10,3,0,1,1,1,2,36,2,2,0.0,0.0,0.0,0.0,0.0,2.0,18,6,11
183778,16,2,3,0,5,3,0,1,1,1,2,36,2,2,0.0,0.0,0.0,0.0,0.0,2.0,14,7,12
129277,15,2,3,0,8,3,0,5,1,1,2,36,2,2,0.0,0.0,0.0,0.0,0.0,3.0,13,6,9
104886,16,2,3,0,8,3,0,1,1,1,2,36,2,2,0.0,0.0,0.0,0.0,0.0,2.0,6,3,8
124474,15,2,3,10,2,3,0,5,1,1,2,21,2,2,0.0,0.0,0.0,0.0,0.0,3.0,15,7,9
17678,15,2,3,10,8,3,0,1,1,1,0,36,2,2,0.0,0.0,0.0,0.0,0.0,2.0,15,2,2
42433,4,2,3,10,8,3,0,1,1,1,1,36,2,2,0.0,0.0,0.0,0.0,0.0,2.0,15,4,4
112258,16,2,3,10,8,3,5,5,1,1,2,36,2,2,0.0,0.0,0.0,0.0,0.0,2.0,14,3,8
151911,16,2,1,9,6,3,0,6,0,1,0,36,2,3,1.0,0.0,0.0,1.0,0.0,1.0,4,3,10
93016,15,2,3,17,11,4,0,1,1,1,2,18,2,2,0.0,0.0,0.0,0.0,0.0,3.0,14,4,7
941,16,2,4,17,6,3,0,1,1,1,2,18,2,2,0.0,0.0,0.0,0.0,0.0,2.0,15,5,1
5503,16,3,2,9,3,3,2,1,0,1,0,18,2,1,1.0,0.0,1.0,0.0,0.0,1.0,7,6,1
34494,16,2,1,0,8,3,0,1,0,1,2,8,2,3,4.0,0.0,0.0,3.0,1.0,1.0,22,5,3
108725,16,2,3,17,2,3,0,1,1,1,2,24,2,2,0.0,0.0,0.0,0.0,0.0,2.0,17,4,8
116739,16,2,3,10,8,3,0,1,1,1,2,8,2,2,0.0,0.0,0.0,0.0,0.0,2.0,10,6,8
29177,15,2,1,0,2,3,0,1,0,1,2,17,2,2,0.0,0.0,0.0,0.0,0.0,3.0,20,6,3
93428,16,2,1,17,8,4,0,1,0,1,2,18,2,2,0.0,0.0,0.0,0.0,0.0,3.0,0,5,7
188383,16,2,3,10,2,3,0,1,1,0,2,19,2,2,0.0,0.0,0.0,0.0,0.0,2.0,14,6,12
154232,4,7,3,7,8,3,6,1,1,1,2,39,2,2,0.0,0.0,0.0,0.0,0.0,1.0,12,6,10
45500,16,2,1,17,2,3,0,1,0,1,2,18,2,2,0.0,0.0,0.0,0.0,0.0,2.0,22,2,4
61667,16,2,3,0,11,3,0,4,0,1,2,6,2,2,0.0,0.0,0.0,0.0,0.0,2.0,11,7,5
163776,15,2,4,17,6,3,6,1,1,1,1,36,2,2,0.0,0.0,0.0,0.0,0.0,3.0,16,6,11
132027,4,2,1,15,10,3,0,1,1,0,0,12,2,2,0.0,0.0,0.0,0.0,0.0,2.0,4,7,9
118950,4,7,3,15,2,3,6,1,1,1,0,22,2,2,0.0,0.0,0.0,0.0,0.0,2.0,12,4,8
95330,15,7,3,0,18,3,6,1,1,1,2,36,2,2,0.0,0.0,0.0,0.0,0.0,2.0,17,6,7
168965,16,2,3,17,8,3,0,1,0,1,2,6,2,2,0.0,0.0,0.0,0.0,0.0,2.0,11,4,11
36245,16,2,3,17,8,3,0,1,1,1,2,22,2,2,0.0,0.0,0.0,0.0,0.0,6.0,12,1,3
774,15,2,1,9,6,3,6,1,0,1,0,5,2,1,1.0,0.0,1.0,0.0,0.0,1.0,21,7,1
149136,4,2,3,5,10,3,0,3,1,0,2,26,1,2,0.0,0.0,0.0,0.0,0.0,2.0,15,4,10
120144,4,2,3,0,0,3,0,1,0,1,1,18,2,2,0.0,0.0,0.0,0.0,0.0,3.0,12,7,8
103569,16,2,1,17,2,3,0,1,1,1,2,35,2,2,0.0,0.0,0.0,0.0,0.0,4.0,20,4,7
66090,16,2,1,10,3,3,0,1,1,1,0,19,2,2,0.0,0.0,0.0,0.0,0.0,2.0,0,1,5
155429,16,2,1,0,6,3,0,1,0,1,2,36,2,2,0.0,0.0,0.0,0.0,0.0,2.0,3,1,10
148737,16,2,2,10,8,3,0,1,1,1,0,21,2,2,0.0,0.0,0.0,0.0,0.0,6.0,17,7,10
65392,4,2,3,10,8,3,0,1,1,1,2,36,2,2,0.0,0.0,0.0,0.0,0.0,2.0,6,5,5
164227,4,2,3,15,8,3,0,1,1,1,1,26,2,2,0.0,0.0,0.0,0.0,0.0,3.0,9,4,11
179641,16,11,5,10,17,3,5,5,1,1,2,36,2,2,0.0,0.0,0.0,0.0,0.0,2.0,9,6,12
155793,4,3,3,0,8,3,0,1,0,1,2,18,2,3,1.0,0.0,0.0,1.0,0.0,3.0,12,4,11
13803,16,10,1,2,2,3,6,1,1,1,2,24,1,2,0.0,0.0,0.0,0.0,0.0,1.0,6,2,1
165652,4,11,5,0,8,3,5,5,1,1,1,18,2,2,0.0,0.0,0.0,0.0,0.0,2.0,7,5,11
25246,15,2,3,0,2,3,0,1,0,1,1,18,2,3,1.0,0.0,0.0,1.0,0.0,5.0,15,5,2
83465,15,2,3,0,6,3,0,1,0,1,1,18,3,2,0.0,0.0,0.0,0.0,0.0,4.0,14,4,6
124643,16,2,3,17,10,3,0,5,1,1,2,24,2,2,0.0,0.0,0.0,0.0,0.0,2.0,14,4,9
56057,16,2,3,10,8,3,0,1,0,1,2,19,2,4,1.0,0.0,0.0,0.0,1.0,1.0,14,3,5
62808,15,11,5,0,6,3,5,5,1,1,2,36,2,2,0.0,0.0,0.0,0.0,0.0,2.0,20,5,5
93768,16,2,0,17,2,3,0,1,1,1,2,6,2,2,0.0,0.0,0.0,0.0,0.0,2.0,2,3,7
176076,15,2,3,0,2,3,0,1,1,1,2,18,2,2,0.0,0.0,0.0,0.0,0.0,2.0,13,7,12
1526,16,2,0,10,8,3,0,1,1,1,1,19,2,2,0.0,0.0,0.0,0.0,0.0,3.0,19,5,1
24036,15,7,2,17,2,3,6,1,0,1,2,23,2,2,0.0,0.0,0.0,0.0,0.0,2.0,6,3,2
185328,15,2,1,0,8,3,0,1,1,1,2,36,2,2,0.0,0.0,0.0,0.0,0.0,2.0,17,2,12
146521,16,2,1,17,10,3,0,5,0,1,2,24,2,2,0.0,0.0,0.0,0.0,0.0,2.0,1,4,10
62238,16,2,3,0,6,4,0,1,0,1,2,6,2,1,5.0,0.0,5.0,0.0,0.0,0.0,10,2,5
121104,4,2,3,15,11,3,0,5,1,1,1,26,2,2,0.0,0.0,0.0,0.0,0.0,3.0,15,4,9
41813,16,7,3,10,8,3,6,1,1,1,2,36,2,2,0.0,0.0,0.0,0.0,0.0,3.0,15,5,3
138661,4,2,3,9,8,3,0,1,1,1,0,36,2,2,0.0,0.0,0.0,0.0,0.0,2.0,14,4,10
24568,16,2,3,3,6,3,0,1,0,1,2,6,7,1,4.0,0.0,3.0,1.0,0.0,2.0,16,6,2
24175,16,2,3,17,1,3,0,1,1,1,2,18,2,2,0.0,0.0,0.0,0.0,0.0,2.0,11,5,2
67686,16,2,1,17,2,3,0,1,1,1,2,24,2,2,0.0,0.0,0.0,0.0,0.0,2.0,20,5,5
106989,16,2,3,0,8,3,0,1,0,1,2,36,2,3,2.0,0.0,0.0,2.0,0.0,1.0,11,6,8
124949,15,2,3,9,10,3,0,1,0,1,2,18,2,4,1.0,0.0,0.0,0.0,1.0,1.0,13,7,9
35683,16,7,4,10,2,3,6,1,0,1,1,36,2,4,1.0,0.0,0.0,0.0,1.0,2.0,16,5,3
29849,16,2,3,2,6,3,0,1,1,1,2,12,1,2,0.0,0.0,0.0,0.0,0.0,1.0,9,5,3
1304,16,10,3,0,2,3,0,1,0,1,2,38,2,2,0.0,0.0,0.0,0.0,0.0,2.0,9,2,1
26,16,2,1,10,8,3,0,1,1,1,2,28,2,2,0.0,0.0,0.0,0.0,0.0,2.0,17,1,1
169630,16,2,0,10,8,3,0,1,0,1,1,36,2,4,1.0,0.0,0.0,0.0,1.0,5.0,21,7,11
86706,15,2,1,0,6,3,6,1,1,1,2,36,2,2,0.0,0.0,0.0,0.0,0.0,2.0,23,6,6
178812,4,2,1,0,1,3,0,1,0,1,2,18,2,3,1.0,0.0,0.0,1.0,0.0,2.0,19,5,12
8427,17,6,3,0,6,3,0,5,0,1,2,28,2,2,0.0,0.0,0.0,0.0,0.0,2.0,14,3,1
179271,16,11,3,17,6,3,5,5,1,1,2,36,2,2,0.0,0.0,0.0,0.0,0.0,2.0,8,3,12
185457,15,2,1,0,6,3,0,1,1,1,2,18,3,2,0.0,0.0,0.0,0.0,0.0,3.0,22,5,12
172893,16,2,3,11,6,3,0,1,1,1,1,21,2,2,0.0,0.0,0.0,0.0,0.0,3.0,13,2,12
41975,16,7,3,10,2,3,6,1,1,1,2,36,2,2,0.0,0.0,0.0,0.0,0.0,2.0,8,3,3
33421,16,2,1,17,2,3,0,1,0,1,2,37,2,1,2.0,0.0,1.0,1.0,0.0,2.0,22,2,3
66963,4,2,3,0,15,3,0,1,0,1,2,18,2,4,2.0,0.0,0.0,0.0,2.0,1.0,9,2,5
134695,16,2,3,17,6,3,0,1,0,1,2,36,2,3,2.0,0.0,0.0,2.0,0.0,2.0,14,4,9
180544,4,10,1,5,8,3,6,1,0,1,2,36,1,1,2.0,0.0,2.0,0.0,0.0,1.0,23,5,12
90410,15,2,3,0,8,3,0,5,0,1,2,36,2,3,2.0,0.0,0.0,2.0,0.0,1.0,17,5,7
129339,15,2,3,0,16,3,2,2,0,1,2,38,2,4,1.0,0.0,0.0,0.0,1.0,1.0,11,6,9
174099,16,2,3,9,6,3,0,5,0,1,0,36,2,3,1.0,0.0,0.0,1.0,0.0,1.0,13,1,12
59100,16,3,3,5,3,3,0,2,0,1,2,37,2,1,2.0,0.0,2.0,0.0,0.0,1.0,15,3,5
16385,4,3,1,7,3,3,0,1,0,0,2,22,6,2,0.0,0.0,0.0,0.0,0.0,1.0,23,7,2
162040,4,2,3,17,2,3,0,5,1,0,2,38,2,2,0.0,0.0,0.0,0.0,0.0,2.0,7,3,11
162201,16,7,2,0,6,3,1,1,0,1,2,6,2,3,1.0,0.0,0.0,1.0,0.0,1.0,5,6,11
170800,16,2,3,10,8,3,0,1,1,1,2,19,2,2,0.0,0.0,0.0,0.0,0.0,2.0,7,5,11
161302,16,2,1,0,8,3,0,1,0,1,2,6,2,2,0.0,0.0,0.0,0.0,0.0,2.0,5,1,11
119917,16,7,3,10,2,3,6,1,1,1,2,12,2,2,0.0,0.0,0.0,0.0,0.0,3.0,8,6,8
64482,4,2,3,17,3,3,0,1,1,1,1,18,2,2,0.0,0.0,0.0,0.0,0.0,3.0,14,6,5
169951,16,2,3,14,6,3,0,5,1,1,2,18,2,2,0.0,0.0,0.0,0.0,0.0,2.0,14,7,11
118969,16,2,3,8,6,3,0,5,0,1,0,36,2,1,1.0,0.0,1.0,0.0,0.0,1.0,15,5,8
179817,16,2,3,10,8,3,0,1,1,1,2,19,2,2,0.0,0.0,0.0,0.0,0.0,2.0,9,3,12
3070,15,7,3,0,8,3,6,1,1,1,1,18,2,2,0.0,0.0,0.0,0.0,0.0,3.0,12,2,1
41677,16,3,3,0,6,3,0,1,0,1,2,6,2,3,2.0,0.0,0.0,1.0,1.0,1.0,9,4,3
22442,17,11,5,14,8,3,5,5,1,1,0,36,2,2,0.0,0.0,0.0,0.0,0.0,2.0,21,5,2
33614,16,2,3,0,6,3,0,1,0,1,2,6,2,3,3.0,0.0,0.0,3.0,0.0,0.0,11,6,3
71505,4,2,3,10,10,3,0,1,1,1,1,26,2,2,0.0,0.0,0.0,0.0,0.0,3.0,19,2,5
17397,16,2,0,10,2,3,6,1,0,1,2,36,2,2,0.0,0.0,0.0,0.0,0.0,4.0,19,3,2
135747,16,2,3,10,6,3,0,1,0,1,2,19,2,2,0.0,0.0,0.0,0.0,0.0,3.0,15,4,9
6845,16,2,3,15,2,3,0,1,1,1,2,23,2,2,0.0,0.0,0.0,0.0,0.0,2.0,12,6,1
3336,16,2,3,17,2,3,0,1,1,1,2,36,2,2,0.0,0.0,0.0,0.0,0.0,2.0,13,3,1
176848,16,2,1,17,5,3,0,1,1,1,2,36,2,2,0.0,0.0,0.0,0.0,0.0,3.0,20,5,12
90984,16,2,3,0,11,3,0,1,1,1,2,18,2,2,0.0,0.0,0.0,0.0,0.0,4.0,10,7,7
174477,15,2,0,0,8,3,0,1,0,1,2,18,2,3,2.0,0.0,0.0,2.0,0.0,2.0,17,5,12
51711,16,2,4,14,8,3,0,1,1,1,0,17,2,2,0.0,0.0,0.0,0.0,0.0,3.0,20,1,4
187694,4,2,2,14,6,3,0,1,1,1,2,36,2,2,0.0,0.0,0.0,0.0,0.0,3.0,13,1,12
46655,16,2,3,9,8,3,0,5,0,1,2,36,3,3,2.0,0.0,0.0,2.0,0.0,1.0,18,4,4
90748,16,2,3,10,2,3,0,1,1,0,1,19,2,2,0.0,0.0,0.0,0.0,0.0,2.0,10,4,7
58101,15,2,1,0,15,4,0,1,1,1,1,18,2,2,0.0,0.0,0.0,0.0,0.0,4.0,23,1,5
102779,16,2,3,0,6,3,0,1,0,1,2,6,2,4,1.0,0.0,0.0,0.0,1.0,1.0,6,7,7
138495,4,2,1,7,10,3,0,1,0,0,2,12,2,2,0.0,0.0,0.0,0.0,0.0,1.0,18,7,10
109284,16,2,3,17,10,3,0,1,1,1,1,19,2,2,0.0,0.0,0.0,0.0,0.0,2.0,18,6,8
138314,16,7,3,17,8,3,6,1,1,1,2,18,2,2,0.0,0.0,0.0,0.0,0.0,4.0,17,4,10
95969,16,2,3,10,2,3,0,1,1,1,2,19,2,2,0.0,0.0,0.0,0.0,0.0,3.0,18,3,7
55142,4,2,3,17,10,3,0,1,1,1,2,18,2,2,0.0,0.0,0.0,0.0,0.0,6.0,16,2,4
39355,15,2,3,17,8,3,0,1,1,1,2,36,2,2,0.0,0.0,0.0,0.0,0.0,2.0,13,1,3
157024,16,7,1,10,3,3,6,1,1,1,0,19,2,2,0.0,0.0,0.0,0.0,0.0,2.0,22,7,11
72679,15,2,3,7,6,3,0,1,0,1,2,26,4,2,0.0,0.0,0.0,0.0,0.0,2.0,14,6,6
128711,18,2,3,17,15,3,0,1,0,1,2,18,2,3,1.0,0.0,0.0,1.0,0.0,1.0,18,5,9
172351,15,7,0,0,6,3,6,1,1,1,2,36,2,2,0.0,0.0,0.0,0.0,0.0,2.0,16,1,12
34937,16,3,3,15,8,3,6,1,1,1,1,22,2,2,0.0,0.0,0.0,0.0,0.0,2.0,14,6,3
149744,4,2,3,14,2,3,0,1,1,1,2,18,2,2,0.0,0.0,0.0,0.0,0.0,2.0,16,7,10
39779,16,2,3,15,8,3,0,1,1,1,1,26,2,2,0.0,0.0,0.0,0.0,0.0,5.0,15,2,3
120885,16,2,2,9,16,3,0,5,0,0,0,6,2,4,1.0,0.0,0.0,0.0,1.0,1.0,6,5,9
60324,16,2,1,10,6,3,0,1,1,1,1,36,2,2,0.0,0.0,0.0,0.0,0.0,3.0,2,2,5
9553,16,10,3,17,8,3,4,1,1,1,2,21,2,2,0.0,0.0,0.0,0.0,0.0,2.0,11,6,1
25859,16,2,3,17,8,3,0,1,1,1,1,36,2,2,0.0,0.0,0.0,0.0,0.0,2.0,10,1,2
67517,4,2,3,17,8,3,0,1,1,1,2,19,2,2,0.0,0.0,0.0,0.0,0.0,3.0,11,3,5
79826,16,2,3,0,3,3,0,1,1,1,2,36,2,2,0.0,0.0,0.0,0.0,0.0,2.0,17,7,6
156402,16,7,1,2,2,3,6,1,0,1,1,36,1,3,1.0,0.0,0.0,1.0,0.0,0.0,23,5,11
129120,4,2,3,15,8,3,0,1,1,1,1,36,2,2,0.0,0.0,0.0,0.0,0.0,2.0,9,2,9
159388,4,7,1,17,2,3,6,1,0,1,2,18,2,2,0.0,0.0,0.0,0.0,0.0,2.0,0,5,11
9072,16,2,1,17,6,3,6,1,0,1,2,24,2,3,3.0,0.0,0.0,3.0,0.0,1.0,17,5,1
147697,15,7,3,17,15,3,6,1,1,1,1,18,2,2,0.0,0.0,0.0,0.0,0.0,4.0,9,1,10