crash_date,               traffic_control_device,weather_condition,lighting_condition,first_crash_type,trafficway_type,alignment,roadway_surface_cond,road_defect,crash_type,intersection_related_i,damage,prim_contributory_cause,num_units,most_severe_injury,injuries_total,injuries_fatal,injuries_incapacitating,injuries_non_incapacitating,injuries_reported_not_evident,injuries_no_indication,crash_hour,crash_day_of_week,crash_month
154797,16,7,1,15,3,3,6,5,1,1,1,26,2,2,0.0,0.0,0.0,0.0,0.0,3.0,5,7,10
184001,16,2,1,17,8,3,0,1,0,1,2,18,2,2,0.0,0.0,0.0,0.0,0.0,2.0,23,4,12
162924,4,2,3,17,15,3,0,1,1,1,1,23,2,2,0.0,0.0,0.0,0.0,0.0,2.0,12,2,11
126917,16,2,1,17,6,3,0,1,0,1,2,12,2,4,1.0,0.0,0.0,0.0,1.0,3.0,19,1,9
148521,15,7,1,0,6,3,6,1,0,1,2,18,2,3,1.0,0.0,0.0,1.0,0.0,5.0,23,5,10
139725,16,2,3,9,6,3,0,1,0,1,2,18,2,4,1.0,0.0,0.0,0.0,1.0,1.0,15,4,10
83001,15,2,3,0,8,3,0,1,1,1,2,18,2,2,0.0,0.0,0.0,0.0,0.0,2.0,13,4,6
72854,16,2,3,10,10,3,0,1,1,1,2,19,2,2,0.0,0.0,0.0,0.0,0.0,6.0,17,7,6
187230,16,2,3,17,8,3,0,5,1,1,1,22,2,2,0.0,0.0,0.0,0.0,0.0,2.0,14,2,12
99431,15,2,3,0,2,3,0,1,0,1,2,36,3,4,1.0,0.0,0.0,0.0,1.0,3.0,9,5,7
17743,4,2,3,7,2,3,0,5,1,0,0,12,2,2,0.0,0.0,0.0,0.0,0.0,1.0,12,2,2
67252,16,2,3,2,6,3,0,1,0,1,2,36,2,3,2.0,0.0,0.0,1.0,1.0,0.0,10,5,5
602,16,2,3,10,11,3,2,1,1,1,2,19,2,2,0.0,0.0,0.0,0.0,0.0,2.0,9,3,1
168085,16,2,3,17,2,3,6,5,1,1,2,23,3,2,0.0,0.0,0.0,0.0,0.0,4.0,7,6,11
167442,16,2,0,17,6,3,0,5,1,1,2,18,2,2,0.0,0.0,0.0,0.0,0.0,3.0,16,3,11
61797,16,2,3,14,6,3,0,1,0,1,2,4,2,2,0.0,0.0,0.0,0.0,0.0,3.0,16,4,5
117454,16,2,3,17,6,3,0,5,0,1,2,18,2,3,1.0,0.0,0.0,1.0,0.0,2.0,14,5,8
80688,16,2,0,17,6,3,0,1,0,1,2,36,2,2,0.0,0.0,0.0,0.0,0.0,2.0,21,5,6
14509,16,1,4,9,6,3,4,5,0,1,0,36,2,3,1.0,0.0,0.0,1.0,0.0,1.0,18,2,1
87105,4,7,3,17,8,3,6,1,1,1,1,24,2,2,0.0,0.0,0.0,0.0,0.0,3.0,15,5,6
168926,16,2,1,10,5,3,0,1,1,1,2,26,2,2,0.0,0.0,0.0,0.0,0.0,3.0,18,4,11
119394,16,2,3,0,6,3,0,1,1,1,1,13,2,2,0.0,0.0,0.0,0.0,0.0,2.0,12,5,8
66268,16,3,1,0,18,3,0,1,0,1,2,6,2,2,0.0,0.0,0.0,0.0,0.0,2.0,20,5,5
92904,16,2,3,10,3,3,0,1,1,1,2,36,2,2,0.0,0.0,0.0,0.0,0.0,2.0,17,4,7
140626,15,2,0,10,8,3,6,1,0,0,2,17,3,2,0.0,0.0,0.0,0.0,0.0,5.0,4,1,10
19232,16,2,2,0,11,3,0,1,1,1,2,3,2,2,0.0,0.0,0.0,0.0,0.0,4.0,6,4,2
9905,4,2,3,10,15,3,0,1,1,1,2,36,2,2,0.0,0.0,0.0,0.0,0.0,3.0,13,6,1
10540,15,4,1,0,8,3,6,1,0,1,2,18,2,2,0.0,0.0,0.0,0.0,0.0,4.0,21,1,1
41246,16,2,3,10,6,3,0,1,1,1,0,36,2,2,0.0,0.0,0.0,0.0,0.0,3.0,12,3,3
103673,16,2,3,17,6,3,0,1,0,1,2,18,2,3,2.0,0.0,0.0,1.0,1.0,3.0,12,6,7
173189,15,2,3,0,6,3,0,1,0,1,2,18,2,2,0.0,0.0,0.0,0.0,0.0,2.0,8,2,12
113234,16,2,3,8,2,3,0,1,0,1,0,36,2,4,1.0,0.0,0.0,0.0,1.0,1.0,15,3,8
71598,16,2,1,15,6,3,0,1,1,1,0,23,2,2,0.0,0.0,0.0,0.0,0.0,2.0,1,4,5
102581,16,2,1,7,6,3,0,1,0,1,2,13,3,2,0.0,0.0,0.0,0.0,0.0,1.0,23,4,7
171076,16,2,1,17,6,3,0,1,0,1,2,6,2,3,1.0,0.0,0.0,1.0,0.0,1.0,17,5,11
110880,16,2,3,10,3,3,0,1,1,1,0,17,2,2,0.0,0.0,0.0,0.0,0.0,2.0,19,1,8
77030,16,7,1,15,6,3,6,1,1,1,2,36,2,2,0.0,0.0,0.0,0.0,0.0,6.0,2,2,6
68677,16,2,3,17,8,3,0,1,1,1,2,18,3,2,0.0,0.0,0.0,0.0,0.0,3.0,14,7,5
172575,16,7,1,17,8,3,6,5,0,1,2,28,2,4,1.0,0.0,0.0,0.0,1.0,1.0,2,6,12
157395,15,2,1,0,8,3,0,5,1,1,2,18,2,2,0.0,0.0,0.0,0.0,0.0,2.0,20,4,11
93687,16,2,1,10,8,3,0,1,0,1,1,19,2,3,2.0,0.0,0.0,2.0,0.0,1.0,21,1,7
5611,4,2,0,7,10,3,0,1,1,0,2,36,2,2,0.0,0.0,0.0,0.0,0.0,1.0,8,7,1
26353,15,9,0,0,6,3,4,1,1,1,2,18,2,2,0.0,0.0,0.0,0.0,0.0,2.0,18,3,2
100993,16,2,3,0,8,3,0,1,1,1,2,6,2,2,0.0,0.0,0.0,0.0,0.0,2.0,11,1,7
39290,17,2,3,15,6,3,0,1,1,1,0,22,2,2,0.0,0.0,0.0,0.0,0.0,3.0,11,1,3
155152,16,3,1,10,2,3,0,1,1,1,2,19,2,2,0.0,0.0,0.0,0.0,0.0,2.0,6,3,10
185374,16,2,0,17,6,3,0,1,0,1,2,35,2,2,0.0,0.0,0.0,0.0,0.0,5.0,17,3,12
115315,16,2,3,10,8,3,0,1,1,1,0,19,2,2,0.0,0.0,0.0,0.0,0.0,2.0,18,7,8
176697,15,2,1,0,8,3,0,1,0,1,2,36,2,2,0.0,0.0,0.0,0.0,0.0,4.0,19,2,12
156708,6,2,2,17,6,3,0,5,0,1,2,24,2,3,1.0,0.0,0.0,1.0,0.0,1.0,5,4,11
182665,4,2,1,15,10,3,0,1,1,0,2,23,2,2,0.0,0.0,0.0,0.0,0.0,2.0,18,5,12
19761,16,9,1,17,2,3,6,1,1,1,1,18,2,2,0.0,0.0,0.0,0.0,0.0,3.0,17,2,2
150336,16,2,1,2,8,4,0,1,0,1,2,36,1,2,0.0,0.0,0.0,0.0,0.0,2.0,5,1,10
180250,16,2,0,10,8,3,0,1,1,1,1,19,3,2,0.0,0.0,0.0,0.0,0.0,7.0,17,7,12
25931,16,2,3,15,3,3,0,1,1,1,2,22,2,2,0.0,0.0,0.0,0.0,0.0,4.0,15,4,2
148419,4,2,3,17,15,3,0,5,1,1,1,18,2,2,0.0,0.0,0.0,0.0,0.0,2.0,8,4,10
128668,16,2,1,9,3,3,0,1,0,1,2,18,2,3,1.0,0.0,0.0,1.0,0.0,1.0,21,4,9
8717,16,10,0,17,1,3,4,1,0,1,2,24,2,2,0.0,0.0,0.0,0.0,0.0,6.0,21,5,1
20738,16,10,3,0,8,3,4,1,1,1,2,6,2,2,0.0,0.0,0.0,0.0,0.0,5.0,13,5,2
103298,4,2,3,7,6,3,0,1,0,1,2,36,2,2,0.0,0.0,0.0,0.0,0.0,1.0,16,1,7
9749,16,3,1,17,3,3,6,1,0,1,2,22,3,3,1.0,0.0,0.0,1.0,0.0,1.0,20,2,1
103056,16,2,3,0,8,3,0,1,1,1,1,36,2,2,0.0,0.0,0.0,0.0,0.0,2.0,14,5,7
77847,15,2,3,17,8,3,0,1,0,1,2,18,2,3,2.0,0.0,0.0,1.0,1.0,0.0,19,6,6
92712,4,7,0,17,6,3,6,1,0,1,2,35,2,2,0.0,0.0,0.0,0.0,0.0,2.0,20,7,7
130412,16,2,3,17,2,3,5,5,0,1,2,6,2,3,1.0,0.0,0.0,1.0,0.0,1.0,10,7,9
55266,15,2,3,0,6,3,0,1,0,1,2,38,2,3,3.0,0.0,0.0,2.0,1.0,1.0,17,5,4
13518,16,2,3,17,2,3,1,1,0,1,2,18,2,3,1.0,0.0,0.0,1.0,0.0,2.0,14,5,1
150717,16,2,3,15,8,3,0,1,1,1,1,6,2,2,0.0,0.0,0.0,0.0,0.0,4.0,9,7,10
44134,15,2,3,10,8,3,0,1,0,1,1,36,2,3,1.0,0.0,0.0,1.0,0.0,2.0,9,4,4
106769,16,2,3,10,8,3,0,5,1,1,0,18,2,2,0.0,0.0,0.0,0.0,0.0,2.0,18,2,8
101088,16,2,3,10,2,3,0,1,0,1,2,19,2,4,1.0,0.0,0.0,0.0,1.0,1.0,7,3,7
9354,16,10,0,15,2,3,6,1,1,1,1,23,2,2,0.0,0.0,0.0,0.0,0.0,4.0,19,3,1
179532,16,2,3,17,8,2,0,1,1,1,1,24,2,2,0.0,0.0,0.0,0.0,0.0,2.0,7,5,12
87688,16,2,3,17,6,3,0,1,1,1,2,18,2,2,0.0,0.0,0.0,0.0,0.0,2.0,8,6,6
157512,4,7,1,2,3,3,6,1,0,1,2,16,1,2,0.0,0.0,0.0,0.0,0.0,1.0,1,1,11
106261,16,2,3,2,8,3,0,1,1,1,2,36,1,2,0.0,0.0,0.0,0.0,0.0,1.0,10,1,8
154260,4,2,3,5,6,3,0,1,0,1,2,26,2,3,1.0,0.0,0.0,1.0,0.0,2.0,15,7,10
19459,16,10,3,17,3,3,4,5,1,1,2,36,2,2,0.0,0.0,0.0,0.0,0.0,2.0,11,4,2
113249,16,2,3,15,8,3,0,1,1,1,2,36,2,2,0.0,0.0,0.0,0.0,0.0,2.0,18,3,8
95656,16,2,3,0,6,3,0,5,0,1,2,35,2,3,1.0,0.0,0.0,1.0,0.0,1.0,17,3,7
27230,16,2,3,8,8,3,0,1,0,1,0,6,2,1,1.0,0.0,1.0,0.0,0.0,1.0,16,3,2
136972,16,2,3,17,3,3,0,5,1,1,2,36,2,2,0.0,0.0,0.0,0.0,0.0,5.0,12,6,9
176125,15,2,1,0,8,3,0,1,0,1,2,5,2,4,1.0,0.0,0.0,0.0,1.0,3.0,0,7,12
141872,16,2,3,10,6,3,0,1,1,1,1,26,2,2,0.0,0.0,0.0,0.0,0.0,2.0,17,5,10
113966,16,2,1,17,6,3,0,5,0,1,2,36,2,2,0.0,0.0,0.0,0.0,0.0,2.0,0,7,8
188581,16,6,1,10,8,3,4,5,1,1,1,19,2,2,0.0,0.0,0.0,0.0,0.0,4.0,1,1,12
45212,15,2,3,0,8,3,0,1,1,1,2,36,2,2,0.0,0.0,0.0,0.0,0.0,2.0,9,5,4
101185,16,2,1,0,6,5,0,1,0,1,2,6,2,3,2.0,0.0,0.0,2.0,0.0,1.0,3,6,7
16847,16,2,1,17,8,3,0,1,1,1,2,26,2,2,0.0,0.0,0.0,0.0,0.0,2.0,18,6,2
57161,4,11,5,7,8,3,0,1,1,0,1,36,2,2,0.0,0.0,0.0,0.0,0.0,1.0,11,6,5
77044,16,2,3,0,6,3,0,1,0,1,2,6,2,2,0.0,0.0,0.0,0.0,0.0,2.0,4,2,6
179338,16,2,3,0,6,3,0,1,1,1,1,36,2,2,0.0,0.0,0.0,0.0,0.0,2.0,6,4,12
128999,4,2,3,17,8,3,0,1,1,1,2,18,2,2,0.0,0.0,0.0,0.0,0.0,2.0,12,7,9
22914,16,2,3,10,6,3,5,5,1,0,2,36,2,2,0.0,0.0,0.0,0.0,0.0,2.0,7,6,2
167460,16,2,1,15,6,3,0,1,1,1,2,36,2,2,0.0,0.0,0.0,0.0,0.0,3.0,19,3,11
118246,16,2,3,17,6,3,0,1,1,1,1,24,2,2,0.0,0.0,0.0,0.0,0.0,3.0,12,3,8
136238,16,2,3,17,8,3,0,1,0,1,2,36,2,4,1.0,0.0,0.0,0.0,1.0,1.0,5,3,9
179238,16,2,0,17,6,4,0,1,0,1,2,6,2,3,4.0,0.0,0.0,2.0,2.0,0.0,1,3,12
30251,16,10,1,10,8,3,4,5,1,1,1,19,2,2,0.0,0.0,0.0,0.0,0.0,2.0,22,5,3
126555,16,2,3,17,8,3,0,1,1,1,2,23,2,2,0.0,0.0,0.0,0.0,0.0,2.0,7,4,9
3339,16,2,3,10,2,3,6,1,1,1,2,19,2,2,0.0,0.0,0.0,0.0,0.0,2.0,14,3,1
172170,4,2,3,0,10,3,0,1,1,1,2,21,2,2,0.0,0.0,0.0,0.0,0.0,2.0,8,5,12
21204,16,11,1,17,8,3,5,1,1,1,2,36,2,2,0.0,0.0,0.0,0.0,0.0,2.0,6,5,2
17000,15,2,3,17,8,3,6,1,1,1,1,18,2,2,0.0,0.0,0.0,0.0,0.0,2.0,11,3,2
9194,16,2,3,17,8,3,0,1,1,1,2,19,2,2,0.0,0.0,0.0,0.0,0.0,4.0,17,6,1
15814,16,10,3,17,6,3,4,1,0,1,2,24,2,3,1.0,0.0,0.0,1.0,0.0,1.0,13,4,2
73831,16,2,1,0,18,3,0,1,0,1,2,6,2,4,1.0,0.0,0.0,0.0,1.0,1.0,20,3,6
181791,15,2,0,0,10,3,0,1,0,1,2,6,2,1,3.0,0.0,1.0,2.0,0.0,3.0,16,3,12
132678,15,2,3,0,8,3,0,1,0,1,2,18,2,2,0.0,0.0,0.0,0.0,0.0,2.0,13,3,9
145486,4,2,3,17,6,3,0,1,1,1,2,24,2,2,0.0,0.0,0.0,0.0,0.0,2.0,17,5,10
168275,16,2,2,17,8,3,0,1,1,1,2,18,2,2,0.0,0.0,0.0,0.0,0.0,2.0,15,7,11
156927,16,2,3,17,11,3,0,1,1,1,2,36,2,2,0.0,0.0,0.0,0.0,0.0,2.0,15,6,11
98881,15,2,5,0,18,3,0,1,1,1,2,18,2,2,0.0,0.0,0.0,0.0,0.0,2.0,22,2,7
168548,16,2,3,15,8,3,0,5,1,0,2,18,2,2,0.0,0.0,0.0,0.0,0.0,2.0,12,5,11
84626,4,2,1,7,10,3,5,5,0,0,2,36,2,3,1.0,0.0,0.0,1.0,0.0,2.0,1,2,6
171217,4,2,3,17,8,3,6,1,0,1,2,18,2,4,2.0,0.0,0.0,0.0,2.0,0.0,15,5,11
15643,16,2,3,17,2,3,0,1,0,1,1,36,2,2,0.0,0.0,0.0,0.0,0.0,4.0,8,6,2
70941,15,2,3,0,8,3,0,1,1,1,2,18,2,2,0.0,0.0,0.0,0.0,0.0,2.0,9,1,5
13878,4,2,3,17,2,3,6,1,1,1,2,18,2,2,0.0,0.0,0.0,0.0,0.0,2.0,7,3,1
120557,4,2,3,17,8,3,0,1,1,1,1,23,2,2,0.0,0.0,0.0,0.0,0.0,4.0,8,6,9
87251,4,2,3,15,8,3,0,1,1,1,1,36,2,2,0.0,0.0,0.0,0.0,0.0,2.0,15,6,6
32845,16,11,5,17,5,3,2,5,1,1,0,36,2,2,0.0,0.0,0.0,0.0,0.0,2.0,4,1,3
82780,15,2,4,0,6,3,0,1,0,1,2,5,2,1,2.0,0.0,2.0,0.0,0.0,1.0,18,6,6
78757,4,2,3,15,13,5,0,1,1,1,2,26,2,2,0.0,0.0,0.0,0.0,0.0,3.0,14,4,6
37794,16,2,3,10,8,3,6,1,1,1,1,17,2,2,0.0,0.0,0.0,0.0,0.0,7.0,16,1,3
72271,16,7,3,9,6,3,6,1,1,1,0,31,2,2,0.0,0.0,0.0,0.0,0.0,2.0,10,7,6
87422,16,2,1,10,8,3,0,1,1,1,2,19,2,2,0.0,0.0,0.0,0.0,0.0,2.0,21,1,6
182395,15,2,3,0,12,3,0,1,1,0,1,12,2,2,0.0,0.0,0.0,0.0,0.0,2.0,6,4,12
67595,15,2,3,0,8,3,5,5,1,1,2,5,2,2,0.0,0.0,0.0,0.0,0.0,2.0,13,3,5
10284,16,2,1,9,6,3,0,1,0,1,2,18,2,1,1.0,0.0,1.0,0.0,0.0,1.0,17,5,1
151617,15,2,3,0,2,3,0,1,0,1,2,18,2,3,1.0,0.0,0.0,1.0,0.0,1.0,11,4,10
79556,16,2,3,0,8,3,0,5,1,1,2,6,3,2,0.0,0.0,0.0,0.0,0.0,2.0,16,2,6
43553,16,7,1,0,5,3,6,1,0,1,2,12,2,2,0.0,0.0,0.0,0.0,0.0,2.0,5,4,4
101110,16,2,3,15,8,3,0,5,1,1,2,36,2,2,0.0,0.0,0.0,0.0,0.0,2.0,12,3,7
166056,16,2,3,2,8,3,0,1,1,1,2,24,1,2,0.0,0.0,0.0,0.0,0.0,1.0,9,2,11
87527,16,2,3,14,18,3,0,5,1,1,2,11,2,2,0.0,0.0,0.0,0.0,0.0,2.0,16,4,6
124920,16,2,3,10,3,4,0,1,1,1,2,19,2,2,0.0,0.0,0.0,0.0,0.0,2.0,13,4,9
149110,16,11,5,17,15,3,5,5,1,1,2,36,2,2,0.0,0.0,0.0,0.0,0.0,2.0,19,1,10
34411,15,2,3,0,8,3,6,1,0,1,2,18,2,2,0.0,0.0,0.0,0.0,0.0,2.0,7,4,3
9681,16,10,4,17,2,4,4,1,0,1,2,12,2,2,0.0,0.0,0.0,0.0,0.0,2.0,17,1,1
92533,4,2,3,17,2,3,0,1,1,1,1,36,2,2,0.0,0.0,0.0,0.0,0.0,2.0,16,4,7
52192,15,2,3,15,8,3,0,5,1,1,0,36,2,2,0.0,0.0,0.0,0.0,0.0,2.0,15,3,4
110822,15,2,3,17,8,3,0,1,0,1,2,18,2,2,0.0,0.0,0.0,0.0,0.0,2.0,16,3,8
57810,15,2,3,0,6,3,0,1,0,1,2,18,2,3,3.0,0.0,0.0,3.0,0.0,1.0,17,5,5
35309,16,2,3,0,2,3,0,1,0,1,2,6,2,3,1.0,0.0,0.0,1.0,0.0,1.0,12,6,3
174091,16,2,1,0,3,3,0,1,0,1,2,3,2,4,2.0,0.0,0.0,0.0,2.0,3.0,1,1,12
48186,15,2,1,10,2,3,0,1,0,1,2,16,3,3,4.0,0.0,0.0,1.0,3.0,4.0,3,1,4
113056,16,2,3,17,8,3,0,1,0,1,2,6,2,3,1.0,0.0,0.0,1.0,0.0,3.0,18,6,8
20756,15,3,3,10,8,3,6,1,0,1,1,19,3,3,1.0,0.0,0.0,1.0,0.0,2.0,16,5,2
111398,16,2,3,17,15,3,0,5,1,1,2,36,2,2,0.0,0.0,0.0,0.0,0.0,2.0,10,4,8
9381,16,11,3,13,6,3,5,1,1,1,2,18,2,2,0.0,0.0,0.0,0.0,0.0,2.0,14,4,1
159468,16,2,1,5,15,3,0,1,0,0,2,36,2,3,1.0,0.0,0.0,1.0,0.0,1.0,4,1,11
136098,16,2,1,15,6,3,0,1,1,1,2,28,2,2,0.0,0.0,0.0,0.0,0.0,3.0,19,7,9
14653,16,2,1,2,2,3,0,3,1,0,2,26,2,2,0.0,0.0,0.0,0.0,0.0,1.0,18,4,1
139083,16,11,5,3,8,3,5,5,1,1,1,36,2,2,0.0,0.0,0.0,0.0,0.0,2.0,15,1,10
6303,15,2,3,17,2,3,0,5,1,1,2,36,2,2,0.0,0.0,0.0,0.0,0.0,2.0,15,6,1
51865,4,2,4,3,8,3,0,1,0,1,2,17,2,3,1.0,0.0,0.0,1.0,0.0,2.0,20,5,4
84931,15,7,3,0,6,3,6,1,1,1,2,36,2,2,0.0,0.0,0.0,0.0,0.0,2.0,14,6,6
153929,16,2,1,15,3,3,0,1,1,1,1,22,2,2,0.0,0.0,0.0,0.0,0.0,5.0,3,1,10
777,16,2,1,17,10,3,0,1,0,1,2,24,2,2,0.0,0.0,0.0,0.0,0.0,2.0,22,7,1
93945,16,2,3,10,6,3,0,1,0,1,2,19,2,4,1.0,0.0,0.0,0.0,1.0,1.0,9,6,7
154271,16,2,3,14,6,3,0,1,1,1,1,11,2,2,0.0,0.0,0.0,0.0,0.0,2.0,17,7,10
99111,4,7,3,10,8,3,6,5,1,1,1,19,2,2,0.0,0.0,0.0,0.0,0.0,2.0,17,7,7
10768,15,2,2,0,16,3,0,1,1,1,2,5,2,2,0.0,0.0,0.0,0.0,0.0,2.0,18,6,1
59367,15,2,3,0,2,3,0,1,1,1,2,38,2,2,0.0,0.0,0.0,0.0,0.0,2.0,15,1,5
148527,15,7,1,0,15,3,6,1,0,1,2,18,4,3,2.0,0.0,0.0,2.0,0.0,1.0,0,5,10
142996,4,2,3,0,2,3,0,1,1,1,2,18,2,2,0.0,0.0,0.0,0.0,0.0,2.0,11,5,10
82840,15,2,3,17,6,3,0,1,1,1,2,22,2,2,0.0,0.0,0.0,0.0,0.0,8.0,17,1,6
174658,16,7,1,17,2,3,6,1,1,1,1,18,2,2,0.0,0.0,0.0,0.0,0.0,2.0,22,1,12
152563,16,11,5,10,15,3,5,5,1,1,0,36,2,2,0.0,0.0,0.0,0.0,0.0,2.0,22,3,10
30819,15,2,4,0,8,3,0,1,0,1,2,18,2,2,0.0,0.0,0.0,0.0,0.0,2.0,17,1,3
77800,16,7,3,17,3,3,6,1,0,1,2,18,2,3,4.0,0.0,0.0,4.0,0.0,8.0,11,4,6
145266,16,7,2,17,2,3,6,1,1,1,2,18,2,2,0.0,0.0,0.0,0.0,0.0,2.0,21,7,10
160603,16,2,3,11,8,3,0,1,1,0,2,21,2,2,0.0,0.0,0.0,0.0,0.0,2.0,15,4,11
177023,4,2,1,2,7,3,0,1,0,1,2,2,1,2,0.0,0.0,0.0,0.0,0.0,2.0,23,7,12
179461,16,7,3,17,8,3,6,1,1,1,2,18,2,2,0.0,0.0,0.0,0.0,0.0,3.0,11,2,12
129417,15,2,3,17,14,3,0,6,1,1,2,17,2,2,0.0,0.0,0.0,0.0,0.0,4.0,3,2,9
99395,16,2,1,2,6,4,0,3,0,1,1,26,1,2,0.0,0.0,0.0,0.0,0.0,5.0,0,3,7
59864,15,2,3,0,10,3,0,1,1,1,2,36,2,2,0.0,0.0,0.0,0.0,0.0,2.0,16,2,5
112249,15,2,3,0,6,3,0,1,0,1,2,18,2,4,3.0,0.0,0.0,0.0,3.0,1.0,12,2,8
51261,16,2,3,10,2,3,0,1,1,1,1,19,2,2,0.0,0.0,0.0,0.0,0.0,3.0,13,7,4
56126,15,3,3,17,2,3,0,5,1,1,2,36,2,2,0.0,0.0,0.0,0.0,0.0,3.0,15,4,5
154967,16,2,1,17,6,3,0,1,0,1,2,6,2,3,1.0,0.0,0.0,1.0,0.0,2.0,20,2,10
64260,15,7,3,15,10,3,6,1,1,1,2,23,2,2,0.0,0.0,0.0,0.0,0.0,2.0,12,6,5
9360,16,10,1,15,8,3,4,5,1,1,1,23,3,2,0.0,0.0,0.0,0.0,0.0,4.0,20,3,1
121000,17,11,5,15,8,3,5,5,1,1,0,36,2,2,0.0,0.0,0.0,0.0,0.0,2.0,10,6,9
11258,16,2,1,10,10,3,0,5,0,1,2,17,2,3,2.0,0.0,0.0,2.0,0.0,1.0,22,7,1
6676,16,2,1,17,10,3,0,1,1,1,2,24,2,2,0.0,0.0,0.0,0.0,0.0,2.0,18,3,1
177546,16,3,1,0,15,3,6,1,0,1,2,36,2,2,0.0,0.0,0.0,0.0,0.0,5.0,22,7,12
182023,4,2,3,17,2,3,0,1,1,1,2,36,2,2,0.0,0.0,0.0,0.0,0.0,2.0,10,3,12
11660,16,7,1,17,2,3,6,5,1,1,2,17,2,2,0.0,0.0,0.0,0.0,0.0,2.0,22,6,1
169735,16,10,1,17,10,3,4,1,1,1,1,36,2,2,0.0,0.0,0.0,0.0,0.0,2.0,22,2,11
10420,16,2,3,0,8,3,0,1,0,1,2,36,2,4,1.0,0.0,0.0,0.0,1.0,1.0,7,7,1
26112,16,10,1,10,2,3,1,1,1,1,2,39,2,2,0.0,0.0,0.0,0.0,0.0,2.0,1,7,2
182894,15,2,2,0,6,3,0,1,0,1,2,18,2,2,0.0,0.0,0.0,0.0,0.0,2.0,15,3,12
97312,16,2,3,17,6,3,0,1,0,1,2,18,2,4,1.0,0.0,0.0,0.0,1.0,1.0,14,1,7
135009,16,3,3,17,6,3,0,1,1,1,2,12,2,2,0.0,0.0,0.0,0.0,0.0,2.0,13,7,9
122181,16,2,3,0,6,3,0,1,1,1,2,18,2,2,0.0,0.0,0.0,0.0,0.0,2.0,9,3,9
37098,16,2,3,17,2,3,0,5,0,1,1,36,2,2,0.0,0.0,0.0,0.0,0.0,2.0,17,3,3
15658,16,2,3,17,3,3,0,1,0,1,2,18,2,4,2.0,0.0,0.0,0.0,2.0,1.0,11,6,2
187479,16,2,1,17,6,3,0,1,0,1,2,24,2,3,1.0,0.0,0.0,1.0,0.0,3.0,17,7,12
96687,16,2,3,17,3,3,6,1,0,1,2,18,2,4,1.0,0.0,0.0,0.0,1.0,1.0,13,5,7
33591,15,2,4,17,2,3,0,5,1,1,2,18,2,2,0.0,0.0,0.0,0.0,0.0,2.0,17,6,3
153798,15,2,1,17,8,3,0,5,1,1,2,12,2,2,0.0,0.0,0.0,0.0,0.0,4.0,21,7,10
167499,16,10,3,10,8,3,4,1,1,1,1,19,2,2,0.0,0.0,0.0,0.0,0.0,4.0,14,5,11
45010,16,2,3,15,8,3,0,1,1,1,1,26,2,2,0.0,0.0,0.0,0.0,0.0,2.0,10,7,4
35418,15,2,3,0,8,3,0,1,1,1,1,18,2,2,0.0,0.0,0.0,0.0,0.0,4.0,13,7,3
122137,15,2,3,0,6,3,0,5,0,1,2,36,2,2,0.0,0.0,0.0,0.0,0.0,5.0,17,3,9
115290,4,2,3,0,8,3,0,1,1,1,2,36,2,2,0.0,0.0,0.0,0.0,0.0,3.0,14,7,8
131150,15,2,3,0,8,3,0,1,1,1,2,5,2,2,0.0,0.0,0.0,0.0,0.0,2.0,16,5,9
90038,16,2,3,11,3,3,0,1,1,1,1,37,2,2,0.0,0.0,0.0,0.0,0.0,4.0,15,1,7
61663,16,2,1,10,8,3,0,1,1,1,0,19,2,2,0.0,0.0,0.0,0.0,0.0,2.0,22,7,5
136680,16,2,4,10,8,3,0,1,1,1,2,19,2,2,0.0,0.0,0.0,0.0,0.0,2.0,18,1,9
50234,4,2,3,17,8,3,0,1,0,1,2,23,2,2,0.0,0.0,0.0,0.0,0.0,3.0,17,5,4
123515,4,2,1,17,8,3,0,1,0,0,2,18,2,1,3.0,0.0,1.0,2.0,0.0,0.0,2,1,9
141505,15,2,3,10,8,3,0,1,1,1,2,19,2,2,0.0,0.0,0.0,0.0,0.0,2.0,13,7,10
146384,16,7,3,3,8,3,6,1,0,1,2,6,2,4,2.0,0.0,0.0,0.0,2.0,0.0,9,1,10
30860,16,2,1,17,15,3,6,5,0,1,2,22,2,2,0.0,0.0,0.0,0.0,0.0,2.0,5,2,3
60286,16,2,3,0,8,4,0,1,0,1,2,18,2,2,0.0,0.0,0.0,0.0,0.0,4.0,19,1,5
157637,16,2,1,17,6,3,0,1,0,1,2,36,2,2,0.0,0.0,0.0,0.0,0.0,2.0,20,2,11
149673,4,2,5,7,15,3,0,1,1,0,2,36,2,2,0.0,0.0,0.0,0.0,0.0,1.0,6,2,10
167398,16,2,1,17,8,3,0,1,0,1,2,18,2,2,0.0,0.0,0.0,0.0,0.0,2.0,18,2,11
145379,16,2,4,15,8,3,0,1,1,1,2,22,2,2,0.0,0.0,0.0,0.0,0.0,2.0,19,2,10
54435,16,2,1,17,6,3,0,1,0,1,2,6,3,3,3.0,0.0,0.0,2.0,1.0,1.0,23,5,4
127927,16,2,0,10,6,3,0,1,1,1,1,19,2,2,0.0,0.0,0.0,0.0,0.0,2.0,3,7,9
110688,17,2,1,2,6,3,0,5,0,1,2,30,1,2,0.0,0.0,0.0,0.0,0.0,1.0,2,7,8