crash_date,               traffic_control_device,weather_condition,lighting_condition,first_crash_type,trafficway_type,alignment,roadway_surface_cond,road_defect,crash_type,intersection_related_i,damage,prim_contributory_cause,num_units,most_severe_injury,injuries_total,injuries_fatal,injuries_incapacitating,injuries_non_incapacitating,injuries_reported_not_evident,injuries_no_indication,crash_hour,crash_day_of_week,crash_month
126875,16,7,3,10,10,3,6,1,0,1,2,19,3,3,1.0,0.0,0.0,1.0,0.0,3.0,12,7,9
93586,15,2,3,0,8,3,0,1,0,1,2,38,2,2,0.0,0.0,0.0,0.0,0.0,2.0,16,6,7
47557,16,2,0,3,6,3,0,1,0,1,2,37,2,4,1.0,0.0,0.0,0.0,1.0,3.0,19,6,4
49706,17,2,3,10,8,3,0,1,1,1,0,36,2,2,0.0,0.0,0.0,0.0,0.0,2.0,14,2,4
168025,17,11,1,15,8,3,5,5,1,1,2,36,2,2,0.0,0.0,0.0,0.0,0.0,2.0,18,4,11
55540,16,2,1,10,8,3,0,1,1,1,2,36,2,2,0.0,0.0,0.0,0.0,0.0,2.0,20,1,4
18829,4,10,1,7,8,3,4,1,1,1,2,16,2,2,0.0,0.0,0.0,0.0,0.0,1.0,21,6,2
116090,16,2,3,17,3,3,0,1,0,1,2,18,2,3,1.0,0.0,0.0,1.0,0.0,1.0,18,6,8
168834,15,7,4,17,15,3,6,1,0,1,2,18,3,1,1.0,0.0,1.0,0.0,0.0,3.0,16,3,11
56404,16,7,3,0,6,3,6,1,1,1,2,18,2,2,0.0,0.0,0.0,0.0,0.0,3.0,9,2,5
39665,4,7,3,0,8,3,6,5,0,1,2,26,2,3,1.0,0.0,0.0,1.0,0.0,1.0,12,7,3
21684,16,2,1,15,11,3,0,1,1,1,2,36,3,2,0.0,0.0,0.0,0.0,0.0,4.0,21,5,2
75936,16,2,3,2,6,3,0,1,1,1,2,26,1,2,0.0,0.0,0.0,0.0,0.0,1.0,10,5,6
108166,16,2,3,15,6,3,0,1,1,1,1,4,2,2,0.0,0.0,0.0,0.0,0.0,2.0,18,5,8
117427,16,2,3,10,6,3,0,1,1,1,2,17,2,2,0.0,0.0,0.0,0.0,0.0,2.0,6,4,8
65018,4,2,1,17,8,3,0,1,0,1,2,22,2,2,0.0,0.0,0.0,0.0,0.0,2.0,18,7,5
179882,16,7,1,15,6,3,6,1,1,1,2,24,2,2,0.0,0.0,0.0,0.0,0.0,2.0,6,4,12
6711,16,2,1,17,11,3,0,1,1,1,1,36,2,2,0.0,0.0,0.0,0.0,0.0,2.0,22,3,1
51549,16,2,3,17,8,3,0,1,1,1,2,24,2,2,0.0,0.0,0.0,0.0,0.0,3.0,7,6,4
28730,15,2,3,0,2,3,0,5,0,1,2,36,2,2,0.0,0.0,0.0,0.0,0.0,2.0,14,6,3
15894,4,2,3,17,15,3,0,1,0,1,2,24,2,1,1.0,0.0,1.0,0.0,0.0,2.0,9,5,2
102512,16,2,1,10,3,3,0,5,1,1,0,36,2,2,0.0,0.0,0.0,0.0,0.0,2.0,21,2,7
28364,16,2,1,10,8,3,0,1,1,1,0,36,2,2,0.0,0.0,0.0,0.0,0.0,2.0,2,6,3
81390,15,2,1,17,8,3,0,5,1,1,2,5,2,2,0.0,0.0,0.0,0.0,0.0,3.0,23,1,6
17261,15,2,3,0,16,3,0,1,0,1,2,36,2,3,2.0,0.0,0.0,1.0,1.0,2.0,8,1,2
104279,15,2,3,0,6,3,0,1,0,1,2,17,5,4,1.0,0.0,0.0,0.0,1.0,2.0,19,1,8
5472,17,10,1,17,2,3,1,5,0,1,2,18,2,2,0.0,0.0,0.0,0.0,0.0,2.0,22,5,1
107620,16,2,3,10,8,3,0,1,1,1,1,19,2,2,0.0,0.0,0.0,0.0,0.0,2.0,6,2,8
38266,16,2,3,10,6,3,0,1,1,1,1,36,3,2,0.0,0.0,0.0,0.0,0.0,4.0,16,3,3
10942,4,5,3,10,8,3,6,5,0,1,2,36,2,2,0.0,0.0,0.0,0.0,0.0,3.0,1,2,1
142767,16,2,3,17,8,3,0,1,0,1,2,26,2,2,0.0,0.0,0.0,0.0,0.0,2.0,14,3,10
117500,16,2,1,17,8,3,0,1,0,1,2,18,5,2,0.0,0.0,0.0,0.0,0.0,6.0,21,5,8
161556,16,10,3,9,6,3,6,1,0,1,2,18,2,3,1.0,0.0,0.0,1.0,0.0,1.0,12,2,11
98897,15,2,1,10,8,3,0,1,1,1,1,36,2,2,0.0,0.0,0.0,0.0,0.0,3.0,1,4,7
59243,16,7,3,10,2,3,5,1,1,0,1,36,2,2,0.0,0.0,0.0,0.0,0.0,3.0,8,6,5
63609,4,2,3,17,11,3,0,1,1,1,2,28,2,2,0.0,0.0,0.0,0.0,0.0,2.0,18,3,5
76542,16,2,3,10,8,3,0,5,1,1,0,26,2,2,0.0,0.0,0.0,0.0,0.0,5.0,16,6,6
60609,15,2,3,0,8,3,0,1,1,1,2,18,2,2,0.0,0.0,0.0,0.0,0.0,2.0,18,5,5
92069,16,2,3,17,6,3,0,1,1,1,2,24,2,2,0.0,0.0,0.0,0.0,0.0,3.0,8,3,7
129863,16,2,3,17,6,3,0,1,1,1,0,19,2,2,0.0,0.0,0.0,0.0,0.0,2.0,11,6,9
167112,4,7,3,0,0,3,6,1,0,1,1,21,2,3,1.0,0.0,0.0,1.0,0.0,2.0,11,3,11
59721,16,2,3,10,2,3,0,1,1,1,1,36,2,2,0.0,0.0,0.0,0.0,0.0,2.0,12,6,5
88495,16,2,3,15,8,3,0,1,1,1,1,36,2,2,0.0,0.0,0.0,0.0,0.0,2.0,9,5,7
176157,16,3,3,17,3,3,0,1,0,1,2,18,2,4,1.0,0.0,0.0,0.0,1.0,1.0,8,1,12
17088,15,2,3,17,15,3,1,1,1,1,2,36,2,2,0.0,0.0,0.0,0.0,0.0,2.0,14,6,2
143068,16,2,3,8,8,3,0,1,0,1,1,17,2,3,1.0,0.0,0.0,1.0,0.0,1.0,10,7,10
16015,4,2,1,7,8,3,0,1,1,1,0,21,3,2,0.0,0.0,0.0,0.0,0.0,2.0,2,7,2
83518,16,2,3,10,8,3,0,1,1,1,2,36,2,2,0.0,0.0,0.0,0.0,0.0,2.0,13,5,6
170643,16,2,1,10,8,3,0,1,1,1,1,19,2,2,0.0,0.0,0.0,0.0,0.0,2.0,19,2,11
171714,4,2,3,0,1,3,0,1,1,1,1,18,2,2,0.0,0.0,0.0,0.0,0.0,2.0,19,6,11
25326,15,2,1,0,11,3,0,1,0,1,2,36,2,2,0.0,0.0,0.0,0.0,0.0,2.0,23,6,2
36444,16,2,1,9,1,3,0,1,0,1,0,36,2,3,1.0,0.0,0.0,1.0,0.0,1.0,0,4,3
11748,16,10,3,0,8,3,4,1,1,1,2,39,3,2,0.0,0.0,0.0,0.0,0.0,2.0,7,2,1
72546,16,2,3,17,2,3,0,1,1,1,1,12,2,2,0.0,0.0,0.0,0.0,0.0,3.0,15,4,6
146066,16,7,3,10,8,3,6,1,1,1,1,19,2,2,0.0,0.0,0.0,0.0,0.0,2.0,16,6,10
74305,4,2,3,7,10,2,0,1,1,1,1,24,2,2,0.0,0.0,0.0,0.0,0.0,1.0,7,2,6
28077,16,2,3,0,2,3,0,1,1,1,2,6,2,2,0.0,0.0,0.0,0.0,0.0,2.0,11,4,2
117414,16,2,3,10,10,3,0,1,0,1,1,19,2,4,1.0,0.0,0.0,0.0,1.0,1.0,16,4,8
66707,16,2,3,15,10,3,0,1,1,1,2,22,2,2,0.0,0.0,0.0,0.0,0.0,2.0,9,4,5
123459,16,2,1,8,6,3,0,1,1,1,0,18,2,2,0.0,0.0,0.0,0.0,0.0,3.0,19,6,9
158755,16,7,3,0,3,3,6,1,0,1,2,6,3,2,0.0,0.0,0.0,0.0,0.0,3.0,9,3,11
103214,4,2,3,5,8,3,0,1,0,1,1,36,2,3,1.0,0.0,0.0,1.0,0.0,1.0,15,7,7
132771,16,7,3,17,15,3,6,1,0,1,2,23,2,2,0.0,0.0,0.0,0.0,0.0,4.0,8,4,9
18719,4,2,3,15,6,3,0,1,1,1,2,5,2,2,0.0,0.0,0.0,0.0,0.0,2.0,6,5,2
120402,16,2,3,10,6,3,0,5,1,1,2,17,2,2,0.0,0.0,0.0,0.0,0.0,3.0,11,5,8
88021,15,2,3,17,6,3,0,1,0,1,1,38,2,2,0.0,0.0,0.0,0.0,0.0,2.0,9,4,7
74089,16,2,3,10,6,3,0,1,1,0,1,19,2,2,0.0,0.0,0.0,0.0,0.0,2.0,16,6,6
66011,16,3,3,10,8,3,6,1,0,1,2,19,2,4,2.0,0.0,0.0,0.0,2.0,1.0,15,2,5
149873,15,2,3,17,8,4,0,1,1,1,2,24,2,2,0.0,0.0,0.0,0.0,0.0,5.0,7,2,10
55906,15,7,3,0,6,3,6,1,0,1,2,18,2,2,0.0,0.0,0.0,0.0,0.0,6.0,16,1,4
70807,16,7,3,17,8,3,6,1,0,1,2,24,3,1,2.0,0.0,1.0,1.0,0.0,2.0,6,5,5
37681,15,2,3,0,10,3,0,1,1,1,2,36,2,2,0.0,0.0,0.0,0.0,0.0,3.0,15,5,3
115848,16,2,3,17,3,3,0,1,0,1,2,6,2,2,0.0,0.0,0.0,0.0,0.0,4.0,11,1,8
41243,16,2,3,17,5,3,0,1,1,1,2,24,2,2,0.0,0.0,0.0,0.0,0.0,2.0,11,3,3
132524,15,2,1,0,2,3,0,1,0,1,2,5,3,3,2.0,0.0,0.0,2.0,0.0,0.0,23,6,9
37719,16,2,3,17,1,3,6,1,0,1,2,36,3,3,1.0,0.0,0.0,1.0,0.0,2.0,8,5,3
90630,16,2,3,8,15,3,0,1,0,1,0,18,2,4,1.0,0.0,0.0,0.0,1.0,1.0,12,2,7
171873,16,3,3,0,2,3,2,5,0,1,2,36,2,3,2.0,0.0,0.0,2.0,0.0,1.0,9,2,11
3546,16,2,3,2,6,3,0,1,0,1,1,12,1,2,0.0,0.0,0.0,0.0,0.0,1.0,14,4,1
61963,16,2,3,10,8,3,0,1,1,1,2,19,2,2,0.0,0.0,0.0,0.0,0.0,3.0,8,6,5
12745,16,2,3,0,6,3,5,1,0,1,2,6,2,4,1.0,0.0,0.0,0.0,1.0,2.0,15,5,1
59536,16,2,3,10,8,3,5,5,1,1,2,19,2,2,0.0,0.0,0.0,0.0,0.0,3.0,13,3,5
111234,16,2,1,10,6,3,0,1,1,1,2,36,2,2,0.0,0.0,0.0,0.0,0.0,4.0,2,1,8
82747,4,7,3,9,8,3,6,1,0,1,0,36,2,4,1.0,0.0,0.0,0.0,1.0,1.0,11,5,6
51873,16,2,1,15,6,3,0,1,0,1,2,36,2,3,1.0,0.0,0.0,1.0,0.0,1.0,22,5,4
10380,16,2,1,10,8,3,0,1,0,1,1,36,2,4,1.0,0.0,0.0,0.0,1.0,1.0,23,6,1
19909,16,10,3,17,8,3,6,1,1,1,2,26,2,2,0.0,0.0,0.0,0.0,0.0,2.0,10,5,2
65881,16,3,3,11,6,3,0,1,1,1,1,21,2,2,0.0,0.0,0.0,0.0,0.0,2.0,18,6,5
64421,4,2,3,0,6,4,0,1,0,1,2,36,2,4,1.0,0.0,0.0,0.0,1.0,2.0,15,4,5
161187,15,2,3,0,6,3,0,1,0,1,2,18,2,4,2.0,0.0,0.0,0.0,2.0,2.0,7,5,11
12391,17,11,3,3,17,3,5,5,1,1,1,36,2,2,0.0,0.0,0.0,0.0,0.0,2.0,13,6,1
174893,16,2,3,9,6,3,0,5,0,1,0,18,2,4,1.0,0.0,0.0,0.0,1.0,1.0,12,5,12
156569,15,2,3,15,8,3,0,1,1,1,2,18,2,2,0.0,0.0,0.0,0.0,0.0,3.0,14,2,11
80232,16,2,3,17,3,3,0,1,1,1,1,36,2,2,0.0,0.0,0.0,0.0,0.0,3.0,8,5,6
81084,16,2,3,15,3,3,0,1,1,1,1,17,2,2,0.0,0.0,0.0,0.0,0.0,2.0,9,3,6
130271,15,2,3,15,2,3,0,1,0,1,2,17,2,4,1.0,0.0,0.0,0.0,1.0,3.0,8,4,9
136633,15,7,1,17,8,3,6,5,1,1,2,39,2,2,0.0,0.0,0.0,0.0,0.0,2.0,21,7,9
116786,15,2,1,2,2,3,0,1,1,0,1,17,1,2,0.0,0.0,0.0,0.0,0.0,1.0,19,7,8
176357,15,2,4,0,6,3,0,1,1,1,2,18,2,2,0.0,0.0,0.0,0.0,0.0,2.0,15,6,12
58697,16,2,3,17,8,3,0,1,1,1,1,23,2,2,0.0,0.0,0.0,0.0,0.0,4.0,16,5,5
114290,4,2,3,10,13,5,0,1,1,1,2,36,2,2,0.0,0.0,0.0,0.0,0.0,2.0,14,6,8
139650,16,2,3,17,8,3,0,5,0,1,0,24,2,1,1.0,0.0,1.0,0.0,0.0,1.0,14,3,10
177206,16,2,0,17,8,3,0,1,0,1,2,6,2,2,0.0,0.0,0.0,0.0,0.0,2.0,0,1,12
164792,16,7,1,17,2,3,6,1,0,1,2,18,2,3,1.0,0.0,0.0,1.0,0.0,4.0,17,6,11
97998,17,11,5,0,8,3,5,5,1,1,2,36,2,2,0.0,0.0,0.0,0.0,0.0,2.0,9,4,7
29304,16,2,3,17,6,3,0,1,0,1,2,24,2,3,2.0,0.0,0.0,2.0,0.0,1.0,16,3,3
115365,16,2,3,0,6,3,0,1,0,1,2,6,2,2,0.0,0.0,0.0,0.0,0.0,2.0,17,1,8
96734,15,3,3,1,10,3,0,1,1,1,0,18,1,2,0.0,0.0,0.0,0.0,0.0,1.0,8,5,7
10671,16,7,3,17,2,3,6,1,0,1,2,8,2,2,0.0,0.0,0.0,0.0,0.0,2.0,10,3,1
184732,16,2,3,17,8,3,0,1,0,1,2,6,2,2,0.0,0.0,0.0,0.0,0.0,2.0,11,6,12
182639,16,2,1,15,15,3,0,1,0,1,2,22,3,4,1.0,0.0,0.0,0.0,1.0,2.0,3,5,12
3229,4,9,0,7,2,3,1,5,1,0,2,36,2,2,0.0,0.0,0.0,0.0,0.0,1.0,20,6,1
22167,15,3,3,0,8,3,0,1,1,1,2,36,2,2,0.0,0.0,0.0,0.0,0.0,2.0,9,6,2
74923,4,2,3,0,8,3,0,5,0,1,2,5,2,3,1.0,0.0,0.0,1.0,0.0,3.0,19,5,6
22701,16,2,1,10,2,3,0,5,1,1,2,19,2,2,0.0,0.0,0.0,0.0,0.0,3.0,3,2,2
121835,15,7,3,17,2,3,6,5,1,1,2,36,2,2,0.0,0.0,0.0,0.0,0.0,2.0,12,3,9
79158,4,7,1,2,0,3,6,1,1,0,0,26,1,2,0.0,0.0,0.0,0.0,0.0,2.0,1,4,6
33615,15,2,3,17,2,3,0,1,0,1,2,36,2,3,2.0,0.0,0.0,2.0,0.0,0.0,11,6,3
32764,16,7,1,2,6,3,6,1,0,1,2,36,1,3,1.0,0.0,0.0,1.0,0.0,0.0,2,6,3
104948,16,2,1,17,6,3,0,1,1,1,2,18,2,2,0.0,0.0,0.0,0.0,0.0,3.0,20,4,8
52688,16,2,3,17,5,3,0,1,1,1,0,24,2,2,0.0,0.0,0.0,0.0,0.0,2.0,11,4,4
120719,16,2,3,15,2,3,6,1,1,1,1,22,2,2,0.0,0.0,0.0,0.0,0.0,4.0,16,3,9
141004,4,2,3,15,18,3,0,5,1,1,1,22,2,2,0.0,0.0,0.0,0.0,0.0,2.0,11,1,10
72797,16,2,3,0,6,3,0,1,0,1,2,6,4,2,0.0,0.0,0.0,0.0,0.0,3.0,8,1,6
114322,15,2,3,17,6,3,0,5,1,1,0,19,2,2,0.0,0.0,0.0,0.0,0.0,2.0,7,6,8
49423,3,2,1,7,2,3,0,1,0,1,1,22,2,2,0.0,0.0,0.0,0.0,0.0,1.0,4,2,4
89957,16,2,3,15,8,3,0,1,1,1,2,23,2,2,0.0,0.0,0.0,0.0,0.0,3.0,14,6,7
64736,16,2,3,10,8,3,0,1,0,1,1,36,3,3,3.0,0.0,0.0,3.0,0.0,0.0,8,7,5
8729,16,3,3,0,2,3,6,1,0,1,2,6,2,2,0.0,0.0,0.0,0.0,0.0,2.0,12,5,1
40858,16,2,3,15,8,3,0,5,1,1,1,23,2,2,0.0,0.0,0.0,0.0,0.0,2.0,10,2,3
38469,16,2,3,17,3,3,0,1,1,1,0,22,2,2,0.0,0.0,0.0,0.0,0.0,3.0,9,5,3
187296,16,10,3,15,8,3,4,1,1,1,2,18,2,2,0.0,0.0,0.0,0.0,0.0,2.0,14,3,12
13283,16,3,3,17,3,3,6,1,1,1,2,18,2,2,0.0,0.0,0.0,0.0,0.0,3.0,12,6,1
89639,16,2,4,0,8,3,0,1,0,1,2,6,3,2,0.0,0.0,0.0,0.0,0.0,2.0,20,1,7
106546,16,2,1,17,8,3,0,1,1,1,2,18,2,2,0.0,0.0,0.0,0.0,0.0,2.0,2,7,8
150150,4,2,2,15,2,3,0,1,0,1,1,28,2,2,0.0,0.0,0.0,0.0,0.0,2.0,7,7,10
181412,4,2,3,15,10,3,0,1,1,0,2,17,2,2,0.0,0.0,0.0,0.0,0.0,2.0,9,2,12
53283,16,11,3,17,8,4,5,5,0,1,1,36,2,2,0.0,0.0,0.0,0.0,0.0,2.0,10,2,4
83177,15,2,3,10,2,3,0,1,1,1,1,19,2,2,0.0,0.0,0.0,0.0,0.0,3.0,12,5,6
31592,16,2,3,7,10,3,0,1,0,1,2,36,2,2,0.0,0.0,0.0,0.0,0.0,1.0,15,1,3
184314,16,2,3,14,8,3,0,1,0,1,2,30,2,4,1.0,0.0,0.0,0.0,1.0,1.0,11,7,12
94760,16,2,1,11,6,3,0,1,0,1,2,21,2,2,0.0,0.0,0.0,0.0,0.0,2.0,0,3,7
184103,15,2,1,7,10,3,0,1,1,0,2,36,2,2,0.0,0.0,0.0,0.0,0.0,1.0,6,7,12
130787,16,2,3,17,2,3,0,1,1,1,2,18,2,2,0.0,0.0,0.0,0.0,0.0,2.0,9,4,9
58824,16,7,3,17,3,3,6,1,1,1,0,18,2,2,0.0,0.0,0.0,0.0,0.0,2.0,11,6,5
161558,16,10,3,17,10,3,4,1,1,1,2,18,2,2,0.0,0.0,0.0,0.0,0.0,2.0,12,2,11
49133,16,2,3,17,10,3,0,5,1,1,2,23,2,2,0.0,0.0,0.0,0.0,0.0,2.0,11,3,4
186921,15,3,3,13,6,3,0,1,1,1,2,36,2,2,0.0,0.0,0.0,0.0,0.0,2.0,11,4,12
30972,17,11,5,10,8,3,5,5,1,1,0,26,2,2,0.0,0.0,0.0,0.0,0.0,2.0,17,2,3
182800,15,2,3,8,8,3,0,1,0,1,2,36,2,3,1.0,0.0,0.0,1.0,0.0,1.0,14,1,12
49461,4,2,3,17,2,3,0,1,1,0,0,18,2,2,0.0,0.0,0.0,0.0,0.0,4.0,17,3,4
176970,16,2,1,0,8,3,0,1,0,1,2,6,2,2,0.0,0.0,0.0,0.0,0.0,3.0,0,6,12
108521,16,2,3,15,6,3,5,5,0,1,2,23,3,3,1.0,0.0,0.0,1.0,0.0,2.0,12,2,8
157461,16,7,1,9,8,3,6,1,0,1,0,6,2,4,1.0,0.0,0.0,0.0,1.0,1.0,18,7,11
153669,16,7,1,10,6,3,0,1,1,1,2,19,2,2,0.0,0.0,0.0,0.0,0.0,2.0,20,5,10
13498,16,2,1,17,6,3,0,1,0,1,2,18,2,2,0.0,0.0,0.0,0.0,0.0,2.0,21,3,1
132930,15,7,3,0,6,3,6,1,1,1,2,5,2,2,0.0,0.0,0.0,0.0,0.0,6.0,13,1,9
185902,16,2,3,9,6,3,6,5,0,1,2,18,2,1,1.0,0.0,1.0,0.0,0.0,1.0,1,1,12
53971,16,7,1,0,11,3,6,6,0,1,2,6,2,3,1.0,0.0,0.0,1.0,0.0,1.0,19,4,4
48943,4,2,1,0,2,3,0,1,1,1,1,18,2,2,0.0,0.0,0.0,0.0,0.0,3.0,4,2,4
4572,15,2,3,0,8,3,0,1,1,1,2,36,2,2,0.0,0.0,0.0,0.0,0.0,2.0,7,6,1
126154,16,11,3,10,8,2,5,5,1,1,0,26,2,2,0.0,0.0,0.0,0.0,0.0,2.0,9,3,9
5150,16,2,1,0,6,3,0,1,0,1,2,6,2,2,0.0,0.0,0.0,0.0,0.0,2.0,18,2,1
50008,16,7,3,10,8,3,5,5,1,1,2,19,2,2,0.0,0.0,0.0,0.0,0.0,2.0,12,5,4
58757,15,7,3,0,6,3,6,1,0,1,2,36,2,3,2.0,0.0,0.0,2.0,0.0,0.0,14,6,5
174530,16,2,3,14,6,3,0,1,1,1,2,36,2,2,0.0,0.0,0.0,0.0,0.0,2.0,13,7,12
82408,15,2,1,0,6,3,0,1,0,1,2,5,2,3,2.0,0.0,0.0,2.0,0.0,3.0,1,2,6
55012,15,2,3,17,17,3,0,3,1,1,1,36,2,2,0.0,0.0,0.0,0.0,0.0,3.0,9,6,4
103857,15,2,3,10,8,3,0,1,1,1,0,36,2,2,0.0,0.0,0.0,0.0,0.0,3.0,13,4,7
20487,4,2,1,10,3,3,0,1,1,1,1,18,2,2,0.0,0.0,0.0,0.0,0.0,2.0,21,1,2
154510,4,2,1,17,3,3,0,1,0,1,2,24,2,2,0.0,0.0,0.0,0.0,0.0,3.0,23,2,10
168938,16,2,3,17,8,3,0,1,1,1,2,24,2,2,0.0,0.0,0.0,0.0,0.0,3.0,9,4,11
23397,15,2,3,17,6,3,0,1,1,1,2,12,2,2,0.0,0.0,0.0,0.0,0.0,2.0,9,7,2
14472,16,2,3,17,8,3,0,1,1,1,0,36,2,2,0.0,0.0,0.0,0.0,0.0,2.0,11,1,1
1690,16,2,3,17,3,3,0,1,1,1,1,24,2,2,0.0,0.0,0.0,0.0,0.0,2.0,16,2,1
138275,15,2,3,0,8,3,0,1,1,1,2,18,2,2,0.0,0.0,0.0,0.0,0.0,3.0,7,3,10
85357,4,2,3,9,2,3,0,1,0,1,2,18,2,3,1.0,0.0,0.0,1.0,0.0,1.0,9,4,6
56257,16,2,3,17,8,3,0,1,0,1,2,36,2,4,2.0,0.0,0.0,0.0,2.0,4.0,17,7,5
135523,16,2,3,10,6,3,0,5,1,1,2,17,2,2,0.0,0.0,0.0,0.0,0.0,2.0,8,6,9
6839,15,10,1,5,15,3,4,5,0,1,2,39,1,2,0.0,0.0,0.0,0.0,0.0,1.0,22,6,1
134066,16,7,1,2,2,3,6,1,0,1,2,6,2,2,0.0,0.0,0.0,0.0,0.0,2.0,1,3,9
35768,17,11,5,15,6,3,5,5,1,1,2,36,2,2,0.0,0.0,0.0,0.0,0.0,2.0,18,7,3
167360,16,3,3,17,6,3,0,5,0,1,2,36,2,4,1.0,0.0,0.0,0.0,1.0,2.0,10,1,11
72186,4,2,1,0,6,3,0,5,0,1,2,22,2,3,1.0,0.0,0.0,1.0,0.0,2.0,21,5,6
61551,16,2,3,0,8,3,0,1,1,1,2,36,2,2,0.0,0.0,0.0,0.0,0.0,2.0,12,7,5
116001,16,2,3,0,8,3,0,1,1,1,2,18,2,2,0.0,0.0,0.0,0.0,0.0,2.0,15,4,8
157255,16,2,1,0,2,3,0,1,0,1,2,36,2,3,5.0,0.0,0.0,5.0,0.0,0.0,22,5,11
15700,16,2,1,15,10,3,6,1,1,1,2,22,2,2,0.0,0.0,0.0,0.0,0.0,2.0,20,7,2
48627,15,7,3,0,11,3,6,1,0,1,2,18,2,2,0.0,0.0,0.0,0.0,0.0,3.0,9,1,4
159166,16,2,1,10,2,3,0,1,1,1,0,18,2,2,0.0,0.0,0.0,0.0,0.0,2.0,18,7,11
127200,16,3,2,17,3,3,0,1,0,1,2,6,2,3,2.0,0.0,0.0,1.0,1.0,0.0,6,4,9
183639,15,2,4,0,3,3,0,1,0,1,1,18,2,3,1.0,0.0,0.0,1.0,0.0,2.0,16,5,12
47671,4,2,3,10,2,3,0,1,1,1,2,19,2,2,0.0,0.0,0.0,0.0,0.0,2.0,8,6,4
49976,16,3,3,17,10,3,0,1,0,1,2,6,2,3,1.0,0.0,0.0,1.0,0.0,3.0,7,5,4
31782,16,2,3,15,8,3,0,1,1,0,2,6,2,2,0.0,0.0,0.0,0.0,0.0,3.0,7,4,3
114903,16,2,3,13,8,3,0,5,0,1,2,36,2,1,2.0,0.0,1.0,0.0,1.0,1.0,13,1,8
171849,16,2,3,17,2,3,0,1,0,1,2,26,2,1,2.0,0.0,1.0,1.0,0.0,0.0,13,2,11
38785,4,2,3,15,11,3,0,1,1,0,2,36,2,2,0.0,0.0,0.0,0.0,0.0,2.0,19,5,3
170073,16,11,5,17,6,3,0,5,1,1,1,18,2,2,0.0,0.0,0.0,0.0,0.0,2.0,18,3,11
152939,15,7,1,10,8,3,6,5,1,1,0,36,2,2,0.0,0.0,0.0,0.0,0.0,2.0,1,1,10
148149,16,2,3,10,8,3,0,1,1,1,2,19,2,2,0.0,0.0,0.0,0.0,0.0,2.0,8,6,10
82619,17,11,5,10,8,3,5,5,1,1,1,26,2,2,0.0,0.0,0.0,0.0,0.0,2.0,13,3,6
85856,15,2,3,0,6,3,0,1,1,1,2,5,2,2,0.0,0.0,0.0,0.0,0.0,2.0,15,5,6
13189,15,10,1,0,9,3,4,1,1,1,1,5,2,2,0.0,0.0,0.0,0.0,0.0,2.0,21,5,1
93763,15,2,3,10,6,3,0,1,1,1,0,19,2,2,0.0,0.0,0.0,0.0,0.0,2.0,13,3,7
165447,3,10,1,10,3,3,6,1,0,0,2,17,2,1,2.0,0.0,2.0,0.0,0.0,2.0,2,1,11
80779,16,2,3,10,8,3,0,5,1,1,2,19,2,2,0.0,0.0,0.0,0.0,0.0,2.0,12,6,6
72845,16,2,3,9,2,3,0,1,0,1,0,17,3,3,2.0,0.0,0.0,2.0,0.0,1.0,12,6,6
132258,15,2,3,9,8,3,0,1,0,1,1,38,2,3,1.0,0.0,0.0,1.0,0.0,1.0,8,4,9
140030,16,7,1,17,2,3,6,1,1,1,1,24,2,2,0.0,0.0,0.0,0.0,0.0,2.0,23,6,10
28514,16,2,3,17,6,3,0,1,1,1,1,6,2,2,0.0,0.0,0.0,0.0,0.0,2.0,8,2,3
167492,15,2,3,0,2,3,0,1,1,1,2,18,2,2,0.0,0.0,0.0,0.0,0.0,4.0,12,3,11
35344,4,2,3,15,10,3,0,1,1,0,1,22,2,2,0.0,0.0,0.0,0.0,0.0,2.0,13,6,3
108229,16,2,3,10,3,3,0,1,0,1,1,19,2,2,0.0,0.0,0.0,0.0,0.0,2.0,14,4,8
123385,16,2,3,10,8,3,5,5,0,1,2,19,2,4,1.0,0.0,0.0,0.0,1.0,2.0,18,5,9
48632,16,10,1,17,8,3,4,1,1,1,2,18,2,2,0.0,0.0,0.0,0.0,0.0,2.0,22,1,4
108869,15,2,3,0,2,3,0,1,1,1,2,18,2,2,0.0,0.0,0.0,0.0,0.0,3.0,14,7,8
142457,16,2,1,15,8,3,0,1,1,1,2,36,2,2,0.0,0.0,0.0,0.0,0.0,3.0,19,6,10
13510,4,3,3,15,2,3,0,1,0,0,2,23,2,4,1.0,0.0,0.0,0.0,1.0,1.0,11,3,1
13825,15,10,3,0,8,3,4,1,0,1,2,5,2,3,1.0,0.0,0.0,1.0,0.0,1.0,10,2,1
72316,16,2,3,15,2,3,5,5,1,1,1,36,3,2,0.0,0.0,0.0,0.0,0.0,3.0,7,5,6
124868,15,2,3,0,6,3,0,5,1,1,2,36,2,2,0.0,0.0,0.0,0.0,0.0,3.0,14,1,9
52163,16,2,3,17,13,3,0,1,1,1,2,22,2,2,0.0,0.0,0.0,0.0,0.0,2.0,9,2,4
24190,16,2,3,0,8,3,5,5,1,1,2,36,2,2,0.0,0.0,0.0,0.0,0.0,2.0,13,7,2
109994,16,7,3,17,2,3,6,1,0,1,2,6,2,3,2.0,0.0,0.0,2.0,0.0,2.0,18,2,8
154992,16,2,3,3,8,3,0,1,0,1,2,12,2,2,0.0,0.0,0.0,0.0,0.0,2.0,12,2,10
67337,16,3,3,17,3,3,0,1,0,1,2,18,2,2,0.0,0.0,0.0,0.0,0.0,3.0,14,1,5