crash_date,               traffic_control_device,weather_condition,lighting_condition,first_crash_type,trafficway_type,alignment,roadway_surface_cond,road_defect,crash_type,intersection_related_i,damage,prim_contributory_cause,num_units,most_severe_injury,injuries_total,injuries_fatal,injuries_incapacitating,injuries_non_incapacitating,injuries_reported_not_evident,injuries_no_indication,crash_hour,crash_day_of_week,crash_month
66596,16,2,4,17,8,3,0,2,1,1,2,36,2,2,0.0,0.0,0.0,0.0,0.0,4.0,19,3,5
5403,16,1,1,0,2,3,6,5,0,1,2,6,2,3,1.0,0.0,0.0,1.0,0.0,1.0,22,7,1
147209,16,2,1,17,3,3,0,1,1,1,1,35,2,2,0.0,0.0,0.0,0.0,0.0,2.0,20,1,10
83760,16,2,3,9,8,3,0,1,0,1,0,18,2,3,1.0,0.0,0.0,1.0,0.0,1.0,9,7,6
123368,16,2,3,17,8,3,0,1,1,1,1,36,2,2,0.0,0.0,0.0,0.0,0.0,2.0,14,5,9
62561,16,2,2,8,8,3,0,1,0,1,0,6,2,3,1.0,0.0,0.0,1.0,0.0,1.0,7,2,5
167237,4,7,3,15,8,3,6,1,1,1,2,36,2,2,0.0,0.0,0.0,0.0,0.0,3.0,8,5,11
16599,4,10,3,0,0,3,4,1,1,1,1,39,2,2,0.0,0.0,0.0,0.0,0.0,2.0,13,5,2
164341,15,2,1,0,8,3,0,1,1,1,0,18,2,2,0.0,0.0,0.0,0.0,0.0,2.0,22,6,11
99777,15,2,3,0,8,3,0,1,0,1,2,5,2,2,0.0,0.0,0.0,0.0,0.0,2.0,16,3,7
34393,4,2,3,17,8,3,0,1,1,1,1,24,2,2,0.0,0.0,0.0,0.0,0.0,3.0,17,4,3
90991,15,2,3,2,10,3,0,1,1,0,2,36,1,2,0.0,0.0,0.0,0.0,0.0,1.0,10,7,7
182132,15,2,1,0,6,3,0,1,0,1,2,36,2,2,0.0,0.0,0.0,0.0,0.0,2.0,17,6,12
70963,16,2,3,0,2,3,0,1,1,1,1,6,2,2,0.0,0.0,0.0,0.0,0.0,3.0,0,1,5
119366,16,2,1,17,8,3,0,1,0,1,2,23,2,1,1.0,0.0,1.0,0.0,0.0,1.0,19,5,8
7288,15,7,1,0,6,3,6,1,1,1,2,18,2,2,0.0,0.0,0.0,0.0,0.0,2.0,19,6,1
133186,4,2,3,10,2,3,0,1,0,1,2,36,3,4,1.0,0.0,0.0,0.0,1.0,3.0,14,2,9
180270,15,2,1,0,10,3,0,5,1,1,2,36,2,2,0.0,0.0,0.0,0.0,0.0,7.0,19,7,12
52953,16,2,1,9,6,3,0,1,1,1,1,18,2,2,0.0,0.0,0.0,0.0,0.0,6.0,22,4,4
156808,4,2,3,15,15,3,0,1,1,1,0,36,2,2,0.0,0.0,0.0,0.0,0.0,2.0,11,5,11
43381,16,2,1,17,10,3,0,1,0,1,2,24,2,3,1.0,0.0,0.0,1.0,0.0,1.0,2,7,4
55669,15,7,3,17,15,3,6,1,1,1,2,18,2,2,0.0,0.0,0.0,0.0,0.0,3.0,7,3,4
124495,16,2,1,0,1,3,0,1,0,1,2,6,2,3,1.0,0.0,0.0,1.0,0.0,2.0,21,7,9
54400,16,2,3,15,6,3,0,1,1,1,2,23,2,2,0.0,0.0,0.0,0.0,0.0,4.0,17,5,4
184285,15,2,3,17,8,3,0,1,1,1,2,18,2,2,0.0,0.0,0.0,0.0,0.0,2.0,16,7,12
88745,17,2,3,0,6,3,5,5,0,1,2,36,2,4,1.0,0.0,0.0,0.0,1.0,1.0,16,3,7
120666,16,7,1,0,8,3,6,1,0,1,2,6,2,2,0.0,0.0,0.0,0.0,0.0,2.0,3,1,9
105265,15,2,3,17,15,3,0,1,1,1,1,36,2,2,0.0,0.0,0.0,0.0,0.0,2.0,12,7,8
58482,16,2,3,10,2,3,0,1,1,1,1,19,2,2,0.0,0.0,0.0,0.0,0.0,4.0,15,7,5
93679,15,2,3,17,8,3,0,1,1,1,2,18,2,2,0.0,0.0,0.0,0.0,0.0,2.0,19,1,7
92676,15,2,1,17,6,3,0,1,0,1,2,17,2,3,1.0,0.0,0.0,1.0,0.0,1.0,2,7,7
21268,15,2,3,0,6,3,6,1,1,1,2,5,2,2,0.0,0.0,0.0,0.0,0.0,2.0,14,6,2
19208,16,2,4,0,15,3,0,1,1,1,1,28,2,2,0.0,0.0,0.0,0.0,0.0,2.0,22,6,2
114917,16,2,1,0,6,3,0,1,0,1,2,36,2,3,8.0,0.0,0.0,8.0,0.0,0.0,3,1,8
17080,16,10,1,8,8,3,4,1,1,1,0,36,2,2,0.0,0.0,0.0,0.0,0.0,2.0,23,4,2
131991,15,2,3,0,11,3,0,1,0,1,2,18,2,2,0.0,0.0,0.0,0.0,0.0,2.0,10,6,9
30,16,2,2,15,2,3,0,1,1,1,2,36,2,2,0.0,0.0,0.0,0.0,0.0,2.0,0,1,1
152093,16,2,1,17,6,3,0,1,1,1,1,18,2,2,0.0,0.0,0.0,0.0,0.0,2.0,18,6,10
83425,16,2,3,17,6,3,0,1,1,1,2,24,2,2,0.0,0.0,0.0,0.0,0.0,2.0,7,3,6
25656,17,11,5,17,6,3,5,5,0,1,2,36,3,3,1.0,0.0,0.0,1.0,0.0,3.0,17,6,2
21419,15,10,1,0,15,3,4,1,0,1,2,18,2,3,2.0,0.0,0.0,2.0,0.0,1.0,21,1,2
1605,15,2,3,0,10,3,0,1,0,1,2,18,2,2,0.0,0.0,0.0,0.0,0.0,5.0,10,6,1
52376,16,2,0,0,2,3,5,5,1,1,2,36,2,2,0.0,0.0,0.0,0.0,0.0,2.0,20,7,4
112875,16,2,1,0,6,3,0,1,0,1,2,6,2,2,0.0,0.0,0.0,0.0,0.0,5.0,1,5,8
134032,4,2,3,2,3,3,0,1,0,0,2,36,2,2,0.0,0.0,0.0,0.0,0.0,1.0,6,1,9
178147,16,2,1,10,8,3,0,1,1,1,2,12,2,2,0.0,0.0,0.0,0.0,0.0,2.0,16,2,12
67631,4,7,1,0,2,3,6,1,1,1,2,18,2,2,0.0,0.0,0.0,0.0,0.0,2.0,18,4,5
120014,4,2,3,17,8,3,0,1,1,1,1,36,2,2,0.0,0.0,0.0,0.0,0.0,2.0,13,6,8
56521,15,2,1,0,8,3,5,1,1,1,2,18,2,2,0.0,0.0,0.0,0.0,0.0,2.0,21,3,5
20679,4,2,1,10,8,3,4,1,1,1,1,19,3,2,0.0,0.0,0.0,0.0,0.0,4.0,16,4,2
53164,15,7,3,17,15,3,6,1,0,1,2,36,2,2,0.0,0.0,0.0,0.0,0.0,3.0,8,7,4
140093,15,2,1,0,6,3,0,1,0,1,2,5,2,2,0.0,0.0,0.0,0.0,0.0,4.0,22,7,10
146705,4,3,3,17,8,3,0,1,1,1,2,23,2,2,0.0,0.0,0.0,0.0,0.0,2.0,15,1,10
185147,16,2,3,17,6,3,0,1,1,1,2,19,2,2,0.0,0.0,0.0,0.0,0.0,4.0,13,2,12
41990,16,2,3,10,6,3,0,5,1,1,1,36,2,2,0.0,0.0,0.0,0.0,0.0,5.0,13,4,3
156481,16,2,3,17,10,3,0,1,0,1,2,18,2,2,0.0,0.0,0.0,0.0,0.0,2.0,11,6,11
1661,16,10,0,17,6,3,4,2,0,1,2,3,2,4,1.0,0.0,0.0,0.0,1.0,2.0,22,7,1
78853,16,2,3,17,2,3,0,1,1,1,2,12,2,2,0.0,0.0,0.0,0.0,0.0,2.0,11,5,6
14545,17,11,5,0,6,3,5,5,1,1,2,36,2,2,0.0,0.0,0.0,0.0,0.0,2.0,15,3,1
52893,16,2,3,10,6,3,0,1,1,1,2,36,3,2,0.0,0.0,0.0,0.0,0.0,3.0,9,2,4
139471,16,2,1,17,6,3,0,1,1,1,2,24,2,2,0.0,0.0,0.0,0.0,0.0,2.0,1,6,10
7800,15,2,3,0,6,3,0,1,1,1,2,12,2,2,0.0,0.0,0.0,0.0,0.0,2.0,12,5,1
162265,16,2,1,0,6,3,0,1,0,1,2,36,2,4,1.0,0.0,0.0,0.0,1.0,3.0,17,7,11
70122,16,2,3,10,6,3,0,1,1,1,1,36,2,2,0.0,0.0,0.0,0.0,0.0,2.0,7,3,5
107431,16,2,0,0,8,3,0,1,1,1,2,36,2,2,0.0,0.0,0.0,0.0,0.0,3.0,21,6,8
21497,16,2,3,17,6,3,0,1,1,1,2,18,2,2,0.0,0.0,0.0,0.0,0.0,2.0,16,3,2
41882,15,2,1,5,10,3,0,1,0,1,2,26,1,2,0.0,0.0,0.0,0.0,0.0,1.0,20,7,3
170031,16,2,1,10,1,3,0,5,0,1,2,19,2,2,0.0,0.0,0.0,0.0,0.0,2.0,22,1,11
40237,16,2,3,10,2,3,0,1,1,0,1,19,2,2,0.0,0.0,0.0,0.0,0.0,4.0,15,4,3
161737,16,11,5,0,18,3,5,5,1,1,2,36,2,2,0.0,0.0,0.0,0.0,0.0,2.0,15,7,11
120148,4,2,3,17,8,3,0,1,0,1,2,18,2,3,2.0,0.0,0.0,2.0,0.0,1.0,12,7,8
154120,15,2,1,0,6,3,0,1,0,1,2,17,2,3,1.0,0.0,0.0,1.0,0.0,3.0,21,5,10
126367,4,2,3,9,8,3,0,1,1,1,2,4,2,2,0.0,0.0,0.0,0.0,0.0,2.0,13,1,9
46708,16,2,3,10,8,3,0,5,1,1,2,19,2,2,0.0,0.0,0.0,0.0,0.0,4.0,16,3,4
178245,15,2,3,7,6,3,0,5,1,1,2,18,2,2,0.0,0.0,0.0,0.0,0.0,1.0,9,4,12
3935,4,2,1,17,8,3,0,5,1,0,1,18,2,2,0.0,0.0,0.0,0.0,0.0,2.0,18,3,1
98120,15,2,4,0,8,3,0,1,1,1,2,36,2,2,0.0,0.0,0.0,0.0,0.0,2.0,19,7,7
61970,15,7,1,0,6,3,6,1,1,1,2,36,2,2,0.0,0.0,0.0,0.0,0.0,2.0,20,6,5
135687,16,2,3,10,8,3,0,1,1,1,2,36,2,2,0.0,0.0,0.0,0.0,0.0,2.0,16,3,9
166673,4,2,3,17,8,3,0,1,1,1,2,36,2,2,0.0,0.0,0.0,0.0,0.0,2.0,16,6,11
48440,16,2,3,17,15,3,0,1,1,1,2,18,2,2,0.0,0.0,0.0,0.0,0.0,4.0,9,6,4
99315,4,2,3,0,3,3,0,1,0,1,2,18,2,4,3.0,0.0,0.0,0.0,3.0,0.0,11,2,7
89307,16,2,3,15,2,3,0,1,1,1,2,36,3,2,0.0,0.0,0.0,0.0,0.0,3.0,18,4,7
34126,15,2,3,11,18,3,0,1,1,1,0,38,2,2,0.0,0.0,0.0,0.0,0.0,3.0,16,1,3
134455,16,2,3,10,2,3,5,5,1,1,2,19,2,2,0.0,0.0,0.0,0.0,0.0,3.0,13,7,9
146865,16,2,3,17,6,3,0,1,1,0,2,23,2,2,0.0,0.0,0.0,0.0,0.0,2.0,10,4,10
30542,16,2,3,17,2,3,0,1,1,1,2,24,2,2,0.0,0.0,0.0,0.0,0.0,2.0,23,2,3
149448,15,2,3,17,6,3,0,5,1,1,1,24,2,2,0.0,0.0,0.0,0.0,0.0,2.0,14,5,10
29406,16,2,3,10,6,3,0,1,1,1,2,20,2,2,0.0,0.0,0.0,0.0,0.0,2.0,11,4,3
87062,16,2,3,17,15,3,0,1,1,1,2,23,2,2,0.0,0.0,0.0,0.0,0.0,2.0,8,4,6
4769,15,11,3,0,8,3,5,5,1,1,1,36,2,2,0.0,0.0,0.0,0.0,0.0,2.0,8,3,1
114368,16,2,3,9,1,3,0,1,0,1,1,36,2,3,1.0,0.0,0.0,1.0,0.0,1.0,15,7,8
144334,15,7,3,17,2,3,0,5,1,1,2,36,2,2,0.0,0.0,0.0,0.0,0.0,2.0,18,3,10
35289,16,11,5,15,2,3,5,5,1,1,1,36,2,2,0.0,0.0,0.0,0.0,0.0,2.0,8,6,3
50922,16,2,3,10,19,3,0,1,0,1,2,24,2,4,3.0,0.0,0.0,0.0,3.0,2.0,13,2,4
72094,16,2,3,10,6,3,0,1,1,1,0,19,2,2,0.0,0.0,0.0,0.0,0.0,3.0,14,4,6
54536,15,2,3,0,8,3,0,1,1,1,2,5,2,2,0.0,0.0,0.0,0.0,0.0,2.0,16,5,4
142372,15,2,3,8,6,3,0,1,0,1,2,5,2,3,1.0,0.0,0.0,1.0,0.0,1.0,15,4,10
156034,4,2,1,0,18,3,0,1,0,1,2,11,2,2,0.0,0.0,0.0,0.0,0.0,3.0,20,2,11
60046,4,7,3,7,2,3,6,1,1,1,1,19,2,2,0.0,0.0,0.0,0.0,0.0,2.0,9,3,5
84003,15,2,3,0,6,3,0,1,1,1,2,21,2,2,0.0,0.0,0.0,0.0,0.0,4.0,15,5,6
85632,16,2,3,17,8,3,0,1,1,1,2,18,2,2,0.0,0.0,0.0,0.0,0.0,2.0,14,2,6
134676,16,2,1,17,6,3,0,1,0,1,2,23,3,3,2.0,0.0,0.0,2.0,0.0,2.0,21,2,9
47771,4,2,4,7,15,3,0,1,1,1,1,12,2,2,0.0,0.0,0.0,0.0,0.0,1.0,19,2,4
29798,4,2,0,10,10,3,0,1,0,1,2,28,2,2,0.0,0.0,0.0,0.0,0.0,2.0,11,4,3
10164,4,3,1,17,8,3,6,1,0,1,2,18,3,2,0.0,0.0,0.0,0.0,0.0,3.0,22,2,1
12645,15,2,3,0,6,3,0,1,1,1,1,5,2,2,0.0,0.0,0.0,0.0,0.0,2.0,13,4,1
164490,16,2,3,15,2,3,0,1,1,1,2,36,2,2,0.0,0.0,0.0,0.0,0.0,2.0,16,3,11
134480,16,2,1,17,6,3,6,1,1,1,2,18,2,2,0.0,0.0,0.0,0.0,0.0,3.0,4,7,9
6776,16,2,1,0,2,3,0,5,0,1,2,6,3,2,0.0,0.0,0.0,0.0,0.0,3.0,0,5,1
95014,16,2,3,10,8,3,0,1,0,1,2,36,3,4,2.0,0.0,0.0,0.0,2.0,2.0,8,6,7
92168,16,2,3,10,15,3,0,1,1,1,1,19,2,2,0.0,0.0,0.0,0.0,0.0,2.0,15,6,7
2233,15,2,3,17,8,3,0,1,1,1,2,24,2,2,0.0,0.0,0.0,0.0,0.0,2.0,10,4,1
19386,4,2,1,9,8,3,0,1,0,1,0,18,2,3,1.0,0.0,0.0,1.0,0.0,1.0,18,2,2
76932,16,2,1,17,6,3,0,1,1,1,2,18,2,2,0.0,0.0,0.0,0.0,0.0,2.0,21,6,6
125553,4,2,3,9,10,3,0,1,0,1,0,36,2,3,1.0,0.0,0.0,1.0,0.0,2.0,17,2,9
147432,16,2,3,0,3,3,0,1,1,1,2,6,2,2,0.0,0.0,0.0,0.0,0.0,2.0,8,1,10
2048,16,2,3,10,8,3,0,1,1,1,1,18,2,2,0.0,0.0,0.0,0.0,0.0,2.0,12,6,1
163515,16,3,4,17,5,3,5,5,1,1,2,36,2,2,0.0,0.0,0.0,0.0,0.0,2.0,17,5,11
24093,16,2,2,7,8,3,0,1,0,1,2,36,3,2,0.0,0.0,0.0,0.0,0.0,2.0,6,4,2
157364,15,2,3,17,8,3,0,1,0,1,2,11,2,3,2.0,0.0,0.0,2.0,0.0,2.0,7,1,11
186493,16,2,4,15,8,3,0,1,1,1,2,23,2,2,0.0,0.0,0.0,0.0,0.0,2.0,16,4,12
100512,16,2,3,0,6,3,0,1,0,1,2,36,2,1,1.0,0.0,1.0,0.0,0.0,1.0,8,1,7
131402,15,2,3,17,2,3,0,1,1,1,2,17,2,2,0.0,0.0,0.0,0.0,0.0,2.0,11,5,9
82425,16,2,3,10,6,3,0,1,1,1,1,19,2,2,0.0,0.0,0.0,0.0,0.0,3.0,15,2,6
29273,16,2,3,0,10,3,0,1,0,1,2,6,2,4,1.0,0.0,0.0,0.0,1.0,1.0,8,1,3
48850,16,2,1,0,6,3,0,1,0,1,2,6,3,4,1.0,0.0,0.0,0.0,1.0,6.0,1,7,4
153976,15,2,3,0,8,3,0,1,1,1,1,5,2,2,0.0,0.0,0.0,0.0,0.0,10.0,15,2,10
144293,16,2,1,17,15,2,0,1,1,1,2,22,2,2,0.0,0.0,0.0,0.0,0.0,2.0,21,2,10
129328,4,2,3,8,15,3,0,1,1,1,0,26,2,2,0.0,0.0,0.0,0.0,0.0,2.0,9,6,9
100134,16,2,1,15,3,3,5,5,1,1,2,18,3,2,0.0,0.0,0.0,0.0,0.0,9.0,22,2,7
176976,15,2,3,0,4,3,0,1,0,1,2,18,2,4,1.0,0.0,0.0,0.0,1.0,2.0,2,7,12
14193,15,2,3,17,2,3,0,1,1,1,2,36,2,2,0.0,0.0,0.0,0.0,0.0,2.0,14,2,1
149380,15,2,3,0,6,3,0,1,0,1,2,17,2,3,3.0,0.0,0.0,3.0,0.0,1.0,14,4,10
1115,16,2,0,15,2,3,0,1,1,1,2,23,2,2,0.0,0.0,0.0,0.0,0.0,2.0,18,5,1
123624,16,2,3,9,8,3,0,1,1,1,0,18,2,2,0.0,0.0,0.0,0.0,0.0,2.0,16,3,9
112623,16,3,3,15,8,3,6,1,1,1,1,23,2,2,0.0,0.0,0.0,0.0,0.0,3.0,14,7,8
168657,16,2,3,9,8,3,0,1,0,1,1,36,2,1,1.0,0.0,1.0,0.0,0.0,1.0,15,6,11
100741,16,2,3,10,8,3,5,5,0,1,2,36,2,3,2.0,0.0,0.0,2.0,0.0,3.0,19,3,7
163093,16,2,3,9,2,3,0,1,0,1,0,12,2,3,1.0,0.0,0.0,1.0,0.0,1.0,11,3,11
180221,15,2,3,0,8,3,0,1,0,1,1,18,2,2,0.0,0.0,0.0,0.0,0.0,2.0,13,7,12
75394,15,2,3,17,8,3,5,1,0,1,2,36,2,3,2.0,0.0,0.0,2.0,0.0,1.0,8,4,6
114303,4,3,3,8,2,3,0,1,0,1,2,19,2,4,1.0,0.0,0.0,0.0,1.0,1.0,16,6,8
22348,16,2,3,0,15,3,0,1,0,1,2,6,2,3,2.0,0.0,0.0,1.0,1.0,1.0,15,4,2
168608,4,2,1,0,0,3,0,5,0,1,2,18,3,4,1.0,0.0,0.0,0.0,1.0,2.0,0,7,11
128447,16,2,3,10,2,3,0,1,1,1,1,19,2,2,0.0,0.0,0.0,0.0,0.0,2.0,16,7,9
154308,16,2,3,17,19,3,0,5,0,1,2,26,2,2,0.0,0.0,0.0,0.0,0.0,2.0,12,7,10
161542,15,10,3,0,6,3,4,1,1,1,2,18,2,2,0.0,0.0,0.0,0.0,0.0,2.0,10,2,11
27166,16,2,1,15,2,3,0,1,1,1,1,23,2,2,0.0,0.0,0.0,0.0,0.0,3.0,21,2,2
61136,16,2,1,10,2,3,0,1,1,1,1,19,2,2,0.0,0.0,0.0,0.0,0.0,3.0,21,6,5
108976,15,2,3,4,6,3,0,1,0,1,2,36,1,2,0.0,0.0,0.0,0.0,0.0,1.0,18,2,8
58181,16,2,3,10,6,3,0,1,1,1,2,6,2,2,0.0,0.0,0.0,0.0,0.0,3.0,15,4,5
21957,15,7,0,17,6,3,6,5,0,1,2,24,2,3,1.0,0.0,0.0,1.0,0.0,1.0,2,4,2
49802,4,3,3,17,2,3,0,1,1,1,2,18,2,2,0.0,0.0,0.0,0.0,0.0,4.0,8,4,4
54928,15,2,1,0,6,3,0,1,0,1,2,18,2,2,0.0,0.0,0.0,0.0,0.0,2.0,21,6,4
43141,16,7,3,0,6,3,6,1,1,1,2,18,2,2,0.0,0.0,0.0,0.0,0.0,4.0,11,3,4
182245,15,2,1,0,8,3,0,1,0,1,2,36,2,2,0.0,0.0,0.0,0.0,0.0,2.0,23,7,12
94485,16,2,1,10,2,3,0,1,0,1,2,19,2,2,0.0,0.0,0.0,0.0,0.0,4.0,20,7,7
10639,16,7,1,17,2,3,6,1,1,1,2,36,2,2,0.0,0.0,0.0,0.0,0.0,2.0,18,3,1
121402,16,2,1,10,2,3,0,1,1,1,2,36,2,2,0.0,0.0,0.0,0.0,0.0,2.0,21,5,9
53130,15,2,3,17,8,3,0,1,0,1,1,24,2,2,0.0,0.0,0.0,0.0,0.0,2.0,11,5,4
55202,15,7,3,0,15,3,6,1,0,1,2,36,2,3,1.0,0.0,0.0,1.0,0.0,1.0,13,4,4
176782,16,2,1,17,6,3,0,1,1,1,2,36,2,2,0.0,0.0,0.0,0.0,0.0,3.0,20,4,12
106481,16,2,3,17,6,3,0,1,1,1,0,36,2,2,0.0,0.0,0.0,0.0,0.0,5.0,15,6,8
127998,16,2,3,8,8,3,0,1,1,1,0,19,2,2,0.0,0.0,0.0,0.0,0.0,2.0,16,2,9
144941,9,2,3,9,6,3,0,1,0,1,0,18,2,3,1.0,0.0,0.0,1.0,0.0,1.0,8,4,10
13849,15,10,3,10,2,3,4,1,1,1,1,19,2,2,0.0,0.0,0.0,0.0,0.0,2.0,15,3,1
2861,16,3,3,17,6,3,0,5,1,1,2,24,2,2,0.0,0.0,0.0,0.0,0.0,2.0,13,2,1
3590,4,2,3,0,8,3,0,1,1,1,1,18,2,2,0.0,0.0,0.0,0.0,0.0,2.0,11,4,1
28541,15,2,3,0,6,3,0,1,1,1,1,18,2,2,0.0,0.0,0.0,0.0,0.0,2.0,14,3,3
66777,16,2,3,17,8,3,0,1,1,1,0,24,2,2,0.0,0.0,0.0,0.0,0.0,2.0,12,6,5
63063,16,2,3,17,8,3,0,1,0,1,2,36,2,3,2.0,0.0,0.0,2.0,0.0,1.0,18,3,5
182320,16,3,1,15,6,3,0,1,0,1,0,23,2,2,0.0,0.0,0.0,0.0,0.0,2.0,16,2,12
16244,15,2,1,17,2,3,4,1,0,1,2,36,2,2,0.0,0.0,0.0,0.0,0.0,2.0,17,5,2
173934,16,2,3,10,17,3,0,1,1,1,2,17,2,2,0.0,0.0,0.0,0.0,0.0,2.0,7,4,12
176776,15,2,3,17,6,3,0,1,1,1,2,24,2,2,0.0,0.0,0.0,0.0,0.0,2.0,8,4,12
94239,16,2,1,8,8,3,0,5,0,1,2,36,2,3,1.0,0.0,0.0,1.0,0.0,1.0,20,2,7
19956,16,2,3,15,8,3,6,1,1,1,1,23,2,2,0.0,0.0,0.0,0.0,0.0,3.0,6,6,2
86975,15,2,3,10,10,3,5,1,1,1,1,21,2,2,0.0,0.0,0.0,0.0,0.0,2.0,15,3,6
170217,16,2,3,0,8,3,1,1,1,1,2,36,2,2,0.0,0.0,0.0,0.0,0.0,3.0,15,3,11
100328,16,2,3,17,10,3,5,5,0,1,2,24,2,2,0.0,0.0,0.0,0.0,0.0,5.0,14,5,7
130740,16,2,3,10,8,3,0,1,1,1,0,19,2,2,0.0,0.0,0.0,0.0,0.0,2.0,14,4,9
53113,16,2,3,0,8,3,0,1,0,1,2,6,2,3,1.0,0.0,0.0,1.0,0.0,1.0,18,5,4
6381,16,10,1,2,6,3,4,5,0,1,2,12,1,4,1.0,0.0,0.0,0.0,1.0,0.0,2,7,1
117674,4,2,3,17,8,3,0,1,0,1,2,18,2,1,1.0,0.0,1.0,0.0,0.0,2.0,18,2,8
141375,16,2,1,17,8,3,0,1,1,1,2,19,2,2,0.0,0.0,0.0,0.0,0.0,2.0,20,5,10
139761,16,2,3,9,8,3,0,1,0,1,0,36,2,3,1.0,0.0,0.0,1.0,0.0,1.0,9,4,10
173279,16,2,1,0,8,3,0,1,1,1,2,17,2,2,0.0,0.0,0.0,0.0,0.0,2.0,17,1,12
126067,16,2,2,0,2,3,0,1,0,1,2,19,3,2,0.0,0.0,0.0,0.0,0.0,3.0,5,2,9
11166,16,7,3,9,15,3,6,1,0,1,0,18,2,3,1.0,0.0,0.0,1.0,0.0,1.0,15,5,1
35181,16,2,3,17,6,4,0,1,0,1,2,18,2,2,0.0,0.0,0.0,0.0,0.0,3.0,16,4,3
60753,16,7,3,10,8,3,6,1,1,1,2,36,2,2,0.0,0.0,0.0,0.0,0.0,2.0,19,1,5
90095,15,2,3,8,10,3,0,1,0,1,0,11,2,3,1.0,0.0,0.0,1.0,0.0,2.0,13,2,7
12297,16,7,3,11,6,0,6,1,1,1,1,21,2,2,0.0,0.0,0.0,0.0,0.0,3.0,10,4,1
51851,16,2,4,17,6,3,0,1,0,1,2,35,2,2,0.0,0.0,0.0,0.0,0.0,3.0,19,5,4
63987,15,2,1,0,6,3,0,5,0,1,2,36,2,4,2.0,0.0,0.0,0.0,2.0,1.0,21,3,5
97460,16,2,3,8,8,3,0,1,0,1,2,6,2,3,1.0,0.0,0.0,1.0,0.0,1.0,17,3,7
184588,15,7,1,0,8,3,6,1,1,1,0,18,2,2,0.0,0.0,0.0,0.0,0.0,2.0,17,6,12
135999,4,7,3,10,2,3,6,1,0,1,2,19,2,2,0.0,0.0,0.0,0.0,0.0,2.0,16,6,9
120999,2,2,0,0,6,3,0,1,0,1,2,6,2,2,0.0,0.0,0.0,0.0,0.0,3.0,22,6,9
3682,16,5,1,9,2,3,6,5,0,1,0,18,2,3,1.0,0.0,0.0,1.0,0.0,3.0,20,7,1
24415,16,2,3,0,6,3,0,1,0,1,2,6,2,3,1.0,0.0,0.0,1.0,0.0,1.0,11,3,2
134586,16,2,1,8,9,3,0,1,0,1,1,3,2,3,1.0,0.0,0.0,1.0,0.0,1.0,19,1,9
16525,16,2,3,10,8,3,0,1,1,1,2,19,2,2,0.0,0.0,0.0,0.0,0.0,2.0,9,2,2
110631,16,2,3,0,6,3,0,5,0,1,2,6,2,4,1.0,0.0,0.0,0.0,1.0,1.0,16,6,8
96850,15,2,2,0,8,3,0,1,0,1,2,18,2,3,1.0,0.0,0.0,1.0,0.0,1.0,5,1,7
70174,16,11,5,10,2,3,5,5,1,1,2,26,2,2,0.0,0.0,0.0,0.0,0.0,2.0,0,1,5
55068,16,2,1,0,10,3,0,5,1,1,1,6,2,2,0.0,0.0,0.0,0.0,0.0,4.0,1,1,4
34165,16,2,3,10,6,3,0,1,1,1,1,36,2,2,0.0,0.0,0.0,0.0,0.0,2.0,13,2,3
39364,4,2,3,17,2,3,0,1,1,1,2,18,2,2,0.0,0.0,0.0,0.0,0.0,4.0,15,1,3
104107,4,2,3,17,2,3,0,1,1,0,2,4,2,2,0.0,0.0,0.0,0.0,0.0,2.0,17,5,8
14825,16,2,3,0,6,3,6,5,0,1,2,18,2,3,2.0,0.0,0.0,2.0,0.0,0.0,9,6,1
147255,16,2,1,10,2,3,0,1,1,1,2,19,2,2,0.0,0.0,0.0,0.0,0.0,2.0,19,2,10
74711,16,2,3,5,8,3,5,1,1,1,1,36,2,2,0.0,0.0,0.0,0.0,0.0,2.0,6,1,6
170706,16,2,3,10,8,3,0,1,1,1,0,19,2,2,0.0,0.0,0.0,0.0,0.0,4.0,12,3,11
109866,15,2,1,7,10,3,0,1,1,1,2,24,4,2,0.0,0.0,0.0,0.0,0.0,2.0,20,7,8
124702,16,2,1,0,6,3,0,1,0,1,1,6,2,2,0.0,0.0,0.0,0.0,0.0,3.0,22,4,9
62478,16,2,3,17,6,3,6,1,0,1,2,17,2,3,1.0,0.0,0.0,1.0,0.0,2.0,17,7,5
48842,4,2,3,0,8,3,0,5,1,1,2,18,2,2,0.0,0.0,0.0,0.0,0.0,2.0,11,6,4
181194,16,7,0,17,6,3,6,1,0,1,2,36,2,4,5.0,0.0,0.0,0.0,5.0,1.0,20,7,12
128210,16,2,3,0,6,3,0,1,1,1,2,36,2,2,0.0,0.0,0.0,0.0,0.0,2.0,7,5,9
67495,16,2,4,10,2,3,0,5,0,1,2,8,2,4,1.0,0.0,0.0,0.0,1.0,4.0,20,3,5
32717,16,2,3,10,2,3,0,1,1,1,2,36,2,2,0.0,0.0,0.0,0.0,0.0,4.0,14,5,3
85282,16,2,3,0,2,3,6,1,0,1,2,6,2,3,1.0,0.0,0.0,1.0,0.0,1.0,9,3,6
91541,15,2,2,8,8,3,0,1,0,1,0,17,2,1,1.0,0.0,1.0,0.0,0.0,1.0,16,2,7
181470,16,2,3,17,6,3,0,1,1,1,0,36,2,2,0.0,0.0,0.0,0.0,0.0,2.0,6,3,12
178446,16,2,3,0,2,3,0,1,1,1,0,3,2,2,0.0,0.0,0.0,0.0,0.0,2.0,12,4,12