crash_date,               traffic_control_device,weather_condition,lighting_condition,first_crash_type,trafficway_type,alignment,roadway_surface_cond,road_defect,crash_type,intersection_related_i,damage,prim_contributory_cause,num_units,most_severe_injury,injuries_total,injuries_fatal,injuries_incapacitating,injuries_non_incapacitating,injuries_reported_not_evident,injuries_no_indication,crash_hour,crash_day_of_week,crash_month
56741,16,2,3,17,6,3,6,1,1,1,0,24,2,2,0.0,0.0,0.0,0.0,0.0,2.0,17,1,5
125128,4,2,1,3,8,3,0,1,0,1,2,11,2,4,1.0,0.0,0.0,0.0,1.0,2.0,21,2,9
131350,16,2,3,10,8,3,0,1,0,1,2,19,2,3,2.0,0.0,0.0,2.0,0.0,4.0,16,5,9
155221,15,11,5,10,8,3,5,5,1,1,2,36,2,2,0.0,0.0,0.0,0.0,0.0,2.0,19,4,10
171599,15,2,3,0,10,3,0,1,1,0,1,18,2,2,0.0,0.0,0.0,0.0,0.0,2.0,8,4,11
133190,15,2,3,15,8,3,0,1,0,1,2,17,2,2,0.0,0.0,0.0,0.0,0.0,7.0,15,2,9
168966,16,7,1,2,19,2,6,1,0,1,2,28,1,3,1.0,0.0,0.0,1.0,0.0,0.0,23,4,11
150223,15,3,4,0,6,3,0,1,0,1,2,18,2,2,0.0,0.0,0.0,0.0,0.0,7.0,20,1,10
164579,15,3,3,0,6,3,6,1,0,1,2,5,2,2,0.0,0.0,0.0,0.0,0.0,2.0,7,4,11
144961,16,2,3,10,8,3,0,1,1,1,2,19,2,2,0.0,0.0,0.0,0.0,0.0,2.0,11,4,10
114354,16,2,3,15,10,3,0,1,1,1,0,23,2,2,0.0,0.0,0.0,0.0,0.0,2.0,13,7,8
168583,16,11,5,10,2,3,5,5,1,1,2,36,3,2,0.0,0.0,0.0,0.0,0.0,6.0,19,7,11
172483,15,3,3,0,8,3,0,1,0,1,1,36,2,3,1.0,0.0,0.0,1.0,0.0,3.0,9,4,12
117974,4,2,3,15,8,3,0,1,1,1,2,36,2,2,0.0,0.0,0.0,0.0,0.0,2.0,14,6,8
147464,16,2,3,0,8,3,0,1,1,1,2,6,2,2,0.0,0.0,0.0,0.0,0.0,2.0,14,4,10
158263,16,2,1,9,8,3,0,1,0,1,2,26,2,3,1.0,0.0,0.0,1.0,0.0,1.0,23,3,11
69677,16,2,3,10,3,3,0,1,0,1,2,17,2,4,1.0,0.0,0.0,0.0,1.0,2.0,14,1,5
91971,16,2,3,17,2,3,0,1,1,1,1,18,2,2,0.0,0.0,0.0,0.0,0.0,2.0,16,2,7
159382,16,2,3,17,8,3,0,5,1,1,2,36,2,2,0.0,0.0,0.0,0.0,0.0,2.0,10,5,11
20489,15,11,5,7,15,3,5,5,1,1,2,36,2,2,0.0,0.0,0.0,0.0,0.0,1.0,21,1,2
17716,16,2,3,17,6,3,0,1,0,1,2,24,2,2,0.0,0.0,0.0,0.0,0.0,2.0,8,2,2
9990,4,10,1,10,15,3,4,6,1,1,2,19,2,2,0.0,0.0,0.0,0.0,0.0,2.0,20,7,1
98574,16,2,1,17,18,3,0,1,1,1,2,36,2,2,0.0,0.0,0.0,0.0,0.0,2.0,23,5,7
101632,15,2,3,17,8,3,0,1,1,1,2,18,2,2,0.0,0.0,0.0,0.0,0.0,2.0,16,4,7
129533,16,2,1,0,8,3,0,1,1,1,1,6,2,2,0.0,0.0,0.0,0.0,0.0,2.0,2,1,9
56022,16,2,1,17,8,3,6,1,1,1,2,36,2,2,0.0,0.0,0.0,0.0,0.0,2.0,22,1,5
67887,16,2,0,10,8,3,0,1,1,1,2,36,2,2,0.0,0.0,0.0,0.0,0.0,4.0,10,2,5
127961,16,2,3,0,6,3,0,1,0,1,2,18,2,4,1.0,0.0,0.0,0.0,1.0,4.0,9,7,9
133262,15,2,3,4,6,3,0,1,0,1,0,36,1,1,1.0,0.0,1.0,0.0,0.0,0.0,15,4,9
162159,16,2,3,17,6,3,0,1,1,1,2,12,2,2,0.0,0.0,0.0,0.0,0.0,2.0,11,5,11
72702,16,2,3,10,2,3,0,5,1,1,2,36,2,2,0.0,0.0,0.0,0.0,0.0,3.0,18,6,6
93583,15,2,3,10,15,3,0,5,1,1,0,36,2,2,0.0,0.0,0.0,0.0,0.0,2.0,15,6,7
62378,16,2,3,17,1,3,0,1,1,1,2,36,2,2,0.0,0.0,0.0,0.0,0.0,2.0,16,6,5
185739,16,2,3,0,2,3,0,5,1,1,2,3,2,2,0.0,0.0,0.0,0.0,0.0,5.0,15,3,12
7438,16,2,5,17,8,3,5,5,0,1,2,36,2,2,0.0,0.0,0.0,0.0,0.0,7.0,14,2,1
14526,16,2,3,17,6,3,4,1,1,1,0,22,2,2,0.0,0.0,0.0,0.0,0.0,4.0,8,2,1
179865,16,7,4,0,1,3,6,1,0,1,2,18,2,3,2.0,0.0,0.0,1.0,1.0,1.0,15,4,12
41327,17,11,5,10,6,3,5,5,1,1,0,12,2,2,0.0,0.0,0.0,0.0,0.0,2.0,16,6,3
81868,15,2,1,17,6,3,0,1,1,1,2,36,2,2,0.0,0.0,0.0,0.0,0.0,2.0,2,1,6
57279,16,7,3,15,6,3,6,1,0,1,2,22,2,2,0.0,0.0,0.0,0.0,0.0,2.0,17,3,5
134390,4,2,3,0,6,3,0,1,0,1,2,11,2,2,0.0,0.0,0.0,0.0,0.0,3.0,17,6,9
159549,4,2,3,0,10,3,0,1,1,1,2,18,2,2,0.0,0.0,0.0,0.0,0.0,2.0,9,2,11
92505,16,2,1,10,8,3,0,1,1,1,2,19,2,2,0.0,0.0,0.0,0.0,0.0,3.0,21,3,7
14664,16,2,3,17,2,3,0,1,1,1,2,18,2,2,0.0,0.0,0.0,0.0,0.0,3.0,7,4,1
75377,15,2,3,17,6,3,0,1,0,1,2,36,2,4,1.0,0.0,0.0,0.0,1.0,2.0,17,4,6
132813,4,2,3,17,8,3,0,1,1,1,2,36,2,2,0.0,0.0,0.0,0.0,0.0,2.0,16,5,9
45230,16,2,1,13,6,3,0,1,1,1,2,6,2,2,0.0,0.0,0.0,0.0,0.0,2.0,1,6,4
138739,16,7,0,17,8,3,6,1,1,1,2,22,2,2,0.0,0.0,0.0,0.0,0.0,2.0,6,7,10
8218,15,2,3,10,8,3,0,1,1,1,2,19,2,2,0.0,0.0,0.0,0.0,0.0,2.0,7,5,1
37968,16,2,3,17,8,3,0,1,1,1,2,22,2,2,0.0,0.0,0.0,0.0,0.0,2.0,8,5,3
63229,16,2,3,9,8,3,0,5,0,0,2,30,2,0,1.0,1.0,0.0,0.0,0.0,1.0,15,4,5
128998,4,2,3,10,8,3,0,1,1,1,2,8,2,2,0.0,0.0,0.0,0.0,0.0,5.0,12,7,9
128231,16,2,3,17,6,3,0,1,0,1,2,17,2,4,1.0,0.0,0.0,0.0,1.0,1.0,10,5,9
10712,16,2,3,0,8,3,0,1,0,1,2,18,2,1,1.0,0.0,1.0,0.0,0.0,3.0,8,4,1
72292,16,7,3,17,6,3,6,1,0,1,2,36,2,2,0.0,0.0,0.0,0.0,0.0,2.0,12,7,6
17282,15,2,1,0,8,3,0,1,0,1,2,18,2,2,0.0,0.0,0.0,0.0,0.0,4.0,1,2,2
167937,15,2,3,17,10,5,0,1,1,1,2,23,2,2,0.0,0.0,0.0,0.0,0.0,4.0,12,2,11
66933,17,11,5,0,8,3,5,5,1,1,0,36,2,2,0.0,0.0,0.0,0.0,0.0,2.0,17,2,5
3487,4,2,3,0,8,3,6,1,0,1,2,18,2,2,0.0,0.0,0.0,0.0,0.0,2.0,12,2,1
62195,16,2,3,15,2,3,0,1,1,1,0,36,2,2,0.0,0.0,0.0,0.0,0.0,3.0,16,2,5
186427,4,7,3,0,6,3,6,5,1,1,2,26,2,2,0.0,0.0,0.0,0.0,0.0,2.0,8,5,12
27626,15,2,1,8,6,3,6,1,0,1,0,18,2,1,1.0,0.0,1.0,0.0,0.0,1.0,23,3,2
35757,16,2,1,10,3,3,0,5,1,1,2,36,2,2,0.0,0.0,0.0,0.0,0.0,2.0,3,7,3
177617,15,2,4,17,6,3,0,1,0,1,2,36,2,3,1.0,0.0,0.0,1.0,0.0,1.0,16,3,12
144582,16,2,3,10,10,3,0,5,1,0,0,17,2,2,0.0,0.0,0.0,0.0,0.0,3.0,15,3,10
17622,16,2,3,10,16,3,0,1,1,1,1,19,2,2,0.0,0.0,0.0,0.0,0.0,5.0,14,1,2
3693,15,2,1,17,6,3,1,1,1,1,1,22,2,2,0.0,0.0,0.0,0.0,0.0,3.0,23,7,1
88025,9,2,1,17,8,3,0,1,0,0,2,36,2,3,1.0,0.0,0.0,1.0,0.0,4.0,22,4,7
33247,16,2,3,15,8,3,0,1,1,1,2,36,2,2,0.0,0.0,0.0,0.0,0.0,2.0,16,7,3
113497,15,2,3,0,15,3,0,1,1,1,2,18,2,2,0.0,0.0,0.0,0.0,0.0,2.0,16,1,8
172703,4,2,0,7,10,3,0,1,1,0,2,23,2,2,0.0,0.0,0.0,0.0,0.0,1.0,21,1,12
141496,16,2,3,17,2,3,0,1,0,1,2,18,3,2,0.0,0.0,0.0,0.0,0.0,3.0,12,6,10
109134,4,2,2,17,15,3,0,1,0,1,2,36,3,3,2.0,0.0,0.0,2.0,0.0,2.0,5,5,8
41808,15,2,3,17,2,3,0,5,1,1,2,36,2,2,0.0,0.0,0.0,0.0,0.0,2.0,11,7,3
130626,4,2,1,7,11,3,0,1,1,0,2,22,3,2,0.0,0.0,0.0,0.0,0.0,1.0,21,4,9
136882,16,11,1,17,11,3,5,5,1,1,2,36,2,2,0.0,0.0,0.0,0.0,0.0,4.0,20,5,9
179433,15,2,3,0,8,3,0,1,1,1,2,18,2,2,0.0,0.0,0.0,0.0,0.0,2.0,10,6,12
96864,16,2,0,0,8,3,0,1,1,1,2,6,2,2,0.0,0.0,0.0,0.0,0.0,3.0,20,1,7
159109,16,2,3,15,8,3,0,1,1,1,2,18,2,2,0.0,0.0,0.0,0.0,0.0,2.0,15,4,11
72442,16,2,3,10,3,3,0,1,1,1,1,19,2,2,0.0,0.0,0.0,0.0,0.0,2.0,15,1,6
11002,16,2,1,0,8,3,0,1,1,1,1,36,2,2,0.0,0.0,0.0,0.0,0.0,3.0,23,7,1
167721,15,2,1,17,8,3,0,1,0,1,2,36,2,2,0.0,0.0,0.0,0.0,0.0,2.0,21,5,11
18366,16,10,1,2,10,3,4,1,1,1,2,26,1,2,0.0,0.0,0.0,0.0,0.0,1.0,23,5,2
36499,4,2,3,11,8,3,0,5,1,1,2,19,2,2,0.0,0.0,0.0,0.0,0.0,2.0,13,6,3
93434,15,2,3,17,8,3,0,1,1,1,2,36,2,2,0.0,0.0,0.0,0.0,0.0,2.0,15,3,7
45621,4,7,3,0,8,3,6,1,1,1,2,18,2,2,0.0,0.0,0.0,0.0,0.0,3.0,16,6,4
141394,16,2,0,10,8,3,0,5,1,0,1,19,2,2,0.0,0.0,0.0,0.0,0.0,2.0,22,5,10
8304,16,2,3,17,6,3,0,1,1,1,2,36,2,2,0.0,0.0,0.0,0.0,0.0,2.0,9,6,1
69162,16,7,3,17,2,3,6,1,0,1,2,36,2,3,2.0,0.0,0.0,1.0,1.0,1.0,12,1,5
184190,16,2,3,0,11,3,1,1,1,1,2,39,2,2,0.0,0.0,0.0,0.0,0.0,2.0,10,5,12
57773,16,2,3,10,8,3,0,5,1,1,2,36,2,2,0.0,0.0,0.0,0.0,0.0,2.0,11,4,5
12274,16,10,1,2,3,3,6,1,0,1,2,36,1,2,0.0,0.0,0.0,0.0,0.0,2.0,18,4,1
29528,15,2,3,0,6,3,0,1,0,1,2,18,2,2,0.0,0.0,0.0,0.0,0.0,2.0,14,1,3
102408,15,2,0,0,11,3,0,1,1,1,2,18,2,2,0.0,0.0,0.0,0.0,0.0,2.0,23,7,7
141904,16,2,3,10,8,3,0,1,1,1,1,2,2,2,0.0,0.0,0.0,0.0,0.0,2.0,12,5,10
144942,17,11,5,15,6,3,5,5,1,1,2,23,2,2,0.0,0.0,0.0,0.0,0.0,2.0,20,4,10
165003,4,2,3,17,8,3,0,1,1,1,1,36,2,2,0.0,0.0,0.0,0.0,0.0,2.0,8,3,11
107870,16,2,4,10,8,3,0,5,1,1,0,19,2,2,0.0,0.0,0.0,0.0,0.0,2.0,19,5,8
1693,16,2,1,17,8,3,6,1,0,1,2,18,2,1,1.0,0.0,1.0,0.0,0.0,4.0,16,2,1
121692,16,2,3,17,10,3,0,1,1,1,2,36,2,2,0.0,0.0,0.0,0.0,0.0,2.0,12,1,9
183359,16,6,3,10,6,3,1,1,0,1,2,39,3,4,2.0,0.0,0.0,0.0,2.0,3.0,8,2,12
183044,15,2,1,0,11,3,6,5,1,1,2,36,2,2,0.0,0.0,0.0,0.0,0.0,3.0,18,3,12
3472,9,10,1,0,8,3,6,1,0,1,2,28,2,3,3.0,0.0,0.0,3.0,0.0,0.0,20,2,1
94672,16,2,3,15,5,3,0,1,1,1,0,24,2,2,0.0,0.0,0.0,0.0,0.0,2.0,19,1,7
129513,16,2,2,15,10,3,0,1,1,1,1,15,2,2,0.0,0.0,0.0,0.0,0.0,2.0,10,7,9
166951,16,7,3,9,10,3,6,1,0,1,0,18,2,3,1.0,0.0,0.0,1.0,0.0,1.0,7,4,11
15125,16,2,3,17,1,3,0,1,0,1,2,12,2,2,0.0,0.0,0.0,0.0,0.0,2.0,6,5,2
181111,16,2,3,10,8,3,6,1,0,1,1,19,2,2,0.0,0.0,0.0,0.0,0.0,2.0,7,6,12
18239,4,2,3,17,0,3,0,1,0,1,2,18,2,4,1.0,0.0,0.0,0.0,1.0,1.0,16,4,2
67786,16,2,1,4,6,3,0,1,0,1,0,36,1,3,1.0,0.0,0.0,1.0,0.0,1.0,23,6,5
85014,4,2,3,10,8,3,0,1,1,1,2,20,2,2,0.0,0.0,0.0,0.0,0.0,2.0,15,7,6
90969,16,2,3,17,2,3,0,1,1,1,2,24,2,2,0.0,0.0,0.0,0.0,0.0,2.0,18,7,7
39629,4,2,3,10,10,3,0,1,1,1,2,28,2,2,0.0,0.0,0.0,0.0,0.0,3.0,16,7,3
64693,16,7,3,10,8,3,6,1,0,1,1,36,2,3,1.0,0.0,0.0,1.0,0.0,4.0,14,7,5
149501,15,2,1,0,15,3,0,1,0,1,2,5,2,3,2.0,0.0,0.0,2.0,0.0,2.0,0,5,10
123550,4,7,3,14,8,3,6,1,1,1,2,36,2,2,0.0,0.0,0.0,0.0,0.0,2.0,10,1,9
134758,4,2,3,7,8,3,0,1,1,1,0,36,2,2,0.0,0.0,0.0,0.0,0.0,1.0,10,4,9
137449,16,2,3,10,2,3,0,1,1,1,2,19,2,2,0.0,0.0,0.0,0.0,0.0,2.0,13,7,9
127999,17,11,5,10,10,3,5,5,1,1,2,36,2,2,0.0,0.0,0.0,0.0,0.0,2.0,16,2,9
113540,15,2,3,17,8,3,0,1,1,1,1,24,2,2,0.0,0.0,0.0,0.0,0.0,2.0,15,6,8
162972,4,2,2,7,10,3,0,1,1,0,2,36,2,2,0.0,0.0,0.0,0.0,0.0,1.0,7,4,11
126722,15,2,3,0,8,3,0,1,0,1,2,18,2,4,1.0,0.0,0.0,0.0,1.0,1.0,11,4,9
48281,16,2,3,15,8,3,0,1,1,1,2,36,2,2,0.0,0.0,0.0,0.0,0.0,2.0,17,4,4
160805,16,2,3,15,10,3,0,1,1,1,2,23,2,2,0.0,0.0,0.0,0.0,0.0,3.0,9,3,11
117309,15,2,1,15,11,3,0,1,1,1,2,36,2,2,0.0,0.0,0.0,0.0,0.0,3.0,22,1,8
20474,4,2,3,15,8,3,0,1,0,0,2,23,2,1,1.0,0.0,1.0,0.0,0.0,1.0,16,1,2
32527,16,2,3,0,8,3,0,1,0,1,2,6,2,3,1.0,0.0,0.0,1.0,0.0,2.0,9,7,3
52780,15,7,3,17,6,3,6,1,0,1,2,24,3,2,0.0,0.0,0.0,0.0,0.0,7.0,13,1,4
182900,15,2,1,0,6,3,0,5,0,1,2,36,2,2,0.0,0.0,0.0,0.0,0.0,2.0,16,3,12
66866,15,2,3,0,6,3,0,1,1,1,2,36,2,2,0.0,0.0,0.0,0.0,0.0,3.0,1,1,5
31307,15,2,3,11,8,3,0,1,0,1,2,5,2,3,6.0,0.0,0.0,6.0,0.0,1.0,17,3,3
56923,16,2,3,10,8,3,0,5,1,1,2,19,2,2,0.0,0.0,0.0,0.0,0.0,3.0,7,5,5
178358,16,2,3,17,2,3,0,1,1,1,1,6,2,2,0.0,0.0,0.0,0.0,0.0,3.0,11,3,12
45825,15,2,3,17,2,3,0,1,1,1,2,24,2,2,0.0,0.0,0.0,0.0,0.0,2.0,11,7,4
45354,16,2,3,10,2,3,6,1,1,1,1,19,2,2,0.0,0.0,0.0,0.0,0.0,3.0,15,6,4
19262,17,2,1,0,2,3,0,5,1,1,2,17,3,2,0.0,0.0,0.0,0.0,0.0,8.0,7,6,2
83609,16,11,3,17,6,3,5,5,1,1,2,22,2,2,0.0,0.0,0.0,0.0,0.0,5.0,18,7,6
130610,4,2,4,10,15,3,0,5,1,1,1,2,2,2,0.0,0.0,0.0,0.0,0.0,3.0,19,4,9
107161,15,2,3,17,3,3,0,1,1,1,2,18,2,2,0.0,0.0,0.0,0.0,0.0,4.0,11,3,8
158262,16,2,1,17,6,3,0,1,0,1,2,36,2,3,2.0,0.0,0.0,2.0,0.0,0.0,23,3,11
57407,16,2,3,17,2,3,0,5,0,1,2,6,2,3,1.0,0.0,0.0,1.0,0.0,1.0,17,6,5
158099,16,3,3,10,2,3,6,1,1,1,2,19,2,2,0.0,0.0,0.0,0.0,0.0,2.0,11,1,11
80872,16,2,3,15,6,3,0,5,1,1,2,23,2,2,0.0,0.0,0.0,0.0,0.0,2.0,15,2,6
73213,16,2,1,0,6,3,0,1,1,1,2,18,2,2,0.0,0.0,0.0,0.0,0.0,2.0,0,6,6
118584,4,2,3,0,6,3,0,1,0,1,2,36,2,3,1.0,0.0,0.0,1.0,0.0,1.0,9,7,8
72230,16,7,3,17,2,3,6,1,1,1,2,24,2,2,0.0,0.0,0.0,0.0,0.0,2.0,15,7,6
157854,16,2,1,0,8,3,0,1,0,1,2,6,3,3,1.0,0.0,0.0,1.0,0.0,3.0,0,6,11
61398,4,2,3,10,2,3,0,1,1,0,2,36,2,2,0.0,0.0,0.0,0.0,0.0,2.0,13,5,5
6835,15,10,1,2,10,3,4,1,0,1,1,36,1,2,0.0,0.0,0.0,0.0,0.0,1.0,21,6,1
163835,16,2,1,17,8,3,0,6,1,1,2,24,2,2,0.0,0.0,0.0,0.0,0.0,3.0,23,6,11
25423,16,2,3,10,8,3,0,1,1,1,1,19,2,2,0.0,0.0,0.0,0.0,0.0,2.0,16,1,2
142102,16,2,3,17,6,3,0,5,0,1,1,36,2,2,0.0,0.0,0.0,0.0,0.0,2.0,12,1,10
149879,16,2,1,10,8,3,0,1,1,1,1,36,2,2,0.0,0.0,0.0,0.0,0.0,2.0,20,2,10
155507,4,2,1,0,2,3,0,1,1,1,2,23,2,2,0.0,0.0,0.0,0.0,0.0,3.0,19,2,10
8148,16,2,3,15,2,3,0,1,0,1,2,23,2,3,1.0,0.0,0.0,1.0,0.0,2.0,8,4,1
113417,16,2,3,15,2,3,0,1,1,1,1,36,2,2,0.0,0.0,0.0,0.0,0.0,2.0,16,6,8
98585,10,2,3,10,8,3,0,1,0,1,2,17,2,2,0.0,0.0,0.0,0.0,0.0,2.0,13,6,7
148905,16,2,3,10,13,3,0,1,1,1,2,19,2,2,0.0,0.0,0.0,0.0,0.0,3.0,17,4,10
124134,4,2,3,10,8,3,0,5,0,1,2,36,2,4,1.0,0.0,0.0,0.0,1.0,1.0,8,3,9
27787,15,2,1,0,8,3,0,1,0,1,2,18,2,2,0.0,0.0,0.0,0.0,0.0,2.0,23,5,2
147440,16,2,3,10,2,3,0,1,1,1,2,19,2,2,0.0,0.0,0.0,0.0,0.0,2.0,15,3,10
140887,16,11,3,17,15,3,5,5,1,1,2,36,2,2,0.0,0.0,0.0,0.0,0.0,2.0,16,6,10
100068,16,2,3,8,6,3,0,1,0,1,0,36,2,3,1.0,0.0,0.0,1.0,0.0,1.0,18,1,7
28065,15,2,3,17,2,3,0,1,0,1,2,18,2,2,0.0,0.0,0.0,0.0,0.0,2.0,8,4,2
40974,16,2,1,0,18,3,0,1,0,1,2,6,2,2,0.0,0.0,0.0,0.0,0.0,3.0,0,5,3
9497,4,10,5,17,0,3,4,5,1,1,1,18,2,2,0.0,0.0,0.0,0.0,0.0,2.0,13,6,1
143568,16,3,3,15,8,3,6,1,1,1,2,18,2,2,0.0,0.0,0.0,0.0,0.0,4.0,17,6,10
38204,4,11,3,9,8,3,5,5,0,1,0,24,2,3,1.0,0.0,0.0,1.0,0.0,1.0,13,2,3
107210,4,2,3,0,12,3,0,1,0,0,2,38,2,2,0.0,0.0,0.0,0.0,0.0,4.0,17,2,8
74703,16,2,3,0,6,3,0,1,1,1,2,36,2,2,0.0,0.0,0.0,0.0,0.0,3.0,17,1,6
152094,16,2,4,10,8,3,0,1,1,1,2,19,2,2,0.0,0.0,0.0,0.0,0.0,2.0,18,6,10
55461,4,2,3,8,0,3,0,5,0,1,2,18,2,3,1.0,0.0,0.0,1.0,0.0,2.0,16,2,4
168102,16,2,1,15,1,3,0,2,1,1,0,19,2,2,0.0,0.0,0.0,0.0,0.0,3.0,22,6,11
167817,15,2,1,0,8,3,0,1,0,1,2,18,2,3,1.0,0.0,0.0,1.0,0.0,2.0,1,1,11
185499,16,2,1,10,6,3,0,1,0,1,2,23,6,2,0.0,0.0,0.0,0.0,0.0,3.0,19,6,12
129686,16,2,3,9,8,3,0,1,0,1,0,18,2,4,1.0,0.0,0.0,0.0,1.0,1.0,7,3,9
49975,16,7,4,17,10,3,6,1,1,1,2,36,3,2,0.0,0.0,0.0,0.0,0.0,3.0,19,5,4
149845,4,2,3,17,8,3,0,1,1,1,0,36,2,2,0.0,0.0,0.0,0.0,0.0,6.0,15,2,10
111092,16,2,3,17,15,3,0,1,0,1,2,6,2,2,0.0,0.0,0.0,0.0,0.0,2.0,17,6,8
168995,16,4,1,10,15,3,0,1,1,1,0,36,2,2,0.0,0.0,0.0,0.0,0.0,5.0,19,5,11
20350,16,2,3,10,10,3,0,1,1,0,1,36,2,2,0.0,0.0,0.0,0.0,0.0,2.0,16,6,2
9292,16,2,1,10,8,3,0,1,0,1,2,9,2,2,0.0,0.0,0.0,0.0,0.0,2.0,1,1,1
33991,15,7,3,0,8,3,6,1,0,1,2,5,2,3,1.0,0.0,0.0,1.0,0.0,1.0,12,4,3
117950,16,2,3,9,3,3,0,1,0,1,0,36,3,3,1.0,0.0,0.0,1.0,0.0,2.0,11,5,8
50838,16,2,1,10,11,3,0,1,1,1,1,17,2,2,0.0,0.0,0.0,0.0,0.0,3.0,22,6,4
58810,16,2,1,17,2,3,0,1,1,1,2,24,2,2,0.0,0.0,0.0,0.0,0.0,3.0,21,6,5
44870,16,11,3,0,6,3,5,5,0,1,2,36,2,2,0.0,0.0,0.0,0.0,0.0,2.0,15,7,4
11852,16,4,2,9,1,3,6,1,0,1,0,18,2,1,1.0,0.0,1.0,0.0,0.0,1.0,5,4,1
17349,15,2,1,17,8,3,0,1,1,1,1,24,2,2,0.0,0.0,0.0,0.0,0.0,2.0,5,2,2
179720,16,3,3,10,8,3,5,5,1,1,2,19,2,2,0.0,0.0,0.0,0.0,0.0,2.0,12,7,12
165053,15,3,1,0,6,3,0,1,1,1,1,18,2,2,0.0,0.0,0.0,0.0,0.0,2.0,16,4,11
101494,16,2,3,8,6,3,0,1,1,1,1,24,2,2,0.0,0.0,0.0,0.0,0.0,3.0,16,2,7
170868,16,2,1,0,6,3,0,1,0,1,2,6,2,3,1.0,0.0,0.0,1.0,0.0,2.0,21,7,11
20645,16,2,1,0,2,3,0,1,1,1,2,6,2,2,0.0,0.0,0.0,0.0,0.0,2.0,23,3,2
119165,4,7,3,17,15,3,6,1,0,1,2,18,3,2,0.0,0.0,0.0,0.0,0.0,3.0,9,1,8
161844,16,2,2,15,11,3,0,1,1,1,1,23,2,2,0.0,0.0,0.0,0.0,0.0,2.0,4,7,11
144734,16,2,3,15,8,4,0,5,1,1,1,23,2,2,0.0,0.0,0.0,0.0,0.0,3.0,17,7,10
41859,16,2,3,2,8,3,5,5,1,1,2,26,1,2,0.0,0.0,0.0,0.0,0.0,2.0,13,7,3
85877,16,2,3,17,19,3,0,1,0,1,2,17,2,3,1.0,0.0,0.0,1.0,0.0,1.0,19,5,6
171086,15,2,3,0,8,3,0,1,0,1,2,5,2,3,1.0,0.0,0.0,1.0,0.0,2.0,8,5,11
131805,16,2,1,8,8,3,0,1,0,1,2,6,2,3,1.0,0.0,0.0,1.0,0.0,1.0,0,6,9
4037,4,2,3,15,8,3,0,1,1,1,0,17,2,2,0.0,0.0,0.0,0.0,0.0,2.0,15,5,1
52421,16,2,1,0,2,3,0,5,0,1,2,36,2,2,0.0,0.0,0.0,0.0,0.0,3.0,2,1,4
7807,4,2,1,0,8,3,6,1,0,1,2,36,2,3,1.0,0.0,0.0,1.0,0.0,1.0,2,7,1
183297,16,2,0,0,10,3,0,1,0,1,2,11,2,3,2.0,0.0,0.0,2.0,0.0,3.0,2,1,12
186077,16,3,3,17,2,3,4,1,0,1,2,6,2,3,1.0,0.0,0.0,1.0,0.0,1.0,16,3,12
188149,15,2,1,0,8,3,6,1,0,1,2,36,2,3,1.0,0.0,0.0,1.0,0.0,2.0,23,7,12
24671,16,11,5,15,8,3,5,5,1,1,2,36,2,2,0.0,0.0,0.0,0.0,0.0,2.0,18,2,2
187057,4,10,1,2,8,3,4,1,0,1,2,17,1,2,0.0,0.0,0.0,0.0,0.0,1.0,17,5,12
19827,16,11,5,10,10,3,5,1,1,1,2,19,2,2,0.0,0.0,0.0,0.0,0.0,2.0,16,3,2
117112,16,2,3,10,2,3,0,1,1,1,2,36,3,2,0.0,0.0,0.0,0.0,0.0,3.0,8,6,8
87953,16,2,1,17,6,3,0,1,0,1,2,18,2,3,1.0,0.0,0.0,1.0,0.0,2.0,20,2,7
75398,15,2,3,4,15,3,0,1,0,1,2,5,2,3,1.0,0.0,0.0,1.0,0.0,1.0,9,4,6
142975,15,2,3,17,2,3,0,1,1,1,2,36,2,2,0.0,0.0,0.0,0.0,0.0,2.0,8,5,10
35527,15,7,3,0,8,3,6,1,1,1,1,18,2,2,0.0,0.0,0.0,0.0,0.0,3.0,12,2,3
145662,15,7,3,0,6,3,6,1,1,1,2,36,2,2,0.0,0.0,0.0,0.0,0.0,2.0,6,7,10
47025,16,11,5,10,6,3,5,5,1,1,2,36,2,2,0.0,0.0,0.0,0.0,0.0,2.0,23,3,4
17432,16,2,3,17,3,3,0,1,1,1,1,22,2,2,0.0,0.0,0.0,0.0,0.0,2.0,16,4,2
104121,16,2,4,10,2,4,0,1,1,1,1,17,2,2,0.0,0.0,0.0,0.0,0.0,2.0,19,5,8
114623,4,7,4,0,10,3,6,1,0,1,2,5,2,2,0.0,0.0,0.0,0.0,0.0,2.0,22,2,8
61261,15,2,3,7,8,3,0,1,1,0,0,24,2,2,0.0,0.0,0.0,0.0,0.0,1.0,19,2,5
83373,16,2,3,17,10,3,0,1,1,1,2,24,2,2,0.0,0.0,0.0,0.0,0.0,2.0,10,2,6
160550,17,2,3,17,6,3,0,5,0,1,2,36,2,2,0.0,0.0,0.0,0.0,0.0,2.0,16,3,11
147577,15,2,1,2,8,3,0,1,0,1,1,10,1,2,0.0,0.0,0.0,0.0,0.0,1.0,21,5,10
19091,15,2,3,0,8,3,0,1,1,1,2,36,2,2,0.0,0.0,0.0,0.0,0.0,2.0,15,5,2
35456,16,2,3,9,2,3,0,1,0,1,2,18,2,3,1.0,0.0,0.0,1.0,0.0,1.0,11,7,3