crash_date,               traffic_control_device,weather_condition,lighting_condition,first_crash_type,trafficway_type,alignment,roadway_surface_cond,road_defect,crash_type,intersection_related_i,damage,prim_contributory_cause,num_units,most_severe_injury,injuries_total,injuries_fatal,injuries_incapacitating,injuries_non_incapacitating,injuries_reported_not_evident,injuries_no_indication,crash_hour,crash_day_of_week,crash_month
71035,15,2,3,0,15,3,0,1,1,1,2,36,2,2,0.0,0.0,0.0,0.0,0.0,3.0,16,3,5
92411,16,2,3,15,8,3,0,5,1,1,2,22,2,2,0.0,0.0,0.0,0.0,0.0,4.0,14,1,7
96187,4,7,4,17,15,4,6,1,0,1,2,24,2,2,0.0,0.0,0.0,0.0,0.0,2.0,18,4,7
6703,15,2,3,17,2,3,6,1,0,1,2,36,2,4,2.0,0.0,0.0,0.0,2.0,1.0,8,3,1
160090,16,2,3,17,6,3,0,1,1,1,2,18,2,2,0.0,0.0,0.0,0.0,0.0,2.0,11,3,11
161584,15,2,1,8,8,3,0,1,0,1,2,17,2,3,1.0,0.0,0.0,1.0,0.0,1.0,18,4,11
176331,16,2,3,17,6,3,0,1,1,1,1,36,2,2,0.0,0.0,0.0,0.0,0.0,2.0,10,5,12
33416,16,2,3,17,8,3,0,5,1,1,1,36,2,2,0.0,0.0,0.0,0.0,0.0,2.0,9,2,3
78587,16,2,1,0,2,3,0,1,1,1,2,36,2,2,0.0,0.0,0.0,0.0,0.0,2.0,2,3,6
100870,16,11,0,17,8,3,5,5,0,1,1,36,2,4,1.0,0.0,0.0,0.0,1.0,1.0,2,6,7
72158,16,2,3,8,6,3,0,1,1,1,1,18,2,2,0.0,0.0,0.0,0.0,0.0,2.0,16,5,6
141507,15,2,3,0,6,3,0,1,0,1,2,5,2,2,0.0,0.0,0.0,0.0,0.0,2.0,14,7,10
153415,16,2,3,10,8,3,0,1,1,0,2,23,2,2,0.0,0.0,0.0,0.0,0.0,2.0,2,7,10
102932,4,2,3,17,1,3,0,1,1,1,0,9,2,2,0.0,0.0,0.0,0.0,0.0,2.0,15,2,7
129325,16,2,1,10,15,3,0,5,1,1,2,19,2,2,0.0,0.0,0.0,0.0,0.0,3.0,21,6,9
134975,16,2,3,9,6,3,0,1,0,1,2,18,2,3,1.0,0.0,0.0,1.0,0.0,1.0,7,5,9
68563,16,2,3,17,6,3,0,1,1,1,2,36,2,2,0.0,0.0,0.0,0.0,0.0,3.0,15,7,5
39744,16,2,3,10,2,3,0,1,1,1,2,17,3,2,0.0,0.0,0.0,0.0,0.0,3.0,11,7,3
132340,17,2,3,17,6,3,0,1,1,1,2,24,4,2,0.0,0.0,0.0,0.0,0.0,4.0,12,5,9
78355,16,3,3,17,6,3,6,1,1,1,0,24,2,2,0.0,0.0,0.0,0.0,0.0,2.0,9,5,6
166369,15,2,0,0,9,3,0,1,1,1,2,36,2,2,0.0,0.0,0.0,0.0,0.0,2.0,19,1,11
53079,4,2,3,7,2,3,0,5,1,0,2,36,2,2,0.0,0.0,0.0,0.0,0.0,1.0,13,5,4
46927,16,2,3,0,8,3,0,1,1,1,1,36,2,2,0.0,0.0,0.0,0.0,0.0,2.0,12,1,4
159844,4,2,3,14,8,3,0,5,1,1,2,17,2,2,0.0,0.0,0.0,0.0,0.0,2.0,11,5,11
77435,4,2,3,17,2,3,0,1,0,1,2,18,2,1,1.0,0.0,1.0,0.0,0.0,1.0,20,7,6
119984,16,2,1,17,8,3,0,1,0,1,2,24,2,3,3.0,0.0,0.0,3.0,0.0,0.0,5,5,8
61908,16,2,3,9,6,3,0,1,0,1,0,36,2,3,1.0,0.0,0.0,1.0,0.0,1.0,11,5,5
164912,16,10,1,0,2,3,6,1,0,1,2,17,2,3,1.0,0.0,0.0,1.0,0.0,1.0,23,7,11
18156,16,10,3,17,8,3,6,1,0,1,2,18,2,2,0.0,0.0,0.0,0.0,0.0,2.0,9,2,2
34070,16,2,3,15,3,3,5,5,1,0,2,26,2,2,0.0,0.0,0.0,0.0,0.0,2.0,15,7,3
20066,15,2,3,10,2,3,0,1,1,1,2,19,2,2,0.0,0.0,0.0,0.0,0.0,2.0,16,1,2
102640,16,2,1,15,10,3,0,5,1,0,1,18,2,2,0.0,0.0,0.0,0.0,0.0,2.0,20,5,7
109446,16,2,0,17,8,3,0,1,1,1,1,18,2,2,0.0,0.0,0.0,0.0,0.0,4.0,0,1,8
160184,15,2,3,17,6,3,0,1,1,1,2,18,2,2,0.0,0.0,0.0,0.0,0.0,2.0,14,6,11
177548,15,2,3,0,6,3,0,1,0,1,2,18,2,3,2.0,0.0,0.0,2.0,0.0,1.0,11,7,12
10516,15,10,3,0,3,3,4,1,0,1,2,5,2,4,1.0,0.0,0.0,0.0,1.0,1.0,15,6,1
152097,16,7,3,0,6,3,6,1,1,1,1,6,2,2,0.0,0.0,0.0,0.0,0.0,2.0,6,6,10
163524,16,2,0,10,6,3,5,5,1,1,2,36,2,2,0.0,0.0,0.0,0.0,0.0,2.0,18,5,11
121029,17,2,3,15,8,3,0,5,1,1,2,36,2,2,0.0,0.0,0.0,0.0,0.0,2.0,14,1,9
181495,4,2,3,0,6,3,0,1,1,1,2,36,2,2,0.0,0.0,0.0,0.0,0.0,2.0,8,3,12
31599,15,2,3,14,8,3,0,1,1,1,2,18,2,2,0.0,0.0,0.0,0.0,0.0,3.0,15,1,3
126445,16,7,3,17,6,3,6,1,1,1,2,18,2,2,0.0,0.0,0.0,0.0,0.0,2.0,14,2,9
36627,16,2,1,17,6,3,0,1,0,1,2,36,2,2,0.0,0.0,0.0,0.0,0.0,4.0,0,7,3
149571,16,2,3,10,6,3,0,1,1,1,2,19,2,2,0.0,0.0,0.0,0.0,0.0,3.0,11,6,10
186436,16,2,4,13,8,3,0,5,1,1,1,22,2,2,0.0,0.0,0.0,0.0,0.0,2.0,21,5,12
63538,15,2,3,2,10,3,0,5,0,1,0,36,1,4,1.0,0.0,0.0,0.0,1.0,0.0,16,4,5
123213,11,2,1,0,8,3,0,1,0,1,2,17,2,3,2.0,0.0,0.0,2.0,0.0,0.0,0,3,9
77259,16,2,1,17,6,3,0,1,0,1,2,24,3,1,2.0,0.0,1.0,1.0,0.0,3.0,21,3,6
27975,16,2,1,0,6,3,0,1,0,1,2,6,2,3,3.0,0.0,0.0,2.0,1.0,0.0,1,3,2
61564,16,2,4,17,3,3,0,1,1,1,1,24,2,2,0.0,0.0,0.0,0.0,0.0,2.0,19,5,5
181365,16,2,3,0,8,3,6,1,0,1,2,6,2,2,0.0,0.0,0.0,0.0,0.0,12.0,12,1,12
154769,16,2,0,0,6,3,5,5,0,1,2,36,2,2,0.0,0.0,0.0,0.0,0.0,2.0,1,7,10
132988,16,2,0,10,8,3,5,1,1,1,2,19,2,2,0.0,0.0,0.0,0.0,0.0,2.0,23,1,9
157295,15,2,1,0,6,3,5,1,1,1,1,36,2,2,0.0,0.0,0.0,0.0,0.0,2.0,18,6,11
90649,15,2,3,0,8,3,0,1,0,1,2,18,2,2,0.0,0.0,0.0,0.0,0.0,4.0,17,3,7
112000,15,2,3,0,8,3,0,1,0,1,2,18,2,2,0.0,0.0,0.0,0.0,0.0,2.0,13,5,8
26054,16,2,1,10,8,3,0,1,1,1,0,36,2,2,0.0,0.0,0.0,0.0,0.0,2.0,18,6,2
150803,16,2,3,17,2,3,0,1,0,1,2,18,2,2,0.0,0.0,0.0,0.0,0.0,2.0,14,2,10
84504,15,2,3,10,8,3,5,5,1,1,1,21,2,2,0.0,0.0,0.0,0.0,0.0,2.0,14,6,6
177115,17,2,1,17,10,3,0,1,1,1,2,22,2,2,0.0,0.0,0.0,0.0,0.0,2.0,18,5,12
91110,10,2,3,10,8,3,0,1,0,1,2,36,2,2,0.0,0.0,0.0,0.0,0.0,2.0,17,3,7
31140,16,2,3,10,8,3,0,1,0,1,0,19,2,3,1.0,0.0,0.0,1.0,0.0,3.0,12,5,3
179392,16,2,3,15,8,3,0,1,1,1,1,22,2,2,0.0,0.0,0.0,0.0,0.0,2.0,16,6,12
17383,16,10,1,0,8,3,4,1,0,1,2,6,2,2,0.0,0.0,0.0,0.0,0.0,2.0,4,3,2
10499,15,10,1,0,6,3,1,1,1,1,2,17,3,2,0.0,0.0,0.0,0.0,0.0,2.0,21,1,1
80788,16,2,1,17,6,3,0,5,0,1,2,36,2,3,2.0,0.0,0.0,2.0,0.0,1.0,1,7,6
156104,16,2,3,17,5,3,0,1,1,1,1,36,2,2,0.0,0.0,0.0,0.0,0.0,2.0,8,3,11
124487,16,3,4,15,8,3,0,1,1,1,2,19,2,2,0.0,0.0,0.0,0.0,0.0,3.0,19,7,9
64653,16,2,3,10,3,3,0,1,0,1,2,17,3,2,0.0,0.0,0.0,0.0,0.0,5.0,8,6,5
179980,17,2,3,10,2,3,0,1,0,1,2,36,3,3,1.0,0.0,0.0,1.0,0.0,2.0,8,5,12
129776,4,2,3,0,8,3,0,1,0,1,2,18,2,2,0.0,0.0,0.0,0.0,0.0,2.0,13,6,9
70555,16,2,3,17,6,3,0,1,1,1,2,18,2,2,0.0,0.0,0.0,0.0,0.0,4.0,12,2,5
1519,15,2,1,0,2,3,6,1,1,1,2,18,2,2,0.0,0.0,0.0,0.0,0.0,2.0,18,5,1
170915,16,2,3,17,8,3,0,1,1,0,2,36,2,2,0.0,0.0,0.0,0.0,0.0,2.0,7,1,11
145730,16,11,5,17,8,3,5,5,0,1,2,23,2,2,0.0,0.0,0.0,0.0,0.0,3.0,18,2,10
123527,4,2,3,15,10,3,0,1,1,0,1,36,2,2,0.0,0.0,0.0,0.0,0.0,2.0,17,1,9
14336,16,11,1,17,6,3,6,6,0,1,2,36,2,3,3.0,0.0,0.0,1.0,2.0,1.0,6,5,1
97017,4,2,1,5,3,3,0,0,0,1,2,36,1,2,0.0,0.0,0.0,0.0,0.0,1.0,22,3,7
35990,16,2,3,0,2,3,0,1,0,1,2,36,2,3,1.0,0.0,0.0,1.0,0.0,1.0,8,3,3
173985,16,2,1,2,6,3,0,1,0,1,2,8,1,3,1.0,0.0,0.0,1.0,0.0,0.0,17,6,12
84815,15,2,4,10,2,3,0,1,0,1,2,8,2,4,2.0,0.0,0.0,0.0,2.0,2.0,19,3,6
163569,15,2,3,0,10,3,0,1,1,1,2,5,2,2,0.0,0.0,0.0,0.0,0.0,2.0,13,1,11
128459,16,2,3,17,2,3,0,1,0,1,1,18,2,2,0.0,0.0,0.0,0.0,0.0,2.0,18,7,9
55056,4,2,3,15,10,3,0,1,1,1,2,23,2,2,0.0,0.0,0.0,0.0,0.0,2.0,11,7,4
70849,16,2,3,8,6,3,5,1,1,1,2,36,2,2,0.0,0.0,0.0,0.0,0.0,2.0,14,7,5
52150,16,2,2,10,8,3,0,1,1,1,1,36,2,2,0.0,0.0,0.0,0.0,0.0,2.0,7,2,4
57475,16,2,3,10,10,3,0,1,1,1,1,19,2,2,0.0,0.0,0.0,0.0,0.0,3.0,14,5,5
39327,16,7,3,17,2,3,6,1,1,1,0,18,2,2,0.0,0.0,0.0,0.0,0.0,2.0,16,7,3
85324,4,2,3,17,8,3,0,1,1,0,2,18,2,2,0.0,0.0,0.0,0.0,0.0,2.0,17,4,6
155315,15,7,3,17,15,3,6,1,0,1,2,36,2,3,1.0,0.0,0.0,1.0,0.0,1.0,8,5,10
64961,16,2,3,0,6,3,0,1,0,1,2,6,2,2,0.0,0.0,0.0,0.0,0.0,4.0,19,5,5
113799,16,2,1,0,11,3,5,5,1,1,2,36,2,2,0.0,0.0,0.0,0.0,0.0,5.0,19,5,8
157751,15,2,1,0,8,3,0,1,0,1,2,18,2,2,0.0,0.0,0.0,0.0,0.0,2.0,18,5,11
71626,4,2,3,10,8,3,0,1,0,1,2,36,2,4,1.0,0.0,0.0,0.0,1.0,2.0,17,4,5
45283,16,2,3,17,8,3,0,1,1,1,2,24,2,2,0.0,0.0,0.0,0.0,0.0,2.0,11,6,4
126437,16,7,3,10,3,3,6,1,1,1,2,28,2,2,0.0,0.0,0.0,0.0,0.0,2.0,13,2,9
99426,16,2,3,17,8,3,0,1,1,1,2,36,3,2,0.0,0.0,0.0,0.0,0.0,4.0,19,5,7
154543,15,2,2,0,8,3,0,2,1,1,2,36,2,2,0.0,0.0,0.0,0.0,0.0,2.0,7,3,10
117355,16,3,3,0,8,3,6,1,0,1,1,36,2,2,0.0,0.0,0.0,0.0,0.0,2.0,17,2,8
101418,16,2,3,10,6,3,0,1,1,1,0,17,2,2,0.0,0.0,0.0,0.0,0.0,2.0,17,7,7
68483,16,2,3,17,8,3,0,1,1,1,1,24,2,2,0.0,0.0,0.0,0.0,0.0,2.0,15,5,5
91385,16,2,3,0,6,3,5,5,0,1,2,6,2,3,1.0,0.0,0.0,1.0,0.0,2.0,8,1,7
131935,15,2,3,0,2,3,0,1,0,1,2,18,2,2,0.0,0.0,0.0,0.0,0.0,3.0,14,6,9
32151,16,7,1,3,8,3,6,1,0,1,2,28,4,3,4.0,0.0,0.0,1.0,3.0,2.0,21,2,3
73903,16,2,1,15,8,3,0,1,1,1,2,18,2,2,0.0,0.0,0.0,0.0,0.0,2.0,21,2,6
150721,4,2,3,8,8,3,0,1,0,1,0,36,2,3,1.0,0.0,0.0,1.0,0.0,1.0,10,7,10
123587,13,2,3,0,15,3,0,5,1,0,2,36,2,2,0.0,0.0,0.0,0.0,0.0,2.0,8,2,9
15579,15,2,3,17,11,3,0,1,1,1,2,26,2,2,0.0,0.0,0.0,0.0,0.0,2.0,13,5,2
10306,16,2,3,17,6,3,0,1,1,1,2,36,2,2,0.0,0.0,0.0,0.0,0.0,2.0,9,5,1
117923,15,2,3,17,8,3,0,1,0,1,2,18,2,2,0.0,0.0,0.0,0.0,0.0,2.0,18,5,8
10713,15,2,3,0,6,3,0,1,0,1,2,18,2,3,1.0,0.0,0.0,1.0,0.0,1.0,8,4,1
47697,16,6,3,0,8,3,6,1,0,1,2,6,3,2,0.0,0.0,0.0,0.0,0.0,3.0,12,6,4
46916,4,2,1,17,15,3,0,1,1,1,2,18,2,2,0.0,0.0,0.0,0.0,0.0,2.0,21,1,4
130162,16,2,3,17,8,3,0,1,0,1,2,18,2,4,1.0,0.0,0.0,0.0,1.0,1.0,12,2,9
68209,4,2,3,10,3,3,0,1,1,1,2,17,2,2,0.0,0.0,0.0,0.0,0.0,2.0,18,6,5
175538,6,2,3,17,8,3,0,1,0,1,2,18,2,2,0.0,0.0,0.0,0.0,0.0,2.0,15,6,12
169802,15,7,1,0,6,3,6,1,1,1,2,18,2,2,0.0,0.0,0.0,0.0,0.0,2.0,18,3,11
106672,15,11,5,0,8,3,5,5,1,1,1,36,2,2,0.0,0.0,0.0,0.0,0.0,2.0,12,2,8
177239,16,2,1,10,8,3,5,5,1,1,0,36,2,2,0.0,0.0,0.0,0.0,0.0,2.0,17,2,12
161351,16,7,1,10,3,3,6,1,1,1,2,19,2,2,0.0,0.0,0.0,0.0,0.0,2.0,22,4,11
170998,15,2,3,0,15,3,0,5,0,1,2,12,2,2,0.0,0.0,0.0,0.0,0.0,2.0,14,3,11
167433,4,3,3,17,15,3,6,6,0,1,2,36,2,4,1.0,0.0,0.0,0.0,1.0,4.0,15,3,11
83954,16,2,3,0,6,3,0,1,0,1,2,18,2,3,1.0,0.0,0.0,1.0,0.0,4.0,18,4,6
136985,16,3,3,17,6,3,0,5,1,1,2,24,2,2,0.0,0.0,0.0,0.0,0.0,3.0,15,1,9
123567,15,2,3,14,15,3,0,5,1,1,2,36,2,2,0.0,0.0,0.0,0.0,0.0,2.0,13,2,9
13877,4,2,3,17,2,3,4,1,1,1,2,36,2,2,0.0,0.0,0.0,0.0,0.0,2.0,7,3,1
79760,16,2,3,15,2,3,0,1,1,0,0,23,2,2,0.0,0.0,0.0,0.0,0.0,2.0,17,5,6
64996,4,2,1,0,8,3,0,1,0,1,2,36,2,2,0.0,0.0,0.0,0.0,0.0,2.0,2,7,5
89385,16,2,1,10,3,3,0,1,1,1,1,20,2,2,0.0,0.0,0.0,0.0,0.0,6.0,21,3,7
153868,2,2,3,10,8,3,0,1,1,1,2,19,2,2,0.0,0.0,0.0,0.0,0.0,3.0,11,2,10
160659,16,2,3,17,6,3,0,1,0,1,2,37,2,3,2.0,0.0,0.0,1.0,1.0,2.0,14,5,11
103653,15,2,3,0,6,3,0,1,1,1,2,12,2,2,0.0,0.0,0.0,0.0,0.0,2.0,10,6,7
134608,16,2,3,0,8,3,0,1,0,1,2,18,2,2,0.0,0.0,0.0,0.0,0.0,2.0,10,1,9
74437,16,2,3,15,2,3,0,1,1,1,2,36,2,2,0.0,0.0,0.0,0.0,0.0,3.0,16,3,6
123237,15,2,3,0,6,3,0,1,0,1,2,18,2,2,0.0,0.0,0.0,0.0,0.0,2.0,17,5,9
164992,16,2,3,10,3,3,0,1,1,1,1,36,2,2,0.0,0.0,0.0,0.0,0.0,2.0,17,3,11
177223,16,2,3,15,3,3,0,1,1,0,2,24,2,2,0.0,0.0,0.0,0.0,0.0,2.0,14,2,12
126955,15,2,3,17,6,3,6,1,1,1,2,36,2,2,0.0,0.0,0.0,0.0,0.0,2.0,14,2,9
97021,4,2,1,17,8,3,0,1,1,1,2,36,2,2,0.0,0.0,0.0,0.0,0.0,2.0,23,3,7
82157,4,7,0,17,8,3,6,1,0,1,2,17,2,2,0.0,0.0,0.0,0.0,0.0,4.0,1,5,6
160066,15,2,3,10,6,3,0,1,1,1,0,19,2,2,0.0,0.0,0.0,0.0,0.0,2.0,7,3,11
114101,16,7,3,10,8,3,6,1,0,1,2,8,2,2,0.0,0.0,0.0,0.0,0.0,2.0,16,2,8
146866,4,2,3,0,8,3,0,1,1,1,2,18,2,2,0.0,0.0,0.0,0.0,0.0,4.0,10,4,10
185263,15,10,1,15,3,3,6,1,1,1,1,12,2,2,0.0,0.0,0.0,0.0,0.0,3.0,16,1,12
166572,16,2,0,17,8,3,0,1,0,1,2,18,2,2,0.0,0.0,0.0,0.0,0.0,2.0,19,3,11
86111,16,2,3,15,2,3,0,1,1,1,2,23,2,2,0.0,0.0,0.0,0.0,0.0,2.0,15,3,6
115352,16,2,3,0,11,3,0,5,0,1,2,17,2,4,1.0,0.0,0.0,0.0,1.0,1.0,14,1,8
77938,16,2,1,0,6,3,0,1,0,1,2,18,2,2,0.0,0.0,0.0,0.0,0.0,7.0,21,7,6
94865,16,2,4,17,8,3,0,1,0,1,2,18,3,4,1.0,0.0,0.0,0.0,1.0,3.0,22,5,7
169004,16,2,1,10,6,3,0,1,1,1,1,17,2,2,0.0,0.0,0.0,0.0,0.0,3.0,23,5,11
116069,15,2,3,13,2,3,5,5,0,1,2,18,2,2,0.0,0.0,0.0,0.0,0.0,2.0,14,6,8
58918,15,2,2,0,6,3,0,1,0,1,2,18,2,3,1.0,0.0,0.0,1.0,0.0,2.0,0,7,5
46521,16,2,3,10,8,3,0,1,1,1,2,19,2,2,0.0,0.0,0.0,0.0,0.0,2.0,12,7,4
166655,16,2,3,17,8,3,0,1,1,1,2,24,2,2,0.0,0.0,0.0,0.0,0.0,2.0,10,4,11
123989,16,2,3,17,6,3,0,1,0,1,2,13,3,2,0.0,0.0,0.0,0.0,0.0,3.0,16,7,9
49637,4,2,4,17,6,3,0,1,1,1,1,36,2,2,0.0,0.0,0.0,0.0,0.0,3.0,21,7,4
139441,16,2,1,17,11,3,0,1,0,1,2,24,3,2,0.0,0.0,0.0,0.0,0.0,3.0,19,5,10
13301,16,7,1,0,6,3,6,1,0,1,2,18,2,2,0.0,0.0,0.0,0.0,0.0,2.0,4,7,1
155241,16,2,0,15,2,3,0,1,1,1,0,18,2,2,0.0,0.0,0.0,0.0,0.0,2.0,21,4,10
14133,15,2,3,10,2,3,5,5,1,1,2,19,2,2,0.0,0.0,0.0,0.0,0.0,2.0,16,2,1
74153,4,2,3,0,6,3,0,1,1,1,2,18,2,2,0.0,0.0,0.0,0.0,0.0,2.0,16,7,6
80716,16,2,3,17,10,3,0,1,1,1,2,22,2,2,0.0,0.0,0.0,0.0,0.0,2.0,15,6,6
153680,15,7,1,17,6,3,6,1,1,1,2,5,2,2,0.0,0.0,0.0,0.0,0.0,2.0,22,5,10
154174,4,7,0,0,6,3,6,1,1,1,2,18,2,2,0.0,0.0,0.0,0.0,0.0,3.0,18,6,10
68479,17,11,5,10,6,3,5,5,1,1,2,36,2,2,0.0,0.0,0.0,0.0,0.0,2.0,15,5,5
70648,16,2,3,0,8,3,0,5,0,1,2,6,2,2,0.0,0.0,0.0,0.0,0.0,3.0,14,2,5
165144,16,2,3,17,8,3,0,5,0,1,2,36,2,2,0.0,0.0,0.0,0.0,0.0,2.0,8,5,11
47007,4,2,3,0,8,3,0,1,1,1,1,36,2,2,0.0,0.0,0.0,0.0,0.0,2.0,8,3,4
110266,16,2,1,10,8,3,0,1,0,1,2,17,2,4,1.0,0.0,0.0,0.0,1.0,1.0,20,7,8
165413,4,2,1,7,8,3,0,1,1,0,1,36,2,2,0.0,0.0,0.0,0.0,0.0,2.0,22,7,11
43663,16,2,3,17,2,3,0,5,1,1,1,36,2,2,0.0,0.0,0.0,0.0,0.0,2.0,15,4,4
67087,17,11,3,9,8,3,5,5,0,1,1,36,2,4,1.0,0.0,0.0,0.0,1.0,1.0,6,3,5
9960,17,11,5,10,15,3,5,5,1,1,0,36,2,2,0.0,0.0,0.0,0.0,0.0,3.0,14,7,1
26546,17,2,3,17,3,3,5,5,1,1,1,18,2,2,0.0,0.0,0.0,0.0,0.0,4.0,15,7,2
116684,16,2,3,10,8,3,6,1,0,1,2,19,2,3,1.0,0.0,0.0,1.0,0.0,1.0,11,5,8
130892,16,2,3,9,8,3,0,1,0,1,0,18,2,3,1.0,0.0,0.0,1.0,0.0,2.0,17,7,9
127817,16,2,3,0,10,3,0,1,0,1,2,6,2,4,1.0,0.0,0.0,0.0,1.0,2.0,11,5,9
186388,16,2,3,15,15,3,0,5,0,1,2,18,3,3,1.0,0.0,0.0,1.0,0.0,3.0,8,3,12
105765,16,2,3,17,6,3,0,1,1,1,2,18,2,2,0.0,0.0,0.0,0.0,0.0,2.0,15,1,8
43248,15,2,3,10,8,3,0,1,1,1,1,36,2,2,0.0,0.0,0.0,0.0,0.0,3.0,11,3,4
15291,17,11,1,17,6,3,5,5,1,1,0,26,2,2,0.0,0.0,0.0,0.0,0.0,3.0,0,7,2
39486,15,11,5,7,11,3,5,1,1,1,2,36,2,2,0.0,0.0,0.0,0.0,0.0,1.0,23,4,3
110119,16,2,3,15,6,3,0,1,1,1,2,36,2,2,0.0,0.0,0.0,0.0,0.0,2.0,16,5,8
10714,16,2,1,0,2,3,0,1,0,1,2,6,2,1,1.0,0.0,1.0,0.0,0.0,1.0,20,4,1
68993,15,2,1,17,10,3,6,1,1,1,2,11,2,2,0.0,0.0,0.0,0.0,0.0,2.0,21,5,5
117211,16,2,0,15,2,3,5,5,1,1,2,22,2,2,0.0,0.0,0.0,0.0,0.0,2.0,2,6,8
159872,15,2,4,10,8,3,0,1,0,1,2,36,2,3,1.0,0.0,0.0,1.0,0.0,3.0,16,6,11
2068,16,2,3,9,2,3,0,1,0,1,0,18,2,1,1.0,0.0,1.0,0.0,0.0,2.0,14,7,1
36792,16,2,3,0,11,3,0,1,0,1,2,6,2,2,0.0,0.0,0.0,0.0,0.0,2.0,14,3,3
73670,4,2,3,3,8,3,0,1,0,0,2,28,2,3,1.0,0.0,0.0,1.0,0.0,1.0,15,7,6
4766,4,2,3,17,15,3,0,1,0,1,2,18,2,2,0.0,0.0,0.0,0.0,0.0,2.0,8,3,1
61621,16,2,1,2,3,3,0,1,0,1,2,15,1,0,3.0,1.0,1.0,0.0,1.0,0.0,2,7,5
73978,16,2,1,2,8,3,5,5,0,1,1,12,1,3,1.0,0.0,0.0,1.0,0.0,0.0,0,3,6
143881,15,7,1,0,6,3,6,1,1,1,2,12,2,2,0.0,0.0,0.0,0.0,0.0,3.0,18,4,10
49275,16,2,3,3,6,3,0,5,0,1,2,36,2,3,2.0,0.0,0.0,2.0,0.0,1.0,11,7,4
22271,16,2,3,0,8,3,0,1,0,1,2,6,2,3,1.0,0.0,0.0,1.0,0.0,2.0,7,1,2
109903,16,2,3,10,8,3,0,1,1,1,1,36,2,2,0.0,0.0,0.0,0.0,0.0,2.0,16,1,8
117875,15,2,4,0,6,3,0,1,0,1,2,5,2,3,1.0,0.0,0.0,1.0,0.0,1.0,18,3,8
115761,16,2,3,10,8,3,0,1,1,1,2,19,2,2,0.0,0.0,0.0,0.0,0.0,3.0,19,6,8
9114,16,2,3,10,3,2,0,1,0,0,2,36,2,4,1.0,0.0,0.0,0.0,1.0,1.0,14,3,1
12993,4,2,3,0,3,3,4,1,0,1,2,23,2,2,0.0,0.0,0.0,0.0,0.0,3.0,14,1,1
61008,16,2,3,9,6,3,0,1,0,1,2,18,2,3,1.0,0.0,0.0,1.0,0.0,2.0,7,6,5
46956,16,2,1,15,3,3,0,1,1,1,2,23,2,2,0.0,0.0,0.0,0.0,0.0,3.0,22,2,4
51131,4,2,1,0,0,3,0,1,1,1,2,36,2,2,0.0,0.0,0.0,0.0,0.0,2.0,21,5,4
108052,16,7,3,15,10,3,6,1,0,1,0,36,2,3,1.0,0.0,0.0,1.0,0.0,1.0,15,2,8
15423,4,2,3,17,8,3,0,1,1,1,2,36,2,2,0.0,0.0,0.0,0.0,0.0,3.0,13,4,2
148456,16,7,3,10,6,3,6,5,1,1,0,12,2,2,0.0,0.0,0.0,0.0,0.0,2.0,16,5,10
114016,16,2,1,0,6,3,0,1,0,1,2,6,2,2,0.0,0.0,0.0,0.0,0.0,2.0,0,2,8
55970,16,2,3,15,6,3,0,1,0,1,2,22,2,4,1.0,0.0,0.0,0.0,1.0,1.0,17,3,4
113421,4,2,3,17,2,3,0,1,1,1,2,36,2,2,0.0,0.0,0.0,0.0,0.0,4.0,17,6,8
29810,15,2,3,10,6,3,0,5,1,1,2,19,2,2,0.0,0.0,0.0,0.0,0.0,2.0,13,5,3
143535,16,7,3,17,8,3,6,1,0,1,2,18,2,3,1.0,0.0,0.0,1.0,0.0,1.0,14,6,10
22996,16,2,1,15,2,3,0,5,1,1,1,22,2,2,0.0,0.0,0.0,0.0,0.0,3.0,20,7,2
20353,4,2,3,17,8,4,0,1,0,1,2,36,2,2,0.0,0.0,0.0,0.0,0.0,2.0,16,6,2
14905,16,2,1,0,6,3,0,1,0,1,2,37,2,2,0.0,0.0,0.0,0.0,0.0,3.0,3,2,1
132385,16,2,3,17,6,3,0,1,0,1,2,36,2,3,2.0,0.0,0.0,2.0,0.0,0.0,8,7,9
9917,16,7,1,0,6,3,6,1,0,1,2,36,2,2,0.0,0.0,0.0,0.0,0.0,2.0,6,6,1
82413,15,2,3,0,9,3,0,1,0,1,2,18,2,3,1.0,0.0,0.0,1.0,0.0,1.0,14,2,6
168013,16,2,3,0,6,3,0,1,0,1,2,6,2,3,1.0,0.0,0.0,1.0,0.0,3.0,15,4,11
130389,16,2,4,17,8,3,0,1,1,1,2,12,2,2,0.0,0.0,0.0,0.0,0.0,2.0,18,7,9
113359,15,2,3,17,6,3,0,1,0,1,1,24,2,3,1.0,0.0,0.0,1.0,0.0,1.0,18,5,8
111732,16,2,1,15,8,3,0,1,1,1,1,22,2,2,0.0,0.0,0.0,0.0,0.0,4.0,21,1,8
106437,16,2,3,17,6,3,0,1,0,1,2,35,3,2,0.0,0.0,0.0,0.0,0.0,4.0,7,5,8
39952,15,2,0,2,17,3,5,5,0,1,2,36,1,2,0.0,0.0,0.0,0.0,0.0,1.0,19,6,3
177070,15,2,0,15,8,3,0,1,0,0,2,23,2,2,0.0,0.0,0.0,0.0,0.0,3.0,19,2,12
17130,16,2,1,17,3,4,1,5,1,1,0,24,2,2,0.0,0.0,0.0,0.0,0.0,2.0,21,6,2
11100,4,2,1,17,0,3,4,1,0,1,1,18,2,2,0.0,0.0,0.0,0.0,0.0,3.0,13,4,1