crash_date,               traffic_control_device,weather_condition,lighting_condition,first_crash_type,trafficway_type,alignment,roadway_surface_cond,road_defect,crash_type,intersection_related_i,damage,prim_contributory_cause,num_units,most_severe_injury,injuries_total,injuries_fatal,injuries_incapacitating,injuries_non_incapacitating,injuries_reported_not_evident,injuries_no_indication,crash_hour,crash_day_of_week,crash_month
99696,15,2,3,10,8,3,0,1,1,1,1,19,2,2,0.0,0.0,0.0,0.0,0.0,2.0,10,3,7
52029,4,2,3,7,8,3,0,1,1,1,0,19,2,2,0.0,0.0,0.0,0.0,0.0,1.0,7,2,4
105569,4,2,1,15,10,3,0,1,1,1,2,36,2,2,0.0,0.0,0.0,0.0,0.0,3.0,22,7,8
25076,15,2,1,11,6,3,0,1,1,1,2,13,2,2,0.0,0.0,0.0,0.0,0.0,2.0,18,3,2
175344,4,2,3,15,2,3,0,1,1,1,2,18,2,2,0.0,0.0,0.0,0.0,0.0,2.0,13,6,12
135387,16,2,1,17,8,3,0,1,0,1,2,36,2,2,0.0,0.0,0.0,0.0,0.0,2.0,19,4,9
88329,16,2,3,0,2,3,0,1,0,1,2,6,2,4,1.0,0.0,0.0,0.0,1.0,2.0,17,2,7
153156,15,2,3,0,6,3,0,1,0,1,2,18,2,2,0.0,0.0,0.0,0.0,0.0,3.0,16,5,10
38229,16,11,3,17,18,3,5,5,1,1,2,36,2,2,0.0,0.0,0.0,0.0,0.0,2.0,6,2,3
157552,16,7,0,10,8,4,6,1,1,1,1,19,2,2,0.0,0.0,0.0,0.0,0.0,3.0,18,1,11
46013,4,2,1,0,8,3,0,5,0,1,2,11,2,2,0.0,0.0,0.0,0.0,0.0,2.0,21,5,4
30578,4,9,0,17,8,3,6,1,0,1,1,24,2,2,0.0,0.0,0.0,0.0,0.0,2.0,19,3,3
176036,16,2,3,17,8,3,0,1,1,1,2,18,2,2,0.0,0.0,0.0,0.0,0.0,2.0,7,6,12
127408,16,2,3,8,2,3,6,1,0,1,1,36,2,1,1.0,0.0,1.0,0.0,0.0,1.0,9,6,9
134543,16,2,3,0,6,3,0,1,0,1,2,6,2,4,1.0,0.0,0.0,0.0,1.0,2.0,12,7,9
66281,16,2,3,10,8,3,0,1,1,1,1,19,2,2,0.0,0.0,0.0,0.0,0.0,2.0,12,5,5
181677,15,5,0,0,8,3,0,1,1,1,2,18,2,2,0.0,0.0,0.0,0.0,0.0,4.0,17,7,12
120637,15,7,3,17,8,3,6,1,1,1,2,24,2,2,0.0,0.0,0.0,0.0,0.0,4.0,10,7,9
67995,16,2,1,17,6,3,0,1,1,1,2,18,2,2,0.0,0.0,0.0,0.0,0.0,2.0,20,4,5
103330,4,2,3,10,8,3,0,1,1,1,1,36,2,2,0.0,0.0,0.0,0.0,0.0,2.0,11,1,7
185151,16,2,3,10,8,3,0,5,1,1,1,36,2,2,0.0,0.0,0.0,0.0,0.0,2.0,14,2,12
21852,4,10,4,10,8,3,4,5,1,0,1,19,2,2,0.0,0.0,0.0,0.0,0.0,3.0,15,2,2
144751,15,2,3,0,10,3,0,4,1,1,2,36,2,2,0.0,0.0,0.0,0.0,0.0,2.0,9,7,10
50071,16,2,4,15,2,3,0,1,0,1,2,28,4,3,5.0,0.0,0.0,5.0,0.0,5.0,20,1,4
137048,15,7,4,0,8,3,6,1,1,1,0,23,2,2,0.0,0.0,0.0,0.0,0.0,2.0,17,6,9
19169,4,2,3,15,6,3,0,5,0,1,2,24,2,4,3.0,0.0,0.0,0.0,3.0,1.0,14,6,2
30981,16,2,3,17,8,3,0,5,1,1,2,36,2,2,0.0,0.0,0.0,0.0,0.0,2.0,9,2,3
53997,16,7,3,10,2,3,6,1,1,1,1,19,2,2,0.0,0.0,0.0,0.0,0.0,5.0,7,5,4
182935,16,2,1,17,15,3,0,1,1,1,1,24,2,2,0.0,0.0,0.0,0.0,0.0,2.0,22,3,12
36030,16,7,3,9,8,3,5,1,0,1,2,18,2,3,1.0,0.0,0.0,1.0,0.0,1.0,18,4,3
112839,16,2,3,17,2,3,0,1,1,1,2,6,2,2,0.0,0.0,0.0,0.0,0.0,2.0,19,4,8
91467,15,2,1,10,8,3,0,5,1,1,2,36,2,2,0.0,0.0,0.0,0.0,0.0,2.0,1,1,7
3240,4,2,3,17,6,3,5,5,1,1,2,5,2,2,0.0,0.0,0.0,0.0,0.0,4.0,9,6,1
60087,15,7,3,17,8,3,6,1,1,1,2,5,2,2,0.0,0.0,0.0,0.0,0.0,2.0,7,4,5
170519,16,3,3,0,6,3,0,1,1,1,2,6,2,2,0.0,0.0,0.0,0.0,0.0,2.0,7,2,11
106128,15,2,3,0,2,3,0,1,0,1,2,36,2,4,1.0,0.0,0.0,0.0,1.0,1.0,11,1,8
185257,15,10,3,0,8,3,4,1,1,1,2,18,2,2,0.0,0.0,0.0,0.0,0.0,2.0,15,1,12
44349,16,11,5,10,8,3,5,5,1,1,2,19,2,2,0.0,0.0,0.0,0.0,0.0,2.0,7,3,4
104928,16,2,3,10,6,3,0,1,1,1,2,36,2,2,0.0,0.0,0.0,0.0,0.0,2.0,16,4,8
131544,16,2,3,17,6,3,5,5,1,1,2,12,2,2,0.0,0.0,0.0,0.0,0.0,2.0,14,2,9
9710,16,2,3,10,2,3,4,5,1,1,2,36,2,2,0.0,0.0,0.0,0.0,0.0,2.0,12,1,1
186789,16,2,3,10,2,3,6,1,0,1,2,26,2,2,0.0,0.0,0.0,0.0,0.0,3.0,12,2,12
99465,15,3,3,17,15,3,0,1,1,1,2,24,2,2,0.0,0.0,0.0,0.0,0.0,4.0,15,6,7
48929,16,2,1,0,6,3,0,1,0,1,2,18,3,2,0.0,0.0,0.0,0.0,0.0,4.0,1,2,4
155043,16,2,1,15,8,3,0,5,1,0,2,19,2,2,0.0,0.0,0.0,0.0,0.0,2.0,21,4,10
45120,4,2,3,15,6,4,0,1,1,1,2,23,2,2,0.0,0.0,0.0,0.0,0.0,5.0,14,4,4
186281,4,2,2,10,6,3,0,1,1,1,0,36,2,2,0.0,0.0,0.0,0.0,0.0,2.0,15,1,12
53559,16,2,3,17,8,3,0,1,1,1,2,18,2,2,0.0,0.0,0.0,0.0,0.0,2.0,11,5,4
179628,16,2,3,17,2,3,6,1,1,1,1,36,2,2,0.0,0.0,0.0,0.0,0.0,2.0,8,6,12
132556,16,2,3,10,8,3,0,1,1,1,1,21,2,2,0.0,0.0,0.0,0.0,0.0,2.0,18,7,9
147785,16,2,1,17,6,3,0,1,0,1,2,18,2,3,1.0,0.0,0.0,1.0,0.0,2.0,23,2,10
113349,15,11,5,0,6,3,5,5,1,1,1,18,2,2,0.0,0.0,0.0,0.0,0.0,2.0,17,5,8
180494,15,5,1,0,8,3,6,1,0,1,2,36,2,4,1.0,0.0,0.0,0.0,1.0,4.0,17,5,12
94076,15,2,3,0,8,4,0,1,0,1,2,38,2,3,1.0,0.0,0.0,1.0,0.0,1.0,8,6,7
104800,16,2,3,10,8,3,0,1,1,1,0,36,2,2,0.0,0.0,0.0,0.0,0.0,2.0,12,1,8
175270,16,7,3,17,8,3,6,1,1,1,2,18,2,2,0.0,0.0,0.0,0.0,0.0,2.0,9,3,12
174951,4,2,1,8,2,3,0,1,1,1,0,24,2,2,0.0,0.0,0.0,0.0,0.0,2.0,17,4,12
113347,16,2,3,0,18,3,0,1,0,1,2,6,2,3,2.0,0.0,0.0,2.0,0.0,1.0,16,5,8
93406,16,2,3,10,19,4,0,1,1,1,1,36,2,2,0.0,0.0,0.0,0.0,0.0,2.0,18,5,7
2357,17,2,1,0,15,3,5,5,0,1,2,36,2,4,1.0,0.0,0.0,0.0,1.0,2.0,17,1,1
19027,15,2,3,0,6,3,6,1,0,1,2,26,2,2,0.0,0.0,0.0,0.0,0.0,2.0,16,4,2
115915,16,2,3,17,8,3,0,1,1,1,1,17,2,2,0.0,0.0,0.0,0.0,0.0,2.0,12,2,8
55319,16,2,3,10,8,3,0,1,1,1,2,17,2,2,0.0,0.0,0.0,0.0,0.0,2.0,16,6,4
131814,16,3,3,15,2,3,5,5,1,1,1,21,2,2,0.0,0.0,0.0,0.0,0.0,2.0,13,4,9
157233,15,2,1,9,8,3,0,1,0,1,0,18,2,3,1.0,0.0,0.0,1.0,0.0,1.0,19,5,11
143966,4,2,3,17,15,3,0,1,0,1,1,18,2,4,1.0,0.0,0.0,0.0,1.0,1.0,8,6,10
151158,16,11,1,13,6,3,0,1,1,1,2,36,2,2,0.0,0.0,0.0,0.0,0.0,3.0,22,5,10
21744,16,2,3,17,3,3,0,1,1,1,1,24,2,2,0.0,0.0,0.0,0.0,0.0,2.0,8,6,2
149827,4,2,1,17,2,3,0,1,1,1,1,24,2,2,0.0,0.0,0.0,0.0,0.0,2.0,0,1,10
145110,4,7,3,17,15,3,6,1,0,1,2,18,2,4,2.0,0.0,0.0,0.0,2.0,2.0,11,6,10
493,15,2,1,0,6,3,0,1,0,1,2,36,2,2,0.0,0.0,0.0,0.0,0.0,2.0,23,4,1
63695,16,2,3,0,8,3,0,1,1,1,2,6,2,2,0.0,0.0,0.0,0.0,0.0,2.0,10,4,5
36635,16,3,3,17,8,3,0,1,1,1,1,24,2,2,0.0,0.0,0.0,0.0,0.0,2.0,14,2,3
181581,16,11,3,10,8,3,5,1,1,1,1,23,2,2,0.0,0.0,0.0,0.0,0.0,2.0,13,6,12
155717,15,2,1,0,8,3,0,1,0,1,2,18,2,3,1.0,0.0,0.0,1.0,0.0,1.0,3,4,11
103479,16,2,3,10,2,3,0,1,0,0,1,36,2,2,0.0,0.0,0.0,0.0,0.0,3.0,15,3,7
23295,4,2,3,0,2,3,0,1,1,1,1,12,2,2,0.0,0.0,0.0,0.0,0.0,3.0,15,6,2
92488,15,2,3,17,10,3,0,1,1,1,2,18,2,2,0.0,0.0,0.0,0.0,0.0,2.0,19,3,7
30157,16,2,3,9,8,3,0,1,0,1,0,36,2,0,1.0,1.0,0.0,0.0,0.0,1.0,15,3,3
125188,16,2,3,11,2,3,0,1,1,1,2,21,2,2,0.0,0.0,0.0,0.0,0.0,2.0,15,5,9
144484,15,7,2,17,15,3,6,1,1,1,2,17,2,2,0.0,0.0,0.0,0.0,0.0,2.0,7,5,10
157510,15,7,3,0,8,3,6,1,0,1,2,18,2,4,1.0,0.0,0.0,0.0,1.0,1.0,13,1,11
27622,16,2,3,15,3,3,0,1,1,1,2,22,2,2,0.0,0.0,0.0,0.0,0.0,2.0,11,3,2
114505,16,2,3,0,2,3,0,1,1,0,1,6,2,2,0.0,0.0,0.0,0.0,0.0,2.0,15,3,8
105460,16,2,3,17,6,3,0,1,0,1,2,18,2,2,0.0,0.0,0.0,0.0,0.0,2.0,15,5,8
117944,4,2,3,7,8,3,0,1,1,1,1,36,2,2,0.0,0.0,0.0,0.0,0.0,1.0,10,5,8
125150,16,3,3,15,8,3,0,1,0,1,0,26,2,1,1.0,0.0,1.0,0.0,0.0,1.0,15,4,9
13342,16,2,1,15,3,3,0,1,1,1,0,23,2,2,0.0,0.0,0.0,0.0,0.0,3.0,17,5,1
171047,15,2,1,15,10,4,0,6,0,0,2,36,2,2,0.0,0.0,0.0,0.0,0.0,4.0,21,3,11
134757,17,2,4,14,8,3,0,5,1,1,1,36,2,2,0.0,0.0,0.0,0.0,0.0,2.0,22,4,9
113520,16,2,1,10,11,3,0,1,0,0,2,36,2,4,1.0,0.0,0.0,0.0,1.0,1.0,22,1,8
53319,16,2,3,15,8,3,0,1,1,1,2,23,2,2,0.0,0.0,0.0,0.0,0.0,2.0,17,3,4
62162,15,7,3,17,8,3,6,1,0,1,2,18,2,2,0.0,0.0,0.0,0.0,0.0,2.0,10,1,5
177133,16,2,3,10,8,3,0,1,1,1,2,19,2,2,0.0,0.0,0.0,0.0,0.0,2.0,15,7,12
11064,15,10,3,0,8,3,1,1,1,1,2,39,2,2,0.0,0.0,0.0,0.0,0.0,2.0,7,3,1
61597,16,2,3,17,2,3,0,1,1,1,1,36,2,2,0.0,0.0,0.0,0.0,0.0,2.0,19,6,5
19608,16,2,3,9,6,0,0,1,0,1,0,18,2,1,1.0,0.0,1.0,0.0,0.0,1.0,15,7,2
179227,16,2,3,0,6,3,0,5,0,1,2,17,2,1,21.0,0.0,2.0,19.0,0.0,0.0,9,2,12
185682,15,2,1,0,6,3,6,1,1,1,2,18,2,2,0.0,0.0,0.0,0.0,0.0,2.0,0,3,12
9342,4,2,3,0,19,3,6,1,0,1,2,36,2,4,1.0,0.0,0.0,0.0,1.0,1.0,16,3,1
84050,16,2,3,17,6,3,0,1,1,1,1,18,2,2,0.0,0.0,0.0,0.0,0.0,2.0,12,5,6
162959,16,7,1,15,6,3,6,1,1,1,2,22,2,2,0.0,0.0,0.0,0.0,0.0,2.0,18,4,11
59557,16,2,3,17,11,3,0,1,0,1,2,36,2,2,0.0,0.0,0.0,0.0,0.0,2.0,17,3,5
25667,15,2,3,0,8,3,0,1,1,1,2,36,2,2,0.0,0.0,0.0,0.0,0.0,2.0,7,6,2
115976,16,2,3,10,8,3,0,1,1,1,2,19,2,2,0.0,0.0,0.0,0.0,0.0,2.0,10,3,8
70130,4,2,3,17,8,3,0,1,0,1,2,23,2,3,2.0,0.0,0.0,2.0,0.0,8.0,8,3,5
115928,16,2,2,2,6,3,0,1,0,1,2,12,1,3,1.0,0.0,0.0,1.0,0.0,0.0,3,3,8
167547,16,10,3,10,8,3,4,1,1,1,2,39,2,2,0.0,0.0,0.0,0.0,0.0,2.0,9,5,11
74027,4,2,3,17,12,3,6,1,0,1,1,22,2,2,0.0,0.0,0.0,0.0,0.0,2.0,18,4,6
125803,15,2,1,17,6,3,0,1,0,1,2,5,2,3,1.0,0.0,0.0,1.0,0.0,1.0,22,6,9
174832,4,2,3,8,8,3,0,1,1,1,2,36,2,2,0.0,0.0,0.0,0.0,0.0,2.0,15,5,12
184012,16,2,3,0,15,3,5,5,1,1,1,6,2,2,0.0,0.0,0.0,0.0,0.0,4.0,13,5,12
44272,15,2,1,0,11,3,0,1,1,1,1,21,2,2,0.0,0.0,0.0,0.0,0.0,2.0,21,1,4
10770,15,2,0,0,6,3,0,1,0,1,2,18,2,3,1.0,0.0,0.0,1.0,0.0,2.0,18,6,1
129298,16,2,3,8,8,3,0,1,0,1,0,36,2,3,1.0,0.0,0.0,1.0,0.0,2.0,17,6,9
71059,15,2,3,9,6,3,0,1,0,1,0,36,3,4,2.0,0.0,0.0,0.0,2.0,1.0,19,3,5
149529,15,2,1,0,6,3,0,1,1,1,2,18,2,2,0.0,0.0,0.0,0.0,0.0,2.0,17,6,10
167596,15,10,3,0,6,3,4,1,0,1,1,5,2,4,1.0,0.0,0.0,0.0,1.0,2.0,12,5,11
172903,4,2,1,0,11,3,0,1,1,1,2,18,2,2,0.0,0.0,0.0,0.0,0.0,2.0,15,2,12
34398,4,2,1,10,2,3,0,1,1,1,1,36,2,2,0.0,0.0,0.0,0.0,0.0,2.0,5,4,3
144500,16,7,3,10,11,3,6,1,1,1,0,19,2,2,0.0,0.0,0.0,0.0,0.0,3.0,9,5,10
147771,16,2,3,8,8,3,0,1,0,1,0,3,2,3,1.0,0.0,0.0,1.0,0.0,1.0,10,2,10
170901,16,2,3,17,6,3,0,1,0,1,2,36,3,4,1.0,0.0,0.0,0.0,1.0,3.0,15,1,11
32687,4,2,2,7,8,3,0,1,1,1,2,36,2,2,0.0,0.0,0.0,0.0,0.0,1.0,5,4,3
111373,16,2,3,3,6,3,0,1,0,1,2,11,4,3,2.0,0.0,0.0,2.0,0.0,3.0,18,4,8
86082,16,2,1,10,8,3,0,1,1,1,1,19,2,2,0.0,0.0,0.0,0.0,0.0,2.0,21,2,6
156085,16,2,1,17,6,3,0,1,0,1,2,18,2,2,0.0,0.0,0.0,0.0,0.0,2.0,18,3,11
108265,16,2,3,17,10,3,0,1,1,1,2,24,2,2,0.0,0.0,0.0,0.0,0.0,2.0,9,4,8
177507,16,5,1,10,6,3,0,1,0,1,2,19,2,2,0.0,0.0,0.0,0.0,0.0,2.0,3,7,12
76511,4,2,3,17,8,3,0,1,0,0,2,18,2,2,0.0,0.0,0.0,0.0,0.0,4.0,9,1,6
19126,16,7,3,10,6,3,6,1,1,1,2,19,2,2,0.0,0.0,0.0,0.0,0.0,3.0,7,5,2
88309,15,2,3,17,8,3,0,1,0,1,2,36,2,2,0.0,0.0,0.0,0.0,0.0,3.0,12,1,7
172503,16,2,3,13,1,3,0,5,1,1,2,36,2,2,0.0,0.0,0.0,0.0,0.0,5.0,14,5,12
2537,16,2,3,15,8,3,0,1,1,1,2,23,2,2,0.0,0.0,0.0,0.0,0.0,2.0,9,1,1
37265,16,7,2,10,2,3,6,1,1,1,0,19,2,2,0.0,0.0,0.0,0.0,0.0,2.0,6,4,3
23485,16,2,3,15,10,3,0,1,1,1,0,36,2,2,0.0,0.0,0.0,0.0,0.0,2.0,16,6,2
68202,15,2,3,10,8,3,0,1,1,1,0,19,2,2,0.0,0.0,0.0,0.0,0.0,2.0,18,6,5
83261,15,7,3,0,11,3,6,1,0,1,2,18,3,1,3.0,0.0,1.0,2.0,0.0,0.0,12,6,6
164316,16,2,2,17,8,5,0,1,0,1,2,6,2,2,0.0,0.0,0.0,0.0,0.0,2.0,19,6,11
4203,17,2,3,0,6,3,0,1,1,1,1,18,2,2,0.0,0.0,0.0,0.0,0.0,2.0,16,2,1
95105,16,2,3,0,8,3,0,1,1,1,1,6,2,2,0.0,0.0,0.0,0.0,0.0,3.0,13,2,7
90438,16,2,3,10,8,3,0,1,0,1,2,19,2,4,1.0,0.0,0.0,0.0,1.0,1.0,11,5,7
119521,16,2,1,0,3,3,0,1,0,1,2,6,4,3,1.0,0.0,0.0,1.0,0.0,4.0,23,5,8
179039,4,7,1,17,2,3,6,1,0,0,2,24,4,2,0.0,0.0,0.0,0.0,0.0,5.0,20,5,12
18752,16,2,3,10,2,3,0,1,1,1,1,19,2,2,0.0,0.0,0.0,0.0,0.0,5.0,17,3,2
20503,16,2,3,17,6,3,0,1,0,1,2,24,2,2,0.0,0.0,0.0,0.0,0.0,2.0,12,1,2
95681,16,11,1,17,6,3,5,1,1,1,1,18,2,2,0.0,0.0,0.0,0.0,0.0,2.0,23,3,7
37406,4,2,3,10,8,3,0,1,0,1,2,19,2,2,0.0,0.0,0.0,0.0,0.0,2.0,15,1,3
137097,16,2,1,17,8,3,0,1,1,1,1,24,2,2,0.0,0.0,0.0,0.0,0.0,2.0,19,7,9
43864,16,2,3,0,6,3,0,1,0,1,2,18,3,2,0.0,0.0,0.0,0.0,0.0,4.0,16,1,4
124683,15,2,3,0,16,3,0,1,1,1,2,18,2,2,0.0,0.0,0.0,0.0,0.0,4.0,7,4,9
41493,4,2,3,15,2,3,0,1,1,1,1,18,2,2,0.0,0.0,0.0,0.0,0.0,7.0,17,7,3
89960,16,2,3,10,3,3,0,1,1,1,2,19,2,2,0.0,0.0,0.0,0.0,0.0,2.0,14,6,7
123362,16,2,3,17,3,3,0,1,0,1,2,36,2,3,3.0,0.0,0.0,1.0,2.0,3.0,11,4,9
167023,16,10,1,15,13,0,4,1,1,1,2,22,2,2,0.0,0.0,0.0,0.0,0.0,2.0,0,7,11
41509,16,2,3,15,8,3,6,1,1,1,1,18,2,2,0.0,0.0,0.0,0.0,0.0,2.0,8,7,3
170493,16,11,5,3,10,3,5,5,0,1,2,26,2,2,0.0,0.0,0.0,0.0,0.0,2.0,14,2,11
177226,16,2,3,17,2,3,0,1,0,1,2,18,2,2,0.0,0.0,0.0,0.0,0.0,3.0,15,2,12
143263,17,11,5,17,6,3,5,5,1,1,2,36,2,2,0.0,0.0,0.0,0.0,0.0,2.0,12,3,10
13114,16,10,1,15,10,3,4,1,1,1,1,24,2,2,0.0,0.0,0.0,0.0,0.0,2.0,19,4,1
75256,4,3,3,10,8,3,5,5,0,1,2,19,2,4,1.0,0.0,0.0,0.0,1.0,2.0,18,2,6
171488,16,2,1,9,6,3,0,1,0,1,0,17,2,3,1.0,0.0,0.0,1.0,0.0,1.0,6,4,11
107435,15,2,1,0,6,3,0,5,0,1,2,5,3,4,1.0,0.0,0.0,0.0,1.0,2.0,21,6,8
40300,4,2,3,14,8,3,6,1,1,1,1,21,2,2,0.0,0.0,0.0,0.0,0.0,2.0,17,6,3
160352,16,2,3,17,3,3,0,1,0,1,2,18,2,3,1.0,0.0,0.0,1.0,0.0,1.0,15,6,11
12501,16,10,1,10,2,3,4,1,1,1,1,39,2,2,0.0,0.0,0.0,0.0,0.0,2.0,17,7,1
159327,16,2,3,10,8,3,0,1,1,1,0,36,2,2,0.0,0.0,0.0,0.0,0.0,2.0,16,5,11
56678,16,2,3,10,15,3,0,1,1,1,2,17,2,2,0.0,0.0,0.0,0.0,0.0,2.0,17,7,5
187278,16,2,0,10,6,3,0,5,0,1,0,17,2,3,2.0,0.0,0.0,2.0,0.0,1.0,11,2,12
110728,16,2,1,17,8,3,0,1,0,1,1,18,2,2,0.0,0.0,0.0,0.0,0.0,2.0,22,7,8
131514,15,2,3,17,15,3,0,1,1,1,0,18,2,2,0.0,0.0,0.0,0.0,0.0,2.0,7,1,9
187131,4,2,1,0,8,3,0,1,0,1,2,18,2,4,1.0,0.0,0.0,0.0,1.0,1.0,18,6,12
126357,16,11,5,15,8,3,5,5,1,1,1,18,2,2,0.0,0.0,0.0,0.0,0.0,2.0,23,7,9
127571,16,2,3,8,6,3,0,1,0,1,2,6,2,4,1.0,0.0,0.0,0.0,1.0,1.0,17,3,9
84072,16,2,3,0,6,3,0,5,0,1,2,18,2,3,1.0,0.0,0.0,1.0,0.0,1.0,16,6,6
154790,15,2,1,0,6,3,6,1,0,1,2,28,3,3,1.0,0.0,0.0,1.0,0.0,1.0,3,7,10
98215,16,7,1,0,2,3,6,1,0,1,2,18,2,2,0.0,0.0,0.0,0.0,0.0,2.0,22,6,7
91379,16,2,3,17,6,3,6,5,0,1,2,18,2,2,0.0,0.0,0.0,0.0,0.0,2.0,18,1,7
168075,16,11,1,10,6,3,5,5,1,1,2,36,2,2,0.0,0.0,0.0,0.0,0.0,2.0,18,6,11
120520,15,2,3,8,8,3,0,1,0,1,0,5,2,3,1.0,0.0,0.0,1.0,0.0,1.0,13,6,9
134206,15,2,1,9,8,3,0,1,0,1,0,18,2,4,1.0,0.0,0.0,0.0,1.0,2.0,20,2,9
60014,16,7,2,10,8,3,6,1,1,1,0,19,2,2,0.0,0.0,0.0,0.0,0.0,2.0,7,2,5
130675,4,2,3,17,2,3,0,1,1,1,2,24,2,2,0.0,0.0,0.0,0.0,0.0,2.0,13,3,9
158756,4,3,3,0,8,3,0,1,0,1,2,26,2,3,1.0,0.0,0.0,1.0,0.0,1.0,9,3,11
102786,16,2,3,0,6,3,0,5,0,1,2,36,2,2,0.0,0.0,0.0,0.0,0.0,2.0,8,7,7
44125,16,7,1,9,11,3,6,5,0,1,0,36,2,4,1.0,0.0,0.0,0.0,1.0,1.0,20,4,4
78939,16,7,1,17,8,3,6,5,0,1,2,28,2,3,3.0,0.0,0.0,3.0,0.0,1.0,22,6,6
188921,15,2,3,10,6,3,0,1,1,1,2,19,2,2,0.0,0.0,0.0,0.0,0.0,2.0,15,7,12
146509,16,2,1,10,8,3,0,1,1,1,0,17,2,2,0.0,0.0,0.0,0.0,0.0,2.0,23,3,10
120918,4,3,1,7,19,3,5,5,0,1,2,12,2,2,0.0,0.0,0.0,0.0,0.0,1.0,23,5,9
140885,16,2,3,10,8,3,0,1,0,1,2,19,4,4,1.0,0.0,0.0,0.0,1.0,2.0,16,6,10
84180,16,7,1,13,6,3,6,1,0,1,1,18,2,3,1.0,0.0,0.0,1.0,0.0,3.0,0,1,6
126187,15,2,3,0,6,3,0,1,1,1,1,17,2,2,0.0,0.0,0.0,0.0,0.0,2.0,16,4,9
139451,3,2,1,15,8,3,0,1,1,1,0,18,2,2,0.0,0.0,0.0,0.0,0.0,4.0,20,5,10
146799,15,2,1,0,6,3,0,1,0,1,2,5,2,2,0.0,0.0,0.0,0.0,0.0,2.0,23,2,10
96640,15,2,3,0,2,1,0,1,0,1,2,18,2,2,0.0,0.0,0.0,0.0,0.0,2.0,15,4,7
92017,16,2,3,0,11,3,0,1,0,1,2,36,2,2,0.0,0.0,0.0,0.0,0.0,3.0,11,2,7
126331,4,2,3,15,2,3,0,1,1,1,2,23,2,2,0.0,0.0,0.0,0.0,0.0,3.0,17,7,9
11505,15,2,3,0,11,3,0,1,0,1,2,16,2,2,0.0,0.0,0.0,0.0,0.0,2.0,12,4,1
14310,15,2,3,0,15,3,0,1,0,1,2,38,2,2,0.0,0.0,0.0,0.0,0.0,3.0,14,5,1
97764,16,2,1,0,15,3,0,1,0,1,2,6,3,1,4.0,0.0,4.0,0.0,0.0,3.0,1,7,7
20710,15,6,3,17,8,3,6,5,1,1,1,36,2,2,0.0,0.0,0.0,0.0,0.0,5.0,8,4,2
128431,16,2,1,17,2,3,0,1,1,1,2,22,2,2,0.0,0.0,0.0,0.0,0.0,2.0,2,7,9
184225,4,2,1,17,8,3,0,1,1,1,1,36,2,2,0.0,0.0,0.0,0.0,0.0,2.0,5,6,12
179526,15,2,1,0,8,3,0,1,1,1,0,38,2,2,0.0,0.0,0.0,0.0,0.0,4.0,18,5,12
137101,16,2,3,17,2,3,0,1,1,1,2,36,2,2,0.0,0.0,0.0,0.0,0.0,2.0,7,7,9
129422,4,2,3,15,8,3,0,1,1,1,0,23,2,2,0.0,0.0,0.0,0.0,0.0,2.0,15,2,9
68262,15,2,3,0,6,3,0,1,0,1,2,18,2,3,1.0,0.0,0.0,1.0,0.0,2.0,14,7,5
103770,16,2,3,0,8,3,0,1,0,1,2,6,2,2,0.0,0.0,0.0,0.0,0.0,4.0,6,1,7
91059,16,2,3,0,6,3,0,1,0,1,2,36,2,2,0.0,0.0,0.0,0.0,0.0,2.0,8,1,7
93492,16,2,3,0,2,3,0,1,0,1,2,38,2,2,0.0,0.0,0.0,0.0,0.0,2.0,13,5,7
32120,4,7,3,15,8,3,6,1,1,0,1,22,2,2,0.0,0.0,0.0,0.0,0.0,4.0,17,2,3
147607,16,2,3,9,2,3,0,1,0,1,0,21,2,3,1.0,0.0,0.0,1.0,0.0,1.0,16,6,10
104800,15,2,3,10,8,3,0,1,1,1,2,36,2,2,0.0,0.0,0.0,0.0,0.0,2.0,12,1,8
147690,15,2,3,0,8,3,0,1,0,1,2,6,2,4,1.0,0.0,0.0,0.0,1.0,2.0,7,1,10
25756,16,2,3,10,2,3,0,1,1,1,1,36,2,2,0.0,0.0,0.0,0.0,0.0,2.0,12,6,2
97346,16,2,3,17,8,3,0,1,1,1,2,36,2,2,0.0,0.0,0.0,0.0,0.0,2.0,8,1,7
151469,15,2,3,9,8,3,0,5,0,1,2,36,2,3,1.0,0.0,0.0,1.0,0.0,1.0,17,5,10
148141,15,2,1,17,11,3,0,1,1,1,2,18,2,2,0.0,0.0,0.0,0.0,0.0,2.0,19,6,10
90867,16,11,1,17,2,3,5,5,0,1,2,6,2,3,1.0,0.0,0.0,1.0,0.0,1.0,23,7,7
117765,15,2,1,0,2,3,0,1,0,1,2,18,2,2,0.0,0.0,0.0,0.0,0.0,3.0,20,1,8
32297,16,2,3,17,6,3,0,1,0,1,2,23,2,3,3.0,0.0,0.0,3.0,0.0,0.0,15,5,3
175398,17,2,3,10,6,3,5,5,1,1,2,36,2,2,0.0,0.0,0.0,0.0,0.0,2.0,8,6,12
10666,16,2,3,17,2,3,4,1,0,1,1,6,2,3,1.0,0.0,0.0,1.0,0.0,1.0,9,3,1
83352,15,7,4,0,6,3,6,1,1,1,2,36,2,2,0.0,0.0,0.0,0.0,0.0,2.0,19,2,6
26735,16,2,3,17,2,3,0,5,1,1,2,18,2,2,0.0,0.0,0.0,0.0,0.0,2.0,16,2,2