crash_date,               traffic_control_device,weather_condition,lighting_condition,first_crash_type,trafficway_type,alignment,roadway_surface_cond,road_defect,crash_type,intersection_related_i,damage,prim_contributory_cause,num_units,most_severe_injury,injuries_total,injuries_fatal,injuries_incapacitating,injuries_non_incapacitating,injuries_reported_not_evident,injuries_no_indication,crash_hour,crash_day_of_week,crash_month
135402,15,2,3,0,8,3,0,5,1,1,0,36,2,2,0.0,0.0,0.0,0.0,0.0,3.0,9,4,9
70136,4,7,1,10,2,3,6,1,1,1,2,23,2,2,0.0,0.0,0.0,0.0,0.0,3.0,21,3,5
93413,16,2,3,17,6,3,5,5,1,1,1,19,2,2,0.0,0.0,0.0,0.0,0.0,2.0,7,5,7
56863,16,2,1,17,6,3,0,1,0,1,2,6,2,2,0.0,0.0,0.0,0.0,0.0,3.0,19,3,5
13801,16,10,1,10,2,3,6,1,1,1,1,28,2,2,0.0,0.0,0.0,0.0,0.0,2.0,17,2,1
127969,16,2,1,17,3,3,0,1,0,1,2,17,3,2,0.0,0.0,0.0,0.0,0.0,3.0,22,7,9
150263,15,2,3,17,8,3,0,1,0,1,2,18,2,3,5.0,0.0,0.0,5.0,0.0,0.0,16,3,10
148052,16,2,3,15,3,3,0,1,1,1,1,36,2,2,0.0,0.0,0.0,0.0,0.0,3.0,18,5,10
582,16,2,1,9,10,3,1,1,0,1,2,6,3,3,1.0,0.0,0.0,1.0,0.0,1.0,19,3,1
157745,16,2,3,15,10,3,0,1,1,1,2,23,3,2,0.0,0.0,0.0,0.0,0.0,4.0,17,5,11
60651,16,2,3,15,8,3,0,1,1,1,1,36,2,2,0.0,0.0,0.0,0.0,0.0,4.0,15,6,5
105615,16,2,3,10,8,3,0,1,0,1,1,17,2,3,1.0,0.0,0.0,1.0,0.0,2.0,14,6,8
110799,16,3,3,17,8,3,0,1,1,1,2,36,2,2,0.0,0.0,0.0,0.0,0.0,3.0,12,1,8
13816,16,2,3,15,8,3,1,1,1,1,2,17,2,2,0.0,0.0,0.0,0.0,0.0,2.0,8,2,1
22884,16,2,3,0,6,3,0,1,1,1,2,5,2,2,0.0,0.0,0.0,0.0,0.0,2.0,15,6,2
74930,15,2,3,0,6,3,0,1,1,1,2,5,2,2,0.0,0.0,0.0,0.0,0.0,2.0,8,5,6
176762,15,2,1,0,8,3,0,1,1,1,1,36,2,2,0.0,0.0,0.0,0.0,0.0,2.0,17,4,12
64806,16,11,5,10,8,3,5,5,1,1,2,19,2,2,0.0,0.0,0.0,0.0,0.0,2.0,15,3,5
33581,16,2,1,0,2,3,0,1,0,1,2,18,2,1,1.0,0.0,1.0,0.0,0.0,4.0,3,6,3
56611,16,7,3,17,5,3,4,1,1,1,0,24,2,2,0.0,0.0,0.0,0.0,0.0,3.0,7,5,5
28743,4,2,3,10,8,3,0,1,1,1,1,19,2,2,0.0,0.0,0.0,0.0,0.0,2.0,17,6,3
4581,16,7,1,9,8,3,6,1,0,1,0,18,2,1,1.0,0.0,1.0,0.0,0.0,2.0,20,6,1
159534,16,2,1,10,2,3,0,1,1,1,2,19,2,2,0.0,0.0,0.0,0.0,0.0,2.0,18,2,11
15078,16,2,1,10,2,3,0,1,1,0,2,19,2,2,0.0,0.0,0.0,0.0,0.0,6.0,18,4,2
41552,16,2,3,10,6,3,0,1,1,1,1,36,2,2,0.0,0.0,0.0,0.0,0.0,2.0,6,2,3
129026,16,2,3,17,13,3,0,1,1,1,2,36,2,2,0.0,0.0,0.0,0.0,0.0,2.0,17,1,9
53489,4,2,3,17,8,3,0,1,1,1,1,18,2,2,0.0,0.0,0.0,0.0,0.0,2.0,19,4,4
88338,16,2,3,10,8,3,0,1,0,1,1,36,2,4,1.0,0.0,0.0,0.0,1.0,1.0,7,2,7
7496,15,2,3,0,6,3,0,1,1,1,2,18,2,2,0.0,0.0,0.0,0.0,0.0,2.0,15,4,1
100286,16,2,3,10,8,3,0,1,0,1,2,19,2,2,0.0,0.0,0.0,0.0,0.0,4.0,16,4,7
72056,16,2,3,17,6,3,0,1,0,1,2,36,2,2,0.0,0.0,0.0,0.0,0.0,2.0,18,3,6
31039,15,2,1,0,8,3,0,1,1,1,1,18,2,2,0.0,0.0,0.0,0.0,0.0,3.0,18,4,3
166967,15,2,3,0,8,3,6,1,0,1,2,18,2,4,1.0,0.0,0.0,0.0,1.0,3.0,8,4,11
100831,15,2,4,17,8,3,0,1,1,1,1,16,2,2,0.0,0.0,0.0,0.0,0.0,5.0,20,5,7
132864,16,11,1,10,6,5,0,1,0,1,2,19,2,1,3.0,0.0,1.0,2.0,0.0,0.0,1,6,9
26103,16,10,1,10,10,3,1,1,0,1,1,19,2,3,1.0,0.0,0.0,1.0,0.0,3.0,23,6,2
104455,15,2,3,17,8,3,0,5,0,1,2,37,2,2,0.0,0.0,0.0,0.0,0.0,6.0,15,5,8
98690,16,2,5,10,6,3,5,5,1,1,2,36,2,2,0.0,0.0,0.0,0.0,0.0,3.0,22,1,7
139581,4,7,1,4,17,3,5,5,0,0,2,36,1,3,1.0,0.0,0.0,1.0,0.0,0.0,0,1,10
168892,16,2,3,15,3,4,0,5,0,1,2,28,3,2,0.0,0.0,0.0,0.0,0.0,5.0,13,4,11
20885,16,10,3,10,2,3,4,1,1,1,1,39,2,2,0.0,0.0,0.0,0.0,0.0,4.0,10,7,2
10397,16,2,0,0,6,3,0,1,0,1,2,6,2,2,0.0,0.0,0.0,0.0,0.0,2.0,2,7,1
53371,16,2,4,15,10,3,0,1,1,1,1,23,2,2,0.0,0.0,0.0,0.0,0.0,3.0,13,5,4
177770,16,2,1,0,8,3,0,1,1,1,0,36,2,2,0.0,0.0,0.0,0.0,0.0,3.0,0,2,12
42072,15,7,1,0,6,3,6,5,0,1,1,18,2,2,0.0,0.0,0.0,0.0,0.0,2.0,6,5,3
143551,15,7,3,4,8,3,6,5,0,1,2,36,2,2,0.0,0.0,0.0,0.0,0.0,2.0,16,6,10
15047,16,2,3,15,6,3,0,1,1,1,1,23,2,2,0.0,0.0,0.0,0.0,0.0,2.0,9,4,1
26345,15,10,0,0,2,3,6,1,0,1,2,5,2,2,0.0,0.0,0.0,0.0,0.0,2.0,17,3,2
138883,16,2,1,0,2,3,0,1,1,1,2,19,2,2,0.0,0.0,0.0,0.0,0.0,2.0,19,4,10
126587,4,2,3,17,8,3,0,1,1,1,2,36,2,2,0.0,0.0,0.0,0.0,0.0,2.0,13,2,9
62039,4,2,3,17,8,3,0,5,1,1,1,24,2,2,0.0,0.0,0.0,0.0,0.0,5.0,10,1,5
158030,4,2,1,17,2,3,0,1,1,1,2,24,2,2,0.0,0.0,0.0,0.0,0.0,2.0,1,7,11
83944,16,2,3,10,3,3,0,5,1,1,0,19,2,2,0.0,0.0,0.0,0.0,0.0,2.0,17,4,6
147214,16,2,1,7,2,3,0,1,0,1,2,36,4,2,0.0,0.0,0.0,0.0,0.0,4.0,22,1,10
121514,16,2,3,10,6,3,0,1,1,1,2,36,2,2,0.0,0.0,0.0,0.0,0.0,3.0,16,7,9
104807,16,2,3,17,6,3,0,1,1,1,2,4,2,2,0.0,0.0,0.0,0.0,0.0,3.0,14,2,8
128017,16,2,3,17,8,3,0,1,1,1,1,24,2,2,0.0,0.0,0.0,0.0,0.0,3.0,10,2,9
152755,16,11,3,15,8,3,5,5,1,1,2,18,2,2,0.0,0.0,0.0,0.0,0.0,2.0,10,7,10
105552,16,2,4,15,6,3,0,5,1,1,2,24,2,2,0.0,0.0,0.0,0.0,0.0,3.0,19,7,8
29451,16,2,1,17,8,3,0,1,1,1,2,24,2,2,0.0,0.0,0.0,0.0,0.0,2.0,20,5,3
68060,4,6,1,17,11,3,6,5,0,0,2,24,2,4,1.0,0.0,0.0,0.0,1.0,1.0,20,6,5
118841,16,2,3,15,10,3,0,1,1,1,2,22,2,2,0.0,0.0,0.0,0.0,0.0,3.0,12,2,8
181666,15,2,3,17,8,3,0,1,1,1,1,24,2,2,0.0,0.0,0.0,0.0,0.0,3.0,15,7,12
53354,16,2,3,10,8,3,6,1,1,1,2,12,3,2,0.0,0.0,0.0,0.0,0.0,6.0,9,3,4
154906,16,2,3,0,6,3,0,1,0,1,2,6,2,1,6.0,0.0,1.0,5.0,0.0,0.0,10,1,10
141187,16,7,3,2,3,2,6,1,0,1,0,14,1,2,0.0,0.0,0.0,0.0,0.0,1.0,12,1,10
171171,16,2,0,10,8,3,0,5,1,0,2,36,2,2,0.0,0.0,0.0,0.0,0.0,3.0,18,4,11
118540,16,2,3,17,8,3,5,5,0,1,1,23,2,4,1.0,0.0,0.0,0.0,1.0,2.0,13,7,8
72340,4,2,3,10,3,3,0,1,1,1,2,19,2,2,0.0,0.0,0.0,0.0,0.0,2.0,17,6,6
104512,16,11,3,15,6,3,5,5,1,1,0,36,2,2,0.0,0.0,0.0,0.0,0.0,2.0,12,5,8
119743,16,2,3,17,3,3,0,1,1,1,2,36,2,2,0.0,0.0,0.0,0.0,0.0,2.0,16,3,8
145025,16,2,3,10,1,3,0,1,1,1,2,19,2,2,0.0,0.0,0.0,0.0,0.0,2.0,9,5,10
166899,16,7,1,10,6,3,6,5,1,1,2,36,2,2,0.0,0.0,0.0,0.0,0.0,2.0,21,2,11
32023,4,7,2,15,8,3,6,1,1,1,0,36,2,2,0.0,0.0,0.0,0.0,0.0,2.0,15,7,3
42632,16,2,3,0,6,3,0,1,0,1,2,6,2,3,1.0,0.0,0.0,1.0,0.0,3.0,9,7,4
5012,15,2,3,10,8,3,0,1,0,1,0,21,2,3,1.0,0.0,0.0,1.0,0.0,2.0,13,6,1
38459,16,2,3,17,8,3,0,1,1,1,2,17,2,2,0.0,0.0,0.0,0.0,0.0,2.0,18,5,3
7533,15,2,1,0,6,3,0,1,0,1,2,26,4,2,0.0,0.0,0.0,0.0,0.0,2.0,20,4,1
106126,16,2,3,10,6,3,0,1,0,1,2,36,2,4,1.0,0.0,0.0,0.0,1.0,2.0,11,1,8
102904,15,2,3,17,8,3,0,1,0,1,2,18,3,2,0.0,0.0,0.0,0.0,0.0,2.0,9,1,7
40036,16,11,5,10,8,3,5,5,1,0,1,36,2,2,0.0,0.0,0.0,0.0,0.0,4.0,13,1,3
16105,15,3,0,10,8,3,0,1,1,1,2,19,2,2,0.0,0.0,0.0,0.0,0.0,2.0,2,2,2
14846,16,10,1,2,3,3,4,1,0,1,2,24,1,2,0.0,0.0,0.0,0.0,0.0,1.0,23,6,1
6223,16,2,3,0,8,3,0,1,0,1,2,13,3,2,0.0,0.0,0.0,0.0,0.0,3.0,11,4,1
115300,16,2,3,0,8,3,0,1,1,1,2,36,2,2,0.0,0.0,0.0,0.0,0.0,2.0,16,7,8
60004,16,2,3,17,6,3,0,5,1,1,2,18,2,2,0.0,0.0,0.0,0.0,0.0,2.0,12,4,5
179018,16,3,3,9,2,3,0,5,0,1,1,18,2,3,1.0,0.0,0.0,1.0,0.0,1.0,7,5,12
162431,15,2,1,10,8,3,0,1,1,1,2,19,2,2,0.0,0.0,0.0,0.0,0.0,3.0,20,6,11
142071,16,2,1,7,2,3,0,1,0,1,2,36,2,2,0.0,0.0,0.0,0.0,0.0,1.0,5,1,10
183601,16,7,1,0,17,3,6,5,1,1,2,26,2,2,0.0,0.0,0.0,0.0,0.0,2.0,0,2,12
183039,16,2,1,15,2,3,0,1,1,1,2,18,2,2,0.0,0.0,0.0,0.0,0.0,2.0,17,3,12
98136,16,2,1,15,6,3,0,5,1,1,2,36,2,2,0.0,0.0,0.0,0.0,0.0,2.0,22,7,7
22833,15,10,1,10,8,3,4,5,1,1,1,39,2,2,0.0,0.0,0.0,0.0,0.0,3.0,18,5,2
96539,15,2,3,17,6,3,0,1,0,1,2,36,2,2,0.0,0.0,0.0,0.0,0.0,2.0,18,4,7
162429,16,2,3,17,3,3,0,1,0,1,2,18,2,2,0.0,0.0,0.0,0.0,0.0,2.0,7,6,11
12136,16,10,3,17,8,3,6,1,1,1,2,23,2,2,0.0,0.0,0.0,0.0,0.0,3.0,12,7,1
97713,4,7,3,10,2,3,6,1,0,1,0,19,2,3,1.0,0.0,0.0,1.0,0.0,2.0,15,6,7
90833,16,2,3,0,2,3,0,1,1,1,2,18,2,2,0.0,0.0,0.0,0.0,0.0,2.0,16,7,7
96301,16,2,3,15,2,3,0,1,0,1,2,36,3,3,2.0,0.0,0.0,2.0,0.0,0.0,10,6,7
12541,16,2,3,0,2,3,0,1,0,1,1,18,2,4,1.0,0.0,0.0,0.0,1.0,3.0,12,7,1
53546,16,2,1,10,8,3,0,5,1,1,1,36,2,2,0.0,0.0,0.0,0.0,0.0,4.0,20,5,4
113961,16,2,3,17,2,3,5,5,1,1,1,36,2,2,0.0,0.0,0.0,0.0,0.0,3.0,11,7,8
72524,16,2,3,10,8,3,0,1,1,1,2,36,2,2,0.0,0.0,0.0,0.0,0.0,2.0,10,3,6
43360,16,2,3,0,11,3,0,1,0,1,2,6,2,2,0.0,0.0,0.0,0.0,0.0,2.0,9,6,4
31442,15,2,3,0,8,3,0,1,0,1,2,12,3,1,5.0,0.0,2.0,3.0,0.0,0.0,10,4,3
12975,15,2,3,0,3,3,0,1,0,1,2,18,2,3,2.0,0.0,0.0,1.0,1.0,0.0,10,7,1
146641,16,2,3,8,8,3,0,1,0,1,1,18,2,1,1.0,0.0,1.0,0.0,0.0,1.0,15,7,10
164801,15,7,1,8,8,3,6,1,1,1,0,18,2,2,0.0,0.0,0.0,0.0,0.0,2.0,18,6,11
157577,16,7,3,17,8,3,6,1,1,1,2,38,2,2,0.0,0.0,0.0,0.0,0.0,2.0,11,1,11
157014,16,2,1,15,10,3,0,1,1,1,1,22,2,2,0.0,0.0,0.0,0.0,0.0,3.0,21,7,11
131531,16,2,1,17,6,3,0,1,0,1,2,18,3,3,1.0,0.0,0.0,1.0,0.0,2.0,0,1,9
167146,16,2,1,0,2,3,0,1,0,1,2,17,2,3,2.0,0.0,0.0,1.0,1.0,0.0,6,4,11
114161,16,7,3,10,11,3,6,1,0,1,1,19,2,4,1.0,0.0,0.0,0.0,1.0,1.0,14,3,8
172263,16,2,1,9,12,3,0,1,0,1,2,37,2,1,1.0,0.0,1.0,0.0,0.0,1.0,4,7,12
70059,16,2,1,0,9,3,0,1,0,1,2,6,2,3,1.0,0.0,0.0,1.0,0.0,3.0,22,1,5
169163,16,2,4,14,8,3,0,1,1,1,2,36,2,2,0.0,0.0,0.0,0.0,0.0,2.0,16,7,11
122871,16,2,3,10,1,3,0,1,1,1,2,19,2,2,0.0,0.0,0.0,0.0,0.0,3.0,9,4,9
150615,16,2,1,17,6,3,6,1,1,1,2,24,2,2,0.0,0.0,0.0,0.0,0.0,3.0,18,6,10
129798,15,2,3,0,6,3,0,5,1,1,2,5,2,2,0.0,0.0,0.0,0.0,0.0,2.0,16,6,9
31825,15,7,3,14,6,3,6,1,1,1,1,36,2,2,0.0,0.0,0.0,0.0,0.0,2.0,16,6,3
58706,16,2,3,15,2,3,0,1,1,1,2,19,2,2,0.0,0.0,0.0,0.0,0.0,2.0,18,5,5
39094,16,3,3,17,8,3,0,1,1,1,2,18,2,2,0.0,0.0,0.0,0.0,0.0,3.0,6,4,3
168744,4,7,1,10,10,3,6,2,1,0,1,19,2,2,0.0,0.0,0.0,0.0,0.0,2.0,23,7,11
127272,16,2,3,17,8,3,0,1,1,1,2,36,2,2,0.0,0.0,0.0,0.0,0.0,2.0,16,5,9
95817,16,2,1,15,2,3,0,1,1,1,0,36,2,2,0.0,0.0,0.0,0.0,0.0,2.0,22,6,7
174232,16,2,0,17,6,3,0,1,0,1,2,24,3,4,2.0,0.0,0.0,0.0,2.0,2.0,16,4,12
170750,16,2,3,10,13,3,0,1,0,1,2,19,2,2,0.0,0.0,0.0,0.0,0.0,2.0,7,4,11
34386,16,2,3,15,3,3,0,1,1,1,2,23,2,2,0.0,0.0,0.0,0.0,0.0,5.0,15,4,3
113803,16,2,3,17,19,3,0,1,1,1,2,6,2,2,0.0,0.0,0.0,0.0,0.0,2.0,9,5,8
102930,4,2,3,17,10,3,0,1,1,1,1,36,2,2,0.0,0.0,0.0,0.0,0.0,2.0,15,2,7
102099,16,2,3,0,8,3,0,1,1,1,2,6,2,2,0.0,0.0,0.0,0.0,0.0,3.0,17,4,7
156362,15,7,3,0,10,3,6,1,0,1,2,5,2,2,0.0,0.0,0.0,0.0,0.0,3.0,18,5,11
84272,4,2,3,0,8,3,0,1,1,0,2,18,2,2,0.0,0.0,0.0,0.0,0.0,2.0,9,1,6
163753,4,9,3,0,10,3,6,1,1,1,2,18,2,2,0.0,0.0,0.0,0.0,0.0,2.0,12,5,11
166299,16,2,1,15,6,3,0,1,0,1,2,17,3,3,2.0,0.0,0.0,1.0,1.0,4.0,18,7,11
112760,16,2,3,10,15,3,0,1,1,1,2,19,2,2,0.0,0.0,0.0,0.0,0.0,2.0,16,3,8
107266,15,2,3,0,2,3,0,1,0,1,2,22,4,1,1.0,0.0,1.0,0.0,0.0,1.0,17,3,8
156638,16,2,1,0,6,3,0,1,0,1,2,6,2,2,0.0,0.0,0.0,0.0,0.0,2.0,6,3,11
7054,4,2,1,15,10,3,0,1,1,1,1,36,2,2,0.0,0.0,0.0,0.0,0.0,2.0,1,1,1
108459,15,2,1,0,2,3,0,1,1,1,2,36,2,2,0.0,0.0,0.0,0.0,0.0,3.0,23,1,8
54669,16,2,1,10,6,3,0,1,1,1,2,36,2,2,0.0,0.0,0.0,0.0,0.0,2.0,2,1,4
126374,4,7,3,17,8,3,6,5,0,1,2,36,2,2,0.0,0.0,0.0,0.0,0.0,3.0,13,1,9
17492,17,10,0,10,8,3,4,5,1,1,2,39,2,2,0.0,0.0,0.0,0.0,0.0,3.0,17,5,2
173122,15,3,4,15,10,3,5,5,1,1,2,36,2,2,0.0,0.0,0.0,0.0,0.0,2.0,4,7,12
20401,16,10,1,13,6,3,4,5,0,1,2,6,2,2,0.0,0.0,0.0,0.0,0.0,2.0,23,6,2
10871,4,2,3,10,1,3,0,1,1,1,2,36,2,2,0.0,0.0,0.0,0.0,0.0,2.0,12,7,1
9003,16,2,2,17,6,3,0,1,1,1,1,18,2,2,0.0,0.0,0.0,0.0,0.0,3.0,7,4,1
51356,16,2,1,15,8,3,0,1,1,1,2,22,2,2,0.0,0.0,0.0,0.0,0.0,2.0,22,1,4
37382,16,2,1,15,8,3,5,5,1,0,0,23,2,2,0.0,0.0,0.0,0.0,0.0,2.0,21,7,3
185282,16,10,3,10,10,3,4,5,1,1,1,16,2,2,0.0,0.0,0.0,0.0,0.0,4.0,9,1,12
48710,15,2,3,0,8,3,0,5,0,1,2,36,2,2,0.0,0.0,0.0,0.0,0.0,3.0,16,4,4
187205,15,2,0,0,6,3,0,1,0,1,2,36,2,2,0.0,0.0,0.0,0.0,0.0,6.0,20,7,12
56320,16,2,3,17,8,3,0,1,1,1,2,6,2,2,0.0,0.0,0.0,0.0,0.0,6.0,17,1,5
60511,16,7,3,10,2,3,6,1,0,1,2,19,2,3,3.0,0.0,0.0,3.0,0.0,1.0,12,5,5
46694,12,2,1,5,3,3,6,1,0,1,1,36,1,2,0.0,0.0,0.0,0.0,0.0,1.0,3,2,4
150654,16,7,3,9,8,3,6,1,0,1,0,36,2,3,1.0,0.0,0.0,1.0,0.0,1.0,12,6,10
178598,16,2,3,0,6,3,0,1,0,1,2,2,2,2,0.0,0.0,0.0,0.0,0.0,4.0,13,1,12
167197,2,7,0,17,1,3,6,5,0,1,2,24,2,3,2.0,0.0,0.0,2.0,0.0,4.0,17,5,11
46658,16,2,3,0,6,3,0,1,0,0,2,6,2,2,0.0,0.0,0.0,0.0,0.0,2.0,6,4,4
88111,15,2,3,17,6,3,0,1,1,1,2,26,2,2,0.0,0.0,0.0,0.0,0.0,5.0,16,6,7
143741,16,3,3,17,6,4,0,1,1,1,2,18,2,2,0.0,0.0,0.0,0.0,0.0,2.0,10,2,10
131425,16,2,3,17,8,3,0,1,1,1,1,24,2,2,0.0,0.0,0.0,0.0,0.0,2.0,17,6,9
104144,16,2,3,17,6,3,0,1,1,1,2,23,2,2,0.0,0.0,0.0,0.0,0.0,2.0,13,7,8
58223,16,2,3,10,2,3,0,1,1,1,2,19,2,2,0.0,0.0,0.0,0.0,0.0,3.0,10,4,5
98730,16,2,1,10,8,3,0,1,1,1,1,36,2,2,0.0,0.0,0.0,0.0,0.0,3.0,1,7,7
172759,16,2,3,0,3,4,0,1,1,1,2,18,2,2,0.0,0.0,0.0,0.0,0.0,2.0,14,7,12
17185,16,2,4,17,8,3,0,1,0,1,2,36,2,3,2.0,0.0,0.0,2.0,0.0,1.0,18,7,2
5700,16,2,3,10,8,3,0,1,1,1,2,19,2,2,0.0,0.0,0.0,0.0,0.0,2.0,15,3,1
85876,4,2,4,0,8,3,0,1,0,0,1,36,2,4,2.0,0.0,0.0,0.0,2.0,3.0,19,5,6
63823,15,2,3,0,4,3,0,1,0,1,2,18,2,3,1.0,0.0,0.0,1.0,0.0,2.0,11,7,5
158505,16,2,3,17,8,3,0,1,1,0,1,36,2,2,0.0,0.0,0.0,0.0,0.0,2.0,11,1,11
150147,16,2,3,17,6,3,0,1,0,1,2,24,2,2,0.0,0.0,0.0,0.0,0.0,3.0,6,7,10
166563,16,2,1,17,2,3,0,1,0,1,2,6,2,2,0.0,0.0,0.0,0.0,0.0,3.0,18,3,11
31365,16,3,3,17,8,3,0,1,1,1,2,12,2,2,0.0,0.0,0.0,0.0,0.0,2.0,16,5,3
106723,15,2,1,15,10,3,0,1,1,1,2,37,2,2,0.0,0.0,0.0,0.0,0.0,4.0,3,1,8
15941,4,2,3,0,8,3,0,1,1,1,2,18,2,2,0.0,0.0,0.0,0.0,0.0,2.0,8,6,2
112658,16,2,3,17,6,3,0,1,0,1,2,17,2,4,2.0,0.0,0.0,0.0,2.0,0.0,9,7,8
2976,15,2,3,17,2,3,0,1,1,1,1,36,2,2,0.0,0.0,0.0,0.0,0.0,3.0,13,1,1
145190,4,2,3,0,8,3,0,1,1,1,2,5,2,2,0.0,0.0,0.0,0.0,0.0,3.0,8,6,10
58149,4,7,3,0,8,3,6,1,0,1,2,18,3,3,1.0,0.0,0.0,1.0,0.0,4.0,8,3,5
167996,15,2,3,0,6,3,0,1,0,1,2,36,2,3,1.0,0.0,0.0,1.0,0.0,1.0,11,3,11
48045,15,2,3,0,8,3,0,1,1,1,1,36,2,2,0.0,0.0,0.0,0.0,0.0,2.0,18,5,4
86195,16,2,3,8,2,3,5,5,1,1,2,18,2,2,0.0,0.0,0.0,0.0,0.0,2.0,9,5,6
67391,16,2,1,10,16,3,0,5,1,1,0,17,3,2,0.0,0.0,0.0,0.0,0.0,5.0,23,1,5
99094,4,2,3,0,2,3,5,5,1,1,2,18,2,2,0.0,0.0,0.0,0.0,0.0,2.0,14,7,7
17679,15,2,3,17,8,3,0,1,1,1,2,24,2,2,0.0,0.0,0.0,0.0,0.0,3.0,15,2,2
62358,4,2,3,17,8,3,0,1,0,1,2,36,3,3,1.0,0.0,0.0,1.0,0.0,3.0,13,6,5
122057,4,2,3,17,2,3,0,5,1,0,1,36,2,2,0.0,0.0,0.0,0.0,0.0,3.0,15,1,9
146938,16,2,3,15,3,3,0,1,1,1,1,36,2,2,0.0,0.0,0.0,0.0,0.0,2.0,17,3,10
25758,16,2,3,8,8,3,0,1,1,1,2,22,2,2,0.0,0.0,0.0,0.0,0.0,2.0,12,6,2
75701,16,2,3,8,8,3,0,1,1,1,1,6,2,2,0.0,0.0,0.0,0.0,0.0,2.0,14,2,6
74611,15,2,3,3,10,3,0,1,0,1,2,36,2,2,0.0,0.0,0.0,0.0,0.0,1.0,14,7,6
61411,15,2,3,17,15,3,0,1,0,1,2,5,2,4,1.0,0.0,0.0,0.0,1.0,1.0,16,5,5
48977,4,2,3,17,2,3,0,1,1,1,2,18,2,2,0.0,0.0,0.0,0.0,0.0,3.0,8,2,4
60247,16,2,1,0,6,3,0,5,0,1,2,36,2,2,0.0,0.0,0.0,0.0,0.0,4.0,23,7,5
15664,16,2,1,5,3,3,0,0,1,1,0,9,1,2,0.0,0.0,0.0,0.0,0.0,1.0,0,6,2
143356,4,2,3,15,10,3,0,1,1,1,1,22,2,2,0.0,0.0,0.0,0.0,0.0,2.0,15,3,10
111484,16,2,3,0,11,3,0,1,0,1,2,15,2,3,1.0,0.0,0.0,1.0,0.0,1.0,12,3,8
161663,4,2,3,3,8,3,0,1,1,1,1,12,2,2,0.0,0.0,0.0,0.0,0.0,2.0,13,6,11
58710,16,2,3,17,11,3,0,1,1,1,2,24,2,2,0.0,0.0,0.0,0.0,0.0,2.0,18,5,5
58393,16,2,1,17,8,3,0,1,1,1,2,18,2,2,0.0,0.0,0.0,0.0,0.0,3.0,1,1,5
45903,16,10,3,15,1,3,6,1,1,1,2,23,2,2,0.0,0.0,0.0,0.0,0.0,8.0,10,2,4
178226,16,2,0,17,6,3,0,1,0,1,2,36,2,4,2.0,0.0,0.0,0.0,2.0,0.0,18,4,12
17446,16,7,1,0,2,3,6,1,0,1,2,36,4,4,1.0,0.0,0.0,0.0,1.0,12.0,19,4,2
54587,16,3,3,10,2,3,0,1,0,1,2,19,3,3,1.0,0.0,0.0,1.0,0.0,5.0,12,6,4
56486,15,2,3,0,8,3,0,1,1,1,2,5,2,2,0.0,0.0,0.0,0.0,0.0,3.0,17,2,5
120487,15,2,3,0,3,3,0,1,1,1,2,18,2,2,0.0,0.0,0.0,0.0,0.0,2.0,13,5,9
154007,4,2,3,8,8,3,0,1,0,1,0,36,2,3,1.0,0.0,0.0,1.0,0.0,1.0,8,2,10
2119,16,2,3,17,8,3,0,1,1,1,2,17,2,2,0.0,0.0,0.0,0.0,0.0,4.0,12,7,1
118762,16,2,3,2,6,3,0,1,0,1,2,37,1,3,2.0,0.0,0.0,1.0,1.0,0.0,17,4,8
10411,16,2,2,17,6,3,0,1,1,1,1,18,2,2,0.0,0.0,0.0,0.0,0.0,4.0,17,7,1
45356,15,7,3,7,8,3,6,1,1,1,2,36,2,2,0.0,0.0,0.0,0.0,0.0,2.0,16,6,4
99791,16,2,3,15,8,3,0,1,1,1,2,36,2,2,0.0,0.0,0.0,0.0,0.0,2.0,17,3,7
170240,15,10,1,0,8,3,0,5,1,1,2,18,2,2,0.0,0.0,0.0,0.0,0.0,3.0,19,3,11
172277,16,7,0,17,2,3,6,1,0,1,2,17,2,3,3.0,0.0,0.0,3.0,0.0,1.0,18,7,12
6882,16,3,2,9,6,3,0,1,0,1,0,18,3,3,2.0,0.0,0.0,2.0,0.0,2.0,6,7,1
170843,16,2,4,17,6,3,0,5,0,1,2,36,2,3,2.0,0.0,0.0,2.0,0.0,1.0,15,7,11
175162,16,2,3,0,6,3,0,1,0,1,2,5,3,3,2.0,0.0,0.0,1.0,1.0,1.0,11,1,12
69553,16,11,5,17,15,3,5,5,1,1,2,36,2,2,0.0,0.0,0.0,0.0,0.0,2.0,14,7,5
186749,16,2,1,10,6,3,0,1,1,1,1,19,2,2,0.0,0.0,0.0,0.0,0.0,4.0,17,2,12
124896,16,2,4,15,8,3,0,5,1,1,1,22,2,2,0.0,0.0,0.0,0.0,0.0,2.0,19,1,9
167698,4,2,0,10,8,4,0,1,1,1,1,36,2,2,0.0,0.0,0.0,0.0,0.0,2.0,0,4,11
39363,16,3,3,0,10,3,0,1,0,1,2,6,2,2,0.0,0.0,0.0,0.0,0.0,5.0,15,1,3
85016,16,3,3,10,6,3,6,1,1,1,2,19,2,2,0.0,0.0,0.0,0.0,0.0,2.0,15,7,6
93462,16,3,3,15,10,3,0,5,1,1,2,36,2,2,0.0,0.0,0.0,0.0,0.0,3.0,17,4,7
58906,16,2,1,10,5,3,5,5,1,1,2,36,2,2,0.0,0.0,0.0,0.0,0.0,2.0,23,7,5