crash_date,               traffic_control_device,weather_condition,lighting_condition,first_crash_type,trafficway_type,alignment,roadway_surface_cond,road_defect,crash_type,intersection_related_i,damage,prim_contributory_cause,num_units,most_severe_injury,injuries_total,injuries_fatal,injuries_incapacitating,injuries_non_incapacitating,injuries_reported_not_evident,injuries_no_indication,crash_hour,crash_day_of_week,crash_month
33858,16,10,4,17,8,3,6,5,1,1,0,36,2,2,0.0,0.0,0.0,0.0,0.0,2.0,13,3,3
758,16,2,1,10,8,3,0,1,1,1,2,19,2,2,0.0,0.0,0.0,0.0,0.0,3.0,16,7,1
69097,16,2,3,15,15,3,0,1,1,1,2,24,2,2,0.0,0.0,0.0,0.0,0.0,2.0,11,6,5
140984,4,2,3,8,15,3,0,1,0,1,2,18,2,3,1.0,0.0,0.0,1.0,0.0,1.0,17,1,10
14336,15,2,1,10,2,3,0,1,1,1,1,18,2,2,0.0,0.0,0.0,0.0,0.0,2.0,6,5,1
19804,16,10,3,17,8,3,6,1,0,1,2,15,2,3,1.0,0.0,0.0,1.0,0.0,2.0,12,2,2
179994,4,2,3,7,10,3,0,1,1,1,0,36,2,2,0.0,0.0,0.0,0.0,0.0,1.0,12,5,12
86026,16,2,3,17,6,3,0,1,0,1,2,18,2,4,1.0,0.0,0.0,0.0,1.0,2.0,12,1,6
54329,17,3,3,17,6,3,0,1,1,1,1,18,3,2,0.0,0.0,0.0,0.0,0.0,2.0,15,4,4
77721,4,2,1,17,11,3,0,1,1,1,2,24,2,2,0.0,0.0,0.0,0.0,0.0,2.0,23,3,6
34256,16,2,3,15,6,3,0,1,1,1,2,23,2,2,0.0,0.0,0.0,0.0,0.0,2.0,16,4,3
12250,15,10,3,0,8,3,6,1,1,1,2,36,2,2,0.0,0.0,0.0,0.0,0.0,2.0,14,4,1
166956,16,2,1,17,2,3,6,1,0,1,2,24,2,3,3.0,0.0,0.0,2.0,1.0,0.0,19,4,11
148479,16,7,0,0,8,5,6,1,1,1,1,6,2,2,0.0,0.0,0.0,0.0,0.0,2.0,18,5,10
114013,16,2,3,0,11,3,0,1,0,1,2,6,3,3,1.0,0.0,0.0,1.0,0.0,2.0,12,2,8
152468,16,2,3,15,8,3,6,1,1,1,2,18,2,2,0.0,0.0,0.0,0.0,0.0,2.0,15,2,10
141782,4,2,1,3,10,3,6,1,0,1,2,11,2,2,0.0,0.0,0.0,0.0,0.0,4.0,0,2,10
91075,16,2,3,0,2,3,0,1,0,1,2,6,2,3,1.0,0.0,0.0,1.0,0.0,3.0,12,1,7
52470,16,2,3,17,8,3,0,5,0,1,2,24,2,3,1.0,0.0,0.0,1.0,0.0,1.0,14,3,4
12981,15,2,3,0,8,3,0,1,1,1,2,18,2,2,0.0,0.0,0.0,0.0,0.0,2.0,12,7,1
58255,16,7,3,10,8,3,6,5,1,1,2,8,2,2,0.0,0.0,0.0,0.0,0.0,4.0,15,5,5
24129,16,2,1,10,8,3,0,1,0,1,1,19,2,3,1.0,0.0,0.0,1.0,0.0,1.0,1,5,2
151244,4,7,4,7,2,3,6,1,0,0,0,17,2,4,2.0,0.0,0.0,0.0,2.0,1.0,16,1,10
89394,15,2,1,0,8,3,0,1,0,1,2,18,10,1,7.0,0.0,3.0,1.0,3.0,3.0,23,3,7
165042,15,3,3,0,8,3,6,1,0,1,2,18,2,2,0.0,0.0,0.0,0.0,0.0,2.0,15,4,11
170463,16,2,1,17,6,3,0,1,0,1,2,24,2,2,0.0,0.0,0.0,0.0,0.0,4.0,19,1,11
151213,15,2,3,15,8,3,0,1,0,1,2,18,2,3,1.0,0.0,0.0,1.0,0.0,2.0,11,7,10
73279,16,11,5,10,19,3,5,5,1,1,1,36,2,2,0.0,0.0,0.0,0.0,0.0,3.0,12,7,6
52704,16,2,2,17,10,3,5,5,1,1,2,24,2,2,0.0,0.0,0.0,0.0,0.0,2.0,18,6,4
142853,16,7,3,8,2,3,6,1,0,1,2,39,2,3,1.0,0.0,0.0,1.0,0.0,2.0,13,4,10
2048,16,2,3,10,2,3,0,1,1,1,2,19,2,2,0.0,0.0,0.0,0.0,0.0,2.0,12,6,1
34004,15,2,3,0,8,3,0,5,0,1,2,18,2,2,0.0,0.0,0.0,0.0,0.0,3.0,16,6,3
111509,16,2,1,10,13,4,0,1,1,1,1,36,2,2,0.0,0.0,0.0,0.0,0.0,3.0,3,4,8
19829,16,2,1,17,3,3,0,1,1,1,1,18,2,2,0.0,0.0,0.0,0.0,0.0,2.0,5,3,2
85545,16,7,3,15,8,3,6,1,1,1,2,22,2,2,0.0,0.0,0.0,0.0,0.0,2.0,12,7,6
62744,16,2,3,10,8,3,0,1,1,1,2,13,2,2,0.0,0.0,0.0,0.0,0.0,2.0,19,3,5
185384,15,2,1,0,10,3,0,1,1,1,1,5,2,2,0.0,0.0,0.0,0.0,0.0,5.0,19,3,12
111899,4,7,3,17,6,3,6,1,1,1,2,24,3,2,0.0,0.0,0.0,0.0,0.0,4.0,8,5,8
22998,16,2,0,0,6,3,0,1,0,1,2,18,2,4,1.0,0.0,0.0,0.0,1.0,2.0,21,7,2
27515,15,2,3,0,6,3,0,1,0,1,1,18,2,4,1.0,0.0,0.0,0.0,1.0,1.0,16,2,2
88324,16,2,3,10,10,3,0,1,0,1,2,19,3,3,2.0,0.0,0.0,2.0,0.0,3.0,16,2,7
76139,16,3,3,10,8,3,6,1,1,1,2,19,2,2,0.0,0.0,0.0,0.0,0.0,6.0,10,7,6
10195,16,2,3,17,2,3,0,1,1,1,2,24,2,2,0.0,0.0,0.0,0.0,0.0,6.0,16,3,1
164892,16,2,1,14,8,3,0,1,1,1,2,18,2,2,0.0,0.0,0.0,0.0,0.0,2.0,19,7,11
188497,15,2,3,0,15,3,0,1,0,0,2,18,2,3,1.0,0.0,0.0,1.0,0.0,1.0,14,2,12
169111,15,2,3,0,2,3,0,1,1,1,2,18,2,2,0.0,0.0,0.0,0.0,0.0,3.0,15,4,11
62175,16,7,1,17,2,3,6,5,0,1,2,36,2,3,1.0,0.0,0.0,1.0,0.0,1.0,0,1,5
33412,16,2,3,15,8,3,0,1,1,1,1,18,2,2,0.0,0.0,0.0,0.0,0.0,2.0,8,2,3
20582,15,2,0,10,8,3,0,1,1,1,1,36,2,2,0.0,0.0,0.0,0.0,0.0,2.0,18,2,2
8185,15,2,3,0,11,3,0,1,1,1,2,23,2,2,0.0,0.0,0.0,0.0,0.0,2.0,14,5,1
54607,16,2,3,8,8,3,0,1,0,1,1,22,2,3,1.0,0.0,0.0,1.0,0.0,2.0,15,7,4
141131,17,2,3,8,2,3,0,1,1,1,0,18,2,2,0.0,0.0,0.0,0.0,0.0,2.0,14,1,10
172129,15,2,3,0,6,3,0,1,0,1,2,5,2,4,1.0,0.0,0.0,0.0,1.0,1.0,11,7,11
168272,15,2,1,0,8,3,0,1,0,1,2,5,2,3,1.0,0.0,0.0,1.0,0.0,2.0,2,7,11
171190,16,2,3,15,3,3,0,1,1,1,2,22,2,2,0.0,0.0,0.0,0.0,0.0,2.0,10,4,11
25773,15,7,3,15,8,3,6,5,0,1,1,19,2,3,1.0,0.0,0.0,1.0,0.0,1.0,15,7,2
14316,16,2,3,17,1,3,0,1,0,1,2,18,2,4,1.0,0.0,0.0,0.0,1.0,1.0,15,5,1
31730,16,2,3,0,10,3,0,1,1,1,2,6,2,2,0.0,0.0,0.0,0.0,0.0,2.0,10,3,3
49134,15,2,1,17,3,3,0,1,1,1,2,36,2,2,0.0,0.0,0.0,0.0,0.0,2.0,23,3,4
101169,15,2,1,0,13,3,0,1,0,1,2,6,2,2,0.0,0.0,0.0,0.0,0.0,4.0,0,4,7
57976,15,2,0,10,2,3,0,1,1,1,0,36,2,2,0.0,0.0,0.0,0.0,0.0,2.0,23,6,5
133323,16,2,3,15,6,3,0,1,1,1,1,36,2,2,0.0,0.0,0.0,0.0,0.0,2.0,15,5,9
33336,16,2,1,0,6,3,0,1,0,1,2,6,2,3,6.0,0.0,0.0,6.0,0.0,0.0,22,2,3
111210,16,2,1,17,6,3,0,1,0,1,2,6,2,3,1.0,0.0,0.0,1.0,0.0,3.0,23,7,8
100121,16,2,3,17,6,3,0,1,0,1,2,18,2,4,1.0,0.0,0.0,0.0,1.0,2.0,7,2,7
61327,15,2,3,0,6,3,0,1,1,1,2,5,3,2,0.0,0.0,0.0,0.0,0.0,2.0,10,3,5
42801,16,2,1,17,1,3,0,1,0,1,2,18,2,2,0.0,0.0,0.0,0.0,0.0,3.0,22,2,4
120376,16,2,3,10,2,3,0,1,1,1,2,19,2,2,0.0,0.0,0.0,0.0,0.0,2.0,7,5,8
30286,16,2,3,10,6,4,0,1,1,1,0,12,2,2,0.0,0.0,0.0,0.0,0.0,2.0,7,6,3
81462,15,2,1,0,8,3,0,1,0,1,2,5,3,2,0.0,0.0,0.0,0.0,0.0,9.0,1,1,6
97191,16,2,3,0,2,3,0,1,1,0,1,18,2,2,0.0,0.0,0.0,0.0,0.0,3.0,9,5,7
125176,16,2,3,0,6,3,6,1,0,1,2,36,2,2,0.0,0.0,0.0,0.0,0.0,5.0,11,4,9
113168,15,2,1,0,6,3,0,1,1,1,2,18,2,2,0.0,0.0,0.0,0.0,0.0,3.0,2,1,8
167647,4,2,3,17,8,3,0,5,0,1,2,36,2,2,0.0,0.0,0.0,0.0,0.0,2.0,14,4,11
137258,15,11,5,0,6,3,5,5,1,1,2,36,2,2,0.0,0.0,0.0,0.0,0.0,2.0,18,4,9
133106,15,2,3,9,10,3,0,1,0,1,2,36,2,3,1.0,0.0,0.0,1.0,0.0,1.0,13,1,9
184796,16,2,3,10,2,3,0,1,0,0,1,19,2,4,1.0,0.0,0.0,0.0,1.0,2.0,14,1,12
105829,16,2,3,17,3,3,0,1,0,1,2,24,2,3,2.0,0.0,0.0,2.0,0.0,0.0,16,3,8
25680,17,11,1,17,6,3,5,5,1,1,2,11,2,2,0.0,0.0,0.0,0.0,0.0,2.0,20,6,2
105691,16,2,3,0,8,3,0,1,0,1,2,6,4,3,1.0,0.0,0.0,1.0,0.0,5.0,17,7,8
1175,16,2,3,9,2,3,0,1,0,1,0,14,2,3,1.0,0.0,0.0,1.0,0.0,1.0,15,6,1
14609,16,2,1,0,8,3,0,1,0,1,2,6,2,2,0.0,0.0,0.0,0.0,0.0,4.0,22,1,1
96775,16,3,3,8,3,3,0,1,0,1,1,18,2,1,1.0,0.0,1.0,0.0,0.0,1.0,15,7,7
5771,16,2,1,17,8,3,0,1,0,1,2,18,2,2,0.0,0.0,0.0,0.0,0.0,2.0,18,4,1
165650,16,2,3,10,6,3,0,1,1,1,2,8,2,2,0.0,0.0,0.0,0.0,0.0,2.0,7,5,11
146148,15,2,1,0,6,3,0,1,0,1,2,36,2,2,0.0,0.0,0.0,0.0,0.0,2.0,20,7,10
89628,16,2,3,10,8,3,0,5,0,1,1,19,3,3,1.0,0.0,0.0,1.0,0.0,3.0,18,1,7
180898,17,2,0,3,8,3,0,5,0,1,2,26,6,3,3.0,0.0,0.0,2.0,1.0,5.0,0,1,12
70484,16,2,3,10,8,3,0,1,0,1,2,19,2,2,0.0,0.0,0.0,0.0,0.0,2.0,9,1,5
86848,16,2,3,9,6,3,0,1,0,1,0,36,2,3,1.0,0.0,0.0,1.0,0.0,1.0,14,7,6
28039,16,2,3,17,8,3,0,1,1,1,1,24,2,2,0.0,0.0,0.0,0.0,0.0,2.0,16,4,2
178216,16,2,3,15,8,3,0,1,1,1,2,22,2,2,0.0,0.0,0.0,0.0,0.0,2.0,16,4,12
20800,4,2,1,17,15,3,6,1,1,1,0,12,2,2,0.0,0.0,0.0,0.0,0.0,2.0,20,5,2
109720,16,2,1,17,6,3,0,5,1,1,2,6,2,2,0.0,0.0,0.0,0.0,0.0,2.0,0,6,8
88004,4,2,3,8,10,3,0,1,0,1,0,18,2,3,1.0,0.0,0.0,1.0,0.0,1.0,18,4,7
109636,15,2,1,0,2,3,0,1,1,1,2,18,2,2,0.0,0.0,0.0,0.0,0.0,2.0,20,5,8
171863,16,2,1,17,10,3,0,1,1,1,2,23,2,2,0.0,0.0,0.0,0.0,0.0,2.0,18,2,11
182470,16,10,3,17,2,3,4,1,0,1,1,36,2,4,1.0,0.0,0.0,0.0,1.0,1.0,8,2,12
34356,16,10,3,15,8,3,4,1,0,1,1,26,2,4,1.0,0.0,0.0,0.0,1.0,1.0,8,3,3
76851,16,2,3,17,8,3,0,1,0,1,2,18,2,3,2.0,0.0,0.0,1.0,1.0,0.0,18,5,6
27131,16,2,3,10,8,3,5,5,1,1,2,36,2,2,0.0,0.0,0.0,0.0,0.0,2.0,15,2,2
149362,16,7,3,10,8,3,0,1,1,0,0,19,2,2,0.0,0.0,0.0,0.0,0.0,2.0,11,2,10
177968,15,7,1,0,8,3,6,1,1,1,2,18,2,2,0.0,0.0,0.0,0.0,0.0,3.0,18,6,12
34342,15,10,1,0,8,3,6,1,1,1,1,5,2,2,0.0,0.0,0.0,0.0,0.0,2.0,6,3,3
52662,16,2,3,9,6,3,0,1,0,1,0,24,2,3,1.0,0.0,0.0,1.0,0.0,1.0,6,4,4
123182,15,2,3,0,8,3,0,1,1,1,2,18,2,2,0.0,0.0,0.0,0.0,0.0,2.0,7,3,9
179214,16,2,1,7,8,3,0,1,0,0,2,36,2,2,0.0,0.0,0.0,0.0,0.0,1.0,19,2,12
114420,15,2,3,17,15,3,6,1,0,1,2,36,2,3,1.0,0.0,0.0,1.0,0.0,1.0,12,7,8
130224,16,3,3,10,10,3,0,1,0,1,2,17,2,2,0.0,0.0,0.0,0.0,0.0,3.0,11,3,9
9673,4,11,3,17,2,3,6,5,0,1,1,24,2,3,1.0,0.0,0.0,1.0,0.0,1.0,15,1,1
10993,16,2,3,10,6,3,5,5,1,1,1,19,2,2,0.0,0.0,0.0,0.0,0.0,2.0,12,2,1
88294,16,2,3,10,2,3,0,1,0,1,2,17,2,2,0.0,0.0,0.0,0.0,0.0,2.0,18,1,7
61709,16,3,3,17,8,3,0,1,1,1,1,24,2,2,0.0,0.0,0.0,0.0,0.0,2.0,18,1,5
115642,15,2,1,0,8,3,0,1,1,1,2,36,2,2,0.0,0.0,0.0,0.0,0.0,2.0,23,4,8
10385,16,2,1,17,8,3,0,1,1,1,2,36,2,2,0.0,0.0,0.0,0.0,0.0,3.0,0,6,1
25612,16,3,3,10,3,3,0,5,0,1,2,19,2,2,0.0,0.0,0.0,0.0,0.0,2.0,9,5,2
47519,16,2,3,10,2,3,0,1,0,1,1,17,2,4,1.0,0.0,0.0,0.0,1.0,1.0,14,6,4
144808,15,2,1,0,8,3,0,1,0,1,2,18,2,2,0.0,0.0,0.0,0.0,0.0,2.0,20,1,10
149308,15,2,1,10,8,3,0,1,0,1,2,3,2,2,0.0,0.0,0.0,0.0,0.0,2.0,1,2,10
158273,15,2,3,7,2,3,0,5,0,1,2,36,2,4,1.0,0.0,0.0,0.0,1.0,0.0,14,5,11
65091,16,7,3,17,8,3,6,5,1,1,2,24,2,2,0.0,0.0,0.0,0.0,0.0,3.0,14,6,5
96809,16,2,1,17,8,3,0,1,0,1,2,18,2,3,1.0,0.0,0.0,1.0,0.0,2.0,23,7,7
166406,16,2,3,0,8,3,0,1,1,1,2,6,2,2,0.0,0.0,0.0,0.0,0.0,2.0,15,3,11
160505,16,2,1,11,10,3,0,1,1,1,2,21,2,2,0.0,0.0,0.0,0.0,0.0,2.0,17,2,11
35711,16,7,3,15,8,4,6,1,1,1,2,18,2,2,0.0,0.0,0.0,0.0,0.0,2.0,8,5,3
61176,4,7,3,8,8,3,6,1,0,1,0,18,2,3,1.0,0.0,0.0,1.0,0.0,1.0,14,7,5
159044,16,2,4,17,2,3,5,5,1,1,2,36,2,2,0.0,0.0,0.0,0.0,0.0,3.0,16,2,11
49958,16,7,3,17,3,3,6,1,1,1,1,24,2,2,0.0,0.0,0.0,0.0,0.0,5.0,16,5,4
70825,16,2,3,11,8,3,5,5,1,1,0,21,2,2,0.0,0.0,0.0,0.0,0.0,2.0,9,5,5
31175,16,11,0,17,6,3,5,5,1,1,1,6,2,2,0.0,0.0,0.0,0.0,0.0,2.0,18,7,3
13043,16,2,1,0,6,3,0,1,0,1,2,6,2,3,1.0,0.0,0.0,1.0,0.0,3.0,1,2,1
39632,15,2,3,10,8,3,5,1,1,1,1,19,2,2,0.0,0.0,0.0,0.0,0.0,3.0,18,7,3
33133,15,2,1,17,2,3,0,1,1,0,2,5,2,2,0.0,0.0,0.0,0.0,0.0,2.0,20,5,3
177317,4,2,3,7,10,3,5,1,0,1,2,36,2,2,0.0,0.0,0.0,0.0,0.0,1.0,8,3,12
154409,15,2,3,17,15,3,0,1,1,1,2,18,2,2,0.0,0.0,0.0,0.0,0.0,2.0,10,3,10
184072,16,2,3,0,6,3,0,1,1,1,2,6,2,2,0.0,0.0,0.0,0.0,0.0,2.0,13,7,12
108953,16,2,3,9,6,3,5,5,0,1,0,36,2,3,1.0,0.0,0.0,1.0,0.0,1.0,16,2,8
40466,16,11,5,10,8,3,5,5,1,1,2,36,2,2,0.0,0.0,0.0,0.0,0.0,2.0,2,2,3
108772,15,2,3,10,2,5,0,1,0,1,2,36,2,4,2.0,0.0,0.0,0.0,2.0,2.0,10,5,8
157606,15,2,1,17,8,3,0,1,1,1,1,36,2,2,0.0,0.0,0.0,0.0,0.0,2.0,16,2,11
105620,16,3,3,10,8,3,0,1,1,1,1,36,2,2,0.0,0.0,0.0,0.0,0.0,3.0,15,6,8
61049,16,2,3,15,8,3,0,1,1,1,1,36,2,2,0.0,0.0,0.0,0.0,0.0,2.0,14,5,5
137446,16,2,3,15,8,3,0,1,1,1,1,23,2,2,0.0,0.0,0.0,0.0,0.0,2.0,13,7,9
22658,6,6,3,10,2,3,1,1,1,1,2,36,2,2,0.0,0.0,0.0,0.0,0.0,2.0,16,1,2
157998,16,7,1,8,6,3,6,1,0,1,2,6,2,3,1.0,0.0,0.0,1.0,0.0,2.0,22,2,11
158499,16,2,1,0,6,3,0,1,1,1,2,6,2,2,0.0,0.0,0.0,0.0,0.0,2.0,10,1,11
41255,16,2,3,17,3,3,0,1,0,1,2,36,2,2,0.0,0.0,0.0,0.0,0.0,3.0,14,4,3
137341,17,2,3,17,17,3,0,5,1,1,2,36,2,2,0.0,0.0,0.0,0.0,0.0,2.0,10,5,9
114251,16,2,3,15,8,3,0,1,0,1,2,22,2,3,1.0,0.0,0.0,1.0,0.0,1.0,8,5,8
78089,16,2,1,2,2,3,0,1,0,1,2,6,1,3,1.0,0.0,0.0,1.0,0.0,0.0,1,4,6
10337,4,2,3,10,8,3,0,5,1,1,1,19,2,2,0.0,0.0,0.0,0.0,0.0,2.0,15,6,1
120947,12,2,3,10,8,3,0,5,1,1,2,18,2,2,0.0,0.0,0.0,0.0,0.0,2.0,15,6,9
123651,16,2,3,17,6,3,0,1,0,1,2,18,2,2,0.0,0.0,0.0,0.0,0.0,2.0,9,3,9
24360,15,2,3,7,8,3,0,1,0,1,2,26,3,2,0.0,0.0,0.0,0.0,0.0,2.0,13,3,2
92892,16,2,3,17,2,3,0,1,0,1,2,18,2,3,1.0,0.0,0.0,1.0,0.0,2.0,15,4,7
135334,4,2,3,10,2,3,0,1,0,1,2,8,3,2,0.0,0.0,0.0,0.0,0.0,4.0,6,1,9
166812,15,2,3,9,8,3,0,5,0,0,0,36,2,3,1.0,0.0,0.0,1.0,0.0,1.0,15,1,11
162119,16,2,1,17,1,3,0,1,0,1,2,36,2,2,0.0,0.0,0.0,0.0,0.0,2.0,5,5,11
134747,16,2,3,17,5,3,0,5,0,1,2,24,2,2,0.0,0.0,0.0,0.0,0.0,2.0,9,4,9
29697,15,2,1,7,8,3,0,5,1,1,2,12,2,2,0.0,0.0,0.0,0.0,0.0,1.0,18,2,3
131374,4,2,1,0,8,3,0,5,1,1,1,18,2,2,0.0,0.0,0.0,0.0,0.0,2.0,19,5,9
9043,15,2,3,13,2,3,0,1,1,1,2,36,2,2,0.0,0.0,0.0,0.0,0.0,2.0,15,5,1
30259,15,2,1,0,15,3,0,1,0,1,2,18,2,3,1.0,0.0,0.0,1.0,0.0,1.0,23,5,3
49025,16,2,1,10,1,3,0,1,1,1,2,12,2,2,0.0,0.0,0.0,0.0,0.0,2.0,1,1,4
25335,16,7,3,17,8,3,6,1,0,1,1,36,3,2,0.0,0.0,0.0,0.0,0.0,3.0,13,7,2
132801,4,2,3,9,8,3,0,1,0,1,0,18,2,3,1.0,0.0,0.0,1.0,0.0,1.0,15,5,9
48552,6,2,1,9,8,3,0,1,0,0,1,18,2,3,1.0,0.0,0.0,1.0,0.0,1.0,22,6,4
154250,16,2,3,17,15,3,0,1,0,1,2,18,2,2,0.0,0.0,0.0,0.0,0.0,4.0,14,7,10
120530,16,2,3,10,8,3,0,1,0,1,2,6,2,2,0.0,0.0,0.0,0.0,0.0,2.0,16,6,9
152885,16,2,3,10,8,3,5,5,1,1,0,14,2,2,0.0,0.0,0.0,0.0,0.0,2.0,16,7,10
165921,15,2,3,0,2,3,0,1,1,1,2,18,2,2,0.0,0.0,0.0,0.0,0.0,2.0,7,5,11
35098,16,7,1,15,5,3,6,1,0,1,2,36,2,2,0.0,0.0,0.0,0.0,0.0,2.0,21,2,3
27839,4,2,3,17,6,3,0,6,1,1,2,18,2,2,0.0,0.0,0.0,0.0,0.0,2.0,7,6,2
86345,17,11,5,10,17,3,5,5,1,1,2,36,2,2,0.0,0.0,0.0,0.0,0.0,3.0,14,6,6
145237,16,7,1,10,2,3,6,1,1,1,1,19,2,2,0.0,0.0,0.0,0.0,0.0,2.0,18,7,10
75120,16,2,3,17,11,3,0,1,1,1,2,12,2,2,0.0,0.0,0.0,0.0,0.0,2.0,17,6,6
124483,15,3,2,2,8,3,0,1,1,1,1,30,1,2,0.0,0.0,0.0,0.0,0.0,1.0,6,7,9
107747,4,2,3,0,10,3,0,1,1,1,2,11,2,2,0.0,0.0,0.0,0.0,0.0,5.0,8,3,8
174875,16,2,3,9,8,3,0,1,1,1,0,18,2,2,0.0,0.0,0.0,0.0,0.0,2.0,9,5,12
160134,16,2,3,0,6,3,6,1,0,1,2,6,2,4,1.0,0.0,0.0,0.0,1.0,1.0,7,4,11
105100,4,7,4,10,2,3,6,1,1,1,1,6,2,2,0.0,0.0,0.0,0.0,0.0,2.0,19,5,8
20007,4,2,3,17,8,3,0,1,0,1,2,24,2,2,0.0,0.0,0.0,0.0,0.0,3.0,16,7,2
153968,4,2,3,17,8,3,0,1,0,1,2,36,2,4,1.0,0.0,0.0,0.0,1.0,4.0,13,2,10
145471,16,2,3,10,8,3,0,1,1,1,1,19,3,2,0.0,0.0,0.0,0.0,0.0,3.0,14,5,10
96454,16,2,3,17,8,3,0,1,1,1,0,24,2,2,0.0,0.0,0.0,0.0,0.0,2.0,16,2,7
121513,16,2,3,17,19,3,5,5,1,1,1,36,2,2,0.0,0.0,0.0,0.0,0.0,5.0,15,7,9
115634,16,2,3,10,2,3,0,1,1,1,1,19,2,2,0.0,0.0,0.0,0.0,0.0,3.0,10,4,8
76267,4,2,3,17,8,3,0,1,1,1,2,36,2,2,0.0,0.0,0.0,0.0,0.0,4.0,15,4,6
91403,16,2,3,14,8,3,0,1,1,1,2,11,2,2,0.0,0.0,0.0,0.0,0.0,2.0,12,1,7
127755,16,11,5,17,17,3,5,5,1,1,1,18,2,2,0.0,0.0,0.0,0.0,0.0,2.0,6,4,9
6072,17,2,1,10,8,3,0,6,0,1,2,36,3,2,0.0,0.0,0.0,0.0,0.0,3.0,23,7,1
67315,15,2,1,10,6,3,6,5,1,1,1,19,2,2,0.0,0.0,0.0,0.0,0.0,2.0,22,7,5
177555,16,2,1,17,8,3,0,1,0,1,2,24,2,2,0.0,0.0,0.0,0.0,0.0,2.0,23,7,12
170443,4,2,1,7,8,3,0,1,0,1,2,26,2,4,1.0,0.0,0.0,0.0,1.0,0.0,1,1,11
39419,15,2,3,0,2,3,0,1,0,1,2,18,2,2,0.0,0.0,0.0,0.0,0.0,2.0,16,2,3
141120,16,3,3,0,2,3,0,1,0,1,2,6,3,2,0.0,0.0,0.0,0.0,0.0,4.0,11,7,10
35690,16,2,4,17,15,3,0,1,0,1,2,6,2,3,1.0,0.0,0.0,1.0,0.0,1.0,5,5,3
141863,4,2,5,8,8,3,0,1,0,0,1,24,2,3,1.0,0.0,0.0,1.0,0.0,1.0,15,5,10
106751,16,2,2,17,8,3,0,5,0,1,2,18,2,1,3.0,0.0,2.0,1.0,0.0,1.0,14,2,8
106206,16,2,1,10,2,3,0,1,1,1,2,19,2,2,0.0,0.0,0.0,0.0,0.0,2.0,0,7,8
78184,16,2,3,17,8,3,0,5,1,1,2,24,2,2,0.0,0.0,0.0,0.0,0.0,2.0,13,3,6
184596,16,7,1,9,8,3,6,5,0,1,2,36,2,3,1.0,0.0,0.0,1.0,0.0,1.0,18,6,12
11043,4,2,4,17,8,3,0,5,0,1,2,18,2,2,0.0,0.0,0.0,0.0,0.0,2.0,16,3,1
6032,16,2,1,0,8,3,5,5,0,1,1,6,2,2,0.0,0.0,0.0,0.0,0.0,2.0,2,7,1
165880,16,2,3,10,6,3,0,1,1,1,2,19,2,2,0.0,0.0,0.0,0.0,0.0,2.0,8,2,11
171992,15,2,3,0,6,3,0,1,0,1,2,18,3,2,0.0,0.0,0.0,0.0,0.0,3.0,9,4,11
103730,16,2,3,17,8,3,0,1,1,1,2,19,2,2,0.0,0.0,0.0,0.0,0.0,2.0,10,7,7
66799,16,2,3,10,6,3,0,1,0,1,2,19,2,2,0.0,0.0,0.0,0.0,0.0,2.0,15,7,5
175930,16,2,3,17,6,3,0,1,1,1,1,6,2,2,0.0,0.0,0.0,0.0,0.0,2.0,9,7,12
16190,16,2,1,10,6,3,6,1,0,1,2,9,3,2,0.0,0.0,0.0,0.0,0.0,3.0,5,4,2
59969,16,2,3,17,8,3,0,1,0,1,2,36,2,2,0.0,0.0,0.0,0.0,0.0,2.0,7,4,5
82882,4,3,3,0,10,3,0,1,1,1,2,18,2,2,0.0,0.0,0.0,0.0,0.0,4.0,14,2,6
97666,16,2,3,15,10,3,0,1,1,1,2,22,2,2,0.0,0.0,0.0,0.0,0.0,3.0,18,5,7
80457,15,2,3,0,8,3,0,1,0,1,2,36,2,3,1.0,0.0,0.0,1.0,0.0,1.0,1,1,6
70061,15,2,3,0,6,3,0,1,0,1,2,5,2,3,2.0,0.0,0.0,2.0,0.0,2.0,10,1,5
169712,16,10,3,10,8,3,4,1,1,1,0,19,2,2,0.0,0.0,0.0,0.0,0.0,2.0,7,2,11
97940,16,2,3,0,2,3,0,1,0,1,2,36,4,1,2.0,0.0,1.0,0.0,1.0,3.0,9,3,7
43158,16,3,3,10,10,3,0,3,1,1,0,19,2,2,0.0,0.0,0.0,0.0,0.0,2.0,14,2,4
80634,15,2,3,7,18,3,0,1,0,1,2,36,3,0,4.0,1.0,1.0,0.0,2.0,1.0,12,4,6
60436,16,2,3,15,2,3,0,1,1,1,1,19,2,2,0.0,0.0,0.0,0.0,0.0,2.0,11,3,5
41454,16,2,3,0,8,3,0,1,1,1,2,36,2,2,0.0,0.0,0.0,0.0,0.0,4.0,9,6,3
70301,16,3,3,17,6,3,0,1,0,1,2,24,2,2,0.0,0.0,0.0,0.0,0.0,2.0,8,4,5
5121,16,7,3,10,8,3,6,1,1,1,1,19,2,2,0.0,0.0,0.0,0.0,0.0,2.0,10,7,1
126637,15,2,3,0,11,3,0,1,0,1,2,18,2,4,3.0,0.0,0.0,0.0,3.0,0.0,7,3,9
134681,15,2,1,17,15,2,0,1,1,1,1,18,2,2,0.0,0.0,0.0,0.0,0.0,3.0,21,2,9
149851,16,2,3,17,3,3,0,1,1,1,2,22,2,2,0.0,0.0,0.0,0.0,0.0,2.0,16,2,10