crash_date,               traffic_control_device,weather_condition,lighting_condition,first_crash_type,trafficway_type,alignment,roadway_surface_cond,road_defect,crash_type,intersection_related_i,damage,prim_contributory_cause,num_units,most_severe_injury,injuries_total,injuries_fatal,injuries_incapacitating,injuries_non_incapacitating,injuries_reported_not_evident,injuries_no_indication,crash_hour,crash_day_of_week,crash_month
84801,16,2,4,0,2,3,0,1,0,1,2,18,2,2,0.0,0.0,0.0,0.0,0.0,3.0,18,3,6
141981,15,2,1,17,15,3,0,1,0,1,2,5,2,3,1.0,0.0,0.0,1.0,0.0,1.0,21,6,10
15181,16,2,3,17,2,3,6,5,1,1,2,18,2,2,0.0,0.0,0.0,0.0,0.0,2.0,16,6,2
152647,15,2,3,0,8,3,0,5,0,1,1,36,2,2,0.0,0.0,0.0,0.0,0.0,4.0,16,5,10
88917,15,2,3,0,8,3,0,1,0,1,2,18,2,4,1.0,0.0,0.0,0.0,1.0,3.0,12,3,7
118712,15,2,1,0,6,3,0,1,1,1,2,38,2,2,0.0,0.0,0.0,0.0,0.0,3.0,20,2,8
173032,16,2,0,0,8,3,0,1,0,1,2,36,2,4,2.0,0.0,0.0,0.0,2.0,2.0,20,5,12
28983,4,2,3,10,6,3,0,3,1,1,2,36,2,2,0.0,0.0,0.0,0.0,0.0,3.0,13,4,3
92440,15,3,1,17,8,3,0,1,0,1,2,5,2,2,0.0,0.0,0.0,0.0,0.0,4.0,20,2,7
54950,16,7,1,17,6,3,6,1,0,1,2,18,2,4,1.0,0.0,0.0,0.0,1.0,2.0,1,1,4
145443,6,2,3,9,8,3,0,1,0,1,0,18,2,3,1.0,0.0,0.0,1.0,0.0,1.0,7,4,10
179282,16,2,3,17,8,3,0,1,1,1,2,18,2,2,0.0,0.0,0.0,0.0,0.0,2.0,9,3,12
105595,16,2,3,15,2,3,0,1,1,1,0,23,2,2,0.0,0.0,0.0,0.0,0.0,2.0,8,5,8
70035,16,2,3,17,6,3,0,1,0,1,2,23,2,2,0.0,0.0,0.0,0.0,0.0,2.0,15,1,5
182077,16,2,4,10,8,3,0,1,1,1,0,30,2,2,0.0,0.0,0.0,0.0,0.0,2.0,7,4,12
151137,16,2,1,17,8,3,0,1,0,1,1,18,2,2,0.0,0.0,0.0,0.0,0.0,2.0,18,5,10
145979,16,2,3,0,6,3,0,1,0,1,2,36,3,1,2.0,0.0,1.0,1.0,0.0,4.0,13,5,10
77748,16,2,2,17,10,3,0,5,1,1,2,24,2,2,0.0,0.0,0.0,0.0,0.0,2.0,4,4,6
116508,16,2,3,13,6,3,0,1,0,1,2,18,2,2,0.0,0.0,0.0,0.0,0.0,2.0,8,4,8
99199,16,2,3,9,6,3,0,1,0,1,0,36,2,4,1.0,0.0,0.0,0.0,1.0,1.0,9,2,7
181168,16,7,1,17,3,3,6,1,1,1,2,22,2,2,0.0,0.0,0.0,0.0,0.0,2.0,16,7,12
144943,16,2,3,17,2,3,0,1,1,1,2,24,2,2,0.0,0.0,0.0,0.0,0.0,2.0,8,4,10
30591,16,2,3,10,10,3,0,1,1,1,2,21,2,2,0.0,0.0,0.0,0.0,0.0,2.0,8,3,3
37070,16,2,3,10,6,3,0,5,0,1,1,36,2,3,1.0,0.0,0.0,1.0,0.0,2.0,9,1,3
161635,16,7,3,17,8,3,6,1,1,1,2,36,2,2,0.0,0.0,0.0,0.0,0.0,2.0,8,5,11
148274,16,2,4,15,1,3,0,1,1,1,2,23,2,2,0.0,0.0,0.0,0.0,0.0,2.0,6,2,10
134915,16,2,3,17,3,3,0,1,1,1,2,36,2,2,0.0,0.0,0.0,0.0,0.0,3.0,8,4,9
99565,16,2,1,15,2,3,0,1,1,1,2,23,2,2,0.0,0.0,0.0,0.0,0.0,2.0,20,7,7
86940,16,2,3,10,8,3,0,1,1,1,2,19,2,2,0.0,0.0,0.0,0.0,0.0,2.0,19,2,6
36358,16,2,3,15,8,3,0,1,1,1,1,23,2,2,0.0,0.0,0.0,0.0,0.0,5.0,18,2,3
178640,16,2,3,17,6,3,0,1,1,1,2,36,2,2,0.0,0.0,0.0,0.0,0.0,2.0,10,1,12
37617,15,2,3,15,2,3,0,5,1,1,2,22,2,2,0.0,0.0,0.0,0.0,0.0,2.0,15,4,3
82170,4,2,3,17,8,3,0,1,0,1,2,24,2,2,0.0,0.0,0.0,0.0,0.0,2.0,15,5,6
161087,16,2,1,17,6,3,0,5,0,1,2,24,2,2,0.0,0.0,0.0,0.0,0.0,5.0,23,3,11
76375,16,2,3,0,6,3,0,1,1,1,2,18,2,2,0.0,0.0,0.0,0.0,0.0,2.0,10,5,6
46131,16,2,1,0,6,3,0,1,0,1,2,6,2,4,1.0,0.0,0.0,0.0,1.0,1.0,21,7,4
161831,16,7,3,10,2,3,6,1,0,1,2,19,2,4,1.0,0.0,0.0,0.0,1.0,2.0,7,5,11
179631,4,2,1,17,8,3,5,5,0,1,2,18,2,3,2.0,0.0,0.0,2.0,0.0,2.0,20,6,12
71199,16,2,3,10,2,3,0,1,1,1,2,17,2,2,0.0,0.0,0.0,0.0,0.0,2.0,8,4,5
3449,16,2,3,10,8,3,5,5,1,1,2,36,2,2,0.0,0.0,0.0,0.0,0.0,6.0,16,2,1
60412,16,2,3,10,8,3,0,1,1,1,1,36,3,2,0.0,0.0,0.0,0.0,0.0,3.0,7,3,5
106323,16,11,3,8,8,3,5,5,0,1,0,36,2,4,1.0,0.0,0.0,0.0,1.0,1.0,10,2,8
126856,16,7,3,5,15,3,6,1,0,1,2,39,1,2,0.0,0.0,0.0,0.0,0.0,1.0,10,7,9
90093,16,2,3,15,6,3,0,1,1,1,1,23,2,2,0.0,0.0,0.0,0.0,0.0,2.0,12,1,7
133176,4,2,1,7,2,3,0,5,0,0,2,28,2,2,0.0,0.0,0.0,0.0,0.0,1.0,1,2,9
182722,16,2,3,0,8,3,0,5,1,1,1,36,2,2,0.0,0.0,0.0,0.0,0.0,2.0,12,5,12
171772,4,3,3,17,8,3,6,1,0,1,2,24,2,3,4.0,0.0,0.0,4.0,0.0,0.0,14,7,11
34144,16,2,3,17,6,3,0,1,0,1,2,12,2,3,1.0,0.0,0.0,1.0,0.0,1.0,18,1,3
172238,16,7,3,0,2,3,6,1,0,1,2,18,2,1,3.0,0.0,1.0,1.0,1.0,3.0,13,7,12
118444,16,2,3,17,6,3,0,1,0,1,2,18,2,3,1.0,0.0,0.0,1.0,0.0,1.0,8,4,8
86959,4,3,3,17,15,3,0,1,1,1,2,18,2,2,0.0,0.0,0.0,0.0,0.0,3.0,11,2,6
83613,16,2,3,9,6,3,0,5,0,1,2,6,2,3,1.0,0.0,0.0,1.0,0.0,1.0,18,7,6
145767,15,2,3,8,2,3,0,1,0,1,0,24,2,3,1.0,0.0,0.0,1.0,0.0,1.0,14,5,10
65119,15,2,3,10,8,3,0,1,1,1,1,19,2,2,0.0,0.0,0.0,0.0,0.0,3.0,19,6,5
188280,16,7,1,10,8,3,6,1,1,1,1,36,2,2,0.0,0.0,0.0,0.0,0.0,3.0,0,2,12
137308,4,2,3,17,11,3,0,1,1,1,2,18,2,2,0.0,0.0,0.0,0.0,0.0,2.0,16,5,9
110327,16,2,3,0,3,3,0,1,0,1,2,30,3,3,1.0,0.0,0.0,1.0,0.0,2.0,18,2,8
11400,16,7,0,10,8,3,6,5,1,1,1,19,2,2,0.0,0.0,0.0,0.0,0.0,2.0,17,3,1
28178,16,2,3,15,8,3,0,5,0,1,2,17,2,3,2.0,0.0,0.0,2.0,0.0,4.0,14,5,2
115286,17,11,3,17,8,3,5,5,1,1,2,36,2,2,0.0,0.0,0.0,0.0,0.0,2.0,14,7,8
40853,15,2,3,7,8,3,0,1,1,1,1,17,2,2,0.0,0.0,0.0,0.0,0.0,1.0,9,2,3
70540,16,2,4,17,10,3,0,1,1,1,2,36,2,2,0.0,0.0,0.0,0.0,0.0,2.0,20,2,5
147152,16,2,1,15,6,3,0,1,1,1,2,23,2,2,0.0,0.0,0.0,0.0,0.0,2.0,21,7,10
114380,16,3,3,17,8,3,5,5,1,1,1,22,2,2,0.0,0.0,0.0,0.0,0.0,4.0,16,7,8
106715,16,2,3,15,10,3,0,1,1,1,0,4,2,2,0.0,0.0,0.0,0.0,0.0,2.0,14,1,8
67984,16,2,3,17,6,3,0,1,0,1,2,24,3,3,2.0,0.0,0.0,2.0,0.0,1.0,6,4,5
130463,16,2,3,10,2,3,0,1,1,1,2,19,3,2,0.0,0.0,0.0,0.0,0.0,4.0,17,1,9
143055,16,2,5,17,8,3,5,5,1,1,2,18,2,2,0.0,0.0,0.0,0.0,0.0,5.0,19,7,10
21247,16,2,1,17,11,3,0,5,1,1,1,24,2,2,0.0,0.0,0.0,0.0,0.0,2.0,23,5,2
186601,15,2,0,0,8,3,0,1,0,1,2,18,2,2,0.0,0.0,0.0,0.0,0.0,2.0,20,5,12
185408,17,2,3,17,8,3,0,1,0,1,2,24,2,2,0.0,0.0,0.0,0.0,0.0,2.0,11,3,12
85633,16,2,3,10,15,3,0,1,1,1,2,26,2,2,0.0,0.0,0.0,0.0,0.0,2.0,14,2,6
71423,15,2,3,10,10,3,0,1,1,1,2,19,2,2,0.0,0.0,0.0,0.0,0.0,5.0,16,1,5
56027,16,3,3,10,8,3,0,1,1,1,2,36,2,2,0.0,0.0,0.0,0.0,0.0,2.0,15,2,5
35674,15,2,3,0,3,3,0,1,1,1,1,36,2,2,0.0,0.0,0.0,0.0,0.0,3.0,14,5,3
138493,16,7,3,17,18,3,6,1,0,1,2,36,2,4,1.0,0.0,0.0,0.0,1.0,1.0,18,7,10
49922,16,2,3,9,10,3,0,1,0,1,2,6,2,3,1.0,0.0,0.0,1.0,0.0,1.0,9,4,4
155729,16,7,4,0,2,3,6,1,1,1,2,12,2,2,0.0,0.0,0.0,0.0,0.0,2.0,16,4,11
41829,16,3,3,15,17,3,0,1,1,1,2,22,2,2,0.0,0.0,0.0,0.0,0.0,2.0,12,5,3
137508,16,2,1,17,8,3,0,5,0,1,2,36,2,4,1.0,0.0,0.0,0.0,1.0,1.0,22,7,9
99343,16,2,3,17,3,3,0,1,0,1,2,18,2,4,1.0,0.0,0.0,0.0,1.0,1.0,16,3,7
12096,16,7,0,13,6,3,4,1,0,1,2,6,2,2,0.0,0.0,0.0,0.0,0.0,2.0,6,7,1
133595,16,2,3,17,11,3,0,1,0,1,2,22,2,4,1.0,0.0,0.0,0.0,1.0,3.0,13,1,9
29233,15,2,1,0,3,3,0,1,0,1,2,17,2,4,1.0,0.0,0.0,0.0,1.0,5.0,22,7,3
10821,4,2,3,15,2,3,0,1,1,1,2,23,2,2,0.0,0.0,0.0,0.0,0.0,2.0,14,7,1
85801,16,2,3,9,8,3,0,1,0,1,0,18,2,3,1.0,0.0,0.0,1.0,0.0,1.0,17,4,6
104623,15,2,3,10,8,3,0,1,1,1,2,19,2,2,0.0,0.0,0.0,0.0,0.0,2.0,8,5,8
184942,16,7,0,17,8,3,6,1,0,1,2,36,3,3,1.0,0.0,0.0,1.0,0.0,2.0,17,4,12
88794,16,2,3,10,2,3,0,1,1,1,0,19,2,2,0.0,0.0,0.0,0.0,0.0,2.0,11,1,7
113605,15,2,3,0,8,3,0,1,0,1,2,18,3,1,3.0,0.0,1.0,0.0,2.0,0.0,14,1,8
89267,16,2,1,17,2,3,0,5,0,1,2,36,2,2,0.0,0.0,0.0,0.0,0.0,4.0,23,2,7
12407,15,2,4,17,11,3,0,1,1,1,2,36,2,2,0.0,0.0,0.0,0.0,0.0,3.0,16,6,1
118061,16,2,3,4,6,3,0,1,0,1,2,23,2,3,1.0,0.0,0.0,1.0,0.0,1.0,17,7,8
100005,6,2,3,8,2,3,0,1,0,1,2,18,2,3,1.0,0.0,0.0,1.0,0.0,1.0,8,7,7
156524,16,2,1,7,8,3,0,1,1,1,2,26,2,2,0.0,0.0,0.0,0.0,0.0,1.0,19,7,11
144293,15,2,1,5,8,3,0,1,0,1,2,28,1,3,1.0,0.0,0.0,1.0,0.0,1.0,21,2,10
122165,16,2,3,17,8,3,0,1,1,1,2,36,2,2,0.0,0.0,0.0,0.0,0.0,2.0,7,3,9
117499,16,2,3,15,6,3,0,5,1,1,1,19,2,2,0.0,0.0,0.0,0.0,0.0,2.0,9,5,8
162828,16,2,3,10,8,3,0,1,1,1,2,19,2,2,0.0,0.0,0.0,0.0,0.0,2.0,15,1,11
38687,16,2,3,7,6,4,0,1,1,1,2,24,2,2,0.0,0.0,0.0,0.0,0.0,1.0,11,3,3
11318,15,10,0,0,6,3,4,1,0,1,1,5,2,3,1.0,0.0,0.0,1.0,0.0,1.0,0,1,1
53792,16,2,3,17,6,3,0,1,1,1,2,36,2,2,0.0,0.0,0.0,0.0,0.0,3.0,18,3,4
67121,16,2,3,10,8,3,0,1,1,1,1,19,2,2,0.0,0.0,0.0,0.0,0.0,2.0,14,4,5
74271,15,2,1,0,8,3,5,5,0,1,2,5,3,3,1.0,0.0,0.0,1.0,0.0,2.0,0,1,6
60529,16,7,3,0,8,3,6,1,1,1,1,6,2,2,0.0,0.0,0.0,0.0,0.0,2.0,6,3,5
93341,15,2,3,15,8,3,6,1,1,1,2,19,2,2,0.0,0.0,0.0,0.0,0.0,2.0,16,3,7
42380,15,2,3,17,8,3,0,5,1,1,1,18,2,2,0.0,0.0,0.0,0.0,0.0,2.0,17,2,4
7296,16,10,1,10,8,3,4,1,1,1,2,36,2,2,0.0,0.0,0.0,0.0,0.0,2.0,8,6,1
105072,16,2,3,15,2,3,0,1,1,1,2,12,2,2,0.0,0.0,0.0,0.0,0.0,2.0,12,4,8
2001,16,2,1,10,2,3,0,1,1,1,2,19,2,2,0.0,0.0,0.0,0.0,0.0,2.0,17,6,1
167959,16,2,3,10,6,3,0,1,1,1,2,19,2,2,0.0,0.0,0.0,0.0,0.0,3.0,16,3,11
172037,16,2,3,0,11,3,0,1,1,1,2,18,3,2,0.0,0.0,0.0,0.0,0.0,5.0,6,5,11
147305,16,2,1,17,19,3,0,1,0,1,2,18,2,4,1.0,0.0,0.0,0.0,1.0,2.0,5,3,10
2281,16,3,3,9,6,3,6,5,0,0,2,6,2,3,1.0,0.0,0.0,1.0,0.0,1.0,8,5,1
22827,16,10,0,10,6,3,4,1,0,1,2,36,2,2,0.0,0.0,0.0,0.0,0.0,5.0,17,5,2
147300,16,2,3,17,6,3,0,1,0,1,2,18,2,3,1.0,0.0,0.0,1.0,0.0,1.0,16,3,10
11662,16,7,3,10,8,3,6,1,1,1,1,19,2,2,0.0,0.0,0.0,0.0,0.0,2.0,10,6,1
155852,17,9,1,9,2,3,6,1,1,1,0,39,2,2,0.0,0.0,0.0,0.0,0.0,2.0,1,6,11
29601,4,2,3,15,2,3,0,3,0,1,2,36,2,4,4.0,0.0,0.0,0.0,4.0,1.0,7,6,3
67064,16,2,3,10,8,3,0,1,1,1,0,19,2,2,0.0,0.0,0.0,0.0,0.0,2.0,11,2,5
181153,15,7,3,17,8,3,6,1,1,1,2,24,2,2,0.0,0.0,0.0,0.0,0.0,2.0,13,7,12
178420,16,2,3,17,2,3,0,1,1,1,2,36,2,2,0.0,0.0,0.0,0.0,0.0,2.0,8,4,12
182914,16,11,5,0,6,3,5,5,1,1,2,36,2,2,0.0,0.0,0.0,0.0,0.0,2.0,19,3,12
17214,15,2,3,0,15,3,0,1,1,1,2,5,2,2,0.0,0.0,0.0,0.0,0.0,2.0,9,7,2
62714,16,2,3,17,15,3,0,1,0,1,2,38,2,4,1.0,0.0,0.0,0.0,1.0,1.0,16,3,5
167269,16,2,4,17,8,3,0,1,0,1,2,18,2,2,0.0,0.0,0.0,0.0,0.0,3.0,16,7,11
102464,16,2,3,2,2,3,0,2,1,1,2,33,1,2,0.0,0.0,0.0,0.0,0.0,1.0,12,1,7
131614,16,2,3,17,8,3,0,1,1,1,2,23,2,2,0.0,0.0,0.0,0.0,0.0,3.0,15,3,9
185461,15,2,3,0,8,3,0,1,1,1,2,18,2,2,0.0,0.0,0.0,0.0,0.0,2.0,11,5,12
127163,17,11,3,10,8,3,0,5,1,1,1,26,2,2,0.0,0.0,0.0,0.0,0.0,3.0,14,3,9
13560,15,2,3,0,6,3,0,1,1,1,2,6,2,2,0.0,0.0,0.0,0.0,0.0,2.0,9,5,1
86442,15,2,3,17,6,3,0,1,0,1,2,22,2,2,0.0,0.0,0.0,0.0,0.0,5.0,17,1,6
154159,15,7,1,0,8,3,6,5,0,1,2,5,2,2,0.0,0.0,0.0,0.0,0.0,4.0,4,6,10
117574,16,2,1,0,3,3,0,1,0,1,2,6,2,3,1.0,0.0,0.0,1.0,0.0,1.0,21,6,8
102715,16,2,3,7,8,3,0,1,0,0,2,36,2,2,0.0,0.0,0.0,0.0,0.0,1.0,19,6,7
127760,16,2,3,10,8,3,0,1,1,0,2,36,2,2,0.0,0.0,0.0,0.0,0.0,2.0,10,4,9
102557,16,7,4,17,8,3,6,1,0,1,2,22,2,2,0.0,0.0,0.0,0.0,0.0,2.0,19,4,7
41129,16,7,1,9,8,3,6,1,0,1,2,39,2,3,1.0,0.0,0.0,1.0,0.0,1.0,23,6,3
81533,15,2,3,17,2,3,0,1,0,0,2,36,2,3,1.0,0.0,0.0,1.0,0.0,3.0,13,3,6
116717,15,2,3,0,10,3,0,1,1,1,1,5,2,2,0.0,0.0,0.0,0.0,0.0,2.0,7,6,8
36059,15,2,3,0,8,3,0,1,1,1,2,36,2,2,0.0,0.0,0.0,0.0,0.0,2.0,12,4,3
102091,16,2,3,0,8,3,0,1,1,1,2,6,2,2,0.0,0.0,0.0,0.0,0.0,3.0,16,4,7
65004,16,2,1,0,6,3,0,1,0,1,2,30,2,2,0.0,0.0,0.0,0.0,0.0,2.0,3,7,5
81613,15,2,3,17,2,3,0,5,0,1,2,18,2,2,0.0,0.0,0.0,0.0,0.0,2.0,15,4,6
51026,15,3,3,0,8,3,0,1,1,1,2,18,2,2,0.0,0.0,0.0,0.0,0.0,2.0,17,4,4
182878,17,2,3,10,6,3,5,5,1,1,2,19,2,2,0.0,0.0,0.0,0.0,0.0,3.0,12,2,12
170403,16,2,1,17,10,3,0,1,1,1,2,32,2,2,0.0,0.0,0.0,0.0,0.0,2.0,18,7,11
134970,16,2,3,10,3,3,0,1,0,1,2,17,2,2,0.0,0.0,0.0,0.0,0.0,2.0,6,5,9
37096,16,2,3,0,6,3,0,1,1,1,2,6,2,2,0.0,0.0,0.0,0.0,0.0,3.0,16,3,3
143906,16,2,3,10,2,3,0,1,1,1,2,36,2,2,0.0,0.0,0.0,0.0,0.0,2.0,8,4,10
118570,16,2,3,0,18,4,0,1,0,1,2,18,2,2,0.0,0.0,0.0,0.0,0.0,8.0,18,7,8
68266,16,2,3,17,8,3,0,1,0,1,2,18,2,2,0.0,0.0,0.0,0.0,0.0,6.0,16,7,5
24772,6,2,3,2,6,3,0,5,1,1,2,36,1,2,0.0,0.0,0.0,0.0,0.0,1.0,17,4,2
119886,16,2,3,17,6,3,0,1,1,1,2,24,2,2,0.0,0.0,0.0,0.0,0.0,2.0,16,6,8
140913,16,2,1,10,6,3,0,1,0,1,2,36,2,2,0.0,0.0,0.0,0.0,0.0,2.0,19,6,10
120756,16,7,1,17,1,3,6,1,1,0,2,23,2,2,0.0,0.0,0.0,0.0,0.0,2.0,20,3,9
81029,16,2,1,2,3,2,0,5,0,1,2,37,1,1,1.0,0.0,1.0,0.0,0.0,0.0,0,2,6
184586,15,7,1,0,6,3,6,1,1,1,2,18,2,2,0.0,0.0,0.0,0.0,0.0,2.0,16,6,12
179144,16,2,3,10,2,3,0,1,1,1,2,17,2,2,0.0,0.0,0.0,0.0,0.0,7.0,13,1,12
100767,4,2,3,15,8,3,0,1,1,0,2,36,2,2,0.0,0.0,0.0,0.0,0.0,2.0,18,4,7
14963,10,3,3,9,15,3,0,1,0,1,2,18,2,3,1.0,0.0,0.0,1.0,0.0,1.0,14,3,1
87587,16,2,3,15,3,3,0,5,1,1,2,36,2,2,0.0,0.0,0.0,0.0,0.0,2.0,14,5,6
166355,16,2,4,17,6,3,0,1,0,1,2,24,2,2,0.0,0.0,0.0,0.0,0.0,2.0,16,1,11
44449,4,2,3,17,6,3,0,1,1,1,1,36,2,2,0.0,0.0,0.0,0.0,0.0,2.0,17,6,4
67610,4,2,3,17,2,3,0,1,1,0,2,24,2,2,0.0,0.0,0.0,0.0,0.0,2.0,19,3,5
64608,15,3,3,0,2,3,0,1,0,1,2,36,2,3,2.0,0.0,0.0,2.0,0.0,0.0,14,6,5
132840,15,2,1,0,2,3,0,1,1,1,1,5,2,2,0.0,0.0,0.0,0.0,0.0,2.0,20,5,9
13511,16,2,2,5,8,3,0,1,1,1,2,24,1,2,0.0,0.0,0.0,0.0,0.0,1.0,12,3,1
94789,16,2,3,10,8,3,0,1,0,1,2,21,2,4,1.0,0.0,0.0,0.0,1.0,2.0,18,4,7
91366,16,7,3,17,15,3,6,1,1,1,2,12,2,2,0.0,0.0,0.0,0.0,0.0,6.0,17,1,7
79600,15,11,5,10,8,3,0,1,1,1,0,36,2,2,0.0,0.0,0.0,0.0,0.0,2.0,12,2,6
71282,3,2,3,17,2,3,0,1,0,1,2,23,2,2,0.0,0.0,0.0,0.0,0.0,3.0,8,5,5
188182,16,2,4,17,8,3,0,1,1,1,2,19,2,2,0.0,0.0,0.0,0.0,0.0,2.0,16,1,12
59686,16,2,3,17,2,3,0,5,0,1,2,6,2,3,2.0,0.0,0.0,2.0,0.0,2.0,15,6,5
176304,16,2,1,10,6,3,0,1,1,1,2,19,2,2,0.0,0.0,0.0,0.0,0.0,2.0,16,5,12
26334,16,10,3,10,8,3,4,1,1,1,1,36,2,2,0.0,0.0,0.0,0.0,0.0,2.0,16,3,2
169197,15,2,3,0,2,3,0,1,1,1,2,5,2,2,0.0,0.0,0.0,0.0,0.0,2.0,11,7,11
8526,15,3,1,7,6,3,1,1,1,1,2,36,4,2,0.0,0.0,0.0,0.0,0.0,2.0,20,4,1
98563,16,2,3,17,3,3,0,5,0,1,2,26,2,3,1.0,0.0,0.0,1.0,0.0,4.0,11,5,7
125063,15,2,1,2,8,3,0,1,0,1,2,17,1,3,1.0,0.0,0.0,1.0,0.0,2.0,0,1,9
90995,16,2,3,17,2,3,0,1,0,1,2,18,2,4,1.0,0.0,0.0,0.0,1.0,1.0,11,7,7
37931,16,2,3,0,6,3,0,1,0,1,2,6,2,4,1.0,0.0,0.0,0.0,1.0,1.0,12,3,3
25839,15,8,3,0,8,3,0,1,0,1,2,18,4,2,0.0,0.0,0.0,0.0,0.0,3.0,15,1,2
91598,16,2,3,17,6,3,0,1,1,1,0,26,2,2,0.0,0.0,0.0,0.0,0.0,4.0,13,4,7
154786,16,2,3,17,6,3,0,1,1,1,2,24,2,2,0.0,0.0,0.0,0.0,0.0,4.0,15,7,10
108450,15,2,1,10,3,3,0,1,1,1,2,19,3,2,0.0,0.0,0.0,0.0,0.0,3.0,21,1,8
81239,16,2,1,11,3,4,0,1,1,1,1,21,2,2,0.0,0.0,0.0,0.0,0.0,4.0,22,6,6
89750,16,2,1,9,6,3,0,1,0,1,0,18,2,4,1.0,0.0,0.0,0.0,1.0,1.0,19,3,7
21520,16,11,5,17,6,3,5,5,1,1,2,36,2,2,0.0,0.0,0.0,0.0,0.0,2.0,7,3,2
146517,15,2,3,0,2,3,0,1,1,1,2,36,2,2,0.0,0.0,0.0,0.0,0.0,3.0,12,3,10
159321,16,2,3,17,10,3,0,1,1,1,2,24,2,2,0.0,0.0,0.0,0.0,0.0,3.0,14,5,11
72044,16,2,3,17,8,3,0,5,0,1,2,18,2,2,0.0,0.0,0.0,0.0,0.0,2.0,16,3,6
162248,17,11,5,13,12,3,5,5,1,1,0,26,2,2,0.0,0.0,0.0,0.0,0.0,2.0,13,7,11
179682,16,2,1,10,6,3,0,1,0,1,2,8,2,2,0.0,0.0,0.0,0.0,0.0,2.0,4,7,12
22800,16,10,3,17,6,3,4,1,1,1,2,39,2,2,0.0,0.0,0.0,0.0,0.0,2.0,15,5,2
188780,16,2,3,17,6,3,6,1,1,1,0,24,2,2,0.0,0.0,0.0,0.0,0.0,3.0,12,3,12
90946,16,2,1,0,11,3,0,1,0,1,2,6,2,3,1.0,0.0,0.0,1.0,0.0,1.0,2,7,7
91081,15,2,1,0,8,3,0,1,1,1,1,36,2,2,0.0,0.0,0.0,0.0,0.0,4.0,0,1,7
37883,4,2,3,15,8,3,0,1,1,1,2,36,2,2,0.0,0.0,0.0,0.0,0.0,2.0,14,3,3
157426,16,2,3,15,10,3,0,5,1,1,2,22,2,2,0.0,0.0,0.0,0.0,0.0,2.0,11,6,11
143806,15,2,3,0,6,3,0,1,1,1,1,5,2,2,0.0,0.0,0.0,0.0,0.0,6.0,7,3,10
52411,16,2,3,10,3,3,0,1,1,1,1,36,2,2,0.0,0.0,0.0,0.0,0.0,2.0,13,1,4
12171,16,10,1,0,2,3,4,1,0,1,2,39,2,2,0.0,0.0,0.0,0.0,0.0,5.0,21,2,1
46768,16,2,3,10,8,3,0,1,1,1,2,19,2,2,0.0,0.0,0.0,0.0,0.0,3.0,9,4,4
20652,16,10,3,15,8,3,4,1,1,1,1,36,2,2,0.0,0.0,0.0,0.0,0.0,2.0,12,3,2
163929,16,3,3,10,3,3,0,1,1,1,2,19,3,2,0.0,0.0,0.0,0.0,0.0,3.0,7,2,11
114853,16,7,3,10,8,3,6,1,1,1,0,36,2,2,0.0,0.0,0.0,0.0,0.0,6.0,15,7,8
47857,15,7,4,0,8,3,6,1,1,1,2,36,2,2,0.0,0.0,0.0,0.0,0.0,2.0,18,4,4
8900,15,2,3,17,15,3,0,1,0,1,2,24,2,3,1.0,0.0,0.0,1.0,0.0,1.0,13,3,1
138617,15,2,1,17,8,3,0,5,1,1,0,22,2,2,0.0,0.0,0.0,0.0,0.0,3.0,18,2,10
15915,16,2,3,17,6,3,0,1,1,1,0,22,2,2,0.0,0.0,0.0,0.0,0.0,3.0,14,6,2
45844,16,2,3,17,3,3,0,1,0,1,2,18,2,3,1.0,0.0,0.0,1.0,0.0,2.0,13,2,4
41593,16,2,3,0,8,3,0,1,0,1,2,6,2,2,0.0,0.0,0.0,0.0,0.0,2.0,7,3,3
169255,16,7,3,10,8,3,6,1,1,1,2,19,3,2,0.0,0.0,0.0,0.0,0.0,3.0,10,1,11
45966,15,2,1,17,8,3,0,1,0,1,2,36,2,3,1.0,0.0,0.0,1.0,0.0,2.0,20,3,4
23646,16,2,3,10,2,3,0,1,1,1,1,19,2,2,0.0,0.0,0.0,0.0,0.0,2.0,12,3,2
77870,15,2,1,0,8,3,0,1,1,0,2,5,2,2,0.0,0.0,0.0,0.0,0.0,2.0,23,6,6
51726,16,2,1,10,2,3,0,1,0,1,2,8,2,4,1.0,0.0,0.0,0.0,1.0,4.0,0,1,4
185400,16,2,3,0,16,3,0,1,0,1,2,19,3,2,0.0,0.0,0.0,0.0,0.0,3.0,11,3,12
72395,4,2,1,17,2,3,0,1,0,1,1,36,2,3,1.0,0.0,0.0,1.0,0.0,1.0,20,7,6
89530,16,2,3,0,6,3,0,1,1,1,2,6,2,2,0.0,0.0,0.0,0.0,0.0,3.0,12,5,7
134342,15,2,1,0,6,3,0,1,1,1,2,18,2,2,0.0,0.0,0.0,0.0,0.0,2.0,20,4,9
67978,15,2,3,0,6,3,0,1,0,1,2,38,2,3,2.0,0.0,0.0,2.0,0.0,0.0,17,4,5
17367,16,2,3,10,2,3,0,1,1,1,2,23,2,2,0.0,0.0,0.0,0.0,0.0,2.0,12,2,2
76643,16,11,5,15,10,3,5,5,1,1,2,36,2,2,0.0,0.0,0.0,0.0,0.0,2.0,18,1,6
23300,4,2,3,0,8,3,0,1,1,1,2,36,2,2,0.0,0.0,0.0,0.0,0.0,2.0,15,6,2
13152,16,2,3,17,11,3,0,5,1,1,0,36,2,2,0.0,0.0,0.0,0.0,0.0,2.0,15,5,1