crash_date,               traffic_control_device,weather_condition,lighting_condition,first_crash_type,trafficway_type,alignment,roadway_surface_cond,road_defect,crash_type,intersection_related_i,damage,prim_contributory_cause,num_units,most_severe_injury,injuries_total,injuries_fatal,injuries_incapacitating,injuries_non_incapacitating,injuries_reported_not_evident,injuries_no_indication,crash_hour,crash_day_of_week,crash_month
20183,16,2,3,10,8,3,0,1,1,0,1,19,3,2,0.0,0.0,0.0,0.0,0.0,3.0,8,2,2
64878,4,2,3,0,8,3,6,1,0,1,2,18,2,3,1.0,0.0,0.0,1.0,0.0,4.0,18,4,5
150944,16,2,3,10,2,3,6,1,0,1,2,19,2,2,0.0,0.0,0.0,0.0,0.0,4.0,12,7,10
126109,16,2,3,10,8,3,0,1,1,1,1,19,2,2,0.0,0.0,0.0,0.0,0.0,2.0,13,3,9
16315,16,2,3,9,6,3,0,1,0,1,0,24,2,3,1.0,0.0,0.0,1.0,0.0,1.0,8,6,2
126567,17,11,5,12,17,3,5,5,1,1,1,19,2,2,0.0,0.0,0.0,0.0,0.0,3.0,21,4,9
155137,16,2,3,17,10,3,0,1,0,1,2,24,2,4,1.0,0.0,0.0,0.0,1.0,5.0,16,3,10
112831,16,2,3,0,6,3,0,1,0,1,2,23,2,1,1.0,0.0,1.0,0.0,0.0,2.0,18,4,8
77488,16,2,3,0,8,3,0,5,0,1,2,6,2,2,0.0,0.0,0.0,0.0,0.0,2.0,18,1,6
108819,15,2,3,0,8,3,0,1,0,1,2,5,2,2,0.0,0.0,0.0,0.0,0.0,7.0,18,6,8
107242,16,7,3,3,8,3,6,1,0,1,2,18,2,3,1.0,0.0,0.0,1.0,0.0,2.0,13,3,8
102576,16,2,3,10,2,3,0,1,0,1,2,10,2,4,1.0,0.0,0.0,0.0,1.0,2.0,10,4,7
129302,16,2,2,17,6,3,0,1,1,1,2,18,2,2,0.0,0.0,0.0,0.0,0.0,2.0,5,6,9
66357,16,2,3,0,8,4,0,5,0,1,2,36,2,2,0.0,0.0,0.0,0.0,0.0,2.0,12,6,5
61895,15,2,3,0,8,3,0,1,0,1,2,5,3,3,2.0,0.0,0.0,2.0,0.0,1.0,8,5,5
123303,16,2,3,10,8,3,0,1,1,1,2,19,2,2,0.0,0.0,0.0,0.0,0.0,2.0,8,3,9
146038,16,2,3,17,8,3,0,1,1,1,1,18,3,2,0.0,0.0,0.0,0.0,0.0,3.0,12,5,10
163618,16,2,0,15,2,3,0,1,1,1,0,36,2,2,0.0,0.0,0.0,0.0,0.0,2.0,16,4,11
151215,16,2,3,0,6,3,0,1,0,1,2,12,2,4,3.0,0.0,0.0,0.0,3.0,1.0,12,7,10
161066,4,7,1,10,2,3,6,5,1,1,2,19,2,2,0.0,0.0,0.0,0.0,0.0,2.0,18,3,11
60269,15,7,1,17,16,3,6,1,0,1,2,17,2,2,0.0,0.0,0.0,0.0,0.0,2.0,3,1,5
170237,4,2,3,0,11,3,1,1,1,1,2,39,2,2,0.0,0.0,0.0,0.0,0.0,2.0,7,3,11
123920,4,2,4,17,3,3,6,1,0,1,2,18,2,2,0.0,0.0,0.0,0.0,0.0,2.0,18,6,9
15230,16,2,1,0,2,3,6,1,1,1,0,18,2,2,0.0,0.0,0.0,0.0,0.0,2.0,0,6,2
55385,15,2,1,0,15,3,0,1,0,1,2,17,2,2,0.0,0.0,0.0,0.0,0.0,2.0,2,7,4
60542,4,7,3,9,8,3,6,1,0,0,2,36,2,3,1.0,0.0,0.0,1.0,0.0,1.0,14,4,5
131463,16,2,3,17,17,3,0,5,1,1,1,6,2,2,0.0,0.0,0.0,0.0,0.0,2.0,9,6,9
77914,15,2,3,0,6,3,0,1,0,1,2,12,2,3,1.0,0.0,0.0,1.0,0.0,2.0,18,7,6
170070,16,2,1,17,6,3,0,1,1,1,2,24,2,2,0.0,0.0,0.0,0.0,0.0,2.0,18,3,11
136186,16,7,3,10,8,3,6,1,1,1,2,36,2,2,0.0,0.0,0.0,0.0,0.0,2.0,8,2,9
28351,15,3,3,17,8,3,6,1,1,1,1,36,2,2,0.0,0.0,0.0,0.0,0.0,2.0,10,5,3
161652,4,7,3,17,10,3,6,1,1,1,1,36,2,2,0.0,0.0,0.0,0.0,0.0,2.0,11,5,11
43466,16,2,3,15,19,3,0,1,0,1,2,22,2,2,0.0,0.0,0.0,0.0,0.0,3.0,20,1,4
148730,16,2,1,17,8,3,0,1,0,1,2,6,2,3,1.0,0.0,0.0,1.0,0.0,2.0,3,7,10
187513,16,10,3,10,2,3,4,1,1,1,2,39,2,2,0.0,0.0,0.0,0.0,0.0,2.0,13,3,12
51561,15,11,3,0,8,3,5,5,1,1,2,36,2,2,0.0,0.0,0.0,0.0,0.0,2.0,9,6,4
166150,16,7,3,0,6,3,6,1,0,1,2,6,3,3,2.0,0.0,0.0,1.0,1.0,2.0,11,3,11
186391,15,3,3,7,15,3,6,1,1,1,2,36,2,2,0.0,0.0,0.0,0.0,0.0,1.0,8,3,12
7512,16,2,1,9,6,3,0,1,0,1,0,36,2,4,1.0,0.0,0.0,0.0,1.0,1.0,17,4,1
171625,16,2,1,15,10,3,0,5,1,1,2,18,2,2,0.0,0.0,0.0,0.0,0.0,3.0,16,5,11
167074,15,2,1,0,10,3,0,1,1,1,2,18,2,2,0.0,0.0,0.0,0.0,0.0,2.0,18,3,11
133982,16,7,1,0,6,3,6,1,0,1,2,28,4,2,0.0,0.0,0.0,0.0,0.0,3.0,22,7,9
164290,16,3,3,8,2,3,0,1,1,0,2,6,2,2,0.0,0.0,0.0,0.0,0.0,2.0,14,6,11
124537,16,2,3,17,6,3,0,5,0,1,2,36,2,2,0.0,0.0,0.0,0.0,0.0,7.0,7,1,9
13568,16,10,3,10,8,3,6,1,0,1,2,17,3,3,1.0,0.0,0.0,1.0,0.0,2.0,11,5,1
47330,15,2,3,10,8,3,0,1,0,1,2,36,2,4,2.0,0.0,0.0,0.0,2.0,2.0,17,2,4
25827,16,2,3,0,2,3,0,1,1,1,2,24,2,2,0.0,0.0,0.0,0.0,0.0,2.0,13,1,2
37117,4,2,3,3,2,3,0,1,0,1,1,18,2,2,0.0,0.0,0.0,0.0,0.0,2.0,8,3,3
147242,15,3,3,0,8,3,0,1,0,1,2,5,2,1,1.0,0.0,1.0,0.0,0.0,1.0,16,2,10
6143,16,2,3,17,2,3,0,1,1,1,2,18,2,2,0.0,0.0,0.0,0.0,0.0,2.0,16,2,1
154833,16,2,1,9,10,3,0,5,0,1,2,36,2,3,1.0,0.0,0.0,1.0,0.0,4.0,23,7,10
54557,16,2,3,15,8,3,0,1,1,1,1,22,2,2,0.0,0.0,0.0,0.0,0.0,2.0,15,6,4
82045,16,2,3,15,3,3,0,1,1,1,1,12,2,2,0.0,0.0,0.0,0.0,0.0,2.0,15,2,6
184511,16,10,3,17,8,3,4,1,0,1,1,18,2,2,0.0,0.0,0.0,0.0,0.0,2.0,15,5,12
99970,15,2,3,0,8,3,0,1,0,1,2,5,3,1,3.0,0.0,2.0,0.0,1.0,0.0,13,7,7
155696,15,2,3,15,2,3,0,1,1,1,1,23,2,2,0.0,0.0,0.0,0.0,0.0,2.0,6,3,11
178022,16,2,3,9,6,3,0,1,0,1,0,18,2,3,1.0,0.0,0.0,1.0,0.0,1.0,15,7,12
102865,16,2,3,15,8,3,0,1,1,1,0,23,2,2,0.0,0.0,0.0,0.0,0.0,2.0,13,7,7
80552,16,3,3,17,6,3,0,1,1,1,2,18,2,2,0.0,0.0,0.0,0.0,0.0,2.0,7,2,6
152025,15,7,3,13,8,3,6,1,1,1,1,39,2,2,0.0,0.0,0.0,0.0,0.0,2.0,8,4,10
178803,4,2,1,17,6,3,0,1,0,1,2,23,2,2,0.0,0.0,0.0,0.0,0.0,2.0,17,5,12
186009,16,2,0,17,6,3,0,5,0,1,2,18,2,3,2.0,0.0,0.0,2.0,0.0,1.0,18,4,12
145107,15,6,3,17,15,3,6,1,1,1,2,36,2,2,0.0,0.0,0.0,0.0,0.0,2.0,10,6,10
32695,16,2,3,10,2,3,0,1,1,1,2,36,3,2,0.0,0.0,0.0,0.0,0.0,3.0,8,4,3
100210,16,2,3,17,1,3,0,1,0,1,2,6,2,2,0.0,0.0,0.0,0.0,0.0,2.0,5,2,7
109457,16,2,3,0,8,3,0,1,0,1,2,36,2,2,0.0,0.0,0.0,0.0,0.0,2.0,14,3,8
143176,16,2,3,10,2,3,0,1,0,1,2,36,3,2,0.0,0.0,0.0,0.0,0.0,3.0,9,2,10
178175,16,2,3,17,6,3,0,1,1,1,2,24,2,2,0.0,0.0,0.0,0.0,0.0,2.0,9,2,12
46405,15,2,3,0,8,3,0,1,1,1,1,18,2,2,0.0,0.0,0.0,0.0,0.0,2.0,7,4,4
88275,16,2,3,15,6,3,0,1,1,1,2,23,2,2,0.0,0.0,0.0,0.0,0.0,2.0,12,2,7
154016,16,2,3,17,10,3,0,1,1,1,2,22,2,2,0.0,0.0,0.0,0.0,0.0,2.0,10,2,10
58693,16,2,3,17,3,4,0,1,1,1,1,26,2,2,0.0,0.0,0.0,0.0,0.0,5.0,15,5,5
140901,15,2,3,0,6,3,5,5,0,1,2,36,2,2,0.0,0.0,0.0,0.0,0.0,2.0,17,6,10
141716,16,2,3,17,8,3,0,1,1,1,0,18,2,2,0.0,0.0,0.0,0.0,0.0,6.0,11,1,10
132343,15,3,3,17,6,3,0,1,1,1,1,36,2,2,0.0,0.0,0.0,0.0,0.0,2.0,12,5,9
169653,16,2,3,0,2,3,0,1,0,1,2,18,2,2,0.0,0.0,0.0,0.0,0.0,2.0,7,1,11
87869,16,2,1,10,8,3,0,1,1,1,1,17,2,2,0.0,0.0,0.0,0.0,0.0,3.0,21,1,7
57496,15,3,3,0,8,3,6,1,1,1,0,18,2,2,0.0,0.0,0.0,0.0,0.0,3.0,11,5,5
72514,15,2,3,17,8,3,0,1,1,1,1,18,2,2,0.0,0.0,0.0,0.0,0.0,3.0,20,3,6
88863,15,2,3,0,8,3,0,1,1,1,2,36,2,2,0.0,0.0,0.0,0.0,0.0,2.0,15,3,7
2586,16,2,3,0,6,3,0,1,0,1,2,6,2,2,0.0,0.0,0.0,0.0,0.0,2.0,8,2,1
18994,15,2,1,10,8,3,0,1,1,1,2,36,2,2,0.0,0.0,0.0,0.0,0.0,2.0,20,3,2
65697,16,2,1,0,2,3,0,5,1,1,1,6,2,2,0.0,0.0,0.0,0.0,0.0,3.0,2,2,5
73093,4,2,3,9,10,3,0,1,0,0,0,36,2,3,1.0,0.0,0.0,1.0,0.0,2.0,18,5,6
164380,15,2,0,10,10,3,0,1,1,0,1,21,2,2,0.0,0.0,0.0,0.0,0.0,2.0,18,7,11
172851,16,7,0,10,8,3,6,1,1,1,2,19,2,2,0.0,0.0,0.0,0.0,0.0,3.0,6,1,12
188338,15,2,2,0,6,3,6,1,1,1,2,36,2,2,0.0,0.0,0.0,0.0,0.0,2.0,17,5,12
175436,12,2,1,0,2,3,0,1,0,1,2,6,2,2,0.0,0.0,0.0,0.0,0.0,2.0,0,2,12
58021,16,2,3,0,2,3,0,1,0,1,2,6,2,4,1.0,0.0,0.0,0.0,1.0,1.0,18,7,5
116124,16,2,1,10,6,3,0,1,1,1,2,17,2,2,0.0,0.0,0.0,0.0,0.0,3.0,22,6,8
33755,15,2,3,17,8,3,0,1,1,1,2,36,2,2,0.0,0.0,0.0,0.0,0.0,2.0,15,3,3
56522,16,7,3,17,10,3,6,1,0,1,2,20,2,2,0.0,0.0,0.0,0.0,0.0,2.0,11,3,5
156887,16,2,3,10,8,3,0,1,1,1,1,36,2,2,0.0,0.0,0.0,0.0,0.0,4.0,13,5,11
4634,16,2,3,10,8,3,0,5,1,1,1,19,2,2,0.0,0.0,0.0,0.0,0.0,5.0,15,1,1
98510,16,2,3,10,15,3,0,1,1,1,1,36,2,2,0.0,0.0,0.0,0.0,0.0,4.0,14,5,7
157898,16,2,0,17,6,3,0,1,1,1,2,24,2,2,0.0,0.0,0.0,0.0,0.0,2.0,18,7,11
120996,15,2,1,0,6,3,0,1,0,1,1,18,2,3,1.0,0.0,0.0,1.0,0.0,1.0,22,6,9
85257,16,2,3,0,11,3,0,5,0,1,1,36,3,2,0.0,0.0,0.0,0.0,0.0,6.0,18,3,6
114297,16,2,3,15,8,3,0,1,0,1,2,26,2,3,1.0,0.0,0.0,1.0,0.0,2.0,15,6,8
45433,17,2,4,10,8,3,0,5,1,1,2,19,2,2,0.0,0.0,0.0,0.0,0.0,2.0,22,1,4
106447,4,2,3,17,8,3,0,1,1,1,0,26,2,2,0.0,0.0,0.0,0.0,0.0,2.0,9,5,8
114087,16,7,3,17,10,3,6,1,1,1,2,18,2,2,0.0,0.0,0.0,0.0,0.0,3.0,13,2,8
17393,16,2,1,9,8,3,6,1,0,1,1,36,2,3,1.0,0.0,0.0,1.0,0.0,1.0,6,3,2
167169,15,2,3,17,8,3,0,1,1,0,2,24,2,2,0.0,0.0,0.0,0.0,0.0,3.0,11,4,11
118030,15,2,3,15,6,4,0,1,1,1,1,17,2,2,0.0,0.0,0.0,0.0,0.0,2.0,11,6,8
103374,15,2,3,17,6,3,0,1,1,1,2,36,2,2,0.0,0.0,0.0,0.0,0.0,2.0,19,3,7
108446,16,2,1,11,10,3,0,1,1,1,2,36,2,2,0.0,0.0,0.0,0.0,0.0,3.0,20,1,8
12268,16,10,1,10,2,3,4,1,1,1,2,19,2,2,0.0,0.0,0.0,0.0,0.0,2.0,17,4,1
137102,15,2,0,0,8,3,0,1,1,1,1,18,2,2,0.0,0.0,0.0,0.0,0.0,3.0,19,7,9
130639,15,2,1,14,6,3,0,1,0,1,2,9,2,2,0.0,0.0,0.0,0.0,0.0,2.0,23,4,9
49308,15,2,3,15,10,3,6,5,1,1,2,36,2,2,0.0,0.0,0.0,0.0,0.0,9.0,16,1,4
152531,4,2,3,17,15,3,0,5,0,1,2,19,2,4,1.0,0.0,0.0,0.0,1.0,2.0,17,3,10
64542,16,11,1,15,6,3,5,5,1,1,1,23,2,2,0.0,0.0,0.0,0.0,0.0,2.0,0,6,5
55891,16,2,1,0,2,3,0,1,0,1,2,6,2,3,1.0,0.0,0.0,1.0,0.0,1.0,2,1,4
148725,16,2,3,0,8,3,0,1,0,1,2,6,2,2,0.0,0.0,0.0,0.0,0.0,2.0,14,7,10
29190,16,2,3,15,2,3,0,1,0,1,2,6,2,2,0.0,0.0,0.0,0.0,0.0,2.0,12,6,3
188911,16,2,3,17,10,3,0,1,1,1,2,24,2,2,0.0,0.0,0.0,0.0,0.0,2.0,13,7,12
7351,4,10,0,17,8,3,4,1,1,1,2,36,2,2,0.0,0.0,0.0,0.0,0.0,2.0,17,7,1
53196,16,2,1,10,10,3,0,1,0,1,2,36,2,2,0.0,0.0,0.0,0.0,0.0,3.0,3,1,4
21607,15,2,1,7,6,3,0,1,1,1,2,36,2,2,0.0,0.0,0.0,0.0,0.0,1.0,22,4,2
64709,16,7,3,15,6,3,6,5,1,1,2,36,2,2,0.0,0.0,0.0,0.0,0.0,2.0,16,7,5
90259,16,2,3,8,6,3,0,1,1,1,0,6,2,2,0.0,0.0,0.0,0.0,0.0,2.0,17,4,7
155810,16,2,3,10,8,3,0,1,1,1,2,19,2,2,0.0,0.0,0.0,0.0,0.0,3.0,17,5,11
160798,16,2,1,10,3,3,5,5,1,1,1,36,2,2,0.0,0.0,0.0,0.0,0.0,2.0,18,3,11
32237,4,2,1,3,3,3,0,1,0,0,2,13,2,3,1.0,0.0,0.0,1.0,0.0,2.0,5,4,3
1551,4,2,3,0,10,3,0,1,0,1,2,36,2,3,1.0,0.0,0.0,1.0,0.0,4.0,11,5,1
146738,4,2,1,17,2,3,0,1,0,1,2,18,2,2,0.0,0.0,0.0,0.0,0.0,5.0,22,1,10
80474,16,2,3,15,8,3,0,1,1,1,1,23,2,2,0.0,0.0,0.0,0.0,0.0,3.0,15,1,6
115604,16,2,1,10,8,3,0,1,1,1,2,19,2,2,0.0,0.0,0.0,0.0,0.0,2.0,23,3,8
12536,16,2,3,2,8,5,1,1,1,1,2,12,1,2,0.0,0.0,0.0,0.0,0.0,1.0,11,7,1
182973,4,10,1,17,15,3,6,1,0,1,1,18,2,2,0.0,0.0,0.0,0.0,0.0,8.0,18,5,12
136584,4,2,3,9,2,3,0,5,0,0,1,18,2,3,1.0,0.0,0.0,1.0,0.0,1.0,12,6,9
52390,16,2,1,15,8,3,0,1,1,1,2,23,2,2,0.0,0.0,0.0,0.0,0.0,3.0,22,7,4
156339,15,7,3,0,2,3,6,1,1,1,1,18,2,2,0.0,0.0,0.0,0.0,0.0,6.0,16,5,11
28145,16,2,1,0,6,3,0,1,1,1,2,6,2,2,0.0,0.0,0.0,0.0,0.0,3.0,21,7,2
1045,15,2,1,10,10,3,0,1,1,1,0,19,2,2,0.0,0.0,0.0,0.0,0.0,3.0,19,4,1
29410,16,2,3,15,2,3,0,5,1,1,2,23,2,2,0.0,0.0,0.0,0.0,0.0,2.0,12,4,3
119137,16,2,3,15,2,3,0,1,1,1,2,23,2,2,0.0,0.0,0.0,0.0,0.0,2.0,15,1,8
181523,4,3,3,17,8,3,0,1,0,1,2,18,3,3,1.0,0.0,0.0,1.0,0.0,2.0,14,5,12
182996,16,2,3,17,8,3,0,1,0,1,1,6,2,3,3.0,0.0,0.0,2.0,1.0,0.0,8,5,12
83603,16,2,3,10,8,3,0,1,0,1,2,36,2,3,1.0,0.0,0.0,1.0,0.0,1.0,17,7,6
94142,15,2,3,15,8,3,0,5,1,1,0,23,2,2,0.0,0.0,0.0,0.0,0.0,2.0,17,7,7
68315,16,2,1,0,6,3,0,1,0,1,2,2,2,4,1.0,0.0,0.0,0.0,1.0,1.0,2,2,5
141998,15,7,3,10,6,3,6,1,1,1,2,19,2,2,0.0,0.0,0.0,0.0,0.0,2.0,12,6,10
91505,16,2,3,17,8,3,0,1,1,1,1,24,2,2,0.0,0.0,0.0,0.0,0.0,2.0,19,1,7
38049,16,2,3,17,8,3,0,1,1,1,0,23,2,2,0.0,0.0,0.0,0.0,0.0,2.0,16,5,3
148975,4,2,3,17,2,3,0,1,0,1,2,17,2,2,0.0,0.0,0.0,0.0,0.0,7.0,16,5,10
154142,15,7,3,0,8,3,6,1,0,1,2,18,2,2,0.0,0.0,0.0,0.0,0.0,2.0,13,6,10
183009,16,2,3,8,6,3,0,1,1,1,2,36,2,2,0.0,0.0,0.0,0.0,0.0,2.0,11,5,12
71134,15,2,3,7,8,3,0,1,1,1,1,35,2,2,0.0,0.0,0.0,0.0,0.0,1.0,10,5,5
154195,16,7,1,9,10,3,6,1,0,1,1,18,2,1,1.0,0.0,1.0,0.0,0.0,1.0,20,6,10
91165,16,2,3,17,6,3,0,1,1,1,2,36,2,2,0.0,0.0,0.0,0.0,0.0,2.0,14,4,7
155968,15,2,3,0,6,3,0,1,0,1,2,5,2,2,0.0,0.0,0.0,0.0,0.0,2.0,15,1,11
169195,16,2,1,17,3,3,0,1,0,1,2,28,2,2,0.0,0.0,0.0,0.0,0.0,2.0,22,7,11
53437,16,2,3,17,6,3,0,1,1,1,2,18,2,2,0.0,0.0,0.0,0.0,0.0,2.0,12,5,4
6859,16,2,1,10,8,3,5,6,0,0,2,12,2,2,0.0,0.0,0.0,0.0,0.0,2.0,2,7,1
83267,16,2,3,5,10,3,0,1,0,1,1,3,1,3,2.0,0.0,0.0,2.0,0.0,0.0,13,7,6
54334,15,2,3,5,7,3,0,1,0,1,2,26,1,2,0.0,0.0,0.0,0.0,0.0,2.0,15,4,4
97641,16,2,4,0,11,3,0,1,1,1,2,18,2,2,0.0,0.0,0.0,0.0,0.0,2.0,19,4,7
167746,4,2,3,10,8,3,0,1,1,1,2,36,2,2,0.0,0.0,0.0,0.0,0.0,2.0,15,6,11
156969,16,2,1,17,2,3,0,1,0,1,2,12,2,1,4.0,0.0,4.0,0.0,0.0,2.0,23,6,11
40451,16,2,1,0,6,3,0,1,0,1,2,36,2,3,1.0,0.0,0.0,1.0,0.0,1.0,22,1,3
24179,15,2,1,17,15,3,0,1,0,1,1,5,2,2,0.0,0.0,0.0,0.0,0.0,2.0,23,5,2
182075,4,2,1,17,6,3,0,1,0,1,2,19,2,3,2.0,0.0,0.0,2.0,0.0,2.0,18,4,12
31938,4,2,3,7,3,3,0,1,0,1,2,8,2,2,0.0,0.0,0.0,0.0,0.0,2.0,13,6,3
39747,16,7,1,17,8,3,6,1,1,1,1,39,2,2,0.0,0.0,0.0,0.0,0.0,2.0,1,1,3
33334,4,2,1,0,15,3,0,1,0,1,2,36,3,2,0.0,0.0,0.0,0.0,0.0,3.0,22,2,3
135996,16,7,4,9,8,3,6,1,0,1,0,6,2,1,1.0,0.0,1.0,0.0,0.0,1.0,16,6,9
162327,16,2,3,10,3,3,0,1,0,1,2,19,2,2,0.0,0.0,0.0,0.0,0.0,2.0,6,1,11
125763,16,2,1,9,6,3,0,1,0,1,2,18,2,3,1.0,0.0,0.0,1.0,0.0,1.0,5,6,9
98567,15,2,1,0,6,3,0,1,1,1,2,5,2,2,0.0,0.0,0.0,0.0,0.0,4.0,23,5,7
103144,15,2,3,0,8,3,0,1,0,1,2,18,2,2,0.0,0.0,0.0,0.0,0.0,2.0,18,6,7
8543,15,2,3,17,8,4,1,1,0,1,2,36,2,3,1.0,0.0,0.0,1.0,0.0,1.0,12,4,1
133659,16,2,1,0,8,3,0,1,0,1,2,15,2,1,2.0,0.0,2.0,0.0,0.0,0.0,3,2,9
159401,16,2,1,17,15,3,0,1,0,1,2,24,2,2,0.0,0.0,0.0,0.0,0.0,2.0,15,7,11
91383,15,7,2,0,6,3,6,1,0,1,2,5,2,2,0.0,0.0,0.0,0.0,0.0,2.0,19,1,7
169502,15,2,3,5,15,3,0,1,1,1,0,8,1,2,0.0,0.0,0.0,0.0,0.0,2.0,13,7,11
138591,16,2,3,10,6,3,0,1,1,1,0,19,2,2,0.0,0.0,0.0,0.0,0.0,2.0,14,2,10
86698,16,2,1,17,9,3,6,1,1,1,2,12,2,2,0.0,0.0,0.0,0.0,0.0,5.0,21,6,6
97065,16,2,3,10,8,3,0,1,0,1,2,36,2,3,3.0,0.0,0.0,3.0,0.0,1.0,19,5,7
33110,16,2,3,15,3,3,0,1,1,1,2,22,2,2,0.0,0.0,0.0,0.0,0.0,2.0,14,5,3
8449,15,2,1,0,6,3,5,5,0,1,2,3,2,3,1.0,0.0,0.0,1.0,0.0,2.0,19,3,1
69170,4,2,3,17,8,3,6,1,1,0,2,18,2,2,0.0,0.0,0.0,0.0,0.0,6.0,16,6,5
175865,15,2,1,17,6,3,0,1,1,1,2,36,2,2,0.0,0.0,0.0,0.0,0.0,2.0,21,5,12
141207,15,2,3,0,2,3,0,1,0,0,2,18,2,1,1.0,0.0,1.0,0.0,0.0,5.0,15,2,10
104348,16,2,3,0,8,3,0,1,0,1,2,36,2,2,0.0,0.0,0.0,0.0,0.0,2.0,18,2,8
151410,16,2,3,17,6,3,0,1,1,1,1,36,2,2,0.0,0.0,0.0,0.0,0.0,2.0,7,3,10
77714,16,2,3,15,1,3,0,1,0,1,2,23,2,2,0.0,0.0,0.0,0.0,0.0,2.0,10,3,6
151933,16,7,1,17,6,3,6,1,0,1,2,18,2,2,0.0,0.0,0.0,0.0,0.0,3.0,19,3,10
172149,15,2,1,17,8,3,0,1,1,1,2,36,2,2,0.0,0.0,0.0,0.0,0.0,2.0,21,3,12
13975,16,2,1,0,6,3,0,5,0,1,2,36,2,3,1.0,0.0,0.0,1.0,0.0,1.0,6,6,1
141211,4,2,3,0,18,3,0,1,1,1,2,18,2,2,0.0,0.0,0.0,0.0,0.0,2.0,15,2,10
157904,16,2,1,17,6,3,0,1,0,1,2,36,2,2,0.0,0.0,0.0,0.0,0.0,2.0,20,7,11
105679,16,2,3,0,8,3,5,5,1,1,2,6,2,2,0.0,0.0,0.0,0.0,0.0,2.0,16,7,8
155547,16,2,3,15,2,3,6,1,1,1,2,23,2,2,0.0,0.0,0.0,0.0,0.0,2.0,16,3,10
63477,17,11,3,15,8,3,5,5,1,1,2,23,2,2,0.0,0.0,0.0,0.0,0.0,2.0,16,2,5
106836,16,2,3,10,8,3,0,1,1,1,2,36,2,2,0.0,0.0,0.0,0.0,0.0,2.0,7,3,8
78282,16,2,3,17,8,3,0,1,1,1,1,18,2,2,0.0,0.0,0.0,0.0,0.0,2.0,10,4,6
144323,4,3,3,0,10,3,0,1,0,0,2,18,2,2,0.0,0.0,0.0,0.0,0.0,2.0,16,3,10
44029,4,2,3,0,8,3,0,2,1,1,2,18,2,2,0.0,0.0,0.0,0.0,0.0,2.0,11,3,4
62570,15,2,3,5,8,3,0,5,0,1,2,24,2,3,1.0,0.0,0.0,1.0,0.0,1.0,8,2,5
167458,15,7,3,17,15,3,6,1,0,1,2,18,2,2,0.0,0.0,0.0,0.0,0.0,2.0,6,3,11
110023,16,2,3,0,3,3,0,1,1,1,2,6,2,2,0.0,0.0,0.0,0.0,0.0,2.0,10,2,8
92104,16,2,3,0,6,3,0,1,0,1,2,18,2,1,2.0,0.0,2.0,0.0,0.0,1.0,16,5,7
132769,16,3,3,17,1,3,0,1,0,1,2,36,2,2,0.0,0.0,0.0,0.0,0.0,3.0,8,4,9
9627,16,2,3,17,8,3,0,1,1,1,1,17,2,2,0.0,0.0,0.0,0.0,0.0,2.0,8,7,1
109462,16,2,3,10,2,3,0,1,1,1,1,19,2,2,0.0,0.0,0.0,0.0,0.0,2.0,15,3,8
8746,15,2,3,0,8,3,0,5,1,1,1,18,2,2,0.0,0.0,0.0,0.0,0.0,3.0,15,6,1
6810,16,2,0,17,3,3,0,1,1,1,2,24,2,2,0.0,0.0,0.0,0.0,0.0,2.0,18,6,1
69374,16,2,3,0,8,3,0,1,0,1,2,22,2,3,2.0,0.0,0.0,2.0,0.0,0.0,12,4,5
31099,4,2,1,17,2,3,0,1,0,1,2,23,2,3,1.0,0.0,0.0,1.0,0.0,3.0,17,5,3
91118,4,2,4,0,15,3,0,1,0,1,2,18,2,3,2.0,0.0,0.0,2.0,0.0,7.0,19,3,7
160539,16,2,3,10,19,3,0,1,0,1,2,36,2,3,2.0,0.0,0.0,1.0,1.0,0.0,12,2,11
142359,16,2,1,17,10,3,0,1,1,1,1,22,2,2,0.0,0.0,0.0,0.0,0.0,3.0,0,3,10
179670,15,2,0,9,15,3,0,1,1,1,0,36,2,2,0.0,0.0,0.0,0.0,0.0,2.0,2,7,12
9170,15,2,3,0,3,3,0,1,0,1,2,18,2,3,1.0,0.0,0.0,1.0,0.0,1.0,13,6,1
335,16,2,3,0,8,3,6,1,0,1,2,18,2,3,1.0,0.0,0.0,1.0,0.0,2.0,8,7,1
44261,16,2,3,7,6,3,0,1,1,0,2,12,2,2,0.0,0.0,0.0,0.0,0.0,1.0,17,1,4
116308,16,2,3,9,8,3,5,5,1,1,0,24,2,2,0.0,0.0,0.0,0.0,0.0,2.0,17,7,8
128329,16,2,3,10,8,3,0,1,1,1,1,12,2,2,0.0,0.0,0.0,0.0,0.0,2.0,16,5,9
151126,16,2,3,15,8,3,0,1,1,1,1,22,2,2,0.0,0.0,0.0,0.0,0.0,2.0,14,5,10
129159,16,2,1,17,8,3,0,1,1,1,1,36,2,2,0.0,0.0,0.0,0.0,0.0,2.0,5,4,9
88597,16,2,3,17,6,3,0,1,0,1,2,18,2,4,1.0,0.0,0.0,0.0,1.0,1.0,13,7,7
133223,16,2,3,11,1,3,0,5,1,1,1,21,2,2,0.0,0.0,0.0,0.0,0.0,4.0,8,2,9
12301,16,10,1,10,6,3,6,1,1,1,0,30,2,2,0.0,0.0,0.0,0.0,0.0,2.0,23,4,1
39994,16,2,3,0,3,3,0,1,1,1,2,18,2,2,0.0,0.0,0.0,0.0,0.0,3.0,17,7,3