crash_date,               traffic_control_device,weather_condition,lighting_condition,first_crash_type,trafficway_type,alignment,roadway_surface_cond,road_defect,crash_type,intersection_related_i,damage,prim_contributory_cause,num_units,most_severe_injury,injuries_total,injuries_fatal,injuries_incapacitating,injuries_non_incapacitating,injuries_reported_not_evident,injuries_no_indication,crash_hour,crash_day_of_week,crash_month
29858,16,2,3,15,2,3,0,5,1,1,2,37,2,2,0.0,0.0,0.0,0.0,0.0,2.0,10,5,3
29402,16,2,3,15,8,3,0,1,1,1,2,18,2,2,0.0,0.0,0.0,0.0,0.0,5.0,10,4,3
9316,16,7,1,10,3,3,6,1,1,1,2,17,2,2,0.0,0.0,0.0,0.0,0.0,4.0,19,1,1
56911,16,2,3,10,8,3,6,1,1,1,1,19,2,2,0.0,0.0,0.0,0.0,0.0,2.0,17,5,5
110135,4,2,3,7,7,3,0,5,1,1,2,36,3,2,0.0,0.0,0.0,0.0,0.0,1.0,19,5,8
129451,16,2,0,0,2,3,0,1,0,1,2,6,2,2,0.0,0.0,0.0,0.0,0.0,2.0,20,2,9
78983,16,2,3,17,3,3,0,1,0,1,2,6,2,3,1.0,0.0,0.0,1.0,0.0,1.0,18,1,6
28618,16,2,3,10,3,3,0,1,1,1,2,36,3,2,0.0,0.0,0.0,0.0,0.0,6.0,8,4,3
114795,16,2,4,0,18,3,0,1,0,1,2,6,2,3,2.0,0.0,0.0,2.0,0.0,0.0,19,6,8
178567,16,7,3,17,6,3,6,1,0,1,2,39,2,4,2.0,0.0,0.0,0.0,2.0,0.0,9,7,12
66863,15,2,3,17,8,3,0,1,0,1,2,18,2,2,0.0,0.0,0.0,0.0,0.0,2.0,12,7,5
163370,16,2,4,9,6,3,0,1,0,1,2,18,2,3,1.0,0.0,0.0,1.0,0.0,1.0,16,2,11
107277,3,2,3,15,3,0,0,1,1,1,1,22,2,2,0.0,0.0,0.0,0.0,0.0,2.0,7,3,8
10342,16,2,1,10,3,3,0,1,1,1,2,9,2,2,0.0,0.0,0.0,0.0,0.0,3.0,16,6,1
159884,16,2,1,10,6,3,0,1,0,1,2,17,3,3,1.0,0.0,0.0,1.0,0.0,2.0,17,6,11
58900,15,11,5,0,6,3,5,5,1,1,2,5,2,2,0.0,0.0,0.0,0.0,0.0,2.0,11,7,5
139522,15,2,1,0,6,3,0,1,1,1,0,18,2,2,0.0,0.0,0.0,0.0,0.0,2.0,23,6,10
69945,4,3,3,0,2,3,0,1,1,1,2,18,2,2,0.0,0.0,0.0,0.0,0.0,2.0,11,6,5
60177,16,2,3,10,6,3,0,1,1,1,2,19,2,2,0.0,0.0,0.0,0.0,0.0,3.0,9,5,5
169704,16,10,2,10,8,3,4,1,1,1,0,39,2,2,0.0,0.0,0.0,0.0,0.0,2.0,6,2,11
64417,16,2,3,0,6,3,0,1,0,1,2,36,2,3,1.0,0.0,0.0,1.0,0.0,1.0,14,4,5
170411,16,2,1,9,3,3,0,1,0,1,2,36,3,0,2.0,1.0,1.0,0.0,0.0,3.0,19,7,11
176249,4,2,3,0,6,3,5,5,1,1,2,18,2,2,0.0,0.0,0.0,0.0,0.0,2.0,7,4,12
120793,17,2,3,15,17,3,0,5,1,1,2,36,2,2,0.0,0.0,0.0,0.0,0.0,2.0,16,4,9
101182,16,2,3,15,2,3,0,5,1,1,2,26,2,2,0.0,0.0,0.0,0.0,0.0,4.0,15,6,7
140779,15,2,3,17,8,3,0,1,1,1,2,36,2,2,0.0,0.0,0.0,0.0,0.0,2.0,13,5,10
68218,15,2,3,0,2,3,0,1,0,1,2,18,2,2,0.0,0.0,0.0,0.0,0.0,2.0,7,6,5
76829,16,2,3,17,6,3,0,5,1,1,0,22,2,2,0.0,0.0,0.0,0.0,0.0,2.0,15,5,6
80058,15,2,4,0,10,3,0,1,1,1,2,36,2,2,0.0,0.0,0.0,0.0,0.0,6.0,22,1,6
89724,16,2,3,0,5,3,0,1,0,1,2,36,2,3,2.0,0.0,0.0,2.0,0.0,0.0,12,2,7
144137,16,2,3,17,8,3,0,1,1,1,1,6,2,2,0.0,0.0,0.0,0.0,0.0,2.0,6,6,10
154210,15,7,1,0,6,3,6,1,1,1,2,36,2,2,0.0,0.0,0.0,0.0,0.0,2.0,22,6,10
172194,16,2,4,10,2,3,0,1,1,1,2,36,2,2,0.0,0.0,0.0,0.0,0.0,2.0,16,6,12
114699,16,2,3,17,15,3,0,5,1,1,1,24,2,2,0.0,0.0,0.0,0.0,0.0,2.0,13,4,8
84362,17,7,3,2,6,3,0,5,1,1,0,26,1,2,0.0,0.0,0.0,0.0,0.0,1.0,12,2,6
134562,16,2,3,7,8,3,0,1,1,1,1,22,2,2,0.0,0.0,0.0,0.0,0.0,1.0,15,1,9
92840,16,2,3,10,6,3,0,1,0,1,1,13,2,2,0.0,0.0,0.0,0.0,0.0,2.0,18,2,7
128051,4,2,1,17,8,3,0,1,0,1,1,19,2,4,1.0,0.0,0.0,0.0,1.0,1.0,17,3,9
124605,16,7,3,17,6,3,6,1,0,1,2,18,2,3,1.0,0.0,0.0,1.0,0.0,1.0,8,3,9
73776,16,2,3,0,6,3,0,1,0,1,2,6,3,2,0.0,0.0,0.0,0.0,0.0,3.0,10,1,6
172782,16,2,1,0,11,4,0,1,0,1,2,17,2,4,3.0,0.0,0.0,0.0,3.0,0.0,18,7,12
110462,16,2,3,10,8,3,0,1,1,0,2,17,3,2,0.0,0.0,0.0,0.0,0.0,4.0,9,2,8
19524,16,3,3,0,6,3,0,1,1,1,2,18,2,2,0.0,0.0,0.0,0.0,0.0,3.0,12,5,2
176986,4,2,3,10,8,3,0,1,1,1,0,19,2,2,0.0,0.0,0.0,0.0,0.0,2.0,16,7,12
73511,16,7,3,9,6,3,6,1,0,1,0,18,2,3,1.0,0.0,0.0,1.0,0.0,1.0,10,3,6
83062,4,2,3,15,2,3,0,1,1,0,2,36,2,2,0.0,0.0,0.0,0.0,0.0,2.0,15,6,6
79278,16,2,4,15,8,3,0,1,1,1,2,23,2,2,0.0,0.0,0.0,0.0,0.0,2.0,19,6,6
2760,15,2,1,17,8,3,0,5,1,0,1,18,2,2,0.0,0.0,0.0,0.0,0.0,2.0,17,6,1
4831,16,10,3,10,6,3,4,5,0,1,0,39,2,4,1.0,0.0,0.0,0.0,1.0,1.0,13,6,1
128946,15,2,3,8,11,3,0,1,0,1,0,18,2,3,1.0,0.0,0.0,1.0,0.0,1.0,15,7,9
166022,16,10,1,10,2,3,6,1,1,1,1,19,2,2,0.0,0.0,0.0,0.0,0.0,2.0,16,2,11
81002,15,2,3,0,8,3,0,1,1,1,1,18,2,2,0.0,0.0,0.0,0.0,0.0,2.0,19,2,6
18478,16,2,1,15,8,3,0,1,1,1,2,36,2,2,0.0,0.0,0.0,0.0,0.0,2.0,18,7,2
132612,17,7,2,17,8,4,6,5,1,1,2,36,2,2,0.0,0.0,0.0,0.0,0.0,5.0,14,1,9
15956,15,2,1,0,15,3,0,1,0,1,2,5,2,3,2.0,0.0,0.0,2.0,0.0,0.0,23,6,2
79398,15,2,3,17,2,3,0,1,1,1,1,18,2,2,0.0,0.0,0.0,0.0,0.0,2.0,16,6,6
75082,16,2,3,9,8,3,0,1,0,1,2,18,2,3,1.0,0.0,0.0,1.0,0.0,1.0,12,5,6
37727,16,2,1,10,8,3,0,1,1,1,2,21,2,2,0.0,0.0,0.0,0.0,0.0,2.0,21,5,3
12997,16,10,3,0,2,3,4,1,1,1,2,6,2,2,0.0,0.0,0.0,0.0,0.0,5.0,15,1,1
93126,16,2,3,17,6,0,0,1,1,1,1,22,2,2,0.0,0.0,0.0,0.0,0.0,3.0,11,5,7
29583,4,2,1,10,8,3,0,1,0,1,2,19,2,2,0.0,0.0,0.0,0.0,0.0,2.0,0,1,3
40055,4,7,3,17,8,3,6,1,0,1,2,26,2,2,0.0,0.0,0.0,0.0,0.0,3.0,17,1,3
162566,16,2,3,10,2,3,0,1,1,1,2,36,2,2,0.0,0.0,0.0,0.0,0.0,2.0,8,3,11
142601,16,2,3,17,6,3,0,1,0,1,2,18,2,4,2.0,0.0,0.0,0.0,2.0,1.0,12,1,10
46698,16,2,3,17,11,3,0,1,1,1,2,36,2,2,0.0,0.0,0.0,0.0,0.0,2.0,18,2,4
53832,4,2,3,17,8,3,0,1,1,1,2,36,2,2,0.0,0.0,0.0,0.0,0.0,2.0,13,4,4
110932,16,2,3,0,2,3,0,1,1,1,1,18,2,2,0.0,0.0,0.0,0.0,0.0,2.0,13,3,8
20521,18,2,1,17,6,3,0,1,0,1,2,36,2,4,2.0,0.0,0.0,0.0,2.0,1.0,17,2,2
127977,16,11,5,0,6,3,5,5,0,1,2,25,2,3,2.0,0.0,0.0,2.0,0.0,1.0,23,7,9
163760,16,2,3,15,8,4,0,1,1,1,1,17,2,2,0.0,0.0,0.0,0.0,0.0,2.0,13,6,11
145956,16,2,3,15,8,3,5,5,1,1,1,12,2,2,0.0,0.0,0.0,0.0,0.0,3.0,9,3,10
11481,15,2,1,0,2,3,0,1,0,1,2,17,2,2,0.0,0.0,0.0,0.0,0.0,3.0,17,4,1
142445,15,2,3,0,8,3,0,1,1,1,2,36,2,2,0.0,0.0,0.0,0.0,0.0,2.0,17,6,10
112026,4,2,3,9,8,3,0,1,0,1,2,18,2,3,2.0,0.0,0.0,2.0,0.0,3.0,18,5,8
64143,16,2,3,14,8,3,0,1,0,1,2,36,5,4,1.0,0.0,0.0,0.0,1.0,4.0,5,5,5
58901,16,2,3,0,6,3,0,5,0,1,2,28,4,3,3.0,0.0,0.0,3.0,0.0,1.0,11,7,5
85885,16,2,3,15,3,3,0,1,1,0,2,36,2,2,0.0,0.0,0.0,0.0,0.0,3.0,8,5,6
43050,16,2,3,10,6,3,0,1,0,1,2,36,2,2,0.0,0.0,0.0,0.0,0.0,2.0,7,1,4
173748,16,10,3,10,3,3,4,1,1,1,1,36,2,2,0.0,0.0,0.0,0.0,0.0,2.0,14,1,12
125153,4,2,3,0,15,3,0,1,1,1,1,21,2,2,0.0,0.0,0.0,0.0,0.0,2.0,16,4,9
68691,16,2,3,17,10,3,0,1,1,1,2,36,2,2,0.0,0.0,0.0,0.0,0.0,4.0,16,7,5
5960,16,10,3,9,6,3,6,1,0,1,0,18,2,1,1.0,0.0,1.0,0.0,0.0,2.0,11,1,1
115800,16,2,3,0,3,3,0,1,0,1,2,36,2,2,0.0,0.0,0.0,0.0,0.0,2.0,14,1,8
132114,16,2,3,15,8,3,0,1,1,1,1,36,2,2,0.0,0.0,0.0,0.0,0.0,3.0,16,2,9
85689,15,2,3,17,15,3,0,5,0,1,2,36,2,2,0.0,0.0,0.0,0.0,0.0,3.0,17,4,6
90832,16,2,3,17,6,3,0,5,1,1,2,24,2,2,0.0,0.0,0.0,0.0,0.0,2.0,15,7,7
74097,17,2,3,8,15,3,5,5,0,1,2,26,2,3,1.0,0.0,0.0,1.0,0.0,1.0,18,6,6
164921,16,2,1,2,2,3,0,1,0,1,2,17,1,2,0.0,0.0,0.0,0.0,0.0,3.0,0,7,11
100398,16,2,3,17,2,3,0,1,1,1,2,23,2,2,0.0,0.0,0.0,0.0,0.0,4.0,13,7,7
156628,16,2,3,0,6,3,0,1,0,1,1,6,2,2,0.0,0.0,0.0,0.0,0.0,2.0,16,3,11
147349,4,2,3,7,8,3,0,1,0,1,2,12,2,2,0.0,0.0,0.0,0.0,0.0,1.0,10,3,10
28220,16,2,3,17,8,3,0,1,0,1,2,24,2,4,1.0,0.0,0.0,0.0,1.0,2.0,9,5,2
128411,16,2,3,10,8,3,0,1,0,1,2,19,2,3,1.0,0.0,0.0,1.0,0.0,2.0,12,6,9
52849,16,2,3,17,8,3,0,1,0,1,2,24,2,2,0.0,0.0,0.0,0.0,0.0,2.0,14,2,4
125199,15,2,3,0,8,3,0,1,1,1,2,36,2,2,0.0,0.0,0.0,0.0,0.0,2.0,5,5,9
39719,16,2,3,15,6,3,0,1,1,1,2,18,2,2,0.0,0.0,0.0,0.0,0.0,2.0,10,2,3
122804,4,2,3,17,8,3,0,1,0,1,1,18,2,2,0.0,0.0,0.0,0.0,0.0,2.0,8,3,9
40055,16,2,3,17,3,3,6,1,1,1,1,18,2,2,0.0,0.0,0.0,0.0,0.0,2.0,17,1,3
119202,15,7,3,14,8,3,6,1,1,1,1,36,2,2,0.0,0.0,0.0,0.0,0.0,2.0,14,2,8
90293,16,2,3,17,6,3,0,1,1,1,2,35,2,2,0.0,0.0,0.0,0.0,0.0,2.0,11,4,7
84342,16,2,4,17,6,3,0,1,0,1,2,36,2,3,1.0,0.0,0.0,1.0,0.0,1.0,19,2,6
57388,16,2,3,15,3,3,0,5,1,1,1,12,2,2,0.0,0.0,0.0,0.0,0.0,2.0,12,4,5
174735,16,2,3,17,10,3,0,1,1,1,2,24,2,2,0.0,0.0,0.0,0.0,0.0,2.0,12,2,12
151087,16,2,2,10,10,3,0,1,1,1,0,17,2,2,0.0,0.0,0.0,0.0,0.0,4.0,7,4,10
16330,16,2,3,17,8,3,0,1,1,1,2,17,2,2,0.0,0.0,0.0,0.0,0.0,3.0,10,6,2
87503,16,2,3,10,3,3,0,1,1,1,1,36,2,2,0.0,0.0,0.0,0.0,0.0,3.0,12,3,6
178435,15,2,3,0,8,3,0,1,1,1,2,18,2,2,0.0,0.0,0.0,0.0,0.0,2.0,10,4,12
37658,16,2,3,9,10,3,0,1,0,1,0,38,2,3,1.0,0.0,0.0,1.0,0.0,1.0,9,4,3
164850,16,10,3,10,8,3,6,1,1,1,1,36,2,2,0.0,0.0,0.0,0.0,0.0,2.0,14,7,11
100793,15,2,3,0,8,3,5,5,1,1,1,5,2,2,0.0,0.0,0.0,0.0,0.0,2.0,13,5,7
52253,4,2,3,0,11,3,0,1,1,1,2,18,2,2,0.0,0.0,0.0,0.0,0.0,2.0,18,5,4
72519,16,2,3,17,6,3,0,1,1,1,1,6,2,2,0.0,0.0,0.0,0.0,0.0,2.0,8,3,6
69567,16,2,3,17,8,3,0,1,0,1,2,24,3,3,1.0,0.0,0.0,1.0,0.0,2.0,17,7,5
150591,16,2,3,9,1,3,0,1,0,1,0,36,2,4,1.0,0.0,0.0,0.0,1.0,1.0,12,4,10
164927,16,2,3,10,8,3,0,1,1,1,2,36,2,2,0.0,0.0,0.0,0.0,0.0,2.0,13,1,11
159400,16,2,3,8,15,3,0,1,0,1,0,18,2,3,1.0,0.0,0.0,1.0,0.0,1.0,15,7,11
139907,15,7,3,17,8,3,0,1,0,1,2,18,2,2,0.0,0.0,0.0,0.0,0.0,2.0,16,5,10
142490,16,7,1,17,8,3,6,1,1,1,2,36,2,2,0.0,0.0,0.0,0.0,0.0,2.0,2,7,10
40760,16,2,1,17,6,4,0,1,1,1,2,6,2,2,0.0,0.0,0.0,0.0,0.0,2.0,1,1,3
155722,16,7,3,17,3,3,6,5,1,1,2,39,2,2,0.0,0.0,0.0,0.0,0.0,2.0,16,4,11
100640,16,2,3,17,6,3,5,5,0,1,2,24,2,2,0.0,0.0,0.0,0.0,0.0,2.0,18,3,7
125196,16,2,3,10,2,3,0,1,1,1,1,19,2,2,0.0,0.0,0.0,0.0,0.0,2.0,16,5,9
145511,16,2,0,17,2,3,0,1,0,1,2,18,2,4,1.0,0.0,0.0,0.0,1.0,2.0,20,5,10
163804,16,2,1,10,2,3,0,1,0,1,1,17,2,4,1.0,0.0,0.0,0.0,1.0,2.0,19,6,11
89727,16,2,1,17,6,3,0,1,1,1,2,36,2,2,0.0,0.0,0.0,0.0,0.0,2.0,1,3,7
44824,15,2,3,17,6,3,0,1,1,1,2,19,2,2,0.0,0.0,0.0,0.0,0.0,3.0,15,5,4
38493,15,2,3,0,10,3,0,1,0,1,2,5,2,2,0.0,0.0,0.0,0.0,0.0,2.0,15,6,3
168058,15,2,2,17,8,3,0,1,0,0,1,18,2,2,0.0,0.0,0.0,0.0,0.0,2.0,15,6,11
142384,16,2,1,10,2,3,0,5,1,1,2,19,3,2,0.0,0.0,0.0,0.0,0.0,4.0,6,4,10
4182,16,2,1,10,2,3,1,1,1,1,2,36,2,2,0.0,0.0,0.0,0.0,0.0,2.0,19,1,1
102824,15,2,3,17,15,3,0,1,0,1,2,5,3,2,0.0,0.0,0.0,0.0,0.0,2.0,16,2,7
54306,16,2,1,0,6,3,0,5,0,1,2,6,2,3,5.0,0.0,0.0,5.0,0.0,1.0,22,3,4
171913,16,2,1,0,2,3,0,1,0,1,2,6,2,3,1.0,0.0,0.0,1.0,0.0,2.0,18,3,11
96136,16,2,3,17,8,3,0,1,1,1,1,24,2,2,0.0,0.0,0.0,0.0,0.0,2.0,10,3,7
103216,16,2,1,17,6,3,0,5,0,1,2,6,2,2,0.0,0.0,0.0,0.0,0.0,5.0,4,7,7
159055,16,2,1,0,15,3,0,1,0,1,2,11,2,2,0.0,0.0,0.0,0.0,0.0,5.0,18,2,11
64587,16,2,3,10,8,3,0,1,1,1,0,8,2,2,0.0,0.0,0.0,0.0,0.0,2.0,9,5,5
34480,16,2,3,17,8,3,0,1,1,1,2,22,2,2,0.0,0.0,0.0,0.0,0.0,2.0,8,5,3
145182,15,2,3,2,8,3,0,3,1,1,2,36,1,2,0.0,0.0,0.0,0.0,0.0,2.0,16,6,10
177457,15,7,1,17,8,3,6,1,1,1,2,36,2,2,0.0,0.0,0.0,0.0,0.0,2.0,18,6,12
172135,16,2,3,17,3,3,5,5,1,1,2,18,2,2,0.0,0.0,0.0,0.0,0.0,2.0,12,7,11
77770,4,2,3,0,8,3,0,1,1,1,2,18,2,2,0.0,0.0,0.0,0.0,0.0,2.0,7,4,6
124680,6,2,3,15,8,3,0,1,1,1,2,23,2,2,0.0,0.0,0.0,0.0,0.0,2.0,7,4,9
128894,15,2,2,0,10,3,0,1,0,1,1,36,2,2,0.0,0.0,0.0,0.0,0.0,3.0,6,4,9
134377,15,2,3,9,6,3,0,1,0,1,1,9,2,1,1.0,0.0,1.0,0.0,0.0,1.0,15,6,9
5674,16,2,1,17,6,3,6,1,1,1,2,24,2,2,0.0,0.0,0.0,0.0,0.0,2.0,20,1,1
73377,16,2,3,10,8,3,0,1,1,1,2,19,2,2,0.0,0.0,0.0,0.0,0.0,2.0,14,2,6
101214,16,2,1,0,6,3,0,1,0,1,2,6,2,4,1.0,0.0,0.0,0.0,1.0,3.0,21,6,7
188679,16,7,1,0,8,3,6,1,0,1,2,6,2,2,0.0,0.0,0.0,0.0,0.0,3.0,18,2,12
10292,16,2,3,0,2,3,0,1,1,1,1,6,2,2,0.0,0.0,0.0,0.0,0.0,2.0,6,5,1
142204,16,2,4,15,8,3,0,1,1,1,2,18,2,2,0.0,0.0,0.0,0.0,0.0,2.0,17,1,10
29149,15,10,3,17,10,3,6,1,1,1,2,18,2,2,0.0,0.0,0.0,0.0,0.0,2.0,9,5,3
77323,16,2,3,0,11,3,0,1,1,1,1,36,2,2,0.0,0.0,0.0,0.0,0.0,3.0,13,6,6
7314,16,10,3,17,6,3,6,1,1,1,1,36,2,2,0.0,0.0,0.0,0.0,0.0,3.0,11,6,1
26493,15,2,3,9,8,3,0,1,0,1,0,38,2,4,1.0,0.0,0.0,0.0,1.0,1.0,8,6,2
143558,16,7,4,0,8,3,6,1,1,1,2,26,2,2,0.0,0.0,0.0,0.0,0.0,2.0,16,6,10
126190,16,2,3,17,2,3,0,1,0,1,2,18,2,2,0.0,0.0,0.0,0.0,0.0,2.0,17,4,9
17820,15,2,1,0,8,3,0,1,1,1,1,18,2,2,0.0,0.0,0.0,0.0,0.0,3.0,18,3,2
168479,15,2,0,0,8,3,0,1,0,1,2,5,2,3,1.0,0.0,0.0,1.0,0.0,1.0,20,4,11
144498,15,2,1,0,6,3,0,1,0,1,1,5,2,2,0.0,0.0,0.0,0.0,0.0,2.0,21,5,10
94687,16,2,1,3,2,3,0,1,1,1,2,17,3,2,0.0,0.0,0.0,0.0,0.0,5.0,22,1,7
125922,16,2,3,15,6,3,0,1,1,1,2,36,2,2,0.0,0.0,0.0,0.0,0.0,2.0,19,1,9
155160,16,2,3,17,2,3,0,1,0,1,2,18,2,3,2.0,0.0,0.0,2.0,0.0,0.0,7,3,10
69159,4,7,3,10,2,3,6,1,1,1,1,36,4,2,0.0,0.0,0.0,0.0,0.0,4.0,12,1,5
182882,4,2,3,7,8,3,0,1,1,0,2,28,2,2,0.0,0.0,0.0,0.0,0.0,4.0,13,3,12
168327,15,2,0,9,8,3,0,1,0,1,0,28,2,3,1.0,0.0,0.0,1.0,0.0,1.0,1,2,11
90425,4,2,3,10,8,3,0,1,1,1,2,19,2,2,0.0,0.0,0.0,0.0,0.0,2.0,9,5,7
63253,16,2,3,17,10,3,0,1,1,1,2,24,2,2,0.0,0.0,0.0,0.0,0.0,2.0,7,4,5
108952,16,7,3,0,6,3,6,1,0,1,2,26,2,4,1.0,0.0,0.0,0.0,1.0,1.0,16,2,8
7378,4,2,1,0,6,3,0,1,0,1,2,18,2,2,0.0,0.0,0.0,0.0,0.0,2.0,22,7,1
132188,16,2,3,17,8,3,0,1,1,1,0,22,2,2,0.0,0.0,0.0,0.0,0.0,2.0,19,3,9
126173,16,2,3,11,8,3,5,5,1,1,2,21,2,2,0.0,0.0,0.0,0.0,0.0,2.0,15,4,9
60745,15,7,3,0,8,3,6,1,0,1,2,5,2,2,0.0,0.0,0.0,0.0,0.0,2.0,16,1,5
102518,15,7,3,17,8,3,6,1,1,1,2,17,2,2,0.0,0.0,0.0,0.0,0.0,2.0,11,2,7
176676,16,7,5,14,6,3,6,5,1,1,1,22,2,2,0.0,0.0,0.0,0.0,0.0,4.0,5,2,12
128449,16,2,3,10,8,3,0,5,1,1,2,26,2,2,0.0,0.0,0.0,0.0,0.0,2.0,16,7,9
126783,15,2,3,8,6,3,0,1,0,1,0,18,2,3,1.0,0.0,0.0,1.0,0.0,1.0,9,5,9
145638,16,7,1,10,8,3,6,1,1,1,2,39,2,2,0.0,0.0,0.0,0.0,0.0,2.0,3,7,10
148702,15,2,3,0,8,3,0,1,0,1,2,36,2,2,0.0,0.0,0.0,0.0,0.0,3.0,9,6,10
94216,16,2,3,10,2,3,0,1,1,1,2,19,2,2,0.0,0.0,0.0,0.0,0.0,2.0,15,2,7
151879,16,7,1,17,6,3,6,1,0,1,2,18,2,2,0.0,0.0,0.0,0.0,0.0,2.0,12,2,10
188243,15,10,0,15,6,3,6,1,1,1,0,23,2,2,0.0,0.0,0.0,0.0,0.0,2.0,18,2,12
188844,16,2,3,4,8,3,0,1,1,1,1,33,1,2,0.0,0.0,0.0,0.0,0.0,1.0,13,6,12
7835,15,2,1,0,6,3,6,1,0,1,2,18,2,2,0.0,0.0,0.0,0.0,0.0,2.0,19,7,1
123953,16,2,1,17,2,3,0,1,1,1,1,24,2,2,0.0,0.0,0.0,0.0,0.0,2.0,23,6,9
58203,17,2,3,0,17,3,0,5,1,1,2,36,2,2,0.0,0.0,0.0,0.0,0.0,2.0,18,4,5
169137,16,2,1,15,8,3,0,1,1,1,2,22,2,2,0.0,0.0,0.0,0.0,0.0,2.0,20,6,11
149317,16,2,3,10,8,3,0,1,1,1,2,36,2,2,0.0,0.0,0.0,0.0,0.0,3.0,15,2,10
173288,16,2,1,17,1,3,0,1,0,1,2,18,2,1,2.0,0.0,1.0,1.0,0.0,0.0,19,1,12
106045,16,2,1,17,6,3,0,5,0,1,2,36,2,2,0.0,0.0,0.0,0.0,0.0,2.0,20,6,8
11306,16,2,1,9,3,3,6,1,0,1,2,17,2,3,1.0,0.0,0.0,1.0,0.0,1.0,20,1,1
63144,4,2,3,17,2,3,0,5,1,1,2,36,2,2,0.0,0.0,0.0,0.0,0.0,3.0,12,2,5
157044,4,2,1,7,10,3,0,1,0,0,2,24,2,2,0.0,0.0,0.0,0.0,0.0,1.0,1,1,11
168475,16,2,1,0,6,3,0,1,0,1,2,6,2,2,0.0,0.0,0.0,0.0,0.0,2.0,20,4,11
149277,15,2,1,0,8,3,0,1,1,1,2,5,2,2,0.0,0.0,0.0,0.0,0.0,4.0,19,1,10
128345,15,2,3,0,2,3,0,1,1,1,2,18,2,2,0.0,0.0,0.0,0.0,0.0,3.0,9,5,9
176107,4,2,3,17,8,3,0,1,1,1,2,18,2,2,0.0,0.0,0.0,0.0,0.0,2.0,9,7,12
180155,16,2,1,10,8,3,0,1,1,1,1,36,2,2,0.0,0.0,0.0,0.0,0.0,2.0,16,6,12
5781,16,2,3,9,8,3,0,1,0,1,1,18,2,3,1.0,0.0,0.0,1.0,0.0,1.0,19,4,1
107159,15,3,3,0,6,3,0,1,0,1,2,38,2,3,2.0,0.0,0.0,1.0,1.0,1.0,11,3,8
23190,16,2,3,17,8,3,0,5,0,1,2,18,2,2,0.0,0.0,0.0,0.0,0.0,3.0,14,3,2
99011,15,2,3,0,6,3,0,5,0,1,2,36,2,1,2.0,0.0,2.0,0.0,0.0,1.0,13,6,7
120414,16,2,1,0,2,3,0,5,0,1,2,36,2,1,3.0,0.0,1.0,2.0,0.0,0.0,1,7,8
79511,16,7,3,15,5,3,6,1,1,1,2,18,2,2,0.0,0.0,0.0,0.0,0.0,2.0,9,7,6
5173,4,2,3,8,8,3,4,1,0,1,1,27,2,3,1.0,0.0,0.0,1.0,0.0,1.0,13,3,1
182194,16,2,3,17,6,3,0,1,1,1,1,18,2,2,0.0,0.0,0.0,0.0,0.0,5.0,14,7,12
22662,15,7,4,17,8,3,6,1,1,1,2,18,2,2,0.0,0.0,0.0,0.0,0.0,4.0,17,1,2
34293,16,2,3,17,6,3,0,1,0,1,2,36,3,2,0.0,0.0,0.0,0.0,0.0,3.0,11,4,3
102510,16,7,3,10,8,3,6,1,1,1,1,39,2,2,0.0,0.0,0.0,0.0,0.0,2.0,9,2,7
57204,16,2,3,10,2,3,0,1,1,1,1,19,2,2,0.0,0.0,0.0,0.0,0.0,2.0,11,1,5
133304,16,2,1,10,19,3,0,1,0,1,2,8,2,3,1.0,0.0,0.0,1.0,0.0,1.0,0,4,9
26723,4,2,3,15,2,3,0,1,1,1,1,36,2,2,0.0,0.0,0.0,0.0,0.0,2.0,15,2,2
174383,4,2,3,10,8,3,0,1,0,1,2,28,3,2,0.0,0.0,0.0,0.0,0.0,5.0,11,3,12
50405,4,2,3,17,8,3,0,1,1,0,1,18,2,2,0.0,0.0,0.0,0.0,0.0,2.0,17,6,4
148529,16,2,3,9,6,3,0,1,0,1,0,6,2,3,1.0,0.0,0.0,1.0,0.0,3.0,12,5,10
86923,4,3,3,0,10,3,0,1,0,1,2,12,2,3,3.0,0.0,0.0,3.0,0.0,1.0,15,2,6
33535,15,2,3,15,10,3,0,1,1,0,0,23,2,2,0.0,0.0,0.0,0.0,0.0,7.0,8,5,3
916,16,2,3,15,6,3,0,1,0,1,2,28,2,3,1.0,0.0,0.0,1.0,0.0,6.0,7,3,1
10728,15,11,3,10,8,3,5,5,1,1,2,36,2,2,0.0,0.0,0.0,0.0,0.0,2.0,10,4,1
177406,16,2,3,10,10,3,0,1,1,1,2,23,2,2,0.0,0.0,0.0,0.0,0.0,2.0,13,6,12
144980,16,2,3,15,2,3,0,5,1,1,2,23,2,2,0.0,0.0,0.0,0.0,0.0,2.0,15,5,10
49406,16,2,1,0,8,3,0,1,0,1,2,36,2,3,1.0,0.0,0.0,1.0,0.0,1.0,0,3,4
21270,15,10,0,2,8,3,4,5,0,1,2,36,1,3,1.0,0.0,0.0,1.0,0.0,0.0,2,6,2
39840,16,2,3,17,2,3,0,1,1,1,0,36,2,2,0.0,0.0,0.0,0.0,0.0,2.0,15,3,3
54238,16,2,1,9,6,3,0,1,0,1,2,18,2,1,1.0,0.0,1.0,0.0,0.0,1.0,1,3,4
119788,16,2,3,0,6,3,0,1,0,1,2,6,2,3,2.0,0.0,0.0,2.0,0.0,1.0,11,3,8