crash_date,               traffic_control_device,weather_condition,lighting_condition,first_crash_type,trafficway_type,alignment,roadway_surface_cond,road_defect,crash_type,intersection_related_i,damage,prim_contributory_cause,num_units,most_severe_injury,injuries_total,injuries_fatal,injuries_incapacitating,injuries_non_incapacitating,injuries_reported_not_evident,injuries_no_indication,crash_hour,crash_day_of_week,crash_month
144700,15,2,3,10,8,3,0,1,1,1,0,17,2,2,0.0,0.0,0.0,0.0,0.0,3.0,11,6,10
137801,16,2,3,0,8,3,0,1,0,1,2,36,2,2,0.0,0.0,0.0,0.0,0.0,2.0,14,5,10
100000,15,2,3,17,8,3,0,5,0,1,2,22,2,2,0.0,0.0,0.0,0.0,0.0,3.0,19,7,7
59091,16,2,3,9,2,3,0,1,0,1,0,18,2,3,1.0,0.0,0.0,1.0,0.0,1.0,11,2,5
186780,16,7,3,10,3,3,6,1,1,1,2,36,2,2,0.0,0.0,0.0,0.0,0.0,2.0,10,2,12
118307,16,2,3,17,10,3,0,1,1,1,2,19,2,2,0.0,0.0,0.0,0.0,0.0,2.0,8,2,8
11457,16,2,3,10,10,3,0,1,1,1,2,26,2,2,0.0,0.0,0.0,0.0,0.0,2.0,8,3,1
57522,16,2,3,15,8,3,0,1,1,1,0,36,2,2,0.0,0.0,0.0,0.0,0.0,2.0,17,6,5
82569,15,2,3,17,8,3,0,1,1,1,2,19,2,2,0.0,0.0,0.0,0.0,0.0,2.0,16,5,6
32294,15,3,3,0,6,3,5,6,1,1,2,18,2,2,0.0,0.0,0.0,0.0,0.0,3.0,15,5,3
408,16,2,3,17,6,3,0,1,0,1,2,6,2,2,0.0,0.0,0.0,0.0,0.0,4.0,13,2,1
124398,15,2,3,0,8,3,0,1,1,1,2,18,2,2,0.0,0.0,0.0,0.0,0.0,3.0,11,5,9
10535,4,2,3,17,8,3,0,1,1,1,2,19,2,2,0.0,0.0,0.0,0.0,0.0,2.0,16,1,1
100806,15,2,3,0,8,3,0,1,1,1,2,18,4,2,0.0,0.0,0.0,0.0,0.0,4.0,16,5,7
138750,4,2,3,17,2,3,0,1,0,1,2,36,2,1,2.0,0.0,1.0,1.0,0.0,1.0,13,2,10
179855,15,7,3,15,8,3,6,1,1,0,1,36,2,2,0.0,0.0,0.0,0.0,0.0,2.0,14,4,12
75342,16,2,3,10,8,3,0,1,1,1,2,8,2,2,0.0,0.0,0.0,0.0,0.0,2.0,12,3,6
184473,15,2,3,0,6,3,0,1,0,1,2,18,2,4,1.0,0.0,0.0,0.0,1.0,2.0,8,4,12
54282,15,2,3,0,11,3,0,1,0,1,2,5,2,2,0.0,0.0,0.0,0.0,0.0,2.0,18,3,4
181418,16,2,3,0,2,3,0,1,0,1,1,6,2,2,0.0,0.0,0.0,0.0,0.0,2.0,10,2,12
158822,15,2,1,3,6,3,0,1,0,1,2,5,2,3,3.0,0.0,0.0,3.0,0.0,0.0,20,4,11
157912,16,2,3,10,6,3,0,5,1,1,2,19,2,2,0.0,0.0,0.0,0.0,0.0,2.0,9,7,11
142511,15,2,3,10,15,3,0,1,0,1,2,5,2,1,1.0,0.0,1.0,0.0,0.0,2.0,16,7,10
147104,16,2,3,10,5,3,0,1,1,1,2,12,2,2,0.0,0.0,0.0,0.0,0.0,2.0,11,5,10
130812,1,2,3,7,10,3,0,1,1,0,1,38,2,2,0.0,0.0,0.0,0.0,0.0,1.0,14,5,9
2314,16,2,1,15,16,3,0,1,1,1,2,19,2,2,0.0,0.0,0.0,0.0,0.0,3.0,17,6,1
138771,16,7,3,17,8,3,6,1,1,1,1,36,2,2,0.0,0.0,0.0,0.0,0.0,2.0,13,3,10
16534,16,7,3,17,8,3,6,1,1,1,2,24,2,2,0.0,0.0,0.0,0.0,0.0,2.0,12,2,2
83775,4,2,3,17,2,3,0,1,0,1,2,22,2,4,1.0,0.0,0.0,0.0,1.0,2.0,11,7,6
140435,16,2,1,15,10,3,0,1,1,1,2,22,2,2,0.0,0.0,0.0,0.0,0.0,2.0,21,3,10
132657,16,7,1,0,6,3,6,1,0,1,0,39,2,4,1.0,0.0,0.0,0.0,1.0,1.0,20,1,9
3293,15,2,3,17,2,3,0,5,0,0,2,18,2,3,1.0,0.0,0.0,1.0,0.0,1.0,13,1,1
136482,4,2,3,10,8,3,0,1,1,1,1,36,2,2,0.0,0.0,0.0,0.0,0.0,2.0,17,3,9
43667,15,10,1,17,8,3,4,1,0,1,2,36,2,3,6.0,0.0,0.0,6.0,0.0,1.0,4,4,4
127680,15,2,3,17,8,3,2,2,0,1,2,24,2,3,1.0,0.0,0.0,1.0,0.0,1.0,15,6,9
25737,15,2,3,0,2,3,0,5,1,1,1,36,2,2,0.0,0.0,0.0,0.0,0.0,2.0,16,6,2
14255,16,2,3,9,2,3,0,1,0,1,0,18,3,3,2.0,0.0,0.0,2.0,0.0,1.0,8,3,1
170659,15,2,3,10,2,3,0,1,0,1,2,19,3,3,2.0,0.0,0.0,2.0,0.0,3.0,15,3,11
166458,4,6,3,15,11,5,0,1,1,1,1,23,2,2,0.0,0.0,0.0,0.0,0.0,2.0,14,6,11
50305,15,2,3,0,3,3,0,1,1,1,1,18,2,2,0.0,0.0,0.0,0.0,0.0,3.0,11,4,4
18831,4,10,1,17,8,3,4,1,1,1,2,23,2,2,0.0,0.0,0.0,0.0,0.0,4.0,22,6,2
160074,4,11,5,17,18,3,5,5,1,1,2,36,2,2,0.0,0.0,0.0,0.0,0.0,2.0,9,3,11
19102,15,7,3,0,6,3,6,1,1,1,2,18,2,2,0.0,0.0,0.0,0.0,0.0,2.0,17,5,2
91066,16,2,0,17,5,3,0,1,0,1,2,18,2,2,0.0,0.0,0.0,0.0,0.0,3.0,22,1,7
7798,16,2,1,10,2,3,0,1,1,1,2,21,2,2,0.0,0.0,0.0,0.0,0.0,2.0,0,5,1
174430,16,2,3,17,8,3,0,1,1,1,1,23,2,2,0.0,0.0,0.0,0.0,0.0,2.0,7,4,12
182420,4,2,3,15,8,3,0,1,0,1,1,18,2,2,0.0,0.0,0.0,0.0,0.0,2.0,10,4,12
149164,4,2,4,0,0,3,0,1,1,1,1,18,2,2,0.0,0.0,0.0,0.0,0.0,3.0,17,6,10
4137,16,2,0,17,18,3,0,1,1,1,0,24,2,2,0.0,0.0,0.0,0.0,0.0,4.0,19,7,1
174024,15,2,3,0,6,3,0,1,1,1,1,36,2,2,0.0,0.0,0.0,0.0,0.0,3.0,12,6,12
147126,16,2,3,15,2,3,0,1,1,1,2,23,2,2,0.0,0.0,0.0,0.0,0.0,2.0,15,7,10
16535,16,2,1,17,8,3,0,1,0,1,2,18,2,3,1.0,0.0,0.0,1.0,0.0,3.0,0,2,2
24559,16,2,3,0,2,3,0,1,0,1,0,17,2,4,1.0,0.0,0.0,0.0,1.0,6.0,14,6,2
30182,18,6,3,10,8,3,6,1,1,0,2,19,2,2,0.0,0.0,0.0,0.0,0.0,3.0,8,3,3
161034,4,2,1,17,15,3,0,1,1,1,2,24,2,2,0.0,0.0,0.0,0.0,0.0,3.0,0,1,11
70663,4,2,1,9,3,3,0,1,0,1,2,36,2,0,1.0,1.0,0.0,0.0,0.0,1.0,2,3,5
148078,16,2,3,15,2,3,0,1,1,1,1,23,2,2,0.0,0.0,0.0,0.0,0.0,3.0,10,5,10
163933,16,2,3,17,11,3,0,2,1,1,2,36,2,2,0.0,0.0,0.0,0.0,0.0,3.0,7,2,11
75057,15,2,3,8,11,3,0,5,1,1,0,36,2,2,0.0,0.0,0.0,0.0,0.0,2.0,7,5,6
48062,16,2,3,10,3,3,0,1,0,1,2,17,2,3,1.0,0.0,0.0,1.0,0.0,1.0,15,6,4
4005,4,2,1,10,8,3,0,1,1,0,1,21,2,2,0.0,0.0,0.0,0.0,0.0,2.0,22,4,1
45559,16,7,3,17,2,3,6,5,1,1,2,36,2,2,0.0,0.0,0.0,0.0,0.0,2.0,16,5,4
86025,16,2,1,17,18,3,0,1,1,1,2,24,5,2,0.0,0.0,0.0,0.0,0.0,2.0,0,1,6
84607,16,2,3,0,8,3,0,1,1,1,1,6,2,2,0.0,0.0,0.0,0.0,0.0,3.0,10,7,6
114000,15,2,3,8,15,3,0,1,0,1,2,18,2,3,1.0,0.0,0.0,1.0,0.0,1.0,8,2,8
152373,16,7,3,0,8,3,6,1,1,1,2,18,2,2,0.0,0.0,0.0,0.0,0.0,2.0,15,7,10
77639,15,2,3,17,11,3,0,1,1,1,0,18,2,2,0.0,0.0,0.0,0.0,0.0,3.0,9,2,6
74704,16,2,3,0,2,3,0,1,0,1,2,6,3,3,1.0,0.0,0.0,1.0,0.0,5.0,5,1,6
106738,16,2,0,15,2,3,0,1,1,1,2,23,2,2,0.0,0.0,0.0,0.0,0.0,2.0,21,1,8
73150,15,2,3,0,2,3,0,1,1,1,2,18,2,2,0.0,0.0,0.0,0.0,0.0,2.0,15,6,6
179189,15,2,3,0,6,3,0,1,0,1,2,5,2,4,2.0,0.0,0.0,0.0,2.0,1.0,15,2,12
139546,16,7,0,17,6,3,6,1,1,1,2,36,2,2,0.0,0.0,0.0,0.0,0.0,2.0,4,1,10
25313,4,2,1,17,8,3,0,1,0,1,2,24,2,2,0.0,0.0,0.0,0.0,0.0,2.0,20,6,2
130506,15,2,3,17,15,3,0,5,1,1,0,8,2,2,0.0,0.0,0.0,0.0,0.0,2.0,14,2,9
6823,4,2,3,7,8,3,6,1,1,1,2,21,2,2,0.0,0.0,0.0,0.0,0.0,1.0,8,6,1
71849,16,2,5,17,8,3,0,1,1,1,2,24,2,2,0.0,0.0,0.0,0.0,0.0,2.0,18,6,6
111275,15,7,3,0,16,3,6,5,0,1,2,18,2,2,0.0,0.0,0.0,0.0,0.0,3.0,13,2,8
159634,4,2,3,8,8,3,0,1,1,1,0,36,2,2,0.0,0.0,0.0,0.0,0.0,4.0,14,5,11
170207,16,2,3,17,11,3,0,1,0,1,2,36,2,3,1.0,0.0,0.0,1.0,0.0,1.0,14,3,11
178721,15,2,3,0,10,3,0,1,0,1,2,36,2,2,0.0,0.0,0.0,0.0,0.0,2.0,13,3,12
12952,16,2,1,17,2,3,0,1,1,1,1,36,2,2,0.0,0.0,0.0,0.0,0.0,2.0,17,7,1
101756,15,2,1,17,8,3,0,1,0,1,2,24,2,0,5.0,2.0,0.0,3.0,0.0,2.0,2,7,7
137897,17,2,1,15,11,3,5,5,1,1,2,36,2,2,0.0,0.0,0.0,0.0,0.0,4.0,17,6,10
72387,15,2,3,10,8,3,0,1,1,1,1,17,3,2,0.0,0.0,0.0,0.0,0.0,7.0,18,7,6
73765,16,2,0,0,8,3,0,5,0,1,2,36,2,2,0.0,0.0,0.0,0.0,0.0,2.0,20,1,6
15276,16,2,1,17,8,3,0,1,1,1,1,26,2,2,0.0,0.0,0.0,0.0,0.0,2.0,21,7,2
54101,16,2,1,17,1,3,0,1,0,1,2,18,2,1,1.0,0.0,1.0,0.0,0.0,2.0,1,7,4
76218,16,2,3,10,16,3,6,1,1,1,0,19,2,2,0.0,0.0,0.0,0.0,0.0,2.0,16,3,6
71399,16,2,3,10,8,3,0,1,1,1,2,19,2,2,0.0,0.0,0.0,0.0,0.0,2.0,12,6,5
188062,16,2,3,17,13,0,0,1,1,1,0,18,2,2,0.0,0.0,0.0,0.0,0.0,2.0,16,6,12
6287,15,2,1,10,6,3,0,1,0,1,2,26,3,1,1.0,0.0,1.0,0.0,0.0,2.0,23,5,1
158855,15,2,3,0,6,3,0,1,0,1,2,5,2,2,0.0,0.0,0.0,0.0,0.0,2.0,14,6,11
161399,16,2,1,17,8,3,0,1,0,1,2,3,2,3,3.0,0.0,0.0,1.0,2.0,1.0,20,7,11
176212,18,3,2,10,3,3,0,1,1,1,2,19,2,2,0.0,0.0,0.0,0.0,0.0,2.0,10,3,12
161960,15,2,3,0,2,3,0,1,1,1,0,18,2,2,0.0,0.0,0.0,0.0,0.0,2.0,10,2,11
116354,16,2,3,0,8,3,0,5,0,1,2,36,2,3,2.0,0.0,0.0,2.0,0.0,1.0,16,2,8
21696,16,2,1,0,10,3,0,1,1,1,2,36,2,2,0.0,0.0,0.0,0.0,0.0,2.0,0,5,2
173248,16,2,1,10,3,3,0,1,1,1,1,36,2,2,0.0,0.0,0.0,0.0,0.0,2.0,20,7,12
106671,15,2,3,0,2,3,0,1,1,1,2,18,2,2,0.0,0.0,0.0,0.0,0.0,3.0,11,2,8
36764,4,2,3,17,2,3,0,1,1,1,2,36,2,2,0.0,0.0,0.0,0.0,0.0,2.0,8,2,3
83692,16,2,3,10,8,3,0,1,1,1,1,19,2,2,0.0,0.0,0.0,0.0,0.0,2.0,18,6,6
120366,4,2,3,2,3,3,0,5,1,0,2,12,1,2,0.0,0.0,0.0,0.0,0.0,1.0,6,5,8
110847,16,2,3,0,15,3,0,1,0,1,2,18,2,3,1.0,0.0,0.0,1.0,0.0,2.0,9,3,8
8914,16,2,3,10,8,3,0,1,0,1,2,34,2,4,1.0,0.0,0.0,0.0,1.0,1.0,15,3,1
70969,4,2,0,17,2,3,0,1,1,1,2,28,2,2,0.0,0.0,0.0,0.0,0.0,2.0,1,2,5
69043,16,2,3,15,6,3,5,5,1,0,2,23,2,2,0.0,0.0,0.0,0.0,0.0,2.0,3,6,5
14334,15,2,3,0,8,3,0,1,0,1,2,36,2,2,0.0,0.0,0.0,0.0,0.0,2.0,6,5,1
173387,15,2,3,0,6,3,0,1,1,1,2,5,2,2,0.0,0.0,0.0,0.0,0.0,10.0,15,3,12
69936,16,2,3,10,8,3,0,1,1,1,0,19,2,2,0.0,0.0,0.0,0.0,0.0,2.0,10,6,5
172025,4,2,1,0,6,3,0,1,0,1,2,18,2,2,0.0,0.0,0.0,0.0,0.0,2.0,17,5,11
172978,4,2,3,17,2,3,0,1,1,1,2,23,2,2,0.0,0.0,0.0,0.0,0.0,2.0,9,4,12
188521,15,2,1,0,6,3,0,1,0,1,2,18,2,2,0.0,0.0,0.0,0.0,0.0,2.0,19,2,12
57480,16,2,3,10,8,3,0,1,1,1,1,19,2,2,0.0,0.0,0.0,0.0,0.0,2.0,16,5,5
150774,15,2,4,17,8,3,0,1,1,1,2,18,2,2,0.0,0.0,0.0,0.0,0.0,2.0,19,1,10
76602,16,2,1,15,8,2,0,1,1,1,2,22,2,2,0.0,0.0,0.0,0.0,0.0,2.0,23,7,6
181286,16,2,1,17,3,3,0,1,0,1,1,6,2,3,1.0,0.0,0.0,1.0,0.0,1.0,4,5,12
52672,15,2,3,17,15,3,0,1,1,1,1,22,2,2,0.0,0.0,0.0,0.0,0.0,2.0,8,4,4
89014,4,2,3,15,8,3,0,1,1,0,1,23,2,2,0.0,0.0,0.0,0.0,0.0,2.0,15,6,7
77578,16,2,3,17,18,3,0,5,1,1,2,18,2,2,0.0,0.0,0.0,0.0,0.0,2.0,8,3,6
143612,16,7,3,10,8,3,6,1,1,1,2,19,3,2,0.0,0.0,0.0,0.0,0.0,3.0,9,6,10
5567,16,10,3,10,8,3,4,5,0,1,1,36,2,4,1.0,0.0,0.0,0.0,1.0,1.0,14,7,1
44670,16,2,1,10,8,3,0,1,0,1,1,8,2,4,1.0,0.0,0.0,0.0,1.0,1.0,20,2,4
181467,4,2,1,0,2,4,0,1,0,1,2,9,2,3,1.0,0.0,0.0,1.0,0.0,2.0,18,3,12
149481,16,3,3,0,8,3,6,1,1,1,1,6,2,2,0.0,0.0,0.0,0.0,0.0,2.0,8,5,10
100950,16,2,1,8,8,3,0,1,0,1,1,36,2,4,1.0,0.0,0.0,0.0,1.0,1.0,1,1,7
100148,16,2,3,10,8,3,0,1,1,1,2,36,2,2,0.0,0.0,0.0,0.0,0.0,3.0,14,4,7
42676,15,7,3,17,15,3,6,5,0,1,2,18,2,2,0.0,0.0,0.0,0.0,0.0,2.0,17,2,4
96089,15,2,3,0,8,3,0,1,0,1,2,36,2,4,2.0,0.0,0.0,0.0,2.0,1.0,13,3,7
156931,4,2,3,10,2,3,0,1,1,1,1,36,2,2,0.0,0.0,0.0,0.0,0.0,2.0,16,6,11
173338,4,2,2,9,8,3,0,1,0,1,0,36,2,4,1.0,0.0,0.0,0.0,1.0,1.0,16,2,12
23985,16,2,1,9,10,3,0,1,0,1,0,8,2,3,1.0,0.0,0.0,1.0,0.0,2.0,22,2,2
132860,15,2,3,0,8,3,0,5,1,1,2,18,2,2,0.0,0.0,0.0,0.0,0.0,2.0,12,5,9
22321,16,10,3,10,10,3,4,1,1,1,2,39,2,2,0.0,0.0,0.0,0.0,0.0,2.0,9,3,2
49772,15,3,3,0,6,3,5,5,1,1,2,36,2,2,0.0,0.0,0.0,0.0,0.0,4.0,15,4,4
62377,16,2,3,9,6,3,0,1,0,1,0,17,3,4,3.0,0.0,0.0,0.0,3.0,0.0,16,6,5
63649,16,2,3,10,2,3,0,1,0,1,2,13,2,2,0.0,0.0,0.0,0.0,0.0,3.0,5,4,5
188668,15,7,1,10,2,3,6,1,0,1,2,17,2,2,0.0,0.0,0.0,0.0,0.0,3.0,17,2,12
17231,16,2,3,15,8,3,6,1,1,1,1,36,2,2,0.0,0.0,0.0,0.0,0.0,2.0,12,7,2
102333,16,2,0,17,8,3,0,1,0,1,2,18,2,3,2.0,0.0,0.0,2.0,0.0,2.0,23,1,7
77162,16,2,3,10,8,3,0,1,1,1,2,19,3,2,0.0,0.0,0.0,0.0,0.0,3.0,16,2,6
1138,16,2,0,17,8,3,0,5,1,1,2,37,2,2,0.0,0.0,0.0,0.0,0.0,2.0,21,5,1
180137,16,2,3,10,10,3,0,1,1,1,0,19,2,2,0.0,0.0,0.0,0.0,0.0,4.0,13,6,12
56567,16,2,3,17,1,3,0,1,0,1,2,18,2,3,1.0,0.0,0.0,1.0,0.0,1.0,10,4,5
21968,16,11,1,0,6,3,6,1,0,1,2,12,2,3,2.0,0.0,0.0,2.0,0.0,0.0,5,4,2
49714,16,2,3,17,8,3,0,1,1,1,0,36,2,2,0.0,0.0,0.0,0.0,0.0,2.0,16,2,4
188454,16,2,2,0,6,3,0,1,1,1,2,6,2,2,0.0,0.0,0.0,0.0,0.0,2.0,6,7,12
163041,15,2,3,17,8,3,0,1,1,1,1,36,2,2,0.0,0.0,0.0,0.0,0.0,2.0,14,3,11
168269,16,2,3,17,6,3,0,1,1,1,2,19,2,2,0.0,0.0,0.0,0.0,0.0,3.0,13,7,11
66518,16,2,3,9,6,3,0,1,0,1,0,36,2,3,1.0,0.0,0.0,1.0,0.0,1.0,11,3,5
79722,15,2,3,0,6,3,0,1,0,1,2,18,2,3,2.0,0.0,0.0,1.0,1.0,2.0,20,4,6
64030,16,2,3,0,2,3,0,5,0,1,2,18,2,2,0.0,0.0,0.0,0.0,0.0,5.0,17,5,5
77384,4,2,0,17,8,3,5,5,1,1,2,30,2,2,0.0,0.0,0.0,0.0,0.0,2.0,22,6,6
184644,16,2,3,0,8,3,0,1,0,1,2,36,2,4,1.0,0.0,0.0,0.0,1.0,2.0,13,1,12
188444,15,2,3,17,2,3,5,5,0,1,2,36,2,4,1.0,0.0,0.0,0.0,1.0,5.0,16,7,12
146645,16,2,1,7,2,3,0,1,0,1,2,17,2,2,0.0,0.0,0.0,0.0,0.0,1.0,4,7,10
10549,16,2,3,9,11,3,6,6,1,1,0,18,2,2,0.0,0.0,0.0,0.0,0.0,2.0,15,2,1
5897,15,10,3,0,2,3,4,1,1,1,2,36,2,2,0.0,0.0,0.0,0.0,0.0,6.0,7,6,1
107482,4,2,3,10,15,3,0,1,1,1,2,36,2,2,0.0,0.0,0.0,0.0,0.0,2.0,18,7,8
153869,4,2,3,15,15,3,0,5,1,1,2,23,2,2,0.0,0.0,0.0,0.0,0.0,2.0,11,2,10
25845,16,2,1,15,8,3,0,1,1,1,2,36,2,2,0.0,0.0,0.0,0.0,0.0,2.0,17,1,2
36339,16,2,3,10,8,3,0,1,1,1,2,21,2,2,0.0,0.0,0.0,0.0,0.0,2.0,14,2,3
72597,16,2,3,17,8,3,0,6,1,1,2,36,2,2,0.0,0.0,0.0,0.0,0.0,3.0,12,4,6
164705,15,2,3,10,2,3,0,1,0,1,2,36,2,4,2.0,0.0,0.0,0.0,2.0,1.0,10,7,11
158470,16,2,1,0,6,3,0,1,1,1,2,6,2,2,0.0,0.0,0.0,0.0,0.0,4.0,1,1,11
65978,15,2,1,0,8,3,0,1,0,1,2,18,2,3,2.0,0.0,0.0,2.0,0.0,1.0,22,7,5
96021,16,2,3,0,6,3,0,5,0,1,2,6,3,3,1.0,0.0,0.0,1.0,0.0,3.0,12,3,7
162063,15,2,3,10,10,3,1,1,1,1,1,39,2,2,0.0,0.0,0.0,0.0,0.0,2.0,9,3,11
95981,16,2,3,0,10,3,0,1,1,1,1,6,2,2,0.0,0.0,0.0,0.0,0.0,2.0,19,3,7
54840,4,7,3,17,15,3,6,1,1,1,1,36,2,2,0.0,0.0,0.0,0.0,0.0,4.0,15,5,4
26505,16,10,3,0,8,3,4,1,0,1,2,6,5,1,2.0,0.0,1.0,1.0,0.0,1.0,9,6,2
181938,16,2,3,10,2,3,6,1,1,1,2,19,2,2,0.0,0.0,0.0,0.0,0.0,2.0,7,2,12
22174,4,2,1,17,3,3,0,1,1,1,2,24,2,2,0.0,0.0,0.0,0.0,0.0,2.0,22,6,2
38609,4,2,3,10,8,3,0,1,1,0,0,23,2,2,0.0,0.0,0.0,0.0,0.0,2.0,12,7,3
59043,17,2,1,17,2,3,0,5,0,1,1,24,2,4,1.0,0.0,0.0,0.0,1.0,1.0,4,2,5
180919,16,2,1,0,6,3,0,5,1,1,1,36,2,2,0.0,0.0,0.0,0.0,0.0,2.0,17,2,12
67470,15,2,3,17,8,3,0,1,1,1,2,22,2,2,0.0,0.0,0.0,0.0,0.0,2.0,16,3,5
156796,7,2,3,0,15,3,0,1,1,1,2,18,2,2,0.0,0.0,0.0,0.0,0.0,4.0,8,5,11
11209,15,11,1,0,6,3,5,1,1,1,2,18,2,2,0.0,0.0,0.0,0.0,0.0,2.0,22,5,1
182652,16,2,1,15,2,3,0,1,1,1,1,18,2,2,0.0,0.0,0.0,0.0,0.0,8.0,16,5,12
29003,16,2,1,10,6,3,0,5,1,1,1,36,2,2,0.0,0.0,0.0,0.0,0.0,2.0,18,4,3
75456,16,2,3,15,8,3,0,1,1,1,2,23,2,2,0.0,0.0,0.0,0.0,0.0,3.0,18,6,6
2884,4,5,4,10,2,3,6,1,1,1,1,19,2,2,0.0,0.0,0.0,0.0,0.0,4.0,16,2,1
83522,15,2,3,0,8,3,0,1,0,1,2,26,2,2,0.0,0.0,0.0,0.0,0.0,3.0,14,5,6
62922,4,2,3,17,8,3,0,1,1,1,1,19,2,2,0.0,0.0,0.0,0.0,0.0,2.0,15,7,5
159649,16,2,3,15,2,3,0,1,1,1,1,18,2,2,0.0,0.0,0.0,0.0,0.0,2.0,17,5,11
279,15,10,3,17,15,3,4,1,0,1,1,5,2,4,1.0,0.0,0.0,0.0,1.0,1.0,11,6,1
21601,16,2,1,17,3,3,0,1,1,1,2,6,2,2,0.0,0.0,0.0,0.0,0.0,2.0,20,4,2
92382,4,7,3,10,8,3,6,5,1,1,2,26,3,2,0.0,0.0,0.0,0.0,0.0,5.0,18,3,7
6425,16,2,3,0,6,3,4,2,1,1,2,6,2,2,0.0,0.0,0.0,0.0,0.0,4.0,11,7,1
50182,4,2,3,17,6,3,0,1,0,1,2,18,2,2,0.0,0.0,0.0,0.0,0.0,2.0,6,3,4
98251,4,7,1,17,8,3,6,1,0,1,2,11,2,3,1.0,0.0,0.0,1.0,0.0,2.0,4,7,7
1934,16,2,3,17,15,3,0,1,0,1,2,18,2,2,0.0,0.0,0.0,0.0,0.0,3.0,12,7,1
41953,16,2,3,10,8,3,0,1,1,1,2,19,2,2,0.0,0.0,0.0,0.0,0.0,2.0,10,1,3
49521,16,2,3,0,8,3,0,1,1,1,2,6,2,2,0.0,0.0,0.0,0.0,0.0,2.0,13,4,4
84415,15,2,1,0,8,3,0,1,1,1,2,17,2,2,0.0,0.0,0.0,0.0,0.0,3.0,22,4,6
30888,16,2,1,17,5,3,0,1,1,1,2,24,2,2,0.0,0.0,0.0,0.0,0.0,3.0,22,2,3
111225,4,2,3,17,8,3,0,1,0,1,2,18,2,3,1.0,0.0,0.0,1.0,0.0,2.0,12,7,8
73875,16,2,1,4,10,3,0,1,0,1,1,20,1,4,1.0,0.0,0.0,0.0,1.0,0.0,0,1,6
151756,16,11,1,0,6,3,5,5,1,1,1,6,2,2,0.0,0.0,0.0,0.0,0.0,2.0,23,6,10
82099,16,2,3,17,8,3,0,1,1,1,0,36,2,2,0.0,0.0,0.0,0.0,0.0,2.0,15,4,6
67422,15,2,3,0,10,3,0,1,0,1,1,11,2,4,1.0,0.0,0.0,0.0,1.0,2.0,18,2,5
50977,16,2,3,17,15,3,0,1,0,1,2,18,4,2,0.0,0.0,0.0,0.0,0.0,4.0,16,3,4
33657,16,3,0,0,8,3,5,5,0,1,2,6,2,3,1.0,0.0,0.0,1.0,0.0,1.0,20,7,3
84750,16,2,3,2,2,3,0,1,1,1,2,24,1,2,0.0,0.0,0.0,0.0,0.0,1.0,7,2,6
96733,16,7,3,9,15,3,6,1,0,1,1,17,2,1,1.0,0.0,1.0,0.0,0.0,1.0,8,5,7
63828,16,2,3,0,8,3,0,1,1,1,2,36,2,2,0.0,0.0,0.0,0.0,0.0,2.0,12,7,5
137884,16,2,3,10,8,3,0,1,1,1,2,19,2,2,0.0,0.0,0.0,0.0,0.0,3.0,16,6,10
161632,16,2,1,10,8,3,0,5,1,1,2,19,2,2,0.0,0.0,0.0,0.0,0.0,3.0,19,5,11
81736,16,2,4,15,8,3,0,6,0,1,2,37,3,2,0.0,0.0,0.0,0.0,0.0,5.0,20,6,6
162953,15,3,1,0,6,3,0,1,1,1,2,18,2,2,0.0,0.0,0.0,0.0,0.0,2.0,17,4,11
44784,4,7,3,10,9,3,6,1,1,1,2,19,3,2,0.0,0.0,0.0,0.0,0.0,3.0,7,4,4
106543,16,7,3,10,6,3,6,1,1,1,1,39,2,2,0.0,0.0,0.0,0.0,0.0,2.0,13,7,8
13539,4,2,4,17,2,3,4,1,1,1,2,36,2,2,0.0,0.0,0.0,0.0,0.0,2.0,6,5,1
155794,16,2,3,0,3,3,0,1,0,1,2,36,2,4,1.0,0.0,0.0,0.0,1.0,2.0,12,4,11
95986,16,2,3,9,6,3,0,5,0,1,0,6,2,3,1.0,0.0,0.0,1.0,0.0,1.0,7,3,7
12526,15,2,3,17,10,3,6,1,1,1,1,18,2,2,0.0,0.0,0.0,0.0,0.0,3.0,10,7,1
98442,4,2,3,15,2,3,0,1,1,0,1,36,2,2,0.0,0.0,0.0,0.0,0.0,3.0,15,4,7
181953,4,2,3,10,8,3,0,1,1,1,0,36,2,2,0.0,0.0,0.0,0.0,0.0,2.0,10,2,12
35198,4,2,1,0,2,3,0,5,1,1,2,36,2,2,0.0,0.0,0.0,0.0,0.0,2.0,18,4,3
40786,15,2,3,0,8,4,0,5,0,1,2,12,2,2,0.0,0.0,0.0,0.0,0.0,3.0,17,1,3
46499,16,3,3,10,10,3,0,1,0,1,0,17,2,3,1.0,0.0,0.0,1.0,0.0,1.0,7,7,4
95484,16,2,3,8,3,3,0,1,0,1,2,6,2,3,1.0,0.0,0.0,1.0,0.0,1.0,19,2,7
133014,16,2,3,10,10,3,0,1,1,1,0,19,2,2,0.0,0.0,0.0,0.0,0.0,2.0,5,6,9
134861,15,2,3,0,8,3,0,1,0,1,2,12,3,1,2.0,0.0,1.0,0.0,1.0,1.0,12,3,9
30118,15,10,1,17,2,3,4,1,0,1,1,18,2,2,0.0,0.0,0.0,0.0,0.0,4.0,19,2,3
88805,15,2,3,8,10,3,0,1,0,1,0,18,2,3,1.0,0.0,0.0,1.0,0.0,2.0,15,2,7
151390,15,2,3,0,2,3,0,5,1,1,1,36,2,2,0.0,0.0,0.0,0.0,0.0,3.0,15,3,10