crash_date,               traffic_control_device,weather_condition,lighting_condition,first_crash_type,trafficway_type,alignment,roadway_surface_cond,road_defect,crash_type,intersection_related_i,damage,prim_contributory_cause,num_units,most_severe_injury,injuries_total,injuries_fatal,injuries_incapacitating,injuries_non_incapacitating,injuries_reported_not_evident,injuries_no_indication,crash_hour,crash_day_of_week,crash_month
93391,16,2,1,17,2,3,0,5,1,1,1,24,2,2,0.0,0.0,0.0,0.0,0.0,4.0,2,5,7
134441,16,2,3,8,8,3,0,5,0,1,1,36,2,3,1.0,0.0,0.0,1.0,0.0,1.0,12,6,9
90636,15,2,3,0,6,3,0,1,1,1,2,18,3,2,0.0,0.0,0.0,0.0,0.0,2.0,14,3,7
97103,17,11,5,0,2,3,5,5,1,1,2,36,2,2,0.0,0.0,0.0,0.0,0.0,2.0,18,3,7
1315,15,2,3,0,8,3,1,1,1,1,1,39,2,2,0.0,0.0,0.0,0.0,0.0,2.0,12,2,1
169754,16,10,0,17,8,3,4,1,1,1,2,36,2,2,0.0,0.0,0.0,0.0,0.0,2.0,0,2,11
53904,16,7,3,10,6,3,6,1,1,1,2,17,2,2,0.0,0.0,0.0,0.0,0.0,3.0,15,6,4
48538,16,2,3,10,2,3,6,1,1,1,1,36,2,2,0.0,0.0,0.0,0.0,0.0,8.0,17,6,4
27382,4,2,3,7,8,3,0,1,1,1,2,36,2,2,0.0,0.0,0.0,0.0,0.0,1.0,13,7,2
54328,16,2,3,15,3,3,0,1,0,1,2,23,2,4,1.0,0.0,0.0,0.0,1.0,1.0,14,4,4
109976,16,2,3,10,2,3,0,5,1,1,2,19,3,2,0.0,0.0,0.0,0.0,0.0,3.0,16,2,8
184770,15,2,1,10,3,3,0,1,1,1,1,28,2,2,0.0,0.0,0.0,0.0,0.0,2.0,19,7,12
53815,15,3,3,17,8,3,0,1,1,1,2,36,2,2,0.0,0.0,0.0,0.0,0.0,3.0,9,3,4
60744,15,7,3,0,8,3,6,5,1,1,2,18,2,2,0.0,0.0,0.0,0.0,0.0,2.0,16,1,5
74756,4,2,1,2,8,3,0,5,0,1,2,26,1,2,0.0,0.0,0.0,0.0,0.0,1.0,3,2,6
31902,16,7,3,10,6,3,6,1,1,1,2,19,2,2,0.0,0.0,0.0,0.0,0.0,2.0,12,6,3
95475,16,2,3,0,6,3,0,1,0,1,2,26,3,4,2.0,0.0,0.0,0.0,2.0,2.0,17,2,7
186299,15,11,1,17,6,3,5,1,1,1,2,18,2,2,0.0,0.0,0.0,0.0,0.0,3.0,20,1,12
70494,16,2,1,0,6,3,0,1,0,1,2,36,2,3,7.0,0.0,0.0,6.0,1.0,1.0,11,1,5
997,16,2,1,0,17,3,0,1,0,1,2,36,2,2,0.0,0.0,0.0,0.0,0.0,2.0,22,3,1
118297,15,3,3,0,8,3,0,1,0,1,2,36,3,3,1.0,0.0,0.0,1.0,0.0,2.0,18,2,8
137864,4,2,1,7,8,3,0,1,0,1,2,20,4,2,0.0,0.0,0.0,0.0,0.0,1.0,1,6,10
118074,15,2,3,15,8,3,0,5,0,1,2,18,2,2,0.0,0.0,0.0,0.0,0.0,2.0,19,7,8
163525,4,7,2,7,6,3,6,5,1,1,2,22,2,2,0.0,0.0,0.0,0.0,0.0,1.0,6,5,11
109456,16,11,3,10,8,3,5,5,1,1,1,19,2,2,0.0,0.0,0.0,0.0,0.0,2.0,14,3,8
101971,4,2,3,17,2,3,0,1,1,1,2,24,2,2,0.0,0.0,0.0,0.0,0.0,2.0,18,1,7
117900,17,2,3,0,6,3,0,1,0,1,2,36,2,2,0.0,0.0,0.0,0.0,0.0,2.0,14,5,8
119171,16,7,3,10,8,3,6,1,1,1,1,39,2,2,0.0,0.0,0.0,0.0,0.0,2.0,9,1,8
187407,16,2,3,10,8,3,0,1,0,1,2,26,2,4,1.0,0.0,0.0,0.0,1.0,1.0,15,5,12
31575,15,3,3,17,8,4,0,1,1,1,2,23,2,2,0.0,0.0,0.0,0.0,0.0,2.0,10,6,3
53232,15,2,3,0,6,3,0,1,1,1,2,5,2,2,0.0,0.0,0.0,0.0,0.0,2.0,12,1,4
132442,16,2,3,15,8,3,5,5,1,1,1,23,2,2,0.0,0.0,0.0,0.0,0.0,2.0,15,5,9
146826,15,2,3,0,6,3,0,1,0,1,2,17,2,2,0.0,0.0,0.0,0.0,0.0,2.0,16,4,10
155167,4,2,3,0,2,3,0,1,0,1,1,18,2,2,0.0,0.0,0.0,0.0,0.0,2.0,9,3,10
59672,16,7,1,17,2,3,6,1,0,1,2,24,2,2,0.0,0.0,0.0,0.0,0.0,4.0,23,4,5
28615,16,2,3,17,6,3,0,1,0,1,2,18,2,2,0.0,0.0,0.0,0.0,0.0,3.0,8,4,3
176807,16,2,1,10,6,3,0,1,1,1,2,37,2,2,0.0,0.0,0.0,0.0,0.0,2.0,2,5,12
94832,15,2,3,2,3,3,0,1,0,1,2,14,1,2,0.0,0.0,0.0,0.0,0.0,1.0,17,5,7
78924,16,7,1,8,2,3,6,5,0,1,0,18,2,3,1.0,0.0,0.0,1.0,0.0,1.0,21,6,6
72447,16,2,3,17,8,3,0,1,1,1,1,24,2,2,0.0,0.0,0.0,0.0,0.0,2.0,15,1,6
24571,16,11,5,10,8,3,5,5,0,1,2,19,2,4,2.0,0.0,0.0,0.0,2.0,2.0,17,6,2
13399,16,2,3,17,10,3,0,1,1,1,2,24,2,2,0.0,0.0,0.0,0.0,0.0,2.0,10,1,1
108273,16,2,1,15,1,3,0,1,0,1,2,22,3,3,2.0,0.0,0.0,2.0,0.0,1.0,23,4,8
101180,15,2,3,0,6,3,0,1,1,1,2,36,2,2,0.0,0.0,0.0,0.0,0.0,2.0,14,6,7
126701,15,2,3,17,8,3,0,1,1,1,2,6,2,2,0.0,0.0,0.0,0.0,0.0,3.0,7,4,9
119663,16,2,3,8,19,3,0,5,0,1,1,18,2,3,1.0,0.0,0.0,1.0,0.0,1.0,15,2,8
132296,4,2,3,15,8,3,6,1,1,1,2,36,2,2,0.0,0.0,0.0,0.0,0.0,2.0,15,5,9
53800,15,2,1,0,6,3,0,1,1,1,2,18,2,2,0.0,0.0,0.0,0.0,0.0,2.0,19,3,4
32348,4,7,1,0,8,3,6,1,0,1,2,36,2,2,0.0,0.0,0.0,0.0,0.0,3.0,22,5,3
124507,16,2,0,7,3,3,0,1,1,1,0,26,2,2,0.0,0.0,0.0,0.0,0.0,4.0,23,7,9
29386,16,2,1,10,8,3,0,1,0,1,2,17,2,2,0.0,0.0,0.0,0.0,0.0,3.0,18,4,3
153065,15,2,3,0,2,3,0,1,0,1,2,18,2,3,1.0,0.0,0.0,1.0,0.0,2.0,14,4,10
166408,15,2,3,0,6,3,0,1,0,1,2,5,2,2,0.0,0.0,0.0,0.0,0.0,4.0,15,3,11
59082,15,2,3,0,8,3,0,1,1,1,2,5,2,2,0.0,0.0,0.0,0.0,0.0,3.0,10,2,5
16816,4,2,3,7,8,3,0,1,1,1,2,36,2,2,0.0,0.0,0.0,0.0,0.0,1.0,9,1,2
186275,16,2,3,15,18,3,0,1,1,1,2,24,2,2,0.0,0.0,0.0,0.0,0.0,3.0,13,1,12
41072,16,2,3,10,2,3,0,1,1,1,1,19,2,2,0.0,0.0,0.0,0.0,0.0,2.0,15,6,3
66478,15,2,3,9,2,3,0,5,0,1,0,38,2,1,1.0,0.0,1.0,0.0,0.0,1.0,16,3,5
112566,16,2,3,0,2,3,0,1,1,1,2,18,3,2,0.0,0.0,0.0,0.0,0.0,5.0,18,6,8
150558,16,2,3,17,8,3,0,1,1,1,1,36,2,2,0.0,0.0,0.0,0.0,0.0,6.0,8,4,10
20308,16,10,1,15,8,3,6,1,1,1,2,18,2,2,0.0,0.0,0.0,0.0,0.0,3.0,18,4,2
43234,4,7,3,10,8,3,6,1,1,1,2,19,2,2,0.0,0.0,0.0,0.0,0.0,2.0,8,3,4
87776,16,2,1,0,8,3,0,1,0,1,2,6,2,3,1.0,0.0,0.0,1.0,0.0,1.0,3,6,7
148565,16,2,1,17,6,3,0,6,0,1,2,18,2,2,0.0,0.0,0.0,0.0,0.0,2.0,19,7,10
23922,15,2,3,0,8,3,5,5,1,1,2,36,2,2,0.0,0.0,0.0,0.0,0.0,2.0,15,2,2
71425,4,2,2,15,15,3,0,1,1,1,2,23,2,2,0.0,0.0,0.0,0.0,0.0,2.0,5,1,5
85181,4,2,3,17,8,3,0,1,0,1,2,12,2,3,2.0,0.0,0.0,2.0,0.0,0.0,11,3,6
77988,16,2,3,10,8,3,5,5,1,1,1,19,2,2,0.0,0.0,0.0,0.0,0.0,2.0,15,1,6
58549,15,2,4,0,8,3,0,1,0,1,2,7,2,2,0.0,0.0,0.0,0.0,0.0,2.0,20,1,5
164950,16,2,1,17,6,3,5,1,1,1,2,17,2,2,0.0,0.0,0.0,0.0,0.0,2.0,17,1,11
18055,16,2,3,10,8,3,6,1,0,0,1,19,2,4,1.0,0.0,0.0,0.0,1.0,1.0,12,6,2
162426,4,2,1,10,10,3,0,1,1,1,2,21,2,2,0.0,0.0,0.0,0.0,0.0,4.0,19,6,11
97730,16,2,3,10,8,3,0,1,1,1,2,19,2,2,0.0,0.0,0.0,0.0,0.0,2.0,19,6,7
125632,16,2,3,10,11,3,0,1,1,1,1,26,2,2,0.0,0.0,0.0,0.0,0.0,2.0,6,3,9
64947,16,2,3,15,6,3,0,1,1,1,2,12,2,2,0.0,0.0,0.0,0.0,0.0,2.0,17,5,5
137900,4,2,3,0,11,3,0,1,1,1,1,18,2,2,0.0,0.0,0.0,0.0,0.0,2.0,18,6,10
83722,16,2,1,9,8,3,6,3,0,1,0,6,2,3,1.0,0.0,0.0,1.0,0.0,1.0,1,7,6
86323,4,2,3,17,8,3,0,1,0,1,2,18,2,2,0.0,0.0,0.0,0.0,0.0,5.0,10,5,6
131903,16,2,3,10,1,3,0,1,0,1,2,19,2,4,1.0,0.0,0.0,0.0,1.0,1.0,8,5,9
54140,16,5,3,17,6,3,6,1,0,1,2,36,4,2,0.0,0.0,0.0,0.0,0.0,4.0,18,7,4
80706,16,2,1,17,6,3,0,1,0,1,2,6,2,2,0.0,0.0,0.0,0.0,0.0,3.0,0,5,6
166596,16,2,3,15,8,3,0,1,1,1,2,18,2,2,0.0,0.0,0.0,0.0,0.0,2.0,12,3,11
91699,4,2,3,10,10,3,0,1,1,1,2,36,2,2,0.0,0.0,0.0,0.0,0.0,2.0,9,5,7
4397,16,7,3,0,3,3,6,1,1,1,2,6,2,2,0.0,0.0,0.0,0.0,0.0,2.0,6,3,1
45110,16,2,3,0,8,3,0,1,0,1,2,6,2,2,0.0,0.0,0.0,0.0,0.0,3.0,9,3,4
86968,16,2,3,17,6,3,0,1,0,1,2,18,2,2,0.0,0.0,0.0,0.0,0.0,3.0,13,3,6
186055,16,3,3,10,8,3,6,1,0,1,2,36,3,3,1.0,0.0,0.0,1.0,0.0,2.0,7,2,12
114305,4,2,3,0,15,3,0,1,0,1,2,18,2,2,0.0,0.0,0.0,0.0,0.0,3.0,16,6,8
7115,4,2,3,17,8,3,0,1,1,1,2,24,2,2,0.0,0.0,0.0,0.0,0.0,3.0,14,3,1
35066,15,10,3,0,6,3,4,1,0,1,2,39,2,4,2.0,0.0,0.0,0.0,2.0,0.0,13,2,3
168597,16,2,3,17,6,3,0,1,0,0,2,19,3,4,1.0,0.0,0.0,0.0,1.0,4.0,10,7,11
47401,16,2,4,8,6,3,0,1,1,1,1,18,2,2,0.0,0.0,0.0,0.0,0.0,2.0,18,3,4
174169,4,2,2,15,8,3,0,1,0,1,2,36,3,1,1.0,0.0,1.0,0.0,0.0,5.0,16,2,12
173972,16,2,3,17,8,3,0,1,1,1,2,18,2,2,0.0,0.0,0.0,0.0,0.0,2.0,14,6,12
49525,16,2,3,10,2,3,0,1,1,1,2,19,2,2,0.0,0.0,0.0,0.0,0.0,2.0,14,4,4
75176,15,2,1,9,10,3,0,1,0,1,0,18,2,3,1.0,0.0,0.0,1.0,0.0,1.0,0,6,6
3868,16,10,3,10,8,3,6,1,1,1,1,36,2,2,0.0,0.0,0.0,0.0,0.0,2.0,15,7,1
100322,16,2,3,10,2,3,0,1,0,1,2,19,2,3,2.0,0.0,0.0,2.0,0.0,2.0,12,4,7
149992,16,2,3,8,8,3,0,1,0,1,2,24,2,3,1.0,0.0,0.0,1.0,0.0,1.0,16,5,10
188935,16,2,1,10,6,3,6,1,0,1,2,36,3,3,1.0,0.0,0.0,1.0,0.0,8.0,20,7,12
67225,15,2,3,0,8,4,0,1,0,1,2,18,2,4,1.0,0.0,0.0,0.0,1.0,1.0,19,5,5
92389,15,2,3,0,16,3,0,1,1,1,1,18,2,2,0.0,0.0,0.0,0.0,0.0,2.0,8,3,7
2701,15,2,3,10,3,3,0,5,1,1,0,19,2,2,0.0,0.0,0.0,0.0,0.0,2.0,6,5,1
52264,16,2,1,0,6,3,0,1,0,1,2,6,2,3,1.0,0.0,0.0,1.0,0.0,1.0,20,5,4
13638,16,2,1,10,8,4,6,1,0,1,2,36,2,3,1.0,0.0,0.0,1.0,0.0,1.0,22,6,1
113636,15,2,1,17,2,3,0,1,1,1,1,12,2,2,0.0,0.0,0.0,0.0,0.0,2.0,22,1,8
110914,16,2,3,10,2,3,0,5,0,1,2,17,4,3,2.0,0.0,0.0,1.0,1.0,3.0,8,2,8
60703,16,2,1,10,2,3,0,1,0,1,2,22,2,3,1.0,0.0,0.0,1.0,0.0,2.0,21,6,5
52099,15,2,1,10,2,3,0,1,0,1,2,17,2,2,0.0,0.0,0.0,0.0,0.0,2.0,6,1,4
179486,16,2,3,10,8,3,6,1,1,1,1,19,2,2,0.0,0.0,0.0,0.0,0.0,2.0,8,4,12
10235,16,2,3,17,19,3,6,1,0,1,2,36,2,2,0.0,0.0,0.0,0.0,0.0,2.0,9,3,1
126531,16,2,3,17,6,3,0,1,0,1,1,36,2,3,1.0,0.0,0.0,1.0,0.0,1.0,15,4,9
76790,16,2,1,10,6,3,6,1,1,1,2,19,2,2,0.0,0.0,0.0,0.0,0.0,3.0,21,4,6
168650,16,2,3,17,2,3,0,1,0,1,2,24,2,2,0.0,0.0,0.0,0.0,0.0,6.0,13,6,11
155789,15,2,3,10,10,3,0,1,0,1,0,16,2,1,1.0,0.0,1.0,0.0,0.0,5.0,11,4,11
25553,15,2,3,0,10,3,0,1,1,1,2,36,2,2,0.0,0.0,0.0,0.0,0.0,2.0,9,4,2
66417,16,2,3,15,3,3,0,1,1,0,0,22,2,2,0.0,0.0,0.0,0.0,0.0,2.0,13,1,5
144607,15,7,3,10,8,3,6,1,1,1,1,39,2,2,0.0,0.0,0.0,0.0,0.0,3.0,17,5,10
119415,15,2,3,7,2,3,0,1,1,1,1,4,2,2,0.0,0.0,0.0,0.0,0.0,1.0,11,3,8
173696,16,2,3,10,6,3,0,1,1,1,2,17,3,2,0.0,0.0,0.0,0.0,0.0,3.0,8,3,12
78761,4,2,3,0,8,3,0,1,1,1,1,18,2,2,0.0,0.0,0.0,0.0,0.0,3.0,15,4,6
170630,15,7,3,0,8,3,6,1,1,1,1,18,2,2,0.0,0.0,0.0,0.0,0.0,2.0,14,2,11
9257,16,10,1,9,12,3,4,5,0,0,2,28,2,3,1.0,0.0,0.0,1.0,0.0,1.0,17,7,1
138202,15,2,0,0,2,3,0,1,0,1,1,36,2,3,1.0,0.0,0.0,1.0,0.0,1.0,17,2,10
115945,4,2,3,10,8,3,0,1,0,1,2,19,3,2,0.0,0.0,0.0,0.0,0.0,3.0,17,3,8
66792,16,2,1,17,6,3,0,6,0,1,2,36,2,3,1.0,0.0,0.0,1.0,0.0,6.0,2,7,5
22019,4,2,3,0,8,3,0,5,0,1,2,26,2,2,0.0,0.0,0.0,0.0,0.0,2.0,16,5,2
47388,4,2,3,15,9,3,0,1,1,1,2,36,2,2,0.0,0.0,0.0,0.0,0.0,2.0,17,3,4
102539,15,2,3,0,15,3,0,1,1,1,2,38,2,2,0.0,0.0,0.0,0.0,0.0,3.0,15,4,7
101784,16,2,3,0,6,3,0,1,0,1,2,18,2,3,1.0,0.0,0.0,1.0,0.0,2.0,18,7,7
98522,16,2,3,17,8,3,0,5,1,1,2,12,2,2,0.0,0.0,0.0,0.0,0.0,2.0,17,5,7
144726,4,2,3,0,12,3,0,1,1,1,2,38,2,2,0.0,0.0,0.0,0.0,0.0,3.0,16,7,10
173880,15,11,1,10,10,3,5,5,1,1,2,26,2,2,0.0,0.0,0.0,0.0,0.0,2.0,21,3,12
12543,4,2,3,17,8,3,0,1,0,1,2,36,2,4,1.0,0.0,0.0,0.0,1.0,1.0,13,1,1
272,4,10,3,0,15,4,6,4,0,1,1,36,2,2,0.0,0.0,0.0,0.0,0.0,2.0,8,6,1
185031,16,3,3,10,8,3,6,1,1,1,2,17,2,2,0.0,0.0,0.0,0.0,0.0,2.0,14,6,12
15683,16,2,3,15,2,3,0,1,1,1,1,22,2,2,0.0,0.0,0.0,0.0,0.0,2.0,15,7,2
150297,16,2,3,17,6,3,0,1,1,1,2,24,2,2,0.0,0.0,0.0,0.0,0.0,2.0,11,3,10
15124,16,2,1,9,2,3,0,1,0,1,1,18,2,3,1.0,0.0,0.0,1.0,0.0,1.0,18,5,2
93635,4,2,0,10,3,3,0,1,0,1,1,36,2,3,3.0,0.0,0.0,3.0,0.0,2.0,22,6,7
40610,15,2,3,14,8,3,0,1,1,1,1,36,2,2,0.0,0.0,0.0,0.0,0.0,2.0,15,4,3
141485,15,7,3,0,6,3,6,5,0,1,2,18,2,3,1.0,0.0,0.0,1.0,0.0,3.0,10,6,10
31751,4,2,3,10,6,3,0,1,1,1,2,19,2,2,0.0,0.0,0.0,0.0,0.0,2.0,14,4,3
70356,16,2,4,2,2,3,0,1,1,1,1,32,1,2,0.0,0.0,0.0,0.0,0.0,1.0,20,6,5
56128,4,2,3,10,8,3,0,1,0,1,1,19,2,4,3.0,0.0,0.0,0.0,3.0,1.0,16,4,5
139680,15,2,3,0,6,3,0,1,0,1,2,36,2,3,1.0,0.0,0.0,1.0,0.0,3.0,8,3,10
180922,4,10,1,8,8,3,6,5,0,1,2,36,2,3,1.0,0.0,0.0,1.0,0.0,1.0,5,2,12
145858,16,2,3,10,2,3,0,1,0,1,1,36,2,3,3.0,0.0,0.0,1.0,2.0,1.0,16,2,10
14200,15,2,1,0,8,3,0,1,1,1,1,18,2,2,0.0,0.0,0.0,0.0,0.0,5.0,18,2,1
149803,16,7,1,0,10,3,6,1,0,1,2,6,2,2,0.0,0.0,0.0,0.0,0.0,2.0,20,1,10
149068,16,2,3,2,6,3,0,1,1,1,2,36,1,2,0.0,0.0,0.0,0.0,0.0,1.0,10,6,10
96896,16,2,3,0,8,3,0,5,0,1,2,12,3,3,2.0,0.0,0.0,1.0,1.0,3.0,12,1,7
18233,15,2,3,0,6,3,0,5,1,1,2,36,2,2,0.0,0.0,0.0,0.0,0.0,3.0,15,4,2
154491,16,2,3,10,8,3,0,1,1,1,2,17,2,2,0.0,0.0,0.0,0.0,0.0,2.0,7,2,10
105693,4,2,3,0,8,3,5,5,1,1,1,18,2,2,0.0,0.0,0.0,0.0,0.0,2.0,18,7,8
48553,16,2,3,17,2,3,0,1,1,1,0,24,2,2,0.0,0.0,0.0,0.0,0.0,3.0,10,6,4
94470,16,2,3,17,1,3,0,5,1,1,2,24,2,2,0.0,0.0,0.0,0.0,0.0,2.0,18,7,7
153675,16,7,3,17,6,3,6,1,0,1,2,36,2,2,0.0,0.0,0.0,0.0,0.0,2.0,9,5,10
178947,4,3,1,10,2,3,0,1,0,1,2,19,2,2,0.0,0.0,0.0,0.0,0.0,2.0,19,4,12
49894,16,7,1,0,8,3,6,1,0,1,2,6,2,3,3.0,0.0,0.0,3.0,0.0,1.0,17,4,4
147239,16,2,5,10,8,3,5,5,1,1,0,36,2,2,0.0,0.0,0.0,0.0,0.0,2.0,16,2,10
33075,16,2,1,10,2,3,0,1,1,1,2,19,3,2,0.0,0.0,0.0,0.0,0.0,3.0,19,4,3
18942,15,10,3,0,2,3,6,1,1,1,2,36,2,2,0.0,0.0,0.0,0.0,0.0,2.0,11,1,2
144169,4,2,3,17,2,3,0,1,1,1,0,24,2,2,0.0,0.0,0.0,0.0,0.0,2.0,11,6,10
5284,4,2,1,7,8,3,0,1,1,0,2,36,2,2,0.0,0.0,0.0,0.0,0.0,1.0,22,4,1
131889,16,2,3,10,8,3,0,1,1,0,0,36,2,2,0.0,0.0,0.0,0.0,0.0,2.0,19,5,9
63946,16,2,3,17,8,3,0,1,0,1,2,36,3,3,1.0,0.0,0.0,1.0,0.0,3.0,14,3,5
113345,16,2,3,15,10,3,0,1,0,1,2,19,5,2,0.0,0.0,0.0,0.0,0.0,2.0,16,5,8
159513,16,11,5,17,8,3,5,1,1,1,1,24,2,2,0.0,0.0,0.0,0.0,0.0,2.0,14,2,11
128758,15,2,3,17,18,3,0,1,0,1,2,36,2,2,0.0,0.0,0.0,0.0,0.0,2.0,14,6,9
140617,15,2,3,0,8,2,0,1,0,1,2,38,2,3,2.0,0.0,0.0,2.0,0.0,0.0,14,1,10
95969,4,11,5,0,6,3,5,5,1,1,1,26,2,2,0.0,0.0,0.0,0.0,0.0,2.0,18,3,7
66392,15,2,1,0,6,3,0,1,1,1,2,18,2,2,0.0,0.0,0.0,0.0,0.0,4.0,20,7,5
41309,4,11,3,10,6,3,5,5,1,1,1,17,2,2,0.0,0.0,0.0,0.0,0.0,2.0,13,6,3
145675,16,2,0,11,8,3,0,1,0,0,2,11,3,3,1.0,0.0,0.0,1.0,0.0,4.0,21,7,10
17932,16,2,1,10,11,4,6,1,0,1,2,19,3,4,1.0,0.0,0.0,0.0,1.0,2.0,18,5,2
35094,16,2,3,15,6,3,0,1,1,1,1,12,2,2,0.0,0.0,0.0,0.0,0.0,2.0,8,2,3
57528,15,2,3,0,8,3,0,1,1,1,2,18,2,2,0.0,0.0,0.0,0.0,0.0,7.0,18,6,5
159419,16,2,3,0,8,3,0,1,0,1,2,36,2,3,2.0,0.0,0.0,1.0,1.0,1.0,8,7,11
183535,16,2,2,6,6,3,0,1,1,1,2,23,2,2,0.0,0.0,0.0,0.0,0.0,2.0,6,6,12
3892,16,10,1,17,1,3,4,1,0,1,2,18,2,3,1.0,0.0,0.0,1.0,0.0,2.0,18,2,1
81795,15,2,3,10,10,3,0,1,1,1,1,36,2,2,0.0,0.0,0.0,0.0,0.0,2.0,17,7,6
181037,4,2,3,0,10,3,0,1,0,1,2,18,3,4,2.0,0.0,0.0,0.0,2.0,2.0,8,5,12
42806,16,2,3,17,2,3,0,1,0,1,2,36,3,4,1.0,0.0,0.0,0.0,1.0,2.0,11,2,4
75140,4,2,3,10,8,3,0,1,0,1,1,19,2,4,1.0,0.0,0.0,0.0,1.0,1.0,19,6,6
95950,16,2,3,17,6,3,0,1,0,1,2,17,2,3,1.0,0.0,0.0,1.0,0.0,1.0,15,3,7
97409,15,2,1,0,15,3,0,1,0,1,2,36,2,2,0.0,0.0,0.0,0.0,0.0,2.0,20,2,7
65199,4,2,3,10,8,3,6,1,1,1,2,19,2,2,0.0,0.0,0.0,0.0,0.0,6.0,14,1,5
49780,15,3,3,0,6,3,0,1,1,1,1,5,2,2,0.0,0.0,0.0,0.0,0.0,5.0,17,4,4
119954,16,2,3,8,8,3,0,1,0,1,0,18,2,4,1.0,0.0,0.0,0.0,1.0,1.0,8,4,8
33521,4,2,1,0,6,3,0,1,1,1,2,36,2,2,0.0,0.0,0.0,0.0,0.0,2.0,19,5,3
5196,15,2,1,0,6,3,0,1,0,1,2,5,2,2,0.0,0.0,0.0,0.0,0.0,2.0,18,3,1
132375,16,2,2,10,8,3,0,1,0,1,2,26,2,4,1.0,0.0,0.0,0.0,1.0,3.0,18,7,9
131225,16,2,3,8,8,3,0,1,0,1,2,36,2,3,1.0,0.0,0.0,1.0,0.0,1.0,11,5,9
89914,16,7,3,0,8,3,6,1,1,1,0,39,2,2,0.0,0.0,0.0,0.0,0.0,2.0,19,5,7
153282,16,2,3,8,2,3,0,1,1,0,2,18,2,2,0.0,0.0,0.0,0.0,0.0,2.0,13,1,10
95488,4,2,4,17,15,3,0,1,1,1,2,18,2,2,0.0,0.0,0.0,0.0,0.0,2.0,19,2,7
90741,16,2,3,17,2,3,0,5,1,1,2,22,2,2,0.0,0.0,0.0,0.0,0.0,2.0,9,4,7
11076,4,3,3,10,8,3,6,1,1,1,1,19,2,2,0.0,0.0,0.0,0.0,0.0,3.0,8,3,1
34444,16,2,3,10,2,3,6,1,1,1,0,19,2,2,0.0,0.0,0.0,0.0,0.0,2.0,14,5,3
115911,4,2,3,15,8,3,0,1,1,0,0,36,2,2,0.0,0.0,0.0,0.0,0.0,2.0,12,2,8
105909,16,2,1,17,3,3,0,1,1,1,1,18,2,2,0.0,0.0,0.0,0.0,0.0,3.0,20,4,8
79877,4,2,3,0,8,3,0,1,1,1,1,36,2,2,0.0,0.0,0.0,0.0,0.0,2.0,16,5,6
96742,16,7,3,17,10,3,6,1,1,1,1,23,2,2,0.0,0.0,0.0,0.0,0.0,3.0,9,5,7
164932,16,2,1,10,2,3,0,1,1,0,2,36,2,2,0.0,0.0,0.0,0.0,0.0,3.0,1,1,11
55364,4,3,3,7,12,3,0,1,1,0,2,36,2,2,0.0,0.0,0.0,0.0,0.0,1.0,10,6,4
125721,16,7,1,17,2,3,6,1,0,1,1,39,2,3,1.0,0.0,0.0,1.0,0.0,2.0,20,5,9
56414,15,3,3,0,8,3,0,1,1,1,2,23,2,2,0.0,0.0,0.0,0.0,0.0,3.0,12,2,5
90885,16,2,1,15,2,3,0,1,1,1,2,23,2,2,0.0,0.0,0.0,0.0,0.0,4.0,20,5,7
159294,16,2,3,10,8,3,0,1,1,0,2,17,3,2,0.0,0.0,0.0,0.0,0.0,3.0,7,4,11
35180,16,2,3,10,2,3,0,1,1,1,1,36,2,2,0.0,0.0,0.0,0.0,0.0,2.0,16,4,3
7412,16,2,1,17,6,3,0,1,1,1,2,24,2,2,0.0,0.0,0.0,0.0,0.0,4.0,18,1,1
93315,16,2,3,17,6,3,0,1,1,1,2,22,2,2,0.0,0.0,0.0,0.0,0.0,3.0,10,2,7
57995,15,2,3,10,2,3,0,5,0,1,2,19,2,4,1.0,0.0,0.0,0.0,1.0,1.0,15,7,5
156857,16,2,3,17,6,3,0,1,0,1,2,24,2,2,0.0,0.0,0.0,0.0,0.0,2.0,9,7,11
167079,4,2,3,17,2,3,0,1,1,1,2,18,2,2,0.0,0.0,0.0,0.0,0.0,3.0,7,3,11
163876,15,7,5,9,8,3,6,1,0,1,0,36,2,3,1.0,0.0,0.0,1.0,0.0,1.0,9,1,11
4697,16,3,1,10,2,3,0,1,0,1,2,17,2,4,2.0,0.0,0.0,0.0,2.0,1.0,19,2,1
49018,16,2,1,10,10,3,0,5,1,1,1,34,2,2,0.0,0.0,0.0,0.0,0.0,2.0,22,7,4
137342,16,2,3,17,8,3,0,1,1,1,2,24,2,2,0.0,0.0,0.0,0.0,0.0,2.0,10,5,9
121473,16,2,3,17,16,3,0,1,1,1,2,24,2,2,0.0,0.0,0.0,0.0,0.0,2.0,8,6,9
10669,16,7,3,17,11,3,6,1,0,1,2,24,2,4,2.0,0.0,0.0,0.0,2.0,1.0,10,3,1
15598,16,2,1,10,8,3,0,5,1,1,1,19,2,2,0.0,0.0,0.0,0.0,0.0,2.0,21,5,2
158507,16,2,3,17,6,3,0,1,1,1,2,18,2,2,0.0,0.0,0.0,0.0,0.0,2.0,12,1,11
148698,17,2,1,10,8,3,0,1,1,0,2,8,2,2,0.0,0.0,0.0,0.0,0.0,2.0,20,6,10
126258,16,3,3,17,8,3,5,5,1,1,2,22,3,2,0.0,0.0,0.0,0.0,0.0,5.0,17,6,9
6091,16,10,3,10,2,3,0,1,1,1,1,19,2,2,0.0,0.0,0.0,0.0,0.0,3.0,2,1,1