crash_date,               traffic_control_device,weather_condition,lighting_condition,first_crash_type,trafficway_type,alignment,roadway_surface_cond,road_defect,crash_type,intersection_related_i,damage,prim_contributory_cause,num_units,most_severe_injury,injuries_total,injuries_fatal,injuries_incapacitating,injuries_non_incapacitating,injuries_reported_not_evident,injuries_no_indication,crash_hour,crash_day_of_week,crash_month
114831,16,2,3,15,2,3,0,1,1,1,2,23,2,2,0.0,0.0,0.0,0.0,0.0,2.0,12,6,8
148256,15,7,3,17,6,4,6,1,0,1,1,12,2,4,1.0,0.0,0.0,0.0,1.0,1.0,15,2,10
83316,16,2,1,17,8,3,0,1,1,1,2,36,2,2,0.0,0.0,0.0,0.0,0.0,2.0,23,7,6
170797,16,3,1,15,8,3,6,1,1,1,0,22,2,2,0.0,0.0,0.0,0.0,0.0,7.0,17,5,11
163048,16,2,3,17,8,3,0,1,1,1,1,18,2,2,0.0,0.0,0.0,0.0,0.0,3.0,14,3,11
60851,4,2,3,15,8,3,0,1,1,1,1,36,2,2,0.0,0.0,0.0,0.0,0.0,2.0,15,3,5
137372,16,2,3,0,6,3,0,1,0,1,2,6,2,2,0.0,0.0,0.0,0.0,0.0,2.0,15,6,9
166316,16,2,1,15,8,3,0,1,1,0,1,22,3,2,0.0,0.0,0.0,0.0,0.0,5.0,21,7,11
118704,15,2,3,17,15,3,0,1,0,1,2,35,2,3,4.0,0.0,0.0,4.0,0.0,0.0,7,2,8
63184,16,4,3,15,8,0,6,1,1,1,2,13,3,2,0.0,0.0,0.0,0.0,0.0,8.0,6,3,5
44229,16,2,3,0,8,3,0,1,1,1,1,18,2,2,0.0,0.0,0.0,0.0,0.0,2.0,18,6,4
171163,16,2,1,2,1,3,0,1,0,1,1,6,2,2,0.0,0.0,0.0,0.0,0.0,2.0,16,4,11
89035,16,2,4,10,1,3,0,1,0,0,0,19,2,4,1.0,0.0,0.0,0.0,1.0,1.0,19,6,7
67552,15,2,3,17,6,3,0,1,0,1,2,18,2,4,1.0,0.0,0.0,0.0,1.0,7.0,17,5,5
188956,16,2,3,9,8,3,0,5,0,1,0,18,2,4,1.0,0.0,0.0,0.0,1.0,1.0,11,7,12
155678,4,2,3,15,3,3,0,1,1,1,1,18,2,2,0.0,0.0,0.0,0.0,0.0,2.0,15,1,11
64235,15,3,3,0,8,3,0,1,0,1,2,18,3,2,0.0,0.0,0.0,0.0,0.0,2.0,8,6,5
5297,4,2,3,0,6,3,0,1,1,1,1,18,2,2,0.0,0.0,0.0,0.0,0.0,2.0,13,5,1
58535,16,2,3,0,8,3,0,1,1,1,1,38,2,2,0.0,0.0,0.0,0.0,0.0,2.0,16,1,5
135671,4,2,3,17,6,3,0,1,1,1,1,36,2,2,0.0,0.0,0.0,0.0,0.0,2.0,13,3,9
127948,16,2,3,8,6,3,0,1,1,1,2,1,2,2,0.0,0.0,0.0,0.0,0.0,2.0,7,7,9
175357,16,2,3,17,6,3,0,1,0,1,2,19,2,3,1.0,0.0,0.0,1.0,0.0,3.0,15,6,12
145373,16,2,1,15,8,3,0,1,1,1,2,19,2,2,0.0,0.0,0.0,0.0,0.0,2.0,18,2,10
126608,16,2,3,15,11,3,0,1,1,1,0,26,2,2,0.0,0.0,0.0,0.0,0.0,2.0,8,2,9
173110,16,3,3,10,3,3,0,5,1,0,2,10,2,2,0.0,0.0,0.0,0.0,0.0,3.0,14,7,12
69989,16,2,3,0,6,3,0,1,0,1,2,36,2,3,3.0,0.0,0.0,3.0,0.0,0.0,18,7,5
157602,15,2,3,0,19,3,0,1,1,1,2,36,2,2,0.0,0.0,0.0,0.0,0.0,3.0,16,2,11
164434,16,2,1,8,8,3,0,1,0,1,0,3,2,3,1.0,0.0,0.0,1.0,0.0,1.0,5,2,11
8366,16,10,3,9,8,3,4,1,0,1,2,12,2,3,1.0,0.0,0.0,1.0,0.0,1.0,10,1,1
59512,16,2,3,15,8,3,0,1,1,0,2,23,2,2,0.0,0.0,0.0,0.0,0.0,2.0,16,2,5
116585,4,2,4,10,8,3,0,1,0,1,1,19,3,3,1.0,0.0,0.0,1.0,0.0,3.0,21,5,8
47693,16,2,3,10,2,3,0,1,1,1,2,17,2,2,0.0,0.0,0.0,0.0,0.0,2.0,11,6,4
18087,16,2,0,10,8,3,0,1,1,1,1,36,2,2,0.0,0.0,0.0,0.0,0.0,2.0,18,1,2
145410,16,2,3,10,8,3,0,1,1,1,1,36,2,2,0.0,0.0,0.0,0.0,0.0,2.0,14,4,10
28999,15,2,0,0,6,3,0,1,1,1,2,17,2,2,0.0,0.0,0.0,0.0,0.0,2.0,18,4,3
13869,16,2,1,14,8,3,4,5,1,1,2,36,2,2,0.0,0.0,0.0,0.0,0.0,2.0,18,3,1
101090,15,2,3,0,6,3,0,1,0,1,2,18,2,2,0.0,0.0,0.0,0.0,0.0,2.0,7,3,7
159279,17,11,5,0,8,3,5,5,1,1,2,36,2,2,0.0,0.0,0.0,0.0,0.0,2.0,16,4,11
153232,16,7,0,15,2,3,6,1,1,1,2,22,2,2,0.0,0.0,0.0,0.0,0.0,2.0,18,6,10
32772,16,2,4,17,8,3,6,1,1,1,2,6,2,2,0.0,0.0,0.0,0.0,0.0,2.0,15,6,3
98597,16,2,3,10,5,3,0,1,1,1,1,36,2,2,0.0,0.0,0.0,0.0,0.0,2.0,15,6,7
102868,16,2,1,17,2,3,0,1,1,1,0,24,2,2,0.0,0.0,0.0,0.0,0.0,2.0,3,7,7
108938,16,2,3,0,15,3,0,1,0,1,2,36,2,2,0.0,0.0,0.0,0.0,0.0,2.0,14,2,8
97876,16,2,3,15,1,3,0,1,1,1,0,23,2,2,0.0,0.0,0.0,0.0,0.0,2.0,10,2,7
269,16,10,1,15,8,3,4,1,1,1,1,23,2,2,0.0,0.0,0.0,0.0,0.0,2.0,19,6,1
161177,16,2,1,10,8,3,0,1,0,1,2,17,2,2,0.0,0.0,0.0,0.0,0.0,6.0,18,5,11
106165,16,2,3,17,11,3,0,1,1,1,1,24,2,2,0.0,0.0,0.0,0.0,0.0,3.0,13,7,8
115901,16,2,3,10,6,3,0,1,1,1,1,19,2,2,0.0,0.0,0.0,0.0,0.0,4.0,10,2,8
132405,16,2,1,10,8,3,5,5,1,1,2,36,2,2,0.0,0.0,0.0,0.0,0.0,2.0,22,7,9
147711,4,7,3,17,6,3,6,1,1,1,2,24,2,2,0.0,0.0,0.0,0.0,0.0,3.0,12,1,10
45629,4,7,3,3,8,3,6,1,1,1,2,36,2,2,0.0,0.0,0.0,0.0,0.0,2.0,18,6,4
99540,16,7,1,17,6,3,6,1,0,1,2,22,2,2,0.0,0.0,0.0,0.0,0.0,4.0,3,7,7
106827,16,7,3,10,2,3,6,1,1,1,2,17,2,2,0.0,0.0,0.0,0.0,0.0,2.0,6,3,8
175289,15,2,1,0,11,3,0,1,1,1,2,5,2,2,0.0,0.0,0.0,0.0,0.0,2.0,2,4,12
41705,16,2,3,10,2,3,6,1,1,1,1,36,3,2,0.0,0.0,0.0,0.0,0.0,5.0,17,5,3
50678,15,2,3,0,6,3,0,1,0,1,2,5,2,1,1.0,0.0,1.0,0.0,0.0,2.0,17,6,4
90789,16,2,3,15,6,3,0,1,1,1,2,19,2,2,0.0,0.0,0.0,0.0,0.0,8.0,18,5,7
74098,15,2,3,17,8,3,0,1,1,1,2,23,2,2,0.0,0.0,0.0,0.0,0.0,2.0,18,6,6
32781,16,2,3,17,8,3,0,1,1,1,2,18,2,2,0.0,0.0,0.0,0.0,0.0,2.0,16,6,3
86512,15,2,3,0,8,3,0,1,0,1,2,18,3,2,0.0,0.0,0.0,0.0,0.0,2.0,7,2,6
185398,16,2,3,17,6,3,0,1,1,1,2,17,2,2,0.0,0.0,0.0,0.0,0.0,2.0,10,3,12
129196,16,2,3,17,6,3,0,1,0,1,2,18,2,3,2.0,0.0,0.0,1.0,1.0,0.0,13,5,9
115699,16,2,3,17,2,3,0,1,1,1,2,24,2,2,0.0,0.0,0.0,0.0,0.0,2.0,8,5,8
35594,16,3,3,17,6,3,0,5,0,1,1,12,2,4,1.0,0.0,0.0,0.0,1.0,1.0,11,3,3
148454,15,3,3,17,2,3,0,5,1,1,2,18,2,2,0.0,0.0,0.0,0.0,0.0,3.0,15,5,10
90938,16,2,3,17,8,3,0,1,1,1,2,18,2,2,0.0,0.0,0.0,0.0,0.0,2.0,13,7,7
96741,4,2,1,17,8,3,0,1,1,1,1,23,2,2,0.0,0.0,0.0,0.0,0.0,2.0,21,5,7
43996,15,11,3,17,8,3,5,5,1,1,1,23,2,2,0.0,0.0,0.0,0.0,0.0,3.0,6,3,4
47684,16,2,3,17,8,3,0,1,1,1,2,36,2,2,0.0,0.0,0.0,0.0,0.0,2.0,10,6,4
64807,16,2,3,8,15,3,0,1,0,1,1,36,2,3,1.0,0.0,0.0,1.0,0.0,1.0,15,3,5
170848,16,2,1,17,15,3,0,1,1,1,1,18,2,2,0.0,0.0,0.0,0.0,0.0,2.0,17,7,11
85038,16,2,1,0,6,3,0,1,0,1,2,6,2,2,0.0,0.0,0.0,0.0,0.0,2.0,21,7,6
150389,16,2,1,17,1,3,0,1,0,1,2,18,2,2,0.0,0.0,0.0,0.0,0.0,2.0,18,2,10
31308,15,2,2,17,2,3,0,1,1,1,2,18,2,2,0.0,0.0,0.0,0.0,0.0,2.0,17,3,3
80172,16,2,1,17,8,3,0,1,0,1,2,36,2,2,0.0,0.0,0.0,0.0,0.0,2.0,23,4,6
147275,16,2,3,10,8,3,0,5,1,1,1,36,2,2,0.0,0.0,0.0,0.0,0.0,2.0,23,2,10
159663,16,2,3,10,6,3,0,1,1,1,2,36,2,2,0.0,0.0,0.0,0.0,0.0,2.0,7,5,11
107085,16,3,3,2,15,3,0,1,0,1,2,37,1,2,0.0,0.0,0.0,0.0,0.0,1.0,17,1,8
159263,16,2,3,17,2,4,0,5,1,1,2,22,2,2,0.0,0.0,0.0,0.0,0.0,5.0,12,3,11
35606,16,2,3,0,8,3,0,1,0,1,2,6,2,2,0.0,0.0,0.0,0.0,0.0,2.0,14,4,3
118248,15,2,3,0,10,3,0,1,0,1,1,18,2,2,0.0,0.0,0.0,0.0,0.0,2.0,15,6,8
46945,4,2,3,2,8,3,0,1,0,1,2,36,1,0,2.0,1.0,1.0,0.0,0.0,1.0,17,2,4
38613,4,2,3,17,2,3,0,1,1,1,0,36,2,2,0.0,0.0,0.0,0.0,0.0,3.0,13,2,3
145624,15,11,5,0,6,3,5,5,1,1,2,36,2,2,0.0,0.0,0.0,0.0,0.0,2.0,1,7,10
58876,16,3,2,13,6,3,6,1,0,1,2,6,2,3,1.0,0.0,0.0,1.0,0.0,1.0,6,7,5
24423,4,2,3,17,8,3,0,1,1,1,1,24,2,2,0.0,0.0,0.0,0.0,0.0,6.0,15,1,2
22692,4,7,3,17,2,3,6,1,1,1,2,14,2,2,0.0,0.0,0.0,0.0,0.0,2.0,13,2,2
176533,4,2,3,17,8,3,0,1,1,1,2,18,2,2,0.0,0.0,0.0,0.0,0.0,7.0,15,7,12
172302,16,2,1,0,2,3,6,1,0,1,2,6,2,2,0.0,0.0,0.0,0.0,0.0,2.0,21,7,12
69069,16,2,3,15,8,3,0,1,1,1,1,18,2,2,0.0,0.0,0.0,0.0,0.0,2.0,7,6,5
112645,16,2,1,17,15,3,0,2,0,1,2,18,2,2,0.0,0.0,0.0,0.0,0.0,2.0,19,7,8
90698,16,2,3,15,6,3,0,1,1,1,2,12,2,2,0.0,0.0,0.0,0.0,0.0,2.0,14,4,7
11401,4,7,0,17,2,3,6,1,1,1,2,36,2,2,0.0,0.0,0.0,0.0,0.0,3.0,17,3,1
62585,16,2,3,0,18,3,0,1,0,1,2,36,2,3,3.0,0.0,0.0,3.0,0.0,0.0,10,2,5
74944,6,2,1,8,6,3,0,5,0,1,0,36,2,3,1.0,0.0,0.0,1.0,0.0,1.0,21,5,6
102634,15,2,3,0,10,3,0,4,0,1,2,17,2,3,1.0,0.0,0.0,1.0,0.0,3.0,19,5,7
181568,16,2,1,0,6,3,0,1,0,1,2,6,2,2,0.0,0.0,0.0,0.0,0.0,5.0,22,5,12
87536,16,2,3,10,2,3,0,1,1,1,1,36,2,2,0.0,0.0,0.0,0.0,0.0,2.0,17,4,6
102686,16,2,3,0,6,3,0,1,0,1,2,36,2,3,1.0,0.0,0.0,1.0,0.0,1.0,14,6,7
182558,16,2,1,17,3,3,0,1,0,1,2,6,2,2,0.0,0.0,0.0,0.0,0.0,6.0,1,4,12
56609,15,5,3,0,3,3,6,1,1,1,2,12,2,2,0.0,0.0,0.0,0.0,0.0,2.0,19,5,5
91918,15,2,1,17,8,3,5,5,0,1,2,18,2,3,1.0,0.0,0.0,1.0,0.0,2.0,1,1,7
165790,4,2,1,0,0,3,0,5,1,1,2,18,2,2,0.0,0.0,0.0,0.0,0.0,2.0,18,7,11
83820,16,7,3,0,6,3,6,1,1,1,2,17,3,2,0.0,0.0,0.0,0.0,0.0,8.0,16,1,6
122414,16,2,3,0,6,3,0,1,0,1,2,6,2,3,2.0,0.0,0.0,2.0,0.0,2.0,10,4,9
79510,16,2,3,15,1,3,0,1,1,1,2,22,2,2,0.0,0.0,0.0,0.0,0.0,3.0,9,7,6
97668,16,7,3,15,3,2,6,1,1,1,1,22,2,2,0.0,0.0,0.0,0.0,0.0,2.0,7,5,7
134683,17,2,1,17,18,3,0,5,1,0,2,24,2,2,0.0,0.0,0.0,0.0,0.0,2.0,23,2,9
72214,15,2,1,0,6,3,0,1,0,1,2,37,2,2,0.0,0.0,0.0,0.0,0.0,4.0,1,7,6
20655,16,2,3,7,8,3,6,1,0,1,1,36,2,2,0.0,0.0,0.0,0.0,0.0,1.0,13,4,2
185105,16,2,1,3,2,2,6,1,1,1,1,22,2,2,0.0,0.0,0.0,0.0,0.0,2.0,6,7,12
151452,15,2,3,8,10,3,0,5,0,1,2,26,2,3,1.0,0.0,0.0,1.0,0.0,1.0,13,5,10
107466,16,2,1,0,3,3,6,1,0,1,2,6,2,2,0.0,0.0,0.0,0.0,0.0,2.0,2,7,8
112419,16,7,1,10,2,3,6,1,1,1,2,36,2,2,0.0,0.0,0.0,0.0,0.0,4.0,20,6,8
49354,16,2,3,17,6,3,0,5,1,1,2,24,2,2,0.0,0.0,0.0,0.0,0.0,2.0,13,3,4
153276,15,2,3,10,6,3,0,1,1,1,1,36,2,2,0.0,0.0,0.0,0.0,0.0,3.0,12,6,10
42267,16,3,3,10,8,3,6,1,1,1,1,36,2,2,0.0,0.0,0.0,0.0,0.0,3.0,10,6,4
114791,15,2,3,3,8,3,0,1,0,1,2,12,2,2,0.0,0.0,0.0,0.0,0.0,2.0,18,6,8
11782,16,2,1,0,15,3,0,1,0,1,2,6,2,4,2.0,0.0,0.0,0.0,2.0,1.0,4,3,1
29876,16,2,3,15,3,3,0,1,0,1,2,36,3,3,1.0,0.0,0.0,1.0,0.0,4.0,16,6,3
100392,16,2,3,10,2,3,0,1,1,1,0,17,2,2,0.0,0.0,0.0,0.0,0.0,2.0,12,5,7
161747,4,2,1,9,2,3,0,1,0,1,0,36,2,3,1.0,0.0,0.0,1.0,0.0,2.0,19,7,11
29826,15,2,1,17,10,3,0,1,1,1,2,5,2,2,0.0,0.0,0.0,0.0,0.0,2.0,16,5,3
152241,16,2,2,17,8,3,0,1,0,1,2,18,2,2,0.0,0.0,0.0,0.0,0.0,2.0,6,5,10
145369,4,2,0,17,8,3,0,1,1,0,2,17,2,2,0.0,0.0,0.0,0.0,0.0,2.0,18,2,10
78977,16,2,3,10,2,3,0,1,0,1,2,19,2,4,1.0,0.0,0.0,0.0,1.0,1.0,17,1,6
101940,15,2,1,17,8,3,0,1,0,1,2,5,2,3,2.0,0.0,0.0,2.0,0.0,4.0,1,1,7
91279,4,2,3,15,6,3,0,1,1,1,1,24,2,2,0.0,0.0,0.0,0.0,0.0,2.0,14,6,7
108487,16,2,3,17,6,3,0,1,1,1,2,36,2,2,0.0,0.0,0.0,0.0,0.0,3.0,16,2,8
63008,16,7,3,3,8,3,6,1,0,1,2,36,2,4,1.0,0.0,0.0,0.0,1.0,3.0,18,1,5
36828,16,2,0,17,8,3,0,1,0,1,2,18,2,2,0.0,0.0,0.0,0.0,0.0,2.0,19,3,3
129137,16,2,3,17,2,3,0,1,1,1,1,24,2,2,0.0,0.0,0.0,0.0,0.0,2.0,13,4,9
149471,16,2,1,0,8,3,6,5,1,1,2,3,2,2,0.0,0.0,0.0,0.0,0.0,4.0,19,5,10
92500,4,2,1,10,2,3,0,1,0,1,1,19,2,3,3.0,0.0,0.0,3.0,0.0,1.0,20,3,7
94545,16,2,3,15,8,3,0,1,1,1,0,23,2,2,0.0,0.0,0.0,0.0,0.0,2.0,6,6,7
45444,16,2,3,17,2,3,0,1,1,1,1,36,2,2,0.0,0.0,0.0,0.0,0.0,2.0,14,2,4
25149,16,7,0,17,6,3,6,1,0,1,2,12,2,2,0.0,0.0,0.0,0.0,0.0,2.0,7,4,2
51349,16,2,3,2,3,3,0,5,0,1,2,26,1,2,0.0,0.0,0.0,0.0,0.0,2.0,9,1,4
178845,16,2,3,10,6,3,0,1,0,1,2,26,2,2,0.0,0.0,0.0,0.0,0.0,3.0,11,5,12
70256,16,2,3,10,8,3,0,1,1,1,1,36,2,2,0.0,0.0,0.0,0.0,0.0,3.0,11,3,5
4329,15,2,1,17,8,3,0,1,0,1,2,18,2,3,2.0,0.0,0.0,2.0,0.0,1.0,18,5,1
166099,16,7,1,17,10,3,6,1,1,1,1,24,2,2,0.0,0.0,0.0,0.0,0.0,5.0,17,3,11
98460,15,2,3,0,6,3,0,1,0,1,2,18,2,2,0.0,0.0,0.0,0.0,0.0,2.0,6,4,7
86963,16,2,3,17,8,3,0,5,0,1,2,36,2,2,0.0,0.0,0.0,0.0,0.0,3.0,12,2,6
53270,16,2,3,10,8,3,0,1,1,1,2,17,2,2,0.0,0.0,0.0,0.0,0.0,2.0,8,2,4
141050,16,2,3,7,8,3,0,1,1,1,1,26,2,2,0.0,0.0,0.0,0.0,0.0,1.0,11,6,10
186194,16,2,1,10,6,3,6,1,1,1,2,19,2,2,0.0,0.0,0.0,0.0,0.0,2.0,6,5,12
157224,15,2,3,17,8,3,0,1,1,1,2,18,2,2,0.0,0.0,0.0,0.0,0.0,2.0,17,5,11
46721,15,2,1,0,10,3,0,1,0,1,1,18,2,2,0.0,0.0,0.0,0.0,0.0,2.0,23,3,4
4299,16,7,1,17,6,3,6,1,0,1,2,18,2,2,0.0,0.0,0.0,0.0,0.0,3.0,23,3,1
109415,16,2,3,17,8,3,0,1,0,1,2,18,2,2,0.0,0.0,0.0,0.0,0.0,2.0,16,1,8
128306,16,2,3,15,2,5,0,5,1,1,2,18,2,2,0.0,0.0,0.0,0.0,0.0,3.0,11,7,9
32457,16,2,1,10,2,3,0,1,1,1,2,17,2,2,0.0,0.0,0.0,0.0,0.0,2.0,19,6,3
21617,15,2,3,15,8,3,0,1,1,1,1,18,3,2,0.0,0.0,0.0,0.0,0.0,4.0,12,4,2
80923,16,2,3,10,8,3,0,5,1,1,2,19,2,2,0.0,0.0,0.0,0.0,0.0,2.0,16,7,6
116549,4,2,3,2,8,3,0,5,0,0,2,26,1,3,2.0,0.0,0.0,2.0,0.0,0.0,16,5,8
95220,16,2,3,17,8,3,0,1,1,1,1,24,2,2,0.0,0.0,0.0,0.0,0.0,2.0,8,4,7
18692,16,2,3,10,8,3,0,1,1,1,0,36,2,2,0.0,0.0,0.0,0.0,0.0,2.0,15,5,2
114984,16,2,3,10,6,3,0,1,0,1,2,19,2,2,0.0,0.0,0.0,0.0,0.0,3.0,17,2,8
46302,16,2,3,17,8,3,0,1,1,1,1,36,2,2,0.0,0.0,0.0,0.0,0.0,2.0,17,2,4
108929,16,2,3,15,2,3,0,1,1,1,1,22,2,2,0.0,0.0,0.0,0.0,0.0,4.0,12,7,8
162009,15,2,0,10,10,3,1,1,1,1,2,17,2,2,0.0,0.0,0.0,0.0,0.0,2.0,16,3,11
79416,16,2,3,15,8,3,0,1,1,1,2,22,2,2,0.0,0.0,0.0,0.0,0.0,2.0,7,6,6
113735,16,2,3,0,6,3,0,1,1,1,1,36,2,2,0.0,0.0,0.0,0.0,0.0,2.0,18,4,8
184985,15,2,3,10,2,3,0,5,0,1,2,36,2,4,1.0,0.0,0.0,0.0,1.0,1.0,14,5,12
115489,16,2,3,17,6,3,0,1,0,1,2,17,2,4,2.0,0.0,0.0,0.0,2.0,1.0,16,3,8
147685,16,2,2,10,10,3,0,1,1,1,2,19,2,2,0.0,0.0,0.0,0.0,0.0,2.0,5,1,10
34855,16,11,3,17,17,3,5,5,1,1,0,36,2,2,0.0,0.0,0.0,0.0,0.0,3.0,13,5,3
55415,16,2,3,17,6,3,0,1,1,1,0,24,2,2,0.0,0.0,0.0,0.0,0.0,2.0,10,7,4
118460,6,2,3,0,11,3,0,1,0,1,2,18,2,2,0.0,0.0,0.0,0.0,0.0,2.0,11,4,8
175523,16,2,3,17,2,3,0,1,1,1,0,36,2,2,0.0,0.0,0.0,0.0,0.0,2.0,13,6,12
96546,15,2,3,10,8,3,0,5,1,1,2,18,2,2,0.0,0.0,0.0,0.0,0.0,3.0,19,4,7
128639,16,2,1,10,19,3,0,1,0,1,2,28,2,3,1.0,0.0,0.0,1.0,0.0,1.0,18,4,9
58897,15,7,3,0,6,3,6,1,1,1,1,17,2,2,0.0,0.0,0.0,0.0,0.0,2.0,10,7,5
55770,16,2,3,17,3,3,0,1,0,1,2,18,2,2,0.0,0.0,0.0,0.0,0.0,2.0,18,6,4
172002,16,2,3,10,5,3,0,1,1,1,0,36,2,2,0.0,0.0,0.0,0.0,0.0,2.0,11,4,11
99414,4,2,3,17,2,3,0,1,0,1,2,18,2,2,0.0,0.0,0.0,0.0,0.0,3.0,16,5,7
2286,15,11,1,3,6,3,5,5,0,1,1,36,3,2,0.0,0.0,0.0,0.0,0.0,3.0,21,5,1
73297,16,2,3,10,2,3,0,1,1,1,2,19,2,2,0.0,0.0,0.0,0.0,0.0,2.0,16,2,6
14867,16,10,2,0,6,3,4,1,0,1,2,6,2,1,1.0,0.0,1.0,0.0,0.0,3.0,5,1,1
90380,17,7,2,10,8,3,5,5,1,1,2,19,2,2,0.0,0.0,0.0,0.0,0.0,2.0,5,4,7
176277,16,2,3,0,16,3,0,1,0,1,2,12,2,2,0.0,0.0,0.0,0.0,0.0,2.0,10,4,12
32383,16,2,1,0,2,3,0,1,0,1,2,6,2,2,0.0,0.0,0.0,0.0,0.0,3.0,3,7,3
122227,15,2,1,17,11,3,0,1,0,1,0,18,2,2,0.0,0.0,0.0,0.0,0.0,3.0,22,1,9
145530,4,2,1,0,6,3,0,1,0,1,2,18,3,4,1.0,0.0,0.0,0.0,1.0,2.0,23,5,10
173886,16,2,3,10,8,3,0,1,1,1,2,19,2,2,0.0,0.0,0.0,0.0,0.0,2.0,11,3,12
82635,15,2,0,10,8,3,5,5,0,1,2,19,2,2,0.0,0.0,0.0,0.0,0.0,2.0,20,3,6
113466,16,2,3,9,6,3,0,1,0,1,0,18,3,3,1.0,0.0,0.0,1.0,0.0,2.0,12,6,8
69245,16,2,3,17,8,3,0,1,1,1,1,12,2,2,0.0,0.0,0.0,0.0,0.0,3.0,17,1,5
23531,16,7,3,17,1,3,6,1,0,1,2,18,2,4,1.0,0.0,0.0,0.0,1.0,2.0,15,2,2
37392,15,2,1,10,3,3,0,1,0,1,2,17,2,3,1.0,0.0,0.0,1.0,0.0,1.0,0,7,3
183377,16,2,3,17,2,3,0,1,1,1,0,18,2,2,0.0,0.0,0.0,0.0,0.0,2.0,10,2,12
121086,15,2,3,0,6,3,0,1,0,1,2,18,2,3,3.0,0.0,0.0,2.0,1.0,4.0,11,1,9
33554,4,2,1,17,8,4,0,1,0,1,2,18,2,2,0.0,0.0,0.0,0.0,0.0,2.0,22,5,3
68435,16,7,3,10,8,3,6,1,1,1,1,19,2,2,0.0,0.0,0.0,0.0,0.0,3.0,18,4,5
126310,4,2,3,15,15,3,0,1,1,1,2,23,2,2,0.0,0.0,0.0,0.0,0.0,2.0,13,7,9
155325,15,9,3,17,8,3,4,1,1,1,2,36,2,2,0.0,0.0,0.0,0.0,0.0,2.0,8,5,10
154894,16,7,1,10,10,3,6,1,1,1,2,28,2,2,0.0,0.0,0.0,0.0,0.0,4.0,20,1,10
56691,16,2,2,9,6,3,0,1,1,1,0,36,2,2,0.0,0.0,0.0,0.0,0.0,2.0,20,7,5
117862,16,2,3,10,8,3,0,1,1,1,1,19,2,2,0.0,0.0,0.0,0.0,0.0,3.0,16,3,8
32038,16,2,1,15,8,3,0,1,1,1,2,28,2,2,0.0,0.0,0.0,0.0,0.0,2.0,5,7,3
101921,16,2,1,10,2,3,0,1,1,1,1,19,2,2,0.0,0.0,0.0,0.0,0.0,2.0,22,7,7
178616,16,2,1,17,6,3,0,1,0,1,2,23,3,3,1.0,0.0,0.0,1.0,0.0,4.0,3,1,12
115171,16,2,3,17,2,2,0,1,1,1,1,22,2,2,0.0,0.0,0.0,0.0,0.0,3.0,18,4,8
172094,15,2,0,0,2,3,0,1,1,1,2,5,2,2,0.0,0.0,0.0,0.0,0.0,3.0,3,7,11
184895,15,2,1,0,6,3,0,1,1,1,2,11,2,2,0.0,0.0,0.0,0.0,0.0,3.0,22,2,12
60637,16,2,3,15,11,3,0,1,1,1,0,26,2,2,0.0,0.0,0.0,0.0,0.0,2.0,10,5,5
133591,16,2,0,17,2,3,0,1,0,1,2,18,2,3,3.0,0.0,0.0,3.0,0.0,2.0,23,7,9
64815,16,2,3,0,2,3,0,1,1,1,2,36,2,2,0.0,0.0,0.0,0.0,0.0,2.0,16,3,5
75182,16,2,3,15,8,3,0,1,0,1,2,17,3,4,1.0,0.0,0.0,0.0,1.0,4.0,13,1,6
82725,17,7,5,17,2,3,6,5,1,1,1,36,2,2,0.0,0.0,0.0,0.0,0.0,2.0,9,5,6
157834,16,11,0,17,8,3,5,5,1,1,2,36,2,2,0.0,0.0,0.0,0.0,0.0,2.0,20,6,11
27387,16,2,3,15,8,3,0,5,1,1,2,26,2,2,0.0,0.0,0.0,0.0,0.0,2.0,14,7,2
62165,16,2,1,17,2,3,0,1,0,1,2,24,2,3,1.0,0.0,0.0,1.0,0.0,1.0,22,1,5
102668,16,2,1,17,6,3,0,1,1,1,2,28,2,2,0.0,0.0,0.0,0.0,0.0,2.0,0,5,7
87738,16,2,3,7,8,3,0,1,0,0,2,17,2,1,1.0,0.0,1.0,0.0,0.0,0.0,4,1,6
106290,16,2,3,15,8,3,0,5,1,0,2,36,2,2,0.0,0.0,0.0,0.0,0.0,5.0,16,2,8
188398,10,2,1,10,15,3,0,1,0,1,2,36,3,2,0.0,0.0,0.0,0.0,0.0,7.0,19,6,12
80462,16,2,3,17,2,3,0,1,1,1,2,6,2,2,0.0,0.0,0.0,0.0,0.0,3.0,14,1,6
147201,16,2,1,17,6,3,0,1,1,1,2,22,2,2,0.0,0.0,0.0,0.0,0.0,2.0,19,1,10
69803,15,7,0,0,8,3,6,5,1,1,2,36,2,2,0.0,0.0,0.0,0.0,0.0,2.0,21,3,5
55527,16,7,3,10,3,3,6,4,1,1,2,16,2,2,0.0,0.0,0.0,0.0,0.0,2.0,14,1,4
168584,15,2,1,10,2,3,0,1,1,1,1,19,2,2,0.0,0.0,0.0,0.0,0.0,3.0,19,7,11
31846,15,7,1,0,6,3,6,5,0,1,2,18,2,2,0.0,0.0,0.0,0.0,0.0,2.0,18,6,3
27110,16,2,1,0,5,3,0,5,0,1,2,6,2,3,1.0,0.0,0.0,1.0,0.0,2.0,22,1,2
62050,16,11,1,0,6,3,5,5,0,1,2,36,2,3,1.0,0.0,0.0,1.0,0.0,1.0,11,1,5