crash_date,               traffic_control_device,weather_condition,lighting_condition,first_crash_type,trafficway_type,alignment,roadway_surface_cond,road_defect,crash_type,intersection_related_i,damage,prim_contributory_cause,num_units,most_severe_injury,injuries_total,injuries_fatal,injuries_incapacitating,injuries_non_incapacitating,injuries_reported_not_evident,injuries_no_indication,crash_hour,crash_day_of_week,crash_month
152235,15,2,0,17,8,3,0,1,0,1,2,18,2,2,0.0,0.0,0.0,0.0,0.0,3.0,18,5,10
64838,16,7,1,17,6,3,6,5,0,1,2,17,2,2,0.0,0.0,0.0,0.0,0.0,2.0,21,3,5
87523,15,3,3,8,6,3,6,5,0,1,1,36,2,3,1.0,0.0,0.0,1.0,0.0,1.0,15,4,6
26509,16,10,1,0,6,3,6,1,0,1,2,18,2,2,0.0,0.0,0.0,0.0,0.0,2.0,21,6,2
148941,16,2,3,10,3,2,0,5,0,1,2,19,2,2,0.0,0.0,0.0,0.0,0.0,2.0,11,4,10
61798,15,2,3,0,10,3,0,1,1,1,2,36,2,2,0.0,0.0,0.0,0.0,0.0,2.0,16,4,5
34118,15,2,3,0,8,3,0,1,1,1,2,36,3,2,0.0,0.0,0.0,0.0,0.0,2.0,14,1,3
158867,16,2,1,10,5,3,0,1,1,1,2,17,2,2,0.0,0.0,0.0,0.0,0.0,2.0,17,6,11
172660,15,7,3,0,6,3,6,1,1,1,2,18,2,2,0.0,0.0,0.0,0.0,0.0,2.0,10,6,12
108601,16,2,3,17,6,3,0,1,0,1,2,18,2,3,4.0,0.0,0.0,2.0,2.0,0.0,17,4,8
69963,15,2,3,0,10,3,0,1,0,1,2,36,2,2,0.0,0.0,0.0,0.0,0.0,2.0,14,7,5
107806,16,2,3,10,8,3,5,5,1,1,2,36,2,2,0.0,0.0,0.0,0.0,0.0,2.0,7,4,8
11381,15,3,3,3,10,3,4,5,1,0,0,28,2,2,0.0,0.0,0.0,0.0,0.0,3.0,13,3,1
9346,15,10,1,0,6,3,6,1,1,1,1,39,2,2,0.0,0.0,0.0,0.0,0.0,2.0,17,3,1
36614,16,2,0,0,8,3,0,1,0,1,2,12,2,2,0.0,0.0,0.0,0.0,0.0,3.0,22,7,3
36084,16,2,3,10,8,3,0,5,0,1,2,19,2,4,1.0,0.0,0.0,0.0,1.0,1.0,18,5,3
156637,16,2,3,0,8,3,0,1,1,1,2,36,2,2,0.0,0.0,0.0,0.0,0.0,3.0,17,3,11
186691,16,2,1,0,6,3,0,1,1,1,2,6,2,2,0.0,0.0,0.0,0.0,0.0,2.0,1,1,12
95099,4,2,3,17,8,3,0,1,0,1,2,36,2,2,0.0,0.0,0.0,0.0,0.0,2.0,13,2,7
53881,4,2,3,17,8,4,0,1,0,1,2,18,2,2,0.0,0.0,0.0,0.0,0.0,2.0,10,4,4
9503,15,10,3,0,6,3,4,5,0,1,2,36,2,4,1.0,0.0,0.0,0.0,1.0,2.0,14,6,1
160623,16,2,1,0,6,3,0,1,1,1,2,6,2,2,0.0,0.0,0.0,0.0,0.0,2.0,19,4,11
161268,16,2,3,0,6,3,0,1,0,1,2,3,2,4,2.0,0.0,0.0,0.0,2.0,1.0,10,6,11
45286,16,2,3,17,6,3,0,1,1,1,2,24,2,2,0.0,0.0,0.0,0.0,0.0,3.0,12,6,4
132256,16,2,3,17,9,3,0,1,0,1,2,24,2,3,1.0,0.0,0.0,1.0,0.0,1.0,8,4,9
70360,4,2,0,9,2,3,0,1,0,1,0,18,2,1,1.0,0.0,1.0,0.0,0.0,1.0,21,6,5
38559,16,2,3,10,8,3,0,1,1,1,2,19,2,2,0.0,0.0,0.0,0.0,0.0,4.0,14,7,3
100166,16,2,3,0,6,3,0,1,0,1,2,6,2,1,3.0,0.0,1.0,2.0,0.0,2.0,18,4,7
139235,16,2,3,10,8,3,0,1,1,1,2,19,2,2,0.0,0.0,0.0,0.0,0.0,4.0,7,3,10
97342,16,7,3,8,15,3,6,1,0,1,1,36,2,1,1.0,0.0,1.0,0.0,0.0,1.0,7,1,7
126742,16,2,3,15,6,3,0,1,1,1,0,13,3,2,0.0,0.0,0.0,0.0,0.0,6.0,15,5,9
100780,16,2,1,15,3,5,0,1,1,1,1,36,2,2,0.0,0.0,0.0,0.0,0.0,5.0,23,4,7
85005,16,2,3,17,2,3,0,1,0,1,2,6,2,2,0.0,0.0,0.0,0.0,0.0,2.0,14,7,6
96978,4,2,3,10,8,3,0,5,1,1,2,36,2,2,0.0,0.0,0.0,0.0,0.0,2.0,15,3,7
110836,15,2,3,0,8,3,0,1,1,1,1,5,2,2,0.0,0.0,0.0,0.0,0.0,2.0,18,3,8
127769,15,2,3,0,8,3,0,1,0,1,2,18,2,2,0.0,0.0,0.0,0.0,0.0,3.0,14,5,9
20625,15,2,3,0,11,3,0,1,1,1,1,18,2,2,0.0,0.0,0.0,0.0,0.0,3.0,7,3,2
152062,15,2,3,10,10,3,0,5,1,1,2,26,2,2,0.0,0.0,0.0,0.0,0.0,2.0,13,6,10
74317,6,2,3,15,6,3,0,1,0,1,2,22,2,2,0.0,0.0,0.0,0.0,0.0,3.0,9,2,6
8522,4,2,3,11,2,3,6,1,1,0,1,21,2,2,0.0,0.0,0.0,0.0,0.0,2.0,8,4,1
38494,16,2,3,10,8,3,0,1,1,1,2,26,2,2,0.0,0.0,0.0,0.0,0.0,2.0,15,6,3
150476,15,2,3,17,8,3,0,1,1,1,2,36,2,2,0.0,0.0,0.0,0.0,0.0,2.0,7,3,10
62876,16,2,1,10,2,3,0,1,0,1,2,28,4,2,0.0,0.0,0.0,0.0,0.0,5.0,20,6,5
157923,16,11,1,17,6,3,5,5,1,1,2,36,2,2,0.0,0.0,0.0,0.0,0.0,5.0,22,7,11
176047,16,2,1,0,10,3,0,1,0,1,2,8,2,3,1.0,0.0,0.0,1.0,0.0,2.0,21,6,12
140426,15,2,3,10,13,0,0,1,1,1,2,36,2,2,0.0,0.0,0.0,0.0,0.0,3.0,15,3,10
107059,17,7,4,10,8,3,6,5,1,1,1,26,2,2,0.0,0.0,0.0,0.0,0.0,2.0,1,1,8
73925,16,2,3,15,2,3,0,5,1,1,2,18,2,2,0.0,0.0,0.0,0.0,0.0,2.0,16,3,6
178479,16,2,2,15,10,3,0,1,1,1,1,22,2,2,0.0,0.0,0.0,0.0,0.0,2.0,18,5,12
58580,15,2,3,0,15,3,0,1,1,1,2,18,2,2,0.0,0.0,0.0,0.0,0.0,3.0,15,2,5
92258,16,2,4,15,2,4,0,1,1,1,1,12,2,2,0.0,0.0,0.0,0.0,0.0,2.0,20,7,7
1231,16,10,1,10,6,3,6,1,1,1,1,17,2,2,0.0,0.0,0.0,0.0,0.0,4.0,5,1,1
169240,16,7,1,9,10,3,6,1,0,1,1,36,2,3,1.0,0.0,0.0,1.0,0.0,1.0,19,1,11
55910,16,7,3,17,8,3,6,1,1,1,2,39,3,2,0.0,0.0,0.0,0.0,0.0,6.0,17,1,4
160616,16,2,3,17,6,3,5,5,1,1,1,18,2,2,0.0,0.0,0.0,0.0,0.0,5.0,17,4,11
127474,16,2,3,10,6,3,0,1,1,1,1,19,2,2,0.0,0.0,0.0,0.0,0.0,4.0,10,1,9
143653,15,2,1,0,6,3,0,1,0,1,2,5,2,3,1.0,0.0,0.0,1.0,0.0,2.0,4,1,10
179280,16,2,3,15,2,3,0,5,1,1,2,19,2,2,0.0,0.0,0.0,0.0,0.0,3.0,9,3,12
30508,16,11,1,17,8,3,5,1,1,1,1,36,2,2,0.0,0.0,0.0,0.0,0.0,4.0,19,1,3
180130,16,2,3,0,8,3,0,1,0,1,1,6,2,2,0.0,0.0,0.0,0.0,0.0,4.0,11,5,12
17496,4,11,5,0,10,4,4,5,1,1,2,18,2,2,0.0,0.0,0.0,0.0,0.0,2.0,6,5,2
168303,16,2,1,10,17,3,5,5,1,1,0,17,2,2,0.0,0.0,0.0,0.0,0.0,2.0,20,7,11
77882,4,2,1,7,8,3,0,1,1,0,2,36,2,2,0.0,0.0,0.0,0.0,0.0,4.0,1,7,6
45995,15,2,3,0,6,3,0,1,1,1,2,17,2,2,0.0,0.0,0.0,0.0,0.0,2.0,14,5,4
77465,16,2,1,10,6,3,0,1,1,1,1,17,2,2,0.0,0.0,0.0,0.0,0.0,2.0,1,1,6
182130,16,11,5,15,8,3,5,5,1,1,1,36,2,2,0.0,0.0,0.0,0.0,0.0,2.0,17,6,12
113070,16,2,3,15,3,2,0,1,1,1,1,23,2,2,0.0,0.0,0.0,0.0,0.0,2.0,9,6,8
74969,4,2,3,10,2,3,0,1,1,1,2,17,2,2,0.0,0.0,0.0,0.0,0.0,2.0,17,3,6
103886,15,11,3,0,18,3,5,5,1,1,1,18,2,2,0.0,0.0,0.0,0.0,0.0,2.0,18,4,7
68632,17,11,5,0,17,3,5,5,1,1,2,36,2,2,0.0,0.0,0.0,0.0,0.0,2.0,15,6,5
184287,16,2,3,10,8,3,0,1,1,1,0,36,2,2,0.0,0.0,0.0,0.0,0.0,4.0,16,7,12
30940,15,2,1,0,15,3,0,1,0,1,2,36,2,4,2.0,0.0,0.0,0.0,2.0,1.0,19,4,3
168940,16,7,1,0,8,3,6,1,0,1,2,6,2,3,1.0,0.0,0.0,1.0,0.0,1.0,21,4,11
71403,16,2,1,17,6,3,0,5,0,1,2,36,2,2,0.0,0.0,0.0,0.0,0.0,4.0,1,1,5
82356,16,2,3,10,15,3,0,1,1,0,1,19,2,2,0.0,0.0,0.0,0.0,0.0,2.0,17,1,6
122160,4,2,3,17,2,3,0,1,1,1,2,18,2,2,0.0,0.0,0.0,0.0,0.0,2.0,7,3,9
182468,16,2,3,10,2,3,1,5,0,1,2,39,2,4,1.0,0.0,0.0,0.0,1.0,2.0,8,2,12
41712,15,2,3,0,6,3,0,1,0,1,2,18,2,1,1.0,0.0,1.0,0.0,0.0,1.0,6,5,3
24770,17,2,3,15,16,3,0,1,1,1,0,23,2,2,0.0,0.0,0.0,0.0,0.0,2.0,17,4,2
159117,15,2,1,0,8,3,0,1,1,1,2,18,2,2,0.0,0.0,0.0,0.0,0.0,2.0,17,4,11
147567,16,2,3,0,8,3,0,1,0,1,2,6,2,3,2.0,0.0,0.0,2.0,0.0,0.0,8,5,10
142849,16,7,3,9,8,3,6,1,0,1,0,18,2,3,1.0,0.0,0.0,1.0,0.0,1.0,13,4,10
146792,18,7,3,10,15,3,6,1,1,1,2,19,2,2,0.0,0.0,0.0,0.0,0.0,2.0,9,2,10
188407,16,2,3,17,8,3,0,1,1,1,2,26,2,2,0.0,0.0,0.0,0.0,0.0,2.0,8,6,12
114377,16,2,3,0,2,3,0,1,1,1,2,22,2,2,0.0,0.0,0.0,0.0,0.0,4.0,16,7,8
36376,16,2,1,15,8,3,0,1,1,1,2,28,2,2,0.0,0.0,0.0,0.0,0.0,2.0,22,2,3
57468,16,3,3,0,10,3,0,1,1,1,1,36,2,2,0.0,0.0,0.0,0.0,0.0,3.0,10,4,5
44618,16,2,1,2,10,3,0,1,0,1,2,13,1,3,1.0,0.0,0.0,1.0,0.0,0.0,4,7,4
47230,15,2,3,17,8,3,0,1,1,1,2,36,2,2,0.0,0.0,0.0,0.0,0.0,2.0,17,6,4
88491,16,2,3,17,6,3,0,5,0,1,2,24,2,3,2.0,0.0,0.0,2.0,0.0,0.0,19,5,7
178599,16,2,3,17,8,3,0,1,1,1,2,18,2,2,0.0,0.0,0.0,0.0,0.0,2.0,13,1,12
63906,15,2,3,17,6,3,0,5,0,1,1,24,2,2,0.0,0.0,0.0,0.0,0.0,2.0,18,2,5
135735,4,2,3,17,2,3,0,5,1,1,2,36,2,2,0.0,0.0,0.0,0.0,0.0,2.0,13,4,9
111503,16,2,1,10,8,3,0,1,1,1,2,18,2,2,0.0,0.0,0.0,0.0,0.0,3.0,3,4,8
84577,16,2,3,5,6,3,0,5,0,1,2,18,2,3,1.0,0.0,0.0,1.0,0.0,2.0,16,7,6
110741,15,11,5,7,10,3,5,1,0,1,2,12,2,2,0.0,0.0,0.0,0.0,0.0,1.0,23,7,8
45114,4,11,3,7,15,3,5,5,1,1,2,36,2,2,0.0,0.0,0.0,0.0,0.0,1.0,13,4,4
40404,15,2,3,0,8,3,0,1,1,1,2,18,2,2,0.0,0.0,0.0,0.0,0.0,2.0,13,1,3
134754,16,2,3,14,8,3,0,1,0,1,2,18,2,2,0.0,0.0,0.0,0.0,0.0,2.0,10,4,9
3093,16,11,5,15,6,3,5,5,1,1,0,12,2,2,0.0,0.0,0.0,0.0,0.0,2.0,6,3,1
40192,16,7,1,9,1,3,6,1,0,1,2,39,2,1,1.0,0.0,1.0,0.0,0.0,1.0,6,3,3
168645,16,7,1,0,3,3,6,4,0,1,2,16,2,4,1.0,0.0,0.0,0.0,1.0,1.0,0,5,11
138469,16,2,0,0,10,3,0,1,0,1,2,3,2,2,0.0,0.0,0.0,0.0,0.0,2.0,3,7,10
151324,16,3,3,0,2,3,0,1,1,1,2,38,2,2,0.0,0.0,0.0,0.0,0.0,3.0,15,2,10
36867,4,7,3,0,8,3,6,5,1,1,2,18,2,2,0.0,0.0,0.0,0.0,0.0,3.0,17,5,3
60792,16,2,3,8,8,3,0,1,0,1,2,36,2,3,1.0,0.0,0.0,1.0,0.0,1.0,16,2,5
187935,15,3,3,0,8,3,6,1,1,1,2,5,2,2,0.0,0.0,0.0,0.0,0.0,5.0,15,6,12
61368,15,2,3,0,15,3,0,1,1,1,2,18,2,2,0.0,0.0,0.0,0.0,0.0,2.0,7,4,5
154690,16,2,3,10,8,3,0,1,1,1,2,36,2,2,0.0,0.0,0.0,0.0,0.0,3.0,13,6,10
129920,15,2,3,0,8,3,0,1,0,1,2,18,2,2,0.0,0.0,0.0,0.0,0.0,2.0,9,7,9
148808,4,2,3,17,6,3,0,1,0,1,2,18,2,2,0.0,0.0,0.0,0.0,0.0,2.0,9,1,10
92175,16,2,3,0,3,3,0,1,0,1,2,36,2,3,1.0,0.0,0.0,1.0,0.0,2.0,17,6,7
142680,16,11,5,10,6,3,5,5,1,1,1,19,2,2,0.0,0.0,0.0,0.0,0.0,2.0,17,4,10
167989,4,2,1,3,8,3,0,1,0,0,2,36,2,3,2.0,0.0,0.0,2.0,0.0,2.0,21,3,11
37031,4,7,1,2,10,3,6,1,1,1,2,22,1,2,0.0,0.0,0.0,0.0,0.0,1.0,0,7,3
65020,4,2,3,17,8,3,0,1,0,1,2,18,2,3,1.0,0.0,0.0,1.0,0.0,1.0,18,7,5
108008,16,2,3,17,3,3,0,1,0,1,2,18,2,2,0.0,0.0,0.0,0.0,0.0,3.0,7,1,8
168888,16,2,1,0,2,3,0,1,0,1,2,6,2,2,0.0,0.0,0.0,0.0,0.0,1.0,0,3,11
135335,15,2,1,0,8,3,0,1,1,1,2,36,2,2,0.0,0.0,0.0,0.0,0.0,3.0,21,1,9
11304,15,2,3,0,6,3,4,1,0,1,2,39,2,3,1.0,0.0,0.0,1.0,0.0,1.0,8,1,1
62145,15,2,3,0,2,3,0,1,0,1,2,5,2,2,0.0,0.0,0.0,0.0,0.0,2.0,6,1,5
118670,16,2,3,17,6,3,0,1,0,1,2,36,2,3,2.0,0.0,0.0,2.0,0.0,1.0,13,2,8
26335,4,10,2,0,2,3,4,1,0,1,2,36,2,3,4.0,0.0,0.0,3.0,1.0,1.0,16,3,2
60595,16,2,3,0,8,3,0,1,0,1,2,6,2,2,0.0,0.0,0.0,0.0,0.0,3.0,16,5,5
53722,16,2,3,0,16,3,0,5,0,1,2,36,2,2,0.0,0.0,0.0,0.0,0.0,2.0,15,2,4
187994,16,7,3,9,2,3,6,5,0,0,1,36,2,3,1.0,0.0,0.0,1.0,0.0,1.0,13,1,12
32734,16,2,1,0,6,3,0,1,1,1,2,18,2,2,0.0,0.0,0.0,0.0,0.0,2.0,18,5,3
130057,16,2,3,15,6,3,0,1,1,1,2,36,2,2,0.0,0.0,0.0,0.0,0.0,2.0,9,3,9
119890,16,2,3,15,8,3,0,1,1,1,2,23,3,2,0.0,0.0,0.0,0.0,0.0,3.0,16,6,8
181401,16,2,3,10,8,3,0,1,0,1,2,12,3,2,0.0,0.0,0.0,0.0,0.0,6.0,7,2,12
124312,16,2,3,17,6,3,0,1,0,1,2,18,2,4,2.0,0.0,0.0,0.0,2.0,0.0,17,7,9
166486,15,2,1,7,10,3,0,5,1,1,1,36,2,2,0.0,0.0,0.0,0.0,0.0,2.0,22,1,11
112786,16,2,3,17,8,3,0,1,0,1,2,36,2,3,3.0,0.0,0.0,3.0,0.0,1.0,11,3,8
31090,16,2,3,17,1,3,0,1,0,1,2,18,2,2,0.0,0.0,0.0,0.0,0.0,2.0,16,5,3
50075,16,2,1,10,8,3,0,1,1,1,1,19,2,2,0.0,0.0,0.0,0.0,0.0,2.0,21,1,4
63840,16,2,3,17,6,3,0,1,0,1,2,6,3,2,0.0,0.0,0.0,0.0,0.0,3.0,14,1,5
169728,15,10,3,5,2,3,4,1,1,1,2,26,1,2,0.0,0.0,0.0,0.0,0.0,1.0,9,2,11
34955,15,2,3,0,8,3,0,1,1,1,1,38,2,2,0.0,0.0,0.0,0.0,0.0,3.0,17,6,3
135734,4,6,3,7,8,3,0,5,1,1,2,17,2,2,0.0,0.0,0.0,0.0,0.0,2.0,13,4,9
148409,4,2,3,17,15,3,0,5,0,1,2,24,2,2,0.0,0.0,0.0,0.0,0.0,2.0,6,4,10
96451,16,2,3,15,6,3,0,1,1,1,2,23,2,2,0.0,0.0,0.0,0.0,0.0,2.0,15,2,7
63224,16,2,3,0,8,3,0,1,1,1,1,36,2,2,0.0,0.0,0.0,0.0,0.0,2.0,14,4,5
110408,15,2,1,0,8,3,0,1,1,1,1,18,2,2,0.0,0.0,0.0,0.0,0.0,2.0,22,1,8
38405,16,2,1,17,8,3,0,1,0,1,2,18,2,2,0.0,0.0,0.0,0.0,0.0,2.0,19,6,3
148904,4,2,3,17,2,3,0,1,1,1,2,18,2,2,0.0,0.0,0.0,0.0,0.0,2.0,17,4,10
12974,16,2,1,17,3,2,0,1,0,1,2,24,2,2,0.0,0.0,0.0,0.0,0.0,5.0,22,7,1
32978,17,2,3,17,8,3,0,1,1,1,2,24,2,2,0.0,0.0,0.0,0.0,0.0,3.0,11,1,3
41475,4,2,3,0,8,3,0,1,0,1,2,18,2,2,0.0,0.0,0.0,0.0,0.0,6.0,13,7,3
93784,15,2,3,0,8,3,0,1,0,1,1,18,2,2,0.0,0.0,0.0,0.0,0.0,2.0,17,3,7
65264,9,2,3,9,6,3,0,1,0,1,1,18,2,3,1.0,0.0,0.0,1.0,0.0,1.0,16,3,5
65083,16,2,3,15,3,3,0,1,1,1,2,36,2,2,0.0,0.0,0.0,0.0,0.0,2.0,9,5,5
136012,16,2,3,17,2,3,0,1,0,1,2,6,2,4,1.0,0.0,0.0,0.0,1.0,1.0,6,6,9
86211,16,2,0,17,6,3,0,1,1,1,2,23,2,2,0.0,0.0,0.0,0.0,0.0,3.0,23,5,6
184946,16,7,4,17,5,3,6,1,0,1,2,6,4,2,0.0,0.0,0.0,0.0,0.0,9.0,17,4,12
32437,16,2,1,17,2,3,0,1,0,1,2,24,2,0,4.0,1.0,2.0,1.0,0.0,0.0,1,6,3
69913,16,7,2,17,5,3,6,1,0,1,1,26,3,2,0.0,0.0,0.0,0.0,0.0,5.0,19,6,5
21593,4,2,1,0,0,3,0,1,1,1,2,36,2,2,0.0,0.0,0.0,0.0,0.0,3.0,19,4,2
120042,15,2,3,0,8,3,0,1,1,1,2,5,2,2,0.0,0.0,0.0,0.0,0.0,6.0,18,6,8
11682,16,2,1,0,6,3,0,5,0,1,2,6,2,3,1.0,0.0,0.0,1.0,0.0,3.0,2,1,1
121913,4,7,3,0,0,3,6,1,0,1,2,17,2,2,0.0,0.0,0.0,0.0,0.0,2.0,14,6,9
173534,16,2,3,9,6,3,0,1,0,1,0,18,2,3,1.0,0.0,0.0,1.0,0.0,1.0,12,6,12
154386,16,2,4,17,6,3,0,1,1,1,2,23,2,2,0.0,0.0,0.0,0.0,0.0,2.0,18,3,10
170059,16,2,4,17,8,4,0,1,1,1,1,18,2,2,0.0,0.0,0.0,0.0,0.0,2.0,16,3,11
135285,4,2,4,7,15,3,0,1,1,1,1,36,2,2,0.0,0.0,0.0,0.0,0.0,1.0,18,5,9
140202,16,2,1,3,6,3,0,1,0,1,2,6,4,3,4.0,0.0,0.0,4.0,0.0,1.0,19,3,10
185052,16,10,3,9,8,3,4,1,0,1,0,18,2,3,2.0,0.0,0.0,1.0,1.0,0.0,8,6,12
18618,15,2,3,0,16,3,0,1,1,1,2,18,2,2,0.0,0.0,0.0,0.0,0.0,2.0,9,3,2
63693,4,2,3,17,8,3,0,1,0,1,1,36,2,3,1.0,0.0,0.0,1.0,0.0,3.0,10,4,5
31183,16,2,1,10,2,3,0,1,0,1,2,28,2,1,3.0,0.0,2.0,1.0,0.0,1.0,21,7,3
126093,4,2,3,7,8,3,0,1,1,1,1,36,2,2,0.0,0.0,0.0,0.0,0.0,1.0,9,2,9
144105,16,7,3,0,8,3,6,1,0,1,1,18,3,2,0.0,0.0,0.0,0.0,0.0,4.0,13,6,10
68443,16,2,4,17,6,3,6,1,0,1,2,18,2,3,1.0,0.0,0.0,1.0,0.0,2.0,19,4,5
7325,16,2,3,0,6,3,0,1,0,1,2,18,2,3,2.0,0.0,0.0,2.0,0.0,0.0,13,7,1
109069,16,2,3,17,8,3,0,1,0,0,1,23,2,2,0.0,0.0,0.0,0.0,0.0,2.0,15,4,8
110552,4,2,3,17,8,3,0,1,0,1,2,18,2,3,1.0,0.0,0.0,1.0,0.0,1.0,14,5,8
4781,16,2,3,3,8,3,0,1,0,1,2,26,2,2,0.0,0.0,0.0,0.0,0.0,2.0,14,4,1
43010,15,2,1,0,6,3,0,1,1,1,1,36,2,2,0.0,0.0,0.0,0.0,0.0,2.0,23,7,4
24386,4,2,1,2,2,3,0,1,0,1,2,36,1,2,0.0,0.0,0.0,0.0,0.0,1.0,18,3,2
160733,16,7,3,8,6,3,6,5,0,1,0,17,3,3,1.0,0.0,0.0,1.0,0.0,2.0,15,7,11
164339,4,2,3,7,10,3,0,1,1,1,2,36,2,2,0.0,0.0,0.0,0.0,0.0,1.0,10,6,11
112549,16,2,2,17,8,3,0,1,0,1,2,18,2,3,2.0,0.0,0.0,2.0,0.0,1.0,16,6,8
76077,16,2,0,9,8,3,0,1,0,1,0,36,2,3,1.0,0.0,0.0,1.0,0.0,1.0,1,7,6
19017,16,2,3,0,2,3,0,1,0,1,2,36,3,4,1.0,0.0,0.0,0.0,1.0,2.0,13,4,2
105601,16,2,1,10,8,3,5,5,1,1,2,19,3,2,0.0,0.0,0.0,0.0,0.0,4.0,21,5,8
136216,16,2,3,0,2,3,0,1,0,1,2,36,2,2,0.0,0.0,0.0,0.0,0.0,2.0,14,3,9
185571,16,2,3,0,6,3,4,1,1,1,2,6,3,2,0.0,0.0,0.0,0.0,0.0,2.0,9,7,12
165178,16,2,3,10,2,3,0,1,1,1,2,19,2,2,0.0,0.0,0.0,0.0,0.0,2.0,14,6,11
165173,6,2,3,17,6,3,0,1,0,1,2,18,2,3,2.0,0.0,0.0,2.0,0.0,0.0,14,6,11
101163,16,7,3,17,6,3,6,5,0,1,2,36,3,3,1.0,0.0,0.0,1.0,0.0,2.0,10,4,7
89513,16,2,3,0,8,3,0,1,1,1,2,6,2,2,0.0,0.0,0.0,0.0,0.0,2.0,10,5,7
172140,4,11,4,10,11,3,0,1,1,1,2,21,2,2,0.0,0.0,0.0,0.0,0.0,4.0,16,3,12
110374,16,7,1,10,8,3,6,1,1,1,2,19,2,2,0.0,0.0,0.0,0.0,0.0,2.0,21,7,8
129153,16,2,3,17,6,3,0,1,0,1,2,6,3,4,1.0,0.0,0.0,0.0,1.0,2.0,16,4,9
30120,16,10,1,17,2,3,4,1,1,1,1,23,2,2,0.0,0.0,0.0,0.0,0.0,3.0,20,2,3
53738,16,2,3,0,5,3,0,1,1,1,2,6,2,2,0.0,0.0,0.0,0.0,0.0,4.0,17,2,4
23016,16,2,3,17,6,3,0,1,1,1,2,24,2,2,0.0,0.0,0.0,0.0,0.0,3.0,12,7,2
42777,16,2,3,0,2,3,0,1,0,1,2,36,3,2,0.0,0.0,0.0,0.0,0.0,3.0,18,2,4
19845,16,2,1,15,8,3,0,1,1,1,1,36,2,2,0.0,0.0,0.0,0.0,0.0,2.0,19,3,2
15751,16,2,1,17,6,3,0,1,0,1,2,6,2,4,2.0,0.0,0.0,0.0,2.0,2.0,19,1,2
31627,4,2,1,17,2,3,0,1,0,1,2,18,3,3,1.0,0.0,0.0,1.0,0.0,3.0,21,1,3
28921,4,2,3,17,2,3,0,1,0,1,2,36,2,1,1.0,0.0,1.0,0.0,0.0,1.0,11,2,3
116106,16,2,1,7,8,3,0,1,1,1,2,36,2,2,0.0,0.0,0.0,0.0,0.0,2.0,20,6,8
31187,16,2,3,17,2,3,0,1,0,1,0,18,2,3,3.0,0.0,0.0,3.0,0.0,4.0,10,7,3
180417,4,3,3,0,0,3,0,1,1,1,1,18,2,2,0.0,0.0,0.0,0.0,0.0,2.0,14,4,12
48658,15,2,3,10,2,3,0,1,1,1,1,36,2,2,0.0,0.0,0.0,0.0,0.0,2.0,15,2,4
3538,4,2,3,15,2,3,0,1,0,1,2,23,2,2,0.0,0.0,0.0,0.0,0.0,2.0,13,4,1
29985,4,2,1,9,8,3,6,1,1,1,0,18,2,2,0.0,0.0,0.0,0.0,0.0,2.0,23,7,3
179605,15,3,2,0,8,3,6,1,0,1,2,38,2,4,1.0,0.0,0.0,0.0,1.0,2.0,6,6,12
120047,16,2,4,0,8,3,0,5,0,1,1,6,2,3,4.0,0.0,0.0,4.0,0.0,1.0,19,6,8
54327,16,11,3,10,6,3,5,5,1,1,2,36,2,2,0.0,0.0,0.0,0.0,0.0,2.0,14,4,4
79084,15,2,3,0,6,3,0,1,0,1,2,18,3,3,1.0,0.0,0.0,1.0,0.0,2.0,13,3,6
175112,16,2,3,15,6,3,0,1,1,1,1,22,2,2,0.0,0.0,0.0,0.0,0.0,2.0,8,6,12
130954,16,2,3,15,6,3,0,1,1,1,0,36,2,2,0.0,0.0,0.0,0.0,0.0,3.0,15,1,9
94462,16,2,3,7,12,3,0,1,1,1,0,39,2,2,0.0,0.0,0.0,0.0,0.0,2.0,17,7,7
185964,16,7,1,15,6,3,6,5,0,1,2,12,2,3,1.0,0.0,0.0,1.0,0.0,1.0,16,2,12
170477,16,2,1,0,8,3,0,1,0,1,2,18,2,1,4.0,0.0,4.0,0.0,0.0,1.0,23,1,11
47659,16,7,1,14,1,3,6,1,0,1,2,28,5,2,0.0,0.0,0.0,0.0,0.0,6.0,18,6,4
90195,16,2,3,17,6,3,0,1,1,1,2,36,2,2,0.0,0.0,0.0,0.0,0.0,2.0,7,3,7
10609,16,7,3,7,10,3,6,1,1,1,2,23,2,2,0.0,0.0,0.0,0.0,0.0,1.0,12,2,1
159814,16,2,4,17,2,3,0,1,1,1,1,24,2,2,0.0,0.0,0.0,0.0,0.0,2.0,17,5,11
88601,16,2,1,10,3,3,0,1,0,0,2,36,2,2,0.0,0.0,0.0,0.0,0.0,2.0,2,7,7
133641,16,2,1,10,3,3,0,1,1,1,2,26,2,2,0.0,0.0,0.0,0.0,0.0,7.0,1,2,9
109203,16,2,3,10,6,3,0,1,1,1,0,19,2,2,0.0,0.0,0.0,0.0,0.0,3.0,19,7,8
67544,16,2,3,10,8,3,0,5,1,1,2,36,2,2,0.0,0.0,0.0,0.0,0.0,3.0,16,5,5
83035,16,2,3,10,6,3,0,1,0,1,2,17,3,4,4.0,0.0,0.0,0.0,4.0,3.0,9,4,6
106730,16,2,3,0,2,3,0,1,1,1,1,12,2,2,0.0,0.0,0.0,0.0,0.0,2.0,19,1,8