crash_date,               traffic_control_device,weather_condition,lighting_condition,first_crash_type,trafficway_type,alignment,roadway_surface_cond,road_defect,crash_type,intersection_related_i,damage,prim_contributory_cause,num_units,most_severe_injury,injuries_total,injuries_fatal,injuries_incapacitating,injuries_non_incapacitating,injuries_reported_not_evident,injuries_no_indication,crash_hour,crash_day_of_week,crash_month
174582,16,2,3,0,2,3,0,1,0,1,2,6,2,2,0.0,0.0,0.0,0.0,0.0,2.0,12,7,12
27339,16,2,1,17,10,3,0,1,1,1,2,24,2,2,0.0,0.0,0.0,0.0,0.0,2.0,17,5,2
163828,16,3,3,17,6,3,0,1,0,1,2,24,2,2,0.0,0.0,0.0,0.0,0.0,2.0,10,6,11
92934,17,2,3,0,8,3,0,5,1,1,2,18,2,2,0.0,0.0,0.0,0.0,0.0,2.0,9,4,7
171897,15,2,4,0,6,3,0,1,1,1,0,36,2,2,0.0,0.0,0.0,0.0,0.0,4.0,15,3,11
72585,16,2,1,0,6,3,0,5,0,1,2,6,3,3,1.0,0.0,0.0,1.0,0.0,2.0,22,4,6
20740,4,10,3,7,8,3,4,1,1,1,1,17,2,2,0.0,0.0,0.0,0.0,0.0,1.0,13,5,2
6599,16,2,1,10,8,3,1,1,1,1,2,16,2,2,0.0,0.0,0.0,0.0,0.0,2.0,4,2,1
80078,16,2,3,17,8,3,0,1,0,1,2,24,2,2,0.0,0.0,0.0,0.0,0.0,5.0,15,3,6
2695,16,2,4,0,2,3,0,1,0,1,2,17,2,3,1.0,0.0,0.0,1.0,0.0,1.0,17,5,1
135592,16,2,3,17,6,3,0,1,1,1,2,18,2,2,0.0,0.0,0.0,0.0,0.0,4.0,11,1,9
125290,15,2,3,0,15,3,0,1,1,1,1,36,2,2,0.0,0.0,0.0,0.0,0.0,2.0,7,6,9
115251,16,2,3,17,6,3,0,1,0,1,2,19,3,2,0.0,0.0,0.0,0.0,0.0,4.0,8,5,8
18854,16,2,3,10,3,3,0,1,0,1,2,19,2,4,2.0,0.0,0.0,0.0,2.0,1.0,14,7,2
179014,15,7,0,9,8,3,6,1,0,1,2,18,2,3,1.0,0.0,0.0,1.0,0.0,1.0,19,5,12
27696,16,2,1,7,8,3,0,1,1,1,2,21,2,2,0.0,0.0,0.0,0.0,0.0,1.0,18,4,2
53472,16,2,3,10,2,3,0,1,0,1,2,17,3,1,1.0,0.0,1.0,0.0,0.0,2.0,16,4,4
105338,16,2,1,0,2,3,0,5,0,1,2,6,2,2,0.0,0.0,0.0,0.0,0.0,3.0,2,3,8
29095,4,2,3,8,6,3,0,1,0,1,2,36,2,1,1.0,0.0,1.0,0.0,0.0,1.0,15,7,3
88806,16,2,3,17,3,3,0,1,0,1,2,18,2,3,1.0,0.0,0.0,1.0,0.0,1.0,15,2,7
142304,16,2,3,10,8,3,0,1,1,1,2,19,2,2,0.0,0.0,0.0,0.0,0.0,2.0,16,3,10
147722,4,2,3,10,2,3,0,1,0,1,2,19,3,1,2.0,0.0,1.0,0.0,1.0,1.0,15,2,10
111472,16,2,1,2,3,3,0,1,1,1,2,15,1,2,0.0,0.0,0.0,0.0,0.0,1.0,22,3,8
163683,16,2,3,10,8,4,5,1,1,1,2,17,2,2,0.0,0.0,0.0,0.0,0.0,2.0,15,5,11
3066,16,7,3,17,8,3,6,1,1,1,1,36,2,2,0.0,0.0,0.0,0.0,0.0,2.0,11,2,1
67244,15,2,3,0,8,3,0,1,1,1,0,18,2,2,0.0,0.0,0.0,0.0,0.0,4.0,9,5,5
42785,15,2,4,10,10,3,0,1,1,1,2,21,2,2,0.0,0.0,0.0,0.0,0.0,2.0,19,2,4
7590,16,7,3,17,2,3,6,1,1,1,1,18,2,2,0.0,0.0,0.0,0.0,0.0,2.0,10,2,1
105082,16,2,3,10,8,3,0,1,1,1,1,36,2,2,0.0,0.0,0.0,0.0,0.0,2.0,15,5,8
147776,16,2,3,0,8,3,0,1,1,1,2,6,2,2,0.0,0.0,0.0,0.0,0.0,2.0,10,2,10
100402,16,2,1,14,6,3,0,1,1,1,2,28,2,2,0.0,0.0,0.0,0.0,0.0,3.0,1,7,7
178246,16,2,3,17,8,2,0,1,1,1,2,36,2,2,0.0,0.0,0.0,0.0,0.0,2.0,9,4,12
136422,16,2,3,10,6,3,5,5,1,1,2,36,2,2,0.0,0.0,0.0,0.0,0.0,3.0,14,7,9
21246,16,2,3,15,2,3,6,1,1,1,1,36,2,2,0.0,0.0,0.0,0.0,0.0,2.0,11,5,2
64233,16,3,3,10,8,3,0,1,1,1,1,19,2,2,0.0,0.0,0.0,0.0,0.0,3.0,8,6,5
114852,16,7,3,17,2,3,6,1,0,0,2,24,2,2,0.0,0.0,0.0,0.0,0.0,2.0,15,7,8
137331,16,2,1,17,6,3,0,1,0,1,2,18,2,3,1.0,0.0,0.0,1.0,0.0,1.0,20,5,9
2759,16,2,1,0,8,3,0,1,0,1,2,6,2,2,0.0,0.0,0.0,0.0,0.0,2.0,17,6,1
99822,16,2,3,15,8,3,0,1,1,1,1,19,2,2,0.0,0.0,0.0,0.0,0.0,4.0,11,3,7
6698,16,2,3,0,6,3,0,1,1,1,2,6,2,2,0.0,0.0,0.0,0.0,0.0,3.0,8,3,1
143407,16,7,3,10,2,3,6,1,1,1,2,19,3,2,0.0,0.0,0.0,0.0,0.0,3.0,6,4,10
28452,16,2,1,0,8,3,0,1,0,1,2,18,2,2,0.0,0.0,0.0,0.0,0.0,2.0,5,1,3
77172,16,7,2,0,2,3,6,1,0,1,2,18,2,4,1.0,0.0,0.0,0.0,1.0,1.0,6,2,6
63273,16,2,3,17,2,3,0,5,1,1,1,36,2,2,0.0,0.0,0.0,0.0,0.0,2.0,10,4,5
21548,15,7,1,10,8,3,6,5,0,1,2,36,2,2,0.0,0.0,0.0,0.0,0.0,3.0,23,3,2
86340,16,2,3,10,6,3,0,1,1,1,0,6,2,2,0.0,0.0,0.0,0.0,0.0,2.0,13,6,6
160966,16,2,3,10,8,3,0,1,1,1,2,17,2,2,0.0,0.0,0.0,0.0,0.0,3.0,8,7,11
135684,16,2,3,17,1,3,0,1,0,1,2,18,2,1,1.0,0.0,1.0,0.0,0.0,1.0,16,3,9
185621,16,11,1,15,15,3,5,5,1,1,2,22,2,2,0.0,0.0,0.0,0.0,0.0,2.0,19,1,12
45588,16,7,1,9,6,3,6,1,0,1,2,28,2,0,1.0,1.0,0.0,0.0,0.0,1.0,21,5,4
120030,16,2,3,8,8,3,0,1,0,1,0,36,2,3,1.0,0.0,0.0,1.0,0.0,1.0,16,6,8
33531,16,2,3,17,10,3,0,1,1,1,1,18,2,2,0.0,0.0,0.0,0.0,0.0,2.0,8,5,3
50370,16,2,1,10,2,3,0,1,1,1,1,17,2,2,0.0,0.0,0.0,0.0,0.0,2.0,21,5,4
170875,16,2,0,2,8,3,0,1,0,1,2,17,2,1,1.0,0.0,1.0,0.0,0.0,3.0,22,7,11
162971,16,7,1,10,6,3,6,5,1,1,1,19,2,2,0.0,0.0,0.0,0.0,0.0,2.0,19,4,11
37787,4,2,3,15,6,3,0,1,1,1,1,18,2,2,0.0,0.0,0.0,0.0,0.0,3.0,15,1,3
172650,16,7,1,17,2,3,6,1,1,1,2,23,2,2,0.0,0.0,0.0,0.0,0.0,2.0,21,6,12
72304,4,2,3,0,8,3,0,1,1,1,0,36,2,2,0.0,0.0,0.0,0.0,0.0,2.0,16,5,6
4200,4,2,3,0,6,3,0,1,0,1,2,18,2,3,2.0,0.0,0.0,2.0,0.0,2.0,15,2,1
29620,15,2,3,0,8,3,0,1,0,1,2,18,2,3,1.0,0.0,0.0,1.0,0.0,2.0,9,7,3
161182,16,2,3,17,8,3,0,1,1,0,2,24,3,2,0.0,0.0,0.0,0.0,0.0,2.0,7,5,11
86374,15,2,3,0,8,3,0,1,0,1,1,36,4,2,0.0,0.0,0.0,0.0,0.0,3.0,18,6,6
155810,4,3,1,10,8,3,0,1,1,1,1,19,2,2,0.0,0.0,0.0,0.0,0.0,3.0,17,5,11
126510,16,7,3,10,6,3,6,1,0,1,2,17,2,3,1.0,0.0,0.0,1.0,0.0,3.0,10,2,9
142733,15,2,1,0,8,3,0,1,1,1,2,18,2,2,0.0,0.0,0.0,0.0,0.0,2.0,21,7,10
150321,15,7,1,10,8,3,0,1,1,1,1,17,3,2,0.0,0.0,0.0,0.0,0.0,4.0,21,6,10
111346,16,2,3,17,3,3,6,1,1,1,2,18,2,2,0.0,0.0,0.0,0.0,0.0,3.0,12,2,8
72837,16,2,4,8,8,3,5,5,0,1,1,24,2,4,1.0,0.0,0.0,0.0,1.0,1.0,20,6,6
182642,16,11,0,10,6,3,5,5,1,0,1,17,2,2,0.0,0.0,0.0,0.0,0.0,2.0,15,5,12
57143,16,5,1,17,6,3,6,1,1,1,2,6,2,2,0.0,0.0,0.0,0.0,0.0,2.0,21,6,5
118310,16,2,3,10,8,3,0,1,0,1,2,19,3,2,0.0,0.0,0.0,0.0,0.0,5.0,11,2,8
54253,15,2,3,13,15,3,0,1,0,1,2,21,2,4,1.0,0.0,0.0,0.0,1.0,1.0,15,3,4
148510,16,2,3,17,6,3,5,5,1,1,2,24,2,2,0.0,0.0,0.0,0.0,0.0,2.0,9,5,10
30983,16,2,3,10,2,3,0,1,1,1,2,36,3,2,0.0,0.0,0.0,0.0,0.0,3.0,12,2,3
14740,16,2,3,17,2,3,1,5,0,0,2,39,2,2,0.0,0.0,0.0,0.0,0.0,2.0,8,5,1
125242,2,2,3,0,8,3,0,5,0,1,2,18,2,2,0.0,0.0,0.0,0.0,0.0,4.0,10,5,9
77354,6,2,3,17,6,3,0,1,1,1,2,36,2,2,0.0,0.0,0.0,0.0,0.0,2.0,17,6,6
172311,15,7,1,17,8,4,6,1,1,1,0,12,2,2,0.0,0.0,0.0,0.0,0.0,2.0,23,7,12
66052,16,2,1,17,6,3,0,1,0,1,1,6,2,3,1.0,0.0,0.0,1.0,0.0,1.0,23,2,5
150667,15,2,3,0,8,3,0,1,1,1,2,36,2,2,0.0,0.0,0.0,0.0,0.0,3.0,13,7,10
125648,15,2,3,0,6,3,0,1,0,1,2,5,2,3,4.0,0.0,0.0,1.0,3.0,1.0,8,3,9
23346,4,10,1,10,3,3,4,1,1,1,0,17,2,2,0.0,0.0,0.0,0.0,0.0,2.0,22,6,2
132918,4,2,3,0,3,3,0,1,1,1,2,17,2,2,0.0,0.0,0.0,0.0,0.0,6.0,12,6,9
25662,16,10,1,9,8,3,6,5,0,1,2,36,2,4,1.0,0.0,0.0,0.0,1.0,1.0,18,6,2
162236,16,7,3,10,2,3,6,1,0,1,2,19,3,4,2.0,0.0,0.0,0.0,2.0,1.0,10,6,11
181835,15,3,1,0,16,3,0,1,0,1,2,18,2,3,1.0,0.0,0.0,1.0,0.0,1.0,22,3,12
182074,16,2,0,10,8,3,0,1,1,1,1,36,2,2,0.0,0.0,0.0,0.0,0.0,2.0,18,4,12
132513,16,2,3,10,11,3,0,1,1,1,2,26,2,2,0.0,0.0,0.0,0.0,0.0,2.0,10,6,9
126508,4,7,3,13,17,3,6,5,1,0,2,18,2,2,0.0,0.0,0.0,0.0,0.0,3.0,10,2,9
162274,15,2,1,17,6,3,0,1,1,1,2,18,2,2,0.0,0.0,0.0,0.0,0.0,2.0,19,7,11
75565,4,2,3,17,2,3,0,1,0,0,2,4,2,3,2.0,0.0,0.0,2.0,0.0,0.0,15,6,6
84296,16,7,3,10,2,3,6,1,0,1,2,36,3,4,1.0,0.0,0.0,0.0,1.0,4.0,13,2,6
112240,16,2,0,9,8,3,0,1,0,1,1,36,2,3,1.0,0.0,0.0,1.0,0.0,1.0,21,2,8
57914,15,2,3,17,15,3,0,1,0,1,2,12,2,3,2.0,0.0,0.0,1.0,1.0,0.0,11,7,5
18487,16,2,3,0,19,3,4,1,1,1,2,6,2,2,0.0,0.0,0.0,0.0,0.0,2.0,8,7,2
68402,15,2,3,0,6,3,0,5,0,1,2,36,2,4,1.0,0.0,0.0,0.0,1.0,1.0,12,3,5
60006,16,2,3,15,10,3,0,1,1,1,1,22,2,2,0.0,0.0,0.0,0.0,0.0,2.0,13,2,5
19619,16,2,1,17,8,3,0,1,1,1,2,24,2,2,0.0,0.0,0.0,0.0,0.0,4.0,17,7,2
59832,16,2,3,0,8,3,0,1,0,1,2,18,2,3,1.0,0.0,0.0,1.0,0.0,1.0,8,1,5
46392,4,3,3,17,8,3,6,5,1,1,1,18,2,2,0.0,0.0,0.0,0.0,0.0,2.0,17,4,4
119311,16,2,1,0,18,3,0,5,0,1,2,6,2,2,0.0,0.0,0.0,0.0,0.0,2.0,22,3,8
176582,16,10,3,10,8,3,4,1,1,1,1,19,2,2,0.0,0.0,0.0,0.0,0.0,2.0,12,7,12
42901,15,2,3,9,8,3,0,1,1,1,0,18,2,2,0.0,0.0,0.0,0.0,0.0,2.0,13,6,4
27550,16,7,3,7,8,3,6,1,1,1,2,23,2,2,0.0,0.0,0.0,0.0,0.0,1.0,11,2,2
154247,16,2,3,17,8,3,0,1,0,1,2,18,2,3,1.0,0.0,0.0,1.0,0.0,3.0,14,7,10
83547,16,2,3,17,6,3,0,1,1,1,2,36,2,2,0.0,0.0,0.0,0.0,0.0,3.0,18,5,6
134691,4,2,3,0,8,5,0,1,1,1,2,18,2,2,0.0,0.0,0.0,0.0,0.0,2.0,13,4,9
184478,16,2,3,17,15,3,0,1,0,1,1,12,2,2,0.0,0.0,0.0,0.0,0.0,2.0,9,4,12
127263,4,2,3,17,8,3,0,1,1,1,2,36,2,2,0.0,0.0,0.0,0.0,0.0,2.0,16,5,9
163277,16,7,1,10,8,3,6,5,1,1,2,19,2,2,0.0,0.0,0.0,0.0,0.0,3.0,23,7,11
67425,15,2,3,17,8,3,0,1,1,1,2,18,2,2,0.0,0.0,0.0,0.0,0.0,2.0,19,2,5
14887,16,2,3,0,6,4,0,1,0,1,2,6,2,3,1.0,0.0,0.0,1.0,0.0,2.0,13,2,1
75029,15,2,3,0,3,3,0,1,0,1,2,18,3,3,1.0,0.0,0.0,1.0,0.0,3.0,15,5,6
48802,4,7,3,0,8,3,6,1,0,1,2,38,2,3,2.0,0.0,0.0,2.0,0.0,1.0,14,6,4
93961,16,2,3,15,2,3,0,5,1,0,2,36,2,2,0.0,0.0,0.0,0.0,0.0,2.0,12,6,7
149842,16,2,3,14,8,3,0,1,0,1,2,18,2,3,2.0,0.0,0.0,2.0,0.0,2.0,15,2,10
23521,15,2,1,0,8,3,0,1,0,1,1,5,2,4,1.0,0.0,0.0,0.0,1.0,9.0,0,1,2
4675,16,6,3,17,8,3,1,1,1,0,2,26,3,2,0.0,0.0,0.0,0.0,0.0,3.0,14,2,1
101746,4,2,1,0,2,3,0,1,0,1,1,18,2,2,0.0,0.0,0.0,0.0,0.0,2.0,1,7,7
88259,16,2,3,9,8,3,0,1,0,1,2,18,2,4,2.0,0.0,0.0,0.0,2.0,0.0,10,2,7
50704,4,2,3,15,10,3,0,1,1,1,2,12,2,2,0.0,0.0,0.0,0.0,0.0,3.0,9,6,4
14150,4,2,3,15,8,3,0,1,1,1,1,36,2,2,0.0,0.0,0.0,0.0,0.0,2.0,7,2,1
62498,16,2,0,0,6,3,0,1,1,0,2,6,2,2,0.0,0.0,0.0,0.0,0.0,2.0,21,7,5
30980,16,2,1,10,11,3,0,1,0,1,2,19,2,4,1.0,0.0,0.0,0.0,1.0,2.0,21,2,3
127823,4,2,3,9,8,4,0,1,1,1,0,18,2,2,0.0,0.0,0.0,0.0,0.0,2.0,13,6,9
123407,16,7,3,0,13,3,6,1,0,1,2,6,3,2,0.0,0.0,0.0,0.0,0.0,3.0,9,5,9
173325,15,2,3,17,8,3,0,1,1,1,2,18,2,2,0.0,0.0,0.0,0.0,0.0,2.0,15,2,12
41090,16,2,4,15,8,3,0,1,1,1,2,23,2,2,0.0,0.0,0.0,0.0,0.0,3.0,18,6,3
162336,16,2,3,15,6,3,0,1,1,1,2,22,2,2,0.0,0.0,0.0,0.0,0.0,8.0,9,1,11
174762,17,11,1,9,9,3,5,1,0,1,0,36,2,3,1.0,0.0,0.0,1.0,0.0,1.0,5,3,12
139495,16,2,1,17,10,3,0,1,1,1,0,36,2,2,0.0,0.0,0.0,0.0,0.0,2.0,18,6,10
112085,15,2,3,0,6,3,0,1,1,1,2,5,2,2,0.0,0.0,0.0,0.0,0.0,2.0,18,6,8
150765,16,7,3,10,8,3,0,1,1,1,2,17,2,2,0.0,0.0,0.0,0.0,0.0,6.0,17,1,10
8149,16,2,3,17,8,3,0,1,1,1,1,24,2,2,0.0,0.0,0.0,0.0,0.0,2.0,8,4,1
63895,4,2,3,17,2,3,0,1,1,1,1,23,2,2,0.0,0.0,0.0,0.0,0.0,2.0,16,2,5
141351,4,2,2,17,8,3,6,1,0,1,2,12,2,2,0.0,0.0,0.0,0.0,0.0,3.0,17,5,10
28854,16,11,5,2,8,3,5,1,0,1,2,36,1,2,0.0,0.0,0.0,0.0,0.0,1.0,0,7,3
132549,16,2,1,0,8,3,0,1,0,1,2,36,2,2,0.0,0.0,0.0,0.0,0.0,3.0,4,7,9
99204,16,2,3,10,6,3,0,1,1,1,2,36,2,2,0.0,0.0,0.0,0.0,0.0,2.0,10,2,7
136979,4,2,3,17,8,3,0,1,0,1,2,18,3,2,0.0,0.0,0.0,0.0,0.0,2.0,13,1,9
159224,4,2,1,17,8,3,0,1,0,1,2,18,2,2,0.0,0.0,0.0,0.0,0.0,3.0,17,3,11
92901,16,2,3,9,6,3,0,5,0,1,2,9,2,3,1.0,0.0,0.0,1.0,0.0,1.0,16,4,7
58782,15,11,5,10,6,3,5,5,1,1,2,19,2,2,0.0,0.0,0.0,0.0,0.0,2.0,17,6,5
118724,16,2,3,15,6,3,0,5,1,1,2,19,2,2,0.0,0.0,0.0,0.0,0.0,3.0,11,2,8
164442,16,2,3,10,11,3,0,1,1,1,2,19,2,2,0.0,0.0,0.0,0.0,0.0,2.0,8,2,11
35550,16,2,3,17,3,3,0,4,1,1,1,24,2,2,0.0,0.0,0.0,0.0,0.0,4.0,15,3,3
1139,15,6,3,0,3,3,1,1,0,1,2,8,3,2,0.0,0.0,0.0,0.0,0.0,3.0,10,5,1
129674,4,2,1,17,2,3,0,1,0,0,2,24,2,2,0.0,0.0,0.0,0.0,0.0,2.0,18,3,9
25739,16,2,4,15,2,3,0,1,1,1,2,12,2,2,0.0,0.0,0.0,0.0,0.0,2.0,17,6,2
119819,16,2,3,10,2,3,0,1,0,0,2,19,3,2,0.0,0.0,0.0,0.0,0.0,3.0,16,4,8
133815,16,2,3,10,6,3,0,1,0,1,2,26,2,2,0.0,0.0,0.0,0.0,0.0,2.0,7,5,9
148831,16,2,3,9,8,3,0,1,0,1,1,36,2,3,1.0,0.0,0.0,1.0,0.0,1.0,13,3,10
134600,16,7,1,10,8,3,6,1,1,1,2,36,2,2,0.0,0.0,0.0,0.0,0.0,2.0,21,1,9
121603,4,11,5,17,4,3,5,5,1,1,2,36,2,2,0.0,0.0,0.0,0.0,0.0,2.0,19,2,9
108194,16,2,1,17,6,3,0,5,1,1,2,36,2,2,0.0,0.0,0.0,0.0,0.0,3.0,23,5,8
63365,16,3,3,17,10,3,0,1,1,1,2,36,2,2,0.0,0.0,0.0,0.0,0.0,2.0,15,7,5
5123,16,7,3,17,6,3,6,1,1,1,1,36,2,2,0.0,0.0,0.0,0.0,0.0,3.0,10,7,1
46,15,9,3,0,11,3,4,1,0,1,2,18,2,2,0.0,0.0,0.0,0.0,0.0,2.0,14,2,1
80675,16,11,3,8,6,3,5,5,0,1,2,36,2,1,1.0,0.0,1.0,0.0,0.0,1.0,7,5,6
111132,16,2,1,8,1,3,0,1,1,1,0,18,2,2,0.0,0.0,0.0,0.0,0.0,2.0,23,6,8
136651,16,2,1,0,2,3,0,1,0,1,2,6,2,3,3.0,0.0,0.0,3.0,0.0,1.0,23,7,9
58328,4,2,3,17,8,3,0,1,1,1,2,36,2,2,0.0,0.0,0.0,0.0,0.0,2.0,14,6,5
148076,15,2,3,0,8,3,0,1,0,1,2,30,2,2,0.0,0.0,0.0,0.0,0.0,2.0,10,5,10
45051,15,2,3,17,2,3,0,1,1,1,2,24,2,2,0.0,0.0,0.0,0.0,0.0,2.0,18,1,4
10314,4,2,3,14,8,3,0,1,1,0,1,18,2,2,0.0,0.0,0.0,0.0,0.0,2.0,10,5,1
62842,15,2,3,7,6,3,0,1,1,1,0,36,2,2,0.0,0.0,0.0,0.0,0.0,1.0,15,6,5
28776,16,2,3,17,10,3,0,1,1,1,2,24,2,2,0.0,0.0,0.0,0.0,0.0,4.0,10,6,3
70021,16,11,5,10,6,3,5,5,1,1,2,36,2,2,0.0,0.0,0.0,0.0,0.0,3.0,1,1,5
43127,16,7,3,17,18,3,6,5,1,1,1,17,2,2,0.0,0.0,0.0,0.0,0.0,2.0,9,3,4
97780,15,2,3,0,6,3,0,1,0,1,2,18,2,2,0.0,0.0,0.0,0.0,0.0,2.0,15,7,7
148677,15,2,3,0,8,3,0,1,0,1,2,5,3,2,0.0,0.0,0.0,0.0,0.0,4.0,17,6,10
185486,15,2,2,0,15,3,0,1,0,1,2,18,2,4,2.0,0.0,0.0,0.0,2.0,1.0,5,6,12
183010,16,2,1,0,6,3,0,5,0,1,2,6,2,3,1.0,0.0,0.0,1.0,0.0,2.0,0,5,12
134826,15,2,0,3,8,3,0,1,0,1,2,11,3,4,2.0,0.0,0.0,0.0,2.0,1.0,19,3,9
119576,15,2,3,17,8,3,0,1,0,1,2,18,2,3,1.0,0.0,0.0,1.0,0.0,1.0,10,6,8
73311,4,2,3,17,8,3,0,1,0,1,2,18,3,3,2.0,0.0,0.0,1.0,1.0,3.0,19,2,6
7815,15,2,3,0,2,3,0,1,1,1,2,18,2,2,0.0,0.0,0.0,0.0,0.0,3.0,15,7,1
99455,16,2,3,10,8,3,0,1,0,1,2,36,2,4,1.0,0.0,0.0,0.0,1.0,1.0,14,6,7
23233,16,2,3,10,6,3,0,1,1,1,2,19,2,2,0.0,0.0,0.0,0.0,0.0,2.0,10,3,2
117767,15,2,3,10,8,3,0,1,0,1,2,19,2,3,2.0,0.0,0.0,2.0,0.0,0.0,8,1,8
97442,16,2,1,9,8,3,0,1,1,1,0,28,2,2,0.0,0.0,0.0,0.0,0.0,2.0,2,3,7
166028,15,2,1,17,10,3,0,1,1,1,2,18,2,2,0.0,0.0,0.0,0.0,0.0,2.0,17,2,11
70118,16,2,3,10,2,3,0,1,1,1,1,19,2,2,0.0,0.0,0.0,0.0,0.0,7.0,7,3,5
124386,16,7,3,10,8,3,6,1,1,1,2,19,2,2,0.0,0.0,0.0,0.0,0.0,2.0,7,5,9
170960,15,2,2,0,2,3,0,1,0,1,2,5,2,3,2.0,0.0,0.0,2.0,0.0,1.0,6,2,11
79972,16,2,3,7,10,3,0,1,1,1,2,18,2,2,0.0,0.0,0.0,0.0,0.0,1.0,18,7,6
179788,15,2,3,17,8,3,0,1,1,1,2,36,2,2,0.0,0.0,0.0,0.0,0.0,3.0,16,3,12
44994,4,2,4,15,8,3,0,1,1,1,1,23,2,2,0.0,0.0,0.0,0.0,0.0,2.0,18,7,4
96140,15,2,3,17,8,3,0,1,1,1,2,18,2,2,0.0,0.0,0.0,0.0,0.0,2.0,11,3,7
5793,16,2,3,17,8,3,0,1,0,1,1,18,2,2,0.0,0.0,0.0,0.0,0.0,2.0,10,4,1
33160,15,2,3,0,6,3,0,1,0,1,2,5,2,3,2.0,0.0,0.0,2.0,0.0,0.0,14,6,3
152209,4,2,3,17,8,3,0,1,1,1,0,21,2,2,0.0,0.0,0.0,0.0,0.0,3.0,14,5,10
146646,16,2,3,17,6,3,0,1,0,1,2,18,2,2,0.0,0.0,0.0,0.0,0.0,2.0,16,7,10
16182,16,2,3,10,8,3,0,1,1,1,1,19,3,2,0.0,0.0,0.0,0.0,0.0,4.0,16,4,2
103674,16,2,1,0,2,3,0,1,0,1,2,6,2,4,1.0,0.0,0.0,0.0,1.0,1.0,0,6,7
148908,16,2,1,9,8,3,5,5,0,1,1,36,2,3,1.0,0.0,0.0,1.0,0.0,2.0,17,4,10
176053,15,2,1,0,8,3,0,1,1,1,2,5,2,2,0.0,0.0,0.0,0.0,0.0,2.0,21,6,12
158074,16,3,3,10,8,3,6,1,0,1,1,16,2,2,0.0,0.0,0.0,0.0,0.0,3.0,14,1,11
15072,16,3,3,10,8,3,0,1,0,0,2,19,2,4,1.0,0.0,0.0,0.0,1.0,1.0,15,4,2
133940,16,7,1,10,6,3,6,5,1,1,1,39,2,2,0.0,0.0,0.0,0.0,0.0,3.0,1,7,9
113269,15,2,3,9,8,3,0,1,1,1,0,18,2,2,0.0,0.0,0.0,0.0,0.0,2.0,11,3,8
104374,16,2,3,15,8,3,0,1,1,1,2,36,2,2,0.0,0.0,0.0,0.0,0.0,3.0,12,2,8
36638,15,2,3,0,8,3,0,1,1,1,2,18,2,2,0.0,0.0,0.0,0.0,0.0,3.0,15,2,3
36498,15,7,3,0,6,3,6,1,0,1,2,18,2,2,0.0,0.0,0.0,0.0,0.0,3.0,13,6,3
162506,15,2,3,0,8,3,0,1,1,1,1,5,2,2,0.0,0.0,0.0,0.0,0.0,3.0,8,2,11
143169,15,2,1,0,8,3,0,1,0,1,2,5,2,2,0.0,0.0,0.0,0.0,0.0,2.0,19,2,10
27113,16,2,3,15,8,3,0,1,1,1,1,22,2,2,0.0,0.0,0.0,0.0,0.0,2.0,11,1,2
63761,4,2,1,0,8,3,0,1,0,1,2,11,3,3,3.0,0.0,0.0,3.0,0.0,1.0,21,5,5
111013,16,2,3,9,10,3,6,1,0,1,2,6,2,1,1.0,0.0,1.0,0.0,0.0,2.0,16,4,8
120741,16,7,3,10,3,4,6,1,1,1,2,39,2,2,0.0,0.0,0.0,0.0,0.0,2.0,18,3,9
81584,16,2,3,0,2,3,0,1,0,1,2,6,2,2,0.0,0.0,0.0,0.0,0.0,3.0,10,3,6
165814,16,2,3,10,3,3,0,1,0,1,2,19,2,4,1.0,0.0,0.0,0.0,1.0,2.0,11,7,11
115992,16,2,3,17,8,3,0,1,1,1,1,36,2,2,0.0,0.0,0.0,0.0,0.0,2.0,14,4,8
72624,16,2,3,7,8,3,0,1,1,1,1,36,2,2,0.0,0.0,0.0,0.0,0.0,3.0,17,5,6
156451,15,2,3,10,8,3,0,1,1,1,1,17,2,2,0.0,0.0,0.0,0.0,0.0,2.0,7,6,11
106519,16,2,1,17,8,3,0,1,0,1,2,36,2,1,3.0,0.0,1.0,1.0,1.0,0.0,21,6,8
81666,16,2,3,17,2,3,0,1,1,1,2,24,2,2,0.0,0.0,0.0,0.0,0.0,3.0,9,4,6
40378,16,2,3,17,8,3,0,1,1,1,2,18,2,2,0.0,0.0,0.0,0.0,0.0,2.0,9,7,3
42877,4,2,3,10,8,3,0,1,1,1,1,19,2,2,0.0,0.0,0.0,0.0,0.0,2.0,16,5,4
27023,15,11,1,0,6,3,5,5,1,1,2,36,2,2,0.0,0.0,0.0,0.0,0.0,3.0,19,7,2
147082,15,2,2,7,6,3,0,1,1,1,0,21,2,2,0.0,0.0,0.0,0.0,0.0,1.0,7,5,10
93750,15,2,1,17,15,3,0,1,1,1,2,18,2,2,0.0,0.0,0.0,0.0,0.0,2.0,22,2,7
15240,16,9,1,10,2,3,4,1,0,1,2,17,2,2,0.0,0.0,0.0,0.0,0.0,2.0,2,7,2
22966,4,2,3,17,6,3,0,1,0,1,2,17,2,4,1.0,0.0,0.0,0.0,1.0,2.0,14,7,2
172749,4,3,3,10,2,3,0,1,0,1,2,17,2,4,1.0,0.0,0.0,0.0,1.0,1.0,13,7,12
126566,4,2,3,17,6,3,0,1,1,1,2,18,2,2,0.0,0.0,0.0,0.0,0.0,2.0,8,4,9
77664,4,7,1,7,8,3,6,1,1,1,2,15,5,2,0.0,0.0,0.0,0.0,0.0,1.0,3,3,6