crash_date,               traffic_control_device,weather_condition,lighting_condition,first_crash_type,trafficway_type,alignment,roadway_surface_cond,road_defect,crash_type,intersection_related_i,damage,prim_contributory_cause,num_units,most_severe_injury,injuries_total,injuries_fatal,injuries_incapacitating,injuries_non_incapacitating,injuries_reported_not_evident,injuries_no_indication,crash_hour,crash_day_of_week,crash_month
77406,16,2,1,0,6,3,0,1,1,1,1,18,2,2,0.0,0.0,0.0,0.0,0.0,2.0,2,7,6
163381,16,2,1,0,6,3,0,1,0,1,2,6,2,2,0.0,0.0,0.0,0.0,0.0,2.0,5,2,11
180736,16,10,1,15,2,2,4,1,1,1,1,39,2,2,0.0,0.0,0.0,0.0,0.0,2.0,19,6,12
29614,4,2,3,14,2,3,0,1,0,1,2,11,2,2,0.0,0.0,0.0,0.0,0.0,2.0,16,7,3
79695,16,2,3,10,3,3,0,1,0,1,2,9,4,2,0.0,0.0,0.0,0.0,0.0,7.0,16,4,6
65348,16,2,3,10,6,3,0,5,1,1,0,36,2,2,0.0,0.0,0.0,0.0,0.0,2.0,11,4,5
49779,15,2,3,0,6,3,0,1,0,1,2,18,2,3,2.0,0.0,0.0,1.0,1.0,0.0,17,4,4
167371,6,2,3,0,8,3,0,1,0,1,2,11,2,4,1.0,0.0,0.0,0.0,1.0,1.0,13,2,11
71505,16,2,3,15,6,3,0,1,1,1,1,18,2,2,0.0,0.0,0.0,0.0,0.0,2.0,19,2,5
39201,16,2,3,17,10,3,0,5,0,1,2,24,2,2,0.0,0.0,0.0,0.0,0.0,5.0,17,6,3
159099,15,2,3,17,8,3,0,1,1,1,2,36,2,2,0.0,0.0,0.0,0.0,0.0,2.0,14,4,11
86458,16,2,1,17,8,3,0,1,0,1,2,18,2,2,0.0,0.0,0.0,0.0,0.0,2.0,22,1,6
77818,15,2,1,17,8,3,0,1,0,1,2,5,3,2,0.0,0.0,0.0,0.0,0.0,2.0,3,6,6
94714,4,2,3,17,6,3,0,1,1,1,2,17,2,2,0.0,0.0,0.0,0.0,0.0,3.0,15,3,7
36994,15,7,3,17,8,3,6,1,1,1,2,19,2,2,0.0,0.0,0.0,0.0,0.0,2.0,6,7,3
99372,16,2,1,17,6,4,0,1,0,1,2,23,2,3,1.0,0.0,0.0,1.0,0.0,2.0,20,3,7
117641,15,2,3,14,8,3,0,1,0,1,2,23,5,3,1.0,0.0,0.0,1.0,0.0,5.0,12,7,8
91312,15,2,3,17,2,3,0,1,1,1,1,18,2,2,0.0,0.0,0.0,0.0,0.0,2.0,8,6,7
174373,4,2,1,17,8,3,0,1,0,0,2,28,2,4,2.0,0.0,0.0,0.0,2.0,1.0,20,3,12
21324,16,3,3,15,15,3,0,1,0,0,2,22,2,2,0.0,0.0,0.0,0.0,0.0,3.0,8,6,2
171628,16,2,1,17,2,3,0,1,1,1,2,6,2,2,0.0,0.0,0.0,0.0,0.0,2.0,5,5,11
32912,4,2,1,2,8,3,0,1,1,1,2,36,1,2,0.0,0.0,0.0,0.0,0.0,1.0,3,7,3
63888,16,2,3,15,8,3,0,1,1,1,0,23,2,2,0.0,0.0,0.0,0.0,0.0,2.0,14,2,5
4563,15,5,1,17,2,3,6,1,1,1,2,36,2,2,0.0,0.0,0.0,0.0,0.0,3.0,18,6,1
163144,16,2,3,10,10,3,0,1,1,1,1,19,2,2,0.0,0.0,0.0,0.0,0.0,2.0,9,4,11
72925,16,2,3,0,8,3,0,1,1,1,2,6,2,2,0.0,0.0,0.0,0.0,0.0,3.0,10,1,6
174531,16,2,3,10,6,3,0,1,1,1,0,17,2,2,0.0,0.0,0.0,0.0,0.0,2.0,13,7,12
87034,16,11,5,0,10,3,5,1,0,1,2,6,2,2,0.0,0.0,0.0,0.0,0.0,3.0,3,4,6
118303,16,2,3,0,2,3,0,1,0,1,2,18,2,4,1.0,0.0,0.0,0.0,1.0,2.0,8,2,8
165854,17,11,5,0,8,3,5,5,1,1,0,36,2,2,0.0,0.0,0.0,0.0,0.0,2.0,17,2,11
127003,15,2,1,9,10,3,0,1,0,1,0,5,2,1,1.0,0.0,1.0,0.0,0.0,1.0,20,2,9
164840,15,3,3,10,8,3,0,1,1,1,1,5,2,2,0.0,0.0,0.0,0.0,0.0,2.0,12,6,11
15965,16,2,3,10,11,3,0,1,1,1,1,19,2,2,0.0,0.0,0.0,0.0,0.0,2.0,7,4,2
6174,16,3,3,0,8,3,0,4,0,1,2,36,2,3,1.0,0.0,0.0,1.0,0.0,2.0,10,2,1
148823,15,2,3,8,8,3,0,1,1,1,0,18,2,2,0.0,0.0,0.0,0.0,0.0,2.0,11,1,10
84149,16,2,3,10,8,3,0,5,1,1,2,18,2,2,0.0,0.0,0.0,0.0,0.0,3.0,16,1,6
83833,16,7,3,10,2,3,6,1,1,1,2,36,2,2,0.0,0.0,0.0,0.0,0.0,2.0,7,1,6
87397,16,2,1,15,2,3,0,1,0,1,1,22,3,3,2.0,0.0,0.0,2.0,0.0,2.0,4,1,6
119391,16,2,3,10,6,3,0,1,1,1,2,17,2,2,0.0,0.0,0.0,0.0,0.0,2.0,11,5,8
41362,17,2,1,15,8,3,0,5,0,1,2,36,2,2,0.0,0.0,0.0,0.0,0.0,2.0,0,6,3
111990,4,2,3,15,2,3,0,1,1,1,2,23,2,2,0.0,0.0,0.0,0.0,0.0,4.0,10,4,8
90105,4,2,1,7,8,3,0,1,0,1,2,9,3,4,2.0,0.0,0.0,0.0,2.0,0.0,2,2,7
179714,16,2,1,17,6,3,0,1,0,1,0,19,2,3,1.0,0.0,0.0,1.0,0.0,6.0,23,7,12
92012,16,2,3,10,3,3,0,1,1,1,2,17,2,2,0.0,0.0,0.0,0.0,0.0,2.0,11,2,7
108715,16,2,3,10,6,3,5,5,0,1,2,19,2,3,1.0,0.0,0.0,1.0,0.0,2.0,12,6,8
131784,16,2,3,10,8,3,0,1,0,1,2,19,2,3,1.0,0.0,0.0,1.0,0.0,2.0,8,6,9
135202,16,3,3,10,8,3,0,5,1,1,1,19,2,2,0.0,0.0,0.0,0.0,0.0,2.0,16,3,9
26213,15,2,3,2,10,3,0,1,0,1,2,28,1,2,0.0,0.0,0.0,0.0,0.0,1.0,13,1,2
94184,15,2,3,17,6,3,0,1,0,1,2,26,2,4,1.0,0.0,0.0,0.0,1.0,1.0,12,7,7
64314,4,2,1,2,3,3,0,1,0,1,2,37,1,2,0.0,0.0,0.0,0.0,0.0,1.0,3,2,5
149022,16,2,3,17,6,3,0,1,0,1,2,36,2,2,0.0,0.0,0.0,0.0,0.0,4.0,15,6,10
125764,4,2,3,0,4,3,0,1,1,0,2,18,2,2,0.0,0.0,0.0,0.0,0.0,3.0,17,6,9
40073,15,7,1,17,15,4,6,1,1,1,2,18,2,2,0.0,0.0,0.0,0.0,0.0,2.0,19,1,3
99428,15,2,3,0,8,3,0,1,0,0,2,18,2,2,0.0,0.0,0.0,0.0,0.0,2.0,8,5,7
64102,15,2,1,0,11,3,0,1,1,1,2,5,2,2,0.0,0.0,0.0,0.0,0.0,2.0,5,4,5
101758,15,2,3,8,8,3,0,1,0,1,0,17,2,1,1.0,0.0,1.0,0.0,0.0,1.0,14,7,7
36815,15,2,3,10,8,3,0,1,0,1,2,8,2,4,1.0,0.0,0.0,0.0,1.0,2.0,18,3,3
182350,16,2,3,0,6,3,0,1,0,1,2,6,2,2,0.0,0.0,0.0,0.0,0.0,3.0,9,2,12
183028,16,2,3,10,10,3,6,1,0,1,2,17,2,1,1.0,0.0,1.0,0.0,0.0,2.0,13,3,12
188638,16,2,3,10,8,3,0,1,1,1,2,36,3,2,0.0,0.0,0.0,0.0,0.0,3.0,12,1,12
160408,15,7,3,17,2,3,6,1,1,1,2,18,2,2,0.0,0.0,0.0,0.0,0.0,3.0,10,6,11
166761,15,2,1,0,8,3,0,1,1,1,2,5,2,2,0.0,0.0,0.0,0.0,0.0,2.0,18,7,11
78157,4,2,3,15,8,3,0,1,1,1,0,36,3,2,0.0,0.0,0.0,0.0,0.0,3.0,11,4,6
145280,16,7,1,17,3,3,6,1,1,1,0,18,2,2,0.0,0.0,0.0,0.0,0.0,2.0,23,7,10
124546,4,7,3,17,8,3,6,5,0,1,2,18,3,3,1.0,0.0,0.0,1.0,0.0,2.0,9,1,9
144249,15,7,3,0,6,3,6,5,1,1,2,18,2,2,0.0,0.0,0.0,0.0,0.0,2.0,13,2,10
174340,16,2,3,0,2,3,0,1,0,1,2,11,2,2,0.0,0.0,0.0,0.0,0.0,2.0,15,3,12
2697,16,5,1,10,8,3,4,1,0,0,2,6,2,3,1.0,0.0,0.0,1.0,0.0,1.0,5,5,1
106586,15,7,1,14,8,3,6,1,0,1,2,11,3,4,1.0,0.0,0.0,0.0,1.0,4.0,21,7,8
97661,16,2,3,17,1,3,0,1,1,1,0,18,2,2,0.0,0.0,0.0,0.0,0.0,2.0,16,5,7
178818,16,2,3,10,8,3,0,5,0,0,2,36,2,2,0.0,0.0,0.0,0.0,0.0,2.0,7,5,12
178727,16,2,3,10,3,3,0,1,1,1,2,19,2,2,0.0,0.0,0.0,0.0,0.0,2.0,14,3,12
117046,16,7,3,17,8,3,6,1,1,1,2,22,2,2,0.0,0.0,0.0,0.0,0.0,3.0,9,5,8
41350,16,2,1,14,6,3,0,1,1,1,2,18,2,2,0.0,0.0,0.0,0.0,0.0,2.0,22,6,3
186520,16,2,3,0,11,3,0,1,1,1,1,6,2,2,0.0,0.0,0.0,0.0,0.0,3.0,8,4,12
57954,4,2,3,0,8,3,0,1,1,1,1,21,2,2,0.0,0.0,0.0,0.0,0.0,2.0,15,6,5
55542,4,7,1,17,2,3,6,1,0,1,2,24,2,3,1.0,0.0,0.0,1.0,0.0,2.0,21,1,4
5942,16,5,1,17,6,3,6,1,0,1,2,36,2,4,1.0,0.0,0.0,0.0,1.0,1.0,16,1,1
88349,15,2,3,7,10,3,0,1,0,1,2,36,2,2,0.0,0.0,0.0,0.0,0.0,1.0,9,2,7
52256,15,2,3,0,6,3,6,1,0,1,2,18,2,3,2.0,0.0,0.0,2.0,0.0,5.0,18,5,4
23214,16,2,3,15,8,3,0,1,1,1,1,18,2,2,0.0,0.0,0.0,0.0,0.0,6.0,7,3,2
112185,16,2,3,10,2,3,0,1,1,1,2,36,2,2,0.0,0.0,0.0,0.0,0.0,3.0,10,1,8
182340,16,2,1,17,6,3,0,1,1,1,2,23,2,2,0.0,0.0,0.0,0.0,0.0,3.0,20,2,12
184867,15,2,1,17,8,3,0,1,0,1,2,18,2,2,0.0,0.0,0.0,0.0,0.0,3.0,17,2,12
50952,16,2,3,17,6,3,0,1,0,1,2,6,2,1,1.0,0.0,1.0,0.0,0.0,3.0,10,2,4
76330,15,2,3,17,10,3,0,1,0,1,2,24,2,2,0.0,0.0,0.0,0.0,0.0,5.0,13,5,6
150564,16,7,1,10,2,3,6,1,1,1,0,8,2,2,0.0,0.0,0.0,0.0,0.0,2.0,20,4,10
40604,15,2,3,10,8,3,0,1,0,1,2,19,2,2,0.0,0.0,0.0,0.0,0.0,2.0,13,4,3
181323,16,2,0,15,10,2,0,1,1,1,2,36,2,2,0.0,0.0,0.0,0.0,0.0,2.0,2,1,12
161948,16,2,4,17,3,5,0,1,0,1,2,6,2,2,0.0,0.0,0.0,0.0,0.0,2.0,18,2,11
63623,16,2,3,0,11,3,0,5,1,1,2,5,2,2,0.0,0.0,0.0,0.0,0.0,2.0,11,3,5
50962,15,3,3,0,6,3,0,1,0,1,2,36,2,3,2.0,0.0,0.0,1.0,1.0,1.0,13,3,4
136484,16,2,3,17,11,3,0,1,1,1,1,19,2,2,0.0,0.0,0.0,0.0,0.0,2.0,6,3,9
119736,16,2,3,17,8,3,0,1,0,1,2,18,2,2,0.0,0.0,0.0,0.0,0.0,5.0,15,3,8
131107,15,7,3,17,15,3,6,1,0,1,2,18,2,3,3.0,0.0,0.0,2.0,1.0,0.0,8,3,9
31808,15,7,3,10,10,3,6,1,1,1,2,21,2,2,0.0,0.0,0.0,0.0,0.0,4.0,14,6,3
83828,16,11,4,17,8,3,5,1,1,1,2,6,2,2,0.0,0.0,0.0,0.0,0.0,2.0,18,1,6
111998,15,2,3,17,8,3,0,1,1,1,1,5,2,2,0.0,0.0,0.0,0.0,0.0,3.0,13,5,8
97394,16,2,3,17,8,3,0,1,0,1,2,17,3,3,1.0,0.0,0.0,1.0,0.0,1.0,18,2,7
46995,16,2,3,17,10,3,0,1,1,1,2,24,2,2,0.0,0.0,0.0,0.0,0.0,2.0,7,3,4
43278,4,2,3,17,8,3,0,1,0,1,1,23,2,4,1.0,0.0,0.0,0.0,1.0,3.0,17,4,4
41047,16,2,0,17,2,3,0,1,0,1,2,36,4,3,7.0,0.0,0.0,2.0,5.0,2.0,20,5,3
118912,4,11,5,15,10,3,5,5,1,0,0,23,2,2,0.0,0.0,0.0,0.0,0.0,2.0,17,4,8
14697,16,2,3,17,2,3,4,5,0,1,2,36,2,2,0.0,0.0,0.0,0.0,0.0,3.0,14,5,1
88836,16,2,1,15,10,3,0,1,1,1,2,22,2,2,0.0,0.0,0.0,0.0,0.0,8.0,23,2,7
184705,16,2,3,10,11,3,6,1,0,1,1,19,2,1,1.0,0.0,1.0,0.0,0.0,2.0,8,4,12
109559,4,2,3,17,6,3,0,1,1,1,2,22,2,2,0.0,0.0,0.0,0.0,0.0,2.0,17,4,8
115219,16,2,3,10,8,3,0,1,1,1,0,36,2,2,0.0,0.0,0.0,0.0,0.0,2.0,14,5,8
129914,15,2,3,0,6,4,0,1,0,1,2,18,2,3,1.0,0.0,0.0,1.0,0.0,1.0,8,7,9
53209,4,2,4,15,8,3,0,1,1,1,1,36,2,2,0.0,0.0,0.0,0.0,0.0,4.0,18,1,4
139883,16,2,3,17,2,3,0,1,1,1,1,24,2,2,0.0,0.0,0.0,0.0,0.0,2.0,7,4,10
91427,16,2,3,17,1,3,0,1,0,1,2,24,2,2,0.0,0.0,0.0,0.0,0.0,2.0,14,7,7
62896,16,2,3,0,6,3,0,1,1,1,1,18,2,2,0.0,0.0,0.0,0.0,0.0,2.0,11,6,5
27771,16,2,1,0,2,3,0,1,1,1,2,6,2,2,0.0,0.0,0.0,0.0,0.0,4.0,20,5,2
70327,4,2,3,10,2,3,0,1,1,1,2,17,2,2,0.0,0.0,0.0,0.0,0.0,2.0,13,6,5
146667,15,2,3,17,6,3,0,5,1,1,2,24,2,2,0.0,0.0,0.0,0.0,0.0,3.0,8,7,10
157893,16,2,3,0,8,3,0,1,1,1,2,18,2,2,0.0,0.0,0.0,0.0,0.0,2.0,17,7,11
174119,4,11,5,15,10,3,5,5,1,1,2,36,2,2,0.0,0.0,0.0,0.0,0.0,2.0,17,1,12
133876,16,2,3,17,1,3,0,1,1,1,2,3,2,2,0.0,0.0,0.0,0.0,0.0,2.0,15,6,9
149770,16,2,1,10,2,3,0,1,0,1,2,15,2,0,1.0,1.0,0.0,0.0,0.0,1.0,2,1,10
105564,4,2,3,10,8,3,0,1,0,1,2,19,3,4,1.0,0.0,0.0,0.0,1.0,4.0,9,7,8
48737,16,2,3,10,6,3,0,1,1,1,2,19,2,2,0.0,0.0,0.0,0.0,0.0,2.0,13,5,4
56134,16,2,3,17,6,3,0,1,0,1,2,36,2,1,1.0,0.0,1.0,0.0,0.0,1.0,17,4,5
161132,16,2,1,10,3,3,0,1,1,1,2,17,2,2,0.0,0.0,0.0,0.0,0.0,2.0,21,4,11
97959,4,2,3,9,11,3,0,1,0,0,2,26,2,3,2.0,0.0,0.0,2.0,0.0,1.0,13,4,7
73460,4,2,3,17,8,3,0,1,1,1,2,24,2,2,0.0,0.0,0.0,0.0,0.0,10.0,15,3,6
120122,16,2,0,8,15,3,0,6,1,1,0,36,2,2,0.0,0.0,0.0,0.0,0.0,3.0,19,7,8
18819,16,2,1,17,2,3,4,1,0,1,2,24,3,2,0.0,0.0,0.0,0.0,0.0,8.0,20,6,2
110272,16,2,3,0,8,3,0,1,0,1,2,18,2,3,1.0,0.0,0.0,1.0,0.0,3.0,9,7,8
72573,16,2,0,10,8,3,0,5,0,1,2,17,2,3,4.0,0.0,0.0,2.0,2.0,2.0,20,4,6
167227,15,7,3,17,8,3,6,1,0,1,2,18,2,1,2.0,0.0,1.0,1.0,0.0,1.0,7,5,11
9355,15,10,1,0,6,3,4,1,0,1,2,18,3,2,0.0,0.0,0.0,0.0,0.0,3.0,19,3,1
163686,16,2,3,10,2,3,0,5,0,1,1,19,2,4,1.0,0.0,0.0,0.0,1.0,3.0,16,5,11
77293,16,2,1,17,8,3,5,1,1,0,2,36,2,2,0.0,0.0,0.0,0.0,0.0,2.0,5,5,6
99186,16,11,5,10,6,3,5,5,0,1,2,36,2,4,1.0,0.0,0.0,0.0,1.0,1.0,19,2,7
135732,16,2,3,10,8,3,0,1,1,1,2,17,2,2,0.0,0.0,0.0,0.0,0.0,2.0,12,3,9
150695,16,2,3,17,10,3,0,1,1,1,2,36,2,2,0.0,0.0,0.0,0.0,0.0,3.0,17,7,10
28816,4,2,3,0,2,3,0,5,1,1,2,12,2,2,0.0,0.0,0.0,0.0,0.0,2.0,15,7,3
57454,16,2,1,0,6,3,0,1,0,1,2,11,2,3,2.0,0.0,0.0,2.0,0.0,3.0,23,6,5
129369,4,3,3,15,8,3,6,1,1,0,1,18,2,2,0.0,0.0,0.0,0.0,0.0,2.0,16,7,9
113365,16,2,3,17,6,3,0,1,0,1,2,28,2,3,1.0,0.0,0.0,1.0,0.0,2.0,7,5,8
159653,4,2,1,17,15,3,0,1,0,1,2,18,3,4,2.0,0.0,0.0,0.0,2.0,1.0,17,5,11
80888,16,2,3,17,6,3,0,1,0,1,2,18,2,2,0.0,0.0,0.0,0.0,0.0,3.0,17,2,6
94724,15,2,3,0,15,3,0,1,0,1,2,36,2,2,0.0,0.0,0.0,0.0,0.0,2.0,17,3,7
40489,4,2,1,17,8,3,0,1,0,1,2,24,2,2,0.0,0.0,0.0,0.0,0.0,2.0,5,2,3
128439,15,2,1,17,2,3,0,1,0,1,2,18,2,3,1.0,0.0,0.0,1.0,0.0,1.0,2,7,9
118876,16,2,0,9,2,3,0,1,1,1,0,17,2,2,0.0,0.0,0.0,0.0,0.0,3.0,22,3,8
57719,15,2,3,0,8,3,0,1,0,1,2,18,2,4,1.0,0.0,0.0,0.0,1.0,2.0,11,3,5
167064,16,2,4,15,2,3,0,1,1,1,2,23,2,2,0.0,0.0,0.0,0.0,0.0,3.0,16,3,11
61626,16,2,3,10,2,3,6,1,1,1,2,39,2,2,0.0,0.0,0.0,0.0,0.0,4.0,15,7,5
38894,16,2,3,17,8,3,5,5,1,1,0,36,2,2,0.0,0.0,0.0,0.0,0.0,4.0,16,6,3
9245,16,10,1,2,8,3,4,1,0,1,2,39,1,2,0.0,0.0,0.0,0.0,0.0,3.0,1,7,1
15368,16,2,1,17,6,3,6,1,1,1,2,24,2,2,0.0,0.0,0.0,0.0,0.0,2.0,4,3,2
135774,16,7,3,10,6,3,6,1,1,1,0,36,2,2,0.0,0.0,0.0,0.0,0.0,4.0,7,4,9
102121,16,2,1,2,8,3,0,1,0,1,2,36,1,4,4.0,0.0,0.0,0.0,4.0,0.0,21,4,7
129424,16,2,3,10,8,3,0,5,1,0,2,36,2,2,0.0,0.0,0.0,0.0,0.0,2.0,16,2,9
106869,15,2,3,8,8,3,0,1,0,1,2,36,2,3,1.0,0.0,0.0,1.0,0.0,1.0,14,5,8
76398,16,2,3,10,6,3,0,5,1,1,1,19,2,2,0.0,0.0,0.0,0.0,0.0,2.0,15,6,6
6855,15,2,3,0,6,3,0,5,0,1,2,18,2,2,0.0,0.0,0.0,0.0,0.0,4.0,13,7,1
111945,15,2,3,10,8,3,0,1,1,1,2,36,2,2,0.0,0.0,0.0,0.0,0.0,2.0,14,4,8
173267,16,2,3,10,10,3,0,1,0,1,2,36,2,3,1.0,0.0,0.0,1.0,0.0,1.0,15,1,12
168920,16,2,1,17,6,3,0,1,0,1,2,24,3,4,1.0,0.0,0.0,0.0,1.0,1.0,5,4,11
47373,4,2,3,0,8,3,0,1,1,1,2,18,2,2,0.0,0.0,0.0,0.0,0.0,2.0,13,3,4
146857,16,2,1,0,6,3,0,5,1,1,2,6,3,2,0.0,0.0,0.0,0.0,0.0,4.0,20,4,10
141019,16,2,3,10,2,3,0,1,1,1,1,19,2,2,0.0,0.0,0.0,0.0,0.0,2.0,9,4,10
25692,16,2,3,17,6,3,5,5,1,1,2,24,2,2,0.0,0.0,0.0,0.0,0.0,2.0,9,6,2
146201,16,2,3,7,10,3,0,1,1,0,2,12,2,2,0.0,0.0,0.0,0.0,0.0,1.0,7,1,10
84441,15,7,3,15,15,3,6,1,0,1,2,37,2,4,1.0,0.0,0.0,0.0,1.0,1.0,14,5,6
134679,16,7,3,0,6,3,6,1,0,1,2,18,2,2,0.0,0.0,0.0,0.0,0.0,2.0,9,2,9
63173,16,2,3,14,8,3,0,1,0,1,2,36,2,2,0.0,0.0,0.0,0.0,0.0,2.0,17,3,5
181350,16,2,1,0,8,3,0,1,0,1,2,6,2,3,2.0,0.0,0.0,2.0,0.0,0.0,20,1,12
69616,16,2,1,2,3,3,0,1,0,1,2,24,1,2,0.0,0.0,0.0,0.0,0.0,1.0,2,2,5
80341,15,2,1,0,6,3,0,1,0,1,2,5,2,4,2.0,0.0,0.0,0.0,2.0,1.0,3,1,6
109568,16,2,1,15,8,3,6,1,1,1,2,24,2,2,0.0,0.0,0.0,0.0,0.0,2.0,6,4,8
151874,16,3,3,0,6,3,5,5,1,1,2,36,2,2,0.0,0.0,0.0,0.0,0.0,2.0,11,2,10
156303,16,7,0,10,8,3,6,1,1,1,0,19,2,2,0.0,0.0,0.0,0.0,0.0,2.0,18,4,11
174015,16,2,3,10,10,3,0,1,1,1,2,19,2,2,0.0,0.0,0.0,0.0,0.0,2.0,10,6,12
126495,16,7,1,14,8,3,6,1,1,1,2,12,2,2,0.0,0.0,0.0,0.0,0.0,2.0,21,2,9
156440,16,2,4,0,8,3,0,5,0,1,2,17,2,2,0.0,0.0,0.0,0.0,0.0,4.0,17,6,11
118101,16,2,1,17,6,3,0,1,0,1,2,18,2,4,3.0,0.0,0.0,0.0,3.0,0.0,0,7,8
58073,4,2,3,7,8,3,0,1,1,0,2,36,2,2,0.0,0.0,0.0,0.0,0.0,2.0,16,1,5
5230,16,2,1,0,6,3,4,1,0,1,2,37,2,2,0.0,0.0,0.0,0.0,0.0,3.0,23,3,1
22508,16,2,1,8,8,3,0,1,0,1,2,6,2,3,1.0,0.0,0.0,1.0,0.0,1.0,21,6,2
14090,16,5,1,17,6,3,4,5,1,1,1,17,2,2,0.0,0.0,0.0,0.0,0.0,2.0,17,1,1
72824,4,7,1,7,10,3,0,1,0,1,2,36,2,3,1.0,0.0,0.0,1.0,0.0,0.0,0,1,6
115788,4,2,1,17,8,3,0,1,0,1,2,17,2,3,1.0,0.0,0.0,1.0,0.0,1.0,23,6,8
108168,15,2,3,8,6,3,0,5,0,1,1,18,2,3,1.0,0.0,0.0,1.0,0.0,1.0,18,5,8
137111,16,2,3,17,2,3,0,1,1,1,0,36,2,2,0.0,0.0,0.0,0.0,0.0,2.0,10,7,9
3536,16,2,3,17,2,3,5,1,0,1,2,36,2,1,1.0,0.0,1.0,0.0,0.0,1.0,12,3,1
68032,15,2,3,17,6,3,0,5,0,1,2,18,2,3,2.0,0.0,0.0,1.0,1.0,1.0,15,6,5
166516,4,2,3,8,8,3,0,1,0,1,1,18,2,3,1.0,0.0,0.0,1.0,0.0,1.0,6,2,11
88746,16,2,3,17,6,3,0,1,1,1,2,17,2,2,0.0,0.0,0.0,0.0,0.0,6.0,16,3,7
126283,16,2,1,17,15,3,0,1,1,1,2,6,2,2,0.0,0.0,0.0,0.0,0.0,2.0,21,6,9
34203,16,2,1,10,10,3,0,1,1,1,2,17,2,2,0.0,0.0,0.0,0.0,0.0,3.0,20,2,3
175197,4,11,5,7,15,3,5,5,1,1,1,36,2,2,0.0,0.0,0.0,0.0,0.0,1.0,19,2,12
84363,15,7,3,10,15,3,6,1,1,1,2,17,2,2,0.0,0.0,0.0,0.0,0.0,3.0,12,2,6
26136,15,2,3,17,7,3,0,1,0,1,2,36,2,4,1.0,0.0,0.0,0.0,1.0,1.0,17,7,2
113850,16,2,3,0,8,3,0,1,0,1,2,6,4,2,0.0,0.0,0.0,0.0,0.0,2.0,17,6,8
22797,15,10,3,10,8,3,4,1,0,1,2,39,2,2,0.0,0.0,0.0,0.0,0.0,2.0,14,5,2
46960,16,2,1,0,6,3,0,1,1,1,2,6,2,2,0.0,0.0,0.0,0.0,0.0,2.0,0,2,4
47834,16,2,3,10,2,3,0,1,1,1,1,36,2,2,0.0,0.0,0.0,0.0,0.0,2.0,12,3,4
60863,16,2,3,17,8,3,0,1,1,1,1,18,2,2,0.0,0.0,0.0,0.0,0.0,2.0,17,3,5
158293,4,2,0,0,8,3,0,1,1,1,2,17,2,2,0.0,0.0,0.0,0.0,0.0,2.0,18,5,11
30008,15,2,3,8,8,3,0,1,0,1,2,18,2,3,1.0,0.0,0.0,1.0,0.0,1.0,17,2,3
140806,15,7,3,0,6,3,6,1,0,1,2,18,2,1,3.0,0.0,1.0,2.0,0.0,0.0,17,5,10
49901,15,7,4,17,2,3,6,1,0,1,2,24,3,3,2.0,0.0,0.0,2.0,0.0,2.0,18,4,4
95374,15,2,1,10,6,3,0,1,1,1,1,36,2,2,0.0,0.0,0.0,0.0,0.0,2.0,23,6,7
43184,4,7,3,17,8,3,6,1,0,1,1,24,2,2,0.0,0.0,0.0,0.0,0.0,2.0,13,3,4
36424,16,3,3,2,3,3,0,1,0,1,2,36,1,3,1.0,0.0,0.0,1.0,0.0,0.0,8,4,3
186896,4,2,1,17,3,3,0,5,1,1,0,36,2,2,0.0,0.0,0.0,0.0,0.0,3.0,18,4,12
118393,15,2,3,9,8,3,0,1,0,1,0,18,2,3,1.0,0.0,0.0,1.0,0.0,2.0,10,3,8
72024,16,2,3,15,2,3,0,1,1,0,2,36,2,2,0.0,0.0,0.0,0.0,0.0,2.0,14,3,6
72609,15,2,3,0,6,3,0,1,0,1,2,18,2,2,0.0,0.0,0.0,0.0,0.0,2.0,15,5,6
65109,16,2,3,17,8,3,0,1,1,1,2,36,2,2,0.0,0.0,0.0,0.0,0.0,2.0,18,6,5
27000,16,2,1,17,6,3,6,1,1,1,1,36,2,2,0.0,0.0,0.0,0.0,0.0,5.0,2,7,2
48410,17,2,3,2,15,3,0,5,1,0,2,26,1,2,0.0,0.0,0.0,0.0,0.0,1.0,18,6,4
82623,16,2,3,17,3,3,0,1,1,1,2,24,2,2,0.0,0.0,0.0,0.0,0.0,2.0,14,3,6
72977,11,2,3,15,8,3,0,2,1,0,2,32,2,2,0.0,0.0,0.0,0.0,0.0,3.0,7,2,6
20883,15,10,3,10,8,3,4,5,1,1,1,19,2,2,0.0,0.0,0.0,0.0,0.0,2.0,10,7,2
154394,16,2,2,17,6,3,0,1,0,1,2,24,2,3,3.0,0.0,0.0,3.0,0.0,1.0,7,3,10
53256,16,2,3,17,8,3,0,1,0,1,2,18,2,2,0.0,0.0,0.0,0.0,0.0,2.0,17,2,4
149837,16,2,3,17,8,3,0,1,1,1,1,18,2,2,0.0,0.0,0.0,0.0,0.0,2.0,13,2,10
22335,16,7,3,15,8,3,6,5,1,1,1,36,2,2,0.0,0.0,0.0,0.0,0.0,2.0,13,4,2
84304,16,7,3,9,10,3,6,1,0,1,0,18,2,1,1.0,0.0,1.0,0.0,0.0,1.0,14,2,6
185535,16,2,3,10,6,3,0,1,1,1,2,19,3,2,0.0,0.0,0.0,0.0,0.0,3.0,13,7,12
77177,16,2,2,15,2,3,0,1,1,1,2,19,2,2,0.0,0.0,0.0,0.0,0.0,5.0,19,2,6