crash_date,               traffic_control_device,weather_condition,lighting_condition,first_crash_type,trafficway_type,alignment,roadway_surface_cond,road_defect,crash_type,intersection_related_i,damage,prim_contributory_cause,num_units,most_severe_injury,injuries_total,injuries_fatal,injuries_incapacitating,injuries_non_incapacitating,injuries_reported_not_evident,injuries_no_indication,crash_hour,crash_day_of_week,crash_month
30724,15,2,1,17,6,3,0,5,1,1,1,36,2,2,0.0,0.0,0.0,0.0,0.0,4.0,22,6,3
55324,15,2,3,15,2,3,0,1,0,1,2,18,2,2,0.0,0.0,0.0,0.0,0.0,3.0,17,6,4
37648,15,2,3,0,8,3,0,1,1,1,2,12,2,2,0.0,0.0,0.0,0.0,0.0,2.0,7,4,3
112921,16,7,3,0,6,3,6,1,1,1,2,6,2,2,0.0,0.0,0.0,0.0,0.0,2.0,9,5,8
146510,15,2,3,7,2,3,0,1,1,1,2,23,2,2,0.0,0.0,0.0,0.0,0.0,1.0,11,3,10
87691,16,2,1,15,8,3,0,1,1,1,2,22,2,2,0.0,0.0,0.0,0.0,0.0,2.0,20,6,6
102480,16,2,3,0,8,3,6,1,0,1,1,6,2,4,1.0,0.0,0.0,0.0,1.0,2.0,15,2,7
156970,15,2,1,0,11,3,0,1,0,1,2,36,2,4,2.0,0.0,0.0,0.0,2.0,1.0,23,6,11
20784,16,10,3,17,2,3,4,1,1,1,2,39,2,2,0.0,0.0,0.0,0.0,0.0,2.0,7,5,2
38606,16,2,3,9,8,3,0,1,0,1,2,36,2,3,1.0,0.0,0.0,1.0,0.0,1.0,11,7,3
99062,16,2,3,15,6,3,0,1,0,1,1,22,2,3,1.0,0.0,0.0,1.0,0.0,1.0,9,6,7
41651,15,11,5,17,8,3,5,5,1,1,2,36,2,2,0.0,0.0,0.0,0.0,0.0,2.0,17,4,3
185445,16,3,1,10,2,3,0,1,0,1,2,17,2,4,2.0,0.0,0.0,0.0,2.0,1.0,19,5,12
157790,15,7,3,14,6,3,6,1,1,1,2,13,2,2,0.0,0.0,0.0,0.0,0.0,3.0,14,6,11
47631,16,2,1,10,8,3,0,1,1,1,1,23,2,2,0.0,0.0,0.0,0.0,0.0,4.0,2,6,4
185583,15,2,3,0,6,3,4,1,1,1,2,36,2,2,0.0,0.0,0.0,0.0,0.0,3.0,11,7,12
28440,15,2,1,0,8,3,0,1,0,1,2,36,2,3,1.0,0.0,0.0,1.0,0.0,3.0,3,1,3
167625,16,2,2,10,2,3,0,1,1,1,2,19,2,2,0.0,0.0,0.0,0.0,0.0,2.0,6,3,11
4963,15,7,1,10,2,3,6,1,1,1,2,17,2,2,0.0,0.0,0.0,0.0,0.0,2.0,16,5,1
137108,16,2,3,0,8,3,0,1,0,1,2,6,2,2,0.0,0.0,0.0,0.0,0.0,4.0,9,7,9
29658,16,2,3,0,8,3,0,1,1,1,2,6,2,2,0.0,0.0,0.0,0.0,0.0,2.0,7,1,3
9557,4,10,1,17,8,3,4,1,1,1,2,18,2,2,0.0,0.0,0.0,0.0,0.0,4.0,0,6,1
22931,15,2,3,7,6,3,1,1,1,1,2,39,2,2,0.0,0.0,0.0,0.0,0.0,2.0,8,6,2
177241,16,2,1,2,2,4,0,1,0,1,2,36,1,2,0.0,0.0,0.0,0.0,0.0,2.0,17,2,12
151834,16,7,2,9,8,3,6,1,0,1,2,18,2,1,1.0,0.0,1.0,0.0,0.0,1.0,6,2,10
61607,16,2,1,17,8,3,0,1,1,1,2,24,2,2,0.0,0.0,0.0,0.0,0.0,2.0,22,6,5
129604,15,2,3,17,2,3,0,1,1,1,2,36,2,2,0.0,0.0,0.0,0.0,0.0,2.0,18,2,9
179361,15,2,1,0,6,3,0,1,1,1,2,18,2,2,0.0,0.0,0.0,0.0,0.0,4.0,22,4,12
181410,16,2,3,17,8,3,0,1,0,1,2,18,2,3,1.0,0.0,0.0,1.0,0.0,3.0,9,2,12
4172,16,2,1,17,2,3,5,5,1,1,2,18,3,2,0.0,0.0,0.0,0.0,0.0,3.0,16,1,1
181515,16,2,3,17,8,3,0,1,0,1,2,18,3,2,0.0,0.0,0.0,0.0,0.0,2.0,12,3,12
145961,16,7,3,17,2,3,6,1,0,1,2,36,2,1,4.0,0.0,1.0,2.0,1.0,2.0,10,3,10
114523,16,2,3,17,8,3,0,1,1,1,2,24,2,2,0.0,0.0,0.0,0.0,0.0,2.0,7,3,8
30897,15,7,1,13,6,3,6,1,0,1,1,36,2,3,3.0,0.0,0.0,3.0,0.0,1.0,0,2,3
134114,16,7,1,17,2,3,6,1,0,1,2,18,2,2,0.0,0.0,0.0,0.0,0.0,2.0,20,3,9
40618,4,2,3,3,1,3,0,5,0,1,1,18,2,4,1.0,0.0,0.0,0.0,1.0,1.0,16,4,3
175634,16,2,2,2,6,3,0,1,0,1,2,37,1,2,0.0,0.0,0.0,0.0,0.0,2.0,6,7,12
83578,16,2,1,17,6,3,0,1,0,1,2,18,2,2,0.0,0.0,0.0,0.0,0.0,2.0,0,5,6
104350,16,2,0,17,6,3,0,1,1,0,2,36,2,2,0.0,0.0,0.0,0.0,0.0,2.0,19,2,8
108325,4,7,1,10,8,3,5,5,1,1,2,36,2,2,0.0,0.0,0.0,0.0,0.0,2.0,21,5,8
40282,15,7,0,17,8,3,6,1,1,1,1,6,2,2,0.0,0.0,0.0,0.0,0.0,4.0,21,4,3
174787,16,7,3,0,8,3,6,1,1,1,2,36,2,2,0.0,0.0,0.0,0.0,0.0,3.0,7,3,12
168138,17,11,4,0,8,3,5,5,1,1,2,36,2,2,0.0,0.0,0.0,0.0,0.0,2.0,16,4,11
103523,16,2,3,14,8,3,0,1,1,1,1,36,2,2,0.0,0.0,0.0,0.0,0.0,3.0,14,4,7
49484,16,2,3,0,8,3,0,1,0,1,0,6,2,2,0.0,0.0,0.0,0.0,0.0,2.0,8,3,4
79098,15,2,3,17,8,3,0,1,1,1,2,11,2,2,0.0,0.0,0.0,0.0,0.0,3.0,15,3,6
53481,16,3,3,10,3,3,0,1,0,1,2,17,3,1,1.0,0.0,1.0,0.0,0.0,2.0,6,4,4
12571,4,2,1,17,15,3,6,5,1,1,2,36,2,2,0.0,0.0,0.0,0.0,0.0,3.0,17,1,1
100446,15,2,3,0,6,3,0,1,0,1,2,18,2,3,1.0,0.0,0.0,1.0,0.0,1.0,7,7,7
59476,16,7,3,0,2,3,6,1,0,1,2,6,2,3,1.0,0.0,0.0,1.0,0.0,1.0,10,3,5
176472,4,2,1,17,8,3,0,1,0,1,2,18,2,4,1.0,0.0,0.0,0.0,1.0,1.0,0,1,12
102204,15,2,3,17,8,3,0,5,0,1,2,23,2,2,0.0,0.0,0.0,0.0,0.0,6.0,15,6,7
2224,16,2,1,10,8,3,0,5,1,1,2,12,2,2,0.0,0.0,0.0,0.0,0.0,2.0,20,4,1
98918,16,2,3,17,10,3,5,5,1,1,1,36,2,2,0.0,0.0,0.0,0.0,0.0,2.0,16,4,7
178314,16,2,1,17,10,3,0,1,1,1,1,24,2,2,0.0,0.0,0.0,0.0,0.0,3.0,17,3,12
12505,16,10,3,10,8,3,6,1,1,1,2,19,2,2,0.0,0.0,0.0,0.0,0.0,2.0,6,7,1
77788,16,2,3,15,6,3,0,1,1,1,1,22,2,2,0.0,0.0,0.0,0.0,0.0,2.0,9,4,6
145931,16,2,3,10,5,3,6,2,0,1,2,32,2,2,0.0,0.0,0.0,0.0,0.0,2.0,16,3,10
139763,16,2,3,0,6,3,0,1,1,1,2,6,2,2,0.0,0.0,0.0,0.0,0.0,2.0,9,4,10
164511,16,2,1,17,6,3,0,1,0,1,2,18,2,4,1.0,0.0,0.0,0.0,1.0,4.0,18,3,11
38829,15,2,3,0,6,3,0,1,0,1,2,18,2,4,2.0,0.0,0.0,0.0,2.0,2.0,16,7,3
159032,15,2,3,10,8,3,0,1,1,1,2,19,2,2,0.0,0.0,0.0,0.0,0.0,2.0,13,2,11
125488,4,2,0,17,8,3,0,5,0,1,2,24,2,4,1.0,0.0,0.0,0.0,1.0,3.0,1,1,9
152127,4,2,3,0,6,3,0,6,0,1,2,36,2,3,1.0,0.0,0.0,1.0,0.0,1.0,10,6,10
98789,15,3,3,0,8,3,0,1,0,1,2,36,2,3,1.0,0.0,0.0,1.0,0.0,3.0,15,1,7
29959,15,2,3,0,3,3,0,1,0,1,2,18,3,2,0.0,0.0,0.0,0.0,0.0,4.0,8,7,3
49289,16,2,1,17,18,3,0,1,1,1,0,24,2,2,0.0,0.0,0.0,0.0,0.0,3.0,1,1,4
40765,4,2,3,0,6,3,0,1,1,1,1,18,2,2,0.0,0.0,0.0,0.0,0.0,2.0,14,1,3
21949,16,2,3,10,2,3,0,1,1,1,2,19,2,2,0.0,0.0,0.0,0.0,0.0,3.0,12,3,2
72678,16,2,3,17,6,3,0,5,1,1,2,36,2,2,0.0,0.0,0.0,0.0,0.0,2.0,14,6,6
108267,16,2,3,17,3,3,0,1,1,1,2,6,2,2,0.0,0.0,0.0,0.0,0.0,3.0,10,4,8
69730,16,2,1,0,11,3,0,1,1,1,2,6,2,2,0.0,0.0,0.0,0.0,0.0,3.0,21,2,5
118608,4,2,3,17,8,3,0,1,1,1,2,18,2,2,0.0,0.0,0.0,0.0,0.0,2.0,12,7,8
101208,16,2,3,17,9,3,0,1,0,1,2,6,2,2,0.0,0.0,0.0,0.0,0.0,2.0,8,6,7
145063,4,7,3,2,8,3,6,1,0,1,2,39,1,2,0.0,0.0,0.0,0.0,0.0,1.0,15,6,10
31114,16,2,1,17,11,3,0,1,1,1,2,6,2,2,0.0,0.0,0.0,0.0,0.0,2.0,19,5,3
173290,16,2,1,10,2,3,0,1,1,1,2,36,2,2,0.0,0.0,0.0,0.0,0.0,2.0,19,1,12
170384,15,2,1,0,15,3,0,1,0,1,2,5,2,1,2.0,0.0,2.0,0.0,0.0,1.0,1,7,11
182241,16,7,3,17,8,3,6,1,1,1,2,24,2,2,0.0,0.0,0.0,0.0,0.0,2.0,11,7,12
140794,16,7,3,2,8,3,6,1,0,1,2,36,1,2,0.0,0.0,0.0,0.0,0.0,1.0,16,5,10
59237,15,2,1,10,8,3,0,1,0,1,2,17,2,2,0.0,0.0,0.0,0.0,0.0,2.0,19,6,5
68445,16,7,3,0,6,3,6,1,0,1,2,6,2,2,0.0,0.0,0.0,0.0,0.0,3.0,7,4,5
147428,16,2,3,17,3,3,0,1,1,1,2,24,2,2,0.0,0.0,0.0,0.0,0.0,4.0,12,5,10
32750,15,2,1,0,6,3,0,5,0,1,2,5,2,3,1.0,0.0,0.0,1.0,0.0,1.0,22,5,3
159342,15,2,1,0,6,3,0,3,0,1,2,36,2,1,1.0,0.0,1.0,0.0,0.0,1.0,6,5,11
160496,15,2,3,10,2,3,0,1,1,1,0,36,2,2,0.0,0.0,0.0,0.0,0.0,2.0,15,2,11
20988,15,2,3,0,9,3,0,1,0,1,2,18,2,3,1.0,0.0,0.0,1.0,0.0,1.0,9,2,2
127882,16,2,3,17,10,3,0,1,1,1,2,24,2,2,0.0,0.0,0.0,0.0,0.0,3.0,8,6,9
182359,16,3,3,10,15,3,0,5,1,1,0,8,2,2,0.0,0.0,0.0,0.0,0.0,2.0,12,2,12
143133,16,2,1,0,6,3,0,5,0,1,2,6,2,3,1.0,0.0,0.0,1.0,0.0,3.0,1,2,10
18441,15,11,1,17,17,3,5,5,0,1,2,26,2,2,0.0,0.0,0.0,0.0,0.0,2.0,1,7,2
22064,15,2,3,0,6,3,0,1,1,1,2,5,2,2,0.0,0.0,0.0,0.0,0.0,3.0,10,5,2
67779,16,7,1,0,8,3,6,1,1,1,2,18,2,2,0.0,0.0,0.0,0.0,0.0,4.0,22,6,5
150859,16,2,3,0,6,3,0,1,1,1,2,36,2,2,0.0,0.0,0.0,0.0,0.0,2.0,12,2,10
117225,16,2,3,17,8,3,0,1,1,1,1,24,2,2,0.0,0.0,0.0,0.0,0.0,2.0,10,6,8
146785,16,7,3,10,2,3,6,1,1,1,2,19,2,2,0.0,0.0,0.0,0.0,0.0,2.0,9,2,10
31975,4,2,3,8,3,3,0,1,0,1,2,18,2,3,1.0,0.0,0.0,1.0,0.0,1.0,7,6,3
173891,16,2,3,10,8,3,0,1,1,1,1,19,2,2,0.0,0.0,0.0,0.0,0.0,2.0,13,4,12
14845,16,2,3,17,6,3,0,1,1,1,1,24,2,2,0.0,0.0,0.0,0.0,0.0,2.0,11,6,1
80223,16,2,3,0,6,3,0,1,0,1,2,6,2,2,0.0,0.0,0.0,0.0,0.0,2.0,7,5,6
164193,16,2,3,15,2,3,0,1,1,1,1,23,2,2,0.0,0.0,0.0,0.0,0.0,3.0,16,2,11
29279,16,2,3,10,8,3,0,1,1,1,1,17,2,2,0.0,0.0,0.0,0.0,0.0,4.0,12,1,3
183230,16,2,1,17,10,3,0,1,1,1,2,36,2,2,0.0,0.0,0.0,0.0,0.0,2.0,6,6,12
65362,16,2,3,15,3,3,0,5,1,1,0,36,2,2,0.0,0.0,0.0,0.0,0.0,3.0,14,5,5
100391,16,2,3,11,8,3,0,1,1,1,1,21,2,2,0.0,0.0,0.0,0.0,0.0,2.0,12,5,7
144440,16,2,1,10,6,3,0,5,1,1,0,17,2,2,0.0,0.0,0.0,0.0,0.0,3.0,23,4,10
123855,15,2,3,10,10,3,0,1,1,1,1,19,2,2,0.0,0.0,0.0,0.0,0.0,2.0,18,5,9
131778,17,2,0,10,8,3,0,5,1,1,2,36,2,2,0.0,0.0,0.0,0.0,0.0,2.0,19,6,9
151871,15,2,1,0,2,3,0,1,0,1,2,5,2,3,3.0,0.0,0.0,3.0,0.0,2.0,22,2,10
110335,4,2,3,5,8,3,0,1,1,1,2,12,1,2,0.0,0.0,0.0,0.0,0.0,1.0,8,2,8
55824,15,2,3,7,8,3,0,1,0,1,2,13,5,3,1.0,0.0,0.0,1.0,0.0,0.0,15,7,4
74888,16,2,3,17,6,3,0,1,1,1,2,36,3,2,0.0,0.0,0.0,0.0,0.0,5.0,12,3,6
55311,16,2,3,17,8,3,0,1,0,1,2,6,2,3,3.0,0.0,0.0,3.0,0.0,2.0,13,6,4
83034,15,2,3,14,8,3,0,1,1,0,1,36,2,2,0.0,0.0,0.0,0.0,0.0,2.0,9,4,6
120489,6,11,5,10,2,3,5,5,1,1,2,36,2,2,0.0,0.0,0.0,0.0,0.0,2.0,13,5,9
32518,15,2,4,0,8,3,0,1,0,0,2,37,4,1,2.0,0.0,1.0,1.0,0.0,1.0,19,7,3
48991,15,2,3,0,6,3,0,1,0,1,2,12,2,3,1.0,0.0,0.0,1.0,0.0,1.0,11,2,4
85629,16,3,3,17,8,3,2,1,0,1,2,18,2,2,0.0,0.0,0.0,0.0,0.0,4.0,13,2,6
119545,15,2,3,10,8,3,0,1,1,1,0,19,2,2,0.0,0.0,0.0,0.0,0.0,2.0,16,6,8
142885,4,2,3,17,8,3,6,1,0,1,2,18,2,2,0.0,0.0,0.0,0.0,0.0,2.0,17,4,10
6514,16,2,1,15,8,3,0,1,1,1,2,23,2,2,0.0,0.0,0.0,0.0,0.0,4.0,6,7,1
164798,15,7,1,17,3,3,6,1,0,1,2,18,2,3,1.0,0.0,0.0,1.0,0.0,3.0,18,6,11
181336,16,2,1,17,2,3,0,1,0,1,2,36,2,4,1.0,0.0,0.0,0.0,1.0,2.0,18,1,12
137974,15,2,3,17,8,3,0,1,1,1,2,21,2,2,0.0,0.0,0.0,0.0,0.0,2.0,17,7,10
181114,16,10,3,10,8,3,1,1,1,1,2,39,2,2,0.0,0.0,0.0,0.0,0.0,3.0,8,6,12
170491,16,2,3,10,8,3,0,1,1,1,2,36,3,2,0.0,0.0,0.0,0.0,0.0,3.0,14,2,11
163704,4,10,0,15,10,3,6,1,1,0,0,23,2,2,0.0,0.0,0.0,0.0,0.0,2.0,17,5,11
150175,16,2,3,17,6,3,0,1,0,1,2,36,2,2,0.0,0.0,0.0,0.0,0.0,3.0,12,7,10
176859,16,2,1,17,2,3,0,5,1,1,2,36,2,2,0.0,0.0,0.0,0.0,0.0,2.0,22,5,12
188263,16,10,3,17,8,3,6,1,0,1,2,24,3,3,1.0,0.0,0.0,1.0,0.0,6.0,9,2,12
143302,16,2,1,17,2,3,0,1,1,1,2,18,2,2,0.0,0.0,0.0,0.0,0.0,3.0,19,5,10
160784,15,11,1,0,6,3,5,5,1,1,2,36,2,2,0.0,0.0,0.0,0.0,0.0,2.0,0,7,11
110520,16,11,3,8,2,3,5,1,0,1,0,26,2,3,1.0,0.0,0.0,1.0,0.0,1.0,19,3,8
112808,16,2,1,0,6,3,0,1,1,1,2,6,2,2,0.0,0.0,0.0,0.0,0.0,2.0,2,4,8
29329,16,2,1,15,11,3,0,5,1,1,0,22,2,2,0.0,0.0,0.0,0.0,0.0,3.0,20,3,3
143404,15,7,1,2,8,3,6,5,0,1,2,39,1,3,1.0,0.0,0.0,1.0,0.0,0.0,6,4,10
107144,16,2,1,2,2,3,0,1,0,1,2,17,1,2,0.0,0.0,0.0,0.0,0.0,3.0,20,3,8
162950,16,7,0,0,8,3,6,1,0,1,2,6,2,4,1.0,0.0,0.0,0.0,1.0,1.0,17,4,11
89718,16,2,1,0,6,3,0,1,0,1,2,6,2,3,3.0,0.0,0.0,3.0,0.0,1.0,23,2,7
90708,16,2,3,17,2,3,0,1,0,1,2,6,2,2,0.0,0.0,0.0,0.0,0.0,2.0,16,4,7
151253,16,7,3,0,6,3,6,1,0,1,2,18,2,2,0.0,0.0,0.0,0.0,0.0,7.0,17,1,10
24801,4,2,1,17,8,3,0,1,0,1,2,17,2,3,1.0,0.0,0.0,1.0,0.0,2.0,21,4,2
30677,16,2,3,17,6,3,0,1,0,1,2,24,2,4,2.0,0.0,0.0,0.0,2.0,1.0,14,6,3
127984,4,2,1,11,8,3,0,5,1,1,1,21,2,2,0.0,0.0,0.0,0.0,0.0,8.0,0,7,9
31983,16,2,1,15,8,3,0,1,0,1,2,22,2,4,1.0,0.0,0.0,0.0,1.0,1.0,20,6,3
14271,16,2,3,0,2,3,0,1,1,1,1,36,2,2,0.0,0.0,0.0,0.0,0.0,3.0,12,3,1
62860,16,2,3,17,8,3,5,5,1,1,2,36,2,2,0.0,0.0,0.0,0.0,0.0,2.0,17,6,5
141398,4,7,3,10,6,3,6,1,0,1,2,19,2,3,2.0,0.0,0.0,2.0,0.0,1.0,11,5,10
64839,15,7,1,0,6,3,6,1,0,1,2,5,2,3,2.0,0.0,0.0,2.0,0.0,1.0,21,3,5
185520,4,2,3,15,8,3,0,5,1,1,1,36,2,2,0.0,0.0,0.0,0.0,0.0,3.0,11,6,12
144453,15,2,3,0,6,3,6,5,0,1,2,36,2,3,1.0,0.0,0.0,1.0,0.0,1.0,13,5,10
73002,15,2,3,17,8,3,0,1,1,1,2,18,2,2,0.0,0.0,0.0,0.0,0.0,4.0,12,2,6
182633,15,2,3,0,6,3,0,1,1,1,1,18,2,2,0.0,0.0,0.0,0.0,0.0,2.0,13,5,12
163464,4,2,3,10,2,3,0,1,1,1,2,19,2,2,0.0,0.0,0.0,0.0,0.0,2.0,8,3,11
170315,15,6,0,0,2,3,0,1,0,1,0,5,2,2,0.0,0.0,0.0,0.0,0.0,3.0,19,4,11
6629,16,2,1,17,11,3,0,5,1,1,1,6,2,2,0.0,0.0,0.0,0.0,0.0,2.0,21,2,1
146225,16,2,3,0,9,3,0,1,0,1,2,18,2,3,3.0,0.0,0.0,3.0,0.0,0.0,11,1,10
47447,16,2,3,17,6,3,0,1,1,1,2,36,2,2,0.0,0.0,0.0,0.0,0.0,4.0,15,4,4
61423,15,2,3,10,2,3,0,1,1,1,2,36,2,2,0.0,0.0,0.0,0.0,0.0,2.0,17,5,5
31422,16,2,3,10,8,3,0,1,1,1,0,19,2,2,0.0,0.0,0.0,0.0,0.0,4.0,16,4,3
105193,16,2,1,10,8,3,0,1,0,1,2,19,2,4,1.0,0.0,0.0,0.0,1.0,2.0,0,6,8
166827,16,2,1,10,8,3,0,1,0,1,2,17,2,2,0.0,0.0,0.0,0.0,0.0,2.0,6,1,11
27112,16,2,3,9,8,3,0,1,0,1,0,36,2,3,1.0,0.0,0.0,1.0,0.0,1.0,11,1,2
28116,4,2,3,10,10,3,0,1,1,0,0,17,2,2,0.0,0.0,0.0,0.0,0.0,2.0,15,7,2
11114,16,10,3,17,2,3,4,1,1,1,1,18,2,2,0.0,0.0,0.0,0.0,0.0,2.0,7,4,1
55889,4,7,3,0,6,3,6,5,0,1,2,18,2,3,1.0,0.0,0.0,1.0,0.0,2.0,13,1,4
115405,15,2,0,0,8,3,0,1,0,1,2,36,2,3,1.0,0.0,0.0,1.0,0.0,1.0,0,1,8
96376,4,2,3,0,15,3,0,6,1,1,2,12,2,2,0.0,0.0,0.0,0.0,0.0,2.0,10,7,7
120302,18,2,3,10,8,3,0,1,1,1,2,36,2,2,0.0,0.0,0.0,0.0,0.0,2.0,17,4,8
81602,16,2,3,17,15,3,0,1,1,1,1,28,2,2,0.0,0.0,0.0,0.0,0.0,5.0,14,4,6
39588,16,2,3,15,8,3,6,5,1,1,2,12,2,2,0.0,0.0,0.0,0.0,0.0,2.0,9,6,3
177737,15,2,1,9,8,3,4,1,0,1,0,17,2,1,1.0,0.0,1.0,0.0,0.0,1.0,18,2,12
107684,4,2,3,13,2,3,0,1,0,1,2,37,2,3,3.0,0.0,0.0,3.0,0.0,0.0,19,4,8
60215,16,2,3,17,2,3,0,1,1,1,0,36,2,2,0.0,0.0,0.0,0.0,0.0,2.0,16,7,5
58136,16,2,3,17,11,3,0,1,1,1,2,24,2,2,0.0,0.0,0.0,0.0,0.0,2.0,16,3,5
112407,15,2,3,17,8,3,0,1,0,1,2,18,2,3,2.0,0.0,0.0,1.0,1.0,0.0,18,6,8
171293,16,11,5,10,6,3,5,5,1,1,2,36,2,2,0.0,0.0,0.0,0.0,0.0,2.0,7,6,11
44467,16,2,0,17,8,3,0,1,1,1,2,24,2,2,0.0,0.0,0.0,0.0,0.0,2.0,20,6,4
53670,16,11,3,0,15,3,5,5,1,1,2,36,2,2,0.0,0.0,0.0,0.0,0.0,2.0,14,1,4
18588,17,2,3,17,6,3,0,5,1,1,2,36,2,2,0.0,0.0,0.0,0.0,0.0,3.0,15,3,2
42788,16,2,3,3,2,3,0,1,0,1,2,6,2,3,1.0,0.0,0.0,1.0,0.0,1.0,7,2,4
128425,16,2,1,10,8,3,0,1,1,1,1,19,2,2,0.0,0.0,0.0,0.0,0.0,2.0,1,7,9
93794,16,2,3,9,8,3,0,1,1,1,0,18,2,2,0.0,0.0,0.0,0.0,0.0,2.0,7,3,7
54452,16,2,3,15,8,3,0,1,0,1,2,18,2,4,2.0,0.0,0.0,0.0,2.0,1.0,14,7,4
134098,15,7,3,0,6,3,6,1,0,1,2,5,2,2,0.0,0.0,0.0,0.0,0.0,2.0,18,3,9
238,15,10,3,0,8,3,4,1,1,1,2,18,2,2,0.0,0.0,0.0,0.0,0.0,2.0,14,6,1
51241,16,2,3,17,8,5,0,5,1,1,2,21,2,2,0.0,0.0,0.0,0.0,0.0,2.0,17,6,4
119372,4,2,3,0,19,3,0,1,0,1,2,38,2,3,1.0,0.0,0.0,1.0,0.0,1.0,7,5,8
57702,16,2,3,17,6,3,0,1,0,1,2,36,2,2,0.0,0.0,0.0,0.0,0.0,5.0,16,3,5
160520,15,2,5,0,8,3,5,5,0,1,2,5,2,2,0.0,0.0,0.0,0.0,0.0,2.0,19,2,11
75472,16,2,3,9,6,3,0,1,0,1,0,36,2,4,1.0,0.0,0.0,0.0,1.0,1.0,9,6,6
78161,4,2,2,17,3,3,0,1,0,0,0,18,2,3,2.0,0.0,0.0,2.0,0.0,2.0,12,4,6
53965,16,7,3,10,17,3,6,5,1,1,1,19,2,2,0.0,0.0,0.0,0.0,0.0,2.0,16,4,4
171514,17,2,3,10,8,3,0,5,1,1,1,36,2,2,0.0,0.0,0.0,0.0,0.0,2.0,8,4,11
159452,16,2,1,17,8,3,0,1,1,1,2,36,2,2,0.0,0.0,0.0,0.0,0.0,2.0,2,1,11
22214,15,2,2,0,8,3,0,1,0,1,2,5,2,4,1.0,0.0,0.0,0.0,1.0,1.0,7,7,2
65561,4,2,3,0,8,3,0,1,0,1,2,36,2,2,0.0,0.0,0.0,0.0,0.0,6.0,11,1,5
162946,16,11,5,17,6,3,5,5,1,1,2,36,2,2,0.0,0.0,0.0,0.0,0.0,2.0,16,4,11
153156,16,2,3,0,8,3,0,1,0,1,2,18,2,2,0.0,0.0,0.0,0.0,0.0,2.0,16,5,10
2607,4,2,3,0,6,3,0,6,0,1,2,12,2,2,0.0,0.0,0.0,0.0,0.0,2.0,11,2,1
118688,16,2,3,17,15,3,0,1,1,1,2,22,2,2,0.0,0.0,0.0,0.0,0.0,2.0,16,2,8
186613,16,7,3,0,11,3,6,1,0,1,2,16,2,2,0.0,0.0,0.0,0.0,0.0,3.0,10,5,12
145727,17,11,5,7,12,3,5,5,1,1,2,36,2,2,0.0,0.0,0.0,0.0,0.0,1.0,18,2,10
15538,16,2,3,15,6,3,0,1,1,1,1,36,2,2,0.0,0.0,0.0,0.0,0.0,2.0,8,5,2
167804,16,2,1,0,6,3,0,1,0,1,2,36,2,2,0.0,0.0,0.0,0.0,0.0,2.0,23,6,11
153026,16,2,3,15,11,2,0,1,1,1,2,22,2,2,0.0,0.0,0.0,0.0,0.0,2.0,6,3,10
18199,16,2,3,17,2,3,6,1,0,1,2,36,2,3,1.0,0.0,0.0,1.0,0.0,1.0,7,3,2
134087,16,7,3,17,3,3,6,1,1,0,1,23,2,2,0.0,0.0,0.0,0.0,0.0,2.0,16,3,9
82232,17,2,3,17,8,3,0,5,1,1,2,36,2,2,0.0,0.0,0.0,0.0,0.0,2.0,12,5,6
122841,15,2,3,10,8,3,0,1,1,1,2,19,2,2,0.0,0.0,0.0,0.0,0.0,2.0,17,4,9
157731,16,2,3,10,8,3,0,1,0,1,2,19,3,2,0.0,0.0,0.0,0.0,0.0,3.0,15,5,11
95564,16,2,1,17,2,3,0,5,0,1,2,18,2,3,1.0,0.0,0.0,1.0,0.0,1.0,0,1,7
157390,12,2,3,17,10,3,0,1,1,1,2,19,2,2,0.0,0.0,0.0,0.0,0.0,2.0,7,4,11
77723,4,3,3,10,8,3,0,1,1,1,2,19,2,2,0.0,0.0,0.0,0.0,0.0,2.0,11,3,6
72698,4,2,3,17,8,3,0,1,1,1,2,24,3,2,0.0,0.0,0.0,0.0,0.0,3.0,17,6,6
186340,15,2,1,4,6,3,5,5,1,1,0,39,1,2,0.0,0.0,0.0,0.0,0.0,1.0,22,2,12
148092,16,11,3,15,2,3,5,5,1,1,2,23,2,2,0.0,0.0,0.0,0.0,0.0,3.0,13,6,10
167700,16,2,3,17,8,3,5,5,1,1,2,24,2,2,0.0,0.0,0.0,0.0,0.0,6.0,12,4,11
145665,16,2,4,17,6,3,6,1,1,1,2,36,2,2,0.0,0.0,0.0,0.0,0.0,2.0,18,7,10
24843,16,2,3,15,8,3,0,1,1,1,1,26,2,2,0.0,0.0,0.0,0.0,0.0,2.0,10,4,2
74341,16,2,3,17,8,3,0,1,1,1,2,12,2,2,0.0,0.0,0.0,0.0,0.0,4.0,15,4,6
122393,4,2,3,17,8,3,0,1,0,1,2,18,2,2,0.0,0.0,0.0,0.0,0.0,2.0,7,4,9
8684,15,10,3,17,2,3,4,1,1,0,2,5,2,2,0.0,0.0,0.0,0.0,0.0,2.0,6,5,1
74349,15,2,3,0,6,3,0,1,1,1,2,12,2,2,0.0,0.0,0.0,0.0,0.0,3.0,16,4,6
180641,16,7,3,0,6,3,6,5,1,1,2,6,2,2,0.0,0.0,0.0,0.0,0.0,2.0,15,1,12
86585,16,2,1,17,6,3,0,1,0,1,2,24,2,2,0.0,0.0,0.0,0.0,0.0,2.0,23,3,6