crash_date,               traffic_control_device,weather_condition,lighting_condition,first_crash_type,trafficway_type,alignment,roadway_surface_cond,road_defect,crash_type,intersection_related_i,damage,prim_contributory_cause,num_units,most_severe_injury,injuries_total,injuries_fatal,injuries_incapacitating,injuries_non_incapacitating,injuries_reported_not_evident,injuries_no_indication,crash_hour,crash_day_of_week,crash_month
6213,16,2,0,10,8,3,0,1,1,1,2,36,2,2,0.0,0.0,0.0,0.0,0.0,3.0,20,4,1
168009,15,2,3,0,6,3,0,1,0,1,2,5,2,2,0.0,0.0,0.0,0.0,0.0,2.0,14,4,11
14131,16,2,3,10,6,3,0,1,1,1,2,26,3,2,0.0,0.0,0.0,0.0,0.0,3.0,16,2,1
86318,16,2,3,10,8,3,0,1,0,1,2,36,2,3,3.0,0.0,0.0,2.0,1.0,3.0,9,5,6
176017,16,2,1,0,8,3,0,1,0,1,2,6,2,2,0.0,0.0,0.0,0.0,0.0,3.0,18,6,12
114693,15,2,3,0,2,3,0,1,1,1,2,36,2,2,0.0,0.0,0.0,0.0,0.0,2.0,12,3,8
43654,16,11,3,17,8,3,5,1,1,1,1,23,2,2,0.0,0.0,0.0,0.0,0.0,2.0,14,4,4
139460,4,2,3,17,8,3,0,1,0,0,2,23,2,2,0.0,0.0,0.0,0.0,0.0,2.0,11,5,10
82330,16,2,1,15,6,3,0,1,1,1,2,23,2,2,0.0,0.0,0.0,0.0,0.0,2.0,1,1,6
120550,15,2,3,0,8,3,0,1,1,1,2,18,2,2,0.0,0.0,0.0,0.0,0.0,2.0,7,6,9
135392,15,2,1,8,8,3,0,1,0,1,2,18,2,3,1.0,0.0,0.0,1.0,0.0,1.0,19,4,9
188261,16,2,1,0,10,3,0,1,1,1,0,18,2,2,0.0,0.0,0.0,0.0,0.0,2.0,21,2,12
14834,16,2,3,17,2,3,6,1,0,1,2,36,2,3,2.0,0.0,0.0,2.0,0.0,0.0,10,6,1
161381,15,2,1,0,8,3,0,1,0,1,2,37,4,3,2.0,0.0,0.0,2.0,0.0,0.0,3,7,11
167829,16,2,3,10,6,3,0,1,0,1,2,19,2,3,2.0,0.0,0.0,2.0,0.0,1.0,15,1,11
118966,16,2,3,0,6,3,0,1,0,1,2,18,2,4,1.0,0.0,0.0,0.0,1.0,1.0,15,5,8
187388,16,2,3,15,2,3,0,1,1,1,1,36,2,2,0.0,0.0,0.0,0.0,0.0,3.0,10,4,12
84447,16,7,3,15,2,3,6,1,0,0,2,23,2,2,0.0,0.0,0.0,0.0,0.0,3.0,15,5,6
97071,16,2,3,17,8,3,0,5,1,1,2,21,2,2,0.0,0.0,0.0,0.0,0.0,3.0,9,5,7
93277,16,2,3,7,6,3,0,1,0,1,2,17,6,3,1.0,0.0,0.0,1.0,0.0,0.0,15,2,7
131390,15,2,3,17,8,3,0,1,1,1,2,36,2,2,0.0,0.0,0.0,0.0,0.0,2.0,9,5,9
1468,16,2,3,0,2,3,0,1,1,1,2,36,2,2,0.0,0.0,0.0,0.0,0.0,2.0,15,2,1
162166,16,7,3,10,3,3,6,1,1,1,2,19,2,2,0.0,0.0,0.0,0.0,0.0,4.0,13,6,11
34430,16,2,1,15,8,3,0,1,1,1,1,22,2,2,0.0,0.0,0.0,0.0,0.0,2.0,23,4,3
31766,16,2,3,15,6,3,0,1,1,1,1,18,2,2,0.0,0.0,0.0,0.0,0.0,5.0,17,4,3
15800,15,2,1,17,2,3,6,1,0,1,2,39,2,2,0.0,0.0,0.0,0.0,0.0,2.0,22,3,2
108430,4,2,3,8,8,3,0,1,0,1,0,36,2,3,1.0,0.0,0.0,1.0,0.0,1.0,16,1,8
63727,16,2,2,10,8,3,0,1,1,1,1,36,2,2,0.0,0.0,0.0,0.0,0.0,2.0,5,5,5
14091,15,2,3,0,6,3,0,1,0,1,2,18,2,4,2.0,0.0,0.0,0.0,2.0,2.0,17,1,1
32205,4,2,3,15,2,3,0,1,0,1,2,36,2,3,1.0,0.0,0.0,1.0,0.0,2.0,10,3,3
60417,15,2,3,14,10,3,0,5,1,1,1,21,2,2,0.0,0.0,0.0,0.0,0.0,3.0,7,3,5
179740,16,2,1,17,6,3,0,1,0,1,2,36,3,3,2.0,0.0,0.0,2.0,0.0,2.0,16,2,12
170839,15,2,4,0,11,3,5,2,0,1,2,36,2,4,2.0,0.0,0.0,0.0,2.0,0.0,14,7,11
175607,15,2,3,10,8,3,0,1,1,1,0,21,2,2,0.0,0.0,0.0,0.0,0.0,2.0,12,6,12
25876,4,2,1,2,8,3,5,5,0,1,2,36,1,3,1.0,0.0,0.0,1.0,0.0,1.0,2,2,2
51081,15,2,3,0,8,3,0,1,1,1,2,36,2,2,0.0,0.0,0.0,0.0,0.0,3.0,15,5,4
101072,16,2,3,15,3,3,0,1,1,1,1,22,2,2,0.0,0.0,0.0,0.0,0.0,3.0,16,3,7
55327,16,2,3,17,3,3,0,1,0,1,2,18,2,2,0.0,0.0,0.0,0.0,0.0,2.0,17,6,4
140680,4,2,3,7,8,3,0,1,0,0,2,26,2,2,0.0,0.0,0.0,0.0,0.0,1.0,16,3,10
184195,15,2,3,0,8,3,0,5,1,1,1,18,2,2,0.0,0.0,0.0,0.0,0.0,2.0,12,5,12
142628,15,2,3,0,6,3,0,1,1,1,1,36,2,2,0.0,0.0,0.0,0.0,0.0,2.0,17,2,10
155349,16,1,3,17,6,3,4,1,0,1,2,17,3,1,3.0,0.0,2.0,1.0,0.0,1.0,11,5,10
74573,16,2,1,10,8,3,0,1,1,1,1,36,2,2,0.0,0.0,0.0,0.0,0.0,6.0,20,5,6
146783,16,3,3,17,6,3,0,1,1,1,2,18,2,2,0.0,0.0,0.0,0.0,0.0,5.0,8,2,10
43376,4,2,3,17,8,3,0,1,1,1,2,18,2,2,0.0,0.0,0.0,0.0,0.0,2.0,13,7,4
104041,16,2,1,2,3,3,0,5,1,1,2,26,1,2,0.0,0.0,0.0,0.0,0.0,1.0,20,4,8
118864,15,2,3,9,8,3,0,1,0,1,2,18,2,3,1.0,0.0,0.0,1.0,0.0,1.0,7,3,8
37311,16,2,3,10,8,3,0,5,1,1,2,36,2,2,0.0,0.0,0.0,0.0,0.0,2.0,14,6,3
121648,16,2,3,10,11,3,0,1,1,1,1,19,2,2,0.0,0.0,0.0,0.0,0.0,3.0,10,7,9
53661,16,2,3,17,2,3,0,1,0,1,2,18,2,3,2.0,0.0,0.0,1.0,1.0,1.0,12,6,4
17263,16,2,1,17,6,3,0,1,0,1,2,18,2,1,3.0,0.0,1.0,2.0,0.0,2.0,8,1,2
13853,16,2,1,10,8,3,6,1,1,1,2,19,2,2,0.0,0.0,0.0,0.0,0.0,2.0,16,3,1
171246,16,2,1,10,8,3,1,5,1,1,2,33,2,2,0.0,0.0,0.0,0.0,0.0,2.0,19,5,11
42817,15,2,3,9,3,3,0,1,0,1,0,18,2,3,1.0,0.0,0.0,1.0,0.0,1.0,13,3,4
167923,15,2,3,15,2,3,0,1,0,1,2,36,2,4,1.0,0.0,0.0,0.0,1.0,1.0,9,2,11
25296,16,2,4,10,2,3,0,1,1,1,2,19,2,2,0.0,0.0,0.0,0.0,0.0,2.0,17,6,2
43631,16,2,3,10,8,3,5,5,1,1,0,36,2,2,0.0,0.0,0.0,0.0,0.0,6.0,16,3,4
9,16,2,1,10,10,3,0,1,1,1,0,22,2,2,0.0,0.0,0.0,0.0,0.0,2.0,0,6,1
114005,16,2,3,0,6,3,0,1,1,1,2,18,2,2,0.0,0.0,0.0,0.0,0.0,2.0,9,2,8
92965,15,2,3,10,10,3,0,1,1,1,2,36,2,2,0.0,0.0,0.0,0.0,0.0,2.0,11,2,7
185822,15,2,3,0,8,3,0,1,1,1,2,18,2,2,0.0,0.0,0.0,0.0,0.0,2.0,13,6,12
145518,16,7,3,10,6,3,6,1,1,1,1,36,2,2,0.0,0.0,0.0,0.0,0.0,2.0,9,5,10
171795,4,7,0,10,2,3,0,1,1,1,1,19,2,2,0.0,0.0,0.0,0.0,0.0,2.0,19,7,11
100070,17,11,5,15,5,3,5,5,1,1,2,36,2,2,0.0,0.0,0.0,0.0,0.0,2.0,18,1,7
12309,16,4,1,17,6,3,6,1,0,1,2,18,2,4,2.0,0.0,0.0,0.0,2.0,0.0,2,5,1
111772,4,2,4,15,8,3,0,1,1,0,2,23,2,2,0.0,0.0,0.0,0.0,0.0,2.0,19,2,8
26557,16,2,1,11,8,3,0,5,1,1,2,21,2,2,0.0,0.0,0.0,0.0,0.0,3.0,18,7,2
106340,15,2,3,9,10,3,0,1,0,1,2,36,2,1,1.0,0.0,1.0,0.0,0.0,1.0,14,4,8
160955,4,2,1,2,2,3,0,1,0,0,2,36,1,2,0.0,0.0,0.0,0.0,0.0,4.0,5,7,11
10479,4,2,1,17,8,3,6,1,0,1,2,36,3,4,7.0,0.0,0.0,0.0,7.0,0.0,17,1,1
161682,15,2,1,0,6,3,0,1,0,1,2,18,2,2,0.0,0.0,0.0,0.0,0.0,2.0,16,6,11
51094,17,11,5,9,8,3,5,5,0,1,1,36,2,3,1.0,0.0,0.0,1.0,0.0,1.0,17,5,4
155415,16,2,3,0,8,3,0,1,0,1,1,36,2,4,1.0,0.0,0.0,0.0,1.0,1.0,12,7,10
28468,16,2,3,10,2,3,0,1,1,1,2,17,2,2,0.0,0.0,0.0,0.0,0.0,3.0,10,1,3
103033,16,2,3,17,2,3,0,1,1,1,1,24,2,2,0.0,0.0,0.0,0.0,0.0,3.0,11,3,7
177920,16,2,3,10,3,4,0,1,1,1,2,13,2,2,0.0,0.0,0.0,0.0,0.0,4.0,12,4,12
143987,16,2,1,17,6,3,0,1,1,1,2,18,2,2,0.0,0.0,0.0,0.0,0.0,2.0,23,6,10
164676,15,2,3,0,6,3,0,1,0,1,2,18,2,3,3.0,0.0,0.0,3.0,0.0,1.0,15,7,11
147959,16,2,1,17,8,3,5,5,1,1,2,23,2,2,0.0,0.0,0.0,0.0,0.0,2.0,19,6,10
123889,4,2,1,0,11,3,0,5,0,1,2,18,2,2,0.0,0.0,0.0,0.0,0.0,2.0,0,5,9
60937,16,2,3,17,3,3,0,1,0,1,2,18,2,3,2.0,0.0,0.0,1.0,1.0,0.0,18,4,5
91055,16,2,3,10,8,3,0,1,1,1,1,17,2,2,0.0,0.0,0.0,0.0,0.0,5.0,19,1,7
59618,4,2,3,10,2,3,0,1,1,0,2,19,3,2,0.0,0.0,0.0,0.0,0.0,4.0,16,4,5
40523,15,11,5,0,6,3,5,5,1,1,2,36,2,2,0.0,0.0,0.0,0.0,0.0,2.0,13,4,3
55215,16,7,3,0,6,3,6,1,0,1,2,26,2,1,2.0,0.0,1.0,1.0,0.0,2.0,7,4,4
12629,4,10,4,2,3,3,6,1,0,1,2,13,1,2,0.0,0.0,0.0,0.0,0.0,1.0,19,3,1
147626,16,2,3,0,2,3,0,1,0,1,2,6,2,3,1.0,0.0,0.0,1.0,0.0,1.0,6,6,10
163346,16,2,1,17,8,3,0,1,0,1,2,18,2,1,1.0,0.0,1.0,0.0,0.0,1.0,23,1,11
168863,16,7,3,0,6,3,6,1,0,1,2,18,3,3,1.0,0.0,0.0,1.0,0.0,3.0,9,3,11
57686,16,2,3,0,6,3,0,1,0,1,2,6,2,3,2.0,0.0,0.0,2.0,0.0,2.0,12,2,5
166118,16,2,1,0,8,3,6,1,1,1,2,18,2,2,0.0,0.0,0.0,0.0,0.0,2.0,18,3,11
107263,4,7,3,17,8,3,6,1,1,1,2,18,2,2,0.0,0.0,0.0,0.0,0.0,2.0,16,3,8
127111,16,2,2,17,8,3,0,1,1,1,2,35,2,2,0.0,0.0,0.0,0.0,0.0,2.0,5,5,9
110855,16,2,3,8,8,3,5,5,1,1,2,18,2,2,0.0,0.0,0.0,0.0,0.0,2.0,11,3,8
9684,16,2,1,17,8,3,0,1,1,1,1,18,2,2,0.0,0.0,0.0,0.0,0.0,2.0,17,1,1
38517,4,2,0,10,8,3,0,1,1,1,2,36,2,2,0.0,0.0,0.0,0.0,0.0,3.0,19,6,3
62404,16,2,3,0,6,3,0,5,0,1,2,36,2,1,1.0,0.0,1.0,0.0,0.0,2.0,7,6,5
108672,15,2,3,17,8,3,0,5,0,1,2,36,2,2,0.0,0.0,0.0,0.0,0.0,2.0,7,6,8
130898,4,2,4,0,8,3,0,1,0,0,0,18,2,2,0.0,0.0,0.0,0.0,0.0,2.0,19,7,9
19970,16,10,1,0,6,4,0,1,0,1,2,6,2,3,1.0,0.0,0.0,1.0,0.0,2.0,21,6,2
30222,16,2,3,17,15,3,0,1,0,1,2,36,2,4,1.0,0.0,0.0,0.0,1.0,1.0,15,5,3
18327,16,2,1,17,11,3,4,1,1,1,2,36,2,2,0.0,0.0,0.0,0.0,0.0,5.0,18,5,2
174959,16,2,1,9,8,3,0,1,0,1,2,18,2,3,1.0,0.0,0.0,1.0,0.0,1.0,18,4,12
48491,16,11,3,17,6,3,5,5,1,1,2,19,2,2,0.0,0.0,0.0,0.0,0.0,2.0,17,1,4
102277,16,2,3,15,6,3,0,1,1,1,1,36,2,2,0.0,0.0,0.0,0.0,0.0,2.0,14,1,7
66375,16,7,3,10,3,3,6,1,1,1,2,36,2,2,0.0,0.0,0.0,0.0,0.0,2.0,14,7,5
167820,4,7,3,17,2,3,0,1,1,1,2,22,2,2,0.0,0.0,0.0,0.0,0.0,2.0,13,1,11
15949,4,2,3,9,6,3,0,5,0,1,2,18,2,1,1.0,0.0,1.0,0.0,0.0,1.0,9,6,2
86500,15,7,3,17,15,3,6,1,1,1,2,5,2,2,0.0,0.0,0.0,0.0,0.0,2.0,17,2,6
120904,15,2,1,0,16,3,0,5,0,1,2,18,2,1,3.0,0.0,3.0,0.0,0.0,1.0,21,5,9
94028,16,2,3,10,3,3,0,1,0,1,2,17,2,2,0.0,0.0,0.0,0.0,0.0,2.0,13,6,7
139084,16,7,1,0,15,3,6,1,0,1,2,6,2,3,1.0,0.0,0.0,1.0,0.0,1.0,3,1,10
170971,15,2,3,10,10,3,0,1,1,1,1,36,2,2,0.0,0.0,0.0,0.0,0.0,2.0,8,2,11
6296,16,3,3,0,6,3,0,1,0,1,1,6,2,2,0.0,0.0,0.0,0.0,0.0,2.0,14,6,1
34980,15,7,3,0,2,3,6,1,0,1,2,5,4,2,0.0,0.0,0.0,0.0,0.0,8.0,8,6,3
104761,16,2,3,10,8,3,0,1,1,1,2,37,2,2,0.0,0.0,0.0,0.0,0.0,2.0,16,1,8
66365,15,7,3,17,9,3,6,5,0,1,2,36,2,4,1.0,0.0,0.0,0.0,1.0,2.0,13,7,5
16511,4,2,1,17,2,3,0,1,0,1,2,37,3,2,0.0,0.0,0.0,0.0,0.0,3.0,19,2,2
109048,16,7,1,3,8,3,6,5,0,1,2,36,2,4,1.0,0.0,0.0,0.0,1.0,3.0,21,3,8
119343,4,2,3,0,2,3,0,1,0,0,2,18,2,3,3.0,0.0,0.0,3.0,0.0,0.0,17,5,8
70391,4,2,3,7,8,3,0,1,0,1,2,2,3,2,0.0,0.0,0.0,0.0,0.0,1.0,13,7,5
142719,16,2,3,10,8,3,0,5,1,1,2,36,2,2,0.0,0.0,0.0,0.0,0.0,2.0,11,4,10
80894,16,2,3,17,1,3,0,5,1,1,1,22,2,2,0.0,0.0,0.0,0.0,0.0,2.0,7,2,6
155416,16,2,3,17,8,3,0,1,1,1,1,19,2,2,0.0,0.0,0.0,0.0,0.0,2.0,12,7,10
41790,16,2,3,0,8,3,6,1,0,1,2,36,2,2,0.0,0.0,0.0,0.0,0.0,2.0,8,7,3
16539,16,3,3,0,6,3,0,1,0,1,2,6,2,2,0.0,0.0,0.0,0.0,0.0,2.0,13,3,2
164086,15,2,1,17,15,3,0,1,0,1,2,38,2,2,0.0,0.0,0.0,0.0,0.0,2.0,18,4,11
70789,16,2,3,10,6,3,0,1,1,1,0,19,2,2,0.0,0.0,0.0,0.0,0.0,2.0,16,5,5
154809,16,2,0,0,16,3,0,5,0,1,2,36,3,4,2.0,0.0,0.0,0.0,2.0,3.0,19,7,10
131879,4,2,3,17,2,3,0,1,0,0,2,18,2,3,1.0,0.0,0.0,1.0,0.0,1.0,17,5,9
78142,15,2,1,8,15,3,0,1,0,1,0,18,2,3,1.0,0.0,0.0,1.0,0.0,1.0,21,4,6
28382,4,2,1,17,8,3,0,1,1,1,2,36,2,2,0.0,0.0,0.0,0.0,0.0,3.0,18,6,3
58434,11,2,3,13,8,3,0,5,1,1,0,36,2,2,0.0,0.0,0.0,0.0,0.0,2.0,9,1,5
184987,15,2,3,17,8,3,0,1,1,1,2,23,2,2,0.0,0.0,0.0,0.0,0.0,2.0,14,5,12
102261,16,2,3,0,6,3,0,1,1,1,2,6,2,2,0.0,0.0,0.0,0.0,0.0,2.0,11,6,7
105430,16,2,3,0,11,3,0,1,1,1,2,6,2,2,0.0,0.0,0.0,0.0,0.0,2.0,9,4,8
82260,16,2,3,10,6,3,0,1,0,1,2,19,2,1,1.0,0.0,1.0,0.0,0.0,3.0,16,7,6
187385,16,10,3,0,6,3,6,1,1,1,2,6,2,2,0.0,0.0,0.0,0.0,0.0,6.0,10,4,12
173360,15,10,3,0,8,3,6,1,1,1,2,18,2,2,0.0,0.0,0.0,0.0,0.0,2.0,9,2,12
33796,15,2,1,8,6,3,0,5,0,1,2,36,2,1,1.0,0.0,1.0,0.0,0.0,1.0,21,3,3
147001,15,2,3,0,8,3,0,1,0,1,2,18,3,4,1.0,0.0,0.0,0.0,1.0,4.0,15,4,10
26268,15,2,3,17,8,3,0,1,1,1,1,18,2,2,0.0,0.0,0.0,0.0,0.0,2.0,13,2,2
130258,16,2,3,17,18,3,5,5,1,1,2,36,2,2,0.0,0.0,0.0,0.0,0.0,3.0,6,4,9
10716,16,2,3,10,2,3,6,1,1,1,2,36,2,2,0.0,0.0,0.0,0.0,0.0,2.0,8,4,1
149385,16,2,3,17,8,3,0,5,1,1,2,24,2,2,0.0,0.0,0.0,0.0,0.0,2.0,15,4,10
32663,15,3,3,0,10,3,0,5,0,1,2,18,2,2,0.0,0.0,0.0,0.0,0.0,2.0,11,3,3
32751,16,2,1,10,2,3,6,1,1,1,2,21,2,2,0.0,0.0,0.0,0.0,0.0,2.0,22,5,3
153440,16,2,3,15,10,3,0,1,1,1,2,23,2,2,0.0,0.0,0.0,0.0,0.0,2.0,8,7,10
70271,16,7,1,0,6,3,6,1,1,1,2,17,2,2,0.0,0.0,0.0,0.0,0.0,4.0,3,4,5
43419,15,2,1,8,8,3,0,1,0,1,0,18,2,1,1.0,0.0,1.0,0.0,0.0,1.0,22,7,4
137437,4,2,3,17,8,3,0,5,1,0,0,18,2,2,0.0,0.0,0.0,0.0,0.0,2.0,12,6,9
187044,15,3,3,0,2,4,6,1,0,1,2,36,2,2,0.0,0.0,0.0,0.0,0.0,4.0,13,5,12
134715,15,2,3,0,10,3,0,1,0,1,2,36,2,2,0.0,0.0,0.0,0.0,0.0,3.0,16,4,9
100406,16,2,1,17,8,3,0,1,0,1,2,6,2,2,0.0,0.0,0.0,0.0,0.0,3.0,1,7,7
136370,16,2,3,17,6,3,0,1,0,1,2,23,2,3,6.0,0.0,0.0,6.0,0.0,0.0,16,5,9
81483,16,2,3,17,8,3,0,1,1,1,2,13,2,2,0.0,0.0,0.0,0.0,0.0,2.0,12,1,6
34721,15,2,3,10,8,3,5,5,1,1,2,19,2,2,0.0,0.0,0.0,0.0,0.0,2.0,14,5,3
110099,16,2,3,10,3,3,0,1,1,1,1,36,2,2,0.0,0.0,0.0,0.0,0.0,2.0,13,5,8
127841,15,2,3,9,8,3,0,1,0,1,0,18,2,1,1.0,0.0,1.0,0.0,0.0,1.0,15,6,9
50784,16,2,3,7,8,3,0,1,1,1,1,12,2,2,0.0,0.0,0.0,0.0,0.0,2.0,15,6,4
11268,16,2,3,15,6,3,0,1,1,1,1,23,2,2,0.0,0.0,0.0,0.0,0.0,2.0,12,7,1
162269,16,2,0,2,6,3,0,1,0,1,2,17,1,2,0.0,0.0,0.0,0.0,0.0,1.0,18,7,11
100189,16,2,3,10,2,3,0,5,0,0,2,36,2,4,1.0,0.0,0.0,0.0,1.0,2.0,11,4,7
64667,16,7,1,10,2,3,6,1,1,1,2,17,2,2,0.0,0.0,0.0,0.0,0.0,2.0,22,6,5
59529,16,2,3,15,3,3,0,5,1,1,1,26,2,2,0.0,0.0,0.0,0.0,0.0,2.0,10,2,5
104449,15,2,3,10,2,3,0,1,0,1,1,30,2,4,1.0,0.0,0.0,0.0,1.0,1.0,14,5,8
159158,16,2,3,17,6,3,0,1,1,1,2,36,2,2,0.0,0.0,0.0,0.0,0.0,2.0,12,4,11
10211,16,2,2,2,2,3,0,1,0,1,1,36,1,3,1.0,0.0,0.0,1.0,0.0,0.0,6,3,1
9658,16,10,3,9,8,3,0,1,0,1,0,16,2,4,1.0,0.0,0.0,0.0,1.0,1.0,13,1,1
135196,16,2,3,10,6,3,0,1,1,1,1,19,2,2,0.0,0.0,0.0,0.0,0.0,3.0,15,3,9
32226,16,2,3,0,8,3,0,1,0,1,2,6,2,2,0.0,0.0,0.0,0.0,0.0,3.0,16,4,3
142935,16,2,3,17,8,3,0,1,1,1,2,36,2,2,0.0,0.0,0.0,0.0,0.0,2.0,12,4,10
61827,16,2,3,10,15,3,5,5,1,1,2,36,2,2,0.0,0.0,0.0,0.0,0.0,2.0,9,4,5
110517,4,7,1,0,8,3,6,1,0,1,2,36,2,2,0.0,0.0,0.0,0.0,0.0,2.0,19,3,8
128001,15,2,3,0,8,3,0,1,0,1,2,18,2,2,0.0,0.0,0.0,0.0,0.0,2.0,17,2,9
157160,16,2,2,0,8,3,0,5,1,1,2,13,2,2,0.0,0.0,0.0,0.0,0.0,3.0,7,4,11
63718,16,7,3,13,6,3,6,1,0,1,2,18,2,2,0.0,0.0,0.0,0.0,0.0,3.0,15,5,5
18089,16,2,1,17,6,3,0,1,1,1,2,18,2,2,0.0,0.0,0.0,0.0,0.0,3.0,19,1,2
170075,17,11,5,15,8,3,5,5,1,1,2,23,2,2,0.0,0.0,0.0,0.0,0.0,4.0,18,3,11
59093,16,2,3,10,8,3,0,1,0,1,1,19,2,4,1.0,0.0,0.0,0.0,1.0,1.0,12,2,5
42533,16,2,3,17,8,3,0,1,1,1,2,36,2,2,0.0,0.0,0.0,0.0,0.0,2.0,15,6,4
123661,16,2,3,15,2,3,0,5,0,1,2,26,2,2,0.0,0.0,0.0,0.0,0.0,2.0,11,3,9
22157,16,2,1,17,8,3,0,1,1,1,2,6,2,2,0.0,0.0,0.0,0.0,0.0,2.0,19,6,2
15115,16,2,1,9,3,3,0,1,0,1,0,36,2,3,1.0,0.0,0.0,1.0,0.0,1.0,16,5,2
6952,4,10,1,7,15,3,1,5,0,1,2,36,2,3,1.0,0.0,0.0,1.0,0.0,0.0,20,1,1
147400,4,2,3,17,6,3,0,5,0,1,2,24,2,2,0.0,0.0,0.0,0.0,0.0,2.0,8,5,10
68055,16,2,1,10,8,3,5,5,1,1,2,19,2,2,0.0,0.0,0.0,0.0,0.0,2.0,20,6,5
8844,15,2,3,0,6,3,0,1,1,1,2,36,2,2,0.0,0.0,0.0,0.0,0.0,3.0,19,7,1
174470,4,2,3,17,8,3,0,1,1,1,2,18,2,2,0.0,0.0,0.0,0.0,0.0,2.0,15,5,12
66051,16,2,3,10,8,3,0,1,1,1,2,19,2,2,0.0,0.0,0.0,0.0,0.0,2.0,11,2,5
56915,4,2,3,17,11,3,0,1,1,1,2,36,2,2,0.0,0.0,0.0,0.0,0.0,2.0,17,5,5
89850,16,2,1,14,8,3,0,1,1,1,1,22,2,2,0.0,0.0,0.0,0.0,0.0,2.0,4,4,7
138760,4,2,3,0,8,3,0,1,0,1,2,18,2,2,0.0,0.0,0.0,0.0,0.0,2.0,7,2,10
52073,15,2,3,0,8,3,0,1,0,1,2,18,3,2,0.0,0.0,0.0,0.0,0.0,3.0,16,7,4
165176,15,2,3,0,8,3,0,1,1,1,1,36,2,2,0.0,0.0,0.0,0.0,0.0,2.0,14,6,11
24459,16,2,3,9,8,3,0,1,0,1,2,18,2,3,1.0,0.0,0.0,1.0,0.0,1.0,17,4,2
187780,16,10,1,10,11,3,4,1,1,1,1,39,2,2,0.0,0.0,0.0,0.0,0.0,2.0,17,3,12
87908,16,2,3,7,3,3,0,1,1,1,2,36,2,2,0.0,0.0,0.0,0.0,0.0,2.0,15,2,7
71243,15,2,3,8,8,3,0,1,0,1,0,18,2,3,1.0,0.0,0.0,1.0,0.0,2.0,16,5,5
182025,16,2,3,10,2,3,0,1,1,1,2,36,2,2,0.0,0.0,0.0,0.0,0.0,3.0,11,3,12
159035,16,2,3,10,15,3,0,1,1,1,0,6,2,2,0.0,0.0,0.0,0.0,0.0,2.0,13,2,11
33273,15,2,3,0,8,3,0,5,0,1,2,36,2,3,2.0,0.0,0.0,2.0,0.0,3.0,10,7,3
31783,16,2,3,0,6,3,0,1,1,1,2,36,2,2,0.0,0.0,0.0,0.0,0.0,2.0,8,4,3
163718,16,10,3,10,2,3,4,1,1,1,1,36,2,2,0.0,0.0,0.0,0.0,0.0,2.0,8,5,11
123823,15,2,3,0,8,3,0,1,1,1,2,36,2,2,0.0,0.0,0.0,0.0,0.0,2.0,8,4,9
145133,16,2,3,0,6,3,0,1,0,1,2,36,2,4,5.0,0.0,0.0,0.0,5.0,0.0,14,1,10
65015,16,2,3,10,2,3,0,1,1,1,1,36,2,2,0.0,0.0,0.0,0.0,0.0,2.0,5,7,5
49044,16,2,3,17,8,3,0,1,1,1,0,36,2,2,0.0,0.0,0.0,0.0,0.0,2.0,15,2,4
5170,4,2,3,17,8,3,0,1,1,1,2,36,2,2,0.0,0.0,0.0,0.0,0.0,2.0,13,3,1
130519,16,2,3,8,8,3,0,1,0,0,0,6,2,3,1.0,0.0,0.0,1.0,0.0,1.0,16,2,9
86953,4,2,3,2,2,3,0,1,0,0,2,13,1,3,1.0,0.0,0.0,1.0,0.0,0.0,11,2,6
240,16,10,4,10,8,3,4,1,1,1,1,36,2,2,0.0,0.0,0.0,0.0,0.0,2.0,3,6,1
94102,16,2,1,15,10,3,0,1,1,1,2,22,2,2,0.0,0.0,0.0,0.0,0.0,2.0,1,7,7
154015,15,2,3,0,8,3,0,1,0,1,2,38,2,3,1.0,0.0,0.0,1.0,0.0,1.0,9,2,10
186048,16,2,3,10,10,3,0,1,1,1,2,19,2,2,0.0,0.0,0.0,0.0,0.0,2.0,10,7,12
35192,16,2,3,9,6,4,0,1,1,1,1,26,2,2,0.0,0.0,0.0,0.0,0.0,2.0,17,4,3
164693,15,2,3,0,8,3,0,1,0,1,1,26,2,2,0.0,0.0,0.0,0.0,0.0,2.0,8,7,11
103400,16,2,3,17,6,3,0,1,1,1,0,24,2,2,0.0,0.0,0.0,0.0,0.0,2.0,11,3,7
179409,15,2,3,10,19,3,0,1,1,1,2,19,2,2,0.0,0.0,0.0,0.0,0.0,2.0,7,6,12
79619,16,2,3,15,2,3,0,1,1,1,2,36,2,2,0.0,0.0,0.0,0.0,0.0,4.0,16,3,6
18343,15,2,3,0,2,3,6,1,0,1,2,18,2,3,1.0,0.0,0.0,1.0,0.0,1.0,8,5,2
127220,4,7,3,10,8,3,6,1,1,1,2,17,2,2,0.0,0.0,0.0,0.0,0.0,2.0,8,4,9
55903,15,7,3,17,6,3,6,5,0,1,2,18,2,2,0.0,0.0,0.0,0.0,0.0,3.0,16,1,4
123809,16,2,3,10,8,3,0,1,1,1,1,17,2,2,0.0,0.0,0.0,0.0,0.0,2.0,14,4,9
143091,15,11,1,0,15,3,5,5,0,1,1,26,2,1,1.0,0.0,1.0,0.0,0.0,1.0,2,1,10
93790,16,2,3,8,6,3,0,1,0,1,2,6,2,3,1.0,0.0,0.0,1.0,0.0,1.0,7,3,7