crash_date,               traffic_control_device,weather_condition,lighting_condition,first_crash_type,trafficway_type,alignment,roadway_surface_cond,road_defect,crash_type,intersection_related_i,damage,prim_contributory_cause,num_units,most_severe_injury,injuries_total,injuries_fatal,injuries_incapacitating,injuries_non_incapacitating,injuries_reported_not_evident,injuries_no_indication,crash_hour,crash_day_of_week,crash_month
164895,16,2,1,10,2,3,0,5,1,1,1,21,2,2,0.0,0.0,0.0,0.0,0.0,5.0,19,7,11
145677,16,7,3,0,15,3,6,1,0,1,2,6,2,4,1.0,0.0,0.0,0.0,1.0,1.0,9,7,10
125670,16,2,1,17,6,3,0,1,1,1,1,36,2,2,0.0,0.0,0.0,0.0,0.0,3.0,22,3,9
47412,15,2,3,9,8,3,0,1,0,1,2,18,2,3,1.0,0.0,0.0,1.0,0.0,1.0,20,3,4
26472,4,10,3,2,2,3,4,1,0,1,2,39,1,2,0.0,0.0,0.0,0.0,0.0,1.0,6,6,2
4345,15,2,3,10,8,3,0,1,1,1,2,17,2,2,0.0,0.0,0.0,0.0,0.0,2.0,8,5,1
38433,15,2,3,0,6,3,0,5,0,1,1,18,2,2,0.0,0.0,0.0,0.0,0.0,4.0,11,6,3
106788,16,3,3,10,8,3,0,1,0,1,2,19,2,2,0.0,0.0,0.0,0.0,0.0,2.0,11,2,8
133177,16,2,3,0,6,3,0,5,0,1,2,36,2,4,1.0,0.0,0.0,0.0,1.0,2.0,13,2,9
11052,15,10,1,0,8,3,4,1,1,1,2,5,2,2,0.0,0.0,0.0,0.0,0.0,3.0,6,3,1
177165,16,2,1,0,8,3,0,1,0,1,2,3,2,3,1.0,0.0,0.0,1.0,0.0,1.0,2,1,12
33943,4,3,3,17,2,3,6,1,0,1,2,15,2,4,1.0,0.0,0.0,0.0,1.0,3.0,16,4,3
691,4,2,3,17,3,3,0,1,1,1,2,18,2,2,0.0,0.0,0.0,0.0,0.0,2.0,15,5,1
125962,16,2,1,10,8,3,0,1,1,1,1,19,2,2,0.0,0.0,0.0,0.0,0.0,2.0,4,3,9
53356,15,7,3,0,15,3,6,5,0,1,2,18,2,2,0.0,0.0,0.0,0.0,0.0,3.0,10,3,4
54028,16,2,3,10,8,3,0,1,1,1,1,19,2,2,0.0,0.0,0.0,0.0,0.0,3.0,16,6,4
16958,15,2,3,17,2,3,0,6,0,1,2,36,2,2,0.0,0.0,0.0,0.0,0.0,2.0,16,3,2
54854,4,3,3,0,6,4,6,5,0,1,2,18,2,3,1.0,0.0,0.0,1.0,0.0,2.0,17,5,4
133598,16,2,3,10,10,3,0,1,0,1,2,36,2,3,2.0,0.0,0.0,2.0,0.0,1.0,13,1,9
63955,4,2,3,8,15,3,0,1,0,1,2,36,2,4,1.0,0.0,0.0,0.0,1.0,2.0,16,3,5
184268,15,2,3,10,2,3,0,1,1,1,2,36,2,2,0.0,0.0,0.0,0.0,0.0,3.0,13,7,12
156991,15,2,3,0,8,3,0,1,1,1,2,12,2,2,0.0,0.0,0.0,0.0,0.0,3.0,16,7,11
102936,15,2,1,0,2,3,0,1,0,1,2,18,2,3,2.0,0.0,0.0,1.0,1.0,1.0,4,2,7
64204,16,2,3,9,8,3,0,1,0,1,2,36,2,3,1.0,0.0,0.0,1.0,0.0,1.0,17,6,5
9150,16,7,1,10,8,3,6,1,1,1,1,19,2,2,0.0,0.0,0.0,0.0,0.0,2.0,19,5,1
154310,15,11,3,17,15,3,5,5,1,1,2,36,2,2,0.0,0.0,0.0,0.0,0.0,2.0,12,7,10
89296,4,2,3,10,8,3,0,1,1,1,2,17,2,2,0.0,0.0,0.0,0.0,0.0,2.0,16,4,7
182545,15,2,3,0,8,3,0,1,0,1,2,18,2,2,0.0,0.0,0.0,0.0,0.0,2.0,11,3,12
64322,15,2,3,0,15,3,0,1,1,1,2,5,2,2,0.0,0.0,0.0,0.0,0.0,4.0,16,2,5
80251,15,2,3,0,2,3,0,1,1,1,2,18,2,2,0.0,0.0,0.0,0.0,0.0,2.0,11,5,6
106891,16,3,4,10,2,3,0,1,0,1,2,8,3,4,1.0,0.0,0.0,0.0,1.0,2.0,18,5,8
45753,16,2,3,8,6,3,0,1,0,1,0,24,2,3,1.0,0.0,0.0,1.0,0.0,1.0,16,2,4
73065,16,2,3,10,8,3,0,5,1,1,2,19,2,2,0.0,0.0,0.0,0.0,0.0,3.0,14,5,6
25385,16,7,3,0,8,3,6,1,0,1,2,36,2,2,0.0,0.0,0.0,0.0,0.0,2.0,10,7,2
98851,16,2,3,17,18,3,0,1,0,1,2,3,2,2,0.0,0.0,0.0,0.0,0.0,2.0,16,2,7
14004,4,2,3,3,3,4,0,1,0,1,2,17,2,3,1.0,0.0,0.0,1.0,0.0,1.0,12,6,1
84330,15,2,3,13,2,3,0,1,1,1,1,36,2,2,0.0,0.0,0.0,0.0,0.0,3.0,17,2,6
138643,17,2,4,10,8,3,0,5,1,1,1,19,2,2,0.0,0.0,0.0,0.0,0.0,2.0,22,2,10
102375,16,2,1,10,8,3,0,1,1,1,0,19,2,2,0.0,0.0,0.0,0.0,0.0,2.0,2,7,7
129067,16,2,0,10,2,3,0,1,1,1,1,19,2,2,0.0,0.0,0.0,0.0,0.0,2.0,0,1,9
166617,15,11,1,0,8,3,5,5,0,1,1,36,3,3,1.0,0.0,0.0,1.0,0.0,2.0,5,4,11
162163,15,2,1,0,6,3,0,5,0,1,2,5,2,3,1.0,0.0,0.0,1.0,0.0,2.0,0,5,11
147058,16,2,3,10,6,3,0,1,0,1,1,19,2,4,1.0,0.0,0.0,0.0,1.0,1.0,13,5,10
167484,16,3,3,0,6,3,6,1,0,1,2,36,2,3,1.0,0.0,0.0,1.0,0.0,1.0,11,3,11
91190,16,2,3,17,8,3,0,1,1,1,2,18,2,2,0.0,0.0,0.0,0.0,0.0,2.0,18,4,7
30174,16,2,1,17,8,3,0,1,1,1,2,36,2,2,0.0,0.0,0.0,0.0,0.0,3.0,19,3,3
156286,16,7,5,10,2,3,6,5,1,1,2,36,2,2,0.0,0.0,0.0,0.0,0.0,4.0,15,4,11
41229,4,2,3,17,11,3,0,1,0,1,2,38,2,4,1.0,0.0,0.0,0.0,1.0,1.0,7,3,3
35424,16,2,3,17,8,3,0,1,1,1,2,18,2,2,0.0,0.0,0.0,0.0,0.0,2.0,14,7,3
10191,4,2,1,17,8,3,2,5,0,1,2,18,2,3,1.0,0.0,0.0,1.0,0.0,1.0,15,3,1
106776,16,3,3,17,8,3,0,1,0,1,2,24,2,3,3.0,0.0,0.0,3.0,0.0,0.0,6,2,8
136870,16,2,3,17,6,3,0,1,1,1,0,18,2,2,0.0,0.0,0.0,0.0,0.0,4.0,7,5,9
172927,16,2,1,17,18,3,0,1,0,1,2,24,2,2,0.0,0.0,0.0,0.0,0.0,2.0,20,2,12
173113,16,2,3,9,6,3,0,1,0,1,1,36,2,3,1.0,0.0,0.0,1.0,0.0,1.0,14,7,12
46823,16,2,3,17,8,3,0,1,0,1,2,36,2,3,1.0,0.0,0.0,1.0,0.0,1.0,7,5,4
49782,16,3,3,9,6,3,5,5,0,1,2,36,2,3,1.0,0.0,0.0,1.0,0.0,1.0,6,4,4
99364,16,2,3,17,3,3,0,1,0,1,2,18,2,4,1.0,0.0,0.0,0.0,1.0,1.0,19,3,7
91296,15,2,3,0,2,3,0,1,0,1,2,6,2,2,0.0,0.0,0.0,0.0,0.0,3.0,16,6,7
63484,15,2,3,0,6,3,0,1,0,1,2,18,2,2,0.0,0.0,0.0,0.0,0.0,2.0,18,2,5
135652,16,2,3,17,15,3,0,1,0,1,2,24,2,2,0.0,0.0,0.0,0.0,0.0,2.0,9,2,9
154093,15,3,3,10,2,3,0,1,1,1,2,19,2,2,0.0,0.0,0.0,0.0,0.0,2.0,14,5,10
136027,4,2,3,17,8,3,0,1,0,1,2,36,2,2,0.0,0.0,0.0,0.0,0.0,2.0,7,6,9
161748,16,2,4,3,6,3,0,1,0,1,2,12,2,3,1.0,0.0,0.0,1.0,0.0,1.0,19,7,11
8519,15,2,3,0,6,3,0,1,0,1,1,18,2,2,0.0,0.0,0.0,0.0,0.0,2.0,8,4,1
180923,16,2,0,10,2,3,6,1,0,1,2,19,2,4,1.0,0.0,0.0,0.0,1.0,1.0,17,2,12
19931,16,2,3,15,2,3,0,1,1,1,2,23,2,2,0.0,0.0,0.0,0.0,0.0,2.0,15,6,2
133941,16,2,3,9,2,3,0,1,0,1,1,36,2,1,1.0,0.0,1.0,0.0,0.0,1.0,13,7,9
90695,16,2,3,10,6,3,0,1,0,1,2,19,2,2,0.0,0.0,0.0,0.0,0.0,3.0,13,4,7
110758,16,2,1,17,2,3,0,1,0,1,2,24,2,2,0.0,0.0,0.0,0.0,0.0,2.0,2,1,8
154425,16,2,3,0,2,3,0,1,1,1,1,18,2,2,0.0,0.0,0.0,0.0,0.0,2.0,14,6,10
103304,16,2,2,0,6,3,0,1,0,1,2,18,2,4,1.0,0.0,0.0,0.0,1.0,1.0,5,1,7
187684,4,2,3,10,8,3,0,1,1,1,1,19,2,2,0.0,0.0,0.0,0.0,0.0,2.0,12,7,12
154362,17,2,3,17,2,3,0,1,0,1,2,36,2,2,0.0,0.0,0.0,0.0,0.0,7.0,11,1,10
141989,16,2,1,10,8,3,6,1,1,1,1,36,2,2,0.0,0.0,0.0,0.0,0.0,2.0,23,6,10
142742,16,2,3,17,2,3,0,1,1,1,2,36,2,2,0.0,0.0,0.0,0.0,0.0,2.0,14,2,10
160364,16,10,3,10,2,3,6,1,1,1,2,36,2,2,0.0,0.0,0.0,0.0,0.0,2.0,5,6,11
57172,16,2,3,0,8,3,0,1,0,1,2,36,2,2,0.0,0.0,0.0,0.0,0.0,3.0,13,1,5
72542,16,2,1,15,19,3,0,1,1,1,2,23,2,2,0.0,0.0,0.0,0.0,0.0,2.0,2,4,6
60153,4,2,3,0,6,3,0,1,0,1,1,18,2,3,1.0,0.0,0.0,1.0,0.0,1.0,18,5,5
22072,16,2,1,17,18,3,0,1,1,1,2,24,2,2,0.0,0.0,0.0,0.0,0.0,2.0,23,5,2
105106,16,2,3,0,2,3,0,5,1,1,2,36,2,2,0.0,0.0,0.0,0.0,0.0,2.0,8,5,8
140372,16,2,3,10,8,3,0,1,1,1,1,17,2,2,0.0,0.0,0.0,0.0,0.0,5.0,15,7,10
50414,16,2,1,17,10,3,0,1,1,1,2,19,2,2,0.0,0.0,0.0,0.0,0.0,2.0,19,6,4
158046,15,2,4,0,8,3,0,1,1,1,2,36,2,2,0.0,0.0,0.0,0.0,0.0,4.0,18,7,11
16014,16,2,1,0,8,3,0,1,1,1,2,6,2,2,0.0,0.0,0.0,0.0,0.0,2.0,2,7,2
79131,4,2,3,10,8,3,0,5,1,0,1,17,2,2,0.0,0.0,0.0,0.0,0.0,3.0,8,3,6
31355,16,2,3,7,8,3,0,5,1,0,2,36,2,2,0.0,0.0,0.0,0.0,0.0,1.0,14,5,3
162860,16,2,3,17,8,3,0,1,0,1,2,36,2,4,1.0,0.0,0.0,0.0,1.0,1.0,12,1,11
89408,16,2,3,17,2,3,0,1,1,1,2,18,2,2,0.0,0.0,0.0,0.0,0.0,2.0,13,4,7
145416,16,2,3,8,10,3,0,1,1,1,0,24,2,2,0.0,0.0,0.0,0.0,0.0,2.0,15,4,10
176644,16,2,1,10,2,3,0,1,0,1,2,16,2,4,3.0,0.0,0.0,0.0,3.0,1.0,0,1,12
116255,15,2,0,10,10,3,0,1,1,1,1,21,2,2,0.0,0.0,0.0,0.0,0.0,3.0,22,6,8
58035,16,2,3,17,2,3,0,1,1,1,2,19,2,2,0.0,0.0,0.0,0.0,0.0,4.0,9,7,5
72872,16,2,3,17,2,3,5,5,1,1,1,19,2,2,0.0,0.0,0.0,0.0,0.0,2.0,12,7,6
150535,16,2,3,15,2,3,0,1,1,1,2,22,2,2,0.0,0.0,0.0,0.0,0.0,2.0,16,4,10
181554,16,2,0,3,2,3,0,1,0,1,2,24,2,2,0.0,0.0,0.0,0.0,0.0,3.0,20,5,12
181409,16,2,3,0,2,3,0,1,1,1,1,36,2,2,0.0,0.0,0.0,0.0,0.0,2.0,8,2,12
157211,16,2,3,10,8,3,0,1,1,1,0,2,2,2,0.0,0.0,0.0,0.0,0.0,2.0,15,5,11
34771,4,7,3,17,6,3,6,1,0,1,2,18,2,1,1.0,0.0,1.0,0.0,0.0,2.0,9,5,3
186543,16,2,3,0,11,3,0,1,1,1,1,23,2,2,0.0,0.0,0.0,0.0,0.0,4.0,11,4,12
189063,16,7,3,17,6,3,6,1,1,1,1,23,2,2,0.0,0.0,0.0,0.0,0.0,2.0,8,3,12
31323,4,2,3,0,0,3,5,5,1,1,2,36,2,2,0.0,0.0,0.0,0.0,0.0,2.0,7,3,3
81071,16,2,3,17,8,3,0,1,1,1,1,36,2,2,0.0,0.0,0.0,0.0,0.0,3.0,7,3,6
8122,16,2,1,17,8,3,0,1,1,1,1,18,2,2,0.0,0.0,0.0,0.0,0.0,2.0,17,4,1
137063,4,2,1,15,8,3,0,1,1,1,0,8,2,2,0.0,0.0,0.0,0.0,0.0,5.0,1,7,9
77129,16,2,3,17,2,3,0,1,1,1,2,18,2,2,0.0,0.0,0.0,0.0,0.0,2.0,18,1,6
182575,16,2,1,17,2,3,0,1,1,1,1,6,2,2,0.0,0.0,0.0,0.0,0.0,2.0,16,4,12
3231,16,2,1,17,3,3,0,1,0,1,2,24,2,2,0.0,0.0,0.0,0.0,0.0,2.0,20,6,1
99923,15,2,3,9,6,3,0,1,0,1,0,18,2,3,1.0,0.0,0.0,1.0,0.0,1.0,17,6,7
49630,16,2,1,10,2,3,0,1,1,1,1,36,2,2,0.0,0.0,0.0,0.0,0.0,2.0,19,7,4
56468,4,2,0,7,6,3,0,1,0,1,2,17,2,2,0.0,0.0,0.0,0.0,0.0,1.0,21,4,5
97,15,2,0,10,11,3,0,1,1,1,1,36,2,2,0.0,0.0,0.0,0.0,0.0,2.0,0,2,1
135441,4,2,1,17,2,3,0,1,0,1,2,18,2,2,0.0,0.0,0.0,0.0,0.0,2.0,18,5,9
149838,16,2,1,14,8,3,0,1,0,1,2,22,2,2,0.0,0.0,0.0,0.0,0.0,2.0,1,2,10
2815,16,10,1,0,6,3,4,5,0,1,2,6,3,2,0.0,0.0,0.0,0.0,0.0,5.0,4,7,1
27044,4,10,3,0,2,3,4,1,0,1,2,36,2,2,0.0,0.0,0.0,0.0,0.0,3.0,10,7,2
99977,16,2,3,17,6,3,0,1,1,1,1,36,2,2,0.0,0.0,0.0,0.0,0.0,6.0,14,7,7
123890,15,3,3,0,8,3,0,1,0,1,2,18,2,2,0.0,0.0,0.0,0.0,0.0,2.0,12,5,9
118502,15,2,3,0,8,3,0,1,1,1,2,18,2,2,0.0,0.0,0.0,0.0,0.0,2.0,18,6,8
151505,15,2,3,0,8,3,0,1,1,1,2,18,2,2,0.0,0.0,0.0,0.0,0.0,3.0,9,5,10
170307,16,2,4,15,10,3,0,5,1,1,1,36,2,2,0.0,0.0,0.0,0.0,0.0,2.0,18,4,11
84649,16,2,3,9,2,3,0,1,1,1,2,24,2,2,0.0,0.0,0.0,0.0,0.0,2.0,18,2,6
123408,15,7,3,0,11,3,6,1,1,1,2,36,2,2,0.0,0.0,0.0,0.0,0.0,2.0,10,5,9
146917,16,2,1,17,10,3,0,5,1,1,1,24,2,2,0.0,0.0,0.0,0.0,0.0,2.0,0,2,10
113309,16,2,3,10,8,3,0,5,1,0,0,36,2,2,0.0,0.0,0.0,0.0,0.0,5.0,7,4,8
129340,16,2,1,17,15,3,0,1,1,1,2,24,2,2,0.0,0.0,0.0,0.0,0.0,2.0,23,6,9
167321,16,2,1,0,6,3,0,1,0,1,2,6,2,3,1.0,0.0,0.0,1.0,0.0,1.0,3,1,11
27330,16,2,3,17,6,3,0,1,0,1,2,22,2,3,1.0,0.0,0.0,1.0,0.0,3.0,15,5,2
97099,4,2,3,17,8,3,0,5,1,1,1,18,2,2,0.0,0.0,0.0,0.0,0.0,2.0,16,3,7
183431,17,11,1,10,6,3,5,5,0,1,2,19,2,2,0.0,0.0,0.0,0.0,0.0,3.0,21,3,12
6170,15,10,3,9,2,3,6,1,0,1,2,18,2,3,1.0,0.0,0.0,1.0,0.0,1.0,9,2,1
167226,16,7,3,0,6,3,6,1,0,1,2,6,2,3,1.0,0.0,0.0,1.0,0.0,1.0,7,5,11
171665,16,2,3,17,8,3,0,1,1,1,1,36,2,2,0.0,0.0,0.0,0.0,0.0,2.0,11,5,11
151948,16,7,3,10,6,3,6,1,1,1,0,6,2,2,0.0,0.0,0.0,0.0,0.0,2.0,8,3,10
31872,16,7,1,15,8,3,6,5,1,1,2,22,2,2,0.0,0.0,0.0,0.0,0.0,3.0,21,6,3
74543,6,2,3,17,6,3,0,1,1,1,2,36,2,2,0.0,0.0,0.0,0.0,0.0,2.0,16,5,6
43866,4,2,3,7,10,3,0,1,1,0,2,24,2,2,0.0,0.0,0.0,0.0,0.0,1.0,16,1,4
117396,4,7,3,15,10,3,6,1,0,0,2,22,2,4,1.0,0.0,0.0,0.0,1.0,1.0,12,2,8
6016,16,2,3,15,10,3,0,5,1,0,1,36,2,2,0.0,0.0,0.0,0.0,0.0,2.0,10,6,1
44380,15,2,3,0,8,3,0,1,0,1,2,26,2,3,1.0,0.0,0.0,1.0,0.0,1.0,15,4,4
111771,4,2,3,8,6,3,0,1,1,1,0,22,2,2,0.0,0.0,0.0,0.0,0.0,2.0,6,2,8
135749,15,3,3,8,8,3,0,1,0,1,2,18,2,3,1.0,0.0,0.0,1.0,0.0,1.0,16,4,9
136035,16,2,3,8,10,3,0,1,0,1,1,6,2,3,1.0,0.0,0.0,1.0,0.0,1.0,8,6,9
20118,16,2,1,10,8,3,0,5,1,1,2,36,2,2,0.0,0.0,0.0,0.0,0.0,5.0,2,1,2
120149,4,2,3,10,8,3,0,1,0,1,2,19,2,2,0.0,0.0,0.0,0.0,0.0,2.0,13,2,8
18961,16,10,3,10,6,3,6,5,1,1,0,19,2,2,0.0,0.0,0.0,0.0,0.0,2.0,14,3,2
64122,16,2,1,17,2,3,0,5,1,1,0,36,2,2,0.0,0.0,0.0,0.0,0.0,2.0,23,4,5
183798,15,2,1,0,8,3,0,1,0,1,2,5,2,2,0.0,0.0,0.0,0.0,0.0,2.0,18,7,12
168392,16,2,3,17,3,3,0,1,1,1,2,24,2,2,0.0,0.0,0.0,0.0,0.0,2.0,16,3,11
129633,16,2,3,17,1,3,0,1,1,1,1,19,2,2,0.0,0.0,0.0,0.0,0.0,3.0,10,2,9
119661,16,2,3,9,6,3,0,1,0,1,2,36,2,3,1.0,0.0,0.0,1.0,0.0,1.0,15,2,8
89355,16,2,3,17,3,3,0,1,1,1,2,26,2,2,0.0,0.0,0.0,0.0,0.0,5.0,19,2,7
142239,15,2,3,10,8,3,0,1,1,1,1,19,2,2,0.0,0.0,0.0,0.0,0.0,3.0,16,2,10
105831,16,2,3,0,6,3,0,1,0,1,1,6,2,3,2.0,0.0,0.0,2.0,0.0,4.0,17,3,8
142383,16,2,1,15,1,3,0,1,1,1,1,19,2,2,0.0,0.0,0.0,0.0,0.0,2.0,18,4,10
66757,4,2,3,2,0,3,0,1,0,1,2,13,1,2,0.0,0.0,0.0,0.0,0.0,1.0,8,6,5
185421,16,10,1,0,6,3,6,1,0,1,2,6,2,3,3.0,0.0,0.0,3.0,0.0,2.0,2,5,12
18529,4,10,1,15,15,3,4,5,1,1,2,36,2,2,0.0,0.0,0.0,0.0,0.0,2.0,16,2,2
144526,4,2,1,2,10,3,0,1,1,1,2,24,1,2,0.0,0.0,0.0,0.0,0.0,1.0,2,7,10
45001,15,2,3,17,8,3,0,1,1,1,1,36,2,2,0.0,0.0,0.0,0.0,0.0,2.0,7,7,4
60360,16,2,3,8,6,3,0,1,0,1,0,18,2,1,1.0,0.0,1.0,0.0,0.0,1.0,19,2,5
26491,15,2,3,0,6,3,4,1,0,1,2,18,2,2,0.0,0.0,0.0,0.0,0.0,2.0,8,6,2
34015,15,2,3,7,15,3,0,1,1,1,0,12,2,2,0.0,0.0,0.0,0.0,0.0,1.0,17,6,3
66009,4,2,3,0,11,3,0,5,1,1,2,36,2,2,0.0,0.0,0.0,0.0,0.0,2.0,15,2,5
72563,16,2,3,1,6,3,0,1,0,1,2,14,1,4,1.0,0.0,0.0,0.0,1.0,0.0,6,4,6
106018,2,2,3,7,10,3,0,5,1,1,2,36,2,2,0.0,0.0,0.0,0.0,0.0,1.0,4,6,8
124973,15,2,3,17,8,3,0,1,0,1,2,17,2,3,1.0,0.0,0.0,1.0,0.0,2.0,17,7,9
175209,16,2,1,17,3,3,0,1,0,1,2,6,2,4,1.0,0.0,0.0,0.0,1.0,1.0,21,2,12
58919,16,2,1,0,6,3,0,1,0,1,2,6,2,2,0.0,0.0,0.0,0.0,0.0,2.0,1,2,5
34527,16,10,3,17,6,3,6,1,1,1,2,36,2,2,0.0,0.0,0.0,0.0,0.0,2.0,17,7,3
134547,15,2,3,17,15,3,0,1,1,1,1,24,2,2,0.0,0.0,0.0,0.0,0.0,3.0,13,1,9
124430,16,2,3,10,8,3,0,1,0,1,2,30,2,3,1.0,0.0,0.0,1.0,0.0,3.0,18,6,9
14735,16,10,1,17,8,3,4,5,1,1,2,39,2,2,0.0,0.0,0.0,0.0,0.0,2.0,20,5,1
173185,15,2,1,0,6,3,0,1,1,1,2,5,2,2,0.0,0.0,0.0,0.0,0.0,2.0,19,2,12
180038,16,2,3,17,6,3,0,1,1,1,2,18,2,2,0.0,0.0,0.0,0.0,0.0,5.0,7,7,12
58167,4,2,3,15,8,3,0,5,1,1,2,36,2,2,0.0,0.0,0.0,0.0,0.0,2.0,13,4,5
45824,16,2,3,10,10,3,0,1,1,1,2,19,2,2,0.0,0.0,0.0,0.0,0.0,2.0,11,7,4
135836,4,2,3,17,8,3,0,1,1,1,2,22,2,2,0.0,0.0,0.0,0.0,0.0,2.0,9,6,9
187846,16,2,3,10,8,3,0,1,1,1,1,22,2,2,0.0,0.0,0.0,0.0,0.0,3.0,10,4,12
90775,16,2,3,17,6,3,0,5,0,1,2,24,2,4,1.0,0.0,0.0,0.0,1.0,2.0,15,5,7
79944,15,2,3,10,8,3,5,5,1,0,0,19,2,2,0.0,0.0,0.0,0.0,0.0,2.0,14,7,6
69219,16,2,1,7,8,3,0,1,1,1,1,9,2,2,0.0,0.0,0.0,0.0,0.0,4.0,1,1,5
112507,16,2,1,17,8,3,0,1,1,1,2,36,2,2,0.0,0.0,0.0,0.0,0.0,3.0,20,5,8
138712,15,2,3,17,8,3,0,1,0,1,2,17,2,2,0.0,0.0,0.0,0.0,0.0,2.0,8,4,10
29106,4,11,5,8,15,3,5,5,0,1,0,36,2,3,1.0,0.0,0.0,1.0,0.0,1.0,18,7,3
62872,16,2,3,10,8,3,0,1,0,1,2,17,4,2,0.0,0.0,0.0,0.0,0.0,3.0,8,6,5
77248,16,2,3,0,6,4,0,1,0,1,2,6,2,4,2.0,0.0,0.0,0.0,2.0,2.0,8,3,6
60473,15,7,3,0,15,3,6,1,0,1,2,18,2,4,2.0,0.0,0.0,0.0,2.0,0.0,18,5,5
140635,16,2,4,0,2,3,0,1,0,1,2,36,2,2,0.0,0.0,0.0,0.0,0.0,2.0,18,1,10
151670,4,2,3,17,8,3,0,1,1,1,0,18,2,2,0.0,0.0,0.0,0.0,0.0,2.0,9,5,10
126048,16,2,3,8,8,3,0,1,0,1,2,6,2,3,1.0,0.0,0.0,1.0,0.0,1.0,15,2,9
32300,16,2,4,10,10,3,0,1,1,1,2,18,3,2,0.0,0.0,0.0,0.0,0.0,3.0,16,5,3
125025,15,2,3,0,8,3,0,1,1,1,2,18,2,2,0.0,0.0,0.0,0.0,0.0,2.0,14,1,9
136197,16,2,3,15,2,2,6,1,1,1,1,36,2,2,0.0,0.0,0.0,0.0,0.0,2.0,9,2,9
169739,15,10,3,0,11,3,4,5,1,1,2,36,2,2,0.0,0.0,0.0,0.0,0.0,3.0,10,2,11
181112,15,3,3,0,6,3,0,1,1,1,2,18,2,2,0.0,0.0,0.0,0.0,0.0,3.0,7,6,12
73692,16,2,3,17,6,3,0,1,0,1,2,17,2,3,1.0,0.0,0.0,1.0,0.0,1.0,8,7,6
60052,16,2,3,17,2,3,0,1,1,1,2,24,2,2,0.0,0.0,0.0,0.0,0.0,2.0,12,3,5
73310,16,2,3,17,6,3,0,5,1,1,0,36,2,2,0.0,0.0,0.0,0.0,0.0,3.0,6,2,6
29854,16,2,3,15,8,3,0,5,0,1,2,22,3,3,1.0,0.0,0.0,1.0,0.0,3.0,10,5,3
130042,16,2,3,17,6,3,0,5,1,1,1,36,2,2,0.0,0.0,0.0,0.0,0.0,2.0,6,3,9
71266,16,2,3,17,8,3,0,1,1,1,0,36,2,2,0.0,0.0,0.0,0.0,0.0,3.0,7,5,5
2642,16,2,3,17,6,3,0,1,0,1,1,18,2,2,0.0,0.0,0.0,0.0,0.0,2.0,7,4,1
114490,16,2,3,17,8,3,0,1,0,1,2,28,3,2,0.0,0.0,0.0,0.0,0.0,3.0,12,1,8
166439,16,3,3,0,8,3,6,1,0,1,2,36,2,2,0.0,0.0,0.0,0.0,0.0,2.0,8,3,11
117298,16,2,3,8,8,3,0,1,1,1,1,18,2,2,0.0,0.0,0.0,0.0,0.0,2.0,8,1,8
13793,16,2,3,14,8,3,0,1,1,1,1,36,2,2,0.0,0.0,0.0,0.0,0.0,2.0,15,2,1
177313,4,2,0,17,8,3,0,1,1,1,2,26,2,2,0.0,0.0,0.0,0.0,0.0,2.0,20,3,12
150626,15,7,3,0,6,3,6,1,1,1,1,39,2,2,0.0,0.0,0.0,0.0,0.0,2.0,9,6,10
46951,16,2,3,17,6,3,0,1,1,1,2,12,2,2,0.0,0.0,0.0,0.0,0.0,4.0,8,2,4
87992,16,2,3,0,6,3,0,1,1,1,0,36,2,2,0.0,0.0,0.0,0.0,0.0,2.0,16,4,7
29089,4,2,3,9,6,3,0,1,0,1,0,18,2,4,2.0,0.0,0.0,0.0,2.0,0.0,14,7,3
27305,15,2,1,15,8,3,0,1,1,1,1,23,2,2,0.0,0.0,0.0,0.0,0.0,5.0,19,4,2
162094,16,2,3,8,6,3,0,1,1,1,0,36,2,2,0.0,0.0,0.0,0.0,0.0,3.0,13,5,11
140296,16,11,3,0,6,3,6,5,1,1,2,6,2,2,0.0,0.0,0.0,0.0,0.0,2.0,13,5,10
176956,16,7,1,10,15,3,6,1,0,1,2,36,2,4,1.0,0.0,0.0,0.0,1.0,1.0,23,6,12
21925,16,2,1,10,8,3,0,1,1,1,1,19,2,2,0.0,0.0,0.0,0.0,0.0,2.0,19,3,2
61149,16,2,1,10,2,3,0,1,1,1,2,36,2,2,0.0,0.0,0.0,0.0,0.0,3.0,22,6,5
119589,15,2,1,0,6,3,0,1,1,1,1,5,2,2,0.0,0.0,0.0,0.0,0.0,7.0,1,1,8
171349,16,2,1,10,8,3,0,1,1,1,2,36,2,2,0.0,0.0,0.0,0.0,0.0,2.0,21,1,11
103273,16,2,1,0,6,3,0,1,1,1,2,6,2,2,0.0,0.0,0.0,0.0,0.0,4.0,1,1,7
172438,16,2,3,0,6,3,0,1,0,1,2,6,2,3,1.0,0.0,0.0,1.0,0.0,2.0,14,4,12
119482,16,2,3,0,8,3,0,5,1,1,1,36,2,2,0.0,0.0,0.0,0.0,0.0,2.0,15,5,8
123594,16,2,3,0,6,3,6,1,0,1,2,6,2,2,0.0,0.0,0.0,0.0,0.0,2.0,21,2,9
27511,16,2,3,17,18,3,0,1,0,1,2,18,3,3,1.0,0.0,0.0,1.0,0.0,2.0,15,2,2
23517,4,2,1,17,2,3,0,1,1,0,0,18,2,2,0.0,0.0,0.0,0.0,0.0,2.0,20,1,2