crash_date,               traffic_control_device,weather_condition,lighting_condition,first_crash_type,trafficway_type,alignment,roadway_surface_cond,road_defect,crash_type,intersection_related_i,damage,prim_contributory_cause,num_units,most_severe_injury,injuries_total,injuries_fatal,injuries_incapacitating,injuries_non_incapacitating,injuries_reported_not_evident,injuries_no_indication,crash_hour,crash_day_of_week,crash_month
110422,15,2,3,0,2,3,0,1,0,1,2,12,2,3,1.0,0.0,0.0,1.0,0.0,2.0,13,2,8
122026,16,2,1,0,6,3,0,5,0,1,2,18,2,4,1.0,0.0,0.0,0.0,1.0,4.0,22,7,9
113880,16,2,3,15,9,3,0,5,1,1,1,36,2,2,0.0,0.0,0.0,0.0,0.0,2.0,10,6,8
88629,15,2,1,10,8,3,0,5,0,1,2,17,2,4,3.0,0.0,0.0,0.0,3.0,1.0,20,7,7
91189,15,2,3,10,2,3,0,1,1,1,2,19,2,2,0.0,0.0,0.0,0.0,0.0,2.0,18,4,7
175148,16,2,1,17,8,3,0,1,1,1,2,18,2,2,0.0,0.0,0.0,0.0,0.0,2.0,18,1,12
69794,16,3,3,17,3,3,0,1,1,1,2,17,2,2,0.0,0.0,0.0,0.0,0.0,3.0,8,3,5
152729,16,2,3,0,8,3,0,1,0,1,2,3,2,2,0.0,0.0,0.0,0.0,0.0,4.0,17,7,10
355,16,2,1,15,2,3,0,1,1,1,2,36,2,2,0.0,0.0,0.0,0.0,0.0,3.0,1,1,1
48144,16,7,3,17,2,3,6,1,0,1,2,18,3,3,3.0,0.0,0.0,3.0,0.0,1.0,10,7,4
67534,16,2,3,13,2,3,0,1,0,1,1,18,2,4,1.0,0.0,0.0,0.0,1.0,1.0,15,5,5
167132,4,2,3,0,11,3,0,1,1,1,2,18,2,2,0.0,0.0,0.0,0.0,0.0,2.0,14,4,11
158103,15,7,3,0,2,3,6,1,1,1,2,18,2,2,0.0,0.0,0.0,0.0,0.0,3.0,12,1,11
13900,16,2,3,10,2,3,6,1,1,1,2,17,2,2,0.0,0.0,0.0,0.0,0.0,2.0,11,3,1
152110,16,3,3,15,6,3,6,1,1,1,2,23,2,2,0.0,0.0,0.0,0.0,0.0,2.0,8,6,10
94932,4,2,1,7,10,3,0,1,1,0,0,36,2,2,0.0,0.0,0.0,0.0,0.0,1.0,10,6,7
48926,16,2,3,9,6,3,0,5,0,1,0,36,2,4,1.0,0.0,0.0,0.0,1.0,1.0,12,7,4
144466,15,3,3,0,8,3,0,5,1,1,2,26,2,2,0.0,0.0,0.0,0.0,0.0,2.0,15,5,10
165636,4,2,0,2,8,3,0,1,0,1,2,17,1,2,0.0,0.0,0.0,0.0,0.0,1.0,16,5,11
93646,16,2,3,11,12,3,0,1,1,1,1,36,2,2,0.0,0.0,0.0,0.0,0.0,2.0,11,6,7
18422,16,2,3,9,10,3,0,1,0,1,0,6,2,3,1.0,0.0,0.0,1.0,0.0,1.0,8,6,2
163351,16,9,1,10,8,3,6,1,1,1,2,19,2,2,0.0,0.0,0.0,0.0,0.0,3.0,0,1,11
111521,4,11,3,0,2,3,5,5,1,1,1,7,2,2,0.0,0.0,0.0,0.0,0.0,2.0,18,4,8
64749,15,2,3,0,6,3,0,1,0,1,2,36,2,2,0.0,0.0,0.0,0.0,0.0,2.0,10,7,5
49971,15,2,4,0,6,3,0,1,0,1,2,38,2,4,1.0,0.0,0.0,0.0,1.0,1.0,18,5,4
182559,16,2,3,15,8,3,0,1,0,1,2,23,2,3,1.0,0.0,0.0,1.0,0.0,3.0,13,4,12
85515,16,3,3,9,8,3,6,5,0,1,0,36,2,3,1.0,0.0,0.0,1.0,0.0,1.0,19,7,6
79647,4,2,3,2,3,2,0,1,0,0,2,9,1,2,0.0,0.0,0.0,0.0,0.0,2.0,20,3,6
110873,16,2,1,10,8,3,0,6,0,1,1,19,2,3,1.0,0.0,0.0,1.0,0.0,1.0,2,1,8
19481,16,2,3,15,8,3,5,1,1,1,0,36,2,2,0.0,0.0,0.0,0.0,0.0,2.0,15,5,2
34518,16,2,2,17,6,4,0,5,0,1,2,18,2,2,0.0,0.0,0.0,0.0,0.0,3.0,15,7,3
18429,16,2,3,10,3,5,0,2,0,1,2,17,2,4,1.0,0.0,0.0,0.0,1.0,1.0,10,6,2
180379,15,2,3,10,8,3,0,1,1,1,2,19,2,2,0.0,0.0,0.0,0.0,0.0,2.0,16,3,12
48324,16,2,3,8,6,3,0,1,0,1,2,6,2,3,1.0,0.0,0.0,1.0,0.0,2.0,16,5,4
151743,16,2,0,10,8,3,0,1,1,1,2,17,2,2,0.0,0.0,0.0,0.0,0.0,3.0,21,6,10
11734,16,10,3,2,8,3,4,1,0,1,2,26,1,3,1.0,0.0,0.0,1.0,0.0,0.0,17,2,1
25671,15,10,1,0,9,3,6,1,1,1,2,18,2,2,0.0,0.0,0.0,0.0,0.0,5.0,19,6,2
19964,15,3,1,0,6,3,0,1,0,1,2,5,2,2,0.0,0.0,0.0,0.0,0.0,2.0,20,6,2
148480,4,2,2,10,3,3,6,1,0,0,2,17,2,2,0.0,0.0,0.0,0.0,0.0,2.0,6,5,10
152731,16,2,1,10,8,3,0,5,1,1,2,36,2,2,0.0,0.0,0.0,0.0,0.0,2.0,18,7,10
80476,16,6,3,10,2,3,2,1,0,1,1,19,2,2,0.0,0.0,0.0,0.0,0.0,2.0,16,1,6
82827,4,2,3,17,8,3,0,1,0,1,2,36,4,2,0.0,0.0,0.0,0.0,0.0,9.0,14,1,6
68693,4,2,3,10,8,3,0,3,1,1,0,19,2,2,0.0,0.0,0.0,0.0,0.0,3.0,16,7,5
123689,4,2,3,0,0,3,0,1,1,1,1,18,2,2,0.0,0.0,0.0,0.0,0.0,4.0,17,4,9
13374,16,2,3,17,2,3,0,1,0,1,1,36,2,2,0.0,0.0,0.0,0.0,0.0,2.0,14,1,1
83607,16,11,5,10,2,3,5,1,1,1,1,19,2,2,0.0,0.0,0.0,0.0,0.0,2.0,17,7,6
20671,4,2,3,15,2,3,0,1,1,1,1,36,2,2,0.0,0.0,0.0,0.0,0.0,2.0,15,4,2
148842,16,2,3,0,6,3,0,1,0,1,2,36,2,2,0.0,0.0,0.0,0.0,0.0,2.0,16,3,10
18504,16,2,3,17,8,3,0,1,0,1,2,24,2,2,0.0,0.0,0.0,0.0,0.0,5.0,11,7,2
173896,16,2,3,10,12,3,0,1,1,0,2,19,2,2,0.0,0.0,0.0,0.0,0.0,4.0,14,4,12
149131,4,2,3,17,2,3,0,1,1,1,2,18,2,2,0.0,0.0,0.0,0.0,0.0,2.0,13,4,10
184742,15,2,1,17,3,3,0,1,0,1,2,36,2,3,1.0,0.0,0.0,1.0,0.0,1.0,1,7,12
69589,16,2,1,0,2,3,0,5,0,1,2,6,2,4,1.0,0.0,0.0,0.0,1.0,1.0,22,7,5
28944,4,2,3,15,8,3,0,1,1,1,1,24,2,2,0.0,0.0,0.0,0.0,0.0,2.0,17,3,3
62136,16,7,2,10,8,3,6,1,0,0,2,16,3,1,1.0,0.0,1.0,0.0,0.0,2.0,4,1,5
123322,4,2,3,10,8,3,0,1,0,1,2,8,2,4,2.0,0.0,0.0,0.0,2.0,1.0,16,4,9
121522,16,2,3,10,6,3,0,1,1,1,2,19,2,2,0.0,0.0,0.0,0.0,0.0,2.0,18,7,9
44310,4,2,3,0,10,3,0,1,0,1,2,18,2,2,0.0,0.0,0.0,0.0,0.0,3.0,8,2,4
169098,15,2,3,17,8,3,5,5,1,1,1,36,2,2,0.0,0.0,0.0,0.0,0.0,3.0,11,1,11
107501,16,2,3,15,2,3,0,1,1,1,1,23,2,2,0.0,0.0,0.0,0.0,0.0,2.0,9,7,8
7510,16,2,3,10,8,3,0,1,1,1,1,19,2,2,0.0,0.0,0.0,0.0,0.0,2.0,17,4,1
67886,4,2,3,15,6,3,0,1,1,1,0,36,2,2,0.0,0.0,0.0,0.0,0.0,5.0,9,2,5
14464,15,10,0,17,8,3,5,5,0,1,2,5,2,3,1.0,0.0,0.0,1.0,0.0,1.0,21,1,1
25018,16,2,3,0,6,3,5,5,1,1,2,17,2,2,0.0,0.0,0.0,0.0,0.0,2.0,14,2,2
83979,16,2,3,0,6,3,0,1,0,1,2,18,2,3,2.0,0.0,0.0,2.0,0.0,1.0,11,4,6
32463,16,2,3,17,2,3,0,1,1,1,2,36,2,2,0.0,0.0,0.0,0.0,0.0,2.0,9,6,3
108833,16,2,3,0,2,3,0,1,0,1,1,18,2,2,0.0,0.0,0.0,0.0,0.0,3.0,8,6,8
111576,16,2,3,8,8,3,0,1,0,1,0,22,2,3,1.0,0.0,0.0,1.0,0.0,2.0,16,5,8
88999,4,2,1,9,2,3,0,1,0,1,2,36,2,1,1.0,0.0,1.0,0.0,0.0,2.0,1,6,7
171468,16,2,3,7,6,3,0,1,1,1,2,36,2,2,0.0,0.0,0.0,0.0,0.0,2.0,12,3,11
21474,16,2,3,10,8,3,0,1,1,1,2,36,2,2,0.0,0.0,0.0,0.0,0.0,2.0,11,2,2
123031,15,2,3,0,6,3,0,1,0,1,1,38,2,2,0.0,0.0,0.0,0.0,0.0,4.0,11,7,9
68610,16,2,1,0,6,3,5,5,1,1,2,6,2,2,0.0,0.0,0.0,0.0,0.0,3.0,0,7,5
96468,4,2,3,15,2,3,0,1,1,1,2,23,2,2,0.0,0.0,0.0,0.0,0.0,2.0,17,2,7
120698,16,7,1,0,6,3,6,1,0,1,2,6,2,3,5.0,0.0,0.0,2.0,3.0,1.0,0,1,9
148153,15,3,3,10,8,3,0,1,1,1,0,19,2,2,0.0,0.0,0.0,0.0,0.0,2.0,8,6,10
49752,16,2,3,9,6,3,0,1,0,1,1,18,3,3,2.0,0.0,0.0,2.0,0.0,1.0,9,2,4
134746,16,2,3,17,6,3,0,1,0,1,2,18,2,3,2.0,0.0,0.0,2.0,0.0,0.0,8,4,9
158823,16,2,0,0,10,3,0,5,0,1,2,36,2,3,1.0,0.0,0.0,1.0,0.0,2.0,21,4,11
59781,4,7,1,10,8,3,6,1,1,1,1,36,2,2,0.0,0.0,0.0,0.0,0.0,4.0,23,7,5
119531,16,2,3,15,2,3,0,1,1,1,2,23,2,2,0.0,0.0,0.0,0.0,0.0,2.0,13,6,8
36234,16,2,1,3,3,3,0,1,0,1,2,18,2,2,0.0,0.0,0.0,0.0,0.0,2.0,23,1,3
73165,4,2,3,0,6,3,0,1,1,1,2,36,2,2,0.0,0.0,0.0,0.0,0.0,2.0,17,6,6
114532,4,2,3,0,6,3,0,1,1,1,2,18,2,2,0.0,0.0,0.0,0.0,0.0,2.0,9,3,8
108751,15,2,3,10,8,3,0,1,1,0,1,36,2,2,0.0,0.0,0.0,0.0,0.0,2.0,17,5,8
111519,15,3,3,0,8,3,0,1,0,1,2,5,2,2,0.0,0.0,0.0,0.0,0.0,2.0,18,4,8
133458,16,2,3,10,6,3,0,1,1,1,1,19,2,2,0.0,0.0,0.0,0.0,0.0,2.0,16,7,9
180491,16,7,1,9,8,3,6,1,0,1,0,18,2,4,1.0,0.0,0.0,0.0,1.0,1.0,5,5,12
56429,16,2,3,15,8,3,0,1,1,0,2,18,2,2,0.0,0.0,0.0,0.0,0.0,4.0,16,4,5
76685,15,2,3,0,8,3,0,1,0,1,2,18,4,3,1.0,0.0,0.0,1.0,0.0,1.0,15,2,6
107491,16,2,4,15,11,3,0,1,1,1,1,23,2,2,0.0,0.0,0.0,0.0,0.0,4.0,20,7,8
151765,16,2,1,10,6,3,0,1,1,1,0,19,2,2,0.0,0.0,0.0,0.0,0.0,2.0,2,1,10
136541,4,2,3,17,2,3,0,1,1,1,1,36,2,2,0.0,0.0,0.0,0.0,0.0,5.0,16,6,9
76736,16,2,1,17,8,3,0,1,1,1,2,36,2,2,0.0,0.0,0.0,0.0,0.0,2.0,22,2,6
120026,15,2,3,0,8,3,0,1,0,1,2,18,2,2,0.0,0.0,0.0,0.0,0.0,5.0,15,6,8
30374,16,2,3,17,8,3,0,1,1,1,2,4,2,2,0.0,0.0,0.0,0.0,0.0,2.0,11,7,3
147381,16,2,3,17,2,3,0,1,1,1,2,24,2,2,0.0,0.0,0.0,0.0,0.0,2.0,17,5,10
34648,15,2,1,10,10,3,0,1,1,1,1,19,2,2,0.0,0.0,0.0,0.0,0.0,3.0,0,2,3
141189,16,2,1,17,2,3,0,1,0,1,2,17,2,1,1.0,0.0,1.0,0.0,0.0,2.0,0,1,10
137639,4,2,3,8,2,3,0,1,0,1,0,18,2,3,1.0,0.0,0.0,1.0,0.0,1.0,15,1,10
60008,4,2,3,17,3,3,0,1,1,0,2,18,2,2,0.0,0.0,0.0,0.0,0.0,2.0,18,2,5
117537,16,2,3,10,2,3,0,1,0,1,2,17,2,4,4.0,0.0,0.0,0.0,4.0,1.0,16,6,8
50538,4,2,3,7,10,3,0,1,1,1,0,36,2,2,0.0,0.0,0.0,0.0,0.0,2.0,16,3,4
58269,16,7,3,17,8,3,6,5,0,1,2,18,2,2,0.0,0.0,0.0,0.0,0.0,2.0,17,5,5
94752,16,2,1,3,1,3,0,1,0,1,2,22,2,2,0.0,0.0,0.0,0.0,0.0,2.0,23,3,7
41473,16,2,1,0,2,3,0,1,0,1,2,26,2,4,3.0,0.0,0.0,0.0,3.0,0.0,0,6,3
71498,16,2,3,0,2,3,0,5,1,1,2,3,2,2,0.0,0.0,0.0,0.0,0.0,4.0,18,2,5
125771,16,2,2,0,8,3,0,1,0,1,2,36,2,2,0.0,0.0,0.0,0.0,0.0,2.0,6,6,9
135878,4,2,3,15,8,3,0,1,1,1,1,23,2,2,0.0,0.0,0.0,0.0,0.0,2.0,17,4,9
44071,17,7,3,7,10,3,6,5,1,1,2,23,2,2,0.0,0.0,0.0,0.0,0.0,1.0,8,5,4
181197,16,2,3,10,6,3,0,1,0,0,0,18,2,4,1.0,0.0,0.0,0.0,1.0,1.0,8,7,12
129906,16,2,3,17,10,3,0,1,1,1,2,24,2,2,0.0,0.0,0.0,0.0,0.0,2.0,7,7,9
125714,4,7,1,10,19,2,6,1,1,1,2,23,2,2,0.0,0.0,0.0,0.0,0.0,2.0,19,5,9
105370,15,2,0,0,6,3,0,5,1,1,2,18,2,2,0.0,0.0,0.0,0.0,0.0,2.0,20,3,8
69555,17,2,3,10,8,3,0,5,1,1,1,36,2,2,0.0,0.0,0.0,0.0,0.0,2.0,14,7,5
24326,16,2,3,17,6,3,0,1,1,1,2,18,2,2,0.0,0.0,0.0,0.0,0.0,2.0,13,2,2
89338,4,2,1,15,8,3,0,1,1,1,2,23,2,2,0.0,0.0,0.0,0.0,0.0,2.0,23,4,7
188884,16,2,3,10,2,4,0,1,1,1,1,19,2,2,0.0,0.0,0.0,0.0,0.0,2.0,9,6,12
187567,4,10,1,10,8,3,4,1,1,1,1,36,2,2,0.0,0.0,0.0,0.0,0.0,2.0,17,6,12
52464,16,2,3,10,6,3,0,1,0,1,2,17,4,3,2.0,0.0,0.0,2.0,0.0,3.0,12,1,4
134523,15,2,3,0,6,3,0,1,0,1,2,5,2,4,3.0,0.0,0.0,0.0,3.0,0.0,11,7,9
42669,4,7,5,8,6,3,6,5,0,1,2,36,2,3,1.0,0.0,0.0,1.0,0.0,1.0,16,2,4
161229,16,2,4,10,6,3,0,5,1,1,1,17,2,2,0.0,0.0,0.0,0.0,0.0,3.0,16,6,11
71727,16,2,1,17,15,3,5,5,1,1,1,24,2,2,0.0,0.0,0.0,0.0,0.0,4.0,10,6,5
96891,16,2,1,0,6,3,0,1,1,1,2,36,2,2,0.0,0.0,0.0,0.0,0.0,2.0,0,1,7
101935,15,2,3,0,2,3,0,5,0,1,2,36,2,1,4.0,0.0,1.0,3.0,0.0,1.0,12,7,7
99568,16,2,1,0,2,3,0,1,0,1,2,6,2,3,1.0,0.0,0.0,1.0,0.0,1.0,20,7,7
104360,16,2,3,7,2,3,0,1,1,1,1,36,2,2,0.0,0.0,0.0,0.0,0.0,1.0,10,2,8
22358,15,7,1,0,6,3,6,1,0,1,2,5,2,2,0.0,0.0,0.0,0.0,0.0,2.0,18,4,2
116695,4,2,3,0,8,3,0,1,1,1,1,18,2,2,0.0,0.0,0.0,0.0,0.0,2.0,14,6,8
176255,16,2,3,0,8,3,0,1,0,1,2,6,2,3,1.0,0.0,0.0,1.0,0.0,1.0,7,4,12
9878,15,2,3,9,6,3,0,1,0,1,0,5,2,4,1.0,0.0,0.0,0.0,1.0,1.0,8,5,1
81762,15,2,1,10,6,3,0,1,1,1,1,19,2,2,0.0,0.0,0.0,0.0,0.0,3.0,1,7,6
6600,4,2,2,0,8,3,0,1,0,1,2,36,2,2,0.0,0.0,0.0,0.0,0.0,2.0,16,2,1
69919,4,3,3,17,8,3,0,1,0,1,2,18,2,3,1.0,0.0,0.0,1.0,0.0,2.0,8,6,5
81085,16,2,1,17,2,3,0,1,0,1,2,24,2,3,2.0,0.0,0.0,2.0,0.0,2.0,21,3,6
127819,15,2,3,17,8,3,0,1,1,1,2,18,2,2,0.0,0.0,0.0,0.0,0.0,2.0,12,5,9
154916,15,2,1,17,8,3,0,1,1,1,2,18,2,2,0.0,0.0,0.0,0.0,0.0,4.0,0,1,10
114171,15,2,3,10,15,3,6,1,1,1,2,36,4,2,0.0,0.0,0.0,0.0,0.0,4.0,16,3,8
75217,16,2,1,0,6,3,0,1,0,1,2,36,2,3,3.0,0.0,0.0,3.0,0.0,1.0,21,1,6
125112,6,2,3,0,11,3,0,2,1,1,2,26,2,2,0.0,0.0,0.0,0.0,0.0,2.0,7,2,9
135834,4,2,4,17,8,3,0,1,1,1,1,22,2,2,0.0,0.0,0.0,0.0,0.0,2.0,21,6,9
153382,15,2,3,17,2,3,0,1,1,1,0,36,2,2,0.0,0.0,0.0,0.0,0.0,2.0,6,6,10
83886,16,2,3,10,8,3,0,1,0,1,2,19,2,4,1.0,0.0,0.0,0.0,1.0,1.0,17,3,6
136351,16,2,3,0,6,3,0,1,0,1,2,6,2,3,2.0,0.0,0.0,2.0,0.0,1.0,11,4,9
49390,16,2,3,0,8,3,0,1,0,1,2,6,2,3,2.0,0.0,0.0,1.0,1.0,0.0,8,3,4
3662,16,10,3,0,8,3,6,1,0,1,2,6,2,4,1.0,0.0,0.0,0.0,1.0,3.0,15,7,1
28120,4,2,2,17,19,3,0,1,0,1,2,24,2,2,0.0,0.0,0.0,0.0,0.0,3.0,16,7,2
166303,16,11,5,0,11,3,5,5,1,1,2,36,2,2,0.0,0.0,0.0,0.0,0.0,2.0,19,7,11
144348,16,2,3,17,6,3,0,1,0,1,2,18,3,2,0.0,0.0,0.0,0.0,0.0,5.0,8,3,10
121056,16,2,3,0,6,3,0,1,0,1,2,6,2,3,1.0,0.0,0.0,1.0,0.0,1.0,18,1,9
17307,16,2,1,15,8,3,5,5,1,1,2,18,2,2,0.0,0.0,0.0,0.0,0.0,2.0,19,2,2
103778,16,2,1,0,8,3,0,1,0,1,2,6,2,3,1.0,0.0,0.0,1.0,0.0,1.0,20,1,7
135238,17,11,5,15,18,3,5,5,1,1,2,18,2,2,0.0,0.0,0.0,0.0,0.0,2.0,9,3,9
79301,4,2,1,15,10,3,0,1,1,1,2,12,2,2,0.0,0.0,0.0,0.0,0.0,3.0,22,6,6
41716,15,2,3,0,8,3,0,1,0,1,2,36,2,1,2.0,0.0,1.0,1.0,0.0,0.0,7,5,3
150694,16,2,3,0,8,3,0,1,0,1,2,18,2,2,0.0,0.0,0.0,0.0,0.0,3.0,16,7,10
116011,4,11,5,15,8,3,5,5,0,0,2,23,2,2,0.0,0.0,0.0,0.0,0.0,3.0,17,4,8
56559,16,2,3,17,2,3,0,1,1,1,2,36,2,2,0.0,0.0,0.0,0.0,0.0,3.0,8,4,5
96851,15,2,3,0,8,3,0,1,1,1,2,18,2,2,0.0,0.0,0.0,0.0,0.0,2.0,17,1,7
105002,16,2,3,17,8,3,0,1,1,1,2,11,2,2,0.0,0.0,0.0,0.0,0.0,2.0,17,6,8
117588,16,2,3,17,2,3,0,1,1,1,1,18,2,2,0.0,0.0,0.0,0.0,0.0,2.0,14,7,8
56426,16,2,3,17,6,3,0,1,1,1,2,18,2,2,0.0,0.0,0.0,0.0,0.0,3.0,15,4,5
77565,16,2,3,17,6,3,0,1,0,1,2,36,2,2,0.0,0.0,0.0,0.0,0.0,2.0,18,3,6
112863,16,2,1,10,8,3,0,1,1,1,2,36,2,2,0.0,0.0,0.0,0.0,0.0,2.0,23,4,8
135983,16,2,3,15,1,3,0,1,1,1,2,22,2,2,0.0,0.0,0.0,0.0,0.0,2.0,14,6,9
87621,16,2,3,10,10,3,0,1,1,1,1,19,2,2,0.0,0.0,0.0,0.0,0.0,2.0,7,5,6
43635,16,2,2,10,2,3,0,1,1,1,1,36,2,2,0.0,0.0,0.0,0.0,0.0,2.0,6,3,4
42252,4,7,3,15,2,3,6,1,1,1,2,22,2,2,0.0,0.0,0.0,0.0,0.0,2.0,17,6,4
154223,16,7,3,0,8,3,6,5,0,1,1,36,2,2,0.0,0.0,0.0,0.0,0.0,5.0,11,6,10
174529,16,2,3,15,2,3,0,1,1,1,1,22,2,2,0.0,0.0,0.0,0.0,0.0,2.0,12,5,12
11599,16,4,3,17,2,3,5,5,0,1,2,36,2,4,1.0,0.0,0.0,0.0,1.0,1.0,15,6,1
64897,16,2,0,0,8,3,0,1,1,1,2,6,2,2,0.0,0.0,0.0,0.0,0.0,2.0,20,4,5
128060,16,2,3,15,3,3,0,1,1,1,1,22,2,2,0.0,0.0,0.0,0.0,0.0,2.0,18,3,9
133185,4,2,3,10,8,3,0,5,1,0,2,36,2,2,0.0,0.0,0.0,0.0,0.0,2.0,14,2,9
153027,15,2,4,15,10,2,0,5,1,1,2,23,2,2,0.0,0.0,0.0,0.0,0.0,2.0,18,3,10
12279,16,10,3,0,2,3,6,1,0,1,2,6,2,2,0.0,0.0,0.0,0.0,0.0,2.0,7,4,1
114292,16,11,3,17,15,3,5,5,1,1,2,36,2,2,0.0,0.0,0.0,0.0,0.0,2.0,14,6,8
10129,4,2,3,10,2,3,4,5,1,1,2,36,2,2,0.0,0.0,0.0,0.0,0.0,2.0,15,2,1
153611,16,2,3,0,6,3,0,1,1,1,2,18,2,2,0.0,0.0,0.0,0.0,0.0,2.0,12,4,10
69145,16,3,1,17,8,3,6,1,0,1,1,18,2,1,2.0,0.0,1.0,0.0,1.0,1.0,21,1,5
65186,15,7,1,0,8,3,6,1,0,1,2,5,2,2,0.0,0.0,0.0,0.0,0.0,3.0,0,7,5
47002,4,2,3,17,8,3,0,1,0,1,2,18,2,3,1.0,0.0,0.0,1.0,0.0,1.0,7,3,4
27455,16,2,1,0,18,3,0,1,0,1,2,6,2,2,0.0,0.0,0.0,0.0,0.0,3.0,1,1,2
28456,16,2,3,17,6,3,5,5,1,1,2,13,2,2,0.0,0.0,0.0,0.0,0.0,3.0,17,1,3
188140,16,6,1,10,8,3,4,5,1,1,0,19,2,2,0.0,0.0,0.0,0.0,0.0,2.0,23,7,12
152438,15,2,3,0,6,3,0,5,0,1,2,18,3,2,0.0,0.0,0.0,0.0,0.0,5.0,10,7,10
79637,16,2,3,9,6,3,0,1,0,1,0,36,2,4,1.0,0.0,0.0,0.0,1.0,1.0,18,3,6
156100,16,2,3,17,2,3,0,5,0,1,2,6,2,4,1.0,0.0,0.0,0.0,1.0,2.0,8,3,11
30007,15,2,1,0,6,3,0,1,1,1,2,5,2,2,0.0,0.0,0.0,0.0,0.0,2.0,17,2,3
69792,16,2,1,9,5,3,0,1,0,1,1,36,2,3,1.0,0.0,0.0,1.0,0.0,1.0,20,3,5
143902,16,2,3,10,6,3,5,5,0,1,2,19,2,3,1.0,0.0,0.0,1.0,0.0,1.0,8,4,10
117138,4,2,3,10,2,3,0,1,0,1,2,36,3,2,0.0,0.0,0.0,0.0,0.0,3.0,13,1,8
74198,16,2,3,10,8,3,0,1,1,1,2,36,2,2,0.0,0.0,0.0,0.0,0.0,2.0,12,7,6
118384,16,7,1,17,17,3,6,1,1,0,2,36,4,2,0.0,0.0,0.0,0.0,0.0,4.0,22,3,8
123305,15,2,1,0,10,3,0,1,0,1,2,5,2,4,1.0,0.0,0.0,0.0,1.0,1.0,22,3,9
124509,16,2,3,10,8,3,0,1,1,1,1,19,2,2,0.0,0.0,0.0,0.0,0.0,2.0,12,7,9
106405,4,2,3,10,15,3,0,1,0,1,2,36,2,1,1.0,0.0,1.0,0.0,0.0,3.0,15,5,8
123030,16,2,3,15,8,3,0,1,1,1,1,18,2,2,0.0,0.0,0.0,0.0,0.0,2.0,11,7,9
121621,17,11,1,0,17,3,5,5,0,1,2,12,2,2,0.0,0.0,0.0,0.0,0.0,5.0,23,2,9
28100,4,2,3,0,0,3,0,1,0,1,2,18,2,2,0.0,0.0,0.0,0.0,0.0,4.0,13,7,2
16717,16,2,3,17,6,3,0,1,0,1,1,12,2,2,0.0,0.0,0.0,0.0,0.0,2.0,13,7,2
28841,16,2,3,0,8,3,0,1,1,1,1,26,2,2,0.0,0.0,0.0,0.0,0.0,2.0,9,7,3
10165,16,2,3,17,10,3,6,1,1,1,2,24,2,2,0.0,0.0,0.0,0.0,0.0,3.0,10,2,1
187960,15,2,1,0,6,3,0,1,1,1,2,12,2,2,0.0,0.0,0.0,0.0,0.0,2.0,20,6,12
177875,16,2,2,10,8,3,0,1,0,1,1,6,2,3,4.0,0.0,0.0,3.0,1.0,1.0,17,4,12
181280,16,2,3,0,8,3,0,1,1,1,2,6,2,2,0.0,0.0,0.0,0.0,0.0,2.0,12,2,12
180219,15,2,0,0,11,3,0,5,1,1,2,36,2,2,0.0,0.0,0.0,0.0,0.0,2.0,0,6,12
2934,16,5,5,17,8,3,1,5,0,1,1,39,2,2,0.0,0.0,0.0,0.0,0.0,2.0,0,2,1
37715,15,2,3,0,8,3,6,5,1,1,2,18,2,2,0.0,0.0,0.0,0.0,0.0,2.0,8,5,3
113709,16,2,1,17,6,3,0,1,0,1,2,27,2,2,0.0,0.0,0.0,0.0,0.0,6.0,0,2,8
113041,16,2,3,0,2,3,0,1,1,1,0,36,2,2,0.0,0.0,0.0,0.0,0.0,2.0,15,6,8
185753,16,11,1,15,10,3,0,5,0,1,2,23,2,2,0.0,0.0,0.0,0.0,0.0,2.0,19,3,12
90278,16,7,3,17,6,3,6,1,1,1,2,18,2,2,0.0,0.0,0.0,0.0,0.0,2.0,8,4,7
105247,16,2,0,17,2,3,0,1,0,1,2,36,2,2,0.0,0.0,0.0,0.0,0.0,2.0,22,7,8
168725,16,2,1,17,8,3,0,1,1,1,0,36,2,2,0.0,0.0,0.0,0.0,0.0,2.0,19,7,11
26567,15,2,1,17,6,3,0,1,1,1,2,36,2,2,0.0,0.0,0.0,0.0,0.0,2.0,20,7,2
108299,16,2,3,17,8,3,0,6,1,1,0,36,2,2,0.0,0.0,0.0,0.0,0.0,2.0,18,5,8
158195,16,2,3,10,6,3,0,5,0,1,2,21,2,4,1.0,0.0,0.0,0.0,1.0,1.0,13,3,11
142997,16,7,1,10,3,4,6,1,1,1,2,17,2,2,0.0,0.0,0.0,0.0,0.0,4.0,23,5,10
82474,16,2,3,17,6,3,0,1,0,1,2,6,2,4,1.0,0.0,0.0,0.0,1.0,1.0,11,2,6
72547,4,2,3,17,6,3,0,1,0,1,2,18,2,2,0.0,0.0,0.0,0.0,0.0,3.0,15,4,6
49841,15,2,3,0,2,3,0,1,0,1,2,18,2,2,0.0,0.0,0.0,0.0,0.0,2.0,12,2,4
26399,4,2,3,2,2,3,0,1,1,1,2,36,1,2,0.0,0.0,0.0,0.0,0.0,1.0,13,5,2
116483,4,2,3,2,15,3,0,1,1,1,1,22,1,2,0.0,0.0,0.0,0.0,0.0,1.0,15,4,8
26245,16,2,1,10,8,3,0,1,0,1,2,26,3,2,0.0,0.0,0.0,0.0,0.0,3.0,21,1,2
82911,15,2,3,0,15,3,0,1,0,1,2,18,2,3,2.0,0.0,0.0,2.0,0.0,1.0,18,2,6