crash_date,               traffic_control_device,weather_condition,lighting_condition,first_crash_type,trafficway_type,alignment,roadway_surface_cond,road_defect,crash_type,intersection_related_i,damage,prim_contributory_cause,num_units,most_severe_injury,injuries_total,injuries_fatal,injuries_incapacitating,injuries_non_incapacitating,injuries_reported_not_evident,injuries_no_indication,crash_hour,crash_day_of_week,crash_month
20378,16,2,3,10,1,3,0,1,0,1,2,13,2,2,0.0,0.0,0.0,0.0,0.0,2.0,8,6,2
1752,4,2,1,13,8,3,0,1,1,1,0,36,2,2,0.0,0.0,0.0,0.0,0.0,2.0,20,3,1
115670,15,2,3,17,2,3,0,1,1,1,2,28,2,2,0.0,0.0,0.0,0.0,0.0,3.0,15,5,8
173963,15,2,3,0,6,3,0,1,0,1,2,18,2,3,1.0,0.0,0.0,1.0,0.0,2.0,13,6,12
65095,16,7,3,10,2,3,6,1,0,1,2,30,2,3,1.0,0.0,0.0,1.0,0.0,1.0,15,6,5
66437,16,2,3,10,6,3,0,1,1,1,1,36,2,2,0.0,0.0,0.0,0.0,0.0,2.0,18,1,5
41378,16,7,1,0,11,4,6,1,1,1,2,36,2,2,0.0,0.0,0.0,0.0,0.0,2.0,19,4,3
96200,16,3,1,17,8,3,6,1,1,1,2,13,2,2,0.0,0.0,0.0,0.0,0.0,3.0,19,4,7
85331,16,2,3,8,10,3,0,1,1,1,0,24,2,2,0.0,0.0,0.0,0.0,0.0,2.0,18,4,6
173533,16,2,1,0,6,3,0,1,0,1,2,6,2,2,0.0,0.0,0.0,0.0,0.0,4.0,0,6,12
187391,16,2,3,15,8,3,0,1,1,1,1,36,2,2,0.0,0.0,0.0,0.0,0.0,2.0,11,4,12
141373,15,7,3,17,15,3,6,1,0,1,2,18,2,3,1.0,0.0,0.0,1.0,0.0,2.0,7,5,10
69681,16,2,3,10,8,3,0,5,0,1,2,36,2,4,1.0,0.0,0.0,0.0,1.0,3.0,15,1,5
164860,16,2,1,10,3,3,0,1,1,1,1,21,2,2,0.0,0.0,0.0,0.0,0.0,3.0,14,7,11
64535,16,2,3,17,6,3,0,1,1,1,1,19,2,2,0.0,0.0,0.0,0.0,0.0,2.0,10,6,5
182272,16,2,1,17,3,3,0,1,0,1,2,23,2,2,0.0,0.0,0.0,0.0,0.0,4.0,4,1,12
89911,16,2,3,9,2,3,0,1,0,1,2,18,2,3,1.0,0.0,0.0,1.0,0.0,1.0,18,5,7
161770,15,2,3,0,6,3,0,5,1,1,2,18,2,2,0.0,0.0,0.0,0.0,0.0,3.0,11,7,11
159235,15,2,3,0,8,3,0,1,0,1,2,18,2,2,0.0,0.0,0.0,0.0,0.0,2.0,7,3,11
119899,16,7,3,10,6,3,6,5,1,1,2,19,2,2,0.0,0.0,0.0,0.0,0.0,6.0,6,6,8
17781,4,2,3,11,8,3,0,1,1,1,2,36,2,2,0.0,0.0,0.0,0.0,0.0,2.0,11,3,2
66562,16,2,3,10,8,3,0,1,1,1,1,19,2,2,0.0,0.0,0.0,0.0,0.0,2.0,10,2,5
198,16,2,3,0,2,3,0,1,1,1,2,13,2,2,0.0,0.0,0.0,0.0,0.0,3.0,16,4,1
9370,16,10,1,0,6,3,4,1,0,1,2,37,2,2,0.0,0.0,0.0,0.0,0.0,2.0,22,3,1
159234,15,2,1,0,8,3,0,6,0,1,2,18,2,4,3.0,0.0,0.0,0.0,3.0,0.0,19,3,11
92507,16,2,3,3,3,3,0,1,0,1,2,6,2,3,2.0,0.0,0.0,2.0,0.0,1.0,9,3,7
57072,15,3,3,17,8,3,0,1,1,1,0,22,2,2,0.0,0.0,0.0,0.0,0.0,4.0,12,5,5
142289,16,2,3,17,11,3,0,1,0,1,2,4,3,3,2.0,0.0,0.0,2.0,0.0,3.0,12,2,10
153108,16,2,3,15,8,3,0,1,1,1,2,12,2,2,0.0,0.0,0.0,0.0,0.0,2.0,8,4,10
136786,15,2,1,0,6,3,0,5,0,1,2,5,2,3,1.0,0.0,0.0,1.0,0.0,1.0,17,4,9
99646,16,2,3,17,6,3,0,5,0,1,2,24,2,3,1.0,0.0,0.0,1.0,0.0,1.0,11,1,7
66104,15,7,3,9,8,3,6,1,0,1,0,18,2,4,1.0,0.0,0.0,0.0,1.0,1.0,15,2,5
40457,16,2,1,0,6,3,0,1,0,1,2,18,2,1,1.0,0.0,1.0,0.0,0.0,2.0,0,1,3
159598,4,2,1,15,2,3,0,1,1,1,0,11,2,2,0.0,0.0,0.0,0.0,0.0,2.0,18,3,11
148976,17,2,1,2,3,3,0,5,0,1,2,36,1,2,0.0,0.0,0.0,0.0,0.0,4.0,17,5,10
47524,4,2,3,17,8,3,0,5,1,1,2,36,2,2,0.0,0.0,0.0,0.0,0.0,2.0,15,6,4
16701,16,10,3,9,8,3,4,5,1,1,0,36,2,2,0.0,0.0,0.0,0.0,0.0,2.0,10,6,2
95920,16,2,2,10,6,3,0,1,1,0,2,36,2,2,0.0,0.0,0.0,0.0,0.0,3.0,19,1,7
160599,16,2,3,0,6,3,0,1,0,1,2,17,2,3,1.0,0.0,0.0,1.0,0.0,1.0,13,4,11
150348,15,2,3,17,8,3,0,1,1,1,1,5,2,2,0.0,0.0,0.0,0.0,0.0,2.0,11,1,10
34879,4,2,3,15,10,3,0,1,0,0,0,23,2,2,0.0,0.0,0.0,0.0,0.0,2.0,17,5,3
167572,16,10,3,2,8,4,4,1,1,1,1,39,1,2,0.0,0.0,0.0,0.0,0.0,2.0,10,5,11
166833,16,2,3,10,2,3,0,1,1,1,2,19,2,2,0.0,0.0,0.0,0.0,0.0,2.0,7,1,11
176665,16,7,1,10,8,3,6,1,1,1,0,17,2,2,0.0,0.0,0.0,0.0,0.0,2.0,3,2,12
68417,16,2,3,10,2,3,0,1,1,1,2,19,2,2,0.0,0.0,0.0,0.0,0.0,2.0,15,4,5
17500,16,10,1,15,8,4,6,1,1,1,1,23,2,2,0.0,0.0,0.0,0.0,0.0,2.0,18,5,2
138020,16,2,3,8,6,3,0,1,0,1,2,11,2,1,1.0,0.0,1.0,0.0,0.0,1.0,12,7,10
80655,4,2,3,15,8,3,0,1,0,1,2,22,2,3,3.0,0.0,0.0,3.0,0.0,1.0,16,5,6
9330,15,2,1,0,6,3,0,1,0,1,2,5,2,2,0.0,0.0,0.0,0.0,0.0,2.0,23,1,1
75352,15,2,3,17,6,3,0,5,0,1,2,36,2,1,4.0,0.0,1.0,3.0,0.0,1.0,13,4,6
101569,16,2,3,10,3,3,0,1,0,1,2,12,2,4,1.0,0.0,0.0,0.0,1.0,2.0,18,3,7
140213,16,3,3,15,6,3,0,1,1,1,2,22,2,2,0.0,0.0,0.0,0.0,0.0,2.0,9,3,10
90276,16,7,1,0,6,3,6,5,0,1,2,36,2,3,1.0,0.0,0.0,1.0,0.0,2.0,20,4,7
6392,15,10,1,0,6,3,4,1,0,1,2,13,5,1,3.0,0.0,1.0,0.0,2.0,3.0,17,7,1
155348,4,10,3,9,4,3,4,1,0,1,0,26,2,4,1.0,0.0,0.0,0.0,1.0,1.0,11,5,10
146937,15,2,3,17,8,3,0,1,1,1,2,18,2,2,0.0,0.0,0.0,0.0,0.0,2.0,17,3,10
30744,15,2,1,0,8,3,0,1,0,1,2,5,2,2,0.0,0.0,0.0,0.0,0.0,4.0,3,7,3
67806,4,2,3,0,8,3,0,1,0,1,2,9,4,4,1.0,0.0,0.0,0.0,1.0,1.0,17,1,5
26473,15,3,1,0,2,3,6,5,0,1,1,38,2,2,0.0,0.0,0.0,0.0,0.0,2.0,18,6,2
36715,16,2,1,10,8,3,0,5,0,1,2,17,3,3,2.0,0.0,0.0,2.0,0.0,2.0,4,1,3
155239,15,2,1,0,11,3,0,1,1,1,2,18,2,2,0.0,0.0,0.0,0.0,0.0,2.0,21,4,10
127442,15,2,3,0,6,3,0,1,0,1,2,18,2,4,1.0,0.0,0.0,0.0,1.0,1.0,15,1,9
36987,16,2,3,17,6,3,6,1,0,1,2,6,2,4,2.0,0.0,0.0,0.0,2.0,1.0,16,7,3
14819,16,2,1,10,15,3,0,2,1,1,2,36,2,2,0.0,0.0,0.0,0.0,0.0,2.0,20,6,1
28780,16,2,3,17,3,3,0,1,1,1,2,17,2,2,0.0,0.0,0.0,0.0,0.0,2.0,10,6,3
113789,16,2,3,10,8,3,0,1,1,1,2,36,2,2,0.0,0.0,0.0,0.0,0.0,2.0,18,5,8
89640,4,2,1,0,2,3,0,1,1,1,2,18,2,2,0.0,0.0,0.0,0.0,0.0,2.0,21,1,7
141053,4,2,3,0,2,3,0,1,0,1,2,5,2,2,0.0,0.0,0.0,0.0,0.0,2.0,14,7,10
67571,15,2,3,0,6,3,0,5,1,1,2,18,2,2,0.0,0.0,0.0,0.0,0.0,3.0,8,5,5
149502,4,2,3,17,8,3,5,5,1,0,2,23,2,2,0.0,0.0,0.0,0.0,0.0,2.0,12,5,10
135574,16,2,0,8,8,3,0,1,0,1,2,19,2,3,1.0,0.0,0.0,1.0,0.0,1.0,18,1,9
186206,16,2,1,17,6,3,0,1,1,1,2,22,2,2,0.0,0.0,0.0,0.0,0.0,2.0,20,5,12
173623,16,7,1,0,6,3,6,1,0,1,2,6,2,3,2.0,0.0,0.0,1.0,1.0,0.0,4,1,12
100263,15,2,3,0,8,3,0,1,0,1,2,18,2,2,0.0,0.0,0.0,0.0,0.0,2.0,11,3,7
99660,17,11,5,10,8,3,5,5,1,1,2,36,2,2,0.0,0.0,0.0,0.0,0.0,3.0,15,3,7
12475,16,2,3,10,8,3,1,1,1,1,2,36,3,2,0.0,0.0,0.0,0.0,0.0,5.0,13,7,1
77405,15,2,3,0,2,3,0,1,1,1,2,5,2,2,0.0,0.0,0.0,0.0,0.0,2.0,13,7,6
165730,16,10,3,10,8,3,1,1,1,1,0,39,2,2,0.0,0.0,0.0,0.0,0.0,9.0,7,6,11
173472,4,2,1,8,2,5,0,1,0,1,2,26,2,3,1.0,0.0,0.0,1.0,0.0,1.0,4,6,12
97463,15,2,3,0,8,3,0,1,1,1,1,17,2,2,0.0,0.0,0.0,0.0,0.0,2.0,18,3,7
141577,15,2,3,17,15,3,0,5,0,1,2,18,2,3,1.0,0.0,0.0,1.0,0.0,1.0,15,2,10
93838,15,3,3,0,6,3,6,1,0,1,2,18,2,4,1.0,0.0,0.0,0.0,1.0,1.0,15,4,7
87291,16,11,5,10,8,3,5,5,1,1,1,36,2,2,0.0,0.0,0.0,0.0,0.0,2.0,1,7,6
111747,16,2,3,17,1,3,0,1,1,1,2,6,2,2,0.0,0.0,0.0,0.0,0.0,2.0,12,1,8
30988,16,2,3,10,8,3,0,1,1,1,1,19,2,2,0.0,0.0,0.0,0.0,0.0,2.0,15,3,3
92625,4,2,3,10,8,3,0,5,1,1,2,36,2,2,0.0,0.0,0.0,0.0,0.0,2.0,18,6,7
84556,15,2,1,0,6,3,0,1,0,1,2,36,2,3,3.0,0.0,0.0,3.0,0.0,0.0,0,6,6
75508,16,2,3,15,8,3,0,1,1,1,2,36,2,2,0.0,0.0,0.0,0.0,0.0,3.0,8,4,6
84929,15,2,3,10,8,3,0,1,1,1,0,19,2,2,0.0,0.0,0.0,0.0,0.0,3.0,14,6,6
83046,4,2,3,8,3,3,0,1,0,1,1,36,2,3,1.0,0.0,0.0,1.0,0.0,1.0,11,4,6
107981,4,2,1,17,6,3,0,1,1,1,1,17,2,2,0.0,0.0,0.0,0.0,0.0,2.0,0,7,8
30046,15,2,3,0,6,3,0,1,0,1,2,18,2,3,1.0,0.0,0.0,1.0,0.0,1.0,12,2,3
76785,16,3,4,17,6,3,6,1,1,1,2,24,2,2,0.0,0.0,0.0,0.0,0.0,2.0,20,4,6
118404,16,2,3,17,2,3,0,1,1,1,2,36,4,2,0.0,0.0,0.0,0.0,0.0,6.0,12,3,8
100914,16,2,4,0,9,3,0,1,0,1,1,6,2,4,2.0,0.0,0.0,0.0,2.0,7.0,20,6,7
58554,15,2,3,15,8,3,0,1,1,1,0,18,2,2,0.0,0.0,0.0,0.0,0.0,2.0,9,1,5
138872,16,2,3,8,2,3,5,5,0,1,0,36,2,3,1.0,0.0,0.0,1.0,0.0,1.0,17,4,10
114063,4,2,3,10,2,3,0,1,1,0,0,19,2,2,0.0,0.0,0.0,0.0,0.0,2.0,5,1,8
117655,15,2,3,10,8,3,0,1,1,1,2,36,2,2,0.0,0.0,0.0,0.0,0.0,2.0,15,2,8
112915,15,2,1,0,8,3,0,6,0,1,2,5,2,4,1.0,0.0,0.0,0.0,1.0,1.0,20,5,8
3685,4,10,1,0,2,3,4,1,1,1,2,12,2,2,0.0,0.0,0.0,0.0,0.0,2.0,20,7,1
99031,4,2,3,17,0,3,0,1,1,1,2,21,2,2,0.0,0.0,0.0,0.0,0.0,2.0,16,6,7
170291,16,2,3,15,1,3,0,1,0,1,2,28,2,2,0.0,0.0,0.0,0.0,0.0,5.0,15,4,11
120286,16,2,3,17,6,3,0,1,1,1,2,18,2,2,0.0,0.0,0.0,0.0,0.0,2.0,15,4,8
161150,4,2,3,0,15,3,0,1,1,1,2,36,2,2,0.0,0.0,0.0,0.0,0.0,2.0,12,4,11
32223,16,2,1,0,16,3,0,1,0,1,2,6,2,1,3.0,0.0,2.0,1.0,0.0,0.0,3,4,3
159671,16,2,3,17,8,3,0,1,0,1,2,6,4,4,1.0,0.0,0.0,0.0,1.0,11.0,8,5,11
114544,16,2,1,0,8,3,0,1,1,1,2,6,2,2,0.0,0.0,0.0,0.0,0.0,2.0,23,3,8
102492,16,7,3,10,2,3,6,5,1,1,2,19,2,2,0.0,0.0,0.0,0.0,0.0,2.0,17,2,7
54121,16,2,1,0,6,3,0,1,1,1,2,6,2,2,0.0,0.0,0.0,0.0,0.0,3.0,3,7,4
186271,15,2,1,0,2,3,0,1,1,1,2,5,2,2,0.0,0.0,0.0,0.0,0.0,3.0,0,7,12
88253,16,2,3,0,8,3,0,1,0,1,2,6,2,3,2.0,0.0,0.0,2.0,0.0,0.0,8,2,7
26013,16,10,4,17,2,3,4,1,1,1,2,24,2,2,0.0,0.0,0.0,0.0,0.0,2.0,21,5,2
110545,16,2,3,17,6,3,0,1,1,1,2,24,2,2,0.0,0.0,0.0,0.0,0.0,2.0,12,3,8
12318,15,4,1,0,6,3,6,1,0,1,2,36,2,4,1.0,0.0,0.0,0.0,1.0,1.0,17,5,1
111858,16,7,3,17,3,3,6,1,0,1,2,18,2,3,2.0,0.0,0.0,2.0,0.0,1.0,13,5,8
29744,15,2,3,0,3,3,0,1,0,1,2,18,2,4,1.0,0.0,0.0,0.0,1.0,1.0,16,4,3
55939,15,7,3,0,8,3,6,1,0,1,2,18,3,3,1.0,0.0,0.0,1.0,0.0,2.0,11,1,4
52477,16,2,3,10,6,3,0,1,0,1,1,19,2,4,1.0,0.0,0.0,0.0,1.0,3.0,15,3,4
49892,15,11,5,10,8,3,0,5,1,1,0,36,2,2,0.0,0.0,0.0,0.0,0.0,2.0,17,4,4
51376,16,2,3,17,3,3,0,1,0,1,2,6,2,2,0.0,0.0,0.0,0.0,0.0,2.0,15,3,4
28746,15,2,3,4,10,3,0,1,1,1,2,36,1,2,0.0,0.0,0.0,0.0,0.0,1.0,17,6,3
87159,16,2,1,0,6,3,0,1,0,1,2,6,2,3,1.0,0.0,0.0,1.0,0.0,1.0,0,5,6
82502,16,2,3,10,15,3,0,1,0,1,2,36,2,2,0.0,0.0,0.0,0.0,0.0,2.0,16,3,6
122610,4,2,1,0,8,3,0,1,0,1,2,36,2,3,2.0,0.0,0.0,1.0,1.0,2.0,1,2,9
16728,16,2,1,15,6,3,0,1,1,1,0,4,2,2,0.0,0.0,0.0,0.0,0.0,2.0,3,7,2
10730,4,2,3,15,6,3,0,1,1,1,1,36,2,2,0.0,0.0,0.0,0.0,0.0,2.0,10,4,1
59936,4,2,3,14,19,3,0,1,1,1,2,26,2,2,0.0,0.0,0.0,0.0,0.0,2.0,15,4,5
52463,16,2,1,10,6,3,0,1,1,1,2,19,2,2,0.0,0.0,0.0,0.0,0.0,3.0,0,1,4
104944,17,2,4,0,8,3,0,5,0,1,2,36,4,2,0.0,0.0,0.0,0.0,0.0,11.0,20,4,8
162244,16,10,3,0,6,3,6,1,0,1,2,18,2,2,0.0,0.0,0.0,0.0,0.0,5.0,12,6,11
91172,16,2,0,2,6,3,0,1,0,1,2,36,1,2,0.0,0.0,0.0,0.0,0.0,1.0,3,4,7
130855,15,2,1,2,10,3,0,1,0,1,2,12,1,3,1.0,0.0,0.0,1.0,0.0,2.0,22,5,9
180226,15,2,1,0,8,3,0,1,0,1,2,36,2,4,1.0,0.0,0.0,0.0,1.0,1.0,1,7,12
126459,16,7,3,7,8,3,6,1,1,1,0,31,2,2,0.0,0.0,0.0,0.0,0.0,1.0,16,2,9
23606,4,2,3,17,8,3,0,1,1,1,2,36,2,2,0.0,0.0,0.0,0.0,0.0,2.0,7,3,2
3169,15,2,1,0,6,3,0,1,0,1,2,5,2,3,2.0,0.0,0.0,2.0,0.0,0.0,20,5,1
112802,16,2,3,3,8,3,0,1,0,1,2,18,2,2,0.0,0.0,0.0,0.0,0.0,3.0,13,4,8
108181,15,2,1,17,8,3,0,1,0,1,2,36,2,2,0.0,0.0,0.0,0.0,0.0,2.0,21,5,8
156626,4,2,3,9,8,3,0,1,0,1,2,36,2,4,1.0,0.0,0.0,0.0,1.0,1.0,16,3,11
153935,16,2,3,17,3,4,0,1,1,1,2,18,2,2,0.0,0.0,0.0,0.0,0.0,5.0,17,1,10
53344,16,7,3,15,8,3,6,1,1,1,2,17,2,2,0.0,0.0,0.0,0.0,0.0,2.0,8,3,4
29683,4,2,3,17,2,3,0,1,1,1,2,18,2,2,0.0,0.0,0.0,0.0,0.0,4.0,16,2,3
62120,16,2,3,15,8,3,5,5,1,1,2,24,2,2,0.0,0.0,0.0,0.0,0.0,2.0,13,1,5
2560,16,2,3,0,15,3,0,1,0,1,2,3,2,1,1.0,0.0,1.0,0.0,0.0,1.0,15,2,1
131542,16,2,3,0,6,3,0,1,0,1,2,6,2,4,1.0,0.0,0.0,0.0,1.0,1.0,14,2,9
86104,16,11,3,0,11,3,0,5,1,1,2,3,2,2,0.0,0.0,0.0,0.0,0.0,3.0,13,3,6
1804,16,3,1,8,6,3,5,1,0,1,2,36,2,1,1.0,0.0,1.0,0.0,0.0,1.0,20,4,1
139113,16,2,1,10,6,3,0,1,0,1,2,17,2,4,1.0,0.0,0.0,0.0,1.0,3.0,19,1,10
103100,16,2,3,0,8,3,0,1,1,1,1,36,2,2,0.0,0.0,0.0,0.0,0.0,3.0,10,5,7
1060,16,3,3,9,10,3,4,1,0,1,0,18,2,1,1.0,0.0,1.0,0.0,0.0,1.0,8,4,1
73377,17,2,3,17,2,3,0,1,1,1,1,24,2,2,0.0,0.0,0.0,0.0,0.0,2.0,14,2,6
36525,15,7,3,17,6,3,6,1,1,1,1,24,2,2,0.0,0.0,0.0,0.0,0.0,2.0,17,6,3
128442,15,2,3,0,3,3,0,1,1,1,1,36,2,2,0.0,0.0,0.0,0.0,0.0,3.0,15,7,9
25819,4,2,3,0,2,3,0,1,0,1,2,18,2,2,0.0,0.0,0.0,0.0,0.0,2.0,12,7,2
102537,15,2,3,0,6,3,0,1,0,1,2,26,2,2,0.0,0.0,0.0,0.0,0.0,2.0,15,4,7
5079,15,7,1,0,15,3,6,1,1,1,2,5,2,2,0.0,0.0,0.0,0.0,0.0,2.0,1,7,1
147902,16,2,3,17,15,3,0,1,1,1,1,23,2,2,0.0,0.0,0.0,0.0,0.0,2.0,9,4,10
97699,16,3,3,15,10,3,0,1,1,1,0,22,2,2,0.0,0.0,0.0,0.0,0.0,3.0,13,6,7
17982,16,2,3,15,10,3,0,1,1,1,0,36,2,2,0.0,0.0,0.0,0.0,0.0,2.0,13,6,2
42376,16,2,3,10,8,3,0,1,1,1,1,36,2,2,0.0,0.0,0.0,0.0,0.0,2.0,17,2,4
118959,16,2,1,0,6,3,0,1,0,1,2,6,2,0,5.0,2.0,2.0,1.0,0.0,3.0,2,5,8
116025,16,2,3,10,6,3,5,1,1,1,2,36,2,2,0.0,0.0,0.0,0.0,0.0,3.0,7,4,8
129086,16,2,3,17,6,3,0,1,1,0,0,18,2,2,0.0,0.0,0.0,0.0,0.0,7.0,15,2,9
16548,16,2,3,0,8,3,0,1,1,1,2,36,2,2,0.0,0.0,0.0,0.0,0.0,2.0,15,3,2
87697,16,2,1,0,2,3,0,1,0,1,2,23,2,3,1.0,0.0,0.0,1.0,0.0,1.0,21,6,6
112746,16,2,3,3,8,3,0,1,0,1,2,18,2,2,0.0,0.0,0.0,0.0,0.0,2.0,12,2,8
110430,16,2,3,10,8,3,0,1,1,1,1,36,2,2,0.0,0.0,0.0,0.0,0.0,2.0,15,2,8
103785,16,2,1,10,8,3,0,1,0,1,2,36,2,2,0.0,0.0,0.0,0.0,0.0,2.0,21,1,7
105077,15,2,3,10,8,3,0,1,0,1,1,19,2,4,1.0,0.0,0.0,0.0,1.0,2.0,13,5,8
106469,16,2,3,15,8,3,0,1,1,1,2,23,2,2,0.0,0.0,0.0,0.0,0.0,5.0,14,6,8
11308,16,2,1,0,6,3,6,5,0,1,2,36,2,2,0.0,0.0,0.0,0.0,0.0,3.0,20,1,1
93394,4,2,3,8,8,3,0,1,0,1,0,18,2,3,1.0,0.0,0.0,1.0,0.0,1.0,15,5,7
187196,15,2,4,10,8,3,0,5,1,1,2,36,2,2,0.0,0.0,0.0,0.0,0.0,2.0,18,7,12
68627,16,2,3,0,8,3,0,1,1,1,2,6,2,2,0.0,0.0,0.0,0.0,0.0,2.0,12,5,5
117493,16,11,3,17,8,3,5,1,0,1,2,24,2,4,1.0,0.0,0.0,0.0,1.0,1.0,8,5,8
134030,16,2,3,17,3,3,0,1,0,1,2,18,2,2,0.0,0.0,0.0,0.0,0.0,3.0,6,1,9
101168,16,2,3,17,2,3,0,1,0,1,2,36,2,3,1.0,0.0,0.0,1.0,0.0,4.0,12,4,7
63324,15,2,3,1,6,3,0,1,1,1,1,5,1,2,0.0,0.0,0.0,0.0,0.0,1.0,20,6,5
133393,15,2,3,0,8,3,0,1,0,1,2,36,2,2,0.0,0.0,0.0,0.0,0.0,2.0,17,6,9
3422,16,2,1,10,8,3,0,1,1,1,1,19,2,2,0.0,0.0,0.0,0.0,0.0,2.0,20,1,1
75032,17,2,3,15,2,3,0,5,0,1,2,23,2,3,2.0,0.0,0.0,1.0,1.0,1.0,15,5,6
48306,16,2,3,17,2,3,0,1,0,1,2,23,2,2,0.0,0.0,0.0,0.0,0.0,2.0,11,4,4
74512,16,2,3,0,2,3,0,1,1,1,2,6,3,2,0.0,0.0,0.0,0.0,0.0,6.0,8,4,6
35861,16,2,3,15,8,3,0,1,1,1,1,23,2,2,0.0,0.0,0.0,0.0,0.0,2.0,15,7,3
107917,16,2,3,17,8,3,0,1,1,1,1,36,2,2,0.0,0.0,0.0,0.0,0.0,2.0,14,7,8
21867,16,10,2,10,3,3,4,1,1,1,1,19,2,2,0.0,0.0,0.0,0.0,0.0,2.0,18,2,2
159903,16,2,3,15,2,3,0,1,1,1,2,23,2,2,0.0,0.0,0.0,0.0,0.0,2.0,8,6,11
30896,16,7,1,8,6,3,6,1,0,1,2,36,2,1,1.0,0.0,1.0,0.0,0.0,2.0,0,2,3
41062,16,7,1,0,3,3,6,1,0,1,2,6,2,2,0.0,0.0,0.0,0.0,0.0,3.0,1,6,3
111481,16,2,1,17,2,3,0,1,0,1,2,18,2,2,0.0,0.0,0.0,0.0,0.0,2.0,23,3,8
26813,16,10,3,10,8,4,4,1,1,1,2,39,3,2,0.0,0.0,0.0,0.0,0.0,3.0,7,3,2
86852,4,2,3,17,8,3,0,1,0,1,2,23,3,3,3.0,0.0,0.0,3.0,0.0,1.0,15,7,6
93476,16,2,1,17,8,3,0,1,1,1,2,18,2,2,0.0,0.0,0.0,0.0,0.0,2.0,20,4,7
92691,16,7,3,0,3,3,6,5,0,1,2,26,2,2,0.0,0.0,0.0,0.0,0.0,2.0,16,7,7
27135,16,2,3,10,8,3,0,1,0,1,0,17,2,4,1.0,0.0,0.0,0.0,1.0,1.0,16,2,2
86034,16,3,1,10,3,3,0,1,1,1,2,36,2,2,0.0,0.0,0.0,0.0,0.0,2.0,0,1,6
119759,16,2,3,10,8,3,0,1,1,1,2,19,2,2,0.0,0.0,0.0,0.0,0.0,2.0,18,3,8
62477,16,7,3,0,6,3,6,1,0,1,2,18,2,2,0.0,0.0,0.0,0.0,0.0,2.0,17,7,5
138481,4,7,3,2,3,3,6,1,0,1,2,36,1,2,0.0,0.0,0.0,0.0,0.0,1.0,16,7,10
50449,15,2,3,0,6,3,0,1,0,1,2,5,2,4,1.0,0.0,0.0,0.0,1.0,5.0,14,1,4
87780,16,2,3,10,2,3,0,1,0,1,1,36,2,4,1.0,0.0,0.0,0.0,1.0,1.0,6,6,7
104615,16,2,3,10,8,2,0,1,1,1,1,36,2,2,0.0,0.0,0.0,0.0,0.0,2.0,7,5,8
115212,4,2,3,10,15,3,0,5,1,1,2,19,2,2,0.0,0.0,0.0,0.0,0.0,5.0,13,5,8
123017,16,2,0,11,10,3,0,1,1,1,1,21,2,2,0.0,0.0,0.0,0.0,0.0,3.0,21,7,9
70470,16,2,3,10,15,3,0,1,0,1,2,19,2,3,1.0,0.0,0.0,1.0,0.0,1.0,15,1,5
71325,16,2,1,10,3,3,0,5,1,1,0,36,2,2,0.0,0.0,0.0,0.0,0.0,2.0,13,6,5
29944,16,2,2,0,6,3,0,1,0,1,2,6,2,1,1.0,0.0,1.0,0.0,0.0,1.0,5,7,3
141572,16,2,3,15,6,3,0,1,1,1,1,18,2,2,0.0,0.0,0.0,0.0,0.0,2.0,14,2,10
52201,16,2,3,8,11,3,0,1,1,1,0,36,3,2,0.0,0.0,0.0,0.0,0.0,3.0,17,3,4
160781,16,7,1,9,6,3,6,1,0,1,0,17,2,3,1.0,0.0,0.0,1.0,0.0,1.0,23,7,11
97632,16,2,3,10,8,3,0,1,1,1,2,19,2,2,0.0,0.0,0.0,0.0,0.0,2.0,14,4,7
23899,16,2,1,9,2,3,0,1,0,1,0,36,2,4,1.0,0.0,0.0,0.0,1.0,1.0,20,1,2
27854,17,2,1,17,6,3,0,1,0,1,2,18,2,4,2.0,0.0,0.0,0.0,2.0,4.0,21,6,2
59191,16,2,3,17,8,3,0,1,0,1,2,24,2,2,0.0,0.0,0.0,0.0,0.0,3.0,11,5,5
41598,16,2,3,10,11,3,0,1,1,1,2,19,2,2,0.0,0.0,0.0,0.0,0.0,2.0,8,3,3
73212,6,2,3,15,3,3,0,1,1,0,1,23,2,2,0.0,0.0,0.0,0.0,0.0,2.0,12,6,6
162406,16,2,3,17,3,3,0,1,0,1,2,36,2,4,3.0,0.0,0.0,0.0,3.0,1.0,11,3,11
60361,16,2,3,17,8,3,0,1,1,1,2,36,2,2,0.0,0.0,0.0,0.0,0.0,2.0,7,2,5
321,16,2,3,0,8,3,6,1,1,1,1,18,2,2,0.0,0.0,0.0,0.0,0.0,2.0,5,7,1
34956,16,2,3,17,8,3,0,1,1,1,0,24,2,2,0.0,0.0,0.0,0.0,0.0,3.0,17,6,3
14923,16,2,1,17,2,3,6,1,1,1,2,18,2,2,0.0,0.0,0.0,0.0,0.0,4.0,19,2,1
3554,16,2,3,17,6,3,0,1,1,1,2,24,2,2,0.0,0.0,0.0,0.0,0.0,4.0,16,4,1
30561,4,2,3,17,8,3,0,1,0,1,1,22,2,2,0.0,0.0,0.0,0.0,0.0,2.0,16,3,3
95215,16,7,1,10,3,3,6,1,1,1,2,36,2,2,0.0,0.0,0.0,0.0,0.0,2.0,20,4,7
27582,4,2,4,0,8,3,0,1,1,1,2,18,2,2,0.0,0.0,0.0,0.0,0.0,3.0,17,3,2
44655,15,2,0,0,10,3,0,1,1,1,2,18,2,2,0.0,0.0,0.0,0.0,0.0,2.0,3,2,4