crash_date,               traffic_control_device,weather_condition,lighting_condition,first_crash_type,trafficway_type,alignment,roadway_surface_cond,road_defect,crash_type,intersection_related_i,damage,prim_contributory_cause,num_units,most_severe_injury,injuries_total,injuries_fatal,injuries_incapacitating,injuries_non_incapacitating,injuries_reported_not_evident,injuries_no_indication,crash_hour,crash_day_of_week,crash_month
128271,16,2,3,8,6,3,0,1,0,1,1,36,2,3,1.0,0.0,0.0,1.0,0.0,1.0,18,7,9
141710,16,2,3,0,2,3,0,1,1,1,1,6,2,2,0.0,0.0,0.0,0.0,0.0,5.0,9,1,10
65615,16,7,3,10,8,3,6,1,1,1,1,26,2,2,0.0,0.0,0.0,0.0,0.0,2.0,10,7,5
162974,16,7,1,17,6,3,6,1,1,1,1,23,2,2,0.0,0.0,0.0,0.0,0.0,2.0,19,4,11
38416,15,2,3,0,6,3,0,1,1,1,2,36,2,2,0.0,0.0,0.0,0.0,0.0,2.0,9,6,3
177383,15,2,0,15,8,3,0,1,1,1,2,23,2,2,0.0,0.0,0.0,0.0,0.0,2.0,20,5,12
19062,16,2,3,11,8,3,6,5,1,1,2,21,2,2,0.0,0.0,0.0,0.0,0.0,2.0,8,4,2
175148,16,2,0,2,8,3,6,1,1,1,1,36,1,2,0.0,0.0,0.0,0.0,0.0,4.0,18,1,12
47315,16,2,3,10,8,3,0,5,0,1,2,36,2,4,1.0,0.0,0.0,0.0,1.0,1.0,14,2,4
53280,4,2,3,17,2,3,0,1,0,1,2,26,2,2,0.0,0.0,0.0,0.0,0.0,2.0,9,2,4
43333,15,2,3,0,6,3,0,1,0,1,2,23,2,2,0.0,0.0,0.0,0.0,0.0,2.0,15,6,4
134381,16,2,3,10,6,3,0,1,1,1,1,17,2,2,0.0,0.0,0.0,0.0,0.0,2.0,15,6,9
132371,16,2,3,10,2,3,0,1,1,1,2,26,2,2,0.0,0.0,0.0,0.0,0.0,2.0,17,7,9
108983,16,2,3,8,10,3,0,1,1,1,0,18,2,2,0.0,0.0,0.0,0.0,0.0,3.0,7,2,8
72978,15,2,3,10,8,3,0,1,1,1,2,19,2,2,0.0,0.0,0.0,0.0,0.0,4.0,19,2,6
26889,16,2,1,15,2,3,0,1,1,1,1,36,2,2,0.0,0.0,0.0,0.0,0.0,2.0,19,4,2
96344,16,2,3,8,6,3,0,1,1,1,1,36,2,2,0.0,0.0,0.0,0.0,0.0,2.0,16,7,7
155961,16,2,3,10,2,3,0,1,1,1,2,19,2,2,0.0,0.0,0.0,0.0,0.0,3.0,14,1,11
136374,4,2,3,17,1,3,0,1,0,0,2,36,2,2,0.0,0.0,0.0,0.0,0.0,2.0,17,5,9
147954,15,2,3,0,8,3,0,1,0,1,2,12,2,4,1.0,0.0,0.0,0.0,1.0,1.0,17,6,10
16383,15,2,3,0,8,3,0,1,0,1,2,36,4,4,1.0,0.0,0.0,0.0,1.0,3.0,10,7,2
55236,16,6,1,2,6,3,6,1,1,1,2,37,1,2,0.0,0.0,0.0,0.0,0.0,1.0,0,4,4
110825,4,2,3,0,8,3,0,1,1,1,2,36,2,2,0.0,0.0,0.0,0.0,0.0,2.0,17,3,8
45123,15,2,3,0,8,3,0,1,1,1,0,36,2,2,0.0,0.0,0.0,0.0,0.0,2.0,15,4,4
116054,16,2,3,17,6,3,0,1,0,1,1,36,2,4,1.0,0.0,0.0,0.0,1.0,2.0,12,4,8
146474,4,2,4,7,2,3,0,1,1,1,0,36,2,2,0.0,0.0,0.0,0.0,0.0,1.0,18,3,10
36901,16,2,3,15,15,3,0,1,1,1,2,12,2,2,0.0,0.0,0.0,0.0,0.0,2.0,15,6,3
118846,4,2,3,10,8,3,0,1,1,1,1,36,2,2,0.0,0.0,0.0,0.0,0.0,2.0,14,3,8
43551,16,7,1,0,6,3,6,1,0,1,2,18,2,2,0.0,0.0,0.0,0.0,0.0,2.0,4,4,4
180768,15,2,1,0,11,3,0,1,0,1,2,18,2,4,1.0,0.0,0.0,0.0,1.0,5.0,17,7,12
80977,16,2,3,0,8,3,0,1,1,1,2,36,2,2,0.0,0.0,0.0,0.0,0.0,3.0,15,2,6
45691,4,2,3,17,2,3,0,1,1,0,0,24,2,2,0.0,0.0,0.0,0.0,0.0,2.0,13,7,4
114471,16,3,3,10,6,3,0,1,1,1,1,12,2,2,0.0,0.0,0.0,0.0,0.0,2.0,10,1,8
4343,16,2,1,17,8,3,0,1,0,1,2,6,2,3,2.0,0.0,0.0,2.0,0.0,2.0,20,5,1
40233,15,2,3,17,8,3,0,1,1,1,2,18,2,2,0.0,0.0,0.0,0.0,0.0,3.0,14,4,3
3327,16,2,3,0,8,3,6,1,0,1,0,6,2,3,1.0,0.0,0.0,1.0,0.0,1.0,11,1,1
18033,16,2,3,17,6,3,6,1,1,1,2,18,2,2,0.0,0.0,0.0,0.0,0.0,2.0,10,6,2
117851,4,2,3,10,6,3,0,5,0,1,2,19,3,2,0.0,0.0,0.0,0.0,0.0,3.0,15,3,8
64321,16,2,3,17,6,3,0,1,1,1,2,24,2,2,0.0,0.0,0.0,0.0,0.0,4.0,16,2,5
25369,16,7,1,10,2,3,6,1,1,1,2,17,2,2,0.0,0.0,0.0,0.0,0.0,3.0,19,7,2
76868,16,2,3,15,8,3,0,1,1,1,0,19,2,2,0.0,0.0,0.0,0.0,0.0,2.0,9,5,6
174369,4,2,3,10,10,3,0,1,1,1,2,19,2,2,0.0,0.0,0.0,0.0,0.0,3.0,8,3,12
84632,17,2,3,10,8,2,5,5,1,1,2,36,2,2,0.0,0.0,0.0,0.0,0.0,2.0,15,2,6
24128,16,7,3,15,8,3,6,1,1,1,2,36,2,2,0.0,0.0,0.0,0.0,0.0,2.0,12,4,2
122252,4,2,1,15,8,3,0,1,1,1,1,22,2,2,0.0,0.0,0.0,0.0,0.0,3.0,21,2,9
160281,4,2,3,14,8,3,0,1,1,1,2,21,2,2,0.0,0.0,0.0,0.0,0.0,2.0,12,4,11
173048,4,2,3,10,8,3,0,1,0,1,2,36,2,2,0.0,0.0,0.0,0.0,0.0,3.0,11,5,12
99693,16,2,1,0,6,3,6,1,0,1,2,6,2,3,1.0,0.0,0.0,1.0,0.0,3.0,21,3,7
160440,15,2,3,0,6,3,0,1,0,1,2,36,2,2,0.0,0.0,0.0,0.0,0.0,2.0,15,7,11
187045,16,2,3,0,8,3,5,5,1,1,2,36,2,2,0.0,0.0,0.0,0.0,0.0,2.0,14,5,12
78854,15,2,3,10,2,3,0,1,1,1,2,19,2,2,0.0,0.0,0.0,0.0,0.0,4.0,12,5,6
132855,4,2,3,8,6,3,0,1,1,1,1,18,2,2,0.0,0.0,0.0,0.0,0.0,2.0,11,5,9
127539,16,2,3,10,6,3,0,1,1,0,2,17,2,2,0.0,0.0,0.0,0.0,0.0,2.0,11,2,9
180796,15,2,3,0,8,3,0,1,1,1,2,18,2,2,0.0,0.0,0.0,0.0,0.0,2.0,9,7,12
39948,16,2,3,10,8,3,2,1,0,1,1,36,2,3,1.0,0.0,0.0,1.0,0.0,1.0,7,6,3
35811,16,2,4,17,8,3,0,6,1,1,1,6,2,2,0.0,0.0,0.0,0.0,0.0,2.0,17,5,3
56700,16,2,1,10,8,3,0,1,1,1,2,17,2,2,0.0,0.0,0.0,0.0,0.0,2.0,23,7,5
3183,15,2,3,0,10,3,0,1,1,1,1,18,2,2,0.0,0.0,0.0,0.0,0.0,2.0,11,5,1
64186,16,2,3,9,8,3,0,5,0,1,0,36,2,3,1.0,0.0,0.0,1.0,0.0,1.0,12,5,5
145196,16,2,3,17,10,3,0,1,1,1,2,36,2,2,0.0,0.0,0.0,0.0,0.0,3.0,10,6,10
112868,16,2,3,17,6,3,0,1,1,1,2,36,2,2,0.0,0.0,0.0,0.0,0.0,2.0,12,4,8
160763,4,2,4,15,8,3,0,1,1,0,1,22,2,2,0.0,0.0,0.0,0.0,0.0,2.0,21,7,11
104283,16,2,3,10,8,3,0,5,0,1,2,19,2,4,1.0,0.0,0.0,0.0,1.0,2.0,19,1,8
127559,15,2,3,0,18,3,0,5,1,1,2,36,2,2,0.0,0.0,0.0,0.0,0.0,2.0,15,3,9
137490,16,2,1,17,6,3,0,1,0,1,2,8,2,3,2.0,0.0,0.0,2.0,0.0,0.0,19,7,9
39912,16,3,3,0,6,3,0,1,0,1,2,6,2,3,1.0,0.0,0.0,1.0,0.0,2.0,10,5,3
149486,15,2,3,0,6,3,0,1,1,1,2,18,2,2,0.0,0.0,0.0,0.0,0.0,2.0,8,5,10
144841,15,2,3,17,8,3,0,5,0,0,2,18,2,3,1.0,0.0,0.0,1.0,0.0,2.0,14,3,10
21086,16,2,3,17,2,3,0,1,1,1,2,17,2,2,0.0,0.0,0.0,0.0,0.0,2.0,17,3,2
131292,16,2,3,10,8,3,5,5,1,1,1,36,2,2,0.0,0.0,0.0,0.0,0.0,2.0,18,4,9
105995,4,2,1,17,2,3,0,1,0,1,2,12,2,1,1.0,0.0,1.0,0.0,0.0,1.0,1,6,8
83810,4,7,3,10,2,3,6,1,1,0,2,17,2,2,0.0,0.0,0.0,0.0,0.0,2.0,15,1,6
7316,16,7,3,0,2,3,6,1,0,1,2,13,2,2,0.0,0.0,0.0,0.0,0.0,2.0,11,6,1
92328,4,2,1,15,10,3,0,1,1,0,2,36,2,2,0.0,0.0,0.0,0.0,0.0,2.0,22,1,7
63350,16,2,1,15,6,3,0,1,0,1,1,24,2,2,0.0,0.0,0.0,0.0,0.0,4.0,1,7,5
16879,16,10,3,17,8,3,4,1,1,1,1,19,2,2,0.0,0.0,0.0,0.0,0.0,2.0,15,2,2
3016,16,7,5,10,8,3,6,5,1,1,2,19,2,2,0.0,0.0,0.0,0.0,0.0,2.0,14,2,1
117949,16,2,3,0,8,3,0,1,1,1,2,36,2,2,0.0,0.0,0.0,0.0,0.0,2.0,10,5,8
80856,4,2,1,0,8,3,0,1,0,1,2,11,2,2,0.0,0.0,0.0,0.0,0.0,2.0,1,2,6
19023,16,2,3,0,2,3,0,5,1,1,2,36,2,2,0.0,0.0,0.0,0.0,0.0,3.0,15,4,2
4,16,2,1,17,8,3,0,1,1,1,2,24,2,2,0.0,0.0,0.0,0.0,0.0,6.0,18,6,1
132959,16,7,1,10,2,3,5,5,1,1,2,19,2,2,0.0,0.0,0.0,0.0,0.0,2.0,18,1,9
77954,16,2,3,10,2,3,0,1,1,1,2,19,2,2,0.0,0.0,0.0,0.0,0.0,2.0,11,7,6
128865,15,2,1,10,6,3,0,1,1,1,1,17,2,2,0.0,0.0,0.0,0.0,0.0,2.0,19,1,9
179422,16,2,3,10,8,3,0,5,1,1,2,19,2,2,0.0,0.0,0.0,0.0,0.0,2.0,9,6,12
96583,16,2,1,10,2,3,0,1,1,1,0,36,2,2,0.0,0.0,0.0,0.0,0.0,2.0,22,2,7
180983,16,2,3,2,6,3,0,1,0,1,2,28,1,2,0.0,0.0,0.0,0.0,0.0,1.0,7,4,12
32651,4,2,0,15,8,3,0,5,0,1,2,18,2,1,1.0,0.0,1.0,0.0,0.0,1.0,20,3,3
63175,15,2,3,10,8,3,0,1,1,1,1,36,2,2,0.0,0.0,0.0,0.0,0.0,4.0,17,3,5
125665,4,2,3,3,8,4,0,1,0,1,2,36,2,2,0.0,0.0,0.0,0.0,0.0,2.0,10,3,9
148926,4,2,3,15,15,3,0,1,1,1,1,22,2,2,0.0,0.0,0.0,0.0,0.0,2.0,8,4,10
78690,4,2,3,0,6,3,0,5,0,1,2,18,2,2,0.0,0.0,0.0,0.0,0.0,2.0,17,5,6
162898,16,2,3,17,6,3,0,1,1,1,2,18,2,2,0.0,0.0,0.0,0.0,0.0,2.0,7,2,11
65134,15,2,3,0,11,3,0,1,1,1,2,36,2,2,0.0,0.0,0.0,0.0,0.0,2.0,13,7,5
82331,16,2,1,0,2,3,0,1,0,1,2,18,2,2,0.0,0.0,0.0,0.0,0.0,2.0,1,1,6
54348,16,2,1,17,6,3,0,1,1,1,1,18,2,2,0.0,0.0,0.0,0.0,0.0,3.0,19,4,4
76518,17,11,5,5,8,3,5,2,1,1,0,36,1,2,0.0,0.0,0.0,0.0,0.0,1.0,22,1,6
63836,16,2,3,15,8,3,0,1,1,1,1,36,2,2,0.0,0.0,0.0,0.0,0.0,2.0,13,1,5
96762,16,2,3,0,8,3,0,1,0,1,2,18,2,3,4.0,0.0,0.0,4.0,0.0,1.0,12,5,7
53101,15,2,3,13,6,3,0,1,0,1,2,26,2,4,2.0,0.0,0.0,0.0,2.0,0.0,17,5,4
122936,15,2,3,17,2,3,0,1,1,1,2,23,2,2,0.0,0.0,0.0,0.0,0.0,5.0,7,5,9
141977,4,2,3,0,8,3,0,1,1,0,2,36,2,2,0.0,0.0,0.0,0.0,0.0,4.0,9,6,10
139655,4,2,3,17,8,3,0,1,0,1,2,24,2,3,1.0,0.0,0.0,1.0,0.0,1.0,15,3,10
145738,16,2,1,17,6,3,0,5,0,1,2,18,3,3,1.0,0.0,0.0,1.0,0.0,2.0,19,2,10
163818,15,2,3,2,15,3,0,1,0,0,2,26,1,2,0.0,0.0,0.0,0.0,0.0,1.0,9,6,11
179856,16,11,5,7,1,3,5,1,1,0,1,36,2,2,0.0,0.0,0.0,0.0,0.0,2.0,14,4,12
50048,16,2,3,17,6,3,0,1,1,1,2,18,2,2,0.0,0.0,0.0,0.0,0.0,4.0,11,7,4
46142,16,2,3,15,10,3,0,1,1,1,2,23,2,2,0.0,0.0,0.0,0.0,0.0,2.0,11,7,4
142270,4,2,3,0,8,3,0,1,0,1,2,18,2,2,0.0,0.0,0.0,0.0,0.0,2.0,10,2,10
105149,16,2,3,17,8,3,0,1,1,1,1,36,2,2,0.0,0.0,0.0,0.0,0.0,2.0,16,6,8
56243,16,2,3,0,8,3,0,1,0,1,2,6,2,4,1.0,0.0,0.0,0.0,1.0,2.0,13,7,5
57541,16,2,3,17,8,3,0,1,1,1,2,24,2,2,0.0,0.0,0.0,0.0,0.0,2.0,7,6,5
187739,16,3,3,7,8,3,6,1,0,1,2,12,2,2,0.0,0.0,0.0,0.0,0.0,1.0,10,1,12
184791,16,2,3,0,11,3,0,1,1,1,0,18,2,2,0.0,0.0,0.0,0.0,0.0,3.0,14,1,12
9944,16,2,3,17,6,3,0,1,0,1,2,36,2,2,0.0,0.0,0.0,0.0,0.0,2.0,10,6,1
160168,15,2,1,0,8,3,0,1,0,1,2,36,2,1,1.0,0.0,1.0,0.0,0.0,2.0,23,4,11
54864,16,2,3,10,8,3,0,1,1,1,1,19,2,2,0.0,0.0,0.0,0.0,0.0,2.0,18,5,4
50107,16,7,2,2,8,3,6,1,1,1,1,36,1,2,0.0,0.0,0.0,0.0,0.0,1.0,5,2,4
47707,16,2,3,17,2,3,0,1,1,1,0,18,2,2,0.0,0.0,0.0,0.0,0.0,3.0,15,7,4
149358,16,3,3,17,6,3,6,1,0,1,2,17,2,2,0.0,0.0,0.0,0.0,0.0,2.0,10,2,10
59212,15,2,3,0,6,3,0,1,1,1,2,18,2,2,0.0,0.0,0.0,0.0,0.0,3.0,15,6,5
165396,4,2,1,17,8,3,6,1,0,1,1,18,2,4,2.0,0.0,0.0,0.0,2.0,1.0,20,7,11
63581,16,2,3,17,6,3,0,1,0,1,2,18,2,3,2.0,0.0,0.0,2.0,0.0,1.0,11,4,5
108322,16,2,1,8,8,3,6,1,0,1,1,6,2,3,1.0,0.0,0.0,1.0,0.0,1.0,20,5,8
54369,4,2,3,0,6,3,0,1,0,1,2,18,2,4,1.0,0.0,0.0,0.0,1.0,1.0,10,4,4
37176,16,2,3,15,8,3,6,1,1,1,2,22,2,2,0.0,0.0,0.0,0.0,0.0,2.0,9,2,3
157721,16,2,3,3,6,3,0,1,0,1,2,36,2,2,0.0,0.0,0.0,0.0,0.0,2.0,13,5,11
12029,4,9,1,0,10,3,4,1,1,1,1,18,2,2,0.0,0.0,0.0,0.0,0.0,2.0,18,6,1
131702,16,2,3,17,6,3,0,1,0,1,2,18,2,2,0.0,0.0,0.0,0.0,0.0,2.0,7,4,9
74235,16,2,2,17,6,3,0,1,1,1,2,18,2,2,0.0,0.0,0.0,0.0,0.0,2.0,5,1,6
186081,4,2,1,10,3,3,6,1,0,1,2,17,3,3,3.0,0.0,0.0,3.0,0.0,2.0,17,3,12
159009,16,2,2,17,6,3,0,1,1,1,1,36,2,2,0.0,0.0,0.0,0.0,0.0,2.0,6,1,11
141388,16,2,3,11,15,3,6,1,1,1,2,12,2,2,0.0,0.0,0.0,0.0,0.0,2.0,9,5,10
97238,4,2,3,10,8,3,0,1,1,1,2,36,4,2,0.0,0.0,0.0,0.0,0.0,4.0,16,6,7
16294,16,2,3,0,8,3,0,1,0,1,2,36,2,4,1.0,0.0,0.0,0.0,1.0,3.0,16,6,2
80989,16,2,1,10,8,3,0,1,1,1,2,19,2,2,0.0,0.0,0.0,0.0,0.0,2.0,5,2,6
104040,4,2,3,17,8,3,0,1,0,0,2,36,2,2,0.0,0.0,0.0,0.0,0.0,4.0,8,4,8
73590,4,2,3,17,15,3,0,1,1,1,1,24,2,2,0.0,0.0,0.0,0.0,0.0,2.0,16,6,6
36750,16,2,3,17,10,3,0,1,1,1,2,22,2,2,0.0,0.0,0.0,0.0,0.0,3.0,6,2,3
32681,4,2,3,2,10,3,0,1,1,1,2,12,1,2,0.0,0.0,0.0,0.0,0.0,1.0,15,4,3
114154,16,7,3,0,6,3,6,1,0,1,2,6,2,1,1.0,0.0,1.0,0.0,0.0,2.0,13,3,8
16978,15,7,1,9,2,3,6,1,0,1,2,18,2,3,1.0,0.0,0.0,1.0,0.0,1.0,20,3,2
110460,15,2,5,10,8,3,5,5,1,1,2,19,2,2,0.0,0.0,0.0,0.0,0.0,2.0,20,2,8
151706,15,2,3,10,8,3,0,1,1,1,1,36,2,2,0.0,0.0,0.0,0.0,0.0,3.0,16,6,10
13241,17,10,1,0,3,3,4,1,0,1,2,36,2,3,1.0,0.0,0.0,1.0,0.0,2.0,20,6,1
1149,16,2,3,10,8,3,0,1,1,1,2,23,2,2,0.0,0.0,0.0,0.0,0.0,4.0,11,5,1
61229,16,7,1,15,8,3,6,1,1,1,2,36,2,2,0.0,0.0,0.0,0.0,0.0,2.0,23,7,5
98749,15,2,3,0,8,3,0,5,1,1,1,36,2,2,0.0,0.0,0.0,0.0,0.0,8.0,16,7,7
154672,4,7,3,17,12,3,6,1,0,1,2,36,2,2,0.0,0.0,0.0,0.0,0.0,2.0,10,4,10
59023,16,2,3,10,8,3,0,1,1,1,1,26,2,2,0.0,0.0,0.0,0.0,0.0,4.0,9,1,5
42099,16,7,3,10,8,3,6,1,1,1,2,12,2,2,0.0,0.0,0.0,0.0,0.0,3.0,9,5,3
171717,16,2,3,10,8,3,0,1,1,1,0,19,2,2,0.0,0.0,0.0,0.0,0.0,2.0,7,6,11
161371,16,2,3,15,8,3,5,5,1,1,0,23,2,2,0.0,0.0,0.0,0.0,0.0,2.0,12,6,11
133888,4,2,3,17,11,3,0,1,1,1,2,23,2,2,0.0,0.0,0.0,0.0,0.0,2.0,18,6,9
45860,4,2,3,0,2,3,0,1,1,1,2,36,2,2,0.0,0.0,0.0,0.0,0.0,2.0,16,2,4
96286,16,2,3,17,6,3,0,1,1,1,2,36,2,2,0.0,0.0,0.0,0.0,0.0,2.0,8,6,7
82165,4,2,3,7,8,3,0,1,0,1,2,3,2,2,0.0,0.0,0.0,0.0,0.0,1.0,14,5,6
125794,16,2,1,17,2,3,0,1,1,1,2,17,2,2,0.0,0.0,0.0,0.0,0.0,2.0,21,6,9
137318,16,2,3,17,2,3,0,1,0,1,2,18,2,2,0.0,0.0,0.0,0.0,0.0,2.0,17,5,9
66582,16,2,3,15,8,3,0,1,1,1,2,18,2,2,0.0,0.0,0.0,0.0,0.0,2.0,16,3,5
136754,16,2,3,15,8,3,0,1,1,1,2,18,2,2,0.0,0.0,0.0,0.0,0.0,2.0,10,3,9
179108,15,2,1,0,6,3,0,1,1,1,1,5,2,2,0.0,0.0,0.0,0.0,0.0,2.0,19,6,12
51604,4,2,3,15,8,3,0,5,1,0,2,17,2,2,0.0,0.0,0.0,0.0,0.0,2.0,17,1,4
73596,16,2,3,10,2,3,0,1,1,1,1,19,2,2,0.0,0.0,0.0,0.0,0.0,3.0,16,6,6
175511,4,2,1,17,3,3,0,1,0,1,2,18,2,2,0.0,0.0,0.0,0.0,0.0,2.0,22,5,12
150466,16,2,4,17,8,3,0,1,1,1,2,22,2,2,0.0,0.0,0.0,0.0,0.0,4.0,18,3,10
101757,16,11,3,10,6,3,5,5,1,1,2,36,2,2,0.0,0.0,0.0,0.0,0.0,2.0,14,7,7
81338,17,2,0,0,6,3,0,1,0,1,2,17,2,3,2.0,0.0,0.0,1.0,1.0,0.0,2,1,6
181256,16,7,3,17,8,3,6,1,1,1,1,36,2,2,0.0,0.0,0.0,0.0,0.0,2.0,7,2,12
164961,16,7,0,0,10,3,6,1,0,1,2,6,2,4,1.0,0.0,0.0,0.0,1.0,1.0,20,1,11
165469,4,2,1,17,3,3,0,1,1,1,1,36,2,2,0.0,0.0,0.0,0.0,0.0,2.0,18,1,11
29861,16,2,3,15,6,3,0,1,0,1,2,36,2,2,0.0,0.0,0.0,0.0,0.0,5.0,11,5,3
23800,4,2,3,17,1,4,6,1,1,1,2,18,2,2,0.0,0.0,0.0,0.0,0.0,3.0,12,6,2
29955,15,2,3,0,6,3,0,1,0,1,2,18,2,3,1.0,0.0,0.0,1.0,0.0,1.0,7,7,3
23622,4,2,3,17,10,3,2,1,1,1,2,36,2,2,0.0,0.0,0.0,0.0,0.0,3.0,8,3,2
110609,15,2,1,0,6,3,0,1,0,1,2,36,2,3,1.0,0.0,0.0,1.0,0.0,2.0,0,5,8
12149,16,2,3,17,15,3,0,5,0,1,2,18,2,2,0.0,0.0,0.0,0.0,0.0,4.0,15,2,1
22803,4,10,3,10,15,3,4,1,1,0,2,19,2,2,0.0,0.0,0.0,0.0,0.0,2.0,15,5,2
120893,16,2,1,10,15,3,5,5,1,1,2,19,2,2,0.0,0.0,0.0,0.0,0.0,4.0,20,5,9
155314,16,10,3,15,11,3,4,1,1,1,2,22,2,2,0.0,0.0,0.0,0.0,0.0,4.0,7,5,10
40158,15,2,3,17,2,3,6,1,1,1,2,18,2,2,0.0,0.0,0.0,0.0,0.0,3.0,15,2,3
138978,15,2,3,0,18,3,6,1,0,1,2,36,2,3,1.0,0.0,0.0,1.0,0.0,1.0,8,5,10
133391,4,11,5,15,8,3,5,5,1,1,2,36,2,2,0.0,0.0,0.0,0.0,0.0,2.0,17,6,9
102764,15,2,3,0,6,3,0,1,1,1,2,18,2,2,0.0,0.0,0.0,0.0,0.0,2.0,15,7,7
164685,16,3,3,17,2,3,0,1,1,1,2,23,2,2,0.0,0.0,0.0,0.0,0.0,2.0,6,7,11
186441,16,5,3,17,8,3,6,1,0,1,2,6,2,3,1.0,0.0,0.0,1.0,0.0,2.0,10,5,12
152713,16,2,1,10,8,3,0,1,1,1,2,17,2,2,0.0,0.0,0.0,0.0,0.0,2.0,3,7,10
27657,15,7,1,0,8,3,6,5,1,1,2,36,2,2,0.0,0.0,0.0,0.0,0.0,3.0,18,3,2
166009,4,2,3,17,0,3,0,1,1,1,2,24,2,2,0.0,0.0,0.0,0.0,0.0,2.0,13,2,11
142708,15,2,3,0,8,3,0,1,0,1,2,5,2,4,1.0,0.0,0.0,0.0,1.0,1.0,9,4,10
174146,16,2,3,10,8,3,0,1,1,1,1,36,2,2,0.0,0.0,0.0,0.0,0.0,3.0,12,1,12
90045,15,2,3,0,6,3,0,1,1,1,2,5,2,2,0.0,0.0,0.0,0.0,0.0,2.0,17,1,7
159547,16,2,1,10,6,3,0,1,1,1,1,36,2,2,0.0,0.0,0.0,0.0,0.0,4.0,21,2,11
26412,16,2,3,0,8,3,0,1,1,1,2,36,2,2,0.0,0.0,0.0,0.0,0.0,2.0,15,5,2
41628,16,7,3,0,15,3,6,5,1,1,2,6,2,2,0.0,0.0,0.0,0.0,0.0,3.0,14,4,3
147737,17,2,3,15,6,3,0,1,1,1,2,23,2,2,0.0,0.0,0.0,0.0,0.0,2.0,17,2,10
106945,15,2,3,0,15,3,0,5,1,1,0,36,2,2,0.0,0.0,0.0,0.0,0.0,2.0,16,6,8
141838,16,2,1,8,18,3,0,1,0,1,0,36,2,3,1.0,0.0,0.0,1.0,0.0,1.0,22,3,10
114279,4,2,1,2,13,0,0,6,0,1,2,12,1,2,0.0,0.0,0.0,0.0,0.0,1.0,1,6,8
165530,15,2,2,0,8,3,0,1,1,1,2,36,2,2,0.0,0.0,0.0,0.0,0.0,2.0,6,2,11
99337,16,2,3,10,8,3,0,1,1,1,1,17,2,2,0.0,0.0,0.0,0.0,0.0,2.0,15,3,7
17533,16,2,1,17,8,3,6,1,1,1,1,18,2,2,0.0,0.0,0.0,0.0,0.0,3.0,23,5,2
158147,16,7,1,17,8,3,6,1,0,1,2,36,3,2,0.0,0.0,0.0,0.0,0.0,4.0,18,2,11
80721,16,2,3,15,8,3,5,5,1,1,1,36,2,2,0.0,0.0,0.0,0.0,0.0,2.0,16,6,6
138569,4,2,1,14,8,3,0,1,1,1,2,36,2,2,0.0,0.0,0.0,0.0,0.0,3.0,20,1,10
10951,16,2,4,9,6,3,6,1,0,1,0,18,2,3,1.0,0.0,0.0,1.0,0.0,1.0,16,2,1
133233,16,2,3,10,6,3,0,1,1,1,2,17,2,2,0.0,0.0,0.0,0.0,0.0,2.0,10,2,9
51204,16,2,1,3,8,3,0,1,0,1,2,28,3,4,1.0,0.0,0.0,0.0,1.0,2.0,0,7,4
144921,4,2,1,17,8,3,0,1,1,0,0,36,2,2,0.0,0.0,0.0,0.0,0.0,2.0,17,4,10
90409,15,2,3,0,8,3,0,1,0,1,2,15,2,3,4.0,0.0,0.0,4.0,0.0,1.0,17,5,7
46553,16,2,3,0,6,3,0,1,0,1,2,18,3,3,1.0,0.0,0.0,1.0,0.0,3.0,8,1,4
135605,16,2,3,17,8,3,0,1,1,1,2,22,2,2,0.0,0.0,0.0,0.0,0.0,2.0,13,2,9
21491,16,2,3,10,8,3,0,1,1,1,0,36,2,2,0.0,0.0,0.0,0.0,0.0,2.0,15,3,2
29034,16,2,3,0,6,3,0,1,0,1,2,6,2,3,2.0,0.0,0.0,1.0,1.0,0.0,13,5,3
55221,16,7,4,0,8,3,6,5,1,1,2,6,2,2,0.0,0.0,0.0,0.0,0.0,2.0,20,4,4
98357,15,2,3,8,6,3,0,1,0,1,0,36,2,3,1.0,0.0,0.0,1.0,0.0,1.0,9,1,7
17217,4,2,3,17,0,3,4,1,0,0,1,24,2,2,0.0,0.0,0.0,0.0,0.0,2.0,10,7,2
105846,15,2,3,9,8,3,0,1,0,1,0,17,2,1,1.0,0.0,1.0,0.0,0.0,1.0,7,3,8
163467,16,2,3,10,8,3,0,1,1,1,1,36,2,2,0.0,0.0,0.0,0.0,0.0,2.0,8,3,11
98395,16,2,3,10,15,3,0,1,1,1,2,36,2,2,0.0,0.0,0.0,0.0,0.0,2.0,16,3,7
130300,16,2,1,0,8,3,0,1,0,1,2,6,2,1,2.0,0.0,1.0,1.0,0.0,3.0,2,6,9
53823,16,2,1,17,2,3,0,1,0,1,1,24,2,2,0.0,0.0,0.0,0.0,0.0,2.0,23,3,4
169716,16,10,3,10,8,3,0,1,1,1,1,19,2,2,0.0,0.0,0.0,0.0,0.0,3.0,8,2,11
105577,4,11,1,17,15,3,5,5,1,1,2,11,2,2,0.0,0.0,0.0,0.0,0.0,3.0,23,7,8
45767,16,11,3,17,6,3,5,5,0,1,2,18,2,2,0.0,0.0,0.0,0.0,0.0,2.0,17,2,4
180617,15,2,0,0,8,3,0,1,0,1,2,18,2,2,0.0,0.0,0.0,0.0,0.0,2.0,0,6,12
8600,15,2,3,0,6,3,5,1,0,1,2,18,3,2,0.0,0.0,0.0,0.0,0.0,2.0,12,6,1