crash_date,               traffic_control_device,weather_condition,lighting_condition,first_crash_type,trafficway_type,alignment,roadway_surface_cond,road_defect,crash_type,intersection_related_i,damage,prim_contributory_cause,num_units,most_severe_injury,injuries_total,injuries_fatal,injuries_incapacitating,injuries_non_incapacitating,injuries_reported_not_evident,injuries_no_indication,crash_hour,crash_day_of_week,crash_month
173106,4,11,3,11,15,3,5,1,1,1,2,21,2,2,0.0,0.0,0.0,0.0,0.0,2.0,13,7,12
59906,16,2,1,17,8,3,5,5,1,1,1,18,2,2,0.0,0.0,0.0,0.0,0.0,3.0,22,2,5
148333,4,2,3,15,8,3,0,1,0,1,2,18,2,2,0.0,0.0,0.0,0.0,0.0,4.0,17,3,10
12702,16,2,3,17,6,3,0,1,0,1,2,6,2,2,0.0,0.0,0.0,0.0,0.0,2.0,9,4,1
159240,16,2,1,15,2,3,0,1,0,1,1,22,2,2,0.0,0.0,0.0,0.0,0.0,2.0,19,3,11
129959,15,7,1,0,6,3,6,5,0,1,2,18,2,2,0.0,0.0,0.0,0.0,0.0,2.0,2,1,9
72560,16,2,3,7,8,3,0,1,1,1,0,12,2,2,0.0,0.0,0.0,0.0,0.0,1.0,17,4,6
109297,16,2,3,17,2,3,0,1,1,1,1,18,2,2,0.0,0.0,0.0,0.0,0.0,6.0,11,6,8
148983,16,2,0,17,1,3,0,1,1,1,2,36,2,2,0.0,0.0,0.0,0.0,0.0,2.0,19,5,10
91365,16,7,3,0,6,3,6,1,0,1,2,36,2,3,1.0,0.0,0.0,1.0,0.0,1.0,17,1,7
56735,16,2,3,0,6,3,0,1,0,1,2,18,2,1,3.0,0.0,1.0,2.0,0.0,1.0,16,1,5
164556,15,7,4,0,6,3,6,1,0,1,2,18,2,2,0.0,0.0,0.0,0.0,0.0,3.0,15,4,11
74449,16,2,3,10,3,3,0,5,1,1,2,36,2,2,0.0,0.0,0.0,0.0,0.0,2.0,17,3,6
62604,16,2,1,17,2,3,0,1,1,1,0,24,2,2,0.0,0.0,0.0,0.0,0.0,5.0,21,7,5
58020,16,2,3,0,8,3,0,1,1,1,1,18,2,2,0.0,0.0,0.0,0.0,0.0,5.0,18,7,5
158893,16,2,3,10,2,3,0,6,1,1,0,12,2,2,0.0,0.0,0.0,0.0,0.0,2.0,9,6,11
58493,16,2,4,0,2,3,0,1,0,1,2,6,2,2,0.0,0.0,0.0,0.0,0.0,2.0,19,7,5
133007,4,2,3,7,8,3,0,1,1,1,1,24,2,2,0.0,0.0,0.0,0.0,0.0,1.0,14,6,9
168385,15,2,3,17,11,3,0,1,1,1,2,12,2,2,0.0,0.0,0.0,0.0,0.0,2.0,15,3,11
60454,16,7,4,17,6,3,6,1,0,1,2,38,2,2,0.0,0.0,0.0,0.0,0.0,4.0,15,5,5
142348,16,2,3,10,3,5,0,1,1,1,0,19,3,2,0.0,0.0,0.0,0.0,0.0,2.0,9,3,10
117670,16,2,3,15,6,3,0,1,1,1,2,23,2,2,0.0,0.0,0.0,0.0,0.0,2.0,17,2,8
60910,16,2,3,17,6,3,0,1,0,1,2,18,2,3,3.0,0.0,0.0,3.0,0.0,1.0,14,4,5
186342,16,2,1,10,2,3,6,1,1,1,2,36,2,2,0.0,0.0,0.0,0.0,0.0,2.0,22,2,12
49815,16,3,3,17,6,3,6,1,0,1,2,18,2,3,1.0,0.0,0.0,1.0,0.0,1.0,9,4,4
37910,15,2,3,0,8,3,0,1,0,1,2,5,2,2,0.0,0.0,0.0,0.0,0.0,2.0,8,3,3
143073,16,2,3,2,6,3,0,1,0,1,2,36,4,3,3.0,0.0,0.0,3.0,0.0,0.0,11,7,10
11835,16,3,3,17,6,3,5,5,1,1,2,12,2,2,0.0,0.0,0.0,0.0,0.0,3.0,15,4,1
118797,15,2,3,17,8,3,0,1,0,1,2,36,2,2,0.0,0.0,0.0,0.0,0.0,2.0,9,4,8
104495,16,3,3,17,15,3,6,5,0,1,2,18,2,2,0.0,0.0,0.0,0.0,0.0,2.0,9,5,8
19387,15,11,5,13,8,3,5,5,1,1,1,18,2,2,0.0,0.0,0.0,0.0,0.0,2.0,18,2,2
186800,16,2,3,10,6,3,0,1,1,1,1,36,2,2,0.0,0.0,0.0,0.0,0.0,2.0,13,3,12
16924,15,2,3,14,8,3,4,1,1,1,2,19,2,2,0.0,0.0,0.0,0.0,0.0,2.0,8,2,2
39063,4,2,3,10,8,4,0,4,0,1,2,17,2,1,1.0,0.0,1.0,0.0,0.0,2.0,12,3,3
156732,16,2,3,15,8,3,0,1,1,0,1,28,2,2,0.0,0.0,0.0,0.0,0.0,3.0,9,4,11
180109,16,2,1,17,8,3,0,1,1,1,1,36,2,2,0.0,0.0,0.0,0.0,0.0,3.0,17,5,12
38538,16,2,3,17,8,3,0,1,0,1,2,18,2,2,0.0,0.0,0.0,0.0,0.0,4.0,10,6,3
139382,16,2,1,8,2,3,0,1,1,1,0,18,2,2,0.0,0.0,0.0,0.0,0.0,2.0,20,4,10
171654,16,2,3,8,2,3,0,1,0,1,0,11,2,3,1.0,0.0,0.0,1.0,0.0,1.0,9,5,11
13374,15,3,3,2,3,3,0,1,1,1,1,36,1,2,0.0,0.0,0.0,0.0,0.0,1.0,14,1,1
20960,15,2,3,0,6,3,0,1,1,1,2,5,2,2,0.0,0.0,0.0,0.0,0.0,2.0,16,2,2
179540,4,2,3,0,8,3,0,1,1,1,2,18,2,2,0.0,0.0,0.0,0.0,0.0,2.0,8,5,12
138369,16,7,3,0,15,3,6,1,0,1,2,36,2,2,0.0,0.0,0.0,0.0,0.0,2.0,10,4,10
45675,16,2,3,17,8,3,0,1,1,1,2,24,2,2,0.0,0.0,0.0,0.0,0.0,2.0,11,6,4
95464,16,2,3,0,11,3,0,5,0,1,2,14,4,3,4.0,0.0,0.0,3.0,1.0,2.0,15,2,7
136635,16,11,1,17,1,3,5,1,0,1,2,6,2,0,1.0,1.0,0.0,0.0,0.0,1.0,21,7,9
2267,15,10,1,13,8,3,6,1,0,1,2,18,2,2,0.0,0.0,0.0,0.0,0.0,2.0,6,5,1
43089,15,2,3,10,2,3,0,1,1,1,2,19,2,2,0.0,0.0,0.0,0.0,0.0,2.0,15,3,4
69402,16,2,3,10,2,3,6,1,0,1,1,36,2,4,1.0,0.0,0.0,0.0,1.0,1.0,15,5,5
160705,4,2,3,9,2,3,0,1,1,1,0,36,2,2,0.0,0.0,0.0,0.0,0.0,2.0,8,5,11
110992,16,2,3,15,11,3,0,1,1,1,2,26,2,2,0.0,0.0,0.0,0.0,0.0,2.0,12,3,8
123901,4,2,3,8,8,3,0,1,0,1,1,23,3,3,1.0,0.0,0.0,1.0,0.0,1.0,14,6,9
153454,16,2,3,0,2,3,0,1,0,1,2,6,2,2,0.0,0.0,0.0,0.0,0.0,6.0,11,7,10
152582,16,2,3,15,6,3,0,5,1,1,2,22,2,2,0.0,0.0,0.0,0.0,0.0,3.0,15,4,10
159013,17,2,1,17,6,3,0,5,1,1,2,36,2,2,0.0,0.0,0.0,0.0,0.0,3.0,20,1,11
99712,15,7,0,0,11,3,6,1,1,1,2,5,2,2,0.0,0.0,0.0,0.0,0.0,2.0,2,1,7
66085,16,2,0,0,2,3,0,1,0,1,2,6,2,3,1.0,0.0,0.0,1.0,0.0,4.0,21,1,5
82845,16,2,3,17,15,3,0,1,1,1,2,18,2,2,0.0,0.0,0.0,0.0,0.0,2.0,19,1,6
159002,16,2,1,15,18,3,0,1,1,1,2,36,2,2,0.0,0.0,0.0,0.0,0.0,2.0,3,1,11
175871,15,2,0,0,8,3,0,1,1,1,1,36,2,2,0.0,0.0,0.0,0.0,0.0,2.0,22,5,12
73011,15,2,3,0,6,3,0,1,0,1,2,36,2,3,1.0,0.0,0.0,1.0,0.0,1.0,14,4,6
117195,16,2,3,0,8,3,0,1,0,1,2,36,2,4,1.0,0.0,0.0,0.0,1.0,2.0,11,1,8
143282,16,2,1,17,6,3,0,1,0,1,2,24,2,2,0.0,0.0,0.0,0.0,0.0,2.0,4,5,10
103478,4,2,3,17,8,3,0,1,1,1,1,18,2,2,0.0,0.0,0.0,0.0,0.0,4.0,15,3,7
27475,16,2,1,0,6,3,0,1,0,1,2,18,2,3,2.0,0.0,0.0,2.0,0.0,1.0,4,1,2
104688,16,2,3,15,6,3,0,5,0,1,1,19,2,2,0.0,0.0,0.0,0.0,0.0,2.0,17,6,8
20678,15,2,3,10,8,3,0,1,1,1,2,36,2,2,0.0,0.0,0.0,0.0,0.0,2.0,16,4,2
136060,16,2,3,17,8,3,0,1,1,1,2,6,2,2,0.0,0.0,0.0,0.0,0.0,3.0,13,7,9
34228,16,2,3,15,8,3,0,1,1,1,2,26,2,2,0.0,0.0,0.0,0.0,0.0,2.0,11,2,3
58296,4,7,1,10,15,3,6,1,0,1,2,36,2,3,1.0,0.0,0.0,1.0,0.0,1.0,20,5,5
127256,16,2,3,8,2,3,0,1,1,1,0,36,2,2,0.0,0.0,0.0,0.0,0.0,2.0,15,5,9
119413,16,2,0,10,8,3,0,5,0,1,2,17,3,3,1.0,0.0,0.0,1.0,0.0,2.0,22,3,8
186159,15,2,1,15,2,3,0,1,1,1,1,18,2,2,0.0,0.0,0.0,0.0,0.0,3.0,23,4,12
39714,16,2,3,0,6,3,2,5,0,1,2,6,2,3,2.0,0.0,0.0,2.0,0.0,1.0,8,2,3
43075,16,7,3,9,6,3,6,1,0,1,0,18,2,4,1.0,0.0,0.0,0.0,1.0,1.0,13,3,4
80274,15,2,3,8,15,3,0,1,0,1,0,18,2,1,1.0,0.0,1.0,0.0,0.0,1.0,15,6,6
7361,16,2,1,10,8,3,0,1,1,1,2,19,2,2,0.0,0.0,0.0,0.0,0.0,2.0,19,7,1
73952,3,2,3,17,2,3,0,1,0,1,2,38,2,2,0.0,0.0,0.0,0.0,0.0,3.0,7,3,6
15666,16,2,3,9,10,3,0,1,0,1,0,18,2,1,1.0,0.0,1.0,0.0,0.0,1.0,12,6,2
34214,16,2,1,10,2,3,0,1,1,1,2,36,2,2,0.0,0.0,0.0,0.0,0.0,2.0,21,2,3
184169,16,2,2,10,10,3,0,1,1,1,0,19,2,2,0.0,0.0,0.0,0.0,0.0,2.0,16,5,12
146824,16,2,3,17,6,3,0,1,1,1,2,22,2,2,0.0,0.0,0.0,0.0,0.0,3.0,16,4,10
74680,15,2,1,0,8,3,0,1,0,1,2,5,2,2,0.0,0.0,0.0,0.0,0.0,4.0,2,1,6
59063,16,2,3,15,8,3,0,1,1,1,1,22,2,2,0.0,0.0,0.0,0.0,0.0,4.0,19,2,5
157491,16,7,3,17,1,3,6,1,1,1,2,22,2,2,0.0,0.0,0.0,0.0,0.0,2.0,11,7,11
21426,16,2,3,17,6,3,4,1,1,1,2,18,2,2,0.0,0.0,0.0,0.0,0.0,2.0,10,1,2
56761,16,2,0,0,6,3,0,1,1,1,2,6,2,2,0.0,0.0,0.0,0.0,0.0,2.0,20,1,5
144542,15,2,2,9,6,3,5,5,0,1,2,36,2,3,1.0,0.0,0.0,1.0,0.0,1.0,18,7,10
76125,16,2,1,17,2,3,0,1,0,1,2,17,2,2,0.0,0.0,0.0,0.0,0.0,2.0,20,7,6
55207,16,7,3,10,2,3,6,1,1,1,2,19,2,2,0.0,0.0,0.0,0.0,0.0,2.0,16,4,4
126241,16,2,3,0,8,3,0,1,1,1,1,36,2,2,0.0,0.0,0.0,0.0,0.0,2.0,13,6,9
136490,4,7,3,17,8,3,6,1,1,1,2,24,2,2,0.0,0.0,0.0,0.0,0.0,2.0,9,3,9
178754,16,2,1,11,8,3,0,5,1,1,0,21,2,2,0.0,0.0,0.0,0.0,0.0,2.0,19,3,12
138730,17,2,1,0,3,3,0,5,0,1,2,36,2,2,0.0,0.0,0.0,0.0,0.0,2.0,0,4,10
52316,15,2,0,0,6,3,0,1,0,1,2,36,2,1,2.0,0.0,1.0,1.0,0.0,2.0,21,6,4
5972,16,2,1,0,17,3,0,1,1,1,2,26,2,2,0.0,0.0,0.0,0.0,0.0,2.0,18,4,1
130777,4,2,3,17,8,3,0,1,1,1,1,36,2,2,0.0,0.0,0.0,0.0,0.0,5.0,8,4,9
175653,17,2,1,0,8,3,0,1,0,1,2,26,2,4,1.0,0.0,0.0,0.0,1.0,2.0,21,7,12
59773,16,7,0,15,8,3,6,1,1,1,0,18,2,2,0.0,0.0,0.0,0.0,0.0,2.0,22,7,5
179120,15,2,1,0,6,3,0,1,0,1,2,18,2,4,3.0,0.0,0.0,0.0,3.0,2.0,21,6,12
49913,16,10,1,17,10,3,4,1,0,1,2,22,2,2,0.0,0.0,0.0,0.0,0.0,2.0,20,4,4
2098,16,2,1,10,2,3,0,1,1,1,2,17,2,2,0.0,0.0,0.0,0.0,0.0,4.0,21,7,1
128933,16,2,3,10,8,3,0,1,1,1,0,19,2,2,0.0,0.0,0.0,0.0,0.0,2.0,13,7,9
43691,16,2,3,10,8,3,1,1,1,1,2,16,2,2,0.0,0.0,0.0,0.0,0.0,2.0,7,4,4
47041,4,7,3,10,8,3,6,5,1,1,1,12,3,2,0.0,0.0,0.0,0.0,0.0,5.0,15,5,4
148699,16,2,3,10,8,3,0,1,1,1,1,36,2,2,0.0,0.0,0.0,0.0,0.0,2.0,9,6,10
134567,16,2,1,0,6,3,0,1,1,1,2,36,2,2,0.0,0.0,0.0,0.0,0.0,3.0,4,1,9
27977,16,2,3,17,6,3,0,1,1,1,2,24,2,2,0.0,0.0,0.0,0.0,0.0,2.0,13,3,2
83871,15,2,3,10,8,3,0,1,1,1,1,36,2,2,0.0,0.0,0.0,0.0,0.0,2.0,13,3,6
122954,16,3,3,0,10,3,0,1,0,1,2,6,2,3,3.0,0.0,0.0,3.0,0.0,0.0,9,5,9
136870,15,2,3,0,10,3,0,1,1,1,2,26,2,2,0.0,0.0,0.0,0.0,0.0,5.0,7,5,9
66121,4,7,3,0,8,3,6,1,1,1,2,11,2,2,0.0,0.0,0.0,0.0,0.0,3.0,17,2,5
142858,16,7,3,0,8,4,6,1,0,1,2,39,2,4,2.0,0.0,0.0,0.0,2.0,0.0,14,4,10
28066,16,2,1,10,8,3,0,1,1,1,2,8,2,2,0.0,0.0,0.0,0.0,0.0,2.0,20,4,2
169116,15,2,3,0,8,3,0,1,1,1,2,18,2,2,0.0,0.0,0.0,0.0,0.0,2.0,7,4,11
146821,16,2,3,15,8,3,0,5,1,1,1,12,2,2,0.0,0.0,0.0,0.0,0.0,2.0,15,4,10
76715,15,2,3,0,8,3,0,1,0,1,2,5,2,4,1.0,0.0,0.0,0.0,1.0,2.0,19,2,6
150394,16,2,4,0,8,3,0,1,1,1,1,6,2,2,0.0,0.0,0.0,0.0,0.0,2.0,18,2,10
51124,16,2,3,0,8,3,0,6,0,1,2,6,2,3,3.0,0.0,0.0,2.0,1.0,1.0,8,5,4
86850,16,2,3,0,6,3,0,1,0,1,2,3,2,2,0.0,0.0,0.0,0.0,0.0,2.0,15,7,6
187060,16,10,1,15,2,3,6,1,1,1,1,22,2,2,0.0,0.0,0.0,0.0,0.0,5.0,18,5,12
32742,15,11,5,9,8,3,5,5,1,1,0,21,2,2,0.0,0.0,0.0,0.0,0.0,2.0,7,5,3
140192,15,2,1,0,2,3,5,5,0,1,2,5,2,3,1.0,0.0,0.0,1.0,0.0,1.0,18,3,10
39490,16,2,3,9,2,3,0,1,0,1,0,6,2,3,1.0,0.0,0.0,1.0,0.0,1.0,12,4,3
161736,16,2,3,10,2,3,0,1,0,1,2,13,3,4,1.0,0.0,0.0,0.0,1.0,3.0,15,7,11
1576,12,2,3,14,10,3,0,1,1,1,0,11,2,2,0.0,0.0,0.0,0.0,0.0,2.0,16,6,1
160499,16,2,3,17,6,3,0,5,1,1,2,35,2,2,0.0,0.0,0.0,0.0,0.0,2.0,15,2,11
118015,16,2,3,17,6,3,0,1,0,1,2,36,2,1,2.0,0.0,1.0,1.0,0.0,1.0,9,6,8
153059,4,7,3,10,8,3,6,1,0,1,2,17,2,2,0.0,0.0,0.0,0.0,0.0,3.0,12,3,10
76024,15,11,3,0,8,3,5,5,1,1,1,26,2,2,0.0,0.0,0.0,0.0,0.0,2.0,16,5,6
69121,16,2,3,7,2,3,0,1,0,1,2,26,2,2,0.0,0.0,0.0,0.0,0.0,1.0,4,1,5
69692,16,2,1,10,8,3,0,5,0,1,1,19,2,4,1.0,0.0,0.0,0.0,1.0,2.0,23,1,5
75051,17,11,3,10,8,3,5,5,0,0,2,36,2,4,2.0,0.0,0.0,0.0,2.0,1.0,18,5,6
79578,15,2,3,7,8,3,0,1,1,1,0,12,2,2,0.0,0.0,0.0,0.0,0.0,1.0,19,2,6
7051,16,3,1,10,8,3,6,1,1,1,2,36,2,2,0.0,0.0,0.0,0.0,0.0,2.0,20,6,1
155704,15,2,3,17,8,3,0,1,1,1,0,24,2,2,0.0,0.0,0.0,0.0,0.0,2.0,9,3,11
174323,16,3,3,17,8,3,6,1,1,1,1,36,2,2,0.0,0.0,0.0,0.0,0.0,2.0,11,2,12
86215,16,2,1,0,6,3,0,1,0,1,2,6,2,4,1.0,0.0,0.0,0.0,1.0,1.0,0,5,6
75693,4,2,0,15,3,3,0,1,0,0,2,17,2,1,3.0,0.0,1.0,2.0,0.0,2.0,1,2,6
36080,15,2,3,0,6,3,0,1,0,1,2,5,2,3,1.0,0.0,0.0,1.0,0.0,1.0,18,5,3
79750,16,2,3,17,6,3,0,5,0,1,2,17,2,3,2.0,0.0,0.0,2.0,0.0,1.0,14,5,6
67307,16,2,1,17,8,3,0,1,1,1,1,36,2,2,0.0,0.0,0.0,0.0,0.0,3.0,20,7,5
121238,15,2,1,0,8,3,0,1,1,1,1,36,2,2,0.0,0.0,0.0,0.0,0.0,5.0,0,1,9
51908,16,7,3,7,2,3,6,1,1,1,2,39,2,2,0.0,0.0,0.0,0.0,0.0,1.0,17,6,4
68426,16,2,3,17,8,3,5,5,1,1,1,23,2,2,0.0,0.0,0.0,0.0,0.0,2.0,16,4,5
129401,16,2,3,17,6,3,0,1,1,1,2,24,2,2,0.0,0.0,0.0,0.0,0.0,3.0,11,7,9
164181,4,2,3,17,2,4,0,1,0,1,2,24,2,2,0.0,0.0,0.0,0.0,0.0,2.0,11,6,11
18648,10,2,1,8,8,3,0,1,0,1,2,18,2,3,1.0,0.0,0.0,1.0,0.0,2.0,17,4,2
153631,16,7,1,0,9,3,6,1,0,1,2,39,2,2,0.0,0.0,0.0,0.0,0.0,2.0,16,5,10
158816,16,7,1,17,15,3,6,1,0,1,2,24,2,2,0.0,0.0,0.0,0.0,0.0,4.0,20,4,11
93468,4,3,3,10,8,3,6,1,1,1,1,19,2,2,0.0,0.0,0.0,0.0,0.0,2.0,6,4,7
128273,16,2,3,9,6,3,5,5,0,1,0,36,2,4,1.0,0.0,0.0,0.0,1.0,1.0,18,7,9
57873,16,2,3,0,8,3,0,1,1,1,2,6,2,2,0.0,0.0,0.0,0.0,0.0,2.0,16,7,5
90903,15,2,3,0,2,3,0,1,1,1,2,18,2,2,0.0,0.0,0.0,0.0,0.0,2.0,15,6,7
116012,4,2,3,17,3,3,0,1,1,1,2,36,2,2,0.0,0.0,0.0,0.0,0.0,2.0,17,4,8
179773,15,2,3,8,6,3,0,1,0,1,0,36,2,1,1.0,0.0,1.0,0.0,0.0,1.0,13,3,12
108131,16,2,0,2,3,3,0,3,1,1,2,26,1,2,0.0,0.0,0.0,0.0,0.0,1.0,23,3,8
54241,16,2,3,17,6,3,0,1,1,1,0,18,2,2,0.0,0.0,0.0,0.0,0.0,2.0,13,3,4
142852,16,7,3,0,3,3,6,5,0,1,2,36,2,3,2.0,0.0,0.0,2.0,0.0,0.0,13,4,10
136294,16,2,3,15,2,3,0,1,1,1,2,36,2,2,0.0,0.0,0.0,0.0,0.0,2.0,14,4,9
87723,16,2,1,15,6,3,0,1,0,1,2,24,2,2,0.0,0.0,0.0,0.0,0.0,2.0,2,1,6
38851,16,2,3,10,6,3,0,1,1,1,1,19,2,2,0.0,0.0,0.0,0.0,0.0,2.0,10,7,3
64385,15,2,3,0,8,3,0,1,0,1,2,18,2,4,1.0,0.0,0.0,0.0,1.0,1.0,5,3,5
38460,16,2,3,17,2,3,0,1,1,1,2,36,2,2,0.0,0.0,0.0,0.0,0.0,2.0,7,5,3
37435,16,2,3,10,8,3,0,1,1,1,2,2,2,2,0.0,0.0,0.0,0.0,0.0,4.0,10,1,3
108095,16,2,3,15,6,3,0,6,1,1,1,23,2,2,0.0,0.0,0.0,0.0,0.0,2.0,15,3,8
146084,15,2,3,0,15,3,0,5,1,1,2,36,2,2,0.0,0.0,0.0,0.0,0.0,2.0,8,6,10
129584,4,2,3,17,8,3,0,1,0,1,2,36,2,4,1.0,0.0,0.0,0.0,1.0,2.0,14,2,9
2578,16,2,4,17,2,3,0,1,1,1,2,18,2,2,0.0,0.0,0.0,0.0,0.0,2.0,19,2,1
73260,16,2,1,10,8,3,0,1,1,1,2,12,2,2,0.0,0.0,0.0,0.0,0.0,3.0,21,7,6
48795,16,2,3,17,6,4,0,1,0,1,2,24,2,2,0.0,0.0,0.0,0.0,0.0,2.0,12,5,4
139462,16,2,3,17,2,3,0,1,1,1,2,36,2,2,0.0,0.0,0.0,0.0,0.0,2.0,11,5,10
127803,16,2,3,10,2,3,0,1,1,1,0,22,3,2,0.0,0.0,0.0,0.0,0.0,4.0,8,5,9
108018,16,2,1,0,6,3,0,1,0,1,2,6,2,3,1.0,0.0,0.0,1.0,0.0,4.0,21,1,8
126474,16,7,3,17,8,3,6,1,0,1,2,6,2,4,1.0,0.0,0.0,0.0,1.0,2.0,7,2,9
171262,16,7,1,10,3,3,6,5,1,1,2,19,2,2,0.0,0.0,0.0,0.0,0.0,2.0,22,5,11
69650,16,2,3,0,6,3,0,5,0,1,2,18,2,3,2.0,0.0,0.0,2.0,0.0,5.0,12,2,5
57378,16,2,1,8,2,3,0,1,0,1,2,36,2,3,1.0,0.0,0.0,1.0,0.0,1.0,21,4,5
73082,16,2,3,17,6,3,0,1,0,1,2,36,2,4,2.0,0.0,0.0,0.0,2.0,1.0,16,5,6
161252,16,2,1,10,10,4,0,1,0,1,2,17,2,4,1.0,0.0,0.0,0.0,1.0,1.0,20,6,11
73695,16,3,3,2,6,3,0,1,0,1,2,37,1,2,0.0,0.0,0.0,0.0,0.0,1.0,9,7,6
46204,15,2,1,0,10,3,0,1,0,1,2,36,2,3,1.0,0.0,0.0,1.0,0.0,3.0,0,1,4
130729,16,2,3,10,8,3,0,1,0,0,2,19,2,2,0.0,0.0,0.0,0.0,0.0,2.0,12,3,9
245,16,5,3,0,6,3,4,1,0,1,2,36,2,4,1.0,0.0,0.0,0.0,1.0,1.0,15,6,1
123265,16,2,1,17,6,3,0,1,0,1,2,36,2,3,1.0,0.0,0.0,1.0,0.0,2.0,20,5,9
103864,4,2,1,17,6,3,0,1,0,1,2,36,4,1,5.0,0.0,2.0,2.0,1.0,1.0,2,4,7
40517,16,2,1,0,6,3,0,1,1,1,2,6,2,2,0.0,0.0,0.0,0.0,0.0,2.0,23,2,3
66045,16,3,3,0,6,3,0,1,0,1,2,30,2,1,1.0,0.0,1.0,0.0,0.0,1.0,9,2,5
67438,4,2,3,17,8,3,0,1,0,1,1,18,2,2,0.0,0.0,0.0,0.0,0.0,3.0,10,2,5
186594,16,7,3,15,8,3,6,1,1,1,2,24,2,2,0.0,0.0,0.0,0.0,0.0,2.0,7,5,12
97920,16,2,3,0,9,3,0,5,0,1,2,36,2,4,2.0,0.0,0.0,0.0,2.0,2.0,17,3,7
65653,16,3,3,0,8,3,0,1,0,1,2,17,2,2,0.0,0.0,0.0,0.0,0.0,3.0,17,1,5
52468,16,2,3,17,8,3,0,1,1,1,2,18,2,2,0.0,0.0,0.0,0.0,0.0,3.0,14,3,4
87618,16,2,3,10,8,3,0,1,0,0,2,36,2,2,0.0,0.0,0.0,0.0,0.0,3.0,18,5,6
144932,16,2,1,17,2,3,0,1,1,1,2,24,2,2,0.0,0.0,0.0,0.0,0.0,3.0,19,4,10
7516,16,2,1,17,6,3,0,1,1,1,2,24,2,2,0.0,0.0,0.0,0.0,0.0,2.0,18,4,1
187591,16,10,1,15,8,3,4,1,0,1,2,23,2,2,0.0,0.0,0.0,0.0,0.0,2.0,21,6,12
153362,15,7,3,10,2,3,6,1,1,1,2,39,2,2,0.0,0.0,0.0,0.0,0.0,2.0,8,4,10
14949,4,2,1,10,8,3,6,1,1,1,0,9,2,2,0.0,0.0,0.0,0.0,0.0,2.0,23,2,1
65709,16,2,3,17,6,3,0,1,1,1,2,24,2,2,0.0,0.0,0.0,0.0,0.0,6.0,17,2,5
86162,15,2,3,0,8,3,0,1,1,1,2,18,2,2,0.0,0.0,0.0,0.0,0.0,2.0,15,5,6
110707,15,3,3,17,8,3,0,1,1,1,1,11,2,2,0.0,0.0,0.0,0.0,0.0,2.0,18,7,8
125058,16,2,3,10,8,3,0,1,1,1,1,19,2,2,0.0,0.0,0.0,0.0,0.0,2.0,9,1,9
73019,15,2,3,10,2,3,0,1,1,1,0,19,2,2,0.0,0.0,0.0,0.0,0.0,2.0,17,4,6
101838,16,2,3,17,8,3,0,1,1,1,2,36,2,2,0.0,0.0,0.0,0.0,0.0,2.0,10,5,7
169083,15,2,1,0,6,3,0,1,0,1,2,18,2,2,0.0,0.0,0.0,0.0,0.0,5.0,19,1,11
143604,16,2,1,15,3,3,0,1,1,1,2,23,2,2,0.0,0.0,0.0,0.0,0.0,2.0,21,6,10
124481,4,2,3,0,8,3,0,1,0,1,2,18,2,4,1.0,0.0,0.0,0.0,1.0,1.0,17,7,9
184101,16,2,4,10,6,3,0,1,1,1,2,36,3,2,0.0,0.0,0.0,0.0,0.0,4.0,18,7,12
21897,16,2,1,0,6,3,0,5,0,1,2,6,2,2,0.0,0.0,0.0,0.0,0.0,4.0,1,3,2
40368,4,2,4,2,7,3,0,5,1,1,2,24,1,2,0.0,0.0,0.0,0.0,0.0,1.0,18,7,3
55823,16,2,1,0,6,3,0,1,1,1,2,6,2,2,0.0,0.0,0.0,0.0,0.0,2.0,3,7,4
156935,16,3,1,17,2,3,0,1,1,1,2,18,2,2,0.0,0.0,0.0,0.0,0.0,3.0,17,6,11
9573,16,2,3,10,2,3,6,1,1,1,1,17,2,2,0.0,0.0,0.0,0.0,0.0,3.0,9,4,1
131221,15,2,3,17,6,3,0,1,1,1,2,18,2,2,0.0,0.0,0.0,0.0,0.0,2.0,11,5,9
117168,16,2,3,0,6,3,0,1,0,1,2,6,3,3,4.0,0.0,0.0,2.0,2.0,2.0,6,1,8
114331,4,2,1,10,2,3,0,1,1,1,2,19,2,2,0.0,0.0,0.0,0.0,0.0,2.0,20,6,8
95111,15,2,1,8,8,3,0,1,0,1,0,12,2,3,1.0,0.0,0.0,1.0,0.0,1.0,3,2,7
81394,16,2,1,15,3,3,0,1,1,1,2,18,2,2,0.0,0.0,0.0,0.0,0.0,10.0,0,1,6
104514,4,2,3,10,8,3,0,1,1,1,1,19,2,2,0.0,0.0,0.0,0.0,0.0,2.0,13,3,8
130247,4,2,3,17,2,3,0,1,0,1,2,18,2,2,0.0,0.0,0.0,0.0,0.0,2.0,17,4,9
68232,15,2,3,0,2,3,0,1,1,1,2,18,2,2,0.0,0.0,0.0,0.0,0.0,4.0,10,6,5
85777,4,2,3,10,8,3,0,1,1,1,2,22,2,2,0.0,0.0,0.0,0.0,0.0,2.0,11,3,6
55838,16,2,3,10,8,3,0,1,0,1,2,19,4,4,2.0,0.0,0.0,0.0,2.0,7.0,18,7,4
61244,16,2,3,17,8,3,0,1,1,1,2,36,2,2,0.0,0.0,0.0,0.0,0.0,2.0,15,2,5
141962,15,3,1,0,6,3,6,5,0,1,2,36,2,2,0.0,0.0,0.0,0.0,0.0,2.0,19,6,10
82064,15,2,3,0,8,3,0,1,0,1,1,18,2,3,1.0,0.0,0.0,1.0,0.0,1.0,14,3,6