crash_date,               traffic_control_device,weather_condition,lighting_condition,first_crash_type,trafficway_type,alignment,roadway_surface_cond,road_defect,crash_type,intersection_related_i,damage,prim_contributory_cause,num_units,most_severe_injury,injuries_total,injuries_fatal,injuries_incapacitating,injuries_non_incapacitating,injuries_reported_not_evident,injuries_no_indication,crash_hour,crash_day_of_week,crash_month
123174,4,11,5,10,10,3,5,5,1,0,1,36,2,2,0.0,0.0,0.0,0.0,0.0,3.0,5,3,9
90452,16,2,3,15,8,3,0,1,1,1,2,36,2,2,0.0,0.0,0.0,0.0,0.0,2.0,15,6,7
53304,16,2,3,17,8,3,0,5,0,1,2,36,2,3,2.0,0.0,0.0,2.0,0.0,1.0,14,3,4
122108,4,2,3,17,10,3,0,1,1,1,2,11,2,2,0.0,0.0,0.0,0.0,0.0,3.0,14,3,9
99259,16,2,1,0,8,3,0,1,1,1,2,18,2,2,0.0,0.0,0.0,0.0,0.0,2.0,0,1,7
172961,16,2,1,10,2,3,0,1,1,1,2,17,2,2,0.0,0.0,0.0,0.0,0.0,2.0,19,4,12
7208,15,3,2,0,6,3,0,1,1,1,1,18,2,2,0.0,0.0,0.0,0.0,0.0,2.0,7,4,1
99265,16,2,1,10,8,3,0,1,0,1,2,12,2,3,1.0,0.0,0.0,1.0,0.0,1.0,0,1,7
89489,16,2,3,10,8,3,0,5,1,1,2,19,2,2,0.0,0.0,0.0,0.0,0.0,3.0,16,5,7
74906,16,2,3,10,8,3,0,5,1,1,2,21,2,2,0.0,0.0,0.0,0.0,0.0,2.0,16,5,6
92394,16,2,3,10,6,3,0,1,1,1,1,8,2,2,0.0,0.0,0.0,0.0,0.0,3.0,9,3,7
101874,4,2,3,0,8,3,0,1,0,1,2,26,2,4,1.0,0.0,0.0,0.0,1.0,1.0,10,6,7
75559,16,2,1,0,8,3,0,1,0,1,2,6,2,2,0.0,0.0,0.0,0.0,0.0,2.0,2,6,6
90746,4,11,5,17,8,3,5,5,0,1,1,36,2,2,0.0,0.0,0.0,0.0,0.0,2.0,22,4,7
1744,15,2,1,17,15,3,0,1,1,1,1,23,2,2,0.0,0.0,0.0,0.0,0.0,2.0,17,3,1
148936,15,2,1,0,9,3,0,1,1,1,2,36,3,2,0.0,0.0,0.0,0.0,0.0,2.0,21,4,10
16442,15,10,1,17,11,3,6,5,1,1,1,39,2,2,0.0,0.0,0.0,0.0,0.0,2.0,18,1,2
87452,15,2,3,0,11,3,0,1,0,1,2,36,3,4,2.0,0.0,0.0,0.0,2.0,2.0,14,3,6
172495,16,2,3,17,6,3,0,1,1,1,1,23,2,2,0.0,0.0,0.0,0.0,0.0,2.0,12,4,12
136010,16,7,3,15,2,3,6,1,1,1,2,22,2,2,0.0,0.0,0.0,0.0,0.0,3.0,17,6,9
110647,15,2,3,17,6,3,0,1,1,1,1,36,2,2,0.0,0.0,0.0,0.0,0.0,2.0,18,6,8
94953,16,7,1,17,6,3,6,1,1,1,2,36,2,2,0.0,0.0,0.0,0.0,0.0,2.0,2,1,7
95109,16,2,3,17,3,3,0,1,1,1,2,24,2,2,0.0,0.0,0.0,0.0,0.0,2.0,15,2,7
61890,16,2,1,13,2,3,0,1,0,1,2,6,2,2,0.0,0.0,0.0,0.0,0.0,3.0,20,5,5
178225,15,2,1,17,8,3,0,1,1,1,2,18,2,2,0.0,0.0,0.0,0.0,0.0,2.0,18,4,12
131554,15,2,3,17,6,3,0,1,0,1,2,18,2,2,0.0,0.0,0.0,0.0,0.0,2.0,15,2,9
114760,16,2,3,15,1,3,0,5,0,1,2,23,2,2,0.0,0.0,0.0,0.0,0.0,2.0,13,6,8
4422,16,3,3,15,2,3,6,1,1,1,1,36,2,2,0.0,0.0,0.0,0.0,0.0,5.0,14,4,1
82557,15,2,3,17,6,3,0,1,0,1,2,36,2,4,2.0,0.0,0.0,0.0,2.0,0.0,14,5,6
165227,16,2,3,15,8,3,0,1,1,0,2,23,2,2,0.0,0.0,0.0,0.0,0.0,2.0,10,6,11
31338,15,2,1,0,6,3,0,1,0,1,2,38,2,2,0.0,0.0,0.0,0.0,0.0,2.0,22,3,3
93855,15,7,3,0,6,3,6,1,1,1,1,36,2,2,0.0,0.0,0.0,0.0,0.0,3.0,7,4,7
75244,16,3,3,15,8,3,0,1,1,1,1,13,2,2,0.0,0.0,0.0,0.0,0.0,2.0,16,2,6
85642,16,3,3,17,6,3,0,1,0,1,2,24,2,2,0.0,0.0,0.0,0.0,0.0,3.0,16,2,6
76538,16,2,3,10,8,3,0,1,1,1,1,19,2,2,0.0,0.0,0.0,0.0,0.0,6.0,15,6,6
165245,16,2,3,17,8,3,0,1,0,1,2,18,2,3,2.0,0.0,0.0,2.0,0.0,1.0,13,1,11
58000,16,2,3,0,8,3,0,1,1,1,2,36,2,2,0.0,0.0,0.0,0.0,0.0,3.0,16,7,5
39906,4,2,3,0,8,3,0,1,1,0,1,18,2,2,0.0,0.0,0.0,0.0,0.0,2.0,9,5,3
125981,16,2,3,3,6,3,0,1,0,1,2,12,2,2,0.0,0.0,0.0,0.0,0.0,5.0,7,3,9
108584,16,2,1,17,6,3,0,1,1,1,1,24,2,2,0.0,0.0,0.0,0.0,0.0,2.0,23,3,8
65677,4,11,1,7,10,3,5,1,1,1,2,36,2,2,0.0,0.0,0.0,0.0,0.0,1.0,0,1,5
42727,15,2,3,0,11,3,0,1,1,1,2,18,2,2,0.0,0.0,0.0,0.0,0.0,2.0,16,7,4
4437,16,2,1,15,3,3,0,1,1,1,2,22,2,2,0.0,0.0,0.0,0.0,0.0,2.0,17,4,1
24269,16,2,3,17,8,3,5,5,0,1,2,36,2,2,0.0,0.0,0.0,0.0,0.0,2.0,14,1,2
106793,16,3,1,0,8,3,5,5,0,1,2,6,2,3,1.0,0.0,0.0,1.0,0.0,3.0,0,2,8
2486,15,2,3,0,8,3,0,1,0,1,2,18,2,3,1.0,0.0,0.0,1.0,0.0,1.0,10,7,1
158221,16,2,1,10,6,3,0,1,1,1,2,8,2,2,0.0,0.0,0.0,0.0,0.0,2.0,17,3,11
119487,16,2,3,10,2,3,0,1,1,1,1,19,2,2,0.0,0.0,0.0,0.0,0.0,2.0,16,5,8
40244,16,2,3,1,2,3,0,1,1,1,0,0,1,2,0.0,0.0,0.0,0.0,0.0,2.0,16,4,3
122573,16,2,1,17,6,3,0,5,1,1,2,17,2,2,0.0,0.0,0.0,0.0,0.0,2.0,3,1,9
188278,16,2,3,15,2,3,0,1,1,1,1,23,2,2,0.0,0.0,0.0,0.0,0.0,2.0,12,2,12
14769,16,2,3,17,8,3,0,1,1,1,1,36,2,2,0.0,0.0,0.0,0.0,0.0,2.0,13,6,1
174635,16,7,0,15,8,3,6,5,1,1,2,36,2,2,0.0,0.0,0.0,0.0,0.0,2.0,17,1,12
170143,15,2,1,8,8,4,0,1,0,1,0,18,2,4,1.0,0.0,0.0,0.0,1.0,1.0,17,2,11
108013,15,7,1,0,2,3,6,1,0,1,2,18,2,2,0.0,0.0,0.0,0.0,0.0,4.0,20,1,8
31592,15,2,2,0,8,3,0,1,0,1,2,12,2,2,0.0,0.0,0.0,0.0,0.0,5.0,15,1,3
14173,4,2,0,0,8,3,0,1,0,1,2,11,2,1,1.0,0.0,1.0,0.0,0.0,3.0,0,2,1
139384,15,6,3,17,10,3,6,1,1,1,2,19,2,2,0.0,0.0,0.0,0.0,0.0,4.0,8,4,10
123003,15,2,3,0,8,3,0,1,0,1,2,18,2,3,2.0,0.0,0.0,2.0,0.0,2.0,17,7,9
60760,15,7,1,0,6,3,6,5,0,1,2,5,6,3,1.0,0.0,0.0,1.0,0.0,1.0,21,1,5
16371,15,2,1,0,8,3,0,1,0,1,2,36,2,2,0.0,0.0,0.0,0.0,0.0,4.0,20,7,2
39368,15,2,3,17,2,3,0,1,0,1,2,18,2,2,0.0,0.0,0.0,0.0,0.0,4.0,15,1,3
117373,16,7,3,17,19,3,6,1,1,1,1,22,2,2,0.0,0.0,0.0,0.0,0.0,3.0,8,2,8
91891,4,2,3,13,18,3,0,5,0,1,2,22,2,3,2.0,0.0,0.0,2.0,0.0,1.0,9,2,7
147565,16,2,3,17,11,3,0,1,1,1,2,18,2,2,0.0,0.0,0.0,0.0,0.0,3.0,8,5,10
187863,15,11,3,10,14,3,5,5,1,1,2,36,2,2,0.0,0.0,0.0,0.0,0.0,3.0,13,5,12
78298,15,2,3,7,6,3,0,1,1,1,2,21,2,2,0.0,0.0,0.0,0.0,0.0,1.0,14,5,6
167242,15,7,3,17,8,3,6,1,0,1,2,24,2,1,6.0,0.0,2.0,1.0,3.0,0.0,10,5,11
149028,16,2,3,10,6,3,0,1,1,1,1,19,2,2,0.0,0.0,0.0,0.0,0.0,2.0,15,6,10
120783,15,2,3,17,15,3,0,5,0,1,2,24,2,2,0.0,0.0,0.0,0.0,0.0,2.0,15,4,9
97527,15,2,3,8,10,3,0,1,0,0,0,36,2,4,1.0,0.0,0.0,0.0,1.0,1.0,17,4,7
93954,16,2,3,10,6,4,0,1,1,1,1,36,2,2,0.0,0.0,0.0,0.0,0.0,2.0,11,6,7
81810,16,2,3,17,2,3,0,1,1,1,2,36,2,2,0.0,0.0,0.0,0.0,0.0,4.0,19,7,6
104962,16,2,1,0,6,3,0,1,0,1,2,6,4,3,3.0,0.0,0.0,3.0,0.0,2.0,22,4,8
161246,15,2,1,15,8,3,0,1,1,1,1,36,2,2,0.0,0.0,0.0,0.0,0.0,2.0,19,6,11
46610,16,2,3,10,3,3,0,1,0,1,2,36,2,2,0.0,0.0,0.0,0.0,0.0,2.0,8,2,4
72167,15,2,3,0,6,3,0,1,0,1,2,18,2,4,1.0,0.0,0.0,0.0,1.0,3.0,17,5,6
76412,16,2,3,17,6,3,0,1,0,1,2,36,2,2,0.0,0.0,0.0,0.0,0.0,3.0,17,6,6
34718,15,3,3,0,6,3,0,1,0,1,2,36,2,4,2.0,0.0,0.0,0.0,2.0,0.0,13,5,3
172199,16,2,3,0,8,3,0,1,1,1,0,36,2,2,0.0,0.0,0.0,0.0,0.0,2.0,17,6,12
53483,16,2,3,0,11,3,6,1,1,1,2,36,2,2,0.0,0.0,0.0,0.0,0.0,2.0,18,4,4
16403,16,2,3,15,2,3,0,2,0,1,2,23,2,1,2.0,0.0,1.0,0.0,1.0,42.0,9,5,2
74134,15,2,3,0,6,3,0,5,1,1,1,36,2,2,0.0,0.0,0.0,0.0,0.0,4.0,13,7,6
157936,16,2,3,10,8,3,0,5,1,1,0,36,2,2,0.0,0.0,0.0,0.0,0.0,2.0,13,2,11
108323,15,7,0,0,8,3,6,5,1,1,1,18,2,2,0.0,0.0,0.0,0.0,0.0,3.0,20,5,8
12718,16,2,3,17,6,3,0,1,1,1,2,18,2,2,0.0,0.0,0.0,0.0,0.0,2.0,11,4,1
152921,4,2,3,15,8,3,0,1,1,1,2,36,2,2,0.0,0.0,0.0,0.0,0.0,5.0,9,7,10
105307,4,2,3,0,6,3,0,1,0,1,2,36,3,2,0.0,0.0,0.0,0.0,0.0,2.0,8,2,8
49394,4,2,3,3,18,3,0,1,0,0,2,18,2,2,0.0,0.0,0.0,0.0,0.0,4.0,8,3,4
105038,17,7,0,0,8,3,6,5,1,1,2,36,2,2,0.0,0.0,0.0,0.0,0.0,3.0,0,6,8
113664,16,2,3,10,2,3,0,5,1,1,1,19,2,2,0.0,0.0,0.0,0.0,0.0,2.0,16,2,8
50161,16,2,3,17,6,3,0,1,1,1,2,23,2,2,0.0,0.0,0.0,0.0,0.0,7.0,15,3,4
32153,16,7,1,15,8,3,6,1,1,1,2,22,2,2,0.0,0.0,0.0,0.0,0.0,2.0,21,2,3
165254,16,3,3,10,8,3,0,1,0,1,2,19,2,2,0.0,0.0,0.0,0.0,0.0,2.0,15,1,11
31980,16,2,0,15,8,3,0,1,1,1,2,22,3,2,0.0,0.0,0.0,0.0,0.0,3.0,20,6,3
67841,15,2,3,0,6,3,0,1,1,1,2,36,2,2,0.0,0.0,0.0,0.0,0.0,2.0,14,2,5
186783,15,7,3,0,3,3,6,1,0,1,2,18,2,2,0.0,0.0,0.0,0.0,0.0,2.0,11,2,12
52747,16,2,1,10,8,4,0,1,1,1,1,17,2,2,0.0,0.0,0.0,0.0,0.0,2.0,19,7,4
55164,17,11,0,10,8,3,5,5,1,1,2,36,2,2,0.0,0.0,0.0,0.0,0.0,2.0,19,2,4
163559,4,3,3,17,6,3,0,1,1,1,2,19,2,2,0.0,0.0,0.0,0.0,0.0,2.0,10,5,11
25887,16,2,3,17,15,3,0,1,0,1,2,24,3,2,0.0,0.0,0.0,0.0,0.0,3.0,16,2,2
182063,17,2,1,0,8,3,5,5,1,1,2,26,3,2,0.0,0.0,0.0,0.0,0.0,2.0,17,4,12
183829,16,2,3,0,6,3,0,1,0,1,2,36,2,2,0.0,0.0,0.0,0.0,0.0,3.0,12,7,12
79547,16,2,3,17,6,3,0,1,0,1,2,36,2,2,0.0,0.0,0.0,0.0,0.0,2.0,15,2,6
6286,15,3,3,13,8,3,6,1,0,1,2,36,2,2,0.0,0.0,0.0,0.0,0.0,2.0,11,5,1
13226,15,10,1,0,2,3,6,1,1,1,2,18,2,2,0.0,0.0,0.0,0.0,0.0,2.0,17,6,1
37529,16,2,4,17,8,3,0,1,0,1,2,36,2,2,0.0,0.0,0.0,0.0,0.0,2.0,18,4,3
151300,15,7,3,17,17,3,6,5,1,1,1,36,2,2,0.0,0.0,0.0,0.0,0.0,5.0,12,1,10
131572,4,2,3,17,2,3,0,1,0,1,2,18,2,2,0.0,0.0,0.0,0.0,0.0,2.0,17,2,9
184687,16,2,3,17,3,3,0,1,1,1,2,19,2,2,0.0,0.0,0.0,0.0,0.0,3.0,12,1,12
97673,16,7,3,17,3,3,6,1,1,1,2,24,2,2,0.0,0.0,0.0,0.0,0.0,2.0,8,5,7
54484,16,2,3,0,7,3,6,1,0,1,2,6,2,2,0.0,0.0,0.0,0.0,0.0,3.0,6,7,4
141661,4,2,3,10,8,3,5,5,0,0,2,36,2,3,1.0,0.0,0.0,1.0,0.0,2.0,16,7,10
7722,16,2,3,9,10,3,0,1,0,1,0,18,2,3,1.0,0.0,0.0,1.0,0.0,1.0,9,4,1
174910,16,6,3,10,2,3,6,1,1,1,1,12,3,2,0.0,0.0,0.0,0.0,0.0,4.0,14,3,12
80536,4,2,3,15,2,3,0,1,1,1,2,18,2,2,0.0,0.0,0.0,0.0,0.0,3.0,16,2,6
183600,15,7,3,17,2,3,6,1,0,1,1,36,2,2,0.0,0.0,0.0,0.0,0.0,2.0,12,2,12
4401,16,2,4,0,2,3,0,1,0,1,2,18,2,2,0.0,0.0,0.0,0.0,0.0,2.0,20,3,1
127236,16,2,1,7,3,3,0,5,1,1,0,22,2,2,0.0,0.0,0.0,0.0,0.0,1.0,0,4,9
110197,16,2,3,0,6,3,0,5,1,1,1,36,2,2,0.0,0.0,0.0,0.0,0.0,2.0,19,6,8
82770,16,2,3,15,6,3,0,1,1,1,0,26,2,2,0.0,0.0,0.0,0.0,0.0,2.0,16,6,6
159183,15,2,3,0,2,3,0,1,0,1,2,18,2,4,3.0,0.0,0.0,0.0,3.0,3.0,14,2,11
37930,16,2,3,10,8,3,0,1,1,1,2,12,2,2,0.0,0.0,0.0,0.0,0.0,3.0,12,3,3
173440,4,2,3,17,8,4,0,1,0,1,2,36,2,3,2.0,0.0,0.0,1.0,1.0,1.0,15,5,12
16639,16,3,3,10,6,3,0,1,1,0,2,19,2,2,0.0,0.0,0.0,0.0,0.0,2.0,8,5,2
7466,16,2,3,10,6,3,1,1,1,1,2,19,2,2,0.0,0.0,0.0,0.0,0.0,2.0,7,2,1
79646,15,2,1,0,2,3,0,1,0,0,2,18,2,4,1.0,0.0,0.0,0.0,1.0,2.0,20,3,6
88913,16,2,1,0,10,3,0,1,0,1,2,6,2,4,1.0,0.0,0.0,0.0,1.0,2.0,23,3,7
131673,15,2,3,7,15,3,5,5,1,1,2,36,2,2,0.0,0.0,0.0,0.0,0.0,1.0,13,4,9
118397,4,7,1,17,8,3,6,1,1,1,2,22,2,2,0.0,0.0,0.0,0.0,0.0,2.0,23,3,8
130375,4,2,3,17,8,3,0,1,0,1,2,18,2,2,0.0,0.0,0.0,0.0,0.0,3.0,15,7,9
125082,15,2,3,10,10,3,0,1,1,1,2,21,2,2,0.0,0.0,0.0,0.0,0.0,2.0,15,2,9
108881,16,2,3,8,6,3,0,1,0,1,0,18,2,3,1.0,0.0,0.0,1.0,0.0,1.0,16,7,8
128544,16,2,3,17,10,3,0,1,1,1,2,36,2,2,0.0,0.0,0.0,0.0,0.0,4.0,9,1,9
2930,16,2,3,0,8,3,0,1,1,1,2,18,2,2,0.0,0.0,0.0,0.0,0.0,3.0,11,2,1
75420,15,2,3,0,2,3,0,1,1,1,2,18,2,2,0.0,0.0,0.0,0.0,0.0,2.0,13,6,6
1117,15,2,3,17,2,3,0,1,0,1,2,18,2,2,0.0,0.0,0.0,0.0,0.0,2.0,7,5,1
60025,15,2,3,0,8,3,0,1,1,1,1,5,2,2,0.0,0.0,0.0,0.0,0.0,7.0,13,3,5
31831,17,11,5,10,8,3,5,5,1,0,0,36,2,2,0.0,0.0,0.0,0.0,0.0,2.0,17,6,3
61257,16,2,2,10,6,3,0,1,1,1,1,19,2,2,0.0,0.0,0.0,0.0,0.0,2.0,6,2,5
121570,18,2,1,17,8,3,0,1,0,1,2,28,3,3,1.0,0.0,0.0,1.0,0.0,2.0,1,2,9
142224,16,2,0,10,2,3,0,1,1,1,0,13,3,2,0.0,0.0,0.0,0.0,0.0,4.0,1,2,10
40608,16,2,3,15,8,3,0,1,1,1,2,18,2,2,0.0,0.0,0.0,0.0,0.0,4.0,14,4,3
131876,16,2,3,17,8,3,0,1,1,1,0,23,2,2,0.0,0.0,0.0,0.0,0.0,3.0,17,5,9
91107,15,2,3,17,2,3,0,1,1,1,1,36,2,2,0.0,0.0,0.0,0.0,0.0,4.0,16,3,7
94998,16,2,1,10,2,3,0,1,1,1,2,19,2,2,0.0,0.0,0.0,0.0,0.0,2.0,0,1,7
105927,4,2,3,17,8,3,0,1,0,1,2,36,2,2,0.0,0.0,0.0,0.0,0.0,2.0,11,4,8
149839,4,2,3,8,8,3,0,1,1,1,0,18,2,2,0.0,0.0,0.0,0.0,0.0,2.0,14,2,10
32823,15,10,1,17,2,3,6,1,0,1,2,11,2,2,0.0,0.0,0.0,0.0,0.0,2.0,21,6,3
55301,16,2,3,17,6,3,0,6,0,1,2,36,2,2,0.0,0.0,0.0,0.0,0.0,4.0,11,5,4
151620,4,2,3,15,10,3,0,1,1,1,1,28,2,2,0.0,0.0,0.0,0.0,0.0,2.0,11,4,10
45611,4,2,3,0,2,3,6,1,1,1,2,23,2,2,0.0,0.0,0.0,0.0,0.0,4.0,14,6,4
29565,15,2,3,0,2,3,0,1,1,1,2,18,2,2,0.0,0.0,0.0,0.0,0.0,2.0,9,1,3
66224,15,2,1,0,18,3,0,1,0,1,2,18,2,3,3.0,0.0,0.0,3.0,0.0,0.0,21,3,5
173840,16,2,3,15,8,3,0,1,1,1,1,23,2,2,0.0,0.0,0.0,0.0,0.0,2.0,16,3,12
169705,15,2,1,17,8,3,5,5,1,1,2,19,2,2,0.0,0.0,0.0,0.0,0.0,2.0,19,2,11
165649,16,2,3,0,6,3,0,1,1,1,2,36,2,2,0.0,0.0,0.0,0.0,0.0,2.0,6,5,11
120044,15,2,4,17,8,3,0,1,1,1,2,16,2,2,0.0,0.0,0.0,0.0,0.0,2.0,18,6,8
75019,16,2,1,10,3,3,0,1,1,1,1,19,2,2,0.0,0.0,0.0,0.0,0.0,2.0,0,4,6
75820,15,2,1,17,2,3,0,1,1,1,2,23,2,2,0.0,0.0,0.0,0.0,0.0,2.0,1,4,6
138440,16,2,1,17,8,3,0,1,1,1,0,36,2,2,0.0,0.0,0.0,0.0,0.0,4.0,23,6,10
43923,16,2,3,10,10,3,0,1,1,1,1,36,2,2,0.0,0.0,0.0,0.0,0.0,2.0,17,2,4
75184,16,2,3,17,10,3,0,1,0,1,2,24,2,2,0.0,0.0,0.0,0.0,0.0,4.0,13,1,6
15815,16,10,3,17,6,3,4,2,0,1,2,39,2,4,1.0,0.0,0.0,0.0,1.0,1.0,13,4,2
163578,16,2,3,0,8,3,0,1,1,1,2,36,2,2,0.0,0.0,0.0,0.0,0.0,2.0,10,1,11
119947,16,2,3,15,8,3,0,1,1,1,2,18,2,2,0.0,0.0,0.0,0.0,0.0,2.0,14,4,8
140535,16,7,3,0,3,3,6,1,0,1,2,18,2,2,0.0,0.0,0.0,0.0,0.0,2.0,11,6,10
17656,16,2,1,0,8,3,5,5,0,1,1,6,2,4,4.0,0.0,0.0,0.0,4.0,1.0,21,1,2
159027,16,2,3,17,6,3,0,1,0,1,2,18,2,3,1.0,0.0,0.0,1.0,0.0,1.0,11,1,11
50983,16,2,3,0,2,3,0,1,0,1,2,6,2,2,0.0,0.0,0.0,0.0,0.0,3.0,17,3,4
155791,16,2,0,10,8,3,0,1,1,1,1,34,2,2,0.0,0.0,0.0,0.0,0.0,2.0,0,4,11
78602,15,7,3,10,15,3,6,1,0,1,2,36,2,2,0.0,0.0,0.0,0.0,0.0,2.0,16,3,6
115559,16,2,1,17,2,3,0,5,1,1,2,36,2,2,0.0,0.0,0.0,0.0,0.0,3.0,20,5,8
71129,16,2,3,3,3,3,0,1,0,1,1,36,2,3,1.0,0.0,0.0,1.0,0.0,2.0,9,5,5
118868,16,2,4,3,2,3,0,1,0,0,2,37,2,4,2.0,0.0,0.0,0.0,2.0,0.0,20,3,8
132761,16,7,3,0,2,3,6,1,0,1,2,6,2,2,0.0,0.0,0.0,0.0,0.0,3.0,7,4,9
53302,15,2,3,0,8,3,0,1,1,1,2,18,2,2,0.0,0.0,0.0,0.0,0.0,2.0,13,3,4
21633,16,2,1,17,3,3,0,1,1,1,2,24,2,2,0.0,0.0,0.0,0.0,0.0,3.0,18,4,2
154933,16,2,3,7,8,3,0,1,1,1,2,26,2,2,0.0,0.0,0.0,0.0,0.0,1.0,15,2,10
69035,16,2,3,17,6,3,0,1,0,1,2,36,2,2,0.0,0.0,0.0,0.0,0.0,2.0,14,6,5
132179,16,7,3,17,6,3,6,1,0,1,2,6,2,2,0.0,0.0,0.0,0.0,0.0,2.0,18,3,9
18181,16,2,4,10,8,3,0,1,1,1,2,17,2,2,0.0,0.0,0.0,0.0,0.0,2.0,16,3,2
68298,16,2,3,2,8,3,0,1,1,1,2,36,1,2,0.0,0.0,0.0,0.0,0.0,4.0,10,7,5
177194,16,2,3,0,3,3,0,5,0,1,2,26,2,3,1.0,0.0,0.0,1.0,0.0,2.0,9,1,12
49060,15,2,3,17,8,3,0,1,1,1,0,18,2,2,0.0,0.0,0.0,0.0,0.0,3.0,17,2,4
104783,16,2,1,9,8,3,0,1,0,1,2,18,2,1,2.0,0.0,2.0,0.0,0.0,0.0,22,1,8
120971,16,2,3,15,8,3,0,1,0,1,2,18,2,2,0.0,0.0,0.0,0.0,0.0,2.0,6,6,9
88353,16,2,0,17,2,3,0,1,1,1,1,24,2,2,0.0,0.0,0.0,0.0,0.0,4.0,22,2,7
123431,16,2,3,17,2,3,0,1,0,1,2,18,2,2,0.0,0.0,0.0,0.0,0.0,2.0,14,6,9
44517,16,2,1,10,8,3,0,1,1,1,1,17,2,2,0.0,0.0,0.0,0.0,0.0,2.0,18,5,4
105923,16,2,1,17,8,3,0,1,1,1,2,22,2,2,0.0,0.0,0.0,0.0,0.0,5.0,22,4,8
23374,16,2,3,10,6,3,0,1,0,1,1,36,2,3,2.0,0.0,0.0,2.0,0.0,2.0,15,7,2
80593,16,2,2,17,8,3,0,1,0,1,2,6,2,4,2.0,0.0,0.0,0.0,2.0,1.0,4,4,6
34313,16,2,3,17,2,3,0,1,0,1,2,19,2,3,1.0,0.0,0.0,1.0,0.0,3.0,18,2,3
96124,16,2,3,17,2,3,0,1,1,1,0,24,2,2,0.0,0.0,0.0,0.0,0.0,2.0,8,3,7
33398,16,11,5,10,8,3,5,5,1,1,1,6,2,2,0.0,0.0,0.0,0.0,0.0,2.0,6,2,3
163012,16,2,1,17,1,3,0,1,1,1,1,24,2,2,0.0,0.0,0.0,0.0,0.0,2.0,23,7,11
169183,16,2,1,17,1,3,0,5,0,1,2,3,2,3,1.0,0.0,0.0,1.0,0.0,3.0,20,7,11
152226,15,2,2,10,8,3,0,1,1,1,2,19,2,2,0.0,0.0,0.0,0.0,0.0,2.0,16,5,10
95006,17,11,5,10,17,3,5,5,1,0,2,36,2,2,0.0,0.0,0.0,0.0,0.0,3.0,15,6,7
123208,16,7,1,17,15,3,6,1,0,1,1,36,2,2,0.0,0.0,0.0,0.0,0.0,2.0,23,3,9
38910,16,2,3,17,8,3,0,1,1,1,2,36,2,2,0.0,0.0,0.0,0.0,0.0,2.0,9,6,3
170334,15,2,1,3,8,3,0,5,0,1,2,22,3,2,0.0,0.0,0.0,0.0,0.0,2.0,22,4,11
49513,15,2,3,9,2,3,0,1,0,0,0,38,2,3,1.0,0.0,0.0,1.0,0.0,1.0,11,3,4
142919,15,7,3,0,8,3,6,1,0,1,2,28,2,3,1.0,0.0,0.0,1.0,0.0,1.0,10,4,10
167535,4,10,3,17,6,3,4,1,0,1,2,36,2,3,1.0,0.0,0.0,1.0,0.0,1.0,8,5,11
23322,16,2,1,17,15,3,6,5,1,1,2,18,2,2,0.0,0.0,0.0,0.0,0.0,4.0,19,6,2
145516,16,3,3,17,6,3,0,1,0,1,2,18,2,1,1.0,0.0,1.0,0.0,0.0,1.0,8,5,10
47314,17,2,3,2,3,3,0,1,0,1,1,36,1,2,0.0,0.0,0.0,0.0,0.0,1.0,14,2,4
73551,16,2,3,9,6,3,0,1,0,1,2,18,2,3,1.0,0.0,0.0,1.0,0.0,1.0,19,5,6
164356,15,2,3,0,6,3,5,5,1,1,2,18,2,2,0.0,0.0,0.0,0.0,0.0,2.0,14,7,11
96548,4,2,3,17,8,3,0,1,1,0,2,18,2,2,0.0,0.0,0.0,0.0,0.0,2.0,19,4,7
176024,16,2,1,9,2,3,0,1,0,1,1,38,2,3,1.0,0.0,0.0,1.0,0.0,1.0,18,6,12
158140,15,3,1,0,8,3,0,1,1,1,2,18,2,2,0.0,0.0,0.0,0.0,0.0,3.0,18,2,11
9846,15,2,3,17,2,3,0,1,0,1,2,18,2,4,1.0,0.0,0.0,0.0,1.0,2.0,15,5,1
11184,16,10,1,0,6,3,4,1,0,1,2,6,2,2,0.0,0.0,0.0,0.0,0.0,2.0,6,5,1
101946,16,2,3,15,6,3,0,5,0,1,2,22,2,2,0.0,0.0,0.0,0.0,0.0,2.0,14,1,7
10124,4,2,3,0,10,3,0,4,0,1,2,26,3,2,0.0,0.0,0.0,0.0,0.0,2.0,14,2,1
37127,16,2,3,17,6,3,0,1,0,1,2,18,4,0,7.0,1.0,0.0,6.0,0.0,2.0,11,3,3
62880,15,2,3,17,6,3,0,5,1,1,2,5,2,2,0.0,0.0,0.0,0.0,0.0,2.0,9,6,5
121756,16,2,1,10,8,3,0,1,0,1,2,37,2,4,1.0,0.0,0.0,0.0,1.0,2.0,1,3,9
25964,16,10,3,7,8,3,4,1,1,1,1,36,2,2,0.0,0.0,0.0,0.0,0.0,2.0,13,5,2
125126,16,2,3,17,2,3,0,1,0,1,2,18,2,3,1.0,0.0,0.0,1.0,0.0,3.0,9,2,9
45696,16,2,1,17,2,3,0,5,0,1,2,35,2,3,2.0,0.0,0.0,2.0,0.0,1.0,2,7,4
6111,16,10,3,17,3,3,6,1,0,1,2,18,2,2,0.0,0.0,0.0,0.0,0.0,5.0,8,1,1
104356,4,2,0,10,8,3,0,1,1,0,2,19,2,2,0.0,0.0,0.0,0.0,0.0,2.0,21,2,8