crash_date,               traffic_control_device,weather_condition,lighting_condition,first_crash_type,trafficway_type,alignment,roadway_surface_cond,road_defect,crash_type,intersection_related_i,damage,prim_contributory_cause,num_units,most_severe_injury,injuries_total,injuries_fatal,injuries_incapacitating,injuries_non_incapacitating,injuries_reported_not_evident,injuries_no_indication,crash_hour,crash_day_of_week,crash_month
11531,16,10,1,7,8,3,4,1,1,1,0,23,2,2,0.0,0.0,0.0,0.0,0.0,1.0,4,5,1
48518,15,2,3,17,8,3,0,1,0,1,2,18,2,4,1.0,0.0,0.0,0.0,1.0,3.0,11,1,4
65387,16,2,2,17,6,3,0,1,0,1,2,36,2,2,0.0,0.0,0.0,0.0,0.0,2.0,5,5,5
152437,15,2,3,0,6,4,0,1,0,1,2,8,2,2,0.0,0.0,0.0,0.0,0.0,3.0,10,7,10
106490,15,2,3,17,6,3,0,1,0,1,2,18,2,4,1.0,0.0,0.0,0.0,1.0,1.0,5,6,8
1323,15,7,3,0,6,3,0,1,1,1,2,36,2,2,0.0,0.0,0.0,0.0,0.0,2.0,13,3,1
123191,16,2,3,0,6,3,0,1,0,1,1,6,2,1,1.0,0.0,1.0,0.0,0.0,1.0,8,3,9
83263,15,7,3,10,8,3,6,1,1,1,2,19,2,2,0.0,0.0,0.0,0.0,0.0,4.0,12,6,6
86873,16,2,3,10,6,3,0,1,0,1,2,19,3,3,1.0,0.0,0.0,1.0,0.0,5.0,19,7,6
114517,4,2,3,0,6,3,0,1,1,1,2,18,2,2,0.0,0.0,0.0,0.0,0.0,2.0,17,3,8
186507,16,2,1,17,1,3,2,6,0,1,2,18,2,2,0.0,0.0,0.0,0.0,0.0,3.0,18,4,12
173971,16,2,3,10,2,3,0,1,1,1,2,19,2,2,0.0,0.0,0.0,0.0,0.0,2.0,14,6,12
154837,16,2,1,15,10,3,0,1,1,1,2,18,2,2,0.0,0.0,0.0,0.0,0.0,2.0,23,7,10
153745,16,2,1,10,6,3,0,1,0,1,2,19,2,4,1.0,0.0,0.0,0.0,1.0,2.0,21,6,10
40492,16,2,1,17,6,3,6,1,1,1,0,24,2,2,0.0,0.0,0.0,0.0,0.0,2.0,5,2,3
126094,16,2,3,7,2,3,0,1,1,1,2,38,2,2,0.0,0.0,0.0,0.0,0.0,1.0,10,2,9
6244,15,2,1,17,15,3,6,1,0,1,2,5,2,2,0.0,0.0,0.0,0.0,0.0,4.0,16,5,1
98641,16,2,3,17,12,3,0,1,1,1,2,24,2,2,0.0,0.0,0.0,0.0,0.0,2.0,12,6,7
1478,15,2,3,0,8,3,0,1,1,1,2,36,2,2,0.0,0.0,0.0,0.0,0.0,2.0,13,4,1
177246,16,2,3,0,2,3,0,1,0,1,2,6,2,1,1.0,0.0,1.0,0.0,0.0,1.0,7,2,12
18749,16,2,3,10,2,3,6,1,1,1,2,18,2,2,0.0,0.0,0.0,0.0,0.0,2.0,15,3,2
35027,15,2,3,0,8,3,0,1,1,1,1,12,2,2,0.0,0.0,0.0,0.0,0.0,3.0,17,1,3
34448,15,2,3,17,8,3,0,1,1,1,1,6,2,2,0.0,0.0,0.0,0.0,0.0,2.0,14,5,3
103597,17,11,5,15,6,3,5,5,1,1,2,23,2,2,0.0,0.0,0.0,0.0,0.0,2.0,13,6,7
69799,16,3,3,14,8,3,0,1,1,1,2,36,2,2,0.0,0.0,0.0,0.0,0.0,2.0,9,3,5
73816,4,2,3,0,8,3,0,1,0,1,2,18,2,4,1.0,0.0,0.0,0.0,1.0,1.0,17,3,6
45912,16,10,3,17,3,3,4,1,1,1,1,39,2,2,0.0,0.0,0.0,0.0,0.0,3.0,11,2,4
7647,16,10,3,17,2,3,6,1,0,1,2,18,2,1,2.0,0.0,1.0,1.0,0.0,1.0,10,3,1
81516,15,2,3,0,8,3,0,5,0,1,2,36,2,4,2.0,0.0,0.0,0.0,2.0,2.0,8,2,6
173814,16,7,1,15,2,3,6,1,1,1,2,18,2,2,0.0,0.0,0.0,0.0,0.0,4.0,21,2,12
185244,15,10,3,17,8,3,6,1,1,1,2,39,2,2,0.0,0.0,0.0,0.0,0.0,2.0,13,1,12
83856,4,2,3,17,2,3,0,1,1,1,1,36,2,2,0.0,0.0,0.0,0.0,0.0,3.0,10,1,6
45070,16,2,1,17,8,3,0,1,1,1,2,36,2,2,0.0,0.0,0.0,0.0,0.0,3.0,21,1,4
35242,16,2,3,0,8,3,0,1,0,1,2,26,6,4,1.0,0.0,0.0,0.0,1.0,6.0,13,6,3
97877,15,2,0,15,6,3,0,1,1,1,1,26,2,2,0.0,0.0,0.0,0.0,0.0,2.0,22,2,7
140783,16,2,3,17,2,3,0,1,0,1,2,24,2,4,2.0,0.0,0.0,0.0,2.0,0.0,14,5,10
47299,16,7,1,0,10,3,6,1,0,1,2,6,2,1,6.0,0.0,5.0,1.0,0.0,0.0,22,1,4
39672,16,7,3,0,6,3,6,5,0,1,2,36,3,4,1.0,0.0,0.0,0.0,1.0,2.0,13,2,3
39210,16,2,3,17,6,3,0,1,0,1,2,18,2,2,0.0,0.0,0.0,0.0,0.0,2.0,7,6,3
133967,4,2,5,7,2,3,5,1,1,1,1,36,2,2,0.0,0.0,0.0,0.0,0.0,1.0,20,7,9
87512,17,7,3,10,2,3,6,5,1,1,1,12,3,2,0.0,0.0,0.0,0.0,0.0,3.0,13,4,6
160494,16,11,3,10,11,3,5,5,1,1,1,36,2,2,0.0,0.0,0.0,0.0,0.0,2.0,14,2,11
76505,15,2,1,10,2,3,0,6,0,0,0,36,2,3,1.0,0.0,0.0,1.0,0.0,4.0,20,1,6
89419,16,2,3,17,8,3,0,1,0,1,2,18,2,2,0.0,0.0,0.0,0.0,0.0,2.0,15,4,7
15284,15,2,3,17,6,3,6,1,1,1,2,18,2,2,0.0,0.0,0.0,0.0,0.0,2.0,10,7,2
116098,4,2,3,10,8,3,0,1,1,1,1,19,2,2,0.0,0.0,0.0,0.0,0.0,2.0,7,6,8
166483,15,2,3,7,8,3,0,1,0,1,2,36,5,2,0.0,0.0,0.0,0.0,0.0,1.0,6,1,11
20721,15,2,3,0,8,3,6,1,0,1,2,5,2,2,0.0,0.0,0.0,0.0,0.0,4.0,10,4,2
53999,16,7,3,10,8,3,6,5,1,1,2,19,2,2,0.0,0.0,0.0,0.0,0.0,5.0,7,5,4
78326,15,2,3,0,15,3,0,1,0,1,2,5,2,2,0.0,0.0,0.0,0.0,0.0,2.0,18,5,6
65351,16,2,3,10,3,3,0,1,1,1,2,17,2,2,0.0,0.0,0.0,0.0,0.0,4.0,11,4,5
118048,16,2,1,0,8,3,0,1,0,1,2,6,3,4,1.0,0.0,0.0,0.0,1.0,1.0,2,7,8
114598,15,2,3,0,2,3,0,1,0,1,2,38,2,2,0.0,0.0,0.0,0.0,0.0,2.0,17,2,8
134369,4,2,3,11,6,3,0,1,1,1,2,21,2,2,0.0,0.0,0.0,0.0,0.0,2.0,14,6,9
168141,15,7,0,17,8,3,6,1,1,1,2,36,2,2,0.0,0.0,0.0,0.0,0.0,2.0,16,4,11
95902,4,2,1,2,8,3,0,1,0,1,2,12,1,3,1.0,0.0,0.0,1.0,0.0,1.0,3,1,7
50671,16,2,1,0,6,3,6,1,1,1,2,6,2,2,0.0,0.0,0.0,0.0,0.0,2.0,4,6,4
89247,16,2,3,17,3,3,0,1,1,1,0,18,2,2,0.0,0.0,0.0,0.0,0.0,2.0,19,2,7
128430,15,2,3,0,11,3,0,1,1,1,2,18,3,2,0.0,0.0,0.0,0.0,0.0,3.0,13,7,9
13524,4,2,3,0,10,3,4,1,1,1,1,21,2,2,0.0,0.0,0.0,0.0,0.0,2.0,16,5,1
102804,4,7,1,17,6,3,6,1,0,1,2,24,2,2,0.0,0.0,0.0,0.0,0.0,5.0,0,7,7
126534,16,2,3,13,6,3,0,1,1,1,2,36,2,2,0.0,0.0,0.0,0.0,0.0,2.0,15,4,9
147978,15,2,3,0,15,3,0,1,0,1,2,36,2,3,2.0,0.0,0.0,1.0,1.0,0.0,9,6,10
75530,4,2,3,15,11,3,0,5,1,1,2,18,2,2,0.0,0.0,0.0,0.0,0.0,2.0,7,5,6
11639,15,7,3,7,8,3,6,1,1,1,0,26,2,2,0.0,0.0,0.0,0.0,0.0,6.0,7,6,1
21714,15,2,3,17,2,3,0,1,1,1,0,18,2,2,0.0,0.0,0.0,0.0,0.0,2.0,16,6,2
49022,15,2,3,0,8,3,0,1,0,1,2,18,2,4,1.0,0.0,0.0,0.0,1.0,3.0,11,7,4
81979,16,2,3,8,6,3,0,1,1,1,0,36,2,2,0.0,0.0,0.0,0.0,0.0,2.0,11,2,6
6949,16,11,1,10,6,3,5,5,0,1,2,17,2,1,2.0,0.0,1.0,1.0,0.0,1.0,20,1,1
156242,16,2,3,17,8,3,0,1,1,1,2,36,2,2,0.0,0.0,0.0,0.0,0.0,3.0,7,6,11
88698,4,7,3,17,15,3,6,1,1,1,1,18,2,2,0.0,0.0,0.0,0.0,0.0,5.0,17,1,7
60989,16,2,3,0,6,3,0,1,0,1,2,18,2,3,2.0,0.0,0.0,1.0,1.0,1.0,16,6,5
164613,16,2,4,17,3,3,0,1,0,1,2,19,2,4,1.0,0.0,0.0,0.0,1.0,1.0,16,5,11
169809,4,2,3,17,8,3,0,1,1,1,0,36,2,2,0.0,0.0,0.0,0.0,0.0,6.0,7,3,11
5559,16,10,3,10,10,3,4,1,1,1,1,19,2,2,0.0,0.0,0.0,0.0,0.0,3.0,14,7,1
77558,16,2,3,0,2,3,5,5,1,1,2,36,2,2,0.0,0.0,0.0,0.0,0.0,2.0,17,3,6
40670,16,2,1,0,8,3,0,1,0,1,1,6,2,3,1.0,0.0,0.0,1.0,0.0,2.0,3,5,3
188133,16,2,3,17,8,3,4,1,0,1,1,24,2,4,1.0,0.0,0.0,0.0,1.0,3.0,10,7,12
134056,17,2,3,15,6,3,0,5,1,1,0,36,2,2,0.0,0.0,0.0,0.0,0.0,2.0,12,1,9
172734,16,2,1,10,8,3,0,1,1,1,1,17,2,2,0.0,0.0,0.0,0.0,0.0,2.0,18,6,12
138630,4,2,3,0,15,3,0,1,1,0,2,5,2,2,0.0,0.0,0.0,0.0,0.0,2.0,8,2,10
177337,16,2,3,17,3,3,5,5,0,1,2,36,2,4,1.0,0.0,0.0,0.0,1.0,1.0,12,3,12
30255,16,2,3,10,8,3,5,5,1,1,2,36,3,2,0.0,0.0,0.0,0.0,0.0,3.0,10,5,3
97626,17,2,3,17,6,3,0,1,0,1,2,6,2,3,1.0,0.0,0.0,1.0,0.0,1.0,12,6,7
131861,16,2,3,10,2,3,0,1,1,1,1,36,2,2,0.0,0.0,0.0,0.0,0.0,2.0,15,5,9
160311,16,2,0,0,8,3,0,1,1,1,0,36,2,2,0.0,0.0,0.0,0.0,0.0,8.0,18,5,11
54528,15,7,1,17,10,3,6,1,1,1,2,11,2,2,0.0,0.0,0.0,0.0,0.0,3.0,0,7,4
180606,16,2,1,9,6,3,0,1,0,1,0,36,2,3,1.0,0.0,0.0,1.0,0.0,3.0,23,6,12
173098,16,7,1,10,6,3,6,1,1,1,1,19,2,2,0.0,0.0,0.0,0.0,0.0,5.0,23,6,12
80130,16,2,3,17,8,3,0,1,0,1,2,36,2,2,0.0,0.0,0.0,0.0,0.0,3.0,17,4,6
118771,4,11,5,7,17,3,5,1,1,0,2,36,2,2,0.0,0.0,0.0,0.0,0.0,1.0,7,4,8
21813,15,2,3,0,8,3,1,1,0,1,2,17,2,2,0.0,0.0,0.0,0.0,0.0,2.0,7,7,2
92467,15,2,3,0,8,3,0,1,1,1,2,18,2,2,0.0,0.0,0.0,0.0,0.0,3.0,15,3,7
133432,16,2,1,0,8,3,0,1,0,1,2,6,2,3,1.0,0.0,0.0,1.0,0.0,3.0,23,6,9
44706,16,2,0,0,6,3,0,1,0,1,1,6,2,2,0.0,0.0,0.0,0.0,0.0,2.0,5,3,4
58453,16,2,3,10,11,3,0,1,1,1,2,36,2,2,0.0,0.0,0.0,0.0,0.0,7.0,13,6,5
175691,16,2,4,17,6,3,0,1,0,1,2,18,2,3,2.0,0.0,0.0,1.0,1.0,0.0,16,2,12
940,15,2,3,17,8,4,0,1,1,1,1,18,2,2,0.0,0.0,0.0,0.0,0.0,2.0,15,5,1
28027,4,11,5,17,8,3,5,5,1,1,0,36,2,2,0.0,0.0,0.0,0.0,0.0,2.0,14,4,2
84943,15,2,3,0,15,3,6,5,0,1,2,18,2,4,1.0,0.0,0.0,0.0,1.0,1.0,16,6,6
135413,16,2,3,0,2,2,0,1,0,1,2,6,2,1,4.0,0.0,4.0,0.0,0.0,0.0,11,4,9
6310,16,2,3,17,8,3,0,1,1,1,2,18,2,2,0.0,0.0,0.0,0.0,0.0,4.0,16,6,1
187037,4,2,3,0,8,3,0,1,1,1,2,18,2,2,0.0,0.0,0.0,0.0,0.0,2.0,12,4,12
49885,16,7,3,0,2,3,6,1,1,1,0,23,2,2,0.0,0.0,0.0,0.0,0.0,2.0,16,4,4
14453,15,2,1,17,8,3,6,1,1,1,2,23,2,2,0.0,0.0,0.0,0.0,0.0,3.0,18,1,1
65591,16,2,3,17,8,3,0,1,1,1,1,36,2,2,0.0,0.0,0.0,0.0,0.0,2.0,13,7,5
25657,16,10,1,17,6,3,6,1,1,1,0,36,2,2,0.0,0.0,0.0,0.0,0.0,2.0,18,6,2
53410,15,2,3,0,6,3,0,1,0,1,2,18,2,1,1.0,0.0,1.0,0.0,0.0,1.0,7,5,4
56776,16,2,3,10,3,3,0,1,1,0,0,36,2,2,0.0,0.0,0.0,0.0,0.0,5.0,11,1,5
75125,16,2,3,0,8,3,0,1,0,1,2,36,2,2,0.0,0.0,0.0,0.0,0.0,2.0,5,6,6
135875,4,7,3,17,8,3,6,1,1,1,1,36,2,2,0.0,0.0,0.0,0.0,0.0,2.0,16,4,9
75444,16,2,3,15,15,3,5,5,1,1,0,36,2,2,0.0,0.0,0.0,0.0,0.0,2.0,16,6,6
28260,16,7,3,17,10,3,6,1,1,1,2,26,2,2,0.0,0.0,0.0,0.0,0.0,2.0,15,4,3
163813,16,2,1,17,6,3,6,1,0,1,2,18,2,2,0.0,0.0,0.0,0.0,0.0,2.0,20,6,11
27489,16,2,3,10,8,3,0,1,1,1,2,17,2,2,0.0,0.0,0.0,0.0,0.0,2.0,10,1,2
46966,15,2,3,8,15,3,0,1,1,1,1,26,2,2,0.0,0.0,0.0,0.0,0.0,2.0,14,3,4
41403,16,7,3,10,8,3,6,1,1,1,2,19,2,2,0.0,0.0,0.0,0.0,0.0,2.0,9,5,3
175164,15,2,1,0,6,3,0,1,0,1,2,5,2,2,0.0,0.0,0.0,0.0,0.0,5.0,0,1,12
104543,16,2,3,17,8,3,0,1,0,1,2,18,2,2,0.0,0.0,0.0,0.0,0.0,3.0,16,4,8
30953,16,2,3,0,6,3,0,1,0,1,2,18,2,3,3.0,0.0,0.0,2.0,1.0,0.0,9,4,3
48816,16,7,3,10,8,3,6,1,1,1,1,19,2,2,0.0,0.0,0.0,0.0,0.0,2.0,17,6,4
103368,16,2,3,17,10,3,0,1,0,1,2,4,2,2,0.0,0.0,0.0,0.0,0.0,3.0,18,3,7
175539,16,2,4,10,2,3,0,1,1,1,1,12,2,2,0.0,0.0,0.0,0.0,0.0,2.0,15,6,12
98403,15,7,3,0,8,3,6,5,1,1,1,5,2,2,0.0,0.0,0.0,0.0,0.0,2.0,6,3,7
120560,16,2,3,15,8,3,0,1,1,1,2,36,2,2,0.0,0.0,0.0,0.0,0.0,2.0,8,6,9
124722,16,2,3,0,8,3,0,1,1,1,2,18,2,2,0.0,0.0,0.0,0.0,0.0,3.0,14,5,9
4783,4,2,3,0,10,3,0,1,1,1,2,21,2,2,0.0,0.0,0.0,0.0,0.0,3.0,15,4,1
154585,16,7,3,17,18,3,6,1,1,1,0,22,2,2,0.0,0.0,0.0,0.0,0.0,4.0,13,4,10
41742,16,2,3,17,6,3,0,1,1,1,2,22,2,2,0.0,0.0,0.0,0.0,0.0,2.0,11,5,3
51225,15,2,3,17,8,3,0,2,1,1,2,18,2,2,0.0,0.0,0.0,0.0,0.0,2.0,13,6,4
178072,4,3,3,0,6,3,0,1,0,1,2,36,2,3,1.0,0.0,0.0,1.0,0.0,1.0,11,7,12
157565,16,7,1,10,2,3,6,1,1,1,2,19,2,2,0.0,0.0,0.0,0.0,0.0,2.0,21,1,11
119006,16,2,3,17,15,3,0,1,0,1,2,6,2,3,1.0,0.0,0.0,1.0,0.0,2.0,19,5,8
89303,16,2,3,10,6,3,0,1,0,1,2,17,2,4,3.0,0.0,0.0,0.0,3.0,1.0,17,4,7
146975,15,2,1,3,8,3,0,1,1,1,2,5,2,2,0.0,0.0,0.0,0.0,0.0,3.0,22,3,10
48652,16,10,1,3,2,3,4,1,0,1,2,30,2,3,2.0,0.0,0.0,2.0,0.0,2.0,2,2,4
39000,15,2,1,17,2,3,6,5,1,1,2,12,2,2,0.0,0.0,0.0,0.0,0.0,2.0,19,1,3
102981,15,2,3,0,6,3,0,1,0,1,2,37,2,2,0.0,0.0,0.0,0.0,0.0,2.0,16,3,7
57864,16,2,3,17,2,3,0,1,0,1,2,18,4,4,1.0,0.0,0.0,0.0,1.0,5.0,14,7,5
49428,16,2,3,17,3,3,0,1,1,1,1,36,2,2,0.0,0.0,0.0,0.0,0.0,2.0,18,2,4
167517,16,10,1,17,8,3,6,5,0,1,2,18,2,2,0.0,0.0,0.0,0.0,0.0,3.0,17,5,11
73496,16,2,3,17,3,3,0,1,1,1,2,18,2,2,0.0,0.0,0.0,0.0,0.0,2.0,8,3,6
30531,15,2,3,0,8,3,0,1,0,1,2,38,2,2,0.0,0.0,0.0,0.0,0.0,4.0,7,2,3
14141,16,2,1,0,8,3,0,1,0,1,1,6,2,2,0.0,0.0,0.0,0.0,0.0,2.0,5,2,1
57250,16,2,1,0,6,3,0,1,0,1,2,18,2,1,4.0,0.0,2.0,2.0,0.0,3.0,0,2,5
157146,16,2,3,15,2,3,0,1,1,1,2,23,2,2,0.0,0.0,0.0,0.0,0.0,2.0,17,4,11
150057,16,2,3,15,8,3,0,1,1,1,1,22,2,2,0.0,0.0,0.0,0.0,0.0,5.0,15,6,10
15609,16,2,3,17,2,3,0,1,0,1,0,36,2,4,1.0,0.0,0.0,0.0,1.0,2.0,14,6,2
50955,16,7,1,14,2,3,6,1,0,1,2,36,3,3,1.0,0.0,0.0,1.0,0.0,1.0,22,2,4
4941,16,7,1,15,3,3,6,5,1,1,2,4,2,2,0.0,0.0,0.0,0.0,0.0,2.0,18,4,1
134182,15,2,3,0,11,3,0,1,1,1,1,18,2,2,0.0,0.0,0.0,0.0,0.0,3.0,16,2,9
45512,16,2,3,2,2,3,0,1,1,1,0,12,1,2,0.0,0.0,0.0,0.0,0.0,1.0,12,2,4
87514,4,7,3,10,8,3,6,1,1,0,2,19,2,2,0.0,0.0,0.0,0.0,0.0,2.0,13,4,6
30841,16,7,1,15,6,3,6,1,1,1,2,23,2,2,0.0,0.0,0.0,0.0,0.0,2.0,0,1,3
75697,16,2,3,10,2,3,0,1,1,1,2,19,3,2,0.0,0.0,0.0,0.0,0.0,3.0,13,2,6
31299,16,2,3,0,10,3,0,1,0,1,2,6,2,1,1.0,0.0,1.0,0.0,0.0,1.0,15,3,3
99918,15,2,3,0,3,3,0,1,1,1,2,36,2,2,0.0,0.0,0.0,0.0,0.0,2.0,16,6,7
179560,16,2,3,17,10,3,0,1,1,1,2,19,2,2,0.0,0.0,0.0,0.0,0.0,2.0,10,5,12
75573,11,2,3,17,10,3,0,1,1,1,2,22,2,2,0.0,0.0,0.0,0.0,0.0,4.0,16,6,6
73440,16,2,3,10,2,3,0,1,1,1,2,19,2,2,0.0,0.0,0.0,0.0,0.0,2.0,12,2,6
3865,4,10,3,0,2,3,4,1,1,0,1,12,2,2,0.0,0.0,0.0,0.0,0.0,3.0,14,7,1
17415,16,2,3,15,3,3,6,1,1,0,1,4,2,2,0.0,0.0,0.0,0.0,0.0,2.0,10,3,2
118142,16,2,3,17,8,3,0,1,1,1,2,24,2,2,0.0,0.0,0.0,0.0,0.0,2.0,7,1,8
186509,16,2,1,15,8,3,0,1,1,1,1,36,2,2,0.0,0.0,0.0,0.0,0.0,2.0,18,4,12
169259,17,7,0,17,8,3,6,1,1,1,1,39,2,2,0.0,0.0,0.0,0.0,0.0,2.0,23,1,11
153722,15,2,1,17,15,3,0,5,0,1,2,18,2,4,1.0,0.0,0.0,0.0,1.0,4.0,19,6,10
181296,16,2,3,15,10,3,0,1,1,1,2,22,2,2,0.0,0.0,0.0,0.0,0.0,2.0,10,5,12
24086,16,3,3,15,3,3,6,1,0,1,2,12,2,2,0.0,0.0,0.0,0.0,0.0,2.0,16,4,2
93824,16,2,3,17,8,3,0,1,1,1,2,24,2,2,0.0,0.0,0.0,0.0,0.0,3.0,12,3,7
21174,15,11,3,0,17,3,2,5,1,1,0,18,2,2,0.0,0.0,0.0,0.0,0.0,3.0,12,4,2
165821,4,2,1,15,6,3,0,1,1,1,1,36,2,2,0.0,0.0,0.0,0.0,0.0,2.0,0,7,11
16457,16,10,3,10,8,5,4,1,1,1,2,39,2,2,0.0,0.0,0.0,0.0,0.0,2.0,10,1,2
164994,16,2,3,0,8,3,0,1,1,1,2,12,2,2,0.0,0.0,0.0,0.0,0.0,2.0,17,3,11
99414,15,2,3,17,8,3,0,1,0,1,2,24,2,3,1.0,0.0,0.0,1.0,0.0,3.0,16,5,7
129599,16,2,4,15,2,3,0,1,1,1,1,18,2,2,0.0,0.0,0.0,0.0,0.0,3.0,17,2,9
171142,16,2,3,15,8,3,0,1,1,1,2,23,2,2,0.0,0.0,0.0,0.0,0.0,2.0,12,3,11
17811,16,2,3,10,8,3,0,1,1,1,1,19,2,2,0.0,0.0,0.0,0.0,0.0,3.0,15,3,2
99745,4,2,3,8,2,3,0,5,0,1,0,36,2,3,1.0,0.0,0.0,1.0,0.0,1.0,18,2,7
135972,15,2,1,0,2,3,0,1,0,1,2,18,2,2,0.0,0.0,0.0,0.0,0.0,3.0,0,5,9
25728,16,10,3,10,2,3,4,1,1,1,1,19,2,2,0.0,0.0,0.0,0.0,0.0,4.0,12,4,2
23059,16,2,3,15,2,3,0,1,1,1,2,22,2,2,0.0,0.0,0.0,0.0,0.0,2.0,9,7,2
56992,15,2,3,0,8,3,0,1,0,1,2,18,2,2,0.0,0.0,0.0,0.0,0.0,2.0,7,4,5
174412,16,2,1,10,8,3,0,1,0,1,1,36,2,3,1.0,0.0,0.0,1.0,0.0,2.0,16,4,12
57139,16,2,1,17,8,3,0,1,0,1,2,18,2,3,1.0,0.0,0.0,1.0,0.0,1.0,20,6,5
64572,4,2,3,10,8,3,0,1,1,1,2,36,2,2,0.0,0.0,0.0,0.0,0.0,2.0,17,5,5
77951,16,2,3,3,2,3,0,5,0,1,2,6,2,3,2.0,0.0,0.0,2.0,0.0,3.0,11,7,6
36104,4,2,3,17,8,3,0,1,1,1,1,18,2,2,0.0,0.0,0.0,0.0,0.0,3.0,8,5,3
129353,4,2,3,17,8,3,0,1,1,1,2,18,2,2,0.0,0.0,0.0,0.0,0.0,2.0,13,7,9
13174,16,2,3,10,8,3,2,1,1,1,1,19,2,2,0.0,0.0,0.0,0.0,0.0,2.0,7,5,1
165481,16,2,3,17,8,3,0,1,0,1,2,18,2,1,2.0,0.0,2.0,0.0,0.0,0.0,10,1,11
151151,16,2,1,15,8,4,0,1,0,1,2,22,3,2,0.0,0.0,0.0,0.0,0.0,4.0,20,5,10
153634,4,2,1,1,8,3,6,1,1,1,0,36,1,2,0.0,0.0,0.0,0.0,0.0,1.0,5,5,10
108361,15,2,3,0,6,3,0,1,1,1,2,18,2,2,0.0,0.0,0.0,0.0,0.0,2.0,16,6,8
15970,16,2,3,17,8,3,0,1,1,1,1,36,2,2,0.0,0.0,0.0,0.0,0.0,2.0,11,4,2
31073,15,2,3,7,8,3,0,1,1,1,1,36,2,2,0.0,0.0,0.0,0.0,0.0,4.0,12,4,3
138493,15,7,0,17,8,3,6,1,1,1,2,5,2,2,0.0,0.0,0.0,0.0,0.0,3.0,18,7,10
51146,16,7,3,17,8,3,6,1,0,1,2,36,2,3,1.0,0.0,0.0,1.0,0.0,1.0,11,5,4
26373,16,10,1,10,6,4,6,1,1,1,2,19,2,2,0.0,0.0,0.0,0.0,0.0,2.0,19,3,2
152702,16,2,1,0,8,3,0,5,1,1,2,36,2,2,0.0,0.0,0.0,0.0,0.0,2.0,1,7,10
153496,16,3,3,0,8,3,6,1,0,1,2,6,2,2,0.0,0.0,0.0,0.0,0.0,3.0,8,1,10
111160,16,2,3,17,8,3,0,5,0,1,1,36,2,2,0.0,0.0,0.0,0.0,0.0,2.0,14,7,8
129526,4,2,3,17,10,3,0,1,1,1,1,36,2,2,0.0,0.0,0.0,0.0,0.0,2.0,13,1,9
134384,16,2,3,0,8,3,0,1,0,1,2,18,2,2,0.0,0.0,0.0,0.0,0.0,2.0,16,6,9
90598,16,2,3,8,8,3,0,5,0,1,2,18,2,3,1.0,0.0,0.0,1.0,0.0,1.0,18,2,7
35569,15,2,3,0,8,3,6,1,0,1,2,18,2,2,0.0,0.0,0.0,0.0,0.0,2.0,7,3,3
69133,16,2,3,17,13,3,0,1,0,1,2,12,2,2,0.0,0.0,0.0,0.0,0.0,2.0,6,1,5
89963,4,2,3,17,3,3,0,1,1,1,1,24,2,2,0.0,0.0,0.0,0.0,0.0,3.0,14,6,7
157147,16,2,1,17,15,3,0,1,0,1,2,36,2,2,0.0,0.0,0.0,0.0,0.0,2.0,17,4,11
55768,16,2,2,17,8,3,0,1,1,1,1,24,2,2,0.0,0.0,0.0,0.0,0.0,2.0,6,6,4
137310,16,2,3,17,8,3,0,1,1,1,1,36,2,2,0.0,0.0,0.0,0.0,0.0,2.0,17,5,9
38119,4,2,3,17,8,3,0,1,1,1,1,36,3,2,0.0,0.0,0.0,0.0,0.0,4.0,17,6,3
147266,16,2,3,17,6,3,0,1,1,1,1,6,2,2,0.0,0.0,0.0,0.0,0.0,2.0,9,2,10
131864,15,2,3,0,11,3,0,1,1,1,2,26,2,2,0.0,0.0,0.0,0.0,0.0,2.0,16,5,9
74186,16,2,3,17,5,3,0,1,1,1,0,36,2,2,0.0,0.0,0.0,0.0,0.0,2.0,11,7,6
35519,16,10,3,0,6,3,6,1,0,1,2,18,2,2,0.0,0.0,0.0,0.0,0.0,2.0,11,2,3
91138,15,2,1,0,6,3,0,1,0,1,2,18,2,2,0.0,0.0,0.0,0.0,0.0,2.0,22,3,7
128052,16,2,3,17,2,3,0,4,0,1,2,17,3,3,1.0,0.0,0.0,1.0,0.0,3.0,17,3,9
83163,4,2,3,10,2,3,0,1,0,1,2,19,3,3,1.0,0.0,0.0,1.0,0.0,4.0,7,5,6
12698,15,2,3,0,8,3,1,1,1,1,1,18,2,2,0.0,0.0,0.0,0.0,0.0,2.0,8,4,1
81263,16,2,3,10,8,3,5,1,1,1,1,36,2,2,0.0,0.0,0.0,0.0,0.0,4.0,14,7,6
80319,16,2,3,4,8,3,0,5,1,1,2,14,2,2,0.0,0.0,0.0,0.0,0.0,2.0,12,6,6
159594,15,2,1,0,6,3,0,1,0,1,2,5,2,3,1.0,0.0,0.0,1.0,0.0,2.0,18,3,11
9593,16,2,1,10,2,3,4,1,1,1,0,36,2,2,0.0,0.0,0.0,0.0,0.0,2.0,2,7,1
131031,16,2,3,17,8,3,0,1,0,1,1,36,2,4,1.0,0.0,0.0,0.0,1.0,1.0,8,2,9
15851,16,10,3,10,6,3,4,1,1,1,2,39,2,2,0.0,0.0,0.0,0.0,0.0,2.0,12,4,2
149641,10,2,3,9,2,3,0,1,0,1,2,18,2,1,1.0,0.0,1.0,0.0,0.0,1.0,13,2,10
156288,16,7,3,0,8,3,6,1,1,1,1,36,2,2,0.0,0.0,0.0,0.0,0.0,2.0,15,4,11