crash_date,               traffic_control_device,weather_condition,lighting_condition,first_crash_type,trafficway_type,alignment,roadway_surface_cond,road_defect,crash_type,intersection_related_i,damage,prim_contributory_cause,num_units,most_severe_injury,injuries_total,injuries_fatal,injuries_incapacitating,injuries_non_incapacitating,injuries_reported_not_evident,injuries_no_indication,crash_hour,crash_day_of_week,crash_month
16880,16,10,3,0,8,3,4,1,0,1,2,6,2,2,0.0,0.0,0.0,0.0,0.0,2.0,15,2,2
87160,16,2,1,10,8,3,0,1,1,0,2,19,2,2,0.0,0.0,0.0,0.0,0.0,2.0,0,5,6
134846,4,2,1,8,10,3,0,1,0,1,2,18,2,3,1.0,0.0,0.0,1.0,0.0,1.0,21,3,9
164294,15,2,1,0,8,3,0,1,0,1,2,5,2,1,2.0,0.0,1.0,1.0,0.0,0.0,2,6,11
172003,16,2,3,10,8,3,0,5,1,1,1,36,2,2,0.0,0.0,0.0,0.0,0.0,2.0,12,4,11
61432,17,2,3,17,13,3,0,1,0,1,1,23,2,2,0.0,0.0,0.0,0.0,0.0,3.0,6,5,5
127633,16,2,3,15,8,3,0,1,1,1,2,23,2,2,0.0,0.0,0.0,0.0,0.0,2.0,7,4,9
24652,16,2,3,17,8,3,0,1,0,1,2,18,2,2,0.0,0.0,0.0,0.0,0.0,3.0,14,2,2
13545,16,2,1,0,6,3,4,1,0,1,2,11,2,1,2.0,0.0,1.0,1.0,0.0,1.0,19,5,1
129344,16,2,3,15,2,3,0,1,1,1,2,36,2,2,0.0,0.0,0.0,0.0,0.0,2.0,12,6,9
108165,15,2,3,0,8,3,0,1,1,1,2,36,2,2,0.0,0.0,0.0,0.0,0.0,2.0,18,5,8
79921,16,3,3,17,2,3,0,1,1,1,2,19,2,2,0.0,0.0,0.0,0.0,0.0,2.0,8,6,6
52514,16,3,3,17,6,3,0,5,0,1,2,6,2,2,0.0,0.0,0.0,0.0,0.0,3.0,11,3,4
111694,15,2,1,5,8,3,0,1,0,1,2,17,1,1,3.0,0.0,3.0,0.0,0.0,0.0,2,1,8
132821,15,2,3,0,8,3,0,1,0,1,2,18,2,2,0.0,0.0,0.0,0.0,0.0,2.0,17,5,9
15836,16,10,1,0,8,3,4,1,1,1,2,6,2,2,0.0,0.0,0.0,0.0,0.0,2.0,19,4,2
87842,16,2,1,15,2,3,0,1,0,1,2,36,2,2,0.0,0.0,0.0,0.0,0.0,5.0,2,1,7
27020,16,2,0,17,3,3,0,1,1,1,2,36,2,2,0.0,0.0,0.0,0.0,0.0,2.0,18,7,2
58338,16,2,3,17,8,3,0,1,1,1,2,24,2,2,0.0,0.0,0.0,0.0,0.0,3.0,15,6,5
132022,16,2,3,17,8,3,0,1,1,1,2,24,2,2,0.0,0.0,0.0,0.0,0.0,2.0,15,7,9
159408,16,2,3,17,19,3,0,1,0,1,2,17,2,2,0.0,0.0,0.0,0.0,0.0,3.0,17,7,11
52686,16,2,3,15,8,3,0,1,0,1,2,36,4,3,2.0,0.0,0.0,2.0,0.0,2.0,11,4,4
123273,16,2,1,17,6,3,0,1,0,1,2,17,2,2,0.0,0.0,0.0,0.0,0.0,2.0,22,5,9
170139,16,2,3,17,8,3,0,1,1,1,2,9,2,2,0.0,0.0,0.0,0.0,0.0,2.0,15,2,11
34514,16,2,1,17,6,3,0,1,0,1,2,6,2,2,0.0,0.0,0.0,0.0,0.0,2.0,2,7,3
109755,16,2,3,0,3,3,0,1,0,1,2,6,2,2,0.0,0.0,0.0,0.0,0.0,5.0,6,1,8
83283,4,2,3,0,18,3,0,1,1,1,1,5,2,2,0.0,0.0,0.0,0.0,0.0,4.0,15,7,6
5414,15,3,3,0,6,3,0,1,1,1,2,18,2,2,0.0,0.0,0.0,0.0,0.0,4.0,11,7,1
101525,15,2,4,0,15,3,0,5,1,1,2,5,2,2,0.0,0.0,0.0,0.0,0.0,3.0,21,2,7
168448,15,2,3,10,11,3,0,1,0,0,2,18,2,3,2.0,0.0,0.0,1.0,1.0,3.0,15,4,11
150510,15,2,3,0,8,3,0,1,0,1,2,18,2,2,0.0,0.0,0.0,0.0,0.0,3.0,12,3,10
5442,16,2,3,0,8,3,6,1,1,1,2,36,2,2,0.0,0.0,0.0,0.0,0.0,3.0,14,5,1
145928,16,3,3,17,8,3,0,1,1,1,2,38,2,2,0.0,0.0,0.0,0.0,0.0,2.0,15,3,10
73010,16,2,3,10,6,3,0,1,0,1,2,19,2,4,1.0,0.0,0.0,0.0,1.0,1.0,14,4,6
106031,15,2,3,0,8,3,0,5,0,1,2,18,2,3,1.0,0.0,0.0,1.0,0.0,1.0,18,6,8
71629,4,2,3,10,8,3,0,5,0,1,2,36,2,0,3.0,2.0,1.0,0.0,0.0,0.0,17,4,5
117917,16,2,2,15,8,3,0,1,1,1,0,23,2,2,0.0,0.0,0.0,0.0,0.0,2.0,5,5,8
60380,15,2,1,17,8,3,0,1,0,1,2,18,4,1,1.0,0.0,1.0,0.0,0.0,1.0,23,2,5
184713,4,2,3,7,12,3,6,1,1,0,0,12,2,2,0.0,0.0,0.0,0.0,0.0,1.0,14,6,12
47769,16,2,3,0,6,3,0,1,0,1,2,6,2,4,1.0,0.0,0.0,0.0,1.0,2.0,18,2,4
68991,15,11,3,10,6,3,5,5,1,1,2,19,2,2,0.0,0.0,0.0,0.0,0.0,2.0,9,5,5
138330,16,7,3,8,5,3,6,1,0,1,2,18,2,3,1.0,0.0,0.0,1.0,0.0,1.0,7,4,10
98842,16,2,3,15,8,3,0,1,1,1,2,23,2,2,0.0,0.0,0.0,0.0,0.0,2.0,15,2,7
64029,16,2,3,0,6,3,0,1,0,1,2,6,3,3,1.0,0.0,0.0,1.0,0.0,3.0,5,5,5
109670,4,2,3,0,8,3,0,1,0,1,2,36,2,2,0.0,0.0,0.0,0.0,0.0,2.0,15,6,8
83657,15,2,1,0,2,3,0,1,1,1,2,18,2,2,0.0,0.0,0.0,0.0,0.0,2.0,2,5,6
65770,4,2,0,0,6,3,0,1,0,1,2,11,5,3,1.0,0.0,0.0,1.0,0.0,2.0,21,4,5
132253,16,2,3,17,15,3,0,1,0,1,2,6,2,2,0.0,0.0,0.0,0.0,0.0,2.0,8,4,9
180595,15,2,1,9,8,3,0,1,1,1,2,18,2,2,0.0,0.0,0.0,0.0,0.0,2.0,21,6,12
113026,15,11,3,15,10,3,5,5,1,1,1,36,2,2,0.0,0.0,0.0,0.0,0.0,2.0,8,5,8
24763,15,2,1,0,15,3,0,1,1,1,1,5,2,2,0.0,0.0,0.0,0.0,0.0,3.0,3,4,2
13238,15,2,3,0,9,3,0,1,0,1,1,5,2,3,2.0,0.0,0.0,2.0,0.0,1.0,7,6,1
22344,15,2,3,0,15,3,6,5,0,1,1,36,2,3,1.0,0.0,0.0,1.0,0.0,7.0,15,4,2
47908,16,2,3,0,2,3,0,1,1,1,1,36,2,2,0.0,0.0,0.0,0.0,0.0,3.0,14,5,4
84545,4,2,3,10,8,3,0,1,1,0,2,19,2,2,0.0,0.0,0.0,0.0,0.0,2.0,10,6,6
67195,16,2,3,17,8,3,0,5,1,1,1,19,2,2,0.0,0.0,0.0,0.0,0.0,2.0,15,5,5
14235,16,2,1,10,8,3,0,1,1,1,1,19,2,2,0.0,0.0,0.0,0.0,0.0,2.0,18,3,1
34316,16,2,3,17,13,3,0,1,1,1,2,36,2,2,0.0,0.0,0.0,0.0,0.0,2.0,8,2,3
31438,16,2,3,3,8,3,0,1,1,1,2,22,2,2,0.0,0.0,0.0,0.0,0.0,2.0,8,4,3
19730,16,10,1,17,8,3,4,1,0,1,2,18,2,2,0.0,0.0,0.0,0.0,0.0,3.0,0,1,2
99921,16,2,3,17,15,3,0,1,0,1,1,17,2,2,0.0,0.0,0.0,0.0,0.0,2.0,17,6,7
102966,4,2,2,0,8,3,0,1,1,1,2,38,2,2,0.0,0.0,0.0,0.0,0.0,2.0,11,2,7
178156,15,2,2,17,15,3,0,1,1,1,2,5,2,2,0.0,0.0,0.0,0.0,0.0,2.0,6,2,12
181190,16,2,3,8,6,3,0,1,0,1,0,18,2,3,1.0,0.0,0.0,1.0,0.0,1.0,7,7,12
51525,16,11,5,15,6,3,5,5,0,1,2,18,2,1,1.0,0.0,1.0,0.0,0.0,3.0,14,6,4
5054,16,2,3,17,10,3,0,1,1,1,2,24,2,2,0.0,0.0,0.0,0.0,0.0,2.0,9,6,1
155709,16,2,1,15,2,3,0,1,1,1,1,36,2,2,0.0,0.0,0.0,0.0,0.0,2.0,1,4,11
31688,4,2,3,17,8,3,0,1,0,1,2,23,2,2,0.0,0.0,0.0,0.0,0.0,4.0,14,3,3
5168,16,3,3,10,2,3,0,1,1,1,0,17,2,2,0.0,0.0,0.0,0.0,0.0,2.0,12,2,1
168517,16,2,1,17,8,3,0,1,1,1,2,18,2,2,0.0,0.0,0.0,0.0,0.0,3.0,17,5,11
126829,15,7,3,5,8,3,6,1,0,1,2,18,2,2,0.0,0.0,0.0,0.0,0.0,3.0,17,7,9
118975,15,2,1,0,8,3,0,1,0,1,2,4,2,4,1.0,0.0,0.0,0.0,1.0,1.0,4,5,8
157234,4,2,3,8,2,3,0,1,0,1,0,38,2,3,1.0,0.0,0.0,1.0,0.0,2.0,7,5,11
20561,4,2,1,0,3,3,0,1,1,1,2,18,2,2,0.0,0.0,0.0,0.0,0.0,2.0,18,7,2
150138,16,11,5,10,8,3,5,1,1,1,1,19,2,2,0.0,0.0,0.0,0.0,0.0,2.0,17,7,10
55195,16,7,3,15,2,3,6,1,1,1,0,12,2,2,0.0,0.0,0.0,0.0,0.0,2.0,11,2,4
161663,15,2,3,7,10,3,0,5,0,1,2,12,2,2,0.0,0.0,0.0,0.0,0.0,2.0,13,6,11
27395,15,2,1,10,8,3,6,1,0,1,2,19,2,2,0.0,0.0,0.0,0.0,0.0,3.0,3,7,2
34353,16,10,3,10,8,3,1,1,1,1,0,39,2,2,0.0,0.0,0.0,0.0,0.0,2.0,8,3,3
1704,16,5,1,17,15,3,6,1,1,1,2,36,2,2,0.0,0.0,0.0,0.0,0.0,2.0,6,2,1
20757,15,2,4,10,10,3,1,1,1,1,1,33,2,2,0.0,0.0,0.0,0.0,0.0,2.0,16,5,2
19735,16,2,3,17,1,3,0,1,0,1,2,22,2,2,0.0,0.0,0.0,0.0,0.0,2.0,13,2,2
73368,4,2,3,17,8,3,0,1,1,1,2,36,2,2,0.0,0.0,0.0,0.0,0.0,3.0,9,1,6
188833,16,10,3,17,2,3,4,1,1,1,1,24,2,2,0.0,0.0,0.0,0.0,0.0,3.0,11,5,12
135927,4,2,3,0,8,3,0,1,1,1,2,36,2,2,0.0,0.0,0.0,0.0,0.0,2.0,6,5,9
103907,4,6,3,15,3,3,0,5,1,1,2,26,2,2,0.0,0.0,0.0,0.0,0.0,2.0,8,4,7
133097,15,2,1,9,10,3,0,1,0,1,0,18,2,1,1.0,0.0,1.0,0.0,0.0,1.0,0,7,9
132893,16,2,3,0,6,3,0,1,0,1,2,36,2,3,2.0,0.0,0.0,2.0,0.0,1.0,7,6,9
56470,16,2,3,0,6,3,0,5,1,1,1,28,2,2,0.0,0.0,0.0,0.0,0.0,2.0,10,4,5
55679,16,7,3,0,8,3,6,1,0,1,2,17,2,1,1.0,0.0,1.0,0.0,0.0,1.0,8,3,4
138145,16,2,3,10,2,3,0,1,1,1,2,12,2,2,0.0,0.0,0.0,0.0,0.0,3.0,13,6,10
91527,16,2,3,9,6,3,0,1,0,1,1,36,3,3,1.0,0.0,0.0,1.0,0.0,2.0,14,2,7
61190,15,7,3,0,6,3,6,1,0,1,1,36,2,2,0.0,0.0,0.0,0.0,0.0,4.0,16,7,5
120820,15,2,3,17,3,3,0,1,1,1,1,19,2,2,0.0,0.0,0.0,0.0,0.0,2.0,8,4,9
54784,16,2,3,3,8,3,0,1,0,0,0,37,2,2,0.0,0.0,0.0,0.0,0.0,2.0,6,4,4
172075,15,2,1,13,11,3,0,1,1,1,2,36,2,2,0.0,0.0,0.0,0.0,0.0,2.0,23,5,11
38926,15,2,1,0,8,3,0,1,0,1,2,18,6,2,0.0,0.0,0.0,0.0,0.0,2.0,1,7,3
182121,15,3,4,10,2,3,0,1,1,1,2,36,2,2,0.0,0.0,0.0,0.0,0.0,3.0,15,6,12
152643,15,7,3,0,6,3,6,1,1,1,2,36,2,2,0.0,0.0,0.0,0.0,0.0,5.0,16,5,10
163516,15,2,0,17,8,3,0,1,1,1,2,36,2,2,0.0,0.0,0.0,0.0,0.0,3.0,5,5,11
158451,16,2,1,15,6,3,0,1,1,1,2,36,2,2,0.0,0.0,0.0,0.0,0.0,4.0,22,7,11
13697,16,2,3,0,8,3,5,5,1,1,2,6,2,2,0.0,0.0,0.0,0.0,0.0,2.0,9,7,1
92660,16,2,3,0,8,3,0,1,0,1,2,18,2,2,0.0,0.0,0.0,0.0,0.0,2.0,11,6,7
121706,16,3,3,8,11,3,0,1,0,1,2,26,2,1,1.0,0.0,1.0,0.0,0.0,1.0,15,2,9
172638,15,7,0,9,8,3,6,1,0,1,2,18,2,3,1.0,0.0,0.0,1.0,0.0,1.0,20,6,12
83325,16,2,3,17,8,3,0,5,1,1,1,24,2,2,0.0,0.0,0.0,0.0,0.0,2.0,13,2,6
56038,15,7,0,15,8,3,6,6,1,1,2,23,2,2,0.0,0.0,0.0,0.0,0.0,6.0,18,2,5
69586,16,2,1,17,15,3,0,5,1,1,2,24,2,2,0.0,0.0,0.0,0.0,0.0,2.0,21,7,5
9251,16,10,1,17,8,3,6,1,0,1,2,6,2,2,0.0,0.0,0.0,0.0,0.0,3.0,2,7,1
6126,16,2,3,17,2,3,6,5,0,1,2,22,2,2,0.0,0.0,0.0,0.0,0.0,2.0,11,1,1
133542,16,7,1,6,3,3,6,1,0,1,2,24,1,3,2.0,0.0,0.0,2.0,0.0,0.0,21,2,9
35370,16,2,0,10,2,3,0,1,1,1,1,36,2,2,0.0,0.0,0.0,0.0,0.0,3.0,18,6,3
140103,4,2,3,17,6,3,0,1,1,1,2,22,2,2,0.0,0.0,0.0,0.0,0.0,3.0,12,7,10
143875,16,3,4,17,6,3,0,1,0,1,2,36,2,2,0.0,0.0,0.0,0.0,0.0,2.0,17,4,10
26854,16,2,3,10,8,3,0,1,1,0,2,17,2,2,0.0,0.0,0.0,0.0,0.0,3.0,16,4,2
5187,4,2,1,0,0,3,0,1,1,0,2,18,2,2,0.0,0.0,0.0,0.0,0.0,2.0,16,3,1
35460,15,2,3,0,2,3,0,1,0,1,2,5,2,2,0.0,0.0,0.0,0.0,0.0,2.0,12,7,3
43346,15,2,3,17,6,3,0,1,0,1,2,6,2,3,2.0,0.0,0.0,2.0,0.0,0.0,8,6,4
146950,16,2,3,17,8,3,0,5,1,1,2,36,2,2,0.0,0.0,0.0,0.0,0.0,2.0,18,3,10
128026,4,2,1,2,8,3,0,1,0,1,2,24,1,2,0.0,0.0,0.0,0.0,0.0,1.0,0,2,9
32776,16,6,3,10,8,3,6,1,0,1,2,17,2,4,1.0,0.0,0.0,0.0,1.0,3.0,16,6,3
177690,15,2,3,0,11,3,5,5,1,1,1,36,2,2,0.0,0.0,0.0,0.0,0.0,2.0,8,6,12
118707,16,2,3,10,6,3,0,1,1,1,2,17,2,2,0.0,0.0,0.0,0.0,0.0,5.0,8,2,8
110585,16,2,1,17,8,3,0,1,0,1,2,18,3,3,3.0,0.0,0.0,3.0,0.0,1.0,20,5,8
171244,16,2,1,17,8,3,0,5,1,1,2,18,2,2,0.0,0.0,0.0,0.0,0.0,2.0,19,5,11
141547,16,2,3,17,16,3,0,1,1,1,1,36,2,2,0.0,0.0,0.0,0.0,0.0,5.0,10,7,10
80178,16,2,3,10,4,3,0,1,1,1,2,8,2,2,0.0,0.0,0.0,0.0,0.0,2.0,12,4,6
97209,16,2,3,17,8,3,0,1,1,1,2,36,2,2,0.0,0.0,0.0,0.0,0.0,2.0,13,6,7
131888,15,2,4,17,2,3,0,1,1,1,0,18,2,2,0.0,0.0,0.0,0.0,0.0,3.0,18,5,9
1476,15,2,3,17,2,3,0,1,0,1,2,5,2,1,1.0,0.0,1.0,0.0,0.0,2.0,10,2,1
151304,16,2,1,10,8,3,0,1,1,1,1,36,2,2,0.0,0.0,0.0,0.0,0.0,4.0,0,1,10
150658,16,2,3,17,15,3,0,1,1,1,1,36,2,2,0.0,0.0,0.0,0.0,0.0,2.0,13,7,10
59514,16,2,2,17,2,3,0,1,0,1,2,36,2,3,1.0,0.0,0.0,1.0,0.0,2.0,5,2,5
114461,16,2,3,17,2,3,5,5,0,1,2,36,2,2,0.0,0.0,0.0,0.0,0.0,3.0,20,1,8
148787,16,2,1,0,2,3,0,5,0,1,2,17,2,3,1.0,0.0,0.0,1.0,0.0,3.0,4,1,10
65656,4,3,3,17,8,3,0,1,0,1,1,18,2,2,0.0,0.0,0.0,0.0,0.0,2.0,17,1,5
20615,15,2,1,0,8,3,0,1,1,1,2,18,2,2,0.0,0.0,0.0,0.0,0.0,2.0,18,3,2
116605,16,2,3,0,6,3,0,1,1,1,2,18,2,2,0.0,0.0,0.0,0.0,0.0,3.0,13,7,8
58191,15,2,3,17,15,3,0,1,1,1,2,12,2,2,0.0,0.0,0.0,0.0,0.0,2.0,16,4,5
73365,16,2,3,17,11,3,0,1,1,1,1,24,2,2,0.0,0.0,0.0,0.0,0.0,2.0,19,1,6
151043,15,7,3,0,2,3,6,1,1,1,0,18,2,2,0.0,0.0,0.0,0.0,0.0,2.0,11,3,10
133154,15,2,3,0,10,3,0,1,0,1,2,36,2,2,0.0,0.0,0.0,0.0,0.0,2.0,9,1,9
5366,16,11,5,17,2,3,5,5,1,1,2,23,2,2,0.0,0.0,0.0,0.0,0.0,2.0,12,5,1
69191,16,7,1,2,10,3,6,1,0,1,2,13,1,2,0.0,0.0,0.0,0.0,0.0,1.0,2,7,5
73853,15,2,3,0,6,3,0,1,0,1,2,8,2,3,2.0,0.0,0.0,1.0,1.0,0.0,11,3,6
163635,16,2,1,10,3,3,0,1,0,1,2,17,2,2,0.0,0.0,0.0,0.0,0.0,2.0,18,4,11
148793,16,2,1,15,6,3,0,1,1,1,0,36,2,2,0.0,0.0,0.0,0.0,0.0,2.0,5,1,10
102133,15,2,1,17,6,3,0,1,0,1,2,18,2,4,2.0,0.0,0.0,0.0,2.0,0.0,0,4,7
120840,15,2,1,0,6,3,0,1,0,1,2,5,2,3,2.0,0.0,0.0,2.0,0.0,3.0,23,4,9
77369,17,2,3,10,17,3,0,5,1,1,1,36,2,2,0.0,0.0,0.0,0.0,0.0,2.0,19,6,6
54968,16,2,3,8,6,3,0,1,0,1,2,18,2,3,1.0,0.0,0.0,1.0,0.0,1.0,15,1,4
83606,15,2,3,0,6,3,0,1,1,1,2,18,2,2,0.0,0.0,0.0,0.0,0.0,2.0,17,7,6
65082,16,2,1,10,8,5,0,1,1,1,0,36,2,2,0.0,0.0,0.0,0.0,0.0,2.0,21,5,5
122455,4,2,3,9,8,3,0,1,0,1,0,38,2,3,1.0,0.0,0.0,1.0,0.0,1.0,18,6,9
123679,15,2,3,17,15,3,0,1,0,1,2,36,2,4,1.0,0.0,0.0,0.0,1.0,1.0,14,4,9
167425,16,2,3,17,6,3,0,1,0,1,2,36,2,2,0.0,0.0,0.0,0.0,0.0,2.0,13,3,11
123228,15,2,3,0,6,3,0,1,0,1,2,18,2,4,1.0,0.0,0.0,0.0,1.0,2.0,15,5,9
121698,16,2,3,17,3,3,0,1,0,1,1,18,2,2,0.0,0.0,0.0,0.0,0.0,2.0,13,2,9
175737,16,2,1,17,6,3,0,1,0,1,2,18,2,2,0.0,0.0,0.0,0.0,0.0,2.0,17,3,12
137276,16,2,3,10,8,3,0,1,1,1,1,18,2,2,0.0,0.0,0.0,0.0,0.0,2.0,11,4,9
136611,16,2,3,17,2,3,0,1,1,1,2,24,2,2,0.0,0.0,0.0,0.0,0.0,3.0,17,7,9
125828,15,2,3,17,6,3,0,1,1,1,2,36,2,2,0.0,0.0,0.0,0.0,0.0,2.0,14,7,9
187772,4,10,1,0,2,3,4,1,1,1,2,39,2,2,0.0,0.0,0.0,0.0,0.0,2.0,17,3,12
142017,15,2,3,0,2,3,0,5,0,1,2,18,3,2,0.0,0.0,0.0,0.0,0.0,2.0,17,7,10
95154,16,2,1,10,8,3,0,1,1,1,0,19,2,2,0.0,0.0,0.0,0.0,0.0,2.0,23,2,7
31257,16,5,3,17,8,3,6,5,0,1,2,18,2,2,0.0,0.0,0.0,0.0,0.0,3.0,6,2,3
5363,4,2,1,11,2,3,0,1,1,1,0,12,2,2,0.0,0.0,0.0,0.0,0.0,2.0,23,5,1
88523,16,2,3,17,6,3,0,1,1,1,2,18,3,2,0.0,0.0,0.0,0.0,0.0,5.0,15,6,7
141640,16,2,3,17,2,3,0,1,1,1,1,36,2,2,0.0,0.0,0.0,0.0,0.0,2.0,7,5,10
45154,16,2,1,10,6,3,0,5,1,1,2,19,2,2,0.0,0.0,0.0,0.0,0.0,2.0,21,4,4
178644,16,2,3,10,2,3,0,1,1,1,1,36,2,2,0.0,0.0,0.0,0.0,0.0,2.0,10,1,12
33817,16,7,3,15,10,3,6,1,0,1,2,36,3,4,4.0,0.0,0.0,0.0,4.0,1.0,7,1,3
36356,15,2,3,17,11,4,0,1,0,1,2,18,2,2,0.0,0.0,0.0,0.0,0.0,2.0,17,2,3
96883,16,11,1,10,8,3,5,5,1,1,1,36,2,2,0.0,0.0,0.0,0.0,0.0,2.0,23,1,7
22406,15,5,3,0,2,3,6,5,0,1,2,18,2,2,0.0,0.0,0.0,0.0,0.0,3.0,14,5,2
110945,4,2,3,0,12,3,0,1,1,1,2,21,2,2,0.0,0.0,0.0,0.0,0.0,2.0,16,3,8
45746,16,2,3,0,6,3,0,1,0,1,2,36,3,3,1.0,0.0,0.0,1.0,0.0,2.0,14,2,4
34243,16,2,3,17,6,3,0,1,0,1,2,24,2,4,2.0,0.0,0.0,0.0,2.0,0.0,14,4,3
125154,16,3,3,10,2,3,0,1,1,1,1,19,2,2,0.0,0.0,0.0,0.0,0.0,3.0,17,4,9
164870,4,2,1,14,8,3,0,1,1,1,1,36,2,2,0.0,0.0,0.0,0.0,0.0,3.0,16,7,11
33611,16,2,3,0,2,3,0,1,0,1,2,36,2,4,3.0,0.0,0.0,0.0,3.0,0.0,11,6,3
172423,15,2,1,0,6,3,0,1,0,1,2,18,2,2,0.0,0.0,0.0,0.0,0.0,2.0,20,3,12
150254,15,11,5,10,8,3,5,5,1,1,2,36,2,2,0.0,0.0,0.0,0.0,0.0,2.0,15,3,10
32885,16,2,3,17,6,3,0,1,1,1,2,18,2,2,0.0,0.0,0.0,0.0,0.0,3.0,12,1,3
32981,15,2,3,3,10,3,0,5,1,1,2,21,2,2,0.0,0.0,0.0,0.0,0.0,2.0,12,1,3
27952,4,2,1,15,8,3,0,1,1,0,2,26,2,2,0.0,0.0,0.0,0.0,0.0,4.0,21,2,2
188951,17,11,5,0,6,3,5,5,0,1,2,36,2,4,1.0,0.0,0.0,0.0,1.0,3.0,23,7,12
150887,16,2,3,0,8,3,0,1,1,1,2,6,2,2,0.0,0.0,0.0,0.0,0.0,2.0,18,4,10
165330,16,7,0,10,2,3,6,1,1,1,2,12,2,2,0.0,0.0,0.0,0.0,0.0,2.0,18,6,11
149191,16,2,3,0,3,3,0,1,0,1,2,18,2,2,0.0,0.0,0.0,0.0,0.0,2.0,16,7,10
109535,16,2,3,10,2,3,0,1,1,1,1,18,2,2,0.0,0.0,0.0,0.0,0.0,2.0,13,4,8
23465,15,2,3,10,6,3,5,5,1,1,2,36,2,2,0.0,0.0,0.0,0.0,0.0,2.0,11,1,2
46643,16,2,3,10,8,3,0,1,1,1,2,19,2,2,0.0,0.0,0.0,0.0,0.0,2.0,16,4,4
11901,16,2,3,17,3,3,0,1,1,1,1,24,2,2,0.0,0.0,0.0,0.0,0.0,5.0,13,2,1
178274,17,11,3,10,8,2,5,5,1,1,1,26,2,2,0.0,0.0,0.0,0.0,0.0,2.0,13,2,12
75088,4,2,1,0,18,3,0,1,0,1,2,5,2,3,1.0,0.0,0.0,1.0,0.0,1.0,1,6,6
64727,15,2,3,9,15,3,0,1,0,1,2,36,2,4,1.0,0.0,0.0,0.0,1.0,1.0,19,7,5
35222,15,2,3,17,15,3,0,1,0,1,2,18,2,4,1.0,0.0,0.0,0.0,1.0,2.0,9,4,3
155646,15,3,3,0,6,3,6,1,1,1,2,36,2,2,0.0,0.0,0.0,0.0,0.0,3.0,8,5,10
42896,16,2,1,10,6,3,0,1,1,1,2,17,2,2,0.0,0.0,0.0,0.0,0.0,2.0,0,5,4
63966,16,2,3,15,6,3,0,1,1,1,2,36,2,2,0.0,0.0,0.0,0.0,0.0,3.0,18,3,5
134116,4,7,3,15,8,3,6,1,0,1,2,24,2,2,0.0,0.0,0.0,0.0,0.0,2.0,9,3,9
160899,16,10,3,10,2,3,4,1,1,1,2,19,2,2,0.0,0.0,0.0,0.0,0.0,2.0,9,6,11
125122,16,2,1,10,2,3,0,1,1,0,1,17,2,2,0.0,0.0,0.0,0.0,0.0,2.0,20,2,9
28965,16,2,1,2,2,3,0,1,0,1,2,24,1,4,1.0,0.0,0.0,0.0,1.0,0.0,21,3,3
156831,17,2,3,15,6,3,0,1,1,1,1,36,2,2,0.0,0.0,0.0,0.0,0.0,2.0,15,7,11
34862,16,2,3,10,8,3,0,5,1,1,2,36,2,2,0.0,0.0,0.0,0.0,0.0,2.0,14,5,3
119492,15,2,3,15,8,3,0,1,1,1,0,23,2,2,0.0,0.0,0.0,0.0,0.0,2.0,17,5,8
85219,15,2,3,3,8,3,0,1,1,1,2,12,2,2,0.0,0.0,0.0,0.0,0.0,2.0,20,2,6
31440,15,2,3,0,10,3,0,1,1,1,1,36,2,2,0.0,0.0,0.0,0.0,0.0,2.0,9,4,3
72739,16,2,3,17,11,3,0,1,1,1,1,12,2,2,0.0,0.0,0.0,0.0,0.0,3.0,11,6,6
122796,16,2,4,10,8,3,0,1,1,1,2,36,2,2,0.0,0.0,0.0,0.0,0.0,2.0,19,3,9
90192,4,2,3,15,3,3,0,1,1,1,2,36,2,2,0.0,0.0,0.0,0.0,0.0,2.0,18,3,7
167858,15,3,3,17,8,3,6,1,0,1,2,18,2,2,0.0,0.0,0.0,0.0,0.0,2.0,10,1,11
125688,16,2,3,10,4,1,0,1,1,1,2,19,2,2,0.0,0.0,0.0,0.0,0.0,2.0,15,5,9
118165,16,2,3,10,6,3,0,1,1,1,2,19,2,2,0.0,0.0,0.0,0.0,0.0,3.0,13,3,8
187597,16,10,3,17,2,3,6,5,1,1,2,12,2,2,0.0,0.0,0.0,0.0,0.0,3.0,10,6,12
123909,16,2,3,17,8,3,0,1,1,1,2,19,2,2,0.0,0.0,0.0,0.0,0.0,2.0,15,6,9
154606,15,7,3,17,2,3,6,1,1,1,0,18,2,2,0.0,0.0,0.0,0.0,0.0,2.0,16,4,10
55387,16,2,3,17,8,3,0,1,1,1,2,12,2,2,0.0,0.0,0.0,0.0,0.0,2.0,15,7,4
93316,4,2,1,17,8,3,0,1,1,1,1,18,2,2,0.0,0.0,0.0,0.0,0.0,3.0,22,2,7
92610,16,2,3,17,1,3,0,1,1,1,2,36,2,2,0.0,0.0,0.0,0.0,0.0,3.0,15,6,7
87297,15,2,3,10,2,3,0,1,1,1,1,17,2,2,0.0,0.0,0.0,0.0,0.0,3.0,13,7,6
69297,16,2,3,0,6,3,6,1,1,1,2,7,2,2,0.0,0.0,0.0,0.0,0.0,2.0,16,2,5
125655,16,2,3,10,8,3,0,1,0,1,2,36,3,3,1.0,0.0,0.0,1.0,0.0,3.0,8,3,9
181939,15,7,3,0,8,3,6,1,0,1,2,39,2,3,1.0,0.0,0.0,1.0,0.0,3.0,8,2,12
56929,16,2,1,0,8,3,6,2,1,1,1,18,2,2,0.0,0.0,0.0,0.0,0.0,4.0,20,5,5