crash_date,               traffic_control_device,weather_condition,lighting_condition,first_crash_type,trafficway_type,alignment,roadway_surface_cond,road_defect,crash_type,intersection_related_i,damage,prim_contributory_cause,num_units,most_severe_injury,injuries_total,injuries_fatal,injuries_incapacitating,injuries_non_incapacitating,injuries_reported_not_evident,injuries_no_indication,crash_hour,crash_day_of_week,crash_month
57525,16,2,3,10,11,2,0,1,0,1,2,17,3,2,0.0,0.0,0.0,0.0,0.0,10.0,17,6,5
115906,15,2,3,17,10,3,0,1,1,1,1,5,2,2,0.0,0.0,0.0,0.0,0.0,2.0,10,2,8
97320,15,2,1,17,8,3,0,1,1,1,2,18,2,2,0.0,0.0,0.0,0.0,0.0,2.0,3,1,7
150117,15,2,3,11,2,3,0,1,0,1,2,21,2,3,1.0,0.0,0.0,1.0,0.0,1.0,14,7,10
94611,4,2,1,8,10,3,0,1,0,1,0,38,2,3,1.0,0.0,0.0,1.0,0.0,3.0,21,7,7
8999,15,10,1,2,8,3,4,1,0,1,1,13,1,4,1.0,0.0,0.0,0.0,1.0,0.0,18,4,1
29097,16,2,1,10,3,3,0,1,0,1,2,36,2,2,0.0,0.0,0.0,0.0,0.0,3.0,3,7,3
69829,15,2,3,0,6,3,0,5,0,1,2,18,2,1,4.0,0.0,2.0,2.0,0.0,0.0,14,5,5
177273,16,2,3,10,8,3,2,2,0,1,2,17,3,2,0.0,0.0,0.0,0.0,0.0,3.0,11,2,12
77209,16,4,1,0,8,3,6,5,0,1,2,6,2,2,0.0,0.0,0.0,0.0,0.0,3.0,0,2,6
143867,15,11,5,0,8,3,5,5,1,1,2,36,2,2,0.0,0.0,0.0,0.0,0.0,2.0,16,4,10
88958,16,2,3,17,11,3,0,1,1,1,1,12,2,2,0.0,0.0,0.0,0.0,0.0,2.0,5,4,7
175599,15,2,3,0,11,3,0,1,1,1,2,38,2,2,0.0,0.0,0.0,0.0,0.0,2.0,10,6,12
62122,16,2,3,15,8,3,0,1,1,1,1,36,2,2,0.0,0.0,0.0,0.0,0.0,2.0,13,1,5
92595,15,2,3,8,8,3,0,1,1,1,0,36,2,2,0.0,0.0,0.0,0.0,0.0,2.0,13,6,7
99067,16,2,1,17,2,3,0,5,1,1,2,24,2,2,0.0,0.0,0.0,0.0,0.0,4.0,22,6,7
56018,16,7,1,17,3,3,6,1,1,1,2,36,2,2,0.0,0.0,0.0,0.0,0.0,2.0,20,1,5
45251,16,2,3,10,2,3,0,5,1,1,2,36,2,2,0.0,0.0,0.0,0.0,0.0,3.0,16,6,4
2671,15,2,3,17,8,3,0,1,1,1,0,18,2,2,0.0,0.0,0.0,0.0,0.0,2.0,13,5,1
129622,15,2,1,0,8,3,0,1,0,1,2,18,2,2,0.0,0.0,0.0,0.0,0.0,2.0,20,2,9
24649,16,2,3,0,6,3,0,1,0,1,2,18,2,2,0.0,0.0,0.0,0.0,0.0,4.0,13,2,2
122477,16,2,3,15,8,3,0,1,1,1,2,18,2,2,0.0,0.0,0.0,0.0,0.0,2.0,10,6,9
169290,15,2,1,0,6,3,0,1,0,1,2,36,2,4,1.0,0.0,0.0,0.0,1.0,2.0,17,2,11
24504,15,2,3,10,8,3,0,1,1,1,0,19,2,2,0.0,0.0,0.0,0.0,0.0,2.0,15,5,2
112749,16,2,3,17,8,3,0,1,0,1,2,18,2,2,0.0,0.0,0.0,0.0,0.0,4.0,12,2,8
18546,15,10,3,17,15,2,4,1,1,1,2,39,2,2,0.0,0.0,0.0,0.0,0.0,2.0,8,2,2
157828,16,2,3,17,3,3,0,1,1,1,2,6,2,2,0.0,0.0,0.0,0.0,0.0,2.0,7,6,11
1652,16,7,2,0,6,3,6,5,1,1,2,6,3,2,0.0,0.0,0.0,0.0,0.0,5.0,6,7,1
85493,16,7,3,0,6,3,6,1,0,1,2,6,2,4,1.0,0.0,0.0,0.0,1.0,1.0,15,7,6
12047,16,2,3,17,2,3,0,1,0,1,2,4,2,1,1.0,0.0,1.0,0.0,0.0,1.0,8,6,1
176321,15,2,1,0,2,3,0,1,1,1,2,36,2,2,0.0,0.0,0.0,0.0,0.0,2.0,19,5,12
63624,4,2,3,0,8,3,0,1,1,1,2,15,2,2,0.0,0.0,0.0,0.0,0.0,3.0,11,3,5
54473,16,2,3,15,8,3,0,1,1,1,2,18,2,2,0.0,0.0,0.0,0.0,0.0,2.0,17,7,4
113586,15,2,1,0,8,4,0,1,0,1,2,5,3,1,2.0,0.0,1.0,1.0,0.0,1.0,22,7,8
127358,16,2,3,17,6,3,0,1,1,1,2,19,2,2,0.0,0.0,0.0,0.0,0.0,2.0,16,6,9
5012,15,3,3,0,8,3,0,1,0,1,2,18,2,4,1.0,0.0,0.0,0.0,1.0,1.0,13,6,1
140034,16,7,1,9,2,3,6,5,0,1,0,36,2,3,1.0,0.0,0.0,1.0,0.0,2.0,23,6,10
163323,16,2,1,10,8,3,0,1,0,1,2,17,2,2,0.0,0.0,0.0,0.0,0.0,3.0,17,1,11
98984,15,2,1,0,6,3,0,1,1,1,1,18,2,2,0.0,0.0,0.0,0.0,0.0,2.0,20,5,7
75120,16,2,3,17,2,3,0,1,1,1,0,11,2,2,0.0,0.0,0.0,0.0,0.0,4.0,17,6,6
81064,16,2,3,15,8,3,0,1,1,1,1,36,2,2,0.0,0.0,0.0,0.0,0.0,2.0,6,3,6
143842,16,2,1,17,6,3,0,1,0,1,2,18,2,2,0.0,0.0,0.0,0.0,0.0,4.0,0,3,10
150605,16,7,3,10,2,3,6,1,1,1,2,17,3,2,0.0,0.0,0.0,0.0,0.0,8.0,16,6,10
15184,15,11,5,2,8,3,5,1,0,1,2,36,1,2,0.0,0.0,0.0,0.0,0.0,1.0,16,6,2
95341,4,2,3,0,8,3,0,1,1,0,2,36,2,2,0.0,0.0,0.0,0.0,0.0,2.0,18,6,7
174969,16,2,3,15,3,3,0,1,1,1,0,23,2,2,0.0,0.0,0.0,0.0,0.0,2.0,7,4,12
152342,4,2,1,0,8,3,0,1,1,1,1,18,2,2,0.0,0.0,0.0,0.0,0.0,3.0,0,6,10
131595,4,2,3,10,8,3,0,1,0,1,2,26,2,2,0.0,0.0,0.0,0.0,0.0,3.0,9,2,9
123363,16,7,3,17,8,3,6,1,0,1,2,17,3,3,1.0,0.0,0.0,1.0,0.0,2.0,13,5,9
140607,16,2,1,17,2,3,0,1,1,1,2,18,2,2,0.0,0.0,0.0,0.0,0.0,4.0,1,1,10
52714,16,2,3,0,6,3,0,1,1,1,2,17,3,2,0.0,0.0,0.0,0.0,0.0,3.0,9,6,4
141076,16,7,1,0,3,3,6,1,0,1,2,6,2,3,1.0,0.0,0.0,1.0,0.0,1.0,5,7,10
104435,4,2,3,17,8,3,0,1,0,1,2,18,2,3,2.0,0.0,0.0,2.0,0.0,1.0,11,3,8
44709,15,2,3,0,8,3,0,1,0,1,2,18,2,3,1.0,0.0,0.0,1.0,0.0,2.0,17,3,4
95108,16,2,3,15,8,3,0,1,1,1,2,36,2,2,0.0,0.0,0.0,0.0,0.0,6.0,14,2,7
78817,4,2,3,17,2,3,0,1,1,1,2,24,2,2,0.0,0.0,0.0,0.0,0.0,2.0,16,5,6
149606,16,2,3,0,6,3,0,1,0,1,2,17,2,4,3.0,0.0,0.0,0.0,3.0,6.0,7,7,10
115249,16,2,3,9,2,3,0,1,0,1,0,26,2,1,1.0,0.0,1.0,0.0,0.0,1.0,8,5,8
49834,16,2,3,15,8,3,0,1,1,1,1,24,2,2,0.0,0.0,0.0,0.0,0.0,2.0,18,2,4
89215,4,2,3,15,8,3,0,1,1,1,2,11,2,2,0.0,0.0,0.0,0.0,0.0,2.0,14,2,7
14389,16,10,3,9,6,3,4,1,0,1,0,17,2,4,1.0,0.0,0.0,0.0,1.0,1.0,16,7,1
175230,4,2,1,0,0,3,5,5,1,1,2,26,2,2,0.0,0.0,0.0,0.0,0.0,2.0,0,2,12
102040,15,2,3,17,8,3,0,1,0,1,2,18,2,3,3.0,0.0,0.0,3.0,0.0,1.0,19,3,7
161046,16,2,4,10,2,3,6,1,1,1,2,19,2,2,0.0,0.0,0.0,0.0,0.0,5.0,15,3,11
143869,16,2,3,17,8,3,0,5,1,1,0,23,2,2,0.0,0.0,0.0,0.0,0.0,2.0,17,4,10
165852,16,7,1,9,6,3,6,5,0,1,0,36,2,3,1.0,0.0,0.0,1.0,0.0,1.0,17,2,11
112401,16,2,1,17,2,3,6,1,1,1,1,18,2,2,0.0,0.0,0.0,0.0,0.0,2.0,5,6,8
39466,16,2,3,17,6,3,0,5,1,1,2,23,2,2,0.0,0.0,0.0,0.0,0.0,2.0,13,4,3
187805,16,2,3,10,6,3,0,1,1,1,2,17,2,2,0.0,0.0,0.0,0.0,0.0,2.0,10,3,12
45234,16,2,3,8,2,3,0,1,0,1,2,6,3,3,1.0,0.0,0.0,1.0,0.0,2.0,13,6,4
1380,15,3,3,14,6,3,0,1,0,1,2,5,3,3,1.0,0.0,0.0,1.0,0.0,1.0,14,4,1
188057,16,3,3,10,2,3,4,1,1,1,2,36,2,2,0.0,0.0,0.0,0.0,0.0,2.0,12,4,12
30302,15,2,0,8,6,3,0,1,1,1,0,36,2,2,0.0,0.0,0.0,0.0,0.0,4.0,22,6,3
154427,15,2,3,0,8,3,0,1,0,1,2,5,2,2,0.0,0.0,0.0,0.0,0.0,2.0,15,6,10
54626,16,2,4,0,2,3,0,1,0,1,2,6,2,3,2.0,0.0,0.0,2.0,0.0,2.0,19,7,4
1402,15,2,1,10,8,3,0,1,1,1,2,17,2,2,0.0,0.0,0.0,0.0,0.0,3.0,18,4,1
98876,15,2,3,17,8,3,0,1,1,1,1,18,2,2,0.0,0.0,0.0,0.0,0.0,2.0,9,2,7
162435,16,2,3,10,2,3,0,1,0,1,0,19,2,4,2.0,0.0,0.0,0.0,2.0,1.0,13,1,11
144483,16,7,3,14,6,3,6,1,1,1,2,36,2,2,0.0,0.0,0.0,0.0,0.0,5.0,6,5,10
101979,16,11,1,15,3,3,5,5,1,1,1,12,2,2,0.0,0.0,0.0,0.0,0.0,5.0,21,1,7
157481,16,7,1,10,2,3,6,1,1,1,1,36,2,2,0.0,0.0,0.0,0.0,0.0,2.0,22,7,11
53868,17,11,1,0,6,3,5,5,1,1,2,6,2,2,0.0,0.0,0.0,0.0,0.0,2.0,7,4,4
161375,16,2,3,17,8,3,0,1,1,1,1,18,2,2,0.0,0.0,0.0,0.0,0.0,2.0,13,7,11
128092,16,2,0,10,8,3,0,5,1,1,1,19,2,2,0.0,0.0,0.0,0.0,0.0,2.0,0,3,9
1167,4,2,3,7,8,3,0,1,1,1,2,36,2,2,0.0,0.0,0.0,0.0,0.0,1.0,14,6,1
126575,17,2,4,17,0,3,0,5,1,1,1,36,2,2,0.0,0.0,0.0,0.0,0.0,2.0,23,4,9
169724,4,10,3,10,8,3,4,1,1,1,1,36,2,2,0.0,0.0,0.0,0.0,0.0,2.0,9,2,11
133859,16,2,1,17,6,3,0,1,1,1,2,24,2,2,0.0,0.0,0.0,0.0,0.0,3.0,1,6,9
177283,16,2,3,9,3,3,0,5,0,1,2,36,2,3,1.0,0.0,0.0,1.0,0.0,1.0,15,3,12
169783,16,7,1,10,6,3,6,1,1,1,1,19,2,2,0.0,0.0,0.0,0.0,0.0,3.0,17,3,11
149080,16,2,3,17,6,3,0,1,1,1,2,18,2,2,0.0,0.0,0.0,0.0,0.0,2.0,12,6,10
74038,16,2,3,17,2,3,6,1,0,1,2,36,2,4,1.0,0.0,0.0,0.0,1.0,1.0,8,4,6
105546,4,2,3,10,2,3,0,1,1,1,2,36,2,2,0.0,0.0,0.0,0.0,0.0,2.0,18,7,8
129092,4,2,3,10,8,3,0,1,1,1,1,18,2,2,0.0,0.0,0.0,0.0,0.0,4.0,16,2,9
2363,16,10,1,15,8,3,4,5,0,1,2,20,2,2,0.0,0.0,0.0,0.0,0.0,3.0,21,1,1
161914,4,7,3,17,8,3,6,1,1,1,1,18,2,2,0.0,0.0,0.0,0.0,0.0,2.0,11,1,11
78598,15,7,2,17,6,3,6,1,0,1,2,36,2,4,1.0,0.0,0.0,0.0,1.0,3.0,15,3,6
53091,16,2,1,17,6,3,0,1,0,1,2,18,2,3,1.0,0.0,0.0,1.0,0.0,1.0,3,5,4
41611,16,2,1,9,8,3,0,1,0,1,0,18,2,1,1.0,0.0,1.0,0.0,0.0,1.0,23,3,3
72789,16,2,3,0,6,3,0,1,0,1,2,36,2,1,3.0,0.0,2.0,1.0,0.0,0.0,19,1,6
72000,4,2,1,10,8,3,0,5,1,1,2,19,2,2,0.0,0.0,0.0,0.0,0.0,3.0,21,2,6
51019,16,3,3,17,8,3,6,3,0,1,2,24,2,3,1.0,0.0,0.0,1.0,0.0,4.0,16,4,4
72143,16,2,3,17,19,3,0,1,1,1,2,22,2,2,0.0,0.0,0.0,0.0,0.0,2.0,13,5,6
138304,6,2,3,17,6,3,0,1,1,1,0,36,2,2,0.0,0.0,0.0,0.0,0.0,3.0,15,4,10
30563,15,2,1,5,8,3,0,1,1,1,2,26,1,2,0.0,0.0,0.0,0.0,0.0,2.0,4,3,3
17272,16,2,1,17,6,3,0,1,1,1,2,18,2,2,0.0,0.0,0.0,0.0,0.0,3.0,11,1,2
49389,15,2,1,10,2,3,0,1,0,1,2,36,2,3,2.0,0.0,0.0,2.0,0.0,1.0,20,3,4
130220,16,2,3,17,3,3,0,1,1,1,2,36,3,2,0.0,0.0,0.0,0.0,0.0,5.0,10,3,9
49032,16,7,0,10,2,3,6,1,1,1,1,19,2,2,0.0,0.0,0.0,0.0,0.0,3.0,4,1,4
96120,4,2,3,17,2,3,0,1,1,1,2,18,2,2,0.0,0.0,0.0,0.0,0.0,2.0,7,3,7
38978,16,2,3,17,8,3,0,1,1,1,1,36,2,2,0.0,0.0,0.0,0.0,0.0,2.0,13,1,3
75239,15,2,3,0,6,3,0,1,0,1,2,17,2,3,3.0,0.0,0.0,1.0,2.0,2.0,14,2,6
160064,16,2,1,17,2,3,0,1,0,1,2,36,2,2,0.0,0.0,0.0,0.0,0.0,3.0,19,3,11
105980,16,2,1,0,8,3,0,1,0,1,2,36,2,3,1.0,0.0,0.0,1.0,0.0,1.0,21,5,8
44244,16,2,1,17,2,3,0,4,1,1,2,26,2,2,0.0,0.0,0.0,0.0,0.0,8.0,22,6,4
122881,9,2,3,17,10,3,0,1,0,1,2,11,2,2,0.0,0.0,0.0,0.0,0.0,2.0,10,4,9
114147,4,7,3,17,3,3,6,1,0,1,2,18,2,3,1.0,0.0,0.0,1.0,0.0,2.0,12,2,8
109009,4,2,3,17,8,3,0,1,0,1,2,18,2,2,0.0,0.0,0.0,0.0,0.0,2.0,14,3,8
77790,16,2,3,17,6,3,0,1,0,1,2,18,2,2,0.0,0.0,0.0,0.0,0.0,2.0,9,4,6
104740,15,2,3,0,8,3,0,1,0,1,2,36,2,2,0.0,0.0,0.0,0.0,0.0,2.0,12,6,8
130780,15,2,3,10,8,3,0,1,1,1,2,36,2,2,0.0,0.0,0.0,0.0,0.0,4.0,8,4,9
112137,15,2,1,0,8,3,0,1,0,1,2,5,2,3,2.0,0.0,0.0,2.0,0.0,1.0,1,1,8
145653,4,2,3,0,6,3,5,5,0,1,2,36,3,2,0.0,0.0,0.0,0.0,0.0,2.0,17,7,10
88599,17,2,1,17,2,3,0,5,0,1,2,36,2,3,2.0,0.0,0.0,2.0,0.0,2.0,2,7,7
20708,16,2,3,0,11,3,6,1,0,1,2,16,3,4,1.0,0.0,0.0,0.0,1.0,4.0,8,4,2
14101,16,2,3,17,2,3,6,1,1,1,2,36,3,2,0.0,0.0,0.0,0.0,0.0,2.0,10,1,1
18899,17,10,3,17,15,3,4,1,1,1,0,36,2,2,0.0,0.0,0.0,0.0,0.0,2.0,13,1,2
107220,16,2,3,10,10,3,0,1,1,1,1,17,2,2,0.0,0.0,0.0,0.0,0.0,3.0,7,2,8
54276,4,2,3,0,6,3,0,1,0,1,2,36,2,3,2.0,0.0,0.0,2.0,0.0,0.0,17,3,4
175383,15,11,1,0,2,3,5,5,0,1,1,18,2,2,0.0,0.0,0.0,0.0,0.0,2.0,19,6,12
59147,16,7,3,10,2,3,6,1,1,1,0,19,2,2,0.0,0.0,0.0,0.0,0.0,2.0,10,3,5
65296,16,2,3,10,8,3,0,1,1,1,0,19,2,2,0.0,0.0,0.0,0.0,0.0,3.0,13,4,5
22851,16,10,1,15,6,3,4,5,1,1,1,22,2,2,0.0,0.0,0.0,0.0,0.0,3.0,20,5,2
2475,16,2,1,17,8,3,0,1,1,1,2,23,2,2,0.0,0.0,0.0,0.0,0.0,3.0,20,7,1
182604,4,2,1,0,0,3,0,1,1,1,0,18,2,2,0.0,0.0,0.0,0.0,0.0,5.0,21,4,12
154550,4,2,3,15,10,3,0,1,1,0,0,18,2,2,0.0,0.0,0.0,0.0,0.0,3.0,8,3,10
136941,15,2,1,7,10,3,0,1,1,1,1,21,2,2,0.0,0.0,0.0,0.0,0.0,1.0,19,6,9
170676,16,2,3,0,8,3,0,1,0,1,2,36,2,4,1.0,0.0,0.0,0.0,1.0,1.0,6,3,11
182315,15,2,1,17,18,3,0,5,0,1,2,6,2,3,2.0,0.0,0.0,1.0,1.0,0.0,3,2,12
5147,16,2,1,17,2,3,0,1,0,1,2,18,2,4,1.0,0.0,0.0,0.0,1.0,1.0,17,2,1
179932,15,7,3,0,8,3,6,1,0,1,2,36,2,2,0.0,0.0,0.0,0.0,0.0,2.0,12,4,12
153289,15,2,3,0,8,3,0,5,0,1,1,18,2,2,0.0,0.0,0.0,0.0,0.0,3.0,14,1,10
127265,16,2,3,17,2,3,0,1,0,1,2,18,2,2,0.0,0.0,0.0,0.0,0.0,2.0,16,5,9
188777,4,2,1,2,3,3,0,1,0,1,2,36,1,3,2.0,0.0,0.0,2.0,0.0,1.0,23,3,12
161855,15,2,3,0,8,3,0,1,1,1,2,36,2,2,0.0,0.0,0.0,0.0,0.0,2.0,12,7,11
160983,16,2,3,17,2,3,0,1,0,1,2,6,2,2,0.0,0.0,0.0,0.0,0.0,2.0,13,1,11
69426,16,2,3,17,6,3,0,1,0,1,2,18,2,3,2.0,0.0,0.0,2.0,0.0,1.0,7,5,5
34231,15,7,3,0,6,3,6,1,1,1,2,5,2,2,0.0,0.0,0.0,0.0,0.0,3.0,12,2,3
11692,16,10,1,0,11,2,6,5,0,1,1,36,2,4,1.0,0.0,0.0,0.0,1.0,1.0,5,1,1
187771,16,10,1,10,3,3,6,5,1,1,0,39,2,2,0.0,0.0,0.0,0.0,0.0,2.0,17,3,12
186560,16,7,3,15,2,3,6,1,1,1,1,22,2,2,0.0,0.0,0.0,0.0,0.0,2.0,14,5,12
122459,4,2,3,7,8,3,0,1,1,1,0,26,3,2,0.0,0.0,0.0,0.0,0.0,2.0,18,6,9
39749,16,2,3,10,8,3,6,1,1,1,1,19,2,2,0.0,0.0,0.0,0.0,0.0,2.0,13,1,3
28845,16,2,1,10,8,3,0,1,0,1,2,36,2,2,0.0,0.0,0.0,0.0,0.0,2.0,22,7,3
65702,15,3,3,0,8,3,0,1,1,1,1,18,2,2,0.0,0.0,0.0,0.0,0.0,2.0,15,2,5
105600,16,2,3,10,8,3,0,1,1,1,2,19,2,2,0.0,0.0,0.0,0.0,0.0,3.0,9,5,8
121084,16,11,1,15,6,3,5,5,0,1,2,36,2,4,1.0,0.0,0.0,0.0,1.0,2.0,22,1,9
176291,16,2,3,0,8,3,0,1,0,1,2,36,2,3,3.0,0.0,0.0,3.0,0.0,0.0,14,5,12
34907,4,2,1,0,2,3,0,1,0,1,2,18,2,2,0.0,0.0,0.0,0.0,0.0,2.0,20,5,3
177999,16,2,3,17,5,3,0,5,1,1,0,36,2,2,0.0,0.0,0.0,0.0,0.0,3.0,10,6,12
108240,16,2,3,17,11,3,0,1,0,1,2,36,2,3,1.0,0.0,0.0,1.0,0.0,1.0,16,4,8
118478,4,2,3,17,2,3,0,1,0,1,2,18,2,3,3.0,0.0,0.0,3.0,0.0,0.0,14,6,8
100737,15,2,3,0,11,3,0,1,1,1,1,36,2,2,0.0,0.0,0.0,0.0,0.0,2.0,16,3,7
70228,16,2,3,10,2,3,0,1,0,1,2,19,2,4,1.0,0.0,0.0,0.0,1.0,2.0,18,3,5
4232,16,2,1,0,15,3,0,1,0,1,2,18,2,3,3.0,0.0,0.0,3.0,0.0,0.0,21,2,1
42903,15,2,1,0,8,3,0,1,0,1,2,5,3,1,5.0,0.0,1.0,4.0,0.0,5.0,1,6,4
152324,4,2,3,2,8,3,0,1,1,1,0,24,1,2,0.0,0.0,0.0,0.0,0.0,1.0,9,6,10
97867,16,2,3,10,8,3,0,5,0,1,2,17,3,4,1.0,0.0,0.0,0.0,1.0,2.0,8,2,7
98686,15,2,0,0,6,3,0,1,1,1,2,18,2,2,0.0,0.0,0.0,0.0,0.0,2.0,21,1,7
177689,16,2,3,17,11,3,0,1,1,1,2,18,2,2,0.0,0.0,0.0,0.0,0.0,5.0,8,6,12
42290,16,2,3,17,2,3,0,1,1,1,2,6,2,2,0.0,0.0,0.0,0.0,0.0,4.0,8,7,4
104508,16,2,3,10,15,3,0,1,0,1,2,36,3,4,1.0,0.0,0.0,0.0,1.0,2.0,11,5,8
169054,15,2,3,0,6,3,0,1,0,1,2,18,2,3,1.0,0.0,0.0,1.0,0.0,2.0,13,1,11
114759,15,2,1,17,15,3,0,1,0,1,2,23,2,4,1.0,0.0,0.0,0.0,1.0,1.0,1,6,8
10038,16,2,3,17,2,3,0,1,1,1,0,18,2,2,0.0,0.0,0.0,0.0,0.0,2.0,14,7,1
178659,15,3,3,0,15,3,0,1,0,1,2,36,2,2,0.0,0.0,0.0,0.0,0.0,2.0,13,2,12
47955,16,2,1,2,6,3,0,1,0,0,2,36,1,2,0.0,0.0,0.0,0.0,0.0,1.0,22,5,4
6288,4,2,3,0,8,3,0,1,1,1,2,23,2,2,0.0,0.0,0.0,0.0,0.0,2.0,13,6,1
144218,15,2,3,9,8,3,0,1,0,1,2,18,2,4,1.0,0.0,0.0,0.0,1.0,1.0,9,7,10
68550,16,2,3,9,6,3,0,1,0,0,2,36,3,3,1.0,0.0,0.0,1.0,0.0,4.0,1,7,5
65434,16,2,3,10,8,3,0,1,1,0,0,19,2,2,0.0,0.0,0.0,0.0,0.0,2.0,11,5,5
20912,16,3,3,17,6,3,0,5,1,0,2,24,2,2,0.0,0.0,0.0,0.0,0.0,2.0,15,1,2
170010,16,11,5,15,6,3,5,5,1,1,2,36,2,2,0.0,0.0,0.0,0.0,0.0,2.0,6,1,11
150236,15,2,3,9,10,3,0,5,0,1,2,18,2,3,1.0,0.0,0.0,1.0,0.0,1.0,10,1,10
140031,4,7,3,17,8,3,6,1,1,1,2,24,2,2,0.0,0.0,0.0,0.0,0.0,2.0,11,6,10
93010,16,2,3,3,8,4,0,1,1,1,2,36,2,2,0.0,0.0,0.0,0.0,0.0,2.0,13,4,7
5749,16,2,3,11,8,3,5,5,1,1,1,21,2,2,0.0,0.0,0.0,0.0,0.0,3.0,13,4,1
82807,4,2,0,2,14,3,0,1,0,0,2,36,1,4,1.0,0.0,0.0,0.0,1.0,0.0,22,6,6
62073,15,7,1,0,2,3,6,1,0,1,2,5,2,4,1.0,0.0,0.0,0.0,1.0,1.0,20,6,5
98556,16,2,3,8,6,3,0,1,0,1,2,6,2,3,1.0,0.0,0.0,1.0,0.0,1.0,9,5,7
56118,15,2,3,17,8,3,0,1,1,1,2,18,2,2,0.0,0.0,0.0,0.0,0.0,2.0,13,4,5
97141,16,2,3,17,8,3,0,1,1,1,2,18,2,2,0.0,0.0,0.0,0.0,0.0,8.0,9,4,7
83685,16,2,3,15,11,3,0,1,1,1,1,23,2,2,0.0,0.0,0.0,0.0,0.0,2.0,16,6,6
78838,16,2,3,10,8,3,0,1,1,1,2,19,2,2,0.0,0.0,0.0,0.0,0.0,2.0,8,5,6
58775,16,7,3,0,8,3,6,1,0,1,2,6,2,2,0.0,0.0,0.0,0.0,0.0,2.0,16,6,5
136521,16,2,3,15,8,3,0,1,0,1,2,36,2,3,1.0,0.0,0.0,1.0,0.0,2.0,13,6,9
3810,15,2,3,17,15,3,0,1,1,1,2,36,2,2,0.0,0.0,0.0,0.0,0.0,2.0,14,4,1
34709,16,2,3,17,8,3,0,1,0,1,2,6,2,2,0.0,0.0,0.0,0.0,0.0,2.0,11,3,3
78535,16,7,1,10,6,3,6,5,1,1,2,19,2,2,0.0,0.0,0.0,0.0,0.0,4.0,18,2,6
66377,16,7,0,10,8,3,6,1,0,1,2,17,9,2,0.0,0.0,0.0,0.0,0.0,2.0,3,7,5
13009,16,2,1,10,8,3,0,1,1,1,2,19,2,2,0.0,0.0,0.0,0.0,0.0,2.0,18,1,1
6547,15,2,3,0,8,3,0,1,0,1,2,18,2,2,0.0,0.0,0.0,0.0,0.0,4.0,15,1,1
171020,4,2,2,14,2,3,0,1,1,1,0,36,2,2,0.0,0.0,0.0,0.0,0.0,2.0,18,3,11
172584,16,2,3,10,2,3,0,1,1,1,2,19,2,2,0.0,0.0,0.0,0.0,0.0,2.0,15,6,12
36127,4,2,3,17,8,3,0,1,1,1,2,17,2,2,0.0,0.0,0.0,0.0,0.0,2.0,13,6,3
146613,15,2,1,7,8,3,0,1,0,1,2,36,3,2,0.0,0.0,0.0,0.0,0.0,3.0,21,6,10
82930,17,2,4,17,8,3,0,5,1,1,1,36,2,2,0.0,0.0,0.0,0.0,0.0,3.0,21,2,6
124508,16,2,3,17,2,3,0,1,1,1,2,36,2,2,0.0,0.0,0.0,0.0,0.0,4.0,12,7,9
72938,4,2,3,15,8,3,0,1,1,1,2,18,2,2,0.0,0.0,0.0,0.0,0.0,4.0,12,1,6
21306,16,2,3,15,6,3,0,1,1,1,1,22,2,2,0.0,0.0,0.0,0.0,0.0,2.0,6,6,2
137136,16,2,3,10,3,3,0,1,1,1,2,8,2,2,0.0,0.0,0.0,0.0,0.0,2.0,14,1,9
178560,15,2,1,0,8,3,6,1,0,1,2,36,5,3,2.0,0.0,0.0,2.0,0.0,2.0,20,7,12
168588,15,2,1,0,6,3,0,1,1,1,2,5,2,2,0.0,0.0,0.0,0.0,0.0,9.0,20,7,11
76372,16,2,1,15,6,3,0,1,1,1,2,36,2,2,0.0,0.0,0.0,0.0,0.0,3.0,21,5,6
15050,15,2,1,0,6,3,0,5,0,1,2,24,2,3,2.0,0.0,0.0,2.0,0.0,3.0,22,4,1
1992,15,2,3,0,2,3,0,1,1,1,1,18,2,2,0.0,0.0,0.0,0.0,0.0,2.0,15,6,1
184124,15,2,1,0,6,3,0,1,0,1,2,5,2,3,2.0,0.0,0.0,1.0,1.0,1.0,21,7,12
138345,16,7,3,10,8,3,6,1,0,1,2,19,2,4,2.0,0.0,0.0,0.0,2.0,1.0,8,4,10
88000,16,2,3,17,6,3,0,1,0,1,2,24,3,1,2.0,0.0,1.0,1.0,0.0,1.0,17,4,7
127207,16,7,3,17,2,3,6,1,0,1,2,24,2,2,0.0,0.0,0.0,0.0,0.0,2.0,7,4,9
53399,16,2,3,17,6,3,0,1,0,1,2,18,2,4,1.0,0.0,0.0,0.0,1.0,1.0,18,5,4
116192,16,2,3,17,1,3,0,1,1,1,2,24,2,2,0.0,0.0,0.0,0.0,0.0,2.0,10,5,8
64214,16,2,3,17,8,3,0,1,0,1,2,18,2,3,1.0,0.0,0.0,1.0,0.0,1.0,6,6,5
183491,16,2,1,15,8,3,0,1,1,1,2,23,2,2,0.0,0.0,0.0,0.0,0.0,2.0,23,4,12
170142,15,2,4,0,8,3,0,1,1,1,2,18,2,2,0.0,0.0,0.0,0.0,0.0,2.0,16,2,11
94502,15,2,3,17,15,3,0,5,1,1,2,18,2,2,0.0,0.0,0.0,0.0,0.0,2.0,11,7,7