crash_date,               traffic_control_device,weather_condition,lighting_condition,first_crash_type,trafficway_type,alignment,roadway_surface_cond,road_defect,crash_type,intersection_related_i,damage,prim_contributory_cause,num_units,most_severe_injury,injuries_total,injuries_fatal,injuries_incapacitating,injuries_non_incapacitating,injuries_reported_not_evident,injuries_no_indication,crash_hour,crash_day_of_week,crash_month
187098,15,2,3,0,11,3,0,1,0,1,2,18,2,2,0.0,0.0,0.0,0.0,0.0,3.0,14,6,12
118181,16,2,3,17,6,3,0,1,0,1,2,36,2,3,2.0,0.0,0.0,2.0,0.0,4.0,15,3,8
73747,16,2,1,0,6,3,0,1,0,1,2,18,2,2,0.0,0.0,0.0,0.0,0.0,3.0,4,1,6
37543,15,2,3,17,18,3,0,1,1,1,2,18,2,2,0.0,0.0,0.0,0.0,0.0,2.0,8,4,3
20693,16,2,0,10,8,3,6,1,1,1,2,22,2,2,0.0,0.0,0.0,0.0,0.0,2.0,18,4,2
79462,16,7,3,0,8,3,6,5,0,1,2,6,2,2,0.0,0.0,0.0,0.0,0.0,3.0,14,7,6
89923,16,2,3,8,8,3,0,1,0,1,0,6,2,4,1.0,0.0,0.0,0.0,1.0,1.0,8,5,7
63030,16,3,3,17,8,3,6,1,1,1,2,18,2,2,0.0,0.0,0.0,0.0,0.0,2.0,11,1,5
41767,4,2,3,17,6,3,0,5,1,1,2,18,2,2,0.0,0.0,0.0,0.0,0.0,2.0,15,7,3
68612,16,2,1,0,6,3,0,1,0,1,2,18,2,2,0.0,0.0,0.0,0.0,0.0,3.0,0,7,5
62586,16,2,3,10,2,3,0,1,1,1,1,19,2,2,0.0,0.0,0.0,0.0,0.0,2.0,11,2,5
20605,16,2,3,15,3,3,0,5,1,1,2,36,2,2,0.0,0.0,0.0,0.0,0.0,2.0,17,3,2
166155,15,7,3,0,2,3,6,1,1,1,2,18,2,2,0.0,0.0,0.0,0.0,0.0,2.0,12,3,11
38328,16,3,4,0,6,3,6,1,0,1,2,6,2,3,1.0,0.0,0.0,1.0,0.0,1.0,18,4,3
17525,16,3,3,15,8,3,6,1,1,1,1,12,2,2,0.0,0.0,0.0,0.0,0.0,2.0,9,5,2
111041,16,2,3,10,2,3,0,5,1,1,2,19,2,2,0.0,0.0,0.0,0.0,0.0,3.0,8,4,8
11813,15,2,1,10,8,3,0,1,1,0,1,19,2,2,0.0,0.0,0.0,0.0,0.0,2.0,21,3,1
33899,16,2,3,10,2,3,0,1,0,1,2,19,3,4,1.0,0.0,0.0,0.0,1.0,2.0,7,3,3
121614,16,2,3,17,8,3,0,1,0,1,1,18,2,3,3.0,0.0,0.0,3.0,0.0,0.0,10,2,9
66220,15,2,3,0,10,3,6,1,1,1,2,36,2,2,0.0,0.0,0.0,0.0,0.0,2.0,8,3,5
110616,16,2,3,17,8,3,0,1,1,1,2,36,2,2,0.0,0.0,0.0,0.0,0.0,2.0,13,6,8
165769,16,2,1,0,6,3,0,5,0,1,2,6,2,3,2.0,0.0,0.0,1.0,1.0,2.0,1,7,11
7705,16,2,1,10,3,4,5,5,0,1,2,21,2,4,1.0,0.0,0.0,0.0,1.0,2.0,19,4,1
173065,15,2,3,7,8,3,0,1,1,1,1,39,2,2,0.0,0.0,0.0,0.0,0.0,2.0,16,6,12
50184,15,2,3,0,8,3,0,1,1,1,2,5,2,2,0.0,0.0,0.0,0.0,0.0,3.0,18,3,4
101241,16,2,3,15,3,3,0,5,0,1,2,23,2,2,0.0,0.0,0.0,0.0,0.0,3.0,16,4,7
88304,15,2,1,17,8,3,0,1,0,1,2,15,2,2,0.0,0.0,0.0,0.0,0.0,2.0,22,1,7
110515,16,2,3,10,3,3,0,1,0,1,2,36,2,4,1.0,0.0,0.0,0.0,1.0,1.0,18,3,8
112836,16,2,4,17,8,3,0,1,1,1,0,18,2,2,0.0,0.0,0.0,0.0,0.0,2.0,19,4,8
175669,16,2,1,17,8,3,0,1,1,1,2,24,2,2,0.0,0.0,0.0,0.0,0.0,2.0,0,7,12
100162,15,2,2,8,15,3,0,5,0,1,2,18,2,3,1.0,0.0,0.0,1.0,0.0,1.0,17,4,7
156416,16,2,1,0,8,3,0,1,1,1,2,6,2,2,0.0,0.0,0.0,0.0,0.0,2.0,2,6,11
108670,16,2,3,17,10,3,0,5,1,1,1,12,2,2,0.0,0.0,0.0,0.0,0.0,2.0,18,6,8
10245,16,2,3,17,8,3,0,1,1,1,2,23,2,2,0.0,0.0,0.0,0.0,0.0,2.0,10,3,1
153379,15,2,3,8,8,3,0,1,1,1,0,18,2,2,0.0,0.0,0.0,0.0,0.0,2.0,16,6,10
114392,15,2,1,0,6,3,0,1,1,1,1,18,2,2,0.0,0.0,0.0,0.0,0.0,5.0,20,7,8
69495,15,2,3,17,8,3,0,1,1,1,2,36,3,2,0.0,0.0,0.0,0.0,0.0,3.0,18,6,5
80,16,2,1,17,2,3,0,1,0,1,2,18,2,2,0.0,0.0,0.0,0.0,0.0,2.0,19,2,1
176315,15,2,1,17,15,3,0,1,1,1,1,36,2,2,0.0,0.0,0.0,0.0,0.0,7.0,18,5,12
91506,16,2,3,10,1,3,0,1,1,1,2,19,2,2,0.0,0.0,0.0,0.0,0.0,2.0,19,1,7
108800,16,2,3,9,2,3,0,1,0,1,0,36,2,1,1.0,0.0,1.0,0.0,0.0,1.0,16,6,8
22902,15,2,3,7,6,3,1,1,1,1,2,36,2,2,0.0,0.0,0.0,0.0,0.0,1.0,6,6,2
106718,4,2,1,2,8,3,0,1,0,1,2,13,1,2,0.0,0.0,0.0,0.0,0.0,1.0,2,1,8
84652,15,2,2,17,6,3,0,1,1,1,2,5,2,2,0.0,0.0,0.0,0.0,0.0,4.0,19,2,6
21376,16,2,3,17,6,3,0,1,1,1,2,36,3,2,0.0,0.0,0.0,0.0,0.0,4.0,13,1,2
184568,16,7,3,15,3,3,6,1,1,0,2,19,2,2,0.0,0.0,0.0,0.0,0.0,4.0,14,6,12
5497,15,10,1,17,8,3,2,1,1,1,2,16,2,2,0.0,0.0,0.0,0.0,0.0,3.0,17,6,1
121081,4,2,3,0,2,3,0,1,0,1,2,18,2,2,0.0,0.0,0.0,0.0,0.0,2.0,10,1,9
65805,16,2,3,17,8,3,5,5,1,1,1,24,2,2,0.0,0.0,0.0,0.0,0.0,2.0,15,5,5
40797,16,2,1,17,6,3,0,5,1,1,2,36,2,2,0.0,0.0,0.0,0.0,0.0,2.0,20,1,3
75482,16,2,3,0,6,3,0,1,0,1,2,6,2,2,0.0,0.0,0.0,0.0,0.0,2.0,11,6,6
10903,16,3,1,17,8,3,4,1,1,1,2,6,2,2,0.0,0.0,0.0,0.0,0.0,2.0,18,1,1
43845,15,2,3,0,10,3,0,1,0,1,2,5,2,2,0.0,0.0,0.0,0.0,0.0,3.0,11,7,4
17190,16,2,1,15,1,3,0,5,0,0,2,24,2,2,0.0,0.0,0.0,0.0,0.0,2.0,18,7,2
59294,16,2,1,0,6,3,0,1,0,1,2,6,2,2,0.0,0.0,0.0,0.0,0.0,2.0,3,7,5
9841,16,2,3,10,8,3,0,1,1,1,2,19,2,2,0.0,0.0,0.0,0.0,0.0,3.0,14,5,1
116228,15,2,3,0,8,3,0,1,1,1,2,18,2,2,0.0,0.0,0.0,0.0,0.0,4.0,17,6,8
145326,4,2,3,0,8,3,2,3,1,1,2,18,2,2,0.0,0.0,0.0,0.0,0.0,2.0,10,1,10
185197,16,2,1,14,8,3,0,1,0,0,2,22,2,2,0.0,0.0,0.0,0.0,0.0,2.0,21,2,12
76537,16,2,3,17,11,3,0,1,1,1,2,12,2,2,0.0,0.0,0.0,0.0,0.0,4.0,15,6,6
146324,16,7,3,17,15,3,6,1,0,1,0,18,2,2,0.0,0.0,0.0,0.0,0.0,2.0,9,3,10
48856,17,2,3,0,6,3,5,5,0,1,1,36,2,3,2.0,0.0,0.0,2.0,0.0,1.0,14,7,4
185819,15,2,3,10,8,3,0,1,1,1,2,23,2,2,0.0,0.0,0.0,0.0,0.0,5.0,12,4,12
29179,16,2,3,10,8,3,0,1,1,1,2,19,2,2,0.0,0.0,0.0,0.0,0.0,2.0,8,6,3
98023,16,2,3,17,3,3,0,1,1,1,2,6,2,2,0.0,0.0,0.0,0.0,0.0,2.0,12,4,7
96656,16,2,3,8,2,3,0,1,0,1,0,18,2,3,1.0,0.0,0.0,1.0,0.0,2.0,18,4,7
141393,17,7,1,4,8,3,6,5,0,1,2,39,1,3,1.0,0.0,0.0,1.0,0.0,0.0,22,5,10
85015,16,2,3,0,8,3,0,1,1,1,1,6,2,2,0.0,0.0,0.0,0.0,0.0,3.0,15,7,6
181128,15,10,3,17,8,3,6,1,1,1,2,18,2,2,0.0,0.0,0.0,0.0,0.0,2.0,9,6,12
144947,4,2,3,10,2,3,0,1,1,1,0,17,2,2,0.0,0.0,0.0,0.0,0.0,2.0,9,4,10
179513,15,2,3,0,8,3,0,1,1,1,0,17,2,2,0.0,0.0,0.0,0.0,0.0,4.0,15,5,12
155225,16,2,3,17,8,3,0,1,1,1,2,18,2,2,0.0,0.0,0.0,0.0,0.0,3.0,7,4,10
88033,16,2,3,10,8,3,0,1,1,1,2,36,2,2,0.0,0.0,0.0,0.0,0.0,2.0,13,5,7
146389,15,2,3,10,2,3,6,1,0,1,2,19,2,4,8.0,0.0,0.0,0.0,8.0,1.0,11,1,10
188519,16,2,1,10,6,3,0,1,1,1,2,17,2,2,0.0,0.0,0.0,0.0,0.0,3.0,19,2,12
187401,15,7,3,17,11,3,6,1,1,1,2,36,2,2,0.0,0.0,0.0,0.0,0.0,2.0,13,5,12
121271,16,2,1,17,2,3,0,1,0,1,2,18,2,2,0.0,0.0,0.0,0.0,0.0,10.0,22,2,9
153391,16,2,3,10,2,3,0,1,1,0,0,19,2,2,0.0,0.0,0.0,0.0,0.0,4.0,7,6,10
32774,16,2,3,17,6,3,0,1,1,1,2,24,2,2,0.0,0.0,0.0,0.0,0.0,2.0,15,6,3
38920,16,2,3,15,2,3,0,1,1,1,2,23,2,2,0.0,0.0,0.0,0.0,0.0,4.0,11,6,3
178282,16,2,1,17,11,3,0,1,1,1,2,12,3,2,0.0,0.0,0.0,0.0,0.0,3.0,17,2,12
3398,16,7,1,17,8,3,0,1,1,1,1,36,2,2,0.0,0.0,0.0,0.0,0.0,2.0,18,6,1
26199,16,2,4,17,1,3,0,1,1,1,0,35,2,2,0.0,0.0,0.0,0.0,0.0,2.0,17,7,2
144092,16,2,3,17,2,3,0,1,1,1,0,36,2,2,0.0,0.0,0.0,0.0,0.0,2.0,9,5,10
130808,16,2,3,8,8,3,0,1,0,1,0,18,2,3,1.0,0.0,0.0,1.0,0.0,1.0,13,5,9
4881,16,10,3,15,8,3,4,1,1,1,2,39,2,2,0.0,0.0,0.0,0.0,0.0,2.0,8,6,1
174947,17,11,3,0,10,3,5,5,1,1,2,36,2,2,0.0,0.0,0.0,0.0,0.0,2.0,16,4,12
27280,16,2,3,15,8,3,0,1,1,1,2,24,2,2,0.0,0.0,0.0,0.0,0.0,2.0,15,4,2
160891,15,10,3,10,8,3,4,1,1,1,2,36,2,2,0.0,0.0,0.0,0.0,0.0,2.0,8,6,11
182539,4,2,3,7,10,3,0,1,0,1,2,36,2,2,0.0,0.0,0.0,0.0,0.0,1.0,10,3,12
165892,15,7,3,17,8,3,6,1,0,1,2,18,2,2,0.0,0.0,0.0,0.0,0.0,3.0,10,2,11
48713,16,10,1,17,2,3,4,1,0,1,2,18,3,2,0.0,0.0,0.0,0.0,0.0,3.0,6,4,4
184769,16,2,0,15,2,3,0,5,1,0,2,23,2,2,0.0,0.0,0.0,0.0,0.0,2.0,6,7,12
142672,16,2,3,17,8,3,0,1,1,1,1,36,2,2,0.0,0.0,0.0,0.0,0.0,2.0,16,4,10
126675,15,2,3,17,8,3,0,1,1,1,1,5,2,2,0.0,0.0,0.0,0.0,0.0,2.0,16,4,9
183234,16,2,0,17,8,3,0,1,0,1,2,36,2,3,1.0,0.0,0.0,1.0,0.0,2.0,18,6,12
67798,15,11,1,0,6,3,6,5,0,1,2,18,2,2,0.0,0.0,0.0,0.0,0.0,5.0,2,1,5
84845,16,2,3,15,6,3,0,1,1,1,1,22,2,2,0.0,0.0,0.0,0.0,0.0,2.0,11,3,6
30959,8,2,3,0,8,3,0,1,0,1,2,36,2,4,1.0,0.0,0.0,0.0,1.0,3.0,11,4,3
51655,16,2,1,10,10,3,0,1,1,1,2,21,2,2,0.0,0.0,0.0,0.0,0.0,3.0,3,7,4
164253,16,2,1,17,8,3,0,1,1,1,0,24,2,2,0.0,0.0,0.0,0.0,0.0,2.0,17,5,11
8485,16,2,3,17,8,3,0,1,0,1,2,24,2,2,0.0,0.0,0.0,0.0,0.0,3.0,15,4,1
101891,4,2,3,7,8,3,5,5,1,1,1,36,2,2,0.0,0.0,0.0,0.0,0.0,1.0,3,7,7
120868,15,2,3,10,10,3,0,1,1,1,1,19,2,2,0.0,0.0,0.0,0.0,0.0,4.0,15,5,9
80922,4,2,4,10,8,3,0,1,1,1,2,19,2,2,0.0,0.0,0.0,0.0,0.0,2.0,4,7,6
66315,15,2,3,10,2,3,0,1,1,1,2,17,2,2,0.0,0.0,0.0,0.0,0.0,2.0,17,6,5
97092,16,2,3,15,2,3,0,5,1,1,2,36,2,2,0.0,0.0,0.0,0.0,0.0,3.0,12,5,7
6103,16,2,1,10,8,3,0,1,1,1,1,36,2,2,0.0,0.0,0.0,0.0,0.0,2.0,16,1,1
119647,15,2,3,17,6,3,0,1,0,1,2,18,2,2,0.0,0.0,0.0,0.0,0.0,2.0,13,2,8
16809,16,2,1,17,6,3,0,5,0,1,2,36,2,2,0.0,0.0,0.0,0.0,0.0,2.0,18,1,2
29939,16,7,3,17,6,3,6,5,1,1,2,36,2,2,0.0,0.0,0.0,0.0,0.0,3.0,16,7,3
80762,4,2,1,17,8,3,0,1,1,1,1,36,2,2,0.0,0.0,0.0,0.0,0.0,2.0,22,6,6
107203,15,2,1,0,2,3,0,1,0,1,2,18,2,3,1.0,0.0,0.0,1.0,0.0,2.0,3,2,8
181420,16,2,3,10,10,3,0,1,1,1,1,36,2,2,0.0,0.0,0.0,0.0,0.0,2.0,11,2,12
81020,16,7,1,0,11,3,6,1,0,1,2,6,2,2,0.0,0.0,0.0,0.0,0.0,2.0,21,2,6
42195,16,2,3,17,5,3,0,1,1,1,2,24,2,2,0.0,0.0,0.0,0.0,0.0,2.0,12,6,3
104444,15,2,3,0,6,3,0,1,1,1,2,36,2,2,0.0,0.0,0.0,0.0,0.0,2.0,13,5,8
164698,16,2,3,0,6,2,5,5,1,1,1,18,2,2,0.0,0.0,0.0,0.0,0.0,2.0,9,7,11
170966,15,2,3,0,6,3,0,1,0,1,2,18,2,3,3.0,0.0,0.0,3.0,0.0,1.0,7,2,11
61307,15,2,3,10,2,3,0,1,0,1,2,30,2,3,1.0,0.0,0.0,1.0,0.0,1.0,7,3,5
51390,16,2,3,10,2,3,0,5,1,1,2,19,2,2,0.0,0.0,0.0,0.0,0.0,2.0,10,3,4
182848,4,2,3,17,15,3,0,1,1,1,2,18,2,2,0.0,0.0,0.0,0.0,0.0,3.0,16,2,12
136703,15,7,3,0,8,3,6,1,1,1,2,18,2,2,0.0,0.0,0.0,0.0,0.0,4.0,10,1,9
141352,15,7,3,0,8,3,6,5,0,1,2,18,2,2,0.0,0.0,0.0,0.0,0.0,2.0,17,5,10
12832,15,7,3,9,3,3,6,5,0,1,0,18,2,3,1.0,0.0,0.0,1.0,0.0,1.0,14,6,1
39636,16,2,4,10,6,3,0,5,0,1,2,36,2,4,1.0,0.0,0.0,0.0,1.0,2.0,19,7,3
172427,15,2,3,7,8,3,0,2,1,1,0,36,2,2,0.0,0.0,0.0,0.0,0.0,1.0,11,3,12
9659,16,10,1,0,13,3,6,1,0,1,2,16,2,2,0.0,0.0,0.0,0.0,0.0,3.0,1,1,1
42477,16,2,3,15,19,3,0,5,1,1,2,36,2,2,0.0,0.0,0.0,0.0,0.0,2.0,16,5,4
5347,15,2,1,0,6,3,5,5,1,1,2,18,2,2,0.0,0.0,0.0,0.0,0.0,2.0,20,5,1
100722,15,2,3,0,6,3,0,1,0,1,2,18,2,2,0.0,0.0,0.0,0.0,0.0,2.0,11,5,7
109395,16,2,3,17,6,3,0,1,1,1,2,6,2,2,0.0,0.0,0.0,0.0,0.0,2.0,14,1,8
98913,15,2,3,0,8,3,0,1,0,1,2,36,2,3,2.0,0.0,0.0,2.0,0.0,0.0,15,4,7
18319,16,3,3,15,2,3,0,1,1,1,1,36,2,2,0.0,0.0,0.0,0.0,0.0,2.0,16,5,2
82159,16,2,3,17,8,3,0,1,1,1,1,36,2,2,0.0,0.0,0.0,0.0,0.0,2.0,13,5,6
178411,15,2,1,10,8,3,0,1,0,1,2,36,2,3,1.0,0.0,0.0,1.0,0.0,1.0,19,4,12
167961,15,2,0,0,6,3,0,1,1,1,2,36,2,2,0.0,0.0,0.0,0.0,0.0,3.0,17,3,11
184621,16,7,1,10,8,3,6,1,1,1,2,19,2,2,0.0,0.0,0.0,0.0,0.0,5.0,21,6,12
97452,16,2,3,17,8,3,0,1,0,1,2,36,3,2,0.0,0.0,0.0,0.0,0.0,4.0,16,3,7
15022,16,2,3,17,6,3,0,1,0,1,2,17,2,2,0.0,0.0,0.0,0.0,0.0,2.0,14,4,1
16813,16,2,3,2,6,3,0,1,0,1,2,24,1,3,2.0,0.0,0.0,2.0,0.0,0.0,7,1,2
149424,15,7,1,2,6,3,6,1,0,1,2,5,1,2,0.0,0.0,0.0,0.0,0.0,1.0,22,4,10
56380,16,7,3,2,8,3,6,1,0,1,2,36,1,2,0.0,0.0,0.0,0.0,0.0,1.0,18,2,5
98630,17,2,1,15,3,3,0,5,1,1,2,22,2,2,0.0,0.0,0.0,0.0,0.0,2.0,20,6,7
67285,16,7,3,17,6,3,6,1,1,1,2,36,2,2,0.0,0.0,0.0,0.0,0.0,2.0,15,7,5
135520,16,11,3,2,8,3,5,2,1,1,1,36,1,2,0.0,0.0,0.0,0.0,0.0,1.0,8,6,9
75178,16,2,3,10,6,3,0,1,1,1,2,36,2,2,0.0,0.0,0.0,0.0,0.0,2.0,12,6,6
134230,16,2,3,10,8,3,0,1,1,1,2,19,2,2,0.0,0.0,0.0,0.0,0.0,3.0,13,3,9
40246,17,2,3,0,11,3,0,1,1,1,2,36,2,2,0.0,0.0,0.0,0.0,0.0,2.0,17,4,3
60118,16,2,1,10,10,3,0,1,0,1,2,19,2,2,0.0,0.0,0.0,0.0,0.0,2.0,23,4,5
161724,15,2,3,0,6,3,0,1,1,1,2,36,2,2,0.0,0.0,0.0,0.0,0.0,2.0,11,6,11
65146,16,7,1,0,11,3,6,1,0,1,2,6,2,2,0.0,0.0,0.0,0.0,0.0,2.0,3,7,5
22550,16,11,1,17,2,3,0,5,1,1,1,18,2,2,0.0,0.0,0.0,0.0,0.0,2.0,22,4,2
13392,16,2,1,15,2,3,0,1,1,1,2,36,2,2,0.0,0.0,0.0,0.0,0.0,2.0,20,1,1
67738,16,2,3,10,2,3,0,5,1,1,2,36,2,2,0.0,0.0,0.0,0.0,0.0,2.0,16,6,5
152599,16,2,3,0,6,3,6,1,0,1,2,36,2,2,0.0,0.0,0.0,0.0,0.0,2.0,6,4,10
185913,15,2,3,17,6,3,0,1,1,1,0,18,2,2,0.0,0.0,0.0,0.0,0.0,2.0,15,1,12
138624,18,2,3,0,6,3,0,1,0,1,2,18,2,3,5.0,0.0,0.0,5.0,0.0,0.0,7,2,10
120174,16,2,4,17,8,3,0,1,1,1,0,24,2,2,0.0,0.0,0.0,0.0,0.0,4.0,18,2,8
130995,15,2,3,17,15,3,0,1,0,1,2,36,2,2,0.0,0.0,0.0,0.0,0.0,2.0,11,1,9
47480,15,2,1,0,2,3,0,1,1,1,2,18,2,2,0.0,0.0,0.0,0.0,0.0,2.0,20,4,4
139791,15,2,3,0,6,3,0,1,1,1,2,36,2,2,0.0,0.0,0.0,0.0,0.0,2.0,15,6,10
118749,15,2,3,17,15,3,0,5,0,1,2,18,2,2,0.0,0.0,0.0,0.0,0.0,2.0,15,4,8
19077,4,2,3,17,8,3,0,1,1,1,2,36,2,2,0.0,0.0,0.0,0.0,0.0,2.0,11,4,2
129420,15,2,3,0,18,3,0,1,0,1,0,18,2,3,2.0,0.0,0.0,2.0,0.0,1.0,15,2,9
98080,15,2,3,11,6,3,0,1,0,1,2,18,2,3,1.0,0.0,0.0,1.0,0.0,2.0,12,5,7
450,15,3,3,17,6,3,0,1,1,1,1,24,2,2,0.0,0.0,0.0,0.0,0.0,2.0,11,2,1
150268,16,2,1,17,3,3,0,1,0,1,2,22,2,2,0.0,0.0,0.0,0.0,0.0,2.0,5,3,10
129728,16,2,3,14,9,3,0,1,1,1,2,0,3,2,0.0,0.0,0.0,0.0,0.0,3.0,17,5,9
134732,4,2,3,10,2,3,0,1,1,0,1,19,2,2,0.0,0.0,0.0,0.0,0.0,2.0,19,4,9
96382,16,2,1,10,8,3,0,1,1,0,2,17,2,2,0.0,0.0,0.0,0.0,0.0,2.0,11,7,7
25169,15,2,3,15,8,3,6,1,1,1,2,5,2,2,0.0,0.0,0.0,0.0,0.0,3.0,12,4,2
64362,4,2,3,7,14,3,5,5,1,1,2,12,2,2,0.0,0.0,0.0,0.0,0.0,2.0,12,2,5
141242,16,2,3,17,6,3,0,1,0,1,2,18,2,3,1.0,0.0,0.0,1.0,0.0,1.0,8,2,10
64425,4,2,3,17,2,3,5,5,0,1,2,36,2,2,0.0,0.0,0.0,0.0,0.0,2.0,15,4,5
30504,17,11,5,10,2,3,5,5,1,1,2,36,2,2,0.0,0.0,0.0,0.0,0.0,3.0,14,1,3
25485,16,2,1,17,8,3,0,1,1,1,1,19,2,2,0.0,0.0,0.0,0.0,0.0,2.0,19,3,2
55130,16,2,3,15,2,3,6,1,1,1,0,36,3,2,0.0,0.0,0.0,0.0,0.0,3.0,14,2,4
144555,15,7,3,0,8,3,0,1,0,1,2,18,2,2,0.0,0.0,0.0,0.0,0.0,2.0,8,7,10
22781,4,2,1,10,3,3,4,1,0,1,2,24,2,2,0.0,0.0,0.0,0.0,0.0,4.0,22,4,2
136307,16,2,3,17,8,3,0,1,1,1,1,36,2,2,0.0,0.0,0.0,0.0,0.0,2.0,17,4,9
46324,16,2,3,15,8,3,0,1,1,1,2,36,2,2,0.0,0.0,0.0,0.0,0.0,3.0,15,3,4
126182,4,2,3,17,8,3,0,1,0,1,2,36,2,3,1.0,0.0,0.0,1.0,0.0,3.0,15,4,9
40554,16,2,3,17,6,3,0,1,1,1,2,23,2,2,0.0,0.0,0.0,0.0,0.0,2.0,8,4,3
160099,4,2,3,17,15,3,5,1,0,1,1,18,2,2,0.0,0.0,0.0,0.0,0.0,2.0,13,4,11
102027,15,2,3,0,16,3,0,1,0,1,2,11,2,2,0.0,0.0,0.0,0.0,0.0,4.0,17,3,7
184911,16,2,1,17,2,3,0,1,0,1,2,17,2,3,2.0,0.0,0.0,2.0,0.0,0.0,0,2,12
104597,4,2,3,17,2,3,0,1,0,1,1,18,2,2,0.0,0.0,0.0,0.0,0.0,2.0,15,5,8
179022,4,2,3,0,2,3,0,1,0,1,2,22,2,3,2.0,0.0,0.0,2.0,0.0,1.0,7,5,12
95249,17,11,5,8,6,3,5,5,0,1,0,18,2,3,1.0,0.0,0.0,1.0,0.0,1.0,3,5,7
102410,16,2,3,15,1,3,0,1,1,1,1,36,2,2,0.0,0.0,0.0,0.0,0.0,3.0,12,7,7
97441,16,2,3,17,1,3,0,1,1,1,2,24,3,2,0.0,0.0,0.0,0.0,0.0,6.0,14,3,7
89695,15,11,3,10,15,3,6,5,0,1,2,17,2,4,1.0,0.0,0.0,0.0,1.0,1.0,18,2,7
185256,15,10,4,17,11,3,4,1,1,1,2,18,2,2,0.0,0.0,0.0,0.0,0.0,2.0,15,1,12
180938,4,3,3,10,8,3,6,1,0,1,2,17,2,2,0.0,0.0,0.0,0.0,0.0,2.0,8,2,12
90032,15,2,3,0,6,3,0,1,1,1,2,5,2,2,0.0,0.0,0.0,0.0,0.0,3.0,14,1,7
67658,4,2,3,17,2,3,0,1,1,1,2,18,2,2,0.0,0.0,0.0,0.0,0.0,3.0,16,5,5
115856,11,2,1,7,10,3,0,6,1,1,0,24,2,2,0.0,0.0,0.0,0.0,0.0,1.0,0,1,8
37732,16,3,3,17,8,3,6,1,0,1,2,21,2,3,1.0,0.0,0.0,1.0,0.0,2.0,10,5,3
57137,16,2,3,15,2,3,0,1,1,1,2,18,2,2,0.0,0.0,0.0,0.0,0.0,2.0,8,6,5
2781,16,2,1,17,6,3,0,5,1,1,2,36,2,2,0.0,0.0,0.0,0.0,0.0,4.0,20,6,1
167548,4,10,3,10,6,3,4,1,1,1,2,39,2,2,0.0,0.0,0.0,0.0,0.0,2.0,9,5,11
3822,15,2,3,10,2,3,0,1,1,1,2,19,2,2,0.0,0.0,0.0,0.0,0.0,2.0,17,4,1
37527,15,2,3,9,6,3,0,1,0,1,2,36,2,3,1.0,0.0,0.0,1.0,0.0,1.0,18,4,3
160,16,3,3,15,8,3,0,1,0,0,2,23,2,4,1.0,0.0,0.0,0.0,1.0,2.0,11,3,1
10405,16,2,3,15,2,3,0,1,1,1,2,22,2,2,0.0,0.0,0.0,0.0,0.0,3.0,15,7,1
51040,16,7,1,10,3,3,6,1,1,1,2,39,2,2,0.0,0.0,0.0,0.0,0.0,3.0,19,4,4
34365,16,10,1,0,8,3,4,1,1,1,1,23,2,2,0.0,0.0,0.0,0.0,0.0,2.0,22,3,3
79455,4,2,3,10,8,3,0,1,1,0,2,36,2,2,0.0,0.0,0.0,0.0,0.0,2.0,13,7,6
128491,16,2,1,14,1,3,0,1,0,1,2,12,5,3,3.0,0.0,0.0,3.0,0.0,5.0,0,7,9
142135,16,2,4,15,8,3,0,1,1,0,1,22,2,2,0.0,0.0,0.0,0.0,0.0,2.0,19,3,10
25109,16,7,3,10,8,3,6,1,1,1,2,39,3,2,0.0,0.0,0.0,0.0,0.0,3.0,13,4,2
178066,16,2,3,0,8,3,0,1,0,1,2,13,2,2,0.0,0.0,0.0,0.0,0.0,2.0,10,7,12
40864,4,2,3,15,8,3,0,1,0,1,2,36,2,4,2.0,0.0,0.0,0.0,2.0,0.0,11,2,3
162059,15,2,3,11,10,3,1,5,1,1,2,26,2,2,0.0,0.0,0.0,0.0,0.0,2.0,9,3,11
134095,15,7,3,0,3,4,6,1,0,1,2,18,2,3,1.0,0.0,0.0,1.0,0.0,1.0,17,3,9
64738,4,2,3,8,11,3,0,1,0,1,0,28,2,1,1.0,0.0,1.0,0.0,0.0,1.0,9,7,5
136527,16,2,1,17,8,3,0,1,1,1,2,24,4,2,0.0,0.0,0.0,0.0,0.0,5.0,2,6,9
33109,16,2,1,10,18,3,6,1,0,1,2,17,2,4,1.0,0.0,0.0,0.0,1.0,3.0,2,5,3
902,16,2,3,0,6,3,0,1,0,1,2,6,2,4,3.0,0.0,0.0,0.0,3.0,0.0,15,3,1
90169,15,2,3,0,15,3,0,1,1,1,2,18,2,2,0.0,0.0,0.0,0.0,0.0,2.0,15,3,7
139332,4,2,3,15,8,3,0,1,1,1,2,36,2,2,0.0,0.0,0.0,0.0,0.0,5.0,16,3,10
15698,16,2,2,17,11,3,6,1,0,1,2,18,3,2,0.0,0.0,0.0,0.0,0.0,3.0,6,7,2
104738,16,2,3,10,8,3,0,1,0,1,2,19,2,4,1.0,0.0,0.0,0.0,1.0,5.0,12,6,8
130482,16,2,1,10,8,3,0,1,1,1,2,17,2,2,0.0,0.0,0.0,0.0,0.0,3.0,21,1,9
91937,16,2,1,17,1,3,0,1,1,1,1,6,2,2,0.0,0.0,0.0,0.0,0.0,4.0,22,1,7
59782,16,11,1,10,17,3,5,5,1,1,0,19,2,2,0.0,0.0,0.0,0.0,0.0,2.0,23,7,5