crash_date,               traffic_control_device,weather_condition,lighting_condition,first_crash_type,trafficway_type,alignment,roadway_surface_cond,road_defect,crash_type,intersection_related_i,damage,prim_contributory_cause,num_units,most_severe_injury,injuries_total,injuries_fatal,injuries_incapacitating,injuries_non_incapacitating,injuries_reported_not_evident,injuries_no_indication,crash_hour,crash_day_of_week,crash_month
187595,16,10,0,17,1,3,4,1,1,1,1,7,2,2,0.0,0.0,0.0,0.0,0.0,3.0,22,6,12
100142,15,2,3,17,2,3,0,1,0,1,2,11,2,2,0.0,0.0,0.0,0.0,0.0,2.0,11,2,7
178255,15,2,0,14,6,3,0,5,0,1,2,18,2,3,2.0,0.0,0.0,2.0,0.0,1.0,23,4,12
115010,16,2,3,17,1,3,0,1,1,1,2,17,3,2,0.0,0.0,0.0,0.0,0.0,2.0,10,2,8
49708,15,3,3,0,8,3,6,2,0,1,2,26,2,2,0.0,0.0,0.0,0.0,0.0,2.0,14,2,4
66763,16,2,3,10,2,3,0,1,1,1,2,17,2,2,0.0,0.0,0.0,0.0,0.0,2.0,10,6,5
46486,16,7,3,2,6,3,6,1,0,1,2,30,1,3,1.0,0.0,0.0,1.0,0.0,0.0,16,7,4
55199,16,7,3,10,6,3,6,5,1,0,0,17,2,2,0.0,0.0,0.0,0.0,0.0,4.0,12,2,4
32624,16,2,3,17,8,3,0,5,1,1,2,18,2,2,0.0,0.0,0.0,0.0,0.0,2.0,5,3,3
4503,16,2,1,9,10,3,0,1,0,1,1,6,2,1,1.0,0.0,1.0,0.0,0.0,2.0,18,5,1
181081,4,3,3,17,8,3,6,1,1,1,0,39,2,2,0.0,0.0,0.0,0.0,0.0,2.0,16,6,12
79583,4,2,4,7,8,3,0,1,0,1,2,36,3,3,1.0,0.0,0.0,1.0,0.0,1.0,20,2,6
133573,17,11,3,15,8,3,5,5,1,1,2,26,2,2,0.0,0.0,0.0,0.0,0.0,2.0,11,5,9
69467,15,2,1,2,15,3,5,6,0,1,2,36,1,3,1.0,0.0,0.0,1.0,0.0,0.0,1,6,5
69400,4,7,3,17,6,3,6,1,0,1,2,26,2,2,0.0,0.0,0.0,0.0,0.0,2.0,15,5,5
15737,4,2,3,10,3,3,0,1,0,1,2,17,2,2,0.0,0.0,0.0,0.0,0.0,4.0,15,1,2
169817,16,2,3,17,6,3,5,5,1,1,2,36,2,2,0.0,0.0,0.0,0.0,0.0,2.0,8,3,11
142954,15,2,3,0,8,3,0,1,1,1,2,5,2,2,0.0,0.0,0.0,0.0,0.0,2.0,16,5,10
186173,16,2,3,17,8,3,0,1,0,1,2,6,2,2,0.0,0.0,0.0,0.0,0.0,2.0,13,5,12
11206,15,10,3,3,2,3,4,1,1,1,2,5,2,2,0.0,0.0,0.0,0.0,0.0,3.0,9,5,1
36400,16,7,3,15,8,3,0,1,1,1,2,22,2,2,0.0,0.0,0.0,0.0,0.0,2.0,15,4,3
81382,16,2,1,17,8,3,0,1,0,1,1,18,2,4,1.0,0.0,0.0,0.0,1.0,1.0,21,1,6
117531,15,2,3,0,6,3,0,1,0,1,2,5,3,2,0.0,0.0,0.0,0.0,0.0,4.0,15,6,8
65491,4,2,3,17,8,3,0,1,1,1,2,18,2,2,0.0,0.0,0.0,0.0,0.0,2.0,9,6,5
58289,16,2,3,17,6,3,0,1,1,1,2,12,2,2,0.0,0.0,0.0,0.0,0.0,3.0,7,5,5
58466,16,2,1,9,2,3,0,5,0,1,0,18,2,3,1.0,0.0,0.0,1.0,0.0,1.0,21,6,5
72315,16,2,3,17,10,3,0,1,1,1,1,22,2,2,0.0,0.0,0.0,0.0,0.0,3.0,7,5,6
158192,16,2,3,17,11,3,0,1,0,1,2,24,5,3,2.0,0.0,0.0,1.0,1.0,7.0,12,2,11
22690,16,2,3,17,8,3,0,1,1,1,1,24,2,2,0.0,0.0,0.0,0.0,0.0,2.0,13,2,2
184040,16,7,1,10,6,3,6,1,1,1,1,19,2,2,0.0,0.0,0.0,0.0,0.0,4.0,19,5,12
91898,16,2,3,10,2,3,0,1,1,1,2,19,2,2,0.0,0.0,0.0,0.0,0.0,3.0,11,2,7
116509,16,11,5,0,6,3,5,5,1,1,2,6,2,2,0.0,0.0,0.0,0.0,0.0,3.0,20,4,8
34654,16,2,3,0,8,3,0,1,0,1,2,36,2,2,0.0,0.0,0.0,0.0,0.0,3.0,14,3,3
181342,16,3,3,14,8,3,6,1,0,1,2,9,2,3,1.0,0.0,0.0,1.0,0.0,3.0,7,1,12
167229,16,7,3,17,6,3,6,1,0,1,2,36,2,2,0.0,0.0,0.0,0.0,0.0,3.0,7,5,11
143194,4,2,3,7,11,3,0,1,0,1,2,24,2,2,0.0,0.0,0.0,0.0,0.0,1.0,13,3,10
17072,4,10,1,10,8,3,4,1,0,1,2,39,2,4,1.0,0.0,0.0,0.0,1.0,1.0,22,4,2
5935,16,1,3,0,8,3,6,1,0,1,2,36,2,1,4.0,0.0,1.0,1.0,2.0,0.0,15,1,1
32272,4,2,3,17,6,3,0,1,0,1,2,18,2,2,0.0,0.0,0.0,0.0,0.0,4.0,11,4,3
107997,16,2,3,17,8,3,0,1,1,1,1,18,2,2,0.0,0.0,0.0,0.0,0.0,2.0,16,1,8
181035,16,2,1,0,10,3,0,1,0,1,2,6,2,2,0.0,0.0,0.0,0.0,0.0,3.0,19,5,12
54479,16,3,3,17,15,3,0,1,1,1,2,18,2,2,0.0,0.0,0.0,0.0,0.0,2.0,17,7,4
49869,16,2,3,15,8,3,0,1,1,1,2,36,2,2,0.0,0.0,0.0,0.0,0.0,2.0,12,3,4
146942,15,2,3,8,8,3,0,1,0,1,0,18,2,1,1.0,0.0,1.0,0.0,0.0,1.0,17,3,10
127252,15,2,3,7,12,3,0,1,1,1,2,12,2,2,0.0,0.0,0.0,0.0,0.0,1.0,15,5,9
83708,16,2,3,17,11,3,0,1,1,1,1,12,2,2,0.0,0.0,0.0,0.0,0.0,2.0,10,6,6
136625,4,7,1,0,8,3,6,1,1,1,2,18,2,2,0.0,0.0,0.0,0.0,0.0,8.0,20,7,9
3352,16,2,1,17,6,3,0,0,1,1,2,18,2,2,0.0,0.0,0.0,0.0,0.0,2.0,18,3,1
98709,15,2,3,7,2,3,0,1,1,1,2,36,2,2,0.0,0.0,0.0,0.0,0.0,1.0,12,1,7
181003,16,2,3,17,2,3,0,1,0,1,1,36,2,3,1.0,0.0,0.0,1.0,0.0,2.0,12,4,12
30415,16,2,3,10,8,3,0,1,1,1,2,19,2,2,0.0,0.0,0.0,0.0,0.0,3.0,16,1,3
35176,4,2,3,10,8,3,0,1,0,1,2,36,2,2,0.0,0.0,0.0,0.0,0.0,2.0,15,4,3
24093,4,11,5,17,11,3,5,5,1,1,0,36,2,2,0.0,0.0,0.0,0.0,0.0,2.0,6,4,2
154863,16,2,3,17,8,3,0,1,1,1,1,6,2,2,0.0,0.0,0.0,0.0,0.0,6.0,15,1,10
28148,4,2,3,9,8,3,0,1,0,1,0,18,2,1,1.0,0.0,1.0,0.0,0.0,1.0,10,7,2
71858,4,2,3,17,2,3,0,1,0,1,2,24,2,2,0.0,0.0,0.0,0.0,0.0,3.0,19,6,6
106740,16,2,0,10,3,3,0,1,0,1,2,17,2,3,1.0,0.0,0.0,1.0,0.0,2.0,22,1,8
79220,4,2,3,17,15,3,0,5,1,1,1,24,2,2,0.0,0.0,0.0,0.0,0.0,2.0,12,4,6
65505,4,2,3,17,8,3,6,1,0,1,2,24,2,2,0.0,0.0,0.0,0.0,0.0,2.0,12,6,5
108984,4,2,3,0,15,3,0,1,0,1,2,12,2,2,0.0,0.0,0.0,0.0,0.0,2.0,7,2,8
151534,16,2,3,10,2,3,0,1,1,1,2,19,2,2,0.0,0.0,0.0,0.0,0.0,3.0,16,1,10
26355,16,2,2,10,8,3,0,1,1,1,0,8,2,2,0.0,0.0,0.0,0.0,0.0,2.0,6,3,2
131711,15,2,3,17,6,3,0,1,1,1,2,36,2,2,0.0,0.0,0.0,0.0,0.0,3.0,9,4,9
94191,16,2,3,10,8,3,0,1,1,1,0,19,2,2,0.0,0.0,0.0,0.0,0.0,2.0,13,2,7
101226,16,2,1,0,8,3,0,1,0,1,2,6,2,2,0.0,0.0,0.0,0.0,0.0,3.0,23,6,7
175593,15,2,3,0,2,3,0,2,0,1,2,18,2,3,1.0,0.0,0.0,1.0,0.0,2.0,10,6,12
136959,6,2,1,17,8,3,0,1,0,0,2,28,2,3,2.0,0.0,0.0,1.0,1.0,0.0,21,6,9
115111,16,2,3,0,8,3,0,1,1,1,2,36,2,2,0.0,0.0,0.0,0.0,0.0,2.0,15,3,8
74079,15,2,3,17,15,3,0,1,1,1,2,24,2,2,0.0,0.0,0.0,0.0,0.0,4.0,14,6,6
50925,16,2,3,17,3,3,0,1,0,1,2,6,2,2,0.0,0.0,0.0,0.0,0.0,2.0,14,2,4
41332,16,2,2,14,6,3,0,1,0,1,2,28,2,2,0.0,0.0,0.0,0.0,0.0,2.0,6,6,3
177769,15,2,3,17,8,3,0,1,0,1,2,36,2,2,0.0,0.0,0.0,0.0,0.0,3.0,12,2,12
179623,16,2,3,10,8,3,0,1,1,1,2,36,2,2,0.0,0.0,0.0,0.0,0.0,3.0,8,6,12
5832,15,2,0,7,10,3,0,1,0,1,2,26,3,2,0.0,0.0,0.0,0.0,0.0,1.0,18,5,1
144670,4,2,1,8,8,3,0,1,0,1,0,28,2,1,1.0,0.0,1.0,0.0,0.0,1.0,18,6,10
116172,15,2,3,0,8,3,0,1,0,0,2,36,2,4,1.0,0.0,0.0,0.0,1.0,1.0,15,5,8
30609,15,2,3,0,11,3,0,1,0,1,2,5,2,1,3.0,0.0,1.0,2.0,0.0,0.0,13,4,3
6456,4,2,1,8,11,3,0,1,1,1,0,36,2,2,0.0,0.0,0.0,0.0,0.0,2.0,5,2,1
79709,16,2,3,17,6,3,0,1,1,1,2,18,2,2,0.0,0.0,0.0,0.0,0.0,5.0,18,4,6
54302,16,2,1,10,6,3,0,1,0,1,2,17,2,3,2.0,0.0,0.0,2.0,0.0,1.0,21,3,4
72502,16,2,3,0,6,3,0,1,0,1,2,26,3,3,1.0,0.0,0.0,1.0,0.0,2.0,16,3,6
12213,15,2,1,17,6,3,4,1,0,1,2,18,2,2,0.0,0.0,0.0,0.0,0.0,2.0,19,3,1
170464,16,2,1,15,8,3,0,1,1,1,2,22,2,2,0.0,0.0,0.0,0.0,0.0,3.0,20,1,11
101650,15,2,3,15,15,3,0,1,1,1,2,36,2,2,0.0,0.0,0.0,0.0,0.0,2.0,8,4,7
165347,16,2,3,10,8,3,0,1,1,1,0,36,2,2,0.0,0.0,0.0,0.0,0.0,2.0,11,6,11
71660,16,2,3,17,6,3,0,1,1,1,2,18,2,2,0.0,0.0,0.0,0.0,0.0,2.0,9,4,5
76027,17,11,5,15,8,3,5,5,1,1,1,26,2,2,0.0,0.0,0.0,0.0,0.0,2.0,17,5,6
187562,4,10,1,17,2,3,4,1,1,1,0,39,2,2,0.0,0.0,0.0,0.0,0.0,2.0,16,6,12
120558,16,2,1,8,3,3,5,2,0,1,2,36,2,3,1.0,0.0,0.0,1.0,0.0,1.0,20,6,9
51140,16,2,3,10,6,3,0,1,0,1,1,17,2,2,0.0,0.0,0.0,0.0,0.0,2.0,10,5,4
95996,16,2,0,0,6,4,0,5,0,1,2,17,2,3,1.0,0.0,0.0,1.0,0.0,1.0,21,3,7
76893,4,5,3,7,15,3,6,1,1,1,1,36,2,2,0.0,0.0,0.0,0.0,0.0,1.0,14,6,6
131887,16,2,3,17,8,3,0,1,0,1,2,24,2,2,0.0,0.0,0.0,0.0,0.0,2.0,6,5,9
77277,16,2,1,3,2,3,0,1,0,1,2,36,2,4,1.0,0.0,0.0,0.0,1.0,1.0,0,3,6
168975,16,7,3,17,8,3,6,1,0,1,1,18,3,2,0.0,0.0,0.0,0.0,0.0,3.0,14,5,11
119354,17,2,3,17,6,3,5,5,1,1,2,36,2,2,0.0,0.0,0.0,0.0,0.0,2.0,18,5,8
4592,15,7,0,0,8,3,6,1,1,1,1,36,2,2,0.0,0.0,0.0,0.0,0.0,2.0,21,6,1
6242,4,2,2,17,6,3,0,5,0,1,2,36,4,2,0.0,0.0,0.0,0.0,0.0,4.0,16,5,1
168200,4,2,3,17,3,3,0,1,0,1,2,18,2,1,1.0,0.0,1.0,0.0,0.0,1.0,11,5,11
59506,15,2,3,5,8,3,0,1,0,1,1,12,1,4,1.0,0.0,0.0,0.0,1.0,0.0,15,2,5
98925,16,2,3,10,8,3,0,1,0,1,2,36,4,2,0.0,0.0,0.0,0.0,0.0,4.0,17,4,7
43938,15,2,3,17,6,3,0,1,0,1,2,36,2,2,0.0,0.0,0.0,0.0,0.0,3.0,7,2,4
14069,16,9,1,2,8,3,4,1,0,1,2,39,1,2,0.0,0.0,0.0,0.0,0.0,1.0,1,1,1
131896,16,2,1,15,3,3,0,1,0,1,2,36,2,4,1.0,0.0,0.0,0.0,1.0,1.0,7,5,9
92982,16,2,3,17,8,3,0,1,1,1,1,22,2,2,0.0,0.0,0.0,0.0,0.0,2.0,17,3,7
82997,16,2,3,8,6,3,0,1,0,1,0,36,2,3,1.0,0.0,0.0,1.0,0.0,1.0,12,3,6
74541,4,2,3,10,8,3,0,1,1,1,1,19,2,2,0.0,0.0,0.0,0.0,0.0,2.0,16,5,6
181993,16,2,0,17,8,3,0,1,0,1,2,18,2,2,0.0,0.0,0.0,0.0,0.0,5.0,18,3,12
43207,15,10,3,0,2,3,0,1,1,1,2,18,2,2,0.0,0.0,0.0,0.0,0.0,2.0,16,3,4
8301,16,10,1,17,8,3,4,1,1,1,1,36,2,2,0.0,0.0,0.0,0.0,0.0,4.0,20,6,1
32533,15,2,3,17,8,3,0,1,1,1,2,24,2,2,0.0,0.0,0.0,0.0,0.0,3.0,10,7,3
30899,4,7,1,17,1,3,6,1,1,1,2,36,2,2,0.0,0.0,0.0,0.0,0.0,3.0,1,4,3
21354,17,2,4,10,8,3,0,5,1,1,2,36,2,2,0.0,0.0,0.0,0.0,0.0,2.0,22,6,2
117713,4,2,3,17,8,3,0,1,0,1,0,18,2,4,1.0,0.0,0.0,0.0,1.0,1.0,8,5,8
117575,16,2,3,17,6,3,0,1,1,1,2,18,2,2,0.0,0.0,0.0,0.0,0.0,2.0,9,6,8
119834,16,2,3,9,15,3,0,1,0,1,0,28,2,1,2.0,0.0,1.0,0.0,1.0,0.0,19,4,8
179719,16,2,1,11,8,3,0,1,1,0,0,36,2,2,0.0,0.0,0.0,0.0,0.0,2.0,0,7,12
159761,16,2,1,8,3,3,0,1,0,1,1,6,2,4,1.0,0.0,0.0,0.0,1.0,1.0,18,4,11
85249,4,2,3,7,10,3,0,1,1,0,2,36,2,2,0.0,0.0,0.0,0.0,0.0,1.0,17,3,6
13101,16,10,3,17,6,3,4,5,0,1,1,19,2,3,1.0,0.0,0.0,1.0,0.0,1.0,16,4,1
37964,12,2,1,10,15,3,0,1,0,1,2,14,2,2,0.0,0.0,0.0,0.0,0.0,2.0,20,5,3
167152,15,2,3,17,8,3,0,1,0,1,2,18,2,3,2.0,0.0,0.0,2.0,0.0,1.0,8,4,11
121822,16,7,3,4,8,3,6,3,0,1,2,32,1,3,1.0,0.0,0.0,1.0,0.0,0.0,9,3,9
66790,16,7,1,0,8,3,6,1,0,1,2,6,2,2,0.0,0.0,0.0,0.0,0.0,2.0,2,7,5
126133,16,2,3,10,8,3,0,1,1,1,0,19,2,2,0.0,0.0,0.0,0.0,0.0,3.0,18,3,9
109557,16,2,3,17,11,3,0,1,1,1,2,24,2,2,0.0,0.0,0.0,0.0,0.0,2.0,17,4,8
173829,16,2,3,0,8,3,0,1,0,1,2,26,2,2,0.0,0.0,0.0,0.0,0.0,2.0,13,3,12
74820,16,2,3,10,6,3,0,1,1,1,1,36,2,2,0.0,0.0,0.0,0.0,0.0,2.0,13,3,6
183262,16,2,1,0,2,3,0,1,0,1,2,6,2,2,0.0,0.0,0.0,0.0,0.0,3.0,21,6,12
46244,4,2,4,17,6,3,0,5,0,1,2,36,2,2,0.0,0.0,0.0,0.0,0.0,5.0,18,3,4
6314,16,2,3,17,6,3,0,1,1,1,2,36,2,2,0.0,0.0,0.0,0.0,0.0,2.0,16,6,1
156160,16,2,1,10,6,3,0,5,1,1,1,19,2,2,0.0,0.0,0.0,0.0,0.0,2.0,18,4,11
15761,15,2,1,0,6,3,0,1,0,1,2,18,3,2,0.0,0.0,0.0,0.0,0.0,3.0,22,1,2
135455,4,2,3,15,2,3,2,3,1,0,1,22,2,2,0.0,0.0,0.0,0.0,0.0,2.0,8,5,9
73433,4,2,3,15,3,3,0,1,1,1,2,26,2,2,0.0,0.0,0.0,0.0,0.0,2.0,11,2,6
125713,16,7,0,0,6,3,6,1,0,1,2,36,2,2,0.0,0.0,0.0,0.0,0.0,2.0,19,5,9
22551,16,2,3,15,11,3,0,5,1,1,1,12,2,2,0.0,0.0,0.0,0.0,0.0,2.0,11,4,2
115306,4,2,3,10,8,3,0,1,1,1,1,19,2,2,0.0,0.0,0.0,0.0,0.0,3.0,17,7,8
3522,16,2,1,0,1,3,0,1,0,1,2,17,3,3,2.0,0.0,0.0,2.0,0.0,1.0,20,3,1
119985,12,2,3,10,8,3,0,5,1,1,2,36,2,2,0.0,0.0,0.0,0.0,0.0,5.0,17,5,8
177441,16,7,1,9,6,3,6,5,0,1,2,6,2,1,1.0,0.0,1.0,0.0,0.0,1.0,17,6,12
53794,16,2,3,2,2,3,0,3,1,1,2,33,1,2,0.0,0.0,0.0,0.0,0.0,1.0,18,3,4
101069,16,2,3,9,8,3,0,1,0,1,0,36,2,3,1.0,0.0,0.0,1.0,0.0,1.0,15,3,7
27663,15,2,3,17,8,4,0,1,0,1,1,18,2,4,1.0,0.0,0.0,0.0,1.0,1.0,7,3,2
179665,16,2,1,17,13,2,0,5,1,1,0,12,2,2,0.0,0.0,0.0,0.0,0.0,2.0,2,7,12
128331,15,2,3,17,8,3,0,1,1,1,1,24,2,2,0.0,0.0,0.0,0.0,0.0,3.0,17,5,9
170836,16,2,3,0,6,3,0,1,0,1,2,17,2,3,1.0,0.0,0.0,1.0,0.0,1.0,14,7,11
71709,4,2,3,9,8,3,0,1,0,1,0,12,2,3,1.0,0.0,0.0,1.0,0.0,1.0,7,6,5
28327,15,7,3,0,10,3,6,1,0,1,1,28,3,2,0.0,0.0,0.0,0.0,0.0,3.0,7,5,3
37811,4,2,1,17,8,3,0,1,0,1,2,18,2,2,0.0,0.0,0.0,0.0,0.0,2.0,19,1,3
75756,16,2,3,0,10,3,0,1,1,1,1,22,2,2,0.0,0.0,0.0,0.0,0.0,2.0,14,3,6
81628,16,3,2,10,8,3,0,5,1,1,0,36,2,2,0.0,0.0,0.0,0.0,0.0,4.0,17,4,6
10501,16,6,1,0,8,3,0,2,0,1,2,18,2,4,1.0,0.0,0.0,0.0,1.0,2.0,22,1,1
61024,16,2,1,17,18,3,0,1,1,1,1,36,2,2,0.0,0.0,0.0,0.0,0.0,2.0,22,6,5
188524,16,2,3,0,8,3,0,1,0,1,2,6,3,3,3.0,0.0,0.0,3.0,0.0,2.0,9,2,12
126013,16,2,3,10,10,3,0,1,1,1,0,36,2,2,0.0,0.0,0.0,0.0,0.0,2.0,16,6,9
146255,4,2,3,17,2,3,0,1,1,1,2,18,2,2,0.0,0.0,0.0,0.0,0.0,2.0,15,3,10
43999,16,11,3,17,6,3,5,5,1,1,1,18,2,2,0.0,0.0,0.0,0.0,0.0,2.0,6,3,4
166218,4,2,1,17,2,3,0,1,0,1,2,18,2,2,0.0,0.0,0.0,0.0,0.0,2.0,15,6,11
35237,16,2,3,0,8,3,5,5,1,1,2,18,2,2,0.0,0.0,0.0,0.0,0.0,3.0,13,6,3
90264,4,3,3,0,6,3,0,1,0,1,2,18,2,3,1.0,0.0,0.0,1.0,0.0,3.0,18,4,7
81606,4,2,1,17,16,3,0,1,0,1,2,18,2,4,2.0,0.0,0.0,0.0,2.0,4.0,2,4,6
150302,4,2,3,17,8,3,0,1,1,1,1,18,2,2,0.0,0.0,0.0,0.0,0.0,4.0,14,6,10
57147,16,2,3,15,8,3,0,1,1,0,2,18,2,2,0.0,0.0,0.0,0.0,0.0,2.0,9,6,5
164817,15,3,3,17,8,3,0,1,0,1,2,18,2,3,1.0,0.0,0.0,1.0,0.0,1.0,8,6,11
177673,16,2,3,17,8,3,0,1,0,1,2,36,2,2,0.0,0.0,0.0,0.0,0.0,3.0,12,3,12
17454,4,2,3,17,10,3,6,1,1,1,2,21,2,2,0.0,0.0,0.0,0.0,0.0,2.0,8,4,2
143763,16,7,3,2,8,3,6,1,0,1,2,39,1,3,2.0,0.0,0.0,2.0,0.0,0.0,14,3,10
116789,16,2,1,10,8,3,0,1,1,1,0,17,2,2,0.0,0.0,0.0,0.0,0.0,2.0,20,7,8
146685,16,2,3,9,8,3,0,1,0,1,2,36,2,3,1.0,0.0,0.0,1.0,0.0,1.0,12,7,10
172808,4,2,3,10,1,3,0,1,1,1,1,19,2,2,0.0,0.0,0.0,0.0,0.0,4.0,11,7,12
147601,16,2,3,14,1,3,0,1,0,1,2,36,2,2,0.0,0.0,0.0,0.0,0.0,2.0,15,6,10
27636,16,2,0,17,1,3,0,5,0,1,2,26,3,4,2.0,0.0,0.0,0.0,2.0,6.0,18,1,2
66641,15,2,3,17,8,3,0,1,0,1,2,36,2,2,0.0,0.0,0.0,0.0,0.0,2.0,13,4,5
103492,16,11,3,10,8,3,5,1,1,0,2,19,2,2,0.0,0.0,0.0,0.0,0.0,8.0,18,3,7
117894,16,2,3,17,2,3,0,4,1,1,1,24,2,2,0.0,0.0,0.0,0.0,0.0,2.0,12,3,8
50031,15,2,2,0,19,3,0,1,0,1,2,36,2,2,0.0,0.0,0.0,0.0,0.0,2.0,18,7,4
17731,15,2,3,0,3,3,0,1,1,1,2,5,2,2,0.0,0.0,0.0,0.0,0.0,3.0,9,2,2
36246,4,2,3,17,8,3,0,1,0,1,2,24,2,3,2.0,0.0,0.0,1.0,1.0,1.0,15,6,3
170154,16,2,1,8,2,3,0,1,0,1,1,18,2,3,1.0,0.0,0.0,1.0,0.0,1.0,19,2,11
63985,16,2,1,0,6,3,0,1,0,1,2,17,2,3,1.0,0.0,0.0,1.0,0.0,4.0,20,3,5
154298,4,2,3,0,6,3,0,1,0,1,2,17,2,2,0.0,0.0,0.0,0.0,0.0,2.0,10,7,10
154611,4,7,3,10,8,3,6,1,1,0,2,19,2,2,0.0,0.0,0.0,0.0,0.0,2.0,17,4,10
33639,16,2,3,15,19,3,0,5,1,1,2,9,2,2,0.0,0.0,0.0,0.0,0.0,3.0,16,7,3
75487,15,2,3,17,15,3,0,1,1,1,2,4,2,2,0.0,0.0,0.0,0.0,0.0,4.0,11,6,6
119832,16,2,4,8,18,3,0,5,0,1,2,9,2,4,1.0,0.0,0.0,0.0,1.0,2.0,6,4,8
103361,16,2,3,15,6,3,0,5,1,1,0,23,2,2,0.0,0.0,0.0,0.0,0.0,2.0,17,3,7
47788,16,2,3,17,2,3,0,1,1,1,2,36,2,2,0.0,0.0,0.0,0.0,0.0,3.0,13,3,4
68710,15,2,3,10,8,3,0,1,1,1,2,19,2,2,0.0,0.0,0.0,0.0,0.0,4.0,20,7,5
5360,16,2,3,10,6,3,0,1,1,1,2,36,2,2,0.0,0.0,0.0,0.0,0.0,2.0,11,5,1
6760,16,2,3,15,8,3,0,1,1,0,2,23,2,2,0.0,0.0,0.0,0.0,0.0,3.0,9,5,1
44375,4,2,3,15,2,3,0,1,1,0,1,19,2,2,0.0,0.0,0.0,0.0,0.0,2.0,13,4,4
73844,4,2,3,10,8,3,0,1,1,1,1,36,2,2,0.0,0.0,0.0,0.0,0.0,3.0,9,3,6
139286,16,2,1,10,2,3,0,5,1,1,1,36,2,2,0.0,0.0,0.0,0.0,0.0,2.0,18,5,10
100798,4,11,5,17,2,3,5,5,1,1,1,18,2,2,0.0,0.0,0.0,0.0,0.0,2.0,14,5,7
166298,15,2,1,0,6,3,0,1,0,1,2,36,2,3,1.0,0.0,0.0,1.0,0.0,1.0,6,7,11
6034,15,11,3,17,2,3,5,5,1,1,2,36,2,2,0.0,0.0,0.0,0.0,0.0,3.0,15,7,1
29353,16,2,3,15,8,3,0,5,1,1,2,36,3,2,0.0,0.0,0.0,0.0,0.0,3.0,13,4,3
107249,16,7,3,17,2,3,6,1,1,1,2,18,2,2,0.0,0.0,0.0,0.0,0.0,3.0,14,3,8
26583,16,11,5,0,18,3,5,5,1,1,2,36,2,2,0.0,0.0,0.0,0.0,0.0,2.0,22,7,2
73121,16,2,3,15,8,3,0,1,1,1,2,18,2,2,0.0,0.0,0.0,0.0,0.0,3.0,10,5,6
168653,15,2,3,0,2,3,0,1,0,1,2,5,2,3,1.0,0.0,0.0,1.0,0.0,1.0,14,6,11
83367,16,7,1,17,8,3,6,1,1,1,2,18,2,2,0.0,0.0,0.0,0.0,0.0,2.0,21,2,6
34902,16,2,3,10,8,3,0,1,0,1,2,17,2,2,0.0,0.0,0.0,0.0,0.0,2.0,8,5,3
144644,16,2,1,10,8,3,0,1,0,1,2,36,2,3,1.0,0.0,0.0,1.0,0.0,1.0,2,6,10
144363,15,6,3,0,10,3,6,5,1,1,1,36,3,2,0.0,0.0,0.0,0.0,0.0,3.0,11,3,10
74528,16,2,3,0,6,3,0,1,0,1,2,6,3,1,5.0,0.0,1.0,4.0,0.0,0.0,13,5,6
178815,16,3,1,17,6,3,0,1,0,1,2,24,2,2,0.0,0.0,0.0,0.0,0.0,2.0,19,5,12
76044,16,2,3,10,8,3,0,1,1,1,1,19,3,2,0.0,0.0,0.0,0.0,0.0,3.0,16,6,6
94852,15,2,1,0,2,3,0,1,0,1,2,18,2,3,2.0,0.0,0.0,2.0,0.0,1.0,21,5,7
162842,16,2,1,17,6,3,0,1,1,1,1,18,2,2,0.0,0.0,0.0,0.0,0.0,4.0,19,1,11
123289,16,2,3,0,8,3,0,1,1,1,0,18,2,2,0.0,0.0,0.0,0.0,0.0,2.0,13,3,9
74545,16,2,3,17,6,3,0,1,0,1,2,6,2,2,0.0,0.0,0.0,0.0,0.0,3.0,16,5,6
182693,15,2,3,0,18,3,0,1,1,1,2,18,2,2,0.0,0.0,0.0,0.0,0.0,3.0,9,5,12
21187,16,2,3,10,8,3,0,1,0,1,2,36,2,4,2.0,0.0,0.0,0.0,2.0,1.0,14,5,2
106833,16,2,0,10,3,3,0,1,0,1,0,19,2,4,1.0,0.0,0.0,0.0,1.0,2.0,6,3,8
77933,16,2,3,0,6,3,0,1,0,1,2,6,2,2,0.0,0.0,0.0,0.0,0.0,2.0,9,7,6
118070,16,2,3,15,6,3,0,1,1,1,2,22,2,2,0.0,0.0,0.0,0.0,0.0,3.0,18,7,8
6344,4,2,3,9,8,3,0,1,0,1,0,36,2,3,1.0,0.0,0.0,1.0,0.0,1.0,7,6,1
84851,16,2,1,0,6,3,0,1,0,1,2,3,2,2,0.0,0.0,0.0,0.0,0.0,3.0,0,3,6
86333,15,2,3,2,8,3,0,1,0,1,2,28,2,2,0.0,0.0,0.0,0.0,0.0,1.0,12,5,6
142818,16,7,1,3,1,3,6,1,0,1,2,18,2,3,2.0,0.0,0.0,2.0,0.0,1.0,20,3,10
24884,16,2,1,17,3,3,0,1,0,1,2,18,2,2,0.0,0.0,0.0,0.0,0.0,2.0,9,5,2
108736,16,11,3,17,2,3,5,5,1,1,2,36,2,2,0.0,0.0,0.0,0.0,0.0,2.0,13,5,8
14576,15,2,3,0,6,3,0,1,1,1,2,36,2,2,0.0,0.0,0.0,0.0,0.0,2.0,7,3,1
127060,16,2,3,17,8,3,6,5,1,1,1,38,2,2,0.0,0.0,0.0,0.0,0.0,2.0,7,3,9