crash_date,               traffic_control_device,weather_condition,lighting_condition,first_crash_type,trafficway_type,alignment,roadway_surface_cond,road_defect,crash_type,intersection_related_i,damage,prim_contributory_cause,num_units,most_severe_injury,injuries_total,injuries_fatal,injuries_incapacitating,injuries_non_incapacitating,injuries_reported_not_evident,injuries_no_indication,crash_hour,crash_day_of_week,crash_month
26005,15,2,3,10,8,3,0,1,1,1,2,21,2,2,0.0,0.0,0.0,0.0,0.0,2.0,7,5,2
56085,15,2,3,0,8,3,0,1,1,1,2,5,2,2,0.0,0.0,0.0,0.0,0.0,2.0,8,3,5
8346,16,10,1,17,15,3,6,1,1,1,2,18,2,2,0.0,0.0,0.0,0.0,0.0,4.0,17,1,1
140275,16,2,3,0,6,3,0,1,0,1,2,18,2,1,5.0,0.0,4.0,0.0,1.0,0.0,8,4,10
129880,15,2,1,0,6,3,0,5,1,1,2,18,2,2,0.0,0.0,0.0,0.0,0.0,2.0,2,7,9
133231,16,2,3,17,3,3,0,1,1,1,1,18,2,2,0.0,0.0,0.0,0.0,0.0,3.0,9,2,9
103497,16,2,4,17,2,3,0,1,0,1,2,24,2,2,0.0,0.0,0.0,0.0,0.0,2.0,19,3,7
140811,16,11,4,10,10,3,5,1,1,1,1,19,2,2,0.0,0.0,0.0,0.0,0.0,3.0,18,5,10
70142,16,2,0,17,2,3,6,1,1,1,1,36,2,2,0.0,0.0,0.0,0.0,0.0,2.0,22,3,5
94883,16,2,3,10,8,3,0,1,1,1,2,36,2,2,0.0,0.0,0.0,0.0,0.0,2.0,14,6,7
11503,16,2,3,17,2,3,0,1,1,1,1,24,2,2,0.0,0.0,0.0,0.0,0.0,2.0,12,4,1
44941,4,2,3,17,8,3,0,1,1,1,2,36,2,2,0.0,0.0,0.0,0.0,0.0,3.0,14,6,4
47321,16,2,3,17,6,3,0,1,0,1,2,13,2,2,0.0,0.0,0.0,0.0,0.0,2.0,15,2,4
44902,16,2,1,0,8,3,0,1,0,1,2,18,2,3,1.0,0.0,0.0,1.0,0.0,2.0,22,7,4
149296,16,2,1,17,3,3,0,1,0,1,2,6,2,2,0.0,0.0,0.0,0.0,0.0,2.0,23,1,10
39841,16,2,3,10,8,3,0,1,1,1,1,36,2,2,0.0,0.0,0.0,0.0,0.0,2.0,15,3,3
141893,4,2,3,15,10,3,0,1,1,0,0,22,2,2,0.0,0.0,0.0,0.0,0.0,2.0,10,5,10
176443,17,2,3,17,6,3,0,1,1,0,1,19,2,2,0.0,0.0,0.0,0.0,0.0,2.0,17,1,12
148039,15,2,3,17,2,3,0,1,0,1,2,18,2,3,2.0,0.0,0.0,2.0,0.0,2.0,15,5,10
138688,16,2,3,15,8,3,0,5,1,1,2,18,2,2,0.0,0.0,0.0,0.0,0.0,2.0,18,4,10
98552,15,2,3,0,15,3,5,5,1,1,1,36,2,2,0.0,0.0,0.0,0.0,0.0,2.0,9,5,7
17422,16,7,1,0,8,3,6,4,1,1,2,16,2,2,0.0,0.0,0.0,0.0,0.0,2.0,2,4,2
149562,16,2,3,10,6,3,5,5,1,1,2,19,2,2,0.0,0.0,0.0,0.0,0.0,2.0,10,6,10
78270,15,2,0,9,10,3,0,1,0,1,1,37,2,3,2.0,0.0,0.0,2.0,0.0,0.0,20,4,6
106784,4,7,3,17,8,3,6,1,1,1,1,36,2,2,0.0,0.0,0.0,0.0,0.0,2.0,9,2,8
43422,16,2,3,10,2,3,0,1,1,1,2,19,2,2,0.0,0.0,0.0,0.0,0.0,2.0,10,7,4
160926,16,2,3,17,3,3,6,1,0,1,2,13,2,2,0.0,0.0,0.0,0.0,0.0,3.0,11,6,11
57015,15,3,3,0,10,3,6,1,0,1,2,5,2,3,1.0,0.0,0.0,1.0,0.0,1.0,15,5,5
25064,16,7,4,0,6,3,6,5,0,1,2,36,2,3,1.0,0.0,0.0,1.0,0.0,1.0,15,3,2
147159,16,2,0,0,8,3,5,5,1,1,1,6,2,2,0.0,0.0,0.0,0.0,0.0,2.0,22,7,10
162479,16,2,1,17,8,3,0,1,1,1,2,18,2,2,0.0,0.0,0.0,0.0,0.0,3.0,17,2,11
180645,15,7,3,0,15,3,6,1,1,1,2,36,2,2,0.0,0.0,0.0,0.0,0.0,3.0,16,1,12
106318,15,2,1,8,8,3,0,1,0,1,0,5,2,3,1.0,0.0,0.0,1.0,0.0,1.0,20,2,8
133906,4,2,3,10,8,3,0,1,0,1,2,19,3,1,1.0,0.0,1.0,0.0,0.0,3.0,8,6,9
37401,16,2,1,17,9,3,0,1,0,1,2,18,2,3,1.0,0.0,0.0,1.0,0.0,2.0,2,1,3
113984,15,2,3,8,8,3,0,1,1,1,2,18,2,2,0.0,0.0,0.0,0.0,0.0,2.0,17,2,8
18980,15,10,1,7,10,3,4,1,1,1,1,39,2,2,0.0,0.0,0.0,0.0,0.0,1.0,18,3,2
150259,16,2,3,9,6,3,0,5,0,1,2,18,2,3,1.0,0.0,0.0,1.0,0.0,1.0,15,3,10
151552,15,2,0,17,2,3,0,1,1,1,2,5,2,2,0.0,0.0,0.0,0.0,0.0,2.0,16,3,10
60292,16,7,3,17,6,3,6,1,0,1,2,18,2,2,0.0,0.0,0.0,0.0,0.0,3.0,8,1,5
31974,16,2,3,10,8,3,0,1,1,1,1,36,2,2,0.0,0.0,0.0,0.0,0.0,2.0,7,6,3
105398,16,11,3,15,8,3,5,1,1,1,1,23,2,2,0.0,0.0,0.0,0.0,0.0,2.0,13,4,8
118051,16,2,1,0,6,3,0,1,0,1,2,36,6,2,0.0,0.0,0.0,0.0,0.0,4.0,2,7,8
113801,16,2,1,9,8,3,0,1,0,1,2,18,3,3,2.0,0.0,0.0,2.0,0.0,2.0,20,5,8
38346,16,3,3,15,15,3,0,1,1,1,2,22,2,2,0.0,0.0,0.0,0.0,0.0,2.0,9,4,3
20415,16,2,3,17,8,3,0,1,1,1,2,23,2,2,0.0,0.0,0.0,0.0,0.0,4.0,14,7,2
164251,16,2,3,17,2,3,0,1,1,1,2,18,2,2,0.0,0.0,0.0,0.0,0.0,2.0,17,5,11
4525,6,2,3,17,11,3,0,1,1,1,2,21,2,2,0.0,0.0,0.0,0.0,0.0,3.0,12,5,1
10178,4,2,3,0,6,3,0,1,0,1,2,11,2,3,1.0,0.0,0.0,1.0,0.0,3.0,13,3,1
59660,16,2,3,9,6,3,0,5,0,1,0,36,2,3,1.0,0.0,0.0,1.0,0.0,1.0,10,4,5
46784,16,2,3,17,8,3,0,1,1,1,1,22,2,2,0.0,0.0,0.0,0.0,0.0,2.0,13,5,4
168270,16,2,1,10,6,3,0,1,0,1,2,19,2,2,0.0,0.0,0.0,0.0,0.0,2.0,2,7,11
175439,16,2,1,10,2,3,0,1,1,1,0,36,2,2,0.0,0.0,0.0,0.0,0.0,2.0,16,4,12
156954,16,2,3,15,10,3,0,1,1,1,2,19,2,2,0.0,0.0,0.0,0.0,0.0,2.0,8,6,11
120856,15,2,1,0,6,3,0,1,0,1,2,17,2,2,0.0,0.0,0.0,0.0,0.0,4.0,2,5,9
28846,16,2,1,17,10,3,0,1,1,1,1,24,2,2,0.0,0.0,0.0,0.0,0.0,3.0,22,7,3
173665,15,2,1,7,8,3,0,1,0,1,2,18,2,2,0.0,0.0,0.0,0.0,0.0,1.0,2,3,12
175352,15,2,3,7,6,3,5,5,1,1,2,36,2,2,0.0,0.0,0.0,0.0,0.0,4.0,15,6,12
32394,16,2,3,13,15,3,0,1,0,1,1,18,2,4,1.0,0.0,0.0,0.0,1.0,1.0,7,7,3
97016,16,2,3,17,8,3,0,5,0,1,2,18,2,2,0.0,0.0,0.0,0.0,0.0,2.0,10,3,7
71735,16,2,3,10,6,3,0,5,1,1,2,19,2,2,0.0,0.0,0.0,0.0,0.0,3.0,11,6,5
141317,16,2,1,9,2,3,0,1,0,1,0,18,2,3,1.0,0.0,0.0,1.0,0.0,1.0,22,4,10
90606,16,2,4,17,8,3,0,1,0,1,2,18,2,1,2.0,0.0,1.0,1.0,0.0,0.0,20,2,7
83132,16,2,3,10,8,3,0,3,1,1,2,17,2,2,0.0,0.0,0.0,0.0,0.0,2.0,17,4,6
40964,15,2,3,0,6,3,0,1,1,1,2,5,2,2,0.0,0.0,0.0,0.0,0.0,2.0,9,5,3
162508,16,2,3,9,2,3,0,1,0,1,0,38,2,3,1.0,0.0,0.0,1.0,0.0,1.0,8,2,11
20711,15,2,3,0,8,3,4,1,0,1,2,18,2,2,0.0,0.0,0.0,0.0,0.0,2.0,8,4,2
183196,16,2,3,0,2,3,0,1,0,1,2,6,2,3,4.0,0.0,0.0,3.0,1.0,1.0,12,5,12
119960,16,2,1,15,10,3,5,5,1,1,0,23,2,2,0.0,0.0,0.0,0.0,0.0,2.0,22,4,8
109799,16,7,4,17,8,3,6,5,1,1,0,24,2,2,0.0,0.0,0.0,0.0,0.0,3.0,18,6,8
171125,16,2,1,17,2,3,0,1,1,1,2,18,2,2,0.0,0.0,0.0,0.0,0.0,2.0,17,3,11
4151,16,2,3,15,8,3,0,1,1,1,1,23,2,2,0.0,0.0,0.0,0.0,0.0,2.0,10,7,1
122669,16,2,3,17,6,3,0,1,0,1,2,24,2,2,0.0,0.0,0.0,0.0,0.0,2.0,14,4,9
90227,15,2,1,17,6,3,0,1,0,1,2,24,4,2,0.0,0.0,0.0,0.0,0.0,7.0,0,3,7
150633,15,7,3,0,10,3,6,1,1,1,2,18,2,2,0.0,0.0,0.0,0.0,0.0,3.0,10,6,10
102404,16,2,1,10,8,3,0,1,1,1,1,19,2,2,0.0,0.0,0.0,0.0,0.0,2.0,22,7,7
2074,15,2,3,15,8,3,0,1,1,1,0,5,2,2,0.0,0.0,0.0,0.0,0.0,2.0,15,7,1
177148,15,10,1,10,8,3,4,1,1,1,1,36,2,2,0.0,0.0,0.0,0.0,0.0,2.0,19,7,12
146413,16,2,0,0,2,3,0,1,0,1,2,6,2,4,2.0,0.0,0.0,0.0,2.0,0.0,5,2,10
98185,16,7,3,15,8,3,6,1,0,1,1,18,3,2,0.0,0.0,0.0,0.0,0.0,3.0,16,6,7
183680,15,2,1,17,10,3,0,1,0,1,2,5,8,2,0.0,0.0,0.0,0.0,0.0,3.0,0,5,12
164403,16,2,3,10,19,3,0,1,1,1,2,36,2,2,0.0,0.0,0.0,0.0,0.0,2.0,10,7,11
112765,16,2,0,17,8,3,0,1,0,1,2,23,2,3,1.0,0.0,0.0,1.0,0.0,1.0,18,3,8
88712,16,7,3,9,6,3,6,1,1,1,0,18,2,2,0.0,0.0,0.0,0.0,0.0,2.0,10,1,7
42627,16,3,3,17,6,3,6,1,1,1,2,18,2,2,0.0,0.0,0.0,0.0,0.0,2.0,8,7,4
87066,16,2,3,17,6,3,0,1,1,1,0,18,2,2,0.0,0.0,0.0,0.0,0.0,2.0,8,4,6
93452,16,2,3,17,3,3,6,1,1,1,2,18,2,2,0.0,0.0,0.0,0.0,0.0,2.0,14,4,7
82704,15,7,3,2,2,3,6,5,1,1,2,18,1,2,0.0,0.0,0.0,0.0,0.0,2.0,16,5,6
2218,16,3,1,17,6,3,0,1,0,1,2,6,2,2,0.0,0.0,0.0,0.0,0.0,2.0,6,4,1
156915,16,2,3,7,1,3,0,1,1,1,2,17,2,2,0.0,0.0,0.0,0.0,0.0,1.0,13,6,11
174112,16,2,3,10,6,3,0,1,0,1,2,36,2,4,2.0,0.0,0.0,0.0,2.0,1.0,15,1,12
102057,17,2,3,15,8,3,0,1,1,0,1,4,2,2,0.0,0.0,0.0,0.0,0.0,3.0,11,3,7
119328,16,2,3,17,11,3,0,1,1,1,2,24,2,2,0.0,0.0,0.0,0.0,0.0,3.0,15,5,8
78159,16,2,1,0,6,3,0,1,0,1,2,12,2,3,1.0,0.0,0.0,1.0,0.0,1.0,0,4,6
93798,16,2,3,17,8,3,0,1,1,1,2,36,2,2,0.0,0.0,0.0,0.0,0.0,2.0,8,3,7
78681,16,2,3,9,6,3,0,1,0,1,2,24,2,3,1.0,0.0,0.0,1.0,0.0,1.0,16,5,6
57944,6,2,3,15,11,3,0,1,1,1,2,21,2,2,0.0,0.0,0.0,0.0,0.0,2.0,12,5,5
89799,16,2,3,17,2,3,0,1,0,1,2,18,2,2,0.0,0.0,0.0,0.0,0.0,3.0,19,5,7
74122,4,2,1,9,8,3,0,1,0,0,2,36,2,1,2.0,0.0,1.0,1.0,0.0,0.0,23,6,6
121115,15,9,3,17,2,3,0,1,1,1,2,18,2,2,0.0,0.0,0.0,0.0,0.0,2.0,16,6,9
44326,16,2,3,10,8,3,0,1,1,1,1,19,2,2,0.0,0.0,0.0,0.0,0.0,2.0,12,2,4
67377,16,2,1,0,8,3,0,1,0,1,2,18,2,2,0.0,0.0,0.0,0.0,0.0,3.0,21,1,5
72382,15,2,3,2,2,3,0,1,0,1,2,18,1,2,0.0,0.0,0.0,0.0,0.0,1.0,17,7,6
42913,16,2,3,10,3,3,0,1,1,1,2,36,2,2,0.0,0.0,0.0,0.0,0.0,2.0,14,6,4
72682,16,2,3,17,6,3,0,1,0,1,2,6,2,2,0.0,0.0,0.0,0.0,0.0,3.0,15,6,6
31046,16,2,3,17,8,3,0,1,1,1,1,36,2,2,0.0,0.0,0.0,0.0,0.0,2.0,7,4,3
68535,4,2,3,7,8,3,0,1,1,0,2,13,2,2,0.0,0.0,0.0,0.0,0.0,1.0,10,5,5
180587,4,2,3,0,8,3,0,5,1,1,1,36,2,2,0.0,0.0,0.0,0.0,0.0,2.0,7,6,12
30990,16,2,3,0,2,3,0,1,0,1,1,6,2,4,1.0,0.0,0.0,0.0,1.0,1.0,16,3,3
118166,17,11,5,10,8,3,5,5,1,1,2,36,2,2,0.0,0.0,0.0,0.0,0.0,2.0,13,3,8
123725,4,2,3,10,15,3,0,1,0,1,2,17,3,4,1.0,0.0,0.0,0.0,1.0,2.0,11,4,9
35916,16,2,3,10,2,3,0,3,1,1,1,19,2,2,0.0,0.0,0.0,0.0,0.0,2.0,13,1,3
182277,16,2,0,10,2,3,0,1,0,1,2,19,4,3,4.0,0.0,0.0,2.0,2.0,2.0,16,1,12
18204,16,2,3,17,6,3,0,1,1,1,0,36,2,2,0.0,0.0,0.0,0.0,0.0,2.0,8,3,2
66067,16,2,4,10,3,3,0,1,1,1,1,12,2,2,0.0,0.0,0.0,0.0,0.0,2.0,21,7,5
8716,16,2,3,8,8,3,6,1,1,1,0,17,2,2,0.0,0.0,0.0,0.0,0.0,3.0,9,5,1
172595,16,7,1,9,9,3,6,1,0,1,0,36,2,4,1.0,0.0,0.0,0.0,1.0,1.0,16,6,12
117970,16,2,3,14,8,3,0,1,1,1,2,18,4,2,0.0,0.0,0.0,0.0,0.0,2.0,13,6,8
115146,15,2,3,14,8,3,0,1,1,1,2,36,2,2,0.0,0.0,0.0,0.0,0.0,2.0,13,4,8
100691,15,2,3,10,2,2,0,1,1,1,1,36,2,2,0.0,0.0,0.0,0.0,0.0,2.0,17,5,7
63153,16,2,3,17,8,3,0,1,1,1,2,19,2,2,0.0,0.0,0.0,0.0,0.0,2.0,14,3,5
14002,16,2,3,17,8,3,0,1,0,1,2,13,2,4,1.0,0.0,0.0,0.0,1.0,1.0,12,6,1
53668,16,2,3,10,8,3,0,1,1,1,1,19,2,2,0.0,0.0,0.0,0.0,0.0,5.0,13,1,4
17744,16,2,2,17,8,3,0,1,1,0,2,36,2,2,0.0,0.0,0.0,0.0,0.0,3.0,13,3,2
97501,15,2,3,10,6,3,0,1,1,1,2,19,2,2,0.0,0.0,0.0,0.0,0.0,3.0,12,3,7
170388,16,2,3,0,2,3,0,1,1,1,2,6,2,2,0.0,0.0,0.0,0.0,0.0,2.0,14,7,11
51867,16,2,5,0,6,3,0,1,0,1,2,36,2,4,1.0,0.0,0.0,0.0,1.0,1.0,21,5,4
36279,15,4,3,0,8,3,0,1,0,1,2,18,2,2,0.0,0.0,0.0,0.0,0.0,5.0,11,7,3
134112,16,7,3,17,2,3,6,1,0,1,2,36,2,2,0.0,0.0,0.0,0.0,0.0,2.0,8,3,9
121086,16,2,3,0,8,3,0,1,1,1,2,36,2,2,0.0,0.0,0.0,0.0,0.0,2.0,11,1,9
156896,16,2,3,17,2,3,0,1,1,1,0,36,2,2,0.0,0.0,0.0,0.0,0.0,2.0,15,5,11
27325,16,2,1,10,3,3,0,1,1,1,2,19,2,2,0.0,0.0,0.0,0.0,0.0,5.0,0,4,2
97462,16,2,3,10,6,3,0,1,1,1,2,19,2,2,0.0,0.0,0.0,0.0,0.0,2.0,18,3,7
114794,16,2,1,17,15,3,0,1,0,1,2,17,2,2,0.0,0.0,0.0,0.0,0.0,3.0,19,6,8
47319,4,2,3,9,8,3,0,1,1,1,2,36,2,2,0.0,0.0,0.0,0.0,0.0,2.0,15,2,4
80137,4,2,3,17,8,3,0,1,0,1,2,36,2,2,0.0,0.0,0.0,0.0,0.0,5.0,18,4,6
42036,4,2,0,9,6,3,0,1,0,1,2,26,2,1,1.0,0.0,1.0,0.0,0.0,1.0,22,4,3
137689,16,2,3,0,11,3,0,1,1,1,2,36,2,2,0.0,0.0,0.0,0.0,0.0,2.0,16,2,10
92026,18,2,3,5,2,3,0,1,0,1,0,18,2,3,1.0,0.0,0.0,1.0,0.0,1.0,13,3,7
13281,16,10,3,10,8,3,6,1,0,1,2,19,2,2,0.0,0.0,0.0,0.0,0.0,3.0,12,6,1
109744,16,2,3,17,6,4,0,1,1,1,2,36,2,2,0.0,0.0,0.0,0.0,0.0,2.0,16,1,8
164424,4,2,3,9,8,3,0,5,0,1,2,18,2,3,1.0,0.0,0.0,1.0,0.0,1.0,16,2,11
51819,16,2,3,17,1,3,0,1,0,1,2,12,3,2,0.0,0.0,0.0,0.0,0.0,2.0,10,4,4
117915,16,2,3,10,13,3,0,1,1,1,1,13,2,2,0.0,0.0,0.0,0.0,0.0,2.0,17,5,8
51456,4,2,3,17,8,3,0,5,0,1,2,26,2,3,1.0,0.0,0.0,1.0,0.0,1.0,15,5,4
24788,15,2,3,7,8,3,0,1,1,1,2,36,2,2,0.0,0.0,0.0,0.0,0.0,1.0,8,4,2
88365,16,2,1,0,8,3,0,1,0,1,2,36,2,3,1.0,0.0,0.0,1.0,0.0,1.0,23,2,7
63354,15,2,1,0,6,3,0,1,0,1,2,5,2,2,0.0,0.0,0.0,0.0,0.0,2.0,1,7,5
181917,16,11,5,9,8,3,5,5,0,1,0,36,2,1,1.0,0.0,1.0,0.0,0.0,1.0,6,2,12
2386,16,6,2,10,10,3,5,5,1,1,2,19,2,2,0.0,0.0,0.0,0.0,0.0,2.0,6,4,1
102013,15,2,3,17,8,3,0,1,0,1,2,18,2,2,0.0,0.0,0.0,0.0,0.0,2.0,15,3,7
180022,16,7,0,10,6,3,6,5,1,1,2,19,2,2,0.0,0.0,0.0,0.0,0.0,3.0,17,7,12
55118,16,2,1,10,8,3,0,6,0,1,1,17,2,4,3.0,0.0,0.0,0.0,3.0,2.0,23,1,4
124098,15,3,3,17,8,3,0,1,1,1,1,19,2,2,0.0,0.0,0.0,0.0,0.0,2.0,14,3,9
65123,15,7,3,17,8,3,6,5,1,1,2,36,2,2,0.0,0.0,0.0,0.0,0.0,2.0,9,6,5
83144,15,2,3,8,8,3,0,1,0,1,0,5,2,4,1.0,0.0,0.0,0.0,1.0,2.0,13,5,6
150025,16,7,0,17,2,3,6,5,0,1,2,12,2,3,1.0,0.0,0.0,1.0,0.0,2.0,21,5,10
51522,4,2,3,10,6,3,0,5,1,1,1,36,2,2,0.0,0.0,0.0,0.0,0.0,2.0,14,6,4
160037,4,2,3,10,8,3,0,1,1,0,2,19,2,2,0.0,0.0,0.0,0.0,0.0,2.0,10,2,11
175557,15,2,1,0,2,3,0,1,0,1,2,5,2,4,1.0,0.0,0.0,0.0,1.0,5.0,17,6,12
120517,16,2,3,10,2,3,0,3,0,1,2,8,5,4,1.0,0.0,0.0,0.0,1.0,9.0,13,6,9
136200,16,2,1,0,2,3,0,1,1,1,2,36,2,2,0.0,0.0,0.0,0.0,0.0,2.0,22,2,9
152883,16,7,2,10,3,3,6,5,0,1,1,17,2,4,1.0,0.0,0.0,0.0,1.0,2.0,16,7,10
173756,16,10,1,10,8,3,4,1,0,1,1,36,2,4,1.0,0.0,0.0,0.0,1.0,1.0,19,1,12
105581,16,2,3,0,5,3,0,1,0,1,2,36,2,2,0.0,0.0,0.0,0.0,0.0,3.0,12,7,8
61407,16,2,3,17,8,3,0,1,0,1,2,18,2,3,1.0,0.0,0.0,1.0,0.0,1.0,14,5,5
71871,16,2,3,17,8,3,0,1,0,1,2,36,2,3,1.0,0.0,0.0,1.0,0.0,2.0,8,6,6
81229,4,2,4,7,8,3,0,6,0,0,2,17,4,2,0.0,0.0,0.0,0.0,0.0,1.0,21,6,6
173179,17,2,0,15,6,3,5,5,1,0,2,36,2,2,0.0,0.0,0.0,0.0,0.0,2.0,17,2,12
34823,16,2,3,10,8,3,0,1,1,1,1,36,2,2,0.0,0.0,0.0,0.0,0.0,2.0,15,4,3
102210,16,2,3,10,2,3,0,1,1,1,2,36,2,2,0.0,0.0,0.0,0.0,0.0,2.0,16,6,7
143776,16,7,3,10,2,3,6,1,1,1,2,19,2,2,0.0,0.0,0.0,0.0,0.0,2.0,16,3,10
124392,16,2,3,15,8,3,6,1,1,1,1,22,2,2,0.0,0.0,0.0,0.0,0.0,4.0,8,5,9
144411,15,7,0,0,8,3,6,1,1,1,2,5,2,2,0.0,0.0,0.0,0.0,0.0,2.0,7,4,10
140496,15,7,1,17,8,3,6,1,1,1,2,18,2,2,0.0,0.0,0.0,0.0,0.0,3.0,6,6,10
118148,16,2,1,0,6,3,0,1,0,1,1,17,2,3,1.0,0.0,0.0,1.0,0.0,2.0,20,1,8
94802,16,2,3,17,8,3,5,5,1,1,1,36,2,2,0.0,0.0,0.0,0.0,0.0,2.0,10,4,7
10392,4,2,1,0,10,3,0,5,1,1,2,18,2,2,0.0,0.0,0.0,0.0,0.0,2.0,1,7,1
40857,16,2,3,15,8,3,0,1,1,1,1,23,2,2,0.0,0.0,0.0,0.0,0.0,2.0,9,2,3
65277,16,7,3,0,2,3,6,1,0,1,2,36,3,4,2.0,0.0,0.0,0.0,2.0,2.0,9,3,5
139703,4,2,3,17,2,3,0,1,0,1,2,12,2,2,0.0,0.0,0.0,0.0,0.0,2.0,12,3,10
150382,16,2,3,10,2,3,0,1,1,1,1,19,2,2,0.0,0.0,0.0,0.0,0.0,3.0,17,2,10
77375,16,2,3,8,11,3,0,1,0,1,2,6,2,1,1.0,0.0,1.0,0.0,0.0,1.0,8,6,6
3403,4,7,1,17,2,3,6,1,1,1,2,18,2,2,0.0,0.0,0.0,0.0,0.0,2.0,18,6,1
131632,15,2,3,9,17,3,5,5,0,1,2,36,2,3,1.0,0.0,0.0,1.0,0.0,1.0,7,3,9
158876,16,2,3,15,2,3,0,1,1,1,1,18,2,2,0.0,0.0,0.0,0.0,0.0,2.0,18,6,11
62537,15,2,3,0,6,3,0,1,0,1,2,5,3,2,0.0,0.0,0.0,0.0,0.0,6.0,15,2,5
59495,4,2,1,14,8,3,0,1,1,1,1,36,2,2,0.0,0.0,0.0,0.0,0.0,2.0,3,1,5
22044,4,2,3,7,10,3,6,5,1,1,2,24,2,2,0.0,0.0,0.0,0.0,0.0,1.0,7,5,2
61359,16,2,3,10,8,3,5,5,0,1,2,19,2,4,1.0,0.0,0.0,0.0,1.0,3.0,18,4,5
14249,15,2,3,17,8,3,5,5,1,1,1,36,2,2,0.0,0.0,0.0,0.0,0.0,2.0,8,3,1
153849,16,2,3,17,6,3,0,1,1,1,2,24,2,2,0.0,0.0,0.0,0.0,0.0,2.0,7,2,10
166571,16,2,1,17,1,3,0,1,1,0,1,17,2,2,0.0,0.0,0.0,0.0,0.0,2.0,19,3,11
146325,16,7,3,9,8,3,6,1,0,1,2,18,2,3,1.0,0.0,0.0,1.0,0.0,2.0,10,3,10
103974,16,2,3,10,3,3,0,5,1,1,2,36,2,2,0.0,0.0,0.0,0.0,0.0,2.0,19,3,8
85984,4,2,2,15,14,2,0,1,0,1,2,23,2,3,1.0,0.0,0.0,1.0,0.0,1.0,4,1,6
107858,4,2,3,10,8,3,0,1,1,1,2,17,2,2,0.0,0.0,0.0,0.0,0.0,2.0,17,5,8
47848,15,7,3,0,6,3,6,5,1,1,2,18,2,2,0.0,0.0,0.0,0.0,0.0,2.0,16,4,4
46805,16,3,3,10,3,3,0,1,1,1,2,19,2,2,0.0,0.0,0.0,0.0,0.0,2.0,16,5,4
169960,16,2,3,10,15,3,0,1,0,1,1,36,2,4,1.0,0.0,0.0,0.0,1.0,1.0,16,7,11
180889,16,2,3,10,8,3,0,1,0,1,2,17,2,2,0.0,0.0,0.0,0.0,0.0,3.0,12,1,12
178967,16,2,3,8,2,3,0,1,0,1,2,6,2,1,1.0,0.0,1.0,0.0,0.0,1.0,10,4,12
44471,16,2,1,17,6,3,0,5,1,1,1,18,2,2,0.0,0.0,0.0,0.0,0.0,2.0,21,6,4
139481,15,2,3,0,19,3,0,5,0,1,2,18,2,2,0.0,0.0,0.0,0.0,0.0,2.0,16,6,10
144405,4,7,2,17,0,3,6,1,1,1,0,18,2,2,0.0,0.0,0.0,0.0,0.0,2.0,5,4,10
170242,15,10,3,0,8,3,4,1,1,1,2,5,2,2,0.0,0.0,0.0,0.0,0.0,2.0,7,3,11
159351,16,2,3,10,8,3,0,1,1,1,1,12,2,2,0.0,0.0,0.0,0.0,0.0,2.0,7,5,11
180313,16,2,1,17,8,3,0,1,1,1,2,36,2,2,0.0,0.0,0.0,0.0,0.0,2.0,3,1,12
69542,15,2,1,0,6,3,0,1,1,1,2,17,2,2,0.0,0.0,0.0,0.0,0.0,2.0,1,7,5
101373,16,2,1,8,2,3,0,1,0,1,2,28,2,1,1.0,0.0,1.0,0.0,0.0,2.0,23,6,7
113128,16,2,1,10,8,3,0,1,1,1,2,19,2,2,0.0,0.0,0.0,0.0,0.0,3.0,19,7,8
73452,16,7,3,17,2,3,6,1,0,1,0,39,2,4,1.0,0.0,0.0,0.0,1.0,1.0,14,3,6
149973,16,2,3,2,3,3,6,1,0,1,2,36,1,2,0.0,0.0,0.0,0.0,0.0,1.0,13,5,10
148704,15,2,3,17,8,3,0,1,0,1,2,19,2,2,0.0,0.0,0.0,0.0,0.0,2.0,9,6,10
138315,16,11,1,10,8,3,5,5,1,1,1,19,2,2,0.0,0.0,0.0,0.0,0.0,2.0,5,4,10
178982,16,2,3,17,8,3,0,1,1,1,2,36,2,2,0.0,0.0,0.0,0.0,0.0,2.0,13,5,12
81922,16,2,3,0,8,3,0,6,0,1,2,36,2,3,2.0,0.0,0.0,1.0,1.0,2.0,10,1,6
4214,16,2,1,9,8,3,0,1,0,1,0,18,2,3,1.0,0.0,0.0,1.0,0.0,1.0,18,2,1
11195,4,10,3,7,15,3,1,1,1,1,2,17,2,2,0.0,0.0,0.0,0.0,0.0,1.0,8,5,1
36648,16,2,1,10,6,3,0,1,0,1,2,19,2,2,0.0,0.0,0.0,0.0,0.0,2.0,4,2,3
29598,15,2,3,17,8,3,0,1,1,1,2,18,2,2,0.0,0.0,0.0,0.0,0.0,2.0,6,6,3
51540,4,2,3,9,15,3,0,1,0,1,2,18,2,3,1.0,0.0,0.0,1.0,0.0,1.0,17,6,4
75510,16,2,3,15,8,3,5,5,1,1,2,24,2,2,0.0,0.0,0.0,0.0,0.0,4.0,9,4,6
23107,17,2,0,10,8,3,0,5,1,1,1,36,2,2,0.0,0.0,0.0,0.0,0.0,2.0,20,1,2
59030,15,2,3,7,8,3,0,1,1,1,1,21,2,2,0.0,0.0,0.0,0.0,0.0,1.0,13,2,5
179950,15,2,1,0,6,3,0,1,0,1,2,18,2,2,0.0,0.0,0.0,0.0,0.0,2.0,16,5,12
113433,16,11,5,0,6,3,5,5,1,1,2,36,2,2,0.0,0.0,0.0,0.0,0.0,3.0,19,6,8