crash_date,               traffic_control_device,weather_condition,lighting_condition,first_crash_type,trafficway_type,alignment,roadway_surface_cond,road_defect,crash_type,intersection_related_i,damage,prim_contributory_cause,num_units,most_severe_injury,injuries_total,injuries_fatal,injuries_incapacitating,injuries_non_incapacitating,injuries_reported_not_evident,injuries_no_indication,crash_hour,crash_day_of_week,crash_month
17390,4,2,0,17,8,3,0,1,1,1,1,36,2,2,0.0,0.0,0.0,0.0,0.0,2.0,17,3,2
19424,16,10,3,0,2,3,6,1,0,1,2,26,2,3,1.0,0.0,0.0,1.0,0.0,2.0,15,4,2
133968,15,3,3,17,6,3,0,1,0,1,2,36,2,2,0.0,0.0,0.0,0.0,0.0,2.0,8,7,9
94793,16,2,3,0,6,3,0,1,1,1,1,21,2,2,0.0,0.0,0.0,0.0,0.0,3.0,8,4,7
76264,16,2,3,10,8,3,0,5,1,1,2,19,2,2,0.0,0.0,0.0,0.0,0.0,3.0,14,4,6
128081,16,2,3,10,6,3,0,1,1,1,1,19,2,2,0.0,0.0,0.0,0.0,0.0,2.0,10,3,9
54295,4,2,3,0,6,3,0,1,1,1,1,36,2,2,0.0,0.0,0.0,0.0,0.0,3.0,7,3,4
33266,16,10,1,17,6,3,6,5,0,1,2,36,3,2,0.0,0.0,0.0,0.0,0.0,3.0,21,7,3
55232,16,7,3,17,6,3,6,1,1,1,1,23,2,2,0.0,0.0,0.0,0.0,0.0,2.0,11,4,4
8269,16,10,1,3,6,4,4,1,0,1,2,17,3,2,0.0,0.0,0.0,0.0,0.0,3.0,16,6,1
48995,16,2,3,10,8,3,0,1,1,1,1,19,2,2,0.0,0.0,0.0,0.0,0.0,2.0,12,2,4
114861,15,7,3,0,8,3,6,1,0,1,2,18,2,2,0.0,0.0,0.0,0.0,0.0,4.0,16,7,8
109667,16,2,3,17,6,3,0,1,1,0,2,24,2,2,0.0,0.0,0.0,0.0,0.0,2.0,15,6,8
102094,16,7,3,10,8,3,6,5,1,1,2,23,2,2,0.0,0.0,0.0,0.0,0.0,2.0,5,4,7
107910,4,2,3,17,8,3,0,1,0,1,2,36,2,2,0.0,0.0,0.0,0.0,0.0,2.0,13,7,8
121273,16,2,1,0,6,3,0,1,0,1,2,11,2,2,0.0,0.0,0.0,0.0,0.0,3.0,23,2,9
179198,16,2,1,15,8,3,0,1,1,1,2,36,2,2,0.0,0.0,0.0,0.0,0.0,2.0,17,2,12
112189,15,2,1,0,10,3,0,1,0,0,1,5,2,3,1.0,0.0,0.0,1.0,0.0,3.0,23,1,8
108381,16,2,3,17,2,3,0,1,1,1,2,36,2,2,0.0,0.0,0.0,0.0,0.0,3.0,9,6,8
58442,4,2,4,8,8,3,0,1,0,1,2,36,2,3,1.0,0.0,0.0,1.0,0.0,1.0,23,1,5
165834,16,7,3,10,6,3,6,5,0,1,2,19,2,3,3.0,0.0,0.0,3.0,0.0,2.0,14,2,11
129629,15,2,3,0,11,3,0,1,1,1,2,36,2,2,0.0,0.0,0.0,0.0,0.0,2.0,9,2,9
188563,16,2,1,10,8,3,0,1,1,1,1,36,2,2,0.0,0.0,0.0,0.0,0.0,2.0,21,7,12
21755,4,2,3,7,8,3,0,1,1,1,0,36,2,2,0.0,0.0,0.0,0.0,0.0,1.0,9,6,2
125299,15,2,3,0,6,3,0,5,1,1,2,18,2,2,0.0,0.0,0.0,0.0,0.0,2.0,9,6,9
176077,16,2,1,0,2,3,0,1,1,1,2,18,2,2,0.0,0.0,0.0,0.0,0.0,2.0,2,7,12
47551,16,2,3,17,8,3,0,1,0,1,2,36,2,2,0.0,0.0,0.0,0.0,0.0,2.0,7,6,4
96233,16,2,3,17,8,3,0,1,1,1,2,36,2,2,0.0,0.0,0.0,0.0,0.0,3.0,13,6,7
102856,15,7,3,9,6,3,6,1,0,1,0,26,2,3,1.0,0.0,0.0,1.0,0.0,1.0,10,2,7
117277,18,2,3,15,2,3,0,1,1,1,2,17,2,2,0.0,0.0,0.0,0.0,0.0,2.0,14,1,8
147110,16,2,3,10,2,3,0,1,0,1,2,9,2,2,0.0,0.0,0.0,0.0,0.0,2.0,12,5,10
133706,4,2,1,0,8,3,0,1,1,1,2,18,2,2,0.0,0.0,0.0,0.0,0.0,2.0,23,2,9
10391,16,2,1,10,6,3,0,5,0,1,2,26,2,2,0.0,0.0,0.0,0.0,0.0,2.0,1,7,1
59267,16,2,3,17,6,3,0,1,1,1,1,36,2,2,0.0,0.0,0.0,0.0,0.0,2.0,11,6,5
6345,16,10,3,15,1,3,6,1,1,1,1,12,2,2,0.0,0.0,0.0,0.0,0.0,2.0,7,6,1
131012,16,2,3,9,8,3,0,1,0,1,2,36,2,3,1.0,0.0,0.0,1.0,0.0,1.0,15,2,9
182735,16,2,3,10,8,3,0,1,0,1,2,26,3,4,1.0,0.0,0.0,0.0,1.0,4.0,14,7,12
102531,4,2,2,11,15,3,0,5,1,1,1,36,2,2,0.0,0.0,0.0,0.0,0.0,2.0,14,4,7
83664,16,2,1,10,2,3,0,1,1,1,1,19,2,2,0.0,0.0,0.0,0.0,0.0,2.0,21,5,6
83343,16,11,5,10,8,3,5,5,0,0,1,17,2,4,1.0,0.0,0.0,0.0,1.0,1.0,17,2,6
27268,4,2,1,0,11,3,0,1,0,1,2,11,2,2,0.0,0.0,0.0,0.0,0.0,2.0,23,3,2
92650,16,2,3,17,10,3,0,1,0,1,2,36,2,3,1.0,0.0,0.0,1.0,0.0,1.0,10,6,7
158966,15,2,3,2,8,3,0,1,0,1,2,12,1,2,0.0,0.0,0.0,0.0,0.0,1.0,11,7,11
61753,15,2,3,13,18,0,0,1,1,1,1,18,2,2,0.0,0.0,0.0,0.0,0.0,3.0,18,3,5
148559,4,2,1,15,10,3,0,1,1,1,2,22,2,2,0.0,0.0,0.0,0.0,0.0,2.0,18,7,10
14387,15,10,4,0,8,3,4,1,1,1,2,18,2,2,0.0,0.0,0.0,0.0,0.0,7.0,15,7,1
34795,16,2,3,15,8,3,0,1,1,1,0,22,2,2,0.0,0.0,0.0,0.0,0.0,3.0,16,3,3
81015,16,7,1,10,3,3,6,1,1,1,2,17,3,2,0.0,0.0,0.0,0.0,0.0,3.0,20,2,6
106821,16,2,3,17,2,3,0,1,1,1,2,6,2,2,0.0,0.0,0.0,0.0,0.0,2.0,17,3,8
64525,4,2,3,15,8,3,0,1,1,1,2,23,2,2,0.0,0.0,0.0,0.0,0.0,2.0,8,6,5
18943,15,10,3,0,6,3,4,1,0,1,2,18,2,4,1.0,0.0,0.0,0.0,1.0,1.0,12,1,2
46170,16,2,3,0,6,3,0,1,0,1,2,6,2,2,0.0,0.0,0.0,0.0,0.0,3.0,15,1,4
156743,15,2,3,17,6,3,0,1,1,1,2,22,2,2,0.0,0.0,0.0,0.0,0.0,2.0,11,4,11
154147,4,7,3,7,8,3,6,1,1,0,2,39,2,2,0.0,0.0,0.0,0.0,0.0,1.0,14,6,10
76835,16,2,3,0,8,3,0,1,1,1,2,18,2,2,0.0,0.0,0.0,0.0,0.0,2.0,16,5,6
136236,16,2,3,9,6,3,0,1,0,1,2,6,2,1,1.0,0.0,1.0,0.0,0.0,1.0,17,3,9
174137,16,2,1,15,2,3,0,1,0,1,2,36,2,2,0.0,0.0,0.0,0.0,0.0,2.0,21,1,12
44132,16,7,3,17,10,3,6,1,1,1,1,36,2,2,0.0,0.0,0.0,0.0,0.0,2.0,9,4,4
102356,16,7,3,17,2,3,6,1,0,1,1,39,2,2,0.0,0.0,0.0,0.0,0.0,2.0,17,6,7
11611,16,7,4,15,8,3,6,1,1,1,1,22,2,2,0.0,0.0,0.0,0.0,0.0,3.0,16,6,1
168350,4,2,1,7,0,3,0,5,1,1,1,24,2,2,0.0,0.0,0.0,0.0,0.0,1.0,18,2,11
112515,15,3,3,0,8,3,6,1,1,1,1,5,2,2,0.0,0.0,0.0,0.0,0.0,2.0,9,5,8
79859,16,2,1,17,6,3,0,1,0,1,1,17,2,3,2.0,0.0,0.0,1.0,1.0,0.0,22,7,6
31770,16,2,3,9,10,3,0,1,0,1,0,36,2,3,1.0,0.0,0.0,1.0,0.0,1.0,5,4,3
103300,16,2,3,8,8,3,0,1,1,1,2,36,2,2,0.0,0.0,0.0,0.0,0.0,5.0,16,1,7
41218,16,2,3,17,6,3,0,1,1,1,1,36,2,2,0.0,0.0,0.0,0.0,0.0,2.0,16,3,3
114737,16,2,0,17,8,3,0,1,1,1,2,24,2,2,0.0,0.0,0.0,0.0,0.0,3.0,19,4,8
135622,16,2,3,17,8,3,0,1,0,1,2,18,2,3,6.0,0.0,0.0,6.0,0.0,1.0,16,2,9
35743,16,2,1,2,9,3,0,1,1,1,2,22,1,2,0.0,0.0,0.0,0.0,0.0,1.0,1,7,3
164588,16,2,3,17,8,3,0,1,1,1,2,24,2,2,0.0,0.0,0.0,0.0,0.0,2.0,9,4,11
30736,4,2,3,17,8,3,0,1,1,1,1,18,2,2,0.0,0.0,0.0,0.0,0.0,4.0,13,7,3
85432,16,7,3,17,2,3,6,1,1,1,2,18,2,2,0.0,0.0,0.0,0.0,0.0,2.0,9,6,6
67209,16,2,3,10,8,3,0,1,1,1,2,19,2,2,0.0,0.0,0.0,0.0,0.0,2.0,18,5,5
180251,4,2,0,0,8,3,0,1,0,1,2,18,3,3,1.0,0.0,0.0,1.0,0.0,4.0,5,7,12
126762,16,3,4,10,8,3,6,1,1,1,1,39,2,2,0.0,0.0,0.0,0.0,0.0,2.0,7,5,9
35112,16,2,1,0,8,3,6,1,0,1,2,6,2,3,1.0,0.0,0.0,1.0,0.0,1.0,23,2,3
722,15,2,3,2,6,3,0,1,1,1,2,12,1,2,0.0,0.0,0.0,0.0,0.0,1.0,7,5,1
43175,16,2,3,15,2,3,0,1,1,1,2,18,2,2,0.0,0.0,0.0,0.0,0.0,2.0,11,2,4
20125,16,2,3,17,11,3,0,1,1,1,2,24,2,2,0.0,0.0,0.0,0.0,0.0,4.0,9,1,2
11361,16,2,3,17,8,3,0,1,0,1,2,18,2,2,0.0,0.0,0.0,0.0,0.0,2.0,8,2,1
100809,16,2,1,17,8,3,0,1,1,1,1,36,2,2,0.0,0.0,0.0,0.0,0.0,2.0,4,5,7
87458,16,2,1,2,8,3,0,1,1,1,2,36,1,2,0.0,0.0,0.0,0.0,0.0,1.0,3,3,6
25476,16,2,1,10,2,3,1,1,1,1,2,39,2,2,0.0,0.0,0.0,0.0,0.0,2.0,6,3,2
13462,16,10,3,7,10,3,4,1,1,1,1,39,2,2,0.0,0.0,0.0,0.0,0.0,2.0,11,2,1
188126,16,2,1,10,2,3,6,1,1,1,2,19,2,2,0.0,0.0,0.0,0.0,0.0,3.0,21,7,12
158691,16,2,3,8,2,3,0,5,0,1,2,36,2,3,1.0,0.0,0.0,1.0,0.0,1.0,12,2,11
64412,15,2,3,17,6,3,0,1,1,1,1,18,2,2,0.0,0.0,0.0,0.0,0.0,2.0,13,4,5
134875,15,2,3,17,8,3,0,1,0,1,2,18,2,2,0.0,0.0,0.0,0.0,0.0,3.0,15,4,9
185629,16,3,3,0,15,3,6,1,0,1,2,6,4,3,1.0,0.0,0.0,1.0,0.0,6.0,10,1,12
159756,16,2,1,0,11,3,0,1,0,1,2,18,2,2,0.0,0.0,0.0,0.0,0.0,2.0,6,4,11
183665,16,2,3,0,3,4,0,1,0,1,1,6,2,4,2.0,0.0,0.0,0.0,2.0,0.0,10,5,12
94068,15,2,3,0,8,3,0,1,0,1,2,18,2,4,1.0,0.0,0.0,0.0,1.0,3.0,20,6,7
138674,16,2,3,0,8,3,0,1,1,1,2,18,2,2,0.0,0.0,0.0,0.0,0.0,2.0,16,4,10
120032,4,2,3,17,8,3,0,1,0,1,2,18,3,2,0.0,0.0,0.0,0.0,0.0,3.0,16,6,8
39178,16,2,1,0,6,3,0,5,0,1,2,6,2,2,0.0,0.0,0.0,0.0,0.0,3.0,1,6,3
118972,16,2,3,10,2,3,0,1,1,1,2,17,4,2,0.0,0.0,0.0,0.0,0.0,4.0,15,5,8
128288,4,2,3,8,6,3,0,5,1,1,1,36,2,2,0.0,0.0,0.0,0.0,0.0,2.0,21,7,9
158709,15,2,3,0,8,3,0,1,1,1,2,18,2,2,0.0,0.0,0.0,0.0,0.0,2.0,16,3,11
55929,16,2,3,17,15,2,0,1,1,1,2,6,2,2,0.0,0.0,0.0,0.0,0.0,3.0,8,1,4
94408,15,2,3,17,6,3,0,1,0,1,2,18,4,2,0.0,0.0,0.0,0.0,0.0,4.0,6,5,7
410,4,10,0,0,2,3,5,5,0,1,2,36,2,3,4.0,0.0,0.0,4.0,0.0,1.0,1,2,1
75653,16,2,3,17,6,3,0,1,1,1,0,23,2,2,0.0,0.0,0.0,0.0,0.0,5.0,19,7,6
166835,16,2,3,0,2,3,0,1,0,1,2,3,2,2,0.0,0.0,0.0,0.0,0.0,2.0,7,1,11
144271,4,2,3,9,8,3,0,1,0,1,1,36,2,2,0.0,0.0,0.0,0.0,0.0,2.0,16,2,10
72675,17,11,3,17,6,3,5,5,1,1,2,24,2,2,0.0,0.0,0.0,0.0,0.0,2.0,14,6,6
17742,16,2,3,17,6,3,0,1,1,1,2,24,2,2,0.0,0.0,0.0,0.0,0.0,3.0,12,2,2
151629,15,11,3,0,17,3,5,5,1,1,2,36,2,2,0.0,0.0,0.0,0.0,0.0,2.0,14,5,10
24544,15,2,3,17,8,3,0,1,1,1,2,18,2,2,0.0,0.0,0.0,0.0,0.0,3.0,10,5,2
64570,16,2,3,15,2,3,5,5,1,1,2,23,2,2,0.0,0.0,0.0,0.0,0.0,2.0,5,5,5
172623,15,7,1,10,8,3,6,5,0,1,1,19,2,3,1.0,0.0,0.0,1.0,0.0,1.0,19,6,12
144373,15,7,3,0,6,3,6,1,1,1,1,20,2,2,0.0,0.0,0.0,0.0,0.0,2.0,14,4,10
51476,16,2,3,10,6,3,0,1,1,1,2,8,2,2,0.0,0.0,0.0,0.0,0.0,2.0,18,5,4
168506,16,2,1,15,3,3,0,1,1,1,0,36,2,2,0.0,0.0,0.0,0.0,0.0,2.0,1,5,11
136991,15,2,1,2,6,3,6,1,0,1,2,36,1,3,1.0,0.0,0.0,1.0,0.0,0.0,4,1,9
31361,17,11,3,10,18,3,5,5,1,1,1,36,2,2,0.0,0.0,0.0,0.0,0.0,2.0,16,5,3
74818,16,2,3,17,15,4,0,1,1,1,2,23,2,2,0.0,0.0,0.0,0.0,0.0,2.0,13,3,6
173786,16,2,1,0,2,3,0,1,1,1,2,26,2,2,0.0,0.0,0.0,0.0,0.0,4.0,17,2,12
114997,15,2,3,2,6,3,0,1,0,1,2,36,1,3,1.0,0.0,0.0,1.0,0.0,0.0,8,2,8
115477,4,2,3,17,8,3,0,1,1,0,2,36,2,2,0.0,0.0,0.0,0.0,0.0,2.0,15,3,8
163897,16,7,3,17,6,3,5,5,1,1,2,36,2,2,0.0,0.0,0.0,0.0,0.0,2.0,14,2,11
157853,16,7,3,10,8,3,6,5,1,1,0,36,2,2,0.0,0.0,0.0,0.0,0.0,2.0,12,6,11
134534,17,11,5,9,11,3,5,5,0,1,0,36,2,3,1.0,0.0,0.0,1.0,0.0,1.0,0,7,9
99917,4,2,2,10,8,3,0,1,1,1,1,12,2,2,0.0,0.0,0.0,0.0,0.0,3.0,16,6,7
64300,16,7,1,0,6,3,6,1,0,1,2,6,2,2,0.0,0.0,0.0,0.0,0.0,2.0,23,1,5
33758,16,2,3,10,6,3,0,1,1,1,2,19,2,2,0.0,0.0,0.0,0.0,0.0,3.0,16,3,3
40341,16,2,3,17,8,4,0,1,1,1,2,24,2,2,0.0,0.0,0.0,0.0,0.0,4.0,13,7,3
122106,16,2,1,17,3,3,0,1,0,1,2,36,2,4,4.0,0.0,0.0,0.0,4.0,0.0,1,3,9
68878,16,2,3,10,8,3,0,1,1,1,1,19,2,2,0.0,0.0,0.0,0.0,0.0,2.0,16,4,5
49212,16,2,3,17,6,3,0,1,1,1,2,18,2,2,0.0,0.0,0.0,0.0,0.0,2.0,8,6,4
104026,16,2,3,8,2,3,0,1,0,1,0,36,2,3,1.0,0.0,0.0,1.0,0.0,1.0,17,4,8
150662,16,2,3,17,8,3,0,1,1,1,1,18,2,2,0.0,0.0,0.0,0.0,0.0,3.0,13,7,10
160890,16,10,3,15,3,4,6,1,1,1,2,36,2,2,0.0,0.0,0.0,0.0,0.0,2.0,8,6,11
134484,4,7,1,10,6,3,6,5,1,1,2,36,2,2,0.0,0.0,0.0,0.0,0.0,2.0,5,7,9
60596,16,2,1,17,2,3,0,1,0,1,2,18,2,4,1.0,0.0,0.0,0.0,1.0,1.0,4,5,5
34523,16,7,3,10,8,3,0,1,0,1,1,19,2,3,1.0,0.0,0.0,1.0,0.0,1.0,17,7,3
86123,4,2,3,17,6,3,0,1,0,1,2,18,2,3,4.0,0.0,0.0,1.0,3.0,0.0,18,3,6
132451,4,2,3,10,2,3,0,1,1,1,2,19,2,2,0.0,0.0,0.0,0.0,0.0,2.0,7,5,9
112162,16,2,3,17,8,3,0,5,1,1,2,24,2,2,0.0,0.0,0.0,0.0,0.0,2.0,18,1,8
54038,16,2,3,17,8,3,0,1,1,1,0,18,2,2,0.0,0.0,0.0,0.0,0.0,2.0,17,6,4
80317,4,2,3,15,8,3,0,1,1,1,2,36,2,2,0.0,0.0,0.0,0.0,0.0,2.0,11,6,6
65700,4,2,3,17,8,3,0,1,1,1,1,18,2,2,0.0,0.0,0.0,0.0,0.0,2.0,15,2,5
61141,16,3,3,17,3,3,0,1,0,1,2,23,2,2,0.0,0.0,0.0,0.0,0.0,3.0,9,6,5
183288,16,2,1,0,3,3,0,1,1,1,2,18,2,2,0.0,0.0,0.0,0.0,0.0,2.0,1,1,12
50110,15,2,3,0,6,3,0,1,0,0,1,5,2,2,0.0,0.0,0.0,0.0,0.0,2.0,17,2,4
186311,16,7,1,10,8,3,6,5,1,1,2,36,2,2,0.0,0.0,0.0,0.0,0.0,2.0,23,1,12
112391,16,2,3,15,8,3,0,6,0,1,2,12,2,2,0.0,0.0,0.0,0.0,0.0,2.0,15,6,8
88626,16,2,3,14,6,3,0,1,1,1,1,6,2,2,0.0,0.0,0.0,0.0,0.0,3.0,20,7,7
94210,16,2,1,17,6,3,0,1,0,1,2,18,2,2,0.0,0.0,0.0,0.0,0.0,2.0,3,2,7
93411,16,2,3,17,6,3,0,1,1,1,2,36,2,2,0.0,0.0,0.0,0.0,0.0,2.0,19,5,7
36741,18,2,3,9,2,3,0,1,0,1,0,18,2,3,1.0,0.0,0.0,1.0,0.0,1.0,16,2,3
130128,16,2,3,17,2,3,0,1,1,1,0,24,2,2,0.0,0.0,0.0,0.0,0.0,2.0,17,2,9
175039,16,2,1,10,3,3,0,1,0,1,2,17,2,1,1.0,0.0,1.0,0.0,0.0,1.0,20,5,12
125787,15,2,3,9,6,3,0,1,0,1,2,21,2,3,1.0,0.0,0.0,1.0,0.0,1.0,8,6,9
146587,16,2,3,17,8,3,0,1,1,1,2,19,2,2,0.0,0.0,0.0,0.0,0.0,2.0,17,6,10
147225,16,2,3,15,8,3,0,5,1,1,0,36,2,2,0.0,0.0,0.0,0.0,0.0,2.0,13,2,10
20981,16,2,3,10,8,3,0,1,1,0,0,19,2,2,0.0,0.0,0.0,0.0,0.0,2.0,8,2,2
180076,4,7,1,0,10,3,6,5,0,0,2,18,2,3,1.0,0.0,0.0,1.0,0.0,1.0,23,7,12
48727,16,2,1,10,3,3,0,1,0,1,2,36,3,4,1.0,0.0,0.0,0.0,1.0,4.0,22,4,4
114222,16,2,3,8,15,3,0,1,0,1,2,6,2,3,1.0,0.0,0.0,1.0,0.0,1.0,14,5,8
182084,16,2,3,15,6,3,0,1,1,1,0,19,2,2,0.0,0.0,0.0,0.0,0.0,2.0,7,4,12
121673,16,2,2,0,8,3,0,1,0,1,2,11,2,3,1.0,0.0,0.0,1.0,0.0,4.0,6,1,9
116662,16,2,1,9,6,3,0,5,0,1,2,36,2,3,1.0,0.0,0.0,1.0,0.0,1.0,0,7,8
23273,4,10,1,10,10,3,4,1,1,1,1,19,2,2,0.0,0.0,0.0,0.0,0.0,2.0,21,5,2
154227,16,7,0,10,2,3,6,1,1,1,2,17,2,2,0.0,0.0,0.0,0.0,0.0,3.0,23,6,10
20824,16,10,3,17,2,3,4,1,1,1,1,22,3,2,0.0,0.0,0.0,0.0,0.0,2.0,11,5,2
137223,16,2,1,17,15,3,0,1,1,1,2,36,2,2,0.0,0.0,0.0,0.0,0.0,2.0,22,2,9
32338,16,7,1,3,15,3,6,1,0,1,2,18,2,3,2.0,0.0,0.0,2.0,0.0,0.0,21,5,3
168198,16,2,1,10,3,3,0,1,1,1,0,19,2,2,0.0,0.0,0.0,0.0,0.0,7.0,22,5,11
3606,4,3,3,15,15,3,5,1,1,0,2,22,2,2,0.0,0.0,0.0,0.0,0.0,2.0,14,6,1
75497,4,2,3,0,10,3,0,1,1,1,1,18,2,2,0.0,0.0,0.0,0.0,0.0,2.0,13,4,6
36050,16,3,3,17,6,3,0,1,0,1,2,18,2,2,0.0,0.0,0.0,0.0,0.0,2.0,10,4,3
28192,16,2,3,10,8,3,0,5,0,1,2,19,2,4,1.0,0.0,0.0,0.0,1.0,1.0,16,5,2
124225,15,2,1,17,6,3,0,1,0,1,2,18,2,2,0.0,0.0,0.0,0.0,0.0,2.0,23,4,9
6725,16,2,3,10,6,3,0,1,1,1,1,36,2,2,0.0,0.0,0.0,0.0,0.0,6.0,12,3,1
160324,16,2,3,17,2,3,0,5,0,1,1,18,2,2,0.0,0.0,0.0,0.0,0.0,2.0,11,5,11
157735,17,11,5,10,8,3,5,5,1,1,2,36,3,2,0.0,0.0,0.0,0.0,0.0,3.0,16,5,11
158419,16,6,4,17,15,3,6,1,0,1,2,18,2,2,0.0,0.0,0.0,0.0,0.0,3.0,16,7,11
178687,16,2,1,17,8,3,0,1,0,1,2,18,2,2,0.0,0.0,0.0,0.0,0.0,2.0,19,2,12
3063,16,7,3,0,8,3,6,1,1,1,2,36,2,2,0.0,0.0,0.0,0.0,0.0,5.0,11,2,1
6818,16,2,3,17,2,3,0,1,1,1,2,22,2,2,0.0,0.0,0.0,0.0,0.0,2.0,7,6,1
135668,16,2,3,0,8,3,0,1,0,1,2,18,2,3,1.0,0.0,0.0,1.0,0.0,1.0,12,2,9
176440,16,2,1,10,2,3,6,1,1,1,0,19,2,2,0.0,0.0,0.0,0.0,0.0,2.0,4,1,12
71724,15,2,1,0,6,3,0,1,1,1,2,36,2,2,0.0,0.0,0.0,0.0,0.0,2.0,22,6,5
66102,16,7,0,17,2,3,6,5,0,1,1,39,2,2,0.0,0.0,0.0,0.0,0.0,2.0,14,2,5
145326,16,2,3,0,2,3,0,1,0,1,2,6,2,0,6.0,1.0,0.0,5.0,0.0,3.0,10,1,10
187124,4,2,1,7,8,3,0,1,1,0,1,36,2,2,0.0,0.0,0.0,0.0,0.0,2.0,17,6,12
41775,16,2,3,2,6,3,0,1,0,1,2,17,1,2,0.0,0.0,0.0,0.0,0.0,1.0,17,7,3
97449,16,2,3,15,6,3,0,1,1,1,1,36,2,2,0.0,0.0,0.0,0.0,0.0,2.0,15,3,7
111201,15,2,3,0,8,3,0,5,0,1,2,5,2,3,1.0,0.0,0.0,1.0,0.0,2.0,10,7,8
132611,15,7,3,17,8,3,6,1,0,1,1,24,2,2,0.0,0.0,0.0,0.0,0.0,4.0,13,1,9
136474,4,2,0,2,10,3,0,1,0,1,2,37,1,2,0.0,0.0,0.0,0.0,0.0,1.0,1,3,9
104739,16,2,3,15,8,4,0,1,1,1,2,18,2,2,0.0,0.0,0.0,0.0,0.0,2.0,12,6,8
58661,15,2,3,0,6,3,0,1,0,1,2,18,2,3,1.0,0.0,0.0,1.0,0.0,1.0,9,4,5
168579,15,2,1,9,6,3,0,1,0,1,0,36,2,3,1.0,0.0,0.0,1.0,0.0,1.0,18,7,11
102681,4,2,3,0,6,3,0,1,1,1,2,6,2,2,0.0,0.0,0.0,0.0,0.0,2.0,1,6,7
135548,15,7,1,17,8,3,6,1,0,1,2,21,2,3,1.0,0.0,0.0,1.0,0.0,3.0,23,6,9
82684,16,7,1,0,2,3,6,5,0,1,2,36,2,3,1.0,0.0,0.0,1.0,0.0,2.0,2,5,6
142800,15,2,1,7,10,3,0,1,0,1,2,17,2,2,0.0,0.0,0.0,0.0,0.0,1.0,7,3,10
89949,16,7,1,17,2,3,6,1,0,1,2,37,2,3,1.0,0.0,0.0,1.0,0.0,1.0,0,5,7
37305,16,2,3,0,8,3,6,1,0,1,2,36,2,3,1.0,0.0,0.0,1.0,0.0,2.0,13,6,3
141809,15,2,1,0,6,3,0,5,0,1,2,5,2,1,4.0,0.0,1.0,3.0,0.0,3.0,5,3,10
150474,15,2,3,10,8,3,0,1,1,1,2,19,2,2,0.0,0.0,0.0,0.0,0.0,2.0,7,3,10
155767,15,7,2,10,8,3,6,1,0,1,2,36,3,4,1.0,0.0,0.0,0.0,1.0,4.0,20,4,11
40081,17,2,3,0,6,3,0,1,1,1,2,18,2,2,0.0,0.0,0.0,0.0,0.0,2.0,9,1,3
157127,15,2,3,10,8,3,0,1,1,1,2,36,2,2,0.0,0.0,0.0,0.0,0.0,2.0,11,3,11
18479,15,2,1,0,2,3,0,1,0,1,2,36,2,3,1.0,0.0,0.0,1.0,0.0,5.0,18,7,2
137605,4,7,3,15,8,3,6,1,1,0,1,36,2,2,0.0,0.0,0.0,0.0,0.0,2.0,13,7,10
50122,15,7,3,0,6,3,6,1,1,1,2,5,2,2,0.0,0.0,0.0,0.0,0.0,2.0,7,2,4
122745,16,2,3,10,8,3,0,1,1,1,2,19,2,2,0.0,0.0,0.0,0.0,0.0,2.0,12,4,9
57757,16,2,3,17,8,3,0,1,1,1,1,36,2,2,0.0,0.0,0.0,0.0,0.0,2.0,18,4,5
187626,16,10,0,15,10,3,6,5,1,1,2,36,2,2,0.0,0.0,0.0,0.0,0.0,2.0,17,7,12
186767,16,3,3,15,13,3,6,2,1,1,1,32,2,2,0.0,0.0,0.0,0.0,0.0,3.0,8,2,12
162712,15,2,3,8,15,3,0,1,0,1,0,36,2,3,1.0,0.0,0.0,1.0,0.0,2.0,15,6,11
164757,16,2,0,10,8,3,0,1,1,1,2,26,2,2,0.0,0.0,0.0,0.0,0.0,2.0,23,5,11
93685,15,2,1,0,6,3,0,1,1,1,2,5,2,2,0.0,0.0,0.0,0.0,0.0,2.0,21,1,7
126915,16,2,4,17,8,3,5,5,1,1,1,24,2,2,0.0,0.0,0.0,0.0,0.0,3.0,18,1,9
82667,16,2,0,8,2,3,0,1,1,1,0,36,2,2,0.0,0.0,0.0,0.0,0.0,2.0,21,4,6
27618,16,2,3,15,3,3,0,1,1,1,1,36,2,2,0.0,0.0,0.0,0.0,0.0,2.0,10,3,2
60122,16,7,1,10,10,3,6,1,0,1,2,17,2,2,0.0,0.0,0.0,0.0,0.0,2.0,1,5,5
58539,17,2,3,17,2,3,0,1,0,1,2,36,2,3,4.0,0.0,0.0,4.0,0.0,1.0,5,1,5
139514,16,3,3,13,6,3,0,1,1,1,2,21,2,2,0.0,0.0,0.0,0.0,0.0,2.0,10,6,10
112601,16,2,3,17,8,3,0,1,1,1,1,18,2,2,0.0,0.0,0.0,0.0,0.0,2.0,11,6,8
183550,15,10,3,10,3,5,6,1,0,1,2,36,2,3,2.0,0.0,0.0,2.0,0.0,0.0,8,6,12
107723,4,2,3,15,2,3,0,1,0,1,2,18,2,3,1.0,0.0,0.0,1.0,0.0,1.0,13,3,8
156415,16,2,3,8,8,3,0,1,0,1,0,18,2,3,1.0,0.0,0.0,1.0,0.0,1.0,13,6,11
20856,16,10,1,17,2,3,4,1,1,1,2,17,2,2,0.0,0.0,0.0,0.0,0.0,2.0,3,7,2