crash_date,               traffic_control_device,weather_condition,lighting_condition,first_crash_type,trafficway_type,alignment,roadway_surface_cond,road_defect,crash_type,intersection_related_i,damage,prim_contributory_cause,num_units,most_severe_injury,injuries_total,injuries_fatal,injuries_incapacitating,injuries_non_incapacitating,injuries_reported_not_evident,injuries_no_indication,crash_hour,crash_day_of_week,crash_month
180242,16,4,1,3,8,3,6,1,0,1,2,6,2,4,1.0,0.0,0.0,0.0,1.0,2.0,3,7,12
47575,15,2,1,0,6,3,0,1,0,1,2,36,2,4,1.0,0.0,0.0,0.0,1.0,4.0,23,6,4
42256,16,2,3,17,10,3,0,1,1,1,1,24,2,2,0.0,0.0,0.0,0.0,0.0,2.0,18,6,4
23218,16,2,1,0,6,3,0,1,0,1,2,6,2,3,2.0,0.0,0.0,2.0,0.0,1.0,19,3,2
163955,16,2,1,17,2,3,0,1,0,1,1,6,2,3,1.0,0.0,0.0,1.0,0.0,2.0,0,2,11
180583,15,2,0,0,8,3,5,5,1,1,2,36,2,2,0.0,0.0,0.0,0.0,0.0,3.0,18,6,12
86748,15,2,3,17,8,3,0,1,1,1,1,24,2,2,0.0,0.0,0.0,0.0,0.0,3.0,8,5,6
112945,16,2,3,17,6,3,0,5,1,1,1,26,3,2,0.0,0.0,0.0,0.0,0.0,3.0,14,7,8
145719,16,7,1,17,6,3,6,1,0,1,2,18,2,4,2.0,0.0,0.0,0.0,2.0,1.0,5,2,10
40993,15,2,3,17,8,3,0,1,1,1,2,18,2,2,0.0,0.0,0.0,0.0,0.0,2.0,10,3,3
19323,15,2,1,10,3,3,0,1,1,1,2,24,2,2,0.0,0.0,0.0,0.0,0.0,4.0,1,1,2
103522,16,2,3,0,6,3,0,1,0,1,2,6,3,3,1.0,0.0,0.0,1.0,0.0,2.0,13,4,7
114605,16,2,4,3,8,4,0,1,0,1,2,26,2,2,0.0,0.0,0.0,0.0,0.0,2.0,19,2,8
79449,16,2,3,10,2,3,0,1,0,1,0,26,2,4,3.0,0.0,0.0,0.0,3.0,1.0,12,6,6
9087,16,2,3,17,15,3,5,5,1,1,2,24,2,2,0.0,0.0,0.0,0.0,0.0,2.0,8,5,1
100582,16,2,1,9,6,3,0,1,0,1,2,18,3,3,2.0,0.0,0.0,2.0,0.0,1.0,20,2,7
63966,16,2,3,15,6,3,0,1,1,1,2,36,2,2,0.0,0.0,0.0,0.0,0.0,2.0,18,3,5
128208,16,2,1,10,2,3,0,1,1,1,2,19,2,2,0.0,0.0,0.0,0.0,0.0,2.0,19,5,9
119025,16,2,3,17,8,3,0,1,1,0,0,19,2,2,0.0,0.0,0.0,0.0,0.0,2.0,10,5,8
20162,4,10,0,3,0,3,4,5,0,1,2,36,2,2,0.0,0.0,0.0,0.0,0.0,2.0,18,2,2
155985,15,2,1,0,2,3,0,1,0,1,2,5,2,2,0.0,0.0,0.0,0.0,0.0,3.0,21,1,11
21193,16,2,3,15,10,3,0,1,1,1,1,22,2,2,0.0,0.0,0.0,0.0,0.0,3.0,16,5,2
87646,17,2,3,17,8,3,0,5,1,1,2,36,2,2,0.0,0.0,0.0,0.0,0.0,2.0,12,5,6
186027,17,11,5,0,6,3,5,5,1,1,2,36,2,2,0.0,0.0,0.0,0.0,0.0,2.0,23,4,12
180477,16,2,3,10,15,3,0,5,1,1,2,12,2,2,0.0,0.0,0.0,0.0,0.0,2.0,15,5,12
188353,15,11,5,10,18,3,5,5,1,1,2,36,2,2,0.0,0.0,0.0,0.0,0.0,2.0,7,5,12
6447,16,2,3,10,8,3,5,1,0,1,0,19,2,4,1.0,0.0,0.0,0.0,1.0,1.0,16,2,1
1470,4,2,3,0,11,3,0,1,1,1,2,18,2,2,0.0,0.0,0.0,0.0,0.0,2.0,16,2,1
5568,16,2,1,0,8,3,0,1,1,1,2,6,2,2,0.0,0.0,0.0,0.0,0.0,2.0,2,7,1
42687,6,7,3,3,8,3,6,1,0,0,2,22,3,1,2.0,0.0,1.0,0.0,1.0,3.0,18,2,4
86763,16,2,3,10,8,3,0,1,1,1,2,36,2,2,0.0,0.0,0.0,0.0,0.0,3.0,11,5,6
74581,15,4,1,0,8,3,6,1,0,1,2,18,3,3,1.0,0.0,0.0,1.0,0.0,1.0,22,5,6
20937,15,2,3,0,8,3,0,1,0,1,2,18,2,3,1.0,0.0,0.0,1.0,0.0,1.0,11,1,2
79335,15,2,1,17,2,3,0,1,0,1,2,5,2,3,1.0,0.0,0.0,1.0,0.0,1.0,2,5,6
110478,16,2,3,17,2,3,0,1,1,1,0,36,2,2,0.0,0.0,0.0,0.0,0.0,2.0,12,2,8
58966,16,2,3,17,6,3,0,1,0,1,2,18,2,2,0.0,0.0,0.0,0.0,0.0,2.0,8,2,5
70575,15,2,3,17,6,3,0,5,1,1,2,18,2,2,0.0,0.0,0.0,0.0,0.0,4.0,15,4,5
166879,16,7,1,9,8,3,6,1,0,1,0,36,2,4,1.0,0.0,0.0,0.0,1.0,1.0,17,2,11
33490,16,2,3,17,2,3,5,5,1,1,1,24,2,2,0.0,0.0,0.0,0.0,0.0,2.0,10,3,3
69579,16,2,3,17,6,3,0,1,1,1,2,12,2,2,0.0,0.0,0.0,0.0,0.0,2.0,7,7,5
74855,15,2,3,0,8,3,0,1,0,1,2,18,2,4,2.0,0.0,0.0,0.0,2.0,0.0,6,3,6
11845,16,4,4,17,2,3,5,5,1,1,1,18,2,2,0.0,0.0,0.0,0.0,0.0,2.0,16,4,1
60139,16,7,1,10,6,3,6,1,0,1,2,19,2,4,1.0,0.0,0.0,0.0,1.0,1.0,4,5,5
155054,16,2,3,15,6,3,0,1,0,1,2,22,2,4,1.0,0.0,0.0,0.0,1.0,1.0,11,4,10
117879,15,2,1,9,8,3,0,1,0,0,0,36,2,3,1.0,0.0,0.0,1.0,0.0,1.0,20,3,8
121098,16,2,1,0,6,3,0,1,0,1,2,6,2,2,0.0,0.0,0.0,0.0,0.0,3.0,0,1,9
171531,4,2,3,17,10,3,0,1,1,1,2,36,2,2,0.0,0.0,0.0,0.0,0.0,3.0,11,4,11
73694,2,2,2,17,6,3,0,1,0,1,2,36,2,2,0.0,0.0,0.0,0.0,0.0,3.0,21,7,6
160134,16,7,3,9,6,3,6,1,1,1,0,18,2,2,0.0,0.0,0.0,0.0,0.0,2.0,7,4,11
38751,15,2,3,10,6,3,0,1,1,1,1,23,2,2,0.0,0.0,0.0,0.0,0.0,2.0,15,5,3
96602,16,2,3,17,8,3,0,1,0,1,2,18,2,2,0.0,0.0,0.0,0.0,0.0,2.0,17,3,7
175353,4,7,3,7,6,3,5,5,1,1,0,26,2,2,0.0,0.0,0.0,0.0,0.0,1.0,15,6,12
177118,15,2,1,0,10,3,0,1,1,1,2,36,2,2,0.0,0.0,0.0,0.0,0.0,2.0,18,5,12
103311,16,2,3,0,8,3,0,1,0,1,2,36,2,2,0.0,0.0,0.0,0.0,0.0,3.0,18,1,7
91645,16,2,3,15,8,3,0,5,1,1,2,36,2,2,0.0,0.0,0.0,0.0,0.0,2.0,10,4,7
154437,16,2,3,10,1,3,0,1,1,1,1,19,2,2,0.0,0.0,0.0,0.0,0.0,3.0,8,6,10
82844,16,2,3,2,18,3,0,1,0,1,2,36,1,0,2.0,1.0,0.0,1.0,0.0,0.0,19,1,6
188174,4,11,3,0,8,3,0,1,1,1,1,18,2,2,0.0,0.0,0.0,0.0,0.0,2.0,14,1,12
137350,16,2,3,0,6,3,0,1,0,1,2,6,2,3,1.0,0.0,0.0,1.0,0.0,1.0,12,5,9
23722,16,2,3,10,8,3,0,2,1,1,2,36,2,2,0.0,0.0,0.0,0.0,0.0,2.0,11,4,2
183132,15,7,3,0,2,3,6,1,0,1,2,18,3,4,1.0,0.0,0.0,0.0,1.0,2.0,15,5,12
185129,15,2,3,17,8,3,6,1,0,1,2,18,2,2,0.0,0.0,0.0,0.0,0.0,4.0,10,7,12
49961,4,2,3,17,8,3,0,1,1,1,2,36,2,2,0.0,0.0,0.0,0.0,0.0,2.0,16,5,4
170767,16,10,0,9,2,3,4,1,0,1,2,6,2,3,1.0,0.0,0.0,1.0,0.0,1.0,22,4,11
110046,4,2,3,15,11,3,0,1,1,1,2,17,3,2,0.0,0.0,0.0,0.0,0.0,3.0,15,4,8
137902,15,2,1,0,10,3,0,5,0,1,2,36,2,2,0.0,0.0,0.0,0.0,0.0,4.0,18,6,10
133486,15,2,3,17,6,1,0,1,0,1,2,36,2,3,1.0,0.0,0.0,1.0,0.0,2.0,11,7,9
121972,4,2,3,0,8,3,0,1,0,0,2,38,2,2,0.0,0.0,0.0,0.0,0.0,2.0,12,6,9
3929,16,11,1,17,8,3,5,5,1,1,2,36,2,2,0.0,0.0,0.0,0.0,0.0,2.0,17,3,1
25898,4,2,1,15,6,3,0,1,1,1,2,23,2,2,0.0,0.0,0.0,0.0,0.0,2.0,18,2,2
139840,16,11,3,17,8,3,5,5,1,1,2,36,2,2,0.0,0.0,0.0,0.0,0.0,3.0,9,6,10
52661,16,3,4,9,2,3,0,1,0,1,2,18,2,3,1.0,0.0,0.0,1.0,0.0,1.0,18,4,4
33769,4,2,3,0,8,3,0,1,0,1,2,18,2,2,0.0,0.0,0.0,0.0,0.0,2.0,17,3,3
52102,4,2,1,7,8,3,0,1,1,1,1,22,2,2,0.0,0.0,0.0,0.0,0.0,1.0,20,1,4
12009,17,2,5,7,2,3,5,2,1,1,2,36,2,2,0.0,0.0,0.0,0.0,0.0,1.0,15,6,1
138621,15,2,3,0,8,3,0,1,1,1,2,5,2,2,0.0,0.0,0.0,0.0,0.0,2.0,7,2,10
120255,16,2,3,17,6,3,0,1,0,1,2,18,3,3,1.0,0.0,0.0,1.0,0.0,2.0,8,3,8
1865,16,2,3,9,6,3,0,1,1,1,0,36,2,2,0.0,0.0,0.0,0.0,0.0,2.0,8,5,1
168829,16,2,4,10,8,3,6,5,1,1,1,36,2,2,0.0,0.0,0.0,0.0,0.0,3.0,15,3,11
130712,16,7,3,9,10,3,6,1,0,1,0,26,2,4,1.0,0.0,0.0,0.0,1.0,1.0,8,3,9
110158,16,2,1,0,6,3,0,1,0,1,2,6,2,4,2.0,0.0,0.0,0.0,2.0,1.0,22,5,8
57502,16,11,3,17,8,3,5,5,1,1,2,19,2,2,0.0,0.0,0.0,0.0,0.0,2.0,13,6,5
2160,15,11,1,0,6,3,5,1,0,1,2,18,2,2,0.0,0.0,0.0,0.0,0.0,2.0,17,3,1
61789,15,2,3,7,8,3,0,1,1,1,1,18,2,2,0.0,0.0,0.0,0.0,0.0,2.0,14,4,5
107145,4,2,3,15,6,3,0,1,0,1,1,36,3,4,1.0,0.0,0.0,0.0,1.0,1.0,8,3,8
41393,15,2,3,9,10,3,0,1,0,1,2,5,2,3,1.0,0.0,0.0,1.0,0.0,1.0,16,5,3
169670,15,2,1,0,2,3,0,1,1,1,2,26,2,2,0.0,0.0,0.0,0.0,0.0,4.0,23,1,11
114312,4,2,3,0,8,3,0,1,0,1,2,18,2,2,0.0,0.0,0.0,0.0,0.0,4.0,17,6,8
18500,16,2,1,17,5,3,6,1,0,1,2,18,2,3,1.0,0.0,0.0,1.0,0.0,4.0,22,7,2
17195,4,2,1,10,10,3,0,1,1,1,0,28,3,2,0.0,0.0,0.0,0.0,0.0,3.0,19,7,2
88724,16,7,1,15,8,3,6,1,1,1,0,36,2,2,0.0,0.0,0.0,0.0,0.0,2.0,0,1,7
9267,16,10,1,10,2,3,4,1,1,1,2,17,3,2,0.0,0.0,0.0,0.0,0.0,3.0,20,7,1
6748,15,7,1,2,8,3,6,1,0,1,2,36,1,2,0.0,0.0,0.0,0.0,0.0,1.0,18,5,1
63333,16,7,3,17,1,3,6,1,1,1,2,17,2,2,0.0,0.0,0.0,0.0,0.0,2.0,10,6,5
69287,15,7,3,17,6,3,6,1,0,1,2,18,2,4,1.0,0.0,0.0,0.0,1.0,2.0,14,2,5
49626,4,2,3,7,3,3,0,1,1,1,2,12,2,2,0.0,0.0,0.0,0.0,0.0,1.0,17,7,4
101146,16,2,3,15,6,3,0,1,1,1,0,23,2,2,0.0,0.0,0.0,0.0,0.0,2.0,8,4,7
68468,16,2,1,17,6,3,0,5,0,1,2,22,2,2,0.0,0.0,0.0,0.0,0.0,2.0,0,4,5
141216,16,2,3,10,10,3,0,1,1,1,1,19,2,2,0.0,0.0,0.0,0.0,0.0,2.0,16,2,10
17027,16,10,4,17,8,3,4,5,1,1,0,39,2,2,0.0,0.0,0.0,0.0,0.0,2.0,17,4,2
70146,16,2,3,10,10,3,0,1,0,1,2,19,2,2,0.0,0.0,0.0,0.0,0.0,2.0,10,3,5
58372,16,2,3,17,6,3,0,2,0,1,2,18,3,4,1.0,0.0,0.0,0.0,1.0,3.0,9,6,5
6256,17,2,3,15,10,3,0,1,1,1,0,36,2,2,0.0,0.0,0.0,0.0,0.0,2.0,7,5,1
85397,16,7,3,17,1,3,6,1,1,1,2,18,2,2,0.0,0.0,0.0,0.0,0.0,2.0,15,6,6
184296,16,2,0,17,8,3,0,1,0,1,2,18,2,2,0.0,0.0,0.0,0.0,0.0,5.0,18,7,12
49609,15,2,3,0,6,3,0,1,1,1,2,18,2,2,0.0,0.0,0.0,0.0,0.0,3.0,14,7,4
5447,16,2,4,15,8,3,6,1,1,1,1,36,2,2,0.0,0.0,0.0,0.0,0.0,2.0,16,5,1
56501,16,3,1,10,2,3,6,1,0,1,1,30,2,4,1.0,0.0,0.0,0.0,1.0,5.0,2,3,5
56626,16,2,1,3,6,3,6,1,1,1,0,36,2,2,0.0,0.0,0.0,0.0,0.0,2.0,21,5,5
138997,15,2,1,17,15,5,0,1,1,1,2,18,2,2,0.0,0.0,0.0,0.0,0.0,3.0,1,7,10
166052,4,2,3,17,8,3,0,1,1,1,2,18,2,2,0.0,0.0,0.0,0.0,0.0,2.0,8,2,11
115159,15,2,3,0,8,3,0,1,0,1,2,26,2,3,1.0,0.0,0.0,1.0,0.0,2.0,16,4,8
81590,16,2,3,0,8,3,0,1,1,1,2,6,2,2,0.0,0.0,0.0,0.0,0.0,2.0,11,3,6
156541,15,2,3,7,8,3,0,1,1,1,0,36,2,2,0.0,0.0,0.0,0.0,0.0,1.0,11,7,11
139007,16,2,3,13,6,3,0,5,1,1,1,36,2,2,0.0,0.0,0.0,0.0,0.0,2.0,14,7,10
105478,4,2,3,10,8,3,0,5,1,1,2,36,3,2,0.0,0.0,0.0,0.0,0.0,3.0,17,5,8
845,16,10,1,2,6,3,4,1,1,1,1,39,1,2,0.0,0.0,0.0,0.0,0.0,1.0,0,1,1
125419,16,2,2,8,6,3,0,1,0,1,0,6,2,4,1.0,0.0,0.0,0.0,1.0,1.0,6,2,9
65619,4,2,1,0,8,3,0,1,0,1,2,6,2,2,0.0,0.0,0.0,0.0,0.0,3.0,0,7,5
85240,16,2,3,10,8,3,0,1,1,1,2,12,2,2,0.0,0.0,0.0,0.0,0.0,2.0,15,3,6
172405,16,2,3,0,6,3,0,1,0,1,1,36,2,4,1.0,0.0,0.0,0.0,1.0,2.0,15,3,12
115012,16,2,3,15,1,3,0,1,1,1,2,18,2,2,0.0,0.0,0.0,0.0,0.0,3.0,10,2,8
109743,4,2,3,15,16,3,0,1,1,1,0,23,2,2,0.0,0.0,0.0,0.0,0.0,7.0,16,1,8
110284,16,2,3,0,16,3,0,1,0,1,2,6,2,2,0.0,0.0,0.0,0.0,0.0,2.0,10,7,8
186739,16,7,3,10,8,3,6,1,1,1,2,19,2,2,0.0,0.0,0.0,0.0,0.0,2.0,15,2,12
188424,4,3,5,0,6,3,6,1,1,1,1,18,2,2,0.0,0.0,0.0,0.0,0.0,2.0,10,6,12
80741,4,2,1,17,8,3,0,1,1,1,2,36,2,2,0.0,0.0,0.0,0.0,0.0,2.0,19,6,6
182090,4,2,3,17,8,3,0,1,0,1,2,18,2,2,0.0,0.0,0.0,0.0,0.0,3.0,8,4,12
173915,16,2,1,17,10,3,0,1,1,1,2,24,2,2,0.0,0.0,0.0,0.0,0.0,5.0,17,4,12
39081,4,2,3,10,15,3,0,1,1,1,2,36,2,2,0.0,0.0,0.0,0.0,0.0,2.0,17,4,3
57399,17,11,5,17,15,3,5,5,1,1,2,36,2,2,0.0,0.0,0.0,0.0,0.0,2.0,15,6,5
179444,15,2,3,0,6,3,0,1,0,1,2,18,2,3,1.0,0.0,0.0,1.0,0.0,1.0,12,6,12
87883,15,2,1,14,10,3,0,2,1,1,2,24,2,2,0.0,0.0,0.0,0.0,0.0,4.0,0,1,7
58520,16,2,3,10,8,3,0,1,1,1,1,36,2,2,0.0,0.0,0.0,0.0,0.0,2.0,14,1,5
120276,15,2,1,0,6,3,0,1,0,1,2,36,2,3,3.0,0.0,0.0,3.0,0.0,0.0,1,4,8
11348,15,2,0,0,6,3,0,1,0,1,2,36,2,3,1.0,0.0,0.0,1.0,0.0,1.0,18,2,1
129980,16,7,1,17,8,3,6,1,0,1,2,12,2,4,1.0,0.0,0.0,0.0,1.0,1.0,6,1,9
99685,16,7,1,17,6,3,6,5,0,1,2,17,2,2,0.0,0.0,0.0,0.0,0.0,2.0,20,3,7
171855,16,2,3,0,6,3,0,1,0,1,2,6,2,2,0.0,0.0,0.0,0.0,0.0,2.0,15,2,11
18281,4,3,3,17,2,3,0,1,1,1,2,24,2,2,0.0,0.0,0.0,0.0,0.0,2.0,11,4,2
85517,6,2,3,15,8,3,0,5,1,1,2,23,2,2,0.0,0.0,0.0,0.0,0.0,3.0,20,7,6
42138,17,7,3,17,8,3,6,1,0,0,2,36,3,4,1.0,0.0,0.0,0.0,1.0,2.0,16,6,3
72741,4,2,3,17,15,3,0,1,0,1,2,18,2,2,0.0,0.0,0.0,0.0,0.0,5.0,11,6,6
103727,16,2,3,0,2,3,0,1,1,1,2,26,2,2,0.0,0.0,0.0,0.0,0.0,2.0,9,7,7
136434,16,3,3,0,6,3,5,5,1,1,2,36,2,2,0.0,0.0,0.0,0.0,0.0,7.0,16,7,9
37475,15,2,3,0,6,3,0,1,1,1,2,38,2,2,0.0,0.0,0.0,0.0,0.0,2.0,7,2,3
162886,16,2,0,17,8,3,0,1,1,1,2,23,2,2,0.0,0.0,0.0,0.0,0.0,2.0,18,2,11
130098,4,2,3,0,0,3,0,1,1,1,2,18,2,2,0.0,0.0,0.0,0.0,0.0,3.0,7,1,9
21400,4,10,1,15,2,3,4,1,1,1,2,36,2,2,0.0,0.0,0.0,0.0,0.0,2.0,18,1,2
169157,16,2,1,2,3,3,0,1,0,1,2,26,1,2,0.0,0.0,0.0,0.0,0.0,3.0,3,7,11
4732,15,2,3,15,6,3,0,1,1,1,2,23,2,2,0.0,0.0,0.0,0.0,0.0,2.0,15,3,1
23947,16,2,3,17,6,3,0,1,0,1,2,36,2,2,0.0,0.0,0.0,0.0,0.0,2.0,10,2,2
91659,15,2,3,17,8,3,0,1,0,1,1,18,2,3,2.0,0.0,0.0,2.0,0.0,4.0,13,5,7
70216,15,2,3,0,2,3,0,1,0,1,2,18,2,1,4.0,0.0,1.0,1.0,2.0,1.0,16,3,5
100384,15,2,1,8,10,3,0,1,0,1,1,12,2,3,1.0,0.0,0.0,1.0,0.0,3.0,23,5,7
183774,4,2,3,17,0,3,0,4,1,1,1,36,2,2,0.0,0.0,0.0,0.0,0.0,2.0,14,7,12
98301,4,2,3,15,8,3,0,5,1,1,1,22,2,2,0.0,0.0,0.0,0.0,0.0,4.0,11,7,7
171757,16,2,3,10,2,4,6,1,0,1,2,6,2,3,1.0,0.0,0.0,1.0,0.0,1.0,12,6,11
127410,15,3,4,17,15,3,6,5,0,1,2,18,2,3,1.0,0.0,0.0,1.0,0.0,1.0,9,6,9
93129,16,2,3,0,15,3,0,1,0,1,2,22,2,2,0.0,0.0,0.0,0.0,0.0,2.0,11,5,7
104202,16,2,3,17,6,3,0,1,0,1,2,24,2,3,2.0,0.0,0.0,2.0,0.0,1.0,11,7,8
123933,15,2,3,0,8,3,0,1,1,1,0,36,2,2,0.0,0.0,0.0,0.0,0.0,2.0,7,6,9
24421,16,2,1,10,2,3,0,1,0,1,2,17,4,2,0.0,0.0,0.0,0.0,0.0,4.0,3,1,2
16611,16,10,3,17,6,3,4,1,1,1,1,17,2,2,0.0,0.0,0.0,0.0,0.0,2.0,14,5,2
34484,16,3,3,17,8,3,6,1,0,1,2,18,4,4,1.0,0.0,0.0,0.0,1.0,5.0,8,5,3
186405,17,2,3,17,15,3,6,1,1,1,1,24,2,2,0.0,0.0,0.0,0.0,0.0,2.0,14,5,12
13259,16,3,3,17,8,3,0,1,0,1,2,38,2,2,0.0,0.0,0.0,0.0,0.0,3.0,10,6,1
13620,17,10,3,10,2,3,4,5,1,0,2,36,2,2,0.0,0.0,0.0,0.0,0.0,2.0,9,6,1
163691,16,2,1,0,11,4,6,1,0,1,2,6,2,2,0.0,0.0,0.0,0.0,0.0,2.0,16,5,11
93184,16,2,1,17,6,3,0,1,0,1,2,24,2,1,1.0,0.0,1.0,0.0,0.0,2.0,23,7,7
39799,16,2,1,9,8,3,0,1,0,1,0,36,2,1,1.0,0.0,1.0,0.0,0.0,1.0,19,2,3
116152,4,7,3,0,10,3,6,1,1,1,2,36,2,2,0.0,0.0,0.0,0.0,0.0,3.0,9,4,8
102592,15,2,1,15,13,3,0,1,1,1,2,24,2,2,0.0,0.0,0.0,0.0,0.0,4.0,1,5,7
140349,16,2,1,17,6,3,0,5,0,1,2,36,2,4,1.0,0.0,0.0,0.0,1.0,1.0,22,5,10
136929,15,2,3,17,6,3,0,5,1,1,2,18,2,2,0.0,0.0,0.0,0.0,0.0,2.0,6,6,9
56997,16,2,1,10,8,3,0,1,0,1,2,19,3,4,1.0,0.0,0.0,0.0,1.0,2.0,20,4,5
167869,16,2,1,0,8,3,0,1,0,1,2,28,3,4,1.0,0.0,0.0,0.0,1.0,2.0,0,1,11
182851,17,2,4,15,6,3,5,5,1,1,0,23,2,2,0.0,0.0,0.0,0.0,0.0,2.0,16,2,12
177978,16,7,1,10,3,3,6,1,0,1,2,36,2,2,0.0,0.0,0.0,0.0,0.0,2.0,20,6,12
38158,4,2,1,7,3,3,0,1,0,0,2,37,4,3,3.0,0.0,0.0,3.0,0.0,3.0,22,6,3
11659,11,7,3,7,8,3,6,1,1,1,0,36,2,2,0.0,0.0,0.0,0.0,0.0,1.0,10,6,1
172498,16,2,3,17,10,3,0,1,1,1,1,36,2,2,0.0,0.0,0.0,0.0,0.0,2.0,13,5,12
54727,15,2,3,17,8,3,0,1,1,1,2,24,3,2,0.0,0.0,0.0,0.0,0.0,3.0,16,3,4
161956,17,2,5,7,11,3,0,5,1,0,2,36,2,2,0.0,0.0,0.0,0.0,0.0,1.0,9,2,11
125658,15,2,3,0,2,3,0,1,0,1,2,18,2,4,1.0,0.0,0.0,0.0,1.0,2.0,8,3,9
116961,16,2,3,10,8,3,0,1,1,1,2,17,2,2,0.0,0.0,0.0,0.0,0.0,2.0,8,4,8
110693,17,11,5,10,8,3,5,5,1,1,2,36,2,2,0.0,0.0,0.0,0.0,0.0,5.0,16,7,8
121914,16,3,3,17,6,3,6,5,0,1,2,18,2,2,0.0,0.0,0.0,0.0,0.0,2.0,15,6,9
21486,15,7,3,0,6,3,6,1,0,1,2,23,2,2,0.0,0.0,0.0,0.0,0.0,2.0,14,3,2
58259,15,2,0,0,6,3,0,1,0,1,2,18,2,2,0.0,0.0,0.0,0.0,0.0,2.0,4,5,5
99065,16,2,1,15,6,3,0,1,1,1,1,36,2,2,0.0,0.0,0.0,0.0,0.0,2.0,22,6,7
18570,16,10,3,0,6,3,6,1,0,1,2,18,3,2,0.0,0.0,0.0,0.0,0.0,3.0,12,2,2
71589,15,11,3,17,8,3,5,5,1,1,1,36,2,2,0.0,0.0,0.0,0.0,0.0,3.0,12,3,5
178280,16,2,3,15,2,3,6,5,1,1,2,23,2,2,0.0,0.0,0.0,0.0,0.0,3.0,16,2,12
168690,16,2,3,17,3,3,0,1,0,1,2,30,3,3,1.0,0.0,0.0,1.0,0.0,2.0,12,6,11
78353,17,2,1,8,6,3,0,5,0,1,0,18,2,3,1.0,0.0,0.0,1.0,0.0,1.0,20,5,6
138377,16,7,3,15,3,3,6,1,1,0,2,36,2,2,0.0,0.0,0.0,0.0,0.0,2.0,11,4,10
83361,16,7,1,17,6,4,6,1,0,1,2,6,3,2,0.0,0.0,0.0,0.0,0.0,3.0,20,2,6
159135,16,2,0,17,6,3,0,1,0,1,1,36,2,2,0.0,0.0,0.0,0.0,0.0,2.0,19,4,11
122628,17,11,3,0,18,3,5,5,1,1,1,36,2,2,0.0,0.0,0.0,0.0,0.0,2.0,17,2,9
133242,16,2,1,10,6,3,0,1,1,0,1,19,2,2,0.0,0.0,0.0,0.0,0.0,2.0,0,2,9
154617,16,7,1,17,8,3,6,1,1,1,1,18,2,2,0.0,0.0,0.0,0.0,0.0,2.0,17,4,10
68809,16,2,3,10,2,3,0,1,0,1,2,17,2,2,0.0,0.0,0.0,0.0,0.0,6.0,13,3,5
88937,15,2,3,17,8,3,0,1,0,1,2,36,2,2,0.0,0.0,0.0,0.0,0.0,3.0,15,4,7
69771,16,7,3,10,8,3,6,1,1,1,0,19,2,2,0.0,0.0,0.0,0.0,0.0,2.0,16,3,5
166998,16,10,3,10,2,3,4,1,1,1,1,39,2,2,0.0,0.0,0.0,0.0,0.0,2.0,13,7,11
177433,4,7,0,9,8,3,6,5,0,1,0,36,2,3,1.0,0.0,0.0,1.0,0.0,1.0,16,6,12
36064,15,2,3,17,15,3,0,1,0,1,2,38,2,2,0.0,0.0,0.0,0.0,0.0,2.0,14,5,3
58474,16,2,1,10,10,3,0,1,1,1,1,6,2,2,0.0,0.0,0.0,0.0,0.0,5.0,2,7,5
142428,16,2,3,0,1,3,0,1,0,1,2,6,2,2,0.0,0.0,0.0,0.0,0.0,2.0,13,6,10
70636,16,2,3,17,8,3,0,1,1,1,2,36,2,2,0.0,0.0,0.0,0.0,0.0,2.0,11,4,5
77826,15,2,3,0,8,3,0,1,1,1,2,36,2,2,0.0,0.0,0.0,0.0,0.0,2.0,16,6,6
76122,16,2,4,15,8,3,0,1,1,1,1,23,2,2,0.0,0.0,0.0,0.0,0.0,3.0,20,7,6
38888,4,7,3,17,3,3,6,1,1,1,2,24,2,2,0.0,0.0,0.0,0.0,0.0,2.0,12,5,3
133923,16,2,3,17,10,3,0,1,1,1,2,24,2,2,0.0,0.0,0.0,0.0,0.0,2.0,11,6,9
86898,16,2,3,17,2,3,0,1,1,1,2,18,2,2,0.0,0.0,0.0,0.0,0.0,6.0,11,7,6
37250,17,2,3,17,8,3,5,5,0,1,2,36,2,3,1.0,0.0,0.0,1.0,0.0,2.0,15,4,3
36706,16,2,1,7,2,3,0,1,1,1,2,24,2,2,0.0,0.0,0.0,0.0,0.0,1.0,1,1,3
66969,17,2,1,10,8,3,0,5,1,0,1,26,2,2,0.0,0.0,0.0,0.0,0.0,2.0,22,2,5
99382,16,2,3,10,8,3,0,1,1,1,1,17,2,2,0.0,0.0,0.0,0.0,0.0,5.0,10,3,7
164472,16,2,3,15,10,3,0,1,1,1,2,36,2,2,0.0,0.0,0.0,0.0,0.0,4.0,13,3,11
123121,15,3,3,2,8,3,0,1,0,1,1,37,1,4,1.0,0.0,0.0,0.0,1.0,1.0,15,2,9
142668,16,2,3,8,2,3,0,1,1,1,2,36,2,2,0.0,0.0,0.0,0.0,0.0,2.0,15,4,10
88276,15,2,3,9,8,3,0,1,0,1,2,18,2,1,1.0,0.0,1.0,0.0,0.0,1.0,12,2,7
117812,15,2,3,0,2,3,0,1,0,1,0,5,2,4,1.0,0.0,0.0,0.0,1.0,2.0,17,2,8
184317,16,2,0,10,8,3,0,1,1,1,1,18,2,2,0.0,0.0,0.0,0.0,0.0,2.0,23,7,12
75730,16,2,3,2,8,3,0,1,0,1,2,33,1,2,0.0,0.0,0.0,0.0,0.0,1.0,9,2,6