crash_date,               traffic_control_device,weather_condition,lighting_condition,first_crash_type,trafficway_type,alignment,roadway_surface_cond,road_defect,crash_type,intersection_related_i,damage,prim_contributory_cause,num_units,most_severe_injury,injuries_total,injuries_fatal,injuries_incapacitating,injuries_non_incapacitating,injuries_reported_not_evident,injuries_no_indication,crash_hour,crash_day_of_week,crash_month
105050,15,2,1,2,8,3,0,1,0,1,2,9,3,3,1.0,0.0,0.0,1.0,0.0,0.0,2,4,8
50038,16,2,1,15,6,3,0,1,0,0,2,22,2,4,1.0,0.0,0.0,0.0,1.0,1.0,21,7,4
128328,4,2,3,10,8,3,0,1,1,1,2,36,2,2,0.0,0.0,0.0,0.0,0.0,2.0,16,5,9
127027,4,2,3,17,8,3,0,1,0,1,2,36,2,2,0.0,0.0,0.0,0.0,0.0,2.0,14,3,9
57241,16,2,3,0,6,3,6,1,0,1,2,18,2,3,1.0,0.0,0.0,1.0,0.0,4.0,9,2,5
23544,16,7,3,2,8,3,6,1,1,0,0,36,1,2,0.0,0.0,0.0,0.0,0.0,1.0,6,2,2
28277,15,7,3,0,2,3,6,1,1,1,1,17,2,2,0.0,0.0,0.0,0.0,0.0,8.0,7,4,3
14181,16,2,3,10,13,3,0,1,0,1,2,36,2,3,2.0,0.0,0.0,2.0,0.0,2.0,6,7,1
23362,15,10,3,10,10,3,4,5,1,1,2,19,2,2,0.0,0.0,0.0,0.0,0.0,3.0,12,6,2
160962,15,2,3,0,10,3,0,1,0,1,2,18,3,3,1.0,0.0,0.0,1.0,0.0,1.0,7,7,11
116678,15,7,3,0,11,3,6,1,1,1,1,39,2,2,0.0,0.0,0.0,0.0,0.0,2.0,7,5,8
23184,16,2,3,10,6,3,0,1,1,1,2,19,2,2,0.0,0.0,0.0,0.0,0.0,2.0,13,3,2
38506,16,2,3,9,8,3,0,1,0,1,0,18,2,1,1.0,0.0,1.0,0.0,0.0,1.0,17,6,3
134420,16,2,3,0,6,3,0,1,0,1,2,6,2,3,1.0,0.0,0.0,1.0,0.0,2.0,9,6,9
107841,16,2,3,10,8,3,5,5,1,1,1,19,2,2,0.0,0.0,0.0,0.0,0.0,2.0,15,5,8
188499,16,2,3,15,8,3,0,1,1,1,2,12,2,2,0.0,0.0,0.0,0.0,0.0,2.0,15,2,12
184952,16,7,1,10,6,3,6,1,1,1,2,36,2,2,0.0,0.0,0.0,0.0,0.0,3.0,18,4,12
75225,16,2,3,17,3,3,0,1,1,1,2,18,2,2,0.0,0.0,0.0,0.0,0.0,3.0,11,1,6
109195,15,2,3,3,6,3,0,1,0,1,2,36,2,2,0.0,0.0,0.0,0.0,0.0,4.0,18,7,8
59454,16,7,3,0,15,3,6,1,1,1,2,6,2,2,0.0,0.0,0.0,0.0,0.0,2.0,7,3,5
105906,16,2,3,17,6,3,0,1,1,1,0,36,2,2,0.0,0.0,0.0,0.0,0.0,2.0,8,4,8
102171,15,2,3,17,8,3,0,1,0,1,2,18,2,2,0.0,0.0,0.0,0.0,0.0,2.0,8,5,7
17846,16,2,3,15,8,3,4,1,1,1,1,36,2,2,0.0,0.0,0.0,0.0,0.0,2.0,13,4,2
73475,4,2,3,17,8,3,0,1,1,1,1,24,2,2,0.0,0.0,0.0,0.0,0.0,2.0,17,3,6
35026,16,2,3,17,6,3,0,1,1,1,0,4,2,2,0.0,0.0,0.0,0.0,0.0,2.0,17,1,3
103253,15,2,1,17,8,3,0,1,0,1,2,18,2,3,1.0,0.0,0.0,1.0,0.0,1.0,23,7,7
50796,15,2,3,0,8,3,0,1,0,1,0,18,2,2,0.0,0.0,0.0,0.0,0.0,3.0,16,6,4
176912,15,11,5,10,8,3,5,1,1,1,1,36,2,2,0.0,0.0,0.0,0.0,0.0,2.0,19,6,12
104424,16,2,3,17,8,3,0,1,0,1,2,28,3,4,1.0,0.0,0.0,0.0,1.0,2.0,8,3,8
164208,15,2,3,17,8,3,0,1,1,1,2,36,2,2,0.0,0.0,0.0,0.0,0.0,2.0,14,4,11
68764,16,2,1,10,2,3,0,1,1,1,1,17,2,2,0.0,0.0,0.0,0.0,0.0,2.0,5,1,5
134344,16,3,3,13,6,3,0,1,0,1,0,36,2,4,1.0,0.0,0.0,0.0,1.0,1.0,8,4,9
94202,15,2,1,8,6,3,0,1,0,1,2,36,2,0,1.0,1.0,0.0,0.0,0.0,1.0,2,2,7
123852,16,2,3,8,8,3,0,5,0,1,0,1,2,3,1.0,0.0,0.0,1.0,0.0,1.0,18,5,9
55247,16,2,3,17,6,3,0,1,0,1,2,18,2,2,0.0,0.0,0.0,0.0,0.0,2.0,14,5,4
141523,16,2,3,10,8,3,0,1,1,1,2,36,2,2,0.0,0.0,0.0,0.0,0.0,2.0,17,7,10
151224,4,7,3,7,2,3,6,1,0,0,2,36,2,2,0.0,0.0,0.0,0.0,0.0,2.0,13,1,10
57796,15,2,3,0,8,3,0,1,0,1,2,18,2,2,0.0,0.0,0.0,0.0,0.0,3.0,15,5,5
3279,4,2,1,0,8,3,0,1,0,1,2,36,2,2,0.0,0.0,0.0,0.0,0.0,3.0,21,7,1
152337,16,2,1,0,3,3,0,1,0,1,2,6,2,4,1.0,0.0,0.0,0.0,1.0,2.0,23,6,10
138402,16,2,3,10,8,3,0,1,0,1,2,19,2,3,1.0,0.0,0.0,1.0,0.0,2.0,17,6,10
145666,4,3,0,10,2,3,0,1,1,0,0,19,2,2,0.0,0.0,0.0,0.0,0.0,2.0,19,7,10
72819,15,2,3,0,6,3,0,1,0,1,2,18,2,3,1.0,0.0,0.0,1.0,0.0,1.0,11,1,6
18410,8,2,1,0,10,3,0,1,0,1,2,18,2,2,0.0,0.0,0.0,0.0,0.0,2.0,19,6,2
124161,4,2,3,15,2,3,0,1,1,1,2,23,2,2,0.0,0.0,0.0,0.0,0.0,2.0,14,4,9
155497,15,2,1,9,15,3,0,1,0,1,0,18,2,4,1.0,0.0,0.0,0.0,1.0,1.0,18,2,10
18985,4,10,0,10,8,3,1,1,0,1,1,12,2,3,1.0,0.0,0.0,1.0,0.0,1.0,19,3,2
33076,16,2,1,0,2,3,0,1,1,1,2,18,2,2,0.0,0.0,0.0,0.0,0.0,2.0,19,4,3
160374,16,2,0,17,8,3,0,1,1,1,2,24,2,2,0.0,0.0,0.0,0.0,0.0,2.0,18,6,11
161418,15,2,1,0,8,3,0,1,0,1,2,26,2,2,0.0,0.0,0.0,0.0,0.0,3.0,23,7,11
163200,15,2,3,7,8,3,1,5,1,1,1,39,2,2,0.0,0.0,0.0,0.0,0.0,1.0,9,5,11
56035,16,7,1,10,8,3,6,1,1,1,0,36,2,2,0.0,0.0,0.0,0.0,0.0,2.0,17,2,5
172901,16,2,3,10,15,3,0,1,0,1,2,17,2,2,0.0,0.0,0.0,0.0,0.0,3.0,14,2,12
139425,16,2,4,17,8,3,0,1,0,1,2,6,2,1,2.0,0.0,1.0,1.0,0.0,5.0,16,5,10
49915,16,7,0,17,8,3,6,1,1,1,2,19,2,2,0.0,0.0,0.0,0.0,0.0,2.0,20,4,4
63744,15,2,3,17,6,3,0,1,0,1,2,17,2,2,0.0,0.0,0.0,0.0,0.0,2.0,7,5,5
152583,16,2,3,17,6,3,0,1,1,1,2,36,2,2,0.0,0.0,0.0,0.0,0.0,3.0,16,4,10
159596,16,2,1,17,8,3,0,1,0,1,2,6,2,2,0.0,0.0,0.0,0.0,0.0,2.0,18,3,11
76142,16,2,1,10,2,3,0,1,1,1,2,21,2,2,0.0,0.0,0.0,0.0,0.0,3.0,23,7,6
104243,15,2,1,0,16,3,0,1,0,1,2,17,2,3,2.0,0.0,0.0,1.0,1.0,1.0,2,1,8
123981,4,2,3,17,8,3,0,1,1,1,2,24,2,2,0.0,0.0,0.0,0.0,0.0,2.0,14,7,9
151534,16,2,3,10,3,3,0,1,1,1,2,19,2,2,0.0,0.0,0.0,0.0,0.0,2.0,16,1,10
155359,16,2,3,11,11,3,0,1,1,1,2,21,2,2,0.0,0.0,0.0,0.0,0.0,3.0,13,7,10
25520,15,2,3,17,2,3,0,1,1,1,2,18,2,2,0.0,0.0,0.0,0.0,0.0,2.0,15,4,2
169282,6,2,3,0,2,3,0,5,0,1,2,36,2,2,0.0,0.0,0.0,0.0,0.0,3.0,16,2,11
57654,16,2,3,11,6,3,0,1,1,1,1,6,2,2,0.0,0.0,0.0,0.0,0.0,2.0,13,2,5
120725,4,7,3,0,10,3,6,1,0,1,2,38,2,3,3.0,0.0,0.0,3.0,0.0,0.0,16,3,9
133145,4,2,1,14,8,3,0,1,0,1,2,36,2,4,1.0,0.0,0.0,0.0,1.0,1.0,19,1,9
11633,16,7,3,0,8,3,6,1,0,1,2,36,3,3,2.0,0.0,0.0,1.0,1.0,2.0,7,6,1
117242,16,2,3,17,8,3,0,1,0,1,2,36,2,3,4.0,0.0,0.0,4.0,0.0,0.0,16,7,8
55467,15,2,3,17,15,3,0,1,0,1,2,18,2,1,3.0,0.0,3.0,0.0,0.0,0.0,18,2,4
100694,15,2,3,0,6,3,0,1,0,0,2,36,2,3,1.0,0.0,0.0,1.0,0.0,1.0,18,5,7
113378,16,2,1,10,6,3,0,1,0,1,2,17,3,2,0.0,0.0,0.0,0.0,0.0,3.0,21,5,8
135736,16,2,3,15,8,3,0,1,1,1,2,23,2,2,0.0,0.0,0.0,0.0,0.0,3.0,13,4,9
154464,16,3,3,17,2,3,0,1,0,1,2,6,2,1,3.0,0.0,3.0,0.0,0.0,1.0,12,1,10
6414,16,10,1,17,5,3,4,1,0,1,2,36,2,1,3.0,0.0,2.0,1.0,0.0,5.0,21,7,1
30854,16,2,3,17,6,3,0,1,1,1,0,23,2,2,0.0,0.0,0.0,0.0,0.0,3.0,15,2,3
8717,15,2,1,17,8,3,6,2,0,1,2,36,2,2,0.0,0.0,0.0,0.0,0.0,2.0,21,5,1
54080,16,2,3,17,10,3,0,1,1,1,2,33,2,2,0.0,0.0,0.0,0.0,0.0,2.0,10,6,4
82009,16,2,3,17,2,3,0,1,0,1,2,18,2,3,1.0,0.0,0.0,1.0,0.0,1.0,18,4,6
79603,16,2,3,0,6,3,0,1,0,1,2,17,2,2,0.0,0.0,0.0,0.0,0.0,2.0,12,2,6
6473,4,2,3,17,8,3,0,5,0,1,2,18,2,2,0.0,0.0,0.0,0.0,0.0,3.0,9,2,1
173914,4,2,4,10,6,3,0,1,1,1,1,36,2,2,0.0,0.0,0.0,0.0,0.0,2.0,17,4,12
16141,15,2,3,10,10,3,0,1,1,1,2,19,2,2,0.0,0.0,0.0,0.0,0.0,2.0,8,2,2
16084,16,6,1,17,3,2,6,1,0,1,2,36,2,2,0.0,0.0,0.0,0.0,0.0,3.0,21,1,2
174380,16,2,1,9,2,3,0,1,0,1,1,18,2,3,1.0,0.0,0.0,1.0,0.0,2.0,21,3,12
116389,15,2,3,10,2,3,0,1,0,1,2,19,2,4,4.0,0.0,0.0,0.0,4.0,1.0,10,2,8
72849,16,11,1,15,2,3,5,5,1,1,1,36,2,2,0.0,0.0,0.0,0.0,0.0,2.0,2,7,6
63478,15,2,3,17,6,3,0,1,0,1,2,36,2,2,0.0,0.0,0.0,0.0,0.0,2.0,16,2,5
7774,16,2,1,17,2,3,0,1,1,1,1,24,2,2,0.0,0.0,0.0,0.0,0.0,3.0,19,5,1
173546,16,2,3,0,6,3,0,5,0,1,2,6,2,2,0.0,0.0,0.0,0.0,0.0,2.0,14,7,12
10295,16,2,3,17,8,3,0,1,0,1,2,18,2,2,0.0,0.0,0.0,0.0,0.0,2.0,7,5,1
60816,15,2,1,0,8,3,0,4,1,1,2,18,2,2,0.0,0.0,0.0,0.0,0.0,4.0,19,2,5
25304,16,2,0,10,2,3,0,1,0,1,2,19,3,3,4.0,0.0,0.0,4.0,0.0,1.0,18,6,2
146137,16,2,1,2,6,3,0,1,0,1,2,38,1,2,0.0,0.0,0.0,0.0,0.0,1.0,18,7,10
81395,4,2,3,17,12,3,0,1,1,0,2,24,2,2,0.0,0.0,0.0,0.0,0.0,2.0,13,3,6
67079,16,7,3,10,8,4,6,1,1,1,2,39,3,2,0.0,0.0,0.0,0.0,0.0,3.0,16,3,5
168374,16,2,3,10,6,3,0,1,1,1,0,26,2,2,0.0,0.0,0.0,0.0,0.0,3.0,13,3,11
100530,16,2,3,17,8,3,0,1,1,1,2,36,2,2,0.0,0.0,0.0,0.0,0.0,2.0,11,1,7
109731,5,2,0,15,8,3,0,1,0,0,2,23,2,2,0.0,0.0,0.0,0.0,0.0,3.0,2,1,8
4989,16,7,0,17,8,3,6,1,0,1,2,36,2,2,0.0,0.0,0.0,0.0,0.0,2.0,20,5,1
51953,18,2,1,2,18,3,0,1,0,1,2,36,1,2,0.0,0.0,0.0,0.0,0.0,1.0,1,7,4
171135,16,2,3,17,2,3,0,1,1,1,2,36,2,2,0.0,0.0,0.0,0.0,0.0,2.0,9,3,11
157440,16,7,3,10,2,3,6,1,1,1,0,19,2,2,0.0,0.0,0.0,0.0,0.0,5.0,14,7,11
54391,15,2,3,0,15,3,0,1,1,1,2,18,2,2,0.0,0.0,0.0,0.0,0.0,2.0,15,5,4
119184,15,2,3,0,6,3,0,1,0,1,2,36,2,3,1.0,0.0,0.0,1.0,0.0,1.0,11,1,8
78501,15,2,1,2,15,3,0,1,0,1,2,12,1,2,0.0,0.0,0.0,0.0,0.0,3.0,23,1,6
169872,15,2,3,0,6,3,0,5,0,1,2,36,2,2,0.0,0.0,0.0,0.0,0.0,5.0,10,5,11
45241,16,2,3,17,6,3,0,5,0,1,2,36,2,4,1.0,0.0,0.0,0.0,1.0,1.0,14,6,4
11554,15,2,0,9,8,3,6,1,0,1,2,36,2,1,1.0,0.0,1.0,0.0,0.0,1.0,19,5,1
101083,4,2,3,17,8,3,0,1,1,1,2,24,2,2,0.0,0.0,0.0,0.0,0.0,3.0,18,3,7
166733,4,2,3,15,2,3,0,1,0,0,2,19,2,4,1.0,0.0,0.0,0.0,1.0,1.0,14,7,11
156757,15,2,3,17,8,3,0,1,1,1,0,36,2,2,0.0,0.0,0.0,0.0,0.0,6.0,15,5,11
106765,15,2,3,10,2,3,0,5,1,1,2,17,2,2,0.0,0.0,0.0,0.0,0.0,3.0,17,2,8
169102,15,2,3,0,6,3,0,1,1,1,1,18,2,2,0.0,0.0,0.0,0.0,0.0,4.0,12,1,11
178195,16,2,3,10,6,3,0,1,1,1,1,36,2,2,0.0,0.0,0.0,0.0,0.0,2.0,13,4,12
152132,4,2,3,15,2,3,0,1,1,1,2,24,2,2,0.0,0.0,0.0,0.0,0.0,3.0,10,6,10
167358,16,2,3,0,6,3,0,1,1,1,2,36,2,2,0.0,0.0,0.0,0.0,0.0,2.0,9,1,11
51513,17,7,4,10,8,3,6,5,1,1,1,36,2,2,0.0,0.0,0.0,0.0,0.0,3.0,0,5,4
175301,15,2,1,17,6,3,0,5,1,1,2,36,2,2,0.0,0.0,0.0,0.0,0.0,2.0,16,4,12
10419,4,2,1,14,2,3,0,1,0,1,2,36,2,2,0.0,0.0,0.0,0.0,0.0,3.0,19,7,1
165100,16,7,3,15,6,3,6,1,0,1,2,6,3,3,1.0,0.0,0.0,1.0,0.0,2.0,12,4,11
156046,16,2,3,2,3,3,0,1,0,1,2,28,1,4,1.0,0.0,0.0,0.0,1.0,1.0,11,2,11
125610,16,2,1,0,6,3,0,1,1,1,2,36,2,2,0.0,0.0,0.0,0.0,0.0,3.0,2,3,9
150256,15,2,3,0,6,3,0,1,0,1,2,18,2,3,2.0,0.0,0.0,2.0,0.0,1.0,15,3,10
166206,15,2,3,0,8,3,0,1,0,1,2,18,2,3,1.0,0.0,0.0,1.0,0.0,1.0,13,6,11
67549,15,2,3,0,3,3,0,5,1,1,2,36,2,2,0.0,0.0,0.0,0.0,0.0,2.0,17,5,5
19890,16,2,1,15,3,3,0,1,1,1,2,23,2,2,0.0,0.0,0.0,0.0,0.0,3.0,18,5,2
133274,15,2,3,0,8,3,0,1,1,1,2,36,2,2,0.0,0.0,0.0,0.0,0.0,2.0,17,4,9
54543,16,11,3,17,8,3,5,5,1,1,0,36,2,2,0.0,0.0,0.0,0.0,0.0,2.0,8,5,4
53385,15,2,3,17,15,3,5,5,1,1,2,36,2,2,0.0,0.0,0.0,0.0,0.0,3.0,16,5,4
137371,16,2,3,17,6,3,0,5,1,1,2,23,2,2,0.0,0.0,0.0,0.0,0.0,2.0,15,6,9
174014,16,2,3,10,3,3,0,1,1,1,2,19,2,2,0.0,0.0,0.0,0.0,0.0,3.0,10,6,12
23074,16,2,1,17,8,3,0,1,0,1,2,6,2,3,1.0,0.0,0.0,1.0,0.0,6.0,2,1,2
40001,15,3,3,7,15,3,0,1,1,1,2,30,2,2,0.0,0.0,0.0,0.0,0.0,1.0,7,7,3
172846,16,7,1,17,2,3,6,1,0,1,2,18,2,1,2.0,0.0,1.0,1.0,0.0,2.0,17,1,12
133985,4,7,1,17,8,3,6,1,0,1,1,17,2,3,2.0,0.0,0.0,2.0,0.0,1.0,22,7,9
51025,16,2,4,10,8,3,0,1,1,1,2,17,2,2,0.0,0.0,0.0,0.0,0.0,2.0,16,4,4
8849,15,2,3,7,15,3,6,1,1,1,2,33,3,2,0.0,0.0,0.0,0.0,0.0,1.0,9,7,1
91923,4,2,3,17,11,3,0,1,1,1,2,12,2,2,0.0,0.0,0.0,0.0,0.0,2.0,14,1,7
71880,16,2,1,17,13,3,0,1,1,1,0,36,2,2,0.0,0.0,0.0,0.0,0.0,2.0,21,6,6
33191,4,2,3,17,0,3,6,5,1,1,2,18,2,2,0.0,0.0,0.0,0.0,0.0,2.0,7,6,3
128613,4,2,3,0,8,3,0,1,1,1,0,18,2,2,0.0,0.0,0.0,0.0,0.0,2.0,13,4,9
4528,16,2,3,17,2,3,5,1,1,1,1,22,2,2,0.0,0.0,0.0,0.0,0.0,2.0,13,6,1
5111,15,10,0,10,2,3,4,1,1,1,0,39,2,2,0.0,0.0,0.0,0.0,0.0,3.0,19,7,1
101878,17,2,3,17,2,3,5,5,1,1,2,36,2,2,0.0,0.0,0.0,0.0,0.0,2.0,12,6,7
26361,6,5,1,2,10,3,6,1,0,1,2,26,1,3,1.0,0.0,0.0,1.0,0.0,0.0,18,3,2
52236,16,2,3,15,8,3,0,5,1,1,0,22,2,2,0.0,0.0,0.0,0.0,0.0,2.0,12,3,4
183540,15,2,1,17,6,3,6,5,0,1,1,36,2,2,0.0,0.0,0.0,0.0,0.0,3.0,19,6,12
73283,4,2,3,0,10,3,0,1,1,1,2,36,2,2,0.0,0.0,0.0,0.0,0.0,2.0,12,7,6
113572,15,2,3,8,8,3,0,1,0,1,0,36,2,4,1.0,0.0,0.0,0.0,1.0,2.0,17,7,8
128574,16,2,3,17,6,3,0,5,0,1,2,36,2,4,1.0,0.0,0.0,0.0,1.0,3.0,17,3,9
75526,16,2,3,15,2,3,0,1,1,1,2,23,2,2,0.0,0.0,0.0,0.0,0.0,2.0,17,5,6
22809,15,10,3,0,6,3,4,2,0,1,2,39,3,4,2.0,0.0,0.0,0.0,2.0,1.0,15,5,2
41021,16,3,3,0,2,3,0,1,0,1,2,6,2,2,0.0,0.0,0.0,0.0,0.0,2.0,12,4,3
112567,16,2,3,17,3,2,6,1,0,1,2,36,3,1,3.0,0.0,2.0,1.0,0.0,1.0,6,6,8
52754,16,2,1,10,8,3,0,1,0,1,2,8,2,4,1.0,0.0,0.0,0.0,1.0,1.0,20,7,4
52190,16,2,3,10,8,3,0,5,1,1,1,36,2,2,0.0,0.0,0.0,0.0,0.0,9.0,15,3,4
109111,16,2,0,13,6,3,0,1,1,1,2,6,2,2,0.0,0.0,0.0,0.0,0.0,5.0,0,4,8
107068,16,7,0,10,6,3,6,5,0,1,1,36,2,4,1.0,0.0,0.0,0.0,1.0,2.0,2,1,8
104207,15,2,3,10,8,3,0,1,0,1,2,17,2,3,1.0,0.0,0.0,1.0,0.0,1.0,11,7,8
24107,16,9,3,10,8,3,4,1,1,1,2,36,2,2,0.0,0.0,0.0,0.0,0.0,2.0,7,4,2
77285,16,2,3,9,10,3,0,1,1,1,0,36,2,2,0.0,0.0,0.0,0.0,0.0,2.0,16,5,6
86772,15,2,3,7,10,3,0,2,1,1,1,36,2,2,0.0,0.0,0.0,0.0,0.0,3.0,14,6,6
136975,16,2,1,0,6,3,0,1,0,1,2,12,2,2,0.0,0.0,0.0,0.0,0.0,2.0,1,1,9
184576,15,7,3,0,6,3,6,1,1,1,1,18,2,2,0.0,0.0,0.0,0.0,0.0,4.0,15,6,12
12751,15,10,3,0,8,3,6,1,1,1,2,18,2,2,0.0,0.0,0.0,0.0,0.0,2.0,16,5,1
177080,15,2,3,0,8,3,0,1,0,1,2,38,2,2,0.0,0.0,0.0,0.0,0.0,2.0,8,2,12
86404,16,2,1,17,6,3,0,1,1,1,2,18,2,2,0.0,0.0,0.0,0.0,0.0,3.0,22,6,6
164188,16,2,3,17,6,3,0,1,0,1,2,18,2,4,2.0,0.0,0.0,0.0,2.0,1.0,12,6,11
31882,16,7,3,0,6,3,6,1,0,1,2,6,2,4,1.0,0.0,0.0,0.0,1.0,1.0,10,6,3
55601,4,2,3,3,3,3,0,1,0,1,2,18,2,2,0.0,0.0,0.0,0.0,0.0,6.0,19,2,4
148631,15,2,3,15,8,3,0,1,1,1,1,36,2,2,0.0,0.0,0.0,0.0,0.0,2.0,8,5,10
49716,15,2,3,0,6,3,5,1,1,1,2,12,2,2,0.0,0.0,0.0,0.0,0.0,3.0,16,2,4
185579,16,2,3,0,6,3,6,1,0,1,2,12,3,2,0.0,0.0,0.0,0.0,0.0,5.0,11,7,12
164850,16,10,3,9,2,3,4,1,0,1,0,36,2,4,1.0,0.0,0.0,0.0,1.0,1.0,14,7,11
81863,17,2,4,10,3,3,0,5,1,1,1,26,2,2,0.0,0.0,0.0,0.0,0.0,2.0,1,1,6
74103,4,2,3,7,8,3,0,1,1,0,2,36,2,2,0.0,0.0,0.0,0.0,0.0,1.0,7,6,6
164708,16,2,3,15,6,3,0,1,1,1,0,19,2,2,0.0,0.0,0.0,0.0,0.0,2.0,10,7,11
135079,15,2,3,0,6,3,0,1,1,1,0,18,2,2,0.0,0.0,0.0,0.0,0.0,2.0,13,1,9
30134,15,10,1,10,2,3,6,1,1,1,1,39,2,2,0.0,0.0,0.0,0.0,0.0,2.0,22,2,3
94945,16,3,3,0,6,3,0,1,0,1,2,6,2,2,0.0,0.0,0.0,0.0,0.0,2.0,13,1,7
167315,16,2,1,8,3,3,0,1,0,1,0,18,2,3,1.0,0.0,0.0,1.0,0.0,1.0,2,1,11
130388,16,2,4,17,8,3,0,1,0,1,2,12,2,3,1.0,0.0,0.0,1.0,0.0,2.0,18,7,9
136176,16,7,3,17,8,3,6,1,0,1,2,18,2,3,1.0,0.0,0.0,1.0,0.0,2.0,6,2,9
131141,16,2,3,15,6,3,0,1,1,1,2,22,2,2,0.0,0.0,0.0,0.0,0.0,2.0,15,5,9
161880,4,7,1,17,8,3,6,1,0,1,2,18,2,2,0.0,0.0,0.0,0.0,0.0,2.0,16,1,11
13962,16,2,3,17,2,3,0,1,0,1,2,36,2,2,0.0,0.0,0.0,0.0,0.0,2.0,14,6,1
72148,17,11,5,17,6,3,5,5,1,1,2,36,2,2,0.0,0.0,0.0,0.0,0.0,3.0,14,5,6
6732,16,2,3,17,6,3,0,1,0,1,2,18,2,1,1.0,0.0,1.0,0.0,0.0,1.0,14,5,1
78826,4,2,3,17,2,3,0,1,1,1,1,36,2,2,0.0,0.0,0.0,0.0,0.0,2.0,6,5,6
123214,16,2,3,10,6,3,0,1,1,1,2,19,2,2,0.0,0.0,0.0,0.0,0.0,2.0,12,3,9
20017,16,2,1,10,8,3,0,5,1,1,2,17,2,2,0.0,0.0,0.0,0.0,0.0,4.0,18,7,2
36607,4,2,3,10,8,3,0,1,1,1,2,19,2,2,0.0,0.0,0.0,0.0,0.0,2.0,7,7,3
158967,16,2,3,0,8,3,0,1,0,1,2,36,2,2,0.0,0.0,0.0,0.0,0.0,2.0,11,7,11
27076,16,2,1,15,5,3,0,1,1,1,2,23,2,2,0.0,0.0,0.0,0.0,0.0,2.0,2,1,2
77840,15,2,3,0,2,3,0,1,0,1,2,38,2,2,0.0,0.0,0.0,0.0,0.0,2.0,6,6,6
74414,16,2,3,10,8,3,0,1,1,1,1,19,2,2,0.0,0.0,0.0,0.0,0.0,2.0,16,2,6
108043,15,3,3,0,10,3,0,1,1,1,2,5,2,2,0.0,0.0,0.0,0.0,0.0,3.0,14,2,8
139664,16,2,1,17,6,3,0,1,0,1,2,6,2,2,0.0,0.0,0.0,0.0,0.0,2.0,5,3,10
24184,16,2,1,17,2,3,0,5,1,0,1,17,2,2,0.0,0.0,0.0,0.0,0.0,2.0,0,5,2
168606,17,2,1,10,6,3,0,5,0,1,2,17,2,2,0.0,0.0,0.0,0.0,0.0,2.0,0,7,11
97878,4,2,1,17,6,3,0,5,0,1,1,23,2,3,1.0,0.0,0.0,1.0,0.0,3.0,22,2,7
52807,16,3,3,10,2,3,6,1,1,1,2,36,2,2,0.0,0.0,0.0,0.0,0.0,2.0,17,1,4
153288,4,2,3,10,2,3,0,5,1,1,2,36,2,2,0.0,0.0,0.0,0.0,0.0,3.0,14,1,10
126762,15,2,3,8,11,3,0,1,0,1,2,36,2,1,1.0,0.0,1.0,0.0,0.0,1.0,7,5,9
16407,15,2,3,0,2,3,0,1,0,1,2,5,2,3,1.0,0.0,0.0,1.0,0.0,1.0,14,7,2
7383,4,10,3,15,2,3,4,1,0,1,2,18,2,2,0.0,0.0,0.0,0.0,0.0,2.0,11,7,1
61763,16,2,0,17,6,3,0,1,1,1,2,18,2,2,0.0,0.0,0.0,0.0,0.0,2.0,20,3,5
121558,18,2,1,17,15,3,0,1,1,1,2,18,2,2,0.0,0.0,0.0,0.0,0.0,2.0,23,7,9
182084,16,2,3,11,8,3,0,1,1,1,1,21,2,2,0.0,0.0,0.0,0.0,0.0,2.0,7,4,12
183368,16,2,1,17,8,3,0,1,1,1,2,24,2,2,0.0,0.0,0.0,0.0,0.0,2.0,21,2,12
146888,16,2,3,17,8,3,0,1,1,1,2,22,2,2,0.0,0.0,0.0,0.0,0.0,3.0,17,7,10
41124,16,7,0,9,8,3,6,1,0,1,2,17,2,1,2.0,0.0,1.0,1.0,0.0,0.0,23,6,3
187382,16,2,3,17,8,3,5,5,0,1,2,36,2,2,0.0,0.0,0.0,0.0,0.0,2.0,9,4,12
24743,16,2,3,10,8,3,0,1,1,1,2,36,2,2,0.0,0.0,0.0,0.0,0.0,3.0,9,3,2
186527,15,10,3,17,8,3,4,1,0,1,2,24,2,2,0.0,0.0,0.0,0.0,0.0,3.0,9,4,12
148319,16,2,3,17,6,3,0,1,0,1,2,18,2,3,1.0,0.0,0.0,1.0,0.0,1.0,15,3,10
149552,16,2,1,13,6,3,0,1,0,1,2,36,2,2,0.0,0.0,0.0,0.0,0.0,2.0,20,6,10
93163,15,2,3,0,6,3,0,1,0,1,2,5,2,2,0.0,0.0,0.0,0.0,0.0,3.0,18,7,7
153170,15,2,1,15,8,3,0,1,1,1,1,5,2,2,0.0,0.0,0.0,0.0,0.0,2.0,18,5,10
13248,16,2,3,17,6,3,4,1,0,1,1,17,2,3,1.0,0.0,0.0,1.0,0.0,3.0,8,6,1
60066,16,2,3,17,2,0,0,1,1,1,2,24,2,2,0.0,0.0,0.0,0.0,0.0,2.0,16,4,5
107934,15,2,3,17,8,3,0,1,0,1,2,36,2,3,2.0,0.0,0.0,2.0,0.0,1.0,17,7,8
38376,17,11,5,10,8,3,5,5,1,1,2,36,2,2,0.0,0.0,0.0,0.0,0.0,2.0,15,6,3
166369,16,2,1,0,8,3,0,1,1,1,2,6,2,2,0.0,0.0,0.0,0.0,0.0,2.0,19,1,11