crash_date,               traffic_control_device,weather_condition,lighting_condition,first_crash_type,trafficway_type,alignment,roadway_surface_cond,road_defect,crash_type,intersection_related_i,damage,prim_contributory_cause,num_units,most_severe_injury,injuries_total,injuries_fatal,injuries_incapacitating,injuries_non_incapacitating,injuries_reported_not_evident,injuries_no_indication,crash_hour,crash_day_of_week,crash_month
138706,16,2,3,17,6,3,0,5,0,1,1,36,2,3,1.0,0.0,0.0,1.0,0.0,1.0,8,4,10
36469,16,7,3,13,6,3,6,1,0,1,2,6,2,4,1.0,0.0,0.0,0.0,1.0,1.0,7,5,3
11170,16,7,3,17,8,3,6,1,0,1,2,17,2,4,1.0,0.0,0.0,0.0,1.0,1.0,16,5,1
24108,15,10,3,0,8,3,6,1,1,1,2,18,2,2,0.0,0.0,0.0,0.0,0.0,3.0,8,4,2
116969,4,7,1,5,0,3,6,0,1,1,1,26,1,2,0.0,0.0,0.0,0.0,0.0,1.0,21,4,8
9690,16,10,1,0,8,3,4,5,0,1,2,6,4,1,3.0,0.0,1.0,2.0,0.0,3.0,18,1,1
89805,15,2,1,10,6,3,0,1,1,1,1,19,2,2,0.0,0.0,0.0,0.0,0.0,2.0,22,5,7
8581,16,2,3,9,6,3,0,1,0,1,0,18,2,3,1.0,0.0,0.0,1.0,0.0,1.0,8,6,1
48647,16,2,3,15,10,3,0,1,1,1,2,23,2,2,0.0,0.0,0.0,0.0,0.0,2.0,13,2,4
33702,16,7,1,9,6,3,6,1,0,1,1,18,2,3,1.0,0.0,0.0,1.0,0.0,1.0,5,1,3
168422,4,2,3,10,8,3,0,1,1,1,2,19,2,2,0.0,0.0,0.0,0.0,0.0,2.0,9,3,11
125560,16,2,3,17,10,3,0,1,1,1,1,36,2,2,0.0,0.0,0.0,0.0,0.0,2.0,18,2,9
62714,16,2,3,10,11,4,0,1,0,1,2,17,2,4,1.0,0.0,0.0,0.0,1.0,1.0,16,3,5
87104,16,3,3,15,2,3,0,1,1,1,2,36,2,2,0.0,0.0,0.0,0.0,0.0,2.0,15,5,6
184247,15,2,3,0,2,3,0,1,0,1,2,5,2,2,0.0,0.0,0.0,0.0,0.0,3.0,9,6,12
5904,16,10,3,0,2,3,4,1,0,1,2,36,2,2,0.0,0.0,0.0,0.0,0.0,3.0,8,6,1
34832,16,2,3,17,3,3,0,1,0,1,2,18,2,3,2.0,0.0,0.0,2.0,0.0,1.0,7,4,3
185832,16,2,3,10,6,3,0,1,1,1,0,36,2,2,0.0,0.0,0.0,0.0,0.0,2.0,15,6,12
7866,16,6,1,0,6,3,6,1,0,1,2,6,2,2,0.0,0.0,0.0,0.0,0.0,4.0,2,1,1
35416,15,2,1,17,8,3,0,1,0,1,2,17,2,2,0.0,0.0,0.0,0.0,0.0,2.0,1,7,3
112073,15,2,3,0,8,3,0,1,1,1,2,36,2,2,0.0,0.0,0.0,0.0,0.0,2.0,16,6,8
87334,15,2,4,8,10,3,0,1,0,1,2,17,2,3,1.0,0.0,0.0,1.0,0.0,1.0,19,7,6
37844,4,2,3,17,8,3,0,1,0,1,2,24,2,2,0.0,0.0,0.0,0.0,0.0,2.0,17,2,3
1016,16,2,3,17,8,3,5,5,0,1,1,36,2,4,1.0,0.0,0.0,0.0,1.0,1.0,15,4,1
185843,15,2,1,17,15,3,0,1,0,1,2,18,2,4,1.0,0.0,0.0,0.0,1.0,1.0,19,6,12
75535,4,2,3,15,8,3,0,1,1,0,2,36,2,2,0.0,0.0,0.0,0.0,0.0,2.0,8,5,6
206,16,10,0,10,8,4,4,1,0,1,2,19,2,2,0.0,0.0,0.0,0.0,0.0,2.0,6,4,1
155502,16,2,1,17,6,3,0,1,1,1,2,24,2,2,0.0,0.0,0.0,0.0,0.0,2.0,19,2,10
124729,16,2,3,10,2,3,0,1,1,0,1,36,3,2,0.0,0.0,0.0,0.0,0.0,3.0,15,5,9
131094,16,7,3,17,8,3,6,1,1,1,1,18,2,2,0.0,0.0,0.0,0.0,0.0,2.0,7,3,9
94537,15,2,3,10,8,3,0,1,1,1,2,36,2,2,0.0,0.0,0.0,0.0,0.0,2.0,15,6,7
6387,16,2,4,15,8,3,6,1,0,1,1,18,3,4,1.0,0.0,0.0,0.0,1.0,3.0,16,7,1
137055,16,2,3,10,3,3,0,1,1,1,1,17,2,2,0.0,0.0,0.0,0.0,0.0,4.0,8,6,9
14182,16,2,1,15,10,3,0,1,1,1,0,26,2,2,0.0,0.0,0.0,0.0,0.0,2.0,20,7,1
71928,16,2,3,17,8,3,0,1,0,1,1,24,2,2,0.0,0.0,0.0,0.0,0.0,2.0,16,7,6
59846,4,2,3,17,8,3,0,1,1,1,2,18,2,2,0.0,0.0,0.0,0.0,0.0,3.0,12,1,5
31332,16,2,1,17,8,3,0,1,1,1,2,24,2,2,0.0,0.0,0.0,0.0,0.0,3.0,21,3,3
9737,15,2,1,0,6,3,0,1,0,1,1,18,2,4,3.0,0.0,0.0,0.0,3.0,1.0,17,2,1
57493,15,2,1,0,10,3,0,1,1,1,2,18,2,2,0.0,0.0,0.0,0.0,0.0,2.0,22,5,5
10740,16,2,3,17,6,3,0,1,1,1,1,36,2,2,0.0,0.0,0.0,0.0,0.0,2.0,12,4,1
58687,16,2,1,0,8,3,0,1,1,1,2,36,2,2,0.0,0.0,0.0,0.0,0.0,2.0,2,5,5
120380,15,2,3,0,6,3,0,1,1,1,2,36,2,2,0.0,0.0,0.0,0.0,0.0,2.0,19,5,8
136868,16,2,1,17,6,3,0,1,1,1,2,18,2,2,0.0,0.0,0.0,0.0,0.0,3.0,19,5,9
133705,16,2,1,17,2,3,6,1,0,1,0,17,2,4,1.0,0.0,0.0,0.0,1.0,3.0,22,2,9
142577,16,2,3,17,6,3,0,5,1,1,2,36,2,2,0.0,0.0,0.0,0.0,0.0,3.0,15,1,10
169413,16,7,1,15,8,4,6,1,1,1,0,22,2,2,0.0,0.0,0.0,0.0,0.0,2.0,3,5,11
176184,16,2,3,2,2,3,0,1,0,1,2,17,1,1,1.0,0.0,1.0,0.0,0.0,0.0,14,3,12
140849,16,2,3,10,6,3,0,1,1,1,2,18,2,2,0.0,0.0,0.0,0.0,0.0,2.0,11,5,10
18012,16,2,3,17,2,3,4,1,0,1,2,18,2,2,0.0,0.0,0.0,0.0,0.0,2.0,7,6,2
125394,16,2,3,10,8,3,0,1,1,1,1,19,2,2,0.0,0.0,0.0,0.0,0.0,3.0,15,2,9
148525,15,2,3,17,8,3,0,1,1,1,2,24,2,2,0.0,0.0,0.0,0.0,0.0,2.0,11,5,10
57891,16,7,1,17,6,3,6,1,1,1,2,36,2,2,0.0,0.0,0.0,0.0,0.0,3.0,19,7,5
153067,15,2,3,0,16,3,0,1,0,1,2,18,2,4,1.0,0.0,0.0,0.0,1.0,1.0,14,4,10
80858,16,2,3,10,6,3,0,1,1,1,2,19,2,2,0.0,0.0,0.0,0.0,0.0,2.0,13,2,6
83958,4,2,4,7,10,3,0,1,0,0,2,11,2,2,0.0,0.0,0.0,0.0,0.0,2.0,19,4,6
82483,16,2,3,17,2,3,0,1,1,1,2,22,2,2,0.0,0.0,0.0,0.0,0.0,2.0,13,3,6
57667,15,2,3,17,8,4,0,1,1,1,2,18,2,2,0.0,0.0,0.0,0.0,0.0,2.0,17,2,5
106526,6,2,3,10,3,3,0,5,0,1,2,36,2,4,3.0,0.0,0.0,0.0,3.0,1.0,10,6,8
70515,16,2,3,9,6,3,0,1,0,1,2,18,2,1,1.0,0.0,1.0,0.0,0.0,1.0,14,2,5
134093,18,7,4,0,6,3,6,1,1,1,2,18,2,2,0.0,0.0,0.0,0.0,0.0,2.0,17,3,9
40652,4,2,1,0,0,3,6,1,1,1,2,21,2,2,0.0,0.0,0.0,0.0,0.0,2.0,22,4,3
168074,16,2,1,0,6,3,0,1,1,1,2,36,2,2,0.0,0.0,0.0,0.0,0.0,2.0,17,6,11
51727,16,2,1,0,2,3,0,1,1,1,2,6,2,2,0.0,0.0,0.0,0.0,0.0,2.0,0,1,4
167737,16,2,3,10,8,3,0,1,1,1,1,36,2,2,0.0,0.0,0.0,0.0,0.0,2.0,13,6,11
76571,16,2,1,17,8,3,0,1,1,1,1,24,2,2,0.0,0.0,0.0,0.0,0.0,3.0,3,7,6
70579,15,2,3,0,15,3,0,5,0,1,2,23,3,3,1.0,0.0,0.0,1.0,0.0,1.0,16,4,5
13171,16,2,1,0,8,3,6,1,1,1,2,6,2,2,0.0,0.0,0.0,0.0,0.0,2.0,19,5,1
21853,16,10,1,15,10,3,4,2,1,1,0,39,2,2,0.0,0.0,0.0,0.0,0.0,2.0,16,2,2
180376,15,2,1,0,6,3,0,1,1,1,2,18,2,2,0.0,0.0,0.0,0.0,0.0,3.0,3,3,12
76423,17,2,3,0,6,3,0,1,1,1,0,36,2,2,0.0,0.0,0.0,0.0,0.0,2.0,8,6,6
43858,2,2,1,10,6,3,0,1,1,0,2,12,2,2,0.0,0.0,0.0,0.0,0.0,2.0,2,1,4
84111,16,2,3,17,8,3,0,5,1,1,1,35,2,2,0.0,0.0,0.0,0.0,0.0,3.0,9,6,6
117821,16,2,1,17,8,3,0,1,1,1,1,18,2,2,0.0,0.0,0.0,0.0,0.0,2.0,19,2,8
13489,16,3,3,9,10,3,0,1,0,1,0,24,2,1,1.0,0.0,1.0,0.0,0.0,1.0,7,3,1
84207,16,2,3,10,2,3,0,1,1,1,2,19,2,2,0.0,0.0,0.0,0.0,0.0,2.0,17,7,6
108912,16,2,1,17,1,3,0,1,0,1,0,19,2,3,2.0,0.0,0.0,2.0,0.0,1.0,22,7,8
142826,17,3,3,17,8,3,0,1,1,1,0,24,2,2,0.0,0.0,0.0,0.0,0.0,3.0,9,3,10
57754,4,2,3,10,3,3,0,1,0,0,2,19,2,4,1.0,0.0,0.0,0.0,1.0,1.0,18,4,5
170544,4,2,3,17,15,3,0,1,1,1,2,18,2,2,0.0,0.0,0.0,0.0,0.0,3.0,12,2,11
68840,16,2,1,0,5,3,0,1,1,1,2,36,2,2,0.0,0.0,0.0,0.0,0.0,2.0,21,3,5
30149,16,2,1,17,8,3,0,5,0,1,2,24,2,2,0.0,0.0,0.0,0.0,0.0,3.0,1,3,3
43182,16,2,1,0,8,3,0,1,1,1,1,8,2,2,0.0,0.0,0.0,0.0,0.0,2.0,0,2,4
39824,16,7,1,10,2,3,6,1,1,1,0,16,2,2,0.0,0.0,0.0,0.0,0.0,2.0,23,2,3
144760,16,2,1,10,3,3,0,1,0,1,2,36,2,4,1.0,0.0,0.0,0.0,1.0,1.0,22,7,10
97523,15,2,3,0,6,3,0,2,0,1,2,18,2,2,0.0,0.0,0.0,0.0,0.0,2.0,16,4,7
118683,16,2,3,10,2,3,0,1,1,1,2,21,2,2,0.0,0.0,0.0,0.0,0.0,2.0,15,2,8
27396,15,2,3,17,2,3,0,1,1,1,2,24,2,2,0.0,0.0,0.0,0.0,0.0,3.0,15,7,2
31342,16,2,3,15,11,3,0,1,1,1,2,26,2,2,0.0,0.0,0.0,0.0,0.0,2.0,11,3,3
33388,15,2,3,0,8,3,0,1,0,1,2,18,2,2,0.0,0.0,0.0,0.0,0.0,2.0,16,2,3
2745,17,11,5,0,18,3,5,5,1,1,1,26,2,2,0.0,0.0,0.0,0.0,0.0,2.0,14,6,1
85498,16,7,3,10,8,3,6,5,1,1,2,36,2,2,0.0,0.0,0.0,0.0,0.0,2.0,17,7,6
70816,15,2,3,0,16,3,0,1,1,1,2,18,2,2,0.0,0.0,0.0,0.0,0.0,2.0,8,5,5
150927,16,2,3,15,6,3,0,1,1,1,2,24,2,2,0.0,0.0,0.0,0.0,0.0,2.0,12,4,10
94977,15,2,3,17,6,3,0,1,1,1,2,18,2,2,0.0,0.0,0.0,0.0,0.0,4.0,19,1,7
40426,16,2,1,10,6,3,0,5,1,1,2,36,2,2,0.0,0.0,0.0,0.0,0.0,2.0,4,1,3
42954,15,2,3,0,6,5,0,1,0,1,2,5,2,3,1.0,0.0,0.0,1.0,0.0,1.0,12,6,4
185950,16,2,1,0,6,3,4,1,0,1,2,36,2,2,0.0,0.0,0.0,0.0,0.0,3.0,0,1,12
53528,15,2,3,0,8,3,0,1,1,1,2,5,2,2,0.0,0.0,0.0,0.0,0.0,2.0,17,5,4
80878,15,2,3,0,6,3,0,1,0,1,2,36,2,3,1.0,0.0,0.0,1.0,0.0,3.0,16,2,6
7481,15,2,1,17,6,3,0,1,1,1,2,18,2,2,0.0,0.0,0.0,0.0,0.0,3.0,23,2,1
134001,16,2,3,15,2,3,0,1,1,1,1,12,2,2,0.0,0.0,0.0,0.0,0.0,3.0,12,7,9
93051,15,2,1,0,2,3,0,1,1,1,2,18,2,2,0.0,0.0,0.0,0.0,0.0,2.0,22,4,7
129766,4,2,3,17,2,3,0,1,0,1,2,36,2,4,1.0,0.0,0.0,0.0,1.0,1.0,12,5,9
186974,16,7,1,0,6,3,6,5,0,1,2,18,2,3,2.0,0.0,0.0,1.0,1.0,2.0,20,6,12
101801,15,2,1,0,6,3,0,1,0,1,2,18,2,2,0.0,0.0,0.0,0.0,0.0,5.0,22,7,7
32832,16,7,3,10,15,3,6,1,0,1,2,39,2,2,0.0,0.0,0.0,0.0,0.0,2.0,12,6,3
56645,16,2,1,17,2,3,0,5,1,1,2,6,2,2,0.0,0.0,0.0,0.0,0.0,3.0,23,5,5
85117,15,2,1,0,6,3,6,5,0,1,2,10,2,1,1.0,0.0,1.0,0.0,0.0,3.0,23,1,6
141243,15,2,1,0,6,3,0,1,0,1,2,17,2,2,0.0,0.0,0.0,0.0,0.0,2.0,20,2,10
107535,16,11,1,17,6,3,5,5,0,1,2,18,2,2,0.0,0.0,0.0,0.0,0.0,2.0,2,1,8
56298,16,2,3,17,6,3,0,1,0,1,1,19,2,4,1.0,0.0,0.0,0.0,1.0,2.0,12,7,5
184761,4,2,3,17,8,3,0,1,1,1,2,18,2,2,0.0,0.0,0.0,0.0,0.0,2.0,17,7,12
164328,4,2,3,17,2,3,0,5,0,1,2,28,2,2,0.0,0.0,0.0,0.0,0.0,3.0,8,6,11
75098,16,2,3,9,8,3,5,5,0,1,0,36,2,3,1.0,0.0,0.0,1.0,0.0,2.0,14,6,6
110223,16,2,3,15,2,3,5,5,1,1,2,36,2,2,0.0,0.0,0.0,0.0,0.0,2.0,11,6,8
73280,16,2,3,0,6,3,0,1,1,1,2,6,2,2,0.0,0.0,0.0,0.0,0.0,6.0,12,7,6
87136,16,3,3,17,2,3,0,1,0,1,2,18,2,2,0.0,0.0,0.0,0.0,0.0,3.0,18,5,6
112450,4,7,1,10,8,3,6,2,1,0,2,21,2,2,0.0,0.0,0.0,0.0,0.0,2.0,20,2,8
129912,15,2,0,0,6,3,0,1,1,1,2,36,2,2,0.0,0.0,0.0,0.0,0.0,3.0,20,7,9
152441,16,7,1,15,8,3,6,5,1,1,2,28,2,2,0.0,0.0,0.0,0.0,0.0,3.0,23,7,10
64826,4,3,3,10,6,3,6,1,1,1,2,19,2,2,0.0,0.0,0.0,0.0,0.0,3.0,18,3,5
11647,4,7,3,9,11,3,6,1,0,1,2,38,2,1,1.0,0.0,1.0,0.0,0.0,1.0,8,6,1
83555,16,2,3,17,6,3,0,1,1,1,2,22,2,2,0.0,0.0,0.0,0.0,0.0,2.0,8,5,6
106691,16,2,3,10,8,3,0,1,1,1,2,17,3,2,0.0,0.0,0.0,0.0,0.0,7.0,16,7,8
795,16,2,3,0,15,3,6,5,0,1,2,11,2,2,0.0,0.0,0.0,0.0,0.0,4.0,13,1,1
88715,15,7,3,17,8,3,6,1,0,1,1,24,2,3,1.0,0.0,0.0,1.0,0.0,1.0,11,1,7
180286,6,2,0,10,2,3,0,1,1,1,2,36,2,2,0.0,0.0,0.0,0.0,0.0,2.0,21,7,12
90181,16,2,3,4,8,3,0,1,0,1,2,36,1,3,1.0,0.0,0.0,1.0,0.0,0.0,16,3,7
43401,16,2,2,0,8,3,0,1,0,1,2,18,2,3,1.0,0.0,0.0,1.0,0.0,1.0,6,7,4
131450,16,2,3,10,1,3,0,1,1,1,1,17,2,2,0.0,0.0,0.0,0.0,0.0,2.0,8,6,9
118140,16,2,3,0,8,3,0,1,1,1,2,18,2,2,0.0,0.0,0.0,0.0,0.0,2.0,18,1,8
62360,15,2,3,0,6,3,0,1,0,1,2,18,2,2,0.0,0.0,0.0,0.0,0.0,4.0,14,6,5
122244,16,2,3,17,8,3,0,1,1,0,2,36,2,2,0.0,0.0,0.0,0.0,0.0,2.0,7,2,9
17880,16,10,3,17,8,3,4,1,1,1,1,24,2,2,0.0,0.0,0.0,0.0,0.0,2.0,8,4,2
156147,4,3,1,17,2,3,0,1,1,1,2,38,2,2,0.0,0.0,0.0,0.0,0.0,2.0,17,4,11
26405,15,11,3,0,15,3,5,5,1,1,2,36,2,2,0.0,0.0,0.0,0.0,0.0,2.0,14,5,2
119449,16,2,3,15,3,3,0,1,1,1,2,23,2,2,0.0,0.0,0.0,0.0,0.0,3.0,7,4,8
73277,16,2,0,10,6,3,0,1,1,1,2,17,2,2,0.0,0.0,0.0,0.0,0.0,2.0,0,7,6
29487,16,2,1,15,11,3,0,5,0,1,2,24,3,2,0.0,0.0,0.0,0.0,0.0,4.0,17,6,3
57628,16,2,1,10,8,3,0,1,0,1,1,17,2,3,1.0,0.0,0.0,1.0,0.0,3.0,21,7,5
82471,16,2,3,15,6,3,0,5,1,1,0,36,2,2,0.0,0.0,0.0,0.0,0.0,2.0,11,2,6
19798,16,7,1,10,8,3,6,1,1,1,2,39,2,2,0.0,0.0,0.0,0.0,0.0,2.0,23,2,2
150331,4,2,1,0,8,3,0,1,1,1,2,18,2,2,0.0,0.0,0.0,0.0,0.0,4.0,3,1,10
134774,16,2,3,17,8,3,0,1,1,1,1,19,2,2,0.0,0.0,0.0,0.0,0.0,2.0,16,7,9
171581,16,2,3,15,1,3,0,1,1,1,1,22,2,2,0.0,0.0,0.0,0.0,0.0,2.0,6,2,11
4045,16,2,4,4,6,3,0,3,0,1,1,33,1,2,0.0,0.0,0.0,0.0,0.0,1.0,16,5,1
179766,15,2,3,17,19,3,0,1,1,1,0,22,2,2,0.0,0.0,0.0,0.0,0.0,3.0,11,2,12
124261,15,2,3,15,8,3,0,1,1,1,2,24,2,2,0.0,0.0,0.0,0.0,0.0,2.0,19,5,9
162191,16,7,0,17,17,3,6,5,1,1,2,24,2,2,0.0,0.0,0.0,0.0,0.0,2.0,16,6,11
134915,15,2,3,0,8,3,0,1,1,1,2,18,2,2,0.0,0.0,0.0,0.0,0.0,2.0,8,4,9
142240,15,2,3,0,8,3,0,1,1,1,2,18,2,2,0.0,0.0,0.0,0.0,0.0,2.0,16,2,10
161810,15,2,1,0,6,3,0,1,0,1,2,18,2,2,0.0,0.0,0.0,0.0,0.0,3.0,20,2,11
185148,6,2,3,15,8,3,0,1,1,1,1,24,2,2,0.0,0.0,0.0,0.0,0.0,2.0,13,2,12
151153,16,2,1,17,3,3,0,1,0,1,2,18,2,0,3.0,1.0,1.0,1.0,0.0,2.0,21,5,10
2610,16,2,3,17,6,3,0,1,0,1,2,18,4,2,0.0,0.0,0.0,0.0,0.0,4.0,13,4,1
10438,16,2,1,0,6,3,0,5,0,1,2,36,2,2,0.0,0.0,0.0,0.0,0.0,4.0,23,7,1
108928,16,2,3,0,6,3,0,1,0,1,2,36,2,4,2.0,0.0,0.0,0.0,2.0,2.0,11,7,8
157564,4,11,5,15,17,3,5,5,1,0,2,36,3,2,0.0,0.0,0.0,0.0,0.0,3.0,9,1,11
24670,15,2,0,7,8,3,0,1,1,1,1,36,2,2,0.0,0.0,0.0,0.0,0.0,1.0,18,2,2
68771,16,2,3,15,8,3,0,1,0,1,2,36,3,4,1.0,0.0,0.0,0.0,1.0,2.0,18,1,5
79609,15,2,3,17,2,3,0,1,0,1,2,36,2,2,0.0,0.0,0.0,0.0,0.0,2.0,14,3,6
118311,16,2,3,17,8,3,0,1,1,1,2,18,2,2,0.0,0.0,0.0,0.0,0.0,2.0,11,2,8
165702,15,6,4,17,6,3,2,1,1,1,2,18,2,2,0.0,0.0,0.0,0.0,0.0,3.0,16,6,11
107733,4,2,3,8,2,3,0,1,0,1,1,18,2,3,1.0,0.0,0.0,1.0,0.0,1.0,16,3,8
3355,17,2,1,0,6,3,2,1,0,1,2,17,2,2,0.0,0.0,0.0,0.0,0.0,6.0,19,3,1
167798,15,2,1,17,8,3,0,1,1,1,1,18,2,2,0.0,0.0,0.0,0.0,0.0,2.0,22,6,11
29717,4,2,3,17,2,3,0,1,1,0,2,22,2,2,0.0,0.0,0.0,0.0,0.0,2.0,9,2,3
89179,15,2,3,7,11,4,0,1,1,1,2,36,2,2,0.0,0.0,0.0,0.0,0.0,4.0,19,1,7
106699,15,2,3,10,2,3,0,5,1,1,1,19,2,2,0.0,0.0,0.0,0.0,0.0,2.0,9,7,8
143696,15,7,3,0,2,3,6,1,0,1,2,18,2,3,3.0,0.0,0.0,3.0,0.0,1.0,14,2,10
154419,16,2,3,17,2,3,0,1,1,1,2,12,2,2,0.0,0.0,0.0,0.0,0.0,2.0,12,3,10
41092,16,2,5,0,8,3,0,1,0,1,1,36,2,4,1.0,0.0,0.0,0.0,1.0,2.0,6,6,3
145131,4,2,1,17,8,3,0,5,1,1,2,18,2,2,0.0,0.0,0.0,0.0,0.0,2.0,2,1,10
11831,16,11,5,0,6,3,5,5,1,1,2,18,2,2,0.0,0.0,0.0,0.0,0.0,2.0,15,4,1
91744,16,3,3,0,8,3,0,1,0,1,2,18,2,3,1.0,0.0,0.0,1.0,0.0,1.0,18,6,7
143625,15,7,3,0,8,3,6,1,0,1,2,36,3,2,0.0,0.0,0.0,0.0,0.0,3.0,11,6,10
84187,16,2,3,17,2,3,0,1,1,1,2,24,2,2,0.0,0.0,0.0,0.0,0.0,5.0,14,6,6
95557,15,11,5,17,8,3,5,1,1,1,1,24,2,2,0.0,0.0,0.0,0.0,0.0,2.0,20,1,7
121543,16,11,5,14,6,3,5,5,1,1,2,6,3,2,0.0,0.0,0.0,0.0,0.0,3.0,21,7,9
101953,16,2,3,15,10,3,0,1,1,1,0,23,2,2,0.0,0.0,0.0,0.0,0.0,2.0,16,1,7
124194,4,2,3,17,8,3,0,1,0,1,2,24,2,2,0.0,0.0,0.0,0.0,0.0,2.0,18,4,9
137844,4,2,3,15,2,3,0,1,1,1,2,36,2,2,0.0,0.0,0.0,0.0,0.0,2.0,9,5,10
164776,16,2,3,15,8,3,0,1,1,1,1,36,2,2,0.0,0.0,0.0,0.0,0.0,10.0,16,6,11
71576,17,2,3,15,6,3,0,1,1,1,2,36,2,2,0.0,0.0,0.0,0.0,0.0,2.0,8,3,5
104268,16,2,2,0,8,3,0,1,1,1,1,18,2,2,0.0,0.0,0.0,0.0,0.0,2.0,6,1,8
11685,16,2,3,0,6,3,6,1,1,1,0,6,2,2,0.0,0.0,0.0,0.0,0.0,2.0,14,1,1
35141,15,2,3,10,3,3,0,1,1,1,1,17,2,2,0.0,0.0,0.0,0.0,0.0,5.0,7,3,3
21795,16,2,1,0,6,3,0,1,1,1,2,6,2,2,0.0,0.0,0.0,0.0,0.0,2.0,4,7,2
103898,4,2,4,15,2,3,5,5,1,1,2,36,2,2,0.0,0.0,0.0,0.0,0.0,2.0,19,4,7
62539,16,7,3,14,8,3,6,1,0,0,2,11,3,2,0.0,0.0,0.0,0.0,0.0,3.0,16,2,5
33849,16,10,3,15,8,3,6,1,1,1,0,23,2,2,0.0,0.0,0.0,0.0,0.0,2.0,9,2,3
126543,16,2,3,10,8,3,0,1,1,1,2,12,2,2,0.0,0.0,0.0,0.0,0.0,2.0,17,4,9
110104,15,2,3,13,6,3,0,5,0,1,2,5,2,3,2.0,0.0,0.0,2.0,0.0,0.0,13,5,8
11597,15,2,3,0,8,3,6,1,0,1,1,18,2,2,0.0,0.0,0.0,0.0,0.0,3.0,14,6,1
113859,16,2,3,17,6,3,0,1,0,1,2,36,2,3,4.0,0.0,0.0,4.0,0.0,1.0,7,6,8
6953,4,2,1,15,6,3,0,1,1,1,1,36,2,2,0.0,0.0,0.0,0.0,0.0,2.0,21,1,1
54542,17,11,5,10,8,3,5,5,1,1,1,12,2,2,0.0,0.0,0.0,0.0,0.0,2.0,7,5,4
149392,16,2,1,17,8,3,0,1,1,1,1,17,2,2,0.0,0.0,0.0,0.0,0.0,2.0,17,4,10
180261,15,2,1,17,8,3,0,1,0,1,2,37,2,3,1.0,0.0,0.0,1.0,0.0,1.0,18,7,12
5687,16,2,3,10,10,3,6,1,1,1,0,36,2,2,0.0,0.0,0.0,0.0,0.0,2.0,12,1,1
38692,16,3,3,17,2,3,0,1,0,1,2,18,2,2,0.0,0.0,0.0,0.0,0.0,3.0,13,4,3
15570,4,11,4,10,8,3,0,5,1,1,2,19,2,2,0.0,0.0,0.0,0.0,0.0,2.0,19,3,2
157953,15,3,3,0,2,3,6,1,1,1,2,36,2,2,0.0,0.0,0.0,0.0,0.0,2.0,16,2,11
170251,15,2,3,10,8,3,1,1,1,1,1,36,2,2,0.0,0.0,0.0,0.0,0.0,2.0,8,3,11
32225,15,2,3,17,6,3,0,1,0,1,2,18,2,2,0.0,0.0,0.0,0.0,0.0,4.0,16,4,3
148464,16,7,3,10,6,3,6,1,1,1,1,19,2,2,0.0,0.0,0.0,0.0,0.0,2.0,16,5,10
143701,15,7,3,0,8,3,6,1,1,1,1,18,2,2,0.0,0.0,0.0,0.0,0.0,2.0,16,2,10
160625,4,2,3,17,6,3,0,1,1,1,0,36,2,2,0.0,0.0,0.0,0.0,0.0,2.0,7,4,11
47365,4,2,3,10,8,3,0,1,0,1,2,36,2,3,1.0,0.0,0.0,1.0,0.0,2.0,12,2,4
725,16,2,3,17,2,3,0,1,1,1,2,36,2,2,0.0,0.0,0.0,0.0,0.0,2.0,8,5,1
46596,4,2,3,8,0,3,0,5,0,1,0,18,2,3,1.0,0.0,0.0,1.0,0.0,2.0,17,2,4
32024,16,7,3,10,3,3,6,5,1,1,1,19,2,2,0.0,0.0,0.0,0.0,0.0,2.0,15,7,3
154121,16,2,3,10,2,3,0,1,1,1,0,36,2,2,0.0,0.0,0.0,0.0,0.0,2.0,21,5,10
135631,16,2,3,8,6,3,0,5,0,1,2,6,2,3,1.0,0.0,0.0,1.0,0.0,2.0,17,2,9
118428,16,2,3,17,2,3,0,1,1,1,1,36,2,2,0.0,0.0,0.0,0.0,0.0,2.0,17,4,8
87004,15,7,0,7,10,3,6,1,1,0,1,12,2,2,0.0,0.0,0.0,0.0,0.0,1.0,8,3,6
34564,16,2,1,0,8,3,0,1,0,1,2,6,2,3,4.0,0.0,0.0,4.0,0.0,1.0,1,1,3
49898,15,7,4,17,8,3,6,1,1,1,2,18,2,2,0.0,0.0,0.0,0.0,0.0,2.0,18,4,4
123874,16,2,3,10,2,3,0,1,1,1,1,36,2,2,0.0,0.0,0.0,0.0,0.0,4.0,9,5,9
73598,16,2,3,8,6,3,0,1,0,1,2,36,2,3,1.0,0.0,0.0,1.0,0.0,3.0,17,6,6
33294,16,2,3,0,6,3,0,1,1,1,0,18,2,2,0.0,0.0,0.0,0.0,0.0,4.0,15,2,3
179102,16,2,3,9,8,3,0,1,0,1,2,38,2,1,1.0,0.0,1.0,0.0,0.0,1.0,7,6,12
57917,16,2,1,17,6,3,0,1,0,1,2,18,2,3,6.0,0.0,0.0,6.0,0.0,0.0,23,7,5
105543,16,2,3,17,8,3,0,1,1,1,1,36,2,2,0.0,0.0,0.0,0.0,0.0,4.0,17,7,8
46584,16,2,3,10,8,3,0,1,1,1,1,17,3,2,0.0,0.0,0.0,0.0,0.0,3.0,15,2,4
186293,15,2,1,0,2,3,0,1,0,1,2,18,2,2,0.0,0.0,0.0,0.0,0.0,5.0,18,1,12
157248,16,2,1,9,8,3,0,1,0,1,2,36,2,3,1.0,0.0,0.0,1.0,0.0,1.0,21,5,11