crash_date,               traffic_control_device,weather_condition,lighting_condition,first_crash_type,trafficway_type,alignment,roadway_surface_cond,road_defect,crash_type,intersection_related_i,damage,prim_contributory_cause,num_units,most_severe_injury,injuries_total,injuries_fatal,injuries_incapacitating,injuries_non_incapacitating,injuries_reported_not_evident,injuries_no_indication,crash_hour,crash_day_of_week,crash_month
93785,16,2,3,17,6,3,0,1,0,1,2,36,2,3,2.0,0.0,0.0,1.0,1.0,0.0,17,3,7
28726,3,2,3,15,1,3,0,5,1,0,2,22,2,2,0.0,0.0,0.0,0.0,0.0,2.0,13,6,3
106500,16,2,3,10,8,3,0,1,0,1,2,13,2,2,0.0,0.0,0.0,0.0,0.0,5.0,18,6,8
21412,16,10,1,0,2,3,4,1,1,1,2,18,2,2,0.0,0.0,0.0,0.0,0.0,2.0,20,1,2
57827,15,2,3,0,6,3,0,1,0,1,2,36,2,4,1.0,0.0,0.0,0.0,1.0,2.0,8,5,5
9539,16,2,3,0,6,3,5,1,1,1,1,3,2,2,0.0,0.0,0.0,0.0,0.0,2.0,9,6,1
151014,16,7,2,8,2,3,6,5,0,1,0,18,2,3,1.0,0.0,0.0,1.0,0.0,1.0,7,3,10
55822,4,2,1,17,13,3,0,1,1,1,2,23,2,2,0.0,0.0,0.0,0.0,0.0,3.0,3,7,4
11168,4,10,3,7,10,3,4,1,1,1,2,36,2,2,0.0,0.0,0.0,0.0,0.0,1.0,16,5,1
82607,15,2,3,17,15,3,0,1,0,1,2,5,2,2,0.0,0.0,0.0,0.0,0.0,2.0,11,5,6
32187,16,2,3,0,8,3,0,1,0,1,2,36,2,2,0.0,0.0,0.0,0.0,0.0,5.0,16,3,3
94044,15,2,3,0,8,3,0,2,1,1,2,38,2,2,0.0,0.0,0.0,0.0,0.0,2.0,16,6,7
145127,15,2,3,17,6,3,0,1,1,1,2,18,2,2,0.0,0.0,0.0,0.0,0.0,2.0,14,1,10
7929,15,7,0,10,8,3,6,5,1,1,1,36,2,2,0.0,0.0,0.0,0.0,0.0,2.0,18,2,1
16333,16,2,3,17,15,3,0,1,0,1,2,6,2,3,1.0,0.0,0.0,1.0,0.0,2.0,11,6,2
48574,16,2,3,17,8,4,0,1,1,1,1,12,2,2,0.0,0.0,0.0,0.0,0.0,3.0,18,7,4
99316,16,2,3,0,8,3,0,1,0,1,2,18,2,1,2.0,0.0,1.0,1.0,0.0,1.0,11,2,7
59078,15,2,3,10,2,3,0,1,1,1,1,36,2,2,0.0,0.0,0.0,0.0,0.0,3.0,9,2,5
81801,16,7,3,17,2,3,6,5,1,1,2,36,2,2,0.0,0.0,0.0,0.0,0.0,2.0,18,7,6
148188,15,2,3,0,8,3,0,5,0,1,2,5,2,2,0.0,0.0,0.0,0.0,0.0,2.0,14,7,10
66418,15,2,3,0,2,3,0,1,1,1,2,18,2,2,0.0,0.0,0.0,0.0,0.0,7.0,14,1,5
113248,16,2,4,17,6,3,0,1,1,1,2,18,2,2,0.0,0.0,0.0,0.0,0.0,2.0,18,3,8
111623,16,2,3,9,5,3,0,1,0,1,0,18,2,3,1.0,0.0,0.0,1.0,0.0,1.0,13,7,8
109374,4,2,1,0,11,3,0,1,0,1,2,11,2,2,0.0,0.0,0.0,0.0,0.0,3.0,23,7,8
51736,4,2,3,17,2,3,0,1,0,1,2,18,2,3,2.0,0.0,0.0,2.0,0.0,2.0,15,2,4
102308,4,2,3,7,10,3,0,1,1,0,2,24,2,2,0.0,0.0,0.0,0.0,0.0,2.0,19,1,7
147960,16,11,5,0,8,3,5,5,1,1,1,36,2,2,0.0,0.0,0.0,0.0,0.0,3.0,7,6,10
47234,16,2,3,17,8,3,0,5,0,1,2,24,2,3,1.0,0.0,0.0,1.0,0.0,3.0,18,6,4
13611,16,2,1,17,8,3,6,1,1,1,2,3,2,2,0.0,0.0,0.0,0.0,0.0,2.0,19,6,1
79473,16,7,3,10,6,4,6,1,1,1,1,17,2,2,0.0,0.0,0.0,0.0,0.0,2.0,16,7,6
165034,16,7,3,10,2,3,6,1,1,1,2,19,2,2,0.0,0.0,0.0,0.0,0.0,2.0,14,4,11
81243,16,2,0,10,2,3,0,1,0,1,2,17,3,3,4.0,0.0,0.0,4.0,0.0,0.0,23,6,6
31171,17,2,3,0,8,3,0,1,0,1,2,36,3,2,0.0,0.0,0.0,0.0,0.0,8.0,17,7,3
36910,16,2,3,9,6,3,0,1,0,0,0,6,3,3,2.0,0.0,0.0,2.0,0.0,1.0,16,6,3
184088,15,2,1,0,6,3,0,5,0,1,2,5,2,4,1.0,0.0,0.0,0.0,1.0,1.0,4,7,12
151784,15,2,1,8,8,2,0,1,0,0,1,18,2,3,1.0,0.0,0.0,1.0,0.0,3.0,19,1,10
136126,16,7,1,2,2,3,6,1,0,0,2,17,1,2,0.0,0.0,0.0,0.0,0.0,1.0,0,7,9
168128,16,2,3,10,2,3,6,1,0,1,2,19,2,1,1.0,0.0,1.0,0.0,0.0,1.0,12,2,11
76998,16,2,1,15,8,3,0,1,0,1,2,6,2,2,0.0,0.0,0.0,0.0,0.0,2.0,20,7,6
102339,15,2,3,0,8,3,0,1,1,1,0,18,2,2,0.0,0.0,0.0,0.0,0.0,2.0,12,1,7
80528,15,2,3,0,6,3,0,1,0,1,2,5,2,2,0.0,0.0,0.0,0.0,0.0,3.0,14,2,6
24794,16,2,3,10,2,3,0,1,1,1,1,21,2,2,0.0,0.0,0.0,0.0,0.0,4.0,8,4,2
146752,16,2,3,9,6,3,0,1,0,1,0,18,2,3,1.0,0.0,0.0,1.0,0.0,1.0,14,2,10
50158,16,2,3,17,5,3,0,1,0,0,2,35,2,2,0.0,0.0,0.0,0.0,0.0,3.0,15,3,4
124273,16,2,3,17,6,3,6,1,1,1,2,36,3,2,0.0,0.0,0.0,0.0,0.0,7.0,9,5,9
50007,16,7,3,10,8,3,6,1,1,1,1,19,2,2,0.0,0.0,0.0,0.0,0.0,2.0,12,5,4
143413,4,7,1,10,8,3,6,1,1,1,1,19,2,2,0.0,0.0,0.0,0.0,0.0,2.0,7,4,10
164707,4,2,1,17,15,3,0,1,1,1,1,18,2,2,0.0,0.0,0.0,0.0,0.0,3.0,22,7,11
70834,4,2,0,15,8,3,0,1,1,0,2,36,2,2,0.0,0.0,0.0,0.0,0.0,2.0,23,5,5
176667,16,7,1,0,6,3,6,1,0,1,2,18,2,4,3.0,0.0,0.0,0.0,3.0,0.0,3,2,12
68358,15,2,3,0,8,3,0,1,1,1,2,18,4,2,0.0,0.0,0.0,0.0,0.0,4.0,16,3,5
68421,16,2,3,10,2,3,0,1,1,1,2,19,2,2,0.0,0.0,0.0,0.0,0.0,2.0,16,4,5
90540,4,2,4,0,2,3,0,1,1,1,2,18,2,2,0.0,0.0,0.0,0.0,0.0,4.0,19,7,7
18362,16,10,1,15,3,3,6,1,1,1,1,36,2,2,0.0,0.0,0.0,0.0,0.0,2.0,23,5,2
186073,16,2,3,0,2,3,4,1,0,1,2,18,2,2,0.0,0.0,0.0,0.0,0.0,2.0,14,3,12
113948,16,2,1,15,2,3,0,1,1,1,2,23,2,2,0.0,0.0,0.0,0.0,0.0,2.0,21,7,8
127921,16,2,1,17,5,3,0,1,1,1,2,22,2,2,0.0,0.0,0.0,0.0,0.0,2.0,2,7,9
47678,15,2,1,10,11,3,6,1,1,1,2,19,2,2,0.0,0.0,0.0,0.0,0.0,3.0,21,6,4
126523,16,2,3,17,2,3,0,1,1,1,1,24,2,2,0.0,0.0,0.0,0.0,0.0,2.0,13,4,9
38237,16,2,3,17,6,3,0,5,1,1,1,24,2,2,0.0,0.0,0.0,0.0,0.0,2.0,8,2,3
17632,8,2,3,0,6,3,0,1,0,1,2,5,2,2,0.0,0.0,0.0,0.0,0.0,4.0,16,1,2
185887,4,2,1,17,8,4,0,1,1,1,2,17,2,2,0.0,0.0,0.0,0.0,0.0,2.0,20,7,12
163861,16,2,3,17,11,3,0,1,1,1,1,12,2,2,0.0,0.0,0.0,0.0,0.0,2.0,6,1,11
58950,16,2,3,5,6,3,0,1,0,1,1,18,2,1,1.0,0.0,1.0,0.0,0.0,1.0,17,2,5
15266,15,2,1,17,8,3,0,1,0,1,2,18,2,2,0.0,0.0,0.0,0.0,0.0,3.0,18,7,2
105163,16,2,3,17,8,3,0,1,1,1,2,36,2,2,0.0,0.0,0.0,0.0,0.0,2.0,6,6,8
69824,16,2,3,10,2,3,0,3,1,1,1,19,2,2,0.0,0.0,0.0,0.0,0.0,2.0,13,5,5
53151,15,7,3,0,6,3,6,1,1,1,2,18,2,2,0.0,0.0,0.0,0.0,0.0,2.0,16,7,4
43914,16,2,3,15,15,3,5,5,1,1,0,36,2,2,0.0,0.0,0.0,0.0,0.0,2.0,16,2,4
18843,15,10,1,0,8,3,4,1,0,1,2,39,2,2,0.0,0.0,0.0,0.0,0.0,2.0,0,6,2
76707,4,2,3,17,8,3,0,1,1,1,1,12,2,2,0.0,0.0,0.0,0.0,0.0,2.0,17,2,6
168984,15,11,5,0,6,3,5,5,1,1,2,6,2,2,0.0,0.0,0.0,0.0,0.0,2.0,16,5,11
109186,15,2,3,17,2,3,0,1,1,1,2,36,2,2,0.0,0.0,0.0,0.0,0.0,2.0,17,7,8
152251,4,2,3,0,8,3,0,1,1,1,2,36,2,2,0.0,0.0,0.0,0.0,0.0,4.0,8,5,10
114695,15,2,3,0,8,3,0,1,0,1,2,5,2,4,1.0,0.0,0.0,0.0,1.0,1.0,13,4,8
158022,16,2,3,17,10,2,0,1,1,1,2,22,2,2,0.0,0.0,0.0,0.0,0.0,2.0,9,5,11
46196,15,2,3,14,8,3,5,5,0,1,1,36,3,4,1.0,0.0,0.0,0.0,1.0,1.0,10,1,4
103998,16,2,3,17,2,3,0,1,0,1,2,18,2,3,2.0,0.0,0.0,1.0,1.0,4.0,13,4,8
7110,16,10,3,0,2,3,4,1,0,1,2,6,2,2,0.0,0.0,0.0,0.0,0.0,4.0,12,2,1
144024,16,7,3,14,8,3,6,1,1,1,2,18,2,2,0.0,0.0,0.0,0.0,0.0,3.0,16,4,10
53317,16,2,3,15,6,3,0,1,1,1,0,36,2,2,0.0,0.0,0.0,0.0,0.0,2.0,17,3,4
170402,15,2,1,0,2,3,0,1,0,1,2,18,2,2,0.0,0.0,0.0,0.0,0.0,5.0,18,7,11
125591,4,2,1,17,2,3,0,1,0,1,2,18,2,3,1.0,0.0,0.0,1.0,0.0,2.0,20,2,9
97979,4,2,3,15,10,3,0,1,1,1,2,23,2,2,0.0,0.0,0.0,0.0,0.0,2.0,17,4,7
93546,16,2,1,10,2,3,0,5,0,1,2,17,2,3,1.0,0.0,0.0,1.0,0.0,1.0,22,5,7
56457,16,2,3,15,8,3,0,1,1,1,2,22,2,2,0.0,0.0,0.0,0.0,0.0,3.0,8,4,5
107672,16,2,3,11,8,3,0,1,1,1,2,21,2,2,0.0,0.0,0.0,0.0,0.0,2.0,18,4,8
33696,16,10,1,17,8,3,4,1,0,1,2,6,2,3,1.0,0.0,0.0,1.0,0.0,6.0,3,1,3
48199,16,10,4,0,8,3,4,5,0,1,2,6,2,2,0.0,0.0,0.0,0.0,0.0,5.0,18,1,4
165450,15,2,1,0,8,3,5,1,0,1,2,36,2,2,0.0,0.0,0.0,0.0,0.0,2.0,3,1,11
119937,15,2,1,0,6,3,0,1,0,1,2,37,2,4,3.0,0.0,0.0,0.0,3.0,1.0,23,6,8
151753,4,2,1,9,8,3,0,1,0,1,1,18,2,3,1.0,0.0,0.0,1.0,0.0,1.0,23,6,10
25550,16,2,1,17,1,3,0,1,0,1,2,18,2,2,0.0,0.0,0.0,0.0,0.0,2.0,20,4,2
110579,16,2,4,10,2,3,0,1,1,1,0,17,2,2,0.0,0.0,0.0,0.0,0.0,5.0,19,5,8
95780,16,2,3,9,8,3,0,1,0,1,2,36,2,3,1.0,0.0,0.0,1.0,0.0,1.0,15,6,7
49682,4,2,3,17,8,3,0,1,0,1,2,36,2,2,0.0,0.0,0.0,0.0,0.0,3.0,10,1,4
19477,16,2,3,0,2,3,0,1,0,1,1,17,2,2,0.0,0.0,0.0,0.0,0.0,2.0,14,5,2
56223,16,2,3,10,15,3,0,1,0,0,2,19,2,4,1.0,0.0,0.0,0.0,1.0,1.0,9,6,5
38199,4,2,3,2,8,3,0,1,1,1,1,17,1,2,0.0,0.0,0.0,0.0,0.0,1.0,11,1,3
121757,16,2,3,10,10,3,6,1,1,1,2,17,2,2,0.0,0.0,0.0,0.0,0.0,2.0,13,3,9
176445,15,2,1,15,8,3,0,5,1,1,2,23,2,2,0.0,0.0,0.0,0.0,0.0,5.0,18,1,12
155680,4,2,3,17,10,3,0,5,1,1,2,18,2,2,0.0,0.0,0.0,0.0,0.0,2.0,16,1,11
49729,17,2,3,17,6,3,0,1,1,1,2,24,2,2,0.0,0.0,0.0,0.0,0.0,2.0,7,2,4
103097,16,2,3,0,3,3,0,1,0,1,2,17,2,4,1.0,0.0,0.0,0.0,1.0,2.0,10,5,7
53332,16,2,3,17,2,3,5,5,0,1,2,17,2,2,0.0,0.0,0.0,0.0,0.0,2.0,18,3,4
71649,16,2,4,9,6,3,0,1,0,1,2,24,2,1,1.0,0.0,1.0,0.0,0.0,1.0,20,4,5
175401,4,2,1,2,11,3,0,1,1,0,2,36,1,2,0.0,0.0,0.0,0.0,0.0,1.0,21,6,12
51900,16,7,4,17,6,3,6,1,1,1,2,17,2,2,0.0,0.0,0.0,0.0,0.0,2.0,16,6,4
171347,4,2,3,17,2,3,0,1,0,1,2,24,3,4,1.0,0.0,0.0,0.0,1.0,2.0,9,1,11
17340,15,2,3,0,8,3,0,1,1,1,1,36,2,2,0.0,0.0,0.0,0.0,0.0,3.0,13,2,2
54401,16,2,3,9,2,3,0,1,0,1,1,36,2,1,1.0,0.0,1.0,0.0,0.0,1.0,17,5,4
76138,16,7,3,8,11,3,6,1,0,1,0,18,2,3,1.0,0.0,0.0,1.0,0.0,1.0,10,7,6
179176,16,2,1,15,8,3,0,1,0,1,2,22,2,2,0.0,0.0,0.0,0.0,0.0,2.0,0,1,12
66163,16,2,1,0,8,3,5,5,0,1,2,36,2,3,4.0,0.0,0.0,2.0,2.0,3.0,0,2,5
109201,16,2,2,0,6,3,0,1,0,1,2,6,2,2,0.0,0.0,0.0,0.0,0.0,2.0,18,7,8
11944,16,3,3,17,10,3,5,5,1,1,2,36,2,2,0.0,0.0,0.0,0.0,0.0,2.0,11,4,1
58477,15,11,5,0,8,3,5,5,1,1,1,36,2,2,0.0,0.0,0.0,0.0,0.0,2.0,2,7,5
160398,4,11,5,10,17,3,5,5,1,0,2,36,2,2,0.0,0.0,0.0,0.0,0.0,2.0,8,6,11
8138,16,10,3,17,2,3,4,1,1,1,2,23,2,2,0.0,0.0,0.0,0.0,0.0,2.0,7,4,1
115049,16,11,5,10,6,3,5,5,1,1,2,36,2,2,0.0,0.0,0.0,0.0,0.0,2.0,18,4,8
98859,16,2,3,9,10,3,0,1,1,1,0,18,2,2,0.0,0.0,0.0,0.0,0.0,2.0,17,2,7
106316,15,2,3,0,6,3,5,5,1,1,2,18,2,2,0.0,0.0,0.0,0.0,0.0,2.0,8,2,8
102295,15,2,1,17,6,3,0,1,1,1,2,5,2,2,0.0,0.0,0.0,0.0,0.0,2.0,4,1,7
42894,16,2,1,17,8,2,0,5,0,1,2,6,2,2,0.0,0.0,0.0,0.0,0.0,2.0,22,5,4
175365,16,2,3,0,6,3,0,1,1,1,2,36,2,2,0.0,0.0,0.0,0.0,0.0,2.0,16,6,12
46930,4,2,1,17,8,3,0,1,0,1,2,12,2,4,1.0,0.0,0.0,0.0,1.0,6.0,1,2,4
90576,15,2,3,17,10,3,0,1,0,1,1,18,2,4,1.0,0.0,0.0,0.0,1.0,1.0,13,2,7
161158,4,11,3,10,8,4,5,1,1,1,1,17,2,2,0.0,0.0,0.0,0.0,0.0,2.0,15,5,11
171667,16,2,3,17,11,3,0,1,1,1,2,24,2,2,0.0,0.0,0.0,0.0,0.0,2.0,12,5,11
151356,16,2,3,0,5,3,0,1,0,1,2,36,2,2,0.0,0.0,0.0,0.0,0.0,3.0,8,2,10
146790,15,2,0,0,6,3,0,1,1,1,2,18,2,2,0.0,0.0,0.0,0.0,0.0,2.0,21,2,10
106263,16,2,1,0,3,3,0,1,0,1,2,6,2,3,1.0,0.0,0.0,1.0,0.0,3.0,22,1,8
20890,16,10,3,10,10,3,4,1,1,1,2,36,2,2,0.0,0.0,0.0,0.0,0.0,2.0,10,7,2
159360,16,2,3,15,2,3,0,1,1,0,1,22,2,2,0.0,0.0,0.0,0.0,0.0,2.0,8,5,11
121638,4,2,3,0,8,3,0,1,0,1,2,11,2,4,1.0,0.0,0.0,0.0,1.0,2.0,16,7,9
139193,16,2,3,15,8,3,0,1,1,1,2,23,2,2,0.0,0.0,0.0,0.0,0.0,2.0,10,2,10
50415,16,2,3,10,8,3,0,1,0,1,2,37,4,3,2.0,0.0,0.0,1.0,1.0,3.0,19,6,4
107026,16,2,1,10,6,3,5,5,1,1,2,19,2,2,0.0,0.0,0.0,0.0,0.0,2.0,20,7,8
146709,16,2,1,0,8,3,0,1,0,1,2,6,2,2,0.0,0.0,0.0,0.0,0.0,3.0,3,1,10
10126,16,2,3,0,8,3,4,1,0,1,2,18,6,3,1.0,0.0,0.0,1.0,0.0,4.0,14,2,1
117651,17,2,3,0,10,3,5,5,1,1,1,36,2,2,0.0,0.0,0.0,0.0,0.0,2.0,14,2,8
19800,16,2,3,0,8,3,0,1,0,1,2,15,7,3,1.0,0.0,0.0,1.0,0.0,5.0,11,2,2
159681,16,2,3,17,6,3,0,1,0,1,2,6,2,3,2.0,0.0,0.0,2.0,0.0,0.0,9,5,11
157061,15,2,1,0,6,3,0,1,0,1,2,5,3,2,0.0,0.0,0.0,0.0,0.0,2.0,17,1,11
5801,16,2,0,17,6,3,0,1,0,1,2,24,2,1,1.0,0.0,1.0,0.0,0.0,1.0,23,4,1
80454,16,2,3,17,2,3,0,1,0,1,2,36,2,4,1.0,0.0,0.0,0.0,1.0,1.0,11,7,6
136149,16,2,3,0,18,3,0,1,0,1,2,6,2,1,2.0,0.0,1.0,1.0,0.0,1.0,14,2,9
22831,16,1,0,3,6,3,4,1,0,1,2,36,2,3,1.0,0.0,0.0,1.0,0.0,1.0,17,5,2
134664,15,7,3,17,6,3,6,1,1,1,2,24,2,2,0.0,0.0,0.0,0.0,0.0,2.0,7,2,9
35227,15,2,3,0,11,3,0,5,0,1,2,5,2,3,1.0,0.0,0.0,1.0,0.0,3.0,11,4,3
77822,15,2,4,0,6,3,0,1,0,1,2,26,2,2,0.0,0.0,0.0,0.0,0.0,3.0,15,6,6
85664,16,2,3,17,8,3,0,5,1,1,2,26,2,2,0.0,0.0,0.0,0.0,0.0,2.0,10,2,6
13341,4,2,3,10,3,3,0,1,1,0,1,18,2,2,0.0,0.0,0.0,0.0,0.0,2.0,17,5,1
84400,16,2,3,17,6,3,0,5,0,1,2,26,2,3,2.0,0.0,0.0,2.0,0.0,1.0,18,4,6
36107,16,2,3,17,8,4,0,1,0,1,2,6,2,1,3.0,0.0,3.0,0.0,0.0,1.0,9,5,3
79234,15,2,3,0,2,3,0,1,0,1,2,13,3,4,4.0,0.0,0.0,0.0,4.0,4.0,14,6,6
97597,4,2,3,15,2,3,0,1,0,1,2,19,2,2,0.0,0.0,0.0,0.0,0.0,3.0,18,6,7
59801,16,2,3,2,3,3,0,1,0,0,1,14,1,2,0.0,0.0,0.0,0.0,0.0,1.0,14,1,5
103027,16,2,3,17,8,3,0,1,1,1,1,24,2,2,0.0,0.0,0.0,0.0,0.0,2.0,22,3,7
152453,4,7,3,17,8,3,6,1,0,1,2,18,2,2,0.0,0.0,0.0,0.0,0.0,2.0,13,2,10
125589,16,2,3,9,8,3,0,1,0,1,0,6,2,3,1.0,0.0,0.0,1.0,0.0,2.0,8,2,9
70956,16,2,3,17,6,3,0,1,0,1,2,6,2,2,0.0,0.0,0.0,0.0,0.0,2.0,11,1,5
124832,4,2,3,1,2,3,0,1,1,1,2,0,2,2,0.0,0.0,0.0,0.0,0.0,2.0,21,6,9
47782,16,2,3,17,3,3,0,1,0,1,2,36,2,2,0.0,0.0,0.0,0.0,0.0,2.0,12,2,4
132588,16,2,3,17,2,3,0,1,1,1,2,35,2,2,0.0,0.0,0.0,0.0,0.0,2.0,11,7,9
154869,16,2,3,0,6,3,0,1,0,1,1,18,2,2,0.0,0.0,0.0,0.0,0.0,3.0,16,1,10
32607,16,2,3,15,6,3,0,5,1,1,2,22,2,2,0.0,0.0,0.0,0.0,0.0,3.0,13,3,3
78633,16,7,3,10,2,3,6,1,1,1,2,19,2,2,0.0,0.0,0.0,0.0,0.0,3.0,7,3,6
156349,4,7,1,17,2,3,6,1,1,1,1,18,2,2,0.0,0.0,0.0,0.0,0.0,2.0,17,5,11
186868,4,10,3,17,15,3,6,5,1,1,2,36,2,2,0.0,0.0,0.0,0.0,0.0,2.0,11,3,12
76947,8,2,3,17,2,5,0,1,1,1,2,18,2,2,0.0,0.0,0.0,0.0,0.0,2.0,11,6,6
94439,15,2,3,0,2,3,0,1,0,0,2,36,2,4,1.0,0.0,0.0,0.0,1.0,1.0,12,5,7
153806,16,2,1,17,6,3,0,5,1,1,2,24,2,2,0.0,0.0,0.0,0.0,0.0,3.0,22,7,10
155189,4,2,3,17,11,4,0,1,1,1,1,18,2,2,0.0,0.0,0.0,0.0,0.0,2.0,15,4,10
138213,16,2,0,17,1,3,0,1,1,1,2,18,2,2,0.0,0.0,0.0,0.0,0.0,2.0,19,2,10
122192,16,2,3,10,2,3,0,1,1,1,1,19,2,2,0.0,0.0,0.0,0.0,0.0,2.0,11,3,9
137130,16,2,1,17,3,3,0,1,0,1,2,6,2,3,1.0,0.0,0.0,1.0,0.0,2.0,1,1,9
48778,10,2,3,10,6,3,0,1,1,1,2,19,2,2,0.0,0.0,0.0,0.0,0.0,2.0,8,5,4
43077,15,2,1,0,6,3,6,1,1,1,2,36,2,2,0.0,0.0,0.0,0.0,0.0,2.0,1,3,4
174776,18,7,1,0,15,3,6,5,1,1,2,39,2,2,0.0,0.0,0.0,0.0,0.0,2.0,18,3,12
116803,17,2,1,17,8,3,0,1,1,1,2,36,2,2,0.0,0.0,0.0,0.0,0.0,5.0,23,7,8
66333,16,2,3,17,2,3,0,1,0,1,2,18,2,2,0.0,0.0,0.0,0.0,0.0,2.0,9,6,5
111018,16,2,3,15,8,3,0,1,1,1,1,23,2,2,0.0,0.0,0.0,0.0,0.0,3.0,17,4,8
143167,15,2,3,0,6,3,0,1,0,1,2,18,2,3,1.0,0.0,0.0,1.0,0.0,1.0,7,2,10
145051,4,7,3,0,6,3,6,1,0,1,2,18,2,2,0.0,0.0,0.0,0.0,0.0,5.0,13,6,10
177620,16,2,3,11,8,3,0,1,1,1,2,21,2,2,0.0,0.0,0.0,0.0,0.0,2.0,16,3,12
90632,4,2,3,17,8,3,0,1,0,1,2,24,2,3,1.0,0.0,0.0,1.0,0.0,1.0,13,3,7
15445,15,2,1,0,8,3,2,1,0,1,2,18,2,4,1.0,0.0,0.0,0.0,1.0,1.0,5,4,2
57883,15,2,5,17,6,3,5,5,1,1,2,36,2,2,0.0,0.0,0.0,0.0,0.0,4.0,19,7,5
177591,16,2,1,17,2,3,0,1,1,1,2,36,2,2,0.0,0.0,0.0,0.0,0.0,2.0,21,1,12
148694,16,2,3,9,3,3,0,1,0,1,0,18,2,3,1.0,0.0,0.0,1.0,0.0,1.0,7,6,10
69631,15,2,3,17,2,3,0,1,1,1,2,36,2,2,0.0,0.0,0.0,0.0,0.0,3.0,18,2,5
10755,16,2,3,10,6,3,0,1,1,1,2,17,2,2,0.0,0.0,0.0,0.0,0.0,3.0,15,6,1
134260,16,7,1,10,8,3,6,5,1,1,1,19,3,2,0.0,0.0,0.0,0.0,0.0,3.0,18,3,9
23671,16,2,3,17,3,3,0,1,0,1,2,26,2,2,0.0,0.0,0.0,0.0,0.0,2.0,16,4,2
13881,16,2,3,0,8,3,0,1,0,1,2,36,2,4,1.0,0.0,0.0,0.0,1.0,1.0,8,3,1
187049,16,10,3,10,8,3,4,1,0,1,2,3,2,4,1.0,0.0,0.0,0.0,1.0,1.0,16,5,12
91826,16,2,3,10,6,3,0,1,1,1,2,19,2,2,0.0,0.0,0.0,0.0,0.0,2.0,10,7,7
2851,15,10,1,0,6,3,6,1,0,1,2,18,2,2,0.0,0.0,0.0,0.0,0.0,2.0,23,7,1
159356,16,2,3,8,2,3,0,1,0,1,0,22,2,4,1.0,0.0,0.0,0.0,1.0,3.0,7,5,11
95908,16,11,3,15,6,3,5,5,1,1,2,36,2,2,0.0,0.0,0.0,0.0,0.0,2.0,16,1,7
112775,16,2,3,17,2,3,0,5,0,1,2,6,3,2,0.0,0.0,0.0,0.0,0.0,4.0,8,3,8
126561,16,2,4,13,8,3,0,1,1,0,1,22,2,2,0.0,0.0,0.0,0.0,0.0,2.0,20,4,9
137979,16,2,3,0,6,3,0,1,0,1,2,6,2,3,1.0,0.0,0.0,1.0,0.0,1.0,6,7,10
151996,16,7,5,15,6,3,5,5,1,1,0,23,2,2,0.0,0.0,0.0,0.0,0.0,3.0,17,4,10
42162,4,7,1,0,2,3,6,1,1,1,2,38,2,2,0.0,0.0,0.0,0.0,0.0,3.0,19,6,3
180511,16,2,3,0,6,3,6,6,0,1,2,12,2,2,0.0,0.0,0.0,0.0,0.0,4.0,7,5,12
94133,16,2,3,8,6,3,0,1,1,1,0,36,2,2,0.0,0.0,0.0,0.0,0.0,2.0,16,7,7
90826,16,2,3,17,6,3,0,1,0,1,2,18,2,2,0.0,0.0,0.0,0.0,0.0,2.0,14,7,7
185280,17,10,1,15,8,3,4,5,1,1,2,36,2,2,0.0,0.0,0.0,0.0,0.0,6.0,21,1,12
153318,15,2,3,7,8,3,0,1,1,1,2,17,4,2,0.0,0.0,0.0,0.0,0.0,1.0,6,1,10
4372,16,2,1,10,8,3,0,1,1,1,1,19,2,2,0.0,0.0,0.0,0.0,0.0,2.0,1,1,1
102597,16,2,1,8,5,3,0,1,0,1,0,24,2,3,1.0,0.0,0.0,1.0,0.0,1.0,2,5,7
67640,16,2,3,17,10,3,6,1,1,1,2,36,2,2,0.0,0.0,0.0,0.0,0.0,3.0,8,4,5
179916,4,7,1,15,8,3,6,1,1,0,1,18,2,2,0.0,0.0,0.0,0.0,0.0,2.0,21,4,12
114214,16,2,3,17,6,3,0,1,1,1,2,36,2,2,0.0,0.0,0.0,0.0,0.0,2.0,13,5,8
64777,15,2,3,7,6,3,0,5,1,1,2,36,2,2,0.0,0.0,0.0,0.0,0.0,1.0,15,2,5
175872,16,7,1,15,2,3,0,1,1,0,2,23,2,2,0.0,0.0,0.0,0.0,0.0,2.0,22,5,12
3556,4,2,4,17,6,3,0,5,1,1,2,36,2,2,0.0,0.0,0.0,0.0,0.0,2.0,16,4,1
128261,15,2,3,0,15,3,0,1,0,1,2,18,2,2,0.0,0.0,0.0,0.0,0.0,2.0,16,7,9
26683,16,2,3,9,2,3,0,1,0,1,0,18,2,4,1.0,0.0,0.0,0.0,1.0,1.0,8,6,2
165504,16,2,3,9,6,3,0,1,0,1,0,18,2,4,1.0,0.0,0.0,0.0,1.0,3.0,15,2,11
122019,18,2,3,17,6,3,0,1,1,1,1,24,2,2,0.0,0.0,0.0,0.0,0.0,5.0,9,7,9
95556,16,2,3,15,2,3,0,1,1,1,2,24,2,2,0.0,0.0,0.0,0.0,0.0,2.0,17,1,7
154240,17,11,5,0,8,3,5,5,1,1,2,36,2,2,0.0,0.0,0.0,0.0,0.0,2.0,13,7,10
89989,15,2,3,8,8,3,0,1,0,1,0,18,2,3,1.0,0.0,0.0,1.0,0.0,1.0,7,6,7
75450,15,2,2,8,6,3,0,1,0,1,0,36,2,3,1.0,0.0,0.0,1.0,0.0,1.0,5,6,6