crash_date,               traffic_control_device,weather_condition,lighting_condition,first_crash_type,trafficway_type,alignment,roadway_surface_cond,road_defect,crash_type,intersection_related_i,damage,prim_contributory_cause,num_units,most_severe_injury,injuries_total,injuries_fatal,injuries_incapacitating,injuries_non_incapacitating,injuries_reported_not_evident,injuries_no_indication,crash_hour,crash_day_of_week,crash_month
1064,15,2,1,0,8,3,0,1,1,1,2,5,2,2,0.0,0.0,0.0,0.0,0.0,4.0,22,4,1
79973,15,2,3,8,10,3,0,1,0,1,0,36,2,3,1.0,0.0,0.0,1.0,0.0,2.0,18,7,6
14068,16,2,3,10,8,3,0,1,1,1,2,36,2,2,0.0,0.0,0.0,0.0,0.0,2.0,12,7,1
46447,15,2,1,0,10,3,0,5,1,1,2,36,2,2,0.0,0.0,0.0,0.0,0.0,2.0,19,6,4
156738,15,2,3,0,8,3,0,1,0,1,1,36,2,1,2.0,0.0,2.0,0.0,0.0,1.0,9,4,11
108063,15,2,3,0,6,3,0,1,1,1,2,36,2,2,0.0,0.0,0.0,0.0,0.0,2.0,18,2,8
176134,16,3,3,0,6,3,0,1,0,1,2,6,2,2,0.0,0.0,0.0,0.0,0.0,4.0,13,1,12
24145,16,2,2,10,15,3,0,1,1,1,1,26,2,2,0.0,0.0,0.0,0.0,0.0,2.0,16,5,2
181852,16,2,3,10,8,3,0,1,1,1,2,22,2,2,0.0,0.0,0.0,0.0,0.0,3.0,16,6,12
42775,16,2,4,17,1,3,0,1,1,1,2,17,2,2,0.0,0.0,0.0,0.0,0.0,5.0,18,2,4
94681,15,2,1,17,15,3,0,5,0,1,2,18,2,3,3.0,0.0,0.0,3.0,0.0,0.0,21,1,7
153451,4,2,1,17,2,3,0,1,0,1,2,12,2,1,5.0,0.0,1.0,4.0,0.0,1.0,23,7,10
37959,16,2,3,10,6,3,0,1,1,1,1,19,2,2,0.0,0.0,0.0,0.0,0.0,2.0,7,5,3
23288,16,10,3,0,6,3,4,1,0,1,2,36,2,2,0.0,0.0,0.0,0.0,0.0,2.0,14,6,2
155544,16,2,1,5,1,0,0,1,0,1,2,36,1,1,2.0,0.0,2.0,0.0,0.0,1.0,3,3,10
38556,4,2,3,10,8,3,0,1,0,1,2,17,3,2,0.0,0.0,0.0,0.0,0.0,13.0,14,7,3
76042,16,2,3,8,2,3,0,1,0,1,0,36,2,1,1.0,0.0,1.0,0.0,0.0,1.0,15,6,6
153792,16,2,1,17,15,3,0,1,1,1,2,24,2,2,0.0,0.0,0.0,0.0,0.0,4.0,19,7,10
101553,16,2,3,10,8,3,5,5,1,1,2,36,2,2,0.0,0.0,0.0,0.0,0.0,2.0,15,3,7
134990,16,2,3,15,8,3,0,1,1,1,2,22,2,2,0.0,0.0,0.0,0.0,0.0,2.0,10,5,9
142153,15,2,1,0,6,3,0,5,0,1,2,17,2,4,1.0,0.0,0.0,0.0,1.0,1.0,20,3,10
185073,15,2,3,10,6,3,6,1,0,1,2,19,2,4,1.0,0.0,0.0,0.0,1.0,1.0,14,7,12
67633,15,7,3,0,10,3,6,1,1,1,2,18,2,2,0.0,0.0,0.0,0.0,0.0,2.0,6,4,5
128558,16,2,3,17,8,3,0,1,1,1,2,18,2,2,0.0,0.0,0.0,0.0,0.0,5.0,13,3,9
183498,16,10,3,0,8,3,6,1,0,1,2,39,2,3,1.0,0.0,0.0,1.0,0.0,1.0,13,6,12
32664,16,7,1,0,8,3,6,1,0,1,2,6,2,2,0.0,0.0,0.0,0.0,0.0,4.0,0,3,3
9884,4,2,1,7,8,3,0,1,1,1,2,28,3,2,0.0,0.0,0.0,0.0,0.0,1.0,21,5,1
88563,16,2,3,17,6,3,0,1,1,1,1,24,2,2,0.0,0.0,0.0,0.0,0.0,2.0,9,6,7
111636,4,2,3,0,10,3,0,1,1,1,1,18,2,2,0.0,0.0,0.0,0.0,0.0,2.0,17,7,8
59168,4,2,3,10,8,3,0,1,0,1,2,17,3,2,0.0,0.0,0.0,0.0,0.0,3.0,17,5,5
95251,4,7,1,5,6,3,6,5,1,1,2,36,1,2,0.0,0.0,0.0,0.0,0.0,1.0,3,5,7
35913,16,2,3,0,2,3,0,1,0,1,2,18,2,2,0.0,0.0,0.0,0.0,0.0,2.0,12,7,3
141089,15,2,1,9,8,3,6,1,0,1,0,18,2,3,1.0,0.0,0.0,1.0,0.0,1.0,18,7,10
101938,15,2,3,17,6,3,0,1,1,1,1,18,2,2,0.0,0.0,0.0,0.0,0.0,2.0,13,1,7
144738,16,2,1,17,11,4,0,1,1,1,2,22,2,2,0.0,0.0,0.0,0.0,0.0,2.0,18,7,10
104110,17,11,5,10,17,5,5,5,0,1,2,36,2,4,1.0,0.0,0.0,0.0,1.0,2.0,17,5,8
116922,6,2,3,0,6,3,0,1,0,1,2,18,2,4,3.0,0.0,0.0,0.0,3.0,0.0,13,4,8
180578,15,2,1,0,6,3,0,1,0,1,2,6,2,1,3.0,0.0,1.0,2.0,0.0,1.0,5,6,12
130733,15,2,3,0,8,3,0,1,1,1,1,36,2,2,0.0,0.0,0.0,0.0,0.0,2.0,12,3,9
135436,16,2,1,10,8,3,0,1,0,1,2,19,3,2,0.0,0.0,0.0,0.0,0.0,6.0,5,5,9
116886,15,2,3,10,8,3,0,1,1,1,1,19,2,2,0.0,0.0,0.0,0.0,0.0,2.0,17,3,8
172412,15,2,1,10,6,3,0,1,0,1,1,19,2,3,1.0,0.0,0.0,1.0,0.0,1.0,18,3,12
145912,15,2,3,0,8,2,0,1,0,1,2,18,2,3,1.0,0.0,0.0,1.0,0.0,1.0,12,2,10
141971,4,2,3,7,6,3,0,1,0,0,2,9,2,4,1.0,0.0,0.0,0.0,1.0,0.0,8,6,10
110202,16,2,3,9,15,3,0,1,0,1,0,8,2,4,1.0,0.0,0.0,0.0,1.0,2.0,9,6,8
44633,16,2,3,10,8,3,0,1,0,1,2,19,2,3,2.0,0.0,0.0,1.0,1.0,1.0,8,7,4
140326,15,2,3,17,15,3,6,1,0,1,2,36,2,2,0.0,0.0,0.0,0.0,0.0,2.0,7,5,10
131332,4,2,3,17,8,3,0,1,0,1,1,23,3,3,1.0,0.0,0.0,1.0,0.0,2.0,12,4,9
91446,16,11,5,10,8,3,0,1,1,1,2,36,3,2,0.0,0.0,0.0,0.0,0.0,3.0,18,7,7
183635,16,2,3,10,2,3,0,1,1,1,2,19,2,2,0.0,0.0,0.0,0.0,0.0,2.0,16,5,12
62265,16,2,3,17,8,3,0,5,0,1,0,18,2,1,1.0,0.0,1.0,0.0,0.0,1.0,17,4,5
104974,16,2,3,10,6,3,0,2,0,1,2,32,2,3,2.0,0.0,0.0,2.0,0.0,0.0,13,6,8
173343,16,2,1,17,8,3,0,1,1,1,0,19,2,2,0.0,0.0,0.0,0.0,0.0,2.0,17,2,12
104312,16,2,3,17,6,3,0,1,1,1,2,18,2,2,0.0,0.0,0.0,0.0,0.0,2.0,12,1,8
165516,16,2,1,17,6,3,0,1,0,1,2,24,2,2,0.0,0.0,0.0,0.0,0.0,2.0,17,2,11
99984,15,2,3,10,6,3,0,1,1,1,1,19,2,2,0.0,0.0,0.0,0.0,0.0,3.0,16,7,7
177081,15,2,1,0,6,3,0,1,0,1,2,18,2,2,0.0,0.0,0.0,0.0,0.0,3.0,20,2,12
63076,4,7,3,17,6,3,6,1,1,1,2,18,2,2,0.0,0.0,0.0,0.0,0.0,2.0,8,3,5
122606,16,2,3,2,9,3,0,1,0,1,2,36,1,2,0.0,0.0,0.0,0.0,0.0,1.0,13,2,9
53895,16,7,3,10,6,3,6,1,0,1,2,28,2,3,1.0,0.0,0.0,1.0,0.0,2.0,14,6,4
54703,16,2,3,17,6,3,0,1,1,1,2,36,2,2,0.0,0.0,0.0,0.0,0.0,2.0,10,1,4
30215,16,2,3,0,15,3,0,1,1,1,1,36,2,2,0.0,0.0,0.0,0.0,0.0,2.0,15,5,3
93840,2,7,3,17,6,3,6,5,0,1,2,39,2,4,1.0,0.0,0.0,0.0,1.0,4.0,15,4,7
26449,4,2,3,17,2,3,0,1,1,0,2,24,2,2,0.0,0.0,0.0,0.0,0.0,2.0,14,6,2
123102,15,2,3,0,6,4,0,1,0,1,2,17,3,3,1.0,0.0,0.0,1.0,0.0,2.0,10,1,9
92248,16,2,3,17,3,2,0,1,0,1,1,24,2,2,0.0,0.0,0.0,0.0,0.0,2.0,6,7,7
26528,16,10,1,17,2,3,4,1,0,1,2,36,2,2,0.0,0.0,0.0,0.0,0.0,3.0,0,6,2
147998,16,2,3,0,2,3,0,5,1,1,1,17,2,2,0.0,0.0,0.0,0.0,0.0,2.0,7,2,10
170475,16,11,3,17,6,3,5,5,1,1,2,18,2,2,0.0,0.0,0.0,0.0,0.0,2.0,10,1,11
115262,16,2,3,0,6,3,0,1,0,1,2,6,2,1,1.0,0.0,1.0,0.0,0.0,1.0,10,5,8
18908,16,2,1,17,2,3,0,1,1,0,2,36,2,2,0.0,0.0,0.0,0.0,0.0,2.0,3,1,2
137174,16,2,3,10,10,3,0,1,1,0,2,36,2,2,0.0,0.0,0.0,0.0,0.0,2.0,13,2,9
79256,15,2,3,10,2,3,0,1,1,1,2,19,2,2,0.0,0.0,0.0,0.0,0.0,2.0,17,6,6
90757,4,2,3,17,2,3,0,1,0,0,2,24,2,2,0.0,0.0,0.0,0.0,0.0,2.0,12,4,7
140461,15,7,3,0,2,3,6,1,0,1,2,5,2,3,3.0,0.0,0.0,3.0,0.0,1.0,12,5,10
53813,16,3,3,17,8,3,0,1,1,1,2,18,2,2,0.0,0.0,0.0,0.0,0.0,6.0,8,3,4
13280,15,10,3,10,8,3,6,1,0,1,2,36,2,2,0.0,0.0,0.0,0.0,0.0,2.0,12,6,1
119983,15,2,3,0,10,3,0,1,0,1,2,36,2,1,2.0,0.0,1.0,0.0,1.0,1.0,16,5,8
98676,15,2,3,10,8,3,0,1,1,1,2,19,2,2,0.0,0.0,0.0,0.0,0.0,2.0,18,1,7
93584,16,2,3,17,2,3,0,1,0,1,2,17,2,2,0.0,0.0,0.0,0.0,0.0,2.0,16,6,7
167943,4,2,3,15,10,3,0,1,1,0,2,24,2,2,0.0,0.0,0.0,0.0,0.0,2.0,13,3,11
174752,16,7,4,7,2,3,6,1,1,1,2,17,2,2,0.0,0.0,0.0,0.0,0.0,4.0,16,3,12
108192,15,2,3,0,6,3,0,1,1,1,2,18,2,2,0.0,0.0,0.0,0.0,0.0,3.0,10,5,8
1850,16,2,1,15,6,3,0,1,1,1,0,36,2,2,0.0,0.0,0.0,0.0,0.0,3.0,17,5,1
149411,4,7,1,0,8,3,6,1,0,1,2,39,2,2,0.0,0.0,0.0,0.0,0.0,3.0,20,4,10
75020,15,2,3,17,8,3,0,1,1,1,1,18,2,2,0.0,0.0,0.0,0.0,0.0,3.0,13,5,6
21125,15,2,1,8,8,3,6,1,0,1,2,38,2,3,1.0,0.0,0.0,1.0,0.0,1.0,17,4,2
143120,15,11,1,0,6,3,5,5,1,1,2,5,2,2,0.0,0.0,0.0,0.0,0.0,3.0,21,1,10
186252,16,2,0,17,8,3,0,1,1,1,2,18,2,2,0.0,0.0,0.0,0.0,0.0,3.0,18,7,12
146000,16,2,4,17,6,3,0,1,0,1,0,18,2,2,0.0,0.0,0.0,0.0,0.0,2.0,18,5,10
139700,16,2,3,17,6,3,0,1,1,1,2,36,2,2,0.0,0.0,0.0,0.0,0.0,3.0,11,3,10
47762,15,2,3,0,2,3,0,1,1,1,2,18,2,2,0.0,0.0,0.0,0.0,0.0,2.0,16,2,4
168701,16,2,3,15,2,3,0,1,1,1,1,36,2,2,0.0,0.0,0.0,0.0,0.0,4.0,13,7,11
92985,16,2,3,10,3,3,0,5,1,1,2,36,2,2,0.0,0.0,0.0,0.0,0.0,5.0,17,3,7
158965,16,2,1,17,6,3,0,1,0,1,2,24,2,3,1.0,0.0,0.0,1.0,0.0,1.0,22,7,11
46320,15,2,3,10,8,3,5,5,1,1,2,19,2,2,0.0,0.0,0.0,0.0,0.0,4.0,15,3,4
27942,15,2,3,0,8,3,0,1,0,1,1,36,2,2,0.0,0.0,0.0,0.0,0.0,5.0,8,2,2
58773,16,7,3,17,8,3,6,5,1,1,2,36,2,2,0.0,0.0,0.0,0.0,0.0,2.0,16,6,5
163082,16,2,3,17,11,3,0,1,0,1,1,26,2,2,0.0,0.0,0.0,0.0,0.0,2.0,8,3,11
183308,4,2,1,13,6,3,0,1,0,1,1,36,2,2,0.0,0.0,0.0,0.0,0.0,2.0,18,1,12
109629,16,2,3,17,6,3,0,1,0,1,2,6,2,4,1.0,0.0,0.0,0.0,1.0,1.0,7,5,8
109050,16,7,1,10,8,3,6,5,1,1,1,17,2,2,0.0,0.0,0.0,0.0,0.0,3.0,21,3,8
187502,4,2,3,0,6,3,0,1,0,1,2,18,2,2,0.0,0.0,0.0,0.0,0.0,3.0,10,7,12
43884,4,2,3,17,11,3,0,1,1,0,2,18,2,2,0.0,0.0,0.0,0.0,0.0,2.0,9,1,4
177182,16,2,1,17,8,3,0,1,0,1,2,18,2,3,2.0,0.0,0.0,2.0,0.0,0.0,19,1,12
72479,16,2,3,17,6,3,0,1,1,1,1,36,2,2,0.0,0.0,0.0,0.0,0.0,2.0,12,1,6
64259,16,2,3,9,2,3,6,1,0,1,0,18,2,4,1.0,0.0,0.0,0.0,1.0,1.0,12,6,5
120943,16,2,3,0,15,3,0,1,0,1,2,6,2,2,0.0,0.0,0.0,0.0,0.0,3.0,14,6,9
39558,15,2,3,0,6,3,0,1,1,1,2,6,3,2,0.0,0.0,0.0,0.0,0.0,3.0,17,6,3
8012,15,2,3,0,6,3,0,1,1,1,2,18,2,2,0.0,0.0,0.0,0.0,0.0,6.0,13,5,1
25617,17,2,4,17,8,3,0,5,1,1,1,19,2,2,0.0,0.0,0.0,0.0,0.0,2.0,21,5,2
172555,15,2,3,17,2,3,0,1,0,1,2,24,2,3,2.0,0.0,0.0,2.0,0.0,0.0,10,5,12
94193,17,2,3,0,6,3,0,5,0,1,2,6,2,3,2.0,0.0,0.0,2.0,0.0,1.0,13,2,7
36912,16,2,3,10,19,3,5,5,1,1,2,19,2,2,0.0,0.0,0.0,0.0,0.0,2.0,16,6,3
52907,15,2,3,9,8,3,0,1,0,1,1,18,2,4,1.0,0.0,0.0,0.0,1.0,1.0,14,4,4
114226,16,2,3,17,6,3,0,1,0,1,2,18,2,2,0.0,0.0,0.0,0.0,0.0,4.0,15,5,8
42461,15,2,3,15,8,3,0,1,1,1,2,18,2,2,0.0,0.0,0.0,0.0,0.0,2.0,13,5,4
45275,4,2,1,17,18,3,0,5,0,1,2,37,2,2,0.0,0.0,0.0,0.0,0.0,4.0,21,6,4
23553,16,7,0,17,10,3,6,1,0,1,2,24,2,3,1.0,0.0,0.0,1.0,0.0,1.0,19,2,2
63275,16,2,3,17,8,3,0,5,1,1,2,24,2,2,0.0,0.0,0.0,0.0,0.0,2.0,11,4,5
179270,15,2,1,17,6,3,0,1,0,1,2,18,2,2,0.0,0.0,0.0,0.0,0.0,3.0,20,3,12
177728,4,10,1,9,2,3,4,1,0,1,0,36,2,3,1.0,0.0,0.0,1.0,0.0,1.0,17,2,12
143672,15,2,3,0,2,3,0,1,0,1,2,18,2,4,2.0,0.0,0.0,0.0,2.0,1.0,10,1,10
151234,16,2,1,17,1,3,0,1,1,1,2,23,2,2,0.0,0.0,0.0,0.0,0.0,2.0,3,1,10
156212,4,11,5,17,2,3,5,5,1,1,1,22,2,2,0.0,0.0,0.0,0.0,0.0,3.0,14,6,11
186522,16,2,3,3,10,3,0,1,0,1,2,11,2,2,0.0,0.0,0.0,0.0,0.0,6.0,8,4,12
79704,16,2,3,10,3,3,0,1,1,0,2,17,2,2,0.0,0.0,0.0,0.0,0.0,2.0,17,4,6
93974,16,2,3,17,11,3,0,1,1,1,1,22,2,2,0.0,0.0,0.0,0.0,0.0,2.0,8,4,7
120752,16,2,1,17,8,3,0,1,1,1,1,36,2,2,0.0,0.0,0.0,0.0,0.0,2.0,19,3,9
24485,15,2,3,17,8,3,0,1,1,1,2,36,2,2,0.0,0.0,0.0,0.0,0.0,3.0,10,4,2
171744,17,2,1,17,3,3,0,1,0,1,2,18,2,2,0.0,0.0,0.0,0.0,0.0,3.0,22,6,11
23635,16,2,3,15,2,3,0,1,1,1,2,16,2,2,0.0,0.0,0.0,0.0,0.0,2.0,10,3,2
56709,17,2,3,11,17,3,0,1,1,1,2,36,2,2,0.0,0.0,0.0,0.0,0.0,2.0,13,1,5
93335,16,7,3,15,3,3,6,5,1,1,2,36,2,2,0.0,0.0,0.0,0.0,0.0,2.0,15,3,7
65590,16,7,3,17,8,3,6,1,0,1,2,36,2,1,3.0,0.0,1.0,2.0,0.0,0.0,13,7,5
21809,16,2,1,9,8,3,0,1,0,1,0,38,2,1,1.0,0.0,1.0,0.0,0.0,2.0,19,7,2
108975,15,3,4,17,8,3,6,1,1,1,2,18,2,2,0.0,0.0,0.0,0.0,0.0,3.0,18,2,8
143896,15,2,3,17,8,3,0,1,0,1,2,12,2,3,1.0,0.0,0.0,1.0,0.0,1.0,7,4,10
6820,15,2,3,17,8,3,0,1,1,1,1,19,2,2,0.0,0.0,0.0,0.0,0.0,2.0,7,6,1
128287,16,2,1,0,6,3,0,1,0,1,2,6,2,4,1.0,0.0,0.0,0.0,1.0,4.0,20,7,9
111125,16,2,3,17,6,3,0,5,1,1,2,36,2,2,0.0,0.0,0.0,0.0,0.0,3.0,10,6,8
165061,16,11,5,10,8,3,5,5,1,1,2,36,2,2,0.0,0.0,0.0,0.0,0.0,2.0,5,4,11
147794,16,3,3,15,8,3,0,1,1,1,2,36,2,2,0.0,0.0,0.0,0.0,0.0,2.0,14,3,10
137089,16,2,3,0,8,3,0,1,0,1,2,36,2,4,2.0,0.0,0.0,0.0,2.0,1.0,17,7,9
158902,4,2,3,9,8,3,0,1,0,0,1,18,2,4,1.0,0.0,0.0,0.0,1.0,1.0,10,6,11
61869,16,2,3,15,6,3,0,1,0,1,2,23,3,4,1.0,0.0,0.0,0.0,1.0,3.0,17,5,5
161733,15,2,3,0,10,3,0,1,1,1,1,18,2,2,0.0,0.0,0.0,0.0,0.0,2.0,14,7,11
80080,15,2,3,17,8,3,0,5,0,1,2,36,2,2,0.0,0.0,0.0,0.0,0.0,2.0,16,3,6
130574,16,2,3,10,8,3,0,1,1,1,2,19,2,2,0.0,0.0,0.0,0.0,0.0,2.0,14,4,9
174267,16,2,3,0,6,3,0,1,0,1,2,18,2,2,0.0,0.0,0.0,0.0,0.0,2.0,10,4,12
156461,16,2,3,17,8,3,0,1,1,1,2,12,4,2,0.0,0.0,0.0,0.0,0.0,4.0,9,6,11
155380,16,2,3,15,2,3,0,1,0,1,2,18,2,3,1.0,0.0,0.0,1.0,0.0,1.0,16,7,10
142175,17,2,3,17,17,3,5,5,1,1,2,26,2,2,0.0,0.0,0.0,0.0,0.0,3.0,16,6,10
19110,16,7,0,9,8,3,6,1,0,1,2,18,2,4,1.0,0.0,0.0,0.0,1.0,1.0,18,5,2
32209,16,2,3,10,3,3,0,1,1,1,0,36,2,2,0.0,0.0,0.0,0.0,0.0,2.0,11,3,3
102066,16,2,3,15,2,3,0,1,1,1,2,36,2,2,0.0,0.0,0.0,0.0,0.0,2.0,13,4,7
168727,4,2,1,17,8,3,0,1,1,1,1,24,2,2,0.0,0.0,0.0,0.0,0.0,2.0,19,7,11
42148,16,7,1,17,6,3,6,1,1,1,2,22,2,2,0.0,0.0,0.0,0.0,0.0,2.0,5,6,3
96860,16,2,3,0,8,3,0,1,0,1,2,6,2,4,1.0,0.0,0.0,0.0,1.0,1.0,19,1,7
188231,16,7,1,0,6,3,6,1,0,1,1,17,2,2,0.0,0.0,0.0,0.0,0.0,2.0,3,2,12
82714,16,7,3,0,3,3,6,1,0,1,1,6,2,3,1.0,0.0,0.0,1.0,0.0,1.0,19,5,6
188260,16,10,1,0,6,3,6,1,1,1,2,6,2,2,0.0,0.0,0.0,0.0,0.0,2.0,21,2,12
24013,4,7,1,0,1,5,6,1,0,1,2,5,2,2,0.0,0.0,0.0,0.0,0.0,2.0,4,3,2
33671,16,2,3,10,8,3,0,1,0,1,2,19,2,4,2.0,0.0,0.0,0.0,2.0,0.0,11,7,3
113118,16,2,3,9,8,3,5,5,0,1,2,28,2,3,1.0,0.0,0.0,1.0,0.0,3.0,5,7,8
46569,16,2,0,17,8,3,0,1,0,1,2,36,2,2,0.0,0.0,0.0,0.0,0.0,3.0,22,1,4
1969,15,2,0,0,8,3,0,1,1,1,2,36,2,2,0.0,0.0,0.0,0.0,0.0,2.0,18,5,1
89365,16,2,3,15,2,3,0,1,1,1,1,6,2,2,0.0,0.0,0.0,0.0,0.0,3.0,13,3,7
76418,16,2,3,0,6,3,0,1,0,1,2,36,2,3,4.0,0.0,0.0,4.0,0.0,0.0,6,6,6
18896,15,2,3,0,2,3,0,1,1,1,2,18,2,2,0.0,0.0,0.0,0.0,0.0,2.0,12,7,2
123173,16,2,3,17,6,3,0,1,1,1,2,24,2,2,0.0,0.0,0.0,0.0,0.0,2.0,17,3,9
114659,16,3,2,0,10,3,0,1,0,1,2,6,2,1,2.0,0.0,1.0,0.0,1.0,0.0,7,3,8
92720,15,2,3,0,6,3,0,1,0,1,2,5,2,2,0.0,0.0,0.0,0.0,0.0,2.0,9,7,7
103535,4,2,3,10,8,3,0,1,1,1,1,19,2,2,0.0,0.0,0.0,0.0,0.0,5.0,16,4,7
14349,4,2,3,15,6,3,0,5,1,1,2,18,2,2,0.0,0.0,0.0,0.0,0.0,2.0,8,5,1
61036,15,2,3,0,8,3,0,3,1,1,0,18,2,2,0.0,0.0,0.0,0.0,0.0,3.0,17,4,5
111607,16,2,3,10,8,3,0,1,1,1,1,9,2,2,0.0,0.0,0.0,0.0,0.0,2.0,10,5,8
66387,16,2,3,9,10,3,6,1,0,1,0,6,2,3,1.0,0.0,0.0,1.0,0.0,1.0,16,7,5
150689,16,2,3,0,6,3,0,1,0,1,2,36,2,2,0.0,0.0,0.0,0.0,0.0,3.0,16,7,10
184559,16,10,3,17,6,3,4,1,1,1,1,24,2,2,0.0,0.0,0.0,0.0,0.0,2.0,12,5,12
185549,16,2,1,17,6,3,6,5,1,1,2,36,2,2,0.0,0.0,0.0,0.0,0.0,2.0,3,7,12
47941,15,2,3,17,8,3,0,1,1,0,2,24,2,2,0.0,0.0,0.0,0.0,0.0,3.0,7,5,4
48331,16,2,3,0,6,3,0,1,0,1,2,6,2,3,1.0,0.0,0.0,1.0,0.0,4.0,17,5,4
71839,16,2,3,17,8,3,0,1,0,1,2,36,2,2,0.0,0.0,0.0,0.0,0.0,2.0,17,6,6
127311,16,2,3,17,2,3,0,1,1,1,2,22,3,2,0.0,0.0,0.0,0.0,0.0,3.0,8,5,9
150961,16,2,3,15,8,3,0,1,1,1,1,18,2,2,0.0,0.0,0.0,0.0,0.0,2.0,10,2,10
159721,16,2,3,17,8,3,0,1,1,1,1,18,2,2,0.0,0.0,0.0,0.0,0.0,4.0,7,3,11
14517,16,2,4,3,8,3,5,1,0,1,2,36,2,2,0.0,0.0,0.0,0.0,0.0,2.0,19,2,1
99106,4,7,3,11,8,3,6,5,1,1,1,18,2,2,0.0,0.0,0.0,0.0,0.0,2.0,16,7,7
53783,16,11,3,15,6,3,5,1,1,1,2,36,2,2,0.0,0.0,0.0,0.0,0.0,2.0,16,3,4
109449,15,2,3,17,8,3,0,1,1,1,1,18,2,2,0.0,0.0,0.0,0.0,0.0,2.0,13,3,8
97190,16,2,3,10,8,3,0,1,1,1,1,19,3,2,0.0,0.0,0.0,0.0,0.0,3.0,9,5,7
122614,16,2,3,0,6,3,0,1,0,1,2,6,2,3,1.0,0.0,0.0,1.0,0.0,2.0,14,2,9
164280,16,2,3,10,8,3,0,1,0,1,0,19,2,4,1.0,0.0,0.0,0.0,1.0,2.0,12,5,11
110867,16,2,3,10,8,3,0,1,1,1,1,19,2,2,0.0,0.0,0.0,0.0,0.0,2.0,13,6,8
23405,16,2,3,17,11,3,0,1,1,1,1,12,2,2,0.0,0.0,0.0,0.0,0.0,2.0,11,7,2
118418,15,2,3,2,18,3,0,5,0,1,2,18,1,2,0.0,0.0,0.0,0.0,0.0,1.0,15,4,8
89536,16,2,3,8,15,3,0,1,1,1,0,36,2,2,0.0,0.0,0.0,0.0,0.0,4.0,13,7,7
113091,4,2,3,0,8,3,0,1,0,1,2,36,2,3,1.0,0.0,0.0,1.0,0.0,1.0,12,6,8
84539,16,11,1,8,8,3,5,1,0,1,1,18,2,3,1.0,0.0,0.0,1.0,0.0,1.0,21,6,6
75021,15,2,3,0,2,3,0,1,0,1,2,18,2,2,0.0,0.0,0.0,0.0,0.0,2.0,13,5,6
42428,16,2,3,2,6,3,0,1,0,1,2,36,1,4,1.0,0.0,0.0,0.0,1.0,1.0,14,4,4
125243,16,2,3,17,8,3,0,1,1,1,1,24,2,2,0.0,0.0,0.0,0.0,0.0,2.0,10,5,9
66723,16,2,3,0,8,3,0,1,0,1,2,36,2,3,1.0,0.0,0.0,1.0,0.0,1.0,12,4,5
3623,16,2,1,11,8,3,0,1,1,1,2,30,2,2,0.0,0.0,0.0,0.0,0.0,3.0,18,6,1
161118,16,2,1,17,8,3,0,1,0,1,2,18,2,2,0.0,0.0,0.0,0.0,0.0,4.0,18,4,11
150245,16,2,1,10,2,3,0,1,1,1,1,36,2,2,0.0,0.0,0.0,0.0,0.0,3.0,0,1,10
27034,15,2,3,7,10,3,1,1,0,1,2,11,4,4,1.0,0.0,0.0,0.0,1.0,1.0,9,7,2
8673,16,10,1,10,8,5,6,1,1,1,0,39,2,2,0.0,0.0,0.0,0.0,0.0,2.0,17,5,1
45109,16,7,1,17,6,3,6,1,0,1,2,18,2,4,1.0,0.0,0.0,0.0,1.0,2.0,21,3,4
143798,15,7,1,0,6,4,6,1,0,1,2,5,2,2,0.0,0.0,0.0,0.0,0.0,2.0,18,3,10
158114,16,7,1,10,8,3,6,5,1,1,2,19,2,2,0.0,0.0,0.0,0.0,0.0,3.0,1,2,11
68018,16,3,3,17,3,3,6,5,1,1,2,26,2,2,0.0,0.0,0.0,0.0,0.0,2.0,13,6,5
157359,15,7,4,0,6,3,6,1,0,1,2,18,2,2,0.0,0.0,0.0,0.0,0.0,3.0,18,1,11
3362,16,2,1,17,8,3,0,1,0,1,2,35,2,4,2.0,0.0,0.0,0.0,2.0,0.0,19,3,1
187746,16,3,3,0,5,3,0,1,0,1,2,17,2,2,0.0,0.0,0.0,0.0,0.0,3.0,11,1,12
142776,16,2,3,10,8,3,0,1,0,1,2,19,2,4,1.0,0.0,0.0,0.0,1.0,1.0,16,3,10
82677,16,7,3,17,10,3,6,1,1,1,1,24,2,2,0.0,0.0,0.0,0.0,0.0,2.0,13,5,6
73413,16,2,3,15,8,3,0,1,1,1,1,12,2,2,0.0,0.0,0.0,0.0,0.0,2.0,19,2,6
25131,16,7,0,9,6,3,6,1,0,1,0,36,2,3,1.0,0.0,0.0,1.0,0.0,1.0,17,4,2
28820,16,2,4,0,8,3,0,1,0,1,2,18,2,3,1.0,0.0,0.0,1.0,0.0,3.0,17,7,3
143590,15,2,0,0,6,3,5,1,0,1,2,36,2,2,0.0,0.0,0.0,0.0,0.0,4.0,19,6,10
59468,15,7,1,10,2,3,6,1,1,1,2,17,3,2,0.0,0.0,0.0,0.0,0.0,3.0,21,3,5
111768,16,2,3,10,6,3,0,5,0,1,2,36,2,3,1.0,0.0,0.0,1.0,0.0,2.0,17,2,8
59090,15,2,3,17,8,3,0,1,1,1,1,18,2,2,0.0,0.0,0.0,0.0,0.0,2.0,11,2,5