crash_date,               traffic_control_device,weather_condition,lighting_condition,first_crash_type,trafficway_type,alignment,roadway_surface_cond,road_defect,crash_type,intersection_related_i,damage,prim_contributory_cause,num_units,most_severe_injury,injuries_total,injuries_fatal,injuries_incapacitating,injuries_non_incapacitating,injuries_reported_not_evident,injuries_no_indication,crash_hour,crash_day_of_week,crash_month
138228,4,2,1,17,2,3,0,1,0,1,1,36,2,4,4.0,0.0,0.0,0.0,4.0,1.0,21,2,10
3359,4,2,3,17,6,3,2,5,0,0,2,24,2,2,0.0,0.0,0.0,0.0,0.0,2.0,7,3,1
146852,15,2,3,0,15,3,0,1,0,1,2,18,2,3,1.0,0.0,0.0,1.0,0.0,4.0,8,4,10
72227,16,2,1,10,6,3,0,1,0,1,2,36,2,3,1.0,0.0,0.0,1.0,0.0,2.0,3,7,6
146606,15,2,1,0,6,3,0,1,0,1,2,18,2,4,1.0,0.0,0.0,0.0,1.0,1.0,20,6,10
47225,16,2,1,8,8,3,0,1,0,1,0,28,2,4,1.0,0.0,0.0,0.0,1.0,1.0,4,6,4
86023,16,2,3,0,8,3,0,1,1,1,2,36,2,2,0.0,0.0,0.0,0.0,0.0,2.0,12,1,6
177766,16,2,3,0,2,3,0,1,0,1,2,13,2,2,0.0,0.0,0.0,0.0,0.0,2.0,11,2,12
85384,15,7,3,0,6,3,6,5,1,1,2,36,2,2,0.0,0.0,0.0,0.0,0.0,2.0,13,6,6
41807,15,2,3,9,6,3,0,5,1,1,1,18,2,2,0.0,0.0,0.0,0.0,0.0,2.0,11,7,3
3945,16,3,2,10,2,3,5,5,1,1,1,19,2,2,0.0,0.0,0.0,0.0,0.0,2.0,8,3,1
124251,15,2,3,0,6,3,0,1,1,1,1,18,2,2,0.0,0.0,0.0,0.0,0.0,2.0,17,5,9
15351,16,2,3,0,6,3,0,1,0,1,2,6,2,2,0.0,0.0,0.0,0.0,0.0,3.0,13,3,2
159631,16,2,3,17,3,3,0,1,1,1,2,36,2,2,0.0,0.0,0.0,0.0,0.0,2.0,13,5,11
173469,16,2,3,17,6,3,0,1,0,1,2,36,2,2,0.0,0.0,0.0,0.0,0.0,2.0,15,6,12
121982,16,2,3,17,8,3,0,1,0,1,2,6,2,0,1.0,1.0,0.0,0.0,0.0,2.0,14,7,9
92891,4,2,3,17,2,3,0,1,1,1,1,26,2,2,0.0,0.0,0.0,0.0,0.0,2.0,15,4,7
79163,16,2,3,10,8,3,0,1,0,1,2,19,2,2,0.0,0.0,0.0,0.0,0.0,4.0,13,4,6
83729,16,2,3,9,2,3,0,1,0,1,0,36,2,3,1.0,0.0,0.0,1.0,0.0,2.0,15,7,6
11964,16,2,1,15,8,3,0,1,1,1,1,22,2,2,0.0,0.0,0.0,0.0,0.0,3.0,18,5,1
118890,4,7,0,15,17,3,6,1,0,1,2,30,2,2,0.0,0.0,0.0,0.0,0.0,2.0,1,4,8
2029,16,2,1,14,1,3,0,1,0,1,2,22,2,2,0.0,0.0,0.0,0.0,0.0,3.0,21,6,1
99085,16,2,1,3,6,3,0,1,0,1,2,11,2,1,1.0,0.0,1.0,0.0,0.0,1.0,1,7,7
162203,4,3,3,10,8,3,0,1,1,1,2,19,2,2,0.0,0.0,0.0,0.0,0.0,4.0,18,6,11
316,15,10,1,0,6,3,4,1,0,1,2,39,2,3,2.0,0.0,0.0,2.0,0.0,2.0,16,7,1
173552,16,11,1,17,6,3,0,5,1,1,2,24,3,2,0.0,0.0,0.0,0.0,0.0,4.0,4,7,12
33753,16,2,3,10,6,3,0,1,1,1,1,36,2,2,0.0,0.0,0.0,0.0,0.0,6.0,15,3,3
185153,15,2,3,0,6,3,0,1,1,1,2,36,3,2,0.0,0.0,0.0,0.0,0.0,6.0,15,2,12
118021,16,2,1,2,10,3,0,1,1,1,2,36,1,2,0.0,0.0,0.0,0.0,0.0,1.0,22,6,8
83145,16,2,3,17,2,3,0,1,0,1,2,24,2,4,1.0,0.0,0.0,0.0,1.0,1.0,14,5,6
38660,15,7,3,0,2,3,6,1,0,1,2,18,2,4,2.0,0.0,0.0,0.0,2.0,1.0,16,3,3
60349,15,2,2,13,8,3,0,1,1,1,1,36,2,2,0.0,0.0,0.0,0.0,0.0,2.0,17,2,5
86096,16,2,3,10,8,3,0,1,1,1,2,19,2,2,0.0,0.0,0.0,0.0,0.0,2.0,12,2,6
69353,16,2,3,10,8,3,0,1,1,1,1,36,2,2,0.0,0.0,0.0,0.0,0.0,5.0,18,4,5
141612,4,2,3,14,8,4,0,1,0,1,2,28,3,2,0.0,0.0,0.0,0.0,0.0,4.0,8,2,10
40197,16,7,3,0,8,3,6,1,0,1,2,6,2,3,1.0,0.0,0.0,1.0,0.0,1.0,7,3,3
185778,15,2,0,0,19,3,0,1,1,1,2,36,2,2,0.0,0.0,0.0,0.0,0.0,3.0,2,4,12
160251,16,2,1,10,2,3,0,1,1,1,2,19,2,2,0.0,0.0,0.0,0.0,0.0,2.0,20,2,11
122542,16,2,1,9,2,3,0,1,0,1,0,18,2,3,1.0,0.0,0.0,1.0,0.0,1.0,23,7,9
86982,4,2,3,17,15,3,0,1,1,1,2,18,2,2,0.0,0.0,0.0,0.0,0.0,2.0,16,3,6
136506,15,7,3,0,8,3,6,1,1,1,2,5,2,2,0.0,0.0,0.0,0.0,0.0,2.0,7,5,9
70352,15,2,3,15,17,3,0,5,1,0,2,17,2,2,0.0,0.0,0.0,0.0,0.0,4.0,18,6,5
4497,16,2,0,17,8,3,0,1,1,1,1,36,2,2,0.0,0.0,0.0,0.0,0.0,2.0,17,5,1
109984,16,2,3,15,8,3,0,1,1,1,2,22,2,2,0.0,0.0,0.0,0.0,0.0,3.0,17,2,8
176913,16,7,3,10,8,4,6,1,1,1,1,18,2,2,0.0,0.0,0.0,0.0,0.0,2.0,7,6,12
17433,16,4,1,9,8,3,6,1,0,1,0,36,2,3,1.0,0.0,0.0,1.0,0.0,1.0,4,4,2
60093,4,2,4,8,10,3,0,1,0,1,2,18,2,1,1.0,0.0,1.0,0.0,0.0,1.0,20,4,5
66328,15,2,4,0,6,3,0,1,0,1,2,36,2,3,2.0,0.0,0.0,2.0,0.0,1.0,19,6,5
53801,16,2,3,0,16,3,0,1,0,1,2,6,2,4,3.0,0.0,0.0,0.0,3.0,0.0,7,3,4
84700,16,3,3,17,2,3,0,1,0,1,2,18,2,2,0.0,0.0,0.0,0.0,0.0,3.0,13,1,6
151466,15,2,3,17,6,3,0,1,1,1,2,18,2,2,0.0,0.0,0.0,0.0,0.0,4.0,16,5,10
176922,17,11,1,17,8,3,5,5,1,1,2,36,2,2,0.0,0.0,0.0,0.0,0.0,2.0,19,6,12
113204,16,7,3,17,2,3,6,1,0,1,2,6,2,2,0.0,0.0,0.0,0.0,0.0,2.0,9,1,8
151431,16,2,3,2,6,3,0,1,1,1,2,12,1,2,0.0,0.0,0.0,0.0,0.0,1.0,9,3,10
161249,15,2,3,0,6,3,0,1,0,1,2,18,2,3,1.0,0.0,0.0,1.0,0.0,1.0,7,6,11
93857,16,7,3,0,6,3,6,1,0,1,2,6,2,4,2.0,0.0,0.0,0.0,2.0,1.0,19,4,7
178369,15,2,3,0,2,3,0,1,1,1,2,36,2,2,0.0,0.0,0.0,0.0,0.0,2.0,14,4,12
66783,16,2,3,10,8,3,0,1,0,1,2,17,2,3,2.0,0.0,0.0,2.0,0.0,1.0,13,7,5
45232,4,2,3,15,6,3,0,1,1,1,1,36,3,2,0.0,0.0,0.0,0.0,0.0,3.0,13,6,4
49890,4,7,3,17,11,3,6,1,1,1,2,18,2,2,0.0,0.0,0.0,0.0,0.0,3.0,16,4,4
71766,15,2,3,0,11,3,0,1,1,1,2,18,2,2,0.0,0.0,0.0,0.0,0.0,2.0,13,5,6
136539,16,2,3,17,8,3,0,1,1,1,2,18,2,2,0.0,0.0,0.0,0.0,0.0,2.0,16,6,9
175964,16,2,3,10,2,3,5,5,1,1,2,19,2,2,0.0,0.0,0.0,0.0,0.0,2.0,13,5,12
95590,16,2,3,17,11,3,0,1,0,1,2,6,2,4,2.0,0.0,0.0,0.0,2.0,0.0,18,2,7
109344,15,2,0,10,8,3,0,1,1,1,0,36,2,2,0.0,0.0,0.0,0.0,0.0,2.0,20,7,8
89304,15,2,3,7,6,3,0,1,0,1,2,30,3,2,0.0,0.0,0.0,0.0,0.0,1.0,17,4,7
24433,4,7,1,0,0,3,6,1,1,1,2,18,2,2,0.0,0.0,0.0,0.0,0.0,2.0,6,3,2
105165,15,2,3,0,10,3,0,1,0,1,2,18,2,3,1.0,0.0,0.0,1.0,0.0,2.0,18,6,8
96491,15,2,3,0,8,3,0,1,1,1,1,18,2,2,0.0,0.0,0.0,0.0,0.0,4.0,8,2,7
82016,16,2,3,17,6,3,0,1,1,1,2,18,2,2,0.0,0.0,0.0,0.0,0.0,2.0,7,4,6
56176,4,2,1,9,8,3,0,1,1,1,0,17,2,2,0.0,0.0,0.0,0.0,0.0,2.0,22,4,5
154520,15,2,3,0,8,3,0,1,0,1,2,18,2,2,0.0,0.0,0.0,0.0,0.0,4.0,14,3,10
171427,16,2,3,15,2,3,0,1,1,1,2,18,2,2,0.0,0.0,0.0,0.0,0.0,2.0,17,3,11
178308,15,2,3,7,10,3,0,1,1,1,2,12,2,2,0.0,0.0,0.0,0.0,0.0,2.0,15,3,12
37464,15,2,3,0,8,3,0,1,0,1,2,18,2,2,0.0,0.0,0.0,0.0,0.0,3.0,16,2,3
140068,16,7,0,0,6,3,6,5,0,1,2,17,2,2,0.0,0.0,0.0,0.0,0.0,2.0,18,7,10
49051,16,2,3,17,2,3,0,1,0,1,1,18,2,3,1.0,0.0,0.0,1.0,0.0,3.0,16,2,4
50162,15,2,3,0,11,3,0,1,0,1,2,18,2,2,0.0,0.0,0.0,0.0,0.0,2.0,16,3,4
126599,16,7,4,10,8,3,0,1,1,1,0,17,2,2,0.0,0.0,0.0,0.0,0.0,4.0,19,2,9
21883,4,10,3,0,8,3,4,1,1,1,2,18,2,2,0.0,0.0,0.0,0.0,0.0,2.0,10,2,2
117096,16,2,3,0,6,3,0,1,0,1,2,6,2,3,1.0,0.0,0.0,1.0,0.0,3.0,17,6,8
63168,16,2,3,10,10,3,0,1,1,1,1,26,2,2,0.0,0.0,0.0,0.0,0.0,3.0,16,3,5
101382,16,2,1,10,8,3,0,1,0,0,2,36,3,3,1.0,0.0,0.0,1.0,0.0,7.0,0,6,7
136500,16,3,3,17,2,3,0,1,1,1,2,9,2,2,0.0,0.0,0.0,0.0,0.0,3.0,7,5,9
116495,16,2,3,17,3,3,0,1,1,1,2,24,2,2,0.0,0.0,0.0,0.0,0.0,2.0,6,4,8
77509,15,2,1,0,6,3,0,1,0,1,2,5,2,3,2.0,0.0,0.0,2.0,0.0,2.0,22,1,6
22776,16,10,1,17,6,3,4,5,1,1,0,36,2,2,0.0,0.0,0.0,0.0,0.0,3.0,20,4,2
95570,16,11,3,10,8,3,5,5,1,1,0,18,2,2,0.0,0.0,0.0,0.0,0.0,2.0,13,2,7
12914,18,2,1,17,2,3,0,1,0,1,2,7,2,4,3.0,0.0,0.0,0.0,3.0,1.0,22,4,1
66906,16,2,1,17,2,3,0,1,0,1,2,36,2,3,1.0,0.0,0.0,1.0,0.0,1.0,23,1,5
139648,4,2,3,0,6,3,0,5,0,1,2,17,2,3,1.0,0.0,0.0,1.0,0.0,1.0,14,3,10
123087,16,2,1,17,8,3,0,1,1,1,1,24,2,2,0.0,0.0,0.0,0.0,0.0,4.0,21,1,9
25960,4,2,3,17,2,3,6,1,0,1,2,18,2,2,0.0,0.0,0.0,0.0,0.0,3.0,12,4,2
85625,16,2,3,0,6,3,0,1,1,1,2,18,2,2,0.0,0.0,0.0,0.0,0.0,2.0,12,1,6
102182,16,2,3,17,6,3,0,1,1,1,2,22,2,2,0.0,0.0,0.0,0.0,0.0,2.0,11,5,7
62814,16,7,3,2,6,3,6,1,0,1,2,12,1,2,0.0,0.0,0.0,0.0,0.0,1.0,9,5,5
155070,16,7,3,17,1,4,6,1,1,1,1,24,2,2,0.0,0.0,0.0,0.0,0.0,5.0,14,7,10
5477,15,10,3,10,8,3,4,5,0,1,2,36,2,4,1.0,0.0,0.0,0.0,1.0,1.0,13,6,1
98184,4,3,3,17,0,3,0,1,0,1,2,23,2,1,1.0,0.0,1.0,0.0,0.0,1.0,16,6,7
146377,16,2,3,15,1,3,0,1,1,1,1,22,2,2,0.0,0.0,0.0,0.0,0.0,7.0,15,1,10
157870,17,11,5,8,8,3,5,5,0,1,0,36,2,3,1.0,0.0,0.0,1.0,0.0,1.0,13,7,11
87003,15,7,3,10,6,3,6,1,1,1,1,19,2,2,0.0,0.0,0.0,0.0,0.0,2.0,8,3,6
156259,16,2,3,17,8,3,0,1,1,1,0,24,2,2,0.0,0.0,0.0,0.0,0.0,2.0,10,6,11
8072,16,2,0,15,11,3,0,1,1,1,2,36,2,2,0.0,0.0,0.0,0.0,0.0,4.0,18,1,1
31917,16,2,1,15,2,3,0,1,1,1,2,22,2,2,0.0,0.0,0.0,0.0,0.0,4.0,22,4,3
25441,16,2,3,17,3,3,0,1,0,1,2,36,2,4,1.0,0.0,0.0,0.0,1.0,1.0,10,1,2
26004,16,10,2,15,8,3,6,0,0,1,1,39,3,3,2.0,0.0,0.0,2.0,0.0,1.0,19,5,2
22665,16,10,0,9,8,3,6,1,0,1,0,36,2,4,1.0,0.0,0.0,0.0,1.0,1.0,18,1,2
107600,15,2,3,0,6,3,0,1,0,1,2,5,2,3,2.0,0.0,0.0,1.0,1.0,1.0,15,2,8
48549,16,2,3,10,11,3,0,1,1,1,2,26,2,2,0.0,0.0,0.0,0.0,0.0,2.0,8,6,4
187911,16,6,1,9,3,3,6,1,0,1,2,18,2,3,1.0,0.0,0.0,1.0,0.0,1.0,22,5,12
102037,4,2,3,17,2,3,0,1,0,1,2,18,2,1,1.0,0.0,1.0,0.0,0.0,1.0,7,3,7
23263,16,2,1,3,6,3,6,1,0,1,2,36,2,3,1.0,0.0,0.0,1.0,0.0,1.0,18,5,2
182617,16,2,1,17,2,3,0,1,1,1,1,18,2,2,0.0,0.0,0.0,0.0,0.0,2.0,22,4,12
95998,16,2,3,17,8,3,0,1,1,1,2,24,2,2,0.0,0.0,0.0,0.0,0.0,2.0,9,3,7
187285,16,2,1,10,8,3,0,1,0,1,2,19,2,4,1.0,0.0,0.0,0.0,1.0,2.0,0,2,12
29733,15,2,3,0,8,3,0,1,1,1,2,36,2,2,0.0,0.0,0.0,0.0,0.0,7.0,15,4,3
69997,16,2,4,17,3,3,0,1,0,1,2,18,2,2,0.0,0.0,0.0,0.0,0.0,2.0,19,7,5
10515,15,2,4,17,10,3,6,3,0,1,2,18,2,2,0.0,0.0,0.0,0.0,0.0,3.0,15,6,1
145538,16,2,1,17,6,3,0,1,0,1,2,18,2,3,1.0,0.0,0.0,1.0,0.0,1.0,2,6,10
60426,16,2,3,17,6,3,0,1,0,1,2,22,2,4,1.0,0.0,0.0,0.0,1.0,1.0,9,3,5
159688,15,2,3,9,8,3,0,1,0,1,2,18,2,3,1.0,0.0,0.0,1.0,0.0,1.0,12,5,11
48296,16,2,3,10,6,3,0,1,1,1,1,19,2,2,0.0,0.0,0.0,0.0,0.0,2.0,8,4,4
109296,16,3,3,10,3,3,0,5,1,0,2,22,2,2,0.0,0.0,0.0,0.0,0.0,2.0,11,6,8
60198,16,2,3,10,2,3,0,1,1,1,0,17,2,2,0.0,0.0,0.0,0.0,0.0,2.0,13,7,5
40499,4,2,3,17,8,3,0,1,1,1,2,36,2,2,0.0,0.0,0.0,0.0,0.0,2.0,7,2,3
8478,16,2,1,15,10,3,0,1,0,1,2,18,2,2,0.0,0.0,0.0,0.0,0.0,2.0,13,4,1
109520,16,11,5,10,2,3,5,5,1,1,1,36,2,2,0.0,0.0,0.0,0.0,0.0,2.0,10,3,8
125337,16,2,3,17,2,3,0,1,0,1,2,18,2,2,0.0,0.0,0.0,0.0,0.0,2.0,15,7,9
93848,4,7,3,3,8,3,6,1,1,1,2,36,2,2,0.0,0.0,0.0,0.0,0.0,3.0,16,4,7
165088,16,3,3,17,15,3,6,1,0,1,2,18,4,2,0.0,0.0,0.0,0.0,0.0,6.0,9,4,11
71985,4,2,3,9,8,3,0,1,0,1,0,18,2,1,1.0,0.0,1.0,0.0,0.0,1.0,16,2,6
46913,16,2,1,15,8,3,0,1,1,0,1,36,2,2,0.0,0.0,0.0,0.0,0.0,6.0,21,1,4
102507,16,7,3,10,8,4,6,5,1,1,2,36,2,2,0.0,0.0,0.0,0.0,0.0,2.0,8,2,7
161718,16,2,1,10,3,3,0,1,0,1,2,36,2,4,1.0,0.0,0.0,0.0,1.0,1.0,22,6,11
13223,16,1,0,15,3,3,4,1,1,1,2,6,2,2,0.0,0.0,0.0,0.0,0.0,2.0,16,6,1
97897,4,2,3,15,15,3,0,1,1,0,2,22,2,2,0.0,0.0,0.0,0.0,0.0,2.0,14,3,7
149012,4,2,3,0,10,3,0,1,1,1,2,36,2,2,0.0,0.0,0.0,0.0,0.0,2.0,12,5,10
105905,15,2,3,0,6,3,0,1,1,1,2,36,2,2,0.0,0.0,0.0,0.0,0.0,2.0,19,4,8
28981,15,2,1,17,8,3,0,1,0,1,2,36,2,2,0.0,0.0,0.0,0.0,0.0,4.0,1,4,3
96254,16,2,3,8,8,3,0,1,0,1,1,6,2,1,1.0,0.0,1.0,0.0,0.0,1.0,16,6,7
84051,6,2,1,17,6,3,0,1,1,1,0,24,2,2,0.0,0.0,0.0,0.0,0.0,2.0,1,6,6
180505,16,7,2,0,6,3,6,5,0,1,2,18,2,2,0.0,0.0,0.0,0.0,0.0,2.0,6,5,12
85829,16,2,1,0,10,3,0,1,1,1,0,36,2,2,0.0,0.0,0.0,0.0,0.0,2.0,22,4,6
25570,16,2,3,0,8,3,0,1,0,1,2,18,2,3,4.0,0.0,0.0,4.0,0.0,0.0,13,5,2
153034,16,2,1,9,3,3,0,5,0,1,0,17,2,3,1.0,0.0,0.0,1.0,0.0,1.0,20,3,10
141567,15,2,3,17,2,3,0,1,1,1,2,18,2,2,0.0,0.0,0.0,0.0,0.0,3.0,14,2,10
174941,16,2,3,10,2,3,0,1,1,1,2,19,3,2,0.0,0.0,0.0,0.0,0.0,5.0,15,4,12
61687,15,2,1,11,10,3,0,1,1,1,2,21,2,2,0.0,0.0,0.0,0.0,0.0,2.0,2,1,5
184600,16,2,2,15,10,3,0,1,0,1,2,24,2,2,0.0,0.0,0.0,0.0,0.0,2.0,6,6,12
72497,16,2,3,10,8,3,0,1,1,1,2,36,2,2,0.0,0.0,0.0,0.0,0.0,3.0,16,3,6
171207,16,2,3,17,2,3,0,1,1,1,1,24,2,2,0.0,0.0,0.0,0.0,0.0,2.0,13,5,11
20124,16,2,1,10,10,3,0,1,1,0,1,19,2,2,0.0,0.0,0.0,0.0,0.0,2.0,20,1,2
107812,16,2,1,10,8,3,0,1,1,1,1,19,2,2,0.0,0.0,0.0,0.0,0.0,3.0,21,4,8
144667,16,7,1,17,8,4,6,2,1,1,1,19,2,2,0.0,0.0,0.0,0.0,0.0,3.0,18,6,10
131344,16,2,3,0,2,3,0,5,1,1,1,6,2,2,0.0,0.0,0.0,0.0,0.0,2.0,15,5,9
75310,4,2,3,17,6,3,0,1,1,1,2,18,2,2,0.0,0.0,0.0,0.0,0.0,3.0,17,3,6
111790,16,2,3,17,15,3,0,1,0,1,2,18,2,4,1.0,0.0,0.0,0.0,1.0,1.0,10,2,8
172334,16,2,1,17,6,3,6,1,1,1,2,18,2,2,0.0,0.0,0.0,0.0,0.0,3.0,2,1,12
2819,17,10,2,7,8,3,4,5,0,0,2,26,3,2,0.0,0.0,0.0,0.0,0.0,2.0,18,7,1
142916,6,7,3,17,8,3,6,1,0,1,2,18,2,2,0.0,0.0,0.0,0.0,0.0,2.0,9,4,10
143617,16,7,1,0,6,3,6,1,1,1,1,6,2,2,0.0,0.0,0.0,0.0,0.0,2.0,22,6,10
28121,6,2,3,0,0,3,0,5,1,1,1,18,2,2,0.0,0.0,0.0,0.0,0.0,2.0,16,7,2
27441,4,2,3,10,8,3,0,1,1,1,1,36,2,2,0.0,0.0,0.0,0.0,0.0,2.0,11,7,2
17535,15,10,3,0,6,3,6,1,0,1,2,18,4,3,1.0,0.0,0.0,1.0,0.0,5.0,11,5,2
174548,16,2,1,17,15,3,0,5,0,1,2,18,2,3,1.0,0.0,0.0,1.0,0.0,3.0,17,7,12
132741,16,2,3,11,6,3,0,1,0,1,1,21,2,3,1.0,0.0,0.0,1.0,0.0,1.0,16,4,9
136416,16,2,1,3,5,3,0,1,0,1,2,38,2,2,0.0,0.0,0.0,0.0,0.0,2.0,1,7,9
15862,16,2,3,17,10,3,5,5,1,1,1,36,2,2,0.0,0.0,0.0,0.0,0.0,4.0,15,5,2
166015,16,2,1,0,2,3,0,1,1,1,2,6,2,2,0.0,0.0,0.0,0.0,0.0,2.0,2,2,11
113663,4,2,3,8,15,3,5,5,0,1,0,36,2,3,1.0,0.0,0.0,1.0,0.0,1.0,16,2,8
146654,16,2,4,17,8,4,0,5,0,1,2,36,2,3,2.0,0.0,0.0,2.0,0.0,1.0,17,7,10
68374,15,2,3,0,15,3,0,1,0,1,2,36,2,2,0.0,0.0,0.0,0.0,0.0,2.0,19,3,5
29191,16,2,1,17,2,3,0,1,0,1,2,18,2,2,0.0,0.0,0.0,0.0,0.0,2.0,1,7,3
163429,15,2,3,17,8,3,0,1,0,1,2,36,2,2,0.0,0.0,0.0,0.0,0.0,2.0,14,3,11
36906,15,2,3,10,2,3,0,1,1,1,0,19,2,2,0.0,0.0,0.0,0.0,0.0,3.0,15,6,3
75711,16,2,3,10,8,3,0,1,1,1,2,19,2,2,0.0,0.0,0.0,0.0,0.0,2.0,15,2,6
89340,16,2,1,0,6,3,0,1,0,1,2,6,5,3,6.0,0.0,0.0,6.0,0.0,0.0,23,4,7
21232,16,3,3,17,8,3,6,1,0,1,2,18,2,2,0.0,0.0,0.0,0.0,0.0,2.0,8,5,2
188508,17,11,5,2,17,3,5,5,0,0,2,36,1,2,0.0,0.0,0.0,0.0,0.0,1.0,17,2,12
103016,16,2,3,17,10,3,0,5,1,1,2,36,2,2,0.0,0.0,0.0,0.0,0.0,2.0,8,3,7
112962,16,7,3,9,6,3,6,1,0,1,0,18,2,3,1.0,0.0,0.0,1.0,0.0,1.0,18,7,8
11518,16,10,3,10,8,3,4,1,0,1,1,19,2,3,1.0,0.0,0.0,1.0,0.0,1.0,14,5,1
138722,16,2,3,0,6,3,0,1,1,1,2,17,2,2,0.0,0.0,0.0,0.0,0.0,4.0,10,4,10
95333,16,3,2,10,2,3,0,1,1,1,2,36,2,2,0.0,0.0,0.0,0.0,0.0,2.0,6,6,7
85435,16,2,3,17,8,3,0,1,1,1,2,18,2,2,0.0,0.0,0.0,0.0,0.0,3.0,9,6,6
74890,16,11,3,10,2,3,5,5,1,1,2,36,2,2,0.0,0.0,0.0,0.0,0.0,2.0,13,5,6
114333,4,2,3,2,8,3,0,1,1,1,2,21,1,2,0.0,0.0,0.0,0.0,0.0,1.0,9,6,8
46828,16,2,3,15,3,3,0,1,1,1,2,24,2,2,0.0,0.0,0.0,0.0,0.0,2.0,9,5,4
161421,16,3,3,2,8,3,6,1,0,1,2,36,1,2,0.0,0.0,0.0,0.0,0.0,1.0,12,7,11
117422,15,2,3,0,8,3,0,1,0,1,2,17,2,3,1.0,0.0,0.0,1.0,0.0,2.0,18,4,8
136776,4,2,3,17,2,3,0,1,1,1,2,36,2,2,0.0,0.0,0.0,0.0,0.0,3.0,15,4,9
164402,16,2,3,10,8,3,0,1,1,1,1,9,2,2,0.0,0.0,0.0,0.0,0.0,2.0,10,7,11
173014,16,2,1,10,15,3,0,1,1,1,2,19,2,2,0.0,0.0,0.0,0.0,0.0,2.0,17,5,12
18557,16,10,3,0,2,3,4,1,0,1,2,36,2,2,0.0,0.0,0.0,0.0,0.0,2.0,9,2,2
120964,16,2,3,17,11,3,0,5,0,1,2,12,2,1,2.0,0.0,2.0,0.0,0.0,0.0,17,6,9
5029,16,2,1,0,8,3,0,1,1,1,1,36,2,2,0.0,0.0,0.0,0.0,0.0,3.0,17,6,1
174600,16,7,3,17,8,3,6,1,1,1,1,24,2,2,0.0,0.0,0.0,0.0,0.0,3.0,14,1,12
72300,16,2,3,10,2,3,0,1,1,1,1,19,3,2,0.0,0.0,0.0,0.0,0.0,6.0,14,5,6
49407,16,2,1,15,3,2,0,1,0,1,2,28,4,2,0.0,0.0,0.0,0.0,0.0,6.0,1,1,4
134779,16,2,1,9,11,3,0,1,1,1,0,26,3,2,0.0,0.0,0.0,0.0,0.0,4.0,22,7,9
57154,4,2,3,17,3,3,0,1,1,1,1,36,2,2,0.0,0.0,0.0,0.0,0.0,2.0,22,6,5
167366,4,2,3,10,6,3,0,1,1,1,2,19,2,2,0.0,0.0,0.0,0.0,0.0,2.0,12,1,11
77746,16,2,3,0,2,3,6,1,0,1,1,18,2,2,0.0,0.0,0.0,0.0,0.0,2.0,16,4,6
111506,16,2,1,10,2,3,0,1,0,1,1,24,2,2,0.0,0.0,0.0,0.0,0.0,4.0,3,4,8
63494,4,2,3,17,15,3,0,1,1,1,1,18,2,2,0.0,0.0,0.0,0.0,0.0,5.0,7,2,5
85606,16,2,1,17,6,3,0,1,0,1,2,24,2,2,0.0,0.0,0.0,0.0,0.0,5.0,22,1,6
38046,16,2,3,17,8,3,0,1,0,1,1,18,2,2,0.0,0.0,0.0,0.0,0.0,2.0,16,5,3
171041,15,2,3,17,6,3,0,1,1,1,2,18,2,2,0.0,0.0,0.0,0.0,0.0,2.0,8,3,11
187748,15,3,3,0,6,3,6,1,0,1,2,18,2,2,0.0,0.0,0.0,0.0,0.0,2.0,12,1,12
171560,16,2,1,15,8,3,6,1,1,1,2,22,2,2,0.0,0.0,0.0,0.0,0.0,2.0,20,6,11
45894,16,10,3,7,10,3,4,1,1,1,0,39,2,2,0.0,0.0,0.0,0.0,0.0,1.0,9,2,4
173492,15,2,1,17,2,3,0,1,1,1,2,5,2,2,0.0,0.0,0.0,0.0,0.0,2.0,18,6,12
174435,4,2,1,0,8,3,0,1,0,1,2,18,2,3,1.0,0.0,0.0,1.0,0.0,3.0,19,4,12
87655,16,2,1,0,10,3,0,1,0,1,2,6,2,3,1.0,0.0,0.0,1.0,0.0,7.0,2,6,6
176726,16,2,1,17,8,3,0,1,1,1,2,26,2,2,0.0,0.0,0.0,0.0,0.0,2.0,22,2,12
103373,16,2,3,10,2,3,0,1,1,1,2,36,2,2,0.0,0.0,0.0,0.0,0.0,3.0,18,3,7
157655,16,2,3,17,6,3,0,1,1,1,2,17,2,2,0.0,0.0,0.0,0.0,0.0,2.0,12,2,11
125959,4,2,3,8,8,3,0,1,1,1,1,36,2,2,0.0,0.0,0.0,0.0,0.0,3.0,16,3,9
97784,16,2,3,10,2,3,0,1,1,0,1,19,2,2,0.0,0.0,0.0,0.0,0.0,2.0,16,7,7
34536,15,2,1,0,8,3,5,1,0,1,2,5,2,3,1.0,0.0,0.0,1.0,0.0,2.0,20,7,3
103931,16,2,1,0,3,3,0,5,0,1,2,36,2,4,1.0,0.0,0.0,0.0,1.0,2.0,0,4,7
107077,16,7,1,10,6,3,6,5,1,1,2,18,2,2,0.0,0.0,0.0,0.0,0.0,3.0,3,1,8
116718,4,2,3,7,8,3,0,5,1,0,2,36,2,2,0.0,0.0,0.0,0.0,0.0,1.0,8,6,8
7494,16,2,3,0,6,3,0,1,0,1,2,36,2,2,0.0,0.0,0.0,0.0,0.0,3.0,14,4,1
155486,4,2,3,15,13,3,0,1,1,1,2,36,2,2,0.0,0.0,0.0,0.0,0.0,2.0,15,2,10