crash_date,               traffic_control_device,weather_condition,lighting_condition,first_crash_type,trafficway_type,alignment,roadway_surface_cond,road_defect,crash_type,intersection_related_i,damage,prim_contributory_cause,num_units,most_severe_injury,injuries_total,injuries_fatal,injuries_incapacitating,injuries_non_incapacitating,injuries_reported_not_evident,injuries_no_indication,crash_hour,crash_day_of_week,crash_month
141786,16,2,3,17,6,3,0,1,0,1,2,18,2,2,0.0,0.0,0.0,0.0,0.0,2.0,14,3,10
87858,16,2,3,8,8,3,0,1,1,1,0,19,2,2,0.0,0.0,0.0,0.0,0.0,1.0,18,1,7
119653,17,6,5,0,0,3,5,5,1,1,1,26,2,2,0.0,0.0,0.0,0.0,0.0,4.0,14,2,8
91121,15,11,4,8,6,3,5,5,0,1,1,36,2,1,1.0,0.0,1.0,0.0,0.0,1.0,20,3,7
5703,4,2,1,0,8,3,0,1,0,1,2,18,2,2,0.0,0.0,0.0,0.0,0.0,3.0,17,3,1
102790,16,2,3,10,2,3,0,1,1,1,2,19,2,2,0.0,0.0,0.0,0.0,0.0,2.0,21,7,7
47038,15,2,3,17,6,3,0,1,1,1,2,18,2,2,0.0,0.0,0.0,0.0,0.0,2.0,15,5,4
120383,16,2,3,17,6,3,0,1,0,1,2,6,2,2,0.0,0.0,0.0,0.0,0.0,5.0,7,5,8
51049,4,2,3,0,8,3,0,5,0,1,2,18,2,2,0.0,0.0,0.0,0.0,0.0,3.0,8,4,4
149379,16,5,1,14,16,3,6,1,0,1,2,6,3,4,5.0,0.0,0.0,0.0,5.0,0.0,2,4,10
51328,15,2,1,0,6,3,0,1,0,1,2,5,2,2,0.0,0.0,0.0,0.0,0.0,4.0,4,1,4
98103,16,2,1,0,6,3,0,1,0,1,2,6,2,4,1.0,0.0,0.0,0.0,1.0,1.0,4,7,7
93923,16,2,3,17,19,3,0,5,1,1,1,12,2,2,0.0,0.0,0.0,0.0,0.0,2.0,18,6,7
13297,4,3,3,17,1,3,6,1,0,1,2,18,2,2,0.0,0.0,0.0,0.0,0.0,3.0,15,7,1
176250,16,2,3,17,1,3,0,1,0,1,2,18,2,2,0.0,0.0,0.0,0.0,0.0,3.0,7,4,12
186634,4,2,3,15,8,3,0,1,0,1,2,24,2,4,1.0,0.0,0.0,0.0,1.0,1.0,14,6,12
71771,4,2,3,9,10,3,0,1,0,1,1,18,2,3,1.0,0.0,0.0,1.0,0.0,1.0,15,5,6
93339,16,2,3,17,15,3,0,1,1,1,2,12,2,2,0.0,0.0,0.0,0.0,0.0,2.0,15,3,7
120731,4,7,3,17,8,3,6,1,1,0,2,22,2,2,0.0,0.0,0.0,0.0,0.0,2.0,17,3,9
169528,16,2,0,17,18,3,0,1,0,1,2,6,2,3,3.0,0.0,0.0,3.0,0.0,0.0,18,7,11
26825,16,3,3,17,10,3,0,5,1,1,2,22,2,2,0.0,0.0,0.0,0.0,0.0,3.0,9,3,2
182379,17,11,5,10,10,3,5,5,1,1,2,36,2,2,0.0,0.0,0.0,0.0,0.0,3.0,17,4,12
18782,16,2,1,17,8,3,0,1,1,1,2,24,2,2,0.0,0.0,0.0,0.0,0.0,2.0,20,5,2
57129,16,2,1,17,6,3,0,1,0,1,1,30,2,3,1.0,0.0,0.0,1.0,0.0,2.0,19,6,5
72599,4,2,3,17,8,3,0,1,0,1,0,12,2,3,2.0,0.0,0.0,1.0,1.0,1.0,12,4,6
156202,16,2,3,17,6,3,0,1,1,1,2,36,2,2,0.0,0.0,0.0,0.0,0.0,2.0,13,6,11
158234,15,2,1,0,6,3,0,1,0,1,2,18,2,2,0.0,0.0,0.0,0.0,0.0,3.0,19,3,11
49476,16,2,3,15,2,3,0,1,1,1,0,23,2,2,0.0,0.0,0.0,0.0,0.0,4.0,7,3,4
48322,15,2,3,8,15,3,0,5,1,1,1,36,2,2,0.0,0.0,0.0,0.0,0.0,3.0,15,5,4
34191,16,3,4,10,8,3,6,1,1,1,2,19,2,2,0.0,0.0,0.0,0.0,0.0,2.0,18,2,3
80988,17,11,5,10,17,3,5,5,1,1,0,26,2,2,0.0,0.0,0.0,0.0,0.0,2.0,17,2,6
182180,15,7,1,17,2,3,6,1,0,1,2,18,2,1,1.0,0.0,1.0,0.0,0.0,5.0,1,7,12
31535,16,2,3,10,8,3,0,1,0,1,2,19,2,2,0.0,0.0,0.0,0.0,0.0,2.0,16,6,3
176287,16,2,1,0,6,3,0,1,1,1,2,18,2,2,0.0,0.0,0.0,0.0,0.0,3.0,1,5,12
52250,16,3,3,15,8,3,5,5,1,1,2,36,2,2,0.0,0.0,0.0,0.0,0.0,2.0,18,5,4
1535,16,10,3,17,8,3,4,1,0,1,2,18,2,2,0.0,0.0,0.0,0.0,0.0,2.0,8,5,1
41914,15,2,3,17,8,3,6,6,1,1,2,17,2,2,0.0,0.0,0.0,0.0,0.0,2.0,12,7,3
61790,16,2,3,17,8,3,0,1,0,1,2,36,2,3,1.0,0.0,0.0,1.0,0.0,1.0,15,4,5
3126,16,11,0,17,6,3,5,5,1,1,2,18,2,2,0.0,0.0,0.0,0.0,0.0,2.0,22,3,1
129064,6,2,3,10,2,3,0,2,1,1,2,28,3,2,0.0,0.0,0.0,0.0,0.0,5.0,11,1,9
140668,15,2,3,17,6,3,0,1,0,1,2,5,2,3,1.0,0.0,0.0,1.0,0.0,1.0,13,3,10
142282,4,2,3,17,8,3,0,1,0,1,1,36,2,2,0.0,0.0,0.0,0.0,0.0,4.0,11,2,10
57829,16,2,3,10,15,3,0,1,0,1,2,36,2,3,1.0,0.0,0.0,1.0,0.0,1.0,8,5,5
123739,16,2,3,9,6,3,0,1,0,1,1,18,2,1,1.0,0.0,1.0,0.0,0.0,1.0,15,6,9
18067,16,2,3,10,8,3,0,1,1,1,2,36,2,2,0.0,0.0,0.0,0.0,0.0,2.0,15,1,2
158899,15,2,3,10,8,3,0,1,1,1,2,12,2,2,0.0,0.0,0.0,0.0,0.0,2.0,10,6,11
54242,16,2,3,17,3,3,0,1,1,1,1,24,2,2,0.0,0.0,0.0,0.0,0.0,2.0,13,3,4
48859,16,2,1,0,6,3,0,1,0,1,2,6,2,2,0.0,0.0,0.0,0.0,0.0,3.0,3,7,4
101095,16,2,3,17,8,3,0,1,0,0,2,24,3,3,1.0,0.0,0.0,1.0,0.0,2.0,8,3,7
150155,16,2,1,0,2,4,0,1,0,1,2,6,2,2,0.0,0.0,0.0,0.0,0.0,5.0,19,7,10
47391,16,11,5,17,8,3,5,5,1,1,2,6,2,2,0.0,0.0,0.0,0.0,0.0,3.0,5,3,4
107027,16,2,1,17,2,3,0,1,1,1,2,17,2,2,0.0,0.0,0.0,0.0,0.0,2.0,20,7,8
176194,17,2,1,11,6,3,0,1,1,1,2,36,2,2,0.0,0.0,0.0,0.0,0.0,2.0,17,3,12
63382,16,2,0,17,3,3,5,1,1,1,2,17,2,2,0.0,0.0,0.0,0.0,0.0,3.0,19,7,5
96806,16,2,3,17,2,3,0,1,1,1,1,36,2,2,0.0,0.0,0.0,0.0,0.0,6.0,10,7,7
10621,15,10,3,0,10,3,4,1,0,1,2,39,2,2,0.0,0.0,0.0,0.0,0.0,2.0,15,3,1
118572,15,2,1,0,8,3,0,1,0,1,2,36,2,3,1.0,0.0,0.0,1.0,0.0,2.0,19,7,8
160147,15,2,1,17,6,3,6,1,1,1,1,26,2,2,0.0,0.0,0.0,0.0,0.0,2.0,20,4,11
111784,4,2,3,17,18,3,0,1,0,1,2,36,2,2,0.0,0.0,0.0,0.0,0.0,2.0,9,2,8
179248,15,2,4,17,15,3,0,1,1,1,2,36,2,2,0.0,0.0,0.0,0.0,0.0,2.0,15,3,12
58389,15,2,1,10,8,3,0,1,1,1,2,28,2,2,0.0,0.0,0.0,0.0,0.0,3.0,1,1,5
87856,16,2,3,17,11,3,0,1,1,1,2,36,2,2,0.0,0.0,0.0,0.0,0.0,2.0,6,1,7
153757,16,2,3,17,6,3,0,1,1,1,1,18,2,2,0.0,0.0,0.0,0.0,0.0,2.0,12,6,10
128363,16,2,3,17,2,3,0,1,1,1,1,36,2,2,0.0,0.0,0.0,0.0,0.0,2.0,15,6,9
97756,16,7,3,17,8,3,6,1,0,1,2,19,2,4,1.0,0.0,0.0,0.0,1.0,1.0,11,6,7
52877,16,2,3,15,6,3,0,1,1,1,2,22,2,2,0.0,0.0,0.0,0.0,0.0,2.0,19,2,4
71783,16,2,3,17,10,3,0,1,1,1,2,36,2,2,0.0,0.0,0.0,0.0,0.0,3.0,18,5,6
38829,16,2,3,17,6,3,0,1,1,1,1,18,2,2,0.0,0.0,0.0,0.0,0.0,3.0,16,7,3
97705,16,2,3,0,2,3,0,1,1,1,1,6,2,2,0.0,0.0,0.0,0.0,0.0,2.0,14,6,7
83685,16,2,3,10,8,3,0,1,1,1,2,19,2,2,0.0,0.0,0.0,0.0,0.0,4.0,16,6,6
95831,16,7,1,10,8,3,6,5,1,1,2,28,2,2,0.0,0.0,0.0,0.0,0.0,2.0,0,6,7
79665,15,2,1,0,15,3,0,1,0,1,2,5,2,3,2.0,0.0,0.0,2.0,0.0,2.0,22,3,6
102890,16,2,1,17,3,3,0,1,0,1,2,6,2,2,0.0,0.0,0.0,0.0,0.0,2.0,2,1,7
71085,16,2,3,17,6,3,0,1,0,1,2,18,2,3,1.0,0.0,0.0,1.0,0.0,5.0,13,5,5
149965,16,7,3,0,1,3,6,5,0,1,2,36,2,1,2.0,0.0,2.0,0.0,0.0,3.0,13,5,10
22492,16,2,0,17,8,3,5,5,1,1,1,36,2,2,0.0,0.0,0.0,0.0,0.0,3.0,18,6,2
19123,15,7,0,3,8,3,6,1,0,1,2,6,2,2,0.0,0.0,0.0,0.0,0.0,4.0,19,5,2
109735,15,2,3,0,2,3,0,1,1,1,2,36,2,2,0.0,0.0,0.0,0.0,0.0,2.0,15,1,8
158023,15,2,0,10,2,3,0,1,0,1,2,17,4,2,0.0,0.0,0.0,0.0,0.0,3.0,21,5,11
65708,16,2,3,15,3,3,0,1,1,1,2,7,2,2,0.0,0.0,0.0,0.0,0.0,2.0,17,2,5
109364,16,7,1,10,3,3,0,1,0,1,2,19,3,1,1.0,0.0,1.0,0.0,0.0,2.0,22,7,8
102549,16,2,3,10,15,3,0,1,1,1,2,36,2,2,0.0,0.0,0.0,0.0,0.0,2.0,18,4,7
23836,16,2,1,0,6,3,0,1,0,1,2,36,2,1,1.0,0.0,1.0,0.0,0.0,4.0,20,7,2
24596,4,2,1,15,2,3,0,5,1,1,2,23,2,2,0.0,0.0,0.0,0.0,0.0,3.0,20,6,2
8558,16,2,3,10,6,3,0,1,1,1,2,19,2,2,0.0,0.0,0.0,0.0,0.0,2.0,16,6,1
126497,16,7,1,15,6,3,6,1,1,1,2,36,2,2,0.0,0.0,0.0,0.0,0.0,4.0,21,2,9
176133,16,2,3,17,6,3,0,1,0,1,2,36,2,3,1.0,0.0,0.0,1.0,0.0,1.0,13,1,12
91502,16,2,3,9,8,3,0,1,0,1,2,18,2,1,1.0,0.0,1.0,0.0,0.0,1.0,18,1,7
69756,16,7,3,10,15,3,6,1,1,1,2,17,2,2,0.0,0.0,0.0,0.0,0.0,2.0,15,3,5
167120,15,2,3,8,2,3,0,1,0,1,0,5,3,1,2.0,0.0,2.0,0.0,0.0,2.0,12,3,11
93821,16,2,3,10,8,3,0,1,1,1,0,19,2,2,0.0,0.0,0.0,0.0,0.0,2.0,11,3,7
141130,15,2,3,0,8,3,0,1,0,1,2,18,2,3,1.0,0.0,0.0,1.0,0.0,1.0,14,1,10
72521,16,2,3,17,8,3,0,1,1,1,1,36,2,2,0.0,0.0,0.0,0.0,0.0,2.0,9,3,6
151570,4,2,3,3,2,3,0,1,1,1,0,18,2,2,0.0,0.0,0.0,0.0,0.0,2.0,10,3,10
117976,16,2,3,17,3,3,0,1,0,1,2,24,2,3,1.0,0.0,0.0,1.0,0.0,1.0,15,6,8
106611,15,2,1,0,8,3,0,1,0,1,2,18,2,3,1.0,0.0,0.0,1.0,0.0,1.0,2,2,8
32921,16,2,0,17,2,3,0,1,1,1,2,36,2,2,0.0,0.0,0.0,0.0,0.0,5.0,18,7,3
146112,16,2,0,0,8,3,0,1,1,1,2,17,3,2,0.0,0.0,0.0,0.0,0.0,3.0,1,7,10
112800,15,2,3,0,6,3,0,1,1,1,1,36,2,2,0.0,0.0,0.0,0.0,0.0,2.0,13,4,8
125328,16,2,1,17,15,3,0,1,0,1,2,36,2,2,0.0,0.0,0.0,0.0,0.0,4.0,1,7,9
75713,16,2,1,17,8,3,5,5,1,1,2,36,2,2,0.0,0.0,0.0,0.0,0.0,3.0,4,2,6
7486,16,2,3,0,6,3,0,5,0,1,2,6,2,2,0.0,0.0,0.0,0.0,0.0,3.0,12,2,1
29126,16,2,3,10,18,3,0,5,1,1,2,19,2,2,0.0,0.0,0.0,0.0,0.0,2.0,10,7,3
152018,17,7,3,15,2,3,6,5,0,1,2,22,2,4,2.0,0.0,0.0,0.0,2.0,3.0,7,4,10
144144,15,2,3,17,8,3,0,1,0,1,1,8,2,2,0.0,0.0,0.0,0.0,0.0,3.0,7,6,10
32547,16,7,1,0,10,3,6,1,0,1,2,6,3,1,3.0,0.0,2.0,1.0,0.0,3.0,1,1,3
79697,16,2,3,17,6,3,0,1,0,1,2,36,2,3,1.0,0.0,0.0,1.0,0.0,1.0,16,4,6
70857,15,2,3,17,8,3,0,5,0,1,2,17,2,2,0.0,0.0,0.0,0.0,0.0,2.0,15,7,5
93991,15,11,3,17,2,3,5,5,1,1,1,36,2,2,0.0,0.0,0.0,0.0,0.0,3.0,16,5,7
46625,16,2,3,15,6,3,0,1,1,1,0,36,2,2,0.0,0.0,0.0,0.0,0.0,2.0,12,2,4
52955,15,2,3,17,15,3,0,1,0,1,2,18,2,4,3.0,0.0,0.0,0.0,3.0,0.0,11,4,4
85397,15,7,3,0,8,3,6,1,0,1,2,18,2,4,1.0,0.0,0.0,0.0,1.0,3.0,15,6,6
59194,15,2,3,0,15,3,0,1,0,1,2,18,2,4,2.0,0.0,0.0,0.0,2.0,1.0,11,5,5
169570,15,2,1,17,6,3,6,5,0,1,2,18,2,2,0.0,0.0,0.0,0.0,0.0,2.0,6,2,11
172118,16,2,3,17,6,3,0,5,1,1,1,23,3,2,0.0,0.0,0.0,0.0,0.0,2.0,8,7,11
118641,16,2,3,8,8,3,0,1,1,1,0,19,2,2,0.0,0.0,0.0,0.0,0.0,2.0,7,1,8
138262,16,3,3,15,8,3,0,1,1,1,2,36,2,2,0.0,0.0,0.0,0.0,0.0,6.0,17,3,10
60208,16,2,3,9,10,3,0,1,0,1,0,36,2,3,1.0,0.0,0.0,1.0,0.0,1.0,15,7,5
22049,15,2,3,0,15,3,0,1,1,1,2,36,2,2,0.0,0.0,0.0,0.0,0.0,2.0,7,5,2
162534,15,2,3,0,2,3,0,1,1,1,1,18,2,2,0.0,0.0,0.0,0.0,0.0,4.0,15,3,11
100138,16,2,0,17,6,3,0,1,0,1,2,17,2,1,3.0,0.0,3.0,0.0,0.0,0.0,23,2,7
31576,4,2,1,17,8,3,0,1,1,1,2,24,2,2,0.0,0.0,0.0,0.0,0.0,4.0,22,6,3
48533,16,2,3,10,8,3,0,5,1,1,2,17,3,2,0.0,0.0,0.0,0.0,0.0,3.0,14,6,4
124746,16,2,3,17,1,3,0,1,1,1,2,36,2,2,0.0,0.0,0.0,0.0,0.0,2.0,19,5,9
177525,16,7,1,0,6,3,6,1,0,1,1,36,2,1,2.0,0.0,2.0,0.0,0.0,1.0,18,7,12
36282,15,2,1,17,2,3,0,1,0,1,2,18,2,2,0.0,0.0,0.0,0.0,0.0,2.0,0,7,3
180871,16,2,1,17,8,3,0,1,0,1,2,18,2,3,3.0,0.0,0.0,3.0,0.0,0.0,19,1,12
43022,4,11,3,2,19,3,5,5,1,1,2,36,1,2,0.0,0.0,0.0,0.0,0.0,2.0,13,1,4
25618,15,2,1,0,6,3,0,1,1,1,2,18,2,2,0.0,0.0,0.0,0.0,0.0,2.0,22,5,2
163847,16,3,3,15,8,3,6,1,0,1,1,18,2,2,0.0,0.0,0.0,0.0,0.0,2.0,15,1,11
20223,16,7,3,17,2,3,6,1,1,1,2,22,2,2,0.0,0.0,0.0,0.0,0.0,2.0,15,3,2
185559,16,2,1,0,6,3,4,1,0,1,2,17,2,3,2.0,0.0,0.0,2.0,0.0,3.0,17,7,12
44986,16,2,3,0,8,3,0,1,1,1,2,36,2,2,0.0,0.0,0.0,0.0,0.0,4.0,16,7,4
181172,16,2,1,10,6,3,0,1,0,1,2,6,2,3,2.0,0.0,0.0,2.0,0.0,0.0,4,7,12
19527,16,2,3,10,8,3,0,1,1,0,1,17,2,2,0.0,0.0,0.0,0.0,0.0,2.0,13,6,2
174780,16,7,1,17,8,3,6,1,0,1,2,36,2,2,0.0,0.0,0.0,0.0,0.0,2.0,18,3,12
158458,15,2,1,0,8,3,0,1,0,1,2,5,3,3,2.0,0.0,0.0,2.0,0.0,0.0,23,7,11
150011,16,7,1,9,18,3,6,1,0,1,0,39,2,3,1.0,0.0,0.0,1.0,0.0,1.0,7,5,10
163045,4,2,3,0,10,3,0,1,0,1,2,11,2,4,2.0,0.0,0.0,0.0,2.0,2.0,14,3,11
101855,16,2,3,17,2,3,0,1,0,1,1,23,2,3,1.0,0.0,0.0,1.0,0.0,1.0,17,6,7
7885,16,2,1,10,8,3,0,1,1,1,2,36,2,2,0.0,0.0,0.0,0.0,0.0,2.0,19,1,1
179070,16,2,3,0,8,3,0,1,1,1,2,23,2,2,0.0,0.0,0.0,0.0,0.0,3.0,13,6,12
64546,16,2,3,10,2,3,0,1,1,1,2,36,2,2,0.0,0.0,0.0,0.0,0.0,2.0,15,4,5
658,16,2,1,10,2,3,0,1,0,1,1,17,2,3,1.0,0.0,0.0,1.0,0.0,1.0,18,4,1
62568,4,2,3,17,8,3,0,1,0,1,2,36,2,3,1.0,0.0,0.0,1.0,0.0,1.0,8,2,5
101529,16,2,1,8,6,3,0,1,0,1,1,18,2,3,1.0,0.0,0.0,1.0,0.0,2.0,22,2,7
129602,4,2,3,0,2,3,0,1,1,1,2,18,2,2,0.0,0.0,0.0,0.0,0.0,3.0,17,2,9
156677,4,2,3,0,10,3,0,1,1,0,1,18,2,2,0.0,0.0,0.0,0.0,0.0,2.0,11,3,11
61042,4,2,1,17,8,2,0,1,0,1,2,19,2,2,0.0,0.0,0.0,0.0,0.0,2.0,21,4,5
146401,15,2,3,0,11,3,0,1,0,1,2,18,2,2,0.0,0.0,0.0,0.0,0.0,2.0,15,2,10
16797,4,2,3,0,6,3,0,5,0,0,2,36,2,3,1.0,0.0,0.0,1.0,0.0,1.0,15,1,2
53278,16,2,3,17,8,3,0,1,0,0,2,36,2,2,0.0,0.0,0.0,0.0,0.0,2.0,9,2,4
156730,16,2,3,0,6,3,0,1,0,1,2,6,3,4,4.0,0.0,0.0,0.0,4.0,0.0,8,4,11
176143,16,2,4,0,1,3,0,1,0,1,2,6,3,4,1.0,0.0,0.0,0.0,1.0,5.0,16,1,12
35332,16,2,3,15,2,3,0,1,1,1,0,22,2,2,0.0,0.0,0.0,0.0,0.0,2.0,8,5,3
104410,16,2,3,9,8,3,0,1,0,1,2,36,2,4,1.0,0.0,0.0,0.0,1.0,1.0,18,3,8
8987,16,11,5,10,6,3,5,5,1,1,2,36,2,2,0.0,0.0,0.0,0.0,0.0,2.0,15,4,1
71185,17,11,5,0,8,3,5,5,1,1,0,36,2,2,0.0,0.0,0.0,0.0,0.0,3.0,15,4,5
139976,15,3,4,0,10,3,0,1,0,1,2,18,2,2,0.0,0.0,0.0,0.0,0.0,4.0,17,6,10
110659,15,2,3,10,8,3,0,1,1,1,2,19,2,2,0.0,0.0,0.0,0.0,0.0,2.0,8,6,8
15514,15,2,3,0,8,3,0,1,1,1,2,26,2,2,0.0,0.0,0.0,0.0,0.0,3.0,17,5,2
108531,16,2,3,17,8,3,0,1,1,1,2,12,2,2,0.0,0.0,0.0,0.0,0.0,2.0,13,3,8
138249,16,2,3,10,8,3,0,1,1,1,1,19,2,2,0.0,0.0,0.0,0.0,0.0,2.0,15,3,10
6904,15,2,1,17,8,3,0,1,0,1,2,18,2,1,1.0,0.0,1.0,0.0,0.0,1.0,23,7,1
153725,16,2,3,8,2,3,0,1,1,1,0,26,2,2,0.0,0.0,0.0,0.0,0.0,2.0,7,6,10
114900,16,2,0,10,2,3,0,1,1,0,2,36,2,2,0.0,0.0,0.0,0.0,0.0,2.0,0,7,8
26195,16,2,1,17,8,3,0,1,1,1,2,24,2,2,0.0,0.0,0.0,0.0,0.0,3.0,3,7,2
6991,15,2,3,15,6,3,1,1,1,1,2,23,2,2,0.0,0.0,0.0,0.0,0.0,3.0,15,3,1
58236,16,2,3,10,2,3,0,1,1,1,2,17,2,2,0.0,0.0,0.0,0.0,0.0,3.0,12,4,5
2985,16,10,1,17,8,3,6,1,0,1,2,18,3,2,0.0,0.0,0.0,0.0,0.0,3.0,5,1,1
31386,4,2,3,17,2,3,0,1,0,1,2,18,2,3,2.0,0.0,0.0,2.0,0.0,0.0,9,5,3
153586,4,2,0,17,2,3,0,1,0,1,2,6,2,2,0.0,0.0,0.0,0.0,0.0,2.0,5,4,10
144971,16,2,3,17,3,3,0,5,1,1,2,36,2,2,0.0,0.0,0.0,0.0,0.0,2.0,13,5,10
73972,16,2,3,7,2,3,0,1,0,1,2,8,3,2,0.0,0.0,0.0,0.0,0.0,1.0,11,3,6
124959,15,2,3,3,8,3,0,1,0,1,2,18,2,3,1.0,0.0,0.0,1.0,0.0,2.0,14,7,9
122548,15,2,3,0,6,3,0,1,1,1,2,36,2,2,0.0,0.0,0.0,0.0,0.0,4.0,12,7,9
140354,16,2,3,15,8,3,0,1,1,1,2,36,2,2,0.0,0.0,0.0,0.0,0.0,2.0,12,5,10
24526,16,2,1,17,10,3,0,1,1,1,1,36,2,2,0.0,0.0,0.0,0.0,0.0,2.0,19,5,2
144533,15,2,1,17,6,3,0,1,0,1,2,5,2,3,2.0,0.0,0.0,1.0,1.0,1.0,3,7,10
135074,16,2,3,17,6,3,0,1,1,1,2,6,3,2,0.0,0.0,0.0,0.0,0.0,3.0,12,7,9
112147,16,2,3,0,8,3,0,6,0,1,2,18,2,3,1.0,0.0,0.0,1.0,0.0,4.0,15,1,8
181534,4,2,1,17,2,3,0,1,0,1,2,23,2,3,2.0,0.0,0.0,2.0,0.0,1.0,5,5,12
118173,16,2,3,8,1,3,0,1,0,1,0,18,2,3,1.0,0.0,0.0,1.0,0.0,1.0,14,3,8
75625,15,2,1,0,6,3,0,1,1,1,2,5,2,2,0.0,0.0,0.0,0.0,0.0,2.0,1,7,6
40397,15,2,1,7,6,3,0,5,0,1,2,33,3,2,0.0,0.0,0.0,0.0,0.0,2.0,23,7,3
4301,16,7,3,17,8,3,6,1,1,1,2,6,2,2,0.0,0.0,0.0,0.0,0.0,2.0,12,3,1
18411,16,2,3,10,8,3,0,1,1,1,2,19,2,2,0.0,0.0,0.0,0.0,0.0,4.0,7,6,2
111039,16,2,0,10,8,3,0,1,1,1,2,17,2,2,0.0,0.0,0.0,0.0,0.0,2.0,20,4,8
136770,4,2,3,10,8,3,0,1,1,1,1,36,2,2,0.0,0.0,0.0,0.0,0.0,2.0,14,4,9
111774,16,2,1,15,2,3,5,5,1,1,2,36,2,2,0.0,0.0,0.0,0.0,0.0,2.0,19,2,8
50654,16,7,3,7,2,3,0,5,0,1,2,23,2,2,0.0,0.0,0.0,0.0,0.0,1.0,14,6,4
103685,15,2,1,0,2,3,5,5,0,1,2,5,2,3,4.0,0.0,0.0,4.0,0.0,1.0,2,7,7
188011,15,7,1,10,18,3,6,5,0,1,2,17,2,3,1.0,0.0,0.0,1.0,0.0,2.0,4,1,12
179439,15,2,3,17,6,3,0,1,1,1,2,36,2,2,0.0,0.0,0.0,0.0,0.0,3.0,11,6,12
133040,16,2,3,0,8,3,0,1,0,1,2,18,2,3,1.0,0.0,0.0,1.0,0.0,2.0,14,7,9
79479,4,2,3,17,15,3,0,1,1,1,2,18,2,2,0.0,0.0,0.0,0.0,0.0,3.0,17,7,6
151348,16,2,3,9,6,3,0,1,0,1,2,18,2,3,1.0,0.0,0.0,1.0,0.0,1.0,18,2,10
46926,16,2,1,17,14,3,0,1,0,1,2,36,2,2,0.0,0.0,0.0,0.0,0.0,3.0,0,1,4
104369,15,2,3,0,6,3,0,1,0,1,2,28,2,3,1.0,0.0,0.0,1.0,0.0,1.0,11,2,8
26876,16,2,1,17,8,3,6,1,1,1,1,18,2,2,0.0,0.0,0.0,0.0,0.0,2.0,19,4,2
109216,16,2,3,17,8,3,0,1,1,1,2,22,2,2,0.0,0.0,0.0,0.0,0.0,2.0,10,7,8
86292,15,2,3,0,2,3,0,1,0,1,2,18,2,2,0.0,0.0,0.0,0.0,0.0,2.0,16,5,6
54257,15,2,3,17,6,3,0,1,1,1,2,18,3,2,0.0,0.0,0.0,0.0,0.0,3.0,15,3,4
33963,15,7,1,9,10,3,6,1,0,1,2,18,2,4,1.0,0.0,0.0,0.0,1.0,1.0,7,4,3
88006,15,2,3,17,8,3,0,1,0,1,2,18,4,3,2.0,0.0,0.0,2.0,0.0,2.0,18,4,7
158733,16,2,3,17,2,3,0,1,1,1,2,24,2,2,0.0,0.0,0.0,0.0,0.0,4.0,7,3,11
39980,15,2,3,0,2,3,0,1,1,1,2,18,2,2,0.0,0.0,0.0,0.0,0.0,3.0,14,7,3
14930,16,2,0,0,10,3,0,1,0,1,2,36,2,4,1.0,0.0,0.0,0.0,1.0,1.0,20,2,1
572,16,2,1,10,2,3,0,1,1,1,2,36,3,2,0.0,0.0,0.0,0.0,0.0,3.0,18,3,1
118230,16,7,1,17,8,3,6,1,1,1,2,36,2,2,0.0,0.0,0.0,0.0,0.0,2.0,21,3,8
110148,16,2,3,17,8,3,0,1,0,1,2,18,2,2,0.0,0.0,0.0,0.0,0.0,2.0,9,5,8
124321,16,2,3,10,8,3,0,1,0,1,2,38,2,2,0.0,0.0,0.0,0.0,0.0,2.0,6,7,9
152964,15,2,3,9,8,3,0,1,1,1,0,18,2,2,0.0,0.0,0.0,0.0,0.0,2.0,17,1,10
108405,4,2,3,0,15,3,0,1,0,1,1,38,2,2,0.0,0.0,0.0,0.0,0.0,2.0,12,6,8
179034,15,7,1,17,8,3,6,1,1,1,1,36,2,2,0.0,0.0,0.0,0.0,0.0,2.0,20,5,12
37564,16,2,3,10,2,3,0,1,1,1,2,19,3,2,0.0,0.0,0.0,0.0,0.0,3.0,12,4,3
22932,15,2,3,10,6,3,1,1,1,1,2,39,2,2,0.0,0.0,0.0,0.0,0.0,2.0,8,6,2
112641,16,2,3,10,8,3,0,1,0,1,2,8,4,3,1.0,0.0,0.0,1.0,0.0,3.0,18,7,8
117925,16,2,3,8,8,3,6,1,0,1,1,36,2,3,1.0,0.0,0.0,1.0,0.0,1.0,18,5,8
85163,16,2,4,9,6,3,0,1,0,1,1,35,2,3,1.0,0.0,0.0,1.0,0.0,1.0,20,3,6
153832,15,2,3,17,8,3,0,5,1,1,2,36,2,2,0.0,0.0,0.0,0.0,0.0,2.0,15,2,10
153076,16,2,3,0,6,3,0,1,0,1,2,18,2,2,0.0,0.0,0.0,0.0,0.0,2.0,15,4,10
170734,16,2,0,17,11,3,0,1,0,1,2,18,2,2,0.0,0.0,0.0,0.0,0.0,3.0,17,4,11
16034,16,2,3,10,8,3,0,1,1,1,0,23,2,2,0.0,0.0,0.0,0.0,0.0,2.0,9,7,2
6304,16,2,3,15,6,3,0,1,0,1,2,23,2,3,1.0,0.0,0.0,1.0,0.0,1.0,15,6,1
176188,4,2,1,0,6,3,0,1,0,1,2,18,2,2,0.0,0.0,0.0,0.0,0.0,2.0,3,3,12