crash_date,               traffic_control_device,weather_condition,lighting_condition,first_crash_type,trafficway_type,alignment,roadway_surface_cond,road_defect,crash_type,intersection_related_i,damage,prim_contributory_cause,num_units,most_severe_injury,injuries_total,injuries_fatal,injuries_incapacitating,injuries_non_incapacitating,injuries_reported_not_evident,injuries_no_indication,crash_hour,crash_day_of_week,crash_month
27906,15,2,1,17,6,3,0,1,0,1,2,18,2,2,0.0,0.0,0.0,0.0,0.0,2.0,0,1,2
103316,16,2,3,8,6,3,0,1,0,1,2,11,2,1,1.0,0.0,1.0,0.0,0.0,1.0,19,1,7
20672,15,2,3,0,8,3,0,1,0,1,2,36,2,4,1.0,0.0,0.0,0.0,1.0,2.0,15,4,2
66732,16,2,3,15,8,3,0,5,1,1,2,36,2,2,0.0,0.0,0.0,0.0,0.0,2.0,15,6,5
187771,16,10,1,17,8,3,4,1,1,1,1,12,2,2,0.0,0.0,0.0,0.0,0.0,2.0,17,3,12
146477,16,2,1,10,2,3,0,1,0,1,2,19,2,2,0.0,0.0,0.0,0.0,0.0,2.0,6,3,10
41450,16,2,3,17,8,3,0,1,0,1,2,24,2,3,1.0,0.0,0.0,1.0,0.0,2.0,9,6,3
73684,16,2,3,17,7,3,0,1,0,1,2,24,2,1,2.0,0.0,2.0,0.0,0.0,2.0,6,7,6
25475,16,2,1,10,2,3,0,1,1,1,2,19,2,2,0.0,0.0,0.0,0.0,0.0,2.0,18,3,2
86375,15,2,3,17,2,3,0,1,0,1,2,18,3,2,0.0,0.0,0.0,0.0,0.0,4.0,18,6,6
150800,4,2,3,17,2,3,0,1,1,1,1,36,2,2,0.0,0.0,0.0,0.0,0.0,2.0,13,2,10
14074,16,10,1,10,6,3,6,5,1,1,2,36,2,2,0.0,0.0,0.0,0.0,0.0,2.0,1,1,1
45697,16,2,3,10,6,3,0,1,1,1,2,19,3,2,0.0,0.0,0.0,0.0,0.0,4.0,14,7,4
82365,4,2,3,8,2,3,0,1,0,1,2,26,2,3,1.0,0.0,0.0,1.0,0.0,1.0,18,1,6
134126,16,7,3,9,6,3,6,1,0,1,0,18,2,3,1.0,0.0,0.0,1.0,0.0,2.0,11,3,9
115487,4,2,3,9,15,3,0,5,0,1,0,18,2,3,1.0,0.0,0.0,1.0,0.0,1.0,16,3,8
58163,16,2,3,0,6,3,0,1,1,1,1,6,2,2,0.0,0.0,0.0,0.0,0.0,2.0,12,3,5
52477,16,2,3,17,6,3,0,5,1,1,2,18,2,2,0.0,0.0,0.0,0.0,0.0,2.0,15,3,4
73223,15,2,3,0,2,3,0,1,0,1,2,18,2,2,0.0,0.0,0.0,0.0,0.0,3.0,14,7,6
117661,16,2,3,10,6,3,0,5,1,1,2,19,2,2,0.0,0.0,0.0,0.0,0.0,2.0,16,2,8
134596,15,7,1,0,6,3,6,1,0,1,2,21,2,2,0.0,0.0,0.0,0.0,0.0,3.0,20,1,9
70633,16,2,1,0,6,3,0,1,0,1,2,3,2,3,1.0,0.0,0.0,1.0,0.0,2.0,22,4,5
101255,16,2,3,10,2,3,0,5,1,1,2,19,2,2,0.0,0.0,0.0,0.0,0.0,2.0,12,4,7
149245,16,2,3,10,8,3,0,1,1,0,1,17,2,2,0.0,0.0,0.0,0.0,0.0,2.0,14,1,10
129237,4,2,0,7,10,3,0,1,0,0,2,12,2,2,0.0,0.0,0.0,0.0,0.0,1.0,19,5,9
151815,4,3,3,7,8,3,0,1,0,1,2,36,2,3,1.0,0.0,0.0,1.0,0.0,0.0,16,2,10
174096,15,2,3,17,11,3,0,1,1,1,2,18,2,2,0.0,0.0,0.0,0.0,0.0,2.0,1,1,12
168033,16,2,3,10,2,3,0,1,1,1,2,12,2,2,0.0,0.0,0.0,0.0,0.0,2.0,8,4,11
33062,15,2,3,0,6,3,0,1,0,1,2,18,2,2,0.0,0.0,0.0,0.0,0.0,2.0,16,4,3
100073,16,2,3,17,6,3,0,1,0,1,2,18,4,1,1.0,0.0,1.0,0.0,0.0,3.0,18,1,7
11365,16,2,3,10,6,3,0,1,0,1,2,28,2,3,1.0,0.0,0.0,1.0,0.0,1.0,8,2,1
28610,16,2,3,0,6,3,0,1,0,1,2,6,2,4,1.0,0.0,0.0,0.0,1.0,2.0,7,4,3
157918,16,2,1,10,8,3,0,1,0,1,1,17,2,3,2.0,0.0,0.0,2.0,0.0,2.0,22,7,11
122704,16,2,4,9,6,3,0,1,0,1,0,36,2,3,1.0,0.0,0.0,1.0,0.0,1.0,19,4,9
24498,16,2,3,10,10,3,0,5,1,1,2,19,2,2,0.0,0.0,0.0,0.0,0.0,2.0,14,5,2
124147,16,2,3,15,2,3,0,5,1,1,2,36,2,2,0.0,0.0,0.0,0.0,0.0,2.0,11,3,9
180289,15,2,3,17,8,3,0,1,1,1,2,24,2,2,0.0,0.0,0.0,0.0,0.0,2.0,10,7,12
89159,16,2,3,10,6,3,0,1,1,1,1,12,2,2,0.0,0.0,0.0,0.0,0.0,2.0,15,1,7
163851,15,2,3,0,6,3,0,5,1,1,2,18,2,2,0.0,0.0,0.0,0.0,0.0,2.0,16,1,11
135293,16,2,1,17,8,3,0,1,0,1,2,17,2,3,1.0,0.0,0.0,1.0,0.0,1.0,20,5,9
1851,15,11,5,0,6,3,5,5,1,1,1,36,2,2,0.0,0.0,0.0,0.0,0.0,2.0,17,5,1
134822,16,2,1,15,8,3,0,1,1,1,2,36,2,2,0.0,0.0,0.0,0.0,0.0,2.0,18,3,9
78289,16,2,3,10,8,3,0,1,1,1,2,36,2,2,0.0,0.0,0.0,0.0,0.0,2.0,12,4,6
76818,17,2,3,14,17,3,0,5,1,1,2,36,2,2,0.0,0.0,0.0,0.0,0.0,2.0,14,5,6
91520,16,2,1,0,8,3,0,1,0,1,2,6,2,3,1.0,0.0,0.0,1.0,0.0,1.0,0,1,7
97005,16,2,3,17,6,3,0,1,1,1,2,18,2,2,0.0,0.0,0.0,0.0,0.0,2.0,8,3,7
184820,16,3,3,0,8,3,0,1,0,1,2,6,2,2,0.0,0.0,0.0,0.0,0.0,2.0,7,1,12
162295,4,2,1,15,3,3,0,1,0,0,2,28,2,2,0.0,0.0,0.0,0.0,0.0,3.0,22,7,11
172548,16,2,3,17,5,3,0,1,0,1,2,36,2,2,0.0,0.0,0.0,0.0,0.0,2.0,8,5,12
79984,4,2,1,17,8,3,0,1,1,1,2,18,2,2,0.0,0.0,0.0,0.0,0.0,2.0,21,7,6
60406,15,2,3,0,6,3,0,1,0,1,2,18,2,2,0.0,0.0,0.0,0.0,0.0,2.0,6,3,5
57571,16,2,1,9,8,3,0,1,0,1,0,18,2,1,1.0,0.0,1.0,0.0,0.0,1.0,23,6,5
89421,4,2,1,17,11,3,0,1,1,1,1,23,2,2,0.0,0.0,0.0,0.0,0.0,3.0,3,4,7
23668,16,2,3,10,8,3,0,1,1,1,0,36,2,2,0.0,0.0,0.0,0.0,0.0,2.0,16,4,2
22739,16,2,3,8,15,3,0,1,0,1,0,18,2,3,1.0,0.0,0.0,1.0,0.0,1.0,9,2,2
79074,16,2,3,10,2,3,0,1,1,1,1,17,2,2,0.0,0.0,0.0,0.0,0.0,3.0,11,2,6
163886,16,11,1,0,8,3,5,5,1,1,1,36,2,2,0.0,0.0,0.0,0.0,0.0,2.0,0,1,11
49209,16,2,3,10,3,3,0,1,1,1,2,19,2,2,0.0,0.0,0.0,0.0,0.0,3.0,7,6,4
111943,16,2,3,15,8,3,0,1,1,1,2,36,2,2,0.0,0.0,0.0,0.0,0.0,2.0,14,4,8
109993,16,2,3,15,8,3,0,1,1,1,2,36,2,2,0.0,0.0,0.0,0.0,0.0,2.0,18,2,8
105440,15,2,3,17,6,3,0,1,1,1,2,12,2,2,0.0,0.0,0.0,0.0,0.0,2.0,10,4,8
105037,4,2,3,0,2,3,0,5,1,1,2,36,2,2,0.0,0.0,0.0,0.0,0.0,2.0,12,6,8
82886,15,3,3,0,6,3,0,1,0,1,2,18,2,2,0.0,0.0,0.0,0.0,0.0,4.0,14,2,6
3758,16,2,3,15,6,3,0,1,1,1,2,18,3,2,0.0,0.0,0.0,0.0,0.0,6.0,15,2,1
32744,16,2,3,17,6,3,0,5,1,1,2,18,2,2,0.0,0.0,0.0,0.0,0.0,2.0,8,5,3
33757,15,2,3,15,8,3,0,1,0,1,1,12,2,3,1.0,0.0,0.0,1.0,0.0,1.0,15,3,3
83297,15,2,3,17,6,3,0,1,1,1,0,18,2,2,0.0,0.0,0.0,0.0,0.0,2.0,17,7,6
51303,16,2,1,15,2,3,0,1,1,0,2,23,2,2,0.0,0.0,0.0,0.0,0.0,2.0,0,7,4
120594,16,2,3,10,8,3,0,1,1,0,2,19,2,2,0.0,0.0,0.0,0.0,0.0,2.0,14,7,9
19195,8,2,1,0,2,3,0,1,0,1,1,36,2,3,1.0,0.0,0.0,1.0,0.0,1.0,20,6,2
69668,15,2,3,17,8,3,0,1,1,0,1,36,2,2,0.0,0.0,0.0,0.0,0.0,2.0,9,7,5
121165,15,7,0,17,8,3,6,1,1,1,1,36,2,2,0.0,0.0,0.0,0.0,0.0,4.0,20,7,9
34615,16,2,3,3,6,3,0,1,0,1,2,36,2,4,1.0,0.0,0.0,0.0,1.0,1.0,16,2,3
132645,4,7,3,10,8,3,6,1,0,1,2,19,2,4,5.0,0.0,0.0,0.0,5.0,1.0,18,1,9
65404,15,2,3,0,8,3,0,1,0,1,2,18,2,1,1.0,0.0,1.0,0.0,0.0,1.0,7,5,5
135598,4,2,3,15,2,3,0,1,0,0,1,36,2,2,0.0,0.0,0.0,0.0,0.0,2.0,12,1,9
88096,16,2,0,17,10,3,0,5,1,1,2,22,2,2,0.0,0.0,0.0,0.0,0.0,2.0,1,6,7
10589,16,2,1,17,10,3,0,1,1,1,1,24,2,2,0.0,0.0,0.0,0.0,0.0,3.0,21,2,1
77330,16,2,3,10,2,3,0,1,1,1,2,19,3,2,0.0,0.0,0.0,0.0,0.0,3.0,13,6,6
141229,15,2,3,0,8,3,0,1,1,1,2,12,2,2,0.0,0.0,0.0,0.0,0.0,5.0,6,2,10
26011,15,10,1,0,6,3,4,1,0,1,2,5,2,2,0.0,0.0,0.0,0.0,0.0,2.0,20,5,2
56375,15,7,3,0,6,3,6,5,0,1,2,36,3,2,0.0,0.0,0.0,0.0,0.0,3.0,17,2,5
64948,16,2,3,10,6,3,0,1,1,1,1,19,3,2,0.0,0.0,0.0,0.0,0.0,3.0,17,5,5
50974,16,2,3,15,2,3,0,1,1,1,2,23,2,2,0.0,0.0,0.0,0.0,0.0,2.0,16,3,4
150701,15,2,1,17,15,3,0,5,0,1,2,18,2,3,1.0,0.0,0.0,1.0,0.0,4.0,18,7,10
153143,4,2,3,17,6,3,0,1,1,1,2,22,2,2,0.0,0.0,0.0,0.0,0.0,3.0,13,5,10
122698,4,2,3,15,8,3,0,1,1,0,2,23,2,2,0.0,0.0,0.0,0.0,0.0,2.0,18,4,9
43177,16,2,3,8,8,3,0,1,1,1,0,36,2,2,0.0,0.0,0.0,0.0,0.0,2.0,11,2,4
114781,15,2,3,10,8,3,0,1,1,1,1,8,2,2,0.0,0.0,0.0,0.0,0.0,2.0,17,6,8
25978,15,10,3,0,6,3,6,1,1,1,2,18,2,2,0.0,0.0,0.0,0.0,0.0,2.0,16,5,2
87725,16,2,2,10,8,3,5,5,1,1,2,28,2,2,0.0,0.0,0.0,0.0,0.0,2.0,2,1,6
47015,16,2,3,9,6,3,0,1,1,1,0,18,2,2,0.0,0.0,0.0,0.0,0.0,3.0,9,3,4
142321,16,2,1,17,2,3,0,1,0,1,2,4,2,2,0.0,0.0,0.0,0.0,0.0,2.0,6,3,10
89873,15,2,1,8,10,3,0,1,0,1,0,18,2,3,1.0,0.0,0.0,1.0,0.0,2.0,22,4,7
129768,16,2,1,0,8,3,0,1,1,1,2,6,2,2,0.0,0.0,0.0,0.0,0.0,2.0,0,5,9
15298,16,10,3,15,8,3,6,1,1,1,2,36,2,2,0.0,0.0,0.0,0.0,0.0,2.0,13,2,2
149674,16,2,1,10,2,3,0,1,1,1,2,19,2,2,0.0,0.0,0.0,0.0,0.0,2.0,18,2,10
181404,16,2,3,17,11,3,0,1,1,1,1,17,2,2,0.0,0.0,0.0,0.0,0.0,2.0,8,2,12
68296,16,2,1,17,6,3,0,1,1,1,2,36,2,2,0.0,0.0,0.0,0.0,0.0,2.0,22,7,5
152093,15,2,4,0,8,3,0,1,0,1,2,18,2,2,0.0,0.0,0.0,0.0,0.0,4.0,18,6,10
183574,15,2,3,0,2,3,0,1,1,1,2,36,2,2,0.0,0.0,0.0,0.0,0.0,2.0,12,6,12
33003,16,2,3,10,2,3,0,1,1,1,1,19,2,2,0.0,0.0,0.0,0.0,0.0,2.0,16,2,3
144536,15,2,3,17,6,3,0,5,1,1,2,22,2,2,0.0,0.0,0.0,0.0,0.0,2.0,16,7,10
57187,15,2,3,17,2,3,0,1,1,1,2,36,2,2,0.0,0.0,0.0,0.0,0.0,2.0,8,1,5
90808,15,2,3,0,8,3,0,1,1,1,2,5,2,2,0.0,0.0,0.0,0.0,0.0,2.0,9,5,7
106571,16,2,3,15,2,3,0,1,1,1,1,24,2,2,0.0,0.0,0.0,0.0,0.0,2.0,18,7,8
120199,16,2,3,10,2,3,0,1,1,1,1,36,2,2,0.0,0.0,0.0,0.0,0.0,2.0,12,2,8
32835,16,5,1,10,3,3,6,5,1,1,2,39,2,2,0.0,0.0,0.0,0.0,0.0,2.0,0,6,3
134148,16,2,3,0,8,3,0,1,1,1,1,6,2,2,0.0,0.0,0.0,0.0,0.0,3.0,12,6,9
68593,16,11,5,10,15,3,5,5,1,1,2,36,2,2,0.0,0.0,0.0,0.0,0.0,2.0,21,7,5
123410,4,7,3,17,8,3,6,3,0,1,2,24,2,2,0.0,0.0,0.0,0.0,0.0,2.0,10,5,9
67990,15,2,3,17,8,3,0,5,1,1,2,26,2,2,0.0,0.0,0.0,0.0,0.0,2.0,8,4,5
133905,4,2,3,11,8,3,0,1,1,1,2,21,2,2,0.0,0.0,0.0,0.0,0.0,2.0,8,6,9
111898,16,7,3,15,10,3,6,5,1,1,2,23,2,2,0.0,0.0,0.0,0.0,0.0,2.0,8,5,8
42324,16,2,3,0,8,3,0,1,1,1,2,18,2,2,0.0,0.0,0.0,0.0,0.0,2.0,17,1,4
18963,4,2,3,15,8,3,5,5,1,1,1,36,2,2,0.0,0.0,0.0,0.0,0.0,2.0,14,3,2
52584,16,2,1,17,10,3,0,1,1,1,2,24,2,2,0.0,0.0,0.0,0.0,0.0,3.0,5,3,4
158163,16,7,1,9,10,3,6,1,0,1,0,6,2,3,1.0,0.0,0.0,1.0,0.0,1.0,20,2,11
186431,16,2,0,10,8,3,5,5,0,1,2,36,2,4,1.0,0.0,0.0,0.0,1.0,1.0,21,5,12
167263,15,2,3,0,6,3,0,1,0,1,2,5,2,3,3.0,0.0,0.0,2.0,1.0,2.0,15,7,11
37777,16,2,3,10,8,3,0,1,0,1,1,19,2,3,1.0,0.0,0.0,1.0,0.0,3.0,13,1,3
114839,16,2,1,10,10,3,0,1,1,1,1,17,2,2,0.0,0.0,0.0,0.0,0.0,2.0,1,7,8
180950,16,2,3,17,8,3,0,1,1,1,2,24,2,2,0.0,0.0,0.0,0.0,0.0,2.0,11,2,12
162049,16,2,3,10,6,3,1,1,1,1,2,17,2,2,0.0,0.0,0.0,0.0,0.0,2.0,8,3,11
133252,4,2,3,17,8,3,0,1,0,1,2,36,2,2,0.0,0.0,0.0,0.0,0.0,2.0,14,4,9
52585,15,2,3,10,2,3,0,1,0,1,2,19,3,4,1.0,0.0,0.0,0.0,1.0,2.0,17,3,4
61262,15,2,3,10,2,3,0,1,1,1,0,19,2,2,0.0,0.0,0.0,0.0,0.0,2.0,7,2,5
15326,16,2,1,17,8,3,4,5,1,1,2,39,2,2,0.0,0.0,0.0,0.0,0.0,2.0,19,2,2
154054,4,7,2,10,8,3,6,1,1,1,2,19,3,2,0.0,0.0,0.0,0.0,0.0,3.0,6,3,10
34445,16,6,1,0,11,3,6,1,0,1,2,6,2,4,1.0,0.0,0.0,0.0,1.0,2.0,2,5,3
9490,15,7,1,0,6,3,6,1,1,1,2,36,2,2,0.0,0.0,0.0,0.0,0.0,2.0,0,5,1
115755,16,2,3,15,2,3,0,1,1,1,1,12,2,2,0.0,0.0,0.0,0.0,0.0,2.0,18,6,8
173980,15,2,3,0,8,3,0,1,0,1,2,5,2,3,2.0,0.0,0.0,2.0,0.0,2.0,15,6,12
76014,16,11,5,9,6,3,5,5,0,1,2,36,2,3,1.0,0.0,0.0,1.0,0.0,1.0,12,7,6
24195,16,2,3,10,2,3,0,1,0,1,2,36,2,4,1.0,0.0,0.0,0.0,1.0,1.0,14,7,2
158411,4,7,3,10,8,3,6,1,0,1,2,17,2,3,2.0,0.0,0.0,2.0,0.0,1.0,14,7,11
91975,16,2,3,8,8,3,0,1,0,1,1,12,2,4,1.0,0.0,0.0,0.0,1.0,2.0,16,2,7
143635,16,7,1,0,8,3,6,1,0,1,2,6,2,4,1.0,0.0,0.0,0.0,1.0,1.0,0,6,10
16532,15,2,3,17,8,3,6,1,1,1,1,23,2,2,0.0,0.0,0.0,0.0,0.0,2.0,11,2,2
107486,16,2,3,17,8,3,0,1,1,1,2,18,2,2,0.0,0.0,0.0,0.0,0.0,2.0,18,7,8
139408,16,2,5,0,8,3,0,5,1,1,2,36,2,2,0.0,0.0,0.0,0.0,0.0,2.0,12,4,10
140209,16,3,3,17,15,3,0,1,0,1,2,17,2,2,0.0,0.0,0.0,0.0,0.0,2.0,9,3,10
65804,15,2,3,0,8,3,0,1,0,1,2,3,2,2,0.0,0.0,0.0,0.0,0.0,2.0,15,5,5
8552,16,2,3,17,2,3,0,1,1,1,2,36,2,2,0.0,0.0,0.0,0.0,0.0,5.0,14,6,1
138190,16,2,3,10,8,3,5,5,1,1,2,36,3,2,0.0,0.0,0.0,0.0,0.0,3.0,14,2,10
39965,15,3,3,7,10,3,6,1,1,1,2,36,2,2,0.0,0.0,0.0,0.0,0.0,1.0,11,6,3
100985,16,2,1,0,8,3,0,1,0,1,2,6,2,2,0.0,0.0,0.0,0.0,0.0,3.0,21,1,7
91369,16,7,3,9,6,3,6,1,0,1,1,18,2,3,1.0,0.0,0.0,1.0,0.0,1.0,17,1,7
169089,15,2,3,10,6,3,0,1,1,1,1,36,2,2,0.0,0.0,0.0,0.0,0.0,2.0,9,1,11
154635,16,7,0,9,8,3,6,1,0,1,0,18,2,3,1.0,0.0,0.0,1.0,0.0,1.0,18,4,10
78872,16,2,3,17,6,3,0,1,0,1,2,6,2,2,0.0,0.0,0.0,0.0,0.0,3.0,15,6,6
155114,4,2,1,17,8,3,0,1,1,1,0,17,2,2,0.0,0.0,0.0,0.0,0.0,2.0,1,3,10
94841,15,2,3,0,6,3,0,1,0,1,2,12,2,2,0.0,0.0,0.0,0.0,0.0,3.0,19,5,7
114401,15,2,1,0,6,3,6,1,0,1,2,5,2,3,2.0,0.0,0.0,2.0,0.0,1.0,21,7,8
2803,16,10,3,10,8,3,6,1,1,1,2,36,2,2,0.0,0.0,0.0,0.0,0.0,2.0,14,7,1
122858,16,2,0,17,2,3,0,1,1,1,2,24,2,2,0.0,0.0,0.0,0.0,0.0,2.0,20,4,9
135047,16,2,4,17,6,3,0,1,0,1,2,6,2,2,0.0,0.0,0.0,0.0,0.0,3.0,18,7,9
177155,4,11,3,0,2,3,5,5,1,1,2,26,2,2,0.0,0.0,0.0,0.0,0.0,2.0,9,7,12
132424,16,11,5,10,8,3,5,5,1,1,1,36,2,2,0.0,0.0,0.0,0.0,0.0,2.0,12,7,9
52670,15,2,3,0,8,3,0,1,0,1,2,36,2,3,4.0,0.0,0.0,4.0,0.0,1.0,8,4,4
169281,15,2,3,0,8,3,0,1,1,1,2,18,2,2,0.0,0.0,0.0,0.0,0.0,2.0,16,2,11
76725,16,2,3,3,8,3,0,1,1,1,2,17,2,2,0.0,0.0,0.0,0.0,0.0,2.0,8,2,6
88424,15,7,0,0,6,3,6,1,1,1,1,18,2,2,0.0,0.0,0.0,0.0,0.0,5.0,20,3,7
76705,15,2,3,0,2,3,0,5,1,1,2,5,2,2,0.0,0.0,0.0,0.0,0.0,3.0,17,2,6
135638,16,2,2,10,18,3,0,1,1,1,2,36,2,2,0.0,0.0,0.0,0.0,0.0,3.0,6,2,9
91871,16,2,3,17,18,3,0,1,1,1,0,24,2,2,0.0,0.0,0.0,0.0,0.0,2.0,18,2,7
133413,16,2,1,14,2,3,0,1,1,1,2,36,2,2,0.0,0.0,0.0,0.0,0.0,2.0,20,6,9
115468,16,2,3,10,6,3,0,1,1,1,2,17,2,2,0.0,0.0,0.0,0.0,0.0,2.0,14,3,8
173071,4,2,3,15,15,3,0,5,1,1,0,18,2,2,0.0,0.0,0.0,0.0,0.0,2.0,17,6,12
19341,15,10,3,17,8,3,4,1,1,1,2,36,2,2,0.0,0.0,0.0,0.0,0.0,2.0,16,1,2
38913,16,7,1,15,8,3,6,1,1,1,1,35,2,2,0.0,0.0,0.0,0.0,0.0,2.0,21,6,3
184596,15,7,0,17,15,3,6,5,1,1,1,36,2,2,0.0,0.0,0.0,0.0,0.0,3.0,18,6,12
172385,4,2,1,0,8,3,6,1,1,1,2,18,2,2,0.0,0.0,0.0,0.0,0.0,2.0,23,1,12
95332,4,7,3,17,6,3,6,1,0,1,2,36,2,2,0.0,0.0,0.0,0.0,0.0,5.0,18,6,7
66334,16,2,1,0,8,3,0,1,0,1,2,37,2,3,1.0,0.0,0.0,1.0,0.0,3.0,21,6,5
114187,16,2,3,15,8,3,0,5,1,1,2,36,2,2,0.0,0.0,0.0,0.0,0.0,2.0,19,3,8
80808,16,2,3,17,5,3,0,1,0,1,2,36,2,3,1.0,0.0,0.0,1.0,0.0,1.0,17,7,6
26628,15,2,3,0,6,3,0,5,0,1,2,18,2,2,0.0,0.0,0.0,0.0,0.0,2.0,17,1,2
148763,4,11,3,17,2,3,5,1,1,1,2,36,2,2,0.0,0.0,0.0,0.0,0.0,2.0,12,7,10
3805,17,2,3,17,17,3,0,5,1,1,0,36,2,2,0.0,0.0,0.0,0.0,0.0,2.0,13,4,1
173066,16,2,1,0,8,3,0,1,0,1,2,18,2,4,2.0,0.0,0.0,0.0,2.0,1.0,4,6,12
146538,16,2,3,17,6,3,0,1,0,1,2,18,2,2,0.0,0.0,0.0,0.0,0.0,2.0,17,4,10
114234,16,2,3,15,2,3,0,1,1,1,1,36,2,2,0.0,0.0,0.0,0.0,0.0,2.0,17,5,8
46814,4,2,3,0,8,3,0,1,0,1,2,18,2,4,1.0,0.0,0.0,0.0,1.0,1.0,17,5,4
168289,4,2,1,17,1,3,0,1,0,1,2,36,2,4,1.0,0.0,0.0,0.0,1.0,3.0,17,7,11
188248,4,2,0,3,8,3,0,1,0,0,2,10,2,4,3.0,0.0,0.0,0.0,3.0,0.0,18,2,12
83408,16,2,3,17,15,3,0,1,0,1,2,18,3,3,1.0,0.0,0.0,1.0,0.0,3.0,16,3,6
107240,16,2,3,17,11,3,0,1,0,1,2,36,2,2,0.0,0.0,0.0,0.0,0.0,7.0,12,2,8
87212,15,2,1,0,6,3,0,1,0,1,2,5,2,2,0.0,0.0,0.0,0.0,0.0,2.0,11,7,6
107757,16,2,3,17,8,3,0,5,0,1,2,18,2,2,0.0,0.0,0.0,0.0,0.0,2.0,10,3,8
101337,16,2,3,17,11,3,0,1,1,1,2,24,2,2,0.0,0.0,0.0,0.0,0.0,2.0,17,6,7
119681,16,2,3,0,2,3,0,5,1,1,2,36,3,2,0.0,0.0,0.0,0.0,0.0,3.0,6,2,8
167882,15,2,3,0,15,3,0,1,0,1,2,5,2,4,1.0,0.0,0.0,0.0,1.0,1.0,14,2,11
89529,16,2,3,9,6,3,0,1,0,1,2,38,2,3,1.0,0.0,0.0,1.0,0.0,1.0,12,5,7
170229,4,2,1,10,8,3,4,1,1,1,1,19,2,2,0.0,0.0,0.0,0.0,0.0,3.0,17,3,11
21008,16,2,3,17,8,3,0,1,0,1,2,18,2,2,0.0,0.0,0.0,0.0,0.0,4.0,13,3,2
3447,4,2,3,7,8,3,0,1,1,1,2,19,2,2,0.0,0.0,0.0,0.0,0.0,1.0,15,2,1
103722,16,2,1,10,6,3,0,1,1,1,2,17,2,2,0.0,0.0,0.0,0.0,0.0,2.0,21,7,7
99207,15,2,3,17,8,3,0,1,0,1,2,18,3,2,0.0,0.0,0.0,0.0,0.0,4.0,11,2,7
24104,15,10,3,7,8,3,4,1,1,1,2,39,2,2,0.0,0.0,0.0,0.0,0.0,1.0,7,4,2
78216,4,2,3,15,8,3,0,1,1,0,1,36,2,2,0.0,0.0,0.0,0.0,0.0,3.0,12,3,6
61112,16,3,2,17,10,3,0,1,0,1,1,30,3,2,0.0,0.0,0.0,0.0,0.0,3.0,6,6,5
780,16,7,3,10,6,3,6,1,0,1,1,19,2,2,0.0,0.0,0.0,0.0,0.0,3.0,10,7,1
109471,16,2,3,15,8,3,0,5,1,0,2,23,2,2,0.0,0.0,0.0,0.0,0.0,3.0,17,3,8
77281,16,2,3,10,2,3,0,1,1,1,2,19,2,2,0.0,0.0,0.0,0.0,0.0,2.0,14,5,6
36348,16,2,3,10,8,3,0,1,1,1,2,19,2,2,0.0,0.0,0.0,0.0,0.0,2.0,15,2,3
102107,16,2,3,10,6,3,0,1,0,1,2,12,3,1,4.0,0.0,1.0,3.0,0.0,0.0,19,4,7
17137,16,2,3,10,8,3,4,1,1,0,2,36,2,2,0.0,0.0,0.0,0.0,0.0,3.0,10,6,2
133429,16,2,1,10,6,3,0,1,0,1,2,6,2,2,0.0,0.0,0.0,0.0,0.0,2.0,22,6,9
16657,16,2,3,15,6,3,0,1,1,1,2,22,2,2,0.0,0.0,0.0,0.0,0.0,2.0,14,6,2
119258,16,2,3,0,6,3,5,5,0,1,2,6,2,3,1.0,0.0,0.0,1.0,0.0,1.0,14,3,8
164779,16,7,1,9,10,3,6,1,0,1,0,18,2,4,1.0,0.0,0.0,0.0,1.0,1.0,16,6,11
140770,4,2,1,9,2,3,0,1,0,0,0,18,2,1,2.0,0.0,1.0,1.0,0.0,0.0,22,4,10
188494,16,2,3,17,8,3,5,5,0,1,2,36,2,2,0.0,0.0,0.0,0.0,0.0,2.0,14,2,12
69860,16,3,3,0,6,3,0,1,0,1,2,6,2,2,0.0,0.0,0.0,0.0,0.0,2.0,10,5,5
104626,16,2,1,10,8,3,0,1,0,1,2,16,3,2,0.0,0.0,0.0,0.0,0.0,3.0,21,5,8
32478,15,2,3,10,10,3,0,1,1,1,0,19,2,2,0.0,0.0,0.0,0.0,0.0,2.0,13,7,3
39855,4,2,3,15,8,3,0,5,1,1,1,18,2,2,0.0,0.0,0.0,0.0,0.0,2.0,19,3,3
150677,16,2,0,0,2,3,0,1,0,1,2,18,2,2,0.0,0.0,0.0,0.0,0.0,3.0,3,7,10
9574,16,2,1,15,10,3,6,1,1,1,1,36,2,2,0.0,0.0,0.0,0.0,0.0,3.0,21,4,1
180839,15,2,3,10,8,3,0,1,0,1,2,19,2,4,1.0,0.0,0.0,0.0,1.0,4.0,15,1,12
155047,16,2,3,17,6,2,0,1,0,1,2,6,2,4,2.0,0.0,0.0,0.0,2.0,2.0,10,4,10
10867,15,2,3,0,8,3,0,1,0,1,2,36,2,2,0.0,0.0,0.0,0.0,0.0,3.0,12,7,1
3628,16,2,1,0,8,3,0,1,1,1,2,6,2,2,0.0,0.0,0.0,0.0,0.0,4.0,19,6,1
154735,16,2,3,9,8,3,0,5,0,1,0,36,2,3,1.0,0.0,0.0,1.0,0.0,1.0,8,6,10
94362,15,2,1,10,15,3,0,1,1,1,2,19,2,2,0.0,0.0,0.0,0.0,0.0,2.0,20,4,7
56524,15,2,3,0,10,3,6,1,1,1,1,36,2,2,0.0,0.0,0.0,0.0,0.0,2.0,11,3,5