crash_date,               traffic_control_device,weather_condition,lighting_condition,first_crash_type,trafficway_type,alignment,roadway_surface_cond,road_defect,crash_type,intersection_related_i,damage,prim_contributory_cause,num_units,most_severe_injury,injuries_total,injuries_fatal,injuries_incapacitating,injuries_non_incapacitating,injuries_reported_not_evident,injuries_no_indication,crash_hour,crash_day_of_week,crash_month
46997,16,2,3,10,8,3,0,1,1,1,1,19,2,2,0.0,0.0,0.0,0.0,0.0,2.0,7,3,4
83059,16,2,3,10,2,3,0,1,1,1,1,19,2,2,0.0,0.0,0.0,0.0,0.0,2.0,14,6,6
143482,16,2,4,15,2,3,0,1,1,1,2,23,2,2,0.0,0.0,0.0,0.0,0.0,4.0,17,5,10
161043,16,2,3,17,15,3,0,1,1,1,2,36,2,2,0.0,0.0,0.0,0.0,0.0,2.0,15,3,11
186143,16,2,1,15,10,3,0,1,1,0,0,22,2,2,0.0,0.0,0.0,0.0,0.0,2.0,20,4,12
20637,16,3,3,17,8,3,6,1,0,1,2,18,2,3,2.0,0.0,0.0,2.0,0.0,1.0,10,3,2
90910,15,2,3,0,11,3,0,1,1,1,1,5,2,2,0.0,0.0,0.0,0.0,0.0,2.0,17,6,7
125,16,2,4,10,2,3,6,3,1,1,2,19,2,2,0.0,0.0,0.0,0.0,0.0,4.0,16,3,1
134439,17,11,5,10,8,3,5,5,1,1,1,17,2,2,0.0,0.0,0.0,0.0,0.0,2.0,23,6,9
16156,16,11,1,10,2,3,5,5,1,1,2,17,2,2,0.0,0.0,0.0,0.0,0.0,6.0,23,2,2
117920,16,2,3,0,8,3,0,1,0,1,2,6,2,2,0.0,0.0,0.0,0.0,0.0,2.0,18,5,8
110548,15,2,3,0,11,3,0,1,0,1,1,18,2,1,1.0,0.0,1.0,0.0,0.0,2.0,12,3,8
84243,16,2,1,15,8,3,0,5,0,1,2,23,2,1,4.0,0.0,3.0,1.0,0.0,0.0,3,1,6
28238,15,10,3,2,8,3,4,1,1,1,0,39,1,2,0.0,0.0,0.0,0.0,0.0,2.0,13,3,3
180399,4,2,1,7,8,3,0,1,0,1,2,36,2,2,0.0,0.0,0.0,0.0,0.0,2.0,20,3,12
188022,16,7,3,0,8,3,6,1,0,1,2,18,2,3,2.0,0.0,0.0,2.0,0.0,0.0,7,1,12
175025,15,2,2,2,2,3,6,1,0,1,2,3,2,2,0.0,0.0,0.0,0.0,0.0,2.0,6,5,12
86729,17,2,3,0,8,3,0,5,0,1,2,3,2,2,0.0,0.0,0.0,0.0,0.0,3.0,11,4,6
95274,15,2,0,10,8,3,0,1,1,1,1,19,2,2,0.0,0.0,0.0,0.0,0.0,2.0,20,5,7
80123,16,2,3,15,8,3,0,1,1,1,1,22,2,2,0.0,0.0,0.0,0.0,0.0,4.0,16,4,6
68153,16,2,3,10,2,3,0,1,1,1,2,21,2,2,0.0,0.0,0.0,0.0,0.0,2.0,12,5,5
174409,16,2,4,17,8,3,0,1,0,1,2,12,2,3,2.0,0.0,0.0,2.0,0.0,0.0,16,4,12
26163,16,2,1,10,8,3,0,5,0,1,2,36,2,3,1.0,0.0,0.0,1.0,0.0,1.0,23,7,2
84906,15,2,4,17,8,3,0,1,1,1,2,38,2,2,0.0,0.0,0.0,0.0,0.0,4.0,20,5,6
78441,16,2,3,10,8,3,0,1,1,1,1,36,2,2,0.0,0.0,0.0,0.0,0.0,2.0,11,7,6
28635,4,2,3,11,8,3,0,1,1,1,0,21,2,2,0.0,0.0,0.0,0.0,0.0,2.0,11,4,3
119213,15,2,3,0,8,3,0,1,0,1,2,18,2,2,0.0,0.0,0.0,0.0,0.0,2.0,16,2,8
180140,16,3,3,17,10,3,0,1,1,1,2,24,2,2,0.0,0.0,0.0,0.0,0.0,2.0,14,6,12
73731,16,2,3,15,2,3,0,1,1,1,2,23,2,2,0.0,0.0,0.0,0.0,0.0,2.0,13,1,6
100012,16,2,3,9,1,3,0,1,0,1,0,4,2,3,1.0,0.0,0.0,1.0,0.0,1.0,9,7,7
46980,16,2,1,17,6,3,0,1,1,1,1,24,2,2,0.0,0.0,0.0,0.0,0.0,2.0,4,3,4
41429,16,2,3,17,10,3,0,5,1,1,1,24,2,2,0.0,0.0,0.0,0.0,0.0,2.0,17,6,3
127840,16,2,3,3,8,3,0,1,1,1,2,18,3,2,0.0,0.0,0.0,0.0,0.0,3.0,15,6,9
155743,16,7,4,17,2,3,6,1,1,1,2,12,2,2,0.0,0.0,0.0,0.0,0.0,2.0,18,4,11
169821,15,2,3,0,6,3,0,1,0,1,2,18,2,2,0.0,0.0,0.0,0.0,0.0,2.0,8,3,11
104451,15,2,3,0,8,3,0,1,0,1,2,17,3,3,2.0,0.0,0.0,2.0,0.0,1.0,14,5,8
132589,16,2,1,10,8,3,5,6,0,1,2,36,2,4,1.0,0.0,0.0,0.0,1.0,2.0,23,7,9
35822,16,2,3,17,2,3,0,1,1,1,2,23,2,2,0.0,0.0,0.0,0.0,0.0,2.0,14,6,3
54146,16,10,4,17,2,3,6,1,0,1,2,6,2,3,2.0,0.0,0.0,2.0,0.0,1.0,18,7,4
159482,4,2,3,17,15,3,0,1,0,1,2,22,2,2,0.0,0.0,0.0,0.0,0.0,2.0,7,1,11
22609,16,10,4,17,10,3,4,1,1,1,1,24,2,2,0.0,0.0,0.0,0.0,0.0,2.0,18,7,2
89956,16,2,1,0,2,3,0,1,0,1,2,6,2,3,2.0,0.0,0.0,2.0,0.0,2.0,1,6,7
24071,16,7,3,17,2,3,6,1,1,1,2,18,2,2,0.0,0.0,0.0,0.0,0.0,2.0,12,3,2
163724,16,2,1,17,3,3,0,1,1,1,0,18,2,2,0.0,0.0,0.0,0.0,0.0,4.0,20,5,11
159935,16,7,3,10,10,3,0,1,1,0,2,36,2,2,0.0,0.0,0.0,0.0,0.0,2.0,12,6,11
44036,16,2,3,0,6,3,0,5,1,1,2,6,2,2,0.0,0.0,0.0,0.0,0.0,2.0,13,5,4
107879,16,2,1,15,8,3,0,1,1,1,2,24,2,2,0.0,0.0,0.0,0.0,0.0,2.0,20,5,8
14944,16,3,3,3,8,3,4,1,0,1,2,36,2,2,0.0,0.0,0.0,0.0,0.0,3.0,9,2,1
162093,16,2,3,17,8,3,0,1,1,1,2,36,2,2,0.0,0.0,0.0,0.0,0.0,3.0,13,5,11
48140,15,7,1,0,3,3,6,1,0,1,2,18,2,3,4.0,0.0,0.0,4.0,0.0,0.0,21,7,4
182244,15,7,3,7,6,3,6,1,1,0,2,36,2,2,0.0,0.0,0.0,0.0,0.0,1.0,11,7,12
141733,16,2,3,17,10,3,0,5,0,1,2,36,2,2,0.0,0.0,0.0,0.0,0.0,2.0,13,2,10
62855,4,2,3,17,8,3,0,1,0,0,2,18,2,4,1.0,0.0,0.0,0.0,1.0,1.0,17,6,5
129617,15,2,3,10,8,3,0,1,1,1,0,36,2,2,0.0,0.0,0.0,0.0,0.0,3.0,7,2,9
91732,16,2,3,10,6,3,0,1,1,1,2,19,2,2,0.0,0.0,0.0,0.0,0.0,2.0,15,6,7
137723,15,3,3,0,8,3,0,1,0,1,2,18,2,4,2.0,0.0,0.0,0.0,2.0,0.0,9,2,10
174611,4,7,5,17,6,3,6,5,1,1,1,23,2,2,0.0,0.0,0.0,0.0,0.0,3.0,15,1,12
131738,16,2,3,17,6,3,0,1,0,1,2,24,2,2,0.0,0.0,0.0,0.0,0.0,4.0,15,6,9
119385,16,2,3,10,6,3,0,1,1,1,2,19,2,2,0.0,0.0,0.0,0.0,0.0,5.0,10,5,8
177602,15,2,3,10,15,3,0,5,1,1,1,36,2,2,0.0,0.0,0.0,0.0,0.0,3.0,12,1,12
11160,16,10,3,17,6,3,6,1,1,1,1,24,2,2,0.0,0.0,0.0,0.0,0.0,17.0,14,5,1
102986,16,2,3,0,6,3,0,1,0,1,2,6,2,3,1.0,0.0,0.0,1.0,0.0,2.0,16,3,7
109432,15,2,1,10,8,3,0,1,1,1,1,19,2,2,0.0,0.0,0.0,0.0,0.0,5.0,22,1,8
32652,15,2,1,0,6,3,0,1,1,1,2,5,2,2,0.0,0.0,0.0,0.0,0.0,2.0,20,3,3
161413,15,2,3,17,8,3,0,1,0,1,2,18,2,2,0.0,0.0,0.0,0.0,0.0,4.0,10,7,11
162160,15,2,1,10,8,3,0,1,0,1,2,17,2,2,0.0,0.0,0.0,0.0,0.0,2.0,23,5,11
178643,16,2,3,17,2,3,0,1,0,1,2,24,2,2,0.0,0.0,0.0,0.0,0.0,5.0,10,1,12
38400,16,10,2,10,6,3,6,1,0,1,0,36,2,4,1.0,0.0,0.0,0.0,1.0,1.0,18,6,3
57039,15,2,4,0,8,3,0,1,0,1,2,18,2,3,1.0,0.0,0.0,1.0,0.0,3.0,18,5,5
94277,16,2,3,17,1,3,0,1,1,1,2,19,2,2,0.0,0.0,0.0,0.0,0.0,2.0,15,3,7
123707,15,7,2,0,6,3,6,1,0,1,2,36,2,2,0.0,0.0,0.0,0.0,0.0,2.0,8,4,9
91308,16,2,3,17,6,3,0,1,0,1,2,22,2,2,0.0,0.0,0.0,0.0,0.0,2.0,7,6,7
101212,16,2,3,2,8,3,0,1,0,1,1,36,1,2,0.0,0.0,0.0,0.0,0.0,2.0,8,6,7
131123,15,11,5,0,8,3,6,5,1,1,1,36,2,2,0.0,0.0,0.0,0.0,0.0,3.0,11,3,9
154895,16,7,1,17,6,3,6,1,0,1,2,18,2,4,1.0,0.0,0.0,0.0,1.0,2.0,20,1,10
36116,4,2,3,17,3,3,0,5,0,1,2,18,2,2,0.0,0.0,0.0,0.0,0.0,2.0,10,5,3
4069,15,3,3,15,8,3,0,1,0,1,2,18,2,2,0.0,0.0,0.0,0.0,0.0,5.0,7,5,1
51023,16,2,3,10,6,3,0,1,1,1,2,36,2,2,0.0,0.0,0.0,0.0,0.0,6.0,16,4,4
13858,16,10,3,10,8,3,6,5,1,1,1,36,2,2,0.0,0.0,0.0,0.0,0.0,2.0,17,3,1
124543,16,7,3,17,10,3,6,1,1,1,2,36,2,2,0.0,0.0,0.0,0.0,0.0,2.0,9,1,9
168829,15,7,3,9,8,3,6,5,0,1,1,39,2,3,1.0,0.0,0.0,1.0,0.0,1.0,15,3,11
156601,15,2,3,0,17,3,0,1,1,1,2,36,2,2,0.0,0.0,0.0,0.0,0.0,2.0,10,2,11
45632,16,7,3,15,8,3,6,1,1,1,2,19,2,2,0.0,0.0,0.0,0.0,0.0,2.0,18,6,4
56093,16,2,3,15,8,3,0,1,1,1,0,22,2,2,0.0,0.0,0.0,0.0,0.0,2.0,9,3,5
135044,16,2,3,10,2,3,0,1,0,1,1,26,2,4,1.0,0.0,0.0,0.0,1.0,2.0,18,7,9
133931,16,2,3,17,8,3,0,1,0,1,2,18,2,3,1.0,0.0,0.0,1.0,0.0,1.0,12,6,9
118974,15,2,3,0,8,3,5,5,1,1,1,36,2,2,0.0,0.0,0.0,0.0,0.0,2.0,16,5,8
150860,16,2,3,17,6,3,0,1,1,1,2,24,2,2,0.0,0.0,0.0,0.0,0.0,2.0,13,4,10
81359,16,2,3,9,6,3,0,5,0,1,0,6,3,3,2.0,0.0,0.0,2.0,0.0,1.0,17,1,6
40202,16,7,3,17,8,3,6,1,1,1,2,18,2,2,0.0,0.0,0.0,0.0,0.0,3.0,8,3,3
41907,16,2,3,10,2,3,0,1,0,1,2,17,4,2,0.0,0.0,0.0,0.0,0.0,6.0,11,7,3
2166,16,2,1,17,8,3,4,5,0,1,2,18,2,2,0.0,0.0,0.0,0.0,0.0,3.0,6,3,1
72145,4,2,3,0,6,3,0,1,0,1,2,36,2,3,2.0,0.0,0.0,2.0,0.0,2.0,14,5,6
116723,15,2,3,17,2,3,0,1,0,1,2,17,2,2,0.0,0.0,0.0,0.0,0.0,3.0,8,6,8
135287,15,2,3,0,8,3,0,1,0,1,2,18,2,2,0.0,0.0,0.0,0.0,0.0,2.0,7,5,9
54365,15,2,1,0,8,3,0,1,0,1,2,18,2,3,2.0,0.0,0.0,2.0,0.0,0.0,21,4,4
88117,16,2,2,17,8,3,0,1,1,1,2,18,2,2,0.0,0.0,0.0,0.0,0.0,3.0,17,6,7
182497,15,2,3,8,10,3,0,1,0,1,2,18,2,3,1.0,0.0,0.0,1.0,0.0,1.0,15,3,12
85869,16,7,3,17,10,3,6,1,1,1,0,36,2,2,0.0,0.0,0.0,0.0,0.0,2.0,18,5,6
188004,16,2,1,17,15,3,6,5,1,1,2,18,3,2,0.0,0.0,0.0,0.0,0.0,5.0,15,1,12
118365,4,7,3,15,10,3,6,1,1,1,2,18,2,2,0.0,0.0,0.0,0.0,0.0,2.0,8,3,8
171509,16,2,3,15,8,3,0,1,1,0,2,22,2,2,0.0,0.0,0.0,0.0,0.0,3.0,8,4,11
27267,16,2,3,0,8,3,0,1,1,1,2,6,2,2,0.0,0.0,0.0,0.0,0.0,2.0,11,3,2
53255,16,2,3,15,8,3,0,1,1,1,0,18,2,2,0.0,0.0,0.0,0.0,0.0,2.0,17,2,4
114167,16,2,3,17,2,3,0,5,1,1,1,19,3,2,0.0,0.0,0.0,0.0,0.0,3.0,15,3,8
3880,16,7,3,17,3,3,6,1,1,1,1,22,2,2,0.0,0.0,0.0,0.0,0.0,2.0,12,7,1
72619,4,2,3,17,15,3,0,1,1,1,0,24,2,2,0.0,0.0,0.0,0.0,0.0,4.0,16,5,6
63578,15,2,3,0,6,3,0,1,0,1,2,18,2,2,0.0,0.0,0.0,0.0,0.0,2.0,10,4,5
66918,4,2,3,17,15,3,0,1,0,1,1,18,2,4,1.0,0.0,0.0,0.0,1.0,5.0,15,2,5
16022,16,2,4,10,8,3,0,1,1,1,2,36,2,2,0.0,0.0,0.0,0.0,0.0,2.0,16,7,2
109310,16,2,3,8,2,3,0,1,0,1,1,36,2,3,1.0,0.0,0.0,1.0,0.0,2.0,13,7,8
62590,16,2,3,0,11,3,0,1,0,1,2,35,2,2,0.0,0.0,0.0,0.0,0.0,2.0,11,2,5
105664,16,2,3,17,8,3,0,5,1,1,2,36,2,2,0.0,0.0,0.0,0.0,0.0,2.0,13,7,8
157734,15,11,3,0,6,3,5,5,1,1,0,36,2,2,0.0,0.0,0.0,0.0,0.0,2.0,15,5,11
82443,4,2,3,15,2,3,0,1,1,1,2,18,2,2,0.0,0.0,0.0,0.0,0.0,2.0,18,2,6
36471,16,2,1,17,8,3,0,1,0,1,2,17,2,2,0.0,0.0,0.0,0.0,0.0,4.0,19,5,3
151329,16,2,3,0,19,3,0,1,0,1,2,36,2,3,1.0,0.0,0.0,1.0,0.0,1.0,15,2,10
85562,16,2,1,0,6,3,0,1,0,1,2,6,2,3,1.0,0.0,0.0,1.0,0.0,2.0,2,1,6
134623,16,3,3,15,6,3,0,1,1,1,1,22,2,2,0.0,0.0,0.0,0.0,0.0,2.0,12,1,9
10408,17,11,5,17,8,3,5,5,1,1,2,36,2,2,0.0,0.0,0.0,0.0,0.0,2.0,16,7,1
22521,16,3,3,0,6,3,5,5,0,1,2,36,2,2,0.0,0.0,0.0,0.0,0.0,2.0,11,6,2
18884,16,2,0,0,8,3,0,5,0,1,2,38,2,1,1.0,0.0,1.0,0.0,0.0,3.0,22,7,2
56060,15,2,3,17,8,3,0,1,1,1,2,36,2,2,0.0,0.0,0.0,0.0,0.0,2.0,15,3,5
49333,15,7,3,0,8,3,6,1,1,1,2,18,2,2,0.0,0.0,0.0,0.0,0.0,2.0,8,1,4
112265,4,2,3,17,2,3,0,1,1,1,2,36,2,2,0.0,0.0,0.0,0.0,0.0,2.0,15,3,8
10875,4,10,3,17,2,4,6,1,1,0,2,24,2,2,0.0,0.0,0.0,0.0,0.0,2.0,13,1,1
159453,16,2,1,2,8,3,0,1,0,0,2,17,1,2,0.0,0.0,0.0,0.0,0.0,1.0,2,1,11
187377,4,2,3,17,2,3,0,1,0,1,2,24,2,2,0.0,0.0,0.0,0.0,0.0,5.0,8,4,12
11120,16,7,3,9,8,3,6,1,0,1,0,18,2,3,1.0,0.0,0.0,1.0,0.0,1.0,8,4,1
92138,16,2,3,17,8,3,0,1,1,1,2,36,2,2,0.0,0.0,0.0,0.0,0.0,2.0,11,5,7
125217,15,2,1,17,15,3,0,1,0,1,2,18,2,2,0.0,0.0,0.0,0.0,0.0,3.0,19,5,9
6548,16,2,3,0,8,3,0,5,0,1,2,11,3,3,1.0,0.0,0.0,1.0,0.0,3.0,15,1,1
165771,16,2,1,17,6,4,0,1,1,1,1,6,2,2,0.0,0.0,0.0,0.0,0.0,2.0,2,7,11
131496,16,2,3,17,8,4,0,1,0,1,2,18,2,2,0.0,0.0,0.0,0.0,0.0,3.0,16,1,9
174777,15,7,1,0,6,3,6,1,0,1,2,18,2,2,0.0,0.0,0.0,0.0,0.0,2.0,18,3,12
113361,16,2,3,2,2,3,0,1,0,0,2,13,1,2,0.0,0.0,0.0,0.0,0.0,2.0,6,5,8
55097,16,2,3,10,2,3,0,1,1,1,0,17,2,2,0.0,0.0,0.0,0.0,0.0,5.0,18,1,4
24236,16,2,3,10,3,3,0,1,1,1,2,14,2,2,0.0,0.0,0.0,0.0,0.0,2.0,9,7,2
115037,16,2,3,10,6,3,0,1,1,1,2,19,2,2,0.0,0.0,0.0,0.0,0.0,2.0,16,4,8
98197,16,7,1,17,8,3,6,1,0,1,1,18,2,2,0.0,0.0,0.0,0.0,0.0,3.0,20,6,7
56772,4,2,3,15,8,3,0,1,1,1,0,36,2,2,0.0,0.0,0.0,0.0,0.0,2.0,10,1,5
151070,16,2,1,9,2,3,0,1,0,1,1,36,2,1,1.0,0.0,1.0,0.0,0.0,1.0,4,4,10
1371,4,7,3,8,8,3,6,1,0,0,0,36,2,3,1.0,0.0,0.0,1.0,0.0,1.0,11,3,1
102784,16,2,3,14,6,3,0,1,1,1,2,36,2,2,0.0,0.0,0.0,0.0,0.0,2.0,8,7,7
32114,4,7,3,15,8,3,6,1,1,1,2,36,2,2,0.0,0.0,0.0,0.0,0.0,3.0,16,2,3
184429,16,2,0,0,11,3,0,1,1,1,1,18,2,2,0.0,0.0,0.0,0.0,0.0,2.0,21,3,12
1687,16,3,4,17,6,3,0,1,1,1,1,38,2,2,0.0,0.0,0.0,0.0,0.0,2.0,15,2,1
167580,15,10,3,10,6,3,4,1,1,1,2,39,2,2,0.0,0.0,0.0,0.0,0.0,2.0,11,5,11
106451,16,2,1,0,10,3,5,5,1,1,1,36,2,2,0.0,0.0,0.0,0.0,0.0,2.0,22,5,8
25023,4,2,2,7,6,3,6,1,1,1,2,24,2,2,0.0,0.0,0.0,0.0,0.0,1.0,16,2,2
161215,4,2,3,0,6,3,0,1,0,1,2,24,2,2,0.0,0.0,0.0,0.0,0.0,4.0,13,6,11
29053,16,2,1,17,6,3,0,1,0,1,2,6,4,3,3.0,0.0,0.0,3.0,0.0,6.0,18,5,3
52414,15,2,3,13,6,4,0,6,0,1,2,36,2,4,1.0,0.0,0.0,0.0,1.0,1.0,14,1,4
68045,16,2,3,10,8,3,0,1,1,1,2,36,2,2,0.0,0.0,0.0,0.0,0.0,6.0,17,6,5
160102,4,2,3,17,2,3,0,5,1,1,2,23,2,2,0.0,0.0,0.0,0.0,0.0,3.0,14,4,11
27711,16,2,3,0,1,3,0,3,0,1,2,38,3,2,0.0,0.0,0.0,0.0,0.0,6.0,8,4,2
49943,16,7,3,10,18,3,6,1,0,1,2,19,2,4,1.0,0.0,0.0,0.0,1.0,1.0,13,5,4
171953,4,2,3,0,2,3,0,1,0,1,2,18,3,2,0.0,0.0,0.0,0.0,0.0,2.0,13,4,11
155575,16,10,1,9,8,3,4,1,0,1,0,36,2,4,1.0,0.0,0.0,0.0,1.0,1.0,20,3,10
130081,16,11,1,17,8,3,5,1,1,1,2,18,2,2,0.0,0.0,0.0,0.0,0.0,2.0,20,6,9
37181,16,2,3,17,2,3,0,5,0,1,2,6,2,2,0.0,0.0,0.0,0.0,0.0,3.0,13,3,3
123963,16,7,3,9,8,3,6,1,0,1,0,18,2,4,1.0,0.0,0.0,0.0,1.0,1.0,12,6,9
170317,16,3,3,10,8,3,0,1,1,1,2,36,2,2,0.0,0.0,0.0,0.0,0.0,2.0,8,4,11
96273,16,2,3,0,15,3,0,1,0,1,2,6,2,3,1.0,0.0,0.0,1.0,0.0,1.0,6,6,7
154379,16,2,3,9,6,3,0,5,0,1,1,6,2,3,1.0,0.0,0.0,1.0,0.0,1.0,17,3,10
87805,16,2,3,10,8,3,0,1,0,1,1,17,2,4,1.0,0.0,0.0,0.0,1.0,1.0,6,7,7
107681,16,2,3,10,8,3,0,1,1,1,2,19,2,2,0.0,0.0,0.0,0.0,0.0,2.0,7,4,8
41573,16,2,1,0,8,3,0,1,1,1,2,18,2,2,0.0,0.0,0.0,0.0,0.0,2.0,2,3,3
50097,16,6,3,10,8,3,2,5,0,0,2,17,3,2,0.0,0.0,0.0,0.0,0.0,3.0,15,2,4
78141,4,2,3,10,6,3,0,5,0,1,0,36,2,4,1.0,0.0,0.0,0.0,1.0,1.0,9,4,6
61038,16,2,3,15,10,3,0,1,1,1,2,22,2,2,0.0,0.0,0.0,0.0,0.0,3.0,19,4,5
153616,16,2,3,0,6,3,0,1,1,1,2,36,2,2,0.0,0.0,0.0,0.0,0.0,2.0,12,4,10
41875,16,2,3,15,8,3,0,1,1,1,1,26,2,2,0.0,0.0,0.0,0.0,0.0,5.0,17,7,3
165857,16,7,1,17,8,3,6,1,1,1,2,23,2,2,0.0,0.0,0.0,0.0,0.0,2.0,17,2,11
140187,15,2,3,0,6,3,0,6,0,1,2,5,2,3,3.0,0.0,0.0,2.0,1.0,0.0,17,3,10
65288,16,2,3,0,8,3,0,1,0,1,2,6,3,4,3.0,0.0,0.0,0.0,3.0,1.0,11,3,5
24161,15,2,1,17,2,3,0,1,1,1,2,18,2,2,0.0,0.0,0.0,0.0,0.0,2.0,20,5,2
167582,16,10,4,10,6,3,4,1,1,1,1,36,2,2,0.0,0.0,0.0,0.0,0.0,3.0,11,5,11
177055,4,2,3,10,8,3,0,1,1,1,2,19,2,2,0.0,0.0,0.0,0.0,0.0,4.0,16,2,12
179245,15,3,3,0,8,3,0,1,0,1,2,36,2,3,1.0,0.0,0.0,1.0,0.0,2.0,15,3,12
9588,4,2,3,10,8,3,0,1,1,0,0,23,2,2,0.0,0.0,0.0,0.0,0.0,3.0,13,7,1
127731,15,2,1,17,6,3,0,1,1,1,2,23,2,2,0.0,0.0,0.0,0.0,0.0,2.0,22,6,9
149629,4,2,1,17,6,3,0,1,1,1,2,23,2,2,0.0,0.0,0.0,0.0,0.0,2.0,23,7,10
121745,16,6,1,9,8,3,6,1,0,1,0,18,2,3,1.0,0.0,0.0,1.0,0.0,1.0,23,2,9
8240,16,2,3,17,3,3,0,1,0,1,2,24,2,3,2.0,0.0,0.0,1.0,1.0,1.0,10,5,1
122454,15,2,2,0,6,3,0,1,1,1,2,5,2,2,0.0,0.0,0.0,0.0,0.0,5.0,18,6,9
32435,4,2,3,17,3,3,0,1,0,1,2,38,2,2,0.0,0.0,0.0,0.0,0.0,2.0,12,5,3
153089,16,2,4,17,6,3,0,1,0,1,2,18,3,2,0.0,0.0,0.0,0.0,0.0,3.0,18,4,10
85364,16,7,1,17,8,3,6,1,1,0,2,23,2,2,0.0,0.0,0.0,0.0,0.0,3.0,22,4,6
71615,16,2,3,10,2,3,0,1,1,0,2,36,3,2,0.0,0.0,0.0,0.0,0.0,3.0,15,4,5
137550,17,11,5,15,8,3,5,5,1,1,1,12,2,2,0.0,0.0,0.0,0.0,0.0,2.0,18,2,9
57988,16,2,3,15,2,3,0,1,0,1,2,23,2,2,0.0,0.0,0.0,0.0,0.0,3.0,13,7,5
43961,16,2,3,17,8,3,0,1,0,1,2,18,2,3,1.0,0.0,0.0,1.0,0.0,1.0,10,2,4
100333,16,2,3,10,2,3,0,5,1,1,2,19,2,2,0.0,0.0,0.0,0.0,0.0,2.0,14,5,7
39597,15,2,3,0,8,3,0,1,1,1,2,5,2,2,0.0,0.0,0.0,0.0,0.0,2.0,12,6,3
117866,4,2,3,9,6,3,0,5,0,1,0,36,2,3,1.0,0.0,0.0,1.0,0.0,1.0,17,3,8
14982,16,2,3,7,8,3,0,1,1,1,2,23,2,2,0.0,0.0,0.0,0.0,0.0,1.0,17,3,1
80220,16,11,3,15,19,3,5,5,1,1,2,17,2,2,0.0,0.0,0.0,0.0,0.0,3.0,19,5,6
8874,17,2,1,10,8,3,0,1,1,0,2,26,2,2,0.0,0.0,0.0,0.0,0.0,3.0,17,2,1
145525,15,2,3,10,8,3,0,1,1,1,2,19,2,2,0.0,0.0,0.0,0.0,0.0,2.0,10,5,10
78132,4,2,3,15,6,3,0,1,1,1,1,18,2,2,0.0,0.0,0.0,0.0,0.0,2.0,8,4,6
55388,15,2,3,17,6,3,0,1,1,1,2,36,2,2,0.0,0.0,0.0,0.0,0.0,3.0,15,7,4
47454,16,2,3,17,6,3,0,1,1,1,2,18,2,2,0.0,0.0,0.0,0.0,0.0,3.0,16,4,4
83415,15,2,3,0,6,3,0,1,0,1,2,18,2,4,1.0,0.0,0.0,0.0,1.0,1.0,17,3,6
150177,16,2,3,17,3,3,0,1,1,1,1,18,2,2,0.0,0.0,0.0,0.0,0.0,4.0,12,7,10
82097,15,2,3,8,8,3,0,1,0,1,0,36,2,3,1.0,0.0,0.0,1.0,0.0,2.0,14,4,6
131511,16,2,3,17,6,3,0,1,0,1,2,18,2,1,3.0,0.0,1.0,2.0,0.0,4.0,7,1,9
114796,4,2,3,2,10,3,0,5,0,1,2,36,1,2,0.0,0.0,0.0,0.0,0.0,1.0,19,6,8
173725,16,2,4,10,8,3,0,1,0,1,1,28,2,3,1.0,0.0,0.0,1.0,0.0,1.0,15,6,12
177613,16,2,3,17,8,3,0,1,1,1,2,36,2,2,0.0,0.0,0.0,0.0,0.0,2.0,14,3,12
110640,16,2,1,0,8,3,0,1,1,1,2,18,2,2,0.0,0.0,0.0,0.0,0.0,2.0,5,6,8
70682,4,2,3,17,8,3,0,1,1,1,1,11,2,2,0.0,0.0,0.0,0.0,0.0,2.0,7,3,5
37957,4,2,1,0,8,3,0,1,1,1,2,18,2,2,0.0,0.0,0.0,0.0,0.0,2.0,19,5,3
5278,4,2,1,15,11,3,0,1,0,1,2,36,2,2,0.0,0.0,0.0,0.0,0.0,5.0,21,4,1
113938,15,2,3,0,3,3,0,1,0,1,2,18,2,2,0.0,0.0,0.0,0.0,0.0,2.0,7,7,8
15081,15,2,2,17,2,3,6,1,1,1,2,18,2,2,0.0,0.0,0.0,0.0,0.0,4.0,7,4,2
124635,16,2,1,0,8,3,0,1,0,1,2,36,2,3,4.0,0.0,0.0,4.0,0.0,0.0,2,4,9
166122,15,2,3,0,2,3,0,1,1,1,1,18,2,2,0.0,0.0,0.0,0.0,0.0,2.0,6,3,11
149148,16,2,3,15,1,3,0,1,1,1,0,19,2,2,0.0,0.0,0.0,0.0,0.0,2.0,10,4,10
176914,15,7,1,17,10,4,6,1,0,1,1,24,2,2,0.0,0.0,0.0,0.0,0.0,2.0,19,6,12
8099,15,2,3,15,8,3,0,1,1,1,0,36,2,2,0.0,0.0,0.0,0.0,0.0,2.0,14,4,1
137071,16,2,3,9,8,3,0,1,0,1,1,12,2,4,1.0,0.0,0.0,0.0,1.0,1.0,14,7,9
172654,16,7,1,9,8,3,6,1,0,1,2,36,2,3,1.0,0.0,0.0,1.0,0.0,1.0,21,6,12
111767,15,2,3,17,15,3,0,5,0,1,2,18,2,2,0.0,0.0,0.0,0.0,0.0,4.0,17,2,8
84352,16,3,3,17,5,3,0,1,1,1,1,18,2,2,0.0,0.0,0.0,0.0,0.0,2.0,9,2,6
61378,16,2,3,10,8,3,0,1,1,1,2,19,3,2,0.0,0.0,0.0,0.0,0.0,3.0,9,4,5
96829,15,2,1,15,6,3,0,1,1,1,2,23,2,2,0.0,0.0,0.0,0.0,0.0,2.0,2,1,7