crash_date,               traffic_control_device,weather_condition,lighting_condition,first_crash_type,trafficway_type,alignment,roadway_surface_cond,road_defect,crash_type,intersection_related_i,damage,prim_contributory_cause,num_units,most_severe_injury,injuries_total,injuries_fatal,injuries_incapacitating,injuries_non_incapacitating,injuries_reported_not_evident,injuries_no_indication,crash_hour,crash_day_of_week,crash_month
18185,16,2,2,10,6,3,0,5,1,1,2,36,2,2,0.0,0.0,0.0,0.0,0.0,2.0,17,3,2
15824,16,10,3,10,8,3,4,1,1,0,1,39,2,2,0.0,0.0,0.0,0.0,0.0,2.0,15,4,2
474,16,2,0,0,6,3,0,1,0,1,2,6,2,3,1.0,0.0,0.0,1.0,0.0,4.0,4,4,1
101467,15,2,3,10,8,3,0,1,1,1,2,19,2,2,0.0,0.0,0.0,0.0,0.0,2.0,12,7,7
153817,16,3,3,15,8,3,0,5,0,1,0,36,2,2,0.0,0.0,0.0,0.0,0.0,6.0,12,7,10
70010,16,2,1,10,6,3,0,1,0,1,2,36,2,3,1.0,0.0,0.0,1.0,0.0,4.0,22,7,5
59950,17,2,3,17,6,3,5,5,1,1,0,12,2,2,0.0,0.0,0.0,0.0,0.0,2.0,17,4,5
87432,16,2,3,10,6,3,0,1,1,1,1,36,2,2,0.0,0.0,0.0,0.0,0.0,2.0,11,1,6
41248,4,2,1,2,8,3,0,1,0,1,2,36,1,2,0.0,0.0,0.0,0.0,0.0,1.0,1,4,3
133596,15,2,0,8,10,3,0,1,0,1,0,17,2,3,1.0,0.0,0.0,1.0,0.0,2.0,1,1,9
132418,16,2,1,17,6,3,0,1,0,1,2,12,2,2,0.0,0.0,0.0,0.0,0.0,2.0,0,7,9
16834,15,2,3,0,6,3,0,1,0,1,2,18,2,4,1.0,0.0,0.0,0.0,1.0,1.0,12,1,2
182039,16,2,3,10,8,3,0,1,1,1,1,19,2,2,0.0,0.0,0.0,0.0,0.0,3.0,13,4,12
10717,16,2,1,10,8,3,0,5,1,1,0,19,2,2,0.0,0.0,0.0,0.0,0.0,2.0,20,4,1
126440,16,7,3,0,3,3,6,5,0,1,2,36,5,1,3.0,0.0,3.0,0.0,0.0,3.0,14,2,9
59765,4,2,1,10,8,3,0,1,1,1,2,19,2,2,0.0,0.0,0.0,0.0,0.0,2.0,20,7,5
113555,16,2,0,0,10,3,5,5,0,1,2,3,2,4,1.0,0.0,0.0,0.0,1.0,1.0,22,6,8
99680,16,7,1,9,6,3,6,5,0,1,1,18,2,3,1.0,0.0,0.0,1.0,0.0,1.0,19,3,7
66880,16,2,3,3,2,3,0,1,0,1,2,36,2,2,0.0,0.0,0.0,0.0,0.0,2.0,17,1,5
65550,4,2,1,8,0,3,0,1,0,0,0,18,2,1,1.0,0.0,1.0,0.0,0.0,1.0,21,1,5
79628,16,2,3,10,8,3,0,1,1,1,2,36,2,2,0.0,0.0,0.0,0.0,0.0,2.0,17,3,6
149785,16,7,4,17,8,3,6,1,1,1,2,6,2,2,0.0,0.0,0.0,0.0,0.0,4.0,17,1,10
92583,16,2,3,10,8,3,0,1,1,1,2,19,2,2,0.0,0.0,0.0,0.0,0.0,5.0,10,4,7
21069,16,10,1,10,17,3,4,5,1,1,2,19,3,2,0.0,0.0,0.0,0.0,0.0,3.0,20,1,2
167214,16,2,1,10,10,3,0,1,1,1,1,19,2,2,0.0,0.0,0.0,0.0,0.0,2.0,18,5,11
149866,16,2,1,15,11,3,0,1,0,1,2,36,2,2,0.0,0.0,0.0,0.0,0.0,2.0,6,2,10
4906,6,10,0,7,2,3,4,1,1,1,2,36,2,2,0.0,0.0,0.0,0.0,0.0,1.0,1,2,1
118761,16,2,1,9,8,3,6,1,0,1,2,18,2,1,1.0,0.0,1.0,0.0,0.0,1.0,5,4,8
126529,16,2,3,8,15,3,0,1,0,1,0,36,2,4,1.0,0.0,0.0,0.0,1.0,2.0,15,4,9
62273,16,2,3,10,2,3,0,1,1,1,2,19,2,2,0.0,0.0,0.0,0.0,0.0,2.0,19,4,5
19747,16,11,1,2,1,3,5,1,0,1,2,36,2,2,0.0,0.0,0.0,0.0,0.0,1.0,3,2,2
68669,16,2,1,17,8,3,6,1,1,1,2,5,2,2,0.0,0.0,0.0,0.0,0.0,2.0,22,6,5
55824,16,7,3,10,6,3,6,5,1,1,1,19,2,2,0.0,0.0,0.0,0.0,0.0,4.0,15,7,4
150706,4,2,3,0,3,3,0,5,1,0,2,26,2,2,0.0,0.0,0.0,0.0,0.0,2.0,7,7,10
14016,16,11,1,0,6,3,5,5,1,1,2,36,2,2,0.0,0.0,0.0,0.0,0.0,2.0,2,7,1
89301,16,2,2,13,6,3,0,1,0,1,2,6,2,3,1.0,0.0,0.0,1.0,0.0,2.0,5,4,7
73784,16,2,1,0,6,3,0,1,0,1,1,6,2,3,2.0,0.0,0.0,2.0,0.0,1.0,23,1,6
113511,15,2,3,0,6,3,0,5,0,1,2,18,2,4,1.0,0.0,0.0,0.0,1.0,2.0,8,1,8
46000,15,11,5,13,6,3,5,5,1,1,2,36,2,2,0.0,0.0,0.0,0.0,0.0,2.0,16,5,4
130703,15,2,3,15,10,3,6,1,1,1,2,23,2,2,0.0,0.0,0.0,0.0,0.0,3.0,7,3,9
80006,16,2,3,17,10,3,0,1,1,1,1,36,2,2,0.0,0.0,0.0,0.0,0.0,2.0,12,7,6
31132,16,2,3,17,2,3,0,1,1,1,2,30,2,2,0.0,0.0,0.0,0.0,0.0,3.0,11,5,3
100079,15,2,0,17,3,3,0,1,1,1,2,36,2,2,0.0,0.0,0.0,0.0,0.0,2.0,20,1,7
123172,16,2,1,17,6,3,0,1,1,1,2,18,2,2,0.0,0.0,0.0,0.0,0.0,2.0,5,3,9
51598,16,2,2,17,8,3,0,5,0,1,2,18,2,2,0.0,0.0,0.0,0.0,0.0,2.0,5,1,4
168732,16,2,1,15,8,3,0,1,1,1,2,22,2,2,0.0,0.0,0.0,0.0,0.0,6.0,20,7,11
125814,16,2,1,10,8,3,0,1,0,1,1,12,2,2,0.0,0.0,0.0,0.0,0.0,2.0,23,6,9
128608,16,2,1,8,2,3,0,1,0,1,2,19,2,3,1.0,0.0,0.0,1.0,0.0,1.0,0,3,9
107387,16,2,3,8,8,4,0,1,0,1,1,28,2,1,1.0,0.0,1.0,0.0,0.0,1.0,13,6,8
31523,16,2,1,17,8,3,0,1,0,1,2,17,2,2,0.0,0.0,0.0,0.0,0.0,3.0,2,6,3
22216,15,2,1,0,2,3,0,1,1,1,1,5,2,2,0.0,0.0,0.0,0.0,0.0,2.0,7,7,2
85281,16,2,3,0,8,3,0,1,0,1,2,21,2,4,1.0,0.0,0.0,0.0,1.0,1.0,9,3,6
41459,15,2,1,10,8,3,0,1,0,1,0,17,2,2,0.0,0.0,0.0,0.0,0.0,1.0,22,6,3
134900,4,2,1,17,8,3,0,5,1,0,2,18,2,2,0.0,0.0,0.0,0.0,0.0,2.0,19,4,9
35922,16,2,1,17,8,3,0,1,0,1,2,36,2,2,0.0,0.0,0.0,0.0,0.0,2.0,2,1,3
126207,4,2,3,15,15,3,0,1,1,1,2,36,2,2,0.0,0.0,0.0,0.0,0.0,3.0,7,4,9
125431,16,2,3,17,6,3,0,1,0,1,1,36,2,3,1.0,0.0,0.0,1.0,0.0,2.0,8,2,9
75209,16,2,4,0,6,3,0,1,1,1,2,6,2,2,0.0,0.0,0.0,0.0,0.0,3.0,20,1,6
158396,16,2,3,15,8,3,0,1,0,1,2,17,2,3,2.0,0.0,0.0,2.0,0.0,5.0,11,6,11
99152,4,2,1,8,15,3,0,1,0,1,2,6,2,4,1.0,0.0,0.0,0.0,1.0,1.0,0,7,7
38824,16,2,3,17,6,3,5,5,1,1,1,36,2,2,0.0,0.0,0.0,0.0,0.0,3.0,15,7,3
143849,16,2,3,17,2,3,0,1,1,1,2,36,2,2,0.0,0.0,0.0,0.0,0.0,2.0,14,4,10
3131,16,2,3,10,8,3,0,5,1,1,2,36,2,2,0.0,0.0,0.0,0.0,0.0,2.0,11,3,1
103664,16,2,1,15,11,3,0,1,1,1,1,12,2,2,0.0,0.0,0.0,0.0,0.0,6.0,22,6,7
1429,4,2,3,17,8,3,0,1,0,1,2,18,2,2,0.0,0.0,0.0,0.0,0.0,5.0,15,6,1
152086,16,2,5,17,3,3,5,5,1,1,1,22,2,2,0.0,0.0,0.0,0.0,0.0,2.0,17,6,10
116304,16,2,1,17,8,3,0,1,0,1,1,6,2,2,0.0,0.0,0.0,0.0,0.0,3.0,4,7,8
115393,16,2,1,15,6,3,0,1,1,1,2,23,2,2,0.0,0.0,0.0,0.0,0.0,3.0,23,1,8
164631,17,11,5,15,15,3,5,5,1,1,2,36,2,2,0.0,0.0,0.0,0.0,0.0,2.0,6,5,11
139922,16,2,3,17,2,3,0,1,0,1,2,23,2,2,0.0,0.0,0.0,0.0,0.0,2.0,7,5,10
180366,15,2,1,0,8,3,0,1,0,1,2,18,2,2,0.0,0.0,0.0,0.0,0.0,5.0,0,1,12
89144,16,2,1,10,8,3,0,5,1,1,2,36,2,2,0.0,0.0,0.0,0.0,0.0,2.0,1,1,7
9252,4,10,3,17,8,3,4,5,0,1,2,18,2,3,3.0,0.0,0.0,3.0,0.0,1.0,15,7,1
25026,4,2,1,10,8,3,6,1,1,1,2,26,2,2,0.0,0.0,0.0,0.0,0.0,2.0,17,2,2
64713,15,7,3,0,6,3,6,1,0,1,2,18,2,2,0.0,0.0,0.0,0.0,0.0,3.0,16,7,5
125014,16,2,3,17,1,3,0,4,1,1,2,36,2,2,0.0,0.0,0.0,0.0,0.0,2.0,12,7,9
107737,16,2,3,9,2,3,0,1,0,1,0,18,2,3,1.0,0.0,0.0,1.0,0.0,1.0,18,3,8
130709,16,2,3,15,8,3,0,1,1,1,1,23,2,2,0.0,0.0,0.0,0.0,0.0,3.0,8,3,9
124866,16,2,1,0,2,3,0,1,0,1,2,28,3,3,2.0,0.0,0.0,2.0,0.0,6.0,2,1,9
49213,16,2,3,0,6,3,0,1,0,1,2,18,2,3,1.0,0.0,0.0,1.0,0.0,3.0,8,6,4
22307,17,2,3,15,8,3,4,5,1,1,2,36,2,2,0.0,0.0,0.0,0.0,0.0,2.0,14,3,2
148769,15,2,3,9,8,3,0,1,1,1,0,36,2,2,0.0,0.0,0.0,0.0,0.0,2.0,13,1,10
132757,16,3,3,17,15,3,6,1,0,1,2,19,2,2,0.0,0.0,0.0,0.0,0.0,3.0,6,4,9
51871,16,2,3,17,2,3,0,1,1,1,2,36,2,2,0.0,0.0,0.0,0.0,0.0,3.0,9,5,4
38896,16,2,3,15,2,3,0,5,1,1,2,36,2,2,0.0,0.0,0.0,0.0,0.0,2.0,16,6,3
80538,16,2,3,10,8,3,0,1,1,1,2,19,2,2,0.0,0.0,0.0,0.0,0.0,2.0,16,2,6
108612,16,2,3,17,6,3,0,5,0,1,2,18,2,3,1.0,0.0,0.0,1.0,0.0,1.0,7,4,8
90461,16,2,3,17,2,3,0,1,1,1,2,36,2,2,0.0,0.0,0.0,0.0,0.0,4.0,4,6,7
73274,16,2,3,15,10,3,0,1,0,1,1,22,2,4,1.0,0.0,0.0,0.0,1.0,1.0,11,7,6
77448,16,3,3,17,8,3,0,1,1,1,2,26,2,2,0.0,0.0,0.0,0.0,0.0,2.0,10,7,6
97947,16,2,1,10,2,3,0,1,1,1,1,19,2,2,0.0,0.0,0.0,0.0,0.0,2.0,22,3,7
66215,4,2,1,17,8,3,0,5,0,1,2,17,3,3,2.0,0.0,0.0,2.0,0.0,3.0,20,3,5
138312,16,7,3,0,2,3,6,1,1,1,2,36,3,2,0.0,0.0,0.0,0.0,0.0,2.0,16,4,10
120419,4,2,3,0,6,3,0,1,0,1,2,18,2,4,1.0,0.0,0.0,0.0,1.0,2.0,14,7,8
60033,16,2,3,8,8,3,0,1,1,1,0,18,2,2,0.0,0.0,0.0,0.0,0.0,2.0,17,3,5
107550,15,11,5,0,8,3,5,1,1,1,1,18,2,2,0.0,0.0,0.0,0.0,0.0,2.0,17,1,8
144155,16,2,1,9,8,3,0,1,0,1,0,6,2,3,1.0,0.0,0.0,1.0,0.0,2.0,21,6,10
55150,16,7,1,10,2,3,6,5,0,1,2,17,2,3,1.0,0.0,0.0,1.0,0.0,1.0,5,2,4
4043,4,2,4,0,6,3,0,1,0,1,1,11,2,3,1.0,0.0,0.0,1.0,0.0,1.0,16,5,1
134995,16,2,3,10,8,3,0,1,1,1,2,36,3,2,0.0,0.0,0.0,0.0,0.0,3.0,11,5,9
17124,16,2,3,15,8,3,1,1,1,1,1,39,3,2,0.0,0.0,0.0,0.0,0.0,3.0,8,6,2
41430,4,2,3,0,8,3,0,1,1,1,2,36,2,2,0.0,0.0,0.0,0.0,0.0,2.0,17,6,3
141832,16,2,3,10,2,3,0,1,0,1,2,17,2,2,0.0,0.0,0.0,0.0,0.0,2.0,9,3,10
29327,15,2,3,9,15,3,0,1,0,1,1,18,2,1,1.0,0.0,1.0,0.0,0.0,1.0,8,3,3
47637,16,11,3,17,2,3,5,1,1,1,1,24,3,2,0.0,0.0,0.0,0.0,0.0,3.0,15,6,4
116838,4,2,3,17,15,3,0,1,1,1,2,36,2,2,0.0,0.0,0.0,0.0,0.0,5.0,17,1,8
125627,4,2,3,2,8,3,0,1,0,1,2,17,1,3,1.0,0.0,0.0,1.0,0.0,0.0,17,3,9
49167,4,2,3,14,2,3,0,1,0,1,2,11,2,2,0.0,0.0,0.0,0.0,0.0,2.0,11,5,4
104263,16,2,3,17,15,3,0,1,0,1,2,36,2,3,1.0,0.0,0.0,1.0,0.0,4.0,17,1,8
133213,16,2,3,17,10,3,0,1,0,1,2,24,2,3,1.0,0.0,0.0,1.0,0.0,2.0,7,2,9
107565,15,2,3,8,8,3,0,5,0,1,0,36,2,3,1.0,0.0,0.0,1.0,0.0,1.0,9,1,8
168603,16,2,3,10,2,4,0,1,1,1,0,17,2,2,0.0,0.0,0.0,0.0,0.0,3.0,11,7,11
107265,16,3,3,10,2,3,6,1,1,1,1,6,3,2,0.0,0.0,0.0,0.0,0.0,5.0,17,3,8
169233,15,10,1,0,8,3,4,1,1,1,1,36,2,2,0.0,0.0,0.0,0.0,0.0,2.0,18,1,11
114173,10,7,3,10,8,3,0,1,1,1,2,17,3,2,0.0,0.0,0.0,0.0,0.0,3.0,16,3,8
100996,4,2,3,15,2,3,0,1,1,1,2,22,2,2,0.0,0.0,0.0,0.0,0.0,5.0,12,1,7
33428,16,2,1,9,10,3,0,1,0,1,0,18,2,3,1.0,0.0,0.0,1.0,0.0,2.0,1,3,3
72943,16,2,3,14,6,3,0,1,1,1,1,21,2,2,0.0,0.0,0.0,0.0,0.0,2.0,13,2,6
164889,15,2,0,0,11,3,6,1,0,1,2,18,2,2,0.0,0.0,0.0,0.0,0.0,4.0,18,7,11
123045,16,2,1,2,6,3,0,1,0,1,2,37,1,2,0.0,0.0,0.0,0.0,0.0,1.0,2,1,9
6131,16,10,1,2,2,3,6,1,0,1,2,36,1,2,0.0,0.0,0.0,0.0,0.0,1.0,1,2,1
81579,16,2,1,17,2,3,0,1,0,1,2,18,2,3,3.0,0.0,0.0,3.0,0.0,0.0,20,3,6
74223,16,2,3,17,10,3,5,5,1,1,2,24,2,2,0.0,0.0,0.0,0.0,0.0,3.0,15,1,6
142832,15,7,1,8,8,3,6,1,1,1,0,36,2,2,0.0,0.0,0.0,0.0,0.0,3.0,21,3,10
93847,17,2,3,10,8,3,0,1,1,0,1,36,2,2,0.0,0.0,0.0,0.0,0.0,4.0,16,4,7
106102,15,2,3,0,15,3,0,5,1,1,1,18,2,2,0.0,0.0,0.0,0.0,0.0,2.0,18,1,8
164456,16,2,3,17,2,3,0,1,1,1,2,18,2,2,0.0,0.0,0.0,0.0,0.0,2.0,10,2,11
182680,16,2,1,0,8,3,0,1,1,1,2,19,2,2,0.0,0.0,0.0,0.0,0.0,2.0,20,5,12
60067,16,2,3,15,3,3,0,1,1,1,2,19,3,2,0.0,0.0,0.0,0.0,0.0,3.0,16,4,5
168090,16,2,1,17,18,3,0,1,1,1,2,36,2,2,0.0,0.0,0.0,0.0,0.0,2.0,20,6,11
157262,16,2,3,2,6,3,0,1,0,1,2,13,1,3,1.0,0.0,0.0,1.0,0.0,0.0,12,5,11
50829,16,2,3,0,2,3,0,1,0,1,2,6,2,4,1.0,0.0,0.0,0.0,1.0,2.0,9,6,4
84615,16,2,3,17,6,3,0,1,1,1,1,18,2,2,0.0,0.0,0.0,0.0,0.0,4.0,11,7,6
105301,16,2,3,10,8,3,0,1,1,1,2,36,2,2,0.0,0.0,0.0,0.0,0.0,2.0,18,2,8
40995,15,2,3,0,10,3,0,1,1,1,1,36,2,2,0.0,0.0,0.0,0.0,0.0,4.0,13,4,3
25391,16,7,0,0,8,3,6,1,0,1,2,26,2,2,0.0,0.0,0.0,0.0,0.0,3.0,23,7,2
149454,15,2,3,17,15,3,0,1,1,1,2,12,2,2,0.0,0.0,0.0,0.0,0.0,2.0,16,5,10
38379,4,5,3,2,15,3,6,1,1,1,2,26,1,2,0.0,0.0,0.0,0.0,0.0,2.0,16,6,3
152580,17,2,3,15,6,3,0,5,1,1,2,36,2,2,0.0,0.0,0.0,0.0,0.0,3.0,15,4,10
104666,16,2,3,10,3,3,0,1,1,1,1,19,2,2,0.0,0.0,0.0,0.0,0.0,3.0,14,6,8
153378,15,2,3,0,2,3,0,1,0,1,2,18,2,2,0.0,0.0,0.0,0.0,0.0,5.0,15,6,10
128131,15,2,3,0,8,3,0,1,0,1,2,17,2,3,2.0,0.0,0.0,1.0,1.0,0.0,7,4,9
43266,15,2,3,9,8,3,0,5,0,1,0,5,2,4,1.0,0.0,0.0,0.0,1.0,1.0,14,4,4
78068,15,2,1,0,16,3,0,1,1,1,2,18,2,2,0.0,0.0,0.0,0.0,0.0,2.0,21,2,6
56702,16,2,3,15,8,3,0,1,1,1,2,36,2,2,0.0,0.0,0.0,0.0,0.0,2.0,12,7,5
12197,16,10,3,17,6,3,4,5,0,1,2,24,4,4,2.0,0.0,0.0,0.0,2.0,4.0,16,3,1
142752,16,2,1,17,3,3,0,1,1,0,2,24,2,2,0.0,0.0,0.0,0.0,0.0,3.0,20,2,10
105803,4,2,1,17,6,3,0,1,0,1,2,18,2,2,0.0,0.0,0.0,0.0,0.0,2.0,22,1,8
105754,16,2,1,9,10,3,0,5,0,1,1,6,2,3,1.0,0.0,0.0,1.0,0.0,1.0,2,1,8
161988,15,2,3,10,10,3,1,1,1,0,1,19,2,2,0.0,0.0,0.0,0.0,0.0,2.0,14,3,11
16708,16,4,3,17,16,3,4,1,1,1,2,4,2,2,0.0,0.0,0.0,0.0,0.0,2.0,11,6,2
186050,16,7,3,0,3,3,6,1,0,1,2,6,2,3,1.0,0.0,0.0,1.0,0.0,3.0,12,7,12
25714,16,9,4,0,2,3,4,1,1,1,2,18,2,2,0.0,0.0,0.0,0.0,0.0,3.0,17,4,2
53405,16,2,3,10,2,3,0,5,1,1,2,19,2,2,0.0,0.0,0.0,0.0,0.0,2.0,7,5,4
105685,15,2,3,7,8,3,0,1,0,1,2,2,3,2,0.0,0.0,0.0,0.0,0.0,1.0,4,7,8
13763,16,2,3,17,2,3,0,1,1,1,1,18,2,2,0.0,0.0,0.0,0.0,0.0,2.0,14,6,1
97188,16,2,3,10,2,3,0,1,0,1,2,19,2,4,1.0,0.0,0.0,0.0,1.0,5.0,9,5,7
20471,15,2,3,0,6,3,0,5,0,1,2,18,2,4,3.0,0.0,0.0,0.0,3.0,0.0,15,1,2
11296,16,10,1,10,6,3,4,1,1,1,2,36,2,2,0.0,0.0,0.0,0.0,0.0,5.0,3,1,1
119194,16,2,1,17,6,3,0,1,0,1,2,6,2,2,0.0,0.0,0.0,0.0,0.0,2.0,0,1,8
172182,15,2,3,17,11,3,0,1,0,1,2,18,2,2,0.0,0.0,0.0,0.0,0.0,2.0,13,6,12
9416,16,11,5,17,19,3,5,1,1,1,0,19,2,2,0.0,0.0,0.0,0.0,0.0,2.0,10,4,1
5074,16,10,3,9,8,3,6,1,0,1,0,18,2,3,1.0,0.0,0.0,1.0,0.0,2.0,13,7,1
83439,4,2,1,10,2,3,0,1,0,1,0,19,2,4,2.0,0.0,0.0,0.0,2.0,1.0,22,3,6
118132,16,2,3,10,8,3,0,5,1,0,2,36,2,2,0.0,0.0,0.0,0.0,0.0,2.0,16,1,8
90356,16,2,4,0,8,3,0,1,0,0,2,6,2,3,2.0,0.0,0.0,2.0,0.0,1.0,22,6,7
71278,16,11,1,0,8,3,5,1,1,1,2,6,2,2,0.0,0.0,0.0,0.0,0.0,3.0,20,5,5
143814,16,7,1,9,6,4,6,5,0,1,2,17,2,4,1.0,0.0,0.0,0.0,1.0,1.0,19,3,10
145790,16,2,1,10,8,3,0,1,1,1,2,36,2,2,0.0,0.0,0.0,0.0,0.0,2.0,4,7,10
99591,15,2,3,0,8,3,0,1,1,1,2,18,2,2,0.0,0.0,0.0,0.0,0.0,2.0,13,1,7
80243,15,2,3,13,6,3,0,1,1,1,2,21,2,2,0.0,0.0,0.0,0.0,0.0,3.0,10,5,6
47188,15,2,1,8,8,3,5,5,0,1,0,36,2,3,1.0,0.0,0.0,1.0,0.0,1.0,23,5,4
133597,16,2,3,10,8,3,0,1,1,1,1,19,2,2,0.0,0.0,0.0,0.0,0.0,3.0,13,1,9
94755,16,2,3,0,8,3,0,1,1,1,2,6,2,2,0.0,0.0,0.0,0.0,0.0,3.0,11,3,7
149568,16,2,3,0,15,3,0,1,0,1,2,18,2,4,1.0,0.0,0.0,0.0,1.0,1.0,11,6,10
3618,16,2,1,17,2,3,0,1,0,1,2,18,2,3,1.0,0.0,0.0,1.0,0.0,2.0,17,6,1
130180,4,2,3,17,2,3,0,1,0,0,2,18,2,2,0.0,0.0,0.0,0.0,0.0,2.0,16,3,9
46807,4,2,3,0,8,3,0,1,1,1,2,18,2,2,0.0,0.0,0.0,0.0,0.0,2.0,16,5,4
46909,16,2,1,10,8,3,0,1,0,1,2,17,3,2,0.0,0.0,0.0,0.0,0.0,4.0,20,1,4
158389,4,2,3,13,15,3,0,1,1,1,2,18,2,2,0.0,0.0,0.0,0.0,0.0,2.0,11,6,11
101471,15,2,3,8,6,3,0,1,0,1,1,18,2,3,1.0,0.0,0.0,1.0,0.0,1.0,12,7,7
7016,16,2,3,10,2,3,5,5,1,1,2,19,2,2,0.0,0.0,0.0,0.0,0.0,2.0,7,3,1
154823,15,2,1,10,15,3,0,1,1,1,1,19,2,2,0.0,0.0,0.0,0.0,0.0,2.0,21,7,10
13252,15,2,1,0,6,3,1,1,0,1,2,18,2,3,3.0,0.0,0.0,3.0,0.0,1.0,21,6,1
150641,17,2,1,14,8,3,0,1,1,1,2,36,2,2,0.0,0.0,0.0,0.0,0.0,2.0,23,6,10
177939,16,7,1,17,3,3,6,1,0,1,1,36,2,2,0.0,0.0,0.0,0.0,0.0,2.0,15,6,12
51809,16,7,3,0,9,3,6,1,0,1,2,6,2,2,0.0,0.0,0.0,0.0,0.0,3.0,18,4,4
73401,16,2,3,10,2,3,0,1,1,1,1,36,2,2,0.0,0.0,0.0,0.0,0.0,4.0,5,2,6
37496,16,2,3,17,6,3,0,1,1,1,1,36,2,2,0.0,0.0,0.0,0.0,0.0,2.0,10,2,3
147589,16,2,3,0,8,3,0,1,0,1,2,6,2,2,0.0,0.0,0.0,0.0,0.0,2.0,12,5,10
60969,16,2,3,17,15,3,0,1,0,1,2,22,2,3,10.0,0.0,0.0,10.0,0.0,1.0,12,4,5
68525,17,11,5,0,6,3,5,5,1,1,2,36,2,2,0.0,0.0,0.0,0.0,0.0,2.0,21,5,5
52349,15,2,3,8,8,3,0,1,0,1,1,18,2,4,1.0,0.0,0.0,0.0,1.0,1.0,15,7,4
178864,16,7,1,10,3,4,6,1,1,1,1,19,2,2,0.0,0.0,0.0,0.0,0.0,2.0,22,1,12
142846,16,3,3,0,10,3,5,5,1,1,2,36,2,2,0.0,0.0,0.0,0.0,0.0,2.0,12,3,10
24065,16,11,5,10,2,3,5,1,1,1,1,36,2,2,0.0,0.0,0.0,0.0,0.0,2.0,10,3,2
126530,4,2,3,10,3,3,0,1,1,1,2,19,2,2,0.0,0.0,0.0,0.0,0.0,3.0,15,4,9
49566,16,2,1,2,6,3,0,1,0,1,2,28,1,3,1.0,0.0,0.0,1.0,0.0,1.0,0,4,4
157405,15,2,4,17,10,3,0,1,1,1,0,24,2,2,0.0,0.0,0.0,0.0,0.0,2.0,16,6,11
138344,15,7,3,0,6,3,6,1,0,1,2,18,2,4,4.0,0.0,0.0,0.0,4.0,1.0,8,4,10
105061,4,2,3,17,8,4,0,1,1,1,2,12,2,2,0.0,0.0,0.0,0.0,0.0,2.0,7,4,8
151734,16,2,1,15,8,3,0,5,0,1,0,22,2,4,1.0,0.0,0.0,0.0,1.0,3.0,20,6,10
69228,15,2,3,17,2,3,0,1,0,1,2,18,2,1,2.0,0.0,1.0,1.0,0.0,2.0,14,1,5
17162,15,2,3,7,10,3,4,1,1,1,1,12,2,2,0.0,0.0,0.0,0.0,0.0,2.0,14,7,2
144847,16,2,3,17,6,3,0,1,0,1,2,11,2,2,0.0,0.0,0.0,0.0,0.0,2.0,15,3,10
176640,4,2,3,10,8,3,0,1,1,1,0,19,2,2,0.0,0.0,0.0,0.0,0.0,2.0,11,1,12
32070,16,7,1,0,10,3,6,1,0,1,2,6,2,4,1.0,0.0,0.0,0.0,1.0,1.0,22,7,3
75500,16,2,3,15,10,3,0,1,1,1,2,23,2,2,0.0,0.0,0.0,0.0,0.0,2.0,16,4,6
45188,15,7,3,0,6,3,6,1,0,1,2,18,2,2,0.0,0.0,0.0,0.0,0.0,3.0,16,5,4
166930,16,7,1,15,3,3,6,1,1,0,2,39,2,2,0.0,0.0,0.0,0.0,0.0,3.0,17,4,11
75084,16,2,3,17,2,3,0,1,0,1,2,6,2,3,1.0,0.0,0.0,1.0,0.0,1.0,12,5,6
19180,15,2,0,13,10,3,0,1,0,1,0,17,2,4,1.0,0.0,0.0,0.0,1.0,1.0,17,6,2
54906,16,2,3,17,8,3,0,1,0,1,2,18,2,2,0.0,0.0,0.0,0.0,0.0,2.0,5,6,4
164897,16,10,3,17,3,3,4,1,1,1,0,24,2,2,0.0,0.0,0.0,0.0,0.0,2.0,7,7,11
18287,16,2,3,10,8,3,0,1,0,1,2,17,3,2,0.0,0.0,0.0,0.0,0.0,3.0,8,2,2
172078,16,3,1,10,15,3,0,1,1,1,2,19,2,2,0.0,0.0,0.0,0.0,0.0,2.0,23,5,11
63802,4,2,3,7,8,3,0,1,1,1,2,21,2,2,0.0,0.0,0.0,0.0,0.0,1.0,17,7,5
163354,16,7,1,10,2,3,6,1,0,1,2,19,2,4,2.0,0.0,0.0,0.0,2.0,2.0,0,1,11
99953,15,2,1,17,2,3,0,1,0,1,2,17,2,2,0.0,0.0,0.0,0.0,0.0,2.0,22,6,7
145423,16,2,3,0,15,3,0,1,0,1,2,36,2,4,1.0,0.0,0.0,0.0,1.0,3.0,16,4,10
68410,15,2,3,0,8,3,0,1,0,1,2,18,2,3,1.0,0.0,0.0,1.0,0.0,1.0,14,4,5
10598,16,2,3,15,2,3,0,1,1,1,2,22,2,2,0.0,0.0,0.0,0.0,0.0,3.0,10,2,1
159154,15,3,3,17,15,3,0,1,1,1,2,36,2,2,0.0,0.0,0.0,0.0,0.0,2.0,12,4,11
21458,16,2,1,17,11,3,0,1,1,1,2,26,2,2,0.0,0.0,0.0,0.0,0.0,3.0,18,2,2
37255,16,7,1,10,3,2,6,1,1,1,2,17,2,2,0.0,0.0,0.0,0.0,0.0,2.0,5,4,3
181316,16,10,3,17,8,3,4,1,1,1,2,39,2,2,0.0,0.0,0.0,0.0,0.0,2.0,12,7,12