crash_date,               traffic_control_device,weather_condition,lighting_condition,first_crash_type,trafficway_type,alignment,roadway_surface_cond,road_defect,crash_type,intersection_related_i,damage,prim_contributory_cause,num_units,most_severe_injury,injuries_total,injuries_fatal,injuries_incapacitating,injuries_non_incapacitating,injuries_reported_not_evident,injuries_no_indication,crash_hour,crash_day_of_week,crash_month
59775,16,2,3,0,2,3,0,1,0,1,2,6,2,2,0.0,0.0,0.0,0.0,0.0,3.0,10,7,5
44041,16,2,3,10,3,3,6,1,0,1,2,30,4,0,2.0,1.0,0.0,1.0,0.0,4.0,14,5,4
21209,15,2,1,0,2,3,0,1,1,1,2,36,2,2,0.0,0.0,0.0,0.0,0.0,2.0,18,5,2
63102,16,2,3,17,2,3,0,1,1,1,2,18,2,2,0.0,0.0,0.0,0.0,0.0,4.0,13,1,5
42436,4,2,3,17,8,3,0,1,1,1,2,18,2,2,0.0,0.0,0.0,0.0,0.0,2.0,16,4,4
133794,16,2,3,0,8,3,0,1,1,1,1,18,2,2,0.0,0.0,0.0,0.0,0.0,2.0,15,5,9
108658,16,2,3,15,2,3,0,1,1,1,2,22,2,2,0.0,0.0,0.0,0.0,0.0,2.0,16,6,8
158928,15,2,3,0,2,3,0,1,0,1,2,36,2,2,0.0,0.0,0.0,0.0,0.0,2.0,14,7,11
162655,15,2,3,0,8,3,2,1,1,1,1,17,2,2,0.0,0.0,0.0,0.0,0.0,3.0,7,4,11
145821,16,2,3,0,8,3,0,1,0,1,2,17,2,2,0.0,0.0,0.0,0.0,0.0,3.0,17,1,10
183908,16,2,1,17,18,3,5,5,1,1,1,26,2,2,0.0,0.0,0.0,0.0,0.0,2.0,17,3,12
154485,3,2,4,7,2,3,0,1,0,0,2,36,3,2,0.0,0.0,0.0,0.0,0.0,1.0,18,2,10
58541,15,3,3,17,8,3,0,1,0,1,2,8,2,2,0.0,0.0,0.0,0.0,0.0,2.0,6,1,5
120249,15,2,3,0,6,3,0,1,0,1,2,18,2,2,0.0,0.0,0.0,0.0,0.0,2.0,7,3,8
82545,16,2,1,10,6,3,0,1,1,1,1,19,2,2,0.0,0.0,0.0,0.0,0.0,2.0,23,3,6
54549,16,2,3,0,10,3,0,1,1,1,2,36,2,2,0.0,0.0,0.0,0.0,0.0,4.0,13,6,4
177312,16,2,1,10,6,3,0,1,1,1,2,8,2,2,0.0,0.0,0.0,0.0,0.0,2.0,19,3,12
37750,16,2,3,0,8,3,0,1,0,1,2,18,2,3,1.0,0.0,0.0,1.0,0.0,1.0,15,7,3
29941,16,5,3,0,18,3,6,1,1,1,1,6,2,2,0.0,0.0,0.0,0.0,0.0,2.0,16,7,3
8041,16,2,0,9,6,3,0,5,0,1,0,36,2,3,1.0,0.0,0.0,1.0,0.0,1.0,18,5,1
115854,16,2,1,17,6,3,0,1,0,1,2,35,2,2,0.0,0.0,0.0,0.0,0.0,2.0,0,1,8
35528,16,3,3,10,8,3,6,1,1,1,1,6,2,2,0.0,0.0,0.0,0.0,0.0,2.0,12,2,3
84295,16,7,3,9,2,3,6,1,0,1,0,18,2,3,1.0,0.0,0.0,1.0,0.0,1.0,13,2,6
82756,4,2,3,10,8,3,0,5,1,1,1,19,2,2,0.0,0.0,0.0,0.0,0.0,2.0,13,6,6
45849,16,2,3,10,8,3,6,1,1,1,0,34,2,2,0.0,0.0,0.0,0.0,0.0,2.0,14,2,4
75850,16,2,3,15,8,3,0,1,1,1,1,23,2,2,0.0,0.0,0.0,0.0,0.0,3.0,17,4,6
127647,16,2,3,17,8,3,0,1,0,1,1,6,2,3,1.0,0.0,0.0,1.0,0.0,1.0,8,4,9
77396,4,2,3,0,8,3,0,1,0,1,2,36,2,2,0.0,0.0,0.0,0.0,0.0,3.0,12,6,6
57861,16,2,3,15,8,3,5,5,1,0,2,23,2,2,0.0,0.0,0.0,0.0,0.0,3.0,14,7,5
163542,16,7,1,8,8,3,6,1,0,1,0,36,2,3,1.0,0.0,0.0,1.0,0.0,1.0,20,5,11
53139,16,7,3,17,3,3,6,1,0,1,2,18,2,3,2.0,0.0,0.0,2.0,0.0,0.0,13,7,4
67899,16,2,3,17,8,3,0,1,1,1,2,6,2,2,0.0,0.0,0.0,0.0,0.0,2.0,13,3,5
143276,15,2,3,17,6,3,0,1,1,1,2,18,2,2,0.0,0.0,0.0,0.0,0.0,4.0,15,5,10
171708,4,2,1,17,3,3,6,1,0,1,2,18,3,2,0.0,0.0,0.0,0.0,0.0,4.0,18,6,11
124958,16,2,3,17,11,0,0,1,0,1,1,18,2,1,1.0,0.0,1.0,0.0,0.0,3.0,14,7,9
76871,15,2,3,10,6,3,0,1,1,1,2,36,2,2,0.0,0.0,0.0,0.0,0.0,2.0,9,5,6
107780,16,2,3,10,8,3,0,1,0,0,2,19,2,2,0.0,0.0,0.0,0.0,0.0,2.0,15,4,8
176119,4,2,3,17,10,3,0,1,1,1,2,18,2,2,0.0,0.0,0.0,0.0,0.0,4.0,11,7,12
18057,15,2,3,10,8,3,0,1,1,1,2,36,2,2,0.0,0.0,0.0,0.0,0.0,3.0,13,1,2
114374,4,2,3,10,6,3,0,1,0,1,2,12,2,4,1.0,0.0,0.0,0.0,1.0,1.0,16,7,8
183891,4,2,3,17,2,3,0,1,1,1,2,36,2,2,0.0,0.0,0.0,0.0,0.0,2.0,13,3,12
7758,4,2,3,10,10,3,0,1,0,0,2,19,2,3,2.0,0.0,0.0,2.0,0.0,0.0,16,5,1
36763,16,2,1,10,8,3,0,1,1,1,0,19,2,2,0.0,0.0,0.0,0.0,0.0,2.0,20,2,3
166797,15,2,3,0,6,3,0,1,0,1,2,36,2,3,3.0,0.0,0.0,3.0,0.0,6.0,13,1,11
73269,16,2,1,17,10,3,0,1,1,1,2,24,2,2,0.0,0.0,0.0,0.0,0.0,2.0,22,7,6
71780,15,2,3,8,8,3,0,1,0,1,1,18,2,3,1.0,0.0,0.0,1.0,0.0,1.0,17,5,6
151258,15,7,0,14,11,3,6,1,1,1,2,12,2,2,0.0,0.0,0.0,0.0,0.0,2.0,19,1,10
113704,15,2,3,10,8,3,0,1,0,1,2,19,2,2,0.0,0.0,0.0,0.0,0.0,2.0,11,2,8
81197,15,2,3,10,2,3,0,1,1,1,2,19,2,2,0.0,0.0,0.0,0.0,0.0,2.0,17,6,6
144457,16,2,3,10,8,3,0,1,1,1,1,17,2,2,0.0,0.0,0.0,0.0,0.0,2.0,15,5,10
71840,16,2,3,17,2,3,0,1,1,1,2,22,2,2,0.0,0.0,0.0,0.0,0.0,5.0,17,6,6
91473,16,2,1,17,8,3,0,1,1,1,2,24,2,2,0.0,0.0,0.0,0.0,0.0,5.0,2,1,7
128961,4,2,3,15,2,3,0,5,1,1,2,8,2,2,0.0,0.0,0.0,0.0,0.0,2.0,18,7,9
115378,16,2,1,0,6,3,0,1,1,1,2,6,2,2,0.0,0.0,0.0,0.0,0.0,4.0,19,1,8
169686,4,11,5,17,8,3,5,5,1,1,2,24,2,2,0.0,0.0,0.0,0.0,0.0,2.0,14,2,11
41748,16,2,3,0,6,3,0,1,0,1,2,6,2,3,1.0,0.0,0.0,1.0,0.0,1.0,12,5,3
42171,16,2,3,17,8,3,5,5,1,1,2,12,2,2,0.0,0.0,0.0,0.0,0.0,2.0,8,6,3
139707,15,2,3,0,15,3,0,1,1,1,2,18,2,2,0.0,0.0,0.0,0.0,0.0,2.0,13,4,10
59675,16,2,3,10,8,3,0,1,1,1,1,36,2,2,0.0,0.0,0.0,0.0,0.0,2.0,12,4,5
70218,16,2,0,17,10,3,0,1,1,1,1,19,2,2,0.0,0.0,0.0,0.0,0.0,2.0,4,3,5
57809,16,2,3,15,6,3,0,1,1,1,2,22,2,2,0.0,0.0,0.0,0.0,0.0,2.0,17,5,5
143932,15,2,3,17,15,3,0,1,0,1,0,17,2,2,0.0,0.0,0.0,0.0,0.0,5.0,15,6,10
155511,4,4,3,15,6,3,6,1,1,1,1,22,2,2,0.0,0.0,0.0,0.0,0.0,2.0,8,2,10
49457,16,2,3,10,8,3,0,1,1,1,1,19,2,2,0.0,0.0,0.0,0.0,0.0,2.0,17,3,4
168378,16,2,3,17,6,3,0,5,0,1,2,36,3,1,1.0,0.0,1.0,0.0,0.0,2.0,14,3,11
153670,4,3,3,17,8,3,0,1,1,1,2,36,2,2,0.0,0.0,0.0,0.0,0.0,2.0,8,5,10
116685,15,2,3,17,8,3,0,1,1,1,2,23,2,2,0.0,0.0,0.0,0.0,0.0,2.0,12,5,8
86321,4,2,1,8,2,3,0,1,0,1,0,18,2,3,1.0,0.0,0.0,1.0,0.0,2.0,22,5,6
153729,16,2,3,0,2,3,0,1,1,1,2,6,2,2,0.0,0.0,0.0,0.0,0.0,2.0,7,6,10
60486,15,7,3,14,6,3,6,5,1,1,2,36,2,2,0.0,0.0,0.0,0.0,0.0,3.0,8,5,5
121478,15,2,1,17,6,3,0,1,1,1,2,18,2,2,0.0,0.0,0.0,0.0,0.0,2.0,21,6,9
175627,17,2,1,10,10,3,0,5,1,0,1,17,2,2,0.0,0.0,0.0,0.0,0.0,3.0,4,7,12
74314,16,3,3,17,3,3,0,3,1,1,2,24,2,2,0.0,0.0,0.0,0.0,0.0,4.0,9,2,6
162468,16,2,3,14,8,3,0,1,0,1,2,11,2,2,0.0,0.0,0.0,0.0,0.0,2.0,14,2,11
176100,4,2,1,17,8,3,0,1,1,1,1,36,2,2,0.0,0.0,0.0,0.0,0.0,3.0,19,7,12
133137,16,2,3,17,8,3,0,1,0,1,2,18,2,3,2.0,0.0,0.0,2.0,0.0,1.0,17,1,9
17414,16,2,3,9,2,3,6,1,0,1,0,18,2,1,1.0,0.0,1.0,0.0,0.0,1.0,10,3,2
98645,16,2,4,2,8,3,0,1,0,1,2,36,1,2,0.0,0.0,0.0,0.0,0.0,1.0,0,6,7
148693,16,2,3,17,8,3,0,1,1,1,1,24,2,2,0.0,0.0,0.0,0.0,0.0,2.0,7,6,10
134719,16,2,3,0,8,3,0,1,0,1,2,3,2,2,0.0,0.0,0.0,0.0,0.0,3.0,17,4,9
136756,16,2,3,10,2,3,0,1,1,1,1,19,2,2,0.0,0.0,0.0,0.0,0.0,4.0,10,3,9
31635,4,2,3,0,2,3,0,1,1,1,1,18,2,2,0.0,0.0,0.0,0.0,0.0,2.0,11,1,3
142129,4,2,2,17,6,3,0,1,1,1,2,36,2,2,0.0,0.0,0.0,0.0,0.0,2.0,18,3,10
7619,16,6,1,10,11,2,6,1,1,1,0,19,2,2,0.0,0.0,0.0,0.0,0.0,2.0,18,3,1
24587,15,2,1,9,2,3,0,1,1,1,0,18,3,2,0.0,0.0,0.0,0.0,0.0,3.0,19,6,2
36990,15,7,3,0,6,3,6,1,0,1,2,36,2,3,1.0,0.0,0.0,1.0,0.0,2.0,17,7,3
50342,16,2,3,17,8,3,6,1,1,1,2,12,2,2,0.0,0.0,0.0,0.0,0.0,2.0,6,5,4
34560,15,2,1,17,2,3,0,1,0,1,2,5,2,2,0.0,0.0,0.0,0.0,0.0,3.0,0,7,3
74553,17,2,3,9,18,3,5,5,0,1,0,21,2,3,1.0,0.0,0.0,1.0,0.0,1.0,17,5,6
74244,4,2,1,0,0,3,0,5,1,1,2,36,2,2,0.0,0.0,0.0,0.0,0.0,2.0,20,1,6
70846,15,2,3,10,2,3,0,1,0,1,1,36,2,4,1.0,0.0,0.0,0.0,1.0,1.0,13,7,5
119089,15,2,1,8,6,3,0,1,0,1,1,18,2,3,1.0,0.0,0.0,1.0,0.0,1.0,20,7,8
103288,15,2,3,0,6,3,0,1,0,1,2,36,2,2,0.0,0.0,0.0,0.0,0.0,2.0,15,1,7
128185,16,2,3,17,8,3,0,1,1,1,1,36,2,2,0.0,0.0,0.0,0.0,0.0,3.0,17,5,9
2724,16,11,5,17,6,3,5,5,1,1,2,36,2,2,0.0,0.0,0.0,0.0,0.0,2.0,9,5,1
50211,15,2,3,0,2,3,0,1,1,1,2,18,2,2,0.0,0.0,0.0,0.0,0.0,2.0,12,3,4
67030,15,2,3,10,8,3,0,1,1,1,2,36,2,2,0.0,0.0,0.0,0.0,0.0,2.0,8,4,5
176968,16,2,3,15,2,3,0,1,1,1,1,23,2,2,0.0,0.0,0.0,0.0,0.0,2.0,12,6,12
18224,16,2,1,0,2,3,0,1,0,1,2,36,2,2,0.0,0.0,0.0,0.0,0.0,4.0,1,4,2
92459,16,2,3,17,2,3,0,1,1,1,2,36,2,2,0.0,0.0,0.0,0.0,0.0,3.0,13,3,7
7663,4,2,3,10,8,3,0,4,1,1,2,19,3,2,0.0,0.0,0.0,0.0,0.0,3.0,13,4,1
129189,16,2,1,17,5,3,0,5,1,1,1,18,2,2,0.0,0.0,0.0,0.0,0.0,3.0,23,4,9
184869,16,2,0,0,8,2,0,1,0,1,2,6,2,2,0.0,0.0,0.0,0.0,0.0,3.0,5,2,12
54729,4,2,3,7,8,3,0,1,0,1,2,24,3,2,0.0,0.0,0.0,0.0,0.0,1.0,16,3,4
140910,16,3,3,17,10,2,0,5,1,1,2,36,2,2,0.0,0.0,0.0,0.0,0.0,2.0,7,6,10
143455,15,2,3,10,8,3,0,1,1,1,0,36,2,2,0.0,0.0,0.0,0.0,0.0,2.0,14,5,10
99346,16,2,3,10,10,3,0,1,1,1,2,26,2,2,0.0,0.0,0.0,0.0,0.0,2.0,17,3,7
89690,17,2,3,10,17,3,0,5,1,1,2,36,2,2,0.0,0.0,0.0,0.0,0.0,2.0,17,2,7
37857,15,2,4,10,19,3,0,1,0,1,1,19,2,4,3.0,0.0,0.0,0.0,3.0,1.0,19,2,3
38431,16,3,3,0,6,3,0,1,1,1,1,18,2,2,0.0,0.0,0.0,0.0,0.0,2.0,11,6,3
124498,16,3,3,17,2,3,0,1,0,1,2,28,2,4,2.0,0.0,0.0,0.0,2.0,0.0,10,7,9
20734,15,2,3,0,8,3,0,1,1,1,0,18,2,2,0.0,0.0,0.0,0.0,0.0,2.0,12,4,2
51436,16,2,1,17,1,3,0,1,1,0,1,24,2,2,0.0,0.0,0.0,0.0,0.0,3.0,22,4,4
93087,16,2,3,17,6,3,0,1,1,1,1,36,2,2,0.0,0.0,0.0,0.0,0.0,3.0,17,5,7
94378,15,2,1,0,6,3,0,1,0,1,2,18,2,2,0.0,0.0,0.0,0.0,0.0,3.0,23,4,7
81187,15,2,3,15,8,3,0,1,0,1,2,23,3,2,0.0,0.0,0.0,0.0,0.0,7.0,16,6,6
153295,16,2,1,10,8,3,0,1,0,1,2,37,2,2,0.0,0.0,0.0,0.0,0.0,3.0,3,1,10
5488,15,10,3,17,8,3,1,1,0,1,2,18,2,4,2.0,0.0,0.0,0.0,2.0,1.0,15,6,1
114084,16,2,1,0,2,3,0,1,0,1,2,6,2,2,0.0,0.0,0.0,0.0,0.0,2.0,1,2,8
180743,16,2,3,10,3,2,0,1,1,1,1,19,2,2,0.0,0.0,0.0,0.0,0.0,2.0,9,6,12
114001,15,2,1,0,6,3,0,1,1,1,2,36,2,2,0.0,0.0,0.0,0.0,0.0,3.0,20,2,8
72257,16,7,1,9,8,3,6,1,0,1,0,39,2,1,1.0,0.0,1.0,0.0,0.0,1.0,20,7,6
147010,16,2,1,17,8,3,0,1,1,1,1,18,2,2,0.0,0.0,0.0,0.0,0.0,2.0,4,4,10
27233,16,2,3,10,10,3,0,1,0,1,2,36,2,3,1.0,0.0,0.0,1.0,0.0,1.0,16,3,2
108363,17,2,3,7,8,3,0,1,1,1,2,36,2,2,0.0,0.0,0.0,0.0,0.0,1.0,16,6,8
39546,16,2,3,0,8,3,0,1,0,1,1,36,2,2,0.0,0.0,0.0,0.0,0.0,3.0,13,6,3
125336,16,2,3,9,6,3,0,5,0,1,2,18,2,3,1.0,0.0,0.0,1.0,0.0,1.0,15,7,9
181121,15,10,1,10,10,3,6,5,1,0,2,39,2,2,0.0,0.0,0.0,0.0,0.0,2.0,20,6,12
52842,16,11,3,10,6,3,0,1,1,1,2,36,2,2,0.0,0.0,0.0,0.0,0.0,2.0,12,1,4
123841,4,2,3,15,2,3,0,1,1,1,0,36,2,2,0.0,0.0,0.0,0.0,0.0,2.0,15,5,9
154506,4,2,3,17,8,3,0,1,0,1,2,18,2,2,0.0,0.0,0.0,0.0,0.0,2.0,10,2,10
108503,16,11,5,10,8,3,5,5,1,1,1,19,2,2,0.0,0.0,0.0,0.0,0.0,2.0,9,2,8
124828,16,7,3,17,6,3,6,1,0,1,2,39,2,2,0.0,0.0,0.0,0.0,0.0,2.0,8,6,9
148753,16,2,1,10,2,3,0,1,1,1,0,19,2,2,0.0,0.0,0.0,0.0,0.0,3.0,21,7,10
159065,4,2,0,15,10,3,0,1,1,1,2,36,2,2,0.0,0.0,0.0,0.0,0.0,2.0,19,2,11
140692,4,2,0,10,8,3,0,1,1,1,2,9,2,2,0.0,0.0,0.0,0.0,0.0,2.0,5,3,10
145747,15,3,3,14,6,3,6,1,0,1,2,5,3,2,0.0,0.0,0.0,0.0,0.0,2.0,9,2,10
67696,16,2,3,17,2,3,0,1,0,1,2,18,2,2,0.0,0.0,0.0,0.0,0.0,2.0,9,5,5
177495,15,2,3,13,15,3,0,1,0,1,1,5,2,2,0.0,0.0,0.0,0.0,0.0,2.0,11,6,12
98935,16,2,3,17,2,3,0,5,0,1,2,36,2,3,2.0,0.0,0.0,2.0,0.0,0.0,19,4,7
11370,16,2,3,0,8,3,0,1,0,1,2,18,2,3,2.0,0.0,0.0,2.0,0.0,0.0,10,2,1
110928,15,2,3,0,8,3,0,1,0,1,2,26,2,4,1.0,0.0,0.0,0.0,1.0,2.0,13,3,8
182333,16,11,5,17,6,3,5,5,0,1,2,36,2,2,0.0,0.0,0.0,0.0,0.0,3.0,19,2,12
11718,15,2,3,13,6,3,5,5,0,1,2,36,2,1,1.0,0.0,1.0,0.0,0.0,1.0,12,1,1
172048,4,2,3,17,8,3,0,1,0,1,2,18,2,2,0.0,0.0,0.0,0.0,0.0,3.0,8,5,11
105044,15,2,3,0,8,3,0,1,0,1,2,17,2,3,3.0,0.0,0.0,1.0,2.0,0.0,12,6,8
1529,16,2,3,2,13,4,4,1,0,1,2,39,1,2,0.0,0.0,0.0,0.0,0.0,1.0,8,5,1
22228,15,2,1,0,8,3,0,1,1,1,2,21,2,2,0.0,0.0,0.0,0.0,0.0,2.0,22,7,2
121157,16,2,3,0,2,3,0,1,0,1,2,18,2,4,1.0,0.0,0.0,0.0,1.0,1.0,6,7,9
61651,17,2,5,17,2,3,0,5,1,1,1,12,2,2,0.0,0.0,0.0,0.0,0.0,2.0,21,7,5
141949,4,2,3,17,8,3,0,1,1,1,2,23,2,2,0.0,0.0,0.0,0.0,0.0,2.0,17,6,10
118435,4,2,3,15,19,3,0,1,1,1,1,36,2,2,0.0,0.0,0.0,0.0,0.0,2.0,18,4,8
10045,16,2,3,15,1,3,0,1,1,1,0,36,2,2,0.0,0.0,0.0,0.0,0.0,3.0,6,7,1
48700,15,2,3,17,8,3,0,1,1,1,0,36,2,2,0.0,0.0,0.0,0.0,0.0,2.0,12,2,4
65211,16,7,1,17,15,3,6,1,0,1,2,6,3,3,1.0,0.0,0.0,1.0,0.0,5.0,3,1,5
101899,16,2,3,17,8,3,0,1,1,1,2,24,2,2,0.0,0.0,0.0,0.0,0.0,3.0,17,7,7
69061,15,2,3,0,6,3,0,1,0,1,2,5,2,2,0.0,0.0,0.0,0.0,0.0,2.0,6,6,5
36581,16,2,3,17,8,3,0,1,1,1,2,36,2,2,0.0,0.0,0.0,0.0,0.0,3.0,13,7,3
145064,15,2,3,0,6,3,6,1,1,1,1,36,2,2,0.0,0.0,0.0,0.0,0.0,2.0,15,6,10
537,16,2,3,17,10,3,0,1,1,1,2,4,2,2,0.0,0.0,0.0,0.0,0.0,4.0,10,2,1
111544,16,7,1,10,8,4,6,1,0,1,2,19,2,1,1.0,0.0,1.0,0.0,0.0,2.0,21,4,8
46353,16,2,1,15,10,3,0,1,1,1,2,22,2,2,0.0,0.0,0.0,0.0,0.0,2.0,22,3,4
13929,16,3,3,17,8,3,0,1,1,1,2,18,2,2,0.0,0.0,0.0,0.0,0.0,2.0,8,4,1
7611,15,2,0,0,8,3,4,1,0,1,1,10,2,4,4.0,0.0,0.0,0.0,4.0,2.0,17,3,1
88456,15,2,1,17,2,3,5,5,1,1,2,17,2,2,0.0,0.0,0.0,0.0,0.0,3.0,2,5,7
63378,16,2,3,0,6,3,0,1,0,1,2,6,2,3,2.0,0.0,0.0,2.0,0.0,0.0,5,7,5
118271,15,2,3,0,3,3,0,1,0,1,2,18,2,4,1.0,0.0,0.0,0.0,1.0,1.0,13,2,8
187593,16,2,3,17,3,3,6,1,1,1,0,18,2,2,0.0,0.0,0.0,0.0,0.0,2.0,9,6,12
156926,16,2,1,10,8,3,0,1,1,1,2,19,2,2,0.0,0.0,0.0,0.0,0.0,2.0,3,6,11
2968,4,2,3,15,10,3,0,1,1,0,0,36,2,2,0.0,0.0,0.0,0.0,0.0,2.0,11,7,1
109525,16,2,1,0,6,3,0,1,1,1,1,6,2,2,0.0,0.0,0.0,0.0,0.0,2.0,23,3,8
178146,16,2,4,10,2,3,0,1,0,1,2,19,3,4,1.0,0.0,0.0,0.0,1.0,2.0,16,2,12
124797,16,2,3,17,6,3,0,1,1,1,2,18,2,2,0.0,0.0,0.0,0.0,0.0,2.0,15,6,9
160209,16,2,1,15,3,3,0,1,1,1,2,36,2,2,0.0,0.0,0.0,0.0,0.0,2.0,18,6,11
87932,15,2,3,15,9,3,0,1,1,1,1,18,2,2,0.0,0.0,0.0,0.0,0.0,2.0,18,2,7
107708,16,2,3,17,11,3,0,1,0,1,2,18,2,4,1.0,0.0,0.0,0.0,1.0,4.0,14,2,8
41526,15,2,3,0,8,3,0,1,1,1,2,36,2,2,0.0,0.0,0.0,0.0,0.0,2.0,11,7,3
77598,16,2,3,15,2,3,0,5,0,1,2,18,2,2,0.0,0.0,0.0,0.0,0.0,3.0,12,3,6
175776,16,3,3,17,15,3,0,1,0,1,0,18,2,2,0.0,0.0,0.0,0.0,0.0,2.0,14,4,12
157148,15,2,4,17,6,3,0,1,0,1,2,18,2,2,0.0,0.0,0.0,0.0,0.0,3.0,17,4,11
21382,16,5,1,10,8,3,4,1,0,1,2,17,2,2,0.0,0.0,0.0,0.0,0.0,2.0,1,1,2
124864,16,2,1,17,15,3,0,1,0,1,2,24,2,2,0.0,0.0,0.0,0.0,0.0,3.0,1,1,9
19634,16,2,2,17,6,3,0,1,1,1,0,18,2,2,0.0,0.0,0.0,0.0,0.0,2.0,20,7,2
94469,16,2,3,0,6,3,0,6,0,1,2,6,2,3,1.0,0.0,0.0,1.0,0.0,2.0,18,7,7
80179,16,2,3,13,8,3,0,1,1,1,2,19,2,2,0.0,0.0,0.0,0.0,0.0,2.0,12,4,6
93218,4,2,3,0,12,3,0,1,0,0,2,36,2,2,0.0,0.0,0.0,0.0,0.0,2.0,15,1,7
151813,4,2,3,17,4,3,0,1,0,1,2,18,2,2,0.0,0.0,0.0,0.0,0.0,3.0,15,2,10
49194,16,2,3,0,6,4,0,1,0,1,2,36,2,2,0.0,0.0,0.0,0.0,0.0,3.0,16,6,4
92155,4,2,3,17,3,3,0,1,0,1,2,18,2,1,1.0,0.0,1.0,0.0,0.0,1.0,13,6,7
41708,4,2,3,17,18,3,0,1,0,1,2,36,2,3,1.0,0.0,0.0,1.0,0.0,1.0,17,5,3
59538,16,2,3,10,8,3,0,1,1,1,1,17,4,2,0.0,0.0,0.0,0.0,0.0,6.0,14,3,5
141824,16,2,2,0,2,3,0,5,0,1,1,6,2,2,0.0,0.0,0.0,0.0,0.0,2.0,8,3,10
97342,15,7,3,0,6,3,6,5,0,1,2,5,2,3,1.0,0.0,0.0,1.0,0.0,1.0,7,1,7
149158,15,2,3,15,8,3,0,1,1,1,2,36,2,2,0.0,0.0,0.0,0.0,0.0,2.0,15,6,10
53428,4,2,3,14,8,3,0,1,1,1,2,13,3,2,0.0,0.0,0.0,0.0,0.0,3.0,10,5,4
58427,16,2,3,0,6,3,0,1,0,1,2,6,2,2,0.0,0.0,0.0,0.0,0.0,2.0,7,1,5
52412,16,2,1,17,6,3,0,1,0,1,2,18,2,2,0.0,0.0,0.0,0.0,0.0,3.0,1,1,4
108343,15,2,3,10,8,3,0,1,1,1,0,17,2,2,0.0,0.0,0.0,0.0,0.0,3.0,13,6,8
9899,16,2,3,15,8,3,0,1,1,1,2,28,2,2,0.0,0.0,0.0,0.0,0.0,2.0,12,5,1
130794,16,2,1,17,8,3,0,1,1,1,2,19,2,2,0.0,0.0,0.0,0.0,0.0,2.0,22,4,9
177746,15,2,3,0,8,3,0,1,0,1,2,5,2,3,2.0,0.0,0.0,2.0,0.0,0.0,7,2,12
132794,15,2,0,0,18,3,0,1,0,1,2,36,2,2,0.0,0.0,0.0,0.0,0.0,2.0,1,5,9
52484,15,2,3,17,6,3,0,1,0,1,2,36,2,2,0.0,0.0,0.0,0.0,0.0,3.0,17,3,4
43442,16,2,1,0,8,3,0,1,1,1,2,36,2,2,0.0,0.0,0.0,0.0,0.0,3.0,1,1,4
151122,16,2,3,17,2,3,0,1,1,1,2,3,2,2,0.0,0.0,0.0,0.0,0.0,5.0,13,5,10
129442,4,2,3,10,2,3,0,1,0,1,2,19,4,2,0.0,0.0,0.0,0.0,0.0,7.0,7,2,9
2070,16,2,3,15,8,3,0,1,1,1,2,18,2,2,0.0,0.0,0.0,0.0,0.0,2.0,14,7,1
156109,16,2,1,15,8,3,0,1,1,1,1,19,2,2,0.0,0.0,0.0,0.0,0.0,2.0,21,3,11
185950,15,2,0,0,15,4,4,5,0,1,2,5,2,3,1.0,0.0,0.0,1.0,0.0,4.0,0,1,12
183161,16,7,0,17,3,3,6,1,0,1,2,6,2,4,1.0,0.0,0.0,0.0,1.0,1.0,19,5,12
40524,16,2,3,17,6,3,0,1,1,1,2,24,2,2,0.0,0.0,0.0,0.0,0.0,3.0,13,4,3
107128,16,3,3,11,5,3,0,1,1,1,1,26,2,2,0.0,0.0,0.0,0.0,0.0,4.0,16,3,8
67916,16,2,3,15,2,3,0,1,1,1,2,36,2,2,0.0,0.0,0.0,0.0,0.0,4.0,16,3,5
158690,15,2,3,0,8,3,0,1,0,1,2,5,2,1,1.0,0.0,1.0,0.0,0.0,1.0,11,2,11
105270,16,7,1,17,1,3,6,1,1,1,2,18,2,2,0.0,0.0,0.0,0.0,0.0,2.0,1,2,8
39639,15,7,3,17,6,3,6,1,0,1,2,24,2,2,0.0,0.0,0.0,0.0,0.0,2.0,7,7,3
161258,16,2,3,15,15,3,0,1,1,1,1,24,2,2,0.0,0.0,0.0,0.0,0.0,2.0,9,6,11
124244,16,2,3,17,6,3,0,1,1,1,2,36,2,2,0.0,0.0,0.0,0.0,0.0,2.0,16,5,9
70960,15,11,5,7,6,3,5,1,1,1,1,36,2,2,0.0,0.0,0.0,0.0,0.0,1.0,12,1,5
61867,4,2,3,17,8,3,0,1,0,1,1,26,2,3,1.0,0.0,0.0,1.0,0.0,4.0,17,5,5
58012,16,2,3,17,2,3,0,1,0,1,2,18,2,3,3.0,0.0,0.0,2.0,1.0,1.0,17,7,5
164484,4,2,3,17,8,3,0,1,1,1,1,18,2,2,0.0,0.0,0.0,0.0,0.0,2.0,15,3,11
69695,16,2,3,10,2,3,0,1,0,1,2,9,2,2,0.0,0.0,0.0,0.0,0.0,5.0,12,1,5
40907,16,2,1,15,1,3,5,5,1,1,2,36,2,2,0.0,0.0,0.0,0.0,0.0,2.0,19,3,3
138146,17,11,5,15,17,3,5,5,1,1,0,26,2,2,0.0,0.0,0.0,0.0,0.0,2.0,3,6,10
77015,16,2,1,0,6,3,0,1,0,1,2,6,2,4,2.0,0.0,0.0,0.0,2.0,3.0,23,7,6