crash_date,               traffic_control_device,weather_condition,lighting_condition,first_crash_type,trafficway_type,alignment,roadway_surface_cond,road_defect,crash_type,intersection_related_i,damage,prim_contributory_cause,num_units,most_severe_injury,injuries_total,injuries_fatal,injuries_incapacitating,injuries_non_incapacitating,injuries_reported_not_evident,injuries_no_indication,crash_hour,crash_day_of_week,crash_month
180182,16,2,1,15,2,3,0,1,1,1,1,18,2,2,0.0,0.0,0.0,0.0,0.0,2.0,19,6,12
145647,16,3,3,10,6,3,0,1,1,1,2,36,2,2,0.0,0.0,0.0,0.0,0.0,2.0,16,7,10
48091,15,2,3,8,8,3,0,1,0,1,0,36,2,3,1.0,0.0,0.0,1.0,0.0,1.0,12,6,4
146328,16,7,3,10,3,3,6,1,0,1,1,19,3,4,3.0,0.0,0.0,0.0,3.0,1.0,10,3,10
27484,16,2,0,15,3,3,0,1,1,1,2,22,2,2,0.0,0.0,0.0,0.0,0.0,3.0,20,1,2
3514,4,2,3,15,10,3,0,5,1,1,2,36,2,2,0.0,0.0,0.0,0.0,0.0,2.0,6,3,1
22085,16,2,3,17,2,3,6,1,1,1,1,22,2,2,0.0,0.0,0.0,0.0,0.0,3.0,10,3,2
120495,16,2,3,15,8,3,0,1,1,1,1,22,2,2,0.0,0.0,0.0,0.0,0.0,3.0,16,5,9
75638,16,2,3,17,2,3,0,1,1,1,2,6,2,2,0.0,0.0,0.0,0.0,0.0,5.0,15,7,6
107121,4,2,3,15,8,3,0,1,0,1,2,22,2,1,2.0,0.0,2.0,0.0,0.0,4.0,13,3,8
143291,15,2,3,0,6,3,0,1,0,1,2,18,2,3,2.0,0.0,0.0,2.0,0.0,3.0,17,5,10
169056,16,2,3,0,2,3,0,1,1,0,2,18,2,2,0.0,0.0,0.0,0.0,0.0,2.0,13,1,11
50645,16,2,3,17,6,3,0,1,0,1,2,18,2,3,2.0,0.0,0.0,1.0,1.0,0.0,12,4,4
94037,15,2,3,17,2,3,0,1,1,1,2,36,2,2,0.0,0.0,0.0,0.0,0.0,3.0,15,6,7
173929,4,2,3,9,8,3,0,1,0,1,2,18,2,3,1.0,0.0,0.0,1.0,0.0,1.0,7,4,12
94993,15,7,1,0,8,3,6,1,0,1,2,5,2,3,2.0,0.0,0.0,1.0,1.0,1.0,0,1,7
109680,16,2,3,0,6,3,0,1,0,1,2,6,3,3,3.0,0.0,0.0,3.0,0.0,2.0,17,6,8
26807,16,10,3,0,8,3,6,1,0,1,2,39,2,4,1.0,0.0,0.0,0.0,1.0,1.0,7,3,2
109891,4,2,1,10,3,3,0,1,1,1,1,36,3,2,0.0,0.0,0.0,0.0,0.0,3.0,1,1,8
55745,16,2,3,17,15,3,0,1,1,1,2,24,2,2,0.0,0.0,0.0,0.0,0.0,3.0,13,6,4
138064,10,2,3,10,2,3,0,1,1,1,2,26,2,2,0.0,0.0,0.0,0.0,0.0,2.0,9,1,10
147383,16,2,4,9,16,3,0,1,0,1,2,36,2,3,1.0,0.0,0.0,1.0,0.0,2.0,18,5,10
67075,16,7,3,10,8,3,6,1,1,1,2,36,2,2,0.0,0.0,0.0,0.0,0.0,2.0,15,3,5
154499,15,2,3,0,11,3,0,1,0,1,2,18,2,2,0.0,0.0,0.0,0.0,0.0,2.0,8,2,10
61062,16,2,3,10,8,3,0,1,1,1,1,36,2,2,0.0,0.0,0.0,0.0,0.0,2.0,18,5,5
71006,16,2,3,17,8,3,0,1,0,1,2,18,2,2,0.0,0.0,0.0,0.0,0.0,2.0,11,2,5
35947,4,2,1,7,8,3,0,1,0,1,2,13,2,2,0.0,0.0,0.0,0.0,0.0,3.0,21,1,3
146592,16,2,4,15,6,3,0,1,1,1,1,26,2,2,0.0,0.0,0.0,0.0,0.0,3.0,18,6,10
85424,16,7,0,9,8,3,6,1,0,1,2,39,2,1,1.0,0.0,1.0,0.0,0.0,1.0,19,6,6
71238,16,2,3,15,8,3,5,5,1,1,2,22,2,2,0.0,0.0,0.0,0.0,0.0,2.0,16,5,5
25670,16,10,1,10,6,3,6,1,0,1,2,39,2,2,0.0,0.0,0.0,0.0,0.0,2.0,19,6,2
139356,15,2,3,0,8,3,0,1,0,1,2,5,2,4,1.0,0.0,0.0,0.0,1.0,1.0,14,4,10
38457,16,2,3,15,10,3,0,1,1,1,1,22,2,2,0.0,0.0,0.0,0.0,0.0,2.0,15,5,3
101488,15,2,3,17,10,3,0,1,0,1,2,18,2,2,0.0,0.0,0.0,0.0,0.0,2.0,15,2,7
25733,15,2,3,0,8,3,0,1,1,1,2,18,2,2,0.0,0.0,0.0,0.0,0.0,3.0,13,6,2
107260,4,7,3,17,3,3,6,5,1,1,2,38,2,2,0.0,0.0,0.0,0.0,0.0,3.0,16,3,8
187307,16,7,1,9,2,3,6,1,0,1,1,39,2,1,1.0,0.0,1.0,0.0,0.0,1.0,17,3,12
144999,16,2,0,0,8,3,0,1,1,1,1,36,2,2,0.0,0.0,0.0,0.0,0.0,2.0,18,5,10
77168,15,3,3,0,2,3,0,1,0,1,2,12,2,4,1.0,0.0,0.0,0.0,1.0,3.0,17,2,6
12109,16,9,1,0,6,3,4,1,0,1,2,6,3,4,1.0,0.0,0.0,0.0,1.0,1.0,21,7,1
38445,4,2,3,0,8,3,0,1,1,1,2,36,2,2,0.0,0.0,0.0,0.0,0.0,2.0,8,4,3
90059,16,2,3,0,6,3,0,1,0,1,2,3,2,3,3.0,0.0,0.0,3.0,0.0,0.0,19,1,7
150501,16,2,3,15,8,3,0,1,0,1,2,18,2,2,0.0,0.0,0.0,0.0,0.0,2.0,10,3,10
177349,16,2,0,0,6,3,0,1,0,1,2,6,2,2,0.0,0.0,0.0,0.0,0.0,2.0,2,5,12
68221,16,2,3,10,8,3,0,1,0,1,2,13,2,3,1.0,0.0,0.0,1.0,0.0,1.0,8,6,5
16984,15,7,1,0,8,3,6,1,1,1,2,5,2,2,0.0,0.0,0.0,0.0,0.0,2.0,21,3,2
163725,17,10,3,15,2,3,4,1,0,1,2,8,2,2,0.0,0.0,0.0,0.0,0.0,3.0,8,5,11
102067,16,2,2,0,8,3,0,1,1,1,1,36,2,2,0.0,0.0,0.0,0.0,0.0,2.0,13,4,7
110192,15,2,4,8,10,3,0,1,0,1,2,36,2,3,1.0,0.0,0.0,1.0,0.0,2.0,17,6,8
107089,15,7,3,0,8,3,6,1,0,1,2,36,2,2,0.0,0.0,0.0,0.0,0.0,2.0,6,1,8
79867,15,2,3,0,6,3,5,5,0,1,2,36,2,4,1.0,0.0,0.0,0.0,1.0,2.0,12,7,6
96720,4,7,3,0,8,3,6,1,1,1,2,36,2,2,0.0,0.0,0.0,0.0,0.0,2.0,7,5,7
10055,4,4,0,0,11,3,6,1,1,1,1,36,2,2,0.0,0.0,0.0,0.0,0.0,4.0,23,7,1
84294,4,7,3,0,6,3,6,1,0,1,2,18,2,3,2.0,0.0,0.0,2.0,0.0,2.0,13,2,6
74787,15,7,1,0,6,3,6,1,1,1,2,5,2,2,0.0,0.0,0.0,0.0,0.0,2.0,20,2,6
129304,16,2,3,17,6,3,0,1,0,1,2,36,2,3,1.0,0.0,0.0,1.0,0.0,1.0,7,6,9
62054,16,2,1,11,8,3,0,1,1,1,1,22,2,2,0.0,0.0,0.0,0.0,0.0,2.0,0,1,5
59388,16,2,3,0,8,4,0,5,0,1,2,6,2,2,0.0,0.0,0.0,0.0,0.0,3.0,18,1,5
40357,16,2,3,15,18,3,0,1,1,1,2,26,2,2,0.0,0.0,0.0,0.0,0.0,2.0,16,7,3
159126,16,2,1,9,8,3,5,5,0,1,0,12,2,4,1.0,0.0,0.0,0.0,1.0,1.0,18,4,11
108621,4,2,3,17,8,3,0,1,0,1,2,18,2,4,1.0,0.0,0.0,0.0,1.0,1.0,9,4,8
54237,16,2,3,17,6,3,0,1,0,1,1,6,2,2,0.0,0.0,0.0,0.0,0.0,3.0,13,3,4
74535,16,2,3,0,8,3,0,1,1,1,2,18,2,2,0.0,0.0,0.0,0.0,0.0,2.0,15,5,6
17605,16,2,3,17,13,3,0,1,1,1,1,22,2,2,0.0,0.0,0.0,0.0,0.0,3.0,11,7,2
19432,16,10,1,17,8,3,4,5,1,1,2,39,2,2,0.0,0.0,0.0,0.0,0.0,2.0,17,4,2
77229,4,2,3,10,8,3,0,1,0,1,2,37,3,2,0.0,0.0,0.0,0.0,0.0,3.0,17,3,6
10932,16,2,1,17,8,3,0,1,0,1,2,22,2,2,0.0,0.0,0.0,0.0,0.0,5.0,0,1,1
89614,16,2,3,10,8,3,0,5,1,1,1,36,2,2,0.0,0.0,0.0,0.0,0.0,3.0,15,1,7
55742,16,7,1,0,8,3,6,1,0,1,2,36,2,2,0.0,0.0,0.0,0.0,0.0,2.0,0,5,4
131808,16,2,3,17,2,3,0,1,1,1,2,24,2,2,0.0,0.0,0.0,0.0,0.0,2.0,14,2,9
68897,4,2,3,17,15,3,0,5,1,1,1,36,2,2,0.0,0.0,0.0,0.0,0.0,2.0,18,4,5
108763,15,2,3,0,11,3,0,1,0,1,2,12,2,4,1.0,0.0,0.0,0.0,1.0,1.0,8,5,8
163247,16,2,2,0,8,3,0,1,0,1,2,6,2,4,2.0,0.0,0.0,0.0,2.0,1.0,6,7,11
8213,16,2,0,17,2,3,0,1,1,1,1,18,2,2,0.0,0.0,0.0,0.0,0.0,3.0,18,5,1
120862,16,2,3,17,8,3,0,1,1,1,1,36,2,2,0.0,0.0,0.0,0.0,0.0,2.0,14,5,9
24975,16,2,3,0,8,3,0,1,0,1,2,36,2,1,4.0,0.0,3.0,1.0,0.0,0.0,16,7,2
115507,16,2,3,17,6,3,0,1,0,1,2,24,2,2,0.0,0.0,0.0,0.0,0.0,3.0,7,3,8
64357,4,2,0,17,3,3,0,1,0,1,2,18,3,3,2.0,0.0,0.0,1.0,1.0,1.0,22,2,5
17112,16,10,4,10,1,3,4,5,1,1,2,19,3,2,0.0,0.0,0.0,0.0,0.0,3.0,18,6,2
64031,16,2,3,0,16,3,0,1,0,1,1,6,2,3,1.0,0.0,0.0,1.0,0.0,1.0,18,5,5
147580,16,2,1,8,2,3,0,1,1,1,2,18,2,2,0.0,0.0,0.0,0.0,0.0,4.0,22,5,10
167355,16,7,3,10,8,3,6,1,0,1,2,36,2,2,0.0,0.0,0.0,0.0,0.0,3.0,9,1,11
69117,4,2,3,15,6,3,6,1,0,1,2,36,2,2,0.0,0.0,0.0,0.0,0.0,2.0,15,1,5
419,16,10,1,0,8,3,6,5,0,1,2,36,2,2,0.0,0.0,0.0,0.0,0.0,5.0,2,2,1
163656,16,7,3,17,2,3,6,1,1,1,0,21,2,2,0.0,0.0,0.0,0.0,0.0,2.0,9,4,11
72906,16,2,3,17,2,3,0,5,1,1,1,18,2,2,0.0,0.0,0.0,0.0,0.0,2.0,17,1,6
175940,15,2,3,9,6,3,0,1,0,1,2,18,2,3,1.0,0.0,0.0,1.0,0.0,1.0,11,7,12
148468,16,11,2,0,16,3,5,5,0,1,1,6,2,2,0.0,0.0,0.0,0.0,0.0,4.0,5,5,10
162667,16,2,1,17,2,3,0,1,1,1,1,36,2,2,0.0,0.0,0.0,0.0,0.0,2.0,21,4,11
118532,4,7,1,2,3,2,6,1,1,0,2,39,1,2,0.0,0.0,0.0,0.0,0.0,1.0,23,6,8
89032,16,2,3,17,6,3,0,1,1,1,1,18,2,2,0.0,0.0,0.0,0.0,0.0,2.0,7,6,7
1489,4,2,1,0,10,3,0,1,0,1,2,21,3,3,1.0,0.0,0.0,1.0,0.0,1.0,21,4,1
45009,16,2,3,17,2,3,0,1,1,1,2,18,2,2,0.0,0.0,0.0,0.0,0.0,2.0,10,7,4
171873,16,2,3,10,6,3,0,1,1,1,2,19,2,2,0.0,0.0,0.0,0.0,0.0,2.0,9,2,11
107376,4,2,1,17,8,3,0,1,0,1,2,38,2,3,1.0,0.0,0.0,1.0,0.0,3.0,22,4,8
26875,15,10,3,0,8,3,4,1,0,1,2,13,2,2,0.0,0.0,0.0,0.0,0.0,2.0,7,4,2
20003,16,2,3,17,2,3,0,5,1,1,1,24,2,2,0.0,0.0,0.0,0.0,0.0,3.0,15,7,2
127429,16,11,1,10,8,3,5,1,1,1,0,17,2,2,0.0,0.0,0.0,0.0,0.0,3.0,0,6,9
50080,16,2,3,17,6,3,0,1,0,1,2,36,2,3,1.0,0.0,0.0,1.0,0.0,1.0,10,1,4
35664,4,2,3,15,2,3,5,5,1,0,2,36,3,2,0.0,0.0,0.0,0.0,0.0,3.0,11,4,3
9851,4,2,1,10,3,3,0,1,1,1,1,22,2,2,0.0,0.0,0.0,0.0,0.0,2.0,3,5,1
4487,16,3,3,10,8,3,0,1,1,1,1,36,2,2,0.0,0.0,0.0,0.0,0.0,2.0,15,5,1
53781,16,2,3,10,2,3,0,1,1,1,2,36,2,2,0.0,0.0,0.0,0.0,0.0,3.0,16,3,4
102899,15,2,3,0,8,3,0,1,0,1,2,18,2,3,1.0,0.0,0.0,1.0,0.0,1.0,18,1,7
123972,17,2,3,17,15,3,5,5,1,1,2,26,2,2,0.0,0.0,0.0,0.0,0.0,2.0,14,7,9
175430,16,2,1,10,8,3,0,1,1,1,2,8,2,2,0.0,0.0,0.0,0.0,0.0,3.0,16,2,12
172193,16,2,1,9,3,3,0,1,1,1,2,18,2,2,0.0,0.0,0.0,0.0,0.0,2.0,16,6,12
167971,16,2,3,0,6,3,0,1,0,1,2,6,2,3,2.0,0.0,0.0,2.0,0.0,1.0,6,3,11
11122,17,11,0,9,17,3,5,5,0,1,0,36,2,3,1.0,0.0,0.0,1.0,0.0,1.0,20,4,1
150146,16,2,1,17,6,3,0,1,1,1,2,36,2,2,0.0,0.0,0.0,0.0,0.0,2.0,18,7,10
39926,15,2,3,0,6,3,0,1,0,1,2,5,3,2,0.0,0.0,0.0,0.0,0.0,3.0,14,6,3
67349,16,3,3,0,6,3,0,5,0,1,2,6,2,2,0.0,0.0,0.0,0.0,0.0,6.0,15,1,5
178157,16,2,1,17,6,3,0,5,1,1,1,24,2,2,0.0,0.0,0.0,0.0,0.0,2.0,18,2,12
84131,16,7,1,0,6,3,6,5,0,1,2,6,2,2,0.0,0.0,0.0,0.0,0.0,2.0,1,1,6
133797,16,2,3,17,6,3,0,1,0,1,2,12,2,3,1.0,0.0,0.0,1.0,0.0,1.0,15,5,9
100637,16,2,3,15,2,3,0,1,1,1,2,36,2,2,0.0,0.0,0.0,0.0,0.0,2.0,18,3,7
73035,15,2,4,17,8,3,0,1,0,1,2,18,2,3,1.0,0.0,0.0,1.0,0.0,1.0,20,4,6
19025,15,2,3,0,6,3,6,5,0,1,2,36,2,2,0.0,0.0,0.0,0.0,0.0,3.0,16,4,2
50856,16,2,3,15,6,5,0,1,1,1,1,23,2,2,0.0,0.0,0.0,0.0,0.0,4.0,13,7,4
3474,4,2,3,17,8,3,6,1,1,1,2,18,2,2,0.0,0.0,0.0,0.0,0.0,2.0,8,2,1
129212,16,2,3,17,15,3,0,5,1,1,0,36,2,2,0.0,0.0,0.0,0.0,0.0,3.0,15,5,9
122870,16,2,3,10,2,3,0,1,1,1,2,16,2,2,0.0,0.0,0.0,0.0,0.0,3.0,9,4,9
157495,16,7,1,10,3,3,6,1,1,1,2,19,2,2,0.0,0.0,0.0,0.0,0.0,2.0,23,7,11
43353,16,2,3,10,6,3,0,1,0,1,2,36,2,2,0.0,0.0,0.0,0.0,0.0,2.0,8,6,4
108904,16,2,3,10,2,3,0,5,1,1,0,19,2,2,0.0,0.0,0.0,0.0,0.0,3.0,9,7,8
76642,16,7,3,17,10,3,6,1,1,1,1,24,2,2,0.0,0.0,0.0,0.0,0.0,3.0,18,1,6
100025,15,2,1,0,6,3,0,1,0,1,2,18,2,2,0.0,0.0,0.0,0.0,0.0,7.0,23,7,7
82164,16,2,3,0,6,3,0,1,0,1,2,36,2,3,1.0,0.0,0.0,1.0,0.0,4.0,14,5,6
29566,16,2,0,0,6,3,0,1,0,1,2,26,2,4,1.0,0.0,0.0,0.0,1.0,1.0,21,1,3
151897,15,7,3,10,10,3,6,1,1,1,2,36,2,2,0.0,0.0,0.0,0.0,0.0,2.0,15,3,10
136848,4,2,3,17,8,3,0,1,1,1,1,5,2,2,0.0,0.0,0.0,0.0,0.0,2.0,15,5,9
100810,16,2,3,0,2,3,0,1,0,1,1,6,2,2,0.0,0.0,0.0,0.0,0.0,4.0,17,5,7
157369,15,2,3,8,2,3,0,1,0,1,0,36,2,4,1.0,0.0,0.0,0.0,1.0,1.0,8,1,11
107503,16,2,3,0,8,3,0,1,1,1,2,17,2,2,0.0,0.0,0.0,0.0,0.0,2.0,10,7,8
150404,15,7,3,8,8,3,6,1,1,1,0,5,2,2,0.0,0.0,0.0,0.0,0.0,2.0,7,2,10
157030,16,7,1,10,8,3,6,5,0,1,2,17,2,2,0.0,0.0,0.0,0.0,0.0,4.0,23,7,11
80869,16,2,1,0,6,3,0,1,0,1,2,36,2,4,3.0,0.0,0.0,0.0,3.0,1.0,2,2,6
128159,15,2,3,0,8,3,5,5,1,1,1,23,2,2,0.0,0.0,0.0,0.0,0.0,2.0,11,4,9
18124,15,2,3,0,8,3,0,5,0,1,2,18,2,3,1.0,0.0,0.0,1.0,0.0,1.0,14,2,2
113000,4,2,1,9,8,3,0,1,0,1,2,18,2,0,1.0,1.0,0.0,0.0,0.0,4.0,23,7,8
52562,16,2,3,10,2,3,0,5,1,1,0,36,2,2,0.0,0.0,0.0,0.0,0.0,2.0,12,2,4
115211,15,2,3,15,8,3,0,1,1,0,2,23,2,2,0.0,0.0,0.0,0.0,0.0,2.0,12,4,8
100081,16,3,3,0,2,3,6,5,0,1,2,13,2,2,0.0,0.0,0.0,0.0,0.0,3.0,9,1,7
128324,15,2,0,0,8,3,0,1,0,1,1,12,2,3,1.0,0.0,0.0,1.0,0.0,1.0,2,5,9
97550,15,2,4,0,2,3,0,5,1,1,2,36,2,2,0.0,0.0,0.0,0.0,0.0,2.0,20,4,7
137398,15,11,5,10,8,3,5,5,1,1,1,36,2,2,0.0,0.0,0.0,0.0,0.0,2.0,18,6,9
25743,15,7,2,15,2,3,6,1,0,1,2,18,2,1,1.0,0.0,1.0,0.0,0.0,2.0,7,6,2
166406,15,2,3,0,18,3,0,1,0,1,2,18,2,3,1.0,0.0,0.0,1.0,0.0,6.0,15,3,11
85458,16,7,3,17,8,3,6,1,0,1,2,36,2,2,0.0,0.0,0.0,0.0,0.0,2.0,12,6,6
115233,16,2,3,5,6,3,0,5,1,1,0,36,2,2,0.0,0.0,0.0,0.0,0.0,2.0,17,5,8
99219,16,7,1,10,17,3,4,5,1,0,0,36,2,2,0.0,0.0,0.0,0.0,0.0,2.0,19,7,7
184089,15,11,5,0,8,3,5,5,0,1,1,36,2,4,1.0,0.0,0.0,0.0,1.0,2.0,16,7,12
187533,16,2,3,10,10,3,0,1,1,1,1,6,2,2,0.0,0.0,0.0,0.0,0.0,3.0,14,5,12
64078,16,2,3,15,8,3,0,1,1,1,2,23,3,2,0.0,0.0,0.0,0.0,0.0,3.0,13,3,5
186302,15,2,1,0,2,3,0,1,0,1,2,5,2,2,0.0,0.0,0.0,0.0,0.0,2.0,20,1,12
109044,16,7,1,0,15,3,6,1,1,1,2,39,2,2,0.0,0.0,0.0,0.0,0.0,3.0,20,3,8
99593,4,2,3,7,10,3,0,1,1,1,2,36,2,2,0.0,0.0,0.0,0.0,0.0,1.0,13,1,7
31959,4,2,1,15,8,3,0,1,1,0,0,23,2,2,0.0,0.0,0.0,0.0,0.0,2.0,17,6,3
6527,4,2,3,2,8,3,6,1,1,1,2,15,1,2,0.0,0.0,0.0,0.0,0.0,1.0,10,7,1
47691,16,7,1,0,8,3,6,1,0,1,2,6,2,2,0.0,0.0,0.0,0.0,0.0,6.0,23,6,4
32057,16,7,1,17,2,3,6,1,0,1,2,16,3,3,3.0,0.0,0.0,3.0,0.0,1.0,20,7,3
162204,15,3,1,17,6,3,6,1,0,1,2,5,2,2,0.0,0.0,0.0,0.0,0.0,2.0,18,6,11
171934,15,2,3,8,8,3,0,5,1,1,0,36,2,2,0.0,0.0,0.0,0.0,0.0,2.0,9,3,11
103385,15,2,3,17,8,3,0,1,1,1,2,18,2,2,0.0,0.0,0.0,0.0,0.0,3.0,9,3,7
160217,16,2,3,17,8,3,0,1,1,1,0,23,2,2,0.0,0.0,0.0,0.0,0.0,2.0,7,6,11
137787,4,2,3,17,10,3,0,1,1,1,2,17,2,2,0.0,0.0,0.0,0.0,0.0,2.0,9,3,10
94910,16,2,3,17,6,3,0,5,1,1,2,18,2,2,0.0,0.0,0.0,0.0,0.0,2.0,7,6,7
27853,4,2,1,10,8,3,0,1,1,0,1,17,2,2,0.0,0.0,0.0,0.0,0.0,2.0,21,6,2
14109,16,10,1,5,8,3,4,1,0,1,0,30,1,2,0.0,0.0,0.0,0.0,0.0,1.0,23,1,1
180118,16,2,1,15,2,3,0,1,1,1,2,22,2,2,0.0,0.0,0.0,0.0,0.0,2.0,18,5,12
151555,16,2,1,15,2,3,0,1,1,1,2,22,2,2,0.0,0.0,0.0,0.0,0.0,2.0,18,3,10
144262,4,7,3,0,6,3,6,1,0,1,2,5,2,2,0.0,0.0,0.0,0.0,0.0,2.0,15,2,10
54702,4,2,3,7,10,3,0,1,1,0,2,38,2,2,0.0,0.0,0.0,0.0,0.0,1.0,10,1,4
144516,17,7,3,15,6,3,6,5,1,1,2,36,2,2,0.0,0.0,0.0,0.0,0.0,2.0,11,5,10
107634,16,2,1,17,8,3,0,1,0,1,2,36,2,2,0.0,0.0,0.0,0.0,0.0,3.0,22,2,8
46259,16,2,3,17,2,3,0,1,1,1,1,3,2,2,0.0,0.0,0.0,0.0,0.0,3.0,8,3,4
127376,15,2,3,17,8,3,0,1,1,1,1,36,2,2,0.0,0.0,0.0,0.0,0.0,2.0,18,6,9
157769,16,2,3,15,10,3,0,1,0,1,2,18,2,3,1.0,0.0,0.0,1.0,0.0,1.0,8,5,11
127518,16,2,3,10,8,3,0,1,1,1,2,19,2,2,0.0,0.0,0.0,0.0,0.0,2.0,18,2,9
29676,15,2,3,0,4,3,0,1,0,1,2,18,2,2,0.0,0.0,0.0,0.0,0.0,2.0,15,2,3
80005,4,2,3,10,8,3,0,1,0,1,2,19,2,2,0.0,0.0,0.0,0.0,0.0,2.0,12,7,6
174387,15,2,3,0,2,3,0,1,0,1,2,22,2,4,1.0,0.0,0.0,0.0,1.0,4.0,12,3,12
2670,16,2,3,17,8,3,0,1,0,1,2,18,2,2,0.0,0.0,0.0,0.0,0.0,2.0,13,5,1
51764,16,2,3,10,3,3,0,1,1,1,1,36,2,2,0.0,0.0,0.0,0.0,0.0,2.0,7,2,4
11691,8,2,1,17,8,3,0,1,0,1,2,18,3,3,1.0,0.0,0.0,1.0,0.0,4.0,17,1,1
96143,16,2,1,17,3,3,0,1,1,1,2,18,2,2,0.0,0.0,0.0,0.0,0.0,2.0,23,3,7
184049,16,7,1,0,2,3,6,1,1,1,2,23,2,2,0.0,0.0,0.0,0.0,0.0,3.0,19,5,12
151973,16,7,3,0,2,3,6,1,0,1,2,18,2,4,1.0,0.0,0.0,0.0,1.0,2.0,12,3,10
96127,15,2,3,0,8,3,0,1,0,1,2,38,2,3,2.0,0.0,0.0,2.0,0.0,1.0,8,3,7
116444,15,2,3,0,2,3,0,1,1,1,1,36,2,2,0.0,0.0,0.0,0.0,0.0,4.0,8,3,8
23643,16,2,1,10,3,3,0,1,0,1,2,17,2,3,1.0,0.0,0.0,1.0,0.0,3.0,23,3,2
47057,15,11,3,0,6,3,5,5,1,1,2,38,3,2,0.0,0.0,0.0,0.0,0.0,2.0,17,5,4
75670,16,2,1,17,6,3,0,1,0,1,2,18,2,2,0.0,0.0,0.0,0.0,0.0,5.0,22,7,6
177231,4,2,4,17,8,3,0,1,1,1,1,17,2,2,0.0,0.0,0.0,0.0,0.0,2.0,16,2,12
130965,16,2,3,14,8,3,0,1,0,1,2,36,2,3,1.0,0.0,0.0,1.0,0.0,1.0,17,1,9
11157,16,10,3,17,1,3,4,1,1,0,1,22,2,2,0.0,0.0,0.0,0.0,0.0,2.0,14,5,1
22460,16,9,3,10,8,3,6,1,1,1,2,21,2,2,0.0,0.0,0.0,0.0,0.0,2.0,11,5,2
95979,15,2,3,0,6,3,0,1,0,1,2,18,2,4,1.0,0.0,0.0,0.0,1.0,1.0,7,3,7
135149,16,2,3,17,18,3,0,1,1,1,1,22,2,2,0.0,0.0,0.0,0.0,0.0,2.0,15,2,9
92229,16,2,3,15,8,3,0,1,1,1,1,36,2,2,0.0,0.0,0.0,0.0,0.0,2.0,15,7,7
25644,15,2,3,17,15,3,0,1,1,1,2,36,2,2,0.0,0.0,0.0,0.0,0.0,2.0,16,6,2
92609,4,2,3,17,18,3,0,1,1,1,2,18,2,2,0.0,0.0,0.0,0.0,0.0,2.0,15,6,7
160503,4,2,3,0,6,3,0,1,0,1,2,36,2,3,1.0,0.0,0.0,1.0,0.0,1.0,16,2,11
53308,16,2,3,17,8,3,0,1,1,1,2,11,2,2,0.0,0.0,0.0,0.0,0.0,2.0,15,3,4
149216,16,2,3,0,8,3,0,1,0,1,2,3,2,2,0.0,0.0,0.0,0.0,0.0,2.0,9,7,10
52755,16,2,3,10,2,4,0,1,1,1,2,19,2,2,0.0,0.0,0.0,0.0,0.0,2.0,8,7,4
120967,16,2,3,17,6,4,0,1,1,1,2,24,2,2,0.0,0.0,0.0,0.0,0.0,3.0,18,6,9
179534,4,2,3,17,2,3,0,1,0,1,2,22,2,1,2.0,0.0,1.0,1.0,0.0,0.0,7,5,12
38731,16,7,3,2,6,3,6,1,0,1,2,36,1,2,0.0,0.0,0.0,0.0,0.0,1.0,8,4,3
92608,15,2,3,13,6,3,0,1,0,1,2,36,2,2,0.0,0.0,0.0,0.0,0.0,2.0,15,6,7
110536,16,2,3,17,15,3,0,1,1,1,1,36,2,2,0.0,0.0,0.0,0.0,0.0,3.0,10,3,8
82630,16,2,3,10,8,3,5,5,1,1,1,26,2,2,0.0,0.0,0.0,0.0,0.0,2.0,17,3,6
154314,16,7,1,0,15,3,6,1,0,1,2,36,2,2,0.0,0.0,0.0,0.0,0.0,3.0,1,1,10
132548,16,2,3,8,8,3,0,1,0,1,2,36,2,3,1.0,0.0,0.0,1.0,0.0,1.0,16,7,9
121510,16,2,3,15,2,3,0,1,1,1,1,18,2,2,0.0,0.0,0.0,0.0,0.0,3.0,15,7,9
47630,15,2,1,0,8,3,0,1,0,1,2,36,2,2,0.0,0.0,0.0,0.0,0.0,2.0,1,6,4
128405,4,2,1,0,0,3,0,1,1,1,1,18,2,2,0.0,0.0,0.0,0.0,0.0,2.0,22,6,9
24525,16,2,3,10,2,3,0,1,1,1,2,19,2,2,0.0,0.0,0.0,0.0,0.0,2.0,7,5,2
48501,16,2,3,17,10,3,0,1,1,1,2,4,2,2,0.0,0.0,0.0,0.0,0.0,2.0,7,1,4
97070,4,2,1,9,8,3,0,1,0,1,2,36,2,3,1.0,0.0,0.0,1.0,0.0,4.0,20,5,7
85837,15,2,3,8,2,3,0,1,0,1,0,18,2,3,1.0,0.0,0.0,1.0,0.0,1.0,12,4,6
5429,16,3,4,10,1,3,4,5,1,1,0,19,2,2,0.0,0.0,0.0,0.0,0.0,6.0,16,3,1
17683,6,2,3,17,2,3,5,5,0,0,2,36,2,1,2.0,0.0,1.0,1.0,0.0,2.0,15,2,2
38905,16,7,1,10,8,3,6,1,1,1,1,8,2,2,0.0,0.0,0.0,0.0,0.0,7.0,20,6,3
52519,16,2,3,17,2,3,0,1,0,1,2,18,2,1,2.0,0.0,2.0,0.0,0.0,4.0,13,1,4
45227,15,2,3,10,10,3,0,1,1,1,2,19,2,2,0.0,0.0,0.0,0.0,0.0,2.0,11,5,4
117893,16,2,3,17,8,3,0,1,1,1,2,36,2,2,0.0,0.0,0.0,0.0,0.0,3.0,12,3,8