crash_date,               traffic_control_device,weather_condition,lighting_condition,first_crash_type,trafficway_type,alignment,roadway_surface_cond,road_defect,crash_type,intersection_related_i,damage,prim_contributory_cause,num_units,most_severe_injury,injuries_total,injuries_fatal,injuries_incapacitating,injuries_non_incapacitating,injuries_reported_not_evident,injuries_no_indication,crash_hour,crash_day_of_week,crash_month
120529,16,2,3,15,2,3,0,1,1,1,1,36,2,2,0.0,0.0,0.0,0.0,0.0,2.0,16,6,9
66544,15,2,3,10,8,3,0,1,1,1,2,36,2,2,0.0,0.0,0.0,0.0,0.0,2.0,13,2,5
27847,16,2,1,2,8,3,0,1,0,1,2,36,1,2,0.0,0.0,0.0,0.0,0.0,2.0,20,6,2
17086,6,10,3,5,8,3,4,1,1,1,0,26,1,2,0.0,0.0,0.0,0.0,0.0,1.0,14,6,2
150422,16,2,1,2,2,3,0,3,1,1,1,26,1,2,0.0,0.0,0.0,0.0,0.0,1.0,23,2,10
131397,4,2,3,2,0,3,0,1,1,1,2,26,1,2,0.0,0.0,0.0,0.0,0.0,1.0,10,5,9
110365,16,2,3,2,8,3,2,3,1,1,1,32,1,2,0.0,0.0,0.0,0.0,0.0,1.0,15,7,8
52582,15,2,3,17,8,3,0,1,1,1,2,18,2,2,0.0,0.0,0.0,0.0,0.0,2.0,16,3,4
46123,15,2,4,0,6,3,0,1,0,1,2,18,2,2,0.0,0.0,0.0,0.0,0.0,2.0,19,7,4
146089,16,2,1,17,8,3,0,1,0,1,2,6,2,3,1.0,0.0,0.0,1.0,0.0,1.0,21,6,10
33597,15,2,3,10,15,3,0,1,0,1,2,5,2,3,1.0,0.0,0.0,1.0,0.0,1.0,7,6,3
101390,9,2,1,7,14,3,0,5,0,1,2,3,2,2,0.0,0.0,0.0,0.0,0.0,1.0,2,7,7
8884,4,2,1,17,8,3,6,1,1,1,2,24,2,2,0.0,0.0,0.0,0.0,0.0,2.0,6,2,1
125976,16,2,3,17,3,3,0,1,1,1,1,18,2,2,0.0,0.0,0.0,0.0,0.0,2.0,7,3,9
61835,16,2,1,17,6,3,0,1,0,1,2,23,2,2,0.0,0.0,0.0,0.0,0.0,2.0,23,4,5
46941,15,2,3,0,6,3,0,5,1,1,2,18,2,2,0.0,0.0,0.0,0.0,0.0,2.0,16,2,4
101044,4,2,3,15,15,3,5,5,1,1,2,26,2,2,0.0,0.0,0.0,0.0,0.0,3.0,10,2,7
89238,16,2,3,10,2,3,5,5,0,1,2,19,3,3,1.0,0.0,0.0,1.0,0.0,3.0,18,2,7
31939,16,2,3,17,8,3,0,1,1,1,2,18,2,2,0.0,0.0,0.0,0.0,0.0,3.0,13,6,3
62485,16,2,1,0,6,3,0,1,0,1,2,36,2,2,0.0,0.0,0.0,0.0,0.0,2.0,20,7,5
144906,15,7,3,17,8,3,6,1,1,1,0,18,2,2,0.0,0.0,0.0,0.0,0.0,2.0,15,4,10
183567,15,3,3,0,2,3,6,1,0,1,2,18,2,3,1.0,0.0,0.0,1.0,0.0,2.0,11,6,12
170841,16,2,3,0,2,3,0,1,0,1,2,6,2,2,0.0,0.0,0.0,0.0,0.0,5.0,15,7,11
95132,16,2,3,0,8,3,0,1,1,1,1,36,2,2,0.0,0.0,0.0,0.0,0.0,2.0,7,2,7
65049,16,2,3,15,2,3,0,5,0,1,2,28,2,3,2.0,0.0,0.0,2.0,0.0,1.0,10,7,5
113607,15,2,3,0,8,3,0,1,0,1,2,18,2,2,0.0,0.0,0.0,0.0,0.0,2.0,14,1,8
36515,16,7,3,17,6,3,6,1,0,1,2,18,2,2,0.0,0.0,0.0,0.0,0.0,2.0,16,6,3
95664,16,2,3,0,2,3,0,1,1,1,2,13,2,2,0.0,0.0,0.0,0.0,0.0,1.0,19,3,7
77468,4,2,1,15,6,3,0,1,0,1,2,36,2,2,0.0,0.0,0.0,0.0,0.0,2.0,1,1,6
56533,16,2,3,17,8,3,0,1,0,1,1,18,2,4,1.0,0.0,0.0,0.0,1.0,7.0,14,4,5
7225,16,2,3,10,2,3,6,1,0,1,2,19,3,2,0.0,0.0,0.0,0.0,0.0,3.0,8,4,1
93293,16,11,5,0,6,3,5,5,0,1,2,3,2,1,1.0,0.0,1.0,0.0,0.0,2.0,18,2,7
147843,16,2,3,0,6,3,0,1,0,1,2,6,2,2,0.0,0.0,0.0,0.0,0.0,2.0,11,3,10
148410,16,2,3,10,8,3,0,1,1,1,1,19,2,2,0.0,0.0,0.0,0.0,0.0,2.0,6,4,10
171045,4,2,3,17,2,3,0,1,1,0,2,24,2,2,0.0,0.0,0.0,0.0,0.0,2.0,8,3,11
25378,16,7,1,2,8,3,6,2,1,1,2,33,1,2,0.0,0.0,0.0,0.0,0.0,2.0,21,7,2
125237,15,2,3,0,8,3,0,1,0,1,2,18,2,4,2.0,0.0,0.0,0.0,2.0,0.0,9,5,9
27298,15,2,1,17,8,3,0,1,1,0,2,24,2,2,0.0,0.0,0.0,0.0,0.0,2.0,18,4,2
37203,15,2,3,17,8,3,0,1,1,1,2,23,2,2,0.0,0.0,0.0,0.0,0.0,3.0,18,3,3
167356,16,2,1,9,15,3,0,5,0,1,2,36,2,3,1.0,0.0,0.0,1.0,0.0,1.0,21,1,11
151044,16,2,1,2,2,3,0,1,1,1,2,36,1,2,0.0,0.0,0.0,0.0,0.0,1.0,23,3,10
149509,15,2,3,10,8,5,0,1,1,1,2,19,2,2,0.0,0.0,0.0,0.0,0.0,2.0,14,6,10
97124,15,2,3,0,8,3,0,1,0,1,2,36,2,3,1.0,0.0,0.0,1.0,0.0,5.0,17,4,7
180240,16,2,3,8,8,3,0,1,1,1,1,24,2,2,0.0,0.0,0.0,0.0,0.0,3.0,15,7,12
184966,4,2,3,2,6,3,0,1,1,1,1,26,1,2,0.0,0.0,0.0,0.0,0.0,1.0,8,4,12
181934,15,7,3,9,8,3,6,1,0,1,2,18,2,4,1.0,0.0,0.0,0.0,1.0,1.0,7,2,12
92212,15,2,3,10,2,3,0,1,1,1,2,2,2,2,0.0,0.0,0.0,0.0,0.0,2.0,12,6,7
10567,11,7,1,15,8,3,6,1,1,1,1,12,2,2,0.0,0.0,0.0,0.0,0.0,3.0,6,2,1
168101,16,2,3,10,15,3,0,1,1,1,0,36,2,2,0.0,0.0,0.0,0.0,0.0,2.0,9,6,11
67816,15,2,1,0,8,3,0,1,1,1,2,18,2,2,0.0,0.0,0.0,0.0,0.0,2.0,20,1,5
158684,16,2,3,15,8,3,0,1,1,0,2,18,2,2,0.0,0.0,0.0,0.0,0.0,3.0,10,2,11
66470,16,2,1,11,15,3,0,1,0,0,2,17,2,3,2.0,0.0,0.0,2.0,0.0,0.0,3,3,5
19839,16,2,3,8,5,3,0,1,0,1,0,6,2,3,1.0,0.0,0.0,1.0,0.0,1.0,6,3,2
176876,16,7,3,10,8,3,6,1,1,1,1,19,2,2,0.0,0.0,0.0,0.0,0.0,2.0,14,6,12
37799,4,2,3,17,4,3,0,1,0,1,0,17,2,2,0.0,0.0,0.0,0.0,0.0,2.0,18,1,3
6337,16,3,1,15,8,3,0,1,0,1,2,18,2,2,0.0,0.0,0.0,0.0,0.0,3.0,19,6,1
102174,16,2,1,17,2,3,0,1,0,1,2,18,2,2,0.0,0.0,0.0,0.0,0.0,5.0,21,5,7
87173,15,2,3,17,3,3,0,1,0,1,2,26,2,1,1.0,0.0,1.0,0.0,0.0,1.0,14,7,6
83543,15,2,3,0,6,3,0,1,1,1,2,18,2,2,0.0,0.0,0.0,0.0,0.0,2.0,18,5,6
78997,4,2,3,1,8,3,0,1,1,1,1,36,1,2,0.0,0.0,0.0,0.0,0.0,1.0,8,1,6
171703,16,2,0,17,8,3,6,1,1,1,1,24,2,2,0.0,0.0,0.0,0.0,0.0,2.0,6,6,11
162736,16,2,3,0,8,3,0,5,1,1,2,18,2,2,0.0,0.0,0.0,0.0,0.0,2.0,9,6,11
9949,16,11,3,0,6,3,4,1,0,1,2,18,2,2,0.0,0.0,0.0,0.0,0.0,4.0,13,7,1
93178,15,2,3,0,6,3,0,1,0,1,2,5,2,3,2.0,0.0,0.0,2.0,0.0,1.0,10,7,7
150757,16,2,1,0,8,3,0,1,0,1,1,6,2,2,0.0,0.0,0.0,0.0,0.0,2.0,4,1,10
73856,16,7,1,0,6,3,6,1,0,1,2,36,2,4,1.0,0.0,0.0,0.0,1.0,3.0,23,3,6
45089,15,2,0,0,6,3,6,1,0,1,2,5,3,4,1.0,0.0,0.0,0.0,1.0,2.0,3,3,4
158716,15,2,0,0,8,3,0,1,0,1,2,36,2,4,1.0,0.0,0.0,0.0,1.0,3.0,17,3,11
92425,4,11,3,0,10,3,5,5,1,0,1,36,2,2,0.0,0.0,0.0,0.0,0.0,3.0,15,2,7
133792,16,2,3,10,8,3,0,1,1,1,2,19,2,2,0.0,0.0,0.0,0.0,0.0,2.0,15,5,9
70598,15,2,3,0,6,3,0,1,0,1,2,18,2,2,0.0,0.0,0.0,0.0,0.0,3.0,18,4,5
77596,15,2,1,10,6,3,0,1,0,1,2,14,3,2,0.0,0.0,0.0,0.0,0.0,2.0,0,3,6
13624,16,10,3,17,8,3,4,5,0,1,1,36,2,3,2.0,0.0,0.0,2.0,0.0,0.0,9,6,1
31483,16,2,3,15,2,3,0,1,1,1,2,18,2,2,0.0,0.0,0.0,0.0,0.0,2.0,7,5,3
11207,16,11,3,9,6,3,5,5,1,1,0,36,2,2,0.0,0.0,0.0,0.0,0.0,2.0,9,5,1
60977,15,2,3,10,10,3,0,1,0,1,2,26,2,4,1.0,0.0,0.0,0.0,1.0,1.0,13,6,5
113934,15,2,3,8,6,3,0,1,0,1,2,36,2,4,1.0,0.0,0.0,0.0,1.0,1.0,18,7,8
127145,15,2,3,7,6,3,0,1,1,1,1,36,2,2,0.0,0.0,0.0,0.0,0.0,1.0,11,5,9
6574,16,2,3,0,8,3,0,1,0,1,2,36,2,3,1.0,0.0,0.0,1.0,0.0,6.0,10,1,1
164641,4,2,1,7,2,3,0,1,1,1,2,36,2,2,0.0,0.0,0.0,0.0,0.0,1.0,20,5,11
72426,4,2,3,8,10,3,0,1,0,1,0,18,2,3,1.0,0.0,0.0,1.0,0.0,1.0,12,7,6
141882,16,2,1,17,6,3,0,1,1,1,2,24,2,2,0.0,0.0,0.0,0.0,0.0,2.0,19,5,10
177245,4,2,0,0,8,3,0,1,1,1,1,38,2,2,0.0,0.0,0.0,0.0,0.0,2.0,19,2,12
31609,15,2,1,0,6,3,0,1,0,1,2,5,3,3,1.0,0.0,0.0,1.0,0.0,1.0,4,1,3
54581,16,2,0,10,8,3,0,1,1,1,1,19,2,2,0.0,0.0,0.0,0.0,0.0,3.0,10,6,4
154640,4,2,3,10,15,3,0,1,1,1,2,19,2,2,0.0,0.0,0.0,0.0,0.0,2.0,7,4,10
66050,16,2,3,10,2,3,0,5,1,1,0,19,2,2,0.0,0.0,0.0,0.0,0.0,3.0,11,2,5
118945,16,7,3,10,8,3,5,1,1,1,2,19,2,2,0.0,0.0,0.0,0.0,0.0,4.0,11,4,8
162417,16,2,3,17,6,3,0,5,1,1,2,18,2,2,0.0,0.0,0.0,0.0,0.0,5.0,12,3,11
180482,16,10,4,9,3,3,4,5,0,1,0,26,2,3,1.0,0.0,0.0,1.0,0.0,1.0,16,5,12
51709,16,2,4,0,2,3,0,1,0,1,2,6,2,3,1.0,0.0,0.0,1.0,0.0,2.0,19,1,4
129089,16,2,3,17,2,3,0,1,1,1,2,23,2,2,0.0,0.0,0.0,0.0,0.0,4.0,16,2,9
17508,16,10,1,10,2,3,4,1,1,1,2,36,2,2,0.0,0.0,0.0,0.0,0.0,2.0,19,5,2
168595,16,2,1,15,2,3,0,1,1,1,2,22,2,2,0.0,0.0,0.0,0.0,0.0,2.0,21,7,11
82422,16,2,3,3,2,3,0,5,1,1,2,36,2,2,0.0,0.0,0.0,0.0,0.0,2.0,15,2,6
68449,16,3,3,15,2,3,6,1,1,1,2,36,2,2,0.0,0.0,0.0,0.0,0.0,3.0,8,4,5
21117,15,2,3,17,8,3,0,1,0,1,2,18,2,2,0.0,0.0,0.0,0.0,0.0,6.0,15,4,2
77940,4,2,1,15,2,3,0,5,1,0,2,36,2,2,0.0,0.0,0.0,0.0,0.0,3.0,21,7,6
145911,4,2,3,17,2,3,0,1,1,1,1,24,2,2,0.0,0.0,0.0,0.0,0.0,3.0,11,2,10
14602,16,7,3,10,2,3,6,1,1,1,2,21,2,2,0.0,0.0,0.0,0.0,0.0,2.0,13,1,1
56787,16,2,3,17,6,3,0,1,0,1,2,24,2,4,1.0,0.0,0.0,0.0,1.0,1.0,13,2,5
184762,12,2,4,8,11,3,0,1,0,1,2,17,2,0,1.0,1.0,0.0,0.0,0.0,1.0,17,7,12
103235,15,2,4,17,8,3,0,5,0,1,2,18,2,1,4.0,0.0,1.0,3.0,0.0,0.0,20,7,7
31041,16,2,3,10,2,3,1,1,0,1,0,17,2,1,2.0,0.0,1.0,1.0,0.0,0.0,6,4,3
86605,16,2,3,10,2,3,0,1,1,1,2,19,2,2,0.0,0.0,0.0,0.0,0.0,2.0,17,4,6
24507,15,2,1,10,8,3,0,1,1,1,2,17,2,2,0.0,0.0,0.0,0.0,0.0,2.0,4,5,2
161306,16,2,1,10,8,3,0,1,1,1,2,19,2,2,0.0,0.0,0.0,0.0,0.0,2.0,18,1,11
41691,16,2,3,15,8,3,0,1,1,1,2,23,2,2,0.0,0.0,0.0,0.0,0.0,2.0,13,5,3
31034,3,2,3,15,8,3,0,1,1,1,0,36,2,2,0.0,0.0,0.0,0.0,0.0,2.0,17,4,3
182022,16,2,3,15,1,3,0,1,1,1,0,17,2,2,0.0,0.0,0.0,0.0,0.0,2.0,10,3,12
137068,16,2,3,10,2,3,0,1,1,1,1,23,2,2,0.0,0.0,0.0,0.0,0.0,3.0,13,7,9
76870,16,2,1,17,6,3,0,1,0,1,2,24,2,1,1.0,0.0,1.0,0.0,0.0,1.0,21,5,6
62177,16,7,1,17,8,3,6,1,0,1,2,18,2,3,2.0,0.0,0.0,2.0,0.0,3.0,0,1,5
164088,16,2,3,17,8,3,0,1,1,1,2,19,2,2,0.0,0.0,0.0,0.0,0.0,2.0,6,4,11
47305,16,2,1,0,6,3,0,5,1,1,2,6,2,2,0.0,0.0,0.0,0.0,0.0,4.0,23,1,4
155923,16,7,1,0,6,3,6,1,0,1,2,6,2,3,1.0,0.0,0.0,1.0,0.0,4.0,22,6,11
135906,15,2,3,0,8,3,0,1,1,1,2,36,2,2,0.0,0.0,0.0,0.0,0.0,2.0,13,5,9
172524,16,2,1,0,6,3,0,1,1,1,2,28,2,2,0.0,0.0,0.0,0.0,0.0,2.0,18,5,12
21298,16,2,0,17,8,3,0,1,0,1,2,18,2,4,4.0,0.0,0.0,0.0,4.0,2.0,17,6,2
43369,16,2,3,10,6,3,0,1,1,1,0,36,2,2,0.0,0.0,0.0,0.0,0.0,2.0,12,6,4
25681,15,10,1,9,6,3,4,1,0,1,0,18,2,3,1.0,0.0,0.0,1.0,0.0,1.0,20,6,2
18587,15,2,3,0,10,3,4,5,0,1,2,18,2,2,0.0,0.0,0.0,0.0,0.0,2.0,15,3,2
44522,16,2,3,9,2,3,0,1,0,1,2,36,2,1,1.0,0.0,1.0,0.0,0.0,1.0,8,5,4
147754,16,2,1,17,2,3,0,1,0,1,2,18,2,2,0.0,0.0,0.0,0.0,0.0,3.0,19,2,10
27600,15,3,1,0,6,3,0,1,0,1,2,5,2,2,0.0,0.0,0.0,0.0,0.0,2.0,19,3,2
161866,15,7,3,17,8,3,6,1,0,1,2,5,6,3,3.0,0.0,0.0,3.0,0.0,3.0,14,1,11
116719,15,2,0,0,8,3,0,1,0,1,2,18,2,2,0.0,0.0,0.0,0.0,0.0,2.0,20,6,8
79153,16,2,3,17,8,3,0,5,1,1,2,36,2,2,0.0,0.0,0.0,0.0,0.0,2.0,11,3,6
68901,4,7,3,0,8,3,6,1,0,1,2,36,2,3,1.0,0.0,0.0,1.0,0.0,1.0,7,4,5
86517,16,2,3,17,8,3,0,1,1,1,2,18,2,2,0.0,0.0,0.0,0.0,0.0,3.0,7,2,6
161620,4,2,0,14,2,3,0,1,1,1,1,22,2,2,0.0,0.0,0.0,0.0,0.0,2.0,16,5,11
60810,16,2,3,10,6,3,0,1,1,1,2,12,2,2,0.0,0.0,0.0,0.0,0.0,2.0,7,2,5
95799,16,2,3,17,1,3,0,1,0,1,2,6,2,4,2.0,0.0,0.0,0.0,2.0,0.0,19,6,7
34475,16,2,3,0,8,3,0,1,1,1,2,36,2,2,0.0,0.0,0.0,0.0,0.0,4.0,19,5,3
160350,16,2,3,10,8,3,6,1,1,1,0,28,2,2,0.0,0.0,0.0,0.0,0.0,4.0,15,6,11
14425,16,2,3,10,2,3,0,1,1,1,2,19,2,2,0.0,0.0,0.0,0.0,0.0,2.0,12,7,1
49543,16,2,4,10,8,3,0,1,1,1,0,19,2,2,0.0,0.0,0.0,0.0,0.0,2.0,19,4,4
48190,16,10,3,0,8,3,4,5,0,1,2,18,3,3,1.0,0.0,0.0,1.0,0.0,6.0,15,1,4
92289,16,2,1,10,3,3,0,1,1,1,2,36,2,2,0.0,0.0,0.0,0.0,0.0,3.0,0,7,7
33671,16,2,3,0,6,3,0,5,1,1,2,36,2,2,0.0,0.0,0.0,0.0,0.0,4.0,11,7,3
173397,15,2,0,0,8,3,0,5,1,1,2,36,2,2,0.0,0.0,0.0,0.0,0.0,2.0,18,3,12
70217,16,2,3,17,17,3,0,1,1,1,2,36,2,2,0.0,0.0,0.0,0.0,0.0,2.0,16,3,5
122603,16,2,1,3,8,3,0,1,0,1,2,17,2,3,1.0,0.0,0.0,1.0,0.0,5.0,23,1,9
41548,15,2,3,10,2,3,0,1,1,1,1,19,2,2,0.0,0.0,0.0,0.0,0.0,2.0,18,2,3
106807,16,2,3,15,8,3,0,1,1,1,1,36,2,2,0.0,0.0,0.0,0.0,0.0,2.0,14,3,8
166084,16,7,3,10,8,3,6,1,1,1,1,39,2,2,0.0,0.0,0.0,0.0,0.0,2.0,15,3,11
65160,15,2,3,17,8,3,0,1,1,1,1,22,2,2,0.0,0.0,0.0,0.0,0.0,2.0,18,7,5
146748,16,2,3,17,3,3,0,1,0,1,2,22,2,3,1.0,0.0,0.0,1.0,0.0,2.0,12,1,10
48724,16,10,3,10,3,3,6,1,1,0,1,19,2,2,0.0,0.0,0.0,0.0,0.0,2.0,9,4,4
129397,15,2,1,0,6,3,0,1,1,1,1,5,2,2,0.0,0.0,0.0,0.0,0.0,3.0,23,7,9
94511,16,7,1,0,11,3,6,5,0,1,2,6,2,3,1.0,0.0,0.0,1.0,0.0,1.0,23,7,7
80009,15,2,3,0,8,3,0,1,1,0,1,17,2,2,0.0,0.0,0.0,0.0,0.0,6.0,13,1,6
130031,16,2,3,10,6,3,0,1,0,1,2,19,2,4,1.0,0.0,0.0,0.0,1.0,1.0,16,3,9
19820,16,2,3,17,3,3,0,1,1,1,1,36,2,2,0.0,0.0,0.0,0.0,0.0,3.0,15,3,2
47078,16,2,1,0,8,3,0,5,0,1,2,18,3,4,1.0,0.0,0.0,0.0,1.0,6.0,22,5,4
141744,16,7,1,0,11,3,6,5,1,1,2,6,2,2,0.0,0.0,0.0,0.0,0.0,2.0,3,2,10
123930,6,2,1,17,2,3,0,1,0,1,2,18,2,2,0.0,0.0,0.0,0.0,0.0,2.0,19,6,9
58647,16,2,3,0,6,3,0,1,0,1,2,6,2,2,0.0,0.0,0.0,0.0,0.0,2.0,17,4,5
156476,16,2,1,2,8,3,0,1,1,1,2,12,1,2,0.0,0.0,0.0,0.0,0.0,1.0,22,6,11
6801,16,10,1,17,6,3,6,1,0,1,2,18,2,2,0.0,0.0,0.0,0.0,0.0,2.0,17,6,1
41668,16,7,4,17,9,3,6,1,1,1,2,18,2,2,0.0,0.0,0.0,0.0,0.0,2.0,20,4,3
97286,17,2,1,15,2,3,0,1,1,1,2,12,2,2,0.0,0.0,0.0,0.0,0.0,2.0,22,6,7
116173,4,2,3,15,8,3,0,1,1,1,2,36,2,2,0.0,0.0,0.0,0.0,0.0,3.0,16,5,8
37561,16,2,3,15,10,3,0,1,1,1,0,36,2,2,0.0,0.0,0.0,0.0,0.0,2.0,11,4,3
56729,4,2,1,17,2,3,0,5,1,0,2,24,2,2,0.0,0.0,0.0,0.0,0.0,2.0,3,1,5
38064,15,2,3,17,8,3,0,1,0,1,2,18,2,2,0.0,0.0,0.0,0.0,0.0,4.0,7,5,3
118591,15,2,3,17,6,3,0,1,0,1,2,22,3,4,2.0,0.0,0.0,0.0,2.0,0.0,10,7,8
18706,16,2,3,9,8,3,0,1,0,1,2,3,2,0,1.0,1.0,0.0,0.0,0.0,1.0,16,5,2
159838,16,2,3,17,10,3,0,1,1,1,1,22,2,2,0.0,0.0,0.0,0.0,0.0,2.0,9,5,11
141111,16,2,1,0,8,3,6,1,0,1,2,36,3,3,2.0,0.0,0.0,1.0,1.0,2.0,22,7,10
59139,16,7,3,10,8,3,6,1,1,1,2,19,2,2,0.0,0.0,0.0,0.0,0.0,2.0,8,3,5
70202,4,2,3,0,0,3,0,1,0,1,2,3,2,2,0.0,0.0,0.0,0.0,0.0,2.0,13,3,5
5613,16,10,3,10,8,3,6,1,1,1,2,17,2,2,0.0,0.0,0.0,0.0,0.0,2.0,9,7,1
125653,15,2,3,10,11,3,0,1,1,1,0,26,2,2,0.0,0.0,0.0,0.0,0.0,2.0,8,3,9
141178,16,7,3,0,2,3,6,1,0,1,2,6,2,3,4.0,0.0,0.0,4.0,0.0,0.0,11,1,10
2289,15,10,3,0,8,3,6,1,1,1,2,12,2,2,0.0,0.0,0.0,0.0,0.0,2.0,9,5,1
101300,16,2,1,17,8,3,0,1,1,1,2,18,2,2,0.0,0.0,0.0,0.0,0.0,3.0,22,5,7
35231,16,2,3,15,1,3,0,1,1,0,1,23,2,2,0.0,0.0,0.0,0.0,0.0,3.0,11,4,3
134147,4,2,3,10,8,3,0,1,1,1,1,19,2,2,0.0,0.0,0.0,0.0,0.0,2.0,11,6,9
39132,15,7,1,0,6,3,6,5,0,1,2,18,2,4,2.0,0.0,0.0,0.0,2.0,1.0,5,5,3
87658,16,2,3,10,6,3,0,1,1,1,2,19,3,2,0.0,0.0,0.0,0.0,0.0,3.0,15,6,6
76260,16,2,3,15,8,3,0,1,1,1,2,36,2,2,0.0,0.0,0.0,0.0,0.0,2.0,14,4,6
132650,16,7,0,17,2,3,6,1,0,1,1,17,2,2,0.0,0.0,0.0,0.0,0.0,2.0,18,1,9
167796,4,2,3,10,2,3,0,1,1,1,1,30,2,2,0.0,0.0,0.0,0.0,0.0,3.0,10,6,11
164877,16,6,1,2,8,3,6,1,0,1,2,36,1,3,1.0,0.0,0.0,1.0,0.0,0.0,17,7,11
50612,4,2,3,0,2,3,0,1,1,1,2,18,2,2,0.0,0.0,0.0,0.0,0.0,4.0,18,4,4
45163,15,2,1,0,6,3,0,1,0,1,2,5,2,2,0.0,0.0,0.0,0.0,0.0,3.0,23,4,4
148462,15,7,3,15,8,3,6,5,1,1,0,23,2,2,0.0,0.0,0.0,0.0,0.0,2.0,16,5,10
144074,16,2,1,10,2,3,0,1,1,1,1,21,2,2,0.0,0.0,0.0,0.0,0.0,3.0,18,5,10
20781,16,10,3,15,8,3,4,1,1,1,1,36,2,2,0.0,0.0,0.0,0.0,0.0,2.0,6,5,2
84982,16,7,3,15,8,3,6,1,1,1,2,23,2,2,0.0,0.0,0.0,0.0,0.0,2.0,10,6,6
108916,16,2,2,10,8,3,0,1,1,1,1,19,2,2,0.0,0.0,0.0,0.0,0.0,2.0,22,7,8
111940,16,2,3,17,2,3,0,1,0,1,2,22,2,3,1.0,0.0,0.0,1.0,0.0,1.0,13,4,8
108692,15,2,3,8,8,3,0,1,0,1,1,5,2,4,1.0,0.0,0.0,0.0,1.0,1.0,9,6,8
4073,4,2,2,17,6,3,0,1,0,1,2,18,2,2,0.0,0.0,0.0,0.0,0.0,2.0,7,5,1
88352,4,2,3,8,8,3,0,1,0,1,2,38,2,1,1.0,0.0,1.0,0.0,0.0,1.0,9,2,7
78876,16,2,3,17,2,3,0,1,1,1,2,18,2,2,0.0,0.0,0.0,0.0,0.0,2.0,15,6,6
143692,4,7,3,17,8,3,6,1,1,1,1,24,2,2,0.0,0.0,0.0,0.0,0.0,4.0,14,2,10
8156,4,2,3,17,8,3,6,1,0,1,2,38,2,4,1.0,0.0,0.0,0.0,1.0,2.0,8,4,1
161454,16,2,3,0,8,3,0,1,0,1,2,36,2,2,0.0,0.0,0.0,0.0,0.0,4.0,8,1,11
84114,15,2,1,9,8,3,0,1,0,1,0,12,2,4,1.0,0.0,0.0,0.0,1.0,1.0,22,6,6
146787,4,2,3,0,6,3,0,1,1,1,1,17,2,2,0.0,0.0,0.0,0.0,0.0,3.0,9,2,10
145872,15,2,3,7,8,3,0,1,0,1,2,18,2,3,4.0,0.0,0.0,4.0,0.0,0.0,17,2,10
135625,16,2,3,10,3,3,0,1,1,1,1,19,2,2,0.0,0.0,0.0,0.0,0.0,2.0,17,2,9
158493,16,2,3,9,8,3,0,5,1,1,2,18,2,2,0.0,0.0,0.0,0.0,0.0,2.0,9,1,11
116633,16,2,3,15,6,3,6,4,0,1,2,17,3,4,1.0,0.0,0.0,0.0,1.0,2.0,6,7,8
1531,16,2,1,9,2,3,0,1,0,1,2,36,2,3,1.0,0.0,0.0,1.0,0.0,1.0,20,5,1
166735,16,2,3,17,6,3,0,1,1,1,1,36,2,2,0.0,0.0,0.0,0.0,0.0,2.0,15,7,11
105175,16,2,4,10,10,3,0,1,1,1,2,19,2,2,0.0,0.0,0.0,0.0,0.0,2.0,20,6,8
162153,4,2,1,2,8,3,6,6,0,0,2,30,1,0,1.0,1.0,0.0,0.0,0.0,0.0,23,5,11
104617,16,2,3,17,8,3,0,6,1,1,2,11,2,2,0.0,0.0,0.0,0.0,0.0,2.0,7,5,8
41001,15,2,3,15,8,3,0,1,1,1,2,23,2,2,0.0,0.0,0.0,0.0,0.0,2.0,17,4,3
128482,15,2,3,0,8,3,0,1,0,1,2,36,3,2,0.0,0.0,0.0,0.0,0.0,3.0,10,7,9
68387,16,2,3,10,2,3,0,1,1,1,2,19,3,2,0.0,0.0,0.0,0.0,0.0,3.0,9,3,5
155264,15,10,3,0,8,3,6,1,1,1,2,18,2,2,0.0,0.0,0.0,0.0,0.0,2.0,14,5,10
57799,15,2,4,17,6,3,0,1,1,1,2,36,2,2,0.0,0.0,0.0,0.0,0.0,3.0,3,5,5
73288,17,2,3,17,1,3,0,1,1,0,2,24,2,2,0.0,0.0,0.0,0.0,0.0,2.0,14,2,6
138533,16,2,1,17,8,3,0,1,1,1,1,36,2,2,0.0,0.0,0.0,0.0,0.0,2.0,1,1,10
3133,15,2,1,10,8,3,0,1,0,1,2,36,4,2,0.0,0.0,0.0,0.0,0.0,3.0,23,3,1
127167,15,2,3,15,8,3,0,1,1,0,1,36,2,2,0.0,0.0,0.0,0.0,0.0,2.0,15,3,9
160130,16,2,1,0,6,3,0,1,1,1,2,18,2,2,0.0,0.0,0.0,0.0,0.0,2.0,19,4,11
15208,16,2,3,14,8,3,4,1,1,1,2,18,2,2,0.0,0.0,0.0,0.0,0.0,2.0,8,6,2
132012,4,2,1,7,8,3,0,1,0,0,2,36,3,2,0.0,0.0,0.0,0.0,0.0,2.0,2,7,9
154110,15,3,1,17,8,4,0,1,0,1,2,18,2,2,0.0,0.0,0.0,0.0,0.0,6.0,18,5,10
32952,15,2,3,0,8,3,0,1,1,0,0,36,2,2,0.0,0.0,0.0,0.0,0.0,4.0,16,1,3
55078,16,2,1,10,8,3,0,1,1,1,2,19,2,2,0.0,0.0,0.0,0.0,0.0,2.0,3,1,4
172245,4,2,1,15,8,3,0,1,1,0,2,23,2,2,0.0,0.0,0.0,0.0,0.0,2.0,1,7,12