crash_date,               traffic_control_device,weather_condition,lighting_condition,first_crash_type,trafficway_type,alignment,roadway_surface_cond,road_defect,crash_type,intersection_related_i,damage,prim_contributory_cause,num_units,most_severe_injury,injuries_total,injuries_fatal,injuries_incapacitating,injuries_non_incapacitating,injuries_reported_not_evident,injuries_no_indication,crash_hour,crash_day_of_week,crash_month
51223,16,2,1,17,10,3,0,1,1,1,2,36,2,2,0.0,0.0,0.0,0.0,0.0,3.0,23,5,4
79305,15,2,1,10,6,3,0,1,1,1,1,19,2,2,0.0,0.0,0.0,0.0,0.0,2.0,23,6,6
96999,4,2,3,0,8,3,0,1,0,1,2,18,2,2,0.0,0.0,0.0,0.0,0.0,2.0,19,3,7
23247,15,10,3,0,6,3,4,1,1,1,2,18,2,2,0.0,0.0,0.0,0.0,0.0,2.0,14,5,2
93678,16,2,3,2,4,3,0,1,1,0,0,26,1,2,0.0,0.0,0.0,0.0,0.0,1.0,7,1,7
23046,16,2,3,17,10,3,0,1,1,1,2,24,2,2,0.0,0.0,0.0,0.0,0.0,2.0,15,7,2
60917,15,2,3,0,6,3,0,1,1,1,2,5,2,2,0.0,0.0,0.0,0.0,0.0,3.0,16,4,5
41706,16,2,3,17,6,3,0,1,1,1,2,18,2,2,0.0,0.0,0.0,0.0,0.0,2.0,17,5,3
33281,16,10,1,17,6,3,4,1,0,1,2,11,3,3,4.0,0.0,0.0,4.0,0.0,4.0,22,7,3
47632,15,6,3,10,2,3,2,1,1,1,1,17,3,2,0.0,0.0,0.0,0.0,0.0,3.0,14,6,4
122426,16,2,3,0,8,3,0,1,0,1,2,3,3,4,1.0,0.0,0.0,0.0,1.0,1.0,12,4,9
105390,16,2,1,10,8,3,0,1,0,1,2,8,2,3,1.0,0.0,0.0,1.0,0.0,1.0,23,3,8
148339,16,2,1,8,6,3,0,1,0,1,2,36,2,4,1.0,0.0,0.0,0.0,1.0,1.0,18,3,10
115852,15,2,1,0,6,3,0,1,1,1,0,36,2,2,0.0,0.0,0.0,0.0,0.0,2.0,0,1,8
3308,4,2,1,17,15,3,0,1,1,1,1,24,2,2,0.0,0.0,0.0,0.0,0.0,3.0,16,1,1
54259,16,2,3,17,8,3,5,5,1,1,2,6,2,2,0.0,0.0,0.0,0.0,0.0,5.0,15,3,4
57151,16,2,3,0,8,3,0,1,0,1,2,6,2,3,1.0,0.0,0.0,1.0,0.0,1.0,10,6,5
17551,16,3,3,17,10,3,0,5,1,1,2,36,2,2,0.0,0.0,0.0,0.0,0.0,2.0,14,7,2
108076,16,2,0,14,6,3,0,1,0,1,2,6,3,3,1.0,0.0,0.0,1.0,0.0,4.0,21,2,8
46742,16,2,3,7,10,3,0,1,0,1,2,13,2,2,0.0,0.0,0.0,0.0,0.0,1.0,6,4,4
136933,4,4,2,0,6,3,0,1,0,1,2,36,2,1,2.0,0.0,1.0,1.0,0.0,1.0,6,6,9
60077,16,2,3,10,2,3,0,1,1,1,2,36,2,2,0.0,0.0,0.0,0.0,0.0,2.0,18,4,5
123467,16,2,3,17,2,3,0,1,1,1,1,19,2,2,0.0,0.0,0.0,0.0,0.0,2.0,8,6,9
74133,16,2,1,15,6,3,0,1,1,1,0,22,2,2,0.0,0.0,0.0,0.0,0.0,2.0,1,7,6
166626,4,2,0,0,8,3,0,1,0,1,2,18,2,2,0.0,0.0,0.0,0.0,0.0,2.0,18,4,11
184676,16,2,3,17,2,3,0,1,0,1,2,18,3,3,3.0,0.0,0.0,3.0,0.0,0.0,8,1,12
81537,16,2,3,0,10,3,0,1,0,1,2,6,2,4,1.0,0.0,0.0,0.0,1.0,1.0,14,3,6
105862,16,2,1,0,2,3,0,1,0,1,2,6,2,3,1.0,0.0,0.0,1.0,0.0,2.0,22,3,8
186562,16,7,1,17,8,3,6,1,0,1,2,6,2,2,0.0,0.0,0.0,0.0,0.0,2.0,3,5,12
14871,16,10,1,0,9,3,4,5,0,1,2,6,2,4,1.0,0.0,0.0,0.0,1.0,2.0,19,1,1
6509,4,2,1,2,8,3,1,1,0,1,1,16,1,3,1.0,0.0,0.0,1.0,0.0,0.0,3,7,1
10065,16,2,0,17,8,3,0,1,1,1,1,22,2,2,0.0,0.0,0.0,0.0,0.0,2.0,1,1,1
136631,16,7,1,10,3,3,6,5,1,1,2,36,2,2,0.0,0.0,0.0,0.0,0.0,2.0,21,7,9
115130,16,2,1,17,8,3,0,1,1,1,2,18,2,2,0.0,0.0,0.0,0.0,0.0,3.0,21,3,8
73116,16,11,5,10,2,3,5,1,1,1,2,19,2,2,0.0,0.0,0.0,0.0,0.0,2.0,21,5,6
92620,16,2,3,17,8,3,0,5,0,1,2,36,2,3,2.0,0.0,0.0,1.0,1.0,1.0,17,6,7
46826,15,7,0,0,2,3,6,1,1,1,2,7,2,2,0.0,0.0,0.0,0.0,0.0,2.0,20,5,4
14371,4,2,1,10,3,3,0,5,0,1,2,30,2,3,1.0,0.0,0.0,1.0,0.0,1.0,23,5,1
40241,17,2,3,15,8,3,0,1,0,0,2,26,2,4,1.0,0.0,0.0,0.0,1.0,3.0,16,4,3
99679,10,7,4,9,3,3,6,1,0,1,0,39,2,4,1.0,0.0,0.0,0.0,1.0,2.0,19,3,7
40513,16,2,1,15,19,3,0,1,1,1,2,23,2,2,0.0,0.0,0.0,0.0,0.0,2.0,22,2,3
114927,16,2,3,17,8,3,0,1,0,1,2,36,2,2,0.0,0.0,0.0,0.0,0.0,3.0,17,1,8
124406,16,2,3,0,3,3,0,1,0,1,1,17,2,2,0.0,0.0,0.0,0.0,0.0,4.0,14,6,9
49379,15,2,3,8,15,3,0,5,0,1,0,18,2,3,1.0,0.0,0.0,1.0,0.0,1.0,6,3,4
47981,4,2,3,7,8,3,0,1,1,1,0,21,2,2,0.0,0.0,0.0,0.0,0.0,2.0,16,7,4
132426,16,2,3,0,17,3,5,5,0,1,2,26,2,2,0.0,0.0,0.0,0.0,0.0,2.0,13,3,9
94893,16,2,3,0,6,3,0,1,0,1,2,6,2,4,2.0,0.0,0.0,0.0,2.0,1.0,16,6,7
168214,16,2,3,17,8,3,0,5,1,1,2,36,2,2,0.0,0.0,0.0,0.0,0.0,5.0,13,6,11
35984,16,3,4,17,6,3,0,5,1,1,2,36,2,2,0.0,0.0,0.0,0.0,0.0,2.0,18,3,3
36035,16,7,1,10,8,3,6,5,1,1,2,17,2,2,0.0,0.0,0.0,0.0,0.0,3.0,19,4,3
103921,16,3,3,17,2,3,0,1,0,1,2,18,2,3,2.0,0.0,0.0,2.0,0.0,2.0,10,4,7
85820,16,2,3,17,8,3,0,1,1,1,2,18,2,2,0.0,0.0,0.0,0.0,0.0,2.0,19,4,6
36802,15,2,3,17,3,3,0,1,0,1,2,18,2,2,0.0,0.0,0.0,0.0,0.0,2.0,16,3,3
96711,4,2,3,17,8,3,0,1,1,1,1,19,2,2,0.0,0.0,0.0,0.0,0.0,5.0,18,5,7
49409,16,2,3,10,2,3,0,1,1,1,1,36,2,2,0.0,0.0,0.0,0.0,0.0,2.0,14,1,4
176454,16,2,1,17,15,3,0,1,1,1,2,36,2,2,0.0,0.0,0.0,0.0,0.0,6.0,20,1,12
56624,16,7,3,10,8,3,6,1,1,1,1,19,2,2,0.0,0.0,0.0,0.0,0.0,2.0,8,5,5
55231,15,7,3,0,2,3,6,1,0,1,2,18,2,2,0.0,0.0,0.0,0.0,0.0,2.0,11,4,4
67034,16,2,3,17,2,3,0,1,1,1,2,36,2,2,0.0,0.0,0.0,0.0,0.0,2.0,8,4,5
90431,15,2,1,0,8,3,0,1,1,1,2,5,2,2,0.0,0.0,0.0,0.0,0.0,2.0,22,5,7
166083,16,7,3,17,10,3,6,1,0,1,1,24,2,3,1.0,0.0,0.0,1.0,0.0,2.0,15,3,11
22320,16,10,3,10,8,3,4,1,1,1,2,19,2,2,0.0,0.0,0.0,0.0,0.0,2.0,9,3,2
158300,4,2,3,10,15,3,0,1,0,1,1,36,2,2,0.0,0.0,0.0,0.0,0.0,2.0,7,5,11
140530,16,3,1,17,10,3,6,1,1,1,2,24,2,2,0.0,0.0,0.0,0.0,0.0,5.0,21,6,10
32128,16,7,1,17,8,3,0,1,1,1,1,18,2,2,0.0,0.0,0.0,0.0,0.0,3.0,19,2,3
89710,4,2,3,17,8,4,0,1,0,1,2,24,2,2,0.0,0.0,0.0,0.0,0.0,7.0,10,2,7
24146,4,2,1,9,8,3,0,1,0,1,2,18,2,3,1.0,0.0,0.0,1.0,0.0,1.0,4,5,2
54426,16,2,3,14,2,3,0,1,1,1,2,18,2,2,0.0,0.0,0.0,0.0,0.0,2.0,9,5,4
91985,4,2,3,15,8,3,0,1,1,1,2,18,2,2,0.0,0.0,0.0,0.0,0.0,2.0,17,2,7
129336,4,2,3,17,6,3,0,1,1,1,2,23,2,2,0.0,0.0,0.0,0.0,0.0,2.0,11,6,9
178875,15,2,3,10,8,3,6,5,1,1,1,21,2,2,0.0,0.0,0.0,0.0,0.0,3.0,15,3,12
75003,3,2,2,7,8,3,0,1,1,0,2,28,3,2,0.0,0.0,0.0,0.0,0.0,1.0,19,4,6
90316,16,2,1,0,6,3,0,1,0,1,2,36,2,4,1.0,0.0,0.0,0.0,1.0,1.0,3,6,7
93540,16,2,3,17,10,3,0,1,0,1,2,23,2,3,1.0,0.0,0.0,1.0,0.0,1.0,9,5,7
147564,4,2,3,17,8,3,0,1,1,1,1,12,2,2,0.0,0.0,0.0,0.0,0.0,2.0,7,5,10
186689,15,2,1,0,6,3,0,1,0,1,2,5,2,2,0.0,0.0,0.0,0.0,0.0,2.0,1,1,12
180088,16,2,1,15,8,3,0,1,1,1,0,23,2,2,0.0,0.0,0.0,0.0,0.0,4.0,16,3,12
62941,16,2,3,8,8,3,0,5,1,1,2,36,2,2,0.0,0.0,0.0,0.0,0.0,2.0,19,7,5
143833,15,2,1,11,15,3,6,1,1,1,0,19,2,2,0.0,0.0,0.0,0.0,0.0,2.0,22,3,10
25139,16,7,1,17,2,3,6,1,1,0,2,36,2,2,0.0,0.0,0.0,0.0,0.0,2.0,18,4,2
159729,16,2,3,15,8,3,0,1,1,1,0,23,2,2,0.0,0.0,0.0,0.0,0.0,2.0,11,3,11
81050,16,2,3,10,2,3,0,1,1,1,2,36,2,2,0.0,0.0,0.0,0.0,0.0,2.0,16,3,6
4976,16,7,1,2,3,3,6,1,0,1,2,24,1,2,0.0,0.0,0.0,0.0,0.0,1.0,6,5,1
12255,17,11,5,15,11,3,0,5,1,1,2,36,2,2,0.0,0.0,0.0,0.0,0.0,2.0,15,4,1
175793,16,2,1,10,2,3,0,1,1,0,2,17,2,2,0.0,0.0,0.0,0.0,0.0,2.0,19,4,12
95327,16,7,3,10,2,3,6,5,0,1,2,19,2,2,0.0,0.0,0.0,0.0,0.0,2.0,17,6,7
115210,16,7,3,17,8,3,0,1,1,1,1,19,2,2,0.0,0.0,0.0,0.0,0.0,2.0,12,4,8
29867,16,2,3,17,10,3,5,5,1,1,1,22,2,2,0.0,0.0,0.0,0.0,0.0,2.0,14,6,3
145968,15,2,4,10,6,4,0,1,1,0,2,36,2,2,0.0,0.0,0.0,0.0,0.0,2.0,10,3,10
147357,16,11,5,17,2,3,5,5,1,1,1,23,2,2,0.0,0.0,0.0,0.0,0.0,2.0,13,5,10
81783,16,2,3,17,2,3,0,1,0,1,2,6,2,2,0.0,0.0,0.0,0.0,0.0,2.0,16,7,6
170387,16,2,3,10,8,3,0,1,1,1,1,19,2,2,0.0,0.0,0.0,0.0,0.0,4.0,14,7,11
119528,16,2,3,10,8,3,0,1,0,1,1,36,2,4,2.0,0.0,0.0,0.0,2.0,1.0,12,5,8
8828,16,10,3,10,6,3,6,1,1,1,2,36,2,2,0.0,0.0,0.0,0.0,0.0,2.0,16,7,1
71612,16,2,3,17,8,3,0,1,1,1,2,36,2,2,0.0,0.0,0.0,0.0,0.0,4.0,15,4,5
133948,16,2,3,15,8,3,0,1,1,1,1,23,2,2,0.0,0.0,0.0,0.0,0.0,2.0,15,7,9
97175,16,2,3,17,8,3,0,1,0,1,2,18,2,4,2.0,0.0,0.0,0.0,2.0,0.0,7,5,7
55438,16,7,3,17,8,3,6,1,1,1,1,12,2,2,0.0,0.0,0.0,0.0,0.0,2.0,12,7,4
81276,16,2,3,9,8,3,0,5,0,1,2,18,2,3,1.0,0.0,0.0,1.0,0.0,1.0,16,7,6
115622,4,2,3,17,2,3,0,1,0,1,0,18,2,3,1.0,0.0,0.0,1.0,0.0,2.0,6,4,8
46676,15,2,1,17,15,3,5,5,0,1,2,18,2,3,2.0,0.0,0.0,2.0,0.0,1.0,21,4,4
106964,16,2,1,0,8,3,0,5,0,1,2,36,3,2,0.0,0.0,0.0,0.0,0.0,2.0,21,6,8
134262,16,7,1,10,8,3,6,1,1,1,1,36,2,2,0.0,0.0,0.0,0.0,0.0,4.0,18,3,9
100630,15,2,3,9,8,3,0,1,0,0,0,18,3,3,2.0,0.0,0.0,2.0,0.0,1.0,16,3,7
128317,15,2,1,17,15,3,0,1,0,1,0,24,3,3,1.0,0.0,0.0,1.0,0.0,1.0,0,7,9
108789,16,2,3,10,10,4,0,1,1,1,1,19,3,2,0.0,0.0,0.0,0.0,0.0,4.0,14,6,8
154044,4,2,4,10,8,3,0,1,1,1,2,36,2,2,0.0,0.0,0.0,0.0,0.0,2.0,17,3,10
166393,15,2,3,10,10,3,0,1,1,1,2,19,2,2,0.0,0.0,0.0,0.0,0.0,2.0,12,1,11
8574,16,2,3,0,6,3,0,1,1,1,2,6,2,2,0.0,0.0,0.0,0.0,0.0,2.0,7,6,1
94444,16,2,3,0,6,3,0,5,1,1,2,6,2,2,0.0,0.0,0.0,0.0,0.0,4.0,13,7,7
144827,15,2,3,15,2,3,0,1,1,1,0,36,2,2,0.0,0.0,0.0,0.0,0.0,2.0,12,1,10
66422,16,2,1,14,6,3,0,1,0,1,2,22,2,2,0.0,0.0,0.0,0.0,0.0,2.0,2,1,5
145151,16,2,1,0,8,3,0,1,0,1,2,6,3,2,0.0,0.0,0.0,0.0,0.0,5.0,19,1,10
102166,17,2,3,17,10,3,0,1,1,1,1,36,2,2,0.0,0.0,0.0,0.0,0.0,3.0,19,5,7
130487,16,2,1,17,2,3,5,5,1,1,2,18,2,2,0.0,0.0,0.0,0.0,0.0,2.0,21,1,9
106017,16,2,3,15,6,3,0,1,1,1,2,23,2,2,0.0,0.0,0.0,0.0,0.0,2.0,15,6,8
26326,4,7,3,17,2,3,5,5,0,1,2,36,2,2,0.0,0.0,0.0,0.0,0.0,2.0,14,3,2
41188,16,2,3,10,6,3,0,1,0,1,2,19,2,4,2.0,0.0,0.0,0.0,2.0,1.0,8,2,3
48678,16,2,3,0,8,3,6,1,0,1,2,6,3,2,0.0,0.0,0.0,0.0,0.0,4.0,7,2,4
69611,15,2,1,0,6,3,0,1,0,1,2,5,2,4,3.0,0.0,0.0,0.0,3.0,1.0,1,2,5
76724,16,2,3,17,2,3,0,1,1,0,1,24,2,2,0.0,0.0,0.0,0.0,0.0,2.0,8,2,6
32353,16,7,1,0,6,3,6,1,1,1,0,36,2,2,0.0,0.0,0.0,0.0,0.0,2.0,22,5,3
147107,16,2,3,0,5,3,0,1,0,1,2,6,2,3,2.0,0.0,0.0,2.0,0.0,1.0,12,5,10
148657,15,2,3,9,8,3,0,1,0,1,0,8,3,1,2.0,0.0,1.0,0.0,1.0,1.0,14,6,10
16458,16,10,3,10,8,3,4,1,1,1,1,16,2,2,0.0,0.0,0.0,0.0,0.0,2.0,10,1,2
3443,16,2,3,17,3,3,0,1,1,1,1,36,2,2,0.0,0.0,0.0,0.0,0.0,5.0,14,2,1
52966,15,2,3,0,8,3,0,5,0,1,2,18,2,2,0.0,0.0,0.0,0.0,0.0,2.0,16,2,4
91131,15,7,1,9,6,3,6,1,0,1,1,18,2,3,1.0,0.0,0.0,1.0,0.0,1.0,21,3,7
62474,15,2,3,0,8,3,0,1,0,1,2,18,2,2,0.0,0.0,0.0,0.0,0.0,3.0,16,7,5
177598,16,2,1,0,6,3,0,1,0,1,2,36,2,4,1.0,0.0,0.0,0.0,1.0,1.0,23,1,12
40744,4,7,3,17,8,3,6,5,0,1,2,24,2,3,1.0,0.0,0.0,1.0,0.0,2.0,17,7,3
138098,15,2,3,0,6,4,0,5,0,1,2,18,3,3,1.0,0.0,0.0,1.0,0.0,3.0,16,3,10
91011,16,2,3,10,8,3,0,1,0,1,2,19,4,3,6.0,0.0,0.0,1.0,5.0,3.0,12,7,7
121941,16,2,3,10,8,3,0,1,1,1,2,21,2,2,0.0,0.0,0.0,0.0,0.0,4.0,7,6,9
85087,16,7,1,2,15,3,6,1,0,1,2,39,1,2,0.0,0.0,0.0,0.0,0.0,1.0,3,1,6
51374,15,2,3,0,8,3,0,1,0,1,2,18,2,2,0.0,0.0,0.0,0.0,0.0,2.0,14,3,4
90050,15,2,3,0,6,3,0,1,1,1,2,36,2,2,0.0,0.0,0.0,0.0,0.0,2.0,6,1,7
40985,16,2,3,10,8,3,0,1,1,1,2,19,2,2,0.0,0.0,0.0,0.0,0.0,2.0,16,3,3
40349,15,2,3,0,6,3,0,1,0,1,2,5,2,3,2.0,0.0,0.0,2.0,0.0,2.0,15,7,3
31714,4,2,3,10,8,3,0,1,1,1,2,36,3,2,0.0,0.0,0.0,0.0,0.0,3.0,7,3,3
36271,16,3,3,10,3,3,5,5,1,1,0,36,2,2,0.0,0.0,0.0,0.0,0.0,2.0,7,7,3
64655,16,2,3,10,8,3,0,1,1,1,1,36,2,2,0.0,0.0,0.0,0.0,0.0,2.0,8,6,5
42270,16,2,1,17,2,3,0,1,1,1,1,24,2,2,0.0,0.0,0.0,0.0,0.0,2.0,23,6,4
6555,16,2,2,17,2,3,0,1,1,1,2,18,2,2,0.0,0.0,0.0,0.0,0.0,4.0,16,1,1
164367,15,2,1,17,2,3,6,1,1,1,2,18,2,2,0.0,0.0,0.0,0.0,0.0,2.0,4,7,11
166651,16,2,3,15,10,3,0,1,1,1,2,23,2,2,0.0,0.0,0.0,0.0,0.0,2.0,10,4,11
164463,15,2,3,7,10,3,0,1,1,0,1,38,2,2,0.0,0.0,0.0,0.0,0.0,1.0,11,2,11
139001,4,2,3,17,8,3,0,1,0,1,2,36,2,4,1.0,0.0,0.0,0.0,1.0,4.0,13,7,10
87615,16,2,3,17,3,3,0,1,1,1,2,36,2,2,0.0,0.0,0.0,0.0,0.0,2.0,18,5,6
147674,16,7,3,10,8,3,6,5,1,0,1,39,2,2,0.0,0.0,0.0,0.0,0.0,2.0,14,1,10
82252,16,2,3,17,6,4,0,5,0,1,2,18,2,2,0.0,0.0,0.0,0.0,0.0,3.0,15,7,6
110926,16,3,3,9,3,3,0,1,0,1,2,18,2,4,1.0,0.0,0.0,0.0,1.0,2.0,12,2,8
175750,16,2,3,0,6,3,0,5,0,1,1,36,3,2,0.0,0.0,0.0,0.0,0.0,5.0,8,3,12
58513,4,2,3,10,8,3,0,1,1,1,2,19,2,2,0.0,0.0,0.0,0.0,0.0,2.0,13,1,5
171905,16,11,1,17,2,3,5,1,1,1,2,36,2,2,0.0,0.0,0.0,0.0,0.0,2.0,17,3,11
94691,16,2,1,10,8,3,0,1,0,1,2,19,2,2,0.0,0.0,0.0,0.0,0.0,6.0,23,1,7
103387,16,2,1,0,8,3,0,5,0,1,2,6,3,2,0.0,0.0,0.0,0.0,0.0,3.0,21,3,7
3434,15,2,3,0,2,3,0,1,0,1,2,18,2,4,2.0,0.0,0.0,0.0,2.0,0.0,13,2,1
146080,4,2,3,10,8,3,0,1,1,1,1,36,2,2,0.0,0.0,0.0,0.0,0.0,5.0,7,6,10
65983,16,11,5,10,15,4,5,5,1,1,0,36,2,2,0.0,0.0,0.0,0.0,0.0,2.0,10,7,5
94499,16,2,3,17,2,3,0,1,1,1,2,6,2,2,0.0,0.0,0.0,0.0,0.0,2.0,10,7,7
177127,16,2,3,10,8,3,0,1,0,1,1,26,2,4,2.0,0.0,0.0,0.0,2.0,1.0,9,5,12
56189,16,2,3,10,8,3,0,5,1,1,1,18,2,2,0.0,0.0,0.0,0.0,0.0,3.0,14,6,5
178078,16,2,3,0,8,4,0,1,1,1,1,6,2,2,0.0,0.0,0.0,0.0,0.0,3.0,12,7,12
98312,16,7,3,10,2,3,6,1,1,1,2,39,2,2,0.0,0.0,0.0,0.0,0.0,2.0,13,1,7
14333,16,2,0,10,8,3,0,1,1,1,2,8,2,2,0.0,0.0,0.0,0.0,0.0,4.0,18,5,1
21065,15,10,3,10,2,3,4,1,1,1,2,19,2,2,0.0,0.0,0.0,0.0,0.0,3.0,13,1,2
71433,16,2,3,10,2,3,0,1,1,1,2,17,2,2,0.0,0.0,0.0,0.0,0.0,2.0,18,1,5
187170,16,2,3,17,10,3,0,1,0,1,2,36,2,3,1.0,0.0,0.0,1.0,0.0,4.0,13,7,12
119425,16,2,3,15,2,3,0,1,1,1,1,36,2,2,0.0,0.0,0.0,0.0,0.0,3.0,14,4,8
35766,4,2,3,17,6,3,0,1,1,1,2,18,2,2,0.0,0.0,0.0,0.0,0.0,2.0,17,7,3
159741,16,2,3,10,8,3,0,1,1,1,2,19,2,2,0.0,0.0,0.0,0.0,0.0,2.0,15,4,11
162532,16,2,3,14,8,4,0,1,1,1,1,18,2,2,0.0,0.0,0.0,0.0,0.0,2.0,15,3,11
31322,16,2,1,15,8,3,0,1,1,0,2,17,2,2,0.0,0.0,0.0,0.0,0.0,2.0,19,3,3
142046,16,2,1,10,6,3,0,4,1,1,2,36,2,2,0.0,0.0,0.0,0.0,0.0,2.0,23,7,10
80168,16,2,1,17,8,3,0,1,1,1,0,23,2,2,0.0,0.0,0.0,0.0,0.0,2.0,22,4,6
60035,8,3,4,10,3,3,0,1,0,1,1,17,3,4,2.0,0.0,0.0,0.0,2.0,2.0,17,3,5
102610,15,2,3,0,6,3,0,1,0,1,2,18,2,3,1.0,0.0,0.0,1.0,0.0,2.0,16,5,7
117834,16,2,3,17,8,3,0,1,1,1,2,24,2,2,0.0,0.0,0.0,0.0,0.0,2.0,9,2,8
42286,16,2,3,17,2,3,0,1,1,1,2,36,2,2,0.0,0.0,0.0,0.0,0.0,6.0,18,7,4
42217,16,11,1,10,6,3,5,5,1,1,2,17,2,2,0.0,0.0,0.0,0.0,0.0,2.0,6,1,3
149964,16,2,3,15,8,3,0,1,1,1,2,23,2,2,0.0,0.0,0.0,0.0,0.0,3.0,13,5,10
33558,4,2,3,15,10,3,0,5,1,0,2,36,2,2,0.0,0.0,0.0,0.0,0.0,2.0,11,5,3
79965,4,11,5,7,8,3,5,1,1,0,1,22,2,2,0.0,0.0,0.0,0.0,0.0,1.0,5,7,6
151687,4,2,1,10,8,3,0,1,1,1,2,15,2,2,0.0,0.0,0.0,0.0,0.0,3.0,23,5,10
28317,15,2,1,0,8,3,0,1,0,1,2,5,2,4,1.0,0.0,0.0,0.0,1.0,2.0,17,5,3
102377,15,2,3,0,10,3,0,1,0,1,2,5,2,4,1.0,0.0,0.0,0.0,1.0,1.0,15,7,7
173241,4,2,1,0,8,3,0,1,1,1,1,36,2,2,0.0,0.0,0.0,0.0,0.0,2.0,16,7,12
4423,16,7,3,17,2,3,6,1,0,1,2,18,2,2,0.0,0.0,0.0,0.0,0.0,3.0,15,4,1
162155,16,7,1,0,15,2,6,1,0,1,2,20,2,3,1.0,0.0,0.0,1.0,0.0,4.0,23,5,11
4149,16,2,3,15,8,3,0,1,0,1,2,23,2,4,2.0,0.0,0.0,0.0,2.0,1.0,9,7,1
147132,15,3,2,8,11,3,5,5,1,0,2,5,2,2,0.0,0.0,0.0,0.0,0.0,2.0,17,7,10
71078,4,2,3,5,11,3,5,5,1,0,1,36,1,2,0.0,0.0,0.0,0.0,0.0,1.0,11,3,5
138608,17,11,5,10,10,3,5,5,1,1,2,36,2,2,0.0,0.0,0.0,0.0,0.0,2.0,17,2,10
3955,16,2,1,17,8,3,6,1,0,1,2,24,2,2,0.0,0.0,0.0,0.0,0.0,2.0,0,3,1
75844,15,2,3,0,2,3,6,5,0,1,1,5,2,2,0.0,0.0,0.0,0.0,0.0,2.0,16,4,6
24448,4,2,3,0,8,3,5,1,0,1,2,18,2,4,1.0,0.0,0.0,0.0,1.0,2.0,13,4,2
87322,15,2,3,17,8,3,0,5,0,1,2,18,2,2,0.0,0.0,0.0,0.0,0.0,2.0,18,7,6
189073,15,2,1,7,6,3,0,1,1,1,2,36,2,2,0.0,0.0,0.0,0.0,0.0,1.0,22,3,12
145418,17,2,3,15,17,3,0,1,1,1,2,36,2,2,0.0,0.0,0.0,0.0,0.0,2.0,15,4,10
56873,16,2,3,17,6,3,0,1,1,1,2,18,2,2,0.0,0.0,0.0,0.0,0.0,2.0,9,3,5
146931,16,2,3,10,13,4,0,1,0,1,2,19,2,4,1.0,0.0,0.0,0.0,1.0,1.0,16,3,10
159231,15,2,1,10,8,3,0,1,1,0,1,30,2,2,0.0,0.0,0.0,0.0,0.0,2.0,18,3,11
38530,16,2,1,0,8,3,0,1,0,1,2,36,2,4,1.0,0.0,0.0,0.0,1.0,3.0,21,6,3
102471,16,3,3,8,6,3,6,1,0,1,2,18,2,3,1.0,0.0,0.0,1.0,0.0,1.0,13,2,7
65470,15,2,3,17,6,3,0,1,1,1,2,18,2,2,0.0,0.0,0.0,0.0,0.0,3.0,18,6,5
170263,16,10,3,17,2,3,6,1,0,1,2,24,2,2,0.0,0.0,0.0,0.0,0.0,3.0,9,3,11
11325,16,7,1,0,2,3,6,1,0,1,2,6,2,2,0.0,0.0,0.0,0.0,0.0,3.0,1,2,1
14482,16,2,3,10,6,3,0,1,1,1,2,12,2,2,0.0,0.0,0.0,0.0,0.0,2.0,13,2,1
18255,4,2,1,17,2,3,0,1,1,1,2,24,2,2,0.0,0.0,0.0,0.0,0.0,3.0,19,4,2
171670,16,2,3,17,2,3,0,5,1,1,2,35,2,2,0.0,0.0,0.0,0.0,0.0,2.0,13,6,11
126962,16,11,5,15,6,3,5,5,1,1,1,23,2,2,0.0,0.0,0.0,0.0,0.0,2.0,15,2,9
26608,16,10,1,2,8,3,4,5,0,0,2,39,1,2,0.0,0.0,0.0,0.0,0.0,1.0,0,7,2
128454,4,2,3,15,10,3,0,1,1,1,0,36,2,2,0.0,0.0,0.0,0.0,0.0,2.0,18,7,9
129397,16,11,5,10,2,3,5,1,1,1,1,36,2,2,0.0,0.0,0.0,0.0,0.0,3.0,23,7,9
26386,16,2,3,10,3,3,0,1,1,1,2,17,2,2,0.0,0.0,0.0,0.0,0.0,2.0,9,3,2
177674,16,2,3,17,6,4,0,1,1,1,2,36,2,2,0.0,0.0,0.0,0.0,0.0,3.0,12,3,12
58228,16,2,3,0,8,3,0,1,1,1,0,36,2,2,0.0,0.0,0.0,0.0,0.0,2.0,11,4,5
128327,15,2,3,0,2,3,0,1,1,1,2,18,2,2,0.0,0.0,0.0,0.0,0.0,6.0,15,5,9
21352,16,2,5,10,1,3,5,5,1,1,1,19,2,2,0.0,0.0,0.0,0.0,0.0,4.0,22,6,2
147700,16,2,1,10,8,3,0,1,1,1,2,19,2,2,0.0,0.0,0.0,0.0,0.0,2.0,22,1,10
20389,16,2,3,17,8,3,0,1,1,1,1,19,2,2,0.0,0.0,0.0,0.0,0.0,2.0,10,6,2
90462,16,2,3,8,13,3,0,1,0,1,1,18,2,4,1.0,0.0,0.0,0.0,1.0,1.0,16,6,7
117861,15,2,3,0,6,3,0,1,0,1,1,36,2,3,1.0,0.0,0.0,1.0,0.0,1.0,16,3,8
8902,16,2,3,0,6,3,0,1,0,1,2,18,2,2,0.0,0.0,0.0,0.0,0.0,3.0,13,3,1
82547,15,2,3,8,15,3,0,1,0,1,0,18,2,3,1.0,0.0,0.0,1.0,0.0,1.0,12,3,6