crash_date,               traffic_control_device,weather_condition,lighting_condition,first_crash_type,trafficway_type,alignment,roadway_surface_cond,road_defect,crash_type,intersection_related_i,damage,prim_contributory_cause,num_units,most_severe_injury,injuries_total,injuries_fatal,injuries_incapacitating,injuries_non_incapacitating,injuries_reported_not_evident,injuries_no_indication,crash_hour,crash_day_of_week,crash_month
33330,16,2,0,7,6,3,0,1,0,1,2,18,3,2,0.0,0.0,0.0,0.0,0.0,1.0,21,2,3
94727,16,2,3,17,8,3,0,1,1,1,1,36,2,2,0.0,0.0,0.0,0.0,0.0,2.0,5,3,7
28871,15,2,3,10,8,3,0,1,0,1,2,19,2,2,0.0,0.0,0.0,0.0,0.0,2.0,15,2,3
24097,15,2,1,17,8,3,6,1,0,1,2,36,2,3,2.0,0.0,0.0,2.0,0.0,0.0,19,4,2
158765,15,7,3,17,8,3,6,5,0,1,2,24,3,2,0.0,0.0,0.0,0.0,0.0,4.0,11,3,11
62150,16,3,3,17,8,3,6,1,1,1,2,6,2,2,0.0,0.0,0.0,0.0,0.0,2.0,8,1,5
135464,18,2,3,15,11,2,0,1,0,1,2,18,2,3,1.0,0.0,0.0,1.0,0.0,2.0,10,5,9
160012,16,2,1,10,8,3,0,1,1,1,2,36,2,2,0.0,0.0,0.0,0.0,0.0,3.0,18,2,11
162038,15,1,3,10,10,3,1,1,1,1,2,19,2,2,0.0,0.0,0.0,0.0,0.0,2.0,7,3,11
175174,4,2,3,0,8,3,0,1,0,1,2,12,3,4,1.0,0.0,0.0,0.0,1.0,4.0,15,2,12
131874,16,2,3,17,1,3,0,1,1,1,2,18,2,2,0.0,0.0,0.0,0.0,0.0,3.0,17,5,9
100689,16,2,3,10,8,3,0,1,1,1,2,12,2,2,0.0,0.0,0.0,0.0,0.0,2.0,17,5,7
14295,16,6,3,0,8,3,2,1,0,1,2,18,2,2,0.0,0.0,0.0,0.0,0.0,2.0,7,4,1
174595,16,7,3,10,10,3,6,1,1,1,2,19,2,2,0.0,0.0,0.0,0.0,0.0,2.0,13,1,12
19768,16,2,1,2,8,3,0,3,0,1,2,33,1,2,0.0,0.0,0.0,0.0,0.0,1.0,18,2,2
107252,3,7,3,17,8,3,6,1,1,1,2,38,2,2,0.0,0.0,0.0,0.0,0.0,2.0,14,3,8
35737,16,7,1,10,6,3,6,1,1,1,0,36,2,2,0.0,0.0,0.0,0.0,0.0,2.0,23,5,3
61643,16,7,1,10,8,4,6,1,1,1,0,19,2,2,0.0,0.0,0.0,0.0,0.0,2.0,19,7,5
137471,16,2,3,15,6,3,0,1,0,1,2,23,2,4,1.0,0.0,0.0,0.0,1.0,2.0,16,7,9
66179,16,2,3,10,2,3,6,1,1,1,1,36,2,2,0.0,0.0,0.0,0.0,0.0,4.0,15,3,5
61947,15,7,3,17,15,3,6,1,1,1,2,18,2,2,0.0,0.0,0.0,0.0,0.0,2.0,17,6,5
141280,16,2,3,10,2,3,0,1,1,1,2,19,2,2,0.0,0.0,0.0,0.0,0.0,3.0,15,4,10
138912,16,2,3,10,2,3,0,1,1,1,2,17,2,2,0.0,0.0,0.0,0.0,0.0,2.0,10,4,10
317,16,7,1,17,3,3,6,5,0,1,2,39,2,2,0.0,0.0,0.0,0.0,0.0,3.0,4,7,1
57012,16,2,3,17,11,3,0,1,1,1,2,24,2,2,0.0,0.0,0.0,0.0,0.0,2.0,15,5,5
171749,16,2,3,0,8,3,6,1,0,1,2,3,2,4,1.0,0.0,0.0,0.0,1.0,1.0,11,6,11
75640,15,2,0,0,10,3,0,1,1,1,1,11,2,2,0.0,0.0,0.0,0.0,0.0,3.0,4,7,6
142228,15,2,3,17,11,3,0,1,1,1,2,24,2,2,0.0,0.0,0.0,0.0,0.0,2.0,14,2,10
41916,16,11,1,10,2,3,5,5,1,1,2,36,2,2,0.0,0.0,0.0,0.0,0.0,2.0,1,1,3
64245,16,2,3,10,8,3,0,1,1,1,2,19,2,2,0.0,0.0,0.0,0.0,0.0,3.0,10,6,5
175846,16,2,1,17,6,3,0,1,0,1,2,36,2,2,0.0,0.0,0.0,0.0,0.0,2.0,19,5,12
130902,4,2,1,10,2,3,0,1,1,0,2,36,2,2,0.0,0.0,0.0,0.0,0.0,3.0,20,7,9
147623,16,2,0,15,8,3,0,1,1,1,1,18,2,2,0.0,0.0,0.0,0.0,0.0,2.0,6,6,10
52749,16,3,3,2,6,3,0,1,0,1,2,6,1,2,0.0,0.0,0.0,0.0,0.0,1.0,7,7,4
44511,16,2,3,10,2,3,0,1,1,1,1,19,2,2,0.0,0.0,0.0,0.0,0.0,2.0,16,5,4
71918,4,2,1,0,8,3,0,1,1,1,1,18,2,2,0.0,0.0,0.0,0.0,0.0,2.0,3,7,6
32281,16,2,3,10,8,3,0,5,1,1,0,36,2,2,0.0,0.0,0.0,0.0,0.0,2.0,12,4,3
61556,16,2,3,15,8,3,6,1,1,1,1,22,2,2,0.0,0.0,0.0,0.0,0.0,2.0,13,5,5
114409,4,2,1,0,10,3,0,1,0,1,2,18,4,3,2.0,0.0,0.0,2.0,0.0,3.0,22,7,8
133226,16,2,1,8,8,3,0,5,0,1,2,36,3,3,1.0,0.0,0.0,1.0,0.0,2.0,20,2,9
23750,16,10,3,0,6,3,5,5,0,1,2,6,2,3,1.0,0.0,0.0,1.0,0.0,2.0,16,6,2
10349,16,2,1,14,2,3,0,1,0,1,2,30,3,2,0.0,0.0,0.0,0.0,0.0,4.0,17,6,1
107853,16,2,3,17,6,3,0,1,0,1,2,17,4,2,0.0,0.0,0.0,0.0,0.0,5.0,17,5,8
164506,16,2,1,15,8,3,0,1,1,1,2,18,2,2,0.0,0.0,0.0,0.0,0.0,2.0,18,3,11
133079,16,2,3,0,8,3,0,1,0,1,2,6,3,1,6.0,0.0,2.0,4.0,0.0,3.0,9,7,9
127090,16,2,3,17,6,3,0,1,0,1,2,18,3,1,3.0,0.0,1.0,0.0,2.0,0.0,15,5,9
172762,16,2,1,3,8,3,0,1,0,1,2,18,2,2,0.0,0.0,0.0,0.0,0.0,2.0,3,7,12
182020,3,2,1,15,10,3,0,1,1,1,1,22,2,2,0.0,0.0,0.0,0.0,0.0,2.0,22,3,12
80068,16,2,3,17,2,3,0,1,1,0,2,18,2,2,0.0,0.0,0.0,0.0,0.0,3.0,12,1,6
32302,16,7,3,17,6,3,6,1,1,1,1,24,2,2,0.0,0.0,0.0,0.0,0.0,2.0,16,5,3
184951,4,7,1,17,2,3,5,5,0,1,2,36,2,2,0.0,0.0,0.0,0.0,0.0,2.0,18,4,12
160035,16,2,1,0,2,3,0,1,0,1,1,36,2,2,0.0,0.0,0.0,0.0,0.0,2.0,22,2,11
131133,4,7,3,0,6,3,6,1,1,1,2,5,2,2,0.0,0.0,0.0,0.0,0.0,2.0,12,3,9
129441,4,2,3,0,8,3,0,1,1,1,2,36,2,2,0.0,0.0,0.0,0.0,0.0,2.0,7,2,9
10447,16,2,3,10,2,3,0,1,1,1,2,36,2,2,0.0,0.0,0.0,0.0,0.0,2.0,12,7,1
51554,16,3,3,0,6,3,0,1,0,1,2,6,2,4,2.0,0.0,0.0,0.0,2.0,2.0,8,6,4
657,15,2,2,0,10,3,0,1,1,1,1,36,2,2,0.0,0.0,0.0,0.0,0.0,2.0,6,4,1
25000,16,2,3,8,8,3,0,1,0,1,2,12,2,3,1.0,0.0,0.0,1.0,0.0,1.0,9,7,2
11079,16,7,3,17,2,3,6,1,1,1,2,23,2,2,0.0,0.0,0.0,0.0,0.0,2.0,9,3,1
155102,16,2,0,17,11,3,0,1,1,1,2,24,2,2,0.0,0.0,0.0,0.0,0.0,2.0,18,2,10
1820,4,2,3,17,2,3,0,1,1,1,2,36,2,2,0.0,0.0,0.0,0.0,0.0,2.0,10,4,1
18111,16,2,3,17,6,3,6,1,1,1,2,36,2,2,0.0,0.0,0.0,0.0,0.0,3.0,12,1,2
104559,4,2,3,15,8,3,0,1,1,1,1,18,2,2,0.0,0.0,0.0,0.0,0.0,2.0,8,4,8
164293,4,2,3,17,8,3,0,1,1,1,2,24,2,2,0.0,0.0,0.0,0.0,0.0,2.0,14,6,11
97911,16,2,3,0,6,3,0,1,0,1,2,6,2,3,2.0,0.0,0.0,2.0,0.0,1.0,16,3,7
146008,15,2,4,0,6,3,0,1,1,1,2,18,2,2,0.0,0.0,0.0,0.0,0.0,2.0,19,5,10
139998,16,7,1,17,8,3,6,1,1,1,2,36,2,2,0.0,0.0,0.0,0.0,0.0,2.0,19,6,10
62909,15,2,3,0,6,3,0,1,0,1,2,5,2,3,2.0,0.0,0.0,2.0,0.0,1.0,13,7,5
28259,16,7,3,15,8,3,6,1,1,1,2,36,2,2,0.0,0.0,0.0,0.0,0.0,4.0,14,4,3
54376,16,2,1,17,6,3,0,1,1,1,2,35,2,2,0.0,0.0,0.0,0.0,0.0,2.0,0,4,4
122684,15,2,3,0,2,3,0,1,1,1,2,38,2,2,0.0,0.0,0.0,0.0,0.0,2.0,16,4,9
89464,15,7,1,9,8,3,6,1,0,1,2,17,2,3,1.0,0.0,0.0,1.0,0.0,1.0,23,4,7
86297,4,2,3,10,8,3,0,1,1,1,2,36,2,2,0.0,0.0,0.0,0.0,0.0,2.0,17,5,6
53288,16,2,3,0,6,3,0,1,0,1,2,18,4,3,4.0,0.0,0.0,4.0,0.0,3.0,11,2,4
160696,15,2,3,8,6,3,0,1,0,1,0,36,2,4,1.0,0.0,0.0,0.0,1.0,1.0,7,5,11
47844,16,7,3,10,6,3,6,1,0,1,2,19,2,2,0.0,0.0,0.0,0.0,0.0,2.0,15,4,4
149989,4,2,2,10,6,3,5,1,1,1,2,36,2,2,0.0,0.0,0.0,0.0,0.0,2.0,4,5,10
4713,16,2,3,17,8,3,4,1,0,1,2,18,3,4,1.0,0.0,0.0,0.0,1.0,3.0,10,2,1
29166,15,2,4,15,8,3,0,1,1,1,0,22,2,2,0.0,0.0,0.0,0.0,0.0,2.0,17,6,3
42490,16,2,3,0,8,3,0,1,0,1,2,6,2,3,6.0,0.0,0.0,6.0,0.0,0.0,18,5,4
159260,16,2,1,9,8,3,0,5,1,1,0,36,2,2,0.0,0.0,0.0,0.0,0.0,2.0,23,3,11
8393,16,2,1,0,8,3,6,1,0,1,2,6,3,2,0.0,0.0,0.0,0.0,0.0,4.0,3,2,1
97243,16,2,3,10,6,3,0,5,1,1,0,13,2,2,0.0,0.0,0.0,0.0,0.0,2.0,5,6,7
70837,16,7,3,15,2,3,6,1,1,1,1,23,2,2,0.0,0.0,0.0,0.0,0.0,2.0,11,5,5
171258,16,2,3,10,2,3,0,1,1,1,1,19,2,2,0.0,0.0,0.0,0.0,0.0,2.0,10,5,11
40201,4,2,1,2,8,3,0,1,0,1,2,36,1,2,0.0,0.0,0.0,0.0,0.0,1.0,20,3,3
144938,16,2,1,17,8,3,0,1,1,1,1,36,2,2,0.0,0.0,0.0,0.0,0.0,2.0,20,4,10
31634,16,2,3,15,8,3,0,1,1,1,0,22,2,2,0.0,0.0,0.0,0.0,0.0,2.0,11,1,3
142945,16,2,3,9,8,3,0,5,0,1,0,6,3,1,2.0,0.0,2.0,0.0,0.0,1.0,14,5,10
17465,16,2,3,15,8,3,0,1,1,1,1,36,2,2,0.0,0.0,0.0,0.0,0.0,3.0,12,4,2
43068,4,2,3,14,8,3,0,1,0,0,2,12,3,4,1.0,0.0,0.0,0.0,1.0,2.0,12,1,4
88911,15,2,1,0,10,3,0,5,0,1,2,5,2,3,2.0,0.0,0.0,2.0,0.0,1.0,22,3,7
180629,15,2,3,0,6,3,5,5,0,1,2,36,2,3,1.0,0.0,0.0,1.0,0.0,1.0,13,1,12
16916,16,2,3,10,2,3,0,1,1,1,2,12,2,2,0.0,0.0,0.0,0.0,0.0,2.0,7,2,2
121675,16,2,3,10,8,3,0,1,1,1,2,36,2,2,0.0,0.0,0.0,0.0,0.0,2.0,18,1,9
172316,16,7,3,10,11,3,6,1,1,1,0,36,2,2,0.0,0.0,0.0,0.0,0.0,2.0,11,7,12
187206,16,2,3,17,2,3,2,1,0,1,2,18,2,2,0.0,0.0,0.0,0.0,0.0,2.0,8,7,12
146872,16,2,1,15,8,3,0,1,1,0,1,23,2,2,0.0,0.0,0.0,0.0,0.0,2.0,23,4,10
138198,16,2,3,0,8,3,0,1,1,1,1,6,2,2,0.0,0.0,0.0,0.0,0.0,2.0,16,2,10
74139,4,2,3,17,8,3,0,1,0,0,2,24,2,3,1.0,0.0,0.0,1.0,0.0,2.0,13,7,6
18608,15,2,1,17,6,3,0,1,1,1,2,18,2,2,0.0,0.0,0.0,0.0,0.0,2.0,19,3,2
77869,16,2,3,15,8,4,0,1,1,1,1,17,2,2,0.0,0.0,0.0,0.0,0.0,4.0,11,6,6
7677,16,2,3,15,3,3,0,1,1,1,2,22,2,2,0.0,0.0,0.0,0.0,0.0,2.0,15,4,1
15725,15,2,3,8,2,3,0,1,0,1,2,2,2,4,1.0,0.0,0.0,0.0,1.0,1.0,13,1,2
81297,15,2,3,0,6,2,0,1,1,1,2,18,2,2,0.0,0.0,0.0,0.0,0.0,5.0,8,7,6
170955,16,2,1,17,6,3,5,5,1,1,2,36,2,2,0.0,0.0,0.0,0.0,0.0,6.0,17,2,11
25004,15,2,1,1,10,3,0,1,1,1,2,36,2,3,1.0,0.0,0.0,1.0,0.0,1.0,22,7,2
55978,16,2,3,0,6,3,0,1,0,1,2,36,2,2,0.0,0.0,0.0,0.0,0.0,2.0,18,3,4
61356,16,2,3,10,8,3,0,1,1,1,2,36,2,2,0.0,0.0,0.0,0.0,0.0,2.0,17,4,5
132484,16,2,1,10,8,3,0,1,1,1,2,36,2,2,0.0,0.0,0.0,0.0,0.0,2.0,6,6,9
6424,16,2,3,0,8,3,0,1,0,1,2,36,2,3,1.0,0.0,0.0,1.0,0.0,1.0,11,7,1
166648,4,2,1,8,14,3,0,1,0,1,2,18,2,3,1.0,0.0,0.0,1.0,0.0,1.0,21,4,11
47172,16,2,3,17,3,3,0,1,1,1,2,36,2,2,0.0,0.0,0.0,0.0,0.0,3.0,20,5,4
120958,15,2,3,0,6,3,0,1,1,1,2,36,2,2,0.0,0.0,0.0,0.0,0.0,3.0,17,6,9
95159,16,2,3,10,8,3,0,1,1,1,0,36,2,2,0.0,0.0,0.0,0.0,0.0,3.0,12,2,7
20167,16,2,1,17,8,3,0,1,1,1,2,18,2,2,0.0,0.0,0.0,0.0,0.0,2.0,18,2,2
163363,15,2,3,0,6,3,0,1,0,1,2,18,2,3,3.0,0.0,0.0,3.0,0.0,0.0,14,2,11
183058,4,10,1,2,2,3,4,1,0,0,2,30,1,2,0.0,0.0,0.0,0.0,0.0,1.0,22,3,12
69532,16,2,1,0,6,3,0,5,0,1,2,36,2,3,2.0,0.0,0.0,2.0,0.0,1.0,23,6,5
96910,16,2,3,0,10,3,0,1,0,1,2,6,2,4,1.0,0.0,0.0,0.0,1.0,1.0,14,2,7
145976,15,3,3,0,8,3,0,1,0,1,2,36,2,1,2.0,0.0,2.0,0.0,0.0,0.0,12,3,10
154177,4,7,5,7,10,3,6,5,1,0,1,36,2,2,0.0,0.0,0.0,0.0,0.0,1.0,7,6,10
52820,16,2,4,17,6,3,0,1,1,1,2,18,2,2,0.0,0.0,0.0,0.0,0.0,3.0,20,1,4
31111,12,2,3,17,8,3,0,1,1,0,2,19,2,2,0.0,0.0,0.0,0.0,0.0,6.0,7,5,3
113896,16,2,1,3,6,3,0,5,0,1,2,6,3,3,2.0,0.0,0.0,1.0,1.0,2.0,0,6,8
40934,16,2,3,17,2,3,0,5,0,1,2,18,2,2,0.0,0.0,0.0,0.0,0.0,2.0,13,5,3
86814,16,2,1,10,8,3,0,1,1,1,2,19,2,2,0.0,0.0,0.0,0.0,0.0,2.0,22,6,6
33246,15,2,2,0,6,3,0,1,0,1,2,18,2,4,1.0,0.0,0.0,0.0,1.0,2.0,16,7,3
112486,4,2,3,9,8,3,0,1,0,1,2,18,2,1,1.0,0.0,1.0,0.0,0.0,1.0,16,5,8
24230,16,2,3,5,8,3,6,1,0,1,2,17,3,1,1.0,0.0,1.0,0.0,0.0,2.0,8,7,2
127859,16,2,3,17,8,3,0,1,0,1,2,18,2,3,1.0,0.0,0.0,1.0,0.0,1.0,17,6,9
42872,4,2,3,17,6,3,0,1,1,1,2,36,2,2,0.0,0.0,0.0,0.0,0.0,2.0,15,5,4
127386,15,7,3,0,6,3,6,1,0,1,2,5,2,2,0.0,0.0,0.0,0.0,0.0,2.0,7,6,9
80770,16,11,5,17,6,3,5,5,1,1,2,36,2,2,0.0,0.0,0.0,0.0,0.0,2.0,23,6,6
25060,16,7,3,0,8,3,6,5,1,1,2,6,2,2,0.0,0.0,0.0,0.0,0.0,2.0,14,3,2
148897,16,2,3,15,6,3,0,1,1,1,2,23,2,2,0.0,0.0,0.0,0.0,0.0,2.0,15,4,10
164758,16,2,3,0,2,3,0,1,1,1,2,18,2,2,0.0,0.0,0.0,0.0,0.0,4.0,12,5,11
65654,16,3,3,15,3,4,0,1,1,1,0,36,2,2,0.0,0.0,0.0,0.0,0.0,2.0,17,1,5
30585,15,2,3,17,8,3,6,1,1,1,2,36,2,2,0.0,0.0,0.0,0.0,0.0,3.0,7,3,3
128832,15,2,3,0,2,3,0,1,1,1,2,38,2,2,0.0,0.0,0.0,0.0,0.0,2.0,13,1,9
95062,16,2,1,10,2,3,0,1,0,1,2,19,2,2,0.0,0.0,0.0,0.0,0.0,2.0,4,1,7
103088,15,2,3,0,8,3,0,5,1,1,2,26,2,2,0.0,0.0,0.0,0.0,0.0,2.0,20,5,7
80269,16,2,3,10,8,3,0,1,1,1,2,36,2,2,0.0,0.0,0.0,0.0,0.0,3.0,14,6,6
71298,16,2,1,17,8,3,0,1,1,1,0,36,2,2,0.0,0.0,0.0,0.0,0.0,2.0,22,5,5
133550,15,2,3,17,6,3,0,1,1,1,2,18,2,2,0.0,0.0,0.0,0.0,0.0,2.0,11,2,9
155683,16,2,3,10,3,3,0,1,1,1,1,19,2,2,0.0,0.0,0.0,0.0,0.0,3.0,12,1,11
149047,16,2,1,0,6,3,0,1,0,1,2,6,2,4,1.0,0.0,0.0,0.0,1.0,2.0,18,6,10
64554,15,2,3,17,2,3,0,1,1,1,2,18,2,2,0.0,0.0,0.0,0.0,0.0,3.0,7,4,5
23304,16,10,3,17,6,3,4,5,0,1,2,24,2,3,2.0,0.0,0.0,2.0,0.0,2.0,16,6,2
8524,16,10,3,17,19,3,4,1,1,1,0,36,2,2,0.0,0.0,0.0,0.0,0.0,2.0,8,4,1
167056,4,2,3,3,8,3,0,1,0,1,1,23,2,2,0.0,0.0,0.0,0.0,0.0,3.0,15,3,11
39168,15,7,3,17,15,3,6,1,0,1,2,18,2,3,5.0,0.0,0.0,2.0,3.0,0.0,10,5,3
85226,4,2,1,2,0,3,0,1,1,1,2,36,1,2,0.0,0.0,0.0,0.0,0.0,2.0,23,2,6
2345,16,5,0,10,3,3,1,5,1,1,2,39,2,2,0.0,0.0,0.0,0.0,0.0,3.0,2,1,1
129392,17,2,4,10,8,3,0,5,1,1,1,19,2,2,0.0,0.0,0.0,0.0,0.0,2.0,22,7,9
85067,15,7,1,0,15,3,6,1,0,1,2,18,3,3,2.0,0.0,0.0,2.0,0.0,1.0,1,1,6
68628,16,2,3,10,8,3,0,1,0,1,1,8,2,4,1.0,0.0,0.0,0.0,1.0,3.0,14,6,5
1189,16,2,3,17,6,3,0,1,0,1,2,24,2,2,0.0,0.0,0.0,0.0,0.0,3.0,7,6,1
148303,4,2,1,17,2,3,0,1,0,1,2,24,2,2,0.0,0.0,0.0,0.0,0.0,2.0,0,2,10
6142,16,2,3,17,10,3,6,1,0,0,2,9,3,4,3.0,0.0,0.0,0.0,3.0,4.0,16,2,1
155804,16,2,3,10,8,4,0,1,1,1,1,19,2,2,0.0,0.0,0.0,0.0,0.0,2.0,15,5,11
76262,15,2,3,0,6,3,0,1,0,1,2,5,4,3,2.0,0.0,0.0,2.0,0.0,0.0,14,4,6
121122,16,2,3,17,11,3,0,1,1,1,2,26,2,2,0.0,0.0,0.0,0.0,0.0,3.0,18,6,9
28464,16,2,3,10,15,3,0,1,1,1,1,17,2,2,0.0,0.0,0.0,0.0,0.0,2.0,9,1,3
181595,16,2,3,17,2,3,0,1,1,1,1,24,2,2,0.0,0.0,0.0,0.0,0.0,3.0,16,6,12
45600,4,7,3,17,6,3,6,1,0,1,2,36,2,3,3.0,0.0,0.0,3.0,0.0,1.0,11,5,4
69954,16,2,3,15,2,3,0,1,1,1,2,23,2,2,0.0,0.0,0.0,0.0,0.0,2.0,13,7,5
11128,16,7,3,15,8,3,6,1,1,1,1,18,2,2,0.0,0.0,0.0,0.0,0.0,7.0,8,4,1
12988,15,2,3,15,2,3,5,1,1,1,2,24,2,2,0.0,0.0,0.0,0.0,0.0,2.0,14,1,1
19583,16,2,1,15,6,3,0,1,1,1,2,36,2,2,0.0,0.0,0.0,0.0,0.0,2.0,21,6,2
151828,16,7,1,0,18,3,6,5,0,1,2,39,2,2,0.0,0.0,0.0,0.0,0.0,2.0,6,2,10
58928,16,2,3,17,6,3,0,5,0,1,2,36,3,2,0.0,0.0,0.0,0.0,0.0,3.0,15,2,5
113784,16,2,3,0,8,3,0,1,0,1,0,6,2,1,1.0,0.0,1.0,0.0,0.0,3.0,17,5,8
143603,16,7,3,10,8,3,6,1,1,1,2,19,2,2,0.0,0.0,0.0,0.0,0.0,2.0,9,6,10
162225,16,2,3,17,8,3,0,1,0,1,2,36,2,3,3.0,0.0,0.0,3.0,0.0,1.0,8,6,11
4046,16,2,3,10,6,3,0,1,1,1,0,17,2,2,0.0,0.0,0.0,0.0,0.0,3.0,16,5,1
38915,16,7,1,17,8,3,6,1,0,1,2,18,2,2,0.0,0.0,0.0,0.0,0.0,2.0,22,6,3
116815,16,2,3,0,8,3,0,1,0,1,2,18,2,2,0.0,0.0,0.0,0.0,0.0,2.0,13,1,8
131158,16,2,3,8,6,3,0,5,0,1,2,6,2,3,1.0,0.0,0.0,1.0,0.0,2.0,17,5,9
27666,4,7,3,0,2,3,6,1,1,1,0,18,2,2,0.0,0.0,0.0,0.0,0.0,2.0,7,3,2
72189,16,2,1,17,3,3,0,5,0,1,2,36,2,2,0.0,0.0,0.0,0.0,0.0,2.0,21,5,6
47837,4,2,3,17,8,3,0,5,0,1,2,36,2,2,0.0,0.0,0.0,0.0,0.0,2.0,14,4,4
130409,4,2,1,17,2,3,0,1,0,1,2,24,2,3,3.0,0.0,0.0,3.0,0.0,0.0,21,7,9
27987,16,2,3,10,8,3,0,1,1,1,2,19,2,2,0.0,0.0,0.0,0.0,0.0,2.0,15,3,2
133405,16,2,1,3,15,3,0,1,0,1,2,18,2,2,0.0,0.0,0.0,0.0,0.0,4.0,18,6,9
6026,4,2,3,0,8,3,0,1,0,1,2,36,2,3,1.0,0.0,0.0,1.0,0.0,1.0,13,7,1
120045,15,2,3,3,8,3,0,1,0,1,2,18,2,2,0.0,0.0,0.0,0.0,0.0,3.0,18,6,8
59046,16,2,3,10,2,4,0,1,1,1,0,19,2,2,0.0,0.0,0.0,0.0,0.0,2.0,16,2,5
56515,4,2,1,17,3,3,6,1,1,1,2,24,2,2,0.0,0.0,0.0,0.0,0.0,3.0,19,3,5
838,4,10,3,3,6,3,4,1,1,1,2,11,2,2,0.0,0.0,0.0,0.0,0.0,3.0,11,1,1
94671,16,2,3,17,18,3,0,1,1,1,2,35,2,2,0.0,0.0,0.0,0.0,0.0,2.0,19,1,7
81993,17,2,3,17,6,3,5,5,1,1,1,36,2,2,0.0,0.0,0.0,0.0,0.0,2.0,15,4,6
103741,15,2,3,17,19,3,0,1,1,1,2,36,2,2,0.0,0.0,0.0,0.0,0.0,2.0,12,7,7
76620,15,3,3,17,2,3,6,5,0,1,2,18,2,2,0.0,0.0,0.0,0.0,0.0,2.0,14,1,6
78668,15,2,3,0,15,3,0,1,0,1,2,5,2,2,0.0,0.0,0.0,0.0,0.0,2.0,13,5,6
30201,16,2,3,10,8,3,0,1,1,1,1,19,2,2,0.0,0.0,0.0,0.0,0.0,2.0,12,3,3
169184,4,2,0,8,8,3,0,1,1,1,0,36,2,2,0.0,0.0,0.0,0.0,0.0,2.0,20,7,11
188087,16,10,0,10,8,3,4,1,0,1,2,39,3,3,1.0,0.0,0.0,1.0,0.0,4.0,2,7,12
66909,15,2,3,3,2,3,0,1,0,1,1,5,2,4,1.0,0.0,0.0,0.0,1.0,1.0,13,2,5
19011,16,2,1,0,6,3,6,1,0,1,2,18,2,2,0.0,0.0,0.0,0.0,0.0,2.0,0,3,2
12221,16,2,3,0,6,3,4,1,1,1,2,6,2,2,0.0,0.0,0.0,0.0,0.0,2.0,8,3,1
83552,16,2,3,0,6,3,0,0,0,1,2,32,2,3,1.0,0.0,0.0,1.0,0.0,2.0,19,5,6
6121,15,10,3,10,11,3,4,1,1,1,2,19,2,2,0.0,0.0,0.0,0.0,0.0,3.0,10,1,1
93134,15,2,3,0,8,3,0,1,0,1,2,36,2,2,0.0,0.0,0.0,0.0,0.0,2.0,12,5,7
31823,16,7,3,0,8,3,6,1,0,1,2,12,3,3,2.0,0.0,0.0,1.0,1.0,6.0,16,6,3
49806,16,2,3,17,2,3,0,5,1,1,2,24,2,2,0.0,0.0,0.0,0.0,0.0,2.0,8,4,4
121888,16,2,3,0,6,3,0,1,0,1,2,17,2,3,2.0,0.0,0.0,2.0,0.0,0.0,10,5,9
98509,15,2,3,0,6,3,0,1,0,1,2,18,2,4,1.0,0.0,0.0,0.0,1.0,2.0,13,5,7
77270,15,2,3,0,8,3,0,1,0,1,2,5,2,2,0.0,0.0,0.0,0.0,0.0,2.0,11,3,6
149243,15,2,3,0,2,3,0,1,0,1,2,5,2,3,1.0,0.0,0.0,1.0,0.0,4.0,14,1,10
27398,16,2,3,10,8,3,0,1,1,1,2,36,2,2,0.0,0.0,0.0,0.0,0.0,3.0,16,7,2
138338,15,7,3,3,8,3,6,5,0,1,2,18,2,4,1.0,0.0,0.0,0.0,1.0,3.0,7,4,10
4381,16,7,3,17,10,3,6,1,1,1,0,9,2,2,0.0,0.0,0.0,0.0,0.0,2.0,13,3,1
125541,16,2,3,7,8,3,0,1,1,1,2,19,2,2,0.0,0.0,0.0,0.0,0.0,1.0,15,2,9
12442,16,2,3,10,8,4,0,1,1,1,0,19,2,2,0.0,0.0,0.0,0.0,0.0,2.0,8,6,1
137209,16,2,3,10,2,3,0,5,0,1,1,36,4,4,1.0,0.0,0.0,0.0,1.0,3.0,8,2,9
60406,16,11,5,0,6,3,5,5,1,1,2,36,2,2,0.0,0.0,0.0,0.0,0.0,2.0,6,3,5
156207,15,2,3,17,2,3,0,1,1,1,2,24,2,2,0.0,0.0,0.0,0.0,0.0,2.0,13,6,11
165841,16,7,1,17,15,3,6,1,1,1,0,36,2,2,0.0,0.0,0.0,0.0,0.0,2.0,16,2,11
160138,16,2,3,15,8,3,0,5,1,0,2,36,2,2,0.0,0.0,0.0,0.0,0.0,2.0,7,4,11
22910,15,10,3,14,8,3,1,1,1,1,1,39,2,2,0.0,0.0,0.0,0.0,0.0,2.0,7,6,2
89878,16,2,3,15,2,3,0,1,1,1,0,36,2,2,0.0,0.0,0.0,0.0,0.0,2.0,12,4,7
182836,16,2,3,15,8,3,0,1,1,1,2,22,2,2,0.0,0.0,0.0,0.0,0.0,3.0,11,1,12
78022,15,2,1,0,3,3,0,1,1,1,2,36,2,2,0.0,0.0,0.0,0.0,0.0,3.0,0,1,6
1364,15,7,3,10,15,3,6,1,1,1,2,36,2,2,0.0,0.0,0.0,0.0,0.0,2.0,9,3,1
87201,16,2,1,15,8,3,0,2,1,1,2,32,2,2,0.0,0.0,0.0,0.0,0.0,2.0,21,7,6
147809,16,3,3,10,8,3,0,1,1,1,2,19,3,2,0.0,0.0,0.0,0.0,0.0,3.0,6,3,10