crash_date,               traffic_control_device,weather_condition,lighting_condition,first_crash_type,trafficway_type,alignment,roadway_surface_cond,road_defect,crash_type,intersection_related_i,damage,prim_contributory_cause,num_units,most_severe_injury,injuries_total,injuries_fatal,injuries_incapacitating,injuries_non_incapacitating,injuries_reported_not_evident,injuries_no_indication,crash_hour,crash_day_of_week,crash_month
38217,15,2,3,14,6,4,0,1,1,1,2,12,2,2,0.0,0.0,0.0,0.0,0.0,3.0,15,2,3
120568,16,2,0,0,11,3,0,1,0,1,2,6,3,3,1.0,0.0,0.0,1.0,0.0,4.0,21,6,9
163647,15,7,3,0,2,3,6,1,1,1,1,18,2,2,0.0,0.0,0.0,0.0,0.0,2.0,8,4,11
73130,15,2,3,0,8,3,0,1,0,1,2,36,2,3,3.0,0.0,0.0,2.0,1.0,0.0,11,5,6
185055,16,2,3,10,8,3,4,1,1,1,1,19,2,2,0.0,0.0,0.0,0.0,0.0,2.0,10,6,12
152976,16,11,5,15,6,3,5,5,1,1,2,36,2,2,0.0,0.0,0.0,0.0,0.0,4.0,20,1,10
34400,4,2,3,17,8,3,0,1,1,1,1,4,2,2,0.0,0.0,0.0,0.0,0.0,2.0,18,4,3
11222,16,2,0,10,8,3,5,1,1,1,2,36,2,2,0.0,0.0,0.0,0.0,0.0,2.0,0,5,1
155765,16,7,0,17,11,3,6,1,0,1,2,6,2,2,0.0,0.0,0.0,0.0,0.0,2.0,20,4,11
12832,16,2,3,10,3,3,0,1,1,1,1,36,2,2,0.0,0.0,0.0,0.0,0.0,2.0,14,6,1
178987,15,2,3,0,11,3,0,1,0,1,2,5,2,3,2.0,0.0,0.0,2.0,0.0,2.0,15,5,12
43932,16,2,3,10,8,3,6,1,1,1,2,19,2,2,0.0,0.0,0.0,0.0,0.0,2.0,6,2,4
66681,16,2,3,0,6,3,0,1,1,1,1,23,2,2,0.0,0.0,0.0,0.0,0.0,2.0,18,4,5
109084,16,2,3,17,8,4,5,5,0,1,2,18,2,2,0.0,0.0,0.0,0.0,0.0,2.0,5,4,8
46688,15,2,3,10,8,3,0,5,1,1,2,19,2,2,0.0,0.0,0.0,0.0,0.0,2.0,12,4,4
8915,16,3,4,15,8,3,0,1,1,1,2,36,2,2,0.0,0.0,0.0,0.0,0.0,2.0,15,3,1
110817,16,2,3,10,10,3,0,5,1,1,2,18,2,2,0.0,0.0,0.0,0.0,0.0,3.0,15,3,8
113110,16,2,3,2,8,3,0,1,0,0,2,30,1,1,2.0,0.0,2.0,0.0,0.0,0.0,16,7,8
17437,16,2,0,10,8,3,0,1,1,1,2,19,2,2,0.0,0.0,0.0,0.0,0.0,5.0,17,4,2
64828,16,7,3,10,6,3,6,1,1,1,1,19,2,2,0.0,0.0,0.0,0.0,0.0,2.0,18,3,5
172947,16,2,3,10,8,3,0,1,0,1,2,19,2,4,2.0,0.0,0.0,0.0,2.0,2.0,14,4,12
106968,16,2,1,0,11,3,0,1,1,1,2,11,2,2,0.0,0.0,0.0,0.0,0.0,4.0,21,6,8
74781,15,11,5,15,8,3,5,5,1,1,2,36,2,2,0.0,0.0,0.0,0.0,0.0,2.0,20,2,6
105752,16,2,3,15,1,3,0,1,1,1,1,36,2,2,0.0,0.0,0.0,0.0,0.0,2.0,14,1,8
160082,16,2,1,0,6,3,0,1,0,1,2,13,2,3,4.0,0.0,0.0,4.0,0.0,0.0,22,3,11
58100,16,2,3,0,10,3,0,1,0,1,2,28,3,2,0.0,0.0,0.0,0.0,0.0,2.0,10,1,5
185218,4,2,3,17,2,3,0,5,1,0,1,19,2,2,0.0,0.0,0.0,0.0,0.0,2.0,15,5,12
12753,17,10,3,17,2,3,6,5,0,1,1,26,2,2,0.0,0.0,0.0,0.0,0.0,3.0,16,5,1
156463,4,2,3,2,8,3,0,1,0,1,2,24,1,2,0.0,0.0,0.0,0.0,0.0,3.0,9,6,11
12635,15,10,3,0,8,3,4,5,0,1,2,39,2,3,1.0,0.0,0.0,1.0,0.0,1.0,9,3,1
183406,16,2,1,9,6,3,0,1,0,1,2,18,2,1,1.0,0.0,1.0,0.0,0.0,1.0,17,3,12
43501,15,2,4,17,6,3,0,1,1,1,2,18,2,2,0.0,0.0,0.0,0.0,0.0,2.0,18,2,4
112933,4,2,3,17,6,3,0,1,0,1,2,18,2,4,2.0,0.0,0.0,0.0,2.0,2.0,12,5,8
109800,16,3,3,17,8,3,0,1,0,1,1,36,2,4,1.0,0.0,0.0,0.0,1.0,1.0,6,6,8
127689,16,2,1,17,1,3,0,1,0,1,2,19,2,1,2.0,0.0,2.0,0.0,0.0,2.0,4,6,9
13910,16,10,3,17,8,3,6,1,1,1,0,23,2,2,0.0,0.0,0.0,0.0,0.0,2.0,15,4,1
102827,16,7,3,10,2,3,6,5,0,1,2,19,2,4,1.0,0.0,0.0,0.0,1.0,2.0,17,2,7
113332,16,2,3,2,6,3,0,1,0,1,2,24,1,2,0.0,0.0,0.0,0.0,0.0,1.0,13,5,8
56281,16,2,4,10,8,3,0,1,1,1,2,36,3,2,0.0,0.0,0.0,0.0,0.0,3.0,21,7,5
80893,16,2,3,17,6,3,0,1,1,1,2,24,2,2,0.0,0.0,0.0,0.0,0.0,2.0,19,2,6
102097,15,11,3,0,8,3,5,5,1,1,2,5,2,2,0.0,0.0,0.0,0.0,0.0,2.0,17,4,7
120936,4,2,3,10,6,3,0,1,0,1,2,17,2,4,1.0,0.0,0.0,0.0,1.0,1.0,13,6,9
172805,4,2,1,7,8,3,0,1,0,1,2,17,2,2,0.0,0.0,0.0,0.0,0.0,2.0,23,7,12
84147,4,3,1,17,15,3,6,1,0,1,2,36,2,3,1.0,0.0,0.0,1.0,0.0,2.0,4,1,6
148126,16,2,1,15,2,3,0,1,1,1,2,22,2,2,0.0,0.0,0.0,0.0,0.0,3.0,5,6,10
71914,15,2,1,0,6,3,0,1,0,1,2,18,4,1,3.0,0.0,1.0,1.0,1.0,1.0,2,7,6
128847,16,2,1,0,6,3,0,1,0,1,2,3,2,3,1.0,0.0,0.0,1.0,0.0,5.0,3,1,9
180955,16,2,3,10,8,3,0,1,1,1,2,19,2,2,0.0,0.0,0.0,0.0,0.0,3.0,12,2,12
54037,16,2,2,17,11,3,0,1,0,1,2,6,3,2,0.0,0.0,0.0,0.0,0.0,6.0,4,6,4
82680,16,7,3,3,2,3,6,1,0,1,2,36,3,1,3.0,0.0,1.0,2.0,0.0,1.0,13,5,6
13547,16,10,1,0,19,3,4,1,1,1,2,36,2,2,0.0,0.0,0.0,0.0,0.0,3.0,19,5,1
16936,16,3,3,10,2,3,6,1,0,1,2,17,2,2,0.0,0.0,0.0,0.0,0.0,3.0,10,2,2
144366,16,2,3,9,15,3,5,5,0,1,0,18,2,3,1.0,0.0,0.0,1.0,0.0,1.0,12,3,10
129418,16,2,3,0,8,3,0,1,1,1,2,36,2,2,0.0,0.0,0.0,0.0,0.0,2.0,15,2,9
162966,16,3,1,17,6,3,6,1,1,1,2,4,2,2,0.0,0.0,0.0,0.0,0.0,2.0,18,4,11
119187,15,2,3,0,8,3,0,1,1,1,2,5,2,2,0.0,0.0,0.0,0.0,0.0,2.0,12,1,8
78588,16,7,3,17,6,3,6,1,0,1,2,18,2,4,1.0,0.0,0.0,0.0,1.0,2.0,14,3,6
85565,16,2,1,0,8,3,0,5,1,1,2,6,2,2,0.0,0.0,0.0,0.0,0.0,2.0,3,1,6
127902,16,2,1,17,8,3,0,1,0,1,2,18,2,1,3.0,0.0,1.0,0.0,2.0,1.0,23,6,9
91564,16,2,3,10,6,3,0,1,1,1,2,26,2,2,0.0,0.0,0.0,0.0,0.0,2.0,8,2,7
119953,16,2,3,15,11,3,0,1,1,1,2,22,2,2,0.0,0.0,0.0,0.0,0.0,2.0,7,4,8
53647,16,2,3,9,2,3,0,1,1,1,1,18,2,2,0.0,0.0,0.0,0.0,0.0,2.0,10,6,4
8769,15,2,0,17,8,3,0,1,1,1,1,36,2,2,0.0,0.0,0.0,0.0,0.0,2.0,18,6,1
88615,16,2,3,0,6,3,0,1,0,1,2,6,2,2,0.0,0.0,0.0,0.0,0.0,2.0,16,7,7
188173,16,2,3,10,2,3,0,5,1,1,2,19,2,2,0.0,0.0,0.0,0.0,0.0,2.0,14,1,12
67797,16,2,3,9,2,4,0,1,0,1,2,23,2,0,1.0,1.0,0.0,0.0,0.0,1.0,14,1,5
75213,16,2,1,10,6,3,0,1,0,1,2,19,2,2,0.0,0.0,0.0,0.0,0.0,5.0,21,1,6
33070,16,7,1,0,8,3,6,1,1,1,1,18,2,2,0.0,0.0,0.0,0.0,0.0,2.0,6,4,3
79255,4,2,3,17,8,3,0,1,0,1,2,36,2,3,2.0,0.0,0.0,2.0,0.0,1.0,17,6,6
112572,15,2,1,0,10,3,0,1,1,1,0,18,2,2,0.0,0.0,0.0,0.0,0.0,2.0,20,6,8
17676,16,2,3,17,6,3,0,1,0,1,2,24,2,2,0.0,0.0,0.0,0.0,0.0,4.0,14,2,2
108163,15,2,2,17,6,3,0,1,1,1,2,36,2,2,0.0,0.0,0.0,0.0,0.0,2.0,5,5,8
17341,15,2,3,0,8,3,0,1,0,1,1,17,2,3,1.0,0.0,0.0,1.0,0.0,3.0,13,2,2
34024,16,2,3,10,8,3,0,1,1,1,2,19,2,2,0.0,0.0,0.0,0.0,0.0,2.0,6,6,3
117842,16,2,3,0,8,3,0,5,1,1,1,36,2,2,0.0,0.0,0.0,0.0,0.0,2.0,13,3,8
116670,4,2,3,17,11,3,0,6,1,1,2,18,2,2,0.0,0.0,0.0,0.0,0.0,2.0,13,5,8
69157,16,7,3,0,6,3,6,1,0,1,2,18,2,4,1.0,0.0,0.0,0.0,1.0,1.0,11,1,5
8276,15,10,1,0,6,3,4,5,0,1,2,18,2,2,0.0,0.0,0.0,0.0,0.0,3.0,17,6,1
71853,16,2,3,15,10,3,0,1,1,1,2,36,2,2,0.0,0.0,0.0,0.0,0.0,2.0,18,6,6
116830,16,2,3,0,5,3,0,1,1,1,2,6,2,2,0.0,0.0,0.0,0.0,0.0,5.0,16,1,8
32106,4,5,4,10,8,3,6,1,1,1,1,39,3,2,0.0,0.0,0.0,0.0,0.0,3.0,15,2,3
173017,15,2,1,9,6,3,0,1,0,1,0,26,2,3,1.0,0.0,0.0,1.0,0.0,1.0,18,5,12
112920,16,7,3,17,10,3,6,1,1,1,2,35,2,2,0.0,0.0,0.0,0.0,0.0,3.0,9,5,8
42776,15,2,1,17,8,3,0,1,0,1,2,36,2,2,0.0,0.0,0.0,0.0,0.0,2.0,18,2,4
63517,17,2,3,15,2,3,5,5,1,1,1,23,2,2,0.0,0.0,0.0,0.0,0.0,3.0,12,2,5
136677,15,3,3,0,6,3,6,1,1,1,1,36,2,2,0.0,0.0,0.0,0.0,0.0,3.0,17,1,9
108959,16,7,3,0,6,3,6,1,0,1,1,39,2,3,1.0,0.0,0.0,1.0,0.0,1.0,17,2,8
25234,16,2,4,15,8,3,0,1,1,1,1,22,2,2,0.0,0.0,0.0,0.0,0.0,2.0,18,3,2
90508,16,2,3,17,8,3,0,1,1,1,2,36,2,2,0.0,0.0,0.0,0.0,0.0,3.0,11,6,7
170953,16,2,1,10,6,3,0,1,1,1,2,36,2,2,0.0,0.0,0.0,0.0,0.0,2.0,17,2,11
81264,15,2,1,0,8,3,0,5,0,1,2,18,2,1,2.0,0.0,1.0,1.0,0.0,0.0,2,7,6
7311,15,2,0,0,6,3,0,1,0,1,2,36,2,2,0.0,0.0,0.0,0.0,0.0,2.0,23,6,1
86296,16,2,3,15,8,3,0,1,1,1,0,23,2,2,0.0,0.0,0.0,0.0,0.0,3.0,17,5,6
168481,15,2,3,0,11,3,0,5,1,0,2,18,2,2,0.0,0.0,0.0,0.0,0.0,2.0,9,4,11
77975,16,2,1,15,8,3,0,1,0,1,1,19,2,2,0.0,0.0,0.0,0.0,0.0,5.0,1,1,6
36028,16,7,4,10,8,3,6,1,1,1,0,36,2,2,0.0,0.0,0.0,0.0,0.0,2.0,18,4,3
118522,16,2,3,17,8,3,0,1,0,1,2,24,2,1,1.0,0.0,1.0,0.0,0.0,1.0,10,6,8
13255,4,11,1,4,19,3,5,5,1,1,0,36,1,2,0.0,0.0,0.0,0.0,0.0,1.0,21,6,1
137344,16,2,1,0,6,3,0,1,0,1,1,6,2,3,3.0,0.0,0.0,3.0,0.0,0.0,22,5,9
12417,16,2,0,17,2,3,0,1,0,1,2,18,2,2,0.0,0.0,0.0,0.0,0.0,3.0,17,6,1
136312,16,2,4,0,6,3,0,1,0,1,2,6,2,4,1.0,0.0,0.0,0.0,1.0,1.0,18,4,9
71231,16,2,3,15,8,3,0,1,1,1,1,36,2,2,0.0,0.0,0.0,0.0,0.0,2.0,15,5,5
91661,4,2,3,13,12,3,5,1,1,1,2,18,2,2,0.0,0.0,0.0,0.0,0.0,2.0,13,5,7
25170,16,2,0,17,6,3,0,5,1,0,1,24,2,2,0.0,0.0,0.0,0.0,0.0,2.0,0,4,2
135173,4,2,1,10,18,3,0,1,0,1,2,22,2,3,4.0,0.0,0.0,4.0,0.0,4.0,21,2,9
101460,16,2,1,10,3,3,0,1,1,1,2,19,2,2,0.0,0.0,0.0,0.0,0.0,3.0,23,7,7
18596,16,2,3,17,8,3,0,1,0,1,1,6,2,2,0.0,0.0,0.0,0.0,0.0,2.0,16,3,2
95905,16,2,3,9,2,3,0,1,1,1,1,18,2,2,0.0,0.0,0.0,0.0,0.0,3.0,16,1,7
175899,16,2,1,0,6,3,0,5,0,1,2,6,2,2,0.0,0.0,0.0,0.0,0.0,2.0,3,7,12
5582,15,10,3,7,10,3,4,1,1,1,0,39,2,2,0.0,0.0,0.0,0.0,0.0,1.0,15,7,1
122209,4,2,3,17,10,1,0,1,1,1,2,23,2,2,0.0,0.0,0.0,0.0,0.0,2.0,13,1,9
126225,4,2,4,8,8,3,0,1,0,1,0,36,2,3,1.0,0.0,0.0,1.0,0.0,1.0,22,4,9
74384,17,11,5,15,6,3,5,5,1,1,2,36,2,2,0.0,0.0,0.0,0.0,0.0,2.0,20,4,6
148509,16,7,1,17,6,3,6,5,0,1,2,36,2,2,0.0,0.0,0.0,0.0,0.0,3.0,21,5,10
34985,16,2,1,17,10,3,0,1,1,1,0,24,2,2,0.0,0.0,0.0,0.0,0.0,2.0,21,6,3
129896,16,2,1,10,8,3,0,1,1,0,2,26,2,2,0.0,0.0,0.0,0.0,0.0,2.0,4,7,9
80388,16,2,3,17,8,3,0,1,1,1,2,24,2,2,0.0,0.0,0.0,0.0,0.0,3.0,11,1,6
75591,16,2,3,17,8,3,0,1,0,1,2,6,4,4,1.0,0.0,0.0,0.0,1.0,3.0,19,6,6
184056,4,2,3,7,11,3,0,5,1,1,2,24,2,2,0.0,0.0,0.0,0.0,0.0,1.0,9,5,12
160605,4,2,3,17,15,3,0,1,1,1,2,18,2,2,0.0,0.0,0.0,0.0,0.0,2.0,15,4,11
12020,15,10,1,17,3,3,4,1,1,1,1,39,2,2,0.0,0.0,0.0,0.0,0.0,2.0,17,6,1
170898,4,2,3,9,8,3,0,1,0,1,0,38,2,3,1.0,0.0,0.0,1.0,0.0,1.0,14,1,11
89398,16,2,1,17,8,3,0,1,1,1,2,35,2,2,0.0,0.0,0.0,0.0,0.0,2.0,23,3,7
77698,16,2,3,10,8,3,6,1,0,1,2,19,2,2,0.0,0.0,0.0,0.0,0.0,6.0,8,3,6
98427,16,2,1,10,8,3,0,1,0,1,2,17,4,2,0.0,0.0,0.0,0.0,0.0,6.0,0,3,7
152853,16,2,3,3,8,3,0,1,1,1,1,21,2,2,0.0,0.0,0.0,0.0,0.0,3.0,8,6,10
70950,16,2,3,9,6,3,0,1,0,1,0,18,2,3,1.0,0.0,0.0,1.0,0.0,1.0,10,1,5
96350,16,2,3,10,2,3,0,1,1,1,0,19,2,2,0.0,0.0,0.0,0.0,0.0,5.0,17,7,7
43673,16,2,3,10,2,3,0,1,0,1,2,17,2,3,2.0,0.0,0.0,1.0,1.0,1.0,17,4,4
45326,16,2,3,17,8,3,0,1,1,1,2,3,2,2,0.0,0.0,0.0,0.0,0.0,2.0,8,1,4
120771,15,2,3,0,6,3,0,1,0,1,2,18,2,2,0.0,0.0,0.0,0.0,0.0,2.0,13,4,9
144985,15,2,3,10,2,3,0,1,1,1,2,36,2,2,0.0,0.0,0.0,0.0,0.0,2.0,16,5,10
151453,16,2,3,10,2,3,0,5,0,1,2,36,2,4,1.0,0.0,0.0,0.0,1.0,5.0,14,5,10
182191,15,2,4,0,8,3,0,1,0,1,2,17,2,2,0.0,0.0,0.0,0.0,0.0,3.0,14,7,12
2936,16,2,3,15,2,3,0,1,1,1,2,8,2,2,0.0,0.0,0.0,0.0,0.0,27.0,13,5,1
143840,15,2,3,17,15,3,0,6,0,1,2,12,2,2,0.0,0.0,0.0,0.0,0.0,2.0,12,3,10
94555,16,2,3,10,8,3,0,1,1,1,2,26,2,2,0.0,0.0,0.0,0.0,0.0,3.0,10,6,7
151400,17,2,1,3,6,3,0,1,0,1,2,36,2,4,1.0,0.0,0.0,0.0,1.0,1.0,5,3,10
82393,16,7,1,17,6,3,6,1,1,1,0,24,2,2,0.0,0.0,0.0,0.0,0.0,28.0,23,1,6
13828,15,2,1,0,8,3,0,1,0,1,2,18,2,2,0.0,0.0,0.0,0.0,0.0,2.0,23,2,1
142300,16,2,3,15,8,3,0,1,1,1,1,22,2,2,0.0,0.0,0.0,0.0,0.0,3.0,15,3,10
27763,16,2,3,17,3,3,0,1,0,1,2,18,3,3,4.0,0.0,0.0,4.0,0.0,1.0,7,5,2
124186,16,2,3,0,8,3,0,1,0,1,2,6,2,3,1.0,0.0,0.0,1.0,0.0,1.0,17,4,9
55673,16,7,0,10,8,3,6,1,1,1,1,17,2,2,0.0,0.0,0.0,0.0,0.0,2.0,20,3,4
163394,16,2,4,17,6,3,0,1,0,1,2,24,2,2,0.0,0.0,0.0,0.0,0.0,2.0,19,2,11
184286,16,2,1,0,8,3,0,1,0,1,2,36,2,3,2.0,0.0,0.0,2.0,0.0,0.0,4,7,12
31136,16,2,3,17,8,3,0,1,1,1,2,18,2,2,0.0,0.0,0.0,0.0,0.0,2.0,12,5,3
151295,15,7,3,0,8,3,6,1,0,1,2,5,2,3,1.0,0.0,0.0,1.0,0.0,1.0,11,1,10
48149,16,7,1,10,2,3,6,5,1,1,1,12,2,2,0.0,0.0,0.0,0.0,0.0,5.0,22,7,4
72973,16,2,3,15,8,3,0,1,1,1,1,23,2,2,0.0,0.0,0.0,0.0,0.0,2.0,18,2,6
140254,16,2,0,0,6,4,0,1,0,1,2,6,2,3,2.0,0.0,0.0,1.0,1.0,0.0,18,4,10
24283,16,2,4,17,2,3,0,1,1,1,0,23,2,2,0.0,0.0,0.0,0.0,0.0,2.0,15,1,2
74761,15,3,3,10,8,3,0,1,1,1,2,19,2,2,0.0,0.0,0.0,0.0,0.0,2.0,16,2,6
121970,15,2,3,10,2,3,0,5,1,1,2,19,2,2,0.0,0.0,0.0,0.0,0.0,2.0,11,6,9
84880,15,2,3,0,2,3,0,1,1,1,1,36,2,2,0.0,0.0,0.0,0.0,0.0,4.0,16,5,6
91748,15,3,4,10,2,3,0,1,1,1,1,17,2,2,0.0,0.0,0.0,0.0,0.0,5.0,19,6,7
85295,16,7,0,17,8,3,6,1,1,1,0,18,2,2,0.0,0.0,0.0,0.0,0.0,2.0,11,3,6
66565,15,2,3,0,2,3,0,1,0,1,2,18,2,3,2.0,0.0,0.0,2.0,0.0,1.0,11,2,5
20450,15,2,3,17,8,3,5,5,0,1,2,36,2,2,0.0,0.0,0.0,0.0,0.0,3.0,11,7,2
25902,17,11,5,9,11,3,5,5,1,1,0,26,2,2,0.0,0.0,0.0,0.0,0.0,2.0,19,2,2
68245,15,2,3,0,2,3,0,1,0,1,2,18,3,2,0.0,0.0,0.0,0.0,0.0,4.0,11,6,5
84609,4,2,3,9,2,3,0,1,0,0,0,18,2,3,2.0,0.0,0.0,2.0,0.0,0.0,10,7,6
69798,16,2,3,0,6,3,6,1,0,1,2,6,2,3,1.0,0.0,0.0,1.0,0.0,1.0,9,3,5
68778,16,2,3,0,6,3,0,1,0,1,2,6,2,3,3.0,0.0,0.0,1.0,2.0,2.0,20,1,5
4794,4,2,1,17,10,3,0,1,1,1,2,24,2,2,0.0,0.0,0.0,0.0,0.0,4.0,18,4,1
151832,15,2,1,0,6,3,0,1,1,1,2,36,2,2,0.0,0.0,0.0,0.0,0.0,4.0,18,2,10
64939,16,2,3,0,6,3,0,1,0,1,2,6,2,2,0.0,0.0,0.0,0.0,0.0,3.0,16,5,5
78656,15,7,3,11,15,3,6,1,1,1,1,21,2,2,0.0,0.0,0.0,0.0,0.0,2.0,11,3,6
79753,15,2,3,0,6,3,0,1,1,1,2,18,2,2,0.0,0.0,0.0,0.0,0.0,2.0,15,5,6
112374,4,2,1,9,15,3,0,1,0,1,0,36,2,3,1.0,0.0,0.0,1.0,0.0,1.0,0,4,8
9279,15,10,1,0,2,4,4,5,0,1,2,39,2,2,0.0,0.0,0.0,0.0,0.0,2.0,23,7,1
184489,16,2,1,0,6,3,0,1,0,1,2,6,2,3,1.0,0.0,0.0,1.0,0.0,1.0,22,4,12
89512,16,2,3,15,8,3,0,1,1,1,2,23,2,2,0.0,0.0,0.0,0.0,0.0,2.0,10,5,7
4711,16,2,3,17,8,3,0,1,1,1,2,24,2,2,0.0,0.0,0.0,0.0,0.0,3.0,9,2,1
49649,16,2,1,0,6,3,0,1,0,1,2,6,2,3,1.0,0.0,0.0,1.0,0.0,1.0,1,1,4
44501,15,7,3,0,2,3,6,5,1,1,2,18,2,2,0.0,0.0,0.0,0.0,0.0,2.0,9,4,4
136399,16,2,4,17,6,3,0,1,0,1,1,6,3,3,1.0,0.0,0.0,1.0,0.0,2.0,21,5,9
66020,15,2,3,17,8,3,5,1,0,1,2,12,2,1,3.0,0.0,1.0,2.0,0.0,0.0,17,2,5
184932,16,7,2,10,8,3,6,1,1,1,0,36,2,2,0.0,0.0,0.0,0.0,0.0,2.0,16,4,12
23699,4,2,3,0,2,3,0,1,1,1,1,18,2,2,0.0,0.0,0.0,0.0,0.0,2.0,8,4,2
179718,15,2,3,0,6,3,0,1,1,1,2,18,2,2,0.0,0.0,0.0,0.0,0.0,2.0,12,7,12
59975,15,2,3,7,6,3,0,1,0,1,2,36,2,3,1.0,0.0,0.0,1.0,0.0,0.0,7,4,5
37427,16,2,2,10,2,3,0,1,0,1,2,19,2,4,1.0,0.0,0.0,0.0,1.0,1.0,19,1,3
22975,15,2,3,0,6,3,0,1,1,1,1,5,2,2,0.0,0.0,0.0,0.0,0.0,2.0,15,7,2
155713,16,2,3,10,8,3,0,1,1,1,1,8,2,2,0.0,0.0,0.0,0.0,0.0,3.0,14,4,11
177911,16,3,3,0,8,3,0,1,0,1,2,6,2,3,1.0,0.0,0.0,1.0,0.0,3.0,11,4,12
41530,15,2,3,0,2,3,0,1,0,1,2,36,2,2,0.0,0.0,0.0,0.0,0.0,2.0,12,7,3
151546,4,2,3,17,8,3,0,1,1,1,1,17,2,2,0.0,0.0,0.0,0.0,0.0,3.0,15,3,10
86901,16,2,3,0,6,3,0,1,0,1,2,6,2,3,1.0,0.0,0.0,1.0,0.0,2.0,11,7,6
53812,16,2,1,17,18,3,0,5,0,1,2,24,2,4,1.0,0.0,0.0,0.0,1.0,1.0,20,3,4
166018,4,2,5,7,8,3,0,1,1,1,2,8,2,2,0.0,0.0,0.0,0.0,0.0,1.0,16,2,11
117467,4,2,3,3,2,3,0,1,0,1,2,18,2,3,1.0,0.0,0.0,1.0,0.0,1.0,16,5,8
3465,16,2,1,17,2,3,0,1,0,1,2,18,2,2,0.0,0.0,0.0,0.0,0.0,2.0,19,2,1
178942,16,2,3,17,8,3,0,1,1,1,2,18,2,2,0.0,0.0,0.0,0.0,0.0,2.0,7,4,12
114692,16,2,3,17,10,3,0,1,1,1,1,36,2,2,0.0,0.0,0.0,0.0,0.0,2.0,12,3,8
107222,16,2,3,17,2,3,0,1,0,1,0,18,2,3,1.0,0.0,0.0,1.0,0.0,1.0,7,2,8
172157,15,2,3,0,10,3,0,1,0,1,2,5,2,2,0.0,0.0,0.0,0.0,0.0,2.0,14,5,12
9070,16,3,1,17,6,3,0,1,1,1,2,18,2,2,0.0,0.0,0.0,0.0,0.0,6.0,17,5,1
81081,17,2,1,17,6,3,0,1,0,1,2,17,3,4,2.0,0.0,0.0,0.0,2.0,2.0,21,3,6
112955,15,7,3,0,6,3,6,1,1,1,2,36,2,2,0.0,0.0,0.0,0.0,0.0,6.0,16,7,8
39487,15,2,3,0,6,3,0,1,0,1,2,18,2,3,1.0,0.0,0.0,1.0,0.0,1.0,11,4,3
66618,16,2,3,17,8,3,0,1,0,1,2,22,3,3,1.0,0.0,0.0,1.0,0.0,4.0,9,3,5
177301,16,2,1,17,8,3,0,1,1,1,1,18,2,2,0.0,0.0,0.0,0.0,0.0,2.0,17,3,12
86696,16,7,3,17,6,3,6,1,1,1,2,18,2,2,0.0,0.0,0.0,0.0,0.0,2.0,9,6,6
68706,16,2,3,17,2,3,0,1,0,1,2,17,2,2,0.0,0.0,0.0,0.0,0.0,3.0,18,7,5
146407,16,2,3,17,8,3,0,1,1,1,2,18,2,2,0.0,0.0,0.0,0.0,0.0,2.0,16,2,10
149609,16,7,1,10,6,3,6,1,1,1,2,17,2,2,0.0,0.0,0.0,0.0,0.0,3.0,19,7,10
98557,4,2,3,17,10,3,0,1,0,0,2,18,2,2,0.0,0.0,0.0,0.0,0.0,2.0,10,5,7
183977,15,2,1,0,15,3,0,1,1,1,1,18,2,2,0.0,0.0,0.0,0.0,0.0,3.0,18,4,12
94468,16,2,3,17,6,3,0,5,1,1,2,36,2,2,0.0,0.0,0.0,0.0,0.0,5.0,18,7,7
185320,4,2,3,0,8,3,0,1,1,1,0,18,2,2,0.0,0.0,0.0,0.0,0.0,2.0,14,2,12
165683,16,2,1,10,6,3,0,5,1,1,2,36,2,2,0.0,0.0,0.0,0.0,0.0,2.0,0,5,11
153494,16,7,3,0,3,3,6,1,1,1,0,36,2,2,0.0,0.0,0.0,0.0,0.0,2.0,7,1,10
2708,15,2,3,17,2,3,0,1,0,1,2,36,2,2,0.0,0.0,0.0,0.0,0.0,2.0,7,5,1
130312,16,2,3,17,10,3,0,1,1,1,1,24,2,2,0.0,0.0,0.0,0.0,0.0,2.0,16,6,9
111246,16,2,3,17,3,3,0,1,1,0,2,23,2,2,0.0,0.0,0.0,0.0,0.0,3.0,15,1,8
93371,16,2,1,10,15,3,6,5,0,1,2,36,2,2,0.0,0.0,0.0,0.0,0.0,2.0,22,3,7
150043,16,2,3,13,15,3,0,1,0,1,2,36,2,3,1.0,0.0,0.0,1.0,0.0,2.0,12,5,10
154284,16,2,1,17,10,3,0,1,0,1,2,24,2,3,2.0,0.0,0.0,2.0,0.0,3.0,20,7,10
162188,16,7,5,17,5,3,6,1,0,1,2,36,2,2,0.0,0.0,0.0,0.0,0.0,2.0,16,6,11
24310,16,2,3,9,6,3,0,1,0,1,0,36,2,1,1.0,0.0,1.0,0.0,0.0,1.0,10,1,2
166819,16,2,3,10,8,3,0,1,1,1,1,17,2,2,0.0,0.0,0.0,0.0,0.0,3.0,16,1,11
128765,16,2,3,15,6,3,0,1,1,1,2,36,2,2,0.0,0.0,0.0,0.0,0.0,2.0,15,6,9
126615,16,2,3,17,10,3,0,5,0,1,2,6,2,2,0.0,0.0,0.0,0.0,0.0,3.0,13,3,9
177757,16,10,1,17,8,3,6,1,1,1,2,18,2,2,0.0,0.0,0.0,0.0,0.0,2.0,20,2,12
185797,16,2,2,10,15,3,0,1,0,1,2,36,4,3,1.0,0.0,0.0,1.0,0.0,4.0,6,4,12
126816,17,2,1,10,15,3,0,5,1,1,2,23,2,2,0.0,0.0,0.0,0.0,0.0,2.0,3,7,9