crash_date,               traffic_control_device,weather_condition,lighting_condition,first_crash_type,trafficway_type,alignment,roadway_surface_cond,road_defect,crash_type,intersection_related_i,damage,prim_contributory_cause,num_units,most_severe_injury,injuries_total,injuries_fatal,injuries_incapacitating,injuries_non_incapacitating,injuries_reported_not_evident,injuries_no_indication,crash_hour,crash_day_of_week,crash_month
140874,16,7,3,15,2,3,6,1,1,1,1,12,2,2,0.0,0.0,0.0,0.0,0.0,2.0,15,6,10
25544,16,2,3,15,2,3,0,1,1,1,1,23,2,2,0.0,0.0,0.0,0.0,0.0,2.0,7,4,2
177659,17,2,3,8,6,3,0,1,0,1,0,36,2,3,1.0,0.0,0.0,1.0,0.0,1.0,8,3,12
67822,15,2,1,0,8,3,0,1,0,1,1,18,2,2,0.0,0.0,0.0,0.0,0.0,2.0,22,1,5
54,16,2,3,10,8,3,0,1,1,1,2,36,2,2,0.0,0.0,0.0,0.0,0.0,2.0,15,2,1
147958,16,11,1,15,8,3,5,5,1,1,2,22,2,2,0.0,0.0,0.0,0.0,0.0,2.0,19,6,10
7576,15,2,3,10,8,3,0,1,1,1,2,19,2,2,0.0,0.0,0.0,0.0,0.0,2.0,14,2,1
150935,16,2,1,15,2,3,0,1,1,1,1,23,2,2,0.0,0.0,0.0,0.0,0.0,2.0,18,7,10
19623,16,2,1,10,8,3,0,1,0,1,2,36,2,3,2.0,0.0,0.0,1.0,1.0,0.0,18,7,2
70049,15,2,3,9,10,3,0,1,0,1,2,9,2,3,1.0,0.0,0.0,1.0,0.0,2.0,18,1,5
155440,16,2,3,15,2,3,0,1,1,1,1,18,2,2,0.0,0.0,0.0,0.0,0.0,2.0,16,1,10
38424,15,2,1,9,15,3,0,1,0,1,0,38,2,4,1.0,0.0,0.0,0.0,1.0,1.0,22,6,3
140914,16,2,3,9,2,3,0,5,0,1,0,17,2,3,1.0,0.0,0.0,1.0,0.0,1.0,7,6,10
18367,4,2,3,17,8,3,0,1,1,1,1,18,2,2,0.0,0.0,0.0,0.0,0.0,3.0,12,5,2
144126,4,2,3,17,8,3,0,1,1,1,0,23,2,2,0.0,0.0,0.0,0.0,0.0,5.0,17,6,10
88561,16,2,0,15,1,3,0,1,1,1,2,23,2,2,0.0,0.0,0.0,0.0,0.0,4.0,21,6,7
120758,16,2,1,7,8,3,0,1,1,1,0,12,2,2,0.0,0.0,0.0,0.0,0.0,1.0,21,3,9
137710,16,2,3,10,2,3,0,1,0,1,2,17,2,2,0.0,0.0,0.0,0.0,0.0,2.0,7,2,10
78895,16,2,3,9,15,3,0,1,0,1,0,24,2,3,1.0,0.0,0.0,1.0,0.0,1.0,17,6,6
89978,16,2,3,10,8,3,0,1,0,1,0,19,2,3,1.0,0.0,0.0,1.0,0.0,2.0,5,6,7
44858,16,2,3,17,6,3,0,1,1,1,1,36,2,2,0.0,0.0,0.0,0.0,0.0,2.0,12,5,4
181840,4,2,3,10,2,3,0,5,1,1,2,19,2,2,0.0,0.0,0.0,0.0,0.0,2.0,11,3,12
134273,15,7,1,0,11,4,6,1,1,1,1,18,2,2,0.0,0.0,0.0,0.0,0.0,3.0,19,3,9
109045,16,7,1,9,2,3,6,1,0,1,0,36,2,3,1.0,0.0,0.0,1.0,0.0,1.0,20,3,8
177973,17,7,1,10,6,3,6,1,1,1,2,36,2,2,0.0,0.0,0.0,0.0,0.0,2.0,19,6,12
36775,16,2,3,10,2,3,0,1,0,1,2,17,2,4,2.0,0.0,0.0,0.0,2.0,1.0,11,2,3
161309,17,2,4,15,8,3,0,1,1,1,2,22,2,2,0.0,0.0,0.0,0.0,0.0,3.0,19,1,11
44175,16,7,1,0,2,3,6,1,0,1,2,6,2,2,0.0,0.0,0.0,0.0,0.0,2.0,20,5,4
157011,15,7,0,15,8,3,6,1,0,1,2,36,2,2,0.0,0.0,0.0,0.0,0.0,2.0,20,7,11
134796,16,2,1,17,2,3,0,1,1,1,2,18,2,2,0.0,0.0,0.0,0.0,0.0,2.0,21,2,9
149377,16,2,3,7,2,3,0,1,1,1,2,36,2,2,0.0,0.0,0.0,0.0,0.0,1.0,14,4,10
93982,4,2,3,10,2,3,0,1,0,1,0,23,2,3,1.0,0.0,0.0,1.0,0.0,4.0,14,5,7
172755,16,2,3,10,8,3,0,1,1,0,2,19,2,2,0.0,0.0,0.0,0.0,0.0,3.0,14,7,12
42757,16,2,3,10,8,3,0,1,1,1,2,19,2,2,0.0,0.0,0.0,0.0,0.0,2.0,14,2,4
29754,16,2,3,17,8,3,0,1,1,1,1,18,2,2,0.0,0.0,0.0,0.0,0.0,5.0,17,4,3
104388,4,2,1,2,14,3,0,1,0,1,2,26,1,3,2.0,0.0,0.0,2.0,0.0,0.0,2,3,8
74357,16,2,3,10,10,3,0,1,1,1,2,17,4,2,0.0,0.0,0.0,0.0,0.0,7.0,17,4,6
132470,16,2,3,15,3,3,0,1,0,1,2,23,2,3,1.0,0.0,0.0,1.0,0.0,1.0,14,6,9
76143,16,4,1,10,3,3,0,1,0,1,2,8,3,2,0.0,0.0,0.0,0.0,0.0,4.0,23,7,6
103050,16,2,3,17,6,3,0,1,0,1,2,18,2,2,0.0,0.0,0.0,0.0,0.0,5.0,13,5,7
127862,16,2,3,17,8,3,0,1,1,1,1,36,2,2,0.0,0.0,0.0,0.0,0.0,2.0,18,6,9
101763,4,2,3,10,3,3,0,1,1,1,2,17,2,2,0.0,0.0,0.0,0.0,0.0,2.0,15,7,7
66660,16,2,3,17,8,3,5,5,0,1,2,18,2,2,0.0,0.0,0.0,0.0,0.0,7.0,16,4,5
48396,16,2,3,0,18,3,0,1,1,1,2,6,2,2,0.0,0.0,0.0,0.0,0.0,4.0,15,6,4
81471,17,11,3,7,8,3,5,5,1,1,1,26,2,2,0.0,0.0,0.0,0.0,0.0,1.0,16,1,6
115260,4,2,3,9,10,3,0,1,0,1,2,24,2,3,1.0,0.0,0.0,1.0,0.0,1.0,9,5,8
163839,15,2,3,0,11,3,0,5,1,1,2,18,2,2,0.0,0.0,0.0,0.0,0.0,2.0,12,6,11
146710,15,2,1,0,6,3,0,1,0,1,2,5,3,2,0.0,0.0,0.0,0.0,0.0,7.0,3,1,10
87075,16,2,3,17,8,3,0,5,0,1,2,36,2,3,2.0,0.0,0.0,2.0,0.0,0.0,10,4,6
125497,16,2,3,10,8,3,0,1,1,1,2,19,2,2,0.0,0.0,0.0,0.0,0.0,2.0,16,1,9
150543,16,2,4,17,6,3,0,5,1,1,2,18,2,2,0.0,0.0,0.0,0.0,0.0,3.0,18,4,10
106214,15,2,1,17,10,3,0,1,1,1,1,26,2,2,0.0,0.0,0.0,0.0,0.0,2.0,1,1,8
132517,16,2,3,15,2,3,0,1,0,1,0,12,2,2,0.0,0.0,0.0,0.0,0.0,2.0,10,6,9
73886,4,2,3,17,8,3,0,1,1,1,2,36,2,2,0.0,0.0,0.0,0.0,0.0,2.0,15,2,6
149610,15,2,1,0,8,3,0,1,1,1,1,36,2,2,0.0,0.0,0.0,0.0,0.0,2.0,20,7,10
49863,16,2,1,15,8,3,0,5,1,0,1,36,2,2,0.0,0.0,0.0,0.0,0.0,2.0,21,3,4
73457,16,2,3,17,6,3,0,1,1,1,2,24,2,2,0.0,0.0,0.0,0.0,0.0,3.0,14,3,6
170209,4,2,3,15,3,3,0,1,0,1,2,36,2,2,0.0,0.0,0.0,0.0,0.0,2.0,14,3,11
188007,16,7,3,17,6,3,6,5,1,1,2,12,2,2,0.0,0.0,0.0,0.0,0.0,2.0,15,1,12
83969,15,2,1,17,8,3,0,1,0,1,2,18,2,3,1.0,0.0,0.0,1.0,0.0,2.0,20,4,6
40656,4,7,1,17,8,3,6,1,1,1,2,36,2,2,0.0,0.0,0.0,0.0,0.0,8.0,11,4,3
10908,15,5,1,0,8,3,6,1,0,1,2,36,2,2,0.0,0.0,0.0,0.0,0.0,4.0,19,1,1
169467,16,2,1,0,6,3,0,1,1,1,2,36,2,2,0.0,0.0,0.0,0.0,0.0,4.0,17,6,11
67654,4,2,3,10,2,3,0,3,1,1,2,17,2,2,0.0,0.0,0.0,0.0,0.0,3.0,15,5,5
84288,4,2,3,0,11,3,0,1,0,1,2,17,2,2,0.0,0.0,0.0,0.0,0.0,2.0,12,1,6
141378,16,7,3,17,2,3,6,1,1,1,1,24,2,2,0.0,0.0,0.0,0.0,0.0,2.0,8,5,10
141020,16,2,3,15,2,3,0,1,1,1,2,24,2,2,0.0,0.0,0.0,0.0,0.0,2.0,9,4,10
131599,16,2,3,0,6,3,0,1,1,1,2,6,2,2,0.0,0.0,0.0,0.0,0.0,2.0,11,2,9
23194,16,2,3,17,15,3,0,1,1,1,2,36,2,2,0.0,0.0,0.0,0.0,0.0,2.0,15,3,2
165361,16,2,1,10,8,3,6,1,1,1,1,19,2,2,0.0,0.0,0.0,0.0,0.0,2.0,2,7,11
8463,4,3,3,0,8,3,0,5,1,1,2,36,2,2,0.0,0.0,0.0,0.0,0.0,2.0,9,3,1
157368,15,2,3,0,8,3,0,1,1,1,2,17,2,2,0.0,0.0,0.0,0.0,0.0,2.0,8,1,11
116058,16,2,3,10,6,3,0,1,1,1,2,19,2,2,0.0,0.0,0.0,0.0,0.0,4.0,13,6,8
123955,16,2,1,10,3,3,0,1,1,1,1,19,2,2,0.0,0.0,0.0,0.0,0.0,3.0,23,6,9
127396,4,2,3,17,0,3,0,1,1,1,2,18,2,2,0.0,0.0,0.0,0.0,0.0,4.0,8,6,9
115923,15,2,1,17,15,3,0,1,0,1,2,26,2,3,2.0,0.0,0.0,2.0,0.0,0.0,2,3,8
6003,16,2,1,15,10,3,0,5,1,1,2,36,2,2,0.0,0.0,0.0,0.0,0.0,2.0,18,6,1
135381,16,2,3,10,1,3,0,1,0,1,1,26,2,2,0.0,0.0,0.0,0.0,0.0,2.0,7,4,9
33137,16,2,3,10,8,3,0,1,1,1,2,19,2,2,0.0,0.0,0.0,0.0,0.0,2.0,8,5,3
77852,16,2,3,10,8,3,0,1,1,1,2,36,2,2,0.0,0.0,0.0,0.0,0.0,2.0,8,6,6
131443,15,7,2,10,15,3,6,1,0,1,1,19,2,3,2.0,0.0,0.0,2.0,0.0,7.0,7,6,9
17406,16,2,3,17,2,3,6,1,1,1,2,24,2,2,0.0,0.0,0.0,0.0,0.0,3.0,9,3,2
183240,15,2,3,10,8,3,0,1,1,1,2,36,3,2,0.0,0.0,0.0,0.0,0.0,3.0,6,6,12
13426,16,10,1,10,2,3,4,1,1,1,2,39,2,2,0.0,0.0,0.0,0.0,0.0,2.0,18,2,1
36600,16,2,3,17,6,3,0,1,0,1,2,18,2,2,0.0,0.0,0.0,0.0,0.0,3.0,17,7,3
115627,15,2,3,8,11,3,0,1,0,1,0,18,2,3,1.0,0.0,0.0,1.0,0.0,1.0,7,4,8
179924,16,7,3,17,15,3,6,1,1,1,2,36,2,2,0.0,0.0,0.0,0.0,0.0,3.0,10,4,12
54245,16,2,3,17,2,3,0,1,0,1,2,36,2,4,1.0,0.0,0.0,0.0,1.0,1.0,14,3,4
178704,4,2,3,15,8,3,6,1,1,1,2,12,2,2,0.0,0.0,0.0,0.0,0.0,3.0,9,2,12
173039,16,2,3,17,16,3,0,1,1,1,1,24,2,2,0.0,0.0,0.0,0.0,0.0,2.0,9,5,12
54880,4,2,3,17,8,3,0,1,1,1,0,18,2,2,0.0,0.0,0.0,0.0,0.0,2.0,10,5,4
82430,16,2,3,8,6,3,0,1,1,1,2,3,2,2,0.0,0.0,0.0,0.0,0.0,2.0,16,2,6
17962,16,7,3,0,2,3,6,1,0,1,2,6,2,2,0.0,0.0,0.0,0.0,0.0,2.0,9,5,2
130825,16,2,3,17,6,3,0,1,0,1,2,36,2,2,0.0,0.0,0.0,0.0,0.0,5.0,17,5,9
171979,15,2,3,10,6,3,0,1,1,1,2,36,2,2,0.0,0.0,0.0,0.0,0.0,2.0,7,4,11
149710,16,2,1,7,8,3,0,1,0,1,2,36,2,2,0.0,0.0,0.0,0.0,0.0,2.0,23,2,10
18783,16,2,3,17,8,3,0,1,1,1,2,36,2,2,0.0,0.0,0.0,0.0,0.0,8.0,8,5,2
154116,15,2,1,8,6,3,0,1,0,1,0,36,2,3,1.0,0.0,0.0,1.0,0.0,1.0,20,5,10
165115,16,10,1,10,8,3,6,1,1,1,1,19,2,2,0.0,0.0,0.0,0.0,0.0,3.0,16,5,11
107827,16,2,3,15,1,3,0,5,1,1,2,18,2,2,0.0,0.0,0.0,0.0,0.0,5.0,12,4,8
73366,16,2,3,10,8,3,0,5,0,1,2,36,2,4,2.0,0.0,0.0,0.0,2.0,1.0,8,1,6
80601,4,2,3,8,6,3,0,1,0,1,0,36,2,3,1.0,0.0,0.0,1.0,0.0,1.0,18,4,6
84677,4,2,3,17,2,3,0,1,1,1,2,36,2,2,0.0,0.0,0.0,0.0,0.0,2.0,12,2,6
164686,16,2,1,11,2,3,0,1,1,1,2,36,2,2,0.0,0.0,0.0,0.0,0.0,2.0,19,7,11
122725,16,2,3,17,8,3,0,5,0,1,2,18,2,2,0.0,0.0,0.0,0.0,0.0,2.0,9,4,9
7869,16,2,4,0,8,3,4,1,0,1,2,6,2,3,1.0,0.0,0.0,1.0,0.0,1.0,2,1,1
84976,16,7,5,0,6,3,6,1,0,1,2,36,2,4,1.0,0.0,0.0,0.0,1.0,1.0,9,6,6
187299,4,10,0,0,6,3,4,1,1,1,1,18,2,2,0.0,0.0,0.0,0.0,0.0,2.0,15,3,12
18004,15,2,1,0,8,3,0,1,1,1,2,18,2,2,0.0,0.0,0.0,0.0,0.0,2.0,18,6,2
122359,4,2,3,15,5,3,0,1,1,1,1,36,2,2,0.0,0.0,0.0,0.0,0.0,3.0,15,4,9
117392,16,2,3,17,8,3,6,1,1,1,1,24,2,2,0.0,0.0,0.0,0.0,0.0,2.0,11,2,8
114360,15,7,3,0,10,3,6,5,0,1,2,5,2,2,0.0,0.0,0.0,0.0,0.0,4.0,14,7,8
27684,16,2,3,10,8,3,0,1,1,1,1,18,2,2,0.0,0.0,0.0,0.0,0.0,3.0,15,4,2
159153,16,2,3,17,6,3,0,1,1,1,1,36,2,2,0.0,0.0,0.0,0.0,0.0,2.0,11,4,11
12290,4,3,3,0,15,3,5,5,1,1,2,18,2,2,0.0,0.0,0.0,0.0,0.0,3.0,8,4,1
124222,15,2,3,17,10,3,0,5,1,1,2,24,2,2,0.0,0.0,0.0,0.0,0.0,2.0,11,4,9
162785,16,2,3,0,8,3,0,1,1,1,2,6,2,2,0.0,0.0,0.0,0.0,0.0,2.0,7,7,11
10813,15,2,3,0,15,3,0,1,1,1,1,18,2,2,0.0,0.0,0.0,0.0,0.0,2.0,13,7,1
184947,16,7,2,17,3,3,6,1,1,1,1,6,2,2,0.0,0.0,0.0,0.0,0.0,2.0,17,4,12
32785,15,2,3,17,3,3,6,1,0,1,2,18,2,2,0.0,0.0,0.0,0.0,0.0,4.0,17,6,3
184457,15,2,4,0,6,3,0,1,0,1,2,17,2,4,1.0,0.0,0.0,0.0,1.0,2.0,17,4,12
130974,16,2,3,0,2,3,0,1,0,1,2,36,2,3,1.0,0.0,0.0,1.0,0.0,1.0,6,1,9
4542,15,2,1,0,6,3,6,1,0,1,1,36,2,4,2.0,0.0,0.0,0.0,2.0,1.0,16,6,1
80502,15,2,1,15,2,4,0,5,1,1,1,28,2,2,0.0,0.0,0.0,0.0,0.0,2.0,22,1,6
53854,16,2,3,17,2,3,0,1,0,1,2,6,2,3,1.0,0.0,0.0,1.0,0.0,4.0,17,4,4
67908,16,2,3,10,8,3,0,1,1,1,1,36,2,2,0.0,0.0,0.0,0.0,0.0,2.0,15,3,5
37808,16,2,0,17,11,3,5,5,0,1,2,18,2,2,0.0,0.0,0.0,0.0,0.0,2.0,19,1,3
151606,15,2,3,5,3,3,0,1,0,1,1,36,1,4,1.0,0.0,0.0,0.0,1.0,1.0,8,4,10
149520,16,2,3,10,8,3,0,1,0,1,1,36,3,4,1.0,0.0,0.0,0.0,1.0,2.0,16,6,10
105879,16,2,1,17,8,3,0,1,1,0,2,26,2,2,0.0,0.0,0.0,0.0,0.0,4.0,3,4,8
126800,16,7,1,0,6,3,6,5,0,1,2,6,2,2,0.0,0.0,0.0,0.0,0.0,3.0,0,5,9
90026,15,2,0,0,6,3,0,5,0,1,2,18,2,3,1.0,0.0,0.0,1.0,0.0,1.0,1,1,7
90251,16,2,3,0,6,3,0,1,1,1,2,6,2,2,0.0,0.0,0.0,0.0,0.0,2.0,4,4,7
16483,16,7,3,10,2,3,6,5,1,1,2,36,2,2,0.0,0.0,0.0,0.0,0.0,2.0,14,2,2
52845,16,2,3,17,6,3,0,1,1,1,2,36,2,2,0.0,0.0,0.0,0.0,0.0,3.0,13,2,4
135832,4,2,3,15,2,3,0,1,1,1,1,22,2,2,0.0,0.0,0.0,0.0,0.0,2.0,9,6,9
47805,4,2,3,17,2,3,0,1,0,1,2,18,2,2,0.0,0.0,0.0,0.0,0.0,2.0,17,3,4
165212,16,2,1,17,6,3,0,1,0,1,2,24,2,4,1.0,0.0,0.0,0.0,1.0,1.0,19,6,11
73446,16,3,3,17,6,3,6,1,1,1,1,17,2,2,0.0,0.0,0.0,0.0,0.0,4.0,13,3,6
174571,16,2,3,6,8,3,0,1,0,1,2,36,2,4,2.0,0.0,0.0,0.0,2.0,0.0,10,7,12
178772,9,2,3,2,0,3,0,1,1,1,1,24,1,2,0.0,0.0,0.0,0.0,0.0,1.0,10,3,12
77930,2,2,4,0,6,3,0,1,1,1,2,36,2,2,0.0,0.0,0.0,0.0,0.0,5.0,20,7,6
156411,16,7,3,9,10,3,6,5,1,1,0,18,2,2,0.0,0.0,0.0,0.0,0.0,2.0,13,6,11
66988,18,2,3,0,2,3,0,1,1,1,1,18,2,2,0.0,0.0,0.0,0.0,0.0,2.0,15,4,5
145673,16,7,3,0,6,3,6,1,0,1,2,36,2,2,0.0,0.0,0.0,0.0,0.0,2.0,9,7,10
114248,16,2,2,0,6,3,0,1,0,1,1,6,2,4,1.0,0.0,0.0,0.0,1.0,1.0,19,5,8
168513,4,2,4,0,3,3,0,1,1,1,1,36,2,2,0.0,0.0,0.0,0.0,0.0,2.0,16,5,11
157455,16,7,1,17,2,3,6,1,0,1,2,18,2,2,0.0,0.0,0.0,0.0,0.0,3.0,18,7,11
182505,16,2,0,10,2,3,0,1,1,1,1,19,2,2,0.0,0.0,0.0,0.0,0.0,2.0,17,3,12
80479,16,2,3,15,8,3,0,1,1,1,1,22,2,2,0.0,0.0,0.0,0.0,0.0,2.0,16,1,6
141631,4,2,3,7,8,3,0,1,1,1,2,36,2,2,0.0,0.0,0.0,0.0,0.0,1.0,12,2,10
172222,17,2,5,17,8,3,5,5,1,1,1,18,2,2,0.0,0.0,0.0,0.0,0.0,4.0,21,6,12
59913,16,2,1,10,6,3,6,1,1,1,2,36,2,2,0.0,0.0,0.0,0.0,0.0,3.0,0,2,5
107310,15,2,3,0,8,3,0,1,0,1,2,5,2,2,0.0,0.0,0.0,0.0,0.0,2.0,12,3,8
177279,16,2,3,10,8,3,0,1,0,1,1,36,3,4,1.0,0.0,0.0,0.0,1.0,4.0,13,3,12
7107,15,10,3,7,8,3,4,1,1,1,2,16,2,2,0.0,0.0,0.0,0.0,0.0,1.0,11,2,1
175800,4,3,3,10,8,3,5,5,1,1,2,36,2,2,0.0,0.0,0.0,0.0,0.0,2.0,10,4,12
71842,15,2,3,8,8,3,0,1,0,1,0,18,2,3,1.0,0.0,0.0,1.0,0.0,1.0,17,6,6
151258,16,7,1,9,8,3,6,1,0,1,0,18,2,3,1.0,0.0,0.0,1.0,0.0,1.0,19,1,10
131242,16,2,3,0,3,3,0,5,1,1,2,36,2,2,0.0,0.0,0.0,0.0,0.0,2.0,13,3,9
578,4,2,1,17,8,3,0,1,1,1,2,18,2,2,0.0,0.0,0.0,0.0,0.0,2.0,18,3,1
7985,16,2,1,11,8,3,4,1,1,1,2,18,2,2,0.0,0.0,0.0,0.0,0.0,3.0,19,3,1
160694,15,2,1,17,8,3,0,1,0,1,2,18,3,3,1.0,0.0,0.0,1.0,0.0,2.0,18,5,11
51389,16,2,3,10,8,3,0,1,0,1,2,17,2,3,2.0,0.0,0.0,1.0,1.0,1.0,10,3,4
48326,16,2,3,15,8,3,0,1,0,1,2,36,2,2,0.0,0.0,0.0,0.0,0.0,2.0,16,5,4
123817,16,2,3,17,8,3,0,1,1,1,2,24,2,2,0.0,0.0,0.0,0.0,0.0,2.0,7,4,9
101469,16,2,3,10,15,3,0,1,1,1,2,19,2,2,0.0,0.0,0.0,0.0,0.0,5.0,12,7,7
146186,16,2,3,17,6,3,0,5,0,1,2,18,2,3,2.0,0.0,0.0,1.0,1.0,1.0,15,1,10
154957,16,2,3,10,8,3,0,5,1,1,1,12,2,2,0.0,0.0,0.0,0.0,0.0,2.0,6,2,10
55845,16,11,1,10,8,3,5,1,1,1,2,17,2,2,0.0,0.0,0.0,0.0,0.0,3.0,19,7,4
12650,16,2,3,10,6,3,5,5,1,1,2,19,2,2,0.0,0.0,0.0,0.0,0.0,3.0,14,4,1
26544,16,2,3,10,8,3,0,1,1,1,1,19,2,2,0.0,0.0,0.0,0.0,0.0,2.0,15,7,2
137373,15,2,1,0,6,3,0,1,0,1,2,5,2,3,1.0,0.0,0.0,1.0,0.0,4.0,3,6,9
80378,16,2,1,0,6,3,5,1,0,1,2,36,2,3,1.0,0.0,0.0,1.0,0.0,2.0,22,1,6
116503,16,7,2,10,6,3,0,1,0,1,2,36,2,3,1.0,0.0,0.0,1.0,0.0,1.0,7,4,8
145487,15,2,3,0,6,3,0,1,0,1,2,18,3,3,1.0,0.0,0.0,1.0,0.0,2.0,17,5,10
104717,16,2,1,0,8,3,0,1,0,1,2,37,4,3,6.0,0.0,0.0,6.0,0.0,0.0,21,6,8
44802,16,7,3,17,8,3,6,1,0,1,2,18,2,2,0.0,0.0,0.0,0.0,0.0,2.0,9,4,4
163288,16,2,1,17,6,3,0,1,0,1,2,6,2,3,1.0,0.0,0.0,1.0,0.0,1.0,0,7,11
138417,15,2,3,0,2,3,0,1,0,1,2,18,2,2,0.0,0.0,0.0,0.0,0.0,2.0,19,6,10
46421,15,2,3,0,8,3,0,1,0,1,2,18,2,2,0.0,0.0,0.0,0.0,0.0,2.0,11,4,4
64249,15,2,3,0,6,3,0,5,0,1,2,22,2,2,0.0,0.0,0.0,0.0,0.0,2.0,10,6,5
106985,16,2,1,15,2,3,0,1,1,1,2,36,2,2,0.0,0.0,0.0,0.0,0.0,2.0,23,6,8
152863,16,3,3,15,10,3,0,1,1,1,2,23,2,2,0.0,0.0,0.0,0.0,0.0,2.0,10,6,10
116697,4,2,3,17,8,3,0,1,0,1,2,18,4,3,1.0,0.0,0.0,1.0,0.0,3.0,14,6,8
62031,15,2,1,11,8,3,0,1,1,1,2,21,2,2,0.0,0.0,0.0,0.0,0.0,2.0,20,1,5
158021,16,2,3,9,10,3,0,5,1,1,0,36,2,2,0.0,0.0,0.0,0.0,0.0,3.0,7,5,11
167152,15,2,3,0,8,3,0,1,1,1,2,12,2,2,0.0,0.0,0.0,0.0,0.0,2.0,8,4,11
3367,16,2,1,0,6,3,6,5,0,1,2,6,2,3,1.0,0.0,0.0,1.0,0.0,2.0,20,3,1
96272,15,2,3,17,19,3,0,5,1,1,2,35,2,2,0.0,0.0,0.0,0.0,0.0,3.0,18,6,7
174319,16,2,1,3,2,3,0,1,1,1,2,12,2,2,0.0,0.0,0.0,0.0,0.0,2.0,22,2,12
90319,4,2,3,17,8,3,0,1,1,1,2,18,2,2,0.0,0.0,0.0,0.0,0.0,2.0,15,6,7
41002,4,2,3,0,11,3,0,4,1,1,1,18,2,2,0.0,0.0,0.0,0.0,0.0,2.0,17,4,3
70040,16,2,2,0,6,3,0,1,0,1,2,6,2,3,1.0,0.0,0.0,1.0,0.0,2.0,4,1,5
84066,16,2,3,9,11,3,0,1,0,1,0,12,2,4,1.0,0.0,0.0,0.0,1.0,1.0,15,6,6
161052,15,2,1,0,15,5,0,5,0,1,2,18,2,2,0.0,0.0,0.0,0.0,0.0,2.0,16,3,11
83873,16,2,3,15,8,3,0,1,0,1,2,22,2,4,1.0,0.0,0.0,0.0,1.0,3.0,13,3,6
31602,16,2,3,17,8,3,0,5,0,1,2,18,3,3,1.0,0.0,0.0,1.0,0.0,3.0,15,1,3
179594,4,2,3,10,10,3,0,1,1,1,0,23,2,2,0.0,0.0,0.0,0.0,0.0,2.0,16,6,12
187723,16,2,2,17,6,3,6,5,0,1,2,18,2,2,0.0,0.0,0.0,0.0,0.0,2.0,18,1,12
117268,16,2,3,17,8,3,0,1,0,1,2,36,2,2,0.0,0.0,0.0,0.0,0.0,6.0,13,1,8
1208,16,2,3,0,2,3,0,1,0,1,2,6,2,2,0.0,0.0,0.0,0.0,0.0,2.0,11,6,1
110776,16,2,3,17,6,3,5,1,1,1,2,24,2,2,0.0,0.0,0.0,0.0,0.0,2.0,18,1,8
88046,18,2,3,15,8,3,5,1,1,1,2,36,2,2,0.0,0.0,0.0,0.0,0.0,3.0,14,5,7
41579,16,2,3,17,8,3,0,1,1,1,2,23,2,2,0.0,0.0,0.0,0.0,0.0,2.0,15,3,3
183273,16,11,5,10,8,3,5,5,1,1,0,36,2,2,0.0,0.0,0.0,0.0,0.0,2.0,22,6,12
130211,16,2,1,0,8,3,0,1,1,1,2,28,2,2,0.0,0.0,0.0,0.0,0.0,3.0,21,3,9
140839,15,11,0,0,15,3,5,1,1,1,2,18,2,2,0.0,0.0,0.0,0.0,0.0,2.0,21,5,10
56905,16,2,3,0,8,3,6,5,0,1,2,6,2,4,2.0,0.0,0.0,0.0,2.0,1.0,16,5,5
98507,16,2,3,10,5,3,0,1,0,1,2,17,2,4,1.0,0.0,0.0,0.0,1.0,2.0,13,5,7
101902,16,2,3,10,8,3,0,1,1,1,1,36,2,2,0.0,0.0,0.0,0.0,0.0,3.0,18,7,7
38819,16,2,3,7,6,3,0,1,1,1,2,24,2,2,0.0,0.0,0.0,0.0,0.0,1.0,14,7,3
15535,4,2,3,9,8,3,0,1,0,1,1,38,2,1,1.0,0.0,1.0,0.0,0.0,1.0,8,5,2
108087,16,2,3,17,6,3,0,1,1,1,0,36,2,2,0.0,0.0,0.0,0.0,0.0,2.0,13,3,8
167672,16,2,2,17,1,3,0,1,1,1,2,6,2,2,0.0,0.0,0.0,0.0,0.0,2.0,6,4,11
85044,16,2,1,0,6,3,0,1,1,1,2,36,2,2,0.0,0.0,0.0,0.0,0.0,3.0,22,7,6
24189,16,2,1,10,18,3,6,1,0,1,2,39,2,4,2.0,0.0,0.0,0.0,2.0,1.0,1,7,2
71084,16,2,3,17,8,3,0,5,1,1,2,18,2,2,0.0,0.0,0.0,0.0,0.0,2.0,13,5,5
95284,16,7,3,17,8,3,6,1,1,1,2,6,2,2,0.0,0.0,0.0,0.0,0.0,5.0,10,5,7
187306,4,7,1,10,8,3,6,1,1,1,1,17,2,2,0.0,0.0,0.0,0.0,0.0,2.0,17,3,12
174603,16,2,1,0,6,3,0,1,0,1,2,36,2,3,1.0,0.0,0.0,1.0,0.0,4.0,2,1,12
138900,16,2,3,17,8,1,0,1,1,1,2,36,2,2,0.0,0.0,0.0,0.0,0.0,2.0,8,4,10
5495,15,2,1,0,11,3,0,1,0,1,1,18,2,4,3.0,0.0,0.0,0.0,3.0,1.0,5,6,1
15731,16,2,3,17,5,3,0,1,0,1,2,24,2,3,1.0,0.0,0.0,1.0,0.0,1.0,14,1,2
290,15,2,1,0,6,3,0,1,0,1,2,18,2,1,1.0,0.0,1.0,0.0,0.0,2.0,1,7,1
96188,4,2,3,15,3,3,0,1,1,1,2,23,2,2,0.0,0.0,0.0,0.0,0.0,2.0,18,4,7