crash_date,               traffic_control_device,weather_condition,lighting_condition,first_crash_type,trafficway_type,alignment,roadway_surface_cond,road_defect,crash_type,intersection_related_i,damage,prim_contributory_cause,num_units,most_severe_injury,injuries_total,injuries_fatal,injuries_incapacitating,injuries_non_incapacitating,injuries_reported_not_evident,injuries_no_indication,crash_hour,crash_day_of_week,crash_month
85433,17,7,4,10,8,3,6,5,1,1,1,36,2,2,0.0,0.0,0.0,0.0,0.0,2.0,21,6,6
55392,16,3,3,0,6,3,0,1,0,1,2,36,2,4,2.0,0.0,0.0,0.0,2.0,5.0,17,7,4
71599,16,2,3,9,8,3,0,1,0,1,2,24,2,3,1.0,0.0,0.0,1.0,0.0,1.0,13,4,5
139847,4,2,0,10,6,3,0,5,0,1,2,36,2,3,2.0,0.0,0.0,2.0,0.0,1.0,22,6,10
20767,16,10,2,10,8,3,4,1,1,1,1,39,2,2,0.0,0.0,0.0,0.0,0.0,3.0,6,5,2
63548,16,2,3,17,2,3,0,1,1,1,1,24,2,2,0.0,0.0,0.0,0.0,0.0,2.0,17,4,5
47255,16,2,1,10,8,3,0,1,1,1,2,19,3,2,0.0,0.0,0.0,0.0,0.0,3.0,21,6,4
107009,16,2,1,17,6,3,0,1,0,1,2,18,2,2,0.0,0.0,0.0,0.0,0.0,6.0,3,7,8
125095,15,2,3,0,2,3,0,1,0,1,2,5,2,3,2.0,0.0,0.0,2.0,0.0,2.0,17,2,9
160884,16,3,3,17,8,3,6,1,1,1,2,17,2,2,0.0,0.0,0.0,0.0,0.0,4.0,8,6,11
53799,16,2,3,10,2,3,0,1,0,1,2,22,2,4,1.0,0.0,0.0,0.0,1.0,4.0,7,3,4
49237,16,11,5,10,6,3,5,5,1,1,2,36,2,2,0.0,0.0,0.0,0.0,0.0,2.0,14,7,4
51665,15,2,4,0,2,3,0,1,0,1,2,18,2,2,0.0,0.0,0.0,0.0,0.0,3.0,19,7,4
14953,16,2,3,15,2,3,4,1,1,1,1,18,2,2,0.0,0.0,0.0,0.0,0.0,5.0,12,2,1
87440,16,2,1,14,1,3,0,1,1,1,2,18,2,2,0.0,0.0,0.0,0.0,0.0,5.0,0,1,6
187769,16,10,1,0,8,3,4,1,1,1,2,39,2,2,0.0,0.0,0.0,0.0,0.0,2.0,16,3,12
101356,16,2,3,8,2,3,0,1,0,1,0,6,4,3,1.0,0.0,0.0,1.0,0.0,2.0,8,6,7
91695,16,3,3,15,6,3,0,5,1,1,2,36,2,2,0.0,0.0,0.0,0.0,0.0,2.0,8,5,7
101380,16,2,3,10,8,3,0,1,1,1,1,21,2,2,0.0,0.0,0.0,0.0,0.0,3.0,12,6,7
115099,16,2,3,10,2,3,5,5,1,0,2,12,2,2,0.0,0.0,0.0,0.0,0.0,2.0,11,2,8
176622,4,2,1,2,8,3,0,1,0,1,1,37,2,2,0.0,0.0,0.0,0.0,0.0,2.0,5,1,12
98685,16,2,1,17,6,3,0,1,1,1,2,36,2,2,0.0,0.0,0.0,0.0,0.0,3.0,20,1,7
79024,16,2,3,17,2,3,0,1,0,1,1,6,2,3,1.0,0.0,0.0,1.0,0.0,1.0,14,2,6
43311,16,2,3,0,1,3,0,1,0,1,2,3,2,4,2.0,0.0,0.0,0.0,2.0,1.0,11,4,4
90803,16,3,3,17,8,3,0,1,0,1,2,24,2,2,0.0,0.0,0.0,0.0,0.0,2.0,8,5,7
142040,16,2,1,10,6,3,0,1,1,1,1,36,2,2,0.0,0.0,0.0,0.0,0.0,2.0,23,7,10
58715,16,7,3,17,6,3,6,1,1,1,2,36,2,2,0.0,0.0,0.0,0.0,0.0,3.0,7,5,5
6442,15,2,3,0,6,3,5,5,1,1,2,36,2,2,0.0,0.0,0.0,0.0,0.0,2.0,15,2,1
12581,16,2,0,0,6,3,0,5,0,1,2,36,2,2,0.0,0.0,0.0,0.0,0.0,8.0,18,1,1
144817,16,2,4,17,8,3,0,1,0,1,2,18,3,3,1.0,0.0,0.0,1.0,0.0,2.0,21,1,10
8146,15,2,3,17,2,3,4,1,0,1,2,18,2,2,0.0,0.0,0.0,0.0,0.0,2.0,7,4,1
96341,16,2,1,0,6,3,0,1,0,1,2,6,2,2,0.0,0.0,0.0,0.0,0.0,2.0,3,7,7
81470,16,2,1,2,2,3,0,1,0,1,2,36,1,3,1.0,0.0,0.0,1.0,0.0,0.0,4,1,6
17555,15,10,3,17,6,3,4,1,0,1,2,18,2,3,1.0,0.0,0.0,1.0,0.0,1.0,14,7,2
156891,4,2,0,10,8,3,0,1,1,1,2,19,2,2,0.0,0.0,0.0,0.0,0.0,2.0,2,5,11
10118,16,2,3,10,3,3,0,1,1,1,1,19,2,2,0.0,0.0,0.0,0.0,0.0,2.0,13,2,1
150823,16,2,3,0,8,3,0,1,1,1,2,36,2,2,0.0,0.0,0.0,0.0,0.0,2.0,18,2,10
54947,15,2,3,17,6,3,0,1,1,1,1,24,2,2,0.0,0.0,0.0,0.0,0.0,2.0,13,1,4
56744,16,2,3,0,6,3,0,1,0,1,2,26,2,2,0.0,0.0,0.0,0.0,0.0,2.0,5,1,5
180222,15,2,3,0,8,3,0,1,0,1,2,18,2,2,0.0,0.0,0.0,0.0,0.0,4.0,13,7,12
139210,16,2,3,17,3,3,0,5,0,1,2,36,2,3,2.0,0.0,0.0,1.0,1.0,2.0,15,3,10
160000,16,2,4,10,6,3,0,1,1,1,0,36,2,2,0.0,0.0,0.0,0.0,0.0,2.0,17,2,11
47733,15,2,3,0,2,3,0,1,0,1,2,18,2,2,0.0,0.0,0.0,0.0,0.0,2.0,9,7,4
2247,4,2,3,10,2,3,6,1,1,1,2,36,2,2,0.0,0.0,0.0,0.0,0.0,2.0,13,5,1
57731,16,2,0,0,6,3,0,5,0,1,2,6,2,2,0.0,0.0,0.0,0.0,0.0,3.0,2,4,5
177492,15,2,1,0,8,3,6,5,1,1,2,5,2,2,0.0,0.0,0.0,0.0,0.0,3.0,23,6,12
13823,4,2,3,17,11,3,0,1,0,1,2,36,2,3,6.0,0.0,0.0,6.0,0.0,0.0,10,2,1
166320,4,2,3,7,6,3,0,1,1,1,2,36,2,2,0.0,0.0,0.0,0.0,0.0,1.0,9,7,11
30055,15,2,0,17,8,3,0,1,1,1,2,36,2,2,0.0,0.0,0.0,0.0,0.0,2.0,17,7,3
34036,16,2,3,10,6,3,0,5,1,1,2,19,2,2,0.0,0.0,0.0,0.0,0.0,2.0,9,6,3
116597,4,2,1,15,11,3,0,1,1,0,2,18,2,2,0.0,0.0,0.0,0.0,0.0,2.0,23,5,8
116364,16,2,3,11,8,3,0,1,1,1,1,21,2,2,0.0,0.0,0.0,0.0,0.0,2.0,6,2,8
170586,16,2,3,17,2,3,0,5,0,1,2,18,2,2,0.0,0.0,0.0,0.0,0.0,2.0,7,4,11
89130,4,2,1,15,2,3,0,1,1,0,2,22,2,2,0.0,0.0,0.0,0.0,0.0,3.0,23,7,7
85202,16,2,3,17,2,3,0,1,1,1,2,12,2,2,0.0,0.0,0.0,0.0,0.0,2.0,14,2,6
34860,16,2,3,17,8,3,0,1,0,1,2,22,2,4,1.0,0.0,0.0,0.0,1.0,2.0,14,5,3
88144,15,2,0,0,6,3,0,1,1,1,2,11,2,2,0.0,0.0,0.0,0.0,0.0,2.0,23,6,7
8124,15,2,1,0,8,3,0,1,0,1,2,38,2,2,0.0,0.0,0.0,0.0,0.0,2.0,17,4,1
61178,16,7,3,10,15,3,6,1,1,1,1,19,2,2,0.0,0.0,0.0,0.0,0.0,2.0,15,7,5
155504,16,11,5,17,6,3,5,5,1,1,2,23,2,2,0.0,0.0,0.0,0.0,0.0,2.0,7,2,10
175213,16,2,3,17,8,3,0,1,0,1,2,18,2,3,1.0,0.0,0.0,1.0,0.0,3.0,9,2,12
138107,17,11,5,15,8,3,5,5,1,1,1,23,2,2,0.0,0.0,0.0,0.0,0.0,3.0,17,3,10
80415,16,2,3,17,10,3,0,1,1,1,2,24,2,2,0.0,0.0,0.0,0.0,0.0,2.0,6,6,6
104569,16,2,1,8,2,3,0,1,1,1,0,18,2,2,0.0,0.0,0.0,0.0,0.0,2.0,22,4,8
32514,16,2,1,15,10,3,0,1,1,1,2,36,2,2,0.0,0.0,0.0,0.0,0.0,5.0,19,7,3
50052,16,2,1,0,15,3,0,1,0,1,2,36,2,3,2.0,0.0,0.0,2.0,0.0,2.0,1,1,4
71398,16,2,1,10,2,3,0,1,0,1,2,17,2,3,1.0,0.0,0.0,1.0,0.0,2.0,0,6,5
55677,12,7,3,10,2,3,6,1,1,1,1,36,2,2,0.0,0.0,0.0,0.0,0.0,3.0,8,3,4
177129,16,2,3,8,2,3,0,1,0,1,0,18,2,4,1.0,0.0,0.0,0.0,1.0,1.0,23,5,12
145920,16,2,3,10,8,3,0,1,0,1,2,19,2,4,1.0,0.0,0.0,0.0,1.0,1.0,14,3,10
25294,16,7,1,0,8,3,6,1,0,1,1,6,2,2,0.0,0.0,0.0,0.0,0.0,2.0,4,6,2
58345,6,2,3,17,11,3,0,1,0,1,2,26,2,4,1.0,0.0,0.0,0.0,1.0,1.0,16,6,5
115736,15,2,3,0,6,3,0,1,0,1,2,36,2,2,0.0,0.0,0.0,0.0,0.0,2.0,16,6,8
125343,15,2,3,15,8,3,0,1,1,1,1,36,2,2,0.0,0.0,0.0,0.0,0.0,3.0,15,7,9
54501,15,2,1,0,6,3,0,5,1,1,1,36,2,2,0.0,0.0,0.0,0.0,0.0,5.0,21,7,4
147830,16,2,1,10,8,3,0,1,0,1,1,19,2,2,0.0,0.0,0.0,0.0,0.0,2.0,21,3,10
77916,16,2,4,17,8,3,0,1,0,1,2,24,2,3,2.0,0.0,0.0,2.0,0.0,2.0,18,7,6
115293,16,2,3,17,2,3,0,1,0,1,2,36,3,1,2.0,0.0,1.0,0.0,1.0,2.0,14,7,8
151341,16,2,4,17,8,3,0,1,1,1,1,18,2,2,0.0,0.0,0.0,0.0,0.0,4.0,17,2,10
182440,16,2,4,17,2,3,0,1,0,1,1,18,2,2,0.0,0.0,0.0,0.0,0.0,4.0,4,7,12
65924,16,7,1,17,6,3,6,1,0,1,2,36,2,2,0.0,0.0,0.0,0.0,0.0,2.0,23,6,5
128505,16,7,1,2,2,3,6,1,0,0,2,17,1,1,4.0,0.0,4.0,0.0,0.0,1.0,2,1,9
74057,16,2,3,0,15,3,0,1,1,1,2,6,2,2,0.0,0.0,0.0,0.0,0.0,3.0,10,4,6
58371,16,2,1,17,8,3,0,1,1,1,2,23,2,2,0.0,0.0,0.0,0.0,0.0,2.0,21,6,5
182411,16,2,3,17,6,3,0,1,0,1,2,18,2,3,2.0,0.0,0.0,2.0,0.0,0.0,8,4,12
36962,16,2,3,17,10,3,0,1,1,1,1,18,2,2,0.0,0.0,0.0,0.0,0.0,2.0,12,6,3
98450,16,2,3,10,6,3,0,1,1,1,2,19,3,2,0.0,0.0,0.0,0.0,0.0,3.0,16,4,7
135115,16,2,1,17,8,3,0,5,1,1,2,36,2,2,0.0,0.0,0.0,0.0,0.0,3.0,19,1,9
122962,16,2,3,0,2,3,0,1,1,0,2,21,2,2,0.0,0.0,0.0,0.0,0.0,2.0,11,5,9
166589,16,2,3,10,8,3,0,1,1,1,2,19,2,2,0.0,0.0,0.0,0.0,0.0,2.0,10,3,11
88312,16,2,3,17,8,3,0,1,0,1,2,6,2,2,0.0,0.0,0.0,0.0,0.0,3.0,13,2,7
97283,16,2,3,10,8,3,0,1,0,1,1,13,2,2,0.0,0.0,0.0,0.0,0.0,2.0,10,6,7
29756,15,2,1,17,8,3,0,1,0,1,2,18,2,3,1.0,0.0,0.0,1.0,0.0,1.0,18,4,3
168252,16,7,1,17,8,3,6,5,1,1,1,24,2,2,0.0,0.0,0.0,0.0,0.0,2.0,22,6,11
135579,16,2,3,17,8,3,5,5,1,1,1,23,2,2,0.0,0.0,0.0,0.0,0.0,4.0,19,1,9
11491,16,2,3,17,8,3,0,1,1,1,1,36,2,2,0.0,0.0,0.0,0.0,0.0,7.0,8,4,1
88560,16,2,1,15,3,3,0,1,0,1,0,36,2,4,1.0,0.0,0.0,0.0,1.0,3.0,20,6,7
44890,4,2,3,17,15,3,0,1,1,1,1,36,2,2,0.0,0.0,0.0,0.0,0.0,2.0,19,7,4
61137,15,3,1,0,8,3,5,1,0,1,2,36,2,2,0.0,0.0,0.0,0.0,0.0,4.0,21,6,5
134687,15,3,5,17,11,3,5,5,1,1,2,18,2,2,0.0,0.0,0.0,0.0,0.0,2.0,12,2,9
37714,16,2,1,17,8,3,0,1,1,1,1,36,2,2,0.0,0.0,0.0,0.0,0.0,2.0,19,5,3
85597,16,2,4,10,6,4,0,1,0,1,2,12,2,4,2.0,0.0,0.0,0.0,2.0,1.0,19,1,6
133520,16,2,4,10,8,3,0,2,1,1,2,17,2,2,0.0,0.0,0.0,0.0,0.0,6.0,17,2,9
23034,6,3,3,0,3,3,0,5,0,1,2,5,2,2,0.0,0.0,0.0,0.0,0.0,2.0,8,5,2
57033,4,3,3,0,8,3,6,1,1,1,2,18,2,2,0.0,0.0,0.0,0.0,0.0,3.0,6,5,5
64732,16,2,1,10,8,3,0,1,1,0,2,19,2,2,0.0,0.0,0.0,0.0,0.0,2.0,20,7,5
180241,16,2,3,7,2,3,0,1,1,1,2,36,2,2,0.0,0.0,0.0,0.0,0.0,1.0,15,7,12
116403,16,2,3,0,8,3,0,1,0,1,2,6,2,4,2.0,0.0,0.0,0.0,2.0,1.0,12,2,8
179954,15,2,1,0,6,3,0,1,0,1,2,36,3,2,0.0,0.0,0.0,0.0,0.0,2.0,17,5,12
51337,16,2,4,17,2,3,0,1,1,1,1,9,2,2,0.0,0.0,0.0,0.0,0.0,2.0,18,1,4
76569,4,2,3,10,8,3,0,1,1,1,1,36,2,2,0.0,0.0,0.0,0.0,0.0,2.0,15,7,6
94237,15,2,3,7,10,3,0,1,1,0,1,36,2,2,0.0,0.0,0.0,0.0,0.0,1.0,8,2,7
35837,15,7,2,10,8,3,6,1,1,1,2,19,2,2,0.0,0.0,0.0,0.0,0.0,2.0,7,6,3
33847,16,10,3,10,8,3,4,1,1,1,1,19,2,2,0.0,0.0,0.0,0.0,0.0,2.0,9,2,3
93967,16,2,3,17,3,3,0,1,1,1,1,36,2,2,0.0,0.0,0.0,0.0,0.0,7.0,16,4,7
95291,16,7,1,10,2,3,6,1,1,1,2,36,2,2,0.0,0.0,0.0,0.0,0.0,2.0,23,5,7
87866,15,2,3,0,2,3,0,1,0,1,2,18,2,3,1.0,0.0,0.0,1.0,0.0,1.0,8,1,7
26076,4,10,1,14,3,3,4,1,1,1,1,23,2,2,0.0,0.0,0.0,0.0,0.0,2.0,21,6,2
178709,16,2,1,11,1,3,0,1,1,0,2,36,2,2,0.0,0.0,0.0,0.0,0.0,2.0,22,2,12
134110,16,7,3,2,15,3,6,5,0,1,2,36,1,2,0.0,0.0,0.0,0.0,0.0,1.0,8,3,9
1726,15,2,3,10,2,3,6,1,1,1,1,19,2,2,0.0,0.0,0.0,0.0,0.0,2.0,11,2,1
164368,15,2,4,17,8,3,0,1,1,1,1,36,2,2,0.0,0.0,0.0,0.0,0.0,2.0,16,7,11
41714,16,2,4,0,6,3,0,1,0,1,1,13,2,2,0.0,0.0,0.0,0.0,0.0,2.0,18,5,3
7145,4,3,3,17,2,3,0,1,0,1,2,36,2,2,0.0,0.0,0.0,0.0,0.0,2.0,8,3,1
22116,16,2,3,9,2,3,0,1,0,1,1,18,2,3,1.0,0.0,0.0,1.0,0.0,3.0,14,6,2
23082,15,2,2,0,2,3,0,1,1,1,2,28,2,2,0.0,0.0,0.0,0.0,0.0,2.0,16,1,2
119011,16,2,3,17,2,3,0,1,0,1,2,36,2,4,2.0,0.0,0.0,0.0,2.0,1.0,8,5,8
116352,16,2,3,15,8,3,5,1,1,1,2,23,2,2,0.0,0.0,0.0,0.0,0.0,3.0,16,2,8
1017,15,11,4,10,8,3,5,1,1,1,2,19,2,2,0.0,0.0,0.0,0.0,0.0,2.0,3,4,1
97102,16,2,3,17,11,3,0,1,1,1,2,26,2,2,0.0,0.0,0.0,0.0,0.0,2.0,18,3,7
166851,16,2,1,13,6,3,0,1,0,1,2,6,2,3,3.0,0.0,0.0,3.0,0.0,0.0,0,1,11
2882,4,11,3,7,10,3,5,1,1,1,2,36,2,2,0.0,0.0,0.0,0.0,0.0,1.0,16,2,1
103223,16,2,3,17,6,3,0,1,1,1,2,22,2,2,0.0,0.0,0.0,0.0,0.0,2.0,17,7,7
74454,16,2,3,15,11,3,0,1,1,1,2,23,2,2,0.0,0.0,0.0,0.0,0.0,3.0,18,3,6
165300,16,2,3,10,2,3,0,1,1,1,2,8,2,2,0.0,0.0,0.0,0.0,0.0,2.0,19,4,11
102781,16,2,3,17,11,3,0,1,1,1,1,12,2,2,0.0,0.0,0.0,0.0,0.0,2.0,19,7,7
134520,4,2,1,17,8,3,0,1,1,1,1,26,2,2,0.0,0.0,0.0,0.0,0.0,3.0,23,7,9
91700,16,2,1,0,8,3,0,1,0,1,2,6,2,4,2.0,0.0,0.0,0.0,2.0,2.0,21,5,7
143808,16,11,5,17,6,3,5,5,1,1,1,36,2,2,0.0,0.0,0.0,0.0,0.0,2.0,19,3,10
4495,16,2,1,17,10,3,0,1,1,1,1,24,2,2,0.0,0.0,0.0,0.0,0.0,2.0,16,5,1
37677,16,2,3,8,8,3,5,1,0,1,0,36,2,3,1.0,0.0,0.0,1.0,0.0,1.0,14,5,3
185538,16,2,3,0,6,3,4,6,0,1,2,39,3,3,2.0,0.0,0.0,2.0,0.0,3.0,13,7,12
165742,16,10,3,0,9,3,1,2,0,1,2,39,2,2,0.0,0.0,0.0,0.0,0.0,3.0,8,6,11
121556,16,2,1,17,6,3,0,1,1,1,2,6,2,2,0.0,0.0,0.0,0.0,0.0,5.0,23,7,9
175047,16,11,3,0,8,3,0,1,1,1,1,36,2,2,0.0,0.0,0.0,0.0,0.0,2.0,9,5,12
71828,15,2,3,0,2,3,0,1,1,1,2,18,2,2,0.0,0.0,0.0,0.0,0.0,2.0,15,6,6
118408,4,2,3,17,8,3,0,1,0,1,2,23,2,2,0.0,0.0,0.0,0.0,0.0,2.0,13,4,8
80549,16,7,2,17,3,3,6,1,1,1,1,24,2,2,0.0,0.0,0.0,0.0,0.0,4.0,7,2,6
55149,16,7,2,2,6,3,0,1,0,1,2,12,1,1,3.0,0.0,1.0,1.0,1.0,0.0,17,2,4
120546,15,2,1,0,8,4,0,1,0,1,2,6,2,2,0.0,0.0,0.0,0.0,0.0,2.0,6,6,9
154907,16,7,1,2,2,3,6,1,0,1,2,36,1,2,0.0,0.0,0.0,0.0,0.0,1.0,22,1,10
21775,16,10,3,0,8,4,4,1,0,1,2,36,2,2,0.0,0.0,0.0,0.0,0.0,2.0,13,7,2
168480,16,2,3,0,6,3,0,5,0,1,2,24,2,2,0.0,0.0,0.0,0.0,0.0,2.0,8,4,11
188395,16,2,0,0,6,3,0,1,0,1,2,6,4,2,0.0,0.0,0.0,0.0,0.0,3.0,18,6,12
169646,16,2,1,2,10,4,0,1,0,1,2,14,1,2,0.0,0.0,0.0,0.0,0.0,1.0,4,1,11
81588,15,2,3,0,10,3,0,1,0,1,2,3,2,2,0.0,0.0,0.0,0.0,0.0,2.0,11,3,6
159042,16,2,4,10,10,3,0,6,0,1,1,13,2,4,1.0,0.0,0.0,0.0,1.0,3.0,16,2,11
153609,15,7,3,17,11,3,0,1,1,1,0,36,2,2,0.0,0.0,0.0,0.0,0.0,3.0,11,4,10
64299,4,7,3,15,8,3,6,1,1,1,1,36,2,2,0.0,0.0,0.0,0.0,0.0,3.0,10,1,5
57069,16,3,3,15,8,3,0,1,1,1,2,23,2,2,0.0,0.0,0.0,0.0,0.0,4.0,11,5,5
19517,16,2,1,0,8,3,6,1,0,1,2,6,2,3,1.0,0.0,0.0,1.0,0.0,1.0,22,5,2
53032,4,2,3,17,8,3,0,1,0,1,2,36,3,1,1.0,0.0,1.0,0.0,0.0,3.0,17,4,4
57518,15,2,3,17,8,3,0,5,1,1,2,36,2,2,0.0,0.0,0.0,0.0,0.0,2.0,16,6,5
49236,4,2,3,17,8,3,0,1,0,1,2,38,3,2,0.0,0.0,0.0,0.0,0.0,4.0,14,7,4
34052,16,2,1,15,8,3,0,1,0,1,2,22,2,4,2.0,0.0,0.0,0.0,2.0,2.0,0,6,3
25564,16,2,3,0,8,3,0,1,0,1,2,36,2,2,0.0,0.0,0.0,0.0,0.0,2.0,12,4,2
148359,16,2,3,17,8,3,5,5,1,1,1,24,2,2,0.0,0.0,0.0,0.0,0.0,2.0,8,3,10
34962,4,2,3,17,8,3,0,1,1,1,2,17,2,2,0.0,0.0,0.0,0.0,0.0,3.0,18,6,3
107664,4,2,3,8,8,3,0,1,0,1,1,24,2,3,1.0,0.0,0.0,1.0,0.0,1.0,16,4,8
163224,4,2,3,10,8,3,0,1,0,0,2,26,2,2,0.0,0.0,0.0,0.0,0.0,2.0,13,7,11
66005,4,2,3,0,6,3,0,1,0,1,2,12,2,2,0.0,0.0,0.0,0.0,0.0,3.0,15,2,5
86046,4,2,3,10,10,3,0,1,1,1,1,36,2,2,0.0,0.0,0.0,0.0,0.0,2.0,15,2,6
489,15,2,1,0,6,3,0,1,0,1,2,5,2,3,2.0,0.0,0.0,2.0,0.0,2.0,21,4,1
45499,15,2,1,0,8,3,0,1,1,1,2,18,2,2,0.0,0.0,0.0,0.0,0.0,3.0,21,2,4
130987,16,2,1,17,2,3,0,1,1,1,1,23,2,2,0.0,0.0,0.0,0.0,0.0,2.0,22,1,9
10953,16,2,0,10,6,3,0,1,1,1,2,36,2,2,0.0,0.0,0.0,0.0,0.0,2.0,17,2,1
171390,16,2,3,0,16,3,0,1,0,1,2,36,2,3,1.0,0.0,0.0,1.0,0.0,1.0,7,2,11
70366,15,2,2,0,8,3,0,1,0,1,2,5,2,2,0.0,0.0,0.0,0.0,0.0,3.0,22,6,5
159484,4,2,1,0,2,3,0,1,0,1,2,18,2,3,4.0,0.0,0.0,4.0,0.0,0.0,19,1,11
169331,15,7,3,10,6,3,6,1,1,1,2,17,2,2,0.0,0.0,0.0,0.0,0.0,5.0,13,4,11
147863,16,2,3,10,10,3,0,1,0,1,0,36,2,3,1.0,0.0,0.0,1.0,0.0,1.0,15,4,10
9860,16,2,1,17,6,3,0,1,0,1,2,18,2,2,0.0,0.0,0.0,0.0,0.0,2.0,17,5,1
110360,4,2,3,10,3,3,0,1,0,0,2,36,2,1,2.0,0.0,1.0,1.0,0.0,0.0,12,2,8
183127,15,2,3,0,8,3,0,1,1,1,2,26,2,2,0.0,0.0,0.0,0.0,0.0,2.0,14,5,12
24926,16,2,3,17,1,3,0,1,0,1,2,18,2,2,0.0,0.0,0.0,0.0,0.0,2.0,8,6,2
39037,4,2,1,0,8,3,0,1,0,1,2,15,2,3,1.0,0.0,0.0,1.0,0.0,1.0,0,1,3
178242,16,2,1,17,16,3,2,5,0,1,2,6,2,1,4.0,0.0,3.0,1.0,0.0,0.0,20,4,12
141603,15,2,3,17,11,3,0,1,0,1,2,24,2,4,2.0,0.0,0.0,0.0,2.0,1.0,7,2,10
102131,16,2,3,10,19,3,0,1,1,1,2,36,2,2,0.0,0.0,0.0,0.0,0.0,2.0,11,4,7
102848,16,2,1,10,2,3,0,1,0,1,2,17,2,3,1.0,0.0,0.0,1.0,0.0,3.0,21,2,7
185653,16,2,1,10,2,3,0,1,1,1,2,19,2,2,0.0,0.0,0.0,0.0,0.0,2.0,5,3,12
39432,4,2,3,17,0,3,0,1,1,1,2,18,2,2,0.0,0.0,0.0,0.0,0.0,2.0,7,2,3
9146,16,7,1,15,8,3,6,1,0,1,2,17,2,4,3.0,0.0,0.0,0.0,3.0,1.0,18,5,1
88035,4,2,3,17,8,3,0,1,1,1,1,18,2,2,0.0,0.0,0.0,0.0,0.0,3.0,13,5,7
106707,15,2,3,0,8,3,0,1,1,1,2,18,2,2,0.0,0.0,0.0,0.0,0.0,2.0,13,1,8
49002,4,2,3,10,8,3,0,3,1,1,2,17,2,2,0.0,0.0,0.0,0.0,0.0,2.0,14,7,4
102302,16,2,3,10,6,3,0,1,1,0,2,19,2,2,0.0,0.0,0.0,0.0,0.0,3.0,17,1,7
27834,16,2,0,17,8,3,0,1,1,1,1,36,2,2,0.0,0.0,0.0,0.0,0.0,4.0,19,6,2
56965,16,2,4,10,8,3,0,1,1,1,2,19,2,2,0.0,0.0,0.0,0.0,0.0,3.0,7,3,5
22513,15,2,3,15,8,3,0,1,0,1,2,36,2,4,1.0,0.0,0.0,0.0,1.0,1.0,10,6,2
182065,15,2,0,0,6,3,0,1,0,1,2,5,2,2,0.0,0.0,0.0,0.0,0.0,2.0,17,4,12
90014,16,2,3,17,19,3,0,1,1,1,2,18,2,2,0.0,0.0,0.0,0.0,0.0,2.0,12,6,7
26404,16,2,3,10,8,3,5,5,1,1,2,36,2,2,0.0,0.0,0.0,0.0,0.0,2.0,13,5,2
5218,16,2,1,17,8,3,0,1,0,1,2,18,2,3,1.0,0.0,0.0,1.0,0.0,2.0,21,3,1
11595,16,10,1,0,8,3,6,1,1,1,2,18,2,2,0.0,0.0,0.0,0.0,0.0,2.0,14,6,1
130921,16,2,3,17,2,3,0,1,0,1,2,18,2,3,1.0,0.0,0.0,1.0,0.0,1.0,11,7,9
47971,16,2,3,0,6,3,0,1,0,1,2,6,2,2,0.0,0.0,0.0,0.0,0.0,4.0,13,7,4
49670,16,2,3,17,6,3,0,1,1,1,2,18,2,2,0.0,0.0,0.0,0.0,0.0,2.0,17,1,4
92799,16,2,1,0,6,3,5,5,0,1,2,6,2,2,0.0,0.0,0.0,0.0,0.0,2.0,22,1,7
70270,16,2,3,10,2,3,0,1,1,1,0,19,2,2,0.0,0.0,0.0,0.0,0.0,2.0,15,4,5
85049,16,2,3,17,1,3,0,1,0,1,2,6,2,1,2.0,0.0,1.0,1.0,0.0,4.0,11,7,6
183994,4,2,3,17,2,2,1,1,1,1,1,18,2,2,0.0,0.0,0.0,0.0,0.0,2.0,9,4,12
127301,15,2,3,17,8,3,0,1,1,1,2,5,3,2,0.0,0.0,0.0,0.0,0.0,3.0,7,5,9
146548,15,2,3,9,9,3,0,1,0,1,2,21,3,3,2.0,0.0,0.0,2.0,0.0,2.0,7,4,10
140628,16,2,3,10,8,3,0,1,1,1,1,19,2,2,0.0,0.0,0.0,0.0,0.0,4.0,17,1,10
166737,4,3,3,15,18,3,0,1,1,1,1,22,2,2,0.0,0.0,0.0,0.0,0.0,2.0,15,7,11
72017,16,2,1,0,15,3,0,1,0,1,2,36,2,4,1.0,0.0,0.0,0.0,1.0,6.0,0,2,6
76153,4,2,3,0,8,3,0,1,1,1,2,17,2,2,0.0,0.0,0.0,0.0,0.0,2.0,13,1,6
166219,16,2,3,17,2,3,0,1,0,1,2,9,2,2,0.0,0.0,0.0,0.0,0.0,2.0,15,6,11
3428,4,2,3,17,10,3,0,1,1,1,2,36,2,2,0.0,0.0,0.0,0.0,0.0,3.0,11,1,1
3915,16,2,3,0,8,3,0,2,1,1,1,36,2,2,0.0,0.0,0.0,0.0,0.0,2.0,14,3,1
34971,16,2,3,10,2,3,0,1,0,1,1,19,2,4,1.0,0.0,0.0,0.0,1.0,2.0,7,6,3
142949,16,7,3,0,2,3,6,5,0,1,2,6,3,1,1.0,0.0,1.0,0.0,0.0,3.0,15,5,10
140381,17,11,5,10,15,3,5,5,1,1,2,36,2,2,0.0,0.0,0.0,0.0,0.0,5.0,17,7,10
28241,15,10,3,7,10,3,4,5,1,1,1,5,2,2,0.0,0.0,0.0,0.0,0.0,1.0,14,3,3
115689,15,2,3,8,3,3,0,1,0,1,2,36,2,3,1.0,0.0,0.0,1.0,0.0,1.0,18,5,8
34632,15,2,1,0,6,3,5,1,1,1,2,17,2,2,0.0,0.0,0.0,0.0,0.0,2.0,21,2,3