crash_date,               traffic_control_device,weather_condition,lighting_condition,first_crash_type,trafficway_type,alignment,roadway_surface_cond,road_defect,crash_type,intersection_related_i,damage,prim_contributory_cause,num_units,most_severe_injury,injuries_total,injuries_fatal,injuries_incapacitating,injuries_non_incapacitating,injuries_reported_not_evident,injuries_no_indication,crash_hour,crash_day_of_week,crash_month
13004,15,10,1,10,1,3,4,5,0,1,2,17,2,2,0.0,0.0,0.0,0.0,0.0,3.0,5,1,1
88534,16,2,3,10,2,3,0,1,0,1,1,19,2,2,0.0,0.0,0.0,0.0,0.0,3.0,16,6,7
87752,16,2,3,17,6,3,0,1,0,1,2,18,2,2,0.0,0.0,0.0,0.0,0.0,6.0,18,1,6
119387,16,2,3,17,10,3,0,5,1,1,2,24,2,2,0.0,0.0,0.0,0.0,0.0,2.0,10,5,8
45021,16,2,1,17,8,3,0,1,0,1,2,18,3,3,3.0,0.0,0.0,1.0,2.0,3.0,0,7,4
149704,16,2,1,0,6,3,0,1,0,1,2,37,5,3,2.0,0.0,0.0,1.0,1.0,2.0,22,2,10
16649,16,10,1,2,6,3,4,1,1,1,2,36,1,2,0.0,0.0,0.0,0.0,0.0,1.0,23,5,2
59339,16,2,3,15,6,3,0,1,1,1,1,23,2,2,0.0,0.0,0.0,0.0,0.0,5.0,10,7,5
106291,16,2,3,17,6,3,0,1,0,1,2,6,2,2,0.0,0.0,0.0,0.0,0.0,3.0,16,2,8
145700,16,3,3,15,8,3,0,1,1,1,0,12,2,2,0.0,0.0,0.0,0.0,0.0,2.0,13,2,10
63646,16,2,3,17,2,3,0,1,0,1,2,24,2,2,0.0,0.0,0.0,0.0,0.0,2.0,17,4,5
108578,16,2,3,4,3,3,2,3,0,1,2,32,1,2,0.0,0.0,0.0,0.0,0.0,2.0,10,3,8
148921,16,2,2,17,8,3,0,1,1,1,1,36,2,2,0.0,0.0,0.0,0.0,0.0,4.0,19,4,10
32003,15,2,3,17,8,3,0,1,1,1,1,12,2,2,0.0,0.0,0.0,0.0,0.0,2.0,12,6,3
154024,16,2,3,10,8,3,0,1,1,1,2,36,3,2,0.0,0.0,0.0,0.0,0.0,4.0,13,3,10
177251,15,2,3,0,8,3,0,5,0,1,2,5,2,4,2.0,0.0,0.0,0.0,2.0,2.0,8,2,12
64511,16,2,3,9,6,3,0,1,0,1,2,18,2,3,1.0,0.0,0.0,1.0,0.0,1.0,19,6,5
99305,16,2,3,15,3,3,0,1,1,1,2,26,2,2,0.0,0.0,0.0,0.0,0.0,2.0,8,2,7
67394,16,3,3,15,8,3,0,1,1,1,2,12,2,2,0.0,0.0,0.0,0.0,0.0,3.0,11,1,5
105662,4,3,3,17,8,3,0,1,0,1,2,22,2,2,0.0,0.0,0.0,0.0,0.0,5.0,12,6,8
180830,16,2,1,15,3,3,0,1,1,0,0,36,2,2,0.0,0.0,0.0,0.0,0.0,3.0,2,1,12
64013,15,7,3,0,6,3,6,5,0,1,2,36,3,4,1.0,0.0,0.0,0.0,1.0,1.0,14,5,5
128132,4,2,1,11,10,3,0,1,1,0,2,36,2,2,0.0,0.0,0.0,0.0,0.0,2.0,19,4,9
167818,16,2,3,2,6,3,6,1,0,1,1,26,2,2,0.0,0.0,0.0,0.0,0.0,1.0,13,1,11
188792,15,2,3,0,16,3,1,1,1,1,1,18,2,2,0.0,0.0,0.0,0.0,0.0,2.0,14,5,12
164547,15,11,5,0,8,3,5,5,1,1,1,36,2,2,0.0,0.0,0.0,0.0,0.0,2.0,15,4,11
134409,16,2,1,8,8,3,0,1,0,1,1,26,2,3,1.0,0.0,0.0,1.0,0.0,1.0,19,6,9
100743,16,2,5,10,11,3,0,1,1,1,1,36,2,2,0.0,0.0,0.0,0.0,0.0,2.0,7,3,7
114497,16,2,3,10,8,3,0,1,1,1,1,19,2,2,0.0,0.0,0.0,0.0,0.0,2.0,14,3,8
176015,15,2,1,17,2,3,0,1,1,1,1,12,2,2,0.0,0.0,0.0,0.0,0.0,2.0,5,6,12
169364,4,2,1,7,2,3,6,1,0,0,2,36,3,3,1.0,0.0,0.0,1.0,0.0,1.0,18,4,11
96133,16,2,3,10,8,3,0,1,1,1,1,36,3,2,0.0,0.0,0.0,0.0,0.0,3.0,10,3,7
159886,15,2,1,0,8,3,0,1,1,1,1,36,2,2,0.0,0.0,0.0,0.0,0.0,2.0,18,6,11
25499,16,2,1,10,8,3,0,5,1,1,1,36,2,2,0.0,0.0,0.0,0.0,0.0,2.0,22,3,2
113958,16,2,1,15,8,3,0,1,1,1,1,36,2,2,0.0,0.0,0.0,0.0,0.0,2.0,23,7,8
23343,16,2,3,15,15,3,0,1,1,1,2,36,2,2,0.0,0.0,0.0,0.0,0.0,3.0,9,6,2
80022,15,2,1,10,6,3,6,1,1,1,0,36,2,2,0.0,0.0,0.0,0.0,0.0,2.0,3,1,6
156203,4,2,3,2,3,3,0,5,0,1,2,24,1,2,0.0,0.0,0.0,0.0,0.0,1.0,13,6,11
172082,17,11,1,17,2,3,5,5,1,1,2,36,2,2,0.0,0.0,0.0,0.0,0.0,2.0,0,5,11
24945,16,2,3,15,8,3,0,1,1,1,2,36,2,2,0.0,0.0,0.0,0.0,0.0,2.0,10,6,2
26352,15,10,1,17,2,3,6,1,0,1,1,18,3,2,0.0,0.0,0.0,0.0,0.0,3.0,18,3,2
85775,4,2,1,10,2,3,0,1,0,1,2,19,2,2,0.0,0.0,0.0,0.0,0.0,4.0,22,3,6
144377,16,2,3,17,6,3,6,1,1,1,2,18,2,2,0.0,0.0,0.0,0.0,0.0,2.0,15,4,10
129830,15,2,3,17,6,3,0,1,0,1,2,5,2,3,1.0,0.0,0.0,1.0,0.0,1.0,8,6,9
138297,4,7,1,7,8,3,6,1,0,1,2,39,3,2,0.0,0.0,0.0,0.0,0.0,1.0,0,3,10
165830,8,7,4,2,8,3,6,1,1,0,0,39,1,2,0.0,0.0,0.0,0.0,0.0,1.0,13,2,11
68158,16,2,3,8,8,3,0,1,0,1,0,18,2,4,1.0,0.0,0.0,0.0,1.0,1.0,13,6,5
72594,15,2,3,0,6,3,0,1,0,1,2,18,2,4,1.0,0.0,0.0,0.0,1.0,1.0,11,4,6
123446,16,2,3,0,8,3,0,5,1,1,1,36,2,2,0.0,0.0,0.0,0.0,0.0,2.0,17,6,9
140809,16,7,1,10,2,3,6,5,1,1,0,36,4,2,0.0,0.0,0.0,0.0,0.0,4.0,17,5,10
150922,16,2,1,17,6,3,0,1,1,1,2,24,2,2,0.0,0.0,0.0,0.0,0.0,3.0,23,4,10
93986,16,3,3,10,11,3,0,1,1,1,2,17,2,2,0.0,0.0,0.0,0.0,0.0,3.0,15,5,7
108392,16,2,1,0,6,3,0,1,1,1,2,18,2,2,0.0,0.0,0.0,0.0,0.0,2.0,22,6,8
115628,16,2,3,17,10,3,0,1,0,1,2,24,2,2,0.0,0.0,0.0,0.0,0.0,4.0,8,4,8
160255,15,2,3,17,8,3,0,1,1,1,0,12,2,2,0.0,0.0,0.0,0.0,0.0,4.0,11,2,11
182482,16,2,3,10,8,3,0,1,1,1,2,19,2,2,0.0,0.0,0.0,0.0,0.0,2.0,12,2,12
92517,16,2,3,10,3,3,0,1,0,1,2,9,2,2,0.0,0.0,0.0,0.0,0.0,2.0,11,3,7
176999,15,2,1,3,8,3,0,1,0,1,2,37,2,3,1.0,0.0,0.0,1.0,0.0,4.0,18,7,12
121423,15,2,3,5,18,3,0,1,1,1,2,36,1,2,0.0,0.0,0.0,0.0,0.0,1.0,12,5,9
85509,16,2,3,17,8,3,6,5,0,1,2,36,2,2,0.0,0.0,0.0,0.0,0.0,2.0,18,7,6
139221,16,2,3,17,8,3,0,1,0,1,2,6,2,3,3.0,0.0,0.0,3.0,0.0,0.0,16,3,10
35881,15,2,1,10,10,3,0,1,0,1,2,19,2,2,0.0,0.0,0.0,0.0,0.0,3.0,18,7,3
151988,16,2,3,17,16,3,0,1,0,1,2,23,2,4,2.0,0.0,0.0,0.0,2.0,3.0,16,4,10
21664,16,2,1,10,8,3,6,1,1,1,0,19,2,2,0.0,0.0,0.0,0.0,0.0,3.0,18,5,2
47914,16,2,3,10,8,3,0,5,1,1,1,19,2,2,0.0,0.0,0.0,0.0,0.0,2.0,15,5,4
12468,16,2,3,10,2,3,0,1,1,1,2,36,2,2,0.0,0.0,0.0,0.0,0.0,4.0,13,7,1
14842,15,10,0,0,8,3,6,1,0,1,2,5,4,3,2.0,0.0,0.0,2.0,0.0,2.0,23,6,1
2472,16,2,1,17,8,3,0,1,1,1,2,24,2,2,0.0,0.0,0.0,0.0,0.0,2.0,20,7,1
10274,15,2,3,0,8,3,0,5,1,1,2,36,2,2,0.0,0.0,0.0,0.0,0.0,2.0,15,5,1
105849,16,2,4,10,2,3,0,1,1,1,2,36,2,2,0.0,0.0,0.0,0.0,0.0,3.0,20,3,8
71079,4,2,3,7,10,3,0,1,1,0,2,36,2,2,0.0,0.0,0.0,0.0,0.0,1.0,12,3,5
161658,16,7,3,17,6,3,6,1,0,1,2,18,2,4,2.0,0.0,0.0,0.0,2.0,1.0,12,5,11
14826,16,2,1,17,3,3,0,1,0,1,2,24,2,3,1.0,0.0,0.0,1.0,0.0,3.0,21,6,1
42388,16,2,3,10,2,3,0,1,0,1,2,17,2,4,2.0,0.0,0.0,0.0,2.0,1.0,7,2,4
14022,15,2,3,10,6,3,0,1,1,1,2,19,2,2,0.0,0.0,0.0,0.0,0.0,2.0,15,7,1
187259,16,2,1,0,6,3,5,1,1,1,1,17,2,2,0.0,0.0,0.0,0.0,0.0,2.0,19,2,12
106280,16,2,3,10,8,3,0,1,0,1,2,36,3,3,6.0,0.0,0.0,6.0,0.0,0.0,14,2,8
173641,16,7,3,0,6,3,6,1,0,1,2,13,2,3,2.0,0.0,0.0,2.0,0.0,3.0,9,1,12
108863,15,2,1,0,8,3,0,1,0,1,2,5,2,3,2.0,0.0,0.0,2.0,0.0,2.0,1,7,8
147411,16,2,3,17,8,3,0,1,1,1,1,36,2,2,0.0,0.0,0.0,0.0,0.0,2.0,9,5,10
123373,16,7,1,10,2,3,6,1,1,1,2,19,2,2,0.0,0.0,0.0,0.0,0.0,2.0,4,5,9
57550,16,2,1,17,2,3,0,1,0,1,1,6,2,1,2.0,0.0,1.0,0.0,1.0,6.0,21,6,5
65161,16,2,4,17,8,3,0,1,0,1,2,22,2,4,2.0,0.0,0.0,0.0,2.0,1.0,19,7,5
139939,16,2,3,17,10,3,0,1,0,1,2,24,2,2,0.0,0.0,0.0,0.0,0.0,2.0,9,5,10
53773,15,2,3,0,8,3,0,1,0,1,2,18,2,4,1.0,0.0,0.0,0.0,1.0,2.0,15,3,4
66923,16,2,1,15,15,3,0,1,1,1,2,36,2,2,0.0,0.0,0.0,0.0,0.0,2.0,3,2,5
15218,15,2,3,0,2,3,4,5,1,1,1,39,2,2,0.0,0.0,0.0,0.0,0.0,2.0,9,6,2
34941,15,2,3,0,11,3,0,1,0,1,2,18,2,4,1.0,0.0,0.0,0.0,1.0,7.0,15,6,3
65137,16,7,1,0,8,3,6,1,1,1,2,17,2,2,0.0,0.0,0.0,0.0,0.0,3.0,1,7,5
100479,16,2,3,17,15,3,0,1,1,1,2,36,2,2,0.0,0.0,0.0,0.0,0.0,2.0,14,1,7
173102,15,2,3,17,15,3,0,1,0,1,2,36,2,2,0.0,0.0,0.0,0.0,0.0,3.0,12,6,12
7564,15,2,1,17,8,3,0,1,0,1,2,5,2,3,1.0,0.0,0.0,1.0,0.0,3.0,18,7,1
64497,16,2,3,17,2,3,0,1,1,1,0,18,2,2,0.0,0.0,0.0,0.0,0.0,2.0,16,6,5
159110,4,11,5,17,0,3,5,5,1,1,1,36,2,2,0.0,0.0,0.0,0.0,0.0,2.0,15,4,11
171908,16,2,1,17,19,3,0,1,1,1,2,18,2,2,0.0,0.0,0.0,0.0,0.0,4.0,18,3,11
135809,15,3,1,15,6,3,6,1,1,1,2,23,2,2,0.0,0.0,0.0,0.0,0.0,2.0,17,6,9
75230,16,7,3,17,6,3,6,1,0,1,2,36,2,2,0.0,0.0,0.0,0.0,0.0,2.0,13,2,6
160309,16,2,1,10,8,3,0,1,0,1,2,17,4,3,1.0,0.0,0.0,1.0,0.0,5.0,18,5,11
110461,16,2,3,17,2,3,0,1,1,1,1,18,2,2,0.0,0.0,0.0,0.0,0.0,2.0,9,2,8
19096,16,7,4,0,6,3,6,1,0,1,2,6,2,2,0.0,0.0,0.0,0.0,0.0,4.0,16,5,2
17010,16,3,3,17,6,3,0,1,0,1,2,36,2,3,2.0,0.0,0.0,2.0,0.0,0.0,14,4,2
118823,4,7,3,10,3,3,6,1,1,1,0,19,2,2,0.0,0.0,0.0,0.0,0.0,2.0,16,2,8
174315,16,2,3,17,10,3,6,1,1,1,2,36,2,2,0.0,0.0,0.0,0.0,0.0,2.0,8,2,12
123437,17,2,3,17,8,3,0,5,1,1,2,36,2,2,0.0,0.0,0.0,0.0,0.0,2.0,15,6,9
58578,16,7,3,17,6,3,6,1,0,1,0,39,2,4,2.0,0.0,0.0,0.0,2.0,3.0,14,2,5
174278,16,2,3,17,6,3,0,1,1,1,2,18,2,2,0.0,0.0,0.0,0.0,0.0,2.0,12,4,12
49769,4,3,3,10,2,3,0,1,0,1,2,19,2,2,0.0,0.0,0.0,0.0,0.0,2.0,14,4,4
57238,16,2,3,17,2,3,6,1,1,1,1,18,2,2,0.0,0.0,0.0,0.0,0.0,2.0,9,2,5
187921,16,2,3,17,8,3,0,1,1,1,2,19,2,2,0.0,0.0,0.0,0.0,0.0,3.0,12,5,12
137753,15,2,3,0,2,3,0,1,0,1,1,18,2,3,2.0,0.0,0.0,2.0,0.0,1.0,15,3,10
150627,16,7,1,17,6,3,6,1,0,1,2,24,2,2,0.0,0.0,0.0,0.0,0.0,4.0,9,6,10
79290,15,2,3,17,6,3,0,1,1,1,2,24,2,2,0.0,0.0,0.0,0.0,0.0,6.0,9,6,6
36200,16,2,1,0,6,3,0,5,0,1,2,6,2,4,2.0,0.0,0.0,0.0,2.0,1.0,3,1,3
135100,15,2,4,17,10,3,0,1,1,1,2,18,2,2,0.0,0.0,0.0,0.0,0.0,2.0,5,1,9
24943,16,2,3,15,2,3,0,1,1,1,2,23,2,2,0.0,0.0,0.0,0.0,0.0,2.0,10,6,2
148154,16,3,3,3,3,3,0,1,1,1,1,18,2,2,0.0,0.0,0.0,0.0,0.0,2.0,8,6,10
184016,4,2,3,17,8,3,0,1,0,1,2,36,2,2,0.0,0.0,0.0,0.0,0.0,3.0,14,5,12
171960,16,2,3,0,8,3,0,1,0,1,2,6,2,1,1.0,0.0,1.0,0.0,0.0,2.0,14,4,11
26762,4,2,1,0,2,3,0,1,0,0,2,36,2,2,0.0,0.0,0.0,0.0,0.0,2.0,20,2,2
134556,16,7,1,10,2,4,6,1,1,1,1,13,2,2,0.0,0.0,0.0,0.0,0.0,3.0,2,1,9
184773,16,2,1,17,3,3,0,1,1,1,0,23,2,2,0.0,0.0,0.0,0.0,0.0,4.0,20,7,12
6627,16,2,1,15,8,3,0,5,1,0,1,18,2,2,0.0,0.0,0.0,0.0,0.0,2.0,21,2,1
43071,15,2,3,10,2,3,0,5,1,1,0,19,2,2,0.0,0.0,0.0,0.0,0.0,2.0,12,1,4
143586,16,3,1,9,6,3,6,1,0,1,2,36,2,3,1.0,0.0,0.0,1.0,0.0,3.0,18,6,10
15837,16,10,3,0,6,3,4,1,0,1,2,39,3,2,0.0,0.0,0.0,0.0,0.0,4.0,8,4,2
9863,4,2,1,9,2,3,0,1,0,1,2,18,2,0,1.0,1.0,0.0,0.0,0.0,1.0,18,5,1
101285,4,2,3,17,8,3,0,1,1,1,2,18,2,2,0.0,0.0,0.0,0.0,0.0,3.0,18,5,7
142110,16,2,3,17,8,3,0,1,1,1,2,24,2,2,0.0,0.0,0.0,0.0,0.0,3.0,14,3,10
88083,15,2,0,9,8,3,0,1,0,0,2,36,2,4,1.0,0.0,0.0,0.0,1.0,1.0,21,5,7
28531,16,2,3,10,2,3,0,1,1,1,1,36,2,2,0.0,0.0,0.0,0.0,0.0,2.0,13,3,3
12523,16,10,1,17,3,3,4,1,1,1,0,23,2,2,0.0,0.0,0.0,0.0,0.0,2.0,21,7,1
108468,16,2,3,10,3,3,0,1,1,1,1,19,2,2,0.0,0.0,0.0,0.0,0.0,2.0,13,2,8
70644,16,2,3,15,6,3,0,1,1,1,0,22,2,2,0.0,0.0,0.0,0.0,0.0,2.0,12,4,5
61251,16,2,3,15,3,3,0,1,0,1,2,36,2,3,1.0,0.0,0.0,1.0,0.0,1.0,16,2,5
63913,16,2,3,10,6,3,0,1,0,1,2,28,2,3,2.0,0.0,0.0,1.0,1.0,0.0,8,2,5
54344,16,11,5,10,6,3,5,5,1,1,2,36,2,2,0.0,0.0,0.0,0.0,0.0,2.0,18,4,4
9191,4,2,1,10,2,3,0,1,1,1,2,19,2,2,0.0,0.0,0.0,0.0,0.0,2.0,17,6,1
114034,16,7,3,17,3,3,6,1,1,0,2,18,2,2,0.0,0.0,0.0,0.0,0.0,2.0,9,7,8
171662,16,2,3,0,8,3,5,5,1,1,2,18,2,2,0.0,0.0,0.0,0.0,0.0,3.0,11,5,11
38161,16,2,1,15,3,3,0,1,1,1,1,18,2,2,0.0,0.0,0.0,0.0,0.0,4.0,22,6,3
178415,16,2,3,9,2,3,0,1,0,1,0,18,2,4,1.0,0.0,0.0,0.0,1.0,1.0,8,4,12
114880,15,2,3,1,6,3,0,5,1,1,0,26,1,2,0.0,0.0,0.0,0.0,0.0,1.0,19,7,8
152944,4,2,3,17,15,3,0,5,1,1,1,18,2,2,0.0,0.0,0.0,0.0,0.0,2.0,13,1,10
182673,16,2,1,0,8,3,0,1,1,1,2,19,2,2,0.0,0.0,0.0,0.0,0.0,2.0,19,5,12
41330,15,2,3,0,18,3,5,5,0,1,2,18,2,2,0.0,0.0,0.0,0.0,0.0,2.0,17,6,3
89056,16,2,0,0,2,3,0,1,0,1,2,6,2,4,3.0,0.0,0.0,0.0,3.0,0.0,23,6,7
167370,16,2,1,17,6,3,0,1,0,1,2,36,2,4,1.0,0.0,0.0,0.0,1.0,1.0,1,2,11
60374,16,2,3,15,8,3,0,1,1,1,1,23,2,2,0.0,0.0,0.0,0.0,0.0,2.0,10,2,5
99529,15,11,3,7,6,3,5,5,1,1,2,36,2,2,0.0,0.0,0.0,0.0,0.0,1.0,14,7,7
149896,15,2,1,9,10,3,0,1,0,1,0,36,2,4,1.0,0.0,0.0,0.0,1.0,1.0,23,2,10
34836,15,2,3,10,10,3,1,1,1,1,2,16,2,2,0.0,0.0,0.0,0.0,0.0,2.0,7,4,3
6733,4,2,3,7,2,3,0,1,0,1,2,28,5,2,0.0,0.0,0.0,0.0,0.0,1.0,15,5,1
1536,15,2,3,0,8,3,0,1,1,1,2,18,2,2,0.0,0.0,0.0,0.0,0.0,2.0,9,5,1
154848,16,2,3,0,5,3,0,1,1,1,1,36,2,2,0.0,0.0,0.0,0.0,0.0,2.0,13,1,10
119624,4,2,1,3,2,3,0,1,0,1,2,36,2,1,1.0,0.0,1.0,0.0,0.0,1.0,20,1,8
173804,16,2,3,0,2,3,0,1,0,1,2,6,2,3,1.0,0.0,0.0,1.0,0.0,2.0,7,2,12
12252,16,10,3,0,6,3,4,5,0,1,2,36,3,3,1.0,0.0,0.0,1.0,0.0,2.0,15,4,1
141069,16,7,4,9,1,3,6,1,0,1,0,18,2,3,1.0,0.0,0.0,1.0,0.0,1.0,16,7,10
156180,15,2,3,0,2,3,6,1,0,1,2,5,2,2,0.0,0.0,0.0,0.0,0.0,2.0,9,4,11
106239,4,2,3,10,3,3,0,1,1,1,0,36,2,2,0.0,0.0,0.0,0.0,0.0,3.0,16,1,8
115434,15,2,3,17,2,3,0,1,0,1,2,36,2,1,1.0,0.0,1.0,0.0,0.0,2.0,17,2,8
34296,16,2,3,0,6,3,0,1,0,1,2,3,2,2,0.0,0.0,0.0,0.0,0.0,3.0,11,4,3
31686,15,2,3,0,6,3,0,1,1,1,2,36,2,2,0.0,0.0,0.0,0.0,0.0,2.0,14,3,3
45444,16,2,3,17,8,3,0,1,1,1,2,24,2,2,0.0,0.0,0.0,0.0,0.0,2.0,14,2,4
155580,16,10,3,10,15,3,5,1,1,1,1,19,2,2,0.0,0.0,0.0,0.0,0.0,2.0,8,3,10
111060,15,2,3,0,1,3,0,1,1,1,1,26,2,2,0.0,0.0,0.0,0.0,0.0,2.0,11,4,8
72686,16,2,3,17,6,3,0,1,0,1,0,24,2,4,1.0,0.0,0.0,0.0,1.0,2.0,15,6,6
126995,4,3,3,17,8,3,0,1,0,1,2,23,2,2,0.0,0.0,0.0,0.0,0.0,2.0,7,2,9
182142,16,7,2,9,8,3,0,1,0,1,2,32,2,3,1.0,0.0,0.0,1.0,0.0,1.0,7,6,12
113290,16,2,3,0,6,3,0,1,0,1,0,36,2,4,1.0,0.0,0.0,0.0,1.0,2.0,15,4,8
112530,4,7,1,3,8,3,6,1,0,0,2,23,2,3,1.0,0.0,0.0,1.0,0.0,1.0,1,6,8
88097,15,2,1,0,9,3,0,1,0,1,2,11,2,2,0.0,0.0,0.0,0.0,0.0,5.0,1,6,7
109376,16,2,1,0,8,3,0,5,1,1,2,6,2,2,0.0,0.0,0.0,0.0,0.0,2.0,0,7,8
69939,16,7,3,0,6,3,6,1,0,1,2,6,3,3,1.0,0.0,0.0,1.0,0.0,4.0,11,6,5
112647,16,2,3,17,6,3,0,1,1,1,2,18,2,2,0.0,0.0,0.0,0.0,0.0,6.0,8,7,8
80158,4,2,1,17,10,3,0,1,1,1,2,21,2,2,0.0,0.0,0.0,0.0,0.0,2.0,21,4,6
69505,17,2,4,10,15,3,5,5,1,0,2,26,2,2,0.0,0.0,0.0,0.0,0.0,3.0,19,6,5
143553,4,7,3,17,10,3,6,1,1,1,1,3,2,2,0.0,0.0,0.0,0.0,0.0,2.0,16,6,10
175113,16,2,1,10,6,3,0,1,1,1,1,19,2,2,0.0,0.0,0.0,0.0,0.0,2.0,22,6,12
95943,18,2,3,7,8,3,0,1,1,1,2,24,2,2,0.0,0.0,0.0,0.0,0.0,1.0,14,3,7
94895,16,2,2,17,6,3,0,1,1,1,2,24,2,2,0.0,0.0,0.0,0.0,0.0,2.0,5,6,7
99249,16,2,3,10,3,3,0,1,0,1,2,15,2,2,0.0,0.0,0.0,0.0,0.0,2.0,18,1,7
22439,16,10,1,0,6,3,4,5,0,1,2,6,2,2,0.0,0.0,0.0,0.0,0.0,3.0,20,5,2
157246,16,2,3,17,6,3,0,1,0,1,1,18,2,2,0.0,0.0,0.0,0.0,0.0,2.0,9,5,11
121540,16,2,3,15,2,3,0,1,1,1,1,18,2,2,0.0,0.0,0.0,0.0,0.0,2.0,9,7,9
174845,16,2,4,17,6,3,0,5,1,1,2,24,2,2,0.0,0.0,0.0,0.0,0.0,2.0,18,5,12
63489,16,2,3,17,8,3,0,1,0,1,2,35,3,2,0.0,0.0,0.0,0.0,0.0,6.0,18,2,5
90165,4,2,3,0,6,3,0,1,0,1,2,36,2,3,1.0,0.0,0.0,1.0,0.0,3.0,14,3,7
101310,16,2,1,3,8,3,0,1,0,1,2,37,2,4,1.0,0.0,0.0,0.0,1.0,1.0,1,6,7
129630,16,2,3,15,2,3,0,1,1,0,2,12,2,2,0.0,0.0,0.0,0.0,0.0,3.0,9,2,9
113360,16,2,3,15,8,3,0,1,1,1,2,36,2,2,0.0,0.0,0.0,0.0,0.0,2.0,6,5,8
62341,16,2,3,10,8,3,5,5,1,1,1,36,2,2,0.0,0.0,0.0,0.0,0.0,2.0,11,5,5
117488,16,2,3,17,3,3,0,1,0,1,2,24,2,3,1.0,0.0,0.0,1.0,0.0,1.0,8,5,8
77726,16,2,3,17,8,4,0,1,1,1,2,24,2,2,0.0,0.0,0.0,0.0,0.0,2.0,12,3,6
79248,16,2,3,17,15,3,0,1,0,1,2,18,2,3,2.0,0.0,0.0,2.0,0.0,0.0,16,6,6
47580,4,2,3,17,2,3,0,5,1,1,2,36,2,2,0.0,0.0,0.0,0.0,0.0,2.0,12,6,4
162372,15,2,3,17,6,3,0,1,0,1,2,24,2,2,0.0,0.0,0.0,0.0,0.0,5.0,15,3,11
72053,4,2,3,15,2,3,0,1,1,0,2,23,2,2,0.0,0.0,0.0,0.0,0.0,2.0,17,3,6
90547,16,2,3,15,10,3,0,1,1,1,2,36,2,2,0.0,0.0,0.0,0.0,0.0,5.0,9,7,7
76593,16,2,1,0,2,3,0,1,1,1,2,36,2,2,0.0,0.0,0.0,0.0,0.0,2.0,21,7,6
157147,16,2,2,10,2,3,0,1,0,1,2,19,3,2,0.0,0.0,0.0,0.0,0.0,4.0,17,4,11
111669,15,2,1,17,9,3,0,1,1,1,0,18,2,2,0.0,0.0,0.0,0.0,0.0,2.0,23,7,8
146542,16,2,1,8,6,3,0,1,0,1,0,24,2,4,1.0,0.0,0.0,0.0,1.0,1.0,18,4,10
55972,16,2,3,17,6,3,0,1,0,1,2,28,3,2,0.0,0.0,0.0,0.0,0.0,5.0,17,3,4
120067,16,2,3,10,8,3,0,1,1,1,1,19,2,2,0.0,0.0,0.0,0.0,0.0,2.0,9,6,8
22182,16,2,3,17,3,3,4,1,1,1,0,19,2,2,0.0,0.0,0.0,0.0,0.0,2.0,12,6,2
134830,15,2,3,17,8,3,0,1,0,1,2,18,2,2,0.0,0.0,0.0,0.0,0.0,2.0,7,3,9
186064,16,2,3,0,2,3,0,1,1,1,2,36,2,2,0.0,0.0,0.0,0.0,0.0,2.0,13,3,12
122988,4,2,3,15,8,3,0,1,1,1,1,22,2,2,0.0,0.0,0.0,0.0,0.0,2.0,3,7,9
147141,9,2,1,0,15,3,0,1,0,1,2,3,2,3,3.0,0.0,0.0,1.0,2.0,3.0,19,7,10
116210,16,2,3,10,3,3,0,1,1,1,2,19,2,2,0.0,0.0,0.0,0.0,0.0,2.0,14,6,8
126947,15,2,3,0,18,3,0,1,0,1,1,18,2,2,0.0,0.0,0.0,0.0,0.0,2.0,12,1,9
175980,16,2,3,10,8,3,0,1,1,1,1,19,2,2,0.0,0.0,0.0,0.0,0.0,2.0,7,5,12
104111,16,2,3,10,6,3,0,1,1,1,2,19,2,2,0.0,0.0,0.0,0.0,0.0,5.0,17,5,8
47887,16,7,3,10,2,3,6,1,1,1,1,19,2,2,0.0,0.0,0.0,0.0,0.0,3.0,10,4,4
87550,16,2,1,15,6,3,5,1,1,1,1,36,2,2,0.0,0.0,0.0,0.0,0.0,3.0,20,4,6
85932,16,2,3,17,6,3,0,1,0,1,2,36,3,3,2.0,0.0,0.0,2.0,0.0,2.0,18,7,6
158388,15,2,1,9,15,3,0,5,0,1,0,36,2,3,1.0,0.0,0.0,1.0,0.0,1.0,23,6,11
65310,4,2,1,14,6,3,0,1,0,1,2,17,2,1,1.0,0.0,1.0,0.0,0.0,1.0,3,4,5
168839,16,7,2,10,2,3,6,1,1,1,1,19,2,2,0.0,0.0,0.0,0.0,0.0,2.0,17,3,11
186421,15,7,1,0,11,3,6,5,0,1,2,36,2,4,1.0,0.0,0.0,0.0,1.0,3.0,18,5,12
40144,16,7,3,10,2,3,6,1,1,1,2,19,2,2,0.0,0.0,0.0,0.0,0.0,2.0,12,3,3
15362,15,7,0,2,8,3,6,2,0,1,2,39,2,3,2.0,0.0,0.0,2.0,0.0,3.0,15,3,2
95881,15,2,3,0,2,3,0,1,0,1,2,36,2,3,3.0,0.0,0.0,3.0,0.0,3.0,11,7,7
145329,4,2,3,0,10,3,0,1,0,1,2,18,4,3,3.0,0.0,0.0,3.0,0.0,1.0,11,1,10
59866,16,2,1,10,8,3,0,1,0,1,2,19,2,2,0.0,0.0,0.0,0.0,0.0,2.0,4,2,5