crash_date,               traffic_control_device,weather_condition,lighting_condition,first_crash_type,trafficway_type,alignment,roadway_surface_cond,road_defect,crash_type,intersection_related_i,damage,prim_contributory_cause,num_units,most_severe_injury,injuries_total,injuries_fatal,injuries_incapacitating,injuries_non_incapacitating,injuries_reported_not_evident,injuries_no_indication,crash_hour,crash_day_of_week,crash_month
51295,15,7,5,7,10,3,0,5,1,1,1,36,2,2,0.0,0.0,0.0,0.0,0.0,1.0,23,7,4
184258,16,2,3,15,8,3,0,1,1,1,2,23,2,2,0.0,0.0,0.0,0.0,0.0,2.0,11,6,12
75756,15,2,3,7,8,3,0,5,0,0,2,24,2,2,0.0,0.0,0.0,0.0,0.0,1.0,14,3,6
182508,4,2,2,10,2,3,0,1,1,1,1,19,2,2,0.0,0.0,0.0,0.0,0.0,2.0,17,3,12
99662,4,2,3,17,8,3,0,1,1,1,2,36,2,2,0.0,0.0,0.0,0.0,0.0,2.0,15,3,7
29730,4,2,3,17,6,3,0,1,0,1,2,19,4,4,2.0,0.0,0.0,0.0,2.0,0.0,14,4,3
180149,4,2,0,6,8,3,0,1,1,1,2,36,2,2,0.0,0.0,0.0,0.0,0.0,1.0,3,6,12
104654,15,2,3,13,8,3,0,1,0,1,2,5,2,2,0.0,0.0,0.0,0.0,0.0,2.0,13,6,8
117107,16,2,3,17,6,3,0,1,0,1,2,36,2,2,0.0,0.0,0.0,0.0,0.0,2.0,7,6,8
145480,4,11,5,17,8,3,2,5,1,1,2,36,2,2,0.0,0.0,0.0,0.0,0.0,2.0,15,5,10
163042,16,3,3,10,8,3,0,1,1,1,2,19,2,2,0.0,0.0,0.0,0.0,0.0,2.0,14,3,11
53020,4,2,3,17,2,3,0,1,1,1,2,23,2,2,0.0,0.0,0.0,0.0,0.0,2.0,15,4,4
173873,16,2,3,17,8,3,0,1,0,1,2,17,2,3,1.0,0.0,0.0,1.0,0.0,1.0,8,3,12
133708,16,2,1,17,1,3,0,1,0,1,2,18,2,3,1.0,0.0,0.0,1.0,0.0,1.0,23,2,9
120888,4,2,3,10,10,3,0,1,1,1,2,19,2,2,0.0,0.0,0.0,0.0,0.0,2.0,7,5,9
170374,16,2,1,17,8,3,0,5,1,1,1,24,2,2,0.0,0.0,0.0,0.0,0.0,5.0,23,6,11
63838,16,2,3,0,8,3,0,5,1,1,0,12,2,2,0.0,0.0,0.0,0.0,0.0,2.0,13,1,5
80120,16,2,1,0,6,3,0,1,0,1,2,6,2,2,0.0,0.0,0.0,0.0,0.0,3.0,3,4,6
7122,16,2,0,0,8,3,6,5,0,1,2,18,3,2,0.0,0.0,0.0,0.0,0.0,4.0,17,3,1
81504,16,2,3,10,2,3,0,1,1,1,0,19,2,2,0.0,0.0,0.0,0.0,0.0,2.0,17,2,6
85032,16,2,1,17,8,3,0,1,0,1,2,24,2,3,3.0,0.0,0.0,3.0,0.0,1.0,20,7,6
173597,16,2,1,0,8,3,6,1,0,1,2,36,5,2,0.0,0.0,0.0,0.0,0.0,2.0,0,7,12
16811,16,2,3,0,18,3,0,5,0,1,2,18,2,2,0.0,0.0,0.0,0.0,0.0,2.0,7,1,2
63474,16,2,3,17,6,3,0,5,1,1,2,36,2,2,0.0,0.0,0.0,0.0,0.0,4.0,15,2,5
93727,16,2,3,9,15,3,0,1,0,1,2,36,2,3,1.0,0.0,0.0,1.0,0.0,1.0,18,2,7
28263,16,7,3,17,1,3,6,1,1,1,1,36,2,2,0.0,0.0,0.0,0.0,0.0,2.0,15,4,3
23876,16,2,3,17,6,3,0,5,1,1,2,19,2,2,0.0,0.0,0.0,0.0,0.0,3.0,16,1,2
140119,16,2,4,17,8,3,0,1,0,1,2,36,2,4,2.0,0.0,0.0,0.0,2.0,0.0,15,2,10
66767,16,2,3,17,6,3,0,1,0,1,2,24,2,3,1.0,0.0,0.0,1.0,0.0,1.0,10,6,5
73026,15,2,3,0,8,3,0,1,1,1,2,5,2,2,0.0,0.0,0.0,0.0,0.0,2.0,18,4,6
139432,15,2,4,17,2,3,0,1,1,1,2,18,2,2,0.0,0.0,0.0,0.0,0.0,3.0,17,5,10
96675,16,2,4,17,3,3,0,1,1,1,2,18,2,2,0.0,0.0,0.0,0.0,0.0,2.0,9,4,7
125740,4,2,3,17,2,3,0,1,0,1,1,18,2,3,1.0,0.0,0.0,1.0,0.0,3.0,13,6,9
127706,16,2,4,15,6,3,0,1,1,1,2,24,2,2,0.0,0.0,0.0,0.0,0.0,2.0,19,6,9
1513,16,2,1,10,2,3,0,5,1,1,2,36,3,2,0.0,0.0,0.0,0.0,0.0,4.0,18,5,1
177529,15,2,3,0,6,3,6,1,0,1,2,36,2,3,1.0,0.0,0.0,1.0,0.0,1.0,7,7,12
71219,16,2,3,17,8,3,0,1,0,1,2,18,2,2,0.0,0.0,0.0,0.0,0.0,2.0,13,5,5
76158,15,2,3,14,8,3,0,1,1,0,1,22,2,2,0.0,0.0,0.0,0.0,0.0,2.0,13,1,6
8260,15,10,4,10,3,3,4,1,1,1,1,39,2,2,0.0,0.0,0.0,0.0,0.0,2.0,16,6,1
74183,16,2,1,15,8,3,0,5,1,1,2,28,2,2,0.0,0.0,0.0,0.0,0.0,5.0,22,7,6
8630,16,2,2,10,8,3,0,1,1,1,0,12,2,2,0.0,0.0,0.0,0.0,0.0,3.0,6,4,1
180372,4,2,3,0,8,3,0,5,1,1,2,36,2,2,0.0,0.0,0.0,0.0,0.0,2.0,15,3,12
65484,16,7,3,15,2,3,6,1,1,1,1,26,2,2,0.0,0.0,0.0,0.0,0.0,3.0,8,6,5
87970,16,2,3,0,10,3,0,1,0,1,2,6,2,3,1.0,0.0,0.0,1.0,0.0,1.0,11,2,7
91388,16,2,3,17,3,3,0,1,1,1,2,6,2,2,0.0,0.0,0.0,0.0,0.0,2.0,9,1,7
185236,16,2,1,17,8,3,0,1,1,1,1,18,2,2,0.0,0.0,0.0,0.0,0.0,3.0,18,7,12
97566,15,2,3,15,6,3,5,5,1,1,1,12,2,2,0.0,0.0,0.0,0.0,0.0,2.0,11,4,7
130003,16,11,5,0,8,3,5,5,1,1,2,6,2,2,0.0,0.0,0.0,0.0,0.0,2.0,0,1,9
160081,4,2,3,17,3,3,0,5,0,1,1,24,2,2,0.0,0.0,0.0,0.0,0.0,4.0,9,3,11
90310,16,2,3,10,2,3,0,1,0,1,2,19,3,3,2.0,0.0,0.0,2.0,0.0,2.0,14,6,7
23709,16,2,1,17,8,3,0,1,1,1,2,36,2,2,0.0,0.0,0.0,0.0,0.0,2.0,20,4,2
59842,15,2,3,17,6,3,0,5,0,1,2,36,2,4,1.0,0.0,0.0,0.0,1.0,2.0,11,1,5
124188,16,2,3,17,8,3,0,1,1,1,2,18,2,2,0.0,0.0,0.0,0.0,0.0,2.0,18,4,9
177128,16,2,3,0,8,3,0,1,1,1,2,18,2,2,0.0,0.0,0.0,0.0,0.0,4.0,10,5,12
61295,16,2,1,10,8,3,0,1,1,1,2,19,2,2,0.0,0.0,0.0,0.0,0.0,2.0,4,3,5
99620,16,2,3,17,6,3,0,1,0,1,2,22,2,3,1.0,0.0,0.0,1.0,0.0,1.0,17,1,7
121117,16,2,3,17,2,3,0,1,0,0,2,6,2,2,0.0,0.0,0.0,0.0,0.0,2.0,16,6,9
80214,16,2,3,13,8,3,0,1,1,1,2,18,2,2,0.0,0.0,0.0,0.0,0.0,5.0,18,5,6
29797,16,11,1,10,8,3,5,1,0,1,2,36,2,1,1.0,0.0,1.0,0.0,0.0,2.0,22,4,3
158404,16,7,3,10,2,3,6,1,1,1,2,12,2,2,0.0,0.0,0.0,0.0,0.0,3.0,13,7,11
84724,16,2,3,15,8,3,0,1,1,1,2,36,2,2,0.0,0.0,0.0,0.0,0.0,2.0,14,2,6
108438,15,2,3,17,8,4,0,1,0,1,2,36,2,2,0.0,0.0,0.0,0.0,0.0,4.0,18,1,8
168326,16,2,3,0,6,3,0,1,0,1,2,18,2,2,0.0,0.0,0.0,0.0,0.0,2.0,13,2,11
130935,16,2,3,17,6,3,6,1,0,1,2,23,2,1,1.0,0.0,1.0,0.0,0.0,2.0,12,7,9
30672,15,2,3,0,9,3,0,1,0,1,2,5,2,3,1.0,0.0,0.0,1.0,0.0,1.0,13,6,3
83505,15,2,3,0,10,3,0,1,0,1,2,18,2,4,4.0,0.0,0.0,0.0,4.0,1.0,10,4,6
144329,15,2,4,0,8,3,0,1,0,1,2,5,2,2,0.0,0.0,0.0,0.0,0.0,2.0,17,3,10
166692,16,2,3,10,2,3,0,1,0,1,2,36,3,3,2.0,0.0,0.0,1.0,1.0,2.0,8,6,11
167759,17,2,1,0,6,3,5,5,1,1,1,26,2,2,0.0,0.0,0.0,0.0,0.0,2.0,17,6,11
184619,15,7,1,0,10,3,6,1,1,1,2,18,2,2,0.0,0.0,0.0,0.0,0.0,3.0,20,6,12
79966,4,2,3,9,10,3,6,1,0,0,0,9,2,4,1.0,0.0,0.0,0.0,1.0,2.0,17,7,6
70820,16,2,3,17,2,3,0,1,0,1,2,18,3,3,1.0,0.0,0.0,1.0,0.0,3.0,8,5,5
147160,16,2,1,17,8,3,0,1,0,1,2,6,2,3,3.0,0.0,0.0,3.0,0.0,2.0,23,7,10
165255,16,2,1,10,8,3,0,1,0,1,2,17,2,2,0.0,0.0,0.0,0.0,0.0,3.0,3,1,11
4907,16,10,3,10,8,3,6,1,1,1,0,19,2,2,0.0,0.0,0.0,0.0,0.0,2.0,16,2,1
182524,16,2,3,17,10,3,0,1,1,1,2,36,2,2,0.0,0.0,0.0,0.0,0.0,2.0,7,3,12
103595,15,2,3,9,2,3,0,1,0,1,0,36,2,3,1.0,0.0,0.0,1.0,0.0,1.0,13,6,7
187087,16,2,3,17,2,3,0,1,1,1,0,18,2,2,0.0,0.0,0.0,0.0,0.0,3.0,11,5,12
5272,15,2,3,2,10,3,0,1,0,1,2,36,1,3,1.0,0.0,0.0,1.0,0.0,0.0,8,4,1
133855,15,7,0,0,6,3,6,5,1,1,2,18,2,2,0.0,0.0,0.0,0.0,0.0,3.0,1,6,9
150905,16,2,3,17,6,3,0,1,1,1,1,18,2,2,0.0,0.0,0.0,0.0,0.0,3.0,8,4,10
145278,4,7,1,2,2,3,6,5,0,1,2,36,1,2,0.0,0.0,0.0,0.0,0.0,1.0,22,7,10
123335,4,2,3,10,8,4,0,1,0,1,2,19,2,3,1.0,0.0,0.0,1.0,0.0,1.0,7,4,9
142662,15,2,3,8,6,3,0,1,1,1,1,36,2,2,0.0,0.0,0.0,0.0,0.0,2.0,15,4,10
168098,4,2,3,17,2,3,0,1,1,1,2,36,2,2,0.0,0.0,0.0,0.0,0.0,2.0,9,6,11
20133,16,2,1,9,8,3,0,1,0,1,2,18,2,3,1.0,0.0,0.0,1.0,0.0,1.0,23,1,2
49496,16,2,1,15,13,2,0,1,1,1,1,22,2,2,0.0,0.0,0.0,0.0,0.0,2.0,22,3,4
112485,15,2,3,0,10,3,0,1,1,1,2,18,2,2,0.0,0.0,0.0,0.0,0.0,4.0,16,5,8
89769,16,2,3,15,3,3,0,1,1,1,1,19,2,2,0.0,0.0,0.0,0.0,0.0,2.0,11,3,7
178515,16,7,3,10,8,3,6,1,1,1,2,19,2,2,0.0,0.0,0.0,0.0,0.0,3.0,14,7,12
25191,4,11,5,7,15,3,5,5,1,0,0,36,2,2,0.0,0.0,0.0,0.0,0.0,2.0,17,5,2
67338,15,2,1,0,9,3,0,1,0,1,2,18,2,3,8.0,0.0,0.0,8.0,0.0,0.0,2,1,5
24248,4,2,3,17,6,3,0,1,1,1,1,36,2,2,0.0,0.0,0.0,0.0,0.0,2.0,10,7,2
146,16,2,3,0,8,3,6,1,0,1,2,36,3,1,1.0,0.0,1.0,0.0,0.0,3.0,8,3,1
60638,16,2,3,9,2,3,0,1,0,1,2,18,2,3,1.0,0.0,0.0,1.0,0.0,1.0,11,5,5
50880,16,2,3,14,8,3,0,1,0,1,1,23,2,2,0.0,0.0,0.0,0.0,0.0,3.0,18,7,4
78953,16,2,3,15,15,3,0,1,1,1,2,22,2,2,0.0,0.0,0.0,0.0,0.0,3.0,12,6,6
77675,4,7,2,5,8,3,6,1,0,1,2,16,1,4,1.0,0.0,0.0,0.0,1.0,0.0,5,3,6
24730,15,2,3,0,3,3,0,1,0,1,2,18,2,2,0.0,0.0,0.0,0.0,0.0,3.0,7,3,2
15575,16,2,3,17,2,3,5,5,1,1,1,36,2,2,0.0,0.0,0.0,0.0,0.0,2.0,8,3,2
103902,15,2,4,15,6,3,0,1,1,1,2,8,2,2,0.0,0.0,0.0,0.0,0.0,6.0,19,4,7
76064,16,2,1,15,8,3,0,5,1,1,0,18,2,2,0.0,0.0,0.0,0.0,0.0,2.0,21,6,6
86900,16,2,3,10,8,3,0,1,1,1,2,19,2,2,0.0,0.0,0.0,0.0,0.0,3.0,11,7,6
315,15,10,3,15,8,3,4,1,1,1,2,36,2,2,0.0,0.0,0.0,0.0,0.0,2.0,16,7,1
188313,16,10,3,17,6,3,6,1,1,1,1,36,2,2,0.0,0.0,0.0,0.0,0.0,4.0,12,4,12
186710,16,2,4,17,6,3,0,1,0,1,2,36,2,1,1.0,0.0,1.0,0.0,0.0,3.0,17,1,12
85741,16,2,3,17,2,3,0,1,1,1,2,12,2,2,0.0,0.0,0.0,0.0,0.0,2.0,19,2,6
5052,4,2,1,10,8,3,0,1,1,1,1,8,2,2,0.0,0.0,0.0,0.0,0.0,2.0,20,6,1
127148,4,2,3,15,8,3,0,1,1,1,2,36,2,2,0.0,0.0,0.0,0.0,0.0,2.0,11,5,9
122053,16,2,2,8,8,3,0,1,0,1,2,36,2,3,1.0,0.0,0.0,1.0,0.0,2.0,15,1,9
4042,16,2,3,9,6,3,0,1,0,1,1,9,2,3,1.0,0.0,0.0,1.0,0.0,1.0,16,5,1
33047,15,2,3,17,15,3,0,1,1,1,1,3,2,2,0.0,0.0,0.0,0.0,0.0,2.0,13,4,3
30315,16,2,3,9,3,3,0,5,0,1,2,17,2,3,1.0,0.0,0.0,1.0,0.0,1.0,12,6,3
144925,16,3,4,0,6,3,0,1,1,1,1,11,2,2,0.0,0.0,0.0,0.0,0.0,2.0,18,4,10
70065,16,2,1,3,6,3,0,1,0,1,2,37,2,2,0.0,0.0,0.0,0.0,0.0,2.0,22,1,5
160444,16,2,3,17,3,3,0,1,1,0,1,36,2,2,0.0,0.0,0.0,0.0,0.0,2.0,15,7,11
160055,15,2,3,17,8,3,0,5,0,1,2,36,2,2,0.0,0.0,0.0,0.0,0.0,2.0,15,3,11
139659,16,2,3,17,1,3,5,5,1,1,2,19,2,2,0.0,0.0,0.0,0.0,0.0,2.0,16,3,10
60692,16,2,3,10,8,3,0,1,1,0,1,19,2,2,0.0,0.0,0.0,0.0,0.0,3.0,8,6,5
89087,15,2,3,0,6,3,0,1,0,1,2,5,2,3,1.0,0.0,0.0,1.0,0.0,2.0,16,7,7
44137,15,7,3,9,2,3,6,1,0,1,0,18,3,3,1.0,0.0,0.0,1.0,0.0,2.0,9,4,4
69870,16,3,3,10,2,3,0,1,1,1,1,12,2,2,0.0,0.0,0.0,0.0,0.0,2.0,12,5,5
57343,16,2,3,10,6,3,0,1,1,1,2,19,2,2,0.0,0.0,0.0,0.0,0.0,2.0,15,4,5
31451,15,2,3,0,10,3,0,1,0,1,2,38,2,2,0.0,0.0,0.0,0.0,0.0,2.0,13,5,3
21503,16,7,1,15,15,3,6,1,1,1,2,36,2,2,0.0,0.0,0.0,0.0,0.0,2.0,17,3,2
32079,15,7,1,10,11,3,6,1,1,1,1,34,2,2,0.0,0.0,0.0,0.0,0.0,2.0,23,7,3
88054,15,2,3,17,2,3,0,1,1,1,2,24,2,2,0.0,0.0,0.0,0.0,0.0,3.0,16,5,7
155754,16,7,1,9,2,3,6,1,0,1,0,18,2,3,1.0,0.0,0.0,1.0,0.0,1.0,19,4,11
64880,16,2,3,0,6,3,0,1,0,1,2,6,2,2,0.0,0.0,0.0,0.0,0.0,4.0,18,4,5
143627,16,7,3,0,3,3,6,1,0,1,2,6,2,2,0.0,0.0,0.0,0.0,0.0,2.0,11,6,10
41997,4,2,3,15,8,3,0,5,1,1,2,18,2,2,0.0,0.0,0.0,0.0,0.0,2.0,15,4,3
18728,15,2,3,17,15,3,0,1,0,1,2,18,2,3,1.0,0.0,0.0,1.0,0.0,1.0,8,5,2
42726,15,3,3,0,8,3,5,1,0,1,2,5,2,1,1.0,0.0,1.0,0.0,0.0,1.0,16,7,4
115528,15,2,3,17,6,3,0,1,1,1,1,19,2,2,0.0,0.0,0.0,0.0,0.0,3.0,12,3,8
34367,16,2,1,17,2,3,0,1,1,1,1,24,2,2,0.0,0.0,0.0,0.0,0.0,2.0,22,3,3
115818,16,2,1,17,5,3,0,1,0,1,2,18,2,1,2.0,0.0,2.0,0.0,0.0,3.0,4,1,8
47095,15,2,3,2,10,3,0,5,1,1,1,26,1,2,0.0,0.0,0.0,0.0,0.0,2.0,15,3,4
27685,4,4,4,17,11,3,0,1,1,1,1,26,2,2,0.0,0.0,0.0,0.0,0.0,2.0,16,4,2
179494,16,2,1,0,8,3,0,1,1,1,2,6,2,2,0.0,0.0,0.0,0.0,0.0,2.0,23,4,12
31470,16,2,2,15,1,3,0,1,1,1,1,12,2,2,0.0,0.0,0.0,0.0,0.0,2.0,6,5,3
113823,15,2,1,0,6,3,0,1,0,1,2,36,2,4,1.0,0.0,0.0,0.0,1.0,3.0,0,5,8
120976,16,2,3,0,6,3,0,1,0,1,2,36,2,4,1.0,0.0,0.0,0.0,1.0,1.0,7,6,9
108001,16,2,2,10,8,3,0,1,0,1,2,28,2,2,0.0,0.0,0.0,0.0,0.0,4.0,5,1,8
158587,4,3,3,17,15,3,0,5,0,1,2,18,2,3,2.0,0.0,0.0,2.0,0.0,1.0,11,3,11
10559,16,2,1,10,8,3,0,1,0,1,2,19,2,3,1.0,0.0,0.0,1.0,0.0,1.0,17,2,1
139055,15,2,0,0,2,3,6,1,0,1,1,5,2,3,3.0,0.0,0.0,3.0,0.0,1.0,22,7,10
85862,16,2,3,8,8,3,0,1,0,1,2,18,2,3,1.0,0.0,0.0,1.0,0.0,1.0,17,5,6
69647,15,3,3,0,2,3,0,1,0,1,2,38,2,2,0.0,0.0,0.0,0.0,0.0,3.0,11,2,5
181230,4,2,1,3,8,3,6,5,0,0,2,11,2,2,0.0,0.0,0.0,0.0,0.0,2.0,1,2,12
30391,16,2,3,17,6,3,0,1,0,1,2,18,2,2,0.0,0.0,0.0,0.0,0.0,2.0,13,1,3
186382,16,6,0,17,6,3,6,1,0,1,2,18,2,1,1.0,0.0,1.0,0.0,0.0,1.0,19,3,12
174913,16,2,3,15,2,3,0,1,1,1,2,22,2,2,0.0,0.0,0.0,0.0,0.0,2.0,16,3,12
37631,16,2,3,10,8,3,0,1,1,1,2,36,2,2,0.0,0.0,0.0,0.0,0.0,2.0,17,4,3
73933,16,2,3,10,8,3,0,1,1,1,2,19,2,2,0.0,0.0,0.0,0.0,0.0,2.0,17,3,6
58216,16,2,3,10,6,3,0,1,0,1,2,8,3,4,1.0,0.0,0.0,0.0,1.0,2.0,9,4,5
76944,16,2,1,10,17,3,5,5,1,1,2,36,2,2,0.0,0.0,0.0,0.0,0.0,2.0,23,6,6
23901,16,2,3,9,6,3,0,1,0,1,2,18,2,3,1.0,0.0,0.0,1.0,0.0,1.0,9,1,2
12910,16,2,1,10,3,3,0,1,1,1,1,19,3,2,0.0,0.0,0.0,0.0,0.0,3.0,16,4,1
93106,4,2,3,0,8,3,0,1,0,1,2,26,2,2,0.0,0.0,0.0,0.0,0.0,3.0,8,5,7
104965,16,2,1,8,3,3,0,1,0,1,2,6,2,3,1.0,0.0,0.0,1.0,0.0,1.0,23,4,8
124271,16,2,3,15,6,3,0,1,1,1,1,23,2,2,0.0,0.0,0.0,0.0,0.0,2.0,8,5,9
36101,15,2,1,0,6,3,0,1,0,1,2,36,2,2,0.0,0.0,0.0,0.0,0.0,2.0,20,5,3
22719,16,7,1,10,6,3,6,1,1,1,2,36,2,2,0.0,0.0,0.0,0.0,0.0,3.0,17,2,2
99275,15,2,3,0,10,3,0,1,0,1,2,5,2,2,0.0,0.0,0.0,0.0,0.0,2.0,14,2,7
106309,15,2,3,17,18,3,0,1,0,1,2,36,2,2,0.0,0.0,0.0,0.0,0.0,2.0,7,2,8
74266,16,2,1,10,2,3,6,1,0,0,2,19,2,3,1.0,0.0,0.0,1.0,0.0,3.0,0,1,6
11190,16,10,1,15,8,3,6,1,1,1,2,23,2,2,0.0,0.0,0.0,0.0,0.0,2.0,19,5,1
54835,15,2,3,7,15,3,0,1,1,1,1,36,2,2,0.0,0.0,0.0,0.0,0.0,1.0,15,5,4
85561,15,2,3,10,8,3,0,1,0,1,2,36,2,3,2.0,0.0,0.0,2.0,0.0,2.0,14,1,6
162607,15,2,3,10,10,3,5,5,1,1,2,19,2,2,0.0,0.0,0.0,0.0,0.0,2.0,13,4,11
133468,16,2,1,0,2,3,0,1,0,1,2,26,3,3,3.0,0.0,0.0,3.0,0.0,3.0,19,7,9
479,16,3,0,17,8,3,0,1,1,1,1,24,2,2,0.0,0.0,0.0,0.0,0.0,2.0,18,4,1
77614,16,2,3,15,8,3,0,1,1,1,2,23,2,2,0.0,0.0,0.0,0.0,0.0,2.0,14,2,6
153526,16,2,3,10,8,3,0,1,1,1,1,19,2,2,0.0,0.0,0.0,0.0,0.0,2.0,16,2,10
169407,16,2,1,10,3,3,6,5,1,1,1,19,2,2,0.0,0.0,0.0,0.0,0.0,2.0,1,5,11
47891,16,7,3,0,8,3,6,5,0,1,2,6,2,3,1.0,0.0,0.0,1.0,0.0,1.0,10,4,4
144900,16,7,3,8,6,3,6,1,0,1,2,18,2,3,1.0,0.0,0.0,1.0,0.0,1.0,15,4,10
181824,16,2,1,0,11,3,0,1,0,1,1,18,2,3,1.0,0.0,0.0,1.0,0.0,1.0,21,3,12
187783,16,10,1,17,8,3,4,1,1,0,2,36,2,2,0.0,0.0,0.0,0.0,0.0,2.0,17,3,12
15777,16,2,3,17,6,3,0,1,1,1,1,6,2,2,0.0,0.0,0.0,0.0,0.0,2.0,15,3,2
138038,17,2,1,15,6,3,0,1,1,1,2,36,2,2,0.0,0.0,0.0,0.0,0.0,2.0,2,1,10
166366,4,2,1,17,8,3,0,1,1,1,2,36,3,2,0.0,0.0,0.0,0.0,0.0,2.0,18,1,11
168585,16,2,4,15,8,3,0,1,1,1,1,22,2,2,0.0,0.0,0.0,0.0,0.0,2.0,20,7,11
64315,15,2,3,0,6,3,0,1,0,1,2,18,2,3,1.0,0.0,0.0,1.0,0.0,1.0,15,2,5
153122,15,2,3,2,13,4,6,1,0,1,2,17,1,3,1.0,0.0,0.0,1.0,0.0,2.0,9,4,10
61981,16,2,1,0,8,3,0,1,1,1,2,6,2,2,0.0,0.0,0.0,0.0,0.0,3.0,10,6,5
164063,16,2,1,0,6,3,0,1,0,1,2,6,2,4,1.0,0.0,0.0,0.0,1.0,1.0,2,4,11
116174,15,2,1,0,8,3,0,1,0,1,2,3,2,3,1.0,0.0,0.0,1.0,0.0,3.0,4,5,8
27525,16,2,1,0,6,3,0,1,1,1,2,6,2,2,0.0,0.0,0.0,0.0,0.0,2.0,18,2,2
76584,16,2,3,15,10,3,0,1,1,1,1,23,2,2,0.0,0.0,0.0,0.0,0.0,3.0,18,7,6
118292,15,2,1,10,2,3,6,1,1,0,1,17,2,2,0.0,0.0,0.0,0.0,0.0,2.0,5,2,8
75777,16,2,3,17,8,3,0,1,0,1,2,18,2,2,0.0,0.0,0.0,0.0,0.0,2.0,17,3,6
68244,16,2,3,15,2,3,0,5,1,1,2,23,2,2,0.0,0.0,0.0,0.0,0.0,2.0,11,6,5
77631,16,2,3,0,8,3,0,1,0,1,1,18,2,2,0.0,0.0,0.0,0.0,0.0,2.0,6,2,6
26104,16,2,3,15,16,3,0,1,1,1,0,23,2,2,0.0,0.0,0.0,0.0,0.0,2.0,12,6,2
47132,15,2,3,10,8,3,0,1,1,0,2,26,2,2,0.0,0.0,0.0,0.0,0.0,2.0,10,4,4
72699,16,2,3,10,16,3,0,1,1,1,1,19,2,2,0.0,0.0,0.0,0.0,0.0,4.0,17,6,6
32765,16,2,3,17,6,3,0,1,0,1,2,36,2,3,1.0,0.0,0.0,1.0,0.0,2.0,14,6,3
172581,16,7,1,17,8,3,6,1,1,1,2,36,2,2,0.0,0.0,0.0,0.0,0.0,2.0,15,6,12
146623,16,2,3,17,2,4,0,1,0,1,2,36,2,3,1.0,0.0,0.0,1.0,0.0,3.0,12,6,10
109230,15,2,3,0,6,3,0,1,1,1,2,38,2,2,0.0,0.0,0.0,0.0,0.0,2.0,11,7,8
136523,4,2,3,17,8,3,0,5,0,1,2,24,2,2,0.0,0.0,0.0,0.0,0.0,2.0,14,6,9
145115,6,7,1,17,16,3,6,1,1,1,1,36,2,2,0.0,0.0,0.0,0.0,0.0,2.0,23,6,10
89347,16,2,1,17,6,3,0,1,1,1,0,17,2,2,0.0,0.0,0.0,0.0,0.0,2.0,23,4,7
188139,16,2,3,10,8,3,6,1,1,1,2,19,2,2,0.0,0.0,0.0,0.0,0.0,2.0,11,7,12
67604,16,2,3,17,2,3,0,1,1,1,2,4,2,2,0.0,0.0,0.0,0.0,0.0,3.0,16,3,5
173034,16,2,3,15,8,3,0,1,1,1,0,36,2,2,0.0,0.0,0.0,0.0,0.0,2.0,8,5,12
134363,15,2,3,0,6,3,0,1,0,1,2,18,2,4,1.0,0.0,0.0,0.0,1.0,3.0,12,4,9
180235,15,2,3,17,8,3,0,1,1,1,2,18,2,2,0.0,0.0,0.0,0.0,0.0,3.0,14,7,12
23489,16,2,1,15,8,3,0,1,1,1,0,23,2,2,0.0,0.0,0.0,0.0,0.0,2.0,17,6,2
104257,15,2,3,17,6,3,0,1,1,1,2,21,2,2,0.0,0.0,0.0,0.0,0.0,4.0,16,1,8
26993,16,2,3,0,8,3,0,6,0,1,2,36,2,1,2.0,0.0,1.0,0.0,1.0,1.0,13,7,2
87233,15,2,3,10,2,3,0,1,1,1,2,21,2,2,0.0,0.0,0.0,0.0,0.0,2.0,9,5,6
26993,15,2,3,17,6,3,0,1,1,1,2,36,2,2,0.0,0.0,0.0,0.0,0.0,6.0,13,7,2
39452,16,2,3,15,10,3,0,1,0,1,2,18,2,2,0.0,0.0,0.0,0.0,0.0,3.0,10,2,3
171696,4,2,4,17,2,3,0,5,1,1,1,18,2,2,0.0,0.0,0.0,0.0,0.0,3.0,17,6,11
163888,15,2,3,17,2,3,6,1,0,1,2,23,2,2,0.0,0.0,0.0,0.0,0.0,2.0,13,2,11
107388,16,2,3,10,6,3,0,1,1,1,1,17,2,2,0.0,0.0,0.0,0.0,0.0,2.0,14,6,8
69882,16,2,3,10,8,3,6,1,1,1,2,19,2,2,0.0,0.0,0.0,0.0,0.0,2.0,15,6,5
173350,16,10,3,17,8,3,4,1,1,1,2,36,2,2,0.0,0.0,0.0,0.0,0.0,2.0,6,2,12
58383,16,2,3,0,6,3,0,1,1,1,2,6,2,2,0.0,0.0,0.0,0.0,0.0,3.0,11,6,5
2190,16,2,3,10,2,3,0,1,0,0,0,19,2,3,1.0,0.0,0.0,1.0,0.0,1.0,12,3,1
99858,16,2,3,17,2,3,0,1,1,1,1,24,2,2,0.0,0.0,0.0,0.0,0.0,2.0,18,4,7
73639,16,2,3,15,8,3,0,1,1,1,2,22,2,2,0.0,0.0,0.0,0.0,0.0,2.0,10,6,6
26379,16,3,3,17,2,3,0,1,1,1,2,22,2,2,0.0,0.0,0.0,0.0,0.0,3.0,8,3,2
184579,16,3,3,17,6,3,5,5,1,1,2,36,2,2,0.0,0.0,0.0,0.0,0.0,2.0,16,6,12