crash_date,               traffic_control_device,weather_condition,lighting_condition,first_crash_type,trafficway_type,alignment,roadway_surface_cond,road_defect,crash_type,intersection_related_i,damage,prim_contributory_cause,num_units,most_severe_injury,injuries_total,injuries_fatal,injuries_incapacitating,injuries_non_incapacitating,injuries_reported_not_evident,injuries_no_indication,crash_hour,crash_day_of_week,crash_month
181436,16,2,3,9,6,3,0,5,0,1,0,17,2,4,1.0,0.0,0.0,0.0,1.0,1.0,14,3,12
175433,16,2,3,17,11,3,0,1,1,1,1,35,2,2,0.0,0.0,0.0,0.0,0.0,4.0,10,2,12
64382,16,2,3,10,8,3,0,1,1,1,0,17,2,2,0.0,0.0,0.0,0.0,0.0,2.0,16,3,5
180998,16,2,0,15,10,3,6,1,0,0,2,37,2,2,0.0,0.0,0.0,0.0,0.0,3.0,22,4,12
74832,15,2,3,0,6,3,0,1,0,1,2,18,2,3,1.0,0.0,0.0,1.0,0.0,1.0,15,3,6
113875,15,2,1,17,6,3,0,1,0,1,1,5,2,4,1.0,0.0,0.0,0.0,1.0,1.0,21,6,8
16351,16,2,3,9,6,3,0,1,1,1,2,18,2,2,0.0,0.0,0.0,0.0,0.0,2.0,16,7,2
63117,4,2,3,17,2,3,0,1,1,1,2,36,2,2,0.0,0.0,0.0,0.0,0.0,2.0,15,2,5
88731,16,2,3,17,6,3,0,1,1,1,1,36,2,2,0.0,0.0,0.0,0.0,0.0,2.0,13,3,7
108520,4,3,3,15,2,3,0,1,0,1,2,36,2,2,0.0,0.0,0.0,0.0,0.0,2.0,12,2,8
44972,16,2,3,10,8,3,0,1,0,1,2,19,2,2,0.0,0.0,0.0,0.0,0.0,2.0,13,7,4
146439,16,2,3,2,2,3,0,1,1,1,2,26,1,2,0.0,0.0,0.0,0.0,0.0,1.0,10,2,10
30519,16,7,3,10,2,3,6,5,1,1,2,36,2,2,0.0,0.0,0.0,0.0,0.0,5.0,15,2,3
51715,16,2,1,0,2,3,0,1,0,1,2,18,2,2,0.0,0.0,0.0,0.0,0.0,2.0,21,1,4
129779,16,2,3,0,8,3,0,1,1,1,1,36,2,2,0.0,0.0,0.0,0.0,0.0,2.0,13,6,9
85866,16,2,3,15,2,3,0,1,1,0,0,36,2,2,0.0,0.0,0.0,0.0,0.0,2.0,18,5,6
83354,6,7,4,7,8,3,6,5,1,1,0,23,2,2,0.0,0.0,0.0,0.0,0.0,1.0,19,2,6
179023,16,7,1,17,8,2,6,5,1,1,0,22,2,2,0.0,0.0,0.0,0.0,0.0,2.0,19,5,12
15342,16,2,3,10,8,3,6,1,1,1,2,19,2,2,0.0,0.0,0.0,0.0,0.0,2.0,10,2,2
167307,16,2,1,0,8,3,0,1,0,1,2,26,2,2,0.0,0.0,0.0,0.0,0.0,2.0,1,1,11
119500,15,2,3,8,2,3,0,5,0,1,0,5,2,3,1.0,0.0,0.0,1.0,0.0,1.0,18,5,8
136277,16,2,3,15,2,3,0,5,0,1,1,36,2,3,1.0,0.0,0.0,1.0,0.0,1.0,11,3,9
116067,16,2,3,17,6,3,0,5,1,1,2,18,2,2,0.0,0.0,0.0,0.0,0.0,2.0,14,6,8
167872,15,2,3,0,8,3,0,1,1,1,1,18,2,2,0.0,0.0,0.0,0.0,0.0,2.0,13,2,11
147632,16,2,3,17,10,3,0,5,1,1,2,36,2,2,0.0,0.0,0.0,0.0,0.0,2.0,7,6,10
131017,15,2,3,0,6,3,0,1,0,0,2,36,2,2,0.0,0.0,0.0,0.0,0.0,2.0,17,2,9
163489,16,2,3,0,15,3,0,1,0,1,2,36,2,2,0.0,0.0,0.0,0.0,0.0,4.0,12,3,11
1751,16,2,1,17,6,3,0,1,1,1,1,24,2,2,0.0,0.0,0.0,0.0,0.0,2.0,19,3,1
87874,16,2,3,17,13,3,0,1,1,1,2,36,2,2,0.0,0.0,0.0,0.0,0.0,2.0,10,1,7
27912,16,2,3,15,6,3,0,1,1,1,2,18,2,2,0.0,0.0,0.0,0.0,0.0,4.0,13,2,2
174118,4,2,1,0,7,3,0,1,0,1,1,18,2,3,1.0,0.0,0.0,1.0,0.0,2.0,17,1,12
77710,4,2,3,10,8,3,0,5,1,1,2,21,2,2,0.0,0.0,0.0,0.0,0.0,2.0,10,3,6
9250,16,10,1,0,8,3,4,1,1,1,2,21,2,2,0.0,0.0,0.0,0.0,0.0,3.0,2,7,1
33348,16,2,3,17,2,3,0,5,1,1,1,24,2,2,0.0,0.0,0.0,0.0,0.0,2.0,13,7,3
146381,16,2,1,15,2,3,0,1,1,1,2,24,2,2,0.0,0.0,0.0,0.0,0.0,2.0,20,1,10
123922,16,2,3,10,8,3,5,5,0,1,2,19,2,4,2.0,0.0,0.0,0.0,2.0,1.0,18,6,9
138094,15,2,3,17,6,3,0,1,1,1,2,36,2,2,0.0,0.0,0.0,0.0,0.0,3.0,16,3,10
120608,16,2,3,17,8,3,0,1,1,1,2,23,2,2,0.0,0.0,0.0,0.0,0.0,2.0,17,7,9
151548,16,2,3,10,2,3,0,1,1,1,1,19,2,2,0.0,0.0,0.0,0.0,0.0,3.0,15,3,10
115919,4,2,3,17,8,3,0,1,0,1,2,24,2,2,0.0,0.0,0.0,0.0,0.0,2.0,12,2,8
74006,16,2,3,17,6,3,0,1,1,1,1,24,2,2,0.0,0.0,0.0,0.0,0.0,2.0,16,4,6
77259,16,2,1,17,3,3,0,1,0,1,2,3,2,1,3.0,0.0,2.0,0.0,1.0,1.0,21,3,6
164233,16,2,3,10,8,3,0,1,0,1,2,36,2,3,2.0,0.0,0.0,2.0,0.0,1.0,12,4,11
159537,16,2,3,17,6,3,0,1,1,1,2,18,2,2,0.0,0.0,0.0,0.0,0.0,2.0,7,2,11
86525,16,2,3,10,6,3,0,1,0,1,2,9,2,2,0.0,0.0,0.0,0.0,0.0,5.0,10,2,6
136542,4,2,2,17,2,3,0,1,0,1,2,18,2,3,1.0,0.0,0.0,1.0,0.0,1.0,17,6,9
40932,4,2,0,7,8,3,0,1,0,1,2,36,3,2,0.0,0.0,0.0,0.0,0.0,2.0,1,5,3
159983,16,2,1,10,2,3,0,1,1,1,2,17,2,2,0.0,0.0,0.0,0.0,0.0,2.0,23,1,11
7479,15,10,1,10,15,3,5,5,0,1,2,28,5,1,1.0,0.0,1.0,0.0,0.0,4.0,22,2,1
132521,3,11,1,15,2,3,5,5,1,1,2,36,3,2,0.0,0.0,0.0,0.0,0.0,7.0,22,6,9
183380,16,2,3,0,6,3,0,1,1,1,2,18,2,2,0.0,0.0,0.0,0.0,0.0,4.0,11,2,12
170351,16,11,5,9,8,3,5,5,0,1,2,18,2,3,1.0,0.0,0.0,1.0,0.0,1.0,15,6,11
72823,16,2,3,0,2,3,0,5,1,1,2,36,2,2,0.0,0.0,0.0,0.0,0.0,2.0,12,1,6
89558,16,2,2,17,8,3,0,1,1,1,1,36,2,2,0.0,0.0,0.0,0.0,0.0,2.0,4,7,7
67336,16,2,3,8,2,3,0,1,0,1,2,18,2,3,1.0,0.0,0.0,1.0,0.0,2.0,14,1,5
138765,15,2,1,0,8,3,0,1,0,1,2,18,2,2,0.0,0.0,0.0,0.0,0.0,2.0,21,2,10
119109,16,2,3,17,15,3,0,1,0,1,1,22,2,3,1.0,0.0,0.0,1.0,0.0,1.0,10,7,8
161101,16,2,3,17,6,3,0,1,0,1,2,18,2,3,3.0,0.0,0.0,3.0,0.0,2.0,14,4,11
66917,4,2,2,0,15,3,5,5,1,1,2,26,2,2,0.0,0.0,0.0,0.0,0.0,2.0,15,2,5
112967,16,2,3,10,3,3,6,5,1,1,1,36,2,2,0.0,0.0,0.0,0.0,0.0,3.0,19,7,8
126736,16,2,3,11,2,3,0,1,1,1,1,21,2,2,0.0,0.0,0.0,0.0,0.0,2.0,15,5,9
36972,16,7,3,10,6,3,6,5,1,1,2,12,2,2,0.0,0.0,0.0,0.0,0.0,3.0,14,7,3
141889,15,2,3,0,6,3,0,1,0,1,2,5,2,2,0.0,0.0,0.0,0.0,0.0,3.0,9,5,10
127941,16,2,3,10,1,3,0,1,1,1,0,17,2,2,0.0,0.0,0.0,0.0,0.0,2.0,18,7,9
93513,4,2,3,0,8,3,0,1,1,1,2,17,2,2,0.0,0.0,0.0,0.0,0.0,2.0,17,5,7
183144,16,3,1,10,2,3,0,1,0,1,2,17,2,4,1.0,0.0,0.0,0.0,1.0,5.0,17,5,12
90388,15,7,3,10,8,3,6,5,1,1,1,17,2,2,0.0,0.0,0.0,0.0,0.0,2.0,8,4,7
6621,16,2,1,17,8,3,0,1,0,1,2,17,2,4,1.0,0.0,0.0,0.0,1.0,1.0,19,2,1
14168,16,2,3,17,6,3,0,1,1,0,0,36,2,2,0.0,0.0,0.0,0.0,0.0,2.0,11,2,1
19765,16,10,0,9,8,3,4,1,0,1,0,18,2,1,1.0,0.0,1.0,0.0,0.0,3.0,18,2,2
188020,16,7,1,15,6,3,6,1,0,1,2,26,2,2,0.0,0.0,0.0,0.0,0.0,3.0,7,1,12
188053,15,10,3,0,11,3,1,1,1,1,2,39,2,2,0.0,0.0,0.0,0.0,0.0,4.0,9,4,12
62071,16,7,1,17,8,3,6,1,1,1,2,6,2,2,0.0,0.0,0.0,0.0,0.0,2.0,20,6,5
181441,15,2,3,0,6,3,0,1,0,1,1,18,2,3,2.0,0.0,0.0,2.0,0.0,1.0,14,3,12
171546,15,2,0,0,15,3,0,1,0,1,2,5,2,4,1.0,0.0,0.0,0.0,1.0,1.0,16,6,11
126927,16,2,1,17,1,3,0,1,1,1,1,27,2,2,0.0,0.0,0.0,0.0,0.0,4.0,21,1,9
104204,16,7,1,0,6,3,6,1,0,1,2,6,2,1,2.0,0.0,1.0,1.0,0.0,1.0,23,7,8
166216,16,2,3,17,8,3,0,1,1,1,1,24,2,2,0.0,0.0,0.0,0.0,0.0,2.0,15,6,11
112496,16,7,1,10,10,3,6,1,1,1,2,17,2,2,0.0,0.0,0.0,0.0,0.0,2.0,6,5,8
130915,15,2,3,17,8,3,0,1,0,1,2,18,2,2,0.0,0.0,0.0,0.0,0.0,3.0,10,7,9
31622,16,2,1,17,8,3,0,1,1,1,0,19,2,2,0.0,0.0,0.0,0.0,0.0,2.0,20,1,3
46637,4,2,3,15,15,3,0,1,0,1,0,37,2,2,0.0,0.0,0.0,0.0,0.0,3.0,15,4,4
6704,4,2,1,17,11,3,0,1,1,1,2,36,2,2,0.0,0.0,0.0,0.0,0.0,4.0,20,3,1
20065,15,2,1,17,2,3,0,1,0,1,2,18,2,2,0.0,0.0,0.0,0.0,0.0,2.0,4,1,2
16424,15,10,1,15,2,3,4,1,1,1,1,39,2,2,0.0,0.0,0.0,0.0,0.0,2.0,1,1,2
118489,16,2,3,10,8,3,0,1,1,1,2,36,2,2,0.0,0.0,0.0,0.0,0.0,2.0,16,6,8
11729,16,2,3,17,6,3,6,1,1,1,0,36,2,2,0.0,0.0,0.0,0.0,0.0,2.0,16,2,1
59573,15,2,3,0,11,3,0,1,0,1,2,36,2,2,0.0,0.0,0.0,0.0,0.0,2.0,7,3,5
149357,16,2,3,10,8,3,6,1,1,1,2,19,3,2,0.0,0.0,0.0,0.0,0.0,4.0,10,2,10
178141,16,2,3,0,6,3,0,5,1,1,1,12,2,2,0.0,0.0,0.0,0.0,0.0,2.0,15,2,12
155590,16,7,1,0,6,3,6,1,0,1,2,6,2,2,0.0,0.0,0.0,0.0,0.0,2.0,22,3,10
82035,16,2,3,5,8,3,0,1,1,1,2,36,1,2,0.0,0.0,0.0,0.0,0.0,1.0,11,4,6
67213,16,2,3,0,6,3,0,1,0,1,2,6,2,3,1.0,0.0,0.0,1.0,0.0,1.0,6,5,5
33701,16,7,4,10,10,3,6,1,1,1,2,18,2,2,0.0,0.0,0.0,0.0,0.0,5.0,16,1,3
133155,16,2,1,0,2,3,0,1,1,1,2,28,2,2,0.0,0.0,0.0,0.0,0.0,2.0,21,1,9
109716,15,2,1,0,8,3,0,1,1,1,2,38,2,2,0.0,0.0,0.0,0.0,0.0,2.0,23,6,8
99105,16,2,3,9,6,3,0,1,0,1,0,18,2,4,1.0,0.0,0.0,0.0,1.0,1.0,16,7,7
186503,15,10,1,10,8,3,5,1,1,1,2,36,3,2,0.0,0.0,0.0,0.0,0.0,3.0,18,4,12
155536,16,10,3,17,16,3,4,5,0,1,2,36,3,3,2.0,0.0,0.0,1.0,1.0,1.0,15,3,10
148917,16,2,0,17,3,3,0,5,0,1,2,6,2,3,1.0,0.0,0.0,1.0,0.0,2.0,19,4,10
129276,16,2,3,17,6,3,0,1,0,1,2,6,2,2,0.0,0.0,0.0,0.0,0.0,2.0,13,6,9
140057,16,2,3,10,8,3,0,1,1,1,2,19,2,2,0.0,0.0,0.0,0.0,0.0,3.0,15,7,10
37286,16,7,3,17,8,3,6,1,1,1,0,23,2,2,0.0,0.0,0.0,0.0,0.0,2.0,9,4,3
88277,17,11,5,0,8,3,5,5,1,1,1,5,2,2,0.0,0.0,0.0,0.0,0.0,2.0,13,7,7
70710,4,2,3,0,8,3,0,1,0,1,2,26,2,3,3.0,0.0,0.0,1.0,2.0,0.0,16,4,5
69747,16,2,3,17,2,3,0,1,1,1,1,36,2,2,0.0,0.0,0.0,0.0,0.0,2.0,13,3,5
128068,15,2,3,10,8,3,0,1,1,1,2,19,2,2,0.0,0.0,0.0,0.0,0.0,2.0,7,3,9
100198,4,2,3,15,8,3,0,1,1,1,0,26,2,2,0.0,0.0,0.0,0.0,0.0,2.0,14,2,7
50701,16,2,3,17,8,3,0,1,0,1,2,6,2,3,2.0,0.0,0.0,2.0,0.0,0.0,9,6,4
127514,15,2,3,17,2,3,0,1,0,1,2,36,4,2,0.0,0.0,0.0,0.0,0.0,5.0,18,2,9
169596,16,2,3,15,15,3,0,1,1,1,2,18,2,2,0.0,0.0,0.0,0.0,0.0,2.0,10,2,11
56007,15,2,3,10,8,3,0,1,1,1,2,19,2,2,0.0,0.0,0.0,0.0,0.0,3.0,12,3,4
151346,16,2,1,17,6,3,0,1,1,1,2,22,2,2,0.0,0.0,0.0,0.0,0.0,3.0,18,2,10
150770,16,11,5,10,8,3,5,5,1,1,1,36,2,2,0.0,0.0,0.0,0.0,0.0,5.0,18,1,10
117810,12,2,3,10,8,3,0,1,1,1,1,19,2,2,0.0,0.0,0.0,0.0,0.0,2.0,17,2,8
144840,16,2,1,10,6,3,0,1,0,1,2,36,2,2,0.0,0.0,0.0,0.0,0.0,2.0,2,3,10
70342,4,2,3,15,12,3,0,1,1,0,2,36,2,2,0.0,0.0,0.0,0.0,0.0,3.0,16,6,5
187768,4,10,4,10,6,3,4,1,1,1,1,39,2,2,0.0,0.0,0.0,0.0,0.0,2.0,16,3,12
94219,16,2,3,15,11,3,0,1,1,1,2,18,2,2,0.0,0.0,0.0,0.0,0.0,2.0,16,2,7
63446,15,2,1,0,8,3,0,1,1,1,1,26,2,2,0.0,0.0,0.0,0.0,0.0,2.0,21,1,5
89664,16,2,1,17,6,3,0,1,0,1,2,6,2,2,0.0,0.0,0.0,0.0,0.0,7.0,0,1,7
88297,16,7,3,17,2,3,6,5,1,1,1,18,3,2,0.0,0.0,0.0,0.0,0.0,2.0,19,1,7
58431,16,2,1,17,6,3,0,5,0,1,2,36,2,3,5.0,0.0,0.0,5.0,0.0,1.0,20,1,5
81819,16,2,1,10,8,3,0,5,1,1,2,6,3,2,0.0,0.0,0.0,0.0,0.0,5.0,20,7,6
139308,15,2,3,0,2,3,0,1,0,1,2,18,2,4,1.0,0.0,0.0,0.0,1.0,2.0,9,5,10
141355,4,7,2,2,8,3,6,1,1,1,0,36,1,2,0.0,0.0,0.0,0.0,0.0,1.0,17,5,10
164493,16,2,4,15,8,3,0,1,1,1,0,18,2,2,0.0,0.0,0.0,0.0,0.0,2.0,16,3,11
69882,16,7,3,15,8,3,6,1,1,1,2,23,2,2,0.0,0.0,0.0,0.0,0.0,2.0,15,6,5
3016,16,2,3,0,8,3,0,1,1,1,2,3,2,2,0.0,0.0,0.0,0.0,0.0,2.0,14,2,1
167855,16,11,1,17,8,3,5,5,0,1,1,36,2,2,0.0,0.0,0.0,0.0,0.0,4.0,22,1,11
141454,16,2,3,17,8,3,0,1,1,1,0,24,2,2,0.0,0.0,0.0,0.0,0.0,2.0,18,6,10
124750,15,2,3,17,8,3,0,1,0,1,2,18,2,2,0.0,0.0,0.0,0.0,0.0,2.0,7,5,9
45712,16,2,3,0,2,3,0,1,1,1,2,6,2,2,0.0,0.0,0.0,0.0,0.0,2.0,18,7,4
29687,15,2,3,0,8,3,0,1,1,1,1,5,2,2,0.0,0.0,0.0,0.0,0.0,2.0,16,2,3
82407,16,2,3,9,6,3,0,1,0,1,0,18,2,3,1.0,0.0,0.0,1.0,0.0,1.0,13,2,6
153973,4,2,3,10,8,3,0,1,0,1,2,19,2,2,0.0,0.0,0.0,0.0,0.0,2.0,14,2,10
38843,15,2,1,0,8,3,0,1,1,1,2,18,2,2,0.0,0.0,0.0,0.0,0.0,2.0,21,7,3
89828,15,2,3,17,11,3,0,1,1,1,1,17,2,2,0.0,0.0,0.0,0.0,0.0,3.0,14,3,7
60197,16,2,3,17,2,3,0,1,0,1,2,36,2,2,0.0,0.0,0.0,0.0,0.0,2.0,13,7,5
145957,4,2,3,0,10,3,0,1,0,1,2,18,2,3,1.0,0.0,0.0,1.0,0.0,2.0,9,3,10
116897,16,2,3,0,11,3,0,1,0,1,2,36,2,2,0.0,0.0,0.0,0.0,0.0,3.0,7,3,8
116600,4,2,3,10,8,3,0,1,1,1,2,36,2,2,0.0,0.0,0.0,0.0,0.0,2.0,12,5,8
9832,16,2,1,2,8,3,6,1,0,0,2,36,1,2,0.0,0.0,0.0,0.0,0.0,1.0,23,4,1
78894,16,2,3,15,8,3,0,1,1,1,2,18,2,2,0.0,0.0,0.0,0.0,0.0,2.0,17,6,6
87555,16,2,3,17,6,3,6,1,0,1,2,17,2,2,0.0,0.0,0.0,0.0,0.0,2.0,20,4,6
85933,16,2,3,17,1,3,0,1,1,1,1,17,2,2,0.0,0.0,0.0,0.0,0.0,3.0,6,7,6
166622,16,2,1,0,8,3,0,1,1,1,2,24,2,2,0.0,0.0,0.0,0.0,0.0,2.0,18,4,11
12504,16,10,1,10,8,3,4,1,1,1,1,19,2,2,0.0,0.0,0.0,0.0,0.0,3.0,18,7,1
48470,4,2,1,7,8,3,0,1,0,0,2,36,4,3,1.0,0.0,0.0,1.0,0.0,0.0,2,1,4
135865,15,2,3,8,8,3,0,1,0,1,0,18,2,3,1.0,0.0,0.0,1.0,0.0,1.0,8,2,9
85353,16,2,3,17,8,3,0,1,0,1,2,18,2,3,1.0,0.0,0.0,1.0,0.0,2.0,9,4,6
53238,16,2,1,2,15,3,0,1,0,1,1,13,1,2,0.0,0.0,0.0,0.0,0.0,2.0,2,2,4
106232,15,2,0,15,8,3,0,1,1,1,1,36,2,2,0.0,0.0,0.0,0.0,0.0,3.0,3,1,8
182762,16,2,1,15,8,3,0,1,1,1,1,23,2,2,0.0,0.0,0.0,0.0,0.0,2.0,20,7,12
60713,4,2,1,7,7,2,0,1,0,1,2,12,3,2,0.0,0.0,0.0,0.0,0.0,2.0,23,6,5
148313,16,2,3,15,15,3,0,1,1,1,2,23,2,2,0.0,0.0,0.0,0.0,0.0,2.0,14,3,10
148649,15,2,3,9,2,3,0,1,0,1,0,36,2,3,1.0,0.0,0.0,1.0,0.0,1.0,13,6,10
81387,4,2,3,0,18,3,0,1,1,1,2,36,2,2,0.0,0.0,0.0,0.0,0.0,4.0,10,1,6
16633,4,10,1,0,8,3,4,1,1,1,1,39,2,2,0.0,0.0,0.0,0.0,0.0,2.0,19,5,2
52311,4,2,3,10,8,3,0,1,1,1,2,19,2,2,0.0,0.0,0.0,0.0,0.0,2.0,8,6,4
74386,16,2,3,15,2,3,0,1,0,1,2,22,2,2,0.0,0.0,0.0,0.0,0.0,2.0,20,4,6
3394,16,2,1,10,11,3,6,1,0,1,2,36,3,4,2.0,0.0,0.0,0.0,2.0,2.0,17,6,1
4743,16,2,1,9,3,3,0,1,0,1,0,18,2,3,1.0,0.0,0.0,1.0,0.0,1.0,4,3,1
109587,16,2,3,17,8,3,0,1,0,1,2,18,2,2,0.0,0.0,0.0,0.0,0.0,2.0,11,4,8
89515,16,2,3,17,8,3,0,1,0,1,2,36,2,2,0.0,0.0,0.0,0.0,0.0,2.0,10,5,7
78736,15,2,3,0,6,3,0,1,0,1,2,18,3,4,1.0,0.0,0.0,0.0,1.0,2.0,11,5,6
110429,16,2,3,17,2,3,0,1,0,1,2,18,2,2,0.0,0.0,0.0,0.0,0.0,2.0,15,2,8
6089,16,2,3,17,1,3,0,1,0,1,2,18,2,2,0.0,0.0,0.0,0.0,0.0,3.0,14,1,1
60303,16,3,3,10,3,3,6,1,0,0,2,17,2,2,0.0,0.0,0.0,0.0,0.0,3.0,11,1,5
125069,16,2,1,0,2,3,0,1,0,1,2,6,2,2,0.0,0.0,0.0,0.0,0.0,2.0,0,1,9
150506,16,2,2,0,2,3,0,1,0,1,2,6,2,3,1.0,0.0,0.0,1.0,0.0,2.0,11,3,10
34148,15,2,3,17,8,3,0,1,1,1,2,36,2,2,0.0,0.0,0.0,0.0,0.0,5.0,8,1,3
109888,16,2,1,9,8,3,0,1,0,1,0,36,2,3,1.0,0.0,0.0,1.0,0.0,1.0,1,1,8
8582,15,2,1,0,2,3,6,5,0,1,2,18,2,2,0.0,0.0,0.0,0.0,0.0,3.0,20,6,1
39488,4,2,1,10,8,3,0,1,0,1,2,19,2,2,0.0,0.0,0.0,0.0,0.0,2.0,23,4,3
141086,16,7,1,0,8,3,6,1,1,1,1,18,2,2,0.0,0.0,0.0,0.0,0.0,3.0,18,7,10
97749,16,7,1,0,8,3,6,1,0,1,2,36,2,1,2.0,0.0,2.0,0.0,0.0,3.0,22,6,7
185498,15,2,1,0,8,3,0,1,1,1,2,17,2,2,0.0,0.0,0.0,0.0,0.0,2.0,19,6,12
91559,4,2,3,7,10,3,0,1,0,1,2,36,2,2,0.0,0.0,0.0,0.0,0.0,1.0,7,2,7
167063,15,2,3,9,8,3,0,5,0,1,0,18,2,3,1.0,0.0,0.0,1.0,0.0,1.0,16,3,11
74870,4,2,3,0,6,3,0,1,1,1,2,36,2,2,0.0,0.0,0.0,0.0,0.0,2.0,8,3,6
132390,16,2,0,10,8,3,0,1,1,1,2,19,2,2,0.0,0.0,0.0,0.0,0.0,2.0,21,7,9
12489,16,10,1,2,8,3,4,1,0,0,2,36,1,2,0.0,0.0,0.0,0.0,0.0,1.0,4,7,1
106492,17,2,3,0,6,3,5,5,0,1,2,36,2,1,1.0,0.0,1.0,0.0,0.0,2.0,5,6,8
159238,16,2,3,17,2,3,0,1,0,1,2,18,2,2,0.0,0.0,0.0,0.0,0.0,2.0,7,3,11
56960,16,2,3,10,3,3,0,1,1,1,0,36,2,2,0.0,0.0,0.0,0.0,0.0,2.0,16,3,5
187797,6,10,1,7,8,3,4,1,1,1,2,39,2,2,0.0,0.0,0.0,0.0,0.0,1.0,20,3,12
82466,16,2,1,17,6,3,0,1,0,1,2,18,2,4,1.0,0.0,0.0,0.0,1.0,1.0,22,2,6
106513,16,11,1,15,8,3,5,1,1,1,1,23,2,2,0.0,0.0,0.0,0.0,0.0,2.0,20,6,8
29054,15,2,0,0,8,4,0,5,1,1,2,18,2,2,0.0,0.0,0.0,0.0,0.0,2.0,18,5,3
66513,16,2,3,17,6,3,0,1,1,1,2,6,2,2,0.0,0.0,0.0,0.0,0.0,2.0,9,3,5
46729,16,2,3,10,8,3,5,5,1,1,1,36,2,2,0.0,0.0,0.0,0.0,0.0,2.0,16,4,4
106683,16,2,3,10,2,3,0,5,1,1,1,19,2,2,0.0,0.0,0.0,0.0,0.0,3.0,13,7,8
50879,4,2,3,2,8,3,0,1,0,1,2,8,1,2,0.0,0.0,0.0,0.0,0.0,2.0,6,7,4
24953,16,2,3,17,1,3,0,1,1,1,2,18,2,2,0.0,0.0,0.0,0.0,0.0,2.0,12,6,2
146980,16,2,3,17,8,3,0,1,0,1,2,24,2,2,0.0,0.0,0.0,0.0,0.0,8.0,11,3,10
82786,15,2,3,9,6,3,0,1,0,1,2,18,2,3,1.0,0.0,0.0,1.0,0.0,2.0,19,6,6
89016,16,2,3,0,6,3,0,1,1,1,2,5,2,2,0.0,0.0,0.0,0.0,0.0,3.0,16,6,7
70434,15,2,3,0,8,3,0,1,1,1,1,18,2,2,0.0,0.0,0.0,0.0,0.0,2.0,8,7,5
59077,16,2,3,17,3,3,0,2,1,1,1,32,2,2,0.0,0.0,0.0,0.0,0.0,2.0,9,2,5
130592,4,2,3,17,6,3,0,1,1,1,2,24,2,2,0.0,0.0,0.0,0.0,0.0,2.0,17,4,9
148337,15,2,1,0,6,3,0,1,1,1,2,5,2,2,0.0,0.0,0.0,0.0,0.0,4.0,18,3,10
108841,16,2,3,17,8,3,0,1,1,1,2,24,2,2,0.0,0.0,0.0,0.0,0.0,3.0,10,6,8
61875,16,2,3,15,2,3,0,1,1,1,2,36,2,2,0.0,0.0,0.0,0.0,0.0,2.0,6,5,5
33902,4,2,3,9,8,3,0,1,0,1,0,17,2,4,1.0,0.0,0.0,0.0,1.0,1.0,8,3,3
36537,15,7,1,0,2,3,6,1,0,1,2,36,2,2,0.0,0.0,0.0,0.0,0.0,3.0,19,6,3
121282,16,2,3,17,6,3,0,1,0,1,2,18,2,3,1.0,0.0,0.0,1.0,0.0,3.0,12,2,9
84003,4,2,3,15,8,3,0,1,1,1,2,36,2,2,0.0,0.0,0.0,0.0,0.0,2.0,15,5,6
127792,15,2,4,17,2,3,0,1,0,1,0,18,2,3,2.0,0.0,0.0,2.0,0.0,1.0,19,5,9
152163,15,7,3,0,8,5,6,1,1,1,1,5,2,2,0.0,0.0,0.0,0.0,0.0,2.0,14,4,10
166025,16,2,0,10,10,3,0,1,0,1,2,36,2,2,0.0,0.0,0.0,0.0,0.0,2.0,16,2,11
150509,15,2,3,2,8,3,0,1,0,1,2,28,1,2,0.0,0.0,0.0,0.0,0.0,1.0,12,3,10
182929,16,2,3,17,15,3,0,1,1,1,2,18,2,2,0.0,0.0,0.0,0.0,0.0,2.0,9,3,12
141179,15,3,3,0,2,3,6,1,0,1,2,18,2,1,3.0,0.0,1.0,2.0,0.0,0.0,11,1,10
23736,15,2,3,17,8,3,4,1,1,1,1,22,2,2,0.0,0.0,0.0,0.0,0.0,2.0,14,6,2
2996,16,2,1,9,2,3,6,1,0,1,0,36,2,4,1.0,0.0,0.0,0.0,1.0,1.0,20,1,1
178649,16,2,3,0,6,3,0,1,0,1,2,36,2,1,3.0,0.0,1.0,1.0,1.0,2.0,12,1,12
98108,16,2,1,0,6,3,0,1,0,1,2,18,2,3,2.0,0.0,0.0,2.0,0.0,1.0,5,7,7
51503,16,2,1,15,6,3,0,1,1,1,1,36,2,2,0.0,0.0,0.0,0.0,0.0,2.0,22,5,4
65034,4,2,3,17,15,3,0,1,1,1,2,18,2,2,0.0,0.0,0.0,0.0,0.0,2.0,9,7,5
24814,16,2,1,9,11,3,0,1,1,1,0,36,2,2,0.0,0.0,0.0,0.0,0.0,3.0,18,2,2
152689,16,7,4,17,6,3,6,1,1,1,2,24,2,2,0.0,0.0,0.0,0.0,0.0,3.0,10,5,10
55766,16,2,3,10,6,3,0,1,1,1,1,36,2,2,0.0,0.0,0.0,0.0,0.0,2.0,16,6,4
121321,15,2,1,0,8,3,0,1,1,1,1,18,2,2,0.0,0.0,0.0,0.0,0.0,2.0,19,4,9
147043,16,2,3,14,8,3,0,1,1,1,1,36,2,2,0.0,0.0,0.0,0.0,0.0,2.0,10,4,10
172659,16,7,1,15,6,5,6,1,1,1,2,36,2,2,0.0,0.0,0.0,0.0,0.0,2.0,22,6,12
168548,15,2,3,17,10,3,0,1,1,1,2,19,2,2,0.0,0.0,0.0,0.0,0.0,4.0,12,5,11