crash_date,               traffic_control_device,weather_condition,lighting_condition,first_crash_type,trafficway_type,alignment,roadway_surface_cond,road_defect,crash_type,intersection_related_i,damage,prim_contributory_cause,num_units,most_severe_injury,injuries_total,injuries_fatal,injuries_incapacitating,injuries_non_incapacitating,injuries_reported_not_evident,injuries_no_indication,crash_hour,crash_day_of_week,crash_month
27962,16,2,0,9,2,3,0,1,0,1,2,17,2,3,1.0,0.0,0.0,1.0,0.0,1.0,22,2,2
111114,16,2,1,10,2,3,0,1,1,1,2,36,2,2,0.0,0.0,0.0,0.0,0.0,3.0,20,6,8
146465,15,2,3,8,3,3,0,1,1,1,2,5,2,2,0.0,0.0,0.0,0.0,0.0,2.0,17,3,10
107332,15,2,3,2,3,3,0,1,0,1,2,17,1,3,1.0,0.0,0.0,1.0,0.0,1.0,16,4,8
39878,16,2,3,10,2,3,0,1,0,1,0,19,2,4,1.0,0.0,0.0,0.0,1.0,1.0,9,3,3
137092,15,2,3,0,8,3,0,1,1,1,2,22,2,2,0.0,0.0,0.0,0.0,0.0,2.0,17,7,9
4954,16,7,3,10,8,3,6,1,1,1,2,36,2,2,0.0,0.0,0.0,0.0,0.0,2.0,14,5,1
7824,16,2,1,10,2,3,0,1,1,1,2,19,3,2,0.0,0.0,0.0,0.0,0.0,6.0,17,7,1
183692,4,2,3,15,8,3,0,1,1,1,0,36,2,2,0.0,0.0,0.0,0.0,0.0,2.0,15,6,12
26606,15,10,1,17,6,3,4,5,1,1,2,24,2,2,0.0,0.0,0.0,0.0,0.0,2.0,0,7,2
184269,16,2,3,17,8,3,5,5,1,1,1,18,2,2,0.0,0.0,0.0,0.0,0.0,6.0,13,7,12
40384,16,2,1,10,8,3,0,1,0,1,2,20,3,3,1.0,0.0,0.0,1.0,0.0,2.0,22,7,3
162928,15,2,3,17,15,3,0,1,1,1,2,24,2,2,0.0,0.0,0.0,0.0,0.0,2.0,1,4,11
69138,15,2,3,0,6,3,0,1,0,1,2,18,2,2,0.0,0.0,0.0,0.0,0.0,2.0,8,1,5
26159,15,11,3,0,6,3,5,5,1,1,2,36,2,2,0.0,0.0,0.0,0.0,0.0,3.0,10,7,2
46968,16,2,3,0,8,3,0,1,1,1,2,18,2,2,0.0,0.0,0.0,0.0,0.0,2.0,14,3,4
156081,16,2,3,9,2,3,0,1,0,1,0,36,2,4,1.0,0.0,0.0,0.0,1.0,1.0,17,3,11
2432,15,2,3,0,10,3,0,1,0,1,2,18,2,4,1.0,0.0,0.0,0.0,1.0,1.0,14,7,1
61660,16,3,3,2,8,3,2,3,1,1,0,32,1,2,0.0,0.0,0.0,0.0,0.0,1.0,10,7,5
139404,4,2,3,7,8,3,0,1,1,1,2,21,3,2,0.0,0.0,0.0,0.0,0.0,2.0,11,4,10
153085,16,2,3,0,8,3,0,1,0,1,2,26,2,1,1.0,0.0,1.0,0.0,0.0,7.0,17,4,10
150443,16,2,3,9,8,3,0,1,0,1,0,36,2,4,1.0,0.0,0.0,0.0,1.0,1.0,14,3,10
87180,4,11,5,15,2,3,5,5,0,1,2,36,2,2,0.0,0.0,0.0,0.0,0.0,2.0,15,7,6
38618,16,2,3,17,6,3,0,1,1,0,2,23,2,2,0.0,0.0,0.0,0.0,0.0,5.0,18,2,3
45337,16,7,3,0,6,3,6,5,1,1,2,26,2,2,0.0,0.0,0.0,0.0,0.0,2.0,11,1,4
180324,4,2,1,7,2,3,0,1,0,0,2,36,2,2,0.0,0.0,0.0,0.0,0.0,1.0,5,1,12
113014,16,2,3,15,2,3,5,5,1,1,0,36,2,2,0.0,0.0,0.0,0.0,0.0,2.0,13,5,8
60368,16,2,1,0,1,3,0,1,0,1,1,36,2,3,5.0,0.0,0.0,4.0,1.0,0.0,20,2,5
96263,16,2,3,0,6,3,0,1,1,1,2,18,2,2,0.0,0.0,0.0,0.0,0.0,2.0,5,6,7
2630,15,2,1,17,8,3,0,1,1,1,2,18,2,2,0.0,0.0,0.0,0.0,0.0,2.0,17,4,1
49195,16,2,3,8,8,3,0,1,0,1,1,18,2,3,1.0,0.0,0.0,1.0,0.0,2.0,17,6,4
39531,16,7,1,10,2,3,6,1,1,0,2,36,3,2,0.0,0.0,0.0,0.0,0.0,3.0,21,5,3
95993,16,2,3,10,8,3,0,1,0,1,2,17,3,2,0.0,0.0,0.0,0.0,0.0,5.0,9,3,7
70409,16,2,1,0,6,3,0,1,0,1,2,6,2,3,2.0,0.0,0.0,2.0,0.0,0.0,4,7,5
14011,15,2,3,17,15,3,6,1,0,1,2,18,2,3,2.0,0.0,0.0,1.0,1.0,2.0,13,7,1
81532,16,2,3,17,8,3,0,1,1,1,1,17,2,2,0.0,0.0,0.0,0.0,0.0,2.0,13,3,6
61120,16,2,3,17,2,3,0,1,0,1,2,18,2,2,0.0,0.0,0.0,0.0,0.0,2.0,19,6,5
105143,16,2,3,0,8,3,0,1,0,1,2,6,3,3,2.0,0.0,0.0,2.0,0.0,4.0,15,6,8
35171,16,2,3,9,8,3,0,1,0,1,2,36,2,3,1.0,0.0,0.0,1.0,0.0,1.0,13,4,3
6624,16,2,1,17,8,3,0,1,0,1,2,24,2,2,0.0,0.0,0.0,0.0,0.0,2.0,20,2,1
174863,15,2,3,0,2,3,0,1,0,1,2,17,2,2,0.0,0.0,0.0,0.0,0.0,4.0,8,5,12
118402,4,2,3,17,8,3,0,1,1,1,1,18,2,2,0.0,0.0,0.0,0.0,0.0,2.0,12,3,8
115535,16,2,3,10,6,3,0,1,0,1,0,36,2,3,2.0,0.0,0.0,2.0,0.0,1.0,14,5,8
46388,15,3,2,0,2,3,6,1,0,1,2,18,2,2,0.0,0.0,0.0,0.0,0.0,2.0,16,4,4
187953,16,7,3,15,2,3,6,1,0,1,2,36,2,2,0.0,0.0,0.0,0.0,0.0,2.0,7,6,12
157651,15,2,3,10,8,3,0,1,1,1,2,18,2,2,0.0,0.0,0.0,0.0,0.0,2.0,11,2,11
40375,16,2,3,10,10,3,0,1,0,1,2,17,2,4,1.0,0.0,0.0,0.0,1.0,2.0,8,7,3
94296,16,2,3,17,6,3,0,1,0,1,2,24,2,2,0.0,0.0,0.0,0.0,0.0,2.0,19,3,7
89178,4,2,3,15,2,3,0,1,0,0,2,24,3,4,1.0,0.0,0.0,0.0,1.0,3.0,19,1,7
157456,16,2,2,0,2,3,0,1,1,1,1,6,2,2,0.0,0.0,0.0,0.0,0.0,2.0,6,7,11
59884,16,11,5,17,6,3,5,5,1,1,2,36,2,2,0.0,0.0,0.0,0.0,0.0,2.0,19,2,5
11895,16,7,3,17,3,3,6,1,1,1,1,36,2,2,0.0,0.0,0.0,0.0,0.0,2.0,12,4,1
35028,16,2,4,10,8,3,0,1,1,1,1,36,2,2,0.0,0.0,0.0,0.0,0.0,3.0,17,1,3
30290,15,2,3,0,15,3,0,1,0,1,2,18,2,2,0.0,0.0,0.0,0.0,0.0,5.0,8,6,3
164739,16,2,3,0,2,3,0,1,1,1,2,36,2,2,0.0,0.0,0.0,0.0,0.0,2.0,14,5,11
47609,15,2,3,10,2,3,0,1,1,1,2,36,2,2,0.0,0.0,0.0,0.0,0.0,3.0,18,5,4
82895,16,2,1,0,3,3,6,1,0,1,2,18,2,2,0.0,0.0,0.0,0.0,0.0,2.0,4,2,6
184615,16,2,1,9,9,3,0,5,0,1,2,36,2,3,1.0,0.0,0.0,1.0,0.0,1.0,20,6,12
183404,4,2,1,17,15,3,0,1,0,1,2,18,2,2,0.0,0.0,0.0,0.0,0.0,2.0,17,3,12
3038,16,2,1,0,8,3,0,1,1,1,0,36,2,2,0.0,0.0,0.0,0.0,0.0,2.0,17,2,1
160901,16,10,3,0,2,3,4,1,1,1,2,18,2,2,0.0,0.0,0.0,0.0,0.0,5.0,9,6,11
108157,4,2,3,10,6,3,0,1,1,1,2,19,3,2,0.0,0.0,0.0,0.0,0.0,3.0,17,5,8
106928,16,2,3,15,8,3,0,1,1,1,2,22,2,2,0.0,0.0,0.0,0.0,0.0,2.0,13,6,8
161659,15,7,3,17,10,3,6,1,0,1,2,18,2,3,1.0,0.0,0.0,1.0,0.0,2.0,12,5,11
163411,16,2,3,17,15,3,0,1,1,1,1,22,2,2,0.0,0.0,0.0,0.0,0.0,2.0,10,2,11
82996,16,2,3,0,6,3,0,1,0,1,2,18,2,2,0.0,0.0,0.0,0.0,0.0,5.0,12,3,6
6962,16,10,3,0,6,3,4,1,0,1,2,36,5,2,0.0,0.0,0.0,0.0,0.0,3.0,10,1,1
96352,16,2,3,8,2,3,0,1,0,1,2,36,2,3,1.0,0.0,0.0,1.0,0.0,3.0,17,7,7
4531,16,11,5,0,8,3,5,5,0,1,1,36,2,2,0.0,0.0,0.0,0.0,0.0,2.0,2,6,1
31768,16,2,3,10,2,3,0,1,1,1,0,23,2,2,0.0,0.0,0.0,0.0,0.0,2.0,17,4,3
150716,4,2,3,0,6,3,0,1,1,1,1,36,2,2,0.0,0.0,0.0,0.0,0.0,2.0,9,7,10
74094,15,2,3,2,8,3,0,1,0,1,2,36,1,2,0.0,0.0,0.0,0.0,0.0,2.0,17,6,6
131342,4,2,1,7,8,3,0,1,0,1,2,36,2,2,0.0,0.0,0.0,0.0,0.0,2.0,2,5,9
35696,15,2,3,0,8,3,6,5,1,1,2,18,2,2,0.0,0.0,0.0,0.0,0.0,7.0,18,5,3
156082,16,2,3,10,8,3,0,1,1,1,2,19,2,2,0.0,0.0,0.0,0.0,0.0,2.0,17,3,11
186842,16,11,5,10,8,3,5,5,1,1,2,26,2,2,0.0,0.0,0.0,0.0,0.0,2.0,18,3,12
119135,16,2,3,10,8,3,6,1,1,1,1,36,2,2,0.0,0.0,0.0,0.0,0.0,4.0,14,1,8
138500,15,2,1,17,15,3,6,5,1,1,0,36,2,2,0.0,0.0,0.0,0.0,0.0,2.0,19,7,10
78617,15,7,2,0,6,3,6,1,1,1,2,5,2,2,0.0,0.0,0.0,0.0,0.0,3.0,17,3,6
75108,16,2,3,15,8,3,0,1,1,1,1,36,2,2,0.0,0.0,0.0,0.0,0.0,2.0,16,6,6
86716,15,2,1,0,6,3,0,1,0,1,2,18,2,4,2.0,0.0,0.0,0.0,2.0,1.0,0,6,6
66852,15,2,1,17,15,3,0,1,0,1,1,5,2,3,2.0,0.0,0.0,2.0,0.0,1.0,23,7,5
97196,16,2,3,17,2,3,0,1,1,1,1,24,2,2,0.0,0.0,0.0,0.0,0.0,2.0,10,5,7
86832,4,2,3,17,2,3,0,1,1,1,1,18,2,2,0.0,0.0,0.0,0.0,0.0,8.0,12,6,6
92122,16,2,1,0,8,3,0,1,0,1,2,3,2,2,0.0,0.0,0.0,0.0,0.0,2.0,21,5,7
23619,4,2,3,0,10,3,6,1,0,1,2,18,3,3,1.0,0.0,0.0,1.0,0.0,1.0,8,3,2
49286,16,2,3,17,2,3,0,1,1,1,2,18,2,2,0.0,0.0,0.0,0.0,0.0,2.0,12,7,4
91851,16,7,1,17,5,3,6,1,0,1,2,28,2,2,0.0,0.0,0.0,0.0,0.0,2.0,0,7,7
32752,16,10,1,2,8,3,4,5,0,1,2,17,1,3,1.0,0.0,0.0,1.0,0.0,0.0,23,5,3
24977,4,2,3,15,10,3,0,1,1,1,2,23,2,2,0.0,0.0,0.0,0.0,0.0,2.0,16,7,2
178059,16,2,1,17,2,3,0,1,0,1,2,18,2,2,0.0,0.0,0.0,0.0,0.0,2.0,21,7,12
47977,16,2,1,9,10,3,0,1,0,1,0,9,2,1,1.0,0.0,1.0,0.0,0.0,1.0,2,7,4
65225,15,2,3,15,8,3,0,1,1,1,2,23,2,2,0.0,0.0,0.0,0.0,0.0,2.0,19,1,5
27804,16,2,3,9,8,3,0,1,1,1,0,18,2,2,0.0,0.0,0.0,0.0,0.0,2.0,15,6,2
46330,15,2,3,17,8,3,0,1,1,1,1,36,2,2,0.0,0.0,0.0,0.0,0.0,2.0,17,3,4
136124,15,7,3,0,8,3,6,1,1,1,2,5,2,2,0.0,0.0,0.0,0.0,0.0,2.0,11,7,9
130219,15,2,1,17,8,3,0,1,1,1,2,36,2,2,0.0,0.0,0.0,0.0,0.0,2.0,22,3,9
112951,16,2,3,0,6,3,0,1,0,1,2,18,2,2,0.0,0.0,0.0,0.0,0.0,2.0,15,7,8
99629,16,2,3,5,6,3,0,1,0,1,1,6,2,3,1.0,0.0,0.0,1.0,0.0,1.0,18,1,7
127312,16,2,3,17,10,3,0,1,1,1,2,24,2,2,0.0,0.0,0.0,0.0,0.0,2.0,9,5,9
77018,4,2,3,17,6,3,0,1,0,1,2,36,2,1,3.0,0.0,3.0,0.0,0.0,0.0,11,7,6
7751,15,2,3,9,8,3,0,1,0,1,0,18,2,3,1.0,0.0,0.0,1.0,0.0,1.0,15,5,1
1891,16,2,1,2,8,3,0,1,0,1,2,18,1,2,0.0,0.0,0.0,0.0,0.0,2.0,2,7,1
151569,16,4,0,10,10,3,0,1,1,1,2,19,2,2,0.0,0.0,0.0,0.0,0.0,2.0,22,3,10
81878,16,2,3,0,6,3,0,5,0,1,2,37,2,3,1.0,0.0,0.0,1.0,0.0,3.0,15,1,6
90634,16,2,3,17,8,3,0,1,0,1,2,18,2,3,2.0,0.0,0.0,2.0,0.0,0.0,13,3,7
26302,16,2,3,15,10,3,0,1,1,1,2,24,2,2,0.0,0.0,0.0,0.0,0.0,2.0,8,2,2
26928,16,3,3,0,8,3,0,1,0,1,2,24,3,2,0.0,0.0,0.0,0.0,0.0,5.0,13,6,2
38210,16,2,3,10,8,3,0,1,1,1,1,36,2,2,0.0,0.0,0.0,0.0,0.0,3.0,14,2,3
46794,16,2,3,10,8,3,0,1,1,1,2,36,2,2,0.0,0.0,0.0,0.0,0.0,2.0,15,5,4
137913,15,2,3,0,6,3,0,1,0,1,2,38,2,3,1.0,0.0,0.0,1.0,0.0,1.0,7,6,10
178128,16,2,1,10,6,3,5,1,0,1,2,19,2,4,1.0,0.0,0.0,0.0,1.0,2.0,0,1,12
146943,16,2,3,17,8,3,0,1,0,1,2,36,2,2,0.0,0.0,0.0,0.0,0.0,2.0,17,3,10
69706,4,2,3,10,8,3,0,1,1,1,1,36,2,2,0.0,0.0,0.0,0.0,0.0,4.0,14,2,5
164292,4,2,3,17,8,3,0,1,0,1,2,24,2,2,0.0,0.0,0.0,0.0,0.0,2.0,14,6,11
153565,16,2,3,0,6,3,0,1,1,1,2,36,3,2,0.0,0.0,0.0,0.0,0.0,5.0,12,2,10
170551,16,2,3,15,6,3,0,1,1,1,0,12,2,2,0.0,0.0,0.0,0.0,0.0,2.0,14,4,11
64855,16,2,3,10,6,3,0,1,1,1,1,19,2,2,0.0,0.0,0.0,0.0,0.0,2.0,12,3,5
103464,16,2,3,0,8,3,0,1,0,1,2,6,2,1,1.0,0.0,1.0,0.0,0.0,2.0,12,2,7
25164,4,2,1,0,8,3,6,1,1,1,2,23,2,2,0.0,0.0,0.0,0.0,0.0,2.0,23,4,2
184329,15,2,1,0,2,3,0,1,1,1,2,18,2,2,0.0,0.0,0.0,0.0,0.0,2.0,2,1,12
123802,15,2,3,0,8,3,0,1,1,1,2,18,2,2,0.0,0.0,0.0,0.0,0.0,2.0,13,2,9
188955,16,2,1,10,6,3,0,5,1,1,2,19,2,2,0.0,0.0,0.0,0.0,0.0,3.0,23,7,12
9500,15,3,1,0,6,3,6,1,0,1,2,5,2,3,1.0,0.0,0.0,1.0,0.0,1.0,2,6,1
116922,16,2,3,0,10,3,0,1,0,1,2,3,2,4,1.0,0.0,0.0,0.0,1.0,3.0,13,4,8
147928,16,2,3,17,8,3,0,1,1,1,2,36,2,2,0.0,0.0,0.0,0.0,0.0,3.0,15,6,10
148044,4,2,1,0,3,3,0,1,0,1,2,36,2,2,0.0,0.0,0.0,0.0,0.0,2.0,16,5,10
28252,15,2,1,10,8,3,0,1,1,1,2,36,2,2,0.0,0.0,0.0,0.0,0.0,4.0,22,3,3
153167,4,2,4,17,8,3,0,1,1,1,1,18,2,2,0.0,0.0,0.0,0.0,0.0,2.0,18,5,10
178686,16,7,3,17,8,3,6,1,0,1,2,24,2,2,0.0,0.0,0.0,0.0,0.0,2.0,7,2,12
37044,4,2,1,17,2,3,0,1,0,1,2,24,3,2,0.0,0.0,0.0,0.0,0.0,2.0,3,1,3
48182,15,2,1,15,10,3,5,5,1,1,1,36,2,2,0.0,0.0,0.0,0.0,0.0,2.0,3,1,4
31656,16,2,3,8,8,3,0,1,0,1,2,36,2,3,1.0,0.0,0.0,1.0,0.0,1.0,17,2,3
146056,15,2,3,10,2,3,0,1,1,1,2,19,2,2,0.0,0.0,0.0,0.0,0.0,2.0,15,6,10
127644,16,2,1,15,6,3,0,1,1,1,1,28,4,2,0.0,0.0,0.0,0.0,0.0,4.0,20,4,9
179774,16,2,0,0,6,3,5,5,0,1,2,6,2,1,1.0,0.0,1.0,0.0,0.0,2.0,1,3,12
184391,15,2,3,7,8,3,0,1,1,1,2,12,2,2,0.0,0.0,0.0,0.0,0.0,2.0,12,1,12
158193,15,2,3,0,11,3,0,1,1,1,2,17,2,2,0.0,0.0,0.0,0.0,0.0,3.0,12,2,11
167213,15,7,1,17,8,3,6,1,1,1,2,39,2,2,0.0,0.0,0.0,0.0,0.0,3.0,6,5,11
30138,16,2,1,9,1,3,0,1,0,1,0,6,2,3,1.0,0.0,0.0,1.0,0.0,1.0,23,2,3
149473,4,3,2,10,15,3,0,1,1,1,2,19,2,2,0.0,0.0,0.0,0.0,0.0,2.0,7,5,10
6435,6,11,5,7,12,3,5,5,1,1,2,36,2,2,0.0,0.0,0.0,0.0,0.0,1.0,13,2,1
32363,15,2,3,17,8,3,0,1,0,1,2,18,2,2,0.0,0.0,0.0,0.0,0.0,2.0,13,7,3
107277,16,2,3,17,8,3,0,5,1,1,2,36,2,2,0.0,0.0,0.0,0.0,0.0,2.0,7,3,8
30521,15,7,3,0,3,3,6,1,0,1,2,18,2,2,0.0,0.0,0.0,0.0,0.0,3.0,16,2,3
86031,16,2,1,0,6,3,0,1,0,1,2,6,2,3,3.0,0.0,0.0,3.0,0.0,1.0,0,1,6
92950,4,2,3,7,2,3,0,5,1,1,0,19,2,2,0.0,0.0,0.0,0.0,0.0,1.0,12,4,7
138902,15,2,3,0,8,3,0,5,0,1,2,18,2,2,0.0,0.0,0.0,0.0,0.0,2.0,9,4,10
37068,4,2,3,17,15,3,0,1,1,1,1,36,2,2,0.0,0.0,0.0,0.0,0.0,3.0,9,1,3
96633,15,2,3,15,10,3,0,1,1,0,1,36,2,2,0.0,0.0,0.0,0.0,0.0,3.0,14,4,7
90173,16,2,3,15,5,3,0,1,1,1,2,22,2,2,0.0,0.0,0.0,0.0,0.0,3.0,15,3,7
120651,15,2,1,0,8,3,0,1,0,1,2,5,2,2,0.0,0.0,0.0,0.0,0.0,2.0,0,7,9
144744,4,10,3,8,0,3,0,1,0,1,0,36,2,3,1.0,0.0,0.0,1.0,0.0,1.0,8,7,10
27649,16,7,0,10,2,3,6,1,1,1,1,19,3,2,0.0,0.0,0.0,0.0,0.0,4.0,17,3,2
129433,15,2,3,10,8,3,0,1,0,1,2,19,2,4,1.0,0.0,0.0,0.0,1.0,1.0,18,2,9
5187,16,2,3,0,6,3,0,5,0,1,2,6,2,4,1.0,0.0,0.0,0.0,1.0,1.0,16,3,1
162792,16,5,3,17,10,3,6,1,1,0,2,17,2,2,0.0,0.0,0.0,0.0,0.0,2.0,9,7,11
145832,16,2,0,17,2,3,5,5,1,1,0,36,2,2,0.0,0.0,0.0,0.0,0.0,2.0,21,1,10
32485,4,2,3,7,12,3,0,1,1,0,2,36,2,2,0.0,0.0,0.0,0.0,0.0,1.0,14,7,3
159583,16,2,4,9,6,3,0,1,0,1,2,36,3,3,2.0,0.0,0.0,2.0,0.0,1.0,17,3,11
155925,16,7,1,15,8,3,6,5,0,1,2,23,2,2,0.0,0.0,0.0,0.0,0.0,3.0,22,6,11
129795,16,2,3,10,6,3,0,1,1,1,2,19,2,2,0.0,0.0,0.0,0.0,0.0,2.0,16,6,9
106642,16,2,3,17,0,3,0,1,0,1,2,36,2,4,1.0,0.0,0.0,0.0,1.0,2.0,18,2,8
157480,16,2,1,17,8,3,0,1,1,1,2,36,2,2,0.0,0.0,0.0,0.0,0.0,2.0,22,7,11
65919,16,2,3,3,8,3,0,5,0,1,2,4,2,3,2.0,0.0,0.0,1.0,1.0,0.0,11,6,5
140008,15,7,3,0,10,3,6,1,1,1,2,39,2,2,0.0,0.0,0.0,0.0,0.0,2.0,8,6,10
63090,4,2,1,17,16,3,6,5,0,1,2,18,2,2,0.0,0.0,0.0,0.0,0.0,2.0,21,3,5
140469,16,3,3,10,8,3,0,1,1,1,1,19,2,2,0.0,0.0,0.0,0.0,0.0,2.0,13,6,10
153880,4,2,1,17,11,3,0,1,1,1,2,24,2,2,0.0,0.0,0.0,0.0,0.0,2.0,21,5,10
38289,15,2,0,0,6,3,0,1,1,1,1,18,2,2,0.0,0.0,0.0,0.0,0.0,2.0,20,3,3
105209,16,2,3,10,6,3,0,1,1,1,2,17,3,2,0.0,0.0,0.0,0.0,0.0,3.0,15,7,8
146271,16,7,3,17,2,3,6,5,1,1,2,26,2,2,0.0,0.0,0.0,0.0,0.0,2.0,16,3,10
29809,16,2,1,17,8,3,0,1,1,0,2,19,2,2,0.0,0.0,0.0,0.0,0.0,2.0,1,5,3
19676,16,2,4,10,2,3,0,1,1,1,2,12,2,2,0.0,0.0,0.0,0.0,0.0,2.0,17,7,2
21578,16,2,1,17,8,3,0,1,0,1,1,24,2,2,0.0,0.0,0.0,0.0,0.0,2.0,17,4,2
5249,4,2,3,0,6,3,0,1,1,1,2,12,2,2,0.0,0.0,0.0,0.0,0.0,2.0,16,4,1
124343,16,2,3,10,6,3,0,1,1,1,1,19,2,2,0.0,0.0,0.0,0.0,0.0,2.0,10,7,9
72924,16,2,1,17,2,3,0,1,0,1,2,24,3,2,0.0,0.0,0.0,0.0,0.0,3.0,22,1,6
82137,16,3,3,10,11,3,0,2,1,1,2,32,2,2,0.0,0.0,0.0,0.0,0.0,3.0,8,4,6
100278,16,2,3,10,2,3,0,1,0,1,2,19,2,3,1.0,0.0,0.0,1.0,0.0,2.0,14,4,7
94991,16,7,0,17,6,3,6,1,0,1,2,36,2,3,1.0,0.0,0.0,1.0,0.0,2.0,23,1,7
46130,16,3,3,17,6,3,0,5,0,1,2,24,2,2,0.0,0.0,0.0,0.0,0.0,2.0,9,7,4
182240,4,7,3,17,15,3,6,5,0,1,2,18,2,1,1.0,0.0,1.0,0.0,0.0,1.0,10,7,12
85896,16,2,3,17,6,3,0,1,0,1,2,18,2,4,1.0,0.0,0.0,0.0,1.0,1.0,12,5,6
75917,15,2,3,17,8,3,0,1,1,1,1,18,2,2,0.0,0.0,0.0,0.0,0.0,2.0,18,5,6
48922,16,2,3,17,6,3,0,5,0,1,2,18,3,3,1.0,0.0,0.0,1.0,0.0,1.0,12,7,4
187736,15,7,1,17,6,3,6,1,1,1,1,18,2,2,0.0,0.0,0.0,0.0,0.0,2.0,22,1,12
63859,16,2,3,17,6,3,0,1,0,1,2,24,2,2,0.0,0.0,0.0,0.0,0.0,2.0,18,1,5
114676,15,2,1,0,8,3,0,1,0,1,1,18,2,2,0.0,0.0,0.0,0.0,0.0,2.0,21,3,8
144111,4,3,3,17,8,3,0,1,0,1,2,18,2,2,0.0,0.0,0.0,0.0,0.0,2.0,14,6,10
84519,16,2,3,10,8,3,0,1,1,1,1,19,2,2,0.0,0.0,0.0,0.0,0.0,2.0,16,6,6
132950,15,7,3,17,8,3,6,1,0,1,2,18,2,4,2.0,0.0,0.0,0.0,2.0,0.0,16,1,9
149712,15,2,3,0,6,3,0,1,1,1,2,36,2,2,0.0,0.0,0.0,0.0,0.0,3.0,12,2,10
125111,16,2,3,14,8,3,0,1,1,1,0,30,2,2,0.0,0.0,0.0,0.0,0.0,2.0,19,2,9
36500,16,2,1,0,6,3,0,1,0,1,2,6,2,2,0.0,0.0,0.0,0.0,0.0,2.0,1,6,3
110297,16,2,3,15,2,3,0,5,1,1,2,36,2,2,0.0,0.0,0.0,0.0,0.0,3.0,12,7,8
75433,16,2,3,17,6,3,0,5,1,1,2,6,2,2,0.0,0.0,0.0,0.0,0.0,2.0,15,6,6
126565,15,2,3,0,6,3,0,1,0,1,2,6,2,3,2.0,0.0,0.0,2.0,0.0,2.0,8,4,9
13367,15,2,3,0,8,3,0,1,0,1,2,18,2,3,2.0,0.0,0.0,2.0,0.0,1.0,13,1,1
96315,16,2,3,0,2,3,0,1,0,1,2,6,2,3,5.0,0.0,0.0,5.0,0.0,2.0,12,6,7
44250,16,2,3,14,8,3,0,1,1,1,1,36,2,2,0.0,0.0,0.0,0.0,0.0,3.0,12,6,4
20756,16,2,3,9,1,3,0,1,0,0,2,36,2,3,1.0,0.0,0.0,1.0,0.0,1.0,16,5,2
128309,16,2,1,0,6,3,0,1,1,1,2,6,2,2,0.0,0.0,0.0,0.0,0.0,2.0,0,7,9
160387,15,7,3,9,8,3,6,1,0,1,2,18,2,1,1.0,0.0,1.0,0.0,0.0,1.0,7,6,11
34582,4,2,3,17,8,3,0,1,0,1,2,18,2,2,0.0,0.0,0.0,0.0,0.0,3.0,18,1,3
173951,15,2,3,17,8,3,0,1,1,1,2,18,2,2,0.0,0.0,0.0,0.0,0.0,2.0,9,4,12
155138,4,2,3,2,8,3,0,1,0,0,2,18,1,2,0.0,0.0,0.0,0.0,0.0,2.0,16,3,10
111406,4,2,3,10,2,3,0,5,1,0,1,19,2,2,0.0,0.0,0.0,0.0,0.0,3.0,12,4,8
32088,15,2,1,10,2,3,0,1,1,1,1,5,2,2,0.0,0.0,0.0,0.0,0.0,4.0,0,7,3
56756,16,2,3,0,6,3,0,1,0,1,2,6,2,3,4.0,0.0,0.0,4.0,0.0,0.0,7,1,5
91429,16,2,1,10,2,3,0,1,1,1,2,19,2,2,0.0,0.0,0.0,0.0,0.0,3.0,2,7,7
76401,16,2,3,17,15,3,0,5,1,1,2,36,2,2,0.0,0.0,0.0,0.0,0.0,4.0,16,6,6
185179,16,2,5,17,8,3,0,5,1,1,2,26,2,2,0.0,0.0,0.0,0.0,0.0,3.0,19,2,12
156838,15,2,1,0,6,3,0,1,0,1,2,36,2,2,0.0,0.0,0.0,0.0,0.0,3.0,4,7,11
181622,16,2,1,0,2,3,0,1,0,1,2,36,2,2,0.0,0.0,0.0,0.0,0.0,2.0,20,6,12
97599,16,2,3,0,2,3,0,1,1,1,2,6,2,2,0.0,0.0,0.0,0.0,0.0,3.0,6,6,7
37679,16,2,3,0,2,3,0,1,1,1,1,3,3,2,0.0,0.0,0.0,0.0,0.0,3.0,14,5,3
166279,15,6,3,0,9,3,6,5,0,1,2,11,2,2,0.0,0.0,0.0,0.0,0.0,2.0,14,7,11
102453,4,2,3,10,8,3,0,1,0,0,2,19,2,4,1.0,0.0,0.0,0.0,1.0,2.0,10,1,7
128984,16,2,3,10,8,3,0,1,0,0,2,19,2,3,1.0,0.0,0.0,1.0,0.0,2.0,9,7,9
71816,15,2,3,10,8,3,0,1,1,1,1,36,2,2,0.0,0.0,0.0,0.0,0.0,2.0,14,6,6
58437,16,2,1,17,8,3,0,1,0,1,2,37,2,2,0.0,0.0,0.0,0.0,0.0,2.0,22,1,5
111066,16,2,3,0,8,3,0,4,0,1,2,18,2,2,0.0,0.0,0.0,0.0,0.0,5.0,13,6,8
60286,16,2,3,0,8,3,0,5,0,1,2,6,2,2,0.0,0.0,0.0,0.0,0.0,2.0,19,1,5
32290,4,2,3,17,1,3,0,1,1,1,2,22,2,2,0.0,0.0,0.0,0.0,0.0,2.0,15,5,3
28710,16,2,4,10,8,3,0,1,1,1,1,19,2,2,0.0,0.0,0.0,0.0,0.0,2.0,17,5,3