crash_date,               traffic_control_device,weather_condition,lighting_condition,first_crash_type,trafficway_type,alignment,roadway_surface_cond,road_defect,crash_type,intersection_related_i,damage,prim_contributory_cause,num_units,most_severe_injury,injuries_total,injuries_fatal,injuries_incapacitating,injuries_non_incapacitating,injuries_reported_not_evident,injuries_no_indication,crash_hour,crash_day_of_week,crash_month
169211,15,7,3,0,11,3,6,1,1,1,2,16,2,2,0.0,0.0,0.0,0.0,0.0,2.0,14,1,11
171124,4,2,1,15,8,3,0,1,1,1,1,18,2,2,0.0,0.0,0.0,0.0,0.0,2.0,17,3,11
15892,16,2,3,17,8,3,0,1,0,1,2,18,2,4,1.0,0.0,0.0,0.0,1.0,1.0,9,5,2
51562,15,2,1,11,6,3,0,1,1,1,2,21,2,2,0.0,0.0,0.0,0.0,0.0,2.0,21,6,4
93907,16,2,3,8,19,3,0,1,0,1,1,18,2,3,1.0,0.0,0.0,1.0,0.0,1.0,16,6,7
36549,16,2,3,15,6,3,0,1,1,1,2,23,2,2,0.0,0.0,0.0,0.0,0.0,2.0,8,6,3
111022,15,7,3,10,2,3,6,1,1,1,1,39,2,2,0.0,0.0,0.0,0.0,0.0,4.0,17,4,8
139880,17,2,3,10,2,3,5,5,1,1,1,26,2,2,0.0,0.0,0.0,0.0,0.0,2.0,7,4,10
111967,4,2,3,17,2,3,0,1,0,1,2,24,2,2,0.0,0.0,0.0,0.0,0.0,3.0,6,4,8
127188,16,2,3,17,8,3,0,1,1,1,2,36,2,2,0.0,0.0,0.0,0.0,0.0,5.0,15,4,9
121248,6,2,3,17,15,3,0,1,0,1,2,36,2,4,1.0,0.0,0.0,0.0,1.0,2.0,16,2,9
28813,4,2,3,10,3,2,0,1,1,0,2,26,2,2,0.0,0.0,0.0,0.0,0.0,3.0,15,7,3
122504,15,2,1,10,8,4,0,1,1,1,2,36,2,2,0.0,0.0,0.0,0.0,0.0,2.0,2,7,9
188831,16,2,1,0,6,3,0,1,0,1,2,36,2,2,0.0,0.0,0.0,0.0,0.0,6.0,23,5,12
44119,16,7,3,0,2,3,6,1,1,1,1,18,2,2,0.0,0.0,0.0,0.0,0.0,2.0,7,4,4
117270,16,2,1,7,2,3,0,1,1,1,2,13,2,2,0.0,0.0,0.0,0.0,0.0,1.0,1,1,8
158616,15,11,5,8,17,3,5,5,1,1,0,26,2,2,0.0,0.0,0.0,0.0,0.0,2.0,19,6,11
69509,4,7,3,15,10,3,6,1,1,1,1,36,2,2,0.0,0.0,0.0,0.0,0.0,3.0,9,6,5
41375,17,7,3,15,8,3,6,1,1,1,1,16,2,2,0.0,0.0,0.0,0.0,0.0,4.0,18,4,3
150437,16,2,3,0,8,3,0,1,0,1,2,6,4,2,0.0,0.0,0.0,0.0,0.0,4.0,13,3,10
131454,4,3,3,10,2,3,0,1,0,1,2,19,2,4,1.0,0.0,0.0,0.0,1.0,1.0,8,6,9
170336,16,2,3,17,2,3,0,1,1,1,2,18,2,2,0.0,0.0,0.0,0.0,0.0,2.0,11,4,11
80804,16,2,1,0,6,3,0,1,0,1,2,6,2,3,2.0,0.0,0.0,1.0,1.0,1.0,3,7,6
152826,16,2,3,15,2,3,0,5,1,1,2,36,2,2,0.0,0.0,0.0,0.0,0.0,2.0,16,6,10
158043,16,2,3,15,2,3,0,1,1,1,2,22,2,2,0.0,0.0,0.0,0.0,0.0,2.0,17,7,11
139486,15,2,3,0,6,3,0,1,1,1,0,18,2,2,0.0,0.0,0.0,0.0,0.0,3.0,17,6,10
111429,15,2,1,7,10,3,0,1,1,1,2,36,2,2,0.0,0.0,0.0,0.0,0.0,1.0,0,2,8
41119,15,2,1,10,8,3,0,1,1,1,1,19,2,2,0.0,0.0,0.0,0.0,0.0,2.0,22,6,3
38890,16,2,3,10,8,3,5,5,1,1,0,36,2,2,0.0,0.0,0.0,0.0,0.0,3.0,14,6,3
59403,16,7,3,0,8,3,6,1,1,1,2,18,2,2,0.0,0.0,0.0,0.0,0.0,2.0,10,1,5
168283,16,2,0,15,10,3,0,1,1,1,1,36,2,2,0.0,0.0,0.0,0.0,0.0,2.0,17,7,11
60444,16,2,3,17,6,3,0,1,0,1,2,24,2,2,0.0,0.0,0.0,0.0,0.0,2.0,12,3,5
41420,16,2,3,17,2,3,0,5,0,1,2,36,2,3,1.0,0.0,0.0,1.0,0.0,2.0,15,6,3
160536,16,3,3,0,6,3,0,1,0,1,2,36,2,2,0.0,0.0,0.0,0.0,0.0,3.0,11,2,11
98186,15,3,3,8,10,3,5,1,0,1,0,15,2,1,1.0,0.0,1.0,0.0,0.0,1.0,17,6,7
11240,16,2,3,0,6,3,0,0,0,1,2,36,2,2,0.0,0.0,0.0,0.0,0.0,4.0,18,7,1
85586,16,2,3,8,2,3,0,1,0,1,2,18,2,3,1.0,0.0,0.0,1.0,0.0,2.0,18,1,6
99163,15,2,3,0,6,3,0,1,1,1,2,36,2,2,0.0,0.0,0.0,0.0,0.0,2.0,14,2,7
151327,4,2,3,0,8,3,0,1,1,0,2,18,2,2,0.0,0.0,0.0,0.0,0.0,3.0,15,2,10
4669,15,2,3,0,8,3,0,5,1,1,1,18,2,2,0.0,0.0,0.0,0.0,0.0,3.0,13,2,1
36931,16,2,3,0,6,3,0,1,0,1,2,6,2,2,0.0,0.0,0.0,0.0,0.0,4.0,7,6,3
105333,4,2,3,17,8,3,0,5,0,1,2,36,2,2,0.0,0.0,0.0,0.0,0.0,4.0,13,3,8
186099,16,2,3,0,8,4,0,1,0,1,2,6,2,2,0.0,0.0,0.0,0.0,0.0,2.0,8,3,12
151558,4,2,1,7,8,3,0,1,1,1,0,21,2,2,0.0,0.0,0.0,0.0,0.0,3.0,18,3,10
57296,16,2,3,17,3,3,0,1,0,1,2,6,2,3,1.0,0.0,0.0,1.0,0.0,5.0,7,3,5
140292,15,2,1,6,15,3,0,1,0,1,2,36,1,2,0.0,0.0,0.0,0.0,0.0,1.0,23,4,10
37260,16,2,3,17,8,3,0,1,1,1,2,36,2,2,0.0,0.0,0.0,0.0,0.0,4.0,17,4,3
183878,15,2,1,17,6,3,0,1,1,1,2,36,2,2,0.0,0.0,0.0,0.0,0.0,3.0,23,2,12
93232,15,2,3,0,6,3,0,1,1,1,1,26,2,2,0.0,0.0,0.0,0.0,0.0,2.0,18,1,7
99007,16,2,3,10,15,3,0,5,1,1,1,19,2,2,0.0,0.0,0.0,0.0,0.0,2.0,11,5,7
109932,16,2,1,10,3,3,0,1,0,1,2,19,2,3,2.0,0.0,0.0,1.0,1.0,2.0,21,1,8
13503,15,3,5,5,8,3,0,0,1,1,1,36,1,2,0.0,0.0,0.0,0.0,0.0,1.0,9,3,1
15671,16,3,1,3,1,3,4,1,0,1,2,22,2,2,0.0,0.0,0.0,0.0,0.0,2.0,1,7,2
135188,16,2,3,0,5,3,0,1,0,1,2,6,2,3,1.0,0.0,0.0,1.0,0.0,1.0,14,3,9
8168,15,2,1,0,8,3,6,1,0,1,2,5,2,2,0.0,0.0,0.0,0.0,0.0,2.0,22,4,1
83041,15,2,3,10,2,3,0,5,1,1,1,19,2,2,0.0,0.0,0.0,0.0,0.0,2.0,10,4,6
126443,15,7,3,15,6,3,6,1,0,1,2,14,2,2,0.0,0.0,0.0,0.0,0.0,2.0,14,2,9
188732,15,11,3,0,6,3,5,5,1,1,2,5,2,2,0.0,0.0,0.0,0.0,0.0,2.0,13,3,12
133066,16,2,1,9,1,3,0,1,0,1,0,38,2,1,1.0,0.0,1.0,0.0,0.0,1.0,19,7,9
98615,16,2,3,0,6,3,0,1,0,1,2,6,2,3,2.0,0.0,0.0,2.0,0.0,0.0,18,6,7
153147,16,2,3,0,6,3,0,5,0,1,2,6,2,2,0.0,0.0,0.0,0.0,0.0,2.0,14,5,10
51516,16,2,3,10,15,3,0,1,0,1,2,17,3,2,0.0,0.0,0.0,0.0,0.0,4.0,13,6,4
41752,4,2,3,15,10,3,0,5,1,0,2,18,2,2,0.0,0.0,0.0,0.0,0.0,3.0,13,7,3
136797,16,2,1,17,8,3,0,1,1,1,2,23,2,2,0.0,0.0,0.0,0.0,0.0,2.0,18,4,9
132624,15,7,3,17,2,3,6,1,0,1,2,18,2,2,0.0,0.0,0.0,0.0,0.0,4.0,15,1,9
17435,16,2,1,17,8,3,6,1,1,1,2,36,2,2,0.0,0.0,0.0,0.0,0.0,2.0,17,4,2
93630,16,2,1,0,2,3,5,5,0,1,2,36,2,1,3.0,0.0,3.0,0.0,0.0,1.0,22,6,7
173172,16,2,4,0,6,3,0,1,0,1,2,18,2,4,2.0,0.0,0.0,0.0,2.0,0.0,16,2,12
118723,15,2,3,0,6,3,0,1,0,1,2,5,2,2,0.0,0.0,0.0,0.0,0.0,2.0,11,2,8
107713,16,2,3,10,2,3,5,5,1,1,1,23,2,2,0.0,0.0,0.0,0.0,0.0,2.0,17,2,8
100223,16,2,3,15,10,3,0,1,1,1,1,22,2,2,0.0,0.0,0.0,0.0,0.0,2.0,12,2,7
144200,16,2,3,8,8,3,0,1,0,1,0,36,2,3,1.0,0.0,0.0,1.0,0.0,1.0,17,7,10
170882,16,2,3,10,8,3,0,1,0,1,1,19,2,2,0.0,0.0,0.0,0.0,0.0,2.0,12,7,11
55828,16,2,3,15,2,3,0,1,0,1,2,36,2,2,0.0,0.0,0.0,0.0,0.0,3.0,15,7,4
125586,16,2,1,17,2,3,0,1,0,1,2,24,2,3,2.0,0.0,0.0,2.0,0.0,0.0,20,2,9
172393,16,2,3,15,8,4,0,1,1,1,2,23,2,2,0.0,0.0,0.0,0.0,0.0,2.0,13,3,12
172032,15,2,1,0,8,3,0,1,1,1,2,18,2,2,0.0,0.0,0.0,0.0,0.0,2.0,17,5,11
147682,16,7,3,15,8,3,6,1,1,1,2,36,2,2,0.0,0.0,0.0,0.0,0.0,2.0,16,1,10
68250,16,2,3,17,3,3,0,1,0,1,2,18,2,4,1.0,0.0,0.0,0.0,1.0,1.0,12,6,5
184991,4,2,3,17,8,3,0,5,0,0,2,24,2,3,2.0,0.0,0.0,2.0,0.0,2.0,15,5,12
43801,16,11,5,15,8,3,5,5,1,1,2,6,2,2,0.0,0.0,0.0,0.0,0.0,3.0,22,5,4
33773,15,2,3,0,6,3,0,1,1,1,2,36,2,2,0.0,0.0,0.0,0.0,0.0,2.0,17,3,3
138059,16,2,1,9,15,3,0,1,0,1,0,6,2,3,1.0,0.0,0.0,1.0,0.0,2.0,20,1,10
114013,16,2,3,15,8,3,0,1,0,1,2,36,2,4,1.0,0.0,0.0,0.0,1.0,4.0,12,2,8
69200,16,2,3,2,8,3,0,1,0,1,2,38,1,2,0.0,0.0,0.0,0.0,0.0,1.0,17,7,5
132356,15,2,3,0,6,3,0,1,1,1,2,18,2,2,0.0,0.0,0.0,0.0,0.0,3.0,15,7,9
51925,16,3,3,15,8,3,6,1,1,0,0,23,2,2,0.0,0.0,0.0,0.0,0.0,13.0,8,6,4
19861,16,2,1,17,8,3,0,1,0,1,2,18,2,2,0.0,0.0,0.0,0.0,0.0,2.0,22,3,2
57675,16,2,3,17,8,3,0,1,1,1,2,23,2,2,0.0,0.0,0.0,0.0,0.0,2.0,6,2,5
180214,16,2,3,10,8,3,0,1,1,1,1,19,2,2,0.0,0.0,0.0,0.0,0.0,2.0,12,6,12
37439,16,2,1,0,6,3,0,1,0,1,2,36,3,3,3.0,0.0,0.0,3.0,0.0,2.0,22,1,3
72205,15,2,3,2,3,3,0,1,1,1,2,22,1,2,0.0,0.0,0.0,0.0,0.0,1.0,12,5,6
32586,15,2,3,7,8,3,0,1,0,1,2,13,2,2,0.0,0.0,0.0,0.0,0.0,1.0,8,1,3
156995,16,7,1,2,2,3,6,2,0,1,2,36,1,2,0.0,0.0,0.0,0.0,0.0,1.0,17,7,11
113021,4,2,3,10,8,3,0,1,1,1,1,8,2,2,0.0,0.0,0.0,0.0,0.0,3.0,17,5,8
17146,15,10,3,17,2,3,6,1,1,1,2,18,2,2,0.0,0.0,0.0,0.0,0.0,4.0,12,6,2
92110,16,2,3,10,3,4,0,1,1,1,1,19,2,2,0.0,0.0,0.0,0.0,0.0,2.0,17,5,7
145629,16,7,1,0,8,3,6,1,0,1,2,18,2,3,4.0,0.0,0.0,4.0,0.0,1.0,1,7,10
138637,16,2,1,8,6,3,0,1,1,1,0,36,2,2,0.0,0.0,0.0,0.0,0.0,3.0,22,2,10
84780,16,2,3,15,3,3,0,1,1,0,2,23,2,2,0.0,0.0,0.0,0.0,0.0,3.0,15,3,6
145019,16,2,1,17,6,3,0,1,0,1,2,24,3,3,1.0,0.0,0.0,1.0,0.0,3.0,20,5,10
6691,16,2,3,17,8,3,0,1,1,1,1,36,2,2,0.0,0.0,0.0,0.0,0.0,3.0,7,3,1
33499,16,2,3,10,3,3,0,1,1,1,2,19,2,2,0.0,0.0,0.0,0.0,0.0,3.0,13,5,3
171635,15,2,1,10,8,3,0,1,1,1,0,12,2,2,0.0,0.0,0.0,0.0,0.0,5.0,18,5,11
89484,16,2,3,2,2,3,0,3,1,1,0,36,1,2,0.0,0.0,0.0,0.0,0.0,1.0,15,5,7
110246,4,2,3,8,3,3,0,1,0,1,2,36,2,3,1.0,0.0,0.0,1.0,0.0,2.0,15,7,8
127283,16,2,3,15,10,3,0,1,1,1,2,23,2,2,0.0,0.0,0.0,0.0,0.0,2.0,17,5,9
156950,4,10,3,17,8,3,4,1,0,0,2,17,2,2,0.0,0.0,0.0,0.0,0.0,4.0,8,6,11
171265,16,11,5,0,8,3,5,5,1,1,2,6,2,2,0.0,0.0,0.0,0.0,0.0,2.0,23,5,11
122837,16,2,3,10,8,3,6,1,1,1,1,19,2,2,0.0,0.0,0.0,0.0,0.0,5.0,17,4,9
150251,15,2,3,10,8,3,0,1,1,1,0,19,2,2,0.0,0.0,0.0,0.0,0.0,2.0,14,3,10
61161,16,2,1,17,8,3,0,1,1,1,2,36,2,2,0.0,0.0,0.0,0.0,0.0,2.0,1,7,5
49161,15,2,1,0,6,3,0,1,0,1,2,5,3,3,1.0,0.0,0.0,1.0,0.0,2.0,21,5,4
41838,15,2,3,0,2,3,0,1,1,1,2,18,2,2,0.0,0.0,0.0,0.0,0.0,3.0,16,6,3
109581,4,7,1,7,8,3,6,1,0,1,2,17,3,2,0.0,0.0,0.0,0.0,0.0,1.0,22,4,8
46147,4,2,3,17,8,3,0,1,0,1,2,26,2,3,1.0,0.0,0.0,1.0,0.0,2.0,11,7,4
32692,16,2,1,0,8,3,0,1,1,1,1,18,2,2,0.0,0.0,0.0,0.0,0.0,2.0,20,4,3
150933,16,2,1,17,8,3,0,1,1,1,1,18,2,2,0.0,0.0,0.0,0.0,0.0,2.0,5,7,10
61590,4,2,3,10,8,3,0,1,1,1,1,19,2,2,0.0,0.0,0.0,0.0,0.0,3.0,18,6,5
4674,15,2,3,9,2,3,0,1,0,1,1,36,2,3,1.0,0.0,0.0,1.0,0.0,1.0,13,2,1
114048,16,2,1,0,2,3,0,1,0,1,2,36,3,2,0.0,0.0,0.0,0.0,0.0,3.0,2,1,8
481,16,11,0,10,6,4,0,5,1,1,2,36,2,2,0.0,0.0,0.0,0.0,0.0,2.0,6,4,1
17405,4,2,3,17,8,3,4,1,1,1,2,36,2,2,0.0,0.0,0.0,0.0,0.0,2.0,9,3,2
122063,16,2,3,17,8,3,0,5,0,1,2,13,2,2,0.0,0.0,0.0,0.0,0.0,3.0,17,1,9
38590,16,2,1,0,8,3,0,1,1,1,1,36,2,2,0.0,0.0,0.0,0.0,0.0,2.0,20,7,3
144402,15,7,1,10,15,3,6,1,0,1,2,36,2,2,0.0,0.0,0.0,0.0,0.0,3.0,17,4,10
103842,15,2,1,0,6,3,0,1,1,1,2,18,2,2,0.0,0.0,0.0,0.0,0.0,4.0,21,2,7
87354,16,2,1,17,2,3,0,1,1,1,0,18,2,2,0.0,0.0,0.0,0.0,0.0,3.0,22,7,6
100092,16,2,1,10,6,3,0,1,0,1,2,36,2,3,1.0,0.0,0.0,1.0,0.0,4.0,0,1,7
132153,15,2,3,3,8,3,0,1,1,1,1,24,2,2,0.0,0.0,0.0,0.0,0.0,5.0,12,2,9
7053,4,7,3,15,3,3,6,1,1,1,1,18,2,2,0.0,0.0,0.0,0.0,0.0,2.0,9,6,1
118640,16,3,3,10,6,3,0,1,1,1,0,18,2,2,0.0,0.0,0.0,0.0,0.0,7.0,19,1,8
90416,17,2,3,10,8,3,5,5,1,1,2,22,2,2,0.0,0.0,0.0,0.0,0.0,3.0,18,5,7
26180,15,2,1,0,8,3,0,1,0,1,2,18,2,3,1.0,0.0,0.0,1.0,0.0,2.0,18,5,2
148338,16,2,1,15,16,3,0,1,1,1,2,18,2,2,0.0,0.0,0.0,0.0,0.0,4.0,18,3,10
98353,16,3,3,17,5,3,5,5,1,1,2,36,2,2,0.0,0.0,0.0,0.0,0.0,2.0,8,1,7
141164,16,7,3,17,8,3,6,1,1,1,2,24,2,2,0.0,0.0,0.0,0.0,0.0,2.0,8,1,10
170526,16,3,3,0,6,3,6,1,0,1,2,6,2,4,2.0,0.0,0.0,0.0,2.0,1.0,8,2,11
97723,4,3,3,17,8,3,6,1,0,1,2,36,2,2,0.0,0.0,0.0,0.0,0.0,2.0,17,6,7
68389,4,2,3,10,2,3,0,1,0,1,2,17,2,2,0.0,0.0,0.0,0.0,0.0,2.0,9,3,5
161175,16,2,1,0,6,3,0,1,0,1,2,5,3,2,0.0,0.0,0.0,0.0,0.0,4.0,17,5,11
37892,18,2,3,15,11,3,0,1,1,1,2,23,2,2,0.0,0.0,0.0,0.0,0.0,2.0,17,3,3
186296,16,2,1,15,6,3,0,1,0,1,2,23,2,2,0.0,0.0,0.0,0.0,0.0,2.0,19,1,12
78612,16,7,2,0,15,3,6,1,0,1,2,39,2,2,0.0,0.0,0.0,0.0,0.0,3.0,5,3,6
5110,15,10,1,0,6,3,0,1,1,1,2,18,2,2,0.0,0.0,0.0,0.0,0.0,4.0,19,7,1
50453,16,11,5,10,2,3,5,5,1,1,0,36,2,2,0.0,0.0,0.0,0.0,0.0,2.0,15,1,4
53474,16,2,3,17,8,3,0,1,1,1,2,36,2,2,0.0,0.0,0.0,0.0,0.0,3.0,16,4,4
158556,16,7,1,10,6,3,6,5,1,1,2,39,2,2,0.0,0.0,0.0,0.0,0.0,2.0,18,3,11
25987,16,10,3,14,2,3,4,1,1,1,2,23,3,2,0.0,0.0,0.0,0.0,0.0,5.0,16,5,2
4964,16,7,4,10,8,3,6,1,1,1,1,18,2,2,0.0,0.0,0.0,0.0,0.0,2.0,16,5,1
90562,16,2,1,0,8,3,0,1,1,1,2,6,2,2,0.0,0.0,0.0,0.0,0.0,3.0,23,7,7
52413,16,2,3,17,8,3,5,5,0,1,1,19,2,3,1.0,0.0,0.0,1.0,0.0,1.0,14,1,4
31253,16,10,1,17,10,3,4,1,1,1,2,18,2,2,0.0,0.0,0.0,0.0,0.0,3.0,5,2,3
64764,15,3,3,8,15,3,0,1,0,1,2,36,2,3,1.0,0.0,0.0,1.0,0.0,1.0,12,7,5
31810,17,11,5,10,17,3,5,5,1,1,2,36,2,2,0.0,0.0,0.0,0.0,0.0,3.0,14,6,3
186204,16,2,3,0,6,3,6,5,1,1,2,6,2,2,0.0,0.0,0.0,0.0,0.0,2.0,8,5,12
38836,17,11,5,17,2,3,5,5,1,1,1,36,2,2,0.0,0.0,0.0,0.0,0.0,2.0,18,7,3
94828,16,2,1,0,8,3,0,1,0,1,2,6,2,3,1.0,0.0,0.0,1.0,0.0,2.0,4,5,7
59161,16,2,3,17,6,3,0,1,1,1,2,18,2,2,0.0,0.0,0.0,0.0,0.0,2.0,14,5,5
184651,16,2,1,0,2,3,5,1,0,1,1,18,2,3,1.0,0.0,0.0,1.0,0.0,1.0,2,1,12
179282,15,2,3,0,8,3,0,1,0,1,2,36,2,2,0.0,0.0,0.0,0.0,0.0,2.0,9,3,12
54389,16,2,3,15,10,3,0,1,1,1,2,18,2,2,0.0,0.0,0.0,0.0,0.0,2.0,15,5,4
22129,4,2,3,0,8,3,0,5,1,1,1,18,2,2,0.0,0.0,0.0,0.0,0.0,2.0,16,6,2
120552,16,2,1,0,2,3,0,1,0,1,2,3,2,2,0.0,0.0,0.0,0.0,0.0,6.0,19,6,9
12248,15,1,1,14,6,3,4,1,0,1,2,18,2,2,0.0,0.0,0.0,0.0,0.0,1.0,2,4,1
160779,16,2,0,10,6,3,0,1,1,1,2,19,2,2,0.0,0.0,0.0,0.0,0.0,2.0,23,7,11
102875,16,2,3,17,11,3,0,1,1,1,2,18,2,2,0.0,0.0,0.0,0.0,0.0,2.0,7,7,7
134951,16,2,3,2,3,3,0,1,1,1,0,36,1,2,0.0,0.0,0.0,0.0,0.0,1.0,16,5,9
93725,4,2,3,8,0,3,0,1,0,1,0,28,2,3,1.0,0.0,0.0,1.0,0.0,1.0,17,2,7
65809,16,2,3,17,8,3,0,1,0,1,2,18,3,2,0.0,0.0,0.0,0.0,0.0,3.0,16,5,5
147443,15,2,3,17,8,3,0,1,0,1,2,18,2,3,2.0,0.0,0.0,2.0,0.0,1.0,17,3,10
111068,4,2,3,0,15,3,0,1,0,1,2,18,2,4,2.0,0.0,0.0,0.0,2.0,2.0,13,6,8
151204,4,2,1,7,8,3,0,1,1,1,1,12,2,2,0.0,0.0,0.0,0.0,0.0,1.0,22,7,10
21686,16,2,3,17,11,3,0,1,1,1,2,36,2,2,0.0,0.0,0.0,0.0,0.0,2.0,10,5,2
169607,16,2,3,17,5,3,0,1,1,1,1,36,2,2,0.0,0.0,0.0,0.0,0.0,2.0,12,2,11
14626,16,7,3,17,2,3,6,1,1,1,2,19,2,2,0.0,0.0,0.0,0.0,0.0,2.0,8,3,1
154342,16,2,1,0,6,3,0,1,0,1,2,6,2,2,0.0,0.0,0.0,0.0,0.0,3.0,5,1,10
88404,16,2,3,10,8,3,0,3,1,1,1,19,2,2,0.0,0.0,0.0,0.0,0.0,2.0,6,3,7
7643,4,10,3,15,2,3,4,1,0,1,2,12,2,2,0.0,0.0,0.0,0.0,0.0,2.0,9,3,1
65675,16,11,3,17,8,3,5,1,1,1,2,36,2,2,0.0,0.0,0.0,0.0,0.0,3.0,11,1,5
181798,15,2,2,0,6,3,0,1,0,1,2,36,2,4,1.0,0.0,0.0,0.0,1.0,1.0,5,3,12
9005,15,2,3,0,6,3,0,1,0,1,2,18,2,2,0.0,0.0,0.0,0.0,0.0,3.0,7,4,1
172422,16,2,1,0,6,3,0,1,0,1,2,36,2,3,1.0,0.0,0.0,1.0,0.0,2.0,20,3,12
162763,16,7,1,10,8,3,6,1,1,1,2,17,2,2,0.0,0.0,0.0,0.0,0.0,2.0,3,7,11
140495,16,7,1,17,8,3,6,1,0,1,2,39,2,2,0.0,0.0,0.0,0.0,0.0,2.0,18,6,10
132597,4,2,3,0,10,3,0,4,1,1,1,18,2,2,0.0,0.0,0.0,0.0,0.0,2.0,12,7,9
92262,15,2,3,11,8,3,0,5,0,1,2,36,2,2,0.0,0.0,0.0,0.0,0.0,2.0,9,7,7
112828,15,2,3,15,6,3,0,1,0,1,2,23,2,2,0.0,0.0,0.0,0.0,0.0,2.0,18,4,8
5375,15,2,3,0,6,3,0,1,0,1,2,36,2,2,0.0,0.0,0.0,0.0,0.0,2.0,15,7,1
102103,4,2,3,14,8,3,0,1,1,0,2,18,2,2,0.0,0.0,0.0,0.0,0.0,2.0,18,4,7
89969,4,2,1,17,6,3,0,1,1,1,1,18,2,2,0.0,0.0,0.0,0.0,0.0,2.0,4,6,7
160896,4,10,3,7,10,3,6,1,1,1,2,36,2,2,0.0,0.0,0.0,0.0,0.0,1.0,9,6,11
17231,16,11,3,10,8,3,5,5,0,1,2,19,2,3,3.0,0.0,0.0,1.0,2.0,1.0,12,7,2
193,16,2,3,0,6,3,6,1,0,1,2,36,2,3,6.0,0.0,0.0,6.0,0.0,0.0,15,4,1
77231,15,2,3,17,8,3,0,1,1,1,1,18,2,2,0.0,0.0,0.0,0.0,0.0,3.0,18,3,6
178373,16,2,3,10,8,3,0,1,1,1,1,19,2,2,0.0,0.0,0.0,0.0,0.0,3.0,15,4,12
175855,16,2,0,14,8,3,0,1,1,1,2,18,2,2,0.0,0.0,0.0,0.0,0.0,2.0,20,5,12
152294,16,2,4,17,2,3,0,1,1,1,2,36,2,2,0.0,0.0,0.0,0.0,0.0,3.0,17,6,10
21431,16,2,1,2,3,3,4,5,0,1,2,17,1,2,0.0,0.0,0.0,0.0,0.0,1.0,0,1,2
25724,4,2,3,7,2,3,0,1,1,1,1,36,2,2,0.0,0.0,0.0,0.0,0.0,1.0,9,4,2
138159,15,2,3,17,2,3,0,1,0,1,2,34,2,4,1.0,0.0,0.0,0.0,1.0,2.0,8,6,10
183400,15,3,4,17,2,3,0,1,1,1,2,23,2,2,0.0,0.0,0.0,0.0,0.0,2.0,16,3,12
55462,4,2,3,17,2,2,0,1,1,1,2,19,2,2,0.0,0.0,0.0,0.0,0.0,2.0,17,2,4
59583,15,2,3,17,11,3,0,1,0,1,2,36,2,2,0.0,0.0,0.0,0.0,0.0,5.0,9,3,5
146815,4,2,3,17,15,3,0,1,0,1,2,18,2,3,1.0,0.0,0.0,1.0,0.0,1.0,15,4,10
81939,16,2,3,10,8,3,0,1,1,1,2,19,2,2,0.0,0.0,0.0,0.0,0.0,2.0,12,1,6
131006,15,2,3,0,8,3,0,5,1,1,2,36,2,2,0.0,0.0,0.0,0.0,0.0,2.0,14,2,9
150959,15,2,1,0,2,3,0,5,1,1,2,5,2,2,0.0,0.0,0.0,0.0,0.0,2.0,21,2,10
28247,15,10,1,10,8,3,1,1,1,1,0,19,2,2,0.0,0.0,0.0,0.0,0.0,2.0,18,3,3
88007,16,2,3,13,6,3,0,1,1,1,2,6,2,2,0.0,0.0,0.0,0.0,0.0,2.0,19,4,7
112595,17,2,4,8,8,3,0,5,1,1,0,36,2,2,0.0,0.0,0.0,0.0,0.0,2.0,23,6,8
11553,4,2,1,15,8,3,0,1,1,1,2,36,2,2,0.0,0.0,0.0,0.0,0.0,2.0,19,5,1
167495,15,3,3,17,8,3,5,5,1,1,1,36,2,2,0.0,0.0,0.0,0.0,0.0,2.0,12,3,11
50756,16,2,3,15,8,3,0,1,1,1,2,22,2,2,0.0,0.0,0.0,0.0,0.0,2.0,16,5,4
169898,4,2,4,10,8,3,0,1,1,1,1,19,2,2,0.0,0.0,0.0,0.0,0.0,2.0,16,6,11
185352,16,2,3,17,2,3,0,1,0,1,2,24,2,3,1.0,0.0,0.0,1.0,0.0,3.0,10,2,12
152231,3,11,3,17,1,2,5,5,1,1,2,22,2,2,0.0,0.0,0.0,0.0,0.0,2.0,17,5,10
153799,15,2,3,9,6,3,0,1,0,1,0,2,2,3,1.0,0.0,0.0,1.0,0.0,1.0,9,7,10
150344,4,2,0,15,13,3,0,1,1,0,2,22,2,2,0.0,0.0,0.0,0.0,0.0,2.0,19,1,10
180231,15,2,3,10,8,4,0,1,1,1,1,19,2,2,0.0,0.0,0.0,0.0,0.0,2.0,14,7,12
49046,16,2,3,17,8,3,0,1,0,1,2,24,2,2,0.0,0.0,0.0,0.0,0.0,2.0,15,2,4
41346,15,2,3,7,8,3,0,1,0,1,2,23,2,2,0.0,0.0,0.0,0.0,0.0,1.0,9,6,3
154052,16,2,1,17,2,3,0,1,0,1,2,36,2,4,1.0,0.0,0.0,0.0,1.0,2.0,18,3,10
121738,15,7,0,17,8,3,6,1,1,1,2,18,2,2,0.0,0.0,0.0,0.0,0.0,2.0,21,2,9
55080,16,2,3,0,8,3,0,1,0,1,2,6,2,3,1.0,0.0,0.0,1.0,0.0,2.0,15,1,4
186007,16,7,1,0,19,3,6,1,0,1,2,36,2,2,0.0,0.0,0.0,0.0,0.0,2.0,17,4,12