crash_date,               traffic_control_device,weather_condition,lighting_condition,first_crash_type,trafficway_type,alignment,roadway_surface_cond,road_defect,crash_type,intersection_related_i,damage,prim_contributory_cause,num_units,most_severe_injury,injuries_total,injuries_fatal,injuries_incapacitating,injuries_non_incapacitating,injuries_reported_not_evident,injuries_no_indication,crash_hour,crash_day_of_week,crash_month
167614,16,2,3,15,10,3,0,1,1,1,0,18,2,2,0.0,0.0,0.0,0.0,0.0,2.0,15,3,11
152284,16,3,3,10,8,3,5,5,0,1,2,19,2,4,1.0,0.0,0.0,0.0,1.0,3.0,14,6,10
121766,16,2,3,10,8,4,0,4,1,1,1,36,2,2,0.0,0.0,0.0,0.0,0.0,2.0,15,3,9
102366,16,2,1,17,2,3,0,1,1,1,1,24,2,2,0.0,0.0,0.0,0.0,0.0,5.0,23,6,7
57134,16,11,1,0,6,3,5,1,0,1,2,6,2,2,0.0,0.0,0.0,0.0,0.0,2.0,20,6,5
116682,4,2,1,0,8,3,0,1,0,1,2,11,3,3,1.0,0.0,0.0,1.0,0.0,1.0,21,5,8
28413,16,2,3,10,8,3,0,1,1,1,1,36,2,2,0.0,0.0,0.0,0.0,0.0,2.0,11,6,3
93170,4,2,4,8,8,3,0,1,0,1,1,18,2,3,1.0,0.0,0.0,1.0,0.0,2.0,20,7,7
106601,4,7,3,10,8,3,6,1,0,0,2,12,2,2,0.0,0.0,0.0,0.0,0.0,2.0,11,7,8
3255,16,2,1,10,6,3,5,1,1,1,0,6,2,2,0.0,0.0,0.0,0.0,0.0,2.0,1,7,1
95289,16,2,1,15,8,3,0,1,0,1,1,23,2,4,1.0,0.0,0.0,0.0,1.0,3.0,23,5,7
52790,16,11,5,17,11,3,5,5,1,0,2,36,2,2,0.0,0.0,0.0,0.0,0.0,2.0,14,1,4
69550,15,2,3,10,6,3,0,1,1,0,1,19,2,2,0.0,0.0,0.0,0.0,0.0,2.0,14,7,5
163022,16,2,3,17,2,3,0,1,1,1,1,36,2,2,0.0,0.0,0.0,0.0,0.0,4.0,15,2,11
15175,16,2,3,17,2,3,6,5,0,1,2,36,3,3,1.0,0.0,0.0,1.0,0.0,2.0,15,6,2
162914,16,2,3,15,8,3,0,5,0,1,2,18,2,2,0.0,0.0,0.0,0.0,0.0,2.0,10,2,11
115360,15,2,3,10,2,3,0,1,1,1,2,17,2,2,0.0,0.0,0.0,0.0,0.0,2.0,15,1,8
160523,16,2,3,10,10,3,0,1,0,1,2,28,2,4,1.0,0.0,0.0,0.0,1.0,1.0,8,2,11
50779,15,2,3,2,10,3,0,1,0,1,2,17,1,3,1.0,0.0,0.0,1.0,0.0,0.0,13,6,4
109758,16,2,3,0,6,3,0,5,0,1,2,6,2,2,0.0,0.0,0.0,0.0,0.0,2.0,19,1,8
179876,16,11,1,10,8,3,5,1,1,1,2,19,2,2,0.0,0.0,0.0,0.0,0.0,2.0,17,4,12
135324,16,2,3,10,8,3,0,5,1,1,1,12,2,2,0.0,0.0,0.0,0.0,0.0,3.0,12,5,9
166933,15,2,1,15,8,3,0,1,1,1,2,36,2,2,0.0,0.0,0.0,0.0,0.0,2.0,17,4,11
58179,16,2,3,17,8,3,0,1,0,1,2,19,2,3,1.0,0.0,0.0,1.0,0.0,2.0,14,4,5
86582,4,2,3,8,15,3,0,1,1,1,0,31,2,2,0.0,0.0,0.0,0.0,0.0,2.0,11,3,6
100169,16,2,3,10,8,3,0,1,1,1,2,19,2,2,0.0,0.0,0.0,0.0,0.0,2.0,6,4,7
12455,15,2,1,0,2,3,0,1,1,1,0,36,2,2,0.0,0.0,0.0,0.0,0.0,2.0,22,6,1
41665,16,7,3,17,8,3,5,5,1,1,2,36,2,2,0.0,0.0,0.0,0.0,0.0,3.0,8,4,3
64324,16,2,3,10,8,3,0,1,1,0,2,36,2,2,0.0,0.0,0.0,0.0,0.0,2.0,16,2,5
163016,15,2,3,0,8,3,0,5,1,1,2,5,2,2,0.0,0.0,0.0,0.0,0.0,3.0,13,2,11
18179,15,2,1,17,8,3,6,1,1,1,2,18,2,2,0.0,0.0,0.0,0.0,0.0,2.0,4,3,2
165425,16,2,1,0,8,3,0,1,1,1,2,6,2,2,0.0,0.0,0.0,0.0,0.0,4.0,23,7,11
73361,4,2,3,10,3,3,0,5,1,1,2,19,2,2,0.0,0.0,0.0,0.0,0.0,2.0,15,1,6
77729,16,7,3,9,6,3,6,1,0,1,2,8,2,3,1.0,0.0,0.0,1.0,0.0,1.0,13,4,6
95521,16,2,3,15,2,3,0,1,1,1,2,22,2,2,0.0,0.0,0.0,0.0,0.0,3.0,15,7,7
132301,4,2,3,2,8,3,6,1,0,0,2,36,2,3,1.0,0.0,0.0,1.0,0.0,1.0,16,5,9
38959,16,2,1,17,10,3,0,1,1,1,2,24,2,2,0.0,0.0,0.0,0.0,0.0,3.0,21,7,3
175171,16,2,3,0,8,3,0,1,1,1,2,36,2,2,0.0,0.0,0.0,0.0,0.0,2.0,15,2,12
25583,4,2,3,17,8,3,0,1,0,1,2,18,2,2,0.0,0.0,0.0,0.0,0.0,2.0,15,5,2
12683,15,2,3,7,6,3,0,1,1,1,0,36,2,2,0.0,0.0,0.0,0.0,0.0,1.0,6,4,1
55753,16,2,3,15,2,3,0,1,1,0,1,18,2,2,0.0,0.0,0.0,0.0,0.0,2.0,14,6,4
27452,16,2,3,15,8,3,0,1,1,1,2,23,2,2,0.0,0.0,0.0,0.0,0.0,2.0,1,1,2
142995,16,2,3,17,8,3,0,1,0,1,2,24,2,3,1.0,0.0,0.0,1.0,0.0,1.0,11,5,10
115242,16,2,3,15,8,3,0,1,1,1,2,22,2,2,0.0,0.0,0.0,0.0,0.0,2.0,18,5,8
21454,16,2,1,10,2,3,0,1,1,1,2,19,2,2,0.0,0.0,0.0,0.0,0.0,3.0,17,2,2
81123,4,2,2,17,8,3,0,1,0,1,2,23,2,4,1.0,0.0,0.0,0.0,1.0,1.0,5,5,6
40710,15,2,3,7,8,3,0,1,1,1,2,36,2,2,0.0,0.0,0.0,0.0,0.0,1.0,8,5,3
31346,4,2,3,17,8,3,0,1,0,1,2,18,2,4,1.0,0.0,0.0,0.0,1.0,2.0,11,3,3
47200,16,2,3,15,8,3,0,1,1,1,1,18,2,2,0.0,0.0,0.0,0.0,0.0,2.0,13,6,4
72207,4,2,3,9,8,3,5,5,0,1,0,36,3,3,2.0,0.0,0.0,2.0,0.0,1.0,12,5,6
6572,16,10,1,9,10,3,4,1,0,1,0,36,2,4,1.0,0.0,0.0,0.0,1.0,1.0,21,1,1
105674,16,2,3,17,3,3,0,1,1,1,2,18,2,2,0.0,0.0,0.0,0.0,0.0,2.0,14,7,8
20987,16,2,3,17,8,3,0,1,1,1,2,23,2,2,0.0,0.0,0.0,0.0,0.0,2.0,9,2,2
120933,4,2,3,17,6,3,0,1,0,1,1,24,2,4,1.0,0.0,0.0,0.0,1.0,5.0,13,6,9
62907,16,2,1,17,8,3,0,1,1,1,2,36,2,2,0.0,0.0,0.0,0.0,0.0,2.0,1,7,5
146402,15,2,3,2,2,3,0,1,1,1,2,36,1,2,0.0,0.0,0.0,0.0,0.0,2.0,16,2,10
18654,16,2,3,10,10,3,0,1,1,1,2,19,2,2,0.0,0.0,0.0,0.0,0.0,2.0,6,4,2
51039,4,7,1,17,8,3,6,5,0,1,2,23,2,2,0.0,0.0,0.0,0.0,0.0,5.0,19,4,4
9879,4,2,3,17,13,3,0,1,1,0,1,12,2,2,0.0,0.0,0.0,0.0,0.0,2.0,8,5,1
46415,16,2,1,0,8,3,0,1,0,1,2,36,2,4,1.0,0.0,0.0,0.0,1.0,1.0,9,4,4
89605,16,2,1,17,5,3,0,1,1,1,2,24,2,2,0.0,0.0,0.0,0.0,0.0,2.0,2,1,7
30439,16,2,3,17,8,3,0,1,1,1,2,23,2,2,0.0,0.0,0.0,0.0,0.0,2.0,14,3,3
97488,16,2,1,10,15,3,0,1,1,1,1,19,2,2,0.0,0.0,0.0,0.0,0.0,3.0,22,3,7
41224,16,2,3,17,6,3,0,1,1,1,2,23,2,2,0.0,0.0,0.0,0.0,0.0,2.0,17,3,3
140284,16,2,3,17,6,3,0,1,0,1,1,12,2,2,0.0,0.0,0.0,0.0,0.0,2.0,10,4,10
130004,16,7,3,0,2,3,6,1,1,1,2,36,2,2,0.0,0.0,0.0,0.0,0.0,2.0,12,1,9
86539,4,2,3,10,8,3,5,5,1,1,1,19,2,2,0.0,0.0,0.0,0.0,0.0,2.0,13,3,6
94861,16,2,1,10,8,3,0,1,1,1,0,36,2,2,0.0,0.0,0.0,0.0,0.0,2.0,22,5,7
71782,16,2,3,15,2,2,0,1,1,1,1,12,2,2,0.0,0.0,0.0,0.0,0.0,2.0,6,5,6
24660,4,2,3,10,15,3,0,1,0,1,2,14,2,2,0.0,0.0,0.0,0.0,0.0,4.0,16,2,2
15271,16,2,3,17,10,3,0,1,1,1,2,23,2,2,0.0,0.0,0.0,0.0,0.0,3.0,19,7,2
29532,15,2,3,7,10,3,0,1,0,1,2,36,2,1,1.0,0.0,1.0,0.0,0.0,0.0,15,1,3
13927,16,2,1,10,11,3,0,1,1,1,2,19,2,2,0.0,0.0,0.0,0.0,0.0,2.0,19,4,1
54739,15,2,3,0,8,3,0,1,0,1,2,5,2,2,0.0,0.0,0.0,0.0,0.0,2.0,6,3,4
173572,16,2,1,10,10,3,0,1,0,1,2,36,2,4,1.0,0.0,0.0,0.0,1.0,7.0,20,7,12
188669,16,7,0,9,3,3,6,1,0,1,0,36,2,1,1.0,0.0,1.0,0.0,0.0,1.0,17,2,12
172873,16,3,3,15,8,3,6,1,1,1,1,18,2,2,0.0,0.0,0.0,0.0,0.0,2.0,10,1,12
12142,15,2,3,0,6,3,0,1,0,1,2,18,2,3,1.0,0.0,0.0,1.0,0.0,1.0,14,2,1
78451,6,2,3,10,8,3,0,1,1,0,2,19,2,2,0.0,0.0,0.0,0.0,0.0,6.0,13,1,6
170354,4,2,3,2,6,3,0,1,0,1,2,36,1,2,0.0,0.0,0.0,0.0,0.0,1.0,15,6,11
98311,4,7,1,0,10,3,6,5,0,1,2,36,2,2,0.0,0.0,0.0,0.0,0.0,2.0,0,7,7
37530,16,2,4,10,6,3,0,1,1,1,2,19,2,2,0.0,0.0,0.0,0.0,0.0,2.0,18,4,3
76234,15,7,1,0,6,3,6,1,1,1,2,36,2,2,0.0,0.0,0.0,0.0,0.0,2.0,20,3,6
119731,16,2,3,3,6,3,0,1,0,1,2,36,2,3,1.0,0.0,0.0,1.0,0.0,1.0,14,3,8
149647,16,2,3,15,6,3,0,1,1,1,1,23,2,2,0.0,0.0,0.0,0.0,0.0,2.0,14,2,10
129127,15,2,3,0,8,3,0,1,1,1,2,36,2,2,0.0,0.0,0.0,0.0,0.0,2.0,10,2,9
94921,4,7,1,10,8,3,6,1,1,1,1,36,2,2,0.0,0.0,0.0,0.0,0.0,2.0,22,6,7
129222,16,2,3,8,8,3,0,1,0,1,1,18,2,3,1.0,0.0,0.0,1.0,0.0,1.0,17,5,9
72892,16,2,3,17,8,3,0,1,1,1,2,36,2,2,0.0,0.0,0.0,0.0,0.0,5.0,15,1,6
29560,4,2,0,2,4,3,0,1,1,0,2,21,1,2,0.0,0.0,0.0,0.0,0.0,1.0,20,1,3
145529,16,3,3,17,2,3,0,1,1,1,2,36,2,2,0.0,0.0,0.0,0.0,0.0,5.0,11,5,10
79991,4,2,1,17,8,3,0,1,0,1,2,24,2,1,1.0,0.0,1.0,0.0,0.0,2.0,22,7,6
147099,4,2,3,17,3,3,0,1,0,1,2,18,2,2,0.0,0.0,0.0,0.0,0.0,2.0,10,5,10
132917,16,2,3,17,8,3,0,1,1,1,2,18,2,2,0.0,0.0,0.0,0.0,0.0,2.0,12,6,9
69075,16,2,3,17,2,3,0,1,0,1,2,36,2,2,0.0,0.0,0.0,0.0,0.0,2.0,8,6,5
164413,4,11,3,17,8,3,5,5,1,1,2,18,2,2,0.0,0.0,0.0,0.0,0.0,2.0,13,2,11
183628,16,2,0,15,8,3,0,1,1,1,1,36,2,2,0.0,0.0,0.0,0.0,0.0,3.0,15,5,12
92760,16,2,1,0,8,3,0,1,0,1,2,3,3,3,4.0,0.0,0.0,1.0,3.0,0.0,2,1,7
155083,4,11,1,10,8,3,5,1,1,1,2,17,3,2,0.0,0.0,0.0,0.0,0.0,7.0,21,7,10
101411,15,2,3,0,8,3,0,5,1,1,1,18,2,2,0.0,0.0,0.0,0.0,0.0,3.0,16,7,7
59049,15,2,3,8,8,3,5,5,1,1,1,36,2,2,0.0,0.0,0.0,0.0,0.0,2.0,17,2,5
24390,4,2,1,9,8,3,0,1,0,1,2,18,2,3,1.0,0.0,0.0,1.0,0.0,1.0,19,3,2
33150,15,2,3,17,5,3,0,1,1,1,2,24,2,2,0.0,0.0,0.0,0.0,0.0,2.0,12,5,3
77482,15,11,5,10,2,3,5,5,1,1,2,36,2,2,0.0,0.0,0.0,0.0,0.0,2.0,3,1,6
35483,16,3,3,15,2,3,0,1,1,1,1,12,2,2,0.0,0.0,0.0,0.0,0.0,3.0,15,2,3
125247,16,2,1,0,2,3,0,1,0,1,1,6,2,2,0.0,0.0,0.0,0.0,0.0,2.0,0,5,9
15453,16,11,5,15,15,3,5,5,1,1,2,36,3,2,0.0,0.0,0.0,0.0,0.0,3.0,18,4,2
99674,16,2,3,17,2,3,0,1,1,1,2,18,2,2,0.0,0.0,0.0,0.0,0.0,2.0,18,3,7
52983,16,2,3,9,8,3,0,1,0,1,0,18,2,3,1.0,0.0,0.0,1.0,0.0,1.0,15,3,4
44146,16,2,3,17,3,3,0,1,0,1,2,6,2,2,0.0,0.0,0.0,0.0,0.0,5.0,13,5,4
7229,16,3,3,17,6,3,5,5,0,1,2,18,2,2,0.0,0.0,0.0,0.0,0.0,2.0,9,4,1
164955,16,2,3,10,6,3,0,1,1,1,1,36,2,2,0.0,0.0,0.0,0.0,0.0,2.0,6,1,11
125087,16,2,1,10,6,3,0,1,0,1,2,36,2,1,1.0,0.0,1.0,0.0,0.0,1.0,4,2,9
166770,15,2,3,7,8,3,0,1,0,1,2,14,2,2,0.0,0.0,0.0,0.0,0.0,1.0,8,7,11
171522,15,11,1,2,15,3,5,2,1,1,1,32,1,2,0.0,0.0,0.0,0.0,0.0,1.0,21,4,11
110740,16,2,3,0,6,3,0,5,1,1,2,36,2,2,0.0,0.0,0.0,0.0,0.0,3.0,11,7,8
105897,16,2,3,10,6,3,0,1,1,1,1,23,2,2,0.0,0.0,0.0,0.0,0.0,2.0,18,4,8
94164,15,2,3,9,6,3,0,5,0,1,1,18,2,4,1.0,0.0,0.0,0.0,1.0,1.0,8,7,7
172803,4,2,1,2,10,3,0,1,0,1,2,36,1,3,1.0,0.0,0.0,1.0,0.0,1.0,22,7,12
17599,16,5,1,10,10,3,4,1,1,1,1,19,2,2,0.0,0.0,0.0,0.0,0.0,4.0,21,7,2
57578,15,2,3,0,6,3,0,1,0,1,2,18,2,2,0.0,0.0,0.0,0.0,0.0,2.0,13,7,5
54411,15,2,2,10,6,3,0,1,1,1,1,36,2,2,0.0,0.0,0.0,0.0,0.0,2.0,7,5,4
135460,16,2,3,9,2,3,0,1,0,1,0,18,2,3,1.0,0.0,0.0,1.0,0.0,1.0,9,5,9
184658,15,2,1,17,2,3,0,1,1,1,2,5,2,2,0.0,0.0,0.0,0.0,0.0,2.0,4,1,12
136090,16,2,3,17,10,3,0,1,1,1,1,24,2,2,0.0,0.0,0.0,0.0,0.0,3.0,18,7,9
92254,16,2,3,10,6,3,0,1,1,1,2,28,2,2,0.0,0.0,0.0,0.0,0.0,2.0,7,7,7
124096,15,3,3,0,2,3,0,1,1,1,2,5,2,2,0.0,0.0,0.0,0.0,0.0,2.0,13,3,9
15460,15,2,3,15,6,3,0,1,1,1,2,23,2,2,0.0,0.0,0.0,0.0,0.0,2.0,7,4,2
137049,16,7,1,10,2,3,6,1,1,0,1,39,2,2,0.0,0.0,0.0,0.0,0.0,5.0,18,6,9
152259,16,2,1,17,8,3,0,5,1,1,2,18,2,2,0.0,0.0,0.0,0.0,0.0,3.0,21,5,10
29264,16,2,1,15,2,3,0,1,1,1,1,22,2,2,0.0,0.0,0.0,0.0,0.0,4.0,18,1,3
25295,16,2,2,15,2,3,0,1,1,1,1,23,2,2,0.0,0.0,0.0,0.0,0.0,2.0,17,6,2
90189,15,11,5,9,17,3,5,5,0,1,2,17,2,4,1.0,0.0,0.0,0.0,1.0,1.0,18,3,7
27297,17,2,1,0,2,3,0,5,0,1,2,18,2,4,1.0,0.0,0.0,0.0,1.0,1.0,18,4,2
2316,16,2,3,0,6,3,0,1,0,1,2,6,2,2,0.0,0.0,0.0,0.0,0.0,2.0,6,6,1
163117,16,2,3,0,2,3,0,1,0,1,2,13,2,3,1.0,0.0,0.0,1.0,0.0,2.0,5,4,11
180156,16,2,1,0,2,3,0,5,0,1,2,6,2,2,0.0,0.0,0.0,0.0,0.0,2.0,4,6,12
55653,16,7,3,17,6,3,6,1,1,1,2,17,2,2,0.0,0.0,0.0,0.0,0.0,2.0,18,3,4
8017,17,11,3,0,2,3,5,5,1,1,2,36,2,2,0.0,0.0,0.0,0.0,0.0,2.0,14,5,1
179904,16,3,3,10,2,3,0,1,1,1,2,19,2,2,0.0,0.0,0.0,0.0,0.0,2.0,8,4,12
108423,4,2,3,10,2,3,0,1,1,1,2,36,2,2,0.0,0.0,0.0,0.0,0.0,2.0,15,1,8
75942,15,2,1,0,6,3,0,1,0,1,2,18,2,3,5.0,0.0,0.0,4.0,1.0,1.0,22,5,6
121144,15,2,3,17,8,3,0,1,0,1,2,17,2,2,0.0,0.0,0.0,0.0,0.0,5.0,14,7,9
168545,15,2,1,0,6,3,0,1,0,1,2,18,2,4,1.0,0.0,0.0,0.0,1.0,2.0,23,5,11
123769,16,11,4,17,2,3,0,5,1,1,1,22,2,2,0.0,0.0,0.0,0.0,0.0,2.0,19,6,9
95056,16,2,3,0,2,3,0,5,0,1,2,36,2,2,0.0,0.0,0.0,0.0,0.0,2.0,14,1,7
12001,16,10,3,15,8,3,4,5,0,1,2,16,3,3,1.0,0.0,0.0,1.0,0.0,2.0,13,6,1
117306,4,2,1,10,2,3,0,1,0,1,2,6,2,3,3.0,0.0,0.0,3.0,0.0,0.0,22,1,8
123663,15,2,1,0,6,3,0,5,1,1,1,18,2,2,0.0,0.0,0.0,0.0,0.0,3.0,23,3,9
127991,16,2,3,8,8,3,0,5,0,1,1,36,2,3,1.0,0.0,0.0,1.0,0.0,1.0,14,2,9
155312,16,10,3,15,8,3,6,1,0,0,2,36,2,2,0.0,0.0,0.0,0.0,0.0,2.0,7,5,10
6791,15,2,3,0,8,3,0,1,1,1,2,36,2,2,0.0,0.0,0.0,0.0,0.0,4.0,15,6,1
161884,16,7,1,10,2,3,6,1,0,1,2,39,2,2,0.0,0.0,0.0,0.0,0.0,3.0,17,1,11
78485,4,2,3,17,18,3,0,1,1,1,2,19,2,2,0.0,0.0,0.0,0.0,0.0,2.0,19,1,6
165662,16,2,1,0,8,3,0,1,0,1,2,36,2,4,1.0,0.0,0.0,0.0,1.0,2.0,21,5,11
178060,15,2,3,17,8,3,0,1,0,1,2,5,2,3,2.0,0.0,0.0,2.0,0.0,0.0,10,7,12
39637,4,7,3,7,8,3,6,1,0,0,2,17,4,2,0.0,0.0,0.0,0.0,0.0,3.0,7,7,3
73327,16,11,3,17,5,3,0,5,1,1,2,17,2,2,0.0,0.0,0.0,0.0,0.0,2.0,10,2,6
157543,15,7,1,0,8,3,5,5,1,1,2,36,2,2,0.0,0.0,0.0,0.0,0.0,2.0,17,1,11
70436,16,2,4,0,6,3,0,1,0,1,2,37,2,2,0.0,0.0,0.0,0.0,0.0,2.0,20,7,5
78427,16,2,1,17,8,3,0,1,0,1,2,18,2,4,1.0,0.0,0.0,0.0,1.0,2.0,21,7,6
160806,16,2,1,17,8,3,0,1,1,1,0,36,2,2,0.0,0.0,0.0,0.0,0.0,4.0,22,3,11
145249,4,7,2,8,8,3,6,1,0,1,0,36,2,1,1.0,0.0,1.0,0.0,0.0,1.0,7,7,10
54351,16,2,4,8,6,3,0,1,0,1,2,6,2,3,1.0,0.0,0.0,1.0,0.0,2.0,19,4,4
76476,16,2,3,17,6,3,0,1,1,1,2,24,2,2,0.0,0.0,0.0,0.0,0.0,2.0,15,1,6
100680,16,2,3,15,6,3,0,1,0,1,2,23,2,3,1.0,0.0,0.0,1.0,0.0,5.0,15,5,7
126969,4,2,3,10,15,3,0,1,1,1,2,21,2,2,0.0,0.0,0.0,0.0,0.0,2.0,15,2,9
42309,15,2,3,17,2,3,0,1,0,1,2,5,2,2,0.0,0.0,0.0,0.0,0.0,2.0,14,1,4
185159,16,2,1,0,8,3,0,1,1,1,2,36,2,2,0.0,0.0,0.0,0.0,0.0,2.0,16,2,12
153667,15,7,1,0,6,3,6,1,1,1,2,5,2,2,0.0,0.0,0.0,0.0,0.0,4.0,20,5,10
77388,16,2,3,10,15,3,0,1,1,1,0,36,2,2,0.0,0.0,0.0,0.0,0.0,3.0,11,6,6
170655,16,2,3,0,2,3,0,1,0,1,2,6,4,3,3.0,0.0,0.0,3.0,0.0,1.0,15,3,11
58340,4,2,3,0,2,3,0,1,1,1,1,17,2,2,0.0,0.0,0.0,0.0,0.0,2.0,15,6,5
68548,15,2,3,10,8,3,0,1,1,1,2,26,2,2,0.0,0.0,0.0,0.0,0.0,2.0,13,7,5
80024,16,2,1,13,6,3,6,1,1,1,1,36,2,2,0.0,0.0,0.0,0.0,0.0,2.0,4,1,6
133717,15,2,3,17,15,3,0,1,1,1,0,18,2,2,0.0,0.0,0.0,0.0,0.0,3.0,15,3,9
100041,15,2,1,15,15,3,0,1,1,1,0,23,2,2,0.0,0.0,0.0,0.0,0.0,2.0,1,1,7
119044,16,2,3,17,6,3,0,1,1,1,0,36,2,2,0.0,0.0,0.0,0.0,0.0,2.0,13,7,8
127872,4,2,3,9,2,3,0,1,0,1,2,18,2,3,1.0,0.0,0.0,1.0,0.0,2.0,7,6,9
122291,4,2,3,17,8,3,0,1,1,1,2,18,2,2,0.0,0.0,0.0,0.0,0.0,4.0,17,3,9
40365,16,2,1,3,6,3,0,1,0,1,2,8,2,2,0.0,0.0,0.0,0.0,0.0,3.0,5,7,3
65937,16,2,1,0,6,3,0,1,0,1,2,18,2,2,0.0,0.0,0.0,0.0,0.0,4.0,2,7,5
27945,16,2,3,17,8,3,0,1,0,1,2,18,2,1,2.0,0.0,1.0,1.0,0.0,0.0,8,2,2
148881,15,2,3,17,2,3,0,1,1,1,1,24,2,2,0.0,0.0,0.0,0.0,0.0,4.0,12,3,10
159275,4,2,3,17,8,3,0,1,0,1,2,36,2,2,0.0,0.0,0.0,0.0,0.0,3.0,15,4,11
2932,16,10,1,15,10,3,5,5,1,1,1,22,2,2,0.0,0.0,0.0,0.0,0.0,2.0,0,2,1
170161,4,2,3,0,2,3,0,1,0,1,2,36,2,4,3.0,0.0,0.0,0.0,3.0,0.0,7,2,11
148910,16,2,1,10,8,3,0,1,1,1,0,19,2,2,0.0,0.0,0.0,0.0,0.0,2.0,18,4,10
80485,16,2,3,15,2,3,0,5,1,1,2,36,2,2,0.0,0.0,0.0,0.0,0.0,6.0,17,1,6
8227,4,2,3,17,8,3,0,1,1,1,2,24,2,2,0.0,0.0,0.0,0.0,0.0,2.0,8,5,1
107490,16,2,3,17,6,3,0,1,0,1,2,18,2,3,1.0,0.0,0.0,1.0,0.0,1.0,7,7,8
123043,16,2,3,10,8,3,0,1,1,1,1,17,2,2,0.0,0.0,0.0,0.0,0.0,3.0,13,1,9
97748,16,2,3,17,2,3,0,1,1,1,1,36,2,2,0.0,0.0,0.0,0.0,0.0,3.0,10,6,7
123557,4,2,1,8,2,3,0,1,0,1,2,17,2,3,1.0,0.0,0.0,1.0,0.0,1.0,23,1,9
134214,16,2,3,15,2,3,0,1,1,1,0,36,2,2,0.0,0.0,0.0,0.0,0.0,2.0,10,2,9
85224,16,2,3,8,3,3,0,1,1,1,0,18,2,2,0.0,0.0,0.0,0.0,0.0,2.0,9,2,6
108329,4,2,3,17,8,3,0,1,1,1,2,18,2,2,0.0,0.0,0.0,0.0,0.0,3.0,10,5,8
3499,15,2,3,0,8,3,0,1,0,1,2,17,2,2,0.0,0.0,0.0,0.0,0.0,3.0,15,3,1
96793,15,2,3,17,8,3,0,1,0,1,2,18,2,2,0.0,0.0,0.0,0.0,0.0,2.0,19,7,7
169412,15,2,3,17,8,3,0,1,0,1,2,17,2,2,0.0,0.0,0.0,0.0,0.0,2.0,15,5,11
67513,16,2,1,0,6,3,0,5,0,1,2,6,2,2,0.0,0.0,0.0,0.0,0.0,3.0,23,3,5
54098,16,10,3,0,2,4,6,1,0,1,2,6,2,2,0.0,0.0,0.0,0.0,0.0,5.0,13,7,4
139137,4,2,3,17,8,3,0,1,1,1,1,19,3,2,0.0,0.0,0.0,0.0,0.0,5.0,13,2,10
160314,16,2,1,17,8,3,0,1,0,1,2,18,2,3,2.0,0.0,0.0,2.0,0.0,1.0,19,5,11
113707,4,2,1,17,2,3,0,1,0,1,2,36,2,2,0.0,0.0,0.0,0.0,0.0,3.0,23,2,8
63383,15,2,5,17,18,3,0,5,0,1,2,18,2,3,1.0,0.0,0.0,1.0,0.0,2.0,19,7,5
67181,16,2,3,17,8,3,0,1,1,1,2,18,2,2,0.0,0.0,0.0,0.0,0.0,4.0,12,4,5
1535,4,2,3,15,2,3,5,5,1,1,2,23,2,2,0.0,0.0,0.0,0.0,0.0,2.0,8,5,1
114534,15,2,3,17,2,3,0,1,1,1,0,24,2,2,0.0,0.0,0.0,0.0,0.0,3.0,9,3,8
147802,4,3,3,10,8,3,0,1,1,1,1,19,3,2,0.0,0.0,0.0,0.0,0.0,3.0,16,3,10
174529,16,2,3,10,8,3,0,1,0,0,1,36,3,4,1.0,0.0,0.0,0.0,1.0,2.0,12,5,12
87674,15,7,3,0,8,3,6,5,0,1,2,36,2,2,0.0,0.0,0.0,0.0,0.0,5.0,18,6,6
90,15,2,1,0,8,3,0,1,1,1,2,5,3,2,0.0,0.0,0.0,0.0,0.0,6.0,22,2,1
130861,15,2,1,0,6,3,0,1,0,1,2,18,2,2,0.0,0.0,0.0,0.0,0.0,2.0,23,5,9
30207,16,2,3,0,6,3,0,1,0,1,2,8,2,2,0.0,0.0,0.0,0.0,0.0,2.0,13,5,3
167412,15,2,3,11,3,3,0,1,1,1,0,21,2,2,0.0,0.0,0.0,0.0,0.0,2.0,10,2,11
177524,16,2,1,17,6,3,6,1,0,1,2,18,2,2,0.0,0.0,0.0,0.0,0.0,3.0,18,7,12
91705,16,2,1,10,19,3,0,1,1,1,2,19,2,2,0.0,0.0,0.0,0.0,0.0,2.0,21,5,7
185414,4,2,3,17,8,3,0,1,1,1,1,18,2,2,0.0,0.0,0.0,0.0,0.0,2.0,13,5,12
13459,16,10,3,2,8,3,4,2,1,1,2,32,1,2,0.0,0.0,0.0,0.0,0.0,1.0,10,2,1
24931,16,2,3,9,1,3,0,1,0,1,0,18,2,4,1.0,0.0,0.0,0.0,1.0,1.0,9,6,2
187093,15,2,3,0,2,3,0,1,1,1,2,36,2,2,0.0,0.0,0.0,0.0,0.0,3.0,12,5,12
143101,16,2,1,7,8,3,6,1,0,1,2,17,3,1,1.0,0.0,1.0,0.0,0.0,0.0,4,1,10
50664,16,2,3,17,6,3,0,1,1,1,2,18,2,2,0.0,0.0,0.0,0.0,0.0,6.0,15,6,4
138832,15,7,3,0,8,3,6,1,1,1,2,17,2,2,0.0,0.0,0.0,0.0,0.0,3.0,10,3,10
122913,4,2,3,17,15,3,0,5,0,1,2,18,2,2,0.0,0.0,0.0,0.0,0.0,3.0,16,5,9
171208,16,2,3,9,8,3,0,1,0,1,0,18,2,4,1.0,0.0,0.0,0.0,1.0,1.0,13,5,11