crash_date,               traffic_control_device,weather_condition,lighting_condition,first_crash_type,trafficway_type,alignment,roadway_surface_cond,road_defect,crash_type,intersection_related_i,damage,prim_contributory_cause,num_units,most_severe_injury,injuries_total,injuries_fatal,injuries_incapacitating,injuries_non_incapacitating,injuries_reported_not_evident,injuries_no_indication,crash_hour,crash_day_of_week,crash_month
115097,12,2,3,10,8,3,0,1,1,1,1,8,2,2,0.0,0.0,0.0,0.0,0.0,2.0,9,2,8
52050,16,2,1,0,11,3,0,1,1,1,2,36,2,2,0.0,0.0,0.0,0.0,0.0,2.0,22,2,4
12254,15,10,3,0,8,3,4,1,1,1,2,36,2,2,0.0,0.0,0.0,0.0,0.0,2.0,15,4,1
34061,16,2,1,0,15,3,0,1,0,1,2,36,2,2,0.0,0.0,0.0,0.0,0.0,2.0,1,7,3
116966,16,2,3,10,8,3,0,1,0,1,2,36,2,2,0.0,0.0,0.0,0.0,0.0,2.0,8,4,8
34361,16,10,3,0,10,3,4,1,1,1,2,36,2,2,0.0,0.0,0.0,0.0,0.0,2.0,9,3,3
54837,16,5,3,15,6,3,6,1,0,1,2,24,3,2,0.0,0.0,0.0,0.0,0.0,3.0,15,5,4
90780,15,2,3,17,8,3,0,1,0,1,2,18,2,4,1.0,0.0,0.0,0.0,1.0,2.0,16,5,7
153207,16,2,3,10,8,3,0,1,1,1,2,19,2,2,0.0,0.0,0.0,0.0,0.0,2.0,12,5,10
24599,16,2,3,10,2,3,0,1,1,1,0,17,2,2,0.0,0.0,0.0,0.0,0.0,3.0,9,6,2
129140,18,2,3,0,3,3,0,1,0,1,2,36,2,4,1.0,0.0,0.0,0.0,1.0,3.0,14,4,9
161275,16,2,3,17,6,3,0,1,1,1,2,36,2,2,0.0,0.0,0.0,0.0,0.0,2.0,12,6,11
169632,16,2,1,17,8,3,0,1,1,1,2,17,2,2,0.0,0.0,0.0,0.0,0.0,2.0,23,7,11
21456,16,2,1,15,8,3,0,5,1,1,1,36,2,2,0.0,0.0,0.0,0.0,0.0,2.0,18,2,2
73326,16,2,3,10,2,3,0,1,1,0,2,19,2,2,0.0,0.0,0.0,0.0,0.0,6.0,9,2,6
87073,16,2,3,17,6,3,0,1,0,1,2,24,2,3,1.0,0.0,0.0,1.0,0.0,1.0,9,4,6
19980,15,2,3,0,3,3,6,1,1,1,2,6,2,2,0.0,0.0,0.0,0.0,0.0,2.0,11,6,2
188751,15,2,1,0,6,3,6,1,1,1,2,5,2,2,0.0,0.0,0.0,0.0,0.0,2.0,19,3,12
147120,4,2,3,17,3,3,0,1,1,1,2,24,2,2,0.0,0.0,0.0,0.0,0.0,2.0,14,7,10
135081,16,2,1,17,3,3,0,1,1,1,1,24,2,2,0.0,0.0,0.0,0.0,0.0,3.0,1,1,9
114533,4,2,4,10,8,3,0,1,0,1,2,17,2,3,2.0,0.0,0.0,2.0,0.0,0.0,21,3,8
80854,4,2,1,2,6,3,0,5,0,1,2,36,1,2,0.0,0.0,0.0,0.0,0.0,3.0,0,7,6
82143,4,2,1,10,8,3,0,5,1,1,1,26,2,2,0.0,0.0,0.0,0.0,0.0,2.0,21,4,6
119827,16,2,3,17,6,3,0,5,0,1,0,22,2,4,1.0,0.0,0.0,0.0,1.0,2.0,18,4,8
90443,17,11,5,0,10,3,5,5,1,1,1,26,2,2,0.0,0.0,0.0,0.0,0.0,2.0,1,6,7
121924,4,2,3,7,8,3,0,1,1,1,1,36,2,2,0.0,0.0,0.0,0.0,0.0,1.0,16,6,9
57488,16,2,1,0,8,3,0,1,1,1,2,18,2,2,0.0,0.0,0.0,0.0,0.0,2.0,20,5,5
153574,15,2,1,2,6,3,0,1,0,1,2,5,1,2,0.0,0.0,0.0,0.0,0.0,1.0,2,4,10
114422,16,2,3,15,10,3,0,1,1,1,0,36,2,2,0.0,0.0,0.0,0.0,0.0,2.0,12,7,8
174139,15,2,1,17,15,3,0,1,1,1,1,18,2,2,0.0,0.0,0.0,0.0,0.0,2.0,22,1,12
157316,16,2,3,10,6,3,0,1,1,1,2,19,2,2,0.0,0.0,0.0,0.0,0.0,3.0,9,6,11
178993,16,7,1,17,8,3,6,1,0,1,2,18,2,3,2.0,0.0,0.0,2.0,0.0,0.0,16,5,12
79231,4,2,3,10,18,3,0,1,1,1,2,19,2,2,0.0,0.0,0.0,0.0,0.0,3.0,13,6,6
123369,16,7,3,15,3,3,6,5,1,0,0,36,2,2,0.0,0.0,0.0,0.0,0.0,3.0,14,5,9
72966,16,2,3,0,6,3,0,1,0,1,2,6,2,2,0.0,0.0,0.0,0.0,0.0,3.0,17,2,6
107037,16,2,3,10,6,3,0,1,1,1,0,19,2,2,0.0,0.0,0.0,0.0,0.0,2.0,11,7,8
77436,4,2,1,15,8,3,0,1,1,1,1,36,2,2,0.0,0.0,0.0,0.0,0.0,2.0,20,7,6
83319,16,2,3,17,8,3,0,1,1,1,1,24,2,2,0.0,0.0,0.0,0.0,0.0,2.0,12,7,6
111705,15,2,1,17,2,4,0,1,0,1,2,36,3,1,3.0,0.0,2.0,1.0,0.0,1.0,3,1,8
178494,16,2,3,11,8,3,0,1,1,1,0,17,2,2,0.0,0.0,0.0,0.0,0.0,2.0,8,5,12
15903,4,2,3,9,8,3,0,1,0,1,0,18,2,1,1.0,0.0,1.0,0.0,0.0,2.0,11,5,2
69146,15,7,0,0,6,3,6,1,0,1,2,5,2,2,0.0,0.0,0.0,0.0,0.0,3.0,21,1,5
56099,16,2,3,17,2,3,0,1,1,1,1,24,2,2,0.0,0.0,0.0,0.0,0.0,2.0,9,3,5
51449,16,2,3,17,6,3,5,5,1,1,2,36,2,2,0.0,0.0,0.0,0.0,0.0,2.0,13,5,4
185360,4,2,3,15,8,3,0,1,1,0,2,23,2,2,0.0,0.0,0.0,0.0,0.0,4.0,14,3,12
82819,16,7,1,10,8,3,6,1,1,1,2,17,2,2,0.0,0.0,0.0,0.0,0.0,3.0,1,1,6
24693,16,2,3,17,3,2,5,5,1,1,1,24,2,2,0.0,0.0,0.0,0.0,0.0,2.0,11,2,2
12884,16,7,3,0,15,3,6,1,0,1,1,36,2,2,0.0,0.0,0.0,0.0,0.0,2.0,8,6,1
22422,15,10,3,10,6,3,4,1,1,1,2,19,2,2,0.0,0.0,0.0,0.0,0.0,2.0,19,5,2
97044,16,2,3,10,10,3,0,1,1,1,2,19,2,2,0.0,0.0,0.0,0.0,0.0,2.0,16,5,7
144040,4,7,3,10,8,3,6,1,1,1,1,19,2,2,0.0,0.0,0.0,0.0,0.0,4.0,9,4,10
22433,16,10,1,10,6,3,4,5,1,1,1,17,2,2,0.0,0.0,0.0,0.0,0.0,3.0,20,5,2
126856,16,7,3,0,6,3,6,1,0,1,2,12,2,4,2.0,0.0,0.0,0.0,2.0,0.0,10,7,9
156908,16,2,3,10,8,3,0,1,1,0,2,17,2,2,0.0,0.0,0.0,0.0,0.0,4.0,10,5,11
140904,16,2,4,0,2,3,5,5,1,1,2,36,2,2,0.0,0.0,0.0,0.0,0.0,2.0,18,6,10
81564,16,2,3,10,8,3,0,1,0,0,2,17,2,4,1.0,0.0,0.0,0.0,1.0,4.0,18,3,6
76334,16,2,3,17,8,3,0,1,0,1,2,23,2,2,0.0,0.0,0.0,0.0,0.0,2.0,14,5,6
147724,4,2,3,17,8,3,0,1,1,1,1,36,2,2,0.0,0.0,0.0,0.0,0.0,2.0,15,2,10
43581,16,2,3,0,6,3,0,1,1,1,2,6,2,2,0.0,0.0,0.0,0.0,0.0,2.0,8,4,4
134802,16,2,3,17,8,3,0,1,1,1,2,36,2,2,0.0,0.0,0.0,0.0,0.0,2.0,14,3,9
180437,16,2,1,15,6,3,0,1,1,1,0,24,2,2,0.0,0.0,0.0,0.0,0.0,2.0,17,4,12
150206,16,2,3,0,8,3,0,1,0,1,2,18,2,2,0.0,0.0,0.0,0.0,0.0,2.0,16,1,10
26602,16,10,1,10,8,3,6,1,1,1,0,39,2,2,0.0,0.0,0.0,0.0,0.0,2.0,0,7,2
102792,16,2,1,17,6,3,0,1,0,1,2,36,2,2,0.0,0.0,0.0,0.0,0.0,3.0,21,7,7
54995,15,2,1,0,9,3,0,5,0,1,2,5,2,3,2.0,0.0,0.0,2.0,0.0,0.0,22,1,4
125264,16,2,3,17,8,3,0,1,0,1,2,18,2,2,0.0,0.0,0.0,0.0,0.0,4.0,16,6,9
36211,16,2,1,0,15,3,0,1,0,1,2,6,2,3,4.0,0.0,0.0,4.0,0.0,2.0,4,1,3
40227,16,2,3,15,8,3,0,1,1,1,1,23,2,2,0.0,0.0,0.0,0.0,0.0,2.0,13,4,3
126403,16,2,2,0,8,3,0,1,0,1,2,36,2,2,0.0,0.0,0.0,0.0,0.0,2.0,6,1,9
86227,17,2,3,15,11,3,5,5,1,1,1,26,2,2,0.0,0.0,0.0,0.0,0.0,2.0,8,3,6
159515,16,2,3,17,2,3,0,1,1,1,2,36,2,2,0.0,0.0,0.0,0.0,0.0,3.0,15,2,11
172501,15,2,1,0,6,3,0,1,0,1,2,26,2,2,0.0,0.0,0.0,0.0,0.0,2.0,14,5,12
95675,16,2,3,15,2,3,0,1,1,1,0,23,2,2,0.0,0.0,0.0,0.0,0.0,2.0,10,3,7
23540,16,7,4,17,3,3,6,1,0,1,2,24,2,2,0.0,0.0,0.0,0.0,0.0,4.0,17,2,2
45409,16,2,1,17,8,3,0,1,0,1,2,17,3,2,0.0,0.0,0.0,0.0,0.0,2.0,3,1,4
43209,4,7,3,9,2,3,6,5,0,1,1,23,2,3,1.0,0.0,0.0,1.0,0.0,1.0,16,3,4
181976,15,2,1,17,8,3,0,1,0,1,2,36,2,2,0.0,0.0,0.0,0.0,0.0,4.0,17,3,12
100282,16,2,3,15,8,3,0,1,1,1,0,36,2,2,0.0,0.0,0.0,0.0,0.0,2.0,15,4,7
144614,16,2,3,15,2,3,0,1,1,1,1,18,2,2,0.0,0.0,0.0,0.0,0.0,2.0,7,5,10
42956,17,2,3,17,18,3,5,5,1,1,2,36,2,2,0.0,0.0,0.0,0.0,0.0,2.0,12,6,4
111408,16,2,1,0,6,3,0,1,0,1,2,18,2,4,1.0,0.0,0.0,0.0,1.0,1.0,0,4,8
160258,16,2,3,17,3,3,0,1,1,1,0,17,2,2,0.0,0.0,0.0,0.0,0.0,2.0,13,4,11
60834,16,2,3,17,6,3,0,1,0,1,2,23,2,2,0.0,0.0,0.0,0.0,0.0,3.0,11,2,5
128450,15,2,3,17,8,3,0,1,0,1,2,36,2,4,1.0,0.0,0.0,0.0,1.0,3.0,16,7,9
77021,15,2,3,17,8,3,0,1,1,1,2,23,2,2,0.0,0.0,0.0,0.0,0.0,4.0,12,7,6
50347,16,2,3,17,3,3,0,1,1,1,2,22,2,2,0.0,0.0,0.0,0.0,0.0,2.0,7,5,4
95483,16,2,3,0,6,3,0,5,0,1,2,17,2,2,0.0,0.0,0.0,0.0,0.0,3.0,6,2,7
154968,15,2,3,0,6,3,0,1,0,1,2,36,2,2,0.0,0.0,0.0,0.0,0.0,2.0,8,2,10
152528,16,3,3,17,8,3,5,5,1,1,2,18,2,2,0.0,0.0,0.0,0.0,0.0,4.0,16,3,10
185508,16,2,3,17,15,3,6,1,0,1,2,19,2,1,1.0,0.0,1.0,0.0,0.0,1.0,8,6,12
147148,11,2,0,13,2,3,0,1,0,1,2,18,3,2,0.0,0.0,0.0,0.0,0.0,4.0,20,7,10
83663,16,2,3,15,8,3,0,1,1,1,1,22,2,2,0.0,0.0,0.0,0.0,0.0,2.0,9,5,6
4605,16,7,1,9,6,3,6,5,1,1,0,26,2,2,0.0,0.0,0.0,0.0,0.0,4.0,23,6,1
129709,16,2,3,17,10,3,0,1,1,1,2,22,2,2,0.0,0.0,0.0,0.0,0.0,2.0,13,5,9
119668,16,2,3,9,15,3,0,1,0,1,0,18,2,3,1.0,0.0,0.0,1.0,0.0,1.0,16,2,8
25509,15,2,3,9,6,3,6,1,1,1,0,38,2,2,0.0,0.0,0.0,0.0,0.0,2.0,12,3,2
14463,16,2,3,0,15,3,0,1,0,1,2,36,4,4,1.0,0.0,0.0,0.0,1.0,6.0,9,1,1
67655,15,2,3,0,2,3,0,1,1,1,2,36,2,2,0.0,0.0,0.0,0.0,0.0,2.0,15,5,5
117902,4,2,1,0,8,3,0,1,1,1,2,36,2,2,0.0,0.0,0.0,0.0,0.0,2.0,3,5,8
47959,16,2,1,17,1,3,0,1,1,1,1,23,2,2,0.0,0.0,0.0,0.0,0.0,2.0,23,5,4
76231,16,2,3,0,6,3,0,1,0,1,2,6,2,3,1.0,0.0,0.0,1.0,0.0,1.0,19,3,6
172139,16,2,3,15,2,3,0,1,1,1,0,18,2,2,0.0,0.0,0.0,0.0,0.0,2.0,13,3,12
99268,16,2,1,17,8,4,0,1,0,1,2,36,2,1,5.0,0.0,1.0,3.0,1.0,3.0,1,2,7
171836,16,7,1,9,6,3,6,1,0,1,0,39,2,4,1.0,0.0,0.0,0.0,1.0,1.0,23,7,11
38999,4,7,1,0,8,3,6,5,0,1,2,36,2,2,0.0,0.0,0.0,0.0,0.0,2.0,19,1,3
46940,16,2,3,17,8,3,0,1,0,1,2,17,2,3,1.0,0.0,0.0,1.0,0.0,1.0,16,2,4
125204,15,2,3,13,15,3,0,1,1,1,2,11,2,2,0.0,0.0,0.0,0.0,0.0,4.0,17,5,9
34787,4,2,3,17,6,3,0,1,0,1,2,18,2,3,2.0,0.0,0.0,2.0,0.0,1.0,12,5,3
46650,15,2,3,0,6,3,0,1,0,1,2,5,2,4,1.0,0.0,0.0,0.0,1.0,1.0,17,4,4
51542,15,2,3,10,6,3,0,1,1,1,0,17,2,2,0.0,0.0,0.0,0.0,0.0,3.0,17,6,4
122625,16,2,3,0,2,3,0,5,0,1,2,6,2,3,1.0,0.0,0.0,1.0,0.0,2.0,16,2,9
126801,16,2,3,15,3,3,0,1,1,0,2,17,2,2,0.0,0.0,0.0,0.0,0.0,4.0,12,5,9
118268,15,2,3,17,8,3,0,1,1,1,2,12,2,2,0.0,0.0,0.0,0.0,0.0,2.0,13,2,8
87798,15,2,3,17,8,3,0,1,1,1,1,36,2,2,0.0,0.0,0.0,0.0,0.0,5.0,16,7,7
116812,16,2,1,15,8,3,0,1,1,1,2,18,2,2,0.0,0.0,0.0,0.0,0.0,2.0,1,1,8
118905,16,7,3,10,2,3,6,1,1,1,1,19,2,2,0.0,0.0,0.0,0.0,0.0,2.0,16,4,8
73188,15,2,3,0,8,3,0,1,0,1,2,8,2,2,0.0,0.0,0.0,0.0,0.0,4.0,8,6,6
124139,16,2,3,17,1,3,0,1,0,1,2,18,2,4,1.0,0.0,0.0,0.0,1.0,2.0,9,3,9
23404,15,2,3,0,2,3,0,1,1,1,2,18,2,2,0.0,0.0,0.0,0.0,0.0,2.0,10,7,2
83798,16,2,3,17,2,3,0,5,1,1,1,24,2,2,0.0,0.0,0.0,0.0,0.0,4.0,13,1,6
144658,16,11,5,15,8,3,5,5,1,1,1,36,2,2,0.0,0.0,0.0,0.0,0.0,3.0,17,6,10
125167,16,3,3,10,8,3,6,1,0,1,2,19,3,2,0.0,0.0,0.0,0.0,0.0,3.0,7,4,9
107818,15,2,1,0,10,3,0,1,1,1,2,18,2,2,0.0,0.0,0.0,0.0,0.0,2.0,22,4,8
93896,16,2,3,17,18,3,0,1,1,1,1,22,2,2,0.0,0.0,0.0,0.0,0.0,3.0,14,6,7
98480,4,2,3,0,10,3,0,1,0,1,2,38,3,2,0.0,0.0,0.0,0.0,0.0,4.0,9,4,7
137075,16,2,3,8,10,3,0,1,0,1,0,18,2,1,1.0,0.0,1.0,0.0,0.0,1.0,15,7,9
89807,16,3,3,8,8,3,5,5,0,1,1,18,2,3,1.0,0.0,0.0,1.0,0.0,1.0,10,5,7
185268,15,10,1,17,8,3,4,1,1,1,2,18,2,2,0.0,0.0,0.0,0.0,0.0,2.0,18,1,12
118715,15,2,3,9,6,3,0,1,0,1,2,18,2,3,1.0,0.0,0.0,1.0,0.0,1.0,10,2,8
129940,16,2,3,17,8,3,0,1,1,1,0,36,2,2,0.0,0.0,0.0,0.0,0.0,2.0,12,7,9
112851,4,2,3,9,10,3,0,2,0,1,0,36,2,3,1.0,0.0,0.0,1.0,0.0,1.0,9,4,8
65205,16,2,3,17,6,3,0,1,0,1,2,17,3,3,1.0,0.0,0.0,1.0,0.0,5.0,14,1,5
21474,4,2,3,0,8,3,0,1,1,1,2,18,2,2,0.0,0.0,0.0,0.0,0.0,2.0,11,2,2
22447,16,10,1,10,6,4,4,1,1,1,2,19,2,2,0.0,0.0,0.0,0.0,0.0,2.0,22,5,2
95906,16,2,1,0,8,3,0,1,0,1,2,36,2,2,0.0,0.0,0.0,0.0,0.0,2.0,4,1,7
85055,15,7,3,0,8,3,6,5,0,1,1,36,2,2,0.0,0.0,0.0,0.0,0.0,2.0,12,7,6
44512,15,2,3,0,8,3,0,1,0,1,2,18,2,2,0.0,0.0,0.0,0.0,0.0,2.0,16,5,4
101207,15,2,3,0,2,3,0,1,0,1,2,18,2,2,0.0,0.0,0.0,0.0,0.0,3.0,19,6,7
112232,4,2,1,7,15,3,0,1,0,1,2,28,2,3,2.0,0.0,0.0,2.0,0.0,0.0,20,2,8
133056,15,2,3,17,2,3,0,1,1,1,1,18,2,2,0.0,0.0,0.0,0.0,0.0,3.0,17,7,9
21257,16,2,3,0,10,3,0,1,1,1,2,6,2,2,0.0,0.0,0.0,0.0,0.0,2.0,12,5,2
125695,15,7,4,0,8,3,6,1,0,1,2,36,2,3,3.0,0.0,0.0,3.0,0.0,0.0,17,5,9
106586,4,2,1,10,8,3,0,1,1,0,1,19,2,2,0.0,0.0,0.0,0.0,0.0,2.0,21,7,8
130931,4,2,3,15,2,3,0,1,1,1,2,22,2,2,0.0,0.0,0.0,0.0,0.0,2.0,12,7,9
48790,4,2,3,10,8,3,0,1,1,0,2,19,2,2,0.0,0.0,0.0,0.0,0.0,2.0,11,5,4
167377,16,2,3,0,3,3,0,1,0,1,2,23,2,2,0.0,0.0,0.0,0.0,0.0,3.0,14,2,11
114273,4,2,3,17,8,3,0,1,0,1,2,18,2,2,0.0,0.0,0.0,0.0,0.0,2.0,11,5,8
42506,15,2,1,0,10,3,0,1,0,1,2,17,2,2,0.0,0.0,0.0,0.0,0.0,2.0,22,5,4
44190,16,9,1,8,8,3,6,1,0,1,0,17,2,1,1.0,0.0,1.0,0.0,0.0,1.0,22,5,4
30254,16,3,3,10,11,2,0,1,0,1,1,19,2,4,2.0,0.0,0.0,0.0,2.0,1.0,10,5,3
183890,16,2,1,2,8,3,0,1,0,1,1,37,1,2,0.0,0.0,0.0,0.0,0.0,1.0,1,3,12
160495,15,2,0,10,19,3,5,5,0,1,2,36,2,3,1.0,0.0,0.0,1.0,0.0,1.0,3,2,11
107202,16,2,3,17,2,3,0,1,1,1,2,23,2,2,0.0,0.0,0.0,0.0,0.0,2.0,15,2,8
2882,4,10,3,0,6,3,4,1,1,1,2,18,2,2,0.0,0.0,0.0,0.0,0.0,3.0,16,2,1
146928,16,2,3,17,8,3,0,1,0,1,2,18,2,2,0.0,0.0,0.0,0.0,0.0,2.0,16,3,10
179841,4,2,3,10,8,3,5,5,1,1,2,36,2,2,0.0,0.0,0.0,0.0,0.0,2.0,12,3,12
56578,15,2,1,0,8,3,0,1,0,1,2,5,2,2,0.0,0.0,0.0,0.0,0.0,3.0,0,4,5
121616,16,2,1,7,6,3,0,1,1,1,1,8,2,2,0.0,0.0,0.0,0.0,0.0,2.0,22,2,9
60573,16,2,3,10,8,3,0,1,1,1,2,19,3,2,0.0,0.0,0.0,0.0,0.0,4.0,10,4,5
179306,16,2,3,9,6,3,0,1,1,1,0,6,2,2,0.0,0.0,0.0,0.0,0.0,2.0,15,4,12
43633,17,2,3,17,10,3,0,1,1,1,2,21,2,2,0.0,0.0,0.0,0.0,0.0,3.0,17,3,4
168036,4,2,4,17,3,3,0,5,1,1,1,22,2,2,0.0,0.0,0.0,0.0,0.0,2.0,20,4,11
48780,16,2,1,2,6,3,0,1,0,1,2,37,1,2,0.0,0.0,0.0,0.0,0.0,1.0,21,5,4
153483,16,2,2,17,10,3,6,1,1,1,2,18,2,2,0.0,0.0,0.0,0.0,0.0,3.0,4,1,10
97722,17,3,3,0,8,3,5,5,1,1,0,36,2,2,0.0,0.0,0.0,0.0,0.0,3.0,17,6,7
5004,16,7,3,17,8,4,6,1,1,1,2,18,2,2,0.0,0.0,0.0,0.0,0.0,2.0,11,5,1
174190,16,2,1,10,8,3,0,1,1,1,0,17,2,2,0.0,0.0,0.0,0.0,0.0,2.0,20,2,12
119828,15,2,3,0,6,3,0,1,0,1,2,18,2,2,0.0,0.0,0.0,0.0,0.0,2.0,18,4,8
77463,16,3,3,15,8,3,0,1,1,1,2,22,2,2,0.0,0.0,0.0,0.0,0.0,2.0,12,7,6
14302,17,2,4,10,8,3,6,5,1,1,2,26,2,2,0.0,0.0,0.0,0.0,0.0,2.0,21,4,1
132020,16,2,3,0,8,3,0,1,0,1,1,6,2,3,1.0,0.0,0.0,1.0,0.0,1.0,15,7,9
40080,15,2,3,17,18,3,0,5,0,1,2,24,2,2,0.0,0.0,0.0,0.0,0.0,3.0,8,1,3
132141,16,2,3,17,6,3,0,1,1,1,2,24,2,2,0.0,0.0,0.0,0.0,0.0,2.0,8,2,9
24483,16,2,3,10,2,3,0,1,1,1,2,16,2,2,0.0,0.0,0.0,0.0,0.0,2.0,10,4,2
131338,4,2,3,10,8,3,0,1,0,1,0,36,2,3,3.0,0.0,0.0,3.0,0.0,0.0,14,5,9
100784,15,7,1,17,2,3,6,1,1,1,2,12,2,2,0.0,0.0,0.0,0.0,0.0,2.0,23,4,7
131025,4,2,1,15,2,3,0,5,0,0,2,36,3,2,0.0,0.0,0.0,0.0,0.0,4.0,19,2,9
16932,16,2,3,15,8,3,6,1,1,1,1,36,2,2,0.0,0.0,0.0,0.0,0.0,4.0,10,2,2
1722,16,2,3,2,3,3,6,1,0,1,2,9,1,2,0.0,0.0,0.0,0.0,0.0,1.0,10,2,1
49733,16,11,3,10,6,3,5,5,1,1,2,20,3,2,0.0,0.0,0.0,0.0,0.0,3.0,7,2,4
90651,15,2,3,17,6,4,0,1,1,1,1,36,2,2,0.0,0.0,0.0,0.0,0.0,2.0,17,3,7
71560,4,2,3,17,8,3,0,1,1,1,1,18,2,2,0.0,0.0,0.0,0.0,0.0,2.0,17,3,5
86602,16,2,3,10,2,3,5,5,1,1,1,12,2,2,0.0,0.0,0.0,0.0,0.0,2.0,16,4,6
145779,16,2,3,10,2,3,0,1,1,1,0,36,2,2,0.0,0.0,0.0,0.0,0.0,2.0,11,5,10
81059,16,2,3,0,10,3,0,5,1,1,2,36,2,2,0.0,0.0,0.0,0.0,0.0,3.0,17,3,6
154762,16,2,3,17,3,3,0,1,1,1,2,36,2,2,0.0,0.0,0.0,0.0,0.0,2.0,12,6,10
3985,4,3,3,17,2,3,0,1,1,1,1,18,2,2,0.0,0.0,0.0,0.0,0.0,2.0,7,4,1
128221,16,2,1,3,19,3,0,1,0,1,2,17,2,3,1.0,0.0,0.0,1.0,0.0,1.0,20,5,9
30932,15,2,1,0,10,3,0,1,0,1,2,5,2,3,2.0,0.0,0.0,2.0,0.0,2.0,18,4,3
122503,4,11,3,7,15,3,5,5,1,1,2,36,2,2,0.0,0.0,0.0,0.0,0.0,1.0,14,7,9
105482,16,2,3,9,2,3,0,1,0,1,2,18,2,4,1.0,0.0,0.0,0.0,1.0,1.0,18,5,8
185146,15,3,3,3,5,3,6,5,0,1,2,18,2,4,1.0,0.0,0.0,0.0,1.0,1.0,13,2,12
176353,4,2,3,17,15,3,0,1,0,1,1,18,4,3,3.0,0.0,0.0,1.0,2.0,3.0,15,6,12
48185,16,2,3,10,3,3,0,1,1,1,0,36,2,2,0.0,0.0,0.0,0.0,0.0,2.0,15,1,4
122275,4,2,3,7,10,3,0,1,0,1,2,15,2,2,0.0,0.0,0.0,0.0,0.0,1.0,14,3,9
104628,16,2,3,8,11,5,0,1,0,1,1,24,3,3,2.0,0.0,0.0,2.0,0.0,1.0,9,5,8
187981,4,7,3,0,6,3,6,5,0,1,2,18,2,4,1.0,0.0,0.0,0.0,1.0,1.0,11,6,12
13901,16,2,3,17,2,3,6,1,0,1,2,6,2,2,0.0,0.0,0.0,0.0,0.0,2.0,12,3,1
47079,15,2,3,0,8,3,0,1,1,1,2,26,2,2,0.0,0.0,0.0,0.0,0.0,2.0,10,5,4
65674,15,7,3,17,8,3,6,1,0,1,2,18,2,3,1.0,0.0,0.0,1.0,0.0,2.0,11,1,5
185864,15,2,1,17,15,3,0,1,0,1,2,18,2,2,0.0,0.0,0.0,0.0,0.0,2.0,0,6,12
103645,16,2,1,17,8,3,0,1,1,1,0,12,2,2,0.0,0.0,0.0,0.0,0.0,5.0,21,6,7
66459,16,2,3,17,8,3,0,5,1,0,1,6,2,2,0.0,0.0,0.0,0.0,0.0,2.0,11,1,5
23180,16,2,3,10,8,3,5,5,1,1,2,36,2,2,0.0,0.0,0.0,0.0,0.0,3.0,12,2,2
94022,16,2,3,17,3,3,0,1,1,1,1,24,2,2,0.0,0.0,0.0,0.0,0.0,2.0,13,6,7
68196,16,2,3,0,8,3,0,1,0,1,2,6,2,1,1.0,0.0,1.0,0.0,0.0,1.0,17,6,5
153285,16,2,1,0,6,3,0,1,0,1,2,6,2,2,0.0,0.0,0.0,0.0,0.0,4.0,1,1,10
61549,16,7,1,10,8,3,6,1,1,1,2,36,2,2,0.0,0.0,0.0,0.0,0.0,2.0,0,7,5
154643,15,7,3,0,6,3,4,1,1,1,1,39,2,2,0.0,0.0,0.0,0.0,0.0,2.0,7,4,10
109478,16,2,3,0,6,3,0,1,1,1,2,36,2,2,0.0,0.0,0.0,0.0,0.0,2.0,5,3,8
74481,4,2,3,10,8,3,0,1,1,1,2,36,2,2,0.0,0.0,0.0,0.0,0.0,6.0,15,4,6
3984,16,2,0,0,8,3,0,1,0,1,2,6,2,2,0.0,0.0,0.0,0.0,0.0,2.0,19,4,1
120991,16,2,3,17,2,3,0,1,1,1,1,36,2,2,0.0,0.0,0.0,0.0,0.0,2.0,9,6,9
82967,16,2,3,15,10,3,0,1,1,1,1,23,2,2,0.0,0.0,0.0,0.0,0.0,2.0,6,3,6
80140,15,2,3,0,6,3,0,1,1,1,2,18,2,2,0.0,0.0,0.0,0.0,0.0,2.0,18,4,6
58570,16,7,3,10,10,3,6,5,0,1,1,17,6,2,0.0,0.0,0.0,0.0,0.0,6.0,13,2,5
105283,16,2,3,17,6,3,0,1,1,1,1,36,2,2,0.0,0.0,0.0,0.0,0.0,2.0,16,2,8
188901,16,3,3,0,15,3,0,1,1,1,2,18,2,2,0.0,0.0,0.0,0.0,0.0,2.0,12,6,12
65170,4,2,3,7,2,3,0,1,1,1,0,36,2,2,0.0,0.0,0.0,0.0,0.0,1.0,10,7,5
29592,16,2,3,10,11,3,0,3,1,1,1,36,2,2,0.0,0.0,0.0,0.0,0.0,5.0,14,6,3
132090,16,2,1,15,8,3,0,1,0,0,2,36,2,2,0.0,0.0,0.0,0.0,0.0,4.0,0,7,9
86315,16,2,1,10,2,3,0,1,1,1,2,8,2,2,0.0,0.0,0.0,0.0,0.0,3.0,21,5,6
22905,15,1,3,7,8,3,1,1,1,1,2,39,2,2,0.0,0.0,0.0,0.0,0.0,2.0,7,6,2
21793,4,2,3,0,8,3,6,1,0,1,2,24,2,2,0.0,0.0,0.0,0.0,0.0,4.0,16,7,2
86816,16,2,1,10,13,4,0,1,0,1,1,19,2,4,1.0,0.0,0.0,0.0,1.0,1.0,22,6,6
178229,16,2,2,17,5,3,0,5,0,1,1,18,2,3,1.0,0.0,0.0,1.0,0.0,2.0,6,4,12
23011,16,2,1,10,10,3,0,1,0,0,2,23,2,2,0.0,0.0,0.0,0.0,0.0,2.0,23,7,2