crash_date,               traffic_control_device,weather_condition,lighting_condition,first_crash_type,trafficway_type,alignment,roadway_surface_cond,road_defect,crash_type,intersection_related_i,damage,prim_contributory_cause,num_units,most_severe_injury,injuries_total,injuries_fatal,injuries_incapacitating,injuries_non_incapacitating,injuries_reported_not_evident,injuries_no_indication,crash_hour,crash_day_of_week,crash_month
65786,16,2,3,0,2,4,0,5,0,1,2,12,2,3,1.0,0.0,0.0,1.0,0.0,2.0,12,4,5
179467,16,2,3,10,2,3,0,1,1,1,2,36,2,2,0.0,0.0,0.0,0.0,0.0,2.0,15,4,12
135759,16,7,1,17,2,3,6,1,0,1,2,36,2,2,0.0,0.0,0.0,0.0,0.0,2.0,5,4,9
6109,16,10,3,0,8,3,4,1,1,1,2,36,2,2,0.0,0.0,0.0,0.0,0.0,3.0,7,1,1
97970,16,2,3,0,6,3,0,1,0,1,2,6,4,3,4.0,0.0,0.0,2.0,2.0,1.0,15,4,7
121012,15,2,3,0,6,3,0,1,1,1,2,36,2,2,0.0,0.0,0.0,0.0,0.0,2.0,12,6,9
147418,16,2,1,15,10,3,0,1,1,1,2,22,2,2,0.0,0.0,0.0,0.0,0.0,4.0,22,5,10
95601,4,2,3,17,3,3,0,1,1,1,2,18,2,2,0.0,0.0,0.0,0.0,0.0,2.0,8,2,7
93987,16,2,3,15,8,3,5,5,1,1,1,36,2,2,0.0,0.0,0.0,0.0,0.0,2.0,15,5,7
318,16,10,1,15,8,3,4,1,1,1,2,22,2,2,0.0,0.0,0.0,0.0,0.0,2.0,16,7,1
67591,15,2,3,0,6,3,0,1,1,1,1,18,2,2,0.0,0.0,0.0,0.0,0.0,2.0,11,5,5
33121,16,2,1,15,8,3,0,1,1,1,2,22,2,2,0.0,0.0,0.0,0.0,0.0,2.0,17,5,3
137944,15,2,3,17,6,3,0,5,1,1,2,36,2,2,0.0,0.0,0.0,0.0,0.0,2.0,12,6,10
14750,16,2,3,10,8,3,6,1,1,1,2,19,2,2,0.0,0.0,0.0,0.0,0.0,3.0,9,5,1
89363,16,2,3,0,8,3,0,1,0,1,2,6,2,1,2.0,0.0,2.0,0.0,0.0,0.0,13,3,7
22928,15,2,1,0,15,3,0,5,1,1,1,22,2,2,0.0,0.0,0.0,0.0,0.0,2.0,20,6,2
40483,16,2,3,15,8,4,0,1,0,1,2,36,2,2,0.0,0.0,0.0,0.0,0.0,2.0,15,2,3
29328,16,2,3,14,8,3,0,1,0,1,2,36,2,2,0.0,0.0,0.0,0.0,0.0,3.0,8,3,3
78381,15,2,3,17,11,3,0,1,0,1,2,24,2,2,0.0,0.0,0.0,0.0,0.0,3.0,13,7,6
77611,16,11,5,3,8,3,5,5,1,1,0,36,2,2,0.0,0.0,0.0,0.0,0.0,2.0,13,2,6
145096,16,7,1,10,15,3,6,1,0,0,2,19,2,4,1.0,0.0,0.0,0.0,1.0,1.0,20,6,10
172331,16,2,0,17,5,3,5,5,1,1,2,6,2,2,0.0,0.0,0.0,0.0,0.0,2.0,2,1,12
8502,15,2,1,17,6,3,1,1,1,1,2,36,2,2,0.0,0.0,0.0,0.0,0.0,3.0,18,4,1
123919,16,2,1,0,10,3,0,1,0,1,2,6,2,4,1.0,0.0,0.0,0.0,1.0,1.0,17,6,9
61654,15,2,1,14,2,3,0,1,0,1,2,22,2,3,1.0,0.0,0.0,1.0,0.0,2.0,22,7,5
36336,16,2,3,0,11,3,0,1,1,1,2,6,2,2,0.0,0.0,0.0,0.0,0.0,2.0,14,2,3
85691,16,2,3,8,8,3,0,1,0,1,1,18,2,3,1.0,0.0,0.0,1.0,0.0,1.0,17,4,6
182992,15,10,1,0,8,3,6,1,0,1,2,18,2,3,1.0,0.0,0.0,1.0,0.0,2.0,20,5,12
174354,16,2,2,2,8,3,0,1,1,1,2,36,1,2,0.0,0.0,0.0,0.0,0.0,1.0,6,3,12
82287,16,2,1,15,10,3,5,5,1,1,2,17,2,2,0.0,0.0,0.0,0.0,0.0,3.0,20,7,6
185090,16,2,1,0,6,3,0,1,1,1,2,36,2,2,0.0,0.0,0.0,0.0,0.0,2.0,16,7,12
58605,16,2,3,17,18,3,0,1,1,1,2,18,2,2,0.0,0.0,0.0,0.0,0.0,2.0,7,2,5
95050,15,2,3,0,8,3,0,1,0,1,2,36,2,1,1.0,0.0,1.0,0.0,0.0,1.0,13,1,7
179755,16,2,3,10,2,3,0,1,0,1,2,19,2,2,0.0,0.0,0.0,0.0,0.0,2.0,8,2,12
56160,15,7,3,0,18,3,6,1,0,1,2,18,2,2,0.0,0.0,0.0,0.0,0.0,2.0,8,4,5
105544,16,2,3,17,8,3,0,1,0,1,2,36,2,4,1.0,0.0,0.0,0.0,1.0,1.0,17,7,8
81237,16,2,1,14,2,3,0,1,0,1,2,23,2,2,0.0,0.0,0.0,0.0,0.0,4.0,22,6,6
63864,15,2,1,0,6,3,0,1,0,1,2,5,3,3,3.0,0.0,0.0,3.0,0.0,1.0,20,1,5
111258,16,2,3,0,6,3,0,1,0,1,2,6,2,3,2.0,0.0,0.0,2.0,0.0,1.0,18,1,8
101553,16,2,3,0,8,3,0,1,0,1,2,6,2,3,1.0,0.0,0.0,1.0,0.0,2.0,15,3,7
130435,15,2,1,10,15,3,0,1,0,1,2,17,2,2,0.0,0.0,0.0,0.0,0.0,2.0,1,1,9
81872,4,2,3,17,8,3,0,1,0,1,2,36,2,2,0.0,0.0,0.0,0.0,0.0,4.0,14,1,6
122647,16,2,4,7,6,3,0,1,0,1,2,36,2,2,0.0,0.0,0.0,0.0,0.0,1.0,21,2,9
153412,4,2,3,2,8,4,0,1,0,1,2,36,1,1,1.0,0.0,1.0,0.0,0.0,0.0,14,7,10
71375,16,2,3,9,6,3,0,1,1,1,0,18,2,2,0.0,0.0,0.0,0.0,0.0,2.0,9,6,5
149675,16,2,3,17,6,3,0,1,1,1,2,18,2,2,0.0,0.0,0.0,0.0,0.0,2.0,7,2,10
103804,16,2,1,0,6,3,0,1,0,1,2,6,2,2,0.0,0.0,0.0,0.0,0.0,3.0,0,1,7
142934,16,7,3,17,2,3,6,1,0,1,2,6,2,3,1.0,0.0,0.0,1.0,0.0,1.0,12,4,10
163792,16,2,1,17,6,3,5,1,0,1,2,36,2,2,0.0,0.0,0.0,0.0,0.0,4.0,18,6,11
30612,16,2,3,15,8,3,0,1,1,1,1,36,2,2,0.0,0.0,0.0,0.0,0.0,2.0,13,4,3
175097,15,2,1,0,8,3,0,1,0,1,2,18,2,3,3.0,0.0,0.0,1.0,2.0,0.0,6,6,12
65113,4,2,3,10,8,3,6,1,1,1,2,36,2,2,0.0,0.0,0.0,0.0,0.0,2.0,18,6,5
106445,4,2,3,17,8,3,0,1,1,1,1,36,2,2,0.0,0.0,0.0,0.0,0.0,2.0,9,5,8
176161,15,2,1,0,15,3,0,1,1,1,2,18,2,2,0.0,0.0,0.0,0.0,0.0,2.0,22,1,12
84854,16,2,1,10,2,3,0,1,1,1,0,36,2,2,0.0,0.0,0.0,0.0,0.0,2.0,0,3,6
118175,15,2,3,0,6,3,0,1,0,1,2,18,2,2,0.0,0.0,0.0,0.0,0.0,2.0,14,3,8
69245,4,2,3,7,8,3,0,1,0,1,2,36,5,4,1.0,0.0,0.0,0.0,1.0,0.0,17,1,5
54647,16,2,3,0,8,3,0,1,0,1,2,26,2,3,6.0,0.0,0.0,6.0,0.0,6.0,12,7,4
98667,16,2,3,15,3,3,0,1,1,1,2,26,2,2,0.0,0.0,0.0,0.0,0.0,3.0,16,1,7
83803,16,2,1,0,3,3,0,1,1,1,2,6,2,2,0.0,0.0,0.0,0.0,0.0,2.0,1,1,6
113302,16,2,3,7,10,3,0,1,1,1,1,22,2,2,0.0,0.0,0.0,0.0,0.0,1.0,17,4,8
44015,16,7,3,5,8,3,6,1,0,1,2,36,1,2,0.0,0.0,0.0,0.0,0.0,1.0,8,3,4
102371,16,2,1,0,3,3,0,1,0,1,2,18,2,1,1.0,0.0,1.0,0.0,0.0,1.0,1,7,7
185735,4,2,1,17,8,3,0,1,1,1,0,23,2,2,0.0,0.0,0.0,0.0,0.0,4.0,1,3,12
39625,15,2,1,0,6,3,6,1,1,1,2,36,2,2,0.0,0.0,0.0,0.0,0.0,4.0,3,7,3
36794,4,2,3,17,3,3,0,5,1,1,1,24,2,2,0.0,0.0,0.0,0.0,0.0,2.0,15,3,3
68490,15,2,3,17,15,3,0,1,1,1,2,18,2,2,0.0,0.0,0.0,0.0,0.0,2.0,16,5,5
65224,16,7,3,10,8,3,6,1,1,1,2,19,2,2,0.0,0.0,0.0,0.0,0.0,2.0,7,1,5
131102,15,7,3,10,2,3,6,5,1,1,2,36,2,2,0.0,0.0,0.0,0.0,0.0,2.0,8,3,9
49419,16,2,3,17,8,3,0,5,1,1,2,36,2,2,0.0,0.0,0.0,0.0,0.0,2.0,14,2,4
105146,16,2,3,17,3,3,0,1,0,1,2,35,2,4,1.0,0.0,0.0,0.0,1.0,3.0,15,6,8
109689,16,2,3,15,2,3,0,1,1,1,2,23,2,2,0.0,0.0,0.0,0.0,0.0,2.0,19,6,8
87742,16,2,3,17,6,3,0,1,1,1,2,36,2,2,0.0,0.0,0.0,0.0,0.0,3.0,17,1,6
152523,15,2,3,0,8,3,0,1,1,1,2,18,2,2,0.0,0.0,0.0,0.0,0.0,2.0,15,3,10
76634,15,11,3,10,8,3,5,5,1,1,1,17,2,2,0.0,0.0,0.0,0.0,0.0,3.0,16,1,6
28564,15,11,1,17,15,3,5,5,1,1,2,36,2,2,0.0,0.0,0.0,0.0,0.0,2.0,20,3,3
157285,4,2,3,17,2,3,0,1,0,1,2,36,2,2,0.0,0.0,0.0,0.0,0.0,2.0,17,6,11
102350,4,7,3,3,8,3,6,1,1,1,2,17,2,2,0.0,0.0,0.0,0.0,0.0,3.0,16,6,7
179527,16,2,1,17,8,3,0,1,1,1,2,18,2,2,0.0,0.0,0.0,0.0,0.0,2.0,6,5,12
15902,16,2,0,17,8,3,0,1,0,1,2,19,2,4,5.0,0.0,0.0,0.0,5.0,1.0,23,5,2
84864,15,2,3,10,6,3,0,1,1,1,0,17,2,2,0.0,0.0,0.0,0.0,0.0,2.0,14,5,6
117718,16,2,3,10,2,3,0,5,1,1,2,19,2,2,0.0,0.0,0.0,0.0,0.0,3.0,13,7,8
46907,15,2,1,17,6,3,0,1,0,1,2,18,2,2,0.0,0.0,0.0,0.0,0.0,4.0,19,1,4
161088,16,2,3,15,8,3,0,1,1,1,2,36,2,2,0.0,0.0,0.0,0.0,0.0,3.0,11,3,11
146966,15,2,0,0,8,3,0,1,1,1,2,12,2,2,0.0,0.0,0.0,0.0,0.0,2.0,20,3,10
150766,16,2,3,17,8,3,0,5,1,1,2,36,2,2,0.0,0.0,0.0,0.0,0.0,3.0,17,1,10
175246,16,3,4,8,6,3,0,1,1,1,1,24,2,2,0.0,0.0,0.0,0.0,0.0,2.0,16,3,12
160589,16,2,3,17,6,3,0,1,0,1,2,18,2,2,0.0,0.0,0.0,0.0,0.0,2.0,10,3,11
108574,16,2,3,15,8,3,0,1,1,1,1,23,2,2,0.0,0.0,0.0,0.0,0.0,2.0,9,3,8
97379,16,2,3,0,6,3,0,1,0,1,2,36,2,4,1.0,0.0,0.0,0.0,1.0,1.0,14,2,7
82111,15,2,3,17,2,3,0,1,0,1,2,18,2,2,0.0,0.0,0.0,0.0,0.0,2.0,16,4,6
29591,16,2,3,10,2,3,0,1,0,1,2,18,2,4,1.0,0.0,0.0,0.0,1.0,1.0,14,6,3
179139,4,2,3,10,8,3,0,5,1,0,0,36,2,2,0.0,0.0,0.0,0.0,0.0,2.0,12,6,12
48021,4,2,3,10,2,3,0,1,1,1,2,36,2,2,0.0,0.0,0.0,0.0,0.0,2.0,11,7,4
124751,4,2,1,15,8,3,5,5,1,1,1,36,2,2,0.0,0.0,0.0,0.0,0.0,2.0,19,5,9
183143,16,2,1,17,2,3,0,1,0,1,2,18,2,2,0.0,0.0,0.0,0.0,0.0,2.0,17,5,12
138154,16,2,4,0,2,3,0,1,1,1,2,36,2,2,0.0,0.0,0.0,0.0,0.0,3.0,18,6,10
111059,16,2,3,0,2,3,0,1,0,1,2,17,2,1,3.0,0.0,2.0,0.0,1.0,2.0,11,4,8
133170,16,2,3,9,2,3,0,1,0,1,0,18,3,3,2.0,0.0,0.0,1.0,1.0,1.0,12,1,9
147602,4,2,3,0,2,3,0,1,0,1,2,3,2,3,1.0,0.0,0.0,1.0,0.0,1.0,15,6,10
117246,4,3,4,17,8,3,0,1,0,1,2,19,2,2,0.0,0.0,0.0,0.0,0.0,3.0,18,7,8
139310,16,2,3,17,8,3,0,1,0,1,2,36,2,3,1.0,0.0,0.0,1.0,0.0,1.0,9,5,10
137699,15,2,3,17,8,3,0,1,0,1,2,18,2,3,1.0,0.0,0.0,1.0,0.0,4.0,17,2,10
132348,16,2,1,17,8,3,0,1,0,1,2,24,2,4,2.0,0.0,0.0,0.0,2.0,0.0,1,7,9
159855,16,2,3,10,3,3,0,1,0,1,1,19,2,4,1.0,0.0,0.0,0.0,1.0,1.0,13,6,11
26475,16,2,3,15,2,3,0,1,1,1,1,22,2,2,0.0,0.0,0.0,0.0,0.0,2.0,18,6,2
139487,16,2,0,10,6,3,0,1,1,0,0,9,2,2,0.0,0.0,0.0,0.0,0.0,2.0,5,6,10
105801,16,2,3,17,6,3,0,1,0,1,2,18,3,3,3.0,0.0,0.0,3.0,0.0,2.0,10,1,8
64873,16,3,3,10,8,3,0,1,1,0,2,19,2,2,0.0,0.0,0.0,0.0,0.0,2.0,17,4,5
112727,15,2,4,0,6,3,0,1,0,1,2,18,2,2,0.0,0.0,0.0,0.0,0.0,2.0,19,2,8
154815,16,2,1,0,6,4,0,1,0,1,2,6,3,3,1.0,0.0,0.0,1.0,0.0,3.0,20,7,10
124882,15,2,3,0,6,3,0,5,0,1,2,36,2,2,0.0,0.0,0.0,0.0,0.0,2.0,16,1,9
109714,16,2,3,17,6,3,0,1,1,1,0,24,2,2,0.0,0.0,0.0,0.0,0.0,2.0,11,6,8
144518,16,7,3,17,6,3,6,1,1,1,2,36,2,2,0.0,0.0,0.0,0.0,0.0,3.0,11,5,10
108372,15,2,3,9,10,3,0,1,1,1,0,18,2,2,0.0,0.0,0.0,0.0,0.0,2.0,19,6,8
79427,16,2,3,14,3,3,0,1,0,1,2,11,2,1,1.0,0.0,1.0,0.0,0.0,1.0,9,6,6
159760,16,2,0,10,8,3,0,1,1,1,2,19,2,2,0.0,0.0,0.0,0.0,0.0,3.0,18,4,11
143788,15,7,3,17,8,3,6,1,0,1,2,18,3,2,0.0,0.0,0.0,0.0,0.0,3.0,17,3,10
115358,17,2,5,17,6,3,0,1,0,1,2,3,2,1,3.0,0.0,1.0,1.0,1.0,0.0,3,1,8
124576,16,7,3,15,8,3,6,1,0,1,2,23,2,3,1.0,0.0,0.0,1.0,0.0,2.0,14,3,9
87449,16,2,3,0,6,3,0,1,1,1,1,6,2,2,0.0,0.0,0.0,0.0,0.0,2.0,13,3,6
133658,16,7,3,10,8,3,6,1,1,1,2,26,2,2,0.0,0.0,0.0,0.0,0.0,2.0,15,2,9
187603,15,10,3,17,2,3,6,1,1,1,1,18,2,2,0.0,0.0,0.0,0.0,0.0,2.0,11,6,12
110121,16,2,3,9,2,3,0,1,0,1,0,18,2,3,1.0,0.0,0.0,1.0,0.0,1.0,16,5,8
99184,16,11,4,10,15,3,5,5,1,1,2,36,2,2,0.0,0.0,0.0,0.0,0.0,3.0,18,2,7
188766,16,2,3,17,8,3,4,5,1,1,1,36,2,2,0.0,0.0,0.0,0.0,0.0,2.0,10,3,12
107488,4,2,3,0,6,3,0,1,1,1,2,18,2,2,0.0,0.0,0.0,0.0,0.0,2.0,18,7,8
107632,16,2,4,8,15,3,0,1,0,1,2,17,2,3,1.0,0.0,0.0,1.0,0.0,1.0,22,2,8
156359,4,2,1,17,2,3,0,1,1,1,2,24,2,2,0.0,0.0,0.0,0.0,0.0,2.0,18,5,11
15022,16,2,3,15,3,3,0,5,1,1,2,12,2,2,0.0,0.0,0.0,0.0,0.0,2.0,14,4,1
11768,15,10,3,0,6,3,4,1,0,1,2,28,2,2,0.0,0.0,0.0,0.0,0.0,2.0,10,2,1
24358,15,2,3,0,6,3,0,5,0,1,2,18,2,2,0.0,0.0,0.0,0.0,0.0,2.0,12,2,2
10887,4,10,3,17,15,3,4,1,1,1,2,18,2,2,0.0,0.0,0.0,0.0,0.0,2.0,14,1,1
59515,16,2,3,3,2,3,0,1,1,1,0,21,2,2,0.0,0.0,0.0,0.0,0.0,2.0,6,2,5
67290,16,2,2,10,8,3,6,1,1,1,1,36,2,2,0.0,0.0,0.0,0.0,0.0,2.0,16,7,5
58379,16,2,3,10,8,3,0,5,1,1,2,36,2,2,0.0,0.0,0.0,0.0,0.0,2.0,10,6,5
171189,16,2,3,2,8,3,0,1,1,1,0,36,1,2,0.0,0.0,0.0,0.0,0.0,1.0,9,4,11
159997,4,2,3,17,8,3,0,1,0,0,2,18,2,2,0.0,0.0,0.0,0.0,0.0,2.0,15,2,11
30347,16,2,3,7,8,3,0,1,0,1,2,13,3,2,0.0,0.0,0.0,0.0,0.0,2.0,7,7,3
138628,16,2,3,8,8,3,5,5,0,1,2,6,2,3,1.0,0.0,0.0,1.0,0.0,1.0,8,2,10
154302,16,2,3,14,15,3,0,1,1,1,2,36,3,2,0.0,0.0,0.0,0.0,0.0,3.0,11,7,10
20430,16,2,1,0,6,3,0,1,0,1,2,6,2,1,4.0,0.0,4.0,0.0,0.0,2.0,19,7,2
171358,16,2,3,17,8,3,0,1,1,1,2,18,2,2,0.0,0.0,0.0,0.0,0.0,3.0,12,1,11
22548,17,11,3,0,17,2,5,5,1,1,1,26,2,2,0.0,0.0,0.0,0.0,0.0,2.0,9,4,2
147168,16,2,3,0,8,3,0,1,0,1,2,18,2,3,2.0,0.0,0.0,2.0,0.0,1.0,12,7,10
32007,16,7,3,0,8,3,6,5,1,1,2,6,2,2,0.0,0.0,0.0,0.0,0.0,2.0,13,7,3
64042,16,2,3,0,6,3,0,1,1,1,2,36,2,2,0.0,0.0,0.0,0.0,0.0,5.0,19,5,5
43271,16,2,3,10,2,3,0,1,0,1,2,19,2,4,1.0,0.0,0.0,0.0,1.0,1.0,16,4,4
130378,15,2,3,2,18,3,0,5,0,1,1,36,1,2,0.0,0.0,0.0,0.0,0.0,5.0,15,7,9
9028,15,7,1,17,6,3,6,1,1,1,2,5,2,2,0.0,0.0,0.0,0.0,0.0,2.0,23,4,1
163356,16,2,3,0,6,3,0,1,0,1,2,6,2,2,0.0,0.0,0.0,0.0,0.0,3.0,13,2,11
10039,15,2,3,17,8,3,0,4,1,1,2,18,2,2,0.0,0.0,0.0,0.0,0.0,4.0,14,7,1
104957,15,2,3,10,15,3,0,1,1,1,1,26,2,2,0.0,0.0,0.0,0.0,0.0,2.0,10,4,8
65340,16,2,3,15,1,3,0,1,0,1,0,18,3,3,5.0,0.0,0.0,4.0,1.0,1.0,21,4,5
77863,16,2,3,17,6,3,0,1,1,1,1,6,2,2,0.0,0.0,0.0,0.0,0.0,2.0,10,6,6
131115,16,7,3,0,6,3,6,1,0,1,2,18,2,2,0.0,0.0,0.0,0.0,0.0,3.0,9,3,9
136953,16,2,3,17,10,3,0,1,1,1,1,18,2,2,0.0,0.0,0.0,0.0,0.0,2.0,8,6,9
6713,15,2,3,17,8,3,0,1,0,1,2,5,2,1,1.0,0.0,1.0,0.0,0.0,4.0,10,3,1
51022,4,3,3,17,8,3,0,1,0,1,2,18,2,4,1.0,0.0,0.0,0.0,1.0,2.0,16,4,4
128016,15,2,1,0,8,3,0,5,1,1,1,18,2,2,0.0,0.0,0.0,0.0,0.0,2.0,21,2,9
101179,16,2,3,8,8,3,0,1,0,1,2,36,2,3,1.0,0.0,0.0,1.0,0.0,1.0,14,6,7
62745,6,2,3,9,3,3,0,1,0,1,2,38,2,1,1.0,0.0,1.0,0.0,0.0,1.0,7,3,5
127667,16,2,3,0,19,3,5,5,1,1,2,36,2,2,0.0,0.0,0.0,0.0,0.0,2.0,13,6,9
183015,15,2,1,0,6,3,0,1,0,1,2,5,2,3,2.0,0.0,0.0,1.0,1.0,1.0,0,5,12
109690,16,2,3,17,6,3,0,1,0,1,2,28,2,2,0.0,0.0,0.0,0.0,0.0,2.0,7,6,8
33009,16,2,3,17,2,3,0,1,1,1,2,24,2,2,0.0,0.0,0.0,0.0,0.0,2.0,17,2,3
59670,16,3,3,17,10,3,0,1,1,1,2,23,2,2,0.0,0.0,0.0,0.0,0.0,2.0,11,4,5
164636,16,2,3,10,8,3,0,1,1,1,1,19,2,2,0.0,0.0,0.0,0.0,0.0,2.0,7,5,11
14752,15,10,1,2,8,3,1,1,1,1,2,39,1,2,0.0,0.0,0.0,0.0,0.0,1.0,21,5,1
65806,16,2,3,10,2,3,0,1,1,1,0,19,2,2,0.0,0.0,0.0,0.0,0.0,3.0,15,5,5
111601,16,2,3,10,6,3,0,5,0,1,0,17,2,3,1.0,0.0,0.0,1.0,0.0,2.0,9,5,8
184728,16,2,3,17,11,3,0,1,1,1,2,26,2,2,0.0,0.0,0.0,0.0,0.0,4.0,9,6,12
83773,16,2,1,4,8,3,0,1,0,1,0,18,2,3,1.0,0.0,0.0,1.0,0.0,2.0,23,7,6
74447,16,2,3,17,10,3,0,5,0,1,2,18,2,2,0.0,0.0,0.0,0.0,0.0,2.0,17,3,6
158830,15,2,1,0,6,3,0,1,1,1,2,18,2,2,0.0,0.0,0.0,0.0,0.0,2.0,21,4,11
181231,15,7,1,10,6,3,6,1,0,1,2,17,2,2,0.0,0.0,0.0,0.0,0.0,3.0,1,2,12
9594,16,2,3,9,10,3,0,1,0,1,0,36,2,4,1.0,0.0,0.0,0.0,1.0,1.0,14,7,1
95797,16,2,3,10,6,3,0,1,1,1,2,17,2,2,0.0,0.0,0.0,0.0,0.0,8.0,18,6,7
78532,15,2,3,17,8,3,0,1,0,1,2,18,2,4,1.0,0.0,0.0,0.0,1.0,3.0,17,2,6
13732,16,7,1,0,18,3,6,5,1,1,2,6,2,2,0.0,0.0,0.0,0.0,0.0,3.0,4,1,1
165993,15,2,3,0,2,3,0,1,1,1,2,18,2,2,0.0,0.0,0.0,0.0,0.0,2.0,9,1,11
51392,16,2,3,9,6,3,0,1,0,1,0,36,2,1,1.0,0.0,1.0,0.0,0.0,1.0,11,3,4
126717,16,2,3,15,2,3,0,1,1,1,2,36,2,2,0.0,0.0,0.0,0.0,0.0,2.0,10,4,9
168419,16,2,1,17,6,3,0,1,1,1,2,36,2,2,0.0,0.0,0.0,0.0,0.0,2.0,20,3,11
57173,4,2,1,0,6,3,0,1,0,1,2,5,2,2,0.0,0.0,0.0,0.0,0.0,2.0,3,1,5
52083,4,2,3,15,10,3,0,1,1,0,2,23,2,2,0.0,0.0,0.0,0.0,0.0,2.0,11,7,4
91581,16,2,3,10,6,3,0,1,1,0,2,17,2,2,0.0,0.0,0.0,0.0,0.0,2.0,10,2,7
38073,4,2,3,14,8,3,0,1,1,1,1,23,2,2,0.0,0.0,0.0,0.0,0.0,3.0,8,5,3
107102,15,5,3,17,15,3,6,1,0,1,2,2,2,3,1.0,0.0,0.0,1.0,0.0,4.0,10,1,8
25191,17,11,1,8,6,3,5,5,1,1,2,36,2,2,0.0,0.0,0.0,0.0,0.0,2.0,17,5,2
92789,16,2,3,9,6,3,0,1,0,1,0,36,2,3,1.0,0.0,0.0,1.0,0.0,1.0,8,1,7
43877,16,2,3,15,2,3,0,1,1,1,1,36,2,2,0.0,0.0,0.0,0.0,0.0,2.0,18,1,4
142700,16,2,3,17,3,3,0,1,1,1,2,36,2,2,0.0,0.0,0.0,0.0,0.0,2.0,8,4,10
174307,16,2,1,10,10,4,0,1,1,1,1,19,2,2,0.0,0.0,0.0,0.0,0.0,2.0,17,2,12
132623,16,7,3,17,2,3,6,1,1,1,1,36,2,2,0.0,0.0,0.0,0.0,0.0,4.0,15,1,9
78186,16,2,3,10,8,3,0,1,1,1,1,17,2,2,0.0,0.0,0.0,0.0,0.0,2.0,15,3,6
183052,16,2,3,10,2,3,6,1,0,1,2,17,3,2,0.0,0.0,0.0,0.0,0.0,4.0,8,3,12
95604,16,2,1,17,8,3,0,1,0,1,2,18,2,3,1.0,0.0,0.0,1.0,0.0,2.0,20,2,7
45916,16,10,1,0,11,3,4,5,0,1,2,36,2,3,3.0,0.0,0.0,3.0,0.0,3.0,0,2,4
70506,16,2,1,17,2,3,0,1,0,1,2,6,2,3,4.0,0.0,0.0,4.0,0.0,1.0,0,1,5
182733,16,2,3,15,8,3,0,1,1,1,2,36,2,2,0.0,0.0,0.0,0.0,0.0,2.0,14,7,12
113134,16,2,1,17,8,3,0,1,1,1,2,24,2,2,0.0,0.0,0.0,0.0,0.0,2.0,21,7,8
150667,16,2,3,17,1,3,0,1,1,1,2,24,2,2,0.0,0.0,0.0,0.0,0.0,2.0,13,7,10
175867,15,2,3,17,6,3,0,1,1,1,2,26,2,2,0.0,0.0,0.0,0.0,0.0,2.0,9,5,12
19418,16,10,3,15,3,2,4,5,1,1,2,23,2,2,0.0,0.0,0.0,0.0,0.0,2.0,13,4,2
34693,16,2,3,17,6,3,0,1,1,1,2,24,2,2,0.0,0.0,0.0,0.0,0.0,2.0,8,3,3
5518,16,10,1,10,8,3,4,5,1,1,2,36,2,2,0.0,0.0,0.0,0.0,0.0,3.0,20,6,1
94997,16,2,3,0,2,3,0,1,1,1,2,36,2,2,0.0,0.0,0.0,0.0,0.0,5.0,12,1,7
66504,16,2,3,15,8,3,0,5,0,1,2,18,2,3,3.0,0.0,0.0,3.0,0.0,1.0,8,3,5
66534,16,2,3,17,10,3,0,6,1,1,1,36,2,2,0.0,0.0,0.0,0.0,0.0,3.0,16,1,5
160292,16,2,3,17,3,3,0,1,1,1,2,36,2,2,0.0,0.0,0.0,0.0,0.0,2.0,15,5,11
149550,15,2,1,7,10,3,0,1,0,0,2,36,4,2,0.0,0.0,0.0,0.0,0.0,3.0,20,6,10
22754,4,10,3,14,8,3,4,1,1,1,0,39,2,2,0.0,0.0,0.0,0.0,0.0,2.0,14,4,2
99107,16,2,3,17,8,4,0,1,1,1,1,18,2,2,0.0,0.0,0.0,0.0,0.0,4.0,16,7,7
79873,15,2,3,0,2,3,0,1,1,1,2,5,2,2,0.0,0.0,0.0,0.0,0.0,2.0,13,5,6
33115,16,2,3,10,10,3,0,1,1,1,1,36,2,2,0.0,0.0,0.0,0.0,0.0,2.0,16,5,3
172751,17,2,3,17,8,3,0,1,1,0,2,24,2,2,0.0,0.0,0.0,0.0,0.0,3.0,13,7,12
172481,4,2,1,17,8,3,0,1,0,1,2,18,2,1,1.0,0.0,1.0,0.0,0.0,3.0,21,4,12
113430,4,2,3,17,6,3,0,1,1,1,1,24,2,2,0.0,0.0,0.0,0.0,0.0,2.0,18,6,8
172430,16,2,1,10,15,3,0,1,0,1,2,36,2,2,0.0,0.0,0.0,0.0,0.0,2.0,23,3,12
106099,15,2,3,8,15,3,0,1,1,1,0,13,2,2,0.0,0.0,0.0,0.0,0.0,2.0,18,1,8
156107,16,2,3,17,6,3,0,1,1,1,2,23,2,2,0.0,0.0,0.0,0.0,0.0,2.0,9,3,11
185108,16,7,1,9,6,3,6,1,0,1,0,6,2,3,1.0,0.0,0.0,1.0,0.0,1.0,19,7,12
156921,16,2,3,15,10,3,0,1,1,0,1,36,2,2,0.0,0.0,0.0,0.0,0.0,2.0,15,6,11
139483,15,2,3,0,6,3,0,1,0,1,2,18,2,4,2.0,0.0,0.0,0.0,2.0,1.0,17,6,10
133920,4,7,1,17,2,3,6,1,0,1,2,24,3,2,0.0,0.0,0.0,0.0,0.0,3.0,23,6,9