crash_date,               traffic_control_device,weather_condition,lighting_condition,first_crash_type,trafficway_type,alignment,roadway_surface_cond,road_defect,crash_type,intersection_related_i,damage,prim_contributory_cause,num_units,most_severe_injury,injuries_total,injuries_fatal,injuries_incapacitating,injuries_non_incapacitating,injuries_reported_not_evident,injuries_no_indication,crash_hour,crash_day_of_week,crash_month
69079,16,2,3,17,6,3,0,1,0,1,2,36,2,3,2.0,0.0,0.0,2.0,0.0,1.0,8,6,5
144709,15,2,3,10,8,3,0,1,0,1,2,19,2,2,0.0,0.0,0.0,0.0,0.0,2.0,12,6,10
65212,16,2,3,10,6,3,0,1,0,1,2,30,2,2,0.0,0.0,0.0,0.0,0.0,2.0,15,1,5
103622,16,2,3,10,8,3,0,5,1,1,0,17,2,2,0.0,0.0,0.0,0.0,0.0,5.0,17,6,7
136771,16,2,3,0,19,3,0,5,1,1,0,36,2,2,0.0,0.0,0.0,0.0,0.0,4.0,14,4,9
153770,16,2,3,0,8,3,0,1,0,1,2,36,2,3,2.0,0.0,0.0,2.0,0.0,0.0,14,7,10
78747,16,2,3,15,10,3,0,1,1,1,0,36,2,2,0.0,0.0,0.0,0.0,0.0,3.0,16,3,6
4914,16,2,3,10,2,3,0,1,1,1,2,19,2,2,0.0,0.0,0.0,0.0,0.0,3.0,6,2,1
170588,16,2,3,10,2,3,0,1,1,1,1,19,2,2,0.0,0.0,0.0,0.0,0.0,2.0,7,4,11
39208,16,2,3,17,6,3,0,1,0,1,2,18,2,2,0.0,0.0,0.0,0.0,0.0,4.0,18,6,3
5124,16,10,1,10,15,3,5,5,1,1,2,36,2,2,0.0,0.0,0.0,0.0,0.0,2.0,22,7,1
4184,16,2,1,10,8,3,0,1,0,1,2,19,2,4,1.0,0.0,0.0,0.0,1.0,1.0,20,1,1
182048,16,2,3,0,8,3,0,1,0,1,2,6,2,2,0.0,0.0,0.0,0.0,0.0,2.0,14,4,12
90680,16,2,3,17,15,2,0,1,1,1,1,19,2,2,0.0,0.0,0.0,0.0,0.0,3.0,10,3,7
26909,15,2,1,0,8,3,0,1,0,1,1,18,2,4,1.0,0.0,0.0,0.0,1.0,2.0,21,4,2
106804,17,2,3,17,18,3,0,1,1,1,2,26,2,2,0.0,0.0,0.0,0.0,0.0,2.0,14,3,8
153315,16,2,3,17,8,3,0,5,1,1,2,18,2,2,0.0,0.0,0.0,0.0,0.0,2.0,17,1,10
156643,4,2,2,10,8,3,0,1,1,1,2,36,2,2,0.0,0.0,0.0,0.0,0.0,2.0,6,3,11
72221,4,2,3,17,8,3,6,1,0,1,2,24,2,3,1.0,0.0,0.0,1.0,0.0,1.0,14,7,6
19573,16,2,3,10,8,3,0,5,1,1,1,36,2,2,0.0,0.0,0.0,0.0,0.0,2.0,8,6,2
87518,16,2,3,15,8,3,0,1,1,1,2,22,2,2,0.0,0.0,0.0,0.0,0.0,2.0,14,4,6
71412,16,2,3,0,8,3,0,1,1,1,2,18,2,2,0.0,0.0,0.0,0.0,0.0,3.0,14,1,5
150169,4,2,1,7,15,3,0,1,0,1,2,8,4,3,1.0,0.0,0.0,1.0,0.0,0.0,22,7,10
120617,16,2,3,10,8,4,0,1,0,1,2,19,2,3,2.0,0.0,0.0,2.0,0.0,0.0,7,7,9
101848,16,2,1,2,8,3,0,1,0,1,2,24,1,2,0.0,0.0,0.0,0.0,0.0,1.0,3,6,7
113319,16,2,3,15,10,3,0,1,0,1,2,36,2,0,2.0,2.0,0.0,0.0,0.0,1.0,9,4,8
68996,16,2,1,17,6,3,0,1,0,1,2,18,2,4,2.0,0.0,0.0,0.0,2.0,0.0,21,5,5
147835,16,3,3,15,8,5,0,1,1,1,0,36,2,2,0.0,0.0,0.0,0.0,0.0,2.0,9,3,10
98956,17,11,5,17,18,3,5,5,1,0,0,26,2,2,0.0,0.0,0.0,0.0,0.0,2.0,14,5,7
34819,15,2,3,10,2,3,0,1,0,1,2,17,2,4,2.0,0.0,0.0,0.0,2.0,1.0,15,4,3
104822,4,2,3,7,8,3,0,1,0,1,2,12,3,2,0.0,0.0,0.0,0.0,0.0,2.0,16,2,8
104061,16,2,1,10,3,3,0,1,0,1,1,3,2,4,1.0,0.0,0.0,0.0,1.0,11.0,22,4,8
46207,16,2,3,0,6,3,0,5,0,1,2,36,2,3,2.0,0.0,0.0,2.0,0.0,0.0,13,3,4
56984,16,3,3,10,2,4,0,1,1,1,2,17,2,2,0.0,0.0,0.0,0.0,0.0,3.0,17,4,5
127351,15,2,3,8,2,3,0,1,0,1,2,36,2,3,1.0,0.0,0.0,1.0,0.0,1.0,15,6,9
21408,15,10,1,0,2,3,4,5,1,1,1,5,2,2,0.0,0.0,0.0,0.0,0.0,2.0,20,1,2
19590,16,2,3,0,6,3,0,1,0,1,2,36,2,2,0.0,0.0,0.0,0.0,0.0,2.0,12,6,2
175464,16,2,3,10,3,3,0,5,0,1,2,36,2,4,1.0,0.0,0.0,0.0,1.0,1.0,15,5,12
3426,16,2,3,0,8,3,0,1,1,1,1,6,2,2,0.0,0.0,0.0,0.0,0.0,2.0,11,1,1
111249,15,2,3,17,8,3,0,1,0,1,2,18,2,1,1.0,0.0,1.0,0.0,0.0,2.0,16,1,8
60783,16,2,3,9,6,3,0,1,0,1,2,36,2,3,1.0,0.0,0.0,1.0,0.0,1.0,14,2,5
546,16,2,3,10,2,3,5,1,1,1,1,36,2,2,0.0,0.0,0.0,0.0,0.0,3.0,14,3,1
22170,16,2,3,10,8,3,0,1,1,1,1,19,2,2,0.0,0.0,0.0,0.0,0.0,2.0,9,6,2
93243,16,7,4,0,15,3,6,1,0,1,2,36,2,4,1.0,0.0,0.0,0.0,1.0,3.0,20,1,7
89103,16,2,3,10,8,3,0,1,1,1,1,36,2,2,0.0,0.0,0.0,0.0,0.0,5.0,8,7,7
84990,4,2,1,17,8,3,0,1,1,1,2,36,2,2,0.0,0.0,0.0,0.0,0.0,2.0,23,6,6
164251,16,2,3,17,1,3,0,1,1,1,0,19,2,2,0.0,0.0,0.0,0.0,0.0,3.0,17,5,11
4359,15,2,3,0,8,3,0,1,1,1,2,5,2,2,0.0,0.0,0.0,0.0,0.0,2.0,11,5,1
23834,4,2,1,0,8,3,4,5,0,1,2,18,2,2,0.0,0.0,0.0,0.0,0.0,5.0,20,7,2
25230,4,2,3,0,2,3,0,1,1,1,2,21,2,2,0.0,0.0,0.0,0.0,0.0,3.0,16,3,2
25880,4,3,3,17,6,3,0,1,1,1,2,24,2,2,0.0,0.0,0.0,0.0,0.0,6.0,15,2,2
119386,4,2,3,17,6,3,0,1,0,1,2,24,2,3,2.0,0.0,0.0,2.0,0.0,0.0,10,5,8
92453,15,2,3,9,2,3,0,1,0,1,2,18,2,1,1.0,0.0,1.0,0.0,0.0,1.0,12,2,7
36754,16,2,1,17,2,3,0,1,1,1,2,12,3,2,0.0,0.0,0.0,0.0,0.0,6.0,19,2,3
191,16,2,3,3,6,3,0,1,0,1,2,36,2,3,1.0,0.0,0.0,1.0,0.0,2.0,15,4,1
4435,16,4,1,15,3,4,6,1,1,1,2,22,2,2,0.0,0.0,0.0,0.0,0.0,2.0,17,4,1
12157,4,10,1,9,8,3,4,1,0,1,0,36,2,3,1.0,0.0,0.0,1.0,0.0,1.0,17,2,1
127889,16,2,1,10,8,3,0,1,1,0,0,19,2,2,0.0,0.0,0.0,0.0,0.0,2.0,21,6,9
84230,15,2,3,15,1,3,0,1,0,1,2,36,2,4,1.0,0.0,0.0,0.0,1.0,1.0,13,1,6
151654,16,2,1,9,8,3,0,1,1,1,1,36,2,2,0.0,0.0,0.0,0.0,0.0,2.0,18,5,10
177819,16,2,1,17,8,3,0,1,1,1,1,36,2,2,0.0,0.0,0.0,0.0,0.0,2.0,19,3,12
88204,16,3,1,15,6,3,6,5,0,1,2,36,2,4,1.0,0.0,0.0,0.0,1.0,1.0,22,7,7
38941,16,2,3,17,2,3,0,1,1,1,1,36,2,2,0.0,0.0,0.0,0.0,0.0,3.0,15,7,3
35055,16,2,1,10,15,3,0,1,0,1,2,28,4,3,2.0,0.0,0.0,1.0,1.0,7.0,0,1,3
64187,4,7,3,0,8,3,6,1,0,1,1,5,2,2,0.0,0.0,0.0,0.0,0.0,3.0,13,6,5
36877,16,7,1,15,6,3,6,5,1,1,1,36,2,2,0.0,0.0,0.0,0.0,0.0,2.0,20,5,3
37199,16,2,4,10,2,3,0,3,1,1,1,2,2,2,0.0,0.0,0.0,0.0,0.0,5.0,17,3,3
135376,16,2,3,17,8,3,0,1,0,1,2,18,2,2,0.0,0.0,0.0,0.0,0.0,2.0,16,4,9
139212,15,2,3,8,6,3,0,1,0,1,2,18,2,3,2.0,0.0,0.0,2.0,0.0,0.0,15,3,10
143283,16,2,3,15,10,3,0,5,1,0,2,36,2,2,0.0,0.0,0.0,0.0,0.0,4.0,16,5,10
181192,16,7,1,0,6,3,6,1,1,1,2,36,3,2,0.0,0.0,0.0,0.0,0.0,3.0,19,7,12
165391,15,2,1,0,8,3,0,1,1,1,2,18,2,2,0.0,0.0,0.0,0.0,0.0,3.0,19,7,11
150602,15,2,3,10,8,3,6,1,1,1,1,19,2,2,0.0,0.0,0.0,0.0,0.0,3.0,14,6,10
120554,16,2,3,17,8,3,0,1,0,1,2,24,2,2,0.0,0.0,0.0,0.0,0.0,2.0,7,6,9
76285,16,2,3,0,6,3,0,5,0,1,2,36,2,4,1.0,0.0,0.0,0.0,1.0,4.0,17,4,6
68498,15,2,3,17,15,3,5,5,0,0,2,24,3,2,0.0,0.0,0.0,0.0,0.0,4.0,17,5,5
183884,16,2,3,10,2,3,0,1,1,1,2,17,3,2,0.0,0.0,0.0,0.0,0.0,3.0,12,2,12
160679,16,2,1,9,2,3,0,1,0,1,1,6,2,3,1.0,0.0,0.0,1.0,0.0,1.0,16,5,11
8361,15,2,1,10,2,3,0,1,1,1,1,36,2,2,0.0,0.0,0.0,0.0,0.0,2.0,21,1,1
55595,15,2,3,0,8,3,0,1,0,1,2,26,2,2,0.0,0.0,0.0,0.0,0.0,4.0,18,2,4
7280,4,2,0,17,2,3,0,5,1,1,1,18,2,2,0.0,0.0,0.0,0.0,0.0,2.0,18,6,1
49618,16,2,1,0,8,3,0,1,0,1,2,3,2,2,0.0,0.0,0.0,0.0,0.0,2.0,4,7,4
155001,16,2,3,9,6,3,0,1,0,1,0,18,2,4,1.0,0.0,0.0,0.0,1.0,1.0,15,4,10
184996,16,2,0,17,6,3,0,1,1,1,1,36,2,2,0.0,0.0,0.0,0.0,0.0,3.0,17,5,12
79358,15,7,3,0,8,3,6,1,0,1,2,18,2,2,0.0,0.0,0.0,0.0,0.0,2.0,6,5,6
151557,17,11,5,10,8,3,5,5,1,1,1,26,2,2,0.0,0.0,0.0,0.0,0.0,2.0,18,3,10
141980,15,2,1,0,6,3,0,1,0,1,2,18,2,4,1.0,0.0,0.0,0.0,1.0,1.0,21,6,10
179330,4,2,1,17,2,3,0,1,0,0,2,26,2,3,1.0,0.0,0.0,1.0,0.0,1.0,18,4,12
23317,15,2,1,0,6,3,6,1,1,1,1,18,2,2,0.0,0.0,0.0,0.0,0.0,2.0,19,6,2
113362,15,2,3,17,6,3,0,1,1,1,1,18,3,2,0.0,0.0,0.0,0.0,0.0,2.0,19,5,8
108641,16,2,3,0,2,3,0,1,1,1,2,18,2,2,0.0,0.0,0.0,0.0,0.0,2.0,14,6,8
48845,16,2,1,0,6,3,0,1,0,1,1,3,2,2,0.0,0.0,0.0,0.0,0.0,3.0,0,6,4
30123,16,10,1,17,8,3,4,1,0,1,1,15,2,4,2.0,0.0,0.0,0.0,2.0,2.0,20,2,3
96814,15,2,1,0,6,3,0,1,0,1,2,5,3,2,0.0,0.0,0.0,0.0,0.0,2.0,0,7,7
60979,16,2,3,15,2,3,0,5,1,1,2,17,2,2,0.0,0.0,0.0,0.0,0.0,2.0,13,6,5
124814,16,2,0,17,8,3,0,1,1,1,2,22,2,2,0.0,0.0,0.0,0.0,0.0,2.0,6,6,9
44856,4,11,0,2,8,3,2,5,0,1,1,36,1,3,1.0,0.0,0.0,1.0,0.0,0.0,23,5,4
130933,16,2,1,10,8,4,0,1,1,1,2,17,2,2,0.0,0.0,0.0,0.0,0.0,3.0,0,7,9
12232,16,2,1,17,6,3,0,1,0,1,2,24,2,2,0.0,0.0,0.0,0.0,0.0,3.0,22,3,1
32820,16,3,3,15,2,3,6,1,1,0,0,22,2,2,0.0,0.0,0.0,0.0,0.0,4.0,8,6,3
38928,16,2,3,17,8,3,0,1,0,1,2,18,2,2,0.0,0.0,0.0,0.0,0.0,2.0,13,7,3
61743,15,2,1,3,2,3,0,5,1,0,2,5,2,2,0.0,0.0,0.0,0.0,0.0,2.0,2,3,5
157455,16,2,1,17,3,3,5,1,0,1,2,18,2,2,0.0,0.0,0.0,0.0,0.0,4.0,18,7,11
11477,15,10,3,7,8,3,4,1,1,1,2,13,2,2,0.0,0.0,0.0,0.0,0.0,1.0,16,4,1
24749,16,2,3,17,8,3,0,1,1,1,2,22,2,2,0.0,0.0,0.0,0.0,0.0,2.0,11,3,2
113371,16,2,3,10,8,3,0,5,1,1,2,19,2,2,0.0,0.0,0.0,0.0,0.0,2.0,20,5,8
183952,4,2,3,15,8,3,0,5,1,0,2,36,2,2,0.0,0.0,0.0,0.0,0.0,2.0,15,4,12
52208,16,2,3,10,6,3,0,1,1,1,1,19,2,2,0.0,0.0,0.0,0.0,0.0,2.0,18,3,4
79563,15,2,3,0,15,3,0,1,1,1,2,38,2,2,0.0,0.0,0.0,0.0,0.0,3.0,17,2,6
107510,16,2,3,0,8,3,0,1,0,1,2,36,3,3,3.0,0.0,0.0,3.0,0.0,1.0,10,7,8
112296,16,2,3,17,2,3,0,1,0,1,2,12,2,2,0.0,0.0,0.0,0.0,0.0,2.0,8,3,8
161728,4,2,3,9,15,3,0,1,1,1,0,26,2,2,0.0,0.0,0.0,0.0,0.0,2.0,12,6,11
57,16,10,3,17,2,3,4,1,1,1,2,6,2,2,0.0,0.0,0.0,0.0,0.0,4.0,15,2,1
77383,16,2,0,17,2,3,0,1,1,1,2,36,2,2,0.0,0.0,0.0,0.0,0.0,2.0,22,6,6
113854,4,2,3,0,15,3,0,1,0,1,2,18,2,3,1.0,0.0,0.0,1.0,0.0,1.0,18,6,8
6155,15,11,5,0,6,3,5,5,1,1,1,18,2,2,0.0,0.0,0.0,0.0,0.0,2.0,19,2,1
162710,16,2,3,7,8,3,0,1,1,1,2,36,2,2,0.0,0.0,0.0,0.0,0.0,2.0,15,6,11
180960,16,2,3,7,8,3,0,1,0,1,2,24,2,2,0.0,0.0,0.0,0.0,0.0,1.0,13,4,12
180019,16,2,1,10,8,3,0,1,1,1,2,12,2,2,0.0,0.0,0.0,0.0,0.0,2.0,17,7,12
66998,15,2,3,0,6,3,0,1,1,1,2,36,2,2,0.0,0.0,0.0,0.0,0.0,3.0,16,4,5
171175,15,2,1,0,8,3,0,1,1,1,2,36,2,2,0.0,0.0,0.0,0.0,0.0,2.0,19,4,11
110239,17,2,3,17,15,3,0,5,0,1,1,36,2,1,1.0,0.0,1.0,0.0,0.0,1.0,14,7,8
5975,4,3,3,9,8,3,4,1,0,1,0,36,5,3,4.0,0.0,0.0,4.0,0.0,1.0,7,4,1
72534,16,2,1,17,6,3,0,1,0,1,2,36,2,2,0.0,0.0,0.0,0.0,0.0,6.0,1,4,6
41241,4,11,5,17,15,3,5,5,0,1,2,36,2,3,2.0,0.0,0.0,2.0,0.0,1.0,22,3,3
140932,4,2,3,17,15,3,0,1,1,1,2,17,2,2,0.0,0.0,0.0,0.0,0.0,2.0,10,6,10
76783,16,7,3,17,2,3,6,1,1,1,2,36,3,2,0.0,0.0,0.0,0.0,0.0,3.0,8,4,6
71893,15,2,3,10,8,3,0,5,0,1,0,8,2,3,2.0,0.0,0.0,2.0,0.0,0.0,11,6,6
139013,15,2,3,17,8,3,0,1,0,1,2,36,2,3,2.0,0.0,0.0,2.0,0.0,0.0,15,7,10
83102,16,2,3,0,10,3,0,5,1,1,2,18,2,2,0.0,0.0,0.0,0.0,0.0,2.0,9,6,6
84357,4,2,1,0,0,3,0,1,0,1,2,18,2,4,1.0,0.0,0.0,0.0,1.0,1.0,22,2,6
18333,16,10,1,17,8,3,4,1,0,1,2,24,2,2,0.0,0.0,0.0,0.0,0.0,2.0,19,5,2
174641,4,7,0,10,10,3,6,1,0,1,2,19,4,2,0.0,0.0,0.0,0.0,0.0,9.0,18,1,12
146348,16,2,1,15,3,3,0,1,1,0,2,18,2,2,0.0,0.0,0.0,0.0,0.0,2.0,0,3,10
52888,15,2,2,14,18,3,0,5,0,1,2,24,2,3,1.0,0.0,0.0,1.0,0.0,4.0,20,2,4
31762,15,3,3,17,6,3,0,1,1,1,2,18,2,2,0.0,0.0,0.0,0.0,0.0,2.0,16,4,3
158977,16,2,3,10,11,3,0,5,0,1,2,36,2,3,1.0,0.0,0.0,1.0,0.0,1.0,12,7,11
37418,16,2,3,17,1,3,0,1,0,1,2,22,2,4,1.0,0.0,0.0,0.0,1.0,2.0,17,1,3
132660,16,2,3,17,16,3,0,1,1,1,2,18,2,2,0.0,0.0,0.0,0.0,0.0,4.0,10,1,9
76498,15,2,3,0,8,3,0,1,1,1,2,6,2,2,0.0,0.0,0.0,0.0,0.0,2.0,19,1,6
59423,16,2,3,10,8,3,0,1,0,1,2,19,3,3,2.0,0.0,0.0,2.0,0.0,1.0,15,3,5
84526,15,2,3,17,8,3,0,5,1,1,2,5,2,2,0.0,0.0,0.0,0.0,0.0,2.0,17,6,6
124375,16,2,3,10,2,3,0,5,1,1,1,23,2,2,0.0,0.0,0.0,0.0,0.0,6.0,16,5,9
1251,16,2,3,0,6,3,6,1,0,1,2,6,2,3,4.0,0.0,0.0,4.0,0.0,0.0,12,1,1
188648,16,7,3,17,8,3,6,1,0,1,2,18,2,4,2.0,0.0,0.0,0.0,2.0,2.0,13,2,12
55988,6,2,3,9,6,3,0,1,0,1,0,18,2,1,1.0,0.0,1.0,0.0,0.0,1.0,8,3,4
171861,16,10,1,0,6,3,0,1,0,1,2,3,2,3,2.0,0.0,0.0,2.0,0.0,0.0,17,2,11
92097,15,2,3,17,6,3,0,1,0,1,2,18,3,3,2.0,0.0,0.0,1.0,1.0,2.0,14,5,7
75645,15,2,3,0,6,3,0,1,1,1,2,36,2,2,0.0,0.0,0.0,0.0,0.0,2.0,17,7,6
152052,16,3,3,17,2,3,6,1,1,1,2,36,2,2,0.0,0.0,0.0,0.0,0.0,2.0,11,4,10
38053,4,2,3,9,2,3,0,1,0,1,0,18,3,1,2.0,0.0,2.0,0.0,0.0,1.0,17,5,3
84963,15,7,3,0,8,3,6,1,0,1,2,18,2,2,0.0,0.0,0.0,0.0,0.0,2.0,8,6,6
106988,4,2,1,17,11,3,0,1,1,1,2,24,2,2,0.0,0.0,0.0,0.0,0.0,3.0,23,6,8
56539,4,2,3,10,8,3,0,1,1,0,0,36,2,2,0.0,0.0,0.0,0.0,0.0,2.0,16,4,5
68131,15,2,3,17,8,3,0,1,0,1,2,18,2,2,0.0,0.0,0.0,0.0,0.0,4.0,6,5,5
53469,15,2,3,10,8,3,0,1,1,1,2,36,2,2,0.0,0.0,0.0,0.0,0.0,3.0,15,4,4
107758,15,2,3,0,8,3,0,1,1,1,2,18,2,2,0.0,0.0,0.0,0.0,0.0,2.0,10,3,8
72474,16,2,3,10,8,4,0,1,0,1,0,36,2,4,1.0,0.0,0.0,0.0,1.0,3.0,10,1,6
145163,16,2,3,10,2,3,0,5,1,1,2,17,2,2,0.0,0.0,0.0,0.0,0.0,2.0,12,1,10
29343,16,7,3,0,8,3,0,1,1,1,2,36,2,2,0.0,0.0,0.0,0.0,0.0,2.0,10,3,3
146132,16,2,3,9,2,3,0,1,0,1,2,36,2,1,1.0,0.0,1.0,0.0,0.0,1.0,16,7,10
9863,16,2,4,17,6,3,0,1,1,1,1,6,2,2,0.0,0.0,0.0,0.0,0.0,2.0,18,5,1
32238,15,2,4,0,6,3,0,1,1,1,2,36,2,2,0.0,0.0,0.0,0.0,0.0,2.0,17,4,3
52895,16,2,3,15,8,3,0,1,1,1,2,23,2,2,0.0,0.0,0.0,0.0,0.0,3.0,10,2,4
128038,16,2,4,10,8,3,0,1,0,1,1,36,2,3,1.0,0.0,0.0,1.0,0.0,1.0,2,3,9
106842,16,2,3,17,2,3,0,1,1,1,2,18,2,2,0.0,0.0,0.0,0.0,0.0,2.0,8,3,8
68368,4,2,3,3,8,3,0,1,0,0,2,36,2,3,1.0,0.0,0.0,1.0,0.0,1.0,18,3,5
104852,16,2,3,0,6,3,0,1,0,1,2,6,2,2,0.0,0.0,0.0,0.0,0.0,2.0,10,2,8
65420,16,2,3,8,6,3,0,1,1,1,0,36,2,2,0.0,0.0,0.0,0.0,0.0,2.0,9,5,5
73094,15,2,3,0,6,3,0,5,1,1,1,36,2,2,0.0,0.0,0.0,0.0,0.0,5.0,18,5,6
128556,16,2,1,10,10,3,0,1,1,1,1,19,2,2,0.0,0.0,0.0,0.0,0.0,2.0,0,1,9
181847,16,2,3,17,6,3,0,1,1,1,1,17,2,2,0.0,0.0,0.0,0.0,0.0,3.0,12,3,12
9572,16,10,3,15,10,3,4,1,1,1,1,22,2,2,0.0,0.0,0.0,0.0,0.0,3.0,8,4,1
127355,16,2,1,15,8,3,0,1,1,1,1,36,2,2,0.0,0.0,0.0,0.0,0.0,2.0,15,6,9
134689,16,2,3,15,8,3,0,1,1,1,2,23,2,2,0.0,0.0,0.0,0.0,0.0,3.0,12,2,9
43630,4,2,3,0,2,3,0,1,1,1,1,36,2,2,0.0,0.0,0.0,0.0,0.0,2.0,15,3,4
122622,16,2,3,10,6,3,0,1,0,1,2,36,2,3,2.0,0.0,0.0,1.0,1.0,3.0,16,2,9
110126,16,2,3,17,2,3,0,1,0,1,2,12,2,3,2.0,0.0,0.0,2.0,0.0,2.0,17,5,8
98274,16,7,3,17,1,3,6,5,0,1,2,3,2,3,2.0,0.0,0.0,2.0,0.0,1.0,8,7,7
90930,16,2,3,15,8,3,0,1,1,1,2,36,2,2,0.0,0.0,0.0,0.0,0.0,2.0,9,6,7
41458,16,2,1,10,8,3,0,1,1,1,1,19,2,2,0.0,0.0,0.0,0.0,0.0,2.0,22,6,3
141601,16,2,3,0,6,3,0,5,0,1,2,36,2,1,3.0,0.0,1.0,2.0,0.0,0.0,7,2,10
163142,16,2,1,17,2,3,0,1,1,1,1,22,2,2,0.0,0.0,0.0,0.0,0.0,2.0,21,4,11
132041,16,7,1,17,6,3,6,1,0,1,2,36,2,2,0.0,0.0,0.0,0.0,0.0,3.0,19,7,9
56910,16,2,3,0,6,3,0,1,0,1,2,36,2,2,0.0,0.0,0.0,0.0,0.0,3.0,17,5,5
131163,15,2,3,0,10,3,0,5,0,1,2,5,4,3,2.0,0.0,0.0,1.0,1.0,5.0,18,5,9
138317,15,7,1,0,8,3,6,1,0,1,2,18,4,1,1.0,0.0,1.0,0.0,0.0,1.0,5,4,10
183435,4,2,3,17,2,3,0,5,1,1,2,24,2,2,0.0,0.0,0.0,0.0,0.0,2.0,10,3,12
13590,15,10,3,0,6,3,6,1,1,1,1,18,2,2,0.0,0.0,0.0,0.0,0.0,3.0,16,6,1
151274,16,7,1,14,8,3,6,5,0,1,2,39,2,4,1.0,0.0,0.0,0.0,1.0,1.0,20,1,10
101890,4,2,3,17,8,3,0,1,0,1,2,24,2,2,0.0,0.0,0.0,0.0,0.0,2.0,14,7,7
51183,4,2,3,15,11,3,0,1,1,0,2,26,2,2,0.0,0.0,0.0,0.0,0.0,2.0,20,7,4
53883,16,2,3,0,15,3,0,1,0,1,2,11,3,3,1.0,0.0,0.0,1.0,0.0,3.0,10,4,4
177812,15,2,0,0,8,3,0,1,0,1,2,5,2,2,0.0,0.0,0.0,0.0,0.0,2.0,19,3,12
138969,16,11,1,10,2,3,5,1,0,1,1,19,2,4,1.0,0.0,0.0,0.0,1.0,1.0,20,5,10
147552,15,2,1,0,8,3,0,1,0,1,2,18,2,2,0.0,0.0,0.0,0.0,0.0,2.0,17,5,10
136850,15,2,3,0,6,3,0,1,0,1,1,18,2,3,1.0,0.0,0.0,1.0,0.0,1.0,16,5,9
21661,4,2,3,17,8,3,6,1,1,1,1,22,2,2,0.0,0.0,0.0,0.0,0.0,2.0,18,5,2
110848,15,2,1,8,6,3,0,1,0,1,1,36,2,3,1.0,0.0,0.0,1.0,0.0,1.0,21,3,8
19453,16,2,3,0,6,3,6,1,0,1,2,6,2,3,2.0,0.0,0.0,2.0,0.0,3.0,9,4,2
141081,16,7,4,10,8,3,6,1,1,1,1,19,2,2,0.0,0.0,0.0,0.0,0.0,2.0,17,7,10
13996,15,2,0,0,6,3,4,1,1,1,2,36,2,2,0.0,0.0,0.0,0.0,0.0,2.0,23,6,1
107621,16,2,0,17,2,3,0,1,0,1,2,12,2,2,0.0,0.0,0.0,0.0,0.0,3.0,18,2,8
17033,16,10,1,17,1,3,4,1,1,1,2,36,2,2,0.0,0.0,0.0,0.0,0.0,3.0,17,4,2
62361,16,2,1,0,6,3,0,1,0,1,2,36,2,4,1.0,0.0,0.0,0.0,1.0,1.0,2,6,5
115069,16,2,3,7,8,3,0,1,0,1,2,19,2,2,0.0,0.0,0.0,0.0,0.0,2.0,23,4,8
16316,16,2,1,10,8,3,0,1,1,1,2,19,2,2,0.0,0.0,0.0,0.0,0.0,3.0,20,6,2
73354,15,2,1,17,8,3,0,1,1,1,2,24,2,2,0.0,0.0,0.0,0.0,0.0,2.0,0,7,6
100032,4,2,1,10,6,3,0,1,0,1,2,19,3,2,0.0,0.0,0.0,0.0,0.0,3.0,0,7,7
36646,16,2,1,2,6,3,0,5,0,1,2,36,1,2,0.0,0.0,0.0,0.0,0.0,2.0,3,2,3
156420,16,2,3,0,2,3,0,1,0,1,2,36,3,3,2.0,0.0,0.0,2.0,0.0,3.0,14,6,11
102028,16,2,3,17,6,3,0,1,1,1,1,23,2,2,0.0,0.0,0.0,0.0,0.0,2.0,18,3,7
76721,16,2,3,0,8,3,0,1,0,1,2,6,2,4,1.0,0.0,0.0,0.0,1.0,1.0,19,2,6
15210,4,10,3,0,8,3,4,1,1,1,2,18,2,2,0.0,0.0,0.0,0.0,0.0,2.0,8,6,2
160496,16,2,3,10,2,3,0,5,1,1,1,36,2,2,0.0,0.0,0.0,0.0,0.0,2.0,15,2,11
17013,16,2,1,15,8,3,0,1,1,1,1,24,2,2,0.0,0.0,0.0,0.0,0.0,2.0,3,4,2
96409,16,2,3,15,10,2,0,1,1,1,1,36,2,2,0.0,0.0,0.0,0.0,0.0,2.0,16,1,7
124056,16,2,1,17,6,3,0,1,0,1,2,36,2,3,3.0,0.0,0.0,3.0,0.0,0.0,18,2,9
22614,4,10,1,8,10,3,4,1,0,1,0,39,2,1,1.0,0.0,1.0,0.0,0.0,1.0,19,7,2
179607,16,2,1,3,8,3,0,1,0,1,2,22,2,4,2.0,0.0,0.0,0.0,2.0,1.0,18,6,12
38725,4,7,3,17,10,3,6,1,0,1,2,18,2,3,2.0,0.0,0.0,2.0,0.0,0.0,8,4,3
158468,15,2,1,10,2,3,0,1,0,1,2,17,2,4,2.0,0.0,0.0,0.0,2.0,3.0,1,1,11
153621,16,7,3,10,2,3,6,1,1,1,2,19,2,2,0.0,0.0,0.0,0.0,0.0,2.0,14,5,10
46615,16,2,0,10,6,3,0,1,1,1,0,17,2,2,0.0,0.0,0.0,0.0,0.0,2.0,21,2,4
124568,16,7,3,17,8,3,6,1,0,1,2,18,2,2,0.0,0.0,0.0,0.0,0.0,4.0,13,3,9
41646,16,7,3,17,6,3,6,1,1,1,2,36,2,2,0.0,0.0,0.0,0.0,0.0,2.0,16,4,3
40303,16,7,3,10,1,3,6,1,0,1,2,17,2,2,0.0,0.0,0.0,0.0,0.0,4.0,17,6,3