crash_date,               traffic_control_device,weather_condition,lighting_condition,first_crash_type,trafficway_type,alignment,roadway_surface_cond,road_defect,crash_type,intersection_related_i,damage,prim_contributory_cause,num_units,most_severe_injury,injuries_total,injuries_fatal,injuries_incapacitating,injuries_non_incapacitating,injuries_reported_not_evident,injuries_no_indication,crash_hour,crash_day_of_week,crash_month
92482,15,2,3,17,8,3,0,1,1,1,1,36,2,2,0.0,0.0,0.0,0.0,0.0,2.0,18,3,7
77151,16,2,3,15,8,3,6,1,0,1,2,22,2,2,0.0,0.0,0.0,0.0,0.0,2.0,15,2,6
122570,16,7,3,0,8,3,6,1,1,1,0,36,2,2,0.0,0.0,0.0,0.0,0.0,2.0,15,1,9
146712,4,2,3,17,8,3,0,1,1,1,1,18,2,2,0.0,0.0,0.0,0.0,0.0,2.0,16,1,10
49830,16,2,3,17,8,3,0,1,1,1,2,36,2,2,0.0,0.0,0.0,0.0,0.0,2.0,17,2,4
10685,16,2,3,10,8,3,0,1,1,1,2,36,2,2,0.0,0.0,0.0,0.0,0.0,2.0,14,4,1
23826,4,2,1,0,10,3,0,1,1,0,2,18,2,2,0.0,0.0,0.0,0.0,0.0,3.0,18,7,2
99175,15,2,3,0,6,3,0,1,0,1,2,18,2,2,0.0,0.0,0.0,0.0,0.0,2.0,17,2,7
110658,16,2,0,0,8,3,0,1,0,1,2,18,3,2,0.0,0.0,0.0,0.0,0.0,4.0,20,6,8
77907,16,2,3,10,6,3,0,1,1,1,0,19,2,2,0.0,0.0,0.0,0.0,0.0,2.0,17,7,6
91984,4,2,3,7,10,3,0,1,0,0,2,36,4,2,0.0,0.0,0.0,0.0,0.0,1.0,17,2,7
132070,16,7,1,0,2,3,6,1,0,1,2,17,2,2,0.0,0.0,0.0,0.0,0.0,2.0,21,7,9
178134,16,2,3,17,6,3,0,1,1,1,2,36,2,2,0.0,0.0,0.0,0.0,0.0,2.0,14,2,12
95435,16,2,3,17,5,3,0,1,0,1,2,6,3,2,0.0,0.0,0.0,0.0,0.0,4.0,11,7,7
13813,16,2,1,17,1,3,5,5,1,1,1,36,2,2,0.0,0.0,0.0,0.0,0.0,7.0,19,2,1
84997,16,7,3,0,8,3,6,5,1,1,1,36,2,2,0.0,0.0,0.0,0.0,0.0,5.0,13,7,6
120065,16,7,0,10,2,3,6,1,0,1,2,17,2,4,1.0,0.0,0.0,0.0,1.0,5.0,21,6,8
169790,15,11,5,9,17,3,6,5,0,1,0,36,2,3,1.0,0.0,0.0,1.0,0.0,1.0,17,3,11
135021,16,2,3,13,8,3,0,1,0,1,2,36,2,1,1.0,0.0,1.0,0.0,0.0,1.0,14,7,9
37318,16,7,1,2,10,3,6,1,0,0,2,17,1,2,0.0,0.0,0.0,0.0,0.0,1.0,5,6,3
141326,17,2,1,17,6,3,0,5,1,1,1,36,2,2,0.0,0.0,0.0,0.0,0.0,2.0,0,4,10
95746,16,2,1,17,6,3,0,1,1,1,1,24,2,2,0.0,0.0,0.0,0.0,0.0,4.0,23,5,7
23122,16,2,3,17,2,3,6,1,0,1,2,18,3,2,0.0,0.0,0.0,0.0,0.0,3.0,11,1,2
77915,16,2,3,10,8,3,0,1,1,1,2,36,2,2,0.0,0.0,0.0,0.0,0.0,2.0,18,7,6
69483,15,2,3,0,8,3,0,1,1,1,2,18,2,2,0.0,0.0,0.0,0.0,0.0,2.0,16,6,5
31058,15,2,1,0,8,3,0,1,0,1,2,18,2,2,0.0,0.0,0.0,0.0,0.0,2.0,20,4,3
110482,4,2,3,17,8,3,0,1,1,0,2,26,2,2,0.0,0.0,0.0,0.0,0.0,4.0,13,3,8
187014,16,10,1,10,10,3,4,1,1,1,1,36,2,2,0.0,0.0,0.0,0.0,0.0,2.0,19,2,12
79037,4,2,3,17,8,3,0,1,0,1,2,36,2,3,1.0,0.0,0.0,1.0,0.0,3.0,16,2,6
59000,15,2,3,17,2,3,0,5,0,1,1,36,2,2,0.0,0.0,0.0,0.0,0.0,3.0,14,1,5
149336,16,3,2,10,8,3,0,1,1,1,0,36,2,2,0.0,0.0,0.0,0.0,0.0,2.0,7,2,10
155012,15,2,3,7,8,3,0,1,1,1,2,24,2,2,0.0,0.0,0.0,0.0,0.0,2.0,17,4,10
166577,4,2,1,2,12,3,3,2,1,1,1,26,1,2,0.0,0.0,0.0,0.0,0.0,2.0,20,3,11
179730,16,2,3,10,15,3,0,5,1,1,0,36,2,2,0.0,0.0,0.0,0.0,0.0,2.0,14,2,12
28097,15,2,1,0,2,3,0,1,0,1,2,18,3,2,0.0,0.0,0.0,0.0,0.0,3.0,1,7,2
30472,16,3,3,17,6,3,6,1,0,1,2,36,2,3,1.0,0.0,0.0,1.0,0.0,2.0,7,3,3
130054,4,2,3,17,6,3,0,1,0,1,2,18,2,4,1.0,0.0,0.0,0.0,1.0,1.0,8,3,9
11115,15,10,3,0,11,3,4,1,0,1,2,39,2,2,0.0,0.0,0.0,0.0,0.0,2.0,7,4,1
110583,4,2,1,9,15,3,0,1,1,1,0,5,2,2,0.0,0.0,0.0,0.0,0.0,2.0,20,5,8
46884,16,2,3,17,8,3,0,1,1,1,2,24,2,2,0.0,0.0,0.0,0.0,0.0,2.0,12,7,4
111785,16,2,3,17,6,3,0,1,1,1,1,24,2,2,0.0,0.0,0.0,0.0,0.0,2.0,9,2,8
60103,15,7,3,0,8,3,6,5,0,1,2,18,2,2,0.0,0.0,0.0,0.0,0.0,3.0,9,4,5
167975,16,2,1,17,6,3,0,5,0,1,2,26,4,3,1.0,0.0,0.0,1.0,0.0,3.0,19,3,11
71206,15,2,1,10,10,3,0,1,1,1,1,36,2,2,0.0,0.0,0.0,0.0,0.0,2.0,21,4,5
121124,15,2,3,17,8,3,0,1,1,1,2,18,2,2,0.0,0.0,0.0,0.0,0.0,2.0,8,6,9
133018,16,2,3,17,10,3,0,1,1,1,1,22,2,2,0.0,0.0,0.0,0.0,0.0,2.0,7,6,9
153021,16,2,3,17,6,3,0,1,1,1,2,36,2,2,0.0,0.0,0.0,0.0,0.0,3.0,17,3,10
135408,16,2,3,10,8,3,0,1,0,1,2,19,2,2,0.0,0.0,0.0,0.0,0.0,2.0,11,4,9
43913,15,2,3,10,6,3,0,1,0,1,0,36,2,3,1.0,0.0,0.0,1.0,0.0,1.0,16,2,4
27841,15,2,1,0,6,3,0,5,0,1,2,18,2,3,3.0,0.0,0.0,3.0,0.0,2.0,20,6,2
178901,16,2,3,15,10,3,0,1,1,1,2,36,2,2,0.0,0.0,0.0,0.0,0.0,2.0,12,3,12
5273,15,2,1,0,6,3,0,1,1,1,0,36,2,2,0.0,0.0,0.0,0.0,0.0,3.0,20,4,1
186373,16,2,1,17,1,3,6,1,0,1,2,24,2,4,1.0,0.0,0.0,0.0,1.0,3.0,17,3,12
84116,15,2,1,0,6,3,0,1,1,1,2,36,2,2,0.0,0.0,0.0,0.0,0.0,2.0,22,6,6
4822,16,11,3,17,2,3,5,5,0,1,2,18,2,2,0.0,0.0,0.0,0.0,0.0,2.0,12,4,1
7359,16,2,1,10,10,3,0,1,0,1,2,19,2,2,0.0,0.0,0.0,0.0,0.0,2.0,19,7,1
175182,16,2,4,15,6,3,0,1,0,1,2,23,3,2,0.0,0.0,0.0,0.0,0.0,3.0,16,2,12
100018,16,2,1,15,3,3,0,1,1,1,2,23,2,2,0.0,0.0,0.0,0.0,0.0,2.0,21,7,7
81630,4,2,3,17,8,3,0,1,1,1,0,24,2,2,0.0,0.0,0.0,0.0,0.0,2.0,17,4,6
64561,16,2,3,17,1,3,0,1,0,1,2,36,2,2,0.0,0.0,0.0,0.0,0.0,2.0,14,5,5
24324,16,2,3,17,2,3,0,1,1,1,2,18,2,2,0.0,0.0,0.0,0.0,0.0,2.0,13,2,2
177510,16,2,3,10,3,3,5,5,1,1,2,19,2,2,0.0,0.0,0.0,0.0,0.0,2.0,15,7,12
132177,15,2,3,0,8,3,0,1,1,1,1,18,2,2,0.0,0.0,0.0,0.0,0.0,2.0,17,3,9
20715,4,2,3,15,10,3,0,1,1,0,0,36,2,2,0.0,0.0,0.0,0.0,0.0,2.0,9,4,2
160115,16,7,1,9,6,3,6,1,0,1,0,36,2,3,1.0,0.0,0.0,1.0,0.0,1.0,17,4,11
11514,16,2,3,9,8,3,0,1,0,1,0,36,2,3,1.0,0.0,0.0,1.0,0.0,1.0,13,5,1
110357,15,2,3,0,8,3,0,1,0,1,2,18,2,2,0.0,0.0,0.0,0.0,0.0,5.0,12,2,8
106538,16,7,3,17,2,3,6,1,1,1,2,36,2,2,0.0,0.0,0.0,0.0,0.0,2.0,13,7,8
147086,16,2,3,17,8,3,0,1,1,1,2,18,3,2,0.0,0.0,0.0,0.0,0.0,7.0,8,5,10
141368,4,7,3,17,6,3,6,1,0,1,2,36,2,2,0.0,0.0,0.0,0.0,0.0,2.0,7,5,10
42068,4,7,3,5,8,3,6,2,0,1,1,36,1,2,0.0,0.0,0.0,0.0,0.0,1.0,17,5,3
172937,4,2,3,15,10,3,0,1,0,1,2,18,2,2,0.0,0.0,0.0,0.0,0.0,3.0,10,2,12
112819,16,2,3,8,8,3,0,1,0,1,0,18,2,3,1.0,0.0,0.0,1.0,0.0,1.0,17,4,8
29466,4,11,5,15,8,3,5,5,1,1,1,36,2,2,0.0,0.0,0.0,0.0,0.0,2.0,14,6,3
187376,16,2,3,17,8,3,2,1,0,1,2,28,2,2,0.0,0.0,0.0,0.0,0.0,4.0,8,4,12
2736,16,2,1,10,8,3,5,1,1,1,2,36,2,2,0.0,0.0,0.0,0.0,0.0,2.0,0,5,1
15696,16,2,1,17,8,3,5,5,1,1,2,19,2,2,0.0,0.0,0.0,0.0,0.0,2.0,18,7,2
161382,16,3,3,17,8,3,0,1,1,1,2,18,2,2,0.0,0.0,0.0,0.0,0.0,2.0,15,7,11
143856,15,2,3,17,8,3,0,1,0,1,2,18,2,2,0.0,0.0,0.0,0.0,0.0,3.0,15,4,10
119972,15,2,3,0,2,3,0,1,0,1,2,36,2,1,1.0,0.0,1.0,0.0,0.0,1.0,15,5,8
64070,16,2,3,10,8,3,5,5,1,1,0,36,2,2,0.0,0.0,0.0,0.0,0.0,4.0,11,5,5
149382,15,7,1,0,16,3,6,1,0,1,2,28,2,2,0.0,0.0,0.0,0.0,0.0,4.0,3,4,10
141632,4,2,3,17,0,3,0,5,1,1,1,36,2,2,0.0,0.0,0.0,0.0,0.0,3.0,12,2,10
128061,16,2,3,17,8,3,0,1,1,1,2,18,2,2,0.0,0.0,0.0,0.0,0.0,2.0,6,3,9
124240,16,2,3,17,15,3,0,1,1,1,1,17,2,2,0.0,0.0,0.0,0.0,0.0,2.0,15,5,9
20092,4,2,3,10,8,3,0,1,1,1,1,19,2,2,0.0,0.0,0.0,0.0,0.0,3.0,11,1,2
15428,16,2,3,0,10,3,0,1,0,1,2,18,4,2,0.0,0.0,0.0,0.0,0.0,2.0,15,4,2
130741,16,2,3,17,8,3,0,1,1,1,1,24,2,2,0.0,0.0,0.0,0.0,0.0,4.0,14,4,9
156347,16,2,3,9,2,3,5,5,0,1,1,18,2,4,1.0,0.0,0.0,0.0,1.0,1.0,17,5,11
166334,16,2,3,10,8,3,0,1,1,1,2,12,2,2,0.0,0.0,0.0,0.0,0.0,2.0,11,7,11
141307,16,2,1,0,8,3,0,1,1,0,2,17,2,2,0.0,0.0,0.0,0.0,0.0,3.0,21,4,10
122984,15,2,3,17,8,3,0,1,0,1,2,18,2,2,0.0,0.0,0.0,0.0,0.0,5.0,14,7,9
96171,15,2,3,17,6,3,0,1,1,1,2,18,2,2,0.0,0.0,0.0,0.0,0.0,3.0,16,4,7
138648,15,2,3,17,8,3,0,1,0,1,2,18,2,2,0.0,0.0,0.0,0.0,0.0,2.0,11,2,10
106070,18,2,1,0,10,3,0,1,0,1,2,18,2,2,0.0,0.0,0.0,0.0,0.0,2.0,1,1,8
38456,16,3,3,10,2,3,0,1,1,1,0,19,2,2,0.0,0.0,0.0,0.0,0.0,2.0,14,5,3
142422,15,2,1,10,10,3,0,1,0,1,2,36,2,3,3.0,0.0,0.0,3.0,0.0,1.0,23,4,10
51524,15,2,3,10,6,3,0,5,0,1,2,19,4,3,3.0,0.0,0.0,3.0,0.0,4.0,14,6,4
122483,16,2,3,10,6,3,0,1,1,1,2,19,2,2,0.0,0.0,0.0,0.0,0.0,2.0,10,6,9
185712,15,2,1,0,8,3,4,1,1,1,2,5,2,2,0.0,0.0,0.0,0.0,0.0,2.0,17,2,12
107835,16,2,3,17,6,2,0,1,0,1,2,36,2,2,0.0,0.0,0.0,0.0,0.0,4.0,13,5,8
29607,16,10,1,15,8,3,4,1,0,1,2,24,2,3,1.0,0.0,0.0,1.0,0.0,2.0,22,6,3
106892,16,2,3,15,8,3,0,1,0,1,2,36,2,3,2.0,0.0,0.0,1.0,1.0,0.0,19,5,8
32343,16,2,3,0,2,3,0,1,1,1,2,6,2,2,0.0,0.0,0.0,0.0,0.0,2.0,9,5,3
116969,16,7,1,17,8,3,6,1,1,1,2,36,2,2,0.0,0.0,0.0,0.0,0.0,2.0,21,4,8
189083,15,7,1,0,8,3,6,1,0,1,2,18,2,1,1.0,0.0,1.0,0.0,0.0,1.0,0,3,12
134860,16,2,1,0,2,3,0,1,0,1,2,36,2,3,1.0,0.0,0.0,1.0,0.0,1.0,0,3,9
131966,16,2,1,17,8,3,0,1,1,1,1,36,2,2,0.0,0.0,0.0,0.0,0.0,2.0,19,6,9
38550,16,2,3,17,1,3,0,1,1,1,1,22,2,2,0.0,0.0,0.0,0.0,0.0,2.0,12,6,3
26447,16,2,1,0,8,3,6,1,0,1,2,6,2,2,0.0,0.0,0.0,0.0,0.0,5.0,2,6,2
13175,15,5,1,0,2,3,6,1,0,1,2,18,2,3,1.0,0.0,0.0,1.0,0.0,2.0,19,5,1
3855,16,2,1,0,6,3,0,1,0,1,2,6,2,3,1.0,0.0,0.0,1.0,0.0,1.0,23,4,1
36333,16,2,3,17,8,3,0,1,0,1,2,6,2,4,2.0,0.0,0.0,0.0,2.0,2.0,13,2,3
20796,15,1,3,0,8,3,4,1,0,1,2,17,3,2,0.0,0.0,0.0,0.0,0.0,4.0,8,5,2
128773,16,2,3,2,6,3,0,1,0,1,2,23,1,3,1.0,0.0,0.0,1.0,0.0,0.0,16,6,9
168778,4,2,1,2,8,3,0,1,0,1,2,14,1,2,0.0,0.0,0.0,0.0,0.0,1.0,5,1,11
78371,15,3,3,17,2,3,0,1,0,1,2,18,2,2,0.0,0.0,0.0,0.0,0.0,2.0,11,5,6
116100,16,2,3,10,8,3,0,1,1,1,1,17,2,2,0.0,0.0,0.0,0.0,0.0,3.0,8,6,8
98711,15,2,3,10,8,3,0,1,1,1,2,12,2,2,0.0,0.0,0.0,0.0,0.0,2.0,14,6,7
70129,16,2,3,17,6,3,0,1,1,1,2,36,2,2,0.0,0.0,0.0,0.0,0.0,2.0,8,3,5
115823,16,2,3,17,3,3,0,1,0,1,2,18,2,3,1.0,0.0,0.0,1.0,0.0,2.0,17,1,8
51903,15,7,3,0,2,3,6,1,0,1,2,18,2,3,3.0,0.0,0.0,3.0,0.0,0.0,16,6,4
12583,16,2,3,0,6,3,0,1,0,1,2,36,2,2,0.0,0.0,0.0,0.0,0.0,2.0,7,1,1
151171,16,2,3,0,6,3,0,1,0,1,2,6,2,3,1.0,0.0,0.0,1.0,0.0,1.0,13,7,10
8983,17,11,5,0,15,3,0,5,1,1,0,26,2,2,0.0,0.0,0.0,0.0,0.0,2.0,14,4,1
13286,16,10,3,15,6,4,4,1,1,1,1,23,2,2,0.0,0.0,0.0,0.0,0.0,4.0,12,6,1
88022,16,2,1,3,2,3,0,1,0,1,2,11,2,4,3.0,0.0,0.0,0.0,3.0,0.0,21,4,7
161035,16,2,1,0,1,5,0,1,0,1,2,6,2,4,1.0,0.0,0.0,0.0,1.0,2.0,0,1,11
151990,15,7,4,0,15,3,6,1,0,1,2,17,2,2,0.0,0.0,0.0,0.0,0.0,2.0,16,4,10
92580,17,11,5,10,17,3,5,5,1,1,1,36,2,2,0.0,0.0,0.0,0.0,0.0,2.0,10,4,7
78490,15,2,0,17,8,3,0,1,0,1,0,18,2,2,0.0,0.0,0.0,0.0,0.0,2.0,20,1,6
97200,16,3,3,10,2,3,0,1,0,1,1,17,2,2,0.0,0.0,0.0,0.0,0.0,2.0,11,5,7
26130,16,2,3,15,2,3,4,1,1,1,2,36,2,2,0.0,0.0,0.0,0.0,0.0,2.0,16,7,2
86776,16,2,3,15,2,3,0,1,0,1,2,22,2,3,1.0,0.0,0.0,1.0,0.0,2.0,15,6,6
64844,16,2,1,17,2,3,0,1,0,1,2,28,3,4,1.0,0.0,0.0,0.0,1.0,5.0,22,3,5
186907,15,2,0,0,2,3,0,1,0,1,2,18,2,3,3.0,0.0,0.0,3.0,0.0,0.0,19,4,12
165055,16,2,1,0,2,3,5,1,1,1,2,6,2,2,0.0,0.0,0.0,0.0,0.0,2.0,5,4,11
113820,15,2,1,17,6,3,0,1,0,1,2,36,2,2,0.0,0.0,0.0,0.0,0.0,2.0,23,5,8
66740,16,2,3,10,8,3,0,5,1,1,2,36,2,2,0.0,0.0,0.0,0.0,0.0,4.0,16,6,5
124510,4,11,5,7,10,3,5,1,1,0,1,36,2,2,0.0,0.0,0.0,0.0,0.0,1.0,12,7,9
13471,16,2,3,7,8,3,0,1,1,0,2,36,2,2,0.0,0.0,0.0,0.0,0.0,2.0,13,3,1
28718,16,7,3,10,8,3,0,1,1,1,0,19,2,2,0.0,0.0,0.0,0.0,0.0,2.0,9,5,3
175690,16,2,4,17,8,3,0,1,0,1,2,18,2,2,0.0,0.0,0.0,0.0,0.0,2.0,15,2,12
152474,4,7,0,10,10,2,6,1,0,1,2,36,2,3,1.0,0.0,0.0,1.0,0.0,1.0,5,2,10
104485,16,7,3,17,8,3,6,5,0,1,1,18,2,3,1.0,0.0,0.0,1.0,0.0,2.0,8,5,8
151510,16,2,3,17,3,3,0,1,1,1,2,24,2,2,0.0,0.0,0.0,0.0,0.0,2.0,10,5,10
64842,15,7,1,0,6,3,6,1,0,1,2,39,2,3,1.0,0.0,0.0,1.0,0.0,1.0,22,3,5
63331,4,7,3,14,8,3,6,1,0,0,2,36,3,2,0.0,0.0,0.0,0.0,0.0,2.0,9,6,5
99906,16,2,3,15,8,3,0,1,0,1,2,36,2,2,0.0,0.0,0.0,0.0,0.0,2.0,14,6,7
107929,4,2,2,7,10,3,0,1,1,0,1,36,2,2,0.0,0.0,0.0,0.0,0.0,1.0,4,7,8
151309,15,7,3,0,8,3,6,1,1,1,2,18,2,2,0.0,0.0,0.0,0.0,0.0,2.0,12,1,10
21269,16,2,1,2,3,3,0,1,0,1,2,36,1,3,1.0,0.0,0.0,1.0,0.0,1.0,2,6,2
17698,15,2,1,17,3,3,0,1,1,1,2,12,2,2,0.0,0.0,0.0,0.0,0.0,2.0,18,2,2
74341,16,2,3,17,8,3,0,1,1,1,2,18,2,2,0.0,0.0,0.0,0.0,0.0,2.0,15,4,6
179896,16,7,3,15,8,3,6,1,1,1,2,22,2,2,0.0,0.0,0.0,0.0,0.0,2.0,7,4,12
146019,4,2,3,7,8,3,0,1,0,1,2,36,2,2,0.0,0.0,0.0,0.0,0.0,1.0,9,5,10
29266,16,2,3,0,10,3,0,1,0,1,2,6,2,3,1.0,0.0,0.0,1.0,0.0,2.0,6,1,3
103857,16,2,3,17,3,3,0,1,0,1,2,36,2,2,0.0,0.0,0.0,0.0,0.0,3.0,13,4,7
85854,16,2,3,17,2,3,0,1,0,1,2,6,2,2,0.0,0.0,0.0,0.0,0.0,2.0,15,5,6
41295,15,2,3,0,6,3,0,1,1,1,1,18,2,2,0.0,0.0,0.0,0.0,0.0,2.0,9,4,3
103692,16,2,3,17,8,3,0,5,1,1,2,22,2,2,0.0,0.0,0.0,0.0,0.0,4.0,14,7,7
52243,15,2,3,11,8,3,0,1,1,1,1,38,2,2,0.0,0.0,0.0,0.0,0.0,2.0,15,5,4
175158,15,2,1,0,6,3,0,1,1,1,2,18,2,2,0.0,0.0,0.0,0.0,0.0,2.0,22,1,12
117504,16,2,3,10,8,3,0,1,1,1,1,36,2,2,0.0,0.0,0.0,0.0,0.0,2.0,10,5,8
82398,16,3,3,17,6,3,0,1,0,1,2,18,2,2,0.0,0.0,0.0,0.0,0.0,2.0,12,1,6
93674,16,2,3,17,8,3,0,1,1,1,2,23,2,2,0.0,0.0,0.0,0.0,0.0,3.0,18,1,7
138461,16,3,3,0,8,3,0,1,0,1,2,36,2,2,0.0,0.0,0.0,0.0,0.0,4.0,14,7,10
180003,17,2,3,17,19,3,0,5,1,1,2,18,2,2,0.0,0.0,0.0,0.0,0.0,2.0,13,7,12
24405,15,2,3,17,6,3,0,1,0,1,2,36,2,2,0.0,0.0,0.0,0.0,0.0,3.0,9,3,2
166240,16,2,3,17,2,3,0,1,1,1,2,18,2,2,0.0,0.0,0.0,0.0,0.0,2.0,7,6,11
50859,4,2,3,17,8,3,0,1,1,1,1,36,2,2,0.0,0.0,0.0,0.0,0.0,4.0,15,7,4
146203,4,2,3,8,8,3,0,1,0,1,1,18,2,3,1.0,0.0,0.0,1.0,0.0,1.0,7,1,10
74966,16,2,3,17,2,3,0,1,1,1,2,36,2,2,0.0,0.0,0.0,0.0,0.0,2.0,13,3,6
12756,16,11,3,17,8,3,5,5,1,1,1,36,2,2,0.0,0.0,0.0,0.0,0.0,3.0,17,5,1
150362,15,2,3,0,2,3,0,1,1,1,1,36,2,2,0.0,0.0,0.0,0.0,0.0,2.0,15,2,10
9620,15,2,2,17,8,3,0,1,0,1,2,38,2,3,3.0,0.0,0.0,3.0,0.0,1.0,6,7,1
62311,16,2,3,10,2,3,0,1,1,1,1,36,3,2,0.0,0.0,0.0,0.0,0.0,3.0,16,5,5
21525,15,2,3,0,8,3,0,1,1,1,2,5,2,2,0.0,0.0,0.0,0.0,0.0,2.0,7,3,2
74715,16,2,3,0,6,3,0,5,0,1,2,6,2,4,2.0,0.0,0.0,0.0,2.0,1.0,19,1,6
79686,16,2,3,17,6,3,0,1,1,1,2,18,2,2,0.0,0.0,0.0,0.0,0.0,2.0,15,4,6
97439,16,2,3,15,10,3,0,1,1,1,1,23,2,2,0.0,0.0,0.0,0.0,0.0,2.0,13,3,7
67682,4,2,2,17,2,3,0,1,0,1,2,35,2,1,2.0,0.0,2.0,0.0,0.0,1.0,19,5,5
181602,16,2,1,17,6,3,0,1,1,1,2,18,2,2,0.0,0.0,0.0,0.0,0.0,2.0,18,6,12
130160,15,2,1,17,8,3,0,5,0,1,2,26,2,3,2.0,0.0,0.0,2.0,0.0,1.0,0,2,9
743,16,2,3,0,6,3,0,1,0,1,2,18,3,3,1.0,0.0,0.0,1.0,0.0,3.0,12,5,1
14870,16,10,1,0,3,3,6,5,0,1,2,12,2,2,0.0,0.0,0.0,0.0,0.0,2.0,19,1,1
129903,16,2,3,7,6,3,0,1,1,1,2,36,2,2,0.0,0.0,0.0,0.0,0.0,1.0,17,7,9
97025,16,2,3,17,10,3,0,5,1,1,2,36,2,2,0.0,0.0,0.0,0.0,0.0,2.0,12,3,7
14564,16,7,1,10,3,3,6,1,1,1,1,36,2,2,0.0,0.0,0.0,0.0,0.0,2.0,18,3,1
55933,16,2,3,0,8,3,6,1,0,1,2,6,3,4,1.0,0.0,0.0,0.0,1.0,3.0,10,1,4
173921,16,2,2,15,10,3,0,1,1,1,1,22,2,2,0.0,0.0,0.0,0.0,0.0,2.0,17,4,12
138759,16,2,3,17,11,3,0,1,0,1,0,18,2,2,0.0,0.0,0.0,0.0,0.0,3.0,7,2,10
43267,15,2,1,0,10,3,0,1,0,1,2,26,2,2,0.0,0.0,0.0,0.0,0.0,2.0,2,4,4
46783,16,2,1,2,10,3,0,1,0,1,2,36,1,3,2.0,0.0,0.0,2.0,0.0,0.0,1,5,4
46356,16,2,1,17,2,3,0,1,1,1,2,36,2,2,0.0,0.0,0.0,0.0,0.0,5.0,22,3,4
139053,15,7,1,10,6,3,6,1,1,1,1,36,2,2,0.0,0.0,0.0,0.0,0.0,2.0,22,7,10
91145,16,2,3,10,2,3,0,1,0,1,0,19,2,4,1.0,0.0,0.0,0.0,1.0,1.0,11,3,7
17408,16,10,1,10,2,3,4,1,1,1,2,16,2,2,0.0,0.0,0.0,0.0,0.0,2.0,21,3,2
77240,4,2,3,10,2,3,0,1,0,1,2,19,2,2,0.0,0.0,0.0,0.0,0.0,2.0,19,3,6
58193,16,2,4,17,8,3,0,1,1,1,2,24,2,2,0.0,0.0,0.0,0.0,0.0,2.0,17,4,5
147389,16,2,1,0,6,3,0,1,0,1,2,6,2,4,2.0,0.0,0.0,0.0,2.0,2.0,18,5,10
29518,4,2,3,17,8,3,0,1,1,1,2,19,2,2,0.0,0.0,0.0,0.0,0.0,3.0,12,6,3
150728,16,2,1,17,6,3,0,1,0,1,2,36,3,2,0.0,0.0,0.0,0.0,0.0,2.0,23,7,10
81723,15,2,3,0,8,3,0,1,0,0,2,5,4,3,1.0,0.0,0.0,1.0,0.0,4.0,18,6,6
138149,16,2,3,17,8,3,0,1,1,1,1,18,2,2,0.0,0.0,0.0,0.0,0.0,4.0,16,6,10
66689,16,2,3,8,11,2,3,1,0,1,0,18,2,3,1.0,0.0,0.0,1.0,0.0,1.0,18,4,5
91592,4,2,3,0,8,3,0,1,1,1,1,18,2,2,0.0,0.0,0.0,0.0,0.0,3.0,12,2,7
418,16,11,3,10,8,3,5,5,1,1,1,36,2,2,0.0,0.0,0.0,0.0,0.0,2.0,14,2,1
95768,4,2,3,17,8,3,0,1,1,1,2,24,2,2,0.0,0.0,0.0,0.0,0.0,2.0,14,6,7
43394,16,2,3,17,8,3,0,1,0,1,2,36,2,2,0.0,0.0,0.0,0.0,0.0,2.0,17,7,4
180654,15,2,0,0,6,3,6,1,0,1,2,18,2,2,0.0,0.0,0.0,0.0,0.0,2.0,16,1,12
164608,16,2,3,11,15,3,0,1,1,1,1,21,2,2,0.0,0.0,0.0,0.0,0.0,2.0,14,5,11
53004,16,2,1,17,3,3,0,1,1,0,2,36,2,2,0.0,0.0,0.0,0.0,0.0,3.0,21,3,4
185962,16,7,4,0,11,3,6,1,1,1,1,36,2,2,0.0,0.0,0.0,0.0,0.0,4.0,15,2,12
5138,16,3,3,10,8,3,0,1,1,1,1,36,2,2,0.0,0.0,0.0,0.0,0.0,2.0,14,2,1
167428,16,7,1,5,6,3,6,1,0,1,2,18,2,3,1.0,0.0,0.0,1.0,0.0,1.0,1,3,11
24766,16,2,3,17,6,3,0,1,0,1,2,18,2,3,3.0,0.0,0.0,3.0,0.0,3.0,16,4,2
182934,16,2,3,17,8,3,0,1,0,1,2,36,2,1,1.0,0.0,1.0,0.0,0.0,1.0,10,3,12
149193,16,2,3,0,11,3,0,1,0,1,2,18,2,3,1.0,0.0,0.0,1.0,0.0,1.0,16,7,10
62849,15,2,3,9,8,3,5,5,1,1,0,23,2,2,0.0,0.0,0.0,0.0,0.0,2.0,16,6,5
172033,4,2,0,8,3,3,0,1,1,1,0,36,2,2,0.0,0.0,0.0,0.0,0.0,3.0,18,5,11
134813,4,2,3,9,8,3,0,1,0,1,0,36,2,3,1.0,0.0,0.0,1.0,0.0,1.0,16,3,9
81151,4,2,3,10,15,3,0,1,0,1,2,9,3,3,1.0,0.0,0.0,1.0,0.0,2.0,10,5,6
132948,4,2,1,17,8,3,0,1,0,1,2,24,2,3,3.0,0.0,0.0,1.0,2.0,4.0,4,1,9
182957,15,2,3,0,8,3,0,1,0,1,2,18,2,4,1.0,0.0,0.0,0.0,1.0,1.0,15,5,12
108674,15,2,3,17,8,3,0,1,0,1,2,18,2,3,2.0,0.0,0.0,2.0,0.0,0.0,19,6,8