crash_date,               traffic_control_device,weather_condition,lighting_condition,first_crash_type,trafficway_type,alignment,roadway_surface_cond,road_defect,crash_type,intersection_related_i,damage,prim_contributory_cause,num_units,most_severe_injury,injuries_total,injuries_fatal,injuries_incapacitating,injuries_non_incapacitating,injuries_reported_not_evident,injuries_no_indication,crash_hour,crash_day_of_week,crash_month
62885,16,2,1,17,2,3,0,1,1,1,2,24,2,2,0.0,0.0,0.0,0.0,0.0,3.0,22,6,5
86948,16,2,0,10,6,3,6,1,1,1,2,36,2,2,0.0,0.0,0.0,0.0,0.0,2.0,21,2,6
135341,4,2,3,15,8,3,0,1,1,1,2,36,2,2,0.0,0.0,0.0,0.0,0.0,2.0,14,3,9
1290,16,2,3,17,6,3,1,1,1,1,2,39,2,2,0.0,0.0,0.0,0.0,0.0,2.0,7,2,1
72730,16,2,3,17,6,3,0,1,0,1,2,24,2,4,1.0,0.0,0.0,0.0,1.0,1.0,9,6,6
40029,15,2,3,0,6,3,0,1,1,1,2,18,3,2,0.0,0.0,0.0,0.0,0.0,2.0,12,7,3
185304,4,10,3,0,3,3,4,1,0,1,2,18,2,2,0.0,0.0,0.0,0.0,0.0,2.0,12,1,12
59926,15,2,3,0,8,3,0,1,1,1,2,17,2,2,0.0,0.0,0.0,0.0,0.0,4.0,14,4,5
32972,16,2,3,17,1,3,0,1,0,1,2,36,2,3,2.0,0.0,0.0,2.0,0.0,0.0,8,1,3
1173,16,2,3,10,8,3,0,1,0,1,2,19,2,2,0.0,0.0,0.0,0.0,0.0,2.0,15,6,1
151357,15,2,3,9,8,3,0,1,0,1,2,18,2,3,1.0,0.0,0.0,1.0,0.0,1.0,8,2,10
23904,15,2,3,0,6,3,0,1,1,1,2,5,2,2,0.0,0.0,0.0,0.0,0.0,2.0,10,1,2
186396,16,2,3,2,6,3,0,5,1,1,2,36,1,2,0.0,0.0,0.0,0.0,0.0,1.0,22,3,12
71272,16,2,3,10,2,3,0,1,1,1,2,19,2,2,0.0,0.0,0.0,0.0,0.0,2.0,19,5,5
61661,16,2,3,10,8,3,0,3,1,1,0,36,2,2,0.0,0.0,0.0,0.0,0.0,2.0,22,7,5
11204,16,10,3,10,8,3,6,1,0,1,2,19,2,2,0.0,0.0,0.0,0.0,0.0,2.0,9,5,1
139833,4,7,3,0,0,3,6,1,0,1,2,18,2,2,0.0,0.0,0.0,0.0,0.0,5.0,8,6,10
179245,16,2,3,17,8,3,0,1,1,1,1,36,2,2,0.0,0.0,0.0,0.0,0.0,2.0,15,3,12
145340,16,2,3,0,3,3,0,1,0,1,2,6,2,3,2.0,0.0,0.0,2.0,0.0,4.0,13,2,10
56639,16,2,1,10,10,3,6,1,1,1,2,19,2,2,0.0,0.0,0.0,0.0,0.0,3.0,22,5,5
181859,16,2,3,17,10,3,0,1,1,1,2,36,2,2,0.0,0.0,0.0,0.0,0.0,2.0,9,6,12
147457,16,2,3,17,2,3,0,1,1,1,0,24,2,2,0.0,0.0,0.0,0.0,0.0,17.0,11,3,10
2124,15,2,3,17,8,3,0,1,0,1,2,36,2,4,2.0,0.0,0.0,0.0,2.0,0.0,15,1,1
12402,15,2,3,17,8,3,0,5,1,1,2,5,2,2,0.0,0.0,0.0,0.0,0.0,3.0,15,6,1
43469,15,11,0,0,6,3,5,5,1,1,2,36,2,2,0.0,0.0,0.0,0.0,0.0,2.0,21,1,4
100358,15,2,2,17,8,3,0,1,1,1,0,5,2,2,0.0,0.0,0.0,0.0,0.0,2.0,19,5,7
88815,4,2,3,8,2,3,0,1,0,1,2,18,2,1,1.0,0.0,1.0,0.0,0.0,4.0,17,2,7
100744,16,2,3,15,2,3,0,1,1,1,2,23,3,2,0.0,0.0,0.0,0.0,0.0,3.0,8,3,7
158608,16,2,1,0,2,3,6,1,0,1,2,6,2,2,0.0,0.0,0.0,0.0,0.0,2.0,5,6,11
116829,16,2,3,14,10,3,0,1,0,1,2,11,3,2,0.0,0.0,0.0,0.0,0.0,5.0,16,1,8
6913,15,10,1,0,6,3,4,5,1,1,1,36,2,2,0.0,0.0,0.0,0.0,0.0,3.0,1,1,1
156483,16,11,3,15,8,3,6,1,1,1,2,36,2,2,0.0,0.0,0.0,0.0,0.0,2.0,11,6,11
156326,16,7,3,0,8,3,6,1,0,1,2,6,3,1,1.0,0.0,1.0,0.0,0.0,2.0,14,5,11
97882,16,2,5,10,18,3,5,5,0,1,2,36,2,4,2.0,0.0,0.0,0.0,2.0,1.0,0,2,7
171497,15,2,3,17,2,3,0,1,0,1,2,4,2,2,0.0,0.0,0.0,0.0,0.0,3.0,7,4,11
116404,17,2,3,17,2,3,5,5,1,1,2,36,2,2,0.0,0.0,0.0,0.0,0.0,2.0,13,3,8
131788,16,2,1,8,6,3,0,1,0,1,2,18,2,3,1.0,0.0,0.0,1.0,0.0,1.0,20,6,9
120824,15,2,3,0,8,3,0,1,1,1,2,5,2,2,0.0,0.0,0.0,0.0,0.0,3.0,8,4,9
77791,16,2,3,15,6,3,0,1,1,1,1,18,2,2,0.0,0.0,0.0,0.0,0.0,2.0,9,4,6
135698,16,2,3,15,2,3,0,1,1,1,2,23,2,2,0.0,0.0,0.0,0.0,0.0,2.0,18,3,9
139057,16,2,3,0,6,3,0,1,0,1,2,11,2,2,0.0,0.0,0.0,0.0,0.0,2.0,10,7,10
181672,16,10,1,17,8,3,6,1,0,1,2,23,2,3,2.0,0.0,0.0,2.0,0.0,2.0,4,7,12
17710,4,2,3,0,6,3,0,1,1,1,1,18,2,2,0.0,0.0,0.0,0.0,0.0,2.0,7,2,2
44579,16,3,3,3,8,3,0,1,0,1,2,6,3,2,0.0,0.0,0.0,0.0,0.0,3.0,9,6,4
59707,15,2,3,17,6,3,0,1,1,1,1,36,2,2,0.0,0.0,0.0,0.0,0.0,2.0,20,6,5
124347,16,2,1,0,8,3,0,1,0,1,2,36,2,2,0.0,0.0,0.0,0.0,0.0,2.0,23,7,9
93055,15,11,5,9,8,3,5,5,0,1,2,36,2,3,1.0,0.0,0.0,1.0,0.0,1.0,22,4,7
123167,16,11,5,10,8,3,5,5,1,1,2,12,2,2,0.0,0.0,0.0,0.0,0.0,2.0,16,3,9
3899,16,2,1,0,3,3,6,5,0,1,2,6,2,2,0.0,0.0,0.0,0.0,0.0,4.0,20,2,1
26626,16,2,3,17,8,3,0,1,1,1,0,36,2,2,0.0,0.0,0.0,0.0,0.0,2.0,16,1,2
169058,15,3,3,0,15,3,0,1,1,1,2,36,2,2,0.0,0.0,0.0,0.0,0.0,2.0,14,1,11
160824,16,2,3,15,10,3,0,1,1,1,1,18,2,2,0.0,0.0,0.0,0.0,0.0,2.0,10,5,11
8699,16,2,3,17,3,3,5,1,1,0,2,36,2,2,0.0,0.0,0.0,0.0,0.0,3.0,8,5,1
35408,16,2,1,0,2,3,0,1,1,1,2,6,2,2,0.0,0.0,0.0,0.0,0.0,4.0,0,6,3
3452,4,2,4,0,8,3,0,1,0,1,2,18,2,3,2.0,0.0,0.0,2.0,0.0,1.0,16,2,1
185348,16,2,3,10,2,3,0,1,1,1,1,19,2,2,0.0,0.0,0.0,0.0,0.0,4.0,10,2,12
158723,15,2,1,14,11,3,0,1,0,1,2,5,2,4,1.0,0.0,0.0,0.0,1.0,2.0,18,3,11
164085,15,11,5,17,10,3,5,5,1,1,2,18,2,2,0.0,0.0,0.0,0.0,0.0,2.0,17,4,11
46649,16,2,3,15,6,3,0,1,1,1,2,23,2,2,0.0,0.0,0.0,0.0,0.0,2.0,17,4,4
34912,15,2,3,0,8,3,0,1,0,1,2,18,2,4,1.0,0.0,0.0,0.0,1.0,2.0,9,5,3
606,16,2,1,10,2,3,0,1,1,1,2,19,2,2,0.0,0.0,0.0,0.0,0.0,2.0,21,3,1
112267,16,2,3,17,6,3,0,5,0,1,2,18,2,2,0.0,0.0,0.0,0.0,0.0,2.0,16,3,8
24232,16,2,3,17,8,3,6,5,0,1,2,36,2,3,1.0,0.0,0.0,1.0,0.0,1.0,8,7,2
39317,4,2,3,7,10,3,6,1,1,1,1,12,2,2,0.0,0.0,0.0,0.0,0.0,2.0,14,7,3
135488,16,2,1,17,2,3,0,1,1,1,1,18,2,2,0.0,0.0,0.0,0.0,0.0,2.0,3,6,9
118730,16,2,3,17,6,3,0,1,1,1,2,36,2,2,0.0,0.0,0.0,0.0,0.0,3.0,12,2,8
105989,15,2,3,8,8,3,0,1,0,1,1,38,2,4,1.0,0.0,0.0,0.0,1.0,1.0,12,5,8
65467,16,2,3,17,6,3,0,1,1,1,1,24,2,2,0.0,0.0,0.0,0.0,0.0,2.0,17,6,5
139147,15,2,3,9,8,3,5,5,0,1,2,36,2,4,1.0,0.0,0.0,0.0,1.0,3.0,14,2,10
92162,16,2,3,8,8,3,0,1,0,1,0,26,2,1,1.0,0.0,1.0,0.0,0.0,1.0,14,6,7
61177,16,7,3,2,6,3,6,1,0,1,2,9,1,3,1.0,0.0,0.0,1.0,0.0,2.0,14,7,5
144576,4,2,3,9,8,2,0,1,0,1,2,36,2,1,1.0,0.0,1.0,0.0,0.0,1.0,12,7,10
160848,15,10,3,7,8,3,6,5,1,1,2,36,2,2,0.0,0.0,0.0,0.0,0.0,1.0,15,6,11
126208,16,2,3,15,6,3,0,1,1,1,1,17,2,2,0.0,0.0,0.0,0.0,0.0,3.0,8,4,9
146306,15,7,3,10,10,3,6,1,1,1,1,19,2,2,0.0,0.0,0.0,0.0,0.0,3.0,7,3,10
24929,17,11,5,17,1,3,5,5,1,1,2,36,2,2,0.0,0.0,0.0,0.0,0.0,3.0,21,6,2
182167,16,2,3,0,8,3,0,1,0,1,2,6,2,3,1.0,0.0,0.0,1.0,0.0,1.0,11,6,12
85211,16,2,3,10,2,3,0,5,1,1,2,23,2,2,0.0,0.0,0.0,0.0,0.0,4.0,17,2,6
43769,16,7,3,17,8,3,6,1,1,1,2,18,2,2,0.0,0.0,0.0,0.0,0.0,2.0,7,5,4
5385,16,2,4,17,8,3,0,5,0,1,2,18,2,2,0.0,0.0,0.0,0.0,0.0,4.0,17,7,1
19225,15,2,3,10,8,3,0,1,1,1,2,19,2,2,0.0,0.0,0.0,0.0,0.0,2.0,13,4,2
178410,16,3,3,17,8,3,6,1,1,1,2,19,3,2,0.0,0.0,0.0,0.0,0.0,4.0,7,4,12
94298,4,7,3,17,15,3,6,5,0,1,1,38,2,3,1.0,0.0,0.0,1.0,0.0,1.0,7,3,7
89905,16,2,3,10,2,3,6,1,1,1,1,36,2,2,0.0,0.0,0.0,0.0,0.0,2.0,17,5,7
99332,4,2,3,17,2,3,0,1,0,1,2,18,2,2,0.0,0.0,0.0,0.0,0.0,2.0,13,3,7
120029,15,2,3,0,8,3,0,1,1,1,1,18,2,2,0.0,0.0,0.0,0.0,0.0,2.0,16,6,8
156530,15,2,0,0,8,3,0,1,0,1,2,5,2,4,2.0,0.0,0.0,0.0,2.0,3.0,20,7,11
85527,15,7,3,0,18,3,6,1,1,1,2,18,2,2,0.0,0.0,0.0,0.0,0.0,2.0,10,7,6
108077,16,2,3,17,2,3,0,1,1,1,2,24,2,2,0.0,0.0,0.0,0.0,0.0,2.0,9,2,8
21351,16,2,3,10,2,3,0,5,1,1,2,39,2,2,0.0,0.0,0.0,0.0,0.0,2.0,10,6,2
168451,16,2,1,2,6,3,0,1,0,1,2,36,1,3,1.0,0.0,0.0,1.0,0.0,1.0,3,4,11
140801,4,7,1,17,8,3,6,5,1,0,2,36,2,2,0.0,0.0,0.0,0.0,0.0,2.0,17,5,10
90402,16,7,3,10,2,3,6,1,1,1,2,36,3,2,0.0,0.0,0.0,0.0,0.0,3.0,15,5,7
16097,16,3,3,7,8,3,6,1,0,1,2,28,3,2,0.0,0.0,0.0,0.0,0.0,2.0,12,1,2
90337,16,2,3,17,2,3,0,1,0,1,2,36,2,3,3.0,0.0,0.0,3.0,0.0,1.0,18,6,7
84950,16,7,2,10,8,3,6,1,0,1,0,19,2,4,1.0,0.0,0.0,0.0,1.0,1.0,6,6,6
85461,15,7,3,17,11,3,6,1,1,1,1,18,2,2,0.0,0.0,0.0,0.0,0.0,2.0,12,6,6
4695,16,2,3,10,8,3,0,1,1,1,1,19,2,2,0.0,0.0,0.0,0.0,0.0,2.0,7,2,1
168006,16,2,3,17,8,3,5,5,1,1,0,24,2,2,0.0,0.0,0.0,0.0,0.0,2.0,13,4,11
55042,16,7,1,10,10,3,6,1,1,1,2,19,2,2,0.0,0.0,0.0,0.0,0.0,2.0,17,7,4
66055,16,3,3,15,3,3,0,5,0,1,2,22,2,2,0.0,0.0,0.0,0.0,0.0,2.0,12,2,5
80156,16,2,3,17,6,3,0,1,0,1,2,26,2,4,1.0,0.0,0.0,0.0,1.0,2.0,8,4,6
15214,4,10,1,0,8,3,4,1,1,1,2,12,2,2,0.0,0.0,0.0,0.0,0.0,3.0,20,6,2
27207,16,7,3,10,3,3,6,1,0,1,2,17,3,4,1.0,0.0,0.0,0.0,1.0,2.0,8,2,2
43527,16,2,3,9,6,3,0,1,1,1,0,18,2,2,0.0,0.0,0.0,0.0,0.0,2.0,11,2,4
151004,16,7,3,0,8,3,6,1,1,1,2,3,2,2,0.0,0.0,0.0,0.0,0.0,2.0,18,3,10
8820,16,10,3,17,6,3,4,1,0,1,2,18,2,2,0.0,0.0,0.0,0.0,0.0,7.0,14,7,1
58069,15,2,1,2,19,3,0,1,0,1,2,22,1,4,1.0,0.0,0.0,0.0,1.0,1.0,4,1,5
11760,4,10,3,0,15,3,1,2,1,1,2,39,2,2,0.0,0.0,0.0,0.0,0.0,2.0,9,2,1
80468,16,2,0,10,3,3,0,1,1,1,1,36,2,2,0.0,0.0,0.0,0.0,0.0,2.0,3,1,6
111598,4,2,3,9,10,3,0,1,0,1,0,17,2,3,1.0,0.0,0.0,1.0,0.0,2.0,8,5,8
142251,16,2,1,15,2,3,0,1,1,1,1,36,2,2,0.0,0.0,0.0,0.0,0.0,2.0,19,2,10
72199,16,2,3,15,8,3,0,1,1,1,2,22,2,2,0.0,0.0,0.0,0.0,0.0,2.0,11,5,6
156311,16,2,3,17,2,3,0,1,1,1,1,18,2,2,0.0,0.0,0.0,0.0,0.0,2.0,9,4,11
102325,16,2,1,10,8,3,0,1,0,0,2,19,4,2,0.0,0.0,0.0,0.0,0.0,7.0,9,1,7
173206,16,2,3,17,2,3,0,1,0,1,2,24,2,4,1.0,0.0,0.0,0.0,1.0,1.0,11,2,12
91253,4,2,3,17,8,3,0,1,0,1,2,36,2,2,0.0,0.0,0.0,0.0,0.0,3.0,8,5,7
61161,17,2,1,0,15,3,0,1,0,1,2,36,2,3,2.0,0.0,0.0,2.0,0.0,1.0,1,7,5
3244,16,2,3,0,8,3,0,1,0,1,2,6,2,3,1.0,0.0,0.0,1.0,0.0,4.0,10,6,1
50389,16,2,3,0,1,3,0,1,1,1,0,36,2,2,0.0,0.0,0.0,0.0,0.0,2.0,13,6,4
164574,16,7,1,17,6,3,6,1,1,1,2,12,2,2,0.0,0.0,0.0,0.0,0.0,2.0,19,4,11
67187,16,3,1,0,8,4,6,1,0,1,1,36,2,3,1.0,0.0,0.0,1.0,0.0,1.0,1,5,5
74943,16,2,3,15,6,2,0,1,1,1,2,19,2,2,0.0,0.0,0.0,0.0,0.0,2.0,9,5,6
62515,16,2,3,15,6,3,0,1,1,1,2,23,2,2,0.0,0.0,0.0,0.0,0.0,3.0,12,7,5
129639,16,2,3,17,2,3,0,1,1,1,1,19,2,2,0.0,0.0,0.0,0.0,0.0,2.0,10,2,9
66034,16,2,3,15,3,3,0,5,1,1,2,36,2,2,0.0,0.0,0.0,0.0,0.0,2.0,7,2,5
70395,16,2,1,2,8,3,0,1,0,0,2,17,1,3,2.0,0.0,0.0,2.0,0.0,0.0,2,7,5
7326,15,2,1,17,3,3,0,1,0,1,2,26,2,2,0.0,0.0,0.0,0.0,0.0,2.0,13,7,1
140552,16,2,1,0,10,3,6,1,0,1,2,11,2,3,4.0,0.0,0.0,4.0,0.0,0.0,1,7,10
58188,16,2,3,10,8,3,0,1,1,1,2,19,2,2,0.0,0.0,0.0,0.0,0.0,2.0,16,4,5
37208,16,2,3,10,2,3,0,1,1,1,2,19,2,2,0.0,0.0,0.0,0.0,0.0,2.0,7,3,3
83836,16,7,4,10,8,3,6,1,1,1,2,36,2,2,0.0,0.0,0.0,0.0,0.0,2.0,20,1,6
75077,16,2,3,17,2,3,0,1,1,1,2,18,2,2,0.0,0.0,0.0,0.0,0.0,2.0,11,5,6
109828,15,2,3,0,8,3,0,1,0,1,2,36,2,3,1.0,0.0,0.0,1.0,0.0,2.0,13,7,8
56229,16,2,1,0,8,3,0,1,0,1,2,37,2,1,2.0,0.0,1.0,1.0,0.0,0.0,22,6,5
126879,4,2,3,15,15,3,0,5,1,1,0,36,2,2,0.0,0.0,0.0,0.0,0.0,3.0,13,1,9
93931,16,2,3,0,15,3,0,5,0,1,2,26,2,2,0.0,0.0,0.0,0.0,0.0,2.0,7,6,7
123387,15,7,3,0,8,3,6,1,1,1,2,18,2,2,0.0,0.0,0.0,0.0,0.0,4.0,7,5,9
181147,16,2,1,17,15,3,6,1,1,1,2,24,2,2,0.0,0.0,0.0,0.0,0.0,2.0,0,6,12
39037,15,2,1,10,8,3,0,1,0,1,2,17,2,4,1.0,0.0,0.0,0.0,1.0,2.0,0,1,3
77238,16,2,3,10,6,3,0,1,0,1,2,36,2,3,1.0,0.0,0.0,1.0,0.0,4.0,7,3,6
123924,16,2,4,17,2,3,0,1,0,1,2,24,2,2,0.0,0.0,0.0,0.0,0.0,5.0,18,6,9
166398,16,2,3,0,6,3,0,1,0,1,2,6,3,4,3.0,0.0,0.0,0.0,3.0,1.0,13,3,11
161428,15,2,3,0,8,3,0,1,1,1,2,36,2,2,0.0,0.0,0.0,0.0,0.0,3.0,14,1,11
19657,16,2,3,10,3,3,0,1,1,1,1,36,2,2,0.0,0.0,0.0,0.0,0.0,2.0,15,5,2
93647,4,2,3,17,6,3,0,5,1,1,2,18,2,2,0.0,0.0,0.0,0.0,0.0,2.0,12,6,7
158922,16,2,3,0,6,3,0,1,0,1,2,6,3,3,1.0,0.0,0.0,1.0,0.0,3.0,13,7,11
60142,15,2,3,10,8,3,0,1,1,1,1,19,2,2,0.0,0.0,0.0,0.0,0.0,3.0,16,5,5
87308,16,2,3,17,8,3,0,1,1,1,2,36,2,2,0.0,0.0,0.0,0.0,0.0,2.0,16,7,6
98052,17,2,3,15,8,3,0,1,1,0,1,36,2,2,0.0,0.0,0.0,0.0,0.0,6.0,18,5,7
144008,15,2,1,10,8,3,0,1,1,1,1,36,2,2,0.0,0.0,0.0,0.0,0.0,2.0,6,2,10
128111,4,2,3,8,10,3,0,1,1,1,0,36,2,2,0.0,0.0,0.0,0.0,0.0,2.0,15,4,9
89548,16,2,1,17,3,3,0,1,0,1,2,18,2,2,0.0,0.0,0.0,0.0,0.0,5.0,3,7,7
171985,4,2,1,17,8,3,0,1,1,1,1,24,2,2,0.0,0.0,0.0,0.0,0.0,3.0,20,4,11
10738,16,2,1,2,8,3,0,1,0,1,2,36,1,2,0.0,0.0,0.0,0.0,0.0,1.0,23,4,1
54208,16,11,5,10,6,3,5,5,1,1,2,36,2,2,0.0,0.0,0.0,0.0,0.0,2.0,20,2,4
167158,15,2,1,9,8,3,0,1,0,1,2,18,2,3,1.0,0.0,0.0,1.0,0.0,2.0,20,4,11
65954,16,2,3,17,8,3,0,1,0,1,2,18,2,2,0.0,0.0,0.0,0.0,0.0,3.0,17,7,5
1897,16,2,1,7,15,3,0,1,1,1,2,17,2,2,0.0,0.0,0.0,0.0,0.0,1.0,3,7,1
81003,16,7,3,10,8,3,6,1,1,1,1,36,2,2,0.0,0.0,0.0,0.0,0.0,2.0,19,2,6
150241,4,2,1,15,8,3,5,5,1,1,2,22,2,2,0.0,0.0,0.0,0.0,0.0,2.0,0,1,10
57289,16,11,5,17,6,3,5,5,1,1,0,36,2,2,0.0,0.0,0.0,0.0,0.0,2.0,18,3,5
55845,16,7,1,10,2,3,6,1,0,1,2,36,2,4,3.0,0.0,0.0,0.0,3.0,1.0,19,7,4
149198,16,2,4,0,2,3,0,1,0,1,2,18,2,3,1.0,0.0,0.0,1.0,0.0,1.0,5,7,10
32524,16,2,3,17,2,3,0,1,1,1,2,23,2,2,0.0,0.0,0.0,0.0,0.0,4.0,8,7,3
178213,16,10,3,10,2,3,6,1,0,1,2,36,3,4,1.0,0.0,0.0,0.0,1.0,3.0,16,4,12
54615,16,2,3,17,3,3,0,1,1,1,2,6,2,2,0.0,0.0,0.0,0.0,0.0,6.0,17,7,4
34676,15,2,3,9,2,3,0,1,0,1,0,36,2,3,1.0,0.0,0.0,1.0,0.0,1.0,18,3,3
41392,16,3,3,9,8,3,6,1,0,1,0,18,2,3,1.0,0.0,0.0,1.0,0.0,1.0,15,5,3
87147,4,2,3,7,3,3,0,1,1,1,2,17,2,2,0.0,0.0,0.0,0.0,0.0,1.0,8,5,6
149242,16,2,3,17,8,3,0,1,1,1,2,22,2,2,0.0,0.0,0.0,0.0,0.0,2.0,13,1,10
119459,16,2,1,17,2,3,0,1,0,1,2,36,2,3,1.0,0.0,0.0,1.0,0.0,2.0,21,4,8
143588,15,2,1,17,6,3,6,1,1,1,1,18,2,2,0.0,0.0,0.0,0.0,0.0,4.0,19,6,10
156885,4,2,1,0,2,3,0,1,1,1,2,36,2,2,0.0,0.0,0.0,0.0,0.0,2.0,19,3,11
90509,15,2,3,0,10,3,0,1,1,1,1,36,2,2,0.0,0.0,0.0,0.0,0.0,2.0,11,6,7
113321,18,2,3,0,6,3,0,1,0,1,2,18,2,2,0.0,0.0,0.0,0.0,0.0,2.0,10,4,8
98772,16,7,1,10,8,3,6,1,1,1,2,19,2,2,0.0,0.0,0.0,0.0,0.0,2.0,0,7,7
69946,16,7,3,17,6,3,6,1,0,1,2,24,3,3,1.0,0.0,0.0,1.0,0.0,3.0,11,6,5
35114,16,9,3,10,15,3,6,1,1,1,1,18,2,2,0.0,0.0,0.0,0.0,0.0,2.0,12,2,3
6766,16,7,1,0,8,3,6,1,0,1,2,18,2,3,1.0,0.0,0.0,1.0,0.0,1.0,22,5,1
136854,15,2,1,0,6,3,0,5,0,1,2,6,2,3,1.0,0.0,0.0,1.0,0.0,1.0,4,5,9
3437,4,2,3,9,8,3,0,1,0,1,2,18,2,3,1.0,0.0,0.0,1.0,0.0,1.0,13,2,1
81845,4,2,1,15,15,3,0,1,1,1,1,36,2,2,0.0,0.0,0.0,0.0,0.0,2.0,23,7,6
109105,16,2,3,10,8,3,0,1,1,1,2,36,3,2,0.0,0.0,0.0,0.0,0.0,3.0,11,4,8
147041,16,2,1,17,2,3,0,1,0,1,2,28,2,4,1.0,0.0,0.0,0.0,1.0,2.0,22,4,10
69033,15,2,3,0,15,3,0,1,0,1,1,22,2,1,5.0,0.0,2.0,3.0,0.0,0.0,14,6,5
159778,4,2,3,0,8,3,0,5,1,1,1,36,2,2,0.0,0.0,0.0,0.0,0.0,2.0,8,4,11
48896,16,11,1,0,6,3,5,1,0,0,2,36,2,3,2.0,0.0,0.0,2.0,0.0,1.0,21,7,4
25348,4,7,3,17,8,3,6,1,0,0,2,30,2,2,0.0,0.0,0.0,0.0,0.0,2.0,15,7,2
23595,4,2,1,2,8,3,1,1,1,1,2,39,1,2,0.0,0.0,0.0,0.0,0.0,1.0,5,3,2
128999,4,2,3,17,2,3,0,1,0,1,2,18,4,2,0.0,0.0,0.0,0.0,0.0,2.0,12,7,9
123290,16,2,3,10,2,3,0,1,1,1,0,36,2,2,0.0,0.0,0.0,0.0,0.0,2.0,13,3,9
6142,16,2,3,17,2,3,0,1,1,1,2,6,2,2,0.0,0.0,0.0,0.0,0.0,3.0,16,2,1
41144,16,7,5,2,2,3,6,1,1,1,2,36,1,2,0.0,0.0,0.0,0.0,0.0,1.0,9,1,3
135354,16,2,3,10,8,3,0,1,1,1,1,19,2,2,0.0,0.0,0.0,0.0,0.0,2.0,8,3,9
29640,16,2,3,0,1,3,0,1,0,1,1,17,2,3,1.0,0.0,0.0,1.0,0.0,2.0,15,1,3
157939,4,11,3,2,12,3,5,5,1,1,2,23,1,2,0.0,0.0,0.0,0.0,0.0,1.0,13,2,11
89170,16,2,3,17,8,3,0,5,0,1,2,36,2,4,2.0,0.0,0.0,0.0,2.0,3.0,17,1,7
119655,16,2,3,10,15,3,5,5,1,1,2,36,2,2,0.0,0.0,0.0,0.0,0.0,2.0,14,2,8
136251,4,2,3,9,6,3,0,1,0,1,0,36,2,3,1.0,0.0,0.0,1.0,0.0,1.0,7,3,9
83008,16,2,3,0,8,3,5,5,0,1,2,6,2,3,2.0,0.0,0.0,2.0,0.0,2.0,15,4,6
41987,16,2,3,10,10,3,0,5,1,1,2,2,2,2,0.0,0.0,0.0,0.0,0.0,2.0,13,4,3
74631,16,2,3,17,8,3,0,1,1,1,1,18,2,2,0.0,0.0,0.0,0.0,0.0,2.0,17,7,6
112476,16,2,3,15,2,3,0,1,1,1,0,36,2,2,0.0,0.0,0.0,0.0,0.0,2.0,13,5,8
23741,16,2,3,11,6,3,0,1,1,1,1,36,3,2,0.0,0.0,0.0,0.0,0.0,3.0,14,6,2
105890,16,2,3,0,8,3,0,5,1,1,2,6,2,2,0.0,0.0,0.0,0.0,0.0,2.0,16,4,8
65147,16,3,3,10,2,3,0,1,0,1,2,9,2,2,0.0,0.0,0.0,0.0,0.0,2.0,15,7,5
34933,16,2,1,17,3,3,0,1,1,1,1,24,2,2,0.0,0.0,0.0,0.0,0.0,3.0,14,6,3
159738,16,2,3,0,11,3,0,1,0,1,2,36,2,3,1.0,0.0,0.0,1.0,0.0,3.0,15,4,11
137205,16,2,3,10,10,3,0,1,1,1,2,8,2,2,0.0,0.0,0.0,0.0,0.0,3.0,7,2,9
97547,4,11,5,7,10,3,5,5,1,0,2,36,2,2,0.0,0.0,0.0,0.0,0.0,1.0,8,4,7
188274,16,1,1,0,6,3,4,5,0,1,1,6,2,3,1.0,0.0,0.0,1.0,0.0,1.0,23,2,12
178365,4,2,3,17,8,3,0,1,1,0,2,22,2,2,0.0,0.0,0.0,0.0,0.0,2.0,14,4,12
121433,16,2,3,17,8,3,0,1,1,1,0,18,2,2,0.0,0.0,0.0,0.0,0.0,2.0,14,6,9
85572,4,2,3,17,8,3,2,5,0,1,2,18,2,3,1.0,0.0,0.0,1.0,0.0,1.0,15,1,6
182366,16,2,3,17,6,3,0,1,1,1,2,18,2,2,0.0,0.0,0.0,0.0,0.0,3.0,14,4,12
70405,16,2,3,9,8,3,0,1,0,1,0,3,2,1,1.0,0.0,1.0,0.0,0.0,2.0,15,7,5
104205,16,2,3,0,8,3,0,1,0,1,2,6,2,3,1.0,0.0,0.0,1.0,0.0,2.0,11,7,8
30342,16,2,1,0,6,3,0,1,0,1,2,18,2,4,1.0,0.0,0.0,0.0,1.0,2.0,18,7,3
112059,16,2,3,15,10,3,0,1,1,1,2,23,2,2,0.0,0.0,0.0,0.0,0.0,2.0,12,5,8
75767,15,2,3,7,8,3,0,1,1,1,2,36,2,2,0.0,0.0,0.0,0.0,0.0,4.0,15,3,6
63505,15,2,3,0,6,3,0,1,1,1,2,17,2,2,0.0,0.0,0.0,0.0,0.0,2.0,9,2,5
72788,16,3,3,0,6,3,0,1,0,1,2,18,2,2,0.0,0.0,0.0,0.0,0.0,3.0,7,1,6
70552,16,2,3,17,2,3,0,1,1,1,2,18,2,2,0.0,0.0,0.0,0.0,0.0,3.0,12,2,5
149620,17,2,1,7,6,3,5,5,1,1,1,36,2,2,0.0,0.0,0.0,0.0,0.0,1.0,22,7,10
82504,16,2,3,17,2,3,0,1,1,1,1,23,2,2,0.0,0.0,0.0,0.0,0.0,2.0,17,3,6
28785,16,2,3,17,1,3,5,5,1,1,1,38,2,2,0.0,0.0,0.0,0.0,0.0,2.0,11,6,3