crash_date,               traffic_control_device,weather_condition,lighting_condition,first_crash_type,trafficway_type,alignment,roadway_surface_cond,road_defect,crash_type,intersection_related_i,damage,prim_contributory_cause,num_units,most_severe_injury,injuries_total,injuries_fatal,injuries_incapacitating,injuries_non_incapacitating,injuries_reported_not_evident,injuries_no_indication,crash_hour,crash_day_of_week,crash_month
88575,16,2,3,0,6,3,0,1,1,1,2,18,2,2,0.0,0.0,0.0,0.0,0.0,3.0,11,6,7
174962,16,2,3,9,2,3,0,1,0,1,2,18,2,3,1.0,0.0,0.0,1.0,0.0,1.0,7,4,12
46454,15,2,3,10,6,3,0,1,1,1,1,36,2,2,0.0,0.0,0.0,0.0,0.0,2.0,10,6,4
116807,15,2,3,9,8,3,5,5,0,1,0,18,2,4,1.0,0.0,0.0,0.0,1.0,1.0,12,7,8
169311,16,2,3,17,8,3,0,1,1,1,2,6,2,2,0.0,0.0,0.0,0.0,0.0,2.0,8,2,11
65891,15,2,3,0,6,3,0,5,0,1,1,36,2,3,1.0,0.0,0.0,1.0,0.0,1.0,8,6,5
49657,15,2,3,17,6,3,0,1,1,1,2,36,2,2,0.0,0.0,0.0,0.0,0.0,2.0,14,1,4
147662,16,2,3,15,6,3,0,1,0,1,2,36,2,3,4.0,0.0,0.0,4.0,0.0,2.0,11,6,10
6398,16,10,1,10,8,3,4,1,1,1,2,36,2,2,0.0,0.0,0.0,0.0,0.0,3.0,19,7,1
97775,16,2,3,17,6,3,0,1,1,1,1,18,2,2,0.0,0.0,0.0,0.0,0.0,6.0,15,7,7
40969,16,2,3,10,11,3,0,1,0,1,2,17,2,2,0.0,0.0,0.0,0.0,0.0,3.0,10,5,3
144316,15,2,3,0,8,3,0,1,1,1,2,36,2,2,0.0,0.0,0.0,0.0,0.0,2.0,14,3,10
16362,16,11,5,10,2,3,5,5,1,1,0,36,2,2,0.0,0.0,0.0,0.0,0.0,2.0,19,7,2
152045,15,7,3,0,15,3,0,1,0,1,2,18,2,4,1.0,0.0,0.0,0.0,1.0,3.0,10,4,10
89887,16,7,3,7,8,3,6,1,1,0,1,38,2,2,0.0,0.0,0.0,0.0,0.0,1.0,2,5,7
101213,15,2,1,17,6,3,0,1,1,1,2,36,2,2,0.0,0.0,0.0,0.0,0.0,4.0,21,6,7
154850,16,2,1,0,15,3,0,1,0,1,2,6,2,2,0.0,0.0,0.0,0.0,0.0,3.0,1,1,10
74503,16,2,3,9,2,3,0,1,0,1,2,36,2,3,1.0,0.0,0.0,1.0,0.0,1.0,19,4,6
150606,16,7,3,17,6,3,6,1,0,1,2,6,2,3,1.0,0.0,0.0,1.0,0.0,5.0,16,6,10
65407,16,2,3,17,6,3,0,1,1,1,0,9,2,2,0.0,0.0,0.0,0.0,0.0,2.0,8,5,5
184519,17,10,3,10,17,3,4,5,1,1,2,36,2,2,0.0,0.0,0.0,0.0,0.0,2.0,16,5,12
112743,16,2,3,3,8,3,0,1,1,1,2,36,2,2,0.0,0.0,0.0,0.0,0.0,2.0,11,2,8
13842,16,2,3,9,3,3,6,1,0,1,0,20,2,4,1.0,0.0,0.0,0.0,1.0,1.0,13,3,1
179627,16,3,3,0,8,3,6,1,0,1,2,6,4,1,2.0,0.0,1.0,1.0,0.0,3.0,8,6,12
32759,16,2,3,17,8,3,0,1,0,1,2,36,2,3,1.0,0.0,0.0,1.0,0.0,1.0,12,5,3
21652,16,3,3,15,8,3,5,5,1,0,1,18,2,2,0.0,0.0,0.0,0.0,0.0,2.0,16,5,2
99659,4,2,3,10,2,3,0,1,1,1,2,19,2,2,0.0,0.0,0.0,0.0,0.0,4.0,14,3,7
65323,15,2,3,17,8,3,0,1,0,1,2,18,2,2,0.0,0.0,0.0,0.0,0.0,7.0,17,4,5
61813,16,2,3,17,8,3,0,1,1,1,1,36,2,2,0.0,0.0,0.0,0.0,0.0,4.0,19,4,5
123730,4,2,0,14,8,3,0,1,0,0,1,36,2,2,0.0,0.0,0.0,0.0,0.0,3.0,1,6,9
162312,16,2,3,10,8,3,5,5,1,1,1,19,2,2,0.0,0.0,0.0,0.0,0.0,4.0,15,1,11
164945,16,2,4,15,8,3,0,1,1,1,2,18,2,2,0.0,0.0,0.0,0.0,0.0,2.0,16,1,11
38178,16,2,1,2,3,5,0,1,0,1,2,13,2,2,0.0,0.0,0.0,0.0,0.0,2.0,2,1,3
134949,15,2,3,0,6,3,0,1,0,1,2,17,2,1,1.0,0.0,1.0,0.0,0.0,2.0,15,5,9
161236,16,2,3,0,6,3,0,1,0,1,2,6,2,2,0.0,0.0,0.0,0.0,0.0,2.0,5,6,11
21031,15,2,1,0,8,3,0,1,0,1,2,18,2,4,2.0,0.0,0.0,0.0,2.0,1.0,18,3,2
120413,16,11,1,10,2,3,5,5,1,1,1,19,2,2,0.0,0.0,0.0,0.0,0.0,2.0,1,7,8
61314,4,2,1,17,8,3,0,1,0,1,2,18,2,3,3.0,0.0,0.0,1.0,2.0,1.0,20,3,5
84251,16,2,2,15,8,3,0,1,1,1,2,36,2,2,0.0,0.0,0.0,0.0,0.0,6.0,5,1,6
81976,15,2,0,0,6,3,0,1,0,1,2,17,3,3,5.0,0.0,0.0,5.0,0.0,0.0,22,2,6
28084,16,2,3,10,8,3,0,1,1,1,2,19,2,2,0.0,0.0,0.0,0.0,0.0,2.0,11,4,2
34496,16,7,3,10,8,3,6,5,1,1,0,19,2,2,0.0,0.0,0.0,0.0,0.0,3.0,11,5,3
24339,16,2,0,15,8,3,0,1,1,1,2,36,2,2,0.0,0.0,0.0,0.0,0.0,2.0,17,2,2
104883,16,2,3,0,6,3,0,1,0,1,2,6,2,3,1.0,0.0,0.0,1.0,0.0,2.0,17,3,8
56833,4,2,3,17,8,3,0,1,1,1,2,18,2,2,0.0,0.0,0.0,0.0,0.0,2.0,13,3,5
75637,16,2,3,10,8,3,0,1,1,0,1,19,2,2,0.0,0.0,0.0,0.0,0.0,2.0,15,7,6
158063,4,7,1,0,8,3,6,1,0,1,2,18,3,4,1.0,0.0,0.0,0.0,1.0,1.0,1,1,11
47641,16,7,3,10,8,3,6,5,0,1,1,19,2,2,0.0,0.0,0.0,0.0,0.0,2.0,16,6,4
182579,4,2,4,15,13,5,0,1,1,1,0,23,2,2,0.0,0.0,0.0,0.0,0.0,2.0,17,4,12
100449,16,2,1,15,8,3,0,1,1,1,2,22,2,2,0.0,0.0,0.0,0.0,0.0,3.0,20,7,7
139155,4,2,3,17,8,3,0,1,1,1,2,18,2,2,0.0,0.0,0.0,0.0,0.0,2.0,16,2,10
146167,16,2,1,15,8,3,6,1,1,1,2,36,2,2,0.0,0.0,0.0,0.0,0.0,6.0,0,7,10
71936,16,2,3,15,2,3,0,1,1,1,2,36,2,2,0.0,0.0,0.0,0.0,0.0,2.0,18,7,6
46126,16,2,3,0,18,3,0,5,0,1,2,36,2,3,1.0,0.0,0.0,1.0,0.0,1.0,8,7,4
153736,15,2,1,0,6,3,0,5,1,1,1,36,2,2,0.0,0.0,0.0,0.0,0.0,2.0,20,6,10
63653,15,2,3,0,2,3,0,1,0,1,2,18,2,2,0.0,0.0,0.0,0.0,0.0,9.0,18,4,5
68761,16,2,3,7,6,3,0,1,1,1,1,36,2,2,0.0,0.0,0.0,0.0,0.0,1.0,16,1,5
93374,15,11,3,17,8,3,5,2,1,1,1,36,2,2,0.0,0.0,0.0,0.0,0.0,2.0,10,3,7
111437,16,3,3,10,2,3,0,1,0,1,2,19,2,2,0.0,0.0,0.0,0.0,0.0,2.0,14,3,8
65904,4,7,1,0,8,3,6,1,0,1,2,36,7,2,0.0,0.0,0.0,0.0,0.0,2.0,22,6,5
50583,16,2,0,2,8,3,0,1,0,1,2,9,2,2,0.0,0.0,0.0,0.0,0.0,2.0,0,3,4
96188,4,7,3,17,8,3,6,1,0,1,2,18,2,2,0.0,0.0,0.0,0.0,0.0,2.0,18,4,7
51330,16,2,3,15,6,3,0,1,1,1,1,22,2,2,0.0,0.0,0.0,0.0,0.0,2.0,17,1,4
185647,16,2,1,17,6,3,5,1,0,1,2,18,2,4,2.0,0.0,0.0,0.0,2.0,2.0,17,3,12
58789,16,7,3,17,3,3,6,1,0,1,1,24,2,2,0.0,0.0,0.0,0.0,0.0,2.0,6,6,5
67227,16,2,4,8,2,3,0,1,0,1,0,36,2,4,1.0,0.0,0.0,0.0,1.0,1.0,19,5,5
78285,16,2,3,15,2,3,5,5,1,1,0,18,2,2,0.0,0.0,0.0,0.0,0.0,2.0,11,4,6
143864,15,2,3,0,3,3,0,1,0,1,2,18,2,2,0.0,0.0,0.0,0.0,0.0,5.0,16,4,10
171044,16,2,3,0,8,3,5,5,1,1,1,36,2,2,0.0,0.0,0.0,0.0,0.0,2.0,8,3,11
129205,16,2,3,10,10,3,0,1,0,1,2,17,2,4,2.0,0.0,0.0,0.0,2.0,1.0,14,5,9
22500,4,2,0,17,8,3,0,1,0,1,2,36,2,3,1.0,0.0,0.0,1.0,0.0,1.0,19,6,2
172316,16,7,3,0,3,3,6,1,0,1,2,17,2,3,1.0,0.0,0.0,1.0,0.0,1.0,11,7,12
2802,17,10,0,2,6,3,4,0,1,1,2,24,1,2,0.0,0.0,0.0,0.0,0.0,1.0,2,7,1
113055,16,2,3,0,8,3,0,1,0,1,2,18,2,2,0.0,0.0,0.0,0.0,0.0,2.0,18,6,8
122443,4,2,3,17,2,3,0,5,1,1,2,22,2,2,0.0,0.0,0.0,0.0,0.0,2.0,15,6,9
87319,16,2,3,17,2,3,0,5,0,1,2,6,2,3,1.0,0.0,0.0,1.0,0.0,2.0,17,7,6
115586,16,2,1,10,8,3,0,1,1,1,1,19,2,2,0.0,0.0,0.0,0.0,0.0,2.0,1,3,8
104947,16,11,3,0,6,3,5,1,0,1,2,18,2,4,1.0,0.0,0.0,0.0,1.0,1.0,8,4,8
161894,16,7,3,0,11,3,6,1,0,1,2,17,2,2,0.0,0.0,0.0,0.0,0.0,2.0,6,1,11
114847,15,3,3,0,10,3,0,1,0,1,2,38,2,3,1.0,0.0,0.0,1.0,0.0,2.0,14,7,8
12187,4,2,3,15,2,3,0,1,1,0,1,36,2,2,0.0,0.0,0.0,0.0,0.0,2.0,14,3,1
113212,15,2,3,7,6,3,0,1,0,1,2,17,4,2,0.0,0.0,0.0,0.0,0.0,1.0,11,1,8
150680,15,2,3,0,8,3,0,1,0,1,2,5,2,3,1.0,0.0,0.0,1.0,0.0,1.0,15,7,10
17772,15,4,3,15,10,3,0,5,1,0,2,18,2,2,0.0,0.0,0.0,0.0,0.0,3.0,8,3,2
4659,15,2,1,0,15,3,0,1,0,0,2,18,2,2,0.0,0.0,0.0,0.0,0.0,2.0,23,1,1
125146,16,2,3,10,3,3,0,1,1,1,1,19,2,2,0.0,0.0,0.0,0.0,0.0,2.0,15,4,9
93036,16,2,3,10,3,4,0,1,1,1,2,17,2,2,0.0,0.0,0.0,0.0,0.0,3.0,19,4,7
58545,16,2,3,9,2,3,0,1,0,1,2,6,2,3,1.0,0.0,0.0,1.0,0.0,1.0,19,1,5
44955,15,2,1,0,8,3,0,1,0,1,2,5,2,2,0.0,0.0,0.0,0.0,0.0,2.0,19,6,4
57286,16,2,3,15,2,3,6,5,1,1,1,36,2,2,0.0,0.0,0.0,0.0,0.0,3.0,18,3,5
58735,16,2,1,10,8,4,0,1,1,1,1,36,2,2,0.0,0.0,0.0,0.0,0.0,3.0,22,5,5
168292,16,2,1,15,6,3,0,1,1,1,0,28,2,2,0.0,0.0,0.0,0.0,0.0,2.0,18,7,11
95572,16,2,3,17,8,3,0,1,0,1,2,18,2,2,0.0,0.0,0.0,0.0,0.0,2.0,14,2,7
124890,16,2,2,17,6,3,0,1,0,1,2,36,2,2,0.0,0.0,0.0,0.0,0.0,2.0,5,1,9
34025,16,2,0,17,3,3,0,1,1,1,2,36,2,2,0.0,0.0,0.0,0.0,0.0,4.0,18,6,3
12002,16,2,3,3,2,3,0,1,0,1,1,36,2,3,1.0,0.0,0.0,1.0,0.0,1.0,13,6,1
30653,16,2,3,10,8,3,0,1,0,0,2,19,2,2,0.0,0.0,0.0,0.0,0.0,2.0,8,4,3
148750,16,2,1,0,8,3,0,1,0,1,2,26,2,2,0.0,0.0,0.0,0.0,0.0,3.0,20,7,10
176588,15,10,0,10,8,3,4,0,1,1,2,39,2,2,0.0,0.0,0.0,0.0,0.0,2.0,0,7,12
32301,16,7,3,0,6,3,6,1,1,1,2,36,2,2,0.0,0.0,0.0,0.0,0.0,4.0,16,5,3
134794,16,2,3,2,8,3,0,1,1,1,2,12,1,2,0.0,0.0,0.0,0.0,0.0,1.0,9,2,9
103705,4,2,3,15,10,3,0,1,0,0,2,36,2,4,1.0,0.0,0.0,0.0,1.0,4.0,18,7,7
90457,16,2,1,17,8,3,0,1,0,1,2,6,2,2,0.0,0.0,0.0,0.0,0.0,2.0,3,6,7
178360,16,2,3,10,8,3,0,1,0,1,1,19,2,4,2.0,0.0,0.0,0.0,2.0,3.0,12,3,12
82205,16,2,4,0,6,3,0,1,0,1,2,6,2,2,0.0,0.0,0.0,0.0,0.0,5.0,20,5,6
22731,16,10,0,17,2,3,6,5,1,1,2,24,2,2,0.0,0.0,0.0,0.0,0.0,2.0,20,2,2
13532,4,2,3,17,8,3,0,1,1,1,2,24,2,2,0.0,0.0,0.0,0.0,0.0,5.0,17,5,1
79904,15,2,3,0,2,3,0,1,1,1,2,18,2,2,0.0,0.0,0.0,0.0,0.0,2.0,16,6,6
157104,4,2,1,9,2,5,0,1,0,1,0,36,2,1,1.0,0.0,1.0,0.0,0.0,1.0,17,3,11
25921,16,2,1,17,19,3,0,1,1,1,2,6,2,2,0.0,0.0,0.0,0.0,0.0,2.0,0,2,2
70510,16,2,3,10,8,3,0,1,1,1,1,19,2,2,0.0,0.0,0.0,0.0,0.0,3.0,13,2,5
186576,16,7,0,8,10,3,6,5,1,1,0,19,2,2,0.0,0.0,0.0,0.0,0.0,2.0,17,5,12
6139,18,2,3,0,8,3,0,1,0,1,2,18,3,2,0.0,0.0,0.0,0.0,0.0,4.0,15,2,1
131383,16,11,0,10,2,3,5,5,1,1,1,36,2,2,0.0,0.0,0.0,0.0,0.0,2.0,20,5,9
97105,15,2,3,10,8,3,0,1,0,1,1,19,3,4,1.0,0.0,0.0,0.0,1.0,2.0,8,3,7
55292,4,2,1,15,8,3,5,5,1,1,2,22,2,2,0.0,0.0,0.0,0.0,0.0,2.0,22,5,4
7321,16,5,3,17,6,3,6,1,1,1,0,36,2,2,0.0,0.0,0.0,0.0,0.0,2.0,12,6,1
168042,15,3,3,11,15,3,0,5,1,1,1,21,2,2,0.0,0.0,0.0,0.0,0.0,2.0,10,4,11
18364,16,10,1,0,3,3,4,1,0,1,2,11,2,2,0.0,0.0,0.0,0.0,0.0,3.0,23,5,2
33362,16,2,1,0,11,3,0,1,0,1,2,37,2,3,2.0,0.0,0.0,1.0,1.0,2.0,1,1,3
128165,16,2,3,5,6,3,0,5,1,1,2,36,1,2,0.0,0.0,0.0,0.0,0.0,1.0,13,5,9
154614,16,7,1,15,8,3,6,1,1,1,1,22,2,2,0.0,0.0,0.0,0.0,0.0,2.0,17,4,10
54900,17,2,3,17,17,3,0,5,1,1,2,36,2,2,0.0,0.0,0.0,0.0,0.0,3.0,15,6,4
84698,16,2,1,0,8,3,5,5,1,1,2,6,2,2,0.0,0.0,0.0,0.0,0.0,2.0,1,1,6
75722,16,2,3,8,2,3,0,1,0,1,2,17,2,3,1.0,0.0,0.0,1.0,0.0,1.0,19,2,6
149467,16,2,3,0,8,3,0,5,0,1,2,6,2,3,2.0,0.0,0.0,1.0,1.0,1.0,6,5,10
132149,15,2,3,0,6,3,0,1,1,1,1,18,2,2,0.0,0.0,0.0,0.0,0.0,2.0,10,2,9
146163,16,2,3,15,3,3,0,1,1,1,0,11,2,2,0.0,0.0,0.0,0.0,0.0,2.0,12,7,10
136282,4,2,3,17,6,3,0,1,0,1,2,36,2,3,1.0,0.0,0.0,1.0,0.0,3.0,11,3,9
92776,16,2,3,10,8,3,0,1,0,1,2,17,2,2,0.0,0.0,0.0,0.0,0.0,5.0,18,1,7
115172,3,2,3,17,10,3,0,1,0,0,2,22,2,2,0.0,0.0,0.0,0.0,0.0,3.0,6,4,8
10382,16,2,3,0,6,3,0,1,0,1,2,18,2,3,2.0,0.0,0.0,2.0,0.0,0.0,12,6,1
167049,16,3,3,17,8,3,0,1,1,1,1,36,2,2,0.0,0.0,0.0,0.0,0.0,2.0,13,3,11
162018,4,2,3,17,8,3,0,1,1,1,2,18,2,2,0.0,0.0,0.0,0.0,0.0,2.0,6,3,11
63482,16,2,3,7,8,3,0,1,0,1,2,28,4,2,0.0,0.0,0.0,0.0,0.0,1.0,17,2,5
96176,16,2,3,17,3,3,0,1,1,1,2,36,2,2,0.0,0.0,0.0,0.0,0.0,3.0,16,4,7
72666,16,2,3,2,2,3,0,1,1,1,2,26,1,2,0.0,0.0,0.0,0.0,0.0,1.0,12,5,6
28454,16,2,4,17,8,3,0,1,1,1,0,24,2,2,0.0,0.0,0.0,0.0,0.0,2.0,17,1,3
148386,15,2,3,7,6,3,0,1,1,1,0,9,2,2,0.0,0.0,0.0,0.0,0.0,2.0,15,4,10
166701,16,11,5,7,6,3,5,5,0,1,2,36,2,3,2.0,0.0,0.0,2.0,0.0,0.0,22,6,11
82465,16,2,1,10,8,3,0,1,1,1,2,36,2,2,0.0,0.0,0.0,0.0,0.0,3.0,22,2,6
90170,15,2,3,17,15,3,0,5,0,1,2,36,2,3,3.0,0.0,0.0,3.0,0.0,2.0,15,3,7
83063,15,2,3,9,6,3,0,1,0,1,2,18,2,3,1.0,0.0,0.0,1.0,0.0,1.0,15,6,6
35807,16,2,3,15,8,3,0,1,1,1,1,18,2,2,0.0,0.0,0.0,0.0,0.0,3.0,15,5,3
103502,16,2,1,17,8,3,0,1,0,1,2,15,2,2,0.0,0.0,0.0,0.0,0.0,3.0,20,3,7
152914,16,2,1,15,10,3,0,1,1,1,2,23,2,2,0.0,0.0,0.0,0.0,0.0,4.0,20,7,10
84554,16,2,3,17,6,3,0,1,0,1,2,36,2,3,2.0,0.0,0.0,2.0,0.0,0.0,11,6,6
40231,15,2,1,0,8,3,0,1,0,1,2,5,4,3,1.0,0.0,0.0,1.0,0.0,1.0,1,4,3
16541,16,2,3,10,2,3,0,1,1,1,1,19,2,2,0.0,0.0,0.0,0.0,0.0,2.0,13,3,2
45306,4,7,3,7,6,3,6,1,0,1,2,36,2,2,0.0,0.0,0.0,0.0,0.0,1.0,15,1,4
66805,15,2,3,0,6,3,0,1,0,1,2,5,2,2,0.0,0.0,0.0,0.0,0.0,2.0,16,7,5
95409,16,2,3,15,8,3,0,1,1,1,2,24,2,2,0.0,0.0,0.0,0.0,0.0,2.0,17,7,7
15356,4,7,3,0,8,3,6,1,1,0,2,36,2,2,0.0,0.0,0.0,0.0,0.0,2.0,15,3,2
40711,16,2,3,15,8,3,0,5,1,0,0,36,2,2,0.0,0.0,0.0,0.0,0.0,2.0,8,5,3
142811,16,7,1,17,2,3,6,1,0,1,1,18,2,2,0.0,0.0,0.0,0.0,0.0,2.0,19,3,10
48033,15,2,3,10,2,3,0,1,1,1,0,19,2,2,0.0,0.0,0.0,0.0,0.0,2.0,13,5,4
179101,15,2,0,0,2,3,0,1,0,1,2,18,2,4,2.0,0.0,0.0,0.0,2.0,1.0,18,6,12
10992,4,7,3,10,8,3,6,1,1,1,1,36,2,2,0.0,0.0,0.0,0.0,0.0,4.0,12,2,1
86905,4,2,1,17,8,3,0,1,0,1,1,12,2,2,0.0,0.0,0.0,0.0,0.0,3.0,0,7,6
108085,16,6,3,0,8,3,6,1,0,1,2,36,2,1,2.0,0.0,1.0,1.0,0.0,2.0,12,2,8
82906,15,2,3,17,6,3,0,1,0,1,2,18,2,2,0.0,0.0,0.0,0.0,0.0,2.0,18,2,6
21776,16,2,1,17,5,3,0,1,1,1,1,24,2,2,0.0,0.0,0.0,0.0,0.0,2.0,2,7,2
187224,4,2,3,11,6,3,0,1,1,1,2,36,2,2,0.0,0.0,0.0,0.0,0.0,2.0,13,2,12
66619,4,2,1,8,8,3,0,1,1,1,0,36,2,2,0.0,0.0,0.0,0.0,0.0,3.0,21,3,5
81236,16,2,3,8,18,3,0,1,0,1,0,18,2,4,1.0,0.0,0.0,0.0,1.0,1.0,10,6,6
66589,4,2,3,0,11,3,0,1,1,1,2,17,2,2,0.0,0.0,0.0,0.0,0.0,2.0,6,3,5
154398,16,2,3,0,6,3,0,1,0,1,2,6,2,2,0.0,0.0,0.0,0.0,0.0,2.0,7,3,10
53297,16,2,3,17,6,3,0,5,1,1,1,12,2,2,0.0,0.0,0.0,0.0,0.0,2.0,13,3,4
8697,15,10,3,0,2,3,4,1,1,1,2,18,2,2,0.0,0.0,0.0,0.0,0.0,2.0,7,5,1
188819,16,2,4,0,6,3,0,1,0,1,2,18,2,2,0.0,0.0,0.0,0.0,0.0,5.0,20,5,12
53761,15,2,3,0,10,3,0,1,1,1,1,11,2,2,0.0,0.0,0.0,0.0,0.0,2.0,10,2,4
108304,4,2,2,0,8,3,0,1,0,1,2,18,2,2,0.0,0.0,0.0,0.0,0.0,2.0,6,5,8
143809,15,7,1,0,6,3,6,5,1,1,2,36,2,2,0.0,0.0,0.0,0.0,0.0,3.0,19,3,10
149057,16,2,1,0,8,3,0,1,1,1,1,18,2,2,0.0,0.0,0.0,0.0,0.0,2.0,20,6,10
49673,16,2,3,2,8,3,0,1,0,1,2,36,1,2,0.0,0.0,0.0,0.0,0.0,1.0,18,1,4
74959,16,2,1,17,2,3,0,1,1,1,2,36,2,2,0.0,0.0,0.0,0.0,0.0,2.0,0,5,6
84829,15,2,3,17,8,3,0,1,1,1,2,24,2,2,0.0,0.0,0.0,0.0,0.0,5.0,9,3,6
112600,16,2,1,17,8,3,0,1,0,1,2,37,2,2,0.0,0.0,0.0,0.0,0.0,4.0,23,6,8
79453,16,2,3,17,6,3,0,1,0,1,2,36,3,1,3.0,0.0,1.0,1.0,1.0,3.0,13,7,6
160858,4,6,3,10,8,3,1,5,1,1,2,39,2,2,0.0,0.0,0.0,0.0,0.0,3.0,17,6,11
3241,16,2,3,0,8,3,5,1,1,1,2,36,2,2,0.0,0.0,0.0,0.0,0.0,6.0,10,6,1
83094,16,2,3,10,8,3,0,1,1,1,2,19,2,2,0.0,0.0,0.0,0.0,0.0,2.0,7,6,6
185387,16,2,1,10,3,3,0,1,1,1,2,19,2,2,0.0,0.0,0.0,0.0,0.0,2.0,19,3,12
87762,4,2,0,17,6,3,5,5,0,1,2,18,2,3,1.0,0.0,0.0,1.0,0.0,4.0,21,1,6
67130,15,2,3,17,8,3,0,1,0,1,2,38,2,3,1.0,0.0,0.0,1.0,0.0,5.0,15,4,5
29645,16,2,3,9,3,3,0,1,0,1,0,36,2,3,1.0,0.0,0.0,1.0,0.0,1.0,15,1,3
47843,15,7,3,3,6,3,6,1,0,1,2,22,2,3,1.0,0.0,0.0,1.0,0.0,1.0,15,4,4
166143,16,7,3,0,6,3,6,1,0,1,2,6,2,4,1.0,0.0,0.0,0.0,1.0,1.0,10,3,11
172609,16,7,2,0,6,3,6,1,0,1,2,36,2,2,0.0,0.0,0.0,0.0,0.0,3.0,6,6,12
129686,15,2,3,8,8,3,5,5,1,1,1,23,2,2,0.0,0.0,0.0,0.0,0.0,2.0,7,3,9
30456,16,2,3,10,8,3,0,1,1,1,2,26,2,2,0.0,0.0,0.0,0.0,0.0,3.0,17,3,3
188031,16,7,3,10,8,3,6,1,0,1,2,26,2,4,1.0,0.0,0.0,0.0,1.0,2.0,11,1,12
162770,4,3,1,7,19,3,0,1,0,1,2,8,3,2,0.0,0.0,0.0,0.0,0.0,2.0,17,7,11
139886,15,2,1,2,8,3,0,1,1,1,0,23,2,2,0.0,0.0,0.0,0.0,0.0,2.0,20,4,10
146547,16,3,3,7,8,3,0,1,1,1,1,12,2,2,0.0,0.0,0.0,0.0,0.0,1.0,7,4,10
56624,16,7,3,15,2,3,6,1,1,1,2,36,2,2,0.0,0.0,0.0,0.0,0.0,2.0,8,5,5
1437,4,2,1,17,2,3,0,1,0,1,2,18,2,2,0.0,0.0,0.0,0.0,0.0,2.0,18,6,1
37294,16,7,1,2,3,4,6,1,0,0,2,22,1,2,0.0,0.0,0.0,0.0,0.0,2.0,23,4,3
131688,4,2,3,9,15,3,5,5,1,1,0,26,2,2,0.0,0.0,0.0,0.0,0.0,2.0,16,4,9
55811,16,2,3,0,8,3,0,1,1,1,1,18,2,2,0.0,0.0,0.0,0.0,0.0,3.0,14,7,4
180708,16,7,3,10,2,3,6,1,1,1,1,19,2,2,0.0,0.0,0.0,0.0,0.0,2.0,9,4,12
183790,15,2,4,17,2,3,0,1,1,1,1,17,2,2,0.0,0.0,0.0,0.0,0.0,2.0,17,7,12
25423,16,2,3,15,6,3,0,1,1,1,1,36,2,2,0.0,0.0,0.0,0.0,0.0,2.0,16,1,2
5041,15,2,2,0,11,3,0,1,0,1,1,21,2,3,1.0,0.0,0.0,1.0,0.0,1.0,7,6,1
16874,16,2,1,10,8,3,2,5,0,1,2,19,2,2,0.0,0.0,0.0,0.0,0.0,3.0,1,2,2
39683,16,2,3,17,6,3,0,5,1,1,2,36,2,2,0.0,0.0,0.0,0.0,0.0,2.0,15,2,3
177890,8,10,3,17,6,3,4,1,1,1,2,39,2,2,0.0,0.0,0.0,0.0,0.0,2.0,7,4,12
109747,16,2,1,17,6,3,0,4,1,1,2,24,2,2,0.0,0.0,0.0,0.0,0.0,2.0,5,1,8
178764,16,2,3,15,2,3,0,1,0,1,2,36,2,2,0.0,0.0,0.0,0.0,0.0,3.0,9,3,12
25840,16,3,1,10,8,3,6,1,1,1,1,36,2,2,0.0,0.0,0.0,0.0,0.0,2.0,3,1,2
78460,16,2,3,8,8,3,0,5,1,1,1,22,2,2,0.0,0.0,0.0,0.0,0.0,2.0,14,1,6
37932,16,2,3,2,18,3,0,1,0,1,2,17,1,3,1.0,0.0,0.0,1.0,0.0,0.0,12,3,3
20251,15,7,3,0,8,3,1,1,0,1,2,17,2,4,1.0,0.0,0.0,0.0,1.0,1.0,7,3,2
69241,15,2,3,0,8,3,0,1,1,1,2,18,2,2,0.0,0.0,0.0,0.0,0.0,3.0,16,1,5
50315,16,10,1,2,8,3,4,1,0,1,1,36,1,3,2.0,0.0,0.0,2.0,0.0,1.0,1,5,4
98542,16,2,3,17,6,3,0,1,1,1,2,18,2,2,0.0,0.0,0.0,0.0,0.0,2.0,7,5,7
114792,16,2,3,17,2,3,0,1,0,1,2,24,2,2,0.0,0.0,0.0,0.0,0.0,3.0,18,6,8
167262,15,2,3,0,8,3,0,1,0,1,2,36,2,3,1.0,0.0,0.0,1.0,0.0,3.0,15,7,11
173377,16,2,2,10,8,3,6,1,1,1,2,36,2,2,0.0,0.0,0.0,0.0,0.0,2.0,12,2,12
146633,16,2,3,17,6,3,0,1,1,1,2,36,2,2,0.0,0.0,0.0,0.0,0.0,3.0,14,7,10
110607,16,2,1,0,6,3,0,1,1,1,0,36,2,2,0.0,0.0,0.0,0.0,0.0,2.0,23,5,8
77022,15,2,0,0,6,3,0,1,0,1,2,5,2,1,1.0,0.0,1.0,0.0,0.0,1.0,0,7,6
141397,4,7,1,17,8,3,6,1,0,1,2,39,2,2,0.0,0.0,0.0,0.0,0.0,2.0,23,5,10
16875,16,2,3,0,3,4,2,5,0,1,2,6,2,2,0.0,0.0,0.0,0.0,0.0,3.0,13,2,2
61864,15,2,3,17,6,3,0,1,0,1,2,22,2,3,3.0,0.0,0.0,3.0,0.0,0.0,16,5,5
80794,16,2,3,0,2,3,0,5,0,1,2,2,2,3,1.0,0.0,0.0,1.0,0.0,1.0,14,7,6
82899,4,2,3,17,2,3,0,1,1,1,2,24,2,2,0.0,0.0,0.0,0.0,0.0,2.0,17,2,6