crash_date,               traffic_control_device,weather_condition,lighting_condition,first_crash_type,trafficway_type,alignment,roadway_surface_cond,road_defect,crash_type,intersection_related_i,damage,prim_contributory_cause,num_units,most_severe_injury,injuries_total,injuries_fatal,injuries_incapacitating,injuries_non_incapacitating,injuries_reported_not_evident,injuries_no_indication,crash_hour,crash_day_of_week,crash_month
144554,16,2,0,13,6,3,0,1,0,1,2,18,3,3,2.0,0.0,0.0,2.0,0.0,2.0,20,7,10
85631,16,2,3,17,19,3,0,1,0,1,2,36,2,3,2.0,0.0,0.0,2.0,0.0,2.0,13,2,6
40103,16,3,3,0,18,3,5,5,0,1,2,36,2,3,1.0,0.0,0.0,1.0,0.0,2.0,13,3,3
52617,15,2,0,0,10,3,0,5,0,1,2,36,2,2,0.0,0.0,0.0,0.0,0.0,2.0,9,3,4
163421,4,3,3,10,3,3,0,1,1,0,2,21,2,2,0.0,0.0,0.0,0.0,0.0,3.0,12,2,11
125672,16,2,3,8,8,3,0,1,0,1,2,36,2,3,1.0,0.0,0.0,1.0,0.0,1.0,11,3,9
5008,16,7,3,17,3,3,6,1,1,1,0,18,2,2,0.0,0.0,0.0,0.0,0.0,2.0,12,5,1
51158,4,2,3,17,15,3,5,5,1,1,2,36,2,2,0.0,0.0,0.0,0.0,0.0,2.0,13,7,4
98788,15,2,3,0,8,3,0,1,1,1,2,18,2,2,0.0,0.0,0.0,0.0,0.0,2.0,15,1,7
99721,16,2,3,14,2,3,0,1,1,1,1,18,2,2,0.0,0.0,0.0,0.0,0.0,2.0,13,2,7
168644,16,7,1,17,8,3,6,1,1,1,2,6,2,2,0.0,0.0,0.0,0.0,0.0,2.0,0,5,11
95470,16,2,3,17,6,3,6,1,1,1,2,36,2,2,0.0,0.0,0.0,0.0,0.0,2.0,5,2,7
20176,16,2,3,10,10,3,0,1,1,1,1,19,2,2,0.0,0.0,0.0,0.0,0.0,3.0,7,2,2
126821,16,2,3,17,6,3,0,1,1,1,1,6,2,2,0.0,0.0,0.0,0.0,0.0,2.0,15,7,9
57167,15,2,3,17,8,3,0,1,1,1,2,18,2,2,0.0,0.0,0.0,0.0,0.0,3.0,12,6,5
106196,16,2,1,17,8,3,0,1,1,1,1,36,2,2,0.0,0.0,0.0,0.0,0.0,3.0,22,7,8
173158,16,3,3,10,6,3,0,1,0,1,0,19,2,4,1.0,0.0,0.0,0.0,1.0,3.0,12,7,12
7317,16,3,3,17,2,4,6,5,0,1,2,18,2,1,2.0,0.0,1.0,1.0,0.0,1.0,11,6,1
52765,16,2,3,17,2,3,0,1,1,1,1,22,2,2,0.0,0.0,0.0,0.0,0.0,3.0,10,7,4
146229,16,2,3,17,6,3,0,5,1,1,2,18,2,2,0.0,0.0,0.0,0.0,0.0,3.0,12,1,10
45366,16,2,1,10,11,3,0,1,1,1,2,36,2,2,0.0,0.0,0.0,0.0,0.0,2.0,21,6,4
6851,15,11,1,2,6,3,5,5,1,1,2,21,1,2,0.0,0.0,0.0,0.0,0.0,1.0,0,6,1
101632,16,2,3,17,6,3,0,1,0,1,2,18,3,3,2.0,0.0,0.0,2.0,0.0,1.0,16,4,7
110924,15,2,3,0,8,3,0,1,0,1,2,7,2,2,0.0,0.0,0.0,0.0,0.0,2.0,11,2,8
88545,15,2,3,0,15,3,0,1,0,1,2,18,2,3,3.0,0.0,0.0,3.0,0.0,3.0,18,6,7
159232,15,2,1,9,10,3,0,5,0,1,2,18,2,1,1.0,0.0,1.0,0.0,0.0,1.0,19,3,11
172923,17,2,3,17,0,3,0,1,1,1,0,18,2,2,0.0,0.0,0.0,0.0,0.0,3.0,7,2,12
103399,15,2,3,8,6,3,0,1,0,1,2,36,2,3,1.0,0.0,0.0,1.0,0.0,2.0,11,3,7
163475,16,2,3,15,6,3,0,1,1,1,1,18,2,2,0.0,0.0,0.0,0.0,0.0,4.0,10,3,11
72826,16,2,3,0,8,3,0,1,1,1,2,36,3,2,0.0,0.0,0.0,0.0,0.0,4.0,15,6,6
26000,15,10,1,17,2,3,4,1,1,1,1,23,2,2,0.0,0.0,0.0,0.0,0.0,2.0,19,5,2
95095,15,2,3,0,8,3,0,1,1,1,0,18,2,2,0.0,0.0,0.0,0.0,0.0,4.0,12,1,7
149405,16,7,1,10,2,3,6,1,0,1,2,17,2,2,0.0,0.0,0.0,0.0,0.0,2.0,19,4,10
4834,16,10,3,17,8,3,4,1,1,1,2,18,2,2,0.0,0.0,0.0,0.0,0.0,3.0,1,6,1
12411,15,2,3,0,2,3,0,1,0,1,2,5,2,4,1.0,0.0,0.0,0.0,1.0,1.0,17,6,1
23738,16,2,3,17,19,3,0,1,1,1,1,24,2,2,0.0,0.0,0.0,0.0,0.0,2.0,14,6,2
181161,16,2,1,10,2,3,0,1,1,1,2,17,2,2,0.0,0.0,0.0,0.0,0.0,2.0,2,7,12
161544,15,10,3,10,8,3,1,1,1,1,2,36,2,2,0.0,0.0,0.0,0.0,0.0,2.0,10,2,11
172090,17,2,3,17,6,3,5,1,1,1,2,36,2,2,0.0,0.0,0.0,0.0,0.0,2.0,14,7,11
70445,15,2,1,0,2,3,0,1,0,1,2,36,2,2,0.0,0.0,0.0,0.0,0.0,4.0,22,7,5
49848,4,2,3,10,8,3,0,1,1,1,1,19,2,2,0.0,0.0,0.0,0.0,0.0,2.0,15,3,4
187745,16,2,3,17,8,3,0,1,1,1,2,18,2,2,0.0,0.0,0.0,0.0,0.0,2.0,11,1,12
96717,16,2,3,15,8,3,0,1,1,1,2,23,2,2,0.0,0.0,0.0,0.0,0.0,2.0,18,5,7
114863,16,2,3,17,2,3,0,1,0,1,2,11,2,2,0.0,0.0,0.0,0.0,0.0,3.0,16,7,8
165112,4,11,5,0,6,3,2,5,1,1,2,18,2,2,0.0,0.0,0.0,0.0,0.0,2.0,16,5,11
148335,15,2,4,10,10,3,0,1,1,1,1,19,2,2,0.0,0.0,0.0,0.0,0.0,2.0,17,3,10
53420,16,2,1,0,6,3,0,1,0,1,2,28,2,1,1.0,0.0,1.0,0.0,0.0,1.0,21,5,4
34552,4,2,2,17,8,3,0,1,0,1,2,22,2,2,0.0,0.0,0.0,0.0,0.0,3.0,23,7,3
7688,4,2,1,17,8,3,0,1,1,1,1,18,2,2,0.0,0.0,0.0,0.0,0.0,2.0,17,4,1
151130,16,2,3,10,3,3,0,1,1,0,2,19,2,2,0.0,0.0,0.0,0.0,0.0,2.0,16,5,10
72431,16,2,3,10,8,3,0,1,1,1,2,19,2,2,0.0,0.0,0.0,0.0,0.0,4.0,12,7,6
19886,16,10,1,17,8,3,4,1,1,1,2,18,2,2,0.0,0.0,0.0,0.0,0.0,2.0,17,5,2
53299,4,2,3,17,6,3,0,1,1,1,2,19,2,2,0.0,0.0,0.0,0.0,0.0,2.0,13,3,4
30946,15,3,3,9,5,3,5,5,0,1,2,17,2,4,1.0,0.0,0.0,0.0,1.0,1.0,8,4,3
88931,16,2,3,10,8,3,0,1,1,1,0,19,2,2,0.0,0.0,0.0,0.0,0.0,2.0,14,4,7
16300,4,2,1,0,2,3,0,1,0,1,2,36,2,2,0.0,0.0,0.0,0.0,0.0,4.0,18,6,2
71359,16,2,3,9,10,3,0,1,0,1,1,18,2,3,1.0,0.0,0.0,1.0,0.0,1.0,7,6,5
152696,16,7,1,15,8,3,6,1,0,1,2,22,2,2,0.0,0.0,0.0,0.0,0.0,2.0,23,5,10
181907,16,2,3,0,8,3,0,1,1,1,2,18,2,2,0.0,0.0,0.0,0.0,0.0,2.0,16,2,12
60880,4,2,1,15,10,3,0,1,1,0,1,18,2,2,0.0,0.0,0.0,0.0,0.0,2.0,20,3,5
180398,16,2,3,9,6,3,0,1,0,1,0,36,2,3,1.0,0.0,0.0,1.0,0.0,1.0,8,3,12
28663,16,2,0,10,2,3,0,1,1,1,2,36,2,2,0.0,0.0,0.0,0.0,0.0,3.0,18,6,3
128395,16,2,3,9,2,3,0,1,1,1,0,36,2,2,0.0,0.0,0.0,0.0,0.0,2.0,8,6,9
54079,16,2,3,17,8,3,0,1,1,1,2,12,2,2,0.0,0.0,0.0,0.0,0.0,2.0,10,6,4
108431,4,2,5,7,8,3,0,1,1,0,2,36,2,2,0.0,0.0,0.0,0.0,0.0,1.0,5,1,8
42870,16,2,3,10,6,3,0,1,0,1,2,36,2,4,1.0,0.0,0.0,0.0,1.0,3.0,14,5,4
96667,16,2,3,15,10,3,0,1,0,1,1,23,2,2,0.0,0.0,0.0,0.0,0.0,2.0,8,4,7
143985,15,2,3,0,2,3,0,1,0,1,2,18,2,2,0.0,0.0,0.0,0.0,0.0,2.0,10,6,10
98573,16,2,1,0,6,3,0,1,0,1,2,6,5,0,4.0,1.0,2.0,1.0,0.0,0.0,23,5,7
166088,15,7,4,0,6,3,6,5,0,1,2,36,2,3,1.0,0.0,0.0,1.0,0.0,6.0,16,3,11
178102,15,2,0,8,6,3,0,1,1,1,0,5,2,2,0.0,0.0,0.0,0.0,0.0,4.0,17,1,12
69928,16,7,1,17,6,3,6,1,0,1,2,24,2,2,0.0,0.0,0.0,0.0,0.0,2.0,21,6,5
72422,15,7,1,0,3,3,6,1,0,1,2,39,2,2,0.0,0.0,0.0,0.0,0.0,2.0,23,7,6
88189,18,2,2,0,6,3,0,1,1,1,2,18,2,2,0.0,0.0,0.0,0.0,0.0,2.0,19,7,7
73759,16,2,3,10,8,3,0,1,0,1,2,19,2,2,0.0,0.0,0.0,0.0,0.0,3.0,18,1,6
163808,15,2,3,0,6,3,4,1,1,1,2,18,2,2,0.0,0.0,0.0,0.0,0.0,2.0,7,6,11
143304,4,2,3,17,8,3,0,1,1,1,1,24,2,2,0.0,0.0,0.0,0.0,0.0,2.0,7,5,10
150577,16,2,3,10,8,3,0,1,1,1,1,17,2,2,0.0,0.0,0.0,0.0,0.0,2.0,10,4,10
108501,16,7,4,17,5,3,5,5,0,1,2,18,2,3,1.0,0.0,0.0,1.0,0.0,1.0,21,2,8
71728,15,2,1,0,6,3,0,1,1,1,2,18,2,2,0.0,0.0,0.0,0.0,0.0,2.0,22,6,5
102579,16,2,1,0,15,3,0,1,0,1,2,6,2,3,2.0,0.0,0.0,2.0,0.0,1.0,23,4,7
188820,16,2,1,15,1,3,0,1,1,1,1,36,2,2,0.0,0.0,0.0,0.0,0.0,3.0,20,5,12
98711,16,2,3,15,2,3,0,1,0,1,2,23,2,4,2.0,0.0,0.0,0.0,2.0,1.0,14,6,7
140230,4,2,3,17,8,3,0,1,0,1,2,36,2,2,0.0,0.0,0.0,0.0,0.0,4.0,14,4,10
15868,16,2,1,0,6,3,0,1,0,1,2,36,2,4,1.0,0.0,0.0,0.0,1.0,3.0,17,5,2
95633,15,2,3,17,8,3,0,1,1,1,1,19,2,2,0.0,0.0,0.0,0.0,0.0,2.0,14,3,7
173740,16,11,1,10,2,3,5,5,1,1,1,36,2,2,0.0,0.0,0.0,0.0,0.0,2.0,20,6,12
126147,4,2,1,10,12,3,0,1,1,1,2,21,2,2,0.0,0.0,0.0,0.0,0.0,2.0,20,3,9
174979,15,8,3,0,11,3,5,5,0,1,2,18,2,2,0.0,0.0,0.0,0.0,0.0,2.0,9,4,12
146727,4,2,1,17,6,3,0,1,0,1,2,36,2,3,1.0,0.0,0.0,1.0,0.0,1.0,20,1,10
16853,15,2,3,0,8,3,0,1,1,1,1,18,2,2,0.0,0.0,0.0,0.0,0.0,5.0,13,1,2
39065,16,2,3,15,3,3,0,1,1,1,1,36,2,2,0.0,0.0,0.0,0.0,0.0,3.0,13,4,3
74579,15,2,0,0,8,3,5,5,1,1,2,18,2,2,0.0,0.0,0.0,0.0,0.0,2.0,21,5,6
129634,16,2,1,17,11,3,0,1,0,1,2,18,2,3,2.0,0.0,0.0,2.0,0.0,2.0,22,2,9
30910,17,2,1,11,15,3,0,1,1,0,0,36,2,2,0.0,0.0,0.0,0.0,0.0,2.0,2,4,3
174961,16,2,1,17,11,3,0,1,1,1,1,36,2,2,0.0,0.0,0.0,0.0,0.0,2.0,18,4,12
106144,17,11,3,5,17,3,5,5,1,1,0,26,1,2,0.0,0.0,0.0,0.0,0.0,1.0,17,6,8
166102,16,7,1,17,6,3,6,1,0,1,2,18,2,4,2.0,0.0,0.0,0.0,2.0,0.0,17,3,11
131388,15,2,1,17,8,3,0,1,1,1,2,36,2,2,0.0,0.0,0.0,0.0,0.0,4.0,21,5,9
36138,16,2,3,0,6,3,0,1,0,1,2,36,3,4,2.0,0.0,0.0,0.0,2.0,2.0,16,6,3
78917,15,11,5,9,8,3,5,5,0,1,0,36,2,3,1.0,0.0,0.0,1.0,0.0,1.0,20,6,6
105139,16,2,3,15,1,3,0,1,1,1,1,23,2,2,0.0,0.0,0.0,0.0,0.0,7.0,13,6,8
151362,16,2,1,17,6,4,0,5,0,1,2,36,2,2,0.0,0.0,0.0,0.0,0.0,3.0,21,2,10
58655,16,2,1,17,3,3,0,5,0,1,2,12,2,2,0.0,0.0,0.0,0.0,0.0,2.0,20,4,5
137153,16,2,1,17,10,3,0,1,0,1,2,24,2,3,2.0,0.0,0.0,2.0,0.0,2.0,18,1,9
97956,16,2,1,0,8,3,0,1,0,1,2,6,2,2,0.0,0.0,0.0,0.0,0.0,3.0,0,3,7
71937,16,2,4,10,8,3,0,1,1,1,1,36,2,2,0.0,0.0,0.0,0.0,0.0,2.0,18,7,6
83617,17,2,3,17,16,3,0,1,0,1,2,18,2,2,0.0,0.0,0.0,0.0,0.0,4.0,18,7,6
37980,15,2,3,0,6,3,0,1,0,1,2,6,2,3,2.0,0.0,0.0,2.0,0.0,1.0,11,5,3
16444,16,2,1,17,8,3,6,1,1,1,2,24,2,2,0.0,0.0,0.0,0.0,0.0,3.0,18,1,2
140236,16,2,3,17,8,3,0,1,1,1,0,24,2,2,0.0,0.0,0.0,0.0,0.0,2.0,15,4,10
145156,16,2,0,10,3,3,6,1,0,0,1,17,2,4,1.0,0.0,0.0,0.0,1.0,1.0,21,1,10
147540,16,2,3,0,2,3,0,1,1,1,0,18,2,2,0.0,0.0,0.0,0.0,0.0,2.0,15,5,10
8862,16,2,1,0,8,3,6,1,1,1,1,18,2,2,0.0,0.0,0.0,0.0,0.0,4.0,12,7,1
2047,15,2,1,0,8,3,0,1,0,1,2,18,2,2,0.0,0.0,0.0,0.0,0.0,3.0,0,6,1
77854,15,2,3,15,2,3,0,1,1,1,0,23,2,2,0.0,0.0,0.0,0.0,0.0,3.0,9,6,6
115710,16,2,3,9,8,3,0,2,0,1,0,6,2,1,1.0,0.0,1.0,0.0,0.0,1.0,9,5,8
159309,17,11,5,0,17,3,5,5,0,1,2,36,2,4,1.0,0.0,0.0,0.0,1.0,1.0,21,4,11
98498,16,2,3,17,8,3,0,5,0,1,2,36,2,2,0.0,0.0,0.0,0.0,0.0,8.0,12,4,7
174974,16,2,3,17,3,3,0,6,1,1,2,18,2,2,0.0,0.0,0.0,0.0,0.0,2.0,8,4,12
114108,4,3,4,17,8,3,0,1,0,1,2,18,2,2,0.0,0.0,0.0,0.0,0.0,3.0,17,2,8
173042,16,2,1,0,6,3,0,1,1,1,1,6,2,2,0.0,0.0,0.0,0.0,0.0,2.0,21,5,12
73864,4,2,3,7,2,3,0,5,1,1,2,23,2,2,0.0,0.0,0.0,0.0,0.0,1.0,15,1,6
87880,15,2,3,0,8,3,0,1,0,1,2,18,2,1,1.0,0.0,1.0,0.0,0.0,1.0,12,1,7
57111,16,2,3,10,2,3,0,1,1,1,1,19,2,2,0.0,0.0,0.0,0.0,0.0,2.0,17,6,5
59303,15,2,3,10,18,3,0,1,1,1,2,36,2,2,0.0,0.0,0.0,0.0,0.0,2.0,16,7,5
27517,15,2,3,17,18,3,0,1,1,1,1,18,2,2,0.0,0.0,0.0,0.0,0.0,2.0,16,2,2
110447,16,2,5,10,8,3,5,5,0,1,1,19,2,4,2.0,0.0,0.0,0.0,2.0,1.0,18,2,8
174087,16,2,3,10,8,3,0,1,0,0,2,19,2,4,1.0,0.0,0.0,0.0,1.0,4.0,11,7,12
4861,16,10,1,10,8,3,6,1,1,1,2,19,2,2,0.0,0.0,0.0,0.0,0.0,2.0,17,6,1
31504,16,2,1,9,8,3,0,1,0,1,0,18,2,3,1.0,0.0,0.0,1.0,0.0,1.0,22,5,3
165012,16,2,3,17,2,3,0,1,0,1,2,36,2,4,1.0,0.0,0.0,0.0,1.0,2.0,10,3,11
170326,15,2,1,10,8,3,0,1,1,1,2,21,2,2,0.0,0.0,0.0,0.0,0.0,3.0,20,4,11
2455,16,2,0,15,8,3,0,1,1,1,1,19,2,2,0.0,0.0,0.0,0.0,0.0,3.0,17,7,1
23183,16,2,3,17,2,3,0,1,1,1,2,17,2,2,0.0,0.0,0.0,0.0,0.0,3.0,13,3,2
79259,4,2,3,17,8,3,0,1,1,1,2,26,2,2,0.0,0.0,0.0,0.0,0.0,4.0,17,6,6
158005,16,7,1,0,6,3,6,1,1,1,2,36,2,2,0.0,0.0,0.0,0.0,0.0,2.0,11,2,11
100611,16,2,3,15,6,3,0,5,1,1,1,12,2,2,0.0,0.0,0.0,0.0,0.0,2.0,13,3,7
141291,15,2,3,0,6,3,0,5,1,1,2,26,2,2,0.0,0.0,0.0,0.0,0.0,2.0,17,4,10
155370,16,2,1,17,6,3,0,1,0,1,2,36,2,3,1.0,0.0,0.0,1.0,0.0,1.0,3,7,10
39498,16,2,3,10,6,3,0,1,0,1,0,19,2,4,1.0,0.0,0.0,0.0,1.0,1.0,15,5,3
80862,16,11,5,10,6,3,5,5,0,1,2,19,2,4,1.0,0.0,0.0,0.0,1.0,1.0,2,2,6
134590,16,7,1,17,2,3,6,5,0,1,2,36,2,2,0.0,0.0,0.0,0.0,0.0,7.0,20,1,9
40053,16,7,3,17,6,3,6,1,0,1,2,18,2,3,1.0,0.0,0.0,1.0,0.0,1.0,16,1,3
43392,16,2,1,2,5,3,0,1,0,1,2,36,1,2,0.0,0.0,0.0,0.0,0.0,1.0,4,7,4
105228,16,2,3,15,2,3,0,1,0,1,2,36,3,2,0.0,0.0,0.0,0.0,0.0,3.0,7,7,8
32398,15,2,1,0,6,3,0,1,1,1,2,18,2,2,0.0,0.0,0.0,0.0,0.0,3.0,20,7,3
58454,15,2,3,0,11,3,0,1,1,1,2,21,2,2,0.0,0.0,0.0,0.0,0.0,4.0,15,6,5
58597,16,2,3,17,8,3,0,1,1,1,1,24,2,2,0.0,0.0,0.0,0.0,0.0,2.0,17,2,5
37574,4,2,1,14,8,3,0,1,0,1,2,38,2,4,1.0,0.0,0.0,0.0,1.0,2.0,18,2,3
162771,16,2,1,17,6,3,0,1,1,1,0,24,2,2,0.0,0.0,0.0,0.0,0.0,2.0,17,7,11
154603,16,7,3,17,8,3,6,1,1,1,2,26,2,2,0.0,0.0,0.0,0.0,0.0,4.0,16,4,10
25182,4,2,3,0,8,3,0,1,1,1,2,36,2,2,0.0,0.0,0.0,0.0,0.0,2.0,15,5,2
109829,15,2,3,8,2,3,0,1,1,1,2,36,2,2,0.0,0.0,0.0,0.0,0.0,2.0,13,7,8
122794,16,2,3,0,11,3,0,1,0,1,2,17,3,2,0.0,0.0,0.0,0.0,0.0,3.0,7,3,9
169564,16,2,1,17,6,3,0,5,1,1,2,36,2,2,0.0,0.0,0.0,0.0,0.0,2.0,17,2,11
90040,16,2,1,0,8,3,0,1,0,1,2,18,2,1,1.0,0.0,1.0,0.0,0.0,6.0,3,1,7
88975,16,2,3,10,8,3,0,1,1,1,2,36,2,2,0.0,0.0,0.0,0.0,0.0,2.0,7,4,7
51399,15,2,0,2,6,3,0,1,0,0,2,5,1,3,1.0,0.0,0.0,1.0,0.0,0.0,1,4,4
154197,16,7,1,0,8,3,6,5,0,1,2,6,3,2,0.0,0.0,0.0,0.0,0.0,7.0,21,6,10
36541,16,2,4,10,8,3,6,1,1,1,2,19,2,2,0.0,0.0,0.0,0.0,0.0,2.0,19,6,3
118785,16,2,3,10,16,3,6,1,1,1,2,21,2,2,0.0,0.0,0.0,0.0,0.0,5.0,8,4,8
144503,15,2,1,7,8,3,0,1,0,1,2,11,2,2,0.0,0.0,0.0,0.0,0.0,1.0,21,5,10
174568,4,2,0,2,12,3,0,1,1,0,0,21,1,2,0.0,0.0,0.0,0.0,0.0,3.0,21,7,12
79502,16,2,4,0,18,3,0,1,0,1,2,36,2,2,0.0,0.0,0.0,0.0,0.0,2.0,19,7,6
55296,16,2,3,17,6,3,0,1,1,1,2,18,2,2,0.0,0.0,0.0,0.0,0.0,2.0,11,5,4
41094,16,2,0,10,8,3,0,1,1,1,2,36,2,2,0.0,0.0,0.0,0.0,0.0,2.0,19,6,3
119687,16,2,3,17,18,3,5,5,1,1,2,36,2,2,0.0,0.0,0.0,0.0,0.0,2.0,7,2,8
70458,15,2,3,7,6,3,0,1,1,1,2,21,2,2,0.0,0.0,0.0,0.0,0.0,4.0,13,1,5
52912,4,2,3,17,6,3,0,1,1,1,1,23,2,2,0.0,0.0,0.0,0.0,0.0,2.0,16,4,4
127700,4,2,3,15,8,3,0,1,1,1,2,11,2,2,0.0,0.0,0.0,0.0,0.0,2.0,18,6,9
114663,17,2,2,10,8,3,0,1,0,1,2,19,2,1,1.0,0.0,1.0,0.0,0.0,1.0,20,3,8
20251,4,7,3,2,8,3,4,1,0,1,2,39,1,3,1.0,0.0,0.0,1.0,0.0,0.0,7,3,2
4629,4,2,3,17,15,3,0,1,1,1,1,19,2,2,0.0,0.0,0.0,0.0,0.0,3.0,14,1,1
74770,16,2,3,17,8,3,0,1,0,1,2,36,2,2,0.0,0.0,0.0,0.0,0.0,3.0,17,2,6
2382,16,11,0,17,6,3,5,5,1,1,2,24,2,2,0.0,0.0,0.0,0.0,0.0,2.0,12,1,1
161648,4,2,1,15,8,3,0,1,1,1,2,36,2,2,0.0,0.0,0.0,0.0,0.0,2.0,22,5,11
103110,16,2,3,10,2,3,0,1,0,1,2,19,2,3,1.0,0.0,0.0,1.0,0.0,5.0,13,6,7
137048,16,2,3,15,8,3,0,1,1,1,2,18,2,2,0.0,0.0,0.0,0.0,0.0,2.0,17,6,9
84517,15,2,3,0,6,3,0,1,0,1,2,18,2,4,2.0,0.0,0.0,0.0,2.0,0.0,16,6,6
180592,15,2,1,0,8,3,5,5,1,1,2,36,2,2,0.0,0.0,0.0,0.0,0.0,2.0,20,6,12
61381,16,2,1,0,2,3,0,1,1,1,2,23,2,2,0.0,0.0,0.0,0.0,0.0,2.0,21,4,5
45638,16,2,1,17,8,3,6,1,1,1,2,23,2,2,0.0,0.0,0.0,0.0,0.0,2.0,19,6,4
146675,16,2,3,17,5,3,0,5,0,1,2,18,3,2,0.0,0.0,0.0,0.0,0.0,3.0,10,7,10
142729,16,2,1,10,2,3,0,1,1,1,2,36,2,2,0.0,0.0,0.0,0.0,0.0,9.0,20,7,10
184544,16,2,3,0,6,3,0,1,1,1,2,36,2,2,0.0,0.0,0.0,0.0,0.0,2.0,9,5,12
180627,16,7,1,0,2,3,6,1,0,1,2,6,2,2,0.0,0.0,0.0,0.0,0.0,2.0,1,1,12
183961,15,2,3,9,15,3,0,1,0,1,2,18,2,3,1.0,0.0,0.0,1.0,0.0,1.0,16,4,12
156262,16,2,1,17,6,3,0,1,1,1,1,18,2,2,0.0,0.0,0.0,0.0,0.0,2.0,22,6,11
104422,16,2,1,17,6,3,0,1,1,1,2,18,2,2,0.0,0.0,0.0,0.0,0.0,2.0,20,3,8
96428,16,2,1,9,5,3,0,1,0,1,1,6,2,3,1.0,0.0,0.0,1.0,0.0,1.0,23,1,7
146837,16,2,3,0,15,3,0,1,0,1,2,6,2,1,3.0,0.0,1.0,2.0,0.0,0.0,6,4,10
131944,16,2,3,9,8,3,0,1,0,1,0,26,2,1,1.0,0.0,1.0,0.0,0.0,1.0,15,6,9
173025,15,2,1,17,8,3,0,1,1,1,2,36,2,2,0.0,0.0,0.0,0.0,0.0,2.0,19,5,12
47346,16,2,3,4,10,3,0,1,1,1,1,26,1,2,0.0,0.0,0.0,0.0,0.0,1.0,8,2,4
70552,4,2,3,4,2,3,0,0,1,1,2,33,1,2,0.0,0.0,0.0,0.0,0.0,1.0,12,2,5
163706,4,2,2,2,8,3,0,1,0,1,2,37,1,3,1.0,0.0,0.0,1.0,0.0,0.0,6,5,11
146941,16,2,3,9,8,3,0,5,0,1,0,18,2,3,1.0,0.0,0.0,1.0,0.0,1.0,17,3,10
17759,16,2,3,15,2,3,0,1,1,0,2,36,2,2,0.0,0.0,0.0,0.0,0.0,2.0,17,3,2
86795,16,2,3,0,3,3,0,1,0,1,1,18,2,4,1.0,0.0,0.0,0.0,1.0,2.0,19,6,6
179881,16,7,1,9,8,3,6,1,0,1,0,6,2,3,1.0,0.0,0.0,1.0,0.0,1.0,18,4,12
188994,16,2,1,10,8,3,6,1,0,0,2,19,3,2,0.0,0.0,0.0,0.0,0.0,3.0,18,1,12
100884,16,2,3,3,8,3,0,1,1,1,0,36,2,2,0.0,0.0,0.0,0.0,0.0,3.0,16,6,7
6742,4,2,1,17,8,3,0,1,0,1,2,18,3,2,0.0,0.0,0.0,0.0,0.0,2.0,5,5,1
46227,16,2,3,10,10,3,0,1,1,1,2,19,2,2,0.0,0.0,0.0,0.0,0.0,2.0,16,3,4
114122,16,2,3,17,2,3,0,1,1,1,1,36,2,2,0.0,0.0,0.0,0.0,0.0,3.0,8,2,8
107228,15,2,3,0,4,3,0,1,1,1,1,36,2,2,0.0,0.0,0.0,0.0,0.0,2.0,10,2,8
78730,16,2,1,10,3,3,0,1,1,1,2,36,2,2,0.0,0.0,0.0,0.0,0.0,2.0,22,5,6
100040,16,11,1,3,6,3,5,5,1,1,2,36,2,2,0.0,0.0,0.0,0.0,0.0,2.0,1,1,7
33310,16,2,3,0,6,3,0,1,1,1,0,18,2,2,0.0,0.0,0.0,0.0,0.0,2.0,18,2,3
140070,15,7,1,0,8,3,6,1,1,1,2,36,2,2,0.0,0.0,0.0,0.0,0.0,3.0,19,7,10
14988,16,2,2,17,8,3,0,1,0,1,2,18,2,4,2.0,0.0,0.0,0.0,2.0,0.0,6,3,1
77068,16,2,3,10,6,3,0,1,1,1,1,19,2,2,0.0,0.0,0.0,0.0,0.0,2.0,9,2,6
103574,16,2,1,3,8,3,0,1,1,1,1,18,2,2,0.0,0.0,0.0,0.0,0.0,3.0,21,4,7
108454,16,2,3,0,6,3,0,1,0,1,2,18,2,3,1.0,0.0,0.0,1.0,0.0,4.0,11,1,8
31387,4,2,3,9,9,3,0,1,0,1,0,18,2,4,1.0,0.0,0.0,0.0,1.0,2.0,10,5,3
113170,16,2,3,15,8,3,0,1,1,1,1,36,2,2,0.0,0.0,0.0,0.0,0.0,2.0,14,1,8
39579,16,2,1,0,6,3,0,1,0,1,2,6,2,3,4.0,0.0,0.0,4.0,0.0,2.0,20,6,3
169620,16,2,1,15,3,3,0,1,1,1,2,18,2,2,0.0,0.0,0.0,0.0,0.0,3.0,2,7,11
64036,15,2,3,0,2,3,0,1,0,1,2,36,2,2,0.0,0.0,0.0,0.0,0.0,2.0,6,5,5
97048,4,2,3,17,6,3,0,1,0,1,2,36,3,3,1.0,0.0,0.0,1.0,0.0,3.0,16,5,7
7277,16,11,1,0,8,3,5,5,1,1,2,18,2,2,0.0,0.0,0.0,0.0,0.0,2.0,6,6,1
170134,16,3,3,17,2,3,0,6,1,1,2,18,2,2,0.0,0.0,0.0,0.0,0.0,4.0,12,1,11
77527,16,2,1,8,2,3,0,1,0,1,1,18,2,3,1.0,0.0,0.0,1.0,0.0,1.0,0,1,6
13961,15,2,3,0,6,3,0,1,1,1,2,36,3,2,0.0,0.0,0.0,0.0,0.0,2.0,14,6,1
65012,16,2,3,8,2,3,0,5,0,1,2,22,2,3,1.0,0.0,0.0,1.0,0.0,1.0,17,7,5