crash_date,               traffic_control_device,weather_condition,lighting_condition,first_crash_type,trafficway_type,alignment,roadway_surface_cond,road_defect,crash_type,intersection_related_i,damage,prim_contributory_cause,num_units,most_severe_injury,injuries_total,injuries_fatal,injuries_incapacitating,injuries_non_incapacitating,injuries_reported_not_evident,injuries_no_indication,crash_hour,crash_day_of_week,crash_month
26857,16,7,1,10,6,3,6,1,0,1,2,17,2,3,1.0,0.0,0.0,1.0,0.0,2.0,4,4,2
68962,16,2,3,10,8,3,0,1,1,1,2,21,2,2,0.0,0.0,0.0,0.0,0.0,2.0,17,5,5
70147,15,2,3,9,15,3,0,5,0,1,2,36,2,1,1.0,0.0,1.0,0.0,0.0,1.0,10,3,5
3278,16,2,2,17,8,3,0,1,1,0,2,19,2,2,0.0,0.0,0.0,0.0,0.0,2.0,21,7,1
52646,16,2,3,17,6,3,0,1,0,1,2,24,3,4,1.0,0.0,0.0,0.0,1.0,3.0,15,4,4
131880,4,2,1,9,8,3,0,1,0,1,1,18,2,3,1.0,0.0,0.0,1.0,0.0,1.0,5,5,9
140729,16,2,3,2,3,3,0,1,0,1,2,36,1,1,1.0,0.0,1.0,0.0,0.0,0.0,14,4,10
130985,15,2,3,0,8,3,0,5,0,1,2,36,2,4,1.0,0.0,0.0,0.0,1.0,1.0,10,1,9
19935,16,2,3,10,8,3,0,1,0,0,2,36,2,2,0.0,0.0,0.0,0.0,0.0,2.0,16,6,2
122284,16,2,3,0,8,3,0,1,0,1,2,36,2,2,0.0,0.0,0.0,0.0,0.0,2.0,15,3,9
113678,16,2,3,10,8,3,0,1,1,1,2,17,2,2,0.0,0.0,0.0,0.0,0.0,6.0,18,2,8
30285,15,2,1,0,6,3,0,1,1,1,2,36,2,2,0.0,0.0,0.0,0.0,0.0,2.0,19,6,3
21255,17,2,3,2,2,3,0,5,0,1,2,36,1,2,0.0,0.0,0.0,0.0,0.0,1.0,12,5,2
100795,16,2,3,15,2,3,0,1,1,1,0,36,2,2,0.0,0.0,0.0,0.0,0.0,2.0,13,5,7
180813,4,2,3,10,2,3,0,1,0,1,2,19,2,3,1.0,0.0,0.0,1.0,0.0,2.0,11,7,12
17005,15,2,3,10,10,3,0,1,1,1,1,19,2,2,0.0,0.0,0.0,0.0,0.0,2.0,12,3,2
163739,16,10,3,10,8,3,6,1,1,1,2,19,2,2,0.0,0.0,0.0,0.0,0.0,2.0,22,5,11
183253,4,2,3,17,2,3,6,5,0,1,2,23,2,2,0.0,0.0,0.0,0.0,0.0,2.0,8,6,12
189053,16,2,1,7,2,3,6,1,0,1,2,36,2,2,0.0,0.0,0.0,0.0,0.0,1.0,19,3,12
150931,15,7,3,0,8,3,6,1,1,1,2,18,2,2,0.0,0.0,0.0,0.0,0.0,4.0,15,7,10
86521,16,2,1,0,6,3,6,1,0,1,2,6,2,2,0.0,0.0,0.0,0.0,0.0,2.0,21,2,6
148041,16,2,3,17,8,3,0,1,0,1,2,36,2,2,0.0,0.0,0.0,0.0,0.0,3.0,16,5,10
18549,15,10,1,17,15,3,4,5,1,1,2,28,2,2,0.0,0.0,0.0,0.0,0.0,2.0,20,2,2
181825,16,2,3,17,6,3,0,1,0,1,2,38,2,2,0.0,0.0,0.0,0.0,0.0,2.0,9,3,12
40622,15,2,3,0,10,3,0,1,1,1,2,5,2,2,0.0,0.0,0.0,0.0,0.0,2.0,17,4,3
82267,16,2,3,17,6,3,0,1,0,1,2,36,2,2,0.0,0.0,0.0,0.0,0.0,2.0,17,7,6
187186,15,2,1,13,1,3,0,1,0,1,2,18,2,2,0.0,0.0,0.0,0.0,0.0,2.0,17,7,12
153013,16,7,3,0,15,3,6,5,0,1,2,18,2,2,0.0,0.0,0.0,0.0,0.0,3.0,16,3,10
51394,15,2,3,2,18,3,0,1,1,1,1,12,1,2,0.0,0.0,0.0,0.0,0.0,1.0,11,3,4
141259,4,2,1,2,8,3,0,1,0,1,2,14,1,2,0.0,0.0,0.0,0.0,0.0,1.0,23,2,10
77077,15,2,1,17,8,3,0,1,0,1,2,26,2,3,2.0,0.0,0.0,2.0,0.0,0.0,23,2,6
148385,4,2,1,0,15,3,0,1,0,1,2,26,2,3,2.0,0.0,0.0,2.0,0.0,1.0,3,4,10
91803,16,2,3,17,6,4,0,1,1,1,1,21,2,2,0.0,0.0,0.0,0.0,0.0,3.0,16,7,7
129062,15,2,3,0,8,3,0,1,1,1,2,18,2,2,0.0,0.0,0.0,0.0,0.0,2.0,11,1,9
55397,16,2,3,17,8,3,0,5,1,1,2,36,2,2,0.0,0.0,0.0,0.0,0.0,3.0,18,7,4
91424,16,2,1,10,2,3,0,1,1,1,0,19,2,2,0.0,0.0,0.0,0.0,0.0,2.0,0,6,7
27612,16,2,1,17,6,3,6,1,1,1,2,35,2,2,0.0,0.0,0.0,0.0,0.0,2.0,21,3,2
125083,4,2,3,10,3,3,0,1,1,1,0,36,2,2,0.0,0.0,0.0,0.0,0.0,2.0,15,2,9
186812,16,11,5,0,8,3,5,5,1,1,1,6,2,2,0.0,0.0,0.0,0.0,0.0,2.0,15,3,12
152640,16,2,3,0,6,3,6,5,1,1,1,36,3,2,0.0,0.0,0.0,0.0,0.0,5.0,15,5,10
73995,16,2,3,9,2,3,0,1,0,1,0,36,2,3,1.0,0.0,0.0,1.0,0.0,1.0,15,4,6
87087,16,2,3,15,3,3,5,5,1,1,2,36,2,2,0.0,0.0,0.0,0.0,0.0,4.0,12,4,6
135281,15,2,3,15,6,3,0,1,0,1,2,18,2,3,1.0,0.0,0.0,1.0,0.0,1.0,17,5,9
143309,16,2,3,17,6,3,0,5,1,1,2,36,2,2,0.0,0.0,0.0,0.0,0.0,2.0,7,5,10
127739,4,2,1,2,8,3,0,5,0,1,2,36,1,2,0.0,0.0,0.0,0.0,0.0,1.0,23,6,9
145094,4,7,0,17,8,3,6,1,0,1,2,18,2,3,2.0,0.0,0.0,2.0,0.0,0.0,19,6,10
4580,16,7,2,17,8,2,6,1,1,1,1,22,2,2,0.0,0.0,0.0,0.0,0.0,4.0,8,6,1
134847,16,2,3,0,2,3,0,1,0,1,2,18,2,3,3.0,0.0,0.0,3.0,0.0,0.0,10,3,9
148963,16,2,3,9,2,3,0,1,1,1,0,23,2,2,0.0,0.0,0.0,0.0,0.0,2.0,15,5,10
159539,15,2,3,9,8,3,0,1,1,1,0,18,2,2,0.0,0.0,0.0,0.0,0.0,2.0,7,2,11
169664,15,2,3,0,8,3,0,1,1,1,2,18,2,2,0.0,0.0,0.0,0.0,0.0,2.0,10,1,11
98653,16,2,1,7,15,3,0,1,0,1,2,23,8,2,0.0,0.0,0.0,0.0,0.0,1.0,2,1,7
110086,16,2,3,17,8,3,5,5,1,1,2,18,2,2,0.0,0.0,0.0,0.0,0.0,2.0,10,4,8
143206,4,2,3,0,8,3,0,1,1,1,2,36,2,2,0.0,0.0,0.0,0.0,0.0,2.0,16,3,10
105047,4,2,3,17,10,3,0,1,1,0,2,36,2,2,0.0,0.0,0.0,0.0,0.0,2.0,13,4,8
119631,4,2,1,10,8,3,0,1,1,1,1,19,2,2,0.0,0.0,0.0,0.0,0.0,2.0,21,1,8
107004,16,2,1,0,18,3,0,1,1,1,2,36,2,2,0.0,0.0,0.0,0.0,0.0,3.0,2,7,8
23153,16,2,3,17,1,3,4,1,1,1,1,18,2,2,0.0,0.0,0.0,0.0,0.0,2.0,17,2,2
187923,15,2,3,17,2,3,6,1,1,1,2,36,2,2,0.0,0.0,0.0,0.0,0.0,2.0,12,5,12
50286,16,2,3,0,8,3,0,1,1,1,1,18,2,2,0.0,0.0,0.0,0.0,0.0,2.0,15,4,4
116297,16,2,1,11,1,3,0,1,1,1,2,12,2,2,0.0,0.0,0.0,0.0,0.0,3.0,3,7,8
92126,15,2,3,8,2,3,0,1,0,1,0,36,2,3,1.0,0.0,0.0,1.0,0.0,1.0,10,5,7
136486,4,2,1,15,8,3,0,1,1,1,1,12,2,2,0.0,0.0,0.0,0.0,0.0,2.0,19,3,9
182537,16,2,1,10,2,3,0,5,0,1,2,37,2,1,1.0,0.0,1.0,0.0,0.0,3.0,22,3,12
20091,16,2,1,10,6,3,0,1,1,1,2,36,2,2,0.0,0.0,0.0,0.0,0.0,2.0,23,1,2
136725,4,2,3,0,8,3,0,1,0,1,2,36,2,4,1.0,0.0,0.0,0.0,1.0,1.0,15,3,9
149123,15,2,3,17,15,3,0,1,1,1,1,24,2,2,0.0,0.0,0.0,0.0,0.0,2.0,10,1,10
63644,16,2,3,10,8,3,0,1,1,1,1,36,2,2,0.0,0.0,0.0,0.0,0.0,4.0,16,4,5
102009,16,2,3,10,6,3,0,1,1,1,2,19,2,2,0.0,0.0,0.0,0.0,0.0,2.0,15,3,7
55934,16,2,1,17,8,3,6,1,1,1,2,18,2,2,0.0,0.0,0.0,0.0,0.0,4.0,22,1,4
94015,16,2,1,0,8,3,0,1,0,1,2,6,2,2,0.0,0.0,0.0,0.0,0.0,2.0,22,5,7
112263,16,2,3,0,6,3,0,5,0,1,2,6,2,2,0.0,0.0,0.0,0.0,0.0,2.0,15,3,8
86701,17,7,3,0,8,3,5,5,1,1,1,26,2,2,0.0,0.0,0.0,0.0,0.0,2.0,10,6,6
182692,16,2,3,9,6,3,0,1,0,1,2,18,2,1,1.0,0.0,1.0,0.0,0.0,1.0,9,5,12
139894,16,2,3,0,2,3,0,1,1,1,2,6,2,2,0.0,0.0,0.0,0.0,0.0,2.0,11,4,10
76389,4,2,1,17,8,3,0,1,0,1,2,36,5,3,1.0,0.0,0.0,1.0,0.0,2.0,2,6,6
124789,16,6,1,17,6,3,0,5,1,1,2,18,2,2,0.0,0.0,0.0,0.0,0.0,4.0,1,6,9
153247,16,2,3,0,6,3,0,5,1,1,2,36,2,2,0.0,0.0,0.0,0.0,0.0,4.0,7,6,10
165040,16,3,1,2,8,2,6,1,0,1,2,36,1,3,1.0,0.0,0.0,1.0,0.0,0.0,3,4,11
125263,15,2,3,8,8,3,0,1,0,1,0,17,2,3,1.0,0.0,0.0,1.0,0.0,1.0,15,6,9
49698,10,2,3,10,8,3,0,1,1,0,1,36,2,2,0.0,0.0,0.0,0.0,0.0,2.0,12,1,4
186448,4,2,1,15,10,3,0,1,1,1,2,23,2,2,0.0,0.0,0.0,0.0,0.0,2.0,13,1,12
100219,16,2,0,17,8,3,0,1,1,1,0,23,2,2,0.0,0.0,0.0,0.0,0.0,2.0,10,2,7
69417,16,2,3,0,8,3,0,1,0,1,2,6,3,3,1.0,0.0,0.0,1.0,0.0,2.0,6,5,5
106095,15,2,3,0,6,3,5,5,0,1,2,36,2,3,2.0,0.0,0.0,2.0,0.0,1.0,17,1,8
65041,15,2,3,7,10,3,0,5,0,1,2,12,2,2,0.0,0.0,0.0,0.0,0.0,1.0,10,7,5
25338,16,7,3,17,8,3,6,5,1,1,1,22,2,2,0.0,0.0,0.0,0.0,0.0,5.0,13,7,2
186540,16,2,3,15,11,3,0,1,1,1,1,23,2,2,0.0,0.0,0.0,0.0,0.0,2.0,10,4,12
29146,16,10,3,15,2,3,4,1,1,1,2,22,2,2,0.0,0.0,0.0,0.0,0.0,2.0,8,5,3
80547,16,2,3,10,2,3,0,5,1,1,0,36,2,2,0.0,0.0,0.0,0.0,0.0,2.0,7,2,6
146045,15,7,3,0,6,3,6,1,0,1,2,5,2,2,0.0,0.0,0.0,0.0,0.0,2.0,14,6,10
2673,16,11,5,17,15,3,5,5,1,1,2,36,2,2,0.0,0.0,0.0,0.0,0.0,2.0,13,5,1
32609,16,2,3,10,2,3,0,1,1,1,2,19,2,2,0.0,0.0,0.0,0.0,0.0,2.0,14,3,3
4403,16,2,1,10,10,3,6,1,1,1,2,17,2,2,0.0,0.0,0.0,0.0,0.0,2.0,20,3,1
9897,15,2,3,10,8,3,5,5,1,1,2,14,2,2,0.0,0.0,0.0,0.0,0.0,2.0,12,5,1
138325,16,2,1,0,2,3,0,5,1,1,1,36,2,2,0.0,0.0,0.0,0.0,0.0,2.0,6,4,10
18987,16,2,1,7,3,3,0,1,0,1,2,36,2,2,0.0,0.0,0.0,0.0,0.0,2.0,19,3,2
97087,16,2,3,9,6,3,0,1,0,1,0,26,2,3,1.0,0.0,0.0,1.0,0.0,1.0,12,5,7
106534,15,2,3,0,8,4,0,1,1,1,1,18,2,2,0.0,0.0,0.0,0.0,0.0,2.0,12,6,8
70884,4,2,0,2,3,3,0,1,0,1,2,18,2,2,0.0,0.0,0.0,0.0,0.0,2.0,21,7,5
114786,16,2,3,15,2,3,0,1,1,1,0,23,3,2,0.0,0.0,0.0,0.0,0.0,4.0,17,6,8
57082,16,2,3,0,6,3,0,1,0,1,2,18,2,4,1.0,0.0,0.0,0.0,1.0,2.0,13,6,5
86439,15,2,3,0,6,3,0,1,0,1,2,36,2,2,0.0,0.0,0.0,0.0,0.0,3.0,17,1,6
23949,16,2,3,15,10,3,0,1,1,1,2,23,2,2,0.0,0.0,0.0,0.0,0.0,3.0,11,2,2
142044,4,2,3,0,2,3,0,5,1,1,1,36,2,2,0.0,0.0,0.0,0.0,0.0,2.0,11,7,10
132609,16,6,3,10,2,3,6,1,1,1,2,36,2,2,0.0,0.0,0.0,0.0,0.0,2.0,13,1,9
186934,16,7,3,7,8,3,0,1,0,1,2,36,2,2,0.0,0.0,0.0,0.0,0.0,3.0,14,6,12
93224,16,7,1,10,6,3,6,1,1,1,2,19,2,2,0.0,0.0,0.0,0.0,0.0,2.0,4,1,7
18281,16,2,3,10,3,3,0,1,1,0,2,19,2,2,0.0,0.0,0.0,0.0,0.0,4.0,11,4,2
75982,16,7,3,17,6,3,6,5,0,1,2,12,2,3,1.0,0.0,0.0,1.0,0.0,3.0,19,7,6
129082,4,2,3,17,8,3,0,1,1,1,0,24,2,2,0.0,0.0,0.0,0.0,0.0,4.0,14,2,9
140539,16,7,1,17,10,3,6,1,1,1,1,36,2,2,0.0,0.0,0.0,0.0,0.0,2.0,23,6,10
38282,15,7,3,0,9,3,6,1,0,1,2,5,2,3,1.0,0.0,0.0,1.0,0.0,1.0,7,3,3
34288,4,2,3,0,6,3,0,1,1,1,1,36,2,2,0.0,0.0,0.0,0.0,0.0,2.0,10,4,3
180832,16,7,1,10,8,3,6,5,0,1,1,19,3,2,0.0,0.0,0.0,0.0,0.0,3.0,2,1,12
168573,17,2,1,0,8,3,0,5,0,1,2,26,2,4,3.0,0.0,0.0,0.0,3.0,1.0,5,7,11
139672,16,2,3,17,2,3,0,1,1,1,2,18,2,2,0.0,0.0,0.0,0.0,0.0,2.0,7,3,10
2919,4,5,3,0,10,3,1,1,0,1,2,18,2,4,1.0,0.0,0.0,0.0,1.0,3.0,9,2,1
151502,4,2,3,10,6,3,0,1,0,1,0,36,2,1,2.0,0.0,1.0,0.0,1.0,2.0,8,5,10
110322,4,2,3,10,8,3,0,1,0,1,2,36,2,4,1.0,0.0,0.0,0.0,1.0,1.0,17,2,8
151779,16,2,1,10,5,3,0,1,1,1,2,19,3,2,0.0,0.0,0.0,0.0,0.0,7.0,18,1,10
29548,16,2,1,11,8,3,0,1,1,1,2,36,2,2,0.0,0.0,0.0,0.0,0.0,2.0,5,1,3
42716,16,7,1,3,2,3,6,1,0,1,2,18,2,3,5.0,0.0,0.0,5.0,0.0,1.0,0,2,4
64601,15,2,3,10,8,3,0,1,1,1,2,17,2,2,0.0,0.0,0.0,0.0,0.0,2.0,13,6,5
84082,16,2,3,10,8,3,0,1,1,1,2,26,3,2,0.0,0.0,0.0,0.0,0.0,3.0,17,6,6
83175,16,2,1,17,2,3,0,1,0,1,2,6,2,2,0.0,0.0,0.0,0.0,0.0,2.0,22,5,6
43283,16,2,3,8,8,3,0,6,1,1,0,36,2,2,0.0,0.0,0.0,0.0,0.0,2.0,17,4,4
22176,15,2,1,0,8,3,0,1,0,1,2,5,2,2,0.0,0.0,0.0,0.0,0.0,6.0,22,6,2
140007,15,7,2,0,8,3,6,1,1,1,2,15,2,2,0.0,0.0,0.0,0.0,0.0,2.0,8,6,10
115234,4,2,3,9,15,3,0,1,0,1,0,36,2,4,1.0,0.0,0.0,0.0,1.0,1.0,17,5,8
149969,16,7,1,10,6,3,6,1,1,1,1,17,2,2,0.0,0.0,0.0,0.0,0.0,3.0,1,5,10
96750,16,2,1,0,6,3,0,1,0,1,2,6,3,3,5.0,0.0,0.0,5.0,0.0,1.0,22,5,7
35656,16,2,1,17,8,3,0,1,0,0,2,36,2,4,1.0,0.0,0.0,0.0,1.0,1.0,21,4,3
478,16,2,1,0,8,3,0,1,0,1,2,6,2,3,1.0,0.0,0.0,1.0,0.0,3.0,18,4,1
149409,16,2,3,0,8,3,0,5,0,1,2,6,2,3,1.0,0.0,0.0,1.0,0.0,1.0,8,4,10
58112,16,2,1,17,2,3,0,1,0,1,2,18,2,2,0.0,0.0,0.0,0.0,0.0,5.0,0,1,5
78006,16,2,3,17,6,3,0,1,1,1,2,36,2,2,0.0,0.0,0.0,0.0,0.0,4.0,19,1,6
90404,16,2,3,10,2,3,0,1,1,1,2,19,2,2,0.0,0.0,0.0,0.0,0.0,2.0,16,5,7
24374,16,11,5,17,19,3,5,5,1,1,0,36,2,2,0.0,0.0,0.0,0.0,0.0,2.0,15,3,2
113967,4,2,3,17,10,3,0,1,1,1,2,36,2,2,0.0,0.0,0.0,0.0,0.0,3.0,12,7,8
87237,16,2,3,10,3,3,0,1,0,1,1,36,2,4,1.0,0.0,0.0,0.0,1.0,1.0,13,6,6
13256,16,2,3,0,6,3,0,1,1,1,2,6,2,2,0.0,0.0,0.0,0.0,0.0,2.0,9,6,1
182234,16,2,1,14,8,3,0,1,0,1,2,36,2,2,0.0,0.0,0.0,0.0,0.0,2.0,22,7,12
43347,16,2,0,0,11,3,0,5,0,1,2,18,2,3,1.0,0.0,0.0,1.0,0.0,1.0,20,6,4
76792,15,7,3,17,15,3,6,1,1,1,1,18,2,2,0.0,0.0,0.0,0.0,0.0,3.0,9,4,6
139790,17,11,5,15,8,3,5,5,1,1,2,36,2,2,0.0,0.0,0.0,0.0,0.0,2.0,15,6,10
88262,4,2,4,15,8,3,0,1,1,1,0,22,2,2,0.0,0.0,0.0,0.0,0.0,2.0,11,2,7
56587,16,7,3,15,3,3,6,1,0,1,2,36,2,4,1.0,0.0,0.0,0.0,1.0,1.0,14,5,5
95514,16,2,3,17,6,3,0,1,1,1,1,24,2,2,0.0,0.0,0.0,0.0,0.0,2.0,12,2,7
26089,16,10,1,17,6,3,4,1,1,1,2,24,2,2,0.0,0.0,0.0,0.0,0.0,2.0,22,6,2
114314,16,11,3,17,6,3,5,5,1,1,1,36,2,2,0.0,0.0,0.0,0.0,0.0,2.0,5,6,8
179890,16,7,1,15,2,3,6,1,1,1,2,36,2,2,0.0,0.0,0.0,0.0,0.0,2.0,18,4,12
94308,16,2,1,0,19,3,0,1,0,1,2,6,2,3,2.0,0.0,0.0,2.0,0.0,0.0,21,3,7
36145,15,2,3,0,8,3,0,1,0,1,2,18,2,2,0.0,0.0,0.0,0.0,0.0,2.0,17,6,3
93102,15,2,4,10,8,3,0,5,1,1,0,2,2,2,0.0,0.0,0.0,0.0,0.0,2.0,19,5,7
1977,16,2,3,10,11,3,0,1,1,1,1,19,2,2,0.0,0.0,0.0,0.0,0.0,2.0,10,5,1
44086,15,7,3,0,6,3,6,1,1,1,1,36,2,2,0.0,0.0,0.0,0.0,0.0,2.0,12,5,4
58398,4,2,3,0,15,3,0,1,1,0,2,36,2,2,0.0,0.0,0.0,0.0,0.0,2.0,14,1,5
1466,15,3,3,17,8,3,0,1,0,1,2,18,2,2,0.0,0.0,0.0,0.0,0.0,2.0,13,2,1
83087,15,2,3,0,6,3,0,1,0,1,2,5,2,2,0.0,0.0,0.0,0.0,0.0,3.0,18,6,6
137056,16,2,3,15,8,3,6,5,1,1,2,36,2,2,0.0,0.0,0.0,0.0,0.0,3.0,9,6,9
142711,15,2,3,0,2,3,0,1,1,1,2,18,2,2,0.0,0.0,0.0,0.0,0.0,5.0,9,4,10
95338,15,11,3,17,18,3,0,1,1,1,2,36,2,2,0.0,0.0,0.0,0.0,0.0,3.0,18,6,7
168021,16,2,1,10,8,4,0,1,1,1,2,17,2,2,0.0,0.0,0.0,0.0,0.0,2.0,17,4,11
77421,4,2,3,17,6,3,0,1,1,1,2,36,2,2,0.0,0.0,0.0,0.0,0.0,4.0,17,7,6
131215,16,2,1,13,6,3,0,1,0,1,1,18,2,2,0.0,0.0,0.0,0.0,0.0,2.0,22,5,9
5449,16,7,1,10,8,3,1,1,1,1,2,39,2,2,0.0,0.0,0.0,0.0,0.0,2.0,4,5,1
146059,4,7,1,17,8,3,6,1,1,1,2,36,2,2,0.0,0.0,0.0,0.0,0.0,3.0,16,6,10
55557,16,2,3,17,8,3,0,1,0,1,2,17,2,2,0.0,0.0,0.0,0.0,0.0,3.0,14,2,4
54218,6,7,1,0,3,3,6,3,0,1,2,18,2,2,0.0,0.0,0.0,0.0,0.0,6.0,21,2,4
54116,16,10,3,15,8,3,4,1,1,0,2,19,2,2,0.0,0.0,0.0,0.0,0.0,3.0,15,7,4
18531,15,10,3,10,10,3,1,5,1,1,2,39,2,2,0.0,0.0,0.0,0.0,0.0,2.0,16,2,2
114268,2,2,1,2,8,3,0,1,0,0,2,36,1,3,1.0,0.0,0.0,1.0,0.0,0.0,22,5,8
64325,15,2,3,0,2,3,0,1,1,1,2,36,2,2,0.0,0.0,0.0,0.0,0.0,2.0,17,2,5
149665,16,2,3,17,9,3,0,1,0,1,2,6,2,3,1.0,0.0,0.0,1.0,0.0,4.0,17,2,10
32241,17,2,1,0,18,3,0,5,1,1,2,36,2,2,0.0,0.0,0.0,0.0,0.0,2.0,18,4,3
93065,4,2,3,17,15,3,0,1,1,1,2,18,2,2,0.0,0.0,0.0,0.0,0.0,4.0,13,5,7
110552,17,2,3,10,8,3,0,5,1,1,2,36,2,2,0.0,0.0,0.0,0.0,0.0,2.0,14,5,8
186183,16,2,3,15,10,3,0,1,1,1,2,22,2,2,0.0,0.0,0.0,0.0,0.0,2.0,16,5,12
125119,16,2,3,10,2,3,0,1,1,1,1,19,2,2,0.0,0.0,0.0,0.0,0.0,2.0,8,2,9
12694,16,2,3,10,8,3,4,1,1,1,2,19,2,2,0.0,0.0,0.0,0.0,0.0,3.0,8,4,1
14032,16,2,4,10,6,3,4,1,0,1,2,8,2,2,0.0,0.0,0.0,0.0,0.0,6.0,16,7,1
15909,16,2,3,10,2,3,0,1,1,1,1,23,2,2,0.0,0.0,0.0,0.0,0.0,2.0,13,6,2
48649,15,2,3,0,8,3,0,1,1,1,1,36,2,2,0.0,0.0,0.0,0.0,0.0,2.0,13,2,4
151193,16,2,1,0,6,3,0,1,1,1,2,3,2,2,0.0,0.0,0.0,0.0,0.0,2.0,19,7,10
51716,17,2,3,14,11,3,0,1,1,1,2,26,2,2,0.0,0.0,0.0,0.0,0.0,3.0,9,1,4
107962,16,2,2,17,2,3,0,1,0,0,2,24,3,3,1.0,0.0,0.0,1.0,0.0,1.0,21,7,8
166087,15,7,3,17,2,3,6,1,0,1,2,5,4,2,0.0,0.0,0.0,0.0,0.0,6.0,16,3,11
131652,18,2,3,10,6,3,0,5,1,1,2,19,2,2,0.0,0.0,0.0,0.0,0.0,2.0,9,3,9
38283,16,3,3,17,19,3,6,2,1,1,2,19,2,2,0.0,0.0,0.0,0.0,0.0,3.0,8,3,3
60493,15,7,3,0,6,3,6,1,0,1,2,18,2,2,0.0,0.0,0.0,0.0,0.0,2.0,9,5,5
94878,15,2,3,0,2,3,0,1,0,1,2,18,2,2,0.0,0.0,0.0,0.0,0.0,3.0,13,6,7
97804,15,2,3,9,8,3,0,1,0,1,2,18,2,4,1.0,0.0,0.0,0.0,1.0,1.0,19,7,7
175660,15,2,1,17,10,3,0,1,1,1,2,18,2,2,0.0,0.0,0.0,0.0,0.0,2.0,23,7,12
52233,16,2,3,10,2,3,0,1,1,1,2,19,2,2,0.0,0.0,0.0,0.0,0.0,2.0,11,3,4
185125,16,2,3,17,6,3,0,1,1,1,2,24,2,2,0.0,0.0,0.0,0.0,0.0,4.0,10,7,12
54850,15,2,3,0,6,3,0,1,1,1,2,5,2,2,0.0,0.0,0.0,0.0,0.0,3.0,16,5,4
133300,15,2,1,0,18,3,0,1,0,1,1,5,2,2,0.0,0.0,0.0,0.0,0.0,3.0,23,4,9
58495,16,2,1,17,8,3,0,1,1,1,0,24,2,2,0.0,0.0,0.0,0.0,0.0,2.0,20,7,5
16448,16,6,3,17,3,3,6,1,1,1,2,24,2,2,0.0,0.0,0.0,0.0,0.0,2.0,7,1,2
101308,15,2,3,9,8,3,0,1,0,1,0,5,2,4,1.0,0.0,0.0,0.0,1.0,1.0,13,6,7
54635,16,2,3,10,11,3,0,1,1,1,1,19,2,2,0.0,0.0,0.0,0.0,0.0,2.0,10,7,4
151865,15,7,3,10,15,3,6,1,0,1,2,36,2,3,1.0,0.0,0.0,1.0,0.0,2.0,10,2,10
140040,15,7,3,0,11,3,6,5,1,1,2,16,2,2,0.0,0.0,0.0,0.0,0.0,2.0,11,6,10
104971,16,2,3,17,6,3,0,1,1,1,2,23,2,2,0.0,0.0,0.0,0.0,0.0,2.0,12,4,8
51127,15,2,1,0,6,3,0,5,1,1,2,18,2,2,0.0,0.0,0.0,0.0,0.0,2.0,20,5,4
133812,16,2,3,10,10,3,0,1,1,1,2,22,2,2,0.0,0.0,0.0,0.0,0.0,2.0,18,5,9
95048,16,2,1,10,2,3,0,1,1,1,1,19,2,2,0.0,0.0,0.0,0.0,0.0,3.0,0,7,7
88521,16,2,3,15,2,3,0,1,1,1,2,36,2,2,0.0,0.0,0.0,0.0,0.0,2.0,14,6,7
27775,4,2,1,4,8,3,0,1,1,1,2,33,1,2,0.0,0.0,0.0,0.0,0.0,1.0,21,5,2
11829,4,3,4,15,2,3,6,1,1,1,2,19,2,2,0.0,0.0,0.0,0.0,0.0,3.0,14,4,1
137880,4,2,3,17,2,3,0,1,0,1,2,18,2,2,0.0,0.0,0.0,0.0,0.0,2.0,16,6,10
152727,15,2,3,8,8,3,0,1,0,1,2,18,2,3,1.0,0.0,0.0,1.0,0.0,1.0,17,7,10
122627,16,2,3,10,6,3,0,1,1,1,1,36,2,2,0.0,0.0,0.0,0.0,0.0,5.0,17,2,9
96669,4,2,1,17,2,3,0,1,1,1,1,18,2,2,0.0,0.0,0.0,0.0,0.0,2.0,20,4,7
7802,16,2,3,15,3,3,6,1,1,1,1,22,2,2,0.0,0.0,0.0,0.0,0.0,3.0,13,7,1
5835,16,2,3,17,6,3,0,1,1,1,2,18,2,2,0.0,0.0,0.0,0.0,0.0,5.0,7,5,1
30214,15,2,3,0,6,3,0,1,0,1,2,36,2,2,0.0,0.0,0.0,0.0,0.0,2.0,14,5,3
181151,16,2,1,17,9,3,0,1,1,1,2,24,2,2,0.0,0.0,0.0,0.0,0.0,6.0,1,7,12
177204,16,2,1,17,8,3,0,1,1,1,2,36,2,2,0.0,0.0,0.0,0.0,0.0,3.0,0,1,12
133863,4,2,3,17,8,3,0,1,0,1,2,26,2,3,3.0,0.0,0.0,3.0,0.0,0.0,14,6,9
124664,16,2,1,17,6,3,0,1,1,1,2,24,2,2,0.0,0.0,0.0,0.0,0.0,2.0,5,4,9
65836,16,2,3,15,2,3,0,1,1,1,1,23,2,2,0.0,0.0,0.0,0.0,0.0,2.0,9,5,5
115851,16,2,1,0,6,3,0,1,0,1,2,6,4,2,0.0,0.0,0.0,0.0,0.0,8.0,0,1,8
180370,16,2,3,17,8,3,0,1,1,1,2,18,2,2,0.0,0.0,0.0,0.0,0.0,2.0,14,3,12
86526,16,2,3,17,6,3,0,1,0,1,2,24,2,2,0.0,0.0,0.0,0.0,0.0,2.0,10,2,6
117870,16,2,3,9,8,3,0,1,0,1,0,18,2,3,1.0,0.0,0.0,1.0,0.0,1.0,18,3,8