crash_date,               traffic_control_device,weather_condition,lighting_condition,first_crash_type,trafficway_type,alignment,roadway_surface_cond,road_defect,crash_type,intersection_related_i,damage,prim_contributory_cause,num_units,most_severe_injury,injuries_total,injuries_fatal,injuries_incapacitating,injuries_non_incapacitating,injuries_reported_not_evident,injuries_no_indication,crash_hour,crash_day_of_week,crash_month
131178,16,2,1,17,6,3,0,1,1,1,2,36,2,2,0.0,0.0,0.0,0.0,0.0,2.0,19,5,9
3040,16,2,1,10,3,4,6,1,1,1,1,17,2,2,0.0,0.0,0.0,0.0,0.0,3.0,18,2,1
143519,16,2,3,17,8,3,0,1,0,1,2,24,3,1,1.0,0.0,1.0,0.0,0.0,2.0,11,5,10
64133,15,2,3,0,11,3,0,1,0,1,2,8,2,2,0.0,0.0,0.0,0.0,0.0,9.0,15,5,5
25794,16,7,1,2,8,3,6,1,0,1,2,28,1,2,0.0,0.0,0.0,0.0,0.0,1.0,19,7,2
188981,16,10,1,17,15,3,6,5,1,1,1,36,2,2,0.0,0.0,0.0,0.0,0.0,2.0,17,1,12
173359,16,10,3,15,10,3,6,1,1,1,2,18,2,2,0.0,0.0,0.0,0.0,0.0,3.0,9,2,12
8459,16,2,0,10,6,3,0,1,1,1,2,36,3,2,0.0,0.0,0.0,0.0,0.0,2.0,20,3,1
176153,16,2,3,10,3,3,0,1,0,1,2,17,2,2,0.0,0.0,0.0,0.0,0.0,4.0,7,1,12
75283,4,2,1,8,6,3,0,1,0,1,2,18,2,1,2.0,0.0,1.0,1.0,0.0,4.0,23,2,6
6367,16,2,3,17,3,3,0,1,1,1,2,36,2,2,0.0,0.0,0.0,0.0,0.0,2.0,11,6,1
91526,15,2,3,0,8,3,0,1,0,1,2,18,2,3,3.0,0.0,0.0,3.0,0.0,1.0,13,2,7
158670,16,2,1,15,10,3,0,1,1,1,1,23,2,2,0.0,0.0,0.0,0.0,0.0,2.0,20,2,11
17069,16,11,1,0,6,3,4,5,1,1,2,26,2,2,0.0,0.0,0.0,0.0,0.0,2.0,22,4,2
77864,15,2,1,17,2,3,0,1,0,1,2,24,2,2,0.0,0.0,0.0,0.0,0.0,2.0,22,6,6
118029,16,2,1,0,6,3,0,1,0,1,2,36,2,4,1.0,0.0,0.0,0.0,1.0,1.0,23,6,8
87975,16,2,3,2,6,2,0,1,1,0,2,22,1,2,0.0,0.0,0.0,0.0,0.0,1.0,11,2,7
88483,16,2,3,17,10,3,0,1,0,1,2,24,2,4,1.0,0.0,0.0,0.0,1.0,4.0,18,5,7
27104,16,2,2,10,6,3,5,5,1,1,2,19,2,2,0.0,0.0,0.0,0.0,0.0,5.0,9,1,2
35711,15,2,3,11,10,3,0,1,1,1,2,19,2,2,0.0,0.0,0.0,0.0,0.0,2.0,8,5,3
10215,16,2,3,0,8,3,1,3,0,1,2,36,2,2,0.0,0.0,0.0,0.0,0.0,2.0,7,3,1
130538,16,2,0,17,6,3,0,1,1,1,2,24,2,2,0.0,0.0,0.0,0.0,0.0,2.0,19,2,9
130265,15,2,3,0,6,3,0,1,1,1,2,36,2,2,0.0,0.0,0.0,0.0,0.0,4.0,7,4,9
97182,7,2,3,2,8,3,0,1,0,1,2,36,2,3,1.0,0.0,0.0,1.0,0.0,0.0,8,5,7
91756,4,2,3,17,8,3,0,1,1,0,2,24,2,2,0.0,0.0,0.0,0.0,0.0,3.0,9,6,7
42014,16,2,3,17,6,3,0,5,1,1,1,22,2,2,0.0,0.0,0.0,0.0,0.0,2.0,6,4,3
66591,16,2,3,0,8,3,0,1,1,1,2,36,2,2,0.0,0.0,0.0,0.0,0.0,4.0,6,3,5
45601,16,7,3,17,6,3,6,6,0,1,2,12,2,3,2.0,0.0,0.0,1.0,1.0,0.0,12,5,4
116103,15,2,1,17,15,3,0,1,0,1,2,22,2,4,4.0,0.0,0.0,0.0,4.0,2.0,20,6,8
187538,16,2,0,9,8,3,0,1,0,1,0,18,2,1,1.0,0.0,1.0,0.0,0.0,1.0,17,5,12
15356,15,2,3,0,6,3,0,1,0,1,1,18,2,3,1.0,0.0,0.0,1.0,0.0,1.0,15,3,2
35693,4,11,3,17,6,3,5,5,1,1,2,18,2,2,0.0,0.0,0.0,0.0,0.0,3.0,18,5,3
184678,15,2,3,0,8,3,0,1,0,1,2,36,2,2,0.0,0.0,0.0,0.0,0.0,2.0,10,1,12
152705,16,2,1,17,6,3,0,1,1,1,2,24,2,2,0.0,0.0,0.0,0.0,0.0,2.0,1,7,10
31473,15,2,3,0,8,3,0,1,0,1,2,5,3,2,0.0,0.0,0.0,0.0,0.0,2.0,6,5,3
77064,16,2,1,10,2,3,0,1,1,1,1,19,2,2,0.0,0.0,0.0,0.0,0.0,2.0,20,2,6
136049,16,2,1,10,2,3,0,1,1,1,1,19,2,2,0.0,0.0,0.0,0.0,0.0,3.0,22,6,9
32484,16,2,1,10,8,3,0,1,1,1,0,17,2,2,0.0,0.0,0.0,0.0,0.0,2.0,2,7,3
11779,16,2,1,17,2,3,5,6,0,0,2,24,2,2,0.0,0.0,0.0,0.0,0.0,2.0,3,3,1
94515,16,2,3,15,10,3,0,3,1,1,2,12,2,2,0.0,0.0,0.0,0.0,0.0,4.0,17,5,7
20046,15,2,3,0,6,3,0,2,1,0,2,5,2,2,0.0,0.0,0.0,0.0,0.0,4.0,12,7,2
46519,15,3,3,9,8,3,0,1,0,1,2,27,2,3,1.0,0.0,0.0,1.0,0.0,1.0,11,7,4
100416,4,2,3,0,8,3,0,1,0,1,2,5,2,2,0.0,0.0,0.0,0.0,0.0,3.0,14,7,7
150017,16,2,1,0,6,3,0,1,0,1,2,6,2,2,0.0,0.0,0.0,0.0,0.0,5.0,20,5,10
71546,15,2,3,0,15,3,0,1,1,1,2,18,3,2,0.0,0.0,0.0,0.0,0.0,2.0,15,3,5
547,4,6,3,17,2,3,2,1,1,1,2,18,2,2,0.0,0.0,0.0,0.0,0.0,5.0,14,3,1
88261,4,2,3,0,6,3,0,1,0,1,2,36,2,2,0.0,0.0,0.0,0.0,0.0,3.0,10,2,7
39162,15,7,3,8,15,3,6,1,0,1,0,18,2,4,1.0,0.0,0.0,0.0,1.0,1.0,9,5,3
2752,16,2,3,15,8,3,0,1,1,1,1,18,2,2,0.0,0.0,0.0,0.0,0.0,5.0,15,6,1
68606,17,11,1,15,10,3,5,5,1,1,2,36,2,2,0.0,0.0,0.0,0.0,0.0,2.0,23,7,5
110179,16,2,3,10,8,3,0,1,1,1,2,19,2,2,0.0,0.0,0.0,0.0,0.0,2.0,15,6,8
85798,16,2,3,17,11,3,0,1,0,1,2,6,3,2,0.0,0.0,0.0,0.0,0.0,3.0,16,4,6
65436,16,2,3,10,6,3,0,5,1,1,1,19,2,2,0.0,0.0,0.0,0.0,0.0,2.0,23,5,5
137416,17,2,3,0,2,3,5,5,0,1,2,18,2,3,1.0,0.0,0.0,1.0,0.0,1.0,8,6,9
87260,16,2,3,17,8,3,0,1,1,1,2,18,2,2,0.0,0.0,0.0,0.0,0.0,2.0,17,6,6
137499,4,2,3,17,2,3,5,5,1,1,2,36,2,2,0.0,0.0,0.0,0.0,0.0,2.0,9,7,9
152312,15,2,3,17,2,3,0,1,1,1,2,18,2,2,0.0,0.0,0.0,0.0,0.0,2.0,8,6,10
85712,16,2,1,17,6,3,5,5,0,1,2,18,2,3,2.0,0.0,0.0,1.0,1.0,1.0,21,4,6
170965,16,2,3,10,6,4,0,1,1,1,2,19,2,2,0.0,0.0,0.0,0.0,0.0,2.0,7,2,11
97542,4,2,3,17,3,3,0,5,1,1,2,24,2,2,0.0,0.0,0.0,0.0,0.0,2.0,19,4,7
68344,16,2,3,10,6,3,0,1,1,1,2,36,2,2,0.0,0.0,0.0,0.0,0.0,2.0,13,3,5
131502,16,2,3,17,2,3,0,1,0,1,2,18,2,3,1.0,0.0,0.0,1.0,0.0,4.0,16,1,9
36804,15,2,3,0,2,3,0,1,0,1,2,18,3,3,2.0,0.0,0.0,1.0,1.0,2.0,16,3,3
13830,15,2,3,10,10,3,0,1,1,1,1,36,2,2,0.0,0.0,0.0,0.0,0.0,2.0,11,2,1
181643,16,2,3,10,8,3,0,1,1,1,1,19,2,2,0.0,0.0,0.0,0.0,0.0,3.0,12,6,12
37101,16,2,3,17,6,3,0,1,1,1,0,18,2,2,0.0,0.0,0.0,0.0,0.0,3.0,18,3,3
136954,16,2,1,17,6,3,0,1,1,1,1,36,2,2,0.0,0.0,0.0,0.0,0.0,2.0,20,6,9
117011,17,11,5,10,6,3,5,5,1,1,2,36,2,2,0.0,0.0,0.0,0.0,0.0,2.0,16,5,8
65764,16,2,3,8,2,3,0,1,0,1,2,17,2,1,1.0,0.0,1.0,0.0,0.0,1.0,7,4,5
165775,16,2,3,17,8,3,0,1,1,1,2,24,2,2,0.0,0.0,0.0,0.0,0.0,4.0,15,7,11
38954,16,2,1,17,10,3,0,1,0,1,2,22,2,2,0.0,0.0,0.0,0.0,0.0,4.0,20,7,3
106132,15,2,3,17,8,3,0,1,1,1,1,5,2,2,0.0,0.0,0.0,0.0,0.0,3.0,12,1,8
125144,4,2,2,15,8,3,0,1,1,1,0,36,2,2,0.0,0.0,0.0,0.0,0.0,2.0,13,4,9
38174,15,2,3,0,8,3,0,1,1,1,2,18,2,2,0.0,0.0,0.0,0.0,0.0,2.0,13,1,3
112389,16,2,3,17,8,3,0,1,1,1,2,18,2,2,0.0,0.0,0.0,0.0,0.0,2.0,15,6,8
89974,16,2,3,15,19,3,0,1,1,1,1,22,2,2,0.0,0.0,0.0,0.0,0.0,3.0,16,6,7
164344,16,3,3,0,11,3,0,1,0,1,2,6,2,4,2.0,0.0,0.0,0.0,2.0,0.0,11,6,11
47403,16,2,1,17,8,3,0,1,1,1,2,36,2,2,0.0,0.0,0.0,0.0,0.0,2.0,19,3,4
15472,15,2,1,10,6,3,5,5,1,0,2,36,2,2,0.0,0.0,0.0,0.0,0.0,2.0,20,4,2
165678,4,2,3,17,2,3,0,1,0,1,2,38,4,4,1.0,0.0,0.0,0.0,1.0,1.0,11,5,11
21166,16,2,3,0,2,3,6,1,0,1,2,18,2,3,3.0,0.0,0.0,3.0,0.0,1.0,10,4,2
104457,16,2,3,17,6,3,0,1,0,1,2,12,3,3,4.0,0.0,0.0,4.0,0.0,2.0,16,5,8
116546,15,2,3,0,8,3,5,5,1,1,1,36,2,2,0.0,0.0,0.0,0.0,0.0,7.0,15,5,8
186536,16,2,3,10,11,3,0,1,1,1,1,22,2,2,0.0,0.0,0.0,0.0,0.0,2.0,10,4,12
70139,16,2,3,17,8,3,0,1,1,1,1,24,2,2,0.0,0.0,0.0,0.0,0.0,3.0,9,3,5
49497,15,2,1,17,2,3,0,1,1,1,2,36,2,2,0.0,0.0,0.0,0.0,0.0,2.0,22,3,4
155922,17,7,4,10,8,3,6,5,1,0,2,36,2,2,0.0,0.0,0.0,0.0,0.0,2.0,22,6,11
19989,16,11,1,15,8,3,5,5,0,1,2,36,2,2,0.0,0.0,0.0,0.0,0.0,2.0,1,7,2
98124,16,2,0,0,8,3,0,1,0,1,2,8,2,3,2.0,0.0,0.0,2.0,0.0,2.0,20,7,7
13874,11,10,3,10,2,3,4,1,1,0,2,10,2,2,0.0,0.0,0.0,0.0,0.0,3.0,7,3,1
75419,4,2,3,0,6,3,0,1,1,1,2,5,2,2,0.0,0.0,0.0,0.0,0.0,2.0,13,6,6
42338,16,2,3,17,10,3,0,1,1,1,1,24,2,2,0.0,0.0,0.0,0.0,0.0,2.0,9,1,4
53277,16,2,3,10,8,3,0,1,1,1,1,19,2,2,0.0,0.0,0.0,0.0,0.0,2.0,9,2,4
105963,4,2,3,10,2,3,0,1,1,1,1,17,2,2,0.0,0.0,0.0,0.0,0.0,2.0,17,5,8
99641,4,2,1,0,8,3,0,1,1,1,2,36,2,2,0.0,0.0,0.0,0.0,0.0,2.0,22,1,7
95867,16,3,3,0,6,3,0,1,1,1,2,6,2,2,0.0,0.0,0.0,0.0,0.0,2.0,9,7,7
141402,16,7,1,14,15,3,6,1,1,1,2,36,2,2,0.0,0.0,0.0,0.0,0.0,2.0,23,5,10
141077,16,7,1,0,8,3,2,1,0,1,2,36,3,3,2.0,0.0,0.0,1.0,1.0,4.0,5,7,10
117668,16,2,3,17,6,3,0,5,0,1,2,18,2,1,1.0,0.0,1.0,0.0,0.0,1.0,17,2,8
156703,15,2,3,15,8,3,0,1,1,1,2,36,2,2,0.0,0.0,0.0,0.0,0.0,2.0,17,4,11
187421,15,7,1,15,8,3,6,1,1,1,2,36,2,2,0.0,0.0,0.0,0.0,0.0,2.0,18,5,12
132682,15,2,3,9,15,3,0,1,0,1,2,5,2,3,1.0,0.0,0.0,1.0,0.0,3.0,14,3,9
169888,16,3,3,17,6,3,0,1,1,1,2,26,2,2,0.0,0.0,0.0,0.0,0.0,2.0,13,6,11
97710,4,3,3,17,8,3,0,1,1,1,1,24,2,2,0.0,0.0,0.0,0.0,0.0,2.0,15,6,7
32671,15,2,3,17,8,3,0,1,1,1,2,23,2,2,0.0,0.0,0.0,0.0,0.0,2.0,13,4,3
143362,4,2,2,10,8,3,0,1,1,1,2,36,2,2,0.0,0.0,0.0,0.0,0.0,2.0,18,3,10
86665,16,7,3,17,8,3,6,1,1,0,1,36,2,2,0.0,0.0,0.0,0.0,0.0,3.0,17,6,6
37153,16,2,3,17,8,3,0,1,1,1,2,18,2,2,0.0,0.0,0.0,0.0,0.0,3.0,14,2,3
64200,15,2,3,0,6,3,0,1,1,1,2,36,2,2,0.0,0.0,0.0,0.0,0.0,2.0,16,6,5
4655,16,2,1,10,8,3,0,1,1,1,2,36,2,2,0.0,0.0,0.0,0.0,0.0,3.0,21,1,1
60854,16,2,3,17,2,3,0,1,1,1,1,18,2,2,0.0,0.0,0.0,0.0,0.0,3.0,16,3,5
69445,16,7,1,2,6,3,6,1,1,1,0,39,1,2,0.0,0.0,0.0,0.0,0.0,1.0,23,5,5
169218,4,7,4,10,8,3,6,1,1,1,2,14,2,2,0.0,0.0,0.0,0.0,0.0,2.0,15,1,11
102097,15,2,3,0,6,3,0,1,1,1,2,36,2,2,0.0,0.0,0.0,0.0,0.0,3.0,17,4,7
97674,15,7,3,0,8,3,6,1,1,1,2,18,2,2,0.0,0.0,0.0,0.0,0.0,2.0,9,5,7
188212,16,2,3,0,3,3,0,1,0,1,2,6,2,2,0.0,0.0,0.0,0.0,0.0,3.0,10,1,12
146906,16,2,1,10,8,3,0,1,0,1,0,19,2,4,1.0,0.0,0.0,0.0,1.0,1.0,18,2,10
80560,4,2,3,17,2,3,0,1,0,1,2,12,2,3,1.0,0.0,0.0,1.0,0.0,1.0,9,2,6
158502,4,2,1,0,10,3,0,1,0,1,2,18,2,2,0.0,0.0,0.0,0.0,0.0,2.0,22,1,11
173649,16,2,1,0,8,3,0,1,1,1,1,6,2,2,0.0,0.0,0.0,0.0,0.0,2.0,23,1,12
24748,4,2,3,15,2,3,0,1,1,0,1,36,2,2,0.0,0.0,0.0,0.0,0.0,2.0,11,3,2
176719,16,3,3,9,2,3,0,1,0,1,0,18,2,3,1.0,0.0,0.0,1.0,0.0,1.0,9,2,12
53094,16,2,3,17,2,3,0,1,0,1,1,6,3,2,0.0,0.0,0.0,0.0,0.0,3.0,15,5,4
149548,16,2,4,9,6,3,0,1,0,1,2,36,2,1,1.0,0.0,1.0,0.0,0.0,1.0,20,6,10
65719,15,2,3,17,15,3,0,1,1,1,1,36,2,2,0.0,0.0,0.0,0.0,0.0,2.0,7,2,5
110238,16,2,3,15,2,3,0,1,1,1,2,18,2,2,0.0,0.0,0.0,0.0,0.0,3.0,14,7,8
86229,16,2,1,0,2,3,0,1,1,1,2,18,2,2,0.0,0.0,0.0,0.0,0.0,2.0,20,3,6
54091,16,2,3,10,8,3,0,1,1,1,0,36,2,2,0.0,0.0,0.0,0.0,0.0,2.0,12,6,4
170640,16,7,1,0,8,3,6,1,1,1,1,39,2,2,0.0,0.0,0.0,0.0,0.0,4.0,6,2,11
31203,16,2,3,17,6,3,0,1,0,1,2,36,2,1,3.0,0.0,2.0,0.0,1.0,0.0,12,7,3
31256,15,2,1,8,6,3,0,1,1,1,1,18,2,2,0.0,0.0,0.0,0.0,0.0,3.0,18,2,3
64858,16,2,3,10,8,3,0,1,1,1,2,36,2,2,0.0,0.0,0.0,0.0,0.0,2.0,13,4,5
34491,15,3,3,0,10,3,6,1,1,1,2,18,2,2,0.0,0.0,0.0,0.0,0.0,3.0,10,5,3
112793,16,2,1,0,8,3,0,1,0,1,1,6,2,3,2.0,0.0,0.0,2.0,0.0,3.0,0,3,8
48037,18,2,3,17,3,3,0,1,1,1,2,18,2,2,0.0,0.0,0.0,0.0,0.0,4.0,14,5,4
159447,16,11,1,15,6,3,5,3,0,1,2,19,2,3,1.0,0.0,0.0,1.0,0.0,1.0,1,1,11
177711,16,2,3,15,8,3,0,1,1,1,2,23,2,2,0.0,0.0,0.0,0.0,0.0,2.0,13,2,12
165820,16,2,3,10,2,3,0,1,1,1,2,18,2,2,0.0,0.0,0.0,0.0,0.0,2.0,12,7,11
37090,16,2,3,0,6,3,0,1,0,1,2,18,2,2,0.0,0.0,0.0,0.0,0.0,3.0,13,3,3
124684,16,2,3,0,2,3,0,1,0,1,2,6,3,3,2.0,0.0,0.0,2.0,0.0,1.0,7,4,9
94400,16,2,3,8,15,3,0,1,0,1,2,36,2,3,1.0,0.0,0.0,1.0,0.0,1.0,16,5,7
171476,15,2,3,0,2,3,0,1,1,1,2,36,2,2,0.0,0.0,0.0,0.0,0.0,2.0,14,4,11
107598,16,2,3,10,8,3,5,5,1,1,2,10,3,2,0.0,0.0,0.0,0.0,0.0,3.0,14,2,8
61182,4,7,3,0,8,3,6,1,1,1,2,21,2,2,0.0,0.0,0.0,0.0,0.0,2.0,16,7,5
92709,4,7,1,0,15,3,6,1,0,1,2,28,3,3,1.0,0.0,0.0,1.0,0.0,2.0,19,7,7
161176,15,11,5,0,8,3,5,5,0,1,1,36,2,2,0.0,0.0,0.0,0.0,0.0,3.0,18,5,11
184574,16,7,3,9,10,3,6,1,0,1,0,26,2,1,1.0,0.0,1.0,0.0,0.0,1.0,14,6,12
163383,4,2,2,7,8,3,0,1,0,0,2,13,3,2,0.0,0.0,0.0,0.0,0.0,1.0,6,2,11
23231,16,2,3,15,10,3,0,1,1,1,2,36,2,2,0.0,0.0,0.0,0.0,0.0,2.0,10,3,2
139049,16,7,1,0,16,3,6,1,0,1,2,26,2,2,0.0,0.0,0.0,0.0,0.0,4.0,21,7,10
134753,10,2,0,10,3,3,0,1,1,1,2,17,2,2,0.0,0.0,0.0,0.0,0.0,2.0,21,4,9
72231,15,7,3,17,2,3,6,1,1,1,2,36,2,2,0.0,0.0,0.0,0.0,0.0,2.0,15,7,6
22429,15,2,3,15,2,3,0,1,1,1,2,36,2,2,0.0,0.0,0.0,0.0,0.0,3.0,8,5,2
34095,16,2,3,10,8,3,0,1,1,1,1,17,3,2,0.0,0.0,0.0,0.0,0.0,3.0,10,7,3
25712,16,10,3,15,8,3,4,3,1,1,0,22,2,2,0.0,0.0,0.0,0.0,0.0,2.0,15,4,2
46746,15,2,4,0,2,3,0,1,1,1,2,18,2,2,0.0,0.0,0.0,0.0,0.0,3.0,18,4,4
73757,16,2,3,10,8,3,0,5,1,1,2,36,2,2,0.0,0.0,0.0,0.0,0.0,4.0,18,1,6
152220,15,2,3,10,10,3,0,1,0,0,1,19,3,3,4.0,0.0,0.0,4.0,0.0,1.0,15,5,10
7077,16,10,3,0,8,3,4,5,1,1,2,6,2,2,0.0,0.0,0.0,0.0,0.0,3.0,15,2,1
38209,13,2,3,10,17,3,0,1,1,1,2,36,2,2,0.0,0.0,0.0,0.0,0.0,2.0,13,2,3
94799,15,2,3,17,15,3,0,1,0,1,2,18,2,3,1.0,0.0,0.0,1.0,0.0,1.0,9,4,7
77058,16,2,4,17,15,3,0,1,1,1,2,24,2,2,0.0,0.0,0.0,0.0,0.0,2.0,18,2,6
120360,16,2,3,10,8,3,0,1,1,1,2,18,2,2,0.0,0.0,0.0,0.0,0.0,2.0,16,5,8
88038,4,2,3,0,8,3,0,1,1,1,0,26,2,2,0.0,0.0,0.0,0.0,0.0,2.0,13,5,7
73605,16,11,3,15,15,3,5,5,1,1,2,36,2,2,0.0,0.0,0.0,0.0,0.0,2.0,18,6,6
90699,4,2,3,17,8,4,0,1,0,1,2,38,2,4,1.0,0.0,0.0,0.0,1.0,1.0,14,4,7
51129,16,2,1,17,1,3,6,1,0,1,2,6,2,2,0.0,0.0,0.0,0.0,0.0,2.0,20,5,4
28124,15,2,3,8,10,3,0,1,0,1,2,18,2,3,1.0,0.0,0.0,1.0,0.0,1.0,17,7,2
118277,15,2,3,17,8,3,0,1,1,1,2,18,2,2,0.0,0.0,0.0,0.0,0.0,3.0,14,2,8
155136,16,2,3,7,3,3,0,1,1,1,1,21,2,2,0.0,0.0,0.0,0.0,0.0,1.0,15,3,10
189004,16,2,1,0,6,3,0,5,0,1,2,36,2,2,0.0,0.0,0.0,0.0,0.0,2.0,21,1,12
138711,15,2,3,0,8,3,0,1,0,1,2,18,2,2,0.0,0.0,0.0,0.0,0.0,2.0,8,4,10
125732,4,2,3,17,8,3,0,1,1,1,1,36,2,2,0.0,0.0,0.0,0.0,0.0,3.0,11,5,9
113218,16,2,3,0,6,3,0,5,0,1,2,6,2,3,1.0,0.0,0.0,1.0,0.0,4.0,12,1,8
73628,17,2,4,10,8,3,0,5,1,1,0,36,2,2,0.0,0.0,0.0,0.0,0.0,2.0,21,6,6
42231,4,7,1,7,2,3,6,5,0,1,2,26,3,2,0.0,0.0,0.0,0.0,0.0,2.0,21,1,3
176963,4,2,3,7,0,3,0,1,1,1,2,23,2,2,0.0,0.0,0.0,0.0,0.0,1.0,11,6,12
111153,15,2,1,0,6,3,0,1,0,1,2,5,2,4,1.0,0.0,0.0,0.0,1.0,3.0,1,7,8
173689,15,2,3,13,6,3,0,1,0,1,2,18,2,2,0.0,0.0,0.0,0.0,0.0,3.0,7,3,12
39883,16,2,3,8,8,2,0,2,0,1,2,18,2,1,1.0,0.0,1.0,0.0,0.0,5.0,11,3,3
33816,16,7,1,10,8,3,6,1,1,1,2,21,2,2,0.0,0.0,0.0,0.0,0.0,3.0,19,1,3
45274,16,2,1,10,6,3,0,1,1,1,2,19,2,2,0.0,0.0,0.0,0.0,0.0,2.0,21,6,4
83834,16,7,4,17,6,3,6,1,1,1,2,17,2,2,0.0,0.0,0.0,0.0,0.0,3.0,19,1,6
146935,16,2,3,0,3,3,0,1,1,1,1,6,2,2,0.0,0.0,0.0,0.0,0.0,6.0,16,3,10
111364,16,2,3,17,6,3,0,5,1,1,2,18,2,2,0.0,0.0,0.0,0.0,0.0,3.0,17,4,8
77182,15,7,3,8,10,3,6,1,0,1,0,39,2,4,1.0,0.0,0.0,0.0,1.0,1.0,7,2,6
39677,16,11,3,15,6,3,5,5,1,1,2,22,2,2,0.0,0.0,0.0,0.0,0.0,2.0,14,2,3
127156,16,11,5,10,8,3,5,5,1,1,0,19,2,2,0.0,0.0,0.0,0.0,0.0,2.0,16,1,9
164962,16,2,1,10,2,3,0,1,1,1,1,19,2,2,0.0,0.0,0.0,0.0,0.0,2.0,21,1,11
184884,16,2,3,9,8,3,0,1,0,1,0,18,2,4,1.0,0.0,0.0,0.0,1.0,1.0,8,2,12
76646,4,3,3,17,2,3,0,1,1,1,2,18,2,2,0.0,0.0,0.0,0.0,0.0,3.0,19,1,6
101594,15,2,1,17,8,3,0,1,1,1,0,36,2,2,0.0,0.0,0.0,0.0,0.0,2.0,22,3,7
14154,16,2,3,0,8,3,0,1,1,1,2,18,2,2,0.0,0.0,0.0,0.0,0.0,2.0,8,2,1
137322,16,2,3,0,6,3,0,1,0,1,2,23,2,2,0.0,0.0,0.0,0.0,0.0,3.0,6,5,9
47935,16,2,1,0,6,3,0,1,1,1,2,36,2,2,0.0,0.0,0.0,0.0,0.0,3.0,5,5,4
84005,15,2,3,17,6,3,0,1,1,1,2,8,2,2,0.0,0.0,0.0,0.0,0.0,2.0,15,5,6
33596,15,2,1,0,8,3,0,1,1,1,1,36,2,2,0.0,0.0,0.0,0.0,0.0,2.0,19,6,3
19869,15,2,3,0,18,3,0,1,0,1,2,36,2,4,1.0,0.0,0.0,0.0,1.0,1.0,12,3,2
114639,15,3,3,15,2,3,0,1,1,1,2,36,2,2,0.0,0.0,0.0,0.0,0.0,2.0,14,3,8
47196,16,11,0,10,2,3,5,5,1,1,0,19,2,2,0.0,0.0,0.0,0.0,0.0,2.0,12,5,4
174668,16,7,3,17,15,3,6,5,0,1,2,36,2,3,2.0,0.0,0.0,2.0,0.0,0.0,11,1,12
55615,16,2,3,17,3,3,0,1,1,1,2,18,2,2,0.0,0.0,0.0,0.0,0.0,2.0,9,2,4
27136,15,2,3,17,6,3,0,1,0,1,1,36,2,2,0.0,0.0,0.0,0.0,0.0,2.0,16,2,2
13488,16,2,2,17,8,3,0,1,1,1,2,18,2,2,0.0,0.0,0.0,0.0,0.0,3.0,7,3,1
136073,4,2,3,15,6,3,0,1,0,1,2,36,2,2,0.0,0.0,0.0,0.0,0.0,2.0,15,7,9
24057,15,7,3,0,8,3,6,1,0,1,2,37,2,3,1.0,0.0,0.0,1.0,0.0,1.0,9,3,2
19240,4,2,3,17,10,3,0,1,1,1,2,24,2,2,0.0,0.0,0.0,0.0,0.0,2.0,9,4,2
90838,4,2,3,17,2,3,0,1,0,1,2,24,2,2,0.0,0.0,0.0,0.0,0.0,2.0,17,7,7
25044,4,6,3,3,8,3,6,1,0,0,2,18,2,2,0.0,0.0,0.0,0.0,0.0,2.0,11,2,2
84748,16,2,3,10,8,3,0,1,0,1,0,19,2,3,1.0,0.0,0.0,1.0,0.0,1.0,19,2,6
94146,15,2,3,0,10,3,0,1,0,1,2,18,2,4,1.0,0.0,0.0,0.0,1.0,6.0,18,7,7
84410,16,2,3,17,18,3,0,1,1,1,2,36,2,2,0.0,0.0,0.0,0.0,0.0,3.0,9,4,6
176545,16,10,1,10,2,3,4,5,1,1,1,19,2,2,0.0,0.0,0.0,0.0,0.0,2.0,16,7,12
182414,15,2,3,0,6,3,0,1,0,1,2,36,2,3,3.0,0.0,0.0,3.0,0.0,1.0,9,4,12
148892,4,2,3,17,8,3,0,1,0,1,2,18,2,2,0.0,0.0,0.0,0.0,0.0,2.0,14,4,10
22122,16,2,3,17,11,3,0,5,1,1,2,36,2,2,0.0,0.0,0.0,0.0,0.0,3.0,15,6,2
19192,4,2,1,9,8,3,0,1,0,1,2,36,2,1,1.0,0.0,1.0,0.0,0.0,1.0,20,6,2
123166,15,2,3,0,6,3,6,1,0,1,2,36,2,4,3.0,0.0,0.0,0.0,3.0,2.0,16,3,9
156064,15,2,3,17,6,3,0,1,1,1,2,36,2,2,0.0,0.0,0.0,0.0,0.0,2.0,15,3,11
73613,15,2,4,17,8,3,0,1,0,1,2,36,2,2,0.0,0.0,0.0,0.0,0.0,2.0,18,6,6
86613,15,2,3,0,9,3,0,1,0,1,2,18,2,2,0.0,0.0,0.0,0.0,0.0,4.0,6,4,6
134128,15,2,3,0,8,3,0,1,1,1,1,36,2,2,0.0,0.0,0.0,0.0,0.0,2.0,11,3,9
31391,16,2,3,9,6,3,0,1,0,1,0,18,2,3,1.0,0.0,0.0,1.0,0.0,1.0,11,5,3
183155,4,3,1,15,17,3,6,5,1,1,1,36,2,2,0.0,0.0,0.0,0.0,0.0,3.0,18,5,12
144151,16,2,3,17,8,3,0,1,0,1,2,6,2,3,1.0,0.0,0.0,1.0,0.0,2.0,8,6,10
94784,15,2,3,0,8,3,0,1,1,1,2,36,2,2,0.0,0.0,0.0,0.0,0.0,4.0,18,4,7