crash_date,               traffic_control_device,weather_condition,lighting_condition,first_crash_type,trafficway_type,alignment,roadway_surface_cond,road_defect,crash_type,intersection_related_i,damage,prim_contributory_cause,num_units,most_severe_injury,injuries_total,injuries_fatal,injuries_incapacitating,injuries_non_incapacitating,injuries_reported_not_evident,injuries_no_indication,crash_hour,crash_day_of_week,crash_month
49730,16,2,3,17,8,3,0,1,1,1,0,36,2,2,0.0,0.0,0.0,0.0,0.0,3.0,7,2,4
94779,15,2,3,0,2,3,0,1,1,1,2,18,2,2,0.0,0.0,0.0,0.0,0.0,2.0,17,4,7
84287,15,2,3,17,8,3,0,1,0,1,2,36,2,1,1.0,0.0,1.0,0.0,0.0,1.0,11,1,6
108109,16,2,3,17,6,3,0,5,0,1,2,24,2,2,0.0,0.0,0.0,0.0,0.0,2.0,7,3,8
47332,16,2,3,0,6,3,0,1,1,0,2,26,2,2,0.0,0.0,0.0,0.0,0.0,2.0,17,2,4
183566,4,10,3,0,6,3,6,1,0,1,2,36,2,3,1.0,0.0,0.0,1.0,0.0,1.0,11,6,12
60554,17,7,3,0,11,3,6,5,1,1,2,36,2,2,0.0,0.0,0.0,0.0,0.0,3.0,17,4,5
157676,4,2,1,2,2,3,0,1,0,1,2,36,1,2,0.0,0.0,0.0,0.0,0.0,1.0,4,4,11
42860,16,2,3,17,10,3,5,5,1,1,1,23,2,2,0.0,0.0,0.0,0.0,0.0,3.0,11,3,4
101538,16,2,3,17,8,3,0,4,1,1,1,18,2,2,0.0,0.0,0.0,0.0,0.0,2.0,12,2,7
9048,15,2,3,17,8,3,1,1,1,1,1,36,2,2,0.0,0.0,0.0,0.0,0.0,2.0,15,5,1
165967,16,2,1,15,8,3,0,1,1,1,1,23,2,2,0.0,0.0,0.0,0.0,0.0,3.0,4,1,11
146480,16,2,3,17,2,3,0,5,0,1,2,18,2,4,1.0,0.0,0.0,0.0,1.0,1.0,7,3,10
21305,16,2,1,17,8,3,0,1,0,1,2,18,2,4,2.0,0.0,0.0,0.0,2.0,2.0,18,6,2
65403,16,2,3,10,6,3,0,1,0,1,1,12,2,4,1.0,0.0,0.0,0.0,1.0,2.0,19,5,5
176979,16,2,3,10,3,3,0,1,1,1,0,19,2,2,0.0,0.0,0.0,0.0,0.0,2.0,14,7,12
71393,16,2,1,10,6,3,0,1,1,1,2,8,2,2,0.0,0.0,0.0,0.0,0.0,2.0,23,6,5
157989,16,2,3,17,3,3,0,1,1,1,2,19,2,2,0.0,0.0,0.0,0.0,0.0,2.0,9,2,11
5798,16,2,1,0,6,3,0,1,0,1,2,6,2,3,2.0,0.0,0.0,2.0,0.0,1.0,23,4,1
86648,16,7,3,15,6,3,6,1,1,1,2,36,2,2,0.0,0.0,0.0,0.0,0.0,2.0,14,6,6
112420,16,7,0,9,6,3,6,1,0,1,2,17,2,3,1.0,0.0,0.0,1.0,0.0,1.0,20,6,8
99047,4,2,3,15,8,3,0,1,1,1,2,36,2,2,0.0,0.0,0.0,0.0,0.0,2.0,18,6,7
15110,15,2,3,17,8,3,0,1,0,1,2,12,2,4,2.0,0.0,0.0,0.0,2.0,0.0,16,5,2
156966,16,3,3,17,8,3,0,1,1,1,2,12,2,2,0.0,0.0,0.0,0.0,0.0,2.0,10,6,11
114913,16,2,3,10,3,4,0,1,1,1,1,19,2,2,0.0,0.0,0.0,0.0,0.0,2.0,14,1,8
64917,16,7,3,15,5,3,6,1,0,1,2,4,3,2,0.0,0.0,0.0,0.0,0.0,4.0,12,4,5
143433,15,7,3,10,10,3,6,1,1,1,2,19,2,2,0.0,0.0,0.0,0.0,0.0,2.0,9,4,10
8534,15,2,3,17,2,3,0,1,0,1,2,18,2,4,2.0,0.0,0.0,0.0,2.0,0.0,9,4,1
28383,15,2,2,0,11,3,0,5,0,1,2,18,2,2,0.0,0.0,0.0,0.0,0.0,5.0,6,6,3
51530,4,2,3,3,8,3,0,1,1,1,1,18,2,2,0.0,0.0,0.0,0.0,0.0,5.0,16,6,4
104951,4,2,3,17,15,3,0,1,1,1,2,18,2,2,0.0,0.0,0.0,0.0,0.0,3.0,9,4,8
111571,16,2,3,7,8,3,0,1,0,1,2,0,2,2,0.0,0.0,0.0,0.0,0.0,1.0,15,5,8
164216,16,2,4,9,2,3,0,4,1,1,0,36,2,2,0.0,0.0,0.0,0.0,0.0,2.0,6,4,11
135294,16,2,3,9,8,3,0,1,0,0,0,18,3,1,2.0,0.0,1.0,1.0,0.0,1.0,8,5,9
147456,16,2,1,8,8,3,0,1,0,1,0,24,2,3,1.0,0.0,0.0,1.0,0.0,1.0,23,3,10
118899,16,7,3,17,3,3,6,1,0,1,2,18,4,4,1.0,0.0,0.0,0.0,1.0,4.0,15,4,8
145409,16,2,3,0,18,3,0,1,1,1,0,6,2,2,0.0,0.0,0.0,0.0,0.0,2.0,14,4,10
168150,16,7,1,17,2,3,6,1,1,1,2,18,2,2,0.0,0.0,0.0,0.0,0.0,3.0,19,4,11
71981,16,2,1,0,3,3,0,1,0,1,2,6,2,4,2.0,0.0,0.0,0.0,2.0,1.0,3,2,6
18094,16,2,3,10,6,4,6,5,0,1,2,17,2,3,2.0,0.0,0.0,2.0,0.0,1.0,9,1,2
56279,15,2,3,0,2,3,0,1,0,1,2,36,2,3,2.0,0.0,0.0,1.0,1.0,0.0,9,7,5
120470,16,2,3,9,6,3,0,1,0,1,0,18,2,3,1.0,0.0,0.0,1.0,0.0,1.0,11,7,8
140553,16,7,1,10,8,3,6,2,1,1,2,36,3,2,0.0,0.0,0.0,0.0,0.0,3.0,2,7,10
165719,16,2,1,10,2,3,0,1,1,1,2,36,2,2,0.0,0.0,0.0,0.0,0.0,2.0,18,6,11
161019,15,11,1,10,6,3,5,5,1,1,2,17,2,2,0.0,0.0,0.0,0.0,0.0,2.0,21,1,11
52314,15,2,3,10,6,3,0,1,0,1,2,36,4,3,2.0,0.0,0.0,2.0,0.0,5.0,9,6,4
81667,16,2,3,0,8,3,0,1,0,1,1,36,2,3,3.0,0.0,0.0,3.0,0.0,2.0,9,4,6
187911,16,2,1,17,8,3,6,1,0,1,2,36,2,2,0.0,0.0,0.0,0.0,0.0,2.0,22,5,12
109116,4,2,3,17,10,3,0,5,0,1,2,36,2,2,0.0,0.0,0.0,0.0,0.0,2.0,13,5,8
24708,15,2,3,15,6,3,0,1,1,1,2,36,2,2,0.0,0.0,0.0,0.0,0.0,2.0,15,3,2
48906,16,2,1,10,2,3,0,1,1,1,1,36,2,2,0.0,0.0,0.0,0.0,0.0,5.0,22,7,4
101637,16,2,3,10,8,3,0,1,1,0,2,36,2,2,0.0,0.0,0.0,0.0,0.0,4.0,17,4,7
84995,16,7,3,17,6,3,6,1,0,1,2,18,3,3,3.0,0.0,0.0,3.0,0.0,1.0,13,7,6
43179,6,7,3,10,8,3,6,5,1,1,1,19,2,2,0.0,0.0,0.0,0.0,0.0,2.0,12,2,4
9221,17,2,5,10,8,3,6,5,1,1,2,26,2,2,0.0,0.0,0.0,0.0,0.0,3.0,21,6,1
116779,4,2,3,17,0,3,0,1,1,1,2,36,2,2,0.0,0.0,0.0,0.0,0.0,2.0,18,7,8
61993,15,7,0,17,15,3,6,1,1,1,2,36,2,2,0.0,0.0,0.0,0.0,0.0,2.0,12,6,5
9407,16,2,3,10,2,3,0,1,0,1,2,26,2,2,0.0,0.0,0.0,0.0,0.0,2.0,8,4,1
90073,16,2,3,17,2,3,0,1,1,1,2,36,2,2,0.0,0.0,0.0,0.0,0.0,2.0,10,1,7
5354,15,2,1,0,6,3,0,1,1,1,2,5,2,2,0.0,0.0,0.0,0.0,0.0,2.0,21,5,1
131824,16,2,3,8,8,3,0,1,1,1,2,17,2,2,0.0,0.0,0.0,0.0,0.0,2.0,16,4,9
158784,16,2,0,10,10,3,0,5,1,0,1,19,2,2,0.0,0.0,0.0,0.0,0.0,3.0,16,4,11
158175,16,7,1,17,2,3,6,1,1,1,1,18,2,2,0.0,0.0,0.0,0.0,0.0,3.0,21,2,11
147094,15,2,3,17,15,3,0,1,1,1,2,36,2,2,0.0,0.0,0.0,0.0,0.0,2.0,9,5,10
143917,16,7,1,10,6,3,6,1,0,1,2,23,3,2,0.0,0.0,0.0,0.0,0.0,3.0,22,4,10
186904,16,2,3,2,6,3,5,5,1,1,1,12,1,2,0.0,0.0,0.0,0.0,0.0,1.0,7,4,12
82815,15,2,3,17,6,3,0,1,1,1,0,18,2,2,0.0,0.0,0.0,0.0,0.0,2.0,12,6,6
27653,15,7,1,9,8,3,6,1,0,1,0,18,2,4,1.0,0.0,0.0,0.0,1.0,1.0,17,3,2
46677,16,2,3,0,6,3,0,1,1,1,2,36,2,2,0.0,0.0,0.0,0.0,0.0,2.0,9,4,4
100906,15,2,3,17,2,3,0,1,0,1,2,36,2,3,1.0,0.0,0.0,1.0,0.0,3.0,7,6,7
152065,16,2,3,15,2,3,0,5,1,1,2,12,3,2,0.0,0.0,0.0,0.0,0.0,3.0,13,6,10
143823,4,2,3,17,2,3,0,1,1,1,2,18,2,2,0.0,0.0,0.0,0.0,0.0,2.0,8,3,10
18209,16,2,3,15,6,3,0,1,1,1,2,22,2,2,0.0,0.0,0.0,0.0,0.0,2.0,9,3,2
62556,4,2,3,10,10,3,6,1,0,0,2,36,2,4,1.0,0.0,0.0,0.0,1.0,1.0,18,2,5
128337,16,2,3,10,8,3,6,5,1,1,2,19,2,2,0.0,0.0,0.0,0.0,0.0,3.0,7,5,9
32787,15,2,1,17,6,3,6,1,1,1,2,36,2,2,0.0,0.0,0.0,0.0,0.0,3.0,17,6,3
51211,4,2,3,0,8,3,0,1,0,1,2,36,2,2,0.0,0.0,0.0,0.0,0.0,5.0,16,5,4
124181,8,2,1,5,10,3,0,1,1,0,0,36,1,2,0.0,0.0,0.0,0.0,0.0,1.0,5,4,9
87086,16,2,1,10,15,3,0,1,0,0,2,36,3,3,2.0,0.0,0.0,2.0,0.0,1.0,0,4,6
102869,16,2,3,17,8,3,0,1,1,1,1,24,2,2,0.0,0.0,0.0,0.0,0.0,4.0,16,7,7
99561,16,2,3,15,6,3,6,6,1,1,2,36,2,2,0.0,0.0,0.0,0.0,0.0,2.0,7,7,7
6086,16,2,3,10,8,3,6,1,1,1,2,17,2,2,0.0,0.0,0.0,0.0,0.0,2.0,13,1,1
12312,16,7,0,10,8,3,6,1,1,1,2,36,2,2,0.0,0.0,0.0,0.0,0.0,2.0,15,5,1
55515,15,2,3,0,11,3,0,5,1,1,1,36,2,2,0.0,0.0,0.0,0.0,0.0,2.0,11,7,4
42521,16,2,3,17,1,3,0,1,0,1,2,36,2,3,1.0,0.0,0.0,1.0,0.0,1.0,13,6,4
160328,15,2,1,17,8,4,0,1,0,1,2,18,2,2,0.0,0.0,0.0,0.0,0.0,2.0,23,5,11
89140,16,2,3,0,6,3,0,1,0,1,2,18,3,3,1.0,0.0,0.0,1.0,0.0,3.0,12,7,7
171384,15,2,2,0,6,3,0,1,1,1,1,18,2,2,0.0,0.0,0.0,0.0,0.0,2.0,6,2,11
47399,15,2,3,0,10,3,0,1,1,1,1,18,2,2,0.0,0.0,0.0,0.0,0.0,2.0,18,3,4
143281,17,2,3,15,8,3,5,5,1,1,2,36,2,2,0.0,0.0,0.0,0.0,0.0,2.0,16,5,10
176226,16,2,3,9,10,3,0,1,0,1,2,36,2,3,1.0,0.0,0.0,1.0,0.0,1.0,14,4,12
29618,16,2,3,10,8,5,6,1,0,1,2,19,2,2,0.0,0.0,0.0,0.0,0.0,5.0,7,7,3
18873,16,2,0,0,3,3,0,1,0,1,2,6,2,1,2.0,0.0,2.0,0.0,0.0,1.0,20,7,2
82434,16,2,3,0,2,3,0,1,0,1,2,6,3,2,0.0,0.0,0.0,0.0,0.0,3.0,17,2,6
59959,16,11,4,15,6,3,5,1,1,1,2,36,2,2,0.0,0.0,0.0,0.0,0.0,2.0,18,4,5
114599,16,2,3,0,2,3,0,5,1,1,2,6,2,2,0.0,0.0,0.0,0.0,0.0,2.0,17,2,8
119574,15,2,1,10,8,3,0,1,1,1,2,36,2,2,0.0,0.0,0.0,0.0,0.0,4.0,21,6,8
6130,16,2,3,17,8,3,6,5,0,1,1,22,2,4,1.0,0.0,0.0,0.0,1.0,2.0,12,1,1
102192,16,2,3,10,15,3,0,1,0,1,2,36,2,2,0.0,0.0,0.0,0.0,0.0,2.0,13,6,7
60759,16,7,3,0,6,3,6,1,0,1,2,36,2,2,0.0,0.0,0.0,0.0,0.0,2.0,9,1,5
50878,15,11,5,7,8,3,5,5,1,1,2,26,2,2,0.0,0.0,0.0,0.0,0.0,1.0,18,7,4
167875,16,2,3,0,8,3,0,1,1,1,2,18,2,2,0.0,0.0,0.0,0.0,0.0,3.0,13,2,11
128945,16,2,3,17,8,3,0,1,0,1,2,36,2,4,2.0,0.0,0.0,0.0,2.0,2.0,15,7,9
39630,16,2,3,15,2,3,0,1,1,1,2,36,2,2,0.0,0.0,0.0,0.0,0.0,4.0,17,7,3
33124,15,2,1,0,8,3,0,1,0,1,2,36,2,4,1.0,0.0,0.0,0.0,1.0,2.0,17,5,3
144407,16,2,1,10,6,3,0,5,1,1,1,19,2,2,0.0,0.0,0.0,0.0,0.0,2.0,18,4,10
120190,15,2,1,0,6,3,0,1,1,1,2,5,2,2,0.0,0.0,0.0,0.0,0.0,2.0,9,2,8
69088,15,2,3,17,15,3,0,1,1,1,2,5,2,2,0.0,0.0,0.0,0.0,0.0,3.0,9,6,5
116494,4,2,2,0,8,3,0,1,1,1,2,18,2,2,0.0,0.0,0.0,0.0,0.0,2.0,6,4,8
19591,16,2,3,0,6,3,0,1,0,1,2,18,2,2,0.0,0.0,0.0,0.0,0.0,3.0,12,6,2
70783,4,2,3,15,8,3,0,5,0,1,2,23,2,3,3.0,0.0,0.0,1.0,2.0,2.0,15,5,5
78967,15,2,3,0,5,3,0,1,0,1,1,6,3,1,1.0,0.0,1.0,0.0,0.0,5.0,14,1,6
778,15,2,1,10,6,3,4,1,0,1,2,17,3,2,0.0,0.0,0.0,0.0,0.0,3.0,22,7,1
125222,16,2,1,8,2,3,0,5,1,1,0,27,2,2,0.0,0.0,0.0,0.0,0.0,2.0,20,5,9
46437,16,2,3,0,3,3,0,1,0,1,2,17,2,3,1.0,0.0,0.0,1.0,0.0,1.0,16,6,4
63173,16,2,3,0,8,3,0,1,1,1,2,36,2,2,0.0,0.0,0.0,0.0,0.0,3.0,17,3,5
184572,16,7,0,10,10,3,6,1,1,1,2,19,2,2,0.0,0.0,0.0,0.0,0.0,2.0,14,6,12
76050,15,2,3,10,8,3,0,1,1,1,2,26,2,2,0.0,0.0,0.0,0.0,0.0,2.0,17,6,6
167243,16,2,1,17,11,3,0,1,1,1,1,36,2,2,0.0,0.0,0.0,0.0,0.0,2.0,22,5,11
163700,16,2,1,17,11,3,0,1,1,1,2,38,2,2,0.0,0.0,0.0,0.0,0.0,4.0,17,5,11
142308,16,2,3,10,8,3,0,1,1,1,2,19,2,2,0.0,0.0,0.0,0.0,0.0,2.0,16,3,10
56933,15,2,3,17,15,3,0,1,1,1,2,36,2,2,0.0,0.0,0.0,0.0,0.0,2.0,9,5,5
63045,15,2,3,0,6,3,0,4,1,1,1,36,2,2,0.0,0.0,0.0,0.0,0.0,2.0,15,3,5
41369,16,2,3,10,2,3,0,1,1,1,2,19,2,2,0.0,0.0,0.0,0.0,0.0,2.0,16,4,3
155273,16,10,3,10,8,3,6,1,1,1,0,19,2,2,0.0,0.0,0.0,0.0,0.0,2.0,15,5,10
112633,16,2,3,17,6,3,0,1,1,1,2,18,2,2,0.0,0.0,0.0,0.0,0.0,6.0,16,7,8
128176,15,2,3,0,6,3,0,1,1,1,2,19,2,2,0.0,0.0,0.0,0.0,0.0,2.0,15,5,9
136204,15,7,1,10,6,3,6,1,1,1,1,17,2,2,0.0,0.0,0.0,0.0,0.0,2.0,0,2,9
149659,15,2,3,17,8,3,5,5,1,1,2,18,2,2,0.0,0.0,0.0,0.0,0.0,3.0,16,2,10
4117,16,2,3,15,15,3,0,5,1,1,2,36,2,2,0.0,0.0,0.0,0.0,0.0,2.0,14,7,1
102666,16,2,1,10,10,3,0,5,0,1,1,17,2,3,1.0,0.0,0.0,1.0,0.0,1.0,0,5,7
97365,16,7,3,17,3,3,6,1,0,1,2,24,2,2,0.0,0.0,0.0,0.0,0.0,4.0,12,1,7
22330,16,10,3,17,16,3,4,5,1,1,0,12,2,2,0.0,0.0,0.0,0.0,0.0,2.0,12,3,2
120754,16,3,3,0,2,3,0,1,0,1,2,6,2,2,0.0,0.0,0.0,0.0,0.0,2.0,8,3,9
55661,15,7,3,17,6,3,6,2,1,1,2,21,2,2,0.0,0.0,0.0,0.0,0.0,4.0,7,3,4
184249,16,2,1,10,2,3,0,1,0,1,2,17,2,4,1.0,0.0,0.0,0.0,1.0,1.0,21,6,12
67111,16,2,1,10,8,3,5,5,1,1,1,36,2,2,0.0,0.0,0.0,0.0,0.0,3.0,1,4,5
49652,16,2,3,1,8,3,5,5,1,1,0,23,1,2,0.0,0.0,0.0,0.0,0.0,1.0,13,1,4
17556,15,10,3,10,8,3,1,5,0,1,1,36,2,4,1.0,0.0,0.0,0.0,1.0,2.0,14,7,2
169928,4,11,5,15,6,3,5,5,1,1,2,36,2,2,0.0,0.0,0.0,0.0,0.0,2.0,11,6,11
129031,16,2,3,0,8,3,0,5,0,1,2,36,2,3,1.0,0.0,0.0,1.0,0.0,2.0,17,1,9
159922,16,2,3,10,2,3,0,1,1,1,1,17,2,2,0.0,0.0,0.0,0.0,0.0,2.0,10,6,11
140529,16,7,1,15,3,3,0,1,0,1,0,22,2,1,1.0,0.0,1.0,0.0,0.0,2.0,21,6,10
52988,15,2,3,0,8,3,0,1,1,1,1,36,2,2,0.0,0.0,0.0,0.0,0.0,2.0,17,3,4
872,16,2,3,9,8,3,0,1,0,1,1,18,2,1,1.0,0.0,1.0,0.0,0.0,1.0,8,2,1
146635,16,2,1,0,6,3,0,1,0,0,2,6,2,2,0.0,0.0,0.0,0.0,0.0,3.0,2,7,10
8897,16,2,0,0,8,3,0,1,0,1,2,36,2,2,0.0,0.0,0.0,0.0,0.0,3.0,0,2,1
140556,16,2,3,0,2,3,0,1,1,1,1,6,2,2,0.0,0.0,0.0,0.0,0.0,3.0,14,7,10
108676,15,2,3,0,11,3,0,1,0,1,2,18,2,4,2.0,0.0,0.0,0.0,2.0,0.0,19,6,8
17007,15,2,3,0,8,3,0,1,0,1,2,17,3,3,1.0,0.0,0.0,1.0,0.0,4.0,12,3,2
167466,16,2,1,10,6,3,6,1,1,1,1,19,2,2,0.0,0.0,0.0,0.0,0.0,2.0,21,3,11
55695,15,7,3,17,2,3,6,1,1,1,2,18,2,2,0.0,0.0,0.0,0.0,0.0,2.0,9,3,4
16781,16,2,3,15,6,3,0,1,1,1,1,22,2,2,0.0,0.0,0.0,0.0,0.0,2.0,13,1,2
141930,16,2,3,9,2,3,0,1,0,1,0,3,2,4,1.0,0.0,0.0,0.0,1.0,1.0,16,6,10
64311,16,2,3,17,6,3,0,1,0,1,2,18,2,3,1.0,0.0,0.0,1.0,0.0,3.0,14,2,5
88602,16,2,1,17,6,3,0,1,0,1,2,24,2,3,1.0,0.0,0.0,1.0,0.0,1.0,2,7,7
102665,4,2,3,17,1,3,0,1,0,1,2,18,2,3,1.0,0.0,0.0,1.0,0.0,1.0,12,5,7
187236,17,2,3,15,6,3,0,1,1,1,2,26,2,2,0.0,0.0,0.0,0.0,0.0,3.0,14,2,12
94454,16,2,0,13,6,3,0,1,1,1,2,36,2,2,0.0,0.0,0.0,0.0,0.0,2.0,3,7,7
12216,16,2,1,0,6,3,6,1,0,1,2,6,2,2,0.0,0.0,0.0,0.0,0.0,2.0,19,3,1
66367,17,7,3,8,8,3,6,5,0,1,2,36,2,1,1.0,0.0,1.0,0.0,0.0,1.0,13,7,5
54274,16,2,3,15,8,3,0,1,1,1,2,36,2,2,0.0,0.0,0.0,0.0,0.0,2.0,17,3,4
6452,15,2,1,0,6,3,0,1,0,1,2,5,2,2,0.0,0.0,0.0,0.0,0.0,2.0,17,2,1
140241,16,2,3,15,6,3,0,1,1,1,1,36,2,2,0.0,0.0,0.0,0.0,0.0,2.0,16,4,10
52762,15,7,1,0,8,3,6,1,0,1,2,38,2,3,2.0,0.0,0.0,2.0,0.0,1.0,22,7,4
39235,16,7,1,17,8,3,6,1,1,0,0,36,2,2,0.0,0.0,0.0,0.0,0.0,2.0,22,6,3
132542,15,2,3,17,8,3,0,1,0,1,2,18,2,2,0.0,0.0,0.0,0.0,0.0,2.0,15,7,9
116206,16,2,3,17,8,3,0,1,1,1,1,18,2,2,0.0,0.0,0.0,0.0,0.0,4.0,13,6,8
54454,16,2,3,10,2,3,0,1,1,1,2,19,2,2,0.0,0.0,0.0,0.0,0.0,2.0,14,7,4
151033,16,7,1,17,2,3,6,1,0,1,2,18,2,2,0.0,0.0,0.0,0.0,0.0,2.0,21,3,10
97272,16,2,1,17,8,3,0,1,1,1,1,24,2,2,0.0,0.0,0.0,0.0,0.0,2.0,21,6,7
79555,16,2,3,15,8,3,0,1,1,1,2,22,2,2,0.0,0.0,0.0,0.0,0.0,2.0,4,2,6
82198,16,7,3,17,8,3,6,1,0,1,2,18,2,2,0.0,0.0,0.0,0.0,0.0,2.0,7,5,6
143827,17,2,3,10,8,3,0,5,1,1,2,19,2,2,0.0,0.0,0.0,0.0,0.0,2.0,8,3,10
107912,4,2,3,10,2,3,0,1,0,0,2,26,3,4,1.0,0.0,0.0,0.0,1.0,2.0,13,7,8
123103,16,2,0,17,8,3,0,1,0,1,2,36,2,2,0.0,0.0,0.0,0.0,0.0,3.0,22,1,9
71978,16,2,3,17,2,3,0,1,1,1,1,36,2,2,0.0,0.0,0.0,0.0,0.0,4.0,14,2,6
4441,4,2,1,15,10,3,6,1,1,1,0,23,2,2,0.0,0.0,0.0,0.0,0.0,3.0,17,4,1
119915,16,2,3,15,2,3,0,1,1,1,1,23,2,2,0.0,0.0,0.0,0.0,0.0,3.0,8,6,8
108714,15,2,3,0,6,3,0,1,0,1,2,12,2,2,0.0,0.0,0.0,0.0,0.0,2.0,12,6,8
55052,16,7,0,17,8,3,6,5,1,1,0,39,2,2,0.0,0.0,0.0,0.0,0.0,2.0,22,7,4
55790,16,2,3,8,2,3,0,1,0,1,0,17,2,3,1.0,0.0,0.0,1.0,0.0,1.0,10,6,4
153252,16,7,0,17,15,3,6,1,1,1,1,18,2,2,0.0,0.0,0.0,0.0,0.0,6.0,20,6,10
17945,16,7,3,0,2,3,6,1,1,1,2,12,2,2,0.0,0.0,0.0,0.0,0.0,2.0,7,5,2
94788,15,2,3,3,6,3,0,1,0,1,2,12,2,4,1.0,0.0,0.0,0.0,1.0,4.0,18,4,7
76188,16,7,3,10,6,3,6,5,1,1,2,17,2,2,0.0,0.0,0.0,0.0,0.0,2.0,10,1,6
86237,4,3,3,17,2,3,6,1,1,1,2,18,2,2,0.0,0.0,0.0,0.0,0.0,2.0,13,4,6
26383,16,2,3,15,3,3,0,1,1,0,1,36,2,2,0.0,0.0,0.0,0.0,0.0,2.0,8,3,2
105756,16,2,1,17,8,3,0,1,1,1,1,36,2,2,0.0,0.0,0.0,0.0,0.0,2.0,3,1,8
45792,16,2,1,17,6,3,0,1,0,1,2,18,2,2,0.0,0.0,0.0,0.0,0.0,3.0,21,2,4
64700,15,7,3,0,6,3,6,1,0,1,2,18,2,4,1.0,0.0,0.0,0.0,1.0,1.0,15,7,5
180575,16,2,1,0,15,3,0,1,1,1,2,18,2,2,0.0,0.0,0.0,0.0,0.0,2.0,17,6,12
32329,15,2,3,17,15,3,0,1,0,1,2,18,2,3,1.0,0.0,0.0,1.0,0.0,1.0,7,5,3
75344,4,2,3,17,8,3,0,1,1,1,2,24,2,2,0.0,0.0,0.0,0.0,0.0,2.0,12,3,6
150762,16,2,3,17,8,3,0,1,1,1,2,36,2,2,0.0,0.0,0.0,0.0,0.0,3.0,16,1,10
172468,16,2,1,10,6,3,0,1,1,1,2,19,2,2,0.0,0.0,0.0,0.0,0.0,2.0,19,4,12
80469,16,2,3,15,3,3,0,1,1,1,2,17,2,2,0.0,0.0,0.0,0.0,0.0,2.0,15,1,6
183153,15,7,1,0,11,3,6,1,1,1,2,17,2,2,0.0,0.0,0.0,0.0,0.0,2.0,18,5,12
87009,16,7,1,2,6,3,6,1,0,1,2,24,1,3,1.0,0.0,0.0,1.0,0.0,0.0,22,3,6
74137,16,2,1,15,2,3,0,5,1,1,1,22,2,2,0.0,0.0,0.0,0.0,0.0,2.0,1,7,6
14533,16,2,3,10,6,3,6,1,1,1,0,26,2,2,0.0,0.0,0.0,0.0,0.0,2.0,10,2,1
149608,16,7,4,17,6,3,6,1,1,1,1,18,2,2,0.0,0.0,0.0,0.0,0.0,6.0,19,7,10
138614,15,2,3,0,6,3,0,1,1,1,2,5,2,2,0.0,0.0,0.0,0.0,0.0,2.0,18,2,10
123857,4,2,3,0,2,3,0,1,0,1,2,18,2,4,1.0,0.0,0.0,0.0,1.0,2.0,7,5,9
19668,16,2,3,10,8,3,0,1,1,1,2,36,2,2,0.0,0.0,0.0,0.0,0.0,2.0,11,5,2
76200,15,7,3,17,8,3,6,1,1,1,2,36,2,2,0.0,0.0,0.0,0.0,0.0,2.0,12,1,6
126936,16,2,1,17,3,3,0,1,0,1,2,24,3,2,0.0,0.0,0.0,0.0,0.0,8.0,22,1,9
155938,16,2,1,9,3,3,6,1,0,1,2,36,2,1,1.0,0.0,1.0,0.0,0.0,1.0,23,6,11
106961,16,2,4,17,8,3,0,5,0,1,2,36,2,1,1.0,0.0,1.0,0.0,0.0,2.0,20,6,8
102941,15,2,3,0,8,3,0,1,1,1,2,36,2,2,0.0,0.0,0.0,0.0,0.0,2.0,16,2,7
90981,16,2,3,17,10,3,0,1,0,1,2,22,2,2,0.0,0.0,0.0,0.0,0.0,2.0,9,7,7
102946,15,2,3,15,2,3,0,1,1,0,2,22,2,2,0.0,0.0,0.0,0.0,0.0,4.0,17,2,7
58140,15,2,3,0,18,3,0,1,0,1,2,5,2,2,0.0,0.0,0.0,0.0,0.0,4.0,17,3,5
172444,15,2,4,9,15,3,0,1,0,1,2,18,2,1,1.0,0.0,1.0,0.0,0.0,1.0,16,4,12
83569,16,2,3,10,6,3,0,1,1,1,1,26,2,2,0.0,0.0,0.0,0.0,0.0,3.0,10,5,6
168720,16,2,1,17,3,3,0,5,1,1,2,23,2,2,0.0,0.0,0.0,0.0,0.0,3.0,17,7,11
33047,16,2,3,0,2,3,0,5,0,1,2,6,2,0,2.0,1.0,0.0,1.0,0.0,3.0,13,4,3
16212,16,2,1,17,5,3,4,1,0,1,2,23,2,2,0.0,0.0,0.0,0.0,0.0,2.0,21,4,2
32106,16,7,3,10,8,3,6,1,1,1,1,19,2,2,0.0,0.0,0.0,0.0,0.0,4.0,15,2,3
103121,4,2,3,15,2,3,0,1,1,1,0,23,2,2,0.0,0.0,0.0,0.0,0.0,2.0,14,6,7
73888,15,2,3,0,8,3,0,1,0,1,2,17,2,4,1.0,0.0,0.0,0.0,1.0,1.0,15,2,6
136755,15,2,3,17,8,3,0,1,1,1,2,36,2,2,0.0,0.0,0.0,0.0,0.0,3.0,10,3,9
116493,16,2,3,0,2,3,0,1,1,1,1,12,2,2,0.0,0.0,0.0,0.0,0.0,2.0,18,4,8
128387,15,2,1,17,8,3,0,1,0,1,2,18,2,2,0.0,0.0,0.0,0.0,0.0,3.0,19,6,9
150051,16,2,3,10,8,3,5,5,1,1,0,36,2,2,0.0,0.0,0.0,0.0,0.0,2.0,14,6,10
107425,16,2,1,17,6,3,0,1,0,1,2,36,2,3,2.0,0.0,0.0,2.0,0.0,0.0,20,6,8