crash_date,               traffic_control_device,weather_condition,lighting_condition,first_crash_type,trafficway_type,alignment,roadway_surface_cond,road_defect,crash_type,intersection_related_i,damage,prim_contributory_cause,num_units,most_severe_injury,injuries_total,injuries_fatal,injuries_incapacitating,injuries_non_incapacitating,injuries_reported_not_evident,injuries_no_indication,crash_hour,crash_day_of_week,crash_month
137642,16,2,3,17,8,3,0,1,0,1,2,18,2,3,2.0,0.0,0.0,2.0,0.0,0.0,16,1,10
31853,16,2,3,10,3,3,6,1,1,1,2,19,2,2,0.0,0.0,0.0,0.0,0.0,2.0,7,6,3
21313,15,2,1,17,8,3,6,1,0,1,2,24,4,2,0.0,0.0,0.0,0.0,0.0,3.0,19,6,2
4143,16,2,0,0,8,3,0,1,0,1,2,36,2,2,0.0,0.0,0.0,0.0,0.0,2.0,20,7,1
126293,15,2,3,0,6,3,0,1,0,1,2,3,2,2,0.0,0.0,0.0,0.0,0.0,2.0,10,6,9
43547,4,7,3,17,6,3,6,1,0,1,2,18,5,2,0.0,0.0,0.0,0.0,0.0,4.0,16,4,4
25982,15,10,3,15,8,3,4,5,1,0,1,36,2,2,0.0,0.0,0.0,0.0,0.0,2.0,16,5,2
129429,17,11,5,2,8,3,5,5,1,1,2,36,1,2,0.0,0.0,0.0,0.0,0.0,1.0,17,2,9
110992,16,2,3,0,8,3,0,1,1,1,2,36,2,2,0.0,0.0,0.0,0.0,0.0,2.0,12,3,8
176969,16,7,4,0,6,3,6,1,0,1,2,36,3,2,0.0,0.0,0.0,0.0,0.0,5.0,12,6,12
20754,15,5,3,0,15,3,6,1,0,1,2,18,2,2,0.0,0.0,0.0,0.0,0.0,2.0,16,5,2
110081,16,2,3,0,6,3,0,1,1,1,2,18,2,2,0.0,0.0,0.0,0.0,0.0,2.0,9,4,8
75702,4,2,3,15,15,3,0,1,0,1,2,23,2,0,1.0,1.0,0.0,0.0,0.0,2.0,14,2,6
188063,15,2,1,17,8,3,0,1,1,1,2,18,2,2,0.0,0.0,0.0,0.0,0.0,2.0,17,6,12
145003,16,11,0,0,15,3,5,5,1,1,2,36,2,2,0.0,0.0,0.0,0.0,0.0,3.0,18,5,10
59494,16,2,0,0,8,3,5,5,0,1,2,18,2,1,1.0,0.0,1.0,0.0,0.0,4.0,2,1,5
63312,4,2,3,17,1,3,0,1,1,1,1,18,2,2,0.0,0.0,0.0,0.0,0.0,3.0,18,6,5
112949,16,2,3,17,6,3,0,5,1,1,2,18,2,2,0.0,0.0,0.0,0.0,0.0,2.0,3,7,8
2151,16,2,3,9,2,3,0,1,0,1,1,38,2,3,1.0,0.0,0.0,1.0,0.0,1.0,14,3,1
119982,15,2,3,0,8,3,0,1,0,1,2,5,2,3,6.0,0.0,0.0,6.0,0.0,1.0,16,5,8
178951,16,2,3,15,1,3,0,1,1,0,0,23,2,2,0.0,0.0,0.0,0.0,0.0,4.0,7,4,12
1240,4,2,3,0,8,3,4,1,0,1,2,18,2,2,0.0,0.0,0.0,0.0,0.0,2.0,8,1,1
119308,16,2,1,17,6,3,0,1,1,1,2,6,2,2,0.0,0.0,0.0,0.0,0.0,4.0,22,3,8
131291,16,2,4,0,3,3,0,1,1,1,2,18,2,2,0.0,0.0,0.0,0.0,0.0,2.0,18,4,9
21815,15,2,1,0,8,3,2,1,0,1,2,18,2,3,1.0,0.0,0.0,1.0,0.0,2.0,20,7,2
166665,0,2,3,9,6,3,0,1,0,1,0,18,3,1,1.0,0.0,1.0,0.0,0.0,2.0,13,6,11
141629,16,2,3,17,8,3,0,1,1,1,2,18,2,2,0.0,0.0,0.0,0.0,0.0,2.0,11,2,10
173719,15,2,3,0,6,3,0,1,0,1,2,18,4,4,1.0,0.0,0.0,0.0,1.0,1.0,12,3,12
186762,16,5,3,0,6,3,6,1,0,1,2,12,3,2,0.0,0.0,0.0,0.0,0.0,3.0,7,2,12
65851,4,2,3,10,8,3,0,1,1,1,2,18,2,2,0.0,0.0,0.0,0.0,0.0,2.0,14,6,5
12382,16,2,4,17,2,3,0,1,1,1,0,24,2,2,0.0,0.0,0.0,0.0,0.0,2.0,20,5,1
86876,15,2,3,0,6,3,0,1,1,1,2,36,2,2,0.0,0.0,0.0,0.0,0.0,2.0,7,7,6
130143,15,2,3,0,2,3,0,1,0,1,2,18,2,2,0.0,0.0,0.0,0.0,0.0,4.0,8,2,9
40177,16,2,3,17,10,3,0,1,0,1,2,24,2,2,0.0,0.0,0.0,0.0,0.0,2.0,15,3,3
179281,15,2,3,0,8,3,0,1,1,1,2,18,2,2,0.0,0.0,0.0,0.0,0.0,2.0,9,3,12
45243,4,2,3,10,3,3,0,1,0,1,2,17,2,4,2.0,0.0,0.0,0.0,2.0,1.0,15,6,4
123615,16,2,3,17,8,3,0,1,0,1,2,17,2,3,1.0,0.0,0.0,1.0,0.0,2.0,15,3,9
121711,16,7,3,0,8,3,6,1,1,1,1,36,2,2,0.0,0.0,0.0,0.0,0.0,5.0,15,2,9
24630,15,2,3,0,15,3,4,1,1,1,1,5,2,2,0.0,0.0,0.0,0.0,0.0,2.0,6,1,2
15943,4,2,5,15,8,3,0,1,1,1,2,36,2,2,0.0,0.0,0.0,0.0,0.0,2.0,20,6,2
157018,16,2,3,17,11,3,0,1,1,1,2,24,2,2,0.0,0.0,0.0,0.0,0.0,3.0,9,7,11
84237,16,2,3,10,8,3,0,1,0,1,1,19,2,4,2.0,0.0,0.0,0.0,2.0,2.0,14,1,6
46109,4,2,3,0,15,3,0,1,1,1,1,18,2,2,0.0,0.0,0.0,0.0,0.0,2.0,16,7,4
96804,16,2,3,15,8,3,0,1,1,1,1,23,2,2,0.0,0.0,0.0,0.0,0.0,2.0,10,7,7
150628,16,7,4,17,2,3,6,1,0,1,2,18,2,2,0.0,0.0,0.0,0.0,0.0,4.0,9,6,10
117722,4,7,1,7,8,3,6,1,0,0,2,15,2,2,0.0,0.0,0.0,0.0,0.0,2.0,3,7,8
181120,16,1,0,10,8,3,4,5,1,1,2,36,2,2,0.0,0.0,0.0,0.0,0.0,2.0,8,6,12
13964,16,2,3,17,6,3,0,1,0,1,2,17,2,2,0.0,0.0,0.0,0.0,0.0,2.0,15,6,1
120572,16,2,1,0,8,3,0,1,0,1,1,6,2,3,4.0,0.0,0.0,4.0,0.0,0.0,22,6,9
174480,16,2,3,17,10,3,0,1,1,1,2,22,2,2,0.0,0.0,0.0,0.0,0.0,2.0,17,5,12
136301,15,2,3,0,6,3,0,1,1,1,2,18,2,2,0.0,0.0,0.0,0.0,0.0,2.0,15,4,9
72380,16,2,3,17,8,3,0,1,1,1,1,26,2,2,0.0,0.0,0.0,0.0,0.0,2.0,17,7,6
63146,4,2,3,17,8,3,0,1,0,1,2,23,2,2,0.0,0.0,0.0,0.0,0.0,2.0,13,3,5
21984,4,3,3,0,6,3,0,1,1,1,2,36,2,2,0.0,0.0,0.0,0.0,0.0,2.0,8,4,2
116179,15,2,3,17,8,3,0,1,1,1,2,23,2,2,0.0,0.0,0.0,0.0,0.0,2.0,18,5,8
173591,16,2,3,3,8,3,0,5,1,1,1,6,2,2,0.0,0.0,0.0,0.0,0.0,2.0,11,7,12
171951,16,2,3,10,8,3,0,1,1,1,2,17,2,2,0.0,0.0,0.0,0.0,0.0,2.0,12,3,11
92754,16,2,3,17,6,3,0,1,1,1,0,24,2,2,0.0,0.0,0.0,0.0,0.0,4.0,14,1,7
92298,15,2,3,10,8,3,0,5,1,0,2,36,2,2,0.0,0.0,0.0,0.0,0.0,2.0,13,1,7
104425,15,2,3,0,6,3,0,1,0,1,2,38,2,2,0.0,0.0,0.0,0.0,0.0,3.0,8,3,8
80190,15,2,3,0,18,3,0,1,0,1,2,18,2,2,0.0,0.0,0.0,0.0,0.0,5.0,14,5,6
23763,15,6,0,2,6,3,1,1,0,1,2,39,1,2,0.0,0.0,0.0,0.0,0.0,1.0,18,6,2
140730,4,11,3,7,8,3,5,5,1,1,0,36,2,2,0.0,0.0,0.0,0.0,0.0,2.0,15,4,10
138354,15,7,3,0,6,3,6,1,1,1,1,18,2,2,0.0,0.0,0.0,0.0,0.0,4.0,9,4,10
184627,15,7,1,0,8,3,6,5,0,1,2,36,2,4,1.0,0.0,0.0,0.0,1.0,2.0,23,6,12
42497,16,2,1,17,8,3,0,1,0,1,2,36,3,4,2.0,0.0,0.0,0.0,2.0,2.0,20,5,4
40379,16,2,1,17,10,3,0,1,1,1,1,36,2,2,0.0,0.0,0.0,0.0,0.0,2.0,21,7,3
151941,16,7,0,2,8,3,6,1,0,1,2,39,1,2,0.0,0.0,0.0,0.0,0.0,1.0,7,3,10
89832,16,2,3,10,2,3,0,1,1,1,1,19,2,2,0.0,0.0,0.0,0.0,0.0,7.0,18,3,7
172791,4,2,1,17,2,3,0,1,0,1,2,18,2,2,0.0,0.0,0.0,0.0,0.0,3.0,20,7,12
185470,16,2,1,15,2,3,0,1,1,1,1,36,2,2,0.0,0.0,0.0,0.0,0.0,2.0,2,6,12
66070,15,11,5,0,8,3,5,5,1,1,2,36,2,2,0.0,0.0,0.0,0.0,0.0,2.0,12,7,5
2571,16,2,1,0,15,3,0,1,0,1,2,6,2,2,0.0,0.0,0.0,0.0,0.0,2.0,5,2,1
70459,4,2,1,7,10,3,0,1,0,1,2,11,3,2,0.0,0.0,0.0,0.0,0.0,1.0,1,1,5
118557,16,2,3,0,6,3,0,1,0,1,2,18,2,2,0.0,0.0,0.0,0.0,0.0,2.0,16,7,8
85389,16,7,3,10,8,3,6,1,1,1,1,36,2,2,0.0,0.0,0.0,0.0,0.0,2.0,13,6,6
94063,15,2,3,8,11,3,0,1,1,1,0,5,2,2,0.0,0.0,0.0,0.0,0.0,2.0,19,6,7
186815,15,2,3,17,6,3,5,5,0,1,2,26,3,2,0.0,0.0,0.0,0.0,0.0,3.0,15,3,12
180432,16,2,0,10,6,3,6,1,1,1,1,19,2,2,0.0,0.0,0.0,0.0,0.0,2.0,17,4,12
178168,15,2,3,17,3,3,0,5,0,1,2,23,2,3,1.0,0.0,0.0,1.0,0.0,1.0,20,2,12
85657,16,2,4,10,15,3,0,1,1,1,1,19,2,2,0.0,0.0,0.0,0.0,0.0,5.0,20,2,6
22022,15,2,3,0,6,3,0,5,0,1,2,18,2,3,2.0,0.0,0.0,2.0,0.0,1.0,16,5,2
81982,15,2,3,15,2,3,0,1,1,1,2,22,2,2,0.0,0.0,0.0,0.0,0.0,2.0,12,2,6
127153,15,2,3,0,6,3,0,1,0,1,2,18,2,2,0.0,0.0,0.0,0.0,0.0,2.0,12,5,9
140978,15,2,3,9,6,3,0,1,0,1,2,18,2,3,1.0,0.0,0.0,1.0,0.0,1.0,16,1,10
140813,16,2,2,9,6,3,5,5,0,1,0,18,2,3,1.0,0.0,0.0,1.0,0.0,1.0,6,5,10
171369,16,2,1,15,2,3,0,1,1,1,2,23,2,2,0.0,0.0,0.0,0.0,0.0,2.0,16,2,11
112503,16,3,3,17,8,3,6,1,0,1,2,18,2,2,0.0,0.0,0.0,0.0,0.0,3.0,7,5,8
29647,4,2,3,17,11,3,0,1,0,1,2,18,2,3,1.0,0.0,0.0,1.0,0.0,2.0,16,1,3
70278,16,2,3,15,2,3,0,1,1,1,2,22,2,2,0.0,0.0,0.0,0.0,0.0,3.0,15,4,5
130842,16,2,1,3,6,3,0,1,0,1,2,18,2,2,0.0,0.0,0.0,0.0,0.0,5.0,20,5,9
105337,16,2,1,3,15,3,0,1,0,1,2,6,2,3,3.0,0.0,0.0,3.0,0.0,1.0,2,3,8
173198,16,2,1,15,3,3,0,0,0,1,2,24,2,3,2.0,0.0,0.0,2.0,0.0,0.0,22,2,12
29536,6,2,1,0,10,3,0,1,1,1,2,11,2,2,0.0,0.0,0.0,0.0,0.0,3.0,3,1,3
52210,15,2,0,0,8,3,0,1,1,1,2,26,3,2,0.0,0.0,0.0,0.0,0.0,3.0,18,3,4
33375,16,2,3,17,2,3,0,1,1,1,1,12,2,2,0.0,0.0,0.0,0.0,0.0,2.0,11,1,3
109691,15,2,3,8,6,3,0,1,0,1,0,17,2,3,1.0,0.0,0.0,1.0,0.0,1.0,19,6,8
177700,16,2,1,15,2,3,4,5,0,1,1,23,2,4,1.0,0.0,0.0,0.0,1.0,2.0,4,1,12
118685,4,2,3,17,2,3,0,1,0,1,2,18,2,4,6.0,0.0,0.0,0.0,6.0,2.0,15,2,8
17051,16,10,1,10,8,3,4,5,1,1,2,36,3,2,0.0,0.0,0.0,0.0,0.0,3.0,19,4,2
55537,15,7,3,10,8,3,6,1,1,1,1,36,2,2,0.0,0.0,0.0,0.0,0.0,2.0,18,1,4
105066,15,2,1,0,2,3,0,1,1,1,0,36,2,2,0.0,0.0,0.0,0.0,0.0,2.0,22,4,8
35081,15,10,3,2,15,3,4,5,0,1,2,36,1,2,0.0,0.0,0.0,0.0,0.0,1.0,16,2,3
81262,17,2,3,0,6,3,0,5,1,1,2,19,2,2,0.0,0.0,0.0,0.0,0.0,4.0,13,7,6
28048,15,2,1,17,8,3,0,1,1,1,2,18,3,2,0.0,0.0,0.0,0.0,0.0,3.0,18,4,2
65508,16,2,3,15,3,3,0,1,1,1,1,26,2,2,0.0,0.0,0.0,0.0,0.0,4.0,12,6,5
53880,16,2,1,10,8,3,0,3,1,1,2,19,2,2,0.0,0.0,0.0,0.0,0.0,2.0,21,4,4
24894,16,2,1,17,2,3,0,1,1,1,2,24,2,2,0.0,0.0,0.0,0.0,0.0,2.0,14,6,2
183747,17,7,3,17,8,3,6,1,1,1,2,18,2,2,0.0,0.0,0.0,0.0,0.0,2.0,9,6,12
89761,15,2,1,0,15,3,0,1,0,1,2,18,2,2,0.0,0.0,0.0,0.0,0.0,3.0,22,3,7
93554,3,2,1,17,10,3,0,1,1,1,1,24,2,2,0.0,0.0,0.0,0.0,0.0,3.0,23,5,7
16959,16,2,3,9,2,3,0,1,0,1,0,18,2,1,1.0,0.0,1.0,0.0,0.0,1.0,16,3,2
28681,16,2,1,0,6,3,0,6,0,1,2,6,2,4,1.0,0.0,0.0,0.0,1.0,2.0,22,6,3
85859,16,2,3,10,2,3,0,5,1,1,2,36,2,2,0.0,0.0,0.0,0.0,0.0,2.0,16,5,6
90945,16,2,1,17,8,3,0,5,0,1,2,23,2,1,1.0,0.0,1.0,0.0,0.0,2.0,2,7,7
39018,16,7,1,0,10,3,6,1,0,1,2,6,3,1,3.0,0.0,2.0,1.0,0.0,3.0,22,1,3
174570,16,2,1,0,3,3,0,1,1,1,2,6,2,2,0.0,0.0,0.0,0.0,0.0,2.0,22,7,12
56683,15,2,3,0,6,3,0,1,0,1,2,5,2,2,0.0,0.0,0.0,0.0,0.0,3.0,18,7,5
119860,4,2,3,15,8,3,0,1,0,1,2,18,2,2,0.0,0.0,0.0,0.0,0.0,3.0,9,4,8
110390,15,2,3,0,10,3,0,1,0,1,2,36,2,3,1.0,0.0,0.0,1.0,0.0,1.0,15,1,8
76407,16,2,5,17,8,3,0,1,1,1,2,36,2,2,0.0,0.0,0.0,0.0,0.0,4.0,17,6,6
49164,16,2,1,17,6,3,0,1,1,1,2,24,2,2,0.0,0.0,0.0,0.0,0.0,2.0,22,5,4
171029,15,2,3,17,15,3,0,1,0,1,2,18,2,2,0.0,0.0,0.0,0.0,0.0,2.0,7,3,11
9063,16,3,3,17,6,3,5,5,1,1,2,36,2,2,0.0,0.0,0.0,0.0,0.0,3.0,16,5,1
167643,15,2,3,5,10,3,0,5,0,1,2,35,1,3,1.0,0.0,0.0,1.0,0.0,0.0,13,4,11
118652,16,2,3,0,6,3,0,5,0,1,2,18,2,4,1.0,0.0,0.0,0.0,1.0,2.0,9,1,8
754,4,3,3,15,8,3,4,1,1,1,2,36,2,2,0.0,0.0,0.0,0.0,0.0,2.0,14,7,1
175085,16,2,1,10,3,3,0,1,0,1,2,19,3,4,1.0,0.0,0.0,0.0,1.0,2.0,17,6,12
115381,16,2,3,9,6,3,0,1,0,1,0,36,2,3,1.0,0.0,0.0,1.0,0.0,1.0,8,1,8
86388,16,2,3,10,8,3,5,5,1,1,2,19,2,2,0.0,0.0,0.0,0.0,0.0,3.0,8,6,6
61179,16,7,3,17,10,3,6,1,0,1,2,24,2,3,3.0,0.0,0.0,3.0,0.0,1.0,15,7,5
51118,4,2,3,0,8,3,0,1,0,0,2,18,2,2,0.0,0.0,0.0,0.0,0.0,4.0,7,5,4
177356,17,2,3,10,8,3,5,5,0,1,2,19,2,3,1.0,0.0,0.0,1.0,0.0,2.0,16,5,12
49345,16,7,1,17,8,3,6,5,1,1,1,23,2,2,0.0,0.0,0.0,0.0,0.0,3.0,23,1,4
173671,4,2,3,17,2,3,0,1,0,1,2,24,2,4,1.0,0.0,0.0,0.0,1.0,2.0,14,3,12
123056,4,2,3,17,6,3,0,5,0,1,2,24,4,4,1.0,0.0,0.0,0.0,1.0,1.0,15,1,9
142856,16,7,3,17,8,3,6,1,1,1,2,36,2,2,0.0,0.0,0.0,0.0,0.0,2.0,14,4,10
120526,16,2,3,15,10,3,0,5,1,0,2,18,2,2,0.0,0.0,0.0,0.0,0.0,2.0,15,6,9
61529,16,2,0,17,8,3,0,1,0,1,2,36,2,2,0.0,0.0,0.0,0.0,0.0,3.0,20,7,5
137822,15,2,3,0,2,3,0,1,1,1,1,36,2,2,0.0,0.0,0.0,0.0,0.0,2.0,16,5,10
5516,16,10,1,10,2,3,5,1,1,1,0,36,2,2,0.0,0.0,0.0,0.0,0.0,2.0,20,6,1
67903,15,2,3,0,6,3,0,1,1,1,2,36,2,2,0.0,0.0,0.0,0.0,0.0,2.0,14,3,5
24607,16,2,1,17,5,5,0,1,0,1,2,36,2,2,0.0,0.0,0.0,0.0,0.0,3.0,22,6,2
137978,4,2,1,17,15,3,0,1,1,1,2,36,2,2,0.0,0.0,0.0,0.0,0.0,2.0,18,7,10
184570,15,7,3,0,6,3,6,1,0,1,2,18,2,2,0.0,0.0,0.0,0.0,0.0,4.0,14,6,12
149951,16,7,3,10,8,3,6,1,1,1,1,19,3,2,0.0,0.0,0.0,0.0,0.0,4.0,10,3,10
183045,16,2,2,17,8,3,0,1,1,1,2,24,2,2,0.0,0.0,0.0,0.0,0.0,2.0,6,3,12
171279,16,2,3,17,8,3,0,1,1,1,1,36,2,2,0.0,0.0,0.0,0.0,0.0,3.0,14,6,11
75457,15,2,3,17,8,3,0,1,0,0,2,36,2,2,0.0,0.0,0.0,0.0,0.0,2.0,7,6,6
41060,15,3,3,17,10,3,0,1,1,1,2,17,2,2,0.0,0.0,0.0,0.0,0.0,2.0,11,5,3
119639,4,2,3,10,3,3,0,1,0,1,2,19,2,3,2.0,0.0,0.0,2.0,0.0,0.0,11,1,8
64175,15,2,3,17,2,3,0,1,1,1,2,24,2,2,0.0,0.0,0.0,0.0,0.0,2.0,9,5,5
152152,16,2,1,10,8,3,0,1,1,1,1,17,2,2,0.0,0.0,0.0,0.0,0.0,2.0,19,2,10
147936,15,2,3,0,10,3,0,1,1,0,2,18,2,2,0.0,0.0,0.0,0.0,0.0,4.0,15,6,10
42997,4,5,1,17,6,3,6,1,0,1,2,18,2,3,3.0,0.0,0.0,2.0,1.0,0.0,19,7,4
25370,16,2,1,0,8,3,0,1,1,1,2,18,2,2,0.0,0.0,0.0,0.0,0.0,2.0,19,7,2
11722,16,5,1,14,2,3,6,1,1,0,2,21,2,2,0.0,0.0,0.0,0.0,0.0,4.0,1,2,1
50711,16,2,3,17,6,3,0,1,0,1,2,6,3,2,0.0,0.0,0.0,0.0,0.0,3.0,10,6,4
40938,17,11,3,15,3,3,5,5,1,1,2,36,2,2,0.0,0.0,0.0,0.0,0.0,2.0,14,5,3
155255,15,7,1,0,18,3,6,1,0,1,2,5,2,2,0.0,0.0,0.0,0.0,0.0,2.0,1,5,10
25416,15,2,3,0,9,3,0,1,0,1,2,18,3,3,3.0,0.0,0.0,3.0,0.0,1.0,14,1,2
103991,16,2,0,17,11,3,0,1,1,1,1,21,2,2,0.0,0.0,0.0,0.0,0.0,2.0,22,3,8
111573,16,2,3,10,8,3,0,1,1,0,1,8,2,2,0.0,0.0,0.0,0.0,0.0,2.0,16,5,8
117046,16,7,3,17,6,3,6,1,1,1,2,36,2,2,0.0,0.0,0.0,0.0,0.0,2.0,9,5,8
103954,4,7,3,10,8,3,6,1,1,0,1,39,3,2,0.0,0.0,0.0,0.0,0.0,3.0,15,3,8
183286,15,2,3,8,6,3,0,1,0,1,2,5,2,3,1.0,0.0,0.0,1.0,0.0,1.0,13,1,12
62596,4,3,3,15,8,3,0,1,0,1,2,36,2,2,0.0,0.0,0.0,0.0,0.0,2.0,13,7,5
172224,16,2,3,10,10,3,0,5,1,1,2,36,2,2,0.0,0.0,0.0,0.0,0.0,2.0,9,6,12
58981,17,2,3,17,6,3,0,1,0,1,2,17,2,3,1.0,0.0,0.0,1.0,0.0,1.0,12,2,5
91593,15,2,3,17,8,3,0,1,0,1,2,18,2,3,1.0,0.0,0.0,1.0,0.0,1.0,12,2,7
52832,16,2,1,15,6,3,0,1,0,1,2,19,2,2,0.0,0.0,0.0,0.0,0.0,2.0,22,1,4
187662,16,2,3,0,8,3,6,1,1,1,2,36,2,2,0.0,0.0,0.0,0.0,0.0,2.0,10,7,12
99441,4,2,1,9,10,3,0,1,0,1,0,36,2,3,1.0,0.0,0.0,1.0,0.0,1.0,0,5,7
148980,16,2,1,15,2,3,0,1,1,1,2,36,2,2,0.0,0.0,0.0,0.0,0.0,3.0,18,5,10
131811,16,2,0,0,2,3,0,1,1,1,2,18,2,2,0.0,0.0,0.0,0.0,0.0,2.0,18,2,9
20725,16,2,3,9,8,3,6,1,0,1,0,18,2,3,1.0,0.0,0.0,1.0,0.0,1.0,10,4,2
41629,16,7,3,15,6,3,6,1,1,1,2,22,2,2,0.0,0.0,0.0,0.0,0.0,2.0,14,4,3
130535,16,2,3,10,6,3,0,5,1,1,2,19,2,2,0.0,0.0,0.0,0.0,0.0,2.0,7,2,9
136332,16,2,3,17,8,3,0,1,1,1,1,19,2,2,0.0,0.0,0.0,0.0,0.0,2.0,8,4,9
4315,4,2,3,17,2,3,0,5,1,1,2,36,2,2,0.0,0.0,0.0,0.0,0.0,3.0,15,5,1
25374,4,7,1,17,8,3,6,1,1,1,2,24,2,2,0.0,0.0,0.0,0.0,0.0,2.0,20,7,2
124196,15,2,3,0,8,3,0,1,1,1,2,3,2,2,0.0,0.0,0.0,0.0,0.0,2.0,7,4,9
73991,16,2,3,17,10,3,0,1,1,1,1,24,2,2,0.0,0.0,0.0,0.0,0.0,2.0,14,4,6
560,16,2,4,10,8,3,5,1,1,1,2,36,2,2,0.0,0.0,0.0,0.0,0.0,2.0,15,3,1
3635,15,2,1,17,8,3,0,1,0,1,2,18,2,3,2.0,0.0,0.0,2.0,0.0,0.0,21,6,1
73625,16,2,1,15,2,3,0,1,1,1,1,36,2,2,0.0,0.0,0.0,0.0,0.0,2.0,20,6,6
88868,4,2,3,17,11,3,0,1,0,1,0,18,3,2,0.0,0.0,0.0,0.0,0.0,2.0,16,3,7
20926,16,2,1,0,19,3,0,1,1,1,2,6,2,2,0.0,0.0,0.0,0.0,0.0,2.0,19,1,2
1121,16,2,1,10,2,3,0,1,0,1,2,36,2,4,1.0,0.0,0.0,0.0,1.0,1.0,19,5,1
148777,15,2,0,2,8,3,0,1,0,0,2,36,1,2,0.0,0.0,0.0,0.0,0.0,1.0,2,1,10
29130,16,2,1,0,2,3,0,1,1,1,2,6,3,2,0.0,0.0,0.0,0.0,0.0,3.0,0,7,3
142992,16,2,3,17,2,3,0,1,1,1,1,12,2,2,0.0,0.0,0.0,0.0,0.0,2.0,11,5,10
147226,15,11,3,17,2,3,5,5,1,1,2,36,2,2,0.0,0.0,0.0,0.0,0.0,2.0,13,2,10
29056,16,2,2,10,6,3,0,1,1,1,0,36,2,2,0.0,0.0,0.0,0.0,0.0,2.0,6,5,3
132493,16,2,3,10,2,3,0,1,1,0,2,36,3,2,0.0,0.0,0.0,0.0,0.0,4.0,7,6,9
36628,4,2,3,15,1,5,0,1,1,1,2,12,2,2,0.0,0.0,0.0,0.0,0.0,3.0,12,7,3
64331,16,2,3,17,8,3,0,1,0,1,2,6,2,3,1.0,0.0,0.0,1.0,0.0,2.0,5,2,5
38607,16,2,1,17,11,3,0,1,1,1,1,38,2,2,0.0,0.0,0.0,0.0,0.0,4.0,23,7,3
170630,15,7,3,0,8,3,6,1,1,1,1,18,2,2,0.0,0.0,0.0,0.0,0.0,2.0,14,2,11
102662,16,2,3,0,10,3,0,5,1,1,1,6,2,2,0.0,0.0,0.0,0.0,0.0,2.0,11,5,7
182742,16,2,1,15,8,3,0,1,1,1,1,22,2,2,0.0,0.0,0.0,0.0,0.0,2.0,16,7,12
87962,16,2,3,9,8,3,0,1,0,1,0,18,2,4,1.0,0.0,0.0,0.0,1.0,1.0,9,2,7
119835,16,2,1,10,3,3,0,5,1,1,2,36,2,2,0.0,0.0,0.0,0.0,0.0,2.0,19,4,8
154013,4,2,3,17,8,3,0,1,1,1,1,24,2,2,0.0,0.0,0.0,0.0,0.0,2.0,8,2,10
135901,4,2,3,10,8,3,0,1,1,1,2,21,2,2,0.0,0.0,0.0,0.0,0.0,3.0,11,4,9
115149,16,2,3,17,8,3,0,1,0,1,2,26,2,3,1.0,0.0,0.0,1.0,0.0,1.0,14,4,8
9219,15,2,3,0,8,3,6,1,1,1,2,12,2,2,0.0,0.0,0.0,0.0,0.0,2.0,8,6,1
167391,4,2,2,17,8,3,0,1,1,1,2,24,2,2,0.0,0.0,0.0,0.0,0.0,3.0,17,2,11
171759,16,2,1,0,2,3,6,1,0,1,1,6,2,2,0.0,0.0,0.0,0.0,0.0,3.0,0,6,11
116197,15,2,1,0,8,3,0,1,0,1,2,5,2,2,0.0,0.0,0.0,0.0,0.0,2.0,22,5,8
126476,16,7,3,15,8,3,6,1,0,1,2,23,2,2,0.0,0.0,0.0,0.0,0.0,2.0,7,2,9
23345,16,1,3,17,16,3,4,5,1,1,2,36,2,2,0.0,0.0,0.0,0.0,0.0,2.0,10,6,2
35533,16,2,1,0,8,3,0,1,0,1,2,36,2,3,4.0,0.0,0.0,4.0,0.0,0.0,0,2,3
171678,15,2,3,17,2,3,0,1,0,1,2,17,2,4,1.0,0.0,0.0,0.0,1.0,1.0,14,6,11
177298,16,2,3,10,6,3,5,1,1,1,1,19,2,2,0.0,0.0,0.0,0.0,0.0,2.0,16,3,12
109255,4,2,3,17,8,3,0,1,1,1,2,24,2,2,0.0,0.0,0.0,0.0,0.0,2.0,10,5,8
119753,16,2,3,10,2,3,0,1,1,1,2,24,2,2,0.0,0.0,0.0,0.0,0.0,2.0,17,3,8
30492,16,2,3,0,3,3,0,1,1,1,2,6,2,2,0.0,0.0,0.0,0.0,0.0,4.0,11,3,3
10853,15,2,3,0,8,3,0,1,0,1,2,5,3,3,1.0,0.0,0.0,1.0,0.0,2.0,9,7,1
35164,15,2,3,15,8,3,0,1,1,1,2,18,2,2,0.0,0.0,0.0,0.0,0.0,4.0,12,3,3
132794,15,2,1,7,6,3,0,1,1,1,0,24,2,2,0.0,0.0,0.0,0.0,0.0,1.0,1,5,9
36924,16,2,3,17,6,3,0,1,0,1,2,18,2,2,0.0,0.0,0.0,0.0,0.0,2.0,18,6,3
34403,16,2,4,15,8,3,0,1,1,1,1,36,2,2,0.0,0.0,0.0,0.0,0.0,2.0,18,4,3
64992,4,2,3,17,8,3,0,2,1,1,2,24,2,2,0.0,0.0,0.0,0.0,0.0,2.0,14,7,5
70141,16,2,3,10,2,3,0,1,0,1,2,13,2,2,0.0,0.0,0.0,0.0,0.0,2.0,10,3,5
152831,16,2,3,7,8,3,0,1,0,1,2,21,2,2,0.0,0.0,0.0,0.0,0.0,1.0,17,6,10