crash_date,               traffic_control_device,weather_condition,lighting_condition,first_crash_type,trafficway_type,alignment,roadway_surface_cond,road_defect,crash_type,intersection_related_i,damage,prim_contributory_cause,num_units,most_severe_injury,injuries_total,injuries_fatal,injuries_incapacitating,injuries_non_incapacitating,injuries_reported_not_evident,injuries_no_indication,crash_hour,crash_day_of_week,crash_month
179835,4,7,1,17,11,3,6,1,0,1,2,18,2,2,0.0,0.0,0.0,0.0,0.0,3.0,23,3,12
152780,16,2,3,10,8,3,0,1,1,1,2,19,2,2,0.0,0.0,0.0,0.0,0.0,2.0,7,3,10
326,16,10,1,10,8,3,4,1,1,1,2,19,2,2,0.0,0.0,0.0,0.0,0.0,3.0,18,7,1
95747,16,2,1,17,6,3,0,1,0,1,2,24,4,3,1.0,0.0,0.0,1.0,0.0,6.0,23,5,7
128374,16,2,3,17,8,3,0,1,1,1,1,36,2,2,0.0,0.0,0.0,0.0,0.0,3.0,17,6,9
27541,16,2,3,17,10,3,6,1,1,1,2,23,2,2,0.0,0.0,0.0,0.0,0.0,2.0,9,2,2
171998,16,2,3,0,8,3,0,1,0,1,2,9,2,2,0.0,0.0,0.0,0.0,0.0,2.0,10,4,11
143161,15,2,4,17,6,3,0,1,1,1,2,36,2,2,0.0,0.0,0.0,0.0,0.0,2.0,18,2,10
165914,16,2,1,17,3,3,0,1,0,1,2,18,2,2,0.0,0.0,0.0,0.0,0.0,3.0,16,5,11
162955,15,2,1,0,8,3,0,1,1,1,2,36,2,2,0.0,0.0,0.0,0.0,0.0,2.0,17,4,11
39792,15,2,3,0,8,3,0,1,0,1,2,22,3,2,0.0,0.0,0.0,0.0,0.0,2.0,18,2,3
163241,15,2,5,0,6,3,0,1,1,1,2,5,2,2,0.0,0.0,0.0,0.0,0.0,2.0,16,7,11
167990,16,2,3,17,8,3,0,1,1,1,2,18,2,2,0.0,0.0,0.0,0.0,0.0,2.0,9,3,11
16306,16,2,1,15,8,3,0,1,1,1,2,36,2,2,0.0,0.0,0.0,0.0,0.0,6.0,18,6,2
108695,15,2,3,0,8,3,0,1,0,1,2,36,2,3,1.0,0.0,0.0,1.0,0.0,2.0,10,6,8
42540,16,2,3,17,8,3,0,1,1,1,2,24,2,2,0.0,0.0,0.0,0.0,0.0,3.0,16,6,4
9865,16,2,1,9,1,3,0,1,1,1,0,8,2,2,0.0,0.0,0.0,0.0,0.0,2.0,18,5,1
156921,15,2,3,17,2,3,0,1,1,1,2,18,2,2,0.0,0.0,0.0,0.0,0.0,2.0,15,6,11
91738,15,2,3,17,6,3,5,5,1,1,0,36,2,2,0.0,0.0,0.0,0.0,0.0,2.0,16,6,7
139859,17,11,5,10,3,3,5,5,1,1,2,36,2,2,0.0,0.0,0.0,0.0,0.0,2.0,13,2,10
8163,16,2,0,17,8,3,6,1,0,1,2,18,2,3,1.0,0.0,0.0,1.0,0.0,3.0,21,4,1
187208,16,7,1,10,2,3,6,1,1,1,0,19,2,2,0.0,0.0,0.0,0.0,0.0,2.0,21,7,12
136957,16,2,3,10,3,3,0,1,1,1,0,12,2,2,0.0,0.0,0.0,0.0,0.0,2.0,9,6,9
151080,15,2,1,0,2,3,0,1,0,1,2,18,2,2,0.0,0.0,0.0,0.0,0.0,3.0,18,4,10
18978,15,10,1,10,10,3,1,1,0,1,0,39,2,4,1.0,0.0,0.0,0.0,1.0,1.0,17,3,2
184488,16,2,1,17,5,3,0,1,0,1,2,36,2,2,0.0,0.0,0.0,0.0,0.0,4.0,22,4,12
100838,16,2,3,17,8,3,0,1,1,1,2,18,2,2,0.0,0.0,0.0,0.0,0.0,3.0,9,5,7
161769,16,2,1,10,6,3,0,6,0,1,2,6,3,3,1.0,0.0,0.0,1.0,0.0,10.0,23,7,11
41301,4,2,3,0,6,3,6,1,1,1,2,6,2,2,0.0,0.0,0.0,0.0,0.0,4.0,11,4,3
168939,16,7,1,10,8,3,6,1,0,1,2,36,3,3,5.0,0.0,0.0,5.0,0.0,2.0,21,4,11
68349,4,2,3,7,2,3,0,1,0,1,2,36,2,2,0.0,0.0,0.0,0.0,0.0,1.0,15,3,5
65808,16,2,3,10,6,3,0,1,1,1,2,17,2,2,0.0,0.0,0.0,0.0,0.0,2.0,16,5,5
89007,16,2,3,10,8,3,0,1,0,1,1,19,2,4,1.0,0.0,0.0,0.0,1.0,1.0,15,6,7
123251,4,2,3,17,6,3,0,5,0,1,2,18,2,3,1.0,0.0,0.0,1.0,0.0,2.0,7,5,9
169586,16,2,3,15,8,3,0,5,1,1,1,36,2,2,0.0,0.0,0.0,0.0,0.0,2.0,8,2,11
62743,16,2,3,17,8,3,0,1,1,1,0,24,2,2,0.0,0.0,0.0,0.0,0.0,2.0,7,3,5
67357,16,2,2,0,6,3,0,1,1,1,2,36,2,2,0.0,0.0,0.0,0.0,0.0,2.0,4,1,5
3860,4,10,0,7,8,3,4,1,0,0,2,36,2,3,4.0,0.0,0.0,2.0,2.0,0.0,0,4,1
92246,16,2,3,10,8,4,0,1,0,1,1,19,2,3,1.0,0.0,0.0,1.0,0.0,2.0,17,7,7
128617,8,2,1,0,6,3,0,1,0,1,2,18,2,1,1.0,0.0,1.0,0.0,0.0,1.0,1,4,9
1278,16,2,1,0,6,3,1,1,1,1,2,6,3,2,0.0,0.0,0.0,0.0,0.0,8.0,16,2,1
40096,16,11,5,10,8,3,5,1,1,1,0,19,2,2,0.0,0.0,0.0,0.0,0.0,2.0,12,1,3
48872,17,2,3,10,8,3,0,5,1,1,0,26,2,2,0.0,0.0,0.0,0.0,0.0,2.0,16,7,4
134985,16,2,1,17,6,3,0,1,0,1,2,18,2,2,0.0,0.0,0.0,0.0,0.0,2.0,20,5,9
179712,4,2,3,10,6,3,0,1,1,1,2,36,2,2,0.0,0.0,0.0,0.0,0.0,2.0,11,7,12
99894,16,2,1,0,8,3,0,1,0,1,2,6,2,3,2.0,0.0,0.0,2.0,0.0,1.0,23,4,7
120196,6,2,3,15,2,3,0,1,1,1,1,17,2,2,0.0,0.0,0.0,0.0,0.0,2.0,11,2,8
76875,4,11,5,17,8,3,5,5,1,1,2,36,2,2,0.0,0.0,0.0,0.0,0.0,2.0,10,5,6
135232,16,7,3,9,8,3,6,5,0,1,2,17,3,3,2.0,0.0,0.0,2.0,0.0,1.0,8,3,9
188105,16,2,0,10,2,3,5,5,1,1,1,19,2,2,0.0,0.0,0.0,0.0,0.0,5.0,17,7,12
31887,17,3,5,0,17,3,5,5,1,1,2,36,2,2,0.0,0.0,0.0,0.0,0.0,3.0,11,6,3
187021,16,10,3,10,2,3,4,1,1,1,1,17,2,2,0.0,0.0,0.0,0.0,0.0,3.0,10,2,12
30363,16,2,3,17,8,3,0,1,0,1,2,18,2,3,1.0,0.0,0.0,1.0,0.0,2.0,10,7,3
7390,16,2,3,10,6,3,6,1,1,1,2,19,2,2,0.0,0.0,0.0,0.0,0.0,2.0,12,7,1
185418,15,2,1,0,6,3,0,1,0,1,2,36,5,2,0.0,0.0,0.0,0.0,0.0,3.0,2,5,12
33730,16,2,1,17,8,3,0,1,0,1,2,18,2,2,0.0,0.0,0.0,0.0,0.0,5.0,23,1,3
75011,4,2,3,17,8,3,0,1,1,1,2,18,2,2,0.0,0.0,0.0,0.0,0.0,2.0,9,4,6
79197,16,2,3,8,6,3,0,1,0,1,2,36,2,3,1.0,0.0,0.0,1.0,0.0,1.0,19,4,6
1738,15,2,4,0,8,3,0,1,0,1,2,18,2,4,1.0,0.0,0.0,0.0,1.0,1.0,16,3,1
183496,16,10,1,0,6,3,6,1,0,1,2,6,2,2,0.0,0.0,0.0,0.0,0.0,2.0,1,6,12
51971,4,3,3,10,8,3,0,1,0,1,2,36,2,2,0.0,0.0,0.0,0.0,0.0,4.0,16,7,4
58621,16,2,1,0,6,3,0,1,0,1,2,6,2,4,1.0,0.0,0.0,0.0,1.0,2.0,22,2,5
43660,16,2,3,17,2,3,0,1,1,1,0,18,2,2,0.0,0.0,0.0,0.0,0.0,2.0,15,4,4
169772,4,7,3,9,5,3,6,1,0,0,1,36,2,3,1.0,0.0,0.0,1.0,0.0,1.0,15,3,11
171224,15,2,1,0,8,3,0,1,0,1,2,18,2,3,2.0,0.0,0.0,2.0,0.0,1.0,17,5,11
184346,16,2,4,0,6,3,0,1,1,1,1,6,2,2,0.0,0.0,0.0,0.0,0.0,3.0,16,1,12
107479,15,2,2,0,8,3,5,1,0,1,2,36,3,2,0.0,0.0,0.0,0.0,0.0,7.0,5,7,8
18373,16,2,3,17,8,3,0,1,1,1,2,24,2,2,0.0,0.0,0.0,0.0,0.0,4.0,14,6,2
128358,15,2,3,0,8,3,0,1,0,1,2,5,2,2,0.0,0.0,0.0,0.0,0.0,2.0,14,6,9
85008,16,2,3,15,8,3,0,1,1,1,2,36,2,2,0.0,0.0,0.0,0.0,0.0,2.0,14,7,6
24689,16,10,3,0,16,3,6,1,0,1,2,7,2,3,4.0,0.0,0.0,4.0,0.0,0.0,10,2,2
2722,16,2,3,10,8,3,0,1,1,1,1,19,2,2,0.0,0.0,0.0,0.0,0.0,2.0,9,5,1
158933,15,11,0,0,8,3,5,5,1,1,2,36,2,2,0.0,0.0,0.0,0.0,0.0,4.0,15,7,11
29265,16,2,0,2,3,3,0,1,1,1,0,12,1,2,0.0,0.0,0.0,0.0,0.0,1.0,18,1,3
178060,16,2,3,17,3,3,0,1,0,1,2,3,2,2,0.0,0.0,0.0,0.0,0.0,5.0,10,7,12
33405,16,2,3,17,2,3,6,1,1,1,0,18,2,2,0.0,0.0,0.0,0.0,0.0,3.0,7,2,3
29116,15,2,3,10,15,3,0,1,1,1,1,23,2,2,0.0,0.0,0.0,0.0,0.0,2.0,8,7,3
81117,15,2,3,0,6,3,0,1,0,1,2,5,2,4,1.0,0.0,0.0,0.0,1.0,1.0,16,5,6
180314,4,2,3,17,6,3,0,5,0,1,1,36,2,2,0.0,0.0,0.0,0.0,0.0,2.0,15,1,12
131426,15,2,3,0,6,3,0,1,0,1,2,37,2,3,2.0,0.0,0.0,2.0,0.0,1.0,17,6,9
93200,4,2,3,0,6,3,6,1,1,1,2,39,2,2,0.0,0.0,0.0,0.0,0.0,3.0,12,7,7
54790,15,11,4,0,6,3,6,1,0,1,2,18,2,3,3.0,0.0,0.0,3.0,0.0,1.0,19,4,4
99179,16,2,3,10,10,3,0,1,1,1,2,19,2,2,0.0,0.0,0.0,0.0,0.0,2.0,18,2,7
36478,16,2,3,10,3,3,0,5,1,1,0,19,2,2,0.0,0.0,0.0,0.0,0.0,3.0,20,5,3
105612,16,2,3,10,2,3,0,1,1,1,0,36,2,2,0.0,0.0,0.0,0.0,0.0,2.0,14,6,8
176928,15,9,3,0,6,3,4,1,1,1,2,18,2,2,0.0,0.0,0.0,0.0,0.0,2.0,8,6,12
115678,16,2,3,17,10,3,0,1,0,1,1,36,2,3,3.0,0.0,0.0,3.0,0.0,3.0,17,5,8
45992,4,2,3,17,6,3,0,1,1,1,1,18,2,2,0.0,0.0,0.0,0.0,0.0,2.0,13,5,4
26484,4,1,3,0,8,3,4,5,0,1,2,18,2,2,0.0,0.0,0.0,0.0,0.0,4.0,7,6,2
59362,16,2,1,0,6,3,0,1,0,1,2,6,2,2,0.0,0.0,0.0,0.0,0.0,2.0,2,1,5
117992,16,2,3,17,6,3,0,1,0,1,2,18,2,3,1.0,0.0,0.0,1.0,0.0,2.0,17,6,8
136846,16,2,3,17,8,3,0,1,1,1,2,18,2,2,0.0,0.0,0.0,0.0,0.0,2.0,15,5,9
64432,16,2,3,17,8,3,0,1,1,1,2,22,2,2,0.0,0.0,0.0,0.0,0.0,2.0,16,4,5
112681,4,7,3,14,3,2,6,1,0,1,2,17,3,4,2.0,0.0,0.0,0.0,2.0,3.0,12,7,8
40753,16,7,3,17,8,3,6,1,0,1,2,18,2,2,0.0,0.0,0.0,0.0,0.0,3.0,8,7,3
88065,16,2,2,9,6,3,0,1,0,1,1,18,2,1,1.0,0.0,1.0,0.0,0.0,1.0,5,5,7
76324,16,2,3,0,6,3,0,3,0,1,2,36,2,2,0.0,0.0,0.0,0.0,0.0,2.0,12,4,6
168537,16,2,1,17,6,3,0,5,1,1,1,24,2,2,0.0,0.0,0.0,0.0,0.0,7.0,22,5,11
46179,16,2,3,9,3,3,0,1,0,1,2,18,2,3,1.0,0.0,0.0,1.0,0.0,1.0,18,1,4
20908,15,2,3,0,2,3,0,1,1,1,2,18,2,2,0.0,0.0,0.0,0.0,0.0,6.0,14,1,2
129503,4,2,3,15,8,3,0,1,1,1,0,23,2,2,0.0,0.0,0.0,0.0,0.0,2.0,16,7,9
39844,4,2,3,7,10,3,0,1,1,1,2,24,2,2,0.0,0.0,0.0,0.0,0.0,1.0,16,3,3
54459,16,2,3,9,6,3,0,5,0,1,0,38,3,3,2.0,0.0,0.0,2.0,0.0,1.0,14,7,4
95967,16,2,3,17,8,3,0,1,1,1,2,11,2,2,0.0,0.0,0.0,0.0,0.0,2.0,5,3,7
163391,4,2,3,17,10,3,0,1,1,1,1,36,2,2,0.0,0.0,0.0,0.0,0.0,2.0,7,2,11
175317,15,2,3,17,15,3,0,1,0,1,2,18,2,2,0.0,0.0,0.0,0.0,0.0,4.0,7,4,12
62014,16,2,3,17,6,3,0,1,0,1,2,18,2,4,1.0,0.0,0.0,0.0,1.0,1.0,16,1,5
44640,16,2,0,17,8,3,0,1,1,1,0,35,2,2,0.0,0.0,0.0,0.0,0.0,2.0,23,7,4
70898,16,2,3,17,2,3,0,1,0,1,2,6,2,3,2.0,0.0,0.0,2.0,0.0,1.0,12,7,5
3681,15,5,1,0,6,3,1,1,0,1,2,39,2,3,1.0,0.0,0.0,1.0,0.0,1.0,20,7,1
25047,16,5,1,2,2,3,4,1,0,1,2,39,1,2,0.0,0.0,0.0,0.0,0.0,2.0,0,2,2
111452,15,2,3,10,2,3,0,1,1,1,2,19,2,2,0.0,0.0,0.0,0.0,0.0,2.0,7,3,8
156797,16,2,3,17,6,5,0,1,0,1,2,36,2,2,0.0,0.0,0.0,0.0,0.0,2.0,8,5,11
107718,16,2,3,10,2,3,0,1,0,1,2,17,2,3,2.0,0.0,0.0,2.0,0.0,1.0,10,2,8
65765,15,2,3,0,18,3,0,1,0,1,2,5,2,2,0.0,0.0,0.0,0.0,0.0,2.0,8,4,5
2577,15,2,2,17,6,3,0,5,1,1,2,18,2,2,0.0,0.0,0.0,0.0,0.0,2.0,18,2,1
135571,15,2,5,17,8,3,0,5,0,0,2,36,2,4,1.0,0.0,0.0,0.0,1.0,1.0,17,1,9
100823,16,2,3,0,3,3,0,1,1,1,2,6,3,2,0.0,0.0,0.0,0.0,0.0,6.0,18,5,7
136640,16,2,3,10,2,3,0,1,1,1,1,19,2,2,0.0,0.0,0.0,0.0,0.0,2.0,10,7,9
137983,16,2,3,15,10,3,0,1,0,1,2,12,2,3,1.0,0.0,0.0,1.0,0.0,1.0,19,7,10
143914,4,2,3,15,8,3,0,1,1,0,2,19,2,2,0.0,0.0,0.0,0.0,0.0,2.0,9,4,10
32571,15,11,1,7,8,3,5,1,0,1,2,5,2,2,0.0,0.0,0.0,0.0,0.0,1.0,5,1,3
58258,15,7,3,0,8,3,6,1,1,1,1,5,2,2,0.0,0.0,0.0,0.0,0.0,2.0,15,5,5
2131,16,2,4,17,6,3,0,1,1,1,1,36,2,2,0.0,0.0,0.0,0.0,0.0,4.0,18,1,1
187417,16,7,0,17,6,3,6,1,0,1,2,18,2,4,2.0,0.0,0.0,0.0,2.0,2.0,17,5,12
185285,6,10,3,0,4,3,4,1,0,1,2,26,2,2,0.0,0.0,0.0,0.0,0.0,2.0,10,1,12
102968,16,2,3,0,2,3,0,1,0,1,2,6,2,3,2.0,0.0,0.0,2.0,0.0,2.0,12,2,7
30530,16,2,1,0,8,3,0,1,0,1,2,36,2,2,0.0,0.0,0.0,0.0,0.0,2.0,19,2,3
16395,16,2,3,15,8,3,0,1,1,1,2,12,2,2,0.0,0.0,0.0,0.0,0.0,4.0,12,7,2
17939,16,7,3,9,3,3,6,1,0,1,0,18,2,3,1.0,0.0,0.0,1.0,0.0,1.0,7,5,2
16379,16,2,3,17,6,3,0,1,1,1,2,36,3,2,0.0,0.0,0.0,0.0,0.0,3.0,9,7,2
131986,15,2,3,15,8,4,0,1,1,1,0,23,2,2,0.0,0.0,0.0,0.0,0.0,2.0,9,6,9
185349,16,2,3,17,2,3,0,1,0,1,2,18,2,3,2.0,0.0,0.0,1.0,1.0,2.0,10,2,12
108640,15,2,3,0,8,3,0,1,1,1,1,18,2,2,0.0,0.0,0.0,0.0,0.0,2.0,13,6,8
96225,16,2,3,9,8,3,0,1,1,1,0,7,2,2,0.0,0.0,0.0,0.0,0.0,4.0,12,4,7
152752,16,2,3,2,6,3,0,2,1,1,2,33,1,2,0.0,0.0,0.0,0.0,0.0,1.0,22,7,10
78345,16,2,3,17,16,3,6,1,0,1,2,18,2,2,0.0,0.0,0.0,0.0,0.0,2.0,8,5,6
95921,4,2,1,0,6,3,0,1,0,1,2,36,2,1,2.0,0.0,1.0,1.0,0.0,3.0,20,1,7
71849,15,2,3,17,8,3,0,1,1,1,0,24,2,2,0.0,0.0,0.0,0.0,0.0,2.0,18,6,6
79004,18,2,3,0,6,3,0,1,0,1,2,6,2,4,1.0,0.0,0.0,0.0,1.0,1.0,11,1,6
67819,15,2,1,10,8,3,0,1,1,1,2,19,2,2,0.0,0.0,0.0,0.0,0.0,2.0,21,1,5
162691,4,10,3,7,10,3,1,6,1,1,2,39,3,2,0.0,0.0,0.0,0.0,0.0,1.0,12,4,11
155585,16,10,1,10,3,3,6,1,1,1,0,17,2,2,0.0,0.0,0.0,0.0,0.0,2.0,21,3,10
70247,15,2,0,0,8,3,0,1,0,1,2,5,2,3,1.0,0.0,0.0,1.0,0.0,1.0,21,3,5
14331,16,2,1,0,6,3,0,1,0,1,2,36,2,2,0.0,0.0,0.0,0.0,0.0,6.0,17,5,1
84465,6,7,1,17,8,3,6,1,1,1,0,39,2,2,0.0,0.0,0.0,0.0,0.0,2.0,17,5,6
116132,16,2,3,17,6,4,0,1,0,1,2,6,2,1,1.0,0.0,1.0,0.0,0.0,6.0,12,6,8
20117,16,7,1,10,8,3,0,5,1,1,1,18,2,2,0.0,0.0,0.0,0.0,0.0,2.0,2,1,2
70196,16,2,1,15,8,3,0,1,1,1,1,22,2,2,0.0,0.0,0.0,0.0,0.0,3.0,22,2,5
29280,15,2,1,10,8,3,0,1,1,1,2,19,2,2,0.0,0.0,0.0,0.0,0.0,2.0,0,1,3
163500,15,7,3,17,6,4,6,5,1,1,2,17,2,2,0.0,0.0,0.0,0.0,0.0,2.0,15,5,11
127425,4,2,3,15,2,3,0,1,1,1,2,18,2,2,0.0,0.0,0.0,0.0,0.0,2.0,12,6,9
136059,16,7,1,2,10,3,6,1,0,1,2,36,1,2,0.0,0.0,0.0,0.0,0.0,1.0,1,7,9
7008,16,2,3,17,6,3,4,1,0,1,2,6,2,2,0.0,0.0,0.0,0.0,0.0,2.0,7,3,1
32213,4,2,3,7,10,3,0,1,0,1,2,36,2,2,0.0,0.0,0.0,0.0,0.0,1.0,12,3,3
20965,16,2,1,0,9,3,0,1,0,1,2,6,2,2,0.0,0.0,0.0,0.0,0.0,4.0,18,2,2
160017,15,2,3,0,8,3,0,2,0,1,2,18,2,2,0.0,0.0,0.0,0.0,0.0,5.0,7,2,11
7050,16,2,1,0,8,3,0,4,1,1,2,18,2,2,0.0,0.0,0.0,0.0,0.0,2.0,19,6,1
127100,17,11,5,14,15,3,5,5,1,1,1,36,2,2,0.0,0.0,0.0,0.0,0.0,2.0,4,5,9
58129,15,5,3,0,6,3,6,1,0,1,2,18,2,3,6.0,0.0,0.0,6.0,0.0,0.0,14,3,5
141385,16,2,3,17,3,3,0,1,1,1,0,36,2,2,0.0,0.0,0.0,0.0,0.0,2.0,8,5,10
83789,16,2,3,17,8,3,0,1,1,1,2,36,2,2,0.0,0.0,0.0,0.0,0.0,2.0,13,1,6
70964,15,2,3,17,2,3,0,1,0,1,2,26,2,4,1.0,0.0,0.0,0.0,1.0,1.0,12,1,5
93070,16,2,3,17,5,3,0,1,1,0,2,36,2,2,0.0,0.0,0.0,0.0,0.0,2.0,14,5,7
163238,16,3,3,0,8,3,0,1,0,1,2,36,3,1,1.0,0.0,1.0,0.0,0.0,2.0,16,7,11
120119,4,7,1,0,11,3,6,1,0,1,2,36,2,4,1.0,0.0,0.0,0.0,1.0,5.0,19,7,8
11699,16,10,3,17,6,3,6,1,0,1,2,3,2,2,0.0,0.0,0.0,0.0,0.0,3.0,8,1,1
6846,16,2,1,0,6,3,0,1,0,1,2,6,2,3,3.0,0.0,0.0,3.0,0.0,0.0,0,6,1
7630,15,10,3,9,8,3,4,1,0,1,0,5,2,3,1.0,0.0,0.0,1.0,0.0,2.0,7,3,1
9935,16,3,3,0,6,3,6,1,0,1,2,6,2,3,2.0,0.0,0.0,2.0,0.0,1.0,9,6,1
42213,16,11,0,17,8,3,0,1,1,1,2,24,2,2,0.0,0.0,0.0,0.0,0.0,2.0,3,1,3
119113,16,2,1,10,8,3,0,1,1,1,2,36,2,2,0.0,0.0,0.0,0.0,0.0,2.0,23,7,8
172113,15,2,1,17,8,3,0,1,0,1,2,36,2,2,0.0,0.0,0.0,0.0,0.0,5.0,19,7,11
57709,16,2,3,17,19,3,0,1,1,1,2,24,2,2,0.0,0.0,0.0,0.0,0.0,2.0,6,3,5
131983,3,3,3,17,2,3,0,1,1,1,2,18,2,2,0.0,0.0,0.0,0.0,0.0,2.0,9,6,9
174746,16,2,3,10,8,3,0,5,1,1,2,17,2,2,0.0,0.0,0.0,0.0,0.0,2.0,15,3,12
78073,16,2,3,17,8,3,0,1,1,1,2,18,2,2,0.0,0.0,0.0,0.0,0.0,3.0,10,2,6
113342,16,2,3,17,6,3,0,1,0,1,2,18,2,3,2.0,0.0,0.0,2.0,0.0,4.0,15,5,8
30521,16,7,3,17,8,3,6,1,1,1,0,18,2,2,0.0,0.0,0.0,0.0,0.0,2.0,16,2,3
173969,16,2,3,17,6,3,0,1,1,1,2,18,2,2,0.0,0.0,0.0,0.0,0.0,2.0,14,6,12
128097,15,2,3,8,8,3,0,1,0,1,2,17,2,1,1.0,0.0,1.0,0.0,0.0,1.0,13,4,9
15279,16,3,3,10,6,3,6,1,1,1,2,17,2,2,0.0,0.0,0.0,0.0,0.0,3.0,9,7,2
28026,16,2,3,17,5,3,0,6,0,1,2,36,2,3,2.0,0.0,0.0,2.0,0.0,2.0,13,4,2
177262,16,2,3,17,2,3,0,1,0,1,2,18,2,2,0.0,0.0,0.0,0.0,0.0,2.0,9,2,12
5856,16,2,1,0,6,3,0,1,1,1,2,36,2,2,0.0,0.0,0.0,0.0,0.0,3.0,23,5,1
136588,16,2,3,17,8,3,0,1,1,1,1,24,2,2,0.0,0.0,0.0,0.0,0.0,2.0,13,7,9
78078,17,2,3,17,6,3,0,5,0,1,2,36,2,2,0.0,0.0,0.0,0.0,0.0,3.0,11,2,6
164645,16,2,3,0,5,3,0,1,1,1,2,6,2,2,0.0,0.0,0.0,0.0,0.0,2.0,8,5,11
173117,16,2,3,10,8,3,0,1,1,1,2,26,2,2,0.0,0.0,0.0,0.0,0.0,2.0,15,7,12
138432,16,2,3,10,8,3,5,5,1,1,1,36,2,2,0.0,0.0,0.0,0.0,0.0,2.0,10,6,10
109857,16,2,3,15,8,4,0,1,1,1,2,24,2,2,0.0,0.0,0.0,0.0,0.0,2.0,7,7,8
100510,4,2,3,2,0,3,0,1,0,1,2,37,1,2,0.0,0.0,0.0,0.0,0.0,2.0,8,1,7
36398,16,7,3,0,3,3,6,5,0,1,2,36,2,1,2.0,0.0,2.0,0.0,0.0,2.0,14,4,3
159410,16,2,3,0,2,3,0,1,1,1,2,18,2,2,0.0,0.0,0.0,0.0,0.0,2.0,18,7,11
150586,4,2,0,0,10,3,6,1,0,1,2,11,2,2,0.0,0.0,0.0,0.0,0.0,2.0,23,4,10
82678,15,7,3,0,8,3,6,1,0,1,2,18,2,2,0.0,0.0,0.0,0.0,0.0,2.0,13,5,6
83210,16,3,3,10,8,3,6,1,0,0,2,17,2,2,0.0,0.0,0.0,0.0,0.0,5.0,17,6,6
143556,4,2,3,0,6,3,0,1,1,1,1,36,2,2,0.0,0.0,0.0,0.0,0.0,3.0,16,6,10
174090,16,2,3,15,10,3,0,1,1,1,1,23,2,2,0.0,0.0,0.0,0.0,0.0,3.0,12,7,12
35805,2,2,1,0,6,3,0,1,0,1,0,36,2,3,1.0,0.0,0.0,1.0,0.0,1.0,0,7,3
163033,16,2,1,17,10,3,0,1,1,1,1,36,2,2,0.0,0.0,0.0,0.0,0.0,2.0,23,2,11
186035,15,7,3,10,13,5,6,1,1,1,1,36,2,2,0.0,0.0,0.0,0.0,0.0,5.0,14,7,12
138155,15,2,3,0,8,3,0,1,1,1,1,5,2,2,0.0,0.0,0.0,0.0,0.0,2.0,7,6,10
183866,4,2,3,10,8,3,0,1,1,0,2,36,2,2,0.0,0.0,0.0,0.0,0.0,2.0,8,2,12
124934,16,2,3,17,8,3,0,1,1,1,2,18,2,2,0.0,0.0,0.0,0.0,0.0,2.0,5,6,9
3130,16,2,3,17,6,3,0,1,1,1,0,12,2,2,0.0,0.0,0.0,0.0,0.0,2.0,11,3,1
9191,16,2,3,17,11,3,0,1,1,1,2,18,2,2,0.0,0.0,0.0,0.0,0.0,2.0,17,6,1
72851,4,2,3,14,8,3,0,1,1,1,1,36,2,2,0.0,0.0,0.0,0.0,0.0,2.0,15,7,6
55793,16,2,1,8,2,3,0,1,0,1,2,6,2,3,1.0,0.0,0.0,1.0,0.0,1.0,23,6,4
128931,16,2,3,10,10,3,0,1,1,1,1,36,2,2,0.0,0.0,0.0,0.0,0.0,2.0,11,6,9
129125,16,2,1,10,3,3,0,1,0,1,2,13,2,3,1.0,0.0,0.0,1.0,0.0,1.0,22,2,9
150975,16,7,3,10,8,4,6,1,0,1,2,19,2,4,1.0,0.0,0.0,0.0,1.0,1.0,15,3,10
16770,16,2,1,17,6,3,0,1,0,1,2,24,2,4,1.0,0.0,0.0,0.0,1.0,2.0,23,7,2
25142,15,7,0,9,6,3,6,1,0,1,0,18,2,1,1.0,0.0,1.0,0.0,0.0,1.0,19,4,2
167129,16,2,0,0,8,3,0,1,0,1,2,6,2,3,2.0,0.0,0.0,2.0,0.0,2.0,2,4,11
140275,4,2,3,8,15,3,5,5,0,1,2,11,2,3,1.0,0.0,0.0,1.0,0.0,1.0,8,4,10
120334,16,2,3,10,8,3,0,1,1,1,1,36,2,2,0.0,0.0,0.0,0.0,0.0,2.0,10,4,8
75153,16,2,3,17,19,3,0,1,0,1,0,22,2,4,1.0,0.0,0.0,0.0,1.0,2.0,8,6,6
34220,15,7,3,17,15,3,6,1,0,1,1,23,2,2,0.0,0.0,0.0,0.0,0.0,2.0,10,2,3
752,16,2,3,0,8,3,6,1,1,1,2,18,2,2,0.0,0.0,0.0,0.0,0.0,2.0,13,7,1
140100,4,2,3,10,8,3,0,1,1,0,1,36,2,2,0.0,0.0,0.0,0.0,0.0,2.0,12,7,10
168330,16,2,3,17,2,3,0,1,1,1,1,22,2,2,0.0,0.0,0.0,0.0,0.0,2.0,13,2,11
40215,16,7,3,10,2,3,6,1,0,1,2,19,3,4,1.0,0.0,0.0,0.0,1.0,2.0,11,3,3
25648,4,2,3,17,8,3,0,5,1,1,2,26,2,2,0.0,0.0,0.0,0.0,0.0,2.0,16,6,2
6729,16,2,3,15,8,3,0,1,1,1,0,18,2,2,0.0,0.0,0.0,0.0,0.0,2.0,13,5,1
87272,16,2,3,10,2,3,0,1,1,1,2,6,2,2,0.0,0.0,0.0,0.0,0.0,2.0,9,6,6
154580,16,5,1,2,8,3,6,1,0,1,2,12,1,2,0.0,0.0,0.0,0.0,0.0,1.0,1,4,10