crash_date,               traffic_control_device,weather_condition,lighting_condition,first_crash_type,trafficway_type,alignment,roadway_surface_cond,road_defect,crash_type,intersection_related_i,damage,prim_contributory_cause,num_units,most_severe_injury,injuries_total,injuries_fatal,injuries_incapacitating,injuries_non_incapacitating,injuries_reported_not_evident,injuries_no_indication,crash_hour,crash_day_of_week,crash_month
107606,16,11,5,15,11,3,2,5,1,1,2,36,2,2,0.0,0.0,0.0,0.0,0.0,2.0,16,2,8
61700,16,2,3,17,6,3,0,1,0,1,2,6,2,3,3.0,0.0,0.0,3.0,0.0,2.0,16,1,5
134052,16,2,1,17,6,3,0,5,1,1,2,18,2,2,0.0,0.0,0.0,0.0,0.0,2.0,23,1,9
9492,16,7,1,0,6,3,6,0,0,1,2,18,2,2,0.0,0.0,0.0,0.0,0.0,3.0,0,5,1
178441,15,2,3,17,8,3,0,1,1,1,2,17,2,2,0.0,0.0,0.0,0.0,0.0,2.0,11,4,12
135849,4,2,1,10,3,3,0,1,0,1,2,17,2,3,2.0,0.0,0.0,2.0,0.0,2.0,11,6,9
31076,15,2,1,17,8,3,0,1,0,1,1,36,2,1,3.0,0.0,3.0,0.0,0.0,4.0,1,5,3
137478,15,2,3,17,15,3,0,1,0,1,2,36,2,4,2.0,0.0,0.0,0.0,2.0,0.0,17,7,9
61787,4,2,3,7,10,3,0,1,1,1,1,21,2,2,0.0,0.0,0.0,0.0,0.0,1.0,14,4,5
168065,16,11,1,10,8,3,5,5,1,1,2,19,2,2,0.0,0.0,0.0,0.0,0.0,2.0,16,6,11
164436,16,2,0,9,8,3,0,1,1,1,0,36,2,2,0.0,0.0,0.0,0.0,0.0,2.0,18,2,11
155595,16,2,3,17,6,3,0,1,0,1,2,18,2,4,1.0,0.0,0.0,0.0,1.0,2.0,11,3,10
156858,15,2,3,0,6,3,0,1,0,1,2,5,2,4,2.0,0.0,0.0,0.0,2.0,5.0,9,7,11
125767,16,2,3,17,2,3,0,1,0,1,2,6,2,2,0.0,0.0,0.0,0.0,0.0,2.0,6,6,9
45443,16,2,3,10,8,3,0,1,1,1,1,19,2,2,0.0,0.0,0.0,0.0,0.0,3.0,14,2,4
172333,16,7,4,17,3,3,6,1,1,1,0,18,2,2,0.0,0.0,0.0,0.0,0.0,2.0,14,1,12
175224,16,2,3,15,8,3,0,1,1,1,1,22,2,2,0.0,0.0,0.0,0.0,0.0,4.0,11,2,12
178405,16,3,3,15,8,3,0,1,1,1,2,12,2,2,0.0,0.0,0.0,0.0,0.0,4.0,7,4,12
25065,16,11,5,15,2,3,5,5,1,1,2,23,2,2,0.0,0.0,0.0,0.0,0.0,2.0,4,3,2
138013,16,2,3,0,8,3,0,1,0,1,2,6,6,0,3.0,1.0,1.0,1.0,0.0,0.0,11,7,10
97802,16,2,3,0,8,3,0,1,1,1,2,36,2,2,0.0,0.0,0.0,0.0,0.0,2.0,18,7,7
18760,16,10,3,10,10,3,4,1,1,1,0,19,2,2,0.0,0.0,0.0,0.0,0.0,2.0,8,3,2
181671,16,2,3,17,8,3,0,1,1,1,2,26,2,2,0.0,0.0,0.0,0.0,0.0,2.0,15,7,12
54291,16,2,3,10,2,3,6,1,1,1,1,36,2,2,0.0,0.0,0.0,0.0,0.0,2.0,19,3,4
99167,15,2,1,13,6,3,0,1,1,1,2,21,2,2,0.0,0.0,0.0,0.0,0.0,2.0,3,2,7
75866,16,2,3,10,8,3,0,1,1,1,2,19,2,2,0.0,0.0,0.0,0.0,0.0,2.0,8,4,6
183465,16,7,1,15,6,3,5,5,1,1,2,26,2,2,0.0,0.0,0.0,0.0,0.0,2.0,17,4,12
176671,16,6,1,17,6,3,6,1,0,1,2,12,2,4,1.0,0.0,0.0,0.0,1.0,2.0,16,2,12
11805,15,11,5,7,8,3,5,5,1,1,2,24,2,2,0.0,0.0,0.0,0.0,0.0,1.0,8,3,1
91347,16,3,3,0,2,3,0,1,0,1,2,36,2,4,1.0,0.0,0.0,0.0,1.0,1.0,14,1,7
99266,15,2,3,0,8,3,0,1,0,1,2,18,3,2,0.0,0.0,0.0,0.0,0.0,4.0,13,2,7
114313,16,2,3,17,6,3,0,1,1,1,1,18,2,2,0.0,0.0,0.0,0.0,0.0,2.0,17,6,8
110956,15,2,3,0,11,4,0,1,0,1,2,5,2,3,1.0,0.0,0.0,1.0,0.0,1.0,18,3,8
137813,16,2,3,0,2,3,0,1,0,1,1,3,2,2,0.0,0.0,0.0,0.0,0.0,5.0,15,5,10
97842,16,2,3,0,8,3,0,1,0,1,2,36,2,3,3.0,0.0,0.0,1.0,2.0,0.0,12,7,7
127813,15,2,3,10,8,3,0,1,1,1,2,19,2,2,0.0,0.0,0.0,0.0,0.0,2.0,10,5,9
51152,4,7,3,10,8,3,6,1,1,1,0,19,2,2,0.0,0.0,0.0,0.0,0.0,3.0,12,5,4
176532,16,10,1,0,8,3,4,1,1,1,2,3,2,2,0.0,0.0,0.0,0.0,0.0,2.0,3,7,12
174612,16,2,3,17,11,3,0,1,1,1,1,12,2,2,0.0,0.0,0.0,0.0,0.0,2.0,3,1,12
125374,16,2,3,9,6,3,0,1,1,1,0,36,2,2,0.0,0.0,0.0,0.0,0.0,2.0,11,7,9
100304,16,2,1,17,8,3,0,1,1,1,1,36,2,2,0.0,0.0,0.0,0.0,0.0,2.0,20,4,7
83787,16,2,3,10,17,3,0,5,1,1,2,36,2,2,0.0,0.0,0.0,0.0,0.0,2.0,13,1,6
22315,16,6,3,17,6,3,4,1,1,1,2,36,2,2,0.0,0.0,0.0,0.0,0.0,2.0,17,3,2
82593,16,2,0,17,2,3,6,1,1,1,2,22,2,2,0.0,0.0,0.0,0.0,0.0,2.0,21,5,6
61476,16,7,1,0,8,3,6,1,0,1,2,6,2,3,1.0,0.0,0.0,1.0,0.0,1.0,1,7,5
138510,16,2,1,0,6,3,6,1,0,1,2,36,2,3,2.0,0.0,0.0,2.0,0.0,2.0,21,7,10
23532,15,7,4,0,11,3,6,1,1,1,2,5,3,2,0.0,0.0,0.0,0.0,0.0,3.0,15,2,2
148404,16,2,3,17,6,3,0,1,0,1,2,24,2,2,0.0,0.0,0.0,0.0,0.0,3.0,18,4,10
22175,4,2,1,17,8,3,5,5,0,1,2,36,2,2,0.0,0.0,0.0,0.0,0.0,4.0,22,6,2
75953,15,2,3,10,10,3,0,1,1,1,2,21,2,2,0.0,0.0,0.0,0.0,0.0,2.0,12,5,6
57164,16,2,3,15,8,3,0,1,1,1,2,23,2,2,0.0,0.0,0.0,0.0,0.0,2.0,12,6,5
24222,15,2,3,0,6,3,0,1,0,1,2,5,2,2,0.0,0.0,0.0,0.0,0.0,3.0,6,7,2
169389,16,7,3,10,8,3,6,1,1,1,2,39,3,2,0.0,0.0,0.0,0.0,0.0,3.0,10,4,11
2006,16,2,0,17,3,3,0,5,0,1,0,23,2,2,0.0,0.0,0.0,0.0,0.0,2.0,5,6,1
160817,18,2,3,8,8,3,0,1,0,1,1,18,2,3,1.0,0.0,0.0,1.0,0.0,1.0,7,5,11
32137,16,7,1,17,6,3,6,1,1,1,2,6,2,2,0.0,0.0,0.0,0.0,0.0,6.0,20,2,3
169318,15,2,3,0,8,3,0,4,1,1,1,18,2,2,0.0,0.0,0.0,0.0,0.0,3.0,9,2,11
24906,4,2,1,15,8,3,5,5,1,0,2,23,2,2,0.0,0.0,0.0,0.0,0.0,3.0,4,6,2
19650,15,2,3,17,3,3,0,1,1,1,0,19,2,2,0.0,0.0,0.0,0.0,0.0,3.0,11,7,2
51578,16,2,3,17,6,3,0,1,0,1,2,36,2,2,0.0,0.0,0.0,0.0,0.0,3.0,12,6,4
174674,15,2,1,0,6,3,0,1,0,1,2,5,2,3,3.0,0.0,0.0,2.0,1.0,0.0,0,1,12
133873,16,2,3,17,2,3,0,1,1,0,2,19,2,2,0.0,0.0,0.0,0.0,0.0,2.0,15,6,9
100779,16,2,1,0,8,3,0,1,1,1,2,18,2,2,0.0,0.0,0.0,0.0,0.0,6.0,22,4,7
174163,16,2,3,17,8,3,5,5,0,1,2,17,2,3,1.0,0.0,0.0,1.0,0.0,2.0,14,2,12
378,16,2,1,17,6,3,6,1,0,1,2,24,2,2,0.0,0.0,0.0,0.0,0.0,2.0,4,1,1
125698,16,7,0,10,6,3,6,5,1,1,2,19,2,2,0.0,0.0,0.0,0.0,0.0,3.0,17,5,9
66993,16,2,3,10,6,3,0,5,1,1,2,17,2,2,0.0,0.0,0.0,0.0,0.0,3.0,16,4,5
109728,16,2,1,0,8,3,0,5,0,1,2,6,2,0,2.0,1.0,0.0,0.0,1.0,0.0,1,1,8
32641,16,2,1,0,6,3,6,1,1,1,2,6,2,2,0.0,0.0,0.0,0.0,0.0,2.0,7,3,3
149145,16,11,0,17,8,3,5,5,1,1,2,18,2,2,0.0,0.0,0.0,0.0,0.0,2.0,9,4,10
96677,15,2,3,15,10,3,0,1,0,1,2,18,2,2,0.0,0.0,0.0,0.0,0.0,2.0,10,4,7
41822,16,7,3,10,3,3,6,1,1,1,2,19,2,2,0.0,0.0,0.0,0.0,0.0,2.0,7,5,3
172373,16,7,1,15,3,3,6,1,1,1,2,23,2,2,0.0,0.0,0.0,0.0,0.0,3.0,20,1,12
7965,16,2,3,9,6,3,0,1,0,1,0,18,2,1,1.0,0.0,1.0,0.0,0.0,1.0,14,3,1
130418,16,2,1,15,2,4,0,1,0,1,2,22,2,2,0.0,0.0,0.0,0.0,0.0,2.0,23,7,9
162668,15,11,3,17,6,3,5,5,1,1,2,36,2,2,0.0,0.0,0.0,0.0,0.0,3.0,9,4,11
89725,16,3,3,0,6,3,0,6,1,1,2,36,2,2,0.0,0.0,0.0,0.0,0.0,2.0,12,2,7
80376,16,2,1,17,6,3,0,1,0,1,2,6,2,4,1.0,0.0,0.0,0.0,1.0,4.0,21,1,6
80326,4,2,3,17,11,3,0,1,1,0,2,17,2,2,0.0,0.0,0.0,0.0,0.0,2.0,13,1,6
176628,15,2,2,2,8,3,0,1,0,1,2,26,1,2,0.0,0.0,0.0,0.0,0.0,1.0,6,1,12
144269,16,3,3,17,8,3,5,5,1,1,1,24,2,2,0.0,0.0,0.0,0.0,0.0,3.0,16,2,10
80002,15,2,1,17,10,3,0,1,1,1,2,36,2,2,0.0,0.0,0.0,0.0,0.0,2.0,23,7,6
91141,16,7,0,17,6,3,6,1,0,1,2,6,2,2,0.0,0.0,0.0,0.0,0.0,3.0,22,3,7
171639,16,2,2,0,3,3,0,1,0,1,2,6,2,1,2.0,0.0,1.0,1.0,0.0,0.0,6,5,11
106805,4,2,3,17,3,3,0,1,0,0,2,24,3,3,1.0,0.0,0.0,1.0,0.0,1.0,14,3,8
164230,16,2,1,10,2,3,0,1,1,1,2,16,2,2,0.0,0.0,0.0,0.0,0.0,2.0,22,4,11
57720,15,7,3,0,6,3,6,1,0,1,2,36,2,2,0.0,0.0,0.0,0.0,0.0,2.0,11,3,5
75360,16,2,1,17,3,3,0,1,0,1,2,6,3,1,2.0,0.0,2.0,0.0,0.0,2.0,3,4,6
61708,16,3,3,0,6,3,0,1,0,1,2,6,2,3,4.0,0.0,0.0,4.0,0.0,0.0,6,1,5
85526,16,2,1,10,8,3,0,1,1,0,2,19,2,2,0.0,0.0,0.0,0.0,0.0,2.0,21,7,6
165166,16,2,3,17,6,3,0,1,0,1,2,18,2,4,1.0,0.0,0.0,0.0,1.0,1.0,13,6,11
128890,4,11,5,17,17,3,5,5,1,1,2,26,2,2,0.0,0.0,0.0,0.0,0.0,3.0,15,4,9
150967,16,7,3,9,10,3,6,1,0,1,0,11,3,3,2.0,0.0,0.0,2.0,0.0,1.0,13,3,10
59277,16,2,3,10,8,5,0,1,1,1,2,19,2,2,0.0,0.0,0.0,0.0,0.0,2.0,13,7,5
69022,16,11,5,15,15,3,5,5,1,1,2,36,2,2,0.0,0.0,0.0,0.0,0.0,2.0,12,5,5
6358,16,2,1,10,2,3,0,1,1,1,0,19,2,2,0.0,0.0,0.0,0.0,0.0,2.0,21,6,1
29683,15,2,3,17,10,3,0,1,1,1,1,24,2,2,0.0,0.0,0.0,0.0,0.0,2.0,16,2,3
163622,16,7,1,17,2,3,6,1,1,1,2,24,2,2,0.0,0.0,0.0,0.0,0.0,2.0,5,4,11
167193,4,2,4,15,8,3,0,1,1,0,1,18,3,2,0.0,0.0,0.0,0.0,0.0,5.0,17,5,11
167281,16,2,3,17,2,3,0,1,0,1,2,36,2,2,0.0,0.0,0.0,0.0,0.0,2.0,7,7,11
27425,16,2,1,17,6,3,0,5,0,1,2,24,2,2,0.0,0.0,0.0,0.0,0.0,2.0,21,7,2
130150,16,2,3,10,8,3,0,1,1,1,1,37,2,2,0.0,0.0,0.0,0.0,0.0,2.0,9,2,9
79522,16,2,1,10,8,3,0,1,1,1,2,19,2,2,0.0,0.0,0.0,0.0,0.0,3.0,22,7,6
10053,16,2,1,15,8,3,0,1,1,1,2,23,2,2,0.0,0.0,0.0,0.0,0.0,2.0,22,7,1
36186,16,2,3,10,10,3,0,1,1,1,2,19,2,2,0.0,0.0,0.0,0.0,0.0,3.0,13,1,3
70081,16,2,3,10,6,3,0,1,0,1,2,28,2,4,1.0,0.0,0.0,0.0,1.0,1.0,12,1,5
6087,15,2,3,0,8,3,6,1,1,1,1,36,2,2,0.0,0.0,0.0,0.0,0.0,4.0,13,1,1
75491,16,2,1,17,6,3,0,1,0,1,2,24,2,3,2.0,0.0,0.0,2.0,0.0,1.0,23,6,6
89614,16,2,3,17,15,3,0,1,1,1,2,6,2,2,0.0,0.0,0.0,0.0,0.0,2.0,15,1,7
153376,16,2,1,15,8,3,5,5,1,1,2,36,2,2,0.0,0.0,0.0,0.0,0.0,3.0,3,6,10
120470,16,2,3,0,8,3,0,1,0,1,2,18,2,2,0.0,0.0,0.0,0.0,0.0,3.0,11,7,8
139755,16,2,3,15,8,3,0,1,1,1,1,36,2,2,0.0,0.0,0.0,0.0,0.0,2.0,8,4,10
161529,16,10,1,17,8,3,6,1,0,1,2,24,2,2,0.0,0.0,0.0,0.0,0.0,2.0,20,2,11
32092,15,2,3,17,6,3,6,1,1,1,2,18,2,2,0.0,0.0,0.0,0.0,0.0,3.0,13,2,3
64910,16,2,1,17,8,3,0,5,0,1,2,23,2,4,2.0,0.0,0.0,0.0,2.0,2.0,0,4,5
21916,16,2,1,15,2,3,0,1,1,1,1,24,2,2,0.0,0.0,0.0,0.0,0.0,2.0,17,3,2
159835,16,2,3,17,1,3,0,1,0,1,2,36,2,2,0.0,0.0,0.0,0.0,0.0,5.0,9,5,11
90911,15,2,3,17,8,3,0,5,1,1,2,36,2,2,0.0,0.0,0.0,0.0,0.0,2.0,17,6,7
174625,15,7,4,0,6,3,6,1,0,1,2,18,2,2,0.0,0.0,0.0,0.0,0.0,3.0,16,1,12
150866,16,2,3,17,8,3,0,1,1,1,2,35,2,2,0.0,0.0,0.0,0.0,0.0,2.0,14,4,10
57904,16,2,3,3,6,3,0,5,1,1,2,11,2,2,0.0,0.0,0.0,0.0,0.0,2.0,9,7,5
133450,16,2,3,15,2,3,0,5,1,1,2,18,2,2,0.0,0.0,0.0,0.0,0.0,2.0,15,7,9
167791,17,2,1,17,6,3,0,1,1,1,0,24,2,2,0.0,0.0,0.0,0.0,0.0,5.0,21,6,11
21668,16,2,1,9,2,3,0,1,0,1,1,18,2,4,1.0,0.0,0.0,0.0,1.0,1.0,19,5,2
139247,16,2,1,17,6,3,0,1,1,1,2,18,2,2,0.0,0.0,0.0,0.0,0.0,2.0,21,3,10
142160,16,2,1,0,16,3,0,5,0,1,2,6,2,4,1.0,0.0,0.0,0.0,1.0,1.0,22,3,10
71073,15,2,1,17,19,3,0,1,0,1,2,18,2,2,0.0,0.0,0.0,0.0,0.0,2.0,22,3,5
47406,16,2,3,17,8,3,0,5,0,1,2,6,2,3,1.0,0.0,0.0,1.0,0.0,1.0,7,3,4
155289,4,10,4,17,3,3,6,1,0,1,2,18,3,4,1.0,0.0,0.0,0.0,1.0,2.0,17,5,10
70892,16,2,0,17,6,3,0,5,1,1,0,36,2,2,0.0,0.0,0.0,0.0,0.0,2.0,23,7,5
34919,16,2,3,0,8,3,0,1,1,0,1,18,2,2,0.0,0.0,0.0,0.0,0.0,2.0,11,5,3
114240,16,2,3,15,3,3,0,1,1,1,2,36,2,2,0.0,0.0,0.0,0.0,0.0,2.0,17,5,8
53118,17,2,3,9,8,3,0,1,0,1,0,36,2,3,1.0,0.0,0.0,1.0,0.0,1.0,19,5,4
74517,4,2,3,7,3,3,0,1,1,1,2,21,2,2,0.0,0.0,0.0,0.0,0.0,1.0,10,4,6
97414,16,2,3,17,6,3,0,1,1,1,2,6,2,2,0.0,0.0,0.0,0.0,0.0,2.0,9,2,7
26363,16,2,3,2,6,3,0,1,1,1,1,36,1,2,0.0,0.0,0.0,0.0,0.0,1.0,7,3,2
103839,4,2,1,7,10,3,0,1,1,0,1,24,3,2,0.0,0.0,0.0,0.0,0.0,1.0,20,2,7
4744,4,2,0,17,6,3,0,1,1,1,2,18,2,2,0.0,0.0,0.0,0.0,0.0,3.0,16,3,1
65621,16,3,3,0,8,3,6,1,0,1,2,28,2,3,2.0,0.0,0.0,2.0,0.0,5.0,12,7,5
51220,16,7,3,10,3,3,6,1,0,1,0,19,2,4,1.0,0.0,0.0,0.0,1.0,2.0,9,5,4
44061,16,2,3,10,6,3,0,1,1,1,2,36,3,2,0.0,0.0,0.0,0.0,0.0,3.0,7,5,4
109163,4,2,3,10,8,3,0,5,0,1,2,17,2,4,1.0,0.0,0.0,0.0,1.0,1.0,13,7,8
61650,15,7,3,0,2,3,6,1,0,1,2,18,3,2,0.0,0.0,0.0,0.0,0.0,6.0,9,7,5
21160,16,4,1,17,8,3,6,1,1,1,2,18,2,2,0.0,0.0,0.0,0.0,0.0,2.0,21,4,2
16317,15,2,3,0,6,3,0,1,1,1,2,38,2,2,0.0,0.0,0.0,0.0,0.0,2.0,8,6,2
165414,16,7,3,0,10,3,6,1,0,1,2,17,2,2,0.0,0.0,0.0,0.0,0.0,3.0,10,7,11
132306,4,7,3,0,6,3,6,5,1,1,2,18,3,2,0.0,0.0,0.0,0.0,0.0,3.0,17,5,9
141848,15,11,1,10,6,3,5,5,1,1,2,36,2,2,0.0,0.0,0.0,0.0,0.0,2.0,23,3,10
154440,15,2,3,17,2,3,0,1,0,0,2,28,2,3,1.0,0.0,0.0,1.0,0.0,1.0,9,6,10
29283,16,2,1,0,2,3,0,1,0,1,2,6,2,3,2.0,0.0,0.0,2.0,0.0,0.0,12,1,3
78050,16,2,3,0,8,3,0,1,0,1,2,6,2,3,1.0,0.0,0.0,1.0,0.0,2.0,18,2,6
28413,16,3,3,15,10,3,0,1,1,1,1,36,2,2,0.0,0.0,0.0,0.0,0.0,3.0,11,6,3
27701,16,2,3,10,2,3,0,1,1,1,0,23,2,2,0.0,0.0,0.0,0.0,0.0,3.0,7,4,2
187683,16,2,1,17,2,3,0,1,1,1,2,18,2,2,0.0,0.0,0.0,0.0,0.0,2.0,23,7,12
114989,4,2,3,17,6,3,0,1,1,1,2,18,2,2,0.0,0.0,0.0,0.0,0.0,2.0,18,2,8
61605,15,2,3,0,2,3,0,1,1,1,1,36,2,2,0.0,0.0,0.0,0.0,0.0,2.0,10,6,5
84883,4,2,3,3,2,3,0,1,0,1,2,36,2,3,2.0,0.0,0.0,2.0,0.0,1.0,17,5,6
53042,4,2,4,17,8,3,0,1,0,1,2,18,2,4,1.0,0.0,0.0,0.0,1.0,1.0,19,4,4
78377,16,7,1,17,2,3,6,1,1,1,2,18,2,2,0.0,0.0,0.0,0.0,0.0,2.0,0,5,6
81744,16,2,3,17,8,3,0,1,0,1,2,26,2,4,1.0,0.0,0.0,0.0,1.0,2.0,10,6,6
49749,16,5,3,17,8,3,6,1,0,1,0,36,2,4,1.0,0.0,0.0,0.0,1.0,1.0,9,2,4
98846,16,2,3,15,6,3,0,1,1,1,1,23,2,2,0.0,0.0,0.0,0.0,0.0,2.0,15,2,7
8046,4,2,3,0,6,3,4,1,1,1,2,23,2,2,0.0,0.0,0.0,0.0,0.0,2.0,8,5,1
63107,15,2,3,17,8,3,0,1,1,1,1,36,2,2,0.0,0.0,0.0,0.0,0.0,2.0,10,1,5
188067,16,2,3,10,2,3,5,5,1,1,2,36,2,2,0.0,0.0,0.0,0.0,0.0,2.0,8,6,12
163685,16,11,4,10,3,3,5,5,1,1,2,36,2,2,0.0,0.0,0.0,0.0,0.0,2.0,16,5,11
144765,16,2,3,10,11,4,0,1,1,1,1,13,2,2,0.0,0.0,0.0,0.0,0.0,3.0,12,7,10
113250,15,2,3,0,8,3,0,1,0,1,1,18,2,3,1.0,0.0,0.0,1.0,0.0,1.0,18,3,8
110534,16,3,3,17,6,3,0,1,0,1,2,36,2,0,1.0,1.0,0.0,0.0,0.0,1.0,10,3,8
141144,16,2,3,10,8,3,0,1,1,1,1,17,2,2,0.0,0.0,0.0,0.0,0.0,3.0,16,1,10
16095,16,2,1,17,11,3,6,1,1,1,0,21,2,2,0.0,0.0,0.0,0.0,0.0,2.0,0,1,2
18039,16,2,1,17,8,3,0,5,1,1,2,18,2,2,0.0,0.0,0.0,0.0,0.0,2.0,23,6,2
81186,15,2,3,0,6,4,0,1,0,1,2,17,2,3,1.0,0.0,0.0,1.0,0.0,1.0,16,6,6
51859,15,2,1,10,6,3,0,1,1,1,2,17,2,2,0.0,0.0,0.0,0.0,0.0,2.0,20,5,4
118624,16,2,0,17,15,3,0,1,0,1,2,36,2,2,0.0,0.0,0.0,0.0,0.0,3.0,2,1,8
3894,15,2,0,0,8,3,4,1,1,1,2,18,2,2,0.0,0.0,0.0,0.0,0.0,2.0,18,2,1
87508,16,2,3,17,2,3,0,1,1,1,1,21,2,2,0.0,0.0,0.0,0.0,0.0,2.0,12,3,6
186986,10,7,1,9,6,3,6,5,0,1,0,39,2,3,1.0,0.0,0.0,1.0,0.0,1.0,22,6,12
129023,15,2,3,8,8,3,0,1,1,1,2,2,2,2,0.0,0.0,0.0,0.0,0.0,2.0,17,1,9
28525,16,2,3,0,6,3,0,1,1,1,2,6,2,2,0.0,0.0,0.0,0.0,0.0,2.0,10,2,3
104083,15,2,3,0,6,3,0,1,1,1,1,18,2,2,0.0,0.0,0.0,0.0,0.0,4.0,14,5,8
16303,15,2,1,7,8,3,0,1,1,1,2,36,2,2,0.0,0.0,0.0,0.0,0.0,2.0,18,6,2
24765,16,2,3,10,2,3,0,1,1,0,2,19,2,2,0.0,0.0,0.0,0.0,0.0,2.0,16,4,2
106138,16,2,3,10,8,3,0,1,1,1,1,21,2,2,0.0,0.0,0.0,0.0,0.0,2.0,14,6,8
175403,16,2,3,17,10,3,0,1,1,1,2,23,3,2,0.0,0.0,0.0,0.0,0.0,3.0,21,6,12
152563,16,2,1,0,8,3,0,1,0,1,2,6,2,3,2.0,0.0,0.0,2.0,0.0,3.0,22,3,10
14388,16,10,3,17,8,3,6,1,1,1,2,36,2,2,0.0,0.0,0.0,0.0,0.0,2.0,16,7,1
36491,15,2,1,0,8,3,0,5,1,1,2,17,2,2,0.0,0.0,0.0,0.0,0.0,3.0,23,5,3
20655,15,2,3,17,3,3,0,1,1,1,2,18,2,2,0.0,0.0,0.0,0.0,0.0,2.0,13,4,2
70580,16,2,3,3,6,3,0,1,0,1,2,23,2,4,2.0,0.0,0.0,0.0,2.0,2.0,16,4,5
161643,15,7,3,0,8,3,6,1,1,1,1,18,2,2,0.0,0.0,0.0,0.0,0.0,2.0,9,5,11
9321,16,2,1,0,8,3,0,1,1,1,1,21,2,2,0.0,0.0,0.0,0.0,0.0,2.0,20,1,1
41409,15,2,3,9,8,3,0,1,0,1,0,18,2,4,1.0,0.0,0.0,0.0,1.0,1.0,13,6,3
153730,15,2,3,0,2,3,0,1,0,1,2,36,4,2,0.0,0.0,0.0,0.0,0.0,4.0,7,6,10
113030,15,2,3,0,11,3,0,1,1,0,2,38,2,2,0.0,0.0,0.0,0.0,0.0,2.0,10,5,8
81043,16,2,3,13,2,3,0,1,1,1,2,12,2,2,0.0,0.0,0.0,0.0,0.0,3.0,15,3,6
119008,15,2,3,0,10,3,0,1,1,1,2,5,2,2,0.0,0.0,0.0,0.0,0.0,2.0,7,5,8
17796,16,2,1,10,8,3,0,1,1,1,2,36,2,2,0.0,0.0,0.0,0.0,0.0,3.0,22,1,2
188054,15,10,3,7,11,4,4,1,0,1,2,39,3,2,0.0,0.0,0.0,0.0,0.0,1.0,10,4,12
187710,15,2,4,17,2,3,0,1,1,1,1,18,2,2,0.0,0.0,0.0,0.0,0.0,2.0,16,1,12
136345,16,2,1,17,8,3,0,1,1,1,1,24,2,2,0.0,0.0,0.0,0.0,0.0,2.0,23,4,9
6274,16,2,3,3,6,3,0,1,1,1,2,28,2,2,0.0,0.0,0.0,0.0,0.0,2.0,9,5,1
151372,16,2,3,10,2,3,0,1,0,1,2,28,2,2,0.0,0.0,0.0,0.0,0.0,2.0,12,2,10
133935,16,2,1,17,6,3,0,1,1,1,2,6,2,2,0.0,0.0,0.0,0.0,0.0,5.0,1,7,9
159051,15,2,1,8,8,3,0,1,0,1,2,18,2,3,1.0,0.0,0.0,1.0,0.0,1.0,17,2,11
162977,16,7,0,0,8,3,6,1,0,1,2,36,2,2,0.0,0.0,0.0,0.0,0.0,3.0,19,4,11
145420,4,2,3,0,2,3,0,5,1,1,2,18,2,2,0.0,0.0,0.0,0.0,0.0,2.0,15,4,10
185492,16,2,0,0,10,3,0,1,0,1,2,6,2,3,1.0,0.0,0.0,1.0,0.0,1.0,18,6,12
115043,4,2,3,17,8,3,0,1,1,1,1,24,2,2,0.0,0.0,0.0,0.0,0.0,3.0,17,4,8
27822,16,2,3,10,6,3,0,1,0,1,2,17,2,2,0.0,0.0,0.0,0.0,0.0,4.0,17,6,2
82883,16,2,3,10,6,3,0,5,1,1,1,36,2,2,0.0,0.0,0.0,0.0,0.0,2.0,14,2,6
188224,16,3,3,17,6,3,0,1,1,1,1,36,2,2,0.0,0.0,0.0,0.0,0.0,2.0,13,2,12
126260,15,2,3,17,8,3,0,1,1,1,2,36,2,2,0.0,0.0,0.0,0.0,0.0,2.0,17,6,9
97294,4,2,3,10,2,3,0,1,1,1,2,17,3,2,0.0,0.0,0.0,0.0,0.0,4.0,11,6,7
111593,16,2,3,17,18,3,0,1,0,1,2,36,2,2,0.0,0.0,0.0,0.0,0.0,5.0,19,5,8
157529,15,7,3,0,8,3,6,1,0,1,1,5,3,4,1.0,0.0,0.0,0.0,1.0,2.0,15,1,11
161813,16,2,3,10,6,3,0,1,1,1,0,36,2,2,0.0,0.0,0.0,0.0,0.0,2.0,9,2,11
39032,16,7,3,17,2,3,6,1,0,1,2,36,2,4,1.0,0.0,0.0,0.0,1.0,1.0,12,1,3
106072,15,2,1,17,2,3,0,1,1,1,2,21,2,2,0.0,0.0,0.0,0.0,0.0,2.0,1,1,8
82046,4,2,3,17,8,3,0,1,1,1,2,36,2,2,0.0,0.0,0.0,0.0,0.0,2.0,15,2,6
16445,16,10,2,15,8,2,4,1,1,1,1,36,2,2,0.0,0.0,0.0,0.0,0.0,2.0,7,1,2
47526,15,7,3,0,6,3,6,1,0,1,2,18,2,2,0.0,0.0,0.0,0.0,0.0,2.0,15,6,4
58137,16,3,3,15,8,3,5,1,1,0,2,31,2,2,0.0,0.0,0.0,0.0,0.0,3.0,16,3,5
127078,16,2,3,5,2,5,0,1,1,1,1,36,1,2,0.0,0.0,0.0,0.0,0.0,1.0,11,3,9
168947,16,3,3,9,6,3,0,1,0,1,0,18,2,0,1.0,1.0,0.0,0.0,0.0,1.0,9,4,11
155854,16,10,1,10,8,3,4,1,0,1,2,17,2,3,1.0,0.0,0.0,1.0,0.0,1.0,1,6,11