crash_date,               traffic_control_device,weather_condition,lighting_condition,first_crash_type,trafficway_type,alignment,roadway_surface_cond,road_defect,crash_type,intersection_related_i,damage,prim_contributory_cause,num_units,most_severe_injury,injuries_total,injuries_fatal,injuries_incapacitating,injuries_non_incapacitating,injuries_reported_not_evident,injuries_no_indication,crash_hour,crash_day_of_week,crash_month
20178,16,2,3,17,8,3,6,1,0,1,2,24,2,2,0.0,0.0,0.0,0.0,0.0,2.0,7,2,2
180554,4,2,3,10,8,3,0,1,0,0,2,13,2,4,1.0,0.0,0.0,0.0,1.0,2.0,13,6,12
25346,16,7,3,9,8,3,6,1,0,1,2,18,2,3,1.0,0.0,0.0,1.0,0.0,1.0,15,7,2
8034,16,5,0,15,6,3,6,1,1,1,2,36,3,2,0.0,0.0,0.0,0.0,0.0,3.0,5,5,1
126491,4,7,3,8,13,4,6,1,0,1,0,12,2,4,1.0,0.0,0.0,0.0,1.0,1.0,8,2,9
26659,16,2,0,17,6,3,0,1,1,1,2,24,2,2,0.0,0.0,0.0,0.0,0.0,2.0,0,1,2
114535,16,2,1,17,8,3,0,1,1,1,2,36,2,2,0.0,0.0,0.0,0.0,0.0,2.0,21,3,8
18105,4,2,1,10,15,3,0,1,0,1,2,17,3,2,0.0,0.0,0.0,0.0,0.0,6.0,23,1,2
25292,16,2,3,17,8,3,0,1,0,1,2,18,3,2,0.0,0.0,0.0,0.0,0.0,3.0,16,6,2
183294,15,2,3,15,6,3,0,1,0,1,0,26,2,2,0.0,0.0,0.0,0.0,0.0,4.0,14,1,12
128276,16,2,1,15,6,3,0,1,1,1,2,24,2,2,0.0,0.0,0.0,0.0,0.0,2.0,19,7,9
121983,15,2,3,10,8,3,0,1,1,1,2,19,2,2,0.0,0.0,0.0,0.0,0.0,3.0,14,7,9
118116,16,2,3,15,8,3,0,1,1,1,0,23,2,2,0.0,0.0,0.0,0.0,0.0,3.0,13,1,8
104093,15,2,1,13,8,3,0,1,0,1,2,5,2,2,0.0,0.0,0.0,0.0,0.0,2.0,4,5,8
51420,16,7,3,10,8,3,6,5,1,1,0,17,2,2,0.0,0.0,0.0,0.0,0.0,4.0,18,4,4
106350,17,2,3,10,6,3,0,1,1,1,2,19,2,2,0.0,0.0,0.0,0.0,0.0,2.0,16,4,8
156114,16,2,3,17,6,3,0,1,1,1,2,24,2,2,0.0,0.0,0.0,0.0,0.0,3.0,10,3,11
158035,16,2,3,10,2,3,0,5,1,1,1,36,2,2,0.0,0.0,0.0,0.0,0.0,2.0,15,7,11
174536,6,2,3,10,6,3,0,1,0,1,2,19,2,2,0.0,0.0,0.0,0.0,0.0,2.0,14,7,12
103768,16,2,3,0,8,3,0,1,0,1,2,6,2,4,2.0,0.0,0.0,0.0,2.0,2.0,17,1,7
7527,16,2,3,17,6,3,0,5,0,1,2,18,2,4,2.0,0.0,0.0,0.0,2.0,1.0,7,4,1
21312,16,2,3,10,2,3,0,5,1,1,2,36,2,2,0.0,0.0,0.0,0.0,0.0,3.0,7,6,2
2037,16,2,3,0,3,3,0,1,0,1,2,6,3,4,1.0,0.0,0.0,0.0,1.0,1.0,10,6,1
167149,16,2,3,17,3,3,0,1,1,1,0,24,2,2,0.0,0.0,0.0,0.0,0.0,3.0,7,4,11
147098,16,2,2,0,8,3,0,1,0,1,2,6,2,3,1.0,0.0,0.0,1.0,0.0,1.0,10,5,10
2408,15,2,1,0,8,3,0,1,1,1,2,36,2,2,0.0,0.0,0.0,0.0,0.0,2.0,17,6,1
123235,16,2,3,8,2,3,0,1,0,0,2,6,2,3,1.0,0.0,0.0,1.0,0.0,2.0,16,5,9
168455,16,2,1,10,8,3,0,1,1,1,2,19,2,2,0.0,0.0,0.0,0.0,0.0,2.0,16,4,11
142646,4,2,1,10,2,3,0,1,1,1,2,36,2,2,0.0,0.0,0.0,0.0,0.0,2.0,21,2,10
110212,15,2,1,0,2,3,0,1,1,1,2,18,2,2,0.0,0.0,0.0,0.0,0.0,2.0,22,6,8
146476,16,2,3,9,8,3,0,1,0,1,0,18,2,4,1.0,0.0,0.0,0.0,1.0,1.0,6,3,10
8848,16,2,3,15,10,3,6,1,0,1,1,23,2,2,0.0,0.0,0.0,0.0,0.0,3.0,8,7,1
76856,4,2,3,0,8,3,0,5,0,1,1,3,2,2,0.0,0.0,0.0,0.0,0.0,2.0,18,5,6
171697,16,2,1,10,8,3,0,1,0,1,2,19,3,2,0.0,0.0,0.0,0.0,0.0,3.0,17,6,11
150375,15,7,3,0,8,3,6,1,0,1,2,18,2,3,2.0,0.0,0.0,2.0,0.0,3.0,16,2,10
21189,4,2,3,7,8,3,0,1,1,1,0,36,2,2,0.0,0.0,0.0,0.0,0.0,1.0,15,5,2
184737,16,2,1,17,2,3,0,1,1,1,2,36,2,2,0.0,0.0,0.0,0.0,0.0,3.0,1,7,12
6,16,2,1,10,3,3,4,6,0,1,2,36,3,2,0.0,0.0,0.0,0.0,0.0,4.0,21,6,1
135784,15,7,3,0,8,3,6,1,0,1,2,36,2,1,2.0,0.0,1.0,1.0,0.0,1.0,8,4,9
153795,15,7,0,17,8,3,6,1,0,1,2,24,2,2,0.0,0.0,0.0,0.0,0.0,3.0,20,7,10
13855,15,10,1,0,8,3,4,1,1,1,1,39,2,2,0.0,0.0,0.0,0.0,0.0,3.0,16,3,1
93467,16,2,3,10,3,2,0,1,1,1,1,22,2,2,0.0,0.0,0.0,0.0,0.0,2.0,18,4,7
93425,15,2,1,8,6,3,0,6,0,1,2,18,2,3,1.0,0.0,0.0,1.0,0.0,1.0,23,5,7
8400,4,2,1,10,8,3,0,1,1,1,2,17,3,2,0.0,0.0,0.0,0.0,0.0,3.0,17,2,1
25910,4,2,3,15,6,3,0,1,1,1,0,36,2,2,0.0,0.0,0.0,0.0,0.0,4.0,8,2,2
136164,16,3,3,0,6,3,6,1,0,1,2,6,2,2,0.0,0.0,0.0,0.0,0.0,3.0,17,2,9
108064,16,3,3,17,8,3,5,1,1,1,2,12,2,2,0.0,0.0,0.0,0.0,0.0,2.0,18,2,8
98292,16,6,1,3,1,3,6,1,0,1,2,28,2,4,1.0,0.0,0.0,0.0,1.0,2.0,22,7,7
28448,16,2,3,10,8,3,0,1,1,0,2,17,2,2,0.0,0.0,0.0,0.0,0.0,3.0,16,1,3
12925,16,2,3,17,2,3,0,1,1,1,2,36,2,2,0.0,0.0,0.0,0.0,0.0,2.0,6,6,1
101211,16,11,3,17,6,3,5,5,1,1,1,36,2,2,0.0,0.0,0.0,0.0,0.0,2.0,8,6,7
144692,4,2,3,17,2,3,0,5,0,1,2,19,2,2,0.0,0.0,0.0,0.0,0.0,2.0,9,6,10
13577,16,10,3,10,8,3,4,1,1,1,2,19,2,2,0.0,0.0,0.0,0.0,0.0,2.0,14,6,1
187831,4,2,0,17,10,3,0,1,1,0,2,24,2,2,0.0,0.0,0.0,0.0,0.0,2.0,17,4,12
148173,16,7,3,10,2,3,0,1,1,1,1,36,2,2,0.0,0.0,0.0,0.0,0.0,2.0,12,6,10
113031,16,2,1,0,8,3,0,1,0,1,2,17,2,3,2.0,0.0,0.0,2.0,0.0,3.0,0,5,8
5656,0,11,3,17,2,3,5,1,1,1,2,36,2,2,0.0,0.0,0.0,0.0,0.0,2.0,15,1,1
1825,15,2,1,0,6,3,6,1,0,1,2,5,2,3,1.0,0.0,0.0,1.0,0.0,2.0,23,4,1
74757,16,2,3,17,6,3,0,1,1,1,2,24,2,2,0.0,0.0,0.0,0.0,0.0,2.0,15,2,6
87150,16,2,3,15,8,3,0,5,0,1,2,36,3,2,0.0,0.0,0.0,0.0,0.0,3.0,9,5,6
93364,15,2,3,0,8,3,0,1,0,1,2,18,2,3,1.0,0.0,0.0,1.0,0.0,1.0,9,3,7
165389,16,7,1,17,2,3,6,1,0,1,2,6,2,3,1.0,0.0,0.0,1.0,0.0,2.0,6,7,11
33165,16,2,3,10,2,3,0,1,1,1,2,19,2,2,0.0,0.0,0.0,0.0,0.0,2.0,16,6,3
72940,15,2,3,15,8,3,0,1,1,1,0,21,2,2,0.0,0.0,0.0,0.0,0.0,2.0,13,2,6
151723,16,2,1,10,2,3,0,1,0,1,2,36,2,4,1.0,0.0,0.0,0.0,1.0,1.0,18,6,10
20568,16,2,3,0,8,3,0,1,0,1,2,6,2,2,0.0,0.0,0.0,0.0,0.0,3.0,12,7,2
119316,16,2,3,0,8,3,0,1,1,1,2,18,2,2,0.0,0.0,0.0,0.0,0.0,2.0,11,3,8
107000,16,2,3,10,10,3,5,5,1,1,2,19,2,2,0.0,0.0,0.0,0.0,0.0,3.0,14,7,8
80963,16,11,5,17,8,3,5,5,1,1,2,36,2,2,0.0,0.0,0.0,0.0,0.0,3.0,12,1,6
75997,16,2,1,10,8,3,0,1,1,1,0,17,2,2,0.0,0.0,0.0,0.0,0.0,3.0,22,7,6
132786,16,2,3,15,15,3,0,1,0,1,2,23,3,2,0.0,0.0,0.0,0.0,0.0,3.0,11,4,9
184893,15,2,4,17,6,3,0,1,0,1,2,5,3,2,0.0,0.0,0.0,0.0,0.0,2.0,22,2,12
111904,15,7,3,0,6,3,6,1,0,1,2,36,3,2,0.0,0.0,0.0,0.0,0.0,3.0,9,5,8
136667,16,3,3,10,8,3,0,1,1,1,2,19,2,2,0.0,0.0,0.0,0.0,0.0,2.0,14,1,9
131624,15,7,1,0,8,3,6,1,0,1,2,18,2,3,1.0,0.0,0.0,1.0,0.0,3.0,18,3,9
147588,15,2,1,7,8,3,0,1,0,1,2,24,2,2,0.0,0.0,0.0,0.0,0.0,1.0,0,5,10
155875,16,2,1,0,8,3,6,1,0,1,2,8,2,2,0.0,0.0,0.0,0.0,0.0,3.0,4,6,11
37583,16,2,3,15,8,3,0,1,1,1,1,12,2,2,0.0,0.0,0.0,0.0,0.0,2.0,12,2,3
2960,4,2,1,10,8,3,0,1,1,1,1,19,2,2,0.0,0.0,0.0,0.0,0.0,2.0,19,7,1
111446,15,2,3,10,2,3,0,1,1,1,2,19,2,2,0.0,0.0,0.0,0.0,0.0,3.0,18,3,8
41801,16,2,1,0,6,3,0,1,0,1,2,6,2,2,0.0,0.0,0.0,0.0,0.0,2.0,22,7,3
125893,15,2,1,10,6,3,0,1,0,1,2,17,2,3,1.0,0.0,0.0,1.0,0.0,4.0,1,1,9
104134,16,2,3,17,3,3,0,1,1,1,0,24,2,2,0.0,0.0,0.0,0.0,0.0,2.0,10,5,8
110273,16,2,1,17,8,3,0,1,0,1,2,23,2,2,0.0,0.0,0.0,0.0,0.0,2.0,21,7,8
18153,15,2,1,0,15,3,5,5,1,1,1,18,2,2,0.0,0.0,0.0,0.0,0.0,3.0,20,2,2
180885,16,2,1,3,2,3,0,5,0,1,2,6,3,1,1.0,0.0,1.0,0.0,0.0,1.0,22,1,12
30509,16,2,4,10,10,3,0,5,1,1,2,19,2,2,0.0,0.0,0.0,0.0,0.0,2.0,19,1,3
35347,16,2,3,17,8,3,0,1,1,1,2,36,2,2,0.0,0.0,0.0,0.0,0.0,2.0,14,6,3
155343,16,7,3,17,6,3,6,1,1,1,2,3,2,2,0.0,0.0,0.0,0.0,0.0,3.0,11,5,10
22371,16,7,0,3,8,3,6,1,0,1,2,39,2,2,0.0,0.0,0.0,0.0,0.0,2.0,20,4,2
72251,16,7,1,17,6,3,6,1,0,1,2,36,2,3,3.0,0.0,0.0,3.0,0.0,3.0,19,7,6
38526,16,2,3,0,8,3,0,1,0,1,2,6,2,2,0.0,0.0,0.0,0.0,0.0,2.0,8,6,3
133827,16,2,0,10,8,3,0,5,1,1,2,36,2,2,0.0,0.0,0.0,0.0,0.0,2.0,20,5,9
12070,16,7,3,17,1,3,6,1,1,1,1,36,2,2,0.0,0.0,0.0,0.0,0.0,2.0,13,7,1
138433,15,2,3,0,8,3,0,1,0,1,2,36,2,3,2.0,0.0,0.0,2.0,0.0,0.0,10,6,10
91549,4,2,3,0,2,3,0,5,0,1,2,12,2,3,1.0,0.0,0.0,1.0,0.0,1.0,17,2,7
181320,16,2,3,7,3,3,0,1,1,1,2,24,2,2,0.0,0.0,0.0,0.0,0.0,2.0,13,1,12
19940,16,7,0,17,11,3,6,1,1,0,0,3,2,2,0.0,0.0,0.0,0.0,0.0,2.0,5,6,2
132568,15,2,3,0,8,3,0,1,1,1,2,18,2,2,0.0,0.0,0.0,0.0,0.0,4.0,8,7,9
128747,15,2,1,9,6,3,0,1,0,1,0,36,2,1,1.0,0.0,1.0,0.0,0.0,1.0,23,5,9
98580,16,2,3,10,8,3,0,1,1,1,1,19,2,2,0.0,0.0,0.0,0.0,0.0,3.0,13,6,7
107158,4,2,3,9,8,3,0,1,0,1,2,4,2,4,1.0,0.0,0.0,0.0,1.0,1.0,11,3,8
168916,16,2,1,17,8,3,0,1,1,1,2,36,2,2,0.0,0.0,0.0,0.0,0.0,2.0,17,4,11
59034,16,2,3,17,8,3,0,1,1,1,2,36,2,2,0.0,0.0,0.0,0.0,0.0,2.0,14,2,5
182252,16,3,3,2,10,3,5,5,0,1,2,17,1,2,0.0,0.0,0.0,0.0,0.0,1.0,12,7,12
159980,16,2,3,8,2,3,0,1,0,1,2,20,2,1,1.0,0.0,1.0,0.0,0.0,2.0,10,1,11
43255,15,7,3,0,2,3,6,1,1,1,1,22,2,2,0.0,0.0,0.0,0.0,0.0,2.0,12,3,4
138449,15,2,1,10,8,3,0,1,1,1,2,17,2,2,0.0,0.0,0.0,0.0,0.0,2.0,0,6,10
21559,4,2,3,7,15,3,0,1,1,1,2,24,2,2,0.0,0.0,0.0,0.0,0.0,3.0,14,4,2
134256,16,7,1,17,8,3,6,5,1,1,0,24,2,2,0.0,0.0,0.0,0.0,0.0,2.0,17,3,9
108208,16,2,3,17,2,3,0,1,1,1,2,36,2,2,0.0,0.0,0.0,0.0,0.0,2.0,18,3,8
38564,16,2,3,17,3,3,0,1,1,1,1,6,2,2,0.0,0.0,0.0,0.0,0.0,2.0,16,7,3
142671,16,2,3,9,2,3,0,1,0,1,0,36,2,3,1.0,0.0,0.0,1.0,0.0,2.0,16,4,10
88862,16,2,3,17,8,3,0,1,0,1,2,18,2,4,1.0,0.0,0.0,0.0,1.0,1.0,15,3,7
127887,15,2,3,17,8,3,0,1,0,1,2,18,2,3,1.0,0.0,0.0,1.0,0.0,1.0,8,6,9
58534,16,2,3,10,8,3,0,1,1,1,1,19,2,2,0.0,0.0,0.0,0.0,0.0,3.0,16,1,5
26993,15,2,3,0,8,3,0,1,1,1,0,36,2,2,0.0,0.0,0.0,0.0,0.0,2.0,13,7,2
62116,4,2,3,10,8,3,5,5,1,1,2,36,2,2,0.0,0.0,0.0,0.0,0.0,3.0,13,1,5
129131,15,2,3,15,8,3,0,1,1,1,0,36,2,2,0.0,0.0,0.0,0.0,0.0,2.0,12,2,9
94276,15,2,3,0,8,3,5,5,1,1,2,36,2,2,0.0,0.0,0.0,0.0,0.0,2.0,14,3,7
92245,15,2,3,17,6,3,0,1,1,1,2,18,2,2,0.0,0.0,0.0,0.0,0.0,2.0,17,7,7
131830,16,2,3,10,2,3,0,1,1,1,2,21,2,2,0.0,0.0,0.0,0.0,0.0,3.0,7,4,9
171492,16,2,3,8,6,3,0,1,1,1,1,36,2,2,0.0,0.0,0.0,0.0,0.0,2.0,6,4,11
157465,16,7,1,17,8,3,6,1,0,1,2,22,2,2,0.0,0.0,0.0,0.0,0.0,2.0,7,7,11
6844,16,5,1,0,6,3,4,1,1,1,1,6,3,2,0.0,0.0,0.0,0.0,0.0,2.0,23,6,1
117027,16,7,3,15,10,3,6,1,1,1,2,36,2,2,0.0,0.0,0.0,0.0,0.0,2.0,7,5,8
23178,16,2,1,0,2,3,0,1,0,1,2,6,2,2,0.0,0.0,0.0,0.0,0.0,3.0,23,2,2
23969,16,2,3,17,10,2,0,1,1,1,2,26,2,2,0.0,0.0,0.0,0.0,0.0,2.0,13,2,2
4270,16,10,1,11,2,3,4,1,1,1,2,21,2,2,0.0,0.0,0.0,0.0,0.0,2.0,18,3,1
97512,15,2,3,7,6,3,0,5,1,1,2,36,2,2,0.0,0.0,0.0,0.0,0.0,3.0,15,4,7
104423,16,2,3,10,8,3,0,5,1,1,2,19,2,2,0.0,0.0,0.0,0.0,0.0,2.0,8,3,8
105336,16,2,3,17,2,3,0,1,0,1,2,36,2,2,0.0,0.0,0.0,0.0,0.0,3.0,14,3,8
13393,16,2,1,3,8,3,5,5,1,1,1,18,2,2,0.0,0.0,0.0,0.0,0.0,2.0,20,1,1
4364,16,2,1,8,2,3,0,1,0,1,0,18,2,1,1.0,0.0,1.0,0.0,0.0,1.0,23,5,1
46774,16,7,0,0,8,3,6,1,1,1,1,39,2,2,0.0,0.0,0.0,0.0,0.0,2.0,23,4,4
35666,4,2,3,17,6,3,0,5,1,1,2,36,2,2,0.0,0.0,0.0,0.0,0.0,2.0,12,4,3
120949,16,2,3,17,6,3,0,1,1,1,1,18,2,2,0.0,0.0,0.0,0.0,0.0,2.0,15,6,9
39708,15,2,1,17,6,3,0,1,0,1,2,5,2,3,6.0,0.0,0.0,6.0,0.0,1.0,20,2,3
102874,16,2,4,15,11,3,0,1,1,1,2,22,2,2,0.0,0.0,0.0,0.0,0.0,2.0,19,7,7
147410,16,2,1,10,15,3,5,5,1,1,2,19,2,2,0.0,0.0,0.0,0.0,0.0,3.0,21,5,10
26936,4,2,3,0,2,3,0,1,1,0,2,18,2,2,0.0,0.0,0.0,0.0,0.0,2.0,15,6,2
54694,16,2,3,17,15,2,0,1,1,1,2,36,2,2,0.0,0.0,0.0,0.0,0.0,5.0,8,1,4
154155,16,7,3,17,6,3,6,5,0,1,2,24,2,2,0.0,0.0,0.0,0.0,0.0,4.0,16,6,10
5911,15,10,3,0,6,3,4,5,1,1,1,36,2,2,0.0,0.0,0.0,0.0,0.0,2.0,9,6,1
149740,16,2,3,17,8,3,0,1,1,1,1,18,2,2,0.0,0.0,0.0,0.0,0.0,3.0,16,7,10
81321,11,2,1,0,8,3,0,1,0,1,2,28,2,2,0.0,0.0,0.0,0.0,0.0,5.0,23,7,6
23768,16,2,1,15,8,3,6,5,0,1,2,23,2,2,0.0,0.0,0.0,0.0,0.0,2.0,18,6,2
26519,16,2,3,0,6,3,4,1,1,1,2,6,2,2,0.0,0.0,0.0,0.0,0.0,2.0,11,6,2
188085,4,2,1,17,8,3,4,1,0,1,2,18,2,2,0.0,0.0,0.0,0.0,0.0,3.0,2,7,12
79667,16,2,1,17,6,3,0,1,1,1,2,36,2,2,0.0,0.0,0.0,0.0,0.0,2.0,22,3,6
131669,6,2,1,7,10,3,0,1,0,1,2,36,2,2,0.0,0.0,0.0,0.0,0.0,2.0,0,3,9
148361,10,2,3,9,6,3,0,1,1,0,2,18,2,2,0.0,0.0,0.0,0.0,0.0,2.0,9,3,10
138520,16,2,4,17,8,3,0,1,1,1,2,24,2,2,0.0,0.0,0.0,0.0,0.0,3.0,23,7,10
22331,4,10,3,7,10,3,4,1,1,1,2,36,2,2,0.0,0.0,0.0,0.0,0.0,1.0,12,3,2
142117,16,2,3,9,6,3,0,1,0,1,2,18,4,3,3.0,0.0,0.0,3.0,0.0,1.0,16,3,10
68608,15,2,3,0,6,3,0,1,0,1,2,18,2,3,2.0,0.0,0.0,2.0,0.0,0.0,11,7,5
122992,16,2,3,10,8,3,0,1,1,0,2,19,2,2,0.0,0.0,0.0,0.0,0.0,3.0,15,7,9
28899,16,2,1,10,2,3,0,1,1,1,1,19,2,2,0.0,0.0,0.0,0.0,0.0,2.0,19,2,3
53793,4,2,3,9,6,3,0,1,0,1,0,18,2,4,1.0,0.0,0.0,0.0,1.0,1.0,18,3,4
79620,16,2,3,17,1,3,0,1,0,1,2,18,2,1,2.0,0.0,2.0,0.0,0.0,0.0,16,3,6
143259,16,2,3,0,2,3,0,1,0,1,2,26,2,4,1.0,0.0,0.0,0.0,1.0,1.0,11,3,10
48108,16,7,3,10,3,3,6,1,0,1,2,16,5,3,2.0,0.0,0.0,2.0,0.0,5.0,16,7,4
7771,16,2,3,9,6,3,0,1,0,1,0,35,2,3,1.0,0.0,0.0,1.0,0.0,1.0,6,5,1
82922,15,2,4,17,6,3,0,1,0,1,2,26,2,2,0.0,0.0,0.0,0.0,0.0,2.0,20,2,6
9081,15,2,3,0,8,3,0,1,1,1,2,18,2,2,0.0,0.0,0.0,0.0,0.0,2.0,7,5,1
142780,15,7,4,9,8,3,6,5,0,1,0,5,2,3,1.0,0.0,0.0,1.0,0.0,1.0,17,3,10
60127,15,2,3,9,8,3,0,1,0,1,0,36,2,4,1.0,0.0,0.0,0.0,1.0,1.0,13,5,5
151424,15,2,3,0,6,3,0,1,0,1,2,18,3,3,7.0,0.0,0.0,3.0,4.0,2.0,8,3,10
110717,16,11,5,17,15,3,5,5,1,1,2,36,2,2,0.0,0.0,0.0,0.0,0.0,2.0,20,7,8
89034,4,2,3,14,11,3,0,1,0,0,2,36,4,2,0.0,0.0,0.0,0.0,0.0,4.0,19,6,7
162062,15,2,3,10,8,3,1,1,1,1,2,19,2,2,0.0,0.0,0.0,0.0,0.0,2.0,9,3,11
78214,15,2,3,0,2,3,0,1,0,1,2,5,2,1,1.0,0.0,1.0,0.0,0.0,1.0,11,3,6
90186,15,2,3,10,8,3,0,1,1,1,0,19,2,2,0.0,0.0,0.0,0.0,0.0,2.0,17,3,7
28649,4,2,3,17,6,3,0,1,1,1,1,36,2,2,0.0,0.0,0.0,0.0,0.0,2.0,15,6,3
75858,15,2,3,17,2,3,0,1,1,1,2,18,2,2,0.0,0.0,0.0,0.0,0.0,2.0,19,4,6
9152,16,2,3,15,10,3,0,1,1,1,2,36,2,2,0.0,0.0,0.0,0.0,0.0,2.0,7,5,1
159266,16,2,1,10,8,3,0,1,1,1,1,26,2,2,0.0,0.0,0.0,0.0,0.0,2.0,0,3,11
168375,15,2,3,17,8,3,0,1,1,1,1,36,2,2,0.0,0.0,0.0,0.0,0.0,2.0,13,3,11
19229,17,11,5,10,8,3,5,5,1,1,0,36,2,2,0.0,0.0,0.0,0.0,0.0,2.0,17,4,2
177587,15,2,1,17,10,3,0,1,1,0,2,23,2,2,0.0,0.0,0.0,0.0,0.0,2.0,20,1,12
74640,15,2,3,17,10,3,0,5,1,1,2,36,2,2,0.0,0.0,0.0,0.0,0.0,2.0,8,7,6
72021,16,2,3,15,16,3,0,1,1,1,2,23,2,2,0.0,0.0,0.0,0.0,0.0,3.0,13,3,6
184447,4,2,3,17,2,3,0,1,0,1,2,24,2,3,1.0,0.0,0.0,1.0,0.0,3.0,14,4,12
4178,16,2,1,2,6,3,0,1,0,1,2,36,1,2,0.0,0.0,0.0,0.0,0.0,1.0,18,1,1
88378,16,2,3,0,6,3,0,1,1,1,2,36,2,2,0.0,0.0,0.0,0.0,0.0,2.0,13,3,7
129831,10,2,1,9,6,3,6,1,0,1,2,18,2,1,1.0,0.0,1.0,0.0,0.0,1.0,20,6,9
175337,16,11,5,10,6,3,5,5,1,1,2,36,2,2,0.0,0.0,0.0,0.0,0.0,3.0,11,4,12
84290,15,2,3,17,13,3,0,1,1,1,0,22,2,2,0.0,0.0,0.0,0.0,0.0,2.0,12,1,6
50611,16,2,3,0,6,3,0,1,0,1,2,6,2,2,0.0,0.0,0.0,0.0,0.0,2.0,6,4,4
103619,16,2,3,15,8,3,0,1,1,1,1,36,2,2,0.0,0.0,0.0,0.0,0.0,2.0,16,6,7
114433,15,2,3,2,8,3,0,3,0,1,1,26,1,3,1.0,0.0,0.0,1.0,0.0,0.0,13,1,8
75875,16,2,3,0,6,3,0,1,1,1,1,18,2,2,0.0,0.0,0.0,0.0,0.0,3.0,11,4,6
99074,15,2,3,14,6,3,0,5,0,1,2,5,2,2,0.0,0.0,0.0,0.0,0.0,2.0,11,6,7
93909,16,2,3,17,6,3,0,1,1,1,2,19,2,2,0.0,0.0,0.0,0.0,0.0,2.0,16,6,7
42647,16,2,1,0,15,3,0,1,0,1,1,18,2,2,0.0,0.0,0.0,0.0,0.0,2.0,0,7,4
126343,16,2,3,9,6,3,0,1,0,1,2,17,2,1,1.0,0.0,1.0,0.0,0.0,1.0,20,7,9
7967,16,2,4,0,6,3,0,5,0,1,2,6,2,4,1.0,0.0,0.0,0.0,1.0,4.0,3,3,1
71352,16,2,3,15,11,3,0,1,1,1,1,12,2,2,0.0,0.0,0.0,0.0,0.0,2.0,18,6,5
148807,15,2,1,9,6,3,0,1,0,1,0,18,2,4,1.0,0.0,0.0,0.0,1.0,1.0,21,1,10
13666,4,2,3,14,8,3,0,1,1,1,0,36,2,2,0.0,0.0,0.0,0.0,0.0,2.0,15,7,1
28697,4,2,1,17,8,4,0,1,0,1,2,18,2,3,1.0,0.0,0.0,1.0,0.0,3.0,20,4,3
7645,16,2,1,9,8,3,6,5,0,1,0,36,2,4,1.0,0.0,0.0,0.0,1.0,2.0,22,3,1
100556,16,2,3,0,2,3,0,1,0,1,2,36,2,4,1.0,0.0,0.0,0.0,1.0,1.0,15,2,7
17358,16,2,3,10,8,3,0,1,1,1,1,12,2,2,0.0,0.0,0.0,0.0,0.0,6.0,8,2,2
43274,15,2,3,0,2,3,0,5,1,1,1,5,2,2,0.0,0.0,0.0,0.0,0.0,3.0,16,4,4
75018,16,2,3,10,10,3,0,2,1,1,2,19,2,2,0.0,0.0,0.0,0.0,0.0,4.0,12,4,6
85649,16,7,3,17,6,3,6,1,0,1,2,24,2,2,0.0,0.0,0.0,0.0,0.0,2.0,4,2,6
47324,15,2,3,17,8,3,0,1,1,1,2,17,2,2,0.0,0.0,0.0,0.0,0.0,2.0,16,2,4
34431,16,2,1,17,8,3,0,1,1,1,1,36,2,2,0.0,0.0,0.0,0.0,0.0,4.0,23,4,3
155099,16,2,3,15,8,3,0,1,1,1,2,23,2,2,0.0,0.0,0.0,0.0,0.0,2.0,17,2,10
169393,16,7,3,10,2,3,6,1,1,1,2,17,3,2,0.0,0.0,0.0,0.0,0.0,3.0,10,4,11
46328,4,2,3,17,8,3,0,1,1,1,2,18,2,2,0.0,0.0,0.0,0.0,0.0,2.0,17,3,4
122544,16,2,1,17,3,3,0,1,1,0,1,19,2,2,0.0,0.0,0.0,0.0,0.0,3.0,23,7,9
118387,15,2,3,7,8,3,6,1,0,1,2,17,2,2,0.0,0.0,0.0,0.0,0.0,1.0,10,3,8
135890,16,3,3,10,8,3,0,1,0,1,2,36,2,4,3.0,0.0,0.0,0.0,3.0,0.0,8,4,9
173299,16,2,1,17,8,3,0,1,0,1,2,6,2,3,1.0,0.0,0.0,1.0,0.0,2.0,21,1,12
85175,4,2,1,9,8,3,0,1,0,1,0,36,2,3,1.0,0.0,0.0,1.0,0.0,1.0,21,3,6
15665,16,2,3,0,2,3,0,1,1,1,1,6,2,2,0.0,0.0,0.0,0.0,0.0,3.0,12,6,2
61110,16,2,2,17,11,3,0,1,0,1,2,24,2,3,1.0,0.0,0.0,1.0,0.0,3.0,5,6,5
107401,15,2,3,17,6,3,0,1,1,0,1,36,2,2,0.0,0.0,0.0,0.0,0.0,3.0,16,6,8
124307,16,2,3,17,6,3,0,5,0,1,2,36,2,4,2.0,0.0,0.0,0.0,2.0,1.0,16,7,9
143083,16,2,1,17,8,3,0,1,0,1,2,24,3,2,0.0,0.0,0.0,0.0,0.0,3.0,0,7,10
18414,4,2,3,0,2,3,0,1,0,1,1,29,2,4,1.0,0.0,0.0,0.0,1.0,1.0,7,6,2
32895,16,2,3,10,3,3,0,1,0,1,2,36,2,1,2.0,0.0,1.0,1.0,0.0,1.0,17,6,3
163157,4,10,1,2,3,3,1,1,0,1,2,36,1,3,1.0,0.0,0.0,1.0,0.0,0.0,1,5,11
40482,16,2,3,15,10,3,0,1,1,1,2,36,2,2,0.0,0.0,0.0,0.0,0.0,2.0,15,2,3
145573,16,2,3,15,8,3,0,1,1,1,1,23,2,2,0.0,0.0,0.0,0.0,0.0,3.0,7,6,10