crash_date,               traffic_control_device,weather_condition,lighting_condition,first_crash_type,trafficway_type,alignment,roadway_surface_cond,road_defect,crash_type,intersection_related_i,damage,prim_contributory_cause,num_units,most_severe_injury,injuries_total,injuries_fatal,injuries_incapacitating,injuries_non_incapacitating,injuries_reported_not_evident,injuries_no_indication,crash_hour,crash_day_of_week,crash_month
57066,16,2,1,17,1,3,0,1,0,1,2,18,2,3,1.0,0.0,0.0,1.0,0.0,3.0,23,5,5
124957,16,2,1,17,8,3,0,1,0,1,2,18,2,2,0.0,0.0,0.0,0.0,0.0,3.0,2,7,9
155063,16,2,3,8,10,3,0,1,0,1,0,23,2,3,1.0,0.0,0.0,1.0,0.0,1.0,12,4,10
126341,15,2,3,17,8,3,0,1,1,1,0,36,2,2,0.0,0.0,0.0,0.0,0.0,3.0,19,7,9
21701,16,2,1,0,2,3,0,1,0,1,2,36,2,2,0.0,0.0,0.0,0.0,0.0,3.0,1,6,2
151211,16,2,3,10,2,3,0,1,1,1,1,17,2,2,0.0,0.0,0.0,0.0,0.0,2.0,11,7,10
1167,16,2,3,10,8,4,0,1,1,1,1,17,3,2,0.0,0.0,0.0,0.0,0.0,3.0,14,6,1
70913,16,2,3,15,3,3,0,1,1,1,2,23,2,2,0.0,0.0,0.0,0.0,0.0,2.0,15,1,5
162227,16,2,3,10,6,3,0,1,1,1,1,17,2,2,0.0,0.0,0.0,0.0,0.0,2.0,8,6,11
14125,17,2,3,17,8,3,5,5,0,1,2,36,2,2,0.0,0.0,0.0,0.0,0.0,2.0,15,2,1
59656,15,2,1,17,15,3,0,1,0,1,1,24,2,2,0.0,0.0,0.0,0.0,0.0,6.0,21,4,5
87628,16,2,3,0,6,3,0,1,1,1,2,6,2,2,0.0,0.0,0.0,0.0,0.0,3.0,20,5,6
51546,16,2,3,17,8,3,0,1,1,1,2,36,2,2,0.0,0.0,0.0,0.0,0.0,2.0,18,6,4
185651,15,2,0,9,8,3,0,1,0,1,0,18,2,4,1.0,0.0,0.0,0.0,1.0,1.0,17,3,12
155357,16,2,3,15,11,3,0,1,1,1,1,26,3,2,0.0,0.0,0.0,0.0,0.0,6.0,13,7,10
18801,16,2,3,17,10,3,6,1,1,1,0,24,2,2,0.0,0.0,0.0,0.0,0.0,2.0,15,6,2
138174,15,2,1,10,2,3,0,1,1,1,2,19,2,2,0.0,0.0,0.0,0.0,0.0,2.0,5,1,10
75017,16,2,1,15,10,3,0,1,1,1,2,22,2,2,0.0,0.0,0.0,0.0,0.0,2.0,23,4,6
32499,16,2,3,17,3,3,0,1,1,1,2,36,2,2,0.0,0.0,0.0,0.0,0.0,2.0,16,7,3
123425,17,11,5,0,17,3,5,5,0,1,2,36,2,4,1.0,0.0,0.0,0.0,1.0,1.0,12,5,9
78987,4,2,3,0,19,3,0,1,1,1,2,36,2,2,0.0,0.0,0.0,0.0,0.0,3.0,19,1,6
80578,16,2,3,0,2,3,0,1,0,1,2,6,2,2,0.0,0.0,0.0,0.0,0.0,2.0,13,4,6
131757,16,2,3,17,5,3,0,1,1,1,2,36,2,2,0.0,0.0,0.0,0.0,0.0,2.0,17,6,9
186927,16,7,3,17,8,3,6,5,1,1,2,19,2,2,0.0,0.0,0.0,0.0,0.0,2.0,13,6,12
155357,4,2,3,10,2,3,0,1,0,1,2,19,2,2,0.0,0.0,0.0,0.0,0.0,3.0,13,7,10
52213,4,3,2,17,8,3,6,1,0,1,1,24,2,2,0.0,0.0,0.0,0.0,0.0,2.0,7,3,4
5093,15,10,1,0,8,3,4,1,1,1,1,18,2,2,0.0,0.0,0.0,0.0,0.0,3.0,16,7,1
103746,16,2,3,17,6,3,0,1,0,1,2,18,2,3,1.0,0.0,0.0,1.0,0.0,2.0,13,1,7
142106,16,2,3,17,8,3,0,1,1,1,1,36,2,2,0.0,0.0,0.0,0.0,0.0,3.0,13,3,10
51579,16,2,3,0,8,3,0,1,0,1,2,6,2,2,0.0,0.0,0.0,0.0,0.0,3.0,12,6,4
111680,16,2,3,10,6,3,0,1,1,1,1,26,2,2,0.0,0.0,0.0,0.0,0.0,2.0,12,7,8
42274,16,2,1,17,8,3,0,1,1,1,1,36,2,2,0.0,0.0,0.0,0.0,0.0,2.0,1,7,4
124397,16,3,3,0,8,3,0,1,0,1,2,30,3,2,0.0,0.0,0.0,0.0,0.0,3.0,11,5,9
180530,15,2,3,17,2,3,6,5,1,1,2,18,2,2,0.0,0.0,0.0,0.0,0.0,2.0,9,5,12
48481,16,2,3,17,6,3,0,5,0,1,2,17,2,2,0.0,0.0,0.0,0.0,0.0,3.0,16,1,4
59432,16,11,5,13,17,3,5,5,1,1,2,26,2,2,0.0,0.0,0.0,0.0,0.0,2.0,16,3,5
105738,15,2,3,0,2,3,0,1,1,1,1,36,2,2,0.0,0.0,0.0,0.0,0.0,2.0,12,7,8
31603,16,2,0,10,8,3,0,1,0,1,2,19,2,4,1.0,0.0,0.0,0.0,1.0,2.0,4,1,3
72124,17,3,3,7,10,3,0,1,1,1,1,24,2,2,0.0,0.0,0.0,0.0,0.0,2.0,8,4,6
175832,4,2,1,17,6,3,0,1,1,1,2,18,2,2,0.0,0.0,0.0,0.0,0.0,3.0,17,5,12
171833,16,7,3,17,3,3,6,1,1,1,1,24,2,2,0.0,0.0,0.0,0.0,0.0,3.0,11,7,11
108138,15,2,1,10,6,3,0,1,0,1,2,37,2,2,0.0,0.0,0.0,0.0,0.0,3.0,1,5,8
162610,16,3,3,0,6,3,6,1,0,1,2,6,2,4,3.0,0.0,0.0,0.0,3.0,0.0,14,4,11
177490,16,7,1,0,6,3,6,1,0,1,2,4,3,3,2.0,0.0,0.0,2.0,0.0,4.0,22,6,12
126006,16,2,3,17,8,3,0,1,1,1,2,24,2,2,0.0,0.0,0.0,0.0,0.0,2.0,12,3,9
87366,16,2,1,17,8,3,0,1,1,1,2,18,2,2,0.0,0.0,0.0,0.0,0.0,5.0,0,7,6
87584,16,2,3,0,6,3,0,1,0,1,2,18,2,2,0.0,0.0,0.0,0.0,0.0,2.0,13,5,6
187967,4,2,1,17,8,3,0,1,0,1,2,24,3,3,2.0,0.0,0.0,2.0,0.0,1.0,21,6,12
82320,15,2,3,0,2,3,0,1,0,1,2,18,2,1,1.0,0.0,1.0,0.0,0.0,1.0,12,7,6
54974,15,2,3,11,6,3,0,5,0,1,2,18,2,2,0.0,0.0,0.0,0.0,0.0,6.0,16,1,4
56783,16,2,1,17,6,3,0,1,1,1,2,23,2,2,0.0,0.0,0.0,0.0,0.0,4.0,1,2,5
52801,16,2,1,0,8,3,0,1,0,1,2,30,2,3,2.0,0.0,0.0,2.0,0.0,5.0,3,1,4
24272,16,2,1,10,6,4,0,1,1,1,0,19,2,2,0.0,0.0,0.0,0.0,0.0,5.0,2,1,2
157599,16,2,3,10,8,3,0,1,1,1,1,19,2,2,0.0,0.0,0.0,0.0,0.0,2.0,15,2,11
101802,4,2,3,15,2,3,0,1,1,1,2,22,2,2,0.0,0.0,0.0,0.0,0.0,2.0,10,7,7
151845,16,7,3,10,3,3,6,5,0,1,2,19,2,3,1.0,0.0,0.0,1.0,0.0,2.0,7,2,10
137246,15,2,3,17,6,3,0,1,1,1,1,36,2,2,0.0,0.0,0.0,0.0,0.0,2.0,16,4,9
35070,4,10,3,10,8,3,4,1,1,0,2,19,2,2,0.0,0.0,0.0,0.0,0.0,2.0,14,2,3
16691,15,10,0,0,4,3,4,1,0,1,2,18,2,2,0.0,0.0,0.0,0.0,0.0,2.0,20,6,2
119168,15,2,1,0,18,3,0,1,0,1,2,5,2,2,0.0,0.0,0.0,0.0,0.0,2.0,21,1,8
157650,16,2,3,10,6,3,5,5,1,1,1,19,2,2,0.0,0.0,0.0,0.0,0.0,2.0,10,2,11
37292,16,2,1,17,8,3,6,1,0,1,2,37,2,3,1.0,0.0,0.0,1.0,0.0,2.0,22,4,3
57533,16,2,1,0,8,3,0,1,0,1,2,18,2,4,2.0,0.0,0.0,0.0,2.0,0.0,18,6,5
76804,4,2,3,7,8,3,0,1,1,1,2,32,2,2,0.0,0.0,0.0,0.0,0.0,1.0,12,4,6
23179,16,2,1,0,3,3,0,1,0,1,2,6,3,2,0.0,0.0,0.0,0.0,0.0,7.0,23,2,2
160822,16,2,1,10,8,3,0,1,1,1,1,19,2,2,0.0,0.0,0.0,0.0,0.0,2.0,22,5,11
111409,16,2,3,17,3,3,0,5,0,1,2,18,2,2,0.0,0.0,0.0,0.0,0.0,2.0,12,4,8
9909,4,2,3,17,8,3,0,1,0,1,2,36,2,4,2.0,0.0,0.0,0.0,2.0,0.0,15,6,1
143186,4,2,3,7,6,3,0,1,0,1,2,21,4,2,0.0,0.0,0.0,0.0,0.0,1.0,11,2,10
82810,16,2,3,15,8,3,0,5,1,0,1,36,2,2,0.0,0.0,0.0,0.0,0.0,2.0,11,6,6
49368,15,2,3,17,8,3,0,1,0,1,2,18,3,3,2.0,0.0,0.0,2.0,0.0,2.0,15,3,4
47351,16,2,3,17,2,3,0,6,0,1,2,12,2,2,0.0,0.0,0.0,0.0,0.0,2.0,9,2,4
4857,16,10,4,17,5,3,4,5,1,1,2,36,2,2,0.0,0.0,0.0,0.0,0.0,5.0,17,6,1
63835,4,2,3,2,8,3,0,1,0,1,2,36,1,2,0.0,0.0,0.0,0.0,0.0,1.0,13,1,5
28627,16,2,3,17,6,3,0,1,0,1,2,18,2,3,1.0,0.0,0.0,1.0,0.0,1.0,10,4,3
138647,16,2,1,17,6,3,0,1,0,1,2,36,2,2,0.0,0.0,0.0,0.0,0.0,2.0,23,2,10
73488,16,2,3,17,6,3,0,5,1,1,1,14,2,2,0.0,0.0,0.0,0.0,0.0,2.0,7,3,6
121913,4,7,3,15,8,3,6,1,1,1,2,23,2,2,0.0,0.0,0.0,0.0,0.0,2.0,14,6,9
188240,16,10,0,10,6,3,6,1,1,1,2,17,2,2,0.0,0.0,0.0,0.0,0.0,2.0,17,2,12
23493,16,2,3,17,8,3,0,5,0,1,2,36,2,3,1.0,0.0,0.0,1.0,0.0,2.0,8,6,2
178518,16,7,3,10,11,3,5,5,1,1,2,21,2,2,0.0,0.0,0.0,0.0,0.0,2.0,14,7,12
59623,16,7,1,17,10,3,6,1,1,1,1,36,2,2,0.0,0.0,0.0,0.0,0.0,2.0,5,4,5
63634,16,2,1,10,8,3,0,1,0,1,2,17,2,1,1.0,0.0,1.0,0.0,0.0,1.0,3,4,5
160196,16,2,3,17,8,3,0,1,1,1,2,36,2,2,0.0,0.0,0.0,0.0,0.0,2.0,15,6,11
125835,4,2,3,9,8,3,0,1,0,1,2,18,2,3,1.0,0.0,0.0,1.0,0.0,1.0,15,7,9
58286,16,7,4,0,19,3,6,1,1,1,2,6,2,2,0.0,0.0,0.0,0.0,0.0,3.0,19,5,5
25186,16,2,3,17,6,3,0,1,1,1,1,36,2,2,0.0,0.0,0.0,0.0,0.0,4.0,16,5,2
68908,15,2,1,17,6,3,0,1,0,1,2,36,3,1,2.0,0.0,1.0,1.0,0.0,1.0,20,4,5
10486,16,2,0,10,6,3,0,5,1,1,1,19,2,2,0.0,0.0,0.0,0.0,0.0,2.0,19,1,1
45824,15,2,3,10,8,3,1,1,1,1,2,33,2,2,0.0,0.0,0.0,0.0,0.0,3.0,11,7,4
122904,17,2,3,9,15,3,0,1,0,1,0,17,2,3,1.0,0.0,0.0,1.0,0.0,1.0,15,5,9
24754,16,2,3,17,8,3,0,1,1,1,2,36,2,2,0.0,0.0,0.0,0.0,0.0,2.0,13,4,2
48352,16,2,3,17,15,3,0,1,1,1,2,22,2,2,0.0,0.0,0.0,0.0,0.0,2.0,9,5,4
79740,16,2,3,0,8,3,0,1,1,1,2,13,2,2,0.0,0.0,0.0,0.0,0.0,3.0,12,4,6
123314,15,3,3,10,8,3,0,1,0,1,2,19,2,4,2.0,0.0,0.0,0.0,2.0,3.0,15,4,9
5401,16,2,3,10,15,3,6,1,0,1,2,19,2,3,1.0,0.0,0.0,1.0,0.0,3.0,10,7,1
5159,6,2,3,0,6,3,0,1,0,1,2,18,2,4,2.0,0.0,0.0,0.0,2.0,2.0,10,2,1
164983,16,2,3,0,15,3,0,1,0,1,2,3,2,2,0.0,0.0,0.0,0.0,0.0,2.0,14,3,11
105788,15,2,3,0,10,3,0,1,0,1,2,18,2,3,1.0,0.0,0.0,1.0,0.0,1.0,8,1,8
40108,16,7,3,9,6,3,6,1,1,1,1,36,2,2,0.0,0.0,0.0,0.0,0.0,2.0,14,3,3
153218,15,3,3,0,2,3,6,1,0,1,2,5,2,3,3.0,0.0,0.0,3.0,0.0,2.0,15,6,10
132557,16,2,3,17,2,3,0,1,1,1,2,24,2,2,0.0,0.0,0.0,0.0,0.0,2.0,6,7,9
18791,16,2,3,15,2,3,0,1,1,1,1,36,2,2,0.0,0.0,0.0,0.0,0.0,2.0,12,5,2
100470,16,2,3,17,6,3,0,1,1,1,1,35,2,2,0.0,0.0,0.0,0.0,0.0,3.0,12,7,7
125755,15,2,3,17,6,3,0,1,0,1,2,5,3,4,1.0,0.0,0.0,0.0,1.0,2.0,16,6,9
28822,16,2,1,17,11,3,0,1,1,1,1,11,2,2,0.0,0.0,0.0,0.0,0.0,2.0,17,7,3
48168,16,10,3,9,11,3,4,1,0,1,0,39,4,4,2.0,0.0,0.0,0.0,2.0,2.0,13,1,4
166376,16,2,1,17,6,3,0,5,1,1,2,24,2,2,0.0,0.0,0.0,0.0,0.0,2.0,20,1,11
111200,16,2,1,0,2,3,0,1,1,1,1,38,2,2,0.0,0.0,0.0,0.0,0.0,2.0,22,7,8
54693,16,2,1,17,17,3,0,1,1,1,0,24,2,2,0.0,0.0,0.0,0.0,0.0,2.0,20,1,4
85580,17,2,3,7,15,3,0,5,1,1,1,8,3,2,0.0,0.0,0.0,0.0,0.0,1.0,17,1,6
49656,16,2,3,15,2,3,0,1,0,1,2,28,2,2,0.0,0.0,0.0,0.0,0.0,7.0,14,1,4
136352,16,2,1,0,6,3,0,1,0,1,2,36,2,1,3.0,0.0,1.0,2.0,0.0,1.0,0,4,9
19936,15,2,3,0,6,3,0,1,1,1,1,36,2,2,0.0,0.0,0.0,0.0,0.0,2.0,16,6,2
14020,16,2,1,3,8,3,4,1,0,1,2,36,2,3,1.0,0.0,0.0,1.0,0.0,1.0,3,7,1
134051,16,2,1,17,2,3,0,1,0,0,2,12,2,2,0.0,0.0,0.0,0.0,0.0,3.0,23,1,9
64289,4,11,5,5,10,3,5,5,0,1,2,36,1,2,0.0,0.0,0.0,0.0,0.0,1.0,8,1,5
151923,16,7,0,9,6,3,6,5,0,1,2,3,2,3,1.0,0.0,0.0,1.0,0.0,1.0,18,3,10
125511,16,2,1,15,8,3,0,1,1,0,1,23,2,2,0.0,0.0,0.0,0.0,0.0,3.0,19,1,9
83643,17,2,0,8,8,3,0,5,0,1,2,36,2,1,1.0,0.0,1.0,0.0,0.0,1.0,23,7,6
120407,15,2,0,7,10,3,0,1,1,1,1,36,2,2,0.0,0.0,0.0,0.0,0.0,1.0,0,5,8
68662,16,2,1,15,8,3,6,1,1,1,2,36,2,2,0.0,0.0,0.0,0.0,0.0,2.0,21,6,5
57125,16,2,3,0,8,3,0,1,0,1,2,12,3,3,6.0,0.0,0.0,4.0,2.0,1.0,7,6,5
33968,16,7,3,10,8,3,6,1,1,1,0,19,3,2,0.0,0.0,0.0,0.0,0.0,4.0,7,4,3
100218,17,11,5,2,11,3,5,5,1,1,2,36,1,2,0.0,0.0,0.0,0.0,0.0,1.0,10,2,7
143924,15,2,3,17,3,3,0,1,0,1,2,18,2,2,0.0,0.0,0.0,0.0,0.0,2.0,11,4,10
107204,16,2,3,17,8,3,0,1,1,1,2,18,2,2,0.0,0.0,0.0,0.0,0.0,5.0,15,2,8
39681,16,3,3,17,2,0,0,1,1,1,1,12,3,2,0.0,0.0,0.0,0.0,0.0,4.0,14,2,3
98705,15,2,3,0,6,3,0,1,0,1,1,5,2,4,1.0,0.0,0.0,0.0,1.0,1.0,12,1,7
146227,15,2,3,8,6,3,0,1,1,1,0,22,2,2,0.0,0.0,0.0,0.0,0.0,2.0,11,1,10
80310,4,2,1,17,8,3,0,1,1,1,2,24,2,2,0.0,0.0,0.0,0.0,0.0,3.0,21,6,6
115133,4,2,1,4,2,3,3,3,0,1,0,32,1,3,1.0,0.0,0.0,1.0,0.0,0.0,21,3,8
129009,16,2,1,0,8,3,0,1,0,1,2,6,2,1,2.0,0.0,2.0,0.0,0.0,2.0,2,1,9
174942,15,2,3,0,8,3,0,1,0,1,2,18,2,4,2.0,0.0,0.0,0.0,2.0,1.0,16,4,12
95632,4,2,3,10,2,3,0,1,1,1,0,36,2,2,0.0,0.0,0.0,0.0,0.0,2.0,14,3,7
136817,16,2,3,10,6,3,0,1,1,1,1,36,2,2,0.0,0.0,0.0,0.0,0.0,2.0,10,4,9
12988,16,2,3,17,3,3,0,1,1,1,1,22,2,2,0.0,0.0,0.0,0.0,0.0,2.0,14,1,1
54279,4,2,2,3,8,3,0,1,1,1,0,22,2,2,0.0,0.0,0.0,0.0,0.0,3.0,18,3,4
91778,16,7,3,17,3,3,6,5,0,1,1,19,3,3,1.0,0.0,0.0,1.0,0.0,2.0,13,7,7
99851,16,2,3,15,2,3,0,5,1,1,2,36,2,2,0.0,0.0,0.0,0.0,0.0,4.0,17,4,7
72157,15,2,3,0,6,3,0,1,0,1,2,18,2,2,0.0,0.0,0.0,0.0,0.0,2.0,15,5,6
136057,6,3,3,17,2,3,0,1,0,1,2,24,2,2,0.0,0.0,0.0,0.0,0.0,3.0,12,6,9
66989,16,2,3,17,15,3,0,5,1,1,2,24,2,2,0.0,0.0,0.0,0.0,0.0,2.0,15,4,5
84343,16,2,3,17,8,3,0,1,1,1,2,18,2,2,0.0,0.0,0.0,0.0,0.0,3.0,19,2,6
138346,16,7,3,17,6,3,6,1,0,1,2,6,2,4,1.0,0.0,0.0,0.0,1.0,1.0,8,4,10
17788,16,2,3,10,17,3,5,5,1,1,2,26,2,2,0.0,0.0,0.0,0.0,0.0,3.0,13,1,2
114520,16,2,3,17,8,3,0,1,0,1,2,18,2,2,0.0,0.0,0.0,0.0,0.0,2.0,6,3,8
92342,16,2,1,10,10,3,0,1,1,1,0,19,2,2,0.0,0.0,0.0,0.0,0.0,2.0,0,1,7
54578,16,2,1,17,2,3,0,1,1,1,2,4,2,2,0.0,0.0,0.0,0.0,0.0,4.0,22,6,4
158461,15,7,3,0,8,3,6,1,0,1,1,39,2,3,1.0,0.0,0.0,1.0,0.0,1.0,12,7,11
134207,15,2,3,17,2,3,0,1,0,1,1,18,2,2,0.0,0.0,0.0,0.0,0.0,2.0,8,2,9
41293,16,2,1,10,2,3,0,1,1,1,2,36,3,2,0.0,0.0,0.0,0.0,0.0,4.0,21,4,3
40801,17,2,1,17,2,3,2,5,0,1,2,6,2,2,0.0,0.0,0.0,0.0,0.0,2.0,21,1,3
188372,15,9,1,0,6,3,6,5,0,1,2,36,2,4,1.0,0.0,0.0,0.0,1.0,1.0,0,5,12
80612,15,2,4,2,6,3,0,1,0,1,2,14,1,2,0.0,0.0,0.0,0.0,0.0,1.0,19,4,6
122798,15,7,3,0,8,3,0,1,1,1,2,18,2,2,0.0,0.0,0.0,0.0,0.0,2.0,8,3,9
133260,16,2,3,17,3,3,0,6,1,1,2,36,2,2,0.0,0.0,0.0,0.0,0.0,5.0,15,4,9
140903,15,2,3,15,2,3,0,1,1,0,2,22,2,2,0.0,0.0,0.0,0.0,0.0,2.0,18,6,10
50655,16,2,3,17,2,3,0,1,0,1,2,18,2,4,2.0,0.0,0.0,0.0,2.0,1.0,14,6,4
29710,16,2,3,17,3,3,0,1,0,1,2,18,2,2,0.0,0.0,0.0,0.0,0.0,3.0,8,2,3
125957,18,2,3,8,8,3,0,1,0,1,0,36,2,3,1.0,0.0,0.0,1.0,0.0,1.0,16,3,9
27424,15,2,1,0,15,3,0,1,0,1,2,18,2,4,1.0,0.0,0.0,0.0,1.0,1.0,20,7,2
93048,4,2,1,15,8,3,0,1,0,1,2,36,2,2,0.0,0.0,0.0,0.0,0.0,4.0,22,4,7
37393,16,2,3,17,6,3,0,1,1,1,2,36,2,2,0.0,0.0,0.0,0.0,0.0,2.0,12,7,3
9202,16,2,2,17,2,3,0,1,1,1,1,23,2,2,0.0,0.0,0.0,0.0,0.0,2.0,6,6,1
73044,16,2,1,17,6,3,0,1,1,1,1,24,2,2,0.0,0.0,0.0,0.0,0.0,4.0,22,4,6
101712,16,2,3,10,8,3,5,5,1,0,1,36,2,2,0.0,0.0,0.0,0.0,0.0,2.0,6,5,7
21753,15,2,3,17,8,3,0,1,0,1,2,5,2,4,1.0,0.0,0.0,0.0,1.0,3.0,9,6,2
147412,4,2,1,0,0,3,5,5,1,1,1,18,2,2,0.0,0.0,0.0,0.0,0.0,2.0,21,5,10
358,6,2,3,7,10,3,0,5,1,1,0,36,2,2,0.0,0.0,0.0,0.0,0.0,2.0,13,1,1
136927,16,2,3,0,6,3,0,1,0,1,2,36,3,1,1.0,0.0,1.0,0.0,0.0,4.0,17,6,9
177855,16,2,3,17,2,3,0,1,0,1,2,24,2,2,0.0,0.0,0.0,0.0,0.0,3.0,12,3,12
119111,15,2,3,0,6,3,0,5,1,1,2,36,2,2,0.0,0.0,0.0,0.0,0.0,2.0,11,7,8
32786,4,10,0,17,8,3,6,1,1,1,2,18,2,2,0.0,0.0,0.0,0.0,0.0,2.0,5,6,3
168539,15,2,1,17,6,3,0,1,0,1,2,23,3,2,0.0,0.0,0.0,0.0,0.0,2.0,22,5,11
34824,15,2,3,17,8,3,6,1,1,1,2,36,2,2,0.0,0.0,0.0,0.0,0.0,4.0,16,4,3
99047,16,2,3,17,6,3,0,1,0,1,2,36,2,2,0.0,0.0,0.0,0.0,0.0,2.0,18,6,7
15689,16,2,0,15,2,3,2,1,1,1,1,17,2,2,0.0,0.0,0.0,0.0,0.0,2.0,17,7,2
127626,16,2,4,0,6,3,0,1,1,1,2,38,2,2,0.0,0.0,0.0,0.0,0.0,3.0,18,4,9
84735,17,11,5,9,2,3,5,5,0,1,2,36,2,4,1.0,0.0,0.0,0.0,1.0,1.0,16,2,6
136499,16,2,3,10,8,3,0,1,1,1,1,19,2,2,0.0,0.0,0.0,0.0,0.0,2.0,17,5,9
139389,16,3,3,17,8,3,0,1,0,1,1,18,2,2,0.0,0.0,0.0,0.0,0.0,2.0,9,4,10
94675,16,2,3,15,2,3,0,3,1,0,2,22,2,2,0.0,0.0,0.0,0.0,0.0,2.0,8,1,7
45557,4,11,3,15,15,3,5,5,1,1,0,36,2,2,0.0,0.0,0.0,0.0,0.0,2.0,15,5,4
30594,15,7,3,17,8,5,6,1,1,1,2,5,2,2,0.0,0.0,0.0,0.0,0.0,3.0,9,3,3
76805,4,7,1,10,6,3,6,5,0,1,2,19,2,1,1.0,0.0,1.0,0.0,0.0,2.0,0,4,6
98200,16,2,3,10,8,3,0,1,1,1,2,36,2,2,0.0,0.0,0.0,0.0,0.0,2.0,9,6,7
75997,16,7,1,0,8,3,6,1,0,1,2,3,2,2,0.0,0.0,0.0,0.0,0.0,5.0,22,7,6
163043,16,2,3,10,8,3,0,1,1,1,0,36,2,2,0.0,0.0,0.0,0.0,0.0,2.0,14,3,11
25258,16,7,0,17,2,3,6,1,1,1,1,18,2,2,0.0,0.0,0.0,0.0,0.0,3.0,19,5,2
58341,15,2,3,0,8,3,0,1,0,1,1,5,2,2,0.0,0.0,0.0,0.0,0.0,2.0,16,6,5
35915,4,2,0,7,8,3,0,1,1,0,1,12,2,2,0.0,0.0,0.0,0.0,0.0,1.0,1,1,3
59163,15,2,3,0,6,3,0,1,0,1,2,18,3,4,1.0,0.0,0.0,0.0,1.0,1.0,15,5,5
45887,15,10,3,10,3,3,4,1,1,1,2,19,2,2,0.0,0.0,0.0,0.0,0.0,3.0,8,2,4
20270,16,10,3,17,2,3,6,1,0,1,2,17,2,4,4.0,0.0,0.0,0.0,4.0,2.0,12,3,2
180163,16,2,1,2,2,3,0,1,0,1,2,36,1,3,1.0,0.0,0.0,1.0,0.0,1.0,5,6,12
79405,16,2,2,17,8,3,0,1,0,1,2,35,2,3,3.0,0.0,0.0,3.0,0.0,0.0,5,6,6
130408,16,2,1,10,8,3,0,1,0,1,2,36,5,1,1.0,0.0,1.0,0.0,0.0,1.0,21,7,9
42659,4,7,1,7,2,3,6,1,0,1,2,23,3,3,1.0,0.0,0.0,1.0,0.0,0.0,2,2,4
183877,4,2,3,9,2,3,0,1,0,1,2,18,2,1,1.0,0.0,1.0,0.0,0.0,1.0,11,2,12
179027,16,7,1,10,3,3,6,1,1,1,2,19,2,2,0.0,0.0,0.0,0.0,0.0,2.0,20,5,12
179052,16,2,3,10,8,3,0,1,1,1,2,19,2,2,0.0,0.0,0.0,0.0,0.0,2.0,10,5,12
115477,16,2,3,17,6,3,0,1,0,1,2,36,2,2,0.0,0.0,0.0,0.0,0.0,2.0,15,3,8
27222,16,2,1,0,8,3,0,1,0,1,2,6,2,2,0.0,0.0,0.0,0.0,0.0,3.0,2,3,2
126187,16,2,3,17,11,3,0,1,1,1,1,24,2,2,0.0,0.0,0.0,0.0,0.0,2.0,16,4,9
122717,16,2,4,17,2,3,5,5,1,1,2,36,2,2,0.0,0.0,0.0,0.0,0.0,3.0,20,4,9
61213,4,2,3,10,8,4,0,1,1,1,2,36,3,2,0.0,0.0,0.0,0.0,0.0,3.0,8,7,5
11428,15,5,3,10,10,3,1,1,1,1,0,39,2,2,0.0,0.0,0.0,0.0,0.0,2.0,11,3,1
10172,16,2,3,15,2,3,0,1,0,1,2,23,2,3,1.0,0.0,0.0,1.0,0.0,1.0,12,2,1
108342,16,2,3,2,8,3,0,1,1,1,2,12,1,2,0.0,0.0,0.0,0.0,0.0,2.0,12,5,8
15667,15,2,3,0,8,3,0,1,1,1,1,36,2,2,0.0,0.0,0.0,0.0,0.0,4.0,12,6,2
82561,4,2,3,8,6,3,0,1,0,1,2,36,2,3,1.0,0.0,0.0,1.0,0.0,1.0,15,5,6
139485,16,2,3,15,10,3,0,1,1,1,0,17,2,2,0.0,0.0,0.0,0.0,0.0,2.0,17,6,10
169485,16,2,3,0,9,3,0,5,1,1,0,36,2,2,0.0,0.0,0.0,0.0,0.0,2.0,8,6,11
42888,15,2,3,0,2,3,0,1,0,1,2,18,2,2,0.0,0.0,0.0,0.0,0.0,2.0,6,5,4
122278,16,2,3,0,8,3,0,1,0,1,2,6,2,2,0.0,0.0,0.0,0.0,0.0,3.0,14,3,9
35541,15,2,3,8,6,3,0,1,0,1,0,18,2,3,1.0,0.0,0.0,1.0,0.0,1.0,13,3,3
35801,16,2,1,0,2,3,0,1,0,1,2,36,3,3,2.0,0.0,0.0,2.0,0.0,2.0,0,7,3
158529,16,7,1,17,6,3,6,1,1,1,2,6,2,2,0.0,0.0,0.0,0.0,0.0,2.0,5,3,11
113304,15,2,3,17,15,3,0,1,0,1,2,18,2,2,0.0,0.0,0.0,0.0,0.0,2.0,18,4,8
76156,4,7,3,0,2,3,6,1,0,1,2,18,2,3,1.0,0.0,0.0,1.0,0.0,1.0,13,1,6
140399,16,2,1,8,6,3,0,1,0,1,0,36,2,4,1.0,0.0,0.0,0.0,1.0,1.0,20,7,10
131190,16,2,3,17,3,3,0,5,1,1,2,36,2,2,0.0,0.0,0.0,0.0,0.0,2.0,8,5,9
77322,16,2,3,17,2,3,0,1,0,1,2,36,2,2,0.0,0.0,0.0,0.0,0.0,2.0,12,5,6
25494,16,2,3,17,6,3,6,1,1,1,2,24,2,2,0.0,0.0,0.0,0.0,0.0,2.0,9,3,2
176208,16,3,3,0,2,3,0,4,1,1,2,6,2,2,0.0,0.0,0.0,0.0,0.0,2.0,8,3,12
104233,16,2,3,9,6,3,0,1,1,1,0,38,2,2,0.0,0.0,0.0,0.0,0.0,2.0,13,1,8