crash_date,               traffic_control_device,weather_condition,lighting_condition,first_crash_type,trafficway_type,alignment,roadway_surface_cond,road_defect,crash_type,intersection_related_i,damage,prim_contributory_cause,num_units,most_severe_injury,injuries_total,injuries_fatal,injuries_incapacitating,injuries_non_incapacitating,injuries_reported_not_evident,injuries_no_indication,crash_hour,crash_day_of_week,crash_month
169325,16,2,3,17,10,3,0,1,1,1,2,24,2,2,0.0,0.0,0.0,0.0,0.0,2.0,11,2,11
74135,16,2,1,17,6,3,0,5,1,1,2,24,2,2,0.0,0.0,0.0,0.0,0.0,5.0,1,7,6
53320,16,2,3,17,6,3,0,1,1,1,2,24,2,2,0.0,0.0,0.0,0.0,0.0,2.0,17,3,4
151602,16,2,3,15,8,3,0,1,0,1,2,36,2,2,0.0,0.0,0.0,0.0,0.0,2.0,7,4,10
94081,17,2,3,10,8,3,5,5,1,0,1,17,2,2,0.0,0.0,0.0,0.0,0.0,4.0,9,6,7
53878,16,2,1,10,1,3,0,1,1,1,1,12,2,2,0.0,0.0,0.0,0.0,0.0,2.0,21,4,4
174749,15,7,3,10,10,3,6,1,1,1,1,36,2,2,0.0,0.0,0.0,0.0,0.0,2.0,15,3,12
179097,15,2,1,0,8,3,0,1,0,1,2,5,2,2,0.0,0.0,0.0,0.0,0.0,2.0,18,6,12
124130,16,2,4,17,5,3,6,1,1,1,2,36,2,2,0.0,0.0,0.0,0.0,0.0,2.0,20,3,9
67855,15,2,3,8,15,3,0,1,0,1,0,18,2,3,1.0,0.0,0.0,1.0,0.0,1.0,16,2,5
114955,4,2,3,0,8,3,0,1,0,1,2,36,2,3,1.0,0.0,0.0,1.0,0.0,1.0,12,1,8
157551,16,7,1,17,2,3,6,1,1,1,2,12,2,2,0.0,0.0,0.0,0.0,0.0,3.0,18,1,11
40218,16,7,3,17,2,3,6,5,1,1,2,36,2,2,0.0,0.0,0.0,0.0,0.0,4.0,11,3,3
30064,15,3,1,0,10,3,0,1,1,1,2,5,2,2,0.0,0.0,0.0,0.0,0.0,2.0,22,7,3
66054,4,2,3,17,6,3,0,1,1,1,2,36,2,2,0.0,0.0,0.0,0.0,0.0,4.0,12,2,5
13311,16,5,1,0,6,3,6,6,0,1,1,6,2,3,1.0,0.0,0.0,1.0,0.0,2.0,17,7,1
11168,16,3,3,10,6,3,6,1,1,1,2,19,2,2,0.0,0.0,0.0,0.0,0.0,2.0,16,5,1
159587,16,2,1,15,8,3,0,1,1,1,1,19,2,2,0.0,0.0,0.0,0.0,0.0,2.0,17,3,11
94777,16,7,3,10,8,3,6,1,0,1,2,19,2,3,1.0,0.0,0.0,1.0,0.0,1.0,16,4,7
14692,16,10,3,17,2,3,4,1,1,1,2,39,2,2,0.0,0.0,0.0,0.0,0.0,2.0,13,5,1
141064,16,7,3,0,8,3,6,1,0,1,2,12,2,3,1.0,0.0,0.0,1.0,0.0,1.0,15,7,10
18590,4,2,3,17,8,3,0,1,1,1,1,36,2,2,0.0,0.0,0.0,0.0,0.0,2.0,16,3,2
145997,16,2,3,9,8,3,0,1,0,1,0,26,2,1,1.0,0.0,1.0,0.0,0.0,1.0,17,5,10
25615,16,2,1,0,5,3,0,1,0,1,2,18,2,2,0.0,0.0,0.0,0.0,0.0,2.0,21,5,2
16099,16,2,3,17,1,3,0,5,0,1,2,6,2,3,1.0,0.0,0.0,1.0,0.0,1.0,13,2,2
35419,4,2,3,7,10,3,0,1,1,0,1,17,2,2,0.0,0.0,0.0,0.0,0.0,2.0,14,7,3
163755,16,7,3,0,2,3,6,1,0,1,2,18,3,4,2.0,0.0,0.0,0.0,2.0,1.0,12,5,11
68915,15,2,3,0,6,3,0,1,0,1,2,18,2,3,1.0,0.0,0.0,1.0,0.0,1.0,9,4,5
67692,16,2,3,17,8,3,0,1,1,1,2,6,2,2,0.0,0.0,0.0,0.0,0.0,2.0,8,5,5
10574,15,7,1,9,2,3,6,1,0,1,0,39,2,3,1.0,0.0,0.0,1.0,0.0,1.0,19,2,1
26328,15,2,3,17,10,3,0,1,1,1,2,5,2,2,0.0,0.0,0.0,0.0,0.0,2.0,15,3,2
148667,4,2,1,7,8,3,0,1,1,1,1,36,2,2,0.0,0.0,0.0,0.0,0.0,1.0,4,6,10
100043,16,2,0,17,10,3,5,5,1,1,2,24,2,2,0.0,0.0,0.0,0.0,0.0,3.0,1,1,7
130024,15,2,3,10,6,3,0,5,1,1,1,36,2,2,0.0,0.0,0.0,0.0,0.0,3.0,15,3,9
26243,16,2,1,0,8,3,0,1,0,1,2,6,2,2,0.0,0.0,0.0,0.0,0.0,3.0,20,1,2
49300,16,2,1,15,2,3,0,1,0,1,2,23,2,4,1.0,0.0,0.0,0.0,1.0,1.0,3,1,4
104992,16,2,3,15,6,3,0,1,1,1,1,19,2,2,0.0,0.0,0.0,0.0,0.0,2.0,16,6,8
121490,16,11,1,10,15,3,5,5,1,1,2,19,2,2,0.0,0.0,0.0,0.0,0.0,2.0,23,6,9
145389,15,2,1,0,8,3,0,1,1,1,1,36,2,2,0.0,0.0,0.0,0.0,0.0,3.0,21,2,10
173919,16,2,1,10,8,3,0,1,1,1,1,19,2,2,0.0,0.0,0.0,0.0,0.0,2.0,17,4,12
148325,16,2,4,17,14,3,0,1,1,1,1,38,2,2,0.0,0.0,0.0,0.0,0.0,2.0,16,3,10
27090,15,2,3,10,6,3,0,5,1,1,2,23,2,2,0.0,0.0,0.0,0.0,0.0,7.0,17,1,2
74822,16,2,3,17,1,3,6,1,1,1,2,6,2,2,0.0,0.0,0.0,0.0,0.0,3.0,14,3,6
163298,15,7,1,0,8,3,6,1,0,1,1,18,2,4,1.0,0.0,0.0,0.0,1.0,4.0,1,1,11
19579,16,2,3,17,3,3,0,1,1,1,2,24,2,2,0.0,0.0,0.0,0.0,0.0,2.0,8,6,2
26950,15,2,4,0,8,3,0,1,1,1,2,36,2,2,0.0,0.0,0.0,0.0,0.0,2.0,17,6,2
30069,4,3,3,17,8,3,0,1,1,1,1,24,2,2,0.0,0.0,0.0,0.0,0.0,6.0,13,1,3
172154,16,2,3,0,8,3,0,2,1,1,1,5,2,2,0.0,0.0,0.0,0.0,0.0,2.0,12,3,12
112581,16,2,1,17,8,3,0,1,0,1,2,36,2,1,3.0,0.0,2.0,0.0,1.0,1.0,21,6,8
18514,16,2,1,15,6,3,0,1,1,1,2,23,2,2,0.0,0.0,0.0,0.0,0.0,3.0,0,7,2
6608,16,4,0,10,8,3,0,1,1,1,2,36,2,2,0.0,0.0,0.0,0.0,0.0,2.0,18,2,1
148989,16,2,3,17,6,3,0,1,0,1,2,6,2,2,0.0,0.0,0.0,0.0,0.0,4.0,7,5,10
8830,16,2,3,0,8,3,0,1,1,1,1,6,2,2,0.0,0.0,0.0,0.0,0.0,3.0,16,7,1
42249,16,6,3,15,2,3,5,5,1,1,1,36,2,2,0.0,0.0,0.0,0.0,0.0,2.0,15,6,4
27179,16,2,1,10,8,3,6,5,1,1,0,19,2,2,0.0,0.0,0.0,0.0,0.0,2.0,1,7,2
59138,15,7,3,10,2,3,6,1,1,1,1,39,2,2,0.0,0.0,0.0,0.0,0.0,7.0,8,3,5
118195,16,2,3,17,6,3,0,1,1,1,2,26,2,2,0.0,0.0,0.0,0.0,0.0,2.0,17,3,8
93920,15,2,3,17,8,3,0,1,1,1,2,36,2,2,0.0,0.0,0.0,0.0,0.0,3.0,18,6,7
108838,15,2,3,10,10,3,0,1,1,1,0,19,2,2,0.0,0.0,0.0,0.0,0.0,2.0,9,6,8
89982,16,2,3,8,8,3,0,1,0,1,0,18,2,3,1.0,0.0,0.0,1.0,0.0,1.0,18,6,7
36861,16,7,4,0,6,3,6,1,0,1,2,6,2,2,0.0,0.0,0.0,0.0,0.0,2.0,15,5,3
62225,4,2,3,17,2,3,0,1,1,1,2,36,2,2,0.0,0.0,0.0,0.0,0.0,2.0,8,2,5
150478,4,2,3,7,8,3,0,1,1,1,2,36,2,2,0.0,0.0,0.0,0.0,0.0,1.0,7,3,10
137495,16,2,3,10,10,3,0,1,1,1,2,2,2,2,0.0,0.0,0.0,0.0,0.0,2.0,8,7,9
141270,17,2,1,3,8,3,0,1,0,1,1,11,2,2,0.0,0.0,0.0,0.0,0.0,1.0,1,4,10
6696,16,2,3,9,8,3,0,1,0,1,1,36,2,3,1.0,0.0,0.0,1.0,0.0,1.0,8,3,1
166093,15,7,4,0,8,3,6,1,0,1,2,5,4,3,1.0,0.0,0.0,1.0,0.0,4.0,16,3,11
130807,16,3,3,8,6,3,0,1,0,1,0,36,2,3,1.0,0.0,0.0,1.0,0.0,1.0,13,5,9
20718,16,2,3,0,8,3,0,1,1,1,2,36,2,2,0.0,0.0,0.0,0.0,0.0,4.0,9,4,2
120567,16,2,1,7,8,3,0,1,0,1,1,36,3,4,2.0,0.0,0.0,0.0,2.0,0.0,21,6,9
140067,15,2,0,0,8,3,0,1,0,1,2,18,2,2,0.0,0.0,0.0,0.0,0.0,6.0,6,7,10
133081,16,2,1,2,3,3,0,1,0,1,2,20,1,2,0.0,0.0,0.0,0.0,0.0,1.0,22,7,9
3577,16,2,3,10,10,3,0,1,1,1,2,19,4,2,0.0,0.0,0.0,0.0,0.0,5.0,8,4,1
27523,16,11,2,10,6,3,6,5,1,1,2,19,2,2,0.0,0.0,0.0,0.0,0.0,2.0,17,2,2
119842,16,2,3,15,8,3,0,1,1,1,2,18,2,2,0.0,0.0,0.0,0.0,0.0,2.0,8,4,8
154795,16,2,1,17,8,3,0,5,1,1,2,19,2,2,0.0,0.0,0.0,0.0,0.0,2.0,16,7,10
146398,16,2,3,9,8,3,0,5,0,1,0,36,2,3,1.0,0.0,0.0,1.0,0.0,1.0,15,2,10
43170,4,2,3,15,8,3,0,1,1,1,2,36,2,2,0.0,0.0,0.0,0.0,0.0,2.0,7,2,4
95729,16,2,3,15,6,3,0,1,1,1,2,23,2,2,0.0,0.0,0.0,0.0,0.0,2.0,9,5,7
73550,16,2,3,17,6,3,0,1,0,1,1,18,2,3,1.0,0.0,0.0,1.0,0.0,1.0,19,5,6
82415,15,2,3,5,6,3,0,1,0,1,2,36,2,3,1.0,0.0,0.0,1.0,0.0,1.0,14,2,6
112245,16,2,1,10,8,3,0,1,1,0,2,19,2,2,0.0,0.0,0.0,0.0,0.0,2.0,22,2,8
65072,16,2,3,17,3,4,0,1,0,1,2,18,2,2,0.0,0.0,0.0,0.0,0.0,2.0,18,5,5
54833,16,5,3,10,2,3,6,5,0,1,2,36,2,4,1.0,0.0,0.0,0.0,1.0,1.0,15,5,4
104380,17,2,1,0,6,3,0,5,0,1,2,36,3,3,4.0,0.0,0.0,4.0,0.0,1.0,0,2,8
92947,16,7,1,3,19,3,6,1,0,1,2,18,2,4,1.0,0.0,0.0,0.0,1.0,2.0,0,4,7
88979,16,2,4,17,15,3,0,1,0,1,2,36,2,3,2.0,0.0,0.0,2.0,0.0,0.0,20,4,7
87050,15,2,3,0,18,3,0,1,1,1,2,36,2,2,0.0,0.0,0.0,0.0,0.0,2.0,17,4,6
164543,16,7,3,10,6,3,6,1,1,1,1,36,3,2,0.0,0.0,0.0,0.0,0.0,3.0,1,4,11
93588,4,2,1,0,2,3,0,1,0,1,2,36,2,3,1.0,0.0,0.0,1.0,0.0,1.0,4,6,7
50839,16,2,1,0,2,3,0,1,0,1,2,6,4,2,0.0,0.0,0.0,0.0,0.0,6.0,22,6,4
94518,16,2,3,10,8,3,0,1,1,1,2,19,2,2,0.0,0.0,0.0,0.0,0.0,2.0,18,5,7
65997,15,2,3,17,8,3,0,1,1,0,2,26,2,2,0.0,0.0,0.0,0.0,0.0,2.0,13,2,5
180704,16,2,3,10,2,3,0,1,1,1,2,36,2,2,0.0,0.0,0.0,0.0,0.0,3.0,19,4,12
182408,4,2,3,15,8,3,0,1,1,1,1,36,2,2,0.0,0.0,0.0,0.0,0.0,2.0,8,4,12
147439,16,2,3,10,2,3,0,1,1,1,2,19,2,2,0.0,0.0,0.0,0.0,0.0,2.0,15,3,10
68776,16,2,0,15,8,3,0,1,1,1,1,23,2,2,0.0,0.0,0.0,0.0,0.0,3.0,20,1,5
161727,15,2,3,3,8,3,0,1,1,1,1,12,2,2,0.0,0.0,0.0,0.0,0.0,2.0,12,6,11
47449,4,2,2,10,6,3,5,5,1,1,0,36,2,2,0.0,0.0,0.0,0.0,0.0,2.0,16,4,4
147968,16,2,1,17,8,3,0,1,0,1,2,18,2,2,0.0,0.0,0.0,0.0,0.0,3.0,20,6,10
5688,16,2,3,0,8,3,6,1,1,1,2,18,2,2,0.0,0.0,0.0,0.0,0.0,3.0,12,1,1
25074,15,2,1,15,8,3,0,1,0,1,2,18,3,2,0.0,0.0,0.0,0.0,0.0,3.0,18,3,2
10825,16,2,3,10,6,3,6,1,0,1,0,30,2,1,1.0,0.0,1.0,0.0,0.0,2.0,15,7,1
143595,4,7,3,15,8,3,6,1,1,1,2,23,2,2,0.0,0.0,0.0,0.0,0.0,2.0,8,6,10
41190,16,2,1,17,1,3,0,1,0,1,2,17,2,2,0.0,0.0,0.0,0.0,0.0,5.0,21,2,3
81282,15,2,3,0,6,3,0,1,0,1,2,18,2,1,1.0,0.0,1.0,0.0,0.0,1.0,17,7,6
21317,16,2,3,17,6,3,0,1,0,1,2,24,5,3,1.0,0.0,0.0,1.0,0.0,4.0,7,6,2
104974,15,2,3,15,3,3,0,5,1,1,2,31,2,2,0.0,0.0,0.0,0.0,0.0,8.0,13,6,8
34504,16,7,1,0,2,4,6,5,1,1,2,6,2,2,0.0,0.0,0.0,0.0,0.0,3.0,0,5,3
48752,16,2,3,17,8,3,0,1,0,1,2,18,2,2,0.0,0.0,0.0,0.0,0.0,2.0,15,5,4
87229,15,2,3,17,8,3,0,1,1,1,2,36,2,2,0.0,0.0,0.0,0.0,0.0,2.0,18,5,6
94203,4,2,3,17,8,3,0,1,0,1,2,18,2,2,0.0,0.0,0.0,0.0,0.0,2.0,14,2,7
118931,16,2,1,10,8,3,0,5,1,1,1,36,2,2,0.0,0.0,0.0,0.0,0.0,3.0,20,4,8
47467,16,2,3,17,3,3,0,1,1,1,0,24,2,2,0.0,0.0,0.0,0.0,0.0,2.0,6,4,4
60551,16,7,3,10,8,3,6,1,1,1,2,19,2,2,0.0,0.0,0.0,0.0,0.0,2.0,16,4,5
58723,15,2,1,0,8,3,0,1,0,1,2,5,2,2,0.0,0.0,0.0,0.0,0.0,4.0,20,5,5
112054,16,2,3,10,8,3,0,1,1,1,0,36,2,2,0.0,0.0,0.0,0.0,0.0,2.0,11,5,8
54808,16,2,1,17,6,3,0,1,1,1,2,24,2,2,0.0,0.0,0.0,0.0,0.0,2.0,23,4,4
13225,16,2,0,17,8,3,0,1,0,1,2,18,2,1,1.0,0.0,1.0,0.0,0.0,1.0,5,6,1
64685,16,2,3,10,8,3,0,1,1,1,2,19,2,2,0.0,0.0,0.0,0.0,0.0,4.0,13,7,5
185024,16,10,1,10,6,3,4,5,1,1,2,39,2,2,0.0,0.0,0.0,0.0,0.0,2.0,1,6,12
83782,4,2,3,7,8,3,0,1,1,0,1,22,2,2,0.0,0.0,0.0,0.0,0.0,1.0,12,7,6
141470,16,7,3,0,6,3,6,1,0,1,2,6,3,4,1.0,0.0,0.0,0.0,1.0,2.0,8,6,10
116714,15,2,4,0,2,3,0,1,1,1,2,5,2,2,0.0,0.0,0.0,0.0,0.0,2.0,18,6,8
71273,4,2,3,0,8,3,0,1,0,1,1,38,2,3,1.0,0.0,0.0,1.0,0.0,2.0,7,5,5
83192,16,7,3,0,8,3,6,5,0,1,1,36,2,3,1.0,0.0,0.0,1.0,0.0,1.0,14,6,6
110352,16,2,3,15,2,3,0,1,1,0,0,23,2,2,0.0,0.0,0.0,0.0,0.0,2.0,11,2,8
98677,16,2,3,17,15,3,0,1,1,1,2,36,2,2,0.0,0.0,0.0,0.0,0.0,2.0,18,1,7
38273,15,2,1,2,8,3,0,1,0,1,2,12,1,2,0.0,0.0,0.0,0.0,0.0,1.0,17,3,3
10095,16,4,1,17,2,3,6,1,1,1,2,24,2,2,0.0,0.0,0.0,0.0,0.0,3.0,18,1,1
43403,4,2,4,17,6,3,0,5,0,1,2,24,2,2,0.0,0.0,0.0,0.0,0.0,5.0,18,7,4
130826,15,2,1,8,8,3,0,1,1,1,0,36,2,2,0.0,0.0,0.0,0.0,0.0,2.0,18,5,9
62566,4,7,1,10,8,3,6,5,0,1,2,12,2,3,1.0,0.0,0.0,1.0,0.0,2.0,19,2,5
138555,16,2,1,10,2,3,0,1,0,1,2,17,2,2,0.0,0.0,0.0,0.0,0.0,2.0,5,1,10
41179,15,2,3,10,2,3,0,1,0,1,2,36,2,3,1.0,0.0,0.0,1.0,0.0,1.0,7,2,3
132455,16,2,1,10,1,3,0,1,1,1,1,19,3,2,0.0,0.0,0.0,0.0,0.0,4.0,20,5,9
135157,15,2,1,0,11,3,0,1,1,1,2,36,2,2,0.0,0.0,0.0,0.0,0.0,2.0,19,2,9
182235,16,2,3,17,8,3,6,1,0,1,2,36,2,4,1.0,0.0,0.0,0.0,1.0,3.0,10,7,12
126940,15,2,3,0,6,3,0,1,0,1,2,5,2,3,1.0,0.0,0.0,1.0,0.0,3.0,11,1,9
65941,16,2,3,10,15,3,0,1,1,1,1,36,2,2,0.0,0.0,0.0,0.0,0.0,4.0,15,7,5
87863,16,2,3,17,10,3,0,1,1,1,2,36,2,2,0.0,0.0,0.0,0.0,0.0,3.0,20,1,7
66471,4,2,3,17,6,3,0,1,0,1,2,18,2,3,1.0,0.0,0.0,1.0,0.0,1.0,15,3,5
75393,15,2,3,17,6,3,0,1,0,1,2,5,2,2,0.0,0.0,0.0,0.0,0.0,4.0,8,4,6
38965,4,2,3,10,8,3,0,1,1,0,2,36,2,2,0.0,0.0,0.0,0.0,0.0,2.0,10,7,3
30068,16,2,3,10,8,3,0,1,1,1,2,19,2,2,0.0,0.0,0.0,0.0,0.0,6.0,12,7,3
86084,16,2,0,17,6,3,0,1,0,1,2,18,2,2,0.0,0.0,0.0,0.0,0.0,2.0,21,2,6
172300,16,7,1,10,8,3,6,1,0,1,2,36,2,1,2.0,0.0,1.0,0.0,1.0,0.0,21,7,12
7422,16,2,1,10,2,3,5,5,0,1,2,36,2,3,1.0,0.0,0.0,1.0,0.0,5.0,22,1,1
156781,16,2,4,10,18,3,0,1,1,1,0,36,2,2,0.0,0.0,0.0,0.0,0.0,2.0,18,5,11
135256,15,2,3,0,6,3,0,1,0,1,2,18,2,2,0.0,0.0,0.0,0.0,0.0,2.0,13,5,9
31358,16,2,3,0,11,3,0,1,1,1,2,6,2,2,0.0,0.0,0.0,0.0,0.0,2.0,15,5,3
138331,4,2,3,17,8,3,0,1,1,1,1,36,2,2,0.0,0.0,0.0,0.0,0.0,2.0,7,4,10
25940,16,2,1,10,8,3,6,1,1,1,0,19,2,2,0.0,0.0,0.0,0.0,0.0,2.0,20,4,2
111354,16,2,3,17,6,3,0,1,0,1,2,18,2,2,0.0,0.0,0.0,0.0,0.0,2.0,14,4,8
125948,16,2,3,17,6,3,0,5,0,1,2,18,2,2,0.0,0.0,0.0,0.0,0.0,4.0,15,3,9
147123,4,2,3,17,8,3,0,1,1,1,2,24,2,2,0.0,0.0,0.0,0.0,0.0,5.0,15,7,10
15883,16,2,3,15,3,3,0,1,1,0,0,36,2,2,0.0,0.0,0.0,0.0,0.0,2.0,8,5,2
172998,18,2,1,0,15,3,0,1,0,1,1,18,2,2,0.0,0.0,0.0,0.0,0.0,2.0,1,5,12
150088,15,5,1,0,6,3,6,1,1,1,2,5,2,2,0.0,0.0,0.0,0.0,0.0,2.0,20,6,10
162638,16,2,1,9,10,3,0,1,0,1,0,36,2,1,1.0,0.0,1.0,0.0,0.0,2.0,18,4,11
146574,15,2,3,17,8,3,0,1,0,1,2,18,2,3,1.0,0.0,0.0,1.0,0.0,1.0,14,6,10
156096,15,2,3,7,8,3,0,1,1,0,1,12,2,2,0.0,0.0,0.0,0.0,0.0,1.0,7,3,11
158136,4,2,1,17,3,3,0,1,1,1,2,23,2,2,0.0,0.0,0.0,0.0,0.0,3.0,17,2,11
178881,16,10,4,17,3,3,5,5,1,1,0,24,2,2,0.0,0.0,0.0,0.0,0.0,2.0,17,3,12
28768,4,2,3,10,2,3,0,1,1,1,2,17,2,2,0.0,0.0,0.0,0.0,0.0,2.0,8,6,3
97676,4,2,3,17,8,3,6,1,1,1,2,24,2,2,0.0,0.0,0.0,0.0,0.0,3.0,9,5,7
184608,17,7,0,17,17,3,6,5,0,1,1,36,2,2,0.0,0.0,0.0,0.0,0.0,2.0,20,6,12
159555,16,2,3,10,8,3,0,1,0,1,2,36,2,3,2.0,0.0,0.0,2.0,0.0,1.0,10,2,11
77588,16,2,3,15,10,3,0,1,1,1,2,12,2,2,0.0,0.0,0.0,0.0,0.0,3.0,11,3,6
80853,16,2,3,17,6,3,0,1,0,1,2,18,2,3,4.0,0.0,0.0,4.0,0.0,2.0,12,7,6
45255,4,2,1,9,8,3,0,1,0,0,2,36,2,1,1.0,0.0,1.0,0.0,0.0,1.0,5,6,4
170582,16,2,1,17,6,3,0,1,1,1,2,24,2,2,0.0,0.0,0.0,0.0,0.0,2.0,19,4,11
106036,16,11,5,17,8,3,5,5,1,0,1,36,2,2,0.0,0.0,0.0,0.0,0.0,3.0,7,6,8
157548,16,7,1,0,3,3,6,1,0,1,2,6,3,3,2.0,0.0,0.0,2.0,0.0,3.0,18,1,11
80494,15,2,3,17,10,3,0,1,0,1,2,11,3,2,0.0,0.0,0.0,0.0,0.0,2.0,19,1,6
21342,16,10,3,0,6,3,1,1,0,1,2,6,2,1,1.0,0.0,1.0,0.0,0.0,1.0,9,6,2
64482,16,2,3,10,2,3,0,1,1,1,2,36,3,2,0.0,0.0,0.0,0.0,0.0,5.0,14,6,5
131316,16,2,1,10,2,3,0,1,1,1,1,6,2,2,0.0,0.0,0.0,0.0,0.0,2.0,21,4,9
156356,16,2,1,17,8,4,6,1,1,1,2,18,2,2,0.0,0.0,0.0,0.0,0.0,2.0,18,5,11
48536,16,2,3,15,2,3,0,1,1,1,2,36,2,2,0.0,0.0,0.0,0.0,0.0,3.0,17,6,4
78538,16,2,3,10,3,3,0,5,0,0,2,36,2,2,0.0,0.0,0.0,0.0,0.0,3.0,18,2,6
181272,4,2,1,5,7,3,0,0,0,1,2,32,1,2,0.0,0.0,0.0,0.0,0.0,1.0,21,2,12
21743,16,2,0,17,8,3,0,1,1,1,2,24,2,2,0.0,0.0,0.0,0.0,0.0,2.0,20,6,2
55272,4,7,3,17,8,3,6,1,0,1,2,18,2,3,2.0,0.0,0.0,2.0,0.0,3.0,18,5,4
154374,4,2,3,17,8,3,0,1,1,0,0,36,2,2,0.0,0.0,0.0,0.0,0.0,3.0,15,3,10
156074,4,11,5,0,8,3,5,5,1,1,1,36,2,2,0.0,0.0,0.0,0.0,0.0,2.0,16,3,11
170401,16,2,1,0,6,3,0,1,0,1,2,6,2,2,0.0,0.0,0.0,0.0,0.0,2.0,6,7,11
108688,16,2,4,15,8,3,0,1,1,1,0,22,2,2,0.0,0.0,0.0,0.0,0.0,2.0,21,6,8
91238,16,11,5,8,8,3,5,5,1,1,1,36,2,2,0.0,0.0,0.0,0.0,0.0,2.0,16,5,7
175002,4,7,3,15,2,3,0,1,0,1,2,18,2,2,0.0,0.0,0.0,0.0,0.0,2.0,15,5,12
81178,15,2,3,17,6,3,0,1,1,1,1,18,2,2,0.0,0.0,0.0,0.0,0.0,2.0,15,6,6
122649,16,2,3,15,6,3,0,1,0,1,2,36,2,2,0.0,0.0,0.0,0.0,0.0,2.0,9,2,9
76363,15,11,3,17,3,3,5,1,1,1,2,36,2,2,0.0,0.0,0.0,0.0,0.0,2.0,8,5,6
111587,16,2,3,17,8,3,0,1,1,1,0,24,2,2,0.0,0.0,0.0,0.0,0.0,2.0,18,5,8
80904,16,2,3,0,5,3,0,1,0,1,2,6,2,3,2.0,0.0,0.0,2.0,0.0,0.0,9,2,6
58311,16,7,1,10,2,3,6,1,1,1,1,36,2,2,0.0,0.0,0.0,0.0,0.0,2.0,22,5,5
1288,15,2,3,10,19,3,0,1,1,1,2,19,2,2,0.0,0.0,0.0,0.0,0.0,2.0,7,2,1
73139,4,2,3,10,8,3,0,1,0,1,1,19,2,1,1.0,0.0,1.0,0.0,0.0,1.0,12,5,6
63233,16,2,2,17,2,3,0,1,1,1,1,36,2,2,0.0,0.0,0.0,0.0,0.0,1.0,15,4,5
106090,16,2,4,14,6,3,0,1,0,1,2,36,2,4,1.0,0.0,0.0,0.0,1.0,2.0,4,1,8
48810,15,7,3,0,6,3,6,1,0,1,2,18,2,2,0.0,0.0,0.0,0.0,0.0,2.0,15,6,4
30781,15,2,3,0,10,3,0,5,1,1,1,18,2,2,0.0,0.0,0.0,0.0,0.0,2.0,11,7,3
135239,16,7,1,15,6,3,6,1,1,1,2,36,2,2,0.0,0.0,0.0,0.0,0.0,2.0,9,3,9
34850,16,2,3,15,2,3,0,1,1,1,2,22,2,2,0.0,0.0,0.0,0.0,0.0,2.0,13,5,3
82083,15,2,1,10,8,3,0,1,1,1,2,36,2,2,0.0,0.0,0.0,0.0,0.0,2.0,22,3,6
15070,17,2,3,0,17,3,0,1,1,1,2,12,2,2,0.0,0.0,0.0,0.0,0.0,2.0,8,2,2
53943,15,2,3,15,6,3,0,1,1,1,1,24,2,2,0.0,0.0,0.0,0.0,0.0,2.0,8,6,4
90088,16,2,1,17,6,3,0,1,1,1,1,22,2,2,0.0,0.0,0.0,0.0,0.0,4.0,0,1,7
131156,16,2,3,8,6,3,0,5,0,1,1,36,2,4,1.0,0.0,0.0,0.0,1.0,1.0,17,5,9
107197,17,2,3,17,2,3,5,5,1,1,1,23,2,2,0.0,0.0,0.0,0.0,0.0,2.0,2,2,8
168807,16,2,3,17,10,3,0,1,1,1,2,18,2,2,0.0,0.0,0.0,0.0,0.0,2.0,11,1,11
120271,16,2,3,10,8,3,0,1,1,1,0,19,2,2,0.0,0.0,0.0,0.0,0.0,4.0,11,3,8
19166,16,2,3,17,8,3,0,5,0,0,2,36,3,2,0.0,0.0,0.0,0.0,0.0,5.0,13,6,2
26479,15,10,3,0,15,3,4,1,1,1,2,36,2,2,0.0,0.0,0.0,0.0,0.0,5.0,6,6,2
171291,4,2,1,10,8,3,6,1,1,1,2,30,2,2,0.0,0.0,0.0,0.0,0.0,3.0,6,6,11
29030,15,2,3,11,10,3,5,5,1,1,2,36,2,2,0.0,0.0,0.0,0.0,0.0,2.0,12,4,3
164761,16,3,3,0,8,3,0,1,1,1,2,6,2,2,0.0,0.0,0.0,0.0,0.0,3.0,13,6,11
84719,4,2,3,7,8,3,0,1,1,0,1,36,2,2,0.0,0.0,0.0,0.0,0.0,1.0,12,1,6
76408,16,2,3,10,8,3,0,1,1,1,2,36,2,2,0.0,0.0,0.0,0.0,0.0,2.0,17,6,6
152907,4,2,1,0,8,3,6,1,1,1,1,18,2,2,0.0,0.0,0.0,0.0,0.0,2.0,19,7,10
145041,16,2,1,3,6,3,0,1,0,1,2,12,2,4,2.0,0.0,0.0,0.0,2.0,0.0,23,5,10
76676,16,2,3,10,8,3,0,1,1,1,2,36,2,2,0.0,0.0,0.0,0.0,0.0,2.0,13,2,6
60357,4,2,3,17,2,3,0,1,1,1,2,3,2,2,0.0,0.0,0.0,0.0,0.0,2.0,7,2,5
29210,16,2,3,17,2,3,0,1,1,1,2,24,2,2,0.0,0.0,0.0,0.0,0.0,4.0,17,7,3
28167,16,2,3,17,8,3,0,5,1,1,2,36,2,2,0.0,0.0,0.0,0.0,0.0,2.0,0,7,2
64867,16,2,1,0,6,3,0,1,0,1,2,6,2,2,0.0,0.0,0.0,0.0,0.0,3.0,4,4,5
129607,16,2,3,15,2,3,0,5,1,1,2,36,2,2,0.0,0.0,0.0,0.0,0.0,2.0,18,2,9