crash_date,               traffic_control_device,weather_condition,lighting_condition,first_crash_type,trafficway_type,alignment,roadway_surface_cond,road_defect,crash_type,intersection_related_i,damage,prim_contributory_cause,num_units,most_severe_injury,injuries_total,injuries_fatal,injuries_incapacitating,injuries_non_incapacitating,injuries_reported_not_evident,injuries_no_indication,crash_hour,crash_day_of_week,crash_month
176390,4,2,3,7,8,3,0,1,1,1,2,36,2,2,0.0,0.0,0.0,0.0,0.0,1.0,19,6,12
60364,16,2,3,17,6,3,0,1,0,1,2,18,2,3,2.0,0.0,0.0,2.0,0.0,0.0,8,2,5
164745,4,2,1,17,8,3,0,5,1,1,1,36,2,2,0.0,0.0,0.0,0.0,0.0,3.0,17,5,11
182480,4,9,1,10,8,3,4,1,1,1,1,23,2,2,0.0,0.0,0.0,0.0,0.0,2.0,23,2,12
119081,4,2,1,17,15,3,0,1,1,1,2,18,2,2,0.0,0.0,0.0,0.0,0.0,2.0,18,7,8
127481,16,2,1,10,8,3,0,1,0,1,2,36,2,2,0.0,0.0,0.0,0.0,0.0,2.0,23,1,9
176173,16,2,3,0,6,3,0,1,0,1,2,6,2,4,1.0,0.0,0.0,0.0,1.0,2.0,12,1,12
65699,16,2,3,10,3,3,0,1,0,1,2,36,2,2,0.0,0.0,0.0,0.0,0.0,3.0,15,2,5
28153,16,2,3,10,8,3,0,1,1,1,2,19,3,2,0.0,0.0,0.0,0.0,0.0,3.0,10,7,2
63021,16,2,0,0,8,3,0,1,0,1,2,6,2,2,0.0,0.0,0.0,0.0,0.0,2.0,21,1,5
7266,16,2,1,0,1,3,6,1,0,1,2,3,2,1,1.0,0.0,1.0,0.0,0.0,1.0,4,6,1
114275,16,2,3,9,6,3,0,5,1,1,0,36,3,2,0.0,0.0,0.0,0.0,0.0,3.0,0,5,8
143800,16,7,1,9,6,3,6,1,0,1,0,18,2,1,1.0,0.0,1.0,0.0,0.0,1.0,18,3,10
19297,16,10,0,17,10,3,6,5,0,1,1,36,2,3,1.0,0.0,0.0,1.0,0.0,1.0,18,7,2
134564,16,2,3,10,6,3,0,1,1,1,1,19,2,2,0.0,0.0,0.0,0.0,0.0,2.0,16,1,9
16759,15,2,3,17,8,3,0,2,0,1,2,18,2,1,1.0,0.0,1.0,0.0,0.0,2.0,10,7,2
2150,15,2,3,17,8,3,0,1,1,1,1,36,2,2,0.0,0.0,0.0,0.0,0.0,2.0,14,3,1
69424,15,2,3,0,6,3,0,1,0,1,2,36,2,3,1.0,0.0,0.0,1.0,0.0,1.0,7,5,5
180321,16,2,1,17,8,3,0,1,1,1,2,19,2,2,0.0,0.0,0.0,0.0,0.0,2.0,16,1,12
130452,16,2,3,17,8,3,0,1,1,1,2,36,2,2,0.0,0.0,0.0,0.0,0.0,2.0,15,1,9
34143,16,2,3,14,6,3,0,1,0,1,0,18,2,2,0.0,0.0,0.0,0.0,0.0,6.0,18,1,3
175840,15,2,1,0,6,3,0,1,0,1,2,36,2,4,4.0,0.0,0.0,0.0,4.0,3.0,18,5,12
88970,16,2,3,0,15,3,6,1,1,1,0,6,2,2,0.0,0.0,0.0,0.0,0.0,2.0,6,4,7
146277,15,7,2,0,2,3,6,1,1,1,1,38,2,2,0.0,0.0,0.0,0.0,0.0,4.0,17,3,10
51299,16,2,1,0,12,3,0,1,0,1,2,6,2,1,2.0,0.0,1.0,0.0,1.0,0.0,11,7,4
172887,3,3,3,14,2,3,0,1,0,0,2,16,2,3,1.0,0.0,0.0,1.0,0.0,3.0,11,1,12
142577,16,2,3,15,6,3,0,1,1,1,2,36,3,2,0.0,0.0,0.0,0.0,0.0,4.0,15,1,10
103538,16,2,3,17,6,3,0,1,0,1,2,36,2,1,1.0,0.0,1.0,0.0,0.0,1.0,16,4,7
156482,16,7,3,17,2,3,6,1,0,1,2,22,2,2,0.0,0.0,0.0,0.0,0.0,3.0,11,6,11
166142,15,2,3,10,8,3,0,1,1,1,2,17,2,2,0.0,0.0,0.0,0.0,0.0,2.0,10,3,11
65701,16,2,3,17,8,3,0,1,1,0,2,36,2,2,0.0,0.0,0.0,0.0,0.0,2.0,15,2,5
76416,15,2,3,0,2,3,0,1,0,1,2,18,2,4,1.0,0.0,0.0,0.0,1.0,2.0,6,6,6
154627,15,7,1,17,6,3,6,5,0,1,2,24,2,2,0.0,0.0,0.0,0.0,0.0,2.0,18,4,10
32671,16,2,3,10,2,3,0,1,1,1,2,19,2,2,0.0,0.0,0.0,0.0,0.0,2.0,13,4,3
35191,4,2,3,17,6,3,0,1,1,1,2,18,2,2,0.0,0.0,0.0,0.0,0.0,2.0,17,4,3
101927,16,2,1,17,8,3,5,5,1,1,0,24,2,2,0.0,0.0,0.0,0.0,0.0,2.0,22,7,7
186105,15,2,3,0,8,3,0,1,0,1,2,12,2,2,0.0,0.0,0.0,0.0,0.0,3.0,9,3,12
24842,4,3,3,17,8,3,0,1,1,1,1,18,2,2,0.0,0.0,0.0,0.0,0.0,2.0,10,4,2
49200,16,2,3,0,2,3,0,5,0,1,2,6,2,4,4.0,0.0,0.0,0.0,4.0,3.0,18,6,4
129949,16,2,3,0,6,3,0,5,0,1,2,36,2,2,0.0,0.0,0.0,0.0,0.0,2.0,13,1,9
171038,4,2,3,7,12,3,0,1,1,0,1,23,2,2,0.0,0.0,0.0,0.0,0.0,1.0,8,3,11
121519,16,2,1,8,6,3,0,1,0,1,2,6,2,1,1.0,0.0,1.0,0.0,0.0,2.0,5,7,9
143984,16,2,1,10,6,3,0,1,1,1,2,36,2,2,0.0,0.0,0.0,0.0,0.0,2.0,22,6,10
66426,16,2,1,14,10,3,0,1,0,1,2,11,2,2,0.0,0.0,0.0,0.0,0.0,2.0,3,1,5
40402,16,2,3,10,6,3,0,1,1,1,0,36,2,2,0.0,0.0,0.0,0.0,0.0,2.0,12,7,3
47065,4,7,3,17,0,3,6,1,0,1,2,38,2,2,0.0,0.0,0.0,0.0,0.0,2.0,7,5,4
35029,4,2,1,10,6,3,0,1,0,1,2,17,2,2,0.0,0.0,0.0,0.0,0.0,2.0,5,1,3
96085,16,2,3,7,2,3,0,1,1,1,1,26,2,2,0.0,0.0,0.0,0.0,0.0,1.0,13,3,7
35032,16,2,1,17,8,3,0,1,1,1,2,17,2,2,0.0,0.0,0.0,0.0,0.0,2.0,5,1,3
132656,4,7,1,17,6,3,6,1,0,1,2,18,3,3,1.0,0.0,0.0,1.0,0.0,2.0,20,1,9
142944,4,3,3,17,2,3,0,1,0,1,2,24,2,3,1.0,0.0,0.0,1.0,0.0,2.0,14,5,10
73782,16,2,3,17,8,3,0,1,0,1,1,13,2,2,0.0,0.0,0.0,0.0,0.0,3.0,10,1,6
108555,15,2,3,0,6,3,0,1,1,0,1,5,2,2,0.0,0.0,0.0,0.0,0.0,3.0,17,3,8
135576,4,2,0,17,8,3,0,1,1,0,2,36,2,2,0.0,0.0,0.0,0.0,0.0,2.0,19,1,9
131719,16,2,1,0,8,3,0,5,0,1,2,26,2,3,1.0,0.0,0.0,1.0,0.0,2.0,23,4,9
22760,4,11,3,0,15,3,5,5,1,1,2,36,2,2,0.0,0.0,0.0,0.0,0.0,3.0,16,4,2
68133,16,2,3,17,8,3,0,1,1,1,1,36,2,2,0.0,0.0,0.0,0.0,0.0,3.0,19,5,5
153510,15,2,1,17,8,3,0,1,0,1,2,17,2,3,1.0,0.0,0.0,1.0,0.0,1.0,0,1,10
130146,16,2,3,10,8,3,0,1,1,1,2,30,2,2,0.0,0.0,0.0,0.0,0.0,2.0,8,2,9
66831,4,2,3,17,11,3,0,1,0,1,2,22,2,3,1.0,0.0,0.0,1.0,0.0,1.0,9,7,5
37996,16,2,1,9,8,3,0,1,0,1,2,26,2,1,1.0,0.0,1.0,0.0,0.0,3.0,22,3,3
26581,15,2,3,17,10,3,6,1,1,1,2,23,2,2,0.0,0.0,0.0,0.0,0.0,3.0,10,7,2
188068,15,2,3,17,11,2,0,1,1,1,2,19,2,2,0.0,0.0,0.0,0.0,0.0,2.0,8,6,12
9888,4,2,0,15,2,3,0,5,1,1,1,22,2,2,0.0,0.0,0.0,0.0,0.0,2.0,22,5,1
41228,6,2,1,17,2,4,0,1,1,1,1,38,2,2,0.0,0.0,0.0,0.0,0.0,2.0,18,3,3
39149,15,7,3,17,8,3,6,5,0,1,2,18,2,2,0.0,0.0,0.0,0.0,0.0,4.0,8,5,3
122002,16,2,3,15,8,3,0,1,1,1,2,36,2,2,0.0,0.0,0.0,0.0,0.0,2.0,18,7,9
101397,16,2,3,0,6,3,0,1,0,1,2,6,2,4,3.0,0.0,0.0,0.0,3.0,1.0,14,7,7
132531,16,2,3,10,8,3,0,1,1,1,2,36,2,2,0.0,0.0,0.0,0.0,0.0,2.0,12,6,9
30449,15,2,3,0,16,3,0,5,0,1,2,18,2,2,0.0,0.0,0.0,0.0,0.0,2.0,15,3,3
130064,15,2,3,0,6,3,0,1,0,1,2,18,2,4,1.0,0.0,0.0,0.0,1.0,1.0,11,3,9
176419,16,2,3,17,8,3,0,1,0,1,2,24,4,2,0.0,0.0,0.0,0.0,0.0,2.0,13,1,12
59013,15,2,2,10,8,3,5,5,1,1,2,19,2,2,0.0,0.0,0.0,0.0,0.0,2.0,4,1,5
5662,4,3,1,9,3,3,6,1,0,1,0,18,2,4,1.0,0.0,0.0,0.0,1.0,1.0,17,1,1
167506,16,2,3,17,6,3,5,5,1,1,1,18,2,2,0.0,0.0,0.0,0.0,0.0,2.0,16,5,11
174663,16,2,4,17,6,3,0,1,0,1,1,6,2,2,0.0,0.0,0.0,0.0,0.0,6.0,22,1,12
90715,16,2,3,17,8,3,0,1,1,1,1,36,2,2,0.0,0.0,0.0,0.0,0.0,2.0,16,4,7
188271,4,2,3,9,19,4,0,1,0,1,1,18,2,1,1.0,0.0,1.0,0.0,0.0,1.0,11,2,12
182136,16,2,4,17,6,3,0,5,1,1,0,24,2,2,0.0,0.0,0.0,0.0,0.0,2.0,18,6,12
33824,15,2,3,0,3,3,6,1,0,1,2,18,2,2,0.0,0.0,0.0,0.0,0.0,6.0,11,1,3
96292,16,2,3,17,8,3,0,5,1,1,2,6,2,2,0.0,0.0,0.0,0.0,0.0,3.0,9,6,7
61074,16,2,3,10,2,3,0,1,1,1,1,19,2,2,0.0,0.0,0.0,0.0,0.0,2.0,9,5,5
47035,4,2,3,17,8,3,0,1,0,1,2,24,2,4,1.0,0.0,0.0,0.0,1.0,1.0,14,5,4
115672,4,2,3,17,2,3,0,1,0,1,2,18,2,3,1.0,0.0,0.0,1.0,0.0,1.0,15,5,8
31856,16,7,1,0,6,3,6,5,1,1,2,26,2,2,0.0,0.0,0.0,0.0,0.0,2.0,19,6,3
188618,4,2,3,0,8,3,0,1,0,1,2,18,2,2,0.0,0.0,0.0,0.0,0.0,3.0,9,1,12
147441,4,2,3,10,8,3,0,5,1,1,1,19,2,2,0.0,0.0,0.0,0.0,0.0,2.0,17,3,10
60083,15,2,3,0,2,3,0,1,1,1,1,18,2,2,0.0,0.0,0.0,0.0,0.0,2.0,19,4,5
6133,16,10,1,0,6,3,4,1,0,1,2,6,2,3,1.0,0.0,0.0,1.0,0.0,1.0,1,2,1
39483,16,11,3,10,8,3,5,1,1,1,1,19,2,2,0.0,0.0,0.0,0.0,0.0,2.0,9,4,3
70338,16,2,3,0,2,3,0,1,1,1,2,26,2,2,0.0,0.0,0.0,0.0,0.0,2.0,15,6,5
28107,16,2,3,10,2,3,0,5,1,1,2,17,2,2,0.0,0.0,0.0,0.0,0.0,4.0,14,7,2
65802,16,2,3,10,2,3,0,1,1,1,1,19,2,2,0.0,0.0,0.0,0.0,0.0,3.0,15,5,5
63532,16,2,3,10,8,3,0,1,1,1,2,19,2,2,0.0,0.0,0.0,0.0,0.0,2.0,15,4,5
151962,16,7,3,17,2,3,6,5,1,1,2,18,2,2,0.0,0.0,0.0,0.0,0.0,2.0,9,3,10
45242,16,2,3,10,2,3,0,1,0,1,2,8,2,4,1.0,0.0,0.0,0.0,1.0,4.0,15,6,4
67466,17,2,3,10,8,3,0,5,1,1,1,36,2,2,0.0,0.0,0.0,0.0,0.0,2.0,16,3,5
121471,16,2,3,9,8,3,0,1,1,1,0,36,2,2,0.0,0.0,0.0,0.0,0.0,2.0,8,6,9
80347,15,2,3,8,10,3,0,1,1,1,0,12,2,2,0.0,0.0,0.0,0.0,0.0,2.0,4,1,6
81492,16,7,3,10,8,3,6,1,1,1,0,18,2,2,0.0,0.0,0.0,0.0,0.0,2.0,15,2,6
26215,16,2,3,17,3,3,0,1,0,1,1,18,2,2,0.0,0.0,0.0,0.0,0.0,2.0,13,1,2
179123,16,2,1,10,3,3,0,1,0,0,2,10,2,4,1.0,0.0,0.0,0.0,1.0,1.0,22,6,12
17826,4,2,3,10,8,3,0,1,1,1,1,23,2,2,0.0,0.0,0.0,0.0,0.0,5.0,7,3,2
89461,16,7,1,10,2,3,6,1,1,1,2,36,2,2,0.0,0.0,0.0,0.0,0.0,3.0,23,4,7
26781,16,2,3,0,8,3,0,1,0,1,2,6,3,2,0.0,0.0,0.0,0.0,0.0,3.0,13,3,2
166477,16,2,3,15,1,3,0,1,1,1,2,22,2,2,0.0,0.0,0.0,0.0,0.0,2.0,11,6,11
50533,15,2,1,0,6,3,0,1,1,1,2,18,2,2,0.0,0.0,0.0,0.0,0.0,2.0,3,3,4
49700,4,7,1,15,8,3,6,1,1,0,2,22,2,2,0.0,0.0,0.0,0.0,0.0,4.0,1,2,4
114340,15,2,3,11,10,3,0,1,1,1,2,21,2,2,0.0,0.0,0.0,0.0,0.0,2.0,22,6,8
156853,16,2,3,15,8,3,0,1,0,1,2,36,2,2,0.0,0.0,0.0,0.0,0.0,2.0,8,7,11
141662,4,2,3,10,8,3,0,1,1,0,1,19,2,2,0.0,0.0,0.0,0.0,0.0,2.0,17,7,10
184271,15,2,3,10,8,3,0,1,1,1,1,19,2,2,0.0,0.0,0.0,0.0,0.0,3.0,13,7,12
14544,16,2,4,10,10,3,0,1,0,1,0,19,2,3,1.0,0.0,0.0,1.0,0.0,2.0,15,3,1
172816,16,2,3,17,8,3,0,1,0,1,2,18,2,2,0.0,0.0,0.0,0.0,0.0,2.0,12,7,12
152323,16,2,1,8,8,3,0,1,0,1,2,18,2,3,1.0,0.0,0.0,1.0,0.0,2.0,21,6,10
97014,16,2,1,0,6,3,0,1,0,1,2,6,2,3,4.0,0.0,0.0,4.0,0.0,1.0,21,3,7
160663,16,2,3,17,6,3,0,1,0,1,2,6,2,2,0.0,0.0,0.0,0.0,0.0,2.0,14,5,11
75026,16,2,3,10,8,3,0,5,1,1,2,18,2,2,0.0,0.0,0.0,0.0,0.0,3.0,15,5,6
143747,4,2,3,10,8,3,0,1,1,1,1,19,2,2,0.0,0.0,0.0,0.0,0.0,4.0,11,2,10
124259,15,2,4,0,6,3,0,1,0,1,2,23,2,2,0.0,0.0,0.0,0.0,0.0,2.0,19,5,9
16136,16,2,3,17,8,3,0,1,1,0,2,18,2,2,0.0,0.0,0.0,0.0,0.0,3.0,7,2,2
176417,15,2,3,9,8,3,0,5,0,1,0,5,2,3,1.0,0.0,0.0,1.0,0.0,1.0,13,1,12
103944,17,2,0,0,8,3,0,5,1,1,1,36,2,2,0.0,0.0,0.0,0.0,0.0,2.0,22,2,8
165839,17,11,5,0,8,3,5,5,1,1,0,36,2,2,0.0,0.0,0.0,0.0,0.0,3.0,15,2,11
187446,15,7,1,0,6,3,6,1,0,1,2,18,2,3,1.0,0.0,0.0,1.0,0.0,1.0,22,5,12
179752,4,2,1,9,10,3,0,1,1,1,0,36,2,2,0.0,0.0,0.0,0.0,0.0,2.0,19,2,12
171548,16,2,1,15,6,3,0,1,0,1,1,23,2,3,1.0,0.0,0.0,1.0,0.0,1.0,16,6,11
97991,16,2,3,0,2,3,5,5,1,1,2,6,2,2,0.0,0.0,0.0,0.0,0.0,2.0,8,4,7
60948,15,2,3,17,6,4,0,1,0,1,2,36,2,2,0.0,0.0,0.0,0.0,0.0,2.0,7,4,5
165768,15,2,3,0,6,3,0,6,0,1,2,18,2,2,0.0,0.0,0.0,0.0,0.0,5.0,13,7,11
14847,15,3,3,14,8,3,6,1,0,1,2,39,2,3,1.0,0.0,0.0,1.0,0.0,1.0,11,6,1
84816,16,2,3,10,8,3,0,1,1,1,2,36,2,2,0.0,0.0,0.0,0.0,0.0,3.0,7,3,6
176880,16,7,3,17,2,3,6,1,1,1,2,18,2,2,0.0,0.0,0.0,0.0,0.0,2.0,15,6,12
133434,16,2,3,17,6,3,0,1,0,1,1,36,2,2,0.0,0.0,0.0,0.0,0.0,3.0,11,6,9
158683,4,2,1,17,2,4,5,5,1,0,0,18,2,2,0.0,0.0,0.0,0.0,0.0,2.0,22,2,11
148100,15,2,3,9,8,3,6,1,0,1,0,18,2,1,1.0,0.0,1.0,0.0,0.0,1.0,14,6,10
31195,16,2,1,17,2,3,0,1,1,1,2,36,2,2,0.0,0.0,0.0,0.0,0.0,2.0,23,7,3
130947,4,2,3,0,8,3,0,1,1,1,2,17,2,2,0.0,0.0,0.0,0.0,0.0,5.0,14,1,9
113991,16,2,4,0,15,3,0,5,1,1,2,36,2,2,0.0,0.0,0.0,0.0,0.0,2.0,18,2,8
172916,4,2,1,0,8,3,0,1,1,1,2,36,2,2,0.0,0.0,0.0,0.0,0.0,2.0,18,2,12
72968,18,2,3,0,15,3,0,1,0,1,2,18,2,1,1.0,0.0,1.0,0.0,0.0,1.0,17,2,6
50749,16,2,3,17,8,3,0,1,1,1,1,16,2,2,0.0,0.0,0.0,0.0,0.0,2.0,14,5,4
104765,15,7,3,0,8,3,6,1,0,1,2,5,2,3,1.0,0.0,0.0,1.0,0.0,1.0,17,1,8
57511,15,2,3,0,8,4,0,1,1,1,2,18,2,2,0.0,0.0,0.0,0.0,0.0,2.0,15,6,5
79997,4,2,3,15,8,3,0,1,0,1,2,18,2,4,1.0,0.0,0.0,0.0,1.0,1.0,10,7,6
127909,16,2,3,17,15,3,0,1,0,1,2,18,3,3,2.0,0.0,0.0,2.0,0.0,4.0,13,7,9
12227,16,2,1,15,15,3,1,5,1,1,2,26,2,2,0.0,0.0,0.0,0.0,0.0,3.0,21,3,1
162021,15,2,1,10,10,3,1,5,1,1,0,17,2,2,0.0,0.0,0.0,0.0,0.0,3.0,18,3,11
15232,16,10,0,10,8,3,4,1,1,1,2,39,2,2,0.0,0.0,0.0,0.0,0.0,3.0,0,6,2
35823,15,7,3,0,8,3,5,5,1,1,2,36,2,2,0.0,0.0,0.0,0.0,0.0,3.0,16,6,3
60985,16,2,3,10,8,3,0,5,0,1,2,19,3,4,1.0,0.0,0.0,0.0,1.0,3.0,15,6,5
41289,4,2,3,8,6,3,0,1,1,1,1,36,2,2,0.0,0.0,0.0,0.0,0.0,2.0,8,4,3
115431,16,2,3,0,6,3,0,1,0,1,2,6,3,3,2.0,0.0,0.0,2.0,0.0,1.0,5,2,8
61622,15,2,3,0,8,3,0,1,1,1,1,36,2,2,0.0,0.0,0.0,0.0,0.0,2.0,14,7,5
38969,16,2,1,17,11,3,0,1,1,1,2,24,2,2,0.0,0.0,0.0,0.0,0.0,3.0,23,7,3
139913,4,2,4,17,8,3,0,1,0,1,2,18,2,1,2.0,0.0,1.0,0.0,1.0,1.0,17,5,10
106228,16,2,1,17,8,3,0,1,1,1,0,19,2,2,0.0,0.0,0.0,0.0,0.0,2.0,2,1,8
111880,4,7,3,7,2,3,6,1,1,1,1,36,2,2,0.0,0.0,0.0,0.0,0.0,1.0,5,5,8
153428,4,2,4,17,8,3,0,1,0,1,2,24,2,3,6.0,0.0,0.0,6.0,0.0,0.0,18,7,10
185825,16,2,3,17,6,3,0,1,1,1,1,18,2,2,0.0,0.0,0.0,0.0,0.0,2.0,14,6,12
72165,4,2,3,7,8,3,0,1,1,0,2,36,2,2,0.0,0.0,0.0,0.0,0.0,1.0,16,5,6
71278,16,2,1,17,10,3,0,1,1,1,2,22,2,2,0.0,0.0,0.0,0.0,0.0,2.0,20,5,5
5830,16,3,2,17,8,3,0,1,0,1,2,18,2,2,0.0,0.0,0.0,0.0,0.0,2.0,6,5,1
140847,15,2,3,0,8,3,0,0,0,1,2,36,2,3,1.0,0.0,0.0,1.0,0.0,1.0,10,5,10
54107,16,10,3,17,2,3,6,1,1,1,0,19,2,2,0.0,0.0,0.0,0.0,0.0,4.0,14,7,4
111865,4,7,3,3,2,3,6,1,1,1,2,11,2,2,0.0,0.0,0.0,0.0,0.0,2.0,14,5,8
100178,4,2,1,2,6,3,0,1,0,1,2,36,1,2,0.0,0.0,0.0,0.0,0.0,1.0,20,4,7
34464,15,2,3,0,2,3,0,5,1,1,2,36,2,2,0.0,0.0,0.0,0.0,0.0,2.0,17,5,3
33123,16,2,1,8,15,3,0,1,0,1,2,18,2,3,1.0,0.0,0.0,1.0,0.0,1.0,17,5,3
110824,16,2,3,17,15,3,0,1,1,1,2,24,2,2,0.0,0.0,0.0,0.0,0.0,2.0,16,3,8
27650,16,7,1,10,3,3,6,5,1,1,2,39,2,2,0.0,0.0,0.0,0.0,0.0,3.0,17,3,2
94520,4,2,1,10,8,3,0,1,0,0,2,19,2,4,1.0,0.0,0.0,0.0,1.0,3.0,21,5,7
176991,16,2,1,10,6,3,0,5,1,1,2,17,4,2,0.0,0.0,0.0,0.0,0.0,4.0,17,7,12
127686,4,2,3,0,0,3,0,1,1,1,2,36,2,2,0.0,0.0,0.0,0.0,0.0,2.0,16,6,9
150794,4,2,3,17,8,3,0,1,0,1,2,18,2,2,0.0,0.0,0.0,0.0,0.0,8.0,12,1,10
13888,15,10,3,2,8,3,1,1,1,1,0,39,1,2,0.0,0.0,0.0,0.0,0.0,1.0,9,3,1
73474,16,2,3,10,2,3,0,1,1,1,0,36,2,2,0.0,0.0,0.0,0.0,0.0,2.0,17,3,6
47192,16,2,3,10,2,3,0,1,1,1,2,19,3,2,0.0,0.0,0.0,0.0,0.0,3.0,11,5,4
82701,15,7,3,17,3,3,6,1,1,1,2,18,2,2,0.0,0.0,0.0,0.0,0.0,2.0,16,5,6
56520,16,3,3,17,8,3,0,1,1,1,2,36,2,2,0.0,0.0,0.0,0.0,0.0,2.0,9,3,5
78324,16,7,3,0,8,3,6,5,0,1,2,17,6,1,5.0,0.0,5.0,0.0,0.0,1.0,6,5,6
95703,15,2,3,0,8,3,0,1,0,1,2,18,2,2,0.0,0.0,0.0,0.0,0.0,3.0,15,5,7
116440,15,7,2,17,15,3,6,1,0,1,2,9,2,3,1.0,0.0,0.0,1.0,0.0,3.0,19,3,8
5329,15,2,2,0,8,3,0,1,0,1,2,18,2,2,0.0,0.0,0.0,0.0,0.0,2.0,6,5,1
87322,16,2,3,17,2,3,0,1,1,1,1,22,2,2,0.0,0.0,0.0,0.0,0.0,3.0,18,7,6
93774,16,2,3,17,6,3,0,1,0,1,2,18,2,2,0.0,0.0,0.0,0.0,0.0,4.0,15,3,7
138918,16,2,1,17,8,3,0,1,1,1,1,36,2,2,0.0,0.0,0.0,0.0,0.0,3.0,0,4,10
136450,16,7,5,0,6,3,6,5,0,1,2,6,2,3,2.0,0.0,0.0,2.0,0.0,2.0,9,7,9
73143,16,2,3,10,2,3,0,1,1,1,2,36,2,2,0.0,0.0,0.0,0.0,0.0,3.0,13,6,6
61245,16,3,3,10,6,3,0,1,1,1,2,17,3,2,0.0,0.0,0.0,0.0,0.0,6.0,15,2,5
105060,15,2,4,17,11,3,0,1,0,1,1,5,2,2,0.0,0.0,0.0,0.0,0.0,3.0,19,4,8
13349,16,2,3,0,8,3,0,1,1,1,2,36,2,2,0.0,0.0,0.0,0.0,0.0,2.0,9,5,1
111638,4,2,3,0,10,3,0,1,1,1,1,18,2,2,0.0,0.0,0.0,0.0,0.0,2.0,17,7,8
114754,16,2,1,10,8,3,0,1,1,1,1,17,2,2,0.0,0.0,0.0,0.0,0.0,2.0,23,4,8
17849,16,2,3,17,8,3,6,1,1,1,2,22,2,2,0.0,0.0,0.0,0.0,0.0,2.0,14,4,2
4165,15,2,3,0,2,3,0,1,0,1,2,18,2,3,1.0,0.0,0.0,1.0,0.0,1.0,14,1,1
88009,16,2,3,17,6,3,0,1,0,1,1,36,3,3,1.0,0.0,0.0,1.0,0.0,3.0,19,4,7
3318,16,2,3,0,6,3,0,1,0,1,2,36,2,2,0.0,0.0,0.0,0.0,0.0,2.0,7,1,1
26415,16,2,3,10,2,3,5,5,1,1,2,36,3,2,0.0,0.0,0.0,0.0,0.0,3.0,16,5,2
49405,16,2,0,13,6,3,0,1,0,1,2,36,2,3,3.0,0.0,0.0,3.0,0.0,3.0,0,3,4
115456,4,2,3,9,8,3,0,1,0,1,2,36,2,4,1.0,0.0,0.0,0.0,1.0,1.0,10,2,8
153676,15,7,1,0,2,3,6,1,1,1,1,23,2,2,0.0,0.0,0.0,0.0,0.0,2.0,21,5,10
104033,16,2,3,17,8,3,0,1,0,1,2,24,2,2,0.0,0.0,0.0,0.0,0.0,3.0,18,4,8
138954,15,2,4,0,2,3,0,1,0,1,2,26,2,2,0.0,0.0,0.0,0.0,0.0,2.0,17,5,10
171617,15,2,3,8,2,3,0,1,0,1,0,13,2,3,1.0,0.0,0.0,1.0,0.0,1.0,14,5,11
178736,16,2,4,15,6,3,0,1,1,1,0,23,2,2,0.0,0.0,0.0,0.0,0.0,2.0,16,3,12
172265,15,7,0,17,8,3,6,5,1,1,2,18,2,2,0.0,0.0,0.0,0.0,0.0,3.0,16,7,12
67119,16,2,3,0,8,3,0,1,1,1,2,6,2,2,0.0,0.0,0.0,0.0,0.0,4.0,14,4,5
183979,16,2,1,3,10,3,0,1,1,1,2,11,2,2,0.0,0.0,0.0,0.0,0.0,2.0,18,4,12
179828,16,7,1,0,8,3,6,1,0,1,2,6,2,4,1.0,0.0,0.0,0.0,1.0,1.0,22,3,12
118401,15,2,3,17,8,3,0,1,1,1,2,24,2,2,0.0,0.0,0.0,0.0,0.0,3.0,12,3,8
43316,16,2,1,0,2,3,0,1,1,1,1,6,2,2,0.0,0.0,0.0,0.0,0.0,6.0,0,4,4
4515,16,2,1,15,2,3,0,1,0,1,2,22,2,3,1.0,0.0,0.0,1.0,0.0,1.0,20,5,1
164752,15,2,3,17,8,3,0,1,1,1,1,18,2,2,0.0,0.0,0.0,0.0,0.0,2.0,7,5,11
131784,15,2,3,10,8,3,0,1,1,1,1,17,2,2,0.0,0.0,0.0,0.0,0.0,3.0,8,6,9
165237,16,2,3,17,6,3,0,1,1,1,0,24,2,2,0.0,0.0,0.0,0.0,0.0,2.0,12,6,11
127297,4,2,3,7,11,3,2,2,0,1,2,32,3,2,0.0,0.0,0.0,0.0,0.0,1.0,7,5,9
37545,16,2,3,0,6,3,0,1,1,1,2,36,2,2,0.0,0.0,0.0,0.0,0.0,2.0,8,4,3
48229,16,9,3,10,8,3,6,1,0,1,1,19,2,4,1.0,0.0,0.0,0.0,1.0,4.0,12,1,4
158915,15,2,3,11,6,3,0,1,1,1,2,21,2,2,0.0,0.0,0.0,0.0,0.0,2.0,12,6,11
180151,16,2,3,17,8,3,0,1,0,1,0,23,2,1,1.0,0.0,1.0,0.0,0.0,3.0,16,6,12
104867,16,2,3,10,8,3,0,5,1,1,2,19,2,2,0.0,0.0,0.0,0.0,0.0,2.0,13,3,8
133043,16,2,3,10,3,3,0,5,1,1,2,19,2,2,0.0,0.0,0.0,0.0,0.0,2.0,15,7,9
185602,16,5,1,0,8,3,6,1,0,1,2,36,2,3,1.0,0.0,0.0,1.0,0.0,1.0,3,1,12
187442,15,7,3,0,15,3,6,5,0,1,2,18,2,2,0.0,0.0,0.0,0.0,0.0,3.0,9,5,12
85474,4,2,3,10,10,3,0,1,1,1,0,36,2,2,0.0,0.0,0.0,0.0,0.0,2.0,14,7,6