crash_date,               traffic_control_device,weather_condition,lighting_condition,first_crash_type,trafficway_type,alignment,roadway_surface_cond,road_defect,crash_type,intersection_related_i,damage,prim_contributory_cause,num_units,most_severe_injury,injuries_total,injuries_fatal,injuries_incapacitating,injuries_non_incapacitating,injuries_reported_not_evident,injuries_no_indication,crash_hour,crash_day_of_week,crash_month
161758,16,2,3,9,8,3,0,1,0,1,0,18,2,3,1.0,0.0,0.0,1.0,0.0,1.0,10,7,11
52413,16,2,3,10,6,3,0,1,1,1,2,26,2,2,0.0,0.0,0.0,0.0,0.0,2.0,14,1,4
452,16,2,1,0,6,3,0,1,1,1,2,3,2,2,0.0,0.0,0.0,0.0,0.0,3.0,23,2,1
78099,16,2,3,15,2,3,0,6,1,1,2,23,2,2,0.0,0.0,0.0,0.0,0.0,2.0,14,4,6
77753,15,2,3,17,8,3,0,1,1,1,2,5,3,2,0.0,0.0,0.0,0.0,0.0,2.0,5,4,6
102864,17,2,1,17,16,3,0,1,0,1,2,36,2,3,1.0,0.0,0.0,1.0,0.0,1.0,0,2,7
27165,16,2,1,17,6,3,0,1,1,1,1,24,2,2,0.0,0.0,0.0,0.0,0.0,2.0,21,2,2
186969,16,7,1,10,6,3,6,5,1,1,2,36,2,2,0.0,0.0,0.0,0.0,0.0,2.0,20,6,12
149341,16,2,0,10,11,4,0,1,0,1,1,17,2,4,1.0,0.0,0.0,0.0,1.0,1.0,19,2,10
97656,16,3,3,14,8,4,0,1,1,1,0,21,2,2,0.0,0.0,0.0,0.0,0.0,2.0,15,5,7
56040,16,2,3,0,8,3,0,5,1,1,2,18,2,2,0.0,0.0,0.0,0.0,0.0,3.0,7,2,5
42041,15,2,1,0,6,3,0,1,0,1,2,18,2,2,0.0,0.0,0.0,0.0,0.0,4.0,23,4,3
53408,16,2,3,9,8,3,0,5,0,1,0,36,2,3,1.0,0.0,0.0,1.0,0.0,1.0,7,5,4
144517,4,2,3,17,10,3,0,1,1,1,2,24,2,2,0.0,0.0,0.0,0.0,0.0,2.0,11,5,10
178624,16,2,1,10,8,3,0,1,1,1,2,36,2,2,0.0,0.0,0.0,0.0,0.0,2.0,17,1,12
53450,4,2,1,15,10,3,0,1,1,0,2,18,2,2,0.0,0.0,0.0,0.0,0.0,2.0,19,3,4
99476,4,7,3,17,2,3,6,5,1,1,1,18,2,2,0.0,0.0,0.0,0.0,0.0,2.0,17,6,7
142425,15,2,3,0,6,3,0,1,0,1,2,18,2,3,1.0,0.0,0.0,1.0,0.0,1.0,12,4,10
124846,16,2,1,17,6,3,0,1,0,1,2,36,2,1,4.0,0.0,2.0,2.0,0.0,1.0,22,6,9
108907,16,2,3,15,8,3,0,1,1,1,2,36,2,2,0.0,0.0,0.0,0.0,0.0,5.0,9,7,8
131876,15,2,3,17,8,3,0,1,0,1,2,18,2,2,0.0,0.0,0.0,0.0,0.0,2.0,17,5,9
187466,16,2,3,10,6,3,0,1,1,1,0,17,2,2,0.0,0.0,0.0,0.0,0.0,3.0,14,7,12
63733,15,2,3,8,8,3,5,5,1,0,0,18,2,2,0.0,0.0,0.0,0.0,0.0,2.0,17,5,5
55549,16,7,3,17,2,3,6,5,1,1,2,36,2,2,0.0,0.0,0.0,0.0,0.0,4.0,12,1,4
93787,17,2,3,15,17,3,0,5,1,1,2,36,2,2,0.0,0.0,0.0,0.0,0.0,2.0,18,3,7
76966,16,2,3,17,2,3,0,1,1,1,2,12,2,2,0.0,0.0,0.0,0.0,0.0,2.0,15,7,6
179693,16,2,0,0,8,3,0,1,0,1,2,26,2,3,3.0,0.0,0.0,3.0,0.0,2.0,20,7,12
3068,16,2,1,0,8,3,0,5,0,1,2,6,2,2,0.0,0.0,0.0,0.0,0.0,2.0,23,2,1
95269,16,7,5,0,18,3,6,1,1,1,2,6,2,2,0.0,0.0,0.0,0.0,0.0,2.0,6,5,7
177143,16,10,1,10,8,3,4,1,1,1,2,13,2,2,0.0,0.0,0.0,0.0,0.0,4.0,18,7,12
19029,15,2,3,0,6,3,0,1,0,1,2,18,2,4,1.0,0.0,0.0,0.0,1.0,1.0,16,4,2
92860,16,2,1,10,3,3,0,1,0,1,2,36,2,4,1.0,0.0,0.0,0.0,1.0,2.0,22,2,7
149006,16,2,3,0,6,3,0,1,0,1,2,36,2,3,1.0,0.0,0.0,1.0,0.0,2.0,11,5,10
49329,16,2,3,0,8,3,0,1,1,1,2,18,2,2,0.0,0.0,0.0,0.0,0.0,2.0,7,1,4
121171,15,7,1,0,2,3,6,1,1,1,2,36,2,2,0.0,0.0,0.0,0.0,0.0,2.0,21,7,9
43020,4,2,3,8,11,3,0,1,0,1,2,18,2,3,1.0,0.0,0.0,1.0,0.0,1.0,13,1,4
113025,16,11,5,0,11,3,5,5,1,1,2,6,2,2,0.0,0.0,0.0,0.0,0.0,2.0,20,5,8
103593,4,2,3,15,8,3,0,1,1,1,2,28,2,2,0.0,0.0,0.0,0.0,0.0,2.0,13,6,7
28736,4,2,3,8,8,3,0,1,0,1,0,9,2,3,1.0,0.0,0.0,1.0,0.0,1.0,16,6,3
39655,16,3,3,15,5,3,6,1,1,1,2,19,2,2,0.0,0.0,0.0,0.0,0.0,3.0,10,7,3
100665,16,2,1,0,18,3,0,1,1,1,2,6,2,2,0.0,0.0,0.0,0.0,0.0,2.0,23,3,7
89754,16,2,3,0,6,3,0,1,0,1,2,6,2,2,0.0,0.0,0.0,0.0,0.0,3.0,8,3,7
162756,16,3,3,17,3,3,0,1,0,1,2,36,2,3,1.0,0.0,0.0,1.0,0.0,1.0,13,7,11
100812,16,2,3,0,2,3,0,1,1,1,1,18,2,2,0.0,0.0,0.0,0.0,0.0,2.0,17,5,7
172943,16,5,1,10,2,2,6,2,0,0,2,17,2,3,1.0,0.0,0.0,1.0,0.0,2.0,0,2,12
146985,16,2,3,10,8,3,0,1,1,1,2,19,2,2,0.0,0.0,0.0,0.0,0.0,3.0,12,3,10
186520,15,10,3,0,8,3,4,1,1,1,2,39,2,2,0.0,0.0,0.0,0.0,0.0,2.0,8,4,12
59939,15,2,3,7,6,3,0,5,1,1,2,5,2,2,0.0,0.0,0.0,0.0,0.0,1.0,16,4,5
114809,16,2,1,0,6,3,0,1,1,1,2,6,2,2,0.0,0.0,0.0,0.0,0.0,3.0,21,6,8
121023,16,2,3,15,8,3,5,5,1,1,2,26,2,2,0.0,0.0,0.0,0.0,0.0,2.0,2,1,9
84989,16,7,3,17,3,3,6,1,1,1,1,18,2,2,0.0,0.0,0.0,0.0,0.0,2.0,11,6,6
142291,16,2,1,0,2,3,0,1,0,1,2,3,2,3,1.0,0.0,0.0,1.0,0.0,6.0,1,3,10
106595,16,7,3,9,6,3,6,1,1,1,0,6,2,2,0.0,0.0,0.0,0.0,0.0,2.0,10,7,8
78761,15,2,3,15,8,3,0,1,1,1,2,26,2,2,0.0,0.0,0.0,0.0,0.0,2.0,15,4,6
14632,16,7,1,9,8,3,6,1,0,1,2,26,2,1,1.0,0.0,1.0,0.0,0.0,1.0,0,3,1
79697,16,2,3,10,8,3,0,1,1,1,0,19,3,2,0.0,0.0,0.0,0.0,0.0,3.0,16,4,6
152261,4,2,1,0,10,3,0,5,1,1,2,36,2,2,0.0,0.0,0.0,0.0,0.0,2.0,21,5,10
40329,8,3,3,15,2,3,0,1,1,1,1,23,2,2,0.0,0.0,0.0,0.0,0.0,2.0,11,6,3
42531,16,2,3,15,16,3,0,1,1,1,2,12,3,2,0.0,0.0,0.0,0.0,0.0,3.0,15,6,4
115744,15,2,2,0,8,3,0,1,1,1,2,5,2,2,0.0,0.0,0.0,0.0,0.0,2.0,5,6,8
30690,16,2,3,15,2,3,0,1,1,1,2,18,2,2,0.0,0.0,0.0,0.0,0.0,3.0,17,6,3
139996,16,7,3,17,2,3,6,1,1,1,2,19,2,2,0.0,0.0,0.0,0.0,0.0,4.0,7,6,10
67815,16,2,3,0,6,3,6,1,0,1,2,6,2,2,0.0,0.0,0.0,0.0,0.0,2.0,7,1,5
24363,4,2,1,0,0,3,0,1,0,1,1,37,3,2,0.0,0.0,0.0,0.0,0.0,4.0,1,3,2
122186,16,2,1,17,6,3,0,1,1,1,2,18,2,2,0.0,0.0,0.0,0.0,0.0,2.0,22,3,9
44145,15,7,3,0,2,3,6,1,0,1,2,8,2,2,0.0,0.0,0.0,0.0,0.0,2.0,12,4,4
70414,15,2,3,0,2,3,0,1,1,1,2,36,2,2,0.0,0.0,0.0,0.0,0.0,2.0,17,7,5
134657,4,2,3,17,8,3,0,1,1,1,2,36,2,2,0.0,0.0,0.0,0.0,0.0,2.0,6,2,9
122288,16,2,3,0,8,3,0,1,0,1,2,36,2,4,3.0,0.0,0.0,0.0,3.0,2.0,16,3,9
26286,15,2,0,0,8,3,0,1,1,1,2,12,2,2,0.0,0.0,0.0,0.0,0.0,2.0,18,2,2
67522,16,2,3,0,11,3,0,1,1,1,2,26,2,2,0.0,0.0,0.0,0.0,0.0,2.0,13,5,5
175248,16,2,4,10,8,3,0,1,0,1,2,36,2,2,0.0,0.0,0.0,0.0,0.0,3.0,16,3,12
70346,16,2,3,10,8,3,0,1,1,1,2,36,2,2,0.0,0.0,0.0,0.0,0.0,3.0,17,6,5
179945,16,2,3,10,8,3,0,5,1,1,2,19,2,2,0.0,0.0,0.0,0.0,0.0,2.0,16,5,12
180510,4,2,3,0,8,3,0,1,0,0,2,18,2,2,0.0,0.0,0.0,0.0,0.0,7.0,7,5,12
51814,15,2,0,17,6,3,0,1,0,1,2,18,3,2,0.0,0.0,0.0,0.0,0.0,4.0,20,4,4
102422,4,2,3,0,8,3,0,1,0,1,2,36,2,2,0.0,0.0,0.0,0.0,0.0,2.0,14,1,7
96979,4,2,3,10,0,4,0,2,0,0,2,19,2,2,0.0,0.0,0.0,0.0,0.0,7.0,15,3,7
95059,16,2,3,0,8,3,0,1,0,1,0,6,2,1,3.0,0.0,3.0,0.0,0.0,0.0,15,1,7
165984,16,2,1,10,8,3,0,1,0,1,2,17,3,4,1.0,0.0,0.0,0.0,1.0,2.0,20,1,11
65456,16,2,0,17,8,3,0,1,1,1,1,24,2,2,0.0,0.0,0.0,0.0,0.0,2.0,3,6,5
66617,16,7,3,17,1,3,6,1,0,1,2,24,2,2,0.0,0.0,0.0,0.0,0.0,2.0,9,3,5
184587,16,7,1,10,1,3,6,1,0,1,2,19,3,2,0.0,0.0,0.0,0.0,0.0,3.0,17,6,12
159393,4,2,3,10,15,3,0,1,1,1,1,36,2,2,0.0,0.0,0.0,0.0,0.0,2.0,13,7,11
160871,4,2,3,15,11,3,0,1,1,1,2,17,2,2,0.0,0.0,0.0,0.0,0.0,2.0,18,6,11
160581,15,2,3,7,6,3,0,1,1,1,2,5,2,2,0.0,0.0,0.0,0.0,0.0,1.0,8,3,11
93120,12,2,3,17,8,3,0,1,1,1,1,24,2,2,0.0,0.0,0.0,0.0,0.0,2.0,9,5,7
165804,16,2,3,10,6,3,0,1,1,1,1,19,2,2,0.0,0.0,0.0,0.0,0.0,2.0,10,7,11
94740,15,2,3,0,6,3,0,1,1,1,2,17,2,2,0.0,0.0,0.0,0.0,0.0,2.0,19,3,7
129644,16,2,3,15,8,3,0,1,1,1,2,24,2,2,0.0,0.0,0.0,0.0,0.0,2.0,11,2,9
171175,15,2,4,9,10,3,0,1,0,1,0,18,2,4,1.0,0.0,0.0,0.0,1.0,1.0,19,4,11
139372,15,2,4,10,8,3,0,1,1,1,2,19,2,2,0.0,0.0,0.0,0.0,0.0,2.0,17,4,10
173178,16,2,0,10,6,3,0,1,1,1,2,36,2,2,0.0,0.0,0.0,0.0,0.0,2.0,17,2,12
137253,15,2,3,0,6,3,0,1,0,1,2,18,2,2,0.0,0.0,0.0,0.0,0.0,3.0,17,4,9
79080,16,2,3,10,19,3,0,1,1,1,2,36,2,2,0.0,0.0,0.0,0.0,0.0,2.0,12,2,6
135454,15,2,3,0,10,4,0,1,0,1,2,5,2,3,5.0,0.0,0.0,5.0,0.0,1.0,8,5,9
112252,16,2,3,17,8,3,0,1,1,1,2,24,2,2,0.0,0.0,0.0,0.0,0.0,2.0,13,3,8
100086,4,2,1,17,6,3,0,1,0,1,2,36,2,4,1.0,0.0,0.0,0.0,1.0,1.0,22,1,7
188857,15,2,0,11,8,3,0,1,0,1,2,36,4,2,0.0,0.0,0.0,0.0,0.0,2.0,15,6,12
164442,15,2,3,0,15,3,0,1,1,1,0,26,2,2,0.0,0.0,0.0,0.0,0.0,3.0,8,2,11
172012,4,2,3,0,0,3,0,1,1,1,1,36,2,2,0.0,0.0,0.0,0.0,0.0,3.0,14,5,11
17240,16,2,1,0,3,3,5,5,1,1,1,18,2,2,0.0,0.0,0.0,0.0,0.0,3.0,1,1,2
104116,11,2,3,17,3,3,0,1,1,1,1,36,2,2,0.0,0.0,0.0,0.0,0.0,2.0,18,5,8
178532,15,10,0,17,19,4,6,1,0,1,2,36,2,2,0.0,0.0,0.0,0.0,0.0,4.0,16,7,12
18870,16,2,3,0,8,3,0,1,0,1,2,6,3,2,0.0,0.0,0.0,0.0,0.0,3.0,8,7,2
102468,4,7,3,17,6,3,6,1,0,1,2,38,2,3,1.0,0.0,0.0,1.0,0.0,1.0,13,2,7
52590,15,2,3,9,8,3,0,1,0,1,1,38,2,1,1.0,0.0,1.0,0.0,0.0,1.0,17,3,4
157595,16,2,2,17,15,3,0,1,0,1,2,18,3,2,0.0,0.0,0.0,0.0,0.0,4.0,15,2,11
343,16,2,3,10,10,3,0,1,1,0,2,21,2,2,0.0,0.0,0.0,0.0,0.0,2.0,10,7,1
123004,16,2,3,17,8,3,0,1,1,1,2,24,2,2,0.0,0.0,0.0,0.0,0.0,2.0,17,7,9
31900,15,7,3,17,8,3,6,1,1,1,2,39,2,2,0.0,0.0,0.0,0.0,0.0,2.0,12,6,3
73544,16,2,3,17,8,3,0,1,0,1,2,6,2,2,0.0,0.0,0.0,0.0,0.0,3.0,17,5,6
132297,16,2,3,9,6,3,0,1,0,1,2,21,2,3,1.0,0.0,0.0,1.0,0.0,1.0,16,5,9
78850,15,2,1,0,11,3,0,1,1,1,2,18,2,2,0.0,0.0,0.0,0.0,0.0,2.0,22,5,6
104542,16,11,3,10,8,3,5,1,1,1,1,19,2,2,0.0,0.0,0.0,0.0,0.0,3.0,16,4,8
25300,16,2,0,10,2,3,0,1,1,1,1,19,2,2,0.0,0.0,0.0,0.0,0.0,2.0,18,6,2
12438,4,2,3,10,2,3,0,1,1,0,0,36,2,2,0.0,0.0,0.0,0.0,0.0,7.0,8,6,1
138122,15,2,3,0,15,3,0,1,0,1,2,18,3,2,0.0,0.0,0.0,0.0,0.0,2.0,7,3,10
136601,15,3,3,0,11,3,0,1,0,1,2,18,3,2,0.0,0.0,0.0,0.0,0.0,3.0,15,7,9
76107,16,3,2,17,2,3,6,5,0,1,2,6,3,3,3.0,0.0,0.0,1.0,2.0,2.0,5,7,6
112271,15,2,3,0,6,3,0,1,0,1,2,18,2,2,0.0,0.0,0.0,0.0,0.0,4.0,17,3,8
38193,16,2,3,15,8,3,1,1,1,1,2,36,2,2,0.0,0.0,0.0,0.0,0.0,2.0,8,1,3
76847,16,2,3,15,11,3,0,1,1,1,2,36,2,2,0.0,0.0,0.0,0.0,0.0,4.0,17,5,6
126611,16,2,3,10,8,3,0,1,1,1,1,36,3,2,0.0,0.0,0.0,0.0,0.0,3.0,13,3,9
22741,16,7,1,17,6,3,6,1,0,1,2,18,2,2,0.0,0.0,0.0,0.0,0.0,2.0,22,2,2
8268,16,10,1,10,2,3,4,5,1,1,1,19,2,2,0.0,0.0,0.0,0.0,0.0,3.0,16,6,1
88854,16,2,3,17,8,3,0,1,1,1,2,36,2,2,0.0,0.0,0.0,0.0,0.0,4.0,14,3,7
103417,16,2,1,15,2,3,0,1,1,1,1,23,2,2,0.0,0.0,0.0,0.0,0.0,3.0,0,1,7
108958,16,2,1,17,8,3,0,1,0,1,2,36,3,2,0.0,0.0,0.0,0.0,0.0,3.0,4,2,8
124807,15,2,3,17,6,3,0,5,0,1,2,17,2,3,1.0,0.0,0.0,1.0,0.0,1.0,16,6,9
94436,16,2,3,17,8,3,0,1,1,1,0,18,2,2,0.0,0.0,0.0,0.0,0.0,2.0,12,5,7
68353,16,2,3,15,8,3,0,1,1,1,1,22,2,2,0.0,0.0,0.0,0.0,0.0,2.0,15,3,5
188158,16,2,3,17,8,3,4,1,0,1,1,19,2,4,2.0,0.0,0.0,0.0,2.0,1.0,12,7,12
127865,16,2,3,17,2,3,0,5,1,1,1,22,2,2,0.0,0.0,0.0,0.0,0.0,2.0,18,6,9
122362,15,2,3,0,6,3,0,1,0,1,2,17,2,2,0.0,0.0,0.0,0.0,0.0,3.0,15,4,9
26883,15,10,3,10,10,3,1,1,1,1,1,39,2,2,0.0,0.0,0.0,0.0,0.0,2.0,7,4,2
17932,15,2,1,0,8,3,0,1,1,1,1,36,2,2,0.0,0.0,0.0,0.0,0.0,3.0,18,5,2
140452,4,7,1,14,8,3,6,6,1,0,2,36,2,2,0.0,0.0,0.0,0.0,0.0,2.0,20,5,10
93116,16,2,1,17,6,3,0,1,0,1,2,17,2,4,2.0,0.0,0.0,0.0,2.0,1.0,21,5,7
119400,16,2,3,10,8,3,0,1,0,1,2,36,2,4,2.0,0.0,0.0,0.0,2.0,1.0,13,3,8
145713,17,11,5,15,2,3,5,5,1,1,2,36,2,2,0.0,0.0,0.0,0.0,0.0,3.0,16,2,10
1878,4,2,3,17,18,3,0,1,0,1,2,36,2,1,1.0,0.0,1.0,0.0,0.0,1.0,11,5,1
50046,4,2,3,17,8,3,0,1,0,1,2,18,2,2,0.0,0.0,0.0,0.0,0.0,3.0,10,7,4
62262,16,2,3,10,2,3,0,1,1,0,1,19,2,2,0.0,0.0,0.0,0.0,0.0,2.0,17,4,5
158861,4,2,3,17,6,3,0,1,0,1,2,24,2,2,0.0,0.0,0.0,0.0,0.0,2.0,15,6,11
53045,16,2,3,10,2,3,0,1,1,1,2,37,2,2,0.0,0.0,0.0,0.0,0.0,2.0,19,4,4
149595,16,2,1,10,8,3,0,1,1,1,2,19,2,2,0.0,0.0,0.0,0.0,0.0,2.0,18,7,10
120868,4,2,3,10,2,3,0,5,1,1,2,26,2,2,0.0,0.0,0.0,0.0,0.0,2.0,15,5,9
96017,4,7,0,17,8,3,6,1,0,0,2,26,2,2,0.0,0.0,0.0,0.0,0.0,2.0,0,3,7
158258,4,2,3,8,10,3,0,1,0,0,2,17,2,3,1.0,0.0,0.0,1.0,0.0,2.0,10,3,11
131906,16,2,1,0,8,3,0,1,0,1,2,36,2,3,1.0,0.0,0.0,1.0,0.0,3.0,20,5,9
161640,16,7,3,10,6,3,6,1,1,1,2,19,2,2,0.0,0.0,0.0,0.0,0.0,2.0,8,5,11
47011,15,2,1,0,6,3,0,1,0,1,2,5,2,4,3.0,0.0,0.0,0.0,3.0,2.0,20,3,4
58643,15,2,3,0,6,3,0,1,0,1,2,17,2,2,0.0,0.0,0.0,0.0,0.0,2.0,15,4,5
185827,16,2,1,17,8,3,0,1,0,1,2,18,2,3,2.0,0.0,0.0,1.0,1.0,1.0,2,6,12
150589,16,2,3,7,2,3,0,1,1,0,1,2,2,2,0.0,0.0,0.0,0.0,0.0,1.0,12,4,10
162733,16,2,3,17,8,3,0,1,1,1,2,36,2,2,0.0,0.0,0.0,0.0,0.0,2.0,9,6,11
3504,16,2,1,0,8,3,0,1,1,1,2,6,2,2,0.0,0.0,0.0,0.0,0.0,2.0,16,3,1
112734,4,2,1,7,6,3,0,1,0,1,2,17,3,2,0.0,0.0,0.0,0.0,0.0,1.0,20,2,8
31071,16,10,1,17,8,3,6,1,0,1,2,18,2,1,6.0,0.0,1.0,5.0,0.0,0.0,0,4,3
143885,16,2,3,9,8,3,0,1,0,1,2,38,3,1,1.0,0.0,1.0,0.0,0.0,2.0,6,4,10
47923,4,2,3,17,8,3,0,5,0,1,2,24,2,1,1.0,0.0,1.0,0.0,0.0,2.0,16,5,4
186298,16,2,3,0,8,3,0,1,0,1,2,36,2,3,2.0,0.0,0.0,2.0,0.0,0.0,8,1,12
10830,4,2,3,0,6,3,0,1,0,1,2,18,2,2,0.0,0.0,0.0,0.0,0.0,4.0,15,7,1
37347,16,2,3,0,6,3,0,1,0,1,2,18,2,3,1.0,0.0,0.0,1.0,0.0,1.0,13,7,3
143265,16,2,1,10,3,3,5,5,0,1,2,36,2,4,1.0,0.0,0.0,0.0,1.0,1.0,12,3,10
49882,16,2,3,10,8,3,6,1,1,1,2,19,2,2,0.0,0.0,0.0,0.0,0.0,2.0,16,4,4
123173,15,11,5,0,6,3,5,5,0,1,1,18,2,4,2.0,0.0,0.0,0.0,2.0,1.0,17,3,9
85363,16,7,1,17,18,3,6,1,0,1,2,36,2,2,0.0,0.0,0.0,0.0,0.0,2.0,21,4,6
16926,15,2,3,17,10,3,1,1,1,1,1,18,2,2,0.0,0.0,0.0,0.0,0.0,2.0,8,2,2
112757,4,2,3,0,10,3,0,1,0,1,2,18,2,3,2.0,0.0,0.0,2.0,0.0,3.0,15,3,8
103625,4,2,3,8,7,3,0,1,1,1,2,36,2,2,0.0,0.0,0.0,0.0,0.0,2.0,18,6,7
154686,15,2,3,0,8,3,6,1,0,1,2,18,3,2,0.0,0.0,0.0,0.0,0.0,4.0,12,4,10
44093,16,2,3,17,2,3,0,1,1,1,1,12,2,2,0.0,0.0,0.0,0.0,0.0,3.0,13,3,4
65419,4,2,3,17,2,3,0,1,1,1,2,22,2,2,0.0,0.0,0.0,0.0,0.0,2.0,9,5,5
115671,15,2,3,0,2,5,0,5,1,1,1,5,2,2,0.0,0.0,0.0,0.0,0.0,2.0,15,5,8
53759,15,2,1,17,19,3,0,1,1,1,2,5,2,2,0.0,0.0,0.0,0.0,0.0,2.0,22,2,4
178904,16,10,3,10,8,3,4,1,1,1,2,19,2,2,0.0,0.0,0.0,0.0,0.0,2.0,13,4,12
176223,15,2,0,10,6,4,0,4,0,1,1,36,2,2,0.0,0.0,0.0,0.0,0.0,2.0,1,4,12
145668,16,7,2,17,6,3,6,1,0,1,2,23,2,2,0.0,0.0,0.0,0.0,0.0,2.0,7,7,10
89104,16,2,4,0,2,3,0,1,0,1,2,6,2,4,2.0,0.0,0.0,0.0,2.0,2.0,20,7,7
104088,4,2,3,10,2,3,0,1,1,1,2,19,2,2,0.0,0.0,0.0,0.0,0.0,2.0,15,5,8
127218,4,2,3,10,8,3,6,1,1,1,2,9,2,2,0.0,0.0,0.0,0.0,0.0,2.0,8,4,9
35277,16,2,2,9,6,3,5,5,0,1,0,18,2,4,1.0,0.0,0.0,0.0,1.0,1.0,6,6,3
140321,6,2,1,17,15,3,5,5,1,1,2,26,2,2,0.0,0.0,0.0,0.0,0.0,2.0,18,5,10
64632,16,2,3,15,2,3,0,1,0,1,1,22,2,2,0.0,0.0,0.0,0.0,0.0,3.0,17,6,5
125286,16,2,3,17,8,3,5,5,1,1,1,36,2,2,0.0,0.0,0.0,0.0,0.0,2.0,7,6,9
55781,15,2,3,0,6,3,0,1,1,1,2,12,2,2,0.0,0.0,0.0,0.0,0.0,2.0,9,6,4
23158,15,10,3,17,8,3,4,1,0,1,2,30,2,2,0.0,0.0,0.0,0.0,0.0,2.0,7,2,2
70679,16,2,3,8,8,3,0,1,1,1,0,18,2,2,0.0,0.0,0.0,0.0,0.0,2.0,7,3,5
156851,16,2,3,0,6,3,0,1,0,1,2,6,2,4,1.0,0.0,0.0,0.0,1.0,1.0,8,7,11
126144,16,2,3,15,3,3,0,1,1,1,2,22,2,2,0.0,0.0,0.0,0.0,0.0,2.0,8,3,9
124673,16,2,3,0,8,3,0,1,0,1,2,36,2,3,1.0,0.0,0.0,1.0,0.0,1.0,6,4,9
185323,4,2,3,15,3,3,0,1,1,1,1,18,2,2,0.0,0.0,0.0,0.0,0.0,3.0,15,2,12
126233,4,2,3,17,8,3,0,1,1,1,2,18,2,2,0.0,0.0,0.0,0.0,0.0,2.0,11,4,9
86540,16,2,3,0,6,3,0,1,0,1,1,36,2,2,0.0,0.0,0.0,0.0,0.0,3.0,13,3,6
182827,15,2,1,0,6,3,0,1,0,1,2,6,2,4,2.0,0.0,0.0,0.0,2.0,4.0,21,1,12
46760,15,2,3,9,8,3,0,1,0,1,0,18,2,3,1.0,0.0,0.0,1.0,0.0,1.0,8,4,4
129076,16,2,1,0,6,3,0,1,0,1,2,6,2,2,0.0,0.0,0.0,0.0,0.0,2.0,13,2,9
101679,16,2,3,17,15,3,0,1,1,1,0,24,2,2,0.0,0.0,0.0,0.0,0.0,2.0,13,5,7
118866,16,2,3,10,2,3,0,1,1,1,2,17,3,2,0.0,0.0,0.0,0.0,0.0,3.0,8,3,8
60059,15,2,3,17,11,3,0,1,1,1,2,18,2,2,0.0,0.0,0.0,0.0,0.0,2.0,15,4,5
123563,4,2,3,0,8,3,6,1,0,1,2,36,2,2,0.0,0.0,0.0,0.0,0.0,2.0,12,1,9
89940,4,2,3,10,2,3,0,1,1,1,2,19,2,2,0.0,0.0,0.0,0.0,0.0,2.0,11,5,7
81300,16,2,3,0,6,3,0,1,0,1,2,36,2,3,1.0,0.0,0.0,1.0,0.0,1.0,8,7,6
73984,16,2,3,10,8,3,0,1,0,1,2,36,2,4,1.0,0.0,0.0,0.0,1.0,1.0,13,4,6
135550,4,7,3,0,3,3,6,5,1,1,2,18,2,2,0.0,0.0,0.0,0.0,0.0,2.0,11,6,9
18879,4,2,3,10,8,3,0,1,1,1,2,19,2,2,0.0,0.0,0.0,0.0,0.0,2.0,9,7,2
9781,15,2,2,0,8,3,0,5,1,1,2,12,2,2,0.0,0.0,0.0,0.0,0.0,2.0,14,4,1
67401,17,2,0,0,8,3,0,1,0,1,2,18,2,2,0.0,0.0,0.0,0.0,0.0,4.0,0,1,5
81918,16,2,1,17,2,3,0,5,0,1,2,36,2,2,0.0,0.0,0.0,0.0,0.0,5.0,21,1,6
135192,16,2,3,17,6,3,0,1,1,1,1,12,2,2,0.0,0.0,0.0,0.0,0.0,2.0,15,3,9
26306,4,2,1,15,2,3,0,1,1,1,2,36,2,2,0.0,0.0,0.0,0.0,0.0,2.0,21,2,2
144959,16,2,3,0,8,3,5,5,1,1,2,36,2,2,0.0,0.0,0.0,0.0,0.0,4.0,11,4,10
48496,16,2,3,17,6,3,0,5,1,1,2,18,3,2,0.0,0.0,0.0,0.0,0.0,4.0,18,1,4
144437,15,7,1,17,2,3,6,1,0,1,2,18,2,4,2.0,0.0,0.0,0.0,2.0,2.0,22,4,10
40594,16,2,3,5,17,3,0,5,1,1,2,36,1,2,0.0,0.0,0.0,0.0,0.0,4.0,17,3,3
166866,15,2,0,0,8,3,0,1,1,1,2,18,2,2,0.0,0.0,0.0,0.0,0.0,2.0,4,2,11
18793,16,2,3,15,3,3,0,5,1,1,2,36,2,2,0.0,0.0,0.0,0.0,0.0,2.0,12,5,2
109043,16,7,1,10,6,3,6,1,1,1,1,39,3,2,0.0,0.0,0.0,0.0,0.0,3.0,20,3,8
161441,15,2,0,0,8,3,0,1,1,1,2,36,2,2,0.0,0.0,0.0,0.0,0.0,2.0,17,1,11
72899,15,2,3,0,11,3,0,1,0,1,2,18,2,2,0.0,0.0,0.0,0.0,0.0,3.0,16,1,6
81560,4,2,3,17,2,3,0,1,0,1,2,18,2,3,2.0,0.0,0.0,2.0,0.0,1.0,18,3,6
74291,15,2,3,17,15,3,0,1,0,1,2,18,2,2,0.0,0.0,0.0,0.0,0.0,4.0,17,2,6
153344,17,11,5,17,6,3,2,5,0,1,2,36,2,4,1.0,0.0,0.0,0.0,1.0,1.0,0,1,10
142367,16,2,3,9,6,3,0,1,0,1,1,6,2,1,1.0,0.0,1.0,0.0,0.0,1.0,14,4,10
179966,16,2,1,17,8,3,0,5,1,1,2,22,2,2,0.0,0.0,0.0,0.0,0.0,2.0,19,5,12