crash_date,               traffic_control_device,weather_condition,lighting_condition,first_crash_type,trafficway_type,alignment,roadway_surface_cond,road_defect,crash_type,intersection_related_i,damage,prim_contributory_cause,num_units,most_severe_injury,injuries_total,injuries_fatal,injuries_incapacitating,injuries_non_incapacitating,injuries_reported_not_evident,injuries_no_indication,crash_hour,crash_day_of_week,crash_month
117996,16,2,3,9,8,3,0,1,0,1,0,18,2,1,1.0,0.0,1.0,0.0,0.0,1.0,17,6,8
188373,15,2,3,17,6,3,0,1,0,1,2,5,3,4,1.0,0.0,0.0,0.0,1.0,1.0,12,5,12
137860,16,2,3,17,6,3,0,1,1,1,2,22,2,2,0.0,0.0,0.0,0.0,0.0,2.0,13,6,10
138473,16,7,4,17,8,3,6,1,1,1,0,36,2,2,0.0,0.0,0.0,0.0,0.0,2.0,16,7,10
119577,16,2,3,17,6,3,0,1,0,1,2,36,2,3,1.0,0.0,0.0,1.0,0.0,2.0,10,6,8
179118,15,2,3,0,8,3,0,1,1,1,2,5,2,2,0.0,0.0,0.0,0.0,0.0,3.0,9,6,12
17489,4,10,1,15,8,3,5,5,1,1,2,23,2,2,0.0,0.0,0.0,0.0,0.0,3.0,17,5,2
151896,15,7,3,0,6,3,6,1,0,1,2,5,2,4,1.0,0.0,0.0,0.0,1.0,1.0,15,3,10
119776,16,2,1,17,6,4,0,1,1,1,2,24,2,2,0.0,0.0,0.0,0.0,0.0,5.0,20,3,8
116651,4,2,1,17,8,3,0,1,1,0,2,26,2,2,0.0,0.0,0.0,0.0,0.0,3.0,22,7,8
165351,15,7,3,0,2,3,6,1,1,1,2,36,2,2,0.0,0.0,0.0,0.0,0.0,2.0,13,7,11
151235,16,2,1,10,6,3,0,1,1,1,2,28,2,2,0.0,0.0,0.0,0.0,0.0,3.0,3,1,10
18009,16,2,1,15,10,3,0,1,1,1,2,22,2,2,0.0,0.0,0.0,0.0,0.0,2.0,19,6,2
44284,16,2,3,17,6,3,0,1,1,1,2,6,2,2,0.0,0.0,0.0,0.0,0.0,2.0,14,2,4
88199,4,2,1,17,15,3,0,1,0,1,2,18,2,2,0.0,0.0,0.0,0.0,0.0,2.0,21,7,7
25277,16,2,3,9,2,3,0,1,0,1,0,18,2,3,1.0,0.0,0.0,1.0,0.0,1.0,13,6,2
99060,15,2,3,8,2,3,0,1,0,1,2,18,2,3,1.0,0.0,0.0,1.0,0.0,4.0,9,6,7
88058,16,2,3,15,8,3,0,1,1,1,1,22,2,2,0.0,0.0,0.0,0.0,0.0,2.0,16,5,7
109960,16,2,3,17,2,3,0,1,1,1,2,22,2,2,0.0,0.0,0.0,0.0,0.0,3.0,14,2,8
77458,16,2,1,0,8,3,0,1,0,1,2,6,2,2,0.0,0.0,0.0,0.0,0.0,3.0,23,7,6
165835,15,5,3,0,6,3,6,1,0,1,2,36,3,4,1.0,0.0,0.0,0.0,1.0,4.0,15,2,11
143257,15,2,3,0,8,3,0,1,1,1,2,36,2,2,0.0,0.0,0.0,0.0,0.0,2.0,10,3,10
179867,16,7,0,10,10,3,6,5,1,1,2,36,3,2,0.0,0.0,0.0,0.0,0.0,3.0,16,4,12
145828,16,2,1,0,8,3,0,1,0,1,2,20,2,4,2.0,0.0,0.0,0.0,2.0,0.0,19,1,10
138729,16,2,3,10,8,3,0,1,1,1,2,19,2,2,0.0,0.0,0.0,0.0,0.0,3.0,12,4,10
165068,15,2,1,0,6,3,0,1,0,1,2,5,2,2,0.0,0.0,0.0,0.0,0.0,2.0,18,4,11
119335,4,2,3,14,6,3,0,3,0,1,2,28,2,2,0.0,0.0,0.0,0.0,0.0,3.0,16,5,8
118026,16,2,3,10,6,3,0,1,1,1,2,19,2,2,0.0,0.0,0.0,0.0,0.0,2.0,23,6,8
178751,16,2,3,17,6,3,0,1,1,1,2,18,2,2,0.0,0.0,0.0,0.0,0.0,2.0,6,3,12
10554,15,7,1,7,8,3,6,1,0,1,2,36,3,2,0.0,0.0,0.0,0.0,0.0,1.0,4,2,1
172544,16,2,3,9,3,3,0,1,0,1,1,18,2,3,1.0,0.0,0.0,1.0,0.0,1.0,8,5,12
95318,15,7,3,0,2,3,6,5,0,1,2,18,2,2,0.0,0.0,0.0,0.0,0.0,2.0,15,6,7
15254,16,2,3,10,2,3,0,1,1,1,1,19,2,2,0.0,0.0,0.0,0.0,0.0,2.0,16,7,2
72790,16,11,5,10,6,3,5,5,1,1,2,36,2,2,0.0,0.0,0.0,0.0,0.0,2.0,19,1,6
140646,16,2,1,17,1,3,0,1,1,1,2,36,2,2,0.0,0.0,0.0,0.0,0.0,2.0,21,1,10
50172,16,2,3,10,8,3,0,1,0,1,0,19,2,2,0.0,0.0,0.0,0.0,0.0,2.0,17,3,4
116131,15,2,3,8,8,3,0,5,0,1,1,36,2,3,1.0,0.0,0.0,1.0,0.0,1.0,12,6,8
146467,4,2,3,17,8,3,0,1,0,1,0,22,2,3,1.0,0.0,0.0,1.0,0.0,2.0,17,3,10
162449,16,2,1,10,3,3,0,1,1,1,2,36,3,2,0.0,0.0,0.0,0.0,0.0,7.0,17,1,11
112409,16,2,3,17,8,3,0,5,1,1,2,36,2,2,0.0,0.0,0.0,0.0,0.0,2.0,6,6,8
97891,16,2,3,10,2,3,0,1,1,0,2,36,3,2,0.0,0.0,0.0,0.0,0.0,4.0,13,3,7
134049,4,2,1,2,8,3,0,1,0,0,2,37,2,2,0.0,0.0,0.0,0.0,0.0,1.0,23,1,9
159774,16,2,3,17,8,3,0,1,0,1,2,22,2,2,0.0,0.0,0.0,0.0,0.0,2.0,8,4,11
115542,16,2,3,17,6,3,0,1,1,1,2,24,2,2,0.0,0.0,0.0,0.0,0.0,2.0,15,5,8
4530,16,7,1,2,6,3,6,1,0,1,2,36,1,2,0.0,0.0,0.0,0.0,0.0,1.0,1,6,1
160814,16,2,3,17,8,3,0,1,1,1,2,18,2,2,0.0,0.0,0.0,0.0,0.0,2.0,7,5,11
16198,15,10,0,0,10,3,6,1,0,1,2,36,2,3,1.0,0.0,0.0,1.0,0.0,4.0,19,4,2
134178,15,2,3,14,8,3,0,1,1,1,2,36,2,2,0.0,0.0,0.0,0.0,0.0,2.0,16,2,9
47039,16,3,3,0,6,3,0,1,0,1,2,6,2,2,0.0,0.0,0.0,0.0,0.0,2.0,15,5,4
24890,16,2,3,17,1,3,0,1,0,1,2,36,2,2,0.0,0.0,0.0,0.0,0.0,2.0,12,5,2
147847,16,7,3,17,15,3,5,5,1,1,0,18,2,2,0.0,0.0,0.0,0.0,0.0,2.0,12,3,10
66097,15,7,3,0,8,3,6,1,0,1,2,18,2,2,0.0,0.0,0.0,0.0,0.0,2.0,14,2,5
90348,16,2,3,17,10,3,0,1,1,1,1,23,2,2,0.0,0.0,0.0,0.0,0.0,2.0,20,6,7
90926,16,2,3,15,8,3,0,1,1,1,0,23,2,2,0.0,0.0,0.0,0.0,0.0,2.0,20,6,7
104459,16,2,3,10,8,3,0,1,1,1,2,19,2,2,0.0,0.0,0.0,0.0,0.0,2.0,16,5,8
37803,16,2,3,0,6,3,0,1,1,1,2,6,2,2,0.0,0.0,0.0,0.0,0.0,2.0,6,1,3
25204,16,2,3,17,1,3,0,1,0,1,2,18,2,4,1.0,0.0,0.0,0.0,1.0,1.0,8,5,2
150135,15,2,3,17,15,3,0,1,1,1,2,18,2,2,0.0,0.0,0.0,0.0,0.0,2.0,16,7,10
97559,15,2,3,0,6,3,0,5,1,1,2,36,2,2,0.0,0.0,0.0,0.0,0.0,2.0,10,4,7
56883,16,2,3,17,6,3,0,5,1,1,2,24,2,2,0.0,0.0,0.0,0.0,0.0,2.0,11,3,5
1020,16,2,3,0,8,3,0,1,0,1,2,36,2,4,1.0,0.0,0.0,0.0,1.0,1.0,16,4,1
29122,15,2,1,0,6,3,0,5,0,1,2,36,2,2,0.0,0.0,0.0,0.0,0.0,4.0,22,7,3
44390,15,3,3,17,8,3,0,1,1,1,1,18,2,2,0.0,0.0,0.0,0.0,0.0,2.0,17,4,4
70351,15,2,2,0,6,3,0,1,0,1,2,36,2,2,0.0,0.0,0.0,0.0,0.0,2.0,6,6,5
144342,15,2,1,0,8,3,0,1,1,1,2,18,2,2,0.0,0.0,0.0,0.0,0.0,4.0,19,3,10
57940,4,2,3,17,11,3,0,1,1,1,2,23,2,2,0.0,0.0,0.0,0.0,0.0,2.0,18,5,5
56731,15,2,3,17,15,4,0,1,1,1,2,12,2,2,0.0,0.0,0.0,0.0,0.0,3.0,15,1,5
112613,16,2,3,10,2,3,6,1,1,1,2,36,2,2,0.0,0.0,0.0,0.0,0.0,3.0,13,7,8
85345,16,2,3,10,3,3,0,1,1,1,1,23,2,2,0.0,0.0,0.0,0.0,0.0,2.0,8,4,6
54417,16,2,3,10,6,3,0,1,1,1,1,30,2,2,0.0,0.0,0.0,0.0,0.0,2.0,8,5,4
48195,4,10,3,0,0,3,4,2,0,1,1,18,2,4,3.0,0.0,0.0,0.0,3.0,1.0,17,1,4
63380,15,2,3,0,8,3,0,5,0,1,2,18,2,3,4.0,0.0,0.0,3.0,1.0,0.0,19,7,5
30879,4,2,1,10,8,3,0,1,0,1,2,32,3,3,2.0,0.0,0.0,2.0,0.0,1.0,20,2,3
150277,17,2,1,7,17,3,0,5,1,1,2,36,2,2,0.0,0.0,0.0,0.0,0.0,1.0,20,3,10
50597,4,2,3,15,13,0,0,1,1,0,2,23,2,2,0.0,0.0,0.0,0.0,0.0,2.0,14,4,4
181746,16,2,1,0,6,3,0,1,0,1,2,6,2,2,0.0,0.0,0.0,0.0,0.0,6.0,18,1,12
183871,16,2,1,17,5,3,0,1,1,1,2,18,2,2,0.0,0.0,0.0,0.0,0.0,2.0,21,2,12
999,4,2,1,2,8,3,0,1,0,0,2,28,1,4,1.0,0.0,0.0,0.0,1.0,0.0,23,3,1
113028,16,2,1,15,10,3,0,1,1,1,0,26,2,2,0.0,0.0,0.0,0.0,0.0,2.0,20,5,8
19504,16,10,3,15,8,3,4,1,1,1,2,23,2,2,0.0,0.0,0.0,0.0,0.0,2.0,8,5,2
172451,15,2,4,15,2,3,0,1,0,1,2,18,2,3,1.0,0.0,0.0,1.0,0.0,1.0,17,4,12
149988,16,2,3,0,6,3,0,1,0,1,2,36,2,3,2.0,0.0,0.0,2.0,0.0,2.0,16,5,10
121633,16,2,3,0,2,3,0,1,1,1,1,36,2,2,0.0,0.0,0.0,0.0,0.0,2.0,14,7,9
85255,16,2,3,15,2,3,0,1,1,1,2,23,2,2,0.0,0.0,0.0,0.0,0.0,2.0,17,3,6
181245,15,2,1,0,6,3,0,1,1,1,2,18,2,2,0.0,0.0,0.0,0.0,0.0,2.0,17,2,12
62736,15,2,3,17,6,3,0,1,1,1,1,5,2,2,0.0,0.0,0.0,0.0,0.0,2.0,18,3,5
6043,15,2,1,0,8,3,0,1,1,1,1,5,2,2,0.0,0.0,0.0,0.0,0.0,3.0,17,7,1
116181,16,2,3,10,8,3,0,1,1,1,1,36,2,2,0.0,0.0,0.0,0.0,0.0,2.0,18,5,8
107264,16,2,1,15,13,3,0,1,1,1,2,36,2,2,0.0,0.0,0.0,0.0,0.0,2.0,4,3,8
68451,15,2,1,13,8,3,0,1,1,1,2,18,2,2,0.0,0.0,0.0,0.0,0.0,2.0,21,4,5
182105,16,2,1,17,6,3,0,1,0,1,2,6,2,2,0.0,0.0,0.0,0.0,0.0,2.0,23,4,12
144883,15,2,3,0,6,3,0,1,1,1,2,5,2,2,0.0,0.0,0.0,0.0,0.0,2.0,10,3,10
177220,16,2,3,17,2,3,0,1,0,1,2,18,2,3,1.0,0.0,0.0,1.0,0.0,1.0,14,2,12
63656,16,2,3,17,8,3,0,1,1,1,1,36,2,2,0.0,0.0,0.0,0.0,0.0,3.0,18,4,5
187774,15,10,1,7,10,3,4,1,1,1,1,39,2,2,0.0,0.0,0.0,0.0,0.0,1.0,17,3,12
40809,16,2,3,10,8,3,0,1,0,1,2,17,2,4,1.0,0.0,0.0,0.0,1.0,1.0,11,1,3
174101,4,2,3,7,8,3,0,1,1,1,2,24,2,2,0.0,0.0,0.0,0.0,0.0,3.0,13,1,12
99075,16,2,1,0,4,3,0,5,1,1,1,6,2,2,0.0,0.0,0.0,0.0,0.0,2.0,23,6,7
80693,16,2,3,15,2,3,0,1,1,1,1,22,2,2,0.0,0.0,0.0,0.0,0.0,2.0,10,5,6
151056,16,2,3,17,8,3,0,1,1,1,1,36,2,2,0.0,0.0,0.0,0.0,0.0,2.0,13,4,10
1996,16,2,3,0,2,3,0,1,0,1,2,18,2,3,1.0,0.0,0.0,1.0,0.0,5.0,16,6,1
45156,15,2,3,17,6,3,0,1,0,1,2,17,2,2,0.0,0.0,0.0,0.0,0.0,2.0,10,4,4
101977,16,2,1,10,8,3,0,1,1,0,0,19,2,2,0.0,0.0,0.0,0.0,0.0,2.0,21,1,7
61069,16,2,3,17,2,3,0,1,0,1,2,18,2,1,1.0,0.0,1.0,0.0,0.0,1.0,7,5,5
166264,15,2,3,0,6,3,0,1,1,1,2,5,2,2,0.0,0.0,0.0,0.0,0.0,2.0,11,6,11
150688,4,2,3,17,8,3,0,1,0,1,2,36,2,4,1.0,0.0,0.0,0.0,1.0,1.0,16,7,10
72613,16,2,3,17,6,3,0,1,0,1,2,24,2,2,0.0,0.0,0.0,0.0,0.0,2.0,15,5,6
65383,16,2,3,10,8,3,0,1,0,1,2,17,2,3,1.0,0.0,0.0,1.0,0.0,1.0,17,5,5
5976,16,2,3,0,2,3,6,1,1,1,2,18,2,2,0.0,0.0,0.0,0.0,0.0,4.0,8,4,1
149821,4,7,1,9,2,3,6,1,0,1,2,18,2,1,1.0,0.0,1.0,0.0,0.0,1.0,23,1,10
34553,4,2,1,7,15,3,0,1,1,1,1,36,2,2,0.0,0.0,0.0,0.0,0.0,1.0,23,7,3
181364,15,2,1,2,1,5,0,1,0,1,2,15,1,2,0.0,0.0,0.0,0.0,0.0,2.0,0,1,12
90898,16,2,3,17,10,3,0,1,1,1,2,18,2,2,0.0,0.0,0.0,0.0,0.0,4.0,14,6,7
32161,15,7,3,10,8,3,6,1,1,1,2,36,2,2,0.0,0.0,0.0,0.0,0.0,3.0,11,2,3
151605,15,2,0,10,8,3,0,1,0,1,2,17,2,3,2.0,0.0,0.0,2.0,0.0,1.0,20,4,10
121437,16,2,3,10,8,3,0,1,0,1,2,19,2,3,1.0,0.0,0.0,1.0,0.0,1.0,15,6,9
161152,15,2,3,0,18,3,0,1,0,1,2,18,2,2,0.0,0.0,0.0,0.0,0.0,3.0,13,5,11
104910,15,2,3,0,6,3,0,1,0,1,2,5,2,4,1.0,0.0,0.0,0.0,1.0,1.0,11,3,8
115718,16,2,3,15,8,3,0,1,1,1,2,36,2,2,0.0,0.0,0.0,0.0,0.0,2.0,11,5,8
139417,4,2,3,17,8,3,0,1,1,1,1,36,2,2,0.0,0.0,0.0,0.0,0.0,2.0,15,5,10
120585,15,2,3,0,2,3,0,1,0,1,2,18,2,3,1.0,0.0,0.0,1.0,0.0,3.0,13,7,9
76364,15,2,3,0,6,3,0,1,0,1,2,6,2,2,0.0,0.0,0.0,0.0,0.0,2.0,20,5,6
115706,16,2,1,9,3,3,0,1,0,1,2,36,2,1,1.0,0.0,1.0,0.0,0.0,1.0,20,5,8
118962,16,2,3,10,8,3,0,1,1,1,1,6,2,2,0.0,0.0,0.0,0.0,0.0,2.0,14,5,8
3984,15,2,1,17,8,3,0,1,1,1,2,24,2,2,0.0,0.0,0.0,0.0,0.0,3.0,19,4,1
8777,15,2,1,9,8,3,0,1,0,1,1,6,2,1,1.0,0.0,1.0,0.0,0.0,1.0,19,6,1
124863,15,2,1,17,6,3,0,1,0,1,2,18,2,3,3.0,0.0,0.0,1.0,2.0,1.0,1,1,9
111070,16,2,3,17,6,3,0,1,0,1,2,6,2,3,1.0,0.0,0.0,1.0,0.0,1.0,13,6,8
55574,15,11,1,0,2,3,5,5,1,1,1,36,2,2,0.0,0.0,0.0,0.0,0.0,2.0,4,2,4
58199,15,2,3,0,8,3,0,5,1,1,2,18,2,2,0.0,0.0,0.0,0.0,0.0,2.0,17,4,5
23252,4,10,1,7,8,3,4,1,0,1,2,39,2,2,0.0,0.0,0.0,0.0,0.0,1.0,3,5,2
119155,16,2,3,17,8,3,5,1,1,1,2,36,2,2,0.0,0.0,0.0,0.0,0.0,6.0,18,1,8
118241,16,7,1,9,6,3,6,1,0,1,0,36,2,3,1.0,0.0,0.0,1.0,0.0,1.0,23,3,8
164933,15,2,1,9,8,3,0,1,1,1,0,26,3,2,0.0,0.0,0.0,0.0,0.0,3.0,2,1,11
171352,16,2,1,0,6,3,0,1,1,1,2,36,2,2,0.0,0.0,0.0,0.0,0.0,2.0,23,1,11
116777,16,7,1,17,10,3,6,1,0,1,2,6,2,2,0.0,0.0,0.0,0.0,0.0,2.0,5,7,8
151829,4,2,1,10,8,3,6,1,1,1,2,19,2,2,0.0,0.0,0.0,0.0,0.0,3.0,18,2,10
67399,16,2,3,10,8,3,5,5,1,1,2,36,2,2,0.0,0.0,0.0,0.0,0.0,3.0,12,1,5
1901,16,11,5,10,6,3,5,5,1,1,2,17,2,2,0.0,0.0,0.0,0.0,0.0,3.0,17,7,1
154755,16,2,3,0,2,3,0,1,1,1,1,13,2,2,0.0,0.0,0.0,0.0,0.0,3.0,11,6,10
98571,15,2,3,5,10,3,0,1,0,1,2,36,1,2,0.0,0.0,0.0,0.0,0.0,1.0,11,5,7
38423,16,2,3,10,6,3,5,1,1,1,2,19,2,2,0.0,0.0,0.0,0.0,0.0,4.0,10,6,3
83736,15,2,3,9,10,3,0,1,1,1,1,18,2,2,0.0,0.0,0.0,0.0,0.0,2.0,5,7,6
74450,16,2,3,15,2,3,0,1,1,1,2,22,2,2,0.0,0.0,0.0,0.0,0.0,2.0,17,3,6
123382,16,7,3,0,11,3,6,1,0,1,2,36,2,3,1.0,0.0,0.0,1.0,0.0,1.0,17,5,9
132721,16,2,3,9,8,3,0,1,0,1,0,36,2,4,1.0,0.0,0.0,0.0,1.0,1.0,11,3,9
55310,16,2,3,17,8,3,5,5,1,1,2,36,2,2,0.0,0.0,0.0,0.0,0.0,2.0,13,6,4
18344,15,2,3,17,2,3,4,1,0,1,2,38,2,3,1.0,0.0,0.0,1.0,0.0,1.0,8,5,2
105295,16,2,3,8,6,3,0,1,0,0,0,28,2,3,1.0,0.0,0.0,1.0,0.0,1.0,6,2,8
84701,16,2,3,17,1,3,0,1,1,1,2,6,3,2,0.0,0.0,0.0,0.0,0.0,9.0,14,1,6
53684,16,2,3,9,6,3,0,1,0,1,0,18,2,3,1.0,0.0,0.0,1.0,0.0,1.0,17,1,4
9135,15,2,1,0,2,3,0,1,1,1,2,5,2,2,0.0,0.0,0.0,0.0,0.0,2.0,4,5,1
49746,16,2,0,17,1,3,0,1,0,1,2,36,2,2,0.0,0.0,0.0,0.0,0.0,3.0,21,2,4
74636,16,2,4,10,2,3,0,1,0,1,2,19,2,4,3.0,0.0,0.0,0.0,3.0,4.0,19,7,6
169027,16,2,1,0,2,4,0,1,1,1,2,6,2,2,0.0,0.0,0.0,0.0,0.0,2.0,16,6,11
11483,15,2,1,0,2,3,0,1,1,1,2,18,2,2,0.0,0.0,0.0,0.0,0.0,3.0,17,4,1
165838,4,7,3,10,8,3,6,1,1,1,2,19,2,2,0.0,0.0,0.0,0.0,0.0,3.0,15,2,11
63986,16,2,2,15,6,3,0,1,1,1,1,36,2,2,0.0,0.0,0.0,0.0,0.0,2.0,21,3,5
186164,16,2,3,10,8,3,0,1,1,1,1,19,3,2,0.0,0.0,0.0,0.0,0.0,4.0,12,4,12
65151,16,2,3,0,11,3,0,1,1,1,2,6,2,2,0.0,0.0,0.0,0.0,0.0,4.0,16,7,5
133727,15,2,3,17,2,3,0,1,0,1,2,18,3,2,0.0,0.0,0.0,0.0,0.0,4.0,16,3,9
46497,15,2,3,17,8,3,6,1,1,1,1,24,2,2,0.0,0.0,0.0,0.0,0.0,3.0,18,7,4
116916,15,2,1,0,8,3,0,1,1,1,2,18,2,2,0.0,0.0,0.0,0.0,0.0,2.0,12,3,8
69304,15,7,3,0,6,3,6,1,0,1,2,6,3,3,2.0,0.0,0.0,1.0,1.0,7.0,18,2,5
55774,16,2,1,0,6,3,0,1,1,1,2,6,2,2,0.0,0.0,0.0,0.0,0.0,5.0,19,6,4
125868,16,2,1,17,6,3,0,1,0,1,2,18,2,2,0.0,0.0,0.0,0.0,0.0,2.0,21,7,9
104858,16,2,1,0,6,3,0,1,1,1,2,36,2,2,0.0,0.0,0.0,0.0,0.0,2.0,23,2,8
188979,15,10,1,2,15,3,6,1,0,1,2,28,1,3,1.0,0.0,0.0,1.0,0.0,1.0,16,1,12
18560,15,10,3,10,8,3,4,1,1,1,2,36,2,2,0.0,0.0,0.0,0.0,0.0,2.0,10,2,2
48449,16,2,3,15,8,3,0,1,1,1,2,22,2,2,0.0,0.0,0.0,0.0,0.0,2.0,11,6,4
187263,16,2,3,17,2,3,0,1,0,1,2,18,2,2,0.0,0.0,0.0,0.0,0.0,2.0,8,2,12
45821,4,6,3,7,10,3,1,5,1,1,2,39,2,2,0.0,0.0,0.0,0.0,0.0,1.0,10,7,4
72997,16,2,3,15,10,3,0,1,1,1,1,23,2,2,0.0,0.0,0.0,0.0,0.0,2.0,11,2,6
171990,16,2,3,15,6,3,5,5,1,1,1,23,2,2,0.0,0.0,0.0,0.0,0.0,3.0,9,4,11
30670,16,2,3,10,10,3,5,5,0,1,2,19,2,3,1.0,0.0,0.0,1.0,0.0,2.0,12,4,3
35988,16,2,0,0,6,3,0,1,0,1,2,6,2,2,0.0,0.0,0.0,0.0,0.0,2.0,20,3,3
131941,15,2,3,9,8,3,0,1,0,1,0,26,3,3,2.0,0.0,0.0,2.0,0.0,1.0,15,6,9
72606,4,11,3,17,8,3,5,1,1,1,1,18,2,2,0.0,0.0,0.0,0.0,0.0,3.0,14,5,6
55040,16,7,3,17,11,3,6,1,1,1,2,16,2,2,0.0,0.0,0.0,0.0,0.0,2.0,17,7,4
87519,15,7,1,0,3,3,6,1,0,1,2,18,2,4,1.0,0.0,0.0,0.0,1.0,5.0,2,4,6
158089,4,2,1,2,8,3,0,1,0,0,2,36,1,2,0.0,0.0,0.0,0.0,0.0,1.0,19,1,11
95064,16,2,2,3,1,3,0,1,0,1,2,22,2,2,0.0,0.0,0.0,0.0,0.0,3.0,4,1,7
38076,4,2,3,17,8,3,0,5,1,0,2,36,2,2,0.0,0.0,0.0,0.0,0.0,2.0,8,5,3
132753,16,2,1,7,2,3,0,1,0,1,2,13,3,2,0.0,0.0,0.0,0.0,0.0,2.0,18,4,9
132717,16,2,3,17,6,3,0,1,1,1,2,36,2,2,0.0,0.0,0.0,0.0,0.0,3.0,10,3,9
17030,16,10,1,10,3,3,6,1,0,1,2,19,2,2,0.0,0.0,0.0,0.0,0.0,2.0,17,4,2
105449,4,2,3,17,15,3,0,1,0,1,1,36,2,3,1.0,0.0,0.0,1.0,0.0,1.0,12,4,8
75499,16,2,3,10,3,3,0,1,1,1,2,19,2,2,0.0,0.0,0.0,0.0,0.0,2.0,14,4,6
131886,4,2,2,0,0,3,0,1,1,1,1,18,2,2,0.0,0.0,0.0,0.0,0.0,2.0,18,5,9
34898,16,2,1,17,8,3,0,1,0,1,2,18,3,3,1.0,0.0,0.0,1.0,0.0,4.0,19,5,3
64780,16,2,3,10,6,3,0,1,1,1,1,36,2,2,0.0,0.0,0.0,0.0,0.0,2.0,17,2,5
13233,16,2,3,10,3,3,4,1,1,1,1,19,2,2,0.0,0.0,0.0,0.0,0.0,2.0,7,6,1
182725,16,2,3,15,15,3,0,1,0,1,0,24,2,4,1.0,0.0,0.0,0.0,1.0,3.0,12,5,12
116847,15,2,1,0,6,3,0,1,0,1,2,5,2,2,0.0,0.0,0.0,0.0,0.0,2.0,22,1,8
175909,16,2,1,17,6,3,0,1,1,1,1,19,2,2,0.0,0.0,0.0,0.0,0.0,2.0,17,7,12
171109,16,2,1,10,8,3,0,5,1,1,1,36,2,2,0.0,0.0,0.0,0.0,0.0,2.0,17,1,11
46234,16,2,3,10,8,3,0,1,0,1,2,36,2,2,0.0,0.0,0.0,0.0,0.0,2.0,17,3,4
172126,16,2,1,17,6,3,0,5,0,1,1,24,2,2,0.0,0.0,0.0,0.0,0.0,2.0,21,7,11
123306,16,2,3,15,2,3,0,1,1,1,2,22,2,2,0.0,0.0,0.0,0.0,0.0,4.0,10,3,9
163935,16,2,1,0,2,3,0,1,1,1,2,6,2,2,0.0,0.0,0.0,0.0,0.0,2.0,20,2,11
12410,16,2,1,0,2,3,0,1,0,1,2,37,2,1,2.0,0.0,1.0,1.0,0.0,0.0,17,6,1
79747,16,2,3,17,2,3,0,5,1,1,1,36,2,2,0.0,0.0,0.0,0.0,0.0,2.0,14,5,6
3918,15,2,3,0,8,3,0,1,1,1,2,17,2,2,0.0,0.0,0.0,0.0,0.0,2.0,15,3,1
93541,16,2,3,10,2,3,0,1,1,1,1,19,2,2,0.0,0.0,0.0,0.0,0.0,2.0,9,5,7
152801,15,2,3,0,8,3,6,1,1,1,2,23,2,2,0.0,0.0,0.0,0.0,0.0,4.0,7,5,10
91485,4,2,3,17,8,3,0,1,1,1,2,21,2,2,0.0,0.0,0.0,0.0,0.0,2.0,15,1,7
90030,16,2,3,15,6,3,0,1,1,1,0,6,2,2,0.0,0.0,0.0,0.0,0.0,2.0,14,1,7
168641,16,3,1,17,3,3,6,1,0,1,1,24,2,3,2.0,0.0,0.0,1.0,1.0,1.0,22,5,11
4984,16,2,3,7,8,3,6,1,0,1,2,17,2,3,1.0,0.0,0.0,1.0,0.0,2.0,7,5,1
123113,16,2,3,0,2,3,0,5,0,1,2,36,2,3,2.0,0.0,0.0,2.0,0.0,1.0,12,1,9
21195,16,2,4,17,8,3,0,1,0,1,1,18,2,3,3.0,0.0,0.0,3.0,0.0,1.0,16,5,2
170021,16,10,1,0,2,3,4,1,1,1,2,6,2,2,0.0,0.0,0.0,0.0,0.0,4.0,20,1,11
106404,16,2,1,3,8,3,0,1,0,1,2,6,2,3,4.0,0.0,0.0,4.0,0.0,0.0,3,5,8
27332,4,2,3,17,8,3,0,1,1,1,2,18,2,2,0.0,0.0,0.0,0.0,0.0,2.0,15,5,2
182760,4,2,3,0,6,3,0,6,0,1,2,12,2,2,0.0,0.0,0.0,0.0,0.0,3.0,8,7,12
115370,16,2,3,17,6,3,0,1,0,1,2,18,2,3,2.0,0.0,0.0,2.0,0.0,3.0,17,1,8
159865,15,2,3,17,8,3,0,1,1,1,2,18,2,2,0.0,0.0,0.0,0.0,0.0,2.0,15,6,11
183139,16,2,1,17,8,3,6,1,0,1,2,18,2,2,0.0,0.0,0.0,0.0,0.0,3.0,16,5,12
77624,16,2,3,10,8,3,0,1,1,1,1,19,2,2,0.0,0.0,0.0,0.0,0.0,2.0,17,2,6
186192,15,2,1,17,8,3,0,1,0,1,2,18,2,3,1.0,0.0,0.0,1.0,0.0,1.0,17,5,12
141766,15,2,3,0,2,3,0,1,1,1,2,26,2,2,0.0,0.0,0.0,0.0,0.0,2.0,8,2,10
33252,15,2,3,0,6,3,0,1,1,1,2,18,2,2,0.0,0.0,0.0,0.0,0.0,2.0,6,7,3
166017,15,2,3,8,8,3,0,1,0,1,1,5,2,4,1.0,0.0,0.0,0.0,1.0,1.0,15,2,11
119175,4,2,3,17,0,3,0,1,1,1,2,18,2,2,0.0,0.0,0.0,0.0,0.0,2.0,10,1,8
184104,16,2,1,2,6,3,0,1,0,1,2,36,1,2,0.0,0.0,0.0,0.0,0.0,1.0,18,7,12
98398,4,3,3,3,8,3,0,1,0,1,2,28,3,2,0.0,0.0,0.0,0.0,0.0,4.0,17,3,7