crash_date,               traffic_control_device,weather_condition,lighting_condition,first_crash_type,trafficway_type,alignment,roadway_surface_cond,road_defect,crash_type,intersection_related_i,damage,prim_contributory_cause,num_units,most_severe_injury,injuries_total,injuries_fatal,injuries_incapacitating,injuries_non_incapacitating,injuries_reported_not_evident,injuries_no_indication,crash_hour,crash_day_of_week,crash_month
60740,15,7,3,0,6,3,6,1,0,1,2,5,2,3,1.0,0.0,0.0,1.0,0.0,3.0,16,1,5
106176,16,2,3,17,8,3,0,1,0,1,2,36,3,4,2.0,0.0,0.0,0.0,2.0,9.0,15,7,8
130867,16,2,3,17,8,3,0,1,1,1,1,36,2,2,0.0,0.0,0.0,0.0,0.0,2.0,12,5,9
64413,16,2,3,0,16,3,0,1,0,1,2,6,2,2,0.0,0.0,0.0,0.0,0.0,2.0,13,4,5
56381,15,3,3,0,10,3,6,1,0,1,2,11,2,3,1.0,0.0,0.0,1.0,0.0,5.0,18,2,5
25195,16,2,0,9,2,3,0,1,0,1,1,12,2,3,1.0,0.0,0.0,1.0,0.0,1.0,17,5,2
173890,16,2,3,7,6,3,0,1,1,1,1,26,2,2,0.0,0.0,0.0,0.0,0.0,1.0,13,4,12
117763,15,2,4,0,8,3,0,1,0,1,2,5,2,3,1.0,0.0,0.0,1.0,0.0,1.0,19,1,8
139092,16,2,3,17,8,3,6,1,1,1,2,39,2,2,0.0,0.0,0.0,0.0,0.0,3.0,16,1,10
31708,15,2,3,17,2,3,0,1,0,1,2,36,2,1,3.0,0.0,1.0,2.0,0.0,1.0,6,3,3
75699,4,2,3,0,11,3,0,1,0,1,2,18,2,2,0.0,0.0,0.0,0.0,0.0,2.0,14,2,6
93022,16,2,3,0,8,3,0,5,1,1,2,6,3,2,0.0,0.0,0.0,0.0,0.0,2.0,15,4,7
98809,15,2,1,17,11,3,0,1,1,1,2,36,2,2,0.0,0.0,0.0,0.0,0.0,2.0,21,1,7
81039,16,2,3,10,3,3,0,1,1,0,1,19,2,2,0.0,0.0,0.0,0.0,0.0,2.0,14,3,6
148711,16,2,3,15,8,3,0,1,1,1,0,18,2,2,0.0,0.0,0.0,0.0,0.0,2.0,10,6,10
50272,16,2,3,0,8,3,5,5,1,1,2,6,2,2,0.0,0.0,0.0,0.0,0.0,2.0,12,5,4
63975,15,2,3,0,8,3,0,1,0,1,2,18,2,2,0.0,0.0,0.0,0.0,0.0,2.0,7,3,5
160303,15,2,3,0,2,3,0,1,0,1,2,36,2,3,1.0,0.0,0.0,1.0,0.0,1.0,5,5,11
72596,16,2,0,17,8,3,0,1,1,1,2,36,2,2,0.0,0.0,0.0,0.0,0.0,2.0,12,4,6
38384,15,7,3,0,6,3,6,1,1,1,2,18,2,2,0.0,0.0,0.0,0.0,0.0,2.0,16,6,3
94604,16,2,4,0,2,3,0,1,0,1,2,6,3,3,4.0,0.0,0.0,4.0,0.0,1.0,20,7,7
159306,16,2,3,10,8,3,0,1,1,1,2,19,2,2,0.0,0.0,0.0,0.0,0.0,2.0,9,4,11
145578,16,2,3,15,8,3,0,1,1,1,2,23,2,2,0.0,0.0,0.0,0.0,0.0,2.0,7,6,10
153343,16,2,3,17,8,3,0,1,0,1,2,24,2,3,3.0,0.0,0.0,3.0,0.0,0.0,12,1,10
20342,4,2,3,7,8,3,6,1,1,0,0,23,2,2,0.0,0.0,0.0,0.0,0.0,1.0,14,6,2
66363,15,7,0,2,6,3,5,1,0,1,2,28,1,2,0.0,0.0,0.0,0.0,0.0,1.0,1,7,5
19363,16,3,3,10,8,3,0,1,1,1,0,19,2,2,0.0,0.0,0.0,0.0,0.0,4.0,11,1,2
173747,4,10,3,10,8,3,6,1,1,1,1,16,2,2,0.0,0.0,0.0,0.0,0.0,2.0,13,1,12
61354,15,2,3,15,11,3,0,1,1,1,2,23,2,2,0.0,0.0,0.0,0.0,0.0,2.0,17,4,5
153300,4,2,3,7,10,3,0,1,1,0,2,28,3,2,0.0,0.0,0.0,0.0,0.0,1.0,15,1,10
54313,16,2,3,17,8,3,0,1,1,1,1,19,2,2,0.0,0.0,0.0,0.0,0.0,2.0,11,3,4
125686,16,2,3,0,6,3,0,1,0,1,2,6,2,3,1.0,0.0,0.0,1.0,0.0,2.0,15,5,9
130303,16,2,3,17,6,3,0,1,0,1,2,18,2,2,0.0,0.0,0.0,0.0,0.0,2.0,15,6,9
37846,16,2,3,17,6,3,0,1,1,1,2,6,2,2,0.0,0.0,0.0,0.0,0.0,2.0,5,2,3
110542,16,2,3,17,19,2,0,1,1,1,2,18,2,2,0.0,0.0,0.0,0.0,0.0,3.0,11,3,8
18930,16,2,1,10,8,3,6,1,1,1,0,36,2,2,0.0,0.0,0.0,0.0,0.0,3.0,21,1,2
143029,16,2,1,17,8,3,0,1,0,1,2,18,2,2,0.0,0.0,0.0,0.0,0.0,2.0,3,7,10
171095,15,2,1,0,6,3,0,5,1,1,0,36,2,2,0.0,0.0,0.0,0.0,0.0,5.0,23,5,11
27392,15,2,3,0,2,3,0,1,0,1,2,12,2,2,0.0,0.0,0.0,0.0,0.0,3.0,14,7,2
178885,16,3,3,10,8,3,6,1,0,1,2,30,4,2,0.0,0.0,0.0,0.0,0.0,5.0,7,3,12
87423,16,2,3,4,8,3,5,5,0,1,2,36,1,3,1.0,0.0,0.0,1.0,0.0,0.0,9,1,6
3584,16,2,3,17,8,3,0,1,1,1,2,36,2,2,0.0,0.0,0.0,0.0,0.0,2.0,9,4,1
130182,4,2,3,15,2,3,0,1,1,0,0,18,2,2,0.0,0.0,0.0,0.0,0.0,5.0,17,3,9
20773,16,2,0,17,3,3,4,1,0,1,2,18,2,2,0.0,0.0,0.0,0.0,0.0,2.0,18,5,2
158491,16,2,3,17,6,3,2,1,1,1,2,18,3,2,0.0,0.0,0.0,0.0,0.0,5.0,8,1,11
26217,15,2,3,10,10,3,0,1,1,1,1,21,2,2,0.0,0.0,0.0,0.0,0.0,4.0,13,1,2
94569,16,2,1,0,8,3,0,0,0,1,2,6,2,2,0.0,0.0,0.0,0.0,0.0,4.0,1,7,7
110159,16,2,1,10,8,3,0,1,1,1,2,17,2,2,0.0,0.0,0.0,0.0,0.0,2.0,22,5,8
113521,16,2,1,17,2,3,0,1,0,1,2,6,2,2,0.0,0.0,0.0,0.0,0.0,2.0,22,1,8
1314,16,2,3,10,6,3,6,1,1,1,2,19,4,2,0.0,0.0,0.0,0.0,0.0,4.0,11,2,1
73122,15,2,3,0,6,3,5,5,1,1,2,36,2,2,0.0,0.0,0.0,0.0,0.0,2.0,22,5,6
10702,4,2,4,7,10,3,4,5,1,1,2,39,2,2,0.0,0.0,0.0,0.0,0.0,1.0,18,4,1
103242,15,2,3,17,19,3,0,5,1,1,2,36,2,2,0.0,0.0,0.0,0.0,0.0,2.0,9,7,7
252,17,10,1,10,17,3,6,5,1,1,2,19,2,2,0.0,0.0,0.0,0.0,0.0,2.0,16,6,1
147604,16,2,0,17,2,3,0,1,1,1,2,18,2,2,0.0,0.0,0.0,0.0,0.0,2.0,3,6,10
178430,16,2,3,0,2,3,0,1,0,1,2,36,3,4,3.0,0.0,0.0,0.0,3.0,1.0,9,4,12
143351,15,2,1,3,10,3,0,6,1,1,1,21,2,2,0.0,0.0,0.0,0.0,0.0,2.0,22,1,10
45787,4,2,3,17,6,3,0,1,0,1,2,36,2,4,1.0,0.0,0.0,0.0,1.0,1.0,8,2,4
7270,16,2,1,10,2,3,6,1,1,1,2,19,2,2,0.0,0.0,0.0,0.0,0.0,2.0,17,6,1
66508,15,2,3,8,6,3,0,1,0,1,2,5,2,4,1.0,0.0,0.0,0.0,1.0,1.0,9,3,5
35478,16,2,1,2,3,3,0,1,0,1,2,36,1,2,0.0,0.0,0.0,0.0,0.0,1.0,3,2,3
64621,15,2,3,0,8,3,0,1,1,1,2,5,2,2,0.0,0.0,0.0,0.0,0.0,2.0,16,6,5
14001,16,10,1,9,2,3,5,5,0,1,0,36,2,3,1.0,0.0,0.0,1.0,0.0,2.0,0,6,1
171808,16,7,1,15,10,3,6,1,1,1,2,22,2,2,0.0,0.0,0.0,0.0,0.0,2.0,20,7,11
46398,16,2,3,9,8,3,0,1,0,1,2,18,2,1,1.0,0.0,1.0,0.0,0.0,1.0,6,4,4
26634,4,2,5,7,10,3,0,1,1,1,1,36,2,2,0.0,0.0,0.0,0.0,0.0,1.0,7,1,2
91434,16,2,0,10,8,3,0,1,1,1,1,36,2,2,0.0,0.0,0.0,0.0,0.0,2.0,3,7,7
187640,16,3,2,17,2,3,6,1,0,1,2,24,3,2,0.0,0.0,0.0,0.0,0.0,4.0,6,7,12
101647,17,2,3,0,6,3,0,5,0,1,2,36,2,3,2.0,0.0,0.0,2.0,0.0,0.0,19,4,7
58316,16,2,3,15,8,3,0,1,1,1,1,18,2,2,0.0,0.0,0.0,0.0,0.0,2.0,10,5,5
144636,16,2,3,15,11,3,5,5,1,1,2,36,2,2,0.0,0.0,0.0,0.0,0.0,2.0,13,6,10
180017,17,7,3,17,8,3,6,5,0,1,0,36,3,3,1.0,0.0,0.0,1.0,0.0,2.0,16,7,12
25575,16,2,3,17,8,3,0,1,0,1,2,18,2,4,2.0,0.0,0.0,0.0,2.0,1.0,14,5,2
58281,16,7,4,17,1,3,6,1,0,1,2,18,2,2,0.0,0.0,0.0,0.0,0.0,3.0,19,5,5
71404,4,2,1,7,10,3,0,1,0,1,2,11,3,3,1.0,0.0,0.0,1.0,0.0,0.0,1,1,5
105218,4,2,3,10,8,3,0,1,1,1,0,17,2,2,0.0,0.0,0.0,0.0,0.0,4.0,17,7,8
48834,4,2,3,7,8,3,0,1,1,1,1,8,2,2,0.0,0.0,0.0,0.0,0.0,1.0,8,6,4
76342,16,2,3,15,6,3,0,3,1,1,2,22,2,2,0.0,0.0,0.0,0.0,0.0,2.0,16,5,6
119392,16,2,0,10,8,3,0,1,1,1,2,19,2,2,0.0,0.0,0.0,0.0,0.0,2.0,23,5,8
132237,15,2,3,8,15,3,0,1,0,0,2,38,2,3,1.0,0.0,0.0,1.0,0.0,1.0,17,4,9
88922,16,2,3,0,2,3,0,1,0,1,2,18,2,3,3.0,0.0,0.0,2.0,1.0,3.0,12,3,7
3789,15,10,1,0,6,3,6,1,0,1,2,26,2,2,0.0,0.0,0.0,0.0,0.0,2.0,23,2,1
185313,16,2,1,17,8,3,0,1,1,1,2,18,2,2,0.0,0.0,0.0,0.0,0.0,2.0,1,2,12
156580,15,2,2,17,15,3,0,1,0,1,2,36,2,2,0.0,0.0,0.0,0.0,0.0,2.0,5,2,11
187185,16,2,1,9,2,3,0,5,0,1,0,18,2,3,1.0,0.0,0.0,1.0,0.0,1.0,17,7,12
127854,16,2,3,17,2,3,0,1,0,1,2,18,2,2,0.0,0.0,0.0,0.0,0.0,4.0,17,6,9
153223,16,2,3,15,8,3,0,1,1,1,2,23,2,2,0.0,0.0,0.0,0.0,0.0,2.0,15,6,10
131807,4,2,3,7,17,3,0,5,1,1,2,22,2,2,0.0,0.0,0.0,0.0,0.0,1.0,14,2,9
60530,15,7,3,15,2,3,6,1,1,1,2,22,2,2,0.0,0.0,0.0,0.0,0.0,3.0,18,3,5
172061,16,2,1,17,8,3,0,1,1,1,1,36,2,2,0.0,0.0,0.0,0.0,0.0,2.0,21,5,11
50828,8,2,3,7,8,3,0,1,0,1,2,24,3,2,0.0,0.0,0.0,0.0,0.0,1.0,9,6,4
123169,15,2,3,0,8,3,0,1,0,1,2,18,2,3,2.0,0.0,0.0,2.0,0.0,0.0,17,3,9
139812,15,2,1,17,15,3,0,1,0,1,2,5,2,3,1.0,0.0,0.0,1.0,0.0,2.0,18,6,10
852,16,2,4,7,8,3,6,1,0,1,1,36,3,2,0.0,0.0,0.0,0.0,0.0,1.0,16,2,1
102623,15,11,5,0,9,3,5,5,1,1,2,36,2,2,0.0,0.0,0.0,0.0,0.0,2.0,18,5,7
33738,17,7,1,17,8,3,6,5,0,1,2,18,2,3,3.0,0.0,0.0,2.0,1.0,6.0,0,1,3
97244,16,2,2,15,2,3,0,5,1,1,2,36,2,2,0.0,0.0,0.0,0.0,0.0,2.0,5,6,7
14285,16,2,3,10,8,3,0,1,0,1,2,6,2,3,1.0,0.0,0.0,1.0,0.0,1.0,16,4,1
160899,16,10,3,15,8,3,6,1,1,1,2,13,2,2,0.0,0.0,0.0,0.0,0.0,4.0,9,6,11
114267,16,2,1,0,6,3,0,1,0,1,2,6,2,4,1.0,0.0,0.0,0.0,1.0,3.0,22,5,8
81421,4,2,3,17,2,3,0,1,0,1,2,18,2,4,1.0,0.0,0.0,0.0,1.0,1.0,17,3,6
70413,16,2,3,17,6,3,0,1,1,1,2,6,2,2,0.0,0.0,0.0,0.0,0.0,2.0,16,7,5
131860,16,2,3,17,8,3,0,1,0,1,0,19,2,4,3.0,0.0,0.0,0.0,3.0,1.0,15,5,9
183188,15,3,3,17,8,3,6,1,1,0,2,16,2,2,0.0,0.0,0.0,0.0,0.0,2.0,11,5,12
43642,16,2,1,10,3,3,0,1,1,1,2,30,2,2,0.0,0.0,0.0,0.0,0.0,2.0,20,3,4
38765,16,2,3,17,2,3,0,1,1,1,1,36,2,2,0.0,0.0,0.0,0.0,0.0,2.0,17,5,3
122323,16,2,3,15,8,3,0,1,1,1,2,36,2,2,0.0,0.0,0.0,0.0,0.0,2.0,9,3,9
154583,15,2,3,0,8,3,0,1,1,1,2,18,2,2,0.0,0.0,0.0,0.0,0.0,2.0,13,4,10
121539,16,2,3,0,6,3,0,1,0,1,2,6,2,4,3.0,0.0,0.0,0.0,3.0,1.0,8,7,9
168869,16,7,3,10,8,3,6,1,1,1,2,19,2,2,0.0,0.0,0.0,0.0,0.0,2.0,9,3,11
73425,16,2,1,9,2,3,0,1,0,1,0,3,2,3,1.0,0.0,0.0,1.0,0.0,1.0,21,2,6
141549,4,2,1,7,10,3,0,1,1,1,0,21,2,2,0.0,0.0,0.0,0.0,0.0,1.0,23,7,10
121053,15,2,3,0,6,3,0,1,0,1,2,5,2,3,2.0,0.0,0.0,1.0,1.0,3.0,6,1,9
148637,16,3,3,10,3,3,5,5,1,1,1,36,2,2,0.0,0.0,0.0,0.0,0.0,2.0,10,5,10
168395,16,2,3,17,6,3,0,1,0,1,2,36,2,3,1.0,0.0,0.0,1.0,0.0,1.0,16,3,11
95715,15,2,3,10,8,3,0,1,1,1,2,19,2,2,0.0,0.0,0.0,0.0,0.0,2.0,5,5,7
93297,4,2,3,5,8,3,0,1,1,1,2,36,1,2,0.0,0.0,0.0,0.0,0.0,1.0,18,2,7
88,16,2,3,0,3,3,0,1,0,1,2,6,2,3,2.0,0.0,0.0,2.0,0.0,0.0,10,2,1
151374,16,2,1,10,3,3,0,1,1,1,1,17,2,2,0.0,0.0,0.0,0.0,0.0,2.0,0,2,10
75133,15,2,3,9,3,3,0,1,0,1,2,36,2,1,1.0,0.0,1.0,0.0,0.0,1.0,19,6,6
92995,15,2,3,17,3,3,0,1,0,1,2,18,2,4,1.0,0.0,0.0,0.0,1.0,1.0,8,3,7
27759,4,2,1,17,11,3,0,1,0,1,1,24,2,2,0.0,0.0,0.0,0.0,0.0,2.0,7,5,2
65894,16,2,1,10,6,3,0,5,1,1,2,17,2,2,0.0,0.0,0.0,0.0,0.0,2.0,20,6,5
38420,15,2,1,0,15,3,0,5,0,1,2,23,2,2,0.0,0.0,0.0,0.0,0.0,2.0,21,6,3
124988,16,2,3,17,2,3,0,1,1,1,2,18,2,2,0.0,0.0,0.0,0.0,0.0,2.0,7,7,9
181957,16,2,3,9,2,3,6,1,0,1,0,18,2,1,1.0,0.0,1.0,0.0,0.0,1.0,12,2,12
65275,16,2,3,17,6,3,0,5,1,1,1,22,2,2,0.0,0.0,0.0,0.0,0.0,2.0,9,3,5
184567,16,7,3,17,8,3,6,1,0,1,2,18,2,3,1.0,0.0,0.0,1.0,0.0,3.0,14,6,12
22555,16,2,3,15,10,3,0,5,1,1,2,36,2,2,0.0,0.0,0.0,0.0,0.0,4.0,13,6,2
68910,4,2,4,17,6,3,0,1,1,1,1,18,2,2,0.0,0.0,0.0,0.0,0.0,2.0,20,4,5
5639,16,10,3,10,8,3,4,5,0,1,0,39,2,3,1.0,0.0,0.0,1.0,0.0,2.0,12,7,1
87644,16,2,3,15,10,3,0,1,1,1,2,36,2,2,0.0,0.0,0.0,0.0,0.0,3.0,12,5,6
24349,16,2,3,15,6,3,0,1,1,1,2,18,2,2,0.0,0.0,0.0,0.0,0.0,2.0,8,2,2
74303,16,2,3,11,6,3,0,1,1,1,2,21,2,2,0.0,0.0,0.0,0.0,0.0,2.0,7,2,6
134874,16,2,3,17,8,3,0,1,0,1,2,12,2,4,2.0,0.0,0.0,0.0,2.0,1.0,14,4,9
2326,4,2,3,2,13,3,0,1,1,1,1,17,1,2,0.0,0.0,0.0,0.0,0.0,1.0,10,6,1
119807,16,2,3,17,8,3,0,1,0,1,2,36,2,2,0.0,0.0,0.0,0.0,0.0,2.0,15,4,8
10194,4,2,3,9,6,3,0,1,0,1,1,36,2,3,1.0,0.0,0.0,1.0,0.0,1.0,16,3,1
77478,16,2,1,17,6,3,0,5,0,1,2,36,2,4,2.0,0.0,0.0,0.0,2.0,1.0,3,1,6
174645,15,11,0,9,8,3,5,6,0,1,0,36,2,4,1.0,0.0,0.0,0.0,1.0,1.0,19,1,12
17241,16,2,0,0,6,3,0,1,1,1,2,36,2,2,0.0,0.0,0.0,0.0,0.0,3.0,1,1,2
136861,16,2,3,17,6,3,0,1,1,1,2,18,2,2,0.0,0.0,0.0,0.0,0.0,2.0,17,5,9
105210,16,2,3,15,8,3,0,5,1,1,2,22,2,2,0.0,0.0,0.0,0.0,0.0,3.0,15,7,8
11135,4,10,1,9,10,3,4,1,0,1,2,18,2,4,1.0,0.0,0.0,0.0,1.0,1.0,22,4,1
154544,15,7,1,0,2,3,6,1,1,1,1,39,2,2,0.0,0.0,0.0,0.0,0.0,2.0,19,3,10
38975,16,2,1,10,8,3,0,1,1,1,0,8,2,2,0.0,0.0,0.0,0.0,0.0,2.0,1,1,3
188364,16,3,3,17,6,3,0,1,0,1,2,36,3,4,1.0,0.0,0.0,0.0,1.0,2.0,10,5,12
126298,16,2,1,17,6,3,0,1,1,1,2,18,2,2,0.0,0.0,0.0,0.0,0.0,4.0,23,6,9
170180,4,2,3,2,8,3,0,1,1,1,0,28,1,2,0.0,0.0,0.0,0.0,0.0,2.0,10,2,11
113292,15,2,3,0,2,3,0,1,0,1,2,5,2,3,5.0,0.0,0.0,5.0,0.0,1.0,15,4,8
62352,16,2,3,15,2,3,0,1,1,1,1,22,2,2,0.0,0.0,0.0,0.0,0.0,2.0,13,6,5
161498,4,10,0,10,8,3,6,1,1,0,1,19,2,2,0.0,0.0,0.0,0.0,0.0,2.0,16,2,11
13615,16,10,2,17,6,3,4,5,1,1,1,36,2,2,0.0,0.0,0.0,0.0,0.0,2.0,8,6,1
133230,15,2,3,17,6,3,0,1,0,1,2,18,2,2,0.0,0.0,0.0,0.0,0.0,2.0,9,2,9
12972,15,2,3,0,8,3,0,1,1,1,2,18,2,2,0.0,0.0,0.0,0.0,0.0,2.0,10,7,1
45397,16,2,1,10,2,3,0,1,0,1,2,16,2,2,0.0,0.0,0.0,0.0,0.0,3.0,0,7,4
26989,16,2,1,17,2,3,6,5,0,1,2,36,2,2,0.0,0.0,0.0,0.0,0.0,2.0,1,7,2
180473,16,7,3,10,6,3,6,1,0,1,2,18,3,4,1.0,0.0,0.0,0.0,1.0,2.0,14,5,12
95471,17,2,1,9,6,3,6,1,0,1,2,17,2,3,2.0,0.0,0.0,1.0,1.0,0.0,5,2,7
129697,15,2,3,0,8,3,0,1,1,1,2,38,2,2,0.0,0.0,0.0,0.0,0.0,3.0,10,3,9
57851,4,2,3,15,8,3,0,1,1,1,0,22,2,2,0.0,0.0,0.0,0.0,0.0,2.0,12,5,5
103949,16,2,3,10,8,3,0,5,1,1,0,19,2,2,0.0,0.0,0.0,0.0,0.0,3.0,12,2,8
4092,16,3,3,17,2,3,0,1,0,1,2,18,2,2,0.0,0.0,0.0,0.0,0.0,2.0,10,5,1
6933,16,2,3,17,8,3,2,1,0,1,1,36,2,2,0.0,0.0,0.0,0.0,0.0,2.0,16,1,1
157464,4,7,2,10,8,3,6,1,1,1,2,36,2,2,0.0,0.0,0.0,0.0,0.0,2.0,7,7,11
90620,16,2,0,15,8,3,0,5,0,1,2,36,2,2,0.0,0.0,0.0,0.0,0.0,2.0,23,2,7
102964,16,2,3,17,8,3,0,1,1,1,2,24,2,2,0.0,0.0,0.0,0.0,0.0,4.0,10,2,7
144908,15,3,3,10,15,3,6,1,1,1,2,19,2,2,0.0,0.0,0.0,0.0,0.0,5.0,16,4,10
80143,16,2,3,15,8,3,0,1,0,1,2,36,2,3,1.0,0.0,0.0,1.0,0.0,2.0,7,4,6
157500,16,2,3,0,8,3,6,1,0,1,2,6,2,2,0.0,0.0,0.0,0.0,0.0,2.0,12,7,11
131193,16,2,1,17,11,3,0,1,0,1,2,6,2,2,0.0,0.0,0.0,0.0,0.0,2.0,20,5,9
62852,16,2,3,10,15,3,0,5,1,1,2,36,2,2,0.0,0.0,0.0,0.0,0.0,2.0,16,6,5
46128,16,2,0,17,8,3,0,5,0,1,2,36,2,2,0.0,0.0,0.0,0.0,0.0,3.0,21,7,4
5787,16,6,3,0,6,3,0,1,0,1,2,6,2,4,1.0,0.0,0.0,0.0,1.0,2.0,8,4,1
27106,15,2,3,0,6,3,0,1,1,1,1,5,2,2,0.0,0.0,0.0,0.0,0.0,2.0,9,1,2
99961,4,2,1,2,8,3,0,1,0,0,2,36,2,3,1.0,0.0,0.0,1.0,0.0,0.0,0,6,7
105701,16,2,3,15,1,3,0,1,0,1,2,22,2,3,1.0,0.0,0.0,1.0,0.0,2.0,19,7,8
182070,16,2,3,17,8,3,0,1,1,1,1,36,2,2,0.0,0.0,0.0,0.0,0.0,2.0,17,4,12
121726,4,7,3,17,8,3,6,1,1,1,1,18,2,2,0.0,0.0,0.0,0.0,0.0,3.0,18,2,9
163889,17,2,3,5,15,3,0,5,0,1,2,36,3,3,1.0,0.0,0.0,1.0,0.0,2.0,13,2,11
129465,16,2,1,17,7,3,0,1,1,1,0,24,2,2,0.0,0.0,0.0,0.0,0.0,2.0,23,2,9
18705,16,2,1,17,2,3,0,5,0,1,2,18,2,4,2.0,0.0,0.0,0.0,2.0,0.0,4,5,2
38832,16,2,3,0,8,3,0,5,0,1,2,3,2,2,0.0,0.0,0.0,0.0,0.0,4.0,17,7,3
111833,15,2,3,1,10,3,0,1,1,1,0,36,2,2,0.0,0.0,0.0,0.0,0.0,1.0,19,3,8
162222,4,2,3,10,8,3,5,5,1,1,0,21,2,2,0.0,0.0,0.0,0.0,0.0,2.0,7,6,11
150562,16,2,3,10,2,3,0,1,0,1,2,17,2,3,2.0,0.0,0.0,2.0,0.0,0.0,8,4,10
112731,16,2,4,8,8,3,0,1,1,1,2,18,2,2,0.0,0.0,0.0,0.0,0.0,2.0,19,2,8
161537,16,2,1,0,8,3,5,5,1,1,0,36,2,2,0.0,0.0,0.0,0.0,0.0,2.0,21,2,11
115537,16,2,3,15,2,3,0,1,0,1,2,8,2,4,2.0,0.0,0.0,0.0,2.0,7.0,14,5,8
12006,4,10,3,15,8,3,0,1,1,0,1,22,2,2,0.0,0.0,0.0,0.0,0.0,2.0,14,6,1
109682,4,2,3,0,8,3,0,1,0,1,2,36,2,3,2.0,0.0,0.0,2.0,0.0,1.0,18,6,8
77424,15,3,3,15,2,3,0,1,1,1,1,12,2,2,0.0,0.0,0.0,0.0,0.0,2.0,17,7,6
40510,4,2,1,15,8,3,0,1,1,1,2,23,2,2,0.0,0.0,0.0,0.0,0.0,2.0,21,2,3
187188,16,2,2,10,2,3,0,1,1,1,1,6,3,2,0.0,0.0,0.0,0.0,0.0,3.0,17,7,12
156094,15,2,3,0,6,3,0,1,1,1,2,36,2,2,0.0,0.0,0.0,0.0,0.0,3.0,7,3,11
183868,16,2,1,17,17,3,5,5,0,1,2,3,2,4,1.0,0.0,0.0,0.0,1.0,1.0,20,2,12
107177,16,2,3,0,10,3,0,1,1,1,2,6,2,2,0.0,0.0,0.0,0.0,0.0,3.0,15,1,8
115470,16,2,3,0,6,3,0,1,1,1,2,18,2,2,0.0,0.0,0.0,0.0,0.0,2.0,14,3,8
10033,16,2,3,17,1,3,0,1,1,1,0,23,2,2,0.0,0.0,0.0,0.0,0.0,3.0,10,5,1
45872,15,2,3,10,3,3,0,1,0,1,2,19,2,2,0.0,0.0,0.0,0.0,0.0,2.0,18,2,4
92483,16,2,3,0,2,3,0,1,0,1,2,6,2,1,2.0,0.0,1.0,1.0,0.0,0.0,6,3,7
181221,4,7,3,10,8,3,6,1,0,1,2,19,2,4,1.0,0.0,0.0,0.0,1.0,1.0,12,7,12
49055,15,2,3,9,2,3,0,1,0,1,2,5,2,3,1.0,0.0,0.0,1.0,0.0,1.0,17,2,4
18542,16,10,3,10,2,3,4,1,0,1,2,39,2,4,1.0,0.0,0.0,0.0,1.0,2.0,19,2,2
138874,16,2,3,17,8,3,0,1,0,1,2,18,3,3,2.0,0.0,0.0,2.0,0.0,2.0,17,4,10
91776,16,7,3,10,10,3,6,5,1,1,1,26,2,2,0.0,0.0,0.0,0.0,0.0,2.0,12,6,7
114765,16,2,3,15,8,3,5,5,1,1,2,28,3,2,0.0,0.0,0.0,0.0,0.0,3.0,14,6,8
75626,15,3,3,0,6,3,0,1,0,1,2,36,2,3,3.0,0.0,0.0,3.0,0.0,0.0,14,7,6
105183,16,2,3,10,8,3,0,1,1,1,1,36,2,2,0.0,0.0,0.0,0.0,0.0,3.0,10,6,8
170701,15,2,3,17,8,3,0,1,1,1,1,21,2,2,0.0,0.0,0.0,0.0,0.0,3.0,11,3,11
14781,16,2,3,17,6,3,0,1,1,1,2,23,2,2,0.0,0.0,0.0,0.0,0.0,2.0,16,6,1
43731,15,7,3,3,8,3,6,1,1,1,2,18,2,2,0.0,0.0,0.0,0.0,0.0,2.0,1,5,4
100619,15,2,3,10,6,3,0,5,1,1,2,19,2,2,0.0,0.0,0.0,0.0,0.0,4.0,14,3,7
99235,16,2,3,10,8,3,0,1,1,1,2,36,2,2,0.0,0.0,0.0,0.0,0.0,2.0,14,1,7
141132,16,2,3,10,8,3,0,1,0,1,0,19,2,1,1.0,0.0,1.0,0.0,0.0,2.0,15,1,10
70411,4,2,3,7,10,3,0,1,1,1,2,24,2,2,0.0,0.0,0.0,0.0,0.0,1.0,16,7,5
41066,4,2,3,0,8,3,0,1,0,1,2,18,2,2,0.0,0.0,0.0,0.0,0.0,2.0,13,6,3
7212,15,4,3,17,6,3,2,5,1,1,1,18,2,2,0.0,0.0,0.0,0.0,0.0,2.0,7,4,1
19396,4,2,3,0,6,3,0,1,0,1,2,36,2,4,1.0,0.0,0.0,0.0,1.0,1.0,8,2,2
58136,4,2,3,7,8,3,0,1,1,0,1,36,2,2,0.0,0.0,0.0,0.0,0.0,1.0,16,3,5
35607,16,2,1,0,6,3,0,1,0,1,2,6,2,2,0.0,0.0,0.0,0.0,0.0,2.0,2,4,3
185392,15,2,1,17,8,3,0,1,1,1,2,24,2,2,0.0,0.0,0.0,0.0,0.0,2.0,20,3,12
36312,16,2,3,10,8,3,0,1,1,1,1,36,2,2,0.0,0.0,0.0,0.0,0.0,2.0,8,1,3
2097,4,2,1,15,2,3,0,1,1,0,2,23,2,2,0.0,0.0,0.0,0.0,0.0,2.0,21,7,1
34183,16,3,3,10,6,3,6,1,1,1,0,19,2,2,0.0,0.0,0.0,0.0,0.0,3.0,17,2,3
120871,6,2,3,10,11,3,0,1,1,0,2,36,2,2,0.0,0.0,0.0,0.0,0.0,2.0,15,5,9
57606,17,11,5,15,17,3,5,5,1,0,0,36,2,2,0.0,0.0,0.0,0.0,0.0,3.0,18,7,5