crash_date,               traffic_control_device,weather_condition,lighting_condition,first_crash_type,trafficway_type,alignment,roadway_surface_cond,road_defect,crash_type,intersection_related_i,damage,prim_contributory_cause,num_units,most_severe_injury,injuries_total,injuries_fatal,injuries_incapacitating,injuries_non_incapacitating,injuries_reported_not_evident,injuries_no_indication,crash_hour,crash_day_of_week,crash_month
92419,16,2,3,17,8,3,0,1,0,1,2,36,2,2,0.0,0.0,0.0,0.0,0.0,4.0,13,2,7
134460,16,2,3,17,8,3,0,1,1,1,1,36,2,2,0.0,0.0,0.0,0.0,0.0,2.0,14,7,9
42833,16,2,2,15,8,3,0,1,1,1,2,23,2,2,0.0,0.0,0.0,0.0,0.0,2.0,6,3,4
79948,16,2,3,0,8,3,0,1,1,1,2,6,2,2,0.0,0.0,0.0,0.0,0.0,2.0,15,7,6
98478,15,2,1,0,8,3,0,1,0,1,2,28,2,4,1.0,0.0,0.0,0.0,1.0,4.0,21,4,7
75945,16,2,1,17,6,3,0,1,1,1,1,35,2,2,0.0,0.0,0.0,0.0,0.0,2.0,23,5,6
108302,16,2,2,17,11,3,0,1,1,1,1,38,2,2,0.0,0.0,0.0,0.0,0.0,2.0,6,5,8
35630,16,2,3,10,8,3,0,1,1,1,2,19,2,2,0.0,0.0,0.0,0.0,0.0,2.0,7,4,3
1245,16,2,1,0,6,3,5,5,0,1,2,21,3,3,2.0,0.0,0.0,2.0,0.0,0.0,21,1,1
54047,4,7,3,14,8,3,6,1,1,1,1,23,2,2,0.0,0.0,0.0,0.0,0.0,2.0,18,6,4
56212,15,2,3,10,8,3,0,1,0,1,2,13,2,2,0.0,0.0,0.0,0.0,0.0,3.0,18,6,5
108960,16,7,0,0,2,3,6,1,0,1,2,6,3,2,0.0,0.0,0.0,0.0,0.0,3.0,17,2,8
48137,16,7,3,0,8,3,6,1,0,1,2,18,2,2,0.0,0.0,0.0,0.0,0.0,2.0,9,7,4
75220,15,2,1,0,6,3,0,5,0,1,2,18,2,3,3.0,0.0,0.0,2.0,1.0,1.0,22,1,6
55090,16,2,3,17,8,3,0,5,1,1,0,23,2,2,0.0,0.0,0.0,0.0,0.0,4.0,18,1,4
140724,4,2,3,2,8,3,0,1,0,1,2,36,1,3,2.0,0.0,0.0,2.0,0.0,0.0,12,3,10
169520,4,2,0,17,15,3,0,1,0,1,2,36,2,2,0.0,0.0,0.0,0.0,0.0,4.0,16,7,11
92390,15,7,1,5,10,3,6,5,0,1,2,36,2,3,1.0,0.0,0.0,1.0,0.0,1.0,20,3,7
101888,15,2,3,0,8,3,0,1,0,1,2,18,3,1,1.0,0.0,1.0,0.0,0.0,3.0,14,7,7
57274,16,7,3,17,8,3,6,1,1,1,2,24,2,2,0.0,0.0,0.0,0.0,0.0,2.0,5,3,5
148880,16,2,3,7,10,3,0,1,1,1,1,36,2,2,0.0,0.0,0.0,0.0,0.0,2.0,12,3,10
156752,16,2,3,0,8,3,0,1,0,1,2,6,2,2,0.0,0.0,0.0,0.0,0.0,2.0,13,5,11
109051,16,7,0,17,5,3,6,5,1,1,2,18,2,2,0.0,0.0,0.0,0.0,0.0,2.0,21,3,8
75967,16,3,3,17,6,3,0,1,1,1,1,24,2,2,0.0,0.0,0.0,0.0,0.0,2.0,15,7,6
187437,15,2,3,0,6,3,0,1,1,1,1,5,2,2,0.0,0.0,0.0,0.0,0.0,3.0,8,5,12
21029,15,2,1,17,6,3,0,1,1,1,2,18,2,2,0.0,0.0,0.0,0.0,0.0,2.0,17,3,2
77338,15,2,3,0,8,3,0,1,1,1,2,36,2,2,0.0,0.0,0.0,0.0,0.0,2.0,15,6,6
150122,16,2,3,17,6,3,0,1,1,1,2,36,2,2,0.0,0.0,0.0,0.0,0.0,2.0,14,7,10
60771,16,2,3,9,2,3,0,1,0,1,1,26,2,3,1.0,0.0,0.0,1.0,0.0,3.0,12,1,5
144735,15,2,2,17,8,4,0,5,1,1,1,36,2,2,0.0,0.0,0.0,0.0,0.0,2.0,17,7,10
135600,16,2,3,0,6,3,0,2,0,1,2,6,2,4,1.0,0.0,0.0,0.0,1.0,2.0,12,1,9
17521,4,10,3,0,6,3,4,5,1,1,2,36,2,2,0.0,0.0,0.0,0.0,0.0,2.0,8,5,2
156656,16,2,1,9,3,3,0,1,0,1,0,6,2,3,1.0,0.0,0.0,1.0,0.0,1.0,20,3,11
171830,16,7,3,10,8,3,6,1,1,1,0,36,3,2,0.0,0.0,0.0,0.0,0.0,3.0,11,7,11
83544,16,2,3,15,6,3,0,1,1,1,2,12,2,2,0.0,0.0,0.0,0.0,0.0,3.0,18,5,6
123079,16,2,3,17,6,3,0,1,1,1,2,18,2,2,0.0,0.0,0.0,0.0,0.0,2.0,7,1,9
50227,15,2,3,0,8,3,0,1,0,1,2,38,2,4,1.0,0.0,0.0,0.0,1.0,1.0,16,5,4
66816,15,2,3,0,8,4,0,6,0,1,2,36,2,2,0.0,0.0,0.0,0.0,0.0,4.0,18,7,5
143975,16,2,1,10,6,3,0,1,0,1,2,36,2,4,6.0,0.0,0.0,0.0,6.0,1.0,21,6,10
110778,15,2,1,0,8,3,5,1,0,1,2,12,2,4,1.0,0.0,0.0,0.0,1.0,1.0,19,1,8
137291,16,2,3,15,8,3,0,1,1,1,1,22,2,2,0.0,0.0,0.0,0.0,0.0,2.0,14,5,9
48195,15,7,3,2,8,3,6,2,1,1,1,26,1,2,0.0,0.0,0.0,0.0,0.0,1.0,17,1,4
185545,15,2,3,0,6,3,4,1,1,1,2,36,2,2,0.0,0.0,0.0,0.0,0.0,2.0,14,7,12
165422,16,7,3,0,2,3,6,1,1,1,2,6,2,2,0.0,0.0,0.0,0.0,0.0,2.0,11,7,11
140273,16,2,1,17,6,3,0,1,1,1,2,22,2,2,0.0,0.0,0.0,0.0,0.0,2.0,20,4,10
124786,15,2,3,9,6,3,0,5,0,1,2,18,2,4,1.0,0.0,0.0,0.0,1.0,1.0,13,6,9
132638,16,7,4,10,2,3,6,1,1,1,1,39,2,2,0.0,0.0,0.0,0.0,0.0,2.0,17,1,9
176603,4,2,0,3,8,3,0,1,0,1,2,36,2,1,1.0,0.0,1.0,0.0,0.0,1.0,2,1,12
57711,15,3,3,0,6,3,0,1,0,1,2,36,2,2,0.0,0.0,0.0,0.0,0.0,2.0,6,3,5
45882,15,10,3,15,1,3,0,1,1,1,2,36,2,2,0.0,0.0,0.0,0.0,0.0,2.0,8,2,4
123899,16,2,1,9,8,3,0,1,0,1,2,30,2,3,1.0,0.0,0.0,1.0,0.0,1.0,2,6,9
2348,15,11,5,17,6,3,5,5,1,1,1,36,2,2,0.0,0.0,0.0,0.0,0.0,2.0,16,1,1
48797,16,11,3,0,6,3,5,5,0,1,2,8,2,2,0.0,0.0,0.0,0.0,0.0,3.0,13,6,4
58880,16,2,5,17,8,3,5,5,1,1,2,24,2,2,0.0,0.0,0.0,0.0,0.0,2.0,20,7,5
151183,16,2,3,17,6,3,0,5,1,1,2,6,2,2,0.0,0.0,0.0,0.0,0.0,2.0,16,7,10
143196,15,2,3,17,2,3,0,1,0,1,2,18,2,2,0.0,0.0,0.0,0.0,0.0,2.0,14,3,10
11463,16,2,3,17,2,3,0,1,1,1,1,19,2,2,0.0,0.0,0.0,0.0,0.0,2.0,10,3,1
69545,16,2,3,15,8,3,0,1,1,1,1,22,2,2,0.0,0.0,0.0,0.0,0.0,2.0,13,7,5
44295,4,2,3,3,2,3,0,1,0,0,2,2,2,3,1.0,0.0,0.0,1.0,0.0,1.0,18,2,4
98250,16,2,3,10,8,3,0,1,0,1,2,19,2,3,1.0,0.0,0.0,1.0,0.0,1.0,16,7,7
176724,16,2,1,17,15,3,0,1,0,1,2,11,2,2,0.0,0.0,0.0,0.0,0.0,3.0,21,2,12
149639,15,2,3,0,15,3,0,1,0,1,2,18,2,1,2.0,0.0,1.0,1.0,0.0,1.0,13,2,10
119018,16,2,1,10,2,3,0,1,1,1,2,19,2,2,0.0,0.0,0.0,0.0,0.0,2.0,21,5,8
7495,17,11,5,7,8,3,5,5,1,1,2,22,2,2,0.0,0.0,0.0,0.0,0.0,1.0,15,4,1
81080,16,2,3,17,6,3,0,1,0,1,2,18,2,2,0.0,0.0,0.0,0.0,0.0,2.0,9,3,6
26248,16,2,1,17,8,3,0,1,1,1,2,36,2,2,0.0,0.0,0.0,0.0,0.0,2.0,21,1,2
146983,17,2,3,15,8,3,0,1,1,1,0,36,2,2,0.0,0.0,0.0,0.0,0.0,3.0,12,3,10
136702,15,3,3,10,6,3,0,5,1,1,2,36,2,2,0.0,0.0,0.0,0.0,0.0,2.0,9,1,9
36262,16,2,1,3,1,3,0,1,1,1,0,37,2,2,0.0,0.0,0.0,0.0,0.0,3.0,1,7,3
120325,16,2,3,17,6,3,0,1,0,1,0,36,2,3,2.0,0.0,0.0,2.0,0.0,0.0,9,4,8
94650,16,2,3,17,6,3,0,1,1,1,1,18,2,2,0.0,0.0,0.0,0.0,0.0,2.0,15,1,7
149177,15,2,1,0,2,3,0,1,1,1,2,36,2,2,0.0,0.0,0.0,0.0,0.0,2.0,23,6,10
157951,15,3,3,0,6,3,6,5,0,1,2,18,2,3,2.0,0.0,0.0,1.0,1.0,0.0,15,2,11
114624,16,2,3,10,8,3,0,1,0,1,2,8,2,2,0.0,0.0,0.0,0.0,0.0,2.0,10,2,8
104343,16,2,3,10,15,3,0,1,1,1,0,19,2,2,0.0,0.0,0.0,0.0,0.0,2.0,17,2,8
20376,4,2,3,15,2,3,5,1,1,0,2,18,2,2,0.0,0.0,0.0,0.0,0.0,2.0,8,6,2
97738,16,2,3,17,3,4,0,1,0,1,2,18,2,3,1.0,0.0,0.0,1.0,0.0,1.0,8,6,7
137591,17,2,3,10,2,3,5,5,1,0,1,36,2,2,0.0,0.0,0.0,0.0,0.0,2.0,12,2,9
79229,15,2,1,13,6,3,0,1,1,1,2,36,2,2,0.0,0.0,0.0,0.0,0.0,2.0,1,6,6
44504,16,2,3,10,10,3,0,1,1,1,1,19,2,2,0.0,0.0,0.0,0.0,0.0,2.0,14,5,4
83408,16,2,3,17,8,3,0,1,0,1,2,18,2,2,0.0,0.0,0.0,0.0,0.0,5.0,16,3,6
70788,18,2,3,10,3,3,0,2,1,0,1,18,2,2,0.0,0.0,0.0,0.0,0.0,2.0,16,5,5
171936,15,2,3,17,6,3,0,1,0,1,2,36,2,1,1.0,0.0,1.0,0.0,0.0,2.0,9,3,11
171952,16,2,3,15,19,3,0,1,1,1,0,36,2,2,0.0,0.0,0.0,0.0,0.0,2.0,12,3,11
92077,4,2,1,17,10,3,0,1,1,1,0,12,2,2,0.0,0.0,0.0,0.0,0.0,5.0,21,3,7
185760,16,2,3,10,8,3,4,1,0,1,2,19,2,2,0.0,0.0,0.0,0.0,0.0,3.0,9,3,12
103920,15,2,0,0,2,3,0,1,0,1,2,36,2,4,1.0,0.0,0.0,0.0,1.0,3.0,22,4,7
137026,15,2,3,0,6,3,0,1,0,1,2,18,3,2,0.0,0.0,0.0,0.0,0.0,6.0,12,1,9
15082,16,2,1,10,8,3,0,1,1,1,2,19,2,2,0.0,0.0,0.0,0.0,0.0,4.0,19,4,2
123231,18,2,1,0,10,3,0,1,1,1,2,36,2,2,0.0,0.0,0.0,0.0,0.0,2.0,4,5,9
180490,16,7,1,17,6,3,6,1,1,1,1,18,2,2,0.0,0.0,0.0,0.0,0.0,2.0,16,5,12
15796,16,2,1,0,6,3,6,5,0,1,2,36,2,4,1.0,0.0,0.0,0.0,1.0,1.0,20,3,2
155185,16,2,3,10,1,3,0,1,1,1,0,19,2,2,0.0,0.0,0.0,0.0,0.0,2.0,14,4,10
3346,15,2,0,10,15,3,5,5,1,1,2,36,2,2,0.0,0.0,0.0,0.0,0.0,2.0,16,3,1
134225,16,2,3,9,8,3,0,1,0,1,0,18,2,3,1.0,0.0,0.0,1.0,0.0,1.0,12,2,9
89366,16,2,1,10,8,3,0,1,1,1,1,36,2,2,0.0,0.0,0.0,0.0,0.0,2.0,1,3,7
56887,15,3,3,17,8,3,0,1,1,1,2,18,2,2,0.0,0.0,0.0,0.0,0.0,2.0,12,3,5
28266,16,9,3,17,2,3,4,1,0,1,2,18,2,2,0.0,0.0,0.0,0.0,0.0,3.0,16,4,3
80385,15,2,1,17,6,3,5,5,0,1,2,24,2,1,2.0,0.0,2.0,0.0,0.0,4.0,22,1,6
4341,10,2,3,10,6,3,4,1,0,1,2,17,2,4,1.0,0.0,0.0,0.0,1.0,1.0,7,5,1
83702,16,2,1,14,8,3,0,1,0,1,2,22,2,2,0.0,0.0,0.0,0.0,0.0,2.0,21,6,6
100150,16,2,3,17,8,3,0,1,1,1,2,11,2,2,0.0,0.0,0.0,0.0,0.0,2.0,15,4,7
69354,15,7,5,17,8,4,6,1,0,1,2,18,2,4,1.0,0.0,0.0,0.0,1.0,1.0,18,4,5
156170,16,2,3,10,8,3,4,1,1,1,2,39,2,2,0.0,0.0,0.0,0.0,0.0,2.0,7,4,11
134532,16,2,1,17,6,3,0,1,0,1,2,17,2,1,5.0,0.0,1.0,3.0,1.0,1.0,23,7,9
121735,16,2,3,15,8,3,0,1,1,1,1,23,2,2,0.0,0.0,0.0,0.0,0.0,3.0,8,2,9
139216,16,11,5,17,6,3,5,5,1,1,0,36,2,2,0.0,0.0,0.0,0.0,0.0,2.0,15,3,10
81515,16,2,3,10,8,3,0,1,1,0,0,19,2,2,0.0,0.0,0.0,0.0,0.0,3.0,8,2,6
62085,16,2,3,17,8,3,0,1,1,1,2,24,2,2,0.0,0.0,0.0,0.0,0.0,2.0,12,6,5
37330,15,2,3,0,15,3,0,1,0,1,2,5,2,1,1.0,0.0,1.0,0.0,0.0,1.0,10,6,3
70743,16,2,3,17,8,3,0,1,0,1,2,24,2,4,2.0,0.0,0.0,0.0,2.0,3.0,8,4,5
34480,16,3,3,15,8,3,0,1,0,1,0,18,2,4,1.0,0.0,0.0,0.0,1.0,2.0,8,5,3
41384,15,2,3,14,11,3,6,1,1,1,2,36,2,2,0.0,0.0,0.0,0.0,0.0,7.0,11,4,3
48658,16,2,3,17,8,3,0,1,1,1,1,19,2,2,0.0,0.0,0.0,0.0,0.0,2.0,15,2,4
149610,16,7,5,9,15,3,6,5,0,1,2,36,2,3,1.0,0.0,0.0,1.0,0.0,1.0,20,7,10
187964,16,2,1,3,8,3,0,1,1,1,2,36,2,2,0.0,0.0,0.0,0.0,0.0,2.0,20,6,12
12904,4,2,3,17,15,3,0,1,1,1,2,36,3,2,0.0,0.0,0.0,0.0,0.0,2.0,12,6,1
160906,16,10,3,10,2,4,4,1,0,1,0,39,2,4,1.0,0.0,0.0,0.0,1.0,1.0,9,6,11
46424,4,3,3,17,10,3,0,1,1,1,2,23,2,2,0.0,0.0,0.0,0.0,0.0,2.0,11,4,4
22916,4,2,3,0,0,3,6,1,1,1,0,18,2,2,0.0,0.0,0.0,0.0,0.0,2.0,7,6,2
14724,16,2,3,0,8,3,1,1,1,1,2,36,2,2,0.0,0.0,0.0,0.0,0.0,2.0,7,5,1
156087,15,2,2,9,6,3,0,1,0,1,2,18,2,3,1.0,0.0,0.0,1.0,0.0,1.0,6,3,11
164133,16,2,3,15,8,3,0,1,1,0,2,19,2,2,0.0,0.0,0.0,0.0,0.0,2.0,15,6,11
137041,16,2,3,17,8,3,6,2,1,1,0,12,2,2,0.0,0.0,0.0,0.0,0.0,2.0,13,6,9
105433,16,2,1,15,1,3,5,5,1,1,1,18,2,2,0.0,0.0,0.0,0.0,0.0,2.0,21,4,8
20383,16,2,3,17,6,3,0,5,1,1,1,35,2,2,0.0,0.0,0.0,0.0,0.0,3.0,9,6,2
8716,4,2,3,7,0,3,4,1,1,1,1,38,2,2,0.0,0.0,0.0,0.0,0.0,3.0,9,5,1
162543,16,2,1,17,2,3,0,1,1,1,1,23,2,2,0.0,0.0,0.0,0.0,0.0,2.0,17,3,11
116099,16,2,3,10,8,3,0,1,1,1,1,36,2,2,0.0,0.0,0.0,0.0,0.0,2.0,7,6,8
8360,16,3,3,11,2,3,6,1,1,1,1,21,2,2,0.0,0.0,0.0,0.0,0.0,2.0,9,1,1
41849,16,3,3,0,10,3,6,1,0,1,2,6,2,1,1.0,0.0,1.0,0.0,0.0,4.0,8,6,3
12255,16,10,1,10,2,3,4,1,1,1,2,19,2,2,0.0,0.0,0.0,0.0,0.0,2.0,15,4,1
19822,16,2,3,15,8,3,0,5,1,1,2,22,2,2,0.0,0.0,0.0,0.0,0.0,2.0,15,3,2
2257,16,2,1,0,15,3,6,1,0,1,2,17,2,3,2.0,0.0,0.0,2.0,0.0,1.0,3,5,1
142630,16,2,3,10,2,3,0,1,1,1,0,26,2,2,0.0,0.0,0.0,0.0,0.0,3.0,17,2,10
86930,16,7,3,10,8,3,6,1,1,1,0,19,2,2,0.0,0.0,0.0,0.0,0.0,2.0,17,2,6
1658,16,10,3,17,18,3,6,5,0,1,2,36,2,4,1.0,0.0,0.0,0.0,1.0,1.0,9,7,1
54126,16,5,3,2,10,3,4,1,0,1,2,26,1,1,1.0,0.0,1.0,0.0,0.0,0.0,16,7,4
3,16,2,1,10,2,3,0,1,1,1,2,36,2,2,0.0,0.0,0.0,0.0,0.0,2.0,17,6,1
133761,15,2,3,9,2,3,0,1,0,1,0,36,2,4,1.0,0.0,0.0,0.0,1.0,1.0,8,3,9
173768,16,2,1,0,8,3,0,1,1,1,2,36,2,2,0.0,0.0,0.0,0.0,0.0,2.0,14,2,12
68819,15,2,3,9,8,3,5,5,0,1,2,18,2,1,1.0,0.0,1.0,0.0,0.0,1.0,15,3,5
135360,16,2,3,10,8,3,0,1,1,1,1,19,2,2,0.0,0.0,0.0,0.0,0.0,2.0,10,3,9
77638,15,2,1,0,10,3,0,1,0,1,2,18,2,3,2.0,0.0,0.0,2.0,0.0,2.0,21,2,6
157728,16,2,3,15,2,3,0,1,1,1,2,23,2,2,0.0,0.0,0.0,0.0,0.0,2.0,15,5,11
187813,4,3,3,7,2,3,0,1,1,1,2,12,2,2,0.0,0.0,0.0,0.0,0.0,2.0,14,4,12
38419,16,10,3,10,6,3,4,5,1,1,2,19,2,2,0.0,0.0,0.0,0.0,0.0,2.0,9,6,3
89395,15,2,1,7,10,3,0,1,0,1,2,30,3,2,0.0,0.0,0.0,0.0,0.0,1.0,23,3,7
180551,16,11,3,15,15,3,5,5,1,1,0,36,2,2,0.0,0.0,0.0,0.0,0.0,3.0,12,5,12
164020,16,10,3,17,6,3,6,1,0,1,2,36,2,2,0.0,0.0,0.0,0.0,0.0,4.0,8,3,11
47669,16,2,3,10,2,3,0,1,1,1,2,36,2,2,0.0,0.0,0.0,0.0,0.0,2.0,7,6,4
8952,16,2,1,17,8,3,0,1,0,1,2,36,2,2,0.0,0.0,0.0,0.0,0.0,2.0,20,3,1
68002,16,2,3,0,6,3,0,1,0,1,1,36,3,3,2.0,0.0,0.0,1.0,1.0,1.0,9,4,5
14809,16,2,0,0,6,3,0,5,0,1,2,18,2,4,1.0,0.0,0.0,0.0,1.0,2.0,19,6,1
185127,15,2,3,17,15,3,6,1,0,1,2,3,4,3,3.0,0.0,0.0,3.0,0.0,0.0,10,7,12
139316,17,2,1,17,6,3,0,5,1,1,2,23,2,2,0.0,0.0,0.0,0.0,0.0,2.0,0,5,10
179391,15,2,4,15,16,3,0,1,1,0,2,23,4,2,0.0,0.0,0.0,0.0,0.0,5.0,16,6,12
55378,16,11,3,10,15,3,5,5,1,1,0,36,2,2,0.0,0.0,0.0,0.0,0.0,3.0,13,7,4
91847,4,3,3,8,8,3,6,1,0,1,0,18,2,1,1.0,0.0,1.0,0.0,0.0,3.0,12,7,7
106845,16,2,1,8,8,3,0,1,0,1,2,6,2,3,1.0,0.0,0.0,1.0,0.0,1.0,21,3,8
150931,16,2,3,15,2,3,0,1,1,1,1,23,2,2,0.0,0.0,0.0,0.0,0.0,2.0,15,7,10
108940,15,2,3,8,6,3,0,1,0,1,2,18,2,3,1.0,0.0,0.0,1.0,0.0,1.0,14,2,8
16658,15,3,3,7,10,3,4,1,1,1,0,39,2,2,0.0,0.0,0.0,0.0,0.0,3.0,14,6,2
126090,15,2,3,17,8,3,0,1,0,1,2,18,2,1,1.0,0.0,1.0,0.0,0.0,1.0,8,2,9
43594,4,7,3,17,2,3,6,5,0,1,2,18,2,4,1.0,0.0,0.0,0.0,1.0,1.0,10,4,4
96562,16,2,3,17,2,3,0,1,1,1,2,36,2,2,0.0,0.0,0.0,0.0,0.0,2.0,9,4,7
166874,16,7,1,0,6,3,6,1,0,1,2,6,2,3,7.0,0.0,0.0,7.0,0.0,3.0,17,2,11
87578,15,7,3,17,2,3,6,2,1,1,1,12,2,2,0.0,0.0,0.0,0.0,0.0,2.0,12,4,6
187759,4,2,3,0,8,3,0,1,0,1,1,36,2,2,0.0,0.0,0.0,0.0,0.0,4.0,14,3,12
176872,16,7,3,17,8,3,6,1,0,1,2,6,2,2,0.0,0.0,0.0,0.0,0.0,2.0,13,6,12
171618,16,2,1,2,1,3,0,1,0,1,2,36,1,2,0.0,0.0,0.0,0.0,0.0,1.0,2,5,11
186674,15,2,1,10,8,3,0,1,0,1,2,8,2,2,0.0,0.0,0.0,0.0,0.0,2.0,21,6,12
6334,16,2,0,17,6,3,0,1,0,1,2,18,2,2,0.0,0.0,0.0,0.0,0.0,6.0,18,6,1
42302,16,2,3,9,2,3,0,1,0,1,0,18,2,4,1.0,0.0,0.0,0.0,1.0,1.0,12,7,4
84421,16,2,3,9,6,3,0,1,0,1,0,6,2,1,1.0,0.0,1.0,0.0,0.0,1.0,11,4,6
116458,16,2,1,14,6,3,6,4,0,1,2,11,2,2,0.0,0.0,0.0,0.0,0.0,2.0,22,3,8
42435,15,2,1,9,15,3,0,1,0,1,0,28,2,3,2.0,0.0,0.0,2.0,0.0,0.0,3,4,4
179045,16,7,1,10,8,3,6,1,1,1,1,19,2,2,0.0,0.0,0.0,0.0,0.0,2.0,21,5,12
78387,16,2,1,0,6,3,0,5,0,1,1,36,2,2,0.0,0.0,0.0,0.0,0.0,3.0,2,7,6
97338,16,2,4,10,2,3,0,1,1,1,2,17,2,2,0.0,0.0,0.0,0.0,0.0,2.0,19,1,7
174162,16,2,1,0,8,3,0,1,0,1,2,36,2,2,0.0,0.0,0.0,0.0,0.0,2.0,2,2,12
114556,15,2,3,17,8,3,0,1,1,1,2,12,2,2,0.0,0.0,0.0,0.0,0.0,6.0,14,1,8
105578,15,2,3,0,8,3,0,1,1,1,2,18,2,2,0.0,0.0,0.0,0.0,0.0,2.0,11,7,8
147640,16,2,1,10,2,3,0,1,1,1,2,17,2,2,0.0,0.0,0.0,0.0,0.0,2.0,21,6,10
26414,16,2,3,17,8,3,0,1,0,0,2,36,2,4,1.0,0.0,0.0,0.0,1.0,1.0,15,5,2
115964,16,2,2,2,8,3,0,1,0,1,1,36,1,2,0.0,0.0,0.0,0.0,0.0,2.0,8,3,8
61416,16,2,3,17,8,3,0,1,0,1,2,18,2,3,2.0,0.0,0.0,2.0,0.0,1.0,16,5,5
180965,16,2,3,15,8,3,0,1,1,1,1,18,2,2,0.0,0.0,0.0,0.0,0.0,2.0,14,4,12
188123,16,2,1,10,10,3,0,5,1,1,2,17,2,2,0.0,0.0,0.0,0.0,0.0,3.0,20,7,12
4887,4,10,3,0,8,3,4,1,0,1,2,18,2,2,0.0,0.0,0.0,0.0,0.0,2.0,9,6,1
42234,16,2,3,10,6,3,0,5,1,1,2,19,2,2,0.0,0.0,0.0,0.0,0.0,3.0,10,1,3
170781,16,2,3,15,8,3,0,1,1,1,1,36,2,2,0.0,0.0,0.0,0.0,0.0,3.0,12,4,11
85747,17,2,3,15,2,3,5,5,1,1,0,26,2,2,0.0,0.0,0.0,0.0,0.0,6.0,12,2,6
62929,16,2,1,2,6,3,0,1,0,1,2,36,1,2,0.0,0.0,0.0,0.0,0.0,1.0,4,7,5
90532,16,2,3,15,10,4,0,1,0,1,2,36,2,2,0.0,0.0,0.0,0.0,0.0,3.0,16,7,7
154482,16,2,3,0,2,3,0,1,0,1,2,6,2,3,2.0,0.0,0.0,1.0,1.0,1.0,17,2,10
155397,15,2,3,10,8,3,0,1,0,1,2,19,2,3,1.0,0.0,0.0,1.0,0.0,2.0,9,7,10
38932,16,2,1,17,10,3,0,1,1,1,1,24,2,2,0.0,0.0,0.0,0.0,0.0,4.0,2,7,3
146711,15,2,0,10,8,3,0,1,1,1,2,36,2,2,0.0,0.0,0.0,0.0,0.0,3.0,4,1,10
89219,15,2,3,0,6,3,0,1,0,1,2,18,2,4,3.0,0.0,0.0,0.0,3.0,1.0,15,2,7
93595,16,2,4,0,6,3,0,1,0,1,1,38,2,2,0.0,0.0,0.0,0.0,0.0,2.0,17,6,7
168551,15,2,1,7,2,3,0,1,0,1,2,36,2,2,0.0,0.0,0.0,0.0,0.0,1.0,0,5,11
80754,16,2,3,10,6,3,0,5,1,1,2,6,2,2,0.0,0.0,0.0,0.0,0.0,2.0,8,6,6
80834,16,11,5,17,6,3,5,5,0,1,2,3,2,3,3.0,0.0,0.0,3.0,0.0,3.0,21,7,6
92142,16,2,1,17,6,5,0,1,1,1,2,17,2,2,0.0,0.0,0.0,0.0,0.0,2.0,23,5,7
73200,16,2,3,17,2,3,0,1,1,1,2,36,2,2,0.0,0.0,0.0,0.0,0.0,2.0,9,6,6
18693,16,2,3,10,6,3,6,1,0,1,0,19,2,4,1.0,0.0,0.0,0.0,1.0,1.0,15,5,2
180564,16,2,3,17,6,3,0,5,1,1,1,17,2,2,0.0,0.0,0.0,0.0,0.0,2.0,15,6,12
62239,16,2,3,17,3,3,0,1,1,1,2,24,2,2,0.0,0.0,0.0,0.0,0.0,2.0,10,2,5
153860,16,2,3,9,6,3,0,1,0,1,0,18,2,3,1.0,0.0,0.0,1.0,0.0,1.0,9,2,10
108289,4,2,3,17,2,4,0,1,0,1,2,18,2,2,0.0,0.0,0.0,0.0,0.0,1.0,16,5,8
91034,15,2,1,10,8,3,0,1,0,1,2,36,4,2,0.0,0.0,0.0,0.0,0.0,3.0,3,1,7
167263,4,2,3,17,2,3,0,1,1,1,2,18,2,2,0.0,0.0,0.0,0.0,0.0,2.0,15,7,11
24336,17,2,3,0,6,3,0,5,1,1,2,36,2,2,0.0,0.0,0.0,0.0,0.0,2.0,16,2,2
116165,16,2,3,10,2,5,0,5,1,1,0,19,3,2,0.0,0.0,0.0,0.0,0.0,4.0,13,5,8
110479,4,2,3,17,8,3,0,1,1,1,1,22,2,2,0.0,0.0,0.0,0.0,0.0,3.0,12,2,8
41175,4,2,3,0,8,3,0,1,0,1,2,18,2,3,1.0,0.0,0.0,1.0,0.0,1.0,18,2,3
91304,16,2,3,10,6,3,0,1,1,1,2,19,2,2,0.0,0.0,0.0,0.0,0.0,2.0,18,6,7
172452,16,11,0,3,6,3,5,5,1,1,2,30,2,2,0.0,0.0,0.0,0.0,0.0,2.0,5,4,12
22838,16,10,1,2,1,3,4,5,0,1,2,39,1,2,0.0,0.0,0.0,0.0,0.0,1.0,18,5,2
136842,16,2,3,10,8,3,0,1,1,0,2,19,2,2,0.0,0.0,0.0,0.0,0.0,2.0,15,5,9
72827,16,2,3,10,1,4,0,1,1,1,2,17,2,2,0.0,0.0,0.0,0.0,0.0,2.0,16,6,6
48566,16,2,3,17,3,3,0,1,1,1,2,23,2,2,0.0,0.0,0.0,0.0,0.0,5.0,16,7,4
65346,16,2,3,17,2,3,0,1,0,1,2,23,2,2,0.0,0.0,0.0,0.0,0.0,2.0,10,4,5
69294,16,7,3,17,8,3,6,1,1,1,2,18,2,2,0.0,0.0,0.0,0.0,0.0,2.0,15,2,5
92,16,2,3,10,8,3,4,1,0,1,2,19,2,4,1.0,0.0,0.0,0.0,1.0,1.0,11,2,1
143095,15,2,3,17,6,3,0,1,1,1,2,5,2,2,0.0,0.0,0.0,0.0,0.0,3.0,15,1,10