crash_date,               traffic_control_device,weather_condition,lighting_condition,first_crash_type,trafficway_type,alignment,roadway_surface_cond,road_defect,crash_type,intersection_related_i,damage,prim_contributory_cause,num_units,most_severe_injury,injuries_total,injuries_fatal,injuries_incapacitating,injuries_non_incapacitating,injuries_reported_not_evident,injuries_no_indication,crash_hour,crash_day_of_week,crash_month
65887,16,2,1,17,8,3,0,1,1,1,2,24,2,2,0.0,0.0,0.0,0.0,0.0,2.0,19,6,5
187088,4,11,3,15,10,3,1,5,1,1,1,26,2,2,0.0,0.0,0.0,0.0,0.0,2.0,12,5,12
45491,15,2,3,0,8,3,0,1,0,1,1,23,3,1,1.0,0.0,1.0,0.0,0.0,9.0,8,2,4
89726,16,2,3,10,6,3,0,1,1,1,1,19,2,2,0.0,0.0,0.0,0.0,0.0,2.0,12,2,7
30328,16,2,3,10,8,3,0,1,1,1,0,19,2,2,0.0,0.0,0.0,0.0,0.0,2.0,15,7,3
123676,4,2,3,10,6,3,0,5,1,1,0,19,2,2,0.0,0.0,0.0,0.0,0.0,2.0,14,4,9
160119,16,7,1,15,15,5,6,1,1,1,1,22,2,2,0.0,0.0,0.0,0.0,0.0,2.0,17,4,11
14073,16,10,1,17,8,3,6,1,0,1,2,18,2,2,0.0,0.0,0.0,0.0,0.0,2.0,1,1,1
14549,16,2,3,10,2,3,0,1,1,1,2,36,3,2,0.0,0.0,0.0,0.0,0.0,3.0,16,3,1
168037,16,2,3,17,3,3,0,1,1,1,2,23,2,2,0.0,0.0,0.0,0.0,0.0,2.0,9,4,11
69714,16,2,3,17,2,3,0,1,1,1,1,22,2,2,0.0,0.0,0.0,0.0,0.0,2.0,16,2,5
71205,16,2,1,0,8,3,0,1,0,1,2,36,2,4,3.0,0.0,0.0,0.0,3.0,2.0,21,4,5
74691,16,2,3,9,6,3,0,4,0,1,0,36,2,3,1.0,0.0,0.0,1.0,0.0,1.0,15,1,6
54407,16,2,3,17,8,3,0,1,0,1,2,6,2,3,2.0,0.0,0.0,2.0,0.0,2.0,18,5,4
35129,16,2,3,8,8,3,0,1,0,1,0,18,2,3,1.0,0.0,0.0,1.0,0.0,1.0,16,3,3
32263,16,2,3,10,3,3,0,1,0,1,2,36,4,4,2.0,0.0,0.0,0.0,2.0,3.0,9,4,3
110963,16,2,3,15,3,3,0,1,0,1,2,24,2,2,0.0,0.0,0.0,0.0,0.0,2.0,7,3,8
165482,16,2,0,10,2,3,0,1,0,1,1,17,2,3,1.0,0.0,0.0,1.0,0.0,2.0,22,1,11
90639,15,2,3,0,2,3,0,1,0,1,2,18,2,2,0.0,0.0,0.0,0.0,0.0,2.0,14,3,7
117736,16,2,1,10,8,3,0,1,1,1,2,19,2,2,0.0,0.0,0.0,0.0,0.0,4.0,23,7,8
56165,4,7,3,2,12,3,6,1,1,1,0,30,1,2,0.0,0.0,0.0,0.0,0.0,1.0,9,4,5
19410,15,3,3,0,8,3,5,5,1,1,2,18,2,2,0.0,0.0,0.0,0.0,0.0,2.0,11,2,2
175275,15,3,3,9,8,3,6,1,0,1,0,36,3,3,1.0,0.0,0.0,1.0,0.0,2.0,10,3,12
39106,4,2,3,0,8,3,0,1,1,1,2,18,2,2,0.0,0.0,0.0,0.0,0.0,3.0,10,4,3
69933,16,3,3,15,2,3,6,1,1,1,1,26,2,2,0.0,0.0,0.0,0.0,0.0,2.0,10,6,5
37077,16,2,3,17,3,3,0,1,0,1,2,24,2,2,0.0,0.0,0.0,0.0,0.0,2.0,11,1,3
107954,16,2,3,10,8,3,0,1,0,1,1,19,2,4,1.0,0.0,0.0,0.0,1.0,2.0,8,7,8
137794,16,2,1,0,6,3,0,1,0,1,2,6,2,2,0.0,0.0,0.0,0.0,0.0,4.0,23,3,10
99225,15,7,1,10,2,3,6,5,1,1,1,36,2,2,0.0,0.0,0.0,0.0,0.0,2.0,23,7,7
168259,16,2,3,15,2,3,0,1,0,1,2,28,2,1,1.0,0.0,1.0,0.0,0.0,1.0,11,6,11
147040,4,2,1,9,10,3,0,1,0,1,0,18,2,3,1.0,0.0,0.0,1.0,0.0,1.0,22,4,10
80075,16,2,3,17,6,3,0,1,0,1,2,36,2,2,0.0,0.0,0.0,0.0,0.0,2.0,15,3,6
47902,16,2,3,17,10,3,0,1,1,1,1,18,2,2,0.0,0.0,0.0,0.0,0.0,2.0,13,5,4
22021,15,2,3,0,15,3,0,1,0,1,2,36,2,2,0.0,0.0,0.0,0.0,0.0,2.0,16,5,2
72289,16,7,1,17,2,3,6,1,1,1,1,24,2,2,0.0,0.0,0.0,0.0,0.0,2.0,23,7,6
17551,15,10,3,17,8,3,6,1,1,1,2,24,2,2,0.0,0.0,0.0,0.0,0.0,2.0,14,7,2
155913,15,2,3,0,6,3,0,1,0,1,2,18,2,2,0.0,0.0,0.0,0.0,0.0,2.0,9,6,11
103058,16,2,3,17,6,3,0,1,0,1,2,6,2,2,0.0,0.0,0.0,0.0,0.0,2.0,15,5,7
88506,16,2,3,8,8,3,0,1,1,1,0,36,2,2,0.0,0.0,0.0,0.0,0.0,2.0,11,5,7
25925,4,2,3,15,3,3,6,1,1,0,1,18,2,2,0.0,0.0,0.0,0.0,0.0,3.0,14,4,2
102440,15,2,3,17,8,3,0,1,0,1,2,36,2,1,1.0,0.0,1.0,0.0,0.0,1.0,18,1,7
53763,17,2,3,10,8,3,0,1,1,1,2,19,3,2,0.0,0.0,0.0,0.0,0.0,3.0,11,2,4
94282,16,7,1,17,6,3,6,6,0,1,2,18,2,2,0.0,0.0,0.0,0.0,0.0,2.0,4,3,7
94822,16,2,3,17,6,4,0,1,0,1,2,12,2,2,0.0,0.0,0.0,0.0,0.0,3.0,15,5,7
82822,4,7,1,15,8,3,6,1,1,0,1,22,2,2,0.0,0.0,0.0,0.0,0.0,2.0,1,1,6
177781,15,2,3,0,8,3,0,1,1,1,1,18,2,2,0.0,0.0,0.0,0.0,0.0,2.0,15,3,12
128709,16,2,2,10,8,3,0,1,1,1,2,36,2,2,0.0,0.0,0.0,0.0,0.0,2.0,5,5,9
65096,16,7,3,15,8,3,6,1,1,1,2,23,2,2,0.0,0.0,0.0,0.0,0.0,3.0,15,6,5
24175,15,2,3,10,8,3,5,5,1,1,1,36,2,2,0.0,0.0,0.0,0.0,0.0,2.0,11,5,2
15819,15,10,3,10,6,3,4,1,1,1,2,39,2,2,0.0,0.0,0.0,0.0,0.0,2.0,14,4,2
4696,16,2,3,0,16,3,0,1,0,1,2,6,2,2,0.0,0.0,0.0,0.0,0.0,3.0,7,2,1
117377,15,7,1,17,8,3,6,1,0,1,2,18,2,3,1.0,0.0,0.0,1.0,0.0,1.0,20,2,8
24634,16,10,1,7,8,3,4,1,0,1,2,36,2,2,0.0,0.0,0.0,0.0,0.0,1.0,19,1,2
33631,16,2,1,17,8,3,5,5,0,1,2,24,2,4,1.0,0.0,0.0,0.0,1.0,1.0,2,7,3
78481,16,2,3,8,6,3,0,1,0,1,0,18,2,3,1.0,0.0,0.0,1.0,0.0,2.0,18,1,6
35495,15,3,3,0,6,3,6,0,0,1,2,5,2,2,0.0,0.0,0.0,0.0,0.0,2.0,18,2,3
20507,16,2,4,0,6,3,0,1,0,1,0,11,2,4,1.0,0.0,0.0,0.0,1.0,3.0,2,2,2
63487,15,2,3,10,6,3,0,1,1,1,1,18,2,2,0.0,0.0,0.0,0.0,0.0,2.0,6,2,5
116814,16,2,3,10,2,3,0,1,0,1,2,19,2,3,1.0,0.0,0.0,1.0,0.0,2.0,13,1,8
185423,16,3,1,17,6,4,0,1,0,1,2,24,2,2,0.0,0.0,0.0,0.0,0.0,2.0,2,5,12
43380,16,2,3,17,8,3,0,1,1,1,1,18,2,2,0.0,0.0,0.0,0.0,0.0,2.0,14,7,4
84382,16,2,3,8,8,3,0,1,0,1,0,18,2,3,1.0,0.0,0.0,1.0,0.0,2.0,16,4,6
181107,16,2,3,10,8,3,0,1,1,1,0,36,2,2,0.0,0.0,0.0,0.0,0.0,2.0,7,6,12
21993,16,2,0,0,2,3,0,1,1,1,2,6,2,2,0.0,0.0,0.0,0.0,0.0,3.0,21,4,2
130672,15,2,3,0,11,3,5,5,1,1,1,36,2,2,0.0,0.0,0.0,0.0,0.0,2.0,8,2,9
165385,16,2,1,10,8,3,0,1,1,1,2,19,2,2,0.0,0.0,0.0,0.0,0.0,2.0,18,7,11
186350,16,5,1,9,6,3,4,1,0,0,2,35,2,4,1.0,0.0,0.0,0.0,1.0,1.0,0,2,12
17436,16,2,1,17,8,3,0,1,0,1,2,36,2,2,0.0,0.0,0.0,0.0,0.0,2.0,17,4,2
3724,16,2,2,10,6,3,0,1,1,1,2,19,2,2,0.0,0.0,0.0,0.0,0.0,2.0,16,1,1
161142,16,2,3,17,8,3,0,1,1,1,1,38,2,2,0.0,0.0,0.0,0.0,0.0,3.0,11,4,11
160152,16,3,1,17,8,3,6,5,1,1,1,18,2,2,0.0,0.0,0.0,0.0,0.0,3.0,21,4,11
125812,15,2,3,17,8,3,0,1,0,1,2,36,2,2,0.0,0.0,0.0,0.0,0.0,2.0,11,6,9
65959,16,2,3,17,8,3,0,1,0,1,2,24,2,2,0.0,0.0,0.0,0.0,0.0,2.0,5,7,5
2707,16,2,3,17,8,3,0,1,0,1,2,18,2,4,1.0,0.0,0.0,0.0,1.0,1.0,7,5,1
8402,16,10,1,17,2,3,1,1,0,1,2,18,2,3,2.0,0.0,0.0,2.0,0.0,0.0,5,2,1
124925,4,2,3,17,8,3,0,1,1,1,1,21,2,2,0.0,0.0,0.0,0.0,0.0,2.0,14,6,9
173658,17,7,5,10,17,3,6,5,1,0,2,36,2,2,0.0,0.0,0.0,0.0,0.0,2.0,12,1,12
122055,16,2,3,10,6,3,0,5,1,1,2,19,2,2,0.0,0.0,0.0,0.0,0.0,6.0,15,1,9
105528,16,2,3,15,8,3,0,1,1,1,0,12,2,2,0.0,0.0,0.0,0.0,0.0,3.0,14,7,8
82790,16,2,3,17,10,3,0,1,1,1,1,36,2,2,0.0,0.0,0.0,0.0,0.0,2.0,7,6,6
96512,17,11,3,15,6,3,5,5,1,1,2,22,2,2,0.0,0.0,0.0,0.0,0.0,2.0,13,4,7
89093,16,2,3,17,2,3,0,1,0,1,1,19,2,3,1.0,0.0,0.0,1.0,0.0,3.0,17,7,7
116406,16,2,3,10,8,3,0,1,1,1,0,19,2,2,0.0,0.0,0.0,0.0,0.0,2.0,13,3,8
83460,16,2,3,17,15,3,0,1,0,1,2,36,2,3,1.0,0.0,0.0,1.0,0.0,1.0,14,4,6
144451,17,7,3,10,8,3,6,1,1,1,2,19,2,2,0.0,0.0,0.0,0.0,0.0,2.0,13,5,10
70341,4,2,3,0,0,3,0,1,0,1,2,18,3,2,0.0,0.0,0.0,0.0,0.0,2.0,16,6,5
85427,16,7,3,0,8,3,6,1,0,1,2,6,2,1,1.0,0.0,1.0,0.0,0.0,2.0,7,6,6
88510,16,2,3,17,18,3,0,1,1,1,2,36,2,2,0.0,0.0,0.0,0.0,0.0,2.0,12,5,7
99943,16,2,3,10,2,3,0,1,1,1,2,17,2,2,0.0,0.0,0.0,0.0,0.0,7.0,8,6,7
14023,15,2,3,0,6,3,0,1,0,1,2,18,2,2,0.0,0.0,0.0,0.0,0.0,3.0,15,7,1
115529,15,2,3,17,15,3,0,1,1,1,2,18,2,2,0.0,0.0,0.0,0.0,0.0,3.0,12,3,8
87475,16,2,3,13,6,3,0,1,0,1,0,36,2,3,1.0,0.0,0.0,1.0,0.0,1.0,18,3,6
73054,16,2,1,10,8,3,0,1,0,1,2,17,2,2,0.0,0.0,0.0,0.0,0.0,2.0,0,4,6
13515,16,6,1,0,6,3,1,1,0,1,2,36,2,2,0.0,0.0,0.0,0.0,0.0,3.0,1,5,1
14815,16,2,1,17,8,3,0,5,1,1,2,24,2,2,0.0,0.0,0.0,0.0,0.0,4.0,19,6,1
173527,16,2,1,14,6,3,0,5,1,1,1,2,2,2,0.0,0.0,0.0,0.0,0.0,3.0,23,6,12
139785,15,2,3,0,15,3,5,5,1,1,2,36,2,2,0.0,0.0,0.0,0.0,0.0,5.0,15,6,10
138148,4,2,3,0,8,3,0,1,1,1,2,18,2,2,0.0,0.0,0.0,0.0,0.0,3.0,15,6,10
55294,4,2,1,8,3,3,0,1,0,1,0,36,2,3,1.0,0.0,0.0,1.0,0.0,2.0,22,5,4
162252,4,11,3,0,10,3,5,5,1,1,2,18,2,2,0.0,0.0,0.0,0.0,0.0,3.0,13,7,11
164074,16,2,3,0,8,3,5,5,1,1,2,6,2,2,0.0,0.0,0.0,0.0,0.0,4.0,15,4,11
182670,16,11,5,10,8,3,5,5,1,1,0,19,3,2,0.0,0.0,0.0,0.0,0.0,4.0,19,5,12
110726,16,2,3,10,6,3,0,5,1,1,0,36,2,2,0.0,0.0,0.0,0.0,0.0,2.0,9,7,8
151425,16,2,1,17,2,3,5,5,1,1,1,24,2,2,0.0,0.0,0.0,0.0,0.0,4.0,20,3,10
89150,16,2,1,10,3,3,0,1,0,1,2,36,2,3,1.0,0.0,0.0,1.0,0.0,1.0,1,1,7
112886,4,2,3,8,15,3,5,5,0,1,1,5,2,4,1.0,0.0,0.0,0.0,1.0,1.0,15,5,8
183254,16,2,1,17,3,3,6,1,0,1,2,36,2,3,1.0,0.0,0.0,1.0,0.0,1.0,20,6,12
183607,16,2,3,10,3,3,5,1,1,1,2,19,3,2,0.0,0.0,0.0,0.0,0.0,3.0,16,4,12
8741,16,10,3,17,8,3,0,1,0,1,2,18,2,4,2.0,0.0,0.0,0.0,2.0,1.0,14,6,1
135152,16,2,3,17,8,3,0,1,1,1,1,36,2,2,0.0,0.0,0.0,0.0,0.0,2.0,16,2,9
4890,16,10,1,0,2,3,4,1,0,1,2,39,2,3,1.0,0.0,0.0,1.0,0.0,1.0,21,6,1
143018,16,2,3,0,6,3,0,1,0,1,1,6,2,3,1.0,0.0,0.0,1.0,0.0,5.0,14,7,10
124584,4,2,3,17,8,3,0,1,1,1,1,18,2,2,0.0,0.0,0.0,0.0,0.0,2.0,15,3,9
143752,15,2,1,17,8,3,0,1,0,1,2,24,2,2,0.0,0.0,0.0,0.0,0.0,2.0,0,2,10
156290,15,7,3,15,2,3,6,1,1,1,2,22,2,2,0.0,0.0,0.0,0.0,0.0,4.0,16,4,11
105959,16,2,3,15,8,3,0,1,1,1,2,23,2,2,0.0,0.0,0.0,0.0,0.0,2.0,16,5,8
96946,16,2,3,17,1,3,6,1,1,1,2,24,2,2,0.0,0.0,0.0,0.0,0.0,2.0,8,2,7
68512,16,2,3,17,6,3,0,1,1,1,2,19,2,2,0.0,0.0,0.0,0.0,0.0,2.0,7,5,5
175277,4,4,3,17,8,3,6,1,0,1,2,18,2,3,2.0,0.0,0.0,1.0,1.0,1.0,10,3,12
125097,16,2,3,10,8,3,0,1,0,1,1,17,2,2,0.0,0.0,0.0,0.0,0.0,2.0,18,2,9
140388,15,2,1,17,8,3,0,5,0,1,2,24,2,2,0.0,0.0,0.0,0.0,0.0,3.0,19,7,10
125268,17,2,3,17,1,3,5,5,0,1,2,26,2,2,0.0,0.0,0.0,0.0,0.0,2.0,16,6,9
15900,16,2,3,17,8,3,5,5,0,1,2,36,2,2,0.0,0.0,0.0,0.0,0.0,2.0,11,5,2
86971,16,2,3,17,15,3,0,1,1,1,1,24,2,2,0.0,0.0,0.0,0.0,0.0,2.0,14,3,6
21886,16,10,3,10,10,3,4,1,1,1,2,19,2,2,0.0,0.0,0.0,0.0,0.0,2.0,10,2,2
3148,16,2,1,17,2,3,0,1,1,1,2,26,2,2,0.0,0.0,0.0,0.0,0.0,2.0,16,5,1
69263,15,2,3,0,8,3,0,1,1,1,1,18,2,2,0.0,0.0,0.0,0.0,0.0,2.0,10,1,5
134157,16,2,3,15,2,3,0,1,1,1,0,22,2,2,0.0,0.0,0.0,0.0,0.0,2.0,19,1,9
50281,16,2,1,10,2,3,0,1,1,0,1,36,2,2,0.0,0.0,0.0,0.0,0.0,2.0,22,3,4
80830,4,2,3,17,8,3,0,1,1,1,1,36,2,2,0.0,0.0,0.0,0.0,0.0,6.0,8,7,6
107856,16,2,3,0,6,3,0,1,0,1,2,6,3,2,0.0,0.0,0.0,0.0,0.0,5.0,17,5,8
13986,15,2,1,17,8,3,6,1,0,1,2,36,2,2,0.0,0.0,0.0,0.0,0.0,2.0,20,6,1
6185,16,2,1,17,15,3,0,1,0,1,2,6,2,2,0.0,0.0,0.0,0.0,0.0,2.0,1,4,1
174016,15,2,3,0,6,3,0,1,0,1,2,18,2,4,1.0,0.0,0.0,0.0,1.0,2.0,11,6,12
146488,15,2,1,0,8,3,0,1,0,1,2,18,2,2,0.0,0.0,0.0,0.0,0.0,2.0,19,3,10
174957,16,2,1,17,11,3,0,5,0,1,2,18,2,2,0.0,0.0,0.0,0.0,0.0,2.0,18,4,12
181381,16,2,3,17,1,3,0,1,0,1,1,18,3,2,0.0,0.0,0.0,0.0,0.0,4.0,15,2,12
175387,4,2,3,15,3,3,0,1,0,1,2,23,2,3,1.0,0.0,0.0,1.0,0.0,2.0,7,6,12
6616,4,2,1,17,2,3,0,1,0,1,1,36,2,4,1.0,0.0,0.0,0.0,1.0,1.0,18,2,1
122147,15,2,3,17,8,3,0,1,1,1,2,39,2,2,0.0,0.0,0.0,0.0,0.0,2.0,18,3,9
152276,15,2,3,0,2,3,0,1,1,1,2,36,2,2,0.0,0.0,0.0,0.0,0.0,2.0,12,5,10
72313,16,2,3,15,2,3,0,1,1,1,1,36,2,2,0.0,0.0,0.0,0.0,0.0,3.0,18,5,6
4998,4,7,3,10,8,3,6,1,1,1,2,16,2,2,0.0,0.0,0.0,0.0,0.0,2.0,9,5,1
170905,4,2,1,15,6,3,0,5,1,1,2,21,2,2,0.0,0.0,0.0,0.0,0.0,2.0,17,1,11
155649,15,7,3,9,8,3,6,1,1,1,0,18,2,2,0.0,0.0,0.0,0.0,0.0,2.0,8,5,10
11818,16,2,3,0,8,3,0,1,1,1,2,36,2,2,0.0,0.0,0.0,0.0,0.0,2.0,10,3,1
119134,16,2,3,10,6,3,0,5,1,0,2,9,2,2,0.0,0.0,0.0,0.0,0.0,2.0,14,1,8
18120,4,2,3,9,2,3,0,1,0,0,0,21,2,4,1.0,0.0,0.0,0.0,1.0,1.0,13,2,2
185319,16,11,3,17,8,3,5,5,1,0,1,36,2,2,0.0,0.0,0.0,0.0,0.0,2.0,14,2,12
39644,15,2,1,0,8,3,0,1,0,1,2,6,2,2,0.0,0.0,0.0,0.0,0.0,2.0,20,7,3
155117,16,2,1,0,10,3,0,1,1,1,2,6,2,2,0.0,0.0,0.0,0.0,0.0,2.0,1,3,10
44004,16,3,3,17,6,3,6,1,0,1,2,36,2,2,0.0,0.0,0.0,0.0,0.0,2.0,7,3,4
157839,16,2,1,10,3,3,0,1,1,1,2,36,2,2,0.0,0.0,0.0,0.0,0.0,2.0,21,6,11
27976,16,2,3,15,2,3,0,1,1,1,2,36,2,2,0.0,0.0,0.0,0.0,0.0,3.0,13,3,2
99868,4,2,4,15,3,3,0,1,1,0,1,36,2,2,0.0,0.0,0.0,0.0,0.0,3.0,20,4,7
67469,16,2,3,17,6,3,0,1,1,1,2,36,2,2,0.0,0.0,0.0,0.0,0.0,4.0,16,3,5
22805,16,10,3,10,6,3,4,1,1,1,2,19,2,2,0.0,0.0,0.0,0.0,0.0,3.0,15,5,2
181377,16,2,3,9,10,3,0,1,1,1,0,11,2,2,0.0,0.0,0.0,0.0,0.0,2.0,15,2,12
157001,16,2,2,17,3,3,0,5,1,1,2,18,2,2,0.0,0.0,0.0,0.0,0.0,2.0,6,7,11
151322,16,2,3,15,3,3,0,5,1,1,1,36,2,2,0.0,0.0,0.0,0.0,0.0,2.0,14,2,10
173716,15,2,3,10,2,3,0,1,0,1,2,19,2,4,1.0,0.0,0.0,0.0,1.0,2.0,12,3,12
47446,15,2,3,17,15,3,0,5,0,0,2,18,2,4,1.0,0.0,0.0,0.0,1.0,2.0,15,4,4
130852,16,2,1,10,8,3,0,1,1,1,1,36,2,2,0.0,0.0,0.0,0.0,0.0,3.0,21,5,9
112213,15,2,3,0,6,3,0,1,0,1,2,18,2,3,1.0,0.0,0.0,1.0,0.0,2.0,16,2,8
11907,16,2,3,17,2,3,0,1,1,1,0,18,2,2,0.0,0.0,0.0,0.0,0.0,2.0,17,2,1
22142,4,2,1,3,8,3,0,1,0,1,2,18,2,3,1.0,0.0,0.0,1.0,0.0,1.0,5,6,2
81871,16,2,3,10,3,3,0,1,0,1,2,36,2,2,0.0,0.0,0.0,0.0,0.0,5.0,14,1,6
76753,16,2,3,17,2,3,0,5,1,1,2,23,2,2,0.0,0.0,0.0,0.0,0.0,2.0,12,2,6
177988,4,7,1,15,3,3,6,1,0,1,2,39,2,2,0.0,0.0,0.0,0.0,0.0,2.0,21,6,12
15557,16,2,3,10,2,3,0,1,0,1,2,19,3,2,0.0,0.0,0.0,0.0,0.0,3.0,12,5,2
136429,4,7,1,17,8,3,6,1,0,1,2,18,2,3,1.0,0.0,0.0,1.0,0.0,1.0,4,7,9
88133,16,2,3,15,8,3,0,5,1,1,2,36,2,2,0.0,0.0,0.0,0.0,0.0,2.0,9,6,7
43119,4,7,3,0,6,3,6,1,1,1,2,18,2,2,0.0,0.0,0.0,0.0,0.0,2.0,8,3,4
106701,16,2,1,17,2,3,0,1,1,1,1,19,2,2,0.0,0.0,0.0,0.0,0.0,3.0,22,7,8
15446,16,2,1,17,2,3,0,1,1,1,2,36,2,2,0.0,0.0,0.0,0.0,0.0,4.0,17,4,2
24919,16,2,3,17,8,3,0,1,1,1,1,18,2,2,0.0,0.0,0.0,0.0,0.0,2.0,7,6,2
105619,16,2,3,17,8,3,0,1,1,1,1,36,2,2,0.0,0.0,0.0,0.0,0.0,2.0,15,6,8
62301,16,2,3,15,8,3,0,5,1,1,0,36,2,2,0.0,0.0,0.0,0.0,0.0,2.0,14,5,5
51351,15,2,1,0,18,3,0,1,0,1,2,12,2,2,0.0,0.0,0.0,0.0,0.0,2.0,22,1,4
154857,16,2,3,17,8,3,0,1,0,1,2,28,4,2,0.0,0.0,0.0,0.0,0.0,4.0,14,1,10
27727,16,2,3,17,10,3,0,1,1,1,2,23,2,2,0.0,0.0,0.0,0.0,0.0,2.0,12,4,2
166747,17,11,5,15,6,3,5,5,1,1,1,36,2,2,0.0,0.0,0.0,0.0,0.0,2.0,16,7,11
32442,16,2,3,15,8,3,0,1,1,0,2,18,2,2,0.0,0.0,0.0,0.0,0.0,2.0,14,6,3
14300,16,2,3,0,11,3,0,1,0,1,2,6,2,2,0.0,0.0,0.0,0.0,0.0,2.0,8,4,1
53819,16,2,1,17,6,3,0,1,0,1,2,36,2,2,0.0,0.0,0.0,0.0,0.0,2.0,21,3,4
180886,17,2,1,2,2,3,0,1,0,1,2,15,1,3,1.0,0.0,0.0,1.0,0.0,0.0,23,1,12
50146,4,2,3,7,3,3,6,5,1,0,2,12,2,2,0.0,0.0,0.0,0.0,0.0,1.0,12,2,4
95248,4,2,3,7,11,3,0,1,1,1,2,28,2,2,0.0,0.0,0.0,0.0,0.0,1.0,15,5,7
121167,11,2,3,15,2,3,0,1,1,0,1,23,2,2,0.0,0.0,0.0,0.0,0.0,2.0,8,7,9
111094,16,2,3,10,8,3,0,1,1,1,1,19,2,2,0.0,0.0,0.0,0.0,0.0,3.0,18,6,8
67706,16,2,3,17,10,3,0,1,1,1,2,24,2,2,0.0,0.0,0.0,0.0,0.0,3.0,10,5,5
181052,16,2,1,10,8,3,0,1,1,1,2,19,2,2,0.0,0.0,0.0,0.0,0.0,3.0,22,5,12
62176,16,2,3,17,2,3,0,1,1,1,1,24,2,2,0.0,0.0,0.0,0.0,0.0,3.0,12,1,5
126681,16,2,1,15,8,3,0,1,1,1,2,36,2,2,0.0,0.0,0.0,0.0,0.0,2.0,5,4,9
164497,15,2,1,9,8,3,0,1,0,1,2,18,2,3,1.0,0.0,0.0,1.0,0.0,1.0,5,3,11
37734,15,2,1,17,8,3,0,1,1,1,2,36,2,2,0.0,0.0,0.0,0.0,0.0,2.0,23,5,3
86168,15,2,3,0,6,3,0,1,1,1,2,36,2,2,0.0,0.0,0.0,0.0,0.0,4.0,17,5,6
25153,16,7,3,10,10,3,6,1,1,1,2,17,2,2,0.0,0.0,0.0,0.0,0.0,2.0,9,4,2
151747,16,2,1,10,3,3,0,1,1,1,1,36,2,2,0.0,0.0,0.0,0.0,0.0,4.0,22,6,10
135479,15,7,3,0,8,3,6,1,1,1,2,18,3,2,0.0,0.0,0.0,0.0,0.0,3.0,14,6,9
170186,16,2,3,17,8,3,0,1,1,1,1,12,2,2,0.0,0.0,0.0,0.0,0.0,6.0,11,2,11
127061,15,2,3,0,10,3,0,1,0,1,2,5,2,3,1.0,0.0,0.0,1.0,0.0,1.0,8,3,9
69193,16,2,3,0,11,3,0,1,1,1,2,36,2,2,0.0,0.0,0.0,0.0,0.0,5.0,15,7,5
17211,16,2,3,10,8,3,0,5,1,1,2,17,2,2,0.0,0.0,0.0,0.0,0.0,2.0,9,7,2
169424,16,2,1,10,3,3,0,1,0,1,2,12,3,1,1.0,0.0,1.0,0.0,0.0,2.0,17,5,11
31857,16,7,1,17,6,3,6,5,1,1,2,12,2,2,0.0,0.0,0.0,0.0,0.0,2.0,19,6,3
21191,15,2,3,0,11,3,0,1,0,1,2,36,2,2,0.0,0.0,0.0,0.0,0.0,2.0,16,5,2
47729,15,2,3,2,8,3,6,1,1,1,1,14,1,2,0.0,0.0,0.0,0.0,0.0,1.0,8,7,4
184396,16,2,3,17,2,3,0,1,1,1,1,36,2,2,0.0,0.0,0.0,0.0,0.0,2.0,13,3,12
77168,16,3,3,17,8,3,6,1,0,1,2,18,2,3,1.0,0.0,0.0,1.0,0.0,3.0,17,2,6
50933,16,2,3,10,2,3,0,1,1,1,1,19,2,2,0.0,0.0,0.0,0.0,0.0,2.0,16,2,4
102236,16,2,3,10,2,3,0,1,1,1,1,17,3,2,0.0,0.0,0.0,0.0,0.0,3.0,8,6,7
86114,16,2,3,10,2,3,0,1,1,1,2,36,2,2,0.0,0.0,0.0,0.0,0.0,2.0,16,3,6
56903,16,2,3,10,8,3,0,1,1,1,2,36,2,2,0.0,0.0,0.0,0.0,0.0,2.0,16,5,5
102735,4,2,1,10,8,3,0,1,0,1,2,19,3,3,1.0,0.0,0.0,1.0,0.0,3.0,22,6,7
132738,16,11,3,17,2,3,5,5,1,1,1,36,2,2,0.0,0.0,0.0,0.0,0.0,2.0,16,4,9
158216,16,11,5,10,8,3,5,5,1,1,2,36,2,2,0.0,0.0,0.0,0.0,0.0,2.0,5,3,11
120927,4,2,3,15,6,3,0,5,1,1,2,23,2,2,0.0,0.0,0.0,0.0,0.0,2.0,12,5,9
147447,16,2,4,10,8,3,0,5,1,1,1,19,2,2,0.0,0.0,0.0,0.0,0.0,2.0,19,3,10
18846,16,2,3,17,1,3,0,1,1,1,0,12,2,2,0.0,0.0,0.0,0.0,0.0,2.0,13,7,2
115432,16,2,3,8,8,3,0,1,1,1,0,18,2,2,0.0,0.0,0.0,0.0,0.0,2.0,17,2,8
97615,15,2,0,0,8,3,0,1,1,1,2,5,2,2,0.0,0.0,0.0,0.0,0.0,2.0,23,6,7
87381,16,2,1,17,18,3,0,1,1,1,2,18,2,2,0.0,0.0,0.0,0.0,0.0,2.0,2,1,6
12559,16,2,3,10,8,3,0,1,1,1,1,36,2,2,0.0,0.0,0.0,0.0,0.0,2.0,15,1,1
79633,16,2,1,17,6,3,0,1,1,1,2,24,2,2,0.0,0.0,0.0,0.0,0.0,3.0,17,3,6
38525,16,2,1,17,8,3,0,1,1,1,2,18,2,2,0.0,0.0,0.0,0.0,0.0,5.0,20,6,3