crash_date,               traffic_control_device,weather_condition,lighting_condition,first_crash_type,trafficway_type,alignment,roadway_surface_cond,road_defect,crash_type,intersection_related_i,damage,prim_contributory_cause,num_units,most_severe_injury,injuries_total,injuries_fatal,injuries_incapacitating,injuries_non_incapacitating,injuries_reported_not_evident,injuries_no_indication,crash_hour,crash_day_of_week,crash_month
34466,16,3,3,10,8,3,5,5,1,1,2,19,2,2,0.0,0.0,0.0,0.0,0.0,2.0,18,5,3
70819,16,3,3,17,2,3,0,1,0,1,2,36,2,3,1.0,0.0,0.0,1.0,0.0,4.0,8,5,5
63792,15,2,3,8,6,3,0,1,1,1,2,17,2,2,0.0,0.0,0.0,0.0,0.0,2.0,14,7,5
155586,4,2,3,10,15,3,0,1,1,1,2,19,2,2,0.0,0.0,0.0,0.0,0.0,2.0,9,3,10
120356,17,11,5,8,0,3,5,5,1,1,2,36,2,2,0.0,0.0,0.0,0.0,0.0,2.0,16,5,8
67228,4,2,3,0,6,3,0,1,0,1,2,36,2,4,1.0,0.0,0.0,0.0,1.0,1.0,19,5,5
72932,4,7,1,8,11,3,0,1,1,1,0,39,2,2,0.0,0.0,0.0,0.0,0.0,2.0,0,1,6
77188,16,7,3,10,8,3,6,5,0,0,2,36,2,2,0.0,0.0,0.0,0.0,0.0,2.0,8,2,6
138411,16,2,3,17,6,3,0,1,0,1,2,18,2,2,0.0,0.0,0.0,0.0,0.0,4.0,18,6,10
76712,15,2,3,0,6,3,0,1,0,1,2,18,2,4,1.0,0.0,0.0,0.0,1.0,1.0,6,2,6
78484,16,2,3,8,2,3,0,5,0,1,2,24,2,3,1.0,0.0,0.0,1.0,0.0,2.0,19,1,6
181154,16,2,1,0,6,3,0,1,0,1,2,6,2,2,0.0,0.0,0.0,0.0,0.0,2.0,1,7,12
29202,16,2,1,2,8,3,0,1,0,1,2,36,1,2,0.0,0.0,0.0,0.0,0.0,2.0,2,7,3
131696,16,11,5,10,15,3,5,5,1,1,2,36,2,2,0.0,0.0,0.0,0.0,0.0,2.0,6,4,9
50823,4,2,3,10,8,3,0,1,1,1,1,21,2,2,0.0,0.0,0.0,0.0,0.0,2.0,9,6,4
91491,16,2,3,10,8,3,0,1,1,1,2,36,2,2,0.0,0.0,0.0,0.0,0.0,2.0,4,1,7
66414,16,2,1,17,8,3,0,1,0,1,2,24,2,4,1.0,0.0,0.0,0.0,1.0,2.0,1,1,5
115016,16,2,3,17,8,3,0,1,0,0,2,36,2,3,1.0,0.0,0.0,1.0,0.0,1.0,10,2,8
132578,15,2,3,0,3,3,0,1,0,1,2,18,2,2,0.0,0.0,0.0,0.0,0.0,2.0,10,7,9
37825,15,2,3,10,8,3,0,1,0,1,2,19,2,3,1.0,0.0,0.0,1.0,0.0,1.0,11,1,3
78379,15,3,3,17,8,3,0,1,1,1,2,18,2,2,0.0,0.0,0.0,0.0,0.0,3.0,12,5,6
59391,15,2,1,17,11,3,0,1,1,1,2,5,3,2,0.0,0.0,0.0,0.0,0.0,2.0,20,1,5
67844,16,2,3,17,6,3,0,1,1,1,2,24,2,2,0.0,0.0,0.0,0.0,0.0,6.0,14,2,5
150038,16,7,1,0,3,3,6,5,1,1,1,39,2,2,0.0,0.0,0.0,0.0,0.0,2.0,0,5,10
5019,16,2,3,10,8,3,0,1,0,1,2,28,3,2,0.0,0.0,0.0,0.0,0.0,8.0,15,6,1
125406,16,2,3,15,8,3,0,1,0,1,2,28,2,4,1.0,0.0,0.0,0.0,1.0,6.0,16,2,9
2438,16,2,3,17,2,3,0,1,0,1,2,18,2,2,0.0,0.0,0.0,0.0,0.0,4.0,14,7,1
4910,15,10,0,10,2,3,4,1,0,1,1,36,2,1,1.0,0.0,1.0,0.0,0.0,2.0,17,2,1
27173,16,2,3,10,6,3,0,5,0,1,2,36,2,2,0.0,0.0,0.0,0.0,0.0,2.0,11,2,2
47029,15,2,3,15,8,3,0,1,1,1,2,18,2,2,0.0,0.0,0.0,0.0,0.0,2.0,12,3,4
68768,15,2,3,7,8,3,0,1,0,1,2,36,3,2,0.0,0.0,0.0,0.0,0.0,1.0,17,1,5
186319,16,2,3,9,6,3,6,1,0,1,2,18,2,3,1.0,0.0,0.0,1.0,0.0,1.0,13,2,12
18023,4,2,3,17,8,3,4,1,1,1,1,36,2,2,0.0,0.0,0.0,0.0,0.0,2.0,8,6,2
72171,16,2,3,17,8,3,0,1,1,1,2,36,2,2,0.0,0.0,0.0,0.0,0.0,2.0,18,5,6
29133,16,2,1,10,6,3,0,1,1,1,1,30,2,2,0.0,0.0,0.0,0.0,0.0,4.0,0,7,3
10075,4,2,0,7,8,3,0,1,0,1,2,17,3,2,0.0,0.0,0.0,0.0,0.0,1.0,3,1,1
92098,15,2,3,10,10,3,0,1,1,1,2,17,2,2,0.0,0.0,0.0,0.0,0.0,2.0,14,5,7
176283,16,2,3,17,6,3,0,1,1,1,2,18,2,2,0.0,0.0,0.0,0.0,0.0,3.0,11,4,12
69765,15,2,3,9,8,3,6,1,0,0,2,18,2,4,1.0,0.0,0.0,0.0,1.0,1.0,15,3,5
69208,16,2,3,0,3,3,0,1,0,1,2,6,2,2,0.0,0.0,0.0,0.0,0.0,2.0,9,7,5
56565,16,2,3,10,10,3,0,1,1,1,0,19,2,2,0.0,0.0,0.0,0.0,0.0,2.0,10,4,5
109121,4,2,3,15,16,3,0,1,1,1,2,36,2,2,0.0,0.0,0.0,0.0,0.0,6.0,15,5,8
40693,16,2,1,17,8,3,0,1,0,0,2,18,2,4,1.0,0.0,0.0,0.0,1.0,6.0,19,5,3
79044,16,2,3,10,6,3,0,1,1,1,1,19,2,2,0.0,0.0,0.0,0.0,0.0,4.0,18,2,6
8493,16,6,1,17,5,3,6,1,0,1,2,24,2,4,2.0,0.0,0.0,0.0,2.0,0.0,16,4,1
176546,16,2,1,7,10,3,6,1,1,1,1,36,2,2,0.0,0.0,0.0,0.0,0.0,1.0,17,7,12
148626,15,3,4,0,11,3,0,1,1,1,2,18,2,2,0.0,0.0,0.0,0.0,0.0,2.0,17,5,10
83454,4,2,1,7,6,3,0,1,0,1,2,12,2,3,1.0,0.0,0.0,1.0,0.0,1.0,1,4,6
151229,16,7,3,15,11,3,6,1,1,1,2,26,2,2,0.0,0.0,0.0,0.0,0.0,2.0,14,1,10
101128,4,2,1,2,12,0,0,1,0,0,2,26,1,3,1.0,0.0,0.0,1.0,0.0,0.0,4,4,7
86287,15,2,3,0,11,3,0,1,0,1,2,18,2,4,1.0,0.0,0.0,0.0,1.0,1.0,15,5,6
148486,15,2,2,0,2,3,6,1,1,1,2,18,2,2,0.0,0.0,0.0,0.0,0.0,2.0,6,5,10
144054,16,2,3,17,2,3,0,1,1,0,2,36,2,2,0.0,0.0,0.0,0.0,0.0,2.0,14,5,10
10650,4,2,3,15,8,3,0,1,0,1,2,19,2,3,3.0,0.0,0.0,3.0,0.0,1.0,8,3,1
172511,16,2,1,17,6,3,0,5,1,1,1,17,2,2,0.0,0.0,0.0,0.0,0.0,2.0,4,5,12
159938,15,2,1,2,8,3,0,1,0,1,2,13,1,1,1.0,0.0,1.0,0.0,0.0,0.0,0,6,11
153490,8,7,0,10,3,3,6,1,1,1,0,24,2,2,0.0,0.0,0.0,0.0,0.0,2.0,6,1,10
827,16,2,0,10,8,3,5,1,1,1,2,36,2,2,0.0,0.0,0.0,0.0,0.0,2.0,19,1,1
91494,16,2,3,17,2,3,0,1,1,1,2,6,2,2,0.0,0.0,0.0,0.0,0.0,3.0,16,1,7
66235,15,2,1,0,6,3,0,1,0,1,2,5,2,2,0.0,0.0,0.0,0.0,0.0,2.0,23,3,5
25655,4,2,1,2,17,3,0,1,0,1,2,36,1,2,0.0,0.0,0.0,0.0,0.0,1.0,5,6,2
27726,16,2,1,0,2,3,0,1,0,1,2,6,2,3,2.0,0.0,0.0,2.0,0.0,1.0,0,4,2
59738,16,2,3,17,15,3,0,1,1,1,1,36,2,2,0.0,0.0,0.0,0.0,0.0,3.0,14,7,5
104497,16,3,3,8,6,3,0,1,1,1,0,36,2,2,0.0,0.0,0.0,0.0,0.0,3.0,10,5,8
93667,16,2,1,10,3,3,0,1,1,1,2,19,2,2,0.0,0.0,0.0,0.0,0.0,2.0,3,1,7
165360,16,7,1,10,3,3,6,1,0,1,2,19,2,4,1.0,0.0,0.0,0.0,1.0,3.0,13,7,11
78356,16,2,1,15,2,3,0,1,0,1,2,17,3,3,1.0,0.0,0.0,1.0,0.0,2.0,21,5,6
164852,4,2,3,17,8,3,6,1,1,0,2,24,2,2,0.0,0.0,0.0,0.0,0.0,2.0,14,7,11
44432,16,11,5,10,8,3,5,5,1,1,2,36,2,2,0.0,0.0,0.0,0.0,0.0,2.0,15,6,4
103825,16,11,5,15,11,3,5,5,1,1,2,36,2,2,0.0,0.0,0.0,0.0,0.0,2.0,16,2,7
147982,16,2,3,17,2,3,0,1,0,1,2,36,2,3,1.0,0.0,0.0,1.0,0.0,1.0,10,6,10
70223,16,2,3,17,11,3,0,1,0,1,2,15,2,2,0.0,0.0,0.0,0.0,0.0,2.0,5,3,5
60526,16,11,3,17,8,3,6,1,1,1,0,26,2,2,0.0,0.0,0.0,0.0,0.0,2.0,17,3,5
80453,16,7,1,10,3,3,6,1,1,1,2,17,3,2,0.0,0.0,0.0,0.0,0.0,6.0,23,7,6
34089,16,2,3,17,6,3,0,1,1,1,1,36,2,2,0.0,0.0,0.0,0.0,0.0,2.0,21,7,3
32615,4,2,3,7,19,3,0,1,1,1,1,36,2,2,0.0,0.0,0.0,0.0,0.0,3.0,16,3,3
88390,16,2,4,7,6,3,0,1,1,1,1,26,3,2,0.0,0.0,0.0,0.0,0.0,1.0,15,3,7
33819,16,2,1,14,8,3,6,1,1,1,2,22,2,2,0.0,0.0,0.0,0.0,0.0,2.0,20,1,3
129856,16,2,3,10,6,3,0,1,1,1,2,8,2,2,0.0,0.0,0.0,0.0,0.0,2.0,11,6,9
22973,16,2,3,17,15,3,0,1,0,1,2,36,2,2,0.0,0.0,0.0,0.0,0.0,6.0,14,7,2
126954,16,2,3,15,10,3,0,1,1,1,2,36,2,2,0.0,0.0,0.0,0.0,0.0,2.0,13,2,9
107998,16,2,1,0,6,3,0,1,0,1,2,17,2,1,1.0,0.0,1.0,0.0,0.0,1.0,4,1,8
6777,16,2,3,17,8,3,0,1,1,1,2,19,2,2,0.0,0.0,0.0,0.0,0.0,3.0,12,5,1
29028,4,2,1,7,10,3,0,1,1,1,2,12,2,2,0.0,0.0,0.0,0.0,0.0,1.0,23,4,3
159456,16,2,1,17,2,3,0,5,1,1,1,24,2,2,0.0,0.0,0.0,0.0,0.0,2.0,2,1,11
76789,16,2,1,17,6,3,0,1,0,1,2,36,2,2,0.0,0.0,0.0,0.0,0.0,3.0,20,4,6
167613,16,2,3,10,2,3,0,1,1,1,2,21,2,2,0.0,0.0,0.0,0.0,0.0,3.0,13,3,11
62517,16,2,3,10,8,3,0,1,0,1,2,36,2,3,2.0,0.0,0.0,2.0,0.0,2.0,12,7,5
105243,16,2,1,8,10,3,0,1,0,1,0,28,2,3,1.0,0.0,0.0,1.0,0.0,3.0,22,7,8
43830,15,3,3,2,10,3,0,5,1,1,2,12,1,2,0.0,0.0,0.0,0.0,0.0,1.0,17,7,4
173589,15,2,3,0,6,3,0,1,0,1,2,5,2,2,0.0,0.0,0.0,0.0,0.0,4.0,11,7,12
48227,4,2,1,17,8,3,0,1,1,1,2,36,2,2,0.0,0.0,0.0,0.0,0.0,2.0,0,1,4
133167,16,2,0,0,8,3,0,1,0,1,2,6,2,1,1.0,0.0,1.0,0.0,0.0,2.0,23,1,9
85539,4,7,3,17,3,4,6,6,0,1,2,36,2,2,0.0,0.0,0.0,0.0,0.0,2.0,11,7,6
112015,16,2,3,10,2,3,0,1,1,1,2,36,2,2,0.0,0.0,0.0,0.0,0.0,2.0,16,5,8
144784,16,3,3,15,10,3,5,5,1,1,0,36,2,2,0.0,0.0,0.0,0.0,0.0,2.0,14,1,10
153327,4,2,3,17,15,3,0,1,0,1,2,36,2,2,0.0,0.0,0.0,0.0,0.0,2.0,9,1,10
73071,16,2,3,10,8,3,0,1,1,1,1,19,2,2,0.0,0.0,0.0,0.0,0.0,2.0,15,5,6
41195,16,2,3,10,3,3,0,1,1,1,1,36,2,2,0.0,0.0,0.0,0.0,0.0,2.0,11,2,3
25749,16,2,3,15,8,3,0,1,1,1,2,23,2,2,0.0,0.0,0.0,0.0,0.0,2.0,8,6,2
187546,15,3,1,10,8,3,0,1,0,1,2,19,2,3,1.0,0.0,0.0,1.0,0.0,1.0,22,5,12
62587,16,7,1,0,6,3,6,1,0,1,2,6,2,3,3.0,0.0,0.0,2.0,1.0,2.0,23,2,5
160157,4,2,1,10,2,3,6,1,0,0,2,19,2,2,0.0,0.0,0.0,0.0,0.0,3.0,21,4,11
77290,16,2,3,17,8,3,0,1,1,1,2,23,2,2,0.0,0.0,0.0,0.0,0.0,4.0,16,5,6
94571,15,2,1,10,11,3,0,1,1,1,1,23,2,2,0.0,0.0,0.0,0.0,0.0,3.0,2,7,7
182743,4,2,1,0,6,3,0,1,1,1,1,5,2,2,0.0,0.0,0.0,0.0,0.0,2.0,4,7,12
98234,15,2,1,0,10,3,6,1,0,1,2,18,2,3,3.0,0.0,0.0,1.0,2.0,1.0,1,7,7
66789,16,2,3,0,2,3,0,1,1,1,2,18,2,2,0.0,0.0,0.0,0.0,0.0,2.0,2,7,5
116769,16,2,3,15,8,3,0,1,0,1,2,18,2,4,2.0,0.0,0.0,0.0,2.0,1.0,16,7,8
115328,16,2,3,0,8,3,0,1,0,1,2,3,3,3,1.0,0.0,0.0,1.0,0.0,4.0,10,7,8
61474,16,2,3,0,8,3,0,1,0,1,2,6,2,4,1.0,0.0,0.0,0.0,1.0,1.0,12,5,5
176464,16,2,0,2,8,3,0,1,0,1,2,24,1,2,0.0,0.0,0.0,0.0,0.0,1.0,22,1,12
6461,17,11,5,15,6,3,5,5,1,1,2,22,2,2,0.0,0.0,0.0,0.0,0.0,2.0,6,2,1
147360,4,2,3,0,8,3,0,1,1,1,2,36,2,2,0.0,0.0,0.0,0.0,0.0,2.0,14,5,10
1541,16,2,3,10,2,3,4,1,0,1,2,19,2,2,0.0,0.0,0.0,0.0,0.0,2.0,9,5,1
47511,16,2,3,15,2,3,0,1,1,0,2,36,2,2,0.0,0.0,0.0,0.0,0.0,2.0,13,6,4
28810,15,2,3,0,8,3,0,1,0,1,2,5,3,3,2.0,0.0,0.0,2.0,0.0,1.0,14,7,3
21517,15,11,5,0,6,3,5,5,1,1,2,36,2,2,0.0,0.0,0.0,0.0,0.0,2.0,19,3,2
42561,15,2,1,0,8,3,0,1,0,1,2,18,2,2,0.0,0.0,0.0,0.0,0.0,2.0,19,6,4
74149,16,11,3,10,2,3,5,1,1,1,2,19,2,2,0.0,0.0,0.0,0.0,0.0,2.0,15,7,6
93681,15,2,3,15,15,3,0,1,1,1,2,18,2,2,0.0,0.0,0.0,0.0,0.0,3.0,19,1,7
95254,16,3,3,10,6,3,0,1,1,1,1,19,2,2,0.0,0.0,0.0,0.0,0.0,2.0,15,5,7
164438,16,2,5,10,8,3,5,5,1,1,2,19,2,2,0.0,0.0,0.0,0.0,0.0,2.0,6,2,11
12515,16,10,1,17,2,3,4,1,1,1,2,18,2,2,0.0,0.0,0.0,0.0,0.0,7.0,20,7,1
150971,15,7,3,0,8,3,6,1,0,1,2,5,2,4,1.0,0.0,0.0,0.0,1.0,1.0,13,3,10
15376,4,2,1,17,2,3,1,1,1,1,1,36,2,2,0.0,0.0,0.0,0.0,0.0,2.0,5,3,2
166529,16,2,3,17,10,3,0,1,1,1,2,36,2,2,0.0,0.0,0.0,0.0,0.0,3.0,9,2,11
183206,16,2,3,0,6,3,0,1,0,1,2,18,2,3,2.0,0.0,0.0,1.0,1.0,1.0,14,6,12
141167,9,7,1,10,3,3,6,1,0,1,2,16,3,2,0.0,0.0,0.0,0.0,0.0,3.0,21,1,10
4270,16,7,4,9,6,3,6,1,0,1,0,18,2,3,1.0,0.0,0.0,1.0,0.0,1.0,18,3,1
3225,15,2,3,0,6,3,0,1,0,1,2,18,2,2,0.0,0.0,0.0,0.0,0.0,3.0,7,6,1
50523,16,3,3,10,3,3,6,1,1,1,2,19,3,2,0.0,0.0,0.0,0.0,0.0,4.0,12,2,4
8498,16,2,1,17,6,3,5,5,0,1,2,18,2,3,2.0,0.0,0.0,2.0,0.0,0.0,5,4,1
105523,16,2,3,10,2,3,0,1,1,1,2,17,2,2,0.0,0.0,0.0,0.0,0.0,3.0,13,7,8
39024,15,3,3,17,8,3,0,1,1,1,2,18,2,2,0.0,0.0,0.0,0.0,0.0,2.0,11,1,3
161975,16,2,3,10,8,3,0,6,0,1,2,19,2,3,1.0,0.0,0.0,1.0,0.0,1.0,12,2,11
118852,16,2,3,10,2,3,0,1,1,1,2,36,2,2,0.0,0.0,0.0,0.0,0.0,4.0,16,3,8
121263,16,2,3,10,6,3,0,1,1,1,2,19,2,2,0.0,0.0,0.0,0.0,0.0,2.0,9,2,9
98816,15,7,3,0,8,3,6,1,0,1,2,5,2,2,0.0,0.0,0.0,0.0,0.0,4.0,11,1,7
131931,4,2,3,17,8,3,0,1,1,0,2,18,2,2,0.0,0.0,0.0,0.0,0.0,2.0,13,6,9
171389,16,2,1,17,6,3,0,1,1,1,1,24,2,2,0.0,0.0,0.0,0.0,0.0,2.0,19,2,11
144055,15,11,3,0,11,3,5,1,1,1,2,5,2,2,0.0,0.0,0.0,0.0,0.0,3.0,14,5,10
67661,17,11,5,10,17,3,5,5,0,1,0,36,2,4,1.0,0.0,0.0,0.0,1.0,1.0,16,5,5
74971,17,11,5,9,2,3,5,5,1,1,1,38,2,2,0.0,0.0,0.0,0.0,0.0,2.0,6,3,6
15083,15,2,3,0,8,3,0,1,0,1,2,18,2,2,0.0,0.0,0.0,0.0,0.0,2.0,8,4,2
174707,16,2,0,10,6,3,0,1,0,1,2,19,2,3,1.0,0.0,0.0,1.0,0.0,2.0,17,2,12
9672,16,2,3,17,2,3,0,1,0,1,2,19,2,2,0.0,0.0,0.0,0.0,0.0,2.0,15,1,1
21062,16,2,1,0,6,3,0,1,0,1,2,6,2,2,0.0,0.0,0.0,0.0,0.0,2.0,0,3,2
181511,16,2,3,17,6,3,0,1,0,1,2,36,2,2,0.0,0.0,0.0,0.0,0.0,3.0,12,3,12
102970,16,2,3,15,11,3,0,1,1,1,2,4,2,2,0.0,0.0,0.0,0.0,0.0,2.0,12,2,7
22018,16,2,3,10,8,3,0,5,1,1,2,19,2,2,0.0,0.0,0.0,0.0,0.0,3.0,15,5,2
14665,4,2,3,7,10,3,0,1,0,0,1,26,2,2,0.0,0.0,0.0,0.0,0.0,1.0,8,4,1
134780,16,2,3,0,8,3,0,1,0,1,2,6,2,3,4.0,0.0,0.0,1.0,3.0,1.0,13,2,9
129691,16,2,1,2,10,3,0,1,0,1,2,22,1,3,1.0,0.0,0.0,1.0,0.0,0.0,20,3,9
159147,16,2,3,15,6,3,0,1,1,1,2,18,2,2,0.0,0.0,0.0,0.0,0.0,2.0,9,4,11
46820,15,2,3,9,8,3,0,1,0,1,0,17,2,3,1.0,0.0,0.0,1.0,0.0,1.0,7,5,4
126595,4,2,3,17,2,3,0,1,1,1,2,36,2,2,0.0,0.0,0.0,0.0,0.0,3.0,16,2,9
21863,16,11,5,17,8,3,5,1,1,1,1,36,2,2,0.0,0.0,0.0,0.0,0.0,2.0,17,2,2
160340,16,2,3,10,8,3,6,1,1,1,2,36,2,2,0.0,0.0,0.0,0.0,0.0,2.0,13,6,11
110633,16,2,3,17,6,3,0,1,1,1,2,36,2,2,0.0,0.0,0.0,0.0,0.0,2.0,16,6,8
122534,16,3,3,17,6,3,0,1,0,1,2,24,2,2,0.0,0.0,0.0,0.0,0.0,2.0,10,7,9
6415,4,2,3,15,2,3,6,5,1,1,2,23,2,2,0.0,0.0,0.0,0.0,0.0,2.0,21,7,1
141183,16,2,3,10,2,3,0,1,1,1,1,36,2,2,0.0,0.0,0.0,0.0,0.0,2.0,11,1,10
175325,4,2,0,15,8,3,0,1,0,1,2,36,2,2,0.0,0.0,0.0,0.0,0.0,2.0,20,4,12
83082,15,2,3,0,2,3,0,5,1,1,2,26,2,2,0.0,0.0,0.0,0.0,0.0,4.0,17,6,6
92837,16,2,3,0,6,3,0,1,1,1,2,6,2,2,0.0,0.0,0.0,0.0,0.0,2.0,5,2,7
174837,16,2,2,0,6,4,0,5,1,1,0,36,2,2,0.0,0.0,0.0,0.0,0.0,2.0,17,5,12
154168,16,7,1,17,8,3,6,5,0,1,2,18,2,3,1.0,0.0,0.0,1.0,0.0,2.0,18,6,10
111569,16,2,3,17,1,3,0,1,1,1,1,18,2,2,0.0,0.0,0.0,0.0,0.0,2.0,15,5,8
165194,16,2,1,10,2,3,0,1,0,1,2,18,3,4,1.0,0.0,0.0,0.0,1.0,3.0,17,6,11
85969,4,2,3,9,8,3,0,1,1,1,0,18,2,2,0.0,0.0,0.0,0.0,0.0,2.0,14,1,6
46998,16,2,1,15,6,3,0,1,1,1,2,23,2,2,0.0,0.0,0.0,0.0,0.0,3.0,19,3,4
17892,4,10,3,2,8,3,4,1,0,1,2,39,1,2,0.0,0.0,0.0,0.0,0.0,1.0,10,4,2
124592,16,7,1,0,6,3,6,1,0,1,2,39,2,3,1.0,0.0,0.0,1.0,0.0,1.0,5,3,9
156140,16,11,3,17,1,3,5,1,1,0,2,24,2,2,0.0,0.0,0.0,0.0,0.0,2.0,15,4,11
16989,16,11,0,15,2,3,5,5,1,0,1,23,2,2,0.0,0.0,0.0,0.0,0.0,2.0,21,3,2
85991,16,2,3,10,8,3,0,1,1,1,1,36,3,2,0.0,0.0,0.0,0.0,0.0,3.0,17,1,6
160139,16,2,3,10,6,3,0,1,0,1,2,18,2,3,3.0,0.0,0.0,3.0,0.0,1.0,7,4,11
51488,16,3,3,0,8,3,6,5,1,1,2,36,2,2,0.0,0.0,0.0,0.0,0.0,5.0,7,5,4
6060,15,2,3,0,11,3,0,1,1,1,2,5,2,2,0.0,0.0,0.0,0.0,0.0,3.0,9,7,1
152271,15,2,3,10,8,3,0,1,0,1,2,19,2,2,0.0,0.0,0.0,0.0,0.0,2.0,11,5,10
89320,15,2,1,8,8,3,0,5,0,1,1,26,2,3,1.0,0.0,0.0,1.0,0.0,1.0,20,4,7
180840,16,2,4,0,1,3,0,1,0,1,2,36,2,3,3.0,0.0,0.0,3.0,0.0,0.0,16,1,12
168382,4,2,3,17,11,3,0,1,1,1,2,24,2,2,0.0,0.0,0.0,0.0,0.0,2.0,14,3,11
70793,15,2,3,17,15,3,0,1,1,1,2,24,3,2,0.0,0.0,0.0,0.0,0.0,2.0,17,5,5
18864,16,2,3,17,2,3,0,1,1,1,1,18,2,2,0.0,0.0,0.0,0.0,0.0,4.0,18,7,2
106716,16,2,1,15,10,3,0,1,1,1,1,36,2,2,0.0,0.0,0.0,0.0,0.0,2.0,2,1,8
47656,16,7,3,2,3,3,6,1,0,0,1,13,1,1,2.0,0.0,2.0,0.0,0.0,1.0,18,6,4
160264,15,2,3,0,2,3,0,1,1,1,2,36,2,2,0.0,0.0,0.0,0.0,0.0,5.0,16,4,11
96011,4,2,3,0,8,3,0,1,1,1,2,17,2,2,0.0,0.0,0.0,0.0,0.0,4.0,11,3,7
58612,16,3,1,17,6,4,0,1,0,1,2,6,2,3,1.0,0.0,0.0,1.0,0.0,1.0,20,2,5
145683,4,7,3,9,8,3,6,1,0,1,0,18,3,3,2.0,0.0,0.0,2.0,0.0,1.0,10,7,10
40307,15,2,3,17,2,3,0,1,0,1,2,18,2,2,0.0,0.0,0.0,0.0,0.0,2.0,18,6,3
175154,4,2,1,10,6,3,0,1,0,1,1,17,2,3,1.0,0.0,0.0,1.0,0.0,3.0,20,1,12
73203,16,2,3,15,6,3,0,1,1,1,2,17,2,2,0.0,0.0,0.0,0.0,0.0,2.0,10,6,6
173738,15,2,3,8,3,3,0,1,0,1,1,18,2,3,1.0,0.0,0.0,1.0,0.0,1.0,7,6,12
67172,16,2,1,9,2,3,0,1,0,1,0,18,2,4,1.0,0.0,0.0,0.0,1.0,1.0,21,4,5
185440,15,2,1,17,15,3,5,5,1,1,0,36,2,2,0.0,0.0,0.0,0.0,0.0,2.0,18,5,12
110434,16,2,3,17,3,3,0,1,0,1,2,18,2,2,0.0,0.0,0.0,0.0,0.0,3.0,16,2,8
63613,15,2,3,0,2,3,0,1,1,1,1,36,2,2,0.0,0.0,0.0,0.0,0.0,4.0,7,3,5
150656,15,2,1,17,8,3,0,1,1,1,1,36,2,2,0.0,0.0,0.0,0.0,0.0,2.0,0,6,10
121548,16,2,1,17,5,3,0,1,1,1,2,12,2,2,0.0,0.0,0.0,0.0,0.0,2.0,22,7,9
9044,15,2,3,17,6,3,4,1,1,1,1,36,2,2,0.0,0.0,0.0,0.0,0.0,4.0,15,5,1
182185,16,7,1,0,3,3,6,1,1,1,2,39,2,2,0.0,0.0,0.0,0.0,0.0,5.0,1,7,12
123610,16,2,3,17,6,3,0,1,1,1,2,23,2,2,0.0,0.0,0.0,0.0,0.0,4.0,12,2,9
111643,16,7,4,10,15,3,6,5,1,1,2,17,3,2,0.0,0.0,0.0,0.0,0.0,3.0,18,7,8
67697,16,2,1,10,2,3,0,1,0,1,2,17,2,1,1.0,0.0,1.0,0.0,0.0,2.0,21,5,5
35556,4,2,3,17,8,3,0,1,1,1,1,18,2,2,0.0,0.0,0.0,0.0,0.0,2.0,16,3,3
57951,4,11,3,15,10,3,5,5,1,1,1,26,2,2,0.0,0.0,0.0,0.0,0.0,2.0,15,6,5
22648,4,2,3,17,8,3,0,1,1,1,2,24,2,2,0.0,0.0,0.0,0.0,0.0,3.0,12,7,2
160059,15,2,3,15,8,3,0,1,1,1,0,36,2,2,0.0,0.0,0.0,0.0,0.0,2.0,16,3,11
176192,16,11,1,17,6,3,5,5,0,1,2,24,2,3,2.0,0.0,0.0,1.0,1.0,1.0,17,3,12
150787,16,2,3,15,6,3,0,1,1,1,2,36,2,2,0.0,0.0,0.0,0.0,0.0,2.0,11,1,10
51180,16,2,3,15,2,3,0,1,1,1,2,36,2,2,0.0,0.0,0.0,0.0,0.0,2.0,19,7,4
69847,16,2,3,17,6,3,0,1,0,1,1,18,2,2,0.0,0.0,0.0,0.0,0.0,2.0,18,5,5
103980,15,2,3,8,2,3,0,1,0,1,1,12,2,3,1.0,0.0,0.0,1.0,0.0,1.0,8,3,8
24924,16,2,3,15,2,3,0,1,1,1,0,23,2,2,0.0,0.0,0.0,0.0,0.0,2.0,8,6,2
167606,16,7,3,10,2,3,6,1,0,0,2,19,2,3,1.0,0.0,0.0,1.0,0.0,1.0,8,1,11
57776,16,7,1,10,6,3,6,5,1,1,0,19,2,2,0.0,0.0,0.0,0.0,0.0,3.0,0,4,5
50033,16,2,3,2,8,3,0,1,0,1,2,36,1,2,0.0,0.0,0.0,0.0,0.0,1.0,7,7,4
128233,16,2,3,17,3,3,0,1,0,1,2,36,2,4,1.0,0.0,0.0,0.0,1.0,1.0,11,5,9
140136,16,2,3,9,11,3,0,1,0,1,0,36,2,3,1.0,0.0,0.0,1.0,0.0,1.0,7,2,10
109470,16,2,3,2,18,3,0,1,0,1,2,18,1,2,0.0,0.0,0.0,0.0,0.0,1.0,16,3,8
112339,16,2,3,10,6,3,0,1,1,1,1,36,2,2,0.0,0.0,0.0,0.0,0.0,3.0,17,4,8
52871,16,2,3,2,6,2,0,1,0,1,2,36,1,3,1.0,0.0,0.0,1.0,0.0,0.0,17,2,4
103784,16,2,3,0,18,3,0,1,0,1,2,6,2,1,3.0,0.0,3.0,0.0,0.0,1.0,9,1,7