crash_date,               traffic_control_device,weather_condition,lighting_condition,first_crash_type,trafficway_type,alignment,roadway_surface_cond,road_defect,crash_type,intersection_related_i,damage,prim_contributory_cause,num_units,most_severe_injury,injuries_total,injuries_fatal,injuries_incapacitating,injuries_non_incapacitating,injuries_reported_not_evident,injuries_no_indication,crash_hour,crash_day_of_week,crash_month
104853,17,11,5,10,17,3,5,5,1,1,2,26,2,2,0.0,0.0,0.0,0.0,0.0,2.0,11,2,8
179337,16,2,3,10,8,3,0,1,1,1,2,36,2,2,0.0,0.0,0.0,0.0,0.0,3.0,6,4,12
104669,6,2,3,17,8,3,0,1,0,1,2,23,2,4,1.0,0.0,0.0,0.0,1.0,1.0,15,6,8
107924,16,2,3,0,8,3,0,5,1,1,1,18,2,2,0.0,0.0,0.0,0.0,0.0,2.0,15,7,8
37466,16,2,3,0,8,3,0,1,1,1,1,36,2,2,0.0,0.0,0.0,0.0,0.0,2.0,17,2,3
27786,16,2,1,0,8,3,0,1,0,1,2,26,2,3,3.0,0.0,0.0,3.0,0.0,0.0,23,5,2
91725,16,2,3,10,8,3,6,5,1,1,2,12,2,2,0.0,0.0,0.0,0.0,0.0,2.0,13,6,7
144937,16,2,3,0,6,3,0,1,0,1,2,6,2,4,2.0,0.0,0.0,0.0,2.0,2.0,8,4,10
40216,15,7,3,9,10,3,6,1,1,1,0,36,2,2,0.0,0.0,0.0,0.0,0.0,2.0,11,3,3
167439,16,7,1,17,6,3,6,1,1,1,2,22,2,2,0.0,0.0,0.0,0.0,0.0,2.0,4,3,11
164223,16,2,3,17,8,3,0,1,1,1,1,18,2,2,0.0,0.0,0.0,0.0,0.0,5.0,7,4,11
71940,16,7,3,17,8,3,6,1,1,1,2,24,2,2,0.0,0.0,0.0,0.0,0.0,2.0,18,7,6
90060,15,2,3,10,8,3,0,1,0,1,2,37,2,2,0.0,0.0,0.0,0.0,0.0,2.0,19,1,7
51720,15,2,3,10,10,3,0,1,1,1,2,36,2,2,0.0,0.0,0.0,0.0,0.0,5.0,10,1,4
105309,16,2,1,15,2,3,0,1,1,1,1,14,2,2,0.0,0.0,0.0,0.0,0.0,3.0,21,2,8
153134,15,2,3,0,15,3,0,1,0,1,2,18,2,2,0.0,0.0,0.0,0.0,0.0,2.0,11,4,10
121557,4,2,3,17,15,3,0,5,0,1,2,18,2,2,0.0,0.0,0.0,0.0,0.0,2.0,11,7,9
113398,15,2,1,17,6,3,0,1,1,1,2,5,2,2,0.0,0.0,0.0,0.0,0.0,4.0,0,5,8
96561,16,2,3,10,6,3,0,5,1,1,2,18,2,2,0.0,0.0,0.0,0.0,0.0,2.0,9,4,7
120110,4,3,3,17,19,3,0,1,0,1,2,18,2,1,3.0,0.0,1.0,2.0,0.0,0.0,17,7,8
31775,16,2,3,15,6,3,0,1,1,1,0,36,2,2,0.0,0.0,0.0,0.0,0.0,2.0,18,4,3
145716,16,11,5,9,8,3,5,5,1,1,0,18,2,2,0.0,0.0,0.0,0.0,0.0,2.0,17,2,10
146959,4,2,3,17,2,3,0,1,1,1,1,18,2,2,0.0,0.0,0.0,0.0,0.0,4.0,7,3,10
165462,16,2,3,10,8,3,0,1,1,1,2,36,2,2,0.0,0.0,0.0,0.0,0.0,2.0,17,1,11
175013,16,2,1,0,8,3,0,1,0,1,1,6,2,2,0.0,0.0,0.0,0.0,0.0,2.0,5,5,12
140432,4,2,3,10,8,3,0,1,1,1,1,17,2,2,0.0,0.0,0.0,0.0,0.0,5.0,17,3,10
173308,4,2,3,0,8,3,0,1,0,1,2,18,2,2,0.0,0.0,0.0,0.0,0.0,3.0,11,1,12
145050,15,7,3,0,8,3,6,1,1,1,1,36,2,2,0.0,0.0,0.0,0.0,0.0,2.0,13,6,10
185330,16,2,1,17,1,3,0,1,1,1,2,18,2,2,0.0,0.0,0.0,0.0,0.0,2.0,17,2,12
53294,16,2,1,0,16,3,0,5,0,1,2,6,2,2,0.0,0.0,0.0,0.0,0.0,2.0,0,2,4
4318,4,2,3,17,8,3,0,1,1,1,1,22,2,2,0.0,0.0,0.0,0.0,0.0,2.0,16,5,1
58908,16,11,5,17,19,2,5,5,1,1,2,24,2,2,0.0,0.0,0.0,0.0,0.0,3.0,12,7,5
894,16,11,0,17,6,3,0,1,1,1,0,6,2,2,0.0,0.0,0.0,0.0,0.0,2.0,1,3,1
21339,16,2,3,10,3,3,0,1,1,1,0,19,2,2,0.0,0.0,0.0,0.0,0.0,2.0,9,6,2
61024,4,2,1,17,2,3,0,1,0,1,2,18,2,4,1.0,0.0,0.0,0.0,1.0,1.0,22,6,5
133409,4,2,3,8,8,3,5,5,1,1,2,18,2,2,0.0,0.0,0.0,0.0,0.0,2.0,7,6,9
161459,15,2,3,17,2,3,0,1,1,1,2,24,2,2,0.0,0.0,0.0,0.0,0.0,3.0,9,1,11
41116,16,7,1,15,2,3,6,1,1,0,1,36,2,2,0.0,0.0,0.0,0.0,0.0,4.0,21,6,3
185592,15,2,3,0,19,3,0,1,0,1,2,36,2,1,2.0,0.0,2.0,0.0,0.0,0.0,12,7,12
107412,15,2,3,0,18,4,0,1,0,1,2,18,2,3,1.0,0.0,0.0,1.0,0.0,3.0,18,6,8
160154,16,2,1,0,6,3,0,1,1,1,2,6,2,2,0.0,0.0,0.0,0.0,0.0,2.0,21,4,11
15499,16,2,1,2,8,3,0,5,0,0,2,17,1,1,2.0,0.0,1.0,1.0,0.0,0.0,1,5,2
25864,16,2,3,10,2,3,0,1,1,1,1,19,2,2,0.0,0.0,0.0,0.0,0.0,2.0,11,1,2
109596,16,2,1,17,6,3,0,1,0,1,2,36,2,2,0.0,0.0,0.0,0.0,0.0,2.0,1,5,8
89519,15,2,1,0,2,3,0,1,1,1,2,36,2,2,0.0,0.0,0.0,0.0,0.0,4.0,22,5,7
98147,16,2,0,17,6,3,0,1,1,1,2,24,2,2,0.0,0.0,0.0,0.0,0.0,2.0,23,7,7
112502,16,7,3,0,2,3,6,1,0,1,2,3,2,2,0.0,0.0,0.0,0.0,0.0,2.0,7,5,8
176856,16,2,3,15,6,3,0,1,1,1,1,36,2,2,0.0,0.0,0.0,0.0,0.0,2.0,10,5,12
186680,16,2,3,17,8,3,0,1,1,1,1,24,2,2,0.0,0.0,0.0,0.0,0.0,2.0,10,6,12
82337,16,2,3,10,8,3,0,1,1,1,2,19,2,2,0.0,0.0,0.0,0.0,0.0,2.0,14,1,6
140725,16,2,3,17,6,3,0,1,0,1,2,36,2,2,0.0,0.0,0.0,0.0,0.0,2.0,12,3,10
30178,16,9,3,10,2,3,4,5,0,0,0,36,2,4,2.0,0.0,0.0,0.0,2.0,3.0,8,3,3
155646,16,7,3,0,15,3,6,1,0,1,2,18,2,2,0.0,0.0,0.0,0.0,0.0,3.0,8,5,10
182283,4,2,1,10,6,3,0,1,1,1,2,19,3,2,0.0,0.0,0.0,0.0,0.0,3.0,20,1,12
187287,16,10,3,10,3,3,4,1,1,1,1,39,2,2,0.0,0.0,0.0,0.0,0.0,2.0,13,3,12
178089,4,2,1,17,15,3,0,5,0,1,2,18,2,3,1.0,0.0,0.0,1.0,0.0,1.0,2,1,12
165276,4,2,3,0,8,3,0,1,1,1,2,18,2,2,0.0,0.0,0.0,0.0,0.0,3.0,9,1,11
120744,16,7,3,10,8,3,6,1,1,1,1,19,2,2,0.0,0.0,0.0,0.0,0.0,2.0,18,3,9
136115,15,7,3,0,15,3,6,1,1,1,2,36,2,2,0.0,0.0,0.0,0.0,0.0,2.0,10,7,9
2025,16,2,4,0,8,3,0,1,0,1,2,6,2,2,0.0,0.0,0.0,0.0,0.0,3.0,20,6,1
58525,16,2,1,10,8,3,0,1,1,1,2,19,2,2,0.0,0.0,0.0,0.0,0.0,2.0,2,1,5
79567,15,2,3,15,2,3,0,1,0,1,2,36,2,3,1.0,0.0,0.0,1.0,0.0,1.0,18,2,6
1703,16,2,2,9,6,3,0,1,0,1,0,36,2,4,1.0,0.0,0.0,0.0,1.0,1.0,6,2,1
143279,4,2,3,10,6,3,0,1,0,1,2,36,2,4,1.0,0.0,0.0,0.0,1.0,1.0,16,5,10
30227,16,2,3,14,8,3,0,1,1,1,1,19,2,2,0.0,0.0,0.0,0.0,0.0,2.0,16,5,3
120447,16,2,3,0,6,3,0,1,0,1,2,18,4,4,1.0,0.0,0.0,0.0,1.0,1.0,18,7,8
49019,16,2,3,0,8,3,0,1,1,1,2,6,2,2,0.0,0.0,0.0,0.0,0.0,4.0,10,7,4
160951,16,2,3,0,2,3,0,1,1,1,2,36,2,2,0.0,0.0,0.0,0.0,0.0,2.0,16,7,11
175207,16,2,3,0,6,3,0,6,0,1,2,6,2,2,0.0,0.0,0.0,0.0,0.0,4.0,8,2,12
112661,4,2,3,7,12,3,0,1,1,0,2,36,2,2,0.0,0.0,0.0,0.0,0.0,1.0,10,7,8
178191,16,2,0,10,6,3,0,5,0,1,1,19,2,3,2.0,0.0,0.0,2.0,0.0,1.0,0,2,12
147476,16,2,3,17,8,3,0,1,1,1,2,22,2,2,0.0,0.0,0.0,0.0,0.0,2.0,16,4,10
110964,16,2,3,10,3,3,0,1,1,1,1,17,2,2,0.0,0.0,0.0,0.0,0.0,4.0,19,3,8
27690,16,4,1,17,10,3,0,1,0,1,2,36,2,2,0.0,0.0,0.0,0.0,0.0,2.0,18,4,2
56990,16,2,1,15,8,3,0,1,1,1,1,18,2,2,0.0,0.0,0.0,0.0,0.0,2.0,19,4,5
157830,16,2,3,17,8,3,0,1,0,1,2,22,2,3,2.0,0.0,0.0,2.0,0.0,0.0,8,6,11
165191,15,2,5,0,6,3,0,1,0,1,2,5,2,3,2.0,0.0,0.0,2.0,0.0,0.0,16,6,11
119326,16,2,3,17,8,3,0,1,1,1,2,19,2,2,0.0,0.0,0.0,0.0,0.0,2.0,15,5,8
107790,4,2,3,17,8,3,0,1,1,1,2,23,2,2,0.0,0.0,0.0,0.0,0.0,2.0,16,4,8
154380,15,2,1,17,15,3,0,5,1,1,2,18,2,2,0.0,0.0,0.0,0.0,0.0,2.0,5,3,10
28653,16,2,3,10,6,3,0,1,0,1,2,36,2,3,2.0,0.0,0.0,2.0,0.0,2.0,16,6,3
22318,4,2,3,17,2,3,4,1,1,0,2,36,2,2,0.0,0.0,0.0,0.0,0.0,2.0,6,3,2
153470,16,3,3,0,8,3,6,1,0,1,2,6,2,2,0.0,0.0,0.0,0.0,0.0,2.0,14,1,10
61812,16,2,3,17,8,3,0,1,0,1,2,18,2,2,0.0,0.0,0.0,0.0,0.0,2.0,19,4,5
23779,16,2,3,17,6,3,0,1,1,1,2,24,2,2,0.0,0.0,0.0,0.0,0.0,2.0,8,6,2
128614,16,2,3,10,2,3,0,1,1,1,0,36,2,2,0.0,0.0,0.0,0.0,0.0,2.0,13,4,9
112370,16,2,3,17,6,3,0,1,1,1,2,18,2,2,0.0,0.0,0.0,0.0,0.0,2.0,11,4,8
179250,15,2,3,17,8,3,0,1,0,1,2,38,2,2,0.0,0.0,0.0,0.0,0.0,2.0,16,3,12
70210,16,2,3,9,8,3,0,1,0,1,1,18,2,3,1.0,0.0,0.0,1.0,0.0,1.0,16,3,5
104825,15,2,3,9,2,3,0,1,0,1,2,17,2,3,1.0,0.0,0.0,1.0,0.0,3.0,17,2,8
171727,16,2,1,17,2,3,0,1,0,1,2,17,3,2,0.0,0.0,0.0,0.0,0.0,6.0,20,6,11
25937,15,2,2,10,8,3,6,1,0,1,2,19,2,3,1.0,0.0,0.0,1.0,0.0,1.0,6,4,2
60796,4,2,3,17,6,3,0,1,1,1,2,38,2,2,0.0,0.0,0.0,0.0,0.0,2.0,17,2,5
76509,4,2,1,17,15,3,0,1,1,1,2,18,2,2,0.0,0.0,0.0,0.0,0.0,2.0,21,1,6
19373,16,2,3,17,6,2,0,1,1,1,1,24,2,2,0.0,0.0,0.0,0.0,0.0,2.0,13,2,2
6070,16,2,1,17,2,3,0,1,0,1,2,36,2,3,1.0,0.0,0.0,1.0,0.0,2.0,22,7,1
67885,4,2,1,0,8,3,0,1,0,0,1,18,2,1,1.0,0.0,1.0,0.0,0.0,1.0,21,2,5
171520,16,2,1,9,19,3,0,1,0,1,2,18,2,3,1.0,0.0,0.0,1.0,0.0,1.0,21,4,11
117565,16,2,1,17,8,3,0,1,0,1,2,18,2,2,0.0,0.0,0.0,0.0,0.0,2.0,20,6,8
11549,4,10,0,17,8,3,1,1,0,1,2,18,2,4,2.0,0.0,0.0,0.0,2.0,2.0,19,5,1
10937,16,2,3,17,8,3,6,1,1,1,2,23,2,2,0.0,0.0,0.0,0.0,0.0,2.0,13,2,1
101747,16,2,3,0,6,3,0,1,0,1,2,11,2,3,2.0,0.0,0.0,2.0,0.0,4.0,13,7,7
25148,15,7,1,17,2,3,6,1,1,1,2,23,2,2,0.0,0.0,0.0,0.0,0.0,3.0,7,4,2
125200,15,11,5,0,6,3,5,5,1,1,1,36,2,2,0.0,0.0,0.0,0.0,0.0,2.0,17,5,9
130845,16,2,3,17,2,3,0,5,1,1,2,24,2,2,0.0,0.0,0.0,0.0,0.0,3.0,8,5,9
65772,16,2,3,17,8,3,0,1,0,1,2,18,2,4,2.0,0.0,0.0,0.0,2.0,2.0,9,4,5
102952,16,2,3,17,2,3,0,1,0,1,2,13,2,1,2.0,0.0,1.0,0.0,1.0,1.0,6,2,7
184229,16,2,1,17,1,3,0,1,0,1,2,6,2,2,0.0,0.0,0.0,0.0,0.0,3.0,18,6,12
97319,15,2,3,10,8,3,0,1,1,0,0,19,2,2,0.0,0.0,0.0,0.0,0.0,3.0,15,1,7
141811,16,2,2,17,6,3,0,6,0,1,2,12,2,2,0.0,0.0,0.0,0.0,0.0,2.0,6,3,10
130990,16,2,1,0,6,3,0,1,0,1,2,6,3,2,0.0,0.0,0.0,0.0,0.0,3.0,23,1,9
105945,15,2,3,17,8,3,0,1,1,1,2,18,2,2,0.0,0.0,0.0,0.0,0.0,2.0,14,5,8
81534,16,2,3,9,3,3,2,3,0,1,0,36,2,1,1.0,0.0,1.0,0.0,0.0,1.0,13,3,6
149116,16,2,1,8,6,3,0,5,0,1,2,18,2,3,1.0,0.0,0.0,1.0,0.0,1.0,21,1,10
125138,16,2,3,17,8,3,0,1,1,1,2,24,2,2,0.0,0.0,0.0,0.0,0.0,2.0,11,2,9
183704,16,2,4,17,2,3,0,5,1,1,2,22,2,2,0.0,0.0,0.0,0.0,0.0,2.0,16,6,12
111381,16,2,1,10,8,3,0,1,1,1,1,19,2,2,0.0,0.0,0.0,0.0,0.0,2.0,19,4,8
186141,16,2,1,17,2,3,0,1,1,1,2,18,2,2,0.0,0.0,0.0,0.0,0.0,3.0,19,4,12
139109,16,3,3,0,8,2,0,1,0,1,2,36,2,3,1.0,0.0,0.0,1.0,0.0,1.0,6,1,10
89251,16,2,3,10,8,3,0,1,1,0,2,36,3,2,0.0,0.0,0.0,0.0,0.0,3.0,8,2,7
78005,16,2,3,2,6,3,0,5,0,0,2,26,1,2,0.0,0.0,0.0,0.0,0.0,1.0,19,1,6
107380,16,2,1,9,18,3,0,1,0,1,0,3,2,4,1.0,0.0,0.0,0.0,1.0,2.0,23,4,8
145051,16,2,3,0,8,3,0,1,0,1,2,18,2,3,3.0,0.0,0.0,1.0,2.0,1.0,13,6,10
27707,15,2,3,10,10,3,0,5,1,1,0,21,2,2,0.0,0.0,0.0,0.0,0.0,3.0,8,4,2
98491,15,2,3,0,15,3,0,1,0,1,2,5,2,2,0.0,0.0,0.0,0.0,0.0,4.0,10,4,7
104991,15,2,3,17,6,3,0,1,0,1,2,23,2,3,2.0,0.0,0.0,2.0,0.0,0.0,15,6,8
7357,16,2,1,17,8,3,0,1,1,1,1,18,2,2,0.0,0.0,0.0,0.0,0.0,2.0,19,7,1
156319,16,7,3,0,8,3,6,1,0,1,2,6,2,3,3.0,0.0,0.0,3.0,0.0,1.0,12,4,11
67922,16,2,3,17,6,3,0,1,0,1,2,18,2,3,1.0,0.0,0.0,1.0,0.0,1.0,17,3,5
70965,16,2,1,17,6,3,0,1,0,1,2,6,2,2,0.0,0.0,0.0,0.0,0.0,2.0,1,2,5
139187,16,2,3,10,2,3,0,1,1,1,2,19,2,2,0.0,0.0,0.0,0.0,0.0,2.0,9,2,10
170346,16,2,0,11,8,3,0,6,1,0,2,36,2,2,0.0,0.0,0.0,0.0,0.0,2.0,1,6,11
153875,16,2,3,17,10,3,0,1,1,1,1,24,2,2,0.0,0.0,0.0,0.0,0.0,2.0,17,5,10
17704,16,2,3,14,8,3,0,5,0,1,2,13,2,2,0.0,0.0,0.0,0.0,0.0,2.0,6,2,2
7640,15,10,3,7,4,3,4,1,0,1,2,39,2,2,0.0,0.0,0.0,0.0,0.0,2.0,9,3,1
33636,16,2,3,15,8,3,0,1,1,1,2,23,2,2,0.0,0.0,0.0,0.0,0.0,2.0,15,7,3
114431,16,2,3,17,2,3,0,1,0,1,2,12,3,2,0.0,0.0,0.0,0.0,0.0,2.0,13,1,8
45779,15,2,1,17,6,3,0,1,1,1,2,18,2,2,0.0,0.0,0.0,0.0,0.0,2.0,8,2,4
80490,4,2,3,15,8,3,0,1,1,1,2,17,2,2,0.0,0.0,0.0,0.0,0.0,2.0,6,1,6
118720,17,2,3,17,5,3,0,1,0,1,2,36,2,2,0.0,0.0,0.0,0.0,0.0,2.0,10,2,8
111100,15,2,3,0,18,3,0,1,0,1,2,18,2,2,0.0,0.0,0.0,0.0,0.0,5.0,18,6,8
54749,15,7,1,17,8,3,6,1,1,1,2,36,2,2,0.0,0.0,0.0,0.0,0.0,6.0,20,3,4
148879,15,2,3,0,8,3,0,1,0,1,2,36,2,2,0.0,0.0,0.0,0.0,0.0,3.0,12,3,10
59031,16,2,3,10,3,3,5,5,1,1,1,19,2,2,0.0,0.0,0.0,0.0,0.0,2.0,13,2,5
120861,4,2,3,0,6,3,0,1,1,1,2,36,2,2,0.0,0.0,0.0,0.0,0.0,2.0,14,5,9
12473,16,11,1,9,10,3,5,5,0,1,0,36,2,3,1.0,0.0,0.0,1.0,0.0,1.0,1,7,1
54270,15,2,3,0,6,3,0,1,0,1,2,18,2,3,1.0,0.0,0.0,1.0,0.0,1.0,17,3,4
90148,16,2,3,10,6,3,0,1,0,1,2,36,2,4,1.0,0.0,0.0,0.0,1.0,2.0,11,2,7
108407,16,2,3,0,6,3,0,1,0,1,2,6,2,3,2.0,0.0,0.0,1.0,1.0,0.0,12,6,8
159958,16,2,1,10,6,3,0,1,1,1,2,17,2,2,0.0,0.0,0.0,0.0,0.0,2.0,18,1,11
152462,4,2,3,10,2,3,0,5,1,1,2,19,2,2,0.0,0.0,0.0,0.0,0.0,2.0,14,2,10
143320,15,2,3,0,6,3,0,1,1,1,2,18,2,2,0.0,0.0,0.0,0.0,0.0,2.0,8,5,10
66219,16,7,3,0,18,3,6,1,0,1,2,6,2,2,0.0,0.0,0.0,0.0,0.0,2.0,8,3,5
142903,16,2,1,10,8,3,0,1,1,1,1,19,2,2,0.0,0.0,0.0,0.0,0.0,3.0,19,4,10
106061,4,2,1,0,6,3,0,1,1,1,2,18,2,2,0.0,0.0,0.0,0.0,0.0,2.0,23,6,8
34653,16,3,3,17,6,3,0,1,1,1,2,36,2,2,0.0,0.0,0.0,0.0,0.0,2.0,14,3,3
44828,4,2,3,2,8,4,0,1,0,1,2,30,1,3,2.0,0.0,0.0,1.0,1.0,0.0,16,5,4
30114,16,9,1,15,2,5,6,1,0,1,2,39,2,4,1.0,0.0,0.0,0.0,1.0,2.0,19,2,3
29627,15,3,1,17,8,3,0,1,1,1,2,36,2,2,0.0,0.0,0.0,0.0,0.0,3.0,23,7,3
170596,16,2,3,17,3,3,0,1,1,1,2,22,2,2,0.0,0.0,0.0,0.0,0.0,2.0,8,4,11
24425,16,2,4,17,2,3,0,1,0,1,2,36,2,3,1.0,0.0,0.0,1.0,0.0,2.0,17,1,2
171469,16,2,3,15,6,3,0,1,1,1,1,22,2,2,0.0,0.0,0.0,0.0,0.0,2.0,12,3,11
4209,15,2,1,0,6,3,0,1,0,1,2,5,2,2,0.0,0.0,0.0,0.0,0.0,2.0,17,2,1
57582,15,2,3,17,15,3,0,1,1,1,1,18,2,2,0.0,0.0,0.0,0.0,0.0,3.0,14,7,5
93569,15,2,3,7,6,3,0,1,1,1,2,24,2,2,0.0,0.0,0.0,0.0,0.0,2.0,13,6,7
74215,4,2,1,17,3,3,0,1,0,1,2,36,2,2,0.0,0.0,0.0,0.0,0.0,3.0,2,1,6
10429,4,2,3,15,8,3,0,1,1,1,2,23,2,2,0.0,0.0,0.0,0.0,0.0,2.0,22,7,1
45625,4,7,3,15,8,3,6,1,0,1,2,26,2,2,0.0,0.0,0.0,0.0,0.0,2.0,17,6,4
165601,15,2,3,8,10,3,0,1,1,1,1,18,2,2,0.0,0.0,0.0,0.0,0.0,2.0,11,4,11
459,16,2,1,15,3,3,0,5,1,1,1,36,2,2,0.0,0.0,0.0,0.0,0.0,2.0,1,4,1
126930,16,2,1,10,2,3,0,1,1,1,2,8,2,2,0.0,0.0,0.0,0.0,0.0,4.0,21,1,9
9962,16,2,3,17,6,3,6,1,0,1,2,18,2,2,0.0,0.0,0.0,0.0,0.0,2.0,15,7,1
6570,4,2,3,5,8,3,0,1,0,1,2,17,1,3,1.0,0.0,0.0,1.0,0.0,0.0,9,1,1
127243,4,2,3,8,10,3,0,1,0,1,1,18,2,4,1.0,0.0,0.0,0.0,1.0,1.0,13,5,9
120268,4,2,3,2,0,3,0,1,1,1,2,36,1,2,0.0,0.0,0.0,0.0,0.0,1.0,11,3,8
27542,16,2,1,10,18,3,0,5,0,1,1,26,2,3,1.0,0.0,0.0,1.0,0.0,3.0,21,2,2
60121,16,2,3,17,2,3,0,1,1,1,2,36,2,2,0.0,0.0,0.0,0.0,0.0,2.0,12,4,5
156072,15,2,3,0,8,3,0,5,0,1,2,18,2,2,0.0,0.0,0.0,0.0,0.0,2.0,16,3,11
60790,16,2,3,0,6,3,0,5,1,1,1,6,2,2,0.0,0.0,0.0,0.0,0.0,5.0,15,2,5
33495,16,2,3,10,8,3,0,1,0,1,1,19,2,3,1.0,0.0,0.0,1.0,0.0,4.0,12,3,3
31079,16,2,1,15,8,3,0,5,1,1,2,23,2,2,0.0,0.0,0.0,0.0,0.0,2.0,2,5,3
154475,4,3,3,0,8,3,0,1,0,1,2,18,2,2,0.0,0.0,0.0,0.0,0.0,3.0,16,2,10
123831,16,7,3,10,8,3,0,1,1,1,1,19,2,2,0.0,0.0,0.0,0.0,0.0,3.0,12,4,9
126764,16,2,0,9,6,3,0,1,0,1,0,18,2,3,1.0,0.0,0.0,1.0,0.0,1.0,19,5,9
150966,16,7,3,17,8,3,6,1,0,1,1,36,2,4,1.0,0.0,0.0,0.0,1.0,2.0,13,3,10
164726,15,7,1,10,8,3,6,1,1,1,2,19,2,2,0.0,0.0,0.0,0.0,0.0,3.0,16,3,11
66688,4,2,4,0,8,3,0,1,0,1,2,17,2,2,0.0,0.0,0.0,0.0,0.0,2.0,18,4,5
165162,16,2,1,2,6,3,0,1,0,1,2,17,1,2,0.0,0.0,0.0,0.0,0.0,1.0,0,5,11
79330,16,2,1,17,8,3,0,1,0,1,2,18,2,2,0.0,0.0,0.0,0.0,0.0,6.0,23,4,6
69633,16,7,4,17,6,3,6,1,1,1,2,18,2,2,0.0,0.0,0.0,0.0,0.0,2.0,19,2,5
15850,16,10,3,5,8,3,4,5,1,1,2,39,1,2,0.0,0.0,0.0,0.0,0.0,3.0,11,4,2
133298,15,2,3,0,15,3,0,1,0,1,2,18,2,3,2.0,0.0,0.0,2.0,0.0,1.0,10,4,9
121203,16,2,1,17,1,3,0,1,0,1,2,6,2,2,0.0,0.0,0.0,0.0,0.0,2.0,4,1,9
50194,16,2,3,17,15,3,0,1,1,1,2,6,2,2,0.0,0.0,0.0,0.0,0.0,2.0,8,3,4
170251,16,10,3,3,2,3,6,1,0,1,2,17,4,2,0.0,0.0,0.0,0.0,0.0,5.0,8,3,11
5978,4,11,3,17,8,3,5,5,1,1,2,36,2,2,0.0,0.0,0.0,0.0,0.0,2.0,8,4,1
155843,16,2,1,15,10,3,0,1,1,1,2,22,2,2,0.0,0.0,0.0,0.0,0.0,3.0,22,5,11
119769,4,2,3,0,11,3,5,5,1,0,1,36,2,2,0.0,0.0,0.0,0.0,0.0,2.0,7,3,8
59914,16,2,1,15,8,3,0,1,1,1,2,23,2,2,0.0,0.0,0.0,0.0,0.0,2.0,0,2,5
15267,16,2,1,10,10,3,0,5,1,1,0,19,2,2,0.0,0.0,0.0,0.0,0.0,2.0,19,7,2
98893,16,2,3,15,2,3,0,5,1,1,2,36,2,2,0.0,0.0,0.0,0.0,0.0,2.0,12,2,7
153949,16,2,3,17,3,3,0,1,0,1,1,24,2,1,1.0,0.0,1.0,0.0,0.0,2.0,9,1,10
4489,16,2,3,17,2,3,0,1,1,1,2,18,2,2,0.0,0.0,0.0,0.0,0.0,3.0,15,5,1
2962,4,2,1,10,8,3,0,1,1,1,1,36,2,2,0.0,0.0,0.0,0.0,0.0,2.0,19,7,1
92491,16,2,3,8,2,3,0,1,0,1,0,18,2,3,1.0,0.0,0.0,1.0,0.0,1.0,7,3,7
97152,15,2,3,0,2,3,0,1,0,1,2,6,2,2,0.0,0.0,0.0,0.0,0.0,3.0,13,5,7
21947,16,2,3,0,8,3,0,1,1,1,1,18,2,2,0.0,0.0,0.0,0.0,0.0,2.0,12,3,2
140459,16,7,3,15,8,3,6,2,1,1,2,23,2,2,0.0,0.0,0.0,0.0,0.0,2.0,11,5,10
186155,16,2,3,0,8,3,0,1,0,1,2,6,2,3,1.0,0.0,0.0,1.0,0.0,1.0,10,4,12
109208,16,2,1,17,6,3,0,5,0,1,2,18,4,4,2.0,0.0,0.0,0.0,2.0,5.0,20,7,8
10197,16,2,3,17,6,3,0,1,0,1,2,24,2,2,0.0,0.0,0.0,0.0,0.0,2.0,16,3,1
57982,16,3,3,14,2,3,0,1,1,1,1,21,2,2,0.0,0.0,0.0,0.0,0.0,2.0,12,6,5
23502,16,2,0,17,8,3,0,1,1,1,2,18,2,2,0.0,0.0,0.0,0.0,0.0,2.0,12,6,2
28185,4,2,1,7,4,3,0,1,0,1,2,23,2,2,0.0,0.0,0.0,0.0,0.0,1.0,4,5,2
108992,16,2,1,0,8,3,0,5,1,1,2,5,2,2,0.0,0.0,0.0,0.0,0.0,2.0,21,2,8
8460,16,3,3,17,6,3,0,1,1,1,1,19,2,2,0.0,0.0,0.0,0.0,0.0,2.0,8,3,1
153073,4,2,3,8,8,3,0,1,0,1,0,39,2,4,1.0,0.0,0.0,0.0,1.0,1.0,15,4,10
57939,4,2,3,10,2,3,0,1,1,0,1,19,2,2,0.0,0.0,0.0,0.0,0.0,2.0,18,5,5
70645,4,2,3,15,15,3,0,1,1,0,2,23,2,2,0.0,0.0,0.0,0.0,0.0,3.0,12,4,5
134359,16,2,3,3,5,3,0,1,0,1,2,6,2,2,0.0,0.0,0.0,0.0,0.0,2.0,11,4,9
70761,16,2,3,17,2,3,0,1,0,1,2,18,2,1,1.0,0.0,1.0,0.0,0.0,1.0,11,4,5
174335,15,2,3,17,11,3,0,5,0,1,2,36,2,2,0.0,0.0,0.0,0.0,0.0,2.0,14,3,12
155694,16,11,0,0,8,3,0,1,1,1,1,36,2,2,0.0,0.0,0.0,0.0,0.0,2.0,18,3,11
174310,16,2,3,17,8,3,6,1,0,1,2,18,2,4,1.0,0.0,0.0,0.0,1.0,1.0,7,2,12
178383,16,2,0,17,8,3,0,1,0,1,2,24,2,3,1.0,0.0,0.0,1.0,0.0,3.0,16,4,12
8746,16,2,3,17,10,3,0,1,1,1,2,36,2,2,0.0,0.0,0.0,0.0,0.0,2.0,15,6,1