crash_date,               traffic_control_device,weather_condition,lighting_condition,first_crash_type,trafficway_type,alignment,roadway_surface_cond,road_defect,crash_type,intersection_related_i,damage,prim_contributory_cause,num_units,most_severe_injury,injuries_total,injuries_fatal,injuries_incapacitating,injuries_non_incapacitating,injuries_reported_not_evident,injuries_no_indication,crash_hour,crash_day_of_week,crash_month
141909,16,2,3,0,6,3,5,5,0,1,2,6,2,1,3.0,0.0,3.0,0.0,0.0,0.0,13,6,10
85767,16,2,3,10,2,3,0,1,1,1,2,8,2,2,0.0,0.0,0.0,0.0,0.0,2.0,9,3,6
29359,4,2,3,2,15,3,4,1,0,1,2,36,1,3,1.0,0.0,0.0,1.0,0.0,1.0,14,4,3
102808,16,2,3,10,10,3,0,5,1,1,2,36,2,2,0.0,0.0,0.0,0.0,0.0,2.0,12,7,7
90954,4,2,0,15,10,3,0,1,1,1,1,36,2,2,0.0,0.0,0.0,0.0,0.0,2.0,3,7,7
1691,16,2,3,17,8,3,0,5,1,1,2,36,2,2,0.0,0.0,0.0,0.0,0.0,4.0,16,2,1
132676,15,11,3,0,8,3,5,5,1,1,2,2,2,2,0.0,0.0,0.0,0.0,0.0,2.0,12,1,9
132681,15,2,1,17,6,3,0,5,1,1,2,18,2,2,0.0,0.0,0.0,0.0,0.0,2.0,2,3,9
106775,16,2,3,10,2,3,0,1,1,1,0,10,2,2,0.0,0.0,0.0,0.0,0.0,2.0,6,2,8
108545,4,2,3,15,8,3,0,1,0,1,2,18,2,2,0.0,0.0,0.0,0.0,0.0,2.0,15,3,8
103192,16,2,3,10,8,3,0,1,0,1,2,30,3,4,1.0,0.0,0.0,0.0,1.0,2.0,12,6,7
127708,16,2,1,9,8,3,0,5,0,1,2,18,2,3,1.0,0.0,0.0,1.0,0.0,1.0,19,6,9
39654,4,7,3,17,6,3,6,5,0,1,1,18,2,2,0.0,0.0,0.0,0.0,0.0,2.0,10,7,3
166073,16,2,3,10,8,3,0,1,1,1,1,36,2,2,0.0,0.0,0.0,0.0,0.0,2.0,12,2,11
23760,16,3,1,9,6,3,4,5,1,1,1,36,2,2,0.0,0.0,0.0,0.0,0.0,3.0,17,6,2
50692,16,2,1,17,2,3,0,1,1,1,1,23,2,2,0.0,0.0,0.0,0.0,0.0,3.0,19,6,4
112550,16,2,3,5,8,3,0,1,0,1,2,17,2,1,1.0,0.0,1.0,0.0,0.0,1.0,16,6,8
39478,16,2,3,0,6,3,0,1,1,1,2,38,2,2,0.0,0.0,0.0,0.0,0.0,2.0,8,4,3
185580,16,10,1,10,5,3,4,1,1,1,2,36,2,2,0.0,0.0,0.0,0.0,0.0,4.0,23,7,12
101574,16,2,3,0,6,3,0,1,0,1,2,6,2,3,1.0,0.0,0.0,1.0,0.0,2.0,18,3,7
8178,16,2,3,10,3,3,0,1,0,1,1,19,2,3,1.0,0.0,0.0,1.0,0.0,3.0,12,4,1
96259,15,2,3,0,6,3,0,1,0,1,2,5,2,3,3.0,0.0,0.0,3.0,0.0,1.0,17,6,7
64779,16,2,3,15,8,3,0,1,1,1,2,19,2,2,0.0,0.0,0.0,0.0,0.0,3.0,16,2,5
159728,16,2,3,10,8,3,0,2,1,1,2,17,2,2,0.0,0.0,0.0,0.0,0.0,2.0,10,3,11
118229,16,7,0,10,15,3,6,1,1,1,2,17,2,2,0.0,0.0,0.0,0.0,0.0,2.0,21,3,8
91451,16,2,1,15,8,3,0,1,1,1,2,23,2,2,0.0,0.0,0.0,0.0,0.0,2.0,21,7,7
79186,4,2,3,10,2,3,0,1,1,1,2,19,3,2,0.0,0.0,0.0,0.0,0.0,3.0,17,4,6
66312,15,2,3,8,8,3,0,1,0,1,1,11,2,3,1.0,0.0,0.0,1.0,0.0,1.0,16,6,5
69375,15,2,0,0,6,3,0,1,0,1,2,5,4,1,1.0,0.0,1.0,0.0,0.0,1.0,0,4,5
107036,4,2,3,17,2,3,0,1,0,1,2,18,2,2,0.0,0.0,0.0,0.0,0.0,3.0,10,7,8
175388,15,11,5,17,8,3,5,5,1,1,1,36,2,2,0.0,0.0,0.0,0.0,0.0,2.0,7,6,12
74864,16,2,3,9,6,3,0,1,0,1,0,12,2,3,1.0,0.0,0.0,1.0,0.0,2.0,8,3,6
171984,15,2,3,0,9,3,0,1,1,1,0,18,2,2,0.0,0.0,0.0,0.0,0.0,2.0,8,4,11
11915,15,2,0,10,8,3,0,1,0,1,2,8,3,2,0.0,0.0,0.0,0.0,0.0,3.0,0,2,1
153882,16,2,1,15,10,4,0,1,1,1,2,24,2,2,0.0,0.0,0.0,0.0,0.0,2.0,21,5,10
97961,16,2,3,0,8,3,0,1,0,1,2,6,2,3,2.0,0.0,0.0,2.0,0.0,1.0,13,4,7
4155,16,2,3,2,6,3,0,5,0,1,2,8,1,2,0.0,0.0,0.0,0.0,0.0,1.0,12,7,1
128073,16,2,3,14,6,3,0,1,1,1,0,18,2,2,0.0,0.0,0.0,0.0,0.0,2.0,8,3,9
96593,15,2,3,0,8,4,0,1,0,1,2,36,2,2,0.0,0.0,0.0,0.0,0.0,2.0,15,3,7
182036,15,2,3,0,8,3,0,1,1,1,1,18,2,2,0.0,0.0,0.0,0.0,0.0,2.0,12,3,12
86565,16,2,3,0,2,3,0,1,0,1,2,36,2,1,2.0,0.0,1.0,1.0,0.0,0.0,6,3,6
1174,16,2,3,10,2,3,0,1,1,1,1,36,2,2,0.0,0.0,0.0,0.0,0.0,2.0,15,6,1
184074,4,2,3,17,6,3,0,1,0,1,2,22,2,2,0.0,0.0,0.0,0.0,0.0,3.0,14,7,12
147113,16,2,3,17,3,3,0,1,0,1,2,18,2,2,0.0,0.0,0.0,0.0,0.0,2.0,13,7,10
67681,4,11,3,15,17,3,5,5,1,1,2,22,2,2,0.0,0.0,0.0,0.0,0.0,2.0,19,5,5
34063,16,2,1,17,8,3,0,1,1,1,2,22,2,2,0.0,0.0,0.0,0.0,0.0,2.0,2,7,3
145546,4,2,3,0,10,3,0,1,1,1,2,18,2,2,0.0,0.0,0.0,0.0,0.0,2.0,15,6,10
157488,16,7,3,10,3,3,6,1,1,1,2,36,2,2,0.0,0.0,0.0,0.0,0.0,2.0,10,7,11
183690,16,2,2,9,10,3,0,1,1,1,0,21,2,2,0.0,0.0,0.0,0.0,0.0,2.0,14,6,12
83588,16,2,0,10,2,3,0,1,1,1,2,36,2,2,0.0,0.0,0.0,0.0,0.0,2.0,1,7,6
141831,15,2,3,9,6,3,0,1,0,1,2,5,2,1,1.0,0.0,1.0,0.0,0.0,1.0,9,3,10
74361,4,2,3,17,2,3,0,1,1,1,1,18,2,2,0.0,0.0,0.0,0.0,0.0,2.0,17,4,6
38129,16,2,4,15,8,3,0,1,1,1,0,23,2,2,0.0,0.0,0.0,0.0,0.0,3.0,18,6,3
91545,4,2,3,17,12,3,0,1,0,0,1,18,2,3,1.0,0.0,0.0,1.0,0.0,2.0,17,2,7
5953,16,2,1,10,11,3,0,5,0,1,2,19,2,2,0.0,0.0,0.0,0.0,0.0,2.0,20,1,1
56851,15,2,3,17,3,3,0,1,0,1,2,24,2,3,1.0,0.0,0.0,1.0,0.0,1.0,17,3,5
39890,16,2,1,0,10,3,0,5,0,1,2,6,2,1,2.0,0.0,2.0,0.0,0.0,2.0,0,3,3
91875,16,7,3,17,6,3,6,5,0,1,2,24,2,3,1.0,0.0,0.0,1.0,0.0,1.0,7,2,7
188363,16,3,3,10,2,3,0,1,1,1,1,12,2,2,0.0,0.0,0.0,0.0,0.0,2.0,10,5,12
167393,4,2,1,17,8,3,0,1,1,0,2,18,2,2,0.0,0.0,0.0,0.0,0.0,2.0,17,2,11
22606,16,10,1,8,3,3,6,1,0,1,0,18,2,3,1.0,0.0,0.0,1.0,0.0,4.0,17,7,2
116835,16,2,3,17,15,3,0,1,1,1,2,24,2,2,0.0,0.0,0.0,0.0,0.0,3.0,17,1,8
129743,16,3,3,10,2,3,0,1,1,1,2,8,2,2,0.0,0.0,0.0,0.0,0.0,3.0,8,5,9
61518,16,2,3,0,6,3,0,1,1,1,2,26,2,2,0.0,0.0,0.0,0.0,0.0,2.0,18,7,5
123176,15,2,3,0,6,3,0,5,0,1,2,17,2,4,1.0,0.0,0.0,0.0,1.0,1.0,5,3,9
136877,16,2,3,15,3,3,0,1,1,1,2,22,3,2,0.0,0.0,0.0,0.0,0.0,4.0,8,5,9
91086,16,2,3,10,3,3,0,1,1,1,2,8,2,2,0.0,0.0,0.0,0.0,0.0,2.0,13,3,7
29281,16,2,3,0,10,3,0,5,0,1,2,36,2,3,2.0,0.0,0.0,2.0,0.0,0.0,12,1,3
33473,15,2,2,17,8,3,0,1,0,1,1,36,2,4,2.0,0.0,0.0,0.0,2.0,1.0,8,3,3
125213,16,2,1,10,8,3,0,1,1,1,2,19,2,2,0.0,0.0,0.0,0.0,0.0,2.0,19,5,9
163491,16,7,3,0,8,3,6,1,0,1,2,36,2,2,0.0,0.0,0.0,0.0,0.0,2.0,13,5,11
44317,4,3,3,0,8,3,0,5,0,1,2,18,2,4,2.0,0.0,0.0,0.0,2.0,1.0,10,2,4
146464,15,2,4,0,2,3,0,1,0,1,1,17,2,2,0.0,0.0,0.0,0.0,0.0,2.0,16,3,10
3943,15,7,1,17,8,3,6,1,1,1,2,23,2,2,0.0,0.0,0.0,0.0,0.0,2.0,20,3,1
112380,16,2,3,0,6,3,0,1,0,1,2,6,3,2,0.0,0.0,0.0,0.0,0.0,3.0,13,6,8
167752,16,2,1,17,6,3,0,1,1,1,2,36,2,2,0.0,0.0,0.0,0.0,0.0,2.0,16,6,11
17737,15,2,3,0,15,3,0,1,1,1,2,28,2,2,0.0,0.0,0.0,0.0,0.0,2.0,11,2,2
26819,16,2,3,10,8,3,0,1,1,1,0,36,2,2,0.0,0.0,0.0,0.0,0.0,2.0,8,3,2
110608,15,2,3,0,10,3,0,1,1,1,1,36,2,2,0.0,0.0,0.0,0.0,0.0,4.0,12,5,8
185984,15,7,1,0,6,3,6,5,0,1,2,36,3,2,0.0,0.0,0.0,0.0,0.0,2.0,21,2,12
117286,16,2,1,9,10,3,2,3,0,1,0,18,2,3,1.0,0.0,0.0,1.0,0.0,2.0,3,1,8
66321,16,2,3,0,2,3,0,5,0,1,2,6,2,3,2.0,0.0,0.0,2.0,0.0,4.0,18,6,5
43400,16,2,3,0,10,3,0,1,0,1,2,18,2,2,0.0,0.0,0.0,0.0,0.0,4.0,17,7,4
5736,16,2,3,13,6,3,0,5,1,1,2,36,2,2,0.0,0.0,0.0,0.0,0.0,2.0,10,3,1
54942,16,2,3,8,10,3,0,1,0,1,1,36,2,3,1.0,0.0,0.0,1.0,0.0,2.0,12,6,4
23086,16,2,1,0,8,3,6,1,0,1,2,6,2,2,0.0,0.0,0.0,0.0,0.0,2.0,5,1,2
68409,4,2,3,17,8,3,0,1,1,1,2,24,3,2,0.0,0.0,0.0,0.0,0.0,2.0,14,4,5
70873,15,2,3,0,8,3,0,1,0,1,2,18,2,2,0.0,0.0,0.0,0.0,0.0,3.0,19,7,5
35762,15,2,3,0,8,3,0,1,1,1,2,18,2,2,0.0,0.0,0.0,0.0,0.0,2.0,16,7,3
174933,15,2,3,0,8,3,0,1,0,1,2,5,2,4,1.0,0.0,0.0,0.0,1.0,2.0,13,4,12
121604,4,2,3,17,8,3,0,5,1,1,2,26,2,2,0.0,0.0,0.0,0.0,0.0,2.0,7,2,9
182464,16,2,0,10,2,3,0,5,1,1,2,19,2,2,0.0,0.0,0.0,0.0,0.0,2.0,19,2,12
150851,17,11,5,17,6,3,5,5,1,1,2,36,2,2,0.0,0.0,0.0,0.0,0.0,2.0,22,2,10
34177,16,2,3,17,6,3,5,5,0,1,0,36,2,4,1.0,0.0,0.0,0.0,1.0,1.0,15,2,3
145143,16,2,1,10,8,3,0,1,1,1,1,17,2,2,0.0,0.0,0.0,0.0,0.0,4.0,18,1,10
138494,15,2,4,10,8,3,0,1,1,1,2,19,2,2,0.0,0.0,0.0,0.0,0.0,3.0,6,7,10
107650,16,2,3,8,6,3,0,1,0,1,2,18,2,1,1.0,0.0,1.0,0.0,0.0,1.0,14,4,8
75322,15,3,3,17,2,3,5,5,0,1,2,24,2,3,1.0,0.0,0.0,1.0,0.0,1.0,7,3,6
167768,4,2,2,17,8,3,0,1,0,1,2,18,2,2,0.0,0.0,0.0,0.0,0.0,2.0,6,6,11
108505,16,3,3,9,8,3,6,2,0,1,2,18,2,1,1.0,0.0,1.0,0.0,0.0,1.0,10,2,8
103834,16,2,3,10,6,3,0,1,1,1,2,17,2,2,0.0,0.0,0.0,0.0,0.0,2.0,18,2,7
103365,15,2,3,8,6,3,0,1,0,1,1,36,2,3,1.0,0.0,0.0,1.0,0.0,1.0,17,3,7
105584,15,2,3,0,6,3,0,1,0,1,2,5,2,3,1.0,0.0,0.0,1.0,0.0,3.0,12,7,8
27849,16,2,1,17,6,3,0,1,1,1,2,24,2,2,0.0,0.0,0.0,0.0,0.0,4.0,21,6,2
120105,16,3,3,9,10,3,0,1,0,0,2,17,3,3,1.0,0.0,0.0,1.0,0.0,1.0,15,7,8
88013,16,2,1,17,8,3,0,5,1,1,1,17,2,2,0.0,0.0,0.0,0.0,0.0,2.0,20,4,7
3206,16,2,3,10,6,3,0,1,1,1,2,19,2,2,0.0,0.0,0.0,0.0,0.0,2.0,15,6,1
7545,16,2,3,10,8,3,4,1,1,1,2,36,2,2,0.0,0.0,0.0,0.0,0.0,2.0,22,4,1
53263,16,2,3,15,3,3,0,1,1,0,2,22,2,2,0.0,0.0,0.0,0.0,0.0,3.0,18,2,4
167889,15,2,3,0,6,3,0,1,0,1,2,5,2,4,2.0,0.0,0.0,0.0,2.0,1.0,16,2,11
25745,15,3,3,0,2,3,6,1,1,1,2,36,2,2,0.0,0.0,0.0,0.0,0.0,2.0,7,6,2
100926,15,2,3,10,8,3,0,1,0,1,2,19,2,4,1.0,0.0,0.0,0.0,1.0,2.0,10,6,7
44500,15,7,1,0,8,3,6,5,0,1,2,5,2,2,0.0,0.0,0.0,0.0,0.0,2.0,20,4,4
68594,16,2,3,17,2,3,0,1,1,1,1,24,2,2,0.0,0.0,0.0,0.0,0.0,2.0,10,7,5
35562,16,3,4,10,3,3,0,1,1,1,2,12,2,2,0.0,0.0,0.0,0.0,0.0,2.0,17,3,3
164466,15,2,3,3,6,3,0,1,0,1,2,23,2,3,1.0,0.0,0.0,1.0,0.0,3.0,12,2,11
127785,16,2,1,2,8,3,0,1,0,1,2,15,1,2,0.0,0.0,0.0,0.0,0.0,1.0,5,5,9
47742,16,2,1,10,8,3,0,1,1,1,0,36,2,2,0.0,0.0,0.0,0.0,0.0,2.0,22,7,4
40,16,2,1,17,8,3,0,1,0,1,2,24,3,2,0.0,0.0,0.0,0.0,0.0,6.0,1,2,1
43851,4,2,1,15,8,3,0,1,0,0,2,23,2,3,1.0,0.0,0.0,1.0,0.0,4.0,1,1,4
149618,16,2,3,17,2,3,0,1,0,1,2,17,2,2,0.0,0.0,0.0,0.0,0.0,3.0,9,7,10
8035,15,2,1,0,8,3,0,1,0,1,2,36,2,4,2.0,0.0,0.0,0.0,2.0,1.0,18,5,1
135164,4,2,3,17,6,3,0,1,0,1,2,18,2,2,0.0,0.0,0.0,0.0,0.0,2.0,8,2,9
161202,16,2,1,17,2,3,0,5,1,1,2,36,2,2,0.0,0.0,0.0,0.0,0.0,3.0,22,5,11
124059,16,2,1,9,8,3,0,5,0,1,0,36,2,3,1.0,0.0,0.0,1.0,0.0,1.0,19,2,9
92449,16,3,3,10,8,3,6,1,0,1,2,17,2,4,1.0,0.0,0.0,0.0,1.0,1.0,9,2,7
159139,4,2,1,0,8,3,0,1,1,1,2,18,3,2,0.0,0.0,0.0,0.0,0.0,3.0,20,4,11
150210,16,3,5,0,11,3,2,5,1,1,1,36,2,2,0.0,0.0,0.0,0.0,0.0,3.0,17,1,10
120618,16,2,2,0,11,3,0,1,1,1,2,36,2,2,0.0,0.0,0.0,0.0,0.0,2.0,7,7,9
80982,16,2,3,15,8,3,0,1,1,1,0,22,2,2,0.0,0.0,0.0,0.0,0.0,2.0,16,2,6
7349,16,10,1,15,2,3,6,1,0,1,2,23,2,3,1.0,0.0,0.0,1.0,0.0,2.0,5,7,1
116052,16,2,1,0,15,3,0,1,0,1,2,6,2,2,0.0,0.0,0.0,0.0,0.0,2.0,0,4,8
44671,16,2,4,10,10,3,0,1,0,1,2,19,2,4,1.0,0.0,0.0,0.0,1.0,1.0,8,2,4
57599,16,2,3,17,16,3,0,1,1,1,0,19,2,2,0.0,0.0,0.0,0.0,0.0,2.0,16,7,5
11880,16,7,3,10,8,3,6,1,0,1,2,36,2,1,1.0,0.0,1.0,0.0,0.0,1.0,8,4,1
169044,15,2,3,17,6,3,0,1,0,1,2,18,2,4,1.0,0.0,0.0,0.0,1.0,1.0,10,6,11
47438,4,2,1,17,19,3,0,1,1,1,2,4,2,2,0.0,0.0,0.0,0.0,0.0,3.0,2,4,4
139265,16,2,3,8,2,3,0,5,0,1,1,36,2,3,1.0,0.0,0.0,1.0,0.0,1.0,14,5,10
160208,16,2,1,17,6,3,0,1,1,1,0,36,2,2,0.0,0.0,0.0,0.0,0.0,2.0,18,6,11
16837,17,2,3,8,8,3,0,1,1,1,1,36,2,2,0.0,0.0,0.0,0.0,0.0,2.0,13,6,2
51059,4,2,3,17,6,3,0,1,1,1,0,36,2,2,0.0,0.0,0.0,0.0,0.0,2.0,10,4,4
80309,4,2,3,0,6,3,0,1,1,1,2,36,2,2,0.0,0.0,0.0,0.0,0.0,2.0,9,6,6
59971,16,2,3,17,15,3,0,1,1,1,1,9,2,2,0.0,0.0,0.0,0.0,0.0,3.0,7,4,5
144979,16,11,3,7,15,3,5,1,1,1,0,36,2,2,0.0,0.0,0.0,0.0,0.0,2.0,14,5,10
140488,16,7,1,17,8,3,6,1,1,1,2,24,2,2,0.0,0.0,0.0,0.0,0.0,4.0,17,6,10
151969,16,7,3,10,3,3,6,1,1,1,2,19,2,2,0.0,0.0,0.0,0.0,0.0,2.0,11,3,10
14212,16,2,3,0,8,3,0,1,0,1,2,6,2,3,2.0,0.0,0.0,2.0,0.0,1.0,13,3,1
106217,16,2,3,17,8,3,0,1,1,1,1,36,2,2,0.0,0.0,0.0,0.0,0.0,4.0,13,1,8
173291,16,2,3,17,2,3,0,1,0,1,2,18,2,1,2.0,0.0,1.0,1.0,0.0,0.0,7,1,12
184562,15,7,3,0,8,3,6,1,0,1,2,18,2,2,0.0,0.0,0.0,0.0,0.0,2.0,13,6,12
18401,15,11,5,0,8,3,5,5,1,1,2,5,2,2,0.0,0.0,0.0,0.0,0.0,2.0,18,6,2
54125,15,10,3,0,6,3,4,5,1,1,2,12,2,2,0.0,0.0,0.0,0.0,0.0,2.0,16,7,4
5737,16,2,3,17,6,3,0,1,0,1,2,18,2,3,1.0,0.0,0.0,1.0,0.0,2.0,10,3,1
86335,17,2,3,17,8,3,0,5,0,1,2,17,2,2,0.0,0.0,0.0,0.0,0.0,3.0,12,5,6
136538,15,2,3,9,11,3,0,5,0,1,0,36,2,4,1.0,0.0,0.0,0.0,1.0,1.0,16,6,9
29638,16,2,3,10,8,3,0,1,1,1,0,36,2,2,0.0,0.0,0.0,0.0,0.0,2.0,15,1,3
154066,15,2,1,9,8,3,0,1,0,1,0,5,2,3,1.0,0.0,0.0,1.0,0.0,1.0,20,3,10
47608,15,2,3,3,2,3,0,1,1,1,2,5,2,2,0.0,0.0,0.0,0.0,0.0,4.0,18,5,4
173568,16,2,1,17,1,3,0,1,1,1,2,19,2,2,0.0,0.0,0.0,0.0,0.0,2.0,20,7,12
168169,15,2,3,17,8,3,0,1,1,1,2,12,2,2,0.0,0.0,0.0,0.0,0.0,2.0,13,5,11
114078,4,3,1,2,3,2,6,1,0,1,2,17,1,1,1.0,0.0,1.0,0.0,0.0,0.0,23,1,8
51921,15,3,3,0,19,3,6,1,0,1,2,38,2,3,1.0,0.0,0.0,1.0,0.0,1.0,7,6,4
42143,4,7,3,10,2,3,6,1,1,1,2,17,2,2,0.0,0.0,0.0,0.0,0.0,4.0,17,6,3
136317,4,2,1,17,6,3,0,1,0,1,1,18,2,2,0.0,0.0,0.0,0.0,0.0,2.0,18,4,9
103268,4,2,3,15,2,3,0,1,1,1,2,23,2,2,0.0,0.0,0.0,0.0,0.0,2.0,12,7,7
135837,16,2,1,17,5,3,0,5,0,1,2,17,2,4,1.0,0.0,0.0,0.0,1.0,1.0,21,6,9
26558,16,2,1,10,2,3,0,5,0,1,2,36,3,4,1.0,0.0,0.0,0.0,1.0,9.0,19,7,2
80032,4,2,3,0,8,3,0,1,0,1,2,18,2,2,0.0,0.0,0.0,0.0,0.0,2.0,17,1,6
101912,16,2,3,10,8,3,0,1,1,0,2,19,2,2,0.0,0.0,0.0,0.0,0.0,2.0,8,7,7
6524,16,11,0,10,3,3,0,1,1,1,1,19,2,2,0.0,0.0,0.0,0.0,0.0,3.0,21,7,1
63849,4,3,3,10,2,3,0,1,1,1,2,8,2,2,0.0,0.0,0.0,0.0,0.0,7.0,16,1,5
42925,15,2,3,17,6,3,0,1,1,1,1,18,2,2,0.0,0.0,0.0,0.0,0.0,6.0,17,6,4
15738,16,2,3,0,10,3,0,1,1,1,1,3,2,2,0.0,0.0,0.0,0.0,0.0,3.0,15,1,2
67936,16,2,3,17,6,3,0,1,1,1,1,35,2,2,0.0,0.0,0.0,0.0,0.0,3.0,7,3,5
186951,16,7,1,15,6,3,6,5,1,1,2,36,2,2,0.0,0.0,0.0,0.0,0.0,2.0,17,6,12
117540,16,2,3,17,2,3,0,1,0,1,2,6,5,1,7.0,0.0,3.0,1.0,3.0,3.0,16,6,8
51332,15,2,3,4,8,3,0,3,1,1,0,26,1,2,0.0,0.0,0.0,0.0,0.0,1.0,17,1,4
40038,15,2,3,10,15,3,0,6,1,1,2,26,2,2,0.0,0.0,0.0,0.0,0.0,4.0,13,1,3
125985,16,2,1,0,6,3,0,1,0,1,2,12,2,4,1.0,0.0,0.0,0.0,1.0,10.0,20,3,9
144590,4,2,1,7,10,3,0,1,1,1,2,21,2,2,0.0,0.0,0.0,0.0,0.0,1.0,20,3,10
182576,15,2,3,0,8,3,0,1,1,1,2,5,2,2,0.0,0.0,0.0,0.0,0.0,2.0,17,4,12
115593,16,2,3,10,2,3,0,1,1,1,2,19,2,2,0.0,0.0,0.0,0.0,0.0,2.0,5,3,8
183795,16,2,1,15,8,3,0,1,1,1,1,36,2,2,0.0,0.0,0.0,0.0,0.0,2.0,17,7,12
22126,17,2,3,0,10,3,0,1,0,1,2,26,2,3,1.0,0.0,0.0,1.0,0.0,1.0,16,6,2
21235,15,2,3,0,8,3,0,1,1,1,2,36,2,2,0.0,0.0,0.0,0.0,0.0,3.0,9,5,2
187794,16,10,1,17,11,3,4,1,0,1,2,18,2,4,1.0,0.0,0.0,0.0,1.0,1.0,19,3,12
166183,16,2,0,10,8,3,0,5,1,1,2,36,3,2,0.0,0.0,0.0,0.0,0.0,3.0,19,5,11
82896,15,2,3,0,6,3,0,1,0,1,2,18,2,4,2.0,0.0,0.0,0.0,2.0,0.0,16,2,6
95201,15,7,3,17,8,3,6,1,1,1,2,5,2,2,0.0,0.0,0.0,0.0,0.0,2.0,18,4,7
109226,16,2,3,10,8,3,0,1,1,1,0,12,2,2,0.0,0.0,0.0,0.0,0.0,3.0,11,7,8
21271,16,2,3,9,2,3,0,1,1,1,0,18,3,2,0.0,0.0,0.0,0.0,0.0,3.0,14,6,2
23392,16,2,1,0,8,3,0,1,0,1,2,36,2,3,2.0,0.0,0.0,2.0,0.0,1.0,20,7,2
112780,4,2,3,15,8,3,0,4,1,1,2,18,2,2,0.0,0.0,0.0,0.0,0.0,2.0,22,3,8
105590,16,2,3,17,10,3,0,5,1,1,2,23,2,2,0.0,0.0,0.0,0.0,0.0,2.0,16,5,8
97517,16,2,2,3,3,3,0,5,1,1,2,36,2,2,0.0,0.0,0.0,0.0,0.0,2.0,16,4,7
75034,15,2,3,17,10,3,0,1,1,1,2,36,2,2,0.0,0.0,0.0,0.0,0.0,2.0,15,5,6
50380,15,2,3,0,10,3,0,1,0,1,2,18,2,1,4.0,0.0,1.0,3.0,0.0,1.0,11,5,4
119309,15,2,3,10,6,3,0,1,1,1,2,17,2,2,0.0,0.0,0.0,0.0,0.0,2.0,10,3,8
56162,15,2,0,0,6,3,6,1,1,1,1,18,2,2,0.0,0.0,0.0,0.0,0.0,2.0,20,4,5
152087,16,2,3,17,8,3,0,5,1,1,2,12,2,2,0.0,0.0,0.0,0.0,0.0,7.0,17,6,10
85169,16,7,3,10,15,3,6,1,1,1,2,23,2,2,0.0,0.0,0.0,0.0,0.0,2.0,9,3,6
40388,16,2,3,0,8,3,0,1,0,1,2,12,2,1,2.0,0.0,1.0,1.0,0.0,0.0,10,7,3
147534,16,2,3,9,3,3,0,1,0,1,0,36,2,3,1.0,0.0,0.0,1.0,0.0,1.0,15,5,10
108026,16,2,3,9,6,3,0,1,0,1,2,36,2,1,1.0,0.0,1.0,0.0,0.0,1.0,11,1,8
186276,15,11,3,17,3,3,5,5,1,1,1,18,2,2,0.0,0.0,0.0,0.0,0.0,3.0,13,1,12
48474,4,2,3,7,8,3,0,1,1,0,1,24,2,2,0.0,0.0,0.0,0.0,0.0,5.0,15,1,4
44111,16,7,3,10,8,3,6,1,1,1,0,36,2,2,0.0,0.0,0.0,0.0,0.0,2.0,16,4,4
91038,16,2,3,15,2,3,0,1,1,1,0,36,2,2,0.0,0.0,0.0,0.0,0.0,3.0,16,1,7
169207,15,7,3,0,8,4,6,1,0,1,2,18,2,2,0.0,0.0,0.0,0.0,0.0,2.0,13,1,11
24747,10,11,5,8,8,3,5,5,1,1,0,18,2,2,0.0,0.0,0.0,0.0,0.0,2.0,11,3,2
116152,4,7,3,10,8,3,6,1,1,0,1,16,2,2,0.0,0.0,0.0,0.0,0.0,3.0,9,4,8
29157,15,2,3,0,11,3,0,1,1,1,2,38,2,2,0.0,0.0,0.0,0.0,0.0,4.0,15,6,3
167740,16,2,3,17,6,3,0,1,0,1,2,18,2,2,0.0,0.0,0.0,0.0,0.0,3.0,13,6,11
93150,16,2,3,15,10,3,0,1,0,1,2,36,2,4,1.0,0.0,0.0,0.0,1.0,1.0,16,7,7
134125,15,7,3,10,6,3,6,1,0,1,2,17,2,1,2.0,0.0,1.0,1.0,0.0,1.0,11,3,9
177538,15,3,1,13,6,3,5,5,1,1,2,21,2,2,0.0,0.0,0.0,0.0,0.0,2.0,20,7,12
121503,16,2,3,17,6,3,0,1,1,1,2,6,2,2,0.0,0.0,0.0,0.0,0.0,2.0,13,7,9
34378,15,2,3,10,8,3,0,1,1,1,0,19,2,2,0.0,0.0,0.0,0.0,0.0,2.0,13,4,3
53421,15,2,3,17,15,3,0,1,1,1,2,18,2,2,0.0,0.0,0.0,0.0,0.0,3.0,9,5,4
180429,4,7,1,2,3,2,6,1,1,0,2,39,1,2,0.0,0.0,0.0,0.0,0.0,1.0,4,4,12
103166,15,2,3,17,2,3,0,1,0,1,2,18,2,2,0.0,0.0,0.0,0.0,0.0,2.0,8,6,7
34559,16,2,3,0,8,3,0,1,1,1,2,17,2,2,0.0,0.0,0.0,0.0,0.0,3.0,12,7,3
72286,15,7,2,10,6,3,6,1,1,1,2,19,2,2,0.0,0.0,0.0,0.0,0.0,2.0,11,7,6
188742,16,2,1,15,2,3,0,1,1,1,2,36,3,2,0.0,0.0,0.0,0.0,0.0,3.0,17,3,12
89520,16,2,3,17,3,3,0,1,0,1,2,6,2,4,2.0,0.0,0.0,0.0,2.0,1.0,11,5,7
174524,16,2,1,0,18,3,0,1,0,1,2,6,3,1,1.0,0.0,1.0,0.0,0.0,4.0,23,5,12
135511,10,7,1,9,8,3,6,1,0,1,0,39,2,3,1.0,0.0,0.0,1.0,0.0,1.0,18,6,9