crash_date,               traffic_control_device,weather_condition,lighting_condition,first_crash_type,trafficway_type,alignment,roadway_surface_cond,road_defect,crash_type,intersection_related_i,damage,prim_contributory_cause,num_units,most_severe_injury,injuries_total,injuries_fatal,injuries_incapacitating,injuries_non_incapacitating,injuries_reported_not_evident,injuries_no_indication,crash_hour,crash_day_of_week,crash_month
21440,16,2,3,15,8,3,0,1,1,1,2,22,2,2,0.0,0.0,0.0,0.0,0.0,2.0,14,2,2
84148,15,2,3,0,2,3,0,1,1,1,2,18,2,2,0.0,0.0,0.0,0.0,0.0,2.0,16,1,6
6477,15,2,3,0,6,3,0,1,0,1,2,18,2,2,0.0,0.0,0.0,0.0,0.0,2.0,10,2,1
94488,15,11,5,10,6,3,5,5,1,1,1,36,2,2,0.0,0.0,0.0,0.0,0.0,2.0,20,7,7
164554,16,7,3,10,2,3,6,5,1,1,1,19,2,2,0.0,0.0,0.0,0.0,0.0,2.0,15,4,11
139328,16,2,3,17,8,2,0,1,0,0,1,24,2,2,0.0,0.0,0.0,0.0,0.0,2.0,14,3,10
166588,15,2,3,17,3,3,0,1,1,1,1,24,2,2,0.0,0.0,0.0,0.0,0.0,3.0,9,3,11
81230,4,2,3,9,8,3,0,1,0,1,2,18,2,3,1.0,0.0,0.0,1.0,0.0,1.0,9,6,6
159772,15,2,3,10,8,3,0,1,1,1,1,23,2,2,0.0,0.0,0.0,0.0,0.0,2.0,8,4,11
2893,16,2,0,15,10,3,0,1,1,1,1,36,2,2,0.0,0.0,0.0,0.0,0.0,2.0,5,2,1
73637,15,2,1,3,6,3,0,1,0,1,2,18,2,3,4.0,0.0,0.0,1.0,3.0,1.0,22,6,6
12996,4,2,3,0,2,3,0,1,0,1,2,18,2,3,1.0,0.0,0.0,1.0,0.0,1.0,15,1,1
45609,15,7,3,8,8,3,6,1,0,1,0,36,2,3,1.0,0.0,0.0,1.0,0.0,1.0,14,6,4
43238,4,7,3,17,8,3,6,1,1,0,2,23,2,2,0.0,0.0,0.0,0.0,0.0,5.0,9,3,4
74796,16,7,0,0,6,3,6,1,0,1,2,36,2,3,8.0,0.0,0.0,1.0,7.0,1.0,21,2,6
131927,15,2,3,0,2,3,0,1,1,1,1,18,2,2,0.0,0.0,0.0,0.0,0.0,2.0,12,5,9
27893,16,2,1,0,18,3,0,1,0,1,2,6,2,1,1.0,0.0,1.0,0.0,0.0,2.0,19,1,2
104285,16,2,1,11,8,3,0,1,1,1,2,21,2,2,0.0,0.0,0.0,0.0,0.0,4.0,19,1,8
68406,16,2,0,0,6,3,0,1,0,1,2,6,2,4,1.0,0.0,0.0,0.0,1.0,1.0,1,4,5
8429,16,2,3,17,8,3,0,1,0,1,2,18,2,2,0.0,0.0,0.0,0.0,0.0,4.0,15,3,1
20968,16,2,1,17,6,3,0,5,1,1,2,24,2,2,0.0,0.0,0.0,0.0,0.0,2.0,18,2,2
109899,16,2,3,15,8,3,0,1,0,1,1,23,2,3,4.0,0.0,0.0,4.0,0.0,2.0,15,1,8
134770,16,2,3,10,2,3,0,1,1,1,1,36,2,2,0.0,0.0,0.0,0.0,0.0,2.0,13,7,9
123063,16,2,2,0,8,3,0,1,0,1,2,12,2,2,0.0,0.0,0.0,0.0,0.0,2.0,16,1,9
153205,16,2,3,17,3,3,0,1,1,1,2,18,2,2,0.0,0.0,0.0,0.0,0.0,2.0,12,5,10
46679,16,2,3,17,1,3,0,1,1,1,2,36,2,2,0.0,0.0,0.0,0.0,0.0,2.0,9,4,4
69781,15,2,3,10,8,3,0,1,1,1,0,36,2,2,0.0,0.0,0.0,0.0,0.0,2.0,18,3,5
147230,4,3,3,17,15,3,0,6,0,1,2,24,2,3,1.0,0.0,0.0,1.0,0.0,1.0,14,2,10
127915,16,2,3,10,6,3,0,1,0,1,1,36,3,3,1.0,0.0,0.0,1.0,0.0,2.0,14,7,9
172402,16,2,3,0,2,3,0,1,0,1,2,36,2,3,1.0,0.0,0.0,1.0,0.0,1.0,15,3,12
129419,15,2,3,0,6,3,0,1,1,1,2,17,2,2,0.0,0.0,0.0,0.0,0.0,2.0,15,2,9
132817,16,11,5,9,8,3,5,5,0,1,1,18,2,3,1.0,0.0,0.0,1.0,0.0,1.0,17,5,9
108995,16,2,3,17,8,3,0,1,1,1,2,36,2,2,0.0,0.0,0.0,0.0,0.0,2.0,10,2,8
5157,16,3,3,17,3,3,0,1,1,1,2,18,2,2,0.0,0.0,0.0,0.0,0.0,2.0,10,2,1
25085,16,7,3,10,2,3,6,1,1,1,2,19,2,2,0.0,0.0,0.0,0.0,0.0,2.0,7,3,2
124740,16,2,3,17,8,3,0,5,1,1,2,36,2,2,0.0,0.0,0.0,0.0,0.0,2.0,16,5,9
141284,16,2,3,17,8,3,0,1,1,1,1,36,2,2,0.0,0.0,0.0,0.0,0.0,2.0,16,4,10
63771,16,2,1,17,6,3,0,1,0,1,2,18,2,2,0.0,0.0,0.0,0.0,0.0,2.0,23,5,5
123569,4,2,0,10,3,3,0,5,1,1,2,36,2,2,0.0,0.0,0.0,0.0,0.0,2.0,2,2,9
119505,16,2,1,17,8,3,0,1,1,1,1,8,2,2,0.0,0.0,0.0,0.0,0.0,2.0,19,5,8
135990,15,2,3,10,2,3,0,1,1,1,2,36,2,2,0.0,0.0,0.0,0.0,0.0,2.0,15,6,9
123371,16,7,3,15,8,3,6,1,1,1,1,23,2,2,0.0,0.0,0.0,0.0,0.0,2.0,15,5,9
114934,4,2,3,10,2,3,0,1,0,1,2,17,2,2,0.0,0.0,0.0,0.0,0.0,2.0,19,1,8
135597,15,2,3,15,8,3,0,1,0,1,2,36,2,2,0.0,0.0,0.0,0.0,0.0,3.0,12,1,9
145361,16,2,3,17,3,3,0,1,1,1,2,24,2,2,0.0,0.0,0.0,0.0,0.0,2.0,17,2,10
179410,4,2,3,10,8,3,0,1,0,1,2,36,2,2,0.0,0.0,0.0,0.0,0.0,4.0,7,6,12
98241,16,2,3,15,2,3,5,5,1,1,0,12,2,2,0.0,0.0,0.0,0.0,0.0,2.0,14,7,7
141103,16,2,3,10,10,3,0,1,1,1,1,36,2,2,0.0,0.0,0.0,0.0,0.0,2.0,9,7,10
128896,16,2,3,10,8,3,0,1,1,1,2,19,2,2,0.0,0.0,0.0,0.0,0.0,2.0,10,4,9
138167,16,2,1,10,8,3,0,5,1,1,1,19,2,2,0.0,0.0,0.0,0.0,0.0,2.0,1,1,10
129407,4,2,1,17,6,3,0,1,1,1,2,24,2,2,0.0,0.0,0.0,0.0,0.0,2.0,0,7,9
105635,16,2,3,10,8,3,0,1,1,1,1,17,2,2,0.0,0.0,0.0,0.0,0.0,2.0,18,6,8
27850,15,2,1,17,15,3,0,1,0,1,2,5,3,2,0.0,0.0,0.0,0.0,0.0,3.0,21,6,2
41320,15,2,3,0,6,3,0,5,0,1,2,18,2,2,0.0,0.0,0.0,0.0,0.0,2.0,14,6,3
135779,16,2,3,10,6,3,0,1,0,1,2,17,2,2,0.0,0.0,0.0,0.0,0.0,2.0,8,4,9
153810,4,11,3,12,12,3,5,5,1,0,0,26,2,2,0.0,0.0,0.0,0.0,0.0,2.0,11,7,10
37718,16,2,1,17,8,3,0,1,1,1,1,18,2,2,0.0,0.0,0.0,0.0,0.0,2.0,20,5,3
186316,4,2,3,10,3,3,0,1,1,0,1,19,3,2,0.0,0.0,0.0,0.0,0.0,3.0,13,2,12
6593,15,3,3,0,2,3,4,1,0,1,2,18,3,4,2.0,0.0,0.0,0.0,2.0,1.0,15,2,1
19439,16,2,3,17,8,3,1,1,0,1,2,36,2,3,1.0,0.0,0.0,1.0,0.0,1.0,6,4,2
29602,17,3,5,10,17,3,5,5,1,1,2,26,3,2,0.0,0.0,0.0,0.0,0.0,3.0,19,6,3
164112,16,2,3,0,6,3,0,1,0,1,2,36,2,3,2.0,0.0,0.0,2.0,0.0,0.0,11,4,11
90875,16,2,3,9,6,3,0,1,0,1,2,17,2,3,2.0,0.0,0.0,2.0,0.0,1.0,12,7,7
138446,16,2,3,17,6,3,0,1,1,1,2,23,3,2,0.0,0.0,0.0,0.0,0.0,3.0,12,6,10
30079,4,2,1,10,10,3,0,1,0,0,2,17,2,3,1.0,0.0,0.0,1.0,0.0,1.0,17,1,3
158579,4,7,1,2,11,0,6,1,0,1,2,39,1,2,0.0,0.0,0.0,0.0,0.0,1.0,22,3,11
70095,16,2,3,0,8,3,0,1,0,1,2,26,2,4,1.0,0.0,0.0,0.0,1.0,1.0,16,3,5
40398,16,2,3,17,2,3,0,1,0,1,2,6,4,2,0.0,0.0,0.0,0.0,0.0,2.0,11,7,3
61521,16,2,3,17,8,3,0,1,1,1,2,24,2,2,0.0,0.0,0.0,0.0,0.0,5.0,7,7,5
24281,16,2,3,0,6,3,0,1,0,1,1,6,2,2,0.0,0.0,0.0,0.0,0.0,2.0,15,1,2
96033,16,2,3,0,3,3,0,5,1,1,2,6,2,2,0.0,0.0,0.0,0.0,0.0,2.0,18,1,7
155539,16,10,2,17,6,3,6,1,0,1,1,18,2,2,0.0,0.0,0.0,0.0,0.0,2.0,15,3,10
43552,15,7,3,0,8,3,6,5,1,1,2,18,2,2,0.0,0.0,0.0,0.0,0.0,3.0,17,4,4
163317,4,2,2,17,6,3,0,1,0,1,2,11,3,2,0.0,0.0,0.0,0.0,0.0,3.0,16,1,11
167962,15,2,1,17,6,3,0,1,1,1,1,18,2,2,0.0,0.0,0.0,0.0,0.0,3.0,17,3,11
133721,16,2,3,10,1,3,0,5,1,1,2,36,2,2,0.0,0.0,0.0,0.0,0.0,2.0,15,3,9
15699,15,2,0,15,8,3,0,1,1,1,1,36,2,2,0.0,0.0,0.0,0.0,0.0,3.0,20,7,2
116186,16,2,1,10,2,3,0,1,0,1,1,19,2,4,1.0,0.0,0.0,0.0,1.0,1.0,20,5,8
24312,16,2,3,17,6,3,0,1,0,1,2,17,2,2,0.0,0.0,0.0,0.0,0.0,4.0,10,1,2
36423,16,7,1,17,2,3,6,1,0,1,2,18,2,2,0.0,0.0,0.0,0.0,0.0,2.0,19,4,3
87546,16,7,3,15,3,4,6,1,1,1,0,23,2,2,0.0,0.0,0.0,0.0,0.0,2.0,7,4,6
86410,16,3,3,17,10,3,0,1,1,1,2,22,2,2,0.0,0.0,0.0,0.0,0.0,2.0,12,6,6
133829,17,2,4,17,8,3,0,5,1,1,1,36,2,2,0.0,0.0,0.0,0.0,0.0,2.0,20,5,9
38042,15,2,3,0,8,3,0,1,0,1,2,5,3,2,0.0,0.0,0.0,0.0,0.0,6.0,15,5,3
146951,16,2,1,10,2,3,0,1,0,1,2,36,2,3,1.0,0.0,0.0,1.0,0.0,1.0,18,3,10
157198,15,2,3,0,8,3,0,1,1,1,1,36,2,2,0.0,0.0,0.0,0.0,0.0,4.0,12,4,11
6516,4,2,0,10,8,3,0,1,0,1,2,19,2,4,1.0,0.0,0.0,0.0,1.0,1.0,19,7,1
62424,16,2,3,10,10,3,0,1,0,1,2,19,3,3,1.0,0.0,0.0,1.0,0.0,3.0,10,6,5
66946,16,2,3,10,15,3,0,5,1,1,1,21,2,2,0.0,0.0,0.0,0.0,0.0,3.0,19,2,5
57030,16,7,3,17,3,3,6,1,0,1,2,18,2,2,0.0,0.0,0.0,0.0,0.0,2.0,17,5,5
110228,16,2,0,0,15,3,0,1,0,1,2,36,2,2,0.0,0.0,0.0,0.0,0.0,2.0,0,6,8
121175,16,2,3,17,10,3,0,1,0,1,2,24,2,1,1.0,0.0,1.0,0.0,0.0,1.0,9,7,9
187472,16,2,3,17,6,3,0,1,0,1,2,36,2,4,1.0,0.0,0.0,0.0,1.0,2.0,16,7,12
72752,16,7,1,0,2,3,6,5,1,1,2,39,2,2,0.0,0.0,0.0,0.0,0.0,5.0,1,1,6
50317,4,2,3,15,8,3,0,1,1,1,1,36,2,2,0.0,0.0,0.0,0.0,0.0,2.0,14,5,4
111890,4,7,3,0,15,3,6,1,0,1,2,18,2,2,0.0,0.0,0.0,0.0,0.0,3.0,7,5,8
737,16,2,3,9,6,3,0,5,0,1,2,18,3,3,2.0,0.0,0.0,2.0,0.0,1.0,10,5,1
74001,16,2,3,10,15,3,0,1,1,1,0,19,2,2,0.0,0.0,0.0,0.0,0.0,6.0,15,4,6
154938,16,2,3,9,2,3,0,1,1,1,0,18,2,2,0.0,0.0,0.0,0.0,0.0,2.0,16,2,10
167254,16,2,3,0,2,3,0,1,1,1,2,36,2,2,0.0,0.0,0.0,0.0,0.0,5.0,13,7,11
140973,16,2,3,17,8,3,0,1,1,1,2,17,2,2,0.0,0.0,0.0,0.0,0.0,2.0,15,1,10
177642,15,2,1,0,8,3,0,1,1,1,2,18,2,2,0.0,0.0,0.0,0.0,0.0,4.0,19,3,12
101416,15,2,3,0,6,3,0,1,1,1,1,18,2,2,0.0,0.0,0.0,0.0,0.0,2.0,17,7,7
166455,16,3,3,15,3,3,0,1,1,1,2,23,2,2,0.0,0.0,0.0,0.0,0.0,2.0,13,6,11
53966,4,7,3,15,2,3,6,1,1,1,2,22,2,2,0.0,0.0,0.0,0.0,0.0,3.0,17,4,4
7548,16,10,1,15,6,3,4,5,0,1,2,17,2,2,0.0,0.0,0.0,0.0,0.0,3.0,22,4,1
13019,16,2,1,17,3,3,0,1,0,1,2,18,2,2,0.0,0.0,0.0,0.0,0.0,5.0,20,1,1
57072,15,3,3,17,8,3,0,5,0,1,2,17,2,2,0.0,0.0,0.0,0.0,0.0,3.0,12,5,5
151916,16,7,0,17,8,3,6,1,1,1,2,22,2,2,0.0,0.0,0.0,0.0,0.0,2.0,17,3,10
179236,15,2,3,2,15,3,0,1,0,1,2,18,1,2,0.0,0.0,0.0,0.0,0.0,1.0,12,2,12
4127,15,2,4,8,6,3,5,5,0,1,2,11,2,3,1.0,0.0,0.0,1.0,0.0,1.0,16,7,1
123900,16,3,3,17,1,3,0,1,1,1,1,36,2,2,0.0,0.0,0.0,0.0,0.0,2.0,14,6,9
17755,16,2,4,10,8,3,0,1,1,1,0,36,2,2,0.0,0.0,0.0,0.0,0.0,4.0,16,3,2
176624,4,2,1,17,10,3,0,1,1,0,1,24,2,2,0.0,0.0,0.0,0.0,0.0,5.0,17,1,12
104395,16,2,3,8,16,3,0,1,0,0,0,11,2,4,1.0,0.0,0.0,0.0,1.0,1.0,15,3,8
121147,16,2,3,8,3,3,0,1,0,1,0,18,3,1,1.0,0.0,1.0,0.0,0.0,2.0,15,7,9
52049,16,2,3,17,2,3,0,1,0,1,2,36,2,3,1.0,0.0,0.0,1.0,0.0,1.0,9,2,4
175342,15,11,3,10,6,3,5,5,0,1,2,36,2,3,1.0,0.0,0.0,1.0,0.0,2.0,13,6,12
142254,4,2,1,8,8,3,0,1,0,1,0,19,2,4,1.0,0.0,0.0,0.0,1.0,1.0,19,2,10
46966,16,2,3,17,5,3,0,1,1,1,2,18,2,2,0.0,0.0,0.0,0.0,0.0,2.0,14,3,4
93397,15,2,3,0,8,3,0,1,0,1,2,18,2,3,1.0,0.0,0.0,1.0,0.0,1.0,15,5,7
70715,15,2,3,10,8,3,0,1,1,1,2,36,2,2,0.0,0.0,0.0,0.0,0.0,2.0,17,4,5
53106,15,2,3,17,8,3,0,1,0,1,2,18,2,2,0.0,0.0,0.0,0.0,0.0,3.0,17,5,4
171701,15,2,4,7,8,3,6,1,1,1,2,36,2,2,0.0,0.0,0.0,0.0,0.0,1.0,5,6,11
42456,15,2,1,15,2,3,0,1,1,1,2,19,3,2,0.0,0.0,0.0,0.0,0.0,3.0,0,4,4
144168,15,2,3,10,8,3,0,1,1,1,2,19,2,2,0.0,0.0,0.0,0.0,0.0,3.0,11,6,10
128783,15,2,4,0,6,3,0,1,0,1,2,18,2,3,3.0,0.0,0.0,1.0,2.0,1.0,17,6,9
71825,16,2,3,15,8,3,0,1,1,1,2,36,2,2,0.0,0.0,0.0,0.0,0.0,2.0,15,6,6
88504,15,2,3,2,14,3,0,1,1,1,1,12,1,2,0.0,0.0,0.0,0.0,0.0,2.0,11,5,7
95963,16,2,3,10,3,3,0,1,1,1,2,19,3,2,0.0,0.0,0.0,0.0,0.0,3.0,17,3,7
95763,15,7,1,10,10,3,6,1,0,1,2,19,2,2,0.0,0.0,0.0,0.0,0.0,3.0,1,6,7
174228,16,2,1,17,6,3,0,1,1,1,1,36,2,2,0.0,0.0,0.0,0.0,0.0,2.0,16,4,12
189030,16,7,3,0,6,3,6,1,0,1,2,6,3,3,2.0,0.0,0.0,2.0,0.0,5.0,15,3,12
97795,16,2,3,10,8,3,6,1,1,1,0,19,2,2,0.0,0.0,0.0,0.0,0.0,2.0,17,7,7
93576,17,2,3,0,8,3,5,5,1,1,2,36,2,2,0.0,0.0,0.0,0.0,0.0,2.0,14,6,7
111794,16,2,1,0,6,3,0,1,0,1,2,6,2,2,0.0,0.0,0.0,0.0,0.0,8.0,23,2,8
156340,15,7,1,2,10,3,6,1,1,1,2,36,1,2,0.0,0.0,0.0,0.0,0.0,1.0,4,5,11
184520,15,10,3,0,6,3,4,1,1,1,2,39,2,2,0.0,0.0,0.0,0.0,0.0,8.0,16,5,12
124071,16,2,3,0,6,3,0,1,1,1,2,6,2,2,0.0,0.0,0.0,0.0,0.0,2.0,9,2,9
37939,16,2,3,15,16,3,0,1,1,1,2,36,2,2,0.0,0.0,0.0,0.0,0.0,2.0,15,5,3
159655,15,2,1,0,6,3,0,1,1,1,2,18,2,2,0.0,0.0,0.0,0.0,0.0,2.0,18,5,11
119617,16,2,3,10,2,3,0,1,1,1,2,36,2,2,0.0,0.0,0.0,0.0,0.0,2.0,17,1,8
148047,15,2,5,9,2,3,5,5,0,1,0,18,2,3,1.0,0.0,0.0,1.0,0.0,1.0,17,5,10
29146,16,10,3,10,3,3,4,1,0,1,0,19,2,4,2.0,0.0,0.0,0.0,2.0,1.0,8,5,3
132543,16,2,3,10,10,3,0,1,1,1,0,36,2,2,0.0,0.0,0.0,0.0,0.0,4.0,16,7,9
146106,16,2,1,0,8,3,0,1,0,1,2,6,2,3,1.0,0.0,0.0,1.0,0.0,2.0,0,6,10
93147,16,2,3,10,8,3,0,1,1,1,2,19,2,2,0.0,0.0,0.0,0.0,0.0,3.0,15,7,7
89662,16,2,3,17,2,3,0,1,0,0,2,18,2,3,1.0,0.0,0.0,1.0,0.0,1.0,12,1,7
130028,15,2,3,17,8,3,0,5,1,1,2,18,2,2,0.0,0.0,0.0,0.0,0.0,2.0,16,3,9
101500,16,2,3,0,2,3,0,1,1,1,2,36,2,2,0.0,0.0,0.0,0.0,0.0,2.0,17,2,7
184281,16,2,1,10,3,3,0,1,0,1,2,36,2,3,1.0,0.0,0.0,1.0,0.0,3.0,2,7,12
111347,16,7,3,17,3,3,6,6,0,1,2,6,2,3,2.0,0.0,0.0,2.0,0.0,4.0,12,2,8
171342,15,2,1,17,15,3,0,5,1,1,2,36,3,2,0.0,0.0,0.0,0.0,0.0,2.0,20,1,11
169451,16,2,3,17,8,3,0,1,1,1,0,19,2,2,0.0,0.0,0.0,0.0,0.0,2.0,13,6,11
23838,4,2,3,0,8,3,0,1,1,1,2,18,2,2,0.0,0.0,0.0,0.0,0.0,2.0,9,7,2
28847,16,2,1,17,11,3,0,3,0,1,2,18,2,1,1.0,0.0,1.0,0.0,0.0,1.0,22,7,3
183958,16,2,1,10,8,3,0,1,0,1,2,17,2,3,1.0,0.0,0.0,1.0,0.0,1.0,16,4,12
154669,4,7,3,17,15,3,6,1,1,1,2,26,2,2,0.0,0.0,0.0,0.0,0.0,2.0,9,4,10
21882,15,10,3,0,2,3,4,1,0,1,2,39,2,4,1.0,0.0,0.0,0.0,1.0,1.0,10,2,2
184143,16,11,1,9,6,3,5,5,0,1,1,36,2,3,1.0,0.0,0.0,1.0,0.0,1.0,0,7,12
174402,16,2,3,10,8,3,0,5,1,1,2,19,2,2,0.0,0.0,0.0,0.0,0.0,2.0,14,4,12
36141,16,2,4,10,2,3,0,1,0,0,2,17,3,3,1.0,0.0,0.0,1.0,0.0,4.0,16,6,3
34153,16,2,1,10,8,3,0,1,1,1,2,36,3,2,0.0,0.0,0.0,0.0,0.0,3.0,23,1,3
98479,15,2,3,8,6,3,0,1,0,0,1,18,2,4,1.0,0.0,0.0,0.0,1.0,1.0,9,4,7
116696,16,2,3,17,2,3,0,5,0,1,2,17,2,3,2.0,0.0,0.0,2.0,0.0,3.0,14,6,8
124017,15,2,1,0,6,3,0,1,1,1,2,18,2,2,0.0,0.0,0.0,0.0,0.0,4.0,22,7,9
5729,15,2,1,17,8,3,0,1,1,1,2,36,2,2,0.0,0.0,0.0,0.0,0.0,2.0,21,3,1
139305,4,2,3,9,6,3,0,1,0,1,1,18,2,3,1.0,0.0,0.0,1.0,0.0,1.0,9,5,10
9787,16,2,3,10,15,3,6,1,1,1,1,17,2,2,0.0,0.0,0.0,0.0,0.0,2.0,15,4,1
161617,15,2,3,17,11,3,0,1,1,1,2,18,2,2,0.0,0.0,0.0,0.0,0.0,2.0,14,5,11
125093,15,2,3,8,10,3,0,1,1,1,0,17,2,2,0.0,0.0,0.0,0.0,0.0,2.0,17,2,9
130007,4,2,3,7,15,3,0,1,0,1,2,36,2,2,0.0,0.0,0.0,0.0,0.0,1.0,13,3,9
110576,16,2,4,17,6,3,0,1,0,1,2,17,2,4,1.0,0.0,0.0,0.0,1.0,1.0,19,5,8
41963,16,2,3,0,8,4,0,1,0,1,2,6,2,2,0.0,0.0,0.0,0.0,0.0,2.0,16,3,3
60695,16,2,1,17,2,3,0,1,1,1,0,23,2,2,0.0,0.0,0.0,0.0,0.0,2.0,20,6,5
37580,16,2,3,15,11,3,0,1,1,1,2,19,2,2,0.0,0.0,0.0,0.0,0.0,2.0,10,2,3
155622,16,2,1,17,6,3,0,5,1,1,2,36,2,2,0.0,0.0,0.0,0.0,0.0,5.0,16,5,10
29477,16,2,3,17,6,3,0,1,1,1,1,18,2,2,0.0,0.0,0.0,0.0,0.0,4.0,15,6,3
48040,17,11,3,17,2,3,5,5,1,1,1,18,2,2,0.0,0.0,0.0,0.0,0.0,2.0,15,5,4
114372,16,2,3,17,8,3,6,1,0,1,2,6,2,3,3.0,0.0,0.0,3.0,0.0,0.0,16,7,8
151588,16,2,3,0,8,3,0,1,1,1,2,36,2,2,0.0,0.0,0.0,0.0,0.0,2.0,16,4,10
143560,16,7,3,17,6,3,6,1,0,1,2,36,2,2,0.0,0.0,0.0,0.0,0.0,2.0,17,6,10
45167,16,2,1,17,6,3,0,1,0,1,1,18,2,2,0.0,0.0,0.0,0.0,0.0,2.0,23,4,4
139140,16,2,3,0,6,3,0,1,0,1,2,6,2,1,2.0,0.0,1.0,1.0,0.0,0.0,13,2,10
164780,16,7,1,17,2,3,6,1,1,1,2,36,2,2,0.0,0.0,0.0,0.0,0.0,4.0,16,6,11
44035,4,7,3,15,6,3,6,1,0,1,2,22,3,3,2.0,0.0,0.0,2.0,0.0,2.0,13,5,4
46642,15,2,3,0,8,3,0,1,0,1,2,18,2,2,0.0,0.0,0.0,0.0,0.0,3.0,15,4,4
185033,16,10,3,17,6,3,4,1,0,1,2,11,2,2,0.0,0.0,0.0,0.0,0.0,2.0,15,6,12
142678,15,2,3,0,6,3,5,5,0,1,2,36,2,4,1.0,0.0,0.0,0.0,1.0,1.0,17,4,10
3421,16,2,1,17,10,3,0,1,1,1,2,4,2,2,0.0,0.0,0.0,0.0,0.0,2.0,20,1,1
69793,16,2,3,7,8,3,0,1,1,1,1,19,2,2,0.0,0.0,0.0,0.0,0.0,3.0,8,3,5
121439,16,2,3,15,8,3,0,1,1,1,1,36,2,2,0.0,0.0,0.0,0.0,0.0,3.0,15,6,9
14098,4,10,1,0,6,3,4,1,0,1,2,36,2,2,0.0,0.0,0.0,0.0,0.0,2.0,21,1,1
171756,16,2,3,15,2,3,0,1,0,1,1,28,2,3,3.0,0.0,0.0,3.0,0.0,0.0,12,6,11
38048,16,2,3,10,8,3,0,1,1,1,1,23,2,2,0.0,0.0,0.0,0.0,0.0,2.0,16,5,3
151274,16,7,1,14,8,3,6,1,0,0,2,11,2,2,0.0,0.0,0.0,0.0,0.0,3.0,20,1,10
84117,16,2,1,0,8,3,0,1,0,1,2,6,3,2,0.0,0.0,0.0,0.0,0.0,3.0,22,6,6
104534,16,2,3,17,10,3,0,1,1,1,2,22,2,2,0.0,0.0,0.0,0.0,0.0,2.0,14,4,8
150010,16,7,3,15,6,3,6,1,1,1,1,26,2,2,0.0,0.0,0.0,0.0,0.0,2.0,6,5,10
114019,16,2,3,17,10,3,0,1,1,1,1,24,2,2,0.0,0.0,0.0,0.0,0.0,2.0,18,5,8
31120,16,2,3,15,8,3,0,1,1,1,1,23,2,2,0.0,0.0,0.0,0.0,0.0,2.0,8,5,3
178897,15,2,3,0,8,3,5,5,1,1,2,23,3,2,0.0,0.0,0.0,0.0,0.0,3.0,11,3,12
157292,16,2,1,15,6,3,0,1,1,0,2,23,2,2,0.0,0.0,0.0,0.0,0.0,3.0,18,6,11
64934,16,2,3,10,2,3,0,1,0,1,2,36,2,2,0.0,0.0,0.0,0.0,0.0,2.0,16,5,5
52348,16,2,3,17,11,3,0,1,1,1,1,36,2,2,0.0,0.0,0.0,0.0,0.0,2.0,15,7,4
137094,16,2,1,0,2,3,0,1,1,1,2,36,2,2,0.0,0.0,0.0,0.0,0.0,2.0,6,7,9
42844,15,2,1,17,8,3,0,1,0,1,1,18,2,2,0.0,0.0,0.0,0.0,0.0,5.0,20,3,4
116661,16,2,2,15,6,3,0,5,0,1,2,23,2,3,1.0,0.0,0.0,1.0,0.0,1.0,0,7,8
179946,16,2,1,10,2,3,0,1,0,1,2,19,2,3,1.0,0.0,0.0,1.0,0.0,1.0,16,5,12
117502,4,2,3,15,10,3,0,1,1,1,1,36,2,2,0.0,0.0,0.0,0.0,0.0,2.0,9,5,8
2563,16,2,3,17,2,3,0,1,1,1,2,18,2,2,0.0,0.0,0.0,0.0,0.0,2.0,16,2,1
133335,16,2,3,10,6,3,0,1,1,1,2,19,2,2,0.0,0.0,0.0,0.0,0.0,2.0,17,5,9
28982,15,2,3,0,8,3,0,1,1,1,1,5,2,2,0.0,0.0,0.0,0.0,0.0,2.0,13,4,3
33610,16,2,3,10,6,3,0,1,1,1,2,19,3,2,0.0,0.0,0.0,0.0,0.0,3.0,10,6,3
76773,16,3,3,7,8,3,0,2,0,1,2,23,2,2,0.0,0.0,0.0,0.0,0.0,1.0,17,4,6
166773,4,2,3,17,8,3,0,1,0,1,2,18,2,2,0.0,0.0,0.0,0.0,0.0,2.0,9,7,11
84885,16,2,3,0,3,3,0,1,0,1,2,36,2,3,1.0,0.0,0.0,1.0,0.0,4.0,5,5,6
146111,15,2,3,8,15,3,0,5,0,1,2,18,2,3,1.0,0.0,0.0,1.0,0.0,1.0,13,7,10
184284,16,2,3,15,10,3,0,1,1,1,1,22,2,2,0.0,0.0,0.0,0.0,0.0,2.0,15,7,12
163800,16,2,1,10,8,3,0,1,0,1,2,19,2,3,1.0,0.0,0.0,1.0,0.0,2.0,19,6,11
93484,15,7,3,17,2,3,6,5,1,1,2,36,2,2,0.0,0.0,0.0,0.0,0.0,2.0,12,4,7
186082,4,2,1,17,8,3,0,1,1,1,1,36,2,2,0.0,0.0,0.0,0.0,0.0,3.0,17,3,12
133756,4,2,3,8,10,3,0,1,0,1,0,36,2,3,1.0,0.0,0.0,1.0,0.0,1.0,8,3,9
8696,4,2,1,10,8,3,0,1,1,1,0,36,2,2,0.0,0.0,0.0,0.0,0.0,2.0,19,5,1
128321,4,2,1,17,8,3,0,1,1,1,2,24,2,2,0.0,0.0,0.0,0.0,0.0,3.0,20,3,9
39461,15,2,3,17,8,3,0,1,0,1,2,36,2,2,0.0,0.0,0.0,0.0,0.0,2.0,12,2,3