crash_date,               traffic_control_device,weather_condition,lighting_condition,first_crash_type,trafficway_type,alignment,roadway_surface_cond,road_defect,crash_type,intersection_related_i,damage,prim_contributory_cause,num_units,most_severe_injury,injuries_total,injuries_fatal,injuries_incapacitating,injuries_non_incapacitating,injuries_reported_not_evident,injuries_no_indication,crash_hour,crash_day_of_week,crash_month
74898,16,2,3,9,6,3,0,1,0,1,0,18,2,3,1.0,0.0,0.0,1.0,0.0,1.0,15,5,6
10471,16,2,0,10,6,3,6,5,0,1,1,12,2,3,1.0,0.0,0.0,1.0,0.0,2.0,4,1,1
136133,16,2,3,10,8,3,0,1,0,1,2,12,3,2,0.0,0.0,0.0,0.0,0.0,4.0,12,7,9
116986,16,2,3,10,8,3,0,1,0,1,2,19,2,3,1.0,0.0,0.0,1.0,0.0,1.0,12,4,8
76354,16,2,3,0,1,3,0,1,0,1,2,6,3,2,0.0,0.0,0.0,0.0,0.0,5.0,18,5,6
5553,15,10,3,17,8,3,4,1,1,1,2,39,2,2,0.0,0.0,0.0,0.0,0.0,2.0,13,7,1
113902,4,2,1,0,15,3,0,1,0,1,2,18,2,2,0.0,0.0,0.0,0.0,0.0,2.0,1,7,8
127701,16,2,2,15,6,3,5,2,1,1,2,18,2,2,0.0,0.0,0.0,0.0,0.0,5.0,18,6,9
67490,16,11,5,9,6,3,5,5,0,1,2,36,2,3,1.0,0.0,0.0,1.0,0.0,1.0,7,3,5
131405,4,2,1,17,2,3,0,1,1,1,1,6,2,2,0.0,0.0,0.0,0.0,0.0,2.0,23,5,9
37447,15,2,3,0,15,3,0,5,1,1,1,5,2,2,0.0,0.0,0.0,0.0,0.0,2.0,12,1,3
55684,4,2,1,17,15,4,6,1,1,1,1,28,2,2,0.0,0.0,0.0,0.0,0.0,2.0,20,3,4
105982,16,2,3,17,6,3,0,1,1,1,2,24,2,2,0.0,0.0,0.0,0.0,0.0,2.0,10,5,8
88784,16,3,3,0,6,3,0,1,1,1,1,36,2,2,0.0,0.0,0.0,0.0,0.0,2.0,12,3,7
141163,16,2,1,7,10,3,6,1,1,1,1,36,2,2,0.0,0.0,0.0,0.0,0.0,1.0,20,1,10
126670,15,2,3,9,2,3,0,1,0,1,1,36,2,1,1.0,0.0,1.0,0.0,0.0,1.0,14,4,9
35436,15,2,1,17,8,3,0,1,1,1,1,18,2,2,0.0,0.0,0.0,0.0,0.0,2.0,6,7,3
6545,16,2,1,10,10,3,0,5,0,1,2,17,2,2,0.0,0.0,0.0,0.0,0.0,3.0,3,1,1
185912,15,10,3,17,1,3,5,5,1,1,2,24,2,2,0.0,0.0,0.0,0.0,0.0,2.0,15,1,12
93074,15,2,3,10,17,3,0,5,1,1,2,36,2,2,0.0,0.0,0.0,0.0,0.0,2.0,14,5,7
52718,15,2,3,0,6,3,0,1,1,1,2,18,2,2,0.0,0.0,0.0,0.0,0.0,3.0,12,6,4
158121,4,3,3,0,10,3,0,1,0,1,2,18,2,3,1.0,0.0,0.0,1.0,0.0,2.0,14,2,11
174948,16,2,1,17,1,3,0,1,0,1,2,18,2,2,0.0,0.0,0.0,0.0,0.0,2.0,16,4,12
97018,15,2,1,0,15,3,0,5,0,1,2,18,2,3,2.0,0.0,0.0,2.0,0.0,0.0,22,3,7
162107,16,2,3,10,10,3,0,1,1,1,2,36,2,2,0.0,0.0,0.0,0.0,0.0,2.0,15,5,11
133585,15,2,3,10,8,3,0,1,0,1,2,19,2,3,1.0,0.0,0.0,1.0,0.0,1.0,6,7,9
183363,16,2,3,17,3,3,0,5,1,1,2,36,2,2,0.0,0.0,0.0,0.0,0.0,2.0,8,2,12
41663,16,7,1,9,3,3,6,1,0,1,2,17,2,3,1.0,0.0,0.0,1.0,0.0,1.0,20,4,3
15321,16,10,1,10,15,3,4,5,0,1,2,13,3,2,0.0,0.0,0.0,0.0,0.0,3.0,19,2,2
144591,16,2,3,10,10,3,0,3,0,1,2,19,2,4,1.0,0.0,0.0,0.0,1.0,2.0,9,3,10
177900,16,2,3,15,10,3,4,5,1,1,0,36,2,2,0.0,0.0,0.0,0.0,0.0,2.0,9,4,12
128186,16,2,3,0,8,3,5,5,1,1,2,6,2,2,0.0,0.0,0.0,0.0,0.0,2.0,17,5,9
149161,16,2,3,17,2,3,0,1,1,1,0,36,2,2,0.0,0.0,0.0,0.0,0.0,2.0,16,6,10
173945,16,2,3,17,5,3,0,1,1,1,2,18,2,2,0.0,0.0,0.0,0.0,0.0,2.0,8,4,12
107396,4,2,3,17,8,3,0,1,1,1,2,18,2,2,0.0,0.0,0.0,0.0,0.0,3.0,15,6,8
111021,16,2,3,17,6,3,0,1,0,1,2,36,2,2,0.0,0.0,0.0,0.0,0.0,2.0,17,4,8
91185,16,2,3,15,6,3,0,1,0,1,2,17,2,4,2.0,0.0,0.0,0.0,2.0,11.0,5,4,7
40364,15,2,3,0,8,4,0,5,1,1,2,18,2,2,0.0,0.0,0.0,0.0,0.0,2.0,17,7,3
3742,16,2,3,17,6,3,0,1,1,1,2,19,2,2,0.0,0.0,0.0,0.0,0.0,2.0,10,1,1
35488,16,2,4,0,6,3,0,5,0,1,2,6,2,1,1.0,0.0,1.0,0.0,0.0,2.0,4,2,3
134969,15,2,3,0,8,3,0,1,0,1,2,36,2,2,0.0,0.0,0.0,0.0,0.0,2.0,18,5,9
47846,15,7,3,0,6,3,6,1,0,1,2,18,2,2,0.0,0.0,0.0,0.0,0.0,2.0,16,4,4
188803,16,2,1,17,2,3,4,1,0,1,2,36,2,2,0.0,0.0,0.0,0.0,0.0,4.0,17,5,12
164598,16,10,3,17,6,3,6,1,1,1,2,35,2,2,0.0,0.0,0.0,0.0,0.0,2.0,10,4,11
64950,15,2,3,17,15,3,0,5,1,1,2,36,2,2,0.0,0.0,0.0,0.0,0.0,2.0,17,5,5
130089,16,2,1,0,8,3,0,1,0,1,2,37,2,3,1.0,0.0,0.0,1.0,0.0,1.0,1,1,9
634,4,2,1,7,8,3,0,5,0,1,1,28,3,2,0.0,0.0,0.0,0.0,0.0,1.0,2,4,1
172634,16,7,0,10,3,3,6,1,1,1,2,39,2,2,0.0,0.0,0.0,0.0,0.0,2.0,20,6,12
128743,16,2,1,0,8,3,0,1,0,1,2,26,2,3,1.0,0.0,0.0,1.0,0.0,1.0,22,5,9
45105,15,2,3,0,8,3,0,1,1,1,2,18,2,2,0.0,0.0,0.0,0.0,0.0,7.0,8,3,4
62211,16,2,3,10,6,3,0,1,1,1,2,17,2,2,0.0,0.0,0.0,0.0,0.0,2.0,6,2,5
55865,16,7,1,17,8,4,6,1,1,1,1,36,2,2,0.0,0.0,0.0,0.0,0.0,5.0,22,7,4
80935,4,2,3,0,8,3,0,1,1,1,2,18,2,2,0.0,0.0,0.0,0.0,0.0,2.0,12,7,6
119099,16,2,1,10,6,3,0,1,1,1,2,36,2,2,0.0,0.0,0.0,0.0,0.0,2.0,21,7,8
26184,16,2,1,15,10,3,0,1,1,1,1,36,2,2,0.0,0.0,0.0,0.0,0.0,2.0,21,5,2
154512,6,2,3,0,3,3,0,1,0,1,2,18,4,4,1.0,0.0,0.0,0.0,1.0,1.0,12,2,10
182149,16,2,1,9,2,3,0,1,0,1,2,18,2,4,1.0,0.0,0.0,0.0,1.0,1.0,19,6,12
129170,16,2,3,10,6,3,0,1,1,1,1,19,2,2,0.0,0.0,0.0,0.0,0.0,3.0,8,4,9
160335,16,2,1,0,2,3,0,1,0,1,2,6,2,2,0.0,0.0,0.0,0.0,0.0,2.0,0,5,11
19426,4,10,3,7,8,3,6,1,1,1,0,36,2,2,0.0,0.0,0.0,0.0,0.0,1.0,15,4,2
171709,15,2,3,17,2,3,0,1,1,1,2,36,2,2,0.0,0.0,0.0,0.0,0.0,4.0,7,6,11
87011,16,7,1,15,6,3,6,5,0,1,2,12,2,1,4.0,0.0,1.0,3.0,0.0,0.0,22,3,6
96983,16,2,3,17,8,3,0,1,0,1,2,18,2,4,1.0,0.0,0.0,0.0,1.0,1.0,16,3,7
153724,16,2,3,17,2,3,0,1,1,1,2,23,2,2,0.0,0.0,0.0,0.0,0.0,2.0,7,6,10
166391,4,2,3,10,8,3,0,1,1,1,2,17,2,2,0.0,0.0,0.0,0.0,0.0,3.0,12,1,11
35983,15,2,3,0,8,3,0,1,0,1,2,18,2,3,1.0,0.0,0.0,1.0,0.0,2.0,17,3,3
9601,15,2,3,17,8,3,5,5,1,1,2,36,2,2,0.0,0.0,0.0,0.0,0.0,2.0,15,7,1
57148,4,2,3,17,3,3,0,1,1,1,2,18,2,2,0.0,0.0,0.0,0.0,0.0,3.0,9,6,5
103941,16,2,0,9,2,3,0,1,0,1,0,18,2,1,1.0,0.0,1.0,0.0,0.0,1.0,20,2,8
8951,16,2,3,17,2,3,6,1,0,1,2,24,2,2,0.0,0.0,0.0,0.0,0.0,2.0,7,3,1
186586,4,7,1,17,8,3,6,1,1,1,2,36,2,2,0.0,0.0,0.0,0.0,0.0,7.0,18,5,12
40010,16,2,1,15,2,3,0,1,1,1,1,22,2,2,0.0,0.0,0.0,0.0,0.0,3.0,21,7,3
56227,15,2,1,17,8,3,0,1,0,1,2,18,2,3,1.0,0.0,0.0,1.0,0.0,2.0,22,6,5
136166,16,2,3,17,2,3,0,1,1,1,1,36,2,2,0.0,0.0,0.0,0.0,0.0,2.0,17,2,9
106991,15,2,3,0,6,3,0,1,0,1,2,36,2,2,0.0,0.0,0.0,0.0,0.0,3.0,12,6,8
183950,4,11,5,0,2,3,5,5,0,1,1,36,2,3,1.0,0.0,0.0,1.0,0.0,1.0,15,4,12
114049,16,2,3,10,8,3,0,1,1,1,2,19,2,2,0.0,0.0,0.0,0.0,0.0,3.0,14,1,8
160297,16,2,3,15,2,3,0,1,1,1,2,22,2,2,0.0,0.0,0.0,0.0,0.0,2.0,16,5,11
107016,16,11,5,10,8,3,5,5,1,1,1,36,2,2,0.0,0.0,0.0,0.0,0.0,2.0,17,7,8
65111,15,7,3,15,8,3,4,1,1,1,2,36,2,2,0.0,0.0,0.0,0.0,0.0,3.0,18,6,5
21190,16,11,3,10,8,3,5,1,0,1,2,19,2,4,1.0,0.0,0.0,0.0,1.0,1.0,15,5,2
79636,4,2,3,0,15,3,0,1,1,1,2,36,2,2,0.0,0.0,0.0,0.0,0.0,2.0,18,3,6
17984,15,2,3,17,11,3,0,5,1,1,2,36,2,2,0.0,0.0,0.0,0.0,0.0,3.0,14,6,2
6623,17,10,3,15,10,3,4,1,1,0,0,23,4,2,0.0,0.0,0.0,0.0,0.0,4.0,8,2,1
137823,15,7,3,13,3,3,6,1,0,1,2,5,2,3,2.0,0.0,0.0,2.0,0.0,3.0,16,5,10
154777,16,7,1,2,6,3,6,1,0,1,2,39,1,2,0.0,0.0,0.0,0.0,0.0,1.0,2,7,10
66498,15,2,3,0,6,3,0,1,1,1,2,18,2,2,0.0,0.0,0.0,0.0,0.0,4.0,8,3,5
39264,4,2,3,10,8,3,0,1,1,1,2,19,2,2,0.0,0.0,0.0,0.0,0.0,2.0,15,1,3
188051,16,10,3,10,2,3,4,1,1,1,0,19,2,2,0.0,0.0,0.0,0.0,0.0,2.0,9,4,12
102486,16,7,3,9,3,3,6,1,0,1,0,13,2,3,1.0,0.0,0.0,1.0,0.0,1.0,16,2,7
61021,16,3,3,15,2,3,0,1,1,1,2,12,2,2,0.0,0.0,0.0,0.0,0.0,2.0,10,6,5
123757,4,2,3,17,19,3,0,1,0,1,2,36,2,3,1.0,0.0,0.0,1.0,0.0,1.0,17,6,9
172421,16,2,1,17,8,3,0,1,1,1,2,18,2,2,0.0,0.0,0.0,0.0,0.0,2.0,20,3,12
32850,16,2,3,0,6,3,0,5,0,1,2,36,2,1,1.0,0.0,1.0,0.0,0.0,1.0,16,1,3
106602,16,2,1,17,8,3,5,5,1,1,2,24,2,2,0.0,0.0,0.0,0.0,0.0,3.0,0,7,8
144914,15,7,3,0,6,3,6,5,1,1,2,18,2,2,0.0,0.0,0.0,0.0,0.0,2.0,16,4,10
175237,16,2,3,10,6,3,0,5,1,0,2,19,3,2,0.0,0.0,0.0,0.0,0.0,3.0,13,3,12
74127,16,2,0,17,6,3,0,1,1,1,2,24,2,2,0.0,0.0,0.0,0.0,0.0,5.0,23,6,6
103293,16,2,1,0,15,3,0,1,0,1,2,6,2,1,2.0,0.0,1.0,1.0,0.0,0.0,3,1,7
172072,16,2,1,17,3,3,0,1,0,1,2,24,2,2,0.0,0.0,0.0,0.0,0.0,2.0,23,5,11
71354,4,2,3,17,8,3,0,1,0,1,2,24,2,2,0.0,0.0,0.0,0.0,0.0,2.0,18,6,5
101909,16,2,4,10,3,3,0,1,1,1,2,36,2,2,0.0,0.0,0.0,0.0,0.0,3.0,19,7,7
36325,16,2,3,15,2,3,0,5,1,1,2,23,2,2,0.0,0.0,0.0,0.0,0.0,5.0,11,1,3
89218,16,2,3,10,6,3,0,1,1,1,1,12,2,2,0.0,0.0,0.0,0.0,0.0,2.0,15,2,7
95880,16,2,3,17,8,3,0,1,1,1,2,18,2,2,0.0,0.0,0.0,0.0,0.0,2.0,11,7,7
145596,16,7,1,0,6,3,6,5,0,1,2,3,3,2,0.0,0.0,0.0,0.0,0.0,3.0,21,6,10
67452,16,2,1,10,10,3,0,1,1,1,2,36,2,2,0.0,0.0,0.0,0.0,0.0,2.0,2,3,5
103151,15,2,3,0,6,3,0,1,0,1,1,5,2,2,0.0,0.0,0.0,0.0,0.0,2.0,19,6,7
22033,16,7,4,17,6,3,6,1,0,1,2,24,2,4,1.0,0.0,0.0,0.0,1.0,1.0,5,5,2
34408,16,7,1,10,8,3,0,1,1,1,1,19,2,2,0.0,0.0,0.0,0.0,0.0,2.0,19,4,3
56010,16,2,3,17,2,3,0,1,1,1,2,18,2,2,0.0,0.0,0.0,0.0,0.0,3.0,14,1,5
57107,16,2,2,10,15,3,0,1,1,1,2,6,2,2,0.0,0.0,0.0,0.0,0.0,2.0,4,6,5
48796,15,2,3,0,8,3,0,5,1,1,2,18,2,2,0.0,0.0,0.0,0.0,0.0,2.0,12,5,4
149813,16,2,3,10,8,3,0,1,1,1,0,19,2,2,0.0,0.0,0.0,0.0,0.0,3.0,9,1,10
86199,16,2,3,9,18,3,0,1,0,1,0,18,2,3,1.0,0.0,0.0,1.0,0.0,1.0,9,5,6
163575,16,2,3,0,10,3,5,5,1,1,1,26,2,2,0.0,0.0,0.0,0.0,0.0,2.0,8,1,11
117231,16,2,3,9,2,3,0,1,0,1,0,35,2,3,1.0,0.0,0.0,1.0,0.0,1.0,13,7,8
155141,16,2,4,0,2,3,0,1,1,1,2,6,2,2,0.0,0.0,0.0,0.0,0.0,4.0,16,3,10
55268,16,2,3,10,2,3,0,1,1,1,1,17,2,2,0.0,0.0,0.0,0.0,0.0,2.0,17,5,4
61047,16,2,3,17,8,3,0,1,1,1,1,23,2,2,0.0,0.0,0.0,0.0,0.0,2.0,14,5,5
158893,16,2,3,17,6,3,0,1,0,1,2,36,2,2,0.0,0.0,0.0,0.0,0.0,2.0,9,6,11
14427,15,2,1,2,15,3,6,3,1,1,2,36,1,2,0.0,0.0,0.0,0.0,0.0,1.0,0,7,1
100104,16,2,3,10,2,3,0,1,1,1,2,19,3,2,0.0,0.0,0.0,0.0,0.0,3.0,15,2,7
88617,16,2,3,17,8,3,0,1,0,1,2,36,2,2,0.0,0.0,0.0,0.0,0.0,2.0,18,7,7
24636,16,10,0,17,2,3,4,1,0,1,2,18,2,2,0.0,0.0,0.0,0.0,0.0,2.0,20,1,2
186377,17,2,0,0,2,3,0,5,0,1,2,6,2,1,1.0,0.0,1.0,0.0,0.0,1.0,17,3,12
174363,15,2,3,0,2,3,0,1,1,1,2,18,2,2,0.0,0.0,0.0,0.0,0.0,2.0,7,3,12
163484,15,2,1,0,15,3,0,1,0,1,2,36,2,3,1.0,0.0,0.0,1.0,0.0,2.0,0,3,11
17717,16,2,3,17,8,3,0,1,1,0,2,23,2,2,0.0,0.0,0.0,0.0,0.0,2.0,8,2,2
15632,15,2,1,8,3,3,0,1,0,1,0,18,2,4,1.0,0.0,0.0,0.0,1.0,1.0,18,6,2
135491,4,2,3,10,2,3,6,1,1,1,2,36,2,2,0.0,0.0,0.0,0.0,0.0,2.0,16,6,9
44594,16,3,3,10,2,3,0,1,0,1,2,36,2,4,2.0,0.0,0.0,0.0,2.0,2.0,12,6,4
31062,16,2,3,10,8,3,0,1,1,1,2,36,2,2,0.0,0.0,0.0,0.0,0.0,3.0,8,4,3
162533,16,11,5,15,8,3,5,5,1,1,0,23,2,2,0.0,0.0,0.0,0.0,0.0,2.0,15,3,11
12745,15,2,3,17,10,3,6,1,1,1,1,36,2,2,0.0,0.0,0.0,0.0,0.0,2.0,15,5,1
119076,4,2,2,17,15,3,0,1,1,1,2,17,2,2,0.0,0.0,0.0,0.0,0.0,2.0,6,7,8
102919,15,2,3,0,3,3,5,5,1,1,1,18,2,2,0.0,0.0,0.0,0.0,0.0,4.0,12,1,7
155272,15,10,3,0,8,3,4,1,1,1,1,18,3,2,0.0,0.0,0.0,0.0,0.0,4.0,15,5,10
122902,16,2,3,17,8,3,0,1,1,1,2,38,2,2,0.0,0.0,0.0,0.0,0.0,2.0,14,5,9
182622,15,2,3,0,2,3,0,1,1,1,2,18,2,2,0.0,0.0,0.0,0.0,0.0,2.0,11,4,12
76721,16,2,3,10,6,3,0,1,1,1,1,17,2,2,0.0,0.0,0.0,0.0,0.0,2.0,19,2,6
181278,16,2,1,15,8,3,0,1,1,1,1,23,2,2,0.0,0.0,0.0,0.0,0.0,2.0,23,2,12
69053,15,2,3,0,6,3,0,1,0,1,2,18,2,2,0.0,0.0,0.0,0.0,0.0,3.0,17,6,5
99539,15,2,3,17,6,3,0,5,1,1,1,26,2,2,0.0,0.0,0.0,0.0,0.0,3.0,15,7,7
3003,4,2,3,10,8,3,0,1,1,1,2,19,2,2,0.0,0.0,0.0,0.0,0.0,2.0,10,1,1
127466,16,2,3,0,6,3,5,5,0,1,2,11,2,4,2.0,0.0,0.0,0.0,2.0,0.0,9,1,9
86309,16,2,3,17,8,3,0,1,1,1,1,24,2,2,0.0,0.0,0.0,0.0,0.0,2.0,8,5,6
50683,16,2,3,0,6,3,0,5,1,1,2,36,2,2,0.0,0.0,0.0,0.0,0.0,2.0,18,6,4
21653,16,2,3,17,8,3,6,1,1,1,1,36,2,2,0.0,0.0,0.0,0.0,0.0,2.0,16,5,2
62373,16,2,3,17,2,3,0,1,0,1,2,36,3,2,0.0,0.0,0.0,0.0,0.0,3.0,15,6,5
104730,4,2,0,17,3,3,0,1,1,1,2,22,2,2,0.0,0.0,0.0,0.0,0.0,4.0,22,6,8
160100,15,2,3,8,6,3,0,1,0,1,0,18,2,3,1.0,0.0,0.0,1.0,0.0,1.0,14,4,11
90421,16,2,3,17,10,3,0,1,1,1,2,22,2,2,0.0,0.0,0.0,0.0,0.0,2.0,8,5,7
146619,16,2,3,10,8,3,0,1,1,1,0,19,2,2,0.0,0.0,0.0,0.0,0.0,2.0,11,6,10
31212,16,2,1,0,3,3,0,1,0,1,2,6,2,2,0.0,0.0,0.0,0.0,0.0,2.0,3,1,3
2459,16,2,1,10,8,3,0,1,1,1,1,19,2,2,0.0,0.0,0.0,0.0,0.0,2.0,17,7,1
119028,15,2,3,17,15,3,0,1,1,1,2,18,2,2,0.0,0.0,0.0,0.0,0.0,5.0,10,5,8
91623,4,2,3,15,8,3,0,1,1,1,2,18,2,2,0.0,0.0,0.0,0.0,0.0,3.0,17,4,7
155027,15,2,2,15,2,3,0,1,1,1,2,36,2,2,0.0,0.0,0.0,0.0,0.0,2.0,7,4,10
6540,16,2,1,17,10,3,0,1,1,1,0,24,2,2,0.0,0.0,0.0,0.0,0.0,2.0,2,1,1
179562,4,2,3,17,8,3,0,1,1,1,0,23,2,2,0.0,0.0,0.0,0.0,0.0,5.0,11,5,12
67758,16,2,3,17,6,3,0,1,0,1,2,36,2,2,0.0,0.0,0.0,0.0,0.0,4.0,19,6,5
49861,16,2,3,10,8,4,0,1,0,1,2,19,2,4,1.0,0.0,0.0,0.0,1.0,2.0,8,3,4
88672,16,7,1,0,6,3,6,1,0,1,2,36,2,1,3.0,0.0,1.0,1.0,1.0,2.0,2,1,7
62500,16,3,3,10,2,3,0,1,1,1,2,36,2,2,0.0,0.0,0.0,0.0,0.0,2.0,11,7,5
18471,16,2,1,17,2,3,0,1,0,1,2,36,2,2,0.0,0.0,0.0,0.0,0.0,2.0,5,7,2
127882,16,2,3,17,10,3,0,1,1,1,2,24,2,2,0.0,0.0,0.0,0.0,0.0,2.0,8,6,9
93979,16,2,3,17,11,3,0,1,1,1,2,24,2,2,0.0,0.0,0.0,0.0,0.0,2.0,11,4,7
112897,4,2,3,9,8,3,0,1,0,0,0,18,2,3,1.0,0.0,0.0,1.0,0.0,3.0,17,5,8
16512,16,2,1,0,8,3,0,1,0,1,2,6,2,3,1.0,0.0,0.0,1.0,0.0,1.0,19,2,2
110377,17,2,1,17,8,3,5,5,1,1,1,36,2,2,0.0,0.0,0.0,0.0,0.0,2.0,22,7,8
151764,16,2,1,0,3,3,0,1,0,1,2,6,2,2,0.0,0.0,0.0,0.0,0.0,3.0,1,1,10
170314,16,2,3,17,15,3,0,1,1,1,2,24,2,2,0.0,0.0,0.0,0.0,0.0,2.0,7,4,11
84807,4,2,3,13,2,3,0,1,0,1,2,18,2,2,0.0,0.0,0.0,0.0,0.0,2.0,19,3,6
62731,15,2,3,0,18,3,0,1,1,1,2,18,2,2,0.0,0.0,0.0,0.0,0.0,2.0,6,3,5
176670,16,3,1,15,6,3,0,5,1,1,1,36,2,2,0.0,0.0,0.0,0.0,0.0,2.0,16,2,12
8836,16,10,0,15,8,3,4,5,1,1,2,36,2,2,0.0,0.0,0.0,0.0,0.0,2.0,17,7,1
144957,15,2,3,0,6,3,0,1,1,1,2,18,2,2,0.0,0.0,0.0,0.0,0.0,2.0,10,4,10
74271,16,2,1,15,8,3,6,1,0,1,2,23,3,3,1.0,0.0,0.0,1.0,0.0,1.0,0,1,6
26140,15,2,3,0,3,3,1,1,0,1,2,36,2,2,0.0,0.0,0.0,0.0,0.0,2.0,7,7,2
98156,16,2,3,17,6,3,0,1,0,1,2,18,2,2,0.0,0.0,0.0,0.0,0.0,2.0,12,7,7
172122,15,2,3,0,8,3,0,1,1,1,2,18,2,2,0.0,0.0,0.0,0.0,0.0,2.0,9,7,11
43436,16,2,1,7,8,3,0,1,0,1,2,37,3,2,0.0,0.0,0.0,0.0,0.0,1.0,0,7,4
126183,15,2,3,11,8,3,0,1,1,1,1,36,2,2,0.0,0.0,0.0,0.0,0.0,2.0,15,4,9
27059,15,2,1,17,8,3,6,1,0,1,2,39,2,2,0.0,0.0,0.0,0.0,0.0,3.0,0,7,2
37366,16,2,3,17,8,3,0,1,1,1,2,24,2,2,0.0,0.0,0.0,0.0,0.0,2.0,17,7,3
61389,16,2,3,17,2,3,0,1,0,1,2,19,2,2,0.0,0.0,0.0,0.0,0.0,2.0,11,4,5
162424,16,2,1,15,8,3,0,1,1,0,1,23,2,2,0.0,0.0,0.0,0.0,0.0,2.0,18,6,11
3995,16,3,3,17,2,3,0,1,0,1,2,24,2,2,0.0,0.0,0.0,0.0,0.0,3.0,8,4,1
139732,16,3,3,17,3,3,0,1,0,1,1,36,2,3,1.0,0.0,0.0,1.0,0.0,1.0,16,4,10
131748,15,2,3,0,2,3,0,1,0,1,2,18,2,3,1.0,0.0,0.0,1.0,0.0,1.0,16,6,9
186330,17,6,2,10,10,3,6,5,1,1,2,36,2,2,0.0,0.0,0.0,0.0,0.0,2.0,18,2,12
128536,16,2,1,0,3,3,0,1,0,1,2,6,2,3,1.0,0.0,0.0,1.0,0.0,1.0,19,1,9
60950,15,2,3,0,6,3,0,1,0,1,2,36,2,4,3.0,0.0,0.0,0.0,3.0,2.0,8,4,5
115768,15,2,3,10,6,3,0,1,1,1,2,36,2,2,0.0,0.0,0.0,0.0,0.0,2.0,8,6,8
146998,16,2,3,0,8,3,0,1,0,1,1,6,2,2,0.0,0.0,0.0,0.0,0.0,3.0,15,4,10
90159,16,2,3,0,6,3,0,5,0,1,2,36,2,3,2.0,0.0,0.0,1.0,1.0,1.0,13,3,7
70541,16,2,3,10,6,3,0,1,1,1,1,19,2,2,0.0,0.0,0.0,0.0,0.0,2.0,8,2,5
161744,4,2,0,2,8,3,0,3,0,1,2,33,1,2,0.0,0.0,0.0,0.0,0.0,2.0,18,7,11
6814,15,10,3,0,6,3,6,1,1,1,2,39,2,2,0.0,0.0,0.0,0.0,0.0,3.0,18,6,1
72870,16,2,1,10,10,3,0,1,1,1,2,17,2,2,0.0,0.0,0.0,0.0,0.0,2.0,22,7,6
183209,16,11,5,17,6,3,5,5,1,1,0,12,2,2,0.0,0.0,0.0,0.0,0.0,2.0,14,6,12
44537,16,2,3,17,10,3,0,1,1,1,2,24,2,2,0.0,0.0,0.0,0.0,0.0,2.0,14,6,4
123165,16,2,3,17,6,3,0,1,1,1,1,24,2,2,0.0,0.0,0.0,0.0,0.0,2.0,16,3,9
142154,16,2,3,15,6,3,0,1,1,1,2,36,2,2,0.0,0.0,0.0,0.0,0.0,3.0,20,3,10
23197,15,2,3,11,10,3,0,1,0,1,1,21,2,2,0.0,0.0,0.0,0.0,0.0,4.0,16,3,2
44755,15,7,1,0,6,3,6,1,0,1,2,18,2,1,2.0,0.0,1.0,1.0,0.0,2.0,1,4,4
58336,16,2,3,15,8,3,0,1,1,1,0,36,2,2,0.0,0.0,0.0,0.0,0.0,2.0,15,6,5
54006,16,2,5,10,10,3,0,1,1,1,2,19,2,2,0.0,0.0,0.0,0.0,0.0,2.0,21,5,4
174473,4,2,2,15,6,3,0,1,1,0,2,22,2,2,0.0,0.0,0.0,0.0,0.0,3.0,16,5,12
9179,17,11,5,9,8,3,5,5,0,1,2,36,3,3,2.0,0.0,0.0,2.0,0.0,1.0,15,6,1
69308,16,7,3,0,6,3,6,1,0,1,2,6,3,4,7.0,0.0,0.0,0.0,7.0,0.0,18,2,5
44612,15,2,3,0,2,3,0,1,1,1,2,6,2,2,0.0,0.0,0.0,0.0,0.0,2.0,14,7,4
138859,15,2,3,0,8,3,0,1,1,1,2,36,2,2,0.0,0.0,0.0,0.0,0.0,2.0,15,4,10
62594,16,2,3,0,6,3,0,1,0,1,2,6,2,3,2.0,0.0,0.0,2.0,0.0,0.0,12,2,5
37481,4,2,1,0,8,3,0,1,0,1,2,36,2,2,0.0,0.0,0.0,0.0,0.0,2.0,20,2,3
59988,4,2,1,9,2,3,0,1,0,1,1,23,2,3,1.0,0.0,0.0,1.0,0.0,1.0,21,4,5
172395,15,2,3,0,6,3,0,1,0,1,2,11,2,3,2.0,0.0,0.0,2.0,0.0,0.0,13,3,12
68930,16,2,3,9,8,3,0,1,0,1,0,6,2,3,1.0,0.0,0.0,1.0,0.0,2.0,12,4,5
71253,16,2,3,17,8,3,0,1,1,1,1,36,2,2,0.0,0.0,0.0,0.0,0.0,3.0,17,5,5
88990,16,2,3,17,8,3,0,1,0,1,2,36,2,2,0.0,0.0,0.0,0.0,0.0,2.0,10,4,7
49295,16,2,3,0,6,3,0,1,1,1,1,6,2,2,0.0,0.0,0.0,0.0,0.0,2.0,14,1,4
10137,16,2,1,17,8,3,0,1,1,1,0,36,2,2,0.0,0.0,0.0,0.0,0.0,3.0,17,2,1
164331,16,2,1,8,8,3,0,1,1,1,1,36,2,2,0.0,0.0,0.0,0.0,0.0,3.0,20,6,11
14057,16,2,1,10,3,3,4,1,1,1,2,36,2,2,0.0,0.0,0.0,0.0,0.0,4.0,22,7,1
10386,15,2,3,9,8,3,0,1,0,1,1,18,2,1,1.0,0.0,1.0,0.0,0.0,1.0,12,6,1