crash_date,               traffic_control_device,weather_condition,lighting_condition,first_crash_type,trafficway_type,alignment,roadway_surface_cond,road_defect,crash_type,intersection_related_i,damage,prim_contributory_cause,num_units,most_severe_injury,injuries_total,injuries_fatal,injuries_incapacitating,injuries_non_incapacitating,injuries_reported_not_evident,injuries_no_indication,crash_hour,crash_day_of_week,crash_month
167997,16,2,3,17,8,3,0,1,1,1,1,18,2,2,0.0,0.0,0.0,0.0,0.0,2.0,12,3,11
144114,4,3,3,15,3,3,0,1,0,1,2,28,2,3,1.0,0.0,0.0,1.0,0.0,1.0,15,6,10
147861,4,2,3,17,6,3,0,1,0,1,2,36,2,3,1.0,0.0,0.0,1.0,0.0,1.0,14,4,10
34866,4,2,3,17,2,3,0,1,0,1,2,18,2,3,1.0,0.0,0.0,1.0,0.0,1.0,15,5,3
160273,15,2,3,15,8,2,0,1,1,1,0,19,2,2,0.0,0.0,0.0,0.0,0.0,2.0,9,4,11
105540,18,2,3,0,6,3,0,1,0,1,2,18,2,2,0.0,0.0,0.0,0.0,0.0,6.0,16,7,8
177623,16,2,3,17,1,3,0,1,1,1,2,23,2,2,0.0,0.0,0.0,0.0,0.0,2.0,16,3,12
75601,4,7,3,10,8,3,6,5,1,1,1,36,2,2,0.0,0.0,0.0,0.0,0.0,2.0,9,6,6
80242,16,2,3,17,18,3,0,1,1,1,2,24,2,2,0.0,0.0,0.0,0.0,0.0,2.0,10,5,6
179477,16,2,1,17,2,3,0,1,1,1,2,18,2,2,0.0,0.0,0.0,0.0,0.0,5.0,17,4,12
78020,16,11,1,17,2,3,5,5,1,1,1,36,2,2,0.0,0.0,0.0,0.0,0.0,2.0,0,1,6
41514,16,2,3,0,2,3,6,1,1,1,2,18,2,2,0.0,0.0,0.0,0.0,0.0,2.0,8,7,3
95525,16,2,3,10,8,3,0,1,1,1,1,17,2,2,0.0,0.0,0.0,0.0,0.0,3.0,4,7,7
139621,15,7,3,15,6,3,6,5,1,1,2,23,2,2,0.0,0.0,0.0,0.0,0.0,3.0,8,2,10
56907,16,2,2,10,8,3,0,1,0,1,0,36,2,4,1.0,0.0,0.0,0.0,1.0,2.0,5,5,5
109260,16,2,3,17,8,3,0,1,1,1,2,18,2,2,0.0,0.0,0.0,0.0,0.0,2.0,12,5,8
178807,16,2,4,10,8,3,0,1,1,1,2,19,2,2,0.0,0.0,0.0,0.0,0.0,2.0,18,5,12
120646,16,2,3,17,11,3,0,1,1,1,1,24,2,2,0.0,0.0,0.0,0.0,0.0,2.0,0,7,9
129024,15,2,1,17,2,3,0,1,0,1,2,36,2,3,1.0,0.0,0.0,1.0,0.0,1.0,5,1,9
113189,16,2,4,15,8,3,0,1,1,1,2,23,2,2,0.0,0.0,0.0,0.0,0.0,7.0,18,1,8
75653,16,3,3,10,2,3,0,1,0,1,2,19,2,1,1.0,0.0,1.0,0.0,0.0,4.0,19,7,6
12137,15,10,3,0,6,3,6,1,1,1,2,18,2,2,0.0,0.0,0.0,0.0,0.0,2.0,12,7,1
137717,16,2,3,17,2,3,0,1,1,1,0,26,2,2,0.0,0.0,0.0,0.0,0.0,2.0,8,2,10
139570,16,2,1,0,8,3,0,1,0,1,2,6,2,2,0.0,0.0,0.0,0.0,0.0,2.0,22,1,10
75741,16,2,3,10,2,3,0,1,1,1,2,19,2,2,0.0,0.0,0.0,0.0,0.0,4.0,11,2,6
23356,16,10,3,10,8,3,4,1,0,1,0,19,2,2,0.0,0.0,0.0,0.0,0.0,3.0,11,6,2
121101,16,2,3,10,2,3,0,1,1,1,1,19,2,2,0.0,0.0,0.0,0.0,0.0,2.0,13,4,9
111663,16,2,3,0,8,3,0,1,0,1,2,6,2,2,0.0,0.0,0.0,0.0,0.0,3.0,10,7,8
67183,16,2,1,2,8,3,0,1,0,1,0,22,1,4,1.0,0.0,0.0,0.0,1.0,1.0,0,4,5
123160,4,2,3,0,6,3,0,1,1,1,2,18,2,2,0.0,0.0,0.0,0.0,0.0,4.0,15,3,9
37836,4,2,3,0,0,3,0,1,0,1,2,18,2,2,0.0,0.0,0.0,0.0,0.0,2.0,15,2,3
963,4,2,1,17,15,3,0,1,1,1,2,18,2,2,0.0,0.0,0.0,0.0,0.0,4.0,22,5,1
151732,16,2,3,15,2,3,0,1,1,1,2,22,2,2,0.0,0.0,0.0,0.0,0.0,2.0,8,6,10
137679,16,2,3,10,2,3,0,1,0,1,2,19,2,2,0.0,0.0,0.0,0.0,0.0,2.0,14,2,10
132601,17,7,1,3,8,3,6,5,0,1,2,37,2,3,2.0,0.0,0.0,2.0,0.0,1.0,1,1,9
115422,15,2,3,13,6,3,0,1,1,1,2,12,2,2,0.0,0.0,0.0,0.0,0.0,4.0,15,2,8
168857,15,9,3,10,8,3,4,1,1,1,2,39,2,2,0.0,0.0,0.0,0.0,0.0,3.0,8,3,11
149297,16,2,3,0,2,3,0,1,0,1,2,6,2,2,0.0,0.0,0.0,0.0,0.0,2.0,11,1,10
112824,16,2,3,15,6,3,0,1,1,1,1,23,2,2,0.0,0.0,0.0,0.0,0.0,2.0,17,4,8
117678,15,2,3,17,2,3,0,1,1,1,2,18,2,2,0.0,0.0,0.0,0.0,0.0,4.0,18,2,8
166764,16,2,1,0,2,3,0,1,0,1,2,6,2,3,1.0,0.0,0.0,1.0,0.0,1.0,19,7,11
103999,4,2,3,7,10,3,0,1,1,1,1,12,2,2,0.0,0.0,0.0,0.0,0.0,2.0,13,4,8
73646,16,2,1,17,2,3,0,5,1,1,2,36,2,2,0.0,0.0,0.0,0.0,0.0,3.0,23,6,6
179463,4,2,3,0,8,3,0,1,1,1,1,36,2,2,0.0,0.0,0.0,0.0,0.0,2.0,13,4,12
71420,16,2,3,3,8,3,0,1,0,1,2,36,2,4,1.0,0.0,0.0,0.0,1.0,4.0,16,1,5
50324,16,11,3,10,8,3,5,1,1,1,2,2,3,2,0.0,0.0,0.0,0.0,0.0,3.0,15,5,4
141332,4,2,3,10,3,3,0,1,1,0,2,23,2,2,0.0,0.0,0.0,0.0,0.0,2.0,14,5,10
146915,16,2,0,0,8,3,0,1,1,1,2,36,2,2,0.0,0.0,0.0,0.0,0.0,2.0,22,2,10
140183,16,2,3,17,8,3,0,5,1,1,1,24,2,2,0.0,0.0,0.0,0.0,0.0,2.0,16,3,10
136042,4,2,1,17,2,3,0,1,0,1,2,26,2,2,0.0,0.0,0.0,0.0,0.0,2.0,21,6,9
152843,4,2,1,0,8,3,0,1,1,1,2,18,2,2,0.0,0.0,0.0,0.0,0.0,3.0,19,6,10
157048,4,2,1,14,10,3,0,1,1,0,2,28,2,2,0.0,0.0,0.0,0.0,0.0,3.0,2,1,11
177519,16,2,1,0,6,3,6,1,0,1,2,6,2,3,1.0,0.0,0.0,1.0,0.0,2.0,5,7,12
16461,15,10,3,10,10,3,4,1,0,1,0,2,2,2,0.0,0.0,0.0,0.0,0.0,2.0,10,1,2
50460,16,2,3,8,8,3,0,6,1,1,0,36,2,2,0.0,0.0,0.0,0.0,0.0,2.0,17,1,4
132092,15,2,3,17,6,3,0,1,1,1,1,18,2,2,0.0,0.0,0.0,0.0,0.0,2.0,13,2,9
170236,16,10,1,15,8,3,6,1,1,1,1,36,2,2,0.0,0.0,0.0,0.0,0.0,3.0,19,3,11
179500,4,2,3,0,11,3,0,1,0,1,2,18,2,3,2.0,0.0,0.0,2.0,0.0,2.0,13,5,12
44943,16,2,3,0,3,3,0,1,0,1,2,17,2,2,0.0,0.0,0.0,0.0,0.0,3.0,15,6,4
17950,4,7,3,17,2,3,6,1,0,1,2,18,2,2,0.0,0.0,0.0,0.0,0.0,2.0,8,5,2
175132,4,2,3,11,2,3,0,1,1,1,2,21,2,2,0.0,0.0,0.0,0.0,0.0,2.0,14,1,12
111131,16,2,3,10,8,3,0,1,1,1,0,19,2,2,0.0,0.0,0.0,0.0,0.0,2.0,11,6,8
60645,16,2,3,17,8,4,0,1,1,1,0,28,2,2,0.0,0.0,0.0,0.0,0.0,2.0,14,6,5
4325,16,2,1,17,8,3,0,1,0,1,2,18,2,2,0.0,0.0,0.0,0.0,0.0,2.0,17,5,1
44944,16,2,3,0,2,3,0,5,1,1,2,36,2,2,0.0,0.0,0.0,0.0,0.0,2.0,16,6,4
54388,15,2,3,8,8,3,0,1,1,1,2,5,2,2,0.0,0.0,0.0,0.0,0.0,2.0,15,5,4
92308,16,2,2,2,2,3,0,1,0,1,2,36,1,2,0.0,0.0,0.0,0.0,0.0,1.0,4,1,7
71385,16,2,1,15,3,3,5,5,1,1,2,23,2,2,0.0,0.0,0.0,0.0,0.0,4.0,22,6,5
59560,15,2,3,2,8,3,0,1,0,1,1,9,2,3,1.0,0.0,0.0,1.0,0.0,1.0,17,3,5
44701,16,2,3,13,3,3,0,1,0,1,2,6,2,2,0.0,0.0,0.0,0.0,0.0,3.0,16,3,4
55947,16,2,1,10,10,3,0,1,1,1,2,19,2,2,0.0,0.0,0.0,0.0,0.0,2.0,0,1,4
7193,16,2,1,17,2,3,0,1,1,1,1,18,2,2,0.0,0.0,0.0,0.0,0.0,2.0,17,4,1
139233,16,11,3,17,6,3,5,5,1,1,2,36,2,2,0.0,0.0,0.0,0.0,0.0,4.0,6,3,10
143199,18,2,3,10,3,3,0,1,1,0,2,17,2,2,0.0,0.0,0.0,0.0,0.0,3.0,14,3,10
109183,4,2,3,15,6,3,0,1,0,1,2,18,2,2,0.0,0.0,0.0,0.0,0.0,2.0,16,7,8
151844,16,7,3,17,6,3,6,1,0,1,2,18,2,2,0.0,0.0,0.0,0.0,0.0,4.0,7,2,10
132482,16,2,2,17,2,3,0,1,1,1,2,24,2,2,0.0,0.0,0.0,0.0,0.0,2.0,6,6,9
48989,16,2,1,17,6,2,0,1,0,1,2,24,2,2,0.0,0.0,0.0,0.0,0.0,2.0,23,2,4
13497,16,2,3,17,6,3,0,1,1,1,0,22,2,2,0.0,0.0,0.0,0.0,0.0,2.0,9,3,1
174940,15,2,4,15,10,3,0,1,1,1,2,18,2,2,0.0,0.0,0.0,0.0,0.0,3.0,15,4,12
67801,2,2,3,0,6,3,0,1,0,1,2,18,2,3,1.0,0.0,0.0,1.0,0.0,3.0,15,1,5
60842,16,11,5,11,8,3,5,5,1,1,2,36,2,2,0.0,0.0,0.0,0.0,0.0,2.0,13,3,5
108106,16,2,3,17,6,3,0,1,0,1,2,24,3,3,1.0,0.0,0.0,1.0,0.0,3.0,19,3,8
94337,15,2,3,0,6,3,0,1,0,1,2,18,2,3,1.0,0.0,0.0,1.0,0.0,1.0,15,4,7
112767,16,2,3,0,6,3,0,1,0,1,2,9,2,4,3.0,0.0,0.0,0.0,3.0,0.0,18,3,8
179878,15,7,1,17,6,3,6,1,1,1,1,36,2,2,0.0,0.0,0.0,0.0,0.0,2.0,17,4,12
184315,15,2,1,15,8,3,0,1,0,1,0,18,2,2,0.0,0.0,0.0,0.0,0.0,5.0,23,7,12
156715,16,2,1,17,6,3,0,1,0,1,2,6,2,1,3.0,0.0,1.0,2.0,0.0,0.0,19,4,11
161508,4,2,1,10,2,3,1,1,1,1,1,19,2,2,0.0,0.0,0.0,0.0,0.0,2.0,18,2,11
62157,16,2,2,10,2,3,0,1,0,1,2,8,3,2,0.0,0.0,0.0,0.0,0.0,4.0,9,1,5
57534,16,2,3,17,10,3,0,1,1,1,2,36,2,2,0.0,0.0,0.0,0.0,0.0,2.0,7,6,5
171346,16,3,3,0,2,3,0,1,0,1,2,6,2,2,0.0,0.0,0.0,0.0,0.0,3.0,9,1,11
113529,15,2,1,8,6,3,0,1,0,0,1,36,2,4,1.0,0.0,0.0,0.0,1.0,2.0,0,1,8
77829,4,2,3,10,2,3,0,1,1,1,1,19,2,2,0.0,0.0,0.0,0.0,0.0,2.0,17,6,6
10904,16,10,1,10,2,3,6,5,1,1,2,36,2,2,0.0,0.0,0.0,0.0,0.0,2.0,18,1,1
21508,17,11,5,17,6,3,5,5,1,1,2,36,2,2,0.0,0.0,0.0,0.0,0.0,2.0,18,3,2
10578,16,7,1,17,3,3,6,1,0,1,2,18,2,2,0.0,0.0,0.0,0.0,0.0,2.0,19,2,1
118831,16,2,3,17,2,3,0,1,1,1,1,24,2,2,0.0,0.0,0.0,0.0,0.0,3.0,8,2,8
177255,16,2,1,17,8,3,0,1,1,1,2,36,2,2,0.0,0.0,0.0,0.0,0.0,2.0,20,2,12
96110,15,2,3,0,10,3,0,5,1,1,1,8,2,2,0.0,0.0,0.0,0.0,0.0,2.0,17,3,7
1562,16,2,3,9,8,3,0,1,0,1,0,38,2,3,1.0,0.0,0.0,1.0,0.0,1.0,14,6,1
163189,16,3,3,10,8,3,2,1,1,0,1,39,2,2,0.0,0.0,0.0,0.0,0.0,2.0,7,5,11
134239,15,2,3,17,11,3,0,1,1,1,2,26,2,2,0.0,0.0,0.0,0.0,0.0,2.0,15,3,9
160841,16,10,3,3,8,3,6,1,0,1,1,36,2,2,0.0,0.0,0.0,0.0,0.0,2.0,14,6,11
68348,16,2,3,15,3,3,0,1,1,1,1,22,2,2,0.0,0.0,0.0,0.0,0.0,2.0,14,3,5
172055,16,11,1,17,6,3,0,1,1,1,2,36,2,2,0.0,0.0,0.0,0.0,0.0,2.0,20,5,11
98788,16,2,3,17,11,4,0,1,0,1,2,24,2,3,2.0,0.0,0.0,2.0,0.0,2.0,15,1,7
91829,15,7,3,8,8,3,6,1,0,1,0,26,2,3,1.0,0.0,0.0,1.0,0.0,1.0,10,7,7
155272,15,10,3,0,6,3,6,5,0,1,2,18,2,4,1.0,0.0,0.0,0.0,1.0,2.0,15,5,10
160976,16,2,1,10,2,3,0,1,1,1,0,12,2,2,0.0,0.0,0.0,0.0,0.0,3.0,23,7,11
13394,16,2,3,0,3,3,0,1,0,1,2,18,2,2,0.0,0.0,0.0,0.0,0.0,3.0,9,1,1
8566,15,2,1,7,6,3,0,1,1,1,2,36,2,2,0.0,0.0,0.0,0.0,0.0,4.0,17,6,1
10316,15,2,3,0,8,3,0,1,1,1,2,5,6,2,0.0,0.0,0.0,0.0,0.0,7.0,10,5,1
171981,15,2,3,7,10,3,5,5,1,1,2,24,2,2,0.0,0.0,0.0,0.0,0.0,2.0,8,4,11
6770,16,2,3,0,15,3,0,1,0,1,2,26,2,2,0.0,0.0,0.0,0.0,0.0,2.0,10,5,1
82089,16,2,3,10,8,3,5,5,1,1,2,36,2,2,0.0,0.0,0.0,0.0,0.0,2.0,13,4,6
77398,16,2,3,15,8,3,0,1,1,1,2,36,2,2,0.0,0.0,0.0,0.0,0.0,2.0,12,6,6
11982,15,2,1,0,8,3,0,1,0,1,2,18,3,2,0.0,0.0,0.0,0.0,0.0,6.0,20,5,1
164159,4,3,3,15,2,3,0,1,1,0,2,36,2,2,0.0,0.0,0.0,0.0,0.0,2.0,8,6,11
93959,16,2,1,17,6,3,0,1,0,1,2,18,2,1,1.0,0.0,1.0,0.0,0.0,4.0,0,6,7
116066,16,2,3,14,6,3,0,4,1,1,0,18,2,2,0.0,0.0,0.0,0.0,0.0,2.0,14,6,8
41469,15,2,3,0,2,3,0,1,0,1,2,18,2,1,1.0,0.0,1.0,0.0,0.0,4.0,12,6,3
134855,16,2,3,10,2,3,0,1,1,1,1,19,2,2,0.0,0.0,0.0,0.0,0.0,2.0,11,3,9
42570,16,2,3,2,3,3,0,1,0,1,2,36,1,1,1.0,0.0,1.0,0.0,0.0,0.0,8,6,4
29661,3,2,3,17,8,3,0,1,0,1,2,24,2,4,1.0,0.0,0.0,0.0,1.0,1.0,8,1,3
120132,4,2,1,15,8,3,0,1,1,0,1,36,2,2,0.0,0.0,0.0,0.0,0.0,2.0,22,7,8
64026,16,2,3,10,2,3,0,1,1,1,2,19,2,2,0.0,0.0,0.0,0.0,0.0,2.0,16,5,5
72669,16,2,3,0,5,3,0,5,0,1,2,36,3,2,0.0,0.0,0.0,0.0,0.0,3.0,13,6,6
78318,16,2,3,17,2,3,0,1,1,1,2,24,2,2,0.0,0.0,0.0,0.0,0.0,3.0,17,5,6
48374,15,2,3,0,6,3,0,1,1,1,2,36,2,2,0.0,0.0,0.0,0.0,0.0,4.0,12,5,4
130755,15,2,1,17,8,3,0,1,1,1,2,18,2,2,0.0,0.0,0.0,0.0,0.0,3.0,5,4,9
127670,16,2,3,10,6,3,0,1,1,1,2,36,2,2,0.0,0.0,0.0,0.0,0.0,2.0,14,6,9
72903,16,2,3,17,2,3,6,1,1,1,2,18,2,2,0.0,0.0,0.0,0.0,0.0,2.0,4,1,6
184474,16,2,3,10,8,3,0,1,1,1,2,19,2,2,0.0,0.0,0.0,0.0,0.0,2.0,8,4,12
185784,16,2,1,17,15,3,0,1,0,1,2,36,3,4,1.0,0.0,0.0,0.0,1.0,4.0,2,4,12
66071,16,11,3,15,11,3,5,5,1,1,2,23,2,2,0.0,0.0,0.0,0.0,0.0,2.0,13,1,5
37973,16,2,1,17,6,3,5,5,1,1,2,36,2,2,0.0,0.0,0.0,0.0,0.0,2.0,21,5,3
8368,15,10,3,17,2,3,6,1,0,1,2,38,2,2,0.0,0.0,0.0,0.0,0.0,2.0,11,1,1
136967,16,2,3,15,8,3,0,1,1,1,1,36,2,2,0.0,0.0,0.0,0.0,0.0,2.0,11,6,9
106473,16,2,3,2,6,3,0,5,1,1,2,36,1,2,0.0,0.0,0.0,0.0,0.0,1.0,14,6,8
16792,16,2,3,17,16,3,0,5,1,1,2,22,3,2,0.0,0.0,0.0,0.0,0.0,5.0,15,1,2
76782,4,2,3,17,8,3,0,5,0,0,2,24,2,2,0.0,0.0,0.0,0.0,0.0,2.0,7,4,6
141654,16,2,3,0,8,3,0,1,1,1,2,36,2,2,0.0,0.0,0.0,0.0,0.0,2.0,14,7,10
20870,16,2,4,0,6,3,4,1,1,1,2,3,3,2,0.0,0.0,0.0,0.0,0.0,3.0,19,7,2
178614,16,6,1,17,6,3,1,1,0,1,2,39,2,2,0.0,0.0,0.0,0.0,0.0,3.0,3,1,12
135943,16,2,3,0,8,3,0,1,0,1,2,13,2,3,4.0,0.0,0.0,2.0,2.0,0.0,8,5,9
187774,15,10,1,10,6,3,4,1,1,1,1,39,2,2,0.0,0.0,0.0,0.0,0.0,2.0,17,3,12
123739,4,3,3,17,1,3,0,1,0,1,2,36,2,3,2.0,0.0,0.0,2.0,0.0,1.0,15,6,9
112027,16,3,3,17,2,4,0,1,0,1,2,18,2,1,1.0,0.0,1.0,0.0,0.0,1.0,6,5,8
145740,16,7,3,10,6,3,6,1,1,1,0,39,2,2,0.0,0.0,0.0,0.0,0.0,2.0,7,2,10
49256,4,2,4,17,3,3,0,1,0,1,2,18,2,1,3.0,0.0,1.0,2.0,0.0,2.0,19,7,4
84169,16,2,1,0,6,3,0,1,0,1,2,6,4,1,2.0,0.0,2.0,0.0,0.0,5.0,21,1,6
149393,16,2,0,15,8,3,5,5,1,1,1,22,2,2,0.0,0.0,0.0,0.0,0.0,2.0,17,4,10
148111,15,2,3,10,0,3,0,1,1,1,2,17,2,2,0.0,0.0,0.0,0.0,0.0,4.0,15,6,10
168502,15,2,3,17,15,3,0,1,1,1,2,18,2,2,0.0,0.0,0.0,0.0,0.0,3.0,12,4,11
176658,16,7,3,17,11,4,6,1,1,1,2,17,2,2,0.0,0.0,0.0,0.0,0.0,2.0,14,2,12
88580,15,2,1,0,6,3,0,1,0,1,2,5,2,2,0.0,0.0,0.0,0.0,0.0,2.0,23,6,7
183095,16,2,1,15,8,3,0,1,1,0,0,18,2,2,0.0,0.0,0.0,0.0,0.0,3.0,18,4,12
84439,15,3,3,17,8,3,6,1,0,1,1,24,2,3,1.0,0.0,0.0,1.0,0.0,2.0,14,5,6
114041,16,2,1,10,8,3,0,5,1,1,1,36,2,2,0.0,0.0,0.0,0.0,0.0,2.0,0,7,8
17598,15,3,3,0,10,3,0,1,1,1,2,18,2,2,0.0,0.0,0.0,0.0,0.0,2.0,9,7,2
56897,15,2,3,0,6,3,0,1,1,1,0,36,2,2,0.0,0.0,0.0,0.0,0.0,2.0,15,5,5
75191,16,2,1,7,6,3,0,1,1,1,0,21,2,2,0.0,0.0,0.0,0.0,0.0,2.0,3,1,6
124971,16,2,3,15,8,3,0,1,1,1,2,36,2,2,0.0,0.0,0.0,0.0,0.0,2.0,17,7,9
111250,16,2,3,10,6,3,0,1,1,1,0,19,2,2,0.0,0.0,0.0,0.0,0.0,2.0,16,1,8
97352,15,2,1,10,2,3,0,1,1,1,2,17,2,2,0.0,0.0,0.0,0.0,0.0,2.0,22,1,7
97043,17,2,3,17,6,3,0,5,0,1,2,36,2,4,1.0,0.0,0.0,0.0,1.0,2.0,16,5,7
85266,16,7,1,9,8,3,6,1,0,1,0,38,2,4,1.0,0.0,0.0,0.0,1.0,4.0,19,3,6
129616,16,2,3,0,3,3,0,1,0,1,2,6,3,4,1.0,0.0,0.0,0.0,1.0,3.0,7,2,9
129970,15,7,1,17,15,3,6,1,0,1,2,36,2,2,0.0,0.0,0.0,0.0,0.0,5.0,4,1,9
125106,15,2,3,0,6,3,0,5,0,1,2,36,2,4,1.0,0.0,0.0,0.0,1.0,1.0,7,2,9
146307,15,11,5,8,15,3,5,5,1,1,2,36,2,2,0.0,0.0,0.0,0.0,0.0,2.0,7,3,10
177007,17,11,5,0,18,3,5,5,1,1,2,36,2,2,0.0,0.0,0.0,0.0,0.0,2.0,19,7,12
42831,4,2,3,0,8,3,0,1,1,1,0,17,2,2,0.0,0.0,0.0,0.0,0.0,2.0,17,3,4
19568,15,2,1,17,8,3,0,1,0,1,2,5,2,2,0.0,0.0,0.0,0.0,0.0,3.0,19,6,2
125888,15,2,3,0,2,3,0,1,0,1,2,36,2,3,1.0,0.0,0.0,1.0,0.0,5.0,12,7,9
171616,16,2,3,17,1,3,0,1,1,1,1,36,2,2,0.0,0.0,0.0,0.0,0.0,2.0,14,5,11
179324,16,2,1,10,6,3,0,1,1,1,1,19,2,2,0.0,0.0,0.0,0.0,0.0,3.0,17,4,12
163666,16,2,3,10,2,3,6,1,1,1,0,17,2,2,0.0,0.0,0.0,0.0,0.0,2.0,11,4,11
164788,16,7,1,9,8,3,6,1,0,1,0,18,2,3,1.0,0.0,0.0,1.0,0.0,1.0,17,6,11
7682,4,2,4,17,8,5,0,1,0,1,2,18,2,3,1.0,0.0,0.0,1.0,0.0,3.0,16,4,1
177962,18,10,1,2,8,3,6,1,0,1,2,36,1,2,0.0,0.0,0.0,0.0,0.0,1.0,18,6,12
5554,15,10,3,10,8,3,4,1,1,1,0,39,2,2,0.0,0.0,0.0,0.0,0.0,2.0,13,7,1
66348,17,2,1,17,8,3,0,1,1,1,2,19,2,2,0.0,0.0,0.0,0.0,0.0,5.0,23,6,5
141269,16,2,3,17,8,3,0,1,1,1,2,36,2,2,0.0,0.0,0.0,0.0,0.0,2.0,13,4,10
31645,16,2,3,17,6,3,0,1,0,1,2,17,2,1,1.0,0.0,1.0,0.0,0.0,1.0,14,2,3
50427,16,2,1,17,2,3,0,1,0,1,2,18,2,2,0.0,0.0,0.0,0.0,0.0,2.0,21,6,4
99072,16,2,3,15,3,3,0,1,0,1,2,22,3,2,0.0,0.0,0.0,0.0,0.0,6.0,11,6,7
78312,16,2,3,15,6,3,0,1,1,1,2,12,2,2,0.0,0.0,0.0,0.0,0.0,4.0,16,5,6
52948,16,2,1,10,6,3,0,1,0,1,2,17,2,2,0.0,0.0,0.0,0.0,0.0,2.0,21,4,4
29795,16,2,3,17,8,3,0,1,1,1,2,36,2,2,0.0,0.0,0.0,0.0,0.0,2.0,10,4,3
16894,4,10,3,17,8,3,4,1,1,1,2,39,4,2,0.0,0.0,0.0,0.0,0.0,4.0,17,2,2
25762,16,2,1,0,10,3,0,1,1,1,2,36,2,2,0.0,0.0,0.0,0.0,0.0,3.0,1,7,2
146178,16,2,3,17,6,3,0,1,1,1,2,24,2,2,0.0,0.0,0.0,0.0,0.0,2.0,14,1,10
60095,15,2,1,10,8,3,0,1,1,1,2,19,2,2,0.0,0.0,0.0,0.0,0.0,6.0,20,4,5
5174,15,2,3,17,15,3,0,1,0,1,2,18,2,2,0.0,0.0,0.0,0.0,0.0,2.0,14,3,1
20179,16,2,3,0,8,3,6,1,1,1,2,6,2,2,0.0,0.0,0.0,0.0,0.0,2.0,7,2,2
96397,4,2,1,17,8,3,0,1,0,1,2,36,2,3,1.0,0.0,0.0,1.0,0.0,1.0,1,1,7
166745,16,2,4,17,6,3,0,1,1,1,2,17,2,2,0.0,0.0,0.0,0.0,0.0,4.0,16,7,11
80028,16,2,3,15,8,3,5,5,1,1,1,36,2,2,0.0,0.0,0.0,0.0,0.0,2.0,16,1,6
37479,16,2,1,17,3,3,0,1,1,1,2,36,2,2,0.0,0.0,0.0,0.0,0.0,3.0,20,2,3
174198,4,7,3,0,15,3,6,5,1,1,2,26,2,2,0.0,0.0,0.0,0.0,0.0,2.0,10,2,12
103533,16,2,3,10,8,3,0,1,1,1,1,19,2,2,0.0,0.0,0.0,0.0,0.0,2.0,16,4,7
138420,4,2,3,17,8,3,0,1,0,1,2,18,2,3,1.0,0.0,0.0,1.0,0.0,1.0,7,6,10
119238,15,2,1,10,8,3,0,1,1,0,2,36,2,2,0.0,0.0,0.0,0.0,0.0,2.0,21,2,8
128579,4,2,3,17,2,3,0,1,0,1,2,24,2,3,1.0,0.0,0.0,1.0,0.0,1.0,18,3,9
41792,16,2,1,17,6,3,0,1,0,1,2,18,2,2,0.0,0.0,0.0,0.0,0.0,2.0,20,7,3
73006,15,2,3,0,6,3,0,1,0,1,2,18,5,2,0.0,0.0,0.0,0.0,0.0,3.0,13,4,6
70160,15,3,3,0,2,3,5,1,0,1,2,18,2,3,1.0,0.0,0.0,1.0,0.0,1.0,12,3,5
33026,16,2,3,14,8,3,0,1,0,1,2,26,2,2,0.0,0.0,0.0,0.0,0.0,2.0,7,2,3
21008,4,2,3,7,8,3,0,1,1,0,1,14,2,2,0.0,0.0,0.0,0.0,0.0,1.0,13,3,2
22340,15,3,3,17,8,3,0,1,1,1,2,36,2,2,0.0,0.0,0.0,0.0,0.0,3.0,14,4,2
31756,4,2,3,7,8,3,0,5,1,1,1,12,2,2,0.0,0.0,0.0,0.0,0.0,6.0,15,4,3
74623,15,2,0,2,8,3,0,1,0,1,2,26,1,2,0.0,0.0,0.0,0.0,0.0,1.0,4,7,6
127978,16,2,3,14,2,3,0,1,1,1,2,36,2,2,0.0,0.0,0.0,0.0,0.0,3.0,11,7,9
182292,15,2,3,17,15,3,0,1,1,1,2,18,2,2,0.0,0.0,0.0,0.0,0.0,3.0,10,1,12
56459,16,2,3,17,6,3,0,1,0,1,2,24,2,4,1.0,0.0,0.0,0.0,1.0,1.0,8,4,5
148366,4,2,1,7,10,3,0,1,0,0,2,21,2,2,0.0,0.0,0.0,0.0,0.0,1.0,22,3,10
135992,16,7,3,17,2,3,6,1,0,1,2,18,2,2,0.0,0.0,0.0,0.0,0.0,3.0,16,6,9
22204,16,2,1,10,2,3,0,1,1,1,2,36,3,2,0.0,0.0,0.0,0.0,0.0,3.0,18,7,2
110521,4,2,4,8,8,3,6,1,0,1,2,26,2,3,1.0,0.0,0.0,1.0,0.0,1.0,19,3,8
126424,16,7,3,0,6,3,6,1,1,1,2,6,2,2,0.0,0.0,0.0,0.0,0.0,3.0,11,1,9
90722,16,2,3,17,6,3,6,1,1,1,2,18,2,2,0.0,0.0,0.0,0.0,0.0,2.0,6,4,7
46652,16,2,1,9,8,3,0,1,0,1,0,9,2,3,1.0,0.0,0.0,1.0,0.0,1.0,5,4,4
32314,16,7,0,17,8,3,6,1,0,1,2,18,2,3,1.0,0.0,0.0,1.0,0.0,1.0,18,5,3
165139,16,2,3,17,2,3,0,1,0,1,2,24,3,2,0.0,0.0,0.0,0.0,0.0,6.0,7,5,11