crash_date,               traffic_control_device,weather_condition,lighting_condition,first_crash_type,trafficway_type,alignment,roadway_surface_cond,road_defect,crash_type,intersection_related_i,damage,prim_contributory_cause,num_units,most_severe_injury,injuries_total,injuries_fatal,injuries_incapacitating,injuries_non_incapacitating,injuries_reported_not_evident,injuries_no_indication,crash_hour,crash_day_of_week,crash_month
41620,17,11,3,17,2,3,5,5,1,1,1,38,2,2,0.0,0.0,0.0,0.0,0.0,2.0,12,3,3
1440,15,2,1,0,6,3,0,1,0,1,2,8,2,2,0.0,0.0,0.0,0.0,0.0,2.0,19,6,1
148004,16,2,3,15,8,3,0,1,1,1,2,18,2,2,0.0,0.0,0.0,0.0,0.0,2.0,10,2,10
16935,16,2,3,17,8,3,0,1,1,1,2,23,2,2,0.0,0.0,0.0,0.0,0.0,2.0,10,2,2
125141,15,2,1,10,8,3,0,1,0,1,1,17,2,3,1.0,0.0,0.0,1.0,0.0,1.0,0,2,9
105836,15,2,3,0,2,3,0,5,0,1,2,18,2,2,0.0,0.0,0.0,0.0,0.0,2.0,18,3,8
101017,16,2,3,10,8,3,0,1,1,1,1,19,2,2,0.0,0.0,0.0,0.0,0.0,2.0,17,2,7
157088,16,2,3,15,6,3,0,1,1,1,2,36,2,2,0.0,0.0,0.0,0.0,0.0,2.0,13,3,11
183,4,2,1,17,3,3,0,1,1,1,2,24,2,2,0.0,0.0,0.0,0.0,0.0,3.0,2,4,1
126376,4,7,3,17,15,3,6,5,0,1,2,38,2,2,0.0,0.0,0.0,0.0,0.0,2.0,13,1,9
18379,16,2,3,10,2,3,0,1,1,1,2,19,2,2,0.0,0.0,0.0,0.0,0.0,2.0,15,6,2
42363,16,2,3,10,10,3,0,1,1,1,0,12,2,2,0.0,0.0,0.0,0.0,0.0,2.0,15,2,4
182394,16,2,3,17,8,3,0,5,1,1,2,4,2,2,0.0,0.0,0.0,0.0,0.0,2.0,6,4,12
104187,15,7,4,17,8,3,6,1,0,1,2,18,2,2,0.0,0.0,0.0,0.0,0.0,3.0,21,7,8
89172,15,2,3,10,6,3,0,5,1,1,2,36,2,2,0.0,0.0,0.0,0.0,0.0,4.0,17,1,7
4102,15,11,1,0,6,3,5,5,1,1,2,5,2,2,0.0,0.0,0.0,0.0,0.0,2.0,23,5,1
1941,15,2,3,0,8,5,4,6,1,1,2,36,2,2,0.0,0.0,0.0,0.0,0.0,3.0,16,3,1
55902,16,3,3,10,6,3,6,1,0,1,2,12,2,2,0.0,0.0,0.0,0.0,0.0,2.0,15,1,4
41564,16,2,1,0,8,3,0,1,0,1,2,3,2,2,0.0,0.0,0.0,0.0,0.0,2.0,23,2,3
19947,16,2,1,17,6,3,0,1,0,1,2,18,2,2,0.0,0.0,0.0,0.0,0.0,2.0,17,6,2
143015,15,2,1,17,8,4,0,1,0,1,2,17,5,2,0.0,0.0,0.0,0.0,0.0,3.0,1,7,10
99801,15,2,3,0,8,3,0,1,0,1,2,36,2,3,2.0,0.0,0.0,2.0,0.0,0.0,8,3,7
17353,16,3,4,10,2,3,5,5,1,1,0,17,2,2,0.0,0.0,0.0,0.0,0.0,2.0,18,2,2
67063,17,11,5,8,2,3,5,5,1,1,2,26,3,2,0.0,0.0,0.0,0.0,0.0,3.0,21,2,5
30487,16,2,3,15,6,3,0,5,0,1,2,36,2,2,0.0,0.0,0.0,0.0,0.0,2.0,9,3,3
20115,4,2,3,17,2,3,0,1,1,1,2,24,2,2,0.0,0.0,0.0,0.0,0.0,3.0,11,6,2
185286,16,10,3,17,2,2,4,1,0,1,2,36,2,2,0.0,0.0,0.0,0.0,0.0,2.0,10,1,12
85347,16,2,3,10,8,3,0,1,0,1,2,36,2,2,0.0,0.0,0.0,0.0,0.0,2.0,8,4,6
40360,15,2,3,0,6,3,0,1,0,1,2,36,2,4,1.0,0.0,0.0,0.0,1.0,1.0,16,7,3
156122,15,2,3,10,7,3,0,1,1,1,1,36,2,2,0.0,0.0,0.0,0.0,0.0,2.0,0,3,11
36872,16,2,3,17,3,3,6,1,1,1,2,36,2,2,0.0,0.0,0.0,0.0,0.0,2.0,18,5,3
123380,17,11,1,17,3,3,5,5,1,1,2,26,2,2,0.0,0.0,0.0,0.0,0.0,2.0,5,5,9
180496,15,10,3,17,8,3,4,1,1,1,1,18,2,2,0.0,0.0,0.0,0.0,0.0,2.0,17,5,12
138796,4,2,4,10,8,3,0,1,0,0,1,19,2,2,0.0,0.0,0.0,0.0,0.0,2.0,17,3,10
140840,16,7,1,0,6,3,6,1,0,1,2,3,2,3,1.0,0.0,0.0,1.0,0.0,1.0,22,5,10
5448,16,2,1,0,8,3,1,1,1,1,1,6,2,2,0.0,0.0,0.0,0.0,0.0,2.0,16,5,1
63691,16,2,1,10,3,3,5,5,1,1,1,36,2,2,0.0,0.0,0.0,0.0,0.0,4.0,21,4,5
96822,4,2,3,17,8,3,0,1,0,1,2,28,3,2,0.0,0.0,0.0,0.0,0.0,2.0,12,7,7
93023,16,2,3,10,2,3,0,1,1,1,0,17,2,2,0.0,0.0,0.0,0.0,0.0,2.0,15,4,7
142227,4,2,1,17,8,3,0,5,1,1,2,19,2,2,0.0,0.0,0.0,0.0,0.0,6.0,2,2,10
131700,4,2,4,8,8,3,0,1,0,1,0,18,2,3,1.0,0.0,0.0,1.0,0.0,1.0,19,4,9
165792,16,2,1,17,5,3,0,1,1,1,0,36,2,2,0.0,0.0,0.0,0.0,0.0,2.0,19,7,11
23025,16,2,3,10,8,3,0,1,1,1,2,36,2,2,0.0,0.0,0.0,0.0,0.0,2.0,16,5,2
169674,16,2,1,17,8,3,0,1,0,1,2,36,2,2,0.0,0.0,0.0,0.0,0.0,2.0,0,1,11
61833,16,2,3,10,8,3,0,1,1,1,2,21,2,2,0.0,0.0,0.0,0.0,0.0,2.0,11,4,5
12320,17,11,5,17,15,3,5,5,1,0,2,24,2,2,0.0,0.0,0.0,0.0,0.0,2.0,17,5,1
4960,16,11,5,10,2,3,5,5,1,1,2,36,2,2,0.0,0.0,0.0,0.0,0.0,3.0,3,5,1
85478,16,7,1,0,6,3,6,5,0,1,2,6,3,2,0.0,0.0,0.0,0.0,0.0,4.0,2,7,6
12536,16,3,3,15,2,3,0,1,1,1,1,23,2,2,0.0,0.0,0.0,0.0,0.0,3.0,11,7,1
40809,16,2,3,17,6,3,0,1,1,1,2,24,2,2,0.0,0.0,0.0,0.0,0.0,2.0,11,1,3
101831,4,7,3,0,0,3,6,1,0,0,1,18,2,4,1.0,0.0,0.0,0.0,1.0,1.0,16,5,7
181943,16,7,3,10,3,4,6,1,0,1,2,19,2,2,0.0,0.0,0.0,0.0,0.0,3.0,8,2,12
129286,4,2,3,17,8,3,0,1,1,1,2,24,2,2,0.0,0.0,0.0,0.0,0.0,2.0,15,6,9
8252,16,2,3,10,8,3,0,1,1,1,1,36,2,2,0.0,0.0,0.0,0.0,0.0,2.0,14,6,1
90216,15,2,3,0,8,3,0,1,0,1,1,18,2,2,0.0,0.0,0.0,0.0,0.0,2.0,10,3,7
147625,15,2,3,0,8,3,0,1,0,1,2,26,2,2,0.0,0.0,0.0,0.0,0.0,3.0,6,6,10
170982,16,2,1,10,8,3,0,1,0,1,2,17,3,4,2.0,0.0,0.0,0.0,2.0,1.0,22,2,11
117552,16,2,3,17,15,3,6,1,0,1,2,6,2,2,0.0,0.0,0.0,0.0,0.0,3.0,18,6,8
133549,16,2,3,17,6,3,0,1,1,1,2,24,2,2,0.0,0.0,0.0,0.0,0.0,2.0,10,2,9
148681,15,2,3,0,8,3,0,1,1,1,1,18,2,2,0.0,0.0,0.0,0.0,0.0,2.0,17,6,10
120822,16,2,3,15,3,3,0,2,1,1,2,18,2,2,0.0,0.0,0.0,0.0,0.0,2.0,8,4,9
155594,16,3,3,0,6,3,6,1,1,1,2,36,2,2,0.0,0.0,0.0,0.0,0.0,4.0,11,3,10
57005,16,2,1,17,10,3,0,1,0,1,2,6,2,1,3.0,0.0,1.0,2.0,0.0,1.0,22,4,5
134678,16,7,3,17,6,3,6,1,1,1,2,36,2,2,0.0,0.0,0.0,0.0,0.0,2.0,9,2,9
117101,15,11,3,0,15,3,5,5,1,1,2,36,2,2,0.0,0.0,0.0,0.0,0.0,2.0,6,6,8
8089,16,7,3,10,2,3,6,1,1,1,1,19,2,2,0.0,0.0,0.0,0.0,0.0,2.0,8,3,1
75146,16,2,1,15,6,3,0,1,0,0,2,23,3,1,2.0,0.0,1.0,1.0,0.0,1.0,20,6,6
122349,4,2,3,3,8,3,0,1,0,1,2,22,2,1,1.0,0.0,1.0,0.0,0.0,1.0,13,4,9
94772,16,2,3,17,15,3,0,1,0,1,2,3,2,2,0.0,0.0,0.0,0.0,0.0,2.0,15,4,7
91518,15,2,3,0,8,3,0,1,0,1,2,36,2,2,0.0,0.0,0.0,0.0,0.0,2.0,12,1,7
8141,16,2,3,17,2,3,6,1,0,1,2,6,2,1,1.0,0.0,1.0,0.0,0.0,1.0,7,4,1
180748,16,2,3,7,8,3,0,1,1,1,0,33,2,2,0.0,0.0,0.0,0.0,0.0,2.0,13,7,12
129954,16,7,1,0,10,3,6,1,0,0,2,36,4,2,0.0,0.0,0.0,0.0,0.0,3.0,2,1,9
112664,16,2,1,17,3,3,0,5,1,1,2,6,2,2,0.0,0.0,0.0,0.0,0.0,2.0,22,7,8
153712,4,2,1,0,2,3,0,1,1,1,2,12,2,2,0.0,0.0,0.0,0.0,0.0,2.0,18,6,10
43082,15,11,3,0,6,3,5,5,1,1,2,36,2,2,0.0,0.0,0.0,0.0,0.0,3.0,14,3,4
92511,16,2,3,10,8,3,0,1,1,1,2,26,2,2,0.0,0.0,0.0,0.0,0.0,2.0,10,3,7
8585,16,2,1,17,2,3,0,1,1,1,2,23,2,2,0.0,0.0,0.0,0.0,0.0,2.0,21,6,1
84726,15,2,3,10,8,3,0,1,1,1,1,19,2,2,0.0,0.0,0.0,0.0,0.0,2.0,14,2,6
6132,4,2,3,0,6,3,0,1,1,1,1,18,2,2,0.0,0.0,0.0,0.0,0.0,4.0,13,2,1
134955,16,2,3,17,15,3,0,1,1,1,1,36,2,2,0.0,0.0,0.0,0.0,0.0,3.0,16,5,9
113217,16,2,1,17,6,3,0,1,0,1,2,18,2,2,0.0,0.0,0.0,0.0,0.0,4.0,0,1,8
5333,16,2,0,17,8,3,0,1,0,1,2,36,2,2,0.0,0.0,0.0,0.0,0.0,2.0,19,5,1
24458,16,2,3,17,11,3,0,1,1,1,2,24,2,2,0.0,0.0,0.0,0.0,0.0,2.0,16,4,2
98223,16,2,3,10,8,3,0,1,1,1,2,36,3,2,0.0,0.0,0.0,0.0,0.0,3.0,11,6,7
127784,16,2,0,17,2,3,0,1,1,1,2,24,2,2,0.0,0.0,0.0,0.0,0.0,2.0,17,5,9
100641,15,2,3,17,2,3,0,1,0,1,2,18,2,3,1.0,0.0,0.0,1.0,0.0,1.0,18,3,7
12043,4,2,3,0,11,2,0,1,1,1,2,36,2,2,0.0,0.0,0.0,0.0,0.0,3.0,7,6,1
158142,15,2,1,0,8,3,5,5,1,1,2,5,3,2,0.0,0.0,0.0,0.0,0.0,4.0,18,2,11
89701,16,2,2,10,3,3,0,1,1,1,1,19,2,2,0.0,0.0,0.0,0.0,0.0,2.0,21,2,7
134662,4,2,1,17,2,3,0,1,1,1,2,36,2,2,0.0,0.0,0.0,0.0,0.0,2.0,19,2,9
99677,16,2,3,15,3,3,0,5,1,1,2,38,2,2,0.0,0.0,0.0,0.0,0.0,2.0,6,3,7
156583,16,2,1,15,6,3,0,4,1,1,2,23,2,2,0.0,0.0,0.0,0.0,0.0,3.0,19,2,11
26885,15,10,3,10,15,3,4,1,1,1,2,39,2,2,0.0,0.0,0.0,0.0,0.0,2.0,7,4,2
150140,16,2,3,15,8,3,0,5,1,1,2,17,2,2,0.0,0.0,0.0,0.0,0.0,4.0,17,7,10
162296,15,6,3,10,3,3,0,1,1,1,2,19,2,2,0.0,0.0,0.0,0.0,0.0,4.0,10,7,11
107776,16,2,3,0,8,3,0,1,1,1,2,18,2,2,0.0,0.0,0.0,0.0,0.0,2.0,14,4,8
127405,16,3,3,0,2,3,6,5,0,1,2,6,2,4,2.0,0.0,0.0,0.0,2.0,5.0,9,6,9
183081,16,2,4,17,8,3,0,1,1,1,1,36,2,2,0.0,0.0,0.0,0.0,0.0,2.0,16,4,12
139772,16,2,3,17,10,3,0,1,0,1,2,36,2,3,1.0,0.0,0.0,1.0,0.0,2.0,11,4,10
72656,15,2,3,2,15,3,0,1,0,1,0,30,1,1,1.0,0.0,1.0,0.0,0.0,0.0,11,5,6
166558,15,3,1,17,8,3,6,1,0,1,2,18,2,1,1.0,0.0,1.0,0.0,0.0,1.0,5,3,11
37693,16,3,1,0,8,3,6,1,0,1,2,6,2,3,2.0,0.0,0.0,2.0,0.0,2.0,5,5,3
1949,16,2,3,17,3,3,0,1,0,1,2,18,2,2,0.0,0.0,0.0,0.0,0.0,2.0,7,3,1
96325,16,2,3,0,2,3,0,1,0,1,2,6,2,2,0.0,0.0,0.0,0.0,0.0,2.0,13,7,7
26766,15,2,3,0,8,3,0,1,0,1,2,12,2,4,1.0,0.0,0.0,0.0,1.0,1.0,10,2,2
144086,15,2,1,8,8,3,0,1,0,1,0,5,2,3,1.0,0.0,0.0,1.0,0.0,1.0,20,5,10
64993,16,2,3,17,6,3,0,1,1,1,2,24,2,2,0.0,0.0,0.0,0.0,0.0,2.0,14,7,5
103558,15,2,3,17,2,3,0,1,1,1,2,24,2,2,0.0,0.0,0.0,0.0,0.0,2.0,18,4,7
165670,16,2,3,9,6,3,0,1,0,1,0,12,2,1,1.0,0.0,1.0,0.0,0.0,1.0,10,5,11
67429,16,2,3,17,8,3,0,1,1,1,1,23,2,2,0.0,0.0,0.0,0.0,0.0,2.0,8,2,5
66257,16,3,3,0,8,3,0,1,0,1,2,18,3,3,5.0,0.0,0.0,5.0,0.0,0.0,16,5,5
73029,4,2,3,15,3,3,0,1,0,1,2,22,2,2,0.0,0.0,0.0,0.0,0.0,2.0,18,4,6
149128,4,2,3,0,8,3,0,1,1,0,2,36,2,2,0.0,0.0,0.0,0.0,0.0,4.0,12,1,10
138820,16,2,1,17,2,3,0,1,0,1,2,6,2,3,1.0,0.0,0.0,1.0,0.0,2.0,21,3,10
30823,15,2,0,0,8,3,0,1,1,1,1,18,2,2,0.0,0.0,0.0,0.0,0.0,2.0,18,1,3
183170,16,7,1,17,8,3,6,1,1,1,1,17,2,2,0.0,0.0,0.0,0.0,0.0,2.0,20,5,12
105088,16,2,3,10,8,3,6,2,1,1,1,39,2,2,0.0,0.0,0.0,0.0,0.0,2.0,16,5,8
75060,16,2,3,15,2,3,0,1,1,1,1,36,2,2,0.0,0.0,0.0,0.0,0.0,2.0,8,5,6
47197,16,2,3,9,8,3,0,1,0,1,0,38,2,1,1.0,0.0,1.0,0.0,0.0,1.0,12,5,4
74272,4,2,3,10,8,3,0,1,1,1,1,18,2,2,0.0,0.0,0.0,0.0,0.0,2.0,13,2,6
157981,4,3,3,2,9,3,6,1,1,1,1,36,1,2,0.0,0.0,0.0,0.0,0.0,1.0,8,2,11
84278,4,2,1,2,8,3,0,1,0,0,1,15,1,2,0.0,0.0,0.0,0.0,0.0,1.0,22,1,6
48750,16,2,3,0,6,3,0,1,1,1,2,36,2,2,0.0,0.0,0.0,0.0,0.0,2.0,15,5,4
180949,18,2,3,17,15,3,0,1,1,1,2,18,2,2,0.0,0.0,0.0,0.0,0.0,2.0,11,2,12
9852,17,11,5,17,6,3,5,5,0,1,2,36,2,2,0.0,0.0,0.0,0.0,0.0,2.0,16,5,1
30011,15,2,1,0,6,3,0,1,0,1,2,18,2,2,0.0,0.0,0.0,0.0,0.0,2.0,18,2,3
148999,16,2,0,17,8,3,0,1,0,1,2,35,2,3,1.0,0.0,0.0,1.0,0.0,2.0,21,5,10
128310,16,2,1,0,6,3,0,1,0,1,2,6,2,1,1.0,0.0,1.0,0.0,0.0,2.0,0,7,9
104301,16,2,1,17,2,3,0,1,1,1,2,22,2,2,0.0,0.0,0.0,0.0,0.0,2.0,23,1,8
14625,16,2,1,0,8,3,0,3,1,1,2,15,2,2,0.0,0.0,0.0,0.0,0.0,2.0,17,3,1
143890,15,7,1,17,6,3,6,1,1,1,0,18,2,2,0.0,0.0,0.0,0.0,0.0,3.0,19,4,10
137727,16,2,3,17,2,3,0,1,1,1,1,36,2,2,0.0,0.0,0.0,0.0,0.0,2.0,10,2,10
49325,15,7,1,0,6,3,6,1,0,1,2,5,2,2,0.0,0.0,0.0,0.0,0.0,2.0,19,1,4
6789,16,3,3,10,8,3,5,5,0,1,2,36,4,2,0.0,0.0,0.0,0.0,0.0,5.0,15,6,1
129799,16,2,3,0,3,3,0,1,0,1,2,18,2,2,0.0,0.0,0.0,0.0,0.0,3.0,16,6,9
60123,16,7,1,17,6,3,6,1,1,1,2,18,2,2,0.0,0.0,0.0,0.0,0.0,2.0,1,5,5
9277,16,10,0,10,8,3,4,1,1,1,1,36,3,2,0.0,0.0,0.0,0.0,0.0,5.0,10,7,1
91797,16,7,1,17,6,3,6,1,0,1,2,18,2,2,0.0,0.0,0.0,0.0,0.0,6.0,3,7,7
58131,16,7,3,9,8,3,6,1,0,1,2,36,2,1,1.0,0.0,1.0,0.0,0.0,2.0,14,3,5
110489,16,2,1,0,15,3,0,1,0,1,2,6,2,1,3.0,0.0,1.0,2.0,0.0,1.0,2,3,8
111856,16,11,3,17,6,3,5,5,1,1,1,36,2,2,0.0,0.0,0.0,0.0,0.0,2.0,12,3,8
174597,16,7,3,0,6,3,6,1,1,1,1,5,2,2,0.0,0.0,0.0,0.0,0.0,3.0,13,1,12
68715,16,2,1,10,8,3,0,5,1,1,2,19,2,2,0.0,0.0,0.0,0.0,0.0,2.0,21,7,5
164371,16,2,0,17,3,3,0,1,0,1,2,26,3,3,1.0,0.0,0.0,1.0,0.0,2.0,16,7,11
156027,15,2,3,10,8,3,5,5,1,1,2,36,2,2,0.0,0.0,0.0,0.0,0.0,2.0,7,2,11
65847,4,2,3,10,8,3,5,5,1,1,1,19,2,2,0.0,0.0,0.0,0.0,0.0,2.0,11,5,5
58756,16,7,3,17,6,3,6,1,1,1,2,24,2,2,0.0,0.0,0.0,0.0,0.0,5.0,14,6,5
84768,15,2,3,17,8,3,0,1,1,1,1,36,2,2,0.0,0.0,0.0,0.0,0.0,2.0,12,2,6
72483,16,2,3,17,6,3,0,1,1,1,0,13,2,2,0.0,0.0,0.0,0.0,0.0,2.0,13,3,6
92082,4,2,0,17,15,3,0,1,0,1,1,18,2,3,1.0,0.0,0.0,1.0,0.0,2.0,22,3,7
19393,16,2,1,10,3,3,0,1,1,1,2,30,2,2,0.0,0.0,0.0,0.0,0.0,2.0,19,2,2
114102,15,7,3,0,8,3,6,1,1,1,2,18,2,2,0.0,0.0,0.0,0.0,0.0,6.0,16,2,8
102417,16,2,1,7,2,3,0,1,1,0,2,15,2,2,0.0,0.0,0.0,0.0,0.0,4.0,1,1,7
16611,16,10,3,10,2,3,4,1,1,1,2,36,2,2,0.0,0.0,0.0,0.0,0.0,2.0,14,5,2
24050,16,7,1,17,8,3,6,1,1,1,2,36,2,2,0.0,0.0,0.0,0.0,0.0,2.0,19,3,2
187427,15,7,0,15,6,3,6,1,0,1,2,36,2,2,0.0,0.0,0.0,0.0,0.0,2.0,18,5,12
145825,16,7,2,10,8,3,6,1,1,1,2,19,2,2,0.0,0.0,0.0,0.0,0.0,3.0,6,1,10
155708,16,2,3,10,2,3,0,1,1,1,1,19,2,2,0.0,0.0,0.0,0.0,0.0,2.0,12,3,11
49758,16,2,3,17,15,3,0,1,1,1,1,18,2,2,0.0,0.0,0.0,0.0,0.0,2.0,11,2,4
122312,4,2,3,14,0,3,5,5,1,1,1,23,2,2,0.0,0.0,0.0,0.0,0.0,2.0,8,3,9
179539,15,2,3,17,8,3,0,1,1,1,2,17,2,2,0.0,0.0,0.0,0.0,0.0,2.0,7,5,12
13502,16,2,3,17,6,3,0,1,1,1,2,24,2,2,0.0,0.0,0.0,0.0,0.0,2.0,9,3,1
148893,15,2,3,17,6,3,0,1,1,1,2,18,2,2,0.0,0.0,0.0,0.0,0.0,2.0,14,4,10
56240,4,2,3,14,8,3,0,1,1,0,0,36,2,2,0.0,0.0,0.0,0.0,0.0,3.0,12,6,5
60960,18,2,3,17,8,3,0,1,1,1,0,18,2,2,0.0,0.0,0.0,0.0,0.0,2.0,9,4,5
34355,16,10,3,10,8,3,4,5,1,1,2,36,2,2,0.0,0.0,0.0,0.0,0.0,2.0,8,3,3
157186,4,2,3,0,8,3,0,1,1,1,1,18,2,2,0.0,0.0,0.0,0.0,0.0,2.0,10,4,11
76173,16,3,3,15,6,3,6,1,0,0,2,36,2,4,1.0,0.0,0.0,0.0,1.0,2.0,16,1,6
105699,16,2,3,10,2,3,0,1,1,1,1,36,2,2,0.0,0.0,0.0,0.0,0.0,2.0,19,7,8
96064,4,2,3,15,2,3,0,1,1,1,2,36,3,2,0.0,0.0,0.0,0.0,0.0,4.0,7,2,7
27587,16,2,3,17,2,2,0,1,0,1,2,24,2,4,1.0,0.0,0.0,0.0,1.0,1.0,18,3,2
187721,15,2,1,17,8,3,0,1,1,1,2,36,2,2,0.0,0.0,0.0,0.0,0.0,3.0,17,1,12
98294,16,7,3,0,3,3,6,1,0,1,2,6,3,2,0.0,0.0,0.0,0.0,0.0,3.0,11,7,7
18814,4,2,1,10,8,3,4,1,1,1,2,19,2,2,0.0,0.0,0.0,0.0,0.0,3.0,19,6,2
40921,16,2,1,0,6,3,0,1,1,1,2,6,2,2,0.0,0.0,0.0,0.0,0.0,4.0,22,3,3
183441,15,2,3,10,2,3,0,1,1,1,2,36,2,2,0.0,0.0,0.0,0.0,0.0,2.0,11,3,12
182233,16,2,3,0,8,3,0,1,1,1,2,36,2,2,0.0,0.0,0.0,0.0,0.0,2.0,10,7,12
163002,16,2,1,15,6,3,0,1,1,1,2,23,2,2,0.0,0.0,0.0,0.0,0.0,2.0,23,4,11
159866,16,2,1,0,6,3,0,1,0,1,2,6,2,3,5.0,0.0,0.0,5.0,0.0,1.0,3,6,11
172794,15,2,3,0,8,3,0,1,1,1,2,18,2,2,0.0,0.0,0.0,0.0,0.0,2.0,9,7,12
106403,16,2,3,15,8,3,0,1,0,1,2,36,2,2,0.0,0.0,0.0,0.0,0.0,2.0,14,5,8
132886,15,2,3,2,6,3,0,1,0,1,2,36,1,2,0.0,0.0,0.0,0.0,0.0,1.0,18,6,9
24254,15,2,1,10,8,3,4,5,1,1,0,19,2,2,0.0,0.0,0.0,0.0,0.0,3.0,23,7,2
113037,15,2,3,8,8,3,0,1,0,1,0,18,2,3,1.0,0.0,0.0,1.0,0.0,1.0,14,6,8
118853,16,2,1,8,2,3,0,1,0,1,1,18,2,3,1.0,0.0,0.0,1.0,0.0,1.0,4,3,8
138542,16,2,0,2,6,3,0,1,0,0,0,11,1,3,1.0,0.0,0.0,1.0,0.0,0.0,3,1,10
78401,4,2,3,10,8,3,0,5,1,1,2,19,2,2,0.0,0.0,0.0,0.0,0.0,2.0,16,7,6
165874,17,11,5,0,6,3,5,5,1,1,2,26,2,2,0.0,0.0,0.0,0.0,0.0,2.0,19,2,11
27183,15,2,3,10,10,3,0,1,1,1,1,18,2,2,0.0,0.0,0.0,0.0,0.0,5.0,16,7,2
66137,16,7,3,10,2,3,6,1,0,1,2,19,2,4,1.0,0.0,0.0,0.0,1.0,2.0,9,2,5
44778,16,2,3,10,6,3,0,1,0,1,2,17,2,4,1.0,0.0,0.0,0.0,1.0,2.0,17,4,4
118208,17,2,3,10,8,3,5,5,1,1,2,36,2,2,0.0,0.0,0.0,0.0,0.0,2.0,7,3,8
88841,4,2,3,15,8,3,0,1,1,1,1,12,2,2,0.0,0.0,0.0,0.0,0.0,3.0,12,2,7
37615,16,2,3,15,8,3,0,1,1,1,0,36,2,2,0.0,0.0,0.0,0.0,0.0,2.0,14,4,3
48108,4,7,3,10,8,3,6,1,1,1,2,19,2,2,0.0,0.0,0.0,0.0,0.0,2.0,16,7,4
40419,17,2,3,15,8,3,0,2,0,1,1,22,2,4,1.0,0.0,0.0,0.0,1.0,3.0,15,1,3
21121,16,2,3,17,8,3,6,1,0,1,1,6,3,2,0.0,0.0,0.0,0.0,0.0,5.0,16,4,2
64719,4,2,3,7,2,3,6,1,0,1,2,36,2,2,0.0,0.0,0.0,0.0,0.0,1.0,17,7,5
29582,16,2,3,17,3,3,0,1,0,1,2,18,2,2,0.0,0.0,0.0,0.0,0.0,2.0,12,1,3
65535,16,2,3,8,2,4,0,1,0,1,0,18,2,4,1.0,0.0,0.0,0.0,1.0,1.0,17,1,5
1631,16,2,3,0,2,3,0,1,1,1,2,18,2,2,0.0,0.0,0.0,0.0,0.0,2.0,13,7,1
22146,15,2,1,9,10,3,0,1,0,1,0,36,2,1,1.0,0.0,1.0,0.0,0.0,1.0,17,6,2
173755,16,10,1,0,2,3,6,1,0,1,2,6,2,2,0.0,0.0,0.0,0.0,0.0,2.0,19,1,12
133403,15,2,3,0,8,3,0,1,0,1,2,18,2,2,0.0,0.0,0.0,0.0,0.0,2.0,6,6,9
7082,6,10,1,15,17,3,4,5,1,1,2,36,2,2,0.0,0.0,0.0,0.0,0.0,2.0,17,2,1
27328,16,2,3,17,8,3,0,1,1,1,2,22,2,2,0.0,0.0,0.0,0.0,0.0,2.0,14,5,2
24725,16,2,3,10,2,3,0,1,1,1,1,36,2,2,0.0,0.0,0.0,0.0,0.0,2.0,7,3,2
183071,16,2,3,17,8,3,0,1,1,1,1,24,2,2,0.0,0.0,0.0,0.0,0.0,2.0,14,4,12
187920,15,3,3,0,6,3,6,1,0,1,2,5,2,3,1.0,0.0,0.0,1.0,0.0,1.0,11,5,12
179691,16,2,1,17,3,3,0,1,0,1,2,6,3,4,2.0,0.0,0.0,0.0,2.0,1.0,6,7,12
73708,16,2,0,0,6,3,5,1,1,1,2,36,2,2,0.0,0.0,0.0,0.0,0.0,2.0,23,7,6
96359,16,2,3,0,6,3,0,1,0,1,2,18,2,2,0.0,0.0,0.0,0.0,0.0,3.0,7,7,7
60064,16,2,3,15,2,3,0,1,0,1,2,12,2,2,0.0,0.0,0.0,0.0,0.0,2.0,16,4,5
95115,16,2,3,15,8,3,0,1,1,1,1,36,2,2,0.0,0.0,0.0,0.0,0.0,2.0,16,2,7
58135,16,2,3,0,6,3,0,1,0,1,2,6,2,4,1.0,0.0,0.0,0.0,1.0,2.0,16,3,5
178964,16,2,1,17,8,3,0,1,0,1,2,17,2,4,2.0,0.0,0.0,0.0,2.0,3.0,22,4,12
150904,16,2,3,15,15,3,0,1,1,1,2,36,2,2,0.0,0.0,0.0,0.0,0.0,2.0,8,4,10
113213,16,2,1,10,2,3,0,1,0,1,2,36,2,2,0.0,0.0,0.0,0.0,0.0,2.0,23,1,8
42988,16,7,3,11,8,3,6,1,1,1,1,21,2,2,0.0,0.0,0.0,0.0,0.0,3.0,18,7,4
134035,16,2,3,7,6,3,0,1,1,1,2,36,3,2,0.0,0.0,0.0,0.0,0.0,1.0,19,1,9
179141,4,2,3,2,2,3,0,1,1,1,2,17,1,2,0.0,0.0,0.0,0.0,0.0,1.0,13,1,12
110399,16,2,1,15,10,3,0,1,1,1,0,22,2,2,0.0,0.0,0.0,0.0,0.0,3.0,20,1,8
153282,16,2,3,10,8,3,0,1,1,1,2,19,2,2,0.0,0.0,0.0,0.0,0.0,5.0,13,1,10
116274,16,2,3,10,8,3,0,1,1,1,1,36,2,2,0.0,0.0,0.0,0.0,0.0,3.0,12,6,8
27461,4,2,3,0,6,3,5,1,1,1,1,18,2,2,0.0,0.0,0.0,0.0,0.0,3.0,14,1,2