crash_date,               traffic_control_device,weather_condition,lighting_condition,first_crash_type,trafficway_type,alignment,roadway_surface_cond,road_defect,crash_type,intersection_related_i,damage,prim_contributory_cause,num_units,most_severe_injury,injuries_total,injuries_fatal,injuries_incapacitating,injuries_non_incapacitating,injuries_reported_not_evident,injuries_no_indication,crash_hour,crash_day_of_week,crash_month
68538,15,11,5,0,15,3,5,5,1,1,0,36,2,2,0.0,0.0,0.0,0.0,0.0,2.0,23,5,5
66841,4,2,1,7,8,3,0,1,0,1,2,9,3,3,3.0,0.0,0.0,3.0,0.0,0.0,22,7,5
68161,16,2,3,17,11,3,0,1,0,1,2,24,2,2,0.0,0.0,0.0,0.0,0.0,3.0,14,6,5
99571,11,2,1,0,6,3,0,1,1,1,2,18,2,2,0.0,0.0,0.0,0.0,0.0,2.0,21,7,7
94291,16,2,3,17,3,3,0,1,0,1,2,18,2,3,1.0,0.0,0.0,1.0,0.0,2.0,17,3,7
118058,16,2,1,17,8,3,0,1,0,1,1,22,2,2,0.0,0.0,0.0,0.0,0.0,2.0,4,7,8
25708,15,2,3,7,15,3,0,1,1,1,2,17,2,2,0.0,0.0,0.0,0.0,0.0,1.0,12,6,2
95835,15,2,3,9,6,3,0,1,0,1,2,18,2,1,1.0,0.0,1.0,0.0,0.0,1.0,12,6,7
80355,15,2,3,0,16,3,0,5,1,1,1,5,2,2,0.0,0.0,0.0,0.0,0.0,2.0,17,1,6
94798,16,2,3,10,8,3,5,5,1,1,2,36,2,2,0.0,0.0,0.0,0.0,0.0,2.0,9,4,7
143671,16,2,0,0,6,3,0,1,0,1,2,6,2,2,0.0,0.0,0.0,0.0,0.0,2.0,9,1,10
101417,16,2,3,10,8,4,0,1,1,1,1,21,2,2,0.0,0.0,0.0,0.0,0.0,2.0,17,7,7
137939,4,2,1,0,8,3,0,1,0,1,2,36,2,3,3.0,0.0,0.0,3.0,0.0,0.0,23,6,10
165148,16,2,3,17,8,3,5,5,1,1,2,36,2,2,0.0,0.0,0.0,0.0,0.0,4.0,8,5,11
116919,16,2,3,15,2,3,5,5,1,1,1,22,2,2,0.0,0.0,0.0,0.0,0.0,2.0,13,4,8
8841,16,10,1,17,6,3,4,1,1,1,2,24,2,2,0.0,0.0,0.0,0.0,0.0,2.0,6,7,1
21287,17,2,3,17,17,3,0,5,1,1,2,36,2,2,0.0,0.0,0.0,0.0,0.0,3.0,16,6,2
77632,4,2,3,7,8,3,0,1,1,0,1,36,2,2,0.0,0.0,0.0,0.0,0.0,1.0,19,2,6
35534,16,2,3,15,6,3,0,1,1,1,1,36,2,2,0.0,0.0,0.0,0.0,0.0,2.0,13,3,3
37538,16,2,3,10,8,3,0,1,0,1,2,19,2,3,1.0,0.0,0.0,1.0,0.0,1.0,7,4,3
179732,16,2,3,15,17,3,0,1,0,1,2,26,2,3,1.0,0.0,0.0,1.0,0.0,1.0,14,2,12
46141,15,2,3,17,8,3,0,1,0,1,2,18,2,3,2.0,0.0,0.0,2.0,0.0,2.0,11,7,4
139695,16,2,0,0,8,3,0,1,0,1,2,6,2,2,0.0,0.0,0.0,0.0,0.0,2.0,23,3,10
163764,16,2,3,17,8,3,6,1,0,1,2,18,2,2,0.0,0.0,0.0,0.0,0.0,2.0,14,6,11
171011,16,2,4,17,6,3,0,1,1,1,2,18,2,2,0.0,0.0,0.0,0.0,0.0,3.0,16,3,11
12930,16,2,3,15,2,3,0,1,1,1,0,23,2,2,0.0,0.0,0.0,0.0,0.0,3.0,9,6,1
51350,16,2,3,17,6,3,0,5,1,1,2,36,2,2,0.0,0.0,0.0,0.0,0.0,2.0,10,1,4
130761,16,2,3,17,8,3,0,1,0,1,2,18,3,2,0.0,0.0,0.0,0.0,0.0,2.0,6,4,9
27903,15,7,3,17,2,3,6,1,0,1,2,36,2,2,0.0,0.0,0.0,0.0,0.0,2.0,11,1,2
129566,15,2,3,0,11,3,0,1,0,1,2,18,2,3,1.0,0.0,0.0,1.0,0.0,3.0,11,1,9
120352,15,2,3,9,6,3,0,1,0,1,0,18,2,3,1.0,0.0,0.0,1.0,0.0,1.0,15,5,8
117301,15,2,1,0,11,3,0,1,1,1,1,36,2,2,0.0,0.0,0.0,0.0,0.0,3.0,20,1,8
24548,16,2,3,2,3,3,0,1,1,1,0,21,1,2,0.0,0.0,0.0,0.0,0.0,1.0,11,5,2
47224,15,2,1,0,2,3,6,1,0,1,2,5,2,2,0.0,0.0,0.0,0.0,0.0,2.0,4,6,4
15292,16,2,3,10,6,3,0,1,1,1,2,17,2,2,0.0,0.0,0.0,0.0,0.0,3.0,12,7,2
10494,16,2,3,0,8,3,0,1,0,1,2,6,2,2,0.0,0.0,0.0,0.0,0.0,2.0,9,1,1
65027,18,2,3,0,6,3,0,1,0,1,2,36,2,2,0.0,0.0,0.0,0.0,0.0,2.0,19,7,5
59646,16,2,3,10,2,3,0,1,1,1,0,36,2,2,0.0,0.0,0.0,0.0,0.0,2.0,8,4,5
167486,4,7,3,17,2,3,6,1,0,1,2,18,2,1,1.0,0.0,1.0,0.0,0.0,3.0,12,3,11
18034,16,2,3,17,8,3,0,1,1,1,2,18,2,2,0.0,0.0,0.0,0.0,0.0,2.0,10,6,2
27051,16,2,1,10,15,3,0,1,1,1,2,36,2,2,0.0,0.0,0.0,0.0,0.0,2.0,23,7,2
182858,4,2,3,14,6,3,0,5,1,1,2,18,2,2,0.0,0.0,0.0,0.0,0.0,4.0,7,2,12
187260,16,2,3,17,2,3,0,5,0,1,2,23,2,2,0.0,0.0,0.0,0.0,0.0,2.0,7,2,12
40660,16,2,1,0,3,3,0,1,0,1,2,36,2,2,0.0,0.0,0.0,0.0,0.0,5.0,0,4,3
41906,16,2,1,9,8,3,0,1,0,1,2,6,2,3,1.0,0.0,0.0,1.0,0.0,1.0,23,7,3
90415,16,2,3,10,8,3,0,1,1,1,2,19,2,2,0.0,0.0,0.0,0.0,0.0,2.0,18,5,7
129495,16,2,3,10,11,3,0,1,1,1,2,26,2,2,0.0,0.0,0.0,0.0,0.0,2.0,13,7,9
15105,15,2,3,0,8,3,0,1,0,1,2,36,2,4,1.0,0.0,0.0,0.0,1.0,1.0,15,5,2
160692,16,2,2,17,8,3,0,5,0,1,2,24,2,3,1.0,0.0,0.0,1.0,0.0,1.0,17,5,11
106093,15,2,3,0,6,3,0,1,0,1,2,18,2,2,0.0,0.0,0.0,0.0,0.0,2.0,16,1,8
152418,16,5,0,9,6,3,6,1,0,1,0,18,2,4,1.0,0.0,0.0,0.0,1.0,3.0,20,7,10
60711,16,2,3,15,8,3,0,1,1,1,1,36,2,2,0.0,0.0,0.0,0.0,0.0,2.0,10,6,5
46528,17,2,3,8,8,3,5,5,0,0,2,26,2,3,1.0,0.0,0.0,1.0,0.0,1.0,13,1,4
142951,15,7,4,0,6,3,6,1,0,1,2,36,2,4,1.0,0.0,0.0,0.0,1.0,1.0,16,5,10
121561,16,2,1,0,15,3,0,5,1,1,1,6,2,2,0.0,0.0,0.0,0.0,0.0,2.0,23,7,9
27477,4,2,3,17,8,3,0,1,1,1,2,23,2,2,0.0,0.0,0.0,0.0,0.0,2.0,17,1,2
20737,17,10,0,2,10,3,4,5,0,1,2,39,1,2,0.0,0.0,0.0,0.0,0.0,2.0,0,4,2
8558,16,2,3,15,8,3,0,1,1,1,2,23,2,2,0.0,0.0,0.0,0.0,0.0,6.0,16,6,1
170128,16,2,1,15,8,3,0,1,0,1,2,22,2,2,0.0,0.0,0.0,0.0,0.0,3.0,19,1,11
181322,15,3,3,10,8,3,0,3,1,1,1,17,2,2,0.0,0.0,0.0,0.0,0.0,3.0,13,1,12
161552,15,10,3,8,6,3,4,1,1,1,0,39,2,2,0.0,0.0,0.0,0.0,0.0,2.0,12,2,11
123470,15,2,1,8,10,3,0,1,0,1,0,36,2,3,1.0,0.0,0.0,1.0,0.0,1.0,20,6,9
86130,4,2,4,17,8,3,0,1,1,1,2,18,2,2,0.0,0.0,0.0,0.0,0.0,3.0,19,3,6
101483,4,2,3,15,8,3,0,1,1,1,0,23,2,2,0.0,0.0,0.0,0.0,0.0,2.0,14,2,7
68464,15,2,1,0,6,3,6,1,1,1,2,36,2,2,0.0,0.0,0.0,0.0,0.0,4.0,23,4,5
16138,15,2,3,0,6,3,0,1,0,1,2,18,4,4,1.0,0.0,0.0,0.0,1.0,1.0,7,2,2
115345,15,2,3,0,18,3,0,5,0,1,2,5,2,3,3.0,0.0,0.0,3.0,0.0,1.0,13,1,8
27982,4,2,3,15,10,3,6,2,1,1,1,22,2,2,0.0,0.0,0.0,0.0,0.0,2.0,14,3,2
48870,16,2,3,0,6,3,0,1,0,1,2,36,2,3,3.0,0.0,0.0,3.0,0.0,1.0,16,7,4
47986,16,2,3,10,2,3,0,1,0,1,2,30,2,4,1.0,0.0,0.0,0.0,1.0,1.0,17,7,4
164487,16,2,3,15,3,3,0,1,1,1,0,36,2,2,0.0,0.0,0.0,0.0,0.0,3.0,15,3,11
169615,16,2,1,17,2,3,6,1,1,1,1,24,2,2,0.0,0.0,0.0,0.0,0.0,2.0,20,5,11
26018,16,10,1,0,6,3,4,1,0,1,2,39,2,3,3.0,0.0,0.0,3.0,0.0,1.0,22,5,2
83123,16,2,3,9,6,3,0,1,0,1,1,36,2,3,1.0,0.0,0.0,1.0,0.0,1.0,12,6,6
99224,16,7,0,0,8,3,6,1,1,1,2,36,2,2,0.0,0.0,0.0,0.0,0.0,2.0,23,7,7
44668,16,2,3,0,2,3,0,1,0,1,2,12,2,2,0.0,0.0,0.0,0.0,0.0,2.0,7,2,4
33788,16,2,1,15,8,3,0,5,1,1,0,24,2,2,0.0,0.0,0.0,0.0,0.0,2.0,20,3,3
186227,16,2,3,17,2,3,0,5,0,1,2,18,2,2,0.0,0.0,0.0,0.0,0.0,3.0,13,7,12
161853,16,2,3,15,8,3,0,1,1,1,1,18,2,2,0.0,0.0,0.0,0.0,0.0,2.0,11,7,11
109849,15,2,3,17,2,3,0,1,1,1,1,24,2,2,0.0,0.0,0.0,0.0,0.0,2.0,5,7,8
102789,16,2,1,17,3,3,0,1,0,1,2,24,2,3,2.0,0.0,0.0,2.0,0.0,1.0,21,7,7
22751,16,2,3,10,2,3,5,1,1,1,1,19,2,2,0.0,0.0,0.0,0.0,0.0,2.0,13,4,2
66131,15,7,3,15,8,3,6,1,1,1,2,23,2,2,0.0,0.0,0.0,0.0,0.0,2.0,8,2,5
158808,16,3,3,17,8,3,0,1,0,1,2,18,2,2,0.0,0.0,0.0,0.0,0.0,2.0,7,4,11
61417,16,2,3,0,16,3,0,1,1,1,2,22,2,2,0.0,0.0,0.0,0.0,0.0,3.0,16,5,5
30555,15,2,3,0,2,3,6,1,0,1,2,38,2,4,1.0,0.0,0.0,0.0,1.0,3.0,15,3,3
117210,17,2,3,17,8,3,0,5,1,1,1,26,2,2,0.0,0.0,0.0,0.0,0.0,2.0,14,6,8
123896,15,7,3,0,8,3,6,5,1,1,1,18,2,2,0.0,0.0,0.0,0.0,0.0,2.0,13,6,9
43924,16,2,3,0,6,3,0,5,0,1,2,6,2,2,0.0,0.0,0.0,0.0,0.0,4.0,17,2,4
112777,15,2,3,0,8,3,0,1,0,1,1,36,2,2,0.0,0.0,0.0,0.0,0.0,3.0,8,3,8
72742,15,2,3,0,9,3,0,1,0,1,2,18,2,3,3.0,0.0,0.0,1.0,2.0,1.0,11,6,6
183104,4,2,3,17,8,3,0,1,1,1,2,18,2,2,0.0,0.0,0.0,0.0,0.0,2.0,8,4,12
34322,16,2,3,10,2,3,5,5,1,1,0,26,2,2,0.0,0.0,0.0,0.0,0.0,2.0,11,2,3
25746,16,3,3,10,8,3,6,1,1,1,2,36,2,2,0.0,0.0,0.0,0.0,0.0,3.0,8,6,2
179953,15,2,3,0,6,3,0,1,0,1,2,18,2,2,0.0,0.0,0.0,0.0,0.0,2.0,17,5,12
91151,16,2,3,10,8,3,0,1,0,0,2,17,4,2,0.0,0.0,0.0,0.0,0.0,4.0,12,3,7
39309,16,2,1,17,2,3,0,1,1,1,1,26,2,2,0.0,0.0,0.0,0.0,0.0,2.0,23,6,3
135421,16,2,3,9,2,3,0,1,0,1,0,20,2,4,1.0,0.0,0.0,0.0,1.0,1.0,15,5,9
134439,16,2,1,10,2,3,0,1,0,1,2,37,2,3,1.0,0.0,0.0,1.0,0.0,2.0,23,6,9
141446,15,2,3,0,6,3,0,1,1,1,1,36,2,2,0.0,0.0,0.0,0.0,0.0,4.0,17,6,10
79500,4,2,3,0,8,3,0,1,0,1,2,12,2,2,0.0,0.0,0.0,0.0,0.0,2.0,7,7,6
32540,16,2,1,17,8,3,0,1,0,1,2,2,2,2,0.0,0.0,0.0,0.0,0.0,5.0,0,7,3
83675,15,2,3,8,2,3,0,1,0,1,0,36,2,4,1.0,0.0,0.0,0.0,1.0,1.0,14,6,6
96621,15,2,3,2,1,3,0,1,1,1,0,24,1,2,0.0,0.0,0.0,0.0,0.0,1.0,10,3,7
23915,16,2,3,17,15,3,0,1,0,1,2,6,3,3,1.0,0.0,0.0,1.0,0.0,2.0,12,1,2
92787,16,2,4,17,6,3,0,1,0,1,2,18,2,3,1.0,0.0,0.0,1.0,0.0,1.0,20,1,7
152728,16,2,1,0,18,3,0,1,1,1,1,12,2,2,0.0,0.0,0.0,0.0,0.0,2.0,5,7,10
60256,15,2,3,0,17,3,5,1,0,1,2,18,3,4,1.0,0.0,0.0,0.0,1.0,2.0,13,1,5
82149,16,2,1,0,10,3,0,1,0,1,2,6,4,0,5.0,1.0,3.0,0.0,1.0,2.0,22,4,6
175068,16,2,3,10,6,3,0,1,1,1,2,19,2,2,0.0,0.0,0.0,0.0,0.0,2.0,13,6,12
84484,16,2,1,10,6,3,0,1,1,1,2,19,2,2,0.0,0.0,0.0,0.0,0.0,2.0,22,5,6
79645,16,2,1,9,8,3,0,1,0,1,0,35,2,3,1.0,0.0,0.0,1.0,0.0,1.0,20,3,6
72988,16,2,1,0,6,3,0,5,1,1,2,6,2,2,0.0,0.0,0.0,0.0,0.0,2.0,21,2,6
112012,16,2,3,17,8,3,0,1,0,1,2,18,2,2,0.0,0.0,0.0,0.0,0.0,4.0,15,5,8
132571,15,2,3,0,8,3,0,1,0,1,2,18,2,2,0.0,0.0,0.0,0.0,0.0,2.0,9,7,9
36202,16,2,0,0,6,3,0,5,0,1,2,6,2,4,2.0,0.0,0.0,0.0,2.0,1.0,3,1,3
35063,15,10,3,0,8,3,4,1,1,1,1,39,2,2,0.0,0.0,0.0,0.0,0.0,3.0,13,2,3
33726,4,10,3,0,8,3,6,1,0,1,2,36,2,2,0.0,0.0,0.0,0.0,0.0,3.0,10,1,3
16816,16,2,3,17,6,3,0,1,1,1,2,18,2,2,0.0,0.0,0.0,0.0,0.0,3.0,9,1,2
128294,15,2,3,10,19,3,0,1,1,1,2,19,2,2,0.0,0.0,0.0,0.0,0.0,2.0,9,7,9
103501,16,2,4,0,8,3,0,1,1,1,1,5,2,2,0.0,0.0,0.0,0.0,0.0,2.0,20,3,7
129879,16,2,3,15,2,3,0,1,1,1,2,36,2,2,0.0,0.0,0.0,0.0,0.0,3.0,13,7,9
105783,16,2,3,2,3,3,0,1,0,1,1,36,1,2,0.0,0.0,0.0,0.0,0.0,2.0,6,1,8
23168,16,2,1,10,8,3,4,1,1,1,2,19,2,2,0.0,0.0,0.0,0.0,0.0,5.0,21,2,2
159172,16,2,3,10,2,3,0,1,1,1,2,18,2,2,0.0,0.0,0.0,0.0,0.0,3.0,20,7,11
9657,15,2,3,0,2,3,0,1,0,1,2,18,2,2,0.0,0.0,0.0,0.0,0.0,2.0,13,1,1
69201,16,2,2,15,11,3,5,1,0,1,2,9,2,3,2.0,0.0,0.0,2.0,0.0,1.0,5,7,5
154212,16,7,1,0,6,3,6,1,0,1,2,6,2,2,0.0,0.0,0.0,0.0,0.0,3.0,22,6,10
850,16,2,3,10,2,3,0,1,0,1,2,36,2,4,1.0,0.0,0.0,0.0,1.0,1.0,14,2,1
79976,15,2,3,17,2,3,0,1,1,1,2,24,2,2,0.0,0.0,0.0,0.0,0.0,3.0,19,7,6
179325,15,2,1,0,6,3,0,1,1,1,2,18,2,2,0.0,0.0,0.0,0.0,0.0,2.0,5,4,12
37725,16,2,0,14,10,3,0,5,1,1,2,18,2,2,0.0,0.0,0.0,0.0,0.0,3.0,21,5,3
123560,2,2,3,10,8,3,6,5,0,1,2,36,2,3,1.0,0.0,0.0,1.0,0.0,2.0,11,1,9
82990,16,2,3,0,6,3,0,1,1,1,2,6,2,2,0.0,0.0,0.0,0.0,0.0,2.0,11,3,6
173801,4,3,3,17,8,3,0,1,0,1,2,22,2,2,0.0,0.0,0.0,0.0,0.0,2.0,7,2,12
38454,15,2,3,0,10,3,0,1,0,1,2,5,2,4,1.0,0.0,0.0,0.0,1.0,1.0,14,5,3
127809,15,2,3,0,10,3,0,1,0,1,2,36,2,4,1.0,0.0,0.0,0.0,1.0,1.0,9,5,9
1486,16,2,1,17,2,3,0,1,1,1,0,19,2,2,0.0,0.0,0.0,0.0,0.0,2.0,19,4,1
93880,16,7,3,0,6,3,6,1,0,1,2,36,2,2,0.0,0.0,0.0,0.0,0.0,3.0,11,4,7
70348,15,2,3,17,2,3,0,1,1,1,1,18,2,2,0.0,0.0,0.0,0.0,0.0,3.0,17,6,5
101138,15,2,3,17,10,3,0,1,1,0,2,23,2,2,0.0,0.0,0.0,0.0,0.0,2.0,6,4,7
138088,16,2,3,10,8,3,0,5,0,1,2,36,2,4,1.0,0.0,0.0,0.0,1.0,2.0,15,3,10
162463,16,2,3,9,11,3,0,1,1,1,0,35,4,2,0.0,0.0,0.0,0.0,0.0,4.0,13,2,11
112838,16,2,3,9,6,3,0,1,0,1,2,18,2,3,1.0,0.0,0.0,1.0,0.0,2.0,7,4,8
31288,16,2,3,10,8,3,0,1,1,1,2,19,2,2,0.0,0.0,0.0,0.0,0.0,2.0,13,3,3
55345,4,3,3,17,8,3,0,1,1,1,2,18,2,2,0.0,0.0,0.0,0.0,0.0,2.0,8,6,4
172259,15,7,3,9,8,3,6,1,0,1,0,36,2,3,1.0,0.0,0.0,1.0,0.0,1.0,15,7,12
85726,16,2,3,2,8,3,0,1,1,1,2,26,2,2,0.0,0.0,0.0,0.0,0.0,1.0,12,4,6
162054,16,10,3,10,8,3,1,1,1,1,1,39,2,2,0.0,0.0,0.0,0.0,0.0,3.0,8,3,11
20674,4,2,3,0,2,3,0,1,0,1,2,18,2,3,3.0,0.0,0.0,3.0,0.0,4.0,15,4,2
89115,15,2,3,17,8,4,0,1,0,1,2,17,2,3,2.0,0.0,0.0,2.0,0.0,1.0,9,7,7
169169,16,2,1,0,2,3,0,1,0,1,2,18,3,3,4.0,0.0,0.0,1.0,3.0,1.0,17,7,11
21347,16,2,3,0,8,4,0,1,0,1,2,6,3,3,3.0,0.0,0.0,2.0,1.0,2.0,10,6,2
92648,16,2,1,17,3,3,0,1,0,1,2,6,2,2,0.0,0.0,0.0,0.0,0.0,4.0,21,6,7
160849,4,10,3,7,8,3,1,1,1,1,2,39,2,2,0.0,0.0,0.0,0.0,0.0,1.0,15,6,11
24068,15,2,3,0,8,3,0,1,0,1,2,36,2,2,0.0,0.0,0.0,0.0,0.0,3.0,11,3,2
100970,16,2,3,10,8,3,0,1,1,1,2,36,2,2,0.0,0.0,0.0,0.0,0.0,2.0,17,1,7
135053,16,2,1,10,8,3,5,5,1,1,2,36,2,2,0.0,0.0,0.0,0.0,0.0,4.0,20,7,9
139861,16,2,3,17,8,3,0,5,1,1,0,36,2,2,0.0,0.0,0.0,0.0,0.0,2.0,15,2,10
81621,4,2,3,0,8,3,0,1,1,1,2,36,2,2,0.0,0.0,0.0,0.0,0.0,4.0,16,4,6
68471,16,2,3,15,16,3,0,1,1,1,1,19,2,2,0.0,0.0,0.0,0.0,0.0,2.0,14,5,5
31043,16,2,3,9,2,3,0,1,1,1,0,36,2,2,0.0,0.0,0.0,0.0,0.0,2.0,6,4,3
16223,15,11,3,0,10,3,5,5,1,1,1,36,2,2,0.0,0.0,0.0,0.0,0.0,3.0,11,4,2
160908,4,10,3,15,2,3,4,1,1,1,1,39,2,2,0.0,0.0,0.0,0.0,0.0,2.0,10,6,11
44953,16,2,3,17,2,3,0,1,1,1,0,19,2,2,0.0,0.0,0.0,0.0,0.0,3.0,18,6,4
42424,15,2,3,0,8,3,0,5,0,1,2,18,2,3,2.0,0.0,0.0,2.0,0.0,1.0,13,4,4
86143,16,3,3,10,2,3,0,1,1,1,2,36,2,2,0.0,0.0,0.0,0.0,0.0,2.0,10,3,6
7724,16,3,3,17,2,3,6,1,1,1,2,24,2,2,0.0,0.0,0.0,0.0,0.0,3.0,9,4,1
41074,4,2,3,10,3,3,0,1,1,0,1,36,2,2,0.0,0.0,0.0,0.0,0.0,3.0,15,6,3
173211,15,2,1,17,15,3,0,5,1,1,2,18,2,2,0.0,0.0,0.0,0.0,0.0,2.0,23,2,12
129506,18,2,3,17,8,3,0,1,1,1,1,36,2,2,0.0,0.0,0.0,0.0,0.0,3.0,17,7,9
180778,16,2,1,15,2,3,0,1,1,1,1,18,2,2,0.0,0.0,0.0,0.0,0.0,5.0,18,7,12
22243,16,2,1,2,6,3,6,5,0,1,2,37,1,2,0.0,0.0,0.0,0.0,0.0,1.0,1,1,2
115895,15,2,3,2,2,3,0,1,0,1,2,36,1,3,1.0,0.0,0.0,1.0,0.0,0.0,8,2,8
17256,15,2,1,9,2,3,0,1,0,1,0,36,2,4,1.0,0.0,0.0,0.0,1.0,1.0,18,1,2
7741,15,2,3,0,8,3,0,1,0,1,2,36,2,2,0.0,0.0,0.0,0.0,0.0,2.0,13,5,1
128284,17,6,5,15,8,3,5,5,1,1,2,36,2,2,0.0,0.0,0.0,0.0,0.0,2.0,8,7,9
14904,4,2,1,2,7,4,4,1,0,1,2,36,1,1,1.0,0.0,1.0,0.0,0.0,1.0,3,2,1
163746,4,10,3,8,2,3,6,1,0,1,0,26,2,3,1.0,0.0,0.0,1.0,0.0,1.0,10,5,11
42369,16,2,3,8,8,3,0,1,0,1,1,6,2,3,1.0,0.0,0.0,1.0,0.0,1.0,16,2,4
127584,16,2,3,0,6,3,0,1,0,1,2,18,3,3,1.0,0.0,0.0,1.0,0.0,5.0,8,3,9
86083,15,2,4,9,6,3,0,1,0,1,2,36,2,3,1.0,0.0,0.0,1.0,0.0,1.0,21,2,6
172127,15,2,3,17,15,3,0,1,1,1,2,5,2,2,0.0,0.0,0.0,0.0,0.0,2.0,10,7,11
78092,16,2,3,0,6,3,0,6,1,1,2,36,2,2,0.0,0.0,0.0,0.0,0.0,3.0,13,4,6
54017,16,2,3,0,11,3,0,1,0,1,2,36,2,1,2.0,0.0,1.0,1.0,0.0,2.0,14,6,4
22830,16,10,1,17,8,3,4,1,1,1,2,36,2,2,0.0,0.0,0.0,0.0,0.0,2.0,17,5,2
160351,16,2,3,17,8,3,0,1,1,1,1,36,2,2,0.0,0.0,0.0,0.0,0.0,2.0,15,6,11
148019,16,2,3,5,8,3,0,2,1,1,1,32,1,2,0.0,0.0,0.0,0.0,0.0,1.0,7,4,10
78666,16,2,3,15,6,3,0,1,1,1,2,23,2,2,0.0,0.0,0.0,0.0,0.0,4.0,13,5,6
96282,4,2,4,17,2,3,0,1,1,1,2,18,2,2,0.0,0.0,0.0,0.0,0.0,2.0,19,6,7
109592,16,2,3,15,6,3,0,5,0,1,2,36,2,2,0.0,0.0,0.0,0.0,0.0,2.0,12,4,8
84233,4,2,1,10,8,3,0,1,0,0,2,19,2,2,0.0,0.0,0.0,0.0,0.0,2.0,1,1,6
59563,16,2,3,17,2,3,0,1,0,1,2,3,2,4,1.0,0.0,0.0,0.0,1.0,2.0,6,3,5
143344,16,2,1,17,8,3,0,1,1,1,2,24,2,2,0.0,0.0,0.0,0.0,0.0,2.0,0,5,10
169442,16,2,3,17,6,3,0,1,0,1,2,6,3,3,2.0,0.0,0.0,1.0,1.0,4.0,11,5,11
95915,15,2,3,10,6,3,0,1,1,1,1,19,2,2,0.0,0.0,0.0,0.0,0.0,2.0,17,1,7
40597,16,2,3,15,2,3,0,1,1,1,1,12,2,2,0.0,0.0,0.0,0.0,0.0,2.0,18,3,3
51625,16,2,1,0,8,3,0,1,0,1,1,18,2,2,0.0,0.0,0.0,0.0,0.0,2.0,23,1,4
67245,16,2,3,17,6,3,0,1,1,1,2,18,2,2,0.0,0.0,0.0,0.0,0.0,2.0,9,5,5
113895,4,2,3,0,8,3,0,1,1,1,2,18,2,2,0.0,0.0,0.0,0.0,0.0,3.0,12,6,8
79475,16,7,3,17,10,3,6,1,1,1,0,24,2,2,0.0,0.0,0.0,0.0,0.0,2.0,16,7,6
82851,16,2,2,2,3,3,0,5,0,1,2,36,1,2,0.0,0.0,0.0,0.0,0.0,2.0,8,1,6
129347,16,2,1,0,6,3,0,1,0,1,2,17,2,2,0.0,0.0,0.0,0.0,0.0,2.0,1,7,9
51998,16,3,3,17,2,3,0,1,0,1,2,36,2,2,0.0,0.0,0.0,0.0,0.0,2.0,11,7,4
138178,15,2,3,0,8,3,0,1,0,1,2,8,2,4,1.0,0.0,0.0,0.0,1.0,2.0,20,1,10
143471,16,2,3,10,8,3,5,5,1,1,1,36,2,2,0.0,0.0,0.0,0.0,0.0,2.0,16,5,10
125109,16,2,4,10,8,3,0,1,0,0,2,18,3,1,2.0,0.0,2.0,0.0,0.0,5.0,19,2,9
137435,15,11,1,0,3,3,5,5,1,1,2,36,2,2,0.0,0.0,0.0,0.0,0.0,2.0,0,6,9
175991,16,11,5,10,2,3,5,5,1,1,2,17,2,2,0.0,0.0,0.0,0.0,0.0,2.0,11,5,12
161736,16,2,3,10,6,3,0,1,1,1,1,22,2,2,0.0,0.0,0.0,0.0,0.0,2.0,15,7,11
141975,16,2,1,17,8,3,0,5,0,1,0,24,2,4,1.0,0.0,0.0,0.0,1.0,1.0,21,6,10
51094,16,2,3,17,6,3,5,5,1,1,1,12,2,2,0.0,0.0,0.0,0.0,0.0,2.0,17,5,4
103082,4,2,3,17,2,3,0,1,0,0,2,18,2,4,3.0,0.0,0.0,0.0,3.0,1.0,18,5,7
122585,16,2,3,10,15,3,0,1,1,1,0,17,2,2,0.0,0.0,0.0,0.0,0.0,3.0,6,1,9
164794,6,7,5,10,8,3,6,5,1,1,1,19,2,2,0.0,0.0,0.0,0.0,0.0,2.0,17,6,11
64171,16,2,1,9,2,3,0,1,0,1,2,38,2,1,1.0,0.0,1.0,0.0,0.0,3.0,21,5,5
31289,16,2,3,15,2,3,0,1,1,1,2,36,2,2,0.0,0.0,0.0,0.0,0.0,2.0,13,3,3
18824,15,2,1,10,8,3,4,1,1,1,0,36,2,2,0.0,0.0,0.0,0.0,0.0,2.0,20,6,2
17640,16,2,1,17,3,3,6,1,0,1,2,24,2,4,2.0,0.0,0.0,0.0,2.0,4.0,17,1,2
187373,16,2,3,3,8,3,5,1,1,1,0,12,2,2,0.0,0.0,0.0,0.0,0.0,3.0,8,4,12
119621,16,2,4,10,2,3,0,1,1,0,2,23,2,2,0.0,0.0,0.0,0.0,0.0,2.0,20,1,8
46587,16,2,3,3,2,3,0,1,1,1,2,18,2,2,0.0,0.0,0.0,0.0,0.0,3.0,15,2,4
151638,15,2,3,0,8,3,0,1,1,1,2,18,2,2,0.0,0.0,0.0,0.0,0.0,2.0,15,5,10
147088,16,2,0,17,8,3,0,1,1,1,0,24,2,2,0.0,0.0,0.0,0.0,0.0,2.0,20,5,10
78434,16,2,3,0,6,3,0,1,0,1,2,18,2,4,1.0,0.0,0.0,0.0,1.0,1.0,10,7,6
73860,16,2,3,10,10,3,5,5,1,1,2,13,2,2,0.0,0.0,0.0,0.0,0.0,2.0,12,3,6
151523,16,2,3,15,5,3,0,1,0,1,2,23,2,4,1.0,0.0,0.0,0.0,1.0,1.0,12,5,10