crash_date,               traffic_control_device,weather_condition,lighting_condition,first_crash_type,trafficway_type,alignment,roadway_surface_cond,road_defect,crash_type,intersection_related_i,damage,prim_contributory_cause,num_units,most_severe_injury,injuries_total,injuries_fatal,injuries_incapacitating,injuries_non_incapacitating,injuries_reported_not_evident,injuries_no_indication,crash_hour,crash_day_of_week,crash_month
93964,16,2,3,10,8,3,0,1,1,1,2,17,2,2,0.0,0.0,0.0,0.0,0.0,2.0,14,4,7
138563,16,2,3,17,2,3,0,1,1,1,2,36,2,2,0.0,0.0,0.0,0.0,0.0,2.0,8,1,10
77448,15,2,3,0,8,3,0,1,1,1,1,18,2,2,0.0,0.0,0.0,0.0,0.0,5.0,10,7,6
90230,16,2,3,10,2,3,0,5,1,0,2,36,2,2,0.0,0.0,0.0,0.0,0.0,2.0,13,4,7
50323,4,2,3,15,2,3,0,1,1,0,2,23,2,2,0.0,0.0,0.0,0.0,0.0,6.0,15,5,4
95070,16,2,3,10,2,3,0,1,1,1,2,19,3,2,0.0,0.0,0.0,0.0,0.0,3.0,17,1,7
69544,16,2,3,0,6,3,0,1,1,1,2,6,2,2,0.0,0.0,0.0,0.0,0.0,2.0,13,7,5
62518,16,7,1,14,8,3,6,1,1,1,2,12,2,2,0.0,0.0,0.0,0.0,0.0,3.0,0,7,5
82095,4,2,3,10,8,3,0,1,0,0,2,36,4,2,0.0,0.0,0.0,0.0,0.0,4.0,14,4,6
116339,16,2,1,8,8,3,0,1,1,1,1,18,2,2,0.0,0.0,0.0,0.0,0.0,2.0,0,7,8
149009,16,2,3,17,2,3,0,1,1,1,2,12,2,2,0.0,0.0,0.0,0.0,0.0,4.0,11,5,10
142354,16,2,1,10,2,3,0,5,1,1,0,36,2,2,0.0,0.0,0.0,0.0,0.0,3.0,23,3,10
137003,16,2,3,17,8,3,0,1,1,1,2,24,2,2,0.0,0.0,0.0,0.0,0.0,2.0,18,1,9
48317,16,2,3,15,8,3,0,1,1,1,1,23,2,2,0.0,0.0,0.0,0.0,0.0,2.0,14,5,4
174437,16,2,3,10,3,3,0,1,1,1,0,19,3,2,0.0,0.0,0.0,0.0,0.0,5.0,8,4,12
173687,16,2,3,17,17,3,0,5,1,1,2,23,2,2,0.0,0.0,0.0,0.0,0.0,3.0,7,3,12
89865,4,2,4,15,8,3,0,1,1,0,2,36,2,2,0.0,0.0,0.0,0.0,0.0,2.0,20,4,7
113598,16,2,3,0,3,3,0,1,1,1,2,6,2,2,0.0,0.0,0.0,0.0,0.0,2.0,12,7,8
169515,15,2,3,17,15,3,0,1,1,1,2,24,2,2,0.0,0.0,0.0,0.0,0.0,2.0,15,7,11
51659,16,2,3,17,8,3,0,1,1,1,2,36,2,2,0.0,0.0,0.0,0.0,0.0,2.0,16,7,4
185950,4,6,1,2,3,4,2,2,0,1,2,14,1,3,1.0,0.0,0.0,1.0,0.0,1.0,0,1,12
81632,15,7,3,0,6,3,6,1,0,1,2,18,2,3,1.0,0.0,0.0,1.0,0.0,1.0,17,4,6
14589,16,2,3,9,2,3,0,1,0,1,0,22,2,3,1.0,0.0,0.0,1.0,0.0,1.0,9,3,1
154893,16,2,4,17,6,3,6,1,0,1,2,36,2,3,2.0,0.0,0.0,2.0,0.0,3.0,19,1,10
114662,16,3,3,10,2,3,0,1,1,1,2,12,2,2,0.0,0.0,0.0,0.0,0.0,2.0,8,3,8
29432,16,2,3,0,6,3,0,1,0,1,2,6,2,3,2.0,0.0,0.0,2.0,0.0,0.0,6,5,3
78077,15,2,3,0,12,3,0,1,0,1,2,5,2,2,0.0,0.0,0.0,0.0,0.0,2.0,11,2,6
3274,16,2,1,17,6,3,0,1,0,1,2,6,2,3,5.0,0.0,0.0,5.0,0.0,0.0,20,7,1
130416,4,2,3,10,6,3,0,1,1,1,1,36,2,2,0.0,0.0,0.0,0.0,0.0,2.0,10,7,9
92158,15,2,3,17,8,3,0,1,0,1,2,18,2,2,0.0,0.0,0.0,0.0,0.0,2.0,13,6,7
30491,15,2,3,0,6,3,0,1,1,1,1,36,2,2,0.0,0.0,0.0,0.0,0.0,2.0,11,3,3
38948,16,2,3,17,8,3,0,1,0,1,2,6,3,4,1.0,0.0,0.0,0.0,1.0,3.0,18,7,3
103461,16,2,1,10,8,3,0,1,0,1,1,17,2,3,1.0,0.0,0.0,1.0,0.0,1.0,23,2,7
140139,16,2,0,10,15,3,0,1,0,1,2,36,2,1,1.0,0.0,1.0,0.0,0.0,2.0,20,2,10
188674,17,7,0,5,8,0,6,5,0,0,2,36,2,4,1.0,0.0,0.0,0.0,1.0,1.0,5,2,12
137649,15,2,1,17,8,3,0,1,1,1,2,36,2,2,0.0,0.0,0.0,0.0,0.0,2.0,19,1,10
117650,16,2,3,17,6,3,5,5,1,1,2,24,2,2,0.0,0.0,0.0,0.0,0.0,3.0,14,2,8
61943,15,2,3,0,8,3,0,1,1,1,2,18,2,2,0.0,0.0,0.0,0.0,0.0,4.0,16,6,5
44786,15,7,3,0,8,3,6,1,1,1,1,18,2,2,0.0,0.0,0.0,0.0,0.0,2.0,7,4,4
19538,17,2,3,15,11,3,0,1,1,1,1,11,2,2,0.0,0.0,0.0,0.0,0.0,5.0,14,6,2
57589,16,2,0,5,3,3,0,1,0,1,2,36,1,3,2.0,0.0,0.0,2.0,0.0,0.0,3,7,5
117460,15,2,3,0,8,3,0,1,0,1,2,18,2,2,0.0,0.0,0.0,0.0,0.0,2.0,15,5,8
79817,16,2,3,15,2,3,0,1,1,1,1,18,2,2,0.0,0.0,0.0,0.0,0.0,2.0,15,7,6
1076,16,2,1,17,8,3,5,1,1,1,2,6,2,2,0.0,0.0,0.0,0.0,0.0,2.0,23,4,1
40224,16,7,1,0,3,3,6,1,1,1,1,36,2,2,0.0,0.0,0.0,0.0,0.0,4.0,0,3,3
50301,16,2,1,10,2,3,0,1,1,1,0,19,2,2,0.0,0.0,0.0,0.0,0.0,3.0,21,4,4
100325,16,2,3,17,8,3,0,1,1,1,2,36,2,2,0.0,0.0,0.0,0.0,0.0,2.0,13,5,7
129814,4,2,1,8,8,3,0,1,1,1,0,36,2,2,0.0,0.0,0.0,0.0,0.0,2.0,19,6,9
19451,16,2,1,0,6,3,6,1,0,1,2,6,2,2,0.0,0.0,0.0,0.0,0.0,2.0,20,4,2
20667,16,2,3,17,8,3,5,5,1,1,1,24,2,2,0.0,0.0,0.0,0.0,0.0,2.0,15,4,2
24098,4,10,3,17,8,3,6,1,1,1,2,36,2,2,0.0,0.0,0.0,0.0,0.0,2.0,7,4,2
169920,16,2,3,17,6,3,0,6,1,1,2,12,2,2,0.0,0.0,0.0,0.0,0.0,2.0,9,6,11
69895,16,7,1,0,2,3,6,1,0,1,2,39,2,4,1.0,0.0,0.0,0.0,1.0,2.0,4,6,5
36435,16,2,0,0,3,3,6,1,1,1,2,36,2,2,0.0,0.0,0.0,0.0,0.0,5.0,22,4,3
48364,16,2,3,17,6,3,0,1,0,1,2,18,2,4,1.0,0.0,0.0,0.0,1.0,2.0,10,5,4
97347,16,2,1,0,2,3,0,1,1,1,1,36,2,2,0.0,0.0,0.0,0.0,0.0,2.0,21,1,7
41636,4,7,3,5,8,3,6,1,1,1,2,36,1,2,0.0,0.0,0.0,0.0,0.0,1.0,15,4,3
148121,15,7,1,17,10,3,6,5,0,1,1,21,2,3,1.0,0.0,0.0,1.0,0.0,1.0,16,6,10
93267,16,7,3,0,8,3,6,1,1,1,2,39,2,2,0.0,0.0,0.0,0.0,0.0,2.0,12,1,7
33912,16,2,4,10,8,3,0,1,1,1,2,6,2,2,0.0,0.0,0.0,0.0,0.0,3.0,9,3,3
33808,16,2,3,10,8,3,0,1,1,1,2,12,2,2,0.0,0.0,0.0,0.0,0.0,5.0,12,3,3
158873,15,2,3,0,8,3,0,1,0,1,2,18,2,3,2.0,0.0,0.0,2.0,0.0,0.0,18,6,11
8365,16,2,1,17,6,3,6,1,1,1,2,24,2,2,0.0,0.0,0.0,0.0,0.0,2.0,22,1,1
187966,16,7,3,2,8,3,6,1,0,1,2,28,1,3,1.0,0.0,0.0,1.0,0.0,0.0,9,6,12
47790,4,2,1,15,8,3,0,1,0,0,2,23,2,2,0.0,0.0,0.0,0.0,0.0,2.0,2,3,4
133964,15,11,5,0,8,3,5,5,1,1,1,36,2,2,0.0,0.0,0.0,0.0,0.0,2.0,19,7,9
145451,15,2,3,17,2,3,0,1,1,1,2,36,2,2,0.0,0.0,0.0,0.0,0.0,2.0,9,4,10
149133,4,2,3,17,8,3,0,1,1,0,1,24,2,2,0.0,0.0,0.0,0.0,0.0,3.0,14,4,10
78802,16,2,3,10,10,3,0,1,1,1,2,19,2,2,0.0,0.0,0.0,0.0,0.0,2.0,14,5,6
158680,16,2,3,17,8,3,0,1,1,1,2,24,2,2,0.0,0.0,0.0,0.0,0.0,2.0,9,2,11
40728,16,7,3,3,2,3,6,5,1,1,2,6,2,2,0.0,0.0,0.0,0.0,0.0,2.0,13,7,3
20933,16,2,1,10,19,3,0,1,1,0,2,8,2,2,0.0,0.0,0.0,0.0,0.0,4.0,21,1,2
157022,16,7,1,10,2,3,6,1,1,1,2,19,2,2,0.0,0.0,0.0,0.0,0.0,2.0,21,7,11
93623,16,2,1,10,2,3,0,1,0,1,2,8,2,4,1.0,0.0,0.0,0.0,1.0,1.0,21,6,7
101260,16,2,3,10,8,3,0,1,0,1,2,36,2,3,1.0,0.0,0.0,1.0,0.0,2.0,14,5,7
187411,17,7,0,17,2,3,6,5,1,1,2,36,2,2,0.0,0.0,0.0,0.0,0.0,3.0,15,5,12
44369,16,7,1,17,15,3,6,1,0,1,2,36,2,2,0.0,0.0,0.0,0.0,0.0,2.0,23,3,4
103904,16,2,4,15,6,3,0,1,1,1,2,36,2,2,0.0,0.0,0.0,0.0,0.0,2.0,20,4,7
165226,16,2,1,17,6,3,0,1,1,1,2,6,2,2,0.0,0.0,0.0,0.0,0.0,3.0,22,6,11
156403,15,2,3,0,8,3,0,1,1,1,2,18,2,2,0.0,0.0,0.0,0.0,0.0,2.0,11,5,11
136925,15,2,3,17,8,3,0,1,1,1,0,12,2,2,0.0,0.0,0.0,0.0,0.0,5.0,16,6,9
144587,4,2,3,10,8,3,0,1,1,1,1,36,2,2,0.0,0.0,0.0,0.0,0.0,2.0,18,3,10
113998,16,2,3,10,6,3,0,1,1,1,1,36,2,2,0.0,0.0,0.0,0.0,0.0,2.0,7,2,8
24557,4,2,3,0,6,3,0,1,1,1,2,18,3,2,0.0,0.0,0.0,0.0,0.0,2.0,14,6,2
32459,16,2,3,15,2,3,0,1,1,1,1,18,2,2,0.0,0.0,0.0,0.0,0.0,4.0,8,6,3
55869,18,2,3,0,6,3,6,1,1,1,2,6,2,2,0.0,0.0,0.0,0.0,0.0,2.0,11,7,4
38321,15,7,3,11,10,3,6,1,1,1,1,12,2,2,0.0,0.0,0.0,0.0,0.0,2.0,17,4,3
81938,16,2,3,17,8,3,0,5,0,1,1,18,2,4,2.0,0.0,0.0,0.0,2.0,3.0,12,1,6
105609,16,2,3,15,3,3,0,1,1,1,1,22,2,2,0.0,0.0,0.0,0.0,0.0,2.0,13,6,8
27389,16,2,3,9,6,3,0,1,0,0,0,18,2,3,1.0,0.0,0.0,1.0,0.0,1.0,14,7,2
21071,17,2,1,17,8,3,5,5,0,1,1,23,2,3,2.0,0.0,0.0,2.0,0.0,2.0,0,1,2
55996,15,2,4,17,8,3,0,1,0,1,2,36,2,2,0.0,0.0,0.0,0.0,0.0,2.0,21,3,4
86189,16,2,3,15,6,3,0,5,1,1,2,36,2,2,0.0,0.0,0.0,0.0,0.0,2.0,8,5,6
162392,15,2,3,0,6,3,0,5,0,0,2,18,2,2,0.0,0.0,0.0,0.0,0.0,2.0,8,3,11
116414,16,2,3,10,6,3,0,1,0,1,2,17,2,4,1.0,0.0,0.0,0.0,1.0,1.0,15,3,8
56263,16,2,3,17,15,3,0,1,0,1,2,6,2,3,1.0,0.0,0.0,1.0,0.0,1.0,17,7,5
50623,16,2,3,9,2,3,0,5,0,1,0,18,2,4,1.0,0.0,0.0,0.0,1.0,2.0,7,4,4
109792,16,7,3,17,2,3,6,1,1,1,2,22,2,2,0.0,0.0,0.0,0.0,0.0,3.0,15,6,8
58853,16,2,3,17,1,3,0,1,0,1,2,24,2,4,2.0,0.0,0.0,0.0,2.0,2.0,15,7,5
85116,16,7,3,10,8,3,6,1,1,1,2,19,2,2,0.0,0.0,0.0,0.0,0.0,2.0,11,1,6
136154,16,2,3,10,6,3,0,1,1,1,1,18,2,2,0.0,0.0,0.0,0.0,0.0,2.0,15,2,9
186587,15,7,1,17,2,3,6,1,0,1,2,36,2,2,0.0,0.0,0.0,0.0,0.0,2.0,18,5,12
163956,15,10,3,0,6,3,6,5,0,1,2,36,2,2,0.0,0.0,0.0,0.0,0.0,2.0,12,2,11
59458,16,11,5,0,8,3,5,5,1,1,2,3,2,2,0.0,0.0,0.0,0.0,0.0,2.0,8,3,5
11219,16,5,3,9,6,3,6,5,0,1,0,36,2,3,1.0,0.0,0.0,1.0,0.0,1.0,12,5,1
91899,15,2,3,17,8,3,0,1,1,1,2,23,2,2,0.0,0.0,0.0,0.0,0.0,3.0,11,2,7
24008,16,7,3,17,17,3,6,1,0,1,2,26,2,3,2.0,0.0,0.0,2.0,0.0,0.0,16,3,2
158213,16,2,1,3,18,3,0,1,0,1,2,36,2,2,0.0,0.0,0.0,0.0,0.0,2.0,16,3,11
13461,4,10,3,10,2,3,4,1,1,1,2,19,2,2,0.0,0.0,0.0,0.0,0.0,2.0,11,2,1
181964,16,2,3,17,2,3,0,1,0,1,2,18,2,4,1.0,0.0,0.0,0.0,1.0,1.0,13,3,12
41503,15,2,0,0,8,3,0,1,1,1,1,36,2,2,0.0,0.0,0.0,0.0,0.0,5.0,19,7,3
61578,16,2,3,10,2,3,0,1,1,1,2,17,2,2,0.0,0.0,0.0,0.0,0.0,3.0,13,6,5
87214,16,2,4,17,6,3,5,5,0,1,2,18,2,2,0.0,0.0,0.0,0.0,0.0,2.0,23,7,6
47091,16,2,3,10,3,3,0,1,1,0,1,18,2,2,0.0,0.0,0.0,0.0,0.0,2.0,14,3,4
150744,16,2,1,0,2,3,0,1,0,1,2,18,2,3,2.0,0.0,0.0,2.0,0.0,1.0,2,1,10
139196,16,2,1,17,2,3,0,1,1,1,2,19,2,2,0.0,0.0,0.0,0.0,0.0,2.0,23,2,10
49320,16,3,3,10,8,3,0,5,0,1,2,18,2,2,0.0,0.0,0.0,0.0,0.0,4.0,6,1,4
89417,16,2,3,17,3,3,0,1,0,1,2,24,2,4,1.0,0.0,0.0,0.0,1.0,1.0,15,4,7
24478,16,2,3,17,3,3,0,1,1,1,2,17,2,2,0.0,0.0,0.0,0.0,0.0,2.0,9,4,2
38884,16,7,3,10,3,3,6,1,1,1,0,36,2,2,0.0,0.0,0.0,0.0,0.0,2.0,9,5,3
134616,4,3,3,17,8,3,0,1,0,1,1,18,2,2,0.0,0.0,0.0,0.0,0.0,3.0,12,1,9
169046,16,2,3,17,6,3,0,1,1,1,0,19,2,2,0.0,0.0,0.0,0.0,0.0,2.0,11,6,11
19716,16,10,3,0,10,3,4,1,0,1,2,6,2,4,1.0,0.0,0.0,0.0,1.0,2.0,7,1,2
29869,16,2,3,10,8,3,0,1,0,1,2,19,2,3,1.0,0.0,0.0,1.0,0.0,1.0,14,6,3
156876,15,2,3,17,6,3,0,1,1,1,2,36,2,2,0.0,0.0,0.0,0.0,0.0,2.0,12,7,11
160023,15,2,3,0,6,3,0,1,0,1,2,5,2,3,1.0,0.0,0.0,1.0,0.0,5.0,8,2,11
19216,16,2,3,0,6,3,0,1,1,1,2,18,2,2,0.0,0.0,0.0,0.0,0.0,2.0,12,6,2
69453,15,3,3,10,2,3,0,5,1,1,2,19,2,2,0.0,0.0,0.0,0.0,0.0,2.0,12,5,5
111525,16,7,4,9,2,3,6,5,0,1,0,18,2,3,1.0,0.0,0.0,1.0,0.0,1.0,19,4,8
10784,16,2,1,17,8,3,0,1,0,1,2,18,2,2,0.0,0.0,0.0,0.0,0.0,4.0,20,6,1
17705,15,2,3,0,6,3,0,1,0,1,2,12,2,3,1.0,0.0,0.0,1.0,0.0,1.0,7,2,2
133350,16,2,3,10,6,3,5,2,1,1,2,23,2,2,0.0,0.0,0.0,0.0,0.0,2.0,8,5,9
164048,16,10,3,2,2,3,6,1,0,1,2,39,1,2,0.0,0.0,0.0,0.0,0.0,1.0,11,3,11
147387,9,2,3,10,6,3,0,5,0,1,2,19,3,2,0.0,0.0,0.0,0.0,0.0,3.0,6,5,10
73399,15,2,3,3,8,3,0,5,0,1,1,36,2,3,1.0,0.0,0.0,1.0,0.0,2.0,17,2,6
19333,16,10,3,17,1,3,4,1,1,1,2,36,2,2,0.0,0.0,0.0,0.0,0.0,2.0,14,1,2
4963,15,7,4,0,11,3,6,1,1,1,2,36,2,2,0.0,0.0,0.0,0.0,0.0,5.0,16,5,1
171692,15,2,3,0,8,3,0,1,0,1,2,18,2,2,0.0,0.0,0.0,0.0,0.0,5.0,16,6,11
165830,16,7,1,10,2,3,6,1,1,1,2,19,3,2,0.0,0.0,0.0,0.0,0.0,3.0,13,2,11
131339,15,2,3,0,8,3,0,1,0,1,2,5,2,2,0.0,0.0,0.0,0.0,0.0,2.0,14,5,9
34903,4,2,1,3,0,3,0,6,1,1,0,12,2,2,0.0,0.0,0.0,0.0,0.0,2.0,20,5,3
168568,4,2,4,10,16,3,0,1,1,1,0,17,2,2,0.0,0.0,0.0,0.0,0.0,2.0,16,7,11
106993,4,2,3,15,8,3,0,1,1,1,2,18,2,2,0.0,0.0,0.0,0.0,0.0,2.0,12,6,8
75788,16,2,3,10,6,3,0,3,0,1,2,19,2,4,1.0,0.0,0.0,0.0,1.0,1.0,19,3,6
149667,16,2,3,7,2,3,0,1,0,1,2,36,2,3,1.0,0.0,0.0,1.0,0.0,0.0,17,2,10
137025,16,2,1,17,8,3,0,1,0,1,1,24,2,4,1.0,0.0,0.0,0.0,1.0,1.0,0,1,9
113837,16,2,3,9,3,3,0,1,0,1,0,18,2,1,1.0,0.0,1.0,0.0,0.0,1.0,15,6,8
29075,16,2,3,0,6,3,0,1,0,1,2,6,2,2,0.0,0.0,0.0,0.0,0.0,2.0,10,5,3
42640,16,2,3,10,2,3,0,1,1,1,2,36,2,2,0.0,0.0,0.0,0.0,0.0,2.0,11,7,4
80838,16,2,4,17,6,3,0,1,0,1,2,36,2,4,2.0,0.0,0.0,0.0,2.0,0.0,21,7,6
68629,16,2,3,10,10,3,0,1,1,1,1,19,2,2,0.0,0.0,0.0,0.0,0.0,2.0,14,6,5
145592,15,2,3,10,8,3,0,1,1,0,0,19,2,2,0.0,0.0,0.0,0.0,0.0,2.0,8,6,10
57872,15,2,3,0,15,3,0,5,1,1,2,36,2,2,0.0,0.0,0.0,0.0,0.0,3.0,16,7,5
27276,16,2,3,15,2,3,0,5,1,1,2,36,2,2,0.0,0.0,0.0,0.0,0.0,2.0,14,4,2
93398,16,2,3,15,6,3,0,1,1,1,2,36,2,2,0.0,0.0,0.0,0.0,0.0,2.0,16,5,7
70406,16,11,5,14,8,3,5,5,1,1,2,36,2,2,0.0,0.0,0.0,0.0,0.0,2.0,15,7,5
2361,16,2,1,10,6,3,0,1,1,1,2,17,2,2,0.0,0.0,0.0,0.0,0.0,2.0,20,1,1
59387,4,2,3,17,15,3,0,1,0,1,2,17,3,4,1.0,0.0,0.0,0.0,1.0,4.0,18,1,5
112548,15,2,3,10,8,3,0,1,1,1,1,19,2,2,0.0,0.0,0.0,0.0,0.0,2.0,15,6,8
188381,16,2,1,2,8,3,0,5,0,1,2,36,1,3,1.0,0.0,0.0,1.0,0.0,2.0,1,6,12
22592,16,10,3,0,8,3,4,1,0,1,2,6,4,3,1.0,0.0,0.0,1.0,0.0,3.0,15,7,2
65992,16,2,1,15,6,3,0,1,1,1,1,23,2,2,0.0,0.0,0.0,0.0,0.0,2.0,0,7,5
61836,4,2,3,10,6,3,0,2,1,1,2,19,2,2,0.0,0.0,0.0,0.0,0.0,2.0,12,4,5
2479,16,2,1,10,2,3,0,1,1,0,0,19,2,2,0.0,0.0,0.0,0.0,0.0,2.0,21,7,1
138430,15,2,3,17,6,3,0,1,0,1,2,36,2,4,1.0,0.0,0.0,0.0,1.0,2.0,10,6,10
123291,16,2,0,17,2,3,0,1,1,1,1,24,2,2,0.0,0.0,0.0,0.0,0.0,2.0,15,3,9
39485,16,2,3,17,2,3,0,1,0,1,2,18,2,3,3.0,0.0,0.0,3.0,0.0,0.0,10,4,3
149817,16,7,3,15,8,3,6,1,1,1,2,18,2,2,0.0,0.0,0.0,0.0,0.0,2.0,10,1,10
93480,4,7,3,17,8,3,6,1,1,1,2,36,2,2,0.0,0.0,0.0,0.0,0.0,2.0,10,4,7
40535,16,2,3,0,6,3,0,5,0,1,2,26,2,3,2.0,0.0,0.0,1.0,1.0,0.0,15,4,3
50369,4,2,1,0,2,3,0,1,0,1,2,36,2,2,0.0,0.0,0.0,0.0,0.0,2.0,21,5,4
81978,15,2,3,11,8,3,0,1,1,1,2,21,2,2,0.0,0.0,0.0,0.0,0.0,2.0,11,2,6
110145,16,2,1,17,10,3,0,1,0,1,2,18,2,1,1.0,0.0,1.0,0.0,0.0,2.0,20,5,8
112117,16,2,3,17,6,3,0,1,0,1,2,24,2,2,0.0,0.0,0.0,0.0,0.0,2.0,11,6,8
49939,15,2,3,17,8,3,0,1,1,1,0,36,2,2,0.0,0.0,0.0,0.0,0.0,2.0,12,4,4
151084,16,2,3,14,2,3,0,1,1,1,0,19,2,2,0.0,0.0,0.0,0.0,0.0,2.0,18,4,10
145369,16,2,1,17,8,3,0,1,0,1,1,19,2,4,1.0,0.0,0.0,0.0,1.0,2.0,18,2,10
69598,4,2,1,0,15,3,0,1,0,1,2,36,2,2,0.0,0.0,0.0,0.0,0.0,2.0,23,7,5
180039,16,7,1,3,8,3,6,1,0,1,2,36,2,4,1.0,0.0,0.0,0.0,1.0,1.0,19,7,12
24206,16,6,1,0,6,3,6,5,0,1,2,6,2,3,1.0,0.0,0.0,1.0,0.0,1.0,3,7,2
117617,16,2,0,15,6,3,0,1,0,1,2,36,3,2,0.0,0.0,0.0,0.0,0.0,3.0,19,7,8
21479,16,2,3,17,6,3,0,1,1,1,1,36,2,2,0.0,0.0,0.0,0.0,0.0,2.0,12,2,2
146111,16,2,3,10,2,3,0,1,1,0,2,36,2,2,0.0,0.0,0.0,0.0,0.0,2.0,13,7,10
121971,15,2,1,0,6,3,0,5,0,1,2,28,2,2,0.0,0.0,0.0,0.0,0.0,2.0,23,6,9
32303,16,2,1,10,8,3,0,1,1,1,0,17,2,2,0.0,0.0,0.0,0.0,0.0,2.0,5,5,3
156819,16,2,1,17,6,3,0,1,1,1,2,23,2,2,0.0,0.0,0.0,0.0,0.0,4.0,1,7,11
130066,16,2,3,7,8,3,0,1,1,1,2,24,2,2,0.0,0.0,0.0,0.0,0.0,1.0,12,3,9
103477,16,2,3,10,8,3,0,5,1,1,0,19,2,2,0.0,0.0,0.0,0.0,0.0,2.0,15,3,7
36177,4,2,1,0,15,3,0,1,0,1,2,36,2,3,1.0,0.0,0.0,1.0,0.0,1.0,22,6,3
34646,16,2,3,0,6,3,0,1,1,1,2,6,2,2,0.0,0.0,0.0,0.0,0.0,2.0,11,2,3
99645,15,2,1,17,15,3,0,1,1,1,1,18,2,2,0.0,0.0,0.0,0.0,0.0,3.0,23,1,7
179356,16,2,3,0,6,3,0,1,0,1,2,36,2,2,0.0,0.0,0.0,0.0,0.0,2.0,8,4,12
188683,15,7,1,3,8,3,6,1,0,1,2,5,2,3,1.0,0.0,0.0,1.0,0.0,1.0,7,2,12
56618,15,7,3,0,8,3,6,1,1,1,2,5,2,2,0.0,0.0,0.0,0.0,0.0,4.0,8,5,5
6294,16,2,3,0,6,3,0,1,0,1,2,18,3,4,1.0,0.0,0.0,0.0,1.0,3.0,14,6,1
121515,15,2,3,8,6,3,0,1,1,1,0,5,2,2,0.0,0.0,0.0,0.0,0.0,2.0,16,7,9
183437,17,11,5,0,18,3,5,5,1,1,1,36,2,2,0.0,0.0,0.0,0.0,0.0,2.0,11,3,12
43664,15,2,3,0,8,3,0,1,0,1,2,18,2,2,0.0,0.0,0.0,0.0,0.0,2.0,16,4,4
49623,16,2,3,17,10,3,0,1,1,1,1,23,2,2,0.0,0.0,0.0,0.0,0.0,2.0,17,7,4
169321,16,2,3,17,8,3,0,1,0,1,2,19,2,3,1.0,0.0,0.0,1.0,0.0,4.0,10,2,11
154267,15,2,3,17,6,3,0,1,1,1,0,36,2,2,0.0,0.0,0.0,0.0,0.0,2.0,16,7,10
1155,16,2,1,10,2,3,6,1,1,1,1,36,2,2,0.0,0.0,0.0,0.0,0.0,2.0,0,5,1
53058,16,2,3,15,2,3,0,1,1,1,1,22,2,2,0.0,0.0,0.0,0.0,0.0,2.0,8,4,4
61064,16,3,1,17,2,3,0,1,0,1,2,18,2,1,1.0,0.0,1.0,0.0,0.0,1.0,6,5,5
112562,16,2,3,10,8,3,0,1,1,1,1,19,2,2,0.0,0.0,0.0,0.0,0.0,2.0,17,6,8
175363,15,2,1,0,6,3,0,1,1,1,2,36,2,2,0.0,0.0,0.0,0.0,0.0,2.0,16,6,12
55538,16,7,4,0,8,3,6,1,0,1,2,39,2,3,1.0,0.0,0.0,1.0,0.0,2.0,19,1,4
152929,4,2,1,8,3,3,0,1,1,0,1,8,2,2,0.0,0.0,0.0,0.0,0.0,2.0,23,7,10
162532,15,2,3,0,8,3,0,1,0,1,2,5,2,3,2.0,0.0,0.0,1.0,1.0,4.0,15,3,11
33750,16,2,3,5,6,3,0,1,0,0,1,30,1,0,2.0,2.0,0.0,0.0,0.0,0.0,15,3,3
74430,16,2,3,7,8,3,0,1,1,1,2,38,2,2,0.0,0.0,0.0,0.0,0.0,1.0,14,3,6
22925,16,2,3,17,2,3,1,5,0,1,2,36,2,2,0.0,0.0,0.0,0.0,0.0,3.0,8,6,2
169900,15,2,1,17,6,3,0,1,0,1,1,22,2,2,0.0,0.0,0.0,0.0,0.0,5.0,17,6,11
81050,16,2,3,17,8,3,0,1,1,1,2,36,2,2,0.0,0.0,0.0,0.0,0.0,2.0,16,3,6
97669,15,2,3,17,8,3,0,1,1,1,0,36,2,2,0.0,0.0,0.0,0.0,0.0,2.0,19,5,7
67746,4,7,2,17,2,3,6,2,0,1,2,24,2,2,0.0,0.0,0.0,0.0,0.0,2.0,6,6,5
94650,16,2,3,15,6,3,0,1,0,1,2,6,2,2,0.0,0.0,0.0,0.0,0.0,3.0,15,1,7
165494,16,2,1,9,8,3,6,1,0,1,2,18,2,3,1.0,0.0,0.0,1.0,0.0,1.0,0,1,11
165736,15,9,3,10,10,3,1,5,0,1,1,39,2,3,1.0,0.0,0.0,1.0,0.0,1.0,8,6,11
148167,16,11,1,15,2,3,5,5,1,1,1,18,2,2,0.0,0.0,0.0,0.0,0.0,2.0,23,6,10
180789,16,2,1,15,2,3,0,1,1,1,0,36,2,2,0.0,0.0,0.0,0.0,0.0,2.0,19,7,12
159933,4,2,3,0,3,3,0,1,1,1,2,18,2,2,0.0,0.0,0.0,0.0,0.0,4.0,11,6,11
25011,16,2,3,10,3,3,0,1,1,1,1,19,2,2,0.0,0.0,0.0,0.0,0.0,2.0,13,2,2
24736,15,11,5,10,6,3,5,5,1,1,2,36,2,2,0.0,0.0,0.0,0.0,0.0,2.0,20,3,2
43588,16,3,3,17,8,3,6,1,1,1,2,36,2,2,0.0,0.0,0.0,0.0,0.0,2.0,9,4,4
83252,15,2,3,10,8,3,0,1,1,1,2,19,2,2,0.0,0.0,0.0,0.0,0.0,2.0,11,6,6
69323,4,2,1,0,18,3,6,1,1,1,1,18,2,2,0.0,0.0,0.0,0.0,0.0,2.0,22,2,5