crash_date,               traffic_control_device,weather_condition,lighting_condition,first_crash_type,trafficway_type,alignment,roadway_surface_cond,road_defect,crash_type,intersection_related_i,damage,prim_contributory_cause,num_units,most_severe_injury,injuries_total,injuries_fatal,injuries_incapacitating,injuries_non_incapacitating,injuries_reported_not_evident,injuries_no_indication,crash_hour,crash_day_of_week,crash_month
69344,4,2,3,17,6,3,0,1,0,1,2,18,2,2,0.0,0.0,0.0,0.0,0.0,2.0,15,4,5
22502,16,2,1,17,15,3,0,1,0,1,2,36,2,2,0.0,0.0,0.0,0.0,0.0,4.0,20,6,2
47780,15,2,3,17,8,3,0,1,0,1,2,18,2,1,2.0,0.0,1.0,1.0,0.0,0.0,11,2,4
110175,15,11,5,10,11,3,5,5,0,1,2,36,2,4,2.0,0.0,0.0,0.0,2.0,1.0,14,6,8
127557,16,2,3,8,15,3,0,5,0,1,0,18,2,3,1.0,0.0,0.0,1.0,0.0,1.0,15,3,9
98054,15,2,3,0,8,3,0,1,0,1,2,36,2,3,1.0,0.0,0.0,1.0,0.0,2.0,6,5,7
68255,15,2,3,10,8,3,0,1,0,1,0,19,2,3,1.0,0.0,0.0,1.0,0.0,1.0,12,6,5
48151,15,7,3,17,8,3,6,1,1,1,2,24,2,2,0.0,0.0,0.0,0.0,0.0,2.0,11,7,4
185610,16,4,1,0,15,3,6,1,0,1,2,36,2,2,0.0,0.0,0.0,0.0,0.0,3.0,4,1,12
154812,16,2,0,10,8,3,0,1,1,1,0,19,2,2,0.0,0.0,0.0,0.0,0.0,2.0,20,7,10
45589,16,2,1,0,2,3,0,1,0,1,2,36,2,2,0.0,0.0,0.0,0.0,0.0,2.0,21,5,4
73089,16,2,3,17,8,3,0,1,0,1,2,18,2,2,0.0,0.0,0.0,0.0,0.0,7.0,18,5,6
128638,15,2,3,0,6,3,0,1,0,1,1,18,2,3,1.0,0.0,0.0,1.0,0.0,4.0,17,4,9
16757,4,2,3,17,3,3,0,1,0,1,2,18,6,3,1.0,0.0,0.0,1.0,0.0,3.0,9,7,2
6183,15,3,3,0,11,3,6,1,0,1,2,18,2,2,0.0,0.0,0.0,0.0,0.0,3.0,12,2,1
50482,16,7,3,15,2,3,6,1,1,1,2,23,2,2,0.0,0.0,0.0,0.0,0.0,2.0,14,2,4
139691,16,2,3,10,8,4,0,1,1,1,1,19,2,2,0.0,0.0,0.0,0.0,0.0,2.0,10,3,10
37589,15,2,3,0,8,3,0,1,0,1,2,18,3,1,1.0,0.0,1.0,0.0,0.0,2.0,15,3,3
37484,16,2,0,17,3,3,0,1,1,1,2,18,2,2,0.0,0.0,0.0,0.0,0.0,2.0,20,2,3
129519,16,2,3,17,8,3,0,1,1,1,0,19,2,2,0.0,0.0,0.0,0.0,0.0,2.0,12,7,9
71471,16,2,1,9,6,3,0,1,0,0,2,28,2,1,1.0,0.0,1.0,0.0,0.0,1.0,1,2,5
110753,16,2,1,0,6,3,0,1,0,1,1,36,2,2,0.0,0.0,0.0,0.0,0.0,3.0,2,1,8
35573,16,3,3,2,6,3,6,1,1,1,2,28,1,2,0.0,0.0,0.0,0.0,0.0,1.0,8,3,3
178570,16,7,3,17,6,3,6,1,1,1,1,24,2,2,0.0,0.0,0.0,0.0,0.0,2.0,10,7,12
20515,15,2,3,0,6,3,0,1,0,1,2,19,2,2,0.0,0.0,0.0,0.0,0.0,2.0,16,2,2
85914,16,2,3,15,8,3,0,1,1,1,2,36,2,2,0.0,0.0,0.0,0.0,0.0,2.0,15,7,6
125675,16,2,3,10,6,3,0,1,0,1,2,8,2,2,0.0,0.0,0.0,0.0,0.0,3.0,11,3,9
138179,16,2,0,10,8,3,6,5,1,1,2,21,2,2,0.0,0.0,0.0,0.0,0.0,3.0,20,1,10
113627,16,2,3,0,10,3,0,1,0,1,2,6,2,2,0.0,0.0,0.0,0.0,0.0,2.0,17,1,8
34562,15,2,3,0,8,3,0,1,1,1,2,18,2,2,0.0,0.0,0.0,0.0,0.0,4.0,13,1,3
166067,15,2,1,17,8,3,0,5,1,1,2,36,2,2,0.0,0.0,0.0,0.0,0.0,2.0,0,2,11
177943,16,7,1,17,8,3,6,1,1,1,1,39,2,2,0.0,0.0,0.0,0.0,0.0,2.0,16,6,12
48514,16,2,1,0,6,3,0,1,0,1,2,36,2,2,0.0,0.0,0.0,0.0,0.0,2.0,22,1,4
104591,16,2,1,10,2,3,0,1,0,1,2,17,3,3,1.0,0.0,0.0,1.0,0.0,3.0,3,5,8
117445,16,2,1,17,15,3,0,1,0,1,2,37,2,2,0.0,0.0,0.0,0.0,0.0,2.0,0,4,8
146187,15,2,3,0,3,3,0,1,0,1,2,18,2,3,1.0,0.0,0.0,1.0,0.0,1.0,15,1,10
148064,16,2,3,0,8,3,0,1,0,1,2,36,2,3,2.0,0.0,0.0,2.0,0.0,0.0,8,5,10
95137,4,2,4,17,8,3,0,1,0,1,2,23,2,2,0.0,0.0,0.0,0.0,0.0,4.0,19,2,7
79896,4,2,3,10,2,3,0,1,1,1,2,19,2,2,0.0,0.0,0.0,0.0,0.0,2.0,15,6,6
79657,16,2,1,17,8,3,0,1,0,1,1,26,2,2,0.0,0.0,0.0,0.0,0.0,2.0,21,3,6
13804,17,2,2,17,1,3,0,1,1,1,2,22,2,2,0.0,0.0,0.0,0.0,0.0,2.0,18,2,1
13060,16,2,1,10,6,3,0,1,1,1,1,19,2,2,0.0,0.0,0.0,0.0,0.0,2.0,17,2,1
137178,16,2,3,17,3,4,0,1,0,1,2,22,2,2,0.0,0.0,0.0,0.0,0.0,2.0,15,2,9
45121,16,2,3,10,8,3,0,1,1,1,1,19,2,2,0.0,0.0,0.0,0.0,0.0,2.0,14,4,4
136235,15,2,3,0,8,3,5,5,1,1,2,18,3,2,0.0,0.0,0.0,0.0,0.0,4.0,17,3,9
103233,16,2,3,0,8,3,0,1,1,1,1,18,2,2,0.0,0.0,0.0,0.0,0.0,2.0,7,7,7
125157,4,2,3,17,8,3,0,1,1,1,2,36,2,2,0.0,0.0,0.0,0.0,0.0,2.0,17,4,9
19645,15,2,3,0,2,3,0,1,1,1,2,5,2,2,0.0,0.0,0.0,0.0,0.0,2.0,10,7,2
168339,16,2,3,15,10,3,0,1,1,1,2,23,2,2,0.0,0.0,0.0,0.0,0.0,2.0,15,2,11
49897,16,7,2,10,8,3,6,1,1,1,2,19,2,2,0.0,0.0,0.0,0.0,0.0,2.0,18,4,4
109694,4,2,1,9,6,3,0,1,0,1,2,18,2,1,1.0,0.0,1.0,0.0,0.0,1.0,20,6,8
115375,16,2,3,9,2,3,0,1,0,1,0,18,2,4,1.0,0.0,0.0,0.0,1.0,1.0,18,1,8
156348,15,7,1,0,2,3,6,1,0,1,2,36,2,3,1.0,0.0,0.0,1.0,0.0,2.0,17,5,11
171638,15,2,1,0,8,3,0,1,0,1,2,12,2,2,0.0,0.0,0.0,0.0,0.0,3.0,18,5,11
14880,16,10,3,0,8,3,4,1,1,1,2,36,2,2,0.0,0.0,0.0,0.0,0.0,2.0,11,1,1
67748,16,2,3,17,8,3,0,1,0,1,2,36,2,3,2.0,0.0,0.0,1.0,1.0,1.0,18,6,5
119686,16,2,4,17,15,3,5,5,1,1,2,36,2,2,0.0,0.0,0.0,0.0,0.0,2.0,19,2,8
165716,4,2,0,14,8,3,0,1,1,1,2,36,2,2,0.0,0.0,0.0,0.0,0.0,2.0,18,6,11
35030,16,2,3,17,8,3,0,1,0,1,2,6,2,2,0.0,0.0,0.0,0.0,0.0,3.0,17,1,3
55140,16,2,3,10,8,3,6,1,1,1,1,26,2,2,0.0,0.0,0.0,0.0,0.0,5.0,16,2,4
11036,16,2,3,15,2,3,0,5,1,1,2,22,2,2,0.0,0.0,0.0,0.0,0.0,3.0,14,3,1
169978,16,2,3,0,3,3,0,1,0,1,2,6,2,3,1.0,0.0,0.0,1.0,0.0,2.0,9,7,11
187,16,2,3,17,8,3,6,1,1,1,2,6,2,2,0.0,0.0,0.0,0.0,0.0,3.0,14,4,1
107615,4,2,3,10,8,3,0,1,0,1,2,26,2,3,1.0,0.0,0.0,1.0,0.0,1.0,17,2,8
167734,16,2,1,17,10,3,0,1,1,1,1,24,2,2,0.0,0.0,0.0,0.0,0.0,2.0,0,5,11
104703,4,2,3,17,2,3,0,1,0,1,2,18,2,2,0.0,0.0,0.0,0.0,0.0,2.0,8,6,8
68504,16,2,3,0,6,3,0,1,0,1,2,6,2,3,2.0,0.0,0.0,2.0,0.0,0.0,18,5,5
86580,4,2,3,7,10,3,0,1,1,0,2,19,2,2,0.0,0.0,0.0,0.0,0.0,1.0,10,3,6
90560,16,2,3,0,10,3,0,5,1,1,1,36,2,2,0.0,0.0,0.0,0.0,0.0,2.0,11,7,7
46052,16,2,3,17,6,4,0,1,0,1,2,18,2,1,1.0,0.0,1.0,0.0,0.0,1.0,19,6,4
87040,16,2,3,17,11,3,0,1,1,1,2,35,2,2,0.0,0.0,0.0,0.0,0.0,2.0,15,4,6
187928,17,2,3,17,0,3,5,5,1,1,1,36,2,2,0.0,0.0,0.0,0.0,0.0,2.0,14,6,12
71756,16,2,3,15,8,3,0,1,1,1,2,22,2,2,0.0,0.0,0.0,0.0,0.0,2.0,19,4,6
5782,16,2,1,10,8,3,0,1,1,1,2,19,2,2,0.0,0.0,0.0,0.0,0.0,2.0,19,4,1
113546,16,2,3,10,8,3,0,1,1,1,1,36,2,2,0.0,0.0,0.0,0.0,0.0,3.0,17,6,8
110814,15,2,3,17,15,3,0,1,0,1,2,18,2,2,0.0,0.0,0.0,0.0,0.0,2.0,15,3,8
140280,16,11,1,17,19,3,5,5,1,1,1,36,2,2,0.0,0.0,0.0,0.0,0.0,2.0,21,4,10
159849,16,2,3,14,8,4,0,1,0,1,2,36,2,2,0.0,0.0,0.0,0.0,0.0,2.0,12,5,11
37062,16,2,3,17,6,3,0,1,1,1,2,6,2,2,0.0,0.0,0.0,0.0,0.0,2.0,8,1,3
15888,15,2,3,0,15,3,5,1,1,1,1,36,2,2,0.0,0.0,0.0,0.0,0.0,2.0,8,5,2
60720,4,2,1,0,8,3,0,1,1,0,2,18,2,2,0.0,0.0,0.0,0.0,0.0,2.0,23,6,5
164459,15,2,3,0,6,3,5,5,1,1,2,36,2,2,0.0,0.0,0.0,0.0,0.0,2.0,11,2,11
92846,16,2,3,8,2,3,0,1,0,1,0,36,2,4,1.0,0.0,0.0,0.0,1.0,1.0,7,2,7
77652,16,2,3,17,8,3,0,1,1,1,2,36,2,2,0.0,0.0,0.0,0.0,0.0,3.0,13,3,6
51300,4,2,3,15,3,3,0,1,1,0,2,23,2,2,0.0,0.0,0.0,0.0,0.0,2.0,12,7,4
55791,16,2,3,17,10,3,0,5,1,1,2,36,2,2,0.0,0.0,0.0,0.0,0.0,3.0,11,6,4
76737,16,2,3,17,6,3,0,1,0,1,2,23,2,3,1.0,0.0,0.0,1.0,0.0,4.0,10,2,6
43887,4,2,1,7,10,3,0,1,0,1,2,11,2,3,1.0,0.0,0.0,1.0,0.0,0.0,22,1,4
111397,16,2,3,17,10,3,0,1,1,1,2,24,2,2,0.0,0.0,0.0,0.0,0.0,2.0,10,4,8
165421,15,2,1,17,10,3,0,1,0,1,2,19,2,2,0.0,0.0,0.0,0.0,0.0,2.0,23,7,11
4458,16,2,1,17,2,3,6,1,1,1,1,36,2,2,0.0,0.0,0.0,0.0,0.0,3.0,20,4,1
15589,16,2,1,17,8,3,0,1,1,1,1,18,2,2,0.0,0.0,0.0,0.0,0.0,3.0,19,5,2
157546,16,2,1,14,3,3,0,1,0,1,2,36,2,1,3.0,0.0,2.0,1.0,0.0,3.0,5,1,11
32800,16,5,3,17,6,3,6,1,0,1,2,18,3,2,0.0,0.0,0.0,0.0,0.0,3.0,7,6,3
163398,16,2,1,15,3,3,0,1,0,1,2,22,2,2,0.0,0.0,0.0,0.0,0.0,2.0,20,2,11
118562,16,2,3,10,6,3,0,1,0,1,2,17,2,3,1.0,0.0,0.0,1.0,0.0,1.0,16,7,8
4269,16,10,1,9,15,3,4,1,0,1,2,6,2,3,1.0,0.0,0.0,1.0,0.0,1.0,17,3,1
155755,16,2,3,15,2,3,0,1,0,1,2,23,2,2,0.0,0.0,0.0,0.0,0.0,2.0,7,4,11
93229,16,2,3,9,10,3,0,1,0,1,0,17,2,3,1.0,0.0,0.0,1.0,0.0,1.0,17,1,7
91149,4,2,1,17,15,3,0,1,0,1,1,23,2,3,1.0,0.0,0.0,1.0,0.0,2.0,0,3,7
6523,16,2,1,17,8,3,0,1,1,0,2,17,2,2,0.0,0.0,0.0,0.0,0.0,2.0,21,7,1
178729,15,2,5,0,6,3,0,5,0,1,2,36,2,4,1.0,0.0,0.0,0.0,1.0,5.0,15,3,12
119496,16,2,3,17,8,3,0,5,1,1,2,23,2,2,0.0,0.0,0.0,0.0,0.0,2.0,17,5,8
11440,15,2,1,0,2,3,0,1,1,1,1,18,2,2,0.0,0.0,0.0,0.0,0.0,5.0,18,1,1
68947,16,2,3,0,6,3,0,1,1,1,2,36,2,2,0.0,0.0,0.0,0.0,0.0,2.0,15,5,5
19492,16,2,2,17,19,3,0,1,0,1,2,6,2,1,3.0,0.0,1.0,0.0,2.0,1.0,17,5,2
142099,15,2,3,0,6,3,0,1,1,1,2,36,2,2,0.0,0.0,0.0,0.0,0.0,2.0,12,1,10
155632,16,2,1,0,8,3,5,5,1,1,2,19,2,2,0.0,0.0,0.0,0.0,0.0,4.0,17,5,10
50519,16,7,3,10,2,4,6,5,0,1,2,13,2,2,0.0,0.0,0.0,0.0,0.0,2.0,12,2,4
62928,16,2,3,0,8,3,0,1,0,1,2,6,2,2,0.0,0.0,0.0,0.0,0.0,2.0,16,7,5
172663,17,7,1,17,8,3,6,1,0,1,2,24,2,2,0.0,0.0,0.0,0.0,0.0,2.0,23,6,12
175531,16,2,4,17,2,3,0,1,0,1,2,36,2,3,2.0,0.0,0.0,1.0,1.0,1.0,2,6,12
128044,10,2,3,8,8,3,5,5,1,1,0,23,2,2,0.0,0.0,0.0,0.0,0.0,2.0,16,3,9
46366,16,2,3,0,3,3,0,1,0,1,1,6,2,3,1.0,0.0,0.0,1.0,0.0,3.0,12,3,4
181911,4,2,1,0,8,3,6,1,1,1,2,18,2,2,0.0,0.0,0.0,0.0,0.0,2.0,17,2,12
157008,15,2,3,17,8,3,0,1,1,1,2,24,2,2,0.0,0.0,0.0,0.0,0.0,3.0,7,7,11
158906,4,2,1,10,3,3,0,1,1,1,2,36,5,2,0.0,0.0,0.0,0.0,0.0,5.0,22,6,11
89953,16,2,1,15,8,3,0,1,0,1,2,36,3,2,0.0,0.0,0.0,0.0,0.0,6.0,1,6,7
14000,16,2,3,0,6,3,0,1,0,1,2,6,2,2,0.0,0.0,0.0,0.0,0.0,2.0,12,6,1
134370,15,2,3,0,6,3,0,1,0,1,2,18,2,3,2.0,0.0,0.0,2.0,0.0,1.0,14,6,9
85825,16,2,3,17,3,3,0,1,0,1,2,23,2,2,0.0,0.0,0.0,0.0,0.0,2.0,9,4,6
98778,16,3,3,10,3,3,0,1,0,1,2,17,2,2,0.0,0.0,0.0,0.0,0.0,5.0,13,1,7
116904,16,2,1,15,10,3,0,1,0,1,2,3,2,3,1.0,0.0,0.0,1.0,0.0,1.0,20,3,8
134200,16,2,3,17,8,3,0,1,0,1,2,6,2,1,1.0,0.0,1.0,0.0,0.0,2.0,7,2,9
178865,16,2,3,17,2,3,0,1,1,1,2,24,2,2,0.0,0.0,0.0,0.0,0.0,2.0,11,1,12
3558,16,2,2,17,8,3,0,1,1,1,1,18,2,2,0.0,0.0,0.0,0.0,0.0,2.0,17,4,1
40267,15,2,3,0,2,3,0,1,0,1,2,18,2,2,0.0,0.0,0.0,0.0,0.0,2.0,8,4,3
102444,16,2,3,17,8,3,0,1,1,1,2,18,2,2,0.0,0.0,0.0,0.0,0.0,4.0,7,1,7
62666,15,7,3,0,10,3,6,1,1,1,1,36,2,2,0.0,0.0,0.0,0.0,0.0,2.0,7,2,5
116715,15,2,3,0,2,3,0,1,0,1,2,7,2,2,0.0,0.0,0.0,0.0,0.0,2.0,7,6,8
9382,16,2,3,10,2,3,0,1,1,1,2,19,2,2,0.0,0.0,0.0,0.0,0.0,3.0,15,4,1
170686,4,2,3,10,8,3,0,1,0,0,2,17,4,2,0.0,0.0,0.0,0.0,0.0,5.0,7,3,11
16924,16,2,3,10,8,3,6,1,1,1,1,36,2,2,0.0,0.0,0.0,0.0,0.0,2.0,8,2,2
67859,16,2,0,0,8,3,0,1,0,1,2,36,3,2,0.0,0.0,0.0,0.0,0.0,3.0,5,2,5
117620,16,2,1,17,3,3,0,1,0,1,2,18,2,2,0.0,0.0,0.0,0.0,0.0,2.0,20,7,8
67510,15,2,1,15,8,3,0,1,1,1,2,23,2,2,0.0,0.0,0.0,0.0,0.0,2.0,22,3,5
178470,15,2,1,17,6,3,0,1,1,1,2,24,2,2,0.0,0.0,0.0,0.0,0.0,2.0,17,5,12
181110,16,10,1,17,8,3,6,5,1,1,2,26,2,2,0.0,0.0,0.0,0.0,0.0,2.0,19,6,12
97274,4,2,3,17,6,3,0,1,0,1,2,18,2,3,4.0,0.0,0.0,4.0,0.0,1.0,9,6,7
176465,16,2,3,10,2,4,0,1,1,1,1,22,2,2,0.0,0.0,0.0,0.0,0.0,2.0,11,1,12
131157,16,2,3,17,6,3,0,1,0,1,2,17,2,2,0.0,0.0,0.0,0.0,0.0,2.0,17,5,9
41738,16,2,3,17,6,3,0,1,1,1,2,24,2,2,0.0,0.0,0.0,0.0,0.0,2.0,10,5,3
42149,4,7,4,17,10,3,6,1,1,1,0,24,2,2,0.0,0.0,0.0,0.0,0.0,2.0,17,6,3
10815,4,2,3,17,8,3,0,1,1,1,1,23,2,2,0.0,0.0,0.0,0.0,0.0,2.0,13,7,1
11900,15,2,3,0,11,3,0,1,1,1,2,18,2,2,0.0,0.0,0.0,0.0,0.0,2.0,13,2,1
68403,16,2,3,10,2,3,0,1,1,1,2,17,2,2,0.0,0.0,0.0,0.0,0.0,2.0,12,3,5
127415,16,2,1,15,6,3,5,5,0,1,0,22,2,3,1.0,0.0,0.0,1.0,0.0,1.0,22,6,9
50117,16,2,4,17,6,3,0,1,1,1,2,23,2,2,0.0,0.0,0.0,0.0,0.0,2.0,18,2,4
23264,4,2,1,10,8,3,0,1,1,1,1,23,2,2,0.0,0.0,0.0,0.0,0.0,3.0,18,5,2
162883,4,2,1,17,6,3,0,1,0,1,2,18,2,4,1.0,0.0,0.0,0.0,1.0,2.0,17,2,11
98801,15,2,3,17,10,3,0,1,0,1,2,5,2,2,0.0,0.0,0.0,0.0,0.0,4.0,18,1,7
133438,16,3,3,0,8,3,0,1,0,1,2,36,3,2,0.0,0.0,0.0,0.0,0.0,3.0,12,6,9
136509,16,7,3,0,8,4,6,1,0,1,2,36,2,3,1.0,0.0,0.0,1.0,0.0,1.0,8,5,9
174480,15,2,1,0,3,3,0,5,0,1,2,17,2,2,0.0,0.0,0.0,0.0,0.0,2.0,17,5,12
9647,15,2,3,0,10,3,0,5,1,1,2,18,2,2,0.0,0.0,0.0,0.0,0.0,3.0,12,7,1
100279,16,2,1,2,2,3,0,1,0,1,2,28,1,2,0.0,0.0,0.0,0.0,0.0,2.0,3,4,7
59803,16,2,3,17,6,3,0,1,1,1,0,36,2,2,0.0,0.0,0.0,0.0,0.0,3.0,15,1,5
1098,16,2,3,0,2,3,0,1,0,1,2,6,2,3,3.0,0.0,0.0,3.0,0.0,1.0,15,5,1
122447,16,2,3,10,6,3,0,1,1,1,1,19,2,2,0.0,0.0,0.0,0.0,0.0,2.0,16,6,9
114662,16,2,3,10,8,3,0,1,1,1,1,19,3,2,0.0,0.0,0.0,0.0,0.0,3.0,8,3,8
125327,16,2,3,10,6,3,0,1,1,1,2,19,3,2,0.0,0.0,0.0,0.0,0.0,4.0,13,7,9
98402,4,3,5,0,0,3,6,5,1,1,2,18,3,2,0.0,0.0,0.0,0.0,0.0,6.0,18,3,7
7660,15,2,3,0,11,3,0,1,1,1,2,36,2,2,0.0,0.0,0.0,0.0,0.0,2.0,13,4,1
188071,16,2,2,9,8,3,0,1,0,1,0,18,2,3,1.0,0.0,0.0,1.0,0.0,2.0,22,6,12
33085,16,3,3,0,6,3,0,1,0,1,2,6,2,3,2.0,0.0,0.0,2.0,0.0,2.0,8,4,3
78221,16,2,3,17,8,3,0,1,0,1,2,17,2,3,2.0,0.0,0.0,1.0,1.0,0.0,14,4,6
54558,16,2,3,17,10,3,0,1,1,1,1,23,2,2,0.0,0.0,0.0,0.0,0.0,2.0,16,6,4
3369,16,2,3,17,6,3,5,1,1,1,2,36,2,2,0.0,0.0,0.0,0.0,0.0,2.0,8,3,1
141233,16,2,3,0,6,3,0,1,1,1,2,36,2,2,0.0,0.0,0.0,0.0,0.0,2.0,7,2,10
146311,15,7,3,9,8,3,6,1,0,1,0,17,2,3,1.0,0.0,0.0,1.0,0.0,1.0,8,3,10
134838,16,2,1,8,2,3,0,1,1,1,0,24,2,2,0.0,0.0,0.0,0.0,0.0,2.0,20,3,9
85924,4,2,3,15,17,3,0,1,1,1,2,23,2,2,0.0,0.0,0.0,0.0,0.0,2.0,17,7,6
4535,16,2,3,15,5,3,0,1,1,1,0,23,2,2,0.0,0.0,0.0,0.0,0.0,2.0,15,6,1
63600,16,2,3,17,10,3,0,1,0,1,2,22,2,2,0.0,0.0,0.0,0.0,0.0,4.0,14,3,5
149096,16,2,3,10,6,3,0,1,0,1,0,17,2,3,2.0,0.0,0.0,1.0,1.0,1.0,14,1,10
161059,16,7,1,17,8,3,6,5,0,1,2,18,2,2,0.0,0.0,0.0,0.0,0.0,2.0,18,3,11
67765,16,7,3,9,2,3,6,1,0,1,0,18,2,3,1.0,0.0,0.0,1.0,0.0,1.0,8,6,5
6884,16,2,3,10,6,3,0,1,1,1,1,19,2,2,0.0,0.0,0.0,0.0,0.0,2.0,7,7,1
46318,16,2,3,10,8,3,0,1,1,1,1,26,2,2,0.0,0.0,0.0,0.0,0.0,3.0,14,3,4
46600,16,2,3,10,6,3,0,1,1,1,1,36,2,2,0.0,0.0,0.0,0.0,0.0,3.0,19,2,4
48051,15,2,3,17,2,3,0,1,1,1,2,18,2,2,0.0,0.0,0.0,0.0,0.0,3.0,9,5,4
36027,17,7,3,17,2,3,6,1,0,1,2,36,2,2,0.0,0.0,0.0,0.0,0.0,2.0,17,4,3
179134,16,2,1,0,2,3,0,5,0,1,2,36,2,3,4.0,0.0,0.0,2.0,2.0,2.0,23,6,12
147193,15,2,3,0,15,3,0,1,0,1,2,36,2,2,0.0,0.0,0.0,0.0,0.0,5.0,16,1,10
170232,16,2,1,17,8,3,0,1,0,1,2,24,2,2,0.0,0.0,0.0,0.0,0.0,2.0,18,3,11
187400,16,7,3,17,10,3,6,5,0,1,2,22,2,2,0.0,0.0,0.0,0.0,0.0,2.0,13,5,12
166878,16,7,1,9,6,3,6,1,0,1,0,18,2,3,1.0,0.0,0.0,1.0,0.0,2.0,17,2,11
36747,16,2,3,17,8,3,0,1,1,1,2,12,2,2,0.0,0.0,0.0,0.0,0.0,2.0,17,2,3
9700,16,10,3,17,2,3,1,2,0,1,2,36,2,3,1.0,0.0,0.0,1.0,0.0,1.0,10,1,1
5009,16,3,1,0,1,3,6,1,0,1,1,6,2,3,3.0,0.0,0.0,3.0,0.0,3.0,0,5,1
142164,15,2,3,8,2,3,0,1,0,1,1,26,2,4,1.0,0.0,0.0,0.0,1.0,1.0,11,3,10
43729,16,7,3,17,2,3,6,1,1,1,1,21,2,2,0.0,0.0,0.0,0.0,0.0,2.0,13,5,4
41026,16,2,3,17,8,3,0,6,1,1,1,36,2,2,0.0,0.0,0.0,0.0,0.0,2.0,14,5,3
30962,15,2,3,10,10,3,0,1,0,1,2,19,3,2,0.0,0.0,0.0,0.0,0.0,3.0,11,4,3
149869,16,2,1,17,8,3,0,1,1,1,2,11,2,2,0.0,0.0,0.0,0.0,0.0,3.0,19,2,10
79421,16,3,4,17,2,3,0,1,0,1,1,8,2,2,0.0,0.0,0.0,0.0,0.0,3.0,20,6,6
17550,16,2,3,10,8,3,0,1,1,1,2,36,2,2,0.0,0.0,0.0,0.0,0.0,4.0,14,7,2
32270,16,2,3,15,6,4,0,1,0,1,2,17,2,3,1.0,0.0,0.0,1.0,0.0,2.0,10,4,3
2524,16,2,1,10,8,3,0,1,1,1,2,19,3,2,0.0,0.0,0.0,0.0,0.0,4.0,18,1,1
179062,16,7,1,9,8,3,6,1,0,1,0,36,2,3,1.0,0.0,0.0,1.0,0.0,1.0,23,5,12
165019,15,2,3,0,6,3,0,1,1,1,2,5,2,2,0.0,0.0,0.0,0.0,0.0,2.0,11,3,11
11634,16,7,1,15,8,3,6,1,1,1,0,36,2,2,0.0,0.0,0.0,0.0,0.0,3.0,7,6,1
73143,4,2,3,0,2,3,0,5,1,1,2,36,2,2,0.0,0.0,0.0,0.0,0.0,2.0,13,6,6
149567,4,2,3,17,6,3,0,1,1,1,2,36,2,2,0.0,0.0,0.0,0.0,0.0,2.0,11,6,10
2848,4,10,1,13,19,3,6,1,1,1,2,36,2,2,0.0,0.0,0.0,0.0,0.0,3.0,22,7,1
134075,4,7,3,0,8,3,6,1,0,1,2,39,2,2,0.0,0.0,0.0,0.0,0.0,3.0,14,3,9
45573,16,7,3,0,8,3,6,1,0,1,2,39,2,3,1.0,0.0,0.0,1.0,0.0,1.0,7,5,4
1871,16,2,3,15,6,3,0,1,1,1,2,22,2,2,0.0,0.0,0.0,0.0,0.0,2.0,9,5,1
137037,16,2,1,15,8,3,0,1,1,1,1,18,2,2,0.0,0.0,0.0,0.0,0.0,2.0,23,4,9
1116,16,2,3,0,8,3,0,1,1,1,2,36,2,2,0.0,0.0,0.0,0.0,0.0,3.0,6,5,1
88964,16,2,3,0,2,3,0,1,1,1,1,36,2,2,0.0,0.0,0.0,0.0,0.0,2.0,18,4,7
123628,16,11,5,15,15,3,5,5,1,1,0,36,2,2,0.0,0.0,0.0,0.0,0.0,2.0,17,3,9
179864,4,2,3,14,8,3,0,1,1,1,2,36,2,2,0.0,0.0,0.0,0.0,0.0,2.0,15,4,12
184180,15,2,3,0,2,3,6,1,1,1,2,18,2,2,0.0,0.0,0.0,0.0,0.0,4.0,8,5,12
180978,16,10,0,0,2,3,4,1,0,1,2,17,2,2,0.0,0.0,0.0,0.0,0.0,2.0,18,4,12
54768,4,2,3,15,8,3,0,1,1,1,2,22,2,2,0.0,0.0,0.0,0.0,0.0,2.0,16,4,4
122735,16,2,1,17,8,3,0,1,1,1,2,24,2,2,0.0,0.0,0.0,0.0,0.0,2.0,22,4,9
127083,16,2,3,17,6,3,0,5,1,1,0,18,2,2,0.0,0.0,0.0,0.0,0.0,2.0,13,5,9
83868,16,2,1,15,3,3,0,1,1,1,2,36,2,2,0.0,0.0,0.0,0.0,0.0,2.0,0,1,6
134262,16,7,4,0,2,3,6,5,0,1,2,36,3,2,0.0,0.0,0.0,0.0,0.0,8.0,18,3,9
142786,15,7,1,17,2,3,6,5,1,1,2,23,2,2,0.0,0.0,0.0,0.0,0.0,2.0,17,3,10
141044,15,2,1,0,8,3,0,1,1,1,2,18,2,2,0.0,0.0,0.0,0.0,0.0,3.0,21,6,10
43694,16,10,3,10,8,3,1,1,1,1,2,19,2,2,0.0,0.0,0.0,0.0,0.0,2.0,7,4,4
168959,16,7,1,10,6,3,6,1,1,1,2,36,2,2,0.0,0.0,0.0,0.0,0.0,2.0,23,4,11
2783,16,2,1,17,2,3,0,1,0,1,2,24,2,2,0.0,0.0,0.0,0.0,0.0,2.0,20,6,1
52250,4,2,3,0,6,3,0,1,0,1,2,18,2,3,2.0,0.0,0.0,1.0,1.0,0.0,18,5,4