crash_date,               traffic_control_device,weather_condition,lighting_condition,first_crash_type,trafficway_type,alignment,roadway_surface_cond,road_defect,crash_type,intersection_related_i,damage,prim_contributory_cause,num_units,most_severe_injury,injuries_total,injuries_fatal,injuries_incapacitating,injuries_non_incapacitating,injuries_reported_not_evident,injuries_no_indication,crash_hour,crash_day_of_week,crash_month
57208,15,2,3,0,6,3,0,1,0,1,2,18,2,3,1.0,0.0,0.0,1.0,0.0,2.0,12,1,5
126730,4,2,3,0,6,3,0,1,1,1,1,18,2,2,0.0,0.0,0.0,0.0,0.0,2.0,14,5,9
142590,16,2,1,9,1,3,0,6,0,1,0,36,2,3,1.0,0.0,0.0,1.0,0.0,1.0,20,1,10
47063,15,2,0,10,3,3,0,5,1,1,2,18,2,2,0.0,0.0,0.0,0.0,0.0,4.0,19,5,4
108357,4,2,3,17,8,3,0,1,0,1,2,36,2,2,0.0,0.0,0.0,0.0,0.0,3.0,15,6,8
178164,16,2,3,17,6,3,0,5,1,1,2,36,2,2,0.0,0.0,0.0,0.0,0.0,2.0,7,2,12
117459,16,2,3,15,6,3,0,1,1,1,2,23,2,2,0.0,0.0,0.0,0.0,0.0,3.0,15,5,8
168156,16,3,1,17,8,3,6,1,0,1,2,18,2,3,3.0,0.0,0.0,3.0,0.0,0.0,21,4,11
9493,16,2,3,17,6,3,0,1,1,1,2,36,2,2,0.0,0.0,0.0,0.0,0.0,2.0,12,5,1
161500,16,10,1,0,8,3,4,5,0,1,2,39,2,2,0.0,0.0,0.0,0.0,0.0,2.0,4,2,11
62680,16,7,3,17,8,3,6,1,1,1,1,36,2,2,0.0,0.0,0.0,0.0,0.0,2.0,9,2,5
178724,16,2,3,17,2,3,0,1,1,1,1,24,2,2,0.0,0.0,0.0,0.0,0.0,2.0,14,3,12
13348,16,2,1,10,10,3,0,6,1,1,0,8,2,2,0.0,0.0,0.0,0.0,0.0,4.0,20,5,1
178867,16,7,3,10,3,3,6,5,1,1,0,26,2,2,0.0,0.0,0.0,0.0,0.0,4.0,11,1,12
152428,16,7,1,17,2,3,6,1,1,1,2,22,2,2,0.0,0.0,0.0,0.0,0.0,3.0,22,7,10
49867,16,2,3,17,2,3,0,1,0,1,2,36,2,2,0.0,0.0,0.0,0.0,0.0,3.0,11,3,4
83184,16,3,3,15,8,3,6,1,1,1,2,13,2,2,0.0,0.0,0.0,0.0,0.0,3.0,13,6,6
108686,15,2,1,2,6,3,0,1,1,1,2,38,2,2,0.0,0.0,0.0,0.0,0.0,3.0,20,6,8
83847,6,11,1,0,11,3,5,5,1,1,1,3,2,2,0.0,0.0,0.0,0.0,0.0,2.0,21,1,6
144460,16,2,3,17,6,3,0,1,1,1,2,23,2,2,0.0,0.0,0.0,0.0,0.0,2.0,15,5,10
147807,16,2,1,8,1,3,0,1,0,1,1,36,2,3,1.0,0.0,0.0,1.0,0.0,1.0,5,3,10
74412,16,2,3,10,8,3,0,1,1,1,1,17,2,2,0.0,0.0,0.0,0.0,0.0,4.0,16,2,6
13899,16,2,3,17,1,3,1,3,0,1,2,6,3,2,0.0,0.0,0.0,0.0,0.0,3.0,11,3,1
126974,16,2,3,10,6,3,0,1,1,1,1,19,2,2,0.0,0.0,0.0,0.0,0.0,3.0,16,2,9
19986,16,11,1,10,8,3,0,1,1,1,2,36,2,2,0.0,0.0,0.0,0.0,0.0,3.0,12,6,2
13827,16,2,1,17,2,5,0,1,0,1,2,35,2,2,0.0,0.0,0.0,0.0,0.0,3.0,23,2,1
141425,15,2,3,0,6,4,0,1,0,1,2,38,2,3,3.0,0.0,0.0,2.0,1.0,0.0,15,6,10
88713,16,2,1,17,3,3,0,1,1,1,2,6,2,2,0.0,0.0,0.0,0.0,0.0,2.0,22,1,7
161172,15,2,1,17,15,3,0,1,1,1,2,36,2,2,0.0,0.0,0.0,0.0,0.0,2.0,17,5,11
29294,16,2,3,17,8,3,0,1,1,1,2,6,2,2,0.0,0.0,0.0,0.0,0.0,2.0,15,3,3
73267,12,2,1,7,8,3,0,1,0,1,2,17,2,3,1.0,0.0,0.0,1.0,0.0,0.0,22,7,6
23539,15,7,4,0,10,3,6,1,0,1,2,5,2,2,0.0,0.0,0.0,0.0,0.0,2.0,17,2,2
149750,15,2,4,15,8,3,0,1,1,1,1,26,2,2,0.0,0.0,0.0,0.0,0.0,4.0,18,7,10
28588,4,2,3,0,15,3,0,1,0,1,2,36,2,2,0.0,0.0,0.0,0.0,0.0,2.0,14,4,3
95848,16,3,3,0,8,3,0,1,1,1,2,36,2,2,0.0,0.0,0.0,0.0,0.0,2.0,16,7,7
85217,16,2,4,10,2,3,0,1,0,1,0,19,2,3,1.0,0.0,0.0,1.0,0.0,3.0,19,2,6
122890,16,2,3,8,8,3,0,1,0,1,0,36,4,3,1.0,0.0,0.0,1.0,0.0,1.0,12,4,9
55685,16,7,3,15,2,3,6,1,1,1,0,21,2,2,0.0,0.0,0.0,0.0,0.0,2.0,9,3,4
37908,16,2,3,0,6,3,0,1,0,1,2,6,2,3,1.0,0.0,0.0,1.0,0.0,1.0,8,3,3
136610,16,2,0,10,3,3,0,1,1,1,2,6,2,2,0.0,0.0,0.0,0.0,0.0,3.0,4,7,9
15938,16,2,3,17,2,3,0,1,0,1,2,18,2,2,0.0,0.0,0.0,0.0,0.0,6.0,7,6,2
45173,15,2,1,0,6,3,0,1,0,1,2,18,2,2,0.0,0.0,0.0,0.0,0.0,2.0,0,4,4
8019,16,2,3,10,6,3,5,5,0,0,0,19,2,4,1.0,0.0,0.0,0.0,1.0,1.0,14,5,1
119569,16,2,1,8,8,3,0,1,1,1,0,18,2,2,0.0,0.0,0.0,0.0,0.0,2.0,20,6,8
161372,16,2,3,10,8,3,0,1,1,1,2,36,2,2,0.0,0.0,0.0,0.0,0.0,2.0,12,6,11
65517,15,2,3,0,8,3,0,1,0,1,2,36,2,2,0.0,0.0,0.0,0.0,0.0,3.0,14,1,5
188866,16,7,1,10,8,3,6,1,0,1,2,28,3,4,1.0,0.0,0.0,0.0,1.0,2.0,17,6,12
112469,16,2,3,15,8,3,0,2,1,1,2,36,2,2,0.0,0.0,0.0,0.0,0.0,2.0,9,4,8
171544,16,2,1,0,6,3,0,1,0,1,2,6,2,1,4.0,0.0,1.0,0.0,3.0,0.0,3,6,11
102749,15,7,1,0,6,3,6,1,0,1,2,18,2,2,0.0,0.0,0.0,0.0,0.0,3.0,1,7,7
112635,16,2,3,0,6,3,0,1,0,1,2,3,2,2,0.0,0.0,0.0,0.0,0.0,2.0,17,7,8
107710,16,2,3,17,2,3,0,1,1,1,2,18,2,2,0.0,0.0,0.0,0.0,0.0,5.0,17,2,8
187083,16,3,3,17,8,3,0,1,0,1,2,18,2,2,0.0,0.0,0.0,0.0,0.0,3.0,11,5,12
67428,16,2,3,3,6,3,0,5,0,1,2,36,2,3,2.0,0.0,0.0,2.0,0.0,1.0,8,2,5
130635,16,2,3,15,6,3,0,1,1,1,2,18,2,2,0.0,0.0,0.0,0.0,0.0,2.0,11,4,9
73429,16,2,3,17,2,3,0,1,0,1,2,18,2,2,0.0,0.0,0.0,0.0,0.0,2.0,10,2,6
48784,16,2,3,10,2,3,0,1,0,1,2,19,2,4,1.0,0.0,0.0,0.0,1.0,1.0,10,5,4
116451,16,2,3,10,6,3,0,1,0,1,2,13,5,2,0.0,0.0,0.0,0.0,0.0,5.0,9,3,8
162819,15,2,1,0,15,3,0,5,1,1,2,36,2,2,0.0,0.0,0.0,0.0,0.0,2.0,2,1,11
111946,15,2,3,17,2,3,0,5,1,1,1,24,2,2,0.0,0.0,0.0,0.0,0.0,2.0,15,4,8
61418,16,2,3,17,6,3,0,1,0,1,2,18,2,3,2.0,0.0,0.0,2.0,0.0,0.0,16,5,5
166728,16,2,1,17,6,3,0,1,1,1,1,18,2,2,0.0,0.0,0.0,0.0,0.0,3.0,2,7,11
187828,16,2,0,10,8,3,0,1,0,1,2,26,3,2,0.0,0.0,0.0,0.0,0.0,4.0,17,4,12
145272,16,7,3,10,2,3,6,1,1,1,2,16,3,2,0.0,0.0,0.0,0.0,0.0,3.0,10,7,10
39658,16,10,3,17,6,3,6,1,1,1,2,24,2,2,0.0,0.0,0.0,0.0,0.0,2.0,11,7,3
120296,16,2,3,15,6,3,0,1,1,1,2,18,2,2,0.0,0.0,0.0,0.0,0.0,3.0,17,4,8
48567,16,2,3,10,8,3,0,1,1,1,2,36,2,2,0.0,0.0,0.0,0.0,0.0,2.0,16,7,4
104679,15,2,3,15,6,3,0,1,1,0,1,28,2,2,0.0,0.0,0.0,0.0,0.0,5.0,17,6,8
134690,16,2,3,10,8,3,0,1,1,1,2,19,2,2,0.0,0.0,0.0,0.0,0.0,3.0,12,2,9
111950,16,3,3,10,2,3,6,1,1,0,2,19,2,2,0.0,0.0,0.0,0.0,0.0,2.0,16,4,8
34690,15,2,3,10,2,3,0,1,1,1,2,36,3,2,0.0,0.0,0.0,0.0,0.0,3.0,8,3,3
35833,15,2,0,0,8,3,0,1,0,1,2,18,3,3,2.0,0.0,0.0,2.0,0.0,4.0,18,6,3
157239,16,2,3,17,3,3,0,1,1,1,2,24,2,2,0.0,0.0,0.0,0.0,0.0,2.0,8,5,11
110932,16,2,3,17,8,3,0,1,1,1,1,22,2,2,0.0,0.0,0.0,0.0,0.0,2.0,13,3,8
125641,16,2,1,10,10,3,0,1,1,1,0,36,2,2,0.0,0.0,0.0,0.0,0.0,2.0,19,3,9
165472,4,2,1,17,2,3,0,1,1,0,1,18,2,2,0.0,0.0,0.0,0.0,0.0,2.0,20,1,11
47785,16,2,3,10,6,3,0,1,1,1,2,17,4,2,0.0,0.0,0.0,0.0,0.0,4.0,13,3,4
113435,16,2,0,5,8,3,0,5,0,1,2,36,1,3,1.0,0.0,0.0,1.0,0.0,0.0,19,6,8
88271,16,2,1,15,6,3,0,1,1,1,0,24,2,2,0.0,0.0,0.0,0.0,0.0,4.0,0,2,7
36571,16,7,1,17,8,3,6,1,1,1,2,24,2,2,0.0,0.0,0.0,0.0,0.0,2.0,23,6,3
142675,16,2,2,9,6,3,0,5,1,1,0,36,2,2,0.0,0.0,0.0,0.0,0.0,2.0,17,4,10
146595,16,2,3,17,8,3,0,1,1,1,2,18,2,2,0.0,0.0,0.0,0.0,0.0,4.0,18,6,10
2612,16,2,3,17,8,3,0,1,1,1,2,18,2,2,0.0,0.0,0.0,0.0,0.0,2.0,14,4,1
92019,16,2,3,17,11,3,0,2,1,1,2,19,2,2,0.0,0.0,0.0,0.0,0.0,2.0,12,2,7
84927,16,7,3,17,6,3,6,1,1,1,2,36,2,2,0.0,0.0,0.0,0.0,0.0,2.0,13,6,6
182694,16,2,1,15,2,3,0,1,1,1,0,36,2,2,0.0,0.0,0.0,0.0,0.0,2.0,21,5,12
134027,16,2,3,10,6,3,0,1,0,1,2,19,2,4,1.0,0.0,0.0,0.0,1.0,1.0,18,1,9
2720,16,2,1,10,5,3,0,1,0,1,2,19,2,2,0.0,0.0,0.0,0.0,0.0,2.0,20,5,1
147618,16,2,1,17,3,5,0,1,0,1,2,6,2,2,0.0,0.0,0.0,0.0,0.0,2.0,5,6,10
42765,16,2,3,10,2,3,0,1,1,1,2,19,2,2,0.0,0.0,0.0,0.0,0.0,2.0,15,2,4
177441,4,7,0,10,8,3,6,1,1,1,2,36,2,2,0.0,0.0,0.0,0.0,0.0,2.0,17,6,12
2209,4,2,1,0,10,3,0,1,1,1,2,21,2,2,0.0,0.0,0.0,0.0,0.0,2.0,16,4,1
63120,16,2,3,14,8,3,0,1,1,1,1,21,2,2,0.0,0.0,0.0,0.0,0.0,3.0,17,2,5
20701,4,2,3,17,8,3,0,1,1,1,1,36,2,2,0.0,0.0,0.0,0.0,0.0,2.0,7,4,2
119790,16,2,3,17,6,3,0,1,0,1,2,36,2,2,0.0,0.0,0.0,0.0,0.0,2.0,11,3,8
62128,15,3,1,0,2,3,5,1,1,1,1,18,2,2,0.0,0.0,0.0,0.0,0.0,4.0,3,1,5
130528,16,2,3,17,2,3,0,1,1,1,2,6,2,2,0.0,0.0,0.0,0.0,0.0,2.0,18,2,9
159770,4,2,3,17,8,3,0,1,1,1,1,36,2,2,0.0,0.0,0.0,0.0,0.0,3.0,7,4,11
127808,16,2,1,17,8,3,0,1,1,1,0,20,2,2,0.0,0.0,0.0,0.0,0.0,4.0,21,5,9
38120,16,2,3,17,2,3,0,1,1,1,1,24,2,2,0.0,0.0,0.0,0.0,0.0,2.0,17,6,3
66446,16,2,1,3,6,3,0,1,1,1,2,26,2,2,0.0,0.0,0.0,0.0,0.0,2.0,20,1,5
78780,4,7,4,17,8,3,6,1,1,1,2,24,2,2,0.0,0.0,0.0,0.0,0.0,6.0,19,4,6
47875,15,7,1,0,6,3,6,5,1,1,2,36,2,2,0.0,0.0,0.0,0.0,0.0,2.0,20,4,4
105618,16,2,3,17,2,3,0,1,0,1,2,18,2,2,0.0,0.0,0.0,0.0,0.0,3.0,15,6,8
161334,16,7,1,3,8,3,6,1,1,1,2,22,2,2,0.0,0.0,0.0,0.0,0.0,2.0,0,1,11
113556,16,2,3,10,8,3,0,1,1,1,0,19,2,2,0.0,0.0,0.0,0.0,0.0,3.0,11,6,8
10325,16,2,3,15,8,3,5,5,1,1,0,23,2,2,0.0,0.0,0.0,0.0,0.0,3.0,12,5,1
176614,15,2,1,17,8,3,0,1,0,1,2,26,2,3,1.0,0.0,0.0,1.0,0.0,1.0,4,1,12
69496,15,7,3,17,8,3,6,1,1,1,2,19,2,2,0.0,0.0,0.0,0.0,0.0,3.0,6,6,5
10276,15,2,3,0,8,3,0,5,1,1,2,24,2,2,0.0,0.0,0.0,0.0,0.0,2.0,15,5,1
148208,15,2,0,10,6,3,0,5,1,1,2,36,2,2,0.0,0.0,0.0,0.0,0.0,2.0,18,7,10
142376,16,2,3,0,10,3,0,1,0,1,2,36,2,4,2.0,0.0,0.0,0.0,2.0,0.0,16,4,10
60821,4,2,3,10,3,3,0,1,1,0,1,19,2,2,0.0,0.0,0.0,0.0,0.0,3.0,10,2,5
167576,16,10,3,2,6,3,4,6,0,1,1,39,1,3,1.0,0.0,0.0,1.0,0.0,0.0,11,5,11
113647,16,2,3,0,8,3,0,1,0,1,2,6,2,3,2.0,0.0,0.0,1.0,1.0,0.0,12,1,8
107674,15,2,3,17,10,3,0,1,1,1,2,19,2,2,0.0,0.0,0.0,0.0,0.0,2.0,18,4,8
173634,16,7,3,10,6,3,6,1,0,1,2,19,2,3,4.0,0.0,0.0,4.0,0.0,1.0,7,1,12
144,16,3,0,10,3,3,0,1,1,1,1,19,2,2,0.0,0.0,0.0,0.0,0.0,3.0,20,3,1
49586,16,10,3,15,8,3,6,1,1,1,1,17,2,2,0.0,0.0,0.0,0.0,0.0,2.0,8,6,4
97440,16,2,3,17,6,3,0,1,1,1,2,24,3,2,0.0,0.0,0.0,0.0,0.0,3.0,14,3,7
87964,4,2,1,8,8,3,0,1,0,1,1,18,2,3,1.0,0.0,0.0,1.0,0.0,1.0,22,2,7
53863,15,2,3,10,6,3,0,5,1,1,1,17,2,2,0.0,0.0,0.0,0.0,0.0,3.0,19,4,4
169096,16,2,3,0,8,3,0,1,1,1,1,18,2,2,0.0,0.0,0.0,0.0,0.0,2.0,11,1,11
41927,15,2,3,17,10,3,0,1,0,1,2,36,3,3,1.0,0.0,0.0,1.0,0.0,2.0,14,1,3
59829,15,11,5,2,15,3,5,1,1,1,2,36,1,2,0.0,0.0,0.0,0.0,0.0,1.0,20,1,5
7500,16,2,3,17,8,4,0,1,1,1,2,12,2,2,0.0,0.0,0.0,0.0,0.0,3.0,15,4,1
40326,16,2,1,17,5,3,6,1,1,1,2,28,2,2,0.0,0.0,0.0,0.0,0.0,3.0,22,6,3
50113,16,2,3,13,6,3,0,1,1,1,0,18,2,2,0.0,0.0,0.0,0.0,0.0,2.0,18,2,4
3887,16,10,1,17,8,3,4,1,1,1,1,24,2,2,0.0,0.0,0.0,0.0,0.0,2.0,17,2,1
35407,16,2,3,10,3,3,0,1,1,1,2,19,2,2,0.0,0.0,0.0,0.0,0.0,2.0,12,6,3
161886,16,7,0,17,11,3,6,6,1,1,1,39,2,2,0.0,0.0,0.0,0.0,0.0,2.0,17,1,11
150208,16,2,4,17,6,3,0,1,0,1,2,24,2,2,0.0,0.0,0.0,0.0,0.0,3.0,17,1,10
150940,15,2,3,0,8,3,6,1,1,1,2,5,2,2,0.0,0.0,0.0,0.0,0.0,3.0,10,7,10
173039,16,2,3,10,8,3,0,1,1,1,1,36,2,2,0.0,0.0,0.0,0.0,0.0,2.0,9,5,12
54396,16,2,3,10,8,3,0,5,0,1,2,36,3,2,0.0,0.0,0.0,0.0,0.0,3.0,16,5,4
175947,16,2,3,17,8,3,5,1,1,1,2,24,2,2,0.0,0.0,0.0,0.0,0.0,2.0,12,7,12
62656,15,3,3,0,8,3,0,1,1,1,2,18,2,2,0.0,0.0,0.0,0.0,0.0,2.0,16,2,5
183684,4,2,3,10,8,3,0,1,1,1,0,13,2,2,0.0,0.0,0.0,0.0,0.0,2.0,13,6,12
77072,17,11,5,0,17,3,5,5,1,1,0,36,2,2,0.0,0.0,0.0,0.0,0.0,2.0,10,2,6
32309,16,2,3,10,8,3,0,1,1,1,2,36,2,2,0.0,0.0,0.0,0.0,0.0,2.0,18,5,3
22200,16,2,3,15,8,3,0,1,1,0,2,22,2,2,0.0,0.0,0.0,0.0,0.0,3.0,16,7,2
98134,16,11,5,10,6,3,5,5,0,1,1,36,2,3,1.0,0.0,0.0,1.0,0.0,1.0,21,7,7
147635,16,2,1,17,6,3,0,1,1,1,2,18,2,2,0.0,0.0,0.0,0.0,0.0,3.0,20,6,10
81837,16,2,3,10,16,3,0,1,1,1,2,36,3,2,0.0,0.0,0.0,0.0,0.0,4.0,11,7,6
2211,15,10,1,17,6,3,4,1,0,1,2,18,2,2,0.0,0.0,0.0,0.0,0.0,3.0,16,4,1
94709,16,2,3,10,6,3,0,1,1,1,1,19,2,2,0.0,0.0,0.0,0.0,0.0,3.0,14,3,7
59102,15,2,3,0,6,3,0,1,0,1,2,18,2,2,0.0,0.0,0.0,0.0,0.0,3.0,16,3,5
116983,16,2,1,0,6,3,6,1,0,1,2,30,2,2,0.0,0.0,0.0,0.0,0.0,2.0,23,4,8
79800,16,2,1,10,8,3,0,5,1,1,2,12,2,2,0.0,0.0,0.0,0.0,0.0,2.0,0,5,6
54520,16,7,1,2,18,3,6,5,0,1,2,39,1,2,0.0,0.0,0.0,0.0,0.0,1.0,0,7,4
105563,15,2,1,0,15,3,0,1,0,1,2,18,2,2,0.0,0.0,0.0,0.0,0.0,2.0,21,7,8
11141,4,3,1,0,8,3,6,1,0,1,2,38,2,3,1.0,0.0,0.0,1.0,0.0,1.0,23,4,1
11588,16,7,1,17,8,3,6,1,0,1,2,18,2,2,0.0,0.0,0.0,0.0,0.0,3.0,1,6,1
1716,16,2,1,0,8,3,0,1,1,1,1,6,2,2,0.0,0.0,0.0,0.0,0.0,2.0,21,2,1
33537,16,2,1,3,2,3,0,1,1,0,2,23,2,2,0.0,0.0,0.0,0.0,0.0,2.0,21,5,3
166403,4,2,3,0,6,3,0,1,1,1,1,18,2,2,0.0,0.0,0.0,0.0,0.0,2.0,14,3,11
169146,15,2,3,0,10,3,0,5,1,1,2,18,2,2,0.0,0.0,0.0,0.0,0.0,3.0,13,7,11
2300,16,2,1,0,6,3,0,1,0,1,2,6,2,2,0.0,0.0,0.0,0.0,0.0,2.0,1,6,1
136597,16,3,3,10,2,3,0,1,1,1,2,8,3,2,0.0,0.0,0.0,0.0,0.0,7.0,14,7,9
7573,16,2,3,0,3,3,0,1,1,1,1,6,2,2,0.0,0.0,0.0,0.0,0.0,2.0,12,7,1
58292,15,7,1,0,6,3,6,1,0,1,2,5,2,2,0.0,0.0,0.0,0.0,0.0,4.0,20,5,5
126045,16,2,3,0,8,3,0,1,0,1,2,6,2,3,2.0,0.0,0.0,2.0,0.0,0.0,13,2,9
95121,4,2,3,9,2,3,0,1,0,1,0,14,2,4,1.0,0.0,0.0,0.0,1.0,4.0,17,2,7
2706,16,2,1,10,8,3,0,5,0,1,2,19,2,2,0.0,0.0,0.0,0.0,0.0,2.0,18,5,1
29508,16,2,1,0,2,3,6,1,0,1,2,6,3,2,0.0,0.0,0.0,0.0,0.0,8.0,21,6,3
117942,15,2,3,8,6,3,0,1,0,1,0,38,2,3,1.0,0.0,0.0,1.0,0.0,2.0,9,5,8
12886,16,2,3,15,6,3,0,1,1,1,2,36,2,2,0.0,0.0,0.0,0.0,0.0,2.0,8,6,1
126328,16,2,3,8,19,3,0,1,0,1,1,18,2,3,1.0,0.0,0.0,1.0,0.0,2.0,16,7,9
14337,16,3,2,9,8,3,0,1,0,1,0,18,2,4,1.0,0.0,0.0,0.0,1.0,1.0,6,5,1
37400,16,5,1,17,8,3,0,1,1,1,2,36,2,2,0.0,0.0,0.0,0.0,0.0,3.0,2,1,3
60313,16,2,3,17,6,3,0,1,0,1,2,18,3,3,1.0,0.0,0.0,1.0,0.0,3.0,13,2,5
29290,16,2,3,10,8,3,0,1,1,1,0,17,2,2,0.0,0.0,0.0,0.0,0.0,2.0,14,3,3
78,16,2,1,10,8,3,0,1,1,1,2,36,2,2,0.0,0.0,0.0,0.0,0.0,2.0,19,2,1
105190,15,2,3,0,3,3,0,1,0,1,2,18,2,4,1.0,0.0,0.0,0.0,1.0,1.0,11,6,8
82034,4,2,3,0,0,3,0,1,0,1,2,18,2,3,1.0,0.0,0.0,1.0,0.0,2.0,11,4,6
92452,16,2,3,17,8,2,0,1,0,1,2,36,2,2,0.0,0.0,0.0,0.0,0.0,3.0,12,2,7
27223,16,2,3,17,1,3,0,1,1,1,0,24,2,2,0.0,0.0,0.0,0.0,0.0,2.0,14,3,2
155106,4,2,3,15,8,3,5,5,1,1,2,12,2,2,0.0,0.0,0.0,0.0,0.0,2.0,7,2,10
59633,16,7,2,10,8,3,6,1,1,1,1,36,2,2,0.0,0.0,0.0,0.0,0.0,2.0,6,4,5
181103,16,11,1,17,8,3,5,5,1,1,2,36,2,2,0.0,0.0,0.0,0.0,0.0,2.0,18,6,12
100469,4,2,3,17,8,3,0,1,1,1,2,23,2,2,0.0,0.0,0.0,0.0,0.0,3.0,12,7,7
35921,16,2,1,10,8,3,0,1,1,1,2,37,2,2,0.0,0.0,0.0,0.0,0.0,3.0,2,1,3
125583,16,2,3,10,8,3,0,1,1,1,0,19,2,2,0.0,0.0,0.0,0.0,0.0,3.0,8,2,9
85371,16,7,1,10,8,3,6,1,0,1,2,36,2,2,0.0,0.0,0.0,0.0,0.0,2.0,23,4,6
32722,4,3,3,10,8,3,0,1,0,0,0,19,2,2,0.0,0.0,0.0,0.0,0.0,7.0,16,5,3
95045,16,2,1,15,8,3,0,1,1,1,2,36,2,2,0.0,0.0,0.0,0.0,0.0,2.0,23,7,7
4663,4,2,3,17,8,3,0,1,0,1,2,24,2,4,2.0,0.0,0.0,0.0,2.0,1.0,12,1,1
125381,15,2,3,0,6,3,0,5,1,1,2,18,2,2,0.0,0.0,0.0,0.0,0.0,4.0,12,7,9
120732,16,7,3,0,8,3,6,1,0,1,2,6,2,3,1.0,0.0,0.0,1.0,0.0,2.0,17,3,9
132292,4,7,3,15,8,3,6,1,1,1,2,36,2,2,0.0,0.0,0.0,0.0,0.0,5.0,15,5,9
20477,15,2,1,0,2,3,0,1,0,1,2,36,2,2,0.0,0.0,0.0,0.0,0.0,3.0,4,1,2
155876,15,2,3,17,3,3,0,1,0,1,2,18,2,3,1.0,0.0,0.0,1.0,0.0,3.0,16,6,11
60743,16,7,3,0,8,3,6,1,0,1,2,6,2,3,1.0,0.0,0.0,1.0,0.0,2.0,16,1,5
81216,4,2,4,10,8,3,0,1,1,1,0,19,2,2,0.0,0.0,0.0,0.0,0.0,2.0,19,6,6
41148,16,2,3,17,2,3,0,1,0,1,2,18,2,2,0.0,0.0,0.0,0.0,0.0,3.0,12,1,3
41169,16,11,5,10,8,3,5,5,1,1,1,19,2,2,0.0,0.0,0.0,0.0,0.0,2.0,17,2,3
80753,15,2,3,14,6,3,0,1,1,1,2,5,3,2,0.0,0.0,0.0,0.0,0.0,2.0,8,6,6
104749,4,2,3,10,6,3,0,1,1,1,2,26,2,2,0.0,0.0,0.0,0.0,0.0,2.0,13,1,8
111956,15,7,3,0,2,3,6,1,0,1,1,18,2,2,0.0,0.0,0.0,0.0,0.0,2.0,17,4,8
43861,16,2,3,17,1,3,0,1,0,1,2,18,2,1,1.0,0.0,1.0,0.0,0.0,1.0,15,1,4
187416,15,7,1,9,6,3,6,5,0,1,0,18,2,3,1.0,0.0,0.0,1.0,0.0,1.0,17,5,12
25848,16,2,1,15,8,3,0,1,1,1,1,36,2,2,0.0,0.0,0.0,0.0,0.0,2.0,17,1,2
58146,16,7,3,10,8,3,6,1,1,1,1,36,2,2,0.0,0.0,0.0,0.0,0.0,2.0,7,3,5
47409,16,2,1,0,8,3,0,5,0,1,2,6,2,2,0.0,0.0,0.0,0.0,0.0,3.0,20,3,4
136503,16,2,3,10,8,3,0,1,0,1,2,19,2,4,2.0,0.0,0.0,0.0,2.0,1.0,7,5,9
56226,16,2,3,17,6,3,0,1,0,1,2,18,2,2,0.0,0.0,0.0,0.0,0.0,2.0,10,6,5
16290,16,2,1,0,6,3,0,1,0,1,2,37,2,4,3.0,0.0,0.0,0.0,3.0,0.0,3,6,2
103307,16,2,3,0,6,3,0,5,0,1,2,6,2,4,1.0,0.0,0.0,0.0,1.0,4.0,17,1,7
139295,16,2,3,17,6,3,0,1,1,1,2,24,2,2,0.0,0.0,0.0,0.0,0.0,2.0,8,5,10
97351,16,3,3,15,10,3,6,1,1,1,1,18,2,2,0.0,0.0,0.0,0.0,0.0,3.0,10,1,7
12457,16,2,3,17,3,3,0,1,1,1,1,22,2,2,0.0,0.0,0.0,0.0,0.0,2.0,11,6,1
61695,16,2,3,17,3,3,0,1,1,1,1,18,2,2,0.0,0.0,0.0,0.0,0.0,2.0,15,1,5
173221,16,2,1,17,8,3,0,1,1,1,1,24,2,2,0.0,0.0,0.0,0.0,0.0,2.0,19,5,12
14490,15,2,3,0,6,3,0,1,1,1,2,18,2,2,0.0,0.0,0.0,0.0,0.0,2.0,15,2,1
147358,4,2,3,17,2,3,0,1,0,1,2,18,2,4,2.0,0.0,0.0,0.0,2.0,0.0,13,5,10
160986,4,2,1,0,6,3,0,1,0,1,1,6,2,2,0.0,0.0,0.0,0.0,0.0,3.0,1,1,11
5222,16,2,1,0,1,3,6,1,0,1,2,39,3,3,1.0,0.0,0.0,1.0,0.0,1.0,22,3,1
76988,17,2,4,17,6,3,0,5,0,1,2,36,2,3,1.0,0.0,0.0,1.0,0.0,2.0,19,7,6
169887,16,2,1,17,2,3,0,1,1,1,2,36,2,2,0.0,0.0,0.0,0.0,0.0,2.0,1,6,11
154352,15,2,3,0,10,3,0,5,0,1,2,18,5,2,0.0,0.0,0.0,0.0,0.0,3.0,8,1,10
185608,16,4,4,17,1,3,6,1,1,1,2,18,2,2,0.0,0.0,0.0,0.0,0.0,2.0,16,1,12
99214,16,2,3,17,2,3,0,1,1,1,2,18,2,2,0.0,0.0,0.0,0.0,0.0,3.0,13,7,7
9498,16,10,3,9,8,3,4,1,0,1,0,38,2,3,1.0,0.0,0.0,1.0,0.0,1.0,13,6,1
48378,16,2,3,17,2,3,0,1,0,1,2,18,3,2,0.0,0.0,0.0,0.0,0.0,3.0,13,6,4
113123,16,2,3,17,8,3,0,1,1,1,2,36,2,2,0.0,0.0,0.0,0.0,0.0,2.0,18,7,8
149352,15,7,3,10,6,4,6,1,1,1,2,19,2,2,0.0,0.0,0.0,0.0,0.0,2.0,10,2,10
136232,4,2,3,15,6,3,0,1,0,1,2,36,2,3,1.0,0.0,0.0,1.0,0.0,2.0,17,3,9