crash_date,               traffic_control_device,weather_condition,lighting_condition,first_crash_type,trafficway_type,alignment,roadway_surface_cond,road_defect,crash_type,intersection_related_i,damage,prim_contributory_cause,num_units,most_severe_injury,injuries_total,injuries_fatal,injuries_incapacitating,injuries_non_incapacitating,injuries_reported_not_evident,injuries_no_indication,crash_hour,crash_day_of_week,crash_month
180931,15,6,3,0,6,3,6,1,0,1,2,18,2,3,2.0,0.0,0.0,1.0,1.0,3.0,7,2,12
183521,16,2,0,9,15,3,5,5,0,1,2,36,2,3,1.0,0.0,0.0,1.0,0.0,3.0,16,6,12
56107,16,2,3,10,2,3,0,1,1,1,1,16,3,2,0.0,0.0,0.0,0.0,0.0,3.0,11,3,5
69276,16,2,3,0,2,3,0,1,1,1,2,30,2,2,0.0,0.0,0.0,0.0,0.0,2.0,12,1,5
31856,16,7,1,9,6,3,6,1,0,1,0,36,2,3,1.0,0.0,0.0,1.0,0.0,1.0,19,6,3
139073,16,2,1,10,6,3,0,5,0,1,2,26,2,2,0.0,0.0,0.0,0.0,0.0,2.0,0,7,10
188506,15,11,1,0,6,3,5,5,0,1,2,26,2,3,1.0,0.0,0.0,1.0,0.0,2.0,17,2,12
55081,4,2,1,15,10,3,0,1,0,1,2,24,2,2,0.0,0.0,0.0,0.0,0.0,5.0,3,1,4
62636,3,2,3,15,2,3,0,1,0,1,2,8,2,1,1.0,0.0,1.0,0.0,0.0,6.0,12,1,5
77712,16,2,1,0,10,3,0,1,0,1,2,36,2,4,1.0,0.0,0.0,0.0,1.0,6.0,22,3,6
137015,16,2,1,0,6,3,0,1,0,1,2,6,3,2,0.0,0.0,0.0,0.0,0.0,6.0,21,1,9
74338,4,2,3,10,6,3,0,1,1,1,2,36,2,2,0.0,0.0,0.0,0.0,0.0,2.0,14,4,6
3913,6,2,3,0,2,3,0,1,0,1,2,36,3,2,0.0,0.0,0.0,0.0,0.0,4.0,14,3,1
122975,4,2,1,17,8,3,0,5,0,0,2,18,2,3,2.0,0.0,0.0,2.0,0.0,2.0,1,7,9
140115,15,2,3,13,6,3,0,1,1,1,2,36,2,2,0.0,0.0,0.0,0.0,0.0,3.0,15,2,10
8317,16,10,1,10,6,3,4,5,1,1,2,35,3,2,0.0,0.0,0.0,0.0,0.0,4.0,22,6,1
22416,16,5,1,10,8,3,4,1,1,1,2,19,2,2,0.0,0.0,0.0,0.0,0.0,3.0,18,5,2
23315,16,2,1,17,8,3,6,1,0,1,2,36,2,3,3.0,0.0,0.0,3.0,0.0,1.0,18,6,2
38657,16,7,3,10,6,3,6,1,1,1,2,36,2,2,0.0,0.0,0.0,0.0,0.0,2.0,16,3,3
99382,16,2,3,0,2,3,0,5,1,1,2,36,2,2,0.0,0.0,0.0,0.0,0.0,3.0,10,3,7
155021,16,2,1,17,8,3,0,1,0,1,1,18,2,3,1.0,0.0,0.0,1.0,0.0,1.0,18,4,10
87905,15,2,3,0,15,3,0,2,0,1,2,18,2,2,0.0,0.0,0.0,0.0,0.0,3.0,14,2,7
161891,15,2,1,10,2,3,6,1,1,1,2,19,2,2,0.0,0.0,0.0,0.0,0.0,2.0,18,1,11
183251,15,2,3,0,6,3,6,1,0,1,2,18,2,1,1.0,0.0,1.0,0.0,0.0,1.0,8,6,12
34543,16,2,1,0,11,3,0,1,0,1,2,36,2,2,0.0,0.0,0.0,0.0,0.0,2.0,21,7,3
96443,15,2,3,10,6,3,0,1,1,1,1,36,2,2,0.0,0.0,0.0,0.0,0.0,2.0,14,2,7
55391,15,2,3,0,15,3,0,1,0,1,2,17,2,2,0.0,0.0,0.0,0.0,0.0,2.0,15,7,4
92396,15,2,3,17,18,3,0,5,1,1,2,19,2,2,0.0,0.0,0.0,0.0,0.0,3.0,9,3,7
139719,4,2,3,3,6,3,0,5,0,1,0,22,2,3,1.0,0.0,0.0,1.0,0.0,1.0,14,4,10
63618,15,2,3,0,11,3,0,1,0,1,2,18,2,1,4.0,0.0,1.0,3.0,0.0,0.0,9,3,5
169986,15,2,1,0,6,3,0,1,0,1,2,36,2,2,0.0,0.0,0.0,0.0,0.0,2.0,23,7,11
110073,15,2,4,11,1,3,0,1,1,1,2,21,2,2,0.0,0.0,0.0,0.0,0.0,5.0,20,4,8
174196,16,2,1,17,18,3,0,5,0,1,2,24,2,2,0.0,0.0,0.0,0.0,0.0,3.0,20,2,12
77235,11,2,3,17,15,3,0,1,1,1,2,18,2,2,0.0,0.0,0.0,0.0,0.0,2.0,18,3,6
149724,16,2,3,17,10,3,0,1,1,1,1,24,2,2,0.0,0.0,0.0,0.0,0.0,2.0,18,5,10
76863,15,2,3,0,6,3,0,1,1,1,2,18,2,2,0.0,0.0,0.0,0.0,0.0,2.0,8,5,6
44566,16,2,3,0,2,3,0,1,0,1,2,17,2,2,0.0,0.0,0.0,0.0,0.0,2.0,19,6,4
142149,15,2,1,0,2,3,0,1,0,1,2,18,2,2,0.0,0.0,0.0,0.0,0.0,2.0,20,3,10
127336,15,2,3,0,6,3,0,1,1,1,2,18,2,2,0.0,0.0,0.0,0.0,0.0,2.0,13,6,9
16903,16,10,1,9,2,3,6,1,0,1,2,26,2,3,1.0,0.0,0.0,1.0,0.0,1.0,6,2,2
179543,16,2,3,10,8,3,1,1,1,1,1,39,2,2,0.0,0.0,0.0,0.0,0.0,2.0,8,5,12
113968,16,2,3,0,6,3,0,1,0,1,2,6,3,4,2.0,0.0,0.0,0.0,2.0,4.0,12,7,8
150324,15,2,1,17,8,3,5,1,1,1,1,18,2,2,0.0,0.0,0.0,0.0,0.0,4.0,22,6,10
16879,16,2,3,15,8,3,0,1,1,1,1,36,2,2,0.0,0.0,0.0,0.0,0.0,2.0,15,2,2
27880,15,2,3,0,6,3,0,1,0,1,2,5,2,4,2.0,0.0,0.0,0.0,2.0,3.0,15,1,2
105673,4,11,3,10,8,3,5,5,1,1,2,19,2,2,0.0,0.0,0.0,0.0,0.0,4.0,14,7,8
139822,4,2,4,15,10,3,0,1,1,1,0,23,2,2,0.0,0.0,0.0,0.0,0.0,3.0,19,6,10
36625,4,2,3,17,8,3,0,1,0,0,2,24,2,2,0.0,0.0,0.0,0.0,0.0,3.0,12,7,3
183489,16,2,3,15,8,3,0,1,0,1,2,22,3,2,0.0,0.0,0.0,0.0,0.0,3.0,10,4,12
86769,15,2,3,0,8,3,0,1,0,1,2,18,2,2,0.0,0.0,0.0,0.0,0.0,2.0,13,6,6
141023,15,2,3,15,2,3,0,1,1,1,1,36,2,2,0.0,0.0,0.0,0.0,0.0,2.0,13,6,10
68543,15,2,3,17,8,3,0,1,1,1,2,24,2,2,0.0,0.0,0.0,0.0,0.0,2.0,12,5,5
27905,15,5,3,0,8,3,6,1,0,1,1,26,3,1,1.0,0.0,1.0,0.0,0.0,3.0,12,1,2
18775,16,2,1,9,8,3,0,1,0,1,0,18,2,4,1.0,0.0,0.0,0.0,1.0,1.0,18,5,2
53616,16,2,3,0,18,3,0,1,1,1,2,12,2,2,0.0,0.0,0.0,0.0,0.0,2.0,19,6,4
73902,15,11,0,10,8,3,5,1,1,1,1,36,2,2,0.0,0.0,0.0,0.0,0.0,2.0,21,2,6
36660,16,2,2,0,6,3,0,1,1,1,2,6,2,2,0.0,0.0,0.0,0.0,0.0,2.0,6,2,3
13930,16,2,2,17,3,3,0,1,1,1,1,24,2,2,0.0,0.0,0.0,0.0,0.0,2.0,20,4,1
38659,16,7,3,0,2,3,6,5,0,1,2,6,2,1,1.0,0.0,1.0,0.0,0.0,1.0,16,3,3
147306,16,2,3,17,8,3,0,1,1,1,2,18,2,2,0.0,0.0,0.0,0.0,0.0,2.0,17,3,10
112273,16,2,3,10,8,3,0,1,1,1,1,19,2,2,0.0,0.0,0.0,0.0,0.0,2.0,17,3,8
37512,4,2,3,9,3,3,0,1,0,1,0,36,2,1,1.0,0.0,1.0,0.0,0.0,1.0,14,4,3
27572,15,2,3,0,6,3,0,5,0,1,2,5,2,2,0.0,0.0,0.0,0.0,0.0,2.0,16,3,2
22372,15,7,1,0,6,3,6,1,1,1,2,36,2,2,0.0,0.0,0.0,0.0,0.0,2.0,20,4,2
1900,15,2,0,13,15,3,0,1,1,1,2,23,2,2,0.0,0.0,0.0,0.0,0.0,2.0,16,7,1
71674,16,2,3,17,8,3,5,5,1,1,1,23,2,2,0.0,0.0,0.0,0.0,0.0,2.0,12,4,5
107025,15,2,3,10,8,3,0,1,1,0,2,36,2,2,0.0,0.0,0.0,0.0,0.0,3.0,8,7,8
107843,15,2,3,0,2,3,0,1,0,1,2,5,2,2,0.0,0.0,0.0,0.0,0.0,2.0,15,5,8
57087,16,2,3,0,6,3,0,1,0,1,2,6,2,2,0.0,0.0,0.0,0.0,0.0,2.0,14,6,5
117684,15,2,4,17,6,3,0,5,1,1,2,36,2,2,0.0,0.0,0.0,0.0,0.0,2.0,19,2,8
92268,16,2,1,0,6,3,5,5,0,1,2,6,2,3,2.0,0.0,0.0,2.0,0.0,1.0,21,7,7
44001,16,2,3,15,6,3,0,1,1,1,1,23,2,2,0.0,0.0,0.0,0.0,0.0,2.0,19,3,4
179663,16,2,1,0,16,3,0,1,0,1,2,6,2,4,2.0,0.0,0.0,0.0,2.0,1.0,1,7,12
176522,16,2,3,17,2,3,0,1,1,1,2,6,2,2,0.0,0.0,0.0,0.0,0.0,4.0,12,6,12
21581,16,2,1,17,8,3,0,1,1,1,2,22,2,2,0.0,0.0,0.0,0.0,0.0,2.0,18,4,2
57373,4,2,3,17,15,3,0,5,1,1,2,36,2,2,0.0,0.0,0.0,0.0,0.0,2.0,8,4,5
181174,16,7,4,15,10,3,6,1,1,1,2,36,2,2,0.0,0.0,0.0,0.0,0.0,2.0,16,7,12
104438,4,2,3,17,18,3,0,5,0,1,2,18,2,2,0.0,0.0,0.0,0.0,0.0,2.0,12,3,8
158407,16,7,1,10,19,3,6,1,1,1,2,39,2,2,0.0,0.0,0.0,0.0,0.0,4.0,1,7,11
115508,4,2,3,17,8,3,0,1,0,1,2,18,2,2,0.0,0.0,0.0,0.0,0.0,2.0,7,3,8
69031,16,2,1,10,2,3,0,5,1,1,0,36,2,2,0.0,0.0,0.0,0.0,0.0,3.0,2,6,5
123239,16,2,1,17,8,3,0,1,1,1,2,36,2,2,0.0,0.0,0.0,0.0,0.0,3.0,5,5,9
157662,15,2,0,0,6,3,0,1,0,1,2,5,2,2,0.0,0.0,0.0,0.0,0.0,4.0,2,4,11
88311,16,2,3,10,3,3,0,1,1,1,0,36,2,2,0.0,0.0,0.0,0.0,0.0,2.0,12,1,7
144996,16,2,2,17,10,3,0,1,1,1,2,36,3,2,0.0,0.0,0.0,0.0,0.0,3.0,17,5,10
157072,15,2,3,7,6,3,0,5,0,1,2,5,2,3,1.0,0.0,0.0,1.0,0.0,0.0,9,1,11
181213,16,7,3,17,6,3,6,1,1,1,2,18,2,2,0.0,0.0,0.0,0.0,0.0,2.0,11,7,12
171778,16,7,1,2,8,5,6,1,0,1,2,39,1,2,0.0,0.0,0.0,0.0,0.0,2.0,4,7,11
153281,16,2,1,17,6,3,0,1,0,1,2,17,4,4,1.0,0.0,0.0,0.0,1.0,4.0,1,1,10
72301,16,2,3,17,2,3,0,1,1,1,0,18,2,2,0.0,0.0,0.0,0.0,0.0,4.0,14,5,6
156084,15,2,3,2,6,3,0,5,0,1,2,36,1,2,0.0,0.0,0.0,0.0,0.0,4.0,18,3,11
96080,16,2,1,10,8,3,0,1,1,1,1,19,3,2,0.0,0.0,0.0,0.0,0.0,3.0,22,2,7
188115,16,10,1,10,2,3,6,1,1,1,1,19,2,2,0.0,0.0,0.0,0.0,0.0,2.0,6,7,12
10343,4,2,3,17,2,3,0,1,0,1,0,18,2,2,0.0,0.0,0.0,0.0,0.0,2.0,16,6,1
171589,16,2,3,15,3,3,0,5,1,1,2,36,2,2,0.0,0.0,0.0,0.0,0.0,2.0,13,4,11
107817,15,2,1,10,8,3,0,1,1,1,1,19,2,2,0.0,0.0,0.0,0.0,0.0,2.0,22,4,8
84262,16,2,3,17,8,3,0,1,1,1,1,18,2,2,0.0,0.0,0.0,0.0,0.0,2.0,19,1,6
100004,16,2,4,10,6,3,0,1,1,1,0,19,2,2,0.0,0.0,0.0,0.0,0.0,2.0,20,7,7
93206,16,7,3,0,18,3,6,1,0,1,2,36,2,2,0.0,0.0,0.0,0.0,0.0,2.0,13,1,7
81862,4,2,3,15,2,3,0,1,1,1,1,18,2,2,0.0,0.0,0.0,0.0,0.0,2.0,13,1,6
115150,15,2,3,0,8,3,0,1,0,1,2,5,2,2,0.0,0.0,0.0,0.0,0.0,3.0,14,4,8
113762,15,2,3,17,8,3,0,1,1,1,1,38,4,2,0.0,0.0,0.0,0.0,0.0,2.0,12,4,8
172045,16,2,1,0,6,3,0,1,1,1,2,36,2,2,0.0,0.0,0.0,0.0,0.0,2.0,20,5,11
41368,16,7,1,15,1,3,6,1,1,1,2,28,2,2,0.0,0.0,0.0,0.0,0.0,4.0,15,4,3
137595,4,2,3,3,0,3,0,1,1,1,1,17,2,2,0.0,0.0,0.0,0.0,0.0,2.0,16,5,10
97841,4,2,1,17,2,3,0,1,0,1,2,13,3,2,0.0,0.0,0.0,0.0,0.0,4.0,0,7,7
161341,16,2,3,10,8,3,0,1,1,1,2,19,2,2,0.0,0.0,0.0,0.0,0.0,2.0,16,4,11
73871,4,2,3,17,8,3,0,1,1,1,1,24,2,2,0.0,0.0,0.0,0.0,0.0,2.0,19,1,6
54667,15,2,3,17,8,3,0,1,0,1,2,18,3,3,4.0,0.0,0.0,3.0,1.0,4.0,14,1,4
98228,16,2,3,0,2,3,0,1,1,1,2,36,2,2,0.0,0.0,0.0,0.0,0.0,2.0,12,6,7
28294,15,2,3,0,8,3,6,1,0,1,2,5,2,4,1.0,0.0,0.0,0.0,1.0,1.0,13,5,3
55099,16,2,3,0,2,3,0,1,0,1,2,36,2,2,0.0,0.0,0.0,0.0,0.0,2.0,19,1,4
178219,17,2,4,17,6,3,0,1,1,1,2,24,2,2,0.0,0.0,0.0,0.0,0.0,2.0,16,4,12
163741,4,10,3,17,8,3,4,1,0,1,2,18,2,2,0.0,0.0,0.0,0.0,0.0,2.0,10,5,11
120483,16,2,3,17,8,3,0,1,1,1,2,12,2,2,0.0,0.0,0.0,0.0,0.0,2.0,8,3,9
111182,16,2,3,0,8,3,0,1,0,1,2,6,2,3,2.0,0.0,0.0,2.0,0.0,0.0,6,7,8
134278,15,2,0,0,8,3,6,1,1,1,2,26,2,2,0.0,0.0,0.0,0.0,0.0,3.0,20,3,9
7823,16,10,2,0,6,3,4,1,0,1,2,39,3,2,0.0,0.0,0.0,0.0,0.0,3.0,5,7,1
85039,17,7,1,10,8,3,6,5,1,0,1,36,2,2,0.0,0.0,0.0,0.0,0.0,5.0,21,7,6
146561,15,2,1,7,8,3,0,1,1,0,2,36,2,2,0.0,0.0,0.0,0.0,0.0,1.0,22,4,10
19471,16,2,3,10,6,3,0,1,1,1,0,19,2,2,0.0,0.0,0.0,0.0,0.0,2.0,13,5,2
89971,16,2,3,13,2,4,0,5,1,1,2,19,2,2,0.0,0.0,0.0,0.0,0.0,6.0,16,6,7
67157,16,2,3,0,8,3,0,1,0,1,2,36,2,2,0.0,0.0,0.0,0.0,0.0,10.0,7,4,5
89632,15,2,3,8,6,3,0,1,0,1,0,36,2,3,1.0,0.0,0.0,1.0,0.0,2.0,19,1,7
76515,16,2,3,17,8,3,0,1,1,1,2,12,2,2,0.0,0.0,0.0,0.0,0.0,2.0,10,1,6
93576,16,2,3,17,2,3,0,1,0,1,2,24,2,4,2.0,0.0,0.0,0.0,2.0,2.0,14,6,7
73103,16,2,4,0,18,3,0,1,0,1,1,6,2,4,1.0,0.0,0.0,0.0,1.0,2.0,19,5,6
124422,17,2,3,15,2,3,0,5,1,1,2,36,2,2,0.0,0.0,0.0,0.0,0.0,2.0,17,6,9
48206,16,10,3,4,10,3,6,1,0,1,2,36,1,4,1.0,0.0,0.0,0.0,1.0,1.0,7,1,4
89200,16,11,5,10,8,3,5,5,1,1,2,36,2,2,0.0,0.0,0.0,0.0,0.0,2.0,0,1,7
176484,16,2,1,17,8,3,0,1,1,1,2,18,2,2,0.0,0.0,0.0,0.0,0.0,2.0,19,4,12
150622,16,2,1,8,8,3,0,1,0,1,2,36,2,3,1.0,0.0,0.0,1.0,0.0,1.0,20,6,10
24840,15,2,3,10,11,3,0,1,1,1,0,19,2,2,0.0,0.0,0.0,0.0,0.0,8.0,8,4,2
144091,15,2,3,17,8,3,0,1,0,1,2,6,2,2,0.0,0.0,0.0,0.0,0.0,2.0,9,5,10
76491,15,2,3,10,10,3,0,5,1,1,2,18,2,2,0.0,0.0,0.0,0.0,0.0,2.0,6,1,6
112340,4,2,3,17,15,3,0,1,0,1,2,23,3,3,1.0,0.0,0.0,1.0,0.0,3.0,17,4,8
127033,16,2,3,17,6,3,0,1,1,1,2,6,2,2,0.0,0.0,0.0,0.0,0.0,2.0,15,3,9
32377,15,2,3,0,3,3,0,1,0,1,1,18,2,3,2.0,0.0,0.0,1.0,1.0,0.0,14,7,3
14910,16,2,3,10,10,3,0,1,0,1,2,19,2,3,1.0,0.0,0.0,1.0,0.0,1.0,16,2,1
13169,15,10,1,17,15,3,4,1,1,1,2,18,2,2,0.0,0.0,0.0,0.0,0.0,2.0,19,5,1
106038,4,2,3,17,8,3,0,1,0,1,2,18,3,2,0.0,0.0,0.0,0.0,0.0,3.0,19,6,8
12746,15,2,3,17,6,3,0,1,1,1,1,18,2,2,0.0,0.0,0.0,0.0,0.0,2.0,15,5,1
57780,16,2,3,17,8,3,6,1,0,1,2,36,2,3,2.0,0.0,0.0,2.0,0.0,2.0,12,4,5
80060,16,3,3,0,8,3,0,1,1,1,2,6,2,2,0.0,0.0,0.0,0.0,0.0,4.0,11,1,6
24005,17,7,3,10,10,3,6,1,0,1,2,19,3,2,0.0,0.0,0.0,0.0,0.0,2.0,15,3,2
159377,16,2,3,15,2,3,0,1,1,1,2,23,2,2,0.0,0.0,0.0,0.0,0.0,2.0,10,5,11
65367,15,11,3,0,6,3,5,5,1,1,2,36,2,2,0.0,0.0,0.0,0.0,0.0,2.0,14,5,5
180786,16,2,1,17,2,3,0,1,0,1,2,18,2,3,2.0,0.0,0.0,2.0,0.0,1.0,19,7,12
38427,16,2,1,10,3,3,0,1,0,1,2,36,2,3,1.0,0.0,0.0,1.0,0.0,3.0,22,6,3
147951,16,2,3,15,8,3,0,2,1,1,2,28,2,2,0.0,0.0,0.0,0.0,0.0,5.0,17,6,10
92632,4,2,3,8,3,3,0,1,0,1,2,36,2,1,1.0,0.0,1.0,0.0,0.0,2.0,19,6,7
155208,15,2,3,0,8,3,0,1,1,1,1,36,2,2,0.0,0.0,0.0,0.0,0.0,2.0,6,4,10
104363,15,2,1,17,6,3,0,1,1,1,1,18,2,2,0.0,0.0,0.0,0.0,0.0,2.0,22,2,8
121499,16,2,3,17,10,3,0,1,1,1,1,24,2,2,0.0,0.0,0.0,0.0,0.0,2.0,13,7,9
45984,16,2,3,0,8,3,0,1,1,1,2,36,2,2,0.0,0.0,0.0,0.0,0.0,2.0,11,3,4
182160,16,2,1,0,6,3,0,1,0,1,2,6,2,1,2.0,0.0,2.0,0.0,0.0,0.0,21,6,12
176190,16,2,3,15,8,3,0,1,1,1,2,12,2,2,0.0,0.0,0.0,0.0,0.0,2.0,15,3,12
125101,4,2,3,15,8,3,0,1,1,1,1,23,2,2,0.0,0.0,0.0,0.0,0.0,3.0,19,2,9
184496,16,10,5,10,18,3,4,5,1,1,1,36,2,2,0.0,0.0,0.0,0.0,0.0,2.0,13,5,12
10834,16,2,1,2,8,3,0,1,0,1,2,36,1,2,0.0,0.0,0.0,0.0,0.0,1.0,4,7,1
14229,16,2,0,10,2,3,0,1,1,1,1,17,2,2,0.0,0.0,0.0,0.0,0.0,2.0,18,3,1
149070,16,2,3,15,6,3,0,1,1,0,1,28,2,2,0.0,0.0,0.0,0.0,0.0,3.0,10,6,10
22124,16,2,3,17,8,3,0,1,1,1,2,36,3,2,0.0,0.0,0.0,0.0,0.0,3.0,15,6,2
33477,16,2,3,17,8,3,0,1,1,1,2,24,2,2,0.0,0.0,0.0,0.0,0.0,2.0,8,3,3
2748,16,2,3,17,10,3,0,1,1,1,2,24,2,2,0.0,0.0,0.0,0.0,0.0,3.0,14,6,1
5893,16,10,3,10,15,3,6,1,0,1,2,39,2,3,1.0,0.0,0.0,1.0,0.0,1.0,7,6,1
105624,16,2,3,10,2,3,0,1,1,1,2,19,2,2,0.0,0.0,0.0,0.0,0.0,5.0,16,6,8
44156,4,3,3,7,8,1,6,1,1,1,0,36,2,2,0.0,0.0,0.0,0.0,0.0,1.0,16,5,4
187670,16,10,1,0,8,3,6,1,1,1,2,6,3,2,0.0,0.0,0.0,0.0,0.0,6.0,22,7,12
178427,16,2,3,2,11,3,6,1,0,1,2,26,1,2,0.0,0.0,0.0,0.0,0.0,1.0,9,4,12
67717,16,2,3,0,8,3,0,1,0,1,2,18,2,2,0.0,0.0,0.0,0.0,0.0,6.0,12,5,5
187204,16,2,1,4,8,3,0,1,0,1,2,13,1,2,0.0,0.0,0.0,0.0,0.0,1.0,20,7,12
68222,16,2,3,15,2,3,0,1,1,1,1,22,2,2,0.0,0.0,0.0,0.0,0.0,2.0,8,6,5
80879,4,2,3,0,18,2,0,1,1,1,2,36,2,2,0.0,0.0,0.0,0.0,0.0,2.0,16,2,6
79378,16,2,3,10,8,3,0,1,1,1,1,36,2,2,0.0,0.0,0.0,0.0,0.0,2.0,13,6,6
125776,16,2,3,8,8,3,0,1,1,1,2,36,2,2,0.0,0.0,0.0,0.0,0.0,2.0,7,6,9
22578,16,2,3,17,2,3,0,1,1,1,2,18,2,2,0.0,0.0,0.0,0.0,0.0,3.0,10,6,2
181043,4,2,3,9,2,3,0,1,0,1,2,17,2,4,1.0,0.0,0.0,0.0,1.0,1.0,8,5,12
124693,4,2,3,10,6,3,0,1,0,1,2,36,2,2,0.0,0.0,0.0,0.0,0.0,2.0,8,4,9
21067,4,10,3,10,2,3,4,1,1,1,2,19,2,2,0.0,0.0,0.0,0.0,0.0,2.0,15,1,2
183597,16,2,1,7,3,3,6,5,0,1,2,36,2,2,0.0,0.0,0.0,0.0,0.0,1.0,22,2,12
100065,16,2,3,10,1,3,0,5,0,1,2,19,2,3,1.0,0.0,0.0,1.0,0.0,1.0,17,1,7
40591,15,2,3,10,8,3,0,1,1,1,1,19,2,2,0.0,0.0,0.0,0.0,0.0,5.0,15,3,3
181331,16,2,5,17,8,3,0,5,0,1,2,18,2,3,1.0,0.0,0.0,1.0,0.0,1.0,16,1,12
174171,16,2,4,9,8,3,0,1,0,1,0,36,2,4,1.0,0.0,0.0,0.0,1.0,1.0,16,2,12
6164,16,2,1,7,8,3,6,5,0,1,2,36,4,1,1.0,0.0,1.0,0.0,0.0,2.0,20,2,1
137275,16,2,3,9,10,3,0,1,0,1,1,11,2,4,1.0,0.0,0.0,0.0,1.0,1.0,10,4,9
145035,16,2,1,17,6,3,0,1,1,1,2,12,2,2,0.0,0.0,0.0,0.0,0.0,8.0,22,5,10
160193,16,2,3,10,6,3,0,2,0,1,2,19,2,2,0.0,0.0,0.0,0.0,0.0,2.0,15,6,11
177803,16,2,1,9,2,3,0,1,0,1,0,36,2,3,1.0,0.0,0.0,1.0,0.0,1.0,18,3,12
16232,16,2,3,17,2,3,6,1,1,1,1,36,2,2,0.0,0.0,0.0,0.0,0.0,2.0,14,5,2
41984,16,2,1,14,2,3,0,5,1,1,2,21,2,2,0.0,0.0,0.0,0.0,0.0,2.0,0,3,3
106072,16,2,1,15,8,3,0,1,0,1,2,23,2,3,1.0,0.0,0.0,1.0,0.0,1.0,1,1,8
148265,16,7,4,17,6,3,6,1,0,1,2,18,2,3,2.0,0.0,0.0,2.0,0.0,1.0,16,2,10
3217,15,2,1,10,6,3,5,1,1,1,2,19,2,2,0.0,0.0,0.0,0.0,0.0,2.0,18,6,1
92929,16,3,3,17,1,3,6,1,0,1,2,22,2,3,1.0,0.0,0.0,1.0,0.0,2.0,8,4,7
50688,16,6,3,17,6,3,0,5,0,1,1,38,2,1,1.0,0.0,1.0,0.0,0.0,1.0,6,6,4
96065,15,2,3,0,8,3,0,1,1,1,1,18,2,2,0.0,0.0,0.0,0.0,0.0,3.0,19,2,7
169390,15,7,1,17,3,3,6,1,0,0,2,24,2,3,1.0,0.0,0.0,1.0,0.0,2.0,22,4,11
66749,16,2,3,17,2,3,0,1,1,1,2,36,2,2,0.0,0.0,0.0,0.0,0.0,2.0,6,6,5
18044,16,2,3,17,2,3,6,1,0,1,2,18,2,2,0.0,0.0,0.0,0.0,0.0,2.0,11,6,2
68545,16,2,3,17,6,3,0,5,0,1,2,36,2,2,0.0,0.0,0.0,0.0,0.0,2.0,12,5,5
31865,16,7,3,17,2,3,6,1,1,1,1,18,2,2,0.0,0.0,0.0,0.0,0.0,2.0,8,6,3
133028,4,3,3,10,8,3,0,1,0,0,1,19,2,1,5.0,0.0,4.0,1.0,0.0,3.0,11,6,9
144303,16,5,3,17,8,3,6,1,0,1,2,18,2,2,0.0,0.0,0.0,0.0,0.0,2.0,12,2,10
82970,16,2,3,8,2,3,0,1,0,1,2,23,2,3,1.0,0.0,0.0,1.0,0.0,1.0,18,3,6
30945,16,2,1,0,6,3,0,1,0,1,2,6,2,2,0.0,0.0,0.0,0.0,0.0,3.0,19,4,3
49466,4,2,3,17,2,3,0,1,1,1,0,18,2,2,0.0,0.0,0.0,0.0,0.0,2.0,18,3,4
147339,15,2,3,7,6,3,0,1,1,1,2,36,2,2,0.0,0.0,0.0,0.0,0.0,1.0,9,3,10
33578,15,2,3,0,6,3,0,1,0,1,2,36,2,2,0.0,0.0,0.0,0.0,0.0,2.0,14,6,3
127172,16,2,3,15,11,3,3,0,1,1,1,19,2,2,0.0,0.0,0.0,0.0,0.0,4.0,6,3,9
164047,15,7,1,9,6,3,6,1,0,1,2,18,2,3,1.0,0.0,0.0,1.0,0.0,1.0,23,3,11
17996,16,2,4,17,8,3,0,1,1,1,2,24,2,2,0.0,0.0,0.0,0.0,0.0,2.0,17,6,2
122407,16,2,3,10,8,3,0,1,0,1,2,17,2,2,0.0,0.0,0.0,0.0,0.0,6.0,9,4,9
131559,15,2,1,17,6,3,0,1,1,1,1,18,2,2,0.0,0.0,0.0,0.0,0.0,2.0,4,2,9
124838,16,7,3,10,2,3,6,5,1,1,2,19,2,2,0.0,0.0,0.0,0.0,0.0,2.0,10,6,9
73238,4,2,3,10,3,3,0,1,1,1,2,36,2,2,0.0,0.0,0.0,0.0,0.0,2.0,18,7,6
157386,4,2,3,10,8,3,0,1,1,1,1,19,2,2,0.0,0.0,0.0,0.0,0.0,2.0,16,4,11
80446,4,2,2,15,8,3,0,1,0,0,0,26,3,3,2.0,0.0,0.0,2.0,0.0,4.0,19,7,6
107031,4,2,1,10,6,3,5,5,0,1,2,19,3,2,0.0,0.0,0.0,0.0,0.0,5.0,21,7,8
33148,4,2,3,15,8,3,0,1,1,0,2,23,2,2,0.0,0.0,0.0,0.0,0.0,2.0,12,5,3
112024,16,2,3,10,8,3,0,1,1,1,1,23,2,2,0.0,0.0,0.0,0.0,0.0,3.0,17,5,8
149221,16,2,3,10,8,3,0,1,0,0,2,19,3,4,1.0,0.0,0.0,0.0,1.0,5.0,10,7,10
38378,15,10,3,8,6,3,4,1,0,1,0,18,2,4,1.0,0.0,0.0,0.0,1.0,2.0,16,6,3
155079,16,7,0,17,3,3,6,5,1,1,2,23,2,2,0.0,0.0,0.0,0.0,0.0,2.0,19,7,10
91993,16,2,3,17,2,3,0,3,0,1,2,18,2,2,0.0,0.0,0.0,0.0,0.0,2.0,7,2,7