crash_date,               traffic_control_device,weather_condition,lighting_condition,first_crash_type,trafficway_type,alignment,roadway_surface_cond,road_defect,crash_type,intersection_related_i,damage,prim_contributory_cause,num_units,most_severe_injury,injuries_total,injuries_fatal,injuries_incapacitating,injuries_non_incapacitating,injuries_reported_not_evident,injuries_no_indication,crash_hour,crash_day_of_week,crash_month
14398,16,10,1,17,8,3,4,1,1,1,2,36,2,2,0.0,0.0,0.0,0.0,0.0,2.0,19,7,1
168249,16,2,3,0,2,3,0,1,1,1,1,18,2,2,0.0,0.0,0.0,0.0,0.0,3.0,10,6,11
1702,16,2,3,8,8,3,0,1,0,1,0,18,2,3,1.0,0.0,0.0,1.0,0.0,1.0,6,2,1
97539,16,2,3,17,15,3,0,1,1,1,2,6,2,2,0.0,0.0,0.0,0.0,0.0,2.0,7,4,7
158913,4,2,0,17,15,3,0,1,1,1,2,22,2,2,0.0,0.0,0.0,0.0,0.0,2.0,0,6,11
151412,16,2,1,0,8,3,0,1,0,1,2,36,3,2,0.0,0.0,0.0,0.0,0.0,2.0,19,3,10
130591,16,11,5,15,8,3,5,5,1,1,2,18,2,2,0.0,0.0,0.0,0.0,0.0,2.0,17,4,9
76797,16,2,3,10,8,3,0,1,0,1,2,19,2,1,1.0,0.0,1.0,0.0,0.0,1.0,10,4,6
47470,16,2,3,10,2,3,0,1,1,1,2,8,2,2,0.0,0.0,0.0,0.0,0.0,3.0,18,4,4
5567,16,10,3,10,8,3,4,1,1,1,0,17,2,2,0.0,0.0,0.0,0.0,0.0,2.0,14,7,1
68507,16,2,3,10,8,3,0,1,1,1,1,19,2,2,0.0,0.0,0.0,0.0,0.0,3.0,19,5,5
167279,16,2,1,17,8,3,0,1,1,1,2,24,2,2,0.0,0.0,0.0,0.0,0.0,2.0,18,7,11
27282,16,2,3,15,3,3,0,1,0,1,2,22,2,3,2.0,0.0,0.0,2.0,0.0,0.0,15,4,2
15209,16,2,3,17,8,3,4,1,0,1,2,36,2,2,0.0,0.0,0.0,0.0,0.0,3.0,8,6,2
65326,16,2,3,0,6,3,0,1,0,1,2,7,2,2,0.0,0.0,0.0,0.0,0.0,2.0,5,4,5
113488,16,2,3,15,6,3,0,1,1,1,2,36,2,2,0.0,0.0,0.0,0.0,0.0,2.0,14,1,8
161241,15,2,1,17,2,3,0,5,1,1,2,5,2,2,0.0,0.0,0.0,0.0,0.0,2.0,18,6,11
63025,16,3,3,17,2,3,0,1,1,1,2,19,2,2,0.0,0.0,0.0,0.0,0.0,2.0,10,1,5
55416,15,2,1,0,8,3,0,1,1,1,2,36,2,2,0.0,0.0,0.0,0.0,0.0,2.0,22,7,4
71529,16,2,3,9,8,3,0,1,0,1,0,18,2,1,1.0,0.0,1.0,0.0,0.0,1.0,12,2,5
25911,16,2,3,17,2,3,0,1,0,1,2,6,2,3,1.0,0.0,0.0,1.0,0.0,1.0,9,2,2
145304,4,2,3,0,8,3,0,1,0,1,2,18,2,3,1.0,0.0,0.0,1.0,0.0,1.0,16,1,10
132539,16,2,3,17,2,3,0,1,0,1,2,20,2,2,0.0,0.0,0.0,0.0,0.0,2.0,14,7,9
20421,16,2,3,17,3,3,0,1,0,1,2,18,2,2,0.0,0.0,0.0,0.0,0.0,2.0,15,7,2
85446,15,7,3,15,2,3,6,1,1,1,1,23,2,2,0.0,0.0,0.0,0.0,0.0,4.0,11,6,6
33692,16,7,1,17,6,3,6,1,0,1,2,24,2,2,0.0,0.0,0.0,0.0,0.0,3.0,3,1,3
151883,15,7,3,0,6,3,6,1,1,1,2,18,2,2,0.0,0.0,0.0,0.0,0.0,3.0,13,3,10
144461,16,2,3,0,8,3,0,1,0,1,2,6,2,4,1.0,0.0,0.0,0.0,1.0,1.0,15,5,10
10153,15,2,3,17,11,3,4,1,1,1,2,36,2,2,0.0,0.0,0.0,0.0,0.0,2.0,7,2,1
14719,16,6,1,10,2,3,1,1,1,1,2,39,2,2,0.0,0.0,0.0,0.0,0.0,2.0,6,5,1
32813,17,11,5,15,6,3,5,5,1,1,2,36,2,2,0.0,0.0,0.0,0.0,0.0,2.0,8,6,3
140102,15,2,1,0,8,3,0,1,1,1,2,18,2,2,0.0,0.0,0.0,0.0,0.0,2.0,0,7,10
33678,16,2,3,10,8,3,0,1,1,1,2,23,2,2,0.0,0.0,0.0,0.0,0.0,2.0,12,7,3
76254,16,2,3,17,1,3,0,1,1,1,2,18,2,2,0.0,0.0,0.0,0.0,0.0,2.0,12,3,6
46571,16,2,1,10,10,3,0,1,1,1,2,36,2,2,0.0,0.0,0.0,0.0,0.0,2.0,23,1,4
73482,16,2,3,17,6,3,0,1,0,1,2,36,2,2,0.0,0.0,0.0,0.0,0.0,2.0,18,3,6
108169,4,2,3,10,6,3,0,1,1,1,1,19,2,2,0.0,0.0,0.0,0.0,0.0,4.0,18,5,8
30500,16,3,3,10,2,3,0,1,0,1,0,19,2,4,2.0,0.0,0.0,0.0,2.0,2.0,12,3,3
172053,4,2,3,15,15,3,0,1,0,1,2,23,2,2,0.0,0.0,0.0,0.0,0.0,2.0,8,5,11
169969,16,2,3,17,6,3,0,5,1,1,2,3,2,2,0.0,0.0,0.0,0.0,0.0,2.0,6,7,11
148070,16,2,3,17,1,3,0,1,0,1,2,36,2,4,1.0,0.0,0.0,0.0,1.0,1.0,9,5,10
175853,16,2,3,17,6,3,0,1,0,1,2,38,2,2,0.0,0.0,0.0,0.0,0.0,6.0,8,5,12
46167,16,2,3,17,6,3,0,1,1,1,0,36,2,2,0.0,0.0,0.0,0.0,0.0,2.0,15,1,4
49712,16,2,3,17,8,3,0,1,0,1,2,18,2,2,0.0,0.0,0.0,0.0,0.0,2.0,15,2,4
59791,15,2,0,0,6,3,0,1,0,1,2,5,2,3,1.0,0.0,0.0,1.0,0.0,2.0,0,7,5
135858,4,2,3,9,8,3,0,5,0,1,0,36,2,3,1.0,0.0,0.0,1.0,0.0,1.0,16,2,9
58055,16,2,3,0,6,3,0,1,1,1,0,36,2,2,0.0,0.0,0.0,0.0,0.0,3.0,13,1,5
167976,16,2,3,15,8,3,0,1,1,1,2,22,2,2,0.0,0.0,0.0,0.0,0.0,2.0,7,3,11
81898,16,2,3,10,2,3,0,1,1,1,2,36,2,2,0.0,0.0,0.0,0.0,0.0,2.0,19,1,6
116504,16,2,3,17,6,3,0,1,1,1,1,36,2,2,0.0,0.0,0.0,0.0,0.0,2.0,7,4,8
14658,16,2,1,17,8,3,0,1,1,1,1,36,2,2,0.0,0.0,0.0,0.0,0.0,4.0,19,4,1
39314,16,7,3,17,10,3,6,1,1,1,1,24,2,2,0.0,0.0,0.0,0.0,0.0,3.0,13,7,3
38154,16,2,3,15,2,3,0,1,1,1,2,24,2,2,0.0,0.0,0.0,0.0,0.0,2.0,9,6,3
98191,15,3,3,0,8,3,0,1,0,1,2,18,2,2,0.0,0.0,0.0,0.0,0.0,2.0,18,6,7
12959,16,2,1,10,8,2,0,1,1,1,0,19,2,2,0.0,0.0,0.0,0.0,0.0,2.0,20,7,1
125244,15,2,3,0,6,3,0,1,1,1,1,5,2,2,0.0,0.0,0.0,0.0,0.0,4.0,11,5,9
58649,16,2,3,15,6,3,0,1,1,1,1,22,2,2,0.0,0.0,0.0,0.0,0.0,2.0,6,4,5
26555,16,2,1,10,6,3,0,1,1,1,0,36,2,2,0.0,0.0,0.0,0.0,0.0,3.0,18,7,2
117272,16,2,3,17,2,5,0,1,0,1,2,18,2,4,1.0,0.0,0.0,0.0,1.0,2.0,14,1,8
16836,16,2,3,17,2,3,0,1,0,1,2,24,2,2,0.0,0.0,0.0,0.0,0.0,2.0,13,6,2
39340,16,7,1,17,8,3,6,1,0,1,2,24,2,4,1.0,0.0,0.0,0.0,1.0,1.0,21,7,3
26594,15,2,0,0,11,3,0,1,1,1,1,12,2,2,0.0,0.0,0.0,0.0,0.0,2.0,23,7,2
172461,16,2,4,17,16,3,0,1,1,1,2,36,2,2,0.0,0.0,0.0,0.0,0.0,2.0,19,4,12
46896,16,2,3,10,2,3,0,1,1,1,2,19,3,2,0.0,0.0,0.0,0.0,0.0,3.0,16,1,4
95359,16,7,1,8,6,3,6,1,1,1,2,6,2,2,0.0,0.0,0.0,0.0,0.0,2.0,21,6,7
17259,16,2,1,17,6,3,0,5,0,1,2,36,2,2,0.0,0.0,0.0,0.0,0.0,3.0,20,1,2
4934,15,4,1,10,8,3,6,1,1,1,1,17,2,2,0.0,0.0,0.0,0.0,0.0,2.0,17,4,1
149090,16,2,3,17,2,3,0,1,1,1,2,36,2,2,0.0,0.0,0.0,0.0,0.0,4.0,13,1,10
43162,16,7,3,15,8,3,6,1,1,1,2,23,2,2,0.0,0.0,0.0,0.0,0.0,2.0,16,2,4
72725,15,2,1,8,8,3,0,1,0,1,1,36,2,3,1.0,0.0,0.0,1.0,0.0,2.0,20,6,6
55586,16,2,3,17,8,3,0,1,0,1,2,18,2,4,1.0,0.0,0.0,0.0,1.0,1.0,5,2,4
41605,16,2,1,2,6,3,0,5,0,1,2,36,1,3,1.0,0.0,0.0,1.0,0.0,1.0,21,3,3
175427,16,11,5,17,8,3,5,5,1,1,1,23,2,2,0.0,0.0,0.0,0.0,0.0,2.0,14,2,12
118066,16,2,3,2,8,3,0,1,0,1,2,36,1,4,2.0,0.0,0.0,0.0,2.0,2.0,17,7,8
141116,16,2,3,15,2,3,0,1,0,1,2,22,3,3,1.0,0.0,0.0,1.0,0.0,1.0,11,7,10
140669,15,2,3,0,15,3,0,1,0,1,2,18,2,3,2.0,0.0,0.0,2.0,0.0,0.0,13,3,10
181476,16,2,1,15,2,3,0,1,1,1,0,18,2,2,0.0,0.0,0.0,0.0,0.0,2.0,19,3,12
119362,16,2,3,0,8,3,0,1,1,1,2,36,2,2,0.0,0.0,0.0,0.0,0.0,2.0,7,5,8
7044,17,11,5,10,15,3,5,5,1,1,2,36,2,2,0.0,0.0,0.0,0.0,0.0,2.0,12,3,1
84898,16,2,3,8,8,3,0,1,0,1,1,18,2,3,1.0,0.0,0.0,1.0,0.0,2.0,19,5,6
173973,16,2,3,2,8,3,0,1,0,1,2,26,1,2,0.0,0.0,0.0,0.0,0.0,1.0,14,6,12
163359,15,2,3,17,8,3,0,1,1,1,2,36,2,2,0.0,0.0,0.0,0.0,0.0,2.0,13,2,11
77319,16,2,1,10,2,3,0,1,0,0,2,17,2,3,1.0,0.0,0.0,1.0,0.0,1.0,0,5,6
50561,15,3,3,0,8,3,6,1,0,1,2,18,3,4,1.0,0.0,0.0,0.0,1.0,2.0,8,3,4
83640,16,2,1,17,8,3,0,1,1,1,2,23,2,2,0.0,0.0,0.0,0.0,0.0,2.0,22,7,6
22539,16,2,2,10,2,3,0,1,1,1,0,19,2,2,0.0,0.0,0.0,0.0,0.0,3.0,7,4,2
108160,16,2,3,10,6,3,0,1,1,1,2,17,2,2,0.0,0.0,0.0,0.0,0.0,2.0,17,5,8
180962,16,10,4,10,15,3,6,1,0,0,2,17,3,4,1.0,0.0,0.0,0.0,1.0,6.0,14,4,12
102947,15,2,3,17,2,3,0,1,0,1,2,18,2,2,0.0,0.0,0.0,0.0,0.0,3.0,17,2,7
156240,16,2,1,10,3,3,0,1,1,1,1,36,2,2,0.0,0.0,0.0,0.0,0.0,2.0,19,6,11
164082,4,2,2,0,6,3,0,1,1,1,2,36,2,2,0.0,0.0,0.0,0.0,0.0,2.0,17,4,11
158894,17,2,1,10,8,3,0,1,1,0,2,36,2,2,0.0,0.0,0.0,0.0,0.0,2.0,21,6,11
72822,4,7,1,7,10,3,6,1,1,1,2,9,2,2,0.0,0.0,0.0,0.0,0.0,1.0,0,1,6
62926,16,2,3,10,8,4,0,1,1,1,2,17,2,2,0.0,0.0,0.0,0.0,0.0,2.0,16,7,5
103189,15,2,3,10,8,3,0,1,1,1,2,19,2,2,0.0,0.0,0.0,0.0,0.0,2.0,12,6,7
131274,16,2,3,8,8,3,0,1,0,1,1,18,2,1,1.0,0.0,1.0,0.0,0.0,1.0,15,4,9
47364,15,11,5,17,6,3,5,5,0,1,2,18,2,4,1.0,0.0,0.0,0.0,1.0,1.0,23,2,4
27167,16,2,3,17,8,3,0,1,1,1,2,24,2,2,0.0,0.0,0.0,0.0,0.0,2.0,10,2,2
183343,16,2,1,10,8,4,0,1,1,1,1,17,2,2,0.0,0.0,0.0,0.0,0.0,2.0,17,2,12
152961,16,11,1,14,6,3,5,5,1,1,2,18,2,2,0.0,0.0,0.0,0.0,0.0,2.0,4,1,10
84312,16,2,3,17,10,3,0,1,0,1,2,6,2,2,0.0,0.0,0.0,0.0,0.0,3.0,15,2,6
114484,15,2,3,17,6,3,0,1,0,1,0,5,2,3,1.0,0.0,0.0,1.0,0.0,1.0,12,1,8
188159,15,10,1,2,10,3,4,5,1,1,2,5,1,2,0.0,0.0,0.0,0.0,0.0,1.0,0,7,12
3191,16,2,3,10,2,3,0,1,0,1,2,24,2,2,0.0,0.0,0.0,0.0,0.0,2.0,12,5,1
114267,16,2,1,0,18,3,0,1,0,1,2,3,2,2,0.0,0.0,0.0,0.0,0.0,2.0,22,5,8
143367,4,2,3,17,8,3,0,1,1,1,2,18,2,2,0.0,0.0,0.0,0.0,0.0,2.0,8,3,10
163151,15,2,1,0,10,3,0,1,1,1,2,18,4,2,0.0,0.0,0.0,0.0,0.0,2.0,0,4,11
122542,16,2,1,10,3,3,0,1,1,1,2,6,2,2,0.0,0.0,0.0,0.0,0.0,2.0,23,7,9
111595,16,2,3,17,8,3,0,1,1,1,2,36,2,2,0.0,0.0,0.0,0.0,0.0,2.0,7,5,8
116967,16,7,1,0,6,3,6,1,0,1,2,36,2,2,0.0,0.0,0.0,0.0,0.0,2.0,20,4,8
158607,16,2,2,10,2,3,0,5,1,1,1,23,2,2,0.0,0.0,0.0,0.0,0.0,2.0,16,6,11
120108,4,2,3,0,6,3,0,1,0,1,2,18,2,2,0.0,0.0,0.0,0.0,0.0,4.0,16,7,8
13451,16,3,3,17,3,3,4,1,1,1,1,36,2,2,0.0,0.0,0.0,0.0,0.0,3.0,8,2,1
34574,16,2,3,0,6,3,0,1,0,1,2,6,2,3,1.0,0.0,0.0,1.0,0.0,2.0,16,1,3
160902,4,10,3,14,2,3,4,1,0,1,2,39,3,4,2.0,0.0,0.0,0.0,2.0,1.0,9,6,11
52544,15,2,3,17,8,3,0,1,1,1,1,24,2,2,0.0,0.0,0.0,0.0,0.0,2.0,15,2,4
166727,4,2,1,10,15,3,0,5,0,1,2,19,2,1,3.0,0.0,1.0,2.0,0.0,1.0,2,7,11
27940,15,2,3,17,8,3,0,1,0,1,2,18,2,4,2.0,0.0,0.0,0.0,2.0,1.0,7,2,2
75694,16,2,1,17,6,3,0,1,0,1,2,6,2,3,1.0,0.0,0.0,1.0,0.0,1.0,1,2,6
118680,16,2,3,0,6,3,0,5,0,1,2,26,2,2,0.0,0.0,0.0,0.0,0.0,3.0,15,2,8
187500,16,2,3,0,6,3,0,1,0,1,2,36,2,3,2.0,0.0,0.0,1.0,1.0,0.0,9,7,12
40511,16,2,3,0,6,3,0,1,0,1,2,18,2,4,1.0,0.0,0.0,0.0,1.0,1.0,9,2,3
134655,16,2,2,9,6,3,0,1,0,1,2,36,2,3,2.0,0.0,0.0,2.0,0.0,0.0,18,2,9
27635,16,2,2,0,11,3,0,1,0,1,2,26,2,1,3.0,0.0,1.0,0.0,2.0,1.0,5,1,2
68913,16,2,1,10,2,3,0,1,1,1,2,19,3,2,0.0,0.0,0.0,0.0,0.0,3.0,21,4,5
117120,16,2,1,9,6,3,0,1,0,1,0,36,2,4,1.0,0.0,0.0,0.0,1.0,1.0,22,6,8
28160,16,11,1,10,8,3,5,1,1,1,2,19,2,2,0.0,0.0,0.0,0.0,0.0,2.0,23,7,2
106501,16,2,3,0,8,3,0,5,1,1,2,36,2,2,0.0,0.0,0.0,0.0,0.0,2.0,18,6,8
123160,4,2,3,10,8,3,0,5,0,1,2,17,4,1,1.0,0.0,1.0,0.0,0.0,3.0,15,3,9
11526,16,10,3,17,1,3,4,1,1,1,0,18,2,2,0.0,0.0,0.0,0.0,0.0,2.0,16,5,1
49362,16,2,3,8,2,3,0,6,0,1,2,24,2,3,1.0,0.0,0.0,1.0,0.0,1.0,15,3,4
51977,16,2,3,10,6,3,0,1,1,1,0,36,2,2,0.0,0.0,0.0,0.0,0.0,2.0,7,7,4
147952,17,11,5,15,8,3,5,5,1,1,2,23,2,2,0.0,0.0,0.0,0.0,0.0,2.0,17,6,10
109118,16,2,3,8,8,3,5,5,0,1,0,36,2,3,1.0,0.0,0.0,1.0,0.0,1.0,13,5,8
89453,16,2,3,17,8,3,0,1,0,1,2,6,2,3,4.0,0.0,0.0,1.0,3.0,0.0,10,4,7
8906,16,2,3,0,2,3,0,5,0,1,2,18,2,3,1.0,0.0,0.0,1.0,0.0,2.0,14,3,1
56913,15,2,3,0,8,3,6,5,0,1,1,18,2,4,1.0,0.0,0.0,0.0,1.0,6.0,17,5,5
27953,15,2,3,0,6,3,0,1,1,1,1,18,2,2,0.0,0.0,0.0,0.0,0.0,2.0,9,2,2
164562,16,11,5,10,8,3,5,5,1,1,2,12,2,2,0.0,0.0,0.0,0.0,0.0,2.0,16,4,11
162478,16,2,1,17,8,3,0,1,1,1,2,12,2,2,0.0,0.0,0.0,0.0,0.0,2.0,17,2,11
12737,16,11,3,17,6,3,5,1,1,1,2,18,2,2,0.0,0.0,0.0,0.0,0.0,2.0,14,5,1
131346,4,2,3,17,0,3,0,1,1,1,1,18,2,2,0.0,0.0,0.0,0.0,0.0,3.0,15,5,9
79980,16,2,3,17,3,3,0,1,1,1,2,18,2,2,0.0,0.0,0.0,0.0,0.0,2.0,8,7,6
20352,15,2,3,10,8,3,1,5,1,1,2,39,2,2,0.0,0.0,0.0,0.0,0.0,2.0,16,6,2
142119,2,2,3,17,6,3,0,1,1,1,2,19,2,2,0.0,0.0,0.0,0.0,0.0,2.0,17,3,10
169786,16,2,1,0,15,3,0,1,0,1,1,6,2,2,0.0,0.0,0.0,0.0,0.0,2.0,5,3,11
109538,16,2,3,11,8,3,5,5,1,0,2,36,2,2,0.0,0.0,0.0,0.0,0.0,2.0,13,4,8
59045,4,2,3,17,8,3,0,6,1,1,0,18,2,2,0.0,0.0,0.0,0.0,0.0,6.0,16,2,5
149894,16,2,1,9,10,3,0,1,0,1,1,36,2,4,1.0,0.0,0.0,0.0,1.0,1.0,22,2,10
100294,16,2,3,17,2,3,0,1,0,1,2,36,2,3,1.0,0.0,0.0,1.0,0.0,1.0,5,4,7
130655,16,2,3,10,10,3,0,5,1,1,1,19,2,2,0.0,0.0,0.0,0.0,0.0,3.0,12,7,9
63307,4,2,4,10,6,3,0,1,1,1,0,36,2,2,0.0,0.0,0.0,0.0,0.0,2.0,17,6,5
89658,16,2,1,15,8,3,0,1,1,1,1,23,2,2,0.0,0.0,0.0,0.0,0.0,2.0,0,1,7
172688,4,2,3,5,8,3,0,1,0,1,2,37,1,3,1.0,0.0,0.0,1.0,0.0,0.0,16,1,12
45258,15,2,3,10,8,3,0,2,1,1,2,8,2,2,0.0,0.0,0.0,0.0,0.0,2.0,18,6,4
77169,4,2,2,0,8,5,6,1,1,1,2,18,2,2,0.0,0.0,0.0,0.0,0.0,2.0,6,2,6
109269,16,2,3,8,2,3,0,1,0,1,0,36,2,4,1.0,0.0,0.0,0.0,1.0,1.0,15,6,8
52786,16,7,3,11,8,3,6,1,1,1,1,21,2,2,0.0,0.0,0.0,0.0,0.0,2.0,13,1,4
188151,15,2,5,17,8,3,4,5,1,1,0,28,2,2,0.0,0.0,0.0,0.0,0.0,3.0,0,7,12
62429,6,2,0,0,10,3,0,1,0,1,2,18,2,4,3.0,0.0,0.0,0.0,3.0,2.0,22,6,5
160113,15,7,4,0,8,3,6,5,0,1,2,36,2,3,1.0,0.0,0.0,1.0,0.0,1.0,17,4,11
41833,16,6,1,17,8,3,6,1,0,1,2,6,2,2,0.0,0.0,0.0,0.0,0.0,2.0,1,6,3
185981,16,7,1,0,6,3,6,1,0,1,2,39,2,2,0.0,0.0,0.0,0.0,0.0,5.0,20,2,12
82957,4,2,3,17,6,3,0,1,1,1,2,24,2,2,0.0,0.0,0.0,0.0,0.0,2.0,16,3,6
57161,15,2,3,17,18,3,0,1,1,1,2,18,2,2,0.0,0.0,0.0,0.0,0.0,2.0,11,6,5
128139,16,2,3,15,8,3,0,1,1,1,2,22,2,2,0.0,0.0,0.0,0.0,0.0,3.0,8,4,9
5772,16,2,1,0,11,3,6,1,0,1,2,6,2,3,1.0,0.0,0.0,1.0,0.0,1.0,18,4,1
19854,16,2,3,17,6,3,0,1,1,1,2,19,2,2,0.0,0.0,0.0,0.0,0.0,2.0,9,3,2
77495,16,2,1,17,6,3,0,1,0,1,2,36,2,4,1.0,0.0,0.0,0.0,1.0,1.0,19,1,6
12731,15,2,3,17,6,3,6,1,0,1,2,18,2,2,0.0,0.0,0.0,0.0,0.0,2.0,13,5,1
170967,16,2,3,17,6,3,0,1,0,1,2,18,2,1,1.0,0.0,1.0,0.0,0.0,1.0,7,2,11
160716,16,2,1,0,18,3,0,1,0,1,2,28,3,2,0.0,0.0,0.0,0.0,0.0,9.0,23,5,11
8241,16,2,3,15,2,3,0,1,1,1,2,36,2,2,0.0,0.0,0.0,0.0,0.0,2.0,11,5,1
45749,16,2,3,17,8,3,0,1,1,1,2,26,2,2,0.0,0.0,0.0,0.0,0.0,2.0,14,2,4
136355,16,2,3,17,6,3,0,1,1,1,1,36,2,2,0.0,0.0,0.0,0.0,0.0,3.0,12,4,9
144598,4,2,3,8,8,3,0,1,0,1,0,18,2,3,1.0,0.0,0.0,1.0,0.0,1.0,15,5,10
33967,4,7,0,10,2,3,0,1,1,1,1,36,2,2,0.0,0.0,0.0,0.0,0.0,3.0,19,4,3
134976,15,2,3,0,8,3,0,1,0,1,1,36,2,2,0.0,0.0,0.0,0.0,0.0,2.0,7,5,9
129219,4,2,3,0,2,3,0,1,1,1,1,18,2,2,0.0,0.0,0.0,0.0,0.0,4.0,16,5,9
35964,15,2,3,9,2,3,0,1,0,1,2,18,2,1,1.0,0.0,1.0,0.0,0.0,1.0,12,1,3
29010,15,7,3,10,8,3,0,1,0,1,2,19,2,3,1.0,0.0,0.0,1.0,0.0,4.0,7,4,3
143796,4,7,1,9,6,3,6,5,0,1,2,18,3,1,1.0,0.0,1.0,0.0,0.0,3.0,18,3,10
11493,16,2,1,17,1,3,0,1,1,1,1,22,2,2,0.0,0.0,0.0,0.0,0.0,2.0,21,4,1
147479,4,2,4,17,8,3,0,1,0,1,2,18,5,3,1.0,0.0,0.0,1.0,0.0,4.0,17,4,10
62437,16,2,1,17,1,3,0,1,0,1,2,6,2,2,0.0,0.0,0.0,0.0,0.0,2.0,23,6,5
76163,16,2,1,2,8,3,0,1,1,1,2,36,3,2,0.0,0.0,0.0,0.0,0.0,2.0,2,1,6
155456,16,2,1,8,8,5,0,1,0,1,0,38,2,3,1.0,0.0,0.0,1.0,0.0,1.0,19,1,10
53346,16,2,1,10,6,3,0,1,1,0,1,19,2,2,0.0,0.0,0.0,0.0,0.0,3.0,20,3,4
52811,16,2,2,17,10,3,6,1,0,1,2,36,2,2,0.0,0.0,0.0,0.0,0.0,2.0,6,1,4
69585,16,2,3,15,8,3,0,1,1,1,1,23,2,2,0.0,0.0,0.0,0.0,0.0,4.0,8,7,5
82169,15,2,3,0,6,3,0,1,1,1,1,36,2,2,0.0,0.0,0.0,0.0,0.0,2.0,14,5,6
124160,16,2,3,10,8,3,0,1,1,1,0,19,2,2,0.0,0.0,0.0,0.0,0.0,2.0,14,4,9
105293,15,7,3,17,3,3,6,1,0,1,1,18,2,3,1.0,0.0,0.0,1.0,0.0,1.0,17,2,8
103377,16,2,1,2,6,3,0,1,0,1,2,12,1,2,0.0,0.0,0.0,0.0,0.0,1.0,7,3,7
110904,16,2,2,17,17,3,0,1,1,1,0,24,2,2,0.0,0.0,0.0,0.0,0.0,2.0,6,2,8
119360,15,2,3,10,6,3,0,1,1,1,2,19,2,2,0.0,0.0,0.0,0.0,0.0,3.0,18,5,8
5509,15,3,3,0,8,3,0,1,0,1,2,18,2,2,0.0,0.0,0.0,0.0,0.0,2.0,7,6,1
108631,16,2,1,10,15,3,0,1,1,1,1,17,2,2,0.0,0.0,0.0,0.0,0.0,3.0,0,4,8
144677,15,2,3,8,8,3,0,1,0,1,1,18,2,3,1.0,0.0,0.0,1.0,0.0,1.0,7,6,10
30075,15,2,3,0,8,3,0,1,0,1,2,18,2,2,0.0,0.0,0.0,0.0,0.0,3.0,15,1,3
132286,15,7,3,7,10,3,6,1,1,1,2,26,2,2,0.0,0.0,0.0,0.0,0.0,1.0,14,5,9
52961,16,2,3,10,3,3,0,1,1,1,1,15,2,2,0.0,0.0,0.0,0.0,0.0,2.0,14,2,4
95280,15,2,3,0,8,3,6,1,0,1,2,18,2,2,0.0,0.0,0.0,0.0,0.0,4.0,9,5,7
182869,16,2,1,0,6,3,0,1,1,1,2,6,2,2,0.0,0.0,0.0,0.0,0.0,3.0,22,2,12
146353,16,2,3,17,8,3,0,1,0,1,2,19,2,2,0.0,0.0,0.0,0.0,0.0,2.0,16,6,10
80656,16,2,3,8,3,3,0,1,0,1,0,18,2,4,1.0,0.0,0.0,0.0,1.0,1.0,16,5,6
186625,16,7,3,0,2,3,6,1,0,1,2,6,2,2,0.0,0.0,0.0,0.0,0.0,3.0,11,5,12
19294,16,10,1,0,8,3,6,1,1,1,2,18,2,2,0.0,0.0,0.0,0.0,0.0,3.0,17,7,2
41642,16,7,3,17,3,3,6,1,0,1,2,36,2,2,0.0,0.0,0.0,0.0,0.0,2.0,16,4,3
146807,15,2,3,17,6,3,0,1,1,1,2,36,2,2,0.0,0.0,0.0,0.0,0.0,4.0,13,4,10
43604,4,2,3,7,8,3,0,5,1,1,2,36,2,2,0.0,0.0,0.0,0.0,0.0,2.0,12,4,4
82101,4,2,3,7,10,3,0,1,1,1,1,21,2,2,0.0,0.0,0.0,0.0,0.0,1.0,15,4,6
11054,15,2,1,17,8,3,0,1,0,1,2,5,2,3,3.0,0.0,0.0,2.0,1.0,0.0,18,3,1
138763,4,2,1,10,8,3,0,5,0,0,2,17,2,4,1.0,0.0,0.0,0.0,1.0,5.0,21,2,10
147784,16,2,3,17,6,3,0,1,0,1,2,23,2,2,0.0,0.0,0.0,0.0,0.0,2.0,11,2,10
77454,15,2,1,0,8,3,0,5,0,1,2,18,3,4,3.0,0.0,0.0,0.0,3.0,1.0,23,7,6
148867,16,7,1,17,2,3,6,1,0,1,2,12,2,2,0.0,0.0,0.0,0.0,0.0,2.0,21,3,10
118385,16,7,1,10,8,3,6,1,1,1,0,12,2,2,0.0,0.0,0.0,0.0,0.0,2.0,22,3,8
68620,4,2,3,0,10,3,0,3,1,1,1,21,2,2,0.0,0.0,0.0,0.0,0.0,4.0,17,5,5
37878,16,2,3,10,6,3,0,5,0,1,2,36,2,2,0.0,0.0,0.0,0.0,0.0,2.0,13,3,3
9207,4,2,3,15,8,3,6,1,0,1,2,36,2,4,2.0,0.0,0.0,0.0,2.0,1.0,7,6,1
19274,16,2,3,10,8,3,0,1,1,1,2,36,2,2,0.0,0.0,0.0,0.0,0.0,2.0,11,6,2
86779,4,2,3,0,8,3,0,1,1,1,2,36,2,2,0.0,0.0,0.0,0.0,0.0,2.0,15,6,6
71925,16,2,3,10,2,3,5,5,1,1,2,19,2,2,0.0,0.0,0.0,0.0,0.0,2.0,16,7,6
148365,16,2,3,15,2,3,0,1,1,1,2,36,2,2,0.0,0.0,0.0,0.0,0.0,2.0,10,3,10
95178,4,7,3,17,2,3,6,1,0,1,2,24,2,2,0.0,0.0,0.0,0.0,0.0,2.0,15,4,7