crash_date,               traffic_control_device,weather_condition,lighting_condition,first_crash_type,trafficway_type,alignment,roadway_surface_cond,road_defect,crash_type,intersection_related_i,damage,prim_contributory_cause,num_units,most_severe_injury,injuries_total,injuries_fatal,injuries_incapacitating,injuries_non_incapacitating,injuries_reported_not_evident,injuries_no_indication,crash_hour,crash_day_of_week,crash_month
18603,16,10,0,17,8,3,6,1,0,1,2,18,2,3,1.0,0.0,0.0,1.0,0.0,2.0,18,3,2
64318,4,2,5,15,10,3,5,5,1,0,2,18,2,2,0.0,0.0,0.0,0.0,0.0,3.0,15,2,5
19542,15,2,3,9,6,3,0,1,0,1,0,36,2,1,1.0,0.0,1.0,0.0,0.0,3.0,14,6,2
31879,16,7,1,17,6,3,6,5,0,1,2,6,2,2,0.0,0.0,0.0,0.0,0.0,2.0,22,6,3
21919,16,2,4,17,6,3,0,5,0,1,2,18,2,2,0.0,0.0,0.0,0.0,0.0,2.0,18,3,2
19982,16,10,1,0,6,3,6,1,0,1,2,36,2,3,1.0,0.0,0.0,1.0,0.0,4.0,23,6,2
144572,16,2,1,8,3,3,0,1,1,1,0,36,2,2,0.0,0.0,0.0,0.0,0.0,2.0,0,7,10
172818,16,2,1,0,8,3,0,1,1,1,2,6,2,2,0.0,0.0,0.0,0.0,0.0,2.0,1,1,12
158897,16,2,1,0,6,3,0,1,0,1,2,6,3,3,1.0,0.0,0.0,1.0,0.0,2.0,21,6,11
19724,4,10,3,15,10,3,4,1,1,1,2,21,2,2,0.0,0.0,0.0,0.0,0.0,4.0,11,1,2
73910,4,2,3,2,10,3,0,1,0,1,2,15,1,2,0.0,0.0,0.0,0.0,0.0,2.0,12,2,6
64384,16,2,3,10,8,3,0,1,1,1,1,36,2,2,0.0,0.0,0.0,0.0,0.0,2.0,17,3,5
103284,4,2,3,17,8,3,0,1,0,1,2,36,2,2,0.0,0.0,0.0,0.0,0.0,4.0,14,1,7
64650,4,7,1,17,8,3,6,1,1,1,1,18,2,2,0.0,0.0,0.0,0.0,0.0,2.0,20,6,5
144182,15,2,3,0,8,3,0,1,1,1,1,36,2,2,0.0,0.0,0.0,0.0,0.0,2.0,14,7,10
186599,16,11,5,9,8,3,5,5,0,1,1,26,2,3,1.0,0.0,0.0,1.0,0.0,1.0,8,5,12
93639,16,2,3,5,6,3,0,5,0,1,0,36,2,3,1.0,0.0,0.0,1.0,0.0,1.0,10,6,7
121573,18,2,1,10,15,3,0,1,1,1,0,19,2,2,0.0,0.0,0.0,0.0,0.0,3.0,1,2,9
95731,16,2,0,17,6,3,0,1,0,1,2,12,2,4,1.0,0.0,0.0,0.0,1.0,5.0,21,5,7
148202,4,2,1,0,8,3,0,1,0,1,2,11,2,2,0.0,0.0,0.0,0.0,0.0,2.0,5,7,10
14646,16,2,1,17,2,3,0,1,0,1,2,17,2,4,2.0,0.0,0.0,0.0,2.0,0.0,16,4,1
72091,16,7,1,17,6,3,6,1,0,1,2,39,2,3,1.0,0.0,0.0,1.0,0.0,1.0,1,4,6
157274,16,2,3,17,5,3,0,1,1,1,0,18,2,2,0.0,0.0,0.0,0.0,0.0,5.0,15,6,11
78207,4,2,4,17,8,3,0,5,1,1,2,36,2,2,0.0,0.0,0.0,0.0,0.0,2.0,20,3,6
97585,16,2,3,15,6,3,0,1,1,1,0,36,2,2,0.0,0.0,0.0,0.0,0.0,2.0,15,6,7
25336,4,7,3,0,2,3,6,1,1,1,2,26,2,2,0.0,0.0,0.0,0.0,0.0,2.0,13,7,2
90495,15,2,1,0,8,3,0,5,1,1,2,5,2,2,0.0,0.0,0.0,0.0,0.0,2.0,21,6,7
118541,15,2,3,0,6,3,0,1,0,1,2,36,2,3,1.0,0.0,0.0,1.0,0.0,1.0,13,7,8
63108,16,7,1,17,1,2,0,1,1,1,2,36,2,2,0.0,0.0,0.0,0.0,0.0,2.0,22,1,5
28929,15,2,3,10,8,3,0,1,1,1,2,36,2,2,0.0,0.0,0.0,0.0,0.0,3.0,13,3,3
79640,4,2,4,17,8,3,0,1,1,1,2,36,2,2,0.0,0.0,0.0,0.0,0.0,2.0,19,3,6
69179,16,2,3,10,3,3,0,1,1,1,2,19,2,2,0.0,0.0,0.0,0.0,0.0,2.0,9,6,5
155301,15,2,4,17,8,3,0,1,1,1,2,17,2,2,0.0,0.0,0.0,0.0,0.0,2.0,18,5,10
181056,4,2,3,9,17,3,0,5,0,1,2,36,2,3,1.0,0.0,0.0,1.0,0.0,1.0,11,5,12
142507,16,2,3,15,6,3,0,1,0,1,2,17,2,3,2.0,0.0,0.0,2.0,0.0,1.0,16,7,10
79599,15,2,3,0,8,3,0,1,1,1,2,17,2,2,0.0,0.0,0.0,0.0,0.0,2.0,12,2,6
165694,16,10,1,10,8,3,4,1,1,1,2,19,2,2,0.0,0.0,0.0,0.0,0.0,3.0,3,6,11
164723,16,7,3,10,2,3,6,1,1,1,2,8,2,2,0.0,0.0,0.0,0.0,0.0,2.0,15,3,11
161484,4,10,3,0,8,3,4,1,0,1,2,39,2,2,0.0,0.0,0.0,0.0,0.0,2.0,14,2,11
82175,15,2,3,0,8,3,0,1,0,1,2,18,2,2,0.0,0.0,0.0,0.0,0.0,3.0,16,5,6
135716,16,2,1,17,10,3,0,5,0,1,2,24,2,3,1.0,0.0,0.0,1.0,0.0,5.0,21,3,9
19888,15,10,1,17,8,3,6,1,1,1,2,18,2,2,0.0,0.0,0.0,0.0,0.0,2.0,18,5,2
178120,16,11,1,17,8,3,5,5,0,1,2,36,2,3,1.0,0.0,0.0,1.0,0.0,1.0,22,1,12
83774,4,2,3,10,8,3,0,1,1,1,2,19,2,2,0.0,0.0,0.0,0.0,0.0,4.0,11,7,6
139114,16,2,1,15,2,3,0,1,1,1,2,36,2,2,0.0,0.0,0.0,0.0,0.0,2.0,19,1,10
151773,4,2,1,7,8,3,0,1,0,1,2,36,2,2,0.0,0.0,0.0,0.0,0.0,2.0,5,1,10
63010,17,7,3,17,8,3,5,5,0,1,2,26,2,3,2.0,0.0,0.0,2.0,0.0,1.0,18,1,5
65965,15,2,3,0,8,3,0,1,0,1,2,28,3,3,1.0,0.0,0.0,1.0,0.0,4.0,19,7,5
114404,16,2,1,17,3,2,0,1,1,1,1,18,2,2,0.0,0.0,0.0,0.0,0.0,3.0,22,7,8
22001,16,2,1,10,8,3,0,1,0,1,2,13,2,2,0.0,0.0,0.0,0.0,0.0,2.0,23,4,2
516,15,2,0,15,8,3,0,1,0,1,2,23,5,3,2.0,0.0,0.0,1.0,1.0,0.0,1,2,1
155481,4,2,3,17,8,3,0,1,1,1,2,36,2,2,0.0,0.0,0.0,0.0,0.0,2.0,14,2,10
100880,16,2,3,10,2,3,0,1,1,1,0,17,2,2,0.0,0.0,0.0,0.0,0.0,2.0,15,6,7
180877,16,2,1,10,8,3,0,1,1,1,2,17,2,2,0.0,0.0,0.0,0.0,0.0,3.0,21,1,12
182747,16,2,4,15,6,3,0,5,1,1,2,36,2,2,0.0,0.0,0.0,0.0,0.0,2.0,17,7,12
126723,16,2,3,3,8,3,0,1,1,1,2,36,2,2,0.0,0.0,0.0,0.0,0.0,3.0,11,4,9
183346,16,2,2,0,10,3,0,1,1,1,2,11,2,2,0.0,0.0,0.0,0.0,0.0,2.0,5,2,12
84648,16,2,3,0,5,3,0,1,1,1,2,36,2,2,0.0,0.0,0.0,0.0,0.0,2.0,17,2,6
166290,16,2,3,10,8,3,0,1,1,1,2,19,3,2,0.0,0.0,0.0,0.0,0.0,3.0,16,7,11
107421,16,2,3,9,3,3,0,1,0,1,2,36,3,1,1.0,0.0,1.0,0.0,0.0,2.0,19,6,8
120307,4,2,3,10,8,3,0,1,1,1,2,21,2,2,0.0,0.0,0.0,0.0,0.0,3.0,7,4,8
117700,15,2,3,0,8,3,0,1,0,1,2,32,2,3,1.0,0.0,0.0,1.0,0.0,1.0,10,2,8
158390,16,2,3,17,6,3,0,1,0,1,0,36,2,4,1.0,0.0,0.0,0.0,1.0,2.0,11,6,11
9682,3,2,4,15,2,4,6,1,0,1,1,4,2,4,2.0,0.0,0.0,0.0,2.0,6.0,17,1,1
26970,15,2,3,0,15,3,4,1,1,1,2,5,2,2,0.0,0.0,0.0,0.0,0.0,2.0,9,6,2
146838,4,2,3,17,6,3,0,1,1,1,1,24,2,2,0.0,0.0,0.0,0.0,0.0,2.0,7,4,10
122413,16,2,3,15,6,3,0,1,1,1,2,22,2,2,0.0,0.0,0.0,0.0,0.0,2.0,10,4,9
43155,4,3,3,0,2,3,6,1,1,1,0,36,2,2,0.0,0.0,0.0,0.0,0.0,2.0,13,2,4
30922,4,2,3,15,8,3,5,5,0,0,2,28,2,3,2.0,0.0,0.0,2.0,0.0,2.0,16,4,3
176509,16,2,1,17,8,3,0,1,0,1,0,18,2,2,0.0,0.0,0.0,0.0,0.0,3.0,17,6,12
175508,16,10,3,17,8,3,6,1,0,1,2,36,2,3,1.0,0.0,0.0,1.0,0.0,1.0,10,5,12
166335,15,3,3,17,6,3,0,1,1,1,2,5,2,2,0.0,0.0,0.0,0.0,0.0,3.0,12,7,11
60343,16,2,3,2,10,3,0,1,0,1,2,36,1,3,2.0,0.0,0.0,2.0,0.0,0.0,5,2,5
51145,16,2,3,17,8,3,0,1,1,1,0,36,2,2,0.0,0.0,0.0,0.0,0.0,2.0,11,5,4
11552,16,2,3,10,8,3,6,1,1,1,2,19,2,2,0.0,0.0,0.0,0.0,0.0,3.0,7,5,1
150607,16,3,3,7,8,3,6,1,1,1,0,12,2,2,0.0,0.0,0.0,0.0,0.0,2.0,16,6,10
85456,16,2,3,17,6,3,0,1,0,1,2,18,2,2,0.0,0.0,0.0,0.0,0.0,4.0,11,6,6
57717,15,7,3,17,2,3,6,1,0,1,2,38,2,2,0.0,0.0,0.0,0.0,0.0,2.0,8,3,5
138798,16,2,3,17,2,3,0,1,0,1,2,18,2,2,0.0,0.0,0.0,0.0,0.0,2.0,17,3,10
175457,15,2,3,10,8,3,0,1,1,1,1,19,2,2,0.0,0.0,0.0,0.0,0.0,3.0,13,5,12
109880,4,2,3,10,8,3,0,1,0,1,2,19,2,1,1.0,0.0,1.0,0.0,0.0,1.0,11,7,8
119696,16,2,0,10,6,3,0,5,1,1,2,19,2,2,0.0,0.0,0.0,0.0,0.0,2.0,20,2,8
118604,16,2,1,0,6,3,0,5,0,1,2,36,2,2,0.0,0.0,0.0,0.0,0.0,2.0,0,7,8
150333,16,2,5,0,8,3,0,1,1,1,2,6,2,2,0.0,0.0,0.0,0.0,0.0,2.0,4,1,10
86382,16,2,3,10,6,3,0,1,0,1,2,23,2,3,1.0,0.0,0.0,1.0,0.0,1.0,7,6,6
130931,15,2,3,10,8,3,0,1,1,1,0,18,2,2,0.0,0.0,0.0,0.0,0.0,3.0,12,7,9
94613,15,7,3,17,8,3,6,5,0,1,2,18,2,2,0.0,0.0,0.0,0.0,0.0,3.0,9,7,7
62721,15,2,3,0,8,3,0,1,0,1,2,18,2,2,0.0,0.0,0.0,0.0,0.0,3.0,17,3,5
134232,16,2,3,17,8,3,0,1,0,1,2,3,2,2,0.0,0.0,0.0,0.0,0.0,2.0,13,3,9
163688,15,2,1,17,8,3,0,1,0,1,1,18,2,2,0.0,0.0,0.0,0.0,0.0,3.0,4,5,11
167866,16,7,3,0,8,3,6,1,0,1,2,6,2,3,1.0,0.0,0.0,1.0,0.0,3.0,11,1,11
152149,16,2,3,15,2,3,0,1,1,1,1,36,2,2,0.0,0.0,0.0,0.0,0.0,2.0,17,2,10
10332,16,10,3,0,6,3,4,5,1,1,2,18,2,2,0.0,0.0,0.0,0.0,0.0,4.0,13,6,1
72112,15,2,3,0,8,3,0,1,0,1,2,5,2,3,2.0,0.0,0.0,2.0,0.0,2.0,18,4,6
46929,16,3,3,10,8,3,5,5,1,1,1,9,2,2,0.0,0.0,0.0,0.0,0.0,2.0,13,2,4
50847,4,2,3,0,11,3,0,1,1,1,2,36,2,2,0.0,0.0,0.0,0.0,0.0,2.0,11,6,4
29057,16,2,4,0,6,3,0,1,1,1,1,6,2,2,0.0,0.0,0.0,0.0,0.0,2.0,18,5,3
74116,16,2,3,17,6,3,0,5,1,1,2,12,2,2,0.0,0.0,0.0,0.0,0.0,3.0,9,6,6
30125,15,2,3,0,8,3,0,1,1,1,2,18,2,2,0.0,0.0,0.0,0.0,0.0,2.0,8,2,3
85396,16,7,3,17,6,3,6,1,0,1,2,6,2,3,1.0,0.0,0.0,1.0,0.0,1.0,15,6,6
42718,16,7,0,0,15,3,6,1,0,1,2,6,5,2,0.0,0.0,0.0,0.0,0.0,2.0,0,2,4
91219,4,2,1,7,8,3,5,5,0,0,2,36,2,2,0.0,0.0,0.0,0.0,0.0,1.0,23,4,7
74320,16,2,3,17,8,3,0,1,1,1,2,6,2,2,0.0,0.0,0.0,0.0,0.0,3.0,11,2,6
138787,15,3,3,0,8,3,0,5,0,1,2,5,2,2,0.0,0.0,0.0,0.0,0.0,2.0,15,3,10
28484,15,2,1,11,8,3,0,1,1,1,2,21,2,2,0.0,0.0,0.0,0.0,0.0,2.0,2,2,3
187777,4,10,1,17,8,3,4,1,1,1,0,19,2,2,0.0,0.0,0.0,0.0,0.0,3.0,17,3,12
161578,16,2,1,9,15,2,0,1,0,1,2,36,2,3,1.0,0.0,0.0,1.0,0.0,1.0,5,4,11
33397,16,2,3,17,8,3,0,1,1,1,2,12,2,2,0.0,0.0,0.0,0.0,0.0,2.0,18,2,3
71807,16,2,3,15,2,3,0,1,1,1,1,36,2,2,0.0,0.0,0.0,0.0,0.0,2.0,13,6,6
150103,16,2,1,10,8,3,0,1,1,1,2,36,2,2,0.0,0.0,0.0,0.0,0.0,2.0,23,6,10
110948,18,2,3,17,3,3,0,1,0,1,2,18,2,2,0.0,0.0,0.0,0.0,0.0,2.0,17,3,8
105457,16,2,3,0,6,3,0,1,1,1,1,36,3,2,0.0,0.0,0.0,0.0,0.0,3.0,14,5,8
17224,16,2,3,15,6,3,0,1,1,1,0,36,2,2,0.0,0.0,0.0,0.0,0.0,2.0,11,7,2
127952,16,2,5,10,17,3,5,5,1,1,2,19,2,2,0.0,0.0,0.0,0.0,0.0,2.0,20,7,9
16088,16,7,3,0,8,3,6,1,0,1,2,6,2,2,0.0,0.0,0.0,0.0,0.0,5.0,10,1,2
106971,15,2,3,0,15,3,0,1,1,0,1,18,2,2,0.0,0.0,0.0,0.0,0.0,3.0,10,6,8
23484,16,2,1,0,2,3,0,1,0,1,2,5,2,1,1.0,0.0,1.0,0.0,0.0,1.0,4,6,2
37633,15,2,3,17,1,3,0,1,0,1,2,18,2,2,0.0,0.0,0.0,0.0,0.0,2.0,17,4,3
128852,15,2,3,8,8,3,0,1,1,1,2,18,2,2,0.0,0.0,0.0,0.0,0.0,5.0,15,1,9
38075,16,2,3,15,2,3,0,1,1,1,2,23,2,2,0.0,0.0,0.0,0.0,0.0,3.0,8,5,3
37242,16,2,3,10,2,3,6,1,0,1,2,19,2,2,0.0,0.0,0.0,0.0,0.0,3.0,14,4,3
83804,15,2,1,9,15,3,0,5,0,1,2,18,2,3,1.0,0.0,0.0,1.0,0.0,2.0,1,1,6
158117,16,2,3,9,10,3,0,5,0,1,0,36,2,4,1.0,0.0,0.0,0.0,1.0,1.0,14,2,11
152199,16,7,3,10,8,3,6,1,1,1,1,19,2,2,0.0,0.0,0.0,0.0,0.0,2.0,12,4,10
31692,16,2,3,17,6,3,0,1,1,1,2,24,2,2,0.0,0.0,0.0,0.0,0.0,3.0,16,3,3
4520,16,2,3,17,11,3,0,1,0,1,2,12,2,2,0.0,0.0,0.0,0.0,0.0,2.0,10,5,1
133263,16,2,3,8,6,3,0,1,0,1,1,36,2,3,1.0,0.0,0.0,1.0,0.0,1.0,15,4,9
83032,15,2,3,0,6,3,0,1,1,1,2,5,2,2,0.0,0.0,0.0,0.0,0.0,2.0,9,4,6
12744,16,2,3,9,2,3,0,1,0,1,1,18,2,3,1.0,0.0,0.0,1.0,0.0,1.0,15,5,1
9389,16,2,3,17,6,3,0,1,0,1,1,24,2,2,0.0,0.0,0.0,0.0,0.0,2.0,16,4,1
55394,15,2,3,10,2,3,0,1,1,1,2,36,2,2,0.0,0.0,0.0,0.0,0.0,2.0,17,7,4
55631,16,2,3,10,8,3,0,1,1,1,1,36,2,2,0.0,0.0,0.0,0.0,0.0,2.0,13,3,4
150724,16,2,1,0,8,3,0,1,0,1,2,28,4,2,0.0,0.0,0.0,0.0,0.0,8.0,23,7,10
50128,16,2,3,10,8,3,0,1,1,1,2,19,2,2,0.0,0.0,0.0,0.0,0.0,2.0,8,2,4
102455,16,2,3,17,2,3,0,1,1,1,2,36,2,2,0.0,0.0,0.0,0.0,0.0,3.0,10,1,7
99462,15,2,3,0,8,3,0,1,0,1,2,5,2,2,0.0,0.0,0.0,0.0,0.0,3.0,15,6,7
110674,16,11,5,10,8,3,5,5,1,1,2,19,2,2,0.0,0.0,0.0,0.0,0.0,2.0,11,6,8
133631,16,2,1,17,2,3,0,1,1,1,0,22,2,2,0.0,0.0,0.0,0.0,0.0,2.0,22,1,9
122117,15,2,3,17,15,3,0,1,0,1,2,18,2,2,0.0,0.0,0.0,0.0,0.0,2.0,15,3,9
44483,16,2,3,10,6,3,0,1,1,1,2,19,2,2,0.0,0.0,0.0,0.0,0.0,2.0,11,6,4
19449,16,2,3,17,8,3,0,1,0,1,2,36,2,2,0.0,0.0,0.0,0.0,0.0,3.0,8,4,2
123279,16,2,3,15,6,3,0,5,1,1,1,24,2,2,0.0,0.0,0.0,0.0,0.0,3.0,11,5,9
146154,16,7,1,10,3,3,6,1,0,1,2,17,4,4,1.0,0.0,0.0,0.0,1.0,4.0,22,7,10
128822,16,2,3,10,6,3,0,1,0,1,2,19,2,3,1.0,0.0,0.0,1.0,0.0,1.0,11,6,9
46225,15,2,3,0,2,3,0,1,1,1,2,18,2,2,0.0,0.0,0.0,0.0,0.0,3.0,16,3,4
3366,15,2,3,10,10,3,1,1,1,1,2,39,2,2,0.0,0.0,0.0,0.0,0.0,3.0,8,3,1
47897,16,2,3,0,6,3,6,1,0,1,2,6,2,2,0.0,0.0,0.0,0.0,0.0,2.0,11,4,4
8087,4,7,1,17,8,3,6,1,1,1,0,36,2,2,0.0,0.0,0.0,0.0,0.0,2.0,19,3,1
89070,16,2,3,10,6,3,0,1,1,1,2,19,2,2,0.0,0.0,0.0,0.0,0.0,3.0,14,7,7
49456,16,2,3,17,2,3,0,1,0,0,2,24,2,2,0.0,0.0,0.0,0.0,0.0,2.0,16,3,4
54677,16,2,2,10,8,3,0,1,0,1,2,8,2,2,0.0,0.0,0.0,0.0,0.0,3.0,5,1,4
71672,16,2,3,10,8,3,0,1,1,1,1,19,2,2,0.0,0.0,0.0,0.0,0.0,2.0,12,4,5
129558,4,2,0,8,8,3,0,1,0,1,0,18,2,3,1.0,0.0,0.0,1.0,0.0,1.0,9,1,9
170732,16,2,1,9,2,3,6,1,0,1,1,17,2,4,1.0,0.0,0.0,0.0,1.0,1.0,16,4,11
95523,16,11,5,10,3,3,5,5,1,1,2,19,2,2,0.0,0.0,0.0,0.0,0.0,4.0,16,7,7
165563,16,7,1,17,6,3,6,1,0,1,2,6,2,2,0.0,0.0,0.0,0.0,0.0,2.0,0,2,11
165281,15,2,1,0,5,3,0,1,0,1,2,5,2,1,2.0,0.0,1.0,0.0,1.0,1.0,21,1,11
15858,16,2,3,10,6,3,0,1,1,1,1,36,3,2,0.0,0.0,0.0,0.0,0.0,3.0,14,5,2
186411,16,2,1,17,6,3,0,1,1,1,1,24,2,2,0.0,0.0,0.0,0.0,0.0,2.0,16,5,12
107802,15,2,3,17,8,3,0,1,0,1,2,18,2,3,1.0,0.0,0.0,1.0,0.0,2.0,7,4,8
56095,16,2,1,17,2,3,0,1,0,1,2,18,2,3,1.0,0.0,0.0,1.0,0.0,7.0,21,3,5
150075,15,2,1,0,6,3,0,1,0,1,2,36,3,3,1.0,0.0,0.0,1.0,0.0,3.0,18,6,10
16302,16,2,3,0,8,3,0,1,1,1,2,6,2,2,0.0,0.0,0.0,0.0,0.0,2.0,6,6,2
76604,16,2,1,17,8,3,0,1,0,1,2,18,2,1,2.0,0.0,2.0,0.0,0.0,1.0,0,7,6
164734,15,2,1,17,1,3,6,1,1,1,2,24,2,2,0.0,0.0,0.0,0.0,0.0,2.0,21,3,11
168204,15,2,3,0,8,3,5,5,1,1,2,18,2,2,0.0,0.0,0.0,0.0,0.0,2.0,11,5,11
166441,16,3,3,17,6,3,6,1,1,1,2,18,2,2,0.0,0.0,0.0,0.0,0.0,3.0,8,3,11
96040,16,11,0,15,3,3,5,5,1,1,2,19,2,2,0.0,0.0,0.0,0.0,0.0,2.0,22,1,7
132182,16,7,4,9,6,3,6,1,0,1,0,36,2,4,1.0,0.0,0.0,0.0,1.0,1.0,6,3,9
82049,16,11,3,10,3,3,5,5,1,1,1,19,2,2,0.0,0.0,0.0,0.0,0.0,2.0,18,2,6
176196,16,2,1,0,8,3,0,1,1,1,2,36,2,2,0.0,0.0,0.0,0.0,0.0,2.0,17,3,12
73709,16,2,3,17,6,3,0,1,1,1,2,36,2,2,0.0,0.0,0.0,0.0,0.0,2.0,11,7,6
43058,16,2,1,17,8,3,0,1,0,1,2,18,2,3,2.0,0.0,0.0,2.0,0.0,1.0,21,1,4
139766,16,2,1,10,8,3,0,5,1,1,2,36,2,2,0.0,0.0,0.0,0.0,0.0,2.0,21,4,10
140044,16,2,3,0,8,3,0,1,1,1,1,36,2,2,0.0,0.0,0.0,0.0,0.0,2.0,12,6,10
152963,15,2,3,0,6,3,0,5,1,1,1,36,2,2,0.0,0.0,0.0,0.0,0.0,2.0,16,1,10
77955,16,2,1,17,1,3,0,1,0,1,2,18,2,2,0.0,0.0,0.0,0.0,0.0,3.0,23,7,6
187492,15,11,3,17,6,3,5,5,1,1,1,36,2,2,0.0,0.0,0.0,0.0,0.0,2.0,19,7,12
7457,16,2,1,17,6,3,4,1,0,1,2,12,2,4,1.0,0.0,0.0,0.0,1.0,1.0,17,2,1
114949,16,3,3,17,6,3,0,1,1,1,2,36,2,2,0.0,0.0,0.0,0.0,0.0,2.0,11,1,8
145406,16,2,3,17,8,3,0,1,0,1,2,18,2,4,1.0,0.0,0.0,0.0,1.0,1.0,13,4,10
103406,16,2,1,2,2,3,0,1,0,1,2,30,1,3,1.0,0.0,0.0,1.0,0.0,0.0,2,1,7
109824,15,2,1,0,10,3,0,1,0,1,2,15,3,2,0.0,0.0,0.0,0.0,0.0,3.0,1,7,8
43450,15,2,3,17,8,3,0,1,0,1,2,5,2,2,0.0,0.0,0.0,0.0,0.0,5.0,15,1,4
158849,15,2,3,0,6,3,0,1,0,1,2,36,2,2,0.0,0.0,0.0,0.0,0.0,2.0,13,6,11
141996,4,2,3,17,8,3,5,5,0,1,1,23,2,4,1.0,0.0,0.0,0.0,1.0,3.0,12,6,10
25673,16,10,1,17,3,3,6,1,0,1,2,24,2,2,0.0,0.0,0.0,0.0,0.0,4.0,20,6,2
61533,16,2,1,0,6,3,0,1,0,1,1,36,2,4,1.0,0.0,0.0,0.0,1.0,3.0,21,7,5
1062,16,3,3,0,8,3,6,1,0,1,2,36,2,4,1.0,0.0,0.0,0.0,1.0,1.0,9,4,1
77258,16,2,3,15,8,3,0,1,0,1,1,36,2,2,0.0,0.0,0.0,0.0,0.0,2.0,9,3,6
88417,15,7,1,17,15,3,6,1,1,1,0,18,2,2,0.0,0.0,0.0,0.0,0.0,3.0,20,3,7
133722,6,2,3,10,17,3,2,2,1,1,0,26,2,2,0.0,0.0,0.0,0.0,0.0,2.0,16,3,9
62996,4,7,3,17,3,3,6,1,1,1,2,36,2,2,0.0,0.0,0.0,0.0,0.0,2.0,16,1,5
111848,17,11,5,15,10,3,5,5,1,1,2,36,2,2,0.0,0.0,0.0,0.0,0.0,2.0,21,3,8
153828,16,2,3,8,6,3,0,1,1,1,0,18,2,2,0.0,0.0,0.0,0.0,0.0,2.0,14,2,10
94190,15,2,3,10,2,3,0,1,0,1,2,13,2,2,0.0,0.0,0.0,0.0,0.0,2.0,12,7,7
81039,16,2,3,15,8,3,0,1,1,1,1,22,2,2,0.0,0.0,0.0,0.0,0.0,2.0,14,3,6
147699,15,7,3,0,8,3,6,1,1,1,1,18,2,2,0.0,0.0,0.0,0.0,0.0,2.0,10,1,10
97315,16,2,1,17,8,3,0,1,0,1,2,18,2,4,1.0,0.0,0.0,0.0,1.0,3.0,2,1,7
151294,4,7,3,15,8,3,6,1,1,1,2,22,2,2,0.0,0.0,0.0,0.0,0.0,4.0,11,1,10
81696,4,2,3,7,8,3,0,1,1,1,1,36,2,2,0.0,0.0,0.0,0.0,0.0,1.0,14,6,6
12940,16,2,3,10,8,3,0,1,0,1,2,28,2,1,2.0,0.0,2.0,0.0,0.0,1.0,14,7,1
173327,15,2,4,17,1,3,0,1,1,1,2,18,2,2,0.0,0.0,0.0,0.0,0.0,3.0,15,2,12
80461,4,2,3,17,8,3,0,1,0,1,2,18,2,1,2.0,0.0,1.0,1.0,0.0,1.0,13,1,6
9486,16,2,1,0,6,3,6,1,1,1,2,17,2,2,0.0,0.0,0.0,0.0,0.0,2.0,22,5,1
161441,16,2,1,17,8,3,0,1,1,1,1,36,2,2,0.0,0.0,0.0,0.0,0.0,2.0,17,1,11
71841,16,2,3,9,8,3,0,1,0,1,1,18,2,4,1.0,0.0,0.0,0.0,1.0,1.0,17,6,6
19603,16,2,3,17,6,3,0,1,1,1,2,23,2,2,0.0,0.0,0.0,0.0,0.0,2.0,14,7,2
157642,15,2,0,0,10,3,0,1,0,1,2,5,2,2,0.0,0.0,0.0,0.0,0.0,2.0,21,2,11
133620,4,2,4,15,8,3,0,1,1,1,2,23,2,2,0.0,0.0,0.0,0.0,0.0,2.0,19,1,9
150746,16,2,1,10,2,3,0,1,0,1,2,19,2,2,0.0,0.0,0.0,0.0,0.0,2.0,2,1,10
139018,16,3,3,15,6,3,6,1,1,1,1,17,2,2,0.0,0.0,0.0,0.0,0.0,2.0,17,7,10
21079,16,2,3,10,10,3,0,1,1,1,2,19,2,2,0.0,0.0,0.0,0.0,0.0,2.0,15,3,2
99130,15,7,1,0,8,3,6,5,1,1,2,18,3,2,0.0,0.0,0.0,0.0,0.0,3.0,20,7,7
27082,15,2,1,17,10,3,0,1,0,1,2,24,2,3,1.0,0.0,0.0,1.0,0.0,2.0,3,1,2
118487,16,2,3,17,8,3,0,1,1,1,2,36,2,2,0.0,0.0,0.0,0.0,0.0,2.0,16,6,8
76590,15,2,3,0,8,3,0,1,1,1,2,36,2,2,0.0,0.0,0.0,0.0,0.0,2.0,8,7,6
36624,16,2,3,15,8,3,0,1,1,1,2,22,2,2,0.0,0.0,0.0,0.0,0.0,2.0,11,7,3
99262,15,2,3,8,10,3,0,1,0,1,0,11,2,3,1.0,0.0,0.0,1.0,0.0,2.0,12,1,7
24881,16,2,3,17,2,3,0,1,1,1,1,18,2,2,0.0,0.0,0.0,0.0,0.0,4.0,9,5,2
60132,16,7,1,17,8,3,6,1,0,1,2,6,2,3,1.0,0.0,0.0,1.0,0.0,1.0,2,5,5
141068,16,7,3,17,8,3,6,1,1,1,2,18,2,2,0.0,0.0,0.0,0.0,0.0,4.0,16,7,10
169718,15,10,3,0,11,3,4,1,1,1,2,18,2,2,0.0,0.0,0.0,0.0,0.0,4.0,8,2,11
142062,16,2,1,17,2,3,0,5,0,1,2,18,2,3,2.0,0.0,0.0,2.0,0.0,5.0,2,1,10
169008,16,2,3,10,8,3,0,1,0,1,2,36,2,4,1.0,0.0,0.0,0.0,1.0,1.0,11,5,11
48824,16,2,3,10,8,3,6,5,1,1,2,19,3,2,0.0,0.0,0.0,0.0,0.0,3.0,18,6,4