crash_date,               traffic_control_device,weather_condition,lighting_condition,first_crash_type,trafficway_type,alignment,roadway_surface_cond,road_defect,crash_type,intersection_related_i,damage,prim_contributory_cause,num_units,most_severe_injury,injuries_total,injuries_fatal,injuries_incapacitating,injuries_non_incapacitating,injuries_reported_not_evident,injuries_no_indication,crash_hour,crash_day_of_week,crash_month
67042,16,2,3,17,6,3,0,1,1,1,2,36,2,2,0.0,0.0,0.0,0.0,0.0,19.0,11,4,5
42106,15,7,3,0,6,3,6,1,1,1,2,36,2,2,0.0,0.0,0.0,0.0,0.0,2.0,10,5,3
165956,16,2,1,15,3,3,0,1,1,1,2,22,2,2,0.0,0.0,0.0,0.0,0.0,2.0,1,1,11
138717,16,2,1,0,3,3,0,1,0,1,2,6,2,2,0.0,0.0,0.0,0.0,0.0,2.0,22,4,10
5807,15,2,3,0,6,3,0,1,0,1,2,5,2,3,1.0,0.0,0.0,1.0,0.0,2.0,12,4,1
158810,16,2,3,17,8,3,0,1,1,1,1,22,2,2,0.0,0.0,0.0,0.0,0.0,2.0,7,4,11
111625,16,2,0,3,10,3,0,5,1,1,1,11,2,2,0.0,0.0,0.0,0.0,0.0,3.0,1,7,8
101119,4,2,3,17,2,3,0,5,0,1,2,36,2,2,0.0,0.0,0.0,0.0,0.0,2.0,15,4,7
14820,15,10,3,17,6,3,4,1,1,1,2,24,2,2,0.0,0.0,0.0,0.0,0.0,3.0,8,6,1
149841,15,2,0,0,8,3,0,1,1,1,2,18,2,2,0.0,0.0,0.0,0.0,0.0,3.0,3,2,10
58636,16,2,3,15,10,3,0,1,1,1,1,18,2,2,0.0,0.0,0.0,0.0,0.0,4.0,13,4,5
161716,15,2,1,0,6,3,0,5,0,1,1,38,2,4,1.0,0.0,0.0,0.0,1.0,2.0,22,6,11
151678,4,2,3,17,1,3,0,1,0,1,2,18,3,3,1.0,0.0,0.0,1.0,0.0,3.0,9,5,10
164769,16,3,3,10,2,3,6,1,0,1,2,19,2,2,0.0,0.0,0.0,0.0,0.0,3.0,14,6,11
140279,16,2,1,17,8,3,0,1,1,1,1,6,2,2,0.0,0.0,0.0,0.0,0.0,2.0,9,4,10
127878,16,2,0,15,11,3,0,1,1,1,2,19,2,2,0.0,0.0,0.0,0.0,0.0,2.0,20,6,9
187079,16,2,3,17,2,3,0,1,0,1,1,36,2,2,0.0,0.0,0.0,0.0,0.0,5.0,10,5,12
52036,16,2,3,15,8,3,0,1,1,1,2,18,2,2,0.0,0.0,0.0,0.0,0.0,2.0,7,2,4
21043,16,11,5,10,2,3,5,5,1,1,2,36,2,2,0.0,0.0,0.0,0.0,0.0,2.0,8,3,2
81593,16,2,3,10,8,3,0,1,1,1,2,19,2,2,0.0,0.0,0.0,0.0,0.0,2.0,12,3,6
121357,16,2,1,0,8,3,0,1,0,1,2,36,2,3,2.0,0.0,0.0,1.0,1.0,0.0,1,5,9
38033,4,2,3,17,8,3,0,1,0,1,1,36,2,4,1.0,0.0,0.0,0.0,1.0,1.0,15,5,3
21345,15,2,3,10,8,3,4,1,1,1,1,39,2,2,0.0,0.0,0.0,0.0,0.0,2.0,10,6,2
143465,16,2,3,0,8,3,5,5,1,1,2,3,2,2,0.0,0.0,0.0,0.0,0.0,2.0,15,5,10
45722,16,2,1,14,2,3,0,1,0,1,2,26,2,2,0.0,0.0,0.0,0.0,0.0,2.0,22,7,4
22573,18,2,3,17,3,4,0,1,1,1,2,36,2,2,0.0,0.0,0.0,0.0,0.0,2.0,8,6,2
107606,15,2,3,0,8,3,0,5,0,1,1,5,2,2,0.0,0.0,0.0,0.0,0.0,3.0,16,2,8
32729,16,2,3,10,10,3,6,1,1,1,0,36,2,2,0.0,0.0,0.0,0.0,0.0,2.0,17,5,3
164699,16,3,3,17,3,3,0,1,0,1,2,36,2,2,0.0,0.0,0.0,0.0,0.0,3.0,9,7,11
64306,16,2,1,0,6,3,0,1,0,1,2,6,2,3,1.0,0.0,0.0,1.0,0.0,1.0,1,2,5
177098,4,2,1,0,6,3,0,1,1,1,2,18,3,2,0.0,0.0,0.0,0.0,0.0,3.0,22,2,12
153101,16,2,3,10,8,3,0,1,1,1,2,19,2,2,0.0,0.0,0.0,0.0,0.0,2.0,7,4,10
172850,16,7,0,17,8,3,6,1,0,1,2,26,2,4,1.0,0.0,0.0,0.0,1.0,1.0,18,1,12
143912,15,2,3,9,6,3,0,1,0,1,0,18,2,1,1.0,0.0,1.0,0.0,0.0,1.0,9,4,10
77457,4,2,1,17,8,3,0,1,1,1,2,24,2,2,0.0,0.0,0.0,0.0,0.0,4.0,23,7,6
184321,17,2,0,0,17,3,0,1,1,0,1,26,2,2,0.0,0.0,0.0,0.0,0.0,2.0,0,7,12
93024,4,2,3,15,8,3,5,1,1,0,2,18,2,2,0.0,0.0,0.0,0.0,0.0,2.0,16,4,7
165103,16,2,1,10,15,3,0,1,0,1,2,36,3,2,0.0,0.0,0.0,0.0,0.0,3.0,1,5,11
95292,16,2,3,17,6,3,0,1,1,1,1,18,2,2,0.0,0.0,0.0,0.0,0.0,2.0,11,5,7
121041,16,2,1,10,8,3,0,1,1,1,1,19,2,2,0.0,0.0,0.0,0.0,0.0,2.0,4,1,9
28818,15,2,1,0,2,3,0,1,1,1,2,18,2,2,0.0,0.0,0.0,0.0,0.0,2.0,3,7,3
172269,16,2,1,10,8,3,4,1,1,1,1,19,2,2,0.0,0.0,0.0,0.0,0.0,2.0,17,7,12
31855,15,7,1,0,6,3,6,6,0,1,2,26,2,2,0.0,0.0,0.0,0.0,0.0,2.0,19,6,3
139188,15,2,1,0,8,3,0,1,1,1,1,36,2,2,0.0,0.0,0.0,0.0,0.0,4.0,21,2,10
18404,16,2,2,10,8,3,0,1,1,1,1,19,2,2,0.0,0.0,0.0,0.0,0.0,2.0,6,6,2
174416,15,2,1,0,8,3,0,1,1,1,2,36,2,2,0.0,0.0,0.0,0.0,0.0,3.0,17,4,12
119415,4,7,3,7,8,3,6,5,1,0,2,36,2,2,0.0,0.0,0.0,0.0,0.0,1.0,11,3,8
50825,16,2,3,17,10,3,0,1,0,1,2,24,2,2,0.0,0.0,0.0,0.0,0.0,7.0,9,6,4
120957,15,2,3,0,8,3,0,1,0,1,2,18,2,2,0.0,0.0,0.0,0.0,0.0,2.0,16,6,9
96196,16,2,3,8,10,3,0,1,0,1,0,6,2,3,1.0,0.0,0.0,1.0,0.0,1.0,7,4,7
67449,16,2,3,15,2,3,0,1,1,0,2,36,2,2,0.0,0.0,0.0,0.0,0.0,2.0,13,3,5
10745,16,2,3,9,6,3,0,1,0,1,0,36,2,4,1.0,0.0,0.0,0.0,1.0,1.0,13,6,1
168515,16,3,1,15,10,3,0,1,1,1,2,22,2,2,0.0,0.0,0.0,0.0,0.0,4.0,16,5,11
124938,4,2,4,0,8,3,0,1,1,1,1,18,2,2,0.0,0.0,0.0,0.0,0.0,2.0,19,6,9
100513,16,2,4,8,6,3,0,1,0,0,1,28,3,1,1.0,0.0,1.0,0.0,0.0,2.0,20,1,7
37696,16,2,3,0,11,3,0,1,0,1,1,36,2,2,0.0,0.0,0.0,0.0,0.0,2.0,17,5,3
73060,16,2,3,17,6,3,0,1,1,1,0,22,2,2,0.0,0.0,0.0,0.0,0.0,2.0,13,5,6
154426,14,2,3,17,8,3,0,1,0,1,2,24,2,0,2.0,1.0,1.0,0.0,0.0,0.0,15,6,10
37185,15,2,3,2,8,3,0,1,0,1,2,16,2,3,1.0,0.0,0.0,1.0,0.0,0.0,14,3,3
172744,16,2,1,17,10,3,0,1,1,1,2,38,2,2,0.0,0.0,0.0,0.0,0.0,2.0,23,6,12
40056,16,2,3,10,8,3,6,1,1,1,1,36,2,2,0.0,0.0,0.0,0.0,0.0,2.0,17,1,3
42018,4,2,3,0,8,3,0,5,0,1,2,36,3,2,0.0,0.0,0.0,0.0,0.0,2.0,7,4,3
117073,16,2,3,17,8,3,0,5,1,1,2,12,2,2,0.0,0.0,0.0,0.0,0.0,3.0,13,6,8
51093,15,2,3,9,6,3,0,1,0,1,2,2,2,1,1.0,0.0,1.0,0.0,0.0,1.0,16,5,4
6595,16,3,3,10,11,3,0,1,1,1,2,17,2,2,0.0,0.0,0.0,0.0,0.0,2.0,16,2,1
169329,4,2,3,7,2,3,0,1,0,0,2,21,2,2,0.0,0.0,0.0,0.0,0.0,3.0,12,2,11
92073,16,2,1,17,8,3,0,1,0,1,2,17,2,2,0.0,0.0,0.0,0.0,0.0,3.0,21,3,7
147617,4,2,3,17,10,3,0,1,1,0,1,22,2,2,0.0,0.0,0.0,0.0,0.0,2.0,17,6,10
41156,16,2,3,0,6,3,0,1,0,1,2,18,2,2,0.0,0.0,0.0,0.0,0.0,2.0,14,2,3
104680,16,2,3,0,6,3,0,1,0,1,2,18,2,2,0.0,0.0,0.0,0.0,0.0,4.0,17,6,8
174953,4,2,0,10,2,3,0,1,1,1,0,36,2,2,0.0,0.0,0.0,0.0,0.0,2.0,17,4,12
60939,16,2,3,17,3,3,0,4,1,1,2,23,2,2,0.0,0.0,0.0,0.0,0.0,2.0,7,4,5
78642,16,7,1,15,2,3,6,5,0,1,1,36,2,2,0.0,0.0,0.0,0.0,0.0,2.0,21,3,6
6560,15,10,1,10,8,3,4,5,0,1,2,39,2,2,0.0,0.0,0.0,0.0,0.0,2.0,18,1,1
169493,16,2,3,17,2,3,0,1,0,1,2,18,2,2,0.0,0.0,0.0,0.0,0.0,5.0,11,6,11
163174,16,2,1,17,2,3,0,1,1,1,0,36,2,2,0.0,0.0,0.0,0.0,0.0,2.0,17,5,11
100439,16,2,4,15,8,3,5,5,1,1,1,36,2,2,0.0,0.0,0.0,0.0,0.0,6.0,18,7,7
115791,16,2,3,15,2,3,0,1,0,1,1,19,2,4,1.0,0.0,0.0,0.0,1.0,1.0,12,6,8
783,16,2,3,17,8,3,0,1,1,1,2,36,2,2,0.0,0.0,0.0,0.0,0.0,2.0,11,7,1
149072,17,11,5,10,6,3,5,5,1,1,2,36,2,2,0.0,0.0,0.0,0.0,0.0,2.0,11,6,10
128433,18,2,3,0,8,3,0,1,1,1,2,18,2,2,0.0,0.0,0.0,0.0,0.0,4.0,14,7,9
75913,15,2,3,0,10,3,0,1,1,1,1,36,2,2,0.0,0.0,0.0,0.0,0.0,2.0,17,5,6
125142,16,2,3,17,15,3,0,1,1,1,2,22,2,2,0.0,0.0,0.0,0.0,0.0,12.0,12,2,9
183699,16,2,1,17,8,3,0,1,1,1,1,36,2,2,0.0,0.0,0.0,0.0,0.0,2.0,16,6,12
79090,16,2,3,17,6,3,0,1,1,1,1,24,2,2,0.0,0.0,0.0,0.0,0.0,3.0,13,3,6
76621,16,7,3,17,2,3,6,1,0,1,1,36,2,2,0.0,0.0,0.0,0.0,0.0,2.0,14,1,6
122905,15,2,3,17,6,3,0,1,1,1,2,36,2,2,0.0,0.0,0.0,0.0,0.0,4.0,15,5,9
172843,15,2,1,10,8,3,0,1,1,1,1,19,2,2,0.0,0.0,0.0,0.0,0.0,2.0,5,1,12
186953,16,7,0,17,6,3,6,1,1,1,2,22,2,2,0.0,0.0,0.0,0.0,0.0,4.0,17,6,12
149830,16,2,1,17,8,3,0,1,1,1,2,18,2,2,0.0,0.0,0.0,0.0,0.0,2.0,0,1,10
15987,16,2,1,10,8,3,0,1,0,1,2,19,2,4,2.0,0.0,0.0,0.0,2.0,1.0,19,6,2
159826,16,2,1,9,8,3,0,1,0,1,2,18,2,3,1.0,0.0,0.0,1.0,0.0,1.0,18,5,11
2534,4,2,1,10,2,3,0,1,1,1,2,36,2,2,0.0,0.0,0.0,0.0,0.0,2.0,20,1,1
23797,16,2,0,17,2,3,4,1,0,1,2,24,2,4,1.0,0.0,0.0,0.0,1.0,1.0,23,6,2
83180,4,3,3,0,2,4,6,1,1,1,2,18,2,2,0.0,0.0,0.0,0.0,0.0,3.0,13,6,6
4033,15,2,1,0,6,3,0,1,0,1,2,5,2,2,0.0,0.0,0.0,0.0,0.0,3.0,3,5,1
41260,15,2,3,0,6,3,0,1,1,1,1,18,2,2,0.0,0.0,0.0,0.0,0.0,2.0,15,4,3
66184,16,2,3,10,2,3,0,1,1,1,1,36,3,2,0.0,0.0,0.0,0.0,0.0,3.0,15,3,5
178012,16,2,1,17,15,3,6,1,0,1,2,36,2,3,2.0,0.0,0.0,2.0,0.0,3.0,1,7,12
141698,16,2,1,17,13,3,0,1,0,1,2,37,2,1,3.0,0.0,3.0,0.0,0.0,1.0,5,1,10
117262,15,2,3,17,2,3,0,1,0,1,2,24,2,3,1.0,0.0,0.0,1.0,0.0,1.0,11,7,8
87901,4,2,3,7,2,3,0,1,1,1,1,36,2,2,0.0,0.0,0.0,0.0,0.0,1.0,14,2,7
91715,16,2,1,10,2,3,5,5,1,1,2,28,2,2,0.0,0.0,0.0,0.0,0.0,3.0,23,5,7
70907,4,2,0,7,10,3,0,1,1,1,2,36,3,2,0.0,0.0,0.0,0.0,0.0,1.0,2,1,5
29748,15,2,3,10,8,3,0,1,1,1,2,36,2,2,0.0,0.0,0.0,0.0,0.0,2.0,16,4,3
104786,16,2,1,17,2,3,6,1,1,1,1,18,2,2,0.0,0.0,0.0,0.0,0.0,2.0,23,1,8
42902,15,2,3,0,3,3,0,5,0,1,2,36,2,3,2.0,0.0,0.0,2.0,0.0,1.0,13,6,4
100919,4,2,3,10,8,3,0,1,1,1,2,19,2,2,0.0,0.0,0.0,0.0,0.0,2.0,9,6,7
61434,4,2,3,0,10,3,0,1,1,1,1,18,2,2,0.0,0.0,0.0,0.0,0.0,2.0,18,5,5
74312,15,2,4,10,8,3,0,5,1,1,2,26,2,2,0.0,0.0,0.0,0.0,0.0,3.0,20,2,6
186128,16,11,5,15,3,3,5,5,1,1,2,36,2,2,0.0,0.0,0.0,0.0,0.0,2.0,16,4,12
106777,16,2,3,17,2,3,0,1,0,1,2,18,3,2,0.0,0.0,0.0,0.0,0.0,4.0,7,2,8
170827,16,2,3,17,2,3,0,1,1,0,1,36,2,2,0.0,0.0,0.0,0.0,0.0,3.0,13,7,11
92989,15,2,3,0,8,3,0,1,0,1,2,18,2,1,2.0,0.0,2.0,0.0,0.0,1.0,19,3,7
55577,4,2,2,17,8,3,0,1,0,1,2,23,2,3,2.0,0.0,0.0,2.0,0.0,0.0,16,2,4
154162,16,7,3,15,2,3,6,1,1,1,1,36,2,2,0.0,0.0,0.0,0.0,0.0,4.0,17,6,10
142553,15,2,3,9,6,3,0,1,0,1,0,5,2,3,1.0,0.0,0.0,1.0,0.0,1.0,11,7,10
101425,15,2,3,0,6,3,0,1,0,1,2,5,3,2,0.0,0.0,0.0,0.0,0.0,4.0,18,7,7
117828,4,2,3,15,8,3,0,1,1,0,1,23,2,2,0.0,0.0,0.0,0.0,0.0,2.0,8,2,8
166972,16,3,3,15,3,3,0,1,1,0,2,22,2,2,0.0,0.0,0.0,0.0,0.0,4.0,9,4,11
179092,15,2,1,0,19,3,0,1,1,1,2,18,2,2,0.0,0.0,0.0,0.0,0.0,2.0,17,6,12
82326,4,2,3,17,8,3,0,1,1,1,2,23,2,2,0.0,0.0,0.0,0.0,0.0,2.0,13,1,6
113838,17,2,3,13,18,3,0,5,1,1,2,36,2,2,0.0,0.0,0.0,0.0,0.0,2.0,15,6,8
115011,16,2,3,15,8,3,0,1,1,1,2,18,2,2,0.0,0.0,0.0,0.0,0.0,2.0,10,2,8
47931,16,2,3,0,6,3,0,1,0,1,2,12,2,3,1.0,0.0,0.0,1.0,0.0,1.0,17,5,4
60453,15,3,3,17,8,3,6,1,0,1,2,18,2,2,0.0,0.0,0.0,0.0,0.0,2.0,15,5,5
178314,15,2,1,0,3,3,0,1,0,1,2,17,2,2,0.0,0.0,0.0,0.0,0.0,2.0,17,3,12
146094,15,2,3,0,8,3,0,5,0,1,2,0,2,3,2.0,0.0,0.0,2.0,0.0,4.0,10,6,10
91276,16,2,3,15,8,3,0,5,1,1,1,23,2,2,0.0,0.0,0.0,0.0,0.0,2.0,13,6,7
93071,15,2,3,7,6,3,0,1,1,1,2,20,2,2,0.0,0.0,0.0,0.0,0.0,1.0,14,5,7
63261,16,2,3,10,6,3,0,1,1,1,2,17,2,2,0.0,0.0,0.0,0.0,0.0,2.0,8,4,5
7591,16,7,3,17,2,3,6,1,1,1,1,36,2,2,0.0,0.0,0.0,0.0,0.0,2.0,11,2,1
88541,16,2,3,10,2,3,0,1,1,1,0,19,3,2,0.0,0.0,0.0,0.0,0.0,3.0,18,6,7
24965,16,2,3,10,8,3,0,1,1,1,1,19,2,2,0.0,0.0,0.0,0.0,0.0,2.0,14,7,2
151099,15,2,3,0,8,3,0,1,1,1,2,36,2,2,0.0,0.0,0.0,0.0,0.0,2.0,8,4,10
50874,4,2,3,0,8,3,0,1,0,1,1,6,2,4,1.0,0.0,0.0,0.0,1.0,1.0,17,7,4
114115,16,3,3,14,8,3,0,1,1,1,0,36,2,2,0.0,0.0,0.0,0.0,0.0,2.0,7,2,8
166333,16,2,1,0,15,3,0,1,0,1,2,6,4,1,4.0,0.0,2.0,2.0,0.0,2.0,23,7,11
124179,16,2,3,17,8,3,0,5,1,1,2,24,2,2,0.0,0.0,0.0,0.0,0.0,2.0,17,4,9
80483,4,2,3,17,11,3,0,1,0,0,2,18,2,2,0.0,0.0,0.0,0.0,0.0,3.0,17,1,6
161009,16,2,1,17,3,2,0,5,1,1,2,36,2,2,0.0,0.0,0.0,0.0,0.0,2.0,20,1,11
124458,16,2,1,17,2,3,0,1,0,1,2,18,2,1,2.0,0.0,1.0,1.0,0.0,1.0,0,6,9
14551,16,7,1,17,19,3,6,1,0,1,2,18,2,3,1.0,0.0,0.0,1.0,0.0,2.0,4,3,1
167766,15,2,0,0,6,3,0,1,1,1,1,36,2,2,0.0,0.0,0.0,0.0,0.0,2.0,18,6,11
51457,16,2,3,8,8,3,0,5,0,1,2,17,2,1,1.0,0.0,1.0,0.0,0.0,1.0,15,5,4
79766,18,2,3,8,8,3,0,1,1,1,0,18,2,2,0.0,0.0,0.0,0.0,0.0,2.0,18,5,6
117699,16,2,1,15,8,3,0,1,0,1,2,18,2,1,1.0,0.0,1.0,0.0,0.0,1.0,21,2,8
21544,6,7,1,17,3,3,6,1,0,1,2,3,2,3,1.0,0.0,0.0,1.0,0.0,1.0,21,3,2
39976,17,2,3,0,2,4,0,5,1,1,2,36,2,2,0.0,0.0,0.0,0.0,0.0,2.0,14,7,3
170782,15,3,3,17,8,3,0,1,1,1,2,18,2,2,0.0,0.0,0.0,0.0,0.0,2.0,12,4,11
99785,16,2,3,7,8,3,0,1,1,1,2,32,2,2,0.0,0.0,0.0,0.0,0.0,1.0,17,3,7
130813,15,2,3,17,15,3,0,1,1,1,2,24,2,2,0.0,0.0,0.0,0.0,0.0,2.0,15,5,9
24574,16,2,1,17,8,3,0,1,1,0,2,12,2,2,0.0,0.0,0.0,0.0,0.0,2.0,5,6,2
139422,16,3,3,15,2,3,0,1,1,0,1,18,2,2,0.0,0.0,0.0,0.0,0.0,2.0,16,5,10
20194,16,2,3,10,8,3,0,1,1,1,1,36,2,2,0.0,0.0,0.0,0.0,0.0,2.0,21,2,2
185594,15,2,3,0,6,3,0,1,0,1,2,36,4,3,3.0,0.0,0.0,3.0,0.0,2.0,13,1,12
68899,16,2,2,0,18,3,0,1,0,1,2,6,2,2,0.0,0.0,0.0,0.0,0.0,2.0,6,4,5
163441,16,2,1,0,15,3,0,5,0,1,2,6,2,4,1.0,0.0,0.0,0.0,1.0,1.0,16,3,11
41269,16,2,3,15,3,3,0,1,1,1,0,26,2,2,0.0,0.0,0.0,0.0,0.0,4.0,16,4,3
30088,16,2,1,0,8,3,0,1,0,1,2,37,2,2,0.0,0.0,0.0,0.0,0.0,2.0,0,1,3
94728,4,2,3,8,19,3,0,1,0,1,1,18,2,3,1.0,0.0,0.0,1.0,0.0,1.0,18,3,7
51671,16,2,3,17,8,3,0,1,0,1,2,18,2,2,0.0,0.0,0.0,0.0,0.0,3.0,8,7,4
100721,15,11,1,17,15,3,5,5,0,1,2,36,2,2,0.0,0.0,0.0,0.0,0.0,2.0,23,5,7
174088,15,2,3,0,8,3,0,1,1,1,2,18,2,2,0.0,0.0,0.0,0.0,0.0,2.0,12,7,12
99382,16,2,3,15,3,3,0,1,1,1,2,22,3,2,0.0,0.0,0.0,0.0,0.0,3.0,10,3,7
6525,4,2,3,0,8,3,0,5,1,1,2,38,2,2,0.0,0.0,0.0,0.0,0.0,3.0,10,7,1
15353,16,2,3,15,2,3,6,1,1,1,2,23,2,2,0.0,0.0,0.0,0.0,0.0,2.0,14,3,2
181713,16,3,3,10,6,3,0,1,0,1,2,17,3,4,3.0,0.0,0.0,0.0,3.0,2.0,11,7,12
54811,16,7,0,17,4,3,6,1,0,1,0,6,2,3,1.0,0.0,0.0,1.0,0.0,2.0,23,4,4
74759,15,2,3,0,6,3,0,1,1,1,2,5,2,2,0.0,0.0,0.0,0.0,0.0,4.0,16,2,6
150115,16,2,3,15,2,3,0,1,1,1,2,23,2,2,0.0,0.0,0.0,0.0,0.0,2.0,13,7,10
82363,15,2,3,0,6,3,0,1,0,1,2,18,7,1,2.0,0.0,1.0,1.0,0.0,1.0,18,1,6
39247,16,2,1,10,9,3,0,1,1,1,1,36,2,2,0.0,0.0,0.0,0.0,0.0,3.0,12,6,3
361,16,7,1,17,6,3,6,1,0,1,2,26,2,2,0.0,0.0,0.0,0.0,0.0,4.0,2,1,1
155244,4,2,3,15,2,3,0,1,1,0,0,22,2,2,0.0,0.0,0.0,0.0,0.0,3.0,10,4,10
102971,16,2,3,8,6,3,2,3,0,1,0,32,2,4,1.0,0.0,0.0,0.0,1.0,1.0,13,3,7
149055,15,2,1,10,10,2,0,1,1,1,1,19,2,2,0.0,0.0,0.0,0.0,0.0,4.0,19,6,10
5746,15,2,3,0,8,3,0,1,1,1,2,5,2,2,0.0,0.0,0.0,0.0,0.0,2.0,12,3,1
31103,16,2,3,15,2,3,0,1,1,1,1,36,2,2,0.0,0.0,0.0,0.0,0.0,4.0,6,5,3
178073,16,2,1,10,6,3,0,5,1,1,2,36,2,2,0.0,0.0,0.0,0.0,0.0,2.0,23,7,12
98720,16,2,3,10,8,3,0,1,1,1,1,19,2,2,0.0,0.0,0.0,0.0,0.0,3.0,7,6,7
54225,16,7,1,17,19,3,6,1,0,1,2,6,2,2,0.0,0.0,0.0,0.0,0.0,2.0,23,2,4
170302,16,2,3,10,2,3,0,1,1,1,2,22,2,2,0.0,0.0,0.0,0.0,0.0,2.0,17,4,11
19920,16,10,3,0,6,3,6,1,0,1,2,36,2,2,0.0,0.0,0.0,0.0,0.0,2.0,12,5,2
58728,6,3,3,15,8,3,6,1,0,1,2,23,2,2,0.0,0.0,0.0,0.0,0.0,2.0,9,5,5
148541,16,2,3,17,6,3,0,1,1,1,2,36,2,2,0.0,0.0,0.0,0.0,0.0,3.0,15,7,10
36982,16,7,1,17,6,3,6,1,1,1,2,24,2,2,0.0,0.0,0.0,0.0,0.0,3.0,3,7,3
18577,15,2,3,11,6,3,0,1,1,1,1,9,2,2,0.0,0.0,0.0,0.0,0.0,2.0,13,3,2
43198,15,7,3,0,8,3,6,5,1,1,2,36,2,2,0.0,0.0,0.0,0.0,0.0,2.0,15,3,4
15742,15,2,3,17,2,3,0,5,1,1,2,18,2,2,0.0,0.0,0.0,0.0,0.0,3.0,17,1,2
129241,16,2,3,9,6,3,0,1,0,1,0,36,2,3,1.0,0.0,0.0,1.0,0.0,2.0,7,5,9
146257,16,2,3,10,6,3,0,1,1,1,1,19,2,2,0.0,0.0,0.0,0.0,0.0,2.0,15,3,10
35037,4,7,0,0,8,3,6,1,0,1,2,36,2,4,2.0,0.0,0.0,0.0,2.0,0.0,19,1,3
157971,16,7,3,17,8,3,6,1,0,1,2,24,2,2,0.0,0.0,0.0,0.0,0.0,2.0,7,2,11
190,16,2,1,0,6,3,0,1,0,1,2,6,2,2,0.0,0.0,0.0,0.0,0.0,2.0,3,4,1
57562,16,2,3,17,10,3,0,1,1,1,2,23,2,2,0.0,0.0,0.0,0.0,0.0,2.0,10,6,5
179089,17,2,3,0,15,3,0,1,1,1,2,18,2,2,0.0,0.0,0.0,0.0,0.0,5.0,16,6,12
11176,16,10,1,9,2,3,6,1,0,1,2,36,2,3,1.0,0.0,0.0,1.0,0.0,1.0,17,5,1
184270,4,7,3,10,2,3,0,1,0,0,2,19,2,2,0.0,0.0,0.0,0.0,0.0,2.0,13,7,12
135025,16,2,3,15,8,3,0,1,1,1,2,36,2,2,0.0,0.0,0.0,0.0,0.0,2.0,15,7,9
64651,16,2,0,5,8,3,0,1,1,1,1,13,2,2,0.0,0.0,0.0,0.0,0.0,2.0,20,6,5
98966,16,2,3,17,6,3,0,1,1,1,2,36,2,2,0.0,0.0,0.0,0.0,0.0,2.0,16,5,7
114936,15,2,1,17,8,3,0,1,0,0,2,12,2,3,2.0,0.0,0.0,2.0,0.0,2.0,20,1,8
159905,16,2,1,15,6,3,0,1,1,1,1,36,2,2,0.0,0.0,0.0,0.0,0.0,2.0,20,6,11
23080,16,2,1,0,8,3,0,1,0,1,2,36,2,2,0.0,0.0,0.0,0.0,0.0,2.0,3,1,2
13991,16,2,1,17,6,3,0,1,0,1,2,18,2,3,2.0,0.0,0.0,2.0,0.0,0.0,21,6,1
28774,16,2,1,10,1,3,0,1,1,1,0,19,2,2,0.0,0.0,0.0,0.0,0.0,3.0,21,6,3
52144,15,2,4,10,2,3,0,1,1,1,1,36,2,2,0.0,0.0,0.0,0.0,0.0,2.0,18,2,4
133779,16,2,3,10,6,3,0,1,1,1,0,37,3,2,0.0,0.0,0.0,0.0,0.0,3.0,11,3,9
14359,4,2,3,15,8,3,0,5,0,1,2,18,2,3,1.0,0.0,0.0,1.0,0.0,1.0,9,5,1
188245,15,7,4,0,6,3,6,1,1,1,2,6,2,2,0.0,0.0,0.0,0.0,0.0,3.0,6,2,12
186773,16,2,1,0,8,3,0,1,1,1,2,36,2,2,0.0,0.0,0.0,0.0,0.0,4.0,21,2,12
37196,12,2,3,10,11,4,0,1,1,1,0,17,2,2,0.0,0.0,0.0,0.0,0.0,2.0,17,3,3
50072,4,2,1,11,12,3,0,1,1,1,2,18,2,2,0.0,0.0,0.0,0.0,0.0,2.0,20,1,4
68215,16,2,3,17,3,3,0,1,1,1,2,6,2,2,0.0,0.0,0.0,0.0,0.0,2.0,7,6,5
6698,16,3,3,17,2,3,6,1,0,1,0,19,2,3,1.0,0.0,0.0,1.0,0.0,1.0,8,3,1
141720,16,2,3,2,2,3,0,1,0,1,2,28,2,2,0.0,0.0,0.0,0.0,0.0,2.0,11,1,10
155022,4,2,0,17,15,3,0,1,0,1,2,18,2,3,2.0,0.0,0.0,2.0,0.0,0.0,19,4,10
1071,16,2,1,17,1,3,0,1,1,1,1,18,2,2,0.0,0.0,0.0,0.0,0.0,2.0,23,4,1
14040,16,2,3,2,6,3,0,1,0,1,2,9,1,2,0.0,0.0,0.0,0.0,0.0,2.0,7,7,1
100618,4,2,3,7,11,3,0,1,1,1,2,36,2,2,0.0,0.0,0.0,0.0,0.0,1.0,14,3,7
65516,16,11,3,0,18,3,5,5,0,1,2,36,2,3,1.0,0.0,0.0,1.0,0.0,2.0,14,1,5
188252,16,7,3,15,6,3,6,1,0,1,2,8,2,2,0.0,0.0,0.0,0.0,0.0,2.0,8,2,12
8416,16,2,0,9,8,3,0,6,0,1,0,18,2,1,1.0,0.0,1.0,0.0,0.0,1.0,23,2,1
105863,15,2,1,17,8,3,0,1,1,1,0,24,2,2,0.0,0.0,0.0,0.0,0.0,2.0,22,3,8
135262,16,6,1,0,8,3,0,1,0,1,2,38,2,4,1.0,0.0,0.0,0.0,1.0,2.0,2,5,9