crash_date,               traffic_control_device,weather_condition,lighting_condition,first_crash_type,trafficway_type,alignment,roadway_surface_cond,road_defect,crash_type,intersection_related_i,damage,prim_contributory_cause,num_units,most_severe_injury,injuries_total,injuries_fatal,injuries_incapacitating,injuries_non_incapacitating,injuries_reported_not_evident,injuries_no_indication,crash_hour,crash_day_of_week,crash_month
17948,16,2,4,17,8,3,0,1,1,1,2,36,2,2,0.0,0.0,0.0,0.0,0.0,2.0,20,5,2
143988,16,2,1,17,6,3,0,6,1,1,2,12,2,2,0.0,0.0,0.0,0.0,0.0,2.0,23,6,10
106783,15,7,3,0,2,3,6,1,0,1,2,18,2,4,1.0,0.0,0.0,0.0,1.0,2.0,9,2,8
100698,4,2,4,5,8,3,0,1,0,0,1,38,2,1,1.0,0.0,1.0,0.0,0.0,3.0,18,5,7
142073,16,2,3,2,2,3,0,1,1,1,2,17,1,2,0.0,0.0,0.0,0.0,0.0,1.0,6,1,10
18951,16,2,3,10,8,3,0,1,1,1,1,19,2,2,0.0,0.0,0.0,0.0,0.0,2.0,13,3,2
124200,15,2,3,0,6,3,0,1,0,1,2,5,2,3,2.0,0.0,0.0,2.0,0.0,4.0,7,4,9
104894,16,2,3,15,8,3,0,1,1,1,2,36,2,2,0.0,0.0,0.0,0.0,0.0,3.0,19,3,8
110908,16,2,3,10,13,3,0,1,1,1,2,19,2,2,0.0,0.0,0.0,0.0,0.0,2.0,8,2,8
149119,17,11,5,0,6,3,5,5,1,1,2,36,2,2,0.0,0.0,0.0,0.0,0.0,2.0,22,1,10
14012,16,2,3,7,10,3,4,5,0,1,2,36,2,2,0.0,0.0,0.0,0.0,0.0,1.0,14,7,1
35133,16,2,3,9,1,3,0,1,0,1,0,18,2,3,1.0,0.0,0.0,1.0,0.0,1.0,17,3,3
151908,4,7,3,17,3,3,6,1,1,1,2,18,2,2,0.0,0.0,0.0,0.0,0.0,2.0,16,3,10
3014,16,2,3,9,2,3,6,1,1,1,0,18,2,2,0.0,0.0,0.0,0.0,0.0,2.0,13,2,1
64522,6,2,3,15,8,3,0,1,1,0,0,23,2,2,0.0,0.0,0.0,0.0,0.0,2.0,8,6,5
75287,16,2,3,17,2,3,0,2,1,1,2,24,2,2,0.0,0.0,0.0,0.0,0.0,2.0,13,3,6
34075,16,2,3,0,6,3,0,1,0,1,2,6,2,3,1.0,0.0,0.0,1.0,0.0,1.0,17,7,3
105314,15,2,1,0,8,3,6,1,0,1,2,36,3,4,3.0,0.0,0.0,0.0,3.0,3.0,21,2,8
144804,16,2,2,10,8,3,0,1,0,1,2,17,2,3,1.0,0.0,0.0,1.0,0.0,2.0,6,1,10
188270,4,10,1,2,6,3,4,1,0,1,2,18,1,2,0.0,0.0,0.0,0.0,0.0,1.0,22,2,12
163171,16,2,0,0,6,3,0,5,1,1,2,24,2,2,0.0,0.0,0.0,0.0,0.0,4.0,16,5,11
172639,15,7,3,0,6,3,6,1,0,1,2,18,2,2,0.0,0.0,0.0,0.0,0.0,4.0,8,6,12
71099,16,2,3,17,6,3,0,1,1,1,2,24,2,2,0.0,0.0,0.0,0.0,0.0,2.0,16,5,5
155108,4,2,3,10,3,3,0,1,1,0,1,19,2,2,0.0,0.0,0.0,0.0,0.0,4.0,9,2,10
71045,4,2,3,0,6,3,0,1,0,1,2,38,2,4,1.0,0.0,0.0,0.0,1.0,2.0,17,3,5
77857,4,2,3,15,8,3,0,1,1,1,2,22,2,2,0.0,0.0,0.0,0.0,0.0,2.0,9,6,6
72241,16,7,3,10,6,3,6,1,0,1,2,36,2,3,3.0,0.0,0.0,3.0,0.0,2.0,17,7,6
102914,16,2,1,17,8,3,0,1,1,1,2,36,2,2,0.0,0.0,0.0,0.0,0.0,3.0,23,1,7
75386,16,2,3,17,6,3,0,1,0,1,2,17,2,1,1.0,0.0,1.0,0.0,0.0,1.0,19,4,6
142795,16,7,0,9,1,3,6,1,0,1,0,26,2,4,1.0,0.0,0.0,0.0,1.0,1.0,18,3,10
56158,15,3,3,0,6,3,6,1,0,1,2,5,2,2,0.0,0.0,0.0,0.0,0.0,2.0,8,4,5
4604,16,7,1,11,8,3,6,5,1,1,1,21,2,2,0.0,0.0,0.0,0.0,0.0,3.0,22,6,1
171774,16,7,1,2,6,3,6,1,1,1,2,14,1,2,0.0,0.0,0.0,0.0,0.0,1.0,3,7,11
37110,16,3,1,17,15,3,0,5,1,1,2,24,2,2,0.0,0.0,0.0,0.0,0.0,2.0,19,3,3
130824,16,2,1,17,6,3,0,1,1,1,2,24,2,2,0.0,0.0,0.0,0.0,0.0,2.0,17,5,9
25314,15,7,3,17,8,3,6,1,1,1,2,36,2,2,0.0,0.0,0.0,0.0,0.0,2.0,9,6,2
75002,16,2,0,15,8,3,0,1,1,1,1,36,2,2,0.0,0.0,0.0,0.0,0.0,2.0,19,4,6
138156,16,11,4,10,10,3,5,5,1,1,1,19,2,2,0.0,0.0,0.0,0.0,0.0,2.0,19,6,10
166605,15,2,1,0,6,3,0,1,0,1,2,18,2,4,1.0,0.0,0.0,0.0,1.0,1.0,1,4,11
99513,4,2,1,17,8,3,0,1,1,1,1,36,2,2,0.0,0.0,0.0,0.0,0.0,2.0,23,6,7
10912,16,7,4,0,6,3,6,5,0,1,2,36,2,3,3.0,0.0,0.0,3.0,0.0,0.0,19,1,1
105877,4,2,3,0,15,3,0,1,0,1,2,36,2,2,0.0,0.0,0.0,0.0,0.0,2.0,14,4,8
69424,15,2,3,0,8,3,0,1,1,1,2,18,2,2,0.0,0.0,0.0,0.0,0.0,2.0,7,5,5
105572,15,2,3,0,3,3,0,1,1,1,2,5,2,2,0.0,0.0,0.0,0.0,0.0,2.0,10,7,8
101818,16,2,3,17,6,3,0,1,1,1,2,23,2,2,0.0,0.0,0.0,0.0,0.0,2.0,12,7,7
178333,4,2,3,0,8,3,0,1,1,1,2,17,2,2,0.0,0.0,0.0,0.0,0.0,2.0,8,3,12
139591,16,3,3,0,6,3,0,5,0,1,2,6,2,4,1.0,0.0,0.0,0.0,1.0,1.0,13,2,10
62154,16,3,3,0,2,3,6,1,0,1,2,6,2,1,4.0,0.0,1.0,3.0,0.0,1.0,9,1,5
180613,16,2,1,10,10,3,0,1,1,1,2,36,2,2,0.0,0.0,0.0,0.0,0.0,4.0,23,6,12
26946,16,2,3,0,8,3,0,5,1,1,2,36,2,2,0.0,0.0,0.0,0.0,0.0,2.0,16,6,2
4109,16,2,1,0,6,3,0,1,0,1,2,6,4,3,3.0,0.0,0.0,3.0,0.0,3.0,1,7,1
22847,16,2,3,17,6,3,6,1,1,1,2,18,2,2,0.0,0.0,0.0,0.0,0.0,2.0,7,5,2
75632,16,2,3,0,8,3,0,1,0,1,2,6,2,3,1.0,0.0,0.0,1.0,0.0,1.0,14,7,6
99870,16,2,3,17,8,3,0,1,1,1,1,36,2,2,0.0,0.0,0.0,0.0,0.0,2.0,8,4,7
16927,4,2,3,17,2,3,4,1,0,1,2,18,2,2,0.0,0.0,0.0,0.0,0.0,2.0,8,2,2
6330,16,2,1,17,6,3,0,5,1,1,2,18,2,2,0.0,0.0,0.0,0.0,0.0,2.0,18,6,1
4067,4,2,3,9,11,3,0,1,0,1,0,17,2,3,1.0,0.0,0.0,1.0,0.0,2.0,18,5,1
146155,4,2,1,14,1,3,0,1,1,1,2,36,2,2,0.0,0.0,0.0,0.0,0.0,2.0,22,7,10
33211,16,2,3,10,3,3,5,5,1,1,1,19,2,2,0.0,0.0,0.0,0.0,0.0,2.0,10,6,3
184349,16,2,1,10,8,3,5,1,1,1,1,36,2,2,0.0,0.0,0.0,0.0,0.0,2.0,4,1,12
13247,4,2,3,17,15,3,0,1,0,1,1,26,2,2,0.0,0.0,0.0,0.0,0.0,2.0,8,6,1
175488,16,10,3,10,8,3,4,4,1,1,2,19,2,2,0.0,0.0,0.0,0.0,0.0,4.0,7,5,12
11732,15,10,1,17,3,3,6,5,1,1,2,18,2,2,0.0,0.0,0.0,0.0,0.0,2.0,16,2,1
105214,15,2,1,15,19,3,0,1,1,1,2,36,2,2,0.0,0.0,0.0,0.0,0.0,2.0,4,7,8
177941,4,2,1,7,10,3,0,1,1,0,1,36,2,2,0.0,0.0,0.0,0.0,0.0,1.0,15,6,12
114494,16,2,3,17,6,3,0,1,0,0,1,31,3,4,1.0,0.0,0.0,0.0,1.0,2.0,13,3,8
181390,16,2,1,17,10,3,0,1,0,1,2,11,2,2,0.0,0.0,0.0,0.0,0.0,2.0,17,2,12
76213,16,2,3,17,8,3,6,1,0,1,1,36,2,2,0.0,0.0,0.0,0.0,0.0,2.0,15,3,6
154111,16,2,1,10,8,3,0,1,1,0,2,19,2,2,0.0,0.0,0.0,0.0,0.0,2.0,6,5,10
62013,15,2,3,0,6,3,0,5,1,1,2,5,2,2,0.0,0.0,0.0,0.0,0.0,3.0,16,1,5
564,16,2,1,0,8,3,0,1,0,1,2,6,2,2,0.0,0.0,0.0,0.0,0.0,2.0,17,3,1
12801,16,10,1,17,6,3,4,5,0,1,2,36,2,4,2.0,0.0,0.0,0.0,2.0,1.0,21,5,1
160782,15,2,3,9,6,3,0,1,1,1,0,18,2,2,0.0,0.0,0.0,0.0,0.0,2.0,11,7,11
40100,15,7,3,17,15,3,6,1,1,1,2,18,2,2,0.0,0.0,0.0,0.0,0.0,2.0,13,3,3
8762,9,2,1,9,8,3,0,6,0,1,0,18,2,4,1.0,0.0,0.0,0.0,1.0,1.0,17,6,1
39540,15,2,3,13,2,3,0,5,0,1,2,36,2,2,0.0,0.0,0.0,0.0,0.0,2.0,12,5,3
187695,15,2,3,15,2,3,0,1,1,1,2,18,2,2,0.0,0.0,0.0,0.0,0.0,2.0,13,1,12
185581,16,10,3,0,6,3,4,1,1,1,1,39,2,2,0.0,0.0,0.0,0.0,0.0,3.0,11,7,12
141820,4,2,3,17,8,3,0,1,1,1,1,18,2,2,0.0,0.0,0.0,0.0,0.0,3.0,7,3,10
98056,16,11,5,15,10,3,5,5,1,1,0,9,2,2,0.0,0.0,0.0,0.0,0.0,2.0,19,5,7
56702,16,2,3,17,8,3,0,1,1,1,2,18,2,2,0.0,0.0,0.0,0.0,0.0,2.0,12,7,5
119192,4,2,3,10,2,3,0,1,1,1,0,36,2,2,0.0,0.0,0.0,0.0,0.0,3.0,12,1,8
24003,16,2,4,5,10,3,0,1,0,1,2,26,1,2,0.0,0.0,0.0,0.0,0.0,1.0,15,3,2
156152,16,2,0,10,2,3,0,1,1,1,2,17,2,2,0.0,0.0,0.0,0.0,0.0,2.0,18,4,11
94632,16,2,1,0,8,3,0,1,1,1,2,12,2,2,0.0,0.0,0.0,0.0,0.0,4.0,23,7,7
71271,15,2,3,0,8,3,0,1,1,1,2,18,2,2,0.0,0.0,0.0,0.0,0.0,2.0,7,5,5
105464,16,2,3,15,6,3,0,1,1,1,2,17,2,2,0.0,0.0,0.0,0.0,0.0,3.0,15,5,8
104615,16,2,3,15,10,3,0,5,1,1,2,22,2,2,0.0,0.0,0.0,0.0,0.0,2.0,7,5,8
171627,15,2,1,17,3,3,0,1,0,1,2,15,2,3,2.0,0.0,0.0,2.0,0.0,0.0,17,5,11
39161,16,11,3,17,8,3,5,5,1,1,2,36,2,2,0.0,0.0,0.0,0.0,0.0,2.0,9,5,3
31158,4,2,3,14,2,3,0,1,0,1,2,23,2,2,0.0,0.0,0.0,0.0,0.0,9.0,15,7,3
31021,4,10,5,2,8,3,6,1,0,1,1,11,1,2,0.0,0.0,0.0,0.0,0.0,3.0,2,4,3
186412,16,2,1,0,8,3,0,5,0,1,2,6,2,2,0.0,0.0,0.0,0.0,0.0,4.0,16,5,12
91926,15,2,3,2,10,3,0,3,1,1,2,36,1,2,0.0,0.0,0.0,0.0,0.0,1.0,17,1,7
152029,15,7,0,9,8,3,6,5,0,1,0,36,2,3,2.0,0.0,0.0,2.0,0.0,1.0,20,4,10
170726,16,2,1,0,2,3,0,1,0,1,2,6,2,1,2.0,0.0,1.0,1.0,0.0,0.0,4,4,11
145394,16,2,3,0,8,3,0,1,0,1,2,6,2,2,0.0,0.0,0.0,0.0,0.0,3.0,10,2,10
72748,4,2,3,15,6,4,0,1,1,1,2,22,2,2,0.0,0.0,0.0,0.0,0.0,2.0,12,6,6
60400,16,2,3,2,6,3,0,1,0,1,2,12,1,2,0.0,0.0,0.0,0.0,0.0,1.0,16,3,5
96980,16,2,3,17,8,3,0,1,0,1,2,18,2,3,5.0,0.0,0.0,5.0,0.0,1.0,15,3,7
42942,4,2,3,10,15,3,0,1,0,1,2,36,2,2,0.0,0.0,0.0,0.0,0.0,2.0,9,6,4
17750,15,2,1,0,6,3,0,1,0,1,2,36,2,3,1.0,0.0,0.0,1.0,0.0,1.0,2,3,2
40366,16,2,3,10,8,3,0,1,0,1,2,17,2,2,0.0,0.0,0.0,0.0,0.0,5.0,18,7,3
82904,15,2,3,10,6,3,0,1,1,1,2,17,2,2,0.0,0.0,0.0,0.0,0.0,2.0,17,2,6
162967,4,2,3,17,8,3,0,1,0,1,2,23,2,4,1.0,0.0,0.0,0.0,1.0,1.0,6,4,11
8403,16,2,1,11,6,3,0,1,1,1,2,21,2,2,0.0,0.0,0.0,0.0,0.0,2.0,18,2,1
112111,16,2,1,0,6,3,0,1,0,1,2,6,2,3,3.0,0.0,0.0,3.0,0.0,4.0,22,6,8
108440,16,2,3,0,8,3,0,1,0,1,2,26,2,3,1.0,0.0,0.0,1.0,0.0,3.0,18,1,8
143398,17,7,5,8,17,3,6,1,0,1,2,17,2,1,1.0,0.0,1.0,0.0,0.0,1.0,17,4,10
140270,15,2,3,0,6,3,0,1,0,1,2,5,2,2,0.0,0.0,0.0,0.0,0.0,3.0,8,4,10
141550,16,2,3,10,8,3,0,5,1,1,1,12,2,2,0.0,0.0,0.0,0.0,0.0,2.0,11,7,10
109031,16,2,3,17,8,3,0,5,1,1,2,36,2,2,0.0,0.0,0.0,0.0,0.0,2.0,7,3,8
152109,16,2,3,10,3,3,5,5,1,1,2,19,2,2,0.0,0.0,0.0,0.0,0.0,2.0,8,6,10
187335,16,10,3,9,19,3,4,1,0,1,2,39,2,1,1.0,0.0,1.0,0.0,0.0,1.0,12,3,12
183295,16,7,3,10,8,3,0,1,1,1,0,22,2,2,0.0,0.0,0.0,0.0,0.0,2.0,14,1,12
7553,16,2,3,0,6,3,0,5,1,1,2,36,2,2,0.0,0.0,0.0,0.0,0.0,2.0,11,4,1
87266,15,2,3,0,3,3,0,1,0,1,2,12,2,2,0.0,0.0,0.0,0.0,0.0,2.0,6,6,6
36100,4,2,3,0,8,3,0,1,0,1,1,36,2,2,0.0,0.0,0.0,0.0,0.0,3.0,8,5,3
63937,16,2,3,17,8,3,0,1,1,1,1,24,2,2,0.0,0.0,0.0,0.0,0.0,2.0,12,2,5
148515,16,2,1,10,8,3,6,1,1,1,2,19,2,2,0.0,0.0,0.0,0.0,0.0,2.0,22,5,10
34734,4,3,3,17,10,3,6,1,1,1,2,18,2,2,0.0,0.0,0.0,0.0,0.0,2.0,16,5,3
97069,16,2,4,9,8,3,0,1,0,1,2,36,2,1,1.0,0.0,1.0,0.0,0.0,1.0,20,5,7
181398,15,2,3,0,2,3,0,1,0,1,2,36,2,2,0.0,0.0,0.0,0.0,0.0,2.0,7,2,12
55103,16,2,4,10,8,3,0,1,1,1,2,36,2,2,0.0,0.0,0.0,0.0,0.0,3.0,19,1,4
71216,15,2,3,0,10,3,0,1,0,1,2,5,2,3,3.0,0.0,0.0,3.0,0.0,0.0,13,5,5
153229,4,7,3,10,10,3,6,1,0,1,2,26,2,4,1.0,0.0,0.0,0.0,1.0,11.0,17,6,10
14659,16,2,1,0,3,3,0,1,1,1,2,6,2,2,0.0,0.0,0.0,0.0,0.0,2.0,19,4,1
18897,16,11,3,17,8,3,5,5,1,1,2,36,2,2,0.0,0.0,0.0,0.0,0.0,3.0,12,7,2
172016,15,2,3,0,18,3,5,5,0,1,2,36,2,2,0.0,0.0,0.0,0.0,0.0,2.0,15,5,11
144660,16,2,3,0,8,3,0,1,0,1,2,5,2,2,0.0,0.0,0.0,0.0,0.0,2.0,17,6,10
56106,15,2,3,17,2,3,0,1,1,1,2,24,2,2,0.0,0.0,0.0,0.0,0.0,3.0,11,3,5
127379,4,11,3,17,6,3,5,1,0,1,2,24,2,4,1.0,0.0,0.0,0.0,1.0,1.0,6,6,9
55517,16,7,3,2,8,3,6,3,1,1,0,33,1,2,0.0,0.0,0.0,0.0,0.0,1.0,12,7,4
22556,15,2,3,15,8,3,0,1,1,1,1,36,2,2,0.0,0.0,0.0,0.0,0.0,2.0,13,6,2
169892,16,2,3,10,6,3,0,5,1,1,2,19,2,2,0.0,0.0,0.0,0.0,0.0,2.0,14,6,11
947,16,10,1,0,15,3,6,1,0,1,2,12,2,2,0.0,0.0,0.0,0.0,0.0,2.0,17,5,1
116155,16,7,3,0,2,3,6,1,1,1,2,8,3,2,0.0,0.0,0.0,0.0,0.0,4.0,10,4,8
104716,16,2,3,15,3,3,0,1,0,1,1,22,2,4,1.0,0.0,0.0,0.0,1.0,2.0,9,6,8
66755,4,2,3,17,8,3,0,1,1,1,2,18,2,2,0.0,0.0,0.0,0.0,0.0,3.0,8,6,5
183444,16,2,1,2,6,3,0,1,0,1,2,36,1,3,1.0,0.0,0.0,1.0,0.0,0.0,0,3,12
107162,15,3,3,0,6,3,0,5,1,1,2,18,2,2,0.0,0.0,0.0,0.0,0.0,2.0,11,3,8
142238,16,2,3,0,8,3,0,1,0,1,2,6,3,3,3.0,0.0,0.0,3.0,0.0,2.0,16,2,10
128849,15,2,1,0,6,3,0,1,0,1,2,12,4,3,2.0,0.0,0.0,2.0,0.0,0.0,3,1,9
161117,4,2,1,2,8,3,0,1,0,1,1,36,1,2,0.0,0.0,0.0,0.0,0.0,2.0,17,4,11
130694,16,7,3,17,11,3,6,1,1,1,2,26,2,2,0.0,0.0,0.0,0.0,0.0,2.0,6,3,9
30270,15,2,3,17,8,3,0,1,0,1,2,36,2,4,2.0,0.0,0.0,0.0,2.0,1.0,14,6,3
61195,16,7,3,17,6,3,6,5,0,1,2,18,2,2,0.0,0.0,0.0,0.0,0.0,2.0,17,7,5
16542,4,7,3,15,8,3,0,1,0,1,2,26,2,2,0.0,0.0,0.0,0.0,0.0,2.0,14,3,2
85673,15,2,3,8,8,3,0,1,0,1,0,36,2,3,1.0,0.0,0.0,1.0,0.0,1.0,13,4,6
176398,15,2,3,0,8,3,0,1,0,1,2,36,2,0,3.0,1.0,0.0,2.0,0.0,1.0,8,6,12
178766,17,2,3,17,14,3,0,1,1,1,1,23,2,2,0.0,0.0,0.0,0.0,0.0,3.0,9,3,12
73957,16,2,3,17,2,3,0,1,1,1,2,22,2,2,0.0,0.0,0.0,0.0,0.0,6.0,8,3,6
108583,15,2,3,9,8,3,0,1,0,1,0,5,2,3,1.0,0.0,0.0,1.0,0.0,1.0,11,3,8
120576,16,2,3,17,2,3,0,1,1,1,2,24,2,2,0.0,0.0,0.0,0.0,0.0,3.0,11,6,9
185214,16,2,3,17,6,3,0,1,1,1,1,8,2,2,0.0,0.0,0.0,0.0,0.0,5.0,12,2,12
101682,16,2,3,17,3,3,0,1,1,1,1,19,2,2,0.0,0.0,0.0,0.0,0.0,3.0,14,5,7
58206,4,2,3,0,6,3,0,1,0,1,2,36,2,1,1.0,0.0,1.0,0.0,0.0,1.0,19,4,5
134240,15,2,3,10,8,3,0,1,1,1,0,19,2,2,0.0,0.0,0.0,0.0,0.0,2.0,15,3,9
78683,4,2,3,17,15,3,0,1,0,0,2,36,2,2,0.0,0.0,0.0,0.0,0.0,2.0,16,5,6
2850,15,10,3,0,6,3,4,1,1,1,1,36,2,2,0.0,0.0,0.0,0.0,0.0,2.0,11,7,1
3730,16,2,3,10,15,3,0,1,0,1,2,13,2,2,0.0,0.0,0.0,0.0,0.0,2.0,6,1,1
4912,4,10,1,10,3,3,4,1,1,1,2,39,4,2,0.0,0.0,0.0,0.0,0.0,5.0,17,2,1
927,4,2,3,17,8,3,0,1,0,1,2,18,2,2,0.0,0.0,0.0,0.0,0.0,2.0,10,3,1
188048,16,10,3,17,8,3,4,5,1,1,2,36,2,2,0.0,0.0,0.0,0.0,0.0,2.0,9,4,12
106286,15,2,3,17,6,3,0,4,0,1,2,5,2,3,3.0,0.0,0.0,2.0,1.0,1.0,15,2,8
91814,15,7,3,8,6,3,6,5,0,1,0,36,2,3,1.0,0.0,0.0,1.0,0.0,1.0,7,7,7
118373,16,2,3,17,2,3,6,1,0,1,2,24,2,3,1.0,0.0,0.0,1.0,0.0,1.0,8,3,8
178989,4,2,3,17,8,3,0,1,1,1,1,6,2,2,0.0,0.0,0.0,0.0,0.0,2.0,15,5,12
17733,16,2,3,9,8,3,0,5,0,1,2,36,2,3,2.0,0.0,0.0,2.0,0.0,0.0,10,2,2
182352,16,2,3,17,6,3,0,1,0,1,2,18,2,4,1.0,0.0,0.0,0.0,1.0,1.0,10,2,12
164493,16,11,1,17,19,3,5,5,1,1,2,36,2,2,0.0,0.0,0.0,0.0,0.0,3.0,16,3,11
11318,15,10,1,15,15,4,4,1,1,1,2,39,2,2,0.0,0.0,0.0,0.0,0.0,4.0,0,1,1
5206,15,2,3,17,6,3,0,5,1,1,2,18,2,2,0.0,0.0,0.0,0.0,0.0,2.0,7,3,1
153330,16,2,3,0,6,3,0,1,0,1,2,6,2,3,2.0,0.0,0.0,2.0,0.0,5.0,9,1,10
39390,16,2,1,9,2,3,0,1,0,1,0,35,2,4,1.0,0.0,0.0,0.0,1.0,1.0,21,1,3
23878,16,2,3,9,6,3,0,1,0,1,1,36,2,1,1.0,0.0,1.0,0.0,0.0,1.0,16,1,2
15289,16,3,3,15,15,3,0,1,1,1,1,36,2,2,0.0,0.0,0.0,0.0,0.0,2.0,12,7,2
157697,16,2,3,10,6,3,0,1,1,1,2,36,2,2,0.0,0.0,0.0,0.0,0.0,2.0,9,4,11
96732,15,2,2,15,8,3,0,1,1,1,2,23,2,2,0.0,0.0,0.0,0.0,0.0,2.0,20,5,7
39163,16,2,3,17,8,3,6,1,0,1,2,18,2,2,0.0,0.0,0.0,0.0,0.0,2.0,9,5,3
94978,4,2,3,15,8,3,0,1,1,0,0,12,2,2,0.0,0.0,0.0,0.0,0.0,2.0,7,1,7
80497,16,2,3,0,8,3,0,1,1,1,2,36,2,2,0.0,0.0,0.0,0.0,0.0,5.0,8,1,6
83992,4,2,3,17,8,3,0,1,0,1,2,24,2,2,0.0,0.0,0.0,0.0,0.0,3.0,13,5,6
7291,16,2,1,17,2,3,6,1,0,1,2,36,2,2,0.0,0.0,0.0,0.0,0.0,2.0,19,6,1
20055,16,2,3,9,2,3,0,1,0,1,0,30,2,3,1.0,0.0,0.0,1.0,0.0,1.0,14,1,2
162540,16,2,1,17,8,5,0,1,1,1,1,36,2,2,0.0,0.0,0.0,0.0,0.0,5.0,16,3,11
14087,16,10,3,0,8,3,6,5,0,1,2,13,2,3,2.0,0.0,0.0,2.0,0.0,3.0,16,1,1
59056,16,2,3,0,8,3,0,1,0,1,2,6,2,4,1.0,0.0,0.0,0.0,1.0,2.0,18,2,5
108388,15,2,0,0,11,3,0,5,1,1,2,36,2,2,0.0,0.0,0.0,0.0,0.0,2.0,21,6,8
83359,15,7,1,17,8,3,6,1,1,1,2,5,2,2,0.0,0.0,0.0,0.0,0.0,5.0,20,2,6
99777,16,2,3,10,8,3,0,1,0,1,1,8,3,4,1.0,0.0,0.0,0.0,1.0,2.0,16,3,7
182839,16,2,3,17,6,3,0,1,1,1,2,36,2,2,0.0,0.0,0.0,0.0,0.0,2.0,11,1,12
40018,15,10,3,0,8,3,6,1,0,1,2,18,2,3,1.0,0.0,0.0,1.0,0.0,1.0,10,7,3
182022,15,2,3,17,2,3,0,1,1,1,1,18,2,2,0.0,0.0,0.0,0.0,0.0,2.0,10,3,12
100059,16,2,3,17,1,3,0,5,0,0,2,36,2,2,0.0,0.0,0.0,0.0,0.0,3.0,15,1,7
58231,16,2,3,17,8,3,0,1,1,1,2,36,2,2,0.0,0.0,0.0,0.0,0.0,2.0,11,4,5
2458,16,2,2,2,8,3,0,1,0,1,2,17,1,2,0.0,0.0,0.0,0.0,0.0,1.0,5,7,1
103217,4,2,3,10,15,3,0,1,0,0,2,19,3,2,0.0,0.0,0.0,0.0,0.0,3.0,16,7,7
125730,15,2,3,17,6,0,0,1,0,1,2,18,2,3,1.0,0.0,0.0,1.0,0.0,1.0,11,5,9
64049,16,2,3,0,2,3,0,5,1,1,2,18,2,2,0.0,0.0,0.0,0.0,0.0,2.0,8,5,5
16494,15,2,0,2,8,3,6,1,1,1,2,26,1,2,0.0,0.0,0.0,0.0,0.0,1.0,5,2,2
182019,16,2,3,17,17,3,0,1,0,1,2,17,4,3,1.0,0.0,0.0,1.0,0.0,5.0,10,3,12
68368,15,2,3,17,15,3,0,1,1,1,2,18,2,2,0.0,0.0,0.0,0.0,0.0,2.0,18,3,5
52648,16,2,3,0,8,3,0,1,0,1,2,6,2,3,2.0,0.0,0.0,2.0,0.0,1.0,16,4,4
84097,15,2,3,17,6,3,0,1,0,1,2,17,2,3,1.0,0.0,0.0,1.0,0.0,2.0,19,6,6
141537,15,2,1,0,18,3,0,1,1,1,1,6,3,2,0.0,0.0,0.0,0.0,0.0,3.0,21,7,10
111139,15,11,3,10,8,3,5,5,1,1,1,36,2,2,0.0,0.0,0.0,0.0,0.0,2.0,11,6,8
126195,16,2,3,0,8,3,0,1,1,1,2,18,2,2,0.0,0.0,0.0,0.0,0.0,4.0,18,4,9
15532,16,2,3,10,18,3,0,1,0,0,1,19,2,2,0.0,0.0,0.0,0.0,0.0,2.0,7,5,2
38035,15,2,3,0,11,3,0,1,1,1,1,18,2,2,0.0,0.0,0.0,0.0,0.0,3.0,15,5,3
42629,16,2,1,17,8,3,0,1,1,1,2,36,2,2,0.0,0.0,0.0,0.0,0.0,2.0,20,7,4
165110,15,3,4,17,6,3,0,1,0,1,2,17,2,2,0.0,0.0,0.0,0.0,0.0,2.0,16,5,11
175998,16,2,3,0,8,3,0,1,1,1,2,18,2,2,0.0,0.0,0.0,0.0,0.0,3.0,13,6,12
140769,16,2,3,17,6,3,0,1,0,1,2,18,2,4,2.0,0.0,0.0,0.0,2.0,1.0,10,4,10
120384,4,2,3,8,10,3,0,1,0,0,2,18,2,3,1.0,0.0,0.0,1.0,0.0,1.0,8,5,8
7911,16,7,5,17,8,3,5,5,1,1,2,36,2,2,0.0,0.0,0.0,0.0,0.0,2.0,13,2,1
118827,16,2,3,17,2,3,0,1,1,1,1,24,2,2,0.0,0.0,0.0,0.0,0.0,3.0,6,2,8
124627,4,7,1,7,8,3,6,1,0,1,2,8,3,4,1.0,0.0,0.0,0.0,1.0,0.0,0,3,9
32210,16,2,1,0,3,3,0,1,0,1,2,6,2,2,0.0,0.0,0.0,0.0,0.0,2.0,23,3,3
124162,4,2,3,7,10,3,0,1,1,1,2,36,3,2,0.0,0.0,0.0,0.0,0.0,13.0,14,4,9
117559,4,11,1,17,3,3,5,5,1,1,2,12,2,2,0.0,0.0,0.0,0.0,0.0,2.0,19,6,8
123618,4,2,3,8,8,3,0,1,0,1,0,36,2,4,1.0,0.0,0.0,0.0,1.0,1.0,15,3,9
11745,16,10,3,10,8,3,4,1,1,1,2,19,2,2,0.0,0.0,0.0,0.0,0.0,2.0,7,2,1
136780,16,2,3,17,8,3,0,1,0,1,2,18,2,2,0.0,0.0,0.0,0.0,0.0,2.0,16,4,9
83480,15,11,5,0,8,3,5,5,1,1,2,36,2,2,0.0,0.0,0.0,0.0,0.0,3.0,17,4,6
62838,16,2,3,10,8,3,0,1,1,1,2,19,2,2,0.0,0.0,0.0,0.0,0.0,2.0,15,6,5