crash_date,               traffic_control_device,weather_condition,lighting_condition,first_crash_type,trafficway_type,alignment,roadway_surface_cond,road_defect,crash_type,intersection_related_i,damage,prim_contributory_cause,num_units,most_severe_injury,injuries_total,injuries_fatal,injuries_incapacitating,injuries_non_incapacitating,injuries_reported_not_evident,injuries_no_indication,crash_hour,crash_day_of_week,crash_month
87270,16,2,3,15,8,3,0,1,1,1,1,22,2,2,0.0,0.0,0.0,0.0,0.0,2.0,8,6,6
111562,15,2,3,0,2,3,0,1,0,0,2,18,2,2,0.0,0.0,0.0,0.0,0.0,4.0,14,5,8
155623,16,2,3,10,2,3,0,1,0,1,2,19,2,3,2.0,0.0,0.0,2.0,0.0,2.0,16,5,10
88390,15,2,3,0,2,3,0,1,0,1,2,18,2,2,0.0,0.0,0.0,0.0,0.0,6.0,15,3,7
148946,4,2,3,17,1,3,0,1,0,1,2,24,2,2,0.0,0.0,0.0,0.0,0.0,2.0,12,4,10
156299,16,11,3,10,2,3,5,5,1,1,2,19,2,2,0.0,0.0,0.0,0.0,0.0,2.0,17,4,11
186836,16,2,1,9,6,3,0,1,0,1,0,18,2,3,1.0,0.0,0.0,1.0,0.0,1.0,5,3,12
103005,16,2,3,17,8,3,0,1,0,1,2,36,2,1,2.0,0.0,1.0,0.0,1.0,0.0,18,3,7
40021,16,3,3,10,2,4,0,5,0,1,2,17,2,3,1.0,0.0,0.0,1.0,0.0,1.0,10,7,3
95682,15,3,5,17,8,3,0,1,1,1,1,24,2,2,0.0,0.0,0.0,0.0,0.0,2.0,11,3,7
21102,16,2,3,17,8,3,0,1,1,1,1,36,2,2,0.0,0.0,0.0,0.0,0.0,2.0,12,3,2
149922,16,2,3,15,6,3,0,1,0,1,2,18,2,2,0.0,0.0,0.0,0.0,0.0,3.0,17,3,10
141515,4,11,5,17,6,3,5,5,1,1,2,36,2,2,0.0,0.0,0.0,0.0,0.0,4.0,16,7,10
11817,16,2,3,9,8,3,0,1,0,1,2,18,2,1,1.0,0.0,1.0,0.0,0.0,8.0,10,3,1
45379,17,2,1,10,8,3,0,5,1,1,2,36,2,2,0.0,0.0,0.0,0.0,0.0,2.0,2,7,4
184397,15,2,3,17,2,3,0,1,0,1,2,24,2,4,2.0,0.0,0.0,0.0,2.0,0.0,14,3,12
184453,16,2,1,17,6,3,0,1,1,1,2,12,2,2,0.0,0.0,0.0,0.0,0.0,2.0,4,4,12
143580,16,7,0,2,10,3,6,5,0,1,1,17,1,2,0.0,0.0,0.0,0.0,0.0,2.0,18,6,10
70061,16,2,3,10,6,3,0,1,0,1,2,19,2,3,1.0,0.0,0.0,1.0,0.0,1.0,10,1,5
10682,15,2,3,0,6,3,0,1,1,1,2,5,2,2,0.0,0.0,0.0,0.0,0.0,4.0,13,4,1
127548,16,2,3,0,10,3,0,1,0,1,2,36,2,4,1.0,0.0,0.0,0.0,1.0,1.0,14,3,9
73359,4,2,1,15,11,3,0,1,0,0,2,17,2,2,0.0,0.0,0.0,0.0,0.0,3.0,2,1,6
100213,16,2,3,14,3,3,0,1,1,1,2,18,2,2,0.0,0.0,0.0,0.0,0.0,2.0,18,2,7
188659,4,3,3,17,3,3,6,1,0,1,1,24,2,3,2.0,0.0,0.0,2.0,0.0,2.0,15,2,12
68815,15,2,3,0,8,3,0,1,0,1,2,17,2,2,0.0,0.0,0.0,0.0,0.0,2.0,15,3,5
96867,15,2,4,0,6,3,0,1,0,1,2,5,2,1,3.0,0.0,1.0,1.0,1.0,0.0,20,1,7
18194,4,2,3,10,6,3,0,1,1,1,0,36,2,2,0.0,0.0,0.0,0.0,0.0,2.0,7,3,2
119357,16,2,4,15,8,3,0,1,1,1,1,22,2,2,0.0,0.0,0.0,0.0,0.0,3.0,18,5,8
7149,15,3,3,0,8,3,6,1,1,1,2,18,2,2,0.0,0.0,0.0,0.0,0.0,3.0,8,3,1
59358,16,2,1,0,6,3,5,5,0,1,2,6,2,2,0.0,0.0,0.0,0.0,0.0,2.0,1,1,5
123436,16,2,3,15,8,3,0,1,1,1,1,13,2,2,0.0,0.0,0.0,0.0,0.0,2.0,15,6,9
113242,15,2,1,0,2,4,0,1,0,1,2,5,3,3,2.0,0.0,0.0,2.0,0.0,1.0,4,3,8
105550,17,11,5,7,8,3,5,5,1,1,2,23,2,2,0.0,0.0,0.0,0.0,0.0,1.0,19,7,8
178133,15,2,3,7,6,3,0,1,1,1,1,36,2,2,0.0,0.0,0.0,0.0,0.0,2.0,14,2,12
60031,16,2,3,0,8,3,0,1,1,1,2,18,2,2,0.0,0.0,0.0,0.0,0.0,3.0,16,3,5
124625,16,7,3,0,8,3,6,1,0,1,2,6,2,4,1.0,0.0,0.0,0.0,1.0,1.0,12,3,9
66720,16,2,3,9,2,3,0,1,0,1,2,18,2,3,1.0,0.0,0.0,1.0,0.0,1.0,11,4,5
175819,16,2,3,10,6,3,0,1,1,1,1,36,2,2,0.0,0.0,0.0,0.0,0.0,2.0,15,5,12
44525,16,3,3,17,2,3,6,1,1,1,1,18,2,2,0.0,0.0,0.0,0.0,0.0,2.0,9,5,4
155140,15,2,3,0,2,3,0,1,0,1,2,18,2,4,1.0,0.0,0.0,0.0,1.0,1.0,16,3,10
30907,15,2,3,8,15,3,0,5,0,1,0,36,2,4,1.0,0.0,0.0,0.0,1.0,1.0,14,4,3
5791,16,2,1,0,8,3,0,1,0,1,2,36,2,2,0.0,0.0,0.0,0.0,0.0,2.0,21,4,1
67905,15,2,3,17,8,3,0,1,1,1,1,18,2,2,0.0,0.0,0.0,0.0,0.0,3.0,14,3,5
170639,16,11,1,17,2,3,5,1,1,1,1,18,2,2,0.0,0.0,0.0,0.0,0.0,2.0,17,2,11
145166,15,2,3,10,8,3,0,1,1,1,1,36,2,2,0.0,0.0,0.0,0.0,0.0,2.0,16,4,10
2318,15,11,1,0,8,3,5,5,1,1,2,36,2,2,0.0,0.0,0.0,0.0,0.0,2.0,19,6,1
146672,4,2,1,9,8,3,0,1,0,1,0,18,2,3,1.0,0.0,0.0,1.0,0.0,1.0,22,7,10
145488,16,2,3,17,6,3,0,1,1,1,2,36,2,2,0.0,0.0,0.0,0.0,0.0,2.0,17,5,10
23070,16,2,1,17,2,3,0,1,1,1,2,6,2,2,0.0,0.0,0.0,0.0,0.0,2.0,2,1,2
111563,16,2,3,17,6,3,0,1,1,1,1,36,2,2,0.0,0.0,0.0,0.0,0.0,2.0,14,5,8
121454,15,2,3,8,2,3,0,5,1,1,1,23,2,2,0.0,0.0,0.0,0.0,0.0,2.0,17,6,9
68896,16,2,3,17,6,3,0,1,1,1,1,36,2,2,0.0,0.0,0.0,0.0,0.0,5.0,18,4,5
109426,16,2,2,17,6,3,0,1,1,1,2,18,2,2,0.0,0.0,0.0,0.0,0.0,3.0,19,1,8
53454,16,2,3,0,11,3,0,1,0,1,2,36,2,3,1.0,0.0,0.0,1.0,0.0,1.0,8,3,4
107953,15,2,1,8,15,3,0,1,0,1,0,18,2,3,1.0,0.0,0.0,1.0,0.0,1.0,20,7,8
185942,16,2,3,9,6,3,0,1,0,1,0,36,2,3,1.0,0.0,0.0,1.0,0.0,1.0,11,1,12
142298,16,2,3,0,11,3,0,1,1,1,1,36,2,2,0.0,0.0,0.0,0.0,0.0,2.0,14,3,10
98618,4,2,3,17,8,3,0,5,0,1,2,36,2,4,1.0,0.0,0.0,0.0,1.0,2.0,18,6,7
150352,16,2,1,3,8,3,0,1,0,1,2,28,2,2,0.0,0.0,0.0,0.0,0.0,5.0,0,1,10
63897,16,2,3,15,2,3,0,1,0,1,2,22,2,2,0.0,0.0,0.0,0.0,0.0,2.0,16,2,5
30081,16,2,1,17,8,3,6,1,1,1,2,36,2,2,0.0,0.0,0.0,0.0,0.0,2.0,18,1,3
122380,16,2,3,11,6,3,0,1,1,1,1,17,2,2,0.0,0.0,0.0,0.0,0.0,4.0,18,4,9
69181,16,3,3,17,10,3,0,1,1,0,2,36,2,2,0.0,0.0,0.0,0.0,0.0,2.0,11,6,5
132781,16,2,1,17,6,3,0,1,0,1,2,24,2,1,1.0,0.0,1.0,0.0,0.0,3.0,22,4,9
100658,16,2,1,0,8,3,0,1,1,1,2,23,2,2,0.0,0.0,0.0,0.0,0.0,2.0,21,3,7
150746,16,2,1,17,6,3,0,5,0,1,2,36,2,3,1.0,0.0,0.0,1.0,0.0,3.0,2,1,10
36034,16,2,3,17,3,3,0,1,1,1,2,24,2,2,0.0,0.0,0.0,0.0,0.0,3.0,19,4,3
19877,15,10,3,10,6,3,4,5,1,1,2,19,2,2,0.0,0.0,0.0,0.0,0.0,2.0,14,5,2
155937,15,2,3,17,15,3,0,1,1,1,2,36,2,2,0.0,0.0,0.0,0.0,0.0,2.0,11,6,11
95589,16,2,3,15,8,3,0,1,1,1,2,23,2,2,0.0,0.0,0.0,0.0,0.0,3.0,18,2,7
133608,16,2,1,17,2,3,0,1,1,1,1,36,2,2,0.0,0.0,0.0,0.0,0.0,3.0,4,1,9
110804,15,2,3,0,2,3,0,1,0,1,2,18,2,2,0.0,0.0,0.0,0.0,0.0,2.0,13,3,8
94631,16,2,1,17,8,3,0,1,1,0,2,24,2,2,0.0,0.0,0.0,0.0,0.0,2.0,23,7,7
188547,16,2,1,17,2,5,0,1,1,1,2,35,2,2,0.0,0.0,0.0,0.0,0.0,2.0,22,5,12
29050,4,2,3,10,8,3,0,1,1,1,2,19,2,2,0.0,0.0,0.0,0.0,0.0,2.0,17,5,3
140664,15,2,3,2,8,3,5,1,0,1,2,36,2,3,1.0,0.0,0.0,1.0,0.0,1.0,13,3,10
42638,15,2,1,0,6,3,0,1,0,1,2,18,2,3,1.0,0.0,0.0,1.0,0.0,1.0,22,7,4
20048,16,2,3,17,2,3,0,1,0,1,2,24,2,3,3.0,0.0,0.0,2.0,1.0,0.0,12,7,2
87899,16,2,3,10,2,3,0,1,1,1,2,17,2,2,0.0,0.0,0.0,0.0,0.0,2.0,14,2,7
18818,16,10,3,0,2,3,4,5,0,1,2,6,2,2,0.0,0.0,0.0,0.0,0.0,2.0,8,6,2
88450,4,2,3,15,6,3,0,1,1,1,1,36,2,2,0.0,0.0,0.0,0.0,0.0,3.0,12,3,7
179671,16,2,1,0,3,3,0,1,0,1,2,6,2,3,1.0,0.0,0.0,1.0,0.0,1.0,2,7,12
145327,4,7,1,17,8,3,6,1,1,0,2,24,2,2,0.0,0.0,0.0,0.0,0.0,4.0,23,1,10
12460,16,2,1,3,2,3,0,1,0,1,2,37,2,3,1.0,0.0,0.0,1.0,0.0,1.0,23,6,1
44025,16,11,5,17,6,3,5,5,1,1,1,36,2,2,0.0,0.0,0.0,0.0,0.0,3.0,10,3,4
114201,16,2,1,17,8,3,0,1,0,1,2,22,2,3,1.0,0.0,0.0,1.0,0.0,3.0,22,3,8
171852,16,3,3,17,8,3,0,1,0,1,2,36,2,2,0.0,0.0,0.0,0.0,0.0,2.0,13,2,11
6413,16,2,1,10,3,3,6,1,1,1,2,28,3,2,0.0,0.0,0.0,0.0,0.0,3.0,21,7,1
105703,16,2,3,15,8,3,0,1,1,1,2,19,2,2,0.0,0.0,0.0,0.0,0.0,2.0,20,7,8
28967,16,2,3,10,2,3,0,1,1,1,2,36,2,2,0.0,0.0,0.0,0.0,0.0,2.0,9,3,3
148390,16,2,3,0,2,3,0,1,1,1,2,18,3,2,0.0,0.0,0.0,0.0,0.0,4.0,15,4,10
43183,16,7,3,10,8,3,6,1,1,1,2,39,2,2,0.0,0.0,0.0,0.0,0.0,2.0,13,3,4
51487,16,2,1,17,6,3,0,1,0,1,2,6,3,2,0.0,0.0,0.0,0.0,0.0,2.0,19,5,4
160688,4,2,2,17,6,3,0,1,1,1,2,36,2,2,0.0,0.0,0.0,0.0,0.0,2.0,17,5,11
33843,15,10,3,7,2,3,4,1,1,1,1,16,2,2,0.0,0.0,0.0,0.0,0.0,1.0,8,2,3
162580,4,2,3,17,8,3,0,1,1,1,2,24,2,2,0.0,0.0,0.0,0.0,0.0,2.0,10,3,11
42359,16,2,3,17,8,3,0,1,1,1,1,13,2,2,0.0,0.0,0.0,0.0,0.0,2.0,15,2,4
126442,15,7,3,10,8,3,6,1,1,1,2,36,2,2,0.0,0.0,0.0,0.0,0.0,2.0,14,2,9
187780,16,10,1,10,8,3,4,1,1,1,2,36,2,2,0.0,0.0,0.0,0.0,0.0,2.0,17,3,12
187010,17,10,5,4,8,0,4,5,1,1,0,26,1,2,0.0,0.0,0.0,0.0,0.0,1.0,16,2,12
111055,4,2,1,17,15,3,0,1,0,1,2,18,2,2,0.0,0.0,0.0,0.0,0.0,5.0,22,4,8
96201,15,2,3,10,8,3,6,2,0,1,2,36,3,2,0.0,0.0,0.0,0.0,0.0,3.0,7,4,7
72965,16,2,3,0,6,3,0,1,0,1,2,6,2,3,2.0,0.0,0.0,1.0,1.0,2.0,17,2,6
173030,16,2,3,11,6,3,5,5,1,1,2,36,2,2,0.0,0.0,0.0,0.0,0.0,2.0,7,5,12
118488,16,2,3,17,3,3,0,1,1,1,2,36,2,2,0.0,0.0,0.0,0.0,0.0,2.0,16,6,8
11774,16,2,1,0,6,3,0,1,1,1,1,30,2,2,0.0,0.0,0.0,0.0,0.0,3.0,1,3,1
172996,16,2,3,10,6,3,0,1,1,1,0,36,2,2,0.0,0.0,0.0,0.0,0.0,2.0,12,4,12
153185,16,2,3,17,8,3,0,1,0,1,2,17,2,2,0.0,0.0,0.0,0.0,0.0,2.0,8,5,10
75046,16,2,3,10,8,3,0,1,1,1,0,36,2,2,0.0,0.0,0.0,0.0,0.0,2.0,18,5,6
18650,15,2,1,17,8,3,0,1,1,1,2,36,2,2,0.0,0.0,0.0,0.0,0.0,3.0,18,4,2
182046,16,2,3,10,2,3,0,1,1,1,1,36,2,2,0.0,0.0,0.0,0.0,0.0,2.0,14,4,12
88554,4,2,3,17,3,3,0,5,0,1,2,18,3,3,1.0,0.0,0.0,1.0,0.0,5.0,19,6,7
118555,4,2,3,0,8,3,0,1,0,1,2,18,2,1,1.0,0.0,1.0,0.0,0.0,1.0,16,7,8
27279,16,2,3,10,3,3,0,1,1,1,1,19,2,2,0.0,0.0,0.0,0.0,0.0,2.0,15,4,2
40732,16,3,3,17,2,3,6,1,1,1,1,36,2,2,0.0,0.0,0.0,0.0,0.0,2.0,13,7,3
83775,15,2,3,0,8,3,0,1,1,1,2,36,2,2,0.0,0.0,0.0,0.0,0.0,2.0,11,7,6
178272,4,3,3,17,8,3,0,1,1,1,2,24,2,2,0.0,0.0,0.0,0.0,0.0,3.0,12,7,12
146110,16,2,3,17,15,3,0,1,0,1,2,6,2,3,2.0,0.0,0.0,2.0,0.0,0.0,13,7,10
185240,16,2,1,10,2,3,0,1,1,1,2,17,2,2,0.0,0.0,0.0,0.0,0.0,2.0,1,1,12
38662,16,7,3,17,6,3,6,6,1,1,1,22,2,2,0.0,0.0,0.0,0.0,0.0,2.0,17,3,3
61323,15,2,1,10,6,3,0,1,1,1,2,19,2,2,0.0,0.0,0.0,0.0,0.0,2.0,22,3,5
183990,16,2,1,9,6,3,6,1,0,1,0,18,2,3,1.0,0.0,0.0,1.0,0.0,1.0,21,4,12
72397,15,11,3,8,2,3,5,5,1,1,2,5,2,2,0.0,0.0,0.0,0.0,0.0,3.0,8,7,6
157231,16,2,3,2,15,3,0,1,0,1,2,22,1,2,0.0,0.0,0.0,0.0,0.0,5.0,7,5,11
46324,15,2,3,3,8,3,0,1,1,1,1,36,2,2,0.0,0.0,0.0,0.0,0.0,2.0,15,3,4
115511,16,2,3,15,3,3,0,1,0,1,2,23,2,2,0.0,0.0,0.0,0.0,0.0,3.0,8,3,8
82778,16,2,3,10,2,3,0,5,0,1,2,19,2,4,1.0,0.0,0.0,0.0,1.0,1.0,6,6,6
148466,16,7,3,9,6,3,6,1,0,1,2,18,2,3,1.0,0.0,0.0,1.0,0.0,1.0,17,5,10
40981,16,2,3,10,10,3,0,1,1,1,1,36,2,2,0.0,0.0,0.0,0.0,0.0,4.0,14,3,3
60980,16,2,3,0,8,3,0,1,1,1,2,6,2,2,0.0,0.0,0.0,0.0,0.0,5.0,14,6,5
61337,15,2,3,9,6,3,0,1,0,1,2,18,2,1,1.0,0.0,1.0,0.0,0.0,1.0,13,4,5
143255,16,2,3,13,6,3,5,5,0,1,2,18,2,3,2.0,0.0,0.0,2.0,0.0,0.0,10,3,10
56673,16,2,3,10,6,4,0,1,1,1,1,36,2,2,0.0,0.0,0.0,0.0,0.0,3.0,16,7,5
80952,16,2,3,10,8,3,5,5,1,1,1,36,2,2,0.0,0.0,0.0,0.0,0.0,2.0,18,1,6
187770,16,10,1,10,11,3,4,1,1,1,2,19,2,2,0.0,0.0,0.0,0.0,0.0,3.0,16,3,12
158426,16,7,1,0,8,3,6,1,0,1,2,39,2,3,1.0,0.0,0.0,1.0,0.0,1.0,6,7,11
26995,15,11,5,10,8,3,5,5,1,1,2,36,2,2,0.0,0.0,0.0,0.0,0.0,2.0,13,7,2
17660,15,2,3,10,8,3,0,5,1,1,2,36,2,2,0.0,0.0,0.0,0.0,0.0,4.0,10,1,2
134934,16,2,3,17,8,3,0,1,0,1,2,24,2,2,0.0,0.0,0.0,0.0,0.0,2.0,12,4,9
188812,16,2,1,10,3,3,0,1,1,1,2,8,2,2,0.0,0.0,0.0,0.0,0.0,3.0,18,5,12
145857,15,2,3,0,2,3,0,5,1,1,2,5,2,2,0.0,0.0,0.0,0.0,0.0,2.0,15,2,10
79852,16,2,3,17,2,3,0,1,0,1,2,18,2,4,3.0,0.0,0.0,0.0,3.0,2.0,9,7,6
26682,16,2,3,10,2,3,0,1,1,1,2,19,2,2,0.0,0.0,0.0,0.0,0.0,2.0,8,6,2
10377,16,2,3,0,8,3,0,1,0,1,2,6,3,2,0.0,0.0,0.0,0.0,0.0,4.0,11,6,1
109947,16,2,3,15,2,3,0,1,1,1,2,23,2,2,0.0,0.0,0.0,0.0,0.0,3.0,12,1,8
179024,4,7,1,15,8,3,6,1,1,1,2,18,2,2,0.0,0.0,0.0,0.0,0.0,2.0,19,5,12
159481,16,2,3,17,8,3,0,1,1,1,1,36,2,2,0.0,0.0,0.0,0.0,0.0,2.0,6,1,11
123338,16,2,3,8,8,3,0,1,0,1,1,26,2,3,1.0,0.0,0.0,1.0,0.0,1.0,7,4,9
174688,16,2,3,15,6,3,0,1,1,1,2,23,2,2,0.0,0.0,0.0,0.0,0.0,2.0,13,2,12
141263,15,2,3,17,2,3,0,1,1,1,2,2,2,2,0.0,0.0,0.0,0.0,0.0,3.0,11,2,10
67998,16,2,1,0,8,3,0,1,0,1,2,6,2,3,1.0,0.0,0.0,1.0,0.0,1.0,20,4,5
160879,16,10,1,17,2,3,6,1,0,1,2,36,2,2,0.0,0.0,0.0,0.0,0.0,2.0,19,6,11
55743,16,7,1,0,6,3,6,1,1,1,2,36,2,2,0.0,0.0,0.0,0.0,0.0,2.0,0,5,4
3071,15,7,3,17,2,3,6,1,0,1,2,28,2,3,1.0,0.0,0.0,1.0,0.0,4.0,12,2,1
89976,2,2,3,17,6,3,0,1,1,1,2,19,2,2,0.0,0.0,0.0,0.0,0.0,3.0,17,6,7
31552,15,3,3,0,11,3,4,5,0,1,2,36,3,3,2.0,0.0,0.0,2.0,0.0,0.0,7,6,3
34120,16,2,3,0,8,3,0,1,1,1,2,18,2,2,0.0,0.0,0.0,0.0,0.0,2.0,14,1,3
103791,16,2,1,17,6,3,0,1,0,1,2,36,2,2,0.0,0.0,0.0,0.0,0.0,3.0,22,1,7
15657,15,2,1,0,2,3,0,1,1,1,2,18,2,2,0.0,0.0,0.0,0.0,0.0,2.0,23,6,2
36742,16,2,3,10,2,3,5,5,1,1,2,19,2,2,0.0,0.0,0.0,0.0,0.0,3.0,16,2,3
88280,15,2,3,10,8,5,0,1,1,1,2,21,2,2,0.0,0.0,0.0,0.0,0.0,2.0,17,7,7
157516,16,7,1,17,8,3,6,1,1,1,1,6,2,2,0.0,0.0,0.0,0.0,0.0,4.0,1,1,11
40787,16,2,3,9,15,3,0,5,0,0,2,18,3,3,2.0,0.0,0.0,2.0,0.0,2.0,17,1,3
16255,15,10,3,0,8,3,4,1,1,1,2,39,2,2,0.0,0.0,0.0,0.0,0.0,2.0,8,5,2
126142,16,2,3,9,8,3,0,1,0,1,0,36,2,4,1.0,0.0,0.0,0.0,1.0,1.0,8,3,9
38054,15,2,3,17,11,3,0,1,1,1,2,36,2,2,0.0,0.0,0.0,0.0,0.0,2.0,17,5,3
47310,16,2,3,3,8,3,0,1,1,1,2,22,2,2,0.0,0.0,0.0,0.0,0.0,2.0,13,2,4
163742,16,2,0,10,8,3,0,1,1,1,1,19,2,2,0.0,0.0,0.0,0.0,0.0,2.0,22,5,11
124349,15,2,1,0,6,3,0,1,0,1,2,18,2,4,1.0,0.0,0.0,0.0,1.0,2.0,23,7,9
173316,15,2,3,0,8,3,0,1,1,1,0,5,2,2,0.0,0.0,0.0,0.0,0.0,2.0,13,2,12
51951,16,2,3,10,6,3,0,1,1,1,0,36,2,2,0.0,0.0,0.0,0.0,0.0,4.0,13,7,4
83412,16,2,3,17,1,3,0,1,1,1,1,19,2,2,0.0,0.0,0.0,0.0,0.0,3.0,16,3,6
159924,16,2,3,10,6,3,0,5,1,1,1,36,2,2,0.0,0.0,0.0,0.0,0.0,3.0,11,6,11
84378,16,2,3,10,6,3,0,1,1,1,2,17,2,2,0.0,0.0,0.0,0.0,0.0,4.0,15,4,6
31891,16,7,3,0,6,3,6,1,0,1,2,36,2,2,0.0,0.0,0.0,0.0,0.0,2.0,11,6,3
103965,16,2,3,17,10,3,0,1,1,1,1,36,2,2,0.0,0.0,0.0,0.0,0.0,2.0,17,3,8
40872,16,2,3,17,6,3,0,5,1,1,2,26,2,2,0.0,0.0,0.0,0.0,0.0,2.0,13,3,3
63805,15,2,3,0,5,3,0,1,0,1,2,18,2,3,1.0,0.0,0.0,1.0,0.0,2.0,18,7,5
170929,15,2,1,0,6,3,0,1,0,1,2,5,2,1,1.0,0.0,1.0,0.0,0.0,3.0,22,1,11
76018,15,7,3,0,8,3,6,5,0,1,2,18,2,3,1.0,0.0,0.0,1.0,0.0,2.0,14,5,6
80758,16,2,4,17,6,3,0,1,0,1,2,18,2,2,0.0,0.0,0.0,0.0,0.0,4.0,21,6,6
91702,16,3,3,10,6,4,0,1,1,1,2,17,2,2,0.0,0.0,0.0,0.0,0.0,2.0,9,5,7
80440,4,7,3,17,8,3,6,1,1,1,1,18,2,2,0.0,0.0,0.0,0.0,0.0,4.0,17,7,6
169258,15,7,3,0,2,3,6,1,0,1,2,5,2,2,0.0,0.0,0.0,0.0,0.0,3.0,11,1,11
143478,16,2,1,0,10,3,0,1,1,1,1,36,2,2,0.0,0.0,0.0,0.0,0.0,2.0,5,5,10
168304,4,2,1,17,8,3,0,5,0,1,2,24,2,3,1.0,0.0,0.0,1.0,0.0,1.0,20,7,11
58254,15,7,3,17,2,3,6,1,1,1,0,36,2,2,0.0,0.0,0.0,0.0,0.0,2.0,15,5,5
20203,16,2,3,10,2,3,6,1,1,1,1,26,2,2,0.0,0.0,0.0,0.0,0.0,2.0,11,2,2
162495,16,2,3,9,2,3,0,1,0,1,0,18,2,3,1.0,0.0,0.0,1.0,0.0,1.0,7,2,11
29970,16,2,1,0,6,3,6,5,0,1,2,36,2,2,0.0,0.0,0.0,0.0,0.0,4.0,21,7,3
157076,16,2,3,17,6,3,0,1,1,1,2,24,2,2,0.0,0.0,0.0,0.0,0.0,2.0,10,1,11
89372,16,2,1,10,2,3,0,1,1,1,1,17,2,2,0.0,0.0,0.0,0.0,0.0,3.0,3,3,7
73136,15,2,3,17,18,3,0,1,0,1,2,18,3,3,2.0,0.0,0.0,2.0,0.0,1.0,12,5,6
62946,16,2,3,17,8,3,0,1,1,0,2,22,2,2,0.0,0.0,0.0,0.0,0.0,2.0,8,7,5
84254,16,2,3,0,8,3,0,1,0,1,2,17,2,2,0.0,0.0,0.0,0.0,0.0,6.0,17,1,6
138652,16,2,3,17,8,3,0,1,1,1,1,18,2,2,0.0,0.0,0.0,0.0,0.0,2.0,12,2,10
61223,16,2,1,0,6,3,0,1,1,1,2,6,2,2,0.0,0.0,0.0,0.0,0.0,5.0,22,7,5
156584,16,2,1,17,8,4,0,5,0,1,2,18,3,2,0.0,0.0,0.0,0.0,0.0,5.0,19,2,11
69961,16,2,3,0,2,3,0,1,0,1,2,36,2,2,0.0,0.0,0.0,0.0,0.0,2.0,14,7,5
85616,15,2,1,0,8,3,0,1,1,1,2,36,3,2,0.0,0.0,0.0,0.0,0.0,5.0,23,1,6
6771,16,2,3,17,6,3,0,1,1,1,1,19,2,2,0.0,0.0,0.0,0.0,0.0,2.0,10,5,1
22052,16,7,1,17,15,3,0,1,1,1,2,18,2,2,0.0,0.0,0.0,0.0,0.0,2.0,8,5,2
134738,4,2,3,10,3,3,5,5,1,1,2,19,2,2,0.0,0.0,0.0,0.0,0.0,2.0,8,4,9
159548,16,2,1,10,18,3,0,1,1,1,2,36,2,2,0.0,0.0,0.0,0.0,0.0,2.0,21,2,11
105626,17,2,3,0,8,3,0,5,0,1,2,26,3,2,0.0,0.0,0.0,0.0,0.0,5.0,16,6,8
118466,4,2,3,10,2,3,0,1,1,1,1,36,2,2,0.0,0.0,0.0,0.0,0.0,3.0,11,4,8
77173,16,2,3,17,8,3,0,5,1,1,1,36,2,2,0.0,0.0,0.0,0.0,0.0,5.0,18,2,6
188328,16,2,4,17,8,3,0,5,1,1,0,36,2,2,0.0,0.0,0.0,0.0,0.0,2.0,15,5,12
161808,16,2,1,17,15,3,0,5,1,1,2,36,2,2,0.0,0.0,0.0,0.0,0.0,2.0,20,2,11
63559,16,2,3,10,2,3,0,1,1,1,2,8,2,2,0.0,0.0,0.0,0.0,0.0,2.0,7,4,5
106711,4,2,3,17,2,3,0,1,1,1,1,24,2,2,0.0,0.0,0.0,0.0,0.0,6.0,13,1,8
80523,16,3,1,10,8,4,0,5,1,1,1,17,2,2,0.0,0.0,0.0,0.0,0.0,4.0,1,2,6
5226,16,2,3,15,8,3,0,1,1,1,2,26,2,2,0.0,0.0,0.0,0.0,0.0,2.0,10,3,1
177527,15,7,1,0,6,3,6,1,0,1,2,18,2,2,0.0,0.0,0.0,0.0,0.0,3.0,18,7,12
170717,16,2,3,10,2,3,0,1,1,1,0,34,2,2,0.0,0.0,0.0,0.0,0.0,3.0,14,4,11
137883,12,2,3,17,15,3,0,5,0,1,2,24,2,2,0.0,0.0,0.0,0.0,0.0,4.0,16,6,10
56080,15,2,3,0,8,3,0,1,1,1,0,36,2,2,0.0,0.0,0.0,0.0,0.0,2.0,7,3,5
64735,16,2,4,15,3,3,5,1,1,1,2,23,2,2,0.0,0.0,0.0,0.0,0.0,4.0,20,7,5
169675,16,6,3,17,11,0,6,1,0,1,2,6,2,3,2.0,0.0,0.0,1.0,1.0,0.0,13,2,11
63235,16,2,3,8,8,3,0,1,0,1,0,18,2,3,1.0,0.0,0.0,1.0,0.0,1.0,16,4,5
131011,4,2,3,17,2,3,0,1,0,1,2,19,3,3,1.0,0.0,0.0,1.0,0.0,3.0,15,2,9
72274,16,7,1,17,15,3,6,1,0,1,2,18,2,4,2.0,0.0,0.0,0.0,2.0,0.0,22,7,6
91370,16,2,3,7,8,3,0,1,1,1,2,36,4,2,0.0,0.0,0.0,0.0,0.0,1.0,5,1,7
132887,16,2,3,15,2,3,0,1,1,1,2,18,2,2,0.0,0.0,0.0,0.0,0.0,4.0,18,6,9
59965,16,2,3,17,3,3,0,1,0,1,2,36,2,3,2.0,0.0,0.0,2.0,0.0,1.0,19,4,5
186565,16,11,3,10,2,3,5,5,1,1,1,19,2,2,0.0,0.0,0.0,0.0,0.0,2.0,16,5,12