crash_date,               traffic_control_device,weather_condition,lighting_condition,first_crash_type,trafficway_type,alignment,roadway_surface_cond,road_defect,crash_type,intersection_related_i,damage,prim_contributory_cause,num_units,most_severe_injury,injuries_total,injuries_fatal,injuries_incapacitating,injuries_non_incapacitating,injuries_reported_not_evident,injuries_no_indication,crash_hour,crash_day_of_week,crash_month
65957,4,2,2,17,8,3,0,1,0,1,2,18,2,2,0.0,0.0,0.0,0.0,0.0,3.0,17,7,5
84500,16,2,1,0,6,3,0,1,0,1,2,3,2,1,2.0,0.0,2.0,0.0,0.0,0.0,1,6,6
178631,16,2,1,14,6,3,0,1,0,1,2,30,2,3,1.0,0.0,0.0,1.0,0.0,1.0,19,1,12
26559,4,3,3,0,15,3,4,1,1,1,2,12,2,2,0.0,0.0,0.0,0.0,0.0,2.0,7,7,2
58065,16,3,1,0,8,3,0,1,0,1,2,18,2,3,1.0,0.0,0.0,1.0,0.0,2.0,3,1,5
70473,16,2,3,10,8,3,0,5,0,1,1,26,4,1,2.0,0.0,1.0,0.0,1.0,2.0,5,1,5
151584,16,2,3,3,8,3,5,5,1,1,2,36,2,2,0.0,0.0,0.0,0.0,0.0,2.0,15,4,10
73675,16,2,3,17,6,3,0,1,1,1,2,36,2,2,0.0,0.0,0.0,0.0,0.0,3.0,16,7,6
75612,16,2,3,10,3,3,0,1,0,1,0,17,2,2,0.0,0.0,0.0,0.0,0.0,2.0,11,6,6
12416,4,2,1,9,8,3,0,1,0,1,0,36,3,3,2.0,0.0,0.0,1.0,1.0,1.0,17,6,1
135276,4,2,3,15,8,3,0,5,0,0,2,36,2,2,0.0,0.0,0.0,0.0,0.0,2.0,16,5,9
93822,4,2,3,7,8,3,0,1,1,1,2,36,2,2,0.0,0.0,0.0,0.0,0.0,1.0,23,3,7
145786,16,3,3,17,2,3,0,1,1,1,0,22,2,2,0.0,0.0,0.0,0.0,0.0,2.0,15,7,10
152024,16,7,3,17,10,3,6,1,1,1,2,18,2,2,0.0,0.0,0.0,0.0,0.0,2.0,8,4,10
92851,15,2,1,17,6,3,0,1,1,1,1,24,2,2,0.0,0.0,0.0,0.0,0.0,2.0,21,2,7
159282,16,2,1,10,8,3,0,1,1,1,1,36,3,2,0.0,0.0,0.0,0.0,0.0,3.0,17,4,11
14245,16,2,3,9,2,3,0,1,0,1,1,6,2,1,1.0,0.0,1.0,0.0,0.0,1.0,7,3,1
88531,16,2,3,17,8,3,0,1,1,1,2,11,2,2,0.0,0.0,0.0,0.0,0.0,2.0,16,6,7
161396,16,2,1,17,8,3,5,1,1,1,1,19,2,2,0.0,0.0,0.0,0.0,0.0,3.0,19,7,11
131918,15,2,3,17,8,3,0,1,1,1,2,24,2,2,0.0,0.0,0.0,0.0,0.0,2.0,9,5,9
19494,16,2,1,17,8,3,0,5,0,1,2,18,3,3,1.0,0.0,0.0,1.0,0.0,3.0,5,5,2
124214,4,2,1,15,8,3,0,1,1,1,1,22,2,2,0.0,0.0,0.0,0.0,0.0,2.0,21,4,9
109023,15,2,3,0,6,3,0,1,0,1,2,18,2,3,2.0,0.0,0.0,2.0,0.0,2.0,18,3,8
165044,16,2,3,0,8,3,5,1,1,1,2,6,2,2,0.0,0.0,0.0,0.0,0.0,2.0,15,4,11
134023,16,2,1,0,6,3,0,1,0,1,2,36,2,4,1.0,0.0,0.0,0.0,1.0,1.0,5,1,9
95136,16,11,5,17,17,3,5,5,1,1,2,21,2,2,0.0,0.0,0.0,0.0,0.0,2.0,19,2,7
34486,16,2,1,17,2,3,0,1,1,1,1,24,2,2,0.0,0.0,0.0,0.0,0.0,4.0,21,5,3
187755,16,2,3,17,6,3,0,1,0,1,2,24,2,2,0.0,0.0,0.0,0.0,0.0,3.0,13,3,12
137376,4,2,3,10,2,3,0,5,0,1,2,17,3,1,1.0,0.0,1.0,0.0,0.0,5.0,16,6,9
19063,16,2,3,17,6,3,0,1,1,1,2,22,2,2,0.0,0.0,0.0,0.0,0.0,2.0,8,4,2
138030,16,2,1,0,6,3,0,1,0,1,2,6,3,2,0.0,0.0,0.0,0.0,0.0,6.0,1,1,10
9719,15,3,3,0,6,3,1,1,0,1,2,18,2,2,0.0,0.0,0.0,0.0,0.0,4.0,13,2,1
66776,4,2,3,0,8,3,0,1,1,1,2,18,2,2,0.0,0.0,0.0,0.0,0.0,2.0,12,6,5
60552,15,7,3,17,8,3,6,1,0,1,2,24,2,3,3.0,0.0,0.0,3.0,0.0,5.0,16,4,5
166504,16,2,3,17,8,3,0,1,1,1,2,18,2,2,0.0,0.0,0.0,0.0,0.0,2.0,15,2,11
116795,15,2,3,0,8,3,0,1,0,1,2,18,2,3,1.0,0.0,0.0,1.0,0.0,4.0,9,7,8
65739,16,2,3,0,2,3,0,1,0,1,1,6,2,3,1.0,0.0,0.0,1.0,0.0,3.0,11,2,5
161599,16,2,3,0,2,3,0,1,1,1,2,3,2,2,0.0,0.0,0.0,0.0,0.0,2.0,9,4,11
60085,4,7,3,17,2,3,6,1,1,1,0,36,2,2,0.0,0.0,0.0,0.0,0.0,2.0,7,4,5
36521,16,7,3,17,6,3,6,1,0,1,2,18,2,4,3.0,0.0,0.0,0.0,3.0,0.0,16,6,3
80613,15,2,3,0,6,3,0,1,0,1,2,37,3,3,3.0,0.0,0.0,3.0,0.0,2.0,20,4,6
32967,16,2,3,10,2,3,0,1,0,1,2,36,2,3,1.0,0.0,0.0,1.0,0.0,1.0,8,1,3
67783,16,2,1,17,6,3,0,1,0,1,2,6,2,0,3.0,1.0,0.0,2.0,0.0,0.0,23,6,5
155645,16,3,3,10,6,3,6,5,1,1,2,36,2,2,0.0,0.0,0.0,0.0,0.0,2.0,7,5,10
125106,16,2,3,10,8,3,0,1,1,1,1,36,2,2,0.0,0.0,0.0,0.0,0.0,3.0,7,2,9
12565,15,2,3,15,6,3,0,1,0,1,2,37,3,1,1.0,0.0,1.0,0.0,0.0,2.0,16,1,1
76580,16,2,3,15,8,3,0,1,1,1,2,36,2,2,0.0,0.0,0.0,0.0,0.0,2.0,17,7,6
36142,15,2,3,0,6,3,0,1,1,1,2,36,2,2,0.0,0.0,0.0,0.0,0.0,2.0,16,6,3
181084,16,10,0,15,15,3,4,1,1,1,1,36,2,2,0.0,0.0,0.0,0.0,0.0,2.0,16,6,12
120028,17,11,5,0,8,3,5,5,1,1,2,36,2,2,0.0,0.0,0.0,0.0,0.0,3.0,16,6,8
171255,16,2,3,17,8,4,4,1,1,1,2,24,2,2,0.0,0.0,0.0,0.0,0.0,2.0,9,5,11
88535,16,2,3,17,6,3,0,1,1,1,0,23,2,2,0.0,0.0,0.0,0.0,0.0,2.0,17,6,7
138239,16,2,3,17,8,3,0,1,1,1,2,24,2,2,0.0,0.0,0.0,0.0,0.0,4.0,12,2,10
15094,16,2,3,9,8,3,0,1,0,1,0,18,2,3,1.0,0.0,0.0,1.0,0.0,1.0,14,5,2
56366,16,7,3,10,8,3,6,1,1,1,2,36,3,2,0.0,0.0,0.0,0.0,0.0,3.0,16,2,5
176148,15,2,1,0,6,3,0,1,1,1,2,18,2,2,0.0,0.0,0.0,0.0,0.0,2.0,17,1,12
114421,16,2,2,17,15,3,0,1,0,1,2,36,2,3,1.0,0.0,0.0,1.0,0.0,1.0,0,7,8
1555,17,2,1,2,8,3,0,1,0,1,2,17,1,3,2.0,0.0,0.0,2.0,0.0,0.0,0,5,1
142890,16,7,4,3,1,3,6,1,0,1,2,18,2,2,0.0,0.0,0.0,0.0,0.0,2.0,17,4,10
98387,16,2,3,17,6,3,0,1,1,1,1,12,2,2,0.0,0.0,0.0,0.0,0.0,2.0,15,3,7
17159,4,2,3,2,6,3,0,1,0,1,2,17,1,2,0.0,0.0,0.0,0.0,0.0,1.0,14,7,2
69209,16,2,1,17,8,3,0,1,0,1,2,37,2,4,3.0,0.0,0.0,0.0,3.0,3.0,22,7,5
36511,16,7,3,8,6,3,6,1,0,1,2,24,2,3,1.0,0.0,0.0,1.0,0.0,1.0,15,6,3
58451,16,2,1,0,6,3,0,1,0,1,2,28,2,3,1.0,0.0,0.0,1.0,0.0,2.0,0,1,5
121713,16,7,3,17,8,3,6,1,0,1,2,12,3,4,3.0,0.0,0.0,0.0,3.0,0.0,16,2,9
143234,16,2,0,10,2,3,0,5,1,1,1,19,2,2,0.0,0.0,0.0,0.0,0.0,2.0,19,3,10
184838,15,2,3,0,2,3,0,1,0,1,2,18,3,3,5.0,0.0,0.0,5.0,0.0,0.0,12,1,12
90255,15,2,3,9,8,3,0,1,0,1,1,5,2,3,1.0,0.0,0.0,1.0,0.0,1.0,17,4,7
126505,16,7,1,17,2,3,6,1,0,1,2,6,2,3,1.0,0.0,0.0,1.0,0.0,1.0,22,2,9
124272,15,2,3,0,15,3,0,1,0,1,2,36,2,3,2.0,0.0,0.0,2.0,0.0,1.0,8,5,9
132655,15,7,1,0,8,3,6,1,0,1,1,18,2,2,0.0,0.0,0.0,0.0,0.0,5.0,20,1,9
153043,4,7,3,15,8,3,6,1,1,1,2,23,2,2,0.0,0.0,0.0,0.0,0.0,2.0,9,3,10
142312,16,2,3,10,8,3,5,5,1,1,2,36,2,2,0.0,0.0,0.0,0.0,0.0,2.0,17,3,10
140361,4,11,1,2,8,3,0,1,1,1,2,36,1,2,0.0,0.0,0.0,0.0,0.0,1.0,2,7,10
140604,16,7,1,15,2,3,6,1,1,1,2,23,2,2,0.0,0.0,0.0,0.0,0.0,2.0,0,7,10
123041,16,2,3,15,2,3,0,1,1,1,2,23,2,2,0.0,0.0,0.0,0.0,0.0,6.0,12,7,9
39187,16,11,3,15,15,3,5,5,1,1,2,36,2,2,0.0,0.0,0.0,0.0,0.0,5.0,14,6,3
47859,4,7,4,10,8,3,6,1,0,1,0,36,2,2,0.0,0.0,0.0,0.0,0.0,2.0,18,4,4
108377,16,2,3,0,2,3,0,1,1,1,2,6,2,2,0.0,0.0,0.0,0.0,0.0,2.0,19,6,8
77843,16,2,4,15,6,3,0,5,1,1,2,36,2,2,0.0,0.0,0.0,0.0,0.0,2.0,18,6,6
122481,16,2,3,17,6,3,0,1,1,1,1,24,2,2,0.0,0.0,0.0,0.0,0.0,3.0,10,6,9
60513,16,2,3,15,2,2,6,1,1,1,1,18,2,2,0.0,0.0,0.0,0.0,0.0,2.0,12,5,5
75236,16,2,1,0,8,3,0,5,1,1,2,6,2,2,0.0,0.0,0.0,0.0,0.0,3.0,2,2,6
118678,15,2,3,17,2,3,0,1,0,1,2,24,2,1,3.0,0.0,3.0,0.0,0.0,0.0,14,2,8
43083,15,7,3,0,6,3,6,5,1,1,2,5,2,2,0.0,0.0,0.0,0.0,0.0,4.0,14,3,4
261,16,10,0,17,6,3,6,1,1,1,2,36,2,2,0.0,0.0,0.0,0.0,0.0,2.0,6,6,1
174718,15,3,3,17,6,3,0,1,1,1,2,36,2,2,0.0,0.0,0.0,0.0,0.0,5.0,8,2,12
37218,16,2,1,17,8,3,0,1,0,1,2,18,2,2,0.0,0.0,0.0,0.0,0.0,2.0,20,3,3
57751,16,2,3,10,8,3,0,1,0,1,2,36,2,2,0.0,0.0,0.0,0.0,0.0,2.0,5,4,5
164811,16,2,3,15,8,3,0,1,1,1,2,23,2,2,0.0,0.0,0.0,0.0,0.0,3.0,7,6,11
147448,4,2,3,17,8,3,0,1,1,1,2,36,2,2,0.0,0.0,0.0,0.0,0.0,2.0,7,3,10
119536,16,2,3,7,10,3,0,5,1,1,1,27,2,2,0.0,0.0,0.0,0.0,0.0,6.0,15,6,8
89022,16,2,3,17,3,3,0,1,0,1,2,12,2,2,0.0,0.0,0.0,0.0,0.0,2.0,17,6,7
177978,16,7,1,0,2,3,6,1,1,1,2,38,2,2,0.0,0.0,0.0,0.0,0.0,2.0,20,6,12
59104,15,2,3,0,6,3,0,1,0,1,2,18,2,2,0.0,0.0,0.0,0.0,0.0,4.0,16,3,5
144469,15,2,3,17,8,3,0,1,1,1,2,18,2,2,0.0,0.0,0.0,0.0,0.0,2.0,16,5,10
142279,16,2,4,17,8,3,0,1,1,1,0,22,2,2,0.0,0.0,0.0,0.0,0.0,2.0,11,2,10
2390,16,2,3,0,11,3,0,1,1,1,2,6,2,2,0.0,0.0,0.0,0.0,0.0,3.0,8,4,1
105330,15,2,3,11,11,3,0,1,1,1,2,21,2,2,0.0,0.0,0.0,0.0,0.0,2.0,12,2,8
121256,16,7,3,10,8,3,6,5,1,1,2,39,2,2,0.0,0.0,0.0,0.0,0.0,2.0,7,2,9
82373,16,7,1,8,6,3,6,1,0,1,0,18,2,3,1.0,0.0,0.0,1.0,0.0,1.0,19,1,6
143087,16,2,1,0,6,3,0,1,0,1,2,6,2,4,1.0,0.0,0.0,0.0,1.0,5.0,1,1,10
51139,16,2,0,3,8,3,0,1,0,1,2,18,2,2,0.0,0.0,0.0,0.0,0.0,2.0,22,5,4
67917,16,2,1,2,10,3,0,1,0,1,2,36,1,2,0.0,0.0,0.0,0.0,0.0,1.0,4,3,5
11415,15,5,0,15,8,3,4,1,1,0,1,23,2,2,0.0,0.0,0.0,0.0,0.0,2.0,20,3,1
86884,16,2,3,17,1,3,0,1,0,1,2,36,2,4,2.0,0.0,0.0,0.0,2.0,0.0,9,7,6
34732,16,3,4,17,15,3,0,1,1,1,2,23,2,2,0.0,0.0,0.0,0.0,0.0,2.0,15,5,3
72002,16,2,3,10,8,3,0,1,1,1,1,19,2,2,0.0,0.0,0.0,0.0,0.0,2.0,10,2,6
150528,16,2,3,0,8,3,0,5,0,1,2,36,2,3,4.0,0.0,0.0,4.0,0.0,1.0,15,4,10
153850,15,2,3,0,6,3,0,1,1,1,2,18,2,2,0.0,0.0,0.0,0.0,0.0,2.0,7,2,10
79493,16,2,2,0,2,3,0,1,0,1,2,6,2,1,1.0,0.0,1.0,0.0,0.0,1.0,6,7,6
13277,16,2,1,15,2,3,4,1,1,1,2,23,2,2,0.0,0.0,0.0,0.0,0.0,2.0,0,6,1
184012,15,11,3,17,8,3,5,5,1,1,2,36,2,2,0.0,0.0,0.0,0.0,0.0,2.0,13,5,12
102561,16,2,0,17,6,3,0,1,1,1,1,17,2,2,0.0,0.0,0.0,0.0,0.0,2.0,20,4,7
53551,15,2,3,17,2,3,0,1,1,1,2,18,2,2,0.0,0.0,0.0,0.0,0.0,2.0,9,5,4
179812,16,7,1,0,6,3,6,1,0,1,2,6,2,4,1.0,0.0,0.0,0.0,1.0,1.0,20,3,12
153135,15,2,3,7,6,3,0,1,1,1,2,36,2,2,0.0,0.0,0.0,0.0,0.0,1.0,11,4,10
88478,16,2,3,10,2,3,0,1,0,1,2,23,2,3,2.0,0.0,0.0,2.0,0.0,1.0,17,5,7
74892,16,2,3,10,6,3,0,1,1,1,2,28,2,2,0.0,0.0,0.0,0.0,0.0,2.0,13,5,6
138,16,2,1,17,8,3,0,1,1,1,1,18,2,2,0.0,0.0,0.0,0.0,0.0,2.0,18,3,1
162932,4,2,3,17,8,3,0,1,0,1,2,24,2,3,2.0,0.0,0.0,1.0,1.0,1.0,14,4,11
44232,15,2,3,0,2,3,0,1,1,1,1,36,2,2,0.0,0.0,0.0,0.0,0.0,3.0,7,6,4
81108,16,2,3,0,8,3,0,1,1,1,1,36,2,2,0.0,0.0,0.0,0.0,0.0,3.0,14,5,6
93787,16,2,3,10,10,3,0,1,1,1,1,19,2,2,0.0,0.0,0.0,0.0,0.0,2.0,18,3,7
93886,16,2,3,0,2,3,0,1,1,1,2,18,2,2,0.0,0.0,0.0,0.0,0.0,2.0,13,6,7
33378,16,2,3,17,8,3,0,1,1,1,0,24,2,2,0.0,0.0,0.0,0.0,0.0,2.0,13,2,3
25932,16,2,3,15,8,3,0,1,1,1,2,23,2,2,0.0,0.0,0.0,0.0,0.0,2.0,16,4,2
108251,16,2,3,17,3,3,0,1,0,1,2,24,2,3,1.0,0.0,0.0,1.0,0.0,1.0,7,4,8
104371,4,2,3,0,8,3,0,1,0,1,2,18,2,2,0.0,0.0,0.0,0.0,0.0,2.0,11,2,8
164362,16,2,3,15,11,3,0,1,1,1,2,22,2,2,0.0,0.0,0.0,0.0,0.0,3.0,15,7,11
122316,15,2,3,0,8,3,0,1,1,1,2,12,2,2,0.0,0.0,0.0,0.0,0.0,3.0,8,3,9
138841,16,7,3,0,8,3,6,1,0,1,2,26,2,2,0.0,0.0,0.0,0.0,0.0,3.0,12,3,10
93260,16,7,3,2,8,3,6,1,0,1,2,26,1,3,1.0,0.0,0.0,1.0,0.0,0.0,12,1,7
116734,15,2,1,0,2,3,0,1,0,1,2,18,3,4,3.0,0.0,0.0,0.0,3.0,2.0,22,6,8
183231,16,2,1,17,8,3,0,1,1,1,1,18,2,2,0.0,0.0,0.0,0.0,0.0,3.0,18,6,12
151648,16,2,1,17,8,3,0,1,1,1,1,36,2,2,0.0,0.0,0.0,0.0,0.0,2.0,17,5,10
166688,15,2,1,0,6,3,0,1,0,1,2,18,2,3,2.0,0.0,0.0,2.0,0.0,0.0,19,6,11
44127,16,7,1,10,10,3,6,1,1,1,1,39,2,2,0.0,0.0,0.0,0.0,0.0,2.0,20,4,4
39651,17,2,1,7,6,3,0,1,1,1,2,36,2,2,0.0,0.0,0.0,0.0,0.0,1.0,22,7,3
136237,16,2,3,0,2,3,0,1,1,1,1,6,2,2,0.0,0.0,0.0,0.0,0.0,4.0,17,3,9
13767,15,2,2,0,8,3,0,1,0,1,2,18,2,4,2.0,0.0,0.0,0.0,2.0,1.0,6,6,1
2738,15,2,3,0,6,3,0,1,0,1,2,5,2,2,0.0,0.0,0.0,0.0,0.0,2.0,12,5,1
43264,16,2,3,15,8,3,0,5,1,1,2,22,2,2,0.0,0.0,0.0,0.0,0.0,2.0,13,4,4
90318,15,2,3,0,6,3,0,1,0,1,2,5,3,2,0.0,0.0,0.0,0.0,0.0,5.0,15,6,7
51592,16,2,3,15,2,3,0,1,1,1,2,23,2,2,0.0,0.0,0.0,0.0,0.0,2.0,15,1,4
180057,16,7,1,9,6,3,6,5,0,1,2,18,2,3,1.0,0.0,0.0,1.0,0.0,1.0,21,7,12
133136,16,2,1,10,8,3,0,1,0,1,2,36,3,2,0.0,0.0,0.0,0.0,0.0,4.0,5,1,9
143314,16,2,3,15,6,3,0,1,1,1,2,23,2,2,0.0,0.0,0.0,0.0,0.0,3.0,8,5,10
15558,15,2,3,0,6,3,0,1,1,1,2,18,2,2,0.0,0.0,0.0,0.0,0.0,2.0,12,5,2
13282,16,10,3,17,2,3,4,1,0,1,2,6,2,2,0.0,0.0,0.0,0.0,0.0,6.0,12,6,1
98621,15,2,3,7,15,3,0,1,0,1,2,28,3,3,2.0,0.0,0.0,2.0,0.0,0.0,7,6,7
53918,16,7,3,17,8,3,6,1,1,1,0,12,2,2,0.0,0.0,0.0,0.0,0.0,3.0,16,6,4
63990,16,2,3,10,17,3,0,1,1,1,2,28,2,2,0.0,0.0,0.0,0.0,0.0,3.0,9,3,5
138129,16,2,3,2,6,3,0,1,0,1,2,12,1,2,0.0,0.0,0.0,0.0,0.0,1.0,9,3,10
10541,4,3,3,10,8,3,0,1,1,0,1,36,2,2,0.0,0.0,0.0,0.0,0.0,3.0,10,1,1
91677,16,11,5,10,8,3,5,5,1,1,1,36,2,2,0.0,0.0,0.0,0.0,0.0,2.0,16,5,7
142231,4,2,3,15,2,3,0,1,0,0,1,22,2,4,1.0,0.0,0.0,0.0,1.0,2.0,15,2,10
108201,16,2,3,15,10,3,0,1,0,1,2,22,2,2,0.0,0.0,0.0,0.0,0.0,2.0,12,5,8
158373,16,2,1,17,6,3,0,1,1,1,1,24,2,2,0.0,0.0,0.0,0.0,0.0,3.0,20,6,11
47110,16,2,3,0,2,3,0,1,1,1,2,36,2,2,0.0,0.0,0.0,0.0,0.0,2.0,14,4,4
170127,16,2,1,0,2,3,0,1,1,1,1,17,2,2,0.0,0.0,0.0,0.0,0.0,7.0,18,1,11
18278,15,2,1,0,6,3,0,1,1,1,2,18,2,2,0.0,0.0,0.0,0.0,0.0,2.0,22,4,2
16827,16,2,3,17,6,3,0,5,1,1,2,36,2,2,0.0,0.0,0.0,0.0,0.0,2.0,11,1,2
111395,15,2,1,2,2,3,0,1,0,1,2,36,1,2,0.0,0.0,0.0,0.0,0.0,1.0,22,4,8
135761,16,7,1,9,18,3,6,5,0,1,2,24,2,3,1.0,0.0,0.0,1.0,0.0,1.0,5,4,9
168247,17,11,5,17,11,3,5,5,1,1,1,26,2,2,0.0,0.0,0.0,0.0,0.0,2.0,22,6,11
44553,4,2,3,17,2,3,0,1,1,0,2,36,2,2,0.0,0.0,0.0,0.0,0.0,2.0,16,6,4
67448,4,2,3,17,15,3,0,1,1,1,2,36,2,2,0.0,0.0,0.0,0.0,0.0,2.0,12,2,5
42304,16,2,1,0,11,3,0,5,0,1,2,6,2,2,0.0,0.0,0.0,0.0,0.0,3.0,1,1,4
186944,4,7,3,10,15,3,6,5,0,1,2,18,2,2,0.0,0.0,0.0,0.0,0.0,2.0,15,6,12
123674,17,2,3,10,17,3,0,5,1,1,2,36,3,2,0.0,0.0,0.0,0.0,0.0,3.0,13,4,9
31626,15,2,1,0,15,3,0,1,0,1,2,18,2,3,1.0,0.0,0.0,1.0,0.0,2.0,21,1,3
152366,15,7,3,17,8,3,6,1,0,1,2,17,2,2,0.0,0.0,0.0,0.0,0.0,3.0,15,7,10
87424,16,2,3,17,1,3,0,1,0,1,2,18,2,3,2.0,0.0,0.0,2.0,0.0,1.0,9,1,6
159969,15,2,3,0,6,3,0,1,1,1,2,36,2,2,0.0,0.0,0.0,0.0,0.0,2.0,7,1,11
20793,16,10,3,0,6,3,6,1,0,1,2,39,2,2,0.0,0.0,0.0,0.0,0.0,3.0,8,5,2
30024,15,2,3,13,8,3,0,1,0,1,2,21,2,2,0.0,0.0,0.0,0.0,0.0,2.0,8,2,3
173477,15,2,0,17,2,3,0,1,0,1,2,18,2,2,0.0,0.0,0.0,0.0,0.0,2.0,16,6,12
89109,16,2,3,10,8,3,0,5,1,1,0,36,2,2,0.0,0.0,0.0,0.0,0.0,2.0,9,7,7
62045,16,2,3,0,8,3,0,1,0,1,2,6,2,4,1.0,0.0,0.0,0.0,1.0,2.0,11,1,5
23222,4,2,3,15,8,3,0,1,1,1,1,26,2,2,0.0,0.0,0.0,0.0,0.0,2.0,8,3,2
131237,16,2,3,10,8,3,0,1,1,1,1,19,2,2,0.0,0.0,0.0,0.0,0.0,2.0,11,1,9
85756,16,2,3,9,8,3,0,1,0,1,0,36,2,3,1.0,0.0,0.0,1.0,0.0,1.0,16,3,6
147282,16,3,3,10,2,3,0,1,0,1,0,17,2,4,2.0,0.0,0.0,0.0,2.0,1.0,14,3,10
50639,16,2,1,0,8,3,0,1,0,1,2,6,2,2,0.0,0.0,0.0,0.0,0.0,3.0,22,4,4
125634,16,2,2,17,2,3,0,5,1,1,2,36,2,2,0.0,0.0,0.0,0.0,0.0,2.0,6,3,9
180081,16,2,3,9,8,3,0,1,0,1,0,18,2,1,1.0,0.0,1.0,0.0,0.0,1.0,12,7,12
46432,16,2,3,0,8,3,0,1,1,1,2,5,2,2,0.0,0.0,0.0,0.0,0.0,2.0,13,6,4
87112,15,7,3,0,8,3,6,1,1,1,2,36,2,2,0.0,0.0,0.0,0.0,0.0,2.0,16,5,6
8824,16,3,3,10,8,3,4,1,1,1,1,19,2,2,0.0,0.0,0.0,0.0,0.0,2.0,15,7,1
89465,16,7,1,17,8,3,6,1,0,1,1,18,2,1,2.0,0.0,2.0,0.0,0.0,2.0,23,4,7
158778,15,2,3,7,6,3,0,1,1,1,1,24,2,2,0.0,0.0,0.0,0.0,0.0,1.0,15,4,11
132802,15,2,3,0,2,3,0,1,0,1,2,36,2,2,0.0,0.0,0.0,0.0,0.0,4.0,15,5,9
86934,16,2,2,17,1,3,0,1,0,1,2,22,2,2,0.0,0.0,0.0,0.0,0.0,2.0,5,2,6
126163,16,2,3,10,8,3,0,5,1,1,1,36,2,2,0.0,0.0,0.0,0.0,0.0,2.0,11,3,9
77330,4,2,3,8,15,3,0,1,0,1,0,18,2,3,1.0,0.0,0.0,1.0,0.0,1.0,13,6,6
106946,4,2,1,10,8,3,0,1,0,1,2,36,2,2,0.0,0.0,0.0,0.0,0.0,2.0,4,6,8
166023,16,2,1,17,8,3,0,1,1,1,0,19,2,2,0.0,0.0,0.0,0.0,0.0,2.0,4,2,11
184031,4,2,0,0,8,3,0,1,0,1,2,36,2,3,2.0,0.0,0.0,2.0,0.0,0.0,5,5,12
176307,16,2,3,15,8,3,0,1,1,1,2,22,2,2,0.0,0.0,0.0,0.0,0.0,5.0,17,5,12
136604,15,2,3,0,11,3,0,1,0,1,2,5,4,3,1.0,0.0,0.0,1.0,0.0,5.0,15,7,9
141740,16,7,1,2,8,3,0,1,1,1,1,12,1,2,0.0,0.0,0.0,0.0,0.0,1.0,2,2,10
95077,16,2,2,17,1,3,0,1,0,1,2,18,2,3,1.0,0.0,0.0,1.0,0.0,3.0,19,1,7
4435,15,11,1,17,8,3,5,5,1,1,1,18,2,2,0.0,0.0,0.0,0.0,0.0,2.0,17,4,1
184030,15,2,1,9,6,3,0,1,0,1,0,18,2,3,1.0,0.0,0.0,1.0,0.0,1.0,17,5,12
16089,16,2,1,10,8,3,6,1,1,1,2,19,2,2,0.0,0.0,0.0,0.0,0.0,2.0,22,1,2
162621,15,2,3,17,8,3,1,1,1,1,2,12,2,2,0.0,0.0,0.0,0.0,0.0,2.0,15,4,11
5730,16,2,3,0,6,3,0,1,0,1,2,13,3,2,0.0,0.0,0.0,0.0,0.0,2.0,9,3,1
64270,16,7,3,10,3,3,6,1,0,1,2,19,2,4,1.0,0.0,0.0,0.0,1.0,2.0,14,1,5
107992,15,2,3,0,8,3,0,1,0,1,2,36,2,2,0.0,0.0,0.0,0.0,0.0,3.0,15,1,8
10198,18,2,3,17,19,3,0,1,1,1,2,18,2,2,0.0,0.0,0.0,0.0,0.0,2.0,16,3,1
13512,15,2,3,0,6,3,0,1,1,1,0,36,2,2,0.0,0.0,0.0,0.0,0.0,2.0,12,3,1
91885,4,2,3,17,3,3,6,1,1,1,2,18,2,2,0.0,0.0,0.0,0.0,0.0,3.0,8,2,7
15311,4,2,3,15,17,3,4,1,1,0,0,36,2,2,0.0,0.0,0.0,0.0,0.0,2.0,16,2,2
21021,15,2,1,7,6,3,0,1,0,1,2,36,2,1,1.0,0.0,1.0,0.0,0.0,0.0,4,3,2
178263,15,3,1,17,8,3,0,1,1,1,1,36,2,2,0.0,0.0,0.0,0.0,0.0,4.0,17,7,12
63409,16,11,5,17,6,3,5,5,1,1,1,36,2,2,0.0,0.0,0.0,0.0,0.0,2.0,14,1,5
66373,16,7,3,15,8,3,6,1,1,1,2,12,2,2,0.0,0.0,0.0,0.0,0.0,3.0,14,7,5
58271,16,7,3,10,2,3,6,5,1,1,2,17,2,2,0.0,0.0,0.0,0.0,0.0,2.0,17,5,5
163585,16,2,3,17,2,3,0,1,1,1,1,36,2,2,0.0,0.0,0.0,0.0,0.0,2.0,14,3,11
2251,15,10,3,0,2,4,6,1,0,1,2,36,2,2,0.0,0.0,0.0,0.0,0.0,2.0,14,5,1
130817,15,2,3,0,6,3,0,1,0,1,2,18,2,2,0.0,0.0,0.0,0.0,0.0,2.0,15,5,9
37746,15,2,3,17,2,3,0,1,1,1,2,18,2,2,0.0,0.0,0.0,0.0,0.0,4.0,13,7,3
36591,15,7,1,17,2,3,6,1,0,1,1,18,2,2,0.0,0.0,0.0,0.0,0.0,3.0,2,7,3
35498,16,2,3,0,6,3,0,1,0,1,2,6,2,2,0.0,0.0,0.0,0.0,0.0,2.0,18,2,3
162458,4,3,0,10,8,3,0,1,1,1,0,36,2,2,0.0,0.0,0.0,0.0,0.0,2.0,22,1,11
2610,4,2,3,10,3,3,0,1,1,0,2,17,3,2,0.0,0.0,0.0,0.0,0.0,3.0,13,4,1