crash_date,               traffic_control_device,weather_condition,lighting_condition,first_crash_type,trafficway_type,alignment,roadway_surface_cond,road_defect,crash_type,intersection_related_i,damage,prim_contributory_cause,num_units,most_severe_injury,injuries_total,injuries_fatal,injuries_incapacitating,injuries_non_incapacitating,injuries_reported_not_evident,injuries_no_indication,crash_hour,crash_day_of_week,crash_month
179531,15,2,1,6,3,3,0,1,0,1,2,22,1,1,2.0,0.0,2.0,0.0,0.0,0.0,19,5,12
4811,16,2,1,10,6,3,6,1,0,1,2,17,3,4,1.0,0.0,0.0,0.0,1.0,3.0,21,4,1
36639,16,2,1,10,6,3,0,1,1,1,2,36,2,2,0.0,0.0,0.0,0.0,0.0,2.0,3,2,3
76684,15,2,3,10,10,3,0,1,1,1,2,19,2,2,0.0,0.0,0.0,0.0,0.0,2.0,15,2,6
33158,16,2,3,17,6,3,0,1,1,1,2,24,2,2,0.0,0.0,0.0,0.0,0.0,2.0,14,6,3
163478,16,2,1,0,6,3,0,5,0,1,2,36,3,1,3.0,0.0,2.0,1.0,0.0,0.0,22,3,11
46770,16,7,1,0,8,3,6,1,0,1,2,8,2,3,4.0,0.0,0.0,4.0,0.0,0.0,22,4,4
144401,16,2,3,0,2,3,0,1,0,1,2,12,2,2,0.0,0.0,0.0,0.0,0.0,2.0,17,4,10
128328,15,2,3,15,2,3,0,1,1,1,1,36,2,2,0.0,0.0,0.0,0.0,0.0,2.0,16,5,9
166669,16,2,3,10,6,3,0,1,0,1,2,18,3,3,1.0,0.0,0.0,1.0,0.0,3.0,15,6,11
62209,15,2,3,17,2,3,0,1,1,1,2,18,2,2,0.0,0.0,0.0,0.0,0.0,2.0,6,2,5
81952,16,2,3,0,6,3,0,1,0,1,2,6,2,2,0.0,0.0,0.0,0.0,0.0,7.0,15,2,6
39532,16,2,3,17,6,3,0,5,0,1,2,24,2,2,0.0,0.0,0.0,0.0,0.0,2.0,9,5,3
4068,4,2,3,17,8,3,0,1,0,1,2,36,2,2,0.0,0.0,0.0,0.0,0.0,2.0,7,5,1
72406,17,2,1,0,8,3,0,5,1,1,2,36,2,2,0.0,0.0,0.0,0.0,0.0,2.0,22,7,6
3889,16,2,1,17,2,3,0,1,1,1,2,18,2,2,0.0,0.0,0.0,0.0,0.0,2.0,5,2,1
29110,16,2,3,17,19,3,0,1,0,1,2,18,2,4,2.0,0.0,0.0,0.0,2.0,0.0,6,7,3
170803,16,7,1,17,6,3,6,1,1,1,2,22,2,2,0.0,0.0,0.0,0.0,0.0,3.0,21,5,11
108706,6,2,1,7,2,3,0,1,1,0,2,26,2,2,0.0,0.0,0.0,0.0,0.0,1.0,23,6,8
121859,15,2,3,0,10,3,0,1,1,1,2,5,2,2,0.0,0.0,0.0,0.0,0.0,2.0,18,5,9
102052,4,2,3,13,15,3,0,6,1,1,2,12,2,2,0.0,0.0,0.0,0.0,0.0,2.0,10,3,7
4798,16,2,1,0,6,3,6,5,0,1,2,6,3,3,1.0,0.0,0.0,1.0,0.0,5.0,19,4,1
137300,15,2,3,0,6,3,0,1,0,1,1,36,2,3,1.0,0.0,0.0,1.0,0.0,1.0,16,5,9
30288,16,2,1,15,8,3,0,1,1,1,2,22,2,2,0.0,0.0,0.0,0.0,0.0,4.0,7,6,3
12403,16,2,3,15,8,3,0,1,1,1,1,22,2,2,0.0,0.0,0.0,0.0,0.0,2.0,16,6,1
171634,15,2,2,17,8,3,0,1,1,1,1,24,2,2,0.0,0.0,0.0,0.0,0.0,2.0,6,5,11
54948,16,7,1,17,10,3,6,1,0,1,2,24,2,2,0.0,0.0,0.0,0.0,0.0,3.0,1,1,4
114210,16,7,3,17,8,3,6,1,0,1,2,9,2,4,1.0,0.0,0.0,0.0,1.0,1.0,12,3,8
116965,4,11,1,14,8,3,5,5,0,1,2,12,2,2,0.0,0.0,0.0,0.0,0.0,2.0,20,4,8
124558,16,7,3,17,6,3,6,1,1,1,0,35,2,2,0.0,0.0,0.0,0.0,0.0,2.0,11,1,9
31777,16,2,3,15,8,3,0,1,1,1,2,22,2,2,0.0,0.0,0.0,0.0,0.0,2.0,7,4,3
24818,16,2,3,17,10,3,0,1,1,1,2,24,2,2,0.0,0.0,0.0,0.0,0.0,4.0,9,2,2
174001,4,2,3,10,8,3,0,1,1,1,0,36,2,2,0.0,0.0,0.0,0.0,0.0,2.0,8,6,12
156422,16,2,3,17,8,3,0,1,0,1,2,17,2,2,0.0,0.0,0.0,0.0,0.0,2.0,15,6,11
79719,16,2,3,0,8,3,0,1,0,1,2,36,3,3,2.0,0.0,0.0,2.0,0.0,1.0,8,4,6
19738,4,3,3,0,8,3,0,1,1,1,0,18,2,2,0.0,0.0,0.0,0.0,0.0,2.0,14,2,2
162056,16,2,3,17,10,3,0,1,0,1,2,24,2,4,1.0,0.0,0.0,0.0,1.0,2.0,8,3,11
132382,16,2,1,10,2,3,0,5,1,1,2,36,2,2,0.0,0.0,0.0,0.0,0.0,2.0,19,7,9
94130,16,2,3,15,6,3,0,5,1,1,2,24,2,2,0.0,0.0,0.0,0.0,0.0,2.0,16,7,7
69151,16,7,3,0,6,3,6,1,0,1,2,6,3,2,0.0,0.0,0.0,0.0,0.0,3.0,10,1,5
131523,16,2,3,0,6,3,0,5,0,1,2,18,2,2,0.0,0.0,0.0,0.0,0.0,2.0,9,1,9
50897,4,2,3,17,2,3,0,1,1,1,2,24,2,2,0.0,0.0,0.0,0.0,0.0,2.0,10,7,4
5341,4,2,3,17,8,3,0,1,0,1,2,18,2,2,0.0,0.0,0.0,0.0,0.0,2.0,7,5,1
109688,16,2,3,0,6,3,5,5,0,1,2,18,2,3,1.0,0.0,0.0,1.0,0.0,1.0,7,6,8
139754,15,2,3,17,6,3,0,1,0,1,2,18,3,2,0.0,0.0,0.0,0.0,0.0,3.0,8,4,10
88702,4,2,3,17,8,3,6,1,0,1,2,36,2,2,0.0,0.0,0.0,0.0,0.0,2.0,19,1,7
11152,15,10,3,0,3,3,6,1,0,1,2,18,2,2,0.0,0.0,0.0,0.0,0.0,2.0,13,5,1
45657,16,11,3,10,6,3,5,5,1,1,1,36,2,2,0.0,0.0,0.0,0.0,0.0,2.0,9,6,4
34200,16,1,3,17,8,3,6,1,0,1,2,19,2,2,0.0,0.0,0.0,0.0,0.0,2.0,7,2,3
75787,16,2,3,10,2,3,0,1,1,1,2,19,2,2,0.0,0.0,0.0,0.0,0.0,2.0,19,3,6
135184,16,7,0,0,2,3,6,1,1,1,2,18,2,2,0.0,0.0,0.0,0.0,0.0,3.0,1,3,9
118819,16,2,1,0,11,3,5,1,1,1,1,36,2,2,0.0,0.0,0.0,0.0,0.0,2.0,23,7,8
67258,15,2,3,17,6,3,0,1,0,1,2,18,2,3,1.0,0.0,0.0,1.0,0.0,1.0,11,5,5
24845,16,2,3,15,2,3,0,1,1,1,0,18,2,2,0.0,0.0,0.0,0.0,0.0,2.0,12,4,2
4230,16,2,3,0,6,3,6,1,0,1,2,6,3,2,0.0,0.0,0.0,0.0,0.0,3.0,8,2,1
110909,15,2,1,0,8,3,0,1,0,1,2,24,2,2,0.0,0.0,0.0,0.0,0.0,3.0,20,2,8
44662,16,2,3,15,8,3,0,1,1,1,0,36,2,2,0.0,0.0,0.0,0.0,0.0,2.0,5,2,4
7417,4,2,1,3,8,3,0,1,0,1,2,11,2,3,1.0,0.0,0.0,1.0,0.0,1.0,19,1,1
78825,16,2,3,15,8,3,0,1,1,1,2,23,2,2,0.0,0.0,0.0,0.0,0.0,2.0,6,5,6
104885,4,2,3,17,11,3,0,1,1,1,2,18,2,2,0.0,0.0,0.0,0.0,0.0,5.0,18,3,8
6475,15,2,1,17,6,3,0,5,0,1,2,5,2,3,1.0,0.0,0.0,1.0,0.0,3.0,22,2,1
95676,16,2,1,10,2,3,5,5,1,1,0,17,2,2,0.0,0.0,0.0,0.0,0.0,2.0,22,3,7
92534,16,2,3,10,2,3,0,5,1,1,2,19,2,2,0.0,0.0,0.0,0.0,0.0,2.0,16,4,7
41390,16,7,3,10,11,3,6,1,1,1,0,18,2,2,0.0,0.0,0.0,0.0,0.0,2.0,15,5,3
158185,16,7,1,9,8,3,6,1,0,1,2,39,3,3,2.0,0.0,0.0,2.0,0.0,2.0,22,2,11
176659,4,7,3,15,11,3,6,1,1,1,2,12,2,2,0.0,0.0,0.0,0.0,0.0,2.0,14,2,12
128451,4,2,3,0,2,3,0,1,0,1,2,18,2,3,1.0,0.0,0.0,1.0,0.0,1.0,17,7,9
17332,16,2,3,15,2,3,0,1,1,1,2,23,2,2,0.0,0.0,0.0,0.0,0.0,2.0,14,7,2
165791,15,2,0,10,2,3,0,5,1,1,2,17,2,2,0.0,0.0,0.0,0.0,0.0,2.0,19,7,11
1461,15,2,1,17,8,3,0,1,1,1,2,18,2,2,0.0,0.0,0.0,0.0,0.0,2.0,0,6,1
16173,16,10,3,10,8,3,4,1,0,1,2,19,2,2,0.0,0.0,0.0,0.0,0.0,2.0,14,4,2
81833,16,2,3,10,8,3,0,1,1,1,2,26,2,2,0.0,0.0,0.0,0.0,0.0,3.0,11,7,6
174490,16,2,1,9,6,3,0,1,0,1,2,36,2,3,1.0,0.0,0.0,1.0,0.0,1.0,18,5,12
80202,4,2,3,8,8,3,0,1,1,1,0,36,2,2,0.0,0.0,0.0,0.0,0.0,2.0,16,5,6
138240,4,3,3,15,8,3,0,1,1,1,2,12,3,2,0.0,0.0,0.0,0.0,0.0,2.0,13,3,10
56875,16,3,3,17,8,3,0,1,1,1,2,18,2,2,0.0,0.0,0.0,0.0,0.0,2.0,9,3,5
123337,16,2,3,10,2,3,5,5,1,1,1,36,2,2,0.0,0.0,0.0,0.0,0.0,2.0,7,4,9
151932,15,2,1,0,8,4,6,1,0,1,2,5,2,2,0.0,0.0,0.0,0.0,0.0,2.0,19,3,10
182229,16,2,1,17,8,3,0,1,0,1,2,24,2,2,0.0,0.0,0.0,0.0,0.0,5.0,21,7,12
28572,16,2,1,10,2,3,0,1,1,1,2,36,2,2,0.0,0.0,0.0,0.0,0.0,2.0,22,3,3
114384,16,2,3,15,2,3,0,1,1,1,2,23,2,2,0.0,0.0,0.0,0.0,0.0,3.0,17,7,8
145625,15,2,1,17,15,3,0,1,1,1,2,36,2,2,0.0,0.0,0.0,0.0,0.0,2.0,1,7,10
35537,16,2,3,15,6,3,0,1,1,1,2,24,2,2,0.0,0.0,0.0,0.0,0.0,2.0,13,3,3
69486,15,2,3,10,8,3,0,1,1,1,1,19,2,2,0.0,0.0,0.0,0.0,0.0,2.0,16,6,5
110465,15,2,1,17,11,3,0,1,1,1,2,24,2,2,0.0,0.0,0.0,0.0,0.0,2.0,22,2,8
175576,15,2,1,17,2,3,0,1,1,1,1,18,2,2,0.0,0.0,0.0,0.0,0.0,2.0,19,6,12
39834,16,2,3,17,10,3,0,1,0,1,2,24,2,4,1.0,0.0,0.0,0.0,1.0,1.0,14,3,3
32541,17,2,4,15,8,3,0,5,1,1,2,36,2,2,0.0,0.0,0.0,0.0,0.0,3.0,0,7,3
168571,15,2,1,0,6,3,0,1,0,1,2,18,2,4,1.0,0.0,0.0,0.0,1.0,1.0,16,7,11
85187,16,2,3,0,8,3,0,1,0,1,2,36,2,4,1.0,0.0,0.0,0.0,1.0,2.0,12,3,6
88072,15,2,3,0,6,4,0,1,0,1,2,36,3,3,1.0,0.0,0.0,1.0,0.0,2.0,18,5,7
7514,16,11,5,15,8,3,5,5,1,1,0,36,2,2,0.0,0.0,0.0,0.0,0.0,2.0,18,4,1
9383,16,2,3,10,2,3,1,1,0,1,2,23,2,2,0.0,0.0,0.0,0.0,0.0,2.0,15,4,1
181890,16,7,3,2,3,2,6,5,0,1,2,39,1,3,1.0,0.0,0.0,1.0,0.0,0.0,2,2,12
17481,16,10,3,8,6,3,6,1,0,1,0,18,2,3,1.0,0.0,0.0,1.0,0.0,1.0,15,5,2
178104,4,3,0,9,0,3,6,1,0,0,0,30,3,1,1.0,0.0,1.0,0.0,0.0,1.0,5,1,12
75350,16,2,3,9,3,3,0,1,0,1,0,36,2,3,1.0,0.0,0.0,1.0,0.0,1.0,13,4,6
121731,4,7,2,0,8,3,6,1,0,1,0,18,2,2,0.0,0.0,0.0,0.0,0.0,3.0,19,2,9
160294,4,2,4,0,0,3,0,1,1,1,2,18,2,2,0.0,0.0,0.0,0.0,0.0,2.0,15,5,11
98910,16,2,3,10,8,3,0,1,1,1,1,19,2,2,0.0,0.0,0.0,0.0,0.0,3.0,15,4,7
161304,4,7,1,17,3,3,6,5,0,1,2,18,2,4,1.0,0.0,0.0,0.0,1.0,2.0,5,1,11
47023,4,2,3,17,8,3,0,1,0,1,2,18,2,3,1.0,0.0,0.0,1.0,0.0,1.0,10,3,4
16563,16,2,1,0,6,3,0,5,0,1,2,36,2,2,0.0,0.0,0.0,0.0,0.0,3.0,18,3,2
64716,16,7,3,17,10,3,6,1,0,1,2,26,2,3,4.0,0.0,0.0,4.0,0.0,1.0,16,7,5
55181,15,2,1,10,6,3,0,1,1,1,2,22,2,2,0.0,0.0,0.0,0.0,0.0,3.0,21,2,4
119384,16,2,3,17,2,3,0,1,0,1,2,17,2,2,0.0,0.0,0.0,0.0,0.0,2.0,10,5,8
144046,16,7,3,10,8,3,6,1,0,1,0,19,2,4,1.0,0.0,0.0,0.0,1.0,1.0,11,4,10
90371,16,2,3,8,6,3,0,1,0,1,2,36,2,3,1.0,0.0,0.0,1.0,0.0,1.0,12,6,7
5769,15,10,1,17,6,3,1,5,0,1,2,18,2,2,0.0,0.0,0.0,0.0,0.0,2.0,18,4,1
41078,4,2,3,0,8,3,0,1,1,1,2,21,2,2,0.0,0.0,0.0,0.0,0.0,2.0,16,6,3
72124,15,2,3,15,8,3,0,1,1,1,1,23,2,2,0.0,0.0,0.0,0.0,0.0,2.0,8,4,6
26960,16,2,3,17,3,3,0,1,0,1,2,35,2,2,0.0,0.0,0.0,0.0,0.0,2.0,7,6,2
25836,16,7,1,10,8,3,6,5,0,1,2,37,2,2,0.0,0.0,0.0,0.0,0.0,2.0,2,1,2
25685,15,10,1,10,2,3,4,5,1,1,1,19,2,2,0.0,0.0,0.0,0.0,0.0,2.0,21,6,2
182103,16,2,3,10,2,3,0,1,0,1,2,19,2,1,1.0,0.0,1.0,0.0,0.0,1.0,10,4,12
46363,4,2,3,17,8,3,0,1,1,1,1,24,2,2,0.0,0.0,0.0,0.0,0.0,3.0,12,3,4
16059,16,2,3,10,2,3,0,1,1,1,2,12,2,2,0.0,0.0,0.0,0.0,0.0,2.0,12,7,2
182173,16,2,1,0,8,3,0,1,0,1,2,36,2,2,0.0,0.0,0.0,0.0,0.0,2.0,23,6,12
80167,16,2,1,17,8,3,0,1,0,1,2,18,2,4,2.0,0.0,0.0,0.0,2.0,2.0,22,4,6
162886,15,2,0,0,8,3,0,1,1,1,1,18,2,2,0.0,0.0,0.0,0.0,0.0,2.0,18,2,11
18223,15,2,3,0,18,3,0,1,1,1,2,5,2,2,0.0,0.0,0.0,0.0,0.0,3.0,13,4,2
33671,16,2,3,0,2,3,0,5,1,1,2,6,2,2,0.0,0.0,0.0,0.0,0.0,4.0,11,7,3
66761,16,2,3,0,8,3,0,1,0,1,2,17,2,2,0.0,0.0,0.0,0.0,0.0,2.0,9,6,5
16911,15,10,1,0,2,3,4,1,0,1,2,39,2,2,0.0,0.0,0.0,0.0,0.0,3.0,19,2,2
182016,15,2,3,17,8,3,0,1,1,1,2,36,2,2,0.0,0.0,0.0,0.0,0.0,2.0,9,3,12
39339,16,7,1,17,8,3,6,1,0,1,2,17,2,2,0.0,0.0,0.0,0.0,0.0,2.0,21,7,3
19093,16,5,3,17,1,3,6,1,1,1,2,26,3,2,0.0,0.0,0.0,0.0,0.0,3.0,15,5,2
11919,4,2,3,17,8,3,0,1,1,1,2,36,2,2,0.0,0.0,0.0,0.0,0.0,2.0,14,4,1
167910,16,2,4,0,8,3,0,1,0,1,2,36,3,3,2.0,0.0,0.0,2.0,0.0,2.0,18,2,11
118251,16,2,3,17,8,3,0,1,1,1,1,26,2,2,0.0,0.0,0.0,0.0,0.0,2.0,8,6,8
133754,4,2,3,7,3,3,0,1,0,1,2,17,2,2,0.0,0.0,0.0,0.0,0.0,1.0,7,3,9
104828,4,2,3,17,8,3,0,1,0,1,2,18,2,2,0.0,0.0,0.0,0.0,0.0,2.0,18,2,8
108246,16,2,3,15,8,3,0,5,1,1,2,23,2,2,0.0,0.0,0.0,0.0,0.0,2.0,17,4,8
61379,16,2,3,10,8,3,0,1,1,1,2,19,2,2,0.0,0.0,0.0,0.0,0.0,2.0,9,4,5
130934,15,2,1,15,8,3,0,5,0,0,2,28,2,2,0.0,0.0,0.0,0.0,0.0,2.0,0,7,9
48444,15,2,3,10,2,3,0,1,1,1,1,19,2,2,0.0,0.0,0.0,0.0,0.0,2.0,10,6,4
135617,16,2,3,17,6,3,0,1,1,1,2,22,2,2,0.0,0.0,0.0,0.0,0.0,2.0,16,2,9
55562,15,2,3,17,10,4,0,1,1,1,1,23,2,2,0.0,0.0,0.0,0.0,0.0,3.0,15,2,4
393,16,2,1,0,6,3,0,1,0,1,2,6,2,1,2.0,0.0,1.0,1.0,0.0,1.0,19,1,1
118528,16,7,1,17,5,3,6,1,1,1,2,36,2,2,0.0,0.0,0.0,0.0,0.0,2.0,22,6,8
95555,4,2,3,0,8,3,0,1,0,1,2,36,2,3,2.0,0.0,0.0,2.0,0.0,1.0,16,1,7
66194,16,2,3,0,6,3,0,1,0,1,2,36,2,4,1.0,0.0,0.0,0.0,1.0,2.0,18,3,5
147054,16,2,3,10,8,3,0,1,1,1,1,36,2,2,0.0,0.0,0.0,0.0,0.0,2.0,12,4,10
63606,15,2,3,17,8,3,0,1,1,1,1,18,2,2,0.0,0.0,0.0,0.0,0.0,2.0,16,3,5
122030,16,2,3,15,2,3,0,1,1,1,2,36,2,2,0.0,0.0,0.0,0.0,0.0,3.0,10,7,9
79382,15,2,3,0,8,3,0,1,1,1,2,36,2,2,0.0,0.0,0.0,0.0,0.0,2.0,13,6,6
5930,16,2,1,0,6,3,0,1,0,1,2,36,2,2,0.0,0.0,0.0,0.0,0.0,4.0,2,1,1
148764,16,3,3,17,11,3,0,1,0,1,2,18,2,3,3.0,0.0,0.0,1.0,2.0,0.0,12,7,10
40650,17,11,1,10,8,4,5,5,1,1,1,19,2,2,0.0,0.0,0.0,0.0,0.0,2.0,22,4,3
140721,16,2,3,15,2,3,0,5,1,1,1,18,2,2,0.0,0.0,0.0,0.0,0.0,3.0,12,3,10
26175,17,11,5,17,17,3,5,5,1,1,2,36,2,2,0.0,0.0,0.0,0.0,0.0,3.0,15,5,2
134220,4,2,3,0,8,3,0,1,0,1,2,36,2,4,1.0,0.0,0.0,0.0,1.0,1.0,10,2,9
7264,16,2,3,17,10,3,0,1,1,1,1,18,2,2,0.0,0.0,0.0,0.0,0.0,3.0,15,6,1
85244,16,2,3,10,8,3,0,1,1,1,1,19,2,2,0.0,0.0,0.0,0.0,0.0,2.0,16,3,6
156391,16,2,3,0,11,5,6,6,0,1,2,32,2,2,0.0,0.0,0.0,0.0,0.0,2.0,10,5,11
164681,16,2,0,0,8,3,0,1,0,1,2,3,2,3,1.0,0.0,0.0,1.0,0.0,2.0,17,7,11
74400,15,2,3,17,8,3,0,1,0,1,2,23,2,2,0.0,0.0,0.0,0.0,0.0,2.0,12,4,6
166922,16,7,1,17,6,3,6,1,1,1,2,24,2,2,0.0,0.0,0.0,0.0,0.0,6.0,16,4,11
156835,16,2,3,0,3,3,0,1,0,1,2,18,2,2,0.0,0.0,0.0,0.0,0.0,3.0,16,7,11
106817,16,2,3,17,15,3,0,1,1,1,0,19,2,2,0.0,0.0,0.0,0.0,0.0,2.0,16,3,8
65245,16,2,5,17,6,3,5,5,1,1,2,36,2,2,0.0,0.0,0.0,0.0,0.0,2.0,23,1,5
14603,17,11,3,15,10,3,5,5,1,1,2,26,2,2,0.0,0.0,0.0,0.0,0.0,2.0,14,1,1
36168,16,2,1,17,6,3,0,1,1,1,2,23,2,2,0.0,0.0,0.0,0.0,0.0,3.0,21,6,3
168500,16,2,1,10,10,3,0,1,1,1,1,36,2,2,0.0,0.0,0.0,0.0,0.0,2.0,23,4,11
127362,15,2,3,0,8,3,0,1,0,1,2,36,2,4,2.0,0.0,0.0,0.0,2.0,1.0,16,6,9
125913,15,2,3,17,8,3,0,5,1,1,2,36,2,2,0.0,0.0,0.0,0.0,0.0,4.0,17,1,9
85185,16,2,1,17,2,3,0,1,0,1,2,36,2,2,0.0,0.0,0.0,0.0,0.0,2.0,23,3,6
183462,16,2,1,10,8,3,0,1,1,0,1,19,2,2,0.0,0.0,0.0,0.0,0.0,3.0,17,4,12
43239,16,7,0,10,8,3,6,1,1,1,2,19,2,2,0.0,0.0,0.0,0.0,0.0,2.0,21,3,4
34478,15,7,3,0,8,3,6,1,1,1,2,18,2,2,0.0,0.0,0.0,0.0,0.0,2.0,7,5,3
163749,15,10,3,17,8,3,6,1,0,1,2,36,2,2,0.0,0.0,0.0,0.0,0.0,4.0,11,5,11
148449,15,2,3,0,6,3,0,1,1,1,2,18,2,2,0.0,0.0,0.0,0.0,0.0,2.0,14,5,10
154884,15,2,4,14,8,3,0,1,1,1,0,36,2,2,0.0,0.0,0.0,0.0,0.0,2.0,6,1,10
65195,16,7,3,0,6,3,6,1,1,1,1,3,2,2,0.0,0.0,0.0,0.0,0.0,2.0,13,1,5
127340,4,2,3,8,14,3,0,1,0,1,0,11,2,3,1.0,0.0,0.0,1.0,0.0,1.0,13,6,9
47744,15,2,3,0,3,3,0,1,0,1,2,18,2,2,0.0,0.0,0.0,0.0,0.0,2.0,11,7,4
170370,4,2,3,7,10,3,0,1,1,1,1,23,2,2,0.0,0.0,0.0,0.0,0.0,1.0,10,6,11
183774,16,2,3,15,11,3,0,1,1,1,0,18,2,2,0.0,0.0,0.0,0.0,0.0,2.0,14,7,12
43709,4,2,3,10,8,3,1,1,1,1,2,16,2,2,0.0,0.0,0.0,0.0,0.0,10.0,8,4,4
98675,16,2,3,17,6,3,0,1,0,1,2,18,2,3,4.0,0.0,0.0,4.0,0.0,1.0,17,1,7
166237,16,2,3,17,3,3,0,1,1,1,2,24,2,2,0.0,0.0,0.0,0.0,0.0,2.0,6,6,11
26082,16,10,1,10,6,3,4,1,1,1,2,39,2,2,0.0,0.0,0.0,0.0,0.0,2.0,21,6,2
127500,15,9,3,17,8,3,0,1,1,1,2,36,2,2,0.0,0.0,0.0,0.0,0.0,2.0,15,2,9
84884,15,2,3,7,8,3,0,1,0,1,2,12,2,2,0.0,0.0,0.0,0.0,0.0,2.0,17,5,6
179776,16,2,3,10,8,3,0,1,0,0,2,17,3,3,1.0,0.0,0.0,1.0,0.0,2.0,13,3,12
102179,16,2,3,10,6,3,0,1,1,1,2,12,2,2,0.0,0.0,0.0,0.0,0.0,3.0,10,5,7
104465,16,2,3,8,8,3,0,1,0,1,1,18,2,3,1.0,0.0,0.0,1.0,0.0,1.0,17,5,8
133990,16,7,1,10,8,3,6,1,0,1,2,17,4,3,3.0,0.0,0.0,3.0,0.0,8.0,23,7,9
49364,16,2,1,13,6,3,0,1,0,1,2,6,2,2,0.0,0.0,0.0,0.0,0.0,2.0,3,3,4
122130,16,2,3,15,8,3,0,1,1,1,2,26,2,2,0.0,0.0,0.0,0.0,0.0,2.0,16,3,9
70239,15,2,0,0,2,3,0,1,1,1,2,5,2,2,0.0,0.0,0.0,0.0,0.0,2.0,20,3,5
131064,4,2,3,9,8,3,0,1,0,1,0,18,2,3,1.0,0.0,0.0,1.0,0.0,1.0,14,3,9
78369,17,2,1,0,6,3,0,1,0,1,2,6,2,4,1.0,0.0,0.0,0.0,1.0,1.0,23,5,6
17858,15,10,0,0,2,3,4,1,1,1,2,39,2,2,0.0,0.0,0.0,0.0,0.0,2.0,4,4,2
183696,15,2,3,0,11,3,0,1,0,1,2,36,2,2,0.0,0.0,0.0,0.0,0.0,2.0,15,6,12
127347,15,2,3,0,16,3,0,1,0,1,2,5,2,2,0.0,0.0,0.0,0.0,0.0,3.0,14,6,9
181023,15,2,1,0,6,3,0,5,0,1,2,18,2,2,0.0,0.0,0.0,0.0,0.0,2.0,17,5,12
28135,15,2,1,0,8,3,0,1,1,1,1,18,2,2,0.0,0.0,0.0,0.0,0.0,2.0,19,7,2
110774,16,3,3,17,3,3,0,1,1,1,1,23,2,2,0.0,0.0,0.0,0.0,0.0,3.0,18,1,8
178037,16,2,1,9,2,3,0,1,0,1,2,18,2,0,1.0,1.0,0.0,0.0,0.0,1.0,17,7,12
62879,15,2,1,17,6,3,0,1,0,1,2,6,3,1,4.0,0.0,2.0,0.0,2.0,1.0,21,6,5
175725,16,2,3,17,3,3,0,5,1,1,2,24,2,2,0.0,0.0,0.0,0.0,0.0,3.0,15,3,12
101009,15,2,3,7,8,3,0,1,0,1,2,12,2,2,0.0,0.0,0.0,0.0,0.0,1.0,15,2,7
113650,16,2,1,0,8,3,0,1,1,1,2,6,2,2,0.0,0.0,0.0,0.0,0.0,5.0,0,1,8
49385,16,7,1,17,8,3,6,1,0,1,2,39,2,2,0.0,0.0,0.0,0.0,0.0,2.0,19,3,4
160836,15,10,3,7,8,3,1,1,1,1,2,39,2,2,0.0,0.0,0.0,0.0,0.0,1.0,14,6,11
97406,16,3,4,15,6,3,0,1,0,1,2,19,2,3,1.0,0.0,0.0,1.0,0.0,2.0,20,2,7
75414,4,2,1,17,8,3,0,1,0,1,2,17,2,3,1.0,0.0,0.0,1.0,0.0,1.0,23,4,6
111499,4,2,3,10,8,3,0,1,1,1,2,19,2,2,0.0,0.0,0.0,0.0,0.0,2.0,14,4,8
16241,16,10,1,10,2,3,4,5,0,1,2,36,3,4,3.0,0.0,0.0,0.0,3.0,2.0,16,5,2
90678,16,2,3,10,8,4,0,1,1,1,1,36,2,2,0.0,0.0,0.0,0.0,0.0,3.0,9,3,7
128379,16,2,4,3,8,3,0,5,0,1,2,24,3,2,0.0,0.0,0.0,0.0,0.0,3.0,18,6,9
24855,6,2,3,0,2,3,0,5,0,1,2,36,2,2,0.0,0.0,0.0,0.0,0.0,3.0,16,5,2
117079,15,2,3,17,6,3,0,1,0,1,2,18,2,1,2.0,0.0,1.0,1.0,0.0,0.0,15,6,8
95776,15,3,3,0,6,3,0,1,0,1,2,18,2,2,0.0,0.0,0.0,0.0,0.0,3.0,15,6,7
46621,16,2,3,15,6,3,5,5,1,1,0,19,2,2,0.0,0.0,0.0,0.0,0.0,2.0,11,2,4
172213,16,2,1,0,8,3,0,1,0,1,2,6,2,1,4.0,0.0,1.0,3.0,0.0,0.0,19,6,12
129119,16,2,1,0,8,3,0,1,0,1,2,36,2,2,0.0,0.0,0.0,0.0,0.0,2.0,21,2,9
176952,16,2,1,17,18,3,6,1,1,1,2,24,2,2,0.0,0.0,0.0,0.0,0.0,3.0,23,6,12
174518,4,2,1,7,0,3,0,1,1,1,1,21,2,2,0.0,0.0,0.0,0.0,0.0,2.0,22,5,12
70883,15,2,3,0,6,3,0,1,1,1,2,18,2,2,0.0,0.0,0.0,0.0,0.0,2.0,9,7,5
18083,16,10,1,2,2,3,6,1,0,0,2,39,1,2,0.0,0.0,0.0,0.0,0.0,1.0,5,1,2
2087,16,2,3,17,8,3,0,1,1,1,2,36,2,2,0.0,0.0,0.0,0.0,0.0,2.0,6,7,1
105481,15,2,3,0,15,3,0,5,0,1,2,36,2,3,2.0,0.0,0.0,2.0,0.0,1.0,18,5,8
48653,16,2,2,17,2,3,5,5,1,1,2,22,2,2,0.0,0.0,0.0,0.0,0.0,3.0,14,2,4
105287,16,2,2,0,6,3,5,5,0,1,2,6,2,4,1.0,0.0,0.0,0.0,1.0,1.0,5,2,8
183792,4,2,3,15,10,3,0,5,1,1,2,17,2,2,0.0,0.0,0.0,0.0,0.0,2.0,17,7,12