crash_date,               traffic_control_device,weather_condition,lighting_condition,first_crash_type,trafficway_type,alignment,roadway_surface_cond,road_defect,crash_type,intersection_related_i,damage,prim_contributory_cause,num_units,most_severe_injury,injuries_total,injuries_fatal,injuries_incapacitating,injuries_non_incapacitating,injuries_reported_not_evident,injuries_no_indication,crash_hour,crash_day_of_week,crash_month
149917,16,2,3,4,6,3,0,1,0,1,0,36,2,4,1.0,0.0,0.0,0.0,1.0,1.0,16,3,10
180614,15,2,1,17,6,3,0,1,0,1,2,36,2,2,0.0,0.0,0.0,0.0,0.0,4.0,23,6,12
162715,4,11,5,0,10,3,5,5,1,1,1,36,2,2,0.0,0.0,0.0,0.0,0.0,3.0,16,6,11
22783,16,2,1,15,10,3,0,1,1,1,1,36,2,2,0.0,0.0,0.0,0.0,0.0,2.0,22,4,2
149745,4,2,5,7,10,3,0,1,1,0,0,36,2,2,0.0,0.0,0.0,0.0,0.0,1.0,17,7,10
61201,16,3,3,10,15,3,6,5,1,1,0,19,2,2,0.0,0.0,0.0,0.0,0.0,3.0,18,7,5
66103,15,7,3,0,8,3,6,1,1,1,2,18,2,2,0.0,0.0,0.0,0.0,0.0,3.0,15,2,5
92659,15,2,0,17,6,3,0,1,1,1,2,26,2,2,0.0,0.0,0.0,0.0,0.0,6.0,23,6,7
111206,15,2,1,0,2,3,0,1,1,1,2,18,2,2,0.0,0.0,0.0,0.0,0.0,5.0,22,7,8
113418,16,2,3,17,6,3,5,5,1,1,2,22,2,2,0.0,0.0,0.0,0.0,0.0,2.0,16,6,8
170268,16,2,3,9,2,3,6,1,0,1,0,18,2,3,1.0,0.0,0.0,1.0,0.0,1.0,10,3,11
85381,16,2,3,10,6,3,0,1,0,0,2,19,2,3,1.0,0.0,0.0,1.0,0.0,1.0,13,6,6
57926,16,2,3,17,1,3,0,1,1,0,1,18,2,2,0.0,0.0,0.0,0.0,0.0,2.0,12,7,5
111396,15,2,3,0,2,3,0,1,0,1,2,18,2,2,0.0,0.0,0.0,0.0,0.0,2.0,10,4,8
4013,16,3,3,17,2,3,0,1,0,1,2,36,2,4,3.0,0.0,0.0,0.0,3.0,0.0,10,4,1
45447,16,2,3,17,8,3,0,1,1,1,1,36,2,2,0.0,0.0,0.0,0.0,0.0,3.0,15,2,4
171392,16,2,3,17,6,3,0,1,1,1,2,24,2,2,0.0,0.0,0.0,0.0,0.0,2.0,8,2,11
21874,16,10,3,9,6,3,4,1,0,1,0,8,2,4,1.0,0.0,0.0,0.0,1.0,1.0,8,2,2
136609,16,2,3,10,8,3,0,1,1,1,1,36,2,2,0.0,0.0,0.0,0.0,0.0,2.0,16,7,9
111932,16,7,3,10,3,3,6,1,1,1,0,19,2,2,0.0,0.0,0.0,0.0,0.0,2.0,9,3,8
5188,16,2,1,17,6,3,1,1,1,1,1,6,2,2,0.0,0.0,0.0,0.0,0.0,2.0,4,3,1
110265,16,2,3,2,6,3,0,1,0,1,2,8,1,3,2.0,0.0,0.0,2.0,0.0,0.0,7,7,8
44545,16,2,1,2,8,3,6,5,1,1,1,24,1,2,0.0,0.0,0.0,0.0,0.0,9.0,3,6,4
132318,16,2,1,17,6,3,0,1,1,1,2,24,2,2,0.0,0.0,0.0,0.0,0.0,2.0,18,5,9
83248,16,7,3,15,8,3,6,1,0,1,2,13,2,2,0.0,0.0,0.0,0.0,0.0,2.0,10,6,6
24930,16,2,1,0,10,3,0,1,1,1,1,18,2,2,0.0,0.0,0.0,0.0,0.0,2.0,9,6,2
179667,17,2,3,9,15,3,0,1,0,1,0,36,2,4,1.0,0.0,0.0,0.0,1.0,1.0,14,7,12
152707,4,2,3,17,2,3,0,1,1,1,2,23,2,2,0.0,0.0,0.0,0.0,0.0,2.0,14,7,10
144321,15,2,3,0,6,3,0,5,0,1,2,18,2,3,1.0,0.0,0.0,1.0,0.0,4.0,15,3,10
174690,4,2,1,7,10,3,0,1,0,1,2,12,2,2,0.0,0.0,0.0,0.0,0.0,1.0,2,2,12
177181,16,2,2,0,8,3,0,1,0,1,2,6,2,2,0.0,0.0,0.0,0.0,0.0,2.0,7,1,12
66756,16,2,1,17,8,3,0,1,1,1,2,19,2,2,0.0,0.0,0.0,0.0,0.0,4.0,20,6,5
62341,16,2,3,17,5,3,0,1,0,1,2,6,2,2,0.0,0.0,0.0,0.0,0.0,2.0,11,5,5
162168,4,9,3,17,2,3,6,1,0,1,2,36,2,2,0.0,0.0,0.0,0.0,0.0,2.0,13,6,11
157657,4,2,1,0,6,3,0,1,0,1,2,5,2,2,0.0,0.0,0.0,0.0,0.0,2.0,0,2,11
38614,16,2,3,17,6,3,0,1,1,1,2,36,2,2,0.0,0.0,0.0,0.0,0.0,2.0,14,2,3
125295,16,2,3,0,11,3,0,1,0,1,2,36,2,3,3.0,0.0,0.0,3.0,0.0,1.0,8,6,9
139266,15,2,3,0,6,3,0,1,0,1,2,18,2,4,1.0,0.0,0.0,0.0,1.0,2.0,14,5,10
139806,16,2,2,9,8,3,5,5,0,1,2,36,2,3,1.0,0.0,0.0,1.0,0.0,1.0,5,6,10
12747,15,11,5,17,9,3,5,5,1,1,2,36,2,2,0.0,0.0,0.0,0.0,0.0,3.0,16,5,1
29937,16,2,1,0,6,3,0,1,0,1,2,6,2,3,2.0,0.0,0.0,2.0,0.0,3.0,3,7,3
132280,4,2,3,7,8,3,0,1,1,1,2,36,2,2,0.0,0.0,0.0,0.0,0.0,2.0,13,5,9
62775,16,2,3,15,8,3,0,5,1,1,0,17,2,2,0.0,0.0,0.0,0.0,0.0,2.0,12,3,5
32497,16,2,3,15,2,3,0,1,1,1,1,26,2,2,0.0,0.0,0.0,0.0,0.0,2.0,16,7,3
114014,16,2,3,15,8,3,0,1,1,1,2,36,3,2,0.0,0.0,0.0,0.0,0.0,4.0,12,2,8
185142,16,2,3,17,6,3,0,1,1,1,2,18,2,2,0.0,0.0,0.0,0.0,0.0,2.0,13,2,12
72236,16,7,3,17,6,4,6,1,1,1,2,22,2,2,0.0,0.0,0.0,0.0,0.0,5.0,16,7,6
159569,16,2,3,10,6,3,0,5,1,1,2,36,2,2,0.0,0.0,0.0,0.0,0.0,4.0,13,3,11
76766,4,2,3,17,2,3,0,1,0,1,2,18,2,2,0.0,0.0,0.0,0.0,0.0,2.0,15,4,6
135168,16,2,3,17,6,3,0,1,0,1,2,22,2,2,0.0,0.0,0.0,0.0,0.0,2.0,8,2,9
120969,15,2,3,17,8,3,0,5,1,1,2,36,2,2,0.0,0.0,0.0,0.0,0.0,4.0,18,6,9
147212,16,2,1,0,6,3,0,4,0,1,2,6,2,3,1.0,0.0,0.0,1.0,0.0,1.0,21,1,10
121896,16,2,1,17,3,3,0,1,1,1,2,22,2,2,0.0,0.0,0.0,0.0,0.0,3.0,0,5,9
83533,16,2,3,17,6,3,0,1,1,1,2,26,2,2,0.0,0.0,0.0,0.0,0.0,3.0,16,5,6
156253,16,2,3,15,6,3,0,6,0,1,2,17,2,2,0.0,0.0,0.0,0.0,0.0,2.0,9,6,11
96454,16,2,3,17,8,3,0,1,1,1,0,24,2,2,0.0,0.0,0.0,0.0,0.0,2.0,16,2,7
172704,16,2,1,17,6,3,0,1,1,1,1,24,2,2,0.0,0.0,0.0,0.0,0.0,5.0,21,1,12
157808,16,3,3,7,8,3,0,1,1,0,2,12,2,2,0.0,0.0,0.0,0.0,0.0,1.0,16,6,11
126262,16,2,3,0,6,3,0,1,0,1,2,6,2,2,0.0,0.0,0.0,0.0,0.0,3.0,17,6,9
70735,15,7,3,0,2,3,6,1,0,1,2,5,2,1,5.0,0.0,5.0,0.0,0.0,2.0,19,4,5
54992,16,3,3,3,6,3,0,1,0,1,2,18,2,4,1.0,0.0,0.0,0.0,1.0,1.0,10,1,4
97827,4,2,1,15,8,3,0,1,1,0,1,17,2,2,0.0,0.0,0.0,0.0,0.0,3.0,22,7,7
46831,16,3,4,0,8,3,6,1,1,1,1,6,2,2,0.0,0.0,0.0,0.0,0.0,2.0,21,5,4
173068,15,2,1,0,10,3,0,6,1,1,2,26,2,2,0.0,0.0,0.0,0.0,0.0,2.0,17,6,12
159452,15,2,1,10,10,3,0,1,0,1,2,19,4,3,1.0,0.0,0.0,1.0,0.0,2.0,2,1,11
157190,15,2,3,0,6,3,0,1,0,1,2,5,2,4,2.0,0.0,0.0,0.0,2.0,1.0,10,4,11
170449,16,11,5,11,15,3,5,5,1,1,0,36,2,2,0.0,0.0,0.0,0.0,0.0,2.0,15,1,11
66183,17,2,3,10,8,3,0,1,1,0,2,36,3,2,0.0,0.0,0.0,0.0,0.0,4.0,15,3,5
35151,16,2,1,0,6,3,0,1,0,1,2,6,3,4,1.0,0.0,0.0,0.0,1.0,4.0,20,3,3
24902,15,2,3,8,1,3,0,1,1,1,0,18,2,2,0.0,0.0,0.0,0.0,0.0,3.0,16,6,2
132711,15,2,3,9,8,3,0,5,0,1,2,36,2,3,1.0,0.0,0.0,1.0,0.0,1.0,8,3,9
509,15,2,1,0,2,3,0,1,0,1,2,5,2,4,1.0,0.0,0.0,0.0,1.0,1.0,19,7,1
146843,16,2,1,8,6,3,0,1,0,1,2,18,2,3,1.0,0.0,0.0,1.0,0.0,1.0,19,4,10
126990,16,7,3,0,6,3,6,1,0,1,1,39,2,3,1.0,0.0,0.0,1.0,0.0,1.0,7,2,9
96326,16,2,3,15,8,3,0,1,1,0,0,18,2,2,0.0,0.0,0.0,0.0,0.0,2.0,13,7,7
86639,16,2,3,10,8,3,0,1,1,1,2,36,2,2,0.0,0.0,0.0,0.0,0.0,2.0,12,4,6
132990,16,7,3,10,8,3,6,1,1,1,2,19,2,2,0.0,0.0,0.0,0.0,0.0,2.0,11,1,9
52707,15,2,3,0,6,3,0,1,1,1,2,18,2,2,0.0,0.0,0.0,0.0,0.0,2.0,18,6,4
161719,16,2,3,17,6,3,0,1,1,1,2,18,2,2,0.0,0.0,0.0,0.0,0.0,2.0,10,6,11
152262,16,2,3,9,2,3,0,1,0,1,1,36,2,3,1.0,0.0,0.0,1.0,0.0,1.0,9,5,10
65355,15,2,3,0,8,3,0,1,0,1,2,18,2,1,2.0,0.0,1.0,1.0,0.0,1.0,12,4,5
147805,16,2,3,0,18,3,0,6,1,1,2,36,2,2,0.0,0.0,0.0,0.0,0.0,4.0,17,3,10
153592,16,2,4,17,6,3,0,1,0,1,2,36,2,2,0.0,0.0,0.0,0.0,0.0,2.0,18,4,10
140869,4,2,3,17,8,3,0,1,1,1,2,36,2,2,0.0,0.0,0.0,0.0,0.0,2.0,14,6,10
66317,4,2,3,15,6,3,0,1,1,1,2,36,2,2,0.0,0.0,0.0,0.0,0.0,2.0,17,6,5
2533,16,2,1,0,8,3,0,1,0,1,2,36,2,3,1.0,0.0,0.0,1.0,0.0,1.0,20,1,1
45332,16,7,3,15,8,3,6,2,1,1,2,36,2,2,0.0,0.0,0.0,0.0,0.0,3.0,10,1,4
78104,4,2,3,0,10,3,5,5,1,1,2,36,2,2,0.0,0.0,0.0,0.0,0.0,2.0,16,4,6
11676,15,3,3,0,2,3,6,1,0,1,2,18,2,2,0.0,0.0,0.0,0.0,0.0,2.0,13,1,1
13832,15,2,3,17,8,3,0,1,1,1,0,24,2,2,0.0,0.0,0.0,0.0,0.0,2.0,11,2,1
56816,16,2,3,17,3,3,0,1,0,1,2,36,2,3,1.0,0.0,0.0,1.0,0.0,1.0,20,2,5
112241,16,2,3,17,6,3,0,1,0,1,2,6,2,2,0.0,0.0,0.0,0.0,0.0,3.0,9,2,8
42125,16,2,3,7,8,3,0,1,0,1,2,36,2,2,0.0,0.0,0.0,0.0,0.0,1.0,14,6,3
87121,16,7,3,10,6,3,6,1,1,1,2,19,2,2,0.0,0.0,0.0,0.0,0.0,2.0,16,5,6
9602,16,2,3,10,8,3,5,5,1,1,1,19,2,2,0.0,0.0,0.0,0.0,0.0,2.0,15,7,1
24650,4,2,3,17,8,3,0,1,1,1,1,18,2,2,0.0,0.0,0.0,0.0,0.0,2.0,14,2,2
10352,4,2,0,17,8,3,0,1,1,1,2,24,2,2,0.0,0.0,0.0,0.0,0.0,5.0,18,6,1
8661,16,2,3,15,3,3,0,5,1,1,2,36,2,2,0.0,0.0,0.0,0.0,0.0,3.0,15,5,1
28425,4,2,3,10,2,3,2,0,1,1,2,14,2,2,0.0,0.0,0.0,0.0,0.0,2.0,13,1,3
142389,4,2,2,9,15,3,0,1,0,1,0,18,2,3,1.0,0.0,0.0,1.0,0.0,1.0,6,4,10
172104,18,2,1,17,6,3,0,1,0,1,2,36,2,2,0.0,0.0,0.0,0.0,0.0,5.0,5,7,11
58795,16,2,3,10,8,3,6,1,0,1,2,19,3,3,1.0,0.0,0.0,1.0,0.0,2.0,19,6,5
167148,15,2,4,0,8,3,0,1,0,1,2,36,2,2,0.0,0.0,0.0,0.0,0.0,3.0,19,4,11
78057,16,2,3,17,8,3,0,1,1,1,0,24,2,2,0.0,0.0,0.0,0.0,0.0,2.0,7,2,6
106881,15,2,3,0,2,3,0,1,1,1,2,18,2,2,0.0,0.0,0.0,0.0,0.0,2.0,16,5,8
16423,16,2,1,10,2,3,0,1,1,1,0,36,2,2,0.0,0.0,0.0,0.0,0.0,2.0,11,7,2
11172,16,10,1,17,6,3,4,1,0,1,2,36,2,4,1.0,0.0,0.0,0.0,1.0,1.0,17,5,1
48649,15,2,3,0,11,3,0,1,1,1,2,5,2,2,0.0,0.0,0.0,0.0,0.0,2.0,13,2,4
65559,16,2,3,15,6,3,0,5,0,1,2,36,2,3,1.0,0.0,0.0,1.0,0.0,6.0,10,1,5
128935,16,2,3,17,8,3,0,1,1,1,2,24,2,2,0.0,0.0,0.0,0.0,0.0,2.0,13,7,9
9502,16,2,3,17,15,3,6,1,1,1,1,24,3,2,0.0,0.0,0.0,0.0,0.0,3.0,14,6,1
172847,16,7,1,2,11,3,6,1,0,1,2,39,1,2,0.0,0.0,0.0,0.0,0.0,1.0,5,1,12
128172,16,2,3,17,8,3,0,1,1,1,1,36,2,2,0.0,0.0,0.0,0.0,0.0,2.0,14,5,9
2451,4,2,1,0,8,3,0,1,0,1,2,18,2,1,1.0,0.0,1.0,0.0,0.0,2.0,16,7,1
79971,16,2,3,17,8,3,0,5,1,1,1,36,2,2,0.0,0.0,0.0,0.0,0.0,2.0,18,7,6
48290,4,2,3,17,8,3,5,5,1,1,1,24,2,2,0.0,0.0,0.0,0.0,0.0,4.0,18,4,4
13493,4,2,3,17,8,3,0,1,0,1,2,26,2,3,1.0,0.0,0.0,1.0,0.0,2.0,8,3,1
91689,16,2,3,17,3,3,0,5,0,1,2,18,2,2,0.0,0.0,0.0,0.0,0.0,2.0,18,5,7
155885,16,2,3,17,15,3,0,1,1,1,2,36,2,2,0.0,0.0,0.0,0.0,0.0,2.0,18,6,11
110886,16,2,3,15,8,5,0,1,1,1,1,23,2,2,0.0,0.0,0.0,0.0,0.0,3.0,13,2,8
5605,16,10,1,9,1,3,4,1,0,1,2,6,2,3,1.0,0.0,0.0,1.0,0.0,1.0,18,7,1
35532,16,2,3,17,2,2,6,1,0,1,2,36,2,1,7.0,0.0,1.0,5.0,1.0,0.0,12,2,3
92136,16,2,3,17,3,3,0,1,1,1,2,6,2,2,0.0,0.0,0.0,0.0,0.0,2.0,11,5,7
180525,4,2,3,17,15,3,0,5,0,1,2,36,2,2,0.0,0.0,0.0,0.0,0.0,2.0,8,5,12
20875,15,2,1,17,15,3,4,5,1,1,2,5,2,2,0.0,0.0,0.0,0.0,0.0,5.0,20,7,2
116806,15,2,3,17,8,3,5,5,1,1,2,18,2,2,0.0,0.0,0.0,0.0,0.0,2.0,12,7,8
66670,15,2,3,0,8,3,0,1,1,1,2,18,2,2,0.0,0.0,0.0,0.0,0.0,2.0,17,4,5
118045,4,2,3,17,8,3,0,1,1,1,2,24,2,2,0.0,0.0,0.0,0.0,0.0,2.0,13,7,8
150358,16,7,1,10,2,3,6,5,0,1,2,17,2,4,1.0,0.0,0.0,0.0,1.0,1.0,2,2,10
65795,16,7,1,17,8,3,6,1,0,1,2,26,2,4,3.0,0.0,0.0,0.0,3.0,2.0,1,5,5
120204,4,2,3,0,12,3,0,1,1,1,1,36,2,2,0.0,0.0,0.0,0.0,0.0,3.0,13,3,8
162002,15,2,1,5,19,3,1,1,1,1,2,39,1,2,0.0,0.0,0.0,0.0,0.0,1.0,16,3,11
149041,16,2,4,17,8,3,0,1,0,1,2,18,2,3,3.0,0.0,0.0,2.0,1.0,1.0,17,6,10
121266,16,2,1,10,6,3,0,1,1,1,1,17,2,2,0.0,0.0,0.0,0.0,0.0,3.0,21,2,9
54039,16,2,3,10,8,3,5,5,1,1,2,36,2,2,0.0,0.0,0.0,0.0,0.0,4.0,17,6,4
65574,15,2,3,0,10,3,0,1,1,1,2,21,2,2,0.0,0.0,0.0,0.0,0.0,2.0,15,6,5
176,15,2,3,1,8,3,0,1,1,1,0,26,1,2,0.0,0.0,0.0,0.0,0.0,1.0,13,4,1
81651,15,7,1,17,8,3,6,1,1,1,1,18,2,2,0.0,0.0,0.0,0.0,0.0,3.0,19,4,6
52123,16,2,3,17,2,3,0,1,1,0,2,36,2,2,0.0,0.0,0.0,0.0,0.0,2.0,14,2,4
35612,16,2,3,15,8,3,0,1,1,1,2,36,2,2,0.0,0.0,0.0,0.0,0.0,2.0,15,4,3
180481,15,7,1,3,8,3,6,1,1,1,2,36,2,2,0.0,0.0,0.0,0.0,0.0,3.0,16,5,12
109400,15,2,3,0,2,3,0,1,0,1,2,18,2,2,0.0,0.0,0.0,0.0,0.0,3.0,14,1,8
90715,16,2,3,17,2,3,0,1,1,0,1,24,2,2,0.0,0.0,0.0,0.0,0.0,2.0,16,4,7
99334,16,2,3,17,6,3,0,1,0,1,2,22,2,3,2.0,0.0,0.0,1.0,1.0,1.0,14,3,7
167020,16,10,3,15,8,3,6,1,1,1,2,22,2,2,0.0,0.0,0.0,0.0,0.0,2.0,11,7,11
24132,16,2,3,9,6,3,0,1,0,1,0,36,2,1,1.0,0.0,1.0,0.0,0.0,1.0,14,5,2
47334,16,2,3,10,2,4,0,1,0,1,1,36,2,3,1.0,0.0,0.0,1.0,0.0,2.0,17,2,4
104331,16,2,3,15,6,3,0,1,1,1,1,18,2,2,0.0,0.0,0.0,0.0,0.0,2.0,15,2,8
65291,15,2,1,0,6,3,0,1,1,1,2,18,2,2,0.0,0.0,0.0,0.0,0.0,2.0,23,3,5
81989,16,2,3,10,2,3,0,1,1,1,2,19,2,2,0.0,0.0,0.0,0.0,0.0,2.0,14,4,6
121421,16,2,1,0,6,3,0,1,0,1,2,36,2,3,1.0,0.0,0.0,1.0,0.0,1.0,23,5,9
169817,4,2,3,17,18,3,0,1,0,1,2,18,2,2,0.0,0.0,0.0,0.0,0.0,5.0,8,3,11
95573,16,7,3,10,8,3,6,1,1,1,0,39,2,2,0.0,0.0,0.0,0.0,0.0,2.0,14,2,7
30022,16,2,3,4,8,3,0,3,1,1,2,26,1,2,0.0,0.0,0.0,0.0,0.0,1.0,8,2,3
97111,16,2,3,10,2,3,0,1,1,1,0,36,2,2,0.0,0.0,0.0,0.0,0.0,3.0,13,4,7
162271,16,3,3,17,6,3,0,1,0,1,2,18,2,2,0.0,0.0,0.0,0.0,0.0,2.0,6,7,11
46525,16,2,3,10,2,3,0,1,1,1,1,36,2,2,0.0,0.0,0.0,0.0,0.0,2.0,12,7,4
183934,16,2,3,0,15,3,0,1,0,1,2,6,3,3,2.0,0.0,0.0,2.0,0.0,1.0,11,3,12
147138,16,2,0,17,6,3,0,5,1,1,0,36,2,2,0.0,0.0,0.0,0.0,0.0,3.0,19,7,10
80195,15,2,3,0,6,3,0,1,0,1,1,18,3,3,2.0,0.0,0.0,2.0,0.0,2.0,15,5,6
45247,16,2,3,17,6,3,0,1,0,1,2,6,2,2,0.0,0.0,0.0,0.0,0.0,2.0,15,6,4
105063,15,2,3,0,11,3,0,1,0,1,2,18,2,2,0.0,0.0,0.0,0.0,0.0,2.0,9,4,8
97242,4,2,3,9,1,3,0,1,0,0,1,38,2,1,1.0,0.0,1.0,0.0,0.0,1.0,17,6,7
97982,15,2,3,17,6,3,0,1,0,1,2,24,3,3,1.0,0.0,0.0,1.0,0.0,3.0,17,4,7
144705,16,2,1,10,8,3,0,5,1,1,1,19,2,2,0.0,0.0,0.0,0.0,0.0,3.0,23,6,10
160835,4,2,3,2,2,3,6,1,1,0,2,18,1,2,0.0,0.0,0.0,0.0,0.0,1.0,13,6,11
55154,16,7,3,10,2,3,6,1,1,1,2,19,2,2,0.0,0.0,0.0,0.0,0.0,2.0,7,2,4
176550,16,10,0,10,2,3,1,1,1,1,2,16,3,2,0.0,0.0,0.0,0.0,0.0,3.0,6,7,12
156567,16,2,3,17,6,3,0,1,1,1,2,18,2,2,0.0,0.0,0.0,0.0,0.0,4.0,14,2,11
137893,4,2,3,8,8,3,0,1,0,1,0,11,2,3,1.0,0.0,0.0,1.0,0.0,1.0,17,6,10
125014,16,2,3,17,11,3,0,1,0,1,2,19,2,2,0.0,0.0,0.0,0.0,0.0,3.0,12,7,9
67316,16,7,1,17,8,3,6,5,0,1,2,18,2,4,1.0,0.0,0.0,0.0,1.0,2.0,22,7,5
169151,15,2,3,17,8,3,0,1,0,1,1,36,2,2,0.0,0.0,0.0,0.0,0.0,4.0,13,7,11
179634,16,4,3,15,2,3,6,1,1,1,0,23,2,2,0.0,0.0,0.0,0.0,0.0,4.0,9,6,12
1733,15,2,3,0,6,3,4,1,1,1,1,5,2,2,0.0,0.0,0.0,0.0,0.0,2.0,14,3,1
161759,16,2,1,8,8,3,0,1,0,1,0,5,2,3,1.0,0.0,0.0,1.0,0.0,1.0,22,7,11
44425,15,2,3,17,6,3,0,1,0,1,2,26,2,4,1.0,0.0,0.0,0.0,1.0,1.0,14,6,4
47536,15,2,2,9,6,3,0,1,0,1,0,18,2,1,1.0,0.0,1.0,0.0,0.0,1.0,5,6,4
76653,16,4,1,17,1,3,5,5,0,1,2,24,2,2,0.0,0.0,0.0,0.0,0.0,7.0,21,1,6
152191,16,7,1,10,8,3,6,1,1,1,1,17,2,2,0.0,0.0,0.0,0.0,0.0,2.0,22,4,10
185442,16,2,0,0,6,3,0,1,0,1,0,26,2,2,0.0,0.0,0.0,0.0,0.0,3.0,19,5,12
159134,4,2,3,15,15,3,0,1,1,1,2,36,2,2,0.0,0.0,0.0,0.0,0.0,2.0,7,4,11
19652,16,11,5,10,6,3,5,5,1,1,2,36,2,2,0.0,0.0,0.0,0.0,0.0,2.0,11,7,2
151001,15,7,1,9,8,3,6,1,0,1,0,39,2,1,1.0,0.0,1.0,0.0,0.0,1.0,6,3,10
97493,16,2,3,17,6,3,0,1,0,1,2,18,3,3,1.0,0.0,0.0,1.0,0.0,2.0,11,3,7
97444,15,2,3,15,6,3,0,1,1,1,2,24,2,2,0.0,0.0,0.0,0.0,0.0,3.0,15,3,7
90252,16,3,3,0,8,3,6,1,0,1,2,36,2,2,0.0,0.0,0.0,0.0,0.0,2.0,16,4,7
155240,4,2,3,7,8,3,0,1,0,1,2,36,2,3,1.0,0.0,0.0,1.0,0.0,0.0,9,4,10
169810,16,2,3,17,6,3,0,1,0,1,2,36,2,2,0.0,0.0,0.0,0.0,0.0,11.0,7,3,11
58912,16,2,1,17,6,3,0,5,0,1,2,36,2,1,4.0,0.0,2.0,2.0,0.0,0.0,0,7,5
43934,16,2,3,0,8,3,6,1,0,1,2,6,3,4,3.0,0.0,0.0,0.0,3.0,1.0,7,2,4
155097,4,2,3,17,2,3,0,1,1,1,2,36,2,2,0.0,0.0,0.0,0.0,0.0,2.0,16,2,10
18386,16,2,3,15,8,3,0,1,1,1,1,36,2,2,0.0,0.0,0.0,0.0,0.0,2.0,16,6,2
127825,16,2,3,15,2,3,0,1,1,1,2,12,2,2,0.0,0.0,0.0,0.0,0.0,5.0,13,6,9
87350,15,2,0,0,8,3,0,1,0,1,2,18,2,2,0.0,0.0,0.0,0.0,0.0,2.0,22,7,6
160770,4,7,1,17,2,3,6,5,1,1,2,36,2,2,0.0,0.0,0.0,0.0,0.0,2.0,22,7,11
47021,15,2,1,0,6,3,0,1,0,1,2,36,2,3,1.0,0.0,0.0,1.0,0.0,1.0,22,3,4
128648,15,2,3,17,6,3,0,1,0,1,2,6,2,4,1.0,0.0,0.0,0.0,1.0,4.0,7,4,9
38286,16,2,1,0,8,3,6,1,0,1,2,6,2,1,1.0,0.0,1.0,0.0,0.0,1.0,20,3,3
39755,16,7,1,17,3,3,6,1,0,1,2,36,3,4,1.0,0.0,0.0,0.0,1.0,5.0,3,1,3
69309,16,7,3,15,3,3,6,1,1,1,0,23,2,2,0.0,0.0,0.0,0.0,0.0,2.0,18,2,5
13751,16,2,3,10,8,3,0,1,1,1,2,8,2,2,0.0,0.0,0.0,0.0,0.0,4.0,11,1,1
127409,4,2,1,10,8,3,0,2,1,1,2,19,2,2,0.0,0.0,0.0,0.0,0.0,2.0,21,6,9
159788,4,2,3,17,2,3,0,1,1,1,2,24,2,2,0.0,0.0,0.0,0.0,0.0,2.0,11,4,11
14230,15,2,1,3,8,3,0,1,0,1,2,18,3,4,1.0,0.0,0.0,0.0,1.0,3.0,18,3,1
25228,16,2,3,10,2,3,0,1,1,1,1,19,2,2,0.0,0.0,0.0,0.0,0.0,2.0,15,3,2
12939,16,2,1,15,3,3,0,1,0,1,2,22,2,3,2.0,0.0,0.0,2.0,0.0,0.0,2,7,1
53348,4,7,3,7,2,3,6,1,0,0,2,36,3,2,0.0,0.0,0.0,0.0,0.0,4.0,8,3,4
124283,16,2,3,17,3,3,0,1,1,1,1,6,2,2,0.0,0.0,0.0,0.0,0.0,2.0,11,5,9
5740,16,2,3,17,6,3,0,4,0,1,2,18,3,3,2.0,0.0,0.0,2.0,0.0,1.0,10,3,1
147940,4,2,3,17,2,3,0,1,0,1,2,24,2,2,0.0,0.0,0.0,0.0,0.0,2.0,16,6,10
14974,16,2,3,17,6,3,0,5,1,1,2,5,2,2,0.0,0.0,0.0,0.0,0.0,3.0,15,3,1
27630,16,2,1,9,6,3,0,1,0,1,2,17,2,3,1.0,0.0,0.0,1.0,0.0,1.0,0,3,2
116933,16,2,3,17,6,3,0,1,1,1,2,6,2,2,0.0,0.0,0.0,0.0,0.0,2.0,15,4,8
174901,15,2,2,0,8,3,0,1,1,1,2,36,2,2,0.0,0.0,0.0,0.0,0.0,2.0,19,1,12
46922,4,2,3,17,11,4,0,1,1,1,2,36,2,2,0.0,0.0,0.0,0.0,0.0,2.0,12,1,4
102206,4,2,3,0,8,3,0,1,1,0,2,26,2,2,0.0,0.0,0.0,0.0,0.0,2.0,16,6,7
79079,16,2,3,10,2,3,0,1,1,1,0,17,2,2,0.0,0.0,0.0,0.0,0.0,2.0,12,2,6
47212,15,2,3,0,8,3,0,1,0,1,2,5,2,2,0.0,0.0,0.0,0.0,0.0,3.0,15,6,4
31784,16,2,3,17,8,3,0,1,1,1,2,22,2,2,0.0,0.0,0.0,0.0,0.0,2.0,8,4,3
89298,16,2,3,10,2,3,0,1,1,1,2,12,2,2,0.0,0.0,0.0,0.0,0.0,4.0,16,4,7
19478,15,2,3,17,2,3,0,1,1,1,2,26,2,2,0.0,0.0,0.0,0.0,0.0,2.0,14,5,2
170687,16,2,3,9,8,3,0,1,0,1,0,18,2,4,1.0,0.0,0.0,0.0,1.0,1.0,7,3,11
111988,16,2,3,10,2,3,0,1,1,1,2,19,2,2,0.0,0.0,0.0,0.0,0.0,2.0,10,4,8
27832,17,11,5,10,1,3,5,5,0,1,2,36,2,3,1.0,0.0,0.0,1.0,0.0,1.0,18,6,2
33229,16,2,1,17,6,3,0,5,1,1,1,36,2,2,0.0,0.0,0.0,0.0,0.0,3.0,1,7,3
94917,16,7,1,17,6,3,6,5,0,1,2,36,2,2,0.0,0.0,0.0,0.0,0.0,2.0,21,6,7