crash_date,               traffic_control_device,weather_condition,lighting_condition,first_crash_type,trafficway_type,alignment,roadway_surface_cond,road_defect,crash_type,intersection_related_i,damage,prim_contributory_cause,num_units,most_severe_injury,injuries_total,injuries_fatal,injuries_incapacitating,injuries_non_incapacitating,injuries_reported_not_evident,injuries_no_indication,crash_hour,crash_day_of_week,crash_month
2214,16,2,1,9,8,3,0,5,0,1,2,36,2,3,1.0,0.0,0.0,1.0,0.0,1.0,16,4,1
28676,15,2,1,0,6,3,0,5,0,1,2,5,2,2,0.0,0.0,0.0,0.0,0.0,2.0,20,6,3
28605,16,2,1,0,6,3,0,1,1,1,2,18,2,2,0.0,0.0,0.0,0.0,0.0,2.0,18,4,3
122140,17,11,5,8,6,3,5,5,0,1,0,5,2,3,1.0,0.0,0.0,1.0,0.0,1.0,18,3,9
7138,16,2,2,17,11,3,2,1,0,1,2,18,2,3,2.0,0.0,0.0,1.0,1.0,1.0,7,3,1
8417,16,2,1,7,2,3,6,1,0,0,1,36,2,2,0.0,0.0,0.0,0.0,0.0,1.0,23,2,1
113148,15,2,1,0,8,3,0,1,1,1,2,18,2,2,0.0,0.0,0.0,0.0,0.0,3.0,23,7,8
57245,16,2,1,0,6,3,0,1,0,1,2,6,2,3,1.0,0.0,0.0,1.0,0.0,1.0,22,2,5
179257,16,2,1,3,6,3,0,1,0,1,2,18,2,3,1.0,0.0,0.0,1.0,0.0,1.0,5,3,12
167618,16,2,5,15,8,3,0,5,1,1,1,18,2,2,0.0,0.0,0.0,0.0,0.0,2.0,16,3,11
185145,15,2,3,17,8,3,0,1,0,1,2,24,2,4,2.0,0.0,0.0,0.0,2.0,2.0,13,2,12
160915,15,10,5,17,8,3,4,5,0,1,2,18,2,2,0.0,0.0,0.0,0.0,0.0,2.0,10,6,11
104105,15,2,3,17,6,3,0,1,0,1,2,36,2,3,1.0,0.0,0.0,1.0,0.0,1.0,17,5,8
101744,16,2,3,17,8,3,0,1,0,1,1,18,2,2,0.0,0.0,0.0,0.0,0.0,2.0,13,7,7
80585,15,2,3,17,2,3,0,1,0,1,2,19,2,2,0.0,0.0,0.0,0.0,0.0,4.0,15,4,6
59614,16,2,3,17,6,3,0,5,1,1,1,6,2,2,0.0,0.0,0.0,0.0,0.0,2.0,15,4,5
19751,15,2,3,9,3,3,0,1,0,1,2,18,2,3,1.0,0.0,0.0,1.0,0.0,1.0,16,2,2
120434,16,2,3,0,6,3,0,5,1,1,2,8,2,2,0.0,0.0,0.0,0.0,0.0,3.0,17,7,8
31699,16,11,5,0,6,4,5,5,1,1,2,36,2,2,0.0,0.0,0.0,0.0,0.0,2.0,17,3,3
45265,15,2,0,0,6,3,0,1,1,1,2,5,2,2,0.0,0.0,0.0,0.0,0.0,2.0,20,6,4
85250,16,2,3,17,1,3,0,1,0,1,2,24,2,3,4.0,0.0,0.0,4.0,0.0,0.0,17,3,6
131434,16,2,3,17,6,3,0,1,1,1,1,36,2,2,0.0,0.0,0.0,0.0,0.0,2.0,6,6,9
6136,4,2,3,17,8,3,0,1,0,1,2,24,2,2,0.0,0.0,0.0,0.0,0.0,3.0,14,2,1
84531,16,2,3,17,3,3,0,1,0,1,2,36,4,3,5.0,0.0,0.0,5.0,0.0,1.0,7,6,6
113566,15,2,3,8,11,3,0,1,0,1,0,17,2,3,1.0,0.0,0.0,1.0,0.0,4.0,15,7,8
1051,15,10,1,0,8,3,4,1,0,1,2,5,2,3,2.0,0.0,0.0,2.0,0.0,0.0,19,4,1
155189,15,2,3,0,8,3,0,1,0,1,2,5,2,2,0.0,0.0,0.0,0.0,0.0,2.0,15,4,10
89776,15,2,0,2,6,3,0,1,0,1,2,12,1,2,0.0,0.0,0.0,0.0,0.0,1.0,0,3,7
183562,15,2,3,0,8,3,6,1,1,1,2,18,2,2,0.0,0.0,0.0,0.0,0.0,2.0,10,6,12
29347,4,2,3,17,15,3,0,5,0,1,2,18,2,2,0.0,0.0,0.0,0.0,0.0,2.0,11,3,3
156866,15,2,1,0,2,3,0,1,0,1,2,18,2,4,3.0,0.0,0.0,0.0,3.0,0.0,22,7,11
178841,17,2,0,10,8,3,0,5,1,1,2,26,2,2,0.0,0.0,0.0,0.0,0.0,2.0,23,5,12
18832,15,10,1,2,2,3,4,3,1,1,2,39,1,2,0.0,0.0,0.0,0.0,0.0,1.0,22,6,2
137486,16,2,3,15,2,3,0,1,1,1,2,23,2,2,0.0,0.0,0.0,0.0,0.0,2.0,19,7,9
15473,15,2,3,0,6,3,0,1,1,1,2,36,2,2,0.0,0.0,0.0,0.0,0.0,2.0,8,4,2
30663,15,2,3,9,2,3,0,1,0,1,0,18,2,4,1.0,0.0,0.0,0.0,1.0,1.0,11,4,3
68734,4,2,1,17,2,3,0,1,0,0,2,24,2,1,1.0,0.0,1.0,0.0,0.0,3.0,23,7,5
24498,16,2,3,0,8,3,0,1,1,1,1,36,2,2,0.0,0.0,0.0,0.0,0.0,2.0,14,5,2
176108,15,2,1,0,8,3,0,1,0,1,1,36,2,3,1.0,0.0,0.0,1.0,0.0,4.0,21,7,12
166720,16,2,3,10,8,3,0,1,1,1,1,19,2,2,0.0,0.0,0.0,0.0,0.0,2.0,12,6,11
95129,4,2,3,17,2,3,0,1,0,1,2,18,2,2,0.0,0.0,0.0,0.0,0.0,2.0,18,2,7
42434,15,2,3,0,15,3,0,1,0,1,2,5,2,2,0.0,0.0,0.0,0.0,0.0,3.0,15,4,4
169513,15,2,1,0,6,3,0,1,1,1,2,11,2,2,0.0,0.0,0.0,0.0,0.0,2.0,3,7,11
93555,16,2,0,17,3,3,0,1,0,1,1,18,2,2,0.0,0.0,0.0,0.0,0.0,2.0,23,5,7
85115,16,2,1,15,8,3,5,1,1,1,2,36,2,2,0.0,0.0,0.0,0.0,0.0,2.0,23,1,6
68438,16,7,3,17,2,3,6,5,1,1,2,24,2,2,0.0,0.0,0.0,0.0,0.0,2.0,18,4,5
20424,15,2,3,17,8,3,0,1,1,0,2,5,3,2,0.0,0.0,0.0,0.0,0.0,6.0,16,7,2
32132,4,7,3,0,0,3,6,1,1,1,0,17,2,2,0.0,0.0,0.0,0.0,0.0,3.0,7,2,3
63293,16,2,3,10,2,3,0,1,1,1,2,36,3,2,0.0,0.0,0.0,0.0,0.0,3.0,14,6,5
136367,15,2,3,0,6,3,0,1,0,1,2,18,2,4,1.0,0.0,0.0,0.0,1.0,5.0,16,5,9
68026,4,3,3,10,8,3,0,1,1,1,2,17,2,2,0.0,0.0,0.0,0.0,0.0,4.0,14,6,5
139259,16,2,3,0,6,3,0,1,0,1,2,18,2,2,0.0,0.0,0.0,0.0,0.0,2.0,12,3,10
35789,16,2,3,17,18,3,0,1,1,1,2,35,2,2,0.0,0.0,0.0,0.0,0.0,2.0,10,7,3
96354,4,2,3,15,15,3,0,1,1,1,1,36,2,2,0.0,0.0,0.0,0.0,0.0,2.0,18,7,7
63688,16,2,1,9,2,3,0,1,0,1,0,18,2,3,1.0,0.0,0.0,1.0,0.0,1.0,21,4,5
188113,16,2,1,10,8,3,6,1,1,1,0,19,2,2,0.0,0.0,0.0,0.0,0.0,2.0,18,7,12
169280,15,11,2,0,6,3,5,5,0,1,2,18,2,2,0.0,0.0,0.0,0.0,0.0,2.0,4,2,11
43640,16,7,3,10,8,3,6,1,0,1,1,36,2,3,2.0,0.0,0.0,2.0,0.0,2.0,7,3,4
140047,4,2,3,17,2,3,0,1,0,1,2,18,2,4,1.0,0.0,0.0,0.0,1.0,1.0,13,7,10
47426,16,2,3,10,8,3,0,1,1,1,0,17,2,2,0.0,0.0,0.0,0.0,0.0,3.0,11,3,4
102932,16,2,3,17,1,3,0,1,0,1,1,36,2,2,0.0,0.0,0.0,0.0,0.0,3.0,15,2,7
45158,4,2,3,17,8,3,0,1,1,1,2,36,2,2,0.0,0.0,0.0,0.0,0.0,3.0,10,4,4
75246,16,2,3,17,8,3,0,1,1,1,1,12,2,2,0.0,0.0,0.0,0.0,0.0,2.0,16,2,6
63957,16,2,3,15,2,3,0,1,1,1,2,23,2,2,0.0,0.0,0.0,0.0,0.0,2.0,16,3,5
117364,16,7,3,3,6,3,6,1,0,1,2,6,2,4,2.0,0.0,0.0,0.0,2.0,0.0,18,2,8
33496,16,2,3,17,2,3,0,1,0,1,2,12,2,1,2.0,0.0,1.0,1.0,0.0,1.0,12,3,3
132051,16,7,1,17,6,3,6,5,0,1,2,18,2,2,0.0,0.0,0.0,0.0,0.0,4.0,20,7,9
146251,16,7,3,10,2,3,6,1,1,1,2,13,2,2,0.0,0.0,0.0,0.0,0.0,2.0,15,3,10
48371,15,2,3,2,8,3,0,1,0,1,2,12,1,3,2.0,0.0,0.0,2.0,0.0,0.0,11,5,4
166091,16,7,3,10,8,3,6,1,1,0,2,19,2,2,0.0,0.0,0.0,0.0,0.0,2.0,16,3,11
177707,15,10,1,0,10,3,4,1,1,1,1,39,2,2,0.0,0.0,0.0,0.0,0.0,2.0,19,1,12
95880,16,2,3,10,11,2,0,1,0,1,2,12,2,2,0.0,0.0,0.0,0.0,0.0,2.0,11,7,7
54318,16,2,3,17,11,3,0,1,0,1,2,18,2,3,1.0,0.0,0.0,1.0,0.0,1.0,12,3,4
152115,16,2,4,2,2,3,0,5,0,1,2,6,2,2,0.0,0.0,0.0,0.0,0.0,2.0,20,6,10
133437,16,2,3,15,8,3,0,1,1,1,2,18,2,2,0.0,0.0,0.0,0.0,0.0,2.0,12,6,9
148540,15,2,1,0,6,3,0,1,0,1,2,36,2,2,0.0,0.0,0.0,0.0,0.0,2.0,3,7,10
185894,16,2,1,17,2,3,0,1,1,1,2,36,2,2,0.0,0.0,0.0,0.0,0.0,2.0,22,7,12
61298,15,2,3,17,6,3,5,5,0,1,2,18,2,3,2.0,0.0,0.0,2.0,0.0,2.0,17,3,5
155891,15,2,3,17,15,3,1,1,1,1,0,18,2,2,0.0,0.0,0.0,0.0,0.0,2.0,7,6,11
174212,17,11,5,0,6,3,5,5,0,1,2,12,2,2,0.0,0.0,0.0,0.0,0.0,2.0,12,2,12
14797,15,2,0,0,6,3,0,1,1,1,0,36,2,2,0.0,0.0,0.0,0.0,0.0,2.0,18,6,1
104595,16,2,3,17,8,3,0,1,0,1,1,28,2,2,0.0,0.0,0.0,0.0,0.0,2.0,15,5,8
157358,15,7,1,9,6,3,6,1,0,1,0,36,2,4,1.0,0.0,0.0,0.0,1.0,1.0,18,1,11
132478,15,2,3,17,2,3,0,1,1,1,2,18,2,2,0.0,0.0,0.0,0.0,0.0,2.0,17,6,9
109037,4,7,1,0,6,3,6,1,0,1,2,18,2,2,0.0,0.0,0.0,0.0,0.0,3.0,19,3,8
83304,4,2,1,10,8,3,0,1,0,1,2,19,3,2,0.0,0.0,0.0,0.0,0.0,5.0,21,7,6
22571,15,2,1,17,8,3,0,1,0,1,2,18,2,4,1.0,0.0,0.0,0.0,1.0,1.0,20,6,2
97173,16,2,1,15,8,3,0,1,1,1,2,21,2,2,0.0,0.0,0.0,0.0,0.0,2.0,19,5,7
9907,16,3,3,17,8,3,0,1,1,1,2,36,2,2,0.0,0.0,0.0,0.0,0.0,2.0,14,6,1
52214,4,7,0,3,8,3,6,1,1,0,2,26,2,2,0.0,0.0,0.0,0.0,0.0,4.0,19,3,4
157725,16,2,3,17,10,3,0,1,0,1,2,36,2,2,0.0,0.0,0.0,0.0,0.0,2.0,14,5,11
9243,15,2,3,0,8,3,0,1,0,1,2,5,2,4,1.0,0.0,0.0,0.0,1.0,4.0,12,6,1
2587,15,2,3,17,2,3,0,1,1,1,2,18,2,2,0.0,0.0,0.0,0.0,0.0,2.0,8,2,1
118748,15,2,3,7,6,3,0,1,1,1,2,24,3,2,0.0,0.0,0.0,0.0,0.0,5.0,15,4,8
167760,16,2,0,15,8,3,0,1,1,1,0,23,2,2,0.0,0.0,0.0,0.0,0.0,2.0,17,6,11
149006,16,11,3,15,6,3,5,5,1,1,2,36,2,2,0.0,0.0,0.0,0.0,0.0,2.0,11,5,10
62813,15,2,1,0,6,3,0,1,0,1,2,5,2,2,0.0,0.0,0.0,0.0,0.0,2.0,21,5,5
106136,16,2,3,15,2,3,0,5,1,1,2,23,2,2,0.0,0.0,0.0,0.0,0.0,2.0,13,6,8
127846,16,2,3,17,8,3,0,1,1,1,2,36,2,2,0.0,0.0,0.0,0.0,0.0,2.0,16,6,9
84601,4,2,3,15,2,3,0,1,1,0,2,23,2,2,0.0,0.0,0.0,0.0,0.0,2.0,20,7,6
132673,16,2,3,10,8,3,0,1,1,1,2,19,2,2,0.0,0.0,0.0,0.0,0.0,2.0,12,1,9
181987,16,2,1,10,2,3,0,1,1,1,2,17,2,2,0.0,0.0,0.0,0.0,0.0,2.0,18,3,12
43759,4,2,3,15,3,3,0,1,1,0,2,36,2,2,0.0,0.0,0.0,0.0,0.0,4.0,18,5,4
108805,15,2,3,17,8,3,0,1,1,1,2,18,2,2,0.0,0.0,0.0,0.0,0.0,2.0,17,6,8
89454,16,2,3,17,3,2,0,1,1,1,0,36,2,2,0.0,0.0,0.0,0.0,0.0,2.0,10,4,7
151101,15,2,3,17,8,3,0,1,0,1,2,18,2,4,1.0,0.0,0.0,0.0,1.0,1.0,8,4,10
172981,16,2,1,17,8,3,0,1,1,1,1,24,2,2,0.0,0.0,0.0,0.0,0.0,2.0,21,4,12
88844,15,2,3,7,8,3,0,1,1,1,2,17,4,2,0.0,0.0,0.0,0.0,0.0,1.0,13,3,7
146569,4,3,3,17,10,3,0,1,1,1,1,24,2,2,0.0,0.0,0.0,0.0,0.0,5.0,12,4,10
23877,16,2,5,17,3,3,0,5,1,1,2,3,2,2,0.0,0.0,0.0,0.0,0.0,3.0,16,1,2
138100,15,2,3,10,8,3,0,1,1,1,2,5,3,2,0.0,0.0,0.0,0.0,0.0,3.0,17,3,10
75738,16,2,3,10,8,3,0,5,1,1,2,36,2,2,0.0,0.0,0.0,0.0,0.0,2.0,11,2,6
123945,4,2,1,15,8,3,0,1,1,1,2,36,2,2,0.0,0.0,0.0,0.0,0.0,2.0,22,6,9
44757,16,7,1,17,2,3,6,5,0,1,2,36,2,3,1.0,0.0,0.0,1.0,0.0,1.0,2,4,4
32519,16,2,3,0,8,3,0,1,0,1,2,38,2,2,0.0,0.0,0.0,0.0,0.0,3.0,7,7,3
43128,15,11,5,0,11,3,5,5,1,1,1,36,2,2,0.0,0.0,0.0,0.0,0.0,2.0,21,3,4
17127,15,2,1,15,6,3,5,5,1,1,2,18,2,2,0.0,0.0,0.0,0.0,0.0,2.0,20,6,2
183740,15,7,3,0,8,3,6,1,0,1,2,18,3,1,3.0,0.0,2.0,1.0,0.0,2.0,8,6,12
174960,15,2,3,7,10,3,0,0,1,1,0,36,2,2,0.0,0.0,0.0,0.0,0.0,1.0,6,4,12
160720,16,2,1,15,2,3,0,1,1,1,2,23,2,2,0.0,0.0,0.0,0.0,0.0,2.0,1,7,11
29514,16,2,3,10,8,3,0,1,0,1,1,36,2,4,1.0,0.0,0.0,0.0,1.0,2.0,10,6,3
131912,4,2,1,7,8,3,0,1,0,0,2,38,2,2,0.0,0.0,0.0,0.0,0.0,1.0,20,5,9
4510,15,2,1,0,2,3,0,1,1,1,0,18,2,2,0.0,0.0,0.0,0.0,0.0,3.0,19,5,1
132819,16,2,3,8,18,3,0,1,0,1,0,17,2,3,1.0,0.0,0.0,1.0,0.0,1.0,17,5,9
38823,16,2,3,10,6,3,0,1,1,1,2,19,2,2,0.0,0.0,0.0,0.0,0.0,2.0,15,7,3
12336,16,2,3,0,6,3,6,1,0,1,2,36,2,2,0.0,0.0,0.0,0.0,0.0,4.0,7,5,1
183152,16,7,1,9,2,3,6,1,0,1,0,24,2,3,1.0,0.0,0.0,1.0,0.0,2.0,17,5,12
90174,16,2,3,2,8,3,0,1,1,1,2,26,1,2,0.0,0.0,0.0,0.0,0.0,1.0,15,3,7
133129,16,2,3,15,8,3,0,1,1,1,2,36,2,2,0.0,0.0,0.0,0.0,0.0,2.0,16,1,9
127786,4,2,3,15,8,3,0,1,1,1,2,23,2,2,0.0,0.0,0.0,0.0,0.0,2.0,17,5,9
78562,16,2,1,17,8,3,0,1,1,1,1,24,2,2,0.0,0.0,0.0,0.0,0.0,2.0,22,2,6
102495,4,7,3,17,8,3,6,1,0,1,2,17,2,4,1.0,0.0,0.0,0.0,1.0,1.0,17,2,7
71012,4,2,3,15,8,3,0,1,1,1,2,22,2,2,0.0,0.0,0.0,0.0,0.0,7.0,12,2,5
109644,16,2,1,0,6,3,0,5,0,1,2,36,2,1,2.0,0.0,2.0,0.0,0.0,1.0,22,5,8
60398,15,2,3,0,6,3,0,1,1,1,2,18,2,2,0.0,0.0,0.0,0.0,0.0,2.0,16,3,5
149088,16,2,1,17,3,3,0,5,0,1,2,18,2,1,3.0,0.0,2.0,1.0,0.0,0.0,1,1,10
60333,16,2,3,10,15,3,5,5,1,1,2,36,2,2,0.0,0.0,0.0,0.0,0.0,3.0,15,2,5
59012,16,2,3,0,8,3,0,1,0,1,2,6,2,3,1.0,0.0,0.0,1.0,0.0,2.0,16,1,5
100034,16,2,1,10,8,3,5,5,1,1,2,36,2,2,0.0,0.0,0.0,0.0,0.0,2.0,0,7,7
78692,16,11,5,10,6,3,5,5,1,1,1,26,2,2,0.0,0.0,0.0,0.0,0.0,2.0,17,5,6
66686,16,2,3,17,2,3,0,1,1,1,2,36,2,2,0.0,0.0,0.0,0.0,0.0,2.0,18,4,5
50494,16,2,3,17,15,3,0,1,0,1,2,22,2,2,0.0,0.0,0.0,0.0,0.0,2.0,5,2,4
59552,15,2,3,8,8,3,0,5,1,1,0,18,2,2,0.0,0.0,0.0,0.0,0.0,2.0,16,3,5
117274,15,2,3,0,10,3,0,1,0,1,0,11,2,3,2.0,0.0,0.0,2.0,0.0,1.0,14,1,8
31995,4,2,3,5,8,3,0,1,0,1,1,26,1,2,0.0,0.0,0.0,0.0,0.0,1.0,10,6,3
139758,4,2,3,8,8,3,0,1,1,1,0,18,2,2,0.0,0.0,0.0,0.0,0.0,1.0,9,4,10
142116,16,2,3,17,6,3,0,5,0,1,2,36,2,2,0.0,0.0,0.0,0.0,0.0,2.0,16,3,10
64068,16,2,1,17,6,3,5,5,0,1,2,36,2,2,0.0,0.0,0.0,0.0,0.0,2.0,23,5,5
176643,16,2,3,10,11,3,0,5,1,1,2,36,2,2,0.0,0.0,0.0,0.0,0.0,4.0,11,1,12
48937,4,2,3,17,15,3,5,5,1,1,2,36,2,2,0.0,0.0,0.0,0.0,0.0,2.0,15,2,4
120264,15,2,3,17,15,4,0,1,0,1,2,24,2,3,2.0,0.0,0.0,1.0,1.0,0.0,10,3,8
44408,16,2,3,10,2,3,0,1,1,1,2,36,2,2,0.0,0.0,0.0,0.0,0.0,2.0,10,4,4
135190,16,2,3,10,2,3,0,1,1,1,1,19,2,2,0.0,0.0,0.0,0.0,0.0,3.0,14,3,9
151298,4,7,3,17,6,3,6,5,1,1,1,36,2,2,0.0,0.0,0.0,0.0,0.0,2.0,0,1,10
14909,16,2,3,15,8,3,0,1,1,1,2,36,2,2,0.0,0.0,0.0,0.0,0.0,2.0,16,2,1
42709,16,2,3,0,6,3,0,1,0,1,2,6,2,2,0.0,0.0,0.0,0.0,0.0,2.0,9,2,4
150414,16,7,3,14,8,3,6,5,1,1,0,36,2,2,0.0,0.0,0.0,0.0,0.0,3.0,9,2,10
182601,4,2,1,15,8,3,0,1,1,1,1,18,2,2,0.0,0.0,0.0,0.0,0.0,3.0,20,4,12
33304,16,2,3,10,6,3,0,5,1,1,2,26,3,2,0.0,0.0,0.0,0.0,0.0,5.0,16,2,3
103514,16,2,1,9,8,3,0,5,0,1,0,18,2,3,1.0,0.0,0.0,1.0,0.0,1.0,23,3,7
24984,4,2,1,17,6,3,0,1,0,1,2,18,2,3,2.0,0.0,0.0,2.0,0.0,2.0,18,7,2
40437,4,2,1,3,8,3,0,1,0,0,2,37,2,2,0.0,0.0,0.0,0.0,0.0,3.0,20,1,3
153044,4,7,3,0,15,3,6,1,0,1,2,17,2,2,0.0,0.0,0.0,0.0,0.0,2.0,9,3,10
180438,4,7,0,3,8,3,6,1,0,0,2,17,4,3,1.0,0.0,0.0,1.0,0.0,2.0,17,4,12
29668,16,2,1,0,1,3,0,5,0,1,2,6,2,2,0.0,0.0,0.0,0.0,0.0,3.0,23,1,3
75832,16,2,3,0,8,3,0,1,1,1,2,39,2,2,0.0,0.0,0.0,0.0,0.0,2.0,15,4,6
105576,16,2,3,15,8,3,0,1,1,1,0,12,2,2,0.0,0.0,0.0,0.0,0.0,2.0,11,7,8
182031,15,2,3,0,8,3,0,1,0,1,2,36,2,3,2.0,0.0,0.0,2.0,0.0,1.0,12,3,12
161613,16,11,3,17,15,3,5,5,1,1,2,36,2,2,0.0,0.0,0.0,0.0,0.0,2.0,13,5,11
11796,16,2,3,17,6,3,0,1,0,1,2,12,2,2,0.0,0.0,0.0,0.0,0.0,2.0,7,3,1
176031,15,2,1,10,2,3,0,1,1,1,2,19,2,2,0.0,0.0,0.0,0.0,0.0,3.0,19,6,12
94160,16,2,1,10,6,3,0,1,1,1,2,2,2,2,0.0,0.0,0.0,0.0,0.0,3.0,20,7,7
21328,17,11,1,15,10,3,5,5,1,1,0,18,2,2,0.0,0.0,0.0,0.0,0.0,2.0,20,6,2
154318,16,7,1,0,6,3,6,1,0,1,2,36,3,2,0.0,0.0,0.0,0.0,0.0,3.0,2,1,10
81363,16,2,3,9,6,3,0,1,0,0,0,18,2,1,1.0,0.0,1.0,0.0,0.0,1.0,18,1,6
133944,15,2,0,10,8,3,0,1,1,1,2,17,2,2,0.0,0.0,0.0,0.0,0.0,4.0,2,7,9
11342,16,2,1,17,19,3,0,1,1,1,2,24,2,2,0.0,0.0,0.0,0.0,0.0,2.0,16,2,1
149528,16,2,2,7,8,3,0,1,1,1,2,21,2,2,0.0,0.0,0.0,0.0,0.0,1.0,5,6,10
3989,16,2,1,17,8,3,0,1,0,1,2,24,2,2,0.0,0.0,0.0,0.0,0.0,3.0,19,4,1
148877,4,2,3,10,8,3,0,1,1,1,2,17,2,2,0.0,0.0,0.0,0.0,0.0,2.0,12,3,10
82665,4,2,3,17,8,3,0,1,1,1,1,24,2,2,0.0,0.0,0.0,0.0,0.0,2.0,8,4,6
166385,16,2,3,0,6,3,0,1,1,1,1,6,2,2,0.0,0.0,0.0,0.0,0.0,3.0,11,1,11
100250,16,2,3,10,8,3,0,5,1,1,2,36,2,2,0.0,0.0,0.0,0.0,0.0,2.0,8,3,7
124825,16,7,3,17,10,3,6,1,1,1,2,24,2,2,0.0,0.0,0.0,0.0,0.0,2.0,8,6,9
146195,15,2,4,0,6,3,0,1,0,1,2,5,2,4,1.0,0.0,0.0,0.0,1.0,1.0,17,1,10
129061,16,2,0,0,2,3,0,1,0,1,2,6,2,2,0.0,0.0,0.0,0.0,0.0,3.0,23,1,9
4134,15,2,1,17,8,3,0,1,0,1,2,5,2,3,1.0,0.0,0.0,1.0,0.0,1.0,17,7,1
158061,16,2,3,17,2,3,0,1,1,1,2,18,2,2,0.0,0.0,0.0,0.0,0.0,4.0,12,7,11
77067,16,2,3,17,6,3,0,1,0,1,2,18,2,4,1.0,0.0,0.0,0.0,1.0,1.0,8,2,6
47465,15,2,3,0,6,3,0,5,1,1,1,5,2,2,0.0,0.0,0.0,0.0,0.0,7.0,18,4,4
7024,16,10,3,10,6,3,6,1,1,1,2,19,2,2,0.0,0.0,0.0,0.0,0.0,2.0,8,3,1
46387,16,7,3,10,8,3,6,1,1,0,2,19,2,2,0.0,0.0,0.0,0.0,0.0,2.0,16,4,4
11608,15,7,4,9,8,3,6,1,1,1,0,36,2,2,0.0,0.0,0.0,0.0,0.0,2.0,16,6,1
18941,16,10,3,0,6,3,6,1,1,1,1,6,2,2,0.0,0.0,0.0,0.0,0.0,4.0,11,1,2
66919,4,2,3,9,8,3,0,1,0,1,0,36,2,3,1.0,0.0,0.0,1.0,0.0,1.0,15,2,5
17749,16,2,3,15,6,3,0,1,1,1,1,23,2,2,0.0,0.0,0.0,0.0,0.0,8.0,14,3,2
118422,16,2,3,15,2,3,0,5,1,1,2,36,2,2,0.0,0.0,0.0,0.0,0.0,2.0,16,4,8
129760,16,2,3,17,8,3,0,1,0,1,2,24,2,2,0.0,0.0,0.0,0.0,0.0,4.0,11,5,9
28214,16,11,5,17,6,3,5,5,1,1,2,36,2,2,0.0,0.0,0.0,0.0,0.0,2.0,20,5,2
6762,4,2,3,7,8,3,0,1,1,1,2,36,2,2,0.0,0.0,0.0,0.0,0.0,1.0,21,5,1
154989,16,2,1,17,17,3,0,5,1,1,1,18,2,2,0.0,0.0,0.0,0.0,0.0,2.0,0,2,10
150575,4,7,1,17,0,3,6,5,0,1,2,36,2,2,0.0,0.0,0.0,0.0,0.0,2.0,21,4,10
110703,16,2,3,0,15,3,0,1,0,1,2,6,2,3,1.0,0.0,0.0,1.0,0.0,1.0,6,7,8
61032,16,2,3,0,8,3,0,1,0,1,2,6,2,2,0.0,0.0,0.0,0.0,0.0,2.0,12,6,5
71656,16,11,5,15,6,3,5,5,1,1,2,36,3,2,0.0,0.0,0.0,0.0,0.0,3.0,9,4,5
141498,6,2,3,15,8,3,5,1,1,1,1,23,2,2,0.0,0.0,0.0,0.0,0.0,2.0,12,6,10
56947,16,2,3,15,6,3,0,1,1,1,0,23,2,2,0.0,0.0,0.0,0.0,0.0,5.0,11,5,5
48577,3,2,1,10,8,3,0,1,1,1,1,19,2,2,0.0,0.0,0.0,0.0,0.0,2.0,20,7,4
94174,15,2,1,8,8,3,0,1,1,1,0,36,2,2,0.0,0.0,0.0,0.0,0.0,2.0,22,7,7
138480,16,7,1,15,10,3,6,1,1,1,2,18,2,2,0.0,0.0,0.0,0.0,0.0,2.0,16,7,10
24691,16,2,3,9,8,3,0,5,0,1,0,18,2,3,1.0,0.0,0.0,1.0,0.0,1.0,11,2,2
73937,16,2,3,10,8,3,0,1,1,1,1,19,2,2,0.0,0.0,0.0,0.0,0.0,3.0,18,3,6
120624,16,2,1,17,8,3,0,1,0,1,2,18,2,2,0.0,0.0,0.0,0.0,0.0,3.0,21,7,9
118904,15,2,3,0,2,3,0,1,1,1,1,5,2,2,0.0,0.0,0.0,0.0,0.0,2.0,16,4,8
63799,15,2,3,0,6,3,0,1,1,1,2,36,2,2,0.0,0.0,0.0,0.0,0.0,2.0,4,7,5
135211,16,3,4,17,6,3,0,1,1,1,2,18,2,2,0.0,0.0,0.0,0.0,0.0,2.0,18,3,9
90069,16,2,1,10,8,3,0,1,0,0,2,36,3,3,2.0,0.0,0.0,2.0,0.0,2.0,21,1,7
56423,16,2,3,17,2,3,0,1,1,1,1,19,2,2,0.0,0.0,0.0,0.0,0.0,2.0,15,4,5
139714,4,2,3,7,8,3,0,1,1,0,2,21,2,2,0.0,0.0,0.0,0.0,0.0,1.0,14,4,10
160958,16,2,1,15,8,3,0,1,1,1,1,36,2,2,0.0,0.0,0.0,0.0,0.0,2.0,18,7,11
160228,16,2,3,9,8,3,0,1,0,1,2,26,2,3,1.0,0.0,0.0,1.0,0.0,1.0,8,6,11
82133,15,2,3,17,8,3,0,1,0,1,2,18,2,4,1.0,0.0,0.0,0.0,1.0,2.0,8,4,6
163885,16,2,3,15,2,3,0,1,0,1,2,23,2,3,1.0,0.0,0.0,1.0,0.0,2.0,12,1,11
136276,16,11,5,15,8,3,5,5,1,1,1,36,2,2,0.0,0.0,0.0,0.0,0.0,2.0,10,3,9
10891,4,7,4,17,2,3,6,5,0,1,2,24,2,2,0.0,0.0,0.0,0.0,0.0,2.0,15,1,1
132449,15,2,1,0,8,3,0,1,0,1,2,36,2,3,1.0,0.0,0.0,1.0,0.0,2.0,19,5,9
172042,16,2,1,17,18,3,0,1,1,1,2,18,2,2,0.0,0.0,0.0,0.0,0.0,3.0,19,5,11