crash_date,               traffic_control_device,weather_condition,lighting_condition,first_crash_type,trafficway_type,alignment,roadway_surface_cond,road_defect,crash_type,intersection_related_i,damage,prim_contributory_cause,num_units,most_severe_injury,injuries_total,injuries_fatal,injuries_incapacitating,injuries_non_incapacitating,injuries_reported_not_evident,injuries_no_indication,crash_hour,crash_day_of_week,crash_month
65905,16,2,1,10,8,3,0,5,1,1,0,17,2,2,0.0,0.0,0.0,0.0,0.0,2.0,22,6,5
104565,16,2,3,17,8,3,0,1,0,1,2,18,2,2,0.0,0.0,0.0,0.0,0.0,2.0,9,4,8
41768,17,11,5,0,6,3,5,5,1,1,2,36,2,2,0.0,0.0,0.0,0.0,0.0,2.0,15,7,3
84681,16,2,3,17,2,3,0,1,1,1,0,24,2,2,0.0,0.0,0.0,0.0,0.0,2.0,15,7,6
116655,16,2,1,10,3,3,0,1,1,1,2,36,2,2,0.0,0.0,0.0,0.0,0.0,4.0,23,7,8
98820,3,7,3,10,2,3,6,1,1,1,2,17,2,2,0.0,0.0,0.0,0.0,0.0,3.0,12,1,7
185460,16,2,1,0,2,3,0,1,1,1,2,6,2,2,0.0,0.0,0.0,0.0,0.0,2.0,23,5,12
169620,16,2,1,10,2,3,0,1,1,1,2,17,2,2,0.0,0.0,0.0,0.0,0.0,4.0,2,7,11
148103,16,11,3,17,1,3,5,5,1,1,2,24,2,2,0.0,0.0,0.0,0.0,0.0,3.0,14,6,10
93698,16,7,1,17,6,3,6,5,1,1,2,22,2,2,0.0,0.0,0.0,0.0,0.0,2.0,1,2,7
98786,17,2,3,17,10,3,6,5,0,1,2,17,2,1,1.0,0.0,1.0,0.0,0.0,1.0,14,1,7
12790,15,10,3,10,8,3,4,1,1,0,2,19,2,2,0.0,0.0,0.0,0.0,0.0,2.0,8,5,1
119749,16,2,1,10,6,3,0,1,1,1,0,17,2,2,0.0,0.0,0.0,0.0,0.0,2.0,4,3,8
2238,4,11,5,17,17,3,5,1,1,1,2,36,2,2,0.0,0.0,0.0,0.0,0.0,2.0,11,4,1
30442,4,2,3,15,8,3,0,1,1,1,2,18,2,2,0.0,0.0,0.0,0.0,0.0,3.0,14,3,3
133729,16,2,3,10,10,3,0,1,1,1,2,19,2,2,0.0,0.0,0.0,0.0,0.0,2.0,17,3,9
29272,15,2,1,0,11,3,0,1,0,1,2,5,2,0,5.0,1.0,0.0,4.0,0.0,1.0,20,1,3
173956,16,2,1,15,10,3,0,1,1,1,2,23,2,2,0.0,0.0,0.0,0.0,0.0,2.0,22,4,12
48655,16,2,3,17,8,3,0,1,0,1,2,18,2,2,0.0,0.0,0.0,0.0,0.0,2.0,14,2,4
164914,16,2,3,10,8,3,6,1,1,1,2,36,2,2,0.0,0.0,0.0,0.0,0.0,3.0,11,7,11
63018,16,2,1,17,8,3,5,5,0,1,2,36,2,2,0.0,0.0,0.0,0.0,0.0,3.0,20,1,5
106459,15,2,3,0,6,3,0,1,1,1,1,36,2,2,0.0,0.0,0.0,0.0,0.0,2.0,11,5,8
34133,16,2,3,17,6,3,0,1,1,1,2,26,2,2,0.0,0.0,0.0,0.0,0.0,6.0,17,1,3
9714,16,10,1,17,8,3,4,1,1,1,2,22,2,2,0.0,0.0,0.0,0.0,0.0,3.0,0,1,1
119324,16,2,3,8,5,3,0,1,0,1,2,36,2,3,1.0,0.0,0.0,1.0,0.0,2.0,14,5,8
168667,16,2,1,17,3,3,0,1,0,1,2,18,2,3,2.0,0.0,0.0,1.0,1.0,0.0,18,6,11
152088,16,2,3,17,8,3,0,1,0,1,2,26,2,3,2.0,0.0,0.0,1.0,1.0,1.0,17,6,10
156028,4,2,3,0,6,3,0,1,0,1,2,36,2,2,0.0,0.0,0.0,0.0,0.0,2.0,7,2,11
48733,15,2,3,0,2,3,0,1,0,1,2,18,4,2,0.0,0.0,0.0,0.0,0.0,4.0,12,4,4
31123,15,3,3,0,2,3,0,1,1,1,2,18,2,2,0.0,0.0,0.0,0.0,0.0,2.0,9,5,3
95481,16,2,3,10,6,3,0,1,1,1,2,36,2,2,0.0,0.0,0.0,0.0,0.0,2.0,6,2,7
182257,17,11,5,10,8,3,5,5,1,1,2,36,2,2,0.0,0.0,0.0,0.0,0.0,3.0,13,1,12
160454,15,2,1,0,6,3,0,1,0,1,0,18,2,3,1.0,0.0,0.0,1.0,0.0,2.0,17,7,11
154791,16,2,3,17,2,3,6,1,1,1,1,19,2,2,0.0,0.0,0.0,0.0,0.0,2.0,15,7,10
147781,16,2,3,0,6,3,0,1,1,1,2,36,2,2,0.0,0.0,0.0,0.0,0.0,2.0,11,2,10
2278,16,2,1,17,8,3,0,1,1,0,2,24,2,2,0.0,0.0,0.0,0.0,0.0,2.0,19,5,1
38136,16,2,1,17,8,3,0,1,1,1,2,18,2,2,0.0,0.0,0.0,0.0,0.0,2.0,19,6,3
54738,4,2,3,17,6,3,0,1,1,1,1,36,2,2,0.0,0.0,0.0,0.0,0.0,2.0,18,3,4
102242,16,2,1,15,15,3,0,1,0,1,2,23,2,2,0.0,0.0,0.0,0.0,0.0,4.0,21,6,7
167236,16,2,0,10,6,3,5,5,0,1,2,17,2,3,1.0,0.0,0.0,1.0,0.0,2.0,20,5,11
146639,16,2,3,0,6,3,0,1,0,1,2,36,2,4,1.0,0.0,0.0,0.0,1.0,1.0,14,7,10
145224,16,7,1,10,8,3,6,1,1,1,2,17,3,2,0.0,0.0,0.0,0.0,0.0,6.0,3,7,10
16063,16,2,1,0,2,3,6,1,0,1,2,16,2,1,4.0,0.0,1.0,3.0,0.0,0.0,1,1,2
26560,15,10,3,2,14,3,4,5,0,1,2,39,1,2,0.0,0.0,0.0,0.0,0.0,1.0,7,7,2
166034,16,2,1,15,2,3,0,1,1,1,2,22,2,2,0.0,0.0,0.0,0.0,0.0,2.0,18,2,11
142739,4,2,1,10,8,3,0,1,0,1,2,18,2,4,2.0,0.0,0.0,0.0,2.0,1.0,1,2,10
58039,16,2,0,17,8,3,0,1,0,1,2,36,2,2,0.0,0.0,0.0,0.0,0.0,4.0,22,7,5
150403,4,7,3,15,10,3,6,1,1,1,1,18,2,2,0.0,0.0,0.0,0.0,0.0,8.0,7,2,10
21063,16,2,3,17,6,3,0,1,0,1,1,36,2,3,2.0,0.0,0.0,2.0,0.0,1.0,12,3,2
32402,4,2,0,17,8,3,0,1,1,0,2,36,2,2,0.0,0.0,0.0,0.0,0.0,2.0,20,7,3
114446,15,2,3,0,6,3,0,1,0,0,2,18,3,3,2.0,0.0,0.0,2.0,0.0,2.0,15,1,8
181326,16,2,3,17,11,3,0,5,1,1,2,36,2,2,0.0,0.0,0.0,0.0,0.0,6.0,15,1,12
64577,16,2,3,10,8,3,0,1,1,1,2,36,2,2,0.0,0.0,0.0,0.0,0.0,2.0,7,5,5
11945,16,7,1,17,8,3,6,5,1,1,1,17,2,2,0.0,0.0,0.0,0.0,0.0,2.0,23,4,1
49388,4,2,3,17,2,3,0,1,0,1,2,36,2,3,1.0,0.0,0.0,1.0,0.0,2.0,7,3,4
9108,16,10,3,17,6,3,4,5,0,1,2,24,2,2,0.0,0.0,0.0,0.0,0.0,2.0,12,5,1
42259,4,11,5,0,17,3,5,5,1,1,2,26,2,2,0.0,0.0,0.0,0.0,0.0,2.0,19,6,4
12770,15,9,4,0,6,3,4,1,1,1,1,36,2,2,0.0,0.0,0.0,0.0,0.0,3.0,18,5,1
31175,16,2,1,17,6,3,0,1,1,1,0,18,2,2,0.0,0.0,0.0,0.0,0.0,4.0,18,7,3
121704,16,2,3,0,8,3,0,1,1,1,1,36,2,2,0.0,0.0,0.0,0.0,0.0,3.0,14,2,9
55612,16,2,3,17,8,3,0,1,0,1,2,18,2,2,0.0,0.0,0.0,0.0,0.0,2.0,8,2,4
49965,16,2,3,15,3,3,0,1,1,0,1,36,2,2,0.0,0.0,0.0,0.0,0.0,3.0,17,5,4
179115,16,2,1,0,2,3,0,1,0,1,2,3,3,2,0.0,0.0,0.0,0.0,0.0,8.0,20,6,12
188839,16,2,3,10,8,3,0,1,1,1,1,19,2,2,0.0,0.0,0.0,0.0,0.0,2.0,12,5,12
104064,15,2,3,0,8,3,0,1,1,1,1,18,2,2,0.0,0.0,0.0,0.0,0.0,2.0,11,4,8
69011,16,2,1,10,6,3,0,1,1,1,1,36,3,2,0.0,0.0,0.0,0.0,0.0,5.0,23,5,5
27892,16,2,1,10,6,3,0,1,0,1,2,17,2,2,0.0,0.0,0.0,0.0,0.0,4.0,19,1,2
124852,16,3,0,17,2,3,0,1,1,1,2,36,2,2,0.0,0.0,0.0,0.0,0.0,3.0,12,6,9
69187,16,2,3,15,8,3,0,1,1,1,2,18,2,2,0.0,0.0,0.0,0.0,0.0,5.0,14,7,5
138736,16,2,1,10,2,3,0,1,1,1,2,19,2,2,0.0,0.0,0.0,0.0,0.0,3.0,16,7,10
138762,4,3,3,0,8,3,0,1,1,1,1,18,2,2,0.0,0.0,0.0,0.0,0.0,2.0,8,2,10
10005,4,11,1,10,6,3,5,1,1,1,2,36,2,2,0.0,0.0,0.0,0.0,0.0,2.0,22,7,1
126855,16,2,1,10,2,3,0,1,1,1,1,36,2,2,0.0,0.0,0.0,0.0,0.0,2.0,22,7,9
4407,16,2,1,10,2,3,0,1,1,1,2,19,2,2,0.0,0.0,0.0,0.0,0.0,4.0,21,3,1
134137,16,2,3,10,11,3,0,1,1,1,0,36,2,2,0.0,0.0,0.0,0.0,0.0,6.0,14,6,9
160332,16,2,1,10,8,3,0,1,1,1,2,19,2,2,0.0,0.0,0.0,0.0,0.0,5.0,23,5,11
61369,6,2,3,3,18,3,0,1,0,1,2,11,3,3,1.0,0.0,0.0,1.0,0.0,2.0,19,4,5
417,15,10,1,0,8,3,6,5,0,1,2,3,2,3,1.0,0.0,0.0,1.0,0.0,1.0,2,2,1
32078,16,7,3,17,3,3,6,5,1,1,2,18,2,2,0.0,0.0,0.0,0.0,0.0,2.0,11,7,3
77717,16,3,3,10,2,3,0,1,0,1,1,17,2,4,1.0,0.0,0.0,0.0,1.0,1.0,11,3,6
123212,16,2,1,17,6,3,0,1,0,1,2,18,2,1,1.0,0.0,1.0,0.0,0.0,4.0,0,3,9
115062,16,2,1,10,15,3,0,1,1,1,2,19,2,2,0.0,0.0,0.0,0.0,0.0,3.0,20,4,8
88517,16,2,3,17,6,3,0,1,0,1,2,36,2,3,1.0,0.0,0.0,1.0,0.0,3.0,13,6,7
54106,16,2,1,15,6,3,0,5,1,0,2,24,2,2,0.0,0.0,0.0,0.0,0.0,2.0,2,7,4
56656,16,2,0,0,6,3,0,1,0,1,1,36,2,3,4.0,0.0,0.0,3.0,1.0,1.0,0,5,5
93081,15,2,3,10,8,3,0,1,0,1,1,9,2,4,1.0,0.0,0.0,0.0,1.0,1.0,15,5,7
102141,4,2,1,17,10,3,0,1,1,1,1,24,2,2,0.0,0.0,0.0,0.0,0.0,2.0,2,5,7
21266,16,2,1,10,8,3,6,1,1,1,2,36,2,2,0.0,0.0,0.0,0.0,0.0,2.0,2,6,2
58722,15,2,1,8,6,3,0,1,0,1,1,18,2,4,1.0,0.0,0.0,0.0,1.0,1.0,20,5,5
164660,16,2,1,0,6,3,0,1,0,1,2,6,2,4,2.0,0.0,0.0,0.0,2.0,1.0,0,5,11
78710,15,11,3,17,18,3,5,5,1,1,2,36,2,2,0.0,0.0,0.0,0.0,0.0,2.0,8,5,6
138948,16,2,1,14,3,3,6,1,0,1,2,13,2,2,0.0,0.0,0.0,0.0,0.0,2.0,4,5,10
162223,15,5,1,17,15,3,6,1,0,1,2,36,2,3,1.0,0.0,0.0,1.0,0.0,2.0,19,6,11
149252,16,2,3,17,8,3,0,1,1,1,2,26,3,2,0.0,0.0,0.0,0.0,0.0,4.0,15,1,10
133431,4,2,3,0,6,3,0,1,1,1,2,11,2,2,0.0,0.0,0.0,0.0,0.0,2.0,11,6,9
5474,16,3,3,17,2,3,1,1,1,1,0,36,2,2,0.0,0.0,0.0,0.0,0.0,2.0,12,5,1
80517,16,2,1,17,8,3,0,1,0,1,2,18,2,3,1.0,0.0,0.0,1.0,0.0,1.0,0,1,6
50105,16,3,3,10,2,3,0,1,1,1,0,19,2,2,0.0,0.0,0.0,0.0,0.0,5.0,16,2,4
71969,15,2,1,17,6,3,6,1,0,1,2,18,2,3,1.0,0.0,0.0,1.0,0.0,1.0,23,7,6
64691,15,2,3,0,8,3,0,1,0,1,2,38,2,2,0.0,0.0,0.0,0.0,0.0,2.0,13,7,5
5864,15,10,3,7,10,3,4,1,1,1,2,22,2,2,0.0,0.0,0.0,0.0,0.0,1.0,14,6,1
59222,16,2,3,15,5,3,0,1,1,1,0,12,2,2,0.0,0.0,0.0,0.0,0.0,2.0,16,6,5
2938,16,2,1,17,2,3,6,1,1,1,1,18,2,2,0.0,0.0,0.0,0.0,0.0,2.0,16,5,1
94909,15,2,3,15,10,3,0,1,1,1,2,36,2,2,0.0,0.0,0.0,0.0,0.0,2.0,19,6,7
98415,16,2,3,11,8,3,0,1,1,1,1,21,2,2,0.0,0.0,0.0,0.0,0.0,2.0,8,3,7
166360,15,2,1,9,10,3,0,1,1,1,0,18,2,2,0.0,0.0,0.0,0.0,0.0,3.0,17,1,11
1927,4,2,1,0,15,3,0,1,1,1,2,11,2,2,0.0,0.0,0.0,0.0,0.0,2.0,23,7,1
181896,4,2,3,0,8,3,0,1,0,1,2,18,2,2,0.0,0.0,0.0,0.0,0.0,2.0,15,2,12
57802,16,2,1,0,6,3,0,1,0,1,2,6,2,2,0.0,0.0,0.0,0.0,0.0,3.0,4,5,5
2730,16,2,1,0,2,3,0,1,0,1,2,6,2,2,0.0,0.0,0.0,0.0,0.0,2.0,22,5,1
126302,4,3,3,10,15,3,0,1,0,1,2,17,4,1,2.0,0.0,1.0,1.0,0.0,3.0,12,6,9
69086,15,2,1,17,12,3,0,1,1,1,2,12,2,2,0.0,0.0,0.0,0.0,0.0,2.0,21,6,5
156444,15,2,1,0,2,3,0,1,1,1,1,36,2,2,0.0,0.0,0.0,0.0,0.0,4.0,18,6,11
117726,16,7,3,15,10,3,5,5,1,1,2,23,2,2,0.0,0.0,0.0,0.0,0.0,2.0,17,7,8
117903,4,2,3,0,6,3,0,1,1,1,2,36,2,2,0.0,0.0,0.0,0.0,0.0,3.0,15,5,8
147502,16,2,3,17,8,3,0,1,0,1,2,24,2,2,0.0,0.0,0.0,0.0,0.0,2.0,8,4,10
10168,16,6,3,10,11,3,6,1,1,1,2,12,2,2,0.0,0.0,0.0,0.0,0.0,3.0,11,2,1
3348,4,2,1,17,15,3,0,1,0,1,2,38,2,2,0.0,0.0,0.0,0.0,0.0,3.0,17,3,1
175790,16,2,1,17,8,3,0,1,0,1,2,36,2,3,1.0,0.0,0.0,1.0,0.0,1.0,18,4,12
17143,16,10,3,10,3,3,6,1,1,1,2,36,2,2,0.0,0.0,0.0,0.0,0.0,3.0,11,6,2
87433,15,2,1,0,6,3,0,5,0,1,2,5,2,3,1.0,0.0,0.0,1.0,0.0,6.0,23,1,6
71941,15,2,3,0,8,3,0,1,1,1,2,36,2,2,0.0,0.0,0.0,0.0,0.0,5.0,18,7,6
71138,16,2,3,17,6,3,0,5,0,1,2,18,2,3,3.0,0.0,0.0,3.0,0.0,1.0,11,5,5
8572,17,2,1,17,6,3,5,5,0,1,2,22,2,4,3.0,0.0,0.0,0.0,3.0,1.0,19,6,1
13753,16,2,1,17,8,3,0,5,0,1,2,24,2,4,1.0,0.0,0.0,0.0,1.0,1.0,23,1,1
149940,4,3,3,0,8,3,0,1,1,1,2,36,2,2,0.0,0.0,0.0,0.0,0.0,3.0,7,3,10
115286,16,2,3,10,2,3,0,1,1,1,2,36,2,2,0.0,0.0,0.0,0.0,0.0,3.0,14,7,8
122696,16,2,3,15,6,3,0,1,1,1,1,36,2,2,0.0,0.0,0.0,0.0,0.0,2.0,18,4,9
68692,16,2,3,10,8,3,0,1,1,1,1,19,2,2,0.0,0.0,0.0,0.0,0.0,2.0,16,7,5
6189,16,2,3,10,8,3,0,1,1,1,1,36,2,2,0.0,0.0,0.0,0.0,0.0,2.0,14,4,1
91819,16,2,1,17,15,3,0,1,1,1,2,24,2,2,0.0,0.0,0.0,0.0,0.0,2.0,20,7,7
119371,15,2,4,0,6,3,0,5,0,1,2,18,2,2,0.0,0.0,0.0,0.0,0.0,2.0,19,5,8
74712,16,2,3,0,2,3,0,1,1,1,2,18,2,2,0.0,0.0,0.0,0.0,0.0,2.0,18,1,6
98933,15,2,3,9,8,3,0,1,0,1,0,18,2,3,1.0,0.0,0.0,1.0,0.0,1.0,19,4,7
64284,16,7,3,10,2,3,6,1,1,1,0,39,2,2,0.0,0.0,0.0,0.0,0.0,2.0,6,1,5
94016,15,2,3,0,8,3,0,1,0,1,0,18,2,2,0.0,0.0,0.0,0.0,0.0,2.0,11,5,7
92807,16,11,1,0,6,3,5,5,1,1,2,36,2,2,0.0,0.0,0.0,0.0,0.0,4.0,0,1,7
68327,16,2,3,0,8,3,0,1,0,1,2,6,2,2,0.0,0.0,0.0,0.0,0.0,2.0,8,2,5
51153,17,2,3,10,2,3,5,5,1,1,2,36,2,2,0.0,0.0,0.0,0.0,0.0,4.0,13,7,4
27785,16,2,0,10,11,3,0,5,1,1,1,19,2,2,0.0,0.0,0.0,0.0,0.0,2.0,23,5,2
51675,16,2,3,10,8,3,0,1,1,1,2,36,2,2,0.0,0.0,0.0,0.0,0.0,2.0,11,7,4
35126,16,2,1,0,6,3,0,1,0,1,2,6,2,2,0.0,0.0,0.0,0.0,0.0,3.0,4,3,3
145916,16,2,3,0,2,3,0,1,1,1,2,36,2,2,0.0,0.0,0.0,0.0,0.0,4.0,13,3,10
132412,16,2,1,10,6,3,0,1,1,1,2,17,2,2,0.0,0.0,0.0,0.0,0.0,2.0,23,7,9
66137,4,7,3,2,2,3,6,1,0,1,2,39,1,1,1.0,0.0,1.0,0.0,0.0,0.0,9,2,5
7631,16,10,3,0,8,3,4,1,1,1,1,36,2,2,0.0,0.0,0.0,0.0,0.0,2.0,7,3,1
137634,4,2,1,2,10,3,0,1,0,1,2,17,1,1,1.0,0.0,1.0,0.0,0.0,1.0,1,1,10
28611,16,2,1,0,6,3,0,1,0,1,2,36,3,3,2.0,0.0,0.0,2.0,0.0,1.0,19,4,3
169787,4,7,0,0,6,3,6,1,0,1,2,36,2,2,0.0,0.0,0.0,0.0,0.0,4.0,17,3,11
67298,16,2,3,0,8,3,0,1,0,1,1,6,2,2,0.0,0.0,0.0,0.0,0.0,2.0,18,7,5
121751,16,2,3,10,2,3,0,1,0,1,2,19,3,2,0.0,0.0,0.0,0.0,0.0,3.0,12,2,9
105634,16,2,3,15,2,3,0,1,0,0,2,23,2,2,0.0,0.0,0.0,0.0,0.0,2.0,17,6,8
95193,16,7,3,10,8,3,6,1,1,1,1,21,2,2,0.0,0.0,0.0,0.0,0.0,7.0,17,4,7
43755,15,2,3,0,8,3,6,1,0,1,2,18,3,3,2.0,0.0,0.0,2.0,0.0,5.0,17,5,4
116527,15,2,3,17,8,3,0,1,1,1,2,36,2,2,0.0,0.0,0.0,0.0,0.0,2.0,11,4,8
77010,16,2,3,17,8,3,0,1,0,1,2,18,2,2,0.0,0.0,0.0,0.0,0.0,2.0,11,7,6
115359,16,2,1,2,8,3,0,1,0,1,2,36,1,2,0.0,0.0,0.0,0.0,0.0,1.0,3,1,8
163901,16,2,3,17,5,3,0,1,0,1,2,18,2,2,0.0,0.0,0.0,0.0,0.0,2.0,15,2,11
169109,16,2,3,10,11,3,0,1,1,1,2,9,2,2,0.0,0.0,0.0,0.0,0.0,3.0,13,4,11
72644,16,2,1,17,6,3,0,1,0,1,2,36,2,3,3.0,0.0,0.0,2.0,1.0,2.0,21,5,6
89986,16,2,3,0,2,3,0,1,0,1,2,18,2,3,1.0,0.0,0.0,1.0,0.0,1.0,6,6,7
46987,16,2,3,17,16,3,0,1,1,1,2,17,2,2,0.0,0.0,0.0,0.0,0.0,4.0,17,3,4
80293,17,2,3,10,8,3,0,5,1,1,1,36,2,2,0.0,0.0,0.0,0.0,0.0,3.0,18,6,6
95213,15,7,4,17,6,3,6,1,0,1,2,18,2,2,0.0,0.0,0.0,0.0,0.0,3.0,19,4,7
45644,16,7,3,17,8,3,6,1,1,1,2,26,2,2,0.0,0.0,0.0,0.0,0.0,2.0,8,6,4
152276,15,2,3,17,8,3,0,1,0,1,2,19,2,2,0.0,0.0,0.0,0.0,0.0,2.0,12,5,10
92692,15,7,1,13,11,3,6,1,0,1,2,18,2,2,0.0,0.0,0.0,0.0,0.0,3.0,16,7,7
177340,4,2,3,9,8,3,0,1,0,0,2,36,2,3,1.0,0.0,0.0,1.0,0.0,1.0,12,3,12
125942,16,2,3,15,8,3,0,1,0,1,2,23,2,3,1.0,0.0,0.0,1.0,0.0,3.0,13,3,9
58727,16,7,3,17,2,3,6,1,1,1,2,18,2,2,0.0,0.0,0.0,0.0,0.0,2.0,9,5,5
177552,15,2,1,0,6,3,6,1,1,1,2,36,2,2,0.0,0.0,0.0,0.0,0.0,2.0,23,7,12
65216,16,7,1,7,6,3,6,1,0,0,2,28,2,3,1.0,0.0,0.0,1.0,0.0,0.0,4,1,5
142369,15,2,3,8,13,3,0,1,0,1,2,18,2,3,1.0,0.0,0.0,1.0,0.0,1.0,14,4,10
23897,16,2,1,0,8,3,0,1,1,1,2,6,2,2,0.0,0.0,0.0,0.0,0.0,2.0,20,1,2
135669,16,2,1,17,1,3,0,1,1,1,1,36,2,2,0.0,0.0,0.0,0.0,0.0,2.0,12,2,9
48277,16,2,3,9,2,3,0,1,1,1,2,18,2,2,0.0,0.0,0.0,0.0,0.0,2.0,15,4,4
75452,4,2,2,17,2,3,5,5,0,1,1,36,2,2,0.0,0.0,0.0,0.0,0.0,2.0,17,6,6
95432,15,2,3,17,15,3,0,1,0,1,2,18,2,3,2.0,0.0,0.0,2.0,0.0,1.0,10,7,7
150693,4,2,3,10,2,3,0,1,0,1,2,8,2,2,0.0,0.0,0.0,0.0,0.0,4.0,16,7,10
131395,16,2,3,17,8,3,0,1,1,1,2,24,2,2,0.0,0.0,0.0,0.0,0.0,2.0,10,5,9
61345,16,2,3,10,6,3,0,1,1,1,2,36,2,2,0.0,0.0,0.0,0.0,0.0,2.0,15,4,5
181814,15,3,3,0,6,3,0,1,1,1,2,18,2,2,0.0,0.0,0.0,0.0,0.0,2.0,7,3,12
3155,15,2,1,0,9,3,0,1,0,1,2,5,2,3,1.0,0.0,0.0,1.0,0.0,1.0,18,5,1
76023,4,7,3,17,10,3,6,5,1,1,2,26,2,2,0.0,0.0,0.0,0.0,0.0,2.0,16,5,6
126137,16,2,3,10,11,3,0,1,1,1,0,26,2,2,0.0,0.0,0.0,0.0,0.0,2.0,7,3,9
104181,15,7,1,0,6,3,6,1,0,1,2,17,2,2,0.0,0.0,0.0,0.0,0.0,2.0,20,7,8
124488,16,2,0,0,3,3,0,1,0,1,2,18,2,2,0.0,0.0,0.0,0.0,0.0,3.0,19,7,9
51648,4,2,3,10,2,3,5,5,1,0,2,19,2,2,0.0,0.0,0.0,0.0,0.0,2.0,19,6,4
66735,17,2,3,17,2,3,0,5,0,1,1,18,2,2,0.0,0.0,0.0,0.0,0.0,5.0,15,6,5
46335,15,2,3,17,2,3,0,1,1,1,1,21,2,2,0.0,0.0,0.0,0.0,0.0,2.0,18,3,4
104524,16,2,3,15,8,3,0,1,0,1,1,22,2,3,2.0,0.0,0.0,2.0,0.0,1.0,17,3,8
144249,16,2,3,17,8,3,0,1,1,1,1,18,2,2,0.0,0.0,0.0,0.0,0.0,2.0,13,2,10
141946,17,2,5,10,18,3,0,5,1,1,2,19,2,2,0.0,0.0,0.0,0.0,0.0,2.0,17,6,10
96722,16,11,5,11,17,3,5,5,1,1,1,36,2,2,0.0,0.0,0.0,0.0,0.0,2.0,19,5,7
26884,15,10,3,17,8,3,4,1,1,1,2,39,2,2,0.0,0.0,0.0,0.0,0.0,5.0,7,4,2
21368,16,2,1,0,6,3,6,5,1,1,2,6,2,2,0.0,0.0,0.0,0.0,0.0,2.0,0,6,2
10244,15,2,1,17,8,3,0,1,1,1,2,18,2,2,0.0,0.0,0.0,0.0,0.0,2.0,21,3,1
174264,17,11,5,7,11,3,5,5,1,0,2,36,2,2,0.0,0.0,0.0,0.0,0.0,1.0,10,4,12
70629,15,2,3,0,18,3,0,1,0,1,2,36,2,3,1.0,0.0,0.0,1.0,0.0,2.0,10,4,5
80591,16,2,3,17,8,3,0,5,1,1,2,18,2,2,0.0,0.0,0.0,0.0,0.0,5.0,16,4,6
119590,15,2,0,0,6,3,0,5,0,1,2,36,2,2,0.0,0.0,0.0,0.0,0.0,2.0,1,1,8
42042,15,2,3,0,2,3,0,1,0,1,2,5,2,3,3.0,0.0,0.0,3.0,0.0,0.0,11,4,3
55442,15,11,1,17,15,3,5,5,1,1,2,24,2,2,0.0,0.0,0.0,0.0,0.0,2.0,1,2,4
186127,16,2,3,17,8,3,0,1,1,1,2,22,2,2,0.0,0.0,0.0,0.0,0.0,2.0,16,4,12
9496,16,2,3,17,6,3,0,1,0,1,2,24,2,2,0.0,0.0,0.0,0.0,0.0,2.0,13,6,1
99304,15,2,3,0,8,3,0,1,1,1,2,18,2,2,0.0,0.0,0.0,0.0,0.0,2.0,8,2,7
22232,15,2,3,0,2,3,0,1,0,1,2,6,2,3,3.0,0.0,0.0,3.0,0.0,0.0,11,7,2
60783,16,2,3,15,10,3,0,1,1,1,2,36,2,2,0.0,0.0,0.0,0.0,0.0,2.0,14,2,5
11843,16,7,3,10,6,3,6,1,0,1,2,19,2,4,1.0,0.0,0.0,0.0,1.0,1.0,16,4,1
184715,16,2,4,15,8,3,0,1,1,1,1,22,2,2,0.0,0.0,0.0,0.0,0.0,4.0,16,6,12
13173,16,3,3,10,8,3,0,1,1,1,2,36,2,2,0.0,0.0,0.0,0.0,0.0,4.0,7,5,1
171622,16,2,3,17,10,3,0,1,0,1,2,4,2,3,2.0,0.0,0.0,2.0,0.0,0.0,16,5,11
117241,16,2,3,0,3,3,0,1,1,1,1,18,2,2,0.0,0.0,0.0,0.0,0.0,3.0,16,7,8
1568,16,2,3,0,2,3,0,1,0,1,2,36,3,3,1.0,0.0,0.0,1.0,0.0,2.0,15,6,1
130843,4,2,1,17,6,3,0,1,0,1,1,18,3,1,1.0,0.0,1.0,0.0,0.0,2.0,20,5,9
165627,16,2,2,15,8,3,0,1,1,1,2,22,2,2,0.0,0.0,0.0,0.0,0.0,2.0,15,5,11
69682,16,2,0,2,8,3,0,1,1,1,0,30,1,2,0.0,0.0,0.0,0.0,0.0,1.0,3,1,5
29719,16,2,3,9,2,3,0,1,0,1,0,18,2,4,1.0,0.0,0.0,0.0,1.0,1.0,9,2,3
40138,4,11,3,10,1,3,5,5,1,1,1,36,2,2,0.0,0.0,0.0,0.0,0.0,2.0,11,3,3
107789,16,2,3,10,10,3,0,5,1,1,2,19,3,2,0.0,0.0,0.0,0.0,0.0,3.0,16,4,8
13205,16,10,4,10,2,3,4,1,0,1,2,17,2,4,1.0,0.0,0.0,0.0,1.0,1.0,13,6,1
23948,16,2,3,0,6,3,0,1,0,1,2,18,2,4,1.0,0.0,0.0,0.0,1.0,2.0,10,2,2
157030,16,7,1,0,8,3,6,1,0,1,2,6,2,2,0.0,0.0,0.0,0.0,0.0,3.0,23,7,11
92344,16,2,3,17,6,3,0,1,0,1,2,18,2,3,2.0,0.0,0.0,1.0,1.0,0.0,12,1,7
53123,15,2,3,0,6,3,0,1,1,1,2,5,2,2,0.0,0.0,0.0,0.0,0.0,3.0,8,5,4
73824,4,2,3,0,6,3,0,1,1,1,2,36,2,2,0.0,0.0,0.0,0.0,0.0,2.0,18,3,6