crash_date,               traffic_control_device,weather_condition,lighting_condition,first_crash_type,trafficway_type,alignment,roadway_surface_cond,road_defect,crash_type,intersection_related_i,damage,prim_contributory_cause,num_units,most_severe_injury,injuries_total,injuries_fatal,injuries_incapacitating,injuries_non_incapacitating,injuries_reported_not_evident,injuries_no_indication,crash_hour,crash_day_of_week,crash_month
195,16,2,0,10,8,3,5,1,1,1,1,13,2,2,0.0,0.0,0.0,0.0,0.0,2.0,3,4,1
57431,16,2,4,9,6,3,0,1,0,1,0,36,2,3,1.0,0.0,0.0,1.0,0.0,1.0,20,6,5
142524,16,2,1,15,6,3,0,1,0,1,2,24,2,3,1.0,0.0,0.0,1.0,0.0,1.0,19,7,10
11487,16,3,3,15,1,3,0,1,1,1,0,9,3,2,0.0,0.0,0.0,0.0,0.0,5.0,7,4,1
60468,4,2,3,17,6,3,6,1,1,1,1,18,2,2,0.0,0.0,0.0,0.0,0.0,2.0,17,5,5
105778,15,2,3,0,11,5,0,1,0,1,2,18,2,3,1.0,0.0,0.0,1.0,0.0,2.0,17,1,8
179552,15,2,1,10,2,3,0,1,0,1,2,19,2,4,2.0,0.0,0.0,0.0,2.0,3.0,21,5,12
14108,15,3,3,0,16,3,4,1,1,1,1,38,2,2,0.0,0.0,0.0,0.0,0.0,2.0,11,1,1
145771,16,2,3,10,2,3,0,1,1,1,2,19,2,2,0.0,0.0,0.0,0.0,0.0,2.0,16,5,10
105710,4,2,1,17,2,3,0,1,1,1,0,24,2,2,0.0,0.0,0.0,0.0,0.0,2.0,21,7,8
123123,16,2,1,17,6,3,0,0,0,1,2,6,2,4,2.0,0.0,0.0,0.0,2.0,1.0,4,2,9
84776,15,2,3,10,8,3,0,1,0,1,2,36,2,1,1.0,0.0,1.0,0.0,0.0,1.0,14,3,6
66259,16,2,3,0,8,3,0,1,0,1,2,6,3,4,4.0,0.0,0.0,0.0,4.0,1.0,17,5,5
174113,4,2,4,0,8,3,0,5,1,1,1,36,2,2,0.0,0.0,0.0,0.0,0.0,8.0,15,1,12
13754,15,2,1,0,2,3,0,1,1,1,2,23,2,2,0.0,0.0,0.0,0.0,0.0,2.0,23,1,1
178540,16,7,1,17,11,3,6,1,1,1,2,39,2,2,0.0,0.0,0.0,0.0,0.0,3.0,18,7,12
67850,16,2,0,17,8,3,0,1,1,1,1,6,2,2,0.0,0.0,0.0,0.0,0.0,2.0,3,2,5
129398,15,2,1,0,6,3,0,1,1,1,2,11,2,2,0.0,0.0,0.0,0.0,0.0,2.0,23,7,9
56129,15,4,1,17,8,3,6,1,1,1,2,24,2,2,0.0,0.0,0.0,0.0,0.0,2.0,4,4,5
799,16,10,3,0,8,3,0,1,0,1,2,6,2,2,0.0,0.0,0.0,0.0,0.0,2.0,14,1,1
52367,16,2,3,17,8,3,0,1,0,1,2,6,2,2,0.0,0.0,0.0,0.0,0.0,2.0,6,7,4
121869,16,2,1,10,3,3,0,1,1,1,1,9,2,2,0.0,0.0,0.0,0.0,0.0,3.0,19,5,9
81491,16,7,3,17,8,3,6,1,0,1,2,22,2,4,1.0,0.0,0.0,0.0,1.0,1.0,15,2,6
20191,16,2,1,0,8,3,6,1,1,1,1,6,2,2,0.0,0.0,0.0,0.0,0.0,2.0,21,2,2
82110,15,2,3,17,10,3,0,1,1,1,2,19,2,2,0.0,0.0,0.0,0.0,0.0,2.0,16,4,6
105949,15,2,3,0,8,3,0,1,1,1,2,36,2,2,0.0,0.0,0.0,0.0,0.0,2.0,15,5,8
187214,16,7,1,14,2,3,6,5,0,1,2,12,2,2,0.0,0.0,0.0,0.0,0.0,4.0,23,7,12
150438,16,2,1,0,2,3,0,1,0,1,2,6,2,2,0.0,0.0,0.0,0.0,0.0,3.0,1,3,10
10428,16,2,3,0,6,3,0,1,0,1,2,18,2,2,0.0,0.0,0.0,0.0,0.0,2.0,10,7,1
117339,16,7,3,10,8,3,6,1,1,1,0,36,2,2,0.0,0.0,0.0,0.0,0.0,2.0,15,2,8
16473,16,10,1,10,8,3,4,1,0,1,2,19,2,3,1.0,0.0,0.0,1.0,0.0,2.0,0,1,2
127787,16,2,3,17,11,3,0,1,1,1,2,18,2,2,0.0,0.0,0.0,0.0,0.0,3.0,17,5,9
187571,15,10,3,0,2,3,4,1,1,1,2,18,2,2,0.0,0.0,0.0,0.0,0.0,2.0,18,6,12
63340,16,2,1,17,6,3,0,1,1,1,0,6,2,2,0.0,0.0,0.0,0.0,0.0,2.0,23,6,5
3383,16,11,5,0,6,3,5,5,1,1,1,36,2,2,0.0,0.0,0.0,0.0,0.0,2.0,12,3,1
15488,4,2,1,17,8,3,0,1,1,1,2,18,2,2,0.0,0.0,0.0,0.0,0.0,2.0,22,4,2
9916,4,2,3,17,8,3,0,1,0,1,1,36,2,4,1.0,0.0,0.0,0.0,1.0,1.0,18,6,1
147937,16,2,3,15,8,3,0,1,1,1,2,22,2,2,0.0,0.0,0.0,0.0,0.0,3.0,15,6,10
138140,15,2,3,17,8,3,0,1,0,1,2,24,2,2,0.0,0.0,0.0,0.0,0.0,2.0,12,3,10
83849,16,2,3,17,8,3,0,1,1,1,1,36,2,2,0.0,0.0,0.0,0.0,0.0,2.0,9,1,6
155464,16,2,3,10,6,3,0,1,1,1,0,19,2,2,0.0,0.0,0.0,0.0,0.0,2.0,10,1,10
137782,16,2,1,17,6,3,0,1,1,1,2,24,2,2,0.0,0.0,0.0,0.0,0.0,3.0,20,3,10
12406,15,2,4,17,8,3,0,1,0,1,2,18,2,2,0.0,0.0,0.0,0.0,0.0,4.0,16,6,1
106109,16,2,0,17,6,3,0,1,1,1,2,23,2,2,0.0,0.0,0.0,0.0,0.0,3.0,20,1,8
153488,15,7,1,0,10,3,6,5,0,1,2,5,2,2,0.0,0.0,0.0,0.0,0.0,2.0,5,1,10
84306,16,2,3,10,2,3,0,5,1,1,0,19,2,2,0.0,0.0,0.0,0.0,0.0,2.0,14,2,6
30573,16,2,3,0,8,3,0,1,0,1,2,6,2,3,2.0,0.0,0.0,2.0,0.0,1.0,6,3,3
38082,16,2,1,10,2,3,0,1,1,1,1,17,2,2,0.0,0.0,0.0,0.0,0.0,2.0,22,5,3
37662,16,2,1,17,8,3,0,1,0,1,2,18,2,2,0.0,0.0,0.0,0.0,0.0,3.0,22,4,3
140803,15,7,1,0,8,3,6,1,1,1,0,18,2,2,0.0,0.0,0.0,0.0,0.0,2.0,17,5,10
84294,16,7,3,17,15,3,6,1,0,1,2,36,2,2,0.0,0.0,0.0,0.0,0.0,6.0,13,2,6
20654,16,2,3,10,8,3,0,1,1,0,2,36,2,2,0.0,0.0,0.0,0.0,0.0,2.0,12,3,2
69693,15,2,1,17,8,3,0,1,0,1,2,28,2,2,0.0,0.0,0.0,0.0,0.0,2.0,23,1,5
12200,16,6,5,17,6,3,1,5,1,1,2,18,2,2,0.0,0.0,0.0,0.0,0.0,2.0,16,3,1
161981,15,2,3,0,10,3,1,5,0,1,2,11,3,3,1.0,0.0,0.0,1.0,0.0,1.0,13,3,11
172354,16,7,1,17,8,3,6,1,0,1,2,18,2,2,0.0,0.0,0.0,0.0,0.0,3.0,17,1,12
67102,4,2,1,10,8,3,6,1,1,1,1,19,2,2,0.0,0.0,0.0,0.0,0.0,2.0,22,3,5
171505,16,2,3,10,8,3,0,1,1,1,2,19,2,2,0.0,0.0,0.0,0.0,0.0,2.0,8,4,11
114448,16,2,1,0,6,3,0,1,0,1,1,12,2,3,2.0,0.0,0.0,2.0,0.0,1.0,4,1,8
87852,4,2,1,15,8,3,0,1,0,1,2,18,2,2,0.0,0.0,0.0,0.0,0.0,2.0,4,1,7
57513,6,2,1,0,11,3,0,1,0,1,2,26,2,2,0.0,0.0,0.0,0.0,0.0,2.0,4,6,5
169343,16,7,1,10,3,3,6,1,1,1,0,19,2,2,0.0,0.0,0.0,0.0,0.0,2.0,2,4,11
31369,16,2,3,0,6,3,0,1,0,1,2,6,3,2,0.0,0.0,0.0,0.0,0.0,3.0,17,5,3
113001,15,2,3,0,8,3,0,1,1,1,2,18,2,2,0.0,0.0,0.0,0.0,0.0,3.0,11,7,8
164553,16,7,3,15,6,3,6,1,1,1,2,22,2,2,0.0,0.0,0.0,0.0,0.0,2.0,15,4,11
157587,16,2,3,10,8,3,0,1,1,1,1,36,2,2,0.0,0.0,0.0,0.0,0.0,2.0,13,2,11
119154,16,2,3,17,6,3,0,5,0,1,2,36,2,3,1.0,0.0,0.0,1.0,0.0,1.0,18,1,8
132742,16,3,3,17,6,3,0,1,0,1,2,24,2,2,0.0,0.0,0.0,0.0,0.0,2.0,17,4,9
117781,16,7,1,3,8,3,6,1,0,1,2,18,2,2,0.0,0.0,0.0,0.0,0.0,2.0,23,1,8
137616,16,2,3,10,11,3,0,1,1,1,2,19,2,2,0.0,0.0,0.0,0.0,0.0,2.0,18,7,10
77970,15,2,0,10,10,3,0,1,1,1,2,36,2,2,0.0,0.0,0.0,0.0,0.0,3.0,12,7,6
159300,15,2,3,0,8,3,0,1,1,1,2,36,2,2,0.0,0.0,0.0,0.0,0.0,2.0,8,4,11
115594,15,2,3,0,11,3,0,1,1,1,2,18,2,2,0.0,0.0,0.0,0.0,0.0,2.0,18,3,8
17798,16,2,3,17,2,3,0,1,1,1,2,23,2,2,0.0,0.0,0.0,0.0,0.0,2.0,12,1,2
48307,16,2,3,17,2,3,0,6,0,1,2,17,2,3,2.0,0.0,0.0,1.0,1.0,0.0,12,4,4
124687,16,2,3,0,6,3,0,1,0,1,2,17,2,2,0.0,0.0,0.0,0.0,0.0,2.0,8,4,9
109092,4,2,3,17,3,3,0,1,0,1,2,18,2,2,0.0,0.0,0.0,0.0,0.0,3.0,7,4,8
31064,4,2,1,3,8,3,0,1,0,1,2,36,2,2,0.0,0.0,0.0,0.0,0.0,2.0,20,4,3
158319,16,2,3,10,10,3,0,5,0,1,2,19,2,3,2.0,0.0,0.0,2.0,0.0,1.0,12,5,11
98852,16,2,0,0,6,3,0,1,0,1,2,6,3,4,1.0,0.0,0.0,0.0,1.0,1.0,4,2,7
96043,16,2,3,7,2,3,0,1,1,1,2,36,2,2,0.0,0.0,0.0,0.0,0.0,2.0,13,2,7
95458,16,2,3,17,6,3,0,1,1,1,2,6,2,2,0.0,0.0,0.0,0.0,0.0,3.0,15,2,7
7473,15,10,1,2,6,3,4,5,1,1,2,39,1,2,0.0,0.0,0.0,0.0,0.0,1.0,21,2,1
137765,15,2,3,8,8,3,0,1,0,1,0,17,2,3,1.0,0.0,0.0,1.0,0.0,1.0,17,3,10
91850,15,3,3,11,6,3,0,1,1,1,1,36,2,2,0.0,0.0,0.0,0.0,0.0,5.0,12,7,7
90497,17,11,3,17,2,2,5,5,1,1,1,26,2,2,0.0,0.0,0.0,0.0,0.0,8.0,10,6,7
55439,16,7,3,10,6,3,6,5,1,1,2,19,2,2,0.0,0.0,0.0,0.0,0.0,2.0,12,7,4
91262,4,2,1,17,8,3,0,5,0,1,2,18,2,1,1.0,0.0,1.0,0.0,0.0,1.0,22,5,7
186619,16,7,3,10,8,3,0,1,1,1,2,36,2,2,0.0,0.0,0.0,0.0,0.0,4.0,10,5,12
165950,4,2,3,0,8,3,0,1,1,1,2,17,2,2,0.0,0.0,0.0,0.0,0.0,2.0,13,1,11
52228,16,3,3,0,8,3,0,1,0,1,2,18,2,2,0.0,0.0,0.0,0.0,0.0,3.0,10,3,4
53229,16,2,3,0,8,3,0,1,0,1,2,18,2,4,2.0,0.0,0.0,0.0,2.0,0.0,11,1,4
182895,16,2,3,10,6,3,0,5,1,1,2,36,2,2,0.0,0.0,0.0,0.0,0.0,2.0,16,3,12
173727,16,2,1,17,8,3,0,1,0,1,1,6,2,4,1.0,0.0,0.0,0.0,1.0,2.0,16,6,12
104839,17,2,3,8,8,3,0,5,0,1,0,36,2,4,1.0,0.0,0.0,0.0,1.0,1.0,8,2,8
176460,16,2,4,0,6,3,0,1,0,1,1,3,2,4,2.0,0.0,0.0,0.0,2.0,1.0,21,1,12
124529,15,2,3,17,15,3,0,1,1,1,2,18,2,2,0.0,0.0,0.0,0.0,0.0,3.0,17,1,9
121425,16,2,3,17,6,3,0,1,0,1,2,3,3,1,4.0,0.0,1.0,3.0,0.0,2.0,12,5,9
102937,16,2,3,10,8,3,0,1,1,0,2,19,2,2,0.0,0.0,0.0,0.0,0.0,2.0,16,2,7
140719,16,2,3,10,6,3,0,1,1,1,2,17,2,2,0.0,0.0,0.0,0.0,0.0,2.0,12,3,10
66644,16,2,3,8,8,3,0,1,0,1,2,6,2,3,1.0,0.0,0.0,1.0,0.0,2.0,14,4,5
28869,16,2,1,0,6,3,0,1,1,1,2,6,2,2,0.0,0.0,0.0,0.0,0.0,4.0,2,2,3
53885,4,2,3,17,2,3,0,1,1,1,2,18,2,2,0.0,0.0,0.0,0.0,0.0,2.0,10,4,4
104880,16,2,3,9,6,3,0,1,0,1,0,18,2,3,1.0,0.0,0.0,1.0,0.0,1.0,17,3,8
78765,16,7,3,7,2,3,6,5,1,1,1,36,2,2,0.0,0.0,0.0,0.0,0.0,1.0,17,4,6
111298,16,7,3,15,6,3,6,1,0,1,2,13,3,2,0.0,0.0,0.0,0.0,0.0,3.0,16,2,8
143317,16,2,3,0,6,3,0,5,1,1,1,24,2,2,0.0,0.0,0.0,0.0,0.0,2.0,8,5,10
26904,16,2,3,17,17,3,4,1,1,1,2,36,2,2,0.0,0.0,0.0,0.0,0.0,3.0,8,4,2
8818,16,10,1,0,2,3,4,1,1,1,2,3,2,2,0.0,0.0,0.0,0.0,0.0,2.0,2,7,1
188869,16,2,1,15,6,3,0,1,0,1,2,18,2,2,0.0,0.0,0.0,0.0,0.0,2.0,18,6,12
132796,16,2,3,9,15,3,0,1,0,1,0,18,2,1,1.0,0.0,1.0,0.0,0.0,1.0,14,5,9
36904,16,2,3,15,10,3,0,1,1,1,2,36,2,2,0.0,0.0,0.0,0.0,0.0,2.0,15,6,3
122317,16,11,1,17,8,3,5,1,1,1,2,18,2,2,0.0,0.0,0.0,0.0,0.0,2.0,20,3,9
146336,15,2,1,2,10,3,6,1,0,1,2,36,1,2,0.0,0.0,0.0,0.0,0.0,1.0,23,3,10
130682,15,2,3,0,8,3,0,1,0,1,2,18,3,2,0.0,0.0,0.0,0.0,0.0,3.0,16,3,9
41963,16,2,3,10,2,3,0,1,1,1,2,19,2,2,0.0,0.0,0.0,0.0,0.0,2.0,16,3,3
39263,16,2,1,7,3,3,0,1,0,1,2,28,2,2,0.0,0.0,0.0,0.0,0.0,1.0,3,1,3
127064,16,2,3,17,8,3,0,1,0,1,2,6,2,2,0.0,0.0,0.0,0.0,0.0,2.0,8,3,9
23101,16,2,1,0,8,3,6,6,0,1,2,6,3,4,1.0,0.0,0.0,0.0,1.0,6.0,19,1,2
51141,16,7,3,15,8,3,6,1,1,1,2,36,2,2,0.0,0.0,0.0,0.0,0.0,2.0,10,5,4
8074,16,2,3,17,11,3,0,1,1,1,1,36,2,2,0.0,0.0,0.0,0.0,0.0,2.0,10,1,1
63427,4,3,3,9,8,3,0,1,0,1,2,26,2,1,1.0,0.0,1.0,0.0,0.0,1.0,17,1,5
168581,4,2,3,0,8,3,0,1,0,1,1,36,2,2,0.0,0.0,0.0,0.0,0.0,2.0,6,7,11
138638,16,2,3,9,15,3,0,1,0,1,0,36,2,3,1.0,0.0,0.0,1.0,0.0,1.0,10,2,10
173135,4,7,3,17,11,3,6,1,1,1,1,36,2,2,0.0,0.0,0.0,0.0,0.0,2.0,7,7,12
25172,15,7,3,0,8,3,6,5,1,1,2,18,2,2,0.0,0.0,0.0,0.0,0.0,3.0,12,4,2
174686,16,2,3,17,6,3,0,1,1,1,2,24,2,2,0.0,0.0,0.0,0.0,0.0,2.0,13,2,12
48066,16,2,3,10,8,3,0,1,1,1,2,19,2,2,0.0,0.0,0.0,0.0,0.0,3.0,17,6,4
36402,15,7,3,0,1,3,6,3,0,1,2,18,2,3,1.0,0.0,0.0,1.0,0.0,3.0,15,4,3
49658,16,2,3,0,10,3,0,1,1,1,2,6,2,2,0.0,0.0,0.0,0.0,0.0,2.0,14,1,4
73221,16,2,1,0,6,3,0,1,0,1,2,6,2,3,2.0,0.0,0.0,2.0,0.0,1.0,2,7,6
6826,15,2,3,17,2,3,0,1,1,1,2,18,2,2,0.0,0.0,0.0,0.0,0.0,2.0,8,6,1
186686,16,2,3,0,6,3,0,1,0,1,2,6,2,4,2.0,0.0,0.0,0.0,2.0,1.0,12,6,12
158638,16,2,3,0,8,3,0,1,0,1,2,18,2,4,3.0,0.0,0.0,0.0,3.0,3.0,14,2,11
184694,4,7,3,0,3,3,6,1,1,1,1,36,2,2,0.0,0.0,0.0,0.0,0.0,5.0,14,4,12
171429,4,2,1,17,15,3,0,1,0,1,2,36,2,2,0.0,0.0,0.0,0.0,0.0,2.0,17,3,11
138694,16,2,3,17,6,3,0,1,0,1,2,37,2,3,1.0,0.0,0.0,1.0,0.0,1.0,7,4,10
172234,16,2,3,17,8,3,5,5,1,1,2,9,2,2,0.0,0.0,0.0,0.0,0.0,3.0,12,6,12
163834,16,2,1,3,6,3,6,1,0,1,2,37,3,3,1.0,0.0,0.0,1.0,0.0,3.0,22,6,11
79322,4,2,3,8,2,3,0,5,0,1,2,23,2,3,1.0,0.0,0.0,1.0,0.0,1.0,16,4,6
5330,4,2,0,17,8,3,0,1,1,1,2,24,2,2,0.0,0.0,0.0,0.0,0.0,2.0,18,5,1
120591,16,2,3,15,8,3,0,1,1,0,2,22,2,2,0.0,0.0,0.0,0.0,0.0,3.0,14,7,9
180027,4,7,1,0,3,3,6,1,0,1,2,18,2,3,3.0,0.0,0.0,3.0,0.0,1.0,18,7,12
15854,16,10,3,0,6,3,4,1,0,1,2,17,2,2,0.0,0.0,0.0,0.0,0.0,3.0,12,4,2
34115,16,2,3,17,6,3,0,1,0,1,2,18,2,2,0.0,0.0,0.0,0.0,0.0,5.0,13,1,3
181122,16,2,3,10,6,3,5,5,1,1,2,36,2,2,0.0,0.0,0.0,0.0,0.0,2.0,9,6,12
139744,15,2,1,8,6,3,0,1,0,1,0,36,2,1,1.0,0.0,1.0,0.0,0.0,2.0,19,4,10
16942,15,2,3,10,8,3,4,1,1,0,1,36,2,2,0.0,0.0,0.0,0.0,0.0,2.0,12,2,2
159731,16,2,3,15,8,3,0,1,1,1,1,36,2,2,0.0,0.0,0.0,0.0,0.0,2.0,13,4,11
101789,16,2,1,17,2,3,0,1,1,1,2,18,2,2,0.0,0.0,0.0,0.0,0.0,2.0,20,7,7
50811,16,2,2,10,8,3,0,1,1,0,2,19,3,2,0.0,0.0,0.0,0.0,0.0,3.0,18,6,4
119033,4,2,3,17,8,3,0,1,1,1,2,18,2,2,0.0,0.0,0.0,0.0,0.0,2.0,11,5,8
84246,4,2,3,17,8,3,0,1,0,1,1,38,2,2,0.0,0.0,0.0,0.0,0.0,4.0,16,1,6
73936,15,2,3,0,8,3,0,1,0,1,2,18,2,3,1.0,0.0,0.0,1.0,0.0,1.0,18,3,6
153124,16,2,3,17,6,3,0,1,0,1,2,36,2,2,0.0,0.0,0.0,0.0,0.0,2.0,10,4,10
23146,4,2,3,10,2,3,6,1,1,1,1,36,2,2,0.0,0.0,0.0,0.0,0.0,5.0,15,2,2
95608,16,2,0,8,8,3,0,1,0,1,2,1,2,1,1.0,0.0,1.0,0.0,0.0,1.0,21,2,7
126099,16,2,3,17,8,3,0,1,1,1,0,22,2,2,0.0,0.0,0.0,0.0,0.0,2.0,11,2,9
28321,15,2,0,9,10,3,0,1,0,1,0,36,2,3,1.0,0.0,0.0,1.0,0.0,1.0,18,5,3
156665,15,2,3,0,6,3,0,1,0,1,2,27,2,2,0.0,0.0,0.0,0.0,0.0,2.0,9,3,11
80063,16,2,1,10,2,3,0,1,1,1,1,36,2,2,0.0,0.0,0.0,0.0,0.0,2.0,23,1,6
140548,4,7,3,17,2,3,6,1,1,1,2,36,2,2,0.0,0.0,0.0,0.0,0.0,2.0,13,7,10
188699,16,2,1,0,11,3,6,1,1,1,1,6,2,2,0.0,0.0,0.0,0.0,0.0,2.0,21,2,12
101404,15,2,3,0,6,3,0,1,0,1,2,18,2,2,0.0,0.0,0.0,0.0,0.0,2.0,15,7,7
44649,4,2,3,10,3,3,0,1,1,0,0,19,2,2,0.0,0.0,0.0,0.0,0.0,2.0,12,7,4
41783,16,2,1,17,6,3,0,1,1,1,2,19,2,2,0.0,0.0,0.0,0.0,0.0,2.0,19,7,3
105854,16,3,3,17,8,3,0,1,0,1,2,36,2,3,2.0,0.0,0.0,2.0,0.0,1.0,8,3,8
132528,15,2,1,2,8,3,0,1,0,1,2,28,1,2,0.0,0.0,0.0,0.0,0.0,1.0,0,6,9
71566,16,2,3,17,6,3,0,1,1,1,2,24,2,2,0.0,0.0,0.0,0.0,0.0,4.0,18,3,5
145859,15,7,1,2,11,3,6,1,0,1,2,37,1,2,0.0,0.0,0.0,0.0,0.0,1.0,4,2,10
148046,16,2,3,9,2,3,0,5,0,1,2,26,2,3,1.0,0.0,0.0,1.0,0.0,1.0,16,5,10
112207,16,2,3,10,8,3,0,1,1,1,1,36,2,2,0.0,0.0,0.0,0.0,0.0,2.0,14,2,8
93697,15,7,1,0,6,3,6,1,0,1,2,36,2,3,2.0,0.0,0.0,2.0,0.0,1.0,0,1,7
166247,15,2,3,9,8,3,0,1,0,1,2,18,2,3,1.0,0.0,0.0,1.0,0.0,1.0,8,6,11
16684,4,10,3,17,8,3,4,1,0,0,2,36,2,2,0.0,0.0,0.0,0.0,0.0,3.0,8,6,2
24186,16,2,3,17,15,3,0,1,1,1,2,6,2,2,0.0,0.0,0.0,0.0,0.0,2.0,12,5,2
147497,15,2,3,0,8,3,0,1,0,1,2,5,2,2,0.0,0.0,0.0,0.0,0.0,2.0,7,4,10
66744,16,2,3,17,10,3,0,1,0,1,1,36,2,4,1.0,0.0,0.0,0.0,1.0,6.0,17,6,5
51618,4,2,0,15,6,3,0,1,0,1,2,23,2,3,3.0,0.0,0.0,3.0,0.0,0.0,21,1,4
107988,15,2,1,15,6,3,0,1,0,1,2,36,2,3,3.0,0.0,0.0,3.0,0.0,0.0,2,1,8
47450,15,2,3,8,8,3,0,1,1,1,0,36,2,2,0.0,0.0,0.0,0.0,0.0,2.0,16,4,4
14558,16,2,1,17,10,3,0,1,1,1,2,36,2,2,0.0,0.0,0.0,0.0,0.0,4.0,17,3,1
30066,16,3,3,17,8,3,0,1,1,1,1,24,2,2,0.0,0.0,0.0,0.0,0.0,2.0,11,7,3
24117,15,2,3,0,8,3,6,1,0,1,2,18,2,3,2.0,0.0,0.0,2.0,0.0,0.0,9,4,2
59074,4,2,1,3,8,3,0,0,0,1,2,11,2,3,1.0,0.0,0.0,1.0,0.0,2.0,20,2,5
5129,16,10,3,10,8,3,6,1,1,1,0,19,2,2,0.0,0.0,0.0,0.0,0.0,2.0,12,7,1
117130,15,2,3,0,8,3,0,1,1,1,2,36,2,2,0.0,0.0,0.0,0.0,0.0,2.0,11,6,8
68888,16,2,3,8,8,3,0,1,0,1,0,18,2,1,1.0,0.0,1.0,0.0,0.0,1.0,17,4,5
101066,16,2,3,8,8,3,0,1,1,1,0,36,2,2,0.0,0.0,0.0,0.0,0.0,2.0,15,3,7
41268,16,2,1,9,6,3,0,1,0,1,2,36,2,3,1.0,0.0,0.0,1.0,0.0,1.0,4,4,3
185853,16,2,1,10,2,3,0,1,1,1,1,19,2,2,0.0,0.0,0.0,0.0,0.0,2.0,22,6,12
60108,16,2,1,6,3,3,0,1,0,1,2,36,2,4,1.0,0.0,0.0,0.0,1.0,1.0,21,4,5
107116,4,7,3,17,8,3,6,1,1,1,1,12,2,2,0.0,0.0,0.0,0.0,0.0,2.0,12,1,8
24822,15,2,1,10,8,3,0,1,0,1,2,37,2,2,0.0,0.0,0.0,0.0,0.0,7.0,2,4,2
178480,16,2,0,10,1,3,0,1,0,0,2,9,2,2,0.0,0.0,0.0,0.0,0.0,3.0,18,5,12
9985,16,2,1,10,8,3,4,5,1,1,2,17,2,2,0.0,0.0,0.0,0.0,0.0,2.0,19,7,1
144429,16,7,3,10,8,3,6,1,1,1,0,36,2,2,0.0,0.0,0.0,0.0,0.0,2.0,9,4,10
88446,16,2,1,0,2,3,0,5,1,1,0,36,2,2,0.0,0.0,0.0,0.0,0.0,2.0,23,3,7
35825,16,7,1,17,2,3,6,5,0,1,2,24,2,3,1.0,0.0,0.0,1.0,0.0,1.0,5,6,3
143269,4,2,3,10,6,3,0,1,1,1,2,19,2,2,0.0,0.0,0.0,0.0,0.0,2.0,13,5,10
65717,16,3,3,17,6,3,0,1,1,1,1,35,2,2,0.0,0.0,0.0,0.0,0.0,2.0,7,2,5
147106,15,2,1,0,2,3,0,1,0,1,2,5,2,3,1.0,0.0,0.0,1.0,0.0,1.0,0,5,10
130821,16,2,3,10,8,3,0,1,1,1,2,17,2,2,0.0,0.0,0.0,0.0,0.0,6.0,16,5,9
73773,15,2,3,8,6,3,0,1,0,1,2,18,2,3,1.0,0.0,0.0,1.0,0.0,1.0,10,1,6
117497,16,11,1,9,6,3,5,5,0,1,2,36,2,1,1.0,0.0,1.0,0.0,0.0,1.0,20,5,8
172241,16,2,1,10,2,3,6,1,1,1,2,19,3,2,0.0,0.0,0.0,0.0,0.0,3.0,1,7,12
68585,16,2,3,17,8,3,0,1,0,1,2,6,2,2,0.0,0.0,0.0,0.0,0.0,3.0,19,7,5
46143,15,11,5,0,8,3,5,1,1,1,2,5,2,2,0.0,0.0,0.0,0.0,0.0,2.0,23,7,4
111777,4,11,5,7,15,3,5,5,1,1,2,36,2,2,0.0,0.0,0.0,0.0,0.0,1.0,20,2,8
167664,15,2,1,10,2,3,0,1,1,1,2,19,2,2,0.0,0.0,0.0,0.0,0.0,2.0,17,4,11
129448,16,2,0,17,6,3,0,1,1,1,2,36,2,2,0.0,0.0,0.0,0.0,0.0,2.0,20,2,9
179269,16,2,3,10,6,3,0,1,1,1,2,36,2,2,0.0,0.0,0.0,0.0,0.0,3.0,8,3,12
21733,16,2,3,10,8,3,5,5,1,1,1,19,2,2,0.0,0.0,0.0,0.0,0.0,2.0,7,6,2
153742,16,2,1,10,8,3,0,1,1,1,2,17,2,2,0.0,0.0,0.0,0.0,0.0,6.0,21,6,10
144992,15,2,3,8,10,3,0,1,0,1,1,36,2,3,1.0,0.0,0.0,1.0,0.0,1.0,17,5,10
73252,16,2,3,17,2,3,0,1,1,1,2,6,2,2,0.0,0.0,0.0,0.0,0.0,2.0,8,7,6
154582,16,7,3,10,2,3,6,1,1,1,1,19,2,2,0.0,0.0,0.0,0.0,0.0,3.0,13,4,10
138527,17,2,3,10,17,3,0,5,1,1,2,36,3,2,0.0,0.0,0.0,0.0,0.0,3.0,13,1,10
113723,16,2,3,8,6,3,0,1,0,1,0,22,2,3,1.0,0.0,0.0,1.0,0.0,1.0,17,4,8
149104,4,2,3,10,6,3,0,5,1,1,2,19,2,2,0.0,0.0,0.0,0.0,0.0,3.0,17,1,10
126396,15,7,3,10,8,3,6,1,0,1,2,36,2,2,0.0,0.0,0.0,0.0,0.0,5.0,16,1,9
138861,15,2,3,0,8,3,0,1,0,1,0,36,2,3,2.0,0.0,0.0,2.0,0.0,0.0,16,4,10
149122,15,2,3,17,6,3,0,1,1,1,1,18,2,2,0.0,0.0,0.0,0.0,0.0,2.0,10,1,10
88695,17,7,3,0,8,3,6,5,1,1,2,18,2,2,0.0,0.0,0.0,0.0,0.0,2.0,17,1,7
123694,16,2,3,17,6,3,0,1,0,1,2,39,2,2,0.0,0.0,0.0,0.0,0.0,2.0,6,4,9
188817,16,2,1,9,8,3,1,1,0,1,0,36,2,1,1.0,0.0,1.0,0.0,0.0,1.0,20,5,12