crash_date,               traffic_control_device,weather_condition,lighting_condition,first_crash_type,trafficway_type,alignment,roadway_surface_cond,road_defect,crash_type,intersection_related_i,damage,prim_contributory_cause,num_units,most_severe_injury,injuries_total,injuries_fatal,injuries_incapacitating,injuries_non_incapacitating,injuries_reported_not_evident,injuries_no_indication,crash_hour,crash_day_of_week,crash_month
154209,15,7,3,17,15,3,6,5,0,1,2,36,2,2,0.0,0.0,0.0,0.0,0.0,2.0,10,6,10
146390,16,3,3,17,2,3,5,5,1,1,2,12,2,2,0.0,0.0,0.0,0.0,0.0,2.0,12,1,10
89793,16,2,3,0,2,3,0,1,1,1,2,6,2,2,0.0,0.0,0.0,0.0,0.0,2.0,17,5,7
130225,16,2,3,9,10,3,0,1,0,1,0,21,2,3,1.0,0.0,0.0,1.0,0.0,1.0,11,3,9
109579,16,2,1,17,6,3,0,1,1,1,2,22,2,2,0.0,0.0,0.0,0.0,0.0,2.0,22,4,8
95261,4,2,3,0,8,3,0,5,1,1,1,18,2,2,0.0,0.0,0.0,0.0,0.0,2.0,17,5,7
21208,4,2,2,10,11,3,6,1,0,1,1,19,2,4,1.0,0.0,0.0,0.0,1.0,1.0,6,5,2
131575,16,2,3,10,8,3,0,1,1,1,2,30,3,2,0.0,0.0,0.0,0.0,0.0,6.0,18,2,9
164421,16,2,1,0,6,3,0,1,0,1,2,6,3,2,0.0,0.0,0.0,0.0,0.0,3.0,3,2,11
50990,16,2,4,0,8,3,0,1,1,1,2,36,2,2,0.0,0.0,0.0,0.0,0.0,2.0,19,3,4
6989,15,2,3,10,6,3,0,1,1,1,2,36,2,2,0.0,0.0,0.0,0.0,0.0,2.0,15,3,1
4136,16,2,1,15,8,3,0,1,1,1,2,23,2,2,0.0,0.0,0.0,0.0,0.0,2.0,17,7,1
5024,16,2,0,17,2,3,0,1,0,1,2,18,2,2,0.0,0.0,0.0,0.0,0.0,3.0,16,6,1
137610,16,2,3,10,2,3,0,1,0,1,1,36,2,4,2.0,0.0,0.0,0.0,2.0,1.0,15,7,10
136876,15,2,3,0,2,3,0,5,0,1,2,18,2,2,0.0,0.0,0.0,0.0,0.0,2.0,7,5,9
158289,15,2,1,9,2,3,0,1,0,1,0,36,2,4,1.0,0.0,0.0,0.0,1.0,1.0,17,5,11
66606,4,3,3,8,0,3,0,1,0,1,0,17,2,4,1.0,0.0,0.0,0.0,1.0,1.0,8,3,5
152716,17,2,0,17,0,3,0,1,1,0,2,18,3,2,0.0,0.0,0.0,0.0,0.0,3.0,3,7,10
155639,4,3,3,15,3,3,5,5,1,0,2,22,2,2,0.0,0.0,0.0,0.0,0.0,2.0,7,5,10
25722,16,2,3,15,8,3,0,1,1,1,1,23,2,2,0.0,0.0,0.0,0.0,0.0,2.0,8,4,2
138322,4,2,3,4,8,3,0,1,1,1,2,12,1,2,0.0,0.0,0.0,0.0,0.0,2.0,17,4,10
57501,16,2,1,17,8,3,0,1,0,1,2,18,2,2,0.0,0.0,0.0,0.0,0.0,3.0,1,6,5
57486,16,2,1,15,8,3,0,1,1,1,2,36,2,2,0.0,0.0,0.0,0.0,0.0,2.0,19,5,5
122060,16,2,3,0,10,3,0,5,0,1,1,18,2,4,3.0,0.0,0.0,0.0,3.0,2.0,17,1,9
74365,16,2,3,17,6,3,0,1,0,1,1,18,2,3,1.0,0.0,0.0,1.0,0.0,2.0,18,4,6
105016,15,2,4,17,6,3,0,1,1,1,1,23,2,2,0.0,0.0,0.0,0.0,0.0,2.0,20,6,8
99398,16,2,3,17,2,3,0,5,1,1,1,6,2,2,0.0,0.0,0.0,0.0,0.0,2.0,13,5,7
104747,16,7,0,0,8,3,6,1,1,1,2,36,2,2,0.0,0.0,0.0,0.0,0.0,2.0,1,1,8
33289,15,2,3,5,4,3,0,1,1,1,2,24,1,2,0.0,0.0,0.0,0.0,0.0,1.0,13,2,3
179172,15,2,3,0,16,3,0,1,0,1,2,36,2,2,0.0,0.0,0.0,0.0,0.0,3.0,11,1,12
98560,16,2,1,10,3,3,0,1,1,1,2,26,2,2,0.0,0.0,0.0,0.0,0.0,2.0,22,5,7
132155,15,2,3,17,8,3,0,5,1,1,2,36,2,2,0.0,0.0,0.0,0.0,0.0,2.0,12,2,9
60212,16,2,3,10,2,3,0,1,0,1,1,19,2,4,2.0,0.0,0.0,0.0,2.0,4.0,15,7,5
186244,16,2,1,0,8,3,0,5,1,1,2,21,2,2,0.0,0.0,0.0,0.0,0.0,2.0,17,7,12
20522,16,2,3,10,6,3,0,1,1,0,2,17,2,2,0.0,0.0,0.0,0.0,0.0,2.0,6,2,2
177992,16,7,0,10,8,3,6,1,0,1,2,17,2,4,1.0,0.0,0.0,0.0,1.0,2.0,21,6,12
30911,4,2,3,15,8,3,0,1,1,1,1,18,2,2,0.0,0.0,0.0,0.0,0.0,2.0,14,4,3
97917,16,2,3,0,2,3,0,5,0,1,2,6,2,3,1.0,0.0,0.0,1.0,0.0,1.0,5,3,7
42581,4,2,3,7,10,3,0,3,0,1,2,32,2,2,0.0,0.0,0.0,0.0,0.0,3.0,10,6,4
127886,15,2,3,9,2,3,0,1,0,1,0,18,2,3,1.0,0.0,0.0,1.0,0.0,1.0,8,6,9
185605,16,7,1,0,6,3,6,1,0,1,2,3,2,2,0.0,0.0,0.0,0.0,0.0,2.0,3,1,12
96032,16,2,3,17,3,3,0,1,1,1,0,35,2,2,0.0,0.0,0.0,0.0,0.0,3.0,17,1,7
113745,16,2,1,17,8,3,0,5,0,1,2,6,2,3,2.0,0.0,0.0,1.0,1.0,4.0,20,4,8
109860,16,2,4,0,2,3,0,1,0,1,2,6,3,3,1.0,0.0,0.0,1.0,0.0,5.0,19,7,8
115484,16,2,3,10,1,3,0,1,1,1,2,36,2,2,0.0,0.0,0.0,0.0,0.0,2.0,15,3,8
66029,4,2,3,17,6,3,0,1,0,1,2,36,2,3,2.0,0.0,0.0,2.0,0.0,1.0,18,2,5
23974,16,2,1,17,2,3,0,1,0,1,2,6,3,3,1.0,0.0,0.0,1.0,0.0,2.0,15,2,2
39751,16,7,1,17,8,3,6,1,1,1,2,22,2,2,0.0,0.0,0.0,0.0,0.0,2.0,2,1,3
128753,15,2,3,10,6,3,0,5,0,1,2,36,2,4,2.0,0.0,0.0,0.0,2.0,2.0,14,6,9
93801,16,2,3,17,6,3,0,1,0,1,2,18,2,1,4.0,0.0,3.0,1.0,0.0,1.0,8,3,7
159286,16,2,1,17,3,3,0,1,0,1,2,18,2,3,1.0,0.0,0.0,1.0,0.0,3.0,17,4,11
4416,4,11,3,15,8,3,5,5,1,1,2,36,2,2,0.0,0.0,0.0,0.0,0.0,3.0,13,4,1
146497,4,2,1,17,2,3,0,1,1,1,1,23,2,2,0.0,0.0,0.0,0.0,0.0,2.0,20,3,10
127970,16,2,1,0,1,3,0,5,0,1,2,36,2,3,2.0,0.0,0.0,1.0,1.0,0.0,22,7,9
113568,16,2,3,17,8,3,0,1,1,1,1,12,2,2,0.0,0.0,0.0,0.0,0.0,7.0,16,7,8
148124,4,2,4,17,4,3,6,1,1,1,1,36,2,2,0.0,0.0,0.0,0.0,0.0,2.0,17,6,10
160818,16,2,3,9,2,3,0,1,0,1,0,18,2,1,1.0,0.0,1.0,0.0,0.0,1.0,8,5,11
60168,15,7,3,17,2,3,6,1,0,1,2,18,2,2,0.0,0.0,0.0,0.0,0.0,2.0,7,5,5
40098,16,2,3,10,3,3,0,1,1,1,2,36,2,2,0.0,0.0,0.0,0.0,0.0,5.0,12,1,3
130378,15,2,3,9,10,3,0,1,0,1,2,18,2,3,1.0,0.0,0.0,1.0,0.0,1.0,15,7,9
3345,16,2,4,17,8,3,0,1,0,1,2,18,2,2,0.0,0.0,0.0,0.0,0.0,3.0,16,3,1
95347,4,2,3,9,8,3,0,1,0,1,2,17,2,3,1.0,0.0,0.0,1.0,0.0,1.0,7,6,7
115585,16,2,3,5,2,3,0,1,1,1,1,23,2,2,0.0,0.0,0.0,0.0,0.0,2.0,11,1,8
182565,4,2,3,17,11,3,0,1,1,1,1,18,2,2,0.0,0.0,0.0,0.0,0.0,2.0,14,4,12
83410,16,2,3,17,8,3,0,5,1,1,2,6,2,2,0.0,0.0,0.0,0.0,0.0,2.0,16,3,6
172763,16,2,3,10,8,3,0,1,1,1,1,36,2,2,0.0,0.0,0.0,0.0,0.0,2.0,15,7,12
182001,16,2,3,10,8,3,0,1,0,1,2,19,2,4,1.0,0.0,0.0,0.0,1.0,2.0,7,3,12
156917,15,2,3,0,8,3,0,1,0,1,2,5,2,2,0.0,0.0,0.0,0.0,0.0,3.0,14,6,11
6411,16,10,1,10,6,3,6,1,1,1,2,17,2,2,0.0,0.0,0.0,0.0,0.0,2.0,21,7,1
119535,16,2,3,0,6,3,0,1,0,1,2,17,3,2,0.0,0.0,0.0,0.0,0.0,3.0,14,6,8
44949,15,2,3,15,13,3,0,5,1,1,2,23,2,2,0.0,0.0,0.0,0.0,0.0,2.0,17,6,4
146039,16,7,3,17,8,3,6,1,1,1,2,18,2,2,0.0,0.0,0.0,0.0,0.0,2.0,13,6,10
121705,15,7,3,0,2,3,6,1,0,1,2,39,2,1,1.0,0.0,1.0,0.0,0.0,6.0,14,2,9
118180,15,2,3,0,6,3,0,1,0,1,2,36,2,2,0.0,0.0,0.0,0.0,0.0,4.0,15,3,8
31306,15,2,4,0,6,3,0,5,0,1,2,18,3,2,0.0,0.0,0.0,0.0,0.0,3.0,17,3,3
69582,16,2,1,17,5,3,0,1,1,1,2,24,2,2,0.0,0.0,0.0,0.0,0.0,2.0,20,7,5
91952,16,2,3,10,2,3,5,5,1,1,1,8,2,2,0.0,0.0,0.0,0.0,0.0,2.0,14,2,7
50120,15,7,3,17,6,3,6,1,0,1,2,18,2,4,3.0,0.0,0.0,0.0,3.0,1.0,7,2,4
152407,4,7,0,15,8,3,6,1,1,1,2,36,2,2,0.0,0.0,0.0,0.0,0.0,2.0,19,7,10
63307,16,2,3,10,2,3,0,1,1,1,1,19,2,2,0.0,0.0,0.0,0.0,0.0,2.0,17,6,5
176627,15,2,1,0,2,3,0,1,0,1,2,5,2,2,0.0,0.0,0.0,0.0,0.0,2.0,18,1,12
128376,15,2,3,17,2,3,0,1,1,1,1,18,2,2,0.0,0.0,0.0,0.0,0.0,2.0,18,6,9
144948,16,2,1,10,6,3,0,1,1,1,2,36,2,2,0.0,0.0,0.0,0.0,0.0,2.0,21,4,10
176818,16,2,1,0,6,3,0,1,0,1,2,6,2,2,0.0,0.0,0.0,0.0,0.0,4.0,4,5,12
125557,16,2,3,17,8,3,0,5,0,1,2,6,2,2,0.0,0.0,0.0,0.0,0.0,2.0,17,2,9
67196,16,7,1,10,6,3,6,1,0,1,0,19,2,4,1.0,0.0,0.0,0.0,1.0,1.0,3,5,5
27823,15,2,3,0,8,3,0,1,0,1,2,18,2,2,0.0,0.0,0.0,0.0,0.0,2.0,17,6,2
100393,16,2,1,17,8,3,0,1,1,1,2,24,2,2,0.0,0.0,0.0,0.0,0.0,2.0,0,5,7
176415,16,2,3,17,15,3,0,5,1,1,0,36,2,2,0.0,0.0,0.0,0.0,0.0,2.0,12,6,12
70707,4,2,3,10,17,3,0,1,1,1,2,36,2,2,0.0,0.0,0.0,0.0,0.0,2.0,15,4,5
182711,16,2,1,0,18,3,0,1,0,1,2,37,3,1,3.0,0.0,1.0,2.0,0.0,2.0,23,5,12
149212,4,2,1,10,8,3,0,1,1,1,1,19,2,2,0.0,0.0,0.0,0.0,0.0,2.0,21,7,10
95990,16,2,3,13,6,3,0,1,1,1,2,21,2,2,0.0,0.0,0.0,0.0,0.0,3.0,20,3,7
62713,15,2,3,17,6,3,0,1,1,1,2,18,2,2,0.0,0.0,0.0,0.0,0.0,2.0,16,3,5
62050,17,2,2,15,8,3,5,5,1,1,2,22,2,2,0.0,0.0,0.0,0.0,0.0,2.0,11,1,5
174138,16,2,3,10,2,3,0,1,0,1,2,19,2,4,2.0,0.0,0.0,0.0,2.0,1.0,10,1,12
147831,16,2,3,10,6,3,0,1,1,1,2,19,2,2,0.0,0.0,0.0,0.0,0.0,3.0,9,3,10
124727,4,2,3,8,0,3,0,1,0,1,0,36,2,3,1.0,0.0,0.0,1.0,0.0,1.0,15,5,9
185672,16,2,3,10,6,3,0,5,1,0,2,26,3,2,0.0,0.0,0.0,0.0,0.0,6.0,9,3,12
139849,16,2,3,17,2,3,0,1,0,1,2,17,2,4,2.0,0.0,0.0,0.0,2.0,3.0,11,6,10
177611,15,2,3,0,6,3,0,1,1,1,2,18,2,2,0.0,0.0,0.0,0.0,0.0,2.0,14,3,12
162520,4,2,3,17,3,3,0,5,1,1,2,24,2,2,0.0,0.0,0.0,0.0,0.0,4.0,11,2,11
46927,15,2,3,0,6,3,0,1,0,1,2,5,2,3,1.0,0.0,0.0,1.0,0.0,1.0,12,1,4
106010,16,2,3,10,6,3,0,1,1,1,2,19,2,2,0.0,0.0,0.0,0.0,0.0,2.0,14,6,8
100557,16,2,3,15,8,3,0,5,1,1,2,18,2,2,0.0,0.0,0.0,0.0,0.0,2.0,15,2,7
94497,4,2,3,10,8,3,0,1,1,1,2,19,2,2,0.0,0.0,0.0,0.0,0.0,2.0,10,7,7
160379,16,2,1,17,8,3,0,1,0,1,2,18,2,3,1.0,0.0,0.0,1.0,0.0,1.0,18,6,11
55955,17,2,3,10,17,3,0,5,1,1,2,36,2,2,0.0,0.0,0.0,0.0,0.0,2.0,15,3,4
21161,16,2,3,0,2,3,0,1,0,1,2,6,2,3,3.0,0.0,0.0,3.0,0.0,0.0,9,4,2
79203,15,2,0,0,8,3,2,1,0,1,2,5,3,4,2.0,0.0,0.0,0.0,2.0,0.0,21,4,6
187648,16,2,1,9,2,3,0,1,0,1,0,23,2,3,1.0,0.0,0.0,1.0,0.0,2.0,20,7,12
51788,16,2,3,15,3,3,0,1,1,1,2,22,2,2,0.0,0.0,0.0,0.0,0.0,2.0,12,2,4
77759,15,7,3,7,6,3,6,1,1,1,2,12,2,2,0.0,0.0,0.0,0.0,0.0,1.0,18,4,6
62149,15,3,3,0,2,3,6,1,0,1,2,5,2,3,3.0,0.0,0.0,3.0,0.0,1.0,7,1,5
180588,15,2,3,17,15,3,0,1,1,1,2,38,2,2,0.0,0.0,0.0,0.0,0.0,3.0,7,6,12
100435,16,2,3,15,8,3,0,1,1,0,1,22,2,2,0.0,0.0,0.0,0.0,0.0,2.0,18,7,7
120818,16,2,3,17,2,3,0,1,0,1,2,36,2,2,0.0,0.0,0.0,0.0,0.0,2.0,8,4,9
90872,15,2,3,17,10,3,0,1,1,1,0,24,2,2,0.0,0.0,0.0,0.0,0.0,2.0,12,7,7
75347,15,2,1,17,6,3,0,1,1,1,2,5,2,2,0.0,0.0,0.0,0.0,0.0,3.0,1,4,6
80362,16,2,3,0,6,3,0,1,0,1,2,36,2,1,2.0,0.0,2.0,0.0,0.0,1.0,19,1,6
125212,16,2,3,0,6,3,0,1,0,1,2,38,2,2,0.0,0.0,0.0,0.0,0.0,4.0,7,5,9
45294,15,7,3,0,8,3,6,1,1,1,2,18,2,2,0.0,0.0,0.0,0.0,0.0,3.0,13,1,4
36494,16,3,3,10,8,3,6,1,1,1,2,36,2,2,0.0,0.0,0.0,0.0,0.0,2.0,12,5,3
129367,16,2,3,17,6,3,0,5,1,1,2,6,2,2,0.0,0.0,0.0,0.0,0.0,3.0,16,7,9
6034,16,2,3,17,8,3,0,1,1,1,2,24,2,2,0.0,0.0,0.0,0.0,0.0,2.0,15,7,1
77159,16,7,1,0,2,3,6,1,0,1,2,3,2,1,3.0,0.0,1.0,2.0,0.0,0.0,4,2,6
13416,4,10,3,7,8,3,4,1,1,1,2,36,2,2,0.0,0.0,0.0,0.0,0.0,1.0,15,2,1
98396,16,2,3,17,6,3,5,5,0,1,2,18,2,2,0.0,0.0,0.0,0.0,0.0,3.0,17,3,7
177860,16,2,3,17,8,3,0,1,0,1,2,26,2,2,0.0,0.0,0.0,0.0,0.0,3.0,14,4,12
128496,16,7,1,10,8,3,6,1,1,1,2,19,2,2,0.0,0.0,0.0,0.0,0.0,2.0,1,1,9
98224,16,7,1,10,8,3,6,1,1,1,1,39,2,2,0.0,0.0,0.0,0.0,0.0,2.0,23,6,7
87591,16,2,3,10,8,3,0,1,1,1,0,19,2,2,0.0,0.0,0.0,0.0,0.0,4.0,14,5,6
24240,15,2,3,0,8,3,6,1,0,1,2,36,2,2,0.0,0.0,0.0,0.0,0.0,2.0,10,7,2
110444,15,2,3,17,2,3,0,5,1,1,2,36,2,2,0.0,0.0,0.0,0.0,0.0,4.0,18,2,8
186089,16,2,1,17,10,3,5,1,1,1,2,24,2,2,0.0,0.0,0.0,0.0,0.0,2.0,18,3,12
165819,8,2,1,14,8,3,0,1,0,0,2,37,2,3,1.0,0.0,0.0,1.0,0.0,1.0,0,7,11
20196,4,10,3,15,8,3,6,3,1,0,0,23,2,2,0.0,0.0,0.0,0.0,0.0,2.0,9,2,2
158184,16,3,3,17,10,3,0,1,1,1,2,24,2,2,0.0,0.0,0.0,0.0,0.0,2.0,10,2,11
132909,16,2,1,15,6,3,0,1,1,1,2,28,2,2,0.0,0.0,0.0,0.0,0.0,2.0,22,6,9
116640,15,2,0,8,6,3,0,1,0,1,2,5,2,3,1.0,0.0,0.0,1.0,0.0,1.0,20,7,8
91990,4,2,3,15,2,3,0,1,1,1,1,23,2,2,0.0,0.0,0.0,0.0,0.0,2.0,7,2,7
101688,4,2,3,17,2,3,0,1,0,1,2,28,2,4,1.0,0.0,0.0,0.0,1.0,3.0,15,5,7
179944,15,2,3,0,6,3,0,1,1,1,2,18,2,2,0.0,0.0,0.0,0.0,0.0,2.0,15,5,12
116238,16,2,2,10,8,3,0,1,0,1,0,19,2,4,1.0,0.0,0.0,0.0,1.0,1.0,6,6,8
79128,4,2,3,17,2,3,0,1,0,1,2,18,2,2,0.0,0.0,0.0,0.0,0.0,2.0,8,3,6
50312,16,10,5,0,8,3,4,1,0,1,2,17,2,2,0.0,0.0,0.0,0.0,0.0,2.0,1,5,4
102303,15,2,3,0,6,3,0,1,0,1,1,18,2,2,0.0,0.0,0.0,0.0,0.0,2.0,18,1,7
170883,16,2,1,0,6,3,0,1,0,1,2,6,2,3,4.0,0.0,0.0,4.0,0.0,0.0,0,7,11
11238,4,2,1,7,8,3,0,1,0,0,2,30,3,2,0.0,0.0,0.0,0.0,0.0,1.0,5,7,1
47460,16,2,3,15,8,3,0,1,1,1,2,18,2,2,0.0,0.0,0.0,0.0,0.0,2.0,17,4,4
91457,16,2,1,17,8,3,0,1,1,1,2,24,2,2,0.0,0.0,0.0,0.0,0.0,2.0,22,7,7
160785,16,2,3,10,6,3,0,1,1,1,2,19,2,2,0.0,0.0,0.0,0.0,0.0,4.0,12,7,11
4084,16,2,3,17,6,3,0,1,1,1,2,17,2,2,0.0,0.0,0.0,0.0,0.0,3.0,9,5,1
107312,15,2,3,17,8,3,0,1,0,1,2,21,2,4,1.0,0.0,0.0,0.0,1.0,1.0,12,3,8
89625,16,2,3,17,6,5,0,1,1,1,2,28,2,2,0.0,0.0,0.0,0.0,0.0,2.0,5,1,7
102772,15,2,3,0,6,3,0,1,1,1,2,18,2,2,0.0,0.0,0.0,0.0,0.0,2.0,16,7,7
155720,15,7,3,10,8,3,6,1,1,1,2,39,2,2,0.0,0.0,0.0,0.0,0.0,3.0,16,4,11
82226,15,2,3,9,6,3,0,1,0,1,0,18,2,3,1.0,0.0,0.0,1.0,0.0,1.0,11,5,6
87359,16,2,0,15,8,3,0,1,1,1,0,36,2,2,0.0,0.0,0.0,0.0,0.0,2.0,23,7,6
156706,15,2,0,17,18,3,0,5,1,1,2,36,2,2,0.0,0.0,0.0,0.0,0.0,2.0,5,4,11
119173,16,2,3,8,2,3,0,1,1,1,2,19,2,2,0.0,0.0,0.0,0.0,0.0,2.0,10,1,8
115824,16,3,3,17,6,3,0,1,0,1,2,6,2,4,1.0,0.0,0.0,0.0,1.0,3.0,17,1,8
178088,16,2,1,2,2,3,0,1,0,1,2,13,2,2,0.0,0.0,0.0,0.0,0.0,3.0,2,1,12
161461,15,2,1,17,8,3,0,1,0,1,2,18,2,2,0.0,0.0,0.0,0.0,0.0,2.0,22,1,11
29238,4,2,3,14,8,3,0,1,1,1,2,36,2,2,0.0,0.0,0.0,0.0,0.0,3.0,12,7,3
126560,15,2,3,0,15,3,0,1,0,1,1,17,3,2,0.0,0.0,0.0,0.0,0.0,3.0,7,4,9
136239,4,2,3,8,2,3,0,1,0,0,2,18,2,3,1.0,0.0,0.0,1.0,0.0,1.0,17,3,9
148435,16,2,1,0,6,3,0,1,0,1,2,6,2,3,2.0,0.0,0.0,1.0,1.0,4.0,23,4,10
140739,16,2,4,10,6,3,0,1,0,1,2,19,3,3,1.0,0.0,0.0,1.0,0.0,2.0,17,4,10
59524,15,2,3,0,11,3,0,1,0,1,2,18,2,3,1.0,0.0,0.0,1.0,0.0,1.0,8,2,5
61350,15,2,3,8,18,3,0,1,0,1,2,18,2,3,1.0,0.0,0.0,1.0,0.0,1.0,16,4,5
65440,16,2,1,9,6,3,0,1,0,1,2,18,2,3,1.0,0.0,0.0,1.0,0.0,1.0,1,6,5
172698,16,11,5,10,6,3,5,5,1,1,2,36,2,2,0.0,0.0,0.0,0.0,0.0,3.0,19,1,12
154649,16,7,1,9,8,2,6,1,0,1,0,18,2,1,1.0,0.0,1.0,0.0,0.0,1.0,19,4,10
151644,16,2,3,15,8,3,0,1,1,1,2,22,2,2,0.0,0.0,0.0,0.0,0.0,3.0,17,5,10
104379,15,2,3,8,6,3,0,1,0,1,0,36,2,3,1.0,0.0,0.0,1.0,0.0,1.0,12,2,8
93125,16,2,1,8,2,3,0,1,0,1,2,24,2,3,1.0,0.0,0.0,1.0,0.0,1.0,23,5,7
73956,4,2,3,15,1,3,0,1,1,1,2,22,2,2,0.0,0.0,0.0,0.0,0.0,2.0,8,3,6
64097,4,2,3,17,8,3,0,1,0,1,2,18,2,2,0.0,0.0,0.0,0.0,0.0,2.0,14,4,5
40459,16,2,1,10,8,3,0,1,0,1,2,36,2,4,1.0,0.0,0.0,0.0,1.0,1.0,0,1,3
61955,16,2,3,15,8,3,0,1,1,1,2,23,2,2,0.0,0.0,0.0,0.0,0.0,2.0,6,6,5
92578,15,2,3,0,15,3,0,1,0,1,2,5,2,3,1.0,0.0,0.0,1.0,0.0,2.0,10,4,7
92180,16,2,3,15,6,3,0,1,1,1,2,23,2,2,0.0,0.0,0.0,0.0,0.0,4.0,17,6,7
1708,16,2,1,2,8,3,0,1,0,1,2,36,1,3,1.0,0.0,0.0,1.0,0.0,1.0,20,2,1
81175,16,2,3,10,6,3,0,1,0,1,1,8,2,3,1.0,0.0,0.0,1.0,0.0,1.0,14,6,6
164958,15,2,3,10,2,3,0,1,0,1,1,19,2,4,1.0,0.0,0.0,0.0,1.0,1.0,6,1,11
129437,15,2,3,0,6,3,0,1,1,1,2,18,2,2,0.0,0.0,0.0,0.0,0.0,2.0,18,2,9
47495,16,2,5,10,6,3,5,5,1,1,2,36,2,2,0.0,0.0,0.0,0.0,0.0,2.0,10,4,4
57337,16,2,3,17,6,3,0,1,1,1,2,23,2,2,0.0,0.0,0.0,0.0,0.0,2.0,14,4,5
180947,16,11,1,0,15,3,5,5,0,1,2,26,2,2,0.0,0.0,0.0,0.0,0.0,2.0,22,2,12
166319,4,3,3,17,2,3,0,1,1,1,2,18,2,2,0.0,0.0,0.0,0.0,0.0,2.0,9,7,11
73458,16,2,3,17,6,3,5,5,1,1,2,36,2,2,0.0,0.0,0.0,0.0,0.0,3.0,15,3,6
122994,16,2,1,17,6,3,0,1,1,1,1,24,2,2,0.0,0.0,0.0,0.0,0.0,2.0,3,7,9
64820,15,7,3,0,6,3,6,5,0,1,2,36,2,2,0.0,0.0,0.0,0.0,0.0,3.0,17,3,5
24122,16,10,3,17,2,3,4,5,1,1,1,23,2,2,0.0,0.0,0.0,0.0,0.0,2.0,10,4,2
176935,4,7,3,0,8,3,6,1,1,1,2,36,2,2,0.0,0.0,0.0,0.0,0.0,2.0,8,6,12
15216,4,10,3,10,8,3,0,1,1,1,2,19,2,2,0.0,0.0,0.0,0.0,0.0,2.0,8,6,2
19408,16,2,0,10,8,3,0,1,1,1,1,19,2,2,0.0,0.0,0.0,0.0,0.0,2.0,23,2,2
61382,4,2,3,14,15,3,0,1,1,1,2,18,3,2,0.0,0.0,0.0,0.0,0.0,2.0,10,4,5
43200,16,7,3,17,8,3,6,1,1,1,2,18,2,2,0.0,0.0,0.0,0.0,0.0,3.0,15,3,4
173286,16,2,0,2,11,3,0,1,0,1,2,17,1,2,0.0,0.0,0.0,0.0,0.0,3.0,18,1,12
43417,15,2,1,2,2,3,0,1,0,1,2,36,1,2,0.0,0.0,0.0,0.0,0.0,4.0,22,7,4
4617,15,2,3,0,15,3,0,1,1,1,2,18,2,2,0.0,0.0,0.0,0.0,0.0,2.0,12,6,1
33205,16,2,1,17,6,3,0,1,0,1,2,22,3,2,0.0,0.0,0.0,0.0,0.0,4.0,21,6,3
157201,16,11,3,17,6,3,5,5,1,1,2,24,2,2,0.0,0.0,0.0,0.0,0.0,3.0,13,5,11
135895,16,3,3,10,8,3,0,1,0,1,2,19,2,4,1.0,0.0,0.0,0.0,1.0,1.0,9,4,9
41800,16,2,3,17,8,3,0,1,1,1,2,18,2,2,0.0,0.0,0.0,0.0,0.0,3.0,10,7,3
141555,16,2,3,17,6,3,0,5,1,1,2,22,2,2,0.0,0.0,0.0,0.0,0.0,2.0,12,7,10
114039,16,2,1,17,8,3,0,1,1,1,2,6,2,2,0.0,0.0,0.0,0.0,0.0,2.0,23,7,8
14736,16,2,3,17,8,3,0,1,0,1,2,6,2,3,2.0,0.0,0.0,2.0,0.0,1.0,8,5,1
120359,15,2,3,17,6,3,0,5,0,1,2,18,2,2,0.0,0.0,0.0,0.0,0.0,2.0,16,5,8
150684,16,2,3,17,8,3,5,5,1,1,1,23,2,2,0.0,0.0,0.0,0.0,0.0,3.0,16,7,10
17502,16,10,3,17,6,3,4,1,0,1,2,18,3,2,0.0,0.0,0.0,0.0,0.0,4.0,7,5,2
153890,16,2,3,0,10,3,0,1,0,1,2,13,2,3,1.0,0.0,0.0,1.0,0.0,4.0,14,7,10
128818,16,2,3,15,15,3,0,1,1,1,2,36,2,2,0.0,0.0,0.0,0.0,0.0,2.0,10,6,9
59877,4,11,5,10,15,3,5,5,1,1,0,36,2,2,0.0,0.0,0.0,0.0,0.0,3.0,17,2,5
133670,16,2,3,10,3,3,0,1,1,1,0,19,2,2,0.0,0.0,0.0,0.0,0.0,2.0,17,2,9
19230,16,2,1,10,8,3,0,3,0,1,0,36,2,4,1.0,0.0,0.0,0.0,1.0,2.0,17,4,2
127704,15,2,4,10,6,3,0,1,0,1,2,19,2,3,1.0,0.0,0.0,1.0,0.0,1.0,19,6,9
114328,16,2,1,14,0,3,0,1,1,1,1,18,2,2,0.0,0.0,0.0,0.0,0.0,2.0,20,6,8
144949,16,2,1,10,1,3,0,1,1,1,0,17,3,2,0.0,0.0,0.0,0.0,0.0,4.0,21,4,10
43522,16,7,3,15,8,3,6,5,1,1,1,36,2,2,0.0,0.0,0.0,0.0,0.0,2.0,9,2,4
154435,15,2,1,0,2,3,0,5,1,1,2,26,2,2,0.0,0.0,0.0,0.0,0.0,3.0,18,6,10
136183,11,2,1,17,2,3,0,5,1,1,2,18,2,2,0.0,0.0,0.0,0.0,0.0,4.0,19,2,9
31612,15,2,3,0,8,3,0,1,1,1,2,5,2,2,0.0,0.0,0.0,0.0,0.0,3.0,17,1,3
16901,4,10,0,9,8,3,4,1,0,1,0,18,2,3,1.0,0.0,0.0,1.0,0.0,1.0,18,2,2
76130,4,7,3,0,8,3,6,1,0,1,2,39,2,4,1.0,0.0,0.0,0.0,1.0,2.0,9,7,6