crash_date,               traffic_control_device,weather_condition,lighting_condition,first_crash_type,trafficway_type,alignment,roadway_surface_cond,road_defect,crash_type,intersection_related_i,damage,prim_contributory_cause,num_units,most_severe_injury,injuries_total,injuries_fatal,injuries_incapacitating,injuries_non_incapacitating,injuries_reported_not_evident,injuries_no_indication,crash_hour,crash_day_of_week,crash_month
156332,16,7,3,8,8,3,6,1,0,1,0,38,2,3,1.0,0.0,0.0,1.0,0.0,2.0,15,5,11
47748,16,2,3,10,8,3,0,1,1,1,2,19,2,2,0.0,0.0,0.0,0.0,0.0,2.0,12,7,4
31640,16,2,3,17,6,3,0,1,1,1,1,18,2,2,0.0,0.0,0.0,0.0,0.0,2.0,12,1,3
87300,4,2,3,15,2,3,0,1,1,1,2,12,2,2,0.0,0.0,0.0,0.0,0.0,5.0,15,7,6
137646,16,2,3,17,3,3,0,1,1,1,1,24,2,2,0.0,0.0,0.0,0.0,0.0,4.0,17,1,10
36992,16,7,3,10,8,3,6,5,1,0,2,19,2,2,0.0,0.0,0.0,0.0,0.0,2.0,18,7,3
83780,15,2,3,2,8,3,0,1,0,1,0,9,2,2,0.0,0.0,0.0,0.0,0.0,2.0,12,7,6
29426,16,2,3,15,8,3,0,1,1,1,2,36,2,2,0.0,0.0,0.0,0.0,0.0,2.0,16,5,3
139088,16,2,3,17,8,3,0,1,1,1,2,18,2,2,0.0,0.0,0.0,0.0,0.0,4.0,15,1,10
22595,16,2,1,0,8,0,0,1,0,1,2,17,2,3,1.0,0.0,0.0,1.0,0.0,3.0,4,7,2
84850,15,2,1,2,6,3,0,1,1,1,1,28,2,2,0.0,0.0,0.0,0.0,0.0,2.0,0,3,6
50587,15,2,3,17,15,3,0,1,1,1,2,28,2,2,0.0,0.0,0.0,0.0,0.0,6.0,13,4,4
116030,16,2,3,8,6,3,0,1,0,1,0,38,2,3,1.0,0.0,0.0,1.0,0.0,1.0,8,4,8
78588,16,7,3,17,6,3,6,1,1,1,2,18,2,2,0.0,0.0,0.0,0.0,0.0,2.0,14,3,6
30288,16,2,3,17,11,3,0,5,1,1,1,36,2,2,0.0,0.0,0.0,0.0,0.0,2.0,7,6,3
34885,15,2,3,0,8,3,0,1,0,1,2,18,2,2,0.0,0.0,0.0,0.0,0.0,2.0,17,5,3
95141,16,2,4,17,8,3,0,1,0,1,1,19,2,3,1.0,0.0,0.0,1.0,0.0,2.0,20,2,7
134851,16,2,3,15,8,3,0,1,1,1,1,22,2,2,0.0,0.0,0.0,0.0,0.0,3.0,11,3,9
776,16,7,3,17,6,3,6,1,1,1,1,39,3,2,0.0,0.0,0.0,0.0,0.0,3.0,9,7,1
103442,15,2,2,9,11,3,0,5,0,1,0,5,3,3,2.0,0.0,0.0,2.0,0.0,1.0,18,2,7
67769,16,2,3,0,3,3,6,1,1,1,2,18,2,2,0.0,0.0,0.0,0.0,0.0,2.0,9,6,5
33603,16,2,1,17,2,3,0,1,1,1,2,18,2,2,0.0,0.0,0.0,0.0,0.0,5.0,21,6,3
42483,16,2,1,15,2,3,0,1,1,0,2,36,2,2,0.0,0.0,0.0,0.0,0.0,2.0,5,5,4
93230,16,7,3,17,6,3,6,1,1,1,2,24,3,2,0.0,0.0,0.0,0.0,0.0,6.0,17,1,7
62838,16,2,3,17,8,3,0,1,1,1,2,22,2,2,0.0,0.0,0.0,0.0,0.0,2.0,15,6,5
131308,16,2,1,2,8,3,0,1,1,1,2,36,1,2,0.0,0.0,0.0,0.0,0.0,1.0,20,4,9
104392,15,2,3,10,8,3,0,1,1,1,2,18,2,2,0.0,0.0,0.0,0.0,0.0,2.0,14,3,8
23241,16,2,3,17,6,3,0,1,1,1,1,7,2,2,0.0,0.0,0.0,0.0,0.0,3.0,12,3,2
155215,15,2,1,0,8,3,0,1,0,1,2,18,2,2,0.0,0.0,0.0,0.0,0.0,2.0,18,4,10
154190,4,11,5,17,1,3,5,5,1,0,2,36,2,2,0.0,0.0,0.0,0.0,0.0,2.0,8,6,10
161171,16,2,0,17,8,3,0,1,1,1,2,18,2,2,0.0,0.0,0.0,0.0,0.0,2.0,17,5,11
21808,16,2,3,0,6,3,0,1,0,1,2,6,2,3,2.0,0.0,0.0,1.0,1.0,0.0,7,7,2
158994,16,2,3,10,8,3,0,1,1,1,2,19,2,2,0.0,0.0,0.0,0.0,0.0,2.0,15,1,11
52799,16,2,3,17,8,3,0,1,0,1,2,18,2,1,1.0,0.0,1.0,0.0,0.0,1.0,15,1,4
95317,16,7,3,17,6,4,6,1,0,1,2,36,2,3,1.0,0.0,0.0,1.0,0.0,1.0,15,6,7
152199,16,7,3,10,2,3,6,1,0,1,2,19,2,3,2.0,0.0,0.0,2.0,0.0,0.0,12,4,10
149577,17,11,5,15,2,3,5,5,1,1,2,36,2,2,0.0,0.0,0.0,0.0,0.0,2.0,13,7,10
94619,17,2,1,0,8,3,0,5,0,1,2,18,2,2,0.0,0.0,0.0,0.0,0.0,2.0,22,7,7
52638,4,2,5,7,10,3,0,1,1,1,1,23,2,2,0.0,0.0,0.0,0.0,0.0,1.0,15,4,4
35168,16,2,3,15,8,3,0,1,1,1,1,23,2,2,0.0,0.0,0.0,0.0,0.0,2.0,13,4,3
76424,16,2,3,10,6,3,0,1,1,1,2,19,2,2,0.0,0.0,0.0,0.0,0.0,2.0,20,6,6
37603,15,2,3,0,8,3,0,1,1,1,2,18,2,2,0.0,0.0,0.0,0.0,0.0,2.0,8,3,3
127440,16,2,3,17,8,3,0,1,1,1,2,26,2,2,0.0,0.0,0.0,0.0,0.0,2.0,15,1,9
174971,15,2,1,0,2,3,0,1,1,1,1,18,2,2,0.0,0.0,0.0,0.0,0.0,4.0,20,4,12
45333,16,2,0,17,8,3,0,1,1,1,2,24,2,2,0.0,0.0,0.0,0.0,0.0,3.0,22,1,4
158266,16,2,3,2,3,3,0,1,0,1,1,12,1,2,0.0,0.0,0.0,0.0,0.0,2.0,12,3,11
80263,16,2,1,17,6,3,0,1,0,1,2,24,2,2,0.0,0.0,0.0,0.0,0.0,3.0,2,6,6
104549,15,2,3,0,2,3,0,1,1,1,2,18,2,2,0.0,0.0,0.0,0.0,0.0,3.0,17,4,8
160386,16,2,1,10,8,3,0,1,1,1,1,19,2,2,0.0,0.0,0.0,0.0,0.0,2.0,19,6,11
141143,16,7,1,17,2,3,6,1,0,1,2,18,2,3,2.0,0.0,0.0,2.0,0.0,2.0,4,1,10
79829,4,2,3,15,8,3,0,1,1,1,2,23,2,2,0.0,0.0,0.0,0.0,0.0,2.0,17,7,6
172562,17,11,3,10,8,3,5,5,1,0,0,36,2,2,0.0,0.0,0.0,0.0,0.0,2.0,11,5,12
174993,16,2,3,10,8,3,0,1,0,1,2,8,2,2,0.0,0.0,0.0,0.0,0.0,2.0,13,5,12
133371,15,2,3,0,6,3,6,1,1,1,2,5,2,2,0.0,0.0,0.0,0.0,0.0,2.0,12,5,9
1926,16,2,1,17,8,3,0,5,0,1,2,24,2,2,0.0,0.0,0.0,0.0,0.0,2.0,23,7,1
26518,16,2,1,0,8,3,6,1,1,1,2,6,2,2,0.0,0.0,0.0,0.0,0.0,2.0,22,6,2
26255,15,2,3,0,8,3,0,1,1,1,1,5,2,2,0.0,0.0,0.0,0.0,0.0,3.0,11,1,2
14893,16,2,3,10,2,3,0,1,1,1,2,36,3,2,0.0,0.0,0.0,0.0,0.0,4.0,14,2,1
105646,16,2,1,17,8,3,0,1,1,1,0,36,2,2,0.0,0.0,0.0,0.0,0.0,2.0,21,6,8
31231,16,2,1,17,19,3,0,5,0,1,1,36,2,2,0.0,0.0,0.0,0.0,0.0,2.0,22,1,3
147026,15,2,1,0,8,3,0,1,1,1,2,5,3,2,0.0,0.0,0.0,0.0,0.0,6.0,19,4,10
25175,4,2,1,2,15,3,0,1,0,1,2,36,1,2,0.0,0.0,0.0,0.0,0.0,1.0,1,5,2
161963,16,2,0,17,1,3,0,1,0,1,2,18,2,2,0.0,0.0,0.0,0.0,0.0,2.0,22,2,11
158954,16,2,4,15,6,3,0,1,0,1,2,23,2,3,1.0,0.0,0.0,1.0,0.0,1.0,19,7,11
57460,16,2,3,17,8,3,0,1,1,1,2,36,2,2,0.0,0.0,0.0,0.0,0.0,2.0,14,4,5
39241,16,7,1,17,3,3,0,1,0,1,2,36,3,3,1.0,0.0,0.0,1.0,0.0,4.0,23,6,3
148390,16,2,3,17,8,3,0,1,1,1,0,36,2,2,0.0,0.0,0.0,0.0,0.0,3.0,15,4,10
153082,16,11,1,15,6,3,5,5,1,1,2,36,2,2,0.0,0.0,0.0,0.0,0.0,2.0,17,4,10
186147,4,2,3,2,11,3,0,1,0,0,1,12,1,2,0.0,0.0,0.0,0.0,0.0,1.0,9,4,12
28548,15,2,4,17,2,3,0,1,1,1,2,36,2,2,0.0,0.0,0.0,0.0,0.0,2.0,17,3,3
91153,15,2,3,0,10,3,0,1,0,1,1,36,2,2,0.0,0.0,0.0,0.0,0.0,4.0,12,3,7
111189,15,2,3,0,6,3,0,1,0,1,2,5,3,3,3.0,0.0,0.0,3.0,0.0,0.0,8,7,8
21302,15,2,1,0,6,3,5,5,0,1,2,18,2,3,1.0,0.0,0.0,1.0,0.0,1.0,18,6,2
142437,15,2,3,0,8,3,0,1,0,1,2,5,2,3,1.0,0.0,0.0,1.0,0.0,1.0,15,6,10
96576,16,2,3,15,8,3,0,5,1,1,2,18,2,2,0.0,0.0,0.0,0.0,0.0,2.0,12,4,7
11449,16,2,3,10,8,3,0,1,1,1,2,36,2,2,0.0,0.0,0.0,0.0,0.0,2.0,14,3,1
119132,16,2,3,17,16,3,0,5,0,1,2,18,3,3,1.0,0.0,0.0,1.0,0.0,3.0,14,1,8
20540,16,2,3,9,6,3,0,1,0,1,1,3,2,1,1.0,0.0,1.0,0.0,0.0,1.0,11,2,2
135930,16,2,2,0,8,3,0,1,1,1,2,36,3,2,0.0,0.0,0.0,0.0,0.0,3.0,19,5,9
49271,16,2,1,0,6,3,0,1,0,1,2,6,2,2,0.0,0.0,0.0,0.0,0.0,6.0,22,7,4
171433,15,3,1,10,2,3,0,1,1,1,2,19,2,2,0.0,0.0,0.0,0.0,0.0,2.0,18,3,11
130579,15,2,3,0,6,3,0,1,1,1,2,18,2,2,0.0,0.0,0.0,0.0,0.0,4.0,15,4,9
84013,16,2,3,17,18,3,0,1,0,1,2,36,2,4,3.0,0.0,0.0,0.0,3.0,2.0,17,5,6
131626,17,7,0,17,8,3,6,1,0,1,1,18,2,4,6.0,0.0,0.0,0.0,6.0,1.0,18,3,9
14028,6,3,3,17,6,3,0,1,0,1,2,36,2,2,0.0,0.0,0.0,0.0,0.0,2.0,16,7,1
186184,16,2,4,10,8,3,0,1,0,1,1,8,2,3,1.0,0.0,0.0,1.0,0.0,3.0,17,5,12
128647,15,2,4,15,10,3,0,5,1,1,2,23,2,2,0.0,0.0,0.0,0.0,0.0,2.0,19,4,9
139753,15,2,3,17,15,3,0,5,1,1,2,18,2,2,0.0,0.0,0.0,0.0,0.0,3.0,8,4,10
28476,16,2,0,0,6,3,0,1,0,1,2,6,2,2,0.0,0.0,0.0,0.0,0.0,2.0,0,1,3
153537,16,7,1,10,10,3,6,1,1,1,2,36,2,2,0.0,0.0,0.0,0.0,0.0,2.0,19,2,10
57685,16,2,3,10,6,3,0,1,1,1,0,17,2,2,0.0,0.0,0.0,0.0,0.0,2.0,12,2,5
146822,4,2,3,0,8,3,0,1,0,1,2,6,3,4,1.0,0.0,0.0,0.0,1.0,2.0,16,4,10
175524,15,2,3,17,2,3,0,1,0,1,2,18,2,2,0.0,0.0,0.0,0.0,0.0,3.0,13,6,12
33934,16,2,3,17,8,3,0,1,0,1,2,23,2,4,1.0,0.0,0.0,0.0,1.0,1.0,14,4,3
143615,4,7,3,17,15,3,6,5,1,1,2,18,2,2,0.0,0.0,0.0,0.0,0.0,2.0,9,6,10
117653,15,2,3,17,15,3,0,1,0,1,2,22,3,3,2.0,0.0,0.0,2.0,0.0,0.0,15,2,8
55949,16,2,3,15,8,3,0,1,1,1,1,36,2,2,0.0,0.0,0.0,0.0,0.0,2.0,13,3,4
30337,15,2,3,0,17,3,0,1,1,1,2,18,2,2,0.0,0.0,0.0,0.0,0.0,2.0,17,7,3
28870,15,2,3,0,6,3,0,1,0,1,2,18,2,4,1.0,0.0,0.0,0.0,1.0,3.0,15,2,3
100811,9,2,2,2,2,4,6,2,0,1,2,9,1,1,1.0,0.0,1.0,0.0,0.0,0.0,5,5,7
52491,16,2,4,9,6,3,0,1,0,1,0,18,2,3,1.0,0.0,0.0,1.0,0.0,2.0,18,3,4
186994,15,7,3,0,8,4,6,5,0,1,2,18,2,2,0.0,0.0,0.0,0.0,0.0,2.0,11,6,12
108294,16,2,3,10,8,3,0,5,1,1,2,17,2,2,0.0,0.0,0.0,0.0,0.0,2.0,17,5,8
107034,17,11,5,17,8,3,5,5,1,1,1,36,2,2,0.0,0.0,0.0,0.0,0.0,2.0,10,7,8
72155,16,2,3,15,2,3,0,1,1,1,2,23,2,2,0.0,0.0,0.0,0.0,0.0,6.0,15,5,6
4623,16,2,3,10,6,3,0,1,1,1,2,17,2,2,0.0,0.0,0.0,0.0,0.0,2.0,13,1,1
150114,4,2,1,15,2,3,0,1,1,1,2,23,2,2,0.0,0.0,0.0,0.0,0.0,2.0,1,7,10
50730,16,2,3,15,2,3,0,1,1,1,2,22,2,2,0.0,0.0,0.0,0.0,0.0,2.0,8,4,4
31032,15,2,4,17,8,3,0,5,1,1,2,36,2,2,0.0,0.0,0.0,0.0,0.0,2.0,16,4,3
47947,16,2,3,15,3,2,0,1,1,1,1,36,2,2,0.0,0.0,0.0,0.0,0.0,2.0,8,5,4
10121,16,2,3,0,2,3,4,5,1,1,2,6,2,2,0.0,0.0,0.0,0.0,0.0,3.0,14,2,1
22528,16,2,3,15,2,3,0,1,1,1,2,24,2,2,0.0,0.0,0.0,0.0,0.0,2.0,13,4,2
19737,16,7,3,0,8,3,6,5,1,1,2,18,2,2,0.0,0.0,0.0,0.0,0.0,5.0,13,2,2
74965,17,11,5,10,17,3,5,5,1,1,2,36,2,2,0.0,0.0,0.0,0.0,0.0,2.0,13,3,6
184691,17,11,5,17,17,3,5,5,1,1,2,26,2,2,0.0,0.0,0.0,0.0,0.0,2.0,13,4,12
57900,15,2,1,17,6,3,0,1,0,1,2,18,2,4,1.0,0.0,0.0,0.0,1.0,1.0,21,7,5
41794,4,2,0,3,10,3,0,1,1,0,1,9,3,2,0.0,0.0,0.0,0.0,0.0,2.0,20,7,3
47082,16,7,1,17,8,3,6,5,0,1,2,18,3,3,1.0,0.0,0.0,1.0,0.0,3.0,23,5,4
186770,4,2,3,10,6,3,0,1,1,1,0,36,2,2,0.0,0.0,0.0,0.0,0.0,2.0,9,2,12
181142,16,2,3,0,8,3,0,1,1,1,1,36,2,2,0.0,0.0,0.0,0.0,0.0,2.0,11,6,12
5535,16,10,3,17,1,3,0,1,1,1,1,18,2,2,0.0,0.0,0.0,0.0,0.0,3.0,11,6,1
21680,16,4,3,9,3,3,0,1,0,1,1,18,2,3,1.0,0.0,0.0,1.0,0.0,1.0,9,5,2
100653,15,2,2,15,8,3,0,1,1,1,1,23,2,2,0.0,0.0,0.0,0.0,0.0,2.0,9,3,7
150632,15,2,1,10,6,3,0,1,1,0,2,19,2,2,0.0,0.0,0.0,0.0,0.0,6.0,22,6,10
179633,4,11,5,0,2,3,5,5,1,1,1,26,2,2,0.0,0.0,0.0,0.0,0.0,2.0,20,6,12
61849,16,2,3,15,8,3,0,1,1,1,2,36,2,2,0.0,0.0,0.0,0.0,0.0,2.0,14,5,5
83800,15,2,3,10,8,3,0,1,1,1,2,19,2,2,0.0,0.0,0.0,0.0,0.0,2.0,13,1,6
76158,16,7,3,10,6,3,6,1,1,1,2,26,2,2,0.0,0.0,0.0,0.0,0.0,2.0,13,1,6
67387,16,2,3,0,8,3,0,1,1,1,2,6,2,2,0.0,0.0,0.0,0.0,0.0,3.0,10,1,5
51940,15,7,3,0,15,3,6,1,1,1,2,18,2,2,0.0,0.0,0.0,0.0,0.0,2.0,12,6,4
20735,16,2,3,0,2,3,0,1,0,1,2,12,2,2,0.0,0.0,0.0,0.0,0.0,3.0,12,4,2
102275,16,2,1,3,5,3,0,1,0,1,2,37,2,3,1.0,0.0,0.0,1.0,0.0,1.0,2,1,7
179553,17,2,0,15,11,3,5,1,1,1,1,23,2,2,0.0,0.0,0.0,0.0,0.0,3.0,21,5,12
173423,4,2,3,0,2,3,0,1,1,1,2,36,2,2,0.0,0.0,0.0,0.0,0.0,2.0,10,3,12
152093,16,2,4,11,8,3,0,1,1,1,2,21,2,2,0.0,0.0,0.0,0.0,0.0,4.0,18,6,10
105160,16,2,3,10,8,3,0,1,0,1,1,36,2,4,1.0,0.0,0.0,0.0,1.0,2.0,17,6,8
39510,16,2,3,17,6,3,0,1,0,1,2,18,2,3,1.0,0.0,0.0,1.0,0.0,2.0,17,5,3
63141,16,2,3,14,2,3,0,0,1,1,0,21,2,2,0.0,0.0,0.0,0.0,0.0,2.0,11,2,5
67992,16,2,3,17,10,3,0,1,1,1,1,24,2,2,0.0,0.0,0.0,0.0,0.0,2.0,8,4,5
10865,15,2,3,10,6,3,0,1,1,1,1,19,2,2,0.0,0.0,0.0,0.0,0.0,2.0,12,7,1
111220,16,2,3,17,6,3,0,1,0,1,2,18,2,2,0.0,0.0,0.0,0.0,0.0,3.0,12,7,8
67276,4,2,3,17,2,3,0,1,0,1,2,9,2,2,0.0,0.0,0.0,0.0,0.0,2.0,13,7,5
125679,15,2,3,17,2,3,5,5,0,1,2,36,2,4,1.0,0.0,0.0,0.0,1.0,7.0,13,5,9
82719,16,7,5,9,2,3,6,1,0,1,0,36,2,4,1.0,0.0,0.0,0.0,1.0,1.0,8,5,6
7056,15,2,3,10,8,3,0,1,1,0,0,12,2,2,0.0,0.0,0.0,0.0,0.0,2.0,14,1,1
60953,17,2,3,0,8,3,5,5,1,1,0,23,2,2,0.0,0.0,0.0,0.0,0.0,3.0,8,4,5
109141,15,2,3,17,11,3,0,1,1,1,2,24,2,2,0.0,0.0,0.0,0.0,0.0,2.0,19,5,8
155619,16,2,1,0,6,3,0,5,0,1,2,6,2,4,4.0,0.0,0.0,0.0,4.0,0.0,4,5,10
96122,4,2,3,14,8,3,0,1,1,1,2,36,2,2,0.0,0.0,0.0,0.0,0.0,2.0,8,3,7
13366,15,2,3,0,8,3,0,1,0,1,2,18,2,2,0.0,0.0,0.0,0.0,0.0,2.0,13,1,1
93272,16,2,3,0,9,3,0,1,1,1,2,6,2,2,0.0,0.0,0.0,0.0,0.0,3.0,14,2,7
24854,4,2,1,17,10,3,6,1,1,1,2,36,2,2,0.0,0.0,0.0,0.0,0.0,2.0,4,5,2
140837,15,2,3,0,6,3,0,1,0,1,2,12,2,3,1.0,0.0,0.0,1.0,0.0,1.0,9,5,10
173718,16,2,3,17,6,3,0,1,0,1,2,18,2,2,0.0,0.0,0.0,0.0,0.0,3.0,12,3,12
179148,16,2,1,17,15,3,6,1,1,1,2,36,3,2,0.0,0.0,0.0,0.0,0.0,4.0,3,1,12
67346,16,2,3,17,2,3,0,5,0,1,1,28,2,2,0.0,0.0,0.0,0.0,0.0,2.0,15,1,5
68447,15,2,1,17,6,3,0,1,1,1,2,17,2,2,0.0,0.0,0.0,0.0,0.0,3.0,20,4,5
183775,16,2,3,15,6,3,0,1,1,1,0,22,2,2,0.0,0.0,0.0,0.0,0.0,3.0,14,7,12
49536,16,2,3,10,2,3,0,1,0,1,2,19,2,2,0.0,0.0,0.0,0.0,0.0,3.0,18,4,4
178770,16,2,1,10,6,3,0,1,0,0,2,19,2,3,1.0,0.0,0.0,1.0,0.0,2.0,22,3,12
177006,16,3,3,0,6,3,6,1,1,1,2,18,2,2,0.0,0.0,0.0,0.0,0.0,3.0,7,7,12
1630,15,2,1,7,6,3,0,1,0,1,2,36,2,3,1.0,0.0,0.0,1.0,0.0,0.0,1,7,1
68031,16,7,3,13,5,3,6,5,0,1,2,17,2,2,0.0,0.0,0.0,0.0,0.0,2.0,15,6,5
114047,15,11,5,17,8,3,5,5,1,1,2,5,2,2,0.0,0.0,0.0,0.0,0.0,3.0,14,1,8
20681,16,2,3,8,8,3,0,1,0,1,0,24,2,3,1.0,0.0,0.0,1.0,0.0,1.0,16,4,2
96108,4,2,3,17,8,3,0,1,1,1,2,24,2,2,0.0,0.0,0.0,0.0,0.0,2.0,17,3,7
16953,4,2,3,0,10,3,0,1,1,1,2,36,2,2,0.0,0.0,0.0,0.0,0.0,2.0,15,3,2
53452,16,2,3,17,2,3,0,1,1,1,2,18,2,2,0.0,0.0,0.0,0.0,0.0,2.0,8,3,4
36722,16,2,3,17,8,3,0,1,0,1,0,36,2,2,0.0,0.0,0.0,0.0,0.0,2.0,7,1,3
152894,16,7,4,9,1,3,6,1,0,1,0,26,2,4,1.0,0.0,0.0,0.0,1.0,1.0,18,7,10
71232,16,2,1,17,2,3,0,1,1,1,2,36,2,2,0.0,0.0,0.0,0.0,0.0,2.0,3,5,5
105960,16,2,3,17,6,3,0,1,1,1,2,24,2,2,0.0,0.0,0.0,0.0,0.0,2.0,16,5,8
78309,4,2,3,17,2,3,0,1,1,1,2,22,2,2,0.0,0.0,0.0,0.0,0.0,2.0,16,5,6
74540,16,2,3,17,8,3,0,1,0,1,2,18,2,2,0.0,0.0,0.0,0.0,0.0,3.0,16,5,6
49003,4,2,3,17,8,3,0,1,1,1,1,18,2,2,0.0,0.0,0.0,0.0,0.0,2.0,16,7,4
27907,16,2,1,17,6,4,6,1,1,1,1,24,2,2,0.0,0.0,0.0,0.0,0.0,4.0,0,1,2
183292,15,2,1,2,10,3,0,1,0,1,2,36,1,2,0.0,0.0,0.0,0.0,0.0,1.0,2,1,12
105267,16,2,3,8,2,3,0,1,0,1,0,18,2,3,1.0,0.0,0.0,1.0,0.0,0.0,12,7,8
4578,16,5,3,15,8,3,0,1,1,0,1,23,2,2,0.0,0.0,0.0,0.0,0.0,2.0,8,6,1
80432,16,2,1,17,8,3,0,5,0,1,2,6,2,3,1.0,0.0,0.0,1.0,0.0,1.0,2,7,6
101897,16,2,3,10,3,3,0,1,0,1,1,19,2,3,1.0,0.0,0.0,1.0,0.0,2.0,16,7,7
23852,16,2,3,10,2,3,0,1,1,1,1,19,2,2,0.0,0.0,0.0,0.0,0.0,2.0,11,7,2
26913,16,11,4,15,6,3,5,5,1,1,2,28,2,2,0.0,0.0,0.0,0.0,0.0,2.0,21,4,2
15959,16,2,0,0,6,3,0,1,0,1,2,6,2,3,1.0,0.0,0.0,1.0,0.0,3.0,0,6,2
161581,16,2,2,10,6,3,0,1,1,1,1,19,2,2,0.0,0.0,0.0,0.0,0.0,2.0,6,4,11
61545,4,2,3,17,8,3,0,1,1,0,2,36,2,2,0.0,0.0,0.0,0.0,0.0,2.0,12,7,5
147927,17,11,5,10,8,3,5,5,1,1,2,19,2,2,0.0,0.0,0.0,0.0,0.0,2.0,14,6,10
173040,16,2,3,2,6,3,0,1,0,1,2,26,2,2,0.0,0.0,0.0,0.0,0.0,3.0,9,5,12
118854,4,2,3,17,8,3,6,1,1,1,1,18,2,2,0.0,0.0,0.0,0.0,0.0,2.0,16,3,8
83711,15,2,3,17,8,3,0,1,1,1,2,19,2,2,0.0,0.0,0.0,0.0,0.0,5.0,12,6,6
52790,16,7,3,17,3,3,6,1,0,1,1,18,2,2,0.0,0.0,0.0,0.0,0.0,3.0,14,1,4
183068,4,2,1,2,8,3,0,1,0,0,2,17,1,1,1.0,0.0,1.0,0.0,0.0,0.0,1,4,12
183423,4,2,3,17,8,3,5,5,1,1,1,18,3,2,0.0,0.0,0.0,0.0,0.0,2.0,8,3,12
118852,15,2,3,0,2,3,0,1,1,1,2,18,2,2,0.0,0.0,0.0,0.0,0.0,2.0,16,3,8
15569,4,7,1,17,2,3,6,1,1,1,1,18,2,2,0.0,0.0,0.0,0.0,0.0,2.0,19,3,2
168315,16,2,3,10,8,3,0,1,0,1,0,36,2,3,1.0,0.0,0.0,1.0,0.0,2.0,10,7,11
165104,16,2,3,7,8,3,0,1,1,1,0,12,2,2,0.0,0.0,0.0,0.0,0.0,1.0,14,5,11
59463,15,11,5,17,15,3,5,5,0,1,2,5,2,2,0.0,0.0,0.0,0.0,0.0,2.0,20,3,5
140920,15,2,3,8,8,3,0,1,0,1,1,36,2,3,1.0,0.0,0.0,1.0,0.0,1.0,8,6,10
113456,16,2,1,10,8,3,0,1,1,1,2,19,2,2,0.0,0.0,0.0,0.0,0.0,3.0,22,6,8
15480,16,2,3,0,8,3,0,1,0,1,2,6,2,2,0.0,0.0,0.0,0.0,0.0,4.0,9,4,2
77777,15,7,1,0,6,3,6,1,1,1,2,5,2,2,0.0,0.0,0.0,0.0,0.0,2.0,20,4,6
2914,4,2,4,10,8,3,0,1,1,1,1,22,2,2,0.0,0.0,0.0,0.0,0.0,2.0,20,2,1
87254,4,2,3,10,8,3,0,1,1,0,1,19,2,2,0.0,0.0,0.0,0.0,0.0,4.0,16,6,6
82470,16,2,1,0,9,3,0,1,0,1,2,6,2,3,2.0,0.0,0.0,2.0,0.0,1.0,23,2,6
74058,15,2,3,0,6,3,0,1,1,1,2,36,2,2,0.0,0.0,0.0,0.0,0.0,3.0,11,4,6
69024,15,2,3,17,6,3,0,1,0,1,2,24,2,3,1.0,0.0,0.0,1.0,0.0,1.0,13,6,5
72936,4,2,1,17,10,3,6,1,0,1,2,24,2,2,0.0,0.0,0.0,0.0,0.0,2.0,0,1,6
159679,17,11,5,17,17,3,5,5,1,1,2,36,2,2,0.0,0.0,0.0,0.0,0.0,2.0,9,5,11
103835,4,2,3,0,8,3,0,1,0,1,2,18,2,4,1.0,0.0,0.0,0.0,1.0,1.0,19,2,7
82979,16,2,3,15,3,3,0,5,0,1,2,36,2,4,2.0,0.0,0.0,0.0,2.0,1.0,8,3,6
26315,15,2,3,17,2,4,0,1,0,1,2,18,2,2,0.0,0.0,0.0,0.0,0.0,2.0,11,2,2
6532,16,2,1,17,10,3,0,1,1,1,2,6,2,2,0.0,0.0,0.0,0.0,0.0,3.0,1,1,1
38729,16,7,1,0,8,3,6,1,0,1,1,18,2,3,2.0,0.0,0.0,2.0,0.0,1.0,20,4,3
155967,15,2,1,0,2,3,0,1,0,1,2,5,2,3,3.0,0.0,0.0,3.0,0.0,0.0,2,1,11
134290,16,2,1,8,11,3,0,5,1,1,2,6,2,2,0.0,0.0,0.0,0.0,0.0,2.0,22,3,9
152660,16,11,5,10,15,3,5,5,1,1,2,36,2,2,0.0,0.0,0.0,0.0,0.0,2.0,19,5,10
90025,16,2,3,0,8,3,0,1,1,1,1,6,2,2,0.0,0.0,0.0,0.0,0.0,2.0,13,1,7
140602,16,2,1,0,8,3,0,1,0,1,2,36,2,2,0.0,0.0,0.0,0.0,0.0,2.0,23,7,10
98457,15,2,3,15,8,3,0,1,1,1,2,23,2,2,0.0,0.0,0.0,0.0,0.0,2.0,17,4,7
122866,16,2,3,10,10,3,0,1,1,1,2,6,2,2,0.0,0.0,0.0,0.0,0.0,4.0,8,4,9
117921,4,2,3,0,8,3,0,1,1,0,2,17,2,2,0.0,0.0,0.0,0.0,0.0,2.0,18,5,8
97957,15,2,3,10,8,3,0,1,1,1,2,36,2,2,0.0,0.0,0.0,0.0,0.0,2.0,12,3,7
94665,16,2,3,3,8,3,0,1,0,1,2,30,2,2,0.0,0.0,0.0,0.0,0.0,4.0,6,1,7
61317,16,2,3,0,8,3,0,1,1,1,2,36,2,2,0.0,0.0,0.0,0.0,0.0,2.0,8,3,5
96873,16,2,3,0,8,3,0,1,0,1,2,6,2,3,1.0,0.0,0.0,1.0,0.0,3.0,9,1,7
152503,4,10,3,2,0,3,6,1,1,1,1,36,1,2,0.0,0.0,0.0,0.0,0.0,1.0,11,2,10