crash_date,               traffic_control_device,weather_condition,lighting_condition,first_crash_type,trafficway_type,alignment,roadway_surface_cond,road_defect,crash_type,intersection_related_i,damage,prim_contributory_cause,num_units,most_severe_injury,injuries_total,injuries_fatal,injuries_incapacitating,injuries_non_incapacitating,injuries_reported_not_evident,injuries_no_indication,crash_hour,crash_day_of_week,crash_month
142819,15,2,3,9,8,3,0,1,0,1,0,18,2,4,1.0,0.0,0.0,0.0,1.0,1.0,8,3,10
115466,4,2,3,15,16,3,0,1,1,1,2,22,2,2,0.0,0.0,0.0,0.0,0.0,2.0,13,3,8
121211,16,2,3,10,8,3,0,1,1,1,2,17,2,2,0.0,0.0,0.0,0.0,0.0,2.0,6,1,9
33790,16,2,3,17,6,3,0,1,0,1,2,36,2,2,0.0,0.0,0.0,0.0,0.0,2.0,8,3,3
110991,15,2,3,0,2,3,0,1,0,1,2,18,2,4,2.0,0.0,0.0,0.0,2.0,1.0,12,3,8
163301,16,10,3,10,6,3,6,1,1,1,2,17,2,2,0.0,0.0,0.0,0.0,0.0,3.0,14,1,11
34791,16,2,3,17,13,4,0,1,1,1,1,19,2,2,0.0,0.0,0.0,0.0,0.0,3.0,14,3,3
98844,16,2,3,11,11,3,0,1,1,1,1,21,2,2,0.0,0.0,0.0,0.0,0.0,2.0,15,2,7
81447,4,2,3,10,8,3,0,1,0,1,2,19,2,2,0.0,0.0,0.0,0.0,0.0,2.0,9,3,6
70253,16,3,3,17,2,3,0,1,1,1,2,26,2,2,0.0,0.0,0.0,0.0,0.0,2.0,10,3,5
172364,16,7,1,15,10,3,5,5,0,1,2,36,2,4,1.0,0.0,0.0,0.0,1.0,1.0,18,1,12
120707,4,7,3,9,2,3,6,1,0,1,2,18,2,3,1.0,0.0,0.0,1.0,0.0,1.0,13,3,9
116329,16,2,1,17,2,3,0,1,1,1,2,36,2,2,0.0,0.0,0.0,0.0,0.0,2.0,22,7,8
27309,16,2,0,17,8,3,0,1,1,1,2,36,2,2,0.0,0.0,0.0,0.0,0.0,2.0,20,4,2
127742,4,2,1,17,6,3,0,1,1,1,1,24,2,2,0.0,0.0,0.0,0.0,0.0,2.0,0,6,9
106623,15,2,3,0,2,3,0,1,0,1,2,36,2,2,0.0,0.0,0.0,0.0,0.0,2.0,15,2,8
37222,16,2,1,17,2,3,0,1,1,1,2,36,2,2,0.0,0.0,0.0,0.0,0.0,2.0,21,3,3
35509,16,2,3,17,2,3,0,1,1,1,0,18,2,2,0.0,0.0,0.0,0.0,0.0,2.0,8,2,3
47621,15,2,1,10,8,3,0,1,1,1,1,15,2,2,0.0,0.0,0.0,0.0,0.0,2.0,23,5,4
180177,15,2,1,17,2,3,0,1,0,1,2,24,2,4,2.0,0.0,0.0,0.0,2.0,1.0,19,6,12
157624,16,2,1,15,3,3,0,1,1,1,2,22,2,2,0.0,0.0,0.0,0.0,0.0,4.0,19,2,11
170434,16,2,1,17,6,3,0,1,1,1,2,26,2,2,0.0,0.0,0.0,0.0,0.0,2.0,23,7,11
141112,16,7,0,10,8,3,6,1,1,1,1,6,2,2,0.0,0.0,0.0,0.0,0.0,2.0,22,7,10
130039,16,2,3,17,6,3,5,5,1,1,2,18,2,2,0.0,0.0,0.0,0.0,0.0,2.0,17,3,9
54371,15,2,3,0,15,3,0,1,1,1,2,18,2,2,0.0,0.0,0.0,0.0,0.0,2.0,10,4,4
148876,15,2,1,7,15,3,6,6,1,1,2,14,3,2,0.0,0.0,0.0,0.0,0.0,2.0,0,3,10
71426,4,2,3,15,10,3,0,1,1,0,2,18,2,2,0.0,0.0,0.0,0.0,0.0,3.0,17,1,5
126455,16,7,3,17,6,3,6,5,1,1,2,36,2,2,0.0,0.0,0.0,0.0,0.0,3.0,16,2,9
28030,16,2,3,17,8,3,0,1,0,1,2,36,2,2,0.0,0.0,0.0,0.0,0.0,2.0,15,4,2
86843,15,2,1,15,10,3,0,1,0,1,2,5,2,2,0.0,0.0,0.0,0.0,0.0,2.0,2,7,6
137207,15,4,3,0,6,3,0,1,0,1,2,18,2,4,2.0,0.0,0.0,0.0,2.0,2.0,7,2,9
70396,16,2,3,10,6,3,0,1,1,1,2,10,3,2,0.0,0.0,0.0,0.0,0.0,3.0,14,7,5
127910,15,2,3,0,6,3,0,1,0,1,2,18,2,3,1.0,0.0,0.0,1.0,0.0,1.0,13,7,9
29835,17,2,0,0,6,3,0,1,0,1,2,18,3,2,0.0,0.0,0.0,0.0,0.0,3.0,18,5,3
74143,4,2,1,15,15,3,0,1,0,1,2,23,4,2,0.0,0.0,0.0,0.0,0.0,4.0,2,7,6
170840,16,2,1,10,6,3,5,5,1,1,2,36,2,2,0.0,0.0,0.0,0.0,0.0,2.0,3,7,11
39895,15,7,3,15,8,3,6,5,1,1,1,23,2,2,0.0,0.0,0.0,0.0,0.0,2.0,13,5,3
39938,4,2,3,0,8,3,0,1,1,0,2,23,2,2,0.0,0.0,0.0,0.0,0.0,2.0,16,6,3
118177,15,2,3,0,8,3,0,1,0,1,2,22,2,2,0.0,0.0,0.0,0.0,0.0,3.0,14,3,8
152313,16,2,3,17,3,3,0,1,1,1,1,36,2,2,0.0,0.0,0.0,0.0,0.0,2.0,8,6,10
100151,16,2,3,10,3,3,0,1,0,1,2,19,2,4,1.0,0.0,0.0,0.0,1.0,2.0,15,4,7
66575,4,2,3,17,8,3,0,5,0,1,1,22,2,4,1.0,0.0,0.0,0.0,1.0,1.0,15,3,5
177742,4,10,1,14,8,3,6,5,1,1,2,23,2,2,0.0,0.0,0.0,0.0,0.0,2.0,18,2,12
124547,16,2,3,10,8,3,0,1,1,1,2,17,2,2,0.0,0.0,0.0,0.0,0.0,2.0,10,1,9
50988,16,3,2,10,3,3,0,1,1,1,2,18,2,2,0.0,0.0,0.0,0.0,0.0,5.0,7,3,4
107586,15,7,3,10,8,3,5,5,0,1,1,19,2,4,1.0,0.0,0.0,0.0,1.0,1.0,12,1,8
100318,16,2,3,17,8,3,0,1,1,1,2,24,2,2,0.0,0.0,0.0,0.0,0.0,3.0,11,4,7
92615,16,2,1,17,3,3,0,1,0,1,2,36,2,4,1.0,0.0,0.0,0.0,1.0,1.0,4,6,7
62864,4,2,3,15,8,3,0,5,1,1,2,23,2,2,0.0,0.0,0.0,0.0,0.0,2.0,18,6,5
95316,4,7,3,9,15,3,6,1,0,1,2,18,2,3,1.0,0.0,0.0,1.0,0.0,1.0,15,6,7
55567,16,2,3,15,8,3,0,1,1,1,2,23,2,2,0.0,0.0,0.0,0.0,0.0,2.0,15,2,4
102879,16,2,0,17,8,3,0,1,1,1,2,24,2,2,0.0,0.0,0.0,0.0,0.0,2.0,21,7,7
14043,16,2,1,10,6,3,0,1,0,1,2,37,2,3,3.0,0.0,0.0,3.0,0.0,1.0,20,7,1
133928,16,2,1,10,2,3,0,1,1,1,1,19,2,2,0.0,0.0,0.0,0.0,0.0,2.0,23,6,9
79384,16,2,3,0,8,3,0,1,1,1,2,26,2,2,0.0,0.0,0.0,0.0,0.0,2.0,14,6,6
50401,4,2,1,0,18,3,0,1,0,1,2,18,2,3,1.0,0.0,0.0,1.0,0.0,4.0,4,6,4
33661,16,2,3,17,11,3,0,1,1,1,1,12,2,2,0.0,0.0,0.0,0.0,0.0,2.0,8,7,3
5327,17,11,5,15,3,3,5,5,1,1,2,12,2,2,0.0,0.0,0.0,0.0,0.0,2.0,18,5,1
22534,16,2,3,10,3,3,0,1,1,1,2,36,2,2,0.0,0.0,0.0,0.0,0.0,2.0,16,4,2
165682,16,2,3,17,6,3,0,1,1,1,2,24,2,2,0.0,0.0,0.0,0.0,0.0,2.0,12,5,11
65414,16,2,1,15,8,3,0,5,0,1,2,23,2,2,0.0,0.0,0.0,0.0,0.0,2.0,20,5,5
120848,16,2,3,10,6,3,0,1,1,1,2,19,2,2,0.0,0.0,0.0,0.0,0.0,2.0,12,4,9
187661,4,2,1,2,2,3,1,1,0,1,2,39,1,2,0.0,0.0,0.0,0.0,0.0,1.0,21,7,12
185707,16,10,1,10,8,3,4,5,1,1,2,8,2,2,0.0,0.0,0.0,0.0,0.0,2.0,2,2,12
80122,16,2,4,2,3,2,0,1,0,1,2,36,1,3,1.0,0.0,0.0,1.0,0.0,0.0,4,4,6
42740,16,2,3,15,10,3,0,5,1,1,2,36,2,2,0.0,0.0,0.0,0.0,0.0,2.0,15,1,4
71983,16,2,3,9,8,3,0,1,0,1,2,36,2,3,1.0,0.0,0.0,1.0,0.0,2.0,3,2,6
101271,15,2,3,0,8,3,0,1,1,1,2,5,2,2,0.0,0.0,0.0,0.0,0.0,2.0,17,5,7
5283,15,2,3,0,6,3,0,1,0,1,2,18,2,3,1.0,0.0,0.0,1.0,0.0,1.0,10,4,1
62119,16,2,1,17,10,3,0,1,1,1,2,24,2,2,0.0,0.0,0.0,0.0,0.0,2.0,1,1,5
172915,16,2,3,9,8,3,0,1,1,1,0,18,2,2,0.0,0.0,0.0,0.0,0.0,2.0,6,2,12
75223,15,2,3,0,16,3,0,1,1,1,2,36,2,2,0.0,0.0,0.0,0.0,0.0,2.0,11,1,6
146681,4,2,0,0,8,3,0,1,0,0,2,36,2,3,1.0,0.0,0.0,1.0,0.0,1.0,0,7,10
109445,16,2,3,9,2,3,0,1,0,1,0,18,3,3,2.0,0.0,0.0,2.0,0.0,1.0,12,1,8
37943,16,2,3,10,6,3,0,1,0,1,2,2,2,3,1.0,0.0,0.0,1.0,0.0,1.0,16,5,3
156765,16,2,3,15,6,3,0,1,0,1,2,36,3,2,0.0,0.0,0.0,0.0,0.0,3.0,16,5,11
136134,16,7,1,0,6,3,6,5,0,1,2,18,2,3,1.0,0.0,0.0,1.0,0.0,2.0,0,7,9
103299,16,2,1,0,15,3,0,1,0,1,2,6,2,4,1.0,0.0,0.0,0.0,1.0,3.0,4,1,7
15151,16,2,1,0,8,3,0,1,0,1,2,6,2,2,0.0,0.0,0.0,0.0,0.0,2.0,23,5,2
46316,16,2,3,15,8,3,0,1,1,0,2,11,2,2,0.0,0.0,0.0,0.0,0.0,2.0,14,3,4
59345,16,2,1,17,18,3,0,1,1,1,2,36,2,2,0.0,0.0,0.0,0.0,0.0,2.0,23,7,5
7863,15,2,3,0,8,3,0,1,1,1,2,18,2,2,0.0,0.0,0.0,0.0,0.0,3.0,13,1,1
26260,16,7,0,2,3,3,6,1,0,1,2,12,1,3,1.0,0.0,0.0,1.0,0.0,0.0,0,1,2
103202,16,2,1,2,10,3,0,1,0,1,2,36,1,1,1.0,0.0,1.0,0.0,0.0,0.0,2,7,7
126726,16,2,3,10,2,3,0,1,1,1,2,19,2,2,0.0,0.0,0.0,0.0,0.0,4.0,13,5,9
143159,16,2,3,17,13,3,0,1,1,1,1,36,2,2,0.0,0.0,0.0,0.0,0.0,2.0,17,2,10
41640,16,7,3,10,3,3,6,1,0,0,2,30,4,1,2.0,0.0,1.0,1.0,0.0,2.0,16,4,3
113196,16,2,1,8,8,3,0,5,0,1,0,6,2,4,1.0,0.0,0.0,0.0,1.0,1.0,20,1,8
150885,16,2,1,17,8,3,5,5,0,1,2,36,2,2,0.0,0.0,0.0,0.0,0.0,2.0,18,4,10
137266,16,2,1,17,6,3,0,1,1,1,2,36,2,2,0.0,0.0,0.0,0.0,0.0,3.0,20,4,9
68157,16,2,3,17,11,3,0,1,1,1,2,36,2,2,0.0,0.0,0.0,0.0,0.0,2.0,13,6,5
122224,4,2,3,15,8,3,0,1,1,1,2,18,2,2,0.0,0.0,0.0,0.0,0.0,2.0,9,1,9
8433,16,2,4,17,6,3,0,1,1,1,0,35,2,2,0.0,0.0,0.0,0.0,0.0,2.0,16,3,1
180419,4,2,3,2,8,4,0,1,1,1,1,36,1,2,0.0,0.0,0.0,0.0,0.0,1.0,14,4,12
160426,15,2,3,10,8,3,0,1,1,1,2,19,2,2,0.0,0.0,0.0,0.0,0.0,2.0,12,6,11
54863,4,2,3,0,11,3,0,1,1,1,2,17,2,2,0.0,0.0,0.0,0.0,0.0,2.0,6,5,4
36418,4,7,3,0,8,3,6,1,1,1,2,18,2,2,0.0,0.0,0.0,0.0,0.0,2.0,17,4,3
78531,6,2,3,0,6,3,0,1,0,1,2,18,2,2,0.0,0.0,0.0,0.0,0.0,4.0,17,2,6
54921,15,2,1,0,6,3,0,1,1,1,2,18,2,2,0.0,0.0,0.0,0.0,0.0,5.0,20,6,4
79728,15,2,3,9,6,3,0,1,0,1,2,36,2,3,1.0,0.0,0.0,1.0,0.0,1.0,9,4,6
66466,16,2,3,10,6,3,0,1,1,1,2,19,2,2,0.0,0.0,0.0,0.0,0.0,2.0,12,1,5
108009,16,2,1,17,10,3,6,1,0,1,2,26,2,3,1.0,0.0,0.0,1.0,0.0,1.0,20,1,8
26332,15,10,1,0,8,3,6,1,0,1,2,36,2,2,0.0,0.0,0.0,0.0,0.0,2.0,15,3,2
57526,16,2,3,17,8,3,0,1,1,1,1,24,3,2,0.0,0.0,0.0,0.0,0.0,4.0,17,6,5
23231,4,2,3,17,2,3,0,1,1,1,2,36,2,2,0.0,0.0,0.0,0.0,0.0,2.0,10,3,2
161069,4,2,3,17,8,3,0,5,1,0,2,36,2,2,0.0,0.0,0.0,0.0,0.0,2.0,7,3,11
90379,16,2,3,15,10,3,0,1,1,1,2,23,2,2,0.0,0.0,0.0,0.0,0.0,2.0,17,4,7
100951,2,2,1,15,8,3,0,1,0,1,2,17,2,4,1.0,0.0,0.0,0.0,1.0,2.0,1,1,7
78960,16,2,1,2,6,3,0,1,0,1,2,17,1,2,0.0,0.0,0.0,0.0,0.0,1.0,1,1,6
152866,16,2,3,10,8,3,0,1,1,1,1,36,2,2,0.0,0.0,0.0,0.0,0.0,2.0,11,6,10
78269,16,11,5,15,8,3,5,5,1,1,2,19,2,2,0.0,0.0,0.0,0.0,0.0,2.0,8,4,6
53353,16,2,1,10,8,4,0,5,1,1,2,36,2,2,0.0,0.0,0.0,0.0,0.0,3.0,21,3,4
60230,16,2,3,10,2,3,0,1,1,0,2,19,2,2,0.0,0.0,0.0,0.0,0.0,2.0,9,7,5
109721,4,2,3,17,2,3,0,1,1,1,2,18,2,2,0.0,0.0,0.0,0.0,0.0,2.0,12,6,8
17928,16,2,1,17,8,3,6,1,0,1,2,6,2,2,0.0,0.0,0.0,0.0,0.0,2.0,18,5,2
131578,16,2,1,0,6,3,0,5,0,1,2,6,3,4,2.0,0.0,0.0,0.0,2.0,3.0,19,2,9
120219,6,2,3,0,6,3,0,1,0,1,2,18,2,2,0.0,0.0,0.0,0.0,0.0,2.0,16,3,8
159736,16,2,3,10,8,3,5,5,1,1,2,36,2,2,0.0,0.0,0.0,0.0,0.0,2.0,14,4,11
185325,16,3,3,0,2,3,0,1,0,1,2,6,2,2,0.0,0.0,0.0,0.0,0.0,3.0,15,2,12
91239,16,2,2,0,8,4,0,1,0,1,2,36,3,4,1.0,0.0,0.0,0.0,1.0,3.0,4,5,7
109215,16,2,1,10,8,3,0,1,1,1,0,17,2,2,0.0,0.0,0.0,0.0,0.0,3.0,22,7,8
177727,16,2,1,17,2,3,0,1,1,1,2,39,2,2,0.0,0.0,0.0,0.0,0.0,2.0,5,2,12
186494,16,2,4,10,8,3,0,1,1,1,2,13,2,2,0.0,0.0,0.0,0.0,0.0,3.0,16,4,12
84958,16,3,3,10,8,3,5,1,0,1,2,36,2,2,0.0,0.0,0.0,0.0,0.0,3.0,19,6,6
17606,15,2,3,0,15,3,4,1,1,1,2,18,2,2,0.0,0.0,0.0,0.0,0.0,2.0,11,7,2
186381,16,2,1,0,8,3,0,1,0,1,2,6,2,2,0.0,0.0,0.0,0.0,0.0,2.0,18,3,12
144216,16,2,3,2,19,3,0,1,0,1,1,17,1,2,0.0,0.0,0.0,0.0,0.0,1.0,8,7,10
122003,4,11,5,17,2,3,5,1,1,1,0,23,2,2,0.0,0.0,0.0,0.0,0.0,2.0,19,7,9
153719,4,2,2,17,8,3,0,1,1,0,1,18,2,2,0.0,0.0,0.0,0.0,0.0,2.0,18,6,10
59309,16,11,5,17,18,3,5,5,1,1,2,36,2,2,0.0,0.0,0.0,0.0,0.0,2.0,17,7,5
25218,16,2,3,17,6,3,0,1,0,1,2,18,2,2,0.0,0.0,0.0,0.0,0.0,2.0,11,5,2
183401,15,2,2,8,8,3,0,1,1,1,1,18,2,2,0.0,0.0,0.0,0.0,0.0,2.0,16,3,12
114638,16,2,3,0,8,3,0,1,0,1,2,6,2,3,2.0,0.0,0.0,2.0,0.0,0.0,14,3,8
66424,15,2,3,10,2,3,0,1,1,1,2,19,3,2,0.0,0.0,0.0,0.0,0.0,5.0,15,1,5
68428,16,2,3,17,8,3,0,1,1,1,2,36,2,2,0.0,0.0,0.0,0.0,0.0,2.0,16,4,5
113267,15,7,3,17,10,3,6,1,1,1,1,11,2,2,0.0,0.0,0.0,0.0,0.0,2.0,10,3,8
139578,16,3,3,17,2,3,0,1,0,1,0,18,2,1,1.0,0.0,1.0,0.0,0.0,1.0,11,1,10
86953,15,2,3,0,6,3,0,1,1,1,0,18,2,2,0.0,0.0,0.0,0.0,0.0,2.0,11,2,6
94270,16,2,3,10,3,3,0,1,1,1,1,19,2,2,0.0,0.0,0.0,0.0,0.0,2.0,13,3,7
98214,16,7,1,0,8,3,6,1,0,1,2,6,2,2,0.0,0.0,0.0,0.0,0.0,3.0,22,6,7
160770,15,7,1,17,15,3,6,5,1,1,2,5,2,2,0.0,0.0,0.0,0.0,0.0,2.0,22,7,11
111387,16,2,3,0,8,3,0,1,0,1,2,6,2,3,1.0,0.0,0.0,1.0,0.0,1.0,8,4,8
32258,16,2,1,11,2,3,0,1,1,1,2,21,2,2,0.0,0.0,0.0,0.0,0.0,2.0,21,4,3
115896,15,11,3,8,17,3,5,5,0,1,0,36,2,3,1.0,0.0,0.0,1.0,0.0,1.0,9,2,8
126932,15,2,1,0,6,3,0,1,1,1,2,5,2,2,0.0,0.0,0.0,0.0,0.0,5.0,21,1,9
96517,16,2,3,15,6,3,0,5,1,1,2,23,2,2,0.0,0.0,0.0,0.0,0.0,2.0,14,4,7
90986,16,2,3,15,2,3,0,1,1,1,2,36,2,2,0.0,0.0,0.0,0.0,0.0,2.0,10,7,7
60682,4,2,3,0,8,3,0,1,0,1,2,18,2,4,2.0,0.0,0.0,0.0,2.0,2.0,7,6,5
145671,15,2,1,0,6,3,0,1,0,1,2,12,2,3,1.0,0.0,0.0,1.0,0.0,1.0,20,7,10
166199,15,2,3,15,6,3,0,1,1,1,0,36,2,2,0.0,0.0,0.0,0.0,0.0,2.0,11,5,11
131812,15,2,3,0,2,3,0,1,1,1,2,12,2,2,0.0,0.0,0.0,0.0,0.0,2.0,8,2,9
109949,16,2,1,17,8,3,0,1,1,1,2,18,2,2,0.0,0.0,0.0,0.0,0.0,2.0,0,1,8
48419,15,2,3,15,15,3,0,1,1,1,2,28,2,2,0.0,0.0,0.0,0.0,0.0,2.0,7,6,4
186966,16,7,0,17,2,3,6,1,1,1,2,24,2,2,0.0,0.0,0.0,0.0,0.0,3.0,19,6,12
153306,17,11,5,15,10,3,5,5,1,1,2,36,2,2,0.0,0.0,0.0,0.0,0.0,2.0,16,1,10
1574,4,2,3,8,8,3,0,1,1,1,0,36,2,2,0.0,0.0,0.0,0.0,0.0,2.0,16,6,1
114342,15,2,1,0,10,3,0,1,1,1,2,36,2,2,0.0,0.0,0.0,0.0,0.0,2.0,22,6,8
134414,4,2,1,0,8,3,0,1,1,1,2,36,2,2,0.0,0.0,0.0,0.0,0.0,2.0,20,6,9
133414,16,2,3,15,6,3,0,6,1,1,2,19,2,2,0.0,0.0,0.0,0.0,0.0,2.0,8,6,9
165978,15,2,1,0,8,3,0,1,1,1,2,5,2,2,0.0,0.0,0.0,0.0,0.0,4.0,19,1,11
24170,15,2,1,0,2,3,0,1,1,1,1,36,2,2,0.0,0.0,0.0,0.0,0.0,2.0,21,5,2
156839,4,2,3,17,8,3,0,1,1,1,2,36,2,2,0.0,0.0,0.0,0.0,0.0,2.0,16,7,11
154778,15,2,3,8,6,3,0,1,0,1,0,5,2,4,1.0,0.0,0.0,0.0,1.0,1.0,14,7,10
142822,16,7,1,10,8,3,6,1,1,1,1,39,2,2,0.0,0.0,0.0,0.0,0.0,4.0,20,3,10
180375,16,2,4,0,6,3,0,1,0,1,2,36,2,4,1.0,0.0,0.0,0.0,1.0,2.0,15,3,12
22459,4,10,0,2,8,3,4,1,1,1,2,39,1,2,0.0,0.0,0.0,0.0,0.0,1.0,23,5,2
85958,15,2,3,0,15,3,0,1,0,1,2,38,2,2,0.0,0.0,0.0,0.0,0.0,4.0,12,7,6
177399,4,2,3,0,8,3,0,1,1,1,2,19,2,2,0.0,0.0,0.0,0.0,0.0,2.0,11,5,12
168367,16,2,3,0,2,3,0,1,0,1,2,6,3,3,1.0,0.0,0.0,1.0,0.0,2.0,10,2,11
12721,15,2,3,0,15,3,4,1,0,1,0,18,2,2,0.0,0.0,0.0,0.0,0.0,3.0,11,4,1
158689,15,2,3,17,8,3,0,1,1,1,1,23,2,2,0.0,0.0,0.0,0.0,0.0,2.0,11,2,11
161432,16,2,1,10,8,3,0,1,1,0,1,36,2,2,0.0,0.0,0.0,0.0,0.0,3.0,3,1,11
2038,15,2,1,17,8,3,0,1,1,1,1,5,2,2,0.0,0.0,0.0,0.0,0.0,2.0,22,6,1
99192,16,2,3,17,8,3,0,1,1,1,2,24,2,2,0.0,0.0,0.0,0.0,0.0,2.0,8,2,7
179473,16,2,1,15,2,3,0,1,1,1,2,19,2,2,0.0,0.0,0.0,0.0,0.0,2.0,16,4,12
158162,16,7,1,15,11,3,6,1,1,1,1,22,2,2,0.0,0.0,0.0,0.0,0.0,2.0,20,2,11
3938,16,2,0,0,2,3,0,1,1,1,2,6,2,2,0.0,0.0,0.0,0.0,0.0,2.0,19,3,1
153953,4,2,3,3,2,3,0,1,0,1,2,26,2,2,0.0,0.0,0.0,0.0,0.0,2.0,10,1,10
29693,16,2,3,15,10,3,0,1,1,1,2,22,2,2,0.0,0.0,0.0,0.0,0.0,2.0,17,2,3
69047,16,2,2,17,8,3,0,1,0,1,2,24,3,2,0.0,0.0,0.0,0.0,0.0,3.0,4,6,5
173731,16,2,3,15,8,3,0,1,1,1,1,18,2,2,0.0,0.0,0.0,0.0,0.0,3.0,5,6,12
87523,4,2,3,0,6,3,0,1,1,1,2,36,2,2,0.0,0.0,0.0,0.0,0.0,2.0,15,4,6
93108,16,2,3,0,15,3,0,1,0,1,2,17,2,3,1.0,0.0,0.0,1.0,0.0,4.0,8,5,7
145460,16,2,1,17,6,3,0,1,0,1,2,17,2,4,1.0,0.0,0.0,0.0,1.0,1.0,23,4,10
174381,16,2,3,0,8,3,0,1,0,1,2,17,3,3,1.0,0.0,0.0,1.0,0.0,3.0,10,3,12
131583,16,2,1,9,8,3,0,1,0,1,0,17,2,1,1.0,0.0,1.0,0.0,0.0,1.0,19,2,9
42094,16,5,1,17,3,3,6,1,0,1,2,18,4,4,1.0,0.0,0.0,0.0,1.0,5.0,20,5,3
121919,15,7,3,17,6,3,6,1,0,1,2,18,2,2,0.0,0.0,0.0,0.0,0.0,2.0,15,6,9
57047,15,3,3,17,8,3,6,1,0,1,2,18,2,2,0.0,0.0,0.0,0.0,0.0,2.0,7,5,5
10787,4,2,3,7,10,3,0,1,1,1,0,36,2,2,0.0,0.0,0.0,0.0,0.0,1.0,8,6,1
106850,16,2,3,10,8,3,0,1,1,1,1,8,2,2,0.0,0.0,0.0,0.0,0.0,5.0,10,3,8
60730,16,7,3,9,2,3,6,1,0,1,2,36,2,3,1.0,0.0,0.0,1.0,0.0,1.0,14,1,5
16888,16,10,3,17,11,2,4,1,1,1,0,22,2,2,0.0,0.0,0.0,0.0,0.0,3.0,16,2,2
92919,15,7,3,0,2,3,6,1,1,1,1,3,2,2,0.0,0.0,0.0,0.0,0.0,2.0,7,4,7
150131,4,2,1,17,6,3,0,5,0,1,1,36,2,3,1.0,0.0,0.0,1.0,0.0,1.0,4,7,10
111522,16,7,4,10,3,2,6,1,1,1,1,19,3,2,0.0,0.0,0.0,0.0,0.0,4.0,18,4,8
99760,15,2,3,10,1,3,0,1,1,1,1,3,2,2,0.0,0.0,0.0,0.0,0.0,5.0,11,2,7
19311,16,3,3,0,2,3,6,1,0,1,2,18,3,3,1.0,0.0,0.0,1.0,0.0,2.0,10,7,2
104843,16,2,3,15,10,3,5,5,1,1,2,36,2,2,0.0,0.0,0.0,0.0,0.0,2.0,8,2,8
150058,15,2,3,17,8,3,0,1,1,1,2,36,2,2,0.0,0.0,0.0,0.0,0.0,2.0,15,6,10
69148,16,2,1,17,3,3,6,1,0,1,2,24,2,3,1.0,0.0,0.0,1.0,0.0,1.0,22,1,5
117119,15,3,3,5,10,3,0,1,0,1,2,17,2,3,1.0,0.0,0.0,1.0,0.0,1.0,9,6,8
88399,16,2,3,10,8,3,5,5,1,1,1,36,2,2,0.0,0.0,0.0,0.0,0.0,2.0,17,3,7
14118,16,11,3,10,6,3,5,5,1,1,0,36,2,2,0.0,0.0,0.0,0.0,0.0,3.0,13,2,1
28235,16,2,1,17,6,3,0,1,0,0,2,6,2,3,1.0,0.0,0.0,1.0,0.0,1.0,0,5,2
27968,16,2,3,10,2,3,6,1,0,1,2,36,3,3,1.0,0.0,0.0,1.0,0.0,4.0,12,2,2
7768,14,2,1,9,8,3,5,5,0,0,0,36,2,3,1.0,0.0,0.0,1.0,0.0,1.0,18,5,1
39003,16,7,1,9,2,3,6,1,0,1,0,36,2,3,1.0,0.0,0.0,1.0,0.0,1.0,19,1,3
162830,4,2,3,10,8,3,0,1,1,1,2,19,2,2,0.0,0.0,0.0,0.0,0.0,3.0,16,1,11
73092,16,2,3,17,6,3,0,1,1,1,1,18,2,2,0.0,0.0,0.0,0.0,0.0,4.0,6,5,6
174769,16,7,1,17,6,3,6,1,0,1,2,18,3,3,1.0,0.0,0.0,1.0,0.0,2.0,17,3,12
133111,15,2,3,0,2,3,0,1,1,1,2,18,2,2,0.0,0.0,0.0,0.0,0.0,4.0,13,1,9
64848,4,2,1,0,8,3,0,1,0,1,2,11,2,1,1.0,0.0,1.0,0.0,0.0,4.0,23,3,5
151577,15,2,3,0,3,3,0,1,0,1,2,18,2,4,1.0,0.0,0.0,0.0,1.0,2.0,11,3,10
75506,16,2,3,15,11,3,0,1,1,1,1,18,2,2,0.0,0.0,0.0,0.0,0.0,2.0,6,4,6
71487,16,2,3,5,10,3,0,1,1,1,0,22,1,2,0.0,0.0,0.0,0.0,0.0,1.0,16,2,5
183451,16,2,3,17,6,3,0,1,0,1,1,6,2,2,0.0,0.0,0.0,0.0,0.0,5.0,14,4,12
48804,16,3,3,17,8,3,0,1,0,1,2,18,2,2,0.0,0.0,0.0,0.0,0.0,2.0,15,6,4
163191,15,3,3,0,6,3,0,1,1,1,2,18,2,2,0.0,0.0,0.0,0.0,0.0,3.0,8,5,11
106292,15,2,3,8,8,3,0,1,0,1,0,17,2,3,1.0,0.0,0.0,1.0,0.0,2.0,16,2,8
184228,16,2,0,17,8,3,0,1,0,1,2,18,2,2,0.0,0.0,0.0,0.0,0.0,2.0,18,6,12
188059,4,2,3,10,1,3,0,5,0,1,2,17,3,2,0.0,0.0,0.0,0.0,0.0,2.0,13,6,12
113201,15,2,1,17,15,3,0,1,1,1,1,36,2,2,0.0,0.0,0.0,0.0,0.0,3.0,21,1,8
92332,16,2,3,10,8,3,5,5,1,1,2,36,2,2,0.0,0.0,0.0,0.0,0.0,2.0,11,1,7
53820,16,2,3,0,6,3,0,1,1,1,1,18,2,2,0.0,0.0,0.0,0.0,0.0,4.0,9,3,4
84098,16,2,3,17,6,3,0,5,1,1,2,24,2,2,0.0,0.0,0.0,0.0,0.0,2.0,19,6,6
98688,16,2,1,9,6,3,0,1,0,1,0,36,2,3,1.0,0.0,0.0,1.0,0.0,1.0,21,1,7