crash_date,               traffic_control_device,weather_condition,lighting_condition,first_crash_type,trafficway_type,alignment,roadway_surface_cond,road_defect,crash_type,intersection_related_i,damage,prim_contributory_cause,num_units,most_severe_injury,injuries_total,injuries_fatal,injuries_incapacitating,injuries_non_incapacitating,injuries_reported_not_evident,injuries_no_indication,crash_hour,crash_day_of_week,crash_month
114487,16,2,1,0,6,3,0,1,0,1,2,6,2,2,0.0,0.0,0.0,0.0,0.0,2.0,0,1,8
76550,16,2,4,10,8,3,0,5,1,1,2,19,2,2,0.0,0.0,0.0,0.0,0.0,2.0,18,6,6
86308,15,2,3,10,10,3,0,1,1,1,2,19,2,2,0.0,0.0,0.0,0.0,0.0,3.0,8,5,6
17746,15,2,3,10,15,3,0,1,1,1,2,36,2,2,0.0,0.0,0.0,0.0,0.0,2.0,13,3,2
165640,18,11,1,0,6,3,5,5,1,1,2,18,2,2,0.0,0.0,0.0,0.0,0.0,2.0,17,5,11
44490,15,3,3,17,2,3,6,1,1,1,0,36,2,2,0.0,0.0,0.0,0.0,0.0,3.0,14,4,4
141652,16,2,3,10,8,3,0,1,1,1,2,19,2,2,0.0,0.0,0.0,0.0,0.0,2.0,13,7,10
24407,4,2,3,0,11,3,0,1,1,0,2,36,2,2,0.0,0.0,0.0,0.0,0.0,2.0,9,3,2
69419,15,2,3,10,8,3,0,1,1,1,2,18,2,2,0.0,0.0,0.0,0.0,0.0,2.0,6,5,5
177646,15,7,1,0,6,3,0,1,0,1,2,18,2,2,0.0,0.0,0.0,0.0,0.0,2.0,19,3,12
153811,16,7,1,17,8,3,0,1,1,1,2,18,2,2,0.0,0.0,0.0,0.0,0.0,3.0,23,7,10
59192,16,2,3,17,8,3,0,1,1,1,2,36,2,2,0.0,0.0,0.0,0.0,0.0,2.0,11,5,5
21489,16,7,3,14,6,3,0,1,0,1,2,22,2,2,0.0,0.0,0.0,0.0,0.0,3.0,15,3,2
57690,16,3,3,10,6,3,6,1,1,1,2,17,2,2,0.0,0.0,0.0,0.0,0.0,2.0,13,3,5
148006,16,2,3,10,8,3,0,1,1,1,1,19,2,2,0.0,0.0,0.0,0.0,0.0,2.0,12,2,10
177512,16,2,1,17,6,3,0,1,1,1,1,6,2,2,0.0,0.0,0.0,0.0,0.0,3.0,4,7,12
45702,16,2,3,15,3,3,0,1,1,1,0,23,2,2,0.0,0.0,0.0,0.0,0.0,2.0,16,7,4
89064,16,2,1,9,8,3,0,1,0,1,1,28,4,1,3.0,0.0,2.0,0.0,1.0,1.0,1,7,7
80276,17,2,3,7,14,3,0,5,1,1,1,36,2,2,0.0,0.0,0.0,0.0,0.0,1.0,16,6,6
74228,16,11,5,17,2,3,5,1,0,1,2,18,2,3,1.0,0.0,0.0,1.0,0.0,4.0,4,1,6
3159,16,2,0,10,2,3,0,1,0,1,2,19,2,3,1.0,0.0,0.0,1.0,0.0,1.0,18,5,1
73163,16,2,3,0,8,3,0,1,1,1,1,6,3,2,0.0,0.0,0.0,0.0,0.0,3.0,17,6,6
48517,16,2,0,0,8,3,0,1,0,1,1,36,4,1,4.0,0.0,4.0,0.0,0.0,5.0,22,1,4
33474,15,2,3,9,8,3,0,1,1,1,0,18,2,2,0.0,0.0,0.0,0.0,0.0,3.0,8,3,3
77236,16,2,3,17,8,4,0,1,1,1,1,36,2,2,0.0,0.0,0.0,0.0,0.0,3.0,7,3,6
71295,4,2,1,0,2,3,0,1,0,1,2,18,2,3,1.0,0.0,0.0,1.0,0.0,1.0,21,5,5
183214,15,2,4,17,6,3,0,3,1,1,2,18,2,2,0.0,0.0,0.0,0.0,0.0,4.0,15,6,12
87496,16,2,3,0,8,3,0,5,0,1,2,6,2,2,0.0,0.0,0.0,0.0,0.0,2.0,10,3,6
173745,16,2,3,17,10,3,0,1,1,1,2,19,2,2,0.0,0.0,0.0,0.0,0.0,2.0,11,6,12
122360,15,2,3,17,6,3,5,5,0,1,2,36,2,2,0.0,0.0,0.0,0.0,0.0,2.0,15,4,9
89181,16,2,1,0,11,3,0,1,1,1,1,26,2,2,0.0,0.0,0.0,0.0,0.0,2.0,19,1,7
76397,15,2,3,0,6,3,0,1,0,1,2,18,2,2,0.0,0.0,0.0,0.0,0.0,3.0,15,6,6
175939,4,2,3,17,3,3,0,1,1,1,0,19,2,2,0.0,0.0,0.0,0.0,0.0,3.0,11,7,12
55305,16,2,3,15,8,3,0,1,1,1,1,18,2,2,0.0,0.0,0.0,0.0,0.0,2.0,12,5,4
98581,16,2,1,17,11,3,0,1,0,1,2,3,2,2,0.0,0.0,0.0,0.0,0.0,2.0,1,6,7
181616,15,2,3,10,8,3,0,1,1,1,1,19,2,2,0.0,0.0,0.0,0.0,0.0,2.0,7,6,12
176776,16,2,3,15,10,3,0,1,0,1,1,4,2,2,0.0,0.0,0.0,0.0,0.0,2.0,8,4,12
3170,16,2,1,10,8,3,0,1,1,1,2,19,2,2,0.0,0.0,0.0,0.0,0.0,2.0,21,5,1
117447,4,2,1,2,2,3,0,1,0,1,2,36,1,3,2.0,0.0,0.0,2.0,0.0,0.0,0,4,8
183731,16,2,1,15,8,3,6,1,0,1,2,22,2,2,0.0,0.0,0.0,0.0,0.0,2.0,19,6,12
134760,16,2,3,17,6,3,0,1,1,1,2,19,2,2,0.0,0.0,0.0,0.0,0.0,2.0,10,4,9
95602,15,2,3,0,2,3,0,1,0,1,2,5,3,4,2.0,0.0,0.0,0.0,2.0,1.0,8,2,7
144772,15,2,3,0,8,3,0,1,0,1,2,18,2,3,1.0,0.0,0.0,1.0,0.0,1.0,12,7,10
15921,16,2,4,15,2,3,0,1,1,0,2,23,2,2,0.0,0.0,0.0,0.0,0.0,2.0,16,6,2
159633,16,2,3,0,8,3,6,1,0,1,2,6,2,4,1.0,0.0,0.0,0.0,1.0,1.0,13,5,11
16747,16,2,3,0,6,3,0,1,0,1,2,18,2,2,0.0,0.0,0.0,0.0,0.0,2.0,8,7,2
148172,16,7,3,17,2,3,6,1,1,1,1,22,2,2,0.0,0.0,0.0,0.0,0.0,3.0,12,6,10
116911,6,3,3,15,8,3,0,1,1,1,2,23,2,2,0.0,0.0,0.0,0.0,0.0,3.0,11,3,8
23565,16,7,3,0,8,3,6,1,0,1,2,18,2,2,0.0,0.0,0.0,0.0,0.0,3.0,10,2,2
159577,16,2,3,15,8,4,0,1,1,1,2,22,2,2,0.0,0.0,0.0,0.0,0.0,2.0,15,3,11
154084,15,2,1,0,6,3,0,1,1,1,2,5,2,2,0.0,0.0,0.0,0.0,0.0,2.0,23,3,10
52300,15,2,3,0,19,3,0,1,1,1,2,18,2,2,0.0,0.0,0.0,0.0,0.0,2.0,6,6,4
42258,15,3,1,0,8,3,6,1,1,1,2,18,2,2,0.0,0.0,0.0,0.0,0.0,3.0,18,6,4
181438,15,2,3,0,8,3,0,1,0,1,2,18,2,4,1.0,0.0,0.0,0.0,1.0,1.0,14,3,12
61785,15,2,3,0,10,3,0,1,1,1,2,18,2,2,0.0,0.0,0.0,0.0,0.0,2.0,13,4,5
165072,4,2,3,17,15,3,0,1,1,1,2,36,2,2,0.0,0.0,0.0,0.0,0.0,3.0,7,4,11
170994,16,2,3,0,8,3,0,1,0,1,2,6,2,3,1.0,0.0,0.0,1.0,0.0,1.0,13,3,11
153004,15,5,3,0,15,3,6,1,0,1,2,18,2,2,0.0,0.0,0.0,0.0,0.0,2.0,14,3,10
70497,16,2,3,10,8,3,0,1,0,1,1,36,2,3,2.0,0.0,0.0,2.0,0.0,1.0,12,1,5
47142,16,2,3,0,2,3,0,1,0,1,2,6,2,3,1.0,0.0,0.0,1.0,0.0,2.0,15,5,4
107807,16,2,3,10,2,3,6,1,0,1,2,36,2,4,1.0,0.0,0.0,0.0,1.0,1.0,7,4,8
146598,16,2,3,15,8,3,0,1,1,1,1,22,2,2,0.0,0.0,0.0,0.0,0.0,2.0,18,6,10
2275,16,10,3,0,6,3,6,1,1,1,2,17,2,2,0.0,0.0,0.0,0.0,0.0,2.0,7,5,1
17730,16,2,3,10,6,3,0,1,1,1,2,12,2,2,0.0,0.0,0.0,0.0,0.0,2.0,9,2,2
172367,15,10,1,9,6,3,6,1,0,1,0,18,2,4,1.0,0.0,0.0,0.0,1.0,1.0,19,1,12
128133,16,2,2,10,8,3,0,1,1,1,2,12,2,2,0.0,0.0,0.0,0.0,0.0,3.0,7,4,9
173650,16,7,3,0,6,3,6,1,1,1,2,36,2,2,0.0,0.0,0.0,0.0,0.0,2.0,11,1,12
28071,15,2,3,17,15,3,0,1,0,1,2,5,3,4,1.0,0.0,0.0,0.0,1.0,2.0,9,4,2
174593,15,2,1,10,15,3,0,1,1,1,1,17,2,2,0.0,0.0,0.0,0.0,0.0,3.0,1,1,12
3406,4,7,1,10,2,3,6,1,1,1,1,19,2,2,0.0,0.0,0.0,0.0,0.0,3.0,19,6,1
116072,15,2,3,17,10,3,0,1,1,1,2,36,2,2,0.0,0.0,0.0,0.0,0.0,3.0,15,6,8
66298,16,2,3,10,8,3,5,5,1,1,2,36,2,2,0.0,0.0,0.0,0.0,0.0,2.0,15,6,5
133926,16,7,1,17,6,3,6,1,1,1,1,23,2,2,0.0,0.0,0.0,0.0,0.0,2.0,23,6,9
129453,16,2,3,17,6,3,0,1,1,1,2,24,2,2,0.0,0.0,0.0,0.0,0.0,2.0,9,2,9
73546,16,2,3,0,6,3,0,5,1,1,1,36,2,2,0.0,0.0,0.0,0.0,0.0,3.0,19,5,6
108348,15,2,3,17,5,3,0,1,0,1,0,36,2,3,1.0,0.0,0.0,1.0,0.0,1.0,14,6,8
46270,16,2,3,0,8,3,0,1,0,1,2,18,3,4,2.0,0.0,0.0,0.0,2.0,1.0,12,3,4
46795,16,2,3,17,1,3,0,1,1,1,1,23,2,2,0.0,0.0,0.0,0.0,0.0,5.0,15,5,4
65587,16,2,1,17,8,3,0,5,1,1,0,19,2,2,0.0,0.0,0.0,0.0,0.0,2.0,21,6,5
101815,4,2,3,17,8,3,0,1,0,1,2,18,2,3,3.0,0.0,0.0,3.0,0.0,1.0,11,7,7
100821,16,2,1,15,2,3,5,5,1,1,1,6,2,2,0.0,0.0,0.0,0.0,0.0,2.0,6,5,7
110102,16,2,3,17,6,3,0,1,1,1,0,36,2,2,0.0,0.0,0.0,0.0,0.0,2.0,13,5,8
147087,15,2,0,0,8,3,0,1,0,1,2,36,2,2,0.0,0.0,0.0,0.0,0.0,2.0,20,5,10
7126,15,10,4,0,10,3,1,1,1,1,2,5,2,2,0.0,0.0,0.0,0.0,0.0,2.0,17,3,1
178335,16,2,3,0,11,3,0,1,0,1,2,36,2,4,1.0,0.0,0.0,0.0,1.0,2.0,8,3,12
27026,16,6,3,10,6,3,6,4,0,1,2,28,3,4,1.0,0.0,0.0,0.0,1.0,2.0,8,7,2
100307,16,2,3,17,2,3,0,1,1,1,2,22,2,2,0.0,0.0,0.0,0.0,0.0,2.0,9,4,7
55778,15,2,0,0,6,3,0,5,0,1,2,36,2,2,0.0,0.0,0.0,0.0,0.0,5.0,20,6,4
32583,16,2,0,9,8,3,0,1,0,1,1,18,2,3,1.0,0.0,0.0,1.0,0.0,1.0,19,1,3
75015,16,2,3,10,8,3,0,1,1,1,0,19,3,2,0.0,0.0,0.0,0.0,0.0,3.0,10,4,6
86412,4,2,3,17,8,3,0,5,1,1,1,23,2,2,0.0,0.0,0.0,0.0,0.0,2.0,12,6,6
28222,16,2,3,9,8,3,0,1,0,1,2,18,2,3,1.0,0.0,0.0,1.0,0.0,1.0,9,5,2
21318,4,2,3,17,8,3,0,1,0,0,2,31,2,2,0.0,0.0,0.0,0.0,0.0,2.0,7,6,2
29825,10,2,3,10,6,3,0,1,0,1,2,17,2,2,0.0,0.0,0.0,0.0,0.0,2.0,16,5,3
98755,16,7,2,10,8,3,6,1,1,0,1,36,2,2,0.0,0.0,0.0,0.0,0.0,2.0,5,7,7
65784,16,3,3,10,2,3,0,1,1,1,1,30,2,2,0.0,0.0,0.0,0.0,0.0,2.0,12,4,5
159048,16,2,0,17,8,3,0,1,1,1,1,24,2,2,0.0,0.0,0.0,0.0,0.0,2.0,17,2,11
141439,16,2,3,10,8,3,0,5,1,1,2,36,2,2,0.0,0.0,0.0,0.0,0.0,2.0,16,6,10
84788,15,2,3,17,8,3,0,1,0,1,2,36,3,3,1.0,0.0,0.0,1.0,0.0,2.0,4,3,6
147341,4,2,1,17,7,3,5,5,1,1,2,18,2,2,0.0,0.0,0.0,0.0,0.0,6.0,21,3,10
80639,16,2,3,2,8,3,0,1,0,1,2,36,1,2,0.0,0.0,0.0,0.0,0.0,2.0,14,5,6
16907,16,2,3,17,8,3,6,1,0,1,1,18,2,3,1.0,0.0,0.0,1.0,0.0,1.0,6,2,2
38463,4,2,1,17,11,3,0,1,1,1,2,23,2,2,0.0,0.0,0.0,0.0,0.0,2.0,19,5,3
15795,16,3,3,10,2,3,6,1,1,1,0,19,2,2,0.0,0.0,0.0,0.0,0.0,2.0,8,3,2
172102,16,2,4,9,2,3,0,1,0,1,1,18,2,3,1.0,0.0,0.0,1.0,0.0,1.0,17,7,11
10620,15,9,3,0,8,3,6,1,1,1,1,36,2,2,0.0,0.0,0.0,0.0,0.0,2.0,15,3,1
181227,16,7,3,15,6,3,6,1,1,1,2,23,2,2,0.0,0.0,0.0,0.0,0.0,2.0,12,7,12
128015,16,2,1,17,8,3,0,1,0,1,2,6,2,3,2.0,0.0,0.0,2.0,0.0,1.0,21,2,9
93252,15,5,1,0,6,3,6,1,1,1,2,39,2,2,0.0,0.0,0.0,0.0,0.0,4.0,22,1,7
19745,4,2,3,17,0,3,5,5,1,1,2,18,2,2,0.0,0.0,0.0,0.0,0.0,2.0,15,2,2
99181,16,2,3,17,3,3,0,1,0,1,2,18,3,2,0.0,0.0,0.0,0.0,0.0,3.0,18,2,7
42564,16,2,3,10,6,3,0,5,1,1,2,12,3,2,0.0,0.0,0.0,0.0,0.0,6.0,7,6,4
175167,16,2,3,17,3,3,0,1,1,1,2,24,2,2,0.0,0.0,0.0,0.0,0.0,2.0,13,2,12
171668,16,2,3,17,2,3,0,1,1,1,2,23,2,2,0.0,0.0,0.0,0.0,0.0,2.0,12,5,11
171563,15,2,1,0,6,3,0,1,0,1,2,18,2,2,0.0,0.0,0.0,0.0,0.0,2.0,21,6,11
112393,16,2,3,17,3,3,0,1,1,1,1,18,2,2,0.0,0.0,0.0,0.0,0.0,2.0,16,6,8
104456,16,2,3,15,8,3,0,2,0,0,2,13,2,2,0.0,0.0,0.0,0.0,0.0,3.0,16,5,8
179407,4,2,1,0,2,3,0,1,1,1,2,24,2,2,0.0,0.0,0.0,0.0,0.0,2.0,19,6,12
187061,16,10,1,17,3,3,4,5,0,1,2,36,2,3,1.0,0.0,0.0,1.0,0.0,1.0,18,5,12
150237,15,2,0,0,6,3,0,1,0,1,2,18,2,2,0.0,0.0,0.0,0.0,0.0,4.0,23,1,10
15733,15,2,3,0,18,3,0,1,0,1,2,5,2,2,0.0,0.0,0.0,0.0,0.0,2.0,14,1,2
56427,16,2,3,10,6,3,0,1,0,1,2,19,2,2,0.0,0.0,0.0,0.0,0.0,2.0,16,4,5
105643,16,2,3,17,8,3,0,1,0,1,2,13,3,4,1.0,0.0,0.0,0.0,1.0,2.0,8,6,8
175973,16,2,4,17,2,3,0,1,1,1,2,36,2,2,0.0,0.0,0.0,0.0,0.0,3.0,5,5,12
184895,15,2,1,0,6,3,0,1,0,1,2,5,2,3,3.0,0.0,0.0,3.0,0.0,1.0,22,2,12
74667,15,2,3,10,2,3,0,1,0,1,1,30,2,4,1.0,0.0,0.0,0.0,1.0,2.0,12,7,6
76962,16,2,3,0,8,3,0,1,1,1,2,18,2,2,0.0,0.0,0.0,0.0,0.0,2.0,15,7,6
46539,16,2,3,10,6,3,0,1,1,1,1,8,2,2,0.0,0.0,0.0,0.0,0.0,4.0,15,1,4
41439,4,2,3,7,8,3,0,1,1,1,1,24,2,2,0.0,0.0,0.0,0.0,0.0,1.0,7,6,3
18331,16,10,1,17,3,3,4,1,1,1,2,36,2,2,0.0,0.0,0.0,0.0,0.0,3.0,18,5,2
101272,16,2,3,10,2,3,0,5,1,1,2,19,2,2,0.0,0.0,0.0,0.0,0.0,10.0,17,5,7
175462,16,2,3,10,2,3,0,1,1,1,2,19,2,2,0.0,0.0,0.0,0.0,0.0,3.0,15,5,12
80785,4,2,3,0,8,3,0,1,1,1,2,18,2,2,0.0,0.0,0.0,0.0,0.0,4.0,12,6,6
181706,15,2,1,0,8,3,0,5,0,1,2,36,2,2,0.0,0.0,0.0,0.0,0.0,2.0,22,7,12
44759,16,2,3,10,6,3,0,1,0,1,2,36,2,2,0.0,0.0,0.0,0.0,0.0,2.0,15,4,4
174852,15,2,1,17,15,3,0,1,0,1,2,18,3,3,7.0,0.0,0.0,7.0,0.0,0.0,19,5,12
173886,16,2,3,15,2,3,0,1,1,1,0,18,2,2,0.0,0.0,0.0,0.0,0.0,2.0,11,3,12
103471,15,2,3,17,8,3,0,1,1,1,2,36,2,2,0.0,0.0,0.0,0.0,0.0,2.0,14,3,7
7865,15,2,1,10,8,3,0,1,1,1,0,36,2,2,0.0,0.0,0.0,0.0,0.0,2.0,1,1,1
153155,16,2,1,0,6,3,0,1,0,1,2,6,2,3,1.0,0.0,0.0,1.0,0.0,1.0,3,5,10
141128,16,3,3,17,2,3,6,1,0,1,2,6,2,3,3.0,0.0,0.0,2.0,1.0,0.0,14,1,10
24838,16,2,3,17,2,3,0,1,1,1,1,22,2,2,0.0,0.0,0.0,0.0,0.0,2.0,8,4,2
139123,16,7,1,9,8,3,6,1,0,1,0,17,2,1,1.0,0.0,1.0,0.0,0.0,1.0,21,1,10
146947,16,2,4,10,8,3,0,1,1,1,2,19,2,2,0.0,0.0,0.0,0.0,0.0,2.0,18,3,10
131011,16,2,3,10,8,3,0,1,1,1,1,17,2,2,0.0,0.0,0.0,0.0,0.0,3.0,15,2,9
76138,15,2,3,0,11,3,0,1,1,1,0,18,2,2,0.0,0.0,0.0,0.0,0.0,5.0,10,7,6
31014,4,2,3,2,11,3,0,1,0,1,2,12,1,2,0.0,0.0,0.0,0.0,0.0,1.0,13,4,3
44357,16,2,3,10,8,3,0,1,1,1,1,36,2,2,0.0,0.0,0.0,0.0,0.0,3.0,8,3,4
172618,16,2,0,9,6,3,0,1,0,1,2,18,2,3,1.0,0.0,0.0,1.0,0.0,1.0,18,6,12
155856,16,2,3,0,6,3,6,1,0,1,2,6,2,2,0.0,0.0,0.0,0.0,0.0,2.0,13,6,11
94850,16,2,3,7,3,3,0,1,0,0,2,23,2,4,1.0,0.0,0.0,0.0,1.0,2.0,8,5,7
122891,4,2,3,2,3,3,0,3,1,0,2,36,1,2,0.0,0.0,0.0,0.0,0.0,1.0,13,5,9
50249,16,2,3,10,8,3,0,5,1,1,2,19,2,2,0.0,0.0,0.0,0.0,0.0,3.0,7,5,4
95170,16,2,3,10,10,3,0,1,1,1,1,19,2,2,0.0,0.0,0.0,0.0,0.0,2.0,13,4,7
72383,4,2,3,15,3,3,0,1,0,0,2,23,2,3,1.0,0.0,0.0,1.0,0.0,1.0,17,7,6
66063,16,2,3,17,2,3,0,1,0,1,2,24,2,3,2.0,0.0,0.0,2.0,0.0,0.0,6,7,5
178738,16,2,2,10,6,3,0,1,1,1,1,17,2,2,0.0,0.0,0.0,0.0,0.0,2.0,4,3,12
66236,15,2,3,17,10,3,0,1,1,1,2,22,2,2,0.0,0.0,0.0,0.0,0.0,2.0,11,3,5
89498,15,2,3,2,15,3,0,1,1,1,0,19,2,2,0.0,0.0,0.0,0.0,0.0,2.0,18,5,7
155332,15,2,1,17,6,3,6,1,1,1,2,28,2,2,0.0,0.0,0.0,0.0,0.0,2.0,21,5,10
1525,16,2,1,10,10,3,0,1,0,1,2,19,2,2,0.0,0.0,0.0,0.0,0.0,3.0,19,5,1
62153,16,3,3,0,11,3,6,1,1,1,2,6,2,2,0.0,0.0,0.0,0.0,0.0,8.0,9,1,5
88959,16,2,3,17,6,3,0,1,1,1,2,36,2,2,0.0,0.0,0.0,0.0,0.0,2.0,17,4,7
131610,16,2,3,17,10,3,0,1,0,1,2,24,2,4,1.0,0.0,0.0,0.0,1.0,1.0,14,3,9
80049,16,2,1,17,8,3,0,1,0,1,2,18,2,2,0.0,0.0,0.0,0.0,0.0,2.0,21,1,6
82852,16,2,3,0,6,3,0,1,0,1,2,6,2,4,1.0,0.0,0.0,0.0,1.0,2.0,9,1,6
47703,16,2,1,0,8,3,0,1,0,1,2,18,2,2,0.0,0.0,0.0,0.0,0.0,2.0,2,7,4
93289,4,2,4,17,6,3,0,1,0,1,2,36,2,4,1.0,0.0,0.0,0.0,1.0,1.0,17,2,7
51829,16,2,3,10,3,3,0,1,1,1,2,36,2,2,0.0,0.0,0.0,0.0,0.0,2.0,13,5,4
90010,16,2,3,17,6,4,0,1,0,1,2,24,2,4,1.0,0.0,0.0,0.0,1.0,1.0,12,6,7
163008,4,2,1,17,2,3,0,1,0,1,1,21,2,4,1.0,0.0,0.0,0.0,1.0,1.0,17,7,11
61815,4,2,3,15,3,3,0,3,1,1,1,19,2,2,0.0,0.0,0.0,0.0,0.0,2.0,7,4,5
68138,4,2,3,17,10,3,0,1,1,1,1,36,2,2,0.0,0.0,0.0,0.0,0.0,2.0,20,5,5
176294,16,2,3,15,6,3,0,1,1,1,0,23,2,2,0.0,0.0,0.0,0.0,0.0,4.0,15,5,12
183637,4,2,4,17,11,3,0,1,1,1,2,22,2,2,0.0,0.0,0.0,0.0,0.0,2.0,16,5,12
153706,15,2,3,0,6,3,0,1,0,1,2,18,2,2,0.0,0.0,0.0,0.0,0.0,3.0,16,6,10
173644,16,7,3,10,6,3,6,1,0,1,2,17,2,3,1.0,0.0,0.0,1.0,0.0,2.0,10,1,12
96052,6,2,3,7,10,3,0,1,1,0,1,36,2,2,0.0,0.0,0.0,0.0,0.0,1.0,16,2,7
158167,15,7,1,0,8,3,6,5,0,1,2,18,2,2,0.0,0.0,0.0,0.0,0.0,2.0,20,2,11
127624,16,2,3,17,6,3,0,1,0,1,2,24,2,1,1.0,0.0,1.0,0.0,0.0,2.0,17,4,9
128000,18,2,3,0,15,3,0,1,0,0,2,36,2,2,0.0,0.0,0.0,0.0,0.0,4.0,16,2,9
104789,16,2,1,17,3,3,0,1,1,0,2,24,2,2,0.0,0.0,0.0,0.0,0.0,2.0,23,1,8
167101,16,2,1,10,8,3,0,1,1,1,2,17,3,2,0.0,0.0,0.0,0.0,0.0,3.0,21,3,11
140578,16,2,2,0,8,3,0,1,0,1,2,6,2,2,0.0,0.0,0.0,0.0,0.0,3.0,20,7,10
33832,4,2,3,9,8,3,4,1,1,1,2,36,2,2,0.0,0.0,0.0,0.0,0.0,3.0,15,2,3
25327,4,3,3,17,2,3,0,1,0,1,1,18,2,4,1.0,0.0,0.0,0.0,1.0,2.0,11,6,2
79152,15,2,3,0,6,3,0,1,0,1,2,18,3,1,1.0,0.0,1.0,0.0,0.0,1.0,11,3,6
70921,16,2,3,10,8,3,0,1,1,1,0,19,2,2,0.0,0.0,0.0,0.0,0.0,2.0,17,1,5
136915,16,2,3,15,3,3,0,1,1,1,2,18,2,2,0.0,0.0,0.0,0.0,0.0,2.0,15,6,9
14491,15,6,3,0,2,3,5,5,0,1,2,5,2,3,2.0,0.0,0.0,2.0,0.0,6.0,15,2,1
45780,16,2,1,4,3,3,0,1,0,0,2,22,1,4,2.0,0.0,0.0,0.0,2.0,0.0,20,2,4
44197,15,2,1,2,10,3,0,1,0,1,2,9,1,3,2.0,0.0,0.0,2.0,0.0,0.0,0,5,4
14012,16,2,3,0,19,3,0,1,0,1,2,18,2,3,2.0,0.0,0.0,2.0,0.0,1.0,14,7,1
153701,15,2,3,0,8,3,0,1,0,1,2,18,2,3,4.0,0.0,0.0,4.0,0.0,0.0,16,6,10
135462,4,2,3,0,8,3,0,1,1,1,2,5,2,2,0.0,0.0,0.0,0.0,0.0,2.0,9,5,9
141472,16,7,3,15,10,3,6,1,1,1,2,18,2,2,0.0,0.0,0.0,0.0,0.0,2.0,9,6,10
92708,16,3,3,10,8,3,5,5,1,0,2,26,3,2,0.0,0.0,0.0,0.0,0.0,3.0,7,7,7
178375,16,2,3,17,8,3,0,1,1,1,1,36,2,2,0.0,0.0,0.0,0.0,0.0,2.0,15,4,12
56876,16,3,3,15,6,3,0,5,1,1,0,36,2,2,0.0,0.0,0.0,0.0,0.0,2.0,9,3,5
20361,16,2,3,0,6,3,0,1,1,1,2,36,2,2,0.0,0.0,0.0,0.0,0.0,2.0,17,6,2
29694,16,2,4,10,8,3,0,1,1,1,1,19,2,2,0.0,0.0,0.0,0.0,0.0,5.0,17,2,3
151639,16,3,3,9,8,3,0,1,0,1,2,6,2,3,1.0,0.0,0.0,1.0,0.0,2.0,15,5,10
78856,16,3,3,0,8,3,0,1,0,1,2,6,2,2,0.0,0.0,0.0,0.0,0.0,3.0,12,5,6
65169,16,2,1,17,10,3,0,1,1,1,1,36,2,2,0.0,0.0,0.0,0.0,0.0,2.0,22,7,5
123980,16,2,1,10,10,3,0,1,0,1,2,19,2,4,1.0,0.0,0.0,0.0,1.0,2.0,2,7,9
70537,16,2,1,17,2,3,0,5,0,1,2,18,2,4,1.0,0.0,0.0,0.0,1.0,1.0,19,2,5
99245,16,2,3,17,2,3,0,5,1,1,2,26,2,2,0.0,0.0,0.0,0.0,0.0,3.0,18,1,7
27557,16,2,3,17,3,3,0,1,1,1,2,36,2,2,0.0,0.0,0.0,0.0,0.0,2.0,12,2,2
149516,15,2,3,14,8,3,0,1,1,1,2,36,2,2,0.0,0.0,0.0,0.0,0.0,2.0,15,6,10
157273,16,3,3,0,3,3,5,5,1,1,1,36,2,2,0.0,0.0,0.0,0.0,0.0,4.0,15,6,11
141553,16,2,3,7,8,3,0,1,0,1,2,36,3,2,0.0,0.0,0.0,0.0,0.0,5.0,12,7,10
166484,15,2,1,0,8,3,0,1,0,1,2,36,2,4,1.0,0.0,0.0,0.0,1.0,2.0,20,1,11
168121,16,2,3,17,2,3,0,1,1,1,2,18,3,2,0.0,0.0,0.0,0.0,0.0,3.0,7,2,11
110470,16,2,3,10,8,3,0,1,0,1,2,19,2,3,1.0,0.0,0.0,1.0,0.0,2.0,10,2,8
131484,16,2,1,10,6,3,0,1,0,1,2,21,2,4,1.0,0.0,0.0,0.0,1.0,3.0,1,1,9
22158,16,2,3,10,2,3,0,1,1,1,2,19,2,2,0.0,0.0,0.0,0.0,0.0,3.0,8,6,2
183454,16,2,1,10,2,3,0,1,1,1,2,19,3,2,0.0,0.0,0.0,0.0,0.0,3.0,3,4,12
170011,15,2,1,0,6,3,6,1,0,1,1,18,2,2,0.0,0.0,0.0,0.0,0.0,3.0,18,1,11
44710,4,2,3,0,8,3,0,1,0,1,2,36,2,4,1.0,0.0,0.0,0.0,1.0,1.0,17,3,4
53406,4,2,3,17,6,3,0,1,1,1,2,18,2,2,0.0,0.0,0.0,0.0,0.0,2.0,7,5,4
79316,16,2,3,15,2,3,0,1,1,1,2,36,2,2,0.0,0.0,0.0,0.0,0.0,2.0,13,4,6
8928,15,2,1,0,2,3,0,1,1,1,2,36,2,2,0.0,0.0,0.0,0.0,0.0,3.0,17,3,1
150507,16,2,3,0,11,3,0,1,0,1,2,6,2,2,0.0,0.0,0.0,0.0,0.0,2.0,12,3,10
125901,15,2,3,8,6,3,0,1,0,1,1,36,2,3,1.0,0.0,0.0,1.0,0.0,1.0,14,1,9
135108,16,2,4,0,6,3,0,5,0,1,2,6,2,1,1.0,0.0,1.0,0.0,0.0,1.0,18,1,9
61012,16,2,3,15,2,3,0,1,1,1,2,22,2,2,0.0,0.0,0.0,0.0,0.0,2.0,7,6,5