crash_date,               traffic_control_device,weather_condition,lighting_condition,first_crash_type,trafficway_type,alignment,roadway_surface_cond,road_defect,crash_type,intersection_related_i,damage,prim_contributory_cause,num_units,most_severe_injury,injuries_total,injuries_fatal,injuries_incapacitating,injuries_non_incapacitating,injuries_reported_not_evident,injuries_no_indication,crash_hour,crash_day_of_week,crash_month
16155,16,2,1,17,11,3,0,1,1,1,2,36,2,2,0.0,0.0,0.0,0.0,0.0,2.0,22,2,2
123438,16,2,3,8,2,3,0,1,0,1,2,18,2,3,1.0,0.0,0.0,1.0,0.0,1.0,15,6,9
7259,4,2,3,17,2,3,0,1,0,1,2,24,2,2,0.0,0.0,0.0,0.0,0.0,4.0,14,6,1
90083,16,2,1,17,6,3,0,5,0,1,2,6,2,2,0.0,0.0,0.0,0.0,0.0,2.0,23,1,7
142697,15,2,3,9,8,3,5,5,0,1,2,18,2,4,1.0,0.0,0.0,0.0,1.0,1.0,8,4,10
68417,4,11,3,0,10,3,5,5,1,1,1,36,2,2,0.0,0.0,0.0,0.0,0.0,3.0,15,4,5
1460,4,2,3,0,15,3,0,1,0,1,2,18,2,2,0.0,0.0,0.0,0.0,0.0,4.0,12,6,1
9779,16,2,3,15,15,3,0,5,1,1,1,36,2,2,0.0,0.0,0.0,0.0,0.0,2.0,14,4,1
187234,15,2,3,0,10,3,0,1,0,1,2,36,2,4,2.0,0.0,0.0,0.0,2.0,1.0,14,2,12
111651,17,2,4,10,8,3,0,5,1,1,2,36,2,2,0.0,0.0,0.0,0.0,0.0,2.0,20,7,8
12880,17,11,5,15,8,3,5,5,1,1,2,12,2,2,0.0,0.0,0.0,0.0,0.0,2.0,8,6,1
145748,16,2,3,17,6,3,0,1,0,1,2,23,2,2,0.0,0.0,0.0,0.0,0.0,3.0,9,2,10
77355,16,2,3,0,15,3,0,1,0,1,2,6,2,2,0.0,0.0,0.0,0.0,0.0,2.0,17,6,6
46646,16,2,3,17,8,3,0,1,0,1,2,18,3,3,3.0,0.0,0.0,3.0,0.0,2.0,16,4,4
137986,16,2,1,10,2,3,0,1,0,1,2,36,2,3,1.0,0.0,0.0,1.0,0.0,2.0,19,7,10
174153,16,2,3,17,8,3,0,1,0,1,2,36,2,4,2.0,0.0,0.0,0.0,2.0,1.0,12,1,12
111602,15,2,3,0,8,3,0,5,1,1,2,18,2,2,0.0,0.0,0.0,0.0,0.0,3.0,21,5,8
147083,4,2,3,0,8,3,0,1,1,1,2,23,2,2,0.0,0.0,0.0,0.0,0.0,2.0,19,5,10
24447,16,3,3,0,17,3,5,5,1,1,0,36,2,2,0.0,0.0,0.0,0.0,0.0,2.0,13,4,2
134451,16,2,1,17,6,3,6,1,1,1,2,18,2,2,0.0,0.0,0.0,0.0,0.0,4.0,1,7,9
48531,16,2,1,10,6,3,0,1,0,1,2,37,2,4,1.0,0.0,0.0,0.0,1.0,2.0,0,1,4
8079,15,7,1,17,2,3,6,1,1,1,1,18,2,2,0.0,0.0,0.0,0.0,0.0,2.0,3,3,1
132598,16,2,3,17,8,3,0,1,1,1,0,8,2,2,0.0,0.0,0.0,0.0,0.0,2.0,12,7,9
184470,4,2,0,15,10,3,0,1,0,1,2,13,2,3,1.0,0.0,0.0,1.0,0.0,2.0,19,4,12
184197,15,2,3,10,2,3,0,1,1,1,0,36,2,2,0.0,0.0,0.0,0.0,0.0,3.0,12,5,12
135807,4,2,1,17,15,3,0,1,1,1,2,36,2,2,0.0,0.0,0.0,0.0,0.0,2.0,5,6,9
181925,16,2,1,10,8,5,0,1,1,1,2,36,2,2,0.0,0.0,0.0,0.0,0.0,3.0,18,2,12
110818,4,2,4,7,8,3,0,1,1,1,1,17,2,2,0.0,0.0,0.0,0.0,0.0,1.0,3,3,8
15856,16,2,3,0,6,3,0,5,1,1,1,6,2,2,0.0,0.0,0.0,0.0,0.0,2.0,13,5,2
127630,4,2,3,0,8,3,0,1,0,0,2,18,2,2,0.0,0.0,0.0,0.0,0.0,2.0,6,4,9
165681,15,2,3,11,6,3,0,1,1,1,0,21,2,2,0.0,0.0,0.0,0.0,0.0,2.0,12,5,11
35039,15,2,0,17,6,3,0,5,0,1,2,36,2,2,0.0,0.0,0.0,0.0,0.0,2.0,19,1,3
80735,15,2,3,17,8,3,0,1,1,1,2,18,2,2,0.0,0.0,0.0,0.0,0.0,2.0,18,6,6
106809,16,2,3,17,15,3,0,1,1,1,2,36,2,2,0.0,0.0,0.0,0.0,0.0,2.0,15,3,8
72506,16,2,3,0,6,3,0,1,0,1,2,11,2,2,0.0,0.0,0.0,0.0,0.0,2.0,18,3,6
43033,4,2,3,17,8,3,0,1,0,1,2,24,2,4,1.0,0.0,0.0,0.0,1.0,1.0,15,1,4
36176,17,2,4,17,10,3,0,5,1,1,1,36,2,2,0.0,0.0,0.0,0.0,0.0,2.0,22,6,3
50959,16,2,3,17,8,3,0,1,1,1,2,36,2,2,0.0,0.0,0.0,0.0,0.0,4.0,11,2,4
57299,15,7,1,17,10,2,6,1,1,1,2,17,2,2,0.0,0.0,0.0,0.0,0.0,2.0,20,3,5
5498,16,2,1,17,3,3,0,1,0,1,2,18,2,4,2.0,0.0,0.0,0.0,2.0,2.0,18,6,1
87771,16,2,1,10,15,3,0,1,0,0,2,17,2,3,2.0,0.0,0.0,2.0,0.0,1.0,0,1,6
180543,16,2,3,17,8,3,0,1,1,1,1,36,2,2,0.0,0.0,0.0,0.0,0.0,2.0,11,5,12
17691,4,2,3,9,6,3,0,1,0,1,0,36,2,4,1.0,0.0,0.0,0.0,1.0,1.0,17,2,2
43354,16,3,3,0,6,3,0,1,0,1,2,6,2,2,0.0,0.0,0.0,0.0,0.0,2.0,8,6,4
127424,16,2,3,0,18,3,0,5,1,1,2,17,2,2,0.0,0.0,0.0,0.0,0.0,3.0,12,6,9
103117,16,2,3,15,1,3,0,5,1,1,2,26,2,2,0.0,0.0,0.0,0.0,0.0,2.0,14,6,7
98360,15,2,1,17,6,3,0,1,1,1,1,11,2,2,0.0,0.0,0.0,0.0,0.0,3.0,23,1,7
59714,16,2,1,15,3,3,0,1,0,1,2,22,2,3,2.0,0.0,0.0,2.0,0.0,2.0,22,6,5
90427,15,2,1,0,11,3,0,1,1,1,1,36,2,2,0.0,0.0,0.0,0.0,0.0,2.0,21,5,7
86566,4,2,3,17,8,3,0,1,0,1,1,18,2,3,1.0,0.0,0.0,1.0,0.0,1.0,18,3,6
57742,4,2,3,10,8,3,0,1,1,1,0,36,2,2,0.0,0.0,0.0,0.0,0.0,4.0,16,4,5
161228,16,2,3,8,8,3,0,1,0,1,2,18,2,3,1.0,0.0,0.0,1.0,0.0,1.0,16,6,11
99672,16,2,3,17,8,3,5,5,0,1,2,36,2,3,1.0,0.0,0.0,1.0,0.0,1.0,17,3,7
137134,15,2,3,0,10,3,0,1,0,1,2,5,2,4,1.0,0.0,0.0,0.0,1.0,1.0,13,1,9
132848,16,2,1,10,10,3,0,1,1,1,2,36,2,2,0.0,0.0,0.0,0.0,0.0,3.0,21,5,9
140137,15,2,3,10,8,3,0,1,1,0,2,19,2,2,0.0,0.0,0.0,0.0,0.0,2.0,8,2,10
170587,15,2,0,2,8,3,0,1,0,1,2,12,1,2,0.0,0.0,0.0,0.0,0.0,2.0,19,4,11
164600,4,7,3,17,8,3,6,1,0,1,2,18,2,2,0.0,0.0,0.0,0.0,0.0,3.0,12,4,11
103707,16,2,3,0,6,3,0,1,0,1,2,36,2,4,3.0,0.0,0.0,0.0,3.0,1.0,6,7,7
17687,16,2,3,17,6,3,0,1,0,1,2,36,2,2,0.0,0.0,0.0,0.0,0.0,2.0,16,2,2
117065,4,3,3,11,8,3,6,5,1,1,1,28,2,2,0.0,0.0,0.0,0.0,0.0,2.0,11,5,8
186142,16,2,3,17,8,3,0,1,0,1,2,38,2,3,2.0,0.0,0.0,2.0,0.0,0.0,7,4,12
36746,4,2,3,5,3,3,0,1,0,1,2,12,1,2,0.0,0.0,0.0,0.0,0.0,1.0,17,2,3
45378,15,2,3,15,11,3,0,1,1,1,1,23,2,2,0.0,0.0,0.0,0.0,0.0,2.0,14,7,4
137451,15,2,3,9,3,4,0,5,0,1,0,36,2,1,1.0,0.0,1.0,0.0,0.0,1.0,13,7,9
179956,15,2,1,0,8,3,0,1,1,1,2,6,2,2,0.0,0.0,0.0,0.0,0.0,2.0,17,5,12
53379,4,2,5,14,8,3,5,5,0,0,2,36,2,3,1.0,0.0,0.0,1.0,0.0,1.0,3,5,4
22723,15,7,1,9,6,3,6,1,0,1,0,18,2,1,1.0,0.0,1.0,0.0,0.0,1.0,18,2,2
170765,15,3,3,0,2,2,1,1,0,1,2,18,2,2,0.0,0.0,0.0,0.0,0.0,2.0,10,4,11
115308,16,2,3,17,8,3,0,1,0,1,2,24,2,2,0.0,0.0,0.0,0.0,0.0,3.0,17,7,8
174811,16,10,3,17,6,3,6,1,0,1,2,18,2,2,0.0,0.0,0.0,0.0,0.0,2.0,9,3,12
101680,16,2,3,15,8,3,0,6,0,1,2,36,2,2,0.0,0.0,0.0,0.0,0.0,2.0,13,5,7
87332,4,2,3,0,11,4,0,1,1,1,1,18,2,2,0.0,0.0,0.0,0.0,0.0,2.0,19,7,6
53698,4,2,3,17,2,3,0,1,1,0,2,33,2,2,0.0,0.0,0.0,0.0,0.0,2.0,9,1,4
40930,15,2,1,0,6,3,0,1,1,1,2,5,2,2,0.0,0.0,0.0,0.0,0.0,2.0,23,3,3
94325,15,2,1,0,6,3,0,1,0,1,2,18,2,3,1.0,0.0,0.0,1.0,0.0,3.0,1,4,7
28441,15,2,1,10,6,3,0,1,0,1,2,37,2,3,1.0,0.0,0.0,1.0,0.0,1.0,3,1,3
99100,16,2,3,17,3,3,0,1,0,1,2,26,2,2,0.0,0.0,0.0,0.0,0.0,2.0,15,7,7
86672,16,7,3,0,6,3,6,5,0,1,2,26,4,3,3.0,0.0,0.0,2.0,1.0,8.0,18,6,6
22958,15,2,3,0,6,3,6,1,1,1,2,18,2,2,0.0,0.0,0.0,0.0,0.0,2.0,11,6,2
47159,15,2,3,0,8,3,0,1,1,1,2,36,2,2,0.0,0.0,0.0,0.0,0.0,2.0,18,5,4
129917,16,3,3,10,8,3,0,1,1,1,2,19,2,2,0.0,0.0,0.0,0.0,0.0,2.0,9,7,9
135229,15,7,3,0,6,3,6,1,1,1,1,18,2,2,0.0,0.0,0.0,0.0,0.0,2.0,8,3,9
162824,4,2,3,17,8,3,0,1,1,1,1,36,2,2,0.0,0.0,0.0,0.0,0.0,2.0,15,1,11
166677,15,2,4,10,6,3,0,1,1,1,1,19,2,2,0.0,0.0,0.0,0.0,0.0,3.0,16,6,11
107515,16,2,3,0,6,3,0,1,0,1,2,6,2,4,1.0,0.0,0.0,0.0,1.0,2.0,11,7,8
136403,15,2,3,0,2,3,0,1,1,1,2,36,2,2,0.0,0.0,0.0,0.0,0.0,2.0,10,5,9
111828,4,2,3,15,8,3,0,1,1,0,2,23,2,2,0.0,0.0,0.0,0.0,0.0,2.0,18,3,8
120934,16,2,1,17,6,3,0,1,1,1,2,23,2,2,0.0,0.0,0.0,0.0,0.0,3.0,1,6,9
79221,16,7,1,10,6,3,5,5,1,0,2,19,2,2,0.0,0.0,0.0,0.0,0.0,2.0,0,4,6
30806,2,7,1,0,8,3,6,1,0,0,2,6,2,1,1.0,0.0,1.0,0.0,0.0,2.0,1,1,3
10179,16,2,3,17,2,3,0,1,0,1,2,22,2,2,0.0,0.0,0.0,0.0,0.0,2.0,13,3,1
57643,16,2,1,17,3,3,0,1,1,1,2,24,2,2,0.0,0.0,0.0,0.0,0.0,2.0,23,7,5
98165,15,2,3,10,8,3,0,1,0,1,2,17,2,2,0.0,0.0,0.0,0.0,0.0,2.0,16,5,7
56774,16,2,1,17,1,3,0,1,0,1,2,18,2,2,0.0,0.0,0.0,0.0,0.0,2.0,23,1,5
69491,16,2,3,17,3,3,0,1,1,1,2,36,2,2,0.0,0.0,0.0,0.0,0.0,2.0,17,6,5
84438,15,7,3,0,6,3,6,1,0,1,2,36,2,2,0.0,0.0,0.0,0.0,0.0,3.0,14,5,6
55897,16,7,3,17,6,3,6,1,1,1,2,18,2,2,0.0,0.0,0.0,0.0,0.0,2.0,15,1,4
55795,15,2,1,0,8,3,0,1,1,1,0,18,2,2,0.0,0.0,0.0,0.0,0.0,2.0,23,6,4
103038,15,2,3,0,8,3,0,1,0,1,2,18,2,2,0.0,0.0,0.0,0.0,0.0,3.0,11,3,7
169312,4,2,3,0,3,3,0,1,0,1,2,36,2,3,3.0,0.0,0.0,3.0,0.0,1.0,8,2,11
107859,4,2,3,0,6,3,0,1,0,1,2,18,3,2,0.0,0.0,0.0,0.0,0.0,6.0,17,5,8
185564,4,10,0,7,8,3,4,1,1,0,1,36,2,2,0.0,0.0,0.0,0.0,0.0,1.0,18,7,12
41912,15,2,1,9,2,3,0,5,0,1,2,18,2,3,1.0,0.0,0.0,1.0,0.0,1.0,0,7,3
79310,16,2,3,15,10,3,0,5,1,1,2,23,2,2,0.0,0.0,0.0,0.0,0.0,2.0,12,6,6
27531,16,2,1,10,6,3,0,1,1,1,1,36,2,2,0.0,0.0,0.0,0.0,0.0,3.0,19,2,2
27855,16,2,1,9,8,3,0,1,0,1,2,18,2,1,1.0,0.0,1.0,0.0,0.0,1.0,21,6,2
2892,16,10,1,11,8,3,6,1,1,0,0,21,2,2,0.0,0.0,0.0,0.0,0.0,2.0,17,2,1
73192,16,2,3,17,2,3,0,5,1,1,0,24,2,2,0.0,0.0,0.0,0.0,0.0,2.0,8,6,6
62230,16,2,3,0,6,3,0,3,0,1,2,17,2,4,3.0,0.0,0.0,0.0,3.0,0.0,9,2,5
149835,15,2,3,0,8,3,0,1,1,1,2,18,2,2,0.0,0.0,0.0,0.0,0.0,2.0,13,2,10
79672,15,2,1,17,8,3,0,1,0,1,2,36,2,2,0.0,0.0,0.0,0.0,0.0,3.0,23,3,6
139006,16,2,3,17,2,3,0,1,0,1,2,24,2,2,0.0,0.0,0.0,0.0,0.0,3.0,14,7,10
125965,15,2,3,15,6,3,5,5,1,1,1,36,2,2,0.0,0.0,0.0,0.0,0.0,3.0,17,3,9
166712,16,2,1,15,8,3,0,1,1,1,2,37,2,2,0.0,0.0,0.0,0.0,0.0,2.0,23,6,11
6886,16,2,1,0,8,3,0,1,1,1,2,6,2,2,0.0,0.0,0.0,0.0,0.0,2.0,20,7,1
13501,4,2,3,17,2,3,0,5,1,1,1,36,2,2,0.0,0.0,0.0,0.0,0.0,3.0,9,3,1
5633,16,10,3,10,3,3,4,1,1,1,2,39,3,2,0.0,0.0,0.0,0.0,0.0,3.0,11,7,1
32234,16,2,3,10,2,3,0,1,1,1,2,17,2,2,0.0,0.0,0.0,0.0,0.0,2.0,17,4,3
3029,16,2,0,15,8,3,0,1,1,1,2,22,2,2,0.0,0.0,0.0,0.0,0.0,2.0,16,2,1
24245,16,2,3,10,2,3,6,1,0,1,2,36,2,3,1.0,0.0,0.0,1.0,0.0,1.0,10,7,2
137391,16,2,3,17,8,3,0,1,0,1,2,6,2,2,0.0,0.0,0.0,0.0,0.0,2.0,17,6,9
116909,16,2,3,0,6,3,0,5,0,1,2,18,2,3,2.0,0.0,0.0,2.0,0.0,1.0,11,3,8
48468,16,2,3,9,6,3,0,1,0,1,0,18,2,1,1.0,0.0,1.0,0.0,0.0,1.0,14,1,4
171855,16,2,3,0,13,3,0,1,0,1,2,36,2,4,4.0,0.0,0.0,0.0,4.0,0.0,15,2,11
26402,16,2,3,15,15,3,0,1,1,1,2,22,2,2,0.0,0.0,0.0,0.0,0.0,2.0,13,5,2
138528,16,2,3,15,8,3,0,1,0,1,2,23,2,2,0.0,0.0,0.0,0.0,0.0,2.0,13,1,10
120149,16,2,3,9,6,3,0,4,0,1,0,36,2,3,1.0,0.0,0.0,1.0,0.0,1.0,13,2,8
112911,15,7,3,8,6,3,6,1,0,1,0,17,2,3,1.0,0.0,0.0,1.0,0.0,1.0,8,5,8
82028,16,2,1,0,9,3,0,1,1,1,2,6,2,2,0.0,0.0,0.0,0.0,0.0,3.0,22,4,6
22425,16,7,3,3,8,3,6,1,1,1,1,18,2,2,0.0,0.0,0.0,0.0,0.0,2.0,7,5,2
20601,15,2,3,0,8,3,6,1,1,1,2,36,3,2,0.0,0.0,0.0,0.0,0.0,5.0,16,3,2
69777,17,11,5,10,17,3,5,5,0,1,0,36,2,4,1.0,0.0,0.0,0.0,1.0,1.0,17,3,5
130254,15,2,3,0,6,3,0,1,0,1,2,18,2,4,1.0,0.0,0.0,0.0,1.0,1.0,18,4,9
86777,15,2,3,17,10,3,6,1,1,1,1,9,3,2,0.0,0.0,0.0,0.0,0.0,5.0,15,6,6
50706,16,2,3,17,2,3,0,1,0,1,2,18,2,2,0.0,0.0,0.0,0.0,0.0,2.0,9,6,4
20747,16,2,3,17,8,3,4,1,0,1,2,36,2,2,0.0,0.0,0.0,0.0,0.0,2.0,14,5,2
503,16,2,1,10,3,2,0,1,0,1,2,26,2,2,0.0,0.0,0.0,0.0,0.0,5.0,1,7,1
119437,15,2,2,8,2,3,0,5,0,1,2,5,2,3,2.0,0.0,0.0,2.0,0.0,1.0,16,4,8
122071,16,2,2,10,3,3,0,1,1,1,0,19,2,2,0.0,0.0,0.0,0.0,0.0,2.0,18,1,9
72196,4,2,1,17,15,3,0,6,0,1,2,18,2,1,1.0,0.0,1.0,0.0,0.0,3.0,23,5,6
109441,16,2,3,0,6,3,0,1,0,1,2,18,2,2,0.0,0.0,0.0,0.0,0.0,2.0,12,1,8
117577,16,2,1,17,8,3,0,1,1,1,2,36,2,2,0.0,0.0,0.0,0.0,0.0,2.0,22,6,8
186960,16,7,1,9,6,3,6,1,0,1,0,36,2,3,1.0,0.0,0.0,1.0,0.0,1.0,18,6,12
162183,6,2,1,2,10,3,0,1,0,1,2,3,1,2,0.0,0.0,0.0,0.0,0.0,2.0,4,6,11
125071,15,2,1,7,10,3,0,1,1,1,1,36,2,2,0.0,0.0,0.0,0.0,0.0,1.0,2,2,9
44798,16,2,1,17,1,3,0,1,0,1,2,18,2,4,1.0,0.0,0.0,0.0,1.0,1.0,21,4,4
169546,15,2,3,9,8,3,0,1,0,1,1,36,2,1,1.0,0.0,1.0,0.0,0.0,1.0,12,7,11
188206,16,2,1,10,2,3,0,1,1,1,2,36,3,2,0.0,0.0,0.0,0.0,0.0,4.0,20,1,12
104284,16,2,3,17,15,3,0,1,0,1,2,6,2,2,0.0,0.0,0.0,0.0,0.0,2.0,7,1,8
81916,15,2,1,0,8,3,0,1,0,1,2,18,2,4,1.0,0.0,0.0,0.0,1.0,2.0,21,1,6
21760,16,2,1,17,8,3,0,1,1,1,1,6,2,2,0.0,0.0,0.0,0.0,0.0,6.0,22,6,2
112307,16,2,1,10,8,3,0,1,0,0,2,19,2,2,0.0,0.0,0.0,0.0,0.0,2.0,22,3,8
176447,8,2,3,10,6,3,0,1,1,1,2,19,2,2,0.0,0.0,0.0,0.0,0.0,3.0,6,1,12
60440,16,2,3,15,11,3,0,1,1,1,2,12,2,2,0.0,0.0,0.0,0.0,0.0,3.0,12,3,5
161922,16,2,1,17,8,3,5,5,0,1,1,18,2,2,0.0,0.0,0.0,0.0,0.0,3.0,0,1,11
82805,4,2,1,0,6,3,0,1,0,1,2,17,2,3,2.0,0.0,0.0,2.0,0.0,0.0,22,6,6
186218,16,2,3,0,8,3,0,1,1,1,2,18,2,2,0.0,0.0,0.0,0.0,0.0,2.0,11,5,12
178058,16,2,1,10,6,3,0,1,0,1,2,36,2,4,1.0,0.0,0.0,0.0,1.0,1.0,21,7,12
108139,16,2,3,17,8,3,0,1,1,1,2,24,2,2,0.0,0.0,0.0,0.0,0.0,2.0,13,5,8
106618,15,2,3,0,9,3,0,1,1,1,1,38,2,2,0.0,0.0,0.0,0.0,0.0,3.0,14,2,8
76623,15,2,3,17,11,3,6,1,0,1,2,18,2,2,0.0,0.0,0.0,0.0,0.0,3.0,14,1,6
157620,15,2,3,0,8,3,0,1,0,1,2,5,3,2,0.0,0.0,0.0,0.0,0.0,3.0,6,2,11
13860,16,3,4,0,2,3,4,1,0,1,2,17,2,2,0.0,0.0,0.0,0.0,0.0,6.0,17,3,1
10623,15,10,3,17,8,3,6,5,1,1,2,18,2,2,0.0,0.0,0.0,0.0,0.0,3.0,15,3,1
85114,4,2,3,10,8,3,0,1,1,1,2,19,2,2,0.0,0.0,0.0,0.0,0.0,2.0,11,1,6
134686,16,2,3,17,6,3,0,6,0,1,2,36,4,1,1.0,0.0,1.0,0.0,0.0,3.0,11,2,9
62309,16,2,3,15,8,3,0,1,1,1,0,36,2,2,0.0,0.0,0.0,0.0,0.0,3.0,16,5,5
104297,16,2,0,0,8,3,0,1,0,1,2,3,2,2,0.0,0.0,0.0,0.0,0.0,2.0,21,1,8
18348,16,2,3,10,8,3,0,1,0,1,2,36,2,4,1.0,0.0,0.0,0.0,1.0,1.0,9,5,2
816,15,1,5,0,6,3,5,5,1,1,0,17,2,2,0.0,0.0,0.0,0.0,0.0,2.0,17,1,1
145590,16,2,3,15,10,3,0,1,1,1,1,36,2,2,0.0,0.0,0.0,0.0,0.0,2.0,8,6,10
17387,16,10,1,15,2,3,4,1,1,1,0,36,2,2,0.0,0.0,0.0,0.0,0.0,3.0,17,3,2
174243,16,2,3,17,8,3,0,1,1,1,2,12,2,2,0.0,0.0,0.0,0.0,0.0,5.0,6,4,12
77274,15,2,3,10,8,3,0,1,1,1,1,8,2,2,0.0,0.0,0.0,0.0,0.0,2.0,12,3,6
142641,16,2,3,17,6,3,0,1,0,1,2,36,2,4,1.0,0.0,0.0,0.0,1.0,2.0,7,2,10
136834,16,2,3,17,6,3,0,1,0,1,2,22,2,2,0.0,0.0,0.0,0.0,0.0,3.0,13,5,9
99480,15,2,3,0,6,3,0,1,0,1,2,18,2,1,1.0,0.0,1.0,0.0,0.0,1.0,18,6,7
83098,16,2,3,17,15,3,0,1,1,1,2,24,2,2,0.0,0.0,0.0,0.0,0.0,2.0,8,6,6
80941,16,11,3,17,2,3,5,5,1,1,1,6,2,2,0.0,0.0,0.0,0.0,0.0,2.0,14,1,6
103234,4,2,3,0,8,3,0,1,0,1,2,18,2,3,2.0,0.0,0.0,2.0,0.0,0.0,20,7,7
106231,16,2,0,10,2,3,0,1,1,1,0,36,2,2,0.0,0.0,0.0,0.0,0.0,2.0,3,1,8
173256,4,2,3,10,8,3,0,1,1,0,2,17,2,2,0.0,0.0,0.0,0.0,0.0,7.0,13,1,12
110400,16,11,5,8,8,3,5,5,1,1,0,36,2,2,0.0,0.0,0.0,0.0,0.0,2.0,20,1,8
173420,16,2,1,17,1,3,0,1,0,1,2,18,2,3,1.0,0.0,0.0,1.0,0.0,1.0,21,3,12
26497,15,2,3,10,6,3,4,1,1,0,2,19,2,2,0.0,0.0,0.0,0.0,0.0,2.0,8,6,2
62271,16,2,3,0,6,3,0,1,1,1,1,6,2,2,0.0,0.0,0.0,0.0,0.0,2.0,7,4,5
155023,16,2,3,10,8,3,0,1,0,1,0,19,2,4,1.0,0.0,0.0,0.0,1.0,1.0,7,4,10
151291,15,7,3,17,8,3,6,1,1,1,2,18,2,2,0.0,0.0,0.0,0.0,0.0,3.0,10,1,10
8733,17,11,5,0,8,3,0,5,0,1,2,17,2,2,0.0,0.0,0.0,0.0,0.0,2.0,13,6,1
62022,16,2,3,17,10,3,5,5,1,1,0,36,2,2,0.0,0.0,0.0,0.0,0.0,2.0,18,1,5
88954,4,2,3,17,15,3,0,1,0,1,2,18,3,4,1.0,0.0,0.0,0.0,1.0,2.0,17,4,7
65024,16,2,3,10,2,3,0,1,0,1,2,36,2,3,3.0,0.0,0.0,1.0,2.0,0.0,7,7,5
53547,4,2,1,15,10,3,0,1,1,0,0,4,2,2,0.0,0.0,0.0,0.0,0.0,2.0,21,5,4
56794,15,2,1,0,8,3,0,1,0,1,2,18,2,3,1.0,0.0,0.0,1.0,0.0,1.0,3,2,5
148002,16,2,3,17,3,3,0,1,1,1,2,36,2,2,0.0,0.0,0.0,0.0,0.0,2.0,10,2,10
138043,16,2,0,10,8,3,5,5,1,1,2,36,2,2,0.0,0.0,0.0,0.0,0.0,2.0,3,1,10
21482,4,2,3,17,0,3,0,1,0,1,2,18,2,2,0.0,0.0,0.0,0.0,0.0,3.0,13,3,2
73032,16,2,3,17,2,3,0,1,1,1,2,18,2,2,0.0,0.0,0.0,0.0,0.0,2.0,19,4,6
77302,16,2,3,0,6,3,0,1,0,1,2,3,2,1,2.0,0.0,1.0,1.0,0.0,3.0,19,5,6
123964,16,7,3,7,10,3,6,1,1,1,1,36,2,2,0.0,0.0,0.0,0.0,0.0,1.0,12,6,9
123224,4,2,3,15,8,3,0,1,1,1,1,22,2,2,0.0,0.0,0.0,0.0,0.0,2.0,15,5,9
173412,16,2,1,9,10,3,0,1,0,1,0,18,2,3,1.0,0.0,0.0,1.0,0.0,1.0,20,3,12
185388,16,2,1,17,10,3,0,1,1,1,0,24,2,2,0.0,0.0,0.0,0.0,0.0,3.0,19,3,12
176743,15,2,3,0,6,3,0,1,0,1,2,18,2,4,1.0,0.0,0.0,0.0,1.0,1.0,13,4,12
130999,4,2,3,10,8,3,0,1,1,1,2,17,2,2,0.0,0.0,0.0,0.0,0.0,2.0,12,1,9
7301,16,10,3,0,6,3,6,1,0,1,2,3,3,2,0.0,0.0,0.0,0.0,0.0,3.0,9,6,1
175612,16,2,3,17,18,3,0,1,0,1,2,24,2,3,1.0,0.0,0.0,1.0,0.0,1.0,13,7,12
86907,15,2,3,0,10,3,0,1,0,1,2,18,2,2,0.0,0.0,0.0,0.0,0.0,3.0,12,7,6
83709,15,2,1,0,8,3,0,1,1,1,1,18,2,2,0.0,0.0,0.0,0.0,0.0,3.0,22,6,6
27597,16,2,3,0,6,3,0,1,1,1,2,6,3,2,0.0,0.0,0.0,0.0,0.0,2.0,19,3,2
39524,15,7,1,15,6,3,6,1,1,1,2,12,2,2,0.0,0.0,0.0,0.0,0.0,4.0,20,5,3
179886,16,7,1,0,8,3,6,1,1,1,2,36,2,2,0.0,0.0,0.0,0.0,0.0,2.0,18,4,12
118194,4,2,3,17,15,3,0,5,0,1,2,36,2,4,1.0,0.0,0.0,0.0,1.0,1.0,17,3,8
114294,16,2,3,11,3,3,0,1,1,1,1,36,2,2,0.0,0.0,0.0,0.0,0.0,3.0,14,6,8
131437,4,2,4,0,15,3,0,1,0,1,2,36,2,2,0.0,0.0,0.0,0.0,0.0,2.0,19,6,9
98047,16,2,0,17,8,3,0,1,0,1,2,6,2,3,1.0,0.0,0.0,1.0,0.0,1.0,5,5,7
175058,16,2,0,17,8,3,0,1,1,1,2,26,2,2,0.0,0.0,0.0,0.0,0.0,2.0,0,5,12
28724,4,2,3,0,2,3,0,1,1,1,1,21,2,2,0.0,0.0,0.0,0.0,0.0,2.0,13,6,3
94271,4,2,3,15,8,3,0,1,1,1,2,22,2,2,0.0,0.0,0.0,0.0,0.0,2.0,13,3,7
31271,4,10,3,17,8,3,6,1,0,1,2,11,2,3,2.0,0.0,0.0,2.0,0.0,0.0,9,2,3
71259,15,2,3,0,8,3,0,1,1,1,2,36,2,2,0.0,0.0,0.0,0.0,0.0,2.0,18,5,5
16296,16,2,3,17,8,3,0,1,1,1,2,24,2,2,0.0,0.0,0.0,0.0,0.0,2.0,17,6,2
48582,16,2,1,15,8,3,0,1,1,1,1,18,2,2,0.0,0.0,0.0,0.0,0.0,2.0,21,7,4
72255,4,7,1,7,18,3,6,1,1,1,2,24,2,2,0.0,0.0,0.0,0.0,0.0,1.0,20,7,6
29688,16,2,3,0,11,3,0,1,1,1,2,36,2,2,0.0,0.0,0.0,0.0,0.0,2.0,16,2,3