crash_date,               traffic_control_device,weather_condition,lighting_condition,first_crash_type,trafficway_type,alignment,roadway_surface_cond,road_defect,crash_type,intersection_related_i,damage,prim_contributory_cause,num_units,most_severe_injury,injuries_total,injuries_fatal,injuries_incapacitating,injuries_non_incapacitating,injuries_reported_not_evident,injuries_no_indication,crash_hour,crash_day_of_week,crash_month
111720,16,2,3,15,10,3,0,1,1,1,1,23,2,2,0.0,0.0,0.0,0.0,0.0,3.0,18,1,8
179699,16,2,1,0,6,3,0,1,0,1,2,6,2,3,1.0,0.0,0.0,1.0,0.0,2.0,21,7,12
79560,15,2,3,7,10,3,0,1,1,1,2,17,2,2,0.0,0.0,0.0,0.0,0.0,1.0,17,2,6
118417,4,2,3,17,2,3,0,1,0,1,2,3,3,2,0.0,0.0,0.0,0.0,0.0,4.0,15,4,8
138535,16,2,3,8,2,3,0,1,0,1,1,1,2,3,1.0,0.0,0.0,1.0,0.0,2.0,14,1,10
90892,16,2,3,10,3,3,0,1,0,1,2,19,2,4,1.0,0.0,0.0,0.0,1.0,1.0,12,5,7
143658,15,2,0,10,8,3,0,1,0,1,2,36,2,2,0.0,0.0,0.0,0.0,0.0,2.0,19,1,10
5949,16,2,1,9,3,3,0,1,0,1,0,36,2,3,1.0,0.0,0.0,1.0,0.0,1.0,18,1,1
162185,16,2,3,15,8,3,6,1,0,1,2,36,2,2,0.0,0.0,0.0,0.0,0.0,2.0,16,6,11
39260,16,2,3,17,6,3,0,1,0,1,2,6,2,4,2.0,0.0,0.0,0.0,2.0,1.0,15,1,3
85815,16,2,3,17,2,3,0,1,1,1,1,24,2,2,0.0,0.0,0.0,0.0,0.0,2.0,6,4,6
53983,16,2,3,10,3,3,0,1,1,1,0,19,2,2,0.0,0.0,0.0,0.0,0.0,2.0,13,5,4
55640,16,7,3,17,2,3,6,1,1,1,2,24,2,2,0.0,0.0,0.0,0.0,0.0,2.0,16,3,4
128420,15,2,3,0,8,3,0,1,1,1,2,28,2,2,0.0,0.0,0.0,0.0,0.0,3.0,13,7,9
21562,16,2,3,17,8,3,0,1,0,1,2,36,2,2,0.0,0.0,0.0,0.0,0.0,2.0,15,4,2
82705,16,7,2,15,8,3,6,1,1,1,1,30,2,2,0.0,0.0,0.0,0.0,0.0,2.0,5,5,6
76483,16,2,3,15,6,3,0,1,0,1,0,24,2,2,0.0,0.0,0.0,0.0,0.0,4.0,17,1,6
161297,16,2,2,17,8,3,0,1,1,0,2,36,2,2,0.0,0.0,0.0,0.0,0.0,3.0,17,1,11
110513,16,7,3,0,2,3,6,1,0,1,1,6,2,3,2.0,0.0,0.0,2.0,0.0,1.0,18,3,8
172790,4,2,3,17,8,3,0,1,0,0,2,18,2,2,0.0,0.0,0.0,0.0,0.0,3.0,7,7,12
105485,16,2,3,17,9,3,0,1,1,1,1,24,2,2,0.0,0.0,0.0,0.0,0.0,2.0,18,5,8
184507,16,2,3,0,15,3,0,1,1,1,2,21,2,2,0.0,0.0,0.0,0.0,0.0,2.0,15,5,12
60120,16,2,1,17,8,3,0,5,1,1,2,24,2,2,0.0,0.0,0.0,0.0,0.0,2.0,0,4,5
17008,15,3,3,9,8,3,5,1,0,1,1,12,2,3,1.0,0.0,0.0,1.0,0.0,1.0,13,4,2
53849,16,2,3,0,6,3,0,1,1,1,2,18,2,2,0.0,0.0,0.0,0.0,0.0,3.0,17,4,4
187718,16,7,1,10,6,3,6,5,1,1,2,36,3,2,0.0,0.0,0.0,0.0,0.0,3.0,5,1,12
28190,16,2,3,17,2,3,0,5,1,1,2,36,2,2,0.0,0.0,0.0,0.0,0.0,3.0,16,5,2
125289,16,2,3,9,6,3,0,1,0,1,2,11,2,1,1.0,0.0,1.0,0.0,0.0,1.0,7,6,9
43281,15,3,3,0,3,3,0,5,0,1,2,18,2,2,0.0,0.0,0.0,0.0,0.0,3.0,17,4,4
204,16,2,1,9,3,3,0,1,0,1,2,6,2,1,1.0,0.0,1.0,0.0,0.0,1.0,17,4,1
150646,16,2,0,10,15,3,0,1,0,1,2,19,3,3,1.0,0.0,0.0,1.0,0.0,4.0,23,6,10
137972,4,2,4,10,8,3,0,1,1,1,2,36,2,2,0.0,0.0,0.0,0.0,0.0,2.0,17,7,10
32590,16,2,3,0,2,3,0,1,0,1,2,18,2,3,3.0,0.0,0.0,3.0,0.0,0.0,9,1,3
89981,16,2,3,0,5,3,0,1,0,1,2,3,3,3,2.0,0.0,0.0,2.0,0.0,1.0,18,6,7
98531,15,2,3,17,8,3,0,1,1,0,2,36,2,2,0.0,0.0,0.0,0.0,0.0,2.0,18,5,7
102900,15,2,3,0,8,3,0,1,1,1,1,18,2,2,0.0,0.0,0.0,0.0,0.0,2.0,18,1,7
163313,16,11,1,0,8,3,5,5,1,1,2,36,2,2,0.0,0.0,0.0,0.0,0.0,2.0,16,1,11
168295,15,2,1,0,2,3,0,1,0,1,2,5,2,3,2.0,0.0,0.0,2.0,0.0,1.0,18,7,11
79371,16,2,1,17,8,3,0,1,1,1,1,19,2,2,0.0,0.0,0.0,0.0,0.0,5.0,22,5,6
176136,16,2,0,17,2,3,0,1,1,1,2,19,9,2,0.0,0.0,0.0,0.0,0.0,2.0,1,1,12
167779,15,2,3,0,8,3,0,1,1,1,2,18,2,2,0.0,0.0,0.0,0.0,0.0,2.0,8,6,11
105826,15,2,3,10,8,3,0,1,1,1,1,36,2,2,0.0,0.0,0.0,0.0,0.0,2.0,15,3,8
22335,16,2,3,0,2,3,0,5,1,1,2,36,2,2,0.0,0.0,0.0,0.0,0.0,2.0,13,4,2
10502,15,10,1,0,6,3,4,5,0,1,2,5,4,2,0.0,0.0,0.0,0.0,0.0,3.0,22,1,1
160970,4,2,1,0,0,3,0,5,1,0,2,18,2,2,0.0,0.0,0.0,0.0,0.0,3.0,21,7,11
41083,16,3,3,9,8,3,0,1,0,1,1,38,2,1,1.0,0.0,1.0,0.0,0.0,1.0,17,6,3
170879,17,2,3,17,8,3,0,1,0,1,2,24,3,4,1.0,0.0,0.0,0.0,1.0,2.0,11,7,11
114009,16,2,3,17,6,3,0,1,1,1,2,24,2,2,0.0,0.0,0.0,0.0,0.0,2.0,10,2,8
94143,15,2,3,0,8,3,0,1,1,1,2,18,2,2,0.0,0.0,0.0,0.0,0.0,2.0,17,7,7
51308,16,2,3,17,8,3,0,1,0,1,2,6,2,3,1.0,0.0,0.0,1.0,0.0,6.0,13,1,4
64086,16,7,3,15,8,3,6,1,1,1,2,36,2,2,0.0,0.0,0.0,0.0,0.0,3.0,8,3,5
82975,16,2,3,17,6,3,0,5,0,1,2,18,2,2,0.0,0.0,0.0,0.0,0.0,2.0,7,3,6
13323,15,7,1,0,8,3,6,1,1,1,2,36,2,2,0.0,0.0,0.0,0.0,0.0,2.0,20,7,1
58142,16,7,3,17,2,3,6,1,0,1,2,24,2,2,0.0,0.0,0.0,0.0,0.0,2.0,5,3,5
81947,16,2,0,0,8,3,0,1,0,1,2,6,2,3,1.0,0.0,0.0,1.0,0.0,1.0,2,2,6
95883,16,2,3,0,6,3,0,1,0,1,2,36,2,3,1.0,0.0,0.0,1.0,0.0,1.0,11,7,7
137463,16,2,3,15,2,3,0,1,1,1,2,23,2,2,0.0,0.0,0.0,0.0,0.0,2.0,15,7,9
178223,16,2,1,0,6,3,0,5,1,1,2,6,2,2,0.0,0.0,0.0,0.0,0.0,2.0,17,4,12
76020,16,7,3,10,1,3,6,1,1,1,0,19,2,2,0.0,0.0,0.0,0.0,0.0,2.0,15,5,6
85051,16,7,3,10,8,3,6,5,0,1,2,19,2,4,3.0,0.0,0.0,0.0,3.0,1.0,11,7,6
181996,15,2,0,0,8,3,0,5,0,1,2,18,2,2,0.0,0.0,0.0,0.0,0.0,2.0,18,3,12
130174,16,2,3,17,1,3,0,3,1,1,1,36,2,2,0.0,0.0,0.0,0.0,0.0,3.0,15,3,9
26111,16,2,3,17,6,3,0,1,1,1,1,19,2,2,0.0,0.0,0.0,0.0,0.0,2.0,13,7,2
84858,16,2,3,17,6,3,0,1,0,1,2,18,2,3,2.0,0.0,0.0,2.0,0.0,1.0,12,3,6
126619,16,2,3,10,3,3,0,1,1,1,2,36,2,2,0.0,0.0,0.0,0.0,0.0,2.0,16,3,9
67663,16,2,2,0,10,3,0,1,0,1,2,6,2,3,2.0,0.0,0.0,2.0,0.0,0.0,4,5,5
78950,16,2,3,10,6,4,0,6,0,1,2,17,3,1,3.0,0.0,3.0,0.0,0.0,1.0,11,6,6
32529,16,2,0,10,8,3,0,5,1,1,0,19,2,2,0.0,0.0,0.0,0.0,0.0,2.0,21,7,3
53805,15,2,3,0,6,3,0,1,1,1,1,36,2,2,0.0,0.0,0.0,0.0,0.0,2.0,7,3,4
131697,16,2,2,9,6,3,0,1,0,1,2,36,2,3,1.0,0.0,0.0,1.0,0.0,1.0,7,4,9
72473,16,2,3,9,8,3,0,1,1,1,0,18,2,2,0.0,0.0,0.0,0.0,0.0,2.0,9,1,6
187697,4,2,3,10,8,3,0,1,1,1,1,19,2,2,0.0,0.0,0.0,0.0,0.0,3.0,13,1,12
92035,15,2,3,0,12,3,0,1,1,1,1,23,2,2,0.0,0.0,0.0,0.0,0.0,5.0,15,3,7
65856,15,2,3,0,8,3,0,1,0,1,2,5,2,2,0.0,0.0,0.0,0.0,0.0,2.0,14,6,5
132636,15,7,3,17,6,3,6,1,1,1,2,24,2,2,0.0,0.0,0.0,0.0,0.0,3.0,5,1,9
64920,16,2,3,17,2,3,0,1,0,1,2,36,2,3,3.0,0.0,0.0,3.0,0.0,1.0,13,5,5
179304,16,2,3,0,15,3,0,1,1,1,2,6,2,2,0.0,0.0,0.0,0.0,0.0,2.0,14,4,12
132751,16,7,0,9,8,3,6,1,0,1,2,36,2,3,1.0,0.0,0.0,1.0,0.0,1.0,6,4,9
80057,15,7,3,0,6,3,6,3,0,1,2,36,2,3,1.0,0.0,0.0,1.0,0.0,1.0,10,1,6
34456,15,2,3,9,2,3,0,1,0,1,0,38,3,4,2.0,0.0,0.0,0.0,2.0,1.0,15,5,3
165014,4,2,3,17,8,3,0,1,1,1,2,36,2,2,0.0,0.0,0.0,0.0,0.0,2.0,10,3,11
104418,16,2,3,8,6,3,0,1,0,1,2,36,2,1,1.0,0.0,1.0,0.0,0.0,0.0,19,3,8
90607,15,2,3,0,8,3,0,1,1,1,2,18,2,2,0.0,0.0,0.0,0.0,0.0,2.0,8,2,7
132665,17,11,2,17,2,3,6,5,1,0,2,24,2,2,0.0,0.0,0.0,0.0,0.0,2.0,23,1,9
27672,16,2,3,10,2,3,0,1,1,1,2,15,2,2,0.0,0.0,0.0,0.0,0.0,3.0,9,3,2
109565,16,3,3,10,15,3,0,1,1,1,1,36,2,2,0.0,0.0,0.0,0.0,0.0,2.0,6,4,8
64516,16,2,3,0,8,3,0,1,0,1,2,6,2,2,0.0,0.0,0.0,0.0,0.0,5.0,19,6,5
100851,16,2,0,10,8,3,0,1,1,1,1,21,2,2,0.0,0.0,0.0,0.0,0.0,3.0,23,5,7
171846,16,7,3,0,6,3,6,1,0,1,2,18,2,2,0.0,0.0,0.0,0.0,0.0,4.0,12,7,11
48279,16,2,3,17,6,3,0,1,1,1,2,24,2,2,0.0,0.0,0.0,0.0,0.0,2.0,15,4,4
22145,16,2,4,10,2,3,0,1,1,0,1,36,2,2,0.0,0.0,0.0,0.0,0.0,2.0,17,6,2
52076,16,2,3,17,8,3,0,2,0,1,1,23,2,4,1.0,0.0,0.0,0.0,1.0,1.0,7,7,4
43300,16,2,1,10,2,4,0,1,1,1,1,16,2,2,0.0,0.0,0.0,0.0,0.0,3.0,21,4,4
3751,16,2,3,15,2,3,0,1,1,1,2,36,2,2,0.0,0.0,0.0,0.0,0.0,2.0,14,2,1
138258,16,3,1,10,1,3,6,1,0,1,2,6,2,4,2.0,0.0,0.0,0.0,2.0,1.0,4,3,10
154804,16,2,3,17,10,3,0,1,1,1,1,36,2,2,0.0,0.0,0.0,0.0,0.0,2.0,19,7,10
109083,16,2,3,10,2,3,0,1,1,1,2,18,2,2,0.0,0.0,0.0,0.0,0.0,3.0,17,4,8
15647,16,2,3,10,1,3,0,1,1,1,1,36,2,2,0.0,0.0,0.0,0.0,0.0,2.0,8,6,2
137190,16,2,3,10,6,3,0,5,1,0,1,17,2,2,0.0,0.0,0.0,0.0,0.0,2.0,17,2,9
89452,16,7,1,17,11,3,6,1,0,1,2,18,2,2,0.0,0.0,0.0,0.0,0.0,2.0,22,4,7
148744,16,2,3,10,11,3,0,1,0,1,2,19,3,4,1.0,0.0,0.0,0.0,1.0,6.0,17,7,10
1109,4,2,1,10,2,3,0,1,0,0,2,17,3,3,3.0,0.0,0.0,1.0,2.0,0.0,17,5,1
87178,15,2,3,0,6,3,0,1,1,1,2,5,2,2,0.0,0.0,0.0,0.0,0.0,2.0,15,7,6
14496,16,2,3,17,2,3,0,1,1,1,1,36,2,2,0.0,0.0,0.0,0.0,0.0,4.0,16,2,1
134736,16,2,3,8,6,3,0,1,0,1,1,36,2,4,1.0,0.0,0.0,0.0,1.0,1.0,8,4,9
99690,16,7,0,1,3,3,6,1,1,1,0,18,1,2,0.0,0.0,0.0,0.0,0.0,1.0,20,3,7
7655,15,10,3,0,8,3,4,1,1,1,1,21,2,2,0.0,0.0,0.0,0.0,0.0,2.0,12,3,1
180238,16,2,3,10,8,3,0,1,1,1,1,17,2,2,0.0,0.0,0.0,0.0,0.0,2.0,15,7,12
7147,16,2,3,8,1,3,0,5,0,1,2,26,2,3,1.0,0.0,0.0,1.0,0.0,1.0,8,3,1
14663,4,2,3,9,2,3,0,1,0,1,0,18,2,4,1.0,0.0,0.0,0.0,1.0,2.0,7,4,1
89157,16,2,1,0,8,3,0,1,0,1,2,36,2,2,0.0,0.0,0.0,0.0,0.0,2.0,3,1,7
96307,15,2,1,7,8,3,0,1,1,0,1,36,2,2,0.0,0.0,0.0,0.0,0.0,1.0,23,6,7
9344,16,2,4,0,6,3,0,1,0,1,2,18,2,2,0.0,0.0,0.0,0.0,0.0,2.0,17,3,1
24246,16,10,1,0,2,3,4,1,0,1,2,6,2,3,1.0,0.0,0.0,1.0,0.0,1.0,22,7,2
125386,16,2,1,0,6,3,0,5,0,1,2,6,2,3,1.0,0.0,0.0,1.0,0.0,3.0,1,2,9
64593,16,2,1,17,3,3,0,1,1,1,2,24,2,2,0.0,0.0,0.0,0.0,0.0,4.0,22,5,5
95818,4,2,2,0,15,3,0,1,1,1,1,36,2,2,0.0,0.0,0.0,0.0,0.0,3.0,10,6,7
3835,4,2,1,8,15,2,0,1,0,1,1,22,2,3,1.0,0.0,0.0,1.0,0.0,1.0,19,4,1
82881,15,7,1,7,15,3,6,1,1,1,2,36,3,2,0.0,0.0,0.0,0.0,0.0,1.0,2,2,6
34931,16,2,3,9,8,3,0,1,0,1,0,18,2,1,1.0,0.0,1.0,0.0,0.0,1.0,14,6,3
94075,16,2,3,9,11,3,0,1,0,1,0,18,2,4,1.0,0.0,0.0,0.0,1.0,1.0,8,6,7
166921,16,10,4,9,8,3,6,1,0,1,1,26,2,3,1.0,0.0,0.0,1.0,0.0,1.0,16,4,11
77391,4,2,1,7,10,3,0,1,0,0,2,8,4,2,0.0,0.0,0.0,0.0,0.0,1.0,23,6,6
50885,15,2,3,17,6,3,0,1,0,1,1,18,2,3,1.0,0.0,0.0,1.0,0.0,1.0,18,7,4
98459,4,2,3,7,15,3,0,1,1,1,1,24,2,2,0.0,0.0,0.0,0.0,0.0,4.0,18,4,7
106771,16,2,2,17,10,5,0,1,1,1,2,24,2,2,0.0,0.0,0.0,0.0,0.0,3.0,6,2,8
124738,4,2,3,17,8,3,0,1,0,1,2,17,2,4,1.0,0.0,0.0,0.0,1.0,1.0,16,5,9
100896,16,2,3,17,6,3,0,1,0,1,2,23,2,4,2.0,0.0,0.0,0.0,2.0,2.0,18,6,7
106360,16,3,3,0,8,3,0,1,0,1,2,6,3,2,0.0,0.0,0.0,0.0,0.0,6.0,18,4,8
124972,15,6,3,2,8,3,6,1,0,1,2,36,1,3,1.0,0.0,0.0,1.0,0.0,0.0,17,7,9
31036,16,2,4,10,8,3,0,1,1,1,1,19,2,2,0.0,0.0,0.0,0.0,0.0,2.0,17,4,3
161549,16,2,1,17,6,3,6,1,0,1,2,17,2,3,2.0,0.0,0.0,2.0,0.0,0.0,23,2,11
107082,16,3,3,15,6,3,0,5,1,1,1,12,2,2,0.0,0.0,0.0,0.0,0.0,3.0,16,1,8
97252,15,2,3,11,8,3,0,1,1,1,0,36,2,2,0.0,0.0,0.0,0.0,0.0,3.0,18,6,7
72162,17,2,3,10,6,3,0,5,0,1,2,36,2,1,1.0,0.0,1.0,0.0,0.0,1.0,16,5,6
60078,4,7,3,15,10,3,6,1,0,1,2,18,2,2,0.0,0.0,0.0,0.0,0.0,2.0,18,4,5
157187,4,2,3,0,8,3,0,1,0,1,2,18,2,2,0.0,0.0,0.0,0.0,0.0,2.0,10,4,11
21899,15,2,3,2,2,3,0,1,0,1,2,26,1,3,1.0,0.0,0.0,1.0,0.0,1.0,14,3,2
126780,16,2,3,15,3,3,0,1,1,1,1,36,2,2,0.0,0.0,0.0,0.0,0.0,2.0,9,5,9
19105,16,7,1,0,3,4,6,1,0,1,2,6,2,2,0.0,0.0,0.0,0.0,0.0,4.0,5,5,2
104272,16,2,3,0,8,3,0,1,1,1,2,18,2,2,0.0,0.0,0.0,0.0,0.0,2.0,18,1,8
124095,16,2,3,17,8,3,0,1,0,1,2,36,2,2,0.0,0.0,0.0,0.0,0.0,2.0,13,3,9
87511,16,7,3,17,8,3,6,1,0,1,2,36,2,2,0.0,0.0,0.0,0.0,0.0,2.0,13,4,6
188920,16,2,1,0,6,3,0,1,0,1,2,36,2,2,0.0,0.0,0.0,0.0,0.0,4.0,3,7,12
135523,15,2,3,13,6,3,0,1,1,1,2,36,2,2,0.0,0.0,0.0,0.0,0.0,2.0,8,6,9
3764,16,9,1,17,8,3,1,1,0,1,2,36,2,2,0.0,0.0,0.0,0.0,0.0,2.0,5,2,1
5215,16,2,0,17,3,3,0,1,1,1,2,22,2,2,0.0,0.0,0.0,0.0,0.0,2.0,20,3,1
176045,15,2,3,9,8,3,0,1,0,1,0,17,2,3,1.0,0.0,0.0,1.0,0.0,1.0,9,6,12
9653,6,2,3,17,11,3,0,1,1,1,2,22,2,2,0.0,0.0,0.0,0.0,0.0,2.0,12,7,1
3104,16,2,1,8,8,3,0,1,0,1,1,18,2,1,1.0,0.0,1.0,0.0,0.0,1.0,19,3,1
43143,16,7,0,17,15,3,6,1,0,1,2,18,2,2,0.0,0.0,0.0,0.0,0.0,2.0,12,3,4
181796,16,2,1,0,8,3,0,1,1,1,2,18,2,2,0.0,0.0,0.0,0.0,0.0,4.0,17,3,12
30956,16,2,3,17,6,3,0,1,1,1,2,26,2,2,0.0,0.0,0.0,0.0,0.0,2.0,9,4,3
78053,15,2,3,17,15,3,0,1,0,1,2,18,2,2,0.0,0.0,0.0,0.0,0.0,3.0,18,2,6
75301,16,2,3,15,8,3,0,1,1,1,2,4,2,2,0.0,0.0,0.0,0.0,0.0,2.0,15,3,6
1869,15,2,3,17,6,3,0,1,1,1,2,36,2,2,0.0,0.0,0.0,0.0,0.0,2.0,9,5,1
94031,15,2,3,9,8,3,0,1,0,1,2,38,2,3,1.0,0.0,0.0,1.0,0.0,1.0,14,6,7
184943,4,7,1,10,8,3,6,1,1,1,1,19,2,2,0.0,0.0,0.0,0.0,0.0,4.0,17,4,12
116955,16,2,1,9,8,3,0,1,0,1,2,6,2,3,1.0,0.0,0.0,1.0,0.0,1.0,19,4,8
132852,16,2,1,10,6,3,0,1,1,1,2,19,2,2,0.0,0.0,0.0,0.0,0.0,2.0,21,5,9
188878,16,2,1,0,6,3,0,1,0,1,2,6,2,2,0.0,0.0,0.0,0.0,0.0,4.0,19,6,12
33463,15,2,1,9,8,3,0,1,0,1,2,18,2,3,1.0,0.0,0.0,1.0,0.0,1.0,6,3,3
43796,15,7,1,0,8,3,6,1,1,1,2,18,2,2,0.0,0.0,0.0,0.0,0.0,5.0,21,5,4
181064,15,10,3,9,14,3,4,1,0,1,2,17,2,1,1.0,0.0,1.0,0.0,0.0,1.0,13,6,12
129275,16,2,3,17,8,3,0,1,1,1,2,24,2,2,0.0,0.0,0.0,0.0,0.0,2.0,13,6,9
29384,15,2,1,7,10,3,0,1,1,1,2,24,2,2,0.0,0.0,0.0,0.0,0.0,2.0,18,4,3
26818,4,10,4,0,10,3,6,1,0,1,2,36,3,2,0.0,0.0,0.0,0.0,0.0,2.0,7,3,2
143401,16,7,0,15,2,3,6,1,1,1,1,36,2,2,0.0,0.0,0.0,0.0,0.0,2.0,18,4,10
90149,16,2,2,17,6,3,0,1,0,1,2,6,3,2,0.0,0.0,0.0,0.0,0.0,2.0,23,2,7
76160,15,2,3,0,8,3,0,1,1,1,1,36,2,2,0.0,0.0,0.0,0.0,0.0,2.0,13,1,6
48917,4,2,3,10,2,3,0,1,1,1,2,17,2,2,0.0,0.0,0.0,0.0,0.0,3.0,11,7,4
147179,15,2,3,0,8,3,0,1,0,1,2,18,2,4,1.0,0.0,0.0,0.0,1.0,2.0,13,1,10
145378,9,2,3,10,8,3,0,5,1,1,2,36,2,2,0.0,0.0,0.0,0.0,0.0,2.0,7,2,10
138703,4,2,3,0,6,3,0,5,1,1,1,18,2,2,0.0,0.0,0.0,0.0,0.0,2.0,8,4,10
65188,16,7,1,2,1,3,6,2,0,1,2,39,1,2,0.0,0.0,0.0,0.0,0.0,2.0,0,7,5
10263,15,2,3,0,8,3,0,1,1,1,1,18,2,2,0.0,0.0,0.0,0.0,0.0,2.0,12,3,1
175701,4,3,3,17,2,3,0,1,0,1,2,18,2,2,0.0,0.0,0.0,0.0,0.0,2.0,9,2,12
102475,15,2,1,11,10,3,0,1,1,1,2,21,2,2,0.0,0.0,0.0,0.0,0.0,2.0,2,2,7
139492,15,2,3,17,8,3,5,5,1,1,1,36,2,2,0.0,0.0,0.0,0.0,0.0,3.0,6,6,10
53206,16,2,3,17,2,3,0,1,0,1,2,18,3,3,1.0,0.0,0.0,1.0,0.0,3.0,17,1,4
32892,16,2,4,17,8,3,0,1,1,1,2,18,2,2,0.0,0.0,0.0,0.0,0.0,2.0,17,6,3
177800,16,2,1,0,1,3,0,1,0,1,2,6,2,3,1.0,0.0,0.0,1.0,0.0,1.0,18,3,12
147331,16,2,1,15,6,3,0,1,1,1,2,18,3,2,0.0,0.0,0.0,0.0,0.0,2.0,20,3,10
175507,15,2,1,0,2,3,0,1,0,1,2,5,2,3,1.0,0.0,0.0,1.0,0.0,3.0,22,5,12
134824,16,2,3,10,2,3,0,1,1,1,2,19,2,2,0.0,0.0,0.0,0.0,0.0,4.0,7,3,9
1697,16,10,2,2,8,3,1,5,0,1,2,36,1,2,0.0,0.0,0.0,0.0,0.0,1.0,5,2,1
166731,16,2,1,17,8,3,0,1,0,1,2,36,4,3,2.0,0.0,0.0,2.0,0.0,2.0,2,7,11
108027,15,2,1,0,6,3,0,1,0,1,2,5,2,3,3.0,0.0,0.0,2.0,1.0,1.0,23,1,8
49392,15,2,3,0,6,3,0,1,0,1,2,18,2,3,1.0,0.0,0.0,1.0,0.0,1.0,8,3,4
96587,16,2,3,17,8,3,0,1,1,1,2,18,2,2,0.0,0.0,0.0,0.0,0.0,2.0,14,3,7
83229,16,7,3,0,2,3,6,1,0,1,2,18,2,3,2.0,0.0,0.0,2.0,0.0,1.0,7,6,6
88592,15,2,3,17,8,3,0,1,0,1,2,18,2,4,2.0,0.0,0.0,0.0,2.0,1.0,13,7,7
99979,16,2,3,17,2,3,0,1,1,1,1,19,2,2,0.0,0.0,0.0,0.0,0.0,3.0,15,7,7
172962,15,2,1,0,8,3,0,1,1,1,2,36,2,2,0.0,0.0,0.0,0.0,0.0,3.0,19,4,12
186668,4,2,1,17,15,3,0,1,1,1,0,18,2,2,0.0,0.0,0.0,0.0,0.0,2.0,20,6,12
370,16,7,1,17,8,3,6,5,0,1,2,36,2,3,2.0,0.0,0.0,2.0,0.0,1.0,3,1,1
177716,16,2,3,17,8,3,6,1,1,1,1,36,2,2,0.0,0.0,0.0,0.0,0.0,2.0,15,2,12
31425,16,2,3,17,2,3,0,1,1,1,0,12,2,2,0.0,0.0,0.0,0.0,0.0,5.0,16,4,3
157252,16,2,1,2,8,3,0,1,0,1,2,12,1,3,1.0,0.0,0.0,1.0,0.0,0.0,22,5,11
82809,15,2,3,7,3,3,0,1,0,1,2,36,4,1,1.0,0.0,1.0,0.0,0.0,0.0,11,6,6
138914,4,2,3,0,8,3,0,1,1,1,1,21,2,2,0.0,0.0,0.0,0.0,0.0,2.0,11,4,10
114786,10,2,3,10,8,3,0,1,1,1,2,19,3,2,0.0,0.0,0.0,0.0,0.0,6.0,17,6,8
168091,4,2,3,9,15,3,0,1,0,1,2,18,2,3,1.0,0.0,0.0,1.0,0.0,1.0,8,6,11
25406,16,2,1,15,6,3,0,1,1,1,1,18,2,2,0.0,0.0,0.0,0.0,0.0,2.0,1,1,2
81728,16,2,3,14,2,5,0,1,0,1,1,22,2,2,0.0,0.0,0.0,0.0,0.0,2.0,7,6,6
136694,15,2,1,0,8,3,6,1,1,1,1,18,2,2,0.0,0.0,0.0,0.0,0.0,2.0,20,1,9
122260,15,2,3,0,8,3,0,1,1,1,2,36,2,2,0.0,0.0,0.0,0.0,0.0,4.0,11,2,9
21324,16,2,3,10,6,3,0,1,1,1,2,19,2,2,0.0,0.0,0.0,0.0,0.0,2.0,8,6,2
140490,16,7,3,10,8,3,6,1,1,1,2,19,2,2,0.0,0.0,0.0,0.0,0.0,2.0,17,6,10
89236,16,2,4,17,6,3,0,1,1,1,1,17,2,2,0.0,0.0,0.0,0.0,0.0,2.0,17,2,7
73534,4,2,3,0,8,3,0,1,1,1,2,18,2,2,0.0,0.0,0.0,0.0,0.0,2.0,15,5,6
79414,16,2,3,0,2,3,0,1,0,1,2,18,2,4,2.0,0.0,0.0,0.0,2.0,1.0,7,6,6
101493,4,2,3,0,8,3,0,1,1,1,2,18,2,2,0.0,0.0,0.0,0.0,0.0,2.0,16,2,7
182249,4,2,1,17,2,3,0,1,0,1,2,18,2,2,0.0,0.0,0.0,0.0,0.0,4.0,23,7,12
20409,16,2,3,15,2,3,5,5,1,1,2,22,2,2,0.0,0.0,0.0,0.0,0.0,3.0,13,7,2
74337,15,2,3,0,6,3,0,1,1,1,2,36,2,2,0.0,0.0,0.0,0.0,0.0,3.0,14,4,6
70796,16,2,3,10,2,3,0,1,1,1,0,17,2,2,0.0,0.0,0.0,0.0,0.0,2.0,17,5,5
53756,16,2,1,0,6,3,0,5,1,1,0,36,2,2,0.0,0.0,0.0,0.0,0.0,4.0,21,2,4
95784,4,2,3,15,2,3,0,1,0,0,2,36,3,3,1.0,0.0,0.0,1.0,0.0,4.0,16,6,7
132458,16,2,1,17,3,3,0,1,1,1,2,24,2,2,0.0,0.0,0.0,0.0,0.0,3.0,21,5,9
75524,15,2,3,17,3,3,0,1,1,1,2,18,2,2,0.0,0.0,0.0,0.0,0.0,3.0,17,5,6
67867,16,2,3,0,6,3,0,1,0,1,2,6,3,3,1.0,0.0,0.0,1.0,0.0,3.0,6,2,5
41571,15,2,3,15,6,3,0,1,1,1,2,36,2,2,0.0,0.0,0.0,0.0,0.0,5.0,13,3,3
42207,16,2,1,17,18,3,0,1,1,1,2,36,2,2,0.0,0.0,0.0,0.0,0.0,2.0,2,1,3
157705,16,2,3,17,8,3,0,1,0,1,2,24,2,2,0.0,0.0,0.0,0.0,0.0,2.0,10,4,11
143184,4,2,3,17,15,3,0,1,0,1,2,23,2,2,0.0,0.0,0.0,0.0,0.0,2.0,11,2,10
56196,16,2,3,15,10,3,0,1,1,1,2,22,2,2,0.0,0.0,0.0,0.0,0.0,3.0,15,6,5
108086,16,2,3,17,6,3,0,1,0,1,2,24,3,3,1.0,0.0,0.0,1.0,0.0,4.0,13,3,8