crash_date,               traffic_control_device,weather_condition,lighting_condition,first_crash_type,trafficway_type,alignment,roadway_surface_cond,road_defect,crash_type,intersection_related_i,damage,prim_contributory_cause,num_units,most_severe_injury,injuries_total,injuries_fatal,injuries_incapacitating,injuries_non_incapacitating,injuries_reported_not_evident,injuries_no_indication,crash_hour,crash_day_of_week,crash_month
141209,16,2,3,17,6,3,0,1,1,1,2,24,2,2,0.0,0.0,0.0,0.0,0.0,4.0,15,2,10
80828,16,2,3,17,6,3,0,1,1,1,1,24,2,2,0.0,0.0,0.0,0.0,0.0,2.0,7,7,6
170976,16,2,3,0,6,3,0,1,0,1,2,6,3,3,2.0,0.0,0.0,2.0,0.0,1.0,9,2,11
158650,4,2,1,8,0,3,0,5,0,1,2,18,2,1,1.0,0.0,1.0,0.0,0.0,1.0,17,2,11
37213,15,2,3,0,8,3,0,1,0,1,2,5,2,3,2.0,0.0,0.0,2.0,0.0,7.0,7,3,3
117898,4,2,3,0,6,3,0,1,1,1,2,18,2,2,0.0,0.0,0.0,0.0,0.0,2.0,13,5,8
94193,15,2,3,0,8,3,0,1,0,1,2,36,2,4,2.0,0.0,0.0,0.0,2.0,2.0,13,2,7
81201,15,2,3,17,8,3,0,1,0,0,2,36,2,2,0.0,0.0,0.0,0.0,0.0,2.0,17,6,6
64138,16,2,3,9,8,3,0,5,0,1,1,24,2,4,1.0,0.0,0.0,0.0,1.0,1.0,16,5,5
74586,16,2,3,0,6,3,0,1,0,1,2,6,2,3,3.0,0.0,0.0,3.0,0.0,0.0,11,5,6
122915,16,2,3,10,8,3,0,1,0,1,1,12,2,2,0.0,0.0,0.0,0.0,0.0,2.0,16,5,9
5276,16,2,1,17,15,3,0,1,0,1,2,6,3,2,0.0,0.0,0.0,0.0,0.0,3.0,21,4,1
29138,15,2,3,17,10,3,6,1,1,1,0,24,2,2,0.0,0.0,0.0,0.0,0.0,2.0,14,5,3
99460,16,3,3,0,6,3,0,1,0,1,2,18,2,2,0.0,0.0,0.0,0.0,0.0,2.0,15,6,7
121153,4,2,3,2,8,3,0,1,0,1,2,24,1,3,2.0,0.0,0.0,2.0,0.0,0.0,17,7,9
75187,4,2,3,10,8,3,0,1,1,1,1,19,2,2,0.0,0.0,0.0,0.0,0.0,2.0,14,1,6
188731,16,10,1,0,6,3,4,1,0,1,2,17,2,2,0.0,0.0,0.0,0.0,0.0,3.0,1,3,12
148896,16,2,3,17,2,3,0,2,1,1,2,19,2,2,0.0,0.0,0.0,0.0,0.0,2.0,15,4,10
86415,16,2,3,0,8,3,0,1,0,1,2,3,2,3,3.0,0.0,0.0,3.0,0.0,2.0,12,6,6
82953,16,2,3,0,10,3,0,1,1,1,0,3,2,2,0.0,0.0,0.0,0.0,0.0,2.0,16,3,6
57924,16,2,3,15,2,3,0,1,1,1,1,19,2,2,0.0,0.0,0.0,0.0,0.0,2.0,12,7,5
7579,16,7,3,10,8,3,6,1,1,1,2,18,2,2,0.0,0.0,0.0,0.0,0.0,9.0,16,2,1
185697,16,2,1,15,8,3,0,1,1,1,2,36,2,2,0.0,0.0,0.0,0.0,0.0,2.0,21,1,12
101284,4,2,3,17,11,3,0,1,0,1,2,21,2,4,1.0,0.0,0.0,0.0,1.0,2.0,18,5,7
14398,16,11,1,10,4,3,5,1,1,1,1,19,2,2,0.0,0.0,0.0,0.0,0.0,2.0,19,7,1
106882,4,2,3,17,15,3,0,1,0,1,2,18,2,2,0.0,0.0,0.0,0.0,0.0,5.0,16,5,8
92566,16,2,2,17,2,3,0,1,0,1,1,36,2,2,0.0,0.0,0.0,0.0,0.0,2.0,20,4,7
61302,16,2,3,15,2,3,0,1,1,1,2,22,2,2,0.0,0.0,0.0,0.0,0.0,2.0,18,3,5
59436,16,2,3,0,6,3,0,1,1,1,2,18,2,2,0.0,0.0,0.0,0.0,0.0,2.0,16,3,5
183976,4,2,4,4,19,3,0,1,0,1,0,18,2,1,1.0,0.0,1.0,0.0,0.0,1.0,18,4,12
130344,16,2,3,15,10,3,0,1,1,1,1,36,2,2,0.0,0.0,0.0,0.0,0.0,2.0,9,6,9
74610,4,2,3,7,2,3,0,1,1,1,2,36,2,2,0.0,0.0,0.0,0.0,0.0,1.0,14,7,6
137506,17,2,3,15,6,3,0,1,1,1,2,23,3,2,0.0,0.0,0.0,0.0,0.0,2.0,10,7,9
29673,16,2,3,17,11,3,0,1,0,1,2,13,2,2,0.0,0.0,0.0,0.0,0.0,2.0,13,2,3
16738,4,2,1,17,2,3,0,1,1,0,2,18,4,2,0.0,0.0,0.0,0.0,0.0,4.0,18,7,2
153845,15,2,2,0,8,4,0,1,0,1,2,5,2,3,1.0,0.0,0.0,1.0,0.0,1.0,6,2,10
125487,16,2,3,10,8,3,0,1,1,1,0,19,2,2,0.0,0.0,0.0,0.0,0.0,2.0,13,1,9
187133,16,4,1,17,11,3,6,5,0,1,1,8,2,4,1.0,0.0,0.0,0.0,1.0,1.0,19,6,12
1944,15,2,1,0,2,3,0,1,0,1,2,5,2,4,1.0,0.0,0.0,0.0,1.0,1.0,5,3,1
3596,16,2,3,15,8,3,5,5,1,1,1,22,2,2,0.0,0.0,0.0,0.0,0.0,2.0,12,4,1
55359,16,2,3,15,10,3,0,5,0,1,2,22,2,3,2.0,0.0,0.0,2.0,0.0,2.0,21,6,4
186317,15,10,1,0,6,3,4,1,0,1,2,18,2,2,0.0,0.0,0.0,0.0,0.0,2.0,1,2,12
90964,15,2,3,0,8,3,0,1,0,1,2,5,2,2,0.0,0.0,0.0,0.0,0.0,3.0,17,7,7
152133,16,2,3,17,2,3,0,1,1,1,2,18,2,2,0.0,0.0,0.0,0.0,0.0,2.0,10,6,10
33569,15,2,3,17,8,3,0,1,1,0,1,36,2,2,0.0,0.0,0.0,0.0,0.0,2.0,13,6,3
49560,16,2,1,17,8,3,0,1,0,1,2,18,2,2,0.0,0.0,0.0,0.0,0.0,2.0,22,4,4
158929,16,2,3,0,6,3,0,5,0,1,2,3,3,1,2.0,0.0,1.0,0.0,1.0,4.0,14,7,11
163362,15,2,3,7,8,3,0,1,0,1,2,12,2,2,0.0,0.0,0.0,0.0,0.0,1.0,14,2,11
85336,16,2,3,17,6,3,0,5,1,1,1,26,2,2,0.0,0.0,0.0,0.0,0.0,5.0,18,4,6
130757,15,7,3,9,8,3,6,1,0,1,0,36,2,4,1.0,0.0,0.0,0.0,1.0,1.0,17,4,9
32176,15,2,3,0,2,3,0,1,0,1,2,18,2,3,1.0,0.0,0.0,1.0,0.0,1.0,14,3,3
42918,4,2,3,17,6,3,0,1,0,1,2,18,4,2,0.0,0.0,0.0,0.0,0.0,2.0,15,6,4
18125,16,2,3,0,8,3,0,1,0,1,2,36,2,2,0.0,0.0,0.0,0.0,0.0,2.0,14,2,2
164939,16,2,1,10,11,3,0,1,1,1,1,26,2,2,0.0,0.0,0.0,0.0,0.0,2.0,3,1,11
54367,17,2,3,15,8,3,0,1,1,0,1,22,2,2,0.0,0.0,0.0,0.0,0.0,2.0,9,4,4
75732,16,2,1,17,6,3,0,1,1,1,2,18,2,2,0.0,0.0,0.0,0.0,0.0,3.0,21,2,6
23894,16,2,1,17,2,3,0,1,0,1,2,18,2,3,1.0,0.0,0.0,1.0,0.0,3.0,19,1,2
170213,15,10,3,0,10,3,1,5,0,1,2,17,2,3,1.0,0.0,0.0,1.0,0.0,1.0,15,3,11
153541,4,2,1,0,3,3,0,5,1,1,2,18,2,2,0.0,0.0,0.0,0.0,0.0,3.0,20,2,10
151328,4,2,3,9,8,3,0,5,0,1,1,17,2,1,1.0,0.0,1.0,0.0,0.0,1.0,15,2,10
146098,15,2,3,0,6,3,0,1,1,1,2,36,2,2,0.0,0.0,0.0,0.0,0.0,2.0,11,6,10
66249,4,2,3,10,8,3,0,1,0,0,2,19,3,2,0.0,0.0,0.0,0.0,0.0,3.0,14,5,5
24572,16,2,3,10,8,3,0,1,0,1,2,19,2,4,1.0,0.0,0.0,0.0,1.0,2.0,17,6,2
23835,4,2,1,0,10,3,0,1,0,1,2,36,2,2,0.0,0.0,0.0,0.0,0.0,2.0,20,7,2
134098,16,7,4,0,5,3,6,1,0,1,2,6,2,2,0.0,0.0,0.0,0.0,0.0,4.0,18,3,9
175843,15,2,3,2,8,3,0,1,0,1,2,24,1,2,0.0,0.0,0.0,0.0,0.0,1.0,7,5,12
95757,4,2,3,17,6,3,5,5,1,1,2,26,2,2,0.0,0.0,0.0,0.0,0.0,2.0,12,5,7
181450,15,2,1,3,8,3,0,1,0,1,2,11,2,2,0.0,0.0,0.0,0.0,0.0,2.0,4,3,12
109103,16,2,1,17,3,3,0,5,0,0,2,18,2,2,0.0,0.0,0.0,0.0,0.0,2.0,23,4,8
95299,16,2,3,10,8,3,6,1,1,1,2,19,2,2,0.0,0.0,0.0,0.0,0.0,2.0,12,5,7
68983,4,2,4,0,6,3,0,1,0,1,2,36,3,4,3.0,0.0,0.0,0.0,3.0,0.0,20,5,5
144544,16,2,2,5,8,3,0,1,0,1,2,36,2,3,1.0,0.0,0.0,1.0,0.0,1.0,18,7,10
180975,16,11,5,10,8,3,5,5,1,1,1,36,2,2,0.0,0.0,0.0,0.0,0.0,2.0,17,4,12
99494,16,2,3,8,15,3,0,1,0,1,2,18,2,1,1.0,0.0,1.0,0.0,0.0,1.0,8,6,7
168594,16,2,3,10,13,3,0,5,1,1,1,17,3,2,0.0,0.0,0.0,0.0,0.0,5.0,9,7,11
5106,16,5,1,17,6,3,1,1,1,1,2,19,2,2,0.0,0.0,0.0,0.0,0.0,2.0,18,7,1
104656,17,2,3,8,18,3,0,1,0,1,0,36,2,4,1.0,0.0,0.0,0.0,1.0,2.0,13,6,8
45356,16,2,3,10,2,3,0,1,0,1,2,36,2,4,1.0,0.0,0.0,0.0,1.0,1.0,16,6,4
126266,4,2,4,17,8,3,0,1,0,1,2,36,2,2,0.0,0.0,0.0,0.0,0.0,2.0,18,6,9
148400,16,11,5,10,8,3,5,1,1,1,1,19,2,2,0.0,0.0,0.0,0.0,0.0,2.0,17,4,10
32828,16,2,1,17,15,3,0,1,1,1,2,18,2,2,0.0,0.0,0.0,0.0,0.0,2.0,22,6,3
181423,15,2,3,17,8,3,0,1,0,1,2,18,2,2,0.0,0.0,0.0,0.0,0.0,2.0,11,2,12
142411,15,2,3,0,2,3,0,1,1,1,2,18,2,2,0.0,0.0,0.0,0.0,0.0,2.0,8,4,10
68609,15,2,3,0,2,3,0,1,0,1,2,18,2,0,2.0,1.0,0.0,0.0,1.0,0.0,12,7,5
152531,15,3,1,0,8,3,0,1,1,1,2,18,2,2,0.0,0.0,0.0,0.0,0.0,3.0,17,3,10
174859,16,2,1,3,6,3,0,5,0,1,2,36,3,3,1.0,0.0,0.0,1.0,0.0,2.0,20,5,12
97777,16,2,3,17,6,3,0,1,1,1,1,12,2,2,0.0,0.0,0.0,0.0,0.0,2.0,15,7,7
130988,4,2,3,10,10,3,0,1,1,1,2,17,2,2,0.0,0.0,0.0,0.0,0.0,2.0,10,1,9
85073,16,2,3,0,6,3,0,1,0,1,2,18,2,4,3.0,0.0,0.0,0.0,3.0,3.0,13,1,6
25914,8,2,3,5,2,3,0,2,1,1,2,32,1,2,0.0,0.0,0.0,0.0,0.0,1.0,11,2,2
142823,16,2,3,17,8,3,0,1,0,1,2,36,2,4,1.0,0.0,0.0,0.0,1.0,1.0,9,3,10
11711,16,2,3,0,8,3,0,1,1,1,2,6,2,2,0.0,0.0,0.0,0.0,0.0,2.0,11,1,1
101023,15,2,3,0,8,3,0,1,0,1,2,36,2,2,0.0,0.0,0.0,0.0,0.0,2.0,6,2,7
32025,16,7,3,0,8,3,6,1,1,1,0,26,2,2,0.0,0.0,0.0,0.0,0.0,2.0,15,7,3
31875,16,7,1,0,6,3,6,1,0,1,2,18,2,4,1.0,0.0,0.0,0.0,1.0,5.0,21,6,3
105957,4,2,1,17,6,3,0,1,0,1,2,18,2,3,1.0,0.0,0.0,1.0,0.0,3.0,4,5,8
142085,16,2,1,5,8,3,0,3,1,1,2,26,1,2,0.0,0.0,0.0,0.0,0.0,1.0,22,1,10
25519,4,2,3,17,2,3,6,1,0,1,2,18,2,2,0.0,0.0,0.0,0.0,0.0,2.0,15,4,2
112148,16,2,1,0,6,3,0,1,0,1,2,36,2,3,2.0,0.0,0.0,2.0,0.0,1.0,3,1,8
17964,16,7,3,10,2,3,6,1,1,1,1,19,2,2,0.0,0.0,0.0,0.0,0.0,2.0,10,5,2
62961,16,2,3,10,6,3,0,1,0,1,2,30,2,4,2.0,0.0,0.0,0.0,2.0,1.0,10,7,5
66924,16,2,3,17,8,3,0,1,0,1,2,18,2,2,0.0,0.0,0.0,0.0,0.0,7.0,15,2,5
137109,16,2,3,17,10,3,0,1,0,1,0,22,2,4,1.0,0.0,0.0,0.0,1.0,1.0,10,7,9
52113,16,2,1,17,2,3,0,1,0,1,2,8,2,2,0.0,0.0,0.0,0.0,0.0,5.0,1,2,4
3316,15,10,1,0,6,3,4,5,0,1,2,36,2,2,0.0,0.0,0.0,0.0,0.0,3.0,18,1,1
71193,16,2,3,17,10,3,0,1,1,1,0,19,2,2,0.0,0.0,0.0,0.0,0.0,2.0,17,4,5
173852,15,2,1,0,10,3,0,5,0,1,2,5,2,4,1.0,0.0,0.0,0.0,1.0,5.0,17,3,12
67026,16,2,3,17,8,2,0,1,1,1,1,36,2,2,0.0,0.0,0.0,0.0,0.0,3.0,7,4,5
128260,16,2,3,10,6,3,0,1,1,1,2,17,2,2,0.0,0.0,0.0,0.0,0.0,2.0,16,7,9
29018,16,9,1,0,8,3,6,1,0,1,2,6,2,2,0.0,0.0,0.0,0.0,0.0,3.0,20,4,3
104721,16,2,1,10,6,3,0,1,1,1,2,19,3,2,0.0,0.0,0.0,0.0,0.0,4.0,22,6,8
89713,16,2,1,10,2,3,0,1,1,1,2,36,2,2,0.0,0.0,0.0,0.0,0.0,4.0,23,2,7
127923,16,2,3,17,8,3,0,1,1,1,1,18,2,2,0.0,0.0,0.0,0.0,0.0,2.0,15,7,9
70468,16,2,3,17,8,3,0,5,0,1,2,18,2,2,0.0,0.0,0.0,0.0,0.0,5.0,14,1,5
63741,16,2,3,9,6,3,6,1,0,1,0,18,2,1,1.0,0.0,1.0,0.0,0.0,1.0,18,5,5
91381,16,7,3,17,8,3,6,1,1,1,2,39,2,2,0.0,0.0,0.0,0.0,0.0,2.0,19,1,7
177893,16,2,1,10,6,3,0,1,1,1,1,19,2,2,0.0,0.0,0.0,0.0,0.0,2.0,19,4,12
164515,4,2,3,17,2,3,0,1,1,1,2,18,2,2,0.0,0.0,0.0,0.0,0.0,2.0,8,3,11
90361,15,2,3,0,8,3,0,1,0,1,2,36,2,4,2.0,0.0,0.0,0.0,2.0,1.0,11,6,7
138488,16,7,4,0,8,3,6,1,0,1,2,36,2,3,1.0,0.0,0.0,1.0,0.0,1.0,17,7,10
39715,15,2,3,17,15,4,0,1,1,1,2,24,2,2,0.0,0.0,0.0,0.0,0.0,2.0,9,2,3
183527,16,10,1,10,6,3,6,1,1,1,2,19,2,2,0.0,0.0,0.0,0.0,0.0,2.0,5,6,12
30943,16,2,3,17,15,3,0,1,0,1,2,36,2,3,1.0,0.0,0.0,1.0,0.0,1.0,7,4,3
128492,4,2,0,7,11,3,0,1,1,0,1,36,2,2,0.0,0.0,0.0,0.0,0.0,1.0,0,7,9
176474,16,2,3,17,8,3,0,1,1,1,2,18,2,2,0.0,0.0,0.0,0.0,0.0,3.0,14,4,12
174729,16,2,3,17,6,3,0,1,1,1,2,23,2,2,0.0,0.0,0.0,0.0,0.0,2.0,10,2,12
13837,16,2,1,7,10,3,0,1,0,1,0,13,3,2,0.0,0.0,0.0,0.0,0.0,1.0,0,2,1
85656,16,11,5,10,6,3,5,5,1,1,2,36,2,2,0.0,0.0,0.0,0.0,0.0,2.0,8,2,6
113432,15,2,3,15,8,3,0,5,1,1,2,23,2,2,0.0,0.0,0.0,0.0,0.0,2.0,7,6,8
65144,15,2,3,10,3,3,0,1,0,1,2,8,2,2,0.0,0.0,0.0,0.0,0.0,2.0,15,7,5
168180,16,2,1,17,8,3,0,1,1,1,1,18,2,2,0.0,0.0,0.0,0.0,0.0,3.0,16,5,11
145681,16,7,3,9,6,3,6,5,0,1,0,18,2,3,1.0,0.0,0.0,1.0,0.0,1.0,10,7,10
184971,16,2,3,2,15,3,0,1,1,1,2,36,1,2,0.0,0.0,0.0,0.0,0.0,1.0,9,4,12
128829,15,2,3,0,6,3,0,1,0,1,1,36,2,3,2.0,0.0,0.0,2.0,0.0,3.0,12,6,9
108525,15,2,3,17,6,3,0,1,0,1,2,36,2,4,1.0,0.0,0.0,0.0,1.0,2.0,12,2,8
144671,4,2,3,17,8,3,0,1,0,1,2,24,2,2,0.0,0.0,0.0,0.0,0.0,2.0,7,6,10
55680,16,11,4,17,6,3,6,1,0,1,2,36,2,3,1.0,0.0,0.0,1.0,0.0,2.0,20,3,4
32736,16,2,4,17,8,3,0,1,1,1,1,7,2,2,0.0,0.0,0.0,0.0,0.0,2.0,18,5,3
73173,16,2,4,17,6,3,0,1,0,1,2,36,3,2,0.0,0.0,0.0,0.0,0.0,6.0,19,6,6
99855,16,2,3,17,10,3,0,1,1,0,2,22,2,2,0.0,0.0,0.0,0.0,0.0,3.0,17,4,7
37226,4,2,3,0,10,3,0,1,1,1,2,36,2,2,0.0,0.0,0.0,0.0,0.0,2.0,10,3,3
77889,16,2,3,8,6,3,0,1,0,1,0,6,2,3,1.0,0.0,0.0,1.0,0.0,1.0,14,7,6
49763,16,2,3,10,8,3,0,1,0,1,2,37,2,3,3.0,0.0,0.0,3.0,0.0,0.0,13,4,4
147199,16,2,3,0,2,3,0,1,1,1,2,6,2,2,0.0,0.0,0.0,0.0,0.0,2.0,6,1,10
131581,16,7,3,9,8,3,6,1,1,1,0,36,2,2,0.0,0.0,0.0,0.0,0.0,2.0,7,2,9
47410,15,2,1,10,6,4,0,1,1,1,2,17,2,2,0.0,0.0,0.0,0.0,0.0,2.0,20,3,4
165215,15,2,3,0,6,3,0,1,1,1,1,36,2,2,0.0,0.0,0.0,0.0,0.0,3.0,8,6,11
87222,4,2,3,17,6,3,0,5,0,1,2,18,2,4,1.0,0.0,0.0,0.0,1.0,1.0,12,7,6
139557,16,3,3,10,6,3,6,5,0,1,2,17,2,3,1.0,0.0,0.0,1.0,0.0,1.0,6,1,10
95575,16,7,3,10,8,3,6,1,1,1,2,39,2,2,0.0,0.0,0.0,0.0,0.0,2.0,14,2,7
40194,4,3,3,17,8,3,0,5,0,0,2,36,4,2,0.0,0.0,0.0,0.0,0.0,2.0,18,3,3
43287,16,2,2,15,2,3,0,1,1,0,0,36,2,2,0.0,0.0,0.0,0.0,0.0,2.0,18,4,4
28168,16,2,1,0,6,3,0,1,0,1,2,6,2,2,0.0,0.0,0.0,0.0,0.0,2.0,0,7,2
102222,15,2,3,0,6,3,0,5,0,1,2,36,2,4,2.0,0.0,0.0,0.0,2.0,3.0,18,6,7
123280,16,2,3,10,8,3,0,1,1,1,2,17,2,2,0.0,0.0,0.0,0.0,0.0,2.0,11,5,9
89524,16,2,3,17,15,3,0,1,0,1,2,18,2,2,0.0,0.0,0.0,0.0,0.0,2.0,11,5,7
60566,4,2,3,15,8,3,0,1,1,1,2,22,2,2,0.0,0.0,0.0,0.0,0.0,4.0,7,4,5
144018,15,7,3,0,1,3,6,1,0,1,2,18,2,2,0.0,0.0,0.0,0.0,0.0,2.0,13,4,10
52342,16,2,1,0,6,3,6,5,0,1,2,18,2,2,0.0,0.0,0.0,0.0,0.0,8.0,2,7,4
112874,16,2,3,10,2,3,0,1,0,1,1,17,2,4,1.0,0.0,0.0,0.0,1.0,1.0,13,5,8
45996,16,2,3,10,6,3,0,1,1,1,2,17,2,2,0.0,0.0,0.0,0.0,0.0,2.0,15,5,4
176079,4,2,3,17,8,3,0,1,0,1,2,23,3,4,1.0,0.0,0.0,0.0,1.0,2.0,14,7,12
152614,16,2,3,17,3,3,0,1,1,1,1,24,2,2,0.0,0.0,0.0,0.0,0.0,2.0,8,4,10
107874,16,2,3,17,6,3,0,1,0,1,2,18,3,2,0.0,0.0,0.0,0.0,0.0,3.0,7,5,8
135914,16,2,3,10,2,3,0,1,1,1,2,17,2,2,0.0,0.0,0.0,0.0,0.0,2.0,15,5,9
114483,16,2,3,14,8,3,0,5,0,1,2,12,2,3,1.0,0.0,0.0,1.0,0.0,2.0,12,1,8
10251,16,2,3,10,2,3,0,1,1,1,2,21,2,2,0.0,0.0,0.0,0.0,0.0,2.0,11,3,1
64438,15,2,3,10,2,4,0,1,1,1,2,36,2,2,0.0,0.0,0.0,0.0,0.0,2.0,17,4,5
113973,15,2,3,10,8,3,0,1,1,1,1,36,2,2,0.0,0.0,0.0,0.0,0.0,2.0,14,2,8
84361,4,7,3,10,8,3,6,1,0,1,1,36,2,3,1.0,0.0,0.0,1.0,0.0,3.0,12,2,6
114647,4,2,3,17,8,3,0,1,0,1,2,18,2,3,1.0,0.0,0.0,1.0,0.0,1.0,17,3,8
27385,15,2,3,13,8,3,0,1,1,1,2,36,2,2,0.0,0.0,0.0,0.0,0.0,3.0,13,7,2
11310,4,2,0,17,8,3,0,4,1,1,0,36,2,2,0.0,0.0,0.0,0.0,0.0,2.0,21,1,1
173930,17,2,0,9,8,3,0,5,0,1,2,36,2,3,1.0,0.0,0.0,1.0,0.0,1.0,19,4,12
129806,15,2,2,0,6,3,0,1,1,1,1,38,2,2,0.0,0.0,0.0,0.0,0.0,2.0,6,6,9
1293,15,2,3,10,6,3,0,1,1,1,1,36,2,2,0.0,0.0,0.0,0.0,0.0,3.0,8,2,1
165123,15,2,1,0,10,3,0,1,0,1,2,18,2,4,1.0,0.0,0.0,0.0,1.0,1.0,17,5,11
92140,15,2,3,17,6,3,0,1,0,1,2,28,2,2,0.0,0.0,0.0,0.0,0.0,4.0,11,5,7
28493,16,2,3,17,8,3,0,1,1,1,2,18,2,2,0.0,0.0,0.0,0.0,0.0,2.0,16,2,3
148772,16,2,1,10,8,3,0,1,1,1,2,36,2,2,0.0,0.0,0.0,0.0,0.0,3.0,1,1,10
129020,15,2,3,10,2,3,0,1,1,1,2,19,2,2,0.0,0.0,0.0,0.0,0.0,2.0,16,1,9
105042,16,2,3,17,10,3,0,1,0,1,1,18,2,3,2.0,0.0,0.0,2.0,0.0,0.0,12,6,8
84316,15,2,3,0,6,3,0,1,1,1,2,5,2,2,0.0,0.0,0.0,0.0,0.0,2.0,15,2,6
147548,16,2,3,0,8,3,0,1,1,1,2,12,3,2,0.0,0.0,0.0,0.0,0.0,7.0,17,5,10
124697,16,2,3,9,6,3,0,1,0,1,0,18,2,1,1.0,0.0,1.0,0.0,0.0,2.0,9,4,9
72224,15,7,3,0,8,3,6,1,1,1,2,18,2,2,0.0,0.0,0.0,0.0,0.0,2.0,14,7,6
64352,15,2,1,0,8,3,0,1,0,1,2,18,2,2,0.0,0.0,0.0,0.0,0.0,2.0,21,2,5
143710,4,3,5,10,8,3,5,5,1,1,1,26,2,2,0.0,0.0,0.0,0.0,0.0,2.0,17,2,10
135300,4,2,0,10,8,3,0,1,1,1,2,26,2,2,0.0,0.0,0.0,0.0,0.0,2.0,21,5,9
84006,16,11,5,0,6,3,5,5,1,1,2,36,2,2,0.0,0.0,0.0,0.0,0.0,3.0,16,5,6
64057,16,2,3,10,8,3,0,1,1,1,0,36,2,2,0.0,0.0,0.0,0.0,0.0,3.0,9,5,5
126041,17,2,3,17,2,3,0,1,1,1,2,24,2,2,0.0,0.0,0.0,0.0,0.0,4.0,12,1,9
109677,4,2,2,17,6,3,0,1,0,1,2,24,2,3,1.0,0.0,0.0,1.0,0.0,1.0,5,6,8
45869,4,10,4,17,8,3,6,1,1,0,1,39,2,2,0.0,0.0,0.0,0.0,0.0,2.0,18,2,4
25490,15,2,1,0,8,3,0,1,0,1,2,5,2,3,1.0,0.0,0.0,1.0,0.0,1.0,20,3,2
20789,16,2,1,7,10,3,4,1,1,1,2,36,2,2,0.0,0.0,0.0,0.0,0.0,1.0,19,5,2
77010,16,2,3,17,6,3,0,1,1,1,2,23,2,2,0.0,0.0,0.0,0.0,0.0,2.0,11,7,6
122624,16,2,3,0,6,3,0,1,0,1,2,18,2,1,2.0,0.0,2.0,0.0,0.0,2.0,16,2,9
19265,16,2,3,15,10,3,0,1,1,1,1,6,2,2,0.0,0.0,0.0,0.0,0.0,2.0,8,6,2
126665,16,2,3,10,8,3,0,5,1,1,1,19,2,2,0.0,0.0,0.0,0.0,0.0,2.0,13,4,9
136984,16,3,3,8,2,3,0,1,1,1,0,26,2,2,0.0,0.0,0.0,0.0,0.0,3.0,15,1,9
129868,15,2,3,17,8,3,0,1,1,1,1,13,2,2,0.0,0.0,0.0,0.0,0.0,2.0,12,6,9
42017,15,2,1,0,6,3,0,1,0,1,2,18,2,1,3.0,0.0,1.0,1.0,1.0,1.0,19,4,3
164160,16,2,3,10,6,3,0,1,1,1,2,19,2,2,0.0,0.0,0.0,0.0,0.0,2.0,8,6,11
22930,15,2,3,0,6,3,4,5,0,1,2,36,2,2,0.0,0.0,0.0,0.0,0.0,4.0,8,6,2
83679,16,2,1,2,8,3,0,1,0,1,2,17,1,2,0.0,0.0,0.0,0.0,0.0,1.0,3,6,6
81150,15,2,3,9,2,3,0,1,0,1,2,5,2,3,1.0,0.0,0.0,1.0,0.0,1.0,10,5,6
6317,16,2,1,17,8,3,0,1,0,1,2,36,2,2,0.0,0.0,0.0,0.0,0.0,2.0,16,6,1
13543,16,2,1,10,8,4,0,1,1,1,2,17,2,2,0.0,0.0,0.0,0.0,0.0,2.0,19,5,1
68295,4,2,3,10,8,3,0,1,0,1,2,17,4,3,3.0,0.0,0.0,2.0,1.0,3.0,10,7,5
169635,16,2,1,10,2,3,0,1,1,1,1,36,2,2,0.0,0.0,0.0,0.0,0.0,2.0,1,1,11
80712,4,2,3,7,8,3,0,1,1,1,2,36,2,2,0.0,0.0,0.0,0.0,0.0,3.0,13,6,6
44520,16,2,3,10,8,3,6,1,1,1,0,17,2,2,0.0,0.0,0.0,0.0,0.0,2.0,8,5,4
113840,4,2,3,14,8,3,0,1,0,0,2,11,4,4,1.0,0.0,0.0,0.0,1.0,2.0,16,6,8
149938,4,2,0,13,3,3,0,1,0,1,2,36,2,3,2.0,0.0,0.0,2.0,0.0,1.0,19,3,10
51772,15,2,1,10,8,3,0,1,1,1,1,19,2,2,0.0,0.0,0.0,0.0,0.0,2.0,20,2,4
164922,16,10,3,10,8,3,6,1,0,0,1,19,2,2,0.0,0.0,0.0,0.0,0.0,2.0,12,7,11
40957,16,2,3,10,8,3,0,1,1,1,2,19,2,2,0.0,0.0,0.0,0.0,0.0,2.0,7,5,3
76490,16,11,5,17,17,3,5,5,1,1,2,6,2,2,0.0,0.0,0.0,0.0,0.0,4.0,18,1,6
69815,16,2,3,17,15,3,0,5,1,1,2,18,2,2,0.0,0.0,0.0,0.0,0.0,2.0,11,3,5
39760,4,2,1,0,0,3,0,1,1,1,2,36,2,2,0.0,0.0,0.0,0.0,0.0,2.0,17,1,3
180568,15,2,4,0,8,3,0,1,0,1,2,18,2,2,0.0,0.0,0.0,0.0,0.0,3.0,15,6,12
118454,15,2,1,10,8,3,5,5,1,1,1,12,2,2,0.0,0.0,0.0,0.0,0.0,2.0,22,4,8
167517,16,2,1,9,6,3,6,1,0,1,2,18,2,3,1.0,0.0,0.0,1.0,0.0,1.0,17,5,11
33072,16,2,4,17,3,3,0,1,0,1,2,24,2,2,0.0,0.0,0.0,0.0,0.0,3.0,18,4,3
167107,15,7,3,0,2,3,6,1,0,1,2,18,3,2,0.0,0.0,0.0,0.0,0.0,2.0,10,3,11