crash_date,               traffic_control_device,weather_condition,lighting_condition,first_crash_type,trafficway_type,alignment,roadway_surface_cond,road_defect,crash_type,intersection_related_i,damage,prim_contributory_cause,num_units,most_severe_injury,injuries_total,injuries_fatal,injuries_incapacitating,injuries_non_incapacitating,injuries_reported_not_evident,injuries_no_indication,crash_hour,crash_day_of_week,crash_month
171517,15,2,3,9,6,3,0,1,0,1,2,18,2,3,1.0,0.0,0.0,1.0,0.0,1.0,9,4,11
92259,16,2,3,0,6,3,0,1,1,1,2,6,2,2,0.0,0.0,0.0,0.0,0.0,2.0,8,7,7
45410,15,2,3,0,10,3,0,1,1,1,2,36,2,2,0.0,0.0,0.0,0.0,0.0,3.0,15,1,4
77477,16,2,1,10,5,3,0,1,0,1,2,36,2,3,3.0,0.0,0.0,2.0,1.0,0.0,3,1,6
106152,16,2,3,17,2,3,0,1,1,1,2,22,2,2,0.0,0.0,0.0,0.0,0.0,2.0,8,6,8
4595,16,7,3,10,2,3,6,1,1,1,1,39,2,2,0.0,0.0,0.0,0.0,0.0,2.0,9,6,1
92157,16,2,3,0,6,3,0,1,0,1,2,9,2,4,2.0,0.0,0.0,0.0,2.0,2.0,13,6,7
165196,16,2,0,9,11,3,0,1,0,0,0,12,2,4,1.0,0.0,0.0,0.0,1.0,1.0,5,6,11
105353,4,2,3,9,15,3,0,1,0,1,2,18,2,3,1.0,0.0,0.0,1.0,0.0,1.0,18,3,8
60699,16,2,3,7,2,3,0,1,1,1,1,23,2,2,0.0,0.0,0.0,0.0,0.0,1.0,9,6,5
9855,16,11,2,10,6,3,5,1,1,1,1,21,2,2,0.0,0.0,0.0,0.0,0.0,2.0,16,5,1
24699,16,2,1,0,6,3,6,1,0,1,2,6,2,1,1.0,0.0,1.0,0.0,0.0,2.0,0,2,2
172823,16,2,3,8,8,3,0,1,1,1,0,6,2,2,0.0,0.0,0.0,0.0,0.0,2.0,14,1,12
179261,16,2,1,10,2,3,0,5,0,1,2,17,3,3,1.0,0.0,0.0,1.0,0.0,3.0,18,3,12
154330,16,3,0,17,3,3,0,1,0,1,2,36,2,4,1.0,0.0,0.0,0.0,1.0,1.0,4,1,10
136793,15,11,5,17,16,3,5,5,0,1,2,36,3,2,0.0,0.0,0.0,0.0,0.0,2.0,18,4,9
47529,16,7,3,15,2,3,6,1,1,1,1,18,2,2,0.0,0.0,0.0,0.0,0.0,2.0,16,6,4
46630,4,2,3,17,15,3,0,1,0,1,1,24,2,4,1.0,0.0,0.0,0.0,1.0,2.0,12,2,4
168069,17,3,1,15,6,3,5,5,1,1,2,36,2,2,0.0,0.0,0.0,0.0,0.0,2.0,17,6,11
82745,16,7,3,17,2,3,6,1,1,1,0,21,2,2,0.0,0.0,0.0,0.0,0.0,11.0,11,5,6
116601,16,2,3,0,6,3,0,5,1,1,2,6,2,2,0.0,0.0,0.0,0.0,0.0,2.0,12,5,8
76271,10,2,3,9,18,3,0,1,0,1,0,18,2,4,1.0,0.0,0.0,0.0,1.0,1.0,15,4,6
171494,16,2,3,10,6,3,0,5,1,1,2,36,2,2,0.0,0.0,0.0,0.0,0.0,2.0,6,4,11
150920,15,2,3,0,2,3,5,5,0,1,2,5,2,2,0.0,0.0,0.0,0.0,0.0,2.0,11,4,10
96441,15,2,3,8,15,3,0,5,0,1,0,6,2,3,1.0,0.0,0.0,1.0,0.0,1.0,13,2,7
85876,16,2,4,17,15,3,0,5,1,1,2,36,2,2,0.0,0.0,0.0,0.0,0.0,2.0,19,5,6
129160,16,2,3,10,8,3,0,1,1,1,1,36,2,2,0.0,0.0,0.0,0.0,0.0,2.0,17,4,9
21019,16,2,3,0,6,3,0,1,0,1,2,17,2,3,1.0,0.0,0.0,1.0,0.0,2.0,16,3,2
173688,4,2,1,17,10,3,0,1,1,0,1,18,2,2,0.0,0.0,0.0,0.0,0.0,2.0,19,3,12
6386,16,10,3,0,6,3,4,1,0,1,2,18,2,2,0.0,0.0,0.0,0.0,0.0,2.0,16,7,1
147435,16,2,3,17,8,3,0,1,1,1,2,36,2,2,0.0,0.0,0.0,0.0,0.0,2.0,11,1,10
96113,15,2,3,17,8,3,0,1,1,1,2,18,2,2,0.0,0.0,0.0,0.0,0.0,2.0,18,3,7
67028,16,2,3,17,6,3,0,5,1,1,2,36,2,2,0.0,0.0,0.0,0.0,0.0,4.0,8,4,5
16392,16,2,1,17,6,3,0,1,1,1,2,36,2,2,0.0,0.0,0.0,0.0,0.0,2.0,0,7,2
146618,17,2,1,0,8,3,0,5,0,1,2,36,2,2,0.0,0.0,0.0,0.0,0.0,2.0,23,6,10
41932,15,2,3,14,8,3,0,1,1,1,2,18,2,2,0.0,0.0,0.0,0.0,0.0,2.0,16,1,3
120538,16,2,3,17,8,3,0,1,0,1,2,24,2,2,0.0,0.0,0.0,0.0,0.0,3.0,17,6,9
107891,16,2,3,9,8,3,0,1,1,1,0,36,2,2,0.0,0.0,0.0,0.0,0.0,2.0,10,5,8
57728,16,2,3,10,2,3,0,1,1,1,2,36,2,2,0.0,0.0,0.0,0.0,0.0,2.0,13,4,5
108183,17,2,0,0,0,3,0,1,1,0,2,18,2,2,0.0,0.0,0.0,0.0,0.0,4.0,21,5,8
71237,16,2,3,0,2,3,0,1,1,1,2,36,2,2,0.0,0.0,0.0,0.0,0.0,2.0,16,5,5
26357,15,7,1,0,10,3,6,1,1,1,2,18,2,2,0.0,0.0,0.0,0.0,0.0,2.0,18,3,2
11050,16,2,1,17,8,3,0,1,0,1,1,18,2,2,0.0,0.0,0.0,0.0,0.0,3.0,18,3,1
4773,15,2,3,0,8,3,0,1,0,1,2,17,2,2,0.0,0.0,0.0,0.0,0.0,2.0,9,3,1
57542,16,2,3,17,8,3,0,1,1,1,2,24,2,2,0.0,0.0,0.0,0.0,0.0,3.0,7,6,5
187059,15,10,1,10,8,3,4,1,1,1,2,39,2,2,0.0,0.0,0.0,0.0,0.0,2.0,17,5,12
59419,16,7,3,15,2,3,6,5,1,1,2,36,2,2,0.0,0.0,0.0,0.0,0.0,8.0,14,3,5
93456,15,7,3,17,11,3,6,1,1,1,1,18,2,2,0.0,0.0,0.0,0.0,0.0,2.0,14,4,7
2371,15,5,1,10,8,3,1,1,0,1,2,39,2,2,0.0,0.0,0.0,0.0,0.0,2.0,22,1,1
100107,16,2,3,15,6,3,0,1,1,0,2,19,2,2,0.0,0.0,0.0,0.0,0.0,2.0,16,2,7
11286,16,10,0,10,2,3,4,1,1,1,1,19,2,2,0.0,0.0,0.0,0.0,0.0,4.0,2,1,1
12848,16,7,1,10,8,3,6,5,1,0,0,36,2,2,0.0,0.0,0.0,0.0,0.0,2.0,4,6,1
28200,15,2,0,17,6,3,0,1,1,1,2,12,2,2,0.0,0.0,0.0,0.0,0.0,2.0,18,5,2
91134,16,7,1,0,2,3,6,1,0,1,2,6,2,1,2.0,0.0,2.0,0.0,0.0,1.0,21,3,7
83409,16,2,3,10,6,3,0,1,0,1,2,36,2,4,1.0,0.0,0.0,0.0,1.0,2.0,16,3,6
182184,15,2,3,17,8,3,0,1,0,1,2,36,2,2,0.0,0.0,0.0,0.0,0.0,2.0,13,7,12
183595,4,2,3,10,8,2,6,1,1,0,1,23,2,2,0.0,0.0,0.0,0.0,0.0,2.0,9,2,12
165846,4,7,1,17,6,3,6,5,0,1,1,36,2,4,2.0,0.0,0.0,0.0,2.0,1.0,16,2,11
161843,4,2,1,17,8,3,0,1,0,1,1,24,2,2,0.0,0.0,0.0,0.0,0.0,4.0,4,7,11
39030,4,2,3,0,2,3,0,1,1,1,1,6,2,2,0.0,0.0,0.0,0.0,0.0,2.0,12,1,3
187904,15,2,0,0,6,3,0,1,1,1,2,36,2,2,0.0,0.0,0.0,0.0,0.0,3.0,21,5,12
117294,16,2,3,9,8,3,0,1,0,0,0,18,2,3,1.0,0.0,0.0,1.0,0.0,1.0,6,1,8
110877,16,2,1,10,8,4,0,1,1,1,2,22,2,2,0.0,0.0,0.0,0.0,0.0,4.0,4,1,8
109976,4,2,3,17,15,3,6,1,0,1,2,18,2,2,0.0,0.0,0.0,0.0,0.0,2.0,16,2,8
48587,4,2,3,0,8,3,0,1,1,1,2,18,2,2,0.0,0.0,0.0,0.0,0.0,3.0,10,7,4
70752,16,2,3,17,8,3,0,1,1,1,2,36,2,2,0.0,0.0,0.0,0.0,0.0,2.0,9,4,5
175522,4,2,3,9,8,3,0,1,1,0,0,36,2,2,0.0,0.0,0.0,0.0,0.0,2.0,13,6,12
144761,15,2,3,0,8,3,0,1,1,1,2,18,2,2,0.0,0.0,0.0,0.0,0.0,2.0,11,7,10
108535,15,2,3,17,2,3,0,5,0,1,2,36,2,4,5.0,0.0,0.0,0.0,5.0,1.0,14,3,8
120346,15,2,3,0,8,3,0,1,0,1,2,18,2,2,0.0,0.0,0.0,0.0,0.0,2.0,14,5,8
160593,15,3,3,14,15,3,0,1,1,1,2,28,2,2,0.0,0.0,0.0,0.0,0.0,3.0,11,3,11
3707,15,2,3,0,3,3,0,1,0,1,2,18,2,2,0.0,0.0,0.0,0.0,0.0,4.0,13,1,1
89825,16,2,3,8,2,3,0,1,0,1,2,18,2,3,1.0,0.0,0.0,1.0,0.0,2.0,12,5,7
11842,16,7,3,17,8,3,6,1,0,1,1,35,2,2,0.0,0.0,0.0,0.0,0.0,4.0,16,4,1
121996,16,2,1,0,10,3,0,1,0,1,2,6,2,2,0.0,0.0,0.0,0.0,0.0,3.0,5,7,9
173324,15,2,3,0,8,3,0,4,0,1,2,28,2,4,1.0,0.0,0.0,0.0,1.0,2.0,15,2,12
33153,16,2,3,0,15,3,0,1,0,1,2,8,2,2,0.0,0.0,0.0,0.0,0.0,2.0,13,6,3
8873,4,2,1,2,15,3,0,1,0,1,2,36,1,3,1.0,0.0,0.0,1.0,0.0,0.0,16,2,1
86657,17,11,3,17,6,3,5,5,1,1,2,24,4,2,0.0,0.0,0.0,0.0,0.0,4.0,15,6,6
78201,4,2,3,8,8,3,5,5,0,1,0,18,2,3,1.0,0.0,0.0,1.0,0.0,1.0,19,3,6
127699,15,2,3,8,8,3,0,1,0,1,0,18,2,4,1.0,0.0,0.0,0.0,1.0,4.0,17,6,9
170884,16,2,3,10,8,3,0,5,0,1,2,36,2,2,0.0,0.0,0.0,0.0,0.0,2.0,12,7,11
40669,15,2,3,0,2,3,0,1,0,1,2,18,2,3,2.0,0.0,0.0,1.0,1.0,0.0,15,5,3
58770,16,7,3,17,6,3,6,5,1,1,2,18,2,2,0.0,0.0,0.0,0.0,0.0,2.0,15,6,5
20160,16,2,4,17,2,3,6,5,1,1,0,36,2,2,0.0,0.0,0.0,0.0,0.0,2.0,17,2,2
55655,16,7,3,17,6,3,6,1,1,1,2,18,2,2,0.0,0.0,0.0,0.0,0.0,5.0,18,3,4
130880,16,2,3,0,3,3,0,1,1,1,1,6,2,2,0.0,0.0,0.0,0.0,0.0,3.0,15,7,9
97367,16,2,1,17,2,5,0,1,0,1,2,18,2,2,0.0,0.0,0.0,0.0,0.0,2.0,0,1,7
136951,15,2,3,17,8,3,5,1,0,1,2,38,2,3,1.0,0.0,0.0,1.0,0.0,3.0,8,6,9
166466,15,3,0,10,8,3,0,5,0,1,2,17,3,1,1.0,0.0,1.0,0.0,0.0,6.0,19,6,11
182926,16,2,3,0,8,3,0,1,0,1,2,18,2,2,0.0,0.0,0.0,0.0,0.0,3.0,9,3,12
148504,16,2,3,10,8,3,0,1,0,1,0,36,2,3,1.0,0.0,0.0,1.0,0.0,1.0,8,5,10
12259,4,10,3,10,8,3,6,5,1,1,2,36,2,2,0.0,0.0,0.0,0.0,0.0,5.0,16,4,1
20362,16,2,1,10,10,4,4,1,0,1,2,28,3,2,0.0,0.0,0.0,0.0,0.0,3.0,17,6,2
25596,15,4,3,17,8,3,0,1,1,1,1,18,2,2,0.0,0.0,0.0,0.0,0.0,5.0,7,5,2
97311,15,3,3,17,6,3,0,1,1,1,2,18,2,2,0.0,0.0,0.0,0.0,0.0,3.0,14,1,7
100113,15,2,3,0,18,3,0,1,1,1,2,18,2,2,0.0,0.0,0.0,0.0,0.0,2.0,17,2,7
175086,16,2,1,10,8,3,0,1,1,1,2,19,2,2,0.0,0.0,0.0,0.0,0.0,2.0,17,6,12
46219,16,2,3,0,6,3,0,5,0,1,2,36,2,4,1.0,0.0,0.0,0.0,1.0,2.0,14,3,4
73097,16,2,3,10,6,3,0,1,1,1,1,8,2,2,0.0,0.0,0.0,0.0,0.0,2.0,19,5,6
185967,4,7,0,17,8,3,6,5,0,1,2,18,2,3,1.0,0.0,0.0,1.0,0.0,5.0,17,2,12
105098,16,2,3,17,1,3,0,1,0,1,2,24,2,2,0.0,0.0,0.0,0.0,0.0,4.0,6,5,8
102314,16,7,3,0,6,3,6,1,1,1,2,6,2,2,0.0,0.0,0.0,0.0,0.0,3.0,8,1,7
182152,16,2,1,15,8,3,0,1,1,1,2,23,2,2,0.0,0.0,0.0,0.0,0.0,2.0,20,6,12
162529,15,11,3,10,8,3,5,5,1,0,1,36,2,2,0.0,0.0,0.0,0.0,0.0,2.0,13,3,11
83515,16,2,3,8,4,3,0,1,0,0,1,17,2,3,1.0,0.0,0.0,1.0,0.0,3.0,13,5,6
23462,17,2,3,17,6,3,0,1,0,1,2,9,2,2,0.0,0.0,0.0,0.0,0.0,2.0,11,1,2
120354,4,2,3,14,15,3,0,1,1,1,2,21,3,2,0.0,0.0,0.0,0.0,0.0,3.0,15,5,8
135337,16,2,1,17,2,3,0,1,1,1,2,24,2,2,0.0,0.0,0.0,0.0,0.0,2.0,23,1,9
173000,16,11,5,17,8,3,5,5,1,1,1,18,2,2,0.0,0.0,0.0,0.0,0.0,2.0,14,5,12
122402,6,2,3,17,6,3,0,3,0,1,2,36,2,3,2.0,0.0,0.0,2.0,0.0,0.0,8,4,9
126661,16,2,1,10,8,3,0,1,1,1,0,36,3,2,0.0,0.0,0.0,0.0,0.0,4.0,23,3,9
12054,16,2,3,10,8,3,0,1,0,1,2,19,2,3,3.0,0.0,0.0,1.0,2.0,0.0,9,6,1
87786,16,2,3,15,2,3,0,1,1,0,0,23,2,2,0.0,0.0,0.0,0.0,0.0,2.0,10,6,7
146902,4,2,3,17,8,3,5,1,1,1,2,36,2,2,0.0,0.0,0.0,0.0,0.0,2.0,15,2,10
184732,16,7,3,3,1,3,6,1,0,1,1,18,2,2,0.0,0.0,0.0,0.0,0.0,2.0,11,6,12
6182,16,2,3,17,3,3,0,1,1,1,1,24,2,2,0.0,0.0,0.0,0.0,0.0,4.0,12,2,1
160177,16,2,1,17,6,3,0,1,0,1,2,24,2,2,0.0,0.0,0.0,0.0,0.0,2.0,0,4,11
99829,16,2,3,12,8,3,0,5,1,1,2,21,2,2,0.0,0.0,0.0,0.0,0.0,3.0,13,4,7
18119,16,2,3,0,18,3,6,1,0,1,2,24,2,4,2.0,0.0,0.0,0.0,2.0,1.0,13,2,2
112492,4,2,3,0,10,3,0,1,1,1,2,9,2,2,0.0,0.0,0.0,0.0,0.0,4.0,18,5,8
177605,16,2,3,15,3,3,0,1,1,1,1,17,2,2,0.0,0.0,0.0,0.0,0.0,3.0,13,3,12
11185,15,2,1,10,8,3,6,1,1,1,2,19,2,2,0.0,0.0,0.0,0.0,0.0,2.0,18,5,1
40978,16,2,3,10,8,3,0,1,1,1,2,12,2,2,0.0,0.0,0.0,0.0,0.0,5.0,13,3,3
72616,15,2,3,0,2,3,0,1,0,1,2,36,2,2,0.0,0.0,0.0,0.0,0.0,2.0,16,5,6
164028,16,2,3,17,8,3,0,1,1,1,0,18,2,2,0.0,0.0,0.0,0.0,0.0,2.0,9,3,11
139419,15,2,3,0,10,3,0,1,1,1,2,5,2,2,0.0,0.0,0.0,0.0,0.0,2.0,15,5,10
101359,15,2,3,0,8,3,0,1,0,1,2,5,4,3,1.0,0.0,0.0,1.0,0.0,1.0,8,6,7
124189,16,2,3,17,8,3,0,1,0,1,2,36,2,2,0.0,0.0,0.0,0.0,0.0,2.0,18,4,9
176074,16,2,1,17,10,3,0,1,1,1,2,24,2,2,0.0,0.0,0.0,0.0,0.0,2.0,1,7,12
16592,16,2,3,15,2,3,0,1,1,1,1,36,2,2,0.0,0.0,0.0,0.0,0.0,2.0,12,3,2
83964,4,2,1,17,8,3,5,5,1,0,1,24,2,2,0.0,0.0,0.0,0.0,0.0,2.0,19,4,6
121538,16,2,1,17,2,3,0,5,1,1,2,24,2,2,0.0,0.0,0.0,0.0,0.0,5.0,20,7,9
49040,4,2,3,0,8,3,0,1,1,1,2,36,2,2,0.0,0.0,0.0,0.0,0.0,2.0,14,2,4
42426,16,2,3,17,8,3,0,1,1,1,0,36,2,2,0.0,0.0,0.0,0.0,0.0,2.0,13,4,4
103985,16,2,3,17,8,4,0,5,1,1,2,18,2,2,0.0,0.0,0.0,0.0,0.0,2.0,9,3,8
170984,16,2,1,17,6,3,0,1,0,1,2,36,2,4,3.0,0.0,0.0,0.0,3.0,0.0,22,2,11
29357,4,2,3,10,8,3,0,1,1,1,2,19,2,2,0.0,0.0,0.0,0.0,0.0,3.0,14,4,3
19114,15,7,2,0,8,3,6,1,1,1,2,36,3,2,0.0,0.0,0.0,0.0,0.0,2.0,18,5,2
183062,16,2,1,17,8,3,0,5,0,1,2,18,2,2,0.0,0.0,0.0,0.0,0.0,3.0,0,3,12
133785,16,2,3,17,1,3,0,1,0,1,2,18,2,3,1.0,0.0,0.0,1.0,0.0,1.0,13,5,9
172453,16,2,1,17,15,3,0,1,1,1,1,36,2,2,0.0,0.0,0.0,0.0,0.0,2.0,5,4,12
95652,16,2,3,2,2,3,0,5,0,1,2,37,1,2,0.0,0.0,0.0,0.0,0.0,1.0,17,3,7
151744,16,2,3,10,8,3,0,1,1,1,2,19,2,2,0.0,0.0,0.0,0.0,0.0,2.0,9,6,10
40359,15,2,3,0,6,3,0,1,1,1,2,8,2,2,0.0,0.0,0.0,0.0,0.0,4.0,16,7,3
68539,16,2,3,17,10,3,0,1,1,1,1,18,2,2,0.0,0.0,0.0,0.0,0.0,2.0,11,5,5
30272,6,2,3,10,6,3,0,1,0,1,2,19,2,2,0.0,0.0,0.0,0.0,0.0,3.0,16,6,3
78453,16,2,1,0,6,3,0,1,0,1,2,6,2,3,1.0,0.0,0.0,1.0,0.0,2.0,1,1,6
120378,16,2,4,10,8,3,0,1,1,1,2,36,2,2,0.0,0.0,0.0,0.0,0.0,3.0,19,5,8
92890,4,2,3,17,15,3,0,1,1,1,2,18,2,2,0.0,0.0,0.0,0.0,0.0,2.0,15,4,7
134234,15,2,3,0,3,3,0,1,0,1,2,28,2,3,1.0,0.0,0.0,1.0,0.0,1.0,13,3,9
5187,15,2,1,0,6,3,0,1,0,1,2,26,2,4,1.0,0.0,0.0,0.0,1.0,2.0,16,3,1
88748,15,2,3,10,6,3,0,1,1,1,1,17,2,2,0.0,0.0,0.0,0.0,0.0,3.0,17,3,7
66024,15,2,4,0,6,3,0,1,0,1,2,18,3,3,1.0,0.0,0.0,1.0,0.0,3.0,5,2,5
111238,15,2,3,17,8,3,0,5,0,1,0,5,2,3,1.0,0.0,0.0,1.0,0.0,1.0,14,1,8
47183,16,2,3,17,2,3,0,1,1,1,2,36,2,2,0.0,0.0,0.0,0.0,0.0,3.0,10,5,4
12736,15,10,3,7,8,3,4,1,0,1,2,36,2,4,1.0,0.0,0.0,0.0,1.0,1.0,14,5,1
37661,16,2,3,17,2,3,0,1,0,1,2,18,2,2,0.0,0.0,0.0,0.0,0.0,2.0,10,4,3
83770,16,2,1,10,3,3,5,5,1,1,2,17,2,2,0.0,0.0,0.0,0.0,0.0,2.0,23,7,6
76214,16,7,3,10,2,3,6,5,1,0,2,6,2,2,0.0,0.0,0.0,0.0,0.0,2.0,15,3,6
113804,16,2,3,10,6,3,0,1,1,1,2,19,2,2,0.0,0.0,0.0,0.0,0.0,2.0,9,5,8
21657,15,2,4,10,8,3,6,1,0,0,2,36,2,4,1.0,0.0,0.0,0.0,1.0,2.0,5,5,2
77234,15,2,4,10,10,3,0,1,0,1,2,8,3,2,0.0,0.0,0.0,0.0,0.0,3.0,18,3,6
43521,16,7,1,17,6,3,6,1,0,1,1,17,2,3,2.0,0.0,0.0,2.0,0.0,1.0,21,2,4
886,16,2,3,17,8,3,0,1,0,1,2,24,2,3,2.0,0.0,0.0,2.0,0.0,2.0,11,2,1
188172,16,2,3,17,3,3,0,1,1,1,2,6,2,2,0.0,0.0,0.0,0.0,0.0,2.0,14,1,12
166505,15,2,3,17,11,3,0,1,1,1,2,36,2,2,0.0,0.0,0.0,0.0,0.0,3.0,15,2,11
14706,16,2,1,17,8,3,0,1,1,1,1,18,2,2,0.0,0.0,0.0,0.0,0.0,2.0,4,5,1
43713,15,2,3,7,8,3,1,1,1,1,2,39,2,2,0.0,0.0,0.0,0.0,0.0,1.0,9,4,4
18726,16,7,0,17,6,3,6,1,0,1,2,36,2,2,0.0,0.0,0.0,0.0,0.0,3.0,20,5,2
186962,16,11,5,10,2,3,5,5,1,1,1,19,2,2,0.0,0.0,0.0,0.0,0.0,2.0,18,6,12
145900,16,2,0,17,8,3,0,1,1,1,1,22,2,2,0.0,0.0,0.0,0.0,0.0,2.0,21,2,10
52267,15,2,3,0,15,3,0,1,0,1,1,36,2,2,0.0,0.0,0.0,0.0,0.0,2.0,9,5,4
141426,16,2,3,10,8,3,0,1,1,1,2,36,3,2,0.0,0.0,0.0,0.0,0.0,3.0,15,6,10
116560,16,2,3,10,10,3,0,5,1,1,1,12,2,2,0.0,0.0,0.0,0.0,0.0,2.0,17,5,8
152527,15,2,3,0,6,3,0,1,0,1,2,18,2,2,0.0,0.0,0.0,0.0,0.0,3.0,15,3,10
32956,16,2,1,15,2,3,0,1,0,1,2,36,3,2,0.0,0.0,0.0,0.0,0.0,2.0,5,1,3
155912,16,2,1,8,15,3,0,1,1,1,0,24,2,2,0.0,0.0,0.0,0.0,0.0,3.0,20,6,11
122956,4,2,3,2,8,3,0,1,1,1,2,36,1,2,0.0,0.0,0.0,0.0,0.0,1.0,10,5,9
92696,16,7,1,10,2,3,6,1,0,1,2,17,2,2,0.0,0.0,0.0,0.0,0.0,2.0,17,7,7
19565,15,2,1,17,6,3,0,1,1,1,2,12,2,2,0.0,0.0,0.0,0.0,0.0,2.0,19,6,2
29243,16,2,3,10,8,3,0,1,1,1,0,8,2,2,0.0,0.0,0.0,0.0,0.0,3.0,13,1,3
86970,4,2,3,15,8,3,6,1,0,1,2,23,2,3,1.0,0.0,0.0,1.0,0.0,1.0,13,3,6
143990,15,2,1,17,8,3,0,1,0,1,2,5,3,4,3.0,0.0,0.0,0.0,3.0,1.0,23,6,10
67105,16,7,3,10,8,3,6,5,1,1,1,19,2,2,0.0,0.0,0.0,0.0,0.0,2.0,11,3,5
66577,16,2,3,10,8,3,0,1,0,1,1,12,2,3,1.0,0.0,0.0,1.0,0.0,2.0,15,3,5
55741,16,7,1,0,6,3,6,5,0,1,2,6,2,2,0.0,0.0,0.0,0.0,0.0,2.0,0,5,4
79056,16,2,3,0,2,3,0,1,0,1,2,6,2,2,0.0,0.0,0.0,0.0,0.0,3.0,19,2,6
4564,16,7,0,10,2,3,6,1,1,1,2,36,3,2,0.0,0.0,0.0,0.0,0.0,4.0,19,6,1
135331,16,2,1,15,2,3,0,1,1,1,2,22,2,2,0.0,0.0,0.0,0.0,0.0,2.0,3,1,9
27698,4,2,3,17,8,3,0,1,1,0,2,23,2,2,0.0,0.0,0.0,0.0,0.0,2.0,7,4,2
71652,16,2,3,10,6,3,0,1,1,1,0,19,2,2,0.0,0.0,0.0,0.0,0.0,2.0,8,4,5
103866,16,2,1,0,2,3,0,1,0,1,2,6,2,2,0.0,0.0,0.0,0.0,0.0,2.0,2,4,7
188601,16,2,1,14,8,3,0,1,0,1,2,22,2,2,0.0,0.0,0.0,0.0,0.0,4.0,17,1,12
138876,4,2,3,10,2,3,0,1,1,1,1,36,2,2,0.0,0.0,0.0,0.0,0.0,2.0,17,4,10
50888,15,2,3,0,2,3,0,1,0,1,2,26,3,3,2.0,0.0,0.0,2.0,0.0,3.0,19,7,4
11907,16,7,1,9,3,3,6,1,0,1,0,18,2,3,1.0,0.0,0.0,1.0,0.0,1.0,17,2,1
111415,16,2,3,10,2,3,0,1,1,1,1,8,2,2,0.0,0.0,0.0,0.0,0.0,2.0,14,2,8
31694,16,2,3,17,8,3,0,1,1,1,2,23,2,2,0.0,0.0,0.0,0.0,0.0,2.0,16,3,3
73012,16,2,3,0,1,3,0,1,0,1,2,6,2,3,3.0,0.0,0.0,3.0,0.0,2.0,14,4,6
133225,4,2,3,15,8,3,0,1,1,1,2,22,2,2,0.0,0.0,0.0,0.0,0.0,3.0,8,2,9
122708,4,2,3,8,6,3,0,2,0,1,0,36,2,1,1.0,0.0,1.0,0.0,0.0,1.0,7,4,9
178273,16,7,1,17,8,3,6,5,0,1,1,22,2,4,1.0,0.0,0.0,0.0,1.0,3.0,0,7,12
42331,16,2,1,17,2,3,0,1,1,1,2,18,2,2,0.0,0.0,0.0,0.0,0.0,3.0,19,1,4
110321,15,2,3,0,6,3,0,1,1,1,1,36,2,2,0.0,0.0,0.0,0.0,0.0,3.0,17,2,8
164383,16,2,1,15,8,3,0,1,1,1,0,36,2,2,0.0,0.0,0.0,0.0,0.0,2.0,19,7,11
162514,15,11,5,0,10,3,5,5,0,1,2,36,2,2,0.0,0.0,0.0,0.0,0.0,4.0,21,2,11
52890,16,2,3,10,2,3,0,1,1,1,2,19,2,2,0.0,0.0,0.0,0.0,0.0,4.0,9,2,4
59145,15,2,3,17,8,3,6,1,0,1,2,18,2,2,0.0,0.0,0.0,0.0,0.0,2.0,10,3,5
93551,16,2,3,17,2,3,0,5,1,1,1,36,2,2,0.0,0.0,0.0,0.0,0.0,4.0,10,5,7
23277,15,2,3,0,6,3,4,1,0,1,2,36,2,2,0.0,0.0,0.0,0.0,0.0,2.0,10,5,2
69428,15,2,3,0,6,3,0,1,0,1,2,18,2,1,3.0,0.0,3.0,0.0,0.0,1.0,8,5,5
109845,4,2,3,10,8,3,0,1,1,1,1,19,2,2,0.0,0.0,0.0,0.0,0.0,6.0,16,7,8
45376,17,2,3,0,8,3,0,1,0,1,2,18,2,2,0.0,0.0,0.0,0.0,0.0,3.0,13,7,4
136688,16,2,1,2,2,3,0,3,1,1,0,36,1,2,0.0,0.0,0.0,0.0,0.0,1.0,20,1,9
134840,15,2,3,0,2,3,0,1,1,1,1,18,2,2,0.0,0.0,0.0,0.0,0.0,3.0,9,3,9
51497,16,2,3,17,3,3,0,1,1,1,2,36,2,2,0.0,0.0,0.0,0.0,0.0,2.0,8,5,4
36258,15,2,1,0,2,3,0,1,0,1,2,36,2,3,3.0,0.0,0.0,3.0,0.0,1.0,23,6,3
187613,15,2,3,0,8,3,0,1,0,1,2,18,2,2,0.0,0.0,0.0,0.0,0.0,5.0,13,7,12
9587,16,2,1,10,2,3,0,1,1,1,1,36,2,2,0.0,0.0,0.0,0.0,0.0,2.0,23,6,1
51652,16,2,4,17,2,3,0,6,1,1,1,18,2,2,0.0,0.0,0.0,0.0,0.0,2.0,12,6,4
79457,4,7,4,17,1,3,6,1,0,1,2,18,2,2,0.0,0.0,0.0,0.0,0.0,4.0,14,7,6
106396,16,2,3,15,8,3,0,1,1,1,2,23,2,2,0.0,0.0,0.0,0.0,0.0,2.0,13,5,8
185711,16,2,3,10,2,3,4,1,0,1,2,17,2,2,0.0,0.0,0.0,0.0,0.0,6.0,16,2,12
12995,15,2,3,17,2,3,4,1,1,1,1,36,2,2,0.0,0.0,0.0,0.0,0.0,2.0,15,1,1
100296,16,2,3,10,17,3,5,5,1,1,2,36,2,2,0.0,0.0,0.0,0.0,0.0,2.0,6,4,7
85206,4,2,3,10,8,3,0,1,1,1,2,17,2,2,0.0,0.0,0.0,0.0,0.0,2.0,15,2,6