crash_date,               traffic_control_device,weather_condition,lighting_condition,first_crash_type,trafficway_type,alignment,roadway_surface_cond,road_defect,crash_type,intersection_related_i,damage,prim_contributory_cause,num_units,most_severe_injury,injuries_total,injuries_fatal,injuries_incapacitating,injuries_non_incapacitating,injuries_reported_not_evident,injuries_no_indication,crash_hour,crash_day_of_week,crash_month
130689,15,2,3,8,8,3,0,1,0,1,1,36,2,3,1.0,0.0,0.0,1.0,0.0,1.0,17,3,9
63894,16,2,3,10,8,3,0,1,1,1,0,17,2,2,0.0,0.0,0.0,0.0,0.0,3.0,16,2,5
182899,4,2,1,17,6,3,0,5,0,1,2,36,2,3,1.0,0.0,0.0,1.0,0.0,2.0,16,3,12
126011,16,2,3,17,2,3,0,1,1,1,2,36,2,2,0.0,0.0,0.0,0.0,0.0,2.0,14,6,9
13312,16,7,1,10,8,3,6,1,1,0,2,36,2,2,0.0,0.0,0.0,0.0,0.0,3.0,18,7,1
65599,16,2,3,10,2,3,0,1,1,1,2,8,2,2,0.0,0.0,0.0,0.0,0.0,3.0,15,7,5
117907,16,2,3,17,10,3,0,1,0,1,2,24,2,2,0.0,0.0,0.0,0.0,0.0,3.0,16,5,8
43959,15,2,1,9,8,3,0,1,1,1,0,13,2,2,0.0,0.0,0.0,0.0,0.0,4.0,21,2,4
141881,16,2,3,10,10,3,0,1,1,1,0,6,2,2,0.0,0.0,0.0,0.0,0.0,2.0,7,5,10
78855,16,2,1,15,8,3,0,1,1,1,1,23,2,2,0.0,0.0,0.0,0.0,0.0,2.0,0,5,6
121470,15,2,3,10,10,3,0,1,1,1,2,19,2,2,0.0,0.0,0.0,0.0,0.0,2.0,8,6,9
176279,4,2,1,7,6,3,0,5,0,1,2,36,2,2,0.0,0.0,0.0,0.0,0.0,1.0,22,4,12
119003,15,2,3,9,8,3,0,1,1,0,2,10,2,2,0.0,0.0,0.0,0.0,0.0,2.0,18,5,8
136990,16,3,3,17,8,3,0,5,1,1,2,36,2,2,0.0,0.0,0.0,0.0,0.0,3.0,15,1,9
42892,16,2,3,0,6,3,0,1,1,1,1,6,2,2,0.0,0.0,0.0,0.0,0.0,4.0,9,5,4
104367,16,2,3,0,6,3,0,1,0,1,2,6,2,1,1.0,0.0,1.0,0.0,0.0,1.0,11,2,8
112553,4,2,3,0,8,3,0,1,0,1,2,36,2,4,2.0,0.0,0.0,0.0,2.0,0.0,16,6,8
128258,15,2,3,0,6,3,0,1,0,1,2,5,3,2,0.0,0.0,0.0,0.0,0.0,3.0,15,7,9
53211,15,2,3,10,8,3,0,1,0,1,2,36,2,4,1.0,0.0,0.0,0.0,1.0,1.0,6,1,4
63764,15,2,1,17,3,3,0,1,0,1,2,18,2,3,3.0,0.0,0.0,3.0,0.0,0.0,21,5,5
30152,16,2,3,0,8,3,0,1,1,1,1,6,2,2,0.0,0.0,0.0,0.0,0.0,2.0,14,3,3
26117,15,2,3,7,7,3,0,1,0,1,2,36,2,2,0.0,0.0,0.0,0.0,0.0,1.0,14,7,2
111820,4,2,3,0,0,3,0,1,1,1,1,18,2,2,0.0,0.0,0.0,0.0,0.0,2.0,16,3,8
97150,16,7,1,17,8,3,6,1,1,1,2,36,2,2,0.0,0.0,0.0,0.0,0.0,2.0,23,4,7
103416,16,2,0,10,11,3,0,1,1,1,1,21,2,2,0.0,0.0,0.0,0.0,0.0,2.0,23,1,7
122666,16,2,3,17,15,3,0,1,1,1,2,23,2,2,0.0,0.0,0.0,0.0,0.0,2.0,14,4,9
36178,16,2,1,17,8,3,0,5,0,1,2,6,2,3,1.0,0.0,0.0,1.0,0.0,1.0,22,6,3
5426,15,2,3,0,2,3,0,1,1,1,2,18,2,2,0.0,0.0,0.0,0.0,0.0,4.0,15,3,1
14777,16,9,1,2,15,3,6,1,0,1,2,39,1,2,0.0,0.0,0.0,0.0,0.0,2.0,3,6,1
145572,15,2,3,10,8,3,0,1,1,1,1,36,2,2,0.0,0.0,0.0,0.0,0.0,5.0,7,6,10
121484,16,2,4,0,15,3,0,1,0,1,2,18,2,1,3.0,0.0,1.0,2.0,0.0,1.0,22,6,9
175935,16,2,1,2,6,3,0,6,0,1,2,12,1,2,0.0,0.0,0.0,0.0,0.0,1.0,22,7,12
57404,16,2,3,17,6,3,0,1,1,1,1,36,2,2,0.0,0.0,0.0,0.0,0.0,2.0,16,6,5
64819,16,2,2,0,6,3,0,1,0,1,2,6,2,1,1.0,0.0,1.0,0.0,0.0,1.0,4,3,5
116253,16,7,1,15,2,3,6,1,1,1,1,6,2,2,0.0,0.0,0.0,0.0,0.0,2.0,22,6,8
17164,16,2,5,9,6,3,5,5,0,1,0,18,3,3,1.0,0.0,0.0,1.0,0.0,2.0,15,7,2
166162,4,2,3,0,8,3,0,1,1,1,1,36,2,2,0.0,0.0,0.0,0.0,0.0,4.0,14,5,11
10640,4,7,1,10,8,3,0,1,1,1,1,19,2,2,0.0,0.0,0.0,0.0,0.0,2.0,18,3,1
123354,4,2,1,17,10,3,5,5,0,1,2,19,2,2,0.0,0.0,0.0,0.0,0.0,4.0,21,4,9
11169,16,2,3,17,2,3,4,1,1,1,1,24,2,2,0.0,0.0,0.0,0.0,0.0,2.0,16,5,1
70528,16,2,3,0,2,3,0,1,0,1,2,36,2,2,0.0,0.0,0.0,0.0,0.0,3.0,17,2,5
89951,16,2,3,14,6,3,0,1,1,1,2,36,2,2,0.0,0.0,0.0,0.0,0.0,2.0,13,6,7
107855,15,2,3,17,8,3,0,1,1,1,2,38,2,2,0.0,0.0,0.0,0.0,0.0,2.0,17,5,8
127532,16,2,3,17,9,3,0,1,1,1,2,24,2,2,0.0,0.0,0.0,0.0,0.0,2.0,9,2,9
28301,6,2,3,10,8,3,0,5,1,1,2,36,2,2,0.0,0.0,0.0,0.0,0.0,2.0,15,5,3
178491,16,2,1,0,2,3,0,1,0,1,2,37,3,1,4.0,0.0,4.0,0.0,0.0,0.0,20,5,12
183865,16,2,3,17,6,3,0,1,0,1,2,17,2,2,0.0,0.0,0.0,0.0,0.0,2.0,7,2,12
98168,4,2,3,15,8,3,0,1,1,1,1,23,2,2,0.0,0.0,0.0,0.0,0.0,2.0,18,5,7
87721,16,2,1,17,6,3,0,5,1,1,2,36,2,2,0.0,0.0,0.0,0.0,0.0,2.0,1,1,6
150752,16,2,3,10,2,3,0,1,1,1,1,19,2,2,0.0,0.0,0.0,0.0,0.0,2.0,15,1,10
5868,15,10,3,17,15,3,4,1,1,1,1,39,2,2,0.0,0.0,0.0,0.0,0.0,3.0,15,6,1
94506,16,2,3,10,8,3,0,1,1,1,2,19,2,2,0.0,0.0,0.0,0.0,0.0,2.0,23,7,7
53016,16,2,3,17,2,3,0,1,1,1,1,18,2,2,0.0,0.0,0.0,0.0,0.0,2.0,14,4,4
23627,16,2,3,10,3,3,0,1,1,1,2,36,2,2,0.0,0.0,0.0,0.0,0.0,2.0,9,3,2
29597,16,2,0,10,8,3,0,1,1,1,2,17,2,2,0.0,0.0,0.0,0.0,0.0,2.0,18,6,3
9323,16,2,3,15,8,3,0,1,1,1,1,36,2,2,0.0,0.0,0.0,0.0,0.0,2.0,9,1,1
22987,16,2,3,10,2,3,0,1,0,1,2,17,2,1,1.0,0.0,1.0,0.0,0.0,1.0,6,7,2
142682,15,2,0,17,6,3,0,5,1,1,2,36,2,2,0.0,0.0,0.0,0.0,0.0,2.0,18,4,10
122249,16,2,3,0,8,3,0,1,0,1,2,17,2,4,1.0,0.0,0.0,0.0,1.0,2.0,8,2,9
174355,15,3,2,17,11,3,0,1,0,1,2,5,2,3,2.0,0.0,0.0,2.0,0.0,1.0,6,3,12
13048,15,2,3,17,10,3,6,1,1,1,1,22,2,2,0.0,0.0,0.0,0.0,0.0,3.0,14,2,1
133495,15,2,3,0,6,3,0,5,0,1,2,17,2,3,3.0,0.0,0.0,3.0,0.0,1.0,12,7,9
40025,16,2,1,10,6,3,0,1,1,1,2,17,2,2,0.0,0.0,0.0,0.0,0.0,2.0,0,7,3
41872,16,2,3,0,8,3,0,1,0,1,2,6,2,2,0.0,0.0,0.0,0.0,0.0,3.0,16,7,3
169744,15,10,3,0,8,3,1,1,1,1,1,39,2,2,0.0,0.0,0.0,0.0,0.0,2.0,11,2,11
183334,16,2,1,17,6,3,0,1,0,1,2,23,2,2,0.0,0.0,0.0,0.0,0.0,2.0,2,2,12
49820,16,2,3,15,3,3,0,1,0,1,2,22,2,3,1.0,0.0,0.0,1.0,0.0,1.0,11,4,4
179725,16,2,3,15,5,3,0,1,1,1,0,36,3,2,0.0,0.0,0.0,0.0,0.0,2.0,13,2,12
7834,16,2,1,17,6,3,6,1,1,1,2,18,2,2,0.0,0.0,0.0,0.0,0.0,4.0,18,7,1
77403,16,2,1,17,6,3,0,1,1,1,1,36,2,2,0.0,0.0,0.0,0.0,0.0,2.0,1,7,6
83375,16,2,3,0,6,5,0,1,0,1,2,6,2,3,4.0,0.0,0.0,4.0,0.0,0.0,11,2,6
133503,16,2,3,10,6,3,0,1,1,1,2,19,2,2,0.0,0.0,0.0,0.0,0.0,2.0,15,2,9
187522,16,2,1,10,3,3,5,5,1,1,2,36,2,2,0.0,0.0,0.0,0.0,0.0,5.0,18,3,12
15343,16,2,3,10,8,3,4,1,1,1,2,36,2,2,0.0,0.0,0.0,0.0,0.0,2.0,11,2,2
180415,4,11,5,0,6,3,5,5,1,1,2,36,2,2,0.0,0.0,0.0,0.0,0.0,2.0,14,4,12
119561,16,2,3,15,2,3,0,1,1,1,1,20,2,2,0.0,0.0,0.0,0.0,0.0,2.0,8,6,8
35838,16,2,1,10,8,3,0,1,1,1,2,19,2,2,0.0,0.0,0.0,0.0,0.0,2.0,19,6,3
136623,4,2,1,17,3,3,0,5,1,1,2,23,2,2,0.0,0.0,0.0,0.0,0.0,2.0,8,7,9
30745,15,2,3,0,6,3,0,1,0,1,2,5,2,3,1.0,0.0,0.0,1.0,0.0,1.0,15,7,3
76679,16,2,3,17,6,3,0,1,1,1,2,36,2,2,0.0,0.0,0.0,0.0,0.0,2.0,14,2,6
104473,4,2,3,0,8,3,0,1,0,1,2,26,2,2,0.0,0.0,0.0,0.0,0.0,2.0,18,5,8
26221,16,3,1,17,1,3,6,1,0,1,2,6,3,2,0.0,0.0,0.0,0.0,0.0,4.0,2,1,2
95622,4,2,0,17,8,3,0,1,0,0,0,28,2,3,2.0,0.0,0.0,2.0,0.0,1.0,23,2,7
16486,16,2,3,10,10,3,0,1,1,1,2,17,2,2,0.0,0.0,0.0,0.0,0.0,2.0,15,2,2
170352,15,2,4,0,6,3,0,1,1,1,1,17,2,2,0.0,0.0,0.0,0.0,0.0,2.0,15,6,11
180921,16,2,2,15,10,3,0,1,1,1,1,22,2,2,0.0,0.0,0.0,0.0,0.0,2.0,17,2,12
32840,17,2,3,15,6,3,5,5,1,1,2,36,2,2,0.0,0.0,0.0,0.0,0.0,2.0,15,1,3
127090,4,2,3,17,6,3,0,1,1,0,2,26,2,2,0.0,0.0,0.0,0.0,0.0,2.0,15,5,9
3058,16,7,3,10,8,4,6,2,0,1,0,19,2,4,1.0,0.0,0.0,0.0,1.0,1.0,10,2,1
36341,15,2,3,17,8,3,5,5,1,1,2,24,2,2,0.0,0.0,0.0,0.0,0.0,2.0,14,2,3
26292,15,3,3,14,11,3,0,1,0,1,2,18,2,3,2.0,0.0,0.0,2.0,0.0,4.0,7,2,2
7144,15,3,3,0,2,3,0,1,0,1,2,18,2,2,0.0,0.0,0.0,0.0,0.0,2.0,7,3,1
102704,15,2,3,0,8,3,0,1,0,1,2,36,2,2,0.0,0.0,0.0,0.0,0.0,2.0,17,6,7
129101,15,2,3,0,8,3,0,1,1,1,1,26,2,2,0.0,0.0,0.0,0.0,0.0,2.0,17,2,9
40942,15,2,3,0,6,3,0,1,1,1,2,5,2,2,0.0,0.0,0.0,0.0,0.0,2.0,15,5,3
108217,16,2,3,10,1,3,0,1,1,1,2,17,2,2,0.0,0.0,0.0,0.0,0.0,2.0,13,4,8
121793,16,7,3,10,8,3,6,1,1,1,2,17,2,2,0.0,0.0,0.0,0.0,0.0,2.0,7,3,9
187292,15,10,3,0,6,3,4,1,0,1,2,18,2,4,1.0,0.0,0.0,0.0,1.0,3.0,13,3,12
21986,16,2,3,17,2,3,0,1,1,1,2,12,2,2,0.0,0.0,0.0,0.0,0.0,3.0,8,4,2
17667,16,2,1,10,8,3,1,5,0,1,2,39,2,3,1.0,0.0,0.0,1.0,0.0,1.0,0,1,2
169650,16,7,1,2,2,3,0,1,0,0,2,36,1,2,0.0,0.0,0.0,0.0,0.0,1.0,6,1,11
116336,16,2,3,17,2,3,0,1,1,1,2,17,2,2,0.0,0.0,0.0,0.0,0.0,5.0,11,7,8
25634,15,2,3,0,6,3,6,5,0,1,2,5,2,4,1.0,0.0,0.0,0.0,1.0,2.0,14,6,2
146205,15,2,1,17,2,3,0,1,1,1,0,36,2,2,0.0,0.0,0.0,0.0,0.0,2.0,20,1,10
41141,15,2,1,13,6,3,0,1,1,1,2,5,2,2,0.0,0.0,0.0,0.0,0.0,2.0,19,1,3
112626,16,7,3,0,6,3,6,1,0,1,1,18,2,2,0.0,0.0,0.0,0.0,0.0,7.0,15,7,8
138172,16,7,3,15,8,3,6,1,1,1,1,36,2,2,0.0,0.0,0.0,0.0,0.0,4.0,16,1,10
28360,16,2,3,0,3,3,0,1,0,1,2,6,2,3,1.0,0.0,0.0,1.0,0.0,4.0,12,5,3
74172,4,2,5,7,17,3,0,1,1,1,1,36,2,2,0.0,0.0,0.0,0.0,0.0,1.0,20,7,6
39143,16,7,1,10,8,3,6,1,0,1,2,36,2,3,1.0,0.0,0.0,1.0,0.0,1.0,19,5,3
38413,16,3,3,15,6,3,6,1,1,0,2,36,2,2,0.0,0.0,0.0,0.0,0.0,2.0,8,6,3
18118,16,2,3,17,2,3,0,1,1,1,2,18,2,2,0.0,0.0,0.0,0.0,0.0,3.0,13,2,2
184935,16,7,0,10,2,3,6,5,1,1,2,26,2,2,0.0,0.0,0.0,0.0,0.0,2.0,17,4,12
17649,15,2,1,10,8,3,0,1,0,1,2,17,3,3,1.0,0.0,0.0,1.0,0.0,2.0,19,1,2
152947,16,2,3,11,8,3,0,1,1,1,2,18,2,2,0.0,0.0,0.0,0.0,0.0,2.0,13,1,10
65153,16,2,3,10,8,3,0,1,0,1,2,19,2,2,0.0,0.0,0.0,0.0,0.0,2.0,16,7,5
38188,16,10,3,2,8,3,4,1,0,1,2,28,2,2,0.0,0.0,0.0,0.0,0.0,6.0,18,1,3
135896,16,7,1,17,10,4,6,1,1,1,2,24,2,2,0.0,0.0,0.0,0.0,0.0,2.0,22,4,9
134228,16,2,3,17,1,3,0,1,0,1,2,18,2,2,0.0,0.0,0.0,0.0,0.0,2.0,12,2,9
8817,16,2,3,0,8,3,6,5,1,0,2,22,2,2,0.0,0.0,0.0,0.0,0.0,2.0,14,7,1
124557,4,2,1,2,6,3,0,1,0,1,1,36,1,4,1.0,0.0,0.0,0.0,1.0,0.0,23,1,9
75552,4,2,3,10,2,3,0,1,1,1,1,36,2,2,0.0,0.0,0.0,0.0,0.0,2.0,13,6,6
167695,4,2,3,10,2,3,0,1,1,0,2,19,2,2,0.0,0.0,0.0,0.0,0.0,2.0,11,4,11
101298,16,2,3,10,8,3,0,1,1,1,2,19,2,2,0.0,0.0,0.0,0.0,0.0,2.0,10,5,7
58618,16,2,1,17,6,3,0,1,0,1,1,6,2,2,0.0,0.0,0.0,0.0,0.0,2.0,21,2,5
70614,16,2,0,0,6,3,0,1,1,1,2,36,2,2,0.0,0.0,0.0,0.0,0.0,4.0,20,4,5
175135,15,2,1,2,10,3,0,1,0,0,2,11,1,2,0.0,0.0,0.0,0.0,0.0,1.0,3,1,12
681,15,2,3,17,3,3,6,1,1,1,2,18,2,2,0.0,0.0,0.0,0.0,0.0,3.0,12,4,1
70200,16,2,3,0,1,3,0,5,0,1,1,18,2,1,3.0,0.0,3.0,0.0,0.0,0.0,1,3,5
110559,4,2,3,10,8,3,0,1,1,1,1,36,2,2,0.0,0.0,0.0,0.0,0.0,2.0,16,5,8
13040,16,2,3,17,2,3,0,1,1,1,2,19,2,2,0.0,0.0,0.0,0.0,0.0,2.0,12,1,1
106615,15,2,3,15,19,3,0,1,1,1,0,36,2,2,0.0,0.0,0.0,0.0,0.0,2.0,14,2,8
35518,16,2,1,15,8,3,0,1,1,1,0,36,2,2,0.0,0.0,0.0,0.0,0.0,2.0,23,2,3
187317,16,7,1,17,15,3,6,1,1,1,2,18,2,2,0.0,0.0,0.0,0.0,0.0,3.0,19,3,12
70123,15,2,3,0,2,3,0,1,1,1,1,36,2,2,0.0,0.0,0.0,0.0,0.0,2.0,8,3,5
62407,16,2,1,15,8,3,0,1,0,1,2,36,2,4,1.0,0.0,0.0,0.0,1.0,1.0,19,6,5
44230,4,2,4,10,8,3,0,1,1,1,0,28,3,2,0.0,0.0,0.0,0.0,0.0,3.0,18,6,4
92497,4,2,3,0,11,3,0,1,1,0,1,23,2,2,0.0,0.0,0.0,0.0,0.0,2.0,8,3,7
93936,15,2,3,8,10,3,0,1,0,1,1,18,2,3,1.0,0.0,0.0,1.0,0.0,1.0,8,6,7
133793,4,2,3,17,8,3,0,1,0,1,2,36,2,2,0.0,0.0,0.0,0.0,0.0,2.0,15,5,9
166284,16,2,1,17,8,3,0,1,0,1,2,6,2,2,0.0,0.0,0.0,0.0,0.0,2.0,3,7,11
187771,16,10,4,10,2,3,4,1,1,1,2,39,2,2,0.0,0.0,0.0,0.0,0.0,2.0,17,3,12
163570,15,2,3,17,2,3,0,1,1,1,2,18,2,2,0.0,0.0,0.0,0.0,0.0,2.0,13,1,11
43304,16,2,3,17,3,3,0,1,0,1,2,6,2,3,1.0,0.0,0.0,1.0,0.0,1.0,9,4,4
157841,4,2,1,15,2,3,0,1,1,1,1,23,2,2,0.0,0.0,0.0,0.0,0.0,4.0,22,6,11
121395,15,2,1,9,8,3,0,5,0,1,2,18,2,3,1.0,0.0,0.0,1.0,0.0,1.0,20,5,9
132579,16,2,3,17,10,3,5,5,1,1,2,18,2,2,0.0,0.0,0.0,0.0,0.0,2.0,10,7,9
32596,16,2,1,0,8,3,0,1,0,1,2,6,2,2,0.0,0.0,0.0,0.0,0.0,2.0,22,1,3
58449,16,2,0,17,11,3,0,5,1,1,1,6,2,2,0.0,0.0,0.0,0.0,0.0,3.0,0,1,5
84932,16,2,3,10,8,3,0,1,1,1,2,19,2,2,0.0,0.0,0.0,0.0,0.0,2.0,14,6,6
161982,15,2,3,10,8,3,1,1,1,1,2,26,2,2,0.0,0.0,0.0,0.0,0.0,2.0,13,3,11
185810,16,3,1,15,2,3,0,1,1,1,2,36,2,2,0.0,0.0,0.0,0.0,0.0,6.0,22,4,12
78027,16,2,1,10,2,3,0,1,0,0,2,28,2,3,2.0,0.0,0.0,2.0,0.0,4.0,0,1,6
123310,15,2,3,7,8,3,0,1,1,1,2,17,2,2,0.0,0.0,0.0,0.0,0.0,1.0,13,4,9
119618,17,11,4,17,8,3,5,5,1,1,2,36,2,2,0.0,0.0,0.0,0.0,0.0,2.0,18,1,8
137134,16,2,3,10,8,3,0,1,1,1,2,19,2,2,0.0,0.0,0.0,0.0,0.0,2.0,13,1,9
34995,15,2,1,0,8,3,0,5,1,1,2,18,2,2,0.0,0.0,0.0,0.0,0.0,2.0,22,6,3
115337,16,2,3,10,8,3,0,1,1,1,0,17,2,2,0.0,0.0,0.0,0.0,0.0,2.0,12,7,8
156930,16,2,3,17,8,3,0,1,1,1,2,36,2,2,0.0,0.0,0.0,0.0,0.0,2.0,16,6,11
12862,4,7,1,2,15,3,6,5,0,1,2,36,1,2,0.0,0.0,0.0,0.0,0.0,1.0,5,6,1
173808,4,2,1,0,10,3,0,1,1,1,1,24,2,2,0.0,0.0,0.0,0.0,0.0,2.0,20,2,12
65989,15,2,1,0,8,3,0,1,0,1,2,18,2,3,2.0,0.0,0.0,1.0,1.0,0.0,23,7,5
19771,17,11,5,17,1,3,5,5,1,1,2,36,2,2,0.0,0.0,0.0,0.0,0.0,2.0,7,2,2
98133,4,2,1,14,2,3,0,1,1,1,2,23,2,2,0.0,0.0,0.0,0.0,0.0,3.0,21,7,7
3252,15,2,3,0,6,3,5,5,1,1,2,36,2,2,0.0,0.0,0.0,0.0,0.0,3.0,12,6,1
137370,16,2,3,17,8,3,0,1,1,1,0,36,2,2,0.0,0.0,0.0,0.0,0.0,2.0,15,6,9
129345,16,2,1,2,6,3,0,1,0,1,2,13,1,2,0.0,0.0,0.0,0.0,0.0,1.0,0,6,9
136640,17,2,3,9,8,3,5,5,0,1,0,36,2,4,1.0,0.0,0.0,0.0,1.0,1.0,10,7,9
133091,4,2,0,15,11,3,0,1,1,0,2,23,2,2,0.0,0.0,0.0,0.0,0.0,2.0,23,7,9
165437,16,10,1,10,2,3,6,1,1,1,1,36,2,2,0.0,0.0,0.0,0.0,0.0,2.0,1,1,11
35207,16,2,1,17,15,4,0,1,1,1,2,6,2,2,0.0,0.0,0.0,0.0,0.0,2.0,20,4,3
62332,16,2,3,15,8,3,0,1,1,1,1,18,2,2,0.0,0.0,0.0,0.0,0.0,2.0,8,5,5
112671,16,3,3,0,15,3,0,1,1,1,1,6,2,2,0.0,0.0,0.0,0.0,0.0,2.0,11,7,8
135970,16,2,3,10,2,3,0,1,1,1,1,36,2,2,0.0,0.0,0.0,0.0,0.0,4.0,12,5,9
31154,15,2,1,7,6,3,0,5,0,1,2,11,2,2,0.0,0.0,0.0,0.0,0.0,2.0,2,7,3
37172,4,2,1,10,12,3,0,1,1,0,0,12,2,2,0.0,0.0,0.0,0.0,0.0,2.0,20,2,3
47528,15,2,3,17,8,3,0,1,1,1,2,22,2,2,0.0,0.0,0.0,0.0,0.0,4.0,16,6,4
57637,16,2,1,10,8,3,5,5,1,1,2,36,2,2,0.0,0.0,0.0,0.0,0.0,2.0,23,7,5
101576,15,2,3,17,2,3,0,1,1,1,2,19,2,2,0.0,0.0,0.0,0.0,0.0,2.0,19,3,7
12018,16,10,4,17,8,3,4,1,1,1,0,18,2,2,0.0,0.0,0.0,0.0,0.0,6.0,17,6,1
143201,16,2,3,15,8,3,0,1,1,1,2,18,2,2,0.0,0.0,0.0,0.0,0.0,2.0,14,3,10
163074,16,2,1,17,8,3,0,1,1,1,1,36,2,2,0.0,0.0,0.0,0.0,0.0,2.0,19,3,11
22143,4,2,1,17,8,3,0,1,0,1,2,18,2,4,1.0,0.0,0.0,0.0,1.0,1.0,17,6,2
170331,15,11,5,7,8,3,5,5,1,1,2,36,2,2,0.0,0.0,0.0,0.0,0.0,1.0,9,4,11
159761,15,2,3,0,8,3,0,1,1,1,1,5,2,2,0.0,0.0,0.0,0.0,0.0,3.0,18,4,11
187099,16,2,3,17,8,3,0,1,0,1,2,22,2,2,0.0,0.0,0.0,0.0,0.0,2.0,14,6,12
165584,16,2,1,0,8,3,0,1,1,1,2,12,2,2,0.0,0.0,0.0,0.0,0.0,4.0,19,4,11
166261,16,2,3,15,6,3,0,1,1,1,2,23,2,2,0.0,0.0,0.0,0.0,0.0,2.0,11,6,11
127669,16,2,0,10,8,3,0,1,1,1,0,19,2,2,0.0,0.0,0.0,0.0,0.0,2.0,2,6,9
114609,16,2,3,0,2,3,0,1,1,1,2,21,2,2,0.0,0.0,0.0,0.0,0.0,2.0,8,2,8
100502,16,2,3,9,15,3,0,1,0,1,2,31,2,3,1.0,0.0,0.0,1.0,0.0,1.0,17,1,7
50050,15,2,3,0,6,3,0,1,1,1,2,18,2,2,0.0,0.0,0.0,0.0,0.0,2.0,12,7,4
88631,6,2,4,3,6,3,5,5,0,1,2,18,2,3,1.0,0.0,0.0,1.0,0.0,1.0,20,7,7
99026,15,2,3,0,6,3,0,1,0,1,2,18,2,3,1.0,0.0,0.0,1.0,0.0,1.0,15,6,7
31356,16,2,3,9,8,3,0,1,0,1,2,18,2,3,1.0,0.0,0.0,1.0,0.0,1.0,14,5,3
121933,16,2,3,10,8,3,0,1,1,1,1,36,2,2,0.0,0.0,0.0,0.0,0.0,2.0,17,6,9
56893,4,2,3,17,2,3,0,1,0,1,2,23,2,2,0.0,0.0,0.0,0.0,0.0,2.0,14,5,5
137861,17,2,3,0,2,3,0,1,1,1,2,36,2,2,0.0,0.0,0.0,0.0,0.0,3.0,13,6,10
71341,15,2,3,0,6,3,0,1,1,1,1,18,2,2,0.0,0.0,0.0,0.0,0.0,2.0,16,6,5
181060,16,2,3,11,8,3,0,1,1,1,2,19,2,2,0.0,0.0,0.0,0.0,0.0,3.0,12,5,12
3632,16,2,3,10,10,3,0,1,1,1,1,36,2,2,0.0,0.0,0.0,0.0,0.0,2.0,8,6,1
111006,16,7,3,9,8,3,6,1,0,1,1,36,2,3,1.0,0.0,0.0,1.0,0.0,1.0,15,4,8
1373,16,3,3,17,6,3,0,1,0,1,2,17,2,2,0.0,0.0,0.0,0.0,0.0,2.0,13,4,1
98110,16,2,3,0,6,3,0,1,0,1,2,6,3,4,6.0,0.0,0.0,0.0,6.0,3.0,17,7,7
125602,16,2,3,10,8,3,0,1,0,1,0,8,2,4,1.0,0.0,0.0,0.0,1.0,1.0,12,2,9
37544,16,2,1,0,6,3,0,1,0,1,2,6,2,4,1.0,0.0,0.0,0.0,1.0,1.0,8,4,3
161689,16,11,5,10,8,3,5,5,1,1,2,36,2,2,0.0,0.0,0.0,0.0,0.0,2.0,18,6,11
10707,15,2,3,0,8,3,0,1,0,1,2,36,2,2,0.0,0.0,0.0,0.0,0.0,2.0,7,4,1
72930,16,2,3,17,10,3,0,1,1,1,2,26,2,2,0.0,0.0,0.0,0.0,0.0,2.0,12,1,6
156587,16,2,3,0,6,3,0,5,1,1,2,36,2,2,0.0,0.0,0.0,0.0,0.0,2.0,7,2,11
80841,15,2,1,0,9,3,0,1,0,1,2,5,2,2,0.0,0.0,0.0,0.0,0.0,5.0,21,7,6
10136,16,2,1,17,8,3,0,1,0,1,2,18,2,4,1.0,0.0,0.0,0.0,1.0,1.0,5,2,1
44296,16,2,3,15,6,3,0,1,1,1,2,22,2,2,0.0,0.0,0.0,0.0,0.0,2.0,6,2,4
72694,16,2,3,17,2,3,0,1,0,0,2,18,3,4,1.0,0.0,0.0,0.0,1.0,2.0,4,6,6
87134,15,3,3,15,8,3,0,5,1,1,0,23,2,2,0.0,0.0,0.0,0.0,0.0,3.0,18,5,6
120633,16,2,1,14,2,3,5,5,0,1,2,36,2,4,1.0,0.0,0.0,0.0,1.0,2.0,22,7,9
12909,16,2,3,10,8,3,0,5,1,1,2,17,3,2,0.0,0.0,0.0,0.0,0.0,3.0,16,4,1
111153,15,2,1,17,6,3,0,1,1,1,1,5,2,2,0.0,0.0,0.0,0.0,0.0,2.0,1,7,8
113847,16,2,3,0,8,3,0,1,1,1,2,6,2,2,0.0,0.0,0.0,0.0,0.0,2.0,5,6,8
8392,4,2,3,0,2,3,0,1,1,1,2,17,2,2,0.0,0.0,0.0,0.0,0.0,4.0,15,2,1
155761,4,3,3,0,8,3,0,5,0,1,2,14,2,2,0.0,0.0,0.0,0.0,0.0,2.0,7,4,11
70866,16,2,3,0,8,3,0,1,0,1,1,26,2,3,1.0,0.0,0.0,1.0,0.0,1.0,18,7,5
71909,16,3,3,10,8,3,0,5,1,1,1,19,2,2,0.0,0.0,0.0,0.0,0.0,2.0,14,7,6
149871,16,2,0,17,2,0,0,1,1,1,2,22,2,2,0.0,0.0,0.0,0.0,0.0,3.0,19,2,10
36484,15,2,1,10,8,3,0,1,0,1,2,36,2,4,3.0,0.0,0.0,0.0,3.0,1.0,22,5,3
40068,16,2,3,0,6,3,0,1,0,1,2,6,2,2,0.0,0.0,0.0,0.0,0.0,2.0,7,1,3
111682,16,2,4,17,6,3,0,1,1,1,2,2,2,2,0.0,0.0,0.0,0.0,0.0,2.0,0,7,8