crash_date,               traffic_control_device,weather_condition,lighting_condition,first_crash_type,trafficway_type,alignment,roadway_surface_cond,road_defect,crash_type,intersection_related_i,damage,prim_contributory_cause,num_units,most_severe_injury,injuries_total,injuries_fatal,injuries_incapacitating,injuries_non_incapacitating,injuries_reported_not_evident,injuries_no_indication,crash_hour,crash_day_of_week,crash_month
110785,4,2,3,7,10,3,0,1,1,0,1,21,2,2,0.0,0.0,0.0,0.0,0.0,1.0,9,1,8
137201,16,2,4,8,8,3,5,5,0,1,1,24,2,3,1.0,0.0,0.0,1.0,0.0,2.0,18,2,9
116572,16,2,3,0,15,3,0,1,1,1,1,6,2,2,0.0,0.0,0.0,0.0,0.0,2.0,19,5,8
57816,16,2,3,10,6,3,0,1,1,1,0,36,2,2,0.0,0.0,0.0,0.0,0.0,5.0,18,5,5
167093,16,2,3,10,8,3,0,1,1,1,0,19,2,2,0.0,0.0,0.0,0.0,0.0,2.0,8,3,11
62617,16,2,3,10,3,3,0,5,1,1,1,19,2,2,0.0,0.0,0.0,0.0,0.0,2.0,15,1,5
60520,16,7,3,10,8,3,6,1,1,1,0,19,2,2,0.0,0.0,0.0,0.0,0.0,2.0,13,3,5
16644,15,2,3,10,3,3,0,1,1,1,2,19,2,2,0.0,0.0,0.0,0.0,0.0,2.0,10,5,2
119840,16,2,3,17,6,3,0,1,1,1,1,36,2,2,0.0,0.0,0.0,0.0,0.0,2.0,8,4,8
131198,16,2,1,0,6,3,0,1,0,1,2,36,2,3,4.0,0.0,0.0,4.0,0.0,0.0,21,5,9
55503,4,2,1,17,2,3,0,1,0,1,2,18,2,3,1.0,0.0,0.0,1.0,0.0,3.0,1,7,4
31616,15,2,4,0,6,3,0,1,0,1,2,5,2,3,1.0,0.0,0.0,1.0,0.0,3.0,19,1,3
24158,15,2,3,0,6,3,0,3,0,1,2,18,2,2,0.0,0.0,0.0,0.0,0.0,4.0,8,5,2
34803,16,2,3,15,8,3,0,5,1,1,0,22,2,2,0.0,0.0,0.0,0.0,0.0,2.0,8,3,3
116996,16,2,3,17,6,3,0,1,0,1,2,36,2,1,1.0,0.0,1.0,0.0,0.0,1.0,14,5,8
137685,4,2,3,5,0,3,0,3,1,0,0,26,1,2,0.0,0.0,0.0,0.0,0.0,2.0,16,2,10
44985,17,2,3,10,8,3,0,5,0,1,2,26,3,2,0.0,0.0,0.0,0.0,0.0,6.0,16,7,4
105010,4,2,3,0,6,3,0,1,0,1,2,18,2,4,1.0,0.0,0.0,0.0,1.0,1.0,18,6,8
88793,16,2,0,15,3,3,0,1,1,1,0,23,2,2,0.0,0.0,0.0,0.0,0.0,4.0,21,1,7
43564,16,7,1,13,5,3,6,1,0,1,2,12,2,4,1.0,0.0,0.0,0.0,1.0,2.0,18,4,4
129430,16,2,2,0,6,3,0,1,0,1,2,37,3,3,3.0,0.0,0.0,2.0,1.0,2.0,5,2,9
62354,15,2,1,7,10,3,0,1,1,0,2,28,2,2,0.0,0.0,0.0,0.0,0.0,1.0,1,6,5
26122,16,10,0,17,6,3,4,1,1,1,2,36,2,2,0.0,0.0,0.0,0.0,0.0,2.0,2,7,2
3741,16,2,0,17,8,3,0,1,1,1,1,36,2,2,0.0,0.0,0.0,0.0,0.0,2.0,22,1,1
5380,4,2,3,15,6,3,6,1,0,1,2,12,2,2,0.0,0.0,0.0,0.0,0.0,2.0,16,7,1
145899,15,2,3,7,10,3,0,1,1,1,2,24,2,2,0.0,0.0,0.0,0.0,0.0,2.0,9,2,10
180026,16,11,5,14,2,3,5,5,1,1,1,22,2,2,0.0,0.0,0.0,0.0,0.0,2.0,18,7,12
153562,16,2,3,10,2,3,0,1,1,1,1,19,2,2,0.0,0.0,0.0,0.0,0.0,2.0,12,2,10
13679,16,10,1,17,8,3,6,1,0,1,2,18,2,2,0.0,0.0,0.0,0.0,0.0,2.0,17,7,1
86535,16,3,3,17,6,3,0,1,1,1,2,18,2,2,0.0,0.0,0.0,0.0,0.0,2.0,12,2,6
170746,16,2,3,15,3,3,0,1,1,1,2,16,2,2,0.0,0.0,0.0,0.0,0.0,2.0,7,4,11
152610,16,2,3,17,1,3,0,1,0,1,2,36,2,2,0.0,0.0,0.0,0.0,0.0,2.0,8,4,10
106583,16,7,1,17,2,3,6,1,0,1,2,39,2,3,1.0,0.0,0.0,1.0,0.0,1.0,21,7,8
81213,16,2,2,5,2,3,0,3,0,1,2,33,1,2,0.0,0.0,0.0,0.0,0.0,1.0,19,6,6
56062,15,2,3,17,8,3,0,1,0,1,2,18,3,2,0.0,0.0,0.0,0.0,0.0,3.0,15,3,5
23254,16,10,1,10,8,3,4,1,1,1,2,36,2,2,0.0,0.0,0.0,0.0,0.0,2.0,3,5,2
65469,4,2,3,15,8,3,0,1,1,1,2,23,2,2,0.0,0.0,0.0,0.0,0.0,2.0,17,6,5
52400,4,2,1,17,2,3,0,1,0,1,2,36,2,2,0.0,0.0,0.0,0.0,0.0,4.0,23,7,4
66021,15,2,3,10,10,3,0,1,1,1,2,19,2,2,0.0,0.0,0.0,0.0,0.0,6.0,17,2,5
62911,16,2,3,10,8,3,0,1,0,1,2,19,2,3,1.0,0.0,0.0,1.0,0.0,3.0,13,7,5
27742,15,2,3,10,8,3,0,1,1,1,1,36,2,2,0.0,0.0,0.0,0.0,0.0,2.0,15,5,2
166272,16,2,3,4,8,3,0,5,1,1,2,36,2,2,0.0,0.0,0.0,0.0,0.0,1.0,13,7,11
137098,15,2,1,9,8,4,0,5,1,1,0,18,3,2,0.0,0.0,0.0,0.0,0.0,3.0,19,7,9
25538,15,3,3,0,2,3,4,1,1,1,2,5,2,2,0.0,0.0,0.0,0.0,0.0,2.0,18,4,2
57458,16,2,1,0,6,3,0,5,0,1,2,6,3,2,0.0,0.0,0.0,0.0,0.0,2.0,23,6,5
149025,4,2,3,17,8,3,0,1,0,1,2,18,2,2,0.0,0.0,0.0,0.0,0.0,2.0,15,6,10
188600,16,2,3,0,2,3,0,1,1,1,2,36,2,2,0.0,0.0,0.0,0.0,0.0,2.0,16,1,12
134266,15,7,2,0,2,3,6,5,1,1,2,36,2,2,0.0,0.0,0.0,0.0,0.0,4.0,6,3,9
10931,15,5,3,0,6,3,4,1,0,1,2,18,2,4,1.0,0.0,0.0,0.0,1.0,4.0,12,1,1
117555,16,2,3,17,8,3,0,1,1,1,1,36,2,2,0.0,0.0,0.0,0.0,0.0,2.0,18,6,8
59165,16,2,3,10,8,3,0,5,1,1,2,17,2,2,0.0,0.0,0.0,0.0,0.0,2.0,15,5,5
115108,16,2,3,10,10,3,0,1,1,1,2,19,2,2,0.0,0.0,0.0,0.0,0.0,2.0,15,3,8
156011,4,2,3,0,8,3,0,1,0,1,2,18,2,3,1.0,0.0,0.0,1.0,0.0,1.0,16,2,11
38594,16,2,1,9,8,3,0,1,0,1,0,18,2,1,1.0,0.0,1.0,0.0,0.0,1.0,20,7,3
82262,16,2,1,15,3,3,0,5,1,1,2,36,2,2,0.0,0.0,0.0,0.0,0.0,2.0,4,7,6
109485,4,2,3,17,3,3,0,1,1,0,1,24,2,2,0.0,0.0,0.0,0.0,0.0,2.0,7,3,8
85037,16,2,1,0,6,3,0,1,1,1,2,36,2,2,0.0,0.0,0.0,0.0,0.0,2.0,21,7,6
174838,15,2,0,9,11,3,5,5,0,0,0,12,2,3,1.0,0.0,0.0,1.0,0.0,1.0,17,5,12
91881,16,2,3,10,6,3,0,1,1,1,1,19,2,2,0.0,0.0,0.0,0.0,0.0,3.0,8,2,7
155181,16,2,3,7,3,3,0,1,1,1,1,12,2,2,0.0,0.0,0.0,0.0,0.0,1.0,13,4,10
89571,16,2,3,0,8,3,0,1,1,1,2,18,2,2,0.0,0.0,0.0,0.0,0.0,2.0,18,7,7
41167,4,2,3,17,8,3,0,1,1,1,0,36,2,2,0.0,0.0,0.0,0.0,0.0,2.0,16,2,3
178380,16,2,1,15,2,3,0,1,1,1,2,19,2,2,0.0,0.0,0.0,0.0,0.0,3.0,16,4,12
43638,16,7,1,10,2,3,6,1,1,1,2,36,2,2,0.0,0.0,0.0,0.0,0.0,4.0,19,3,4
40171,16,2,3,0,8,3,0,1,1,1,2,18,2,2,0.0,0.0,0.0,0.0,0.0,2.0,12,2,3
148958,16,2,1,0,8,3,0,1,1,1,2,6,2,2,0.0,0.0,0.0,0.0,0.0,3.0,2,5,10
109289,16,2,1,9,8,3,0,5,0,1,2,12,2,3,1.0,0.0,0.0,1.0,0.0,1.0,21,6,8
140884,4,2,3,15,6,3,6,1,1,1,1,23,2,2,0.0,0.0,0.0,0.0,0.0,8.0,16,6,10
121324,16,2,3,10,8,3,0,1,1,1,2,28,2,2,0.0,0.0,0.0,0.0,0.0,3.0,7,4,9
15191,4,2,1,10,8,3,4,1,1,1,1,19,2,2,0.0,0.0,0.0,0.0,0.0,3.0,17,6,2
93094,16,2,3,9,2,3,0,5,1,1,0,17,2,2,0.0,0.0,0.0,0.0,0.0,2.0,18,5,7
74897,16,2,3,10,6,3,0,1,1,1,2,19,2,2,0.0,0.0,0.0,0.0,0.0,2.0,15,5,6
84964,16,7,3,17,6,4,6,1,1,1,2,18,2,2,0.0,0.0,0.0,0.0,0.0,3.0,8,6,6
26530,16,2,3,15,2,3,0,1,1,1,2,18,2,2,0.0,0.0,0.0,0.0,0.0,2.0,13,7,2
81768,16,2,1,2,2,3,0,1,0,1,1,36,1,2,0.0,0.0,0.0,0.0,0.0,1.0,2,7,6
138625,16,2,3,8,10,3,0,5,0,1,1,36,2,4,1.0,0.0,0.0,0.0,1.0,1.0,7,2,10
10668,16,2,3,17,8,3,6,1,1,1,1,18,2,2,0.0,0.0,0.0,0.0,0.0,2.0,9,3,1
35224,15,2,3,17,6,3,0,1,0,1,2,36,2,3,1.0,0.0,0.0,1.0,0.0,1.0,9,4,3
74231,15,2,3,10,8,3,0,1,1,1,2,19,2,2,0.0,0.0,0.0,0.0,0.0,3.0,17,1,6
48006,16,2,1,10,6,3,0,5,1,1,1,22,2,2,0.0,0.0,0.0,0.0,0.0,2.0,21,7,4
14560,16,2,1,8,6,3,0,1,1,1,1,36,2,2,0.0,0.0,0.0,0.0,0.0,2.0,17,3,1
129999,4,7,3,10,6,3,6,1,0,0,2,36,2,2,0.0,0.0,0.0,0.0,0.0,2.0,11,1,9
64430,16,2,4,0,1,3,0,5,0,1,2,6,3,3,1.0,0.0,0.0,1.0,0.0,2.0,4,4,5
163859,16,2,2,2,8,3,6,1,0,1,2,26,1,3,1.0,0.0,0.0,1.0,0.0,0.0,17,1,11
32203,17,2,4,15,8,3,0,5,1,0,1,21,2,2,0.0,0.0,0.0,0.0,0.0,2.0,21,3,3
79193,16,2,3,0,6,3,0,1,0,1,2,6,2,4,1.0,0.0,0.0,0.0,1.0,1.0,18,4,6
158983,16,2,1,10,6,3,0,1,0,1,2,17,2,4,1.0,0.0,0.0,0.0,1.0,1.0,1,1,11
164682,15,2,0,17,6,3,0,1,0,1,2,24,4,3,3.0,0.0,0.0,3.0,0.0,2.0,17,7,11
14474,16,2,1,0,6,3,0,1,1,1,2,6,2,2,0.0,0.0,0.0,0.0,0.0,3.0,23,1,1
52507,15,2,3,17,15,3,0,5,1,1,1,24,2,2,0.0,0.0,0.0,0.0,0.0,2.0,9,3,4
4573,16,7,0,9,6,3,6,5,0,1,2,36,2,3,1.0,0.0,0.0,1.0,0.0,1.0,19,6,1
8303,16,10,1,17,6,3,4,1,1,1,1,39,2,2,0.0,0.0,0.0,0.0,0.0,3.0,21,6,1
51907,16,7,3,10,2,3,6,5,1,1,2,36,2,2,0.0,0.0,0.0,0.0,0.0,2.0,17,6,4
85092,16,3,1,0,6,3,0,1,1,1,2,18,2,2,0.0,0.0,0.0,0.0,0.0,2.0,5,1,6
140765,15,2,4,7,10,3,0,1,0,1,2,36,5,2,0.0,0.0,0.0,0.0,0.0,4.0,21,4,10
67545,15,2,3,0,8,3,0,1,0,1,2,6,2,3,2.0,0.0,0.0,2.0,0.0,0.0,16,5,5
122342,15,2,1,0,8,3,0,1,0,1,2,37,2,2,0.0,0.0,0.0,0.0,0.0,2.0,0,3,9
158685,16,2,3,10,2,3,0,1,0,1,2,13,2,2,0.0,0.0,0.0,0.0,0.0,2.0,10,2,11
266,16,2,3,0,8,3,0,1,0,1,2,6,2,3,1.0,0.0,0.0,1.0,0.0,2.0,7,6,1
86604,16,2,3,17,8,3,0,1,0,1,1,18,2,3,3.0,0.0,0.0,3.0,0.0,0.0,17,4,6
64963,4,2,3,17,2,3,0,1,0,1,2,18,2,0,3.0,1.0,0.0,0.0,2.0,0.0,7,5,5
15821,4,10,1,2,8,3,4,1,1,1,2,39,1,2,0.0,0.0,0.0,0.0,0.0,1.0,2,4,2
114786,15,2,3,0,6,3,0,1,1,1,1,5,2,2,0.0,0.0,0.0,0.0,0.0,3.0,17,6,8
164810,16,7,1,15,8,3,6,1,1,1,0,24,2,2,0.0,0.0,0.0,0.0,0.0,2.0,19,6,11
149078,15,11,3,0,6,3,5,5,1,1,2,36,2,2,0.0,0.0,0.0,0.0,0.0,2.0,12,6,10
156980,4,3,3,15,8,3,0,1,1,0,2,18,2,2,0.0,0.0,0.0,0.0,0.0,2.0,13,7,11
169466,16,2,2,10,6,3,0,1,1,1,2,17,2,2,0.0,0.0,0.0,0.0,0.0,2.0,16,6,11
162430,16,2,3,15,8,3,0,1,1,1,1,36,2,2,0.0,0.0,0.0,0.0,0.0,2.0,8,6,11
94677,15,2,3,7,8,3,0,1,1,0,2,17,3,2,0.0,0.0,0.0,0.0,0.0,1.0,8,1,7
48673,16,2,3,15,3,3,0,1,1,1,1,22,2,2,0.0,0.0,0.0,0.0,0.0,2.0,6,2,4
40367,4,2,3,7,8,3,0,1,0,0,2,36,2,2,0.0,0.0,0.0,0.0,0.0,1.0,18,7,3
16985,15,3,3,10,8,3,0,1,1,1,2,13,2,2,0.0,0.0,0.0,0.0,0.0,2.0,9,3,2
147511,16,2,3,17,2,3,0,1,0,1,1,36,2,3,1.0,0.0,0.0,1.0,0.0,1.0,9,4,10
34284,16,2,1,17,8,3,0,1,0,1,2,18,2,2,0.0,0.0,0.0,0.0,0.0,3.0,21,4,3
18001,16,10,4,0,8,3,4,1,0,1,2,3,2,2,0.0,0.0,0.0,0.0,0.0,2.0,5,6,2
165470,3,2,3,15,11,3,0,1,1,1,2,22,2,2,0.0,0.0,0.0,0.0,0.0,2.0,6,1,11
59946,15,2,3,0,6,3,0,1,0,1,2,5,2,4,1.0,0.0,0.0,0.0,1.0,2.0,16,4,5
4955,15,2,3,0,8,3,5,5,1,1,0,11,2,2,0.0,0.0,0.0,0.0,0.0,2.0,14,5,1
168364,4,2,3,10,8,3,0,1,1,1,2,36,2,2,0.0,0.0,0.0,0.0,0.0,2.0,9,2,11
26757,15,2,1,17,8,3,0,1,1,1,1,24,2,2,0.0,0.0,0.0,0.0,0.0,3.0,20,2,2
164572,15,2,1,0,6,3,6,1,1,1,1,18,2,2,0.0,0.0,0.0,0.0,0.0,2.0,18,4,11
138359,15,7,3,17,8,3,6,1,1,1,2,18,2,2,0.0,0.0,0.0,0.0,0.0,2.0,9,4,10
163490,16,7,3,7,6,3,6,1,0,1,2,36,2,4,2.0,0.0,0.0,0.0,2.0,1.0,13,5,11
47143,17,2,3,10,2,3,0,5,1,1,2,19,2,2,0.0,0.0,0.0,0.0,0.0,2.0,15,5,4
37383,15,2,1,10,8,3,0,1,1,1,0,36,2,2,0.0,0.0,0.0,0.0,0.0,3.0,22,7,3
2133,15,2,1,17,6,3,0,1,1,1,2,5,2,2,0.0,0.0,0.0,0.0,0.0,2.0,20,1,1
1322,16,7,3,17,8,3,6,1,0,1,2,18,3,1,1.0,0.0,1.0,0.0,0.0,5.0,13,3,1
36683,16,2,1,17,2,1,0,1,1,1,2,18,2,2,0.0,0.0,0.0,0.0,0.0,3.0,10,2,3
155154,15,3,1,9,8,3,0,1,0,1,0,38,2,3,1.0,0.0,0.0,1.0,0.0,1.0,6,3,10
170009,15,3,1,17,3,3,6,1,0,1,1,18,2,2,0.0,0.0,0.0,0.0,0.0,2.0,18,1,11
35790,15,2,1,7,6,3,0,1,1,1,2,36,2,2,0.0,0.0,0.0,0.0,0.0,1.0,23,7,3
52517,16,2,3,17,2,3,0,1,1,1,1,18,2,2,0.0,0.0,0.0,0.0,0.0,2.0,12,3,4
61097,16,2,3,17,8,3,0,1,1,1,2,36,2,2,0.0,0.0,0.0,0.0,0.0,3.0,14,6,5
23767,16,2,2,3,6,3,6,1,0,1,2,36,2,2,0.0,0.0,0.0,0.0,0.0,2.0,6,6,2
126390,16,7,3,0,6,3,6,1,1,1,1,6,2,2,0.0,0.0,0.0,0.0,0.0,3.0,15,1,9
125297,16,2,1,17,2,3,0,1,1,1,2,24,2,2,0.0,0.0,0.0,0.0,0.0,2.0,20,6,9
159454,15,2,1,10,3,3,0,1,1,1,2,36,2,2,0.0,0.0,0.0,0.0,0.0,2.0,2,1,11
52896,15,2,1,10,2,3,0,1,0,1,2,5,3,2,0.0,0.0,0.0,0.0,0.0,2.0,22,2,4
162825,16,2,1,0,8,3,0,1,0,1,2,6,2,3,3.0,0.0,0.0,3.0,0.0,1.0,3,1,11
141958,16,2,2,9,8,3,6,1,0,1,0,36,2,3,1.0,0.0,0.0,1.0,0.0,1.0,6,6,10
140532,16,2,1,10,8,5,6,1,1,0,1,36,2,2,0.0,0.0,0.0,0.0,0.0,2.0,22,6,10
89711,16,2,1,17,6,2,0,1,0,1,2,19,2,3,1.0,0.0,0.0,1.0,0.0,1.0,22,2,7
151278,15,2,3,17,6,3,0,1,1,1,1,18,2,2,0.0,0.0,0.0,0.0,0.0,4.0,9,1,10
48176,16,10,3,17,8,3,4,1,0,1,2,18,2,2,0.0,0.0,0.0,0.0,0.0,2.0,14,1,4
61722,16,5,1,17,8,3,6,5,1,1,2,36,2,2,0.0,0.0,0.0,0.0,0.0,4.0,21,1,5
37678,16,2,3,15,2,3,0,1,1,1,1,36,2,2,0.0,0.0,0.0,0.0,0.0,2.0,14,5,3
182037,4,2,3,0,8,4,0,1,0,1,2,36,2,2,0.0,0.0,0.0,0.0,0.0,2.0,13,4,12
89437,16,2,3,15,10,3,0,1,1,1,2,23,2,2,0.0,0.0,0.0,0.0,0.0,2.0,19,4,7
178400,16,2,3,15,3,3,0,1,1,1,2,22,2,2,0.0,0.0,0.0,0.0,0.0,2.0,6,4,12
8637,16,2,3,10,8,3,0,5,1,1,2,19,2,2,0.0,0.0,0.0,0.0,0.0,2.0,21,4,1
149002,15,2,1,0,6,3,0,1,0,1,2,36,2,2,0.0,0.0,0.0,0.0,0.0,2.0,21,5,10
108930,16,2,3,15,2,3,0,1,1,1,2,18,2,2,0.0,0.0,0.0,0.0,0.0,5.0,12,7,8
45742,16,2,3,15,6,3,0,1,1,1,1,36,2,2,0.0,0.0,0.0,0.0,0.0,2.0,13,2,4
60914,17,2,3,17,8,3,0,5,1,1,1,18,2,2,0.0,0.0,0.0,0.0,0.0,2.0,15,4,5
125774,16,2,5,17,3,3,5,5,1,1,2,36,2,2,0.0,0.0,0.0,0.0,0.0,2.0,6,6,9
141224,4,2,1,17,2,3,0,1,0,1,2,36,2,3,2.0,0.0,0.0,2.0,0.0,0.0,5,2,10
65501,15,2,0,0,6,3,0,1,1,1,2,18,2,2,0.0,0.0,0.0,0.0,0.0,3.0,10,6,5
68965,16,2,3,0,6,3,0,5,0,1,2,36,2,2,0.0,0.0,0.0,0.0,0.0,3.0,17,5,5
51692,16,2,3,17,2,3,0,1,0,1,2,18,2,4,1.0,0.0,0.0,0.0,1.0,1.0,16,1,4
93648,16,2,3,17,8,3,0,1,1,0,2,18,2,2,0.0,0.0,0.0,0.0,0.0,2.0,12,6,7
122166,16,2,3,17,8,3,0,1,1,1,2,6,2,2,0.0,0.0,0.0,0.0,0.0,2.0,7,3,9
165732,15,2,1,9,8,3,0,1,0,1,0,36,2,1,1.0,0.0,1.0,0.0,0.0,1.0,19,6,11
179590,4,2,3,10,8,3,0,1,1,1,1,19,2,2,0.0,0.0,0.0,0.0,0.0,2.0,16,6,12
114864,16,3,3,17,15,3,0,1,1,1,2,18,2,2,0.0,0.0,0.0,0.0,0.0,2.0,16,7,8
167050,16,2,3,15,1,3,0,1,1,1,2,23,2,2,0.0,0.0,0.0,0.0,0.0,2.0,14,3,11
28829,15,2,1,0,8,3,0,1,0,1,2,5,2,3,2.0,0.0,0.0,2.0,0.0,0.0,19,7,3
127391,4,3,3,17,8,3,6,1,1,1,2,18,2,2,0.0,0.0,0.0,0.0,0.0,4.0,8,6,9
186649,16,2,0,17,8,3,0,1,1,1,2,18,2,2,0.0,0.0,0.0,0.0,0.0,2.0,17,6,12
124157,16,2,3,0,6,3,0,1,0,1,2,36,3,2,0.0,0.0,0.0,0.0,0.0,4.0,13,4,9
48739,15,2,3,17,15,3,5,5,1,1,2,36,2,2,0.0,0.0,0.0,0.0,0.0,2.0,14,5,4
182161,16,2,3,17,3,3,0,1,1,1,1,24,2,2,0.0,0.0,0.0,0.0,0.0,2.0,10,6,12
101116,4,2,3,10,6,3,0,5,1,1,2,36,2,2,0.0,0.0,0.0,0.0,0.0,2.0,14,4,7
5725,15,2,1,0,6,3,0,1,0,1,2,36,2,2,0.0,0.0,0.0,0.0,0.0,2.0,20,3,1
170900,16,2,3,15,8,3,0,1,1,1,2,22,2,2,0.0,0.0,0.0,0.0,0.0,2.0,15,1,11
12099,15,5,1,17,8,3,6,1,0,1,2,38,2,2,0.0,0.0,0.0,0.0,0.0,3.0,18,7,1
7986,16,2,3,17,6,3,1,1,1,1,2,24,2,2,0.0,0.0,0.0,0.0,0.0,4.0,7,3,1
65930,16,2,3,15,10,3,0,1,1,1,2,23,2,2,0.0,0.0,0.0,0.0,0.0,2.0,13,7,5
121177,4,7,1,17,8,3,6,1,0,1,2,18,2,1,1.0,0.0,1.0,0.0,0.0,1.0,22,7,9
43766,4,7,3,17,8,3,6,1,0,0,2,18,3,2,0.0,0.0,0.0,0.0,0.0,3.0,7,5,4
23505,15,2,3,17,8,3,0,1,1,1,1,11,2,2,0.0,0.0,0.0,0.0,0.0,2.0,14,1,2
86561,15,2,3,10,10,3,5,5,1,1,1,36,2,2,0.0,0.0,0.0,0.0,0.0,2.0,17,3,6
138990,16,2,3,2,6,3,0,1,0,1,2,24,1,2,0.0,0.0,0.0,0.0,0.0,1.0,11,5,10
64507,15,2,3,8,15,3,0,1,0,1,0,18,2,3,1.0,0.0,0.0,1.0,0.0,2.0,18,6,5
11364,15,3,3,15,6,3,0,1,1,1,2,36,2,2,0.0,0.0,0.0,0.0,0.0,2.0,8,2,1
177680,16,2,4,10,8,3,0,1,1,1,2,19,2,2,0.0,0.0,0.0,0.0,0.0,2.0,17,6,12
49375,16,7,3,10,10,3,5,5,1,1,1,36,2,2,0.0,0.0,0.0,0.0,0.0,3.0,17,3,4
170113,15,7,1,0,8,3,6,1,1,1,1,5,2,2,0.0,0.0,0.0,0.0,0.0,3.0,5,6,11
168967,15,7,0,0,15,3,6,1,0,1,2,18,2,2,0.0,0.0,0.0,0.0,0.0,2.0,23,4,11
24985,16,2,1,10,6,3,0,1,1,1,2,19,2,2,0.0,0.0,0.0,0.0,0.0,2.0,18,7,2
56685,16,2,3,15,6,3,0,1,0,1,2,13,2,2,0.0,0.0,0.0,0.0,0.0,2.0,6,7,5
90034,16,2,1,17,6,3,0,1,0,1,2,6,4,3,1.0,0.0,0.0,1.0,0.0,9.0,2,1,7
2788,2,3,3,17,6,3,0,5,1,1,2,26,2,2,0.0,0.0,0.0,0.0,0.0,3.0,9,6,1
103441,16,2,3,9,8,3,0,1,0,1,2,18,2,3,1.0,0.0,0.0,1.0,0.0,2.0,18,2,7
111863,16,11,3,17,8,3,0,1,1,1,2,23,2,2,0.0,0.0,0.0,0.0,0.0,2.0,14,5,8
131636,15,2,3,0,11,3,0,1,1,1,2,38,2,2,0.0,0.0,0.0,0.0,0.0,2.0,7,3,9
80289,4,3,3,10,8,3,0,1,1,1,0,23,2,2,0.0,0.0,0.0,0.0,0.0,2.0,6,6,6
36672,16,2,1,17,6,3,0,5,1,1,2,24,2,2,0.0,0.0,0.0,0.0,0.0,2.0,20,2,3
6340,16,2,2,9,6,3,0,1,1,1,0,18,2,2,0.0,0.0,0.0,0.0,0.0,2.0,7,6,1
11464,15,2,3,17,2,3,0,3,1,1,2,36,2,2,0.0,0.0,0.0,0.0,0.0,3.0,11,3,1
87277,16,2,1,15,8,3,0,1,1,1,1,21,2,2,0.0,0.0,0.0,0.0,0.0,2.0,21,6,6
69500,4,2,3,15,6,3,0,1,0,1,2,22,2,3,1.0,0.0,0.0,1.0,0.0,1.0,19,6,5
118247,16,2,3,17,1,3,0,1,1,1,1,23,2,2,0.0,0.0,0.0,0.0,0.0,2.0,13,6,8
79327,16,2,3,17,8,3,0,1,1,1,2,24,2,2,0.0,0.0,0.0,0.0,0.0,2.0,7,4,6
23663,15,2,3,0,9,3,0,1,0,1,2,11,2,2,0.0,0.0,0.0,0.0,0.0,2.0,15,4,2
166502,16,2,3,17,8,3,0,1,1,1,1,18,2,2,0.0,0.0,0.0,0.0,0.0,3.0,15,2,11
83342,16,2,3,0,2,3,0,1,1,1,1,6,2,2,0.0,0.0,0.0,0.0,0.0,5.0,17,2,6
25649,16,2,3,10,2,3,0,1,1,0,2,17,2,2,0.0,0.0,0.0,0.0,0.0,4.0,16,6,2
175820,15,2,2,9,8,3,0,1,0,1,1,18,2,3,1.0,0.0,0.0,1.0,0.0,1.0,15,5,12
51558,16,2,3,14,6,3,0,1,1,1,0,36,2,2,0.0,0.0,0.0,0.0,0.0,2.0,9,6,4
6137,16,2,3,17,2,3,0,1,0,1,2,36,2,2,0.0,0.0,0.0,0.0,0.0,4.0,15,2,1
122680,15,2,3,17,15,3,0,1,1,1,2,36,2,2,0.0,0.0,0.0,0.0,0.0,6.0,16,4,9
178925,16,2,1,17,11,3,1,1,1,1,2,36,4,2,0.0,0.0,0.0,0.0,0.0,2.0,5,4,12
145490,15,2,3,0,2,3,0,5,0,1,2,18,3,2,0.0,0.0,0.0,0.0,0.0,2.0,17,5,10
170245,16,2,3,0,2,3,4,1,0,1,2,6,2,3,1.0,0.0,0.0,1.0,0.0,2.0,7,3,11
169678,4,2,3,17,8,3,4,1,0,1,2,19,2,4,1.0,0.0,0.0,0.0,1.0,2.0,13,2,11
111885,16,2,3,0,8,3,0,1,1,1,2,18,2,2,0.0,0.0,0.0,0.0,0.0,3.0,18,5,8
102051,16,2,3,15,6,3,0,1,1,1,1,22,2,2,0.0,0.0,0.0,0.0,0.0,2.0,9,3,7
13296,4,4,3,17,10,3,6,1,1,1,2,26,2,2,0.0,0.0,0.0,0.0,0.0,2.0,14,7,1
54179,16,7,0,10,6,3,6,1,0,1,0,6,2,4,1.0,0.0,0.0,0.0,1.0,2.0,23,7,4
164558,16,10,1,14,18,3,6,1,0,1,2,36,2,3,1.0,0.0,0.0,1.0,0.0,1.0,4,4,11
11187,16,10,1,9,10,3,6,5,0,1,0,18,3,3,1.0,0.0,0.0,1.0,0.0,1.0,7,5,1
118616,16,2,3,15,8,3,0,1,1,1,1,36,2,2,0.0,0.0,0.0,0.0,0.0,2.0,13,1,8
155511,16,7,3,10,8,3,0,1,1,1,2,19,2,2,0.0,0.0,0.0,0.0,0.0,2.0,8,2,10
82072,16,2,3,17,3,3,0,1,1,1,2,24,2,2,0.0,0.0,0.0,0.0,0.0,3.0,17,3,6
61470,16,2,1,0,6,3,0,1,1,1,1,6,2,2,0.0,0.0,0.0,0.0,0.0,2.0,23,5,5
58839,16,2,1,0,3,3,0,1,0,1,2,18,2,2,0.0,0.0,0.0,0.0,0.0,2.0,1,7,5
124720,4,2,3,0,6,3,0,1,0,1,2,11,5,2,0.0,0.0,0.0,0.0,0.0,2.0,13,5,9