crash_date,               traffic_control_device,weather_condition,lighting_condition,first_crash_type,trafficway_type,alignment,roadway_surface_cond,road_defect,crash_type,intersection_related_i,damage,prim_contributory_cause,num_units,most_severe_injury,injuries_total,injuries_fatal,injuries_incapacitating,injuries_non_incapacitating,injuries_reported_not_evident,injuries_no_indication,crash_hour,crash_day_of_week,crash_month
142323,16,2,1,0,2,3,0,1,0,1,2,6,2,3,2.0,0.0,0.0,2.0,0.0,2.0,18,3,10
128959,16,2,1,17,8,3,0,1,1,1,1,36,2,2,0.0,0.0,0.0,0.0,0.0,6.0,18,7,9
149514,16,2,3,17,8,3,0,1,1,1,2,36,2,2,0.0,0.0,0.0,0.0,0.0,2.0,15,6,10
66630,16,2,1,17,3,3,0,1,0,1,2,6,5,3,5.0,0.0,0.0,4.0,1.0,0.0,23,3,5
157103,16,2,1,17,6,3,0,1,1,1,2,18,2,2,0.0,0.0,0.0,0.0,0.0,3.0,17,3,11
91458,15,2,1,17,11,3,0,1,1,1,0,18,2,2,0.0,0.0,0.0,0.0,0.0,3.0,22,7,7
125827,16,2,1,0,8,3,0,1,0,1,2,36,2,4,2.0,0.0,0.0,0.0,2.0,1.0,2,7,9
24084,15,7,3,17,12,3,6,1,0,1,1,18,2,4,2.0,0.0,0.0,0.0,2.0,1.0,15,4,2
59021,15,2,3,0,8,3,0,1,1,1,2,3,2,2,0.0,0.0,0.0,0.0,0.0,2.0,19,1,5
177045,16,2,3,17,6,3,0,1,1,0,1,19,2,2,0.0,0.0,0.0,0.0,0.0,2.0,15,2,12
73621,16,2,4,10,2,3,0,1,1,1,1,17,2,2,0.0,0.0,0.0,0.0,0.0,3.0,19,6,6
24471,15,2,3,14,8,3,0,1,1,1,0,11,2,2,0.0,0.0,0.0,0.0,0.0,2.0,8,4,2
183374,16,2,1,10,4,3,0,1,0,1,2,19,2,3,1.0,0.0,0.0,1.0,0.0,1.0,22,2,12
51214,16,7,1,17,2,3,6,1,1,1,1,23,2,2,0.0,0.0,0.0,0.0,0.0,2.0,5,5,4
117256,16,2,3,10,3,3,0,1,1,1,0,19,2,2,0.0,0.0,0.0,0.0,0.0,2.0,9,7,8
57913,16,2,1,17,5,3,0,1,1,1,1,23,2,2,0.0,0.0,0.0,0.0,0.0,2.0,22,7,5
167917,16,2,3,0,8,3,5,5,1,1,1,36,2,2,0.0,0.0,0.0,0.0,0.0,2.0,7,2,11
50733,15,7,3,0,8,3,6,1,1,1,0,18,2,2,0.0,0.0,0.0,0.0,0.0,3.0,20,4,4
106337,15,2,3,0,8,4,0,1,0,1,2,18,2,3,1.0,0.0,0.0,1.0,0.0,1.0,13,4,8
175654,16,2,1,0,6,3,0,1,0,1,2,6,3,3,1.0,0.0,0.0,1.0,0.0,1.0,21,7,12
70007,16,2,5,10,6,3,5,5,0,1,2,36,2,3,2.0,0.0,0.0,2.0,0.0,2.0,22,7,5
27022,16,2,1,0,8,3,6,1,0,1,2,18,2,2,0.0,0.0,0.0,0.0,0.0,2.0,18,7,2
37892,16,11,5,0,11,3,5,5,1,1,0,36,2,2,0.0,0.0,0.0,0.0,0.0,2.0,17,3,3
176618,4,2,0,17,8,3,0,5,0,1,2,36,2,3,1.0,0.0,0.0,1.0,0.0,1.0,5,1,12
38741,4,11,1,17,8,3,5,5,1,1,2,11,2,2,0.0,0.0,0.0,0.0,0.0,2.0,23,4,3
104906,15,2,3,17,8,3,0,1,1,0,2,36,2,2,0.0,0.0,0.0,0.0,0.0,2.0,10,3,8
13210,15,10,4,17,15,3,6,1,0,1,2,18,2,2,0.0,0.0,0.0,0.0,0.0,2.0,14,6,1
132311,16,7,3,10,6,3,6,5,1,1,2,36,3,2,0.0,0.0,0.0,0.0,0.0,3.0,17,5,9
169350,16,7,1,10,8,3,6,1,1,1,2,19,2,2,0.0,0.0,0.0,0.0,0.0,2.0,16,4,11
171689,16,2,3,10,8,4,6,1,0,1,2,19,2,4,1.0,0.0,0.0,0.0,1.0,1.0,16,6,11
165140,16,2,3,0,6,3,0,1,0,1,2,36,2,2,0.0,0.0,0.0,0.0,0.0,2.0,8,5,11
43407,16,2,3,10,15,3,0,5,1,1,2,36,2,2,0.0,0.0,0.0,0.0,0.0,2.0,19,7,4
76868,16,2,3,10,8,3,0,1,1,1,2,19,2,2,0.0,0.0,0.0,0.0,0.0,2.0,9,5,6
14780,4,10,1,7,8,3,6,1,0,1,2,36,2,2,0.0,0.0,0.0,0.0,0.0,1.0,4,6,1
54168,4,10,1,17,12,3,4,5,0,1,1,36,2,2,0.0,0.0,0.0,0.0,0.0,3.0,22,7,4
30984,16,2,3,3,2,3,0,1,0,1,2,17,2,1,1.0,0.0,1.0,0.0,0.0,2.0,12,2,3
47774,15,2,1,17,2,3,0,1,0,1,1,18,2,2,0.0,0.0,0.0,0.0,0.0,5.0,21,2,4
35779,16,2,3,10,9,3,0,1,0,1,2,17,2,3,2.0,0.0,0.0,1.0,1.0,1.0,9,7,3
61370,17,11,5,2,8,3,5,3,1,0,2,26,1,2,0.0,0.0,0.0,0.0,0.0,1.0,8,4,5
109791,17,11,5,0,2,3,5,5,1,1,2,36,2,2,0.0,0.0,0.0,0.0,0.0,2.0,15,6,8
159697,16,2,4,0,2,3,0,1,1,1,2,3,2,2,0.0,0.0,0.0,0.0,0.0,2.0,16,1,11
68115,15,2,1,7,2,3,0,1,1,1,1,36,2,2,0.0,0.0,0.0,0.0,0.0,1.0,0,4,5
127304,16,2,3,9,8,3,0,1,0,1,1,18,2,3,1.0,0.0,0.0,1.0,0.0,1.0,8,5,9
77176,16,3,3,15,8,3,5,5,0,1,2,23,2,4,1.0,0.0,0.0,0.0,1.0,4.0,19,2,6
100399,16,2,1,10,8,3,0,1,0,1,2,12,2,4,3.0,0.0,0.0,0.0,3.0,1.0,1,7,7
187881,16,7,1,9,6,3,6,1,0,1,2,18,2,3,1.0,0.0,0.0,1.0,0.0,1.0,17,5,12
82435,16,2,3,15,8,3,0,1,1,1,1,23,2,2,0.0,0.0,0.0,0.0,0.0,2.0,17,2,6
42602,16,2,3,0,1,3,0,1,0,1,2,18,2,3,2.0,0.0,0.0,2.0,0.0,1.0,14,7,4
111034,15,2,3,0,8,3,0,1,0,1,2,18,2,3,1.0,0.0,0.0,1.0,0.0,3.0,19,4,8
6856,16,2,1,10,15,3,0,1,0,1,2,19,2,2,0.0,0.0,0.0,0.0,0.0,2.0,1,7,1
100755,16,2,1,10,8,3,0,1,1,1,0,19,2,2,0.0,0.0,0.0,0.0,0.0,3.0,3,4,7
125008,16,2,3,10,2,3,0,1,1,1,2,19,2,2,0.0,0.0,0.0,0.0,0.0,2.0,11,7,9
30002,16,2,3,15,8,3,0,1,1,1,2,22,2,2,0.0,0.0,0.0,0.0,0.0,2.0,15,2,3
139919,4,2,2,10,2,3,0,1,0,1,2,17,3,2,0.0,0.0,0.0,0.0,0.0,4.0,6,5,10
162477,4,2,4,10,8,3,0,1,1,1,0,17,2,2,0.0,0.0,0.0,0.0,0.0,2.0,16,2,11
70979,16,2,3,10,10,3,0,1,0,0,0,8,2,3,1.0,0.0,0.0,1.0,0.0,3.0,16,2,5
75319,16,2,3,0,8,3,0,1,0,1,2,3,2,4,2.0,0.0,0.0,0.0,2.0,0.0,7,3,6
106199,15,2,1,0,10,3,0,1,1,1,0,18,2,2,0.0,0.0,0.0,0.0,0.0,2.0,22,7,8
63731,15,2,3,0,8,3,0,1,0,1,2,18,2,2,0.0,0.0,0.0,0.0,0.0,3.0,5,5,5
83821,16,2,3,13,2,3,0,5,0,1,2,6,2,2,0.0,0.0,0.0,0.0,0.0,5.0,16,1,6
172733,16,10,4,7,1,5,4,1,1,1,1,17,2,2,0.0,0.0,0.0,0.0,0.0,1.0,17,6,12
149507,15,2,3,0,6,3,0,1,1,1,1,36,2,2,0.0,0.0,0.0,0.0,0.0,2.0,13,6,10
163832,16,2,1,17,10,3,0,1,1,1,2,24,2,2,0.0,0.0,0.0,0.0,0.0,4.0,10,6,11
130605,4,2,3,17,8,3,0,1,1,1,0,36,2,2,0.0,0.0,0.0,0.0,0.0,2.0,6,4,9
188222,16,2,3,17,3,3,0,1,0,1,2,36,2,4,1.0,0.0,0.0,0.0,1.0,3.0,13,2,12
63458,4,2,3,7,8,3,0,1,1,1,2,36,2,2,0.0,0.0,0.0,0.0,0.0,1.0,12,1,5
152040,16,7,1,10,6,3,6,5,1,1,1,18,2,2,0.0,0.0,0.0,0.0,0.0,2.0,22,4,10
150634,15,7,3,0,8,3,6,1,1,1,2,36,2,2,0.0,0.0,0.0,0.0,0.0,3.0,10,6,10
61838,4,2,3,3,6,3,0,1,1,1,1,36,2,2,0.0,0.0,0.0,0.0,0.0,2.0,12,4,5
103529,16,2,3,17,8,3,0,1,1,1,2,36,2,2,0.0,0.0,0.0,0.0,0.0,2.0,15,4,7
73185,16,2,3,15,2,3,0,5,1,1,2,36,2,2,0.0,0.0,0.0,0.0,0.0,2.0,8,6,6
139125,16,2,1,10,10,3,6,1,0,1,2,36,3,3,2.0,0.0,0.0,2.0,0.0,2.0,23,1,10
126603,16,2,3,15,2,3,0,1,1,1,1,18,2,2,0.0,0.0,0.0,0.0,0.0,2.0,8,2,9
74475,16,2,3,17,2,3,6,1,0,1,1,6,2,2,0.0,0.0,0.0,0.0,0.0,3.0,13,4,6
111508,16,2,3,17,2,3,0,1,0,1,1,12,2,2,0.0,0.0,0.0,0.0,0.0,3.0,15,4,8
41108,16,2,3,10,8,3,0,1,0,0,2,17,2,2,0.0,0.0,0.0,0.0,0.0,2.0,8,6,3
120635,16,2,1,15,10,3,0,1,1,1,2,22,2,2,0.0,0.0,0.0,0.0,0.0,3.0,22,7,9
125611,16,2,3,17,8,3,0,1,0,1,2,36,2,2,0.0,0.0,0.0,0.0,0.0,2.0,14,3,9
133718,16,2,3,10,2,3,0,1,1,1,2,19,3,2,0.0,0.0,0.0,0.0,0.0,5.0,15,3,9
62216,15,2,3,8,8,3,0,1,0,1,0,36,2,1,1.0,0.0,1.0,0.0,0.0,1.0,7,2,5
25889,17,11,5,10,18,3,5,5,0,1,2,36,2,4,1.0,0.0,0.0,0.0,1.0,1.0,17,2,2
83183,16,7,1,0,2,3,6,1,0,1,2,26,2,2,0.0,0.0,0.0,0.0,0.0,2.0,1,6,6
127273,15,2,3,17,11,4,0,1,1,1,1,18,2,2,0.0,0.0,0.0,0.0,0.0,5.0,17,5,9
183161,16,7,1,0,8,3,6,1,0,1,2,39,2,4,2.0,0.0,0.0,0.0,2.0,0.0,19,5,12
44573,16,2,1,17,8,3,0,1,0,1,2,23,2,2,0.0,0.0,0.0,0.0,0.0,4.0,20,6,4
69939,16,7,3,15,6,3,6,1,1,1,2,22,2,2,0.0,0.0,0.0,0.0,0.0,3.0,11,6,5
112822,16,2,3,0,6,3,0,1,0,1,2,36,2,2,0.0,0.0,0.0,0.0,0.0,2.0,5,4,8
168190,4,2,0,7,10,3,0,1,0,1,2,26,3,3,1.0,0.0,0.0,1.0,0.0,2.0,19,5,11
180199,16,2,3,0,8,3,0,1,0,1,2,36,3,3,2.0,0.0,0.0,1.0,1.0,2.0,10,6,12
113739,16,2,3,8,2,3,0,1,0,1,0,6,2,3,1.0,0.0,0.0,1.0,0.0,2.0,7,4,8
46631,16,2,3,9,6,4,0,1,0,1,0,26,2,4,1.0,0.0,0.0,0.0,1.0,2.0,12,2,4
60415,16,2,3,0,6,2,0,1,0,1,2,6,2,3,1.0,0.0,0.0,1.0,0.0,3.0,7,3,5
77194,4,7,3,14,8,3,6,1,1,1,1,36,2,2,0.0,0.0,0.0,0.0,0.0,2.0,9,2,6
608,16,2,3,10,2,3,1,1,0,1,2,19,4,2,0.0,0.0,0.0,0.0,0.0,4.0,9,3,1
16035,15,10,1,0,8,3,4,1,0,1,2,6,2,2,0.0,0.0,0.0,0.0,0.0,2.0,21,7,2
143136,16,2,3,17,6,3,0,1,0,1,2,24,2,2,0.0,0.0,0.0,0.0,0.0,2.0,13,2,10
110211,4,2,1,17,8,3,0,1,0,1,2,12,2,3,1.0,0.0,0.0,1.0,0.0,2.0,22,6,8
115963,16,2,3,17,8,3,0,5,0,1,2,6,2,2,0.0,0.0,0.0,0.0,0.0,2.0,8,3,8
73477,16,2,3,17,2,3,0,5,1,1,1,24,2,2,0.0,0.0,0.0,0.0,0.0,2.0,17,3,6
90768,16,2,3,17,5,3,0,1,0,1,2,18,2,2,0.0,0.0,0.0,0.0,0.0,2.0,14,5,7
37253,4,2,3,17,11,3,6,1,0,1,2,17,2,2,0.0,0.0,0.0,0.0,0.0,4.0,16,4,3
11872,17,11,3,17,6,3,5,5,1,1,0,23,2,2,0.0,0.0,0.0,0.0,0.0,2.0,7,4,1
140109,15,2,3,17,8,3,0,1,1,1,1,18,2,2,0.0,0.0,0.0,0.0,0.0,2.0,14,2,10
127824,15,2,3,0,11,3,0,1,0,1,2,18,2,4,2.0,0.0,0.0,0.0,2.0,1.0,13,6,9
50637,16,2,1,10,2,3,0,1,0,1,2,36,2,2,0.0,0.0,0.0,0.0,0.0,2.0,22,4,4
71804,15,2,3,0,11,3,0,1,1,1,2,22,2,2,0.0,0.0,0.0,0.0,0.0,5.0,11,5,6
171964,15,2,1,0,6,3,0,1,0,1,2,18,2,2,0.0,0.0,0.0,0.0,0.0,2.0,16,4,11
74784,15,7,1,0,6,3,6,1,1,1,2,6,2,2,0.0,0.0,0.0,0.0,0.0,2.0,20,2,6
141137,15,7,1,0,8,3,6,1,1,1,2,5,2,2,0.0,0.0,0.0,0.0,0.0,2.0,3,1,10
12170,16,10,1,0,2,3,4,5,1,1,2,6,2,2,0.0,0.0,0.0,0.0,0.0,2.0,21,2,1
131002,15,2,3,9,2,3,0,1,0,1,0,36,2,1,1.0,0.0,1.0,0.0,0.0,1.0,13,2,9
13762,16,2,3,17,8,3,0,1,1,1,1,36,2,2,0.0,0.0,0.0,0.0,0.0,2.0,14,6,1
112066,4,2,3,17,8,3,0,1,0,1,2,36,2,4,2.0,0.0,0.0,0.0,2.0,2.0,14,6,8
3649,16,11,1,17,6,3,5,1,1,1,1,35,2,2,0.0,0.0,0.0,0.0,0.0,2.0,23,6,1
15498,16,2,3,17,6,3,0,1,0,1,2,18,2,2,0.0,0.0,0.0,0.0,0.0,2.0,13,5,2
184476,16,2,3,17,6,3,0,5,0,1,2,24,2,3,1.0,0.0,0.0,1.0,0.0,1.0,8,4,12
34761,16,2,1,17,15,3,0,1,1,1,2,24,2,2,0.0,0.0,0.0,0.0,0.0,2.0,20,5,3
86995,16,2,3,0,6,3,0,1,1,1,2,36,2,2,0.0,0.0,0.0,0.0,0.0,2.0,19,3,6
77083,16,2,1,17,6,3,0,1,0,1,2,12,2,3,2.0,0.0,0.0,2.0,0.0,1.0,0,2,6
111081,16,2,3,10,8,3,5,5,1,0,2,19,3,2,0.0,0.0,0.0,0.0,0.0,5.0,15,6,8
19859,16,2,3,10,2,3,0,1,0,1,0,17,2,4,1.0,0.0,0.0,0.0,1.0,1.0,10,3,2
63969,15,2,3,15,10,3,0,5,1,1,1,23,2,2,0.0,0.0,0.0,0.0,0.0,2.0,18,3,5
94332,16,2,3,15,1,3,0,1,0,1,0,36,2,3,1.0,0.0,0.0,1.0,0.0,1.0,15,4,7
167739,16,2,3,10,8,3,0,1,1,1,2,19,2,2,0.0,0.0,0.0,0.0,0.0,3.0,13,6,11
27998,16,2,3,10,8,3,0,1,1,1,1,19,2,2,0.0,0.0,0.0,0.0,0.0,2.0,18,3,2
81078,16,2,0,17,8,3,0,1,0,1,2,12,2,2,0.0,0.0,0.0,0.0,0.0,4.0,20,3,6
77316,16,2,3,17,2,3,0,1,0,1,2,36,2,2,0.0,0.0,0.0,0.0,0.0,4.0,11,5,6
148148,15,2,1,17,8,3,0,1,0,1,2,28,2,3,4.0,0.0,0.0,4.0,0.0,1.0,19,6,10
36918,4,2,4,17,8,4,0,1,0,1,1,36,2,2,0.0,0.0,0.0,0.0,0.0,2.0,17,6,3
177222,15,2,3,0,8,3,0,1,1,1,2,36,2,2,0.0,0.0,0.0,0.0,0.0,2.0,14,2,12
132998,16,2,3,15,8,3,0,5,1,1,0,22,2,2,0.0,0.0,0.0,0.0,0.0,3.0,15,4,9
64190,15,7,3,0,8,3,6,1,1,1,2,36,2,2,0.0,0.0,0.0,0.0,0.0,3.0,13,6,5
156901,16,2,4,17,8,3,0,1,1,1,1,19,2,2,0.0,0.0,0.0,0.0,0.0,3.0,18,5,11
127758,16,2,3,9,11,3,0,1,0,1,2,12,3,1,3.0,0.0,1.0,2.0,0.0,5.0,10,4,9
146693,15,2,1,0,16,3,0,1,0,1,2,17,2,2,0.0,0.0,0.0,0.0,0.0,2.0,1,1,10
48204,16,10,2,0,8,3,6,1,0,1,2,18,2,4,1.0,0.0,0.0,0.0,1.0,1.0,6,1,4
851,16,3,3,11,6,3,0,1,1,1,2,36,2,2,0.0,0.0,0.0,0.0,0.0,5.0,15,2,1
36813,16,2,1,17,8,3,0,1,1,1,2,36,2,2,0.0,0.0,0.0,0.0,0.0,2.0,6,3,3
155269,15,10,3,10,8,3,6,1,0,1,2,26,2,3,1.0,0.0,0.0,1.0,0.0,1.0,14,5,10
98837,16,2,3,17,6,3,0,1,0,1,2,6,2,1,1.0,0.0,1.0,0.0,0.0,2.0,14,2,7
81288,16,2,3,0,8,3,0,5,1,1,2,26,2,2,0.0,0.0,0.0,0.0,0.0,2.0,6,7,6
11740,16,10,1,17,8,3,4,1,1,1,2,39,2,2,0.0,0.0,0.0,0.0,0.0,3.0,6,2,1
103990,16,2,3,17,8,3,0,5,1,1,2,22,2,2,0.0,0.0,0.0,0.0,0.0,2.0,22,3,8
119562,16,2,1,17,10,3,0,1,1,1,2,17,2,2,0.0,0.0,0.0,0.0,0.0,2.0,20,6,8
103832,15,2,3,17,6,3,0,1,1,1,1,36,2,2,0.0,0.0,0.0,0.0,0.0,2.0,18,2,7
135482,16,7,3,10,6,3,6,5,1,1,2,17,2,2,0.0,0.0,0.0,0.0,0.0,5.0,14,6,9
56249,15,2,3,17,8,3,0,1,0,1,2,18,2,2,0.0,0.0,0.0,0.0,0.0,2.0,14,7,5
115183,15,2,3,10,10,3,0,1,1,1,2,17,2,2,0.0,0.0,0.0,0.0,0.0,2.0,7,4,8
132016,16,3,3,10,8,3,0,5,1,1,2,36,2,2,0.0,0.0,0.0,0.0,0.0,2.0,15,7,9
73115,4,2,1,8,8,4,0,1,0,1,0,36,2,3,1.0,0.0,0.0,1.0,0.0,1.0,21,5,6
132735,4,3,3,0,8,4,0,1,1,1,2,18,2,2,0.0,0.0,0.0,0.0,0.0,2.0,15,4,9
130698,16,7,3,0,8,3,6,1,1,1,1,36,2,2,0.0,0.0,0.0,0.0,0.0,2.0,6,3,9
135087,4,2,3,15,8,3,0,1,1,1,2,22,2,2,0.0,0.0,0.0,0.0,0.0,3.0,14,1,9
55062,15,7,3,0,2,3,6,1,0,1,2,18,2,2,0.0,0.0,0.0,0.0,0.0,2.0,12,7,4
149286,16,2,3,17,3,3,0,1,0,1,2,18,2,4,1.0,0.0,0.0,0.0,1.0,1.0,9,1,10
68273,16,2,3,0,2,3,0,1,0,1,2,17,2,3,1.0,0.0,0.0,1.0,0.0,2.0,18,7,5
183794,15,2,0,0,15,3,0,1,0,1,2,18,2,2,0.0,0.0,0.0,0.0,0.0,2.0,17,7,12
37902,15,2,3,17,15,3,0,1,0,1,2,18,2,2,0.0,0.0,0.0,0.0,0.0,2.0,7,3,3
76402,16,2,3,9,6,3,0,1,1,1,0,36,2,2,0.0,0.0,0.0,0.0,0.0,2.0,16,6,6
143952,15,2,3,1,10,3,0,1,1,1,1,5,2,2,0.0,0.0,0.0,0.0,0.0,2.0,7,6,10
15355,15,7,3,13,19,3,6,1,1,1,2,21,2,2,0.0,0.0,0.0,0.0,0.0,2.0,14,3,2
85653,15,2,3,0,6,3,0,1,1,1,2,36,2,2,0.0,0.0,0.0,0.0,0.0,3.0,19,2,6
161938,16,2,3,8,8,3,0,1,1,1,0,18,2,2,0.0,0.0,0.0,0.0,0.0,2.0,16,2,11
154376,16,2,3,8,10,3,0,1,0,1,0,6,2,3,1.0,0.0,0.0,1.0,0.0,1.0,15,3,10
140867,16,7,4,2,6,3,6,1,0,0,1,39,1,2,0.0,0.0,0.0,0.0,0.0,1.0,14,6,10
152405,16,7,1,10,15,3,6,1,1,1,1,17,2,2,0.0,0.0,0.0,0.0,0.0,2.0,19,7,10
150447,16,2,3,17,8,3,0,1,1,1,2,36,4,2,0.0,0.0,0.0,0.0,0.0,4.0,14,3,10
63812,15,2,4,17,2,3,0,1,0,1,2,24,2,2,0.0,0.0,0.0,0.0,0.0,3.0,20,7,5
71447,16,2,3,10,8,3,0,1,0,1,2,19,2,4,1.0,0.0,0.0,0.0,1.0,1.0,20,1,5
54612,15,11,3,10,10,3,5,5,1,1,1,36,2,2,0.0,0.0,0.0,0.0,0.0,3.0,16,7,4
107982,16,2,3,17,6,3,0,1,1,1,2,18,2,2,0.0,0.0,0.0,0.0,0.0,4.0,13,1,8
173,16,2,3,0,6,3,2,1,1,1,1,18,2,2,0.0,0.0,0.0,0.0,0.0,4.0,13,4,1
71819,15,2,3,17,8,3,0,1,1,1,2,36,2,2,0.0,0.0,0.0,0.0,0.0,2.0,14,6,6
104342,16,2,3,8,6,3,0,1,0,1,2,18,2,4,1.0,0.0,0.0,0.0,1.0,1.0,17,2,8
79539,16,3,3,17,5,4,6,5,1,1,2,19,2,2,0.0,0.0,0.0,0.0,0.0,3.0,12,7,6
37948,16,2,3,17,10,3,0,1,0,1,2,24,2,4,1.0,0.0,0.0,0.0,1.0,4.0,17,5,3
108379,16,2,3,15,3,3,0,1,1,1,0,18,2,2,0.0,0.0,0.0,0.0,0.0,2.0,8,6,8
74798,16,7,1,17,6,3,6,1,1,1,0,22,2,2,0.0,0.0,0.0,0.0,0.0,2.0,22,2,6
185074,16,7,1,17,18,3,6,1,0,1,2,18,2,2,0.0,0.0,0.0,0.0,0.0,5.0,2,7,12
31458,4,2,3,0,8,3,0,1,0,1,2,18,2,2,0.0,0.0,0.0,0.0,0.0,2.0,14,5,3
11450,16,2,1,10,8,3,0,1,1,1,2,19,3,2,0.0,0.0,0.0,0.0,0.0,3.0,5,3,1
22258,17,10,0,7,16,3,4,5,1,1,2,21,2,2,0.0,0.0,0.0,0.0,0.0,2.0,4,1,2
37692,16,10,1,10,2,3,6,1,1,1,0,19,2,2,0.0,0.0,0.0,0.0,0.0,2.0,5,5,3
3787,4,2,1,17,8,3,6,1,1,1,2,24,2,2,0.0,0.0,0.0,0.0,0.0,2.0,22,2,1
74203,15,2,3,3,8,3,0,1,0,0,2,36,3,3,2.0,0.0,0.0,1.0,1.0,2.0,12,7,6
38490,18,2,3,17,2,3,0,1,0,1,2,18,2,4,1.0,0.0,0.0,0.0,1.0,3.0,15,6,3
127580,15,2,3,17,2,3,6,1,1,1,2,39,2,2,0.0,0.0,0.0,0.0,0.0,2.0,7,3,9
164533,15,2,1,8,15,3,0,1,0,1,2,18,2,3,1.0,0.0,0.0,1.0,0.0,1.0,23,3,11
35713,4,6,1,9,15,3,6,5,0,1,2,36,2,1,1.0,0.0,1.0,0.0,0.0,1.0,20,5,3
130878,15,2,3,10,10,3,0,1,1,1,1,21,2,2,0.0,0.0,0.0,0.0,0.0,2.0,15,7,9
138600,4,2,3,15,8,3,0,1,0,0,2,36,2,2,0.0,0.0,0.0,0.0,0.0,3.0,16,2,10
85072,15,2,1,10,8,3,0,1,1,0,2,19,2,2,0.0,0.0,0.0,0.0,0.0,3.0,1,1,6
131977,16,2,3,17,2,3,0,1,1,1,1,18,2,2,0.0,0.0,0.0,0.0,0.0,2.0,8,6,9
26277,15,2,3,17,8,3,0,1,1,1,0,18,2,2,0.0,0.0,0.0,0.0,0.0,5.0,16,2,2
16153,16,2,3,0,6,3,0,1,0,1,2,36,2,2,0.0,0.0,0.0,0.0,0.0,2.0,10,2,2
23497,4,2,1,0,8,3,0,1,1,1,2,18,2,2,0.0,0.0,0.0,0.0,0.0,2.0,21,6,2
123960,16,2,1,0,8,3,0,1,1,1,1,6,2,2,0.0,0.0,0.0,0.0,0.0,3.0,0,6,9
120114,16,3,3,17,6,4,0,1,1,1,1,17,2,2,0.0,0.0,0.0,0.0,0.0,3.0,18,7,8
169150,16,2,1,17,2,3,0,1,0,1,2,18,2,3,1.0,0.0,0.0,1.0,0.0,5.0,1,7,11
13492,15,2,1,17,6,3,0,1,1,1,0,18,2,2,0.0,0.0,0.0,0.0,0.0,2.0,20,3,1
123517,16,2,3,10,8,3,0,1,1,1,2,23,2,2,0.0,0.0,0.0,0.0,0.0,2.0,15,1,9
179892,16,2,1,17,6,3,0,1,1,1,2,24,2,2,0.0,0.0,0.0,0.0,0.0,2.0,19,4,12
28367,16,2,3,10,1,3,0,5,1,1,2,36,2,2,0.0,0.0,0.0,0.0,0.0,2.0,15,6,3
150596,16,7,3,0,6,3,6,5,0,1,2,18,2,2,0.0,0.0,0.0,0.0,0.0,4.0,13,6,10
182043,16,2,3,10,2,3,0,1,1,1,2,36,2,2,0.0,0.0,0.0,0.0,0.0,2.0,14,4,12
3592,16,2,3,17,3,3,0,1,1,1,1,24,2,2,0.0,0.0,0.0,0.0,0.0,2.0,12,4,1
20887,16,10,3,11,10,3,4,1,1,1,1,21,2,2,0.0,0.0,0.0,0.0,0.0,2.0,10,7,2
70902,15,11,3,0,8,3,5,5,1,1,2,36,2,2,0.0,0.0,0.0,0.0,0.0,2.0,1,1,5
84035,16,2,3,0,6,3,0,1,1,1,2,36,2,2,0.0,0.0,0.0,0.0,0.0,2.0,10,5,6
127586,16,2,3,0,8,3,0,1,0,1,2,6,2,3,1.0,0.0,0.0,1.0,0.0,4.0,8,3,9
95319,15,7,3,0,8,3,6,5,1,1,1,18,2,2,0.0,0.0,0.0,0.0,0.0,3.0,16,6,7
66013,16,2,3,17,6,3,6,1,1,1,2,6,2,2,0.0,0.0,0.0,0.0,0.0,5.0,15,2,5
24895,16,2,3,7,8,3,0,1,0,1,2,17,2,2,0.0,0.0,0.0,0.0,0.0,6.0,14,6,2
121868,16,2,1,0,6,3,0,1,0,1,2,36,2,2,0.0,0.0,0.0,0.0,0.0,3.0,19,5,9
133955,16,7,3,10,8,3,6,1,1,1,1,19,2,2,0.0,0.0,0.0,0.0,0.0,2.0,17,7,9
15421,16,2,3,9,6,3,0,1,0,1,0,24,2,1,1.0,0.0,1.0,0.0,0.0,1.0,13,4,2
176845,16,2,1,11,6,3,0,1,1,1,1,26,2,2,0.0,0.0,0.0,0.0,0.0,3.0,20,5,12
54142,15,10,3,0,6,3,4,1,1,1,1,39,2,2,0.0,0.0,0.0,0.0,0.0,2.0,18,7,4
859,16,4,0,0,6,3,0,5,0,1,2,6,2,3,1.0,0.0,0.0,1.0,0.0,1.0,5,2,1
8483,16,5,3,2,8,3,1,1,0,1,2,39,1,2,0.0,0.0,0.0,0.0,0.0,1.0,14,4,1
21407,17,10,1,10,6,3,4,1,1,1,2,26,2,2,0.0,0.0,0.0,0.0,0.0,2.0,20,1,2
37643,16,2,1,10,8,3,0,1,1,1,2,36,2,2,0.0,0.0,0.0,0.0,0.0,2.0,19,4,3
89369,15,2,3,17,2,3,0,1,0,1,2,17,2,3,2.0,0.0,0.0,2.0,0.0,0.0,14,3,7
181255,15,2,1,0,6,3,0,1,0,1,2,18,2,1,1.0,0.0,1.0,0.0,0.0,1.0,19,2,12
124892,16,11,3,11,6,3,5,5,1,1,2,36,2,2,0.0,0.0,0.0,0.0,0.0,3.0,17,1,9
120743,17,2,3,10,17,3,0,1,1,1,2,36,2,2,0.0,0.0,0.0,0.0,0.0,2.0,18,3,9
178805,16,2,4,9,6,3,0,1,0,1,2,36,2,3,1.0,0.0,0.0,1.0,0.0,1.0,5,5,12