crash_date,               traffic_control_device,weather_condition,lighting_condition,first_crash_type,trafficway_type,alignment,roadway_surface_cond,road_defect,crash_type,intersection_related_i,damage,prim_contributory_cause,num_units,most_severe_injury,injuries_total,injuries_fatal,injuries_incapacitating,injuries_non_incapacitating,injuries_reported_not_evident,injuries_no_indication,crash_hour,crash_day_of_week,crash_month
170833,16,2,1,0,3,3,0,1,0,1,2,6,2,2,0.0,0.0,0.0,0.0,0.0,2.0,1,7,11
178759,16,2,3,15,6,3,0,1,1,1,2,22,2,2,0.0,0.0,0.0,0.0,0.0,4.0,8,3,12
34180,4,3,3,17,6,3,0,5,1,1,2,36,3,2,0.0,0.0,0.0,0.0,0.0,3.0,16,2,3
175423,16,2,3,15,3,3,0,1,1,1,1,23,2,2,0.0,0.0,0.0,0.0,0.0,4.0,12,6,12
53321,16,2,3,0,6,3,0,1,0,1,1,6,2,4,1.0,0.0,0.0,0.0,1.0,1.0,17,3,4
115716,15,2,3,9,8,3,2,2,1,1,0,32,2,2,0.0,0.0,0.0,0.0,0.0,4.0,11,5,8
14803,16,2,1,17,8,3,0,1,1,1,1,36,2,2,0.0,0.0,0.0,0.0,0.0,3.0,18,6,1
163273,16,7,0,0,2,3,6,1,0,1,1,6,2,2,0.0,0.0,0.0,0.0,0.0,6.0,22,7,11
175286,16,2,1,15,3,3,0,1,1,1,2,23,2,2,0.0,0.0,0.0,0.0,0.0,5.0,1,4,12
1212,15,2,1,0,18,3,0,1,0,1,2,6,2,2,0.0,0.0,0.0,0.0,0.0,3.0,23,6,1
109421,15,2,3,17,2,3,0,1,1,1,2,36,2,2,0.0,0.0,0.0,0.0,0.0,2.0,18,1,8
13834,16,2,3,10,2,3,6,1,1,1,2,17,2,2,0.0,0.0,0.0,0.0,0.0,2.0,11,2,1
120990,16,2,3,7,15,3,0,1,1,1,2,36,2,2,0.0,0.0,0.0,0.0,0.0,1.0,9,6,9
118089,16,2,1,15,6,3,0,5,1,1,1,36,2,2,0.0,0.0,0.0,0.0,0.0,2.0,22,7,8
18254,16,2,1,17,8,3,0,1,1,1,2,6,2,2,0.0,0.0,0.0,0.0,0.0,3.0,18,4,2
25548,15,2,3,7,6,3,0,1,1,1,2,22,2,2,0.0,0.0,0.0,0.0,0.0,1.0,8,4,2
33599,16,2,3,15,8,3,0,1,1,1,2,36,2,2,0.0,0.0,0.0,0.0,0.0,2.0,8,6,3
157963,16,7,1,17,6,3,6,1,0,1,2,24,2,2,0.0,0.0,0.0,0.0,0.0,3.0,17,2,11
120539,16,2,3,3,2,3,0,1,0,1,2,26,2,4,1.0,0.0,0.0,0.0,1.0,1.0,17,6,9
135743,15,2,3,17,6,3,0,1,0,1,2,22,2,2,0.0,0.0,0.0,0.0,0.0,2.0,15,4,9
158337,16,2,1,0,6,3,0,1,1,1,2,8,4,2,0.0,0.0,0.0,0.0,0.0,4.0,3,6,11
52772,16,2,1,10,8,3,0,1,1,1,2,17,2,2,0.0,0.0,0.0,0.0,0.0,2.0,0,7,4
175655,4,2,1,17,15,4,0,1,0,1,2,24,2,4,3.0,0.0,0.0,0.0,3.0,3.0,22,7,12
181920,15,7,1,0,8,3,6,1,1,1,2,39,2,2,0.0,0.0,0.0,0.0,0.0,3.0,6,2,12
176165,16,2,3,10,6,3,0,1,1,1,1,36,2,2,0.0,0.0,0.0,0.0,0.0,2.0,10,1,12
2449,15,7,3,0,8,3,0,1,1,1,2,26,2,2,0.0,0.0,0.0,0.0,0.0,2.0,16,7,1
42008,4,2,3,11,14,3,0,1,1,1,2,21,2,2,0.0,0.0,0.0,0.0,0.0,2.0,17,4,3
65422,15,2,3,10,8,3,0,1,1,1,2,19,3,2,0.0,0.0,0.0,0.0,0.0,2.0,9,5,5
2073,17,2,1,2,8,3,0,1,0,1,2,37,1,3,1.0,0.0,0.0,1.0,0.0,0.0,3,7,1
130113,16,2,3,17,8,3,5,5,1,1,0,24,2,2,0.0,0.0,0.0,0.0,0.0,3.0,14,2,9
168458,16,2,4,0,15,3,0,1,0,1,2,36,9,0,17.0,2.0,6.0,8.0,1.0,0.0,17,4,11
99609,15,2,3,0,6,3,5,5,0,1,2,36,2,4,3.0,0.0,0.0,0.0,3.0,1.0,15,1,7
33608,16,2,3,15,8,3,0,1,1,1,1,23,2,2,0.0,0.0,0.0,0.0,0.0,2.0,10,6,3
142978,16,2,3,17,6,3,0,5,1,1,1,6,2,2,0.0,0.0,0.0,0.0,0.0,2.0,8,5,10
14327,15,2,1,0,8,3,0,1,1,1,2,18,2,2,0.0,0.0,0.0,0.0,0.0,2.0,17,5,1
29039,16,3,3,15,6,3,0,1,1,1,1,36,2,2,0.0,0.0,0.0,0.0,0.0,2.0,15,5,3
76673,15,4,1,10,2,3,0,1,1,1,1,17,2,2,0.0,0.0,0.0,0.0,0.0,2.0,0,1,6
107791,16,2,3,15,8,3,0,1,1,1,1,36,2,2,0.0,0.0,0.0,0.0,0.0,2.0,17,4,8
75201,16,2,3,0,6,3,0,1,0,1,2,36,2,3,1.0,0.0,0.0,1.0,0.0,1.0,18,1,6
7181,16,2,3,17,6,3,0,1,1,1,2,24,2,2,0.0,0.0,0.0,0.0,0.0,4.0,15,4,1
175140,4,2,1,15,8,3,0,5,0,1,2,37,2,2,0.0,0.0,0.0,0.0,0.0,2.0,17,1,12
66027,15,11,3,17,15,3,5,5,1,1,1,38,2,2,0.0,0.0,0.0,0.0,0.0,4.0,18,2,5
81500,16,2,2,10,8,3,0,1,1,1,1,19,2,2,0.0,0.0,0.0,0.0,0.0,2.0,16,2,6
114836,4,2,3,17,8,3,0,1,1,1,1,24,2,2,0.0,0.0,0.0,0.0,0.0,3.0,13,7,8
108404,16,2,3,10,6,3,0,1,1,1,0,26,2,2,0.0,0.0,0.0,0.0,0.0,3.0,12,6,8
125347,4,2,3,17,8,3,0,3,0,1,2,36,2,2,0.0,0.0,0.0,0.0,0.0,2.0,16,7,9
178912,16,7,4,10,3,3,6,1,0,1,2,36,2,3,1.0,0.0,0.0,1.0,0.0,1.0,15,4,12
15536,16,2,3,10,8,3,0,1,1,0,2,19,2,2,0.0,0.0,0.0,0.0,0.0,3.0,8,5,2
128065,15,2,1,17,15,3,0,1,0,1,2,24,3,2,0.0,0.0,0.0,0.0,0.0,3.0,19,3,9
124167,16,2,3,17,3,3,0,1,0,1,1,24,2,2,0.0,0.0,0.0,0.0,0.0,3.0,15,4,9
157243,16,2,3,17,6,3,0,1,1,1,2,6,2,2,0.0,0.0,0.0,0.0,0.0,2.0,9,5,11
159868,15,2,3,0,18,3,0,1,0,1,2,5,3,2,0.0,0.0,0.0,0.0,0.0,3.0,15,6,11
113921,4,2,2,9,6,3,0,1,0,1,0,36,2,1,1.0,0.0,1.0,0.0,0.0,1.0,5,7,8
130282,15,2,1,17,6,3,0,1,1,1,2,36,2,2,0.0,0.0,0.0,0.0,0.0,2.0,22,4,9
115591,15,2,3,8,8,3,0,1,0,1,0,36,2,4,1.0,0.0,0.0,0.0,1.0,1.0,17,3,8
141694,16,2,3,17,3,3,0,1,1,1,0,23,2,2,0.0,0.0,0.0,0.0,0.0,2.0,16,1,10
71107,16,2,3,17,6,3,0,5,1,1,2,24,2,2,0.0,0.0,0.0,0.0,0.0,3.0,17,5,5
37690,16,7,1,0,8,3,6,1,1,1,2,6,2,2,0.0,0.0,0.0,0.0,0.0,2.0,4,5,3
17139,16,5,1,10,8,3,6,1,1,1,2,36,2,2,0.0,0.0,0.0,0.0,0.0,2.0,23,6,2
128393,16,2,3,17,8,2,0,1,0,1,2,24,2,2,0.0,0.0,0.0,0.0,0.0,2.0,8,6,9
33408,16,2,3,17,8,3,0,1,1,1,2,18,2,2,0.0,0.0,0.0,0.0,0.0,2.0,8,2,3
9168,15,2,3,0,8,3,0,1,0,1,2,18,2,2,0.0,0.0,0.0,0.0,0.0,2.0,13,6,1
121284,16,2,3,10,8,3,0,1,1,1,1,36,2,2,0.0,0.0,0.0,0.0,0.0,3.0,13,4,9
159889,16,2,1,10,8,3,0,1,1,1,2,19,2,2,0.0,0.0,0.0,0.0,0.0,2.0,18,6,11
176239,16,2,1,10,8,4,0,1,1,1,1,17,2,2,0.0,0.0,0.0,0.0,0.0,2.0,17,4,12
140454,16,2,2,15,2,3,6,1,1,1,2,16,2,2,0.0,0.0,0.0,0.0,0.0,2.0,20,5,10
160087,16,2,3,17,6,3,0,1,0,1,2,32,3,2,0.0,0.0,0.0,0.0,0.0,3.0,10,3,11
120595,16,2,3,15,8,3,0,1,1,1,2,23,2,2,0.0,0.0,0.0,0.0,0.0,2.0,15,7,9
159812,16,2,0,0,8,3,0,1,1,1,2,36,2,2,0.0,0.0,0.0,0.0,0.0,2.0,17,5,11
160632,16,2,3,10,6,3,0,1,0,1,2,36,2,2,0.0,0.0,0.0,0.0,0.0,3.0,8,4,11
11948,15,2,3,0,2,3,0,1,0,1,2,18,2,4,1.0,0.0,0.0,0.0,1.0,3.0,13,5,1
62368,4,2,3,0,11,3,0,1,1,1,2,18,2,2,0.0,0.0,0.0,0.0,0.0,2.0,15,6,5
54171,16,7,3,17,8,3,6,1,1,1,2,12,2,2,0.0,0.0,0.0,0.0,0.0,2.0,10,7,4
108332,15,7,1,17,10,3,6,1,1,1,2,36,2,2,0.0,0.0,0.0,0.0,0.0,4.0,23,5,8
28971,16,2,3,17,2,3,0,5,1,1,2,36,2,2,0.0,0.0,0.0,0.0,0.0,2.0,10,3,3
127891,16,2,0,10,8,3,0,1,1,1,1,19,2,2,0.0,0.0,0.0,0.0,0.0,2.0,21,6,9
164338,15,11,1,14,10,3,5,1,0,1,2,18,2,2,0.0,0.0,0.0,0.0,0.0,2.0,22,6,11
142945,15,2,3,17,15,3,0,1,0,1,2,18,2,2,0.0,0.0,0.0,0.0,0.0,2.0,14,5,10
164728,16,2,1,10,8,3,0,5,1,1,1,19,3,2,0.0,0.0,0.0,0.0,0.0,3.0,17,3,11
24938,15,2,3,2,2,3,0,1,1,1,2,13,1,2,0.0,0.0,0.0,0.0,0.0,1.0,10,6,2
23087,16,10,1,0,2,3,4,1,1,1,2,3,2,2,0.0,0.0,0.0,0.0,0.0,2.0,5,1,2
92868,16,2,1,10,2,3,0,5,1,1,2,19,2,2,0.0,0.0,0.0,0.0,0.0,2.0,23,2,7
117823,4,2,3,9,8,3,0,1,1,1,2,18,2,2,0.0,0.0,0.0,0.0,0.0,2.0,7,2,8
5201,15,2,1,0,6,3,0,1,1,1,2,18,2,2,0.0,0.0,0.0,0.0,0.0,2.0,19,3,1
70044,16,2,3,0,6,3,0,5,0,1,2,26,2,1,2.0,0.0,2.0,0.0,0.0,1.0,17,1,5
32880,15,2,3,10,8,3,0,1,1,1,0,36,2,2,0.0,0.0,0.0,0.0,0.0,2.0,11,1,3
27925,16,2,3,15,6,3,0,1,1,1,2,22,2,2,0.0,0.0,0.0,0.0,0.0,3.0,17,2,2
19996,15,2,3,0,6,3,0,1,0,1,2,18,2,2,0.0,0.0,0.0,0.0,0.0,2.0,13,7,2
16570,9,2,3,0,12,3,0,1,1,0,1,21,2,2,0.0,0.0,0.0,0.0,0.0,2.0,7,3,2
77155,4,2,3,17,8,3,0,1,0,1,2,32,3,2,0.0,0.0,0.0,0.0,0.0,3.0,15,2,6
28708,16,2,3,10,2,3,0,1,0,1,0,36,2,4,3.0,0.0,0.0,0.0,3.0,1.0,16,5,3
92181,16,2,3,17,8,3,0,1,0,1,2,36,2,2,0.0,0.0,0.0,0.0,0.0,2.0,17,6,7
131864,16,2,3,10,3,3,0,1,1,1,2,36,2,2,0.0,0.0,0.0,0.0,0.0,4.0,16,5,9
159638,16,2,3,10,6,3,5,5,1,1,2,36,2,2,0.0,0.0,0.0,0.0,0.0,3.0,14,5,11
53312,16,11,5,15,6,3,5,5,1,1,2,18,2,2,0.0,0.0,0.0,0.0,0.0,2.0,16,3,4
188702,4,7,1,17,8,3,6,1,0,1,2,18,2,3,1.0,0.0,0.0,1.0,0.0,4.0,21,2,12
178916,16,7,4,10,2,3,6,1,1,1,2,17,3,2,0.0,0.0,0.0,0.0,0.0,4.0,16,4,12
27186,17,2,3,17,10,3,0,1,1,1,2,24,2,2,0.0,0.0,0.0,0.0,0.0,2.0,9,7,2
117940,16,2,3,10,1,4,0,1,1,1,1,19,2,2,0.0,0.0,0.0,0.0,0.0,2.0,9,5,8
50371,16,2,3,15,8,3,0,1,1,1,2,22,2,2,0.0,0.0,0.0,0.0,0.0,2.0,10,5,4
21905,16,2,3,17,8,3,0,1,0,1,2,36,2,3,1.0,0.0,0.0,1.0,0.0,2.0,15,3,2
139830,4,3,3,0,15,3,6,1,0,1,2,18,2,3,3.0,0.0,0.0,3.0,0.0,0.0,8,6,10
92878,15,2,3,10,8,3,0,5,1,1,2,18,2,2,0.0,0.0,0.0,0.0,0.0,2.0,14,4,7
11142,15,3,3,0,8,3,4,1,0,1,2,15,2,4,2.0,0.0,0.0,0.0,2.0,2.0,11,4,1
1613,16,2,1,0,2,3,0,5,0,1,2,36,2,2,0.0,0.0,0.0,0.0,0.0,7.0,22,6,1
171305,15,2,1,0,8,3,0,1,0,1,2,28,4,3,4.0,0.0,0.0,3.0,1.0,0.0,22,6,11
48044,16,2,3,0,2,3,0,1,1,1,2,18,2,2,0.0,0.0,0.0,0.0,0.0,2.0,17,5,4
90173,15,7,3,10,8,3,6,5,1,1,2,19,2,2,0.0,0.0,0.0,0.0,0.0,2.0,15,3,7
14991,16,2,3,17,15,3,0,1,0,1,1,18,2,4,2.0,0.0,0.0,0.0,2.0,0.0,7,3,1
33560,16,2,1,0,8,3,0,5,0,1,2,36,2,2,0.0,0.0,0.0,0.0,0.0,4.0,23,5,3
18106,16,2,1,17,15,3,0,1,0,0,2,37,2,3,2.0,0.0,0.0,2.0,0.0,0.0,23,1,2
44280,4,2,1,15,8,3,0,1,1,1,2,26,2,2,0.0,0.0,0.0,0.0,0.0,5.0,0,1,4
102944,4,2,3,17,8,3,0,1,0,1,2,24,2,2,0.0,0.0,0.0,0.0,0.0,2.0,17,2,7
119487,4,2,4,10,2,3,5,5,0,0,2,15,2,3,1.0,0.0,0.0,1.0,0.0,1.0,16,5,8
21250,16,2,3,10,8,3,0,1,0,1,0,17,2,4,1.0,0.0,0.0,0.0,1.0,1.0,11,5,2
52330,16,2,3,15,6,3,0,1,0,1,2,18,2,3,2.0,0.0,0.0,1.0,1.0,1.0,11,6,4
154847,17,7,4,10,8,3,6,5,1,1,1,36,2,2,0.0,0.0,0.0,0.0,0.0,3.0,0,7,10
174110,4,2,1,7,10,3,0,5,0,1,2,28,2,2,0.0,0.0,0.0,0.0,0.0,1.0,3,1,12
25393,16,7,1,0,11,3,6,1,1,1,2,36,2,2,0.0,0.0,0.0,0.0,0.0,2.0,23,7,2
155833,16,2,1,0,3,3,0,1,0,1,2,18,2,2,0.0,0.0,0.0,0.0,0.0,2.0,20,5,11
119941,16,2,3,17,5,3,0,1,1,1,0,26,2,2,0.0,0.0,0.0,0.0,0.0,2.0,12,6,8
16053,16,10,1,9,8,3,6,1,0,1,0,18,2,1,1.0,0.0,1.0,0.0,0.0,2.0,23,7,2
76127,16,2,3,17,8,3,0,1,1,1,1,22,2,2,0.0,0.0,0.0,0.0,0.0,2.0,9,7,6
24263,15,10,3,0,8,3,4,1,0,1,2,5,2,2,0.0,0.0,0.0,0.0,0.0,2.0,13,1,2
8206,4,2,2,17,10,3,0,1,1,1,2,24,2,2,0.0,0.0,0.0,0.0,0.0,2.0,18,5,1
117917,16,2,2,10,18,3,0,5,1,1,0,36,2,2,0.0,0.0,0.0,0.0,0.0,2.0,5,5,8
120279,4,2,3,7,8,3,0,1,1,1,2,21,2,2,0.0,0.0,0.0,0.0,0.0,1.0,14,4,8
48548,16,2,1,10,8,3,0,1,0,1,1,13,2,4,1.0,0.0,0.0,0.0,1.0,2.0,20,6,4
96044,16,2,3,17,2,3,0,1,1,1,2,36,2,2,0.0,0.0,0.0,0.0,0.0,2.0,13,2,7
186000,16,11,0,17,6,3,5,5,0,1,2,37,2,4,2.0,0.0,0.0,0.0,2.0,1.0,1,4,12
144397,16,2,3,17,8,3,0,5,0,0,2,36,2,2,0.0,0.0,0.0,0.0,0.0,3.0,16,4,10
75100,15,2,3,0,2,3,0,1,1,1,2,18,2,2,0.0,0.0,0.0,0.0,0.0,4.0,14,6,6
554,16,2,3,10,8,3,4,1,1,1,2,19,2,2,0.0,0.0,0.0,0.0,0.0,2.0,15,3,1
93318,16,2,1,17,2,3,0,1,0,1,2,24,2,2,0.0,0.0,0.0,0.0,0.0,2.0,23,2,7
27675,16,2,1,10,8,3,0,1,1,1,1,19,2,2,0.0,0.0,0.0,0.0,0.0,5.0,0,3,2
72276,15,7,3,9,15,3,6,1,0,1,2,38,2,3,1.0,0.0,0.0,1.0,0.0,1.0,10,7,6
30382,15,2,3,0,6,3,0,1,0,1,2,36,2,2,0.0,0.0,0.0,0.0,0.0,2.0,12,7,3
161265,16,2,3,10,10,3,0,1,0,1,2,17,2,2,0.0,0.0,0.0,0.0,0.0,3.0,9,6,11
38226,16,2,3,15,15,3,0,5,1,1,2,36,2,2,0.0,0.0,0.0,0.0,0.0,2.0,17,2,3
92548,16,2,3,2,2,3,0,1,0,1,2,36,1,2,0.0,0.0,0.0,0.0,0.0,2.0,6,4,7
146369,16,2,1,10,8,3,0,1,1,1,1,19,2,2,0.0,0.0,0.0,0.0,0.0,2.0,22,6,10
109250,16,2,3,15,8,3,0,1,1,1,1,22,2,2,0.0,0.0,0.0,0.0,0.0,2.0,18,5,8
133668,16,7,4,17,8,3,6,1,1,1,2,26,2,2,0.0,0.0,0.0,0.0,0.0,2.0,16,2,9
68076,4,2,3,9,2,3,0,1,0,1,2,28,2,3,1.0,0.0,0.0,1.0,0.0,2.0,10,6,5
149087,15,2,3,17,15,3,0,1,0,0,2,36,3,3,3.0,0.0,0.0,3.0,0.0,3.0,13,1,10
81467,16,11,3,10,11,3,0,1,1,1,2,18,2,2,0.0,0.0,0.0,0.0,0.0,2.0,15,1,6
59687,4,2,3,8,8,3,0,1,0,1,0,18,2,3,1.0,0.0,0.0,1.0,0.0,1.0,15,6,5
59276,15,2,3,0,10,3,0,1,0,1,2,5,2,3,1.0,0.0,0.0,1.0,0.0,1.0,12,6,5
93388,4,2,3,14,8,3,0,1,1,1,1,26,2,2,0.0,0.0,0.0,0.0,0.0,2.0,14,5,7
114958,16,2,3,15,10,3,0,1,1,1,2,12,2,2,0.0,0.0,0.0,0.0,0.0,3.0,13,2,8
182387,16,2,1,0,6,3,0,5,0,1,2,6,2,2,0.0,0.0,0.0,0.0,0.0,2.0,5,4,12
171604,16,2,3,17,8,3,0,1,1,1,1,24,2,2,0.0,0.0,0.0,0.0,0.0,3.0,10,4,11
29457,16,2,1,15,3,3,0,1,1,1,1,22,2,2,0.0,0.0,0.0,0.0,0.0,3.0,22,5,3
169582,4,2,1,7,8,3,0,1,1,0,2,36,3,2,0.0,0.0,0.0,0.0,0.0,1.0,19,2,11
103472,16,2,1,0,8,3,0,1,0,1,2,17,2,2,0.0,0.0,0.0,0.0,0.0,4.0,2,3,7
79470,16,7,0,17,15,3,6,1,1,1,2,24,2,2,0.0,0.0,0.0,0.0,0.0,3.0,15,7,6
82650,15,2,3,0,2,3,0,5,1,1,2,36,2,2,0.0,0.0,0.0,0.0,0.0,2.0,16,4,6
28173,16,2,3,0,6,3,0,5,1,1,2,6,2,2,0.0,0.0,0.0,0.0,0.0,2.0,13,5,2
939,16,2,3,10,8,3,0,1,1,1,2,36,3,2,0.0,0.0,0.0,0.0,0.0,3.0,14,5,1
135314,16,2,1,17,6,3,0,1,1,1,2,23,2,2,0.0,0.0,0.0,0.0,0.0,2.0,23,5,9
83219,16,7,3,0,8,3,6,1,0,1,2,6,2,1,3.0,0.0,3.0,0.0,0.0,1.0,6,6,6
105250,4,2,3,9,16,3,0,1,1,1,0,18,2,2,0.0,0.0,0.0,0.0,0.0,2.0,11,7,8
171887,4,2,3,0,2,3,0,1,0,1,2,12,3,2,0.0,0.0,0.0,0.0,0.0,3.0,13,3,11
102175,16,2,3,10,8,3,0,1,0,1,2,12,3,2,0.0,0.0,0.0,0.0,0.0,3.0,9,5,7
84637,16,2,3,12,8,3,0,1,1,0,2,19,2,2,0.0,0.0,0.0,0.0,0.0,4.0,16,2,6
15644,16,2,1,10,8,3,0,1,0,1,2,36,3,2,0.0,0.0,0.0,0.0,0.0,4.0,20,6,2
14620,16,2,3,10,8,3,0,1,1,1,2,36,2,2,0.0,0.0,0.0,0.0,0.0,2.0,15,3,1
91600,16,7,3,10,8,3,6,1,1,1,2,36,2,2,0.0,0.0,0.0,0.0,0.0,2.0,14,4,7
53360,15,2,1,7,10,3,0,1,0,1,2,36,2,2,0.0,0.0,0.0,0.0,0.0,1.0,10,3,4
146851,15,2,1,17,15,3,0,5,1,1,2,24,2,2,0.0,0.0,0.0,0.0,0.0,2.0,20,4,10
99630,16,2,3,17,5,3,0,1,1,1,2,18,2,2,0.0,0.0,0.0,0.0,0.0,2.0,6,1,7
155933,16,2,3,17,6,3,6,1,1,1,2,24,2,2,0.0,0.0,0.0,0.0,0.0,2.0,10,6,11
75832,4,2,3,10,8,3,0,1,1,1,2,19,2,2,0.0,0.0,0.0,0.0,0.0,2.0,15,4,6
3576,16,2,1,9,6,3,5,5,1,1,0,36,2,2,0.0,0.0,0.0,0.0,0.0,2.0,20,4,1
92400,16,7,1,17,2,3,6,1,0,1,2,18,2,4,2.0,0.0,0.0,0.0,2.0,1.0,22,3,7
148739,15,2,3,8,11,3,0,1,0,1,2,18,2,3,1.0,0.0,0.0,1.0,0.0,2.0,17,7,10
3548,15,2,3,17,5,3,0,1,0,1,2,18,2,3,1.0,0.0,0.0,1.0,0.0,2.0,14,4,1
100645,16,2,4,17,6,3,0,1,1,1,2,22,2,2,0.0,0.0,0.0,0.0,0.0,3.0,19,3,7
145998,16,2,4,17,17,3,0,1,0,1,2,36,2,4,1.0,0.0,0.0,0.0,1.0,3.0,17,5,10
32380,16,2,3,2,15,3,0,1,0,1,2,13,1,2,0.0,0.0,0.0,0.0,0.0,1.0,15,7,3
32202,16,2,4,10,8,3,0,1,0,1,2,36,3,2,0.0,0.0,0.0,0.0,0.0,4.0,20,3,3
72376,16,2,3,15,8,3,0,5,1,1,0,23,2,2,0.0,0.0,0.0,0.0,0.0,2.0,16,7,6
163013,16,2,3,10,2,3,0,1,1,1,0,19,2,2,0.0,0.0,0.0,0.0,0.0,3.0,12,7,11
104151,4,2,1,15,8,3,0,1,1,0,1,28,2,2,0.0,0.0,0.0,0.0,0.0,1.0,2,7,8
174043,16,2,1,0,6,3,0,1,0,1,2,6,2,2,0.0,0.0,0.0,0.0,0.0,2.0,3,7,12
127715,16,2,3,10,6,3,0,5,1,1,2,36,2,2,0.0,0.0,0.0,0.0,0.0,2.0,8,6,9
100945,17,2,1,17,15,3,0,5,1,1,2,36,2,2,0.0,0.0,0.0,0.0,0.0,2.0,1,1,7
150512,15,2,3,0,2,3,0,1,1,1,2,18,2,2,0.0,0.0,0.0,0.0,0.0,3.0,12,3,10
19664,15,2,3,17,8,3,5,5,1,1,2,36,2,2,0.0,0.0,0.0,0.0,0.0,2.0,7,5,2
184021,16,2,3,7,8,3,0,1,1,1,2,31,2,2,0.0,0.0,0.0,0.0,0.0,1.0,15,5,12
115343,16,2,3,17,6,3,0,5,0,1,2,18,2,2,0.0,0.0,0.0,0.0,0.0,3.0,13,1,8
14115,15,2,3,0,6,3,4,1,0,1,2,18,2,3,1.0,0.0,0.0,1.0,0.0,2.0,12,1,1
141357,16,2,3,10,8,3,0,1,1,0,2,19,2,2,0.0,0.0,0.0,0.0,0.0,2.0,17,5,10
77909,15,2,3,17,8,3,0,1,1,1,0,18,2,2,0.0,0.0,0.0,0.0,0.0,3.0,17,7,6
162636,4,2,1,10,8,3,1,1,1,1,2,36,3,2,0.0,0.0,0.0,0.0,0.0,4.0,17,4,11
116276,16,2,3,10,2,3,0,1,1,1,2,19,2,2,0.0,0.0,0.0,0.0,0.0,2.0,12,6,8
27700,16,2,1,17,8,3,0,1,0,1,2,18,2,3,1.0,0.0,0.0,1.0,0.0,6.0,19,4,2
144191,16,2,1,17,8,3,6,1,0,1,2,18,2,2,0.0,0.0,0.0,0.0,0.0,6.0,3,7,10
49303,15,7,3,0,2,3,6,5,1,0,0,5,2,2,0.0,0.0,0.0,0.0,0.0,3.0,15,1,4
41988,15,2,3,0,18,3,0,1,0,1,2,18,2,3,1.0,0.0,0.0,1.0,0.0,2.0,13,4,3
7978,16,11,5,17,6,3,5,5,1,1,2,36,2,2,0.0,0.0,0.0,0.0,0.0,2.0,17,3,1
34044,16,2,1,0,2,3,0,1,0,0,2,6,2,2,0.0,0.0,0.0,0.0,0.0,2.0,23,6,3
150620,15,7,1,0,8,3,6,1,0,1,2,38,2,4,1.0,0.0,0.0,0.0,1.0,2.0,19,6,10
7521,16,2,1,0,6,3,0,1,1,1,2,6,2,2,0.0,0.0,0.0,0.0,0.0,2.0,18,4,1
186211,4,11,3,10,8,3,5,5,1,1,2,36,2,2,0.0,0.0,0.0,0.0,0.0,3.0,10,5,12
5339,15,3,3,0,2,3,0,1,0,1,2,36,2,2,0.0,0.0,0.0,0.0,0.0,3.0,7,5,1
9038,16,2,3,10,6,3,0,5,1,0,2,19,2,2,0.0,0.0,0.0,0.0,0.0,2.0,14,5,1
142337,15,2,3,0,11,3,0,1,1,1,1,5,2,2,0.0,0.0,0.0,0.0,0.0,4.0,8,3,10
109422,16,2,3,11,6,3,0,1,1,1,2,21,2,2,0.0,0.0,0.0,0.0,0.0,2.0,18,1,8
61222,16,2,3,15,8,3,0,1,1,1,2,36,2,2,0.0,0.0,0.0,0.0,0.0,2.0,10,7,5
54159,16,9,1,10,8,3,6,1,1,1,1,17,2,2,0.0,0.0,0.0,0.0,0.0,2.0,21,7,4
78488,15,2,3,10,2,3,0,1,0,0,2,19,3,4,1.0,0.0,0.0,0.0,1.0,3.0,8,1,6
151127,6,3,3,17,8,4,0,1,1,1,1,36,2,2,0.0,0.0,0.0,0.0,0.0,2.0,14,5,10
98607,16,2,3,17,6,3,0,1,0,1,2,23,2,2,0.0,0.0,0.0,0.0,0.0,2.0,17,6,7
77912,16,2,3,10,2,3,6,1,0,1,2,19,2,3,1.0,0.0,0.0,1.0,0.0,2.0,18,7,6
128907,4,2,3,10,8,3,0,1,1,0,1,18,2,2,0.0,0.0,0.0,0.0,0.0,2.0,15,6,9
112347,15,2,3,0,8,3,5,5,0,1,2,5,2,2,0.0,0.0,0.0,0.0,0.0,4.0,18,4,8
181432,16,2,3,10,10,3,0,1,1,1,2,36,2,2,0.0,0.0,0.0,0.0,0.0,2.0,13,3,12
53826,15,2,3,17,8,3,0,5,0,1,1,18,2,3,1.0,0.0,0.0,1.0,0.0,1.0,11,3,4
95386,16,2,3,17,6,3,0,1,1,1,2,24,2,2,0.0,0.0,0.0,0.0,0.0,2.0,13,7,7
184363,16,2,3,17,2,3,1,1,0,1,2,18,2,3,1.0,0.0,0.0,1.0,0.0,3.0,7,1,12
37014,16,2,1,10,16,3,6,1,0,1,2,6,3,1,1.0,0.0,1.0,0.0,0.0,3.0,22,7,3
260,16,2,1,0,16,3,0,1,0,1,2,11,2,3,1.0,0.0,0.0,1.0,0.0,3.0,6,6,1
61140,3,2,0,15,3,3,0,1,1,0,1,12,2,2,0.0,0.0,0.0,0.0,0.0,3.0,21,6,5
39192,16,2,3,15,8,3,0,1,1,1,2,36,2,2,0.0,0.0,0.0,0.0,0.0,2.0,15,6,3
10489,16,3,1,10,8,3,6,5,1,1,2,17,2,2,0.0,0.0,0.0,0.0,0.0,3.0,20,1,1