crash_date,               traffic_control_device,weather_condition,lighting_condition,first_crash_type,trafficway_type,alignment,roadway_surface_cond,road_defect,crash_type,intersection_related_i,damage,prim_contributory_cause,num_units,most_severe_injury,injuries_total,injuries_fatal,injuries_incapacitating,injuries_non_incapacitating,injuries_reported_not_evident,injuries_no_indication,crash_hour,crash_day_of_week,crash_month
60619,4,2,3,17,8,3,0,1,0,1,2,38,2,4,1.0,0.0,0.0,0.0,1.0,1.0,8,5,5
61595,15,2,3,0,8,3,0,1,1,1,2,5,2,2,0.0,0.0,0.0,0.0,0.0,2.0,19,6,5
95119,16,2,3,17,2,3,0,1,0,1,2,36,2,2,0.0,0.0,0.0,0.0,0.0,2.0,17,2,7
110604,16,2,3,10,3,3,0,1,1,0,2,19,2,2,0.0,0.0,0.0,0.0,0.0,2.0,11,5,8
7436,17,11,5,10,6,3,5,5,1,1,2,36,3,2,0.0,0.0,0.0,0.0,0.0,3.0,13,2,1
86010,15,2,1,17,6,3,0,1,0,1,2,18,2,1,1.0,0.0,1.0,0.0,0.0,1.0,21,1,6
166282,4,2,3,0,15,3,0,1,1,1,2,36,2,2,0.0,0.0,0.0,0.0,0.0,2.0,15,7,11
9435,16,7,3,0,6,3,6,5,0,1,2,36,2,3,1.0,0.0,0.0,1.0,0.0,3.0,15,5,1
72584,16,2,0,17,8,3,0,1,0,1,2,18,2,4,1.0,0.0,0.0,0.0,1.0,1.0,22,4,6
170400,16,2,1,17,8,3,0,1,0,1,2,36,2,4,1.0,0.0,0.0,0.0,1.0,2.0,17,7,11
186704,16,2,3,7,6,3,0,1,1,1,1,36,2,2,0.0,0.0,0.0,0.0,0.0,4.0,16,1,12
35505,15,2,3,0,8,3,0,1,0,1,2,18,2,3,1.0,0.0,0.0,1.0,0.0,1.0,8,2,3
152211,16,2,3,17,11,3,0,0,1,1,1,36,2,2,0.0,0.0,0.0,0.0,0.0,2.0,14,5,10
166915,16,2,1,0,8,3,0,1,0,1,2,6,2,4,2.0,0.0,0.0,0.0,2.0,1.0,3,4,11
116537,16,2,3,17,10,3,0,1,1,1,2,24,2,2,0.0,0.0,0.0,0.0,0.0,2.0,14,5,8
101538,17,11,5,2,18,3,5,5,0,1,2,23,1,2,0.0,0.0,0.0,0.0,0.0,1.0,12,2,7
130086,16,2,3,10,2,3,0,1,1,1,1,19,3,2,0.0,0.0,0.0,0.0,0.0,3.0,12,6,9
24391,4,2,3,9,8,3,0,1,0,1,0,18,2,3,1.0,0.0,0.0,1.0,0.0,2.0,7,3,2
115383,16,2,1,0,3,3,0,1,0,1,1,17,2,3,2.0,0.0,0.0,2.0,0.0,3.0,20,1,8
146853,15,2,1,0,8,3,0,5,0,1,2,36,2,2,0.0,0.0,0.0,0.0,0.0,3.0,20,4,10
53664,15,2,3,0,8,3,0,1,0,1,2,36,2,3,1.0,0.0,0.0,1.0,0.0,2.0,12,6,4
164650,16,2,1,0,5,3,0,1,0,1,2,6,3,2,0.0,0.0,0.0,0.0,0.0,3.0,22,5,11
173084,16,7,1,17,3,3,6,1,0,1,2,19,3,3,1.0,0.0,0.0,1.0,0.0,5.0,21,6,12
161271,16,2,3,17,6,3,0,1,0,1,2,18,2,3,2.0,0.0,0.0,2.0,0.0,1.0,11,6,11
111835,16,11,5,10,8,3,5,5,1,1,1,19,2,2,0.0,0.0,0.0,0.0,0.0,2.0,19,3,8
58285,4,7,1,17,15,3,6,1,1,1,2,18,2,2,0.0,0.0,0.0,0.0,0.0,3.0,19,5,5
171019,15,2,0,0,6,3,0,1,1,1,2,18,2,2,0.0,0.0,0.0,0.0,0.0,2.0,17,3,11
141805,16,2,1,15,3,3,0,1,0,1,2,22,3,2,0.0,0.0,0.0,0.0,0.0,4.0,5,3,10
150089,16,2,3,9,8,3,0,1,0,1,1,18,2,1,1.0,0.0,1.0,0.0,0.0,3.0,8,6,10
141519,15,2,3,0,8,3,0,1,1,1,2,36,2,2,0.0,0.0,0.0,0.0,0.0,2.0,16,7,10
170644,16,7,3,0,2,3,6,1,1,1,1,39,2,2,0.0,0.0,0.0,0.0,0.0,3.0,19,2,11
98749,4,2,3,10,2,3,0,1,1,1,1,36,2,2,0.0,0.0,0.0,0.0,0.0,2.0,16,7,7
122855,4,2,3,7,8,3,0,1,1,1,1,22,2,2,0.0,0.0,0.0,0.0,0.0,8.0,7,4,9
36801,4,2,3,0,8,3,5,5,1,1,2,36,2,2,0.0,0.0,0.0,0.0,0.0,2.0,16,3,3
71360,16,2,3,17,8,3,0,1,1,1,0,22,2,2,0.0,0.0,0.0,0.0,0.0,3.0,19,6,5
25238,16,2,3,17,1,3,0,1,1,1,1,19,2,2,0.0,0.0,0.0,0.0,0.0,4.0,12,3,2
30686,16,2,3,17,11,3,0,1,1,1,2,24,2,2,0.0,0.0,0.0,0.0,0.0,2.0,16,6,3
10098,16,4,1,9,8,3,6,1,0,1,2,18,2,3,1.0,0.0,0.0,1.0,0.0,1.0,19,1,1
119702,15,2,3,2,8,3,0,1,0,1,2,13,2,2,0.0,0.0,0.0,0.0,0.0,1.0,8,2,8
74440,15,2,3,0,10,3,0,1,1,1,1,18,2,2,0.0,0.0,0.0,0.0,0.0,4.0,16,3,6
64642,16,2,3,10,8,3,0,1,1,1,2,19,2,2,0.0,0.0,0.0,0.0,0.0,2.0,18,6,5
15399,4,10,1,17,6,3,4,5,0,1,2,23,2,3,1.0,0.0,0.0,1.0,0.0,1.0,21,3,2
136642,16,2,1,17,8,3,6,1,1,1,1,36,2,2,0.0,0.0,0.0,0.0,0.0,2.0,22,7,9
125121,16,2,1,2,8,3,0,1,1,0,0,36,1,2,0.0,0.0,0.0,0.0,0.0,1.0,20,2,9
32995,15,2,3,0,8,3,0,1,0,1,1,18,2,4,1.0,0.0,0.0,0.0,1.0,5.0,15,2,3
91709,16,2,3,17,2,3,0,1,0,1,2,36,2,4,2.0,0.0,0.0,0.0,2.0,1.0,10,5,7
174508,4,2,3,0,8,3,0,1,0,1,2,18,2,2,0.0,0.0,0.0,0.0,0.0,2.0,8,5,12
19065,16,10,1,0,6,3,4,1,0,1,2,6,2,3,1.0,0.0,0.0,1.0,0.0,2.0,21,4,2
1557,16,2,3,0,8,3,0,1,1,1,1,19,2,2,0.0,0.0,0.0,0.0,0.0,4.0,13,6,1
12556,16,2,3,0,2,3,0,1,0,1,2,17,2,3,3.0,0.0,0.0,1.0,2.0,0.0,14,1,1
85485,16,3,3,10,2,3,6,1,1,1,2,17,2,2,0.0,0.0,0.0,0.0,0.0,2.0,14,7,6
56571,16,2,3,15,8,3,0,1,1,1,1,23,2,2,0.0,0.0,0.0,0.0,0.0,2.0,11,4,5
1877,16,2,3,9,8,3,0,1,0,1,0,26,2,3,1.0,0.0,0.0,1.0,0.0,1.0,11,5,1
119204,15,2,3,17,8,3,6,1,0,1,2,24,2,2,0.0,0.0,0.0,0.0,0.0,3.0,15,2,8
153720,4,2,1,0,18,3,0,1,1,1,2,36,2,2,0.0,0.0,0.0,0.0,0.0,3.0,19,6,10
42081,16,7,3,10,8,3,6,5,0,1,2,37,2,3,2.0,0.0,0.0,1.0,1.0,2.0,19,5,3
171597,16,2,3,10,3,3,0,5,1,1,2,36,2,2,0.0,0.0,0.0,0.0,0.0,2.0,7,4,11
97171,16,2,3,15,10,3,0,1,1,1,2,18,2,2,0.0,0.0,0.0,0.0,0.0,2.0,7,5,7
97757,16,7,3,8,3,3,6,1,1,1,0,22,2,2,0.0,0.0,0.0,0.0,0.0,3.0,11,6,7
41,16,2,1,17,10,3,0,5,1,1,1,19,2,2,0.0,0.0,0.0,0.0,0.0,2.0,2,2,1
136552,15,2,3,0,2,3,0,1,1,1,2,5,2,2,0.0,0.0,0.0,0.0,0.0,3.0,7,6,9
142488,17,2,0,7,8,3,0,5,0,1,2,26,4,3,1.0,0.0,0.0,1.0,0.0,2.0,1,7,10
174767,15,7,1,9,6,3,6,5,0,1,1,18,2,3,1.0,0.0,0.0,1.0,0.0,1.0,17,3,12
100183,15,2,3,10,6,3,0,1,1,1,2,19,2,2,0.0,0.0,0.0,0.0,0.0,2.0,9,4,7
129455,16,2,3,17,8,3,0,1,1,1,2,24,2,2,0.0,0.0,0.0,0.0,0.0,2.0,9,2,9
105739,16,2,3,17,8,3,0,1,0,1,2,36,2,2,0.0,0.0,0.0,0.0,0.0,3.0,12,7,8
80196,4,2,3,17,10,3,0,1,1,1,2,24,2,2,0.0,0.0,0.0,0.0,0.0,2.0,15,5,6
170359,4,2,1,10,15,3,0,1,1,1,2,36,2,2,0.0,0.0,0.0,0.0,0.0,3.0,17,6,11
142877,15,3,4,0,12,3,6,1,1,1,2,18,2,2,0.0,0.0,0.0,0.0,0.0,2.0,16,4,10
46032,15,2,3,17,10,3,0,1,1,1,2,18,2,2,0.0,0.0,0.0,0.0,0.0,2.0,15,6,4
69027,17,2,3,10,8,3,0,5,1,1,1,36,3,2,0.0,0.0,0.0,0.0,0.0,3.0,13,6,5
36067,16,2,4,8,8,3,0,1,0,1,2,18,2,4,1.0,0.0,0.0,0.0,1.0,1.0,15,5,3
7105,16,10,1,10,2,3,4,1,1,1,1,16,2,2,0.0,0.0,0.0,0.0,0.0,2.0,22,2,1
128125,16,2,3,0,15,3,0,1,1,1,2,6,2,2,0.0,0.0,0.0,0.0,0.0,2.0,18,4,9
65973,4,11,5,10,2,3,5,5,1,1,2,19,2,2,0.0,0.0,0.0,0.0,0.0,2.0,9,7,5
116854,16,2,3,10,2,3,0,1,1,1,2,19,3,2,0.0,0.0,0.0,0.0,0.0,4.0,11,1,8
173357,4,10,3,0,8,3,6,1,0,1,2,18,2,3,1.0,0.0,0.0,1.0,0.0,1.0,8,2,12
65857,16,2,3,0,6,3,0,1,0,1,2,12,2,2,0.0,0.0,0.0,0.0,0.0,2.0,14,6,5
69592,15,2,1,14,6,3,0,1,1,1,1,5,2,2,0.0,0.0,0.0,0.0,0.0,2.0,22,7,5
75794,15,2,4,2,8,3,0,1,0,1,2,26,1,2,0.0,0.0,0.0,0.0,0.0,2.0,20,3,6
181181,4,2,3,7,8,3,0,1,0,1,2,36,4,3,1.0,0.0,0.0,1.0,0.0,0.0,5,7,12
97095,16,2,3,15,3,3,0,2,1,1,1,18,2,2,0.0,0.0,0.0,0.0,0.0,2.0,13,3,7
127639,4,2,3,17,15,3,0,1,1,1,2,18,2,2,0.0,0.0,0.0,0.0,0.0,2.0,7,4,9
16908,16,10,1,10,1,3,4,1,1,1,0,39,2,2,0.0,0.0,0.0,0.0,0.0,2.0,19,2,2
26589,16,2,3,17,6,3,6,1,1,1,2,36,2,2,0.0,0.0,0.0,0.0,0.0,4.0,10,7,2
185914,16,2,3,0,6,3,4,1,1,1,2,18,2,2,0.0,0.0,0.0,0.0,0.0,2.0,15,1,12
14940,15,2,3,10,6,3,0,1,0,1,2,19,2,2,0.0,0.0,0.0,0.0,0.0,2.0,9,2,1
118326,15,2,3,0,11,3,0,1,1,1,1,5,3,2,0.0,0.0,0.0,0.0,0.0,4.0,14,3,8
26852,15,3,3,17,15,3,0,1,0,1,1,18,2,2,0.0,0.0,0.0,0.0,0.0,3.0,16,4,2
78396,16,2,3,8,6,3,0,5,0,1,0,18,2,3,1.0,0.0,0.0,1.0,0.0,1.0,15,7,6
90718,16,2,3,17,15,3,0,1,0,1,2,18,3,1,7.0,0.0,4.0,2.0,1.0,3.0,17,4,7
131584,16,11,5,15,8,3,5,5,1,1,1,18,2,2,0.0,0.0,0.0,0.0,0.0,2.0,8,2,9
39393,15,2,0,8,8,3,0,1,0,1,1,36,2,3,1.0,0.0,0.0,1.0,0.0,1.0,21,1,3
19711,16,10,1,9,8,3,6,1,0,1,2,18,3,1,2.0,0.0,1.0,1.0,0.0,1.0,17,1,2
75792,16,2,1,10,8,3,0,1,1,1,1,19,2,2,0.0,0.0,0.0,0.0,0.0,3.0,20,3,6
135351,15,2,1,0,8,3,0,1,1,1,1,5,2,2,0.0,0.0,0.0,0.0,0.0,3.0,19,3,9
102208,15,2,3,0,8,3,0,1,1,1,2,36,2,2,0.0,0.0,0.0,0.0,0.0,2.0,16,6,7
57305,16,7,1,0,1,3,6,1,0,1,1,17,2,3,2.0,0.0,0.0,2.0,0.0,1.0,20,3,5
55271,16,2,3,17,2,3,0,1,0,1,2,36,2,2,0.0,0.0,0.0,0.0,0.0,2.0,5,5,4
23545,15,7,1,9,8,3,6,1,0,1,0,36,3,1,2.0,0.0,2.0,0.0,0.0,1.0,18,2,2
36480,15,2,3,17,8,3,0,1,1,1,2,18,2,2,0.0,0.0,0.0,0.0,0.0,5.0,8,5,3
37792,16,2,3,17,8,3,0,1,1,1,1,36,2,2,0.0,0.0,0.0,0.0,0.0,5.0,16,1,3
173229,16,2,3,15,11,3,0,1,1,1,2,22,2,2,0.0,0.0,0.0,0.0,0.0,2.0,11,5,12
49503,16,2,1,10,8,3,0,5,0,1,1,8,2,4,1.0,0.0,0.0,0.0,1.0,1.0,22,3,4
43569,4,7,3,0,6,3,6,1,0,1,2,39,2,2,0.0,0.0,0.0,0.0,0.0,2.0,7,4,4
129851,16,2,3,0,8,4,0,1,1,1,2,12,2,2,0.0,0.0,0.0,0.0,0.0,2.0,10,6,9
86640,4,2,3,0,8,3,0,1,0,1,2,36,2,2,0.0,0.0,0.0,0.0,0.0,2.0,12,4,6
151741,16,2,3,17,8,3,0,1,0,1,2,36,2,3,1.0,0.0,0.0,1.0,0.0,1.0,9,6,10
77682,16,2,1,10,3,3,0,1,1,1,1,36,2,2,0.0,0.0,0.0,0.0,0.0,2.0,6,3,6
167291,15,2,3,0,6,3,0,5,1,1,2,18,2,2,0.0,0.0,0.0,0.0,0.0,2.0,10,7,11
5534,16,10,1,10,10,3,5,1,1,1,1,36,2,2,0.0,0.0,0.0,0.0,0.0,2.0,23,6,1
99828,17,2,3,17,2,3,5,5,1,1,2,36,2,2,0.0,0.0,0.0,0.0,0.0,2.0,13,4,7
67983,16,2,2,17,6,3,0,5,1,1,2,28,2,2,0.0,0.0,0.0,0.0,0.0,2.0,18,4,5
103588,16,2,3,10,10,3,0,1,1,1,1,36,2,2,0.0,0.0,0.0,0.0,0.0,2.0,12,4,7
159229,15,2,0,8,8,3,0,1,0,1,0,5,2,3,1.0,0.0,0.0,1.0,0.0,1.0,18,3,11
167788,15,2,0,0,6,3,0,1,0,1,2,18,2,2,0.0,0.0,0.0,0.0,0.0,3.0,20,6,11
16400,16,2,3,0,2,3,0,1,1,1,2,24,2,2,0.0,0.0,0.0,0.0,0.0,5.0,15,5,2
11430,4,7,3,17,8,3,0,1,0,1,2,18,3,2,0.0,0.0,0.0,0.0,0.0,2.0,11,3,1
168325,16,2,3,8,13,3,0,1,1,1,1,18,2,2,0.0,0.0,0.0,0.0,0.0,2.0,13,2,11
140030,16,7,1,15,8,3,6,1,1,1,2,15,2,2,0.0,0.0,0.0,0.0,0.0,5.0,23,6,10
87838,17,2,3,8,3,3,0,5,0,1,1,26,2,4,1.0,0.0,0.0,0.0,1.0,1.0,14,1,7
51836,16,2,3,10,2,3,0,1,1,1,1,36,2,2,0.0,0.0,0.0,0.0,0.0,2.0,15,5,4
90786,16,2,1,17,6,3,0,1,1,1,2,22,2,2,0.0,0.0,0.0,0.0,0.0,3.0,17,5,7
162823,15,2,3,10,8,3,0,1,0,1,2,19,2,4,3.0,0.0,0.0,0.0,3.0,1.0,14,1,11
135826,15,2,3,0,6,3,0,5,0,1,2,18,2,3,1.0,0.0,0.0,1.0,0.0,1.0,8,6,9
143900,16,2,3,15,6,3,0,5,0,1,2,36,2,2,0.0,0.0,0.0,0.0,0.0,2.0,7,4,10
50659,16,2,3,10,10,3,0,1,0,0,2,36,2,4,1.0,0.0,0.0,0.0,1.0,1.0,14,6,4
48286,4,2,3,0,16,3,0,1,0,1,2,18,2,2,0.0,0.0,0.0,0.0,0.0,2.0,17,4,4
72237,15,7,3,0,10,3,6,1,0,1,2,36,2,4,3.0,0.0,0.0,0.0,3.0,1.0,16,7,6
28518,15,2,1,0,8,3,5,5,0,1,2,26,2,3,1.0,0.0,0.0,1.0,0.0,2.0,21,2,3
136261,16,2,3,17,6,3,0,1,1,1,1,36,2,2,0.0,0.0,0.0,0.0,0.0,3.0,8,3,9
140405,16,2,3,17,6,3,0,1,1,1,2,19,2,2,0.0,0.0,0.0,0.0,0.0,2.0,9,7,10
69094,4,2,1,0,8,3,0,1,0,1,2,18,2,2,0.0,0.0,0.0,0.0,0.0,2.0,22,6,5
172340,16,7,1,10,8,3,6,1,1,1,1,39,2,2,0.0,0.0,0.0,0.0,0.0,7.0,2,1,12
140858,4,3,3,9,6,3,6,1,0,1,2,18,2,3,1.0,0.0,0.0,1.0,0.0,1.0,13,6,10
143457,4,2,3,17,8,3,0,5,0,1,2,36,2,4,1.0,0.0,0.0,0.0,1.0,1.0,14,5,10
150924,16,2,3,9,6,3,0,1,1,1,2,18,2,2,0.0,0.0,0.0,0.0,0.0,2.0,11,4,10
108479,16,2,3,17,8,3,0,5,0,1,2,18,3,3,4.0,0.0,0.0,2.0,2.0,0.0,15,2,8
149407,4,2,3,17,2,3,0,1,1,1,1,23,2,2,0.0,0.0,0.0,0.0,0.0,2.0,8,4,10
23102,16,2,3,0,11,3,4,2,0,1,2,6,2,2,0.0,0.0,0.0,0.0,0.0,4.0,7,1,2
20121,15,2,0,0,1,3,0,1,1,1,2,5,2,2,0.0,0.0,0.0,0.0,0.0,2.0,4,1,2
143441,15,2,3,17,8,3,0,1,1,1,2,22,2,2,0.0,0.0,0.0,0.0,0.0,2.0,12,4,10
57834,4,2,3,15,3,3,0,1,0,1,0,23,2,3,1.0,0.0,0.0,1.0,0.0,2.0,9,5,5
1967,16,2,1,9,8,3,0,1,0,1,2,36,2,3,1.0,0.0,0.0,1.0,0.0,1.0,6,5,1
7140,16,2,3,17,11,3,6,1,0,1,2,6,2,2,0.0,0.0,0.0,0.0,0.0,6.0,7,3,1
29491,16,2,3,17,6,3,0,1,1,1,2,24,2,2,0.0,0.0,0.0,0.0,0.0,2.0,6,6,3
20668,15,2,3,0,8,3,0,1,0,1,2,18,2,1,3.0,0.0,3.0,0.0,0.0,2.0,15,4,2
156056,16,2,1,0,6,3,0,5,0,1,2,36,2,2,0.0,0.0,0.0,0.0,0.0,2.0,1,3,11
73406,16,2,3,17,3,3,0,1,1,1,2,24,2,2,0.0,0.0,0.0,0.0,0.0,3.0,6,2,6
103592,16,2,3,0,1,3,0,1,1,1,2,18,2,2,0.0,0.0,0.0,0.0,0.0,2.0,13,6,7
137872,15,2,3,0,6,3,0,1,1,1,2,18,2,2,0.0,0.0,0.0,0.0,0.0,2.0,15,6,10
119669,15,2,3,10,8,3,0,1,1,1,1,19,3,2,0.0,0.0,0.0,0.0,0.0,3.0,16,2,8
92909,17,11,5,17,10,3,5,5,1,1,0,12,2,2,0.0,0.0,0.0,0.0,0.0,2.0,18,4,7
98237,16,11,1,17,2,3,5,5,0,1,1,36,2,2,0.0,0.0,0.0,0.0,0.0,2.0,2,7,7
13541,16,2,2,14,2,3,0,1,1,1,2,36,2,2,0.0,0.0,0.0,0.0,0.0,2.0,6,5,1
58681,16,2,1,15,5,3,0,1,1,1,2,4,2,2,0.0,0.0,0.0,0.0,0.0,2.0,1,5,5
132780,16,7,3,17,6,3,6,1,1,1,2,36,2,2,0.0,0.0,0.0,0.0,0.0,2.0,10,4,9
18230,16,2,3,17,6,3,0,1,1,1,2,6,2,2,0.0,0.0,0.0,0.0,0.0,2.0,15,4,2
38195,17,11,5,15,8,3,5,5,1,0,2,36,2,2,0.0,0.0,0.0,0.0,0.0,2.0,22,1,3
4415,4,7,3,17,8,3,6,1,0,1,2,36,2,2,0.0,0.0,0.0,0.0,0.0,2.0,13,4,1
23534,16,7,4,17,11,3,6,1,1,1,2,36,2,2,0.0,0.0,0.0,0.0,0.0,2.0,16,2,2
23175,15,2,3,10,8,3,6,1,0,1,2,17,2,2,0.0,0.0,0.0,0.0,0.0,2.0,11,2,2
139391,15,7,3,17,8,3,6,1,0,1,2,24,2,4,1.0,0.0,0.0,0.0,1.0,1.0,9,4,10
51197,15,2,1,0,6,3,0,1,1,1,2,6,2,2,0.0,0.0,0.0,0.0,0.0,2.0,23,7,4
175565,4,2,1,0,8,3,0,1,0,1,2,18,2,3,1.0,0.0,0.0,1.0,0.0,2.0,18,6,12
128653,16,2,3,10,3,4,0,5,1,1,1,36,2,2,0.0,0.0,0.0,0.0,0.0,2.0,7,4,9
103828,16,2,3,10,6,3,0,1,0,1,2,17,2,3,1.0,0.0,0.0,1.0,0.0,1.0,17,2,7
156889,16,2,3,10,8,3,0,1,1,1,2,26,2,2,0.0,0.0,0.0,0.0,0.0,2.0,13,5,11
181992,16,2,1,17,3,3,0,1,1,1,0,24,2,2,0.0,0.0,0.0,0.0,0.0,2.0,18,3,12
45324,15,2,1,0,6,3,6,1,0,1,2,18,2,3,2.0,0.0,0.0,2.0,0.0,0.0,19,1,4
10956,16,3,1,15,6,3,6,1,1,1,2,36,2,2,0.0,0.0,0.0,0.0,0.0,5.0,17,2,1
33207,16,2,3,15,10,4,6,1,1,0,0,36,2,2,0.0,0.0,0.0,0.0,0.0,2.0,9,6,3
155736,16,7,1,9,8,3,6,1,0,1,0,17,2,3,1.0,0.0,0.0,1.0,0.0,2.0,17,4,11
27470,16,2,1,17,2,3,0,1,0,1,2,24,2,2,0.0,0.0,0.0,0.0,0.0,2.0,4,1,2
187510,4,2,3,11,15,3,0,1,1,1,2,36,2,2,0.0,0.0,0.0,0.0,0.0,2.0,12,7,12
37033,15,7,4,0,6,3,6,1,0,1,2,18,2,2,0.0,0.0,0.0,0.0,0.0,2.0,0,7,3
127258,16,2,3,8,8,3,0,1,0,1,0,36,2,3,1.0,0.0,0.0,1.0,0.0,1.0,15,5,9
33260,16,7,1,17,5,3,6,1,0,1,2,37,6,2,0.0,0.0,0.0,0.0,0.0,8.0,20,7,3
3488,16,2,3,17,2,3,0,1,1,1,1,35,2,2,0.0,0.0,0.0,0.0,0.0,2.0,12,2,1
323,4,10,1,3,8,3,4,5,0,0,2,17,3,2,0.0,0.0,0.0,0.0,0.0,2.0,17,7,1
69184,15,3,3,0,8,3,0,3,1,1,2,18,2,2,0.0,0.0,0.0,0.0,0.0,6.0,12,6,5
108788,16,2,1,0,8,3,0,1,0,1,2,6,2,1,2.0,0.0,1.0,1.0,0.0,0.0,1,6,8
54380,16,2,3,15,8,3,0,1,1,1,2,18,2,2,0.0,0.0,0.0,0.0,0.0,2.0,12,4,4
76190,16,3,3,10,8,3,6,1,1,1,0,19,2,2,0.0,0.0,0.0,0.0,0.0,2.0,10,1,6
45757,16,2,3,17,6,3,0,1,0,1,2,17,2,2,0.0,0.0,0.0,0.0,0.0,2.0,16,2,4
131634,15,2,3,17,8,3,5,5,1,1,2,36,2,2,0.0,0.0,0.0,0.0,0.0,3.0,7,3,9
181212,16,7,3,10,6,3,6,1,0,1,2,6,3,4,1.0,0.0,0.0,0.0,1.0,2.0,11,7,12
123325,16,2,3,15,10,3,0,1,1,1,2,23,2,2,0.0,0.0,0.0,0.0,0.0,3.0,17,4,9
11905,15,2,3,0,2,3,0,1,0,1,2,36,2,3,1.0,0.0,0.0,1.0,0.0,1.0,16,2,1
153743,16,2,3,0,6,3,0,1,0,1,2,18,2,4,1.0,0.0,0.0,0.0,1.0,2.0,9,6,10
11243,15,2,4,0,17,3,0,1,1,1,1,5,2,2,0.0,0.0,0.0,0.0,0.0,2.0,18,7,1
44872,15,2,3,15,6,3,5,5,1,1,2,36,2,2,0.0,0.0,0.0,0.0,0.0,3.0,15,7,4
95627,16,2,1,10,3,3,0,1,1,1,1,22,2,2,0.0,0.0,0.0,0.0,0.0,6.0,0,2,7
47113,15,2,3,17,8,3,0,1,1,1,2,36,2,2,0.0,0.0,0.0,0.0,0.0,3.0,15,4,4
53910,16,7,3,0,6,3,6,1,0,1,2,6,2,3,1.0,0.0,0.0,1.0,0.0,2.0,15,6,4
25750,16,2,3,10,8,3,0,1,1,1,2,19,2,2,0.0,0.0,0.0,0.0,0.0,2.0,9,6,2
36029,15,7,3,0,6,3,6,1,1,1,2,18,2,2,0.0,0.0,0.0,0.0,0.0,2.0,18,4,3
181652,16,3,3,17,6,3,0,1,1,1,2,36,3,2,0.0,0.0,0.0,0.0,0.0,4.0,13,7,12
74939,16,2,3,17,6,3,5,5,1,1,2,36,2,2,0.0,0.0,0.0,0.0,0.0,2.0,9,5,6
52071,15,2,3,15,8,3,0,1,1,1,2,18,2,2,0.0,0.0,0.0,0.0,0.0,2.0,15,7,4
183282,16,2,3,17,15,3,0,1,1,1,1,17,2,2,0.0,0.0,0.0,0.0,0.0,2.0,11,6,12
148828,16,2,3,17,6,3,0,1,1,1,0,24,2,2,0.0,0.0,0.0,0.0,0.0,4.0,13,3,10
32357,15,11,1,9,6,3,5,5,0,1,2,36,2,4,1.0,0.0,0.0,0.0,1.0,1.0,23,5,3
56325,16,2,2,17,8,3,6,1,1,1,1,24,2,2,0.0,0.0,0.0,0.0,0.0,2.0,6,1,5
74887,16,2,1,8,6,3,0,1,1,1,2,22,2,2,0.0,0.0,0.0,0.0,0.0,2.0,0,3,6
26409,15,2,3,15,8,3,0,1,1,1,2,28,2,2,0.0,0.0,0.0,0.0,0.0,3.0,14,5,2
36923,16,2,3,17,6,3,0,1,0,1,1,24,2,2,0.0,0.0,0.0,0.0,0.0,3.0,18,6,3
21154,16,2,3,15,8,3,0,1,1,1,0,23,2,2,0.0,0.0,0.0,0.0,0.0,2.0,8,4,2
158595,15,2,3,0,6,3,6,1,1,1,2,18,3,2,0.0,0.0,0.0,0.0,0.0,3.0,12,3,11
146165,15,2,3,14,12,3,0,1,1,1,2,18,2,2,0.0,0.0,0.0,0.0,0.0,2.0,12,7,10
86011,16,2,1,17,3,3,0,1,0,1,2,6,2,2,0.0,0.0,0.0,0.0,0.0,4.0,21,1,6
43556,15,7,3,17,2,3,6,5,0,1,2,36,3,4,1.0,0.0,0.0,0.0,1.0,2.0,17,4,4
179000,4,2,1,9,8,3,0,1,1,1,0,21,2,2,0.0,0.0,0.0,0.0,0.0,2.0,17,5,12
13197,16,3,3,0,2,3,0,1,1,1,1,38,2,2,0.0,0.0,0.0,0.0,0.0,5.0,11,5,1
77623,16,2,3,17,2,3,0,1,1,1,0,18,2,2,0.0,0.0,0.0,0.0,0.0,3.0,16,2,6
71954,4,7,0,17,2,3,6,1,0,0,2,23,2,2,0.0,0.0,0.0,0.0,0.0,2.0,20,7,6
164293,15,2,3,0,8,3,0,1,0,1,2,36,2,3,1.0,0.0,0.0,1.0,0.0,2.0,14,6,11
104048,15,2,3,0,11,3,0,1,0,1,2,12,2,1,1.0,0.0,1.0,0.0,0.0,1.0,9,4,8
146416,16,2,1,17,8,4,0,1,1,1,2,36,2,2,0.0,0.0,0.0,0.0,0.0,2.0,5,2,10
25495,15,2,3,0,8,3,0,1,0,1,2,18,2,2,0.0,0.0,0.0,0.0,0.0,2.0,9,3,2
38796,15,7,3,0,8,3,6,1,0,1,2,12,2,2,0.0,0.0,0.0,0.0,0.0,2.0,9,5,3
170112,16,11,1,10,8,3,5,5,1,1,2,36,2,2,0.0,0.0,0.0,0.0,0.0,2.0,17,6,11
73921,15,2,3,0,11,3,0,5,1,1,2,5,2,2,0.0,0.0,0.0,0.0,0.0,2.0,15,3,6
103923,15,2,1,0,8,3,0,1,0,1,2,17,2,4,1.0,0.0,0.0,0.0,1.0,1.0,22,4,7
169895,16,2,3,13,6,3,0,1,0,1,2,17,2,3,1.0,0.0,0.0,1.0,0.0,2.0,15,6,11
124993,4,2,3,0,10,3,0,1,1,1,0,18,2,2,0.0,0.0,0.0,0.0,0.0,2.0,8,7,9
137208,16,2,0,10,8,3,0,1,0,1,2,19,2,4,1.0,0.0,0.0,0.0,1.0,3.0,20,2,9