crash_date,               traffic_control_device,weather_condition,lighting_condition,first_crash_type,trafficway_type,alignment,roadway_surface_cond,road_defect,crash_type,intersection_related_i,damage,prim_contributory_cause,num_units,most_severe_injury,injuries_total,injuries_fatal,injuries_incapacitating,injuries_non_incapacitating,injuries_reported_not_evident,injuries_no_indication,crash_hour,crash_day_of_week,crash_month
83430,16,2,1,17,2,3,0,5,1,1,2,24,2,2,0.0,0.0,0.0,0.0,0.0,2.0,21,3,6
36419,16,7,3,17,8,3,6,1,1,1,2,24,2,2,0.0,0.0,0.0,0.0,0.0,2.0,17,4,3
116390,16,2,1,15,8,3,0,1,1,1,2,36,2,2,0.0,0.0,0.0,0.0,0.0,2.0,22,2,8
163253,16,7,1,17,6,3,6,1,0,1,2,18,2,2,0.0,0.0,0.0,0.0,0.0,2.0,19,7,11
37261,16,7,1,17,2,3,6,1,1,1,2,18,2,2,0.0,0.0,0.0,0.0,0.0,2.0,5,4,3
149008,16,2,1,0,6,3,0,1,0,1,2,6,2,2,0.0,0.0,0.0,0.0,0.0,2.0,23,5,10
23524,4,7,3,15,8,3,6,1,1,1,1,36,2,2,0.0,0.0,0.0,0.0,0.0,2.0,13,2,2
92128,16,2,3,10,10,3,0,5,0,1,2,19,2,4,1.0,0.0,0.0,0.0,1.0,1.0,10,5,7
63607,16,2,3,10,2,3,0,1,1,1,1,8,2,2,0.0,0.0,0.0,0.0,0.0,2.0,17,3,5
174637,15,11,5,0,6,3,5,5,1,1,2,18,2,2,0.0,0.0,0.0,0.0,0.0,2.0,6,1,12
87912,16,2,3,17,8,3,0,1,1,1,2,36,2,2,0.0,0.0,0.0,0.0,0.0,2.0,16,2,7
183092,4,2,0,17,8,3,0,1,1,1,2,36,2,2,0.0,0.0,0.0,0.0,0.0,2.0,18,4,12
105385,15,2,1,0,6,3,0,1,0,1,2,18,2,3,1.0,0.0,0.0,1.0,0.0,2.0,22,3,8
182364,16,2,3,0,6,3,0,1,0,1,2,6,3,4,1.0,0.0,0.0,0.0,1.0,4.0,12,2,12
179249,15,2,3,0,6,3,0,1,0,1,2,18,3,2,0.0,0.0,0.0,0.0,0.0,4.0,15,3,12
131010,4,2,3,8,8,3,0,5,0,1,2,11,2,3,1.0,0.0,0.0,1.0,0.0,1.0,14,2,9
89853,16,2,3,10,11,3,0,1,1,1,2,17,2,2,0.0,0.0,0.0,0.0,0.0,2.0,16,4,7
159751,16,2,1,7,8,3,0,1,1,1,0,24,2,2,0.0,0.0,0.0,0.0,0.0,2.0,17,4,11
103606,4,2,3,15,10,3,0,1,0,1,2,36,2,2,0.0,0.0,0.0,0.0,0.0,5.0,15,6,7
183634,15,2,1,0,8,3,0,1,1,1,0,5,2,2,0.0,0.0,0.0,0.0,0.0,2.0,15,5,12
121327,15,2,3,17,6,3,0,1,0,1,2,18,2,2,0.0,0.0,0.0,0.0,0.0,2.0,8,4,9
22757,16,2,3,10,8,3,6,1,1,1,2,17,2,2,0.0,0.0,0.0,0.0,0.0,2.0,15,4,2
139146,15,2,3,0,6,3,0,1,0,1,2,18,2,3,1.0,0.0,0.0,1.0,0.0,1.0,14,2,10
47136,16,2,3,17,10,3,0,1,0,1,2,6,2,2,0.0,0.0,0.0,0.0,0.0,2.0,13,5,4
32711,16,2,3,17,6,3,0,1,0,1,1,36,2,2,0.0,0.0,0.0,0.0,0.0,2.0,13,5,3
15141,4,2,3,7,12,3,0,1,1,0,1,21,2,2,0.0,0.0,0.0,0.0,0.0,1.0,9,5,2
123754,15,2,3,10,3,3,0,5,0,1,1,36,2,4,1.0,0.0,0.0,0.0,1.0,2.0,17,6,9
33457,4,2,1,9,10,3,0,1,0,0,2,18,2,3,1.0,0.0,0.0,1.0,0.0,2.0,5,3,3
2352,16,2,1,10,2,3,0,1,1,0,1,19,2,2,0.0,0.0,0.0,0.0,0.0,2.0,17,1,1
56555,16,2,1,17,8,3,0,1,0,1,2,36,2,2,0.0,0.0,0.0,0.0,0.0,3.0,20,4,5
144793,15,2,1,7,8,3,0,1,0,0,2,36,2,2,0.0,0.0,0.0,0.0,0.0,1.0,4,1,10
148332,16,2,1,0,2,3,0,1,0,1,2,6,2,3,2.0,0.0,0.0,2.0,0.0,3.0,4,3,10
27077,16,2,1,9,6,3,0,1,1,1,0,18,2,2,0.0,0.0,0.0,0.0,0.0,2.0,3,1,2
152179,16,7,1,0,1,3,6,1,0,1,2,18,2,3,1.0,0.0,0.0,1.0,0.0,1.0,18,4,10
78945,15,2,3,0,8,3,0,1,1,1,1,5,2,2,0.0,0.0,0.0,0.0,0.0,2.0,11,6,6
79543,2,2,3,0,6,3,0,5,0,1,1,6,2,2,0.0,0.0,0.0,0.0,0.0,4.0,13,2,6
176565,16,2,1,0,8,3,0,1,1,1,2,36,2,2,0.0,0.0,0.0,0.0,0.0,2.0,21,7,12
28025,15,2,1,0,6,3,0,1,1,1,2,18,2,2,0.0,0.0,0.0,0.0,0.0,2.0,1,4,2
174541,16,2,5,10,8,3,0,1,1,1,2,19,2,2,0.0,0.0,0.0,0.0,0.0,2.0,16,7,12
45295,16,7,3,17,8,3,6,1,1,1,2,24,2,2,0.0,0.0,0.0,0.0,0.0,2.0,13,1,4
42226,16,7,0,17,6,3,6,1,0,1,2,36,2,3,1.0,0.0,0.0,1.0,0.0,1.0,20,1,3
40272,16,2,1,8,8,3,0,5,0,1,1,18,2,3,1.0,0.0,0.0,1.0,0.0,1.0,20,4,3
102830,16,11,3,10,6,3,5,5,0,1,2,36,4,2,0.0,0.0,0.0,0.0,0.0,3.0,17,2,7
9458,4,7,1,9,2,3,6,1,0,1,1,18,2,3,1.0,0.0,0.0,1.0,0.0,1.0,18,5,1
139420,15,2,3,0,8,3,0,1,0,1,2,18,2,3,2.0,0.0,0.0,1.0,1.0,1.0,15,5,10
133621,4,2,1,9,8,3,0,1,0,1,0,17,2,3,1.0,0.0,0.0,1.0,0.0,2.0,19,1,9
176124,16,2,1,9,2,3,0,1,0,1,2,18,2,3,1.0,0.0,0.0,1.0,0.0,1.0,0,7,12
141762,16,2,3,10,8,3,6,1,1,1,0,19,2,2,0.0,0.0,0.0,0.0,0.0,4.0,7,2,10
181143,16,10,3,17,8,3,5,5,1,1,2,18,2,2,0.0,0.0,0.0,0.0,0.0,2.0,11,6,12
169854,15,2,1,0,8,3,6,1,0,1,2,18,2,3,2.0,0.0,0.0,2.0,0.0,1.0,3,5,11
129428,15,2,3,0,6,3,0,1,0,1,2,36,2,3,2.0,0.0,0.0,2.0,0.0,2.0,17,2,9
85026,16,3,3,9,6,3,0,6,0,1,0,36,2,4,1.0,0.0,0.0,0.0,1.0,1.0,17,7,6
100846,16,2,1,0,1,3,0,1,0,1,2,36,2,3,1.0,0.0,0.0,1.0,0.0,1.0,23,5,7
51985,16,2,1,10,6,3,0,1,0,1,2,19,4,2,0.0,0.0,0.0,0.0,0.0,5.0,20,7,4
14926,4,2,3,17,8,3,0,1,1,0,2,18,2,2,0.0,0.0,0.0,0.0,0.0,4.0,8,2,1
149142,17,2,4,15,2,3,0,5,1,1,1,36,2,2,0.0,0.0,0.0,0.0,0.0,2.0,18,4,10
59230,15,2,3,17,6,3,0,1,1,1,1,24,2,2,0.0,0.0,0.0,0.0,0.0,3.0,18,6,5
127262,16,2,3,10,2,3,0,1,0,1,2,19,3,4,4.0,0.0,0.0,0.0,4.0,1.0,16,5,9
41426,4,2,4,10,8,3,0,1,1,0,1,17,2,2,0.0,0.0,0.0,0.0,0.0,3.0,16,6,3
83404,16,2,3,15,8,3,0,5,1,1,2,23,2,2,0.0,0.0,0.0,0.0,0.0,2.0,15,3,6
86226,16,3,3,15,8,3,0,1,1,1,2,36,2,2,0.0,0.0,0.0,0.0,0.0,3.0,8,3,6
76396,16,2,3,17,8,3,0,1,0,1,2,36,2,4,1.0,0.0,0.0,0.0,1.0,2.0,15,6,6
181686,16,2,3,15,8,3,0,1,1,1,2,26,2,2,0.0,0.0,0.0,0.0,0.0,2.0,18,7,12
169692,15,10,3,17,2,3,6,5,1,1,1,24,2,2,0.0,0.0,0.0,0.0,0.0,4.0,16,2,11
47258,4,2,3,17,8,3,0,1,1,1,2,4,2,2,0.0,0.0,0.0,0.0,0.0,5.0,9,6,4
149934,16,2,3,17,6,3,0,1,0,1,2,36,2,3,1.0,0.0,0.0,1.0,0.0,1.0,7,3,10
18128,15,2,3,0,8,3,0,1,1,1,2,18,3,2,0.0,0.0,0.0,0.0,0.0,3.0,15,2,2
162906,4,2,3,7,8,3,0,1,1,1,2,12,2,2,0.0,0.0,0.0,0.0,0.0,1.0,8,2,11
110198,16,2,1,8,2,3,0,1,0,1,0,18,2,3,1.0,0.0,0.0,1.0,0.0,1.0,20,6,8
141390,15,2,3,10,3,4,0,1,1,0,0,26,2,2,0.0,0.0,0.0,0.0,0.0,2.0,9,5,10
160601,15,11,5,15,10,3,5,1,1,1,1,23,2,2,0.0,0.0,0.0,0.0,0.0,2.0,14,4,11
95552,4,2,1,0,8,3,0,1,0,1,2,18,2,2,0.0,0.0,0.0,0.0,0.0,2.0,3,1,7
142614,16,2,3,17,8,3,0,1,1,1,2,19,2,2,0.0,0.0,0.0,0.0,0.0,2.0,14,2,10
68012,16,2,3,10,8,3,0,1,1,1,0,36,2,2,0.0,0.0,0.0,0.0,0.0,2.0,11,4,5
50482,15,3,3,17,8,3,5,5,1,1,1,23,2,2,0.0,0.0,0.0,0.0,0.0,3.0,14,2,4
164083,16,2,2,0,8,3,0,1,0,1,2,6,2,3,2.0,0.0,0.0,2.0,0.0,1.0,5,4,11
96213,4,2,3,0,3,3,0,1,0,1,2,18,2,3,1.0,0.0,0.0,1.0,0.0,1.0,10,4,7
117040,15,7,0,0,6,3,6,1,1,1,2,5,3,2,0.0,0.0,0.0,0.0,0.0,3.0,20,5,8
172665,16,2,1,9,10,3,6,1,0,1,2,18,3,3,2.0,0.0,0.0,2.0,0.0,1.0,23,6,12
34130,16,2,1,2,6,3,0,1,0,1,2,36,1,2,0.0,0.0,0.0,0.0,0.0,3.0,4,1,3
135217,16,7,3,17,6,3,6,1,0,1,2,18,2,3,2.0,0.0,0.0,2.0,0.0,0.0,7,3,9
102000,16,2,3,0,8,3,0,1,0,1,2,36,2,2,0.0,0.0,0.0,0.0,0.0,2.0,13,3,7
149553,4,2,1,17,8,3,0,1,0,1,2,36,2,3,2.0,0.0,0.0,2.0,0.0,1.0,21,6,10
83458,16,2,3,17,6,3,0,5,0,1,2,18,2,1,3.0,0.0,1.0,0.0,2.0,0.0,13,4,6
108892,4,2,3,8,8,3,0,1,1,1,1,18,2,2,0.0,0.0,0.0,0.0,0.0,2.0,18,7,8
163833,4,2,3,7,6,3,0,1,1,1,1,12,2,2,0.0,0.0,0.0,0.0,0.0,1.0,10,6,11
35132,15,2,3,0,6,3,5,5,1,1,2,36,2,2,0.0,0.0,0.0,0.0,0.0,2.0,17,3,3
113939,16,3,3,0,15,3,0,1,1,1,2,39,2,2,0.0,0.0,0.0,0.0,0.0,3.0,7,7,8
117550,15,11,3,17,8,3,5,1,1,1,2,36,2,2,0.0,0.0,0.0,0.0,0.0,2.0,18,6,8
174349,16,2,1,0,8,3,0,1,0,1,2,6,2,2,0.0,0.0,0.0,0.0,0.0,3.0,17,3,12
130837,15,2,3,9,6,3,0,1,0,1,2,38,2,4,1.0,0.0,0.0,0.0,1.0,2.0,7,5,9
178087,16,2,1,0,6,3,6,1,0,1,2,36,2,2,0.0,0.0,0.0,0.0,0.0,3.0,2,1,12
113182,16,7,1,15,2,3,6,5,0,1,2,26,2,2,0.0,0.0,0.0,0.0,0.0,4.0,4,1,8
45217,16,7,3,17,8,3,6,1,1,1,1,26,2,2,0.0,0.0,0.0,0.0,0.0,2.0,9,5,4
8702,16,2,3,10,8,3,0,1,1,1,1,19,2,2,0.0,0.0,0.0,0.0,0.0,2.0,8,5,1
69642,15,2,1,17,15,3,6,1,1,1,2,36,2,2,0.0,0.0,0.0,0.0,0.0,2.0,22,2,5
41631,16,7,4,15,2,3,6,1,1,1,1,12,2,2,0.0,0.0,0.0,0.0,0.0,4.0,14,4,3
180690,4,2,3,0,6,3,0,1,0,1,2,26,2,2,0.0,0.0,0.0,0.0,0.0,2.0,12,1,12
18809,16,10,1,0,8,3,4,1,0,1,2,39,3,4,1.0,0.0,0.0,0.0,1.0,4.0,18,6,2
157163,15,2,3,0,15,3,0,1,0,1,2,36,2,2,0.0,0.0,0.0,0.0,0.0,2.0,7,4,11
157714,16,2,3,10,2,3,0,1,0,1,2,13,2,4,1.0,0.0,0.0,0.0,1.0,2.0,12,4,11
63092,16,7,3,17,3,3,6,1,1,1,2,12,2,2,0.0,0.0,0.0,0.0,0.0,4.0,10,3,5
90935,16,2,3,15,2,3,0,1,1,1,0,22,2,2,0.0,0.0,0.0,0.0,0.0,2.0,11,6,7
20798,15,10,3,10,6,3,4,1,1,1,0,17,2,2,0.0,0.0,0.0,0.0,0.0,4.0,8,5,2
117175,16,2,1,17,6,3,0,1,0,1,2,18,2,2,0.0,0.0,0.0,0.0,0.0,3.0,20,1,8
7117,16,2,3,10,8,3,0,1,0,1,2,17,2,3,1.0,0.0,0.0,1.0,0.0,2.0,15,3,1
78327,15,7,3,17,8,3,6,1,0,1,2,36,2,2,0.0,0.0,0.0,0.0,0.0,2.0,6,5,6
14390,15,10,3,0,8,3,4,1,0,1,2,36,2,2,0.0,0.0,0.0,0.0,0.0,4.0,16,7,1
125821,16,2,1,0,15,3,0,1,0,1,1,6,2,1,1.0,0.0,1.0,0.0,0.0,1.0,1,7,9
113124,15,2,1,10,2,3,0,1,0,1,2,19,2,2,0.0,0.0,0.0,0.0,0.0,2.0,19,7,8
77367,16,2,3,0,2,3,0,1,0,1,2,36,2,2,0.0,0.0,0.0,0.0,0.0,2.0,19,6,6
164335,16,11,3,15,8,3,5,5,1,1,2,36,2,2,0.0,0.0,0.0,0.0,0.0,2.0,9,6,11
59731,15,2,3,0,6,3,0,1,1,1,2,34,2,2,0.0,0.0,0.0,0.0,0.0,3.0,14,7,5
97567,16,2,0,17,8,3,0,1,0,1,2,18,2,4,1.0,0.0,0.0,0.0,1.0,6.0,23,4,7
60646,16,2,3,17,8,3,0,1,1,1,1,36,2,2,0.0,0.0,0.0,0.0,0.0,2.0,14,6,5
52197,16,2,3,10,8,3,0,1,1,1,1,36,2,2,0.0,0.0,0.0,0.0,0.0,2.0,16,3,4
144907,16,7,3,17,2,3,6,1,1,1,2,6,2,2,0.0,0.0,0.0,0.0,0.0,2.0,16,4,10
149617,16,2,3,17,15,3,0,1,1,1,2,24,2,2,0.0,0.0,0.0,0.0,0.0,2.0,8,7,10
133680,16,2,1,17,2,3,0,5,1,1,2,18,2,2,0.0,0.0,0.0,0.0,0.0,3.0,18,2,9
13716,16,10,3,10,8,3,4,1,1,1,2,17,2,2,0.0,0.0,0.0,0.0,0.0,2.0,12,7,1
30284,16,2,3,0,8,3,0,1,1,1,2,36,2,2,0.0,0.0,0.0,0.0,0.0,2.0,7,6,3
51067,16,2,3,17,10,3,0,1,1,1,2,24,2,2,0.0,0.0,0.0,0.0,0.0,2.0,12,4,4
85138,17,3,3,7,6,3,5,5,1,1,2,36,2,2,0.0,0.0,0.0,0.0,0.0,1.0,17,3,6
46595,16,2,3,0,2,3,0,1,1,1,2,36,2,2,0.0,0.0,0.0,0.0,0.0,2.0,17,2,4
48730,4,2,3,15,2,3,5,1,1,1,0,23,2,2,0.0,0.0,0.0,0.0,0.0,2.0,11,4,4
180951,17,11,5,15,8,3,5,5,1,1,2,23,2,2,0.0,0.0,0.0,0.0,0.0,2.0,11,2,12
61492,16,2,3,17,6,3,0,5,0,1,2,36,2,2,0.0,0.0,0.0,0.0,0.0,3.0,15,7,5
37608,15,2,3,10,8,3,0,1,1,1,2,17,2,2,0.0,0.0,0.0,0.0,0.0,2.0,22,3,3
7910,16,2,3,3,1,3,0,1,0,1,2,24,2,3,1.0,0.0,0.0,1.0,0.0,3.0,12,1,1
186819,16,2,3,10,8,3,0,1,0,1,2,19,3,3,2.0,0.0,0.0,2.0,0.0,2.0,15,3,12
39539,15,2,3,0,6,3,0,1,1,1,2,36,2,2,0.0,0.0,0.0,0.0,0.0,2.0,12,5,3
35426,4,2,3,17,8,3,0,1,1,1,1,38,2,2,0.0,0.0,0.0,0.0,0.0,4.0,15,7,3
10417,4,3,1,10,2,3,0,5,1,1,2,26,2,2,0.0,0.0,0.0,0.0,0.0,2.0,19,7,1
164529,4,2,3,15,10,3,0,1,1,1,2,26,2,2,0.0,0.0,0.0,0.0,0.0,2.0,10,3,11
53795,4,2,3,17,0,3,0,5,1,1,0,18,2,2,0.0,0.0,0.0,0.0,0.0,3.0,7,3,4
131147,16,2,3,15,8,3,0,1,0,1,2,23,2,4,2.0,0.0,0.0,0.0,2.0,1.0,15,5,9
33448,16,2,3,10,8,3,0,1,0,1,1,36,2,3,1.0,0.0,0.0,1.0,0.0,1.0,16,3,3
151513,16,2,3,17,8,3,0,1,0,1,2,18,2,2,0.0,0.0,0.0,0.0,0.0,3.0,10,5,10
107107,16,2,3,17,6,3,5,5,0,1,2,6,2,4,1.0,0.0,0.0,0.0,1.0,2.0,11,1,8
86265,6,11,3,15,11,3,5,5,1,1,1,36,2,2,0.0,0.0,0.0,0.0,0.0,2.0,11,4,6
122873,16,7,1,10,2,3,6,1,1,1,2,36,3,2,0.0,0.0,0.0,0.0,0.0,3.0,21,4,9
185184,16,2,3,10,6,3,0,1,0,1,1,19,2,2,0.0,0.0,0.0,0.0,0.0,2.0,8,2,12
26882,15,10,3,17,8,3,4,1,0,1,2,36,2,2,0.0,0.0,0.0,0.0,0.0,4.0,7,4,2
128750,15,2,3,0,8,3,0,1,1,1,2,18,2,2,0.0,0.0,0.0,0.0,0.0,2.0,12,5,9
66650,15,2,3,17,6,3,0,1,0,1,2,18,2,3,1.0,0.0,0.0,1.0,0.0,1.0,15,4,5
74237,16,2,3,10,2,3,0,1,1,1,1,36,2,2,0.0,0.0,0.0,0.0,0.0,3.0,18,1,6
132596,16,2,1,17,8,3,0,1,1,1,1,18,2,2,0.0,0.0,0.0,0.0,0.0,3.0,0,7,9
129687,15,3,3,17,6,3,0,1,1,1,2,18,2,2,0.0,0.0,0.0,0.0,0.0,2.0,8,3,9
44622,16,2,3,15,2,3,0,1,1,1,2,36,2,2,0.0,0.0,0.0,0.0,0.0,2.0,17,7,4
150284,15,2,1,9,6,3,0,1,0,1,1,18,2,3,1.0,0.0,0.0,1.0,0.0,1.0,20,3,10
157713,15,2,3,0,6,3,0,1,0,1,2,36,2,2,0.0,0.0,0.0,0.0,0.0,2.0,12,4,11
105109,16,7,1,14,10,3,6,1,1,1,1,21,2,2,0.0,0.0,0.0,0.0,0.0,2.0,21,5,8
48222,16,10,3,0,2,3,4,1,0,1,2,6,2,2,0.0,0.0,0.0,0.0,0.0,3.0,11,1,4
92931,4,7,3,17,2,3,6,1,0,1,2,39,2,3,1.0,0.0,0.0,1.0,0.0,2.0,8,4,7
75558,16,2,1,17,1,3,0,1,0,1,1,24,2,2,0.0,0.0,0.0,0.0,0.0,2.0,2,6,6
113821,16,2,3,8,2,3,0,1,1,1,0,36,2,2,0.0,0.0,0.0,0.0,0.0,4.0,11,5,8
82211,16,7,3,0,8,3,6,1,0,1,2,3,3,3,4.0,0.0,0.0,4.0,0.0,1.0,9,5,6
71605,16,2,3,15,2,3,0,1,1,1,1,17,2,2,0.0,0.0,0.0,0.0,0.0,2.0,14,4,5
68117,15,2,3,17,8,3,5,5,1,1,2,36,2,2,0.0,0.0,0.0,0.0,0.0,2.0,13,5,5
70176,15,2,3,0,11,3,0,5,0,1,2,18,2,4,5.0,0.0,0.0,0.0,5.0,1.0,13,2,5
7078,16,2,3,0,3,3,0,1,1,1,2,36,2,2,0.0,0.0,0.0,0.0,0.0,2.0,15,2,1
49014,16,2,3,15,8,3,0,1,1,1,2,23,2,2,0.0,0.0,0.0,0.0,0.0,3.0,9,7,4
173714,16,2,1,0,6,3,5,5,0,1,2,6,2,2,0.0,0.0,0.0,0.0,0.0,5.0,23,3,12
23321,4,2,0,17,8,3,0,1,1,1,2,21,2,2,0.0,0.0,0.0,0.0,0.0,2.0,19,6,2
99168,16,2,3,10,6,3,0,1,1,1,1,36,2,2,0.0,0.0,0.0,0.0,0.0,2.0,15,2,7
133712,16,2,3,10,8,3,0,1,0,1,2,19,2,2,0.0,0.0,0.0,0.0,0.0,2.0,12,2,9
135980,16,2,3,17,8,3,0,1,1,1,2,36,2,2,0.0,0.0,0.0,0.0,0.0,2.0,13,6,9
8772,15,2,1,10,10,3,0,1,1,1,2,28,2,2,0.0,0.0,0.0,0.0,0.0,2.0,18,6,1
10905,16,2,1,10,19,3,6,1,1,1,1,19,2,2,0.0,0.0,0.0,0.0,0.0,2.0,18,1,1
13988,16,2,3,0,8,3,0,1,0,1,2,6,2,2,0.0,0.0,0.0,0.0,0.0,2.0,9,6,1
10302,15,2,1,0,15,3,0,1,1,1,2,5,2,2,0.0,0.0,0.0,0.0,0.0,3.0,20,5,1
54556,16,2,3,10,2,3,0,5,1,1,1,19,2,2,0.0,0.0,0.0,0.0,0.0,2.0,15,6,4
149935,16,7,3,17,2,3,6,1,0,1,2,18,2,3,1.0,0.0,0.0,1.0,0.0,1.0,7,3,10
19425,4,10,3,10,8,3,4,1,0,0,1,36,2,2,0.0,0.0,0.0,0.0,0.0,3.0,15,4,2
135030,4,2,1,7,2,3,0,1,0,0,2,36,2,2,0.0,0.0,0.0,0.0,0.0,1.0,3,7,9
25355,4,7,3,17,11,3,6,1,1,1,2,30,2,2,0.0,0.0,0.0,0.0,0.0,2.0,16,7,2
179596,4,2,1,10,8,3,0,1,1,1,1,17,2,2,0.0,0.0,0.0,0.0,0.0,2.0,17,6,12
103747,15,2,3,0,6,3,0,5,0,1,2,36,2,4,1.0,0.0,0.0,0.0,1.0,1.0,13,1,7
51594,16,2,3,15,6,3,0,1,1,1,2,18,2,2,0.0,0.0,0.0,0.0,0.0,2.0,16,1,4
38595,15,3,3,0,8,5,0,5,0,1,2,18,2,2,0.0,0.0,0.0,0.0,0.0,2.0,9,7,3
88239,4,2,3,15,6,3,0,1,0,1,2,22,2,3,1.0,0.0,0.0,1.0,0.0,2.0,17,2,7
86480,4,2,3,17,8,3,0,1,0,1,2,36,2,2,0.0,0.0,0.0,0.0,0.0,3.0,14,2,6
127225,16,7,3,10,2,3,6,1,1,1,0,19,6,2,0.0,0.0,0.0,0.0,0.0,3.0,9,4,9
91854,17,2,3,15,2,3,5,5,1,1,2,23,2,2,0.0,0.0,0.0,0.0,0.0,2.0,13,2,7
143285,16,2,0,0,8,3,0,1,0,1,2,36,2,2,0.0,0.0,0.0,0.0,0.0,2.0,4,5,10
32702,4,2,3,17,6,3,0,1,0,1,2,18,2,2,0.0,0.0,0.0,0.0,0.0,2.0,9,4,3
158753,16,2,1,17,2,3,0,1,0,1,2,18,2,3,1.0,0.0,0.0,1.0,0.0,4.0,20,3,11
70151,15,2,3,0,8,3,0,1,1,1,2,18,2,2,0.0,0.0,0.0,0.0,0.0,2.0,11,3,5
112887,4,2,3,8,8,3,0,1,0,1,1,18,2,3,1.0,0.0,0.0,1.0,0.0,1.0,3,5,8
80956,15,2,3,0,2,3,0,1,0,1,2,36,2,4,1.0,0.0,0.0,0.0,1.0,3.0,8,1,6
86254,15,2,3,0,8,3,0,1,1,1,1,36,2,2,0.0,0.0,0.0,0.0,0.0,2.0,8,4,6
34864,15,2,3,15,8,3,0,1,1,1,2,23,2,2,0.0,0.0,0.0,0.0,0.0,2.0,15,5,3
172567,16,2,3,17,8,3,0,1,1,1,1,6,2,2,0.0,0.0,0.0,0.0,0.0,2.0,12,5,12
92089,16,2,3,17,3,3,0,1,1,1,2,22,2,2,0.0,0.0,0.0,0.0,0.0,2.0,12,3,7
41322,15,2,3,0,15,3,0,1,1,1,1,18,2,2,0.0,0.0,0.0,0.0,0.0,2.0,15,6,3
116507,15,2,1,1,15,4,0,1,1,1,0,0,1,2,0.0,0.0,0.0,0.0,0.0,1.0,20,4,8
132509,15,2,3,17,8,3,0,1,1,1,2,18,2,2,0.0,0.0,0.0,0.0,0.0,2.0,9,6,9
130399,16,2,1,17,6,3,0,1,1,1,2,24,2,2,0.0,0.0,0.0,0.0,0.0,6.0,20,7,9
153081,16,2,4,10,8,3,0,1,1,1,2,36,2,2,0.0,0.0,0.0,0.0,0.0,2.0,17,4,10
22497,16,2,1,10,10,3,0,1,1,1,2,17,2,2,0.0,0.0,0.0,0.0,0.0,3.0,19,6,2
81895,15,2,3,17,15,3,0,1,1,1,1,36,2,2,0.0,0.0,0.0,0.0,0.0,3.0,18,1,6
49948,4,7,3,0,8,3,6,1,0,1,2,18,2,2,0.0,0.0,0.0,0.0,0.0,2.0,14,5,4
164370,15,2,4,0,8,3,6,1,0,1,2,18,2,1,3.0,0.0,1.0,1.0,1.0,0.0,16,7,11
22489,16,2,3,17,6,3,0,1,1,1,0,12,2,2,0.0,0.0,0.0,0.0,0.0,2.0,17,6,2
55729,16,3,3,17,2,3,6,1,1,1,1,18,2,2,0.0,0.0,0.0,0.0,0.0,3.0,9,5,4
151790,15,2,3,0,6,3,0,1,0,1,2,36,2,3,1.0,0.0,0.0,1.0,0.0,1.0,10,1,10
73438,15,2,3,17,2,3,0,1,0,1,2,18,2,4,1.0,0.0,0.0,0.0,1.0,3.0,12,2,6
10387,16,2,3,0,6,4,0,1,0,1,2,17,4,2,0.0,0.0,0.0,0.0,0.0,4.0,12,6,1
91772,15,2,3,17,2,3,0,1,0,1,2,24,2,2,0.0,0.0,0.0,0.0,0.0,2.0,12,6,7
13724,15,7,1,0,6,3,6,1,1,1,2,36,2,2,0.0,0.0,0.0,0.0,0.0,3.0,2,1,1
159230,15,2,0,10,8,3,0,1,1,1,1,17,3,2,0.0,0.0,0.0,0.0,0.0,5.0,18,3,11
9181,4,2,3,0,8,3,0,1,1,1,2,26,2,2,0.0,0.0,0.0,0.0,0.0,2.0,15,6,1
162840,16,2,1,17,6,3,0,1,1,1,2,6,2,2,0.0,0.0,0.0,0.0,0.0,3.0,18,1,11
178799,16,3,4,17,8,3,0,5,0,1,2,22,2,3,1.0,0.0,0.0,1.0,0.0,1.0,17,5,12
167266,15,2,0,0,10,3,0,5,0,1,2,18,2,4,1.0,0.0,0.0,0.0,1.0,3.0,16,7,11
128669,16,2,1,10,8,3,0,1,1,1,1,19,2,2,0.0,0.0,0.0,0.0,0.0,2.0,21,4,9
130466,15,2,3,10,2,3,0,1,1,1,2,19,2,2,0.0,0.0,0.0,0.0,0.0,2.0,18,1,9
136707,16,7,3,9,9,3,6,1,0,1,0,36,2,3,1.0,0.0,0.0,1.0,0.0,1.0,10,1,9
117075,9,3,3,2,8,3,0,1,0,1,2,3,1,2,0.0,0.0,0.0,0.0,0.0,1.0,14,6,8
76907,16,2,2,17,8,3,0,1,0,1,2,36,2,2,0.0,0.0,0.0,0.0,0.0,2.0,4,6,6
78857,15,2,3,0,8,3,0,1,0,1,2,38,2,4,2.0,0.0,0.0,0.0,2.0,1.0,12,5,6
173023,16,2,2,17,2,3,0,1,1,1,1,24,2,2,0.0,0.0,0.0,0.0,0.0,2.0,18,5,12
175450,15,2,3,0,2,3,0,1,0,1,2,18,2,2,0.0,0.0,0.0,0.0,0.0,2.0,9,4,12
166165,16,2,3,17,8,3,0,1,0,1,2,18,2,2,0.0,0.0,0.0,0.0,0.0,4.0,14,5,11
31561,16,2,1,0,2,3,0,1,0,1,2,6,2,4,3.0,0.0,0.0,0.0,3.0,0.0,20,6,3
16507,16,2,1,8,8,3,0,1,1,1,0,18,2,2,0.0,0.0,0.0,0.0,0.0,2.0,18,2,2