crash_date,               traffic_control_device,weather_condition,lighting_condition,first_crash_type,trafficway_type,alignment,roadway_surface_cond,road_defect,crash_type,intersection_related_i,damage,prim_contributory_cause,num_units,most_severe_injury,injuries_total,injuries_fatal,injuries_incapacitating,injuries_non_incapacitating,injuries_reported_not_evident,injuries_no_indication,crash_hour,crash_day_of_week,crash_month
38533,16,2,3,10,2,3,0,1,1,1,0,36,2,2,0.0,0.0,0.0,0.0,0.0,3.0,9,6,3
186039,15,7,1,17,2,3,6,1,0,1,2,36,2,2,0.0,0.0,0.0,0.0,0.0,5.0,16,7,12
172872,4,2,3,17,8,3,0,1,0,1,2,18,2,2,0.0,0.0,0.0,0.0,0.0,3.0,9,1,12
78584,16,7,3,10,2,3,6,1,1,1,2,19,2,2,0.0,0.0,0.0,0.0,0.0,2.0,13,3,6
100687,16,2,3,17,6,3,0,1,0,1,2,23,2,3,1.0,0.0,0.0,1.0,0.0,1.0,16,5,7
103565,16,2,3,10,6,3,0,1,1,1,0,36,2,2,0.0,0.0,0.0,0.0,0.0,2.0,8,4,7
97119,16,2,3,10,8,3,0,1,1,1,2,19,2,2,0.0,0.0,0.0,0.0,0.0,2.0,15,4,7
145985,15,2,3,17,6,3,0,1,1,1,1,18,2,2,0.0,0.0,0.0,0.0,0.0,4.0,14,5,10
140403,4,2,3,17,15,3,0,1,0,1,2,36,2,2,0.0,0.0,0.0,0.0,0.0,3.0,9,7,10
74745,16,2,1,0,8,3,0,1,0,1,2,36,2,3,2.0,0.0,0.0,2.0,0.0,0.0,0,1,6
88980,16,2,3,17,15,3,6,1,1,1,2,22,2,2,0.0,0.0,0.0,0.0,0.0,2.0,8,4,7
149793,4,7,1,17,8,3,6,5,0,1,2,18,2,4,1.0,0.0,0.0,0.0,1.0,2.0,18,1,10
104714,4,2,3,17,8,3,0,1,0,0,2,24,2,3,1.0,0.0,0.0,1.0,0.0,1.0,9,6,8
62380,16,2,3,8,8,3,0,1,0,1,2,18,2,3,1.0,0.0,0.0,1.0,0.0,2.0,16,6,5
24777,16,2,1,10,2,3,0,1,0,1,1,19,3,3,1.0,0.0,0.0,1.0,0.0,3.0,18,4,2
116741,16,2,3,10,11,3,0,1,1,1,0,26,2,2,0.0,0.0,0.0,0.0,0.0,2.0,10,6,8
28265,16,7,3,0,11,3,6,1,0,1,2,18,2,4,1.0,0.0,0.0,0.0,1.0,1.0,16,4,3
110944,15,2,3,0,2,3,0,1,1,1,2,17,2,2,0.0,0.0,0.0,0.0,0.0,2.0,16,3,8
79837,16,2,3,17,6,3,0,1,0,1,2,28,2,3,3.0,0.0,0.0,3.0,0.0,7.0,6,7,6
18786,15,2,3,10,2,3,0,1,1,1,0,36,2,2,0.0,0.0,0.0,0.0,0.0,2.0,9,5,2
103148,16,2,3,17,6,3,0,1,0,1,2,24,2,3,3.0,0.0,0.0,3.0,0.0,2.0,19,6,7
141462,16,7,3,17,15,3,6,1,1,1,2,22,2,2,0.0,0.0,0.0,0.0,0.0,2.0,7,6,10
56213,16,11,0,17,8,3,5,5,1,1,2,36,2,2,0.0,0.0,0.0,0.0,0.0,3.0,18,6,5
95411,16,7,2,17,6,3,6,1,0,1,2,18,2,2,0.0,0.0,0.0,0.0,0.0,2.0,6,7,7
162222,16,2,3,17,6,3,6,1,0,1,2,24,2,4,1.0,0.0,0.0,0.0,1.0,2.0,7,6,11
78457,16,2,1,0,6,3,0,1,0,1,2,18,2,4,2.0,0.0,0.0,0.0,2.0,3.0,2,1,6
50366,15,2,1,0,8,3,0,1,0,1,2,18,2,3,1.0,0.0,0.0,1.0,0.0,2.0,21,5,4
180114,16,2,1,10,8,3,0,1,1,1,2,19,2,2,0.0,0.0,0.0,0.0,0.0,3.0,18,5,12
141745,16,2,3,15,10,3,0,1,1,1,0,12,2,2,0.0,0.0,0.0,0.0,0.0,3.0,15,2,10
36695,16,2,3,17,2,3,0,1,1,1,0,36,2,2,0.0,0.0,0.0,0.0,0.0,2.0,13,7,3
93356,17,3,3,0,6,3,5,5,0,0,2,28,2,3,1.0,0.0,0.0,1.0,0.0,2.0,19,3,7
42520,16,2,3,17,8,3,0,1,1,1,1,24,2,2,0.0,0.0,0.0,0.0,0.0,3.0,13,6,4
30271,4,2,3,17,8,3,0,1,1,1,1,18,2,2,0.0,0.0,0.0,0.0,0.0,4.0,14,6,3
63269,15,2,3,0,18,3,0,1,0,1,2,36,2,2,0.0,0.0,0.0,0.0,0.0,2.0,9,4,5
172578,16,7,3,14,6,3,6,1,1,1,0,22,2,2,0.0,0.0,0.0,0.0,0.0,2.0,14,6,12
13447,15,10,3,10,8,3,4,1,1,1,0,39,2,2,0.0,0.0,0.0,0.0,0.0,4.0,8,2,1
164011,15,7,1,0,8,3,6,1,0,1,2,36,2,3,1.0,0.0,0.0,1.0,0.0,4.0,19,3,11
156410,4,2,3,0,8,3,6,1,1,1,2,6,2,2,0.0,0.0,0.0,0.0,0.0,2.0,13,6,11
10892,16,2,1,0,3,3,0,1,0,1,2,6,2,2,0.0,0.0,0.0,0.0,0.0,2.0,3,1,1
158997,16,2,1,17,6,3,0,1,0,1,2,24,2,2,0.0,0.0,0.0,0.0,0.0,2.0,3,1,11
94240,16,2,0,15,8,3,0,5,1,1,2,36,2,2,0.0,0.0,0.0,0.0,0.0,2.0,20,2,7
93422,16,2,3,15,3,3,0,1,1,1,2,19,2,2,0.0,0.0,0.0,0.0,0.0,2.0,10,5,7
101715,16,2,3,10,10,3,0,1,1,1,2,19,2,2,0.0,0.0,0.0,0.0,0.0,3.0,19,5,7
173723,16,2,3,0,3,3,0,1,1,1,2,6,2,2,0.0,0.0,0.0,0.0,0.0,2.0,13,6,12
178847,4,2,3,17,6,3,5,5,1,0,1,36,2,2,0.0,0.0,0.0,0.0,0.0,2.0,12,5,12
107764,16,2,3,10,8,3,0,1,0,1,2,19,2,2,0.0,0.0,0.0,0.0,0.0,2.0,11,3,8
71332,16,2,3,10,6,3,0,5,1,1,2,17,2,2,0.0,0.0,0.0,0.0,0.0,3.0,14,6,5
156224,16,2,3,17,6,3,0,1,1,0,0,36,2,2,0.0,0.0,0.0,0.0,0.0,2.0,17,6,11
171399,4,2,3,17,8,3,0,1,0,1,2,18,2,2,0.0,0.0,0.0,0.0,0.0,2.0,9,2,11
165606,16,2,1,2,16,3,0,1,0,1,2,28,1,2,0.0,0.0,0.0,0.0,0.0,2.0,0,4,11
141074,4,7,3,17,8,3,6,1,0,1,2,39,2,3,5.0,0.0,0.0,4.0,1.0,0.0,17,7,10
67065,16,2,1,17,8,3,0,5,1,1,2,23,2,2,0.0,0.0,0.0,0.0,0.0,4.0,23,2,5
82482,16,2,3,10,5,3,0,1,1,1,0,19,2,2,0.0,0.0,0.0,0.0,0.0,3.0,13,3,6
48497,16,2,1,17,8,3,0,1,1,1,1,19,2,2,0.0,0.0,0.0,0.0,0.0,2.0,18,1,4
182831,16,2,1,17,19,3,0,1,0,1,2,18,2,2,0.0,0.0,0.0,0.0,0.0,2.0,22,1,12
73353,16,2,1,15,10,3,0,1,1,1,1,23,2,2,0.0,0.0,0.0,0.0,0.0,2.0,23,7,6
69759,16,3,3,17,8,3,6,1,0,1,2,3,2,3,1.0,0.0,0.0,1.0,0.0,1.0,15,3,5
88175,17,2,3,7,8,3,5,5,1,1,2,36,2,2,0.0,0.0,0.0,0.0,0.0,1.0,15,7,7
32558,16,2,3,17,1,3,0,1,1,1,1,18,2,2,0.0,0.0,0.0,0.0,0.0,3.0,15,1,3
1542,15,2,3,10,8,3,0,1,0,1,0,19,2,3,1.0,0.0,0.0,1.0,0.0,1.0,9,5,1
115763,16,2,3,10,6,3,0,1,1,1,2,21,2,2,0.0,0.0,0.0,0.0,0.0,2.0,8,6,8
7536,16,2,3,9,9,3,0,1,0,1,2,6,2,3,1.0,0.0,0.0,1.0,0.0,1.0,9,4,1
104671,16,2,3,10,10,3,0,1,1,1,1,19,2,2,0.0,0.0,0.0,0.0,0.0,3.0,15,6,8
49989,16,7,3,0,2,3,0,1,1,1,2,18,2,2,0.0,0.0,0.0,0.0,0.0,3.0,9,5,4
27624,16,2,1,0,6,3,6,5,0,1,2,36,2,4,1.0,0.0,0.0,0.0,1.0,3.0,23,3,2
91461,16,2,1,9,8,3,0,1,0,1,2,18,2,3,1.0,0.0,0.0,1.0,0.0,1.0,23,7,7
42429,16,2,3,9,15,3,0,1,1,1,2,26,2,2,0.0,0.0,0.0,0.0,0.0,2.0,14,4,4
155776,16,3,3,17,8,3,0,1,0,1,2,36,3,3,3.0,0.0,0.0,3.0,0.0,2.0,9,4,11
91938,15,2,1,17,8,3,0,1,0,1,2,11,2,3,2.0,0.0,0.0,1.0,1.0,2.0,22,1,7
93879,15,7,3,0,9,3,6,1,0,1,2,18,2,4,1.0,0.0,0.0,0.0,1.0,1.0,11,4,7
21726,16,2,0,10,2,3,0,5,1,1,0,23,2,2,0.0,0.0,0.0,0.0,0.0,2.0,18,6,2
183541,4,10,3,17,15,3,4,1,0,1,2,18,2,2,0.0,0.0,0.0,0.0,0.0,2.0,8,6,12
186743,15,2,4,0,6,3,6,1,0,1,1,18,2,3,1.0,0.0,0.0,1.0,0.0,1.0,15,2,12
113917,16,2,3,0,6,3,0,1,0,1,2,18,2,2,0.0,0.0,0.0,0.0,0.0,3.0,16,7,8
62974,15,2,3,11,8,3,0,1,1,1,1,21,2,2,0.0,0.0,0.0,0.0,0.0,4.0,12,7,5
177764,16,2,3,15,2,3,0,1,1,1,1,26,2,2,0.0,0.0,0.0,0.0,0.0,2.0,10,2,12
162832,15,2,1,0,15,3,0,1,0,1,1,18,2,2,0.0,0.0,0.0,0.0,0.0,2.0,17,1,11
47148,15,2,3,0,8,3,0,1,1,1,2,36,2,2,0.0,0.0,0.0,0.0,0.0,2.0,16,5,4
54110,16,10,3,10,13,3,6,5,0,0,2,19,2,2,0.0,0.0,0.0,0.0,0.0,2.0,14,7,4
83995,16,2,3,17,11,3,0,1,0,1,2,26,2,2,0.0,0.0,0.0,0.0,0.0,2.0,14,5,6
48496,16,2,3,17,10,3,0,1,1,1,2,24,2,2,0.0,0.0,0.0,0.0,0.0,2.0,18,1,4
82355,16,2,3,17,2,3,0,1,1,1,2,24,2,2,0.0,0.0,0.0,0.0,0.0,2.0,16,1,6
98874,16,2,1,8,8,3,0,1,0,1,1,6,2,3,1.0,0.0,0.0,1.0,0.0,2.0,20,2,7
68911,17,2,1,14,2,3,0,1,1,1,2,36,2,2,0.0,0.0,0.0,0.0,0.0,2.0,20,4,5
167070,15,2,1,0,8,3,0,1,1,1,2,36,2,2,0.0,0.0,0.0,0.0,0.0,4.0,17,3,11
176824,16,2,0,9,8,3,0,1,0,1,2,12,2,3,1.0,0.0,0.0,1.0,0.0,1.0,17,5,12
124575,4,11,3,10,2,3,5,5,1,0,2,36,2,2,0.0,0.0,0.0,0.0,0.0,2.0,14,3,9
165249,16,2,1,15,6,3,5,5,1,1,2,23,2,2,0.0,0.0,0.0,0.0,0.0,2.0,2,1,11
170026,4,10,3,17,8,3,6,1,1,0,2,24,2,2,0.0,0.0,0.0,0.0,0.0,3.0,9,1,11
104986,4,2,3,3,12,3,0,1,1,1,2,36,2,2,0.0,0.0,0.0,0.0,0.0,2.0,15,6,8
85439,15,2,1,17,6,3,6,1,0,1,2,5,4,2,0.0,0.0,0.0,0.0,0.0,4.0,22,6,6
149855,4,2,3,10,8,3,0,1,1,1,2,36,3,2,0.0,0.0,0.0,0.0,0.0,3.0,16,2,10
61961,16,7,3,14,2,3,6,1,1,1,2,26,3,2,0.0,0.0,0.0,0.0,0.0,3.0,7,6,5
21336,15,7,1,17,15,3,6,1,1,1,1,18,2,2,0.0,0.0,0.0,0.0,0.0,2.0,21,6,2
68567,16,2,3,0,6,3,0,5,0,1,2,6,2,3,2.0,0.0,0.0,1.0,1.0,0.0,15,7,5
143815,16,2,3,15,5,3,0,1,1,1,2,18,2,2,0.0,0.0,0.0,0.0,0.0,4.0,7,3,10
123664,15,2,3,17,6,3,0,1,1,1,1,26,2,2,0.0,0.0,0.0,0.0,0.0,2.0,11,3,9
135111,16,2,3,10,6,3,0,1,0,1,2,36,2,2,0.0,0.0,0.0,0.0,0.0,2.0,7,1,9
57498,16,2,3,10,8,3,0,5,0,1,2,36,2,4,2.0,0.0,0.0,0.0,2.0,1.0,12,5,5
160439,15,2,3,0,8,3,0,1,1,1,0,18,2,2,0.0,0.0,0.0,0.0,0.0,3.0,15,7,11
76306,16,2,3,15,2,3,0,1,1,1,1,22,2,2,0.0,0.0,0.0,0.0,0.0,3.0,9,4,6
96938,16,2,3,10,2,3,0,1,0,1,1,19,2,4,1.0,0.0,0.0,0.0,1.0,1.0,6,2,7
99017,15,2,3,0,6,4,0,1,0,1,2,18,2,2,0.0,0.0,0.0,0.0,0.0,4.0,13,6,7
109290,16,2,1,17,8,3,0,1,1,1,1,23,2,2,0.0,0.0,0.0,0.0,0.0,2.0,21,6,8
20181,4,2,3,10,8,3,5,5,0,0,2,36,3,3,1.0,0.0,0.0,1.0,0.0,2.0,8,2,2
80354,16,2,3,15,2,3,0,1,1,1,2,23,2,2,0.0,0.0,0.0,0.0,0.0,2.0,17,1,6
102493,16,10,3,10,8,3,6,1,0,1,2,19,2,4,4.0,0.0,0.0,0.0,4.0,2.0,17,2,7
119504,4,2,1,17,2,3,0,1,1,1,2,24,2,2,0.0,0.0,0.0,0.0,0.0,5.0,19,5,8
17475,16,10,3,9,15,3,4,1,0,1,2,36,2,3,1.0,0.0,0.0,1.0,0.0,1.0,14,5,2
141648,16,2,3,17,2,3,0,1,1,1,2,18,2,2,0.0,0.0,0.0,0.0,0.0,2.0,11,5,10
12106,16,11,3,11,2,3,5,5,1,1,0,21,2,2,0.0,0.0,0.0,0.0,0.0,2.0,9,7,1
81919,16,2,3,9,6,3,0,1,0,1,0,26,2,3,1.0,0.0,0.0,1.0,0.0,1.0,10,1,6
55116,16,2,1,0,3,3,0,1,0,1,2,6,2,3,1.0,0.0,0.0,1.0,0.0,3.0,23,1,4
87905,16,2,3,15,2,3,0,1,1,1,0,22,2,2,0.0,0.0,0.0,0.0,0.0,2.0,14,2,7
113643,16,2,3,10,2,3,0,1,0,1,2,26,2,2,0.0,0.0,0.0,0.0,0.0,4.0,11,1,8
66672,16,2,3,0,2,3,0,1,0,1,1,18,2,3,1.0,0.0,0.0,1.0,0.0,3.0,17,4,5
103795,15,2,1,0,6,3,0,1,0,1,2,17,2,1,2.0,0.0,1.0,1.0,0.0,0.0,23,1,7
127567,16,2,3,0,8,3,0,1,1,1,1,18,2,2,0.0,0.0,0.0,0.0,0.0,2.0,16,3,9
33887,15,2,3,0,8,3,0,1,1,1,1,36,2,2,0.0,0.0,0.0,0.0,0.0,4.0,17,3,3
68351,16,2,1,0,6,3,0,1,0,1,2,6,4,3,1.0,0.0,0.0,1.0,0.0,1.0,3,3,5
118710,16,2,3,10,6,3,0,5,0,1,2,17,2,4,1.0,0.0,0.0,0.0,1.0,2.0,8,2,8
2950,16,2,3,17,2,3,0,1,0,1,2,36,2,2,0.0,0.0,0.0,0.0,0.0,2.0,13,7,1
13094,15,3,1,0,15,3,4,2,0,1,2,18,2,2,0.0,0.0,0.0,0.0,0.0,2.0,2,4,1
187986,17,11,5,10,15,3,5,5,1,1,2,36,2,2,0.0,0.0,0.0,0.0,0.0,2.0,12,6,12
78933,16,2,3,17,8,3,0,1,0,1,2,18,2,1,2.0,0.0,2.0,0.0,0.0,1.0,10,6,6
103152,16,2,3,15,8,3,0,1,1,1,2,18,2,2,0.0,0.0,0.0,0.0,0.0,3.0,19,6,7
44283,15,2,0,0,8,3,0,1,0,1,2,36,2,1,2.0,0.0,1.0,1.0,0.0,1.0,2,2,4
29595,4,2,3,0,10,3,0,1,0,1,2,18,2,4,1.0,0.0,0.0,0.0,1.0,2.0,16,6,3
55365,15,7,1,0,6,3,6,5,0,1,2,5,2,2,0.0,0.0,0.0,0.0,0.0,3.0,22,6,4
152892,17,7,1,10,2,3,6,5,1,0,1,19,2,2,0.0,0.0,0.0,0.0,0.0,2.0,18,7,10
72621,16,2,3,15,8,3,0,1,1,1,2,23,2,2,0.0,0.0,0.0,0.0,0.0,2.0,16,5,6
78701,16,2,3,0,6,3,0,1,0,1,2,6,2,3,1.0,0.0,0.0,1.0,0.0,1.0,18,5,6
119346,15,2,1,0,6,3,0,1,0,1,2,36,2,2,0.0,0.0,0.0,0.0,0.0,3.0,5,5,8
1287,16,2,1,10,8,3,6,1,1,1,2,19,2,2,0.0,0.0,0.0,0.0,0.0,2.0,19,2,1
714,16,2,1,17,1,3,6,1,0,1,2,39,2,2,0.0,0.0,0.0,0.0,0.0,2.0,19,5,1
172994,16,2,3,0,8,3,0,1,1,1,2,18,2,2,0.0,0.0,0.0,0.0,0.0,2.0,12,4,12
621,16,2,3,15,8,3,4,1,1,1,2,18,2,2,0.0,0.0,0.0,0.0,0.0,2.0,11,3,1
21408,4,10,1,17,2,3,4,1,0,1,2,39,3,2,0.0,0.0,0.0,0.0,0.0,3.0,20,1,2
100026,4,2,5,17,2,3,0,1,0,0,2,36,2,3,1.0,0.0,0.0,1.0,0.0,1.0,23,7,7
123361,16,2,1,5,8,3,0,1,1,1,2,17,2,2,0.0,0.0,0.0,0.0,0.0,2.0,23,4,9
75177,4,2,3,17,8,3,0,1,1,1,1,18,2,2,0.0,0.0,0.0,0.0,0.0,2.0,12,6,6
140286,16,2,3,15,6,3,0,1,1,1,2,19,2,2,0.0,0.0,0.0,0.0,0.0,2.0,10,4,10
131840,4,2,3,0,0,3,0,1,1,1,2,17,2,2,0.0,0.0,0.0,0.0,0.0,2.0,9,4,9
142861,16,7,3,9,8,3,6,1,0,1,2,36,2,4,1.0,0.0,0.0,0.0,1.0,1.0,14,4,10
73411,15,2,3,0,11,3,0,1,0,1,2,18,2,2,0.0,0.0,0.0,0.0,0.0,2.0,7,2,6
12082,16,10,1,10,2,3,4,5,1,1,2,36,2,2,0.0,0.0,0.0,0.0,0.0,3.0,4,7,1
73631,16,2,1,17,8,3,0,1,0,1,2,18,2,2,0.0,0.0,0.0,0.0,0.0,2.0,21,6,6
90056,16,2,3,0,8,4,0,1,0,1,2,6,2,2,0.0,0.0,0.0,0.0,0.0,4.0,19,1,7
91098,15,2,3,0,8,3,0,1,0,0,2,23,2,3,2.0,0.0,0.0,2.0,0.0,1.0,15,3,7
55126,16,2,3,15,8,3,0,1,1,1,1,36,2,2,0.0,0.0,0.0,0.0,0.0,2.0,13,2,4
52480,16,2,3,15,8,3,0,1,1,1,2,22,2,2,0.0,0.0,0.0,0.0,0.0,2.0,16,3,4
110454,16,2,3,17,8,3,0,1,1,1,1,24,2,2,0.0,0.0,0.0,0.0,0.0,3.0,8,2,8
16898,16,10,1,10,2,3,4,1,1,1,1,39,2,2,0.0,0.0,0.0,0.0,0.0,2.0,17,2,2
182165,6,2,3,15,17,3,0,1,1,1,2,26,2,2,0.0,0.0,0.0,0.0,0.0,2.0,11,6,12
7955,16,11,5,10,8,3,5,5,1,1,0,19,2,2,0.0,0.0,0.0,0.0,0.0,2.0,12,2,1
112043,16,2,3,10,10,3,0,1,1,1,0,17,2,2,0.0,0.0,0.0,0.0,0.0,2.0,9,5,8
35586,16,3,3,0,18,3,6,1,0,1,2,18,2,3,2.0,0.0,0.0,1.0,1.0,0.0,9,3,3
150780,16,2,1,10,3,3,0,1,1,1,2,8,2,2,0.0,0.0,0.0,0.0,0.0,2.0,21,1,10
39028,16,2,0,10,8,3,0,5,1,1,0,36,2,2,0.0,0.0,0.0,0.0,0.0,2.0,23,1,3
34626,16,2,1,0,6,3,0,1,0,1,2,36,2,3,1.0,0.0,0.0,1.0,0.0,4.0,19,2,3
16947,16,2,3,9,2,3,0,1,1,1,0,36,2,2,0.0,0.0,0.0,0.0,0.0,2.0,13,3,2
161547,4,2,3,10,8,3,4,1,1,1,2,36,2,2,0.0,0.0,0.0,0.0,0.0,2.0,11,2,11
94746,15,2,3,0,2,3,0,1,0,1,2,18,2,2,0.0,0.0,0.0,0.0,0.0,4.0,9,3,7
122189,16,2,3,17,6,3,0,1,0,1,2,17,2,2,0.0,0.0,0.0,0.0,0.0,2.0,10,3,9
41135,16,2,3,0,2,3,0,1,0,1,2,36,3,2,0.0,0.0,0.0,0.0,0.0,4.0,14,1,3
31581,4,2,3,0,8,3,0,1,0,1,2,18,2,2,0.0,0.0,0.0,0.0,0.0,5.0,12,6,3
96976,16,2,3,10,10,3,0,1,1,1,0,36,2,2,0.0,0.0,0.0,0.0,0.0,3.0,15,3,7
56188,17,2,3,0,8,3,0,5,0,1,2,36,2,2,0.0,0.0,0.0,0.0,0.0,2.0,14,6,5
15621,16,2,4,0,8,3,0,1,1,1,2,6,2,2,0.0,0.0,0.0,0.0,0.0,2.0,16,6,2
105114,16,2,1,15,8,3,6,1,1,1,2,22,2,2,0.0,0.0,0.0,0.0,0.0,2.0,21,5,8
115533,15,2,3,17,6,3,0,1,1,1,2,12,2,2,0.0,0.0,0.0,0.0,0.0,2.0,14,5,8
119348,16,2,3,17,10,3,0,1,0,1,2,24,2,3,1.0,0.0,0.0,1.0,0.0,1.0,17,5,8
86148,16,2,3,9,6,3,0,5,0,1,2,17,2,3,1.0,0.0,0.0,1.0,0.0,1.0,12,3,6
115969,16,2,3,10,6,3,0,1,1,1,2,17,3,2,0.0,0.0,0.0,0.0,0.0,4.0,9,3,8
121313,16,2,3,17,2,3,0,1,0,1,2,18,2,2,0.0,0.0,0.0,0.0,0.0,2.0,18,4,9
150793,15,2,3,0,2,3,0,1,0,0,2,18,2,3,3.0,0.0,0.0,1.0,2.0,2.0,12,1,10
161576,16,11,1,15,15,3,5,5,1,1,2,36,2,2,0.0,0.0,0.0,0.0,0.0,2.0,17,4,11
23919,15,2,3,0,6,3,0,1,1,1,0,36,2,2,0.0,0.0,0.0,0.0,0.0,2.0,13,2,2
134685,16,11,3,17,6,3,5,5,1,1,2,36,2,2,0.0,0.0,0.0,0.0,0.0,2.0,11,2,9
105714,16,2,3,0,8,3,0,1,0,1,2,17,2,3,1.0,0.0,0.0,1.0,0.0,1.0,10,7,8
111906,16,7,3,10,8,3,6,1,0,0,2,17,2,4,2.0,0.0,0.0,0.0,2.0,0.0,9,5,8
94633,16,7,3,10,8,3,6,1,1,1,2,19,2,2,0.0,0.0,0.0,0.0,0.0,2.0,11,7,7
105048,16,2,3,2,2,3,0,1,0,1,2,26,2,3,2.0,0.0,0.0,2.0,0.0,0.0,13,4,8
121681,16,2,1,17,2,3,0,1,1,1,2,17,2,2,0.0,0.0,0.0,0.0,0.0,2.0,21,1,9
3071,16,7,3,10,2,3,6,1,0,1,2,10,2,2,0.0,0.0,0.0,0.0,0.0,3.0,12,2,1
19470,15,2,1,0,6,3,4,1,0,1,2,17,3,3,1.0,0.0,0.0,1.0,0.0,2.0,0,4,2
186887,16,4,1,0,6,3,5,5,0,1,2,12,2,2,0.0,0.0,0.0,0.0,0.0,2.0,3,4,12
29564,16,2,1,10,6,3,0,1,1,1,1,19,2,2,0.0,0.0,0.0,0.0,0.0,2.0,21,1,3
130607,16,2,3,17,8,3,0,5,1,1,2,36,2,2,0.0,0.0,0.0,0.0,0.0,2.0,7,4,9
47044,16,2,3,15,8,3,0,1,1,1,0,31,2,2,0.0,0.0,0.0,0.0,0.0,2.0,15,5,4
19614,16,2,3,17,15,3,0,1,1,1,2,18,2,2,0.0,0.0,0.0,0.0,0.0,3.0,16,7,2
92489,4,2,3,15,11,3,0,1,1,1,2,18,2,2,0.0,0.0,0.0,0.0,0.0,2.0,7,3,7
29085,16,2,3,0,2,3,0,1,0,1,2,18,2,3,4.0,0.0,0.0,4.0,0.0,0.0,13,7,3
85673,16,2,3,14,1,3,0,1,0,1,2,18,2,2,0.0,0.0,0.0,0.0,0.0,3.0,13,4,6
123775,16,2,3,8,8,3,0,5,1,1,2,36,2,2,0.0,0.0,0.0,0.0,0.0,2.0,8,6,9
18868,16,2,1,10,11,3,0,1,1,1,0,19,2,2,0.0,0.0,0.0,0.0,0.0,5.0,19,7,2
322,16,2,2,15,8,3,0,1,1,1,2,18,2,2,0.0,0.0,0.0,0.0,0.0,2.0,5,7,1
44234,15,2,1,17,8,3,0,1,1,1,1,18,2,2,0.0,0.0,0.0,0.0,0.0,3.0,20,6,4
16286,16,2,1,2,15,3,0,1,0,1,2,14,1,1,3.0,0.0,3.0,0.0,0.0,0.0,3,6,2
164441,16,2,1,17,1,3,0,1,0,1,2,31,2,2,0.0,0.0,0.0,0.0,0.0,4.0,19,2,11
21256,15,2,3,17,8,3,0,1,1,1,1,38,2,2,0.0,0.0,0.0,0.0,0.0,2.0,12,5,2
9521,16,3,1,17,2,3,4,1,1,1,2,24,2,2,0.0,0.0,0.0,0.0,0.0,2.0,18,6,1
119188,15,2,3,0,8,3,0,1,0,1,1,18,2,3,1.0,0.0,0.0,1.0,0.0,2.0,12,1,8
20634,16,2,3,17,8,3,6,1,1,1,2,24,2,2,0.0,0.0,0.0,0.0,0.0,2.0,9,3,2
85417,16,3,4,0,8,3,6,3,0,1,2,6,2,2,0.0,0.0,0.0,0.0,0.0,2.0,18,6,6
107448,16,2,3,17,8,4,0,1,0,1,2,18,2,3,1.0,0.0,0.0,1.0,0.0,2.0,11,6,8
167822,16,2,3,0,2,3,0,1,1,1,1,38,2,2,0.0,0.0,0.0,0.0,0.0,2.0,14,1,11
39207,16,2,1,0,6,3,0,5,0,1,2,6,3,2,0.0,0.0,0.0,0.0,0.0,3.0,6,6,3
159717,16,7,2,10,8,3,6,5,1,1,2,19,2,2,0.0,0.0,0.0,0.0,0.0,2.0,6,3,11
69511,15,7,3,9,8,3,6,1,0,1,0,39,2,4,1.0,0.0,0.0,0.0,1.0,1.0,9,6,5
155895,16,10,3,15,8,3,4,1,1,1,2,23,3,2,0.0,0.0,0.0,0.0,0.0,2.0,7,6,11
87586,15,2,3,0,6,3,0,1,0,1,2,18,2,4,2.0,0.0,0.0,0.0,2.0,0.0,13,5,6
40866,16,2,3,10,15,4,0,1,0,1,2,17,2,2,0.0,0.0,0.0,0.0,0.0,6.0,12,2,3
132756,16,2,1,15,3,3,0,1,1,1,2,23,2,2,0.0,0.0,0.0,0.0,0.0,2.0,18,4,9
63732,16,2,3,15,5,3,0,1,0,1,2,37,3,2,0.0,0.0,0.0,0.0,0.0,3.0,17,5,5
135018,4,2,3,17,8,3,5,5,1,1,1,23,2,2,0.0,0.0,0.0,0.0,0.0,2.0,14,7,9
33117,16,2,3,17,8,3,0,1,1,1,2,17,2,2,0.0,0.0,0.0,0.0,0.0,3.0,16,5,3
169829,15,7,1,0,8,3,6,1,1,1,0,36,2,2,0.0,0.0,0.0,0.0,0.0,2.0,21,3,11
90646,16,2,3,2,6,3,0,1,0,1,1,12,1,2,0.0,0.0,0.0,0.0,0.0,1.0,16,3,7
53080,16,2,3,17,5,3,0,1,1,1,1,24,2,2,0.0,0.0,0.0,0.0,0.0,2.0,13,5,4
10081,4,2,0,7,8,3,0,1,1,1,1,16,4,2,0.0,0.0,0.0,0.0,0.0,1.0,3,1,1
151859,16,7,3,17,6,3,6,1,1,1,2,17,2,2,0.0,0.0,0.0,0.0,0.0,2.0,9,2,10
77737,16,7,3,14,2,3,6,1,1,1,2,36,2,2,0.0,0.0,0.0,0.0,0.0,2.0,14,4,6
69477,16,2,3,14,2,3,0,1,1,1,2,24,2,2,0.0,0.0,0.0,0.0,0.0,2.0,15,6,5
137625,17,11,3,10,8,3,5,5,1,1,1,26,2,2,0.0,0.0,0.0,0.0,0.0,2.0,11,7,10
171406,4,2,3,9,10,3,0,1,0,0,0,21,2,4,1.0,0.0,0.0,0.0,1.0,1.0,10,2,11