crash_date,               traffic_control_device,weather_condition,lighting_condition,first_crash_type,trafficway_type,alignment,roadway_surface_cond,road_defect,crash_type,intersection_related_i,damage,prim_contributory_cause,num_units,most_severe_injury,injuries_total,injuries_fatal,injuries_incapacitating,injuries_non_incapacitating,injuries_reported_not_evident,injuries_no_indication,crash_hour,crash_day_of_week,crash_month
174724,16,2,3,15,8,3,0,1,1,1,2,23,2,2,0.0,0.0,0.0,0.0,0.0,2.0,9,2,12
151029,16,7,4,0,2,3,6,1,0,1,2,13,4,4,1.0,0.0,0.0,0.0,1.0,3.0,9,3,10
112197,16,2,3,0,6,3,0,1,0,1,2,6,2,4,1.0,0.0,0.0,0.0,1.0,2.0,12,1,8
9352,17,2,1,15,6,3,0,1,1,1,2,26,2,2,0.0,0.0,0.0,0.0,0.0,2.0,18,3,1
120113,16,2,3,17,2,3,0,1,1,1,1,18,2,2,0.0,0.0,0.0,0.0,0.0,3.0,17,7,8
6764,16,7,1,17,6,3,6,1,0,1,2,24,2,3,1.0,0.0,0.0,1.0,0.0,3.0,22,5,1
125742,16,2,3,9,8,3,0,1,0,1,1,18,2,3,1.0,0.0,0.0,1.0,0.0,1.0,15,6,9
16760,16,2,1,0,6,3,0,1,0,1,2,6,3,4,1.0,0.0,0.0,0.0,1.0,4.0,22,7,2
181932,16,3,2,0,8,3,6,1,0,1,2,36,2,2,0.0,0.0,0.0,0.0,0.0,2.0,7,2,12
3925,16,2,3,0,0,3,0,1,1,1,2,6,2,2,0.0,0.0,0.0,0.0,0.0,2.0,16,3,1
144611,15,2,4,0,10,3,0,1,1,1,1,18,2,2,0.0,0.0,0.0,0.0,0.0,2.0,6,5,10
113718,16,2,3,17,6,3,0,1,0,1,2,3,2,3,1.0,0.0,0.0,1.0,0.0,1.0,16,4,8
69502,16,7,3,15,2,3,6,5,1,1,1,36,2,2,0.0,0.0,0.0,0.0,0.0,2.0,7,6,5
30636,15,2,1,14,11,3,0,1,1,0,2,18,2,2,0.0,0.0,0.0,0.0,0.0,4.0,19,4,3
149031,16,2,3,17,15,2,0,1,1,1,1,24,2,2,0.0,0.0,0.0,0.0,0.0,2.0,16,6,10
110315,15,2,3,0,8,3,0,1,1,1,2,18,2,2,0.0,0.0,0.0,0.0,0.0,3.0,15,2,8
88090,16,2,1,17,8,2,0,1,0,1,2,36,2,2,0.0,0.0,0.0,0.0,0.0,2.0,22,5,7
30567,16,7,0,3,8,3,6,5,1,0,1,36,2,2,0.0,0.0,0.0,0.0,0.0,2.0,17,3,3
169479,4,2,1,15,8,3,0,1,1,1,2,18,2,2,0.0,0.0,0.0,0.0,0.0,2.0,18,6,11
80617,16,2,3,9,2,3,0,1,0,1,2,38,2,3,1.0,0.0,0.0,1.0,0.0,1.0,9,4,6
169626,16,2,1,10,2,3,0,1,1,1,1,36,2,2,0.0,0.0,0.0,0.0,0.0,5.0,17,7,11
34327,16,10,3,3,8,3,4,1,1,1,1,21,2,2,0.0,0.0,0.0,0.0,0.0,2.0,13,3,3
140343,4,2,3,13,15,3,0,1,1,1,2,21,2,2,0.0,0.0,0.0,0.0,0.0,2.0,10,5,10
148610,16,2,1,17,3,3,0,1,0,1,2,36,2,3,1.0,0.0,0.0,1.0,0.0,1.0,20,3,10
160947,15,2,2,0,3,3,0,1,0,1,2,12,2,2,0.0,0.0,0.0,0.0,0.0,5.0,15,7,11
74124,16,2,1,0,2,3,0,1,0,1,2,6,3,3,2.0,0.0,0.0,2.0,0.0,5.0,23,6,6
22631,4,2,3,0,8,3,0,1,0,1,2,36,2,2,0.0,0.0,0.0,0.0,0.0,2.0,10,7,2
170606,16,2,3,17,3,3,0,1,0,1,2,36,2,2,0.0,0.0,0.0,0.0,0.0,2.0,10,4,11
2069,15,2,1,0,10,3,0,1,0,1,2,11,2,3,1.0,0.0,0.0,1.0,0.0,2.0,2,7,1
149782,16,7,3,8,8,3,6,1,1,1,2,36,2,2,0.0,0.0,0.0,0.0,0.0,2.0,16,1,10
6172,15,2,3,0,18,3,0,1,1,1,2,5,2,2,0.0,0.0,0.0,0.0,0.0,3.0,9,2,1
172429,16,2,1,17,8,3,0,1,1,1,0,36,2,2,0.0,0.0,0.0,0.0,0.0,2.0,23,3,12
183819,16,2,3,17,1,3,0,1,1,1,1,19,2,2,0.0,0.0,0.0,0.0,0.0,2.0,10,7,12
85917,16,2,3,10,6,3,0,1,1,1,2,19,2,2,0.0,0.0,0.0,0.0,0.0,2.0,16,7,6
36972,15,7,3,0,10,3,6,1,0,1,2,5,2,3,2.0,0.0,0.0,2.0,0.0,0.0,14,7,3
58924,16,2,3,10,6,3,0,1,1,1,1,36,2,2,0.0,0.0,0.0,0.0,0.0,2.0,14,2,5
49008,16,2,3,15,1,3,0,5,1,1,2,15,3,2,0.0,0.0,0.0,0.0,0.0,3.0,18,7,4
95002,16,2,3,15,8,3,0,1,1,1,0,23,2,2,0.0,0.0,0.0,0.0,0.0,2.0,13,6,7
9265,16,10,0,10,2,3,6,1,1,1,0,21,2,2,0.0,0.0,0.0,0.0,0.0,2.0,19,7,1
127318,16,2,3,0,2,3,0,1,1,1,2,18,2,2,0.0,0.0,0.0,0.0,0.0,2.0,10,5,9
55315,16,2,3,0,6,3,0,1,0,1,2,18,2,3,2.0,0.0,0.0,1.0,1.0,1.0,15,6,4
125850,15,2,3,3,8,3,0,1,0,1,2,18,3,4,1.0,0.0,0.0,0.0,1.0,2.0,17,7,9
159062,4,2,3,17,15,3,0,1,0,1,2,36,2,3,1.0,0.0,0.0,1.0,0.0,1.0,6,2,11
47576,17,2,1,10,17,3,0,5,1,1,2,36,2,2,0.0,0.0,0.0,0.0,0.0,2.0,23,6,4
140019,16,7,3,10,2,3,6,1,1,1,2,39,2,2,0.0,0.0,0.0,0.0,0.0,2.0,9,6,10
73417,4,2,3,0,10,3,0,1,1,1,2,18,2,2,0.0,0.0,0.0,0.0,0.0,3.0,19,2,6
115347,16,2,0,0,15,3,0,1,0,1,2,3,2,1,2.0,0.0,1.0,1.0,0.0,2.0,1,1,8
28454,16,2,3,15,8,3,0,1,0,1,2,18,2,2,0.0,0.0,0.0,0.0,0.0,4.0,17,1,3
173995,16,2,1,10,3,3,0,1,0,1,1,36,2,2,0.0,0.0,0.0,0.0,0.0,2.0,18,6,12
127110,16,2,3,9,16,3,0,1,0,1,0,18,2,4,1.0,0.0,0.0,0.0,1.0,1.0,17,5,9
135117,15,2,1,15,8,3,0,1,0,0,2,11,2,2,0.0,0.0,0.0,0.0,0.0,4.0,20,1,9
170200,16,10,3,0,2,3,4,5,0,1,2,6,2,2,0.0,0.0,0.0,0.0,0.0,2.0,13,3,11
150109,16,2,3,17,10,3,0,1,1,1,2,18,2,2,0.0,0.0,0.0,0.0,0.0,4.0,12,6,10
153024,16,10,2,17,6,3,6,1,0,1,2,18,2,3,1.0,0.0,0.0,1.0,0.0,1.0,5,3,10
96575,4,2,3,17,6,3,0,1,1,1,0,18,2,2,0.0,0.0,0.0,0.0,0.0,2.0,12,4,7
151909,16,2,1,0,6,3,6,1,0,1,2,6,2,2,0.0,0.0,0.0,0.0,0.0,2.0,4,3,10
149068,16,2,3,0,6,3,0,1,0,1,2,6,2,2,0.0,0.0,0.0,0.0,0.0,2.0,10,6,10
6465,4,2,3,15,6,3,5,5,0,1,2,12,2,3,1.0,0.0,0.0,1.0,0.0,1.0,8,2,1
110810,16,2,3,10,6,3,0,1,1,1,2,36,2,2,0.0,0.0,0.0,0.0,0.0,2.0,14,3,8
177154,16,2,3,17,8,3,0,1,1,1,2,19,2,2,0.0,0.0,0.0,0.0,0.0,4.0,8,7,12
184571,15,7,3,0,8,3,6,1,1,1,2,18,2,2,0.0,0.0,0.0,0.0,0.0,2.0,14,6,12
86780,16,2,3,10,2,3,0,1,0,1,2,19,2,2,0.0,0.0,0.0,0.0,0.0,2.0,16,6,6
115023,15,2,3,0,8,3,0,1,0,1,2,36,2,3,1.0,0.0,0.0,1.0,0.0,1.0,13,4,8
31805,16,7,3,17,2,3,6,1,1,1,1,36,2,2,0.0,0.0,0.0,0.0,0.0,4.0,13,6,3
132206,15,3,3,17,8,3,0,1,1,1,1,3,2,2,0.0,0.0,0.0,0.0,0.0,3.0,9,3,9
172524,15,2,1,0,8,3,0,1,1,1,2,36,2,2,0.0,0.0,0.0,0.0,0.0,5.0,18,5,12
86654,15,2,3,8,6,3,6,5,0,1,0,18,2,3,1.0,0.0,0.0,1.0,0.0,1.0,15,6,6
155804,15,2,3,0,8,3,0,1,1,1,1,18,2,2,0.0,0.0,0.0,0.0,0.0,4.0,15,5,11
39417,4,2,3,17,8,3,0,1,0,1,2,36,2,2,0.0,0.0,0.0,0.0,0.0,2.0,16,2,3
45962,16,2,1,10,8,3,0,1,1,1,2,19,2,2,0.0,0.0,0.0,0.0,0.0,2.0,19,3,4
113487,15,2,3,0,6,3,0,1,0,1,2,36,4,1,4.0,0.0,2.0,2.0,0.0,0.0,14,1,8
118362,16,7,3,15,8,3,6,1,1,1,2,18,2,2,0.0,0.0,0.0,0.0,0.0,2.0,8,3,8
47949,16,2,3,10,8,3,0,1,1,1,1,19,2,2,0.0,0.0,0.0,0.0,0.0,3.0,9,5,4
7972,16,6,1,10,6,4,1,1,1,1,2,36,2,2,0.0,0.0,0.0,0.0,0.0,2.0,4,3,1
149397,16,7,1,14,8,3,6,1,0,1,2,22,2,2,0.0,0.0,0.0,0.0,0.0,2.0,18,4,10
40498,15,2,3,0,8,3,0,1,1,1,2,5,2,2,0.0,0.0,0.0,0.0,0.0,2.0,18,2,3
49674,4,2,3,2,8,3,0,1,0,1,1,36,1,3,1.0,0.0,0.0,1.0,0.0,0.0,18,1,4
107702,16,2,3,7,8,3,0,1,1,1,2,21,2,2,0.0,0.0,0.0,0.0,0.0,1.0,11,4,8
159954,15,2,4,11,6,3,0,1,1,1,1,12,2,2,0.0,0.0,0.0,0.0,0.0,6.0,16,1,11
61583,16,2,3,17,2,3,0,1,1,1,2,18,2,2,0.0,0.0,0.0,0.0,0.0,3.0,15,6,5
1854,16,11,5,10,2,3,5,5,1,1,2,36,2,2,0.0,0.0,0.0,0.0,0.0,2.0,18,5,1
43180,16,2,1,5,8,3,0,1,0,1,2,15,1,2,0.0,0.0,0.0,0.0,0.0,4.0,0,2,4
130061,16,2,3,17,6,3,0,1,0,1,0,36,2,3,1.0,0.0,0.0,1.0,0.0,1.0,11,3,9
152775,16,11,1,10,3,3,5,5,1,1,1,36,2,2,0.0,0.0,0.0,0.0,0.0,2.0,18,3,10
163133,4,3,4,2,8,3,0,1,0,1,2,26,1,3,1.0,0.0,0.0,1.0,0.0,0.0,19,4,11
130665,15,2,3,0,2,3,0,1,0,1,2,5,2,2,0.0,0.0,0.0,0.0,0.0,2.0,16,2,9
167157,16,3,3,0,8,3,0,1,0,1,2,6,2,1,2.0,0.0,1.0,1.0,0.0,1.0,8,4,11
14567,16,2,1,3,8,3,0,1,0,0,2,11,3,3,2.0,0.0,0.0,2.0,0.0,1.0,18,3,1
152502,16,10,3,14,6,3,6,1,1,1,1,18,2,2,0.0,0.0,0.0,0.0,0.0,2.0,11,2,10
106754,15,3,3,8,10,3,0,1,0,1,1,11,2,3,1.0,0.0,0.0,1.0,0.0,2.0,15,2,8
91716,16,3,3,10,2,3,0,1,1,1,2,17,3,2,0.0,0.0,0.0,0.0,0.0,3.0,12,5,7
11270,16,2,3,17,11,3,0,4,0,1,2,18,2,4,2.0,0.0,0.0,0.0,2.0,2.0,12,7,1
157442,4,11,5,7,8,3,5,1,0,1,2,36,3,2,0.0,0.0,0.0,0.0,0.0,1.0,3,7,11
185152,17,2,3,17,8,3,0,5,0,1,2,36,2,2,0.0,0.0,0.0,0.0,0.0,3.0,14,2,12
124083,16,2,3,17,8,3,0,1,1,1,2,19,2,2,0.0,0.0,0.0,0.0,0.0,2.0,11,2,9
78215,16,2,3,17,8,3,0,1,1,1,2,22,2,2,0.0,0.0,0.0,0.0,0.0,2.0,12,3,6
19739,15,2,3,0,2,3,0,1,1,1,2,5,2,2,0.0,0.0,0.0,0.0,0.0,3.0,14,2,2
101348,15,2,4,10,8,3,0,1,1,1,2,19,2,2,0.0,0.0,0.0,0.0,0.0,4.0,19,6,7
113399,15,2,3,8,6,3,0,1,1,1,0,18,2,2,0.0,0.0,0.0,0.0,0.0,2.0,13,6,8
50665,16,2,3,0,6,3,0,1,0,1,2,6,3,2,0.0,0.0,0.0,0.0,0.0,2.0,15,6,4
122475,4,2,3,17,8,3,0,1,0,1,2,23,2,4,1.0,0.0,0.0,0.0,1.0,1.0,9,6,9
130368,15,2,3,17,10,3,0,5,1,1,2,18,2,2,0.0,0.0,0.0,0.0,0.0,3.0,14,7,9
54548,15,2,3,17,8,3,0,5,1,1,2,36,2,2,0.0,0.0,0.0,0.0,0.0,2.0,13,6,4
177415,16,5,3,0,15,3,0,1,1,1,1,36,2,2,0.0,0.0,0.0,0.0,0.0,2.0,15,6,12
67434,16,2,1,17,15,3,0,1,0,1,2,36,2,2,0.0,0.0,0.0,0.0,0.0,2.0,21,2,5
120231,15,2,3,17,8,3,0,1,1,1,2,36,2,2,0.0,0.0,0.0,0.0,0.0,2.0,17,3,8
128365,4,2,3,15,8,3,0,1,1,1,2,36,2,2,0.0,0.0,0.0,0.0,0.0,5.0,15,6,9
100451,16,2,1,17,8,3,0,1,0,1,2,18,2,1,1.0,0.0,1.0,0.0,0.0,2.0,21,7,7
171321,16,2,1,10,6,3,0,1,0,1,2,6,2,4,1.0,0.0,0.0,0.0,1.0,1.0,3,1,11
49474,16,2,3,10,10,3,0,1,0,0,0,8,2,3,1.0,0.0,0.0,1.0,0.0,1.0,7,3,4
116020,16,2,3,11,8,3,0,5,1,1,1,12,2,2,0.0,0.0,0.0,0.0,0.0,2.0,18,4,8
104059,16,2,0,9,8,3,0,1,1,1,0,36,2,2,0.0,0.0,0.0,0.0,0.0,2.0,22,4,8
133969,16,3,3,0,8,3,5,5,1,1,1,6,2,2,0.0,0.0,0.0,0.0,0.0,3.0,8,7,9
186119,16,2,1,17,8,3,0,1,0,1,2,24,3,2,0.0,0.0,0.0,0.0,0.0,3.0,14,4,12
111214,15,2,3,9,16,3,0,1,0,1,2,9,2,3,1.0,0.0,0.0,1.0,0.0,1.0,11,7,8
176810,4,2,3,17,2,3,0,1,1,1,2,18,2,2,0.0,0.0,0.0,0.0,0.0,2.0,14,5,12
100198,4,2,3,15,8,3,0,1,1,1,2,32,2,2,0.0,0.0,0.0,0.0,0.0,2.0,14,2,7
118148,16,2,1,10,3,3,0,1,0,1,2,17,2,4,2.0,0.0,0.0,0.0,2.0,1.0,20,1,8
30498,16,3,3,10,2,3,6,1,0,1,2,17,2,2,0.0,0.0,0.0,0.0,0.0,3.0,11,3,3
7767,16,2,1,17,6,3,0,1,0,1,2,36,2,2,0.0,0.0,0.0,0.0,0.0,2.0,18,5,1
46735,4,3,3,0,8,3,0,1,1,1,2,18,3,2,0.0,0.0,0.0,0.0,0.0,3.0,17,4,4
46502,16,3,1,0,2,3,6,5,0,1,2,6,2,1,7.0,0.0,4.0,3.0,0.0,0.0,20,7,4
152758,16,2,1,10,8,3,0,1,1,0,1,19,4,2,0.0,0.0,0.0,0.0,0.0,5.0,22,7,10
57267,15,3,3,17,6,3,0,1,1,1,2,36,2,2,0.0,0.0,0.0,0.0,0.0,3.0,16,3,5
170448,16,11,1,10,8,3,5,5,1,0,2,36,2,2,0.0,0.0,0.0,0.0,0.0,2.0,3,1,11
123028,16,2,3,10,3,3,0,1,0,1,2,19,2,2,0.0,0.0,0.0,0.0,0.0,4.0,11,7,9
27576,16,3,3,10,5,3,0,5,1,1,2,36,2,2,0.0,0.0,0.0,0.0,0.0,2.0,16,3,2
10097,4,4,1,2,10,3,6,1,0,1,2,26,1,3,2.0,0.0,0.0,2.0,0.0,0.0,19,1,1
26920,16,2,1,13,8,3,0,1,1,1,1,24,2,2,0.0,0.0,0.0,0.0,0.0,3.0,10,4,2
36980,4,3,3,10,2,3,0,1,0,1,2,17,2,2,0.0,0.0,0.0,0.0,0.0,2.0,15,7,3
148673,4,2,3,10,8,3,0,1,1,1,1,19,2,2,0.0,0.0,0.0,0.0,0.0,5.0,16,6,10
125098,16,2,3,17,2,3,0,1,1,1,2,22,2,2,0.0,0.0,0.0,0.0,0.0,2.0,6,2,9
12418,16,2,1,17,8,3,0,1,1,1,1,24,2,2,0.0,0.0,0.0,0.0,0.0,2.0,18,6,1
152254,4,2,3,17,8,3,0,1,1,1,2,24,2,2,0.0,0.0,0.0,0.0,0.0,2.0,8,5,10
144337,17,2,5,10,17,3,0,5,1,1,2,36,2,2,0.0,0.0,0.0,0.0,0.0,2.0,19,3,10
12327,16,7,1,0,6,3,6,5,0,1,2,36,2,3,2.0,0.0,0.0,2.0,0.0,0.0,18,5,1
138164,15,2,3,17,10,3,0,5,1,1,2,21,2,2,0.0,0.0,0.0,0.0,0.0,3.0,13,1,10
168409,16,2,1,17,6,3,0,5,0,1,2,24,2,4,1.0,0.0,0.0,0.0,1.0,1.0,19,3,11
95072,15,2,3,0,8,3,0,1,1,1,1,5,2,2,0.0,0.0,0.0,0.0,0.0,5.0,18,1,7
115245,4,2,3,0,8,3,0,1,0,1,2,36,2,2,0.0,0.0,0.0,0.0,0.0,3.0,18,5,8
138846,4,2,3,10,8,3,0,1,1,1,0,17,2,2,0.0,0.0,0.0,0.0,0.0,2.0,13,4,10
45856,4,2,3,10,8,3,0,1,0,0,2,17,3,2,0.0,0.0,0.0,0.0,0.0,3.0,16,2,4
20766,15,10,1,2,15,3,4,1,1,1,2,39,1,2,0.0,0.0,0.0,0.0,0.0,1.0,5,5,2
163405,16,2,0,0,6,3,0,1,0,1,2,6,3,3,5.0,0.0,0.0,5.0,0.0,0.0,21,2,11
47730,16,2,1,10,8,3,0,1,1,1,2,9,2,2,0.0,0.0,0.0,0.0,0.0,4.0,20,7,4
125120,16,2,3,15,2,3,0,1,1,1,2,19,2,2,0.0,0.0,0.0,0.0,0.0,2.0,8,2,9
64505,16,2,3,17,8,3,5,5,1,1,2,36,2,2,0.0,0.0,0.0,0.0,0.0,2.0,18,6,5
148441,16,2,3,15,6,3,0,1,0,1,2,12,2,3,1.0,0.0,0.0,1.0,0.0,1.0,12,4,10
11746,15,10,2,10,6,3,4,1,0,1,1,39,2,2,0.0,0.0,0.0,0.0,0.0,2.0,7,2,1
959,16,2,3,0,6,3,0,1,0,1,2,6,2,2,0.0,0.0,0.0,0.0,0.0,2.0,8,5,1
186315,15,2,1,10,8,3,0,5,0,1,2,36,2,4,2.0,0.0,0.0,0.0,2.0,5.0,0,1,12
154377,16,2,3,15,2,3,0,1,1,1,2,23,2,2,0.0,0.0,0.0,0.0,0.0,2.0,16,3,10
97268,4,2,3,8,8,3,0,1,0,1,2,18,2,1,1.0,0.0,1.0,0.0,0.0,1.0,9,6,7
6291,15,2,3,0,8,3,0,1,1,1,2,36,2,2,0.0,0.0,0.0,0.0,0.0,2.0,13,6,1
132620,4,7,3,17,10,3,6,5,0,1,2,36,2,4,2.0,0.0,0.0,0.0,2.0,1.0,14,1,9
115466,16,2,3,17,6,3,5,5,0,1,2,3,2,2,0.0,0.0,0.0,0.0,0.0,2.0,13,3,8
179488,16,2,3,10,2,3,0,1,1,1,1,19,2,2,0.0,0.0,0.0,0.0,0.0,2.0,8,4,12
137955,16,2,3,0,6,3,0,1,0,1,2,6,2,3,1.0,0.0,0.0,1.0,0.0,2.0,2,7,10
168348,15,2,2,14,8,3,0,4,0,1,2,26,2,3,1.0,0.0,0.0,1.0,0.0,2.0,17,2,11
48245,15,2,3,17,15,4,0,1,1,1,2,24,2,2,0.0,0.0,0.0,0.0,0.0,2.0,17,3,4
92169,16,2,3,10,2,3,0,1,1,1,0,36,2,2,0.0,0.0,0.0,0.0,0.0,2.0,16,6,7
116244,16,2,1,10,3,3,0,5,0,1,1,19,2,3,1.0,0.0,0.0,1.0,0.0,1.0,20,6,8
30961,8,2,3,10,6,3,0,1,1,1,2,12,2,2,0.0,0.0,0.0,0.0,0.0,2.0,11,4,3
66994,4,2,3,17,8,3,0,1,1,1,2,24,2,2,0.0,0.0,0.0,0.0,0.0,4.0,16,4,5
76430,16,2,3,15,10,3,0,1,1,1,2,18,2,2,0.0,0.0,0.0,0.0,0.0,2.0,9,6,6
3072,16,7,3,9,8,3,6,1,0,1,0,18,2,3,1.0,0.0,0.0,1.0,0.0,1.0,12,2,1
173860,16,2,1,17,1,3,0,1,1,1,2,24,3,2,0.0,0.0,0.0,0.0,0.0,3.0,18,3,12
28838,16,2,3,17,2,3,0,6,1,1,1,24,2,2,0.0,0.0,0.0,0.0,0.0,2.0,9,7,3
188417,15,2,1,17,8,3,0,1,1,1,2,18,2,2,0.0,0.0,0.0,0.0,0.0,2.0,22,6,12
47702,16,2,3,10,2,3,0,1,0,1,2,17,4,2,0.0,0.0,0.0,0.0,0.0,4.0,14,7,4
96132,15,2,1,0,8,3,0,1,1,1,1,36,2,2,0.0,0.0,0.0,0.0,0.0,2.0,21,3,7
2237,4,2,3,10,2,3,4,5,0,1,2,36,3,1,1.0,0.0,1.0,0.0,0.0,3.0,11,4,1
103159,16,2,2,0,6,3,0,1,0,1,2,36,2,3,1.0,0.0,0.0,1.0,0.0,1.0,20,6,7
74771,16,2,3,17,2,3,5,1,1,1,0,36,2,2,0.0,0.0,0.0,0.0,0.0,2.0,7,2,6
14741,16,2,3,10,2,3,6,1,0,1,1,19,2,4,1.0,0.0,0.0,0.0,1.0,2.0,8,5,1
117772,16,7,1,15,3,3,6,1,1,1,1,23,2,2,0.0,0.0,0.0,0.0,0.0,2.0,22,1,8
39370,16,2,1,17,2,3,0,1,0,1,2,26,3,2,0.0,0.0,0.0,0.0,0.0,3.0,4,1,3
105261,4,2,3,0,10,3,0,1,1,1,1,11,2,2,0.0,0.0,0.0,0.0,0.0,2.0,12,7,8
81301,15,2,1,15,6,3,0,1,1,1,1,36,2,2,0.0,0.0,0.0,0.0,0.0,2.0,20,7,6
166680,16,2,1,17,6,3,0,1,0,1,2,36,2,2,0.0,0.0,0.0,0.0,0.0,4.0,17,6,11
97664,4,2,3,10,2,3,0,1,1,1,0,21,2,2,0.0,0.0,0.0,0.0,0.0,2.0,17,5,7
31604,16,2,3,17,6,3,0,1,0,1,2,36,2,4,1.0,0.0,0.0,0.0,1.0,2.0,16,1,3
21047,16,2,3,17,2,3,0,1,0,1,0,18,4,3,1.0,0.0,0.0,1.0,0.0,3.0,8,3,2
186988,16,7,1,2,8,3,6,1,0,1,2,17,1,2,0.0,0.0,0.0,0.0,0.0,2.0,22,6,12
61822,16,2,3,17,6,3,0,1,0,1,2,36,2,3,1.0,0.0,0.0,1.0,0.0,2.0,8,4,5
159670,15,2,3,17,8,3,0,1,1,1,2,18,2,2,0.0,0.0,0.0,0.0,0.0,3.0,7,5,11
68786,16,2,1,15,10,3,0,1,1,1,2,23,2,2,0.0,0.0,0.0,0.0,0.0,8.0,22,1,5
16058,16,2,1,10,2,3,0,1,1,1,1,18,2,2,0.0,0.0,0.0,0.0,0.0,5.0,0,7,2
59503,4,2,3,17,8,3,0,1,1,1,2,21,2,2,0.0,0.0,0.0,0.0,0.0,2.0,14,2,5
89667,17,7,3,9,8,3,6,5,0,1,2,36,2,3,1.0,0.0,0.0,1.0,0.0,1.0,14,2,7
113639,16,2,1,17,1,3,0,1,1,1,2,6,2,2,0.0,0.0,0.0,0.0,0.0,2.0,22,1,8
170675,16,2,2,10,2,3,0,1,1,1,2,12,2,2,0.0,0.0,0.0,0.0,0.0,2.0,6,3,11
131736,15,2,3,0,6,3,0,1,0,1,2,17,2,3,2.0,0.0,0.0,2.0,0.0,6.0,15,6,9
80210,15,2,3,0,2,3,0,1,0,1,2,36,2,4,1.0,0.0,0.0,0.0,1.0,1.0,17,5,6
80774,15,2,3,17,6,3,0,1,0,1,2,18,5,4,1.0,0.0,0.0,0.0,1.0,1.0,11,6,6
173041,15,2,1,7,6,3,0,1,0,1,2,17,3,2,0.0,0.0,0.0,0.0,0.0,3.0,21,5,12
124706,16,2,3,15,3,3,0,5,0,1,1,22,2,1,1.0,0.0,1.0,0.0,0.0,1.0,11,4,9
90978,16,2,1,17,17,3,5,5,1,1,1,36,2,2,0.0,0.0,0.0,0.0,0.0,2.0,20,7,7
145498,16,7,3,9,10,3,6,1,0,1,1,18,2,4,1.0,0.0,0.0,0.0,1.0,1.0,7,5,10
117098,16,2,3,17,8,3,0,1,1,1,2,36,2,2,0.0,0.0,0.0,0.0,0.0,2.0,18,6,8
147974,4,2,3,0,8,3,0,1,1,1,2,36,2,2,0.0,0.0,0.0,0.0,0.0,2.0,9,6,10
38952,16,2,1,10,3,3,0,1,0,1,2,36,2,2,0.0,0.0,0.0,0.0,0.0,2.0,20,7,3
9057,15,2,3,17,2,3,0,1,0,1,2,18,2,4,3.0,0.0,0.0,0.0,3.0,0.0,16,5,1
187184,16,2,4,0,18,3,0,1,1,1,2,6,2,2,0.0,0.0,0.0,0.0,0.0,2.0,16,7,12
33634,15,2,3,10,8,3,0,1,1,1,0,38,2,2,0.0,0.0,0.0,0.0,0.0,3.0,15,7,3
32975,16,2,3,0,11,3,0,1,0,1,2,5,2,2,0.0,0.0,0.0,0.0,0.0,2.0,10,1,3
94372,16,2,3,0,6,3,0,1,1,1,2,36,2,2,0.0,0.0,0.0,0.0,0.0,6.0,9,4,7
28706,4,2,3,0,10,3,0,1,1,1,2,36,2,2,0.0,0.0,0.0,0.0,0.0,3.0,14,5,3
34908,16,2,1,0,2,3,0,6,0,1,2,36,2,1,2.0,0.0,1.0,1.0,0.0,1.0,21,5,3
121206,16,2,3,8,2,3,0,1,0,1,1,36,2,3,1.0,0.0,0.0,1.0,0.0,2.0,17,1,9
167317,15,2,3,0,8,3,0,1,0,1,2,18,2,2,0.0,0.0,0.0,0.0,0.0,2.0,14,1,11
159068,4,2,3,0,11,3,0,5,0,1,2,18,2,4,3.0,0.0,0.0,0.0,3.0,2.0,7,2,11
162947,16,5,4,17,19,2,6,5,1,1,1,23,2,2,0.0,0.0,0.0,0.0,0.0,2.0,16,4,11
103932,16,2,3,9,8,3,0,5,0,1,2,18,2,3,1.0,0.0,0.0,1.0,0.0,1.0,13,2,8
64253,16,2,1,5,8,3,0,5,0,1,2,36,1,2,0.0,0.0,0.0,0.0,0.0,1.0,22,6,5
147372,16,2,3,15,6,3,5,5,1,1,1,36,2,2,0.0,0.0,0.0,0.0,0.0,4.0,15,5,10
94235,15,2,3,0,6,3,5,5,0,1,2,23,2,4,1.0,0.0,0.0,0.0,1.0,1.0,19,2,7
43043,16,2,3,0,6,3,0,5,0,1,2,6,2,2,0.0,0.0,0.0,0.0,0.0,2.0,17,1,4
15805,16,2,3,17,8,3,0,5,0,1,2,36,2,3,1.0,0.0,0.0,1.0,0.0,1.0,11,3,2
112282,16,2,3,8,15,3,0,1,0,1,2,36,2,1,1.0,0.0,1.0,0.0,0.0,1.0,18,3,8
134568,16,2,3,17,2,3,0,1,0,1,2,19,2,2,0.0,0.0,0.0,0.0,0.0,2.0,16,1,9
4357,16,2,3,0,6,3,0,1,0,1,2,18,2,4,1.0,0.0,0.0,0.0,1.0,2.0,10,5,1
91821,16,3,3,17,2,3,6,1,1,1,2,18,2,2,0.0,0.0,0.0,0.0,0.0,2.0,9,7,7
100099,4,2,3,9,4,3,0,1,0,1,2,26,2,1,1.0,0.0,1.0,0.0,0.0,1.0,14,2,7
80374,16,2,0,10,8,3,0,1,1,1,2,19,2,2,0.0,0.0,0.0,0.0,0.0,3.0,9,1,6
13181,15,2,3,14,2,3,0,1,1,1,2,36,2,2,0.0,0.0,0.0,0.0,0.0,2.0,8,5,1
179128,16,2,3,10,10,3,0,1,1,1,2,36,2,2,0.0,0.0,0.0,0.0,0.0,2.0,11,6,12