crash_date,               traffic_control_device,weather_condition,lighting_condition,first_crash_type,trafficway_type,alignment,roadway_surface_cond,road_defect,crash_type,intersection_related_i,damage,prim_contributory_cause,num_units,most_severe_injury,injuries_total,injuries_fatal,injuries_incapacitating,injuries_non_incapacitating,injuries_reported_not_evident,injuries_no_indication,crash_hour,crash_day_of_week,crash_month
130468,4,2,3,0,8,3,0,1,0,1,2,18,2,2,0.0,0.0,0.0,0.0,0.0,2.0,18,1,9
46684,16,2,3,10,6,3,5,5,1,1,2,19,2,2,0.0,0.0,0.0,0.0,0.0,2.0,10,4,4
72077,10,2,3,9,8,3,0,1,0,1,0,18,2,3,1.0,0.0,0.0,1.0,0.0,1.0,11,3,6
56566,16,7,1,17,8,3,6,4,0,1,1,18,2,3,1.0,0.0,0.0,1.0,0.0,1.0,22,4,5
33882,4,10,3,10,2,3,6,1,1,0,2,19,2,2,0.0,0.0,0.0,0.0,0.0,2.0,16,3,3
180878,16,2,1,10,8,3,0,5,0,1,2,19,3,1,1.0,0.0,1.0,0.0,0.0,3.0,21,1,12
94241,16,2,3,10,8,3,0,1,1,1,2,36,2,2,0.0,0.0,0.0,0.0,0.0,2.0,8,2,7
12249,16,2,3,10,8,3,6,1,1,1,2,18,2,2,0.0,0.0,0.0,0.0,0.0,3.0,14,4,1
100364,16,2,3,14,8,3,0,1,0,1,2,18,2,3,1.0,0.0,0.0,1.0,0.0,1.0,8,5,7
113274,4,2,1,7,12,3,0,1,1,0,2,12,2,2,0.0,0.0,0.0,0.0,0.0,2.0,0,3,8
12479,16,2,1,14,11,3,6,1,1,1,1,36,2,2,0.0,0.0,0.0,0.0,0.0,3.0,2,7,1
186480,4,10,3,17,2,3,4,5,1,1,2,36,2,2,0.0,0.0,0.0,0.0,0.0,2.0,14,4,12
37141,15,2,3,0,8,3,0,1,1,1,2,18,2,2,0.0,0.0,0.0,0.0,0.0,2.0,15,1,3
181123,16,10,1,17,2,3,6,1,1,1,2,36,2,2,0.0,0.0,0.0,0.0,0.0,2.0,21,6,12
10366,16,11,3,15,6,3,5,5,1,1,1,36,2,2,0.0,0.0,0.0,0.0,0.0,5.0,9,6,1
52818,16,2,1,17,6,3,0,1,1,1,2,24,2,2,0.0,0.0,0.0,0.0,0.0,2.0,20,1,4
50032,16,2,3,17,2,3,0,1,0,1,2,36,2,2,0.0,0.0,0.0,0.0,0.0,2.0,18,7,4
86906,16,2,3,10,6,3,0,1,0,1,2,23,2,2,0.0,0.0,0.0,0.0,0.0,3.0,12,7,6
78818,16,2,3,17,2,3,0,1,0,1,2,18,2,2,0.0,0.0,0.0,0.0,0.0,3.0,16,5,6
165502,15,2,3,0,8,3,0,1,0,1,2,18,2,3,5.0,0.0,0.0,5.0,0.0,2.0,14,2,11
81692,4,2,2,15,6,3,0,1,1,1,1,36,2,2,0.0,0.0,0.0,0.0,0.0,2.0,13,6,6
50762,16,2,3,2,2,3,0,1,1,1,0,14,1,2,0.0,0.0,0.0,0.0,0.0,1.0,18,5,4
107720,16,2,3,0,8,3,0,1,1,1,2,6,2,2,0.0,0.0,0.0,0.0,0.0,2.0,11,2,8
85362,16,2,3,15,2,3,0,5,1,1,0,12,2,2,0.0,0.0,0.0,0.0,0.0,2.0,9,4,6
160236,15,2,3,0,12,3,0,1,1,1,0,12,2,2,0.0,0.0,0.0,0.0,0.0,2.0,10,6,11
83922,15,2,3,0,8,3,0,1,1,1,2,17,2,2,0.0,0.0,0.0,0.0,0.0,3.0,12,3,6
100588,16,2,3,10,3,3,0,1,1,1,2,19,2,2,0.0,0.0,0.0,0.0,0.0,2.0,9,2,7
176131,15,2,3,9,6,3,0,1,0,1,2,18,2,3,1.0,0.0,0.0,1.0,0.0,1.0,13,1,12
108378,15,2,3,0,8,3,0,5,0,1,2,18,2,4,1.0,0.0,0.0,0.0,1.0,2.0,7,6,8
107131,16,2,3,10,8,3,0,1,1,1,1,19,2,2,0.0,0.0,0.0,0.0,0.0,2.0,16,3,8
64138,15,2,3,0,8,3,0,1,1,1,1,36,2,2,0.0,0.0,0.0,0.0,0.0,2.0,16,5,5
120163,15,2,3,0,15,3,0,5,0,1,2,5,2,1,1.0,0.0,1.0,0.0,0.0,1.0,15,2,8
87442,15,11,5,0,6,3,5,5,1,1,1,5,2,2,0.0,0.0,0.0,0.0,0.0,2.0,0,1,6
77388,17,11,5,11,17,3,5,5,0,1,1,21,2,4,1.0,0.0,0.0,0.0,1.0,1.0,11,6,6
50420,17,11,5,9,17,3,5,5,0,1,2,36,2,3,1.0,0.0,0.0,1.0,0.0,1.0,19,6,4
30000,16,2,3,10,2,3,0,1,1,1,2,19,2,2,0.0,0.0,0.0,0.0,0.0,2.0,15,2,3
123844,16,2,3,10,3,2,0,1,1,1,1,19,2,2,0.0,0.0,0.0,0.0,0.0,2.0,15,5,9
108539,4,2,3,0,15,3,0,1,1,1,0,28,2,2,0.0,0.0,0.0,0.0,0.0,2.0,15,3,8
9249,4,10,3,17,8,3,4,5,0,1,2,39,2,4,1.0,0.0,0.0,0.0,1.0,2.0,13,7,1
13333,16,3,3,10,5,3,6,1,1,1,0,17,2,2,0.0,0.0,0.0,0.0,0.0,3.0,11,7,1
143891,15,7,0,17,8,3,6,5,1,0,2,18,2,2,0.0,0.0,0.0,0.0,0.0,4.0,19,4,10
35412,15,2,1,17,8,3,0,1,1,1,0,18,2,2,0.0,0.0,0.0,0.0,0.0,2.0,1,7,3
143507,16,2,3,0,3,3,0,1,0,1,2,6,2,2,0.0,0.0,0.0,0.0,0.0,2.0,9,5,10
14915,15,2,1,10,8,3,6,1,0,1,2,36,2,4,3.0,0.0,0.0,0.0,3.0,3.0,17,2,1
44873,16,2,3,17,6,3,0,1,0,1,2,18,3,4,3.0,0.0,0.0,0.0,3.0,2.0,16,7,4
16850,16,2,3,17,1,3,0,1,1,1,0,18,2,2,0.0,0.0,0.0,0.0,0.0,3.0,9,6,2
98523,4,2,3,17,8,3,0,1,1,1,2,18,2,2,0.0,0.0,0.0,0.0,0.0,2.0,17,5,7
58933,4,2,3,15,2,3,0,1,1,1,1,18,2,2,0.0,0.0,0.0,0.0,0.0,2.0,15,2,5
114671,16,7,0,9,10,3,6,5,0,1,0,38,2,4,1.0,0.0,0.0,0.0,1.0,1.0,9,3,8
105722,16,2,0,17,8,3,0,1,1,1,2,36,2,2,0.0,0.0,0.0,0.0,0.0,5.0,23,7,8
177918,16,2,3,0,8,3,0,5,1,1,2,36,2,2,0.0,0.0,0.0,0.0,0.0,2.0,11,4,12
183201,16,2,3,0,8,3,0,1,1,1,1,6,2,2,0.0,0.0,0.0,0.0,0.0,2.0,13,6,12
172795,16,2,3,10,8,3,0,1,0,1,2,36,3,3,2.0,0.0,0.0,2.0,0.0,3.0,9,7,12
8199,15,3,3,17,8,3,4,5,1,1,1,36,2,2,0.0,0.0,0.0,0.0,0.0,2.0,17,5,1
30128,16,2,3,8,10,3,0,1,0,1,2,38,2,3,1.0,0.0,0.0,1.0,0.0,1.0,8,2,3
181341,16,2,1,10,8,3,0,1,1,0,2,19,2,2,0.0,0.0,0.0,0.0,0.0,2.0,19,1,12
48822,6,2,3,17,2,3,0,1,1,1,2,4,2,2,0.0,0.0,0.0,0.0,0.0,2.0,17,6,4
163549,16,2,4,15,8,3,0,1,1,0,1,22,2,2,0.0,0.0,0.0,0.0,0.0,2.0,21,5,11
84777,4,2,3,0,8,3,0,1,0,1,2,36,2,3,3.0,0.0,0.0,3.0,0.0,1.0,14,3,6
94404,16,2,3,17,6,3,0,1,0,1,2,36,3,2,0.0,0.0,0.0,0.0,0.0,7.0,17,5,7
104771,15,7,3,10,8,3,6,1,0,1,1,19,2,4,2.0,0.0,0.0,0.0,2.0,1.0,18,1,8
132541,15,2,3,9,8,3,0,1,0,1,0,12,2,3,1.0,0.0,0.0,1.0,0.0,1.0,14,7,9
2689,16,2,1,15,8,3,0,1,1,1,2,36,2,2,0.0,0.0,0.0,0.0,0.0,3.0,17,5,1
3458,15,2,1,17,2,3,0,1,1,1,2,18,2,2,0.0,0.0,0.0,0.0,0.0,5.0,18,2,1
169223,16,7,0,0,8,3,0,1,0,1,2,6,2,2,0.0,0.0,0.0,0.0,0.0,3.0,17,1,11
76117,4,2,3,17,2,3,0,1,0,1,2,18,2,3,1.0,0.0,0.0,1.0,0.0,3.0,19,7,6
127892,16,2,3,15,8,3,0,1,1,1,2,22,2,2,0.0,0.0,0.0,0.0,0.0,2.0,9,6,9
55805,16,3,3,8,6,3,6,1,0,1,2,36,2,3,1.0,0.0,0.0,1.0,0.0,1.0,13,7,4
77459,4,2,3,7,15,3,0,1,1,1,2,24,2,2,0.0,0.0,0.0,0.0,0.0,1.0,11,7,6
36874,15,3,3,0,10,3,6,5,1,1,2,18,2,2,0.0,0.0,0.0,0.0,0.0,2.0,19,5,3
90008,16,2,1,0,6,3,0,1,0,1,2,12,2,1,2.0,0.0,1.0,1.0,0.0,0.0,23,6,7
132393,16,2,1,0,6,3,0,1,0,1,2,13,2,3,1.0,0.0,0.0,1.0,0.0,2.0,21,7,9
105275,16,2,3,8,8,3,0,1,0,1,1,18,3,1,1.0,0.0,1.0,0.0,0.0,2.0,14,2,8
88188,16,3,3,17,10,3,6,1,0,1,2,24,2,3,1.0,0.0,0.0,1.0,0.0,1.0,18,7,7
125194,15,2,3,9,6,3,0,1,0,1,0,36,3,3,2.0,0.0,0.0,2.0,0.0,4.0,15,5,9
124503,15,2,3,0,8,3,0,1,1,1,1,38,2,2,0.0,0.0,0.0,0.0,0.0,2.0,11,7,9
48923,4,2,3,15,8,3,0,1,1,0,2,12,2,2,0.0,0.0,0.0,0.0,0.0,2.0,12,7,4
109009,16,2,3,17,8,3,0,1,1,1,2,23,2,2,0.0,0.0,0.0,0.0,0.0,2.0,14,3,8
104139,16,2,3,17,8,2,0,1,1,1,1,24,2,2,0.0,0.0,0.0,0.0,0.0,2.0,12,5,8
106439,16,2,1,10,3,4,0,4,1,1,2,6,2,2,0.0,0.0,0.0,0.0,0.0,2.0,20,5,8
22553,16,2,3,17,3,3,0,1,1,1,2,36,2,2,0.0,0.0,0.0,0.0,0.0,2.0,12,4,2
141962,16,2,0,15,10,3,0,1,1,1,1,36,2,2,0.0,0.0,0.0,0.0,0.0,2.0,19,6,10
19918,16,10,3,0,6,3,4,5,1,1,2,18,2,2,0.0,0.0,0.0,0.0,0.0,3.0,12,5,2
57506,4,2,1,4,8,3,0,2,0,0,2,33,1,4,1.0,0.0,0.0,0.0,1.0,0.0,2,6,5
33773,15,2,3,0,6,3,5,5,1,1,2,5,2,2,0.0,0.0,0.0,0.0,0.0,2.0,17,3,3
7467,17,11,1,10,8,3,5,5,1,1,2,36,2,2,0.0,0.0,0.0,0.0,0.0,2.0,19,2,1
44846,16,2,3,0,8,3,0,1,1,1,2,6,2,2,0.0,0.0,0.0,0.0,0.0,2.0,8,5,4
56378,16,7,3,0,6,3,6,1,1,1,2,6,2,2,0.0,0.0,0.0,0.0,0.0,2.0,17,2,5
77489,16,2,4,10,6,3,0,5,0,1,2,17,2,2,0.0,0.0,0.0,0.0,0.0,2.0,18,1,6
79227,16,2,3,17,8,3,0,1,0,1,2,26,2,4,2.0,0.0,0.0,0.0,2.0,2.0,13,6,6
7990,17,2,1,17,0,3,0,5,1,1,0,26,2,2,0.0,0.0,0.0,0.0,0.0,2.0,20,3,1
12311,4,3,3,17,2,3,0,1,1,1,1,24,2,2,0.0,0.0,0.0,0.0,0.0,2.0,15,5,1
88737,17,11,5,0,15,3,5,5,1,1,2,36,2,2,0.0,0.0,0.0,0.0,0.0,2.0,14,3,7
105860,15,2,3,8,16,3,0,1,0,1,0,11,2,1,1.0,0.0,1.0,0.0,0.0,1.0,9,3,8
188624,4,2,1,17,8,3,6,1,0,1,2,18,2,4,1.0,0.0,0.0,0.0,1.0,4.0,21,1,12
84631,16,2,3,17,8,3,0,1,1,1,2,19,2,2,0.0,0.0,0.0,0.0,0.0,2.0,14,2,6
88288,15,2,3,0,8,3,0,1,1,1,2,5,2,2,0.0,0.0,0.0,0.0,0.0,2.0,14,1,7
33422,16,2,3,17,2,3,0,1,1,1,0,24,2,2,0.0,0.0,0.0,0.0,0.0,3.0,11,2,3
121316,16,2,3,0,8,3,6,1,0,1,2,6,2,3,1.0,0.0,0.0,1.0,0.0,1.0,6,4,9
158127,15,11,5,0,8,3,0,5,1,1,1,36,2,2,0.0,0.0,0.0,0.0,0.0,2.0,16,2,11
185366,4,2,3,10,8,3,0,1,1,1,1,19,2,2,0.0,0.0,0.0,0.0,0.0,2.0,15,3,12
61441,16,2,3,10,6,3,0,1,1,1,2,36,3,2,0.0,0.0,0.0,0.0,0.0,3.0,7,5,5
106593,4,11,3,17,6,3,6,5,1,1,2,36,2,2,0.0,0.0,0.0,0.0,0.0,3.0,10,7,8
134063,16,7,3,17,8,3,6,1,1,1,1,36,2,2,0.0,0.0,0.0,0.0,0.0,2.0,13,3,9
25112,16,7,3,0,5,3,6,1,1,1,1,6,2,2,0.0,0.0,0.0,0.0,0.0,2.0,15,4,2
132971,16,7,3,17,5,3,6,5,0,1,2,6,3,4,1.0,0.0,0.0,0.0,1.0,3.0,8,1,9
124024,16,2,3,0,8,3,0,1,0,1,2,6,2,4,1.0,0.0,0.0,0.0,1.0,1.0,11,7,9
83140,16,7,3,10,8,3,0,1,1,1,1,17,2,2,0.0,0.0,0.0,0.0,0.0,3.0,11,4,6
85655,16,2,3,10,2,3,0,1,1,1,2,19,2,2,0.0,0.0,0.0,0.0,0.0,2.0,20,2,6
42092,4,2,1,17,6,3,0,1,0,1,2,23,2,4,1.0,0.0,0.0,0.0,1.0,1.0,20,5,3
89590,15,2,3,8,6,3,0,1,0,1,1,5,2,4,1.0,0.0,0.0,0.0,1.0,1.0,10,7,7
76837,16,2,3,17,6,3,0,5,1,1,2,19,2,2,0.0,0.0,0.0,0.0,0.0,2.0,16,5,6
38336,4,2,3,17,15,3,0,1,1,1,2,19,2,2,0.0,0.0,0.0,0.0,0.0,2.0,8,4,3
578,16,2,1,10,3,3,0,1,0,1,2,36,2,4,1.0,0.0,0.0,0.0,1.0,1.0,18,3,1
83561,16,2,3,15,2,3,0,1,1,1,2,12,2,2,0.0,0.0,0.0,0.0,0.0,2.0,9,5,6
149836,4,2,3,17,8,3,0,1,1,1,2,36,2,2,0.0,0.0,0.0,0.0,0.0,3.0,13,2,10
133386,6,2,3,15,15,3,0,5,0,1,1,18,2,2,0.0,0.0,0.0,0.0,0.0,3.0,16,6,9
129311,16,2,3,10,6,3,5,5,1,1,1,36,2,2,0.0,0.0,0.0,0.0,0.0,2.0,7,6,9
75764,16,2,3,10,8,3,0,5,0,1,2,26,3,2,0.0,0.0,0.0,0.0,0.0,3.0,15,3,6
14493,16,2,3,17,6,3,5,5,1,1,2,36,2,2,0.0,0.0,0.0,0.0,0.0,5.0,15,2,1
59932,16,2,3,11,2,3,0,1,1,1,2,21,2,2,0.0,0.0,0.0,0.0,0.0,2.0,15,4,5
76728,4,2,3,17,3,3,0,1,0,1,2,24,2,4,1.0,0.0,0.0,0.0,1.0,1.0,9,2,6
47301,15,7,1,10,6,3,6,1,1,0,2,9,3,2,0.0,0.0,0.0,0.0,0.0,2.0,22,1,4
183117,16,2,3,17,13,3,0,1,1,1,2,22,2,2,0.0,0.0,0.0,0.0,0.0,2.0,11,4,12
52788,15,7,3,17,2,3,6,5,0,1,2,36,2,4,1.0,0.0,0.0,0.0,1.0,2.0,14,1,4
85095,16,2,3,0,6,3,0,1,0,1,2,18,2,2,0.0,0.0,0.0,0.0,0.0,3.0,6,1,6
11053,16,2,1,10,2,3,0,1,0,1,2,19,2,2,0.0,0.0,0.0,0.0,0.0,3.0,18,3,1
159274,16,3,3,9,2,3,0,1,0,1,0,18,2,3,1.0,0.0,0.0,1.0,0.0,1.0,14,4,11
13387,16,2,1,10,1,3,0,1,1,1,0,19,2,2,0.0,0.0,0.0,0.0,0.0,4.0,19,1,1
96317,16,2,3,10,8,3,0,1,1,1,2,36,2,2,0.0,0.0,0.0,0.0,0.0,4.0,12,6,7
92934,16,7,3,10,2,3,6,1,1,1,2,19,2,2,0.0,0.0,0.0,0.0,0.0,2.0,9,4,7
59825,4,2,3,17,10,3,0,1,1,1,2,36,2,2,0.0,0.0,0.0,0.0,0.0,3.0,18,1,5
161450,15,2,0,10,2,3,0,1,1,1,2,36,2,2,0.0,0.0,0.0,0.0,0.0,2.0,19,1,11
52709,15,2,1,17,2,3,0,5,1,1,2,18,2,2,0.0,0.0,0.0,0.0,0.0,3.0,19,6,4
132187,15,7,3,0,6,3,6,1,0,1,2,36,2,2,0.0,0.0,0.0,0.0,0.0,4.0,7,3,9
184637,16,11,5,10,6,3,5,5,1,1,2,36,2,2,0.0,0.0,0.0,0.0,0.0,5.0,12,6,12
143022,16,2,3,17,8,3,0,1,0,1,1,18,2,2,0.0,0.0,0.0,0.0,0.0,5.0,14,7,10
130692,15,2,3,0,8,3,0,1,1,1,2,18,2,2,0.0,0.0,0.0,0.0,0.0,4.0,17,3,9
151792,15,2,1,0,8,3,0,1,0,1,2,18,3,3,4.0,0.0,0.0,4.0,0.0,1.0,22,1,10
1487,4,2,1,17,10,3,0,1,1,1,1,19,2,2,0.0,0.0,0.0,0.0,0.0,2.0,19,4,1
4093,16,7,3,15,8,3,6,1,1,1,0,19,2,2,0.0,0.0,0.0,0.0,0.0,2.0,10,5,1
173781,16,2,4,10,2,3,0,1,1,1,1,36,2,2,0.0,0.0,0.0,0.0,0.0,4.0,16,2,12
122032,16,2,1,0,6,3,0,1,0,1,2,6,2,3,3.0,0.0,0.0,1.0,2.0,3.0,23,7,9
130732,16,2,3,10,2,3,0,1,1,1,1,36,2,2,0.0,0.0,0.0,0.0,0.0,2.0,12,3,9
176741,16,2,3,15,8,3,0,1,1,0,1,36,2,2,0.0,0.0,0.0,0.0,0.0,2.0,12,2,12
141682,16,2,3,9,1,3,0,1,0,1,0,38,2,4,1.0,0.0,0.0,0.0,1.0,3.0,14,1,10
29124,16,2,1,0,6,3,0,1,1,1,2,36,2,2,0.0,0.0,0.0,0.0,0.0,3.0,22,7,3
113818,15,2,5,15,6,3,0,1,1,1,1,23,2,2,0.0,0.0,0.0,0.0,0.0,2.0,11,5,8
181351,16,2,0,8,2,3,0,1,0,1,0,18,2,3,1.0,0.0,0.0,1.0,0.0,1.0,21,1,12
134618,4,2,1,2,6,3,6,1,0,1,2,36,1,2,0.0,0.0,0.0,0.0,0.0,2.0,0,1,9
170593,16,2,1,17,8,3,0,1,0,1,2,19,2,2,0.0,0.0,0.0,0.0,0.0,2.0,20,4,11
98333,15,7,3,8,8,3,6,5,1,1,1,36,2,2,0.0,0.0,0.0,0.0,0.0,2.0,16,1,7
9078,17,11,5,10,6,3,5,5,1,1,2,36,2,2,0.0,0.0,0.0,0.0,0.0,2.0,19,5,1
57964,16,2,3,15,3,3,0,1,1,1,2,23,2,2,0.0,0.0,0.0,0.0,0.0,3.0,8,6,5
110737,16,2,1,0,8,3,0,1,0,1,2,6,2,2,0.0,0.0,0.0,0.0,0.0,3.0,23,7,8
149063,15,2,3,0,8,3,0,5,0,1,2,18,2,2,0.0,0.0,0.0,0.0,0.0,2.0,9,6,10
153998,16,2,1,10,8,3,0,1,1,1,2,19,2,2,0.0,0.0,0.0,0.0,0.0,2.0,19,2,10
99548,15,2,3,9,6,3,0,1,0,1,0,18,2,3,1.0,0.0,0.0,1.0,0.0,1.0,16,7,7
87383,16,2,1,17,6,3,0,1,1,1,1,18,2,2,0.0,0.0,0.0,0.0,0.0,2.0,2,1,6
94436,16,2,3,10,10,3,0,1,0,1,2,36,2,4,4.0,0.0,0.0,0.0,4.0,1.0,12,5,7
171904,15,2,1,9,15,3,0,5,0,1,0,18,2,3,1.0,0.0,0.0,1.0,0.0,1.0,17,3,11
81444,16,11,5,10,8,3,5,5,1,1,2,19,2,2,0.0,0.0,0.0,0.0,0.0,2.0,8,3,6
169174,16,2,1,17,8,3,0,1,1,1,0,36,2,2,0.0,0.0,0.0,0.0,0.0,2.0,18,7,11
97377,15,2,1,0,6,3,0,1,0,1,2,5,2,2,0.0,0.0,0.0,0.0,0.0,2.0,2,2,7
119688,15,2,3,0,8,3,0,1,0,1,2,18,3,3,1.0,0.0,0.0,1.0,0.0,2.0,7,2,8
179075,16,2,3,10,8,3,0,1,1,1,2,19,2,2,0.0,0.0,0.0,0.0,0.0,2.0,14,6,12
166107,15,7,1,0,8,3,6,1,0,1,2,18,2,2,0.0,0.0,0.0,0.0,0.0,2.0,17,3,11
22221,15,2,3,0,8,3,0,1,0,1,2,18,4,1,2.0,0.0,2.0,0.0,0.0,0.0,8,7,2
57389,16,2,3,17,6,3,0,1,0,1,2,18,3,3,1.0,0.0,0.0,1.0,0.0,2.0,13,6,5
21436,16,2,1,17,3,3,0,1,0,1,2,24,2,3,2.0,0.0,0.0,2.0,0.0,1.0,1,2,2
174460,15,3,3,0,8,3,0,1,0,1,2,3,2,2,0.0,0.0,0.0,0.0,0.0,3.0,12,4,12
92683,16,7,3,0,2,3,6,1,0,1,2,11,2,4,1.0,0.0,0.0,0.0,1.0,1.0,15,7,7
99357,16,2,3,17,6,3,0,1,1,1,1,24,2,2,0.0,0.0,0.0,0.0,0.0,2.0,18,3,7
179667,16,2,3,10,8,3,0,1,1,1,2,19,2,2,0.0,0.0,0.0,0.0,0.0,3.0,14,7,12
12877,16,2,3,17,6,3,6,1,1,1,2,36,2,2,0.0,0.0,0.0,0.0,0.0,2.0,8,6,1
92107,15,2,3,0,2,3,0,1,1,1,2,5,2,2,0.0,0.0,0.0,0.0,0.0,2.0,17,5,7
127553,16,2,3,10,8,3,0,1,1,1,2,36,2,2,0.0,0.0,0.0,0.0,0.0,4.0,14,3,9
165884,16,2,1,10,8,3,6,1,1,1,2,36,2,2,0.0,0.0,0.0,0.0,0.0,4.0,20,2,11
74584,16,2,3,15,3,3,0,1,1,1,0,26,2,2,0.0,0.0,0.0,0.0,0.0,2.0,11,5,6
179962,16,2,1,9,6,3,0,6,0,1,2,18,2,1,1.0,0.0,1.0,0.0,0.0,1.0,18,5,12
77288,15,2,3,0,18,3,0,1,0,1,2,36,2,2,0.0,0.0,0.0,0.0,0.0,3.0,16,5,6
137080,4,2,3,17,2,3,0,1,1,1,1,36,2,2,0.0,0.0,0.0,0.0,0.0,2.0,16,7,9
29818,16,2,1,15,6,3,0,1,1,1,2,22,2,2,0.0,0.0,0.0,0.0,0.0,2.0,14,5,3
126874,4,7,3,17,8,3,6,1,1,1,2,4,2,2,0.0,0.0,0.0,0.0,0.0,2.0,12,7,9
24791,16,2,1,17,8,3,0,1,1,1,2,36,2,2,0.0,0.0,0.0,0.0,0.0,3.0,20,4,2
178685,16,2,1,9,2,3,0,5,0,1,0,36,2,3,1.0,0.0,0.0,1.0,0.0,1.0,19,2,12
20706,16,2,3,10,8,3,6,1,1,1,2,19,3,2,0.0,0.0,0.0,0.0,0.0,3.0,8,4,2
152861,16,2,3,15,8,3,0,1,0,1,1,12,2,4,1.0,0.0,0.0,0.0,1.0,2.0,9,6,10
111873,16,2,3,10,6,3,0,1,0,1,2,17,2,2,0.0,0.0,0.0,0.0,0.0,2.0,16,5,8
2181,16,2,3,10,8,3,0,1,1,1,1,26,2,2,0.0,0.0,0.0,0.0,0.0,2.0,10,3,1
28665,15,2,3,0,6,3,0,1,0,1,2,11,2,3,4.0,0.0,0.0,4.0,0.0,2.0,19,6,3
52725,16,2,3,15,8,3,0,1,1,1,1,22,2,2,0.0,0.0,0.0,0.0,0.0,2.0,14,7,4
31092,16,2,3,0,8,3,0,1,0,1,2,6,3,1,2.0,0.0,1.0,1.0,0.0,1.0,16,5,3
131796,16,2,1,17,8,3,0,1,1,1,0,22,2,2,0.0,0.0,0.0,0.0,0.0,3.0,22,6,9
99176,16,2,3,10,6,3,0,1,0,1,2,17,4,2,0.0,0.0,0.0,0.0,0.0,9.0,17,2,7
71802,16,2,3,0,11,3,0,1,1,1,2,24,2,2,0.0,0.0,0.0,0.0,0.0,2.0,11,5,6
165533,4,2,3,17,6,3,6,1,0,1,2,36,3,2,0.0,0.0,0.0,0.0,0.0,3.0,7,2,11
78909,4,2,3,0,2,3,0,1,0,1,2,18,2,4,1.0,0.0,0.0,0.0,1.0,1.0,19,6,6
69096,15,2,3,17,6,3,0,1,0,1,2,5,2,3,1.0,0.0,0.0,1.0,0.0,2.0,11,6,5
122423,15,2,1,0,15,3,0,1,0,1,2,36,2,1,3.0,0.0,3.0,0.0,0.0,0.0,0,4,9
152172,4,7,3,10,3,3,6,1,1,1,1,26,2,2,0.0,0.0,0.0,0.0,0.0,12.0,17,4,10
149183,16,2,3,17,2,3,0,1,0,1,2,17,2,3,1.0,0.0,0.0,1.0,0.0,4.0,13,7,10
27172,16,11,3,10,6,3,5,5,1,1,2,19,2,2,0.0,0.0,0.0,0.0,0.0,2.0,11,2,2
135793,18,2,3,10,3,3,5,5,1,1,0,36,2,2,0.0,0.0,0.0,0.0,0.0,2.0,10,4,9
52298,15,2,1,10,8,3,0,1,1,1,2,19,2,2,0.0,0.0,0.0,0.0,0.0,2.0,18,6,4
72275,4,7,1,0,8,3,6,1,0,1,2,36,3,2,0.0,0.0,0.0,0.0,0.0,2.0,22,7,6
68517,16,2,1,17,8,3,0,1,1,1,2,17,2,2,0.0,0.0,0.0,0.0,0.0,2.0,20,5,5
2582,15,2,3,9,8,3,0,1,0,1,0,18,2,3,2.0,0.0,0.0,2.0,0.0,1.0,7,2,1
137722,16,2,3,17,2,3,0,1,1,1,2,24,2,2,0.0,0.0,0.0,0.0,0.0,2.0,9,2,10
101705,16,2,3,15,6,3,0,1,1,0,2,36,3,2,0.0,0.0,0.0,0.0,0.0,2.0,17,5,7
75761,15,11,3,9,10,3,5,5,0,1,0,36,2,4,1.0,0.0,0.0,0.0,1.0,1.0,14,3,6
91401,16,2,0,17,8,3,0,1,0,1,2,36,2,3,7.0,0.0,0.0,3.0,4.0,2.0,0,1,7
167145,16,2,1,10,8,3,0,1,1,1,2,22,2,2,0.0,0.0,0.0,0.0,0.0,2.0,18,4,11
72956,4,2,3,17,8,3,0,1,0,1,2,19,2,4,1.0,0.0,0.0,0.0,1.0,3.0,16,2,6
185452,4,2,3,7,10,3,0,1,1,1,1,12,2,2,0.0,0.0,0.0,0.0,0.0,2.0,9,5,12
14367,17,11,1,11,18,3,5,5,1,1,2,26,2,2,0.0,0.0,0.0,0.0,0.0,2.0,22,5,1
60438,16,2,3,17,6,3,0,1,0,1,2,24,2,2,0.0,0.0,0.0,0.0,0.0,3.0,11,3,5
12191,16,2,3,0,2,3,6,1,0,1,2,6,3,2,0.0,0.0,0.0,0.0,0.0,6.0,15,3,1
17128,16,8,3,10,6,3,0,1,0,1,1,19,2,2,0.0,0.0,0.0,0.0,0.0,2.0,8,6,2
37795,4,2,3,10,2,3,0,1,1,1,1,26,2,2,0.0,0.0,0.0,0.0,0.0,5.0,16,1,3
124184,4,2,3,0,11,3,0,5,0,1,2,36,2,3,1.0,0.0,0.0,1.0,0.0,1.0,17,4,9
8363,16,2,1,2,8,3,1,1,0,1,2,12,1,3,1.0,0.0,0.0,1.0,0.0,0.0,21,1,1
9293,16,2,1,11,6,3,0,1,1,1,2,26,2,2,0.0,0.0,0.0,0.0,0.0,2.0,1,1,1
17075,16,10,0,0,6,3,4,1,0,1,2,6,2,2,0.0,0.0,0.0,0.0,0.0,2.0,23,4,2
172554,16,2,1,0,18,3,0,1,0,1,2,6,2,2,0.0,0.0,0.0,0.0,0.0,2.0,22,5,12
182183,16,7,1,10,2,3,6,1,0,0,1,39,3,3,1.0,0.0,0.0,1.0,0.0,2.0,1,7,12