crash_date,               traffic_control_device,weather_condition,lighting_condition,first_crash_type,trafficway_type,alignment,roadway_surface_cond,road_defect,crash_type,intersection_related_i,damage,prim_contributory_cause,num_units,most_severe_injury,injuries_total,injuries_fatal,injuries_incapacitating,injuries_non_incapacitating,injuries_reported_not_evident,injuries_no_indication,crash_hour,crash_day_of_week,crash_month
114771,15,2,3,17,8,3,0,1,0,1,2,23,2,2,0.0,0.0,0.0,0.0,0.0,4.0,15,6,8
150101,16,2,1,10,8,4,0,1,0,1,2,19,2,1,2.0,0.0,1.0,0.0,1.0,0.0,23,6,10
181683,16,2,1,10,6,3,5,5,1,1,2,36,2,2,0.0,0.0,0.0,0.0,0.0,2.0,6,7,12
78650,16,2,3,10,6,3,0,1,1,1,2,19,2,2,0.0,0.0,0.0,0.0,0.0,2.0,10,3,6
184137,15,2,3,10,8,3,0,5,1,1,2,17,2,2,0.0,0.0,0.0,0.0,0.0,3.0,11,7,12
55203,4,7,3,8,6,3,6,1,0,1,0,36,2,3,1.0,0.0,0.0,1.0,0.0,1.0,13,4,4
148329,16,2,4,15,8,3,0,5,0,0,2,19,3,3,2.0,0.0,0.0,2.0,0.0,2.0,16,3,10
40992,16,2,1,10,8,3,0,1,0,1,2,17,3,2,0.0,0.0,0.0,0.0,0.0,3.0,21,3,3
152424,15,7,0,0,2,3,6,1,0,1,2,18,2,3,2.0,0.0,0.0,2.0,0.0,2.0,21,7,10
18709,15,2,1,0,8,3,0,1,0,1,2,18,2,2,0.0,0.0,0.0,0.0,0.0,2.0,17,5,2
33669,16,2,1,17,8,3,0,5,0,1,2,6,2,4,1.0,0.0,0.0,0.0,1.0,2.0,23,7,3
84104,4,2,3,11,8,3,0,5,0,1,2,21,2,2,0.0,0.0,0.0,0.0,0.0,2.0,9,6,6
5715,4,2,1,15,3,4,0,1,0,0,2,36,3,4,2.0,0.0,0.0,0.0,2.0,2.0,18,3,1
68844,15,2,3,17,8,3,0,1,1,1,2,22,2,2,0.0,0.0,0.0,0.0,0.0,2.0,10,3,5
99569,4,2,1,13,18,3,5,5,1,1,1,36,2,2,0.0,0.0,0.0,0.0,0.0,2.0,21,7,7
74170,16,2,3,17,15,3,5,5,0,1,2,36,2,2,0.0,0.0,0.0,0.0,0.0,2.0,20,7,6
150227,16,2,1,10,2,3,0,1,0,1,2,36,3,4,2.0,0.0,0.0,0.0,2.0,3.0,20,1,10
113474,17,11,3,9,6,3,0,1,0,1,0,36,2,3,2.0,0.0,0.0,2.0,0.0,0.0,13,1,8
108153,16,2,3,17,6,3,0,1,1,1,2,35,4,2,0.0,0.0,0.0,0.0,0.0,3.0,16,5,8
147223,16,11,3,0,3,3,5,5,1,1,2,36,2,2,0.0,0.0,0.0,0.0,0.0,3.0,12,1,10
100132,16,2,3,0,6,3,0,1,0,1,2,18,2,4,2.0,0.0,0.0,0.0,2.0,0.0,10,2,7
27493,4,2,3,17,15,3,0,1,0,1,2,36,2,3,1.0,0.0,0.0,1.0,0.0,2.0,11,1,2
71600,4,2,3,7,12,3,0,1,1,1,1,21,2,2,0.0,0.0,0.0,0.0,0.0,1.0,14,4,5
52488,15,2,0,0,8,3,0,5,0,0,2,12,2,2,0.0,0.0,0.0,0.0,0.0,2.0,17,3,4
106672,16,2,3,9,6,3,0,1,0,1,2,36,2,3,1.0,0.0,0.0,1.0,0.0,1.0,12,2,8
109725,4,2,1,7,8,3,0,1,0,0,2,36,6,2,0.0,0.0,0.0,0.0,0.0,3.0,1,1,8
125273,16,2,3,17,6,3,0,5,1,1,0,12,2,2,0.0,0.0,0.0,0.0,0.0,2.0,17,6,9
34831,15,2,3,10,8,3,4,1,1,1,1,12,2,2,0.0,0.0,0.0,0.0,0.0,2.0,7,4,3
112778,16,2,1,0,1,3,0,1,0,1,2,6,2,4,3.0,0.0,0.0,0.0,3.0,0.0,21,3,8
79923,16,2,1,10,11,3,0,1,0,1,2,19,2,4,2.0,0.0,0.0,0.0,2.0,0.0,21,6,6
145823,16,7,1,17,8,3,6,1,1,1,2,23,2,2,0.0,0.0,0.0,0.0,0.0,5.0,6,1,10
97405,16,2,3,10,6,3,0,1,1,1,1,19,2,2,0.0,0.0,0.0,0.0,0.0,2.0,8,2,7
43513,15,2,3,7,2,3,0,5,1,0,1,36,2,2,0.0,0.0,0.0,0.0,0.0,1.0,8,2,4
2442,16,2,3,10,2,3,0,1,1,1,2,19,2,2,0.0,0.0,0.0,0.0,0.0,4.0,15,7,1
15829,15,10,4,0,9,3,4,5,1,1,2,36,2,2,0.0,0.0,0.0,0.0,0.0,2.0,18,4,2
182759,17,2,1,10,6,3,0,1,1,1,2,36,2,2,0.0,0.0,0.0,0.0,0.0,2.0,20,7,12
72295,15,7,3,10,6,3,6,1,1,0,2,17,2,2,0.0,0.0,0.0,0.0,0.0,2.0,12,7,6
117558,16,2,4,15,8,3,0,1,1,1,0,22,2,2,0.0,0.0,0.0,0.0,0.0,2.0,19,6,8
94574,15,2,3,0,2,3,0,1,0,1,2,18,2,2,0.0,0.0,0.0,0.0,0.0,2.0,14,7,7
23299,4,10,1,10,10,3,1,1,1,1,2,39,2,2,0.0,0.0,0.0,0.0,0.0,2.0,3,6,2
147409,16,2,1,10,2,3,0,1,1,1,2,19,2,2,0.0,0.0,0.0,0.0,0.0,2.0,21,5,10
90919,16,2,3,10,8,3,0,1,1,1,1,36,2,2,0.0,0.0,0.0,0.0,0.0,3.0,18,6,7
2689,16,2,4,17,8,3,0,1,1,1,2,23,2,2,0.0,0.0,0.0,0.0,0.0,2.0,17,5,1
140308,15,2,3,17,6,3,0,1,0,1,2,24,3,3,2.0,0.0,0.0,2.0,0.0,0.0,16,5,10
142621,4,2,3,17,15,3,5,5,1,1,1,36,2,2,0.0,0.0,0.0,0.0,0.0,2.0,15,2,10
6670,16,2,1,17,1,3,0,1,1,1,2,36,2,2,0.0,0.0,0.0,0.0,0.0,3.0,5,3,1
18558,15,11,3,7,8,3,1,1,1,1,2,39,2,2,0.0,0.0,0.0,0.0,0.0,1.0,10,2,2
30613,16,2,3,0,11,3,0,1,0,1,2,36,2,3,2.0,0.0,0.0,1.0,1.0,0.0,13,4,3
40792,16,11,5,17,15,3,5,5,0,1,2,36,2,2,0.0,0.0,0.0,0.0,0.0,7.0,19,1,3
149036,15,2,3,17,6,3,0,1,0,1,1,18,2,4,1.0,0.0,0.0,0.0,1.0,1.0,16,6,10
66049,4,2,1,8,10,3,0,1,0,1,0,36,2,4,1.0,0.0,0.0,0.0,1.0,1.0,23,2,5
16735,15,2,1,0,2,3,0,1,1,1,0,36,2,2,0.0,0.0,0.0,0.0,0.0,2.0,17,7,2
118354,16,3,3,15,8,3,0,1,0,1,2,13,2,2,0.0,0.0,0.0,0.0,0.0,2.0,7,3,8
80873,16,2,3,10,6,3,0,5,1,1,2,18,2,2,0.0,0.0,0.0,0.0,0.0,2.0,15,2,6
183222,15,2,4,9,8,3,0,1,0,1,1,36,2,3,1.0,0.0,0.0,1.0,0.0,1.0,16,6,12
39009,16,3,1,9,8,3,6,1,0,1,2,36,2,3,1.0,0.0,0.0,1.0,0.0,1.0,20,1,3
137541,16,2,3,9,6,3,0,1,0,1,0,18,2,1,1.0,0.0,1.0,0.0,0.0,2.0,16,2,9
3496,16,2,1,0,2,3,0,1,0,1,2,6,2,2,0.0,0.0,0.0,0.0,0.0,2.0,2,3,1
10925,16,5,1,17,10,3,6,1,1,1,2,36,2,2,0.0,0.0,0.0,0.0,0.0,4.0,22,1,1
139889,4,2,1,17,10,3,0,1,1,1,1,36,2,2,0.0,0.0,0.0,0.0,0.0,2.0,21,4,10
68534,4,2,1,10,12,3,0,1,0,1,2,36,3,3,4.0,0.0,0.0,4.0,0.0,1.0,22,5,5
24034,16,7,2,9,8,3,6,1,0,1,2,38,2,3,1.0,0.0,0.0,1.0,0.0,1.0,6,3,2
4968,15,7,1,7,8,3,6,1,1,1,1,24,2,2,0.0,0.0,0.0,0.0,0.0,1.0,17,5,1
118037,16,2,3,0,8,3,0,1,0,1,2,36,2,2,0.0,0.0,0.0,0.0,0.0,2.0,12,6,8
125221,15,2,3,0,15,3,0,1,1,1,2,18,2,2,0.0,0.0,0.0,0.0,0.0,2.0,8,5,9
31824,15,2,3,17,18,3,6,1,1,1,2,36,2,2,0.0,0.0,0.0,0.0,0.0,5.0,16,6,3
164627,15,2,4,9,6,3,0,5,0,1,0,8,2,1,1.0,0.0,1.0,0.0,0.0,3.0,18,5,11
56640,16,7,3,0,6,3,6,1,0,1,1,6,2,3,1.0,0.0,0.0,1.0,0.0,1.0,10,5,5
9551,16,2,1,10,8,3,0,1,1,0,2,19,2,2,0.0,0.0,0.0,0.0,0.0,3.0,23,6,1
79745,16,2,3,10,2,3,5,5,1,1,2,17,2,2,0.0,0.0,0.0,0.0,0.0,3.0,13,5,6
14247,16,2,3,17,2,3,0,5,0,1,2,36,4,3,2.0,0.0,0.0,2.0,0.0,1.0,8,3,1
41371,15,2,3,9,10,3,0,1,0,1,0,18,2,4,1.0,0.0,0.0,0.0,1.0,1.0,17,4,3
22390,16,7,1,17,6,3,6,1,1,1,2,36,2,2,0.0,0.0,0.0,0.0,0.0,3.0,23,4,2
153239,16,7,1,15,8,3,6,1,1,1,2,23,2,2,0.0,0.0,0.0,0.0,0.0,2.0,19,6,10
35794,16,2,1,17,6,3,0,1,1,1,2,36,3,2,0.0,0.0,0.0,0.0,0.0,2.0,23,7,3
55511,16,7,2,15,2,3,6,5,1,1,1,36,2,2,0.0,0.0,0.0,0.0,0.0,2.0,16,7,4
74482,15,2,1,17,8,3,0,1,0,1,2,38,3,2,0.0,0.0,0.0,0.0,0.0,5.0,3,4,6
139845,16,2,1,3,2,3,0,5,1,1,2,6,2,2,0.0,0.0,0.0,0.0,0.0,2.0,22,6,10
95487,16,3,3,0,6,3,6,1,0,1,0,36,2,4,1.0,0.0,0.0,0.0,1.0,1.0,19,2,7
137359,15,2,3,17,15,3,0,1,1,1,2,36,2,2,0.0,0.0,0.0,0.0,0.0,2.0,14,6,9
184696,15,7,3,17,8,3,6,5,1,1,2,36,2,2,0.0,0.0,0.0,0.0,0.0,3.0,14,4,12
262,16,2,2,10,2,3,0,1,0,1,0,17,2,3,1.0,0.0,0.0,1.0,0.0,1.0,6,6,1
161125,4,2,3,15,8,3,0,5,1,0,2,23,2,2,0.0,0.0,0.0,0.0,0.0,2.0,7,4,11
11243,15,2,1,0,15,3,0,5,0,1,2,36,2,2,0.0,0.0,0.0,0.0,0.0,2.0,18,7,1
22703,15,7,3,10,15,3,6,1,0,0,2,17,2,3,1.0,0.0,0.0,1.0,0.0,2.0,15,2,2
68528,16,2,3,17,15,3,0,1,1,1,2,19,2,2,0.0,0.0,0.0,0.0,0.0,2.0,9,5,5
141801,15,2,0,9,8,3,0,1,1,1,0,36,2,2,0.0,0.0,0.0,0.0,0.0,2.0,16,3,10
37342,16,2,3,17,6,3,0,1,0,1,2,12,2,3,5.0,0.0,0.0,5.0,0.0,8.0,13,7,3
47481,16,2,3,0,6,3,0,1,1,1,2,6,2,2,0.0,0.0,0.0,0.0,0.0,2.0,8,4,4
98050,16,11,5,17,6,3,5,5,1,1,2,23,2,2,0.0,0.0,0.0,0.0,0.0,2.0,18,5,7
112062,4,2,3,0,8,3,0,1,1,1,1,36,2,2,0.0,0.0,0.0,0.0,0.0,2.0,13,6,8
59210,16,2,3,0,9,3,0,1,0,1,2,6,2,2,0.0,0.0,0.0,0.0,0.0,2.0,14,6,5
167007,15,10,3,10,8,3,4,1,1,1,2,39,2,2,0.0,0.0,0.0,0.0,0.0,3.0,15,7,11
57001,16,2,3,15,2,3,0,1,1,1,2,17,2,2,0.0,0.0,0.0,0.0,0.0,2.0,9,4,5
159077,17,2,3,0,15,3,5,5,0,1,2,26,2,3,2.0,0.0,0.0,2.0,0.0,0.0,8,2,11
75527,16,2,3,15,8,3,0,1,1,1,2,36,2,2,0.0,0.0,0.0,0.0,0.0,2.0,17,5,6
70332,16,2,3,0,1,3,0,5,0,1,2,18,6,4,1.0,0.0,0.0,0.0,1.0,6.0,13,6,5
162142,16,2,3,0,6,3,0,1,1,1,2,5,2,2,0.0,0.0,0.0,0.0,0.0,2.0,9,5,11
164439,16,2,1,17,8,3,0,1,0,1,2,18,2,4,1.0,0.0,0.0,0.0,1.0,4.0,18,2,11
19395,15,2,3,0,8,3,6,1,0,1,2,36,2,2,0.0,0.0,0.0,0.0,0.0,4.0,8,2,2
150102,15,2,1,17,6,3,2,2,0,1,2,36,2,2,0.0,0.0,0.0,0.0,0.0,5.0,23,6,10
81269,16,2,3,10,6,4,0,1,1,1,2,19,3,2,0.0,0.0,0.0,0.0,0.0,7.0,15,7,6
51099,16,7,3,8,8,4,6,6,0,1,0,22,2,3,1.0,0.0,0.0,1.0,0.0,1.0,17,5,4
12590,4,2,3,15,8,3,0,1,1,0,2,18,2,2,0.0,0.0,0.0,0.0,0.0,2.0,10,1,1
167284,4,2,1,17,8,3,0,1,0,1,0,36,2,2,0.0,0.0,0.0,0.0,0.0,2.0,19,7,11
131440,16,2,1,17,18,3,0,1,0,1,2,18,2,3,1.0,0.0,0.0,1.0,0.0,1.0,19,6,9
111367,16,2,3,10,2,3,0,1,1,1,2,36,2,2,0.0,0.0,0.0,0.0,0.0,2.0,17,4,8
69541,17,2,3,15,6,3,2,5,1,1,1,23,2,2,0.0,0.0,0.0,0.0,0.0,2.0,13,7,5
101771,16,2,3,0,8,3,0,1,0,1,2,6,2,4,2.0,0.0,0.0,0.0,2.0,2.0,16,7,7
91362,4,7,3,17,8,3,6,1,1,1,1,24,2,2,0.0,0.0,0.0,0.0,0.0,2.0,17,1,7
116653,15,2,3,10,6,3,0,1,0,0,2,17,2,4,2.0,0.0,0.0,0.0,2.0,3.0,10,7,8
152561,16,2,3,17,8,3,0,1,1,1,2,36,2,2,0.0,0.0,0.0,0.0,0.0,26.0,10,3,10
184435,4,2,3,9,8,3,0,5,0,1,2,18,2,1,1.0,0.0,1.0,0.0,0.0,1.0,10,3,12
131936,16,2,3,10,8,3,0,1,0,1,2,17,2,2,0.0,0.0,0.0,0.0,0.0,3.0,14,6,9
57453,15,2,3,17,8,3,0,1,1,1,2,24,2,2,0.0,0.0,0.0,0.0,0.0,3.0,11,6,5
157347,16,3,3,17,6,3,2,5,1,1,2,22,2,2,0.0,0.0,0.0,0.0,0.0,3.0,15,1,11
3198,15,2,3,17,15,3,0,1,1,1,2,18,2,2,0.0,0.0,0.0,0.0,0.0,3.0,14,6,1
89607,16,2,3,14,8,3,0,1,0,1,2,18,3,1,3.0,0.0,2.0,1.0,0.0,3.0,14,1,7
32233,16,2,3,3,8,4,0,5,0,1,2,12,2,2,0.0,0.0,0.0,0.0,0.0,2.0,17,4,3
180145,15,2,3,0,8,3,0,1,0,1,2,12,2,3,1.0,0.0,0.0,1.0,0.0,1.0,14,6,12
166822,15,2,1,17,6,3,0,1,0,1,2,18,2,2,0.0,0.0,0.0,0.0,0.0,4.0,17,1,11
179385,16,2,3,10,8,3,0,1,1,1,2,19,2,2,0.0,0.0,0.0,0.0,0.0,5.0,15,6,12
152162,15,7,3,0,8,3,6,5,0,1,2,38,2,2,0.0,0.0,0.0,0.0,0.0,3.0,13,4,10
741,16,2,3,15,8,3,0,1,1,1,1,23,2,2,0.0,0.0,0.0,0.0,0.0,3.0,12,5,1
57037,15,2,2,17,8,3,0,1,1,1,2,18,2,2,0.0,0.0,0.0,0.0,0.0,2.0,18,5,5
135139,15,2,3,17,6,3,0,1,1,1,2,36,2,2,0.0,0.0,0.0,0.0,0.0,2.0,12,1,9
183546,16,2,4,15,3,3,6,1,0,1,2,18,2,2,0.0,0.0,0.0,0.0,0.0,3.0,20,6,12
27914,16,2,3,17,8,3,0,1,0,1,2,36,2,1,1.0,0.0,1.0,0.0,0.0,3.0,15,2,2
97815,15,2,1,15,6,3,0,1,1,1,1,23,2,2,0.0,0.0,0.0,0.0,0.0,2.0,21,7,7
114332,15,2,3,8,10,3,0,1,1,1,1,23,2,2,0.0,0.0,0.0,0.0,0.0,2.0,20,6,8
114309,16,2,3,10,2,3,0,1,0,1,2,36,2,2,0.0,0.0,0.0,0.0,0.0,2.0,17,6,8
6408,16,10,1,17,6,3,4,1,0,1,1,24,2,3,1.0,0.0,0.0,1.0,0.0,1.0,20,7,1
77080,16,2,1,0,6,3,0,5,0,1,2,6,3,4,2.0,0.0,0.0,0.0,2.0,1.0,11,2,6
67261,16,2,3,17,6,3,0,1,1,1,2,36,2,2,0.0,0.0,0.0,0.0,0.0,2.0,11,5,5
71970,16,2,1,10,6,3,0,5,0,1,1,17,2,2,0.0,0.0,0.0,0.0,0.0,3.0,0,7,6
182982,15,3,3,0,6,3,0,1,0,1,1,38,2,3,1.0,0.0,0.0,1.0,0.0,2.0,7,5,12
15981,16,2,1,0,2,3,0,1,1,1,2,22,2,2,0.0,0.0,0.0,0.0,0.0,2.0,17,6,2
6047,16,2,3,0,8,3,0,1,0,1,2,12,2,3,3.0,0.0,0.0,1.0,2.0,0.0,7,7,1
83673,4,2,3,10,8,3,0,1,1,1,0,28,2,2,0.0,0.0,0.0,0.0,0.0,2.0,13,6,6
95497,16,2,3,10,2,3,0,1,1,1,2,26,2,2,0.0,0.0,0.0,0.0,0.0,2.0,9,2,7
36791,16,2,3,0,2,3,0,1,0,1,2,6,2,2,0.0,0.0,0.0,0.0,0.0,2.0,14,3,3
184355,15,2,1,10,2,3,0,5,1,1,0,6,2,2,0.0,0.0,0.0,0.0,0.0,2.0,17,1,12
181959,16,2,1,10,1,3,0,1,0,1,2,19,2,3,2.0,0.0,0.0,2.0,0.0,2.0,0,2,12
14952,16,2,3,15,1,3,0,1,1,1,2,23,2,2,0.0,0.0,0.0,0.0,0.0,3.0,12,2,1
83496,16,2,3,10,8,3,5,5,1,1,1,19,2,2,0.0,0.0,0.0,0.0,0.0,2.0,7,4,6
80864,16,2,1,7,8,3,0,1,0,1,2,37,3,2,0.0,0.0,0.0,0.0,0.0,1.0,2,2,6
142123,15,2,4,10,8,3,0,5,1,1,0,17,2,2,0.0,0.0,0.0,0.0,0.0,2.0,18,3,10
50912,16,2,1,0,6,3,0,1,0,1,2,6,3,3,1.0,0.0,0.0,1.0,0.0,2.0,0,7,4
84319,15,2,3,17,15,3,0,1,1,1,2,18,2,2,0.0,0.0,0.0,0.0,0.0,2.0,16,2,6
100918,15,2,1,0,6,3,0,1,1,1,2,5,2,2,0.0,0.0,0.0,0.0,0.0,2.0,21,6,7
7490,16,2,3,10,8,3,0,1,1,1,2,19,2,2,0.0,0.0,0.0,0.0,0.0,2.0,13,4,1
171814,15,7,1,17,14,3,6,1,1,1,2,18,2,2,0.0,0.0,0.0,0.0,0.0,2.0,21,7,11
178572,15,7,3,17,6,3,6,1,0,1,2,5,2,2,0.0,0.0,0.0,0.0,0.0,2.0,10,7,12
122615,16,2,3,15,8,3,0,1,1,1,2,36,2,2,0.0,0.0,0.0,0.0,0.0,2.0,15,2,9
12965,15,2,3,17,8,3,0,1,0,1,2,18,2,1,1.0,0.0,1.0,0.0,0.0,2.0,9,7,1
141353,16,3,3,10,6,3,6,1,1,1,2,19,2,2,0.0,0.0,0.0,0.0,0.0,2.0,17,5,10
166789,16,2,3,10,8,3,0,1,1,1,2,19,2,2,0.0,0.0,0.0,0.0,0.0,2.0,11,7,11
76682,15,2,3,17,2,3,0,1,0,1,2,18,2,3,4.0,0.0,0.0,3.0,1.0,1.0,14,2,6
131050,16,7,1,2,6,3,6,1,0,1,2,39,1,2,0.0,0.0,0.0,0.0,0.0,1.0,0,2,9
116428,16,11,5,17,5,3,5,5,0,1,2,36,2,2,0.0,0.0,0.0,0.0,0.0,2.0,17,3,8
54273,15,2,3,0,8,3,0,1,0,1,1,36,2,2,0.0,0.0,0.0,0.0,0.0,4.0,17,3,4
53822,4,2,1,15,8,3,0,1,1,1,1,23,3,2,0.0,0.0,0.0,0.0,0.0,5.0,22,3,4
52933,4,2,5,5,2,3,5,1,0,1,2,36,4,3,3.0,0.0,0.0,3.0,0.0,1.0,19,4,4
118849,16,2,3,10,2,3,0,1,1,1,1,36,2,2,0.0,0.0,0.0,0.0,0.0,3.0,15,3,8
150957,4,2,2,0,8,3,0,1,1,0,2,5,2,2,0.0,0.0,0.0,0.0,0.0,2.0,7,2,10
144781,15,2,3,0,15,3,0,1,0,1,2,36,2,2,0.0,0.0,0.0,0.0,0.0,2.0,14,1,10
37489,15,2,1,0,8,3,0,1,1,1,2,5,2,2,0.0,0.0,0.0,0.0,0.0,2.0,21,2,3
118786,16,2,4,10,2,3,0,1,1,1,2,36,2,2,0.0,0.0,0.0,0.0,0.0,3.0,20,4,8
10201,16,2,3,17,2,3,0,1,1,1,0,36,2,2,0.0,0.0,0.0,0.0,0.0,2.0,17,3,1
77250,16,2,3,10,8,3,0,1,1,1,2,19,2,2,0.0,0.0,0.0,0.0,0.0,2.0,8,3,6
184182,16,2,3,17,8,3,0,1,1,1,2,36,2,2,0.0,0.0,0.0,0.0,0.0,2.0,8,5,12
78397,4,2,3,15,6,3,0,1,0,1,1,28,2,3,2.0,0.0,0.0,1.0,1.0,1.0,16,7,6
70311,4,2,3,0,8,3,3,0,1,1,0,18,2,2,0.0,0.0,0.0,0.0,0.0,3.0,9,4,5
187836,16,2,1,17,6,3,0,1,0,1,2,24,2,2,0.0,0.0,0.0,0.0,0.0,3.0,18,4,12
153934,16,2,3,10,8,3,0,1,1,1,1,19,2,2,0.0,0.0,0.0,0.0,0.0,3.0,16,1,10
62756,4,2,0,9,8,3,0,1,1,0,0,18,2,2,0.0,0.0,0.0,0.0,0.0,2.0,20,3,5
72013,16,2,1,2,6,3,0,1,0,0,2,36,1,2,0.0,0.0,0.0,0.0,0.0,1.0,23,2,6
30538,16,3,3,0,2,3,0,1,0,1,2,18,2,3,1.0,0.0,0.0,1.0,0.0,2.0,9,2,3
173566,17,11,5,17,2,3,5,5,1,1,2,36,2,2,0.0,0.0,0.0,0.0,0.0,2.0,19,7,12
12278,16,10,3,0,6,3,4,6,0,1,2,39,3,2,0.0,0.0,0.0,0.0,0.0,3.0,7,4,1
66838,15,2,1,0,15,3,0,1,0,1,2,13,2,2,0.0,0.0,0.0,0.0,0.0,2.0,22,7,5
107813,16,2,3,9,8,3,0,1,0,1,0,36,2,3,1.0,0.0,0.0,1.0,0.0,1.0,9,4,8
9401,4,10,3,17,6,3,4,1,0,1,2,36,2,2,0.0,0.0,0.0,0.0,0.0,4.0,7,4,1
78985,15,2,3,0,6,3,0,1,0,1,2,5,2,3,1.0,0.0,0.0,1.0,0.0,3.0,7,1,6
92265,4,2,1,15,8,3,0,1,0,1,2,36,2,1,1.0,0.0,1.0,0.0,0.0,1.0,21,7,7
6396,16,10,1,17,2,3,4,1,0,1,2,36,2,2,0.0,0.0,0.0,0.0,0.0,4.0,18,7,1
171649,15,2,3,2,8,3,0,1,0,1,2,36,1,3,1.0,0.0,0.0,1.0,0.0,0.0,8,5,11
179462,15,2,3,10,10,3,1,1,1,1,1,39,2,2,0.0,0.0,0.0,0.0,0.0,2.0,13,4,12
137808,15,7,3,0,2,3,6,1,0,1,2,36,2,2,0.0,0.0,0.0,0.0,0.0,2.0,15,5,10
30928,16,2,1,17,6,3,0,1,0,1,2,24,2,3,1.0,0.0,0.0,1.0,0.0,1.0,17,4,3
9945,16,2,1,0,6,3,0,1,0,1,2,18,2,2,0.0,0.0,0.0,0.0,0.0,2.0,23,6,1
25507,4,2,3,7,8,3,0,1,1,0,2,36,2,2,0.0,0.0,0.0,0.0,0.0,1.0,11,3,2
148942,16,11,3,10,8,3,5,5,1,1,2,36,2,2,0.0,0.0,0.0,0.0,0.0,2.0,11,4,10
140278,16,2,3,0,2,3,0,1,0,1,2,6,2,4,1.0,0.0,0.0,0.0,1.0,2.0,9,4,10
5654,16,9,1,10,6,3,6,1,0,1,2,39,2,3,2.0,0.0,0.0,1.0,1.0,0.0,2,1,1
20551,16,2,3,0,2,3,0,1,1,1,2,18,2,2,0.0,0.0,0.0,0.0,0.0,3.0,13,7,2
129704,16,2,1,10,15,3,0,1,0,1,2,30,2,2,0.0,0.0,0.0,0.0,0.0,3.0,0,3,9
14299,4,2,3,10,2,3,1,1,1,1,2,15,2,2,0.0,0.0,0.0,0.0,0.0,2.0,8,4,1
182134,15,2,1,17,2,3,0,1,1,1,2,18,2,2,0.0,0.0,0.0,0.0,0.0,2.0,17,6,12
29781,16,2,1,15,11,3,0,1,1,1,2,36,2,2,0.0,0.0,0.0,0.0,0.0,4.0,20,4,3
53657,16,2,3,17,6,3,0,1,1,1,1,23,2,2,0.0,0.0,0.0,0.0,0.0,2.0,11,6,4
66974,16,2,3,15,8,3,0,1,0,1,1,28,3,2,0.0,0.0,0.0,0.0,0.0,5.0,12,2,5
122906,4,2,3,9,2,3,0,1,0,1,1,36,2,3,1.0,0.0,0.0,1.0,0.0,2.0,15,5,9
20736,16,2,3,0,8,3,6,5,1,1,2,36,2,2,0.0,0.0,0.0,0.0,0.0,3.0,12,4,2
49589,4,10,3,10,12,3,4,5,1,1,1,19,2,2,0.0,0.0,0.0,0.0,0.0,2.0,9,6,4
181487,17,11,5,15,2,3,5,5,1,1,2,36,2,2,0.0,0.0,0.0,0.0,0.0,2.0,20,3,12
64991,16,2,1,0,6,3,0,1,0,1,2,6,2,3,4.0,0.0,0.0,2.0,2.0,2.0,1,7,5
114775,15,2,3,0,18,3,0,1,0,1,2,18,2,3,3.0,0.0,0.0,3.0,0.0,1.0,16,6,8
41185,15,11,5,0,8,3,5,5,1,1,1,36,2,2,0.0,0.0,0.0,0.0,0.0,2.0,19,2,3
111639,4,2,3,8,3,3,0,1,0,1,0,18,2,3,1.0,0.0,0.0,1.0,0.0,1.0,18,7,8
57009,16,2,3,0,8,3,0,1,0,1,2,6,2,3,2.0,0.0,0.0,2.0,0.0,0.0,13,5,5
119737,16,2,3,17,3,3,0,5,0,1,2,26,2,3,3.0,0.0,0.0,3.0,0.0,1.0,15,3,8
124395,15,2,1,17,8,3,0,1,0,1,2,18,2,3,1.0,0.0,0.0,1.0,0.0,1.0,22,5,9
152278,16,2,3,17,8,3,0,1,1,1,0,36,2,2,0.0,0.0,0.0,0.0,0.0,2.0,13,6,10
85096,16,2,3,10,6,3,6,5,1,1,2,36,2,2,0.0,0.0,0.0,0.0,0.0,3.0,18,1,6
61048,16,7,1,3,8,3,6,5,0,1,2,26,3,3,2.0,0.0,0.0,2.0,0.0,0.0,2,5,5
152480,16,2,0,10,15,3,0,1,1,1,2,17,2,2,0.0,0.0,0.0,0.0,0.0,2.0,19,2,10
98731,16,7,1,9,10,3,6,5,1,1,0,36,2,2,0.0,0.0,0.0,0.0,0.0,2.0,1,7,7
181940,16,2,1,10,8,3,0,5,1,1,2,19,2,2,0.0,0.0,0.0,0.0,0.0,3.0,20,2,12
145571,4,2,1,14,8,3,0,5,0,1,1,36,2,2,0.0,0.0,0.0,0.0,0.0,2.0,19,6,10
90831,16,2,3,15,3,3,0,1,1,1,2,26,2,2,0.0,0.0,0.0,0.0,0.0,3.0,15,7,7
76113,16,2,3,17,8,3,0,1,1,1,1,36,2,2,0.0,0.0,0.0,0.0,0.0,2.0,18,7,6
72366,15,2,3,14,8,3,0,1,1,1,1,21,2,2,0.0,0.0,0.0,0.0,0.0,2.0,14,7,6
173002,15,2,3,0,6,3,0,1,0,1,2,18,2,2,0.0,0.0,0.0,0.0,0.0,2.0,15,5,12
148416,4,2,3,5,8,3,0,1,0,1,2,24,2,3,1.0,0.0,0.0,1.0,0.0,1.0,7,4,10
140121,16,2,3,10,8,3,0,1,1,1,1,36,2,2,0.0,0.0,0.0,0.0,0.0,4.0,16,2,10
76105,16,7,2,0,2,3,6,1,0,1,2,6,2,2,0.0,0.0,0.0,0.0,0.0,3.0,5,7,6