crash_date,               traffic_control_device,weather_condition,lighting_condition,first_crash_type,trafficway_type,alignment,roadway_surface_cond,road_defect,crash_type,intersection_related_i,damage,prim_contributory_cause,num_units,most_severe_injury,injuries_total,injuries_fatal,injuries_incapacitating,injuries_non_incapacitating,injuries_reported_not_evident,injuries_no_indication,crash_hour,crash_day_of_week,crash_month
17297,4,2,1,17,8,3,0,1,1,1,2,18,2,2,0.0,0.0,0.0,0.0,0.0,2.0,17,2,2
64323,15,2,3,0,8,3,0,1,1,1,2,18,2,2,0.0,0.0,0.0,0.0,0.0,3.0,16,2,5
72927,4,2,3,0,8,3,0,1,1,0,2,18,2,2,0.0,0.0,0.0,0.0,0.0,3.0,11,1,6
126519,16,7,3,10,2,3,6,1,1,1,2,19,2,2,0.0,0.0,0.0,0.0,0.0,2.0,12,2,9
186598,15,7,3,0,8,3,6,1,0,1,2,18,2,2,0.0,0.0,0.0,0.0,0.0,3.0,8,5,12
30151,16,2,3,15,10,3,0,1,1,1,2,12,2,2,0.0,0.0,0.0,0.0,0.0,2.0,14,3,3
168032,15,2,1,0,6,3,0,1,1,1,2,36,2,2,0.0,0.0,0.0,0.0,0.0,3.0,20,4,11
12429,16,2,3,10,8,3,0,1,1,1,2,9,2,2,0.0,0.0,0.0,0.0,0.0,2.0,7,6,1
79279,16,2,0,17,2,3,0,5,1,1,2,36,2,2,0.0,0.0,0.0,0.0,0.0,3.0,20,6,6
166959,15,3,3,0,8,3,6,1,0,1,2,17,2,4,1.0,0.0,0.0,0.0,1.0,1.0,8,4,11
153533,15,2,1,17,8,3,0,1,0,1,2,23,2,2,0.0,0.0,0.0,0.0,0.0,2.0,18,2,10
29132,16,2,1,17,6,3,0,1,0,1,2,26,3,2,0.0,0.0,0.0,0.0,0.0,4.0,0,7,3
94433,16,2,1,0,6,3,0,1,0,1,2,6,2,4,1.0,0.0,0.0,0.0,1.0,5.0,23,5,7
161968,16,2,3,17,3,3,0,1,1,1,2,24,2,2,0.0,0.0,0.0,0.0,0.0,2.0,11,2,11
169171,15,2,1,17,8,3,5,5,1,1,1,36,2,2,0.0,0.0,0.0,0.0,0.0,2.0,18,7,11
156763,16,2,0,15,5,3,0,1,0,1,2,3,2,2,0.0,0.0,0.0,0.0,0.0,2.0,4,5,11
61885,16,2,3,17,2,3,0,1,0,1,2,18,2,4,2.0,0.0,0.0,0.0,2.0,2.0,7,5,5
26798,4,2,4,17,8,3,0,1,0,1,2,24,2,3,1.0,0.0,0.0,1.0,0.0,3.0,17,3,2
107669,16,2,3,0,6,3,0,1,0,1,2,6,2,3,2.0,0.0,0.0,1.0,1.0,1.0,5,4,8
37130,16,2,3,17,6,3,0,1,1,1,0,24,2,2,0.0,0.0,0.0,0.0,0.0,4.0,11,3,3
99742,16,2,3,8,8,3,0,1,0,1,0,18,2,3,1.0,0.0,0.0,1.0,0.0,1.0,18,2,7
159961,16,2,1,17,11,3,0,1,0,1,2,22,3,4,3.0,0.0,0.0,0.0,3.0,2.0,18,1,11
38160,16,2,3,17,2,3,5,5,1,1,2,18,2,2,0.0,0.0,0.0,0.0,0.0,2.0,10,6,3
188501,16,2,3,9,6,3,0,1,0,1,0,21,2,4,1.0,0.0,0.0,0.0,1.0,1.0,16,2,12
160359,15,7,1,0,2,3,6,1,0,1,2,5,4,2,0.0,0.0,0.0,0.0,0.0,2.0,5,6,11
76488,16,2,3,17,6,3,0,1,0,1,2,35,4,3,2.0,0.0,0.0,2.0,0.0,2.0,18,1,6
97092,16,2,3,10,8,3,0,1,0,1,2,19,2,2,0.0,0.0,0.0,0.0,0.0,2.0,12,5,7
131011,16,2,3,10,6,3,0,1,1,1,1,26,2,2,0.0,0.0,0.0,0.0,0.0,2.0,15,2,9
71736,16,2,1,17,8,3,0,1,0,1,2,24,3,2,0.0,0.0,0.0,0.0,0.0,3.0,23,6,5
70998,15,2,1,10,8,3,0,1,1,1,2,36,2,2,0.0,0.0,0.0,0.0,0.0,3.0,21,2,5
169984,16,2,3,15,10,3,0,1,1,1,1,23,2,2,0.0,0.0,0.0,0.0,0.0,2.0,11,7,11
45679,15,2,3,17,15,3,0,1,1,1,1,36,2,2,0.0,0.0,0.0,0.0,0.0,2.0,11,6,4
75893,16,2,3,9,3,3,0,1,0,1,2,18,2,3,1.0,0.0,0.0,1.0,0.0,1.0,14,5,6
32684,16,2,3,15,6,3,0,1,1,1,1,36,2,2,0.0,0.0,0.0,0.0,0.0,2.0,16,4,3
8458,15,2,3,0,8,3,0,1,0,0,2,18,2,2,0.0,0.0,0.0,0.0,0.0,3.0,8,3,1
81860,16,2,3,15,6,3,0,1,1,1,1,24,2,2,0.0,0.0,0.0,0.0,0.0,2.0,13,1,6
135256,16,2,3,7,6,3,0,1,1,1,2,24,2,2,0.0,0.0,0.0,0.0,0.0,1.0,13,5,9
59513,16,2,4,17,8,3,0,1,0,1,2,24,2,2,0.0,0.0,0.0,0.0,0.0,2.0,16,2,5
59957,16,2,3,10,2,3,0,1,1,1,2,19,2,2,0.0,0.0,0.0,0.0,0.0,2.0,18,4,5
28473,16,2,3,0,8,3,0,1,0,1,2,36,2,1,3.0,0.0,3.0,0.0,0.0,1.0,11,1,3
37555,16,2,3,17,9,3,0,1,0,1,2,28,2,2,0.0,0.0,0.0,0.0,0.0,3.0,9,4,3
94873,15,2,3,8,8,3,0,1,1,1,0,5,2,2,0.0,0.0,0.0,0.0,0.0,2.0,12,5,7
178490,4,2,3,0,8,3,0,1,1,1,2,18,2,2,0.0,0.0,0.0,0.0,0.0,2.0,8,5,12
105864,15,3,3,8,8,3,0,5,1,0,0,5,2,2,0.0,0.0,0.0,0.0,0.0,2.0,10,3,8
137288,15,2,3,0,8,3,0,1,1,1,2,18,2,2,0.0,0.0,0.0,0.0,0.0,2.0,13,5,9
91194,16,2,3,17,6,3,0,1,0,0,2,18,2,2,0.0,0.0,0.0,0.0,0.0,2.0,6,4,7
81957,15,2,3,8,15,3,0,1,0,1,2,24,2,3,1.0,0.0,0.0,1.0,0.0,1.0,16,2,6
74791,16,6,3,4,2,3,6,1,0,1,0,39,1,3,1.0,0.0,0.0,1.0,0.0,0.0,9,2,6
11444,16,2,1,15,8,3,0,1,1,0,2,36,2,2,0.0,0.0,0.0,0.0,0.0,2.0,22,1,1
158218,15,2,3,0,8,3,0,1,0,1,2,18,2,2,0.0,0.0,0.0,0.0,0.0,3.0,17,3,11
71920,15,2,3,0,6,3,0,1,0,1,2,18,2,2,0.0,0.0,0.0,0.0,0.0,2.0,15,7,6
107084,16,7,2,10,8,3,6,1,1,1,1,6,2,2,0.0,0.0,0.0,0.0,0.0,2.0,5,1,8
123816,16,2,1,15,2,3,6,1,1,1,1,18,2,2,0.0,0.0,0.0,0.0,0.0,2.0,18,4,9
178190,16,2,3,17,8,3,0,1,1,1,2,36,2,2,0.0,0.0,0.0,0.0,0.0,2.0,12,2,12
128156,15,2,1,17,8,3,0,1,0,1,2,18,3,2,0.0,0.0,0.0,0.0,0.0,4.0,23,4,9
174935,15,7,3,0,8,3,5,1,1,1,0,18,2,2,0.0,0.0,0.0,0.0,0.0,2.0,14,4,12
23614,15,2,3,0,8,3,0,3,1,1,2,5,2,2,0.0,0.0,0.0,0.0,0.0,2.0,7,3,2
24403,16,2,3,17,6,3,0,1,1,1,2,26,2,2,0.0,0.0,0.0,0.0,0.0,2.0,9,3,2
164977,16,2,1,10,8,3,0,1,1,1,2,19,2,2,0.0,0.0,0.0,0.0,0.0,2.0,0,1,11
34205,16,2,1,3,8,3,0,5,0,1,2,36,2,2,0.0,0.0,0.0,0.0,0.0,2.0,20,2,3
24629,16,2,2,0,6,3,6,1,0,1,2,17,2,2,0.0,0.0,0.0,0.0,0.0,2.0,6,1,2
99040,15,2,3,0,6,3,0,1,0,1,2,36,2,1,3.0,0.0,1.0,2.0,0.0,0.0,17,6,7
54874,15,2,3,7,8,3,0,1,0,1,2,30,2,3,1.0,0.0,0.0,1.0,0.0,0.0,8,5,4
5790,16,2,1,10,8,3,6,1,1,1,2,19,2,2,0.0,0.0,0.0,0.0,0.0,3.0,21,4,1
45239,16,2,3,0,2,3,0,5,0,1,2,6,2,2,0.0,0.0,0.0,0.0,0.0,2.0,14,6,4
65175,16,2,1,0,8,3,0,1,0,1,2,17,3,4,4.0,0.0,0.0,0.0,4.0,2.0,22,7,5
139956,15,3,3,0,10,3,6,1,0,1,2,36,2,4,1.0,0.0,0.0,0.0,1.0,2.0,13,6,10
1505,16,2,4,17,8,3,0,1,1,1,0,23,2,2,0.0,0.0,0.0,0.0,0.0,5.0,16,5,1
37358,15,2,3,0,2,3,0,1,0,1,2,5,2,2,0.0,0.0,0.0,0.0,0.0,3.0,15,7,3
77505,15,7,3,9,6,3,6,1,0,1,0,17,2,3,1.0,0.0,0.0,1.0,0.0,1.0,9,1,6
143363,4,2,3,17,8,3,0,1,1,1,2,18,2,2,0.0,0.0,0.0,0.0,0.0,2.0,6,3,10
10880,15,7,3,2,8,3,6,1,0,1,2,14,1,2,0.0,0.0,0.0,0.0,0.0,1.0,13,1,1
173093,16,2,3,0,6,3,0,1,1,1,2,36,2,2,0.0,0.0,0.0,0.0,0.0,2.0,11,6,12
116931,15,2,3,0,6,3,0,1,1,1,2,36,2,2,0.0,0.0,0.0,0.0,0.0,2.0,15,4,8
129439,16,11,5,17,18,3,5,5,1,1,2,36,2,2,0.0,0.0,0.0,0.0,0.0,4.0,19,2,9
167399,17,2,1,7,6,3,0,1,1,1,1,36,2,2,0.0,0.0,0.0,0.0,0.0,1.0,18,2,11
91914,16,2,3,17,8,3,0,1,1,1,2,36,2,2,0.0,0.0,0.0,0.0,0.0,2.0,11,7,7
29908,16,2,3,17,8,3,0,1,1,1,2,24,2,2,0.0,0.0,0.0,0.0,0.0,2.0,9,6,3
171795,16,7,1,17,8,3,6,1,1,1,1,17,2,2,0.0,0.0,0.0,0.0,0.0,2.0,19,7,11
80402,16,2,3,15,2,3,0,1,1,1,2,23,2,2,0.0,0.0,0.0,0.0,0.0,2.0,13,6,6
143419,16,7,3,9,11,3,6,1,0,1,0,36,2,3,1.0,0.0,0.0,1.0,0.0,1.0,7,4,10
67674,16,2,3,17,8,3,0,1,1,1,1,18,2,2,0.0,0.0,0.0,0.0,0.0,2.0,18,5,5
41654,15,3,3,0,6,3,0,5,0,1,2,36,2,2,0.0,0.0,0.0,0.0,0.0,3.0,6,4,3
133726,16,2,3,17,8,3,0,1,0,1,2,18,3,3,4.0,0.0,0.0,4.0,0.0,3.0,16,3,9
161071,4,7,1,17,8,3,0,1,1,1,2,24,2,2,0.0,0.0,0.0,0.0,0.0,4.0,19,3,11
169952,16,2,3,0,6,3,0,1,1,1,0,36,2,2,0.0,0.0,0.0,0.0,0.0,3.0,14,7,11
45958,15,2,3,0,2,3,0,1,0,1,2,18,2,2,0.0,0.0,0.0,0.0,0.0,2.0,7,3,4
153423,16,2,1,9,8,3,0,1,0,1,0,18,2,3,1.0,0.0,0.0,1.0,0.0,2.0,16,7,10
153505,16,2,1,10,2,3,0,1,0,1,2,6,2,4,1.0,0.0,0.0,0.0,1.0,1.0,22,1,10
154371,15,2,3,0,6,3,0,5,0,1,2,18,2,2,0.0,0.0,0.0,0.0,0.0,3.0,14,3,10
41543,15,2,3,0,8,3,0,1,0,1,2,37,2,3,2.0,0.0,0.0,2.0,0.0,0.0,16,2,3
184681,16,2,3,0,6,3,0,1,0,1,2,6,2,2,0.0,0.0,0.0,0.0,0.0,3.0,10,1,12
123799,16,2,3,15,6,3,0,1,1,1,1,36,2,2,0.0,0.0,0.0,0.0,0.0,2.0,12,6,9
187175,16,2,1,0,6,3,0,1,0,1,1,6,2,2,0.0,0.0,0.0,0.0,0.0,3.0,2,7,12
83615,15,2,3,0,8,3,0,1,0,1,2,18,2,4,1.0,0.0,0.0,0.0,1.0,5.0,18,7,6
64034,16,2,3,9,18,3,0,1,0,1,0,36,2,3,1.0,0.0,0.0,1.0,0.0,1.0,6,5,5
144776,15,2,3,0,8,3,0,1,1,1,1,18,2,2,0.0,0.0,0.0,0.0,0.0,4.0,13,1,10
115748,15,2,3,0,6,3,0,1,1,1,2,18,2,2,0.0,0.0,0.0,0.0,0.0,3.0,17,6,8
16419,16,3,3,10,8,3,0,1,0,1,2,19,3,3,1.0,0.0,0.0,1.0,0.0,3.0,10,7,2
131155,4,2,3,9,10,3,0,1,0,1,1,24,2,4,1.0,0.0,0.0,0.0,1.0,1.0,17,5,9
7759,16,2,3,2,3,3,0,1,1,1,2,36,1,2,0.0,0.0,0.0,0.0,0.0,1.0,17,5,1
175487,16,2,3,10,10,3,0,5,1,1,1,19,2,2,0.0,0.0,0.0,0.0,0.0,3.0,7,5,12
42719,16,10,3,10,2,3,6,1,1,1,1,19,2,2,0.0,0.0,0.0,0.0,0.0,2.0,13,7,4
44354,15,7,3,17,8,3,5,5,1,1,2,36,2,2,0.0,0.0,0.0,0.0,0.0,4.0,7,3,4
133181,4,2,3,17,11,3,0,1,0,1,2,24,2,3,1.0,0.0,0.0,1.0,0.0,1.0,14,2,9
154702,16,2,3,10,11,3,0,1,1,1,2,19,2,2,0.0,0.0,0.0,0.0,0.0,2.0,15,6,10
98933,16,2,3,17,6,3,0,5,1,1,1,18,2,2,0.0,0.0,0.0,0.0,0.0,2.0,19,4,7
35689,16,4,3,3,8,3,6,1,0,1,2,23,4,2,0.0,0.0,0.0,0.0,0.0,4.0,17,5,3
43361,18,2,1,0,6,3,0,1,0,1,2,36,2,1,2.0,0.0,1.0,1.0,0.0,1.0,21,6,4
42778,16,2,3,17,8,3,0,1,1,1,2,19,2,2,0.0,0.0,0.0,0.0,0.0,2.0,18,2,4
56170,16,2,1,17,8,3,0,1,0,1,2,18,2,2,0.0,0.0,0.0,0.0,0.0,2.0,21,4,5
140339,16,2,3,17,6,3,0,5,1,1,2,24,2,2,0.0,0.0,0.0,0.0,0.0,2.0,9,5,10
97765,16,2,3,17,8,3,0,1,0,1,2,18,2,3,4.0,0.0,0.0,4.0,0.0,2.0,13,7,7
60090,16,7,3,10,2,3,6,1,1,1,2,36,2,2,0.0,0.0,0.0,0.0,0.0,2.0,8,4,5
46438,15,2,3,8,8,3,0,1,0,1,1,5,2,3,1.0,0.0,0.0,1.0,0.0,1.0,16,6,4
108748,16,2,3,10,8,4,0,1,1,1,1,19,2,2,0.0,0.0,0.0,0.0,0.0,2.0,16,5,8
97757,16,2,3,10,2,3,6,1,1,1,1,21,2,2,0.0,0.0,0.0,0.0,0.0,2.0,11,6,7
98412,18,2,3,10,18,3,0,5,0,1,2,18,2,4,2.0,0.0,0.0,0.0,2.0,0.0,7,3,7
137797,16,2,1,0,6,3,0,1,0,1,2,6,2,4,1.0,0.0,0.0,0.0,1.0,1.0,0,3,10
37326,16,2,3,15,8,3,6,1,1,0,0,23,2,2,0.0,0.0,0.0,0.0,0.0,2.0,10,6,3
55575,15,2,3,0,8,3,0,1,1,1,2,36,2,2,0.0,0.0,0.0,0.0,0.0,5.0,16,2,4
22895,17,11,5,17,10,3,5,5,1,1,0,36,2,2,0.0,0.0,0.0,0.0,0.0,2.0,17,6,2
39764,17,7,3,10,8,3,6,5,1,1,1,26,2,2,0.0,0.0,0.0,0.0,0.0,2.0,11,1,3
34119,4,2,3,7,8,3,0,1,1,0,2,36,2,2,0.0,0.0,0.0,0.0,0.0,1.0,14,1,3
131117,4,2,1,15,2,3,0,1,1,1,2,23,2,2,0.0,0.0,0.0,0.0,0.0,3.0,22,3,9
67792,16,2,3,10,8,3,0,1,1,1,1,36,2,2,0.0,0.0,0.0,0.0,0.0,2.0,13,1,5
94049,16,2,3,10,8,3,0,1,1,1,2,19,2,2,0.0,0.0,0.0,0.0,0.0,3.0,17,6,7
140514,16,2,3,10,8,3,6,1,1,1,0,36,2,2,0.0,0.0,0.0,0.0,0.0,2.0,8,6,10
165743,15,10,3,7,8,3,1,1,1,1,1,39,2,2,0.0,0.0,0.0,0.0,0.0,4.0,8,6,11
166978,4,7,1,0,6,3,6,5,0,1,2,36,2,3,1.0,0.0,0.0,1.0,0.0,1.0,22,4,11
8870,15,2,3,17,8,3,0,1,0,1,2,24,2,2,0.0,0.0,0.0,0.0,0.0,4.0,15,2,1
98486,16,2,1,17,8,3,0,1,1,1,2,18,2,2,0.0,0.0,0.0,0.0,0.0,3.0,21,4,7
162396,15,2,3,0,6,3,0,1,0,1,2,18,2,1,1.0,0.0,1.0,0.0,0.0,1.0,8,3,11
59945,16,2,3,15,8,3,0,5,1,0,1,36,2,2,0.0,0.0,0.0,0.0,0.0,2.0,16,4,5
10764,15,2,1,7,10,3,0,1,0,1,2,36,2,2,0.0,0.0,0.0,0.0,0.0,1.0,17,6,1
188196,16,2,1,17,8,3,6,1,1,1,2,23,2,2,0.0,0.0,0.0,0.0,0.0,3.0,19,1,12
181719,16,3,3,10,6,3,4,1,0,1,1,36,2,4,1.0,0.0,0.0,0.0,1.0,2.0,12,7,12
132895,17,11,5,15,6,3,5,5,1,1,2,36,2,2,0.0,0.0,0.0,0.0,0.0,4.0,19,6,9
175756,15,2,1,17,15,3,0,1,0,1,2,24,2,2,0.0,0.0,0.0,0.0,0.0,2.0,21,3,12
112629,15,2,3,8,6,3,0,1,0,1,0,36,2,3,1.0,0.0,0.0,1.0,0.0,1.0,15,7,8
37625,16,2,3,10,8,3,5,5,1,1,2,36,2,2,0.0,0.0,0.0,0.0,0.0,2.0,16,4,3
33763,16,2,3,10,6,3,0,1,1,1,1,19,2,2,0.0,0.0,0.0,0.0,0.0,2.0,16,3,3
13000,16,10,1,17,8,3,6,1,0,1,2,24,2,2,0.0,0.0,0.0,0.0,0.0,2.0,3,1,1
66231,15,7,3,0,2,3,6,1,0,1,2,36,2,2,0.0,0.0,0.0,0.0,0.0,3.0,11,3,5
91575,1,2,3,15,8,3,0,1,0,1,1,22,2,3,1.0,0.0,0.0,1.0,0.0,1.0,9,2,7
17818,16,2,1,10,1,3,0,1,0,1,2,19,3,4,1.0,0.0,0.0,0.0,1.0,2.0,17,3,2
184230,4,2,1,17,8,3,0,1,0,1,2,24,2,2,0.0,0.0,0.0,0.0,0.0,2.0,18,6,12
1418,15,2,3,0,2,3,5,5,0,1,2,36,3,3,1.0,0.0,0.0,1.0,0.0,2.0,10,4,1
170861,16,2,1,10,8,3,0,5,0,1,0,36,2,4,1.0,0.0,0.0,0.0,1.0,2.0,20,7,11
91735,16,2,3,15,6,3,0,1,1,1,0,17,2,2,0.0,0.0,0.0,0.0,0.0,2.0,15,6,7
5048,16,2,3,17,8,3,0,1,1,1,2,18,2,2,0.0,0.0,0.0,0.0,0.0,2.0,8,6,1
136129,15,7,1,10,2,3,6,1,1,0,2,17,2,2,0.0,0.0,0.0,0.0,0.0,5.0,0,7,9
109856,16,2,3,9,8,3,0,1,0,1,2,36,2,3,1.0,0.0,0.0,1.0,0.0,1.0,19,7,8
154201,15,7,3,9,10,3,6,1,0,1,0,39,2,4,1.0,0.0,0.0,0.0,1.0,1.0,9,6,10
188622,16,2,1,10,1,3,0,1,1,1,2,17,2,2,0.0,0.0,0.0,0.0,0.0,2.0,21,1,12
47533,16,2,3,9,8,3,0,1,0,1,1,18,2,3,1.0,0.0,0.0,1.0,0.0,1.0,16,6,4
11922,16,7,4,10,8,3,6,1,1,1,2,6,2,2,0.0,0.0,0.0,0.0,0.0,2.0,16,4,1
149688,15,2,3,9,8,3,0,1,0,1,0,5,2,3,1.0,0.0,0.0,1.0,0.0,1.0,8,2,10
109186,16,2,3,17,6,3,0,1,0,1,2,36,2,4,1.0,0.0,0.0,0.0,1.0,2.0,17,7,8
93068,16,2,3,17,3,3,0,1,1,1,2,18,2,2,0.0,0.0,0.0,0.0,0.0,2.0,13,5,7
110841,16,2,3,17,6,3,0,1,0,1,2,18,2,4,2.0,0.0,0.0,0.0,2.0,0.0,8,3,8
103446,16,2,3,10,8,3,0,1,0,1,0,19,2,4,1.0,0.0,0.0,0.0,1.0,1.0,18,2,7
142390,4,2,3,10,8,3,0,1,1,1,1,19,2,2,0.0,0.0,0.0,0.0,0.0,2.0,6,4,10
136898,15,2,3,17,8,3,5,5,0,1,1,18,2,2,0.0,0.0,0.0,0.0,0.0,2.0,11,5,9
123233,16,2,3,11,6,3,0,1,1,1,2,36,2,2,0.0,0.0,0.0,0.0,0.0,3.0,16,5,9
159601,16,2,3,0,6,3,0,1,0,1,2,6,2,2,0.0,0.0,0.0,0.0,0.0,3.0,7,3,11
143149,16,2,1,0,6,3,0,1,0,1,2,6,2,3,2.0,0.0,0.0,2.0,0.0,3.0,3,2,10
68579,16,2,3,17,8,3,0,1,1,1,0,36,2,2,0.0,0.0,0.0,0.0,0.0,2.0,18,7,5
131061,15,7,3,0,8,3,6,1,0,1,2,18,2,2,0.0,0.0,0.0,0.0,0.0,2.0,14,3,9
30147,16,2,3,17,8,3,5,5,0,1,2,6,2,2,0.0,0.0,0.0,0.0,0.0,2.0,13,3,3
7418,16,2,1,17,6,3,0,1,1,1,2,36,2,2,0.0,0.0,0.0,0.0,0.0,3.0,19,1,1
11620,15,7,1,10,8,3,6,1,0,1,2,19,2,3,2.0,0.0,0.0,2.0,0.0,1.0,17,6,1
115847,16,2,1,10,8,3,0,1,1,1,2,36,2,2,0.0,0.0,0.0,0.0,0.0,2.0,23,1,8
78653,16,2,1,17,6,3,6,1,1,1,2,36,2,2,0.0,0.0,0.0,0.0,0.0,4.0,23,3,6
134913,15,2,0,17,8,3,0,1,0,1,2,5,2,3,1.0,0.0,0.0,1.0,0.0,3.0,20,4,9
62021,16,2,3,17,2,3,0,1,0,1,2,36,3,3,2.0,0.0,0.0,1.0,1.0,1.0,6,1,5
36531,16,7,4,17,6,3,6,1,0,1,2,18,2,3,1.0,0.0,0.0,1.0,0.0,1.0,18,6,3
68814,16,3,3,15,10,3,0,1,1,1,1,12,2,2,0.0,0.0,0.0,0.0,0.0,2.0,15,3,5
28171,15,2,3,17,8,4,0,1,1,1,1,18,2,2,0.0,0.0,0.0,0.0,0.0,4.0,12,7,2
120102,16,2,3,0,8,3,0,1,1,1,2,6,3,2,0.0,0.0,0.0,0.0,0.0,5.0,14,7,8
158744,16,2,1,15,8,3,6,1,0,1,2,17,2,3,2.0,0.0,0.0,2.0,0.0,2.0,20,3,11
104820,15,2,3,0,6,3,0,1,1,1,2,5,2,2,0.0,0.0,0.0,0.0,0.0,2.0,16,2,8
161178,16,11,1,5,15,3,5,5,1,1,2,36,2,2,0.0,0.0,0.0,0.0,0.0,2.0,18,5,11
140152,16,2,3,10,2,3,0,1,1,1,2,17,2,2,0.0,0.0,0.0,0.0,0.0,3.0,10,2,10
177180,16,2,3,0,8,3,0,1,0,1,2,6,2,3,1.0,0.0,0.0,1.0,0.0,3.0,6,1,12
107926,16,2,1,0,2,3,0,1,0,1,2,6,2,2,0.0,0.0,0.0,0.0,0.0,2.0,3,7,8
113917,4,2,3,8,10,3,0,1,0,0,2,36,2,3,1.0,0.0,0.0,1.0,0.0,1.0,16,7,8
188565,16,2,1,0,8,3,5,5,0,1,1,17,2,3,1.0,0.0,0.0,1.0,0.0,1.0,22,7,12
113153,16,2,1,10,2,3,0,5,0,1,2,36,2,3,2.0,0.0,0.0,2.0,0.0,2.0,23,7,8
45540,16,2,3,13,10,3,0,1,1,0,1,21,2,2,0.0,0.0,0.0,0.0,0.0,2.0,12,4,4
6351,16,3,3,10,6,3,0,1,1,1,1,19,2,2,0.0,0.0,0.0,0.0,0.0,4.0,8,6,1
93437,4,2,3,17,8,3,0,1,1,1,2,23,2,2,0.0,0.0,0.0,0.0,0.0,2.0,17,3,7
153156,16,11,5,15,8,3,5,5,1,1,1,23,2,2,0.0,0.0,0.0,0.0,0.0,2.0,16,5,10
164514,15,2,3,0,15,3,0,1,1,1,2,23,2,2,0.0,0.0,0.0,0.0,0.0,2.0,7,3,11
43879,15,2,4,0,15,3,0,1,0,1,2,5,2,4,1.0,0.0,0.0,0.0,1.0,1.0,19,1,4
131890,16,2,0,17,8,3,0,6,1,1,1,36,2,2,0.0,0.0,0.0,0.0,0.0,2.0,19,5,9
60521,16,2,3,15,2,3,0,1,0,1,2,12,2,4,1.0,0.0,0.0,0.0,1.0,1.0,14,3,5
44282,16,3,3,13,6,3,0,1,0,1,2,6,2,4,1.0,0.0,0.0,0.0,1.0,2.0,14,2,4
72985,16,2,3,17,2,3,0,1,1,1,1,36,2,2,0.0,0.0,0.0,0.0,0.0,2.0,8,2,6
168839,16,7,1,10,2,3,6,1,1,1,2,36,2,2,0.0,0.0,0.0,0.0,0.0,2.0,17,3,11
51395,16,2,3,10,2,3,0,1,1,1,2,12,2,2,0.0,0.0,0.0,0.0,0.0,4.0,12,3,4
2248,16,2,3,0,8,3,0,1,0,1,2,6,2,3,1.0,0.0,0.0,1.0,0.0,1.0,13,5,1
38368,15,10,3,0,6,3,4,1,0,1,2,23,2,2,0.0,0.0,0.0,0.0,0.0,2.0,14,6,3
25798,16,7,1,17,2,3,6,1,0,1,2,24,2,1,1.0,0.0,1.0,0.0,0.0,1.0,20,7,2
129813,15,7,1,0,6,3,6,1,0,1,1,17,2,2,0.0,0.0,0.0,0.0,0.0,6.0,19,6,9
100661,16,2,3,10,8,3,0,1,1,1,2,19,2,2,0.0,0.0,0.0,0.0,0.0,3.0,11,3,7
40314,16,7,1,0,6,3,6,1,0,1,1,6,2,3,1.0,0.0,0.0,1.0,0.0,3.0,20,6,3
18919,15,5,1,0,18,3,4,1,0,1,1,12,2,2,0.0,0.0,0.0,0.0,0.0,2.0,17,1,2
76078,6,2,3,10,8,3,0,5,1,1,1,19,2,2,0.0,0.0,0.0,0.0,0.0,2.0,13,7,6
97195,4,2,0,17,2,3,0,1,1,1,2,18,2,2,0.0,0.0,0.0,0.0,0.0,4.0,22,5,7
188426,16,2,3,15,6,3,0,1,1,1,1,23,2,2,0.0,0.0,0.0,0.0,0.0,2.0,11,6,12
161184,4,2,0,17,8,3,0,1,1,0,1,23,2,2,0.0,0.0,0.0,0.0,0.0,2.0,19,5,11
13068,16,2,0,15,8,3,0,1,1,1,2,26,2,2,0.0,0.0,0.0,0.0,0.0,2.0,7,2,1
45582,16,2,3,10,6,3,0,5,1,1,1,19,2,2,0.0,0.0,0.0,0.0,0.0,2.0,9,5,4
99719,16,2,3,17,8,3,0,1,1,1,0,36,2,2,0.0,0.0,0.0,0.0,0.0,2.0,13,2,7
520,16,7,3,10,8,3,6,1,1,1,1,17,2,2,0.0,0.0,0.0,0.0,0.0,2.0,14,2,1
92539,16,2,3,10,8,3,0,1,1,1,2,19,2,2,0.0,0.0,0.0,0.0,0.0,2.0,17,4,7
16188,4,2,1,10,8,3,2,1,0,1,2,19,2,3,2.0,0.0,0.0,1.0,1.0,2.0,17,4,2
156806,15,2,3,0,2,3,0,1,1,1,1,18,2,2,0.0,0.0,0.0,0.0,0.0,2.0,10,5,11
141589,15,2,3,17,8,3,0,1,0,1,2,5,2,2,0.0,0.0,0.0,0.0,0.0,2.0,18,2,10
146755,16,3,3,0,6,3,6,5,0,1,2,36,2,3,3.0,0.0,0.0,3.0,0.0,1.0,14,2,10
105201,16,2,1,0,10,3,0,1,0,1,2,11,4,3,2.0,0.0,0.0,2.0,0.0,2.0,1,7,8
65651,16,2,1,0,3,3,0,1,0,1,2,6,2,3,1.0,0.0,0.0,1.0,0.0,2.0,4,1,5
19976,16,10,1,2,2,4,6,1,0,1,2,39,1,3,1.0,0.0,0.0,1.0,0.0,0.0,22,6,2
163155,16,3,3,9,6,3,6,5,0,1,0,36,2,3,1.0,0.0,0.0,1.0,0.0,2.0,13,5,11
163064,15,2,1,0,8,3,0,1,0,1,1,18,2,2,0.0,0.0,0.0,0.0,0.0,2.0,18,3,11