crash_date,               traffic_control_device,weather_condition,lighting_condition,first_crash_type,trafficway_type,alignment,roadway_surface_cond,road_defect,crash_type,intersection_related_i,damage,prim_contributory_cause,num_units,most_severe_injury,injuries_total,injuries_fatal,injuries_incapacitating,injuries_non_incapacitating,injuries_reported_not_evident,injuries_no_indication,crash_hour,crash_day_of_week,crash_month
170349,16,2,3,14,8,3,0,1,1,1,2,36,2,2,0.0,0.0,0.0,0.0,0.0,2.0,13,6,11
101660,4,2,1,10,6,3,0,1,0,1,1,36,2,3,1.0,0.0,0.0,1.0,0.0,1.0,21,4,7
92252,16,2,3,17,8,3,5,5,1,1,1,23,2,2,0.0,0.0,0.0,0.0,0.0,3.0,18,7,7
184092,16,2,1,0,8,3,0,1,0,1,2,6,2,2,0.0,0.0,0.0,0.0,0.0,2.0,17,7,12
57409,15,2,3,0,15,3,0,1,0,1,2,18,2,3,1.0,0.0,0.0,1.0,0.0,1.0,17,6,5
164281,16,2,1,17,10,3,0,1,1,1,2,36,2,2,0.0,0.0,0.0,0.0,0.0,3.0,0,5,11
181768,15,7,1,2,13,3,6,5,0,1,2,17,2,2,0.0,0.0,0.0,0.0,0.0,6.0,0,1,12
104106,16,2,3,17,8,3,0,1,1,1,1,36,2,2,0.0,0.0,0.0,0.0,0.0,2.0,17,5,8
53076,16,2,3,10,8,3,0,1,1,1,1,36,2,2,0.0,0.0,0.0,0.0,0.0,2.0,12,4,4
40480,16,2,3,10,8,3,0,1,0,1,2,19,2,2,0.0,0.0,0.0,0.0,0.0,3.0,15,2,3
181998,15,2,3,0,8,3,0,1,1,1,2,5,2,2,0.0,0.0,0.0,0.0,0.0,2.0,7,3,12
165647,16,2,1,10,8,3,0,1,1,1,1,19,2,2,0.0,0.0,0.0,0.0,0.0,3.0,18,5,11
88107,4,2,3,17,8,3,0,1,0,1,2,24,2,2,0.0,0.0,0.0,0.0,0.0,2.0,15,6,7
176871,4,2,3,0,2,3,6,1,1,1,2,18,2,2,0.0,0.0,0.0,0.0,0.0,2.0,13,6,12
29469,16,11,3,17,8,3,5,5,1,1,2,24,2,2,0.0,0.0,0.0,0.0,0.0,4.0,14,6,3
54686,4,2,3,5,8,3,0,1,1,1,2,36,1,2,0.0,0.0,0.0,0.0,0.0,1.0,7,1,4
122774,16,2,3,17,8,3,0,1,1,1,2,26,2,2,0.0,0.0,0.0,0.0,0.0,2.0,15,3,9
117990,15,2,3,10,8,3,0,1,1,1,2,36,2,2,0.0,0.0,0.0,0.0,0.0,2.0,16,6,8
189006,4,10,1,17,8,3,6,1,1,1,1,28,2,2,0.0,0.0,0.0,0.0,0.0,6.0,21,1,12
95574,15,2,3,9,10,3,0,1,0,1,0,18,2,3,1.0,0.0,0.0,1.0,0.0,1.0,14,2,7
121751,16,2,3,0,11,3,0,1,0,1,1,36,2,2,0.0,0.0,0.0,0.0,0.0,4.0,12,2,9
41943,16,2,1,10,8,3,0,1,1,1,0,36,2,2,0.0,0.0,0.0,0.0,0.0,2.0,20,1,3
70962,15,2,3,8,6,4,0,1,0,1,1,5,2,3,1.0,0.0,0.0,1.0,0.0,1.0,12,1,5
130445,15,2,3,0,6,3,0,1,0,1,2,5,2,3,1.0,0.0,0.0,1.0,0.0,1.0,14,1,9
25205,15,2,3,10,10,3,0,1,1,1,1,19,2,2,0.0,0.0,0.0,0.0,0.0,4.0,8,5,2
91124,16,2,3,17,3,3,0,1,0,1,2,6,2,1,1.0,0.0,1.0,0.0,0.0,1.0,8,3,7
145267,15,7,1,0,8,3,6,1,0,1,1,5,2,3,1.0,0.0,0.0,1.0,0.0,5.0,21,7,10
140506,16,7,1,2,11,3,6,5,0,1,2,36,1,2,0.0,0.0,0.0,0.0,0.0,1.0,19,6,10
109353,16,2,3,10,8,3,0,1,0,1,0,36,2,4,1.0,0.0,0.0,0.0,1.0,2.0,9,7,8
82204,15,2,3,0,8,3,0,5,1,1,2,18,2,2,0.0,0.0,0.0,0.0,0.0,2.0,20,5,6
106586,16,2,1,10,8,3,5,5,1,1,2,19,2,2,0.0,0.0,0.0,0.0,0.0,2.0,21,7,8
62182,16,2,3,10,8,3,0,5,1,1,1,6,2,2,0.0,0.0,0.0,0.0,0.0,2.0,14,2,5
118916,15,2,3,10,8,3,0,1,1,1,1,19,2,2,0.0,0.0,0.0,0.0,0.0,2.0,17,4,8
63714,16,5,3,10,8,3,6,1,0,1,0,36,2,4,1.0,0.0,0.0,0.0,1.0,1.0,15,5,5
121693,4,2,3,17,8,3,0,1,1,1,2,12,2,2,0.0,0.0,0.0,0.0,0.0,5.0,12,1,9
97977,16,2,3,15,6,3,0,1,1,1,2,36,2,2,0.0,0.0,0.0,0.0,0.0,2.0,17,4,7
119679,16,2,3,17,6,3,0,1,1,1,2,24,2,2,0.0,0.0,0.0,0.0,0.0,2.0,18,2,8
53470,4,2,3,17,8,3,0,1,0,1,2,17,3,2,0.0,0.0,0.0,0.0,0.0,2.0,15,4,4
115346,15,2,1,0,8,3,0,1,0,1,2,5,3,2,0.0,0.0,0.0,0.0,0.0,2.0,1,1,8
64814,16,2,3,10,10,4,0,1,1,1,2,17,2,2,0.0,0.0,0.0,0.0,0.0,3.0,16,3,5
55217,16,11,3,9,6,3,5,1,0,1,1,36,2,3,1.0,0.0,0.0,1.0,0.0,1.0,7,4,4
42240,16,2,3,10,15,3,0,1,0,1,2,19,2,3,1.0,0.0,0.0,1.0,0.0,1.0,11,1,3
184,16,5,0,17,15,3,6,5,1,1,2,6,2,2,0.0,0.0,0.0,0.0,0.0,3.0,2,4,1
147362,15,2,3,17,15,3,0,1,0,1,2,24,2,4,1.0,0.0,0.0,0.0,1.0,1.0,14,5,10
22919,15,2,1,10,6,3,4,1,1,1,2,38,2,2,0.0,0.0,0.0,0.0,0.0,2.0,19,6,2
128438,15,2,3,0,2,3,0,1,1,1,2,18,2,2,0.0,0.0,0.0,0.0,0.0,2.0,14,7,9
6027,16,2,3,15,2,3,0,1,1,1,0,18,2,2,0.0,0.0,0.0,0.0,0.0,2.0,13,7,1
4855,16,10,1,10,10,3,4,1,1,1,2,19,2,2,0.0,0.0,0.0,0.0,0.0,2.0,17,6,1
39871,16,2,3,17,2,3,0,1,1,1,1,18,2,2,0.0,0.0,0.0,0.0,0.0,2.0,8,3,3
178732,16,2,3,17,8,3,0,1,1,1,2,22,2,2,0.0,0.0,0.0,0.0,0.0,2.0,16,3,12
30086,16,2,1,7,8,3,0,1,1,1,0,24,2,2,0.0,0.0,0.0,0.0,0.0,2.0,0,1,3
49520,15,2,3,17,2,3,0,1,0,1,1,18,2,1,1.0,0.0,1.0,0.0,0.0,1.0,12,3,4
31749,16,11,3,10,8,3,5,1,1,1,1,36,2,2,0.0,0.0,0.0,0.0,0.0,2.0,13,4,3
177347,4,2,3,15,15,3,0,5,1,1,2,36,2,2,0.0,0.0,0.0,0.0,0.0,2.0,13,5,12
137423,4,11,5,0,0,3,5,5,1,1,1,36,2,2,0.0,0.0,0.0,0.0,0.0,2.0,21,6,9
116929,15,2,3,0,6,3,0,1,0,1,2,5,2,4,1.0,0.0,0.0,0.0,1.0,2.0,14,4,8
35920,16,2,3,10,11,3,0,5,1,1,1,16,2,2,0.0,0.0,0.0,0.0,0.0,2.0,14,1,3
127323,15,2,3,0,10,3,0,1,0,1,2,18,2,3,1.0,0.0,0.0,1.0,0.0,2.0,11,5,9
23739,16,2,3,17,6,3,0,1,1,1,2,24,2,2,0.0,0.0,0.0,0.0,0.0,3.0,14,6,2
127050,16,2,2,17,10,3,0,1,0,1,2,36,2,2,0.0,0.0,0.0,0.0,0.0,2.0,18,3,9
157607,16,2,1,15,8,3,0,1,1,1,2,36,2,2,0.0,0.0,0.0,0.0,0.0,2.0,16,2,11
137007,16,2,1,17,6,3,0,1,0,1,2,24,2,2,0.0,0.0,0.0,0.0,0.0,2.0,20,1,9
59282,16,2,1,17,8,3,0,1,1,1,2,24,2,2,0.0,0.0,0.0,0.0,0.0,4.0,1,7,5
141267,17,2,1,2,3,3,0,1,0,1,2,9,1,3,1.0,0.0,0.0,1.0,0.0,0.0,0,2,10
158955,15,2,1,0,6,3,0,1,1,1,1,18,2,2,0.0,0.0,0.0,0.0,0.0,2.0,20,7,11
34238,16,2,3,17,6,3,0,1,1,1,2,36,2,2,0.0,0.0,0.0,0.0,0.0,3.0,13,4,3
116459,4,7,1,7,8,3,6,1,0,1,2,39,3,3,1.0,0.0,0.0,1.0,0.0,2.0,22,3,8
154350,16,7,0,0,8,3,6,1,0,1,2,6,2,3,2.0,0.0,0.0,2.0,0.0,1.0,20,1,10
174124,16,2,2,0,6,3,0,1,0,1,2,36,5,2,0.0,0.0,0.0,0.0,0.0,2.0,6,1,12
142841,16,7,1,0,11,3,6,1,0,1,2,39,2,2,0.0,0.0,0.0,0.0,0.0,2.0,22,3,10
66210,15,2,4,17,17,3,0,1,1,1,1,23,2,2,0.0,0.0,0.0,0.0,0.0,2.0,20,3,5
65132,15,3,3,0,2,3,0,1,0,1,2,18,2,3,1.0,0.0,0.0,1.0,0.0,1.0,12,6,5
87868,16,2,0,9,8,3,0,1,0,1,0,36,2,3,1.0,0.0,0.0,1.0,0.0,1.0,21,1,7
109437,16,2,3,17,8,3,0,1,1,1,2,18,2,2,0.0,0.0,0.0,0.0,0.0,5.0,11,1,8
42242,16,11,5,10,6,3,5,5,1,1,2,36,2,2,0.0,0.0,0.0,0.0,0.0,3.0,0,1,3
34656,16,2,3,10,6,3,0,1,1,1,2,19,2,2,0.0,0.0,0.0,0.0,0.0,3.0,15,3,3
103536,16,2,3,9,6,3,0,1,0,1,0,18,2,3,1.0,0.0,0.0,1.0,0.0,1.0,16,4,7
36598,16,2,1,0,6,3,0,1,0,1,2,18,2,3,1.0,0.0,0.0,1.0,0.0,1.0,4,7,3
178621,16,2,3,10,2,3,0,1,0,1,2,19,3,3,1.0,0.0,0.0,1.0,0.0,2.0,16,1,12
174519,15,2,3,17,2,3,0,1,1,1,2,18,2,2,0.0,0.0,0.0,0.0,0.0,2.0,11,5,12
172366,4,7,4,17,8,3,6,1,0,1,0,36,2,3,1.0,0.0,0.0,1.0,0.0,2.0,19,1,12
131725,16,2,3,15,6,3,5,5,1,1,2,36,2,2,0.0,0.0,0.0,0.0,0.0,2.0,13,6,9
26620,16,2,3,10,6,3,0,5,1,1,2,36,2,2,0.0,0.0,0.0,0.0,0.0,2.0,15,1,2
57170,15,2,1,0,8,3,0,5,0,1,1,5,2,2,0.0,0.0,0.0,0.0,0.0,3.0,1,1,5
51763,16,2,3,15,2,3,0,1,1,1,1,23,2,2,0.0,0.0,0.0,0.0,0.0,6.0,7,2,4
110290,15,2,3,14,2,3,0,1,1,1,2,36,2,2,0.0,0.0,0.0,0.0,0.0,2.0,11,7,8
112627,16,2,1,17,2,3,0,1,1,1,1,24,2,2,0.0,0.0,0.0,0.0,0.0,2.0,3,7,8
185131,16,2,3,17,5,3,6,1,1,1,2,12,2,2,0.0,0.0,0.0,0.0,0.0,2.0,11,7,12
40548,16,2,1,0,6,3,0,1,0,1,2,6,2,4,1.0,0.0,0.0,0.0,1.0,2.0,19,4,3
188102,15,9,2,2,8,3,4,1,0,1,2,15,1,2,0.0,0.0,0.0,0.0,0.0,2.0,16,7,12
87228,16,2,3,17,10,3,0,1,1,1,1,17,2,2,0.0,0.0,0.0,0.0,0.0,2.0,18,5,6
33606,15,2,1,17,6,3,0,5,1,1,2,17,2,2,0.0,0.0,0.0,0.0,0.0,2.0,22,6,3
90090,4,2,3,17,3,3,0,1,0,1,2,23,2,3,1.0,0.0,0.0,1.0,0.0,2.0,12,1,7
33648,16,2,3,10,8,3,0,1,1,0,2,28,2,2,0.0,0.0,0.0,0.0,0.0,2.0,17,7,3
84809,15,2,3,0,15,3,0,1,1,1,1,17,2,2,0.0,0.0,0.0,0.0,0.0,2.0,7,3,6
88345,16,2,3,17,2,3,0,1,1,1,1,36,2,2,0.0,0.0,0.0,0.0,0.0,2.0,8,2,7
41892,15,7,3,10,3,3,6,1,1,1,2,19,2,2,0.0,0.0,0.0,0.0,0.0,3.0,10,7,3
87022,15,7,1,2,8,3,6,5,0,0,2,17,1,2,0.0,0.0,0.0,0.0,0.0,1.0,23,3,6
75962,16,2,2,15,13,3,0,1,1,0,0,22,2,2,0.0,0.0,0.0,0.0,0.0,2.0,15,7,6
31098,17,2,4,15,2,3,0,1,0,1,2,26,3,1,2.0,0.0,2.0,0.0,0.0,1.0,17,5,3
141002,15,2,3,17,6,3,0,1,1,1,1,36,2,2,0.0,0.0,0.0,0.0,0.0,3.0,10,1,10
93906,16,2,3,3,6,3,0,1,0,1,2,17,2,3,2.0,0.0,0.0,2.0,0.0,0.0,16,6,7
100867,4,2,3,0,3,3,0,1,0,1,2,11,2,3,1.0,0.0,0.0,1.0,0.0,2.0,14,6,7
175219,16,2,3,2,3,3,0,1,1,0,2,24,1,2,0.0,0.0,0.0,0.0,0.0,4.0,10,2,12
151959,15,7,3,0,6,3,6,1,0,1,2,18,2,1,1.0,0.0,1.0,0.0,0.0,1.0,9,3,10
29301,16,2,3,0,6,3,0,1,0,1,2,6,2,3,7.0,0.0,0.0,7.0,0.0,0.0,16,3,3
15618,16,2,3,10,8,3,0,1,1,1,2,19,2,2,0.0,0.0,0.0,0.0,0.0,2.0,15,6,2
187297,16,2,1,2,10,3,0,5,0,1,2,17,1,2,0.0,0.0,0.0,0.0,0.0,2.0,2,3,12
134475,15,2,3,0,15,3,0,1,0,1,2,36,2,4,1.0,0.0,0.0,0.0,1.0,2.0,16,7,9
91857,4,2,3,17,6,3,0,1,1,1,2,18,2,2,0.0,0.0,0.0,0.0,0.0,4.0,14,2,7
162140,15,2,1,0,2,3,0,1,1,1,2,38,2,2,0.0,0.0,0.0,0.0,0.0,2.0,21,5,11
114334,17,11,1,8,2,3,5,5,0,1,1,36,2,4,1.0,0.0,0.0,0.0,1.0,1.0,21,6,8
81963,4,2,3,7,6,3,0,1,1,1,2,23,3,2,0.0,0.0,0.0,0.0,0.0,1.0,5,2,6
21708,16,2,3,10,8,3,0,1,1,1,1,19,2,2,0.0,0.0,0.0,0.0,0.0,2.0,15,6,2
134387,16,2,3,17,2,3,0,5,0,1,2,18,2,3,3.0,0.0,0.0,2.0,1.0,1.0,16,6,9
148620,16,2,3,0,2,3,0,1,1,1,1,18,2,2,0.0,0.0,0.0,0.0,0.0,6.0,14,5,10
167735,16,2,3,17,15,3,0,1,0,1,2,18,3,3,2.0,0.0,0.0,2.0,0.0,3.0,13,6,11
27064,15,2,1,17,6,3,0,1,1,1,2,18,3,2,0.0,0.0,0.0,0.0,0.0,3.0,1,1,2
135515,16,2,3,10,2,3,0,1,0,1,2,18,2,3,1.0,0.0,0.0,1.0,0.0,1.0,7,6,9
146260,16,7,3,17,8,4,6,1,1,1,1,36,2,2,0.0,0.0,0.0,0.0,0.0,3.0,16,3,10
19670,16,2,3,17,10,3,0,1,1,1,2,26,2,2,0.0,0.0,0.0,0.0,0.0,2.0,13,7,2
125265,16,2,1,0,8,3,0,1,0,1,2,36,3,3,1.0,0.0,0.0,1.0,0.0,2.0,4,6,9
1947,16,2,1,17,11,3,0,1,1,1,0,36,2,2,0.0,0.0,0.0,0.0,0.0,7.0,18,3,1
115442,15,2,1,0,2,3,0,1,0,1,2,5,2,4,2.0,0.0,0.0,0.0,2.0,2.0,19,2,8
169825,16,7,1,17,3,3,6,1,1,1,2,24,2,2,0.0,0.0,0.0,0.0,0.0,2.0,21,3,11
108504,16,7,5,17,6,3,6,5,1,1,1,36,2,2,0.0,0.0,0.0,0.0,0.0,3.0,10,2,8
124728,15,2,3,0,6,3,0,1,0,1,2,5,2,4,3.0,0.0,0.0,0.0,3.0,5.0,15,5,9
32288,15,2,3,0,6,3,5,5,1,1,2,36,2,2,0.0,0.0,0.0,0.0,0.0,4.0,14,5,3
172254,16,7,3,15,10,3,6,1,1,1,0,36,2,2,0.0,0.0,0.0,0.0,0.0,2.0,14,7,12
154330,16,7,1,10,2,3,6,1,0,1,2,17,3,2,0.0,0.0,0.0,0.0,0.0,4.0,4,1,10
84745,4,2,3,17,8,3,0,1,0,1,0,36,2,4,1.0,0.0,0.0,0.0,1.0,1.0,18,2,6
109820,18,7,3,17,8,3,6,1,1,1,2,18,2,2,0.0,0.0,0.0,0.0,0.0,2.0,12,6,8
103420,16,2,3,14,2,3,0,5,1,1,2,36,2,2,0.0,0.0,0.0,0.0,0.0,2.0,13,2,7
156774,10,2,3,9,8,3,0,5,0,1,2,31,2,3,1.0,0.0,0.0,1.0,0.0,1.0,17,5,11
124486,16,2,3,17,3,2,0,1,1,1,1,24,2,2,0.0,0.0,0.0,0.0,0.0,2.0,6,7,9
84049,4,2,3,17,8,3,0,5,1,1,1,18,2,2,0.0,0.0,0.0,0.0,0.0,2.0,12,5,6
183422,16,2,3,10,17,3,0,1,0,0,2,19,3,1,2.0,0.0,2.0,0.0,0.0,3.0,8,3,12
132914,15,3,3,10,15,3,5,5,0,1,2,5,2,4,1.0,0.0,0.0,0.0,1.0,1.0,12,6,9
92797,16,2,5,17,5,3,5,5,1,1,2,24,2,2,0.0,0.0,0.0,0.0,0.0,2.0,22,1,7
23990,16,2,3,10,10,3,6,1,1,1,1,36,2,2,0.0,0.0,0.0,0.0,0.0,2.0,13,3,2
119740,4,2,3,0,6,3,0,1,0,1,2,36,2,3,1.0,0.0,0.0,1.0,0.0,2.0,15,3,8
104917,16,2,1,10,8,3,0,1,1,1,2,19,2,2,0.0,0.0,0.0,0.0,0.0,2.0,0,3,8
102112,16,2,3,15,6,3,0,1,1,1,2,22,2,2,0.0,0.0,0.0,0.0,0.0,2.0,7,4,7
36670,16,2,3,17,9,3,0,1,1,1,2,36,2,2,0.0,0.0,0.0,0.0,0.0,2.0,7,2,3
157911,16,2,3,17,15,3,5,5,1,1,2,36,2,2,0.0,0.0,0.0,0.0,0.0,2.0,9,7,11
34910,16,2,5,10,2,3,0,1,1,1,0,17,2,2,0.0,0.0,0.0,0.0,0.0,2.0,21,5,3
34603,16,2,3,0,8,3,0,1,0,1,2,6,2,1,1.0,0.0,1.0,0.0,0.0,1.0,14,2,3
1624,16,2,3,17,11,3,0,1,0,1,2,18,2,2,0.0,0.0,0.0,0.0,0.0,2.0,12,6,1
69600,16,2,1,11,6,4,0,1,1,1,2,12,2,2,0.0,0.0,0.0,0.0,0.0,2.0,23,7,5
53806,16,2,5,17,8,3,5,5,1,1,2,36,2,2,0.0,0.0,0.0,0.0,0.0,3.0,20,3,4
69379,4,2,3,17,6,3,0,1,1,1,1,36,2,2,0.0,0.0,0.0,0.0,0.0,2.0,13,5,5
59660,16,2,3,0,15,3,0,5,1,1,2,36,2,2,0.0,0.0,0.0,0.0,0.0,2.0,10,4,5
35254,4,2,3,7,12,3,0,1,1,1,2,36,2,2,0.0,0.0,0.0,0.0,0.0,1.0,15,6,3
178653,16,2,1,0,6,3,0,1,0,1,2,3,3,3,2.0,0.0,0.0,2.0,0.0,3.0,0,1,12
179374,16,2,1,0,8,3,0,5,0,1,2,6,3,2,0.0,0.0,0.0,0.0,0.0,4.0,1,6,12
100187,16,2,3,17,6,3,0,1,1,1,2,18,2,2,0.0,0.0,0.0,0.0,0.0,2.0,11,4,7
171417,16,2,3,10,2,3,0,1,1,1,2,17,2,2,0.0,0.0,0.0,0.0,0.0,3.0,15,3,11
33655,15,7,4,0,6,3,6,5,0,1,2,18,2,2,0.0,0.0,0.0,0.0,0.0,5.0,19,7,3
188419,16,2,1,17,6,3,0,1,1,1,1,24,2,2,0.0,0.0,0.0,0.0,0.0,2.0,22,6,12
183336,16,2,3,10,3,3,0,6,1,1,2,19,2,2,0.0,0.0,0.0,0.0,0.0,2.0,15,2,12
21771,4,2,1,14,8,4,0,4,0,1,1,26,2,2,0.0,0.0,0.0,0.0,0.0,3.0,1,7,2
156257,15,2,0,0,6,3,0,1,0,1,2,36,3,4,2.0,0.0,0.0,0.0,2.0,1.0,21,6,11
32121,15,7,2,17,2,3,6,5,1,1,0,36,2,2,0.0,0.0,0.0,0.0,0.0,3.0,17,2,3
18416,4,2,1,10,2,3,0,1,1,1,2,23,2,2,0.0,0.0,0.0,0.0,0.0,2.0,19,6,2
27301,16,2,3,10,2,3,0,1,1,1,2,19,2,2,0.0,0.0,0.0,0.0,0.0,2.0,7,4,2
23957,16,2,3,0,2,3,0,1,1,1,2,36,2,2,0.0,0.0,0.0,0.0,0.0,2.0,14,7,2
114482,16,2,3,17,6,3,0,1,1,1,2,18,2,2,0.0,0.0,0.0,0.0,0.0,2.0,12,1,8
135000,15,2,3,17,15,3,0,1,1,1,2,26,2,2,0.0,0.0,0.0,0.0,0.0,2.0,12,5,9
15128,16,2,3,17,3,3,0,1,1,1,2,18,2,2,0.0,0.0,0.0,0.0,0.0,2.0,7,5,2
170784,16,2,3,0,2,3,0,1,0,1,2,36,2,2,0.0,0.0,0.0,0.0,0.0,2.0,12,4,11
145211,16,7,3,10,8,3,6,1,1,1,2,36,2,2,0.0,0.0,0.0,0.0,0.0,2.0,14,7,10
27540,16,7,3,15,6,3,6,1,1,1,2,18,2,2,0.0,0.0,0.0,0.0,0.0,2.0,9,2,2
126830,16,2,3,10,6,3,0,1,1,1,1,19,2,2,0.0,0.0,0.0,0.0,0.0,2.0,17,7,9
39608,16,7,1,0,6,3,6,1,0,1,2,17,2,3,1.0,0.0,0.0,1.0,0.0,1.0,1,7,3
6985,15,10,3,0,8,3,1,1,0,1,2,18,2,4,3.0,0.0,0.0,0.0,3.0,1.0,14,3,1
187084,15,2,3,10,8,3,4,1,0,1,2,8,2,3,1.0,0.0,0.0,1.0,0.0,1.0,11,5,12
29486,16,3,2,17,6,3,0,1,0,1,2,23,2,3,2.0,0.0,0.0,2.0,0.0,1.0,5,6,3
100553,16,2,3,17,8,3,0,1,0,1,2,18,2,1,1.0,0.0,1.0,0.0,0.0,3.0,15,2,7
97767,16,2,1,17,1,3,0,1,0,1,2,36,2,2,0.0,0.0,0.0,0.0,0.0,3.0,1,7,7
136108,16,7,3,17,6,3,6,1,0,1,2,17,2,3,1.0,0.0,0.0,1.0,0.0,3.0,8,7,9
78021,16,2,3,10,8,3,0,1,0,1,2,19,2,4,1.0,0.0,0.0,0.0,1.0,2.0,12,1,6
4105,15,2,1,17,15,3,0,1,0,1,2,24,2,2,0.0,0.0,0.0,0.0,0.0,2.0,0,5,1
30667,16,2,3,17,1,3,0,1,1,1,2,23,2,2,0.0,0.0,0.0,0.0,0.0,2.0,12,4,3
59724,16,2,3,15,2,3,0,1,1,1,2,38,2,2,0.0,0.0,0.0,0.0,0.0,3.0,13,7,5
26924,16,10,3,3,8,3,4,1,0,1,2,6,2,1,2.0,0.0,1.0,0.0,1.0,0.0,12,4,2
167131,16,2,3,15,8,3,0,1,1,1,0,36,2,2,0.0,0.0,0.0,0.0,0.0,3.0,14,4,11
10480,15,2,4,17,6,3,0,1,0,1,2,6,2,2,0.0,0.0,0.0,0.0,0.0,2.0,18,1,1
35722,16,3,3,0,6,3,0,1,0,1,2,6,2,2,0.0,0.0,0.0,0.0,0.0,2.0,9,5,3
41910,15,3,3,17,8,3,0,1,0,1,2,24,2,2,0.0,0.0,0.0,0.0,0.0,2.0,12,7,3
62371,16,2,3,0,19,3,0,1,1,1,1,6,2,2,0.0,0.0,0.0,0.0,0.0,3.0,15,6,5
11720,16,10,3,10,6,3,1,1,1,1,2,39,2,2,0.0,0.0,0.0,0.0,0.0,2.0,13,2,1
99315,16,2,3,17,8,3,0,1,0,1,1,23,2,4,2.0,0.0,0.0,0.0,2.0,2.0,11,2,7
159648,17,2,3,9,8,3,0,5,0,1,1,18,2,3,1.0,0.0,0.0,1.0,0.0,1.0,17,5,11
61473,16,2,3,10,8,3,0,1,1,1,2,19,2,2,0.0,0.0,0.0,0.0,0.0,2.0,12,5,5
146302,15,2,1,10,10,3,6,1,1,1,2,19,2,2,0.0,0.0,0.0,0.0,0.0,3.0,19,3,10
174796,16,2,3,10,8,3,0,1,1,1,2,36,2,2,0.0,0.0,0.0,0.0,0.0,2.0,8,3,12
98713,15,2,3,0,10,3,0,1,1,1,0,18,2,2,0.0,0.0,0.0,0.0,0.0,5.0,15,6,7
104757,16,2,3,0,2,3,6,1,0,1,2,6,2,2,0.0,0.0,0.0,0.0,0.0,3.0,15,1,8
64196,16,2,3,9,8,3,0,1,0,1,0,36,2,3,2.0,0.0,0.0,2.0,0.0,0.0,14,6,5
170105,16,2,3,17,6,3,0,1,1,1,2,24,2,2,0.0,0.0,0.0,0.0,0.0,2.0,12,3,11
103885,14,2,3,17,8,3,0,1,0,1,2,38,2,3,1.0,0.0,0.0,1.0,0.0,1.0,18,4,7
136826,16,2,3,17,8,3,0,1,1,1,2,12,2,2,0.0,0.0,0.0,0.0,0.0,2.0,11,4,9
132649,15,7,1,0,6,3,6,1,1,1,1,36,2,2,0.0,0.0,0.0,0.0,0.0,2.0,18,1,9
109700,15,2,1,0,2,3,0,1,1,1,2,18,2,2,0.0,0.0,0.0,0.0,0.0,2.0,21,6,8
74025,16,7,3,15,3,3,6,1,1,1,1,22,2,2,0.0,0.0,0.0,0.0,0.0,2.0,6,4,6
142758,16,2,3,0,8,3,0,4,1,1,1,36,2,2,0.0,0.0,0.0,0.0,0.0,2.0,11,2,10
183757,16,2,1,17,2,3,0,1,1,1,2,24,2,2,0.0,0.0,0.0,0.0,0.0,3.0,23,6,12
116975,15,2,3,15,8,3,0,1,1,1,1,36,3,2,0.0,0.0,0.0,0.0,0.0,2.0,10,4,8
58744,15,7,3,7,6,3,6,5,1,1,2,36,2,2,0.0,0.0,0.0,0.0,0.0,2.0,12,5,5
116397,4,2,3,0,2,3,0,1,1,1,1,36,2,2,0.0,0.0,0.0,0.0,0.0,2.0,12,2,8
33574,16,2,1,0,6,3,0,1,1,1,2,18,2,2,0.0,0.0,0.0,0.0,0.0,2.0,2,6,3
77917,15,2,3,0,8,3,0,5,1,1,2,5,2,2,0.0,0.0,0.0,0.0,0.0,2.0,6,7,6
109341,16,2,3,0,2,3,0,1,0,1,2,3,2,1,1.0,0.0,1.0,0.0,0.0,4.0,7,7,8
167653,4,2,3,7,10,3,0,1,1,1,2,36,2,2,0.0,0.0,0.0,0.0,0.0,1.0,15,4,11
102105,16,2,1,10,11,3,0,1,1,1,2,19,2,2,0.0,0.0,0.0,0.0,0.0,2.0,19,4,7
161114,17,2,3,10,17,3,0,1,1,1,2,36,2,2,0.0,0.0,0.0,0.0,0.0,2.0,17,4,11
47860,15,3,3,10,6,3,6,1,0,1,1,36,2,4,1.0,0.0,0.0,0.0,1.0,1.0,18,4,4
181846,4,2,3,17,15,3,0,1,0,1,2,19,2,2,0.0,0.0,0.0,0.0,0.0,2.0,12,3,12
44515,15,2,3,0,8,3,0,1,0,1,2,36,2,2,0.0,0.0,0.0,0.0,0.0,3.0,18,5,4
75300,16,2,3,17,6,3,0,1,1,1,0,31,2,2,0.0,0.0,0.0,0.0,0.0,2.0,15,3,6
3388,16,7,3,17,8,3,6,5,1,0,1,36,2,2,0.0,0.0,0.0,0.0,0.0,3.0,13,6,1
92280,17,2,3,5,18,3,0,3,1,1,1,36,1,2,0.0,0.0,0.0,0.0,0.0,1.0,11,7,7
87182,16,2,3,17,6,3,0,1,0,1,2,24,2,2,0.0,0.0,0.0,0.0,0.0,2.0,16,7,6
95931,4,2,3,0,10,3,0,4,0,1,2,18,2,3,1.0,0.0,0.0,1.0,0.0,3.0,11,1,7
124968,15,2,1,0,8,3,0,1,0,1,2,5,3,2,0.0,0.0,0.0,0.0,0.0,9.0,4,7,9
163916,15,2,1,10,15,3,0,1,1,1,2,36,2,2,0.0,0.0,0.0,0.0,0.0,5.0,17,2,11