crash_date,               traffic_control_device,weather_condition,lighting_condition,first_crash_type,trafficway_type,alignment,roadway_surface_cond,road_defect,crash_type,intersection_related_i,damage,prim_contributory_cause,num_units,most_severe_injury,injuries_total,injuries_fatal,injuries_incapacitating,injuries_non_incapacitating,injuries_reported_not_evident,injuries_no_indication,crash_hour,crash_day_of_week,crash_month
54849,16,2,3,17,8,3,0,1,1,1,1,19,2,2,0.0,0.0,0.0,0.0,0.0,2.0,16,5,4
177114,16,2,1,10,10,3,5,5,1,1,2,36,2,2,0.0,0.0,0.0,0.0,0.0,4.0,17,5,12
91597,16,2,3,9,8,3,0,1,0,1,2,17,2,1,1.0,0.0,1.0,0.0,0.0,1.0,13,4,7
161906,4,2,3,0,2,3,6,1,1,1,2,36,2,2,0.0,0.0,0.0,0.0,0.0,2.0,9,1,11
149630,16,2,3,17,3,3,0,1,1,1,2,36,2,2,0.0,0.0,0.0,0.0,0.0,2.0,11,7,10
16706,16,2,1,10,8,3,4,1,1,1,0,19,2,2,0.0,0.0,0.0,0.0,0.0,2.0,22,6,2
102477,15,2,3,17,15,3,0,1,0,1,2,18,2,3,2.0,0.0,0.0,2.0,0.0,1.0,14,2,7
10607,4,7,3,10,8,3,6,1,1,0,2,19,3,2,0.0,0.0,0.0,0.0,0.0,3.0,12,2,1
142245,16,2,1,0,8,3,0,1,0,1,2,34,2,3,2.0,0.0,0.0,2.0,0.0,0.0,17,2,10
4720,17,2,3,10,8,3,5,5,1,1,0,19,2,2,0.0,0.0,0.0,0.0,0.0,2.0,11,2,1
98275,4,3,1,17,2,3,0,1,0,1,2,23,2,1,1.0,0.0,1.0,0.0,0.0,2.0,20,7,7
136918,16,2,3,0,15,3,0,1,0,1,2,6,2,2,0.0,0.0,0.0,0.0,0.0,10.0,16,6,9
41411,4,2,1,10,8,3,0,1,0,1,2,36,2,2,0.0,0.0,0.0,0.0,0.0,2.0,1,6,3
159314,16,2,3,17,3,3,0,1,0,1,2,6,2,3,1.0,0.0,0.0,1.0,0.0,1.0,12,4,11
163558,16,3,3,2,6,3,0,1,0,1,2,6,1,3,1.0,0.0,0.0,1.0,0.0,0.0,10,5,11
50546,4,2,0,4,8,3,0,3,1,1,1,36,1,2,0.0,0.0,0.0,0.0,0.0,1.0,18,3,4
146871,15,2,3,11,10,4,0,1,1,1,1,18,2,2,0.0,0.0,0.0,0.0,0.0,2.0,11,4,10
8155,15,2,3,0,11,3,6,1,1,1,2,18,2,2,0.0,0.0,0.0,0.0,0.0,4.0,8,4,1
36363,15,2,3,0,8,3,5,5,1,1,2,18,2,2,0.0,0.0,0.0,0.0,0.0,2.0,18,2,3
182944,16,3,3,15,6,3,0,1,1,1,1,22,2,2,0.0,0.0,0.0,0.0,0.0,2.0,12,3,12
40211,16,2,1,17,2,3,0,1,0,1,2,24,2,2,0.0,0.0,0.0,0.0,0.0,3.0,22,3,3
164526,16,11,5,15,8,3,5,5,1,1,1,18,2,2,0.0,0.0,0.0,0.0,0.0,2.0,9,3,11
120662,15,2,3,10,8,3,0,6,1,1,2,19,2,2,0.0,0.0,0.0,0.0,0.0,2.0,15,1,9
38071,16,2,1,15,3,3,0,1,1,1,0,23,2,2,0.0,0.0,0.0,0.0,0.0,2.0,20,5,3
142888,16,3,3,17,8,3,6,1,0,1,2,23,2,2,0.0,0.0,0.0,0.0,0.0,2.0,17,4,10
87398,16,2,1,10,8,3,0,1,0,1,2,36,2,2,0.0,0.0,0.0,0.0,0.0,5.0,4,1,6
1063,15,2,3,10,8,3,0,1,1,1,2,30,2,2,0.0,0.0,0.0,0.0,0.0,2.0,10,4,1
69849,17,7,4,10,8,3,6,1,1,1,0,36,2,2,0.0,0.0,0.0,0.0,0.0,2.0,19,5,5
136408,15,2,3,17,8,3,0,5,0,1,2,36,2,4,1.0,0.0,0.0,0.0,1.0,1.0,11,5,9
183917,4,2,1,15,12,3,0,1,0,1,2,36,2,2,0.0,0.0,0.0,0.0,0.0,2.0,19,3,12
88420,16,2,3,10,2,3,0,1,1,1,1,23,2,2,0.0,0.0,0.0,0.0,0.0,4.0,8,3,7
78366,15,2,1,0,2,3,0,1,0,1,2,5,2,2,0.0,0.0,0.0,0.0,0.0,2.0,23,5,6
135491,16,7,0,17,6,3,6,3,0,1,2,38,2,4,1.0,0.0,0.0,0.0,1.0,2.0,16,6,9
9322,16,2,3,9,6,3,0,1,0,1,0,12,2,3,1.0,0.0,0.0,1.0,0.0,1.0,8,1,1
101160,16,7,3,17,2,3,6,1,0,1,2,36,2,2,0.0,0.0,0.0,0.0,0.0,5.0,10,4,7
85161,4,2,1,0,6,3,0,1,0,1,2,18,3,3,1.0,0.0,0.0,1.0,0.0,3.0,20,3,6
130181,16,3,4,10,8,3,0,1,1,1,2,36,2,2,0.0,0.0,0.0,0.0,0.0,5.0,16,3,9
4707,16,2,1,10,6,3,0,1,1,1,2,17,2,2,0.0,0.0,0.0,0.0,0.0,2.0,20,2,1
37137,17,11,1,10,8,3,5,5,1,1,1,26,2,2,0.0,0.0,0.0,0.0,0.0,3.0,2,1,3
175412,16,2,3,15,6,3,0,1,0,1,2,23,2,3,1.0,0.0,0.0,1.0,0.0,1.0,11,6,12
32883,15,2,3,15,10,3,5,5,1,1,2,36,2,2,0.0,0.0,0.0,0.0,0.0,2.0,12,1,3
91728,16,2,3,0,1,3,0,1,1,1,1,6,2,2,0.0,0.0,0.0,0.0,0.0,2.0,14,6,7
9383,4,2,3,17,15,3,0,1,0,1,2,17,2,1,2.0,0.0,1.0,1.0,0.0,0.0,15,4,1
125649,4,2,1,9,2,3,0,1,0,1,1,18,2,3,1.0,0.0,0.0,1.0,0.0,1.0,20,3,9
89172,4,2,3,0,8,3,0,1,0,1,2,5,2,3,1.0,0.0,0.0,1.0,0.0,2.0,17,1,7
108607,4,2,3,15,10,3,0,1,1,1,2,23,2,2,0.0,0.0,0.0,0.0,0.0,2.0,7,4,8
47846,4,7,3,17,2,3,6,1,0,1,2,6,2,3,1.0,0.0,0.0,1.0,0.0,1.0,16,4,4
70680,4,7,3,10,8,3,6,3,1,0,1,39,2,2,0.0,0.0,0.0,0.0,0.0,2.0,19,3,5
85409,15,2,3,17,6,3,5,1,0,1,2,26,2,4,3.0,0.0,0.0,0.0,3.0,0.0,16,6,6
117986,16,2,3,17,6,3,0,1,1,1,2,38,2,2,0.0,0.0,0.0,0.0,0.0,2.0,16,6,8
77520,15,3,0,10,15,3,0,1,0,1,2,12,2,3,1.0,0.0,0.0,1.0,0.0,1.0,23,1,6
138673,15,2,3,0,6,3,0,1,0,1,2,18,2,3,2.0,0.0,0.0,2.0,0.0,1.0,16,4,10
178010,15,2,3,0,6,3,0,1,1,1,0,36,2,2,0.0,0.0,0.0,0.0,0.0,2.0,13,7,12
23853,16,2,3,15,2,3,0,1,0,1,2,22,2,2,0.0,0.0,0.0,0.0,0.0,5.0,11,7,2
119511,16,2,1,17,2,3,0,1,1,1,0,24,2,2,0.0,0.0,0.0,0.0,0.0,2.0,20,5,8
38961,16,2,1,0,2,3,0,1,1,1,2,6,2,2,0.0,0.0,0.0,0.0,0.0,2.0,22,7,3
175954,16,11,3,17,10,3,0,5,1,1,2,23,2,2,0.0,0.0,0.0,0.0,0.0,2.0,16,3,12
82809,16,7,3,10,8,3,0,1,1,1,1,26,2,2,0.0,0.0,0.0,0.0,0.0,3.0,11,6,6
138318,15,7,4,0,2,3,6,1,0,1,2,18,2,2,0.0,0.0,0.0,0.0,0.0,2.0,17,4,10
56630,15,7,3,17,15,3,6,1,0,1,2,18,2,3,1.0,0.0,0.0,1.0,0.0,2.0,9,5,5
147027,4,2,4,17,2,3,0,1,0,1,2,22,2,2,0.0,0.0,0.0,0.0,0.0,2.0,19,4,10
94561,15,2,3,0,11,3,0,1,0,1,2,17,2,4,2.0,0.0,0.0,0.0,2.0,1.0,11,6,7
2868,16,10,3,15,8,3,6,1,1,1,2,22,2,2,0.0,0.0,0.0,0.0,0.0,2.0,14,2,1
52014,15,2,3,11,6,3,5,5,1,1,1,21,2,2,0.0,0.0,0.0,0.0,0.0,2.0,15,2,4
60671,16,2,3,15,8,3,0,1,1,1,1,36,2,2,0.0,0.0,0.0,0.0,0.0,2.0,17,6,5
39096,16,2,4,17,15,2,0,1,0,1,2,24,2,3,2.0,0.0,0.0,2.0,0.0,0.0,19,4,3
102005,16,2,3,17,6,3,0,1,1,1,2,36,2,2,0.0,0.0,0.0,0.0,0.0,2.0,14,3,7
179336,15,2,2,17,15,3,0,1,0,1,2,36,2,2,0.0,0.0,0.0,0.0,0.0,4.0,6,4,12
105942,15,2,3,0,8,3,0,1,1,1,2,18,2,2,0.0,0.0,0.0,0.0,0.0,2.0,13,5,8
171835,17,11,3,17,17,3,5,1,1,1,2,24,2,2,0.0,0.0,0.0,0.0,0.0,2.0,11,7,11
34138,18,2,3,10,13,3,0,1,0,0,2,17,2,2,0.0,0.0,0.0,0.0,0.0,4.0,17,1,3
7403,16,11,5,10,6,3,5,5,1,1,1,22,2,2,0.0,0.0,0.0,0.0,0.0,5.0,15,1,1
116860,15,2,3,13,15,3,0,1,0,1,2,17,2,2,0.0,0.0,0.0,0.0,0.0,2.0,12,1,8
16434,16,2,1,0,8,3,6,1,0,1,2,6,2,3,4.0,0.0,0.0,4.0,0.0,0.0,3,1,2
95740,15,2,1,17,6,3,0,1,0,1,2,18,3,2,0.0,0.0,0.0,0.0,0.0,2.0,22,5,7
66875,15,2,3,17,8,3,0,5,0,1,1,18,2,3,1.0,0.0,0.0,1.0,0.0,2.0,16,1,5
88730,4,2,3,17,6,3,0,1,1,0,2,36,2,2,0.0,0.0,0.0,0.0,0.0,2.0,13,3,7
172761,4,2,3,9,10,3,0,1,0,1,0,17,2,3,1.0,0.0,0.0,1.0,0.0,1.0,15,7,12
112194,16,2,3,15,6,3,0,1,1,1,2,36,2,2,0.0,0.0,0.0,0.0,0.0,2.0,12,1,8
52880,16,2,3,17,6,3,0,1,1,1,2,6,2,2,0.0,0.0,0.0,0.0,0.0,4.0,7,2,4
79541,16,2,3,10,2,3,0,1,0,1,1,17,2,4,1.0,0.0,0.0,0.0,1.0,2.0,13,2,6
119608,17,11,5,15,8,3,5,5,0,1,2,36,2,2,0.0,0.0,0.0,0.0,0.0,2.0,16,1,8
2575,15,2,1,0,15,4,0,1,0,1,2,18,2,2,0.0,0.0,0.0,0.0,0.0,2.0,18,2,1
78991,16,2,3,0,6,3,0,1,0,1,1,36,2,3,1.0,0.0,0.0,1.0,0.0,1.0,7,1,6
123415,16,7,3,17,11,3,6,1,1,1,2,18,2,2,0.0,0.0,0.0,0.0,0.0,4.0,11,5,9
177481,16,3,3,17,2,3,0,5,1,1,2,19,2,2,0.0,0.0,0.0,0.0,0.0,2.0,9,6,12
85340,16,2,3,9,2,3,0,1,0,1,2,6,3,1,1.0,0.0,1.0,0.0,0.0,2.0,7,4,6
22267,16,2,1,17,8,3,0,1,1,1,2,36,2,2,0.0,0.0,0.0,0.0,0.0,3.0,18,1,2
720,4,2,1,17,15,3,0,1,0,1,0,36,2,2,0.0,0.0,0.0,0.0,0.0,2.0,19,5,1
83906,4,7,1,0,6,3,6,5,1,1,2,36,2,2,0.0,0.0,0.0,0.0,0.0,5.0,22,3,6
130557,4,2,1,17,19,3,0,1,1,1,1,17,2,2,0.0,0.0,0.0,0.0,0.0,3.0,22,2,9
183375,15,2,3,0,15,3,0,1,0,1,2,36,2,2,0.0,0.0,0.0,0.0,0.0,3.0,10,2,12
78041,16,2,3,10,8,3,0,1,0,1,1,36,2,2,0.0,0.0,0.0,0.0,0.0,5.0,16,2,6
160062,16,2,1,10,6,3,0,1,1,1,1,19,2,2,0.0,0.0,0.0,0.0,0.0,2.0,17,3,11
102118,16,2,3,17,8,3,0,1,0,1,2,18,2,2,0.0,0.0,0.0,0.0,0.0,2.0,9,4,7
93461,16,2,3,10,8,3,0,1,1,1,1,19,2,2,0.0,0.0,0.0,0.0,0.0,2.0,16,4,7
25323,4,10,3,10,2,3,6,1,0,1,2,19,2,2,0.0,0.0,0.0,0.0,0.0,2.0,10,6,2
114289,15,2,3,0,8,3,0,1,1,1,2,18,2,2,0.0,0.0,0.0,0.0,0.0,2.0,14,6,8
95016,15,3,5,0,8,3,0,1,1,1,1,36,2,2,0.0,0.0,0.0,0.0,0.0,2.0,13,7,7
168716,16,7,1,0,2,3,6,1,0,1,2,15,2,3,1.0,0.0,0.0,1.0,0.0,1.0,5,7,11
138904,16,2,3,9,2,3,0,1,0,1,0,18,2,4,1.0,0.0,0.0,0.0,1.0,2.0,9,4,10
8872,16,2,3,10,2,3,0,1,1,1,1,19,2,2,0.0,0.0,0.0,0.0,0.0,2.0,16,2,1
110744,15,2,1,0,15,3,0,1,0,1,2,17,2,3,1.0,0.0,0.0,1.0,0.0,2.0,0,7,8
58113,16,2,1,0,6,3,0,1,0,1,2,37,2,3,1.0,0.0,0.0,1.0,0.0,1.0,0,1,5
173362,15,2,1,0,2,3,0,1,0,1,2,5,2,3,1.0,0.0,0.0,1.0,0.0,1.0,21,2,12
13953,16,2,3,10,8,3,0,1,0,1,1,19,2,4,1.0,0.0,0.0,0.0,1.0,1.0,13,6,1
55787,15,2,3,0,6,3,0,1,1,1,2,36,2,2,0.0,0.0,0.0,0.0,0.0,2.0,10,6,4
78886,15,2,3,17,6,3,0,1,0,1,2,18,2,2,0.0,0.0,0.0,0.0,0.0,4.0,16,6,6
104445,16,2,3,17,3,3,0,1,1,1,2,24,2,2,0.0,0.0,0.0,0.0,0.0,4.0,13,5,8
95038,4,2,3,10,8,3,0,1,1,1,2,19,3,2,0.0,0.0,0.0,0.0,0.0,6.0,10,7,7
30868,16,2,4,17,6,3,0,5,0,1,2,24,2,2,0.0,0.0,0.0,0.0,0.0,6.0,19,2,3
161195,15,2,5,17,8,3,5,5,1,1,2,18,2,2,0.0,0.0,0.0,0.0,0.0,2.0,21,5,11
183711,4,2,1,15,8,3,0,1,1,1,2,22,2,2,0.0,0.0,0.0,0.0,0.0,3.0,17,6,12
85908,17,2,1,17,15,3,0,1,0,1,2,36,2,2,0.0,0.0,0.0,0.0,0.0,3.0,2,7,6
97825,4,2,3,11,4,3,0,1,1,1,0,17,2,2,0.0,0.0,0.0,0.0,0.0,2.0,10,7,7
56388,4,3,3,0,10,3,6,1,1,1,2,36,2,2,0.0,0.0,0.0,0.0,0.0,2.0,7,2,5
36989,16,7,4,15,8,3,6,1,1,0,2,19,2,2,0.0,0.0,0.0,0.0,0.0,3.0,17,7,3
88359,15,2,3,10,10,3,5,1,1,1,2,26,2,2,0.0,0.0,0.0,0.0,0.0,2.0,10,2,7
68184,15,2,3,0,8,3,0,1,0,1,2,18,3,4,2.0,0.0,0.0,0.0,2.0,1.0,15,6,5
68103,16,2,3,17,11,3,0,1,0,1,2,24,2,4,1.0,0.0,0.0,0.0,1.0,2.0,5,4,5
125925,16,2,1,17,8,3,0,1,0,1,2,36,2,2,0.0,0.0,0.0,0.0,0.0,5.0,20,1,9
132441,15,2,3,0,8,3,0,1,0,1,2,5,2,2,0.0,0.0,0.0,0.0,0.0,2.0,15,5,9
113711,16,2,3,10,3,3,0,1,1,1,0,36,2,2,0.0,0.0,0.0,0.0,0.0,3.0,14,4,8
174489,16,2,3,10,8,3,0,1,1,1,1,36,2,2,0.0,0.0,0.0,0.0,0.0,2.0,6,5,12
16388,16,2,3,10,6,3,0,5,0,1,2,17,2,3,3.0,0.0,0.0,2.0,1.0,1.0,11,7,2
19135,15,7,1,17,6,3,6,5,1,1,2,18,3,2,0.0,0.0,0.0,0.0,0.0,4.0,20,5,2
15150,3,2,3,10,3,3,0,1,1,1,1,19,2,2,0.0,0.0,0.0,0.0,0.0,2.0,11,5,2
164596,16,10,3,10,6,3,6,1,1,1,1,18,2,2,0.0,0.0,0.0,0.0,0.0,5.0,10,4,11
111339,16,7,1,8,6,3,6,5,1,1,0,17,2,2,0.0,0.0,0.0,0.0,0.0,2.0,23,2,8
67413,4,2,3,10,8,3,0,1,1,0,2,19,2,2,0.0,0.0,0.0,0.0,0.0,2.0,16,2,5
177041,16,2,3,2,6,3,0,1,1,1,0,12,1,2,0.0,0.0,0.0,0.0,0.0,1.0,14,2,12
112386,16,2,3,0,6,3,0,1,1,1,2,6,2,2,0.0,0.0,0.0,0.0,0.0,2.0,15,6,8
148596,16,2,3,10,2,3,0,1,1,1,0,17,2,2,0.0,0.0,0.0,0.0,0.0,2.0,13,3,10
77986,16,2,1,17,8,3,0,1,0,1,2,6,2,3,1.0,0.0,0.0,1.0,0.0,1.0,3,1,6
118695,16,2,2,9,6,3,0,5,0,1,2,36,2,3,1.0,0.0,0.0,1.0,0.0,1.0,5,2,8
82323,15,2,3,0,15,3,0,5,1,1,2,18,2,2,0.0,0.0,0.0,0.0,0.0,4.0,12,7,6
90430,16,2,1,17,2,3,0,1,0,1,2,18,2,3,2.0,0.0,0.0,2.0,0.0,1.0,22,5,7
128658,16,2,1,17,15,3,0,1,0,1,2,18,2,3,3.0,0.0,0.0,3.0,0.0,1.0,20,4,9
175712,16,3,3,17,8,3,0,1,1,1,0,22,2,2,0.0,0.0,0.0,0.0,0.0,3.0,12,2,12
8279,16,10,1,10,2,3,4,5,1,1,2,19,2,2,0.0,0.0,0.0,0.0,0.0,2.0,17,6,1
3363,15,2,3,0,6,3,0,1,0,1,2,18,2,3,1.0,0.0,0.0,1.0,0.0,1.0,8,3,1
36785,15,2,3,17,2,3,0,5,1,1,2,5,2,2,0.0,0.0,0.0,0.0,0.0,2.0,13,3,3
120491,15,2,3,0,8,3,6,1,1,1,2,18,2,2,0.0,0.0,0.0,0.0,0.0,2.0,15,5,9
127246,15,2,3,10,10,3,0,1,1,1,1,36,2,2,0.0,0.0,0.0,0.0,0.0,3.0,14,5,9
38750,15,2,3,17,8,3,0,1,1,1,2,18,2,2,0.0,0.0,0.0,0.0,0.0,2.0,14,5,3
145067,15,7,3,0,6,3,6,1,1,1,2,18,2,2,0.0,0.0,0.0,0.0,0.0,2.0,15,6,10
149278,16,2,3,15,8,3,0,1,1,1,1,36,2,2,0.0,0.0,0.0,0.0,0.0,2.0,19,1,10
14861,15,10,3,10,6,3,4,1,0,1,1,19,2,2,0.0,0.0,0.0,0.0,0.0,2.0,15,1,1
18297,16,2,3,17,8,3,0,1,1,1,2,24,2,2,0.0,0.0,0.0,0.0,0.0,2.0,7,4,2
33444,16,2,3,10,8,3,0,1,0,1,2,26,2,4,1.0,0.0,0.0,0.0,1.0,1.0,15,3,3
186852,16,2,3,15,8,3,4,5,1,1,2,36,2,2,0.0,0.0,0.0,0.0,0.0,2.0,8,3,12
16119,16,2,2,15,8,3,0,1,1,1,1,22,2,2,0.0,0.0,0.0,0.0,0.0,2.0,17,2,2
89685,15,2,3,0,2,3,0,1,1,1,2,18,2,2,0.0,0.0,0.0,0.0,0.0,2.0,16,2,7
133147,16,2,4,9,8,3,0,1,0,1,0,18,2,1,1.0,0.0,1.0,0.0,0.0,1.0,19,1,9
146653,16,2,4,15,8,3,0,1,1,1,2,18,2,2,0.0,0.0,0.0,0.0,0.0,2.0,17,7,10
88255,16,2,3,10,6,3,0,1,0,1,2,36,2,3,1.0,0.0,0.0,1.0,0.0,1.0,9,2,7
46900,15,2,3,0,15,3,6,1,0,1,2,18,2,2,0.0,0.0,0.0,0.0,0.0,2.0,6,1,4
177743,16,2,2,10,8,3,0,1,0,1,2,19,3,2,0.0,0.0,0.0,0.0,0.0,3.0,6,2,12
70504,16,2,1,0,6,3,0,1,1,1,2,18,2,2,0.0,0.0,0.0,0.0,0.0,3.0,12,1,5
85053,16,7,3,15,6,3,6,1,0,1,2,36,2,3,1.0,0.0,0.0,1.0,0.0,1.0,12,7,6
146840,16,2,3,17,8,3,0,1,0,1,2,6,2,4,1.0,0.0,0.0,0.0,1.0,1.0,7,4,10
93257,15,7,3,8,6,3,6,1,1,1,0,36,2,2,0.0,0.0,0.0,0.0,0.0,2.0,11,1,7
99147,15,2,1,8,2,3,0,5,0,1,2,18,2,3,1.0,0.0,0.0,1.0,0.0,1.0,23,7,7
109875,16,2,3,10,2,3,0,1,1,1,2,19,2,2,0.0,0.0,0.0,0.0,0.0,2.0,10,7,8
46171,16,2,1,0,6,3,0,1,0,1,2,37,2,4,2.0,0.0,0.0,0.0,2.0,1.0,3,1,4
144721,15,2,3,3,8,3,0,1,0,1,2,11,2,0,2.0,1.0,0.0,1.0,0.0,0.0,15,7,10
19907,16,10,3,10,6,3,4,1,1,1,1,39,2,2,0.0,0.0,0.0,0.0,0.0,2.0,10,5,2
3578,16,2,3,17,10,3,0,1,1,1,2,24,2,2,0.0,0.0,0.0,0.0,0.0,3.0,8,4,1
98321,16,3,3,10,2,3,6,1,1,1,2,19,2,2,0.0,0.0,0.0,0.0,0.0,2.0,14,1,7
138215,15,2,1,9,2,3,0,1,0,1,2,18,2,3,1.0,0.0,0.0,1.0,0.0,1.0,19,2,10
89308,16,2,3,15,6,3,0,1,1,1,2,18,2,2,0.0,0.0,0.0,0.0,0.0,2.0,6,4,7
165251,15,3,3,17,6,3,0,1,0,1,1,30,4,0,1.0,1.0,0.0,0.0,0.0,5.0,15,1,11
120223,4,2,1,17,8,3,0,1,0,1,1,18,5,4,1.0,0.0,0.0,0.0,1.0,1.0,4,3,8
156514,16,2,1,0,8,3,0,1,1,1,0,37,2,2,0.0,0.0,0.0,0.0,0.0,2.0,5,7,11
14282,4,6,3,7,8,3,4,5,0,0,2,16,2,2,0.0,0.0,0.0,0.0,0.0,1.0,15,4,1
104589,16,2,3,10,8,3,0,1,1,1,0,36,2,2,0.0,0.0,0.0,0.0,0.0,2.0,14,5,8
33096,16,3,3,17,2,3,5,5,1,1,2,36,2,2,0.0,0.0,0.0,0.0,0.0,2.0,11,4,3
148235,16,2,1,17,6,3,0,1,1,1,2,24,2,2,0.0,0.0,0.0,0.0,0.0,2.0,23,7,10
86734,16,2,3,10,3,3,0,1,0,1,2,19,2,4,1.0,0.0,0.0,0.0,1.0,3.0,15,5,6
117810,16,2,3,17,3,3,0,1,1,1,2,22,2,2,0.0,0.0,0.0,0.0,0.0,2.0,17,2,8
158440,15,2,0,7,8,3,0,1,0,0,2,36,4,3,1.0,0.0,0.0,1.0,0.0,0.0,20,7,11
27258,16,2,3,0,2,3,0,1,1,1,2,18,2,2,0.0,0.0,0.0,0.0,0.0,2.0,8,3,2
24315,16,2,1,17,8,3,0,1,0,1,2,36,2,2,0.0,0.0,0.0,0.0,0.0,2.0,22,1,2
30716,16,11,1,15,2,3,5,5,1,1,0,18,2,2,0.0,0.0,0.0,0.0,0.0,2.0,21,6,3
132241,16,11,5,17,17,3,5,5,1,0,1,36,2,2,0.0,0.0,0.0,0.0,0.0,2.0,18,4,9
111309,16,7,3,15,6,3,6,1,1,1,2,22,2,2,0.0,0.0,0.0,0.0,0.0,3.0,17,2,8
134979,16,2,3,17,10,3,0,1,0,1,2,19,2,2,0.0,0.0,0.0,0.0,0.0,4.0,8,5,9
156498,15,2,3,9,6,3,0,1,0,1,0,36,2,3,1.0,0.0,0.0,1.0,0.0,1.0,15,7,11
121737,16,2,0,0,8,3,0,1,0,1,2,6,3,2,0.0,0.0,0.0,0.0,0.0,5.0,20,2,9
50179,4,2,3,17,8,3,0,1,0,0,2,18,2,2,0.0,0.0,0.0,0.0,0.0,2.0,6,3,4
152749,16,2,3,0,8,3,0,1,1,1,2,6,2,2,0.0,0.0,0.0,0.0,0.0,3.0,9,7,10
82115,16,2,3,17,8,3,0,1,0,1,2,23,2,2,0.0,0.0,0.0,0.0,0.0,2.0,17,4,6
141616,15,2,1,0,2,3,0,1,0,1,2,18,2,4,1.0,0.0,0.0,0.0,1.0,1.0,20,2,10
184632,15,7,3,0,6,3,6,1,0,1,2,36,2,2,0.0,0.0,0.0,0.0,0.0,2.0,11,6,12
103554,15,2,3,0,6,3,0,1,0,1,2,18,2,4,1.0,0.0,0.0,0.0,1.0,1.0,6,4,7
97166,16,2,3,10,8,3,0,5,1,1,0,36,2,2,0.0,0.0,0.0,0.0,0.0,2.0,6,5,7
185021,4,2,3,15,8,3,0,1,1,0,2,21,2,2,0.0,0.0,0.0,0.0,0.0,6.0,12,5,12
114028,4,3,2,15,11,3,2,5,1,0,1,26,2,2,0.0,0.0,0.0,0.0,0.0,2.0,18,7,8
134172,15,2,3,0,2,3,0,1,1,1,2,36,2,2,0.0,0.0,0.0,0.0,0.0,5.0,15,2,9
21818,16,11,2,17,1,3,0,1,0,1,2,36,2,4,1.0,0.0,0.0,0.0,1.0,1.0,20,7,2
16690,15,10,1,10,10,3,4,1,1,1,2,19,2,2,0.0,0.0,0.0,0.0,0.0,3.0,20,6,2
53100,15,2,3,0,10,3,0,1,1,1,0,36,2,2,0.0,0.0,0.0,0.0,0.0,2.0,17,5,4
93926,15,2,3,17,8,3,0,1,1,1,2,24,2,2,0.0,0.0,0.0,0.0,0.0,6.0,18,6,7
129447,16,2,1,15,11,3,0,1,1,1,2,22,2,2,0.0,0.0,0.0,0.0,0.0,2.0,8,2,9
148971,16,2,3,0,6,3,0,5,0,1,2,3,3,2,0.0,0.0,0.0,0.0,0.0,5.0,16,5,10
167781,15,2,0,9,10,3,0,1,1,1,0,36,2,2,0.0,0.0,0.0,0.0,0.0,2.0,20,6,11
57792,15,2,3,17,9,3,0,1,0,1,2,18,2,3,2.0,0.0,0.0,2.0,0.0,0.0,15,5,5
108017,16,7,0,0,8,3,6,1,0,1,2,36,2,2,0.0,0.0,0.0,0.0,0.0,3.0,21,1,8
29419,15,2,3,17,8,3,0,1,0,1,2,24,3,4,1.0,0.0,0.0,0.0,1.0,4.0,14,5,3
14201,15,2,3,10,8,3,0,1,1,1,2,19,2,2,0.0,0.0,0.0,0.0,0.0,2.0,7,2,1
121938,16,2,3,17,19,3,0,1,1,1,2,36,2,2,0.0,0.0,0.0,0.0,0.0,3.0,18,6,9
70335,16,2,3,10,8,3,0,1,1,1,0,19,2,2,0.0,0.0,0.0,0.0,0.0,2.0,14,6,5
140621,16,2,3,9,8,3,0,1,0,1,0,26,2,4,1.0,0.0,0.0,0.0,1.0,2.0,15,1,10
16421,16,2,1,0,2,3,0,1,0,1,1,6,4,4,1.0,0.0,0.0,0.0,1.0,3.0,22,7,2
66877,6,11,5,15,8,3,5,1,1,1,1,23,2,2,0.0,0.0,0.0,0.0,0.0,2.0,16,1,5
94826,15,2,3,17,8,3,0,1,1,1,1,24,2,2,0.0,0.0,0.0,0.0,0.0,2.0,16,5,7
66157,15,7,3,0,8,3,6,5,0,1,2,17,2,2,0.0,0.0,0.0,0.0,0.0,2.0,11,2,5
187524,15,3,3,10,2,3,6,1,0,1,2,17,2,3,1.0,0.0,0.0,1.0,0.0,1.0,8,3,12
31348,16,2,1,0,6,3,0,1,0,1,2,6,2,3,2.0,0.0,0.0,2.0,0.0,1.0,0,3,3
146760,16,2,3,10,8,3,0,1,1,1,2,19,2,2,0.0,0.0,0.0,0.0,0.0,2.0,16,2,10
23481,17,2,3,10,8,3,5,5,1,1,2,26,2,2,0.0,0.0,0.0,0.0,0.0,2.0,15,6,2
110639,16,2,3,15,10,3,0,1,1,1,1,23,2,2,0.0,0.0,0.0,0.0,0.0,3.0,16,6,8
98248,16,3,3,10,2,3,0,1,1,1,1,36,2,2,0.0,0.0,0.0,0.0,0.0,2.0,15,7,7
12140,16,2,3,10,2,3,4,1,1,1,2,19,2,2,0.0,0.0,0.0,0.0,0.0,2.0,13,2,1
119806,15,2,3,0,6,3,0,5,0,1,2,18,3,1,1.0,0.0,1.0,0.0,0.0,1.0,15,4,8
69413,16,7,4,17,6,3,0,1,1,1,2,18,2,2,0.0,0.0,0.0,0.0,0.0,2.0,17,5,5