crash_date,               traffic_control_device,weather_condition,lighting_condition,first_crash_type,trafficway_type,alignment,roadway_surface_cond,road_defect,crash_type,intersection_related_i,damage,prim_contributory_cause,num_units,most_severe_injury,injuries_total,injuries_fatal,injuries_incapacitating,injuries_non_incapacitating,injuries_reported_not_evident,injuries_no_indication,crash_hour,crash_day_of_week,crash_month
97086,16,2,1,8,6,3,0,1,0,1,0,36,2,4,1.0,0.0,0.0,0.0,1.0,2.0,23,5,7
27121,16,2,3,0,6,3,0,1,0,1,2,6,2,3,2.0,0.0,0.0,2.0,0.0,1.0,12,1,2
185755,16,2,0,0,8,3,0,1,0,1,2,6,2,2,0.0,0.0,0.0,0.0,0.0,2.0,20,3,12
167346,15,11,1,17,6,3,5,5,1,1,2,18,2,2,0.0,0.0,0.0,0.0,0.0,3.0,19,1,11
101039,16,2,0,5,15,3,0,1,1,1,2,6,2,2,0.0,0.0,0.0,0.0,0.0,3.0,21,2,7
98173,15,2,3,0,10,3,0,1,1,1,0,18,2,2,0.0,0.0,0.0,0.0,0.0,2.0,13,6,7
50693,15,2,3,6,2,3,0,1,0,1,2,36,1,2,0.0,0.0,0.0,0.0,0.0,3.0,19,6,4
92681,16,2,1,2,6,3,0,1,0,1,2,17,1,3,1.0,0.0,0.0,1.0,0.0,0.0,3,7,7
23900,16,2,3,0,6,3,0,1,0,1,2,6,2,2,0.0,0.0,0.0,0.0,0.0,4.0,9,1,2
153898,6,2,1,10,12,3,0,1,1,1,2,18,2,2,0.0,0.0,0.0,0.0,0.0,2.0,20,7,10
32719,16,2,3,10,15,3,0,1,0,1,1,36,2,4,1.0,0.0,0.0,0.0,1.0,2.0,14,5,3
165320,16,2,1,10,2,3,0,1,0,1,2,19,2,2,0.0,0.0,0.0,0.0,0.0,2.0,4,6,11
35156,15,2,3,0,8,3,0,1,0,1,2,38,2,3,3.0,0.0,0.0,3.0,0.0,2.0,10,3,3
104389,16,2,3,8,6,3,0,1,0,1,0,36,2,4,1.0,0.0,0.0,0.0,1.0,1.0,14,3,8
49084,4,10,3,17,2,3,4,1,0,0,2,36,2,2,0.0,0.0,0.0,0.0,0.0,2.0,9,2,4
134708,16,2,3,17,8,3,0,1,0,1,2,18,2,2,0.0,0.0,0.0,0.0,0.0,2.0,15,4,9
82894,16,2,3,0,6,3,0,1,0,1,2,18,2,3,2.0,0.0,0.0,2.0,0.0,0.0,15,2,6
144889,15,2,3,0,8,3,0,1,1,1,1,36,2,2,0.0,0.0,0.0,0.0,0.0,3.0,12,3,10
144912,15,2,3,17,6,3,0,1,1,1,2,24,2,2,0.0,0.0,0.0,0.0,0.0,3.0,16,4,10
46161,16,2,1,17,6,3,0,1,0,1,2,36,2,2,0.0,0.0,0.0,0.0,0.0,4.0,2,1,4
64871,15,2,3,15,10,3,5,5,1,1,2,23,2,2,0.0,0.0,0.0,0.0,0.0,2.0,16,4,5
183714,16,10,0,10,8,3,6,1,1,1,0,36,2,2,0.0,0.0,0.0,0.0,0.0,2.0,6,6,12
140168,15,3,3,0,8,3,0,1,1,1,1,36,2,2,0.0,0.0,0.0,0.0,0.0,3.0,13,3,10
81617,16,2,3,10,8,3,0,1,1,1,2,36,2,2,0.0,0.0,0.0,0.0,0.0,2.0,15,4,6
60747,16,3,1,0,6,3,0,1,0,1,2,6,2,2,0.0,0.0,0.0,0.0,0.0,5.0,5,1,5
53441,4,2,3,17,2,3,0,1,0,0,2,18,2,2,0.0,0.0,0.0,0.0,0.0,2.0,13,3,4
22059,16,2,3,17,6,3,5,5,1,1,2,22,2,2,0.0,0.0,0.0,0.0,0.0,3.0,9,5,2
105911,16,2,3,15,8,3,0,1,1,1,2,36,2,2,0.0,0.0,0.0,0.0,0.0,2.0,8,4,8
71936,16,7,3,17,6,3,6,5,1,1,1,17,2,2,0.0,0.0,0.0,0.0,0.0,3.0,18,7,6
139980,16,7,3,15,8,3,6,1,0,1,2,23,3,2,0.0,0.0,0.0,0.0,0.0,3.0,6,6,10
161391,16,2,1,0,1,4,0,1,1,1,2,36,2,2,0.0,0.0,0.0,0.0,0.0,2.0,5,7,11
58229,16,2,3,17,8,3,0,5,1,1,1,18,2,2,0.0,0.0,0.0,0.0,0.0,2.0,11,4,5
164337,4,2,1,17,8,3,0,1,1,1,2,37,2,2,0.0,0.0,0.0,0.0,0.0,3.0,21,6,11
117889,16,2,1,17,3,3,0,1,1,1,2,24,2,2,0.0,0.0,0.0,0.0,0.0,3.0,22,3,8
92977,16,2,3,15,8,3,0,1,1,1,2,36,2,2,0.0,0.0,0.0,0.0,0.0,2.0,16,3,7
77034,4,2,3,0,8,3,0,1,1,1,2,18,2,2,0.0,0.0,0.0,0.0,0.0,2.0,14,2,6
70092,16,7,3,10,8,3,6,1,1,1,2,19,2,2,0.0,0.0,0.0,0.0,0.0,2.0,15,3,5
144358,16,3,3,17,18,3,0,1,1,1,2,22,2,2,0.0,0.0,0.0,0.0,0.0,2.0,9,3,10
82903,16,2,3,17,3,3,0,1,1,1,1,19,2,2,0.0,0.0,0.0,0.0,0.0,3.0,17,2,6
184467,16,2,3,17,8,3,0,1,1,1,2,18,2,2,0.0,0.0,0.0,0.0,0.0,2.0,7,4,12
184827,16,2,3,0,8,3,0,1,1,1,2,6,2,2,0.0,0.0,0.0,0.0,0.0,2.0,10,1,12
99022,4,2,3,17,2,3,0,1,1,1,2,18,2,2,0.0,0.0,0.0,0.0,0.0,2.0,15,6,7
164257,15,2,1,0,8,3,0,1,0,1,2,36,2,2,0.0,0.0,0.0,0.0,0.0,2.0,17,5,11
21832,16,2,3,10,8,3,0,1,1,1,0,19,2,2,0.0,0.0,0.0,0.0,0.0,2.0,12,7,2
4944,16,2,3,17,8,3,1,5,1,1,2,35,2,2,0.0,0.0,0.0,0.0,0.0,2.0,8,4,1
72645,16,2,3,17,8,3,0,1,0,1,2,22,2,1,2.0,0.0,1.0,0.0,1.0,1.0,9,5,6
113098,16,2,2,17,8,3,0,5,0,1,2,6,2,3,1.0,0.0,0.0,1.0,0.0,1.0,13,7,8
100522,15,2,1,0,3,3,0,1,0,1,2,36,2,1,2.0,0.0,1.0,1.0,0.0,1.0,22,1,7
53092,16,2,3,17,1,3,0,1,1,1,2,36,2,2,0.0,0.0,0.0,0.0,0.0,3.0,15,5,4
86929,16,2,3,10,6,3,0,5,1,1,2,36,4,2,0.0,0.0,0.0,0.0,0.0,4.0,16,2,6
89402,4,2,3,10,2,3,0,1,1,1,1,36,2,2,0.0,0.0,0.0,0.0,0.0,2.0,12,3,7
64875,4,3,3,10,2,3,6,1,0,1,2,36,2,4,2.0,0.0,0.0,0.0,2.0,2.0,17,4,5
158066,16,7,1,17,8,3,6,1,0,1,2,24,2,3,1.0,0.0,0.0,1.0,0.0,2.0,1,1,11
69606,15,2,3,17,2,3,0,1,0,1,2,18,2,2,0.0,0.0,0.0,0.0,0.0,2.0,12,7,5
113108,15,2,3,17,8,3,0,1,1,1,2,18,2,2,0.0,0.0,0.0,0.0,0.0,3.0,16,7,8
179535,16,2,3,17,2,3,5,5,1,1,1,36,2,2,0.0,0.0,0.0,0.0,0.0,2.0,7,5,12
80025,16,2,3,10,6,3,0,1,1,1,1,19,2,2,0.0,0.0,0.0,0.0,0.0,2.0,16,1,6
41928,15,2,3,15,11,3,0,1,1,1,2,23,2,2,0.0,0.0,0.0,0.0,0.0,6.0,14,1,3
63580,16,2,1,2,6,3,0,1,0,1,2,36,1,4,1.0,0.0,0.0,0.0,1.0,0.0,23,4,5
16178,16,2,3,17,1,3,0,1,0,1,2,24,2,2,0.0,0.0,0.0,0.0,0.0,2.0,15,4,2
145419,15,2,3,0,6,3,0,5,0,1,2,18,2,4,1.0,0.0,0.0,0.0,1.0,1.0,15,4,10
10082,16,2,4,10,8,3,0,1,1,1,2,36,3,2,0.0,0.0,0.0,0.0,0.0,3.0,16,1,1
2811,16,10,4,0,2,3,6,1,1,1,2,18,2,2,0.0,0.0,0.0,0.0,0.0,2.0,15,7,1
12676,16,2,1,10,8,3,6,1,0,1,2,36,2,4,1.0,0.0,0.0,0.0,1.0,2.0,17,4,1
106525,16,11,3,17,10,3,0,1,1,1,0,24,2,2,0.0,0.0,0.0,0.0,0.0,2.0,10,6,8
54957,15,7,1,0,6,3,6,5,1,1,1,36,2,2,0.0,0.0,0.0,0.0,0.0,2.0,2,1,4
13358,4,2,0,0,0,3,0,1,1,0,2,36,2,2,0.0,0.0,0.0,0.0,0.0,5.0,19,7,1
85483,16,7,3,0,11,3,6,1,0,1,2,6,2,2,0.0,0.0,0.0,0.0,0.0,3.0,14,7,6
44470,4,3,3,17,8,3,0,1,0,1,2,18,2,2,0.0,0.0,0.0,0.0,0.0,2.0,9,6,4
48886,16,2,3,17,10,3,0,1,1,1,2,18,2,2,0.0,0.0,0.0,0.0,0.0,2.0,8,7,4
109220,15,2,1,0,6,3,0,1,1,1,2,36,2,2,0.0,0.0,0.0,0.0,0.0,2.0,22,7,8
122598,16,7,3,10,2,3,6,1,0,1,1,36,2,4,1.0,0.0,0.0,0.0,1.0,1.0,10,1,9
70995,16,2,1,15,3,3,0,1,0,1,2,22,2,3,1.0,0.0,0.0,1.0,0.0,1.0,20,2,5
53915,15,7,3,0,6,3,6,1,0,1,2,12,2,2,0.0,0.0,0.0,0.0,0.0,2.0,16,6,4
50060,16,2,3,7,2,3,0,1,1,1,2,23,2,2,0.0,0.0,0.0,0.0,0.0,1.0,16,1,4
71417,16,2,3,0,8,3,0,1,0,1,2,6,2,1,1.0,0.0,1.0,0.0,0.0,1.0,15,1,5
173966,15,2,3,3,5,3,0,1,1,1,2,9,2,2,0.0,0.0,0.0,0.0,0.0,2.0,13,6,12
180243,16,11,5,10,8,3,0,1,1,1,2,36,2,2,0.0,0.0,0.0,0.0,0.0,2.0,15,7,12
84124,16,2,1,0,6,3,0,5,0,1,2,6,2,2,0.0,0.0,0.0,0.0,0.0,2.0,23,6,6
117724,16,7,1,17,8,3,6,1,1,1,1,24,2,2,0.0,0.0,0.0,0.0,0.0,3.0,4,7,8
53243,16,2,3,0,6,3,0,1,0,1,2,12,3,2,0.0,0.0,0.0,0.0,0.0,4.0,15,2,4
172881,16,3,3,17,8,3,6,5,1,1,1,24,2,2,0.0,0.0,0.0,0.0,0.0,5.0,10,1,12
177013,4,2,1,15,6,3,0,1,1,1,2,12,2,2,0.0,0.0,0.0,0.0,0.0,2.0,21,7,12
3654,16,3,3,17,2,3,0,1,0,1,2,18,2,3,3.0,0.0,0.0,2.0,1.0,0.0,13,7,1
33540,16,2,1,10,8,3,0,1,1,1,2,36,2,2,0.0,0.0,0.0,0.0,0.0,2.0,21,5,3
174447,15,2,3,0,2,3,4,1,1,1,1,5,2,2,0.0,0.0,0.0,0.0,0.0,2.0,9,4,12
106368,15,2,1,10,2,3,0,1,1,1,2,19,2,2,0.0,0.0,0.0,0.0,0.0,3.0,19,4,8
72361,16,2,3,17,3,3,0,1,0,1,2,36,2,1,1.0,0.0,1.0,0.0,0.0,4.0,13,7,6
123543,16,7,3,10,8,3,6,1,1,1,2,19,2,2,0.0,0.0,0.0,0.0,0.0,2.0,9,1,9
154878,15,7,5,0,6,3,5,5,1,1,2,36,2,2,0.0,0.0,0.0,0.0,0.0,2.0,17,1,10
107986,4,2,3,15,6,3,0,1,1,1,2,18,2,2,0.0,0.0,0.0,0.0,0.0,2.0,14,1,8
59571,15,2,3,0,8,3,0,1,0,1,2,18,2,2,0.0,0.0,0.0,0.0,0.0,6.0,7,3,5
12929,16,2,1,10,2,3,0,1,1,1,2,36,2,2,0.0,0.0,0.0,0.0,0.0,2.0,21,6,1
75284,16,2,3,10,8,3,0,1,0,1,2,36,3,1,2.0,0.0,1.0,1.0,0.0,2.0,11,2,6
165160,16,2,3,10,8,3,0,1,1,1,2,12,2,2,0.0,0.0,0.0,0.0,0.0,2.0,12,5,11
34620,16,2,1,0,8,3,0,5,0,1,2,6,2,4,1.0,0.0,0.0,0.0,1.0,2.0,5,2,3
151260,4,7,1,0,8,3,6,1,0,1,2,13,2,3,3.0,0.0,0.0,3.0,0.0,0.0,19,1,10
57295,16,7,3,17,15,3,6,1,1,1,1,24,2,2,0.0,0.0,0.0,0.0,0.0,2.0,7,3,5
27371,16,2,1,15,10,3,0,1,1,0,1,36,2,2,0.0,0.0,0.0,0.0,0.0,2.0,23,5,2
85002,15,11,5,0,8,3,5,5,1,1,1,36,2,2,0.0,0.0,0.0,0.0,0.0,2.0,13,7,6
96957,16,2,3,17,8,3,0,1,1,1,1,24,2,2,0.0,0.0,0.0,0.0,0.0,4.0,10,2,7
140329,17,7,3,10,8,3,6,5,1,1,2,26,2,2,0.0,0.0,0.0,0.0,0.0,2.0,8,5,10
147260,14,2,3,10,3,3,0,5,1,1,2,36,2,2,0.0,0.0,0.0,0.0,0.0,2.0,8,2,10
158359,15,2,1,17,5,3,0,1,0,1,2,18,2,2,0.0,0.0,0.0,0.0,0.0,2.0,19,6,11
150152,15,2,3,17,6,3,0,1,1,1,0,36,2,2,0.0,0.0,0.0,0.0,0.0,2.0,7,7,10
160231,16,2,3,0,2,3,0,1,0,1,2,6,2,2,0.0,0.0,0.0,0.0,0.0,2.0,9,6,11
102030,15,2,3,17,8,3,0,1,0,1,2,12,2,3,2.0,0.0,0.0,2.0,0.0,3.0,18,3,7
84387,16,2,3,14,2,3,0,1,0,1,2,28,2,3,2.0,0.0,0.0,2.0,0.0,2.0,17,4,6
120159,15,2,3,8,15,3,0,1,0,1,0,36,2,3,1.0,0.0,0.0,1.0,0.0,1.0,15,2,8
2525,15,2,1,17,8,3,5,5,1,1,2,5,2,2,0.0,0.0,0.0,0.0,0.0,4.0,18,1,1
41971,15,7,0,9,6,3,6,1,0,1,0,5,2,1,1.0,0.0,1.0,0.0,0.0,1.0,6,3,3
68264,15,2,1,17,15,3,0,1,0,1,2,18,2,2,0.0,0.0,0.0,0.0,0.0,5.0,3,7,5
156252,16,2,3,17,6,3,0,1,0,1,2,19,2,4,1.0,0.0,0.0,0.0,1.0,1.0,9,6,11
45148,4,2,4,17,15,3,0,1,0,1,2,18,2,3,2.0,0.0,0.0,1.0,1.0,1.0,19,4,4
134054,15,2,1,10,6,3,0,1,1,1,1,36,3,2,0.0,0.0,0.0,0.0,0.0,3.0,0,1,9
135778,15,3,3,17,2,3,6,1,1,1,2,18,2,2,0.0,0.0,0.0,0.0,0.0,3.0,8,4,9
120212,18,2,3,8,16,3,0,5,0,1,2,7,2,4,1.0,0.0,0.0,0.0,1.0,1.0,15,3,8
172586,16,11,5,17,6,3,5,1,1,1,1,23,2,2,0.0,0.0,0.0,0.0,0.0,2.0,15,6,12
56144,16,2,3,14,6,3,0,1,0,1,2,30,3,2,0.0,0.0,0.0,0.0,0.0,2.0,18,4,5
143007,16,2,3,0,8,3,0,5,1,1,2,36,2,2,0.0,0.0,0.0,0.0,0.0,2.0,13,7,10
21791,16,2,3,10,8,3,0,1,0,1,2,36,4,2,0.0,0.0,0.0,0.0,0.0,6.0,16,7,2
42754,16,2,3,17,8,3,0,1,1,1,2,18,2,2,0.0,0.0,0.0,0.0,0.0,4.0,13,2,4
133439,16,2,1,10,2,3,0,1,1,1,1,13,2,2,0.0,0.0,0.0,0.0,0.0,2.0,1,7,9
79116,16,2,3,11,8,3,0,1,1,1,1,21,2,2,0.0,0.0,0.0,0.0,0.0,2.0,18,3,6
137226,16,2,3,15,2,3,0,1,0,1,2,32,2,2,0.0,0.0,0.0,0.0,0.0,5.0,11,2,9
186622,15,7,3,0,2,3,6,1,1,1,2,18,2,2,0.0,0.0,0.0,0.0,0.0,2.0,11,5,12
26596,4,2,3,17,8,3,0,1,1,1,2,36,2,2,0.0,0.0,0.0,0.0,0.0,2.0,11,7,2
28264,4,7,3,17,8,3,6,5,1,1,2,18,2,2,0.0,0.0,0.0,0.0,0.0,4.0,15,4,3
158702,18,2,3,9,2,3,0,1,0,1,2,36,2,3,1.0,0.0,0.0,1.0,0.0,1.0,14,3,11
102562,16,2,3,10,8,3,0,1,1,1,2,36,2,2,0.0,0.0,0.0,0.0,0.0,2.0,8,4,7
68933,16,2,3,10,6,4,0,1,0,1,2,17,3,3,1.0,0.0,0.0,1.0,0.0,2.0,12,4,5
97657,16,2,3,10,10,3,0,1,1,0,2,26,2,2,0.0,0.0,0.0,0.0,0.0,4.0,15,5,7
132481,16,2,3,10,8,3,0,1,1,1,1,36,2,2,0.0,0.0,0.0,0.0,0.0,2.0,18,6,9
89709,16,2,0,0,6,3,0,1,0,1,2,6,2,2,0.0,0.0,0.0,0.0,0.0,2.0,22,2,7
155586,16,10,3,0,8,3,6,6,0,1,2,17,2,4,1.0,0.0,0.0,0.0,1.0,2.0,9,3,10
54949,16,7,1,10,16,3,6,1,0,1,2,17,2,2,0.0,0.0,0.0,0.0,0.0,2.0,1,1,4
13596,16,10,1,0,6,3,4,1,1,1,0,36,2,2,0.0,0.0,0.0,0.0,0.0,2.0,5,6,1
185901,16,2,3,0,16,3,0,5,0,1,2,26,2,3,1.0,0.0,0.0,1.0,0.0,1.0,13,1,12
24981,16,2,3,15,10,3,0,1,1,1,1,22,2,2,0.0,0.0,0.0,0.0,0.0,2.0,18,7,2
157053,15,2,3,0,15,3,0,1,0,1,2,18,2,2,0.0,0.0,0.0,0.0,0.0,2.0,15,1,11
30211,16,2,3,10,3,3,0,1,1,1,1,19,2,2,0.0,0.0,0.0,0.0,0.0,2.0,14,5,3
47145,16,2,3,10,3,3,0,1,1,1,2,19,2,2,0.0,0.0,0.0,0.0,0.0,2.0,15,5,4
68639,4,7,3,9,8,3,6,1,0,0,0,18,2,3,1.0,0.0,0.0,1.0,0.0,1.0,16,6,5
98695,16,2,1,2,6,3,0,1,0,1,2,17,1,2,0.0,0.0,0.0,0.0,0.0,1.0,22,1,7
131649,4,2,3,17,8,3,0,1,1,1,2,18,2,2,0.0,0.0,0.0,0.0,0.0,2.0,9,3,9
16004,16,2,1,10,2,3,0,1,1,1,2,19,2,2,0.0,0.0,0.0,0.0,0.0,2.0,23,6,2
34915,16,2,1,17,2,3,0,1,0,1,2,36,2,3,1.0,0.0,0.0,1.0,0.0,1.0,22,5,3
158914,15,2,3,10,8,3,0,1,1,1,2,19,2,2,0.0,0.0,0.0,0.0,0.0,2.0,12,6,11
136576,16,2,3,15,2,3,0,1,1,1,2,23,3,2,0.0,0.0,0.0,0.0,0.0,4.0,11,6,9
151711,15,2,3,0,6,3,0,1,1,1,2,36,2,2,0.0,0.0,0.0,0.0,0.0,4.0,17,6,10
45220,16,7,1,2,6,3,6,5,0,1,2,36,1,2,0.0,0.0,0.0,0.0,0.0,1.0,22,5,4
101521,16,2,1,17,6,3,0,1,1,1,2,24,2,2,0.0,0.0,0.0,0.0,0.0,2.0,20,2,7
38305,15,2,3,17,8,3,0,1,0,1,2,18,3,2,0.0,0.0,0.0,0.0,0.0,5.0,12,3,3
9989,15,10,1,17,8,3,4,5,0,1,2,39,4,4,1.0,0.0,0.0,0.0,1.0,1.0,20,7,1
168754,16,2,3,10,10,3,0,1,1,1,2,19,2,2,0.0,0.0,0.0,0.0,0.0,2.0,13,1,11
15261,16,2,1,17,6,3,0,1,0,1,2,22,2,4,1.0,0.0,0.0,0.0,1.0,1.0,17,7,2
50000,16,2,3,14,8,3,0,1,1,1,2,17,2,2,0.0,0.0,0.0,0.0,0.0,4.0,11,5,4
15561,16,7,3,17,2,3,6,1,1,1,2,26,2,2,0.0,0.0,0.0,0.0,0.0,2.0,15,3,2
76943,16,3,1,10,8,3,5,5,1,1,2,19,2,2,0.0,0.0,0.0,0.0,0.0,2.0,22,6,6
9234,16,2,1,17,8,3,0,1,1,1,2,36,2,2,0.0,0.0,0.0,0.0,0.0,3.0,23,6,1
137820,16,7,3,17,8,3,6,1,1,1,2,36,2,2,0.0,0.0,0.0,0.0,0.0,4.0,16,5,10
2077,4,2,1,0,8,3,0,1,0,1,2,21,2,2,0.0,0.0,0.0,0.0,0.0,2.0,4,7,1
101092,17,11,3,10,8,3,5,5,1,0,2,36,2,2,0.0,0.0,0.0,0.0,0.0,2.0,8,3,7
94464,16,2,3,13,15,3,0,5,1,1,2,6,2,2,0.0,0.0,0.0,0.0,0.0,3.0,18,7,7
58264,15,7,3,17,6,3,6,1,0,1,2,18,2,2,0.0,0.0,0.0,0.0,0.0,2.0,16,5,5
9509,16,10,3,0,8,3,4,1,1,1,2,18,2,2,0.0,0.0,0.0,0.0,0.0,3.0,15,6,1
17295,16,2,4,15,6,3,0,1,1,1,2,22,2,2,0.0,0.0,0.0,0.0,0.0,2.0,16,2,2
127303,4,2,3,10,8,3,0,1,1,1,1,19,3,2,0.0,0.0,0.0,0.0,0.0,3.0,8,5,9
186654,16,2,1,0,8,3,0,1,1,1,1,6,2,2,0.0,0.0,0.0,0.0,0.0,2.0,6,6,12
133592,15,2,1,17,2,3,0,1,0,1,2,28,2,4,2.0,0.0,0.0,0.0,2.0,1.0,23,7,9
84691,15,2,3,10,8,3,0,1,1,1,2,19,2,2,0.0,0.0,0.0,0.0,0.0,2.0,10,7,6
47879,16,7,3,17,8,3,6,1,1,1,2,24,2,2,0.0,0.0,0.0,0.0,0.0,4.0,9,4,4
16679,15,2,4,0,18,3,4,1,0,1,1,18,2,3,1.0,0.0,0.0,1.0,0.0,4.0,18,6,2
176379,16,11,1,0,8,3,5,5,0,0,2,6,2,2,0.0,0.0,0.0,0.0,0.0,2.0,18,6,12
98297,15,2,1,0,10,3,0,1,1,1,2,36,2,2,0.0,0.0,0.0,0.0,0.0,6.0,23,7,7
182368,16,2,3,17,6,3,0,1,1,1,0,12,2,2,0.0,0.0,0.0,0.0,0.0,2.0,15,4,12
187501,16,7,3,17,6,3,6,1,0,1,2,18,2,2,0.0,0.0,0.0,0.0,0.0,3.0,9,7,12
100866,16,2,3,10,8,3,0,1,1,1,0,36,2,2,0.0,0.0,0.0,0.0,0.0,2.0,14,6,7
123678,15,2,3,10,15,3,0,1,1,1,2,18,2,2,0.0,0.0,0.0,0.0,0.0,2.0,14,4,9
91675,16,2,3,17,2,3,0,1,1,1,2,36,2,2,0.0,0.0,0.0,0.0,0.0,2.0,16,5,7
108312,16,2,3,17,10,3,0,1,1,1,2,22,2,2,0.0,0.0,0.0,0.0,0.0,3.0,7,5,8
7978,4,3,1,10,8,3,0,5,1,0,2,26,2,2,0.0,0.0,0.0,0.0,0.0,3.0,17,3,1
27310,6,6,1,0,11,3,2,2,0,1,2,26,2,4,2.0,0.0,0.0,0.0,2.0,1.0,20,4,2
53008,16,2,3,15,2,3,0,1,1,1,2,18,2,2,0.0,0.0,0.0,0.0,0.0,5.0,11,3,4
48668,16,10,2,17,1,3,1,1,0,1,2,39,2,4,1.0,0.0,0.0,0.0,1.0,2.0,5,2,4
175743,16,2,1,9,8,3,0,1,0,1,2,36,2,3,1.0,0.0,0.0,1.0,0.0,1.0,19,3,12
77795,16,3,3,10,2,3,0,1,0,0,2,13,2,2,0.0,0.0,0.0,0.0,0.0,2.0,10,4,6
5122,16,10,1,17,6,3,6,5,0,1,2,18,2,2,0.0,0.0,0.0,0.0,0.0,5.0,22,7,1
164115,17,11,3,15,10,3,5,5,1,1,2,36,2,2,0.0,0.0,0.0,0.0,0.0,2.0,12,4,11
105040,15,2,3,17,15,3,0,1,0,1,2,18,3,2,0.0,0.0,0.0,0.0,0.0,3.0,12,6,8
107320,16,2,3,15,8,3,0,1,1,1,2,36,2,2,0.0,0.0,0.0,0.0,0.0,3.0,14,4,8
90950,15,2,0,17,2,3,0,1,1,1,1,36,2,2,0.0,0.0,0.0,0.0,0.0,2.0,2,7,7
154238,16,2,3,17,8,3,0,1,1,1,2,18,2,2,0.0,0.0,0.0,0.0,0.0,2.0,13,7,10
134834,16,2,3,15,10,3,0,1,1,0,1,36,2,2,0.0,0.0,0.0,0.0,0.0,2.0,8,3,9
70708,16,2,3,17,8,3,0,1,1,1,1,36,2,2,0.0,0.0,0.0,0.0,0.0,2.0,16,4,5
20621,15,2,1,17,8,3,0,1,0,1,2,11,2,3,1.0,0.0,0.0,1.0,0.0,1.0,19,3,2
22237,16,2,3,0,15,3,0,1,1,1,2,6,2,2,0.0,0.0,0.0,0.0,0.0,2.0,13,1,2
105374,15,2,1,17,8,3,0,1,1,1,2,18,2,2,0.0,0.0,0.0,0.0,0.0,4.0,21,3,8
22444,15,7,3,17,8,3,6,1,0,1,2,36,2,2,0.0,0.0,0.0,0.0,0.0,2.0,9,5,2
161659,16,7,3,17,3,3,6,1,1,1,0,26,2,2,0.0,0.0,0.0,0.0,0.0,3.0,12,5,11
52650,4,2,3,8,8,3,0,1,1,1,1,18,2,2,0.0,0.0,0.0,0.0,0.0,2.0,16,4,4
65831,16,2,1,15,2,3,0,1,1,1,0,36,2,2,0.0,0.0,0.0,0.0,0.0,2.0,20,5,5
54969,15,2,3,0,8,3,0,1,1,1,2,18,2,2,0.0,0.0,0.0,0.0,0.0,3.0,15,1,4
107426,16,2,3,17,2,3,0,5,0,1,2,35,2,2,0.0,0.0,0.0,0.0,0.0,3.0,8,6,8
74850,16,2,3,10,6,3,0,1,1,1,2,17,2,2,0.0,0.0,0.0,0.0,0.0,3.0,6,3,6
164619,17,11,5,15,6,3,5,5,1,1,2,36,2,2,0.0,0.0,0.0,0.0,0.0,2.0,17,5,11
122973,16,7,3,17,8,3,0,1,1,1,1,23,2,2,0.0,0.0,0.0,0.0,0.0,2.0,1,7,9
9412,15,2,1,0,6,3,0,1,1,1,2,5,2,2,0.0,0.0,0.0,0.0,0.0,3.0,21,4,1
58256,16,7,3,10,8,3,6,1,0,1,2,17,2,2,0.0,0.0,0.0,0.0,0.0,3.0,15,5,5
159535,16,2,1,17,1,3,0,1,0,1,2,18,2,2,0.0,0.0,0.0,0.0,0.0,2.0,19,2,11
33977,15,2,3,15,2,3,0,6,1,1,2,12,2,2,0.0,0.0,0.0,0.0,0.0,2.0,10,4,3
63221,16,2,3,17,8,3,0,1,1,1,0,36,2,2,0.0,0.0,0.0,0.0,0.0,2.0,1,4,5
177671,16,2,3,10,15,3,0,1,0,1,2,36,3,3,2.0,0.0,0.0,2.0,0.0,1.0,12,3,12
87705,15,2,3,17,19,3,0,5,0,1,2,36,2,2,0.0,0.0,0.0,0.0,0.0,2.0,11,6,6
41947,15,2,3,9,8,3,0,1,0,1,0,18,2,3,1.0,0.0,0.0,1.0,0.0,1.0,9,1,3
111799,16,2,3,10,8,3,5,5,0,1,2,28,3,1,1.0,0.0,1.0,0.0,0.0,2.0,12,2,8
170997,16,2,3,10,8,3,0,1,1,1,2,18,2,2,0.0,0.0,0.0,0.0,0.0,2.0,14,3,11
126277,16,7,3,9,6,3,6,1,0,1,0,5,2,4,1.0,0.0,0.0,0.0,1.0,1.0,8,6,9
86150,16,4,3,15,2,3,0,1,1,1,2,23,2,2,0.0,0.0,0.0,0.0,0.0,2.0,12,3,6
59200,16,2,3,10,6,3,0,5,1,1,2,17,2,2,0.0,0.0,0.0,0.0,0.0,2.0,13,6,5
171014,16,2,3,0,10,3,0,1,0,1,2,18,2,2,0.0,0.0,0.0,0.0,0.0,2.0,17,3,11
88432,16,7,1,15,8,3,6,1,1,1,2,22,2,2,0.0,0.0,0.0,0.0,0.0,2.0,21,3,7
120845,16,2,3,17,8,3,0,1,1,1,2,23,2,2,0.0,0.0,0.0,0.0,0.0,2.0,11,4,9
175746,16,2,2,17,6,3,0,5,0,1,2,18,3,2,0.0,0.0,0.0,0.0,0.0,4.0,7,3,12
110523,15,2,3,0,8,3,0,1,1,1,1,5,2,2,0.0,0.0,0.0,0.0,0.0,2.0,19,3,8
186568,16,11,4,10,8,3,5,5,1,1,1,17,2,2,0.0,0.0,0.0,0.0,0.0,2.0,16,5,12