crash_date,               traffic_control_device,weather_condition,lighting_condition,first_crash_type,trafficway_type,alignment,roadway_surface_cond,road_defect,crash_type,intersection_related_i,damage,prim_contributory_cause,num_units,most_severe_injury,injuries_total,injuries_fatal,injuries_incapacitating,injuries_non_incapacitating,injuries_reported_not_evident,injuries_no_indication,crash_hour,crash_day_of_week,crash_month
177412,16,2,4,10,8,3,0,1,1,1,2,19,2,2,0.0,0.0,0.0,0.0,0.0,2.0,2,6,12
16463,15,10,3,10,2,3,4,1,0,1,2,17,3,2,0.0,0.0,0.0,0.0,0.0,3.0,10,1,2
125512,15,2,1,17,3,3,0,1,1,1,2,5,2,2,0.0,0.0,0.0,0.0,0.0,2.0,20,1,9
79148,16,2,3,0,6,3,0,5,1,1,2,6,2,2,0.0,0.0,0.0,0.0,0.0,2.0,11,3,6
82703,16,7,4,0,11,3,6,1,0,1,2,36,4,2,0.0,0.0,0.0,0.0,0.0,4.0,16,5,6
1069,16,2,3,17,8,3,4,1,1,1,1,36,2,2,0.0,0.0,0.0,0.0,0.0,2.0,11,4,1
174782,4,7,1,17,1,3,6,1,1,1,2,24,2,2,0.0,0.0,0.0,0.0,0.0,4.0,19,3,12
107362,16,2,3,10,2,3,0,1,1,1,2,36,3,2,0.0,0.0,0.0,0.0,0.0,2.0,8,4,8
93796,16,2,3,15,3,3,0,1,1,1,1,36,2,2,0.0,0.0,0.0,0.0,0.0,2.0,8,3,7
133703,17,11,5,7,10,3,5,5,1,0,1,26,2,2,0.0,0.0,0.0,0.0,0.0,1.0,22,2,9
86183,15,2,3,17,8,3,0,1,1,1,1,18,2,2,0.0,0.0,0.0,0.0,0.0,2.0,19,5,6
113574,15,2,3,2,8,3,0,1,0,1,2,15,1,2,0.0,0.0,0.0,0.0,0.0,1.0,19,7,8
22638,15,2,3,17,8,3,0,1,0,1,2,18,2,2,0.0,0.0,0.0,0.0,0.0,2.0,11,7,2
28560,16,2,3,0,10,3,0,1,0,1,2,6,2,3,1.0,0.0,0.0,1.0,0.0,2.0,7,3,3
14440,16,10,3,0,6,3,6,1,0,1,2,6,2,2,0.0,0.0,0.0,0.0,0.0,2.0,15,1,1
41263,4,2,3,10,3,3,0,1,1,0,2,17,2,2,0.0,0.0,0.0,0.0,0.0,2.0,15,4,3
53438,16,2,1,17,3,3,0,1,0,1,2,22,2,4,3.0,0.0,0.0,0.0,3.0,0.0,12,5,4
129726,16,2,3,17,3,3,0,1,1,1,1,36,2,2,0.0,0.0,0.0,0.0,0.0,2.0,16,5,9
44564,16,7,3,17,8,3,6,1,0,1,2,13,2,2,0.0,0.0,0.0,0.0,0.0,2.0,6,6,4
79717,4,2,1,2,10,3,0,1,0,1,2,36,1,2,0.0,0.0,0.0,0.0,0.0,1.0,20,4,6
13982,16,2,1,10,6,3,5,5,1,1,2,36,2,2,0.0,0.0,0.0,0.0,0.0,2.0,20,6,1
8560,16,2,3,15,6,3,0,1,1,1,1,22,2,2,0.0,0.0,0.0,0.0,0.0,6.0,16,6,1
79258,4,2,3,10,3,3,0,1,1,1,0,8,2,2,0.0,0.0,0.0,0.0,0.0,4.0,17,6,6
15804,16,2,3,0,8,3,0,1,1,1,1,5,2,2,0.0,0.0,0.0,0.0,0.0,2.0,11,3,2
30627,16,2,3,8,8,3,0,5,0,1,0,18,2,3,1.0,0.0,0.0,1.0,0.0,1.0,16,4,3
166388,16,2,1,10,6,3,0,6,1,1,2,6,2,2,0.0,0.0,0.0,0.0,0.0,2.0,23,1,11
116242,16,2,1,14,8,3,0,1,1,1,2,22,2,2,0.0,0.0,0.0,0.0,0.0,2.0,19,6,8
7780,15,2,0,0,10,3,0,1,1,1,1,5,2,2,0.0,0.0,0.0,0.0,0.0,2.0,19,5,1
152281,16,2,1,10,8,3,0,1,0,1,2,17,2,4,1.0,0.0,0.0,0.0,1.0,1.0,2,6,10
160767,16,7,1,10,2,3,6,1,0,1,2,19,2,2,0.0,0.0,0.0,0.0,0.0,2.0,21,7,11
127138,16,2,1,10,6,3,0,1,1,1,2,19,2,2,0.0,0.0,0.0,0.0,0.0,2.0,21,5,9
149089,15,2,3,17,6,3,0,1,1,1,2,18,2,2,0.0,0.0,0.0,0.0,0.0,2.0,13,1,10
10961,16,7,1,0,8,3,6,1,0,1,2,18,2,2,0.0,0.0,0.0,0.0,0.0,2.0,18,2,1
86619,16,2,3,10,8,3,0,1,0,1,2,17,2,4,1.0,0.0,0.0,0.0,1.0,1.0,19,4,6
26339,16,10,4,15,1,3,6,1,0,1,0,18,2,4,1.0,0.0,0.0,0.0,1.0,3.0,16,3,2
150205,16,2,2,8,6,3,0,5,0,1,1,36,2,3,1.0,0.0,0.0,1.0,0.0,1.0,16,1,10
28593,16,2,3,0,6,3,0,5,0,1,2,6,2,2,0.0,0.0,0.0,0.0,0.0,2.0,15,4,3
74297,16,2,3,17,8,3,0,1,1,1,2,19,2,2,0.0,0.0,0.0,0.0,0.0,2.0,18,2,6
31571,4,2,3,9,10,3,0,1,0,1,1,18,2,3,1.0,0.0,0.0,1.0,0.0,2.0,10,6,3
68824,15,2,3,17,15,3,0,1,1,1,1,23,2,2,0.0,0.0,0.0,0.0,0.0,2.0,17,3,5
35288,16,2,3,15,6,3,0,1,1,1,2,36,2,2,0.0,0.0,0.0,0.0,0.0,2.0,8,6,3
167335,16,2,3,2,3,3,0,1,0,0,1,36,1,4,1.0,0.0,0.0,0.0,1.0,0.0,5,1,11
154814,16,2,1,0,6,3,0,1,0,1,2,18,2,2,0.0,0.0,0.0,0.0,0.0,2.0,20,7,10
168433,4,2,3,10,8,3,0,1,1,1,2,19,2,2,0.0,0.0,0.0,0.0,0.0,2.0,12,3,11
4292,15,10,3,15,8,3,4,1,1,1,2,22,2,2,0.0,0.0,0.0,0.0,0.0,3.0,9,3,1
188696,4,7,1,17,8,3,5,5,1,1,2,21,2,2,0.0,0.0,0.0,0.0,0.0,3.0,20,2,12
59205,15,2,3,17,6,4,0,1,1,1,2,18,2,2,0.0,0.0,0.0,0.0,0.0,3.0,14,6,5
29961,16,2,3,10,6,3,0,1,0,1,2,17,2,2,0.0,0.0,0.0,0.0,0.0,2.0,8,7,3
83681,15,3,3,17,2,3,0,1,1,1,2,21,2,2,0.0,0.0,0.0,0.0,0.0,2.0,15,6,6
30976,16,2,3,0,2,3,0,1,0,1,2,6,3,2,0.0,0.0,0.0,0.0,0.0,4.0,7,2,3
43194,16,7,3,17,8,3,6,5,1,1,1,24,2,2,0.0,0.0,0.0,0.0,0.0,2.0,14,3,4
1875,4,2,1,11,8,3,6,1,1,1,0,36,2,2,0.0,0.0,0.0,0.0,0.0,2.0,22,5,1
83079,16,2,3,0,6,3,0,1,0,1,2,18,2,4,2.0,0.0,0.0,0.0,2.0,1.0,17,6,6
43925,16,2,3,17,2,3,0,1,1,1,2,26,2,2,0.0,0.0,0.0,0.0,0.0,2.0,17,2,4
169006,15,2,1,13,6,3,0,1,1,1,2,18,2,2,0.0,0.0,0.0,0.0,0.0,2.0,23,5,11
137915,17,11,1,0,8,3,0,1,0,1,2,36,2,2,0.0,0.0,0.0,0.0,0.0,2.0,20,6,10
152515,16,2,3,17,8,3,0,1,1,1,1,22,2,2,0.0,0.0,0.0,0.0,0.0,2.0,14,3,10
108532,15,2,3,0,2,3,0,1,0,1,2,5,2,2,0.0,0.0,0.0,0.0,0.0,2.0,14,3,8
33835,15,10,3,0,8,3,6,1,1,1,0,5,2,2,0.0,0.0,0.0,0.0,0.0,2.0,16,2,3
175402,16,3,1,17,6,3,0,1,1,1,2,18,2,2,0.0,0.0,0.0,0.0,0.0,3.0,21,6,12
73351,16,2,1,9,3,3,0,1,0,1,2,18,2,1,1.0,0.0,1.0,0.0,0.0,1.0,21,7,6
126644,16,2,3,17,1,3,0,1,1,1,1,23,2,2,0.0,0.0,0.0,0.0,0.0,2.0,8,3,9
45562,15,3,3,0,8,3,6,1,0,1,2,5,2,2,0.0,0.0,0.0,0.0,0.0,3.0,16,5,4
81205,16,11,5,10,17,3,5,5,1,1,2,17,2,2,0.0,0.0,0.0,0.0,0.0,4.0,18,6,6
151868,16,2,1,17,3,3,6,1,1,1,2,18,2,2,0.0,0.0,0.0,0.0,0.0,2.0,22,2,10
29046,15,2,1,17,15,3,0,1,0,1,2,18,2,3,2.0,0.0,0.0,2.0,0.0,2.0,17,5,3
38223,16,2,1,2,8,3,0,1,0,1,2,36,1,2,0.0,0.0,0.0,0.0,0.0,1.0,4,2,3
172000,16,2,1,0,2,3,0,1,1,1,2,6,2,2,0.0,0.0,0.0,0.0,0.0,2.0,23,4,11
30717,15,3,3,0,8,3,0,1,1,1,0,18,2,2,0.0,0.0,0.0,0.0,0.0,4.0,9,6,3
175245,15,2,1,0,6,3,0,1,1,1,2,5,2,2,0.0,0.0,0.0,0.0,0.0,2.0,16,3,12
16396,16,2,3,0,6,3,0,1,0,1,2,6,2,2,0.0,0.0,0.0,0.0,0.0,3.0,12,7,2
91115,16,2,3,8,8,3,0,1,1,1,1,18,2,2,0.0,0.0,0.0,0.0,0.0,2.0,18,3,7
85569,15,2,3,0,8,3,0,1,1,1,2,36,2,2,0.0,0.0,0.0,0.0,0.0,2.0,15,1,6
111056,15,2,1,0,2,3,0,1,1,1,1,17,2,2,0.0,0.0,0.0,0.0,0.0,2.0,23,4,8
95620,16,2,3,15,2,3,0,1,1,1,1,22,2,2,0.0,0.0,0.0,0.0,0.0,2.0,11,2,7
77206,16,2,3,17,8,3,0,1,1,1,1,36,2,2,0.0,0.0,0.0,0.0,0.0,3.0,11,2,6
77267,15,2,1,0,6,3,0,5,0,1,2,5,2,3,3.0,0.0,0.0,3.0,0.0,1.0,22,3,6
120541,4,2,3,0,8,3,0,1,1,1,1,18,2,2,0.0,0.0,0.0,0.0,0.0,3.0,17,6,9
66174,16,2,3,17,2,3,0,1,1,1,2,18,2,2,0.0,0.0,0.0,0.0,0.0,2.0,14,3,5
121048,16,2,3,0,6,3,0,1,1,1,2,6,2,2,0.0,0.0,0.0,0.0,0.0,3.0,17,1,9
71685,4,2,3,11,1,3,5,5,1,1,1,36,2,2,0.0,0.0,0.0,0.0,0.0,2.0,15,6,5
174116,16,2,4,17,6,3,0,1,0,1,2,19,2,2,0.0,0.0,0.0,0.0,0.0,3.0,16,1,12
64463,15,2,1,0,6,3,0,1,1,1,2,18,2,2,0.0,0.0,0.0,0.0,0.0,2.0,22,4,5
30109,16,9,1,9,11,3,4,1,0,1,0,18,2,3,1.0,0.0,0.0,1.0,0.0,1.0,18,2,3
70195,4,2,1,9,8,3,0,1,0,1,0,36,2,1,1.0,0.0,1.0,0.0,0.0,1.0,21,2,5
103821,17,2,3,0,6,3,0,1,0,1,2,36,2,3,1.0,0.0,0.0,1.0,0.0,2.0,16,2,7
105799,16,2,0,17,8,3,0,5,1,1,2,36,2,2,0.0,0.0,0.0,0.0,0.0,4.0,22,1,8
30486,16,2,1,2,3,3,0,5,0,1,2,13,1,2,0.0,0.0,0.0,0.0,0.0,1.0,21,3,3
160747,16,7,1,10,8,3,6,1,1,1,2,19,2,2,0.0,0.0,0.0,0.0,0.0,2.0,18,7,11
36890,16,2,3,10,2,3,0,1,0,1,1,17,3,4,2.0,0.0,0.0,0.0,2.0,3.0,12,5,3
98652,16,2,3,10,2,3,0,1,1,1,1,12,3,2,0.0,0.0,0.0,0.0,0.0,10.0,14,1,7
30604,16,2,1,15,3,3,6,1,1,1,0,18,2,2,0.0,0.0,0.0,0.0,0.0,3.0,0,3,3
34837,15,2,3,7,10,3,1,1,1,1,2,39,2,2,0.0,0.0,0.0,0.0,0.0,2.0,8,4,3
69070,15,2,3,0,8,3,0,5,0,1,2,18,2,2,0.0,0.0,0.0,0.0,0.0,2.0,19,6,5
157075,15,2,3,17,8,3,0,6,1,1,1,36,2,2,0.0,0.0,0.0,0.0,0.0,2.0,9,1,11
112587,16,2,1,15,11,3,0,1,1,1,2,22,2,2,0.0,0.0,0.0,0.0,0.0,2.0,21,6,8
71625,4,2,3,17,6,3,0,1,1,1,2,18,2,2,0.0,0.0,0.0,0.0,0.0,3.0,17,4,5
177229,17,11,5,14,8,3,5,5,1,1,0,24,2,2,0.0,0.0,0.0,0.0,0.0,2.0,16,2,12
134798,16,2,3,10,8,3,0,2,1,1,2,19,2,2,0.0,0.0,0.0,0.0,0.0,2.0,12,2,9
43864,16,2,3,17,6,3,0,1,0,1,2,18,2,3,4.0,0.0,0.0,4.0,0.0,2.0,16,1,4
15864,16,2,3,9,2,3,0,1,0,1,2,18,2,3,1.0,0.0,0.0,1.0,0.0,1.0,16,5,2
112514,16,2,1,17,8,3,0,1,1,1,1,36,2,2,0.0,0.0,0.0,0.0,0.0,2.0,21,5,8
2397,16,2,1,10,2,3,0,1,1,1,2,36,2,2,0.0,0.0,0.0,0.0,0.0,3.0,22,4,1
25275,16,2,3,17,2,3,0,1,1,1,1,15,2,2,0.0,0.0,0.0,0.0,0.0,2.0,13,6,2
107090,16,3,3,0,6,3,6,1,0,1,2,36,2,3,1.0,0.0,0.0,1.0,0.0,1.0,6,1,8
173924,16,2,0,9,6,3,0,1,0,1,0,36,2,1,1.0,0.0,1.0,0.0,0.0,1.0,6,4,12
55270,16,2,3,0,3,3,0,1,1,0,2,18,2,2,0.0,0.0,0.0,0.0,0.0,2.0,17,5,4
177905,16,10,3,10,6,3,6,1,1,1,2,19,2,2,0.0,0.0,0.0,0.0,0.0,2.0,9,4,12
89993,16,2,3,0,2,3,6,1,1,1,1,6,2,2,0.0,0.0,0.0,0.0,0.0,3.0,8,6,7
52212,4,2,3,17,6,3,0,1,1,1,2,17,2,2,0.0,0.0,0.0,0.0,0.0,2.0,19,3,4
1808,16,7,3,0,3,3,6,1,0,1,2,36,2,3,1.0,0.0,0.0,1.0,0.0,1.0,8,4,1
128275,16,2,1,0,6,3,0,6,1,1,2,6,2,2,0.0,0.0,0.0,0.0,0.0,3.0,18,7,9
184530,15,10,1,17,8,3,4,1,1,1,2,12,2,2,0.0,0.0,0.0,0.0,0.0,2.0,18,5,12
3829,16,2,1,17,6,3,0,1,1,1,1,19,2,2,0.0,0.0,0.0,0.0,0.0,2.0,17,4,1
92124,16,2,3,17,2,3,0,1,1,1,2,36,2,2,0.0,0.0,0.0,0.0,0.0,2.0,9,5,7
111007,16,2,3,0,6,3,0,1,0,1,2,5,2,3,1.0,0.0,0.0,1.0,0.0,2.0,16,4,8
169452,16,2,3,17,6,3,0,1,0,1,2,24,2,3,1.0,0.0,0.0,1.0,0.0,1.0,14,6,11
165724,16,2,3,17,6,3,0,5,0,1,2,24,2,3,2.0,0.0,0.0,2.0,0.0,0.0,7,6,11
175923,16,2,1,10,2,3,0,1,1,1,2,36,2,2,0.0,0.0,0.0,0.0,0.0,2.0,7,7,12
165078,16,3,3,17,8,3,6,1,1,1,2,36,2,2,0.0,0.0,0.0,0.0,0.0,2.0,8,4,11
29333,16,2,3,17,8,3,0,1,0,1,2,18,2,2,0.0,0.0,0.0,0.0,0.0,3.0,9,3,3
169147,15,2,1,17,8,3,0,1,1,1,2,37,5,2,0.0,0.0,0.0,0.0,0.0,3.0,1,7,11
73345,15,7,3,17,8,3,6,1,1,1,2,18,2,2,0.0,0.0,0.0,0.0,0.0,2.0,15,7,6
152247,16,2,0,0,2,3,0,1,0,1,2,36,2,3,3.0,0.0,0.0,3.0,0.0,2.0,19,5,10
122292,15,2,3,10,8,3,0,1,0,1,2,19,2,3,1.0,0.0,0.0,1.0,0.0,3.0,17,3,9
113892,16,2,1,15,6,3,0,1,1,1,2,23,2,2,0.0,0.0,0.0,0.0,0.0,2.0,23,6,8
135368,15,2,3,0,8,3,0,1,1,1,1,36,2,2,0.0,0.0,0.0,0.0,0.0,2.0,14,4,9
113766,16,2,3,0,6,3,0,5,1,1,2,36,2,2,0.0,0.0,0.0,0.0,0.0,2.0,13,5,8
49870,15,2,3,17,8,3,0,1,0,1,2,18,2,4,1.0,0.0,0.0,0.0,1.0,1.0,13,4,4
9208,4,2,4,7,8,3,0,1,1,1,1,37,2,2,0.0,0.0,0.0,0.0,0.0,1.0,19,6,1
62639,15,2,3,0,3,3,0,1,0,1,2,36,2,3,3.0,0.0,0.0,3.0,0.0,0.0,13,2,5
157313,4,2,3,17,8,3,0,1,0,1,2,18,2,4,1.0,0.0,0.0,0.0,1.0,1.0,9,6,11
80950,16,2,4,10,1,3,0,1,1,1,0,19,2,2,0.0,0.0,0.0,0.0,0.0,3.0,17,1,6
102873,16,2,3,17,8,3,0,1,1,1,1,24,2,2,0.0,0.0,0.0,0.0,0.0,2.0,6,7,7
138465,15,7,3,13,10,3,6,2,0,1,1,5,2,2,0.0,0.0,0.0,0.0,0.0,2.0,15,7,10
168898,16,2,1,0,5,3,0,1,0,1,2,6,2,2,0.0,0.0,0.0,0.0,0.0,3.0,1,4,11
172077,16,2,1,17,13,3,0,1,1,1,2,35,2,2,0.0,0.0,0.0,0.0,0.0,3.0,23,5,11
52570,16,2,3,10,8,3,0,1,0,1,1,19,2,4,1.0,0.0,0.0,0.0,1.0,1.0,13,3,4
88045,16,2,3,17,8,3,5,5,1,1,1,22,2,2,0.0,0.0,0.0,0.0,0.0,2.0,14,5,7
134508,4,2,3,17,6,3,0,5,0,1,2,24,2,2,0.0,0.0,0.0,0.0,0.0,2.0,9,7,9
75386,15,2,4,0,11,3,0,1,0,1,2,18,2,2,0.0,0.0,0.0,0.0,0.0,2.0,19,4,6
33487,16,2,3,10,8,3,0,1,1,1,2,19,2,2,0.0,0.0,0.0,0.0,0.0,2.0,9,3,3
187983,4,7,3,15,8,4,6,1,1,1,2,22,2,2,0.0,0.0,0.0,0.0,0.0,3.0,11,6,12
136992,16,2,3,17,8,3,0,1,1,1,2,24,2,2,0.0,0.0,0.0,0.0,0.0,2.0,16,1,9
147993,4,11,3,15,17,3,5,1,1,1,2,26,2,2,0.0,0.0,0.0,0.0,0.0,2.0,15,2,10
24832,16,2,1,10,2,3,0,1,1,1,2,36,2,2,0.0,0.0,0.0,0.0,0.0,3.0,18,4,2
108120,16,2,3,15,6,3,0,5,1,1,1,36,2,2,0.0,0.0,0.0,0.0,0.0,2.0,8,3,8
120481,16,2,3,0,11,3,5,5,1,1,2,36,2,2,0.0,0.0,0.0,0.0,0.0,2.0,17,3,9
139613,16,2,1,17,6,3,0,1,1,1,2,24,2,2,0.0,0.0,0.0,0.0,0.0,2.0,6,2,10
135889,16,2,3,10,8,3,0,1,1,1,1,19,2,2,0.0,0.0,0.0,0.0,0.0,2.0,8,4,9
42827,16,2,3,17,8,3,0,1,1,1,2,23,2,2,0.0,0.0,0.0,0.0,0.0,2.0,16,3,4
100794,15,2,3,0,8,3,0,5,0,1,2,18,2,2,0.0,0.0,0.0,0.0,0.0,5.0,13,5,7
58315,16,2,1,0,10,3,6,1,1,1,2,6,2,2,0.0,0.0,0.0,0.0,0.0,3.0,22,5,5
33326,15,2,3,15,10,3,0,1,1,1,2,18,3,2,0.0,0.0,0.0,0.0,0.0,6.0,8,2,3
151068,16,2,3,17,11,3,0,5,0,1,1,24,2,3,1.0,0.0,0.0,1.0,0.0,1.0,16,4,10
158442,16,7,3,17,6,3,5,1,1,1,0,36,2,2,0.0,0.0,0.0,0.0,0.0,2.0,9,7,11
78311,4,2,3,17,2,3,0,1,1,0,2,11,2,2,0.0,0.0,0.0,0.0,0.0,2.0,16,5,6
37854,16,2,3,17,6,3,0,1,1,1,2,36,2,2,0.0,0.0,0.0,0.0,0.0,4.0,7,2,3
161193,16,2,3,0,6,3,0,1,1,1,2,6,2,2,0.0,0.0,0.0,0.0,0.0,2.0,9,5,11
20258,16,7,3,15,8,3,6,1,1,1,1,18,2,2,0.0,0.0,0.0,0.0,0.0,2.0,8,3,2
65692,16,2,3,10,8,3,0,1,1,1,1,19,2,2,0.0,0.0,0.0,0.0,0.0,2.0,14,2,5
35890,16,2,1,17,11,3,0,1,0,1,2,3,2,3,3.0,0.0,0.0,3.0,0.0,0.0,20,7,3
68363,16,2,3,0,8,3,0,1,1,1,2,36,2,2,0.0,0.0,0.0,0.0,0.0,3.0,17,3,5
139878,16,2,3,15,3,3,0,1,1,1,2,23,2,2,0.0,0.0,0.0,0.0,0.0,2.0,18,4,10
77317,16,2,3,5,2,3,0,1,1,1,2,36,1,2,0.0,0.0,0.0,0.0,0.0,1.0,11,5,6
129582,16,2,3,8,8,3,0,1,0,1,0,23,2,3,1.0,0.0,0.0,1.0,0.0,1.0,14,2,9
94159,16,2,3,10,2,3,0,1,1,1,2,19,2,2,0.0,0.0,0.0,0.0,0.0,5.0,20,7,7
64349,16,2,3,17,6,3,0,1,0,1,2,6,2,3,1.0,0.0,0.0,1.0,0.0,1.0,9,2,5
184400,16,2,3,17,8,3,0,5,1,1,1,22,2,2,0.0,0.0,0.0,0.0,0.0,2.0,14,3,12
110219,15,2,3,17,2,3,0,1,0,1,2,36,2,2,0.0,0.0,0.0,0.0,0.0,2.0,11,6,8
170790,15,2,3,7,10,3,0,1,0,1,2,36,2,2,0.0,0.0,0.0,0.0,0.0,1.0,14,5,11
188906,16,2,1,0,6,3,0,1,0,1,2,6,2,3,2.0,0.0,0.0,2.0,0.0,1.0,0,6,12
60023,17,2,0,2,10,3,0,1,1,1,0,32,1,2,0.0,0.0,0.0,0.0,0.0,1.0,0,2,5
33292,16,2,3,17,15,3,0,1,1,1,2,23,3,2,0.0,0.0,0.0,0.0,0.0,2.0,14,2,3
165015,4,2,3,17,2,3,0,1,0,1,2,21,2,3,1.0,0.0,0.0,1.0,0.0,1.0,10,3,11
63148,4,2,3,2,3,3,0,1,0,1,2,17,1,2,0.0,0.0,0.0,0.0,0.0,1.0,13,3,5
127279,16,2,3,8,8,4,0,1,0,1,2,36,2,4,1.0,0.0,0.0,0.0,1.0,1.0,17,5,9
180113,16,2,1,10,8,3,1,1,1,1,2,19,3,2,0.0,0.0,0.0,0.0,0.0,3.0,18,5,12
148834,16,2,3,15,2,3,0,1,1,1,1,22,2,2,0.0,0.0,0.0,0.0,0.0,3.0,14,3,10
156271,16,2,3,17,8,3,0,1,0,1,2,18,3,2,0.0,0.0,0.0,0.0,0.0,3.0,11,6,11
106997,15,2,3,0,6,3,0,5,0,1,2,18,2,2,0.0,0.0,0.0,0.0,0.0,2.0,12,6,8
19343,16,10,3,10,8,3,4,1,1,1,1,19,2,2,0.0,0.0,0.0,0.0,0.0,3.0,16,1,2
44764,4,2,3,7,8,3,0,1,1,1,2,12,2,2,0.0,0.0,0.0,0.0,0.0,1.0,15,4,4
8197,16,2,1,17,2,3,0,1,1,1,1,24,2,2,0.0,0.0,0.0,0.0,0.0,4.0,16,5,1
70076,16,2,1,0,6,3,0,1,0,1,2,6,2,2,0.0,0.0,0.0,0.0,0.0,6.0,23,1,5
125867,15,2,1,14,8,3,0,1,1,1,2,36,2,2,0.0,0.0,0.0,0.0,0.0,4.0,21,7,9
56132,15,7,1,17,8,3,6,1,1,1,2,23,2,2,0.0,0.0,0.0,0.0,0.0,2.0,4,4,5
180632,16,7,3,17,15,3,6,1,0,1,2,18,2,3,1.0,0.0,0.0,1.0,0.0,1.0,13,1,12
34820,4,2,3,17,2,3,0,1,1,1,2,24,2,2,0.0,0.0,0.0,0.0,0.0,2.0,15,4,3
54606,16,2,3,10,8,3,0,1,1,1,1,19,2,2,0.0,0.0,0.0,0.0,0.0,3.0,15,7,4
127485,15,2,3,0,2,3,0,1,0,1,2,36,2,2,0.0,0.0,0.0,0.0,0.0,2.0,12,1,9
10267,16,2,3,17,8,3,0,1,1,1,1,24,2,2,0.0,0.0,0.0,0.0,0.0,2.0,14,5,1
167803,16,2,1,15,11,3,0,1,1,1,1,36,2,2,0.0,0.0,0.0,0.0,0.0,2.0,22,6,11
119182,4,2,3,7,2,3,0,1,1,1,1,12,2,2,0.0,0.0,0.0,0.0,0.0,1.0,11,1,8
75059,4,2,3,8,8,3,0,1,1,1,2,36,2,2,0.0,0.0,0.0,0.0,0.0,2.0,8,5,6
99985,16,2,1,0,6,3,5,5,0,1,2,3,3,3,1.0,0.0,0.0,1.0,0.0,2.0,4,7,7
74813,16,3,3,10,8,3,0,1,1,0,0,19,2,2,0.0,0.0,0.0,0.0,0.0,2.0,12,2,6
4785,16,2,3,17,6,3,0,1,0,1,2,36,3,3,1.0,0.0,0.0,1.0,0.0,2.0,15,4,1
101050,16,2,1,15,1,3,0,5,1,1,2,36,2,2,0.0,0.0,0.0,0.0,0.0,6.0,23,2,7
19346,16,10,1,10,8,3,4,1,1,1,2,21,2,2,0.0,0.0,0.0,0.0,0.0,3.0,18,1,2
58835,16,7,3,17,8,3,6,1,1,1,2,18,2,2,0.0,0.0,0.0,0.0,0.0,2.0,12,6,5
77205,15,2,3,10,8,3,0,1,1,1,0,36,2,2,0.0,0.0,0.0,0.0,0.0,2.0,11,2,6
91071,16,2,1,8,3,3,0,1,1,1,0,18,2,2,0.0,0.0,0.0,0.0,0.0,2.0,23,1,7
35061,16,10,3,17,6,3,4,1,0,1,2,39,3,3,2.0,0.0,0.0,2.0,0.0,3.0,13,2,3
49241,15,2,1,17,8,3,0,1,0,1,2,24,2,4,1.0,0.0,0.0,0.0,1.0,1.0,3,7,4
52429,4,2,0,17,8,3,0,1,1,1,2,37,2,2,0.0,0.0,0.0,0.0,0.0,2.0,4,1,4
134069,16,7,3,9,6,3,6,1,0,1,0,38,2,4,1.0,0.0,0.0,0.0,1.0,1.0,13,3,9
67880,4,2,4,10,3,3,0,1,1,1,1,36,2,2,0.0,0.0,0.0,0.0,0.0,5.0,20,2,5
155650,15,7,3,0,6,3,6,1,1,1,2,18,2,2,0.0,0.0,0.0,0.0,0.0,3.0,8,5,10
89361,16,2,1,0,10,3,0,1,1,1,2,6,3,2,0.0,0.0,0.0,0.0,0.0,2.0,0,2,7
87701,15,2,1,17,6,3,0,1,1,1,2,38,2,2,0.0,0.0,0.0,0.0,0.0,2.0,22,6,6
114894,15,2,1,0,6,3,0,5,0,1,2,36,3,2,0.0,0.0,0.0,0.0,0.0,2.0,23,7,8
3782,15,2,3,17,8,3,0,1,0,1,2,18,2,3,1.0,0.0,0.0,1.0,0.0,3.0,8,2,1
60236,16,2,1,17,6,3,0,1,0,1,2,37,2,2,0.0,0.0,0.0,0.0,0.0,4.0,22,7,5
155251,4,7,1,10,2,3,6,1,1,1,0,36,2,2,0.0,0.0,0.0,0.0,0.0,2.0,0,4,10
17970,16,7,3,0,8,3,6,1,1,1,2,39,2,2,0.0,0.0,0.0,0.0,0.0,2.0,11,5,2
80586,4,2,3,0,7,3,0,1,1,1,2,8,2,2,0.0,0.0,0.0,0.0,0.0,3.0,15,4,6
73264,16,2,3,17,1,3,0,1,0,1,2,36,2,3,2.0,0.0,0.0,2.0,0.0,0.0,9,7,6
24101,4,10,3,9,11,3,6,1,0,1,0,26,3,1,2.0,0.0,1.0,1.0,0.0,1.0,7,4,2
165374,4,2,3,10,8,3,6,1,0,1,2,28,3,1,1.0,0.0,1.0,0.0,0.0,2.0,16,7,11
19656,4,2,3,0,2,3,0,1,1,1,0,38,2,2,0.0,0.0,0.0,0.0,0.0,2.0,14,5,2
143907,15,2,1,0,10,3,0,1,0,1,2,18,2,2,0.0,0.0,0.0,0.0,0.0,2.0,20,4,10
20941,16,2,1,10,8,3,6,1,1,1,2,17,2,2,0.0,0.0,0.0,0.0,0.0,2.0,0,1,2
113477,16,2,1,17,6,3,0,1,0,1,2,36,2,2,0.0,0.0,0.0,0.0,0.0,2.0,1,1,8
133407,16,2,3,17,6,3,0,1,0,1,2,24,2,2,0.0,0.0,0.0,0.0,0.0,3.0,7,6,9
134698,4,2,3,0,6,3,0,1,0,1,2,36,2,3,1.0,0.0,0.0,1.0,0.0,2.0,14,4,9
399,16,2,1,9,10,3,0,5,0,1,0,12,2,3,1.0,0.0,0.0,1.0,0.0,1.0,22,1,1