crash_date,               traffic_control_device,weather_condition,lighting_condition,first_crash_type,trafficway_type,alignment,roadway_surface_cond,road_defect,crash_type,intersection_related_i,damage,prim_contributory_cause,num_units,most_severe_injury,injuries_total,injuries_fatal,injuries_incapacitating,injuries_non_incapacitating,injuries_reported_not_evident,injuries_no_indication,crash_hour,crash_day_of_week,crash_month
83234,15,7,0,15,10,3,6,5,1,1,1,36,2,2,0.0,0.0,0.0,0.0,0.0,2.0,20,6,6
51184,16,2,3,17,2,3,0,1,0,1,2,6,2,2,0.0,0.0,0.0,0.0,0.0,2.0,8,7,4
153292,16,2,1,17,2,3,0,5,0,1,2,36,2,1,2.0,0.0,1.0,1.0,0.0,2.0,2,1,10
166397,16,7,1,0,6,3,6,5,0,1,2,6,2,4,2.0,0.0,0.0,0.0,2.0,1.0,1,3,11
162286,15,2,3,0,8,3,0,1,0,1,1,18,2,3,1.0,0.0,0.0,1.0,0.0,1.0,9,7,11
159963,4,2,1,9,8,3,0,1,0,1,0,4,2,1,1.0,0.0,1.0,0.0,0.0,1.0,19,1,11
86322,4,2,1,15,8,3,0,1,0,1,2,23,2,2,0.0,0.0,0.0,0.0,0.0,2.0,22,5,6
120461,16,2,1,10,8,3,5,5,1,1,2,19,2,2,0.0,0.0,0.0,0.0,0.0,2.0,21,7,8
17298,16,2,4,17,8,3,0,1,1,1,2,36,2,2,0.0,0.0,0.0,0.0,0.0,2.0,17,2,2
160013,4,2,1,0,8,3,0,1,0,1,2,18,2,2,0.0,0.0,0.0,0.0,0.0,3.0,18,2,11
187765,16,10,1,10,8,3,6,1,1,1,1,19,2,2,0.0,0.0,0.0,0.0,0.0,2.0,16,3,12
60802,16,2,3,10,6,3,0,1,1,1,2,19,2,2,0.0,0.0,0.0,0.0,0.0,2.0,17,2,5
81649,15,7,3,17,2,3,6,1,0,1,1,18,2,3,1.0,0.0,0.0,1.0,0.0,2.0,19,4,6
7743,16,2,3,0,15,3,0,1,0,1,2,36,2,3,1.0,0.0,0.0,1.0,0.0,1.0,13,5,1
119557,16,2,3,10,6,3,0,1,1,1,2,19,3,2,0.0,0.0,0.0,0.0,0.0,3.0,18,6,8
27739,15,2,3,10,8,3,0,1,0,1,2,19,2,4,1.0,0.0,0.0,0.0,1.0,1.0,15,5,2
121278,15,2,3,7,10,3,0,1,1,1,1,8,2,2,0.0,0.0,0.0,0.0,0.0,1.0,12,2,9
175116,15,2,3,0,6,3,0,1,0,1,2,18,2,2,0.0,0.0,0.0,0.0,0.0,2.0,11,6,12
157281,16,2,1,17,6,3,0,1,1,1,2,6,2,2,0.0,0.0,0.0,0.0,0.0,3.0,4,6,11
142322,16,2,3,17,11,3,0,1,1,1,0,24,2,2,0.0,0.0,0.0,0.0,0.0,2.0,6,3,10
73876,16,2,3,17,2,3,0,1,1,1,2,24,2,2,0.0,0.0,0.0,0.0,0.0,2.0,13,2,6
46702,16,2,3,15,8,3,0,1,1,1,0,23,2,2,0.0,0.0,0.0,0.0,0.0,6.0,8,2,4
85832,16,3,3,15,10,3,0,1,1,1,2,36,2,2,0.0,0.0,0.0,0.0,0.0,2.0,11,4,6
151618,16,2,3,2,2,3,0,1,1,0,2,24,1,2,0.0,0.0,0.0,0.0,0.0,1.0,11,4,10
2604,16,2,3,10,8,3,0,1,1,1,2,19,2,2,0.0,0.0,0.0,0.0,0.0,2.0,11,2,1
79095,16,2,3,17,10,3,0,1,0,1,2,36,2,3,3.0,0.0,0.0,3.0,0.0,0.0,15,3,6
99378,15,2,3,7,9,3,0,1,1,1,2,9,2,2,0.0,0.0,0.0,0.0,0.0,3.0,9,3,7
59809,16,2,3,3,8,3,0,1,0,1,2,36,2,2,0.0,0.0,0.0,0.0,0.0,2.0,15,1,5
169346,16,7,1,0,6,3,6,5,1,1,2,36,2,2,0.0,0.0,0.0,0.0,0.0,3.0,3,4,11
16278,16,11,3,17,1,3,5,1,1,1,1,18,2,2,0.0,0.0,0.0,0.0,0.0,2.0,14,6,2
128759,4,2,3,7,15,3,0,1,1,1,2,28,2,2,0.0,0.0,0.0,0.0,0.0,1.0,15,6,9
166616,16,2,0,17,3,3,0,1,0,1,2,36,2,2,0.0,0.0,0.0,0.0,0.0,2.0,16,4,11
143237,15,3,3,0,6,3,0,1,1,1,2,18,2,2,0.0,0.0,0.0,0.0,0.0,3.0,8,3,10
136061,16,7,1,10,2,3,6,1,1,1,2,39,2,2,0.0,0.0,0.0,0.0,0.0,2.0,1,7,9
162746,8,2,3,17,6,3,0,1,1,1,0,36,2,2,0.0,0.0,0.0,0.0,0.0,2.0,11,6,11
115080,16,2,3,17,2,3,0,1,1,1,2,36,2,2,0.0,0.0,0.0,0.0,0.0,3.0,13,2,8
78970,16,2,3,0,15,3,0,1,0,1,2,6,2,2,0.0,0.0,0.0,0.0,0.0,4.0,15,1,6
48113,16,7,3,10,3,3,6,5,0,1,1,19,2,4,1.0,0.0,0.0,0.0,1.0,2.0,16,7,4
21157,16,2,3,10,2,3,0,1,1,1,1,19,2,2,0.0,0.0,0.0,0.0,0.0,2.0,9,4,2
83701,16,2,3,7,2,3,0,1,1,1,1,36,2,2,0.0,0.0,0.0,0.0,0.0,1.0,9,6,6
118107,4,2,3,10,3,3,0,1,1,1,1,19,2,2,0.0,0.0,0.0,0.0,0.0,2.0,12,7,8
63467,16,2,3,10,19,3,0,5,1,1,2,19,2,2,0.0,0.0,0.0,0.0,0.0,2.0,13,2,5
111465,4,2,3,7,8,3,0,1,1,1,2,22,2,2,0.0,0.0,0.0,0.0,0.0,1.0,9,3,8
139636,4,2,3,0,3,3,0,1,0,1,2,36,2,2,0.0,0.0,0.0,0.0,0.0,2.0,10,2,10
92523,16,2,3,0,2,3,0,1,0,1,2,6,3,4,6.0,0.0,0.0,0.0,6.0,2.0,12,3,7
106488,16,2,3,10,2,3,0,1,1,1,1,36,3,2,0.0,0.0,0.0,0.0,0.0,3.0,16,6,8
78044,15,2,3,8,15,3,0,1,0,1,0,38,2,3,1.0,0.0,0.0,1.0,0.0,1.0,17,2,6
18940,16,10,3,17,8,3,6,1,1,1,2,18,2,2,0.0,0.0,0.0,0.0,0.0,2.0,11,1,2
176244,16,2,1,2,6,3,0,1,0,1,2,36,1,2,0.0,0.0,0.0,0.0,0.0,2.0,18,4,12
96270,4,2,3,2,8,3,0,1,0,1,2,14,1,2,0.0,0.0,0.0,0.0,0.0,1.0,18,6,7
60617,16,2,3,0,3,3,0,1,0,1,2,6,2,3,2.0,0.0,0.0,1.0,1.0,0.0,8,5,5
118699,16,2,3,0,6,3,0,1,0,1,2,6,2,3,2.0,0.0,0.0,2.0,0.0,2.0,18,2,8
77402,15,2,3,9,15,3,0,1,0,1,2,18,2,3,1.0,0.0,0.0,1.0,0.0,1.0,13,7,6
71137,15,2,3,0,8,3,0,1,0,1,2,18,2,2,0.0,0.0,0.0,0.0,0.0,2.0,10,5,5
60892,16,2,1,17,6,3,0,1,0,1,2,6,2,1,1.0,0.0,1.0,0.0,0.0,2.0,22,3,5
130460,15,2,3,15,8,3,0,1,1,1,1,22,2,2,0.0,0.0,0.0,0.0,0.0,2.0,17,1,9
103462,16,2,3,10,2,3,0,1,0,1,2,8,3,3,1.0,0.0,0.0,1.0,0.0,2.0,11,2,7
75891,16,2,3,8,8,3,0,1,0,1,0,18,2,3,1.0,0.0,0.0,1.0,0.0,2.0,14,5,6
161697,15,2,0,11,8,3,0,1,1,1,1,36,2,2,0.0,0.0,0.0,0.0,0.0,2.0,19,6,11
60186,15,2,1,0,2,3,0,1,0,1,2,18,2,2,0.0,0.0,0.0,0.0,0.0,3.0,23,5,5
72100,16,2,3,17,8,3,0,1,1,1,2,24,2,2,0.0,0.0,0.0,0.0,0.0,2.0,15,4,6
150918,16,2,3,17,6,3,0,1,0,1,2,19,2,3,1.0,0.0,0.0,1.0,0.0,2.0,10,4,10
141090,16,2,3,17,8,3,6,1,0,1,2,22,2,2,0.0,0.0,0.0,0.0,0.0,2.0,6,7,10
20866,16,3,1,10,6,3,4,1,1,1,1,19,2,2,0.0,0.0,0.0,0.0,0.0,2.0,18,7,2
40989,16,2,4,10,8,3,0,1,1,1,2,12,2,2,0.0,0.0,0.0,0.0,0.0,2.0,19,3,3
130581,15,2,3,17,2,3,0,1,1,1,1,36,3,2,0.0,0.0,0.0,0.0,0.0,4.0,15,4,9
131592,15,7,3,10,2,3,0,5,1,1,1,36,2,2,0.0,0.0,0.0,0.0,0.0,2.0,9,2,9
120613,16,7,2,8,2,3,0,1,0,1,1,6,2,4,1.0,0.0,0.0,0.0,1.0,1.0,6,7,9
132184,16,2,3,0,6,3,0,1,0,1,2,36,2,2,0.0,0.0,0.0,0.0,0.0,2.0,18,3,9
665,16,2,1,17,1,3,1,1,0,1,2,6,2,4,1.0,0.0,0.0,0.0,1.0,2.0,20,4,1
107644,16,2,3,0,6,3,0,1,0,1,2,6,2,4,1.0,0.0,0.0,0.0,1.0,1.0,13,4,8
104056,15,2,3,0,8,3,0,1,0,1,2,18,2,2,0.0,0.0,0.0,0.0,0.0,2.0,9,4,8
15448,4,2,4,17,2,3,0,5,0,1,2,18,2,2,0.0,0.0,0.0,0.0,0.0,2.0,17,4,2
145906,16,2,3,15,2,3,0,1,1,1,2,36,2,2,0.0,0.0,0.0,0.0,0.0,2.0,10,2,10
99867,16,2,4,17,8,3,0,1,0,1,2,36,2,2,0.0,0.0,0.0,0.0,0.0,2.0,20,4,7
97518,16,2,3,10,8,3,0,1,0,1,2,8,2,4,1.0,0.0,0.0,0.0,1.0,4.0,16,4,7
181366,15,2,1,0,8,3,6,1,0,1,2,6,2,3,2.0,0.0,0.0,2.0,0.0,2.0,0,1,12
154587,16,7,3,0,2,3,6,1,1,1,1,26,2,2,0.0,0.0,0.0,0.0,0.0,2.0,14,4,10
129711,16,2,3,10,8,3,0,1,1,1,1,19,2,2,0.0,0.0,0.0,0.0,0.0,2.0,14,5,9
21344,4,10,3,10,6,3,1,2,0,1,2,39,2,2,0.0,0.0,0.0,0.0,0.0,2.0,10,6,2
61991,16,2,1,17,15,3,0,1,0,1,2,17,2,2,0.0,0.0,0.0,0.0,0.0,3.0,0,6,5
49684,16,2,3,0,6,3,0,1,0,1,2,12,2,3,1.0,0.0,0.0,1.0,0.0,1.0,10,1,4
59028,4,2,1,4,8,3,0,3,1,1,2,33,1,2,0.0,0.0,0.0,0.0,0.0,2.0,23,1,5
123542,16,2,1,2,8,3,0,1,0,0,2,28,1,4,2.0,0.0,0.0,0.0,2.0,0.0,20,1,9
62419,16,2,3,17,6,3,0,1,0,1,1,36,3,3,1.0,0.0,0.0,1.0,0.0,2.0,9,6,5
118339,15,3,3,17,2,3,0,1,0,1,1,24,2,4,1.0,0.0,0.0,0.0,1.0,2.0,17,3,8
57984,15,2,3,15,8,3,0,1,1,0,2,36,2,2,0.0,0.0,0.0,0.0,0.0,4.0,13,7,5
64697,15,7,3,17,8,3,6,1,0,1,1,36,2,2,0.0,0.0,0.0,0.0,0.0,2.0,14,7,5
85525,16,7,1,10,10,3,5,5,0,1,1,37,2,4,2.0,0.0,0.0,0.0,2.0,2.0,21,7,6
55447,16,7,1,2,3,3,6,1,0,1,2,36,1,3,1.0,0.0,0.0,1.0,0.0,1.0,1,2,4
63601,4,2,3,15,10,3,0,1,1,0,1,18,2,2,0.0,0.0,0.0,0.0,0.0,3.0,15,3,5
14862,15,10,1,0,6,3,4,1,1,1,2,36,2,2,0.0,0.0,0.0,0.0,0.0,2.0,15,1,1
121532,16,2,0,0,8,3,0,1,1,1,2,18,2,2,0.0,0.0,0.0,0.0,0.0,2.0,20,7,9
169382,16,7,3,17,3,3,6,1,1,1,0,6,2,2,0.0,0.0,0.0,0.0,0.0,2.0,9,4,11
90594,16,2,2,0,8,3,0,1,0,1,2,6,3,2,0.0,0.0,0.0,0.0,0.0,3.0,5,2,7
155226,15,2,3,0,8,3,0,1,0,1,2,36,2,2,0.0,0.0,0.0,0.0,0.0,2.0,8,4,10
118956,16,2,3,17,8,3,0,5,0,1,2,18,2,3,1.0,0.0,0.0,1.0,0.0,3.0,13,5,8
48187,15,10,3,0,3,3,4,1,0,1,2,5,2,4,1.0,0.0,0.0,0.0,1.0,3.0,15,1,4
30971,4,2,3,15,2,3,0,1,1,1,1,18,2,2,0.0,0.0,0.0,0.0,0.0,2.0,17,2,3
100646,16,2,3,17,2,3,0,1,0,1,2,19,2,3,3.0,0.0,0.0,3.0,0.0,1.0,19,3,7
124206,16,2,3,0,6,3,0,1,1,1,0,18,2,2,0.0,0.0,0.0,0.0,0.0,2.0,8,4,9
13952,16,2,1,2,1,3,0,1,0,1,2,8,1,2,0.0,0.0,0.0,0.0,0.0,3.0,1,6,1
47885,4,11,5,15,6,3,5,5,1,1,2,36,2,2,0.0,0.0,0.0,0.0,0.0,2.0,9,4,4
177844,15,2,3,0,11,3,6,5,1,1,1,5,2,2,0.0,0.0,0.0,0.0,0.0,2.0,11,3,12
153612,16,2,3,2,8,3,0,1,1,1,0,12,1,2,0.0,0.0,0.0,0.0,0.0,1.0,12,4,10
90614,4,2,3,17,2,3,0,1,0,1,2,24,2,3,1.0,0.0,0.0,1.0,0.0,1.0,10,2,7
66468,16,2,1,17,6,3,0,1,0,1,2,18,2,0,2.0,1.0,0.0,1.0,0.0,4.0,2,3,5
31707,15,2,2,15,5,3,0,1,1,1,2,17,2,2,0.0,0.0,0.0,0.0,0.0,2.0,18,3,3
180620,16,2,3,0,6,3,0,1,0,1,2,36,2,3,1.0,0.0,0.0,1.0,0.0,3.0,12,6,12
151333,15,2,3,0,6,3,0,1,1,1,2,5,2,2,0.0,0.0,0.0,0.0,0.0,2.0,16,2,10
9055,16,2,3,17,11,3,5,1,1,1,2,18,2,2,0.0,0.0,0.0,0.0,0.0,3.0,16,5,1
101080,15,2,3,0,8,3,0,1,1,1,1,36,2,2,0.0,0.0,0.0,0.0,0.0,2.0,17,3,7
125551,16,2,3,15,10,3,0,1,1,1,2,36,2,2,0.0,0.0,0.0,0.0,0.0,4.0,17,2,9
66985,16,2,3,17,6,3,0,5,1,1,2,24,2,2,0.0,0.0,0.0,0.0,0.0,3.0,14,4,5
132937,16,7,4,0,6,3,6,1,0,1,2,36,2,2,0.0,0.0,0.0,0.0,0.0,2.0,14,1,9
30325,4,2,3,17,2,3,0,1,0,1,2,36,2,4,1.0,0.0,0.0,0.0,1.0,1.0,15,7,3
43705,15,3,3,0,8,3,4,1,1,1,2,39,3,2,0.0,0.0,0.0,0.0,0.0,3.0,8,4,4
172282,16,2,4,10,8,3,0,1,1,1,2,19,2,2,0.0,0.0,0.0,0.0,0.0,3.0,18,7,12
51447,16,2,1,2,8,3,0,1,0,1,2,26,1,2,0.0,0.0,0.0,0.0,0.0,1.0,0,4,4
46475,15,7,3,17,15,3,6,1,0,1,2,18,2,4,1.0,0.0,0.0,0.0,1.0,2.0,14,7,4
179889,16,7,2,17,15,3,6,1,1,1,2,24,2,2,0.0,0.0,0.0,0.0,0.0,2.0,6,4,12
55782,15,2,1,0,6,3,0,1,0,1,2,36,3,2,0.0,0.0,0.0,0.0,0.0,3.0,21,6,4
146424,16,2,1,10,8,3,5,5,1,1,0,36,2,2,0.0,0.0,0.0,0.0,0.0,2.0,6,2,10
142208,4,2,3,10,8,3,0,1,1,1,2,19,2,2,0.0,0.0,0.0,0.0,0.0,2.0,7,1,10
178114,16,2,3,0,11,3,0,1,0,1,2,17,2,2,0.0,0.0,0.0,0.0,0.0,3.0,8,1,12
39246,16,2,3,15,6,3,0,1,1,1,1,24,2,2,0.0,0.0,0.0,0.0,0.0,3.0,12,6,3
109556,4,2,3,10,2,3,0,1,1,1,1,19,2,2,0.0,0.0,0.0,0.0,0.0,2.0,17,4,8
78128,16,2,3,17,6,3,0,1,1,1,2,18,2,2,0.0,0.0,0.0,0.0,0.0,2.0,7,4,6
149910,16,2,3,15,3,3,0,1,1,1,2,19,2,2,0.0,0.0,0.0,0.0,0.0,3.0,13,3,10
159709,16,2,3,15,2,3,0,1,1,1,2,22,2,2,0.0,0.0,0.0,0.0,0.0,3.0,15,3,11
139086,15,2,1,0,6,3,0,1,0,1,2,8,2,2,0.0,0.0,0.0,0.0,0.0,2.0,3,1,10
129225,15,2,4,9,6,3,0,5,0,1,1,18,2,4,1.0,0.0,0.0,0.0,1.0,1.0,18,5,9
67260,4,2,3,10,2,3,0,5,1,1,0,21,2,2,0.0,0.0,0.0,0.0,0.0,2.0,11,5,5
186370,16,7,4,17,15,3,6,1,1,1,1,18,2,2,0.0,0.0,0.0,0.0,0.0,2.0,16,3,12
128320,16,2,3,15,8,2,0,1,1,1,2,23,2,2,0.0,0.0,0.0,0.0,0.0,2.0,7,3,9
61539,16,2,3,17,6,3,0,1,1,1,2,36,2,2,0.0,0.0,0.0,0.0,0.0,2.0,10,7,5
153209,16,11,5,9,8,3,5,5,1,1,0,18,2,2,0.0,0.0,0.0,0.0,0.0,2.0,12,5,10
166196,15,2,1,17,2,3,0,1,0,1,2,6,2,3,1.0,0.0,0.0,1.0,0.0,1.0,22,5,11
154130,16,2,3,15,10,3,0,1,1,1,2,22,2,2,0.0,0.0,0.0,0.0,0.0,2.0,12,5,10
121078,16,2,3,15,10,3,0,1,1,1,2,23,2,2,0.0,0.0,0.0,0.0,0.0,2.0,10,1,9
187496,15,2,3,0,6,3,0,1,0,1,2,5,3,4,3.0,0.0,0.0,0.0,3.0,2.0,8,7,12
14243,16,2,1,17,2,3,0,1,1,1,2,23,2,2,0.0,0.0,0.0,0.0,0.0,3.0,19,3,1
180248,16,4,1,3,8,3,6,1,0,0,2,11,2,4,1.0,0.0,0.0,0.0,1.0,1.0,5,7,12
57893,16,2,1,17,6,3,6,5,1,1,2,36,2,2,0.0,0.0,0.0,0.0,0.0,3.0,20,7,5
152266,16,2,3,10,8,3,0,1,1,1,0,21,2,2,0.0,0.0,0.0,0.0,0.0,2.0,10,5,10
97080,4,2,3,8,8,3,0,1,0,1,2,36,2,3,1.0,0.0,0.0,1.0,0.0,1.0,11,5,7
58749,15,2,1,9,6,3,0,1,0,1,0,18,2,3,1.0,0.0,0.0,1.0,0.0,1.0,0,5,5
89758,4,2,3,0,15,3,0,1,0,1,2,17,2,2,0.0,0.0,0.0,0.0,0.0,2.0,9,3,7
142801,15,7,1,17,8,3,6,1,1,1,2,12,2,2,0.0,0.0,0.0,0.0,0.0,3.0,19,3,10
18664,16,2,3,3,6,3,6,1,0,1,2,17,2,3,1.0,0.0,0.0,1.0,0.0,1.0,8,4,2
57449,16,2,3,15,6,3,0,1,0,1,2,18,3,3,1.0,0.0,0.0,1.0,0.0,3.0,10,6,5
164481,16,2,3,10,8,3,0,1,1,1,0,19,2,2,0.0,0.0,0.0,0.0,0.0,2.0,14,3,11
187042,16,2,3,0,11,3,0,1,0,1,2,18,2,3,1.0,0.0,0.0,1.0,0.0,1.0,13,5,12
19954,16,2,1,15,8,3,6,1,1,1,0,36,2,2,0.0,0.0,0.0,0.0,0.0,2.0,6,6,2
118511,16,2,1,0,6,3,0,5,0,1,2,6,2,2,0.0,0.0,0.0,0.0,0.0,2.0,19,6,8
56732,16,2,3,17,6,3,0,1,1,1,2,36,2,2,0.0,0.0,0.0,0.0,0.0,2.0,15,1,5
29182,15,2,3,17,2,3,0,1,1,1,2,18,2,2,0.0,0.0,0.0,0.0,0.0,2.0,9,6,3
169130,4,2,2,7,8,3,0,1,1,0,1,15,2,2,0.0,0.0,0.0,0.0,0.0,1.0,16,6,11
97921,16,2,3,0,2,5,0,1,0,1,2,6,2,2,0.0,0.0,0.0,0.0,0.0,4.0,6,3,7
44817,16,2,3,10,15,3,0,1,1,1,0,36,2,2,0.0,0.0,0.0,0.0,0.0,2.0,13,5,4
174741,16,10,3,2,3,3,6,1,0,1,2,14,2,2,0.0,0.0,0.0,0.0,0.0,2.0,2,3,12
76697,16,2,3,15,10,3,0,1,1,1,2,23,2,2,0.0,0.0,0.0,0.0,0.0,2.0,16,2,6
81712,16,2,3,15,8,3,0,1,0,1,2,26,2,2,0.0,0.0,0.0,0.0,0.0,2.0,5,6,6
68559,15,2,3,17,6,3,0,1,1,1,2,12,2,2,0.0,0.0,0.0,0.0,0.0,2.0,14,7,5
75255,4,2,3,10,8,3,0,1,1,1,2,19,2,2,0.0,0.0,0.0,0.0,0.0,2.0,17,2,6
89019,16,2,2,10,3,3,0,1,1,1,0,30,2,2,0.0,0.0,0.0,0.0,0.0,3.0,4,6,7
92953,15,2,3,17,2,3,0,1,1,1,2,18,2,2,0.0,0.0,0.0,0.0,0.0,2.0,15,2,7
74823,16,7,3,17,6,3,6,1,0,1,2,18,2,3,2.0,0.0,0.0,2.0,0.0,1.0,14,3,6
37963,15,2,3,5,10,3,0,1,0,1,0,18,3,3,2.0,0.0,0.0,2.0,0.0,1.0,8,5,3
60669,16,2,3,15,2,3,0,1,1,1,2,23,3,2,0.0,0.0,0.0,0.0,0.0,6.0,17,6,5
94542,4,2,3,10,8,3,0,1,1,1,2,36,2,2,0.0,0.0,0.0,0.0,0.0,2.0,17,6,7
90763,15,2,3,17,2,3,0,1,0,1,2,36,2,2,0.0,0.0,0.0,0.0,0.0,3.0,13,5,7
48018,16,11,1,17,6,3,5,5,1,1,1,24,2,2,0.0,0.0,0.0,0.0,0.0,2.0,23,7,4
24626,15,2,3,17,6,3,0,1,0,1,2,19,2,3,1.0,0.0,0.0,1.0,0.0,1.0,15,1,2
35469,16,2,1,8,19,3,0,1,0,1,2,36,2,1,1.0,0.0,1.0,0.0,0.0,1.0,1,2,3
35526,15,7,1,0,10,3,6,1,0,1,2,5,2,2,0.0,0.0,0.0,0.0,0.0,3.0,23,2,3
167628,15,2,3,17,2,3,0,1,1,1,2,18,2,2,0.0,0.0,0.0,0.0,0.0,2.0,8,3,11
15555,16,2,3,0,6,3,0,1,0,1,2,36,2,4,1.0,0.0,0.0,0.0,1.0,1.0,12,5,2
77593,16,2,3,0,6,3,0,1,0,1,2,6,2,3,2.0,0.0,0.0,2.0,0.0,0.0,12,3,6
187604,16,3,3,10,8,3,5,5,1,1,1,21,2,2,0.0,0.0,0.0,0.0,0.0,3.0,11,6,12
150189,4,2,3,10,3,3,0,5,1,0,0,19,2,2,0.0,0.0,0.0,0.0,0.0,3.0,13,1,10
27007,17,2,3,10,17,3,0,5,1,1,2,36,2,2,0.0,0.0,0.0,0.0,0.0,2.0,15,7,2
103073,16,2,1,10,10,3,0,1,1,1,0,19,2,2,0.0,0.0,0.0,0.0,0.0,2.0,5,5,7
79213,4,2,3,17,18,3,0,1,0,1,2,18,2,3,1.0,0.0,0.0,1.0,0.0,1.0,11,4,6
59333,16,2,3,0,8,3,0,1,0,1,2,6,2,3,1.0,0.0,0.0,1.0,0.0,2.0,9,7,5
111869,15,7,3,17,6,3,6,1,0,1,2,18,2,3,1.0,0.0,0.0,1.0,0.0,4.0,15,5,8
152357,15,2,1,13,6,3,0,1,0,1,2,5,3,2,0.0,0.0,0.0,0.0,0.0,2.0,2,7,10
80118,15,2,3,0,8,3,0,1,0,1,2,18,2,2,0.0,0.0,0.0,0.0,0.0,3.0,14,4,6
19974,16,2,3,0,6,3,6,1,0,1,2,36,2,3,2.0,0.0,0.0,1.0,1.0,0.0,10,6,2
178318,4,2,4,15,2,3,0,5,1,1,2,22,2,2,0.0,0.0,0.0,0.0,0.0,2.0,17,3,12
12282,16,10,3,9,2,3,6,1,0,1,0,18,3,3,1.0,0.0,0.0,1.0,0.0,2.0,8,4,1
85452,16,7,1,0,6,3,6,1,0,1,2,26,2,3,2.0,0.0,0.0,1.0,1.0,2.0,23,6,6
36870,16,7,3,17,2,3,6,1,0,1,1,24,2,2,0.0,0.0,0.0,0.0,0.0,3.0,17,5,3
26274,16,2,3,17,10,4,5,5,1,1,1,24,2,2,0.0,0.0,0.0,0.0,0.0,2.0,15,2,2
96512,15,2,3,17,8,3,0,1,0,1,2,5,2,4,1.0,0.0,0.0,0.0,1.0,1.0,13,4,7
14213,4,2,3,17,8,3,0,1,1,1,2,22,2,2,0.0,0.0,0.0,0.0,0.0,4.0,13,3,1
8162,16,2,3,0,11,3,0,1,1,1,0,18,2,2,0.0,0.0,0.0,0.0,0.0,3.0,9,4,1
179158,15,2,1,0,8,3,0,1,0,1,2,18,2,3,1.0,0.0,0.0,1.0,0.0,1.0,5,1,12
154807,16,2,1,10,3,3,0,1,1,1,2,19,2,2,0.0,0.0,0.0,0.0,0.0,2.0,19,7,10
109724,16,2,3,10,8,3,0,1,1,1,2,36,2,2,0.0,0.0,0.0,0.0,0.0,6.0,12,6,8
102035,4,2,3,17,18,3,0,1,0,1,2,38,2,2,0.0,0.0,0.0,0.0,0.0,2.0,18,3,7
163545,15,11,3,0,6,3,5,5,1,1,2,36,2,2,0.0,0.0,0.0,0.0,0.0,3.0,8,5,11
29242,4,2,3,17,8,3,0,1,0,1,2,18,2,2,0.0,0.0,0.0,0.0,0.0,6.0,13,1,3
58568,16,2,1,0,8,3,0,1,1,1,1,18,2,2,0.0,0.0,0.0,0.0,0.0,2.0,0,1,5
132135,4,2,0,2,15,3,0,1,0,1,2,36,1,2,0.0,0.0,0.0,0.0,0.0,1.0,20,2,9
86527,15,2,3,17,6,3,0,1,1,1,1,36,2,2,0.0,0.0,0.0,0.0,0.0,2.0,11,2,6
181357,16,3,3,2,3,2,0,1,0,1,2,26,1,2,0.0,0.0,0.0,0.0,0.0,1.0,10,1,12
135029,16,2,3,10,8,3,0,5,1,1,1,19,2,2,0.0,0.0,0.0,0.0,0.0,3.0,15,7,9
108941,16,2,3,10,2,3,0,1,1,1,1,19,2,2,0.0,0.0,0.0,0.0,0.0,2.0,14,2,8
64742,16,2,1,17,2,3,0,1,0,1,2,6,2,2,0.0,0.0,0.0,0.0,0.0,2.0,21,7,5
106158,15,2,1,17,8,3,0,1,1,1,1,24,2,2,0.0,0.0,0.0,0.0,0.0,3.0,23,6,8
142884,4,2,3,7,10,3,0,1,1,1,1,21,2,2,0.0,0.0,0.0,0.0,0.0,3.0,17,4,10
54832,15,3,3,0,8,3,5,5,0,1,2,18,2,3,2.0,0.0,0.0,2.0,0.0,2.0,15,5,4
76755,16,2,3,9,10,3,0,1,0,1,1,21,2,3,1.0,0.0,0.0,1.0,0.0,1.0,12,2,6
92105,16,2,3,0,6,3,0,5,0,1,2,36,2,2,0.0,0.0,0.0,0.0,0.0,2.0,17,5,7
39169,16,2,3,10,2,3,6,1,1,1,2,36,2,2,0.0,0.0,0.0,0.0,0.0,2.0,10,5,3
57141,16,2,1,17,2,3,6,1,1,1,1,26,2,2,0.0,0.0,0.0,0.0,0.0,2.0,21,6,5
12865,16,7,1,17,6,3,6,1,1,1,2,24,2,2,0.0,0.0,0.0,0.0,0.0,2.0,18,6,1
161833,16,2,3,14,11,3,6,1,1,1,2,36,2,2,0.0,0.0,0.0,0.0,0.0,5.0,7,5,11
13743,16,2,1,17,2,3,0,1,0,1,2,18,2,4,2.0,0.0,0.0,0.0,2.0,2.0,20,1,1
66917,17,2,3,0,8,3,0,5,0,0,2,36,2,3,3.0,0.0,0.0,1.0,2.0,0.0,15,2,5
157704,16,2,3,10,8,3,0,1,1,1,2,36,2,2,0.0,0.0,0.0,0.0,0.0,2.0,10,4,11
41770,16,2,2,17,3,3,0,5,0,1,1,22,2,2,0.0,0.0,0.0,0.0,0.0,3.0,16,7,3
31878,16,7,3,15,3,3,6,1,1,1,0,23,2,2,0.0,0.0,0.0,0.0,0.0,2.0,10,6,3
112623,16,2,3,7,12,3,0,1,1,0,1,19,2,2,0.0,0.0,0.0,0.0,0.0,1.0,14,7,8
125369,4,2,3,17,2,3,0,1,0,1,2,26,2,3,2.0,0.0,0.0,2.0,0.0,1.0,9,7,9
123868,16,2,3,9,2,3,0,1,0,1,0,18,2,3,1.0,0.0,0.0,1.0,0.0,1.0,8,5,9