crash_date,               traffic_control_device,weather_condition,lighting_condition,first_crash_type,trafficway_type,alignment,roadway_surface_cond,road_defect,crash_type,intersection_related_i,damage,prim_contributory_cause,num_units,most_severe_injury,injuries_total,injuries_fatal,injuries_incapacitating,injuries_non_incapacitating,injuries_reported_not_evident,injuries_no_indication,crash_hour,crash_day_of_week,crash_month
35170,16,2,3,17,3,3,0,1,1,1,1,36,2,2,0.0,0.0,0.0,0.0,0.0,2.0,13,4,3
174224,17,11,5,0,18,3,5,5,1,1,2,36,2,2,0.0,0.0,0.0,0.0,0.0,2.0,15,4,12
160686,16,2,1,15,2,3,0,1,1,1,2,12,2,2,0.0,0.0,0.0,0.0,0.0,3.0,17,5,11
128990,15,2,3,0,4,3,0,1,1,1,2,22,2,2,0.0,0.0,0.0,0.0,0.0,2.0,11,7,9
36436,16,3,1,2,6,3,6,1,0,1,2,28,1,2,0.0,0.0,0.0,0.0,0.0,4.0,22,4,3
162084,15,2,3,17,2,3,0,1,1,1,2,36,2,2,0.0,0.0,0.0,0.0,0.0,3.0,11,3,11
139736,16,2,1,0,6,3,0,5,0,1,2,6,3,3,1.0,0.0,0.0,1.0,0.0,3.0,5,4,10
112996,15,2,3,14,8,3,6,1,1,0,0,36,2,2,0.0,0.0,0.0,0.0,0.0,2.0,11,7,8
55025,16,7,3,15,8,3,6,5,1,1,1,36,2,2,0.0,0.0,0.0,0.0,0.0,3.0,13,7,4
168168,15,2,1,0,8,3,0,1,0,1,2,5,2,3,2.0,0.0,0.0,2.0,0.0,2.0,1,5,11
53844,15,2,3,0,6,3,0,1,0,1,2,18,2,4,1.0,0.0,0.0,0.0,1.0,2.0,16,4,4
59152,16,2,3,10,8,3,0,1,1,1,2,36,2,2,0.0,0.0,0.0,0.0,0.0,2.0,11,3,5
171017,16,2,1,17,15,3,0,5,1,1,2,24,2,2,0.0,0.0,0.0,0.0,0.0,2.0,17,3,11
95568,16,2,3,0,8,3,0,1,0,1,2,6,4,3,2.0,0.0,0.0,2.0,0.0,3.0,13,2,7
94370,16,2,1,15,2,3,0,1,1,1,2,36,2,2,0.0,0.0,0.0,0.0,0.0,2.0,21,4,7
146885,16,2,1,15,2,3,0,1,1,1,2,22,2,2,0.0,0.0,0.0,0.0,0.0,2.0,1,7,10
63871,16,2,3,0,6,3,0,1,1,1,1,6,2,2,0.0,0.0,0.0,0.0,0.0,3.0,10,1,5
108151,16,2,1,10,3,3,0,1,1,0,2,36,2,2,0.0,0.0,0.0,0.0,0.0,4.0,4,5,8
74134,16,2,3,0,3,3,0,1,1,1,2,6,2,2,0.0,0.0,0.0,0.0,0.0,6.0,13,7,6
42971,4,2,1,2,6,3,0,1,0,1,2,36,1,2,0.0,0.0,0.0,0.0,0.0,2.0,3,7,4
138580,16,2,1,3,2,3,0,1,1,1,2,36,2,2,0.0,0.0,0.0,0.0,0.0,2.0,23,1,10
35816,4,2,3,15,8,2,0,1,1,0,0,22,2,2,0.0,0.0,0.0,0.0,0.0,2.0,11,5,3
22313,15,10,3,0,8,3,4,1,0,1,2,17,2,2,0.0,0.0,0.0,0.0,0.0,2.0,17,3,2
119094,16,2,3,17,6,3,0,1,1,1,2,18,2,2,0.0,0.0,0.0,0.0,0.0,2.0,8,7,8
147994,16,2,3,17,8,3,5,5,1,1,2,36,2,2,0.0,0.0,0.0,0.0,0.0,2.0,16,2,10
125997,16,2,1,0,8,3,0,5,1,1,2,36,2,2,0.0,0.0,0.0,0.0,0.0,2.0,23,3,9
118073,16,2,3,17,2,3,0,1,0,1,2,37,3,2,0.0,0.0,0.0,0.0,0.0,7.0,18,7,8
187224,16,2,3,17,8,3,0,1,1,1,2,18,2,2,0.0,0.0,0.0,0.0,0.0,3.0,13,2,12
22004,16,2,3,17,2,3,0,1,1,1,2,19,2,2,0.0,0.0,0.0,0.0,0.0,2.0,11,4,2
30359,16,2,3,17,8,3,0,1,0,1,2,36,2,2,0.0,0.0,0.0,0.0,0.0,2.0,8,7,3
31493,15,2,3,17,3,3,0,1,1,1,2,18,2,2,0.0,0.0,0.0,0.0,0.0,2.0,8,5,3
130465,16,2,3,17,6,3,0,1,1,1,2,18,2,2,0.0,0.0,0.0,0.0,0.0,2.0,18,1,9
70522,16,2,3,17,10,3,0,1,1,1,1,18,2,2,0.0,0.0,0.0,0.0,0.0,3.0,16,2,5
135091,16,2,3,17,6,3,0,1,1,1,1,18,2,2,0.0,0.0,0.0,0.0,0.0,5.0,14,1,9
87977,16,2,3,10,10,3,0,5,1,1,2,2,2,2,0.0,0.0,0.0,0.0,0.0,2.0,12,2,7
42715,16,2,3,17,6,3,0,1,0,1,2,36,2,4,1.0,0.0,0.0,0.0,1.0,1.0,11,2,4
44983,16,2,1,2,8,3,0,1,0,1,2,36,1,3,2.0,0.0,0.0,2.0,0.0,0.0,3,7,4
181872,16,10,1,10,8,3,4,1,1,1,1,39,2,2,0.0,0.0,0.0,0.0,0.0,2.0,3,1,12
33511,15,2,3,0,6,3,0,5,0,1,2,36,2,2,0.0,0.0,0.0,0.0,0.0,6.0,16,5,3
60662,16,7,3,8,8,3,0,1,1,1,0,19,2,2,0.0,0.0,0.0,0.0,0.0,2.0,16,6,5
157776,4,2,3,15,10,3,0,1,1,1,1,12,3,2,0.0,0.0,0.0,0.0,0.0,2.0,10,5,11
95617,15,2,3,0,8,3,5,5,0,1,2,18,2,3,1.0,0.0,0.0,1.0,0.0,2.0,11,2,7
131671,4,2,3,10,16,3,0,1,1,1,2,19,2,2,0.0,0.0,0.0,0.0,0.0,2.0,13,4,9
115940,15,2,2,17,6,3,0,1,0,1,2,18,2,3,1.0,0.0,0.0,1.0,0.0,1.0,4,3,8
116446,16,3,1,17,8,3,6,1,1,1,2,18,2,2,0.0,0.0,0.0,0.0,0.0,2.0,20,3,8
152417,16,7,1,17,11,3,6,2,0,1,1,36,2,2,0.0,0.0,0.0,0.0,0.0,2.0,20,7,10
36277,16,3,3,17,8,3,0,1,0,1,1,13,2,2,0.0,0.0,0.0,0.0,0.0,2.0,10,7,3
172848,16,2,1,10,8,3,0,1,1,1,2,6,2,2,0.0,0.0,0.0,0.0,0.0,2.0,17,1,12
99702,16,2,3,17,8,3,0,1,1,1,0,24,2,2,0.0,0.0,0.0,0.0,0.0,2.0,11,3,7
111979,16,2,1,2,3,3,0,1,0,1,2,36,1,3,1.0,0.0,0.0,1.0,0.0,0.0,8,4,8
173411,4,2,3,7,8,3,0,1,1,1,2,24,2,2,0.0,0.0,0.0,0.0,0.0,1.0,8,3,12
64832,16,2,3,0,6,3,0,5,0,1,2,6,2,2,0.0,0.0,0.0,0.0,0.0,2.0,7,3,5
68311,16,2,3,9,8,3,0,1,0,1,2,6,2,0,1.0,1.0,0.0,0.0,0.0,5.0,13,2,5
50477,16,2,3,17,6,3,0,1,1,1,2,36,2,2,0.0,0.0,0.0,0.0,0.0,2.0,13,2,4
103466,15,2,3,10,8,3,0,1,1,1,1,19,2,2,0.0,0.0,0.0,0.0,0.0,3.0,12,2,7
15542,15,2,3,8,6,3,0,1,1,1,0,38,2,2,0.0,0.0,0.0,0.0,0.0,2.0,8,5,2
59899,16,7,3,17,8,3,6,1,0,1,2,24,2,2,0.0,0.0,0.0,0.0,0.0,2.0,9,2,5
68591,4,2,3,0,6,3,0,1,1,1,2,18,4,2,0.0,0.0,0.0,0.0,0.0,2.0,9,7,5
23898,16,2,3,0,6,3,0,1,1,1,2,17,2,2,0.0,0.0,0.0,0.0,0.0,2.0,8,1,2
177454,15,7,1,17,2,3,6,1,1,1,1,6,2,2,0.0,0.0,0.0,0.0,0.0,2.0,18,6,12
19897,16,10,1,17,6,3,6,1,0,1,1,18,2,2,0.0,0.0,0.0,0.0,0.0,2.0,19,5,2
73581,4,2,3,17,8,3,0,1,0,1,2,18,2,2,0.0,0.0,0.0,0.0,0.0,4.0,15,6,6
168160,16,7,3,10,3,3,0,5,1,1,2,19,2,2,0.0,0.0,0.0,0.0,0.0,2.0,10,4,11
28480,16,2,3,0,6,3,0,1,0,1,2,6,2,2,0.0,0.0,0.0,0.0,0.0,2.0,12,1,3
27788,16,2,1,17,3,3,0,1,0,1,2,18,2,3,1.0,0.0,0.0,1.0,0.0,7.0,11,5,2
58736,15,2,1,0,8,3,0,5,0,1,2,5,3,2,0.0,0.0,0.0,0.0,0.0,3.0,22,5,5
93939,4,2,3,7,10,3,0,1,1,1,2,11,3,2,0.0,0.0,0.0,0.0,0.0,1.0,8,6,7
56708,16,2,3,0,6,3,0,5,0,1,2,18,2,2,0.0,0.0,0.0,0.0,0.0,2.0,13,1,5
132619,16,7,3,10,8,3,6,1,1,1,1,36,2,2,0.0,0.0,0.0,0.0,0.0,2.0,14,1,9
152714,4,11,5,17,15,3,5,5,0,1,2,36,2,2,0.0,0.0,0.0,0.0,0.0,2.0,15,7,10
13155,17,2,3,17,1,3,6,5,1,1,0,22,2,2,0.0,0.0,0.0,0.0,0.0,2.0,15,5,1
60721,4,2,1,0,9,3,0,1,0,1,1,18,2,2,0.0,0.0,0.0,0.0,0.0,4.0,0,6,5
32271,15,2,3,0,6,3,0,1,1,1,1,18,2,2,0.0,0.0,0.0,0.0,0.0,2.0,11,4,3
185969,16,7,1,8,9,3,6,1,0,1,0,26,2,3,1.0,0.0,0.0,1.0,0.0,1.0,17,2,12
21566,16,2,1,0,6,3,0,1,0,1,2,6,2,2,0.0,0.0,0.0,0.0,0.0,2.0,3,4,2
86575,16,2,4,10,6,3,0,1,0,1,1,19,2,4,1.0,0.0,0.0,0.0,1.0,1.0,20,3,6
136442,15,2,1,0,6,3,0,1,0,1,2,18,2,2,0.0,0.0,0.0,0.0,0.0,2.0,19,7,9
143838,16,2,3,17,6,3,0,1,0,1,2,36,2,2,0.0,0.0,0.0,0.0,0.0,4.0,12,3,10
103220,16,2,3,17,8,3,0,1,0,1,2,18,2,2,0.0,0.0,0.0,0.0,0.0,3.0,16,7,7
21226,16,2,0,17,2,3,0,1,0,1,2,36,2,3,1.0,0.0,0.0,1.0,0.0,2.0,20,5,2
27695,16,2,1,17,8,3,0,1,0,1,2,18,2,4,3.0,0.0,0.0,0.0,3.0,0.0,18,4,2
36354,15,2,1,0,8,3,0,1,1,1,2,17,2,2,0.0,0.0,0.0,0.0,0.0,2.0,4,2,3
157881,15,2,3,17,2,3,0,1,0,1,2,18,2,3,1.0,0.0,0.0,1.0,0.0,3.0,15,7,11
87236,16,3,3,17,8,3,0,1,0,1,2,24,2,2,0.0,0.0,0.0,0.0,0.0,2.0,13,6,6
132210,16,2,3,15,15,3,6,1,1,1,2,36,2,2,0.0,0.0,0.0,0.0,0.0,2.0,10,3,9
183193,15,2,3,0,8,3,0,1,0,1,2,18,2,3,1.0,0.0,0.0,1.0,0.0,1.0,11,5,12
169826,15,11,3,17,8,3,0,5,0,1,2,24,2,2,0.0,0.0,0.0,0.0,0.0,2.0,9,3,11
122331,16,2,3,17,1,3,0,1,1,1,2,26,2,2,0.0,0.0,0.0,0.0,0.0,2.0,11,3,9
11188,16,10,1,17,8,3,6,1,0,1,2,18,2,2,0.0,0.0,0.0,0.0,0.0,2.0,7,5,1
114182,4,2,3,17,8,3,0,1,0,0,2,24,2,3,2.0,0.0,0.0,2.0,0.0,1.0,6,3,8
134191,16,2,3,8,8,3,0,1,0,1,0,18,2,3,1.0,0.0,0.0,1.0,0.0,1.0,18,2,9
2227,15,2,1,0,6,3,2,1,0,1,2,18,2,2,0.0,0.0,0.0,0.0,0.0,2.0,21,4,1
147367,16,2,3,15,8,3,0,1,0,1,2,30,2,3,1.0,0.0,0.0,1.0,0.0,1.0,15,5,10
43843,16,2,1,0,8,3,0,1,0,1,2,6,3,3,2.0,0.0,0.0,2.0,0.0,5.0,22,7,4
93122,16,2,3,17,8,3,0,1,1,1,2,36,2,2,0.0,0.0,0.0,0.0,0.0,2.0,10,5,7
177589,16,2,3,0,6,3,0,1,0,1,2,6,2,3,3.0,0.0,0.0,3.0,0.0,6.0,9,1,12
105344,4,2,3,10,8,3,0,1,1,0,1,19,2,2,0.0,0.0,0.0,0.0,0.0,2.0,16,3,8
186452,16,2,3,10,8,3,5,5,1,1,0,36,2,2,0.0,0.0,0.0,0.0,0.0,2.0,9,1,12
75531,16,2,3,2,8,3,0,3,1,1,0,36,1,2,0.0,0.0,0.0,0.0,0.0,2.0,19,5,6
80674,16,2,3,11,10,3,0,5,1,1,2,23,3,2,0.0,0.0,0.0,0.0,0.0,2.0,18,5,6
84805,4,2,2,17,8,3,0,5,1,1,2,23,2,2,0.0,0.0,0.0,0.0,0.0,2.0,18,3,6
72409,15,2,1,17,2,3,0,1,1,1,2,18,2,2,0.0,0.0,0.0,0.0,0.0,2.0,22,7,6
99412,16,2,3,0,6,3,0,1,1,1,2,6,2,2,0.0,0.0,0.0,0.0,0.0,2.0,16,5,7
166372,4,2,0,7,8,3,0,1,1,0,2,17,2,2,0.0,0.0,0.0,0.0,0.0,1.0,19,1,11
104848,16,2,1,15,10,3,0,1,0,0,2,17,3,3,1.0,0.0,0.0,1.0,0.0,2.0,21,2,8
77273,16,2,1,17,6,3,0,1,0,1,2,3,2,3,2.0,0.0,0.0,2.0,0.0,1.0,0,3,6
153351,16,7,3,17,8,3,6,1,1,1,1,18,2,2,0.0,0.0,0.0,0.0,0.0,3.0,15,4,10
100327,15,2,3,9,6,3,0,1,0,1,0,26,2,3,1.0,0.0,0.0,1.0,0.0,2.0,13,5,7
27327,4,2,3,10,8,3,0,1,1,1,1,36,2,2,0.0,0.0,0.0,0.0,0.0,2.0,14,5,2
137222,4,2,3,17,15,3,0,1,1,1,2,21,2,2,0.0,0.0,0.0,0.0,0.0,2.0,9,2,9
130337,16,2,1,10,6,3,0,1,1,1,1,36,2,2,0.0,0.0,0.0,0.0,0.0,2.0,20,6,9
72164,16,2,3,17,6,3,0,1,0,1,2,24,2,2,0.0,0.0,0.0,0.0,0.0,3.0,16,5,6
36090,15,2,3,8,15,3,0,1,0,1,2,18,2,3,1.0,0.0,0.0,1.0,0.0,1.0,7,5,3
112829,4,2,3,10,8,3,0,1,1,0,2,17,3,2,0.0,0.0,0.0,0.0,0.0,3.0,18,4,8
174705,16,2,1,10,8,3,0,1,0,1,2,19,2,1,1.0,0.0,1.0,0.0,0.0,1.0,17,2,12
85481,16,2,3,0,6,3,6,1,1,1,1,13,2,2,0.0,0.0,0.0,0.0,0.0,4.0,14,7,6
149211,15,2,3,17,2,3,0,1,0,1,2,18,2,2,0.0,0.0,0.0,0.0,0.0,5.0,8,7,10
186096,15,2,3,0,2,3,0,1,0,1,0,18,2,2,0.0,0.0,0.0,0.0,0.0,2.0,7,3,12
154083,16,2,1,15,2,3,0,1,0,1,2,23,2,2,0.0,0.0,0.0,0.0,0.0,2.0,23,3,10
123109,16,2,3,17,15,3,0,1,1,1,1,22,2,2,0.0,0.0,0.0,0.0,0.0,2.0,11,1,9
23437,16,2,3,15,8,3,0,1,1,0,2,23,2,2,0.0,0.0,0.0,0.0,0.0,2.0,17,1,2
164593,16,10,3,10,6,3,6,1,0,1,1,39,3,4,1.0,0.0,0.0,0.0,1.0,2.0,9,4,11
63341,16,7,1,2,8,3,6,1,1,1,1,36,1,2,0.0,0.0,0.0,0.0,0.0,1.0,0,6,5
85975,4,2,1,10,3,3,0,1,0,1,2,36,3,2,0.0,0.0,0.0,0.0,0.0,2.0,3,1,6
133993,16,11,1,0,6,3,6,1,0,1,2,6,3,2,0.0,0.0,0.0,0.0,0.0,4.0,23,7,9
167434,16,2,3,17,8,3,0,1,0,1,2,17,2,2,0.0,0.0,0.0,0.0,0.0,2.0,15,3,11
139450,16,2,4,17,8,3,0,1,0,1,2,36,2,2,0.0,0.0,0.0,0.0,0.0,2.0,20,5,10
161022,4,2,3,7,10,3,0,1,1,1,2,36,3,2,0.0,0.0,0.0,0.0,0.0,1.0,9,1,11
154445,16,2,3,0,8,3,0,1,0,1,2,16,3,2,0.0,0.0,0.0,0.0,0.0,5.0,13,1,10
35554,15,2,3,15,6,3,0,1,1,1,2,28,2,2,0.0,0.0,0.0,0.0,0.0,2.0,16,3,3
87203,16,2,1,10,8,3,0,1,1,1,2,36,2,2,0.0,0.0,0.0,0.0,0.0,2.0,21,7,6
97220,15,2,3,11,2,3,0,1,1,1,0,21,2,2,0.0,0.0,0.0,0.0,0.0,2.0,14,6,7
57414,16,2,3,10,6,3,0,2,0,1,2,23,2,4,1.0,0.0,0.0,0.0,1.0,1.0,18,6,5
108857,16,2,3,17,6,3,0,1,1,1,2,24,2,2,0.0,0.0,0.0,0.0,0.0,2.0,13,7,8
5604,4,2,1,14,8,3,0,1,1,0,1,22,2,2,0.0,0.0,0.0,0.0,0.0,2.0,18,7,1
90475,4,2,3,10,2,3,0,1,0,1,1,19,2,4,1.0,0.0,0.0,0.0,1.0,2.0,18,6,7
53046,16,2,3,17,3,3,0,1,1,1,2,18,2,2,0.0,0.0,0.0,0.0,0.0,2.0,7,4,4
134006,16,2,3,15,8,3,5,5,1,1,1,36,2,2,0.0,0.0,0.0,0.0,0.0,7.0,13,1,9
14840,16,10,1,17,8,3,6,1,0,1,2,22,2,4,1.0,0.0,0.0,0.0,1.0,4.0,23,6,1
177969,16,7,1,10,8,3,6,1,0,1,2,39,3,2,0.0,0.0,0.0,0.0,0.0,3.0,18,6,12
143238,15,2,1,0,6,3,0,1,0,1,2,5,3,2,0.0,0.0,0.0,0.0,0.0,2.0,20,3,10
152731,4,2,1,10,8,3,0,1,1,0,2,19,2,2,0.0,0.0,0.0,0.0,0.0,2.0,18,7,10
120636,15,2,3,17,2,3,6,1,0,1,2,18,2,2,0.0,0.0,0.0,0.0,0.0,2.0,10,7,9
24686,15,4,3,0,8,3,6,1,1,1,1,36,2,2,0.0,0.0,0.0,0.0,0.0,2.0,9,2,2
79954,15,7,0,0,8,3,6,2,0,1,2,5,2,3,1.0,0.0,0.0,1.0,0.0,1.0,4,7,6
18548,15,6,3,10,10,3,1,1,0,1,1,39,2,4,1.0,0.0,0.0,0.0,1.0,1.0,8,2,2
148341,16,2,1,0,8,3,0,1,0,1,2,28,5,3,1.0,0.0,0.0,1.0,0.0,1.0,18,3,10
185365,4,2,3,8,6,3,0,1,1,1,0,18,2,2,0.0,0.0,0.0,0.0,0.0,2.0,15,3,12
79462,16,2,3,15,8,3,6,1,1,1,0,23,2,2,0.0,0.0,0.0,0.0,0.0,2.0,14,7,6
37752,16,2,3,10,2,3,0,5,1,1,1,36,2,2,0.0,0.0,0.0,0.0,0.0,2.0,16,7,3
105852,15,2,0,9,8,3,0,1,1,1,2,26,5,2,0.0,0.0,0.0,0.0,0.0,5.0,20,3,8
125306,16,2,1,17,8,3,0,1,1,1,2,23,2,2,0.0,0.0,0.0,0.0,0.0,3.0,21,6,9
58574,16,2,3,0,6,3,0,1,1,1,2,6,2,2,0.0,0.0,0.0,0.0,0.0,2.0,14,2,5
154303,4,2,5,0,8,3,0,1,0,1,2,36,2,2,0.0,0.0,0.0,0.0,0.0,2.0,0,7,10
42700,16,7,1,17,8,3,6,1,0,1,2,18,2,2,0.0,0.0,0.0,0.0,0.0,2.0,20,2,4
136109,15,7,3,0,6,4,4,1,1,1,2,39,2,2,0.0,0.0,0.0,0.0,0.0,2.0,8,7,9
156735,16,2,3,17,2,3,0,1,0,1,2,38,2,4,1.0,0.0,0.0,0.0,1.0,2.0,9,4,11
165828,16,7,3,17,6,3,6,1,0,1,2,6,4,1,2.0,0.0,1.0,0.0,1.0,4.0,13,2,11
79321,16,2,3,17,2,3,0,1,1,1,1,22,2,2,0.0,0.0,0.0,0.0,0.0,2.0,14,4,6
174621,16,11,3,10,18,3,5,5,1,1,1,26,2,2,0.0,0.0,0.0,0.0,0.0,2.0,15,1,12
154061,16,7,3,17,2,3,6,1,0,1,2,24,2,2,0.0,0.0,0.0,0.0,0.0,2.0,7,3,10
13985,16,2,0,10,6,3,0,1,1,1,2,19,2,2,0.0,0.0,0.0,0.0,0.0,2.0,20,6,1
19466,16,10,3,0,6,3,4,1,1,1,2,6,2,2,0.0,0.0,0.0,0.0,0.0,2.0,12,4,2
174241,15,2,3,0,6,3,0,1,1,1,2,18,2,2,0.0,0.0,0.0,0.0,0.0,2.0,6,4,12
94695,16,2,3,10,8,3,0,1,1,1,2,36,2,2,0.0,0.0,0.0,0.0,0.0,3.0,11,1,7
49719,16,2,3,17,8,4,0,1,0,1,1,18,2,3,1.0,0.0,0.0,1.0,0.0,1.0,16,2,4
62384,16,2,3,17,3,3,0,1,1,1,2,24,2,2,0.0,0.0,0.0,0.0,0.0,2.0,17,6,5
33833,4,10,3,17,8,3,4,1,1,1,1,18,2,2,0.0,0.0,0.0,0.0,0.0,3.0,16,2,3
167628,16,2,3,17,8,3,0,4,0,1,2,18,2,4,1.0,0.0,0.0,0.0,1.0,3.0,8,3,11
90416,16,11,3,10,2,3,5,1,1,1,2,17,2,2,0.0,0.0,0.0,0.0,0.0,2.0,18,5,7
91416,16,2,3,8,11,3,0,1,0,1,0,36,2,3,1.0,0.0,0.0,1.0,0.0,1.0,8,6,7
69734,16,2,3,15,1,3,0,1,1,1,2,36,2,2,0.0,0.0,0.0,0.0,0.0,4.0,10,2,5
96023,17,2,3,10,6,3,0,1,1,1,2,19,2,2,0.0,0.0,0.0,0.0,0.0,4.0,12,3,7
145402,15,2,3,9,2,3,0,5,0,1,0,17,2,0,1.0,1.0,0.0,0.0,0.0,1.0,12,2,10
137260,15,2,1,13,6,3,0,1,0,1,2,18,2,2,0.0,0.0,0.0,0.0,0.0,2.0,19,4,9
184417,15,2,1,0,9,3,0,1,0,1,2,18,2,2,0.0,0.0,0.0,0.0,0.0,2.0,18,3,12
172713,16,2,3,0,6,3,0,1,0,1,2,6,3,4,1.0,0.0,0.0,0.0,1.0,4.0,12,1,12
121762,16,2,3,17,8,3,0,1,1,1,1,36,2,2,0.0,0.0,0.0,0.0,0.0,3.0,15,3,9
31254,15,10,2,17,6,3,6,5,1,1,1,36,2,2,0.0,0.0,0.0,0.0,0.0,2.0,6,2,3
179781,16,2,2,17,2,3,0,1,0,1,2,17,2,1,1.0,0.0,1.0,0.0,0.0,1.0,15,3,12
77557,16,2,3,10,6,3,0,1,0,1,2,19,2,3,3.0,0.0,0.0,3.0,0.0,1.0,17,3,6
144895,16,7,3,10,2,3,6,3,1,1,0,36,2,2,0.0,0.0,0.0,0.0,0.0,3.0,14,4,10
20842,16,10,3,17,3,3,6,1,1,1,2,18,2,2,0.0,0.0,0.0,0.0,0.0,3.0,14,7,2
153766,4,2,3,10,8,3,0,1,1,1,2,36,2,2,0.0,0.0,0.0,0.0,0.0,2.0,14,7,10
140775,16,2,3,17,8,3,0,1,1,1,2,6,2,2,0.0,0.0,0.0,0.0,0.0,3.0,12,4,10
54439,16,2,3,17,8,3,0,1,1,1,2,28,2,2,0.0,0.0,0.0,0.0,0.0,5.0,11,5,4
67158,4,2,3,10,2,3,0,1,1,1,2,19,3,2,0.0,0.0,0.0,0.0,0.0,3.0,19,4,5
44540,16,2,3,15,8,3,0,1,0,1,2,13,4,2,0.0,0.0,0.0,0.0,0.0,5.0,14,6,4
162099,16,2,3,15,8,3,0,1,1,1,2,12,2,2,0.0,0.0,0.0,0.0,0.0,2.0,14,5,11
7297,4,2,1,17,10,4,0,5,1,1,2,23,2,2,0.0,0.0,0.0,0.0,0.0,2.0,20,6,1
16620,16,10,3,10,8,3,4,1,0,1,2,36,3,4,1.0,0.0,0.0,0.0,1.0,2.0,15,5,2
20229,16,9,4,9,8,3,6,1,0,1,2,18,2,1,1.0,0.0,1.0,0.0,0.0,1.0,17,3,2
42509,16,2,3,17,15,3,0,1,1,1,2,24,2,2,0.0,0.0,0.0,0.0,0.0,2.0,10,5,4
87373,4,2,3,17,2,3,0,1,0,1,2,24,2,3,2.0,0.0,0.0,2.0,0.0,1.0,13,1,6
164687,4,2,1,17,15,3,0,1,1,1,2,18,2,2,0.0,0.0,0.0,0.0,0.0,5.0,19,7,11
48613,4,7,1,17,2,3,6,1,1,1,2,24,2,2,0.0,0.0,0.0,0.0,0.0,3.0,3,1,4
23348,16,2,3,17,8,3,4,1,1,1,2,36,2,2,0.0,0.0,0.0,0.0,0.0,2.0,10,6,2
96141,15,2,3,10,8,3,0,1,0,1,1,8,2,3,2.0,0.0,0.0,1.0,1.0,6.0,11,3,7
30513,16,2,3,10,8,3,0,1,1,1,2,36,3,2,0.0,0.0,0.0,0.0,0.0,3.0,10,1,3
23268,16,10,0,17,8,3,6,1,0,1,1,18,2,4,2.0,0.0,0.0,0.0,2.0,1.0,19,5,2
115662,16,2,3,10,2,3,0,5,1,1,0,36,2,2,0.0,0.0,0.0,0.0,0.0,3.0,14,5,8
186272,15,2,3,0,6,3,0,1,0,1,2,36,2,2,0.0,0.0,0.0,0.0,0.0,5.0,12,7,12
46381,16,2,3,10,10,3,6,1,1,1,1,19,2,2,0.0,0.0,0.0,0.0,0.0,20.0,14,4,4
122343,16,2,3,10,8,3,0,1,1,1,1,36,2,2,0.0,0.0,0.0,0.0,0.0,3.0,12,3,9
100534,16,2,1,0,6,3,0,1,0,1,2,8,2,2,0.0,0.0,0.0,0.0,0.0,4.0,0,1,7
109941,15,2,3,0,11,2,0,1,0,1,2,5,2,3,5.0,0.0,0.0,5.0,0.0,3.0,11,1,8
1970,15,3,2,0,2,3,0,1,1,1,2,36,2,2,0.0,0.0,0.0,0.0,0.0,2.0,6,5,1
9867,16,2,3,0,11,3,0,1,1,1,1,12,2,2,0.0,0.0,0.0,0.0,0.0,2.0,7,5,1
48714,16,2,3,10,6,3,0,1,0,1,2,12,2,2,0.0,0.0,0.0,0.0,0.0,2.0,18,4,4
155321,16,5,3,9,6,3,6,1,0,1,0,36,2,3,1.0,0.0,0.0,1.0,0.0,1.0,8,5,10
94949,16,7,1,11,6,3,6,1,0,1,2,6,3,4,2.0,0.0,0.0,0.0,2.0,3.0,2,1,7
168844,16,7,0,15,8,3,6,1,1,1,2,36,2,2,0.0,0.0,0.0,0.0,0.0,2.0,18,3,11
125704,4,7,3,10,11,3,6,1,1,1,2,36,2,2,0.0,0.0,0.0,0.0,0.0,2.0,17,5,9
97289,16,2,3,10,2,3,0,5,0,1,2,36,2,4,1.0,0.0,0.0,0.0,1.0,2.0,11,6,7
187840,16,2,1,17,2,3,0,1,1,1,2,36,2,2,0.0,0.0,0.0,0.0,0.0,3.0,20,4,12
79907,16,2,3,17,8,3,0,1,1,1,0,15,2,2,0.0,0.0,0.0,0.0,0.0,2.0,16,6,6
131263,16,2,3,0,2,3,0,1,0,1,2,6,2,3,1.0,0.0,0.0,1.0,0.0,1.0,8,3,9
38691,4,2,3,0,8,3,0,1,0,1,2,17,2,2,0.0,0.0,0.0,0.0,0.0,4.0,12,3,3
106472,16,2,3,10,6,3,0,1,1,1,1,19,2,2,0.0,0.0,0.0,0.0,0.0,3.0,14,6,8
15393,15,2,3,0,6,3,6,1,1,1,2,18,2,2,0.0,0.0,0.0,0.0,0.0,2.0,8,3,2
147224,15,2,3,0,15,3,0,1,1,1,1,38,2,2,0.0,0.0,0.0,0.0,0.0,2.0,13,2,10
98296,16,2,0,17,8,3,6,1,1,1,2,36,2,2,0.0,0.0,0.0,0.0,0.0,6.0,23,7,7
95709,15,2,3,17,2,3,0,1,1,1,2,18,2,2,0.0,0.0,0.0,0.0,0.0,2.0,16,5,7
61698,4,2,3,17,8,3,0,1,0,1,2,18,2,2,0.0,0.0,0.0,0.0,0.0,6.0,15,1,5
169812,15,2,3,0,6,3,0,1,1,1,2,18,2,2,0.0,0.0,0.0,0.0,0.0,2.0,7,3,11
153148,17,2,3,15,2,3,0,5,1,1,2,23,2,2,0.0,0.0,0.0,0.0,0.0,2.0,14,5,10