crash_date,               traffic_control_device,weather_condition,lighting_condition,first_crash_type,trafficway_type,alignment,roadway_surface_cond,road_defect,crash_type,intersection_related_i,damage,prim_contributory_cause,num_units,most_severe_injury,injuries_total,injuries_fatal,injuries_incapacitating,injuries_non_incapacitating,injuries_reported_not_evident,injuries_no_indication,crash_hour,crash_day_of_week,crash_month
61067,16,2,3,10,2,3,0,1,1,1,1,19,2,2,0.0,0.0,0.0,0.0,0.0,2.0,7,5,5
17592,15,2,3,8,19,3,4,1,0,1,0,38,2,3,1.0,0.0,0.0,1.0,0.0,1.0,8,7,2
137774,15,2,4,0,6,3,0,1,0,1,2,18,2,2,0.0,0.0,0.0,0.0,0.0,2.0,18,3,10
187298,15,10,3,0,2,3,6,5,1,1,2,18,2,2,0.0,0.0,0.0,0.0,0.0,2.0,15,3,12
33069,16,2,4,10,6,3,0,1,0,1,2,17,4,3,1.0,0.0,0.0,1.0,0.0,4.0,18,4,3
150569,16,2,3,0,2,3,0,1,0,1,2,5,2,3,1.0,0.0,0.0,1.0,0.0,1.0,9,4,10
107454,16,2,1,17,3,3,0,1,0,1,2,18,2,2,0.0,0.0,0.0,0.0,0.0,2.0,0,6,8
159440,16,2,1,3,6,3,0,1,1,1,2,36,2,2,0.0,0.0,0.0,0.0,0.0,2.0,0,7,11
159891,16,2,1,15,10,3,0,5,1,1,2,36,2,2,0.0,0.0,0.0,0.0,0.0,2.0,18,6,11
185158,16,2,3,15,6,3,0,1,1,1,2,36,2,2,0.0,0.0,0.0,0.0,0.0,2.0,16,2,12
24856,16,2,3,10,2,3,0,1,1,0,2,36,2,2,0.0,0.0,0.0,0.0,0.0,2.0,16,5,2
112452,4,2,3,17,2,3,0,1,0,0,1,19,2,3,1.0,0.0,0.0,1.0,0.0,1.0,14,4,8
32629,16,2,3,0,6,3,0,1,0,1,2,18,2,2,0.0,0.0,0.0,0.0,0.0,2.0,17,3,3
129316,16,2,3,17,6,3,0,1,1,1,2,18,2,2,0.0,0.0,0.0,0.0,0.0,2.0,8,6,9
158268,16,2,1,10,5,3,0,1,1,1,0,36,2,2,0.0,0.0,0.0,0.0,0.0,2.0,0,3,11
105099,16,2,3,10,2,3,0,1,1,1,1,19,2,2,0.0,0.0,0.0,0.0,0.0,2.0,19,5,8
61198,16,3,3,17,2,3,6,1,0,1,2,17,3,2,0.0,0.0,0.0,0.0,0.0,7.0,17,7,5
54250,16,2,3,17,6,3,0,1,0,1,2,36,2,2,0.0,0.0,0.0,0.0,0.0,2.0,14,3,4
26649,16,2,1,0,8,3,0,1,1,1,2,18,2,2,0.0,0.0,0.0,0.0,0.0,2.0,21,1,2
30665,16,2,3,15,3,3,0,1,0,1,2,24,2,3,1.0,0.0,0.0,1.0,0.0,1.0,11,4,3
73777,16,2,1,17,5,4,0,1,0,1,2,18,2,2,0.0,0.0,0.0,0.0,0.0,2.0,22,1,6
33551,15,2,3,0,6,3,0,1,0,1,2,18,2,2,0.0,0.0,0.0,0.0,0.0,3.0,10,5,3
118204,16,7,1,17,6,3,0,1,0,1,2,24,2,3,1.0,0.0,0.0,1.0,0.0,2.0,19,3,8
22981,4,2,1,15,8,3,0,1,0,1,2,36,2,2,0.0,0.0,0.0,0.0,0.0,2.0,5,7,2
28733,16,2,3,17,8,3,0,5,1,1,2,36,2,2,0.0,0.0,0.0,0.0,0.0,2.0,15,6,3
133831,16,2,1,11,8,3,0,1,1,1,2,21,2,2,0.0,0.0,0.0,0.0,0.0,2.0,20,5,9
145002,16,2,3,15,10,3,0,1,1,1,2,22,2,2,0.0,0.0,0.0,0.0,0.0,2.0,6,5,10
74066,16,2,3,17,6,3,0,1,0,1,1,36,2,2,0.0,0.0,0.0,0.0,0.0,3.0,12,4,6
72117,16,2,3,10,6,3,0,1,1,1,2,8,2,2,0.0,0.0,0.0,0.0,0.0,2.0,6,4,6
114468,15,2,3,7,6,3,0,5,1,1,2,21,2,2,0.0,0.0,0.0,0.0,0.0,1.0,9,1,8
174147,4,2,1,10,8,3,0,1,1,1,2,17,2,2,0.0,0.0,0.0,0.0,0.0,2.0,0,1,12
16612,16,10,3,10,8,3,4,1,1,1,2,39,2,2,0.0,0.0,0.0,0.0,0.0,2.0,14,5,2
2625,4,2,1,17,6,3,0,1,1,1,2,36,2,2,0.0,0.0,0.0,0.0,0.0,2.0,17,4,1
66491,16,2,3,0,6,3,0,1,0,1,2,6,2,3,1.0,0.0,0.0,1.0,0.0,1.0,6,3,5
109646,4,2,3,15,8,3,0,1,1,1,2,22,2,2,0.0,0.0,0.0,0.0,0.0,2.0,23,5,8
64188,16,7,3,10,2,3,6,1,0,1,0,19,2,4,4.0,0.0,0.0,0.0,4.0,1.0,13,6,5
80684,16,2,0,8,6,3,0,1,0,1,2,18,3,3,2.0,0.0,0.0,2.0,0.0,1.0,20,5,6
166785,16,11,1,9,2,3,5,5,0,1,0,18,2,1,1.0,0.0,1.0,0.0,0.0,1.0,23,7,11
168775,16,2,1,2,2,3,0,1,0,0,2,36,1,3,1.0,0.0,0.0,1.0,0.0,0.0,5,1,11
13914,16,2,1,17,5,3,0,1,1,1,0,6,2,2,0.0,0.0,0.0,0.0,0.0,4.0,4,4,1
70108,16,7,3,17,2,3,6,1,1,1,2,24,2,2,0.0,0.0,0.0,0.0,0.0,2.0,17,3,5
141236,16,2,3,17,8,3,0,1,1,1,1,36,2,2,0.0,0.0,0.0,0.0,0.0,3.0,7,2,10
113771,15,2,3,0,8,3,0,1,0,1,2,18,2,4,1.0,0.0,0.0,0.0,1.0,1.0,14,5,8
78555,15,2,3,0,2,3,0,2,1,0,2,36,2,2,0.0,0.0,0.0,0.0,0.0,2.0,8,2,6
57732,16,2,3,17,8,3,5,5,1,1,2,36,2,2,0.0,0.0,0.0,0.0,0.0,2.0,14,4,5
94722,15,2,3,0,6,3,0,1,1,1,1,5,2,2,0.0,0.0,0.0,0.0,0.0,3.0,16,3,7
8960,16,2,3,17,8,3,0,5,1,1,2,8,2,2,0.0,0.0,0.0,0.0,0.0,2.0,8,3,1
42528,16,2,3,17,2,3,0,1,1,1,2,36,2,2,0.0,0.0,0.0,0.0,0.0,2.0,15,6,4
10209,16,2,1,9,8,3,0,1,0,1,0,18,2,3,1.0,0.0,0.0,1.0,0.0,1.0,18,3,1
18047,15,2,3,0,8,3,0,1,0,1,2,5,2,2,0.0,0.0,0.0,0.0,0.0,2.0,12,6,2
154143,4,7,3,8,10,3,6,1,0,1,1,36,2,3,1.0,0.0,0.0,1.0,0.0,1.0,13,6,10
172435,16,3,3,15,6,3,6,1,1,1,1,28,2,2,0.0,0.0,0.0,0.0,0.0,2.0,13,4,12
162885,4,2,3,0,8,3,0,1,0,1,2,18,2,4,1.0,0.0,0.0,0.0,1.0,1.0,17,2,11
56104,15,2,3,0,8,3,0,1,0,1,2,18,2,4,1.0,0.0,0.0,0.0,1.0,1.0,11,3,5
63885,16,2,1,0,8,3,0,1,0,1,2,6,2,0,2.0,1.0,0.0,0.0,1.0,0.0,0,1,5
54733,15,2,4,0,10,3,0,1,0,1,2,18,2,3,1.0,0.0,0.0,1.0,0.0,1.0,17,3,4
136244,16,2,3,17,2,3,0,1,1,1,2,24,2,2,0.0,0.0,0.0,0.0,0.0,2.0,6,3,9
83312,16,2,1,10,15,3,0,1,1,1,0,17,4,2,0.0,0.0,0.0,0.0,0.0,5.0,22,7,6
90546,16,2,3,0,19,3,0,1,0,1,2,6,2,2,0.0,0.0,0.0,0.0,0.0,2.0,9,7,7
47513,16,3,1,17,15,3,0,1,0,1,2,6,2,3,3.0,0.0,0.0,3.0,0.0,3.0,2,6,4
177783,16,2,3,17,1,3,0,1,0,1,2,18,2,2,0.0,0.0,0.0,0.0,0.0,3.0,15,3,12
94368,4,2,3,9,8,3,0,1,1,1,0,18,2,2,0.0,0.0,0.0,0.0,0.0,3.0,9,4,7
11366,15,2,3,0,6,3,6,1,0,1,2,18,3,2,0.0,0.0,0.0,0.0,0.0,4.0,9,2,1
55557,16,2,3,0,8,3,0,5,0,1,2,17,2,4,1.0,0.0,0.0,0.0,1.0,2.0,14,2,4
20372,15,2,3,10,8,3,1,1,1,1,2,39,2,2,0.0,0.0,0.0,0.0,0.0,2.0,19,6,2
132559,16,2,2,15,10,3,0,1,1,1,0,24,2,2,0.0,0.0,0.0,0.0,0.0,2.0,19,7,9
134385,16,11,5,17,8,3,5,5,1,1,0,24,2,2,0.0,0.0,0.0,0.0,0.0,2.0,16,6,9
78926,16,2,0,17,11,3,6,5,1,1,2,4,2,2,0.0,0.0,0.0,0.0,0.0,3.0,21,6,6
41162,16,2,3,17,6,3,0,5,1,1,2,24,2,2,0.0,0.0,0.0,0.0,0.0,2.0,15,2,3
159507,16,2,3,7,6,3,0,1,1,1,0,36,2,2,0.0,0.0,0.0,0.0,0.0,1.0,13,2,11
162662,16,3,3,17,6,3,0,1,0,1,2,36,2,2,0.0,0.0,0.0,0.0,0.0,2.0,8,4,11
86855,16,2,1,0,10,3,0,1,0,1,2,6,2,3,4.0,0.0,0.0,4.0,0.0,0.0,4,7,6
37402,16,2,1,0,6,3,0,1,0,1,2,6,2,2,0.0,0.0,0.0,0.0,0.0,2.0,2,1,3
19937,16,2,4,17,2,3,0,1,1,1,2,24,2,2,0.0,0.0,0.0,0.0,0.0,2.0,16,6,2
62672,16,2,3,10,8,3,0,1,1,1,1,19,2,2,0.0,0.0,0.0,0.0,0.0,3.0,20,2,5
3119,16,2,3,15,6,3,0,1,1,1,2,22,2,2,0.0,0.0,0.0,0.0,0.0,2.0,9,3,1
6459,15,2,0,0,15,3,0,1,0,1,2,18,2,3,2.0,0.0,0.0,2.0,0.0,1.0,18,2,1
115303,4,2,3,17,10,3,0,1,1,1,1,23,2,2,0.0,0.0,0.0,0.0,0.0,2.0,16,7,8
15982,16,2,1,10,8,3,0,1,0,1,2,17,2,4,1.0,0.0,0.0,0.0,1.0,1.0,17,6,2
122843,16,2,2,15,11,3,0,1,1,1,1,23,2,2,0.0,0.0,0.0,0.0,0.0,6.0,6,4,9
147393,15,2,1,9,6,3,0,5,0,1,0,36,2,3,1.0,0.0,0.0,1.0,0.0,1.0,19,5,10
139543,15,2,3,10,2,3,0,1,1,1,1,19,2,2,0.0,0.0,0.0,0.0,0.0,3.0,15,1,10
81707,16,2,3,0,8,3,0,1,0,1,2,6,2,2,0.0,0.0,0.0,0.0,0.0,2.0,16,6,6
2562,15,2,3,0,16,3,0,1,0,1,2,18,2,3,1.0,0.0,0.0,1.0,0.0,2.0,16,2,1
79796,16,2,3,0,6,3,0,1,0,1,2,6,2,3,2.0,0.0,0.0,2.0,0.0,0.0,12,5,6
95850,16,3,3,17,6,3,0,1,1,1,2,23,2,2,0.0,0.0,0.0,0.0,0.0,2.0,16,7,7
39668,16,7,3,17,6,3,6,1,1,1,1,6,2,2,0.0,0.0,0.0,0.0,0.0,2.0,12,7,3
37972,15,2,1,0,6,3,0,6,1,1,1,18,2,2,0.0,0.0,0.0,0.0,0.0,2.0,21,5,3
71741,16,2,3,0,8,3,0,1,0,1,2,18,3,2,0.0,0.0,0.0,0.0,0.0,3.0,12,6,5
109310,16,2,3,15,8,3,0,1,1,1,1,36,2,2,0.0,0.0,0.0,0.0,0.0,2.0,13,7,8
41602,15,2,3,17,15,3,0,1,1,1,1,26,2,2,0.0,0.0,0.0,0.0,0.0,2.0,9,3,3
94453,16,2,3,15,8,3,0,1,1,1,2,23,2,2,0.0,0.0,0.0,0.0,0.0,2.0,15,7,7
113046,16,2,3,10,2,3,0,5,1,1,2,36,2,2,0.0,0.0,0.0,0.0,0.0,2.0,16,6,8
109461,4,2,3,10,2,3,0,1,0,1,2,36,2,2,0.0,0.0,0.0,0.0,0.0,2.0,15,3,8
4378,16,2,1,10,2,3,0,1,1,1,0,6,2,2,0.0,0.0,0.0,0.0,0.0,2.0,22,1,1
19654,15,2,1,0,6,3,0,1,0,1,2,5,2,4,2.0,0.0,0.0,0.0,2.0,0.0,0,7,2
78052,15,2,3,8,8,3,5,5,0,1,1,18,2,4,1.0,0.0,0.0,0.0,1.0,1.0,18,2,6
45972,16,2,3,10,8,3,0,1,1,1,1,19,4,2,0.0,0.0,0.0,0.0,0.0,7.0,8,3,4
155248,16,2,1,17,2,3,0,1,1,1,2,17,2,2,0.0,0.0,0.0,0.0,0.0,4.0,23,4,10
37164,16,2,3,15,2,2,0,1,1,1,2,22,2,2,0.0,0.0,0.0,0.0,0.0,2.0,17,2,3
100196,16,2,3,10,8,3,0,1,1,1,1,21,2,2,0.0,0.0,0.0,0.0,0.0,2.0,13,2,7
41110,16,2,3,9,8,3,0,1,0,1,0,18,2,3,1.0,0.0,0.0,1.0,0.0,1.0,8,6,3
160030,16,2,3,17,8,3,0,4,1,1,2,23,2,2,0.0,0.0,0.0,0.0,0.0,2.0,9,2,11
173975,16,2,3,17,6,3,0,5,0,1,2,18,3,4,2.0,0.0,0.0,0.0,2.0,1.0,15,6,12
99293,16,2,3,10,2,3,0,1,1,1,0,17,2,2,0.0,0.0,0.0,0.0,0.0,5.0,18,2,7
78445,16,2,3,17,6,3,0,1,1,0,0,22,2,2,0.0,0.0,0.0,0.0,0.0,2.0,11,7,6
59794,16,2,1,15,6,3,0,1,0,1,1,23,2,4,1.0,0.0,0.0,0.0,1.0,2.0,1,1,5
67677,16,2,3,10,2,3,0,3,0,1,2,34,2,3,1.0,0.0,0.0,1.0,0.0,5.0,18,5,5
172018,4,2,3,17,8,3,0,5,1,1,2,36,2,2,0.0,0.0,0.0,0.0,0.0,3.0,15,5,11
158352,17,2,2,17,8,3,0,1,0,0,2,36,2,1,1.0,0.0,1.0,0.0,0.0,2.0,17,6,11
18738,16,2,3,17,8,3,0,1,1,0,2,18,2,2,0.0,0.0,0.0,0.0,0.0,3.0,10,5,2
148456,17,11,5,0,15,3,5,5,1,1,2,36,2,2,0.0,0.0,0.0,0.0,0.0,2.0,16,5,10
228,16,2,1,15,10,3,0,1,1,1,2,23,2,2,0.0,0.0,0.0,0.0,0.0,3.0,0,4,1
132709,16,2,1,10,6,3,0,1,1,1,1,36,2,2,0.0,0.0,0.0,0.0,0.0,3.0,20,3,9
140534,15,7,1,17,2,3,6,1,1,1,2,18,2,2,0.0,0.0,0.0,0.0,0.0,2.0,23,6,10
97995,16,11,3,10,8,3,5,5,1,1,1,36,3,2,0.0,0.0,0.0,0.0,0.0,5.0,8,4,7
22346,15,7,3,17,2,3,6,1,1,1,2,18,2,2,0.0,0.0,0.0,0.0,0.0,3.0,15,4,2
161205,16,2,1,17,8,3,0,1,1,1,2,24,2,2,0.0,0.0,0.0,0.0,0.0,2.0,22,5,11
80208,15,2,3,17,8,3,0,1,1,1,1,36,2,2,0.0,0.0,0.0,0.0,0.0,2.0,16,5,6
133361,16,2,3,5,3,3,0,1,0,1,2,24,1,3,1.0,0.0,0.0,1.0,0.0,0.0,10,5,9
188966,15,5,3,17,6,3,6,1,0,1,2,18,2,3,1.0,0.0,0.0,1.0,0.0,1.0,13,1,12
58348,16,2,3,10,8,3,0,1,1,0,2,17,3,2,0.0,0.0,0.0,0.0,0.0,3.0,17,6,5
146642,4,2,4,15,3,3,0,1,0,1,1,22,2,4,2.0,0.0,0.0,0.0,2.0,1.0,15,7,10
118126,16,2,1,4,6,3,0,5,0,1,2,13,1,2,0.0,0.0,0.0,0.0,0.0,1.0,3,1,8
27909,16,2,1,10,6,3,0,1,0,1,2,37,2,3,1.0,0.0,0.0,1.0,0.0,1.0,0,1,2
132494,16,2,3,0,2,3,0,1,0,1,2,18,3,1,1.0,0.0,1.0,0.0,0.0,9.0,7,6,9
21070,17,11,5,0,17,3,5,5,0,1,2,36,2,3,1.0,0.0,0.0,1.0,0.0,2.0,12,1,2
162852,16,2,1,17,6,3,0,1,0,1,2,24,2,2,0.0,0.0,0.0,0.0,0.0,3.0,22,1,11
168629,4,2,1,15,8,3,0,1,1,1,2,23,2,2,0.0,0.0,0.0,0.0,0.0,3.0,23,3,11
13756,17,2,1,10,6,3,5,5,1,0,2,36,2,2,0.0,0.0,0.0,0.0,0.0,3.0,0,1,1
64148,16,2,3,0,8,3,0,1,0,1,2,6,2,2,0.0,0.0,0.0,0.0,0.0,2.0,6,5,5
24494,16,2,3,17,2,3,0,1,1,1,1,8,2,2,0.0,0.0,0.0,0.0,0.0,2.0,13,5,2
43210,16,7,3,17,8,3,6,1,1,1,2,12,2,2,0.0,0.0,0.0,0.0,0.0,2.0,16,3,4
157040,16,2,1,17,3,3,0,1,0,1,2,3,2,1,3.0,0.0,1.0,1.0,1.0,0.0,1,1,11
97096,16,2,3,10,2,3,0,1,0,1,1,34,2,3,6.0,0.0,0.0,1.0,5.0,1.0,14,3,7
95015,16,2,1,17,2,3,0,1,1,1,1,18,2,2,0.0,0.0,0.0,0.0,0.0,2.0,1,7,7
99109,16,2,3,15,6,3,0,1,1,1,2,22,3,2,0.0,0.0,0.0,0.0,0.0,4.0,16,7,7
141719,16,2,3,2,8,3,0,1,1,1,2,36,1,2,0.0,0.0,0.0,0.0,0.0,1.0,11,1,10
185991,16,7,1,0,8,3,6,5,0,1,1,36,2,3,3.0,0.0,0.0,3.0,0.0,1.0,23,2,12
45763,10,2,3,10,8,3,0,1,0,1,2,19,2,2,0.0,0.0,0.0,0.0,0.0,2.0,17,2,4
108855,17,11,3,10,6,3,5,5,1,1,1,19,2,2,0.0,0.0,0.0,0.0,0.0,2.0,13,7,8
149670,16,2,1,10,6,3,0,1,1,1,2,36,2,2,0.0,0.0,0.0,0.0,0.0,2.0,18,2,10
80770,16,2,1,0,8,3,0,1,1,1,2,18,2,2,0.0,0.0,0.0,0.0,0.0,2.0,23,6,6
58249,15,7,3,0,2,3,6,1,0,1,2,36,2,3,2.0,0.0,0.0,2.0,0.0,1.0,15,5,5
80015,16,2,3,10,8,3,0,1,1,1,2,19,2,2,0.0,0.0,0.0,0.0,0.0,2.0,14,1,6
28388,16,2,0,8,8,3,0,1,0,1,0,36,2,3,1.0,0.0,0.0,1.0,0.0,1.0,19,6,3
11111,16,2,1,17,3,3,6,1,1,1,0,24,2,2,0.0,0.0,0.0,0.0,0.0,2.0,18,4,1
4429,16,7,4,10,8,3,6,1,1,1,2,17,2,2,0.0,0.0,0.0,0.0,0.0,2.0,4,4,1
96881,15,2,3,17,6,3,0,1,0,1,2,5,2,2,0.0,0.0,0.0,0.0,0.0,2.0,10,1,7
20404,16,2,1,17,6,3,6,1,1,1,2,24,2,2,0.0,0.0,0.0,0.0,0.0,2.0,1,7,2
134964,16,2,1,17,1,3,5,5,0,1,2,36,2,4,3.0,0.0,0.0,0.0,3.0,0.0,5,5,9
66808,4,2,3,17,8,3,0,1,1,1,1,18,2,2,0.0,0.0,0.0,0.0,0.0,2.0,17,7,5
176061,16,2,3,17,8,3,0,1,1,1,0,26,2,2,0.0,0.0,0.0,0.0,0.0,2.0,11,6,12
39757,15,2,3,10,10,3,6,1,1,1,2,36,2,2,0.0,0.0,0.0,0.0,0.0,2.0,16,1,3
44524,16,3,3,10,2,3,0,1,1,1,2,19,2,2,0.0,0.0,0.0,0.0,0.0,2.0,8,5,4
83551,16,2,2,0,6,3,0,1,0,1,2,6,2,2,0.0,0.0,0.0,0.0,0.0,3.0,19,5,6
157982,16,3,3,10,6,3,6,1,1,1,2,19,2,2,0.0,0.0,0.0,0.0,0.0,2.0,8,2,11
143659,4,2,1,0,8,3,0,1,0,1,2,18,2,2,0.0,0.0,0.0,0.0,0.0,2.0,19,1,10
171796,16,3,3,10,2,3,6,1,0,1,2,36,2,2,0.0,0.0,0.0,0.0,0.0,2.0,7,7,11
10123,15,2,3,10,1,3,6,5,1,1,2,36,2,2,0.0,0.0,0.0,0.0,0.0,2.0,14,2,1
94791,15,3,4,8,6,3,0,1,0,1,2,18,2,0,1.0,1.0,0.0,0.0,0.0,1.0,20,4,7
152458,16,7,1,6,2,3,6,1,0,0,2,23,2,2,0.0,0.0,0.0,0.0,0.0,3.0,1,2,10
34976,16,2,3,15,8,3,6,1,1,1,1,22,2,2,0.0,0.0,0.0,0.0,0.0,4.0,8,6,3
129206,15,2,3,17,15,3,0,5,1,1,2,26,2,2,0.0,0.0,0.0,0.0,0.0,2.0,14,5,9
22159,16,2,0,17,8,3,0,1,1,1,0,36,2,2,0.0,0.0,0.0,0.0,0.0,2.0,20,6,2
125471,16,2,3,8,8,3,0,1,0,1,2,6,2,1,1.0,0.0,1.0,0.0,0.0,1.0,17,7,9
99342,15,2,3,9,10,3,0,5,0,1,1,9,2,3,1.0,0.0,0.0,1.0,0.0,1.0,16,3,7
5297,16,2,3,17,10,3,0,1,1,1,1,23,2,2,0.0,0.0,0.0,0.0,0.0,3.0,13,5,1
66483,16,2,3,8,6,3,0,1,0,1,1,36,2,4,1.0,0.0,0.0,0.0,1.0,1.0,16,3,5
80860,16,2,0,15,6,3,0,5,1,1,2,17,2,2,0.0,0.0,0.0,0.0,0.0,2.0,1,2,6
96987,15,2,3,17,6,3,0,1,0,1,2,23,2,2,0.0,0.0,0.0,0.0,0.0,3.0,17,3,7
88047,16,2,3,15,3,3,0,1,1,1,1,23,2,2,0.0,0.0,0.0,0.0,0.0,3.0,15,5,7
134772,15,2,3,0,8,3,0,1,0,1,2,18,2,4,1.0,0.0,0.0,0.0,1.0,2.0,14,7,9
151407,16,2,3,17,6,3,0,1,1,1,2,23,2,2,0.0,0.0,0.0,0.0,0.0,2.0,6,3,10
1939,16,2,3,15,8,3,0,1,1,1,1,23,2,2,0.0,0.0,0.0,0.0,0.0,3.0,15,3,1
115302,15,2,3,0,15,3,0,1,0,1,2,26,2,3,1.0,0.0,0.0,1.0,0.0,2.0,16,7,8
48442,18,2,3,17,8,3,0,1,1,1,1,19,2,2,0.0,0.0,0.0,0.0,0.0,2.0,10,6,4
133775,16,2,3,0,6,3,0,1,0,1,2,18,2,2,0.0,0.0,0.0,0.0,0.0,2.0,10,3,9
42610,4,11,5,7,10,3,5,5,0,1,2,36,2,2,0.0,0.0,0.0,0.0,0.0,1.0,16,7,4
28794,16,2,3,17,8,3,0,1,1,1,1,36,2,2,0.0,0.0,0.0,0.0,0.0,2.0,12,6,3
95677,15,2,1,17,6,3,0,1,0,1,2,18,2,3,1.0,0.0,0.0,1.0,0.0,1.0,22,3,7
156550,17,2,1,17,6,3,0,1,1,1,2,36,2,2,0.0,0.0,0.0,0.0,0.0,2.0,0,7,11
2694,15,2,1,10,8,3,0,1,1,1,2,17,2,2,0.0,0.0,0.0,0.0,0.0,2.0,17,5,1
2206,4,3,3,0,8,3,0,1,0,1,2,36,2,4,1.0,0.0,0.0,0.0,1.0,1.0,15,4,1
19073,16,2,1,17,6,3,6,1,1,1,2,24,2,2,0.0,0.0,0.0,0.0,0.0,7.0,22,4,2
124289,15,2,3,0,2,3,0,1,0,1,2,18,2,2,0.0,0.0,0.0,0.0,0.0,2.0,12,5,9
148790,16,2,1,17,15,3,0,1,1,1,1,24,2,2,0.0,0.0,0.0,0.0,0.0,2.0,4,1,10
83311,16,2,1,17,2,3,0,1,1,1,2,35,2,2,0.0,0.0,0.0,0.0,0.0,4.0,22,7,6
131857,15,2,3,10,2,3,0,1,0,1,2,19,2,2,0.0,0.0,0.0,0.0,0.0,2.0,15,5,9
171485,15,11,5,0,6,3,5,5,1,1,2,36,2,2,0.0,0.0,0.0,0.0,0.0,2.0,17,4,11
171966,16,2,1,7,8,3,0,1,1,1,1,17,2,2,0.0,0.0,0.0,0.0,0.0,2.0,17,4,11
45218,4,2,1,17,2,3,0,1,1,1,1,24,2,2,0.0,0.0,0.0,0.0,0.0,2.0,21,5,4
116126,4,2,1,17,6,3,0,1,1,1,2,36,2,2,0.0,0.0,0.0,0.0,0.0,2.0,23,6,8
181426,16,2,3,10,10,3,0,1,1,1,0,19,2,2,0.0,0.0,0.0,0.0,0.0,3.0,12,2,12
172984,15,2,3,0,8,3,0,1,1,1,2,36,2,2,0.0,0.0,0.0,0.0,0.0,2.0,10,4,12
150073,16,2,2,10,2,3,0,5,0,1,2,36,2,4,1.0,0.0,0.0,0.0,1.0,1.0,18,6,10
188230,16,2,3,10,2,3,0,1,1,1,2,36,2,2,0.0,0.0,0.0,0.0,0.0,2.0,15,2,12
137601,16,2,1,8,2,3,0,1,0,1,2,18,2,3,1.0,0.0,0.0,1.0,0.0,1.0,20,5,10
140927,16,2,1,14,6,3,0,1,1,1,2,36,2,2,0.0,0.0,0.0,0.0,0.0,2.0,21,6,10
150829,16,2,3,0,15,3,0,5,0,1,1,36,2,1,3.0,0.0,1.0,1.0,1.0,2.0,7,2,10
21231,15,2,3,0,2,3,6,1,0,1,2,36,2,2,0.0,0.0,0.0,0.0,0.0,2.0,8,5,2
134242,15,2,1,7,8,3,0,1,0,1,2,17,3,2,0.0,0.0,0.0,0.0,0.0,1.0,3,3,9
182109,4,2,3,17,8,3,0,1,1,1,2,36,2,2,0.0,0.0,0.0,0.0,0.0,2.0,12,4,12
101320,4,2,3,15,2,3,0,1,1,1,2,22,2,2,0.0,0.0,0.0,0.0,0.0,5.0,15,6,7
64899,16,7,3,17,8,3,6,1,1,1,2,18,2,2,0.0,0.0,0.0,0.0,0.0,2.0,9,4,5
86711,16,7,3,0,6,3,6,1,0,1,2,18,2,2,0.0,0.0,0.0,0.0,0.0,3.0,11,6,6
56815,16,2,3,15,2,3,0,1,1,1,0,26,2,2,0.0,0.0,0.0,0.0,0.0,2.0,8,2,5
28823,16,2,3,15,11,4,0,1,0,1,2,12,3,4,1.0,0.0,0.0,0.0,1.0,5.0,17,7,3
20695,16,9,2,0,2,4,6,1,0,1,2,39,3,2,0.0,0.0,0.0,0.0,0.0,3.0,6,4,2
177241,16,11,5,17,10,4,5,1,1,1,2,36,2,2,0.0,0.0,0.0,0.0,0.0,2.0,17,2,12
65843,16,2,1,15,6,3,0,1,1,1,1,23,2,2,0.0,0.0,0.0,0.0,0.0,3.0,22,5,5
2890,16,5,4,0,8,3,6,1,0,1,2,3,2,4,1.0,0.0,0.0,0.0,1.0,1.0,5,2,1
136209,15,7,1,17,8,3,6,1,1,1,2,36,3,2,0.0,0.0,0.0,0.0,0.0,4.0,0,2,9
123351,15,2,1,0,2,3,0,1,0,1,2,5,2,3,1.0,0.0,0.0,1.0,0.0,5.0,21,4,9
113177,16,2,3,14,3,3,0,1,1,1,2,21,2,2,0.0,0.0,0.0,0.0,0.0,2.0,15,1,8
53704,16,2,3,17,10,3,0,1,1,1,1,24,2,2,0.0,0.0,0.0,0.0,0.0,2.0,11,1,4
49889,4,7,4,17,2,3,6,1,0,1,2,24,2,2,0.0,0.0,0.0,0.0,0.0,3.0,16,4,4
118245,15,2,3,17,6,3,0,1,1,1,2,30,2,2,0.0,0.0,0.0,0.0,0.0,2.0,12,3,8
180445,16,11,5,0,6,3,5,5,1,1,2,3,2,2,0.0,0.0,0.0,0.0,0.0,2.0,18,4,12
173568,16,2,1,17,6,3,0,1,1,1,1,19,2,2,0.0,0.0,0.0,0.0,0.0,2.0,20,7,12
982,16,2,3,10,8,3,6,1,0,1,1,36,2,2,0.0,0.0,0.0,0.0,0.0,2.0,13,3,1
79839,16,2,4,15,8,3,0,1,1,1,1,22,2,2,0.0,0.0,0.0,0.0,0.0,2.0,18,7,6
372,16,7,1,15,5,3,6,1,0,1,2,18,2,3,1.0,0.0,0.0,1.0,0.0,2.0,3,1,1
1266,16,2,3,10,8,3,1,1,0,1,1,13,2,4,1.0,0.0,0.0,0.0,1.0,1.0,14,2,1
138793,16,2,3,10,8,3,0,1,1,1,2,26,2,2,0.0,0.0,0.0,0.0,0.0,3.0,17,3,10
13207,15,10,3,15,8,3,4,1,0,1,1,36,2,2,0.0,0.0,0.0,0.0,0.0,4.0,14,6,1