crash_date,               traffic_control_device,weather_condition,lighting_condition,first_crash_type,trafficway_type,alignment,roadway_surface_cond,road_defect,crash_type,intersection_related_i,damage,prim_contributory_cause,num_units,most_severe_injury,injuries_total,injuries_fatal,injuries_incapacitating,injuries_non_incapacitating,injuries_reported_not_evident,injuries_no_indication,crash_hour,crash_day_of_week,crash_month
129593,16,2,1,17,8,3,0,1,0,1,2,36,2,1,1.0,0.0,1.0,0.0,0.0,1.0,4,2,9
152811,16,2,0,10,8,3,6,1,1,1,2,17,2,2,0.0,0.0,0.0,0.0,0.0,2.0,0,5,10
94710,16,11,3,0,8,3,5,5,1,1,0,36,2,2,0.0,0.0,0.0,0.0,0.0,2.0,14,3,7
144750,16,2,1,15,1,3,0,1,1,1,2,23,2,2,0.0,0.0,0.0,0.0,0.0,3.0,21,7,10
20324,15,2,3,0,8,3,0,1,1,1,2,18,2,2,0.0,0.0,0.0,0.0,0.0,2.0,9,4,2
109568,15,2,3,0,6,3,0,1,1,1,2,26,2,2,0.0,0.0,0.0,0.0,0.0,2.0,6,4,8
96745,16,2,1,2,3,3,0,1,0,1,2,33,1,2,0.0,0.0,0.0,0.0,0.0,1.0,22,5,7
136683,16,7,1,2,6,3,6,1,0,1,2,36,1,2,0.0,0.0,0.0,0.0,0.0,1.0,18,1,9
45842,15,9,3,0,8,3,6,1,0,1,2,5,2,2,0.0,0.0,0.0,0.0,0.0,2.0,13,2,4
149356,15,7,3,10,6,3,6,1,1,1,2,19,2,2,0.0,0.0,0.0,0.0,0.0,2.0,10,2,10
17204,16,2,3,17,15,3,4,1,0,1,2,13,2,4,1.0,0.0,0.0,0.0,1.0,1.0,8,7,2
153254,16,2,1,15,3,3,0,1,1,0,2,36,2,2,0.0,0.0,0.0,0.0,0.0,4.0,20,6,10
122779,15,2,3,7,10,3,0,1,1,0,2,24,2,2,0.0,0.0,0.0,0.0,0.0,3.0,15,3,9
74638,16,2,3,17,6,3,0,1,0,1,2,22,2,2,0.0,0.0,0.0,0.0,0.0,2.0,20,7,6
110832,16,2,3,15,6,3,0,1,1,1,2,12,2,2,0.0,0.0,0.0,0.0,0.0,2.0,17,3,8
155373,15,2,3,17,6,3,0,1,1,1,2,18,2,2,0.0,0.0,0.0,0.0,0.0,2.0,15,7,10
94230,15,2,3,9,2,3,0,1,0,1,0,5,2,3,1.0,0.0,0.0,1.0,0.0,1.0,6,2,7
97596,16,2,3,17,6,3,0,1,1,1,1,24,2,2,0.0,0.0,0.0,0.0,0.0,2.0,6,6,7
146552,4,3,3,17,0,3,0,1,1,1,2,18,2,2,0.0,0.0,0.0,0.0,0.0,2.0,8,4,10
80261,4,2,3,17,15,3,0,1,0,1,1,24,2,2,0.0,0.0,0.0,0.0,0.0,2.0,13,6,6
189085,16,7,1,15,2,3,6,1,0,1,2,28,4,2,0.0,0.0,0.0,0.0,0.0,6.0,0,3,12
134454,16,2,3,17,2,3,0,1,1,1,0,24,2,2,0.0,0.0,0.0,0.0,0.0,2.0,13,7,9
159503,16,2,3,0,6,3,0,1,0,1,2,36,2,3,2.0,0.0,0.0,2.0,0.0,2.0,11,1,11
127729,6,2,3,9,6,3,0,1,0,1,0,26,2,4,1.0,0.0,0.0,0.0,1.0,1.0,9,6,9
80785,15,2,3,0,6,3,0,1,1,1,2,36,2,2,0.0,0.0,0.0,0.0,0.0,3.0,12,6,6
127130,15,2,3,0,6,3,0,1,0,1,2,36,2,2,0.0,0.0,0.0,0.0,0.0,2.0,8,5,9
129405,17,2,4,15,8,3,0,5,1,1,1,26,2,2,0.0,0.0,0.0,0.0,0.0,2.0,0,7,9
138932,16,2,3,0,2,3,0,1,1,1,1,36,2,2,0.0,0.0,0.0,0.0,0.0,2.0,15,5,10
28927,16,2,3,15,8,3,0,1,1,1,2,22,2,2,0.0,0.0,0.0,0.0,0.0,2.0,12,2,3
81577,16,2,0,17,8,3,0,1,1,1,1,24,2,2,0.0,0.0,0.0,0.0,0.0,2.0,20,3,6
12077,16,10,3,15,15,3,6,1,1,1,2,23,2,2,0.0,0.0,0.0,0.0,0.0,2.0,15,7,1
22016,16,7,1,2,6,3,6,1,0,1,2,37,1,2,0.0,0.0,0.0,0.0,0.0,1.0,3,5,2
19366,16,2,1,15,2,3,0,3,1,1,2,36,2,2,0.0,0.0,0.0,0.0,0.0,2.0,0,1,2
137799,16,2,3,15,11,3,0,1,0,1,1,26,2,2,0.0,0.0,0.0,0.0,0.0,2.0,13,5,10
37268,4,7,3,17,8,3,6,1,1,1,2,36,2,2,0.0,0.0,0.0,0.0,0.0,2.0,7,4,3
43418,16,2,3,17,18,4,0,1,1,1,1,22,2,2,0.0,0.0,0.0,0.0,0.0,2.0,10,7,4
11953,16,2,3,10,3,3,0,1,0,1,1,19,2,4,1.0,0.0,0.0,0.0,1.0,3.0,15,5,1
117538,15,2,3,0,8,3,0,1,1,1,1,5,2,2,0.0,0.0,0.0,0.0,0.0,3.0,16,6,8
94245,16,2,3,10,2,3,0,1,1,1,1,19,2,2,0.0,0.0,0.0,0.0,0.0,2.0,9,2,7
24521,4,2,3,15,10,3,0,1,1,1,1,18,2,2,0.0,0.0,0.0,0.0,0.0,2.0,7,5,2
172596,15,2,1,0,6,3,0,1,1,1,0,36,2,2,0.0,0.0,0.0,0.0,0.0,2.0,17,6,12
118736,16,2,3,9,10,3,0,1,1,0,0,36,2,2,0.0,0.0,0.0,0.0,0.0,2.0,13,4,8
96791,16,2,3,0,6,3,0,1,0,1,2,6,2,2,0.0,0.0,0.0,0.0,0.0,2.0,7,7,7
135061,4,2,1,17,6,3,0,1,0,1,2,36,2,2,0.0,0.0,0.0,0.0,0.0,2.0,22,7,9
33842,16,10,3,10,8,3,4,1,1,1,1,18,2,2,0.0,0.0,0.0,0.0,0.0,3.0,8,2,3
95469,4,2,3,8,2,3,0,1,0,0,2,12,2,3,1.0,0.0,0.0,1.0,0.0,1.0,17,2,7
132744,4,7,1,8,19,3,6,5,0,1,1,36,2,3,1.0,0.0,0.0,1.0,0.0,2.0,5,4,9
94719,16,2,1,10,15,2,0,1,0,1,2,19,2,2,0.0,0.0,0.0,0.0,0.0,2.0,4,3,7
80222,16,2,3,10,6,3,0,1,1,1,2,28,2,2,0.0,0.0,0.0,0.0,0.0,3.0,19,5,6
58711,16,2,3,17,8,3,0,1,1,1,1,24,2,2,0.0,0.0,0.0,0.0,0.0,3.0,18,5,5
119438,4,2,3,0,8,3,0,1,1,1,1,18,2,2,0.0,0.0,0.0,0.0,0.0,3.0,17,4,8
140312,17,11,5,15,6,3,5,5,1,1,2,36,2,2,0.0,0.0,0.0,0.0,0.0,2.0,17,5,10
9175,15,2,3,0,8,3,0,1,0,1,1,12,2,4,1.0,0.0,0.0,0.0,1.0,1.0,14,6,1
33266,16,7,1,10,6,3,6,1,1,1,1,36,2,2,0.0,0.0,0.0,0.0,0.0,2.0,21,7,3
156535,13,2,3,17,10,3,0,1,1,1,2,21,2,2,0.0,0.0,0.0,0.0,0.0,4.0,9,7,11
171698,4,2,3,17,8,3,0,1,1,1,1,19,2,2,0.0,0.0,0.0,0.0,0.0,2.0,17,6,11
127441,17,11,5,17,8,3,5,5,1,1,2,36,2,2,0.0,0.0,0.0,0.0,0.0,2.0,15,1,9
170069,16,2,0,17,8,3,0,1,1,1,2,36,2,2,0.0,0.0,0.0,0.0,0.0,2.0,17,3,11
75481,17,2,1,0,16,3,0,5,0,1,2,18,2,3,1.0,0.0,0.0,1.0,0.0,3.0,22,6,6
110187,16,2,3,17,8,3,0,1,0,1,2,24,3,2,0.0,0.0,0.0,0.0,0.0,3.0,16,6,8
130634,16,2,3,10,8,3,0,1,1,1,2,19,2,2,0.0,0.0,0.0,0.0,0.0,2.0,11,4,9
161128,15,2,3,0,6,3,0,1,1,1,2,18,2,2,0.0,0.0,0.0,0.0,0.0,2.0,20,4,11
122688,18,2,3,10,6,3,0,1,1,1,1,17,2,2,0.0,0.0,0.0,0.0,0.0,2.0,17,4,9
134385,16,2,3,17,6,3,0,1,0,1,2,4,2,2,0.0,0.0,0.0,0.0,0.0,2.0,16,6,9
52727,16,2,3,10,8,3,0,1,0,1,2,37,3,4,1.0,0.0,0.0,0.0,1.0,3.0,14,7,4
31974,16,2,5,9,2,3,0,1,0,1,0,18,2,4,1.0,0.0,0.0,0.0,1.0,1.0,7,6,3
170179,15,2,3,0,2,3,0,1,1,1,1,36,2,2,0.0,0.0,0.0,0.0,0.0,3.0,10,2,11
146664,17,11,5,15,8,3,5,5,1,1,2,36,2,2,0.0,0.0,0.0,0.0,0.0,2.0,20,7,10
111439,16,2,3,10,8,3,0,1,1,1,2,19,2,2,0.0,0.0,0.0,0.0,0.0,2.0,16,3,8
67114,16,2,3,17,8,3,0,1,1,1,2,36,2,2,0.0,0.0,0.0,0.0,0.0,2.0,13,4,5
114220,16,2,3,17,6,3,0,1,1,1,0,3,2,2,0.0,0.0,0.0,0.0,0.0,2.0,13,5,8
31988,16,2,3,10,3,3,0,1,0,1,2,19,3,3,2.0,0.0,0.0,1.0,1.0,1.0,8,6,3
44106,4,7,3,0,11,3,6,1,1,1,2,18,2,2,0.0,0.0,0.0,0.0,0.0,2.0,14,4,4
19444,16,10,3,10,16,3,1,1,0,1,2,17,2,1,1.0,0.0,1.0,0.0,0.0,2.0,8,4,2
65693,16,2,3,17,8,3,0,1,0,1,2,36,2,3,2.0,0.0,0.0,2.0,0.0,0.0,14,2,5
11986,4,2,0,2,8,3,0,1,0,1,2,9,1,1,1.0,0.0,1.0,0.0,0.0,0.0,21,5,1
98279,15,2,1,17,8,3,0,1,1,1,2,24,2,2,0.0,0.0,0.0,0.0,0.0,2.0,21,7,7
160406,4,2,3,15,8,3,6,1,1,1,2,36,2,2,0.0,0.0,0.0,0.0,0.0,2.0,10,6,11
30635,16,2,3,17,8,3,0,1,1,1,2,36,2,2,0.0,0.0,0.0,0.0,0.0,2.0,7,4,3
76922,15,2,3,17,6,3,0,1,0,1,2,18,3,3,4.0,0.0,0.0,3.0,1.0,0.0,19,6,6
145380,16,2,3,15,2,3,0,1,1,1,1,22,2,2,0.0,0.0,0.0,0.0,0.0,2.0,19,2,10
58120,4,7,3,0,8,3,6,1,0,1,2,11,3,2,0.0,0.0,0.0,0.0,0.0,3.0,13,3,5
142060,16,2,1,8,6,3,0,5,0,1,0,36,2,3,1.0,0.0,0.0,1.0,0.0,1.0,1,1,10
31944,16,2,3,17,8,3,0,1,0,1,2,18,2,3,1.0,0.0,0.0,1.0,0.0,1.0,15,6,3
69038,15,2,3,3,10,3,0,1,0,1,2,22,2,1,1.0,0.0,1.0,0.0,0.0,2.0,15,6,5
177413,15,7,4,0,8,3,6,1,1,1,0,18,2,2,0.0,0.0,0.0,0.0,0.0,3.0,14,6,12
124870,16,2,1,0,6,3,0,5,0,1,1,17,2,2,0.0,0.0,0.0,0.0,0.0,2.0,2,1,9
51231,4,2,3,15,10,3,0,1,1,1,2,18,2,2,0.0,0.0,0.0,0.0,0.0,3.0,15,6,4
101414,15,2,3,11,10,3,0,1,1,1,2,21,2,2,0.0,0.0,0.0,0.0,0.0,3.0,16,7,7
51928,16,2,3,17,2,3,6,1,1,1,1,24,2,2,0.0,0.0,0.0,0.0,0.0,2.0,8,6,4
58850,4,2,3,17,8,3,0,1,1,1,2,24,2,2,0.0,0.0,0.0,0.0,0.0,2.0,14,7,5
183544,4,5,3,11,16,5,6,1,1,1,2,23,2,2,0.0,0.0,0.0,0.0,0.0,2.0,8,6,12
117549,16,3,3,0,15,3,6,1,0,1,2,6,2,2,0.0,0.0,0.0,0.0,0.0,2.0,6,6,8
37460,16,2,3,17,10,3,0,1,1,1,2,24,2,2,0.0,0.0,0.0,0.0,0.0,3.0,15,2,3
186466,16,2,1,10,2,3,0,1,1,1,2,8,2,2,0.0,0.0,0.0,0.0,0.0,2.0,18,3,12
144172,15,2,1,10,8,3,0,1,0,1,2,19,2,2,0.0,0.0,0.0,0.0,0.0,2.0,23,6,10
726,16,2,3,15,2,3,0,1,1,1,2,36,2,2,0.0,0.0,0.0,0.0,0.0,2.0,8,5,1
99389,4,2,3,10,10,3,0,1,1,0,1,36,2,2,0.0,0.0,0.0,0.0,0.0,2.0,11,3,7
64361,16,2,3,15,8,3,0,1,1,1,1,22,2,2,0.0,0.0,0.0,0.0,0.0,2.0,12,2,5
168399,16,2,1,15,8,3,0,1,1,1,2,18,2,2,0.0,0.0,0.0,0.0,0.0,3.0,17,3,11
51210,15,2,3,15,2,3,0,1,1,1,1,36,2,2,0.0,0.0,0.0,0.0,0.0,2.0,15,5,4
104573,16,2,1,15,8,3,0,1,1,1,2,22,2,2,0.0,0.0,0.0,0.0,0.0,2.0,23,4,8
117809,16,2,3,9,8,3,0,5,0,1,1,22,2,1,1.0,0.0,1.0,0.0,0.0,1.0,17,2,8
60766,15,2,1,17,8,3,0,1,1,1,2,5,2,2,0.0,0.0,0.0,0.0,0.0,3.0,23,1,5
103996,6,2,3,17,3,3,0,1,0,1,2,18,2,3,1.0,0.0,0.0,1.0,0.0,3.0,11,3,8
164884,4,6,1,10,8,3,6,5,1,1,2,19,3,2,0.0,0.0,0.0,0.0,0.0,5.0,17,7,11
57874,16,2,3,17,6,3,0,1,1,1,1,19,2,2,0.0,0.0,0.0,0.0,0.0,3.0,17,7,5
99323,4,2,3,17,8,3,0,1,1,1,2,24,2,2,0.0,0.0,0.0,0.0,0.0,3.0,12,2,7
149603,15,7,0,0,6,3,6,1,0,1,2,36,2,1,1.0,0.0,1.0,0.0,0.0,1.0,19,7,10
171363,16,2,3,0,10,3,0,1,1,1,2,36,2,2,0.0,0.0,0.0,0.0,0.0,2.0,15,2,11
27309,16,2,1,17,2,3,0,1,1,1,2,36,2,2,0.0,0.0,0.0,0.0,0.0,2.0,20,4,2
163795,16,6,3,0,15,3,1,5,0,1,2,18,3,2,0.0,0.0,0.0,0.0,0.0,4.0,6,6,11
104264,4,2,3,15,6,3,0,1,0,1,2,19,2,2,0.0,0.0,0.0,0.0,0.0,4.0,5,1,8
129796,16,2,3,10,6,3,0,1,1,1,1,19,2,2,0.0,0.0,0.0,0.0,0.0,3.0,16,6,9
19992,16,2,3,0,8,3,0,1,0,1,2,36,2,3,1.0,0.0,0.0,1.0,0.0,2.0,13,7,2
161545,15,2,3,0,8,3,6,1,1,1,2,36,2,2,0.0,0.0,0.0,0.0,0.0,2.0,10,2,11
105965,15,2,3,7,6,3,0,1,0,1,2,37,4,2,0.0,0.0,0.0,0.0,0.0,1.0,17,5,8
131452,16,2,3,10,8,3,0,1,0,1,2,19,2,4,1.0,0.0,0.0,0.0,1.0,1.0,8,6,9
57306,15,7,3,9,6,3,6,5,0,1,0,18,2,4,1.0,0.0,0.0,0.0,1.0,1.0,8,3,5
24040,16,7,1,15,2,3,6,1,1,1,0,23,2,2,0.0,0.0,0.0,0.0,0.0,4.0,18,3,2
68329,4,2,1,1,8,3,0,1,1,1,2,0,1,2,0.0,0.0,0.0,0.0,0.0,1.0,21,2,5
119452,16,2,3,17,8,3,0,1,1,1,2,18,2,2,0.0,0.0,0.0,0.0,0.0,2.0,8,4,8
170666,16,2,1,17,8,3,0,5,1,1,1,36,2,2,0.0,0.0,0.0,0.0,0.0,2.0,17,3,11
98822,16,7,1,17,2,3,6,5,1,1,2,18,2,2,0.0,0.0,0.0,0.0,0.0,4.0,0,1,7
107034,16,2,3,10,6,3,0,1,0,1,2,36,2,3,1.0,0.0,0.0,1.0,0.0,2.0,10,7,8
96460,16,2,3,0,6,3,0,5,0,1,2,36,2,3,1.0,0.0,0.0,1.0,0.0,2.0,16,2,7
88466,15,2,3,17,8,3,0,1,1,1,2,18,2,2,0.0,0.0,0.0,0.0,0.0,2.0,16,5,7
169938,16,2,1,0,5,4,0,1,1,1,2,6,2,2,0.0,0.0,0.0,0.0,0.0,2.0,0,6,11
76989,16,2,3,10,3,2,0,1,1,1,0,21,2,2,0.0,0.0,0.0,0.0,0.0,2.0,19,7,6
100672,16,2,3,9,6,3,0,1,0,1,2,18,2,4,1.0,0.0,0.0,0.0,1.0,1.0,14,5,7
34414,4,2,1,17,8,3,0,1,1,1,1,36,2,2,0.0,0.0,0.0,0.0,0.0,3.0,20,4,3
1821,15,7,3,2,11,3,6,1,0,1,2,36,1,2,0.0,0.0,0.0,0.0,0.0,1.0,11,4,1
157138,4,2,3,2,8,3,0,1,0,1,2,18,3,3,1.0,0.0,0.0,1.0,0.0,1.0,14,4,11
11465,4,2,1,10,2,3,0,1,1,0,2,19,2,2,0.0,0.0,0.0,0.0,0.0,3.0,23,3,1
134652,17,2,3,9,15,3,0,5,0,1,2,24,2,4,1.0,0.0,0.0,0.0,1.0,1.0,17,2,9
114370,16,2,3,0,6,3,0,1,0,1,2,18,2,3,2.0,0.0,0.0,1.0,1.0,1.0,15,7,8
18469,15,3,3,17,15,4,5,5,0,1,2,36,2,2,0.0,0.0,0.0,0.0,0.0,5.0,16,7,2
101940,15,2,1,0,6,3,0,1,0,1,2,18,2,2,0.0,0.0,0.0,0.0,0.0,3.0,1,1,7
167547,16,10,3,10,2,3,5,5,1,1,2,36,2,2,0.0,0.0,0.0,0.0,0.0,2.0,9,5,11
31193,16,2,3,17,6,3,0,1,0,1,2,26,2,2,0.0,0.0,0.0,0.0,0.0,2.0,11,7,3
98329,4,2,3,10,8,3,0,1,0,1,2,19,2,2,0.0,0.0,0.0,0.0,0.0,3.0,15,1,7
181786,4,2,1,15,8,3,0,1,1,1,0,18,2,2,0.0,0.0,0.0,0.0,0.0,2.0,16,3,12
1393,15,2,1,0,11,3,0,1,0,1,2,5,2,4,2.0,0.0,0.0,0.0,2.0,0.0,16,4,1
96821,15,2,3,0,8,3,0,1,0,1,2,18,3,3,3.0,0.0,0.0,3.0,0.0,2.0,12,7,7
129440,16,2,3,9,11,3,0,1,0,1,0,18,2,4,1.0,0.0,0.0,0.0,1.0,1.0,19,2,9
85472,15,2,3,9,8,3,6,1,1,1,0,18,2,2,0.0,0.0,0.0,0.0,0.0,2.0,13,7,6
41118,16,7,1,10,3,3,6,1,1,1,1,36,2,2,0.0,0.0,0.0,0.0,0.0,3.0,21,6,3
43337,15,2,3,0,18,3,0,1,0,1,2,36,2,4,1.0,0.0,0.0,0.0,1.0,3.0,17,6,4
26906,4,10,3,17,2,3,4,1,0,1,2,18,2,2,0.0,0.0,0.0,0.0,0.0,3.0,8,4,2
99879,15,2,3,15,8,3,0,1,1,1,2,22,2,2,0.0,0.0,0.0,0.0,0.0,3.0,9,4,7
121148,4,2,3,0,8,3,2,5,1,1,0,36,2,2,0.0,0.0,0.0,0.0,0.0,2.0,15,7,9
120669,16,7,1,0,6,3,6,1,0,1,2,36,2,1,3.0,0.0,1.0,2.0,0.0,1.0,4,1,9
187333,16,2,1,17,6,3,0,1,1,1,2,36,2,2,0.0,0.0,0.0,0.0,0.0,2.0,0,3,12
68748,16,2,3,17,6,3,0,1,0,1,2,24,2,2,0.0,0.0,0.0,0.0,0.0,2.0,14,1,5
23791,16,10,1,17,8,4,6,5,0,1,2,24,2,3,2.0,0.0,0.0,2.0,0.0,0.0,22,6,2
68889,16,2,3,17,6,3,0,1,1,1,2,24,2,2,0.0,0.0,0.0,0.0,0.0,2.0,18,4,5
121689,16,2,3,17,2,3,0,1,1,1,2,22,2,2,0.0,0.0,0.0,0.0,0.0,2.0,11,1,9
172883,16,2,3,17,2,3,6,1,0,1,2,18,3,3,2.0,0.0,0.0,2.0,0.0,3.0,11,1,12
108559,15,2,3,17,6,3,0,1,0,1,0,5,2,3,1.0,0.0,0.0,1.0,0.0,1.0,7,3,8
96611,16,2,3,17,10,3,0,1,1,1,2,36,2,2,0.0,0.0,0.0,0.0,0.0,3.0,8,3,7
8322,16,10,1,10,17,3,4,5,1,0,2,36,2,2,0.0,0.0,0.0,0.0,0.0,6.0,23,6,1
177409,16,7,4,17,1,3,6,1,0,1,2,6,2,2,0.0,0.0,0.0,0.0,0.0,2.0,14,6,12
23198,15,6,1,4,6,3,6,5,0,1,2,36,2,3,1.0,0.0,0.0,1.0,0.0,1.0,4,3,2
49540,16,3,3,0,8,3,0,1,1,1,2,6,2,2,0.0,0.0,0.0,0.0,0.0,2.0,7,4,4
67509,16,2,3,0,10,3,0,1,1,1,2,36,2,2,0.0,0.0,0.0,0.0,0.0,2.0,10,3,5
182661,6,2,1,15,2,3,0,5,1,1,1,36,2,2,0.0,0.0,0.0,0.0,0.0,2.0,18,5,12
35663,15,2,3,0,6,3,0,1,1,1,1,5,2,2,0.0,0.0,0.0,0.0,0.0,3.0,11,4,3
131272,4,2,3,10,8,3,0,1,1,1,0,17,2,2,0.0,0.0,0.0,0.0,0.0,3.0,14,4,9
123434,4,2,3,15,8,3,0,5,0,0,2,36,2,3,1.0,0.0,0.0,1.0,0.0,2.0,15,6,9
49332,16,3,3,0,8,3,6,1,0,1,2,6,2,2,0.0,0.0,0.0,0.0,0.0,2.0,8,1,4
75586,16,2,3,17,8,3,0,1,1,1,0,18,2,2,0.0,0.0,0.0,0.0,0.0,2.0,18,6,6
34781,15,3,3,7,15,3,6,1,1,1,2,36,2,2,0.0,0.0,0.0,0.0,0.0,1.0,11,5,3
135966,16,2,3,10,2,3,0,1,1,1,0,36,2,2,0.0,0.0,0.0,0.0,0.0,2.0,11,5,9
148993,16,2,0,15,6,3,0,1,1,1,2,23,2,2,0.0,0.0,0.0,0.0,0.0,4.0,20,5,10
61041,15,4,3,17,2,3,0,1,1,1,2,36,2,2,0.0,0.0,0.0,0.0,0.0,2.0,8,4,5
19570,4,2,0,0,0,3,0,1,0,0,2,36,2,3,2.0,0.0,0.0,2.0,0.0,4.0,19,6,2
73152,16,2,3,17,6,3,0,5,0,1,2,24,2,2,0.0,0.0,0.0,0.0,0.0,3.0,15,6,6
122100,15,2,3,0,6,3,0,1,0,1,2,18,2,1,1.0,0.0,1.0,0.0,0.0,2.0,12,1,9
29762,15,2,3,0,8,3,6,1,0,1,2,18,2,2,0.0,0.0,0.0,0.0,0.0,8.0,6,4,3
149384,16,2,3,17,6,3,0,1,1,1,2,36,2,2,0.0,0.0,0.0,0.0,0.0,2.0,15,4,10
163639,16,7,2,2,8,3,6,1,0,1,2,26,1,4,1.0,0.0,0.0,0.0,1.0,0.0,7,4,11
86847,16,2,3,17,3,3,0,1,1,1,2,24,2,2,0.0,0.0,0.0,0.0,0.0,3.0,14,7,6
38849,16,2,1,10,8,3,0,1,0,1,2,17,2,3,1.0,0.0,0.0,1.0,0.0,1.0,22,7,3
75759,16,2,3,17,2,3,0,1,1,1,2,3,2,2,0.0,0.0,0.0,0.0,0.0,2.0,14,3,6
86724,16,2,3,15,8,3,0,1,1,1,2,12,2,2,0.0,0.0,0.0,0.0,0.0,2.0,16,4,6
122160,16,2,3,9,6,3,0,1,0,1,0,38,2,3,1.0,0.0,0.0,1.0,0.0,1.0,7,3,9
51382,4,2,3,2,8,3,0,0,1,1,0,32,1,2,0.0,0.0,0.0,0.0,0.0,2.0,18,3,4
135726,16,2,3,17,6,3,0,1,0,1,2,18,2,4,1.0,0.0,0.0,0.0,1.0,2.0,10,3,9
33377,4,2,3,7,8,3,0,1,1,0,2,26,2,2,0.0,0.0,0.0,0.0,0.0,1.0,13,2,3
11808,4,2,3,17,15,3,0,1,1,1,2,18,2,2,0.0,0.0,0.0,0.0,0.0,3.0,8,3,1
171779,16,7,1,10,3,3,6,1,1,1,2,19,2,2,0.0,0.0,0.0,0.0,0.0,2.0,4,7,11
41925,15,2,3,0,2,3,0,1,1,1,2,26,2,2,0.0,0.0,0.0,0.0,0.0,2.0,14,1,3
66127,16,7,1,0,2,3,6,1,1,1,1,36,2,2,0.0,0.0,0.0,0.0,0.0,2.0,19,2,5
127800,15,2,3,10,8,3,0,1,1,1,1,19,2,2,0.0,0.0,0.0,0.0,0.0,2.0,8,5,9
158203,16,2,3,17,6,3,5,5,1,1,2,36,2,2,0.0,0.0,0.0,0.0,0.0,2.0,15,3,11
46019,16,2,3,0,8,3,0,1,1,1,2,36,2,2,0.0,0.0,0.0,0.0,0.0,2.0,12,5,4
87234,16,2,1,10,8,3,0,1,1,1,2,19,3,2,0.0,0.0,0.0,0.0,0.0,3.0,22,5,6
114232,16,2,1,17,6,3,0,1,1,1,2,18,2,2,0.0,0.0,0.0,0.0,0.0,2.0,4,5,8
65641,16,2,3,10,8,3,0,5,0,1,2,28,2,2,0.0,0.0,0.0,0.0,0.0,4.0,15,1,5
56278,16,2,1,17,6,3,0,1,0,1,2,36,2,1,2.0,0.0,1.0,1.0,0.0,1.0,21,7,5
8635,16,2,3,17,11,3,6,1,0,1,2,23,2,3,1.0,0.0,0.0,1.0,0.0,1.0,8,4,1
96598,16,2,3,0,10,3,5,5,1,1,2,36,2,2,0.0,0.0,0.0,0.0,0.0,2.0,17,3,7
83078,16,2,3,15,2,3,0,1,0,1,2,12,2,2,0.0,0.0,0.0,0.0,0.0,2.0,17,6,6
102923,16,2,1,0,11,3,0,1,0,1,2,6,2,4,1.0,0.0,0.0,0.0,1.0,1.0,1,2,7
161614,16,2,1,0,15,3,0,1,0,1,2,6,3,2,0.0,0.0,0.0,0.0,0.0,3.0,1,5,11
102406,15,2,0,17,8,3,0,5,1,1,2,23,2,2,0.0,0.0,0.0,0.0,0.0,2.0,23,7,7
30040,16,2,3,0,1,3,0,1,0,1,2,18,2,2,0.0,0.0,0.0,0.0,0.0,2.0,11,2,3
1638,15,2,3,0,6,3,0,1,0,1,2,18,2,3,1.0,0.0,0.0,1.0,0.0,2.0,15,7,1
20939,16,2,3,10,2,3,0,1,0,1,2,19,2,4,1.0,0.0,0.0,0.0,1.0,4.0,11,1,2
136913,17,11,5,17,6,3,5,5,1,1,2,36,2,2,0.0,0.0,0.0,0.0,0.0,2.0,15,6,9
42051,16,11,1,0,6,3,5,1,1,1,2,6,2,2,0.0,0.0,0.0,0.0,0.0,2.0,1,5,3
128086,4,2,3,17,8,3,0,1,1,1,2,36,3,2,0.0,0.0,0.0,0.0,0.0,2.0,11,3,9
98,16,2,3,10,8,3,4,5,1,1,2,36,2,2,0.0,0.0,0.0,0.0,0.0,4.0,12,2,1
127855,16,2,3,10,8,3,0,1,0,0,2,17,4,2,0.0,0.0,0.0,0.0,0.0,13.0,17,6,9
135273,16,2,3,10,6,3,0,1,1,0,1,17,2,2,0.0,0.0,0.0,0.0,0.0,2.0,16,5,9
148401,15,2,3,0,6,3,0,1,0,1,2,5,2,4,2.0,0.0,0.0,0.0,2.0,1.0,17,4,10
98260,4,2,3,0,2,3,0,1,1,1,1,12,2,2,0.0,0.0,0.0,0.0,0.0,2.0,17,7,7
35668,4,7,3,10,6,3,6,5,1,1,2,32,2,2,0.0,0.0,0.0,0.0,0.0,2.0,13,5,3
93603,4,2,3,10,8,3,0,1,1,1,2,19,2,2,0.0,0.0,0.0,0.0,0.0,2.0,18,6,7
92716,16,11,1,9,1,3,5,5,0,1,2,18,2,4,1.0,0.0,0.0,0.0,1.0,1.0,21,7,7
155881,4,2,4,17,15,3,0,1,1,1,1,17,2,2,0.0,0.0,0.0,0.0,0.0,3.0,17,6,11
105721,16,2,3,17,8,3,0,1,0,1,2,3,3,1,2.0,0.0,1.0,1.0,0.0,1.0,10,7,8
12420,16,2,1,14,8,3,0,1,1,1,1,22,2,2,0.0,0.0,0.0,0.0,0.0,2.0,18,6,1
50149,17,11,5,17,6,3,5,5,1,1,2,36,2,2,0.0,0.0,0.0,0.0,0.0,2.0,13,3,4
100039,15,2,3,0,2,3,0,5,0,1,2,5,2,3,2.0,0.0,0.0,2.0,0.0,1.0,12,7,7
101319,16,2,3,17,3,3,0,1,1,1,1,36,2,2,0.0,0.0,0.0,0.0,0.0,2.0,15,6,7
142405,16,2,4,3,6,3,0,1,0,1,2,18,2,2,0.0,0.0,0.0,0.0,0.0,3.0,20,4,10