crash_date,               traffic_control_device,weather_condition,lighting_condition,first_crash_type,trafficway_type,alignment,roadway_surface_cond,road_defect,crash_type,intersection_related_i,damage,prim_contributory_cause,num_units,most_severe_injury,injuries_total,injuries_fatal,injuries_incapacitating,injuries_non_incapacitating,injuries_reported_not_evident,injuries_no_indication,crash_hour,crash_day_of_week,crash_month
162815,4,2,3,7,8,3,0,1,1,1,2,36,2,2,0.0,0.0,0.0,0.0,0.0,1.0,13,1,11
54418,16,2,3,17,3,3,0,1,1,1,2,24,2,2,0.0,0.0,0.0,0.0,0.0,2.0,8,5,4
45695,16,2,1,0,6,3,0,1,0,1,2,36,2,2,0.0,0.0,0.0,0.0,0.0,2.0,2,7,4
20590,16,2,3,10,2,3,0,1,1,1,2,16,2,2,0.0,0.0,0.0,0.0,0.0,2.0,11,2,2
34587,16,2,1,9,6,3,0,1,0,0,0,36,2,3,1.0,0.0,0.0,1.0,0.0,1.0,20,1,3
70671,16,2,3,0,11,3,0,1,1,1,2,12,2,2,0.0,0.0,0.0,0.0,0.0,2.0,16,3,5
13445,16,10,3,17,8,3,4,1,1,1,1,17,2,2,0.0,0.0,0.0,0.0,0.0,6.0,8,2,1
14458,16,10,3,0,6,3,4,1,0,1,2,22,2,3,2.0,0.0,0.0,2.0,0.0,1.0,7,1,1
103792,15,2,3,0,2,3,0,1,1,1,0,36,2,2,0.0,0.0,0.0,0.0,0.0,2.0,11,1,7
2055,16,2,1,17,8,3,0,1,0,1,2,6,3,2,0.0,0.0,0.0,0.0,0.0,3.0,1,7,1
84996,16,7,3,17,6,3,6,1,0,1,2,18,2,2,0.0,0.0,0.0,0.0,0.0,3.0,13,7,6
107590,16,2,3,17,15,3,0,1,0,1,2,18,2,2,0.0,0.0,0.0,0.0,0.0,2.0,13,2,8
175676,4,2,3,17,6,3,0,1,1,1,2,22,2,2,0.0,0.0,0.0,0.0,0.0,2.0,12,7,12
122149,15,2,3,10,15,3,0,1,1,1,2,19,2,2,0.0,0.0,0.0,0.0,0.0,2.0,18,3,9
25577,16,2,3,10,6,3,0,1,0,1,2,17,3,4,2.0,0.0,0.0,0.0,2.0,2.0,15,5,2
97869,15,2,0,10,8,3,0,1,1,1,0,26,2,2,0.0,0.0,0.0,0.0,0.0,2.0,20,2,7
74436,16,2,3,17,10,3,0,1,0,1,2,22,2,2,0.0,0.0,0.0,0.0,0.0,2.0,15,3,6
28648,16,2,3,17,6,3,0,1,0,1,2,17,2,3,1.0,0.0,0.0,1.0,0.0,1.0,14,6,3
56715,16,2,3,10,8,3,0,1,1,1,2,36,2,2,0.0,0.0,0.0,0.0,0.0,3.0,14,1,5
123295,16,2,3,10,2,3,0,1,1,1,2,19,2,2,0.0,0.0,0.0,0.0,0.0,3.0,17,3,9
12322,16,7,1,15,8,3,6,1,1,1,2,12,2,2,0.0,0.0,0.0,0.0,0.0,2.0,17,5,1
103950,16,2,3,10,8,3,0,1,1,1,0,19,2,2,0.0,0.0,0.0,0.0,0.0,2.0,13,3,8
75228,4,2,3,17,8,3,0,1,0,1,2,18,2,3,1.0,0.0,0.0,1.0,0.0,1.0,12,1,6
110090,15,2,1,15,10,3,0,1,1,1,2,19,3,2,0.0,0.0,0.0,0.0,0.0,2.0,23,4,8
67110,16,7,3,0,2,3,6,1,0,1,2,18,3,3,5.0,0.0,0.0,5.0,0.0,1.0,12,3,5
115814,4,2,3,0,8,3,0,5,0,1,2,17,2,2,0.0,0.0,0.0,0.0,0.0,4.0,15,1,8
100897,16,2,3,13,11,3,0,5,0,1,2,18,2,3,3.0,0.0,0.0,1.0,2.0,0.0,18,6,7
98406,16,2,3,17,8,3,6,1,1,1,1,22,2,2,0.0,0.0,0.0,0.0,0.0,2.0,18,3,7
171278,16,2,3,9,2,3,0,5,0,1,2,18,2,3,1.0,0.0,0.0,1.0,0.0,2.0,13,6,11
181985,11,2,1,17,10,3,0,1,1,1,2,24,2,2,0.0,0.0,0.0,0.0,0.0,4.0,17,3,12
95557,16,2,3,15,2,3,0,1,1,0,2,23,2,2,0.0,0.0,0.0,0.0,0.0,2.0,20,1,7
161860,4,7,1,7,11,3,6,5,0,0,2,16,5,2,0.0,0.0,0.0,0.0,0.0,1.0,1,1,11
179254,18,2,1,17,6,3,0,1,0,1,2,18,2,3,2.0,0.0,0.0,2.0,0.0,3.0,17,3,12
170942,4,2,3,17,8,3,0,5,0,1,2,18,2,3,1.0,0.0,0.0,1.0,0.0,1.0,14,2,11
92478,16,2,3,17,2,3,0,1,1,1,1,18,2,2,0.0,0.0,0.0,0.0,0.0,2.0,17,3,7
154549,16,2,3,17,8,3,0,1,0,1,2,17,3,2,0.0,0.0,0.0,0.0,0.0,3.0,8,3,10
119997,16,2,3,17,8,3,0,1,1,1,2,36,2,2,0.0,0.0,0.0,0.0,0.0,3.0,9,5,8
26851,16,1,3,0,6,3,4,1,0,1,1,6,2,2,0.0,0.0,0.0,0.0,0.0,2.0,15,4,2
33999,4,2,3,17,8,3,0,1,1,1,1,36,2,2,0.0,0.0,0.0,0.0,0.0,4.0,14,6,3
155988,15,2,3,0,15,3,0,1,0,1,2,17,2,2,0.0,0.0,0.0,0.0,0.0,3.0,10,1,11
170793,16,2,3,17,3,3,0,1,1,1,1,23,2,2,0.0,0.0,0.0,0.0,0.0,2.0,15,5,11
167361,15,2,3,0,6,3,0,5,1,1,2,36,2,2,0.0,0.0,0.0,0.0,0.0,4.0,10,1,11
62036,16,2,3,10,6,3,0,1,1,1,2,8,2,2,0.0,0.0,0.0,0.0,0.0,6.0,9,1,5
59716,16,2,1,10,6,3,0,5,0,1,2,19,2,2,0.0,0.0,0.0,0.0,0.0,2.0,22,6,5
167332,16,2,1,17,6,3,0,1,0,1,2,18,2,2,0.0,0.0,0.0,0.0,0.0,4.0,5,1,11
79998,4,2,3,15,10,3,0,1,1,1,2,23,2,2,0.0,0.0,0.0,0.0,0.0,7.0,10,7,6
98894,16,2,3,8,6,3,0,1,0,1,0,17,2,3,1.0,0.0,0.0,1.0,0.0,1.0,12,2,7
99705,16,2,3,17,6,3,0,1,1,1,1,17,2,2,0.0,0.0,0.0,0.0,0.0,2.0,12,3,7
42209,15,2,3,0,6,3,0,5,0,1,1,36,2,4,1.0,0.0,0.0,0.0,1.0,4.0,14,1,3
172833,4,7,3,0,2,3,6,5,1,1,2,38,2,2,0.0,0.0,0.0,0.0,0.0,2.0,16,1,12
59858,16,2,1,8,8,3,0,1,0,1,0,26,2,3,1.0,0.0,0.0,1.0,0.0,1.0,3,2,5
32740,16,10,0,2,2,3,4,5,1,1,2,36,1,2,0.0,0.0,0.0,0.0,0.0,1.0,19,5,3
27840,4,2,3,10,8,3,0,5,1,1,1,36,2,2,0.0,0.0,0.0,0.0,0.0,7.0,8,6,2
84687,16,2,3,8,8,3,0,1,0,1,0,24,2,3,1.0,0.0,0.0,1.0,0.0,3.0,9,7,6
117219,16,2,3,17,2,3,0,1,1,1,1,24,2,2,0.0,0.0,0.0,0.0,0.0,2.0,8,6,8
134355,15,2,3,0,6,3,0,1,0,1,2,3,2,3,1.0,0.0,0.0,1.0,0.0,1.0,11,4,9
78411,16,2,3,17,2,3,0,1,1,1,1,24,2,2,0.0,0.0,0.0,0.0,0.0,2.0,17,7,6
81629,15,2,3,0,8,3,0,1,0,1,2,18,2,3,1.0,0.0,0.0,1.0,0.0,1.0,17,4,6
101132,4,2,3,15,8,3,0,1,1,1,2,18,2,2,0.0,0.0,0.0,0.0,0.0,3.0,17,4,7
19455,16,3,3,0,18,3,0,1,0,1,2,6,2,1,1.0,0.0,1.0,0.0,0.0,1.0,10,4,2
150914,4,2,1,17,15,3,0,5,1,1,2,36,2,2,0.0,0.0,0.0,0.0,0.0,4.0,21,4,10
73412,15,2,3,10,8,3,0,1,1,1,2,19,2,2,0.0,0.0,0.0,0.0,0.0,2.0,7,2,6
151176,15,2,1,17,8,3,5,5,0,1,2,36,2,3,2.0,0.0,0.0,2.0,0.0,2.0,2,7,10
176619,4,2,0,15,10,3,0,1,1,1,0,23,2,2,0.0,0.0,0.0,0.0,0.0,2.0,17,1,12
146385,15,2,3,14,8,3,6,1,1,1,2,22,2,2,0.0,0.0,0.0,0.0,0.0,2.0,9,1,10
88721,4,7,1,17,15,3,6,1,1,1,2,36,2,2,0.0,0.0,0.0,0.0,0.0,2.0,0,1,7
74478,16,2,3,0,8,3,0,5,0,1,2,36,2,2,0.0,0.0,0.0,0.0,0.0,4.0,14,4,6
61519,16,2,3,17,8,3,0,1,0,1,2,17,2,4,1.0,0.0,0.0,0.0,1.0,1.0,19,7,5
152012,16,7,2,17,6,3,6,1,1,1,2,36,2,2,0.0,0.0,0.0,0.0,0.0,2.0,7,4,10
135022,16,2,1,0,2,3,0,1,0,0,2,6,2,2,0.0,0.0,0.0,0.0,0.0,2.0,2,7,9
7831,15,2,1,17,11,3,0,1,1,1,2,24,2,2,0.0,0.0,0.0,0.0,0.0,2.0,18,7,1
65784,16,2,3,0,10,3,0,1,0,1,2,6,2,2,0.0,0.0,0.0,0.0,0.0,3.0,12,4,5
120723,16,7,3,17,2,3,6,5,0,1,2,36,3,3,2.0,0.0,0.0,2.0,0.0,1.0,16,3,9
53189,16,2,3,2,3,3,0,1,0,0,2,12,1,2,0.0,0.0,0.0,0.0,0.0,1.0,14,1,4
5764,16,2,1,10,8,3,6,5,1,1,1,36,2,2,0.0,0.0,0.0,0.0,0.0,3.0,17,4,1
154497,16,2,3,10,8,4,0,1,1,1,1,17,2,2,0.0,0.0,0.0,0.0,0.0,2.0,8,2,10
103155,16,2,1,8,3,3,0,5,0,1,2,12,2,3,1.0,0.0,0.0,1.0,0.0,1.0,19,6,7
59919,16,7,3,17,2,3,6,1,0,1,2,36,2,1,1.0,0.0,1.0,0.0,0.0,2.0,12,2,5
36993,16,7,1,0,2,3,6,1,0,1,2,36,2,4,1.0,0.0,0.0,0.0,1.0,3.0,18,7,3
20199,16,10,1,10,8,3,4,1,1,1,1,19,2,2,0.0,0.0,0.0,0.0,0.0,2.0,21,2,2
86530,16,2,3,17,3,4,0,5,1,1,2,19,2,2,0.0,0.0,0.0,0.0,0.0,2.0,11,2,6
41883,16,7,3,0,10,3,6,5,1,1,2,26,2,2,0.0,0.0,0.0,0.0,0.0,2.0,8,7,3
137353,15,2,1,0,9,3,0,5,0,1,2,18,2,2,0.0,0.0,0.0,0.0,0.0,3.0,0,5,9
117420,15,2,3,9,8,3,0,1,0,1,2,36,2,4,1.0,0.0,0.0,0.0,1.0,1.0,18,4,8
115118,15,2,3,0,8,3,0,5,0,1,2,5,2,3,1.0,0.0,0.0,1.0,0.0,1.0,17,3,8
28062,16,2,3,10,6,3,0,1,1,0,2,19,2,2,0.0,0.0,0.0,0.0,0.0,2.0,8,4,2
85066,4,7,1,17,6,3,6,1,0,1,2,23,2,2,0.0,0.0,0.0,0.0,0.0,4.0,1,1,6
110555,16,2,3,0,6,3,0,1,0,1,2,6,2,3,3.0,0.0,0.0,1.0,2.0,0.0,14,5,8
1834,16,2,3,15,6,3,0,1,0,0,2,23,2,3,1.0,0.0,0.0,1.0,0.0,3.0,14,5,1
69830,16,2,1,7,6,3,0,1,0,1,2,17,3,2,0.0,0.0,0.0,0.0,0.0,1.0,2,5,5
68976,15,2,3,10,15,3,0,1,0,1,2,24,2,2,0.0,0.0,0.0,0.0,0.0,2.0,7,5,5
44456,16,2,3,15,6,2,0,1,1,1,2,22,2,2,0.0,0.0,0.0,0.0,0.0,2.0,6,6,4
25589,16,2,1,10,8,3,0,1,1,1,2,19,2,2,0.0,0.0,0.0,0.0,0.0,3.0,18,5,2
186481,16,2,3,10,8,3,1,1,1,1,2,16,2,2,0.0,0.0,0.0,0.0,0.0,2.0,14,4,12
152345,15,2,3,17,12,3,0,1,1,1,2,18,2,2,0.0,0.0,0.0,0.0,0.0,2.0,12,6,10
116817,16,2,3,15,8,3,0,1,1,1,2,23,2,2,0.0,0.0,0.0,0.0,0.0,2.0,13,1,8
59654,15,3,3,0,15,4,6,1,0,1,2,18,2,4,1.0,0.0,0.0,0.0,1.0,1.0,8,4,5
105397,16,11,3,8,8,3,5,5,1,1,0,6,2,2,0.0,0.0,0.0,0.0,0.0,2.0,13,4,8
176918,16,7,0,17,6,4,6,5,1,1,1,22,2,2,0.0,0.0,0.0,0.0,0.0,2.0,19,6,12
110177,4,2,3,17,3,3,0,1,1,1,1,11,2,2,0.0,0.0,0.0,0.0,0.0,2.0,14,6,8
86225,16,2,3,17,3,3,0,1,1,1,2,23,2,2,0.0,0.0,0.0,0.0,0.0,3.0,7,3,6
97178,4,2,3,0,11,3,0,1,1,1,2,18,2,2,0.0,0.0,0.0,0.0,0.0,3.0,19,5,7
122039,17,2,3,7,10,3,0,1,1,0,0,26,2,2,0.0,0.0,0.0,0.0,0.0,1.0,12,7,9
90536,16,2,3,15,8,3,0,1,1,1,2,22,2,2,0.0,0.0,0.0,0.0,0.0,2.0,18,7,7
174943,16,2,4,15,8,3,0,1,1,1,2,22,2,2,0.0,0.0,0.0,0.0,0.0,2.0,16,4,12
176899,16,7,0,15,8,3,6,1,1,1,1,23,2,2,0.0,0.0,0.0,0.0,0.0,2.0,17,6,12
29371,16,2,1,2,8,3,0,1,0,1,2,26,1,2,0.0,0.0,0.0,0.0,0.0,1.0,4,4,3
81168,16,2,3,15,3,3,0,5,1,1,2,36,2,2,0.0,0.0,0.0,0.0,0.0,4.0,13,6,6
39805,15,2,3,7,10,3,0,1,1,1,2,36,2,2,0.0,0.0,0.0,0.0,0.0,1.0,9,2,3
103937,16,2,3,10,8,5,0,1,1,1,2,19,2,2,0.0,0.0,0.0,0.0,0.0,2.0,15,2,8
156815,15,2,3,0,15,3,0,1,0,1,2,18,2,3,3.0,0.0,0.0,3.0,0.0,0.0,13,7,11
85986,16,2,3,11,2,3,0,1,1,0,1,36,2,2,0.0,0.0,0.0,0.0,0.0,2.0,16,1,6
85477,4,3,3,17,2,3,6,1,1,1,1,36,2,2,0.0,0.0,0.0,0.0,0.0,2.0,14,7,6
151325,16,2,3,17,8,3,0,1,1,1,1,36,2,2,0.0,0.0,0.0,0.0,0.0,2.0,15,2,10
129872,16,2,3,17,6,3,0,5,0,1,2,36,2,4,3.0,0.0,0.0,0.0,3.0,0.0,12,6,9
85647,4,2,3,17,0,3,0,1,0,0,2,18,2,2,0.0,0.0,0.0,0.0,0.0,3.0,16,2,6
69080,16,2,1,15,6,3,0,1,1,1,2,23,2,2,0.0,0.0,0.0,0.0,0.0,5.0,21,6,5
56102,16,2,3,15,10,3,0,1,1,1,1,22,2,2,0.0,0.0,0.0,0.0,0.0,2.0,10,3,5
159522,16,2,3,15,8,3,0,1,1,1,2,23,2,2,0.0,0.0,0.0,0.0,0.0,2.0,16,2,11
38976,16,2,3,0,8,3,0,1,0,1,2,18,2,2,0.0,0.0,0.0,0.0,0.0,5.0,13,1,3
99396,16,2,3,9,6,3,0,1,1,1,2,26,2,2,0.0,0.0,0.0,0.0,0.0,2.0,12,3,7
103672,10,2,3,9,3,3,0,1,0,1,0,18,2,3,1.0,0.0,0.0,1.0,0.0,1.0,12,6,7
31842,15,7,4,17,6,3,6,1,1,1,2,18,2,2,0.0,0.0,0.0,0.0,0.0,2.0,18,6,3
11807,16,2,3,17,1,3,0,1,0,1,2,18,2,2,0.0,0.0,0.0,0.0,0.0,3.0,8,3,1
158170,15,2,3,0,2,3,0,1,1,1,1,5,2,2,0.0,0.0,0.0,0.0,0.0,3.0,9,2,11
89,15,2,2,17,8,3,0,1,1,1,2,18,2,2,0.0,0.0,0.0,0.0,0.0,2.0,10,2,1
97693,16,2,3,0,2,3,0,1,1,1,2,6,2,2,0.0,0.0,0.0,0.0,0.0,2.0,12,5,7
131400,15,2,3,8,8,3,2,2,0,1,0,28,2,3,1.0,0.0,0.0,1.0,0.0,1.0,11,5,9
29914,4,2,1,0,6,3,0,1,1,1,1,36,2,2,0.0,0.0,0.0,0.0,0.0,2.0,22,6,3
39167,15,7,1,17,6,3,6,1,0,1,2,18,2,2,0.0,0.0,0.0,0.0,0.0,4.0,22,5,3
181036,17,11,5,15,2,3,5,5,1,1,1,36,2,2,0.0,0.0,0.0,0.0,0.0,2.0,20,5,12
140560,15,2,3,0,8,3,0,1,1,1,1,5,2,2,0.0,0.0,0.0,0.0,0.0,2.0,15,7,10
109738,16,2,3,0,6,3,0,1,1,1,2,12,2,2,0.0,0.0,0.0,0.0,0.0,4.0,3,1,8
140032,16,7,1,10,2,3,6,1,1,1,0,19,2,2,0.0,0.0,0.0,0.0,0.0,2.0,23,6,10
38275,16,3,3,10,8,3,6,5,1,1,0,36,2,2,0.0,0.0,0.0,0.0,0.0,2.0,18,3,3
54096,16,2,3,0,8,3,6,1,1,1,1,36,2,2,0.0,0.0,0.0,0.0,0.0,2.0,13,7,4
166776,16,2,3,17,8,3,0,1,0,1,2,24,2,2,0.0,0.0,0.0,0.0,0.0,2.0,10,7,11
10202,16,2,1,15,8,3,0,1,1,1,0,18,2,2,0.0,0.0,0.0,0.0,0.0,2.0,17,3,1
107420,16,2,3,10,8,3,0,1,0,1,2,17,2,4,1.0,0.0,0.0,0.0,1.0,2.0,7,6,8
175953,16,2,4,10,2,3,0,1,1,1,1,19,2,2,0.0,0.0,0.0,0.0,0.0,2.0,16,3,12
132523,4,2,3,0,8,3,0,1,0,1,2,36,2,2,0.0,0.0,0.0,0.0,0.0,2.0,11,6,9
107913,16,2,0,0,6,3,0,1,0,1,2,6,2,3,1.0,0.0,0.0,1.0,0.0,1.0,2,7,8
110394,15,2,3,0,8,3,0,1,1,1,1,36,2,2,0.0,0.0,0.0,0.0,0.0,3.0,16,1,8
29774,15,2,1,0,8,3,0,1,0,1,2,18,2,2,0.0,0.0,0.0,0.0,0.0,2.0,20,4,3
39735,16,2,3,10,8,3,0,1,1,1,1,19,2,2,0.0,0.0,0.0,0.0,0.0,2.0,13,7,3
6196,17,2,1,0,11,3,5,5,0,1,2,18,2,2,0.0,0.0,0.0,0.0,0.0,4.0,17,4,1
126767,15,2,3,17,10,3,0,1,1,1,2,23,2,2,0.0,0.0,0.0,0.0,0.0,2.0,7,5,9
40736,16,7,1,0,6,3,6,1,0,1,2,36,2,2,0.0,0.0,0.0,0.0,0.0,3.0,2,7,3
111796,16,2,3,9,6,3,0,1,0,1,0,18,2,3,1.0,0.0,0.0,1.0,0.0,1.0,11,2,8
18131,16,2,3,9,6,3,6,1,0,1,0,26,2,3,1.0,0.0,0.0,1.0,0.0,1.0,15,2,2
74809,15,7,3,10,6,3,6,1,0,0,0,19,2,4,1.0,0.0,0.0,0.0,1.0,1.0,12,2,6
79219,4,11,5,15,8,3,5,5,1,1,1,23,2,2,0.0,0.0,0.0,0.0,0.0,2.0,11,4,6
164258,16,2,1,17,8,3,0,5,1,0,2,36,3,2,0.0,0.0,0.0,0.0,0.0,4.0,18,5,11
167998,16,2,3,17,8,3,0,1,0,1,2,18,2,2,0.0,0.0,0.0,0.0,0.0,2.0,12,3,11
187663,16,10,1,17,2,3,4,1,1,1,1,24,2,2,0.0,0.0,0.0,0.0,0.0,2.0,22,7,12
70889,15,2,1,17,8,3,0,1,1,1,2,9,2,2,0.0,0.0,0.0,0.0,0.0,2.0,22,7,5
126994,16,2,1,17,6,3,0,1,1,1,1,18,2,2,0.0,0.0,0.0,0.0,0.0,3.0,19,2,9
47793,16,2,3,0,2,3,0,1,1,0,1,36,2,2,0.0,0.0,0.0,0.0,0.0,2.0,14,3,4
114677,16,7,3,10,2,3,6,1,1,1,0,19,2,2,0.0,0.0,0.0,0.0,0.0,3.0,9,3,8
159779,15,2,3,8,8,3,0,1,0,1,1,18,2,1,1.0,0.0,1.0,0.0,0.0,1.0,8,4,11
14610,15,7,3,0,11,3,6,1,1,1,2,5,2,2,0.0,0.0,0.0,0.0,0.0,3.0,11,1,1
131467,16,2,1,10,8,3,0,1,1,1,2,19,2,2,0.0,0.0,0.0,0.0,0.0,2.0,22,6,9
73969,15,2,1,10,8,3,0,1,1,1,2,19,2,2,0.0,0.0,0.0,0.0,0.0,2.0,22,3,6
74072,16,2,1,0,6,3,0,1,0,1,2,6,2,1,4.0,0.0,1.0,1.0,2.0,1.0,1,6,6
111368,16,2,3,0,8,3,0,1,0,1,2,36,2,4,2.0,0.0,0.0,0.0,2.0,1.0,17,4,8
130100,4,2,2,15,2,3,0,1,1,0,2,19,2,2,0.0,0.0,0.0,0.0,0.0,2.0,19,1,9
166158,16,2,3,8,8,3,0,1,1,1,1,11,2,2,0.0,0.0,0.0,0.0,0.0,3.0,13,5,11
168818,16,7,3,10,8,3,6,5,1,1,1,8,2,2,0.0,0.0,0.0,0.0,0.0,2.0,14,3,11
131066,16,7,3,0,6,3,6,1,0,1,2,6,2,3,2.0,0.0,0.0,2.0,0.0,2.0,15,3,9
95624,16,2,3,8,1,3,0,1,0,1,0,13,3,3,1.0,0.0,0.0,1.0,0.0,1.0,12,2,7
109320,16,2,3,17,8,3,0,1,1,1,1,18,2,2,0.0,0.0,0.0,0.0,0.0,3.0,14,7,8
129251,15,2,3,17,15,3,0,1,1,1,2,18,2,2,0.0,0.0,0.0,0.0,0.0,4.0,8,5,9
7939,15,7,3,0,6,3,6,1,1,1,1,18,2,2,0.0,0.0,0.0,0.0,0.0,2.0,8,2,1
61481,4,2,3,10,8,3,0,1,0,0,2,36,2,2,0.0,0.0,0.0,0.0,0.0,3.0,14,7,5
22260,17,11,5,15,10,3,5,5,1,1,2,36,2,2,0.0,0.0,0.0,0.0,0.0,4.0,4,1,2
23339,4,2,1,11,8,3,4,1,1,1,0,28,3,2,0.0,0.0,0.0,0.0,0.0,6.0,21,6,2
178675,18,2,2,17,2,3,5,5,0,1,2,26,2,4,1.0,0.0,0.0,0.0,1.0,3.0,17,2,12
20823,4,10,1,2,3,3,1,5,0,0,2,39,1,2,0.0,0.0,0.0,0.0,0.0,1.0,23,5,2
156000,15,2,3,0,6,3,0,5,1,1,2,18,2,2,0.0,0.0,0.0,0.0,0.0,2.0,14,2,11
81191,15,2,3,0,6,3,0,1,1,1,2,36,2,2,0.0,0.0,0.0,0.0,0.0,2.0,16,6,6
158572,16,2,3,10,8,3,0,1,1,1,2,19,2,2,0.0,0.0,0.0,0.0,0.0,2.0,9,3,11
34178,16,2,3,17,13,3,0,1,1,1,2,19,2,2,0.0,0.0,0.0,0.0,0.0,2.0,15,2,3
163410,16,2,3,17,8,3,0,1,1,1,0,24,2,2,0.0,0.0,0.0,0.0,0.0,2.0,10,2,11
187293,15,10,3,10,10,3,4,1,1,1,2,17,2,2,0.0,0.0,0.0,0.0,0.0,2.0,13,3,12
41353,16,7,1,10,8,3,6,1,1,1,1,39,2,2,0.0,0.0,0.0,0.0,0.0,2.0,23,6,3
28533,16,11,5,10,8,3,5,5,1,1,2,36,3,2,0.0,0.0,0.0,0.0,0.0,3.0,13,3,3
103982,16,2,1,0,11,3,0,1,0,1,2,6,2,2,0.0,0.0,0.0,0.0,0.0,2.0,20,3,8
129261,16,2,3,17,6,3,0,1,1,1,2,18,2,2,0.0,0.0,0.0,0.0,0.0,3.0,10,5,9
119871,15,2,3,17,6,3,0,1,1,1,0,17,2,2,0.0,0.0,0.0,0.0,0.0,16.0,13,6,8
107351,16,2,3,0,2,3,0,1,0,0,2,18,2,2,0.0,0.0,0.0,0.0,0.0,2.0,18,4,8
143675,16,2,1,2,15,2,0,1,0,1,2,36,1,2,0.0,0.0,0.0,0.0,0.0,1.0,22,1,10
15501,16,11,5,15,6,3,5,5,1,1,2,23,2,2,0.0,0.0,0.0,0.0,0.0,2.0,14,5,2
15061,16,2,3,17,2,3,0,1,1,1,2,18,2,2,0.0,0.0,0.0,0.0,0.0,3.0,13,2,2
167821,15,2,0,17,8,3,0,1,1,1,2,24,2,2,0.0,0.0,0.0,0.0,0.0,2.0,13,1,11
73476,4,2,3,8,15,3,0,1,0,1,0,11,2,1,1.0,0.0,1.0,0.0,0.0,1.0,17,3,6
142211,16,11,5,15,2,3,5,5,1,1,2,12,2,2,0.0,0.0,0.0,0.0,0.0,2.0,9,1,10
182383,4,2,0,17,15,3,0,1,0,1,2,24,2,2,0.0,0.0,0.0,0.0,0.0,2.0,17,4,12
134002,16,2,1,17,8,3,0,1,1,1,1,18,2,2,0.0,0.0,0.0,0.0,0.0,3.0,1,1,9
68030,16,2,3,0,2,3,0,1,0,1,1,6,3,3,1.0,0.0,0.0,1.0,0.0,3.0,15,6,5
154774,16,7,0,10,3,3,6,5,1,1,2,36,3,2,0.0,0.0,0.0,0.0,0.0,3.0,2,7,10
116676,15,2,3,0,10,3,0,1,1,1,0,5,2,2,0.0,0.0,0.0,0.0,0.0,2.0,15,5,8
172556,15,2,3,0,8,3,0,1,1,1,2,18,2,2,0.0,0.0,0.0,0.0,0.0,3.0,10,5,12
38858,16,2,3,9,6,3,0,5,0,1,0,36,2,3,1.0,0.0,0.0,1.0,0.0,1.0,12,7,3
102747,15,2,3,0,6,3,0,5,0,1,2,36,2,3,2.0,0.0,0.0,2.0,0.0,1.0,12,6,7
156822,16,2,3,0,8,3,0,1,1,1,2,36,2,2,0.0,0.0,0.0,0.0,0.0,4.0,14,7,11
149268,16,2,4,15,3,3,0,1,1,1,0,4,2,2,0.0,0.0,0.0,0.0,0.0,4.0,17,1,10
164200,16,2,3,10,2,3,0,5,1,1,2,26,2,2,0.0,0.0,0.0,0.0,0.0,2.0,10,2,11
20997,15,2,3,0,15,3,0,5,1,1,2,18,2,2,0.0,0.0,0.0,0.0,0.0,2.0,10,2,2
36061,16,2,3,0,6,3,0,1,0,1,2,18,2,3,1.0,0.0,0.0,1.0,0.0,3.0,13,5,3
107641,16,2,1,15,16,3,0,1,1,1,2,18,2,2,0.0,0.0,0.0,0.0,0.0,2.0,0,2,8
81660,15,7,1,0,6,3,6,1,1,1,2,36,2,2,0.0,0.0,0.0,0.0,0.0,2.0,20,4,6
66454,16,2,3,10,8,3,0,1,1,1,2,19,2,2,0.0,0.0,0.0,0.0,0.0,2.0,22,1,5
59549,15,2,3,8,8,3,0,1,1,1,0,18,2,2,0.0,0.0,0.0,0.0,0.0,2.0,16,3,5
181101,15,10,2,9,6,3,6,1,0,1,2,18,2,3,1.0,0.0,0.0,1.0,0.0,1.0,6,6,12
170225,16,2,1,17,8,3,6,5,1,1,1,18,2,2,0.0,0.0,0.0,0.0,0.0,2.0,17,3,11
184923,16,2,3,10,8,3,0,5,1,1,1,36,2,2,0.0,0.0,0.0,0.0,0.0,2.0,15,4,12
119040,16,2,3,15,2,3,0,5,1,0,1,23,2,2,0.0,0.0,0.0,0.0,0.0,3.0,12,5,8
184094,4,2,1,0,6,3,0,1,1,1,2,36,2,2,0.0,0.0,0.0,0.0,0.0,3.0,17,7,12
102265,17,11,5,15,10,3,5,5,1,1,2,22,2,2,0.0,0.0,0.0,0.0,0.0,2.0,12,6,7
57525,16,2,3,17,8,3,0,1,0,1,2,18,3,4,1.0,0.0,0.0,0.0,1.0,2.0,17,6,5
96236,16,2,3,10,8,3,0,1,1,1,1,36,2,2,0.0,0.0,0.0,0.0,0.0,2.0,13,6,7
134574,4,2,0,15,10,3,0,1,0,1,2,23,2,3,1.0,0.0,0.0,1.0,0.0,2.0,6,1,9
127521,15,2,1,0,8,3,0,1,1,1,1,18,2,2,0.0,0.0,0.0,0.0,0.0,2.0,19,2,9
10723,15,2,3,10,2,3,0,5,1,1,1,17,2,2,0.0,0.0,0.0,0.0,0.0,3.0,9,4,1
41275,15,2,3,17,8,3,0,1,1,1,1,18,2,2,0.0,0.0,0.0,0.0,0.0,2.0,17,4,3
120269,16,2,3,10,8,3,0,1,1,1,1,36,2,2,0.0,0.0,0.0,0.0,0.0,2.0,11,3,8