crash_date,               traffic_control_device,weather_condition,lighting_condition,first_crash_type,trafficway_type,alignment,roadway_surface_cond,road_defect,crash_type,intersection_related_i,damage,prim_contributory_cause,num_units,most_severe_injury,injuries_total,injuries_fatal,injuries_incapacitating,injuries_non_incapacitating,injuries_reported_not_evident,injuries_no_indication,crash_hour,crash_day_of_week,crash_month
72706,16,2,3,15,2,3,0,1,1,1,2,36,2,2,0.0,0.0,0.0,0.0,0.0,4.0,18,6,6
153153,16,2,1,14,6,3,0,1,1,1,2,18,2,2,0.0,0.0,0.0,0.0,0.0,2.0,15,5,10
117349,16,2,3,17,5,3,6,1,1,1,1,36,2,2,0.0,0.0,0.0,0.0,0.0,2.0,16,2,8
3330,16,3,3,0,6,3,0,1,1,1,2,36,2,2,0.0,0.0,0.0,0.0,0.0,4.0,12,1,1
21901,16,2,3,0,6,3,0,1,0,1,2,36,2,3,1.0,0.0,0.0,1.0,0.0,2.0,15,3,2
78386,16,7,1,10,6,3,6,1,0,1,2,6,2,2,0.0,0.0,0.0,0.0,0.0,2.0,2,7,6
122051,15,2,1,0,6,3,0,1,0,1,2,18,3,3,1.0,0.0,0.0,1.0,0.0,4.0,2,1,9
47096,15,2,3,0,11,3,0,5,1,1,1,36,2,2,0.0,0.0,0.0,0.0,0.0,2.0,16,3,4
110456,15,2,3,0,2,3,0,1,0,1,2,36,2,4,1.0,0.0,0.0,0.0,1.0,1.0,8,2,8
86102,16,2,3,17,8,3,0,1,0,1,2,18,3,4,1.0,0.0,0.0,0.0,1.0,2.0,13,3,6
73046,16,2,1,0,6,3,0,1,0,1,2,6,2,1,2.0,0.0,1.0,1.0,0.0,0.0,23,4,6
129610,15,2,3,0,8,3,0,1,1,1,2,36,2,2,0.0,0.0,0.0,0.0,0.0,4.0,7,2,9
146567,4,2,3,17,0,3,0,1,1,1,2,18,2,2,0.0,0.0,0.0,0.0,0.0,2.0,12,4,10
71030,16,2,3,0,6,3,0,1,0,1,2,36,2,2,0.0,0.0,0.0,0.0,0.0,3.0,15,3,5
81340,15,2,0,0,10,3,5,5,1,1,2,5,2,2,0.0,0.0,0.0,0.0,0.0,2.0,2,1,6
72062,16,2,3,10,2,3,0,1,1,1,2,19,2,2,0.0,0.0,0.0,0.0,0.0,2.0,19,3,6
66616,15,7,3,10,2,3,6,1,1,1,1,17,2,2,0.0,0.0,0.0,0.0,0.0,3.0,9,3,5
2729,16,2,1,17,6,3,0,1,0,1,2,24,2,4,1.0,0.0,0.0,0.0,1.0,1.0,22,5,1
187691,16,2,3,10,8,3,6,1,1,1,1,19,2,2,0.0,0.0,0.0,0.0,0.0,2.0,13,1,12
92834,15,2,3,0,6,3,0,1,0,1,2,5,2,3,1.0,0.0,0.0,1.0,0.0,2.0,17,2,7
30464,16,7,3,0,6,3,6,1,1,1,2,18,2,2,0.0,0.0,0.0,0.0,0.0,2.0,6,3,3
104879,16,2,3,0,8,3,0,1,0,1,2,36,2,2,0.0,0.0,0.0,0.0,0.0,2.0,16,3,8
70951,16,2,3,0,6,3,0,1,0,1,2,6,2,2,0.0,0.0,0.0,0.0,0.0,4.0,11,1,5
152953,16,7,1,15,2,3,6,1,1,0,1,36,2,2,0.0,0.0,0.0,0.0,0.0,4.0,2,1,10
35524,15,7,3,2,2,3,6,1,1,1,2,36,1,2,0.0,0.0,0.0,0.0,0.0,1.0,11,2,3
165745,16,2,3,10,8,3,0,1,1,1,0,19,2,2,0.0,0.0,0.0,0.0,0.0,2.0,8,6,11
20347,15,3,3,0,8,3,2,1,0,1,2,5,2,2,0.0,0.0,0.0,0.0,0.0,2.0,15,6,2
133178,15,2,3,17,8,3,0,1,1,1,2,36,2,2,0.0,0.0,0.0,0.0,0.0,2.0,13,2,9
96955,16,2,1,17,6,3,0,1,1,1,2,18,2,2,0.0,0.0,0.0,0.0,0.0,3.0,22,2,7
85563,16,2,3,10,6,3,0,1,1,0,2,19,2,2,0.0,0.0,0.0,0.0,0.0,2.0,15,1,6
123767,16,2,4,17,6,3,0,1,1,1,2,18,2,2,0.0,0.0,0.0,0.0,0.0,2.0,19,6,9
130666,4,2,3,10,10,3,0,1,1,1,1,19,2,2,0.0,0.0,0.0,0.0,0.0,2.0,17,2,9
117690,16,2,3,5,8,3,0,1,0,0,2,36,1,3,1.0,0.0,0.0,1.0,0.0,0.0,8,2,8
53778,16,2,3,17,2,3,0,5,1,1,0,36,2,2,0.0,0.0,0.0,0.0,0.0,2.0,16,3,4
53736,16,2,3,8,10,3,0,1,1,1,0,18,2,2,0.0,0.0,0.0,0.0,0.0,2.0,17,2,4
120795,17,2,3,17,6,3,0,1,0,1,2,38,2,2,0.0,0.0,0.0,0.0,0.0,2.0,16,4,9
73762,17,2,3,17,6,3,0,5,1,1,1,24,2,2,0.0,0.0,0.0,0.0,0.0,3.0,8,1,6
77455,16,2,3,8,6,3,0,1,1,1,2,22,2,2,0.0,0.0,0.0,0.0,0.0,4.0,11,7,6
154023,16,2,3,10,10,3,0,1,1,1,1,36,2,2,0.0,0.0,0.0,0.0,0.0,2.0,12,2,10
109335,16,2,4,17,11,3,0,1,1,1,2,6,2,2,0.0,0.0,0.0,0.0,0.0,3.0,19,7,8
165784,15,2,3,0,6,3,0,1,0,1,2,12,2,2,0.0,0.0,0.0,0.0,0.0,3.0,6,7,11
17886,16,2,1,14,2,3,1,1,0,1,2,22,2,2,0.0,0.0,0.0,0.0,0.0,5.0,21,4,2
174945,4,2,4,17,8,3,0,1,1,0,2,12,2,2,0.0,0.0,0.0,0.0,0.0,3.0,16,4,12
79266,4,2,3,17,6,3,0,1,0,1,2,24,2,3,1.0,0.0,0.0,1.0,0.0,1.0,18,6,6
172735,15,2,1,17,10,3,0,1,1,1,2,19,2,2,0.0,0.0,0.0,0.0,0.0,3.0,6,6,12
90485,16,2,3,4,2,3,0,3,1,1,0,26,1,2,0.0,0.0,0.0,0.0,0.0,1.0,19,6,7
5072,16,2,1,10,13,3,0,1,1,1,0,36,2,2,0.0,0.0,0.0,0.0,0.0,2.0,0,6,1
156533,16,2,1,14,6,3,0,5,0,1,2,26,2,2,0.0,0.0,0.0,0.0,0.0,2.0,21,7,11
33208,16,2,1,9,6,3,0,1,0,1,2,17,2,1,1.0,0.0,1.0,0.0,0.0,1.0,21,6,3
122960,16,2,1,15,8,3,0,1,1,1,2,22,2,2,0.0,0.0,0.0,0.0,0.0,2.0,22,5,9
104341,16,2,3,10,8,3,0,1,1,1,2,36,2,2,0.0,0.0,0.0,0.0,0.0,2.0,5,2,8
23435,16,2,3,17,3,3,0,1,1,1,2,18,2,2,0.0,0.0,0.0,0.0,0.0,3.0,17,1,2
17765,15,2,3,0,8,3,0,1,0,1,2,36,2,2,0.0,0.0,0.0,0.0,0.0,2.0,6,3,2
35462,16,2,1,17,8,3,0,1,0,1,2,24,2,3,2.0,0.0,0.0,2.0,0.0,3.0,0,7,3
8632,4,7,3,15,8,3,6,1,0,1,2,18,2,2,0.0,0.0,0.0,0.0,0.0,3.0,7,4,1
61576,15,7,3,0,11,3,6,1,1,1,2,39,2,2,0.0,0.0,0.0,0.0,0.0,2.0,12,5,5
143977,4,11,3,10,6,3,5,5,1,1,2,36,2,2,0.0,0.0,0.0,0.0,0.0,2.0,9,6,10
64698,16,11,5,10,6,3,5,5,1,1,2,36,2,2,0.0,0.0,0.0,0.0,0.0,2.0,3,7,5
94550,16,2,1,17,2,3,0,1,0,1,2,36,2,2,0.0,0.0,0.0,0.0,0.0,2.0,20,6,7
106151,16,2,1,9,11,3,0,1,1,1,1,18,2,2,0.0,0.0,0.0,0.0,0.0,2.0,20,6,8
31188,4,2,3,0,8,3,0,1,1,1,2,36,2,2,0.0,0.0,0.0,0.0,0.0,2.0,10,7,3
62618,18,2,3,17,2,3,0,1,1,1,1,18,2,2,0.0,0.0,0.0,0.0,0.0,3.0,15,1,5
176059,16,2,3,17,8,3,0,1,1,1,1,24,2,2,0.0,0.0,0.0,0.0,0.0,2.0,11,6,12
144446,16,7,1,10,3,3,6,6,0,1,2,39,2,4,1.0,0.0,0.0,0.0,1.0,4.0,0,4,10
7515,15,2,1,0,2,3,0,1,1,1,2,36,2,2,0.0,0.0,0.0,0.0,0.0,2.0,18,4,1
187287,16,10,3,17,6,3,4,1,1,1,1,12,2,2,0.0,0.0,0.0,0.0,0.0,3.0,13,3,12
170798,16,2,4,10,8,3,0,1,1,1,2,36,2,2,0.0,0.0,0.0,0.0,0.0,2.0,17,5,11
151726,16,2,1,10,2,3,0,1,0,1,2,26,3,4,1.0,0.0,0.0,0.0,1.0,2.0,19,6,10
136965,4,2,1,10,3,3,5,5,1,1,1,17,2,2,0.0,0.0,0.0,0.0,0.0,2.0,23,6,9
68306,16,2,3,11,8,3,0,1,0,1,2,21,2,2,0.0,0.0,0.0,0.0,0.0,2.0,12,7,5
183804,17,2,4,10,8,3,6,5,1,1,1,36,2,2,0.0,0.0,0.0,0.0,0.0,2.0,19,7,12
2791,15,2,3,17,6,3,0,1,1,1,2,24,2,2,0.0,0.0,0.0,0.0,0.0,2.0,10,6,1
144491,16,2,1,15,6,3,0,1,1,1,2,18,2,2,0.0,0.0,0.0,0.0,0.0,3.0,20,5,10
39352,16,2,1,17,2,3,0,1,0,1,2,17,3,2,0.0,0.0,0.0,0.0,0.0,5.0,1,1,3
13039,16,2,3,0,8,3,6,1,1,1,2,6,2,2,0.0,0.0,0.0,0.0,0.0,2.0,12,1,1
79920,16,2,3,0,2,3,0,5,1,1,2,36,2,2,0.0,0.0,0.0,0.0,0.0,2.0,8,6,6
92715,16,2,3,17,6,3,0,1,1,1,2,24,2,2,0.0,0.0,0.0,0.0,0.0,2.0,9,7,7
15840,16,1,3,10,2,5,4,1,1,1,1,39,2,2,0.0,0.0,0.0,0.0,0.0,2.0,8,4,2
123804,16,2,3,0,8,3,0,1,1,1,2,18,2,2,0.0,0.0,0.0,0.0,0.0,4.0,12,2,9
121259,16,2,3,10,8,3,0,1,0,1,2,17,2,1,1.0,0.0,1.0,0.0,0.0,2.0,7,2,9
964,16,2,3,15,6,3,0,1,1,1,2,23,2,2,0.0,0.0,0.0,0.0,0.0,2.0,10,5,1
118896,16,3,3,10,8,3,0,1,0,1,2,17,2,3,2.0,0.0,0.0,2.0,0.0,2.0,14,4,8
2503,16,2,3,10,2,3,0,1,1,1,2,36,2,2,0.0,0.0,0.0,0.0,0.0,2.0,13,1,1
115228,16,2,3,10,8,3,0,1,1,1,2,13,3,2,0.0,0.0,0.0,0.0,0.0,6.0,16,5,8
176795,16,2,3,10,2,3,0,1,1,1,2,19,2,2,0.0,0.0,0.0,0.0,0.0,2.0,11,4,12
127908,15,2,1,0,6,3,0,1,0,0,0,36,2,3,1.0,0.0,0.0,1.0,0.0,1.0,1,7,9
37245,15,2,3,0,11,3,0,1,0,1,2,5,2,3,2.0,0.0,0.0,1.0,1.0,1.0,15,4,3
21101,16,2,3,15,8,3,0,1,1,1,0,23,2,2,0.0,0.0,0.0,0.0,0.0,3.0,11,3,2
94582,16,2,3,0,8,3,0,1,0,1,2,6,3,4,2.0,0.0,0.0,0.0,2.0,3.0,16,7,7
7667,16,2,3,15,2,3,0,1,1,1,1,22,2,2,0.0,0.0,0.0,0.0,0.0,3.0,14,4,1
75290,15,2,3,17,2,3,0,1,1,1,1,19,2,2,0.0,0.0,0.0,0.0,0.0,2.0,14,3,6
47728,15,2,1,10,3,3,0,1,0,1,2,17,2,2,0.0,0.0,0.0,0.0,0.0,2.0,20,7,4
119122,15,2,3,9,6,3,0,5,0,1,1,36,2,3,1.0,0.0,0.0,1.0,0.0,1.0,13,1,8
175029,16,2,4,10,8,3,0,1,0,1,2,12,2,2,0.0,0.0,0.0,0.0,0.0,2.0,6,5,12
30796,16,2,3,0,6,3,0,5,1,1,0,36,2,2,0.0,0.0,0.0,0.0,0.0,2.0,12,7,3
162263,16,2,1,15,8,3,6,1,1,1,1,23,2,2,0.0,0.0,0.0,0.0,0.0,3.0,17,7,11
180465,15,7,3,10,2,3,6,5,1,1,1,19,2,2,0.0,0.0,0.0,0.0,0.0,2.0,11,4,12
65477,15,2,3,8,8,3,0,1,0,1,2,36,2,4,1.0,0.0,0.0,0.0,1.0,1.0,19,6,5
164736,4,7,3,17,8,3,6,1,1,1,1,24,2,2,0.0,0.0,0.0,0.0,0.0,2.0,12,3,11
74616,16,2,3,15,8,3,0,1,1,1,1,36,2,2,0.0,0.0,0.0,0.0,0.0,2.0,15,7,6
5151,16,2,1,9,8,3,0,1,0,1,0,36,2,3,1.0,0.0,0.0,1.0,0.0,1.0,18,2,1
42952,16,2,3,17,6,3,0,1,1,1,2,17,2,2,0.0,0.0,0.0,0.0,0.0,4.0,11,6,4
72446,16,2,3,10,2,3,0,5,1,1,2,19,2,2,0.0,0.0,0.0,0.0,0.0,3.0,15,1,6
173127,15,2,1,0,6,3,0,1,0,1,2,18,2,4,1.0,0.0,0.0,0.0,1.0,3.0,16,7,12
94612,16,7,3,17,11,3,6,1,0,1,2,6,2,2,0.0,0.0,0.0,0.0,0.0,2.0,9,7,7
28503,16,2,3,10,8,3,0,1,1,1,1,19,2,2,0.0,0.0,0.0,0.0,0.0,2.0,18,2,3
19204,16,2,1,0,6,3,0,1,0,1,1,18,2,3,1.0,0.0,0.0,1.0,0.0,1.0,22,6,2
102258,16,7,1,14,8,3,6,1,1,0,1,18,2,2,0.0,0.0,0.0,0.0,0.0,3.0,23,6,7
38351,4,3,3,17,12,0,0,1,1,1,2,24,2,2,0.0,0.0,0.0,0.0,0.0,2.0,10,4,3
109131,16,2,3,17,6,3,0,1,0,1,2,12,2,4,2.0,0.0,0.0,0.0,2.0,2.0,17,5,8
129802,16,2,3,9,8,3,0,1,0,1,0,18,2,4,1.0,0.0,0.0,0.0,1.0,1.0,17,6,9
154139,16,7,3,10,6,3,6,1,1,1,1,19,2,2,0.0,0.0,0.0,0.0,0.0,2.0,13,6,10
149870,16,2,1,9,10,3,0,1,1,1,0,18,2,2,0.0,0.0,0.0,0.0,0.0,2.0,19,2,10
164172,4,2,3,3,10,3,0,1,1,0,0,12,2,2,0.0,0.0,0.0,0.0,0.0,3.0,10,6,11
25122,16,7,3,10,8,3,6,1,1,1,0,36,2,2,0.0,0.0,0.0,0.0,0.0,2.0,16,4,2
37984,16,2,3,17,6,3,0,1,1,1,2,18,2,2,0.0,0.0,0.0,0.0,0.0,2.0,12,5,3
55659,16,2,3,10,2,3,0,1,1,1,2,19,2,2,0.0,0.0,0.0,0.0,0.0,2.0,7,3,4
6207,15,2,1,10,8,3,0,1,0,1,2,19,2,2,0.0,0.0,0.0,0.0,0.0,2.0,19,4,1
32183,16,2,3,15,8,3,0,1,1,1,1,19,2,2,0.0,0.0,0.0,0.0,0.0,2.0,15,3,3
95454,4,2,3,0,15,3,0,1,0,1,2,32,2,2,0.0,0.0,0.0,0.0,0.0,3.0,13,2,7
75943,4,2,1,15,8,3,0,1,0,0,2,36,3,3,1.0,0.0,0.0,1.0,0.0,5.0,23,5,6
43803,15,7,1,0,8,3,6,1,0,1,2,5,2,2,0.0,0.0,0.0,0.0,0.0,2.0,22,5,4
141612,4,2,3,17,6,3,5,5,1,1,2,18,2,2,0.0,0.0,0.0,0.0,0.0,2.0,8,2,10
89741,16,2,3,8,8,3,0,1,0,1,2,36,2,4,1.0,0.0,0.0,0.0,1.0,1.0,17,3,7
81711,15,2,3,0,8,3,0,1,0,1,2,18,2,2,0.0,0.0,0.0,0.0,0.0,2.0,17,6,6
78610,16,7,4,17,6,3,6,1,1,1,2,24,2,2,0.0,0.0,0.0,0.0,0.0,4.0,16,3,6
139767,16,2,1,17,2,3,0,1,0,1,2,24,2,3,1.0,0.0,0.0,1.0,0.0,1.0,22,4,10
8721,16,2,3,10,8,3,6,1,0,1,2,19,2,2,0.0,0.0,0.0,0.0,0.0,2.0,10,5,1
42346,4,2,1,3,2,3,0,1,0,0,2,22,2,3,1.0,0.0,0.0,1.0,0.0,2.0,22,1,4
65281,16,2,3,0,16,3,6,1,0,1,2,6,2,3,1.0,0.0,0.0,1.0,0.0,1.0,10,3,5
17314,16,2,0,17,5,3,0,1,0,1,2,36,2,3,1.0,0.0,0.0,1.0,0.0,1.0,20,2,2
147147,16,2,3,10,10,3,0,1,1,1,1,18,2,2,0.0,0.0,0.0,0.0,0.0,2.0,8,7,10
103642,15,2,1,15,2,3,0,5,0,1,1,23,3,2,0.0,0.0,0.0,0.0,0.0,3.0,20,6,7
105793,16,2,1,10,15,3,5,5,1,1,1,36,2,2,0.0,0.0,0.0,0.0,0.0,4.0,20,1,8
179581,16,11,0,0,8,3,5,5,1,1,1,36,2,2,0.0,0.0,0.0,0.0,0.0,3.0,1,6,12
39287,16,2,1,0,6,3,0,1,1,1,2,18,2,2,0.0,0.0,0.0,0.0,0.0,2.0,23,1,3
64514,4,2,3,17,8,3,0,1,1,1,2,36,2,2,0.0,0.0,0.0,0.0,0.0,2.0,7,6,5
11775,16,3,1,0,8,3,0,1,0,1,2,36,2,1,3.0,0.0,1.0,1.0,1.0,0.0,1,3,1
13664,16,2,1,17,6,3,5,1,1,1,2,18,2,2,0.0,0.0,0.0,0.0,0.0,3.0,3,7,1
95782,4,2,3,17,15,3,0,1,0,1,2,18,2,3,1.0,0.0,0.0,1.0,0.0,3.0,16,6,7
20388,16,2,3,17,2,3,6,1,1,1,2,18,2,2,0.0,0.0,0.0,0.0,0.0,2.0,9,6,2
96396,15,2,1,0,6,3,0,1,0,0,2,5,2,3,1.0,0.0,0.0,1.0,0.0,2.0,1,1,7
12219,16,10,3,10,8,3,4,1,1,1,2,19,2,2,0.0,0.0,0.0,0.0,0.0,2.0,8,3,1
61419,15,2,3,0,6,3,0,1,1,1,2,18,2,2,0.0,0.0,0.0,0.0,0.0,2.0,16,5,5
130055,16,2,3,10,6,3,0,1,1,1,2,36,2,2,0.0,0.0,0.0,0.0,0.0,2.0,20,3,9
174325,16,2,3,17,2,3,0,1,1,1,2,36,2,2,0.0,0.0,0.0,0.0,0.0,3.0,13,3,12
85863,4,2,3,17,2,3,0,1,0,1,2,17,2,3,1.0,0.0,0.0,1.0,0.0,2.0,17,5,6
147016,16,2,1,0,8,3,0,1,0,1,2,36,2,2,0.0,0.0,0.0,0.0,0.0,2.0,5,4,10
83241,16,7,3,17,3,3,6,1,1,1,1,21,2,2,0.0,0.0,0.0,0.0,0.0,2.0,10,6,6
52410,15,2,1,2,6,3,0,1,0,1,2,18,2,2,0.0,0.0,0.0,0.0,0.0,2.0,1,1,4
147695,16,2,3,17,6,3,0,1,0,1,2,36,2,2,0.0,0.0,0.0,0.0,0.0,3.0,9,1,10
42425,4,2,1,0,8,3,0,1,0,0,2,18,2,2,0.0,0.0,0.0,0.0,0.0,2.0,1,4,4
51388,16,2,3,10,3,3,0,1,1,1,1,36,2,2,0.0,0.0,0.0,0.0,0.0,2.0,10,3,4
63902,16,2,3,10,6,3,0,1,1,1,0,19,2,2,0.0,0.0,0.0,0.0,0.0,2.0,17,2,5
106944,16,2,3,17,3,3,0,1,0,1,2,18,3,4,1.0,0.0,0.0,0.0,1.0,7.0,16,6,8
62057,15,2,3,17,8,3,0,1,0,1,2,18,2,2,0.0,0.0,0.0,0.0,0.0,5.0,12,1,5
165065,16,7,1,17,6,3,6,1,0,1,1,17,2,3,1.0,0.0,0.0,1.0,0.0,2.0,18,4,11
127780,4,2,3,17,0,3,0,1,0,1,2,18,2,2,0.0,0.0,0.0,0.0,0.0,2.0,16,5,9
23342,16,10,3,10,15,3,1,1,1,1,2,39,2,2,0.0,0.0,0.0,0.0,0.0,2.0,9,6,2
50918,16,2,3,10,8,3,0,1,1,1,1,36,2,2,0.0,0.0,0.0,0.0,0.0,2.0,12,7,4
59205,16,2,3,17,6,3,0,1,1,1,2,24,2,2,0.0,0.0,0.0,0.0,0.0,2.0,14,6,5
118183,16,2,3,8,8,3,0,1,0,1,2,38,2,4,1.0,0.0,0.0,0.0,1.0,2.0,15,3,8
20408,16,2,3,14,6,3,5,5,1,1,2,36,2,2,0.0,0.0,0.0,0.0,0.0,2.0,13,7,2
44929,4,2,3,10,1,3,0,1,1,1,0,19,2,2,0.0,0.0,0.0,0.0,0.0,2.0,7,5,4
112318,16,2,1,17,6,3,0,5,1,1,1,24,2,2,0.0,0.0,0.0,0.0,0.0,2.0,0,3,8
156309,17,2,0,0,2,3,6,1,0,1,2,18,2,3,1.0,0.0,0.0,1.0,0.0,1.0,20,4,11
146538,4,2,3,17,8,3,0,1,1,1,2,36,2,2,0.0,0.0,0.0,0.0,0.0,2.0,17,4,10
667,16,2,3,10,8,3,0,1,1,1,2,19,2,2,0.0,0.0,0.0,0.0,0.0,2.0,21,4,1
138527,15,2,3,0,2,3,0,1,1,1,2,5,2,2,0.0,0.0,0.0,0.0,0.0,2.0,13,1,10
94036,16,2,3,0,8,3,0,1,0,1,2,36,2,4,2.0,0.0,0.0,0.0,2.0,1.0,14,6,7
187687,16,2,3,0,8,3,6,1,0,1,2,3,2,2,0.0,0.0,0.0,0.0,0.0,3.0,12,7,12
176923,15,7,3,0,8,3,6,1,0,1,2,39,2,2,0.0,0.0,0.0,0.0,0.0,4.0,7,6,12
71696,15,2,3,15,8,3,0,1,0,1,2,18,2,2,0.0,0.0,0.0,0.0,0.0,3.0,17,6,5
165509,16,2,0,17,8,3,0,1,0,1,2,18,3,3,2.0,0.0,0.0,1.0,1.0,4.0,16,2,11
13777,15,10,3,17,10,3,6,1,1,1,0,18,2,2,0.0,0.0,0.0,0.0,0.0,2.0,15,1,1
25282,4,2,2,17,2,3,0,1,1,1,1,36,2,2,0.0,0.0,0.0,0.0,0.0,2.0,14,6,2
13201,16,2,3,0,2,3,0,1,0,1,2,36,3,2,0.0,0.0,0.0,0.0,0.0,4.0,11,5,1
126220,15,2,3,10,10,3,0,1,1,1,1,19,2,2,0.0,0.0,0.0,0.0,0.0,2.0,9,4,9
7626,15,10,3,0,10,3,4,1,0,1,2,16,2,2,0.0,0.0,0.0,0.0,0.0,4.0,7,3,1
179961,16,2,1,15,6,3,0,1,1,1,2,22,2,2,0.0,0.0,0.0,0.0,0.0,2.0,18,5,12
30902,16,2,1,17,15,3,0,1,0,1,2,36,2,4,1.0,0.0,0.0,0.0,1.0,1.0,1,4,3
3127,16,2,3,10,2,3,0,1,1,1,1,36,2,2,0.0,0.0,0.0,0.0,0.0,2.0,10,3,1
111978,15,2,1,17,2,3,0,1,1,1,1,18,2,2,0.0,0.0,0.0,0.0,0.0,3.0,19,4,8
71182,16,2,3,15,10,3,0,1,1,1,2,22,2,2,0.0,0.0,0.0,0.0,0.0,3.0,14,4,5
64162,4,2,3,7,10,3,0,1,1,1,0,36,2,2,0.0,0.0,0.0,0.0,0.0,1.0,8,5,5
91995,15,2,3,17,2,3,0,1,1,1,2,36,2,2,0.0,0.0,0.0,0.0,0.0,3.0,8,2,7
81396,16,2,3,17,6,3,0,1,0,1,2,6,4,4,2.0,0.0,0.0,0.0,2.0,2.0,13,3,6
100231,16,2,3,17,2,3,0,1,1,1,2,18,2,2,0.0,0.0,0.0,0.0,0.0,2.0,15,3,7
179561,16,2,3,15,2,4,0,1,1,1,1,17,2,2,0.0,0.0,0.0,0.0,0.0,2.0,10,5,12
173447,16,2,1,7,2,3,0,1,1,1,2,36,2,2,0.0,0.0,0.0,0.0,0.0,1.0,17,5,12
74276,15,2,3,0,3,3,0,1,1,1,2,18,2,2,0.0,0.0,0.0,0.0,0.0,2.0,14,2,6
79726,16,2,1,9,8,3,0,5,0,1,0,36,2,3,1.0,0.0,0.0,1.0,0.0,1.0,21,4,6
41324,15,2,3,0,6,3,0,1,0,1,2,36,2,2,0.0,0.0,0.0,0.0,0.0,2.0,16,6,3
39942,16,2,3,17,6,3,0,1,1,1,2,18,2,2,0.0,0.0,0.0,0.0,0.0,2.0,18,6,3
43927,15,2,4,17,6,3,0,1,0,1,2,24,2,3,1.0,0.0,0.0,1.0,0.0,1.0,18,2,4
54331,16,2,3,17,6,3,0,1,0,1,2,18,2,3,1.0,0.0,0.0,1.0,0.0,3.0,15,4,4
80650,16,2,3,0,6,3,0,1,1,1,2,18,2,2,0.0,0.0,0.0,0.0,0.0,2.0,16,5,6
67516,15,2,3,10,10,3,0,1,1,1,1,12,2,2,0.0,0.0,0.0,0.0,0.0,2.0,11,3,5
122487,16,2,3,10,8,3,0,5,1,0,2,36,2,2,0.0,0.0,0.0,0.0,0.0,3.0,11,6,9
18115,15,2,3,10,8,3,4,1,1,0,1,36,2,2,0.0,0.0,0.0,0.0,0.0,2.0,12,1,2
150432,3,7,3,17,8,3,6,1,1,1,2,23,2,2,0.0,0.0,0.0,0.0,0.0,2.0,12,2,10
68678,15,2,3,0,8,3,0,2,0,1,2,18,4,3,7.0,0.0,0.0,7.0,0.0,0.0,14,7,5
163639,4,7,3,0,3,3,6,1,0,1,2,36,2,2,0.0,0.0,0.0,0.0,0.0,3.0,7,4,11
29527,16,2,1,0,3,3,0,1,0,1,2,6,2,3,3.0,0.0,0.0,3.0,0.0,2.0,2,1,3
144853,16,2,1,2,3,3,0,1,0,1,2,36,1,1,1.0,0.0,1.0,0.0,0.0,0.0,4,3,10
146581,4,2,3,10,8,3,0,1,1,1,1,19,2,2,0.0,0.0,0.0,0.0,0.0,3.0,15,6,10
16236,4,2,3,10,8,3,1,1,1,1,2,36,2,2,0.0,0.0,0.0,0.0,0.0,2.0,15,5,2
174363,16,2,3,0,2,3,0,1,1,0,1,36,2,2,0.0,0.0,0.0,0.0,0.0,2.0,7,3,12
51238,6,2,3,10,8,3,0,5,1,1,1,19,3,2,0.0,0.0,0.0,0.0,0.0,3.0,17,6,4
127086,16,2,3,0,6,3,0,1,0,1,2,6,2,2,0.0,0.0,0.0,0.0,0.0,3.0,14,5,9
44916,16,7,3,10,2,3,6,1,1,1,2,19,3,2,0.0,0.0,0.0,0.0,0.0,3.0,13,5,4
109077,15,2,3,17,6,3,0,5,1,1,2,19,2,2,0.0,0.0,0.0,0.0,0.0,2.0,16,4,8
81934,16,2,1,0,8,3,0,1,0,1,2,6,2,3,1.0,0.0,0.0,1.0,0.0,3.0,23,1,6
106297,16,2,3,8,10,3,0,1,0,1,0,36,2,3,1.0,0.0,0.0,1.0,0.0,1.0,18,2,8
179221,15,2,3,0,6,3,0,1,1,1,2,18,2,2,0.0,0.0,0.0,0.0,0.0,3.0,8,2,12
99272,16,2,3,15,8,3,0,1,1,1,2,26,2,2,0.0,0.0,0.0,0.0,0.0,3.0,14,2,7
173562,16,2,0,17,8,3,0,1,0,1,2,36,2,3,4.0,0.0,0.0,4.0,0.0,0.0,18,7,12
103441,16,2,3,17,10,3,0,1,1,1,2,18,2,2,0.0,0.0,0.0,0.0,0.0,2.0,18,2,7
15044,15,2,3,0,6,3,0,1,0,1,2,18,2,1,2.0,0.0,1.0,0.0,1.0,0.0,8,4,1
37906,16,2,3,17,2,3,0,5,1,1,2,36,2,2,0.0,0.0,0.0,0.0,0.0,2.0,8,3,3
165358,16,7,3,0,8,3,6,1,1,1,1,18,3,2,0.0,0.0,0.0,0.0,0.0,8.0,13,7,11
116994,4,2,3,2,6,3,0,3,1,1,2,32,1,2,0.0,0.0,0.0,0.0,0.0,1.0,14,5,8
86454,15,2,3,7,8,3,0,1,0,1,2,17,2,3,1.0,0.0,0.0,1.0,0.0,0.0,8,1,6
76853,16,2,3,0,6,3,0,1,0,1,2,36,2,3,1.0,0.0,0.0,1.0,0.0,3.0,18,5,6
6885,15,11,5,7,6,3,5,1,1,1,1,36,3,2,0.0,0.0,0.0,0.0,0.0,1.0,8,7,1
166968,16,2,0,15,6,3,0,5,1,1,2,18,2,2,0.0,0.0,0.0,0.0,0.0,2.0,8,4,11
66704,16,2,3,10,2,3,0,1,1,1,1,19,2,2,0.0,0.0,0.0,0.0,0.0,2.0,9,4,5