crash_date,               traffic_control_device,weather_condition,lighting_condition,first_crash_type,trafficway_type,alignment,roadway_surface_cond,road_defect,crash_type,intersection_related_i,damage,prim_contributory_cause,num_units,most_severe_injury,injuries_total,injuries_fatal,injuries_incapacitating,injuries_non_incapacitating,injuries_reported_not_evident,injuries_no_indication,crash_hour,crash_day_of_week,crash_month
126740,15,2,3,15,8,3,0,1,0,1,2,18,2,2,0.0,0.0,0.0,0.0,0.0,2.0,15,5,9
117571,15,2,3,17,19,3,0,1,0,1,2,22,2,3,1.0,0.0,0.0,1.0,0.0,2.0,9,6,8
49046,15,2,3,7,2,3,0,1,0,1,2,30,2,3,1.0,0.0,0.0,1.0,0.0,0.0,15,2,4
12114,16,10,3,17,6,3,6,1,1,1,1,36,2,2,0.0,0.0,0.0,0.0,0.0,2.0,9,7,1
82915,15,2,3,0,6,3,0,1,1,1,2,36,2,2,0.0,0.0,0.0,0.0,0.0,2.0,7,2,6
83945,16,2,3,0,6,3,0,1,0,1,2,18,2,2,0.0,0.0,0.0,0.0,0.0,2.0,17,4,6
10344,15,2,4,0,6,3,0,1,0,1,2,18,2,2,0.0,0.0,0.0,0.0,0.0,2.0,16,6,1
105025,15,2,1,8,8,3,0,1,0,1,1,38,2,3,1.0,0.0,0.0,1.0,0.0,2.0,22,6,8
18123,16,2,3,0,6,3,0,1,0,1,2,17,2,3,2.0,0.0,0.0,1.0,1.0,0.0,14,2,2
188464,15,2,3,0,6,3,0,1,0,1,1,18,2,2,0.0,0.0,0.0,0.0,0.0,2.0,8,7,12
51794,16,7,3,10,8,3,6,1,1,1,2,19,2,2,0.0,0.0,0.0,0.0,0.0,3.0,15,4,4
63719,16,2,3,0,8,3,0,1,1,1,2,6,2,2,0.0,0.0,0.0,0.0,0.0,2.0,15,5,5
10218,16,2,3,0,2,3,0,1,0,1,2,3,2,2,0.0,0.0,0.0,0.0,0.0,2.0,7,3,1
46700,16,2,3,10,2,3,0,1,1,1,0,19,2,2,0.0,0.0,0.0,0.0,0.0,2.0,7,2,4
86095,16,2,3,10,2,3,0,1,1,1,2,23,2,2,0.0,0.0,0.0,0.0,0.0,3.0,12,2,6
175616,15,3,3,7,8,3,0,1,0,1,2,12,3,2,0.0,0.0,0.0,0.0,0.0,1.0,14,7,12
118941,4,2,1,7,2,3,0,1,1,1,0,36,2,2,0.0,0.0,0.0,0.0,0.0,1.0,22,4,8
101973,16,2,3,15,8,3,0,1,1,1,2,12,2,2,0.0,0.0,0.0,0.0,0.0,6.0,19,1,7
22060,15,3,3,0,10,3,0,1,0,1,2,5,2,4,1.0,0.0,0.0,0.0,1.0,3.0,10,5,2
136272,16,2,3,17,6,3,0,1,0,1,2,18,2,2,0.0,0.0,0.0,0.0,0.0,2.0,9,3,9
56185,16,2,3,15,3,3,0,5,0,1,2,36,2,2,0.0,0.0,0.0,0.0,0.0,3.0,13,6,5
127631,15,11,5,17,8,3,5,5,0,1,2,18,2,4,1.0,0.0,0.0,0.0,1.0,1.0,18,4,9
66507,16,2,3,17,6,3,0,1,0,1,2,18,2,3,1.0,0.0,0.0,1.0,0.0,1.0,8,3,5
183112,16,2,3,15,2,2,0,1,1,0,0,23,2,2,0.0,0.0,0.0,0.0,0.0,2.0,9,4,12
148266,16,7,3,10,8,3,6,1,0,1,2,19,2,2,0.0,0.0,0.0,0.0,0.0,4.0,16,2,10
143244,16,2,1,11,8,3,0,1,1,1,1,21,2,2,0.0,0.0,0.0,0.0,0.0,2.0,20,3,10
144025,4,7,3,17,8,3,6,1,0,1,2,24,2,3,2.0,0.0,0.0,2.0,0.0,1.0,16,4,10
132560,15,2,4,0,2,3,0,1,0,1,2,18,2,2,0.0,0.0,0.0,0.0,0.0,4.0,19,7,9
32587,16,2,1,17,11,3,0,1,1,1,2,21,2,2,0.0,0.0,0.0,0.0,0.0,2.0,20,1,3
16781,16,2,3,15,6,3,5,5,1,1,2,22,2,2,0.0,0.0,0.0,0.0,0.0,3.0,13,1,2
33821,4,7,1,8,2,3,6,1,0,1,1,24,2,3,1.0,0.0,0.0,1.0,0.0,1.0,21,1,3
60148,4,2,3,10,8,3,0,1,1,1,1,19,2,2,0.0,0.0,0.0,0.0,0.0,2.0,17,5,5
167467,16,7,2,17,2,3,6,1,1,1,2,18,2,2,0.0,0.0,0.0,0.0,0.0,2.0,9,3,11
172009,15,2,0,0,8,3,6,1,0,1,2,11,2,2,0.0,0.0,0.0,0.0,0.0,2.0,1,5,11
146977,4,2,1,8,2,3,0,1,0,1,2,18,2,1,1.0,0.0,1.0,0.0,0.0,1.0,23,3,10
65428,4,2,1,17,8,3,0,5,0,1,2,36,2,3,1.0,0.0,0.0,1.0,0.0,1.0,22,5,5
93504,4,2,3,0,11,3,0,1,1,1,2,18,2,2,0.0,0.0,0.0,0.0,0.0,2.0,16,5,7
80570,16,2,3,10,8,3,0,1,1,1,1,19,3,2,0.0,0.0,0.0,0.0,0.0,3.0,12,2,6
139202,16,2,3,10,2,3,0,1,1,1,1,36,2,2,0.0,0.0,0.0,0.0,0.0,4.0,11,2,10
81821,16,2,1,0,6,3,0,1,1,1,2,3,2,2,0.0,0.0,0.0,0.0,0.0,2.0,21,7,6
151999,15,7,1,0,15,3,6,5,0,1,2,36,2,3,2.0,0.0,0.0,2.0,0.0,0.0,5,4,10
47014,16,2,3,0,9,3,0,1,1,1,1,6,2,2,0.0,0.0,0.0,0.0,0.0,2.0,9,3,4
139160,15,2,3,9,10,3,0,5,1,0,2,36,2,2,0.0,0.0,0.0,0.0,0.0,2.0,17,2,10
175160,4,3,3,2,4,3,0,1,1,1,1,36,1,2,0.0,0.0,0.0,0.0,0.0,1.0,11,1,12
159024,16,2,3,10,8,3,0,1,0,1,2,19,2,1,1.0,0.0,1.0,0.0,0.0,2.0,11,1,11
68010,16,2,1,17,6,3,0,1,1,1,0,22,2,2,0.0,0.0,0.0,0.0,0.0,2.0,22,4,5
72037,16,2,3,17,10,3,0,1,1,1,2,24,2,2,0.0,0.0,0.0,0.0,0.0,3.0,15,3,6
121541,4,2,3,17,8,3,0,1,1,0,2,24,3,2,0.0,0.0,0.0,0.0,0.0,5.0,9,7,9
8793,16,10,1,0,8,3,6,1,0,1,2,6,2,3,1.0,0.0,0.0,1.0,0.0,3.0,22,6,1
97612,16,2,3,10,8,3,5,5,1,1,2,19,2,2,0.0,0.0,0.0,0.0,0.0,2.0,9,6,7
99912,16,2,3,15,6,3,0,1,1,1,2,21,2,2,0.0,0.0,0.0,0.0,0.0,2.0,15,6,7
142879,16,2,3,10,8,3,6,1,1,0,2,19,2,2,0.0,0.0,0.0,0.0,0.0,2.0,16,4,10
148306,15,2,3,17,15,3,0,1,1,1,1,38,2,2,0.0,0.0,0.0,0.0,0.0,2.0,12,2,10
54558,4,2,3,10,8,3,0,5,1,1,2,36,2,2,0.0,0.0,0.0,0.0,0.0,2.0,16,6,4
105718,4,2,1,2,8,3,0,3,1,1,1,26,1,2,0.0,0.0,0.0,0.0,0.0,1.0,22,7,8
132890,17,2,3,8,8,3,0,1,0,1,0,19,2,3,1.0,0.0,0.0,1.0,0.0,1.0,18,6,9
94813,16,2,3,15,2,3,0,5,1,1,2,17,2,2,0.0,0.0,0.0,0.0,0.0,2.0,13,5,7
51514,15,2,3,9,6,3,0,1,0,1,2,5,2,3,1.0,0.0,0.0,1.0,0.0,1.0,12,5,4
69224,4,2,3,9,10,3,0,1,0,0,2,18,2,3,1.0,0.0,0.0,1.0,0.0,1.0,14,1,5
163907,15,11,5,0,15,3,5,5,1,1,2,36,2,2,0.0,0.0,0.0,0.0,0.0,2.0,15,2,11
72531,4,2,3,10,3,3,0,1,0,1,2,19,2,3,2.0,0.0,0.0,2.0,0.0,2.0,13,4,6
1309,16,2,3,0,12,3,0,1,1,1,1,18,2,2,0.0,0.0,0.0,0.0,0.0,2.0,10,2,1
11671,16,7,1,0,8,3,6,5,1,1,0,39,2,2,0.0,0.0,0.0,0.0,0.0,2.0,0,6,1
154712,15,2,3,9,6,3,0,1,0,1,2,36,2,3,1.0,0.0,0.0,1.0,0.0,1.0,16,6,10
92350,15,3,3,17,8,3,6,1,1,1,2,18,2,2,0.0,0.0,0.0,0.0,0.0,2.0,13,3,7
127726,16,2,1,17,5,3,0,1,1,1,2,36,2,2,0.0,0.0,0.0,0.0,0.0,2.0,21,6,9
109494,16,2,1,17,18,3,5,5,1,1,2,9,2,2,0.0,0.0,0.0,0.0,0.0,3.0,20,3,8
68333,16,2,1,17,2,3,0,1,0,1,2,23,2,2,0.0,0.0,0.0,0.0,0.0,3.0,22,2,5
156696,4,2,3,8,6,3,0,1,0,1,2,36,2,3,1.0,0.0,0.0,1.0,0.0,1.0,16,4,11
10363,4,2,3,17,2,3,0,1,1,1,0,36,2,2,0.0,0.0,0.0,0.0,0.0,2.0,8,6,1
63123,16,2,3,10,8,3,0,5,1,1,2,36,2,2,0.0,0.0,0.0,0.0,0.0,7.0,18,2,5
144188,16,2,3,15,8,3,0,1,1,1,1,36,2,2,0.0,0.0,0.0,0.0,0.0,2.0,15,7,10
48384,16,2,1,17,10,3,0,1,1,1,2,24,2,2,0.0,0.0,0.0,0.0,0.0,3.0,1,6,4
90509,16,2,3,17,8,3,0,1,1,1,2,18,2,2,0.0,0.0,0.0,0.0,0.0,2.0,11,6,7
146864,15,2,3,0,8,3,0,1,0,1,2,36,2,1,2.0,0.0,1.0,0.0,1.0,0.0,9,4,10
30250,16,2,1,9,11,3,0,1,1,1,0,36,2,2,0.0,0.0,0.0,0.0,0.0,4.0,22,5,3
2454,15,2,1,0,2,3,0,1,0,1,2,18,2,3,2.0,0.0,0.0,2.0,0.0,4.0,17,7,1
16955,16,2,1,17,2,3,6,1,0,1,2,18,2,2,0.0,0.0,0.0,0.0,0.0,2.0,3,3,2
14565,16,2,1,17,3,3,6,1,0,1,2,18,2,4,1.0,0.0,0.0,0.0,1.0,1.0,6,3,1
40438,16,2,1,7,8,3,0,1,0,1,2,17,3,3,1.0,0.0,0.0,1.0,0.0,0.0,20,1,3
72043,16,2,3,17,2,3,0,1,0,1,2,18,2,4,1.0,0.0,0.0,0.0,1.0,1.0,16,3,6
133672,16,2,3,0,2,3,0,1,1,1,1,6,2,2,0.0,0.0,0.0,0.0,0.0,2.0,5,2,9
3569,15,2,1,0,6,3,0,1,0,1,2,5,2,3,2.0,0.0,0.0,2.0,0.0,1.0,19,4,1
171440,16,2,3,17,10,3,0,2,1,1,2,24,2,2,0.0,0.0,0.0,0.0,0.0,3.0,7,3,11
138893,16,2,3,10,2,3,0,1,1,1,2,36,2,2,0.0,0.0,0.0,0.0,0.0,2.0,7,4,10
158259,16,2,3,10,8,3,0,1,1,1,1,19,3,2,0.0,0.0,0.0,0.0,0.0,3.0,11,3,11
164504,16,2,1,17,8,3,0,1,1,1,0,19,2,2,0.0,0.0,0.0,0.0,0.0,2.0,18,3,11
21741,17,2,3,15,8,3,0,5,0,1,2,36,4,2,0.0,0.0,0.0,0.0,0.0,8.0,8,6,2
46152,15,2,3,17,2,3,0,1,1,1,2,18,2,2,0.0,0.0,0.0,0.0,0.0,2.0,12,7,4
50850,16,2,3,0,8,3,0,1,0,1,2,13,2,2,0.0,0.0,0.0,0.0,0.0,3.0,13,7,4
35957,15,2,1,0,8,3,0,1,0,1,1,36,2,2,0.0,0.0,0.0,0.0,0.0,7.0,0,1,3
20303,16,10,1,10,8,3,6,1,1,1,2,36,2,2,0.0,0.0,0.0,0.0,0.0,2.0,18,4,2
184724,16,3,3,17,1,3,4,1,1,1,0,17,2,2,0.0,0.0,0.0,0.0,0.0,2.0,8,6,12
136365,15,2,3,0,8,3,0,1,0,0,2,4,2,2,0.0,0.0,0.0,0.0,0.0,2.0,16,5,9
75166,15,2,3,0,8,3,0,1,0,1,2,18,2,4,1.0,0.0,0.0,0.0,1.0,2.0,10,6,6
78522,4,2,3,10,8,3,0,1,1,1,2,36,2,2,0.0,0.0,0.0,0.0,0.0,2.0,15,2,6
141649,16,2,1,17,3,3,0,1,1,1,1,36,2,2,0.0,0.0,0.0,0.0,0.0,2.0,1,7,10
24424,16,2,3,8,2,3,0,1,0,1,0,36,2,4,1.0,0.0,0.0,0.0,1.0,1.0,16,1,2
185854,16,2,0,0,6,3,0,1,0,1,2,6,2,2,0.0,0.0,0.0,0.0,0.0,2.0,22,6,12
159622,15,2,3,14,15,3,0,1,0,1,2,36,2,3,1.0,0.0,0.0,1.0,0.0,1.0,11,3,11
124530,15,2,3,0,6,3,0,5,1,1,2,18,2,2,0.0,0.0,0.0,0.0,0.0,3.0,17,1,9
34705,15,2,3,0,8,3,0,1,0,1,2,36,2,4,1.0,0.0,0.0,0.0,1.0,1.0,10,3,3
185936,16,2,1,0,2,3,4,1,0,1,2,36,2,4,1.0,0.0,0.0,0.0,1.0,5.0,21,1,12
144426,16,11,5,9,8,3,5,5,0,0,0,18,2,3,1.0,0.0,0.0,1.0,0.0,1.0,8,4,10
112943,16,2,3,10,2,3,0,1,1,1,2,36,2,2,0.0,0.0,0.0,0.0,0.0,2.0,14,7,8
43241,16,7,1,15,2,3,6,1,1,1,2,24,2,2,0.0,0.0,0.0,0.0,0.0,3.0,21,3,4
21854,8,11,3,17,2,3,5,5,1,0,1,4,2,2,0.0,0.0,0.0,0.0,0.0,2.0,16,2,2
115265,16,2,1,10,8,3,0,1,1,1,2,19,2,2,0.0,0.0,0.0,0.0,0.0,2.0,22,5,8
178094,15,2,3,0,6,3,5,5,1,1,2,36,2,2,0.0,0.0,0.0,0.0,0.0,2.0,15,1,12
71159,3,7,3,17,8,3,6,1,1,1,1,24,2,2,0.0,0.0,0.0,0.0,0.0,2.0,17,3,5
84265,4,2,3,0,8,3,0,1,0,1,2,36,2,2,0.0,0.0,0.0,0.0,0.0,9.0,19,1,6
127845,15,2,3,0,8,3,0,1,0,1,2,5,2,2,0.0,0.0,0.0,0.0,0.0,2.0,16,6,9
31584,16,2,3,10,8,3,0,1,1,1,1,19,2,2,0.0,0.0,0.0,0.0,0.0,2.0,13,1,3
179015,16,7,0,9,10,3,6,1,0,1,2,18,3,1,2.0,0.0,2.0,0.0,0.0,1.0,19,5,12
39768,16,2,3,3,2,3,0,1,0,1,2,18,3,4,1.0,0.0,0.0,0.0,1.0,2.0,13,2,3
138005,4,2,1,17,3,3,0,1,0,1,2,22,2,2,0.0,0.0,0.0,0.0,0.0,2.0,23,7,10
159052,16,2,1,8,15,3,0,5,1,1,2,26,2,2,0.0,0.0,0.0,0.0,0.0,2.0,17,2,11
38403,16,10,3,0,2,3,6,1,1,1,1,6,2,2,0.0,0.0,0.0,0.0,0.0,2.0,7,6,3
32017,16,7,3,15,8,3,6,1,1,1,0,36,2,2,0.0,0.0,0.0,0.0,0.0,2.0,14,7,3
35150,15,2,3,0,6,3,0,1,0,1,2,18,2,3,1.0,0.0,0.0,1.0,0.0,2.0,8,3,3
33205,16,2,1,15,18,3,0,1,1,1,2,36,2,2,0.0,0.0,0.0,0.0,0.0,2.0,21,6,3
151026,15,7,0,0,10,3,6,1,0,1,2,18,2,2,0.0,0.0,0.0,0.0,0.0,3.0,20,3,10
132341,16,2,3,17,6,3,0,5,1,1,2,36,2,2,0.0,0.0,0.0,0.0,0.0,3.0,12,5,9
115092,4,2,3,17,8,3,0,1,1,1,2,23,2,2,0.0,0.0,0.0,0.0,0.0,2.0,8,2,8
176524,15,10,1,14,2,3,4,1,0,1,2,39,2,2,0.0,0.0,0.0,0.0,0.0,2.0,1,7,12
5070,15,2,3,2,8,2,0,1,0,1,2,30,1,2,0.0,0.0,0.0,0.0,0.0,1.0,12,6,1
178891,15,2,3,0,8,3,4,1,1,1,1,17,2,2,0.0,0.0,0.0,0.0,0.0,2.0,8,3,12
183906,15,2,3,17,2,3,0,1,1,1,0,19,2,2,0.0,0.0,0.0,0.0,0.0,4.0,16,3,12
166066,4,2,3,17,10,3,0,1,1,1,2,18,3,2,0.0,0.0,0.0,0.0,0.0,2.0,11,2,11
69509,16,11,3,10,6,4,5,1,1,1,2,17,2,2,0.0,0.0,0.0,0.0,0.0,2.0,9,6,5
142061,16,2,1,17,10,3,0,1,0,1,2,19,2,2,0.0,0.0,0.0,0.0,0.0,2.0,1,1,10
29872,4,2,3,10,3,3,0,1,0,1,2,19,3,3,2.0,0.0,0.0,2.0,0.0,4.0,15,6,3
133078,16,2,1,15,8,3,0,1,0,1,2,23,2,2,0.0,0.0,0.0,0.0,0.0,5.0,21,7,9
131706,15,2,3,17,6,3,0,1,1,1,1,24,2,2,0.0,0.0,0.0,0.0,0.0,3.0,8,4,9
2864,15,2,3,0,9,3,1,1,1,1,2,18,2,2,0.0,0.0,0.0,0.0,0.0,2.0,13,2,1
46647,16,2,3,10,2,3,0,1,1,1,0,19,2,2,0.0,0.0,0.0,0.0,0.0,2.0,16,4,4
81305,4,2,3,17,8,3,0,1,0,0,2,7,2,1,1.0,0.0,1.0,0.0,0.0,2.0,9,7,6
176581,16,10,1,10,2,3,6,1,1,1,0,19,2,2,0.0,0.0,0.0,0.0,0.0,2.0,0,7,12
128087,16,2,1,15,8,3,0,1,1,1,2,36,2,2,0.0,0.0,0.0,0.0,0.0,3.0,23,3,9
84749,16,2,3,17,8,3,0,5,0,1,2,18,2,3,1.0,0.0,0.0,1.0,0.0,3.0,19,2,6
21745,16,2,1,9,2,3,5,5,0,1,2,36,2,3,1.0,0.0,0.0,1.0,0.0,2.0,20,6,2
133815,15,2,3,10,6,3,0,1,0,1,1,21,2,3,1.0,0.0,0.0,1.0,0.0,1.0,7,5,9
171857,16,3,1,0,6,3,0,1,1,1,1,18,2,2,0.0,0.0,0.0,0.0,0.0,2.0,16,2,11
176424,15,2,3,15,6,3,0,5,1,1,0,36,2,2,0.0,0.0,0.0,0.0,0.0,2.0,14,1,12
107678,16,2,3,17,15,3,0,1,1,1,1,12,2,2,0.0,0.0,0.0,0.0,0.0,3.0,18,4,8
38580,15,2,3,0,8,3,0,1,1,1,0,36,2,2,0.0,0.0,0.0,0.0,0.0,2.0,7,7,3
184370,16,2,3,10,6,3,0,1,1,1,2,2,2,2,0.0,0.0,0.0,0.0,0.0,3.0,9,1,12
17971,16,7,3,14,8,3,6,1,0,1,2,11,3,2,0.0,0.0,0.0,0.0,0.0,5.0,11,5,2
131505,15,2,3,10,8,3,0,1,1,1,2,19,3,2,0.0,0.0,0.0,0.0,0.0,3.0,18,1,9
96166,16,3,3,10,15,3,0,1,1,1,1,17,2,2,0.0,0.0,0.0,0.0,0.0,3.0,15,4,7
6025,16,2,1,17,8,3,0,1,1,1,1,6,2,2,0.0,0.0,0.0,0.0,0.0,2.0,1,7,1
180033,16,2,2,0,6,3,0,1,0,1,2,18,2,4,2.0,0.0,0.0,0.0,2.0,1.0,6,7,12
187668,15,10,0,7,8,3,1,1,1,1,0,39,2,2,0.0,0.0,0.0,0.0,0.0,1.0,22,7,12
152325,16,2,1,0,8,3,0,1,1,1,2,6,2,2,0.0,0.0,0.0,0.0,0.0,2.0,21,6,10
22734,4,7,1,10,6,3,6,1,1,1,1,36,2,2,0.0,0.0,0.0,0.0,0.0,2.0,20,2,2
170275,16,10,3,17,2,3,6,1,1,1,0,36,2,2,0.0,0.0,0.0,0.0,0.0,2.0,11,3,11
89938,16,2,1,10,2,3,0,1,1,1,1,28,2,2,0.0,0.0,0.0,0.0,0.0,2.0,23,5,7
129303,16,2,3,15,8,3,0,1,0,1,1,18,2,2,0.0,0.0,0.0,0.0,0.0,2.0,18,6,9
130563,15,2,3,0,6,3,0,1,0,1,2,18,2,2,0.0,0.0,0.0,0.0,0.0,3.0,12,2,9
53376,15,2,3,0,8,3,0,1,0,1,2,18,2,3,2.0,0.0,0.0,1.0,1.0,1.0,14,5,4
7366,16,2,1,17,8,3,0,1,1,1,1,18,2,2,0.0,0.0,0.0,0.0,0.0,4.0,20,7,1
26615,16,2,1,10,5,3,0,1,0,1,2,8,2,2,0.0,0.0,0.0,0.0,0.0,5.0,2,1,2
867,15,2,3,14,6,3,6,1,0,1,2,36,3,4,2.0,0.0,0.0,0.0,2.0,1.0,7,2,1
166175,16,2,1,17,6,3,0,1,1,1,2,36,2,2,0.0,0.0,0.0,0.0,0.0,2.0,17,5,11
130491,15,7,1,10,2,3,6,1,1,1,1,39,3,2,0.0,0.0,0.0,0.0,0.0,4.0,22,1,9
66248,15,11,5,0,6,3,5,5,1,1,2,5,2,2,0.0,0.0,0.0,0.0,0.0,2.0,14,5,5
181463,16,2,0,17,8,3,0,1,1,1,1,18,2,2,0.0,0.0,0.0,0.0,0.0,2.0,5,3,12
19292,15,10,1,17,2,3,4,1,0,1,2,18,2,4,1.0,0.0,0.0,0.0,1.0,5.0,17,7,2
7405,4,2,2,9,6,3,0,1,1,1,1,36,2,2,0.0,0.0,0.0,0.0,0.0,2.0,16,1,1
21127,16,2,1,0,8,3,0,1,0,1,2,36,2,2,0.0,0.0,0.0,0.0,0.0,2.0,5,4,2
44383,4,2,3,15,8,3,0,1,1,1,1,23,2,2,0.0,0.0,0.0,0.0,0.0,2.0,15,4,4
177749,15,2,3,0,2,3,0,1,1,1,2,18,2,2,0.0,0.0,0.0,0.0,0.0,2.0,7,2,12
38561,15,2,1,17,2,4,0,1,1,1,1,11,2,2,0.0,0.0,0.0,0.0,0.0,2.0,3,7,3
172765,16,2,4,15,8,3,0,1,1,1,2,18,2,2,0.0,0.0,0.0,0.0,0.0,3.0,15,7,12
129621,16,2,1,15,10,3,0,1,1,1,2,23,2,2,0.0,0.0,0.0,0.0,0.0,2.0,20,2,9
179571,16,2,3,10,8,3,0,1,1,1,1,17,2,2,0.0,0.0,0.0,0.0,0.0,3.0,12,5,12
4656,4,11,3,15,6,3,5,1,1,1,2,23,2,2,0.0,0.0,0.0,0.0,0.0,2.0,10,1,1
75628,16,2,3,0,18,3,0,1,1,1,1,18,2,2,0.0,0.0,0.0,0.0,0.0,2.0,14,7,6
40490,4,2,3,15,8,3,0,1,1,0,1,36,2,2,0.0,0.0,0.0,0.0,0.0,3.0,17,2,3
114032,16,2,0,17,1,3,6,1,1,1,1,18,2,2,0.0,0.0,0.0,0.0,0.0,2.0,20,7,8
4060,16,7,1,15,8,3,6,1,1,1,1,18,2,2,0.0,0.0,0.0,0.0,0.0,3.0,18,5,1
119179,16,2,1,0,2,3,0,1,0,1,2,6,2,2,0.0,0.0,0.0,0.0,0.0,6.0,22,1,8
72753,16,2,3,15,2,3,0,1,1,1,1,22,2,2,0.0,0.0,0.0,0.0,0.0,4.0,13,1,6
159843,15,2,1,0,3,3,0,1,1,1,1,12,2,2,0.0,0.0,0.0,0.0,0.0,6.0,23,5,11
93061,16,2,1,10,8,3,0,1,1,1,0,36,2,2,0.0,0.0,0.0,0.0,0.0,2.0,23,4,7
135319,16,2,3,11,2,3,0,1,1,1,2,21,2,2,0.0,0.0,0.0,0.0,0.0,2.0,11,5,9
3471,15,9,1,0,2,3,4,5,1,1,2,18,2,2,0.0,0.0,0.0,0.0,0.0,2.0,20,2,1
91456,17,11,3,17,8,3,5,5,1,1,1,24,2,2,0.0,0.0,0.0,0.0,0.0,2.0,10,7,7
81830,16,2,1,17,2,3,0,5,1,1,0,24,2,2,0.0,0.0,0.0,0.0,0.0,2.0,22,7,6
175515,15,2,1,0,8,3,0,1,0,1,2,5,2,4,1.0,0.0,0.0,0.0,1.0,1.0,0,5,12
92672,16,2,1,2,3,3,0,1,0,1,1,36,1,2,0.0,0.0,0.0,0.0,0.0,1.0,1,7,7
98541,16,2,3,8,6,3,0,1,0,1,1,18,2,3,1.0,0.0,0.0,1.0,0.0,1.0,19,5,7
37893,16,2,3,10,2,3,0,5,0,1,2,19,2,2,0.0,0.0,0.0,0.0,0.0,2.0,17,3,3
159497,15,2,3,17,8,3,0,1,1,1,2,36,2,2,0.0,0.0,0.0,0.0,0.0,5.0,10,1,11
168562,16,3,3,10,2,3,0,1,0,1,2,19,2,4,1.0,0.0,0.0,0.0,1.0,1.0,15,7,11
75978,16,2,1,7,8,3,0,1,0,0,2,36,2,2,0.0,0.0,0.0,0.0,0.0,1.0,18,7,6
173916,15,2,1,0,2,3,0,1,0,1,2,36,2,2,0.0,0.0,0.0,0.0,0.0,3.0,17,4,12
141104,16,3,1,0,8,3,0,1,1,1,1,6,2,2,0.0,0.0,0.0,0.0,0.0,2.0,21,7,10
4615,16,3,3,17,2,3,6,1,1,1,1,23,2,2,0.0,0.0,0.0,0.0,0.0,2.0,12,6,1
44411,16,2,1,2,6,3,0,1,0,1,2,30,1,2,0.0,0.0,0.0,0.0,0.0,1.0,23,4,4
17376,15,2,3,0,2,3,6,1,1,1,2,17,2,2,0.0,0.0,0.0,0.0,0.0,3.0,15,3,2
11469,16,2,3,15,3,3,0,1,1,1,0,18,2,2,0.0,0.0,0.0,0.0,0.0,2.0,13,4,1
129509,15,2,3,0,0,3,0,1,0,1,1,5,2,2,0.0,0.0,0.0,0.0,0.0,2.0,7,7,9
7335,4,2,3,10,8,3,0,1,1,1,2,19,2,2,0.0,0.0,0.0,0.0,0.0,3.0,14,7,1
176272,16,2,3,17,6,3,0,1,0,1,2,36,2,3,1.0,0.0,0.0,1.0,0.0,1.0,9,4,12
150233,16,2,1,17,6,3,0,1,1,1,2,24,2,2,0.0,0.0,0.0,0.0,0.0,3.0,22,1,10
91360,16,6,3,8,6,3,6,1,0,1,0,4,2,3,1.0,0.0,0.0,1.0,0.0,1.0,16,1,7
89143,4,2,3,17,18,3,0,1,0,1,2,23,2,3,1.0,0.0,0.0,1.0,0.0,2.0,12,7,7
111497,16,2,1,10,2,3,0,1,1,1,1,19,2,2,0.0,0.0,0.0,0.0,0.0,2.0,2,4,8
3856,15,2,3,3,8,3,0,1,0,1,2,18,5,2,0.0,0.0,0.0,0.0,0.0,3.0,11,4,1
98591,4,2,3,17,6,3,0,1,1,1,2,23,2,2,0.0,0.0,0.0,0.0,0.0,3.0,14,6,7
152290,4,2,3,17,2,3,0,1,1,1,2,21,2,2,0.0,0.0,0.0,0.0,0.0,2.0,16,6,10
113241,15,2,3,0,6,3,0,1,0,1,2,5,2,2,0.0,0.0,0.0,0.0,0.0,3.0,16,3,8
61878,15,2,3,8,8,3,0,5,0,1,0,18,2,3,1.0,0.0,0.0,1.0,0.0,1.0,6,5,5
30292,16,2,1,2,6,3,0,1,0,1,2,37,1,2,0.0,0.0,0.0,0.0,0.0,1.0,20,6,3
127757,17,11,5,15,8,3,5,5,1,1,1,26,2,2,0.0,0.0,0.0,0.0,0.0,2.0,20,4,9
25814,16,2,2,17,2,3,0,1,0,1,2,36,4,2,0.0,0.0,0.0,0.0,0.0,1.0,11,7,2
51400,16,2,3,17,3,3,0,1,0,1,2,24,2,3,1.0,0.0,0.0,1.0,0.0,1.0,14,4,4
84694,16,2,3,0,8,3,0,1,0,1,2,6,2,2,0.0,0.0,0.0,0.0,0.0,3.0,11,7,6
19356,16,10,1,17,1,3,4,5,1,1,2,22,2,2,0.0,0.0,0.0,0.0,0.0,4.0,20,1,2
6378,15,10,3,10,6,3,6,1,1,1,2,18,2,2,0.0,0.0,0.0,0.0,0.0,3.0,14,7,1
75027,16,2,3,15,2,3,0,1,1,1,1,36,2,2,0.0,0.0,0.0,0.0,0.0,2.0,15,5,6
63225,16,2,1,17,6,3,0,1,1,1,0,36,2,2,0.0,0.0,0.0,0.0,0.0,3.0,2,4,5
97007,16,2,3,10,8,3,0,1,1,0,2,19,2,2,0.0,0.0,0.0,0.0,0.0,2.0,8,3,7
104295,15,2,0,8,15,3,0,1,0,1,0,18,2,3,1.0,0.0,0.0,1.0,0.0,1.0,21,1,8
172288,15,2,1,0,8,3,6,1,0,1,2,18,2,2,0.0,0.0,0.0,0.0,0.0,2.0,20,7,12
161453,16,2,3,10,2,3,0,5,1,1,1,28,2,2,0.0,0.0,0.0,0.0,0.0,2.0,8,1,11