crash_date,               traffic_control_device,weather_condition,lighting_condition,first_crash_type,trafficway_type,alignment,roadway_surface_cond,road_defect,crash_type,intersection_related_i,damage,prim_contributory_cause,num_units,most_severe_injury,injuries_total,injuries_fatal,injuries_incapacitating,injuries_non_incapacitating,injuries_reported_not_evident,injuries_no_indication,crash_hour,crash_day_of_week,crash_month
123832,16,2,3,10,2,3,0,1,1,1,2,36,2,2,0.0,0.0,0.0,0.0,0.0,2.0,12,4,9
162184,15,10,4,0,8,3,4,1,1,1,2,36,2,2,0.0,0.0,0.0,0.0,0.0,2.0,16,6,11
180169,16,2,1,0,8,3,0,1,0,1,2,18,2,3,1.0,0.0,0.0,1.0,0.0,4.0,18,6,12
126863,16,2,1,15,10,3,0,1,0,1,2,36,2,3,1.0,0.0,0.0,1.0,0.0,2.0,23,7,9
150397,4,7,3,15,11,3,6,1,1,1,2,36,2,2,0.0,0.0,0.0,0.0,0.0,2.0,7,2,10
17066,16,2,3,17,9,3,0,1,1,1,0,19,2,2,0.0,0.0,0.0,0.0,0.0,2.0,9,4,2
88671,4,2,0,15,8,3,0,1,1,1,2,36,2,2,0.0,0.0,0.0,0.0,0.0,2.0,2,1,7
79157,16,2,3,17,2,3,0,1,1,1,0,12,2,2,0.0,0.0,0.0,0.0,0.0,2.0,12,3,6
13057,16,2,2,15,8,3,0,1,1,1,1,23,2,2,0.0,0.0,0.0,0.0,0.0,2.0,16,2,1
162254,16,2,1,10,6,3,0,5,1,1,2,36,2,2,0.0,0.0,0.0,0.0,0.0,2.0,2,7,11
115825,16,2,3,10,8,3,0,1,1,1,1,19,2,2,0.0,0.0,0.0,0.0,0.0,2.0,17,1,8
143819,16,3,1,10,10,3,6,1,0,0,2,6,3,4,2.0,0.0,0.0,0.0,2.0,1.0,20,3,10
105185,16,2,4,9,2,3,0,1,0,1,2,18,2,3,1.0,0.0,0.0,1.0,0.0,1.0,23,6,8
155670,16,7,3,0,8,3,6,1,1,1,2,18,2,2,0.0,0.0,0.0,0.0,0.0,3.0,11,5,10
35282,16,2,3,10,8,3,0,1,1,1,2,19,2,2,0.0,0.0,0.0,0.0,0.0,3.0,7,6,3
143814,16,7,1,10,3,3,6,1,1,1,2,26,2,2,0.0,0.0,0.0,0.0,0.0,4.0,19,3,10
136348,4,2,3,9,6,3,0,1,0,1,0,36,2,3,1.0,0.0,0.0,1.0,0.0,1.0,11,4,9
154844,16,7,1,10,8,3,6,5,1,0,2,19,2,2,0.0,0.0,0.0,0.0,0.0,3.0,0,7,10
64701,15,7,3,9,8,3,6,1,0,1,0,36,2,4,1.0,0.0,0.0,0.0,1.0,2.0,15,7,5
124661,15,2,3,0,8,3,0,1,1,1,2,36,2,2,0.0,0.0,0.0,0.0,0.0,5.0,16,4,9
136329,16,2,3,17,6,3,0,1,0,1,2,36,2,2,0.0,0.0,0.0,0.0,0.0,2.0,8,4,9
181236,16,2,3,3,8,3,6,5,1,1,2,28,3,2,0.0,0.0,0.0,0.0,0.0,3.0,15,2,12
12874,16,2,1,17,6,3,6,1,1,1,2,24,2,2,0.0,0.0,0.0,0.0,0.0,2.0,19,6,1
44753,15,2,3,17,8,3,0,1,0,1,2,18,2,4,2.0,0.0,0.0,0.0,2.0,0.0,12,3,4
108599,16,2,3,9,6,3,0,1,1,1,1,26,2,2,0.0,0.0,0.0,0.0,0.0,2.0,17,4,8
111739,4,2,3,0,8,3,0,1,1,1,2,18,2,2,0.0,0.0,0.0,0.0,0.0,2.0,10,1,8
110721,15,2,0,8,6,3,0,1,0,1,1,5,2,1,1.0,0.0,1.0,0.0,0.0,1.0,21,7,8
63793,15,2,1,9,8,3,0,1,0,1,2,5,2,1,1.0,0.0,1.0,0.0,0.0,1.0,3,7,5
159285,16,2,4,15,10,3,0,1,1,1,0,28,2,2,0.0,0.0,0.0,0.0,0.0,2.0,17,4,11
183425,16,2,3,17,6,3,0,1,1,1,2,18,2,2,0.0,0.0,0.0,0.0,0.0,3.0,8,3,12
157215,17,2,3,8,15,3,5,5,0,1,0,36,2,3,1.0,0.0,0.0,1.0,0.0,1.0,16,5,11
181305,16,10,1,10,10,3,4,1,0,1,2,22,2,2,0.0,0.0,0.0,0.0,0.0,4.0,5,7,12
184949,16,7,1,10,6,3,6,1,0,1,2,17,2,2,0.0,0.0,0.0,0.0,0.0,5.0,18,4,12
49505,16,2,1,17,8,3,0,1,1,1,2,24,2,2,0.0,0.0,0.0,0.0,0.0,2.0,22,3,4
54055,4,7,1,17,2,3,6,5,1,1,2,36,2,2,0.0,0.0,0.0,0.0,0.0,3.0,19,6,4
58054,15,2,3,9,8,3,0,1,0,1,0,36,2,3,1.0,0.0,0.0,1.0,0.0,4.0,13,1,5
140039,16,3,3,10,8,3,6,1,0,1,2,19,2,3,1.0,0.0,0.0,1.0,0.0,1.0,11,6,10
180689,16,7,1,17,6,3,6,1,0,1,2,24,2,3,1.0,0.0,0.0,1.0,0.0,1.0,0,1,12
58290,16,2,3,0,6,3,5,5,0,1,2,17,2,2,0.0,0.0,0.0,0.0,0.0,3.0,8,5,5
179686,16,2,4,17,6,3,0,1,1,1,1,6,2,2,0.0,0.0,0.0,0.0,0.0,2.0,17,7,12
81550,15,2,3,0,2,3,0,5,1,1,0,36,2,2,0.0,0.0,0.0,0.0,0.0,2.0,17,3,6
19456,15,1,3,0,8,3,4,5,1,1,2,18,2,2,0.0,0.0,0.0,0.0,0.0,2.0,10,4,2
7707,16,2,1,0,8,3,2,1,0,1,2,6,2,3,1.0,0.0,0.0,1.0,0.0,2.0,19,4,1
47881,16,7,1,17,8,4,6,1,0,1,2,24,2,4,2.0,0.0,0.0,0.0,2.0,0.0,21,4,4
140337,15,7,3,0,6,3,6,1,0,1,2,18,2,2,0.0,0.0,0.0,0.0,0.0,2.0,9,5,10
152051,15,2,3,15,10,3,0,5,1,1,2,18,2,2,0.0,0.0,0.0,0.0,0.0,2.0,11,4,10
16277,16,2,3,10,10,3,0,1,1,1,2,19,2,2,0.0,0.0,0.0,0.0,0.0,3.0,13,6,2
187495,16,2,1,10,2,3,6,1,0,1,2,18,2,3,1.0,0.0,0.0,1.0,0.0,1.0,20,7,12
133321,15,2,3,17,15,3,0,1,1,1,2,18,2,2,0.0,0.0,0.0,0.0,0.0,2.0,15,5,9
27504,16,2,3,0,6,3,0,1,0,1,2,11,2,3,1.0,0.0,0.0,1.0,0.0,2.0,13,2,2
174639,15,7,1,0,2,3,6,1,0,1,2,18,2,3,1.0,0.0,0.0,1.0,0.0,1.0,18,1,12
130050,15,2,3,9,8,3,0,1,0,1,0,5,2,1,1.0,0.0,1.0,0.0,0.0,1.0,8,3,9
72902,16,2,2,10,2,3,6,1,0,1,2,17,2,2,0.0,0.0,0.0,0.0,0.0,2.0,4,1,6
78599,16,7,3,17,5,3,6,1,0,1,2,3,2,2,0.0,0.0,0.0,0.0,0.0,8.0,15,3,6
95503,15,7,1,0,18,3,6,1,0,1,2,36,2,4,3.0,0.0,0.0,0.0,3.0,1.0,22,2,7
149281,15,2,3,7,8,3,0,1,0,1,2,5,2,2,0.0,0.0,0.0,0.0,0.0,2.0,8,1,10
55829,17,11,5,8,10,3,5,5,1,1,0,5,2,2,0.0,0.0,0.0,0.0,0.0,2.0,15,7,4
32817,15,7,3,0,6,3,6,1,0,1,2,18,2,3,1.0,0.0,0.0,1.0,0.0,2.0,8,6,3
12522,16,10,1,10,2,3,4,1,1,1,1,39,2,2,0.0,0.0,0.0,0.0,0.0,2.0,21,7,1
185752,15,2,1,17,10,3,6,1,1,1,0,36,2,2,0.0,0.0,0.0,0.0,0.0,2.0,6,3,12
117712,16,2,3,15,3,3,0,5,1,1,1,23,2,2,0.0,0.0,0.0,0.0,0.0,2.0,15,5,8
22646,15,2,1,15,2,3,0,1,1,1,0,23,2,2,0.0,0.0,0.0,0.0,0.0,2.0,0,7,2
180379,16,2,4,10,8,3,0,1,1,1,2,19,2,2,0.0,0.0,0.0,0.0,0.0,2.0,16,3,12
66709,15,2,1,7,8,3,0,1,1,1,2,14,3,2,0.0,0.0,0.0,0.0,0.0,1.0,22,4,5
184211,16,2,0,17,8,3,0,1,1,1,2,36,2,2,0.0,0.0,0.0,0.0,0.0,3.0,2,6,12
74063,4,2,3,4,10,3,0,1,0,1,2,36,1,3,1.0,0.0,0.0,1.0,0.0,0.0,11,4,6
176247,15,2,2,0,6,3,0,1,0,1,2,36,2,2,0.0,0.0,0.0,0.0,0.0,2.0,7,4,12
173870,15,2,3,17,10,3,0,1,1,1,1,36,2,2,0.0,0.0,0.0,0.0,0.0,2.0,8,3,12
163385,16,2,1,15,8,3,0,1,1,1,2,19,2,2,0.0,0.0,0.0,0.0,0.0,2.0,18,2,11
17786,16,2,3,17,1,3,0,5,1,0,2,18,2,2,0.0,0.0,0.0,0.0,0.0,2.0,12,3,2
127491,16,2,3,10,8,3,0,1,1,1,1,19,2,2,0.0,0.0,0.0,0.0,0.0,2.0,14,2,9
71492,4,2,3,15,3,3,0,1,0,0,2,17,2,4,1.0,0.0,0.0,0.0,1.0,2.0,17,2,5
166609,16,2,3,15,6,3,0,5,1,1,2,36,2,2,0.0,0.0,0.0,0.0,0.0,2.0,15,4,11
110923,15,2,3,9,8,3,0,1,0,1,2,36,2,3,1.0,0.0,0.0,1.0,0.0,1.0,11,2,8
169706,4,10,3,17,8,3,4,1,1,1,1,18,2,2,0.0,0.0,0.0,0.0,0.0,4.0,7,2,11
146052,16,2,1,0,6,3,0,5,0,1,2,6,2,2,0.0,0.0,0.0,0.0,0.0,3.0,3,6,10
187081,16,10,1,17,8,3,4,1,1,1,2,12,2,2,0.0,0.0,0.0,0.0,0.0,2.0,22,5,12
100511,15,2,1,0,16,3,0,1,0,1,2,5,2,4,3.0,0.0,0.0,0.0,3.0,1.0,20,1,7
175849,16,2,3,10,6,3,0,1,1,1,2,19,2,2,0.0,0.0,0.0,0.0,0.0,2.0,8,5,12
136968,11,2,3,17,8,3,0,1,1,1,2,36,2,2,0.0,0.0,0.0,0.0,0.0,2.0,11,6,9
167878,16,2,3,17,6,3,0,3,0,1,2,17,4,4,1.0,0.0,0.0,0.0,1.0,1.0,14,2,11
44922,16,2,3,17,11,3,0,1,1,1,1,36,2,2,0.0,0.0,0.0,0.0,0.0,2.0,17,5,4
174342,16,2,0,10,3,3,0,1,0,1,2,19,2,2,0.0,0.0,0.0,0.0,0.0,2.0,16,3,12
108135,4,2,3,5,0,3,0,1,0,0,2,18,2,3,1.0,0.0,0.0,1.0,0.0,1.0,12,3,8
169592,15,2,3,10,6,3,0,5,0,1,2,17,2,3,1.0,0.0,0.0,1.0,0.0,3.0,9,2,11
1765,16,2,3,17,8,3,6,1,0,1,2,6,2,2,0.0,0.0,0.0,0.0,0.0,2.0,9,3,1
145709,15,2,3,17,5,3,0,1,0,1,2,18,2,2,0.0,0.0,0.0,0.0,0.0,2.0,15,2,10
126591,15,2,3,17,10,3,0,1,1,1,2,23,2,2,0.0,0.0,0.0,0.0,0.0,2.0,14,2,9
8129,16,2,1,17,8,3,0,1,1,1,1,18,2,2,0.0,0.0,0.0,0.0,0.0,4.0,18,4,1
180114,16,10,1,10,10,3,6,1,1,1,2,22,2,2,0.0,0.0,0.0,0.0,0.0,2.0,18,5,12
44164,4,3,3,0,8,3,6,1,1,1,1,21,2,2,0.0,0.0,0.0,0.0,0.0,2.0,18,5,4
105179,15,2,3,17,2,3,0,1,1,1,1,36,2,2,0.0,0.0,0.0,0.0,0.0,2.0,8,6,8
100463,16,2,3,10,8,3,0,1,1,1,1,19,2,2,0.0,0.0,0.0,0.0,0.0,3.0,11,7,7
116243,16,3,3,17,8,3,0,1,0,1,2,36,2,3,1.0,0.0,0.0,1.0,0.0,1.0,8,6,8
116888,4,2,3,17,8,3,0,1,0,1,2,24,2,2,0.0,0.0,0.0,0.0,0.0,3.0,6,3,8
81079,15,2,1,17,3,1,0,5,0,1,2,18,2,3,3.0,0.0,0.0,3.0,0.0,0.0,20,3,6
104832,16,2,3,8,2,3,0,1,0,1,1,36,2,3,1.0,0.0,0.0,1.0,0.0,2.0,7,2,8
99450,15,11,3,0,8,3,5,5,0,1,2,36,2,4,1.0,0.0,0.0,0.0,1.0,1.0,13,6,7
132612,16,2,3,11,1,3,0,1,1,1,1,36,2,2,0.0,0.0,0.0,0.0,0.0,2.0,14,1,9
110383,4,2,3,15,8,3,0,1,1,1,0,23,2,2,0.0,0.0,0.0,0.0,0.0,2.0,12,7,8
132305,16,2,3,9,8,3,0,1,1,1,1,36,2,2,0.0,0.0,0.0,0.0,0.0,2.0,17,5,9
52641,15,2,3,17,8,3,0,1,1,1,1,36,2,2,0.0,0.0,0.0,0.0,0.0,3.0,15,4,4
67107,4,2,3,7,12,3,0,1,1,0,1,21,2,2,0.0,0.0,0.0,0.0,0.0,1.0,11,3,5
17378,15,2,3,17,2,3,6,1,1,1,2,18,2,2,0.0,0.0,0.0,0.0,0.0,14.0,15,3,2
161573,16,2,4,17,15,3,0,1,0,1,2,6,2,3,1.0,0.0,0.0,1.0,0.0,1.0,16,4,11
148164,16,2,1,10,2,3,0,1,1,1,1,23,2,2,0.0,0.0,0.0,0.0,0.0,2.0,23,6,10
68992,16,2,1,15,6,3,0,1,1,1,2,22,2,2,0.0,0.0,0.0,0.0,0.0,2.0,21,5,5
27228,16,2,3,17,8,3,0,1,1,1,0,36,2,2,0.0,0.0,0.0,0.0,0.0,2.0,15,3,2
182672,16,2,1,17,8,3,0,1,1,1,1,36,2,2,0.0,0.0,0.0,0.0,0.0,2.0,19,5,12
183174,16,2,3,17,8,3,6,1,0,1,2,18,2,2,0.0,0.0,0.0,0.0,0.0,3.0,8,5,12
166239,16,2,3,17,6,3,0,1,0,1,2,24,2,3,1.0,0.0,0.0,1.0,0.0,1.0,6,6,11
138778,16,2,3,17,10,3,0,1,1,1,2,19,2,2,0.0,0.0,0.0,0.0,0.0,2.0,14,3,10
68005,16,2,3,15,8,3,0,1,0,1,2,23,2,3,1.0,0.0,0.0,1.0,0.0,1.0,9,4,5
93234,16,2,3,10,2,3,0,5,1,1,2,36,2,2,0.0,0.0,0.0,0.0,0.0,6.0,18,1,7
60137,15,2,3,9,6,3,0,1,0,1,1,18,2,3,1.0,0.0,0.0,1.0,0.0,1.0,15,5,5
24367,16,11,3,17,6,3,0,5,1,1,2,36,2,2,0.0,0.0,0.0,0.0,0.0,2.0,14,3,2
176435,15,2,3,0,2,3,0,1,1,1,2,36,2,2,0.0,0.0,0.0,0.0,0.0,2.0,16,1,12
46005,4,2,3,2,8,3,0,1,1,0,2,17,1,2,0.0,0.0,0.0,0.0,0.0,5.0,18,5,4
75399,16,2,3,15,19,3,0,1,1,1,2,18,2,2,0.0,0.0,0.0,0.0,0.0,3.0,9,4,6
23154,15,2,0,0,8,3,6,1,0,1,2,5,2,4,1.0,0.0,0.0,0.0,1.0,2.0,17,2,2
94287,15,2,3,13,8,3,0,1,0,1,2,5,2,3,3.0,0.0,0.0,3.0,0.0,0.0,17,3,7
157836,15,2,1,0,8,3,0,5,1,1,2,5,2,2,0.0,0.0,0.0,0.0,0.0,2.0,21,6,11
164979,4,2,3,0,8,3,0,1,0,1,2,18,3,3,1.0,0.0,0.0,1.0,0.0,2.0,13,3,11
118133,16,2,3,17,1,3,0,1,0,1,2,36,2,2,0.0,0.0,0.0,0.0,0.0,5.0,16,1,8
166176,15,2,1,0,6,4,0,1,1,1,1,18,2,2,0.0,0.0,0.0,0.0,0.0,2.0,17,5,11
63710,15,7,3,17,10,3,6,1,1,1,2,11,2,2,0.0,0.0,0.0,0.0,0.0,2.0,13,5,5
3967,16,2,3,17,2,3,0,1,0,1,1,18,2,2,0.0,0.0,0.0,0.0,0.0,3.0,15,4,1
96613,16,2,3,9,8,3,0,1,0,1,0,12,2,3,1.0,0.0,0.0,1.0,0.0,1.0,8,3,7
141591,16,2,3,10,8,3,0,1,0,1,2,8,2,4,1.0,0.0,0.0,0.0,1.0,1.0,6,2,10
151332,16,2,2,17,2,3,0,5,1,1,2,23,2,2,0.0,0.0,0.0,0.0,0.0,2.0,16,2,10
18337,16,10,3,7,2,3,4,1,0,1,2,17,2,2,0.0,0.0,0.0,0.0,0.0,1.0,7,5,2
3634,4,11,1,7,8,3,0,1,1,0,1,19,2,2,0.0,0.0,0.0,0.0,0.0,1.0,21,6,1
75767,15,2,3,17,6,4,0,1,0,1,2,18,2,2,0.0,0.0,0.0,0.0,0.0,2.0,15,3,6
170014,16,10,1,0,6,3,6,1,0,1,2,6,4,4,1.0,0.0,0.0,0.0,1.0,4.0,6,1,11
104731,16,2,3,0,6,3,0,1,1,1,2,3,2,2,0.0,0.0,0.0,0.0,0.0,2.0,11,6,8
133644,15,7,3,10,2,3,6,5,1,1,2,36,2,2,0.0,0.0,0.0,0.0,0.0,2.0,13,2,9
68484,16,2,3,0,6,3,0,1,0,1,2,18,2,2,0.0,0.0,0.0,0.0,0.0,2.0,15,5,5
78667,16,2,3,0,6,3,0,1,0,1,2,6,2,2,0.0,0.0,0.0,0.0,0.0,2.0,13,5,6
54190,16,10,3,17,6,3,6,1,0,1,2,6,2,2,0.0,0.0,0.0,0.0,0.0,3.0,12,7,4
65655,15,2,3,0,8,3,0,5,0,1,2,18,2,3,2.0,0.0,0.0,2.0,0.0,2.0,17,1,5
18213,16,2,1,0,2,3,0,1,0,1,2,6,2,4,3.0,0.0,0.0,0.0,3.0,0.0,22,3,2
103612,4,2,3,7,3,3,0,1,1,1,2,36,2,2,0.0,0.0,0.0,0.0,0.0,2.0,15,6,7
154207,4,7,1,15,15,3,6,1,1,1,1,19,2,2,0.0,0.0,0.0,0.0,0.0,2.0,22,6,10
51854,16,11,5,17,2,3,5,5,0,1,2,36,2,2,0.0,0.0,0.0,0.0,0.0,2.0,19,5,4
161780,15,2,3,0,6,3,0,5,0,1,2,18,3,2,0.0,0.0,0.0,0.0,0.0,4.0,14,2,11
147905,16,7,1,17,2,3,6,5,1,1,2,24,2,2,0.0,0.0,0.0,0.0,0.0,2.0,22,4,10
127659,4,2,1,0,6,3,0,1,1,1,2,21,2,2,0.0,0.0,0.0,0.0,0.0,4.0,22,4,9
113592,16,2,1,17,8,3,0,1,0,1,2,6,2,2,0.0,0.0,0.0,0.0,0.0,2.0,23,7,8
89460,16,7,0,10,3,3,6,1,1,1,1,19,2,2,0.0,0.0,0.0,0.0,0.0,2.0,22,4,7
43974,16,7,1,10,8,3,6,5,0,1,2,17,2,4,1.0,0.0,0.0,0.0,1.0,1.0,1,3,4
124658,15,2,3,17,6,3,0,1,0,1,2,5,2,3,1.0,0.0,0.0,1.0,0.0,1.0,16,4,9
155731,16,7,2,9,3,3,6,1,0,1,0,18,2,4,1.0,0.0,0.0,0.0,1.0,1.0,17,4,11
136347,15,2,3,2,2,3,0,1,0,1,2,36,1,3,1.0,0.0,0.0,1.0,0.0,1.0,11,4,9
22519,16,10,3,15,2,3,6,1,1,1,0,36,2,2,0.0,0.0,0.0,0.0,0.0,4.0,11,6,2
67089,4,2,3,17,2,3,0,1,0,1,2,18,2,2,0.0,0.0,0.0,0.0,0.0,2.0,7,3,5
141774,16,2,1,10,8,3,0,1,1,1,2,34,2,2,0.0,0.0,0.0,0.0,0.0,2.0,22,2,10
114540,16,2,3,10,6,3,0,1,0,1,2,36,2,4,1.0,0.0,0.0,0.0,1.0,1.0,11,3,8
135641,16,2,3,17,2,3,0,1,0,1,2,18,2,4,1.0,0.0,0.0,0.0,1.0,1.0,7,2,9
23186,15,2,3,17,6,3,5,5,1,1,2,36,2,2,0.0,0.0,0.0,0.0,0.0,2.0,13,3,2
89723,16,2,1,0,6,3,0,5,0,1,2,36,2,3,1.0,0.0,0.0,1.0,0.0,1.0,0,2,7
163075,4,2,1,17,8,3,0,1,1,1,1,38,2,2,0.0,0.0,0.0,0.0,0.0,2.0,19,3,11
157650,16,2,3,0,6,3,0,1,0,1,2,6,2,3,1.0,0.0,0.0,1.0,0.0,1.0,10,2,11
111269,17,11,5,7,11,3,5,5,1,1,2,36,2,2,0.0,0.0,0.0,0.0,0.0,1.0,23,1,8
77122,16,2,3,17,8,3,5,5,1,1,1,12,2,2,0.0,0.0,0.0,0.0,0.0,2.0,15,1,6
103280,15,2,0,17,6,3,0,1,1,1,0,18,2,2,0.0,0.0,0.0,0.0,0.0,3.0,2,1,7
107392,16,2,3,0,3,3,0,1,1,1,0,18,2,2,0.0,0.0,0.0,0.0,0.0,2.0,14,6,8
6036,16,2,1,17,2,3,5,1,0,1,2,36,2,3,2.0,0.0,0.0,2.0,0.0,1.0,3,7,1
97089,16,2,3,0,6,3,0,1,1,1,2,22,2,2,0.0,0.0,0.0,0.0,0.0,2.0,12,5,7
75950,4,2,3,0,11,3,0,1,1,1,2,12,2,2,0.0,0.0,0.0,0.0,0.0,2.0,11,5,6
6014,16,3,3,15,8,3,1,1,1,1,2,22,2,2,0.0,0.0,0.0,0.0,0.0,2.0,10,6,1
62536,15,2,3,5,15,3,0,1,0,1,0,36,2,3,1.0,0.0,0.0,1.0,0.0,1.0,15,2,5
117955,16,2,1,15,10,3,0,5,1,1,0,8,2,2,0.0,0.0,0.0,0.0,0.0,2.0,23,5,8
265,16,2,2,0,6,3,6,1,0,1,2,6,2,3,1.0,0.0,0.0,1.0,0.0,4.0,6,6,1
111672,15,2,1,2,6,2,0,1,0,1,2,9,1,3,1.0,0.0,0.0,1.0,0.0,1.0,23,7,8
89822,16,2,3,17,6,3,0,1,0,1,2,18,2,3,4.0,0.0,0.0,4.0,0.0,1.0,11,5,7
114282,16,2,3,0,6,3,0,1,0,1,2,3,3,3,3.0,0.0,0.0,3.0,0.0,0.0,13,6,8
2488,16,2,1,15,10,3,0,1,1,1,2,22,2,2,0.0,0.0,0.0,0.0,0.0,2.0,22,7,1
50507,16,2,0,17,6,3,6,1,0,1,2,35,3,2,0.0,0.0,0.0,0.0,0.0,5.0,20,2,4
4392,15,7,1,17,8,3,1,5,1,1,2,18,2,2,0.0,0.0,0.0,0.0,0.0,2.0,6,3,1
157302,16,2,3,15,8,3,0,1,1,1,1,23,2,2,0.0,0.0,0.0,0.0,0.0,2.0,8,6,11
84641,15,2,3,2,6,3,0,1,0,1,2,36,1,4,1.0,0.0,0.0,0.0,1.0,0.0,16,2,6
167955,16,2,3,17,1,3,0,1,1,1,2,18,2,2,0.0,0.0,0.0,0.0,0.0,2.0,15,3,11
137393,16,2,1,10,8,3,0,1,1,0,2,19,2,2,0.0,0.0,0.0,0.0,0.0,2.0,17,6,9
18836,16,10,1,17,3,3,4,1,1,1,1,18,2,2,0.0,0.0,0.0,0.0,0.0,2.0,23,6,2
69091,16,2,1,2,13,3,0,1,0,1,2,36,1,2,0.0,0.0,0.0,0.0,0.0,1.0,21,6,5
86957,15,2,1,17,18,3,0,1,0,1,2,5,4,2,0.0,0.0,0.0,0.0,0.0,3.0,23,2,6
20005,16,2,1,0,6,3,0,1,1,1,1,6,2,2,0.0,0.0,0.0,0.0,0.0,2.0,3,7,2
36776,16,2,3,17,2,3,0,1,1,1,2,6,2,2,0.0,0.0,0.0,0.0,0.0,2.0,11,2,3
13272,4,3,3,10,8,3,4,1,1,1,2,19,2,2,0.0,0.0,0.0,0.0,0.0,2.0,11,6,1
23744,16,2,1,17,6,3,0,1,0,1,2,24,2,4,1.0,0.0,0.0,0.0,1.0,2.0,3,6,2
59293,16,2,1,17,5,3,0,1,1,1,0,17,2,2,0.0,0.0,0.0,0.0,0.0,2.0,3,7,5
102469,16,7,3,10,3,4,6,1,1,1,2,17,2,2,0.0,0.0,0.0,0.0,0.0,2.0,13,2,7
36798,17,2,3,17,2,3,0,1,1,1,2,36,2,2,0.0,0.0,0.0,0.0,0.0,2.0,15,3,3
157027,15,7,3,0,8,3,6,1,1,1,2,36,2,2,0.0,0.0,0.0,0.0,0.0,2.0,11,7,11
108337,16,2,3,10,2,3,0,1,0,1,1,6,2,2,0.0,0.0,0.0,0.0,0.0,2.0,12,5,8
101733,16,2,1,17,2,3,0,1,0,1,2,22,2,2,0.0,0.0,0.0,0.0,0.0,2.0,22,5,7
134716,15,2,3,0,8,3,0,1,1,1,2,18,2,2,0.0,0.0,0.0,0.0,0.0,2.0,17,4,9
137243,16,3,3,10,2,3,0,1,1,1,1,19,2,2,0.0,0.0,0.0,0.0,0.0,2.0,15,4,9
18573,16,2,1,17,3,3,0,1,0,1,2,6,2,2,0.0,0.0,0.0,0.0,0.0,4.0,1,3,2
162700,16,2,3,0,6,3,0,1,0,1,2,6,2,2,0.0,0.0,0.0,0.0,0.0,5.0,14,6,11
6018,16,3,3,17,8,3,0,1,1,1,2,12,2,2,0.0,0.0,0.0,0.0,0.0,2.0,11,6,1
64259,16,7,3,10,8,3,6,1,1,1,2,38,2,2,0.0,0.0,0.0,0.0,0.0,2.0,12,6,5
129667,16,2,1,17,8,3,0,1,1,1,2,36,2,2,0.0,0.0,0.0,0.0,0.0,2.0,4,3,9
127973,16,2,0,17,3,3,0,1,0,1,2,6,3,2,0.0,0.0,0.0,0.0,0.0,4.0,23,7,9
110985,16,2,1,8,2,3,0,1,0,1,0,6,2,3,1.0,0.0,0.0,1.0,0.0,1.0,23,3,8
43944,15,2,3,0,8,3,6,5,0,1,2,5,2,3,1.0,0.0,0.0,1.0,0.0,1.0,8,2,4
11735,15,3,3,0,6,3,4,1,1,1,2,5,2,2,0.0,0.0,0.0,0.0,0.0,4.0,5,2,1
23552,15,7,3,0,10,3,6,1,1,1,2,18,2,2,0.0,0.0,0.0,0.0,0.0,2.0,7,2,2
56724,4,2,3,0,8,3,0,1,1,1,2,18,3,2,0.0,0.0,0.0,0.0,0.0,3.0,14,1,5
175873,4,2,1,17,15,3,0,1,1,1,2,18,2,2,0.0,0.0,0.0,0.0,0.0,2.0,22,5,12
85378,16,2,1,17,8,3,0,5,1,1,2,24,2,2,0.0,0.0,0.0,0.0,0.0,6.0,0,4,6
804,15,2,3,10,15,3,0,1,1,1,0,5,2,2,0.0,0.0,0.0,0.0,0.0,2.0,14,1,1
120464,17,2,4,10,8,3,0,5,1,1,1,36,2,2,0.0,0.0,0.0,0.0,0.0,3.0,21,7,8
155061,16,2,3,17,6,3,0,1,0,1,2,6,4,1,3.0,0.0,1.0,1.0,1.0,2.0,12,4,10
152214,15,2,3,14,8,3,0,1,1,0,2,36,2,2,0.0,0.0,0.0,0.0,0.0,2.0,15,5,10
91104,18,2,3,0,8,3,0,1,0,1,2,18,2,3,1.0,0.0,0.0,1.0,0.0,3.0,16,3,7
118403,15,2,3,0,8,3,0,1,1,1,2,18,2,2,0.0,0.0,0.0,0.0,0.0,2.0,12,3,8
44148,4,2,3,10,8,3,0,1,0,1,2,15,3,1,1.0,0.0,1.0,0.0,0.0,2.0,14,5,4
104700,15,2,1,0,6,3,0,5,1,1,1,36,2,2,0.0,0.0,0.0,0.0,0.0,2.0,19,6,8
37955,4,2,2,10,8,3,0,1,0,0,2,36,2,3,1.0,0.0,0.0,1.0,0.0,1.0,18,5,3
96006,4,2,3,17,8,3,0,1,1,1,2,36,2,2,0.0,0.0,0.0,0.0,0.0,2.0,10,3,7
178081,16,2,3,10,8,3,0,1,1,1,0,19,2,2,0.0,0.0,0.0,0.0,0.0,2.0,12,7,12
27961,16,2,3,0,6,3,0,1,0,1,2,6,2,2,0.0,0.0,0.0,0.0,0.0,2.0,10,2,2
47945,16,2,1,17,6,3,0,1,0,1,2,18,2,3,2.0,0.0,0.0,2.0,0.0,1.0,20,5,4
41223,16,2,3,17,6,4,0,1,1,1,2,17,2,2,0.0,0.0,0.0,0.0,0.0,2.0,17,3,3
87898,16,2,1,0,6,3,0,1,0,1,2,6,2,3,6.0,0.0,0.0,6.0,0.0,0.0,2,2,7