crash_date,               traffic_control_device,weather_condition,lighting_condition,first_crash_type,trafficway_type,alignment,roadway_surface_cond,road_defect,crash_type,intersection_related_i,damage,prim_contributory_cause,num_units,most_severe_injury,injuries_total,injuries_fatal,injuries_incapacitating,injuries_non_incapacitating,injuries_reported_not_evident,injuries_no_indication,crash_hour,crash_day_of_week,crash_month
121821,16,7,3,15,3,3,6,1,1,1,0,24,2,2,0.0,0.0,0.0,0.0,0.0,2.0,9,3,9
170577,15,2,1,17,15,3,0,1,1,1,1,18,2,2,0.0,0.0,0.0,0.0,0.0,2.0,18,4,11
134252,15,7,1,17,11,3,6,1,1,1,1,5,2,2,0.0,0.0,0.0,0.0,0.0,2.0,5,3,9
53916,15,7,3,0,6,3,6,1,1,1,2,36,2,2,0.0,0.0,0.0,0.0,0.0,2.0,16,6,4
17840,16,7,1,2,10,2,6,1,1,1,0,12,1,2,0.0,0.0,0.0,0.0,0.0,1.0,0,3,2
67685,4,2,3,9,11,3,0,1,0,1,2,18,2,1,1.0,0.0,1.0,0.0,0.0,1.0,8,5,5
85627,4,3,3,15,8,3,0,1,1,1,2,36,2,2,0.0,0.0,0.0,0.0,0.0,2.0,13,2,6
23403,16,2,3,17,6,3,0,1,1,1,1,18,2,2,0.0,0.0,0.0,0.0,0.0,2.0,10,7,2
36456,16,2,3,0,8,3,0,1,0,1,2,6,2,4,1.0,0.0,0.0,0.0,1.0,1.0,17,5,3
128700,15,2,3,8,2,3,0,1,0,1,2,36,2,3,1.0,0.0,0.0,1.0,0.0,1.0,16,5,9
93442,16,2,3,15,2,3,0,1,1,1,1,12,2,2,0.0,0.0,0.0,0.0,0.0,2.0,9,3,7
18501,16,2,3,17,8,3,0,1,0,1,2,18,2,3,1.0,0.0,0.0,1.0,0.0,1.0,10,7,2
32434,16,2,3,10,2,3,0,1,0,1,1,19,2,4,1.0,0.0,0.0,0.0,1.0,1.0,12,5,3
92096,4,2,3,7,2,3,0,1,1,1,0,8,2,2,0.0,0.0,0.0,0.0,0.0,1.0,14,5,7
17864,16,2,0,17,8,3,6,5,1,1,2,18,2,2,0.0,0.0,0.0,0.0,0.0,2.0,18,4,2
133682,16,2,4,17,8,3,5,5,1,1,2,24,2,2,0.0,0.0,0.0,0.0,0.0,3.0,19,2,9
137845,16,11,0,2,15,3,2,5,1,1,2,36,1,2,0.0,0.0,0.0,0.0,0.0,1.0,21,5,10
50575,16,2,1,9,8,3,0,1,0,1,2,6,2,1,1.0,0.0,1.0,0.0,0.0,1.0,22,3,4
45062,15,7,0,10,8,3,6,1,1,1,1,17,2,2,0.0,0.0,0.0,0.0,0.0,2.0,19,1,4
16625,16,10,4,17,8,3,6,1,1,1,1,36,2,2,0.0,0.0,0.0,0.0,0.0,2.0,16,5,2
20224,16,10,3,10,2,3,4,1,1,1,1,19,2,2,0.0,0.0,0.0,0.0,0.0,3.0,15,3,2
111456,4,2,3,15,2,3,0,1,1,1,2,28,2,2,0.0,0.0,0.0,0.0,0.0,3.0,7,3,8
152585,15,2,3,17,15,3,0,1,1,1,2,24,2,2,0.0,0.0,0.0,0.0,0.0,2.0,16,4,10
159762,15,2,2,0,3,3,0,1,1,1,2,18,2,2,0.0,0.0,0.0,0.0,0.0,2.0,6,4,11
58086,16,2,3,15,2,3,0,1,1,0,2,36,2,2,0.0,0.0,0.0,0.0,0.0,5.0,19,1,5
538,17,7,0,0,17,3,6,5,1,1,2,6,2,2,0.0,0.0,0.0,0.0,0.0,2.0,23,2,1
86812,16,2,3,15,8,3,0,1,1,1,2,22,2,2,0.0,0.0,0.0,0.0,0.0,2.0,9,6,6
142288,16,2,3,17,2,3,0,1,1,1,2,18,2,2,0.0,0.0,0.0,0.0,0.0,2.0,12,2,10
25014,4,2,3,2,15,3,4,2,1,0,0,39,1,2,0.0,0.0,0.0,0.0,0.0,1.0,14,2,2
41234,4,2,3,0,8,3,5,5,1,1,1,18,2,2,0.0,0.0,0.0,0.0,0.0,2.0,8,3,3
97088,16,2,1,10,5,3,0,5,1,1,2,23,2,2,0.0,0.0,0.0,0.0,0.0,2.0,0,5,7
13394,16,2,3,3,8,3,0,1,0,1,2,6,2,1,4.0,0.0,3.0,0.0,1.0,0.0,9,1,1
62570,15,2,3,17,6,3,0,1,1,1,2,12,2,2,0.0,0.0,0.0,0.0,0.0,6.0,8,2,5
93793,4,2,3,15,8,3,0,1,1,1,0,36,2,2,0.0,0.0,0.0,0.0,0.0,2.0,7,3,7
149455,15,2,3,0,6,3,0,1,0,1,2,18,2,2,0.0,0.0,0.0,0.0,0.0,2.0,16,5,10
137721,16,2,3,7,2,3,0,1,1,1,0,36,2,2,0.0,0.0,0.0,0.0,0.0,1.0,9,2,10
117180,16,2,3,8,8,3,0,1,0,1,0,22,2,3,1.0,0.0,0.0,1.0,0.0,2.0,8,1,8
45259,16,2,3,17,6,3,0,1,1,1,2,6,2,2,0.0,0.0,0.0,0.0,0.0,2.0,7,6,4
94484,15,2,4,0,6,3,0,5,0,1,2,26,2,4,1.0,0.0,0.0,0.0,1.0,1.0,20,7,7
51785,16,2,1,17,8,3,0,1,1,1,2,6,2,2,0.0,0.0,0.0,0.0,0.0,2.0,23,2,4
54558,16,2,3,14,10,3,0,1,1,1,0,36,2,2,0.0,0.0,0.0,0.0,0.0,3.0,16,6,4
164022,16,2,3,10,3,3,0,1,1,1,2,19,2,2,0.0,0.0,0.0,0.0,0.0,2.0,8,3,11
43117,15,7,3,0,6,3,6,1,0,1,1,38,2,4,1.0,0.0,0.0,0.0,1.0,2.0,7,3,4
9073,16,2,0,17,19,3,0,1,1,0,2,18,2,2,0.0,0.0,0.0,0.0,0.0,2.0,17,5,1
182447,16,2,1,17,10,3,0,1,1,1,2,22,2,2,0.0,0.0,0.0,0.0,0.0,8.0,21,7,12
84765,16,2,1,0,8,3,0,1,1,1,2,6,2,2,0.0,0.0,0.0,0.0,0.0,2.0,23,2,6
184518,16,10,3,10,6,3,4,1,1,1,2,19,2,2,0.0,0.0,0.0,0.0,0.0,2.0,16,5,12
34618,16,2,3,10,8,3,0,5,1,1,1,17,2,2,0.0,0.0,0.0,0.0,0.0,2.0,17,2,3
57633,16,2,3,0,9,3,0,1,0,1,2,6,3,2,0.0,0.0,0.0,0.0,0.0,5.0,10,7,5
63348,15,7,3,17,6,3,6,1,0,1,2,36,2,2,0.0,0.0,0.0,0.0,0.0,2.0,13,7,5
103559,16,2,3,15,18,3,0,1,1,0,2,18,2,2,0.0,0.0,0.0,0.0,0.0,3.0,19,4,7
133908,15,2,3,0,10,3,0,1,0,1,2,5,2,4,1.0,0.0,0.0,0.0,1.0,4.0,8,6,9
72688,15,2,3,3,6,3,0,1,0,1,2,36,3,3,2.0,0.0,0.0,2.0,0.0,1.0,16,6,6
17540,15,10,3,17,6,3,6,1,0,1,2,24,2,2,0.0,0.0,0.0,0.0,0.0,2.0,11,5,2
186374,15,11,0,0,6,3,5,5,0,1,2,18,3,2,0.0,0.0,0.0,0.0,0.0,3.0,17,3,12
145977,16,3,3,17,8,3,0,1,1,1,1,24,2,2,0.0,0.0,0.0,0.0,0.0,3.0,12,3,10
59176,16,2,3,7,16,3,0,1,1,1,1,36,2,2,0.0,0.0,0.0,0.0,0.0,1.0,7,5,5
59936,4,2,3,15,8,3,0,1,1,1,1,36,2,2,0.0,0.0,0.0,0.0,0.0,3.0,15,4,5
185135,16,2,3,17,6,3,0,1,0,1,2,36,2,4,1.0,0.0,0.0,0.0,1.0,4.0,12,7,12
113075,16,2,3,10,8,3,0,1,0,1,1,17,2,3,1.0,0.0,0.0,1.0,0.0,1.0,9,6,8
19926,15,2,3,8,6,3,0,1,0,1,1,18,2,4,1.0,0.0,0.0,0.0,1.0,1.0,14,6,2
32177,16,2,3,8,6,3,0,1,0,1,0,36,2,3,1.0,0.0,0.0,1.0,0.0,2.0,14,3,3
40863,16,2,1,17,8,3,0,1,1,1,2,23,2,2,0.0,0.0,0.0,0.0,0.0,2.0,23,2,3
31686,16,2,3,10,2,3,0,5,0,1,2,26,2,4,1.0,0.0,0.0,0.0,1.0,1.0,14,3,3
116624,16,2,3,0,1,3,0,1,0,1,2,6,4,2,0.0,0.0,0.0,0.0,0.0,12.0,16,7,8
52803,16,7,3,10,8,3,6,5,1,1,2,36,2,2,0.0,0.0,0.0,0.0,0.0,4.0,15,1,4
63347,15,7,3,0,8,5,6,1,1,1,1,18,2,2,0.0,0.0,0.0,0.0,0.0,2.0,13,7,5
179036,4,7,1,17,8,3,6,1,0,1,2,39,2,3,1.0,0.0,0.0,1.0,0.0,1.0,20,5,12
84981,16,2,1,17,8,3,0,1,1,1,2,26,2,2,0.0,0.0,0.0,0.0,0.0,2.0,22,6,6
62599,16,3,3,10,2,3,0,1,1,1,2,19,2,2,0.0,0.0,0.0,0.0,0.0,4.0,16,7,5
138352,4,7,1,9,2,0,6,1,0,1,2,36,2,3,2.0,0.0,0.0,2.0,0.0,1.0,20,4,10
84185,16,2,1,7,10,3,0,1,1,1,0,21,2,2,0.0,0.0,0.0,0.0,0.0,3.0,1,6,6
107721,15,2,3,17,2,3,0,1,1,1,2,18,2,2,0.0,0.0,0.0,0.0,0.0,3.0,12,2,8
139097,15,7,3,0,8,3,6,1,1,1,2,36,2,2,0.0,0.0,0.0,0.0,0.0,4.0,16,1,10
129512,16,2,0,10,8,3,0,1,1,1,1,21,2,2,0.0,0.0,0.0,0.0,0.0,2.0,21,7,9
104888,16,2,3,10,3,4,0,1,0,1,2,36,2,2,0.0,0.0,0.0,0.0,0.0,1.0,18,3,8
47368,16,2,3,10,10,3,0,1,1,1,2,19,2,2,0.0,0.0,0.0,0.0,0.0,2.0,12,2,4
124114,15,7,3,17,2,3,6,1,0,1,2,5,3,2,0.0,0.0,0.0,0.0,0.0,3.0,17,3,9
9128,15,4,3,10,8,4,0,1,1,1,1,19,2,2,0.0,0.0,0.0,0.0,0.0,2.0,15,5,1
102079,16,2,3,10,3,3,0,1,1,1,2,17,2,2,0.0,0.0,0.0,0.0,0.0,2.0,15,4,7
50633,16,2,3,17,6,3,0,1,0,1,2,6,2,3,1.0,0.0,0.0,1.0,0.0,4.0,9,4,4
165622,15,2,3,0,8,3,0,1,1,1,2,36,2,2,0.0,0.0,0.0,0.0,0.0,2.0,14,5,11
143937,16,2,3,0,2,3,0,1,0,1,2,12,2,4,2.0,0.0,0.0,0.0,2.0,2.0,16,6,10
10847,16,2,0,10,10,3,0,1,1,1,1,36,2,2,0.0,0.0,0.0,0.0,0.0,5.0,18,7,1
51319,16,2,3,10,8,3,0,1,1,1,1,36,2,2,0.0,0.0,0.0,0.0,0.0,2.0,15,1,4
14982,16,2,4,17,8,4,5,1,1,1,2,24,2,2,0.0,0.0,0.0,0.0,0.0,3.0,17,3,1
38118,15,2,3,0,8,3,0,1,1,1,2,36,2,2,0.0,0.0,0.0,0.0,0.0,2.0,16,6,3
135840,15,2,1,10,10,3,0,1,1,1,2,19,2,2,0.0,0.0,0.0,0.0,0.0,2.0,10,6,9
18359,16,2,3,9,8,3,4,1,0,1,0,18,2,4,1.0,0.0,0.0,0.0,1.0,1.0,10,5,2
27699,15,11,3,17,8,3,5,1,1,1,2,18,2,2,0.0,0.0,0.0,0.0,0.0,2.0,7,4,2
15929,16,2,1,17,5,3,0,1,0,1,2,24,2,2,0.0,0.0,0.0,0.0,0.0,3.0,17,6,2
127314,15,2,3,8,8,3,0,1,0,1,0,5,2,3,1.0,0.0,0.0,1.0,0.0,1.0,9,5,9
110262,16,2,4,17,6,3,0,5,0,1,2,6,2,4,2.0,0.0,0.0,0.0,2.0,1.0,19,7,8
120855,15,2,3,0,8,3,0,1,0,1,2,36,2,2,0.0,0.0,0.0,0.0,0.0,2.0,14,5,9
184699,16,2,1,15,8,3,0,3,1,1,1,23,2,2,0.0,0.0,0.0,0.0,0.0,2.0,17,4,12
178452,4,2,3,3,8,3,0,1,1,1,2,36,2,2,0.0,0.0,0.0,0.0,0.0,2.0,14,5,12
164128,16,2,3,10,6,3,0,1,0,1,2,36,2,2,0.0,0.0,0.0,0.0,0.0,2.0,14,6,11
125130,15,2,1,9,8,3,0,4,0,1,0,5,2,1,1.0,0.0,1.0,0.0,0.0,1.0,22,2,9
159692,16,2,3,10,10,3,5,5,1,1,0,19,2,2,0.0,0.0,0.0,0.0,0.0,2.0,13,1,11
117532,16,2,3,17,15,3,0,1,1,1,2,36,2,2,0.0,0.0,0.0,0.0,0.0,2.0,15,6,8
164238,16,2,3,17,2,3,0,1,1,1,2,24,2,2,0.0,0.0,0.0,0.0,0.0,2.0,13,5,11
23244,15,2,3,17,15,3,4,1,0,1,2,18,2,2,0.0,0.0,0.0,0.0,0.0,2.0,13,5,2
78045,16,2,3,10,6,3,0,1,1,1,0,36,2,2,0.0,0.0,0.0,0.0,0.0,2.0,17,2,6
116359,16,2,3,14,19,3,5,5,1,1,1,23,2,2,0.0,0.0,0.0,0.0,0.0,2.0,17,2,8
61636,4,2,3,17,10,3,0,1,0,1,2,22,3,2,0.0,0.0,0.0,0.0,0.0,2.0,17,7,5
136727,4,2,3,15,10,3,0,1,1,0,2,36,2,2,0.0,0.0,0.0,0.0,0.0,2.0,15,3,9
149966,15,2,3,0,18,3,0,1,0,1,1,36,2,1,1.0,0.0,1.0,0.0,0.0,1.0,13,5,10
55245,15,2,3,9,8,3,0,1,0,1,0,18,2,3,1.0,0.0,0.0,1.0,0.0,3.0,14,5,4
140647,15,2,3,0,6,3,0,1,0,1,2,18,2,2,0.0,0.0,0.0,0.0,0.0,3.0,9,1,10
56063,16,2,3,15,2,3,0,1,1,1,0,23,2,2,0.0,0.0,0.0,0.0,0.0,2.0,15,3,5
158393,15,2,3,10,8,3,0,1,1,1,2,19,2,2,0.0,0.0,0.0,0.0,0.0,2.0,11,6,11
145234,16,7,1,10,2,3,6,1,0,1,2,19,2,3,1.0,0.0,0.0,1.0,0.0,2.0,17,7,10
21536,16,2,1,17,8,3,6,1,1,1,2,36,2,2,0.0,0.0,0.0,0.0,0.0,2.0,20,3,2
128240,16,2,3,17,8,3,0,1,0,1,2,18,3,3,1.0,0.0,0.0,1.0,0.0,3.0,13,7,9
57128,16,2,3,15,6,3,0,1,1,1,1,23,2,2,0.0,0.0,0.0,0.0,0.0,2.0,7,6,5
78723,16,2,3,0,15,3,0,1,1,1,2,6,2,2,0.0,0.0,0.0,0.0,0.0,2.0,9,5,6
100370,16,2,1,15,10,3,0,1,1,1,2,22,2,2,0.0,0.0,0.0,0.0,0.0,2.0,21,5,7
23163,16,10,3,15,10,4,4,1,1,1,2,39,2,2,0.0,0.0,0.0,0.0,0.0,2.0,8,2,2
118774,16,2,3,17,6,3,6,1,1,1,2,6,2,2,0.0,0.0,0.0,0.0,0.0,2.0,7,4,8
90455,15,2,3,10,8,3,0,1,1,1,0,19,2,2,0.0,0.0,0.0,0.0,0.0,2.0,15,6,7
150186,16,2,0,3,8,3,0,1,0,0,2,18,2,3,2.0,0.0,0.0,2.0,0.0,4.0,1,1,10
58114,16,2,1,17,6,3,0,1,0,1,2,6,2,2,0.0,0.0,0.0,0.0,0.0,5.0,1,3,5
67685,15,2,3,0,8,3,0,1,1,1,2,5,2,2,0.0,0.0,0.0,0.0,0.0,3.0,8,5,5
54294,16,2,1,0,8,3,0,1,0,1,2,36,2,4,1.0,0.0,0.0,0.0,1.0,2.0,19,3,4
24790,16,2,3,17,6,3,0,1,1,1,2,22,2,2,0.0,0.0,0.0,0.0,0.0,2.0,8,4,2
151143,16,2,3,17,2,3,0,1,0,1,2,12,2,2,0.0,0.0,0.0,0.0,0.0,3.0,7,5,10
10338,15,2,3,17,6,3,0,1,0,1,1,18,2,2,0.0,0.0,0.0,0.0,0.0,3.0,15,6,1
6083,16,2,3,15,8,3,0,1,1,1,2,36,2,2,0.0,0.0,0.0,0.0,0.0,4.0,12,7,1
10959,16,11,5,17,10,3,5,5,1,1,2,24,2,2,0.0,0.0,0.0,0.0,0.0,2.0,18,2,1
152748,16,2,0,8,2,3,0,1,0,1,2,18,2,4,1.0,0.0,0.0,0.0,1.0,1.0,21,7,10
92444,4,2,1,17,1,3,0,1,0,1,2,15,2,2,0.0,0.0,0.0,0.0,0.0,2.0,21,2,7
179456,16,7,1,0,8,3,6,1,1,1,1,36,2,2,0.0,0.0,0.0,0.0,0.0,2.0,19,2,12
10247,16,2,0,17,8,3,0,1,1,1,2,19,2,2,0.0,0.0,0.0,0.0,0.0,2.0,22,3,1
103626,16,2,3,17,6,3,0,1,0,1,2,36,2,3,1.0,0.0,0.0,1.0,0.0,1.0,6,6,7
95127,15,2,3,0,8,3,0,1,0,1,2,36,2,2,0.0,0.0,0.0,0.0,0.0,2.0,18,2,7
130591,16,2,3,10,6,3,0,1,0,1,2,19,2,4,1.0,0.0,0.0,0.0,1.0,1.0,17,4,9
176270,15,2,1,0,2,3,0,1,1,1,2,36,2,2,0.0,0.0,0.0,0.0,0.0,2.0,21,4,12
13347,15,2,3,17,11,3,0,1,1,1,2,24,2,2,0.0,0.0,0.0,0.0,0.0,3.0,8,5,1
55297,16,2,1,0,6,3,0,1,0,1,2,6,2,3,1.0,0.0,0.0,1.0,0.0,1.0,23,5,4
26611,16,2,0,0,6,3,0,1,0,1,2,6,2,4,1.0,0.0,0.0,0.0,1.0,1.0,1,1,2
144487,16,11,1,10,3,3,5,1,1,1,1,17,2,2,0.0,0.0,0.0,0.0,0.0,2.0,19,5,10
87726,16,2,1,17,15,3,5,5,0,1,2,18,2,3,1.0,0.0,0.0,1.0,0.0,4.0,2,1,6
84618,16,2,1,10,18,3,0,5,1,1,2,36,2,2,0.0,0.0,0.0,0.0,0.0,2.0,11,7,6
130982,16,2,1,14,6,3,0,1,0,1,2,8,2,2,0.0,0.0,0.0,0.0,0.0,2.0,21,1,9
53370,16,2,3,10,6,3,0,1,0,1,2,17,3,3,5.0,0.0,0.0,5.0,0.0,0.0,13,5,4
101970,15,2,3,10,15,3,0,1,0,1,0,19,2,4,2.0,0.0,0.0,0.0,2.0,2.0,18,1,7
71152,16,7,3,10,8,3,6,1,1,1,1,36,2,2,0.0,0.0,0.0,0.0,0.0,2.0,16,3,5
171071,15,2,4,0,6,3,0,1,0,1,2,18,2,4,8.0,0.0,0.0,0.0,8.0,3.0,15,5,11
43773,4,7,3,10,8,3,6,1,1,0,2,17,2,2,0.0,0.0,0.0,0.0,0.0,2.0,7,5,4
90527,16,2,3,15,8,3,0,1,1,1,0,22,2,2,0.0,0.0,0.0,0.0,0.0,2.0,15,7,7
116863,15,2,3,11,8,3,0,1,1,1,1,12,2,2,0.0,0.0,0.0,0.0,0.0,2.0,13,3,8
19595,16,2,3,17,6,3,0,4,1,1,2,12,2,2,0.0,0.0,0.0,0.0,0.0,2.0,12,6,2
147806,4,2,4,10,2,3,0,5,0,1,2,19,2,2,0.0,0.0,0.0,0.0,0.0,2.0,17,3,10
118106,16,2,1,0,6,3,0,1,0,1,2,6,2,2,0.0,0.0,0.0,0.0,0.0,2.0,0,7,8
153568,15,2,3,0,11,3,0,1,0,1,2,26,2,3,1.0,0.0,0.0,1.0,0.0,1.0,13,4,10
80000,16,2,1,10,2,3,0,1,1,0,0,19,2,2,0.0,0.0,0.0,0.0,0.0,6.0,23,7,6
95859,4,2,3,17,10,3,0,1,0,1,2,24,2,2,0.0,0.0,0.0,0.0,0.0,6.0,18,7,7
165248,16,2,3,17,8,3,0,1,0,1,2,26,2,4,2.0,0.0,0.0,0.0,2.0,1.0,14,1,11
82929,15,2,3,17,8,3,0,1,0,1,2,18,6,3,1.0,0.0,0.0,1.0,0.0,1.0,9,2,6
169037,15,2,1,15,8,3,0,1,0,1,0,18,3,3,1.0,0.0,0.0,1.0,0.0,2.0,19,6,11
158826,16,2,3,10,10,3,0,1,1,1,2,17,2,2,0.0,0.0,0.0,0.0,0.0,2.0,9,4,11
185361,15,2,3,9,6,3,0,1,0,1,2,17,6,3,2.0,0.0,0.0,2.0,0.0,4.0,14,3,12
98355,16,2,0,15,8,3,0,1,1,1,1,23,2,2,0.0,0.0,0.0,0.0,0.0,2.0,21,1,7
117218,16,2,1,10,8,3,0,1,1,1,2,21,2,2,0.0,0.0,0.0,0.0,0.0,2.0,20,6,8
124201,4,2,3,17,8,3,0,1,0,1,2,36,2,2,0.0,0.0,0.0,0.0,0.0,2.0,7,4,9
55129,16,7,3,15,8,3,6,1,1,1,2,18,2,2,0.0,0.0,0.0,0.0,0.0,2.0,14,2,4
96449,15,2,3,0,6,3,0,1,0,1,2,38,2,2,0.0,0.0,0.0,0.0,0.0,2.0,15,2,7
131220,4,2,3,17,15,3,0,1,1,0,2,28,2,2,0.0,0.0,0.0,0.0,0.0,2.0,11,5,9
45724,15,2,2,17,8,3,0,1,0,1,2,23,2,3,4.0,0.0,0.0,4.0,0.0,1.0,22,7,4
39981,4,2,3,17,15,3,0,1,0,1,2,18,2,3,1.0,0.0,0.0,1.0,0.0,2.0,14,7,3
41570,15,2,3,17,6,3,0,1,1,1,1,18,2,2,0.0,0.0,0.0,0.0,0.0,2.0,13,3,3
90184,16,2,3,10,6,3,6,1,0,1,2,19,3,4,1.0,0.0,0.0,0.0,1.0,2.0,17,3,7
16506,16,2,1,9,8,3,0,1,0,0,0,18,2,4,1.0,0.0,0.0,0.0,1.0,1.0,6,2,2
135147,15,2,3,17,3,3,0,1,1,1,2,18,2,2,0.0,0.0,0.0,0.0,0.0,3.0,14,2,9
143349,16,2,1,17,3,3,0,1,1,1,1,6,2,2,0.0,0.0,0.0,0.0,0.0,2.0,20,1,10
28097,16,2,1,10,6,3,0,5,1,0,0,17,2,2,0.0,0.0,0.0,0.0,0.0,3.0,1,7,2
156971,16,2,1,0,8,3,0,1,1,1,2,17,2,2,0.0,0.0,0.0,0.0,0.0,2.0,23,6,11
102246,16,2,3,17,6,3,0,1,1,1,2,36,2,2,0.0,0.0,0.0,0.0,0.0,2.0,9,6,7
147668,15,7,3,0,6,3,6,1,0,1,2,5,2,3,2.0,0.0,0.0,2.0,0.0,0.0,13,1,10
96321,4,2,3,17,8,3,0,1,1,1,2,36,2,2,0.0,0.0,0.0,0.0,0.0,2.0,13,7,7
27476,4,2,1,17,8,3,0,1,0,1,2,18,2,4,3.0,0.0,0.0,0.0,3.0,1.0,5,1,2
40431,16,2,3,17,6,3,0,1,1,1,1,18,2,2,0.0,0.0,0.0,0.0,0.0,3.0,18,1,3
178574,16,3,1,0,6,3,0,1,0,1,2,6,2,2,0.0,0.0,0.0,0.0,0.0,3.0,22,7,12
124262,16,3,3,17,3,3,6,5,1,1,1,36,2,2,0.0,0.0,0.0,0.0,0.0,2.0,7,5,9
184731,16,2,1,15,8,3,0,1,1,1,1,22,2,2,0.0,0.0,0.0,0.0,0.0,2.0,22,6,12
35692,16,2,3,17,15,3,0,1,1,1,2,23,2,2,0.0,0.0,0.0,0.0,0.0,2.0,17,5,3
102513,16,7,3,10,2,3,6,1,1,1,1,36,2,2,0.0,0.0,0.0,0.0,0.0,2.0,9,2,7
11712,16,2,3,0,6,3,6,1,0,1,2,6,2,3,2.0,0.0,0.0,2.0,0.0,0.0,11,1,1
67217,15,2,3,0,8,3,0,1,1,1,2,5,2,2,0.0,0.0,0.0,0.0,0.0,2.0,18,5,5
154928,16,11,3,17,6,3,5,5,1,1,2,36,2,2,0.0,0.0,0.0,0.0,0.0,2.0,15,2,10
43115,16,7,3,17,8,3,6,1,1,1,2,24,2,2,0.0,0.0,0.0,0.0,0.0,3.0,7,3,4
53176,16,7,1,17,6,3,6,1,1,1,0,22,2,2,0.0,0.0,0.0,0.0,0.0,3.0,23,7,4
15839,16,10,3,10,6,3,4,1,1,1,1,19,2,2,0.0,0.0,0.0,0.0,0.0,2.0,8,4,2
184718,16,10,1,10,8,3,4,1,1,1,1,36,2,2,0.0,0.0,0.0,0.0,0.0,2.0,18,6,12
18516,4,10,3,17,6,3,0,1,1,1,1,26,2,2,0.0,0.0,0.0,0.0,0.0,2.0,13,2,2
38988,4,2,1,17,8,3,0,1,1,1,1,26,2,2,0.0,0.0,0.0,0.0,0.0,5.0,4,1,3
150549,16,2,1,10,6,3,0,1,1,1,0,19,2,2,0.0,0.0,0.0,0.0,0.0,4.0,19,4,10
151095,15,2,3,0,10,3,0,1,1,1,1,36,2,2,0.0,0.0,0.0,0.0,0.0,2.0,7,4,10
99135,16,2,3,10,2,3,0,1,0,1,2,23,2,1,7.0,0.0,1.0,6.0,0.0,1.0,9,7,7
172678,16,2,3,10,2,3,0,1,1,1,2,36,2,2,0.0,0.0,0.0,0.0,0.0,5.0,14,1,12
68954,16,2,3,17,8,3,0,1,1,1,2,24,2,2,0.0,0.0,0.0,0.0,0.0,2.0,16,5,5
83892,4,2,3,17,8,3,0,1,0,1,2,36,2,3,1.0,0.0,0.0,1.0,0.0,2.0,19,3,6
132566,15,2,3,0,2,3,0,1,0,1,2,18,2,2,0.0,0.0,0.0,0.0,0.0,2.0,8,7,9
143807,4,7,1,0,6,3,6,1,0,1,2,6,2,4,1.0,0.0,0.0,0.0,1.0,2.0,19,3,10
124335,15,2,3,17,8,3,0,1,1,1,1,8,2,2,0.0,0.0,0.0,0.0,0.0,4.0,9,7,9
113238,4,2,3,17,2,3,0,1,0,1,2,11,2,4,1.0,0.0,0.0,0.0,1.0,1.0,16,3,8
122982,4,2,3,17,8,3,0,1,1,0,2,18,2,2,0.0,0.0,0.0,0.0,0.0,5.0,14,7,9
157761,15,2,1,0,6,3,0,1,1,1,1,18,2,2,0.0,0.0,0.0,0.0,0.0,2.0,19,5,11
163255,16,7,1,10,8,3,6,1,1,1,2,36,2,2,0.0,0.0,0.0,0.0,0.0,2.0,19,7,11
35661,16,2,1,8,15,3,0,1,0,1,2,28,2,1,1.0,0.0,1.0,0.0,0.0,1.0,23,4,3
184233,16,2,1,17,8,3,0,1,0,1,2,18,2,2,0.0,0.0,0.0,0.0,0.0,4.0,19,6,12
115356,16,2,3,17,8,3,0,1,1,1,2,19,2,2,0.0,0.0,0.0,0.0,0.0,2.0,15,1,8
104193,16,3,3,10,8,4,5,5,1,0,2,36,2,2,0.0,0.0,0.0,0.0,0.0,2.0,10,7,8
8404,15,2,1,17,8,3,0,5,0,1,2,36,2,4,1.0,0.0,0.0,0.0,1.0,2.0,18,2,1
187090,15,2,3,0,8,3,0,1,1,1,2,18,2,2,0.0,0.0,0.0,0.0,0.0,2.0,12,5,12
116151,16,2,1,10,8,3,0,1,1,1,1,36,2,2,0.0,0.0,0.0,0.0,0.0,2.0,21,4,8
152999,16,3,3,10,15,3,6,1,1,1,0,8,2,2,0.0,0.0,0.0,0.0,0.0,3.0,13,3,10
183609,16,2,1,10,8,3,0,1,1,1,2,19,2,2,0.0,0.0,0.0,0.0,0.0,2.0,16,4,12
12729,15,2,3,0,6,3,6,1,1,1,2,18,2,2,0.0,0.0,0.0,0.0,0.0,2.0,13,5,1
132502,16,2,3,0,11,3,0,1,0,1,2,6,2,3,5.0,0.0,0.0,5.0,0.0,1.0,8,6,9
40022,16,2,1,7,8,3,0,1,0,1,2,23,6,2,0.0,0.0,0.0,0.0,0.0,1.0,23,7,3
7341,4,2,3,0,10,3,0,1,0,1,2,5,4,3,2.0,0.0,0.0,2.0,0.0,0.0,15,7,1
4507,16,2,1,15,8,3,0,1,1,1,1,36,2,2,0.0,0.0,0.0,0.0,0.0,2.0,19,5,1
84509,16,2,1,0,6,3,0,1,0,1,2,6,2,2,0.0,0.0,0.0,0.0,0.0,6.0,2,6,6
140249,16,2,4,0,3,3,0,1,1,1,1,36,2,2,0.0,0.0,0.0,0.0,0.0,3.0,17,4,10
102957,16,2,3,10,8,3,0,1,0,1,2,38,3,2,0.0,0.0,0.0,0.0,0.0,4.0,8,2,7