crash_date,               traffic_control_device,weather_condition,lighting_condition,first_crash_type,trafficway_type,alignment,roadway_surface_cond,road_defect,crash_type,intersection_related_i,damage,prim_contributory_cause,num_units,most_severe_injury,injuries_total,injuries_fatal,injuries_incapacitating,injuries_non_incapacitating,injuries_reported_not_evident,injuries_no_indication,crash_hour,crash_day_of_week,crash_month
152620,15,2,3,7,8,4,0,1,1,1,1,22,2,2,0.0,0.0,0.0,0.0,0.0,1.0,10,4,10
12551,17,6,0,7,8,3,2,5,1,1,1,36,2,2,0.0,0.0,0.0,0.0,0.0,1.0,2,1,1
130759,15,2,0,0,8,3,6,1,1,1,2,36,2,2,0.0,0.0,0.0,0.0,0.0,2.0,18,4,9
137213,15,2,3,0,6,3,0,1,1,1,2,18,2,2,0.0,0.0,0.0,0.0,0.0,3.0,8,2,9
46882,16,2,1,17,8,3,0,1,1,1,2,23,2,2,0.0,0.0,0.0,0.0,0.0,6.0,0,7,4
105254,15,2,1,0,6,3,0,1,0,1,2,36,2,3,1.0,0.0,0.0,1.0,0.0,2.0,23,7,8
6714,15,2,3,17,8,3,0,1,1,1,1,24,2,2,0.0,0.0,0.0,0.0,0.0,2.0,11,3,1
79392,16,2,3,17,8,3,0,1,1,1,2,36,2,2,0.0,0.0,0.0,0.0,0.0,2.0,15,6,6
94673,15,2,3,17,3,3,0,1,0,1,2,5,2,3,1.0,0.0,0.0,1.0,0.0,3.0,7,1,7
9172,16,10,3,15,8,3,4,1,0,1,2,18,2,2,0.0,0.0,0.0,0.0,0.0,3.0,13,6,1
18439,16,2,1,10,8,3,1,1,1,1,2,8,2,2,0.0,0.0,0.0,0.0,0.0,3.0,0,6,2
178703,15,2,1,0,6,3,0,1,1,1,2,36,2,2,0.0,0.0,0.0,0.0,0.0,2.0,21,2,12
13775,16,2,3,10,2,3,0,1,1,1,2,36,2,2,0.0,0.0,0.0,0.0,0.0,2.0,11,6,1
48515,15,2,3,17,8,4,0,1,0,1,2,18,2,2,0.0,0.0,0.0,0.0,0.0,4.0,10,1,4
177814,15,2,1,9,8,3,0,1,0,1,0,38,2,1,2.0,0.0,1.0,1.0,0.0,1.0,19,3,12
128201,15,2,3,17,8,3,5,5,1,1,1,36,2,2,0.0,0.0,0.0,0.0,0.0,3.0,18,5,9
161230,15,2,3,0,15,3,5,5,1,1,2,36,2,2,0.0,0.0,0.0,0.0,0.0,2.0,17,6,11
12757,16,10,3,10,6,3,5,1,1,1,2,36,2,2,0.0,0.0,0.0,0.0,0.0,2.0,17,5,1
116245,16,2,0,17,8,3,0,1,1,1,2,36,2,2,0.0,0.0,0.0,0.0,0.0,5.0,20,6,8
170460,4,7,3,10,13,3,6,1,0,1,2,36,2,3,1.0,0.0,0.0,1.0,0.0,1.0,7,1,11
91637,16,2,3,10,8,3,0,1,1,1,2,19,2,2,0.0,0.0,0.0,0.0,0.0,2.0,10,4,7
86224,4,2,3,15,8,3,0,1,1,0,2,36,2,2,0.0,0.0,0.0,0.0,0.0,2.0,18,3,6
116409,15,2,3,0,6,3,0,1,0,1,1,18,2,2,0.0,0.0,0.0,0.0,0.0,3.0,13,3,8
43707,16,2,1,15,8,3,0,1,1,1,2,36,2,2,0.0,0.0,0.0,0.0,0.0,2.0,20,4,4
105725,16,2,1,10,8,3,0,5,1,1,2,19,2,2,0.0,0.0,0.0,0.0,0.0,2.0,23,7,8
83138,16,7,1,10,1,3,6,1,1,1,2,17,2,2,0.0,0.0,0.0,0.0,0.0,3.0,22,4,6
7384,15,10,1,0,8,3,4,1,1,1,2,5,2,2,0.0,0.0,0.0,0.0,0.0,3.0,11,7,1
131107,16,7,3,9,2,3,6,1,0,1,0,18,2,3,1.0,0.0,0.0,1.0,0.0,1.0,8,3,9
8513,4,3,3,17,8,3,2,1,1,1,2,36,2,2,0.0,0.0,0.0,0.0,0.0,2.0,7,4,1
9084,16,2,3,0,6,3,6,1,0,1,2,6,2,2,0.0,0.0,0.0,0.0,0.0,2.0,7,5,1
73794,16,2,1,0,6,3,0,1,0,1,2,6,2,4,2.0,0.0,0.0,0.0,2.0,6.0,1,3,6
81453,15,2,3,7,18,3,0,1,1,1,2,36,2,2,0.0,0.0,0.0,0.0,0.0,1.0,11,3,6
49950,4,2,3,17,8,3,0,1,1,1,1,19,2,2,0.0,0.0,0.0,0.0,0.0,2.0,14,5,4
56891,16,2,3,17,6,3,0,1,1,1,2,19,2,2,0.0,0.0,0.0,0.0,0.0,2.0,14,5,5
128263,6,2,3,10,13,2,0,1,0,1,2,18,2,4,1.0,0.0,0.0,0.0,1.0,1.0,16,7,9
165909,4,2,3,10,2,3,0,5,1,0,1,24,2,2,0.0,0.0,0.0,0.0,0.0,2.0,14,5,11
145742,15,2,3,0,8,3,0,1,0,1,2,18,2,2,0.0,0.0,0.0,0.0,0.0,2.0,8,2,10
52101,16,2,3,17,2,3,0,1,1,1,2,3,2,2,0.0,0.0,0.0,0.0,0.0,3.0,7,1,4
188349,16,7,2,0,18,3,6,1,0,1,2,6,2,2,0.0,0.0,0.0,0.0,0.0,2.0,6,5,12
167744,15,2,1,0,6,3,0,1,0,1,2,5,2,2,0.0,0.0,0.0,0.0,0.0,3.0,2,6,11
83220,16,2,3,17,8,3,0,1,1,1,2,18,2,2,0.0,0.0,0.0,0.0,0.0,2.0,6,6,6
151589,16,2,3,17,8,3,0,1,1,1,2,36,2,2,0.0,0.0,0.0,0.0,0.0,3.0,16,4,10
2939,16,2,3,15,2,3,0,1,1,1,0,36,2,2,0.0,0.0,0.0,0.0,0.0,2.0,17,5,1
13535,16,2,1,17,6,3,0,1,1,1,2,18,2,2,0.0,0.0,0.0,0.0,0.0,2.0,17,5,1
37471,16,2,3,15,3,3,0,1,1,1,2,36,2,2,0.0,0.0,0.0,0.0,0.0,2.0,6,2,3
63249,16,2,3,9,10,3,0,1,0,1,2,18,2,3,1.0,0.0,0.0,1.0,0.0,3.0,18,4,5
140820,16,2,4,17,10,3,0,1,0,1,2,24,2,2,0.0,0.0,0.0,0.0,0.0,2.0,19,5,10
35211,4,7,1,7,8,3,6,1,0,1,2,26,3,3,2.0,0.0,0.0,2.0,0.0,0.0,20,4,3
161316,15,2,1,17,15,3,0,1,0,1,2,18,2,3,2.0,0.0,0.0,1.0,1.0,1.0,20,1,11
1209,16,3,3,0,1,3,0,1,0,1,2,36,2,2,0.0,0.0,0.0,0.0,0.0,2.0,11,6,1
84644,16,2,3,10,6,3,0,1,1,1,1,36,2,2,0.0,0.0,0.0,0.0,0.0,4.0,17,2,6
21047,16,2,3,17,6,3,0,1,0,1,1,36,2,2,0.0,0.0,0.0,0.0,0.0,2.0,8,3,2
59838,15,2,1,15,6,3,0,1,1,1,2,22,2,2,0.0,0.0,0.0,0.0,0.0,2.0,22,1,5
127753,4,2,1,15,2,3,0,1,1,1,2,18,2,2,0.0,0.0,0.0,0.0,0.0,2.0,5,4,9
68198,16,2,3,0,2,3,0,1,0,1,2,6,2,3,1.0,0.0,0.0,1.0,0.0,2.0,5,6,5
70771,16,2,3,0,6,4,0,1,1,1,2,17,2,2,0.0,0.0,0.0,0.0,0.0,4.0,13,5,5
78185,4,11,5,7,8,3,5,1,1,0,2,26,2,2,0.0,0.0,0.0,0.0,0.0,1.0,3,3,6
141246,16,2,3,17,8,3,0,1,1,0,0,12,2,2,0.0,0.0,0.0,0.0,0.0,2.0,8,2,10
140346,15,7,1,17,15,3,6,1,0,1,2,18,2,4,2.0,0.0,0.0,0.0,2.0,2.0,22,5,10
128596,16,2,1,10,10,3,5,5,1,1,2,36,2,2,0.0,0.0,0.0,0.0,0.0,3.0,21,3,9
67824,15,2,1,10,10,3,0,1,1,1,1,36,2,2,0.0,0.0,0.0,0.0,0.0,5.0,23,1,5
74739,15,2,3,0,8,3,0,1,0,1,2,18,2,2,0.0,0.0,0.0,0.0,0.0,2.0,11,1,6
186885,15,7,3,9,15,3,6,1,0,1,0,18,2,4,1.0,0.0,0.0,0.0,1.0,1.0,15,4,12
65844,16,2,1,15,6,3,0,1,1,1,2,36,2,2,0.0,0.0,0.0,0.0,0.0,2.0,11,5,5
57703,15,2,3,0,6,3,0,1,0,1,2,5,3,2,0.0,0.0,0.0,0.0,0.0,8.0,16,3,5
5107,16,10,1,10,2,3,4,1,0,1,2,39,2,4,1.0,0.0,0.0,0.0,1.0,2.0,19,7,1
170804,4,7,1,17,8,3,6,5,0,0,2,18,2,2,0.0,0.0,0.0,0.0,0.0,2.0,21,5,11
92063,16,2,3,0,6,3,0,1,0,1,2,36,2,2,0.0,0.0,0.0,0.0,0.0,5.0,19,3,7
69980,15,2,3,17,6,3,0,1,1,1,1,24,2,2,0.0,0.0,0.0,0.0,0.0,2.0,16,7,5
125355,15,2,3,15,6,3,5,1,1,1,1,22,2,2,0.0,0.0,0.0,0.0,0.0,2.0,17,7,9
11847,16,7,1,11,8,3,6,1,1,1,2,21,2,2,0.0,0.0,0.0,0.0,0.0,2.0,17,4,1
52081,16,2,1,17,3,3,0,5,1,1,2,24,2,2,0.0,0.0,0.0,0.0,0.0,5.0,22,7,4
180560,15,2,3,10,6,3,5,5,1,1,1,36,2,2,0.0,0.0,0.0,0.0,0.0,2.0,14,6,12
84468,15,3,3,0,8,3,6,1,1,1,1,18,2,2,0.0,0.0,0.0,0.0,0.0,2.0,18,5,6
96239,15,2,3,17,2,3,0,1,0,1,2,23,2,2,0.0,0.0,0.0,0.0,0.0,7.0,14,6,7
93724,15,2,3,0,8,3,0,1,0,1,2,18,2,2,0.0,0.0,0.0,0.0,0.0,2.0,17,2,7
22993,16,2,1,17,8,3,0,1,1,1,2,36,2,2,0.0,0.0,0.0,0.0,0.0,2.0,19,7,2
176937,17,7,4,15,8,3,6,5,0,1,1,26,2,2,0.0,0.0,0.0,0.0,0.0,2.0,20,6,12
170580,4,2,0,9,8,3,0,1,0,1,1,18,2,0,1.0,1.0,0.0,0.0,0.0,1.0,18,4,11
147885,16,2,1,17,10,3,0,1,1,1,2,24,2,2,0.0,0.0,0.0,0.0,0.0,2.0,19,4,10
155432,15,2,3,17,6,3,0,1,1,1,2,37,2,2,0.0,0.0,0.0,0.0,0.0,4.0,15,1,10
56641,16,2,4,0,6,3,6,1,0,1,2,6,2,3,2.0,0.0,0.0,2.0,0.0,0.0,23,5,5
87692,16,2,2,8,8,3,0,1,1,1,1,36,2,2,0.0,0.0,0.0,0.0,0.0,3.0,20,6,6
113200,4,2,1,17,8,3,0,1,0,1,2,18,2,2,0.0,0.0,0.0,0.0,0.0,4.0,20,1,8
163959,4,2,3,17,15,3,0,1,0,1,1,23,2,1,1.0,0.0,1.0,0.0,0.0,3.0,12,2,11
158789,15,2,0,0,2,3,0,5,1,1,2,36,2,2,0.0,0.0,0.0,0.0,0.0,4.0,17,4,11
155424,16,2,3,17,6,3,0,1,0,1,1,18,3,2,0.0,0.0,0.0,0.0,0.0,3.0,14,1,10
15431,16,2,3,17,5,3,0,1,0,1,2,24,2,2,0.0,0.0,0.0,0.0,0.0,3.0,15,4,2
90046,15,2,3,0,15,3,0,1,0,1,2,5,4,4,1.0,0.0,0.0,0.0,1.0,2.0,17,1,7
41682,4,2,1,17,2,3,6,1,1,1,1,24,2,2,0.0,0.0,0.0,0.0,0.0,2.0,23,4,3
82950,16,2,3,0,11,3,0,5,0,1,2,6,2,2,0.0,0.0,0.0,0.0,0.0,3.0,15,3,6
121578,16,2,3,15,2,3,0,1,1,1,1,18,2,2,0.0,0.0,0.0,0.0,0.0,3.0,14,2,9
51480,16,2,4,17,10,3,0,1,1,1,2,22,2,2,0.0,0.0,0.0,0.0,0.0,4.0,18,5,4
97570,16,11,3,0,6,3,5,5,0,1,2,6,2,3,1.0,0.0,0.0,1.0,0.0,1.0,11,4,7
168217,16,3,3,0,8,3,0,5,0,1,1,36,2,3,1.0,0.0,0.0,1.0,0.0,2.0,14,6,11
146647,16,2,5,0,6,3,0,5,0,1,1,6,2,2,0.0,0.0,0.0,0.0,0.0,2.0,4,7,10
105237,16,2,3,9,6,3,0,1,0,1,2,18,2,1,1.0,0.0,1.0,0.0,0.0,1.0,9,7,8
24796,16,2,3,17,10,3,0,1,1,1,2,36,2,2,0.0,0.0,0.0,0.0,0.0,2.0,9,4,2
42327,15,2,2,2,2,3,0,1,0,1,2,36,1,2,0.0,0.0,0.0,0.0,0.0,1.0,5,1,4
150217,16,2,1,3,6,3,0,1,0,1,2,36,2,2,0.0,0.0,0.0,0.0,0.0,5.0,18,1,10
1021,16,2,3,15,2,3,6,1,1,1,2,23,2,2,0.0,0.0,0.0,0.0,0.0,5.0,16,4,1
79093,4,2,3,17,6,3,0,1,0,1,2,5,2,3,1.0,0.0,0.0,1.0,0.0,1.0,14,3,6
177260,15,2,3,0,8,3,0,1,1,1,0,36,2,2,0.0,0.0,0.0,0.0,0.0,2.0,9,2,12
170851,15,2,3,0,6,3,0,1,0,1,2,5,2,4,1.0,0.0,0.0,0.0,1.0,1.0,17,7,11
49115,6,2,3,10,10,3,0,1,0,0,2,19,2,2,0.0,0.0,0.0,0.0,0.0,2.0,17,3,4
147726,15,11,3,10,15,3,5,5,1,1,2,36,2,2,0.0,0.0,0.0,0.0,0.0,4.0,15,2,10
153891,16,2,1,0,2,3,0,1,1,1,2,18,2,2,0.0,0.0,0.0,0.0,0.0,2.0,2,7,10
92129,6,2,3,15,10,3,0,1,0,1,2,17,2,2,0.0,0.0,0.0,0.0,0.0,2.0,10,5,7
43586,16,7,3,0,15,3,6,6,0,1,2,18,2,2,0.0,0.0,0.0,0.0,0.0,2.0,9,4,4
92583,15,2,3,9,8,3,0,1,1,1,0,18,2,2,0.0,0.0,0.0,0.0,0.0,2.0,10,4,7
63315,16,2,3,10,8,3,0,1,1,1,0,19,2,2,0.0,0.0,0.0,0.0,0.0,2.0,18,6,5
26891,15,10,3,10,10,3,1,1,0,0,2,36,2,3,1.0,0.0,0.0,1.0,0.0,6.0,7,4,2
10546,16,2,3,9,8,3,6,1,0,1,0,18,2,3,1.0,0.0,0.0,1.0,0.0,1.0,13,2,1
155324,15,2,1,5,8,3,1,1,0,1,2,26,1,3,1.0,0.0,0.0,1.0,0.0,0.0,20,5,10
157531,16,2,1,0,8,3,0,1,0,1,2,6,2,3,1.0,0.0,0.0,1.0,0.0,1.0,4,1,11
169948,16,2,3,9,6,3,0,1,0,1,0,9,2,4,1.0,0.0,0.0,0.0,1.0,1.0,14,7,11
101835,16,2,3,10,8,3,0,1,1,1,2,17,2,2,0.0,0.0,0.0,0.0,0.0,2.0,20,5,7
152592,16,2,3,15,6,3,0,5,1,1,1,36,2,2,0.0,0.0,0.0,0.0,0.0,2.0,17,4,10
26627,17,2,3,17,6,3,0,5,0,1,2,36,2,3,1.0,0.0,0.0,1.0,0.0,2.0,16,1,2
161090,16,2,3,17,8,3,0,1,1,0,1,24,2,2,0.0,0.0,0.0,0.0,0.0,2.0,12,3,11
25403,4,7,3,15,10,3,6,1,1,1,2,18,2,2,0.0,0.0,0.0,0.0,0.0,3.0,12,7,2
187932,15,2,3,17,8,3,0,1,1,1,0,18,2,2,0.0,0.0,0.0,0.0,0.0,3.0,15,6,12
175723,16,3,3,11,10,3,0,6,1,1,1,21,2,2,0.0,0.0,0.0,0.0,0.0,2.0,15,3,12
118746,16,2,3,10,2,3,0,2,1,1,2,36,2,2,0.0,0.0,0.0,0.0,0.0,2.0,14,4,8
135920,4,2,3,17,8,3,0,1,0,1,2,18,2,3,2.0,0.0,0.0,2.0,0.0,1.0,17,5,9
176794,16,2,3,15,8,3,0,5,1,1,0,36,2,2,0.0,0.0,0.0,0.0,0.0,2.0,11,4,12
99842,16,2,3,17,2,3,0,5,1,1,2,24,2,2,0.0,0.0,0.0,0.0,0.0,2.0,16,4,7
53303,16,2,3,10,6,3,0,1,0,1,1,36,2,4,2.0,0.0,0.0,0.0,2.0,2.0,14,3,4
38654,16,3,3,0,8,3,6,1,1,1,2,36,2,2,0.0,0.0,0.0,0.0,0.0,2.0,16,3,3
48,16,2,1,10,8,3,0,1,0,1,2,17,2,2,0.0,0.0,0.0,0.0,0.0,3.0,2,2,1
97359,16,7,3,15,2,3,6,1,1,1,2,22,2,2,0.0,0.0,0.0,0.0,0.0,4.0,11,1,7
102542,4,2,3,7,8,3,0,1,0,1,2,17,2,2,0.0,0.0,0.0,0.0,0.0,1.0,16,4,7
94307,16,2,3,17,6,3,0,1,1,1,1,36,2,2,0.0,0.0,0.0,0.0,0.0,2.0,9,3,7
144016,15,7,3,0,8,3,6,5,1,1,1,5,2,2,0.0,0.0,0.0,0.0,0.0,2.0,13,4,10
142904,16,2,3,0,8,3,0,5,1,1,0,18,2,2,0.0,0.0,0.0,0.0,0.0,5.0,7,4,10
149250,16,2,3,17,8,3,0,1,1,1,1,6,2,2,0.0,0.0,0.0,0.0,0.0,2.0,15,1,10
138578,16,2,1,0,6,3,0,5,1,1,2,6,2,2,0.0,0.0,0.0,0.0,0.0,2.0,22,1,10
8203,4,2,3,10,8,3,0,1,1,1,1,36,2,2,0.0,0.0,0.0,0.0,0.0,2.0,18,5,1
85944,15,2,3,13,6,3,0,1,0,1,2,5,2,3,2.0,0.0,0.0,1.0,1.0,1.0,20,7,6
102876,15,2,3,17,8,3,0,1,1,1,1,24,2,2,0.0,0.0,0.0,0.0,0.0,2.0,19,7,7
7463,16,2,1,17,2,3,0,1,0,1,2,30,3,1,1.0,0.0,1.0,0.0,0.0,2.0,18,2,1
80094,16,2,0,9,2,3,0,1,0,1,0,36,2,3,1.0,0.0,0.0,1.0,0.0,1.0,21,3,6
185982,16,7,1,17,6,3,6,5,1,1,2,24,2,2,0.0,0.0,0.0,0.0,0.0,3.0,21,2,12
49854,15,2,3,0,8,3,5,5,0,1,2,36,3,4,1.0,0.0,0.0,0.0,1.0,3.0,18,3,4
41842,4,7,3,0,11,3,6,1,1,1,1,18,2,2,0.0,0.0,0.0,0.0,0.0,3.0,7,6,3
167406,16,2,1,9,15,3,0,1,0,1,2,36,2,0,1.0,1.0,0.0,0.0,0.0,1.0,20,2,11
130721,15,7,3,0,8,3,6,1,1,1,2,36,2,2,0.0,0.0,0.0,0.0,0.0,2.0,10,3,9
175562,15,2,3,0,8,3,0,1,0,1,2,36,2,2,0.0,0.0,0.0,0.0,0.0,2.0,6,6,12
12243,15,10,3,0,9,3,6,1,0,1,2,39,2,2,0.0,0.0,0.0,0.0,0.0,2.0,13,4,1
145522,16,7,3,10,3,3,6,1,0,1,2,17,2,2,0.0,0.0,0.0,0.0,0.0,2.0,9,5,10
10994,16,2,3,15,8,3,5,5,1,1,2,36,2,2,0.0,0.0,0.0,0.0,0.0,2.0,13,7,1
76849,16,2,3,10,3,3,0,1,1,1,1,18,2,2,0.0,0.0,0.0,0.0,0.0,2.0,18,5,6
178583,15,7,3,17,6,3,6,1,0,1,2,18,2,2,0.0,0.0,0.0,0.0,0.0,5.0,11,7,12
78871,16,2,3,10,8,3,0,1,1,1,1,19,2,2,0.0,0.0,0.0,0.0,0.0,2.0,15,6,6
64230,16,2,3,17,6,3,0,1,0,1,2,18,2,2,0.0,0.0,0.0,0.0,0.0,2.0,8,6,5
15057,16,2,3,17,3,3,0,1,1,1,2,36,2,2,0.0,0.0,0.0,0.0,0.0,2.0,12,4,1
186648,16,2,1,10,2,3,0,1,1,1,1,17,2,2,0.0,0.0,0.0,0.0,0.0,2.0,17,6,12
75272,16,2,1,8,1,3,0,1,0,1,2,36,2,3,1.0,0.0,0.0,1.0,0.0,1.0,21,2,6
73990,16,2,3,15,8,3,0,1,1,1,1,18,2,2,0.0,0.0,0.0,0.0,0.0,2.0,14,4,6
106686,15,2,3,17,11,3,0,1,1,1,2,26,2,2,0.0,0.0,0.0,0.0,0.0,2.0,14,7,8
8786,16,10,1,17,2,3,4,1,1,1,2,36,2,2,0.0,0.0,0.0,0.0,0.0,2.0,21,6,1
99371,15,2,3,10,6,3,0,1,1,1,0,36,2,2,0.0,0.0,0.0,0.0,0.0,2.0,8,3,7
128445,16,2,3,10,8,3,0,1,0,1,2,19,2,2,0.0,0.0,0.0,0.0,0.0,3.0,15,7,9
99652,16,2,1,17,2,3,0,1,0,1,2,6,2,2,0.0,0.0,0.0,0.0,0.0,5.0,0,1,7
179157,4,2,1,17,8,3,0,1,1,1,2,36,2,2,0.0,0.0,0.0,0.0,0.0,3.0,4,1,12
171970,15,2,1,17,8,3,5,5,0,0,2,18,2,4,1.0,0.0,0.0,0.0,1.0,1.0,17,4,11
101403,16,2,3,17,6,3,0,1,0,1,2,18,2,3,4.0,0.0,0.0,4.0,0.0,1.0,15,7,7
10416,15,2,1,13,6,4,0,1,1,1,1,21,2,2,0.0,0.0,0.0,0.0,0.0,2.0,18,7,1
148966,16,2,3,10,6,3,0,1,1,1,2,19,2,2,0.0,0.0,0.0,0.0,0.0,2.0,15,5,10
128155,16,2,1,0,6,3,0,1,0,1,2,6,3,2,0.0,0.0,0.0,0.0,0.0,2.0,23,4,9
102683,15,2,3,0,9,3,0,1,1,1,2,36,2,2,0.0,0.0,0.0,0.0,0.0,2.0,13,6,7
1070,4,10,3,0,10,3,6,1,0,1,2,18,2,3,1.0,0.0,0.0,1.0,0.0,3.0,11,4,1
51567,15,2,3,17,8,3,0,1,1,1,2,22,2,2,0.0,0.0,0.0,0.0,0.0,2.0,11,6,4
28206,16,2,3,17,15,3,5,5,1,1,0,22,2,2,0.0,0.0,0.0,0.0,0.0,2.0,7,5,2
115367,16,2,1,0,6,3,0,1,1,1,2,26,2,2,0.0,0.0,0.0,0.0,0.0,2.0,5,1,8
89780,16,2,3,10,2,3,0,1,0,1,2,17,3,1,4.0,0.0,3.0,0.0,1.0,0.0,13,5,7
82699,4,7,3,17,3,3,6,1,1,1,1,38,2,2,0.0,0.0,0.0,0.0,0.0,2.0,16,5,6
168344,16,2,1,15,1,3,0,1,1,1,2,36,2,2,0.0,0.0,0.0,0.0,0.0,2.0,16,2,11
12037,16,2,3,10,2,3,0,1,0,1,2,17,2,2,0.0,0.0,0.0,0.0,0.0,2.0,7,6,1
154950,16,2,3,9,6,3,0,1,1,1,0,36,2,2,0.0,0.0,0.0,0.0,0.0,4.0,17,2,10
106383,16,2,3,15,3,4,0,5,1,1,0,22,2,2,0.0,0.0,0.0,0.0,0.0,2.0,11,4,8
39598,16,3,3,17,8,3,0,1,1,1,0,36,2,2,0.0,0.0,0.0,0.0,0.0,2.0,12,6,3
186943,16,7,4,17,6,3,6,5,0,1,2,18,2,4,2.0,0.0,0.0,0.0,2.0,2.0,15,6,12
67492,15,2,3,10,6,3,0,1,0,1,1,19,2,3,1.0,0.0,0.0,1.0,0.0,1.0,8,3,5
30511,16,2,0,10,8,3,5,5,1,1,1,19,2,2,0.0,0.0,0.0,0.0,0.0,2.0,20,1,3
13705,4,10,0,17,8,3,4,5,1,1,2,18,2,2,0.0,0.0,0.0,0.0,0.0,2.0,23,7,1
141139,16,2,3,9,2,3,0,1,0,1,0,17,2,1,1.0,0.0,1.0,0.0,0.0,1.0,15,1,10
85884,16,2,1,9,8,3,0,1,0,1,0,17,2,1,1.0,0.0,1.0,0.0,0.0,1.0,20,5,6
119318,4,2,1,17,3,3,0,1,0,0,2,26,2,3,1.0,0.0,0.0,1.0,0.0,1.0,0,3,8
27714,16,2,4,17,2,3,0,1,0,1,2,17,2,3,1.0,0.0,0.0,1.0,0.0,1.0,9,4,2
7319,16,3,3,0,8,3,6,1,0,1,2,6,2,4,1.0,0.0,0.0,0.0,1.0,3.0,12,6,1
21816,16,2,1,17,6,3,6,1,1,1,2,36,2,2,0.0,0.0,0.0,0.0,0.0,2.0,20,7,2
59386,4,2,3,0,2,3,0,1,0,1,2,23,2,2,0.0,0.0,0.0,0.0,0.0,2.0,17,1,5
125310,16,2,1,10,6,3,0,1,0,1,2,36,4,3,1.0,0.0,0.0,1.0,0.0,3.0,22,6,9
156128,16,2,3,15,6,3,0,1,1,1,1,22,2,2,0.0,0.0,0.0,0.0,0.0,2.0,13,4,11
120068,15,7,1,10,3,3,6,1,1,0,1,36,2,2,0.0,0.0,0.0,0.0,0.0,2.0,21,6,8
97341,16,2,3,10,8,3,0,1,1,1,2,19,2,2,0.0,0.0,0.0,0.0,0.0,2.0,19,1,7
22593,16,10,3,17,8,3,4,1,1,1,2,15,2,2,0.0,0.0,0.0,0.0,0.0,7.0,16,7,2
62707,4,2,3,15,8,3,0,1,1,1,2,22,2,2,0.0,0.0,0.0,0.0,0.0,2.0,14,3,5
145610,16,2,1,0,8,3,0,1,1,1,1,26,2,2,0.0,0.0,0.0,0.0,0.0,2.0,22,6,10
173858,15,2,1,0,2,3,0,1,1,1,2,18,2,2,0.0,0.0,0.0,0.0,0.0,2.0,18,3,12
88222,16,2,3,0,6,3,5,5,1,1,1,36,2,2,0.0,0.0,0.0,0.0,0.0,2.0,14,2,7
62224,16,2,3,0,8,3,0,1,1,1,2,18,2,2,0.0,0.0,0.0,0.0,0.0,4.0,7,2,5
30009,16,2,3,15,2,3,0,1,1,1,2,22,2,2,0.0,0.0,0.0,0.0,0.0,4.0,17,2,3
49659,15,2,3,9,8,3,0,1,0,1,0,18,2,0,2.0,1.0,0.0,1.0,0.0,5.0,14,1,4
37432,16,2,1,17,6,3,5,5,1,1,2,22,2,2,0.0,0.0,0.0,0.0,0.0,2.0,20,1,3
48700,4,2,3,0,2,3,0,1,0,1,2,18,2,2,0.0,0.0,0.0,0.0,0.0,3.0,12,2,4
86524,16,2,3,0,2,3,0,1,0,1,2,18,2,3,2.0,0.0,0.0,1.0,1.0,1.0,10,2,6
105734,16,2,1,0,8,3,0,1,1,1,2,6,2,2,0.0,0.0,0.0,0.0,0.0,2.0,0,7,8
81413,16,2,3,0,6,3,0,1,1,1,2,36,2,2,0.0,0.0,0.0,0.0,0.0,2.0,16,3,6
183211,16,2,3,17,8,3,0,1,0,1,2,24,2,2,0.0,0.0,0.0,0.0,0.0,3.0,14,6,12
92516,16,2,1,0,10,3,0,1,0,1,2,6,2,3,1.0,0.0,0.0,1.0,0.0,1.0,23,3,7
80363,16,2,3,15,2,3,0,1,1,1,1,22,2,2,0.0,0.0,0.0,0.0,0.0,2.0,19,1,6
85838,16,7,1,10,3,3,6,1,1,1,1,36,2,2,0.0,0.0,0.0,0.0,0.0,2.0,0,4,6
55421,4,7,3,17,15,3,6,1,1,1,2,18,2,2,0.0,0.0,0.0,0.0,0.0,2.0,11,7,4
1158,15,2,0,0,10,3,0,1,0,1,2,18,2,2,0.0,0.0,0.0,0.0,0.0,2.0,0,5,1
46508,15,3,1,10,2,3,6,5,0,1,2,19,2,4,1.0,0.0,0.0,0.0,1.0,3.0,21,7,4
105886,16,2,3,15,8,3,0,1,1,1,2,23,2,2,0.0,0.0,0.0,0.0,0.0,2.0,15,4,8
31606,16,2,1,2,2,3,0,1,0,1,2,17,1,3,2.0,0.0,0.0,2.0,0.0,3.0,4,1,3
183809,16,2,1,2,8,3,0,1,0,1,2,17,1,2,0.0,0.0,0.0,0.0,0.0,4.0,20,7,12
140756,15,2,0,0,3,3,0,1,0,1,2,18,2,1,1.0,0.0,1.0,0.0,0.0,1.0,20,4,10
151498,16,2,0,10,8,3,0,5,0,0,2,36,2,4,5.0,0.0,0.0,0.0,5.0,2.0,20,5,10
144106,16,3,3,10,3,3,0,1,0,1,2,17,2,3,2.0,0.0,0.0,2.0,0.0,2.0,13,6,10
186018,4,11,5,0,6,3,5,5,0,1,2,36,2,3,1.0,0.0,0.0,1.0,0.0,2.0,21,4,12
181535,4,3,1,10,2,3,0,1,1,1,1,36,2,2,0.0,0.0,0.0,0.0,0.0,2.0,17,5,12
82674,16,2,3,17,2,3,0,1,1,1,2,24,2,2,0.0,0.0,0.0,0.0,0.0,4.0,12,4,6
87290,16,2,3,17,10,3,0,1,1,1,2,12,2,2,0.0,0.0,0.0,0.0,0.0,2.0,12,6,6