crash_date,               traffic_control_device,weather_condition,lighting_condition,first_crash_type,trafficway_type,alignment,roadway_surface_cond,road_defect,crash_type,intersection_related_i,damage,prim_contributory_cause,num_units,most_severe_injury,injuries_total,injuries_fatal,injuries_incapacitating,injuries_non_incapacitating,injuries_reported_not_evident,injuries_no_indication,crash_hour,crash_day_of_week,crash_month
123352,16,2,0,17,8,3,0,1,1,1,1,24,2,2,0.0,0.0,0.0,0.0,0.0,2.0,21,4,9
96647,15,2,3,8,8,3,0,1,0,1,0,5,2,3,1.0,0.0,0.0,1.0,0.0,2.0,17,4,7
150826,16,2,1,17,2,3,0,1,1,1,2,12,2,2,0.0,0.0,0.0,0.0,0.0,2.0,18,2,10
158722,16,7,3,14,8,3,6,1,0,1,1,18,2,2,0.0,0.0,0.0,0.0,0.0,3.0,6,3,11
53998,16,7,3,10,2,2,6,1,0,1,2,19,2,3,2.0,0.0,0.0,2.0,0.0,1.0,7,5,4
134397,15,2,4,0,8,3,0,1,1,1,2,36,2,2,0.0,0.0,0.0,0.0,0.0,2.0,18,6,9
186362,16,7,3,0,6,3,6,5,0,1,2,6,2,2,0.0,0.0,0.0,0.0,0.0,2.0,15,3,12
22722,15,2,1,17,8,5,6,1,0,1,1,24,2,2,0.0,0.0,0.0,0.0,0.0,4.0,18,2,2
23130,15,11,5,7,11,3,1,1,1,1,2,36,3,2,0.0,0.0,0.0,0.0,0.0,1.0,0,1,2
155869,16,2,3,2,6,3,0,1,0,1,2,22,1,2,0.0,0.0,0.0,0.0,0.0,1.0,15,6,11
182243,16,2,3,17,6,3,6,1,0,1,2,6,2,2,0.0,0.0,0.0,0.0,0.0,3.0,11,7,12
16264,17,2,3,7,17,3,0,5,1,1,2,36,2,2,0.0,0.0,0.0,0.0,0.0,1.0,11,5,2
26316,16,2,3,17,8,3,0,1,1,1,2,18,2,2,0.0,0.0,0.0,0.0,0.0,3.0,12,2,2
78722,16,2,3,17,8,3,0,1,0,1,2,18,2,4,2.0,0.0,0.0,0.0,2.0,0.0,9,5,6
19036,16,2,4,10,2,3,0,1,1,1,2,17,2,2,0.0,0.0,0.0,0.0,0.0,2.0,17,4,2
96998,16,2,3,0,16,3,0,1,0,1,2,36,2,3,1.0,0.0,0.0,1.0,0.0,1.0,19,3,7
171312,16,6,1,0,8,3,6,1,0,1,2,6,2,2,0.0,0.0,0.0,0.0,0.0,6.0,0,6,11
84751,15,2,3,0,2,3,0,1,1,1,2,38,2,2,0.0,0.0,0.0,0.0,0.0,2.0,7,2,6
18535,16,10,3,10,10,3,0,1,0,1,1,19,2,4,1.0,0.0,0.0,0.0,1.0,1.0,16,2,2
173116,16,2,3,17,10,3,0,1,1,1,2,22,2,2,0.0,0.0,0.0,0.0,0.0,3.0,15,7,12
150126,16,2,3,17,6,3,0,1,1,1,2,23,2,2,0.0,0.0,0.0,0.0,0.0,2.0,15,7,10
118951,15,7,1,8,8,3,6,1,0,1,1,17,2,1,1.0,0.0,1.0,0.0,0.0,1.0,0,4,8
13012,16,2,1,17,3,4,0,1,0,1,2,18,2,4,1.0,0.0,0.0,0.0,1.0,2.0,19,1,1
129217,4,2,3,17,2,3,0,1,0,1,2,18,2,2,0.0,0.0,0.0,0.0,0.0,2.0,16,5,9
170999,16,2,3,9,6,3,0,1,0,1,2,18,2,3,1.0,0.0,0.0,1.0,0.0,1.0,14,3,11
49290,4,2,3,17,8,3,0,1,1,1,2,19,2,2,0.0,0.0,0.0,0.0,0.0,3.0,13,1,4
96799,16,2,1,10,3,3,0,5,0,1,2,17,2,3,2.0,0.0,0.0,2.0,0.0,1.0,21,7,7
178914,4,7,1,9,8,3,6,1,0,0,2,18,2,4,1.0,0.0,0.0,0.0,1.0,1.0,16,4,12
97417,15,2,3,10,6,3,0,1,1,1,2,36,2,2,0.0,0.0,0.0,0.0,0.0,2.0,9,2,7
53072,16,2,1,0,3,3,0,5,1,1,2,6,2,2,0.0,0.0,0.0,0.0,0.0,3.0,23,4,4
105147,15,2,3,10,8,3,0,1,1,1,1,36,2,2,0.0,0.0,0.0,0.0,0.0,2.0,15,6,8
40063,16,3,3,0,6,3,6,1,0,1,2,18,2,2,0.0,0.0,0.0,0.0,0.0,2.0,18,1,3
76974,16,2,3,3,6,3,0,1,1,1,1,22,2,2,0.0,0.0,0.0,0.0,0.0,2.0,16,7,6
123350,15,2,3,0,8,3,0,1,0,1,2,18,2,3,3.0,0.0,0.0,3.0,0.0,2.0,9,4,9
68939,16,2,3,15,8,3,0,1,1,1,2,23,2,2,0.0,0.0,0.0,0.0,0.0,2.0,13,5,5
150416,15,7,3,17,2,3,6,1,1,1,2,36,2,2,0.0,0.0,0.0,0.0,0.0,2.0,9,2,10
5300,16,2,3,9,6,3,0,1,0,1,0,36,2,1,1.0,0.0,1.0,0.0,0.0,1.0,13,5,1
45521,16,2,3,17,2,3,0,1,1,1,2,36,2,2,0.0,0.0,0.0,0.0,0.0,2.0,15,4,4
177429,15,7,1,0,10,3,6,1,0,1,2,39,2,1,1.0,0.0,1.0,0.0,0.0,1.0,16,6,12
112317,15,2,3,9,6,3,0,1,0,1,0,36,2,3,1.0,0.0,0.0,1.0,0.0,1.0,12,3,8
177088,4,2,3,0,8,3,0,1,0,1,2,12,2,2,0.0,0.0,0.0,0.0,0.0,2.0,8,2,12
55641,16,7,3,10,8,3,6,1,0,1,2,36,2,3,1.0,0.0,0.0,1.0,0.0,1.0,16,3,4
146010,16,2,1,2,6,3,0,1,0,1,2,36,1,2,0.0,0.0,0.0,0.0,0.0,1.0,19,5,10
16732,16,2,3,17,6,3,0,1,1,1,0,36,2,2,0.0,0.0,0.0,0.0,0.0,2.0,15,7,2
22254,16,2,3,17,15,3,0,1,0,1,2,18,2,3,1.0,0.0,0.0,1.0,0.0,1.0,15,1,2
47644,16,2,3,17,8,3,0,5,1,1,2,19,2,2,0.0,0.0,0.0,0.0,0.0,2.0,16,6,4
136303,16,11,3,15,15,3,5,5,1,1,0,36,2,2,0.0,0.0,0.0,0.0,0.0,5.0,16,4,9
183830,16,2,3,10,8,3,0,1,1,1,1,19,2,2,0.0,0.0,0.0,0.0,0.0,3.0,12,7,12
171660,15,2,3,7,8,3,0,1,1,1,2,22,2,2,0.0,0.0,0.0,0.0,0.0,1.0,11,5,11
96573,16,2,3,10,6,3,0,1,1,1,2,17,2,2,0.0,0.0,0.0,0.0,0.0,2.0,12,4,7
130548,16,2,3,10,8,3,0,1,1,1,1,19,2,2,0.0,0.0,0.0,0.0,0.0,2.0,8,2,9
92586,16,2,3,15,2,3,0,1,1,1,1,17,2,2,0.0,0.0,0.0,0.0,0.0,2.0,11,4,7
75814,16,2,3,0,2,3,0,5,0,1,2,6,2,3,3.0,0.0,0.0,3.0,0.0,1.0,12,3,6
168375,16,2,3,0,6,3,0,1,0,1,2,2,2,2,0.0,0.0,0.0,0.0,0.0,2.0,13,3,11
31459,16,2,3,0,8,3,0,5,0,1,2,6,2,4,1.0,0.0,0.0,0.0,1.0,2.0,14,5,3
152117,10,2,1,9,2,3,5,1,0,1,2,18,2,3,1.0,0.0,0.0,1.0,0.0,1.0,20,6,10
46093,16,2,3,0,6,3,0,1,0,1,2,6,2,1,2.0,0.0,1.0,1.0,0.0,0.0,14,7,4
129717,15,2,3,10,6,3,0,1,0,1,2,19,2,2,0.0,0.0,0.0,0.0,0.0,2.0,14,5,9
104656,16,2,3,17,8,3,0,1,1,1,2,23,2,2,0.0,0.0,0.0,0.0,0.0,3.0,13,6,8
107562,16,2,1,10,6,3,0,1,0,0,2,17,2,2,0.0,0.0,0.0,0.0,0.0,3.0,20,1,8
62687,16,2,3,10,3,3,6,1,0,1,2,19,2,2,0.0,0.0,0.0,0.0,0.0,2.0,11,2,5
10141,16,2,3,10,10,3,0,1,1,1,2,17,2,2,0.0,0.0,0.0,0.0,0.0,2.0,17,2,1
124559,15,2,3,17,8,3,6,1,0,1,1,18,2,3,1.0,0.0,0.0,1.0,0.0,5.0,11,1,9
147759,16,2,1,17,3,3,0,1,0,1,2,18,2,3,1.0,0.0,0.0,1.0,0.0,1.0,20,2,10
178941,16,2,1,17,2,3,0,1,0,1,2,12,2,2,0.0,0.0,0.0,0.0,0.0,2.0,18,4,12
115240,16,2,3,17,8,3,0,1,1,1,2,36,2,2,0.0,0.0,0.0,0.0,0.0,2.0,17,5,8
90973,15,2,3,17,11,3,0,1,0,1,2,5,2,3,1.0,0.0,0.0,1.0,0.0,2.0,7,7,7
35137,15,11,5,0,6,3,5,5,0,1,2,5,2,4,1.0,0.0,0.0,0.0,1.0,3.0,18,3,3
34854,16,2,3,17,2,3,0,1,1,1,2,24,2,2,0.0,0.0,0.0,0.0,0.0,2.0,13,5,3
166245,16,2,3,17,6,2,0,1,1,1,2,36,2,2,0.0,0.0,0.0,0.0,0.0,2.0,8,6,11
6359,16,2,1,10,19,3,0,1,0,1,2,36,2,4,1.0,0.0,0.0,0.0,1.0,1.0,21,6,1
116461,16,7,1,0,3,3,6,5,0,1,2,36,2,2,0.0,0.0,0.0,0.0,0.0,2.0,23,3,8
150073,16,3,4,10,6,3,0,1,1,1,1,36,2,2,0.0,0.0,0.0,0.0,0.0,2.0,18,6,10
142615,16,2,3,10,6,3,0,1,1,1,0,36,2,2,0.0,0.0,0.0,0.0,0.0,3.0,14,2,10
26679,16,2,1,17,8,3,0,1,1,1,1,36,2,2,0.0,0.0,0.0,0.0,0.0,2.0,19,6,2
148353,15,2,3,0,8,3,0,1,1,1,1,5,2,2,0.0,0.0,0.0,0.0,0.0,2.0,8,3,10
151543,16,2,3,17,8,3,0,1,1,1,2,36,2,2,0.0,0.0,0.0,0.0,0.0,2.0,14,3,10
83827,16,7,3,0,18,3,6,1,1,1,1,36,2,2,0.0,0.0,0.0,0.0,0.0,3.0,18,1,6
172355,16,7,0,2,6,3,6,1,1,1,2,36,1,2,0.0,0.0,0.0,0.0,0.0,1.0,5,1,12
9774,16,2,3,9,2,3,0,1,0,1,2,18,2,1,2.0,0.0,1.0,1.0,0.0,0.0,12,2,1
110054,15,2,3,0,6,3,0,1,0,1,2,5,2,2,0.0,0.0,0.0,0.0,0.0,4.0,17,4,8
169131,16,2,1,10,10,3,0,1,1,1,2,17,2,2,0.0,0.0,0.0,0.0,0.0,2.0,16,6,11
125000,15,2,3,17,8,3,0,1,0,1,2,18,2,2,0.0,0.0,0.0,0.0,0.0,2.0,10,7,9
91295,15,2,3,10,6,3,0,1,1,1,2,19,2,2,0.0,0.0,0.0,0.0,0.0,3.0,16,6,7
157648,16,7,3,14,17,3,0,1,1,1,2,36,2,2,0.0,0.0,0.0,0.0,0.0,2.0,22,2,11
78126,18,2,3,0,10,3,0,1,1,1,2,26,2,2,0.0,0.0,0.0,0.0,0.0,2.0,19,4,6
14080,16,2,3,10,8,3,0,1,1,1,2,19,2,2,0.0,0.0,0.0,0.0,0.0,3.0,14,1,1
32059,16,7,1,17,2,3,6,1,0,1,2,24,2,4,1.0,0.0,0.0,0.0,1.0,1.0,20,7,3
105878,16,2,3,10,6,3,0,1,0,1,2,36,2,2,0.0,0.0,0.0,0.0,0.0,4.0,15,4,8
185094,16,2,1,10,8,3,6,5,1,1,1,19,2,2,0.0,0.0,0.0,0.0,0.0,5.0,16,7,12
60445,16,2,1,10,18,3,0,5,1,1,2,36,2,2,0.0,0.0,0.0,0.0,0.0,4.0,1,5,5
76483,16,2,3,17,6,3,0,1,1,1,2,18,2,2,0.0,0.0,0.0,0.0,0.0,2.0,17,1,6
72188,16,2,1,10,1,3,0,1,1,0,1,19,2,2,0.0,0.0,0.0,0.0,0.0,2.0,21,5,6
137053,15,7,3,0,8,3,6,1,0,1,2,18,2,3,3.0,0.0,0.0,3.0,0.0,0.0,7,6,9
176707,16,2,3,15,8,3,6,1,1,1,2,36,2,2,0.0,0.0,0.0,0.0,0.0,3.0,8,2,12
96833,16,2,3,0,15,3,0,1,0,1,2,6,2,3,2.0,0.0,0.0,2.0,0.0,0.0,14,1,7
163218,15,3,3,10,15,3,5,1,0,1,2,36,2,2,0.0,0.0,0.0,0.0,0.0,2.0,11,5,11
90475,15,2,2,0,3,3,0,1,1,1,1,5,2,2,0.0,0.0,0.0,0.0,0.0,3.0,18,6,7
157520,16,7,1,17,8,3,6,1,0,1,2,36,2,3,1.0,0.0,0.0,1.0,0.0,2.0,2,1,11
100889,16,2,3,17,6,4,0,1,1,1,2,9,2,2,0.0,0.0,0.0,0.0,0.0,3.0,17,6,7
47066,16,2,3,17,6,3,0,5,1,1,2,36,2,2,0.0,0.0,0.0,0.0,0.0,2.0,19,5,4
114686,15,2,3,17,11,3,0,1,1,1,2,36,2,2,0.0,0.0,0.0,0.0,0.0,2.0,11,3,8
110393,4,2,3,15,2,3,0,1,1,1,1,36,2,2,0.0,0.0,0.0,0.0,0.0,2.0,16,1,8
12858,4,2,3,17,11,3,6,5,1,1,2,23,2,2,0.0,0.0,0.0,0.0,0.0,2.0,5,6,1
1205,16,2,3,17,6,3,0,1,1,1,1,6,2,2,0.0,0.0,0.0,0.0,0.0,2.0,10,6,1
169448,17,2,1,17,6,3,6,1,1,1,1,24,2,2,0.0,0.0,0.0,0.0,0.0,3.0,0,5,11
157553,16,7,1,17,10,3,6,1,1,1,1,24,2,2,0.0,0.0,0.0,0.0,0.0,2.0,18,1,11
82453,16,2,3,0,8,3,0,1,0,1,2,3,2,3,2.0,0.0,0.0,1.0,1.0,1.0,7,2,6
57573,15,2,1,10,8,3,5,5,0,1,2,19,2,2,0.0,0.0,0.0,0.0,0.0,2.0,23,6,5
44149,4,2,3,10,8,3,0,1,1,0,2,36,3,2,0.0,0.0,0.0,0.0,0.0,3.0,14,5,4
121650,16,2,3,10,2,3,0,1,0,1,2,36,3,4,2.0,0.0,0.0,0.0,2.0,2.0,11,7,9
98473,4,2,1,0,3,3,0,1,1,1,1,12,2,2,0.0,0.0,0.0,0.0,0.0,4.0,20,4,7
21024,16,2,1,10,6,3,0,5,1,0,2,17,2,2,0.0,0.0,0.0,0.0,0.0,2.0,17,3,2
139352,15,2,3,10,3,3,0,1,1,1,1,36,2,2,0.0,0.0,0.0,0.0,0.0,2.0,13,4,10
92542,4,2,3,0,6,3,0,1,0,1,2,18,3,4,1.0,0.0,0.0,0.0,1.0,1.0,17,4,7
37604,15,2,3,0,10,3,0,1,0,1,2,3,2,2,0.0,0.0,0.0,0.0,0.0,2.0,8,3,3
90451,4,2,3,17,8,3,0,1,0,0,2,36,2,2,0.0,0.0,0.0,0.0,0.0,2.0,15,6,7
55945,16,2,1,10,5,3,0,1,0,1,2,36,2,4,3.0,0.0,0.0,0.0,3.0,1.0,0,1,4
157523,16,7,3,17,8,3,6,1,1,1,2,22,2,2,0.0,0.0,0.0,0.0,0.0,11.0,14,1,11
163754,16,7,3,10,2,3,6,5,1,1,0,19,2,2,0.0,0.0,0.0,0.0,0.0,4.0,12,5,11
109430,16,2,3,10,8,3,0,1,1,1,2,17,2,2,0.0,0.0,0.0,0.0,0.0,3.0,9,1,8
23941,16,2,3,17,6,3,0,1,1,1,2,24,2,2,0.0,0.0,0.0,0.0,0.0,3.0,8,2,2
25766,16,2,3,17,2,3,0,1,1,1,0,21,2,2,0.0,0.0,0.0,0.0,0.0,2.0,14,7,2
24715,16,2,2,17,6,3,0,5,0,1,2,18,2,2,0.0,0.0,0.0,0.0,0.0,2.0,17,3,2
151315,16,2,3,17,8,3,0,1,0,1,0,24,2,4,1.0,0.0,0.0,0.0,1.0,3.0,13,2,10
50041,15,2,3,0,6,3,0,1,0,1,2,18,2,2,0.0,0.0,0.0,0.0,0.0,2.0,9,7,4
180565,15,2,3,0,6,4,0,1,0,1,2,36,2,2,0.0,0.0,0.0,0.0,0.0,2.0,15,6,12
121426,16,11,5,17,8,3,5,5,1,1,2,36,2,2,0.0,0.0,0.0,0.0,0.0,2.0,12,5,9
135715,16,2,1,10,11,4,0,1,0,1,2,36,2,2,0.0,0.0,0.0,0.0,0.0,2.0,21,3,9
119425,16,2,3,15,8,3,0,5,1,1,2,36,2,2,0.0,0.0,0.0,0.0,0.0,4.0,14,4,8
99151,16,2,3,10,10,3,0,1,1,1,1,19,2,2,0.0,0.0,0.0,0.0,0.0,2.0,12,7,7
108516,15,2,3,0,6,3,0,1,0,1,2,36,2,4,1.0,0.0,0.0,0.0,1.0,3.0,11,2,8
130087,16,2,1,17,1,3,0,1,1,1,1,24,2,2,0.0,0.0,0.0,0.0,0.0,2.0,1,1,9
106630,16,2,1,17,8,3,0,1,0,1,2,24,2,2,0.0,0.0,0.0,0.0,0.0,3.0,4,2,8
81514,16,2,3,15,10,3,0,1,1,0,2,36,2,2,0.0,0.0,0.0,0.0,0.0,3.0,8,2,6
174980,16,2,1,10,3,3,0,5,1,1,1,19,2,2,0.0,0.0,0.0,0.0,0.0,2.0,21,4,12
8198,15,2,1,0,11,3,0,1,1,1,1,18,2,2,0.0,0.0,0.0,0.0,0.0,2.0,4,5,1
151187,4,2,3,17,2,3,0,1,1,1,2,23,2,2,0.0,0.0,0.0,0.0,0.0,2.0,17,7,10
83938,16,2,3,17,8,3,0,1,1,0,1,23,2,2,0.0,0.0,0.0,0.0,0.0,4.0,16,4,6
102130,16,2,3,10,2,3,0,1,0,1,2,17,2,4,2.0,0.0,0.0,0.0,2.0,1.0,11,4,7
47767,16,2,3,10,2,3,0,1,1,1,1,19,2,2,0.0,0.0,0.0,0.0,0.0,2.0,17,2,4
125650,16,2,3,15,8,3,0,1,1,1,2,36,3,2,0.0,0.0,0.0,0.0,0.0,3.0,8,3,9
141849,16,2,1,0,18,3,0,1,0,1,2,6,2,2,0.0,0.0,0.0,0.0,0.0,3.0,23,3,10
150712,16,2,1,0,6,3,0,1,0,1,2,6,2,3,1.0,0.0,0.0,1.0,0.0,2.0,20,7,10
90234,16,2,3,10,6,3,0,1,0,1,0,18,2,4,1.0,0.0,0.0,0.0,1.0,1.0,13,4,7
150819,15,2,2,15,6,3,0,1,1,1,2,23,3,2,0.0,0.0,0.0,0.0,0.0,3.0,17,2,10
71018,16,2,3,10,6,3,0,1,0,1,2,19,2,4,1.0,0.0,0.0,0.0,1.0,2.0,13,3,5
46079,4,2,3,15,10,3,0,1,1,1,2,22,2,2,0.0,0.0,0.0,0.0,0.0,2.0,12,6,4
187229,4,2,3,10,8,3,0,1,1,1,2,19,2,2,0.0,0.0,0.0,0.0,0.0,2.0,14,2,12
3281,16,3,3,17,6,3,0,1,0,1,2,6,2,3,1.0,0.0,0.0,1.0,0.0,1.0,10,7,1
27367,16,2,1,17,8,3,6,6,0,1,2,17,2,4,2.0,0.0,0.0,0.0,2.0,1.0,21,5,2
25844,16,7,1,17,3,3,6,1,0,1,2,6,2,2,0.0,0.0,0.0,0.0,0.0,2.0,4,1,2
79038,15,11,3,10,8,3,0,1,1,1,2,19,2,2,0.0,0.0,0.0,0.0,0.0,2.0,17,2,6
162224,16,7,1,10,6,3,6,1,1,1,2,19,2,2,0.0,0.0,0.0,0.0,0.0,3.0,20,6,11
26118,16,2,3,15,18,3,0,1,1,1,2,28,2,2,0.0,0.0,0.0,0.0,0.0,2.0,14,7,2
119197,16,7,3,17,8,3,6,5,1,1,2,36,2,2,0.0,0.0,0.0,0.0,0.0,2.0,13,2,8
181741,16,2,1,3,15,3,0,1,0,1,2,6,3,3,2.0,0.0,0.0,1.0,1.0,1.0,17,1,12
149562,16,2,3,11,8,3,0,1,1,1,2,21,2,2,0.0,0.0,0.0,0.0,0.0,4.0,10,6,10
66201,4,7,3,0,0,3,6,1,1,1,2,18,2,2,0.0,0.0,0.0,0.0,0.0,2.0,7,3,5
122751,16,2,1,15,2,3,0,1,1,1,2,36,2,2,0.0,0.0,0.0,0.0,0.0,2.0,21,7,9
125333,4,2,3,17,15,3,0,1,1,1,1,12,2,2,0.0,0.0,0.0,0.0,0.0,3.0,14,7,9
58516,16,2,3,10,2,3,0,1,1,1,0,17,2,2,0.0,0.0,0.0,0.0,0.0,2.0,13,1,5
161443,16,2,0,15,8,3,0,1,1,1,2,36,2,2,0.0,0.0,0.0,0.0,0.0,3.0,17,1,11
150972,16,7,3,17,8,3,6,5,1,1,1,22,2,2,0.0,0.0,0.0,0.0,0.0,3.0,14,3,10
52115,16,2,3,17,8,3,0,1,1,1,2,36,2,2,0.0,0.0,0.0,0.0,0.0,4.0,14,2,4
159322,16,2,3,10,10,3,0,1,1,1,1,18,2,2,0.0,0.0,0.0,0.0,0.0,2.0,14,5,11
127321,4,2,3,10,8,3,0,1,0,0,2,17,2,4,1.0,0.0,0.0,0.0,1.0,1.0,10,5,9
125129,16,3,3,10,2,3,0,1,0,1,2,19,2,2,0.0,0.0,0.0,0.0,0.0,2.0,10,2,9
43869,16,2,3,17,6,3,0,6,0,1,2,18,2,3,3.0,0.0,0.0,3.0,0.0,0.0,16,1,4
178130,16,2,3,10,6,3,0,1,1,1,2,36,2,2,0.0,0.0,0.0,0.0,0.0,2.0,12,1,12
748,16,2,3,17,8,3,0,1,1,1,1,12,2,2,0.0,0.0,0.0,0.0,0.0,3.0,12,5,1
80448,4,7,1,10,3,3,6,1,1,1,2,14,2,2,0.0,0.0,0.0,0.0,0.0,2.0,20,7,6
6482,15,2,3,17,12,3,5,5,1,1,2,36,2,2,0.0,0.0,0.0,0.0,0.0,2.0,11,2,1
65037,16,2,3,10,8,3,0,1,1,1,1,19,2,2,0.0,0.0,0.0,0.0,0.0,2.0,9,7,5
95941,16,2,3,17,16,3,0,1,1,1,2,36,2,2,0.0,0.0,0.0,0.0,0.0,2.0,14,3,7
139549,16,2,1,10,3,3,0,1,1,1,2,36,2,2,0.0,0.0,0.0,0.0,0.0,2.0,4,1,10
107649,15,2,3,9,6,3,5,5,0,1,0,36,3,3,2.0,0.0,0.0,2.0,0.0,1.0,14,4,8
97322,16,2,1,10,8,3,0,1,1,1,2,19,3,2,0.0,0.0,0.0,0.0,0.0,3.0,3,1,7
59921,4,2,3,17,3,3,0,1,1,1,2,24,2,2,0.0,0.0,0.0,0.0,0.0,2.0,13,4,5
165185,15,2,5,0,6,3,0,1,1,1,2,12,2,2,0.0,0.0,0.0,0.0,0.0,6.0,15,6,11
24848,16,2,3,17,8,3,0,1,1,1,2,24,2,2,0.0,0.0,0.0,0.0,0.0,5.0,13,5,2
111453,16,2,3,0,8,3,0,1,0,1,2,6,3,3,1.0,0.0,0.0,1.0,0.0,4.0,19,3,8
110040,4,2,3,17,2,3,0,1,0,1,1,36,2,4,1.0,0.0,0.0,0.0,1.0,2.0,13,4,8
89612,16,2,3,17,6,3,0,1,0,1,2,24,2,2,0.0,0.0,0.0,0.0,0.0,2.0,14,1,7
90375,15,2,3,15,2,3,0,1,1,1,1,22,2,2,0.0,0.0,0.0,0.0,0.0,2.0,15,4,7
169861,4,2,1,7,10,3,6,1,1,0,2,36,2,2,0.0,0.0,0.0,0.0,0.0,1.0,17,5,11
26154,16,2,3,10,6,3,0,1,1,1,2,36,2,2,0.0,0.0,0.0,0.0,0.0,3.0,9,7,2
8085,16,3,0,10,2,3,0,1,1,1,1,36,3,2,0.0,0.0,0.0,0.0,0.0,4.0,18,3,1
187068,16,2,1,10,2,3,6,1,1,1,1,28,2,2,0.0,0.0,0.0,0.0,0.0,2.0,19,5,12
12805,16,10,3,0,2,4,6,1,1,1,2,36,2,2,0.0,0.0,0.0,0.0,0.0,2.0,10,5,1
59197,16,2,1,17,6,3,5,5,1,1,2,18,2,2,0.0,0.0,0.0,0.0,0.0,2.0,0,5,5
138836,4,2,3,0,8,3,0,1,1,1,1,18,2,2,0.0,0.0,0.0,0.0,0.0,2.0,11,3,10
156284,16,7,3,0,8,3,6,5,1,1,0,6,2,2,0.0,0.0,0.0,0.0,0.0,2.0,14,4,11
66212,16,7,3,15,2,3,6,2,1,1,1,12,2,2,0.0,0.0,0.0,0.0,0.0,2.0,8,3,5
56179,15,7,3,0,15,3,6,1,0,1,2,5,2,3,1.0,0.0,0.0,1.0,0.0,1.0,10,4,5
116153,16,2,1,15,2,3,0,1,1,1,2,22,2,2,0.0,0.0,0.0,0.0,0.0,7.0,21,4,8
118963,15,2,3,0,6,3,0,5,0,1,2,18,2,3,4.0,0.0,0.0,4.0,0.0,1.0,14,5,8
157780,15,2,1,0,2,3,0,1,0,1,2,5,3,4,2.0,0.0,0.0,0.0,2.0,0.0,23,5,11
167780,4,2,1,15,8,3,0,1,1,1,2,18,2,2,0.0,0.0,0.0,0.0,0.0,5.0,20,6,11
36703,16,2,1,10,2,3,0,1,1,1,1,19,2,2,0.0,0.0,0.0,0.0,0.0,2.0,21,7,3
33217,4,2,3,10,2,2,0,1,1,1,1,17,2,2,0.0,0.0,0.0,0.0,0.0,3.0,11,6,3
11714,4,2,3,15,2,3,5,5,1,1,1,22,2,2,0.0,0.0,0.0,0.0,0.0,2.0,12,1,1
80816,15,2,3,10,15,3,0,1,0,1,2,19,2,4,1.0,0.0,0.0,0.0,1.0,1.0,18,7,6
36019,16,2,3,17,1,3,0,1,0,1,2,18,2,2,0.0,0.0,0.0,0.0,0.0,2.0,16,4,3
177897,4,10,3,10,8,3,4,1,1,1,2,39,2,2,0.0,0.0,0.0,0.0,0.0,2.0,8,4,12
67486,16,2,3,0,6,3,0,1,0,1,2,6,2,3,1.0,0.0,0.0,1.0,0.0,4.0,6,3,5
185121,16,3,3,0,8,3,5,5,1,1,2,36,2,2,0.0,0.0,0.0,0.0,0.0,2.0,9,7,12
111572,16,2,3,17,6,3,0,1,1,1,1,24,2,2,0.0,0.0,0.0,0.0,0.0,2.0,15,5,8
163498,15,3,3,17,6,3,0,1,1,1,2,36,2,2,0.0,0.0,0.0,0.0,0.0,3.0,15,5,11
180682,15,2,1,17,6,3,0,1,0,1,2,18,2,2,0.0,0.0,0.0,0.0,0.0,2.0,23,1,12
156627,16,2,3,15,2,3,0,1,1,1,1,23,2,2,0.0,0.0,0.0,0.0,0.0,2.0,16,3,11
25014,15,2,3,17,8,3,6,5,1,1,2,18,2,2,0.0,0.0,0.0,0.0,0.0,3.0,14,2,2
146948,16,2,2,10,2,3,0,1,1,1,2,19,2,2,0.0,0.0,0.0,0.0,0.0,2.0,6,3,10
129746,16,2,3,10,8,3,0,1,1,1,2,19,2,2,0.0,0.0,0.0,0.0,0.0,3.0,9,5,9
48097,15,7,3,0,8,3,6,1,1,1,2,18,2,2,0.0,0.0,0.0,0.0,0.0,3.0,14,7,4
15613,15,2,3,0,8,3,0,1,1,1,1,36,2,2,0.0,0.0,0.0,0.0,0.0,2.0,14,6,2
16106,16,2,3,10,10,3,0,1,1,1,1,19,2,2,0.0,0.0,0.0,0.0,0.0,2.0,14,2,2
79805,16,2,3,5,8,3,0,5,1,1,1,6,2,2,0.0,0.0,0.0,0.0,0.0,2.0,13,7,6
25818,16,7,1,17,1,3,6,1,0,1,2,18,2,2,0.0,0.0,0.0,0.0,0.0,3.0,23,7,2
145499,15,2,1,0,6,3,0,1,0,1,2,18,2,2,0.0,0.0,0.0,0.0,0.0,2.0,19,5,10
182436,16,2,3,15,10,3,0,3,1,1,0,36,2,2,0.0,0.0,0.0,0.0,0.0,3.0,13,7,12
159656,15,2,4,0,8,3,0,1,0,1,2,18,2,2,0.0,0.0,0.0,0.0,0.0,3.0,18,5,11
179550,15,2,3,17,8,3,0,1,0,1,2,24,2,2,0.0,0.0,0.0,0.0,0.0,2.0,8,5,12
149825,16,3,3,17,10,3,0,1,1,1,2,4,2,2,0.0,0.0,0.0,0.0,0.0,3.0,11,1,10
89808,16,2,3,10,6,3,0,1,1,0,2,19,2,2,0.0,0.0,0.0,0.0,0.0,4.0,10,5,7
61670,15,7,0,15,2,3,6,1,1,0,2,22,2,2,0.0,0.0,0.0,0.0,0.0,2.0,23,7,5