crash_date,               traffic_control_device,weather_condition,lighting_condition,first_crash_type,trafficway_type,alignment,roadway_surface_cond,road_defect,crash_type,intersection_related_i,damage,prim_contributory_cause,num_units,most_severe_injury,injuries_total,injuries_fatal,injuries_incapacitating,injuries_non_incapacitating,injuries_reported_not_evident,injuries_no_indication,crash_hour,crash_day_of_week,crash_month
170210,16,10,3,0,8,3,6,1,0,1,2,38,2,2,0.0,0.0,0.0,0.0,0.0,2.0,14,3,11
143529,16,7,3,0,8,3,6,1,0,1,0,26,2,4,2.0,0.0,0.0,0.0,2.0,1.0,13,6,10
152790,16,2,3,10,2,3,0,1,0,1,2,36,2,4,1.0,0.0,0.0,0.0,1.0,1.0,14,5,10
20692,16,2,1,17,8,3,4,1,1,1,1,18,2,2,0.0,0.0,0.0,0.0,0.0,2.0,18,4,2
148211,4,2,1,8,8,3,0,1,0,1,0,6,2,3,1.0,0.0,0.0,1.0,0.0,1.0,18,7,10
20888,16,10,1,10,10,3,6,5,1,1,1,22,2,2,0.0,0.0,0.0,0.0,0.0,6.0,22,7,2
3046,16,7,3,17,1,3,6,5,0,1,2,36,2,2,0.0,0.0,0.0,0.0,0.0,3.0,7,2,1
75118,15,2,3,0,15,3,0,1,0,1,2,18,2,4,2.0,0.0,0.0,0.0,2.0,0.0,17,6,6
115956,4,2,1,10,8,3,0,5,1,1,1,19,2,2,0.0,0.0,0.0,0.0,0.0,5.0,19,3,8
64943,4,2,3,8,3,3,0,1,0,1,2,18,2,1,1.0,0.0,1.0,0.0,0.0,1.0,16,5,5
114957,4,2,3,15,8,3,0,1,1,1,1,12,2,2,0.0,0.0,0.0,0.0,0.0,4.0,12,1,8
82481,16,2,3,10,8,3,0,1,1,1,1,19,2,2,0.0,0.0,0.0,0.0,0.0,2.0,12,2,6
151572,15,2,3,15,8,3,0,1,1,1,2,18,2,2,0.0,0.0,0.0,0.0,0.0,3.0,10,3,10
171567,16,2,1,0,6,3,0,1,0,1,2,5,3,3,3.0,0.0,0.0,3.0,0.0,2.0,23,6,11
19818,16,2,3,0,6,3,0,5,0,1,2,36,3,2,0.0,0.0,0.0,0.0,0.0,3.0,15,3,2
5866,16,10,3,11,8,3,4,1,1,1,2,36,2,2,0.0,0.0,0.0,0.0,0.0,2.0,14,6,1
44179,16,10,1,17,8,3,6,5,1,1,2,18,2,2,0.0,0.0,0.0,0.0,0.0,2.0,20,5,4
186431,16,7,1,10,8,3,6,1,0,1,2,19,2,4,1.0,0.0,0.0,0.0,1.0,1.0,21,5,12
39685,16,2,3,0,11,3,6,5,0,1,2,36,4,4,1.0,0.0,0.0,0.0,1.0,6.0,15,2,3
54852,15,11,3,0,18,4,5,5,0,1,2,5,2,4,1.0,0.0,0.0,0.0,1.0,1.0,16,5,4
163120,4,2,1,0,2,3,0,1,0,1,2,18,2,2,0.0,0.0,0.0,0.0,0.0,4.0,17,4,11
34020,16,2,3,15,8,3,0,1,1,1,1,36,2,2,0.0,0.0,0.0,0.0,0.0,5.0,18,6,3
19515,15,3,3,0,8,3,0,1,1,1,2,5,2,2,0.0,0.0,0.0,0.0,0.0,2.0,10,5,2
118261,16,2,3,0,2,3,0,1,1,1,1,6,2,2,0.0,0.0,0.0,0.0,0.0,2.0,18,1,8
57162,16,2,3,15,13,3,0,1,1,1,1,22,2,2,0.0,0.0,0.0,0.0,0.0,4.0,12,6,5
43334,16,2,3,17,2,3,0,1,0,1,2,18,2,3,1.0,0.0,0.0,1.0,0.0,1.0,16,6,4
163350,15,5,1,0,6,3,6,5,0,1,2,36,2,2,0.0,0.0,0.0,0.0,0.0,6.0,0,1,11
62435,15,2,3,10,6,3,0,1,0,1,2,23,5,1,3.0,0.0,3.0,0.0,0.0,2.0,11,6,5
17476,16,10,3,9,8,3,4,1,1,1,0,36,2,2,0.0,0.0,0.0,0.0,0.0,2.0,14,5,2
137329,15,2,3,17,8,3,0,1,1,1,1,12,2,2,0.0,0.0,0.0,0.0,0.0,4.0,8,5,9
158870,16,2,0,17,2,3,0,1,0,1,2,12,2,2,0.0,0.0,0.0,0.0,0.0,2.0,17,6,11
46005,15,2,3,0,6,3,0,1,0,1,2,5,3,4,2.0,0.0,0.0,0.0,2.0,4.0,18,5,4
171459,16,2,3,10,10,3,0,1,1,1,2,19,2,2,0.0,0.0,0.0,0.0,0.0,3.0,10,3,11
163139,16,2,1,17,2,3,6,1,1,1,1,23,2,2,0.0,0.0,0.0,0.0,0.0,3.0,20,4,11
79040,16,2,3,10,8,3,0,1,0,1,1,17,2,2,0.0,0.0,0.0,0.0,0.0,3.0,17,2,6
5967,15,3,3,17,17,3,4,1,1,1,2,36,2,2,0.0,0.0,0.0,0.0,0.0,2.0,13,4,1
94899,16,2,4,11,8,3,5,5,1,1,2,21,2,2,0.0,0.0,0.0,0.0,0.0,2.0,17,6,7
132040,16,7,4,10,6,3,6,5,0,1,2,39,2,2,0.0,0.0,0.0,0.0,0.0,3.0,18,7,9
63735,16,2,3,15,6,3,0,1,1,1,0,18,2,2,0.0,0.0,0.0,0.0,0.0,2.0,18,5,5
174689,15,2,3,0,6,3,0,1,1,1,0,26,2,2,0.0,0.0,0.0,0.0,0.0,2.0,13,2,12
39506,4,2,3,2,6,3,0,1,0,1,2,36,1,1,1.0,0.0,1.0,0.0,0.0,0.0,17,5,3
169220,15,2,3,0,8,3,6,1,1,1,1,18,2,2,0.0,0.0,0.0,0.0,0.0,2.0,15,1,11
83448,15,2,3,0,6,3,0,1,0,1,2,18,2,2,0.0,0.0,0.0,0.0,0.0,2.0,12,3,6
114762,16,2,3,10,18,3,0,5,0,1,2,36,2,3,1.0,0.0,0.0,1.0,0.0,1.0,14,6,8
154191,16,7,3,0,6,3,6,1,1,1,1,6,2,2,0.0,0.0,0.0,0.0,0.0,2.0,8,6,10
128003,15,2,3,0,8,3,0,1,0,1,2,18,2,2,0.0,0.0,0.0,0.0,0.0,2.0,18,2,9
59753,16,2,3,17,6,4,0,1,1,1,2,24,2,2,0.0,0.0,0.0,0.0,0.0,2.0,18,7,5
111495,16,2,3,17,2,3,0,1,0,1,1,6,2,2,0.0,0.0,0.0,0.0,0.0,2.0,14,4,8
111320,4,7,4,11,10,3,6,5,1,0,1,21,2,2,0.0,0.0,0.0,0.0,0.0,5.0,19,2,8
53742,15,2,3,17,8,3,0,1,1,1,2,24,2,2,0.0,0.0,0.0,0.0,0.0,2.0,18,2,4
81626,16,2,3,10,8,3,0,1,1,1,1,13,2,2,0.0,0.0,0.0,0.0,0.0,3.0,16,4,6
82440,16,2,3,0,3,3,0,1,0,1,1,28,2,2,0.0,0.0,0.0,0.0,0.0,2.0,6,2,6
41565,17,2,3,10,17,3,5,5,0,1,1,19,2,4,1.0,0.0,0.0,0.0,1.0,4.0,11,2,3
63371,4,7,3,10,11,3,6,1,1,1,0,32,2,2,0.0,0.0,0.0,0.0,0.0,2.0,16,7,5
148393,16,2,4,10,6,3,0,1,1,1,0,19,2,2,0.0,0.0,0.0,0.0,0.0,2.0,16,4,10
128009,16,2,1,10,8,3,0,1,0,1,2,6,3,2,0.0,0.0,0.0,0.0,0.0,4.0,20,2,9
140199,10,3,3,9,6,3,0,1,0,1,0,18,3,1,2.0,0.0,1.0,1.0,0.0,1.0,7,3,10
163651,16,7,3,10,2,3,6,1,1,0,1,19,2,2,0.0,0.0,0.0,0.0,0.0,2.0,8,4,11
27405,16,2,3,7,8,3,0,1,1,1,1,23,2,2,0.0,0.0,0.0,0.0,0.0,1.0,16,7,2
26874,16,2,0,15,8,3,0,1,1,1,2,36,2,2,0.0,0.0,0.0,0.0,0.0,2.0,19,4,2
2217,15,2,1,10,8,3,4,5,1,1,2,19,2,2,0.0,0.0,0.0,0.0,0.0,2.0,17,4,1
146274,16,7,2,0,2,3,6,1,1,1,2,12,2,2,0.0,0.0,0.0,0.0,0.0,2.0,17,3,10
160725,16,2,1,10,8,3,0,1,1,0,1,19,3,2,0.0,0.0,0.0,0.0,0.0,3.0,2,7,11
35884,16,2,1,15,8,3,0,1,1,1,2,22,2,2,0.0,0.0,0.0,0.0,0.0,2.0,19,7,3
179431,4,2,3,0,8,3,0,1,1,1,0,36,2,2,0.0,0.0,0.0,0.0,0.0,2.0,10,6,12
41854,16,2,1,17,8,3,0,1,0,1,2,18,2,4,1.0,0.0,0.0,0.0,1.0,3.0,23,6,3
59405,16,7,1,10,6,3,6,1,0,1,1,19,2,3,3.0,0.0,0.0,2.0,1.0,0.0,23,1,5
99791,15,2,3,10,8,3,0,1,1,1,0,19,2,2,0.0,0.0,0.0,0.0,0.0,3.0,17,3,7
113120,15,2,3,0,8,3,0,1,1,1,2,18,2,2,0.0,0.0,0.0,0.0,0.0,2.0,18,7,8
49233,15,2,3,17,15,3,0,1,1,1,1,36,2,2,0.0,0.0,0.0,0.0,0.0,3.0,13,7,4
170221,15,2,0,0,2,3,5,1,0,1,2,18,2,2,0.0,0.0,0.0,0.0,0.0,2.0,17,3,11
52143,15,2,3,17,2,3,0,1,1,1,2,18,2,2,0.0,0.0,0.0,0.0,0.0,4.0,17,2,4
41511,15,2,3,17,11,3,6,1,0,1,2,18,2,2,0.0,0.0,0.0,0.0,0.0,2.0,8,7,3
131250,16,2,3,0,2,3,0,5,1,1,1,36,2,2,0.0,0.0,0.0,0.0,0.0,2.0,17,3,9
109034,16,2,3,9,8,3,0,1,0,1,2,18,2,3,1.0,0.0,0.0,1.0,0.0,1.0,7,3,8
20365,16,2,1,0,8,3,6,1,1,1,2,18,2,2,0.0,0.0,0.0,0.0,0.0,2.0,18,6,2
82079,16,2,3,17,8,3,0,1,0,1,2,24,2,4,2.0,0.0,0.0,0.0,2.0,7.0,8,3,6
55488,4,7,3,0,8,3,6,1,0,1,2,39,2,3,1.0,0.0,0.0,1.0,0.0,1.0,8,2,4
100273,15,2,3,0,11,3,0,1,0,1,2,17,2,3,1.0,0.0,0.0,1.0,0.0,7.0,13,4,7
137393,16,2,3,10,8,3,0,1,1,1,1,36,2,2,0.0,0.0,0.0,0.0,0.0,3.0,17,6,9
37700,16,2,1,17,8,3,0,1,1,1,1,36,2,2,0.0,0.0,0.0,0.0,0.0,2.0,18,5,3
16681,16,10,3,10,6,3,4,1,0,1,0,39,2,4,2.0,0.0,0.0,0.0,2.0,2.0,7,6,2
61987,15,2,3,0,15,3,0,1,0,1,2,5,2,3,1.0,0.0,0.0,1.0,0.0,2.0,11,6,5
45889,16,10,3,17,8,3,6,1,1,1,2,24,2,2,0.0,0.0,0.0,0.0,0.0,2.0,8,2,4
159130,17,11,5,9,17,3,5,5,0,1,2,36,2,3,1.0,0.0,0.0,1.0,0.0,1.0,19,4,11
177720,16,2,1,15,2,3,0,1,1,1,1,36,2,2,0.0,0.0,0.0,0.0,0.0,2.0,16,2,12
185008,16,2,1,10,8,3,0,1,1,1,2,36,2,2,0.0,0.0,0.0,0.0,0.0,3.0,19,5,12
57222,15,2,3,17,2,3,5,5,1,1,1,22,2,2,0.0,0.0,0.0,0.0,0.0,3.0,17,2,5
102709,16,2,3,17,17,3,0,5,0,1,2,17,2,3,3.0,0.0,0.0,3.0,0.0,1.0,18,6,7
20219,15,10,3,0,8,3,4,5,1,1,2,39,2,2,0.0,0.0,0.0,0.0,0.0,2.0,15,3,2
145367,16,2,3,0,6,3,0,1,0,1,2,6,4,2,0.0,0.0,0.0,0.0,0.0,4.0,18,2,10
87092,4,2,3,9,8,3,0,1,0,1,0,18,2,3,1.0,0.0,0.0,1.0,0.0,1.0,13,5,6
97762,15,7,3,17,8,3,6,1,0,1,2,17,2,3,1.0,0.0,0.0,1.0,0.0,2.0,12,6,7
18112,16,2,3,17,8,3,0,1,1,1,1,36,2,2,0.0,0.0,0.0,0.0,0.0,2.0,12,1,2
27236,4,2,4,10,2,3,0,1,1,1,1,36,2,2,0.0,0.0,0.0,0.0,0.0,3.0,17,3,2
77921,15,2,5,17,10,3,5,5,1,1,2,22,2,2,0.0,0.0,0.0,0.0,0.0,3.0,19,7,6
188681,16,7,3,0,8,3,6,1,0,1,2,36,3,2,0.0,0.0,0.0,0.0,0.0,2.0,7,2,12
45670,15,7,3,17,15,3,6,1,1,1,2,24,2,2,0.0,0.0,0.0,0.0,0.0,2.0,10,6,4
145191,15,2,3,17,3,3,0,1,1,1,1,36,2,2,0.0,0.0,0.0,0.0,0.0,2.0,8,6,10
150061,16,2,3,15,8,3,5,5,1,1,0,36,2,2,0.0,0.0,0.0,0.0,0.0,2.0,16,6,10
144387,4,2,3,17,15,3,6,1,0,1,2,36,2,2,0.0,0.0,0.0,0.0,0.0,2.0,15,4,10
165099,16,2,1,0,6,3,0,1,0,1,2,36,2,2,0.0,0.0,0.0,0.0,0.0,3.0,0,4,11
50034,15,2,3,9,6,3,0,1,0,1,0,26,2,3,1.0,0.0,0.0,1.0,0.0,1.0,19,7,4
165959,15,2,3,0,8,3,0,1,1,1,2,36,2,2,0.0,0.0,0.0,0.0,0.0,3.0,14,1,11
4079,16,2,0,15,6,3,6,1,1,1,1,36,2,2,0.0,0.0,0.0,0.0,0.0,2.0,20,5,1
42210,16,2,3,0,6,3,0,1,0,1,2,18,2,4,1.0,0.0,0.0,0.0,1.0,1.0,14,1,3
135808,15,2,3,17,15,3,0,5,1,1,2,18,3,2,0.0,0.0,0.0,0.0,0.0,4.0,17,6,9
17391,4,2,1,17,2,3,0,1,1,0,2,18,2,2,0.0,0.0,0.0,0.0,0.0,2.0,18,3,2
169274,16,2,4,17,6,3,5,5,1,1,2,19,2,2,0.0,0.0,0.0,0.0,0.0,5.0,15,2,11
9505,16,2,3,17,6,3,6,5,1,1,2,24,2,2,0.0,0.0,0.0,0.0,0.0,2.0,14,6,1
58536,4,2,3,0,1,3,0,1,1,1,1,18,2,2,0.0,0.0,0.0,0.0,0.0,3.0,16,1,5
108604,16,2,3,9,6,3,0,5,0,1,2,36,2,3,1.0,0.0,0.0,1.0,0.0,1.0,18,4,8
80696,16,2,3,17,15,3,0,1,1,1,2,18,2,2,0.0,0.0,0.0,0.0,0.0,2.0,11,5,6
57887,16,7,1,17,2,3,6,1,0,1,2,18,2,3,3.0,0.0,0.0,2.0,1.0,1.0,19,7,5
74563,15,2,3,0,8,3,0,1,0,1,2,5,2,3,1.0,0.0,0.0,1.0,0.0,2.0,6,5,6
61193,16,7,3,10,8,3,6,1,1,1,1,36,2,2,0.0,0.0,0.0,0.0,0.0,4.0,17,7,5
76135,15,2,3,0,8,3,6,1,1,1,2,18,2,2,0.0,0.0,0.0,0.0,0.0,2.0,10,7,6
179661,16,2,3,17,3,3,6,1,0,1,1,18,2,2,0.0,0.0,0.0,0.0,0.0,2.0,13,7,12
97000,16,2,3,14,8,3,0,1,0,1,2,36,2,2,0.0,0.0,0.0,0.0,0.0,2.0,7,3,7
94758,16,2,3,0,11,3,0,1,1,1,1,36,2,2,0.0,0.0,0.0,0.0,0.0,2.0,12,3,7
37572,16,2,3,17,3,2,0,1,1,1,1,22,2,2,0.0,0.0,0.0,0.0,0.0,2.0,18,2,3
101649,16,2,1,17,8,3,0,1,1,1,1,18,2,2,0.0,0.0,0.0,0.0,0.0,2.0,20,4,7
126035,16,2,1,10,8,3,0,1,1,1,1,9,2,2,0.0,0.0,0.0,0.0,0.0,3.0,20,1,9
150019,15,2,1,9,6,3,6,1,0,1,0,18,2,1,1.0,0.0,1.0,0.0,0.0,2.0,20,5,10
142255,16,2,1,15,3,3,0,1,1,1,1,22,2,2,0.0,0.0,0.0,0.0,0.0,2.0,19,2,10
75582,15,2,3,0,8,3,0,1,1,1,2,36,2,2,0.0,0.0,0.0,0.0,0.0,3.0,17,6,6
46285,4,2,3,17,10,3,5,1,1,1,1,18,2,2,0.0,0.0,0.0,0.0,0.0,2.0,10,1,4
143429,16,7,3,17,2,3,6,1,0,1,2,6,2,3,1.0,0.0,0.0,1.0,0.0,1.0,9,4,10
19053,15,2,3,0,6,3,0,1,0,1,2,18,2,2,0.0,0.0,0.0,0.0,0.0,2.0,7,4,2
7186,16,2,1,17,10,3,0,1,0,1,2,18,2,3,3.0,0.0,0.0,3.0,0.0,3.0,16,4,1
34276,16,2,0,9,6,3,0,1,0,1,2,24,2,4,1.0,0.0,0.0,0.0,1.0,1.0,19,4,3
140862,16,2,3,17,8,3,0,1,1,1,2,18,2,2,0.0,0.0,0.0,0.0,0.0,2.0,13,6,10
107255,16,7,3,10,3,3,6,1,1,1,2,19,2,2,0.0,0.0,0.0,0.0,0.0,2.0,15,3,8
162926,15,2,3,17,6,3,0,1,0,1,2,12,2,3,2.0,0.0,0.0,2.0,0.0,0.0,12,2,11
6434,16,2,3,0,6,3,6,1,1,1,2,18,2,2,0.0,0.0,0.0,0.0,0.0,2.0,12,7,1
163296,16,7,0,17,6,3,6,5,0,1,2,18,2,3,2.0,0.0,0.0,2.0,0.0,6.0,1,1,11
128503,16,2,3,15,8,3,0,1,1,1,1,12,2,2,0.0,0.0,0.0,0.0,0.0,2.0,14,1,9
79986,16,2,1,10,3,3,0,1,1,1,1,17,2,2,0.0,0.0,0.0,0.0,0.0,3.0,21,7,6
10987,16,7,3,17,15,3,6,1,0,1,2,23,2,2,0.0,0.0,0.0,0.0,0.0,2.0,10,2,1
133287,16,2,1,17,8,3,0,1,0,1,2,24,2,3,1.0,0.0,0.0,1.0,0.0,1.0,20,4,9
83004,16,2,3,0,15,3,0,1,0,1,2,6,2,3,2.0,0.0,0.0,2.0,0.0,0.0,13,4,6
109098,16,2,3,17,2,3,0,1,1,1,2,36,2,2,0.0,0.0,0.0,0.0,0.0,5.0,10,4,8
123933,16,11,2,10,8,3,5,1,1,1,1,22,2,2,0.0,0.0,0.0,0.0,0.0,3.0,7,6,9
104434,16,2,1,17,19,3,0,1,0,1,2,36,2,4,1.0,0.0,0.0,0.0,1.0,1.0,23,3,8
173540,16,2,3,15,10,3,0,1,0,1,2,22,2,3,1.0,0.0,0.0,1.0,0.0,1.0,13,7,12
45,16,2,1,10,8,3,0,1,1,1,2,21,2,2,0.0,0.0,0.0,0.0,0.0,2.0,2,2,1
37258,16,2,3,10,8,3,0,1,1,1,1,36,2,2,0.0,0.0,0.0,0.0,0.0,2.0,17,4,3
155662,15,2,3,0,18,4,0,1,0,1,2,18,2,2,0.0,0.0,0.0,0.0,0.0,2.0,9,5,10
73601,16,2,3,10,2,3,0,1,1,1,0,36,2,2,0.0,0.0,0.0,0.0,0.0,2.0,17,6,6
117015,15,2,3,9,8,3,0,1,0,1,0,18,2,3,1.0,0.0,0.0,1.0,0.0,1.0,17,5,8
125354,16,2,1,10,8,3,0,1,1,1,2,36,2,2,0.0,0.0,0.0,0.0,0.0,2.0,17,7,9
169215,15,2,1,0,8,3,0,5,0,1,2,5,2,3,1.0,0.0,0.0,1.0,0.0,4.0,2,1,11
97499,15,2,1,0,15,3,0,1,0,1,2,5,2,3,2.0,0.0,0.0,2.0,0.0,2.0,0,3,7
6998,16,6,4,17,6,3,5,5,0,1,2,18,2,4,1.0,0.0,0.0,0.0,1.0,1.0,17,3,1
149728,16,11,1,17,10,3,5,5,1,1,2,36,2,2,0.0,0.0,0.0,0.0,0.0,2.0,20,5,10
79996,15,2,3,0,8,3,0,1,0,1,2,18,2,2,0.0,0.0,0.0,0.0,0.0,2.0,10,7,6
98545,4,2,3,2,14,3,0,1,0,1,1,36,1,3,1.0,0.0,0.0,1.0,0.0,0.0,8,5,7
3833,16,2,2,17,6,3,0,1,0,1,2,18,2,2,0.0,0.0,0.0,0.0,0.0,2.0,6,4,1
43951,15,2,3,3,15,3,0,1,0,1,2,18,3,2,0.0,0.0,0.0,0.0,0.0,3.0,8,2,4
188230,4,2,3,10,8,3,0,1,1,1,2,36,2,2,0.0,0.0,0.0,0.0,0.0,2.0,15,2,12
126003,15,2,3,7,10,3,0,5,1,1,2,36,2,2,0.0,0.0,0.0,0.0,0.0,3.0,12,3,9
70398,16,2,3,8,6,3,0,1,1,1,0,18,2,2,0.0,0.0,0.0,0.0,0.0,2.0,14,7,5
137074,15,2,3,17,2,3,0,5,1,1,1,36,2,2,0.0,0.0,0.0,0.0,0.0,2.0,15,7,9
122604,16,7,3,17,6,3,6,1,1,1,2,24,2,2,0.0,0.0,0.0,0.0,0.0,3.0,12,1,9
57670,15,2,3,0,6,3,0,1,0,1,1,18,2,3,1.0,0.0,0.0,1.0,0.0,1.0,17,2,5
171735,16,2,3,0,10,3,0,1,0,1,2,6,3,3,1.0,0.0,0.0,1.0,0.0,3.0,9,6,11
137008,16,2,0,10,2,3,0,1,0,1,2,19,3,3,1.0,0.0,0.0,1.0,0.0,2.0,20,1,9
5059,16,2,1,15,3,3,0,1,1,0,2,26,2,2,0.0,0.0,0.0,0.0,0.0,2.0,22,6,1
57251,16,7,1,0,6,3,6,1,0,1,2,11,2,3,5.0,0.0,0.0,3.0,2.0,1.0,0,2,5
156978,17,2,3,7,17,3,5,5,1,1,2,36,2,2,0.0,0.0,0.0,0.0,0.0,1.0,13,7,11
58717,16,2,3,15,8,3,0,1,1,1,2,22,2,2,0.0,0.0,0.0,0.0,0.0,2.0,19,5,5
17345,16,2,3,10,8,3,0,1,1,1,1,19,3,2,0.0,0.0,0.0,0.0,0.0,5.0,14,2,2
65549,4,2,3,10,4,3,0,5,1,0,2,18,2,2,0.0,0.0,0.0,0.0,0.0,2.0,9,1,5
36514,16,7,3,17,8,3,6,1,1,1,1,36,2,2,0.0,0.0,0.0,0.0,0.0,5.0,16,6,3
31720,15,2,1,10,10,3,0,1,1,1,1,19,2,2,0.0,0.0,0.0,0.0,0.0,2.0,19,3,3
1688,16,2,3,14,8,3,0,1,1,1,0,11,2,2,0.0,0.0,0.0,0.0,0.0,4.0,15,2,1
177358,16,2,3,17,6,3,0,1,0,1,2,18,2,3,2.0,0.0,0.0,2.0,0.0,1.0,16,5,12
121685,15,2,1,0,2,3,0,1,0,1,2,5,2,1,3.0,0.0,1.0,2.0,0.0,2.0,22,1,9
117779,16,7,1,0,8,3,6,1,0,1,2,6,2,3,1.0,0.0,0.0,1.0,0.0,4.0,23,1,8
165773,16,2,3,17,15,3,0,1,1,1,2,18,2,2,0.0,0.0,0.0,0.0,0.0,5.0,14,7,11
78629,16,7,3,17,6,3,6,1,0,1,2,18,2,3,1.0,0.0,0.0,1.0,0.0,1.0,6,3,6
120323,16,2,1,17,6,3,0,1,1,1,2,36,2,2,0.0,0.0,0.0,0.0,0.0,2.0,21,4,8
62376,4,2,3,10,8,3,0,1,1,0,2,36,2,2,0.0,0.0,0.0,0.0,0.0,3.0,16,6,5
110068,16,2,4,10,2,3,0,1,1,1,0,36,2,2,0.0,0.0,0.0,0.0,0.0,2.0,19,4,8
120817,16,2,3,10,6,3,0,1,1,1,2,19,2,2,0.0,0.0,0.0,0.0,0.0,2.0,7,4,9
69481,4,2,3,8,0,3,0,1,0,1,2,36,2,3,1.0,0.0,0.0,1.0,0.0,1.0,15,6,5
130076,4,7,1,15,3,3,6,5,1,1,1,36,2,2,0.0,0.0,0.0,0.0,0.0,2.0,19,6,9
32806,15,7,0,0,8,3,6,1,0,1,2,18,3,2,0.0,0.0,0.0,0.0,0.0,4.0,19,6,3
25059,16,2,3,10,6,3,0,1,1,1,1,19,2,2,0.0,0.0,0.0,0.0,0.0,2.0,14,3,2
183151,16,2,1,17,8,3,0,1,1,1,2,22,2,2,0.0,0.0,0.0,0.0,0.0,2.0,17,5,12
4973,16,7,0,17,8,3,6,1,1,1,2,24,2,2,0.0,0.0,0.0,0.0,0.0,3.0,17,5,1
11947,16,2,3,17,8,3,0,1,1,1,2,36,2,2,0.0,0.0,0.0,0.0,0.0,2.0,13,5,1
170951,15,2,1,0,10,3,0,1,0,1,2,28,2,1,1.0,0.0,1.0,0.0,0.0,2.0,16,2,11
181970,16,2,3,15,10,3,0,1,1,1,2,36,2,2,0.0,0.0,0.0,0.0,0.0,2.0,16,3,12
61401,16,2,3,17,2,3,0,1,0,1,2,6,2,3,2.0,0.0,0.0,2.0,0.0,0.0,14,5,5
36643,4,2,3,9,2,3,0,1,0,1,1,17,2,3,1.0,0.0,0.0,1.0,0.0,1.0,15,2,3
152756,15,2,3,17,8,3,0,1,1,1,2,36,2,2,0.0,0.0,0.0,0.0,0.0,3.0,10,7,10
170216,16,10,3,0,8,3,4,5,0,1,2,11,2,4,1.0,0.0,0.0,0.0,1.0,5.0,15,3,11
23829,15,2,1,0,18,3,4,1,0,1,2,18,3,2,0.0,0.0,0.0,0.0,0.0,5.0,19,7,2
22582,4,2,3,17,3,3,0,5,1,1,2,36,2,2,0.0,0.0,0.0,0.0,0.0,2.0,12,6,2
97806,16,2,3,9,2,3,0,5,0,1,0,36,2,4,1.0,0.0,0.0,0.0,1.0,1.0,7,7,7
129023,16,2,3,2,11,3,0,1,0,1,2,36,1,2,0.0,0.0,0.0,0.0,0.0,1.0,17,1,9
22775,16,10,1,17,6,3,4,1,0,1,2,6,2,3,1.0,0.0,0.0,1.0,0.0,2.0,20,4,2
100090,16,2,3,17,8,3,0,1,1,1,2,18,2,2,0.0,0.0,0.0,0.0,0.0,2.0,12,1,7
14728,16,2,3,0,2,3,0,1,0,1,2,6,3,4,1.0,0.0,0.0,0.0,1.0,2.0,7,5,1
3399,16,2,1,10,2,3,6,1,1,1,2,17,2,2,0.0,0.0,0.0,0.0,0.0,3.0,6,6,1
158859,16,2,3,10,8,3,0,5,1,1,1,36,2,2,0.0,0.0,0.0,0.0,0.0,2.0,15,6,11
180184,16,2,1,17,8,3,0,1,1,1,2,22,3,2,0.0,0.0,0.0,0.0,0.0,3.0,20,6,12
84397,17,2,3,17,6,3,0,5,0,1,2,36,3,3,5.0,0.0,0.0,5.0,0.0,0.0,18,4,6
161503,16,2,0,2,8,3,4,5,0,1,2,12,1,2,0.0,0.0,0.0,0.0,0.0,1.0,17,2,11
148922,4,2,1,3,6,3,0,1,0,1,0,36,2,3,1.0,0.0,0.0,1.0,0.0,1.0,19,4,10
59053,16,2,3,10,8,3,0,1,1,1,2,19,2,2,0.0,0.0,0.0,0.0,0.0,3.0,17,2,5
143343,16,2,3,17,6,3,0,1,1,1,2,24,2,2,0.0,0.0,0.0,0.0,0.0,2.0,12,5,10
181698,15,2,0,13,8,3,0,1,1,1,2,5,2,2,0.0,0.0,0.0,0.0,0.0,2.0,20,7,12
32526,16,2,1,10,1,3,0,1,0,1,2,19,2,2,0.0,0.0,0.0,0.0,0.0,2.0,21,7,3
87239,16,3,3,15,8,3,0,1,0,1,1,23,2,2,0.0,0.0,0.0,0.0,0.0,6.0,13,6,6
127595,15,2,3,0,6,3,0,5,0,1,2,5,2,4,1.0,0.0,0.0,0.0,1.0,1.0,10,3,9
89069,15,2,3,0,6,3,0,1,0,1,2,18,2,2,0.0,0.0,0.0,0.0,0.0,2.0,13,7,7
152047,16,2,3,0,6,3,6,5,0,1,2,26,2,3,3.0,0.0,0.0,3.0,0.0,2.0,10,4,10
78060,15,2,3,0,6,3,0,1,0,1,2,18,2,4,1.0,0.0,0.0,0.0,1.0,1.0,8,2,6
33049,16,2,3,15,8,3,0,5,1,1,2,23,2,2,0.0,0.0,0.0,0.0,0.0,2.0,13,4,3
63680,4,2,3,9,8,3,0,1,0,1,0,18,2,3,1.0,0.0,0.0,1.0,0.0,1.0,8,4,5
58076,15,2,3,0,8,3,0,5,0,1,2,36,2,2,0.0,0.0,0.0,0.0,0.0,2.0,17,1,5
130308,15,2,3,0,6,3,0,5,1,1,2,18,2,2,0.0,0.0,0.0,0.0,0.0,2.0,15,6,9
12593,16,2,0,9,8,3,0,1,0,1,0,18,2,3,1.0,0.0,0.0,1.0,0.0,1.0,22,1,1
103468,4,2,3,7,10,3,0,1,0,1,2,36,2,2,0.0,0.0,0.0,0.0,0.0,1.0,13,3,7