crash_date,               traffic_control_device,weather_condition,lighting_condition,first_crash_type,trafficway_type,alignment,roadway_surface_cond,road_defect,crash_type,intersection_related_i,damage,prim_contributory_cause,num_units,most_severe_injury,injuries_total,injuries_fatal,injuries_incapacitating,injuries_non_incapacitating,injuries_reported_not_evident,injuries_no_indication,crash_hour,crash_day_of_week,crash_month
29019,4,2,3,17,6,3,0,1,0,1,2,18,2,1,1.0,0.0,1.0,0.0,0.0,1.0,8,4,3
102429,15,2,1,17,8,3,0,1,0,1,2,17,2,3,1.0,0.0,0.0,1.0,0.0,1.0,3,1,7
122352,16,2,3,9,8,3,0,4,0,1,0,36,2,1,1.0,0.0,1.0,0.0,0.0,1.0,13,4,9
159128,16,2,3,0,6,3,0,1,0,1,2,18,2,2,0.0,0.0,0.0,0.0,0.0,2.0,6,4,11
22013,16,2,3,0,6,3,0,1,1,1,2,18,2,2,0.0,0.0,0.0,0.0,0.0,2.0,13,5,2
95046,16,2,3,10,8,3,0,1,1,1,0,36,2,2,0.0,0.0,0.0,0.0,0.0,3.0,11,7,7
109675,4,2,3,0,6,3,0,1,0,1,2,22,2,2,0.0,0.0,0.0,0.0,0.0,2.0,16,6,8
162614,16,2,3,15,11,3,0,1,1,1,2,22,2,2,0.0,0.0,0.0,0.0,0.0,2.0,15,4,11
64133,15,2,3,0,3,3,0,1,1,1,1,18,2,2,0.0,0.0,0.0,0.0,0.0,2.0,15,5,5
188378,4,2,4,17,6,3,0,1,0,1,2,26,2,2,0.0,0.0,0.0,0.0,0.0,3.0,13,6,12
121168,16,7,1,17,13,3,6,1,1,1,0,19,2,2,0.0,0.0,0.0,0.0,0.0,3.0,20,7,9
20539,16,2,1,0,6,3,0,1,0,1,2,6,2,2,0.0,0.0,0.0,0.0,0.0,2.0,22,2,2
915,4,2,3,2,6,3,0,1,1,1,2,12,1,2,0.0,0.0,0.0,0.0,0.0,1.0,7,3,1
33876,16,10,3,17,8,3,6,1,0,1,2,36,2,4,1.0,0.0,0.0,0.0,1.0,2.0,16,3,3
163816,15,2,1,0,2,3,0,1,0,1,2,18,2,2,0.0,0.0,0.0,0.0,0.0,2.0,20,6,11
104977,16,2,1,2,2,3,6,5,0,0,2,37,1,2,0.0,0.0,0.0,0.0,0.0,2.0,2,6,8
180210,16,2,3,15,10,3,0,1,1,1,2,22,2,2,0.0,0.0,0.0,0.0,0.0,2.0,11,6,12
139820,4,2,3,9,8,3,0,1,0,1,0,36,2,3,1.0,0.0,0.0,1.0,0.0,1.0,18,6,10
112714,16,2,3,10,6,3,0,1,0,1,0,19,2,1,2.0,0.0,2.0,0.0,0.0,0.0,16,2,8
162190,16,7,0,15,16,3,0,5,1,1,1,36,2,2,0.0,0.0,0.0,0.0,0.0,3.0,16,6,11
14931,15,10,3,10,8,3,4,1,0,1,2,30,3,3,1.0,0.0,0.0,1.0,0.0,4.0,8,2,1
73726,16,2,1,0,6,3,0,1,0,1,2,6,4,2,0.0,0.0,0.0,0.0,0.0,7.0,1,1,6
16608,15,10,3,10,8,3,4,1,1,1,1,19,2,2,0.0,0.0,0.0,0.0,0.0,2.0,13,5,2
99267,15,2,0,2,8,4,0,1,0,1,2,13,1,3,1.0,0.0,0.0,1.0,0.0,0.0,1,2,7
61330,16,2,3,15,8,3,0,1,1,1,0,24,2,2,0.0,0.0,0.0,0.0,0.0,4.0,12,3,5
33534,16,2,3,0,6,3,0,1,0,1,2,6,2,3,1.0,0.0,0.0,1.0,0.0,2.0,8,5,3
135407,16,2,3,10,8,3,0,1,1,1,1,19,2,2,0.0,0.0,0.0,0.0,0.0,3.0,10,4,9
75940,15,2,1,8,6,3,0,1,0,1,2,18,2,4,1.0,0.0,0.0,0.0,1.0,1.0,22,5,6
177029,16,2,1,17,6,3,0,1,1,1,1,24,2,2,0.0,0.0,0.0,0.0,0.0,2.0,0,7,12
75104,16,2,3,17,8,3,0,1,1,0,2,36,2,2,0.0,0.0,0.0,0.0,0.0,2.0,15,6,6
133245,16,2,3,8,8,3,0,1,1,1,0,18,2,2,0.0,0.0,0.0,0.0,0.0,2.0,12,2,9
75667,16,2,1,10,2,3,0,1,1,0,0,17,2,2,0.0,0.0,0.0,0.0,0.0,4.0,21,7,6
42812,17,11,3,9,8,3,5,5,0,1,1,36,2,3,1.0,0.0,0.0,1.0,0.0,1.0,12,2,4
142330,16,2,3,0,2,3,0,1,0,1,1,6,2,4,1.0,0.0,0.0,0.0,1.0,3.0,7,3,10
44523,16,2,3,10,8,3,0,1,1,1,2,36,2,2,0.0,0.0,0.0,0.0,0.0,2.0,8,5,4
10381,15,2,3,0,6,3,0,1,0,1,2,18,3,2,0.0,0.0,0.0,0.0,0.0,3.0,12,6,1
44699,16,11,5,14,14,3,5,5,0,1,2,36,2,3,1.0,0.0,0.0,1.0,0.0,2.0,16,3,4
37196,16,2,3,9,1,3,0,1,0,1,0,36,2,3,1.0,0.0,0.0,1.0,0.0,1.0,17,3,3
42545,16,2,3,10,3,3,0,1,0,1,2,19,2,3,1.0,0.0,0.0,1.0,0.0,2.0,17,6,4
56403,4,2,1,5,8,3,6,1,1,1,2,36,1,2,0.0,0.0,0.0,0.0,0.0,1.0,21,2,5
6811,15,10,0,0,8,3,6,1,0,1,2,36,2,3,2.0,0.0,0.0,2.0,0.0,0.0,18,6,1
149503,16,2,1,0,6,3,0,1,0,1,2,6,2,2,0.0,0.0,0.0,0.0,0.0,2.0,0,5,10
113436,16,2,3,10,6,3,0,1,0,1,2,17,2,3,1.0,0.0,0.0,1.0,0.0,1.0,7,6,8
136177,16,7,3,17,5,3,6,1,0,1,2,35,2,2,0.0,0.0,0.0,0.0,0.0,2.0,6,2,9
37967,16,2,3,15,6,3,0,1,1,1,1,23,2,2,0.0,0.0,0.0,0.0,0.0,2.0,8,5,3
172813,16,2,3,10,8,3,0,1,1,0,1,36,2,2,0.0,0.0,0.0,0.0,0.0,2.0,12,7,12
119343,15,2,3,17,8,3,0,1,1,0,1,36,2,2,0.0,0.0,0.0,0.0,0.0,2.0,17,5,8
89952,16,2,3,10,6,3,0,1,1,1,1,19,2,2,0.0,0.0,0.0,0.0,0.0,2.0,13,6,7
47222,15,2,3,0,8,3,0,1,1,1,2,36,2,2,0.0,0.0,0.0,0.0,0.0,3.0,16,6,4
174330,16,2,3,10,8,3,0,1,1,1,2,19,2,2,0.0,0.0,0.0,0.0,0.0,2.0,13,3,12
133026,16,2,3,10,10,3,0,1,1,1,1,17,2,2,0.0,0.0,0.0,0.0,0.0,3.0,9,6,9
140709,15,2,3,0,6,3,0,1,0,1,2,5,2,3,1.0,0.0,0.0,1.0,0.0,3.0,9,3,10
80595,15,2,3,17,15,3,0,1,0,1,2,24,2,2,0.0,0.0,0.0,0.0,0.0,4.0,17,4,6
180580,15,11,5,0,18,3,5,5,0,1,2,36,2,2,0.0,0.0,0.0,0.0,0.0,2.0,17,6,12
46591,16,2,3,17,6,3,5,5,0,1,2,24,2,3,1.0,0.0,0.0,1.0,0.0,6.0,16,2,4
136674,15,2,3,7,8,3,0,1,1,1,1,21,2,2,0.0,0.0,0.0,0.0,0.0,2.0,15,1,9
123036,15,2,3,17,2,3,0,1,0,1,2,18,2,3,1.0,0.0,0.0,1.0,0.0,1.0,12,7,9
147077,4,2,3,15,2,3,0,1,1,1,2,23,2,2,0.0,0.0,0.0,0.0,0.0,2.0,18,5,10
148143,16,3,3,10,2,3,0,1,1,1,1,19,2,2,0.0,0.0,0.0,0.0,0.0,5.0,7,6,10
185465,4,2,1,2,8,3,0,1,1,1,0,36,1,2,0.0,0.0,0.0,0.0,0.0,1.0,0,5,12
118252,4,3,3,0,8,3,0,1,1,1,0,36,2,2,0.0,0.0,0.0,0.0,0.0,2.0,12,6,8
91347,4,2,3,0,8,3,0,1,1,1,2,18,2,2,0.0,0.0,0.0,0.0,0.0,3.0,14,1,7
135720,16,2,1,15,3,3,0,5,1,1,2,36,2,2,0.0,0.0,0.0,0.0,0.0,2.0,22,3,9
188929,4,2,2,8,8,3,0,5,0,1,1,18,2,4,1.0,0.0,0.0,0.0,1.0,1.0,6,7,12
79139,16,2,1,0,6,3,0,1,0,1,2,6,2,2,0.0,0.0,0.0,0.0,0.0,4.0,21,3,6
33650,4,2,3,0,8,3,0,5,0,1,2,36,2,3,3.0,0.0,0.0,3.0,0.0,1.0,17,7,3
613,15,2,3,0,3,4,0,1,0,1,2,18,2,3,1.0,0.0,0.0,1.0,0.0,1.0,10,3,1
170323,16,2,1,17,8,3,0,1,1,1,1,36,2,2,0.0,0.0,0.0,0.0,0.0,2.0,20,4,11
25847,15,2,4,17,2,3,0,1,1,1,2,23,2,2,0.0,0.0,0.0,0.0,0.0,3.0,17,1,2
143210,16,2,3,15,6,3,0,1,1,1,2,26,2,2,0.0,0.0,0.0,0.0,0.0,3.0,16,3,10
21586,16,2,3,0,8,3,0,1,1,1,2,18,2,2,0.0,0.0,0.0,0.0,0.0,2.0,6,4,2
169814,16,2,3,11,8,3,0,1,1,1,0,36,2,2,0.0,0.0,0.0,0.0,0.0,2.0,7,3,11
52008,16,2,0,10,8,3,0,1,0,0,2,21,2,3,1.0,0.0,0.0,1.0,0.0,2.0,1,2,4
4467,15,7,0,0,10,3,6,5,1,0,1,18,2,2,0.0,0.0,0.0,0.0,0.0,2.0,21,4,1
34060,15,2,3,17,6,3,0,1,1,1,2,18,2,2,0.0,0.0,0.0,0.0,0.0,2.0,13,7,3
131245,15,2,3,0,8,3,0,1,1,1,2,18,2,2,0.0,0.0,0.0,0.0,0.0,2.0,15,3,9
12830,16,7,3,15,6,3,6,1,1,1,2,36,3,2,0.0,0.0,0.0,0.0,0.0,3.0,14,6,1
88683,15,7,3,17,6,3,6,1,1,1,1,18,2,2,0.0,0.0,0.0,0.0,0.0,4.0,15,1,7
80193,4,2,3,10,8,3,0,1,1,0,1,36,2,2,0.0,0.0,0.0,0.0,0.0,2.0,15,5,6
155220,4,2,3,0,10,3,0,1,1,1,1,36,2,2,0.0,0.0,0.0,0.0,0.0,2.0,7,4,10
87445,4,2,3,17,8,4,0,1,1,1,2,23,2,2,0.0,0.0,0.0,0.0,0.0,3.0,13,3,6
187815,15,2,3,0,8,3,0,1,0,1,2,18,2,3,1.0,0.0,0.0,1.0,0.0,1.0,14,4,12
27271,16,2,3,9,2,3,0,1,0,1,0,18,2,3,1.0,0.0,0.0,1.0,0.0,2.0,12,3,2
142637,16,2,3,0,6,3,0,5,1,1,2,36,2,2,0.0,0.0,0.0,0.0,0.0,3.0,7,2,10
158773,15,2,3,0,16,3,0,1,0,1,2,5,2,1,1.0,0.0,1.0,0.0,0.0,1.0,14,4,11
82834,15,2,3,9,2,3,0,1,0,1,0,36,3,4,2.0,0.0,0.0,0.0,2.0,1.0,16,1,6
61093,15,7,3,17,8,3,6,1,1,1,2,36,2,2,0.0,0.0,0.0,0.0,0.0,2.0,14,6,5
142878,16,2,3,17,8,3,6,1,1,1,1,17,2,2,0.0,0.0,0.0,0.0,0.0,2.0,16,4,10
55866,15,7,3,10,8,3,6,1,0,1,2,14,2,3,1.0,0.0,0.0,1.0,0.0,1.0,10,7,4
90407,16,2,3,15,8,3,0,1,1,1,2,22,2,2,0.0,0.0,0.0,0.0,0.0,6.0,16,5,7
86402,16,2,1,8,6,3,0,1,0,1,0,24,2,4,1.0,0.0,0.0,0.0,1.0,1.0,22,6,6
4579,16,7,3,0,2,3,6,1,1,1,2,6,2,2,0.0,0.0,0.0,0.0,0.0,2.0,8,6,1
165676,16,2,3,10,3,3,0,6,0,1,2,19,2,4,1.0,0.0,0.0,0.0,1.0,3.0,11,5,11
89885,15,7,3,10,8,3,6,1,0,1,2,11,2,2,0.0,0.0,0.0,0.0,0.0,2.0,14,5,7
139273,15,7,3,10,8,3,0,1,1,1,2,17,2,2,0.0,0.0,0.0,0.0,0.0,2.0,16,5,10
60336,15,2,3,17,6,3,0,1,1,1,1,24,2,2,0.0,0.0,0.0,0.0,0.0,4.0,16,2,5
153508,16,3,3,0,10,3,6,1,0,1,2,6,3,4,1.0,0.0,0.0,0.0,1.0,4.0,11,1,10
63513,16,2,3,17,8,3,0,1,1,1,2,23,2,2,0.0,0.0,0.0,0.0,0.0,2.0,11,2,5
50884,15,2,3,9,8,3,0,5,0,1,2,38,2,3,1.0,0.0,0.0,1.0,0.0,1.0,18,7,4
149684,4,2,3,15,10,3,0,1,0,1,1,23,2,2,0.0,0.0,0.0,0.0,0.0,6.0,8,2,10
112849,16,2,1,0,8,3,0,1,0,1,2,18,2,2,0.0,0.0,0.0,0.0,0.0,3.0,20,4,8
94648,16,2,3,8,2,3,0,1,0,1,0,18,2,3,1.0,0.0,0.0,1.0,0.0,1.0,14,1,7
147394,16,2,3,17,15,3,0,1,0,1,2,18,2,3,1.0,0.0,0.0,1.0,0.0,1.0,7,5,10
185705,16,2,3,17,8,3,4,1,0,1,2,36,2,1,2.0,0.0,1.0,0.0,1.0,0.0,13,2,12
46306,16,2,4,17,8,3,6,5,1,1,2,36,2,2,0.0,0.0,0.0,0.0,0.0,2.0,18,2,4
148545,4,2,3,17,3,3,0,1,1,1,2,36,2,2,0.0,0.0,0.0,0.0,0.0,2.0,15,7,10
163556,16,2,2,17,6,3,0,1,1,1,0,36,2,2,0.0,0.0,0.0,0.0,0.0,2.0,22,5,11
126406,15,2,3,17,8,3,0,1,1,1,2,28,2,2,0.0,0.0,0.0,0.0,0.0,2.0,7,1,9
40590,4,2,3,10,8,3,0,1,1,1,1,36,2,2,0.0,0.0,0.0,0.0,0.0,3.0,14,3,3
137153,16,2,2,17,8,3,0,1,0,1,2,17,3,4,2.0,0.0,0.0,0.0,2.0,3.0,18,1,9
31729,4,2,3,7,8,3,0,1,0,1,2,36,3,4,1.0,0.0,0.0,0.0,1.0,0.0,9,3,3
171259,4,7,1,10,2,3,6,1,0,0,2,28,4,3,3.0,0.0,0.0,3.0,0.0,1.0,22,5,11
117132,16,2,3,10,6,3,0,1,1,1,0,36,2,2,0.0,0.0,0.0,0.0,0.0,3.0,12,6,8
118782,15,2,3,17,6,3,0,1,1,1,2,24,2,2,0.0,0.0,0.0,0.0,0.0,2.0,7,4,8
133578,16,2,1,10,8,3,0,1,1,1,1,19,2,2,0.0,0.0,0.0,0.0,0.0,6.0,1,7,9
33878,16,10,3,2,8,3,4,1,1,1,1,36,1,2,0.0,0.0,0.0,0.0,0.0,1.0,16,3,3
98663,16,2,1,0,9,3,0,1,0,1,2,17,2,3,2.0,0.0,0.0,2.0,0.0,3.0,3,1,7
83632,16,2,3,17,6,3,0,1,0,1,2,18,2,2,0.0,0.0,0.0,0.0,0.0,4.0,10,7,6
75127,15,2,3,10,6,4,0,1,0,1,1,17,2,4,1.0,0.0,0.0,0.0,1.0,1.0,18,6,6
83337,16,7,3,15,8,3,6,1,1,1,2,36,3,2,0.0,0.0,0.0,0.0,0.0,5.0,16,2,6
137837,16,2,3,8,6,3,0,1,0,1,0,18,2,1,1.0,0.0,1.0,0.0,0.0,1.0,8,5,10
175759,16,2,3,6,3,3,0,1,0,1,2,36,1,2,0.0,0.0,0.0,0.0,0.0,1.0,9,3,12
3676,16,7,1,17,6,3,6,1,0,1,2,18,2,3,1.0,0.0,0.0,1.0,0.0,1.0,17,7,1
116482,16,2,3,17,6,3,0,1,1,1,2,36,2,2,0.0,0.0,0.0,0.0,0.0,2.0,14,4,8
19175,15,2,3,3,6,3,0,1,0,1,2,5,2,2,0.0,0.0,0.0,0.0,0.0,2.0,15,6,2
187784,10,10,1,10,11,3,4,1,1,1,2,19,2,2,0.0,0.0,0.0,0.0,0.0,2.0,17,3,12
124883,17,11,5,15,8,3,5,5,1,1,2,23,2,2,0.0,0.0,0.0,0.0,0.0,3.0,16,1,9
79468,16,7,3,10,8,3,6,1,0,1,2,36,2,3,1.0,0.0,0.0,1.0,0.0,1.0,15,7,6
143857,16,2,3,17,2,3,0,5,0,1,2,6,2,4,1.0,0.0,0.0,0.0,1.0,3.0,15,4,10
43842,16,2,1,15,2,3,0,1,1,1,0,17,2,2,0.0,0.0,0.0,0.0,0.0,2.0,22,7,4
55386,16,2,3,10,15,3,0,1,1,1,2,19,2,2,0.0,0.0,0.0,0.0,0.0,3.0,14,7,4
109352,16,2,3,10,2,3,0,1,0,1,0,19,2,3,1.0,0.0,0.0,1.0,0.0,1.0,9,7,8
107093,16,7,3,10,1,3,6,5,0,1,2,19,3,4,1.0,0.0,0.0,0.0,1.0,2.0,7,1,8
13619,16,2,1,10,8,3,0,1,1,1,2,19,2,2,0.0,0.0,0.0,0.0,0.0,2.0,20,6,1
160466,16,2,3,17,6,3,0,1,1,1,2,36,2,2,0.0,0.0,0.0,0.0,0.0,3.0,8,7,11
76843,16,2,3,10,8,3,0,1,1,1,2,17,2,2,0.0,0.0,0.0,0.0,0.0,2.0,17,5,6
3092,16,2,2,0,6,3,0,1,0,1,2,6,2,3,1.0,0.0,0.0,1.0,0.0,4.0,6,3,1
52337,15,2,1,0,8,3,0,1,0,1,2,18,2,4,2.0,0.0,0.0,0.0,2.0,2.0,1,7,4
102550,16,2,3,0,6,3,0,1,0,1,2,8,2,2,0.0,0.0,0.0,0.0,0.0,3.0,18,4,7
143187,15,2,3,10,8,3,0,1,1,1,1,19,2,2,0.0,0.0,0.0,0.0,0.0,2.0,11,2,10
163524,15,2,1,0,6,3,0,1,1,1,2,36,2,2,0.0,0.0,0.0,0.0,0.0,2.0,18,5,11
123417,16,7,3,17,11,3,6,1,0,1,2,18,2,2,0.0,0.0,0.0,0.0,0.0,2.0,11,5,9
23088,16,2,0,10,8,3,1,1,1,1,2,17,2,2,0.0,0.0,0.0,0.0,0.0,2.0,5,1,2
138920,17,11,5,17,1,3,5,5,1,1,2,36,2,2,0.0,0.0,0.0,0.0,0.0,2.0,12,4,10
175610,16,2,3,2,10,3,0,1,0,1,2,16,1,3,2.0,0.0,0.0,2.0,0.0,1.0,12,6,12
94352,15,2,2,17,15,3,0,1,1,1,1,26,2,2,0.0,0.0,0.0,0.0,0.0,2.0,18,4,7
63283,16,2,3,7,0,3,0,1,1,0,1,23,2,2,0.0,0.0,0.0,0.0,0.0,2.0,13,6,5
79767,16,11,5,10,6,3,5,5,1,1,2,19,2,2,0.0,0.0,0.0,0.0,0.0,2.0,6,5,6
20049,16,2,3,17,6,3,0,1,0,1,2,6,2,2,0.0,0.0,0.0,0.0,0.0,4.0,12,7,2
41130,16,7,1,17,8,3,6,1,0,1,1,36,2,4,1.0,0.0,0.0,0.0,1.0,1.0,23,6,3
25748,15,2,1,0,10,3,0,1,0,1,2,18,2,4,1.0,0.0,0.0,0.0,1.0,1.0,20,6,2
177545,16,2,3,0,6,3,0,1,0,1,2,18,2,2,0.0,0.0,0.0,0.0,0.0,2.0,10,7,12
1090,15,2,3,10,2,3,5,5,1,1,1,36,2,2,0.0,0.0,0.0,0.0,0.0,2.0,14,5,1
129794,4,2,3,17,2,3,0,1,1,1,1,23,2,2,0.0,0.0,0.0,0.0,0.0,2.0,16,6,9
78900,16,2,3,17,8,3,0,1,0,1,2,33,2,2,0.0,0.0,0.0,0.0,0.0,1.0,18,6,6
42970,16,2,1,0,8,3,0,1,0,1,2,6,2,3,1.0,0.0,0.0,1.0,0.0,4.0,3,7,4
69713,16,2,3,15,11,3,0,1,1,1,0,36,2,2,0.0,0.0,0.0,0.0,0.0,3.0,16,2,5
184091,4,2,1,10,8,3,0,5,0,0,2,17,4,2,0.0,0.0,0.0,0.0,0.0,4.0,16,7,12
27660,15,3,3,17,8,3,6,1,1,1,2,24,2,2,0.0,0.0,0.0,0.0,0.0,2.0,6,3,2
69806,16,7,1,9,6,3,6,1,0,1,2,26,5,3,1.0,0.0,0.0,1.0,0.0,1.0,21,3,5
96038,16,2,3,10,8,3,0,1,0,1,2,19,3,4,1.0,0.0,0.0,0.0,1.0,2.0,10,1,7
158123,15,2,3,17,8,3,0,1,1,1,2,18,2,2,0.0,0.0,0.0,0.0,0.0,4.0,15,2,11
169598,16,3,3,17,6,3,0,1,1,1,1,19,2,2,0.0,0.0,0.0,0.0,0.0,2.0,10,2,11
176011,16,2,1,17,8,3,0,1,1,1,1,36,2,2,0.0,0.0,0.0,0.0,0.0,2.0,16,6,12
5132,16,7,1,17,2,3,6,1,0,1,2,18,2,2,0.0,0.0,0.0,0.0,0.0,2.0,0,7,1
55588,16,2,3,15,8,3,0,5,1,1,0,19,2,2,0.0,0.0,0.0,0.0,0.0,2.0,17,2,4
163400,4,2,3,15,8,3,0,1,1,1,2,23,2,2,0.0,0.0,0.0,0.0,0.0,2.0,8,2,11
98138,4,2,1,9,6,3,0,1,0,1,2,36,2,3,1.0,0.0,0.0,1.0,0.0,1.0,22,7,7
78434,16,2,3,17,15,3,0,1,0,1,2,3,2,3,2.0,0.0,0.0,2.0,0.0,3.0,10,7,6
125540,15,2,3,0,10,3,0,1,0,1,2,11,2,2,0.0,0.0,0.0,0.0,0.0,4.0,15,2,9
133922,16,7,1,17,6,3,6,1,0,1,2,18,2,2,0.0,0.0,0.0,0.0,0.0,2.0,23,6,9
172718,16,2,1,10,8,3,0,1,0,1,2,17,3,4,2.0,0.0,0.0,0.0,2.0,3.0,0,1,12
57756,15,2,3,0,10,3,0,1,1,1,2,18,2,2,0.0,0.0,0.0,0.0,0.0,2.0,18,4,5
151457,16,2,3,17,8,3,0,1,1,1,0,36,2,2,0.0,0.0,0.0,0.0,0.0,2.0,15,5,10
124062,15,2,4,0,8,3,0,1,0,1,1,18,2,3,1.0,0.0,0.0,1.0,0.0,2.0,19,2,9
95581,16,2,3,0,2,3,0,1,1,1,0,6,2,2,0.0,0.0,0.0,0.0,0.0,2.0,16,2,7
83753,15,2,3,10,10,3,0,1,1,1,2,36,2,2,0.0,0.0,0.0,0.0,0.0,2.0,8,7,6
95798,4,2,3,3,8,3,0,1,1,1,2,36,2,2,0.0,0.0,0.0,0.0,0.0,2.0,18,6,7
63161,16,2,3,15,10,3,0,1,1,1,1,23,2,2,0.0,0.0,0.0,0.0,0.0,2.0,15,3,5
145319,15,7,1,0,8,3,6,1,1,1,2,5,2,2,0.0,0.0,0.0,0.0,0.0,2.0,21,1,10
17972,4,7,3,0,10,3,6,1,0,1,2,18,2,3,1.0,0.0,0.0,1.0,0.0,2.0,12,5,2
151759,16,2,3,8,6,3,0,1,1,1,0,36,2,2,0.0,0.0,0.0,0.0,0.0,2.0,11,6,10
137157,16,2,1,10,2,3,0,5,1,1,2,19,3,2,0.0,0.0,0.0,0.0,0.0,4.0,19,1,9
94508,16,2,3,17,15,3,0,1,1,1,2,36,2,2,0.0,0.0,0.0,0.0,0.0,2.0,11,7,7
73740,6,2,3,0,15,3,0,1,0,1,2,36,2,1,1.0,0.0,1.0,0.0,0.0,2.0,14,1,6
84676,16,2,3,17,6,3,0,1,0,1,2,18,2,3,1.0,0.0,0.0,1.0,0.0,2.0,12,2,6
127470,4,2,1,9,8,3,0,1,0,1,1,36,3,3,2.0,0.0,0.0,2.0,0.0,1.0,21,1,9
128067,15,2,3,0,8,3,0,1,1,1,2,18,2,2,0.0,0.0,0.0,0.0,0.0,4.0,7,3,9
53413,15,2,3,0,8,3,0,5,0,1,2,18,2,2,0.0,0.0,0.0,0.0,0.0,5.0,8,5,4
146831,16,2,3,9,8,3,0,1,0,1,2,17,2,4,1.0,0.0,0.0,0.0,1.0,1.0,17,4,10
101329,15,2,3,17,8,3,0,1,1,1,2,24,2,2,0.0,0.0,0.0,0.0,0.0,3.0,16,6,7
4671,4,2,1,2,8,3,1,1,0,1,2,39,1,3,1.0,0.0,0.0,1.0,0.0,2.0,1,2,1
103997,16,2,3,15,1,3,0,1,1,1,2,18,3,2,0.0,0.0,0.0,0.0,0.0,3.0,13,4,8
42957,15,2,3,0,8,3,0,1,0,1,2,17,2,4,2.0,0.0,0.0,0.0,2.0,1.0,12,6,4
141936,4,7,3,10,6,3,6,1,0,1,2,39,3,2,0.0,0.0,0.0,0.0,0.0,3.0,16,6,10
132683,16,2,3,10,2,3,0,1,1,1,1,19,2,2,0.0,0.0,0.0,0.0,0.0,4.0,14,3,9
44936,16,2,3,17,8,3,0,1,1,1,2,36,2,2,0.0,0.0,0.0,0.0,0.0,2.0,13,6,4
139705,16,2,3,10,8,3,0,1,1,1,2,26,2,2,0.0,0.0,0.0,0.0,0.0,2.0,12,3,10
116033,15,2,1,0,2,3,0,1,0,1,1,2,2,2,0.0,0.0,0.0,0.0,0.0,2.0,20,4,8
67055,16,2,3,10,2,3,0,1,0,1,0,36,2,4,1.0,0.0,0.0,0.0,1.0,1.0,16,2,5
26809,16,2,1,17,3,3,0,1,0,1,2,24,2,4,1.0,0.0,0.0,0.0,1.0,1.0,19,3,2
158944,15,2,1,9,15,3,0,1,0,1,0,36,2,4,1.0,0.0,0.0,0.0,1.0,2.0,18,7,11
30581,15,2,3,0,8,3,6,1,1,1,1,18,2,2,0.0,0.0,0.0,0.0,0.0,2.0,7,3,3
104775,4,2,0,17,8,3,6,5,0,1,2,18,2,3,2.0,0.0,0.0,1.0,1.0,1.0,20,1,8
15163,16,10,1,3,2,3,4,1,0,0,2,6,2,2,0.0,0.0,0.0,0.0,0.0,2.0,1,6,2
101014,16,2,3,17,8,3,0,5,1,1,2,26,2,2,0.0,0.0,0.0,0.0,0.0,2.0,16,2,7
22030,16,2,3,10,6,3,0,1,0,1,1,19,2,4,1.0,0.0,0.0,0.0,1.0,1.0,5,5,2
172079,16,2,3,9,2,3,0,5,0,1,2,36,2,3,1.0,0.0,0.0,1.0,0.0,1.0,11,5,11
31065,16,2,3,0,2,4,0,1,0,1,2,18,2,3,3.0,0.0,0.0,2.0,1.0,1.0,9,4,3
169035,16,2,1,10,2,3,0,5,0,1,2,26,2,4,1.0,0.0,0.0,0.0,1.0,3.0,18,6,11
168334,15,2,3,10,2,3,0,1,0,1,2,19,2,4,2.0,0.0,0.0,0.0,2.0,2.0,14,2,11
70514,15,2,3,0,2,3,0,1,0,1,2,18,2,2,0.0,0.0,0.0,0.0,0.0,2.0,14,2,5
133681,16,2,3,8,11,3,0,1,0,1,0,36,2,3,1.0,0.0,0.0,1.0,0.0,1.0,7,2,9
182099,16,2,3,0,8,3,0,1,0,1,2,6,2,3,1.0,0.0,0.0,1.0,0.0,2.0,9,4,12
70875,15,2,3,0,8,3,0,1,0,1,2,18,3,2,0.0,0.0,0.0,0.0,0.0,3.0,19,7,5
56163,15,7,3,9,6,3,6,1,0,1,0,20,2,3,1.0,0.0,0.0,1.0,0.0,1.0,9,4,5
184990,16,2,3,15,8,3,0,1,1,1,2,36,2,2,0.0,0.0,0.0,0.0,0.0,3.0,15,5,12
90299,16,2,1,0,6,3,0,1,0,1,2,6,2,1,2.0,0.0,1.0,1.0,0.0,6.0,0,4,7
45165,15,2,3,17,8,4,0,1,0,1,2,23,2,3,2.0,0.0,0.0,2.0,0.0,0.0,11,4,4
61169,4,7,3,17,8,3,6,1,1,1,2,18,2,2,0.0,0.0,0.0,0.0,0.0,2.0,14,7,5
162411,16,2,3,0,6,3,0,1,0,1,2,8,2,2,0.0,0.0,0.0,0.0,0.0,2.0,11,3,11
149616,16,7,1,17,6,3,6,1,0,1,2,18,2,3,3.0,0.0,0.0,3.0,0.0,1.0,20,7,10
65251,16,3,3,17,2,3,0,5,1,1,2,36,2,2,0.0,0.0,0.0,0.0,0.0,2.0,12,1,5
40264,4,2,3,17,4,3,0,1,1,1,1,36,2,2,0.0,0.0,0.0,0.0,0.0,3.0,8,4,3
89939,4,2,3,10,8,3,0,1,1,1,2,36,2,2,0.0,0.0,0.0,0.0,0.0,2.0,11,5,7
92600,4,2,3,8,8,3,0,1,1,1,1,23,2,2,0.0,0.0,0.0,0.0,0.0,2.0,14,6,7