crash_date,               traffic_control_device,weather_condition,lighting_condition,first_crash_type,trafficway_type,alignment,roadway_surface_cond,road_defect,crash_type,intersection_related_i,damage,prim_contributory_cause,num_units,most_severe_injury,injuries_total,injuries_fatal,injuries_incapacitating,injuries_non_incapacitating,injuries_reported_not_evident,injuries_no_indication,crash_hour,crash_day_of_week,crash_month
150442,15,2,3,0,8,3,0,1,1,1,2,5,2,2,0.0,0.0,0.0,0.0,0.0,2.0,13,3,10
174589,16,7,3,0,8,3,6,1,1,1,1,23,2,2,0.0,0.0,0.0,0.0,0.0,2.0,13,1,12
52275,4,2,3,8,19,3,0,1,1,1,0,18,2,2,0.0,0.0,0.0,0.0,0.0,2.0,13,6,4
11649,15,7,3,17,8,3,6,1,1,1,2,36,2,2,0.0,0.0,0.0,0.0,0.0,2.0,8,6,1
73840,15,2,3,0,8,3,6,1,0,1,2,5,2,2,0.0,0.0,0.0,0.0,0.0,2.0,9,3,6
73068,15,2,3,17,15,3,0,5,1,1,2,36,3,2,0.0,0.0,0.0,0.0,0.0,5.0,15,5,6
171129,15,2,1,7,8,3,0,1,1,1,2,9,2,2,0.0,0.0,0.0,0.0,0.0,2.0,18,3,11
115681,15,2,3,0,8,3,0,1,1,1,2,18,3,2,0.0,0.0,0.0,0.0,0.0,4.0,17,5,8
130966,15,2,3,7,10,3,0,1,0,1,2,36,4,2,0.0,0.0,0.0,0.0,0.0,1.0,5,1,9
151314,16,11,5,15,8,3,5,1,1,1,0,23,2,2,0.0,0.0,0.0,0.0,0.0,2.0,13,2,10
14147,16,2,3,0,2,3,0,1,0,1,2,36,2,2,0.0,0.0,0.0,0.0,0.0,6.0,18,2,1
70026,16,2,3,10,8,3,0,6,1,1,2,17,2,2,0.0,0.0,0.0,0.0,0.0,6.0,13,1,5
100264,16,2,3,17,8,3,0,1,0,1,2,18,2,3,2.0,0.0,0.0,1.0,1.0,0.0,11,3,7
55885,15,7,3,0,2,3,6,1,0,1,2,5,2,2,0.0,0.0,0.0,0.0,0.0,2.0,13,1,4
175503,16,2,3,10,8,3,0,1,1,1,1,19,2,2,0.0,0.0,0.0,0.0,0.0,3.0,9,5,12
29461,16,2,0,17,8,3,0,1,1,1,2,24,2,2,0.0,0.0,0.0,0.0,0.0,2.0,11,5,3
123566,16,11,5,10,2,3,5,5,1,1,2,36,2,2,0.0,0.0,0.0,0.0,0.0,2.0,13,2,9
150456,16,2,3,10,2,3,0,1,1,1,2,36,2,2,0.0,0.0,0.0,0.0,0.0,2.0,16,3,10
43590,17,5,5,0,8,3,5,5,0,1,1,36,2,2,0.0,0.0,0.0,0.0,0.0,2.0,9,4,4
77184,15,7,3,0,8,3,6,1,1,1,2,18,2,2,0.0,0.0,0.0,0.0,0.0,2.0,8,2,6
71852,17,2,3,17,8,3,0,1,1,1,1,36,2,2,0.0,0.0,0.0,0.0,0.0,2.0,18,6,6
95429,16,2,1,2,6,3,0,1,0,1,2,13,1,2,0.0,0.0,0.0,0.0,0.0,1.0,22,7,7
2543,16,2,3,15,8,3,0,1,1,1,2,22,2,2,0.0,0.0,0.0,0.0,0.0,6.0,11,1,1
137663,4,2,3,0,8,3,0,1,0,1,2,18,2,2,0.0,0.0,0.0,0.0,0.0,3.0,11,1,10
49147,16,2,3,0,6,3,0,1,0,1,2,6,2,3,2.0,0.0,0.0,2.0,0.0,0.0,16,5,4
101325,16,2,1,0,8,3,0,1,1,1,2,6,2,2,0.0,0.0,0.0,0.0,0.0,2.0,3,6,7
29808,16,2,3,17,6,3,0,1,1,1,2,36,2,2,0.0,0.0,0.0,0.0,0.0,3.0,13,5,3
33225,4,10,1,3,8,3,4,1,1,0,2,22,2,2,0.0,0.0,0.0,0.0,0.0,3.0,0,6,3
91035,16,2,3,17,8,3,0,1,1,1,1,19,2,2,0.0,0.0,0.0,0.0,0.0,3.0,15,1,7
139223,16,2,3,0,6,3,0,1,0,1,2,17,2,2,0.0,0.0,0.0,0.0,0.0,4.0,16,3,10
2576,4,2,3,17,2,3,0,1,0,1,2,4,2,2,0.0,0.0,0.0,0.0,0.0,2.0,6,2,1
60042,16,2,1,17,3,3,0,1,0,1,2,18,3,2,0.0,0.0,0.0,0.0,0.0,3.0,20,3,5
12389,15,2,1,0,8,3,0,6,0,0,2,30,2,2,0.0,0.0,0.0,0.0,0.0,3.0,1,6,1
35265,16,2,3,17,2,3,0,1,0,1,2,12,2,2,0.0,0.0,0.0,0.0,0.0,2.0,17,6,3
143661,4,2,0,15,2,3,0,5,1,1,2,23,2,2,0.0,0.0,0.0,0.0,0.0,2.0,19,1,10
70517,16,2,3,10,6,3,0,1,1,1,2,19,2,2,0.0,0.0,0.0,0.0,0.0,2.0,15,2,5
67757,16,7,3,10,10,3,6,3,1,1,2,19,2,2,0.0,0.0,0.0,0.0,0.0,3.0,7,6,5
121700,15,7,3,10,2,3,6,1,0,1,2,39,2,2,0.0,0.0,0.0,0.0,0.0,6.0,14,2,9
165603,4,2,3,7,8,3,0,1,1,1,1,36,2,2,0.0,0.0,0.0,0.0,0.0,1.0,11,4,11
159015,15,2,3,0,8,3,0,2,0,1,2,18,2,3,2.0,0.0,0.0,2.0,0.0,0.0,9,1,11
17655,16,2,1,17,15,3,6,1,1,1,2,18,2,2,0.0,0.0,0.0,0.0,0.0,3.0,20,1,2
21622,16,2,3,10,2,3,4,1,1,1,2,19,2,2,0.0,0.0,0.0,0.0,0.0,2.0,10,2,2
153037,16,7,3,17,6,3,6,1,0,1,2,36,2,2,0.0,0.0,0.0,0.0,0.0,2.0,8,3,10
141010,16,2,1,0,6,3,0,5,1,1,2,6,2,2,0.0,0.0,0.0,0.0,0.0,2.0,0,1,10
70737,4,2,3,15,3,3,0,1,1,1,1,19,2,2,0.0,0.0,0.0,0.0,0.0,3.0,7,4,5
158001,15,7,0,10,8,3,6,1,1,1,2,36,2,2,0.0,0.0,0.0,0.0,0.0,2.0,23,2,11
180948,16,2,0,17,16,3,0,1,0,1,2,24,2,2,0.0,0.0,0.0,0.0,0.0,2.0,22,2,12
23729,16,2,3,15,8,3,0,1,1,0,1,23,2,2,0.0,0.0,0.0,0.0,0.0,2.0,12,4,2
146665,16,2,1,17,2,3,0,1,0,1,2,11,2,2,0.0,0.0,0.0,0.0,0.0,2.0,20,7,10
94049,16,2,3,10,2,3,0,5,0,1,2,13,2,4,1.0,0.0,0.0,0.0,1.0,1.0,17,6,7
28387,16,2,1,10,2,3,0,1,1,1,2,17,2,2,0.0,0.0,0.0,0.0,0.0,2.0,19,6,3
151148,16,2,3,11,8,3,6,1,1,1,0,36,2,2,0.0,0.0,0.0,0.0,0.0,2.0,8,5,10
181500,4,2,3,9,2,3,0,5,0,1,0,18,2,3,1.0,0.0,0.0,1.0,0.0,1.0,10,3,12
18946,4,2,1,0,0,3,1,1,1,1,1,17,2,2,0.0,0.0,0.0,0.0,0.0,2.0,0,1,2
49809,16,3,3,0,6,3,6,5,0,1,2,36,4,3,1.0,0.0,0.0,1.0,0.0,3.0,8,4,4
7055,4,2,0,10,3,3,0,1,1,0,2,19,2,2,0.0,0.0,0.0,0.0,0.0,2.0,2,1,1
174841,16,2,1,9,2,3,0,1,0,1,0,24,2,1,2.0,0.0,2.0,0.0,0.0,0.0,17,5,12
123492,16,2,1,0,18,3,0,1,1,1,2,37,2,2,0.0,0.0,0.0,0.0,0.0,2.0,23,6,9
76239,15,7,1,0,15,3,6,1,0,1,2,5,2,2,0.0,0.0,0.0,0.0,0.0,2.0,20,3,6
86035,16,2,3,15,2,3,0,1,1,1,1,23,2,2,0.0,0.0,0.0,0.0,0.0,2.0,13,2,6
161600,16,2,1,17,8,3,0,5,0,1,2,18,2,2,0.0,0.0,0.0,0.0,0.0,2.0,21,4,11
4444,4,2,3,17,10,3,0,1,1,1,0,18,2,2,0.0,0.0,0.0,0.0,0.0,2.0,5,4,1
166514,16,2,1,0,2,3,0,1,1,1,2,18,2,2,0.0,0.0,0.0,0.0,0.0,2.0,17,2,11
166818,15,2,4,9,10,3,0,1,0,1,1,18,2,3,1.0,0.0,0.0,1.0,0.0,1.0,16,1,11
140795,16,2,3,17,2,3,6,1,1,1,2,22,2,2,0.0,0.0,0.0,0.0,0.0,2.0,16,5,10
68461,16,2,1,17,8,3,0,1,0,1,2,18,2,2,0.0,0.0,0.0,0.0,0.0,2.0,22,4,5
35605,16,2,3,17,6,3,0,1,1,1,2,18,2,2,0.0,0.0,0.0,0.0,0.0,4.0,14,4,3
103582,15,2,1,17,2,3,0,1,1,1,1,18,2,2,0.0,0.0,0.0,0.0,0.0,3.0,22,4,7
134693,16,2,3,8,8,3,0,1,0,1,2,26,2,4,1.0,0.0,0.0,0.0,1.0,1.0,13,4,9
20891,16,10,3,10,3,4,6,5,0,1,2,30,2,3,2.0,0.0,0.0,2.0,0.0,0.0,10,7,2
159318,16,5,1,2,8,3,6,1,0,1,2,28,1,3,1.0,0.0,0.0,1.0,0.0,0.0,1,5,11
121575,16,2,3,15,6,3,0,1,1,1,1,14,2,2,0.0,0.0,0.0,0.0,0.0,2.0,14,2,9
121160,16,2,3,17,3,3,0,1,1,1,2,23,2,2,0.0,0.0,0.0,0.0,0.0,2.0,19,7,9
25020,16,2,1,17,6,3,6,1,1,1,2,36,2,2,0.0,0.0,0.0,0.0,0.0,2.0,3,2,2
132464,4,2,3,10,8,3,0,1,1,1,1,17,3,2,0.0,0.0,0.0,0.0,0.0,2.0,13,6,9
45563,16,3,3,9,6,3,6,1,0,1,0,6,2,3,1.0,0.0,0.0,1.0,0.0,1.0,17,5,4
116926,17,2,3,15,8,3,0,1,1,1,1,36,2,2,0.0,0.0,0.0,0.0,0.0,2.0,14,4,8
88389,15,2,3,0,8,3,0,1,1,1,2,18,2,2,0.0,0.0,0.0,0.0,0.0,2.0,15,3,7
59269,16,2,3,17,6,3,0,1,1,1,1,24,2,2,0.0,0.0,0.0,0.0,0.0,2.0,12,6,5
98971,4,2,3,17,8,3,0,1,1,1,0,18,2,2,0.0,0.0,0.0,0.0,0.0,2.0,17,5,7
140090,15,3,1,0,8,3,6,1,0,1,2,5,2,2,0.0,0.0,0.0,0.0,0.0,3.0,21,7,10
174607,4,7,3,17,8,3,6,1,1,1,2,18,2,2,0.0,0.0,0.0,0.0,0.0,6.0,15,1,12
147552,15,2,3,0,2,3,0,6,0,1,2,26,2,2,0.0,0.0,0.0,0.0,0.0,2.0,17,5,10
50914,16,2,3,17,13,3,0,6,1,1,2,33,2,2,0.0,0.0,0.0,0.0,0.0,2.0,12,7,4
20966,4,2,1,17,8,3,0,1,0,0,2,18,2,3,1.0,0.0,0.0,1.0,0.0,1.0,18,2,2
48063,15,2,1,10,8,3,0,1,0,0,2,36,4,2,0.0,0.0,0.0,0.0,0.0,6.0,3,6,4
81271,4,2,3,0,10,3,0,1,1,1,2,36,2,2,0.0,0.0,0.0,0.0,0.0,5.0,15,7,6
174626,16,7,1,9,6,3,6,5,1,1,0,12,2,2,0.0,0.0,0.0,0.0,0.0,2.0,16,1,12
105191,16,2,1,10,3,3,0,1,0,1,2,36,2,4,3.0,0.0,0.0,0.0,3.0,3.0,11,6,8
59701,16,2,3,10,6,3,0,1,1,1,1,17,2,2,0.0,0.0,0.0,0.0,0.0,2.0,17,6,5
76296,16,2,3,15,2,3,0,1,1,1,1,36,2,2,0.0,0.0,0.0,0.0,0.0,2.0,7,4,6
140437,4,7,3,17,8,3,6,1,0,1,2,19,2,2,0.0,0.0,0.0,0.0,0.0,2.0,13,5,10
53808,16,2,1,17,8,3,0,1,1,1,2,18,2,2,0.0,0.0,0.0,0.0,0.0,3.0,20,3,4
86928,16,7,3,15,3,3,6,5,1,1,2,17,3,2,0.0,0.0,0.0,0.0,0.0,3.0,16,2,6
35777,15,2,1,17,18,3,0,5,1,1,2,24,2,2,0.0,0.0,0.0,0.0,0.0,3.0,20,7,3
89160,16,2,1,10,6,3,0,5,1,1,1,17,2,2,0.0,0.0,0.0,0.0,0.0,4.0,3,1,7
43995,16,2,2,9,6,3,0,1,0,1,0,36,2,1,1.0,0.0,1.0,0.0,0.0,1.0,6,3,4
157482,16,7,3,10,2,3,6,1,0,1,2,23,3,3,1.0,0.0,0.0,1.0,0.0,5.0,10,7,11
99272,16,2,3,17,8,3,0,1,1,1,2,23,2,2,0.0,0.0,0.0,0.0,0.0,4.0,14,2,7
127759,16,2,1,10,2,3,5,5,1,1,1,17,2,2,0.0,0.0,0.0,0.0,0.0,3.0,22,4,9
139811,16,2,4,7,6,3,0,1,0,1,2,17,2,4,1.0,0.0,0.0,0.0,1.0,4.0,18,6,10
108073,16,2,3,10,6,3,0,1,1,1,0,17,2,2,0.0,0.0,0.0,0.0,0.0,2.0,9,2,8
112594,4,3,3,7,8,3,2,2,1,1,2,32,2,2,0.0,0.0,0.0,0.0,0.0,1.0,10,6,8
137067,16,2,3,10,8,3,0,1,0,1,1,19,2,4,2.0,0.0,0.0,0.0,2.0,1.0,13,7,9
6225,16,2,3,2,8,3,0,1,0,1,2,13,2,3,1.0,0.0,0.0,1.0,0.0,1.0,11,4,1
20758,15,2,3,0,8,3,4,1,0,1,2,17,2,2,0.0,0.0,0.0,0.0,0.0,3.0,16,5,2
78247,15,2,3,0,8,3,0,1,1,1,2,18,2,2,0.0,0.0,0.0,0.0,0.0,3.0,17,4,6
3273,15,2,3,17,15,3,0,1,0,1,2,24,2,2,0.0,0.0,0.0,0.0,0.0,3.0,8,7,1
173418,16,2,1,0,8,3,0,1,0,1,2,18,2,2,0.0,0.0,0.0,0.0,0.0,2.0,21,3,12
2487,16,2,1,10,2,3,0,1,1,1,0,36,3,2,0.0,0.0,0.0,0.0,0.0,3.0,22,7,1
101911,16,2,3,0,8,3,0,1,0,1,2,15,2,1,2.0,0.0,1.0,1.0,0.0,0.0,8,7,7
101762,4,2,3,0,2,3,0,1,0,1,0,18,2,2,0.0,0.0,0.0,0.0,0.0,2.0,15,7,7
44835,4,2,3,0,8,3,5,5,1,1,2,36,2,2,0.0,0.0,0.0,0.0,0.0,2.0,17,5,4
178750,4,2,1,17,15,3,0,1,0,1,0,36,2,3,1.0,0.0,0.0,1.0,0.0,2.0,18,3,12
42745,16,2,3,10,8,3,0,1,0,1,1,36,2,4,1.0,0.0,0.0,0.0,1.0,4.0,18,1,4
118816,16,7,3,10,8,3,6,1,1,0,2,19,2,2,0.0,0.0,0.0,0.0,0.0,4.0,10,7,8
38418,4,2,3,15,2,3,6,1,0,1,2,36,2,2,0.0,0.0,0.0,0.0,0.0,2.0,9,6,3
119257,4,2,3,15,6,3,0,1,1,1,2,36,2,2,0.0,0.0,0.0,0.0,0.0,2.0,14,3,8
108346,16,2,3,17,8,3,0,1,1,1,0,24,2,2,0.0,0.0,0.0,0.0,0.0,2.0,13,6,8
118035,15,2,3,10,8,3,0,5,1,1,0,36,2,2,0.0,0.0,0.0,0.0,0.0,2.0,12,6,8
106444,15,2,0,7,10,3,0,1,0,1,2,36,4,2,0.0,0.0,0.0,0.0,0.0,1.0,21,5,8
153235,16,7,1,2,3,3,6,1,0,1,2,24,1,2,0.0,0.0,0.0,0.0,0.0,1.0,18,6,10
143166,4,2,1,17,2,3,0,1,1,1,2,23,2,2,0.0,0.0,0.0,0.0,0.0,3.0,19,2,10
146850,16,2,3,10,5,3,0,1,1,1,0,19,2,2,0.0,0.0,0.0,0.0,0.0,2.0,7,4,10
83066,4,2,3,17,2,3,0,1,1,0,2,22,2,2,0.0,0.0,0.0,0.0,0.0,2.0,16,6,6
33940,16,3,3,10,8,3,6,5,1,1,0,36,2,2,0.0,0.0,0.0,0.0,0.0,4.0,15,4,3
51068,16,7,3,9,6,3,6,1,0,1,0,18,2,3,1.0,0.0,0.0,1.0,0.0,1.0,12,4,4
68895,16,2,3,10,6,3,0,1,1,1,1,17,2,2,0.0,0.0,0.0,0.0,0.0,3.0,18,4,5
121009,16,2,3,9,2,3,0,1,1,1,0,30,2,2,0.0,0.0,0.0,0.0,0.0,2.0,12,6,9
157177,15,2,3,0,6,3,0,1,1,1,1,5,2,2,0.0,0.0,0.0,0.0,0.0,2.0,8,4,11
108743,16,2,3,17,8,3,0,1,1,1,1,24,2,2,0.0,0.0,0.0,0.0,0.0,2.0,14,5,8
182746,16,2,1,17,13,3,0,1,0,1,2,13,2,3,2.0,0.0,0.0,2.0,0.0,0.0,5,7,12
184469,16,2,1,17,8,3,0,1,1,0,2,36,2,2,0.0,0.0,0.0,0.0,0.0,2.0,19,4,12
10450,16,2,1,0,6,3,0,1,0,1,2,17,2,2,0.0,0.0,0.0,0.0,0.0,3.0,1,1,1
108687,16,2,1,8,11,3,0,6,0,1,2,36,2,3,1.0,0.0,0.0,1.0,0.0,1.0,20,6,8
145403,16,2,1,2,8,3,0,1,0,1,2,36,1,1,1.0,0.0,1.0,0.0,0.0,0.0,0,2,10
121201,16,2,3,17,8,3,0,1,1,1,2,18,3,2,0.0,0.0,0.0,0.0,0.0,5.0,16,1,9
9020,16,7,1,17,6,3,6,1,0,1,2,18,3,2,0.0,0.0,0.0,0.0,0.0,4.0,21,4,1
50975,16,2,3,0,2,3,0,5,0,1,2,6,2,3,2.0,0.0,0.0,2.0,0.0,1.0,16,3,4
4152,16,2,1,17,3,3,0,5,1,1,0,36,2,2,0.0,0.0,0.0,0.0,0.0,2.0,23,7,1
86642,16,2,3,15,6,3,0,1,1,1,2,23,2,2,0.0,0.0,0.0,0.0,0.0,4.0,13,6,6
4314,15,11,4,0,2,3,5,5,1,1,2,36,2,2,0.0,0.0,0.0,0.0,0.0,2.0,15,5,1
141331,16,2,1,14,2,3,6,1,1,1,1,24,2,2,0.0,0.0,0.0,0.0,0.0,2.0,1,5,10
176238,15,2,1,0,6,3,0,1,0,1,2,5,2,2,0.0,0.0,0.0,0.0,0.0,2.0,16,4,12
51670,16,2,1,10,8,3,0,1,1,1,2,21,2,2,0.0,0.0,0.0,0.0,0.0,2.0,20,7,4
91556,15,2,3,0,4,3,0,1,0,1,2,12,2,3,1.0,0.0,0.0,1.0,0.0,6.0,18,2,7
157467,4,7,2,10,8,3,6,1,0,1,2,36,3,2,0.0,0.0,0.0,0.0,0.0,3.0,8,7,11
44457,16,2,3,17,6,3,0,5,1,1,2,24,2,2,0.0,0.0,0.0,0.0,0.0,2.0,7,6,4
93030,15,2,3,3,8,3,0,1,1,1,2,11,2,2,0.0,0.0,0.0,0.0,0.0,2.0,17,4,7
56991,4,2,3,15,8,3,0,1,1,1,2,28,2,2,0.0,0.0,0.0,0.0,0.0,4.0,7,4,5
115344,16,2,1,17,6,3,0,1,1,1,1,24,2,2,0.0,0.0,0.0,0.0,0.0,2.0,1,1,8
168053,16,2,3,17,5,3,0,1,1,1,2,36,2,2,0.0,0.0,0.0,0.0,0.0,2.0,14,6,11
82516,16,2,3,10,6,3,0,1,0,1,2,36,3,2,0.0,0.0,0.0,0.0,0.0,4.0,18,3,6
50442,16,2,3,15,8,3,0,1,1,1,1,36,2,2,0.0,0.0,0.0,0.0,0.0,5.0,12,6,4
165423,16,7,3,17,11,3,6,1,0,1,1,18,2,2,0.0,0.0,0.0,0.0,0.0,2.0,11,7,11
182404,4,2,1,8,0,3,0,5,0,1,1,18,2,3,1.0,0.0,0.0,1.0,0.0,1.0,19,4,12
134218,16,2,3,15,8,3,0,5,1,1,2,18,2,2,0.0,0.0,0.0,0.0,0.0,2.0,10,2,9
46540,16,2,3,0,2,3,0,1,1,1,1,36,2,2,0.0,0.0,0.0,0.0,0.0,2.0,15,1,4
32268,16,2,1,17,2,3,0,1,0,1,2,18,2,4,1.0,0.0,0.0,0.0,1.0,2.0,22,4,3
140527,16,2,1,15,8,3,0,1,0,1,2,19,2,2,0.0,0.0,0.0,0.0,0.0,2.0,21,6,10
127542,6,2,3,7,8,3,0,1,1,0,1,36,2,2,0.0,0.0,0.0,0.0,0.0,1.0,12,2,9
11979,16,2,3,9,8,3,0,1,0,1,0,36,2,1,1.0,0.0,1.0,0.0,0.0,1.0,8,5,1
31560,17,11,3,0,11,3,5,5,1,1,2,18,2,2,0.0,0.0,0.0,0.0,0.0,2.0,8,6,3
66302,16,2,3,17,6,3,0,5,1,1,2,18,2,2,0.0,0.0,0.0,0.0,0.0,3.0,15,6,5
16883,16,10,0,17,8,3,4,1,1,1,1,36,2,2,0.0,0.0,0.0,0.0,0.0,2.0,15,2,2
164970,16,7,1,10,6,3,6,5,1,1,2,21,2,2,0.0,0.0,0.0,0.0,0.0,3.0,23,1,11
3630,15,2,1,0,6,3,0,1,0,1,2,5,2,2,0.0,0.0,0.0,0.0,0.0,4.0,19,6,1
8731,16,2,3,10,8,3,0,1,1,1,1,19,2,2,0.0,0.0,0.0,0.0,0.0,2.0,12,5,1
6146,15,2,1,17,4,3,0,1,1,1,1,24,2,2,0.0,0.0,0.0,0.0,0.0,2.0,17,2,1
50743,16,2,3,10,11,3,0,1,0,1,2,19,2,4,1.0,0.0,0.0,0.0,1.0,2.0,12,4,4
160576,16,3,3,17,8,3,0,1,0,1,2,6,2,2,0.0,0.0,0.0,0.0,0.0,2.0,8,3,11
71630,16,2,3,15,2,3,0,1,1,1,2,23,3,2,0.0,0.0,0.0,0.0,0.0,3.0,17,4,5
139446,16,2,1,15,2,3,0,1,1,1,1,18,2,2,0.0,0.0,0.0,0.0,0.0,2.0,20,5,10
14142,15,2,1,9,8,3,0,1,0,1,0,38,2,1,1.0,0.0,1.0,0.0,0.0,1.0,17,2,1
17973,15,7,3,8,8,3,6,1,0,1,0,36,2,3,1.0,0.0,0.0,1.0,0.0,1.0,12,5,2
132279,4,7,3,10,3,3,6,1,1,1,2,36,2,2,0.0,0.0,0.0,0.0,0.0,2.0,13,5,9
13086,4,2,3,11,2,3,0,1,1,0,1,21,2,2,0.0,0.0,0.0,0.0,0.0,2.0,12,2,1
176130,4,2,3,17,2,3,0,1,1,0,2,23,2,2,0.0,0.0,0.0,0.0,0.0,4.0,12,7,12
122236,16,2,1,17,8,3,0,1,1,1,2,36,2,2,0.0,0.0,0.0,0.0,0.0,4.0,3,2,9
73821,15,2,2,0,10,3,0,1,1,1,0,21,2,2,0.0,0.0,0.0,0.0,0.0,3.0,6,3,6
18264,16,2,1,17,8,3,0,5,1,1,2,35,2,2,0.0,0.0,0.0,0.0,0.0,2.0,20,4,2
163623,16,2,1,10,8,3,0,1,1,1,1,19,2,2,0.0,0.0,0.0,0.0,0.0,2.0,17,4,11
159317,16,2,3,14,6,3,0,1,1,1,1,17,2,2,0.0,0.0,0.0,0.0,0.0,2.0,13,5,11
80457,16,2,1,14,3,3,0,1,0,1,0,3,3,3,1.0,0.0,0.0,1.0,0.0,5.0,1,1,6
8152,15,2,1,17,8,3,0,5,1,1,2,36,2,2,0.0,0.0,0.0,0.0,0.0,3.0,20,4,1
62839,16,2,3,17,2,3,0,1,0,1,2,30,2,2,0.0,0.0,0.0,0.0,0.0,2.0,15,6,5
134297,16,2,3,17,8,3,0,1,1,1,1,36,2,2,0.0,0.0,0.0,0.0,0.0,2.0,12,3,9
76912,16,7,3,10,8,3,6,1,0,1,2,36,2,4,1.0,0.0,0.0,0.0,1.0,3.0,17,6,6
133805,15,2,3,0,8,3,0,1,0,1,2,18,2,2,0.0,0.0,0.0,0.0,0.0,2.0,17,5,9
182797,4,2,3,0,8,3,0,1,1,1,2,36,2,2,0.0,0.0,0.0,0.0,0.0,2.0,14,1,12
172842,16,2,1,10,2,3,0,1,0,1,2,36,2,3,1.0,0.0,0.0,1.0,0.0,2.0,4,1,12
88084,16,2,3,2,8,3,0,1,1,1,2,36,1,2,0.0,0.0,0.0,0.0,0.0,1.0,9,5,7
167092,15,3,3,0,10,3,0,5,0,1,1,18,2,2,0.0,0.0,0.0,0.0,0.0,2.0,8,3,11
184598,16,7,1,10,3,3,6,1,1,1,2,17,2,2,0.0,0.0,0.0,0.0,0.0,3.0,18,6,12
150243,15,2,1,17,8,3,0,1,0,1,2,5,2,2,0.0,0.0,0.0,0.0,0.0,2.0,0,1,10
170329,16,2,1,0,6,3,0,1,0,1,2,36,2,3,2.0,0.0,0.0,2.0,0.0,1.0,21,4,11
79821,15,2,3,8,8,3,0,1,0,1,2,36,2,4,1.0,0.0,0.0,0.0,1.0,1.0,16,7,6
40515,4,2,3,7,2,3,0,1,1,0,2,36,2,2,0.0,0.0,0.0,0.0,0.0,4.0,10,2,3
50387,16,2,3,10,8,3,0,1,0,1,2,36,2,2,0.0,0.0,0.0,0.0,0.0,2.0,1,6,4
37977,16,2,1,17,2,3,0,1,1,1,2,18,2,2,0.0,0.0,0.0,0.0,0.0,2.0,22,5,3
62197,16,2,3,15,15,3,0,1,1,1,2,19,2,2,0.0,0.0,0.0,0.0,0.0,3.0,16,2,5
23995,16,7,3,0,11,3,6,1,1,1,2,18,2,2,0.0,0.0,0.0,0.0,0.0,3.0,14,3,2
128808,16,2,3,17,8,3,0,1,0,1,2,36,2,3,2.0,0.0,0.0,2.0,0.0,0.0,9,6,9
77467,15,2,3,0,6,3,0,1,0,1,2,5,3,3,2.0,0.0,0.0,1.0,1.0,1.0,13,1,6
38023,16,2,1,0,8,3,0,1,1,1,2,6,2,2,0.0,0.0,0.0,0.0,0.0,2.0,23,4,3
64753,15,2,1,17,8,3,0,1,0,1,2,5,2,3,1.0,0.0,0.0,1.0,0.0,1.0,23,7,5
99823,15,2,3,0,8,3,0,1,1,1,2,36,2,2,0.0,0.0,0.0,0.0,0.0,3.0,12,3,7
31475,4,2,3,10,2,3,0,1,1,1,2,21,2,2,0.0,0.0,0.0,0.0,0.0,2.0,7,5,3
38919,15,2,3,0,10,3,0,1,1,1,2,5,2,2,0.0,0.0,0.0,0.0,0.0,2.0,11,6,3
7076,16,10,4,10,8,3,6,1,1,1,0,17,2,2,0.0,0.0,0.0,0.0,0.0,5.0,15,2,1
8943,16,7,3,10,6,3,6,1,0,1,2,36,3,3,1.0,0.0,0.0,1.0,0.0,4.0,7,3,1
178278,15,10,3,0,11,3,4,5,0,1,2,39,2,4,1.0,0.0,0.0,0.0,1.0,3.0,15,2,12
132539,16,2,3,17,10,3,0,1,1,1,2,24,2,2,0.0,0.0,0.0,0.0,0.0,4.0,14,7,9
49384,4,2,3,0,6,3,0,1,0,1,1,18,2,2,0.0,0.0,0.0,0.0,0.0,2.0,7,3,4
116002,16,2,3,0,8,3,0,1,1,1,2,36,2,2,0.0,0.0,0.0,0.0,0.0,2.0,15,4,8
117489,16,2,3,15,8,3,0,1,1,0,2,23,2,2,0.0,0.0,0.0,0.0,0.0,2.0,8,5,8
120992,17,2,4,17,8,3,0,5,1,0,1,36,2,2,0.0,0.0,0.0,0.0,0.0,2.0,21,6,9
76913,4,3,3,7,12,3,0,1,1,0,2,36,2,2,0.0,0.0,0.0,0.0,0.0,1.0,17,6,6
137196,16,2,1,15,8,3,0,1,1,1,1,36,2,2,0.0,0.0,0.0,0.0,0.0,2.0,18,2,9
66326,16,2,3,2,6,3,0,1,0,1,2,12,1,2,0.0,0.0,0.0,0.0,0.0,1.0,7,6,5
140991,16,2,3,10,6,3,0,1,1,1,2,17,2,2,0.0,0.0,0.0,0.0,0.0,2.0,7,1,10
184242,16,2,1,10,8,3,0,1,1,1,1,36,2,2,0.0,0.0,0.0,0.0,0.0,2.0,20,6,12
102335,16,2,3,2,6,3,0,1,0,1,2,13,1,3,3.0,0.0,0.0,2.0,1.0,0.0,11,1,7
88790,16,2,3,10,8,3,0,1,1,1,0,12,2,2,0.0,0.0,0.0,0.0,0.0,2.0,18,1,7
92147,16,2,3,10,3,3,0,1,0,1,2,19,2,4,1.0,0.0,0.0,0.0,1.0,1.0,11,5,7
28217,17,2,3,15,15,3,0,5,1,1,2,36,2,2,0.0,0.0,0.0,0.0,0.0,2.0,8,5,2