crash_date,               traffic_control_device,weather_condition,lighting_condition,first_crash_type,trafficway_type,alignment,roadway_surface_cond,road_defect,crash_type,intersection_related_i,damage,prim_contributory_cause,num_units,most_severe_injury,injuries_total,injuries_fatal,injuries_incapacitating,injuries_non_incapacitating,injuries_reported_not_evident,injuries_no_indication,crash_hour,crash_day_of_week,crash_month
125395,16,2,3,17,6,3,0,1,1,1,1,24,2,2,0.0,0.0,0.0,0.0,0.0,2.0,15,2,9
89163,16,2,1,0,6,3,0,1,0,1,2,6,2,4,1.0,0.0,0.0,0.0,1.0,1.0,4,1,7
53385,4,2,3,10,2,3,0,1,1,0,2,19,2,2,0.0,0.0,0.0,0.0,0.0,2.0,16,5,4
178413,16,7,3,10,8,3,6,5,0,1,2,39,2,3,1.0,0.0,0.0,1.0,0.0,1.0,8,4,12
162889,15,2,4,0,6,3,0,1,0,1,2,36,2,2,0.0,0.0,0.0,0.0,0.0,2.0,18,2,11
154252,4,2,3,10,8,3,0,5,0,1,2,26,6,1,3.0,0.0,3.0,0.0,0.0,0.0,14,7,10
163969,16,5,3,17,8,3,6,1,0,1,2,18,2,4,1.0,0.0,0.0,0.0,1.0,1.0,15,3,11
109266,16,2,3,0,2,3,0,1,0,1,2,36,3,2,0.0,0.0,0.0,0.0,0.0,5.0,13,6,8
171781,15,7,1,0,1,3,6,5,0,1,2,36,5,3,4.0,0.0,0.0,4.0,0.0,0.0,16,7,11
71606,16,2,3,15,2,3,0,1,1,1,2,23,2,2,0.0,0.0,0.0,0.0,0.0,3.0,14,4,5
107395,15,2,3,0,2,3,0,1,1,0,0,18,2,2,0.0,0.0,0.0,0.0,0.0,2.0,15,6,8
42791,4,2,3,17,8,3,0,1,0,1,2,24,2,4,1.0,0.0,0.0,0.0,1.0,3.0,8,2,4
104803,16,2,3,0,6,3,0,5,1,1,1,36,2,2,0.0,0.0,0.0,0.0,0.0,2.0,13,2,8
188915,4,2,1,15,8,3,0,1,1,1,2,23,2,2,0.0,0.0,0.0,0.0,0.0,4.0,2,7,12
53628,16,2,1,0,18,3,5,5,1,1,2,36,2,2,0.0,0.0,0.0,0.0,0.0,2.0,20,6,4
47313,16,2,3,17,6,3,0,1,1,1,2,36,2,2,0.0,0.0,0.0,0.0,0.0,2.0,13,2,4
20390,16,2,3,0,6,3,0,1,0,1,2,36,3,3,3.0,0.0,0.0,3.0,0.0,1.0,10,6,2
95517,15,2,3,0,8,3,0,1,1,1,2,5,2,2,0.0,0.0,0.0,0.0,0.0,2.0,13,7,7
61586,16,2,3,10,10,3,0,5,1,1,2,36,2,2,0.0,0.0,0.0,0.0,0.0,2.0,17,6,5
132417,16,2,3,0,6,3,0,1,1,1,1,36,2,2,0.0,0.0,0.0,0.0,0.0,2.0,12,7,9
177281,16,2,3,17,8,3,0,1,0,1,2,18,3,3,1.0,0.0,0.0,1.0,0.0,3.0,14,3,12
177782,16,2,1,0,10,3,0,5,0,1,2,13,2,3,1.0,0.0,0.0,1.0,0.0,1.0,3,3,12
9088,15,2,3,0,8,3,5,5,1,1,1,36,2,2,0.0,0.0,0.0,0.0,0.0,2.0,8,5,1
100042,6,2,3,15,8,3,0,1,1,0,1,23,2,2,0.0,0.0,0.0,0.0,0.0,2.0,13,1,7
66680,15,2,3,2,8,5,0,3,1,1,1,36,1,2,0.0,0.0,0.0,0.0,0.0,1.0,18,4,5
144079,16,2,1,14,8,3,0,1,0,1,2,24,2,2,0.0,0.0,0.0,0.0,0.0,2.0,19,5,10
5665,16,2,1,9,10,3,0,1,0,1,2,18,2,3,1.0,0.0,0.0,1.0,0.0,1.0,18,1,1
78557,16,2,3,15,8,3,0,1,1,1,2,23,2,2,0.0,0.0,0.0,0.0,0.0,3.0,9,2,6
133637,16,2,3,10,2,3,0,1,1,1,0,19,2,2,0.0,0.0,0.0,0.0,0.0,2.0,12,1,9
63068,15,2,3,0,6,3,0,1,0,1,2,18,2,2,0.0,0.0,0.0,0.0,0.0,2.0,18,3,5
7729,16,2,1,17,8,0,0,1,1,1,2,36,2,2,0.0,0.0,0.0,0.0,0.0,2.0,22,4,1
67570,4,2,0,15,8,3,0,1,1,1,2,36,2,2,0.0,0.0,0.0,0.0,0.0,3.0,19,5,5
11850,16,7,0,15,2,3,6,1,1,1,1,18,2,2,0.0,0.0,0.0,0.0,0.0,2.0,17,4,1
24995,15,2,3,0,6,3,0,1,1,1,0,18,2,2,0.0,0.0,0.0,0.0,0.0,3.0,8,7,2
123221,16,2,3,5,8,3,0,1,0,1,2,18,2,3,1.0,0.0,0.0,1.0,0.0,1.0,14,5,9
100433,15,2,3,0,6,3,0,1,1,1,0,18,2,2,0.0,0.0,0.0,0.0,0.0,2.0,17,7,7
33149,15,2,3,2,6,3,0,1,0,1,2,36,1,2,0.0,0.0,0.0,0.0,0.0,1.0,12,5,3
133036,16,2,3,0,10,4,0,1,0,1,2,36,2,2,0.0,0.0,0.0,0.0,0.0,2.0,13,7,9
161970,4,2,3,17,2,3,0,1,0,1,2,8,2,2,0.0,0.0,0.0,0.0,0.0,2.0,11,2,11
29250,16,2,1,17,2,3,0,1,0,1,2,24,2,2,0.0,0.0,0.0,0.0,0.0,3.0,3,1,3
122790,16,2,3,10,8,3,0,1,1,1,1,36,3,2,0.0,0.0,0.0,0.0,0.0,4.0,18,3,9
184883,16,2,1,17,8,3,0,1,0,1,1,37,2,2,0.0,0.0,0.0,0.0,0.0,4.0,20,2,12
120767,4,11,5,7,10,3,5,5,1,1,2,12,2,2,0.0,0.0,0.0,0.0,0.0,1.0,12,3,9
76811,16,2,3,10,2,3,0,1,1,1,2,8,2,2,0.0,0.0,0.0,0.0,0.0,2.0,13,5,6
88803,16,2,3,10,8,3,0,1,1,1,1,19,2,2,0.0,0.0,0.0,0.0,0.0,2.0,14,2,7
135632,16,2,3,8,19,3,0,5,1,1,2,36,2,2,0.0,0.0,0.0,0.0,0.0,2.0,18,2,9
83595,15,2,3,0,6,3,0,1,0,1,2,18,2,4,1.0,0.0,0.0,0.0,1.0,2.0,15,7,6
161054,16,2,1,10,2,3,0,1,1,1,2,19,2,2,0.0,0.0,0.0,0.0,0.0,3.0,17,3,11
169055,16,2,3,10,2,3,0,1,1,1,2,36,2,2,0.0,0.0,0.0,0.0,0.0,2.0,13,1,11
166001,16,2,3,10,8,3,0,1,1,1,2,19,2,2,0.0,0.0,0.0,0.0,0.0,3.0,10,1,11
95412,16,2,3,14,8,3,0,1,0,1,1,36,2,2,0.0,0.0,0.0,0.0,0.0,3.0,18,7,7
83364,16,2,3,10,8,3,0,1,1,1,0,19,2,2,0.0,0.0,0.0,0.0,0.0,2.0,9,2,6
122299,16,2,3,10,8,3,0,1,1,1,1,36,2,2,0.0,0.0,0.0,0.0,0.0,2.0,18,3,9
7726,15,2,0,0,3,3,0,1,0,1,2,5,2,3,4.0,0.0,0.0,1.0,3.0,0.0,21,4,1
43806,16,7,3,17,10,3,6,1,1,1,1,24,2,2,0.0,0.0,0.0,0.0,0.0,2.0,10,5,4
120819,16,2,1,9,2,3,0,1,0,1,2,36,2,3,1.0,0.0,0.0,1.0,0.0,1.0,20,4,9
97870,15,2,0,0,8,3,0,1,0,1,2,18,2,3,2.0,0.0,0.0,1.0,1.0,3.0,21,2,7
7694,18,2,1,0,8,3,0,1,1,0,1,18,2,2,0.0,0.0,0.0,0.0,0.0,6.0,18,4,1
43315,16,2,1,17,11,3,0,1,1,1,1,17,2,2,0.0,0.0,0.0,0.0,0.0,2.0,0,4,4
68431,4,6,3,0,6,3,2,5,0,1,1,36,2,4,1.0,0.0,0.0,0.0,1.0,1.0,17,4,5
34752,16,7,3,15,6,3,5,5,1,1,2,36,2,2,0.0,0.0,0.0,0.0,0.0,2.0,7,5,3
144567,15,2,3,17,8,3,0,1,1,1,1,12,2,2,0.0,0.0,0.0,0.0,0.0,2.0,10,7,10
61653,16,2,1,17,2,3,0,1,1,1,1,18,2,2,0.0,0.0,0.0,0.0,0.0,6.0,22,7,5
58987,15,2,3,0,8,3,0,1,1,1,2,18,2,2,0.0,0.0,0.0,0.0,0.0,4.0,16,7,5
94369,16,2,3,10,2,3,0,1,1,1,0,36,2,2,0.0,0.0,0.0,0.0,0.0,2.0,9,4,7
18696,16,2,3,17,6,3,0,1,1,1,2,36,2,2,0.0,0.0,0.0,0.0,0.0,5.0,15,5,2
142342,15,2,3,0,8,3,0,1,1,1,2,18,2,2,0.0,0.0,0.0,0.0,0.0,2.0,9,3,10
103798,16,2,1,17,6,3,0,1,0,1,2,6,3,3,2.0,0.0,0.0,1.0,1.0,1.0,23,1,7
171202,8,2,1,10,2,3,0,1,0,1,2,15,3,3,1.0,0.0,0.0,1.0,0.0,2.0,0,4,11
99161,15,2,3,0,6,3,0,1,0,1,2,18,2,3,1.0,0.0,0.0,1.0,0.0,1.0,14,2,7
78425,16,2,0,17,6,3,0,1,0,1,2,36,2,3,1.0,0.0,0.0,1.0,0.0,1.0,20,7,6
183699,16,2,0,14,8,3,0,1,1,1,0,24,2,2,0.0,0.0,0.0,0.0,0.0,2.0,16,6,12
166491,16,2,3,15,2,3,0,1,1,1,1,36,2,2,0.0,0.0,0.0,0.0,0.0,2.0,13,2,11
16576,16,2,3,17,2,3,0,1,0,1,2,18,3,4,1.0,0.0,0.0,0.0,1.0,2.0,8,3,2
110913,16,2,1,0,8,3,0,1,0,1,2,6,2,2,0.0,0.0,0.0,0.0,0.0,2.0,20,2,8
81302,16,2,1,5,6,3,0,1,1,1,2,18,2,2,0.0,0.0,0.0,0.0,0.0,4.0,21,7,6
119281,15,2,3,17,6,3,0,1,0,1,2,17,2,2,0.0,0.0,0.0,0.0,0.0,2.0,17,3,8
47921,15,2,3,0,6,3,0,5,0,1,2,36,2,3,3.0,0.0,0.0,1.0,2.0,2.0,15,5,4
148630,16,2,1,10,10,3,0,1,0,1,2,19,2,2,0.0,0.0,0.0,0.0,0.0,2.0,20,5,10
109611,15,7,3,9,6,3,0,1,1,1,1,18,2,2,0.0,0.0,0.0,0.0,0.0,2.0,15,5,8
25121,15,7,3,0,2,3,6,1,1,1,2,36,2,2,0.0,0.0,0.0,0.0,0.0,3.0,16,4,2
20666,16,2,3,17,2,3,0,1,1,1,1,23,2,2,0.0,0.0,0.0,0.0,0.0,2.0,15,4,2
148976,16,2,3,10,2,3,0,5,0,1,2,17,2,3,1.0,0.0,0.0,1.0,0.0,1.0,17,5,10
58696,15,2,3,17,15,3,5,5,0,1,2,36,2,2,0.0,0.0,0.0,0.0,0.0,3.0,16,5,5
139257,16,2,3,10,2,3,0,1,1,1,1,19,2,2,0.0,0.0,0.0,0.0,0.0,3.0,12,3,10
87020,16,7,1,0,8,3,6,1,1,1,2,36,2,2,0.0,0.0,0.0,0.0,0.0,2.0,23,3,6
87534,16,2,3,10,8,3,0,5,1,1,2,36,2,2,0.0,0.0,0.0,0.0,0.0,2.0,17,4,6
97154,4,2,3,17,8,3,0,1,0,1,2,23,2,2,0.0,0.0,0.0,0.0,0.0,2.0,14,5,7
10557,16,2,3,17,3,3,0,1,1,1,2,24,2,2,0.0,0.0,0.0,0.0,0.0,2.0,16,2,1
143594,4,7,0,2,3,3,6,5,0,1,2,36,1,2,0.0,0.0,0.0,0.0,0.0,1.0,19,6,10
188158,16,2,3,17,2,3,0,1,1,1,2,24,2,2,0.0,0.0,0.0,0.0,0.0,2.0,12,7,12
136165,16,3,3,17,3,3,6,1,1,1,2,24,2,2,0.0,0.0,0.0,0.0,0.0,4.0,17,2,9
47146,4,2,3,17,2,3,0,1,0,1,2,18,2,2,0.0,0.0,0.0,0.0,0.0,5.0,16,5,4
120573,4,2,3,17,2,3,0,1,1,0,2,22,2,2,0.0,0.0,0.0,0.0,0.0,2.0,10,6,9
119711,16,2,3,13,2,3,0,1,1,0,1,36,2,2,0.0,0.0,0.0,0.0,0.0,2.0,10,2,8
89057,4,2,1,0,16,3,0,1,1,1,2,17,2,2,0.0,0.0,0.0,0.0,0.0,2.0,11,6,7
124136,4,2,3,17,2,3,0,1,0,1,2,18,2,2,0.0,0.0,0.0,0.0,0.0,3.0,9,3,9
143933,17,2,3,10,3,3,5,5,1,1,2,36,2,2,0.0,0.0,0.0,0.0,0.0,2.0,15,6,10
168222,16,2,1,17,2,3,0,1,0,1,2,36,2,3,4.0,0.0,0.0,4.0,0.0,1.0,17,6,11
158800,16,2,1,17,15,3,0,1,0,1,2,24,2,2,0.0,0.0,0.0,0.0,0.0,2.0,18,4,11
20,17,2,1,17,8,3,5,1,1,1,2,23,2,2,0.0,0.0,0.0,0.0,0.0,4.0,3,1,1
123114,4,2,3,10,8,3,0,1,0,1,2,17,3,1,4.0,0.0,1.0,3.0,0.0,0.0,12,1,9
162036,15,2,1,10,8,3,1,5,1,1,1,17,2,2,0.0,0.0,0.0,0.0,0.0,4.0,19,3,11
39652,16,2,1,13,6,3,0,5,1,1,2,18,2,2,0.0,0.0,0.0,0.0,0.0,2.0,22,7,3
145570,15,7,0,0,6,3,6,1,0,1,2,36,2,4,1.0,0.0,0.0,0.0,1.0,1.0,19,6,10
33223,15,2,3,17,2,3,0,1,1,1,2,18,2,2,0.0,0.0,0.0,0.0,0.0,2.0,12,6,3
43088,4,3,3,17,8,3,0,5,0,1,2,26,2,3,1.0,0.0,0.0,1.0,0.0,1.0,15,3,4
16021,16,2,3,10,8,3,0,1,1,1,1,19,2,2,0.0,0.0,0.0,0.0,0.0,2.0,16,7,2
28307,16,2,3,17,8,4,0,1,1,1,2,22,2,2,0.0,0.0,0.0,0.0,0.0,2.0,16,5,3
60970,16,2,3,17,8,3,0,1,1,1,1,19,2,2,0.0,0.0,0.0,0.0,0.0,2.0,12,4,5
144906,16,7,3,0,5,3,6,1,1,1,2,6,2,2,0.0,0.0,0.0,0.0,0.0,3.0,15,4,10
69816,4,7,1,17,6,3,6,1,1,1,2,18,4,2,0.0,0.0,0.0,0.0,0.0,2.0,23,3,5
23350,16,2,3,2,2,3,6,5,1,1,2,26,1,2,0.0,0.0,0.0,0.0,0.0,1.0,11,6,2
13519,16,2,3,9,8,3,0,1,0,1,1,18,2,1,1.0,0.0,1.0,0.0,0.0,2.0,14,5,1
21751,16,2,3,17,8,3,0,5,1,1,2,36,2,2,0.0,0.0,0.0,0.0,0.0,2.0,8,6,2
187961,15,7,3,0,6,3,6,5,0,1,2,6,4,3,4.0,0.0,0.0,1.0,3.0,5.0,8,6,12
78542,16,2,3,17,6,3,0,1,0,1,2,18,2,3,2.0,0.0,0.0,2.0,0.0,0.0,6,2,6
149729,16,2,0,15,8,3,0,1,1,1,1,26,2,2,0.0,0.0,0.0,0.0,0.0,2.0,20,5,10
6712,16,2,0,17,8,3,0,1,0,1,2,6,2,2,0.0,0.0,0.0,0.0,0.0,2.0,22,3,1
158656,16,2,3,17,2,3,0,1,0,1,2,18,2,2,0.0,0.0,0.0,0.0,0.0,2.0,7,2,11
40700,16,3,1,6,8,3,0,1,0,1,1,36,1,3,1.0,0.0,0.0,1.0,0.0,0.0,19,5,3
158171,16,7,1,10,2,3,6,5,1,1,2,36,2,2,0.0,0.0,0.0,0.0,0.0,2.0,21,2,11
146623,16,3,3,17,6,3,0,1,0,1,2,18,2,2,0.0,0.0,0.0,0.0,0.0,2.0,12,6,10
37895,16,3,3,17,6,3,0,1,1,1,2,6,2,2,0.0,0.0,0.0,0.0,0.0,2.0,6,3,3
185239,16,2,3,17,11,3,0,1,1,1,2,18,2,2,0.0,0.0,0.0,0.0,0.0,2.0,9,7,12
8518,15,3,3,0,6,3,1,1,0,1,2,18,2,2,0.0,0.0,0.0,0.0,0.0,2.0,8,4,1
24198,16,2,3,17,1,3,4,5,1,1,1,24,2,2,0.0,0.0,0.0,0.0,0.0,2.0,14,7,2
8287,16,10,1,2,15,3,4,1,1,0,2,39,1,2,0.0,0.0,0.0,0.0,0.0,3.0,18,6,1
160474,15,2,3,15,2,3,0,1,1,1,2,23,2,2,0.0,0.0,0.0,0.0,0.0,2.0,10,7,11
120467,15,2,1,0,8,3,0,5,0,1,2,5,2,2,0.0,0.0,0.0,0.0,0.0,3.0,22,7,8
166181,16,2,3,0,15,3,0,1,0,1,2,6,2,3,1.0,0.0,0.0,1.0,0.0,1.0,6,5,11
179468,15,2,3,10,8,3,4,1,1,1,1,19,3,2,0.0,0.0,0.0,0.0,0.0,3.0,15,4,12
47767,15,2,3,0,8,3,0,1,1,1,2,18,2,2,0.0,0.0,0.0,0.0,0.0,2.0,17,2,4
159429,15,2,1,0,8,3,0,1,0,1,1,36,2,3,4.0,0.0,0.0,4.0,0.0,1.0,22,7,11
107192,4,2,3,0,2,3,0,1,1,1,2,36,2,2,0.0,0.0,0.0,0.0,0.0,4.0,13,2,8
126835,16,3,2,0,8,3,0,1,0,1,2,6,2,2,0.0,0.0,0.0,0.0,0.0,2.0,6,7,9
97704,16,2,3,17,8,3,6,5,0,1,1,24,2,4,1.0,0.0,0.0,0.0,1.0,1.0,14,6,7
87981,16,2,1,8,8,3,0,1,0,1,1,36,2,3,1.0,0.0,0.0,1.0,0.0,1.0,0,2,7
101041,16,2,1,15,6,3,0,1,1,1,2,36,2,2,0.0,0.0,0.0,0.0,0.0,2.0,21,2,7
15317,16,2,0,11,6,3,6,5,1,1,1,21,2,2,0.0,0.0,0.0,0.0,0.0,2.0,17,2,2
139999,15,7,3,9,10,3,6,1,0,1,0,18,2,3,1.0,0.0,0.0,1.0,0.0,2.0,7,6,10
123200,4,2,1,0,3,3,0,1,1,0,2,11,2,2,0.0,0.0,0.0,0.0,0.0,2.0,21,3,9
186748,16,2,0,10,8,3,0,1,1,1,2,12,2,2,0.0,0.0,0.0,0.0,0.0,2.0,17,2,12
183893,10,2,3,9,10,3,0,1,0,1,0,36,2,4,1.0,0.0,0.0,0.0,1.0,2.0,13,3,12
114136,16,7,1,0,8,3,6,5,0,1,2,6,2,4,3.0,0.0,0.0,0.0,3.0,1.0,22,2,8
106118,4,2,1,0,2,3,0,1,0,1,2,5,2,4,4.0,0.0,0.0,0.0,4.0,0.0,21,1,8
96413,16,2,3,17,3,3,0,1,0,1,2,36,2,1,3.0,0.0,1.0,2.0,0.0,0.0,17,1,7
21740,15,4,1,0,8,3,0,1,1,1,2,36,2,2,0.0,0.0,0.0,0.0,0.0,3.0,20,6,2
59863,15,2,3,17,15,3,0,1,1,1,2,24,2,2,0.0,0.0,0.0,0.0,0.0,2.0,15,2,5
8001,16,2,3,0,8,3,0,1,1,1,2,6,2,2,0.0,0.0,0.0,0.0,0.0,2.0,10,3,1
145436,17,2,3,13,8,3,0,5,0,1,2,36,3,2,0.0,0.0,0.0,0.0,0.0,2.0,6,4,10
136212,16,2,3,17,6,3,0,1,1,1,2,36,2,2,0.0,0.0,0.0,0.0,0.0,3.0,13,3,9
2542,15,2,1,0,8,3,0,1,0,1,1,5,2,3,3.0,0.0,0.0,3.0,0.0,1.0,23,1,1
104489,16,2,3,15,6,3,6,1,1,1,1,19,2,2,0.0,0.0,0.0,0.0,0.0,4.0,9,5,8
8091,4,3,3,10,2,3,5,5,1,1,1,36,2,2,0.0,0.0,0.0,0.0,0.0,2.0,9,3,1
95511,15,2,3,0,2,3,0,1,1,1,2,36,2,2,0.0,0.0,0.0,0.0,0.0,2.0,12,2,7
7170,16,7,3,9,15,3,6,5,0,1,0,18,2,1,1.0,0.0,1.0,0.0,0.0,1.0,13,4,1
51576,4,2,3,17,15,3,0,1,1,1,2,11,2,2,0.0,0.0,0.0,0.0,0.0,2.0,12,6,4
32479,4,2,3,17,8,3,5,5,0,1,2,36,2,4,1.0,0.0,0.0,0.0,1.0,1.0,13,7,3
23057,15,2,1,17,2,3,0,1,1,1,1,18,2,2,0.0,0.0,0.0,0.0,0.0,5.0,20,7,2
35897,16,2,3,17,2,3,0,5,0,1,2,18,2,3,1.0,0.0,0.0,1.0,0.0,2.0,8,7,3
14263,15,2,1,17,8,3,5,5,0,1,2,36,2,2,0.0,0.0,0.0,0.0,0.0,2.0,22,3,1
93478,15,2,1,15,10,3,0,1,1,1,0,36,2,2,0.0,0.0,0.0,0.0,0.0,2.0,21,4,7
171374,4,2,1,17,8,3,0,1,0,0,2,18,2,2,0.0,0.0,0.0,0.0,0.0,4.0,17,2,11
76211,16,2,3,0,8,3,6,1,0,1,1,36,2,2,0.0,0.0,0.0,0.0,0.0,3.0,15,3,6
80857,16,2,3,10,8,3,0,1,0,1,2,18,2,4,1.0,0.0,0.0,0.0,1.0,1.0,13,2,6
45425,15,2,1,0,2,3,0,1,0,1,2,5,2,2,0.0,0.0,0.0,0.0,0.0,2.0,20,1,4
52523,16,2,3,10,8,3,0,5,1,1,0,36,2,2,0.0,0.0,0.0,0.0,0.0,3.0,15,1,4
179480,16,2,1,0,8,3,0,1,1,1,2,36,2,2,0.0,0.0,0.0,0.0,0.0,2.0,18,4,12
169639,4,2,3,8,4,3,0,1,0,1,2,18,2,3,1.0,0.0,0.0,1.0,0.0,2.0,14,1,11
156020,6,2,2,17,6,3,0,1,0,1,2,18,2,2,0.0,0.0,0.0,0.0,0.0,2.0,18,2,11
183137,16,2,1,17,11,3,0,1,1,1,1,22,2,2,0.0,0.0,0.0,0.0,0.0,4.0,16,5,12
71454,16,2,3,0,15,3,0,1,0,1,2,36,2,3,3.0,0.0,0.0,3.0,0.0,0.0,10,1,5
68105,16,7,1,10,2,3,6,1,1,1,1,19,2,2,0.0,0.0,0.0,0.0,0.0,3.0,18,4,5
17760,16,2,4,17,6,3,0,1,1,1,2,18,2,2,0.0,0.0,0.0,0.0,0.0,2.0,17,3,2
8530,16,2,3,0,6,3,0,1,0,1,2,6,2,3,1.0,0.0,0.0,1.0,0.0,2.0,9,4,1
141923,4,2,3,8,8,3,0,1,1,1,0,12,2,2,0.0,0.0,0.0,0.0,0.0,3.0,15,6,10
181696,16,11,1,10,6,3,5,5,1,1,2,36,2,2,0.0,0.0,0.0,0.0,0.0,2.0,20,7,12
39742,16,2,1,17,11,3,0,1,1,1,2,24,2,2,0.0,0.0,0.0,0.0,0.0,3.0,21,7,3
51285,4,2,0,7,8,3,0,1,0,1,2,36,2,2,0.0,0.0,0.0,0.0,0.0,1.0,21,7,4
90447,16,2,3,10,2,3,0,1,1,1,2,19,2,2,0.0,0.0,0.0,0.0,0.0,2.0,14,6,7
39680,15,7,3,17,18,3,6,5,1,1,1,18,2,2,0.0,0.0,0.0,0.0,0.0,4.0,14,2,3
145257,16,7,0,17,8,3,6,5,0,1,2,13,2,2,0.0,0.0,0.0,0.0,0.0,2.0,21,7,10
13605,4,6,4,15,8,3,4,1,1,1,0,36,2,2,0.0,0.0,0.0,0.0,0.0,2.0,18,6,1
44114,15,7,3,17,8,3,6,1,0,1,2,18,2,2,0.0,0.0,0.0,0.0,0.0,2.0,17,4,4
92956,16,2,3,17,8,3,0,1,1,1,2,36,2,2,0.0,0.0,0.0,0.0,0.0,2.0,18,2,7
142679,4,2,3,10,1,3,0,1,1,0,2,17,2,2,0.0,0.0,0.0,0.0,0.0,3.0,17,4,10
75346,16,2,1,17,2,3,6,5,0,1,2,36,2,2,0.0,0.0,0.0,0.0,0.0,2.0,0,3,6
29888,4,2,1,17,2,3,0,1,1,1,2,18,2,2,0.0,0.0,0.0,0.0,0.0,5.0,18,6,3
133089,15,2,3,17,8,3,0,1,1,1,2,36,2,2,0.0,0.0,0.0,0.0,0.0,6.0,11,7,9
152408,16,7,1,0,2,3,6,5,1,1,2,36,2,2,0.0,0.0,0.0,0.0,0.0,2.0,19,7,10
27967,4,2,3,8,15,3,0,1,0,1,0,36,2,3,1.0,0.0,0.0,1.0,0.0,1.0,12,2,2
52249,15,2,3,15,6,3,0,1,1,1,1,23,2,2,0.0,0.0,0.0,0.0,0.0,2.0,17,5,4
22773,16,2,0,15,8,3,6,1,1,1,2,3,2,2,0.0,0.0,0.0,0.0,0.0,2.0,19,4,2
70778,16,2,3,17,2,3,0,1,0,1,2,18,2,4,1.0,0.0,0.0,0.0,1.0,1.0,14,5,5
166113,16,7,1,15,1,3,6,1,1,1,1,23,2,2,0.0,0.0,0.0,0.0,0.0,2.0,18,3,11
57645,16,2,3,0,6,3,0,1,0,1,2,18,2,3,1.0,0.0,0.0,1.0,0.0,1.0,12,7,5
158607,16,2,3,10,13,3,0,1,1,1,2,19,2,2,0.0,0.0,0.0,0.0,0.0,2.0,16,6,11
42935,16,2,4,0,8,3,0,1,0,1,2,18,3,3,2.0,0.0,0.0,1.0,1.0,2.0,19,6,4
180981,16,2,1,0,6,3,0,5,0,1,2,6,2,4,3.0,0.0,0.0,0.0,3.0,0.0,18,4,12
14823,4,10,3,17,8,3,6,1,0,1,2,18,2,2,0.0,0.0,0.0,0.0,0.0,5.0,8,6,1
138523,16,2,3,15,8,3,0,1,1,1,1,22,2,2,0.0,0.0,0.0,0.0,0.0,2.0,12,7,10
153136,16,2,3,10,10,3,0,1,1,1,2,19,2,2,0.0,0.0,0.0,0.0,0.0,2.0,11,4,10
26771,16,2,1,0,8,3,0,1,0,1,2,36,2,4,1.0,0.0,0.0,0.0,1.0,1.0,22,2,2
150467,16,2,4,10,2,3,0,1,1,1,1,2,2,2,0.0,0.0,0.0,0.0,0.0,4.0,18,3,10
172547,17,2,3,10,6,3,5,5,1,1,2,36,2,2,0.0,0.0,0.0,0.0,0.0,2.0,8,5,12
16293,16,2,3,0,8,3,0,1,0,1,2,36,2,4,1.0,0.0,0.0,0.0,1.0,1.0,16,6,2
92749,16,2,3,0,6,3,0,1,0,1,2,36,2,3,3.0,0.0,0.0,3.0,0.0,1.0,13,1,7
2132,16,2,1,17,15,3,0,1,0,1,2,6,2,2,0.0,0.0,0.0,0.0,0.0,2.0,19,1,1
155303,16,10,1,9,15,3,4,1,0,1,2,39,2,3,1.0,0.0,0.0,1.0,0.0,1.0,7,5,10
79721,15,2,3,17,8,3,0,1,1,1,1,24,2,2,0.0,0.0,0.0,0.0,0.0,2.0,8,4,6
60275,15,2,3,17,8,4,0,5,1,1,2,12,2,2,0.0,0.0,0.0,0.0,0.0,3.0,17,1,5
50209,16,2,3,17,8,3,0,1,0,1,2,35,3,4,1.0,0.0,0.0,0.0,1.0,5.0,11,3,4
172448,16,2,1,10,6,3,0,1,1,1,2,17,2,2,0.0,0.0,0.0,0.0,0.0,2.0,16,4,12
78347,15,2,3,17,8,3,6,1,1,0,1,24,2,2,0.0,0.0,0.0,0.0,0.0,2.0,8,5,6
143670,16,2,3,15,10,3,0,1,0,1,2,18,2,2,0.0,0.0,0.0,0.0,0.0,2.0,9,1,10
75057,16,2,3,17,2,3,0,1,0,1,2,24,2,2,0.0,0.0,0.0,0.0,0.0,2.0,7,5,6
35185,16,2,3,10,2,3,0,1,1,1,2,19,2,2,0.0,0.0,0.0,0.0,0.0,2.0,16,4,3
104899,16,2,3,17,8,3,0,1,1,1,2,24,2,2,0.0,0.0,0.0,0.0,0.0,2.0,8,3,8
165565,16,2,3,15,10,3,0,1,1,1,2,22,2,2,0.0,0.0,0.0,0.0,0.0,2.0,13,4,11
41879,16,2,0,3,8,3,0,1,0,1,2,36,2,3,1.0,0.0,0.0,1.0,0.0,1.0,19,7,3
48928,16,2,1,2,6,3,0,1,0,1,2,24,1,2,0.0,0.0,0.0,0.0,0.0,2.0,0,7,4
119042,16,2,1,17,8,3,0,1,1,1,2,36,2,2,0.0,0.0,0.0,0.0,0.0,3.0,1,7,8
156570,4,2,3,17,8,3,0,1,0,1,2,36,3,2,0.0,0.0,0.0,0.0,0.0,3.0,15,2,11
4186,16,2,3,17,15,3,1,1,0,1,1,24,2,2,0.0,0.0,0.0,0.0,0.0,4.0,9,1,1
26470,16,2,4,7,8,3,6,5,1,1,2,36,2,2,0.0,0.0,0.0,0.0,0.0,1.0,17,6,2
80916,16,2,1,0,6,3,0,1,0,1,2,35,2,2,0.0,0.0,0.0,0.0,0.0,2.0,0,2,6