crash_date,               traffic_control_device,weather_condition,lighting_condition,first_crash_type,trafficway_type,alignment,roadway_surface_cond,road_defect,crash_type,intersection_related_i,damage,prim_contributory_cause,num_units,most_severe_injury,injuries_total,injuries_fatal,injuries_incapacitating,injuries_non_incapacitating,injuries_reported_not_evident,injuries_no_indication,crash_hour,crash_day_of_week,crash_month
101628,4,2,3,15,8,3,0,1,1,1,0,36,2,2,0.0,0.0,0.0,0.0,0.0,2.0,15,4,7
85350,16,2,3,15,8,3,0,1,1,1,1,36,2,2,0.0,0.0,0.0,0.0,0.0,2.0,9,4,6
145208,4,7,3,10,8,3,6,1,1,1,2,19,2,2,0.0,0.0,0.0,0.0,0.0,3.0,13,7,10
60101,16,3,1,10,8,3,0,1,1,1,1,19,2,2,0.0,0.0,0.0,0.0,0.0,2.0,21,4,5
129952,16,3,3,10,6,3,6,5,1,1,1,36,2,2,0.0,0.0,0.0,0.0,0.0,2.0,14,1,9
108182,16,2,3,10,8,3,0,1,1,1,2,19,2,2,0.0,0.0,0.0,0.0,0.0,2.0,9,5,8
94955,16,2,3,10,8,3,0,1,1,1,2,36,3,2,0.0,0.0,0.0,0.0,0.0,3.0,14,1,7
21850,16,10,3,10,8,3,4,1,1,1,1,21,2,2,0.0,0.0,0.0,0.0,0.0,2.0,15,2,2
109280,16,2,3,17,3,3,0,1,1,1,2,24,2,2,0.0,0.0,0.0,0.0,0.0,4.0,18,6,8
87749,16,2,3,10,8,3,0,5,1,1,2,19,3,2,0.0,0.0,0.0,0.0,0.0,9.0,18,1,6
66296,4,2,3,15,8,3,0,1,1,1,2,36,2,2,0.0,0.0,0.0,0.0,0.0,2.0,14,6,5
159659,16,2,1,17,8,3,5,1,1,1,2,19,2,2,0.0,0.0,0.0,0.0,0.0,2.0,18,5,11
75536,15,2,3,0,8,3,0,1,1,1,1,5,2,2,0.0,0.0,0.0,0.0,0.0,4.0,8,5,6
133851,4,2,3,1,8,3,0,1,0,1,1,0,2,4,1.0,0.0,0.0,0.0,1.0,1.0,12,5,9
112987,4,2,3,10,8,3,0,1,1,0,1,36,2,2,0.0,0.0,0.0,0.0,0.0,2.0,10,7,8
59152,8,3,3,17,2,3,0,1,1,1,2,18,2,2,0.0,0.0,0.0,0.0,0.0,2.0,11,3,5
127179,17,11,5,17,17,3,5,5,1,1,2,36,2,2,0.0,0.0,0.0,0.0,0.0,2.0,22,3,9
161497,4,10,3,10,3,3,4,5,0,1,2,19,2,3,1.0,0.0,0.0,1.0,0.0,2.0,16,2,11
151949,15,7,2,0,8,3,6,1,0,1,2,5,2,3,2.0,0.0,0.0,2.0,0.0,0.0,8,3,10
143638,10,2,3,9,3,3,0,1,0,1,0,24,2,3,1.0,0.0,0.0,1.0,0.0,1.0,13,1,10
162786,15,2,4,0,8,3,0,5,1,1,2,18,2,2,0.0,0.0,0.0,0.0,0.0,2.0,19,7,11
160911,15,10,3,0,8,3,1,1,1,1,2,39,2,2,0.0,0.0,0.0,0.0,0.0,2.0,10,6,11
97530,4,2,3,17,8,3,0,1,0,1,2,18,2,2,0.0,0.0,0.0,0.0,0.0,3.0,17,4,7
30687,4,2,3,15,8,3,0,1,1,0,1,36,2,2,0.0,0.0,0.0,0.0,0.0,4.0,16,6,3
104618,16,2,3,10,2,3,0,1,1,1,2,19,2,2,0.0,0.0,0.0,0.0,0.0,2.0,7,5,8
73340,16,2,1,17,3,3,0,1,0,1,2,18,2,1,1.0,0.0,1.0,0.0,0.0,3.0,0,2,6
79701,16,2,3,15,8,3,0,1,1,1,1,22,2,2,0.0,0.0,0.0,0.0,0.0,2.0,17,4,6
58716,15,7,3,0,2,3,6,6,0,1,2,38,3,2,0.0,0.0,0.0,0.0,0.0,3.0,7,5,5
146918,4,2,3,14,8,3,0,1,1,1,1,12,2,2,0.0,0.0,0.0,0.0,0.0,3.0,13,3,10
144801,16,2,1,10,3,3,0,1,1,1,2,24,2,2,0.0,0.0,0.0,0.0,0.0,3.0,5,1,10
29612,16,10,1,15,2,3,6,5,1,1,2,24,2,2,0.0,0.0,0.0,0.0,0.0,2.0,1,7,3
134394,16,2,3,17,1,3,0,1,0,1,2,36,2,1,1.0,0.0,1.0,0.0,0.0,1.0,17,6,9
59092,16,2,3,17,8,3,0,1,0,1,2,24,2,2,0.0,0.0,0.0,0.0,0.0,2.0,11,2,5
90552,16,2,1,10,8,3,0,1,0,1,1,36,2,4,1.0,0.0,0.0,0.0,1.0,3.0,22,7,7
161031,15,3,3,0,6,3,0,1,1,1,2,18,2,2,0.0,0.0,0.0,0.0,0.0,3.0,12,1,11
161868,16,7,3,17,8,3,6,1,1,1,0,19,2,2,0.0,0.0,0.0,0.0,0.0,2.0,14,1,11
69909,16,3,3,15,6,3,6,1,1,1,0,36,2,2,0.0,0.0,0.0,0.0,0.0,2.0,7,6,5
23864,16,2,1,0,6,3,0,5,0,1,2,6,2,2,0.0,0.0,0.0,0.0,0.0,2.0,2,1,2
91665,16,3,3,15,1,3,0,1,0,1,2,18,2,3,2.0,0.0,0.0,1.0,1.0,0.0,13,5,7
143859,15,2,5,0,8,3,5,1,1,1,2,5,2,2,0.0,0.0,0.0,0.0,0.0,2.0,15,4,10
90837,4,2,3,17,6,3,0,1,0,1,2,18,2,2,0.0,0.0,0.0,0.0,0.0,3.0,16,7,7
33447,15,2,3,0,2,3,0,1,0,1,2,18,3,2,0.0,0.0,0.0,0.0,0.0,3.0,16,3,3
35982,15,2,3,0,8,3,0,1,0,1,2,5,2,2,0.0,0.0,0.0,0.0,0.0,2.0,17,3,3
30143,15,11,1,2,10,3,5,1,0,1,2,36,1,2,0.0,0.0,0.0,0.0,0.0,1.0,13,3,3
112890,4,2,3,0,15,3,0,1,0,1,2,36,3,3,1.0,0.0,0.0,1.0,0.0,1.0,16,5,8
13677,15,2,1,10,8,3,6,1,0,1,2,30,2,3,1.0,0.0,0.0,1.0,0.0,1.0,16,7,1
136342,15,2,1,0,6,3,0,1,0,1,2,18,2,2,0.0,0.0,0.0,0.0,0.0,3.0,22,4,9
104903,4,2,3,17,10,3,0,1,0,1,2,18,2,4,3.0,0.0,0.0,0.0,3.0,2.0,9,3,8
145792,16,2,3,10,2,3,0,1,1,1,2,8,2,2,0.0,0.0,0.0,0.0,0.0,3.0,17,7,10
146346,16,7,3,0,6,3,6,5,0,1,2,6,2,2,0.0,0.0,0.0,0.0,0.0,2.0,12,3,10
136360,16,2,1,17,8,3,0,1,0,0,2,6,2,2,0.0,0.0,0.0,0.0,0.0,2.0,2,5,9
39617,16,7,1,17,6,3,6,1,1,1,2,24,2,2,0.0,0.0,0.0,0.0,0.0,2.0,2,7,3
8308,16,2,2,17,8,3,0,1,1,1,2,24,2,2,0.0,0.0,0.0,0.0,0.0,2.0,9,6,1
80949,4,2,3,17,3,3,0,1,0,1,2,38,2,3,1.0,0.0,0.0,1.0,0.0,2.0,17,1,6
55419,16,2,0,10,6,3,0,1,1,1,2,17,2,2,0.0,0.0,0.0,0.0,0.0,3.0,22,7,4
171401,15,2,3,0,8,3,0,1,0,1,2,5,3,4,1.0,0.0,0.0,0.0,1.0,2.0,9,2,11
135132,16,2,1,10,6,3,0,1,1,1,1,17,2,2,0.0,0.0,0.0,0.0,0.0,2.0,11,1,9
20093,4,2,3,17,8,3,0,1,0,1,2,24,2,4,1.0,0.0,0.0,0.0,1.0,1.0,11,1,2
50574,16,2,1,10,15,3,0,1,1,1,2,19,2,2,0.0,0.0,0.0,0.0,0.0,2.0,22,3,4
11343,15,2,0,17,3,3,0,1,0,1,2,18,2,4,1.0,0.0,0.0,0.0,1.0,2.0,17,2,1
137073,15,2,0,0,8,3,0,1,0,1,2,36,2,4,1.0,0.0,0.0,0.0,1.0,2.0,3,7,9
73402,16,2,3,10,8,3,0,1,1,1,1,19,2,2,0.0,0.0,0.0,0.0,0.0,2.0,17,2,6
136481,16,2,3,10,8,3,0,5,1,1,0,19,2,2,0.0,0.0,0.0,0.0,0.0,2.0,16,3,9
133379,16,2,3,17,6,3,0,1,1,1,2,36,2,2,0.0,0.0,0.0,0.0,0.0,2.0,14,6,9
117131,16,2,1,3,8,3,0,1,0,1,2,11,2,2,0.0,0.0,0.0,0.0,0.0,3.0,23,6,8
142940,16,2,3,15,19,3,0,1,1,1,1,22,2,2,0.0,0.0,0.0,0.0,0.0,4.0,14,5,10
161506,16,10,3,0,2,3,4,1,1,1,2,17,2,2,0.0,0.0,0.0,0.0,0.0,2.0,6,2,11
86837,16,2,3,15,6,3,0,1,1,1,0,36,2,2,0.0,0.0,0.0,0.0,0.0,2.0,13,7,6
21653,15,7,3,17,8,3,6,1,0,1,2,24,2,2,0.0,0.0,0.0,0.0,0.0,3.0,16,5,2
120053,16,7,1,10,2,3,6,5,0,1,2,19,3,3,1.0,0.0,0.0,1.0,0.0,2.0,20,6,8
106120,16,2,3,15,2,3,0,1,0,1,2,36,2,2,0.0,0.0,0.0,0.0,0.0,2.0,10,1,8
78436,16,2,3,15,8,3,0,1,1,0,1,18,2,2,0.0,0.0,0.0,0.0,0.0,3.0,11,7,6
50336,4,2,3,0,2,3,0,1,0,1,2,36,2,4,1.0,0.0,0.0,0.0,1.0,1.0,17,5,4
55061,15,7,3,0,8,3,6,1,1,1,2,18,2,2,0.0,0.0,0.0,0.0,0.0,4.0,12,7,4
57552,4,3,3,10,2,3,0,1,1,1,2,17,2,2,0.0,0.0,0.0,0.0,0.0,2.0,9,6,5
2061,3,2,3,0,2,3,0,1,1,1,2,21,2,2,0.0,0.0,0.0,0.0,0.0,2.0,13,7,1
93756,16,2,4,14,6,3,0,1,0,1,2,6,3,1,4.0,0.0,1.0,0.0,3.0,1.0,0,2,7
151672,16,2,1,0,1,3,0,1,1,1,1,18,2,2,0.0,0.0,0.0,0.0,0.0,8.0,21,5,10
44154,4,10,3,17,3,3,6,1,0,1,1,18,2,1,1.0,0.0,1.0,0.0,0.0,4.0,16,5,4
182674,16,2,3,10,11,3,0,1,1,1,2,19,2,2,0.0,0.0,0.0,0.0,0.0,2.0,7,5,12
185345,16,2,3,9,10,3,0,1,0,1,1,36,2,3,1.0,0.0,0.0,1.0,0.0,2.0,9,2,12
135261,15,2,3,17,8,3,0,1,0,1,1,18,2,4,1.0,0.0,0.0,0.0,1.0,2.0,14,5,9
114481,18,2,1,17,6,3,0,1,0,1,2,36,2,3,1.0,0.0,0.0,1.0,0.0,2.0,23,1,8
156330,4,7,3,10,8,3,6,1,0,1,2,17,2,3,1.0,0.0,0.0,1.0,0.0,1.0,15,5,11
177319,15,2,3,0,8,3,0,1,1,1,2,5,3,2,0.0,0.0,0.0,0.0,0.0,5.0,8,3,12
117489,16,2,3,15,8,3,0,1,0,1,1,22,2,3,1.0,0.0,0.0,1.0,0.0,1.0,8,5,8
163499,15,2,3,15,2,3,0,1,1,1,2,36,2,2,0.0,0.0,0.0,0.0,0.0,2.0,15,5,11
160937,16,2,3,7,8,3,0,1,1,1,1,22,2,2,0.0,0.0,0.0,0.0,0.0,2.0,14,7,11
102647,15,2,3,10,2,3,0,1,1,1,1,19,2,2,0.0,0.0,0.0,0.0,0.0,2.0,9,5,7
109570,6,11,5,7,10,3,5,5,1,1,2,36,2,2,0.0,0.0,0.0,0.0,0.0,1.0,7,4,8
42552,4,2,3,17,2,3,0,1,1,1,2,18,2,2,0.0,0.0,0.0,0.0,0.0,3.0,18,6,4
7993,16,2,3,17,10,3,0,1,1,1,0,24,2,2,0.0,0.0,0.0,0.0,0.0,2.0,8,3,1
78429,16,2,1,17,8,3,0,5,1,1,2,24,2,2,0.0,0.0,0.0,0.0,0.0,2.0,21,7,6
114886,16,2,1,17,2,3,0,5,0,1,2,36,2,1,1.0,0.0,1.0,0.0,0.0,2.0,20,7,8
26660,16,2,3,0,8,3,0,1,1,1,2,6,2,2,0.0,0.0,0.0,0.0,0.0,2.0,12,1,2
55914,16,2,3,15,8,3,6,1,1,1,2,36,2,2,0.0,0.0,0.0,0.0,0.0,3.0,17,1,4
58417,15,2,3,0,6,3,0,5,0,1,2,36,2,4,1.0,0.0,0.0,0.0,1.0,1.0,16,1,5
44303,16,2,1,17,8,3,0,5,1,1,2,24,2,2,0.0,0.0,0.0,0.0,0.0,5.0,19,2,4
20154,15,2,3,0,2,3,2,1,0,1,2,18,2,2,0.0,0.0,0.0,0.0,0.0,2.0,16,2,2
117815,16,2,3,17,2,3,5,5,1,1,0,18,2,2,0.0,0.0,0.0,0.0,0.0,2.0,17,2,8
149824,16,2,3,10,10,3,0,1,0,1,2,19,3,2,0.0,0.0,0.0,0.0,0.0,9.0,11,1,10
118728,15,2,3,0,2,3,0,1,0,1,2,18,2,4,1.0,0.0,0.0,0.0,1.0,2.0,12,2,8
7434,16,2,3,0,6,4,4,1,0,1,2,6,2,3,2.0,0.0,0.0,1.0,1.0,0.0,13,2,1
18258,16,2,1,0,8,3,0,1,0,1,2,6,2,2,0.0,0.0,0.0,0.0,0.0,2.0,20,4,2
104124,16,2,3,0,6,3,0,1,0,1,2,18,2,3,2.0,0.0,0.0,2.0,0.0,2.0,8,5,8
60896,15,2,3,10,15,3,0,5,1,1,0,36,2,2,0.0,0.0,0.0,0.0,0.0,2.0,11,3,5
1180,15,2,1,13,8,3,0,1,0,0,2,26,2,2,0.0,0.0,0.0,0.0,0.0,2.0,17,6,1
13959,15,2,3,10,10,3,0,1,1,1,2,19,2,2,0.0,0.0,0.0,0.0,0.0,4.0,14,6,1
104321,16,2,1,0,8,3,0,1,1,1,0,6,2,2,0.0,0.0,0.0,0.0,0.0,3.0,1,2,8
83517,16,2,3,10,6,3,0,1,1,1,2,36,2,2,0.0,0.0,0.0,0.0,0.0,2.0,13,5,6
84145,16,11,5,17,5,3,5,1,1,1,2,36,2,2,0.0,0.0,0.0,0.0,0.0,6.0,15,1,6
49099,15,10,1,17,11,3,6,1,1,1,2,5,2,2,0.0,0.0,0.0,0.0,0.0,3.0,0,2,4
41659,16,2,3,17,3,3,0,1,1,1,2,23,2,2,0.0,0.0,0.0,0.0,0.0,3.0,7,4,3
164985,16,2,3,0,6,3,0,5,0,1,2,18,3,2,0.0,0.0,0.0,0.0,0.0,3.0,14,3,11
18543,4,10,0,15,15,3,4,5,1,1,2,36,2,2,0.0,0.0,0.0,0.0,0.0,2.0,19,2,2
125625,18,2,3,8,6,3,0,1,0,1,0,11,2,1,1.0,0.0,1.0,0.0,0.0,1.0,17,3,9
70929,16,2,3,10,8,3,0,1,1,1,2,36,2,2,0.0,0.0,0.0,0.0,0.0,2.0,18,1,5
36392,16,7,3,15,3,3,6,1,1,1,2,36,2,2,0.0,0.0,0.0,0.0,0.0,3.0,13,4,3
110207,16,2,3,17,6,3,0,1,1,1,2,36,2,2,0.0,0.0,0.0,0.0,0.0,2.0,9,6,8
4657,15,11,5,7,6,3,5,5,1,1,2,36,2,2,0.0,0.0,0.0,0.0,0.0,1.0,22,1,1
45374,16,2,3,15,10,3,6,1,1,1,2,18,2,2,0.0,0.0,0.0,0.0,0.0,3.0,12,6,4
98338,16,2,3,17,8,3,0,1,1,1,2,5,2,2,0.0,0.0,0.0,0.0,0.0,2.0,16,1,7
78867,15,2,3,10,6,3,5,5,1,1,1,19,2,2,0.0,0.0,0.0,0.0,0.0,2.0,14,6,6
63994,16,2,3,0,2,3,0,5,0,1,2,18,2,2,0.0,0.0,0.0,0.0,0.0,3.0,10,3,5
159389,16,2,3,15,6,3,0,1,1,1,2,12,2,2,0.0,0.0,0.0,0.0,0.0,2.0,12,5,11
88467,16,2,2,0,6,3,0,1,0,1,2,6,2,2,0.0,0.0,0.0,0.0,0.0,2.0,16,5,7
24510,16,2,2,17,8,3,0,1,1,1,2,22,2,2,0.0,0.0,0.0,0.0,0.0,2.0,5,5,2
33024,16,2,3,0,8,3,0,3,1,1,2,6,2,2,0.0,0.0,0.0,0.0,0.0,3.0,7,2,3
75655,15,2,4,17,15,3,0,1,1,1,2,18,2,2,0.0,0.0,0.0,0.0,0.0,4.0,19,7,6
68127,16,2,3,17,2,3,0,1,1,1,1,24,2,2,0.0,0.0,0.0,0.0,0.0,2.0,17,5,5
49037,15,2,3,0,2,3,0,1,1,1,2,36,2,2,0.0,0.0,0.0,0.0,0.0,3.0,11,1,4
15503,15,2,3,0,6,3,0,1,1,1,2,36,2,2,0.0,0.0,0.0,0.0,0.0,2.0,15,5,2
96511,15,2,3,0,6,3,0,1,1,1,2,18,2,2,0.0,0.0,0.0,0.0,0.0,3.0,13,4,7
75650,4,2,3,17,15,3,0,1,1,1,2,23,2,2,0.0,0.0,0.0,0.0,0.0,2.0,18,7,6
42518,15,2,3,0,6,3,0,2,0,1,2,5,2,2,0.0,0.0,0.0,0.0,0.0,3.0,12,5,4
94731,16,2,3,10,2,3,0,1,1,1,2,21,2,2,0.0,0.0,0.0,0.0,0.0,2.0,18,3,7
180395,16,2,1,15,3,3,0,1,1,1,2,36,2,2,0.0,0.0,0.0,0.0,0.0,3.0,18,3,12
168045,16,2,3,17,6,3,0,1,1,1,2,23,2,2,0.0,0.0,0.0,0.0,0.0,3.0,11,4,11
55098,15,2,3,15,3,3,0,5,1,1,1,36,2,2,0.0,0.0,0.0,0.0,0.0,2.0,19,1,4
113530,15,3,3,0,15,3,0,1,0,1,2,18,2,2,0.0,0.0,0.0,0.0,0.0,2.0,12,1,8
78067,16,2,1,0,6,3,0,1,0,1,2,36,2,4,1.0,0.0,0.0,0.0,1.0,2.0,21,2,6
95795,16,2,3,15,3,3,0,1,1,1,2,23,2,2,0.0,0.0,0.0,0.0,0.0,2.0,6,6,7
140822,15,2,3,0,8,3,0,1,1,1,0,18,2,2,0.0,0.0,0.0,0.0,0.0,2.0,7,5,10
130428,15,2,1,0,6,3,0,1,0,1,2,18,2,3,1.0,0.0,0.0,1.0,0.0,2.0,0,7,9
58082,15,2,3,10,3,3,0,1,1,1,2,19,2,2,0.0,0.0,0.0,0.0,0.0,3.0,18,1,5
47994,16,2,3,17,6,3,0,1,1,1,2,24,2,2,0.0,0.0,0.0,0.0,0.0,3.0,6,7,4
124185,4,2,3,2,8,3,0,5,1,1,2,36,1,2,0.0,0.0,0.0,0.0,0.0,4.0,17,4,9
152942,16,2,3,17,6,3,0,1,1,1,2,24,2,2,0.0,0.0,0.0,0.0,0.0,2.0,13,1,10
95478,16,2,3,17,6,3,0,1,0,1,2,6,2,4,3.0,0.0,0.0,0.0,3.0,1.0,18,2,7
110484,16,2,3,0,6,3,0,1,0,1,2,6,2,3,1.0,0.0,0.0,1.0,0.0,2.0,14,3,8
117452,4,7,1,2,8,3,6,1,0,1,2,36,1,1,1.0,0.0,1.0,0.0,0.0,0.0,2,5,8
159812,15,2,3,10,8,3,0,1,1,1,2,36,2,2,0.0,0.0,0.0,0.0,0.0,5.0,17,5,11
102482,17,2,3,17,6,3,5,5,1,1,2,36,2,2,0.0,0.0,0.0,0.0,0.0,2.0,15,2,7
112444,17,11,5,10,17,3,5,5,1,1,1,17,2,2,0.0,0.0,0.0,0.0,0.0,2.0,1,2,8
103326,16,2,3,0,6,3,0,1,1,1,1,6,2,2,0.0,0.0,0.0,0.0,0.0,2.0,10,1,7
63003,16,7,3,10,8,3,6,5,0,1,2,36,3,3,1.0,0.0,0.0,1.0,0.0,4.0,17,1,5
50140,15,2,1,17,6,3,0,1,0,1,2,18,2,3,1.0,0.0,0.0,1.0,0.0,1.0,22,2,4
29745,16,2,3,17,8,3,0,1,1,1,1,26,2,2,0.0,0.0,0.0,0.0,0.0,2.0,16,4,3
77401,16,2,1,17,15,3,0,1,0,1,2,36,2,1,1.0,0.0,1.0,0.0,0.0,1.0,1,7,6
86839,16,2,3,17,6,3,0,1,0,1,2,18,2,2,0.0,0.0,0.0,0.0,0.0,2.0,13,7,6
27985,16,2,3,10,3,3,0,1,1,0,2,36,2,2,0.0,0.0,0.0,0.0,0.0,2.0,15,3,2
56347,16,2,3,17,15,3,0,1,1,1,2,24,2,2,0.0,0.0,0.0,0.0,0.0,3.0,12,1,5
43437,16,2,3,10,8,3,0,1,1,1,2,19,2,2,0.0,0.0,0.0,0.0,0.0,2.0,12,7,4
9134,15,2,1,0,8,3,0,1,1,1,1,36,2,2,0.0,0.0,0.0,0.0,0.0,2.0,16,5,1
110389,16,2,3,10,8,3,0,1,1,1,2,19,3,2,0.0,0.0,0.0,0.0,0.0,4.0,15,1,8
15299,16,2,3,10,8,3,6,1,1,1,2,19,2,2,0.0,0.0,0.0,0.0,0.0,2.0,13,2,2
62610,4,2,3,10,2,3,0,1,1,1,1,19,2,2,0.0,0.0,0.0,0.0,0.0,2.0,13,1,5
90024,16,2,1,10,8,3,0,1,0,0,2,26,2,2,0.0,0.0,0.0,0.0,0.0,3.0,1,1,7
111122,16,2,1,17,10,3,0,1,1,1,2,24,2,2,0.0,0.0,0.0,0.0,0.0,2.0,21,6,8
30061,16,2,3,17,10,3,0,1,1,1,2,36,2,2,0.0,0.0,0.0,0.0,0.0,2.0,18,7,3
5564,4,2,3,10,8,3,0,1,1,1,1,36,2,2,0.0,0.0,0.0,0.0,0.0,2.0,2,7,1
122099,16,2,1,10,6,3,0,1,1,1,0,12,2,2,0.0,0.0,0.0,0.0,0.0,2.0,0,1,9
114100,4,7,3,17,2,3,6,1,0,1,2,17,2,2,0.0,0.0,0.0,0.0,0.0,2.0,15,2,8
41028,15,7,1,0,3,3,6,1,1,1,2,5,2,2,0.0,0.0,0.0,0.0,0.0,4.0,3,5,3
133724,4,2,3,10,8,3,0,1,1,0,2,36,2,2,0.0,0.0,0.0,0.0,0.0,2.0,16,3,9
103635,4,2,3,15,8,3,0,1,1,1,0,36,2,2,0.0,0.0,0.0,0.0,0.0,2.0,19,6,7
136947,4,2,3,5,2,3,0,1,0,1,2,17,2,2,0.0,0.0,0.0,0.0,0.0,1.0,7,6,9
169939,16,2,3,0,8,3,0,1,0,1,2,18,2,2,0.0,0.0,0.0,0.0,0.0,2.0,12,6,11
131645,16,2,1,15,6,3,6,1,1,1,2,28,3,2,0.0,0.0,0.0,0.0,0.0,6.0,20,3,9
133558,16,2,3,0,6,3,0,1,0,1,2,36,2,2,0.0,0.0,0.0,0.0,0.0,2.0,12,2,9
185519,15,7,1,2,6,3,6,5,0,1,2,36,1,2,0.0,0.0,0.0,0.0,0.0,2.0,23,6,12
61834,16,2,3,0,6,3,0,1,0,1,1,36,2,3,3.0,0.0,0.0,3.0,0.0,2.0,11,4,5
52863,16,2,3,17,2,3,0,1,0,1,2,6,2,2,0.0,0.0,0.0,0.0,0.0,3.0,16,2,4
167175,16,2,1,0,8,3,0,1,1,1,1,6,2,2,0.0,0.0,0.0,0.0,0.0,2.0,1,5,11
122325,16,2,3,0,8,3,0,1,1,1,1,6,2,2,0.0,0.0,0.0,0.0,0.0,2.0,10,3,9
181594,16,11,5,10,6,3,5,5,1,1,0,36,2,2,0.0,0.0,0.0,0.0,0.0,2.0,16,6,12
115126,16,2,1,9,8,3,0,1,0,1,0,36,2,4,1.0,0.0,0.0,0.0,1.0,1.0,20,3,8
11780,16,2,3,0,8,3,5,1,1,1,2,18,2,2,0.0,0.0,0.0,0.0,0.0,3.0,15,3,1
65790,16,2,3,17,8,3,0,1,1,1,2,18,2,2,0.0,0.0,0.0,0.0,0.0,2.0,13,5,5
104779,15,2,3,0,15,3,0,1,1,1,2,18,2,2,0.0,0.0,0.0,0.0,0.0,3.0,9,1,8
151289,4,7,3,17,2,3,6,1,0,1,2,36,3,3,1.0,0.0,0.0,1.0,0.0,3.0,10,1,10
155992,16,7,1,10,2,3,6,1,0,1,1,36,2,3,1.0,0.0,0.0,1.0,0.0,1.0,0,1,11
96190,16,7,3,10,10,3,6,1,1,1,2,17,2,2,0.0,0.0,0.0,0.0,0.0,2.0,18,4,7
154334,16,11,0,0,15,3,5,5,1,1,2,18,2,2,0.0,0.0,0.0,0.0,0.0,2.0,4,1,10
50163,16,2,3,0,6,3,0,1,1,1,1,18,2,2,0.0,0.0,0.0,0.0,0.0,2.0,16,3,4
146717,15,2,3,17,6,3,0,1,1,1,1,36,2,2,0.0,0.0,0.0,0.0,0.0,2.0,17,1,10
52353,4,2,3,0,2,3,0,1,1,1,2,36,2,2,0.0,0.0,0.0,0.0,0.0,2.0,15,7,4
128364,16,2,3,17,2,3,0,1,0,1,2,18,3,2,0.0,0.0,0.0,0.0,0.0,4.0,15,6,9
7404,16,2,1,10,6,3,0,1,0,1,2,36,2,4,2.0,0.0,0.0,0.0,2.0,1.0,3,1,1
83275,16,2,3,17,6,3,0,1,1,1,2,19,2,2,0.0,0.0,0.0,0.0,0.0,2.0,14,7,6
96723,15,3,3,8,8,4,6,1,0,1,2,5,2,3,1.0,0.0,0.0,1.0,0.0,1.0,7,5,7
111570,16,2,3,17,8,3,0,1,0,1,2,18,2,3,1.0,0.0,0.0,1.0,0.0,2.0,15,5,8
98144,16,2,1,8,8,3,0,1,1,1,0,19,2,2,0.0,0.0,0.0,0.0,0.0,2.0,22,7,7
98736,16,7,1,0,8,3,6,2,1,1,2,6,2,2,0.0,0.0,0.0,0.0,0.0,2.0,2,7,7
74020,16,2,3,0,8,3,0,1,0,1,2,18,2,3,1.0,0.0,0.0,1.0,0.0,3.0,18,4,6
59456,16,2,4,0,6,3,0,1,0,1,2,6,2,3,1.0,0.0,0.0,1.0,0.0,3.0,19,3,5
159367,16,2,3,17,8,3,0,5,1,1,2,18,2,2,0.0,0.0,0.0,0.0,0.0,3.0,9,5,11
137803,16,2,3,10,8,3,0,1,1,1,1,36,2,2,0.0,0.0,0.0,0.0,0.0,2.0,14,5,10
118994,15,2,3,0,6,3,0,1,0,1,2,17,2,2,0.0,0.0,0.0,0.0,0.0,2.0,18,5,8
86075,4,2,3,17,6,3,0,1,1,1,2,26,2,2,0.0,0.0,0.0,0.0,0.0,2.0,9,2,6
51222,16,2,3,10,8,3,0,1,1,1,2,19,2,2,0.0,0.0,0.0,0.0,0.0,2.0,10,5,4
169445,15,2,3,0,8,3,0,1,0,1,2,36,2,3,3.0,0.0,0.0,3.0,0.0,1.0,11,5,11
97380,16,11,1,17,11,3,5,5,1,1,1,36,2,2,0.0,0.0,0.0,0.0,0.0,2.0,3,2,7
77838,15,11,5,17,17,3,5,5,1,1,1,18,2,2,0.0,0.0,0.0,0.0,0.0,2.0,18,6,6
72535,16,2,3,10,3,3,0,5,1,1,1,36,2,2,0.0,0.0,0.0,0.0,0.0,2.0,13,4,6
58846,15,2,1,0,6,3,0,1,0,1,2,5,2,4,1.0,0.0,0.0,0.0,1.0,3.0,2,7,5
101956,16,2,0,0,6,3,0,1,0,1,2,7,2,3,2.0,0.0,0.0,2.0,0.0,0.0,4,1,7
22759,16,2,3,17,2,3,4,1,0,1,2,36,2,1,1.0,0.0,1.0,0.0,0.0,1.0,15,4,2
138797,4,2,4,0,8,3,0,1,0,1,2,36,2,2,0.0,0.0,0.0,0.0,0.0,2.0,17,3,10
177556,16,3,3,17,6,3,0,1,1,1,2,18,2,2,0.0,0.0,0.0,0.0,0.0,2.0,11,7,12
116565,15,2,3,17,6,3,0,1,0,1,2,18,2,2,0.0,0.0,0.0,0.0,0.0,2.0,18,5,8
171945,16,11,5,10,3,3,5,5,1,1,2,19,2,2,0.0,0.0,0.0,0.0,0.0,3.0,11,3,11
1286,16,2,1,9,6,3,0,1,0,1,0,18,2,1,1.0,0.0,1.0,0.0,0.0,1.0,18,2,1
172059,16,2,3,15,8,3,0,5,1,0,2,36,2,2,0.0,0.0,0.0,0.0,0.0,4.0,8,5,11
60248,15,2,3,0,6,3,0,6,0,1,2,36,2,4,1.0,0.0,0.0,0.0,1.0,2.0,11,7,5
130435,16,2,1,0,6,3,0,1,0,1,2,36,2,4,2.0,0.0,0.0,0.0,2.0,3.0,1,1,9
68322,15,2,3,0,3,3,0,1,0,1,2,18,2,1,1.0,0.0,1.0,0.0,0.0,1.0,19,2,5