crash_date,               traffic_control_device,weather_condition,lighting_condition,first_crash_type,trafficway_type,alignment,roadway_surface_cond,road_defect,crash_type,intersection_related_i,damage,prim_contributory_cause,num_units,most_severe_injury,injuries_total,injuries_fatal,injuries_incapacitating,injuries_non_incapacitating,injuries_reported_not_evident,injuries_no_indication,crash_hour,crash_day_of_week,crash_month
96402,16,3,3,17,2,3,5,5,1,1,2,12,2,2,0.0,0.0,0.0,0.0,0.0,2.0,14,1,7
155473,15,2,3,10,6,3,0,1,1,1,0,12,2,2,0.0,0.0,0.0,0.0,0.0,2.0,12,1,10
46664,16,2,3,15,8,3,0,1,1,1,2,22,2,2,0.0,0.0,0.0,0.0,0.0,2.0,7,4,4
28261,16,7,3,17,8,3,5,5,1,1,1,22,2,2,0.0,0.0,0.0,0.0,0.0,2.0,15,4,3
140866,16,2,3,10,15,3,5,5,1,1,2,36,2,2,0.0,0.0,0.0,0.0,0.0,3.0,14,6,10
149196,15,2,3,0,8,3,0,1,0,1,2,18,2,4,1.0,0.0,0.0,0.0,1.0,1.0,17,7,10
136682,4,7,2,3,18,0,6,1,0,1,1,36,2,3,1.0,0.0,0.0,1.0,0.0,8.0,6,1,9
152750,4,2,1,17,6,3,0,5,0,1,2,36,2,3,1.0,0.0,0.0,1.0,0.0,1.0,21,7,10
113461,4,11,1,0,2,3,5,5,1,1,1,6,2,2,0.0,0.0,0.0,0.0,0.0,2.0,23,6,8
77280,16,2,3,10,8,3,0,1,1,1,2,36,2,2,0.0,0.0,0.0,0.0,0.0,2.0,13,5,6
106687,15,2,3,17,8,3,0,1,0,1,1,18,2,3,4.0,0.0,0.0,3.0,1.0,1.0,14,7,8
166844,16,2,1,0,6,3,0,1,0,1,2,6,2,4,1.0,0.0,0.0,0.0,1.0,1.0,23,1,11
172174,16,11,1,2,2,3,6,1,0,1,2,16,1,2,0.0,0.0,0.0,0.0,0.0,2.0,23,5,12
61118,15,7,3,0,10,3,6,1,0,1,2,18,2,4,3.0,0.0,0.0,0.0,3.0,2.0,7,6,5
70476,16,11,5,10,10,3,2,1,1,0,1,19,2,2,0.0,0.0,0.0,0.0,0.0,2.0,18,1,5
129175,15,2,1,10,10,3,0,1,1,1,0,19,2,2,0.0,0.0,0.0,0.0,0.0,2.0,21,4,9
150355,16,11,3,10,8,3,6,1,1,1,2,19,2,2,0.0,0.0,0.0,0.0,0.0,2.0,13,2,10
85759,16,2,2,17,8,3,0,1,1,1,2,23,2,2,0.0,0.0,0.0,0.0,0.0,2.0,5,3,6
14554,16,2,1,17,6,3,6,1,0,1,2,18,2,3,1.0,0.0,0.0,1.0,0.0,1.0,4,3,1
25929,15,2,3,17,6,3,0,1,1,1,2,18,2,2,0.0,0.0,0.0,0.0,0.0,3.0,15,4,2
87729,4,2,3,10,8,3,0,1,0,1,2,26,2,2,0.0,0.0,0.0,0.0,0.0,2.0,15,1,6
33228,16,2,3,7,2,3,0,1,0,1,2,23,3,2,0.0,0.0,0.0,0.0,0.0,5.0,13,7,3
125747,17,2,3,17,8,3,0,1,0,1,2,24,2,2,0.0,0.0,0.0,0.0,0.0,2.0,15,6,9
79006,16,2,1,17,2,3,0,1,0,1,2,6,3,3,4.0,0.0,0.0,2.0,2.0,1.0,0,1,6
67265,16,2,3,17,10,3,0,1,1,1,1,23,2,2,0.0,0.0,0.0,0.0,0.0,2.0,12,5,5
141049,11,2,1,15,2,3,0,1,1,1,0,36,2,2,0.0,0.0,0.0,0.0,0.0,2.0,23,6,10
77900,16,7,3,17,2,3,6,5,1,1,2,6,2,2,0.0,0.0,0.0,0.0,0.0,2.0,16,7,6
66610,16,2,3,17,8,3,0,1,0,1,2,16,2,3,1.0,0.0,0.0,1.0,0.0,1.0,8,3,5
186644,4,2,4,3,8,3,0,1,0,1,2,36,2,1,3.0,0.0,1.0,2.0,0.0,0.0,16,6,12
107730,4,2,1,2,8,3,0,1,0,1,2,26,1,3,2.0,0.0,0.0,2.0,0.0,0.0,3,3,8
93169,16,2,3,9,6,3,0,1,0,1,0,18,2,3,1.0,0.0,0.0,1.0,0.0,1.0,8,7,7
137831,16,2,4,17,6,3,6,1,1,1,2,18,2,2,0.0,0.0,0.0,0.0,0.0,2.0,18,5,10
143731,15,7,1,17,2,3,6,1,1,1,2,36,2,2,0.0,0.0,0.0,0.0,0.0,2.0,20,2,10
188380,15,2,3,17,6,3,0,1,0,1,2,18,2,3,2.0,0.0,0.0,2.0,0.0,1.0,13,6,12
181282,16,2,1,0,6,3,6,5,1,1,2,18,2,2,0.0,0.0,0.0,0.0,0.0,3.0,0,2,12
106702,15,2,1,9,8,3,0,1,0,0,2,36,2,1,1.0,0.0,1.0,0.0,0.0,1.0,22,7,8
129471,16,2,3,10,3,2,0,1,0,1,2,12,2,2,0.0,0.0,0.0,0.0,0.0,3.0,11,2,9
100836,17,11,1,0,2,3,5,5,0,1,2,18,2,3,1.0,0.0,0.0,1.0,0.0,3.0,21,5,7
176896,15,7,1,0,15,3,6,1,1,1,2,5,2,2,0.0,0.0,0.0,0.0,0.0,2.0,17,6,12
142406,16,2,1,10,18,3,0,5,1,1,2,36,2,2,0.0,0.0,0.0,0.0,0.0,2.0,20,4,10
55085,16,2,3,4,2,3,0,1,1,1,2,26,2,2,0.0,0.0,0.0,0.0,0.0,2.0,17,1,4
130188,16,2,3,9,3,3,0,1,0,0,0,36,2,3,1.0,0.0,0.0,1.0,0.0,1.0,6,3,9
124368,16,2,3,10,2,3,0,1,1,1,1,19,2,2,0.0,0.0,0.0,0.0,0.0,2.0,14,5,9
113393,16,2,3,9,8,3,0,1,0,1,2,18,2,4,1.0,0.0,0.0,0.0,1.0,1.0,12,5,8
33731,16,7,3,17,8,3,6,1,1,1,2,17,2,2,0.0,0.0,0.0,0.0,0.0,2.0,11,1,3
99292,16,2,3,10,2,3,0,1,1,1,2,19,3,2,0.0,0.0,0.0,0.0,0.0,3.0,18,2,7
42169,16,7,3,17,2,3,6,1,0,1,2,36,2,3,1.0,0.0,0.0,1.0,0.0,1.0,8,6,3
149200,16,2,0,17,1,3,0,5,0,1,2,36,2,4,1.0,0.0,0.0,0.0,1.0,1.0,5,7,10
143953,4,2,1,10,2,3,0,1,0,0,2,19,2,2,0.0,0.0,0.0,0.0,0.0,2.0,19,6,10
69831,16,2,3,17,8,3,0,1,0,1,2,36,2,2,0.0,0.0,0.0,0.0,0.0,2.0,15,5,5
137309,16,2,3,8,6,3,0,1,1,1,1,18,2,2,0.0,0.0,0.0,0.0,0.0,2.0,17,5,9
157727,16,2,1,17,6,3,0,1,1,1,2,24,2,2,0.0,0.0,0.0,0.0,0.0,2.0,3,5,11
53624,4,2,3,17,2,3,0,1,1,1,2,19,2,2,0.0,0.0,0.0,0.0,0.0,2.0,7,6,4
29511,16,2,3,10,10,3,0,1,1,1,2,19,2,2,0.0,0.0,0.0,0.0,0.0,2.0,10,6,3
108589,17,11,5,17,8,3,5,5,1,1,2,36,2,2,0.0,0.0,0.0,0.0,0.0,2.0,13,4,8
150652,15,7,3,17,10,4,6,1,1,1,1,36,2,2,0.0,0.0,0.0,0.0,0.0,2.0,12,6,10
146596,15,2,4,17,2,3,0,5,1,1,2,5,2,2,0.0,0.0,0.0,0.0,0.0,2.0,18,6,10
76232,16,2,3,0,6,3,6,1,0,1,2,18,3,3,3.0,0.0,0.0,3.0,0.0,1.0,19,3,6
187646,15,10,0,9,8,3,4,1,0,1,0,36,2,3,1.0,0.0,0.0,1.0,0.0,1.0,20,7,12
79905,4,2,3,17,11,3,0,1,1,1,0,26,2,2,0.0,0.0,0.0,0.0,0.0,2.0,16,6,6
166865,4,2,0,10,8,3,0,1,1,1,2,19,2,2,0.0,0.0,0.0,0.0,0.0,2.0,16,2,11
16014,16,2,1,10,2,3,0,1,1,1,2,19,2,2,0.0,0.0,0.0,0.0,0.0,2.0,2,7,2
28905,15,2,3,0,6,3,0,1,1,1,2,36,2,2,0.0,0.0,0.0,0.0,0.0,3.0,8,2,3
85289,15,2,3,0,2,3,0,1,0,1,2,18,2,3,4.0,0.0,0.0,3.0,1.0,0.0,10,3,6
58147,16,7,3,17,6,3,6,1,0,1,2,18,2,3,2.0,0.0,0.0,2.0,0.0,1.0,7,3,5
79741,15,2,3,0,6,3,0,1,1,1,2,5,2,2,0.0,0.0,0.0,0.0,0.0,2.0,12,4,6
4206,16,2,1,10,8,3,0,5,1,1,0,12,3,2,0.0,0.0,0.0,0.0,0.0,3.0,16,2,1
73112,16,2,3,10,6,3,0,1,1,1,2,28,2,2,0.0,0.0,0.0,0.0,0.0,2.0,9,5,6
68893,15,2,3,0,6,3,0,1,0,1,2,17,2,3,2.0,0.0,0.0,1.0,1.0,0.0,18,4,5
156997,16,11,5,17,1,3,5,5,1,1,2,36,2,2,0.0,0.0,0.0,0.0,0.0,2.0,17,7,11
127648,16,2,3,17,2,3,0,1,1,1,2,18,2,2,0.0,0.0,0.0,0.0,0.0,2.0,8,4,9
67073,16,2,3,15,11,3,0,1,1,1,1,36,2,2,0.0,0.0,0.0,0.0,0.0,2.0,15,3,5
136018,15,3,3,8,2,3,6,1,0,1,2,11,2,3,1.0,0.0,0.0,1.0,0.0,2.0,18,6,9
52675,16,2,3,0,8,3,0,1,0,1,2,36,2,4,1.0,0.0,0.0,0.0,1.0,1.0,8,4,4
114298,16,2,3,17,6,3,0,1,1,1,1,35,2,2,0.0,0.0,0.0,0.0,0.0,2.0,16,6,8
187882,16,2,4,17,6,3,5,5,1,1,1,24,2,2,0.0,0.0,0.0,0.0,0.0,2.0,17,5,12
104555,16,7,3,17,8,3,0,1,1,0,2,22,2,2,0.0,0.0,0.0,0.0,0.0,2.0,18,4,8
155651,16,2,1,17,8,3,0,1,1,1,1,18,2,2,0.0,0.0,0.0,0.0,0.0,2.0,20,5,10
36698,16,2,1,0,2,3,0,1,0,1,2,6,2,2,0.0,0.0,0.0,0.0,0.0,2.0,7,7,3
106690,16,2,3,10,2,3,0,5,0,1,1,19,2,3,1.0,0.0,0.0,1.0,0.0,2.0,15,7,8
69970,15,2,3,0,10,3,5,5,1,1,0,18,2,2,0.0,0.0,0.0,0.0,0.0,2.0,15,7,5
131269,15,2,3,0,8,3,0,1,0,1,2,5,2,2,0.0,0.0,0.0,0.0,0.0,2.0,13,4,9
172827,15,7,1,17,8,3,6,1,0,1,2,6,2,3,1.0,0.0,0.0,1.0,0.0,1.0,15,1,12
104568,16,2,3,7,8,3,0,1,0,1,2,17,2,2,0.0,0.0,0.0,0.0,0.0,1.0,10,4,8
16914,16,3,3,17,8,3,6,1,0,1,2,18,2,2,0.0,0.0,0.0,0.0,0.0,3.0,7,2,2
123837,16,2,3,0,8,3,0,1,1,1,1,6,2,2,0.0,0.0,0.0,0.0,0.0,2.0,14,5,9
12758,16,10,1,17,8,3,6,1,1,0,0,31,2,2,0.0,0.0,0.0,0.0,0.0,2.0,17,5,1
149714,16,2,3,15,2,3,0,1,1,1,1,36,2,2,0.0,0.0,0.0,0.0,0.0,3.0,12,2,10
32543,16,2,3,10,8,3,0,1,1,1,2,19,2,2,0.0,0.0,0.0,0.0,0.0,2.0,12,7,3
31441,4,2,3,17,2,3,0,1,1,1,1,24,2,2,0.0,0.0,0.0,0.0,0.0,2.0,10,4,3
141736,4,2,3,0,8,3,0,1,1,1,2,18,2,2,0.0,0.0,0.0,0.0,0.0,2.0,14,2,10
12323,15,7,0,17,6,3,6,5,1,1,1,39,2,2,0.0,0.0,0.0,0.0,0.0,2.0,17,5,1
148183,15,2,1,10,8,3,0,1,1,1,2,36,2,2,0.0,0.0,0.0,0.0,0.0,4.0,2,7,10
26712,16,2,3,10,8,3,0,1,1,1,1,19,2,2,0.0,0.0,0.0,0.0,0.0,3.0,14,2,2
125317,16,2,3,17,6,3,0,6,0,1,2,12,4,2,0.0,0.0,0.0,0.0,0.0,3.0,11,6,9
97546,16,2,3,17,5,3,0,1,1,1,2,36,2,2,0.0,0.0,0.0,0.0,0.0,5.0,7,4,7
113356,4,2,3,8,8,3,0,5,0,1,0,38,2,1,1.0,0.0,1.0,0.0,0.0,1.0,18,5,8
121850,16,2,3,0,1,3,0,1,0,1,2,18,2,2,0.0,0.0,0.0,0.0,0.0,2.0,15,5,9
156274,15,2,3,0,10,3,0,1,0,1,2,18,2,4,1.0,0.0,0.0,0.0,1.0,1.0,12,6,11
159943,4,2,3,7,12,3,0,1,1,0,2,26,3,2,0.0,0.0,0.0,0.0,0.0,3.0,13,1,11
47674,4,7,1,15,10,3,6,1,1,1,2,22,2,2,0.0,0.0,0.0,0.0,0.0,2.0,20,6,4
83982,4,3,3,11,8,3,0,1,0,1,2,21,2,3,1.0,0.0,0.0,1.0,0.0,1.0,11,4,6
76100,4,7,1,2,8,3,6,1,0,0,2,39,1,2,0.0,0.0,0.0,0.0,0.0,1.0,4,7,6
144115,15,3,3,0,8,3,0,1,0,0,2,38,2,4,1.0,0.0,0.0,0.0,1.0,1.0,15,6,10
153635,16,2,3,10,8,3,0,1,1,1,0,36,2,2,0.0,0.0,0.0,0.0,0.0,2.0,17,5,10
173202,16,2,3,17,6,3,0,1,1,1,2,19,2,2,0.0,0.0,0.0,0.0,0.0,2.0,11,2,12
77111,17,2,1,7,8,3,0,1,1,1,1,22,2,2,0.0,0.0,0.0,0.0,0.0,4.0,1,1,6
136518,4,2,3,0,8,3,0,1,0,1,2,18,2,1,2.0,0.0,1.0,1.0,0.0,0.0,13,6,9
177917,16,2,1,0,6,3,0,1,1,1,2,4,2,2,0.0,0.0,0.0,0.0,0.0,3.0,23,4,12
74964,4,2,3,17,6,3,0,1,1,1,2,18,2,2,0.0,0.0,0.0,0.0,0.0,2.0,12,5,6
129675,17,4,3,9,18,3,5,5,0,1,2,36,2,3,1.0,0.0,0.0,1.0,0.0,1.0,6,3,9
96648,15,2,3,17,8,3,0,5,1,1,1,36,2,2,0.0,0.0,0.0,0.0,0.0,2.0,17,4,7
56661,16,2,3,17,6,3,0,1,1,1,2,36,2,2,0.0,0.0,0.0,0.0,0.0,2.0,13,7,5
121625,16,2,3,15,2,3,0,1,1,1,2,23,2,2,0.0,0.0,0.0,0.0,0.0,2.0,14,5,9
38710,15,7,3,17,3,3,6,1,1,1,2,24,2,2,0.0,0.0,0.0,0.0,0.0,2.0,17,4,3
125762,16,2,3,17,6,3,0,1,0,1,2,18,2,2,0.0,0.0,0.0,0.0,0.0,3.0,17,6,9
107866,16,2,3,0,8,4,0,1,0,1,2,6,2,2,0.0,0.0,0.0,0.0,0.0,3.0,18,5,8
134412,15,2,3,0,6,3,0,1,0,1,2,18,2,2,0.0,0.0,0.0,0.0,0.0,2.0,8,6,9
40881,16,2,3,17,8,3,0,1,0,1,2,36,2,2,0.0,0.0,0.0,0.0,0.0,4.0,15,3,3
116338,15,2,3,7,8,3,0,1,0,1,2,36,2,2,0.0,0.0,0.0,0.0,0.0,1.0,11,7,8
83447,15,2,3,10,6,3,0,1,1,1,2,19,2,2,0.0,0.0,0.0,0.0,0.0,2.0,11,3,6
182195,17,7,1,11,6,3,6,1,0,1,2,36,4,4,1.0,0.0,0.0,0.0,1.0,3.0,2,7,12
37076,17,11,1,15,17,3,5,5,1,1,2,23,2,2,0.0,0.0,0.0,0.0,0.0,2.0,23,1,3
168119,16,2,3,10,8,3,6,1,1,1,2,19,2,2,0.0,0.0,0.0,0.0,0.0,4.0,7,2,11
24634,16,2,1,10,6,3,6,5,0,1,2,28,2,3,1.0,0.0,0.0,1.0,0.0,2.0,19,1,2
8961,15,2,3,0,6,3,0,5,1,1,2,38,2,2,0.0,0.0,0.0,0.0,0.0,3.0,8,3,1
73644,16,2,1,3,1,3,0,1,0,1,2,22,2,1,3.0,0.0,1.0,1.0,1.0,3.0,22,6,6
139112,16,7,1,2,15,3,6,1,0,1,1,36,1,2,0.0,0.0,0.0,0.0,0.0,3.0,19,1,10
44987,16,2,3,10,8,3,0,1,1,1,1,36,2,2,0.0,0.0,0.0,0.0,0.0,3.0,16,7,4
30196,16,2,3,15,10,3,0,1,1,1,1,23,2,2,0.0,0.0,0.0,0.0,0.0,2.0,10,3,3
94885,4,2,3,17,8,3,0,1,1,1,1,17,2,2,0.0,0.0,0.0,0.0,0.0,2.0,14,6,7
108126,4,2,3,7,6,3,0,1,1,0,2,36,2,2,0.0,0.0,0.0,0.0,0.0,1.0,10,3,8
109885,16,3,3,15,8,3,0,1,0,1,1,12,2,2,0.0,0.0,0.0,0.0,0.0,2.0,12,7,8
8408,16,2,1,10,8,3,0,1,1,1,1,19,2,2,0.0,0.0,0.0,0.0,0.0,3.0,21,2,1
44417,16,3,3,15,6,3,0,1,1,1,1,22,2,2,0.0,0.0,0.0,0.0,0.0,2.0,12,4,4
101064,4,2,3,0,16,3,0,1,0,1,2,36,2,2,0.0,0.0,0.0,0.0,0.0,3.0,14,3,7
10186,15,2,3,7,10,3,1,1,1,1,1,36,2,2,0.0,0.0,0.0,0.0,0.0,1.0,15,3,1
73536,15,2,3,17,6,3,6,1,1,1,2,12,2,2,0.0,0.0,0.0,0.0,0.0,2.0,15,5,6
159071,15,11,3,0,6,3,5,5,0,1,2,5,2,4,5.0,0.0,0.0,0.0,5.0,1.0,8,2,11
144476,16,2,1,10,6,3,0,1,1,1,2,19,2,2,0.0,0.0,0.0,0.0,0.0,2.0,18,5,10
133404,4,2,0,10,2,3,5,5,1,1,2,19,2,2,0.0,0.0,0.0,0.0,0.0,3.0,18,6,9
98143,16,2,3,17,8,3,5,5,1,1,1,36,2,2,0.0,0.0,0.0,0.0,0.0,3.0,10,7,7
47259,16,2,3,17,2,3,0,1,1,1,2,36,2,2,0.0,0.0,0.0,0.0,0.0,3.0,10,6,4
104169,16,7,3,10,2,3,6,5,1,1,2,19,2,2,0.0,0.0,0.0,0.0,0.0,2.0,17,7,8
92852,4,2,3,17,2,3,0,1,0,1,2,18,3,2,0.0,0.0,0.0,0.0,0.0,4.0,9,2,7
89816,16,2,3,10,2,3,0,1,1,0,2,19,2,2,0.0,0.0,0.0,0.0,0.0,2.0,11,5,7
67370,16,2,3,17,6,3,0,1,0,1,2,36,2,2,0.0,0.0,0.0,0.0,0.0,5.0,7,1,5
51846,15,11,5,0,6,3,5,5,0,1,2,26,2,4,2.0,0.0,0.0,0.0,2.0,0.0,18,5,4
44010,16,2,3,17,8,3,6,1,1,1,2,36,2,2,0.0,0.0,0.0,0.0,0.0,2.0,8,3,4
57738,15,2,3,17,15,3,0,1,0,1,2,18,2,2,0.0,0.0,0.0,0.0,0.0,2.0,16,4,5
124008,16,2,1,17,8,3,0,1,0,1,2,19,2,3,2.0,0.0,0.0,1.0,1.0,0.0,20,7,9
154388,16,2,5,17,11,3,0,1,0,1,2,24,2,3,1.0,0.0,0.0,1.0,0.0,1.0,18,3,10
142433,16,2,3,17,8,3,0,1,1,1,2,18,2,2,0.0,0.0,0.0,0.0,0.0,2.0,14,6,10
69213,4,2,3,15,2,3,0,5,1,0,1,23,2,2,0.0,0.0,0.0,0.0,0.0,2.0,12,7,5
15004,16,2,3,10,2,3,0,1,1,1,2,36,2,2,0.0,0.0,0.0,0.0,0.0,2.0,8,3,1
12582,15,2,3,5,10,3,0,1,0,1,2,22,1,3,1.0,0.0,0.0,1.0,0.0,0.0,7,1,1
116492,16,11,5,14,6,3,5,5,1,1,2,36,2,2,0.0,0.0,0.0,0.0,0.0,2.0,17,4,8
4159,16,2,3,0,6,3,0,1,0,1,2,36,2,2,0.0,0.0,0.0,0.0,0.0,9.0,13,1,1
68969,16,2,3,15,8,3,0,1,1,1,1,36,2,2,0.0,0.0,0.0,0.0,0.0,2.0,17,5,5
88101,4,2,3,2,10,3,0,1,0,1,2,22,1,3,2.0,0.0,0.0,2.0,0.0,1.0,13,6,7
152457,16,7,1,0,6,3,6,1,0,0,2,36,2,2,0.0,0.0,0.0,0.0,0.0,2.0,1,2,10
34634,16,2,3,0,2,3,0,1,0,1,2,6,2,3,2.0,0.0,0.0,2.0,0.0,0.0,9,2,3
36367,15,2,3,17,2,3,0,1,1,1,2,18,2,2,0.0,0.0,0.0,0.0,0.0,2.0,7,2,3
149737,16,2,3,10,10,3,0,1,1,1,1,19,2,2,0.0,0.0,0.0,0.0,0.0,2.0,14,7,10
143125,4,2,3,10,8,3,0,1,0,1,2,30,2,1,2.0,0.0,1.0,1.0,0.0,0.0,10,1,10
6685,16,2,1,15,6,3,0,1,1,1,2,22,2,2,0.0,0.0,0.0,0.0,0.0,2.0,19,3,1
37036,16,2,1,17,2,3,0,1,1,1,2,24,2,2,0.0,0.0,0.0,0.0,0.0,5.0,1,1,3
175965,15,2,3,15,8,3,0,1,1,1,2,36,2,2,0.0,0.0,0.0,0.0,0.0,2.0,15,5,12
62541,16,7,3,0,6,3,6,1,0,1,2,6,2,3,3.0,0.0,0.0,3.0,0.0,0.0,16,2,5
45325,15,7,0,17,6,3,6,1,0,1,2,18,2,2,0.0,0.0,0.0,0.0,0.0,2.0,20,1,4
92312,16,2,3,2,6,3,0,1,1,1,2,36,1,2,0.0,0.0,0.0,0.0,0.0,1.0,17,1,7
22912,16,2,1,0,6,4,6,1,0,1,2,36,2,3,2.0,0.0,0.0,2.0,0.0,2.0,19,6,2
107058,16,7,1,0,6,3,6,5,1,1,2,23,2,2,0.0,0.0,0.0,0.0,0.0,5.0,1,1,8
111941,16,2,3,17,8,3,0,1,1,1,2,18,2,2,0.0,0.0,0.0,0.0,0.0,2.0,14,4,8
5322,16,2,1,17,3,3,0,1,0,1,2,36,2,3,2.0,0.0,0.0,2.0,0.0,1.0,18,5,1
88405,4,2,4,17,18,3,0,1,0,1,2,24,2,2,0.0,0.0,0.0,0.0,0.0,3.0,18,3,7
175265,15,2,1,0,6,3,0,1,0,1,2,37,2,2,0.0,0.0,0.0,0.0,0.0,4.0,20,3,12
139511,4,3,3,17,6,3,6,5,1,1,1,24,2,2,0.0,0.0,0.0,0.0,0.0,2.0,8,6,10
118719,15,2,3,0,6,3,0,5,1,1,1,5,2,2,0.0,0.0,0.0,0.0,0.0,2.0,10,2,8
135054,4,2,3,17,6,3,0,1,0,1,2,36,2,4,1.0,0.0,0.0,0.0,1.0,1.0,8,7,9
155216,15,2,0,9,10,3,0,1,0,1,0,26,2,4,1.0,0.0,0.0,0.0,1.0,1.0,18,4,10
145640,16,2,3,15,8,3,0,5,1,1,2,18,2,2,0.0,0.0,0.0,0.0,0.0,2.0,3,7,10
144361,16,2,1,10,8,3,0,5,1,1,0,36,2,2,0.0,0.0,0.0,0.0,0.0,2.0,22,3,10
93783,16,2,3,17,8,3,0,1,1,1,2,18,2,2,0.0,0.0,0.0,0.0,0.0,2.0,17,3,7
143656,16,2,1,3,10,3,0,1,0,1,2,11,2,2,0.0,0.0,0.0,0.0,0.0,6.0,18,1,10
172822,16,7,1,0,3,3,6,1,1,1,0,24,2,2,0.0,0.0,0.0,0.0,0.0,2.0,2,1,12
131373,4,2,3,8,8,3,0,1,0,1,2,18,2,3,1.0,0.0,0.0,1.0,0.0,1.0,7,5,9
69164,16,2,3,10,2,3,6,1,1,1,0,36,2,2,0.0,0.0,0.0,0.0,0.0,2.0,13,6,5
179546,16,2,3,0,8,3,0,1,1,1,1,36,2,2,0.0,0.0,0.0,0.0,0.0,2.0,8,5,12
95928,16,2,3,15,10,3,0,1,1,1,2,23,2,2,0.0,0.0,0.0,0.0,0.0,3.0,10,1,7
101093,16,2,3,9,8,3,0,5,0,1,0,36,2,1,1.0,0.0,1.0,0.0,0.0,2.0,8,3,7
128656,15,2,3,0,15,3,0,1,0,1,2,36,2,4,1.0,0.0,0.0,0.0,1.0,2.0,8,4,9
78868,15,2,3,15,8,3,0,1,1,0,1,36,2,2,0.0,0.0,0.0,0.0,0.0,2.0,14,6,6
154802,16,2,0,10,18,3,0,5,1,1,2,17,2,2,0.0,0.0,0.0,0.0,0.0,3.0,18,7,10
89750,6,2,3,0,2,3,0,1,0,1,2,3,2,3,1.0,0.0,0.0,1.0,0.0,2.0,19,3,7
156032,4,2,3,17,2,3,0,1,0,1,2,38,2,2,0.0,0.0,0.0,0.0,0.0,3.0,8,2,11
183077,15,2,3,0,8,3,0,1,0,1,2,36,2,2,0.0,0.0,0.0,0.0,0.0,3.0,15,4,12
36235,16,2,1,17,5,3,0,5,1,1,2,18,2,2,0.0,0.0,0.0,0.0,0.0,3.0,23,1,3
42496,17,2,0,7,8,3,0,1,1,1,2,21,2,2,0.0,0.0,0.0,0.0,0.0,1.0,20,5,4
170046,17,11,1,0,17,3,5,5,0,1,1,28,2,2,0.0,0.0,0.0,0.0,0.0,2.0,1,3,11
87612,16,2,3,17,2,3,0,1,0,1,2,18,2,2,0.0,0.0,0.0,0.0,0.0,4.0,18,5,6
137559,16,2,3,10,6,3,0,5,0,1,2,18,2,4,1.0,0.0,0.0,0.0,1.0,1.0,19,2,9
56511,16,2,3,17,8,3,5,5,1,1,1,19,2,2,0.0,0.0,0.0,0.0,0.0,3.0,17,3,5
31501,16,2,1,15,8,3,0,1,1,1,2,17,2,2,0.0,0.0,0.0,0.0,0.0,4.0,22,5,3
15080,16,2,3,15,2,3,0,1,1,0,0,36,2,2,0.0,0.0,0.0,0.0,0.0,2.0,7,4,2
90470,16,2,3,0,2,3,0,1,1,1,2,18,2,2,0.0,0.0,0.0,0.0,0.0,2.0,5,6,7
80439,16,2,3,7,2,3,0,1,1,1,0,12,2,2,0.0,0.0,0.0,0.0,0.0,1.0,17,7,6
111842,16,2,3,15,15,3,6,5,1,1,2,12,2,2,0.0,0.0,0.0,0.0,0.0,5.0,7,3,8
151263,16,7,1,3,19,3,6,1,0,1,2,6,2,2,0.0,0.0,0.0,0.0,0.0,2.0,19,1,10
47415,15,2,3,17,8,3,0,1,0,1,1,18,2,2,0.0,0.0,0.0,0.0,0.0,2.0,9,3,4
49372,15,11,3,17,6,3,5,1,0,1,2,36,3,3,3.0,0.0,0.0,3.0,0.0,1.0,17,3,4
184468,15,11,5,0,18,3,5,5,1,1,2,36,2,2,0.0,0.0,0.0,0.0,0.0,2.0,7,4,12
39891,4,2,1,17,8,3,0,1,0,1,2,18,3,4,1.0,0.0,0.0,0.0,1.0,1.0,0,3,3
65581,15,2,3,0,8,3,0,1,1,1,0,18,2,2,0.0,0.0,0.0,0.0,0.0,2.0,7,6,5
148956,4,2,3,17,8,3,5,5,1,1,1,13,2,2,0.0,0.0,0.0,0.0,0.0,2.0,13,5,10
128151,16,2,3,17,15,3,0,1,0,1,2,18,2,3,1.0,0.0,0.0,1.0,0.0,3.0,10,4,9
104929,15,2,3,0,6,3,0,1,0,1,2,5,2,2,0.0,0.0,0.0,0.0,0.0,2.0,16,4,8
91672,16,2,3,10,8,3,0,5,1,1,2,36,2,2,0.0,0.0,0.0,0.0,0.0,2.0,15,5,7
164633,16,2,1,0,6,3,0,1,0,1,2,18,2,2,0.0,0.0,0.0,0.0,0.0,5.0,18,5,11
24432,16,2,3,10,2,3,0,1,1,1,0,19,2,2,0.0,0.0,0.0,0.0,0.0,2.0,17,3,2
156902,16,2,2,15,2,3,0,1,1,1,1,36,2,2,0.0,0.0,0.0,0.0,0.0,4.0,18,5,11
55050,16,7,1,17,8,3,6,1,1,1,1,24,2,2,0.0,0.0,0.0,0.0,0.0,2.0,22,7,4
145301,15,2,1,10,8,3,0,1,1,1,1,19,2,2,0.0,0.0,0.0,0.0,0.0,4.0,3,1,10
8747,16,11,3,15,8,3,5,5,1,1,1,23,2,2,0.0,0.0,0.0,0.0,0.0,2.0,15,6,1
184272,16,2,3,17,8,3,0,1,0,1,2,24,2,1,1.0,0.0,1.0,0.0,0.0,1.0,13,7,12
164869,16,10,1,3,8,3,6,1,0,1,2,28,2,3,1.0,0.0,0.0,1.0,0.0,4.0,4,7,11