crash_date,               traffic_control_device,weather_condition,lighting_condition,first_crash_type,trafficway_type,alignment,roadway_surface_cond,road_defect,crash_type,intersection_related_i,damage,prim_contributory_cause,num_units,most_severe_injury,injuries_total,injuries_fatal,injuries_incapacitating,injuries_non_incapacitating,injuries_reported_not_evident,injuries_no_indication,crash_hour,crash_day_of_week,crash_month
48706,16,2,3,10,15,3,0,1,0,1,1,19,2,1,1.0,0.0,1.0,0.0,0.0,1.0,15,4,4
3494,15,2,3,17,2,3,0,1,1,1,2,18,2,2,0.0,0.0,0.0,0.0,0.0,3.0,14,3,1
124926,16,7,3,10,3,3,6,1,1,1,2,19,2,2,0.0,0.0,0.0,0.0,0.0,2.0,15,6,9
176616,16,2,4,7,11,4,0,1,1,1,2,36,2,2,0.0,0.0,0.0,0.0,0.0,1.0,16,1,12
54628,16,2,3,15,10,3,0,1,1,0,2,18,2,2,0.0,0.0,0.0,0.0,0.0,2.0,8,7,4
122782,16,2,3,10,2,3,0,1,1,1,1,19,2,2,0.0,0.0,0.0,0.0,0.0,2.0,16,3,9
70641,16,7,1,0,6,3,0,5,0,1,2,39,2,3,3.0,0.0,0.0,2.0,1.0,3.0,0,4,5
176485,4,2,0,10,2,3,0,1,1,1,2,19,2,2,0.0,0.0,0.0,0.0,0.0,2.0,19,4,12
104590,17,2,3,17,17,3,5,5,1,1,2,18,2,2,0.0,0.0,0.0,0.0,0.0,2.0,14,5,8
13206,16,2,3,0,6,3,0,1,1,1,1,18,2,2,0.0,0.0,0.0,0.0,0.0,2.0,14,6,1
38402,16,2,1,10,8,3,6,5,1,1,2,3,2,2,0.0,0.0,0.0,0.0,0.0,2.0,19,6,3
156704,15,2,3,13,10,3,0,1,0,1,0,21,2,3,1.0,0.0,0.0,1.0,0.0,3.0,17,4,11
107268,15,2,3,17,8,3,0,1,1,1,2,18,2,2,0.0,0.0,0.0,0.0,0.0,3.0,17,3,8
186211,15,2,3,0,6,3,0,1,0,1,2,18,2,2,0.0,0.0,0.0,0.0,0.0,2.0,10,5,12
182584,16,2,1,17,8,3,0,1,1,1,2,19,2,2,0.0,0.0,0.0,0.0,0.0,2.0,18,4,12
34584,16,2,1,10,6,3,0,1,1,1,2,28,2,2,0.0,0.0,0.0,0.0,0.0,4.0,19,1,3
89633,4,2,3,5,11,3,0,1,1,0,2,21,1,2,0.0,0.0,0.0,0.0,0.0,2.0,7,1,7
169030,16,2,1,15,2,3,0,1,1,1,2,18,2,2,0.0,0.0,0.0,0.0,0.0,3.0,17,6,11
39711,16,2,3,0,6,3,0,1,0,1,2,6,2,2,0.0,0.0,0.0,0.0,0.0,3.0,8,2,3
159087,15,2,3,0,8,3,0,1,0,1,2,36,2,3,1.0,0.0,0.0,1.0,0.0,2.0,10,2,11
74767,17,11,5,10,8,3,5,5,1,1,2,36,2,2,0.0,0.0,0.0,0.0,0.0,2.0,5,2,6
188954,16,11,1,5,8,3,5,1,0,1,0,36,2,3,1.0,0.0,0.0,1.0,0.0,2.0,23,7,12
114215,16,2,3,5,3,3,0,1,0,1,1,18,2,1,1.0,0.0,1.0,0.0,0.0,1.0,13,5,8
120293,16,2,3,10,8,3,0,1,1,1,2,19,2,2,0.0,0.0,0.0,0.0,0.0,2.0,16,4,8
180010,16,2,3,10,2,3,0,1,1,1,2,36,2,2,0.0,0.0,0.0,0.0,0.0,2.0,14,7,12
139688,16,2,3,17,6,3,0,1,1,1,2,23,2,2,0.0,0.0,0.0,0.0,0.0,2.0,9,3,10
51639,16,2,3,10,3,3,0,1,1,1,2,19,2,2,0.0,0.0,0.0,0.0,0.0,2.0,16,6,4
5588,16,2,1,0,8,3,0,1,0,1,2,36,2,2,0.0,0.0,0.0,0.0,0.0,2.0,4,7,1
69368,16,3,1,2,8,3,0,1,0,1,2,9,1,2,0.0,0.0,0.0,0.0,0.0,1.0,22,4,5
73218,4,2,3,17,6,3,0,1,1,1,2,36,2,2,0.0,0.0,0.0,0.0,0.0,2.0,13,7,6
106554,16,2,3,17,6,3,0,1,1,1,2,12,2,2,0.0,0.0,0.0,0.0,0.0,3.0,15,7,8
11279,4,10,3,17,6,3,4,1,0,1,2,19,2,2,0.0,0.0,0.0,0.0,0.0,2.0,13,1,1
63938,16,2,1,17,6,3,0,1,1,1,2,18,2,2,0.0,0.0,0.0,0.0,0.0,4.0,0,2,5
122076,16,2,3,9,2,3,0,1,0,1,1,18,2,1,1.0,0.0,1.0,0.0,0.0,3.0,19,1,9
142576,16,7,3,10,8,3,0,5,1,1,2,36,2,2,0.0,0.0,0.0,0.0,0.0,2.0,15,1,10
38803,16,2,3,17,8,3,0,1,0,1,2,36,2,2,0.0,0.0,0.0,0.0,0.0,2.0,11,5,3
161072,15,7,1,0,8,3,6,1,0,1,2,7,2,4,4.0,0.0,0.0,0.0,4.0,1.0,19,3,11
11498,16,3,3,10,8,3,5,1,0,1,2,19,2,4,1.0,0.0,0.0,0.0,1.0,1.0,11,4,1
35159,16,2,1,3,2,3,0,1,0,1,2,36,2,3,2.0,0.0,0.0,1.0,1.0,0.0,22,3,3
119898,16,2,3,7,6,3,0,6,1,1,2,19,2,2,0.0,0.0,0.0,0.0,0.0,1.0,18,6,8
50964,15,2,3,17,6,4,0,1,1,1,2,18,2,2,0.0,0.0,0.0,0.0,0.0,2.0,14,3,4
50554,15,2,4,0,6,3,0,1,0,1,2,5,2,4,2.0,0.0,0.0,0.0,2.0,1.0,19,3,4
76956,15,2,1,15,6,3,0,1,1,1,2,18,2,2,0.0,0.0,0.0,0.0,0.0,3.0,1,7,6
140790,16,2,3,15,8,3,5,1,1,1,1,23,2,2,0.0,0.0,0.0,0.0,0.0,2.0,15,5,10
114907,15,2,3,8,6,3,0,1,0,1,2,36,2,3,1.0,0.0,0.0,1.0,0.0,2.0,13,1,8
123106,16,2,3,0,8,3,0,1,0,1,2,6,2,3,2.0,0.0,0.0,2.0,0.0,1.0,11,1,9
34657,16,11,5,10,8,3,5,5,1,1,0,17,2,2,0.0,0.0,0.0,0.0,0.0,2.0,15,3,3
173273,16,2,1,10,2,3,0,1,1,0,0,36,2,2,0.0,0.0,0.0,0.0,0.0,5.0,16,1,12
59864,15,7,3,0,2,3,6,1,0,1,2,36,2,4,2.0,0.0,0.0,0.0,2.0,1.0,16,2,5
67585,16,2,3,17,8,3,0,1,0,1,2,18,2,2,0.0,0.0,0.0,0.0,0.0,2.0,10,5,5
26075,15,11,1,10,6,3,5,5,1,1,2,36,2,2,0.0,0.0,0.0,0.0,0.0,3.0,21,6,2
187233,16,2,3,0,19,3,0,1,0,1,2,8,2,2,0.0,0.0,0.0,0.0,0.0,2.0,14,2,12
64788,15,2,1,0,15,3,0,1,0,1,2,17,5,2,0.0,0.0,0.0,0.0,0.0,2.0,20,2,5
153333,16,2,0,17,6,3,0,5,0,1,2,36,2,0,4.0,1.0,0.0,3.0,0.0,0.0,22,1,10
37045,16,2,1,0,2,3,0,1,0,1,2,6,2,2,0.0,0.0,0.0,0.0,0.0,3.0,3,1,3
79176,15,2,3,0,2,3,0,1,0,1,2,5,2,2,0.0,0.0,0.0,0.0,0.0,2.0,15,4,6
31755,15,2,3,0,8,3,0,1,1,1,2,18,2,2,0.0,0.0,0.0,0.0,0.0,3.0,15,4,3
12646,16,2,3,15,6,4,0,1,0,1,2,26,3,3,3.0,0.0,0.0,3.0,0.0,6.0,13,4,1
17530,16,10,3,17,2,3,6,1,1,1,2,36,2,2,0.0,0.0,0.0,0.0,0.0,2.0,10,5,2
138824,16,2,1,10,8,3,0,1,1,1,2,21,2,2,0.0,0.0,0.0,0.0,0.0,2.0,21,3,10
71819,16,2,3,17,8,3,0,5,1,1,2,24,2,2,0.0,0.0,0.0,0.0,0.0,2.0,14,6,6
35744,16,2,3,17,6,3,0,1,1,1,2,18,2,2,0.0,0.0,0.0,0.0,0.0,2.0,13,7,3
104798,16,7,3,0,6,3,6,1,0,1,2,6,2,2,0.0,0.0,0.0,0.0,0.0,10.0,12,1,8
175476,16,2,0,10,8,3,0,1,1,1,2,19,2,2,0.0,0.0,0.0,0.0,0.0,2.0,18,5,12
19547,15,2,3,15,6,3,5,5,1,1,1,36,2,2,0.0,0.0,0.0,0.0,0.0,2.0,15,6,2
67214,16,2,3,15,6,3,0,1,1,1,2,23,2,2,0.0,0.0,0.0,0.0,0.0,3.0,18,5,5
22824,16,10,2,0,6,4,4,2,0,1,1,39,2,2,0.0,0.0,0.0,0.0,0.0,3.0,16,5,2
96051,16,2,3,10,3,3,0,5,1,1,2,36,2,2,0.0,0.0,0.0,0.0,0.0,2.0,15,2,7
91647,4,2,3,17,8,3,0,1,0,1,2,18,2,3,2.0,0.0,0.0,1.0,1.0,0.0,11,4,7
87344,15,2,3,0,8,3,0,1,1,1,2,5,2,2,0.0,0.0,0.0,0.0,0.0,3.0,9,7,6
24153,16,2,5,9,2,3,5,1,0,1,0,26,2,4,1.0,0.0,0.0,0.0,1.0,1.0,7,5,2
20025,16,2,0,0,6,3,0,1,1,1,2,6,2,2,0.0,0.0,0.0,0.0,0.0,6.0,20,7,2
4963,16,7,1,10,3,3,6,1,1,1,1,19,2,2,0.0,0.0,0.0,0.0,0.0,2.0,16,5,1
72459,16,2,3,10,8,3,0,1,1,1,1,19,2,2,0.0,0.0,0.0,0.0,0.0,2.0,17,1,6
180563,4,2,3,17,3,3,0,1,0,1,2,36,2,3,2.0,0.0,0.0,1.0,1.0,1.0,14,6,12
81099,4,2,3,17,11,3,0,1,1,0,2,18,2,2,0.0,0.0,0.0,0.0,0.0,5.0,12,3,6
173707,15,2,3,0,6,3,0,1,0,1,2,36,2,2,0.0,0.0,0.0,0.0,0.0,2.0,10,3,12
9374,16,3,3,0,8,3,0,1,1,1,2,2,2,2,0.0,0.0,0.0,0.0,0.0,2.0,11,3,1
26670,16,2,3,17,11,3,0,1,1,1,1,18,2,2,0.0,0.0,0.0,0.0,0.0,2.0,15,6,2
39786,4,2,0,9,8,3,0,1,0,1,2,17,2,0,1.0,1.0,0.0,0.0,0.0,1.0,4,2,3
117020,15,7,2,17,15,3,6,1,1,1,2,36,2,2,0.0,0.0,0.0,0.0,0.0,2.0,6,5,8
169943,15,2,3,0,8,3,0,6,1,1,2,18,2,2,0.0,0.0,0.0,0.0,0.0,2.0,13,7,11
134882,16,2,3,10,8,3,0,1,1,1,2,12,2,2,0.0,0.0,0.0,0.0,0.0,2.0,16,4,9
175870,16,11,3,17,6,3,5,5,1,1,2,36,2,2,0.0,0.0,0.0,0.0,0.0,2.0,10,5,12
86586,16,2,3,17,6,3,0,2,1,1,2,36,2,2,0.0,0.0,0.0,0.0,0.0,3.0,13,4,6
31960,15,2,1,0,11,3,0,1,1,1,2,18,2,2,0.0,0.0,0.0,0.0,0.0,4.0,18,6,3
104612,16,2,2,0,8,3,0,1,0,1,2,36,2,3,1.0,0.0,0.0,1.0,0.0,1.0,6,5,8
79706,15,2,3,0,6,3,0,1,0,1,2,36,2,3,2.0,0.0,0.0,2.0,0.0,0.0,18,4,6
111344,4,7,3,15,8,3,6,1,0,1,2,24,2,2,0.0,0.0,0.0,0.0,0.0,2.0,12,2,8
168093,15,2,1,17,10,3,0,1,0,1,1,23,2,4,1.0,0.0,0.0,0.0,1.0,3.0,20,6,11
169609,16,11,5,9,8,3,5,5,0,1,0,18,2,3,1.0,0.0,0.0,1.0,0.0,1.0,13,5,11
81377,16,2,3,15,10,3,0,1,1,1,2,22,2,2,0.0,0.0,0.0,0.0,0.0,2.0,8,1,6
134081,16,7,3,10,6,3,6,1,1,1,0,39,3,2,0.0,0.0,0.0,0.0,0.0,6.0,16,3,9
62987,17,2,3,8,10,3,5,5,0,1,2,26,2,3,1.0,0.0,0.0,1.0,0.0,1.0,15,1,5
157400,4,2,3,17,8,3,0,1,0,1,2,18,2,2,0.0,0.0,0.0,0.0,0.0,2.0,13,6,11
26768,16,2,3,10,8,3,0,1,1,1,2,19,2,2,0.0,0.0,0.0,0.0,0.0,2.0,10,2,2
175604,16,2,3,10,2,4,0,1,1,1,2,19,2,2,0.0,0.0,0.0,0.0,0.0,3.0,12,6,12
48913,16,2,1,17,2,3,0,1,0,1,2,18,2,2,0.0,0.0,0.0,0.0,0.0,4.0,23,7,4
90429,4,2,5,10,17,3,5,5,1,1,1,19,2,2,0.0,0.0,0.0,0.0,0.0,3.0,22,5,7
41905,16,2,1,15,2,3,0,5,1,1,1,23,2,2,0.0,0.0,0.0,0.0,0.0,2.0,23,7,3
57846,15,2,1,0,6,3,0,1,0,1,2,5,2,3,1.0,0.0,0.0,1.0,0.0,1.0,23,5,5
179471,16,2,4,17,2,3,0,1,1,1,2,18,2,2,0.0,0.0,0.0,0.0,0.0,2.0,16,4,12
165873,15,3,3,0,6,3,6,1,0,1,2,18,2,4,2.0,0.0,0.0,0.0,2.0,0.0,7,2,11
179254,15,2,1,8,18,3,0,5,0,1,0,26,2,3,1.0,0.0,0.0,1.0,0.0,1.0,17,3,12
39061,16,2,3,10,8,3,0,1,1,1,2,17,2,2,0.0,0.0,0.0,0.0,0.0,2.0,11,3,3
133664,15,2,3,10,2,3,0,1,1,1,2,26,2,2,0.0,0.0,0.0,0.0,0.0,2.0,16,2,9
60837,16,2,3,9,2,3,0,1,0,1,2,18,2,3,1.0,0.0,0.0,1.0,0.0,1.0,12,2,5
90809,15,2,0,0,6,3,0,1,0,1,2,18,2,2,0.0,0.0,0.0,0.0,0.0,2.0,21,5,7
177663,16,2,3,15,2,3,0,1,1,1,2,23,2,2,0.0,0.0,0.0,0.0,0.0,3.0,8,3,12
115288,6,2,1,15,8,3,0,1,0,1,2,23,2,3,3.0,0.0,0.0,3.0,0.0,2.0,2,7,8
34350,16,10,3,15,2,3,4,1,1,1,1,39,2,2,0.0,0.0,0.0,0.0,0.0,2.0,8,3,3
47465,16,2,3,17,6,3,0,1,1,1,1,19,2,2,0.0,0.0,0.0,0.0,0.0,2.0,18,4,4
184529,15,1,1,0,2,3,4,5,0,1,2,39,2,2,0.0,0.0,0.0,0.0,0.0,3.0,17,5,12
9361,15,10,0,17,3,3,6,5,0,1,2,18,2,2,0.0,0.0,0.0,0.0,0.0,2.0,20,3,1
59789,16,2,3,10,6,3,0,1,1,1,2,9,2,2,0.0,0.0,0.0,0.0,0.0,2.0,12,7,5
110495,16,2,3,10,8,3,0,1,1,1,1,19,2,2,0.0,0.0,0.0,0.0,0.0,2.0,15,3,8
117230,16,2,3,15,2,3,0,1,1,1,1,12,2,2,0.0,0.0,0.0,0.0,0.0,3.0,13,7,8
168478,15,2,3,0,6,3,0,1,1,1,2,36,2,2,0.0,0.0,0.0,0.0,0.0,2.0,8,4,11
118003,15,2,4,0,2,3,0,5,1,1,2,36,2,2,0.0,0.0,0.0,0.0,0.0,2.0,19,6,8
6517,16,2,1,15,8,3,0,1,1,1,1,23,2,2,0.0,0.0,0.0,0.0,0.0,2.0,19,7,1
181390,16,2,1,0,2,3,0,1,1,1,2,21,2,2,0.0,0.0,0.0,0.0,0.0,14.0,17,2,12
166049,4,2,3,2,10,3,0,1,1,1,2,12,1,2,0.0,0.0,0.0,0.0,0.0,1.0,8,2,11
18262,16,2,3,10,6,3,0,1,1,1,2,19,2,2,0.0,0.0,0.0,0.0,0.0,2.0,8,4,2
107638,4,2,3,0,15,3,0,1,1,1,1,5,2,2,0.0,0.0,0.0,0.0,0.0,2.0,11,2,8
159498,15,11,5,7,15,3,5,1,1,1,1,36,2,2,0.0,0.0,0.0,0.0,0.0,1.0,11,1,11
38509,16,2,3,15,8,3,0,1,1,1,2,18,2,2,0.0,0.0,0.0,0.0,0.0,3.0,18,6,3
60650,4,2,3,15,2,3,0,1,1,0,0,22,2,2,0.0,0.0,0.0,0.0,0.0,4.0,15,6,5
59015,15,2,3,10,2,3,0,1,0,1,2,36,2,4,1.0,0.0,0.0,0.0,1.0,1.0,17,1,5
148653,16,2,3,17,3,3,0,1,0,1,2,18,2,3,2.0,0.0,0.0,1.0,1.0,0.0,14,6,10
116004,16,2,3,0,10,3,0,1,1,1,2,6,2,2,0.0,0.0,0.0,0.0,0.0,2.0,16,4,8
26992,4,2,1,0,10,3,6,5,1,1,1,18,2,2,0.0,0.0,0.0,0.0,0.0,2.0,1,7,2
36979,16,7,1,2,6,3,6,1,0,1,2,26,1,2,0.0,0.0,0.0,0.0,0.0,1.0,2,7,3
151420,16,2,3,10,15,3,0,1,0,1,2,17,2,4,1.0,0.0,0.0,0.0,1.0,1.0,7,3,10
138234,15,2,3,8,8,3,0,1,0,1,0,18,2,3,1.0,0.0,0.0,1.0,0.0,1.0,10,2,10
119087,16,2,1,10,8,3,0,1,1,1,1,19,2,2,0.0,0.0,0.0,0.0,0.0,4.0,19,7,8
24468,16,3,1,2,3,3,6,5,1,1,2,26,1,2,0.0,0.0,0.0,0.0,0.0,1.0,7,4,2
187663,4,10,1,0,10,3,4,1,1,1,1,39,2,2,0.0,0.0,0.0,0.0,0.0,2.0,22,7,12
97933,16,2,4,9,8,3,0,1,0,1,0,12,2,0,1.0,1.0,0.0,0.0,0.0,1.0,20,3,7
20267,16,7,3,10,10,3,4,1,1,1,2,36,2,2,0.0,0.0,0.0,0.0,0.0,2.0,11,3,2
151520,16,2,1,17,2,3,0,1,1,1,2,19,2,2,0.0,0.0,0.0,0.0,0.0,5.0,23,5,10
175765,15,2,3,17,19,3,0,1,1,1,2,36,2,2,0.0,0.0,0.0,0.0,0.0,3.0,11,3,12
116577,17,11,5,17,6,3,5,5,1,1,2,36,2,2,0.0,0.0,0.0,0.0,0.0,2.0,7,5,8
49457,16,2,3,10,8,3,0,1,0,1,2,19,3,2,0.0,0.0,0.0,0.0,0.0,3.0,17,3,4
79173,4,2,3,17,2,3,0,1,0,1,2,24,2,2,0.0,0.0,0.0,0.0,0.0,2.0,15,4,6
28784,16,2,1,10,8,3,0,1,1,1,1,19,2,2,0.0,0.0,0.0,0.0,0.0,3.0,23,6,3
186002,15,2,1,10,8,3,0,1,0,1,1,36,2,4,3.0,0.0,0.0,0.0,3.0,2.0,2,4,12
8472,16,2,3,17,3,3,0,1,0,1,1,36,2,3,1.0,0.0,0.0,1.0,0.0,2.0,12,3,1
86784,15,2,3,17,8,3,0,1,0,1,2,24,2,3,1.0,0.0,0.0,1.0,0.0,1.0,16,6,6
102933,16,2,3,0,1,3,0,1,0,1,2,18,3,1,2.0,0.0,2.0,0.0,0.0,2.0,15,2,7
13887,15,10,5,10,10,3,4,1,1,1,2,36,2,2,0.0,0.0,0.0,0.0,0.0,2.0,20,3,1
126342,16,2,1,17,8,3,0,1,0,1,2,36,2,4,1.0,0.0,0.0,0.0,1.0,2.0,19,7,9
179650,15,2,3,10,8,3,0,1,1,1,2,36,2,2,0.0,0.0,0.0,0.0,0.0,2.0,11,6,12
170282,16,3,3,17,8,3,0,1,0,1,2,36,2,2,0.0,0.0,0.0,0.0,0.0,2.0,13,4,11
92368,15,7,3,0,6,3,6,1,0,1,2,5,2,4,1.0,0.0,0.0,0.0,1.0,2.0,16,3,7
86022,16,2,1,10,2,3,0,1,0,1,1,17,3,3,2.0,0.0,0.0,2.0,0.0,2.0,23,1,6
62342,16,2,1,0,6,3,0,1,0,1,2,6,2,3,1.0,0.0,0.0,1.0,0.0,1.0,23,5,5
5532,16,2,1,9,2,3,6,1,0,1,1,36,2,3,1.0,0.0,0.0,1.0,0.0,1.0,22,6,1
21650,16,4,3,10,8,3,6,1,1,1,1,19,2,2,0.0,0.0,0.0,0.0,0.0,5.0,16,5,2
94925,16,2,3,2,1,3,0,1,0,1,2,36,1,2,0.0,0.0,0.0,0.0,0.0,1.0,10,6,7
72121,16,2,3,17,8,3,0,1,0,1,1,36,2,2,0.0,0.0,0.0,0.0,0.0,2.0,7,4,6
81380,4,2,1,7,15,3,0,1,0,1,2,30,2,4,1.0,0.0,0.0,0.0,1.0,0.0,21,1,6
167842,4,2,0,17,8,3,0,1,0,1,2,36,2,2,0.0,0.0,0.0,0.0,0.0,2.0,19,1,11
41944,16,2,3,0,8,3,0,1,0,1,2,36,2,3,2.0,0.0,0.0,2.0,0.0,0.0,8,1,3
178661,4,2,3,0,15,3,0,1,1,1,2,18,2,2,0.0,0.0,0.0,0.0,0.0,3.0,13,2,12
168320,15,2,3,0,6,3,0,1,1,1,2,36,2,2,0.0,0.0,0.0,0.0,0.0,4.0,12,7,11
4004,16,2,1,15,3,3,0,1,1,1,1,22,2,2,0.0,0.0,0.0,0.0,0.0,2.0,21,4,1
14126,17,11,5,9,15,3,5,5,1,1,2,36,2,2,0.0,0.0,0.0,0.0,0.0,2.0,15,2,1
10037,4,2,3,0,8,3,0,1,1,1,2,18,2,2,0.0,0.0,0.0,0.0,0.0,2.0,13,7,1
84811,16,2,3,15,6,3,0,1,0,1,2,36,2,2,0.0,0.0,0.0,0.0,0.0,2.0,7,3,6
99991,15,2,3,17,15,3,0,1,1,1,1,18,2,2,0.0,0.0,0.0,0.0,0.0,2.0,17,7,7
124145,16,2,3,0,6,3,0,1,0,1,2,18,2,4,1.0,0.0,0.0,0.0,1.0,1.0,10,3,9
18564,16,10,3,10,2,3,1,5,1,1,2,36,3,2,0.0,0.0,0.0,0.0,0.0,3.0,11,2,2
8105,16,2,3,17,2,3,0,1,0,1,2,18,2,3,1.0,0.0,0.0,1.0,0.0,6.0,16,4,1
122042,16,2,3,0,6,3,0,1,0,1,2,6,2,4,1.0,0.0,0.0,0.0,1.0,1.0,12,7,9
97173,16,2,3,17,8,3,0,1,1,1,2,18,2,2,0.0,0.0,0.0,0.0,0.0,2.0,19,5,7
40222,16,7,1,17,10,3,6,1,0,1,1,39,2,3,1.0,0.0,0.0,1.0,0.0,2.0,0,3,3
18090,16,2,1,0,6,3,0,1,0,1,2,6,2,3,1.0,0.0,0.0,1.0,0.0,2.0,19,1,2
59828,16,2,1,15,8,3,0,1,1,1,1,36,2,2,0.0,0.0,0.0,0.0,0.0,2.0,20,1,5
9683,4,10,1,2,3,3,4,3,0,1,2,12,1,2,0.0,0.0,0.0,0.0,0.0,4.0,5,1,1
124305,16,2,3,9,6,3,0,5,0,1,2,18,2,4,1.0,0.0,0.0,0.0,1.0,1.0,16,7,9
134668,17,7,3,0,6,3,6,5,1,1,2,36,2,2,0.0,0.0,0.0,0.0,0.0,2.0,8,2,9
15811,16,2,3,10,8,3,4,1,0,1,2,19,2,3,1.0,0.0,0.0,1.0,0.0,2.0,12,3,2
166412,16,3,4,10,2,3,0,1,1,1,0,12,2,2,0.0,0.0,0.0,0.0,0.0,3.0,16,3,11
12273,16,10,1,10,2,3,4,1,0,1,2,19,3,2,0.0,0.0,0.0,0.0,0.0,3.0,18,4,1
58342,16,2,3,10,6,3,0,5,1,1,1,19,2,2,0.0,0.0,0.0,0.0,0.0,4.0,16,6,5
109449,15,2,3,0,8,3,0,1,1,1,2,18,2,2,0.0,0.0,0.0,0.0,0.0,2.0,13,3,8
90271,16,7,5,9,16,3,6,5,0,1,1,39,2,3,1.0,0.0,0.0,1.0,0.0,1.0,19,4,7
178835,15,2,1,0,6,4,0,1,0,1,2,5,2,2,0.0,0.0,0.0,0.0,0.0,2.0,22,5,12
6011,15,2,3,10,3,3,0,5,1,1,2,36,2,2,0.0,0.0,0.0,0.0,0.0,2.0,9,6,1
15159,15,2,3,7,8,3,0,1,1,1,2,22,3,2,0.0,0.0,0.0,0.0,0.0,2.0,12,5,2
140332,15,2,3,0,6,3,6,1,0,1,2,18,2,2,0.0,0.0,0.0,0.0,0.0,2.0,8,5,10
116213,16,3,3,17,10,3,0,1,1,1,2,24,2,2,0.0,0.0,0.0,0.0,0.0,3.0,15,6,8
20858,4,10,3,10,8,3,6,1,1,1,2,19,2,2,0.0,0.0,0.0,0.0,0.0,3.0,16,7,2
8700,15,2,3,15,2,3,6,1,0,1,2,17,4,2,0.0,0.0,0.0,0.0,0.0,4.0,8,5,1
27011,15,2,3,9,6,3,0,1,0,1,2,18,2,3,1.0,0.0,0.0,1.0,0.0,1.0,15,7,2
94856,4,2,3,0,6,3,0,1,0,1,2,36,2,3,1.0,0.0,0.0,1.0,0.0,1.0,9,5,7
51415,4,2,3,15,3,3,0,1,1,1,2,23,3,2,0.0,0.0,0.0,0.0,0.0,3.0,17,4,4
38605,15,2,3,10,10,3,0,1,1,1,1,36,2,2,0.0,0.0,0.0,0.0,0.0,2.0,11,7,3
112653,16,2,1,9,8,3,0,1,1,1,0,36,3,2,0.0,0.0,0.0,0.0,0.0,3.0,21,7,8
95964,17,11,5,17,6,3,5,5,1,1,1,22,2,2,0.0,0.0,0.0,0.0,0.0,2.0,17,3,7
175997,16,2,3,10,8,3,0,1,1,1,1,19,2,2,0.0,0.0,0.0,0.0,0.0,3.0,13,6,12
88250,4,2,3,17,6,3,0,1,0,1,2,24,2,2,0.0,0.0,0.0,0.0,0.0,2.0,8,2,7
180986,4,2,1,0,10,3,0,1,0,0,2,28,4,2,0.0,0.0,0.0,0.0,0.0,4.0,19,4,12
42720,16,2,3,17,11,3,6,1,1,1,1,24,2,2,0.0,0.0,0.0,0.0,0.0,2.0,13,7,4
50066,16,2,3,17,6,3,0,5,0,1,2,36,2,2,0.0,0.0,0.0,0.0,0.0,2.0,18,1,4
124327,16,2,1,8,6,3,0,1,1,1,1,6,2,2,0.0,0.0,0.0,0.0,0.0,2.0,20,7,9
178999,16,7,1,17,8,3,6,1,1,1,2,36,2,2,0.0,0.0,0.0,0.0,0.0,2.0,17,5,12
181291,16,2,3,10,8,3,0,1,0,1,1,19,2,4,2.0,0.0,0.0,0.0,2.0,3.0,18,5,12
13434,16,10,2,17,8,3,4,5,1,1,1,12,3,2,0.0,0.0,0.0,0.0,0.0,3.0,7,2,1
100214,15,2,3,0,8,3,0,5,1,1,2,18,2,2,0.0,0.0,0.0,0.0,0.0,2.0,19,2,7
168077,17,11,5,17,15,3,5,5,1,1,1,36,2,2,0.0,0.0,0.0,0.0,0.0,4.0,18,6,11
88722,15,7,3,3,6,3,6,1,0,1,2,36,2,3,1.0,0.0,0.0,1.0,0.0,1.0,12,1,7
181252,15,2,1,0,6,3,0,1,0,1,2,18,2,2,0.0,0.0,0.0,0.0,0.0,2.0,18,2,12
48887,16,2,1,10,6,3,0,1,0,1,0,36,2,4,2.0,0.0,0.0,0.0,2.0,1.0,20,7,4
123755,16,2,3,10,15,3,0,1,1,1,1,19,2,2,0.0,0.0,0.0,0.0,0.0,3.0,17,6,9
164260,15,2,2,17,8,3,0,1,1,1,2,18,2,2,0.0,0.0,0.0,0.0,0.0,2.0,6,5,11
18742,16,3,1,17,6,3,6,5,0,1,2,18,2,3,1.0,0.0,0.0,1.0,0.0,1.0,23,5,2
67723,16,3,3,10,16,3,0,1,0,1,0,19,2,3,2.0,0.0,0.0,2.0,0.0,1.0,13,6,5
21472,16,2,3,15,6,3,0,5,1,1,2,23,2,2,0.0,0.0,0.0,0.0,0.0,2.0,10,2,2
1583,16,2,1,9,8,3,0,1,0,1,0,38,2,3,1.0,0.0,0.0,1.0,0.0,2.0,18,6,1
99461,16,2,3,0,6,3,0,1,1,1,2,6,2,2,0.0,0.0,0.0,0.0,0.0,2.0,15,6,7
48212,15,2,3,10,8,3,0,1,1,1,1,19,2,2,0.0,0.0,0.0,0.0,0.0,2.0,8,1,4
3037,16,7,1,17,11,3,6,1,0,1,2,36,2,2,0.0,0.0,0.0,0.0,0.0,2.0,17,2,1
156829,15,2,0,17,8,3,0,1,0,1,2,18,2,2,0.0,0.0,0.0,0.0,0.0,2.0,3,7,11
118943,16,7,3,0,8,3,6,1,1,1,2,6,2,2,0.0,0.0,0.0,0.0,0.0,2.0,11,4,8
149957,16,2,3,0,3,3,6,1,1,1,2,9,2,2,0.0,0.0,0.0,0.0,0.0,2.0,11,3,10