crash_date,               traffic_control_device,weather_condition,lighting_condition,first_crash_type,trafficway_type,alignment,roadway_surface_cond,road_defect,crash_type,intersection_related_i,damage,prim_contributory_cause,num_units,most_severe_injury,injuries_total,injuries_fatal,injuries_incapacitating,injuries_non_incapacitating,injuries_reported_not_evident,injuries_no_indication,crash_hour,crash_day_of_week,crash_month
26081,4,10,1,15,8,3,1,1,1,1,2,39,3,2,0.0,0.0,0.0,0.0,0.0,3.0,21,6,2
16593,4,2,3,17,8,3,0,1,0,1,2,22,2,2,0.0,0.0,0.0,0.0,0.0,3.0,12,3,2
94738,15,2,3,10,2,3,0,1,1,1,2,12,2,2,0.0,0.0,0.0,0.0,0.0,4.0,19,3,7
76614,16,7,3,17,8,3,5,5,1,1,2,24,2,2,0.0,0.0,0.0,0.0,0.0,2.0,13,1,6
35725,15,2,1,0,15,3,0,1,1,1,1,6,2,2,0.0,0.0,0.0,0.0,0.0,2.0,22,5,3
29650,16,2,3,17,2,3,0,1,1,1,2,36,2,2,0.0,0.0,0.0,0.0,0.0,2.0,16,1,3
127462,16,2,1,0,6,3,0,5,0,1,2,6,3,3,2.0,0.0,0.0,1.0,1.0,3.0,19,1,9
67060,16,2,3,10,8,3,0,1,1,1,2,17,2,2,0.0,0.0,0.0,0.0,0.0,2.0,7,2,5
112666,15,7,3,0,1,3,6,1,1,1,2,18,2,2,0.0,0.0,0.0,0.0,0.0,2.0,10,7,8
121761,16,2,3,9,3,4,0,5,0,1,0,6,2,3,1.0,0.0,0.0,1.0,0.0,1.0,14,3,9
95634,16,2,3,10,8,3,0,1,0,1,2,36,2,3,1.0,0.0,0.0,1.0,0.0,1.0,14,3,7
1625,4,2,1,3,11,3,0,5,1,1,1,36,2,2,0.0,0.0,0.0,0.0,0.0,3.0,0,6,1
73394,15,2,3,0,8,3,0,1,0,1,2,18,2,3,1.0,0.0,0.0,1.0,0.0,3.0,16,2,6
129696,16,3,3,10,8,3,0,1,1,1,2,19,3,2,0.0,0.0,0.0,0.0,0.0,3.0,9,3,9
25453,15,2,1,0,6,3,0,5,0,1,0,17,3,3,1.0,0.0,0.0,1.0,0.0,4.0,0,1,2
68419,16,3,3,17,6,3,0,1,1,1,2,17,2,2,0.0,0.0,0.0,0.0,0.0,2.0,15,4,5
20735,16,2,3,17,2,3,0,1,0,1,2,6,2,2,0.0,0.0,0.0,0.0,0.0,2.0,12,4,2
140009,15,7,3,0,8,3,6,1,0,1,2,8,2,2,0.0,0.0,0.0,0.0,0.0,4.0,8,6,10
182592,16,3,2,10,2,3,0,1,0,1,2,19,3,2,0.0,0.0,0.0,0.0,0.0,2.0,6,4,12
116691,4,2,3,10,10,3,0,1,1,0,1,12,2,2,0.0,0.0,0.0,0.0,0.0,2.0,13,6,8
63397,16,7,3,17,8,3,6,1,1,1,2,18,2,2,0.0,0.0,0.0,0.0,0.0,2.0,12,7,5
49990,18,7,3,0,6,3,6,1,1,1,2,18,2,2,0.0,0.0,0.0,0.0,0.0,2.0,10,5,4
73492,4,2,3,10,14,3,0,1,1,1,0,22,2,2,0.0,0.0,0.0,0.0,0.0,2.0,8,3,6
167317,16,2,3,0,8,3,0,1,0,1,2,6,2,4,1.0,0.0,0.0,0.0,1.0,2.0,14,1,11
36038,16,7,1,9,8,3,6,1,0,1,0,18,2,4,1.0,0.0,0.0,0.0,1.0,1.0,20,4,3
33712,4,11,5,2,12,3,5,5,1,1,0,36,1,2,0.0,0.0,0.0,0.0,0.0,1.0,19,1,3
140660,16,2,3,17,6,3,0,1,0,1,2,24,2,1,4.0,0.0,2.0,2.0,0.0,1.0,12,1,10
79388,16,2,3,17,3,3,0,1,0,1,2,36,2,3,1.0,0.0,0.0,1.0,0.0,1.0,14,6,6
131044,16,2,3,10,10,3,0,1,1,1,2,19,2,2,0.0,0.0,0.0,0.0,0.0,2.0,10,2,9
175023,15,2,1,10,2,3,0,1,0,1,2,19,2,4,1.0,0.0,0.0,0.0,1.0,2.0,6,5,12
4280,16,7,1,17,2,3,6,5,1,1,1,36,2,2,0.0,0.0,0.0,0.0,0.0,2.0,19,3,1
58102,15,2,3,0,2,3,0,1,0,1,2,18,2,3,1.0,0.0,0.0,1.0,0.0,1.0,11,1,5
35390,16,2,1,17,2,3,0,1,1,1,2,24,2,2,0.0,0.0,0.0,0.0,0.0,4.0,21,6,3
1080,16,2,3,17,3,3,0,1,1,1,2,4,2,2,0.0,0.0,0.0,0.0,0.0,2.0,12,4,1
182952,16,11,3,15,8,3,5,5,1,0,2,22,2,2,0.0,0.0,0.0,0.0,0.0,2.0,14,5,12
2522,16,2,1,10,8,3,0,1,1,0,1,36,2,2,0.0,0.0,0.0,0.0,0.0,2.0,5,1,1
118064,15,2,3,0,10,3,5,5,1,1,2,36,2,2,0.0,0.0,0.0,0.0,0.0,2.0,17,7,8
69430,16,2,3,0,6,3,0,1,1,1,1,6,2,2,0.0,0.0,0.0,0.0,0.0,2.0,8,5,5
80115,16,2,3,0,8,3,0,5,1,1,2,36,2,2,0.0,0.0,0.0,0.0,0.0,4.0,14,4,6
46015,16,2,1,10,6,3,0,1,1,1,2,14,3,2,0.0,0.0,0.0,0.0,0.0,2.0,21,5,4
69889,16,7,1,2,6,3,6,1,0,1,2,17,1,2,0.0,0.0,0.0,0.0,0.0,1.0,3,6,5
140746,16,11,3,9,8,3,5,5,0,1,2,36,2,4,1.0,0.0,0.0,0.0,1.0,1.0,18,4,10
156260,15,2,1,17,8,3,0,1,1,1,2,18,2,2,0.0,0.0,0.0,0.0,0.0,2.0,22,6,11
158338,16,2,3,10,6,3,0,1,1,1,2,19,2,2,0.0,0.0,0.0,0.0,0.0,2.0,15,6,11
184139,16,2,3,0,6,3,0,1,1,1,2,36,2,2,0.0,0.0,0.0,0.0,0.0,5.0,11,7,12
122989,16,2,3,17,6,3,0,1,1,1,2,36,2,2,0.0,0.0,0.0,0.0,0.0,2.0,15,7,9
5286,16,2,3,15,10,3,0,1,1,1,2,18,2,2,0.0,0.0,0.0,0.0,0.0,3.0,10,4,1
97953,4,2,3,7,8,3,6,1,0,1,2,36,2,2,0.0,0.0,0.0,0.0,0.0,1.0,11,3,7
48282,15,11,5,17,2,3,5,5,1,1,2,36,2,2,0.0,0.0,0.0,0.0,0.0,2.0,17,4,4
19520,4,2,3,15,2,3,4,1,0,1,2,22,2,2,0.0,0.0,0.0,0.0,0.0,2.0,11,5,2
76432,16,2,3,14,8,3,0,1,0,1,2,36,2,3,1.0,0.0,0.0,1.0,0.0,1.0,9,6,6
99226,16,2,3,10,2,3,0,1,1,1,2,36,2,2,0.0,0.0,0.0,0.0,0.0,3.0,13,1,7
15331,16,6,1,0,6,3,4,1,0,1,2,39,2,3,1.0,0.0,0.0,1.0,0.0,2.0,20,2,2
123328,6,2,3,10,2,3,0,1,1,1,1,19,2,2,0.0,0.0,0.0,0.0,0.0,2.0,6,4,9
24977,16,2,3,17,8,3,0,1,0,1,2,18,2,2,0.0,0.0,0.0,0.0,0.0,2.0,16,7,2
125538,15,2,3,0,3,3,0,1,0,1,2,18,2,4,2.0,0.0,0.0,0.0,2.0,1.0,14,2,9
60240,15,2,1,0,10,3,0,1,0,1,2,18,4,2,0.0,0.0,0.0,0.0,0.0,2.0,22,7,5
90840,16,2,3,17,8,3,0,1,1,1,1,36,2,2,0.0,0.0,0.0,0.0,0.0,2.0,17,7,7
183883,15,2,3,0,8,3,0,1,0,1,2,18,2,2,0.0,0.0,0.0,0.0,0.0,2.0,12,2,12
25296,16,2,1,17,3,3,0,1,1,1,2,24,2,2,0.0,0.0,0.0,0.0,0.0,2.0,17,6,2
39823,16,7,1,10,3,3,6,1,0,1,2,39,4,3,1.0,0.0,0.0,1.0,0.0,3.0,23,2,3
50082,16,2,3,10,8,4,0,1,1,1,2,36,2,2,0.0,0.0,0.0,0.0,0.0,2.0,11,1,4
4764,16,2,3,0,6,3,0,1,0,1,2,36,2,4,1.0,0.0,0.0,0.0,1.0,1.0,8,3,1
96048,4,2,3,10,8,3,0,1,1,1,1,21,2,2,0.0,0.0,0.0,0.0,0.0,2.0,14,2,7
22283,16,7,3,0,3,3,6,5,1,1,2,36,2,2,0.0,0.0,0.0,0.0,0.0,2.0,10,1,2
79074,16,2,3,10,10,3,0,1,1,1,1,36,2,2,0.0,0.0,0.0,0.0,0.0,2.0,11,2,6
22840,16,10,4,10,2,3,4,1,1,1,2,39,2,2,0.0,0.0,0.0,0.0,0.0,2.0,18,5,2
42498,4,2,3,10,11,3,0,1,1,1,2,19,2,2,0.0,0.0,0.0,0.0,0.0,2.0,9,5,4
160049,16,2,3,9,6,3,0,1,0,1,2,18,2,3,1.0,0.0,0.0,1.0,0.0,1.0,14,3,11
107110,16,7,1,0,11,3,6,1,0,1,2,6,2,3,1.0,0.0,0.0,1.0,0.0,1.0,0,1,8
157701,16,2,3,10,6,3,0,1,1,1,2,9,2,2,0.0,0.0,0.0,0.0,0.0,2.0,9,4,11
160904,16,10,3,17,8,3,6,1,1,1,2,18,2,2,0.0,0.0,0.0,0.0,0.0,2.0,9,6,11
60165,16,3,3,17,8,3,6,1,1,1,2,36,2,2,0.0,0.0,0.0,0.0,0.0,2.0,7,5,5
16357,16,2,4,17,6,3,0,1,0,1,2,18,2,2,0.0,0.0,0.0,0.0,0.0,2.0,18,7,2
44433,4,2,3,10,8,3,0,1,1,1,1,36,2,2,0.0,0.0,0.0,0.0,0.0,4.0,15,6,4
3363,15,5,3,10,8,3,1,1,1,1,2,39,2,2,0.0,0.0,0.0,0.0,0.0,4.0,8,3,1
10147,15,11,0,17,8,3,5,5,1,1,2,24,2,2,0.0,0.0,0.0,0.0,0.0,2.0,18,2,1
19531,16,11,5,10,8,3,5,5,1,1,0,36,2,2,0.0,0.0,0.0,0.0,0.0,2.0,13,6,2
125673,16,2,3,17,6,3,0,1,1,1,2,24,2,2,0.0,0.0,0.0,0.0,0.0,2.0,11,3,9
34884,15,2,3,10,10,3,0,1,1,1,2,12,2,2,0.0,0.0,0.0,0.0,0.0,4.0,17,5,3
89804,16,2,2,8,10,3,0,5,0,1,2,36,2,4,1.0,0.0,0.0,0.0,1.0,1.0,22,5,7
144346,16,3,1,17,8,3,0,5,1,1,2,24,2,2,0.0,0.0,0.0,0.0,0.0,2.0,20,3,10
99232,16,2,1,17,2,3,0,1,0,1,2,6,2,2,0.0,0.0,0.0,0.0,0.0,2.0,2,1,7
63995,16,2,1,9,10,3,0,1,0,1,2,36,2,4,1.0,0.0,0.0,0.0,1.0,1.0,22,3,5
149387,16,2,3,8,8,3,0,1,0,1,0,36,2,3,1.0,0.0,0.0,1.0,0.0,1.0,15,4,10
18834,16,10,1,17,8,3,4,1,0,1,2,36,2,3,1.0,0.0,0.0,1.0,0.0,1.0,22,6,2
93572,16,2,3,17,8,3,0,1,0,1,2,6,2,3,1.0,0.0,0.0,1.0,0.0,1.0,14,6,7
177380,16,2,3,15,2,3,0,5,0,1,2,36,2,2,0.0,0.0,0.0,0.0,0.0,4.0,7,5,12
110556,15,2,3,0,6,3,0,1,1,1,2,36,2,2,0.0,0.0,0.0,0.0,0.0,3.0,15,5,8
157720,15,2,3,0,6,3,0,1,0,1,2,18,2,3,1.0,0.0,0.0,1.0,0.0,1.0,13,5,11
82910,4,3,3,10,8,3,6,1,0,1,2,17,2,3,1.0,0.0,0.0,1.0,0.0,1.0,6,2,6
155415,16,2,3,10,3,3,0,1,1,1,1,19,3,2,0.0,0.0,0.0,0.0,0.0,3.0,12,7,10
83178,4,2,3,7,12,3,6,1,1,0,0,12,2,2,0.0,0.0,0.0,0.0,0.0,3.0,13,6,6
110094,16,2,1,0,6,3,0,1,0,1,2,6,2,3,1.0,0.0,0.0,1.0,0.0,1.0,23,4,8
8818,16,10,1,10,8,3,4,5,0,1,0,19,3,4,2.0,0.0,0.0,0.0,2.0,1.0,2,7,1
85662,18,2,3,17,6,3,5,5,0,1,2,36,2,2,0.0,0.0,0.0,0.0,0.0,3.0,9,2,6
155228,16,3,3,17,2,3,0,1,1,1,2,36,2,2,0.0,0.0,0.0,0.0,0.0,2.0,8,4,10
137919,16,2,3,0,6,3,0,1,0,1,2,6,2,3,1.0,0.0,0.0,1.0,0.0,4.0,8,6,10
109928,16,2,1,10,8,3,5,5,1,1,0,26,2,2,0.0,0.0,0.0,0.0,0.0,2.0,21,1,8
7120,4,3,4,17,2,3,0,1,0,1,2,18,2,2,0.0,0.0,0.0,0.0,0.0,2.0,16,3,1
103256,16,2,1,17,6,3,0,1,0,1,2,6,2,2,0.0,0.0,0.0,0.0,0.0,3.0,23,7,7
72655,16,2,1,0,8,3,0,1,0,1,2,36,2,2,0.0,0.0,0.0,0.0,0.0,4.0,22,5,6
68376,16,7,2,0,11,3,6,5,0,1,2,6,2,3,1.0,0.0,0.0,1.0,0.0,3.0,19,3,5
70397,15,2,3,10,8,3,0,1,1,1,1,19,2,2,0.0,0.0,0.0,0.0,0.0,2.0,14,7,5
143427,16,2,1,10,3,3,0,1,1,1,2,36,2,2,0.0,0.0,0.0,0.0,0.0,4.0,20,4,10
166681,15,2,0,0,2,3,0,1,1,1,2,18,2,2,0.0,0.0,0.0,0.0,0.0,2.0,17,6,11
58675,15,2,3,0,15,3,0,1,0,1,2,18,2,4,3.0,0.0,0.0,0.0,3.0,0.0,12,4,5
130744,16,2,3,10,8,3,0,1,1,1,2,19,2,2,0.0,0.0,0.0,0.0,0.0,3.0,15,4,9
4389,16,2,1,17,8,3,5,5,0,1,2,18,2,2,0.0,0.0,0.0,0.0,0.0,2.0,17,3,1
74665,4,2,1,10,15,3,0,1,0,1,2,21,3,4,2.0,0.0,0.0,0.0,2.0,3.0,0,7,6
20730,16,2,1,17,8,3,0,1,0,1,2,18,2,3,2.0,0.0,0.0,2.0,0.0,1.0,23,4,2
122072,16,2,3,0,16,3,0,1,0,1,2,36,2,2,0.0,0.0,0.0,0.0,0.0,3.0,6,1,9
165516,16,2,1,15,8,3,0,1,1,1,2,18,2,2,0.0,0.0,0.0,0.0,0.0,3.0,17,2,11
51757,16,2,3,10,15,3,0,1,0,0,2,19,2,2,0.0,0.0,0.0,0.0,0.0,2.0,6,2,4
135992,16,7,3,7,8,3,6,1,1,1,2,36,2,2,0.0,0.0,0.0,0.0,0.0,1.0,16,6,9
60221,16,2,3,17,6,3,0,1,0,1,2,6,3,3,4.0,0.0,0.0,4.0,0.0,1.0,18,7,5
104304,16,2,1,10,6,3,0,1,1,1,2,17,2,2,0.0,0.0,0.0,0.0,0.0,4.0,23,1,8
173226,16,2,3,17,8,3,0,1,1,1,1,24,2,2,0.0,0.0,0.0,0.0,0.0,2.0,10,5,12
174858,4,2,3,0,11,3,0,1,0,1,2,18,2,2,0.0,0.0,0.0,0.0,0.0,2.0,8,5,12
45694,16,2,3,0,6,3,0,1,0,1,2,6,3,3,4.0,0.0,0.0,4.0,0.0,2.0,13,7,4
94646,15,2,3,17,6,3,0,1,0,1,1,36,2,4,1.0,0.0,0.0,0.0,1.0,1.0,14,1,7
94763,4,2,3,10,2,3,0,1,1,0,1,36,3,2,0.0,0.0,0.0,0.0,0.0,3.0,14,4,7
127869,3,2,4,17,11,3,0,1,0,1,2,22,2,1,1.0,0.0,1.0,0.0,0.0,2.0,19,6,9
118076,16,2,3,0,2,3,0,1,0,1,2,6,2,2,0.0,0.0,0.0,0.0,0.0,2.0,7,7,8
39272,15,2,3,10,8,3,0,1,0,1,2,5,2,2,0.0,0.0,0.0,0.0,0.0,2.0,5,1,3
127657,4,2,3,10,8,3,0,1,0,1,1,13,2,3,2.0,0.0,0.0,1.0,1.0,1.0,10,4,9
60268,16,2,1,17,6,3,0,1,1,1,2,36,2,2,0.0,0.0,0.0,0.0,0.0,2.0,3,1,5
70662,16,2,3,17,8,3,0,1,1,1,0,3,2,2,0.0,0.0,0.0,0.0,0.0,3.0,14,3,5
110004,16,7,0,17,6,3,6,1,1,1,1,35,2,2,0.0,0.0,0.0,0.0,0.0,3.0,19,2,8
45135,4,2,3,8,3,3,0,1,0,1,1,26,2,3,2.0,0.0,0.0,2.0,0.0,0.0,16,4,4
31472,15,2,1,17,8,3,0,1,1,1,2,18,2,2,0.0,0.0,0.0,0.0,0.0,4.0,18,5,3
1511,15,2,1,0,8,3,0,1,0,1,2,5,2,4,1.0,0.0,0.0,0.0,1.0,1.0,5,5,1
16979,4,2,3,10,2,3,0,1,1,0,1,17,2,2,0.0,0.0,0.0,0.0,0.0,6.0,8,3,2
137278,16,2,1,10,19,3,0,1,0,1,2,19,2,3,2.0,0.0,0.0,2.0,0.0,1.0,23,4,9
97236,4,2,3,10,8,3,0,1,1,1,2,19,2,2,0.0,0.0,0.0,0.0,0.0,2.0,16,6,7
14234,16,2,2,17,8,3,0,1,1,1,2,18,2,2,0.0,0.0,0.0,0.0,0.0,2.0,6,3,1
95890,15,2,3,17,8,3,0,1,1,1,2,21,2,2,0.0,0.0,0.0,0.0,0.0,2.0,13,1,7
148372,16,2,3,10,8,3,0,1,1,1,1,36,2,2,0.0,0.0,0.0,0.0,0.0,2.0,11,3,10
53272,4,2,3,17,6,3,0,1,0,1,2,18,3,2,0.0,0.0,0.0,0.0,0.0,6.0,8,2,4
140577,16,2,1,17,8,3,0,1,1,1,1,36,2,2,0.0,0.0,0.0,0.0,0.0,2.0,20,7,10
89341,4,2,3,17,8,3,0,5,0,1,2,18,2,3,3.0,0.0,0.0,2.0,1.0,0.0,11,4,7
27669,16,2,3,15,8,3,0,1,1,0,0,36,2,2,0.0,0.0,0.0,0.0,0.0,4.0,9,3,2
79469,15,2,3,17,2,3,6,1,1,1,2,18,2,2,0.0,0.0,0.0,0.0,0.0,2.0,15,7,6
8911,4,2,3,15,8,3,0,1,0,1,2,23,2,3,1.0,0.0,0.0,1.0,0.0,2.0,15,3,1
146763,15,2,3,0,15,3,0,1,1,1,2,18,2,2,0.0,0.0,0.0,0.0,0.0,3.0,17,2,10
98804,16,2,1,10,8,3,0,1,0,0,1,17,2,4,1.0,0.0,0.0,0.0,1.0,3.0,20,1,7
60603,16,2,3,0,2,3,0,5,0,1,2,6,2,2,0.0,0.0,0.0,0.0,0.0,2.0,5,5,5
90726,4,2,3,0,6,3,0,1,1,1,1,18,2,2,0.0,0.0,0.0,0.0,0.0,3.0,18,4,7
130968,16,2,1,0,6,3,0,1,0,1,2,6,8,1,3.0,0.0,3.0,0.0,0.0,0.0,5,1,9
171529,16,2,1,17,6,3,0,1,0,1,2,17,2,3,2.0,0.0,0.0,2.0,0.0,0.0,23,4,11
89748,16,2,3,0,6,3,0,1,1,1,2,36,2,2,0.0,0.0,0.0,0.0,0.0,5.0,19,3,7
145134,16,2,1,10,6,3,0,5,0,1,1,17,3,3,3.0,0.0,0.0,3.0,0.0,0.0,3,1,10
116763,16,2,3,10,2,3,0,1,0,1,1,8,2,3,1.0,0.0,0.0,1.0,0.0,1.0,15,7,8
157222,16,2,1,17,8,3,0,1,1,1,2,22,2,2,0.0,0.0,0.0,0.0,0.0,2.0,4,5,11
167627,16,2,1,17,8,3,5,1,1,1,0,36,2,2,0.0,0.0,0.0,0.0,0.0,3.0,19,3,11
183500,16,2,3,9,6,3,6,1,0,1,0,26,2,3,1.0,0.0,0.0,1.0,0.0,2.0,13,6,12
77212,4,2,3,17,2,3,0,5,1,1,2,23,2,2,0.0,0.0,0.0,0.0,0.0,2.0,13,3,6
32047,16,7,1,9,8,3,6,1,0,0,0,39,2,3,1.0,0.0,0.0,1.0,0.0,1.0,19,7,3
104220,16,2,3,17,2,3,0,5,0,1,2,36,2,4,1.0,0.0,0.0,0.0,1.0,3.0,12,7,8
123879,15,2,3,5,8,3,0,1,1,1,0,17,1,2,0.0,0.0,0.0,0.0,0.0,1.0,10,5,9
88242,16,2,3,0,6,3,0,1,0,1,2,6,2,3,2.0,0.0,0.0,2.0,0.0,0.0,6,2,7
24031,16,7,1,10,8,3,6,1,0,1,1,36,2,3,1.0,0.0,0.0,1.0,0.0,2.0,18,3,2
17469,16,10,3,10,8,3,6,1,1,1,1,19,2,2,0.0,0.0,0.0,0.0,0.0,2.0,13,5,2
182995,16,2,3,15,2,3,0,1,1,1,1,36,2,2,0.0,0.0,0.0,0.0,0.0,2.0,8,5,12
125939,16,11,0,8,8,3,5,1,0,1,2,6,2,3,1.0,0.0,0.0,1.0,0.0,1.0,12,1,9
40315,15,2,1,2,10,3,6,1,0,1,2,28,1,1,1.0,0.0,1.0,0.0,0.0,1.0,20,6,3
62884,16,2,1,17,3,3,0,1,0,1,2,3,3,2,0.0,0.0,0.0,0.0,0.0,2.0,21,6,5
160867,16,2,0,10,8,3,0,1,1,1,2,19,2,2,0.0,0.0,0.0,0.0,0.0,2.0,18,6,11
104784,4,2,1,2,8,3,0,1,1,1,2,17,1,2,0.0,0.0,0.0,0.0,0.0,1.0,23,1,8
64358,15,2,3,0,8,3,0,1,0,1,2,18,2,3,1.0,0.0,0.0,1.0,0.0,2.0,10,2,5
83334,16,2,3,9,3,3,0,1,0,0,2,18,2,3,1.0,0.0,0.0,1.0,0.0,1.0,15,2,6
133175,16,2,3,15,8,3,0,1,1,1,2,12,2,2,0.0,0.0,0.0,0.0,0.0,2.0,13,2,9
164908,15,2,1,7,8,4,0,1,0,1,2,37,2,3,1.0,0.0,0.0,1.0,0.0,0.0,22,7,11
126206,16,2,3,10,1,3,0,1,1,1,2,19,2,2,0.0,0.0,0.0,0.0,0.0,4.0,7,4,9
5752,16,2,3,10,2,3,0,1,0,1,1,36,2,4,1.0,0.0,0.0,0.0,1.0,1.0,14,4,1
25872,4,2,3,17,10,3,0,1,1,1,2,18,2,2,0.0,0.0,0.0,0.0,0.0,3.0,12,1,2
161915,16,7,3,9,2,3,6,1,0,1,1,36,2,3,1.0,0.0,0.0,1.0,0.0,1.0,11,1,11
118702,16,2,4,10,6,3,0,1,0,1,2,36,3,3,1.0,0.0,0.0,1.0,0.0,2.0,19,2,8
126541,16,2,3,0,8,3,0,1,0,1,2,36,2,2,0.0,0.0,0.0,0.0,0.0,2.0,16,4,9
100292,16,2,3,0,8,3,0,1,0,1,1,26,2,2,0.0,0.0,0.0,0.0,0.0,2.0,17,4,7
99102,17,7,3,17,8,3,6,1,1,1,2,18,2,2,0.0,0.0,0.0,0.0,0.0,6.0,15,7,7
107530,17,2,0,15,18,3,0,5,1,1,2,36,2,2,0.0,0.0,0.0,0.0,0.0,2.0,1,1,8
83171,15,2,3,8,8,3,0,1,0,1,1,18,2,1,1.0,0.0,1.0,0.0,0.0,1.0,9,5,6
131477,16,2,3,10,6,3,0,1,1,1,1,19,2,2,0.0,0.0,0.0,0.0,0.0,2.0,12,6,9
104035,16,2,3,17,8,3,0,1,1,1,2,18,2,2,0.0,0.0,0.0,0.0,0.0,2.0,7,4,8
125806,15,2,3,17,2,3,0,1,1,1,1,22,2,2,0.0,0.0,0.0,0.0,0.0,3.0,10,6,9
5536,16,2,1,17,2,3,0,1,0,1,2,24,2,2,0.0,0.0,0.0,0.0,0.0,2.0,23,6,1
33872,16,10,3,17,8,3,6,5,1,1,0,24,2,2,0.0,0.0,0.0,0.0,0.0,2.0,15,3,3
171436,4,2,3,17,8,3,0,1,0,1,2,18,2,2,0.0,0.0,0.0,0.0,0.0,2.0,7,3,11
56211,15,2,3,17,6,3,5,5,1,1,2,36,2,2,0.0,0.0,0.0,0.0,0.0,2.0,18,6,5
57083,4,2,3,17,10,3,5,5,1,1,2,18,2,2,0.0,0.0,0.0,0.0,0.0,2.0,14,6,5
20442,15,2,3,0,2,3,0,5,1,1,0,36,2,2,0.0,0.0,0.0,0.0,0.0,2.0,10,7,2
160621,4,2,1,7,8,3,0,5,1,1,2,12,2,2,0.0,0.0,0.0,0.0,0.0,2.0,18,4,11
181319,16,2,0,10,3,3,6,1,0,0,2,36,2,2,0.0,0.0,0.0,0.0,0.0,2.0,1,1,12
181912,16,2,0,17,2,3,5,5,1,1,1,24,2,2,0.0,0.0,0.0,0.0,0.0,3.0,17,2,12
150260,4,2,3,10,8,3,0,1,1,1,2,19,2,2,0.0,0.0,0.0,0.0,0.0,2.0,16,3,10
68739,15,2,1,3,10,3,0,1,1,1,0,21,2,2,0.0,0.0,0.0,0.0,0.0,3.0,0,7,5
177205,16,2,3,15,8,3,0,1,1,1,2,23,2,2,0.0,0.0,0.0,0.0,0.0,2.0,12,1,12
41166,16,2,3,0,6,3,0,1,1,1,2,6,2,2,0.0,0.0,0.0,0.0,0.0,2.0,16,2,3
119922,16,2,3,10,8,3,6,1,1,0,1,39,2,2,0.0,0.0,0.0,0.0,0.0,2.0,8,6,8
80979,16,2,3,10,8,3,0,1,0,1,2,36,5,1,1.0,0.0,1.0,0.0,0.0,4.0,15,2,6
40572,16,2,3,15,8,3,0,1,1,1,2,23,2,2,0.0,0.0,0.0,0.0,0.0,2.0,12,4,3
93710,16,2,1,17,8,3,6,1,0,1,2,3,2,2,0.0,0.0,0.0,0.0,0.0,4.0,3,2,7
5193,4,2,1,10,3,3,0,1,0,0,2,36,3,3,1.0,0.0,0.0,1.0,0.0,2.0,17,3,1
51884,16,2,3,9,2,3,0,5,0,1,0,18,2,3,1.0,0.0,0.0,1.0,0.0,1.0,12,5,4
80427,16,2,3,17,2,3,0,1,1,1,2,36,2,2,0.0,0.0,0.0,0.0,0.0,2.0,13,7,6
56842,16,2,3,9,8,3,0,1,0,1,0,18,2,3,1.0,0.0,0.0,1.0,0.0,1.0,16,3,5
150133,16,2,3,17,6,3,0,1,1,1,2,24,2,2,0.0,0.0,0.0,0.0,0.0,3.0,16,7,10
170243,16,10,3,17,8,3,4,1,1,1,1,12,2,2,0.0,0.0,0.0,0.0,0.0,2.0,7,3,11
97075,16,2,3,17,6,3,0,1,0,1,2,18,2,2,0.0,0.0,0.0,0.0,0.0,2.0,10,5,7
96362,15,2,1,10,8,3,0,1,1,1,0,19,2,2,0.0,0.0,0.0,0.0,0.0,2.0,20,7,7
159984,4,2,3,10,8,3,0,1,0,1,1,36,2,2,0.0,0.0,0.0,0.0,0.0,4.0,11,1,11
177616,16,2,4,17,6,3,0,1,1,1,1,24,2,2,0.0,0.0,0.0,0.0,0.0,2.0,16,3,12
86571,15,2,3,0,6,3,0,1,0,1,2,36,2,3,1.0,0.0,0.0,1.0,0.0,1.0,8,3,6
176141,15,2,1,2,2,3,0,1,0,1,2,23,1,1,1.0,0.0,1.0,0.0,0.0,0.0,4,1,12
179162,16,2,0,10,6,3,0,1,0,1,2,30,4,2,0.0,0.0,0.0,0.0,0.0,2.0,18,1,12
127524,15,3,3,17,15,3,0,1,1,1,2,36,2,2,0.0,0.0,0.0,0.0,0.0,2.0,7,2,9
91091,4,2,3,17,15,3,0,1,0,1,2,36,2,2,0.0,0.0,0.0,0.0,0.0,3.0,14,3,7
107461,4,2,3,17,8,3,0,1,1,1,2,24,2,2,0.0,0.0,0.0,0.0,0.0,4.0,13,7,8
53619,16,2,4,0,6,3,0,1,1,1,2,36,2,2,0.0,0.0,0.0,0.0,0.0,3.0,19,6,4
73716,16,2,1,5,8,3,0,1,0,1,2,23,1,3,1.0,0.0,0.0,1.0,0.0,0.0,23,7,6
60924,15,2,3,17,8,3,0,1,1,0,2,18,2,2,0.0,0.0,0.0,0.0,0.0,2.0,17,4,5
4684,15,2,0,17,6,3,6,1,0,1,2,18,3,3,1.0,0.0,0.0,1.0,0.0,2.0,16,2,1
169716,16,10,3,10,8,4,4,5,1,0,0,19,2,2,0.0,0.0,0.0,0.0,0.0,2.0,8,2,11
139437,15,2,1,8,8,3,0,1,0,1,1,18,2,3,1.0,0.0,0.0,1.0,0.0,1.0,18,5,10
133732,16,2,3,15,8,3,0,1,1,0,1,23,2,2,0.0,0.0,0.0,0.0,0.0,2.0,17,3,9
188959,16,2,3,10,1,3,0,1,1,1,2,36,2,2,0.0,0.0,0.0,0.0,0.0,3.0,12,7,12