crash_date,               traffic_control_device,weather_condition,lighting_condition,first_crash_type,trafficway_type,alignment,roadway_surface_cond,road_defect,crash_type,intersection_related_i,damage,prim_contributory_cause,num_units,most_severe_injury,injuries_total,injuries_fatal,injuries_incapacitating,injuries_non_incapacitating,injuries_reported_not_evident,injuries_no_indication,crash_hour,crash_day_of_week,crash_month
153437,15,3,1,17,8,3,0,1,0,1,2,36,2,2,0.0,0.0,0.0,0.0,0.0,2.0,20,7,10
187568,9,10,0,15,3,3,4,1,0,1,2,36,8,4,1.0,0.0,0.0,0.0,1.0,8.0,17,6,12
162306,16,2,1,10,6,3,0,1,0,1,2,23,2,2,0.0,0.0,0.0,0.0,0.0,2.0,2,1,11
45099,16,2,4,0,6,3,0,1,1,1,2,6,3,2,0.0,0.0,0.0,0.0,0.0,5.0,19,3,4
149559,16,2,3,9,2,3,0,1,0,1,0,36,3,3,1.0,0.0,0.0,1.0,0.0,2.0,10,6,10
163842,16,7,1,17,8,3,6,1,0,0,2,18,2,3,1.0,0.0,0.0,1.0,0.0,4.0,2,1,11
12234,16,2,3,10,8,3,6,5,1,0,2,36,2,2,0.0,0.0,0.0,0.0,0.0,4.0,11,3,1
185,16,2,1,17,6,3,0,5,0,1,2,37,2,2,0.0,0.0,0.0,0.0,0.0,6.0,2,4,1
101740,16,2,1,10,6,3,0,1,0,1,2,17,2,3,1.0,0.0,0.0,1.0,0.0,2.0,0,5,7
4533,16,5,3,15,6,3,6,1,1,1,1,22,2,2,0.0,0.0,0.0,0.0,0.0,2.0,14,6,1
112812,16,2,3,17,6,3,0,1,0,0,2,18,3,2,0.0,0.0,0.0,0.0,0.0,8.0,15,4,8
175577,16,2,3,17,10,3,0,1,1,1,2,24,2,2,0.0,0.0,0.0,0.0,0.0,2.0,7,6,12
91835,16,7,3,17,6,3,6,1,1,1,2,24,2,2,0.0,0.0,0.0,0.0,0.0,2.0,11,7,7
140318,16,2,0,10,8,3,5,5,0,1,2,36,3,2,0.0,0.0,0.0,0.0,0.0,4.0,18,5,10
95887,16,2,1,0,6,3,0,1,0,1,2,6,2,3,4.0,0.0,0.0,4.0,0.0,1.0,1,1,7
28322,16,7,0,9,8,3,6,5,0,1,0,39,2,3,1.0,0.0,0.0,1.0,0.0,1.0,6,5,3
74934,4,2,3,0,6,3,0,1,1,1,2,18,2,2,0.0,0.0,0.0,0.0,0.0,2.0,8,5,6
175491,16,2,1,10,3,3,0,1,1,1,2,22,2,2,0.0,0.0,0.0,0.0,0.0,2.0,19,5,12
8955,16,2,3,17,19,3,0,1,0,1,2,36,2,2,0.0,0.0,0.0,0.0,0.0,2.0,8,3,1
143967,16,11,3,10,6,3,5,5,0,1,1,36,3,4,1.0,0.0,0.0,0.0,1.0,2.0,8,6,10
151145,15,2,3,11,10,3,0,1,1,1,1,21,2,2,0.0,0.0,0.0,0.0,0.0,3.0,8,5,10
120277,16,2,3,17,11,3,0,1,1,1,1,35,2,2,0.0,0.0,0.0,0.0,0.0,3.0,13,4,8
171292,16,2,2,15,2,3,6,1,0,1,2,23,3,4,2.0,0.0,0.0,0.0,2.0,1.0,6,6,11
184324,15,2,0,0,2,3,0,5,0,1,2,5,2,4,1.0,0.0,0.0,0.0,1.0,3.0,12,7,12
21093,15,2,3,17,8,3,0,1,1,1,0,18,2,2,0.0,0.0,0.0,0.0,0.0,3.0,7,3,2
94116,16,2,3,9,8,3,5,5,0,1,0,18,2,3,1.0,0.0,0.0,1.0,0.0,1.0,14,7,7
38287,4,7,0,7,8,3,6,1,1,1,1,36,2,2,0.0,0.0,0.0,0.0,0.0,2.0,20,3,3
113750,4,2,0,5,6,3,0,1,1,1,2,36,2,2,0.0,0.0,0.0,0.0,0.0,5.0,21,4,8
118446,15,2,3,10,6,3,0,1,1,1,1,36,2,2,0.0,0.0,0.0,0.0,0.0,2.0,9,4,8
14311,16,2,3,17,2,3,0,1,0,1,2,18,2,2,0.0,0.0,0.0,0.0,0.0,2.0,14,5,1
36552,16,7,0,17,2,3,6,1,1,1,2,12,2,2,0.0,0.0,0.0,0.0,0.0,2.0,20,6,3
98951,4,2,3,10,8,3,0,5,1,1,1,36,2,2,0.0,0.0,0.0,0.0,0.0,2.0,12,4,7
30994,15,2,2,14,8,3,0,1,1,1,1,24,2,2,0.0,0.0,0.0,0.0,0.0,2.0,17,3,3
88254,17,2,1,15,8,3,5,5,1,1,2,36,2,2,0.0,0.0,0.0,0.0,0.0,4.0,9,2,7
153305,16,2,1,0,2,3,0,1,1,1,2,6,3,2,0.0,0.0,0.0,0.0,0.0,4.0,4,1,10
63425,16,2,1,17,3,3,0,1,0,1,2,18,2,2,0.0,0.0,0.0,0.0,0.0,7.0,16,1,5
66561,16,2,4,10,3,3,0,1,1,1,2,19,2,2,0.0,0.0,0.0,0.0,0.0,2.0,21,2,5
168105,4,2,0,7,8,3,0,1,1,0,2,36,2,2,0.0,0.0,0.0,0.0,0.0,1.0,23,6,11
89446,16,7,1,17,3,3,6,1,0,1,2,36,2,2,0.0,0.0,0.0,0.0,0.0,3.0,21,4,7
153659,16,7,1,17,12,3,6,1,1,1,1,23,2,2,0.0,0.0,0.0,0.0,0.0,2.0,19,5,10
77450,16,2,1,10,8,3,0,5,0,1,2,17,3,2,0.0,0.0,0.0,0.0,0.0,3.0,22,7,6
16104,16,2,3,10,8,3,0,1,1,1,2,36,2,2,0.0,0.0,0.0,0.0,0.0,2.0,14,2,2
141857,16,2,3,0,8,3,0,1,0,1,2,36,2,3,2.0,0.0,0.0,2.0,0.0,1.0,13,5,10
102568,16,2,0,15,8,3,0,1,1,1,2,22,2,2,0.0,0.0,0.0,0.0,0.0,2.0,21,4,7
145761,4,2,3,15,8,3,0,1,1,1,2,36,2,2,0.0,0.0,0.0,0.0,0.0,2.0,12,2,10
116077,4,2,3,17,8,3,0,1,1,1,0,24,2,2,0.0,0.0,0.0,0.0,0.0,2.0,16,6,8
151163,16,2,3,0,8,3,0,1,1,1,2,36,2,2,0.0,0.0,0.0,0.0,0.0,3.0,11,5,10
94733,16,2,3,17,8,3,0,1,1,1,2,6,2,2,0.0,0.0,0.0,0.0,0.0,2.0,18,3,7
166981,16,2,3,17,16,3,0,1,0,1,2,24,2,2,0.0,0.0,0.0,0.0,0.0,36.0,10,4,11
69456,16,2,1,10,6,3,0,1,1,1,2,17,2,2,0.0,0.0,0.0,0.0,0.0,2.0,0,5,5
9357,16,10,1,9,6,3,6,1,0,1,2,27,2,3,1.0,0.0,0.0,1.0,0.0,1.0,20,3,1
55974,15,2,3,0,6,3,0,2,1,1,2,18,2,2,0.0,0.0,0.0,0.0,0.0,2.0,17,3,4
68392,16,2,3,3,6,4,0,5,0,1,2,11,2,3,1.0,0.0,0.0,1.0,0.0,1.0,10,3,5
187610,16,2,3,9,8,3,6,1,0,1,0,18,2,3,1.0,0.0,0.0,1.0,0.0,2.0,13,7,12
116865,16,2,3,10,19,3,0,1,1,1,2,17,2,2,0.0,0.0,0.0,0.0,0.0,2.0,13,3,8
169501,16,2,3,17,8,3,0,1,0,1,2,18,2,2,0.0,0.0,0.0,0.0,0.0,2.0,13,7,11
145147,16,2,3,7,6,3,0,1,0,1,2,30,2,2,0.0,0.0,0.0,0.0,0.0,1.0,7,1,10
74590,15,2,3,0,8,3,0,1,0,1,2,18,2,3,1.0,0.0,0.0,1.0,0.0,1.0,12,5,6
29230,16,2,3,10,11,3,0,1,1,1,0,21,2,2,0.0,0.0,0.0,0.0,0.0,3.0,10,7,3
143642,15,2,3,0,6,3,0,1,0,1,1,36,2,4,1.0,0.0,0.0,0.0,1.0,1.0,13,1,10
56667,16,2,3,17,2,3,0,1,0,1,2,36,2,2,0.0,0.0,0.0,0.0,0.0,2.0,14,7,5
6187,15,2,3,7,10,3,0,1,1,1,2,36,2,2,0.0,0.0,0.0,0.0,0.0,3.0,13,4,1
43616,16,3,3,10,8,3,0,1,1,1,1,19,2,2,0.0,0.0,0.0,0.0,0.0,4.0,16,2,4
176985,16,2,4,17,15,3,0,1,1,1,0,19,3,2,0.0,0.0,0.0,0.0,0.0,5.0,16,7,12
94167,16,2,1,15,2,3,0,1,1,1,0,23,2,2,0.0,0.0,0.0,0.0,0.0,3.0,21,7,7
30515,16,2,3,17,3,3,0,1,0,1,2,36,2,2,0.0,0.0,0.0,0.0,0.0,2.0,12,1,3
65718,17,2,4,10,2,3,0,5,0,1,2,36,2,3,1.0,0.0,0.0,1.0,0.0,2.0,19,2,5
156557,16,2,3,17,2,3,0,1,1,1,1,18,2,2,0.0,0.0,0.0,0.0,0.0,2.0,13,2,11
101507,15,2,3,0,6,3,0,1,0,1,2,5,3,2,0.0,0.0,0.0,0.0,0.0,2.0,19,2,7
37979,15,3,3,0,6,3,0,1,1,1,2,5,2,2,0.0,0.0,0.0,0.0,0.0,2.0,11,5,3
184454,16,2,3,15,2,3,0,1,1,1,1,22,2,2,0.0,0.0,0.0,0.0,0.0,3.0,16,4,12
80918,16,2,3,15,8,3,0,1,1,1,0,22,2,2,0.0,0.0,0.0,0.0,0.0,2.0,13,7,6
56679,16,2,3,15,10,3,0,1,1,1,1,12,2,2,0.0,0.0,0.0,0.0,0.0,2.0,17,7,5
23208,17,2,0,17,2,3,5,5,1,1,2,36,2,2,0.0,0.0,0.0,0.0,0.0,2.0,18,3,2
186433,16,7,3,9,6,3,6,1,0,1,0,36,2,4,1.0,0.0,0.0,0.0,1.0,1.0,9,5,12
100412,16,2,3,0,6,3,0,1,0,1,2,6,2,2,0.0,0.0,0.0,0.0,0.0,2.0,14,7,7
35827,15,2,4,0,11,3,0,1,1,1,2,5,2,2,0.0,0.0,0.0,0.0,0.0,2.0,17,6,3
68,4,2,1,0,8,3,0,1,0,1,2,36,2,3,1.0,0.0,0.0,1.0,0.0,2.0,17,2,1
84388,4,2,3,17,6,3,5,5,0,1,2,18,2,3,1.0,0.0,0.0,1.0,0.0,1.0,17,4,6
117760,15,3,3,7,10,3,0,1,1,1,2,24,2,2,0.0,0.0,0.0,0.0,0.0,1.0,17,1,8
101029,16,2,3,17,9,3,0,1,0,1,2,36,2,2,0.0,0.0,0.0,0.0,0.0,5.0,19,2,7
80129,15,2,3,17,3,3,0,1,1,1,1,18,2,2,0.0,0.0,0.0,0.0,0.0,3.0,5,4,6
4231,16,2,1,15,6,3,0,1,1,1,2,36,2,2,0.0,0.0,0.0,0.0,0.0,2.0,21,2,1
129349,16,7,3,8,6,3,6,5,0,1,0,36,2,3,1.0,0.0,0.0,1.0,0.0,1.0,13,7,9
51946,16,2,1,0,6,3,0,1,1,1,1,13,2,2,0.0,0.0,0.0,0.0,0.0,4.0,0,6,4
78382,4,2,3,17,11,3,5,5,1,1,2,24,2,2,0.0,0.0,0.0,0.0,0.0,2.0,13,7,6
71109,16,2,3,9,2,3,0,1,0,1,2,28,2,3,1.0,0.0,0.0,1.0,0.0,1.0,5,5,5
174908,4,2,3,15,8,3,0,1,1,0,2,36,2,2,0.0,0.0,0.0,0.0,0.0,2.0,13,3,12
17201,16,2,0,17,2,3,4,1,0,1,2,18,2,2,0.0,0.0,0.0,0.0,0.0,3.0,20,7,2
44574,4,2,3,10,2,3,0,1,1,1,1,36,2,2,0.0,0.0,0.0,0.0,0.0,2.0,8,6,4
171155,16,2,3,15,8,3,0,1,1,0,1,22,2,2,0.0,0.0,0.0,0.0,0.0,8.0,15,4,11
83597,16,2,3,0,15,3,5,5,1,1,2,36,2,2,0.0,0.0,0.0,0.0,0.0,2.0,15,7,6
37283,15,7,3,9,10,3,6,1,0,1,0,18,2,3,1.0,0.0,0.0,1.0,0.0,1.0,9,4,3
41811,15,2,3,10,6,3,0,1,1,1,1,19,2,2,0.0,0.0,0.0,0.0,0.0,2.0,12,7,3
76010,16,2,3,0,6,3,0,1,0,1,2,36,2,2,0.0,0.0,0.0,0.0,0.0,4.0,11,7,6
156960,15,3,3,7,8,3,0,1,0,0,2,8,3,2,0.0,0.0,0.0,0.0,0.0,1.0,9,6,11
53029,16,2,2,0,2,3,0,1,0,1,2,6,3,2,0.0,0.0,0.0,0.0,0.0,2.0,5,4,4
11429,16,5,3,9,6,3,4,1,1,1,0,36,2,2,0.0,0.0,0.0,0.0,0.0,2.0,11,3,1
30243,16,2,1,9,8,3,0,1,0,1,2,36,2,1,1.0,0.0,1.0,0.0,0.0,1.0,20,5,3
35566,15,2,3,0,16,3,0,1,0,1,2,36,4,2,0.0,0.0,0.0,0.0,0.0,2.0,17,3,3
12521,16,2,3,17,2,3,0,1,0,1,2,18,2,3,1.0,0.0,0.0,1.0,0.0,2.0,9,7,1
13958,4,2,3,17,2,3,0,1,0,1,2,36,2,3,1.0,0.0,0.0,1.0,0.0,1.0,14,6,1
93817,15,2,3,10,8,3,0,1,1,1,0,19,2,2,0.0,0.0,0.0,0.0,0.0,5.0,10,3,7
152241,15,2,3,0,8,3,0,1,0,1,2,18,2,3,2.0,0.0,0.0,2.0,0.0,2.0,6,5,10
153708,16,2,3,17,6,3,0,1,0,1,2,6,3,3,1.0,0.0,0.0,1.0,0.0,3.0,17,6,10
35749,16,2,1,0,2,3,0,1,0,1,2,6,2,2,0.0,0.0,0.0,0.0,0.0,2.0,2,7,3
36516,16,7,3,10,6,3,6,1,1,1,1,19,2,2,0.0,0.0,0.0,0.0,0.0,2.0,16,6,3
49080,4,10,3,17,2,3,4,1,1,1,2,24,2,2,0.0,0.0,0.0,0.0,0.0,2.0,8,2,4
116170,15,2,3,0,10,3,0,1,1,1,2,18,2,2,0.0,0.0,0.0,0.0,0.0,2.0,15,5,8
141415,15,2,0,10,8,3,5,5,1,1,1,19,2,2,0.0,0.0,0.0,0.0,0.0,3.0,1,6,10
30658,16,2,0,17,10,3,0,5,1,1,1,24,2,2,0.0,0.0,0.0,0.0,0.0,2.0,21,4,3
77473,16,2,1,10,8,3,0,1,0,1,2,36,3,2,0.0,0.0,0.0,0.0,0.0,3.0,3,1,6
116836,16,2,3,0,8,3,0,1,0,1,2,6,2,3,1.0,0.0,0.0,1.0,0.0,3.0,17,1,8
91040,4,2,3,2,8,4,0,1,1,1,0,36,1,2,0.0,0.0,0.0,0.0,0.0,1.0,16,1,7
3770,16,2,1,10,3,3,0,1,1,1,1,19,2,2,0.0,0.0,0.0,0.0,0.0,4.0,18,2,1
20533,16,2,3,17,6,3,0,1,0,1,2,18,2,2,0.0,0.0,0.0,0.0,0.0,2.0,8,2,2
45602,17,2,1,0,6,3,0,1,0,1,2,36,2,3,2.0,0.0,0.0,2.0,0.0,1.0,0,5,4
62072,4,2,3,17,3,3,0,1,1,1,2,12,2,2,0.0,0.0,0.0,0.0,0.0,2.0,8,6,5
29880,16,2,3,15,8,3,0,1,1,1,1,23,2,2,0.0,0.0,0.0,0.0,0.0,2.0,16,6,3
13022,16,6,1,17,2,3,1,1,0,1,2,39,2,2,0.0,0.0,0.0,0.0,0.0,7.0,20,1,1
77539,16,2,3,17,6,3,0,5,1,1,1,18,2,2,0.0,0.0,0.0,0.0,0.0,2.0,13,3,6
113957,17,2,1,17,1,3,0,1,1,1,2,36,2,2,0.0,0.0,0.0,0.0,0.0,5.0,22,7,8
90467,17,2,3,8,11,3,0,1,0,1,1,36,2,4,1.0,0.0,0.0,0.0,1.0,1.0,17,6,7
71590,16,2,1,17,6,3,0,1,1,1,1,23,2,2,0.0,0.0,0.0,0.0,0.0,2.0,0,3,5
24989,4,2,3,17,8,3,0,1,1,1,2,12,2,2,0.0,0.0,0.0,0.0,0.0,2.0,7,7,2
28417,16,2,3,0,2,3,0,1,0,1,2,6,2,3,1.0,0.0,0.0,1.0,0.0,1.0,12,6,3
134255,16,2,3,0,8,3,0,1,0,1,2,6,2,2,0.0,0.0,0.0,0.0,0.0,2.0,17,3,9
186133,16,2,3,10,8,3,0,5,1,1,1,17,2,2,0.0,0.0,0.0,0.0,0.0,2.0,17,4,12
30447,16,2,3,9,6,3,0,1,0,0,0,36,2,4,1.0,0.0,0.0,0.0,1.0,1.0,15,3,3
1660,16,2,1,17,8,3,0,5,1,1,1,24,2,2,0.0,0.0,0.0,0.0,0.0,2.0,22,7,1
74307,16,2,1,0,2,3,0,1,0,1,2,36,2,3,2.0,0.0,0.0,2.0,0.0,2.0,20,2,6
69048,16,2,3,15,8,3,0,1,1,1,1,26,2,2,0.0,0.0,0.0,0.0,0.0,2.0,16,6,5
59703,4,2,2,10,8,3,0,1,1,1,2,17,2,2,0.0,0.0,0.0,0.0,0.0,2.0,19,6,5
25604,16,2,0,10,8,3,0,1,1,1,2,26,2,2,0.0,0.0,0.0,0.0,0.0,2.0,20,5,2
33898,16,2,1,17,8,3,0,1,1,1,1,36,2,2,0.0,0.0,0.0,0.0,0.0,3.0,19,3,3
177830,4,2,1,15,2,3,0,1,1,1,2,36,2,2,0.0,0.0,0.0,0.0,0.0,2.0,20,3,12
87006,16,7,3,10,2,3,6,5,1,1,2,36,2,2,0.0,0.0,0.0,0.0,0.0,2.0,9,3,6
90157,16,7,1,0,2,3,6,1,0,1,2,6,4,2,0.0,0.0,0.0,0.0,0.0,3.0,1,3,7
150630,16,7,3,17,10,3,6,1,1,1,2,24,2,2,0.0,0.0,0.0,0.0,0.0,3.0,9,6,10
164987,16,2,3,0,12,3,0,1,1,1,1,22,2,2,0.0,0.0,0.0,0.0,0.0,2.0,15,3,11
76865,4,2,3,10,8,3,0,1,1,1,2,36,3,2,0.0,0.0,0.0,0.0,0.0,3.0,8,5,6
53659,16,7,3,15,8,3,0,1,1,1,2,9,2,2,0.0,0.0,0.0,0.0,0.0,3.0,12,6,4
62049,15,2,3,17,8,3,0,1,1,1,1,18,2,2,0.0,0.0,0.0,0.0,0.0,5.0,11,1,5
4336,15,2,1,0,8,3,0,1,1,1,2,18,2,2,0.0,0.0,0.0,0.0,0.0,2.0,19,5,1
38285,16,3,1,10,2,3,0,1,1,1,2,19,3,2,0.0,0.0,0.0,0.0,0.0,3.0,20,3,3
115383,15,2,1,0,6,3,0,1,0,1,2,36,2,3,1.0,0.0,0.0,1.0,0.0,1.0,20,1,8
8596,16,2,3,10,6,3,0,5,1,1,2,18,2,2,0.0,0.0,0.0,0.0,0.0,3.0,12,6,1
98448,16,2,3,10,8,3,0,1,1,1,2,36,2,2,0.0,0.0,0.0,0.0,0.0,2.0,16,4,7
145612,15,2,3,17,8,3,0,1,1,1,1,18,2,2,0.0,0.0,0.0,0.0,0.0,2.0,11,6,10
138682,16,2,2,8,6,3,0,1,0,1,2,17,2,3,1.0,0.0,0.0,1.0,0.0,1.0,5,4,10
47636,16,2,3,15,3,3,0,1,1,1,1,36,2,2,0.0,0.0,0.0,0.0,0.0,2.0,15,6,4
21534,16,2,3,17,6,3,0,5,1,0,1,17,2,2,0.0,0.0,0.0,0.0,0.0,2.0,8,3,2
5747,15,2,3,17,6,3,0,1,0,1,1,22,2,4,1.0,0.0,0.0,0.0,1.0,1.0,12,3,1
19403,16,2,3,17,8,3,0,1,1,1,2,19,2,2,0.0,0.0,0.0,0.0,0.0,2.0,9,2,2
110019,4,2,0,10,11,3,6,1,1,0,2,36,2,2,0.0,0.0,0.0,0.0,0.0,2.0,21,2,8
134591,16,7,3,17,6,3,6,1,0,1,2,6,2,3,1.0,0.0,0.0,1.0,0.0,1.0,8,1,9
101141,4,2,4,17,8,3,0,1,0,1,2,36,2,2,0.0,0.0,0.0,0.0,0.0,2.0,19,4,7
54770,4,2,3,14,8,3,0,1,1,0,2,36,2,2,0.0,0.0,0.0,0.0,0.0,2.0,16,4,4
140419,16,2,1,8,8,3,0,1,0,1,2,5,2,3,1.0,0.0,0.0,1.0,0.0,1.0,23,7,10
29397,16,2,3,15,8,3,0,1,1,1,2,22,2,2,0.0,0.0,0.0,0.0,0.0,4.0,20,4,3
46533,16,2,3,10,6,3,0,1,0,1,2,19,3,2,0.0,0.0,0.0,0.0,0.0,4.0,13,1,4
117830,15,2,3,17,8,3,0,1,0,1,2,24,2,2,0.0,0.0,0.0,0.0,0.0,3.0,8,2,8
154709,15,2,3,0,2,3,0,1,1,1,2,39,2,2,0.0,0.0,0.0,0.0,0.0,3.0,16,6,10
122886,4,2,3,7,12,3,0,1,0,1,2,36,3,2,0.0,0.0,0.0,0.0,0.0,1.0,12,4,9
30245,16,2,1,17,2,3,0,1,0,1,2,6,2,3,2.0,0.0,0.0,2.0,0.0,1.0,21,5,3
48380,16,2,1,2,3,3,0,1,0,1,2,36,1,3,1.0,0.0,0.0,1.0,0.0,0.0,1,6,4
147616,16,2,3,17,2,3,0,1,1,1,2,12,2,2,0.0,0.0,0.0,0.0,0.0,3.0,17,6,10
11791,17,2,0,9,10,3,0,5,0,1,0,18,2,3,1.0,0.0,0.0,1.0,0.0,1.0,18,3,1
186437,5,7,1,9,2,3,6,1,0,1,2,3,2,4,1.0,0.0,0.0,0.0,1.0,1.0,22,5,12
59545,16,2,3,15,10,3,0,1,0,1,2,18,2,2,0.0,0.0,0.0,0.0,0.0,4.0,15,3,5
9656,16,2,1,17,8,3,6,1,0,1,2,36,3,4,2.0,0.0,0.0,0.0,2.0,2.0,1,1,1
96530,16,2,3,15,8,3,0,5,1,1,2,18,2,2,0.0,0.0,0.0,0.0,0.0,2.0,16,4,7
50890,15,2,1,0,16,3,0,1,0,1,2,5,2,3,2.0,0.0,0.0,2.0,0.0,2.0,19,7,4
46648,4,2,3,17,6,3,0,1,1,1,0,19,2,2,0.0,0.0,0.0,0.0,0.0,2.0,16,4,4
187273,16,2,3,15,11,3,0,1,1,1,2,36,2,2,0.0,0.0,0.0,0.0,0.0,2.0,11,2,12
170132,16,11,0,17,10,3,5,5,1,1,1,24,2,2,0.0,0.0,0.0,0.0,0.0,2.0,23,1,11
26826,16,2,1,10,10,3,0,1,1,1,1,36,2,2,0.0,0.0,0.0,0.0,0.0,2.0,21,3,2
177451,16,2,3,17,8,3,0,1,1,1,1,24,2,2,0.0,0.0,0.0,0.0,0.0,3.0,18,6,12
95457,16,2,3,0,8,3,0,1,0,1,1,18,2,4,1.0,0.0,0.0,0.0,1.0,2.0,15,2,7
154554,16,2,3,10,8,3,0,1,1,0,2,19,2,2,0.0,0.0,0.0,0.0,0.0,2.0,8,3,10
135322,16,2,3,9,6,3,0,1,0,1,2,18,2,3,1.0,0.0,0.0,1.0,0.0,2.0,12,5,9
42989,15,5,4,0,6,3,6,1,1,1,2,36,2,2,0.0,0.0,0.0,0.0,0.0,2.0,18,7,4
83937,16,2,3,15,8,3,0,1,1,1,2,18,2,2,0.0,0.0,0.0,0.0,0.0,2.0,16,4,6
85300,15,2,3,0,8,3,0,1,1,1,1,18,2,2,0.0,0.0,0.0,0.0,0.0,4.0,12,3,6
140748,16,2,1,9,6,3,0,1,0,1,0,18,2,3,1.0,0.0,0.0,1.0,0.0,2.0,18,4,10
26630,15,2,3,2,15,3,0,1,0,1,2,13,1,3,1.0,0.0,0.0,1.0,0.0,0.0,18,1,2
99701,17,2,3,7,16,3,0,5,0,1,2,36,3,4,1.0,0.0,0.0,0.0,1.0,0.0,11,3,7
79532,4,7,1,17,17,3,6,5,1,1,0,26,2,2,0.0,0.0,0.0,0.0,0.0,2.0,12,7,6
129953,16,7,1,0,10,3,6,1,0,1,2,6,2,2,0.0,0.0,0.0,0.0,0.0,3.0,2,1,9
176360,16,2,3,17,6,3,0,1,1,1,2,36,2,2,0.0,0.0,0.0,0.0,0.0,2.0,16,6,12
12620,15,10,1,10,4,3,4,1,1,1,0,39,2,2,0.0,0.0,0.0,0.0,0.0,2.0,16,3,1
123449,16,2,3,17,6,3,0,1,0,1,2,24,2,3,1.0,0.0,0.0,1.0,0.0,1.0,17,6,9
138773,16,3,3,10,8,3,6,1,1,1,2,19,2,2,0.0,0.0,0.0,0.0,0.0,2.0,13,3,10
127954,16,2,4,0,6,3,0,1,0,1,2,18,2,4,2.0,0.0,0.0,0.0,2.0,2.0,20,7,9
107311,16,3,3,17,8,3,0,1,1,1,2,36,2,2,0.0,0.0,0.0,0.0,0.0,2.0,12,3,8
162827,16,2,3,8,6,3,0,1,1,1,0,17,2,2,0.0,0.0,0.0,0.0,0.0,2.0,15,1,11
28901,4,2,3,17,15,3,0,1,0,1,2,36,2,2,0.0,0.0,0.0,0.0,0.0,2.0,7,2,3
116276,4,2,3,10,13,4,0,1,0,1,1,36,2,3,3.0,0.0,0.0,3.0,0.0,1.0,12,6,8
104311,16,2,1,17,6,3,0,1,1,1,2,6,3,2,0.0,0.0,0.0,0.0,0.0,3.0,0,1,8
18491,16,2,3,10,2,3,0,1,0,1,1,36,2,4,1.0,0.0,0.0,0.0,1.0,2.0,9,7,2
143441,4,7,3,17,2,3,6,1,1,1,2,24,2,2,0.0,0.0,0.0,0.0,0.0,2.0,12,4,10
3751,16,2,3,10,2,3,0,1,1,1,2,36,2,2,0.0,0.0,0.0,0.0,0.0,2.0,14,2,1
188949,16,2,3,10,2,3,0,1,1,1,2,36,2,2,0.0,0.0,0.0,0.0,0.0,2.0,11,7,12
155859,16,2,3,9,3,3,0,1,0,1,1,13,3,4,2.0,0.0,0.0,0.0,2.0,2.0,13,6,11
69185,15,2,1,0,11,3,0,1,0,1,2,5,2,2,0.0,0.0,0.0,0.0,0.0,2.0,1,7,5
186581,15,2,0,15,2,3,6,1,1,1,1,22,2,2,0.0,0.0,0.0,0.0,0.0,3.0,5,5,12
153587,15,2,3,0,2,3,0,1,0,1,2,18,3,3,1.0,0.0,0.0,1.0,0.0,2.0,17,4,10
155682,15,2,3,10,10,3,0,1,1,1,2,21,2,2,0.0,0.0,0.0,0.0,0.0,2.0,10,1,11
89987,16,2,3,15,8,3,0,1,1,1,1,36,2,2,0.0,0.0,0.0,0.0,0.0,2.0,18,6,7
106354,16,2,3,15,8,3,0,1,1,1,0,23,2,2,0.0,0.0,0.0,0.0,0.0,2.0,17,4,8
6678,16,2,0,15,2,3,0,1,1,1,1,36,2,2,0.0,0.0,0.0,0.0,0.0,2.0,18,3,1
153613,16,2,3,15,2,3,0,1,1,1,2,23,2,2,0.0,0.0,0.0,0.0,0.0,2.0,12,4,10
164675,17,2,3,10,10,3,5,5,1,1,2,36,2,2,0.0,0.0,0.0,0.0,0.0,2.0,15,7,11
12186,16,10,3,2,2,3,4,5,0,1,2,23,1,3,1.0,0.0,0.0,1.0,0.0,2.0,13,3,1
57977,16,2,3,0,2,3,0,1,0,1,2,6,3,3,3.0,0.0,0.0,1.0,2.0,0.0,11,6,5
125946,16,2,3,0,6,3,0,5,0,1,2,6,3,3,1.0,0.0,0.0,1.0,0.0,2.0,13,3,9
9408,16,2,3,10,3,3,5,5,1,1,2,36,2,2,0.0,0.0,0.0,0.0,0.0,2.0,8,4,1
176644,15,2,1,0,3,3,0,1,0,1,2,5,4,1,4.0,0.0,3.0,0.0,1.0,0.0,0,1,12
99493,16,2,1,17,8,3,0,5,0,1,2,24,2,4,2.0,0.0,0.0,0.0,2.0,1.0,20,6,7
114204,4,2,3,11,8,3,0,1,1,1,2,21,2,2,0.0,0.0,0.0,0.0,0.0,2.0,10,3,8
179582,16,7,1,17,2,3,6,1,1,1,2,18,2,2,0.0,0.0,0.0,0.0,0.0,2.0,1,6,12
111109,16,2,3,17,6,3,0,1,0,1,2,6,2,2,0.0,0.0,0.0,0.0,0.0,2.0,7,6,8
120477,15,2,3,3,6,3,0,1,1,1,2,18,2,2,0.0,0.0,0.0,0.0,0.0,3.0,12,7,8
75089,16,2,3,10,2,3,0,1,1,1,2,36,2,2,0.0,0.0,0.0,0.0,0.0,2.0,13,6,6
74880,16,2,3,17,15,3,5,1,1,1,1,24,2,2,0.0,0.0,0.0,0.0,0.0,2.0,10,3,6
22476,16,2,3,0,6,3,0,1,0,1,2,18,2,4,2.0,0.0,0.0,0.0,2.0,1.0,13,6,2
43919,16,2,3,17,8,3,0,1,1,1,2,6,2,2,0.0,0.0,0.0,0.0,0.0,2.0,17,2,4