crash_date,               traffic_control_device,weather_condition,lighting_condition,first_crash_type,trafficway_type,alignment,roadway_surface_cond,road_defect,crash_type,intersection_related_i,damage,prim_contributory_cause,num_units,most_severe_injury,injuries_total,injuries_fatal,injuries_incapacitating,injuries_non_incapacitating,injuries_reported_not_evident,injuries_no_indication,crash_hour,crash_day_of_week,crash_month
31958,15,2,0,15,10,3,0,1,1,1,2,23,2,2,0.0,0.0,0.0,0.0,0.0,2.0,17,6,3
82404,4,2,3,10,2,3,0,1,1,1,2,13,2,2,0.0,0.0,0.0,0.0,0.0,2.0,13,2,6
19442,16,2,3,17,6,3,1,1,1,1,2,36,3,2,0.0,0.0,0.0,0.0,0.0,4.0,7,4,2
60130,15,2,3,0,8,4,0,1,0,1,2,12,2,2,0.0,0.0,0.0,0.0,0.0,4.0,14,5,5
16671,16,2,3,17,3,3,6,1,0,1,2,36,2,3,2.0,0.0,0.0,2.0,0.0,2.0,16,6,2
65416,16,2,3,15,8,3,0,1,1,1,1,22,2,2,0.0,0.0,0.0,0.0,0.0,2.0,20,5,5
10769,16,2,1,17,1,3,0,5,0,1,2,18,2,2,0.0,0.0,0.0,0.0,0.0,3.0,18,6,1
80698,15,2,1,0,6,3,0,1,0,1,2,17,4,4,2.0,0.0,0.0,0.0,2.0,2.0,23,5,6
122774,15,2,3,10,2,3,0,1,0,1,1,19,2,4,1.0,0.0,0.0,0.0,1.0,1.0,15,3,9
47849,16,7,4,17,8,3,6,1,1,1,0,17,2,2,0.0,0.0,0.0,0.0,0.0,2.0,16,4,4
63654,16,2,3,9,2,3,0,1,0,1,0,18,2,3,1.0,0.0,0.0,1.0,0.0,1.0,6,4,5
161030,15,2,3,17,6,3,0,1,1,1,1,26,2,2,0.0,0.0,0.0,0.0,0.0,2.0,12,1,11
96008,16,2,1,17,15,3,5,5,1,1,2,23,2,2,0.0,0.0,0.0,0.0,0.0,2.0,22,3,7
151836,16,7,1,15,8,3,6,1,0,1,2,28,2,2,0.0,0.0,0.0,0.0,0.0,2.0,19,2,10
121320,4,2,3,10,2,3,0,1,0,0,2,18,3,2,0.0,0.0,0.0,0.0,0.0,4.0,19,4,9
129083,15,2,3,0,8,3,5,5,1,1,1,18,2,2,0.0,0.0,0.0,0.0,0.0,2.0,14,2,9
166515,16,2,3,17,8,3,0,1,0,1,2,36,2,2,0.0,0.0,0.0,0.0,0.0,2.0,5,2,11
101049,16,2,1,17,3,3,0,1,0,1,2,18,2,2,0.0,0.0,0.0,0.0,0.0,4.0,11,2,7
178723,15,2,1,0,6,3,0,1,0,1,2,18,3,3,2.0,0.0,0.0,2.0,0.0,2.0,2,3,12
147474,16,2,2,10,10,3,0,1,1,1,1,23,2,2,0.0,0.0,0.0,0.0,0.0,2.0,16,4,10
77250,16,2,3,10,3,3,0,1,1,1,1,36,2,2,0.0,0.0,0.0,0.0,0.0,3.0,8,3,6
36863,4,7,3,0,8,3,6,1,0,1,2,36,2,3,2.0,0.0,0.0,1.0,1.0,2.0,15,5,3
47741,4,2,0,17,10,3,0,1,1,1,1,26,2,2,0.0,0.0,0.0,0.0,0.0,3.0,22,7,4
155685,4,2,1,8,8,3,0,1,0,1,0,22,2,3,1.0,0.0,0.0,1.0,0.0,1.0,1,3,11
146420,16,2,4,17,1,3,0,5,1,1,0,36,2,2,0.0,0.0,0.0,0.0,0.0,2.0,18,2,10
188703,15,7,3,0,8,3,6,1,0,1,1,39,2,2,0.0,0.0,0.0,0.0,0.0,2.0,9,2,12
53181,16,2,3,0,8,3,0,1,1,1,2,6,2,2,0.0,0.0,0.0,0.0,0.0,3.0,13,1,4
63911,16,2,1,15,2,3,0,1,1,1,1,36,3,2,0.0,0.0,0.0,0.0,0.0,3.0,19,2,5
66110,15,7,3,17,8,3,6,1,1,1,1,22,2,2,0.0,0.0,0.0,0.0,0.0,3.0,15,2,5
160226,16,2,1,17,6,3,0,1,0,1,2,18,2,2,0.0,0.0,0.0,0.0,0.0,3.0,20,6,11
133285,16,2,5,17,18,3,5,5,1,1,2,36,2,2,0.0,0.0,0.0,0.0,0.0,2.0,19,4,9
148583,16,2,3,15,8,3,0,1,1,1,1,36,2,2,0.0,0.0,0.0,0.0,0.0,2.0,11,7,10
157804,16,7,1,0,6,3,6,5,0,1,2,19,2,2,0.0,0.0,0.0,0.0,0.0,2.0,16,6,11
174685,16,2,3,0,6,3,0,1,0,1,2,6,2,2,0.0,0.0,0.0,0.0,0.0,2.0,13,2,12
113253,15,2,3,8,6,4,0,5,0,1,0,5,2,3,1.0,0.0,0.0,1.0,0.0,1.0,19,3,8
19991,4,2,3,17,15,3,0,1,0,1,2,18,2,3,1.0,0.0,0.0,1.0,0.0,2.0,13,7,2
40509,15,2,3,10,8,3,0,1,1,0,2,36,2,2,0.0,0.0,0.0,0.0,0.0,2.0,9,2,3
30372,16,7,4,10,2,3,0,1,1,1,2,19,2,2,0.0,0.0,0.0,0.0,0.0,3.0,23,7,3
176926,16,7,0,17,8,3,6,1,1,1,1,24,2,2,0.0,0.0,0.0,0.0,0.0,3.0,20,6,12
152004,16,7,2,5,3,3,6,2,0,1,2,32,1,2,0.0,0.0,0.0,0.0,0.0,1.0,6,4,10
55428,17,2,1,17,2,3,0,1,0,1,2,24,2,4,1.0,0.0,0.0,0.0,1.0,1.0,23,7,4
14691,15,2,1,0,2,3,0,5,1,1,1,5,2,2,0.0,0.0,0.0,0.0,0.0,3.0,0,4,1
106401,16,2,3,10,6,3,0,1,1,1,1,19,2,2,0.0,0.0,0.0,0.0,0.0,4.0,14,5,8
93962,16,2,3,15,2,3,0,1,1,1,1,36,2,2,0.0,0.0,0.0,0.0,0.0,3.0,12,6,7
35545,4,2,3,10,15,3,0,1,0,1,2,36,2,3,1.0,0.0,0.0,1.0,0.0,1.0,14,3,3
180265,16,2,1,17,2,3,0,1,1,1,1,6,2,2,0.0,0.0,0.0,0.0,0.0,2.0,18,7,12
188410,4,2,4,15,2,3,0,5,0,0,2,22,3,2,0.0,0.0,0.0,0.0,0.0,3.0,20,6,12
166593,16,2,3,10,8,3,0,1,1,1,2,12,2,2,0.0,0.0,0.0,0.0,0.0,3.0,11,3,11
71654,6,2,3,17,10,3,0,1,1,1,2,4,2,2,0.0,0.0,0.0,0.0,0.0,2.0,9,4,5
150560,16,7,1,0,8,3,6,1,0,1,2,18,3,3,6.0,0.0,0.0,6.0,0.0,0.0,20,4,10
10369,16,2,3,17,6,3,0,1,1,1,2,24,2,2,0.0,0.0,0.0,0.0,0.0,2.0,9,6,1
98546,15,2,1,0,8,3,0,1,0,1,2,28,2,4,2.0,0.0,0.0,0.0,2.0,1.0,20,5,7
142713,15,2,3,0,6,3,0,5,0,1,2,18,2,3,3.0,0.0,0.0,3.0,0.0,0.0,9,4,10
129505,4,2,3,7,8,3,0,1,1,0,1,29,2,2,0.0,0.0,0.0,0.0,0.0,1.0,16,7,9
26592,16,2,3,17,6,3,0,1,1,1,2,18,2,2,0.0,0.0,0.0,0.0,0.0,2.0,11,7,2
188487,4,2,3,2,2,3,0,1,1,1,2,26,1,2,0.0,0.0,0.0,0.0,0.0,1.0,12,7,12
127149,16,2,3,15,8,3,0,1,1,1,1,36,2,2,0.0,0.0,0.0,0.0,0.0,3.0,12,5,9
182901,15,2,0,11,15,3,0,5,1,1,2,9,2,2,0.0,0.0,0.0,0.0,0.0,2.0,17,3,12
81188,16,2,3,17,8,3,0,5,1,1,2,6,2,2,0.0,0.0,0.0,0.0,0.0,3.0,16,6,6
95999,16,2,3,10,8,3,0,1,1,1,2,19,2,2,0.0,0.0,0.0,0.0,0.0,3.0,9,3,7
7772,16,2,1,10,8,3,0,1,1,1,2,36,2,2,0.0,0.0,0.0,0.0,0.0,2.0,19,5,1
119195,16,7,3,9,8,3,6,1,0,1,0,28,2,3,2.0,0.0,0.0,2.0,0.0,0.0,13,2,8
66258,16,2,3,17,8,3,0,1,1,1,2,36,2,2,0.0,0.0,0.0,0.0,0.0,3.0,16,5,5
4551,16,2,1,0,15,3,0,1,1,1,2,36,2,2,0.0,0.0,0.0,0.0,0.0,3.0,17,6,1
100602,16,2,3,10,3,3,0,1,1,0,1,19,2,2,0.0,0.0,0.0,0.0,0.0,2.0,11,2,7
127931,16,2,1,17,18,3,0,1,0,1,2,11,2,2,0.0,0.0,0.0,0.0,0.0,3.0,4,7,9
104881,15,2,3,17,8,3,0,1,1,1,2,23,3,2,0.0,0.0,0.0,0.0,0.0,3.0,17,3,8
174189,16,2,3,15,3,3,0,1,1,1,0,12,2,2,0.0,0.0,0.0,0.0,0.0,2.0,8,2,12
127870,15,2,1,0,8,3,0,1,0,1,2,18,2,4,2.0,0.0,0.0,0.0,2.0,1.0,19,6,9
54932,16,2,1,17,6,3,0,1,1,1,2,36,2,2,0.0,0.0,0.0,0.0,0.0,2.0,22,6,4
22903,15,2,3,17,6,3,1,1,1,1,1,39,2,2,0.0,0.0,0.0,0.0,0.0,5.0,6,6,2
157718,4,3,3,17,8,3,0,1,0,1,2,18,4,3,2.0,0.0,0.0,2.0,0.0,2.0,13,5,11
180838,16,2,3,17,2,3,0,1,0,1,2,18,4,3,2.0,0.0,0.0,2.0,0.0,5.0,15,1,12
106410,15,2,3,0,6,3,0,5,1,1,1,36,2,2,0.0,0.0,0.0,0.0,0.0,2.0,16,5,8
131234,16,2,2,10,2,3,0,1,1,1,2,23,2,2,0.0,0.0,0.0,0.0,0.0,2.0,18,1,9
147839,4,2,3,17,15,3,0,1,1,1,1,36,2,2,0.0,0.0,0.0,0.0,0.0,2.0,11,3,10
39541,16,2,3,17,15,3,0,1,0,1,1,22,2,4,1.0,0.0,0.0,0.0,1.0,2.0,13,6,3
26462,16,10,1,2,6,3,4,1,0,1,2,39,1,2,0.0,0.0,0.0,0.0,0.0,1.0,4,6,2
135032,15,3,3,0,6,3,0,1,1,1,2,18,2,2,0.0,0.0,0.0,0.0,0.0,3.0,16,7,9
3043,15,7,3,0,8,3,6,1,0,1,2,18,2,3,2.0,0.0,0.0,2.0,0.0,1.0,7,2,1
140355,15,2,3,0,2,3,0,5,0,1,2,18,2,2,0.0,0.0,0.0,0.0,0.0,3.0,13,7,10
29458,15,2,1,10,8,3,0,1,0,1,2,19,2,3,3.0,0.0,0.0,2.0,1.0,1.0,22,5,3
74730,16,2,1,17,2,3,0,1,0,1,2,24,2,3,1.0,0.0,0.0,1.0,0.0,1.0,22,1,6
69466,16,2,0,17,6,3,0,1,0,1,2,36,2,2,0.0,0.0,0.0,0.0,0.0,2.0,13,6,5
99367,16,2,3,17,8,3,0,1,0,1,2,18,2,4,1.0,0.0,0.0,0.0,1.0,1.0,7,3,7
5089,15,10,3,17,8,3,4,1,0,0,2,36,2,3,3.0,0.0,0.0,1.0,2.0,2.0,15,7,1
12979,16,2,1,0,3,3,0,1,0,1,2,26,2,3,2.0,0.0,0.0,2.0,0.0,2.0,0,7,1
108814,16,2,3,0,2,3,0,1,0,1,2,26,2,3,1.0,0.0,0.0,1.0,0.0,1.0,18,6,8
71022,4,2,3,10,2,3,0,1,0,1,2,19,2,3,1.0,0.0,0.0,1.0,0.0,1.0,14,3,5
44748,16,2,0,0,6,3,0,1,0,1,2,6,2,3,1.0,0.0,0.0,1.0,0.0,1.0,23,3,4
39182,15,2,3,0,6,3,0,1,0,1,2,5,2,2,0.0,0.0,0.0,0.0,0.0,2.0,13,6,3
51485,16,2,3,17,8,3,0,1,1,1,1,18,2,2,0.0,0.0,0.0,0.0,0.0,2.0,7,5,4
38478,16,2,3,17,2,3,0,5,1,1,2,23,2,2,0.0,0.0,0.0,0.0,0.0,3.0,13,6,3
59431,16,2,3,10,2,3,6,1,1,1,1,13,2,2,0.0,0.0,0.0,0.0,0.0,3.0,16,3,5
30915,16,2,3,10,2,3,0,1,1,1,2,36,2,2,0.0,0.0,0.0,0.0,0.0,2.0,15,4,3
32927,16,2,3,10,8,3,0,1,1,1,2,13,2,2,0.0,0.0,0.0,0.0,0.0,4.0,10,7,3
183092,16,2,1,15,8,3,5,5,1,1,0,36,2,2,0.0,0.0,0.0,0.0,0.0,3.0,18,4,12
2775,16,2,1,10,6,3,0,1,1,1,2,19,2,2,0.0,0.0,0.0,0.0,0.0,2.0,19,6,1
89597,15,2,3,0,8,3,0,1,1,1,2,36,2,2,0.0,0.0,0.0,0.0,0.0,2.0,13,1,7
56197,4,2,3,10,8,3,0,1,0,1,2,36,2,2,0.0,0.0,0.0,0.0,0.0,2.0,16,6,5
121196,4,2,3,2,8,3,0,1,1,1,2,36,1,2,0.0,0.0,0.0,0.0,0.0,1.0,15,1,9
77508,16,2,1,17,6,3,0,1,1,1,2,36,2,2,0.0,0.0,0.0,0.0,0.0,5.0,22,1,6
175102,16,2,1,10,2,3,0,1,1,1,0,36,2,2,0.0,0.0,0.0,0.0,0.0,3.0,19,6,12
3914,15,6,3,0,2,3,6,1,0,1,2,39,3,2,0.0,0.0,0.0,0.0,0.0,2.0,14,3,1
4800,4,2,3,14,6,3,0,5,1,1,2,36,2,2,0.0,0.0,0.0,0.0,0.0,3.0,7,4,1
129470,16,2,3,15,6,3,0,1,1,1,2,9,2,2,0.0,0.0,0.0,0.0,0.0,2.0,11,2,9
110939,15,2,3,0,8,3,0,1,1,1,2,5,2,2,0.0,0.0,0.0,0.0,0.0,2.0,15,3,8
188714,16,7,1,10,2,3,6,1,1,1,2,17,2,2,0.0,0.0,0.0,0.0,0.0,5.0,22,2,12
131481,16,2,3,10,6,3,0,1,1,1,1,18,2,2,0.0,0.0,0.0,0.0,0.0,2.0,12,6,9
57959,16,2,3,0,8,3,0,1,1,1,2,12,2,2,0.0,0.0,0.0,0.0,0.0,2.0,17,6,5
184428,16,2,0,2,8,3,0,1,1,1,0,9,1,2,0.0,0.0,0.0,0.0,0.0,1.0,20,3,12
134428,4,2,1,17,8,3,0,1,1,1,1,18,2,2,0.0,0.0,0.0,0.0,0.0,2.0,22,6,9
181739,4,2,1,9,8,3,6,1,0,0,2,36,2,3,1.0,0.0,0.0,1.0,0.0,1.0,5,1,12
88364,16,2,3,15,2,3,0,1,1,1,1,23,2,2,0.0,0.0,0.0,0.0,0.0,2.0,11,2,7
18070,16,3,3,0,8,3,6,5,1,1,2,24,2,2,0.0,0.0,0.0,0.0,0.0,3.0,15,1,2
91618,16,2,3,17,6,3,0,1,0,1,2,18,2,1,1.0,0.0,1.0,0.0,0.0,1.0,16,4,7
185235,16,3,0,15,2,3,5,5,1,1,2,23,2,2,0.0,0.0,0.0,0.0,0.0,7.0,17,7,12
188230,16,10,3,17,6,3,6,1,1,1,1,24,2,2,0.0,0.0,0.0,0.0,0.0,3.0,15,2,12
48841,16,2,3,10,8,3,0,1,1,1,2,36,3,2,0.0,0.0,0.0,0.0,0.0,3.0,11,6,4
147059,15,2,3,0,6,3,0,1,0,1,1,5,2,2,0.0,0.0,0.0,0.0,0.0,2.0,14,5,10
87387,15,2,1,10,6,3,0,1,0,1,2,19,2,2,0.0,0.0,0.0,0.0,0.0,2.0,3,1,6
93767,16,2,3,17,8,3,0,1,0,1,2,36,2,2,0.0,0.0,0.0,0.0,0.0,3.0,14,3,7
137390,15,2,3,0,2,3,0,1,1,1,2,36,2,2,0.0,0.0,0.0,0.0,0.0,2.0,17,6,9
88443,16,7,1,17,15,3,6,1,0,1,2,18,2,2,0.0,0.0,0.0,0.0,0.0,3.0,23,3,7
174217,4,2,3,0,2,3,0,1,0,1,2,18,3,4,1.0,0.0,0.0,0.0,1.0,2.0,14,4,12
10981,16,10,3,10,2,3,6,1,1,1,2,19,2,2,0.0,0.0,0.0,0.0,0.0,2.0,9,2,1
160597,15,3,3,0,8,3,0,1,0,1,2,5,3,3,2.0,0.0,0.0,2.0,0.0,1.0,11,3,11
75919,15,2,3,9,15,3,0,1,0,1,0,18,3,3,1.0,0.0,0.0,1.0,0.0,2.0,18,5,6
30860,16,2,0,0,6,3,0,1,0,1,2,6,2,3,2.0,0.0,0.0,2.0,0.0,0.0,5,2,3
2404,16,2,3,10,8,3,0,1,1,1,1,19,2,2,0.0,0.0,0.0,0.0,0.0,3.0,16,6,1
65408,16,2,3,10,2,3,0,1,1,1,1,19,2,2,0.0,0.0,0.0,0.0,0.0,2.0,8,5,5
186833,16,2,2,17,6,3,6,5,0,1,2,18,2,4,1.0,0.0,0.0,0.0,1.0,3.0,17,3,12
104720,15,2,0,0,2,3,0,1,0,1,2,5,2,3,2.0,0.0,0.0,2.0,0.0,3.0,21,6,8
20284,16,10,3,15,2,3,6,1,1,1,2,23,2,2,0.0,0.0,0.0,0.0,0.0,2.0,15,4,2
61063,16,2,3,17,10,3,0,1,1,1,0,4,2,2,0.0,0.0,0.0,0.0,0.0,2.0,18,5,5
68595,16,2,3,17,8,3,0,1,1,1,0,36,2,2,0.0,0.0,0.0,0.0,0.0,2.0,10,7,5
4300,16,7,3,0,6,3,6,5,1,1,2,12,2,2,0.0,0.0,0.0,0.0,0.0,2.0,12,3,1
172958,15,2,1,0,18,3,0,1,0,1,2,5,2,2,0.0,0.0,0.0,0.0,0.0,2.0,18,4,12
27537,16,7,3,0,2,3,6,1,0,1,2,36,2,4,1.0,0.0,0.0,0.0,1.0,4.0,8,2,2
185377,15,2,4,17,10,3,0,1,1,1,2,22,2,2,0.0,0.0,0.0,0.0,0.0,2.0,17,3,12
130613,15,2,3,0,6,3,0,1,1,1,2,36,2,2,0.0,0.0,0.0,0.0,0.0,2.0,7,4,9
74908,4,2,3,17,6,3,0,1,0,1,2,18,2,2,0.0,0.0,0.0,0.0,0.0,2.0,17,5,6
3680,16,5,1,9,10,3,1,5,0,1,0,18,2,3,1.0,0.0,0.0,1.0,0.0,1.0,19,7,1
12194,15,10,3,17,15,3,4,1,0,1,2,18,2,4,1.0,0.0,0.0,0.0,1.0,1.0,15,3,1
125973,16,2,3,17,8,3,0,1,1,1,2,18,2,2,0.0,0.0,0.0,0.0,0.0,3.0,6,3,9
176741,16,3,3,17,8,3,6,5,1,1,0,24,2,2,0.0,0.0,0.0,0.0,0.0,2.0,12,2,12
138592,16,2,3,10,6,3,0,1,1,1,2,19,2,2,0.0,0.0,0.0,0.0,0.0,2.0,14,2,10
154122,16,2,3,0,6,3,0,5,0,1,2,6,3,2,0.0,0.0,0.0,0.0,0.0,2.0,10,5,10
177965,15,7,1,0,6,3,6,1,0,1,2,18,2,2,0.0,0.0,0.0,0.0,0.0,2.0,18,6,12
87956,15,2,1,17,8,3,0,1,1,1,1,36,2,2,0.0,0.0,0.0,0.0,0.0,2.0,21,2,7
158834,6,2,3,2,16,3,0,1,1,1,2,22,2,2,0.0,0.0,0.0,0.0,0.0,1.0,10,4,11
58171,16,2,3,17,8,3,0,1,0,1,1,36,2,3,1.0,0.0,0.0,1.0,0.0,1.0,13,4,5
186237,16,2,1,17,6,3,0,1,0,1,2,18,2,2,0.0,0.0,0.0,0.0,0.0,3.0,16,7,12
45970,16,2,3,0,2,3,0,1,0,1,2,18,2,3,3.0,0.0,0.0,2.0,1.0,0.0,8,3,4
26766,16,2,3,17,8,3,0,1,1,1,2,24,2,2,0.0,0.0,0.0,0.0,0.0,2.0,10,2,2
144639,4,2,3,15,8,3,0,1,1,1,1,36,2,2,0.0,0.0,0.0,0.0,0.0,2.0,14,6,10
156378,16,3,3,10,2,3,6,1,0,1,2,19,3,2,0.0,0.0,0.0,0.0,0.0,4.0,8,5,11
16218,16,2,3,17,8,3,0,1,1,1,2,24,2,2,0.0,0.0,0.0,0.0,0.0,3.0,10,4,2
2545,16,2,1,10,8,3,0,1,1,1,0,17,2,2,0.0,0.0,0.0,0.0,0.0,2.0,0,1,1
89883,4,7,3,15,2,3,6,1,1,1,2,39,2,2,0.0,0.0,0.0,0.0,0.0,2.0,13,5,7
163937,4,2,3,17,10,3,0,5,0,0,2,5,2,2,0.0,0.0,0.0,0.0,0.0,2.0,8,2,11
96638,4,2,3,10,8,3,0,1,0,1,2,19,4,2,0.0,0.0,0.0,0.0,0.0,5.0,15,4,7
77543,16,2,3,8,6,3,0,1,0,1,2,36,2,3,1.0,0.0,0.0,1.0,0.0,1.0,14,3,6
106166,4,2,1,9,2,3,0,1,0,1,1,17,2,1,1.0,0.0,1.0,0.0,0.0,1.0,1,7,8
167513,15,7,0,9,6,3,6,1,0,1,2,18,2,3,1.0,0.0,0.0,1.0,0.0,1.0,17,5,11
56926,8,2,3,0,0,3,0,1,1,1,2,18,2,2,0.0,0.0,0.0,0.0,0.0,2.0,7,5,5
86460,16,2,1,10,6,3,0,1,0,1,1,17,2,3,1.0,0.0,0.0,1.0,0.0,1.0,11,1,6
112141,16,2,3,10,2,3,0,1,0,1,2,17,2,2,0.0,0.0,0.0,0.0,0.0,2.0,14,1,8
71511,16,2,1,0,15,3,0,1,0,1,2,6,5,2,0.0,0.0,0.0,0.0,0.0,8.0,21,2,5
87095,16,2,3,15,8,3,0,4,1,1,2,22,2,2,0.0,0.0,0.0,0.0,0.0,3.0,14,5,6
98196,16,7,1,10,8,3,6,1,0,1,1,36,2,4,1.0,0.0,0.0,0.0,1.0,1.0,20,6,7
83086,16,2,4,17,10,3,5,5,1,1,2,23,2,2,0.0,0.0,0.0,0.0,0.0,2.0,18,6,6
166136,16,2,3,10,8,3,0,1,0,1,2,17,2,3,1.0,0.0,0.0,1.0,0.0,1.0,9,3,11
98861,15,2,3,17,15,3,0,1,0,1,2,38,2,2,0.0,0.0,0.0,0.0,0.0,2.0,5,2,7
184525,16,10,1,17,2,3,4,5,1,1,2,36,2,2,0.0,0.0,0.0,0.0,0.0,3.0,17,5,12
123249,16,2,3,0,2,3,0,1,0,1,2,36,2,3,1.0,0.0,0.0,1.0,0.0,3.0,7,5,9
171330,15,2,1,10,8,3,0,1,1,1,2,36,2,2,0.0,0.0,0.0,0.0,0.0,2.0,18,1,11
144944,16,2,3,15,10,3,0,1,1,1,2,12,2,2,0.0,0.0,0.0,0.0,0.0,4.0,8,4,10
139841,16,3,3,10,3,3,6,1,0,1,1,19,2,2,0.0,0.0,0.0,0.0,0.0,2.0,9,6,10
50728,4,7,4,17,2,3,6,1,1,1,2,15,2,2,0.0,0.0,0.0,0.0,0.0,4.0,19,4,4
77228,16,2,3,10,3,3,0,1,1,1,0,36,2,2,0.0,0.0,0.0,0.0,0.0,3.0,17,3,6
174195,16,2,0,0,8,3,0,1,1,1,2,6,2,2,0.0,0.0,0.0,0.0,0.0,2.0,20,2,12
47810,15,2,3,0,2,3,0,1,1,1,2,18,2,2,0.0,0.0,0.0,0.0,0.0,2.0,18,3,4
89350,15,2,3,17,11,4,5,5,1,1,2,18,2,2,0.0,0.0,0.0,0.0,0.0,4.0,12,4,7
114964,16,2,1,0,6,3,0,5,0,1,2,6,2,0,2.0,1.0,0.0,1.0,0.0,0.0,1,2,8
127360,15,2,3,17,15,3,0,1,0,1,2,5,2,4,1.0,0.0,0.0,0.0,1.0,2.0,16,6,9
52922,16,2,3,8,6,3,0,1,1,1,1,18,2,2,0.0,0.0,0.0,0.0,0.0,2.0,17,4,4
183819,15,2,3,17,6,3,0,5,1,1,2,24,3,2,0.0,0.0,0.0,0.0,0.0,3.0,10,7,12
39394,16,2,3,10,2,3,0,1,0,1,2,13,3,3,2.0,0.0,0.0,2.0,0.0,3.0,9,1,3
154947,16,2,1,17,2,3,0,1,1,1,0,35,2,2,0.0,0.0,0.0,0.0,0.0,2.0,5,2,10
106398,15,2,3,2,18,3,0,1,1,1,2,5,2,2,0.0,0.0,0.0,0.0,0.0,2.0,13,5,8
9186,16,2,3,15,8,3,0,1,1,0,1,18,2,2,0.0,0.0,0.0,0.0,0.0,2.0,16,6,1
139399,15,7,3,0,11,3,6,1,1,1,1,36,2,2,0.0,0.0,0.0,0.0,0.0,2.0,11,4,10
141834,16,2,1,17,6,3,0,1,0,1,2,24,2,2,0.0,0.0,0.0,0.0,0.0,4.0,21,3,10
109865,16,2,1,17,10,3,0,1,0,1,2,24,2,2,0.0,0.0,0.0,0.0,0.0,2.0,20,7,8
131326,17,2,1,8,8,3,0,1,1,1,0,18,2,2,0.0,0.0,0.0,0.0,0.0,2.0,23,4,9
67700,4,2,1,2,10,3,0,3,1,1,0,33,2,2,0.0,0.0,0.0,0.0,0.0,1.0,21,5,5
147908,16,2,1,10,2,3,6,1,0,1,2,19,2,2,0.0,0.0,0.0,0.0,0.0,3.0,22,4,10
5306,15,2,3,0,6,3,0,1,1,1,2,36,2,2,0.0,0.0,0.0,0.0,0.0,2.0,15,5,1
181870,16,10,1,10,8,3,4,5,1,1,1,36,2,2,0.0,0.0,0.0,0.0,0.0,2.0,2,1,12
63095,4,2,3,10,10,3,0,1,1,1,2,36,2,2,0.0,0.0,0.0,0.0,0.0,2.0,10,3,5
60835,16,2,3,17,8,3,0,1,1,1,2,36,2,2,0.0,0.0,0.0,0.0,0.0,2.0,12,2,5
166110,17,11,5,9,2,5,5,5,0,0,1,36,2,1,1.0,0.0,1.0,0.0,0.0,1.0,18,3,11
113941,4,2,3,15,8,3,0,1,1,1,2,36,2,2,0.0,0.0,0.0,0.0,0.0,2.0,8,7,8
181644,15,2,1,0,8,3,0,1,0,1,2,5,2,2,0.0,0.0,0.0,0.0,0.0,2.0,0,6,12
151938,15,7,0,17,6,3,6,1,1,1,2,36,2,2,0.0,0.0,0.0,0.0,0.0,2.0,19,3,10
104474,16,3,3,17,6,3,0,1,1,1,2,24,2,2,0.0,0.0,0.0,0.0,0.0,2.0,7,5,8
6175,4,2,3,0,8,2,6,1,0,1,2,8,2,2,0.0,0.0,0.0,0.0,0.0,2.0,10,2,1
78624,16,7,1,10,8,3,6,5,1,1,2,19,2,2,0.0,0.0,0.0,0.0,0.0,3.0,18,3,6
122514,4,2,3,0,6,3,0,5,0,1,2,36,2,2,0.0,0.0,0.0,0.0,0.0,2.0,17,7,9
89352,16,2,3,10,2,3,0,5,0,1,2,19,2,3,2.0,0.0,0.0,1.0,1.0,0.0,12,4,7
20205,16,2,3,0,11,3,0,1,1,1,2,6,2,2,0.0,0.0,0.0,0.0,0.0,2.0,11,2,2
5281,16,2,3,15,8,3,5,5,1,1,2,36,2,2,0.0,0.0,0.0,0.0,0.0,2.0,10,4,1
184654,16,2,1,2,3,3,0,1,0,1,2,22,1,2,0.0,0.0,0.0,0.0,0.0,2.0,3,1,12
145930,16,7,3,0,6,3,6,1,0,1,2,18,2,4,1.0,0.0,0.0,0.0,1.0,1.0,16,3,10
184359,4,2,4,5,10,3,0,3,0,1,0,13,2,2,0.0,0.0,0.0,0.0,0.0,2.0,18,1,12
84875,15,2,3,17,6,3,0,1,0,1,2,18,2,4,1.0,0.0,0.0,0.0,1.0,3.0,16,5,6
51360,16,2,3,0,6,3,0,1,0,1,2,8,2,3,1.0,0.0,0.0,1.0,0.0,5.0,11,1,4
177880,16,7,1,17,2,3,6,1,1,1,0,22,2,2,0.0,0.0,0.0,0.0,0.0,2.0,6,4,12
22709,15,7,3,0,6,3,6,1,0,1,2,18,2,3,4.0,0.0,0.0,3.0,1.0,1.0,16,2,2
152629,16,2,3,15,6,3,0,1,1,1,1,23,2,2,0.0,0.0,0.0,0.0,0.0,2.0,12,4,10
111737,16,2,3,10,10,3,0,1,0,1,2,19,2,2,0.0,0.0,0.0,0.0,0.0,5.0,9,1,8
115366,4,2,3,17,6,3,0,5,1,1,2,24,2,2,0.0,0.0,0.0,0.0,0.0,2.0,17,1,8
95502,16,11,3,10,10,3,5,5,1,1,2,19,3,2,0.0,0.0,0.0,0.0,0.0,3.0,10,2,7
9176,16,2,3,10,2,3,0,1,0,1,1,19,2,4,1.0,0.0,0.0,0.0,1.0,2.0,14,6,1
114103,16,3,3,17,8,3,5,5,1,1,2,38,2,2,0.0,0.0,0.0,0.0,0.0,3.0,16,2,8