crash_date,               traffic_control_device,weather_condition,lighting_condition,first_crash_type,trafficway_type,alignment,roadway_surface_cond,road_defect,crash_type,intersection_related_i,damage,prim_contributory_cause,num_units,most_severe_injury,injuries_total,injuries_fatal,injuries_incapacitating,injuries_non_incapacitating,injuries_reported_not_evident,injuries_no_indication,crash_hour,crash_day_of_week,crash_month
84628,16,2,3,17,6,3,0,1,1,1,2,18,2,2,0.0,0.0,0.0,0.0,0.0,2.0,13,2,6
164820,16,3,3,17,8,3,0,1,1,1,2,24,2,2,0.0,0.0,0.0,0.0,0.0,3.0,9,6,11
6850,16,2,1,14,2,3,0,1,0,1,2,37,2,2,0.0,0.0,0.0,0.0,0.0,4.0,0,6,1
138597,16,2,3,17,6,3,0,1,0,1,2,24,2,3,2.0,0.0,0.0,2.0,0.0,1.0,15,2,10
116411,4,2,3,17,8,3,0,1,0,1,2,36,2,3,1.0,0.0,0.0,1.0,0.0,4.0,14,3,8
142125,16,2,3,17,6,3,0,1,1,1,2,24,2,2,0.0,0.0,0.0,0.0,0.0,2.0,18,3,10
69858,16,2,1,17,6,3,0,1,0,1,0,24,2,2,0.0,0.0,0.0,0.0,0.0,2.0,22,5,5
148469,16,7,1,10,6,3,6,1,1,1,2,36,2,2,0.0,0.0,0.0,0.0,0.0,2.0,5,5,10
182326,15,2,1,17,8,3,6,1,1,1,2,5,2,2,0.0,0.0,0.0,0.0,0.0,2.0,17,2,12
41104,16,7,1,0,2,3,6,5,1,1,2,36,2,2,0.0,0.0,0.0,0.0,0.0,2.0,20,6,3
58751,4,2,1,7,8,3,0,1,1,0,1,17,2,2,0.0,0.0,0.0,0.0,0.0,5.0,0,5,5
114439,16,2,1,10,8,3,0,1,0,1,2,17,2,2,0.0,0.0,0.0,0.0,0.0,2.0,2,1,8
138644,17,2,3,0,6,3,0,5,0,1,2,36,2,3,4.0,0.0,0.0,4.0,0.0,0.0,10,2,10
158085,16,2,1,17,3,3,0,1,0,1,2,24,2,4,1.0,0.0,0.0,0.0,1.0,2.0,17,1,11
74709,15,2,3,0,6,3,0,1,0,1,2,18,2,2,0.0,0.0,0.0,0.0,0.0,2.0,17,1,6
46467,16,7,3,10,2,3,6,1,1,1,2,19,2,2,0.0,0.0,0.0,0.0,0.0,2.0,13,7,4
138429,16,2,3,17,1,3,0,1,0,1,1,12,2,2,0.0,0.0,0.0,0.0,0.0,2.0,10,6,10
75421,16,2,3,13,6,3,0,1,0,1,2,6,2,3,1.0,0.0,0.0,1.0,0.0,2.0,14,6,6
42637,16,2,1,10,8,3,0,1,1,1,2,36,2,2,0.0,0.0,0.0,0.0,0.0,2.0,22,7,4
48654,16,2,3,17,2,3,0,1,1,1,2,23,2,2,0.0,0.0,0.0,0.0,0.0,2.0,14,2,4
126027,15,2,3,0,10,3,0,1,1,1,0,18,2,2,0.0,0.0,0.0,0.0,0.0,4.0,16,1,9
5567,15,2,3,17,2,3,0,1,1,1,2,19,2,2,0.0,0.0,0.0,0.0,0.0,2.0,14,7,1
23333,15,2,3,0,10,3,4,1,1,1,2,5,2,2,0.0,0.0,0.0,0.0,0.0,2.0,8,6,2
107251,16,7,3,17,8,3,6,1,0,1,2,18,3,3,1.0,0.0,0.0,1.0,0.0,2.0,14,3,8
166171,16,2,3,10,8,3,0,1,1,1,0,19,2,2,0.0,0.0,0.0,0.0,0.0,2.0,16,5,11
92680,16,2,3,17,16,3,0,1,0,1,2,18,2,3,1.0,0.0,0.0,1.0,0.0,2.0,14,7,7
45244,15,2,1,0,6,3,0,1,0,1,2,28,2,2,0.0,0.0,0.0,0.0,0.0,2.0,3,6,4
170654,16,2,3,0,8,3,0,1,0,1,2,36,2,3,3.0,0.0,0.0,3.0,0.0,1.0,14,3,11
77325,16,2,3,0,6,3,0,1,0,1,2,18,2,2,0.0,0.0,0.0,0.0,0.0,2.0,13,6,6
130430,15,2,3,0,6,3,0,1,0,1,2,18,3,4,4.0,0.0,0.0,0.0,4.0,1.0,12,7,9
16061,16,2,3,10,3,3,0,1,1,1,1,19,2,2,0.0,0.0,0.0,0.0,0.0,2.0,12,7,2
162192,16,2,3,17,3,3,6,1,1,1,1,24,2,2,0.0,0.0,0.0,0.0,0.0,4.0,17,6,11
181055,4,7,1,17,15,3,6,1,1,1,2,23,2,2,0.0,0.0,0.0,0.0,0.0,2.0,22,5,12
1968,16,2,1,10,8,3,0,1,1,1,2,26,3,2,0.0,0.0,0.0,0.0,0.0,3.0,18,5,1
111090,16,2,3,10,8,3,0,5,1,1,2,28,2,2,0.0,0.0,0.0,0.0,0.0,2.0,17,6,8
79441,15,2,1,10,8,3,0,1,1,1,2,21,2,2,0.0,0.0,0.0,0.0,0.0,5.0,23,6,6
48086,16,2,1,17,10,3,6,1,1,1,1,24,2,2,0.0,0.0,0.0,0.0,0.0,2.0,23,6,4
147379,4,2,3,17,8,3,5,1,1,1,2,23,2,2,0.0,0.0,0.0,0.0,0.0,2.0,17,5,10
101847,15,2,3,0,8,3,0,1,1,1,1,36,2,2,0.0,0.0,0.0,0.0,0.0,2.0,15,6,7
28045,16,2,3,17,3,3,0,1,1,1,2,36,2,2,0.0,0.0,0.0,0.0,0.0,2.0,18,4,2
160606,16,2,3,17,8,3,0,1,1,1,2,24,2,2,0.0,0.0,0.0,0.0,0.0,2.0,15,4,11
154994,15,2,3,0,6,3,0,1,0,1,2,18,5,2,0.0,0.0,0.0,0.0,0.0,4.0,13,4,10
71183,4,2,3,7,8,3,0,1,1,1,2,36,2,2,0.0,0.0,0.0,0.0,0.0,1.0,14,4,5
49707,4,11,3,10,15,3,5,5,1,1,0,36,2,2,0.0,0.0,0.0,0.0,0.0,2.0,14,2,4
27836,16,2,1,17,2,3,0,1,1,1,1,24,2,2,0.0,0.0,0.0,0.0,0.0,2.0,19,6,2
15409,16,3,3,0,6,3,0,1,1,1,2,18,2,2,0.0,0.0,0.0,0.0,0.0,2.0,10,3,2
84036,16,2,0,0,6,3,0,1,0,1,2,6,2,3,2.0,0.0,0.0,2.0,0.0,1.0,22,5,6
168910,16,2,3,15,8,3,0,1,1,1,2,36,2,2,0.0,0.0,0.0,0.0,0.0,2.0,15,4,11
92774,16,2,3,0,10,3,0,1,0,1,2,6,2,1,2.0,0.0,1.0,0.0,1.0,1.0,17,1,7
136160,16,2,3,17,6,3,6,1,0,1,2,17,2,3,2.0,0.0,0.0,1.0,1.0,2.0,16,2,9
187324,16,6,1,17,6,3,6,1,1,1,1,36,2,2,0.0,0.0,0.0,0.0,0.0,4.0,21,3,12
63533,15,2,3,17,6,3,0,1,1,1,1,24,2,2,0.0,0.0,0.0,0.0,0.0,2.0,15,4,5
17438,16,2,1,10,2,3,0,1,1,1,2,36,2,2,0.0,0.0,0.0,0.0,0.0,4.0,17,4,2
44239,15,2,3,0,2,3,0,1,0,1,1,18,2,2,0.0,0.0,0.0,0.0,0.0,2.0,10,6,4
59860,15,11,3,0,6,3,5,5,0,1,2,18,2,4,2.0,0.0,0.0,0.0,2.0,1.0,15,2,5
68144,15,2,3,17,2,3,0,1,1,1,2,19,2,2,0.0,0.0,0.0,0.0,0.0,2.0,9,5,5
36018,16,7,3,2,8,3,6,1,0,1,2,18,1,2,0.0,0.0,0.0,0.0,0.0,2.0,16,4,3
164018,16,10,3,17,6,3,4,1,0,1,2,18,2,3,5.0,0.0,0.0,5.0,0.0,0.0,8,3,11
150184,15,2,3,10,6,3,0,1,1,1,2,36,2,2,0.0,0.0,0.0,0.0,0.0,2.0,13,1,10
119255,16,2,3,0,1,3,0,1,0,1,2,6,2,2,0.0,0.0,0.0,0.0,0.0,2.0,13,3,8
130576,16,2,3,17,6,3,0,5,0,1,2,6,2,2,0.0,0.0,0.0,0.0,0.0,2.0,14,4,9
111431,4,2,3,0,10,3,0,1,1,1,1,18,2,2,0.0,0.0,0.0,0.0,0.0,2.0,13,3,8
71270,15,2,3,0,8,3,0,1,0,1,2,18,2,3,1.0,0.0,0.0,1.0,0.0,1.0,19,5,5
70740,15,2,3,17,8,3,0,1,1,1,2,36,2,2,0.0,0.0,0.0,0.0,0.0,4.0,8,4,5
186975,16,7,1,0,8,3,6,1,0,1,2,6,2,4,1.0,0.0,0.0,0.0,1.0,4.0,20,6,12
87690,6,2,3,11,6,3,0,1,1,1,2,21,2,2,0.0,0.0,0.0,0.0,0.0,2.0,8,6,6
34059,4,2,1,7,10,3,0,1,0,1,2,28,3,2,0.0,0.0,0.0,0.0,0.0,1.0,1,7,3
10249,16,2,1,0,8,3,1,1,1,1,2,36,2,2,0.0,0.0,0.0,0.0,0.0,2.0,22,3,1
169940,16,2,1,17,8,3,0,1,0,1,2,6,2,2,0.0,0.0,0.0,0.0,0.0,2.0,1,7,11
107892,16,2,3,15,8,3,0,1,1,1,1,36,2,2,0.0,0.0,0.0,0.0,0.0,2.0,10,5,8
34958,16,2,4,17,2,3,0,1,1,1,1,24,2,2,0.0,0.0,0.0,0.0,0.0,3.0,18,6,3
142624,16,2,3,15,6,3,0,3,0,1,2,36,2,4,1.0,0.0,0.0,0.0,1.0,1.0,16,2,10
61740,16,2,3,0,8,3,0,1,1,1,2,36,2,2,0.0,0.0,0.0,0.0,0.0,2.0,13,3,5
104499,16,2,3,17,2,3,0,5,0,1,2,18,2,3,2.0,0.0,0.0,2.0,0.0,1.0,10,5,8
49761,4,2,3,0,0,3,0,1,0,1,2,18,4,4,2.0,0.0,0.0,0.0,2.0,1.0,12,2,4
178408,15,3,3,3,8,3,6,1,0,1,2,17,2,4,1.0,0.0,0.0,0.0,1.0,1.0,7,4,12
29663,15,2,3,17,3,3,0,1,0,1,2,18,2,2,0.0,0.0,0.0,0.0,0.0,2.0,8,1,3
133724,16,2,3,17,19,3,0,1,1,1,1,22,2,2,0.0,0.0,0.0,0.0,0.0,3.0,16,3,9
35818,16,7,3,17,10,3,6,1,1,1,0,18,2,2,0.0,0.0,0.0,0.0,0.0,2.0,13,6,3
35383,15,3,3,0,8,3,0,1,0,1,2,18,2,2,0.0,0.0,0.0,0.0,0.0,7.0,8,6,3
11314,16,2,3,0,8,3,6,1,0,1,2,6,2,2,0.0,0.0,0.0,0.0,0.0,2.0,11,1,1
170737,4,10,1,5,2,3,4,1,0,1,2,18,2,2,0.0,0.0,0.0,0.0,0.0,2.0,17,4,11
1942,16,2,4,15,3,3,0,1,1,1,2,18,2,2,0.0,0.0,0.0,0.0,0.0,7.0,16,3,1
111080,16,2,1,2,6,3,0,1,0,1,2,17,1,2,0.0,0.0,0.0,0.0,0.0,2.0,3,6,8
163611,4,2,3,7,2,3,0,1,0,0,2,8,2,2,0.0,0.0,0.0,0.0,0.0,2.0,15,4,11
53052,16,2,3,17,2,3,0,1,0,1,2,22,2,2,0.0,0.0,0.0,0.0,0.0,2.0,8,4,4
161321,15,2,3,10,6,3,0,1,1,1,1,19,2,2,0.0,0.0,0.0,0.0,0.0,2.0,9,1,11
47486,15,2,3,10,8,3,0,1,1,1,2,19,2,2,0.0,0.0,0.0,0.0,0.0,2.0,8,4,4
61829,4,2,1,0,15,3,0,1,0,1,2,18,2,2,0.0,0.0,0.0,0.0,0.0,2.0,22,4,5
147757,15,2,1,8,6,3,5,5,0,1,2,18,2,3,1.0,0.0,0.0,1.0,0.0,1.0,19,2,10
46008,16,2,3,17,10,3,0,1,0,1,2,23,2,3,1.0,0.0,0.0,1.0,0.0,2.0,7,5,4
180594,16,2,3,17,6,3,0,1,1,1,2,18,2,2,0.0,0.0,0.0,0.0,0.0,3.0,20,6,12
104353,17,11,5,10,8,3,5,5,1,1,2,36,2,2,0.0,0.0,0.0,0.0,0.0,2.0,8,2,8
19082,4,2,3,10,8,3,0,1,1,1,1,19,2,2,0.0,0.0,0.0,0.0,0.0,2.0,12,4,2
46139,17,2,4,10,8,3,0,5,1,1,1,26,2,2,0.0,0.0,0.0,0.0,0.0,2.0,22,7,4
179296,16,2,3,10,5,3,0,1,1,1,0,17,2,2,0.0,0.0,0.0,0.0,0.0,2.0,13,4,12
14521,4,2,3,17,8,3,0,1,1,1,2,23,2,2,0.0,0.0,0.0,0.0,0.0,2.0,8,2,1
154356,16,7,1,10,2,3,6,1,1,1,2,39,2,2,0.0,0.0,0.0,0.0,0.0,2.0,21,1,10
118468,16,2,1,15,2,3,0,1,1,1,1,36,2,2,0.0,0.0,0.0,0.0,0.0,2.0,23,4,8
135853,16,2,3,15,2,3,0,5,1,1,2,36,2,2,0.0,0.0,0.0,0.0,0.0,2.0,12,6,9
60786,16,2,3,15,8,3,0,5,1,1,0,36,2,2,0.0,0.0,0.0,0.0,0.0,2.0,14,2,5
127909,16,6,5,5,8,3,5,5,1,1,0,36,1,2,0.0,0.0,0.0,0.0,0.0,1.0,13,7,9
167903,16,2,1,0,8,3,0,2,0,1,0,36,2,4,2.0,0.0,0.0,0.0,2.0,1.0,17,2,11
180529,15,3,3,0,8,3,0,1,1,1,2,38,2,2,0.0,0.0,0.0,0.0,0.0,2.0,8,5,12
174635,15,7,0,17,15,3,6,1,1,1,2,18,2,2,0.0,0.0,0.0,0.0,0.0,3.0,17,1,12
46535,15,2,1,0,8,3,0,1,0,1,2,5,2,3,4.0,0.0,0.0,4.0,0.0,2.0,2,1,4
187029,16,2,1,2,8,3,0,1,0,1,2,17,1,2,0.0,0.0,0.0,0.0,0.0,1.0,2,4,12
9696,16,10,1,10,3,3,4,1,1,1,2,26,2,2,0.0,0.0,0.0,0.0,0.0,2.0,21,1,1
1202,16,3,3,10,8,3,6,1,1,1,2,19,2,2,0.0,0.0,0.0,0.0,0.0,2.0,9,6,1
69947,4,7,3,15,8,3,6,5,1,0,2,36,2,2,0.0,0.0,0.0,0.0,0.0,2.0,12,6,5
98994,4,2,1,17,8,3,0,1,0,1,2,36,2,3,3.0,0.0,0.0,1.0,2.0,0.0,22,5,7
181078,17,2,5,10,17,3,0,5,1,1,2,36,2,2,0.0,0.0,0.0,0.0,0.0,2.0,16,6,12
136250,16,2,4,2,6,3,0,1,0,1,2,30,1,1,1.0,0.0,1.0,0.0,0.0,0.0,19,3,9
103467,4,2,3,9,2,3,0,1,0,0,0,18,2,3,1.0,0.0,0.0,1.0,0.0,2.0,12,2,7
102860,15,3,3,0,15,3,6,1,0,1,2,18,2,4,1.0,0.0,0.0,0.0,1.0,1.0,11,2,7
143980,4,2,3,15,8,3,0,1,1,1,2,19,2,2,0.0,0.0,0.0,0.0,0.0,3.0,10,6,10
37623,4,2,3,10,2,3,0,1,0,1,2,19,2,2,0.0,0.0,0.0,0.0,0.0,2.0,16,4,3
169765,16,2,3,9,10,3,0,1,0,1,2,17,2,4,1.0,0.0,0.0,0.0,1.0,1.0,14,3,11
145222,4,7,3,17,2,3,6,1,1,0,2,18,2,2,0.0,0.0,0.0,0.0,0.0,3.0,15,7,10
116775,15,7,1,2,8,3,6,5,0,1,2,15,1,0,1.0,1.0,0.0,0.0,0.0,0.0,5,7,8
160395,16,10,3,10,2,3,4,1,1,1,2,22,2,2,0.0,0.0,0.0,0.0,0.0,2.0,8,6,11
110646,16,2,3,17,2,3,0,5,1,1,2,24,2,2,0.0,0.0,0.0,0.0,0.0,3.0,17,6,8
14344,4,2,3,17,6,3,0,5,1,1,1,22,2,2,0.0,0.0,0.0,0.0,0.0,2.0,7,5,1
87642,15,2,1,17,6,3,0,1,0,1,2,5,2,4,1.0,0.0,0.0,0.0,1.0,1.0,23,5,6
24188,16,2,3,10,3,3,0,1,1,1,2,17,2,2,0.0,0.0,0.0,0.0,0.0,2.0,13,7,2
109477,16,2,3,0,6,3,0,1,1,1,2,18,2,2,0.0,0.0,0.0,0.0,0.0,2.0,5,3,8
157338,18,2,3,7,2,3,0,1,0,0,2,37,6,2,0.0,0.0,0.0,0.0,0.0,2.0,2,1,11
123898,16,7,3,10,8,3,6,1,1,1,2,19,2,2,0.0,0.0,0.0,0.0,0.0,2.0,14,6,9
140378,16,2,3,10,2,3,0,1,0,1,2,36,2,4,2.0,0.0,0.0,0.0,2.0,1.0,17,7,10
107225,16,2,3,10,8,3,0,1,0,1,1,36,2,4,1.0,0.0,0.0,0.0,1.0,3.0,8,2,8
51846,15,2,3,0,2,3,0,1,0,1,2,18,2,2,0.0,0.0,0.0,0.0,0.0,4.0,18,5,4
140430,16,2,3,10,8,3,0,1,1,1,2,17,2,2,0.0,0.0,0.0,0.0,0.0,2.0,16,3,10
159425,15,2,3,0,10,3,0,1,0,1,2,18,2,3,1.0,0.0,0.0,1.0,0.0,2.0,10,7,11
35013,16,2,3,0,15,3,0,1,0,1,1,6,2,2,0.0,0.0,0.0,0.0,0.0,3.0,13,1,3
185279,4,10,3,17,8,3,4,1,0,1,2,17,2,2,0.0,0.0,0.0,0.0,0.0,2.0,8,1,12
146145,16,2,3,0,6,3,0,1,0,1,2,18,2,3,1.0,0.0,0.0,1.0,0.0,1.0,7,7,10
156425,4,2,3,17,2,3,0,1,1,1,1,17,2,2,0.0,0.0,0.0,0.0,0.0,2.0,15,6,11
106205,16,2,3,10,8,3,0,1,1,1,2,21,2,2,0.0,0.0,0.0,0.0,0.0,3.0,12,7,8
114924,16,2,3,15,8,3,0,5,0,1,2,22,3,2,0.0,0.0,0.0,0.0,0.0,5.0,16,1,8
90994,15,2,1,0,10,3,0,1,0,1,1,36,2,4,1.0,0.0,0.0,0.0,1.0,2.0,22,7,7
48763,17,2,3,0,6,3,0,5,1,1,2,23,3,2,0.0,0.0,0.0,0.0,0.0,4.0,17,5,4
106137,16,2,3,5,11,3,0,1,1,0,0,26,1,2,0.0,0.0,0.0,0.0,0.0,1.0,13,6,8
23147,16,2,3,17,8,3,6,1,1,1,2,18,2,2,0.0,0.0,0.0,0.0,0.0,2.0,15,2,2
145840,16,7,1,17,8,3,6,5,1,1,0,24,2,2,0.0,0.0,0.0,0.0,0.0,2.0,0,1,10
3872,16,10,1,9,2,3,4,1,0,1,0,18,2,3,1.0,0.0,0.0,1.0,0.0,1.0,18,7,1
164724,4,11,3,15,2,3,5,5,1,0,1,19,2,2,0.0,0.0,0.0,0.0,0.0,2.0,15,3,11
181224,15,7,3,0,2,3,6,1,0,1,2,38,2,4,1.0,0.0,0.0,0.0,1.0,5.0,12,7,12
110218,16,11,1,17,6,3,0,5,0,1,2,11,2,2,0.0,0.0,0.0,0.0,0.0,2.0,23,6,8
67076,16,7,3,17,2,3,6,5,1,1,2,18,2,2,0.0,0.0,0.0,0.0,0.0,3.0,15,3,5
94654,15,2,3,0,6,3,0,1,1,1,2,18,2,2,0.0,0.0,0.0,0.0,0.0,2.0,15,1,7
132680,4,2,3,17,8,3,0,1,0,1,2,18,2,2,0.0,0.0,0.0,0.0,0.0,2.0,14,3,9
113117,16,2,3,17,2,3,0,1,0,1,2,18,3,2,0.0,0.0,0.0,0.0,0.0,3.0,17,7,8
111367,16,2,3,10,2,3,0,1,1,1,1,36,2,2,0.0,0.0,0.0,0.0,0.0,2.0,17,4,8
58879,16,2,4,17,6,3,0,1,1,1,1,24,2,2,0.0,0.0,0.0,0.0,0.0,2.0,19,7,5
72962,16,2,3,17,3,3,0,1,1,1,2,22,2,2,0.0,0.0,0.0,0.0,0.0,2.0,16,2,6
148576,15,2,1,0,6,3,0,5,0,1,2,36,2,3,1.0,0.0,0.0,1.0,0.0,1.0,21,7,10
36868,15,2,1,0,8,3,0,1,1,1,2,18,2,2,0.0,0.0,0.0,0.0,0.0,3.0,5,5,3
36959,16,2,3,0,6,3,0,1,0,1,2,6,2,4,1.0,0.0,0.0,0.0,1.0,1.0,11,6,3
33775,15,2,3,8,2,3,0,1,0,1,2,36,2,4,1.0,0.0,0.0,0.0,1.0,1.0,18,3,3
58658,4,2,3,10,8,3,0,1,1,1,2,19,2,2,0.0,0.0,0.0,0.0,0.0,2.0,8,4,5
85683,16,2,1,0,8,3,0,1,0,1,2,6,2,3,1.0,0.0,0.0,1.0,0.0,2.0,4,4,6
84140,16,2,3,10,2,3,0,1,1,1,1,36,2,2,0.0,0.0,0.0,0.0,0.0,3.0,14,1,6
26126,17,11,5,9,6,3,5,5,0,1,1,36,2,4,1.0,0.0,0.0,0.0,1.0,1.0,3,7,2
56561,16,2,1,10,8,3,0,1,1,1,2,18,2,2,0.0,0.0,0.0,0.0,0.0,3.0,20,4,5
156110,16,2,3,9,6,3,0,1,0,1,2,18,2,3,1.0,0.0,0.0,1.0,0.0,1.0,9,3,11
153331,16,2,1,17,6,3,0,1,0,1,2,36,2,3,2.0,0.0,0.0,2.0,0.0,0.0,21,1,10
115452,16,2,3,17,8,3,0,1,1,1,1,24,2,2,0.0,0.0,0.0,0.0,0.0,2.0,9,2,8
115454,16,2,1,17,6,3,0,1,1,1,2,6,2,2,0.0,0.0,0.0,0.0,0.0,2.0,21,2,8
104994,15,2,3,17,6,3,0,1,1,1,2,36,2,2,0.0,0.0,0.0,0.0,0.0,2.0,16,6,8
49608,15,2,1,2,8,3,0,1,0,1,2,17,2,3,1.0,0.0,0.0,1.0,0.0,0.0,1,7,4
164417,4,2,3,0,2,3,0,1,1,1,1,36,2,2,0.0,0.0,0.0,0.0,0.0,2.0,15,2,11
151376,4,2,3,15,3,3,0,5,0,1,2,22,2,2,0.0,0.0,0.0,0.0,0.0,3.0,13,3,10
91563,16,2,3,15,8,3,0,5,1,1,1,12,2,2,0.0,0.0,0.0,0.0,0.0,2.0,8,2,7
187907,15,2,3,2,6,3,6,1,0,1,2,24,1,3,1.0,0.0,0.0,1.0,0.0,0.0,9,5,12
108269,4,2,0,3,8,3,0,1,0,1,2,18,2,4,3.0,0.0,0.0,0.0,3.0,3.0,22,4,8
13644,16,2,0,0,6,3,4,1,0,1,2,6,2,2,0.0,0.0,0.0,0.0,0.0,3.0,23,6,1
30667,16,2,3,10,2,3,0,1,1,1,2,36,2,2,0.0,0.0,0.0,0.0,0.0,2.0,12,4,3
175067,18,2,3,0,18,3,0,5,0,1,2,18,2,2,0.0,0.0,0.0,0.0,0.0,2.0,13,6,12
21923,4,2,3,0,15,3,0,1,0,1,1,18,2,4,1.0,0.0,0.0,0.0,1.0,3.0,6,3,2
178549,16,7,1,17,8,3,6,1,0,1,2,17,3,2,0.0,0.0,0.0,0.0,0.0,7.0,19,7,12
114179,16,2,3,10,8,3,0,1,1,0,2,19,2,2,0.0,0.0,0.0,0.0,0.0,2.0,17,3,8
69104,16,2,0,15,6,3,6,1,1,1,2,23,2,2,0.0,0.0,0.0,0.0,0.0,5.0,2,1,5
175381,4,2,1,17,15,3,0,1,0,1,2,18,2,2,0.0,0.0,0.0,0.0,0.0,3.0,18,6,12
106125,4,2,3,17,15,3,0,1,0,1,2,12,2,2,0.0,0.0,0.0,0.0,0.0,5.0,11,1,8
133994,16,11,1,17,6,3,5,1,1,1,2,36,2,2,0.0,0.0,0.0,0.0,0.0,2.0,23,7,9
166309,16,2,1,0,6,3,1,1,0,1,2,12,3,2,0.0,0.0,0.0,0.0,0.0,3.0,20,7,11
104443,16,2,3,0,6,3,0,5,1,1,2,18,2,2,0.0,0.0,0.0,0.0,0.0,2.0,12,3,8
158275,16,2,3,17,6,3,0,1,0,1,2,18,4,1,3.0,0.0,2.0,1.0,0.0,2.0,14,5,11
171501,4,2,1,17,6,3,0,5,0,1,1,18,2,2,0.0,0.0,0.0,0.0,0.0,2.0,19,4,11
67246,16,2,3,17,8,3,0,1,0,1,2,26,3,2,0.0,0.0,0.0,0.0,0.0,3.0,9,5,5
157276,15,2,3,0,8,3,0,1,0,1,2,18,2,3,1.0,0.0,0.0,1.0,0.0,2.0,15,6,11
146261,15,7,3,0,6,3,6,1,0,1,2,18,2,2,0.0,0.0,0.0,0.0,0.0,2.0,16,3,10
31668,16,2,1,15,3,1,0,1,0,1,2,36,2,2,0.0,0.0,0.0,0.0,0.0,3.0,21,2,3
67854,4,2,3,6,3,3,0,1,0,1,2,14,1,3,1.0,0.0,0.0,1.0,0.0,0.0,16,2,5
53340,15,2,0,0,18,3,0,5,0,1,2,5,2,3,2.0,0.0,0.0,2.0,0.0,0.0,20,3,4
37073,15,2,0,0,8,3,0,1,0,1,2,11,2,2,0.0,0.0,0.0,0.0,0.0,2.0,22,1,3
61623,16,2,3,17,2,3,0,1,1,1,1,6,2,2,0.0,0.0,0.0,0.0,0.0,2.0,14,7,5
140177,15,2,3,10,8,3,0,1,1,1,2,19,2,2,0.0,0.0,0.0,0.0,0.0,2.0,15,3,10
35748,17,2,1,0,6,3,0,5,1,1,2,18,2,2,0.0,0.0,0.0,0.0,0.0,3.0,2,7,3
154925,16,2,3,10,3,3,0,1,1,1,2,36,2,2,0.0,0.0,0.0,0.0,0.0,2.0,14,2,10
163709,16,10,3,15,8,3,6,1,1,1,2,22,2,2,0.0,0.0,0.0,0.0,0.0,2.0,7,5,11
113302,4,2,1,17,2,3,0,1,1,1,2,22,2,2,0.0,0.0,0.0,0.0,0.0,2.0,17,4,8
143339,16,2,3,3,6,3,0,5,1,1,2,12,2,2,0.0,0.0,0.0,0.0,0.0,2.0,12,5,10
79466,16,7,3,10,3,3,6,1,0,1,2,19,4,4,1.0,0.0,0.0,0.0,1.0,5.0,15,7,6
159142,16,2,3,15,6,3,0,1,1,1,2,22,2,2,0.0,0.0,0.0,0.0,0.0,2.0,20,4,11
81412,15,2,3,17,15,3,0,1,1,1,2,23,2,2,0.0,0.0,0.0,0.0,0.0,2.0,16,3,6
184918,16,2,3,0,8,3,0,1,1,1,2,6,2,2,0.0,0.0,0.0,0.0,0.0,2.0,13,4,12
144221,4,2,3,17,8,3,0,1,1,1,2,23,2,2,0.0,0.0,0.0,0.0,0.0,2.0,9,7,10
49793,4,2,3,15,6,3,0,1,1,1,2,23,2,2,0.0,0.0,0.0,0.0,0.0,2.0,7,4,4
7261,15,2,1,0,10,3,6,1,1,1,1,5,2,2,0.0,0.0,0.0,0.0,0.0,2.0,3,6,1
54815,4,2,3,17,8,3,0,1,1,1,1,21,2,2,0.0,0.0,0.0,0.0,0.0,2.0,12,4,4
80020,16,2,1,0,15,3,6,1,0,1,2,6,2,1,2.0,0.0,2.0,0.0,0.0,1.0,2,1,6
35056,16,2,0,17,10,3,0,1,0,1,2,3,2,2,0.0,0.0,0.0,0.0,0.0,2.0,0,1,3
58729,15,2,1,0,6,3,0,1,1,1,1,5,2,2,0.0,0.0,0.0,0.0,0.0,2.0,21,5,5
175874,15,2,3,0,6,3,0,1,1,1,2,18,2,2,0.0,0.0,0.0,0.0,0.0,2.0,10,5,12
129167,16,2,1,17,6,3,0,1,0,1,0,24,2,3,1.0,0.0,0.0,1.0,0.0,1.0,19,4,9
50125,15,7,3,17,6,3,6,1,1,1,1,18,2,2,0.0,0.0,0.0,0.0,0.0,2.0,7,2,4
19264,15,3,3,0,8,3,0,1,1,1,2,18,2,2,0.0,0.0,0.0,0.0,0.0,2.0,8,6,2
165661,16,2,3,17,6,3,0,1,1,0,1,36,2,2,0.0,0.0,0.0,0.0,0.0,2.0,9,5,11
169162,16,2,3,17,11,3,0,1,1,1,2,24,2,2,0.0,0.0,0.0,0.0,0.0,5.0,15,7,11
36640,16,2,3,10,6,3,0,1,1,1,2,19,2,2,0.0,0.0,0.0,0.0,0.0,2.0,15,2,3
111316,16,7,4,17,8,3,6,1,0,1,2,18,2,1,1.0,0.0,1.0,0.0,0.0,3.0,18,2,8
93100,16,2,3,17,2,3,0,1,0,1,2,18,2,3,1.0,0.0,0.0,1.0,0.0,1.0,7,5,7
117813,16,2,1,15,11,0,0,1,0,1,2,36,2,3,1.0,0.0,0.0,1.0,0.0,1.0,5,2,8
169592,16,2,3,0,6,3,0,1,0,1,2,6,2,4,1.0,0.0,0.0,0.0,1.0,1.0,9,2,11
71312,16,2,3,10,8,3,0,1,0,1,2,19,2,4,1.0,0.0,0.0,0.0,1.0,1.0,11,5,5