crash_date,               traffic_control_device,weather_condition,lighting_condition,first_crash_type,trafficway_type,alignment,roadway_surface_cond,road_defect,crash_type,intersection_related_i,damage,prim_contributory_cause,num_units,most_severe_injury,injuries_total,injuries_fatal,injuries_incapacitating,injuries_non_incapacitating,injuries_reported_not_evident,injuries_no_indication,crash_hour,crash_day_of_week,crash_month
69380,4,2,1,10,3,3,0,1,0,0,1,36,2,3,5.0,0.0,0.0,4.0,1.0,1.0,1,5,5
159613,16,2,3,10,6,3,0,5,1,1,2,19,2,2,0.0,0.0,0.0,0.0,0.0,2.0,8,3,11
102063,15,2,3,0,8,3,0,1,0,1,2,18,2,2,0.0,0.0,0.0,0.0,0.0,2.0,13,4,7
33162,16,11,5,0,8,3,5,5,1,1,2,36,2,2,0.0,0.0,0.0,0.0,0.0,2.0,15,6,3
75411,16,2,3,0,8,3,0,1,1,1,2,18,2,2,0.0,0.0,0.0,0.0,0.0,2.0,11,4,6
136572,15,2,1,0,10,3,0,1,1,1,1,21,2,2,0.0,0.0,0.0,0.0,0.0,2.0,21,6,9
19637,16,2,1,0,6,3,0,5,1,1,2,6,2,2,0.0,0.0,0.0,0.0,0.0,5.0,9,7,2
105886,16,2,3,15,8,3,0,1,0,1,2,36,2,2,0.0,0.0,0.0,0.0,0.0,2.0,15,4,8
185177,15,2,3,17,6,3,0,1,1,1,2,18,2,2,0.0,0.0,0.0,0.0,0.0,2.0,7,2,12
17020,16,3,5,15,6,2,0,5,1,1,2,36,2,2,0.0,0.0,0.0,0.0,0.0,3.0,16,4,2
8738,16,2,3,10,2,3,0,5,1,1,1,19,3,2,0.0,0.0,0.0,0.0,0.0,4.0,14,6,1
63825,16,2,3,17,8,3,0,1,1,1,1,18,2,2,0.0,0.0,0.0,0.0,0.0,2.0,11,7,5
47236,16,2,3,9,3,3,0,1,0,1,1,36,2,3,1.0,0.0,0.0,1.0,0.0,1.0,6,6,4
25738,16,2,4,17,10,3,0,1,1,1,1,19,2,2,0.0,0.0,0.0,0.0,0.0,2.0,16,6,2
7142,16,2,3,10,2,3,0,1,1,1,2,19,3,2,0.0,0.0,0.0,0.0,0.0,3.0,7,3,1
120404,16,2,3,17,15,3,0,1,0,1,2,36,2,2,0.0,0.0,0.0,0.0,0.0,2.0,12,5,8
66849,16,2,1,0,6,3,0,1,0,1,2,6,2,2,0.0,0.0,0.0,0.0,0.0,2.0,23,7,5
68149,15,2,1,10,8,3,0,1,1,1,0,9,2,2,0.0,0.0,0.0,0.0,0.0,2.0,22,5,5
4501,15,2,1,0,11,3,0,1,0,1,2,18,4,2,0.0,0.0,0.0,0.0,0.0,2.0,17,5,1
31495,16,2,3,4,10,3,0,1,1,1,0,17,2,2,0.0,0.0,0.0,0.0,0.0,2.0,8,5,3
17800,16,2,3,17,8,3,5,1,1,1,1,22,2,2,0.0,0.0,0.0,0.0,0.0,2.0,13,3,2
145770,16,2,3,17,2,3,0,1,0,1,2,18,2,3,1.0,0.0,0.0,1.0,0.0,1.0,16,5,10
47342,16,7,2,3,8,3,6,1,0,1,2,18,2,2,0.0,0.0,0.0,0.0,0.0,3.0,6,2,4
14760,16,10,1,0,8,3,4,5,1,1,2,39,2,2,0.0,0.0,0.0,0.0,0.0,2.0,22,5,1
123978,16,2,1,10,11,3,0,1,1,0,2,8,2,2,0.0,0.0,0.0,0.0,0.0,2.0,2,7,9
67007,16,2,2,17,8,3,0,5,1,1,1,18,2,2,0.0,0.0,0.0,0.0,0.0,2.0,17,4,5
39186,16,2,3,10,2,3,0,5,1,1,2,36,2,2,0.0,0.0,0.0,0.0,0.0,2.0,14,6,3
95067,16,2,3,17,3,3,0,1,0,1,2,18,2,2,0.0,0.0,0.0,0.0,0.0,6.0,17,1,7
108868,4,2,1,10,6,3,0,1,1,1,1,19,2,2,0.0,0.0,0.0,0.0,0.0,2.0,2,7,8
17614,15,6,1,2,10,3,2,1,1,1,2,17,1,2,0.0,0.0,0.0,0.0,0.0,3.0,0,7,2
82689,15,7,3,17,2,3,6,1,0,1,1,36,2,4,1.0,0.0,0.0,0.0,1.0,7.0,14,5,6
182868,16,2,1,10,2,3,0,1,1,1,2,36,2,2,0.0,0.0,0.0,0.0,0.0,4.0,22,2,12
161775,17,11,5,15,8,3,0,5,1,1,2,36,2,2,0.0,0.0,0.0,0.0,0.0,2.0,13,2,11
116489,4,2,3,15,2,3,0,1,1,0,2,18,2,2,0.0,0.0,0.0,0.0,0.0,4.0,16,4,8
53734,16,2,3,10,8,3,0,1,1,1,2,19,2,2,0.0,0.0,0.0,0.0,0.0,2.0,17,2,4
50306,16,2,1,3,8,3,0,1,0,1,2,37,2,1,1.0,0.0,1.0,0.0,0.0,1.0,23,4,4
181002,15,9,3,0,6,3,6,1,1,1,2,36,2,2,0.0,0.0,0.0,0.0,0.0,2.0,11,4,12
46523,16,2,3,17,10,3,0,1,0,1,2,30,3,3,1.0,0.0,0.0,1.0,0.0,8.0,12,7,4
17948,16,2,1,0,2,3,5,1,0,1,2,36,2,1,2.0,0.0,2.0,0.0,0.0,1.0,20,5,2
55773,16,2,4,17,8,3,0,1,1,1,0,36,2,2,0.0,0.0,0.0,0.0,0.0,2.0,19,6,4
120458,4,11,1,0,0,3,5,5,1,1,1,36,2,2,0.0,0.0,0.0,0.0,0.0,2.0,21,7,8
13629,16,10,3,0,8,3,4,1,0,1,2,39,2,2,0.0,0.0,0.0,0.0,0.0,2.0,9,6,1
118411,17,2,3,5,15,3,0,5,1,1,2,6,2,2,0.0,0.0,0.0,0.0,0.0,2.0,2,4,8
135465,16,2,1,17,1,3,0,1,1,1,0,24,2,2,0.0,0.0,0.0,0.0,0.0,3.0,22,5,9
180643,16,7,1,17,8,3,6,1,0,1,2,24,2,3,1.0,0.0,0.0,1.0,0.0,4.0,3,1,12
152742,16,2,3,0,6,3,0,1,0,1,2,6,2,2,0.0,0.0,0.0,0.0,0.0,7.0,7,7,10
21165,16,2,3,10,2,3,0,1,1,1,1,36,2,2,0.0,0.0,0.0,0.0,0.0,2.0,10,4,2
111416,16,7,3,17,8,3,6,5,1,1,1,24,2,2,0.0,0.0,0.0,0.0,0.0,2.0,17,2,8
153152,16,2,3,15,2,3,0,5,0,1,2,36,2,3,2.0,0.0,0.0,2.0,0.0,2.0,15,5,10
40909,4,2,3,0,6,3,0,1,0,1,2,18,2,3,1.0,0.0,0.0,1.0,0.0,5.0,8,3,3
31697,4,11,5,7,7,3,5,5,1,1,2,36,2,2,0.0,0.0,0.0,0.0,0.0,1.0,17,3,3
124010,16,2,3,10,8,3,0,6,1,1,2,17,2,2,0.0,0.0,0.0,0.0,0.0,2.0,9,7,9
131728,16,2,3,15,6,3,5,5,1,1,2,18,2,2,0.0,0.0,0.0,0.0,0.0,2.0,13,6,9
23477,16,8,3,14,3,3,0,1,1,1,1,18,2,2,0.0,0.0,0.0,0.0,0.0,2.0,14,6,2
6563,4,3,1,9,8,3,6,1,0,1,2,36,2,3,1.0,0.0,0.0,1.0,0.0,1.0,19,1,1
130823,16,2,1,0,6,3,0,1,0,1,2,17,2,2,0.0,0.0,0.0,0.0,0.0,2.0,5,5,9
99856,15,2,3,17,8,4,0,1,0,1,2,12,2,2,0.0,0.0,0.0,0.0,0.0,2.0,17,4,7
38885,15,11,0,0,17,3,5,1,0,1,2,36,2,3,1.0,0.0,0.0,1.0,0.0,1.0,22,5,3
108259,16,2,3,15,2,3,0,1,1,1,1,22,2,2,0.0,0.0,0.0,0.0,0.0,3.0,8,4,8
42401,16,2,3,0,11,3,0,1,1,1,2,26,2,2,0.0,0.0,0.0,0.0,0.0,2.0,8,2,4
5989,16,2,3,15,2,3,0,1,1,1,1,36,2,2,0.0,0.0,0.0,0.0,0.0,3.0,13,6,1
41550,16,2,3,0,8,3,0,1,0,1,2,6,3,4,1.0,0.0,0.0,0.0,1.0,2.0,18,2,3
79120,4,2,3,17,15,3,0,1,0,1,2,38,2,4,2.0,0.0,0.0,0.0,2.0,0.0,7,3,6
12446,16,2,4,10,3,3,5,5,0,1,0,17,2,3,1.0,0.0,0.0,1.0,0.0,3.0,21,6,1
154654,4,5,3,17,3,3,6,1,1,1,1,24,2,2,0.0,0.0,0.0,0.0,0.0,2.0,8,4,10
102799,16,2,3,10,6,3,0,1,1,1,1,17,2,2,0.0,0.0,0.0,0.0,0.0,2.0,11,7,7
136763,16,2,3,17,8,3,5,5,1,1,2,24,2,2,0.0,0.0,0.0,0.0,0.0,2.0,12,3,9
125923,15,2,3,7,15,3,0,1,1,1,1,36,2,2,0.0,0.0,0.0,0.0,0.0,1.0,8,1,9
8492,16,2,1,10,8,3,0,5,1,1,2,36,2,2,0.0,0.0,0.0,0.0,0.0,4.0,4,4,1
112907,4,2,4,10,15,3,0,1,1,1,2,36,2,2,0.0,0.0,0.0,0.0,0.0,2.0,19,5,8
59714,16,11,4,6,16,2,5,5,1,1,2,23,2,2,0.0,0.0,0.0,0.0,0.0,2.0,22,6,5
163007,16,2,2,17,10,3,5,5,1,1,1,24,2,2,0.0,0.0,0.0,0.0,0.0,2.0,17,7,11
62267,16,2,3,10,8,3,0,1,1,1,0,26,2,2,0.0,0.0,0.0,0.0,0.0,2.0,18,4,5
56297,16,2,3,0,2,3,0,2,0,1,2,6,2,2,0.0,0.0,0.0,0.0,0.0,2.0,11,7,5
127585,4,3,3,0,6,3,0,1,1,1,2,3,2,2,0.0,0.0,0.0,0.0,0.0,2.0,8,3,9
37971,4,2,3,17,2,3,0,1,1,1,2,24,2,2,0.0,0.0,0.0,0.0,0.0,3.0,21,5,3
148444,4,2,3,17,2,3,0,5,1,1,2,36,2,2,0.0,0.0,0.0,0.0,0.0,2.0,13,5,10
180794,16,2,3,15,3,3,0,1,1,1,1,23,2,2,0.0,0.0,0.0,0.0,0.0,2.0,9,7,12
31992,16,2,2,10,8,3,0,1,0,1,2,23,3,4,1.0,0.0,0.0,0.0,1.0,2.0,9,6,3
37163,15,2,3,0,17,3,0,5,0,1,2,18,2,2,0.0,0.0,0.0,0.0,0.0,3.0,16,2,3
32618,16,2,3,0,15,3,0,1,0,1,2,6,3,2,0.0,0.0,0.0,0.0,0.0,2.0,16,3,3
42374,15,2,1,10,2,3,0,1,1,1,2,12,2,2,0.0,0.0,0.0,0.0,0.0,2.0,17,2,4
52062,16,2,3,0,6,3,0,5,0,1,2,6,5,3,1.0,0.0,0.0,1.0,0.0,6.0,12,2,4
147284,15,2,3,9,15,4,0,1,0,1,2,36,2,3,1.0,0.0,0.0,1.0,0.0,1.0,14,3,10
24255,16,2,3,8,6,3,5,5,0,1,2,17,2,1,1.0,0.0,1.0,0.0,0.0,1.0,12,7,2
8429,16,3,3,15,6,3,0,1,1,1,2,23,2,2,0.0,0.0,0.0,0.0,0.0,2.0,15,3,1
111024,4,11,3,17,2,3,5,5,1,1,2,12,2,2,0.0,0.0,0.0,0.0,0.0,2.0,18,4,8
116130,4,2,3,10,8,3,0,1,1,0,2,19,3,2,0.0,0.0,0.0,0.0,0.0,6.0,12,6,8
120813,15,2,1,0,15,3,0,1,0,1,2,5,3,3,1.0,0.0,0.0,1.0,0.0,2.0,19,4,9
19929,15,2,3,0,6,3,6,1,1,1,2,18,2,2,0.0,0.0,0.0,0.0,0.0,3.0,15,6,2
66730,16,2,3,17,1,3,0,1,1,1,2,18,2,2,0.0,0.0,0.0,0.0,0.0,2.0,13,6,5
126920,16,2,3,3,6,4,0,1,1,1,0,30,2,2,0.0,0.0,0.0,0.0,0.0,1.0,7,1,9
119907,16,7,3,17,6,3,6,1,0,1,2,18,2,2,0.0,0.0,0.0,0.0,0.0,3.0,7,6,8
19549,16,2,3,10,6,3,0,5,1,1,0,36,3,2,0.0,0.0,0.0,0.0,0.0,3.0,16,6,2
38879,16,7,3,10,8,3,6,1,1,1,0,39,2,2,0.0,0.0,0.0,0.0,0.0,2.0,8,5,3
83403,16,2,3,10,15,3,0,1,1,1,2,22,3,2,0.0,0.0,0.0,0.0,0.0,2.0,15,3,6
106262,16,7,1,10,8,3,6,1,0,1,2,36,2,4,1.0,0.0,0.0,0.0,1.0,1.0,22,1,8
49311,15,7,3,0,2,3,6,1,1,1,2,36,2,2,0.0,0.0,0.0,0.0,0.0,2.0,16,1,4
117702,15,2,3,17,6,3,0,1,0,1,2,5,2,1,2.0,0.0,2.0,0.0,0.0,1.0,10,2,8
31613,16,2,3,10,3,3,0,1,1,1,2,17,2,2,0.0,0.0,0.0,0.0,0.0,2.0,17,1,3
15813,16,10,3,17,6,3,4,1,1,1,2,39,2,2,0.0,0.0,0.0,0.0,0.0,3.0,13,4,2
71929,15,3,3,0,8,3,6,5,1,1,1,18,2,2,0.0,0.0,0.0,0.0,0.0,3.0,16,7,6
177142,16,10,1,17,8,3,4,1,1,1,2,39,2,2,0.0,0.0,0.0,0.0,0.0,2.0,18,7,12
68801,15,2,3,14,8,3,0,1,1,1,1,26,2,2,0.0,0.0,0.0,0.0,0.0,3.0,12,1,5
51498,15,2,3,0,10,3,6,5,1,1,0,18,2,2,0.0,0.0,0.0,0.0,0.0,2.0,9,5,4
39052,15,2,3,17,10,5,0,1,0,1,2,11,2,3,3.0,0.0,0.0,3.0,0.0,0.0,7,3,3
22587,16,2,1,10,8,3,0,1,0,1,2,26,2,4,1.0,0.0,0.0,0.0,1.0,5.0,2,7,2
100173,16,2,3,10,8,3,0,1,1,0,2,19,2,2,0.0,0.0,0.0,0.0,0.0,2.0,7,4,7
155535,15,10,3,9,8,3,4,1,0,1,1,39,2,3,1.0,0.0,0.0,1.0,0.0,1.0,15,3,10
7118,15,2,3,10,2,3,0,1,0,1,2,17,2,2,0.0,0.0,0.0,0.0,0.0,2.0,15,3,1
85052,15,2,1,10,6,3,0,1,1,1,0,19,2,2,0.0,0.0,0.0,0.0,0.0,2.0,23,7,6
112491,4,2,3,15,8,3,0,1,1,1,1,36,2,2,0.0,0.0,0.0,0.0,0.0,2.0,17,5,8
58786,16,3,4,0,6,3,6,6,1,1,1,6,2,2,0.0,0.0,0.0,0.0,0.0,2.0,17,6,5
33870,16,10,3,0,8,3,6,1,1,1,1,18,2,2,0.0,0.0,0.0,0.0,0.0,2.0,15,3,3
138025,15,2,3,2,8,3,0,1,0,0,2,36,1,2,0.0,0.0,0.0,0.0,0.0,1.0,12,7,10
49955,16,7,3,10,2,3,6,1,0,0,2,19,2,3,1.0,0.0,0.0,1.0,0.0,2.0,15,5,4
22039,15,2,1,2,15,3,0,1,0,1,2,28,2,2,0.0,0.0,0.0,0.0,0.0,4.0,18,5,2
133553,16,2,3,15,10,3,0,1,1,1,2,23,2,2,0.0,0.0,0.0,0.0,0.0,2.0,11,2,9
71579,4,2,3,0,12,3,0,1,1,1,1,18,2,2,0.0,0.0,0.0,0.0,0.0,2.0,9,3,5
148454,15,2,3,0,15,3,0,1,0,1,2,36,2,2,0.0,0.0,0.0,0.0,0.0,4.0,15,5,10
113912,16,2,3,17,8,3,0,1,1,1,2,26,2,2,0.0,0.0,0.0,0.0,0.0,2.0,15,7,8
30482,15,7,3,0,8,3,6,1,1,1,2,18,2,2,0.0,0.0,0.0,0.0,0.0,2.0,9,3,3
48311,15,2,3,0,8,3,0,1,0,1,2,5,2,4,1.0,0.0,0.0,0.0,1.0,1.0,12,4,4
163770,15,2,3,0,10,3,0,1,1,1,2,36,2,2,0.0,0.0,0.0,0.0,0.0,2.0,15,6,11
84192,16,2,3,17,1,3,0,1,1,1,1,36,2,2,0.0,0.0,0.0,0.0,0.0,2.0,18,6,6
154132,15,7,3,17,6,3,6,5,1,1,2,18,2,2,0.0,0.0,0.0,0.0,0.0,3.0,13,6,10
103506,16,2,3,0,8,3,0,1,0,1,2,6,2,3,1.0,0.0,0.0,1.0,0.0,1.0,9,3,7
42262,4,7,0,17,2,3,6,5,1,1,1,23,2,2,0.0,0.0,0.0,0.0,0.0,2.0,20,6,4
147365,16,2,3,0,6,3,5,5,0,1,2,6,2,1,2.0,0.0,1.0,0.0,1.0,1.0,14,5,10
18370,16,2,0,17,8,3,0,1,1,1,2,24,2,2,0.0,0.0,0.0,0.0,0.0,2.0,13,6,2
7898,16,10,1,17,8,0,6,1,0,1,2,3,2,1,3.0,0.0,1.0,2.0,0.0,0.0,22,1,1
165755,9,2,3,7,12,3,0,1,1,0,1,23,2,2,0.0,0.0,0.0,0.0,0.0,2.0,10,6,11
137735,4,7,1,17,2,3,6,1,0,1,2,24,2,3,1.0,0.0,0.0,1.0,0.0,3.0,0,2,10
132679,16,2,3,2,8,3,0,5,1,1,2,36,1,2,0.0,0.0,0.0,0.0,0.0,1.0,13,3,9
18533,4,10,3,10,8,3,4,1,1,1,2,36,2,2,0.0,0.0,0.0,0.0,0.0,2.0,16,2,2
47665,16,3,4,17,8,3,6,1,1,1,2,24,2,2,0.0,0.0,0.0,0.0,0.0,3.0,19,6,4
56356,4,7,3,0,8,3,6,1,0,1,2,17,2,2,0.0,0.0,0.0,0.0,0.0,2.0,14,2,5
54844,4,7,3,7,10,3,6,1,1,1,2,36,2,2,0.0,0.0,0.0,0.0,0.0,1.0,16,5,4
79617,16,11,3,10,8,3,5,5,1,1,1,36,2,2,0.0,0.0,0.0,0.0,0.0,2.0,16,3,6
12063,16,10,1,0,10,3,6,1,0,1,2,6,2,2,0.0,0.0,0.0,0.0,0.0,2.0,23,6,1
112368,16,2,0,9,6,3,0,1,0,1,0,35,2,3,1.0,0.0,0.0,1.0,0.0,3.0,23,4,8
123132,16,2,1,9,8,3,0,5,0,1,2,18,3,3,2.0,0.0,0.0,2.0,0.0,1.0,20,2,9
62829,16,2,3,10,8,3,5,5,1,1,0,36,2,2,0.0,0.0,0.0,0.0,0.0,4.0,13,6,5
118298,16,2,3,0,8,3,6,1,1,1,1,36,2,2,0.0,0.0,0.0,0.0,0.0,2.0,7,2,8
84670,16,7,1,0,6,3,6,1,0,1,2,6,2,3,1.0,0.0,0.0,1.0,0.0,1.0,22,2,6
7260,15,2,3,0,15,3,0,1,1,1,2,18,2,2,0.0,0.0,0.0,0.0,0.0,2.0,15,6,1
161543,4,10,3,7,10,3,4,1,1,1,0,39,2,2,0.0,0.0,0.0,0.0,0.0,2.0,10,2,11
1346,15,7,1,0,8,3,6,1,1,1,0,5,2,2,0.0,0.0,0.0,0.0,0.0,2.0,18,3,1
158247,16,2,3,10,8,3,0,1,1,1,1,36,3,2,0.0,0.0,0.0,0.0,0.0,3.0,8,3,11
168923,16,2,0,2,6,3,0,1,0,1,2,36,1,3,1.0,0.0,0.0,1.0,0.0,1.0,18,4,11
13203,16,2,1,0,8,3,0,1,0,1,2,3,2,4,1.0,0.0,0.0,0.0,1.0,1.0,1,6,1
101537,15,2,3,0,6,3,0,1,1,1,2,5,2,2,0.0,0.0,0.0,0.0,0.0,3.0,11,2,7
176374,16,2,3,15,8,3,0,1,1,1,2,23,2,2,0.0,0.0,0.0,0.0,0.0,2.0,17,6,12
38769,16,7,2,17,8,3,6,1,1,1,2,18,2,2,0.0,0.0,0.0,0.0,0.0,2.0,6,5,3
26932,4,2,3,17,2,3,0,1,1,1,2,36,3,2,0.0,0.0,0.0,0.0,0.0,2.0,14,6,2
107230,17,11,3,8,8,3,5,5,1,1,0,26,2,2,0.0,0.0,0.0,0.0,0.0,2.0,10,2,8
21468,16,2,3,0,6,3,0,1,0,1,2,6,2,3,1.0,0.0,0.0,1.0,0.0,1.0,8,2,2
100792,16,2,3,10,8,3,0,1,1,1,1,19,2,2,0.0,0.0,0.0,0.0,0.0,2.0,12,4,7
177964,15,2,3,10,3,3,0,1,1,1,0,17,2,2,0.0,0.0,0.0,0.0,0.0,2.0,6,6,12
52994,16,2,3,17,2,3,0,1,1,1,0,24,2,2,0.0,0.0,0.0,0.0,0.0,2.0,7,3,4
45815,16,2,3,17,8,3,1,1,1,1,2,16,2,2,0.0,0.0,0.0,0.0,0.0,2.0,7,7,4
110598,16,2,3,10,8,3,6,5,0,0,2,19,2,2,0.0,0.0,0.0,0.0,0.0,2.0,10,5,8
99039,16,2,3,7,8,3,0,1,0,1,2,13,2,2,0.0,0.0,0.0,0.0,0.0,1.0,5,6,7
15763,15,2,3,0,6,3,0,1,1,1,2,18,2,2,0.0,0.0,0.0,0.0,0.0,2.0,10,1,2
163409,16,2,3,0,6,3,0,1,1,1,2,17,2,2,0.0,0.0,0.0,0.0,0.0,3.0,10,2,11
86497,15,7,3,0,8,3,6,1,0,1,2,5,2,4,2.0,0.0,0.0,0.0,2.0,2.0,17,2,6
95694,15,2,3,8,6,3,0,1,0,1,1,36,2,3,1.0,0.0,0.0,1.0,0.0,1.0,13,5,7
57766,16,2,1,0,8,3,0,1,0,1,2,6,2,2,0.0,0.0,0.0,0.0,0.0,2.0,21,4,5
37767,4,2,3,17,8,3,0,1,0,1,2,18,2,2,0.0,0.0,0.0,0.0,0.0,3.0,12,7,3
4344,16,2,3,9,6,3,5,5,0,1,2,36,2,3,2.0,0.0,0.0,2.0,0.0,0.0,8,5,1
160293,16,2,3,0,8,3,0,1,0,1,2,18,2,2,0.0,0.0,0.0,0.0,0.0,2.0,15,5,11
67784,15,3,3,17,3,3,0,1,1,1,2,24,2,2,0.0,0.0,0.0,0.0,0.0,2.0,11,6,5
141156,16,2,2,0,8,3,5,5,1,1,2,36,2,2,0.0,0.0,0.0,0.0,0.0,5.0,18,1,10
138965,16,3,3,10,8,3,6,1,1,1,1,19,2,2,0.0,0.0,0.0,0.0,0.0,2.0,7,5,10
120960,15,2,3,0,6,3,0,5,1,1,2,18,2,2,0.0,0.0,0.0,0.0,0.0,3.0,17,6,9
123507,16,2,1,17,2,3,0,1,0,1,1,28,2,2,0.0,0.0,0.0,0.0,0.0,7.0,1,1,9
66265,16,2,3,9,6,3,0,1,0,1,0,36,2,4,1.0,0.0,0.0,0.0,1.0,1.0,17,5,5
17792,16,2,3,15,2,3,0,1,1,1,1,22,2,2,0.0,0.0,0.0,0.0,0.0,2.0,16,1,2
21300,16,2,3,15,8,3,0,1,1,1,1,22,2,2,0.0,0.0,0.0,0.0,0.0,2.0,17,6,2
137642,16,2,3,10,8,3,0,1,0,1,1,19,2,4,2.0,0.0,0.0,0.0,2.0,1.0,16,1,10
96314,15,2,3,0,8,3,0,1,0,1,2,12,2,3,1.0,0.0,0.0,1.0,0.0,4.0,12,6,7
25356,16,7,4,10,2,3,5,1,1,0,2,36,3,2,0.0,0.0,0.0,0.0,0.0,5.0,17,7,2
127613,16,2,3,0,6,3,0,1,0,1,2,6,3,3,3.0,0.0,0.0,3.0,0.0,4.0,15,4,9
130045,15,2,3,9,8,3,0,1,0,1,0,36,2,4,1.0,0.0,0.0,0.0,1.0,1.0,7,3,9
91595,16,2,3,10,8,3,0,1,0,1,2,17,3,3,2.0,0.0,0.0,2.0,0.0,1.0,13,4,7
121305,4,2,3,7,8,3,0,1,1,1,2,24,2,2,0.0,0.0,0.0,0.0,0.0,1.0,16,4,9
86546,16,2,3,17,11,3,0,1,1,1,1,12,2,2,0.0,0.0,0.0,0.0,0.0,2.0,15,3,6
129839,15,2,3,10,6,3,0,1,1,1,0,19,2,2,0.0,0.0,0.0,0.0,0.0,2.0,9,6,9
37087,16,2,1,0,6,3,0,1,0,1,2,6,3,2,0.0,0.0,0.0,0.0,0.0,4.0,0,1,3
120418,15,2,3,0,6,3,0,5,1,1,2,36,2,2,0.0,0.0,0.0,0.0,0.0,3.0,14,7,8
24826,4,2,3,17,3,3,0,1,0,1,2,36,2,3,1.0,0.0,0.0,1.0,0.0,1.0,16,4,2
16472,16,10,3,2,8,3,4,1,1,1,2,6,1,2,0.0,0.0,0.0,0.0,0.0,1.0,12,1,2
49875,15,2,3,17,11,5,0,5,1,1,2,36,2,2,0.0,0.0,0.0,0.0,0.0,2.0,14,4,4
159168,16,2,3,10,3,3,0,1,1,1,2,19,2,2,0.0,0.0,0.0,0.0,0.0,2.0,20,7,11
151275,16,7,1,17,6,3,6,1,1,1,2,11,2,2,0.0,0.0,0.0,0.0,0.0,2.0,20,1,10
109969,15,7,3,8,8,3,6,1,1,1,0,36,2,2,0.0,0.0,0.0,0.0,0.0,2.0,15,2,8
61874,16,2,3,9,15,3,0,1,1,1,0,18,2,2,0.0,0.0,0.0,0.0,0.0,2.0,18,5,5
20071,16,2,1,17,8,3,0,1,0,1,2,26,2,2,0.0,0.0,0.0,0.0,0.0,2.0,18,1,2
115674,15,2,3,17,8,3,0,1,0,1,2,24,2,2,0.0,0.0,0.0,0.0,0.0,3.0,16,5,8
123820,16,2,3,0,3,3,0,1,0,1,2,6,2,4,1.0,0.0,0.0,0.0,1.0,1.0,7,4,9
123687,16,2,3,15,6,3,0,5,1,1,2,18,2,2,0.0,0.0,0.0,0.0,0.0,4.0,16,4,9
68960,4,2,3,0,8,3,0,1,1,1,2,18,2,2,0.0,0.0,0.0,0.0,0.0,3.0,16,5,5
116999,16,2,3,17,8,3,0,1,0,1,2,17,2,2,0.0,0.0,0.0,0.0,0.0,2.0,15,5,8
134033,4,2,3,2,11,3,0,6,0,0,2,36,1,2,0.0,0.0,0.0,0.0,0.0,1.0,7,1,9
28737,16,2,3,17,8,3,0,1,0,1,2,36,2,4,1.0,0.0,0.0,0.0,1.0,1.0,16,6,3
131206,16,2,3,17,19,3,0,5,1,1,2,18,2,2,0.0,0.0,0.0,0.0,0.0,4.0,9,5,9
95588,15,2,3,10,8,3,0,1,1,1,1,19,2,2,0.0,0.0,0.0,0.0,0.0,2.0,18,2,7
79759,4,2,3,17,8,3,0,1,1,0,2,18,2,2,0.0,0.0,0.0,0.0,0.0,2.0,16,5,6
160699,15,2,1,0,6,3,0,1,1,1,2,5,2,2,0.0,0.0,0.0,0.0,0.0,2.0,19,5,11
126656,15,2,3,17,8,3,0,1,1,1,1,18,2,2,0.0,0.0,0.0,0.0,0.0,2.0,10,3,9
107690,4,2,3,17,8,3,0,5,0,1,2,36,2,2,0.0,0.0,0.0,0.0,0.0,2.0,9,4,8
19155,16,2,1,17,11,3,0,1,1,0,0,24,2,2,0.0,0.0,0.0,0.0,0.0,2.0,23,5,2
164697,16,2,1,17,6,5,0,1,1,1,2,18,2,2,0.0,0.0,0.0,0.0,0.0,2.0,20,7,11
161858,15,7,3,17,10,3,6,1,1,1,0,18,2,2,0.0,0.0,0.0,0.0,0.0,3.0,13,1,11
54662,15,2,3,0,8,3,0,1,1,1,1,5,2,2,0.0,0.0,0.0,0.0,0.0,2.0,14,1,4
8603,15,2,3,0,8,3,0,1,0,1,2,5,2,2,0.0,0.0,0.0,0.0,0.0,4.0,14,2,1
75231,16,2,3,10,8,3,0,1,0,1,2,36,3,2,0.0,0.0,0.0,0.0,0.0,4.0,13,2,6
146614,16,2,1,17,6,3,0,1,0,1,2,18,2,2,0.0,0.0,0.0,0.0,0.0,2.0,22,6,10
20626,4,2,3,10,2,3,1,1,1,1,2,39,2,2,0.0,0.0,0.0,0.0,0.0,2.0,8,3,2
178388,15,2,1,0,2,3,0,1,0,1,2,18,2,2,0.0,0.0,0.0,0.0,0.0,2.0,17,4,12
15193,16,2,1,5,8,3,4,5,1,1,2,39,1,2,0.0,0.0,0.0,0.0,0.0,1.0,6,6,2
66902,17,2,3,10,2,3,0,5,1,1,2,19,2,2,0.0,0.0,0.0,0.0,0.0,2.0,11,1,5
104461,16,2,3,10,10,3,0,5,1,1,1,17,2,2,0.0,0.0,0.0,0.0,0.0,2.0,16,5,8
15491,16,2,3,17,2,3,0,1,1,1,2,24,2,2,0.0,0.0,0.0,0.0,0.0,2.0,11,4,2
113106,15,2,3,9,2,3,0,1,0,1,2,38,2,3,1.0,0.0,0.0,1.0,0.0,1.0,15,7,8
64310,4,2,1,7,10,3,0,1,0,1,2,36,3,2,0.0,0.0,0.0,0.0,0.0,1.0,2,2,5
91831,16,2,1,17,6,3,0,5,0,1,1,18,2,2,0.0,0.0,0.0,0.0,0.0,3.0,22,7,7