crash_date,               traffic_control_device,weather_condition,lighting_condition,first_crash_type,trafficway_type,alignment,roadway_surface_cond,road_defect,crash_type,intersection_related_i,damage,prim_contributory_cause,num_units,most_severe_injury,injuries_total,injuries_fatal,injuries_incapacitating,injuries_non_incapacitating,injuries_reported_not_evident,injuries_no_indication,crash_hour,crash_day_of_week,crash_month
42247,16,2,3,17,2,4,0,1,0,1,2,18,2,3,2.0,0.0,0.0,2.0,0.0,0.0,14,6,4
70594,16,2,3,15,2,3,0,2,1,1,1,18,2,2,0.0,0.0,0.0,0.0,0.0,3.0,18,4,5
159019,4,2,1,10,6,3,0,0,0,1,2,9,2,3,3.0,0.0,0.0,3.0,0.0,0.0,22,1,11
113735,4,2,3,17,8,3,0,1,1,1,2,24,2,2,0.0,0.0,0.0,0.0,0.0,2.0,18,4,8
21361,16,2,3,0,6,3,0,1,0,1,2,18,2,2,0.0,0.0,0.0,0.0,0.0,2.0,11,6,2
92742,16,2,3,15,10,3,0,1,1,1,2,22,2,2,0.0,0.0,0.0,0.0,0.0,2.0,12,7,7
23443,15,2,1,9,6,3,0,5,1,1,0,36,2,2,0.0,0.0,0.0,0.0,0.0,2.0,18,1,2
89068,16,2,1,17,3,3,0,1,0,1,2,35,2,2,0.0,0.0,0.0,0.0,0.0,2.0,1,7,7
50289,16,2,3,10,8,3,0,5,1,1,2,19,2,2,0.0,0.0,0.0,0.0,0.0,3.0,16,4,4
26232,16,2,1,10,8,3,0,1,0,1,2,17,2,3,1.0,0.0,0.0,1.0,0.0,3.0,4,1,2
106880,16,2,3,10,15,3,0,5,1,1,2,36,2,2,0.0,0.0,0.0,0.0,0.0,4.0,16,5,8
176340,16,2,3,0,6,3,0,1,0,1,2,6,2,3,2.0,0.0,0.0,2.0,0.0,2.0,13,6,12
181655,16,2,3,10,15,3,0,5,1,1,2,26,2,2,0.0,0.0,0.0,0.0,0.0,5.0,13,7,12
158568,17,7,1,17,18,3,6,5,1,1,2,36,2,2,0.0,0.0,0.0,0.0,0.0,2.0,21,3,11
115464,15,2,1,2,8,3,0,1,1,1,2,21,1,2,0.0,0.0,0.0,0.0,0.0,1.0,0,2,8
22823,16,10,3,10,8,3,4,1,1,1,2,36,2,2,0.0,0.0,0.0,0.0,0.0,2.0,16,5,2
143233,16,2,1,0,6,3,0,5,0,1,2,36,2,2,0.0,0.0,0.0,0.0,0.0,2.0,19,3,10
119805,15,2,3,0,6,3,0,1,1,0,2,18,2,2,0.0,0.0,0.0,0.0,0.0,2.0,15,4,8
151807,16,2,3,0,6,3,6,1,0,1,2,18,2,4,1.0,0.0,0.0,0.0,1.0,2.0,14,2,10
179421,16,2,4,10,6,3,0,1,0,1,2,36,3,3,1.0,0.0,0.0,1.0,0.0,1.0,20,6,12
177851,16,2,3,17,2,3,0,1,0,1,2,24,2,2,0.0,0.0,0.0,0.0,0.0,2.0,12,3,12
124759,16,2,3,17,1,3,0,1,1,1,2,23,2,2,0.0,0.0,0.0,0.0,0.0,2.0,8,5,9
48873,4,2,3,17,0,3,0,1,0,0,2,38,2,2,0.0,0.0,0.0,0.0,0.0,2.0,16,7,4
82201,16,2,3,4,8,3,0,1,1,1,0,22,2,2,0.0,0.0,0.0,0.0,0.0,2.0,19,5,6
4513,16,2,3,10,8,3,0,1,1,1,1,12,2,2,0.0,0.0,0.0,0.0,0.0,2.0,8,5,1
173645,16,7,3,10,2,3,6,5,0,1,2,39,2,3,1.0,0.0,0.0,1.0,0.0,5.0,10,1,12
126522,4,7,3,17,11,3,6,1,1,1,2,26,2,2,0.0,0.0,0.0,0.0,0.0,2.0,12,2,9
114130,16,2,3,15,8,4,0,1,1,1,2,22,2,2,0.0,0.0,0.0,0.0,0.0,2.0,9,2,8
75952,4,2,1,17,8,3,0,1,0,1,2,36,2,3,1.0,0.0,0.0,1.0,0.0,1.0,0,5,6
156511,17,2,3,7,8,3,0,1,1,1,2,36,2,2,0.0,0.0,0.0,0.0,0.0,1.0,17,7,11
131033,15,11,1,7,6,3,5,1,1,0,2,24,2,2,0.0,0.0,0.0,0.0,0.0,1.0,20,2,9
112953,16,2,3,0,8,3,0,1,0,1,2,18,2,2,0.0,0.0,0.0,0.0,0.0,5.0,15,7,8
89707,16,2,1,0,6,3,0,1,0,1,2,6,4,0,2.0,1.0,1.0,0.0,0.0,1.0,22,2,7
8481,16,10,1,13,10,3,4,1,0,1,2,36,3,2,0.0,0.0,0.0,0.0,0.0,3.0,2,4,1
183949,15,2,3,0,6,3,0,1,1,1,2,18,2,2,0.0,0.0,0.0,0.0,0.0,2.0,14,4,12
13006,16,3,4,17,1,3,4,1,1,1,2,38,2,2,0.0,0.0,0.0,0.0,0.0,3.0,17,1,1
67202,16,2,3,17,10,3,0,1,1,1,2,22,2,2,0.0,0.0,0.0,0.0,0.0,3.0,16,5,5
122961,16,2,3,17,15,3,0,1,1,1,1,18,2,2,0.0,0.0,0.0,0.0,0.0,2.0,10,5,9
40484,16,2,3,15,2,3,0,5,1,1,2,23,2,2,0.0,0.0,0.0,0.0,0.0,2.0,16,2,3
172867,15,7,0,14,8,3,6,1,0,1,2,26,3,3,1.0,0.0,0.0,1.0,0.0,2.0,20,1,12
117791,16,2,3,0,10,3,5,5,1,1,2,6,2,2,0.0,0.0,0.0,0.0,0.0,2.0,14,2,8
112052,16,2,1,17,8,3,0,1,0,1,2,18,2,2,0.0,0.0,0.0,0.0,0.0,2.0,23,5,8
141880,16,2,1,17,3,3,0,1,1,1,2,36,2,2,0.0,0.0,0.0,0.0,0.0,3.0,19,5,10
26552,16,11,3,17,6,3,5,1,1,1,1,36,2,2,0.0,0.0,0.0,0.0,0.0,2.0,17,7,2
132299,15,2,2,0,6,3,0,1,0,1,2,5,2,1,1.0,0.0,1.0,0.0,0.0,2.0,16,5,9
151436,16,2,3,17,8,3,0,1,1,1,2,36,2,2,0.0,0.0,0.0,0.0,0.0,2.0,10,3,10
64329,16,2,3,15,3,3,0,1,1,1,1,26,2,2,0.0,0.0,0.0,0.0,0.0,2.0,17,2,5
74468,4,2,1,10,8,3,0,1,1,1,1,19,2,2,0.0,0.0,0.0,0.0,0.0,2.0,22,3,6
152626,16,2,3,17,8,3,0,1,1,1,1,18,2,2,0.0,0.0,0.0,0.0,0.0,2.0,10,4,10
157818,16,2,4,17,2,3,0,1,1,1,2,18,2,2,0.0,0.0,0.0,0.0,0.0,5.0,18,6,11
126517,17,7,3,0,11,3,6,5,1,0,2,36,2,2,0.0,0.0,0.0,0.0,0.0,2.0,12,2,9
123973,4,2,3,8,8,3,0,1,0,1,0,36,2,1,1.0,0.0,1.0,0.0,0.0,1.0,14,7,9
132328,4,2,3,8,6,3,0,1,1,1,1,17,2,2,0.0,0.0,0.0,0.0,0.0,2.0,8,5,9
100756,15,2,1,7,8,3,0,1,0,1,2,30,3,2,0.0,0.0,0.0,0.0,0.0,1.0,3,4,7
133731,16,2,3,17,6,3,0,5,0,1,2,18,2,1,1.0,0.0,1.0,0.0,0.0,1.0,17,3,9
63820,16,2,3,0,6,3,0,1,1,1,2,6,2,2,0.0,0.0,0.0,0.0,0.0,3.0,10,7,5
127089,16,2,3,0,6,3,0,1,1,1,2,18,2,2,0.0,0.0,0.0,0.0,0.0,7.0,15,5,9
177852,8,2,0,17,2,3,0,1,1,1,2,3,2,2,0.0,0.0,0.0,0.0,0.0,2.0,12,3,12
65822,15,2,3,0,2,4,0,1,0,1,2,36,2,3,1.0,0.0,0.0,1.0,0.0,1.0,18,5,5
11492,16,2,3,9,2,3,0,1,0,1,1,36,2,1,1.0,0.0,1.0,0.0,0.0,1.0,8,4,1
154205,15,7,3,0,8,3,6,1,0,1,2,18,2,2,0.0,0.0,0.0,0.0,0.0,2.0,10,6,10
12615,16,10,3,10,8,3,4,5,1,1,2,39,2,2,0.0,0.0,0.0,0.0,0.0,2.0,16,3,1
51529,15,2,3,0,15,3,0,1,1,1,1,38,2,2,0.0,0.0,0.0,0.0,0.0,2.0,15,6,4
183466,16,2,1,17,8,4,0,1,1,1,1,18,2,2,0.0,0.0,0.0,0.0,0.0,2.0,17,4,12
134839,16,2,1,17,8,3,0,1,1,1,0,36,2,2,0.0,0.0,0.0,0.0,0.0,2.0,20,3,9
28930,16,2,3,10,8,3,0,1,0,1,2,19,2,3,1.0,0.0,0.0,1.0,0.0,1.0,14,3,3
21829,16,3,1,17,1,3,0,1,0,1,2,18,2,2,0.0,0.0,0.0,0.0,0.0,2.0,23,7,2
18343,15,2,3,0,8,3,0,1,0,1,2,36,2,2,0.0,0.0,0.0,0.0,0.0,4.0,8,5,2
18397,16,3,1,17,8,3,0,1,1,1,2,36,2,2,0.0,0.0,0.0,0.0,0.0,3.0,18,6,2
99756,15,2,1,0,11,3,0,1,1,1,2,11,2,2,0.0,0.0,0.0,0.0,0.0,6.0,21,2,7
100999,15,11,5,15,2,3,5,5,1,1,2,23,2,2,0.0,0.0,0.0,0.0,0.0,2.0,12,1,7
137966,16,2,3,0,6,3,0,1,1,1,2,6,2,2,0.0,0.0,0.0,0.0,0.0,3.0,15,7,10
86239,15,2,3,17,2,3,0,1,1,1,1,5,2,2,0.0,0.0,0.0,0.0,0.0,2.0,14,4,6
77640,16,2,3,17,8,3,0,1,1,1,2,18,2,2,0.0,0.0,0.0,0.0,0.0,2.0,9,2,6
27556,15,7,3,0,2,3,6,1,1,1,1,36,2,2,0.0,0.0,0.0,0.0,0.0,3.0,11,2,2
143292,16,2,3,17,6,3,0,1,1,1,2,36,2,2,0.0,0.0,0.0,0.0,0.0,2.0,17,5,10
129065,4,2,3,15,3,3,0,1,1,1,2,26,2,2,0.0,0.0,0.0,0.0,0.0,2.0,12,1,9
182458,15,10,3,14,2,3,4,1,1,0,1,39,2,2,0.0,0.0,0.0,0.0,0.0,2.0,16,2,12
62779,16,7,3,10,2,3,6,5,1,1,1,19,2,2,0.0,0.0,0.0,0.0,0.0,2.0,13,5,5
17279,4,2,3,10,2,3,0,1,0,1,2,8,2,4,1.0,0.0,0.0,0.0,1.0,4.0,12,1,2
14421,15,10,1,0,8,3,4,5,0,1,2,5,3,3,2.0,0.0,0.0,2.0,0.0,2.0,23,7,1
180725,16,2,1,10,8,3,0,1,1,1,2,19,2,2,0.0,0.0,0.0,0.0,0.0,2.0,5,6,12
42996,16,2,3,15,6,3,5,5,1,1,2,22,2,2,0.0,0.0,0.0,0.0,0.0,2.0,7,7,4
176617,16,2,1,10,8,3,0,1,1,1,1,36,2,2,0.0,0.0,0.0,0.0,0.0,3.0,4,1,12
83853,16,2,1,10,6,3,6,1,1,1,1,17,3,2,0.0,0.0,0.0,0.0,0.0,3.0,22,1,6
95222,16,2,3,17,2,3,0,5,0,1,2,30,3,3,1.0,0.0,0.0,1.0,0.0,3.0,9,4,7
149662,16,2,3,11,10,3,0,1,1,1,1,36,2,2,0.0,0.0,0.0,0.0,0.0,2.0,16,2,10
63567,16,2,3,0,15,3,0,1,0,1,2,6,2,1,1.0,0.0,1.0,0.0,0.0,1.0,8,4,5
135315,16,11,5,10,6,3,5,5,1,1,2,36,2,2,0.0,0.0,0.0,0.0,0.0,2.0,11,5,9
116918,4,2,3,7,8,3,0,1,1,1,2,36,2,2,0.0,0.0,0.0,0.0,0.0,1.0,12,3,8
160019,16,2,0,10,19,3,0,1,0,1,2,17,2,3,1.0,0.0,0.0,1.0,0.0,1.0,20,2,11
144226,16,2,1,10,8,3,0,1,0,1,2,19,2,4,1.0,0.0,0.0,0.0,1.0,1.0,22,7,10
154595,15,7,3,0,6,3,6,1,1,1,0,18,2,2,0.0,0.0,0.0,0.0,0.0,3.0,15,4,10
18623,16,2,1,17,6,3,0,1,0,1,2,18,2,2,0.0,0.0,0.0,0.0,0.0,2.0,21,3,2
151180,16,2,3,17,8,3,0,1,0,1,2,36,2,3,1.0,0.0,0.0,1.0,0.0,2.0,15,7,10
137769,4,2,3,14,8,3,0,1,1,0,0,36,2,2,0.0,0.0,0.0,0.0,0.0,2.0,17,3,10
168903,15,11,3,0,6,3,5,1,1,1,2,36,2,2,0.0,0.0,0.0,0.0,0.0,2.0,14,4,11
9589,16,2,1,17,1,3,0,1,0,1,2,26,2,3,1.0,0.0,0.0,1.0,0.0,2.0,1,7,1
141702,16,2,1,2,8,3,0,1,1,1,0,8,1,2,0.0,0.0,0.0,0.0,0.0,2.0,19,1,10
42045,4,2,3,2,15,3,0,1,0,0,2,26,1,2,0.0,0.0,0.0,0.0,0.0,1.0,12,4,3
98525,16,2,3,8,13,3,0,1,0,0,0,36,2,4,1.0,0.0,0.0,0.0,1.0,1.0,5,5,7
26187,4,2,1,10,10,3,0,1,0,1,2,9,4,2,0.0,0.0,0.0,0.0,0.0,3.0,23,5,2
140107,16,2,3,17,8,3,0,1,1,1,2,24,2,2,0.0,0.0,0.0,0.0,0.0,2.0,13,2,10
172150,15,2,3,0,8,3,0,1,1,1,0,19,2,2,0.0,0.0,0.0,0.0,0.0,2.0,9,3,12
32517,16,2,2,10,8,3,0,1,0,1,2,19,2,3,1.0,0.0,0.0,1.0,0.0,1.0,7,7,3
147060,15,2,3,17,6,3,0,1,1,1,1,18,2,2,0.0,0.0,0.0,0.0,0.0,2.0,14,5,10
71482,17,2,1,15,5,3,5,5,0,1,1,36,2,3,1.0,0.0,0.0,1.0,0.0,1.0,3,2,5
89825,16,2,3,10,3,3,0,1,1,1,2,28,2,2,0.0,0.0,0.0,0.0,0.0,3.0,12,5,7
158752,16,2,4,0,8,3,0,1,1,1,2,6,2,2,0.0,0.0,0.0,0.0,0.0,2.0,20,3,11
38371,16,10,3,0,8,3,4,1,1,1,2,6,2,2,0.0,0.0,0.0,0.0,0.0,2.0,15,6,3
172270,16,11,5,17,2,3,6,1,1,1,2,12,2,2,0.0,0.0,0.0,0.0,0.0,2.0,17,7,12
156226,15,2,2,0,10,3,0,1,0,1,2,36,2,2,0.0,0.0,0.0,0.0,0.0,2.0,17,6,11
4198,16,2,3,10,8,3,0,1,0,1,2,19,2,2,0.0,0.0,0.0,0.0,0.0,2.0,14,2,1
113210,4,7,3,7,10,3,6,4,1,1,2,36,3,2,0.0,0.0,0.0,0.0,0.0,1.0,11,1,8
122588,4,11,5,7,10,3,5,1,1,1,2,36,2,2,0.0,0.0,0.0,0.0,0.0,1.0,6,1,9
49319,16,3,2,17,15,3,6,1,0,1,2,36,2,3,1.0,0.0,0.0,1.0,0.0,2.0,6,1,4
105291,4,2,3,0,6,3,0,1,0,1,2,18,2,2,0.0,0.0,0.0,0.0,0.0,2.0,17,2,8
123792,16,2,1,0,2,3,0,1,1,1,2,36,2,2,0.0,0.0,0.0,0.0,0.0,2.0,23,6,9
124431,15,2,2,17,10,3,0,1,1,1,1,19,2,2,0.0,0.0,0.0,0.0,0.0,2.0,7,6,9
165824,16,11,1,0,6,3,5,1,0,1,2,18,2,4,1.0,0.0,0.0,0.0,1.0,2.0,0,7,11
96194,16,7,1,10,6,3,6,1,1,1,1,36,2,2,0.0,0.0,0.0,0.0,0.0,2.0,19,4,7
13163,15,6,1,0,8,3,2,1,0,1,2,36,2,4,1.0,0.0,0.0,0.0,1.0,4.0,17,5,1
35993,15,2,3,17,8,3,0,1,1,1,2,18,2,2,0.0,0.0,0.0,0.0,0.0,2.0,9,3,3
111897,16,7,3,0,6,3,6,1,0,1,2,18,2,3,1.0,0.0,0.0,1.0,0.0,1.0,8,5,8
36967,16,2,3,0,6,3,6,1,1,1,2,18,2,2,0.0,0.0,0.0,0.0,0.0,2.0,13,7,3
121164,15,2,3,17,8,3,0,1,1,1,1,38,2,2,0.0,0.0,0.0,0.0,0.0,2.0,7,7,9
85145,16,2,3,17,6,3,0,1,0,1,2,6,3,2,0.0,0.0,0.0,0.0,0.0,5.0,18,3,6
145321,16,7,1,10,8,3,6,1,1,1,1,19,2,2,0.0,0.0,0.0,0.0,0.0,3.0,22,1,10
1401,16,7,1,0,18,3,6,1,0,1,2,6,2,2,0.0,0.0,0.0,0.0,0.0,4.0,6,4,1
93547,15,2,3,14,8,3,0,1,1,1,2,18,2,2,0.0,0.0,0.0,0.0,0.0,2.0,10,5,7
55026,4,7,3,0,8,3,6,1,0,1,2,26,2,3,1.0,0.0,0.0,1.0,0.0,3.0,14,7,4
62986,17,2,0,17,6,3,0,5,1,1,2,18,2,2,0.0,0.0,0.0,0.0,0.0,2.0,3,1,5
63159,16,2,3,15,3,3,0,1,1,1,1,22,2,2,0.0,0.0,0.0,0.0,0.0,3.0,15,3,5
47541,16,7,1,0,10,3,6,5,1,1,2,6,2,2,0.0,0.0,0.0,0.0,0.0,2.0,5,6,4
46912,16,2,0,17,6,3,0,1,1,1,2,36,2,2,0.0,0.0,0.0,0.0,0.0,2.0,21,1,4
23822,16,2,1,17,8,3,0,1,0,1,2,24,2,2,0.0,0.0,0.0,0.0,0.0,2.0,18,7,2
105648,15,2,1,10,2,3,0,1,1,1,1,37,2,2,0.0,0.0,0.0,0.0,0.0,3.0,22,6,8
3455,16,6,1,0,1,3,5,5,1,1,0,18,2,2,0.0,0.0,0.0,0.0,0.0,4.0,17,2,1
12266,15,10,1,0,6,3,6,1,0,1,2,36,2,2,0.0,0.0,0.0,0.0,0.0,3.0,17,4,1
138979,16,2,1,17,8,3,0,1,0,1,2,36,2,2,0.0,0.0,0.0,0.0,0.0,2.0,21,5,10
114114,17,7,2,17,8,3,5,5,0,1,2,36,2,3,1.0,0.0,0.0,1.0,0.0,1.0,18,2,8
122621,16,2,3,0,6,3,5,5,1,1,2,36,2,2,0.0,0.0,0.0,0.0,0.0,3.0,16,2,9
105727,16,2,1,17,8,3,0,1,1,1,1,26,2,2,0.0,0.0,0.0,0.0,0.0,2.0,23,7,8
66968,16,2,1,0,6,3,0,1,0,1,2,6,2,4,1.0,0.0,0.0,0.0,1.0,3.0,22,2,5
59968,16,2,3,17,2,3,0,1,1,1,2,24,2,2,0.0,0.0,0.0,0.0,0.0,3.0,19,4,5
107017,6,2,3,15,15,3,0,1,1,0,1,18,2,2,0.0,0.0,0.0,0.0,0.0,4.0,17,7,8
48293,16,2,3,17,2,3,0,1,1,1,2,24,2,2,0.0,0.0,0.0,0.0,0.0,2.0,7,4,4
175425,16,3,3,15,8,3,0,1,1,0,0,23,2,2,0.0,0.0,0.0,0.0,0.0,2.0,12,6,12
162086,16,2,3,9,6,3,6,1,0,1,0,18,2,1,1.0,0.0,1.0,0.0,0.0,1.0,12,3,11
66251,16,2,3,10,6,3,0,1,0,1,2,13,2,2,0.0,0.0,0.0,0.0,0.0,3.0,14,5,5
23556,16,7,1,17,8,3,6,1,1,1,1,23,2,2,0.0,0.0,0.0,0.0,0.0,5.0,20,2,2
51702,15,2,3,0,8,3,0,1,0,1,2,15,2,1,1.0,0.0,1.0,0.0,0.0,3.0,18,1,4
170930,16,2,3,17,8,3,0,1,1,1,0,21,2,2,0.0,0.0,0.0,0.0,0.0,2.0,10,1,11
81247,4,2,3,10,8,3,0,1,1,1,1,19,2,2,0.0,0.0,0.0,0.0,0.0,3.0,12,6,6
106427,15,2,1,17,8,3,5,5,0,1,2,36,3,3,7.0,0.0,0.0,7.0,0.0,0.0,18,5,8
159914,16,2,3,17,2,3,0,5,1,1,2,36,2,2,0.0,0.0,0.0,0.0,0.0,2.0,10,6,11
162386,15,2,1,10,8,3,0,5,1,1,1,36,2,2,0.0,0.0,0.0,0.0,0.0,2.0,19,3,11
82005,16,2,2,17,6,3,0,1,1,1,2,36,2,2,0.0,0.0,0.0,0.0,0.0,2.0,17,4,6
91476,16,2,3,7,3,3,5,5,1,1,2,36,2,2,0.0,0.0,0.0,0.0,0.0,6.0,14,1,7
159825,16,2,1,15,8,3,0,1,1,1,1,22,2,2,0.0,0.0,0.0,0.0,0.0,2.0,18,5,11
139133,16,7,3,0,6,3,6,1,1,1,2,6,2,2,0.0,0.0,0.0,0.0,0.0,3.0,12,1,10
66739,15,2,3,0,6,3,0,1,1,1,2,5,2,2,0.0,0.0,0.0,0.0,0.0,2.0,16,6,5
86960,15,2,1,0,6,3,0,1,0,1,2,36,2,2,0.0,0.0,0.0,0.0,0.0,2.0,0,2,6
179729,16,2,3,9,8,3,0,5,0,1,0,36,2,3,1.0,0.0,0.0,1.0,0.0,1.0,14,2,12
129308,16,2,3,10,8,3,0,1,1,1,2,36,2,2,0.0,0.0,0.0,0.0,0.0,2.0,19,6,9
161781,16,2,3,9,6,3,0,1,0,1,2,18,2,3,1.0,0.0,0.0,1.0,0.0,1.0,14,2,11
90359,16,2,3,0,15,3,0,1,0,1,2,6,2,3,2.0,0.0,0.0,2.0,0.0,0.0,11,6,7
109649,16,2,1,10,6,3,5,5,1,1,2,19,2,2,0.0,0.0,0.0,0.0,0.0,3.0,23,5,8
14140,16,2,1,17,6,3,0,1,0,1,2,18,2,2,0.0,0.0,0.0,0.0,0.0,2.0,17,2,1
160356,16,2,3,17,8,3,0,1,1,1,1,19,2,2,0.0,0.0,0.0,0.0,0.0,2.0,16,6,11
64810,16,2,3,17,15,3,0,1,1,1,2,24,2,2,0.0,0.0,0.0,0.0,0.0,2.0,15,3,5
80512,16,2,1,10,8,3,0,1,0,1,2,36,2,2,0.0,0.0,0.0,0.0,0.0,5.0,23,1,6
59668,16,7,3,17,2,3,6,1,1,1,0,19,2,2,0.0,0.0,0.0,0.0,0.0,2.0,23,4,5
187275,16,6,0,0,6,3,0,1,0,1,0,6,2,2,0.0,0.0,0.0,0.0,0.0,2.0,23,2,12
162666,16,3,3,17,10,3,0,1,1,1,2,12,2,2,0.0,0.0,0.0,0.0,0.0,2.0,8,4,11
64457,4,2,3,10,18,3,0,5,1,1,2,36,2,2,0.0,0.0,0.0,0.0,0.0,2.0,8,4,5
86198,16,2,3,10,8,3,0,5,1,1,2,23,2,2,0.0,0.0,0.0,0.0,0.0,2.0,9,5,6
4461,15,7,3,0,8,3,6,1,1,1,2,18,2,2,0.0,0.0,0.0,0.0,0.0,2.0,8,4,1
85846,15,11,5,17,6,3,5,5,1,1,2,36,2,2,0.0,0.0,0.0,0.0,0.0,2.0,1,5,6
188065,16,2,0,17,8,3,5,5,1,1,1,18,2,2,0.0,0.0,0.0,0.0,0.0,2.0,19,6,12
63787,4,2,3,17,2,3,0,1,1,1,2,18,2,2,0.0,0.0,0.0,0.0,0.0,4.0,13,7,5
151745,15,2,3,13,6,3,0,1,0,1,0,21,2,2,0.0,0.0,0.0,0.0,0.0,2.0,9,6,10
25892,15,2,2,0,15,3,0,6,1,1,2,36,2,2,0.0,0.0,0.0,0.0,0.0,2.0,6,2,2
160677,16,2,1,17,8,3,0,5,0,1,2,18,2,2,0.0,0.0,0.0,0.0,0.0,3.0,16,5,11
27372,16,2,1,17,8,3,0,1,1,1,2,36,2,2,0.0,0.0,0.0,0.0,0.0,2.0,23,5,2
37473,16,2,3,10,2,3,0,1,0,1,2,36,2,4,2.0,0.0,0.0,0.0,2.0,2.0,7,2,3
47193,16,2,3,17,13,3,0,1,1,1,2,6,2,2,0.0,0.0,0.0,0.0,0.0,2.0,11,5,4
26439,16,2,1,0,6,3,0,1,1,1,2,18,2,2,0.0,0.0,0.0,0.0,0.0,3.0,0,5,2
120362,15,2,3,17,15,3,0,5,1,1,2,11,3,2,0.0,0.0,0.0,0.0,0.0,3.0,16,5,8
148705,15,2,1,0,8,3,0,1,0,1,2,18,3,3,3.0,0.0,0.0,3.0,0.0,3.0,21,6,10
126322,16,2,3,15,8,3,0,1,0,1,1,26,2,3,3.0,0.0,0.0,3.0,0.0,3.0,15,7,9
174144,16,2,1,17,8,3,0,5,0,1,2,18,2,2,0.0,0.0,0.0,0.0,0.0,4.0,23,1,12
167661,16,2,1,17,10,3,0,1,1,1,2,36,2,2,0.0,0.0,0.0,0.0,0.0,2.0,16,4,11
67856,15,2,3,0,6,3,5,5,1,1,2,36,2,2,0.0,0.0,0.0,0.0,0.0,2.0,17,2,5
57401,17,11,5,10,6,3,5,5,1,1,2,36,2,2,0.0,0.0,0.0,0.0,0.0,2.0,16,6,5
98875,15,2,3,0,8,3,0,1,0,1,2,36,2,2,0.0,0.0,0.0,0.0,0.0,2.0,9,2,7
177771,4,2,3,14,2,3,0,1,1,1,0,36,2,2,0.0,0.0,0.0,0.0,0.0,2.0,12,2,12
60245,15,2,3,0,8,3,0,1,0,1,2,18,2,2,0.0,0.0,0.0,0.0,0.0,4.0,11,7,5
105755,15,2,3,17,6,3,0,1,0,1,1,24,2,3,1.0,0.0,0.0,1.0,0.0,3.0,14,1,8
179348,16,2,3,17,6,3,0,1,1,1,2,24,2,2,0.0,0.0,0.0,0.0,0.0,2.0,8,4,12
121786,16,2,3,14,15,3,0,1,0,1,1,22,3,2,0.0,0.0,0.0,0.0,0.0,3.0,18,3,9
24151,16,2,1,17,6,3,0,1,0,1,2,6,2,2,0.0,0.0,0.0,0.0,0.0,2.0,19,5,2
95912,16,2,2,17,6,3,0,1,0,1,2,18,2,3,1.0,0.0,0.0,1.0,0.0,1.0,4,1,7
60666,15,2,3,0,6,3,0,1,1,1,1,18,2,2,0.0,0.0,0.0,0.0,0.0,2.0,17,6,5
179126,16,2,3,17,10,3,0,1,1,1,0,24,2,2,0.0,0.0,0.0,0.0,0.0,3.0,10,6,12
143799,16,7,1,17,15,3,6,1,0,1,2,6,3,3,1.0,0.0,0.0,1.0,0.0,3.0,18,3,10
58323,16,2,3,15,6,3,0,1,1,1,2,18,2,2,0.0,0.0,0.0,0.0,0.0,3.0,12,5,5
152163,15,7,3,0,8,3,0,5,1,1,2,18,2,2,0.0,0.0,0.0,0.0,0.0,2.0,14,4,10
86276,16,2,3,3,8,3,0,1,0,1,2,36,3,2,0.0,0.0,0.0,0.0,0.0,3.0,13,5,6
157750,16,2,2,8,2,3,0,1,0,1,1,36,2,3,1.0,0.0,0.0,1.0,0.0,2.0,18,5,11
88970,16,2,3,15,3,3,0,1,1,1,2,36,2,2,0.0,0.0,0.0,0.0,0.0,2.0,6,4,7
177370,16,2,1,17,10,3,0,1,1,1,0,22,2,2,0.0,0.0,0.0,0.0,0.0,4.0,17,5,12
173913,16,2,1,9,3,3,0,1,0,1,2,17,2,3,1.0,0.0,0.0,1.0,0.0,3.0,17,4,12
164816,16,7,1,17,11,3,6,1,0,1,2,39,2,4,1.0,0.0,0.0,0.0,1.0,1.0,20,6,11
20185,15,2,3,17,8,3,0,1,1,1,1,36,2,2,0.0,0.0,0.0,0.0,0.0,2.0,8,2,2
17936,16,7,3,17,8,3,6,1,1,1,2,35,2,2,0.0,0.0,0.0,0.0,0.0,2.0,6,5,2
78685,16,2,3,10,2,3,0,1,1,1,1,21,2,2,0.0,0.0,0.0,0.0,0.0,2.0,16,5,6
139851,16,2,3,10,6,3,0,5,1,1,2,36,2,2,0.0,0.0,0.0,0.0,0.0,3.0,11,6,10
121703,16,7,3,0,11,3,6,5,0,1,2,6,2,2,0.0,0.0,0.0,0.0,0.0,2.0,14,2,9
143777,16,7,3,17,6,3,6,1,1,1,2,18,2,2,0.0,0.0,0.0,0.0,0.0,4.0,16,3,10
17423,4,2,3,0,8,3,0,1,1,1,0,36,2,2,0.0,0.0,0.0,0.0,0.0,2.0,14,4,2
135412,4,2,3,17,10,3,0,1,0,1,2,18,4,4,1.0,0.0,0.0,0.0,1.0,1.0,11,4,9
177322,4,2,3,17,8,3,0,1,0,1,2,18,3,4,3.0,0.0,0.0,0.0,3.0,0.0,8,3,12
98242,16,2,3,15,10,3,0,1,1,1,0,26,2,2,0.0,0.0,0.0,0.0,0.0,2.0,15,7,7
85479,16,7,1,0,6,5,6,1,0,1,2,6,2,1,1.0,0.0,1.0,0.0,0.0,1.0,2,7,6
101326,16,2,1,10,8,3,0,5,1,0,1,36,2,2,0.0,0.0,0.0,0.0,0.0,2.0,4,6,7