crash_date,               traffic_control_device,weather_condition,lighting_condition,first_crash_type,trafficway_type,alignment,roadway_surface_cond,road_defect,crash_type,intersection_related_i,damage,prim_contributory_cause,num_units,most_severe_injury,injuries_total,injuries_fatal,injuries_incapacitating,injuries_non_incapacitating,injuries_reported_not_evident,injuries_no_indication,crash_hour,crash_day_of_week,crash_month
141034,15,2,3,0,2,3,0,1,1,1,2,18,2,2,0.0,0.0,0.0,0.0,0.0,2.0,16,6,10
27115,16,2,1,17,6,3,0,1,0,1,2,18,2,2,0.0,0.0,0.0,0.0,0.0,2.0,23,1,2
44124,15,7,3,0,8,3,6,1,0,1,2,36,2,2,0.0,0.0,0.0,0.0,0.0,2.0,8,4,4
36953,16,2,1,17,10,3,0,1,0,1,2,24,2,2,0.0,0.0,0.0,0.0,0.0,3.0,22,6,3
146359,15,2,3,17,8,3,0,1,1,1,1,18,2,2,0.0,0.0,0.0,0.0,0.0,2.0,7,6,10
456,15,2,1,17,15,3,0,5,0,1,2,18,2,2,0.0,0.0,0.0,0.0,0.0,2.0,1,4,1
51060,15,2,3,17,2,3,0,6,0,1,2,18,2,2,0.0,0.0,0.0,0.0,0.0,2.0,10,4,4
163127,15,2,1,0,10,4,0,1,0,1,2,18,2,3,2.0,0.0,0.0,2.0,0.0,0.0,18,4,11
3064,16,2,3,10,8,4,0,1,1,1,1,17,2,2,0.0,0.0,0.0,0.0,0.0,2.0,11,2,1
123755,16,2,3,17,8,3,5,5,1,1,1,18,2,2,0.0,0.0,0.0,0.0,0.0,4.0,17,6,9
184733,16,2,1,17,2,3,6,1,1,1,2,36,2,2,0.0,0.0,0.0,0.0,0.0,3.0,23,6,12
132668,16,2,3,10,6,3,0,1,0,1,2,12,2,2,0.0,0.0,0.0,0.0,0.0,2.0,11,1,9
128942,16,2,3,17,3,3,0,5,0,1,2,6,2,4,1.0,0.0,0.0,0.0,1.0,2.0,15,7,9
27530,17,7,2,15,3,3,6,1,1,0,0,24,2,2,0.0,0.0,0.0,0.0,0.0,2.0,7,2,2
4173,16,2,3,15,6,3,0,1,1,1,1,18,2,2,0.0,0.0,0.0,0.0,0.0,3.0,16,1,1
188522,16,2,1,17,8,3,0,5,1,0,2,36,2,2,0.0,0.0,0.0,0.0,0.0,3.0,19,2,12
136845,4,11,5,15,8,3,5,5,1,1,2,36,2,2,0.0,0.0,0.0,0.0,0.0,2.0,15,5,9
102531,16,2,3,17,6,3,0,1,1,1,2,36,2,2,0.0,0.0,0.0,0.0,0.0,2.0,14,4,7
21660,16,2,0,0,8,3,0,1,0,1,2,6,3,4,1.0,0.0,0.0,0.0,1.0,2.0,18,5,2
59885,4,11,5,17,15,3,5,5,1,1,1,11,2,2,0.0,0.0,0.0,0.0,0.0,2.0,7,2,5
60168,15,2,3,0,6,3,0,1,1,1,2,12,2,2,0.0,0.0,0.0,0.0,0.0,5.0,7,5,5
179156,16,2,1,0,2,3,0,1,1,1,2,18,2,2,0.0,0.0,0.0,0.0,0.0,2.0,16,1,12
76001,16,2,1,0,6,3,0,1,1,1,2,6,2,2,0.0,0.0,0.0,0.0,0.0,2.0,22,7,6
120866,4,2,3,17,15,3,0,1,0,1,2,18,2,4,2.0,0.0,0.0,0.0,2.0,1.0,15,5,9
81972,16,2,4,8,8,3,0,1,0,1,0,12,2,4,1.0,0.0,0.0,0.0,1.0,1.0,20,2,6
62798,16,2,3,17,6,3,0,1,1,1,2,18,2,2,0.0,0.0,0.0,0.0,0.0,4.0,18,5,5
60778,16,2,3,0,8,3,5,5,0,1,2,6,2,2,0.0,0.0,0.0,0.0,0.0,2.0,13,2,5
154970,16,2,3,8,8,3,0,1,0,1,0,26,2,3,1.0,0.0,0.0,1.0,0.0,1.0,8,2,10
65150,15,2,1,0,8,3,6,1,0,1,2,36,2,2,0.0,0.0,0.0,0.0,0.0,3.0,4,7,5
111214,15,2,3,17,10,3,0,1,1,1,1,36,2,2,0.0,0.0,0.0,0.0,0.0,2.0,11,7,8
129232,16,2,1,10,2,3,0,1,1,1,1,36,2,2,0.0,0.0,0.0,0.0,0.0,2.0,19,5,9
171453,16,2,3,15,2,3,0,1,0,1,2,36,2,2,0.0,0.0,0.0,0.0,0.0,2.0,10,3,11
69052,16,2,3,17,2,3,0,1,0,1,2,6,2,2,0.0,0.0,0.0,0.0,0.0,2.0,17,6,5
120371,16,2,4,17,2,3,5,5,1,1,2,36,2,2,0.0,0.0,0.0,0.0,0.0,2.0,18,5,8
138382,4,7,3,0,15,3,6,1,0,1,2,38,2,3,1.0,0.0,0.0,1.0,0.0,1.0,12,4,10
86134,15,2,3,0,8,3,5,5,0,1,1,5,3,3,3.0,0.0,0.0,3.0,0.0,2.0,8,3,6
170004,4,11,5,7,6,3,5,5,1,1,2,36,2,2,0.0,0.0,0.0,0.0,0.0,3.0,16,1,11
56826,16,2,3,17,2,3,0,1,1,1,2,18,2,2,0.0,0.0,0.0,0.0,0.0,2.0,11,2,5
162975,16,3,1,17,6,3,0,1,1,1,2,6,2,2,0.0,0.0,0.0,0.0,0.0,2.0,19,4,11
188169,16,2,3,0,8,3,0,1,0,1,2,9,2,2,0.0,0.0,0.0,0.0,0.0,2.0,13,1,12
143997,15,2,3,17,8,3,0,1,1,1,2,36,2,2,0.0,0.0,0.0,0.0,0.0,2.0,12,6,10
67477,15,2,3,17,8,3,0,1,1,1,2,36,2,2,0.0,0.0,0.0,0.0,0.0,2.0,17,3,5
134302,16,2,3,17,8,3,0,1,1,1,2,24,2,2,0.0,0.0,0.0,0.0,0.0,2.0,13,4,9
172846,16,7,4,17,2,3,6,1,0,1,2,18,2,3,2.0,0.0,0.0,2.0,0.0,2.0,17,1,12
27446,16,7,1,3,6,3,6,1,0,1,2,11,2,3,2.0,0.0,0.0,1.0,1.0,1.0,0,7,2
164717,16,2,3,0,8,3,0,1,0,1,2,18,2,4,2.0,0.0,0.0,0.0,2.0,2.0,12,7,11
80330,16,2,3,15,2,3,0,1,0,1,2,22,2,4,1.0,0.0,0.0,0.0,1.0,2.0,14,1,6
77923,15,2,3,0,8,3,0,1,0,1,2,18,2,2,0.0,0.0,0.0,0.0,0.0,3.0,19,7,6
143247,15,2,3,13,6,3,0,1,1,1,2,21,2,2,0.0,0.0,0.0,0.0,0.0,2.0,9,3,10
26794,16,10,3,17,2,3,4,1,0,1,2,17,2,4,1.0,0.0,0.0,0.0,1.0,3.0,15,3,2
146343,16,7,3,0,6,3,6,5,0,1,2,6,2,4,1.0,0.0,0.0,0.0,1.0,2.0,12,3,10
140909,17,11,5,0,6,3,5,5,0,1,2,36,2,2,0.0,0.0,0.0,0.0,0.0,2.0,6,6,10
64964,16,2,1,0,6,3,0,1,0,1,2,6,2,4,1.0,0.0,0.0,0.0,1.0,2.0,19,5,5
109542,16,2,3,17,1,3,0,1,1,1,0,36,2,2,0.0,0.0,0.0,0.0,0.0,2.0,13,4,8
124992,16,2,1,17,8,3,0,1,0,1,2,18,2,3,1.0,0.0,0.0,1.0,0.0,1.0,20,7,9
151367,15,2,3,0,6,3,0,1,0,1,2,36,2,2,0.0,0.0,0.0,0.0,0.0,2.0,11,2,10
31144,16,2,1,0,3,3,0,1,1,1,2,6,2,2,0.0,0.0,0.0,0.0,0.0,2.0,1,7,3
177157,16,2,3,17,8,3,0,1,1,1,2,9,2,2,0.0,0.0,0.0,0.0,0.0,2.0,12,7,12
7554,16,10,1,17,6,3,4,1,1,1,0,39,2,2,0.0,0.0,0.0,0.0,0.0,2.0,23,4,1
153519,16,3,3,17,5,3,0,1,0,1,2,3,2,3,2.0,0.0,0.0,1.0,1.0,1.0,14,2,10
113772,4,11,3,0,8,3,5,5,1,1,2,18,2,2,0.0,0.0,0.0,0.0,0.0,2.0,15,5,8
158131,16,7,3,8,11,3,6,5,0,1,0,18,2,3,1.0,0.0,0.0,1.0,0.0,1.0,16,2,11
101233,15,2,3,8,1,3,0,1,1,0,1,36,2,2,0.0,0.0,0.0,0.0,0.0,2.0,12,6,7
152773,16,2,3,10,2,3,0,1,1,1,1,19,2,2,0.0,0.0,0.0,0.0,0.0,2.0,15,3,10
160025,16,2,3,0,6,3,0,1,0,1,2,6,2,2,0.0,0.0,0.0,0.0,0.0,2.0,9,2,11
88142,16,2,3,10,6,3,0,1,1,1,2,23,2,2,0.0,0.0,0.0,0.0,0.0,3.0,11,6,7
146793,16,2,3,17,3,3,0,1,1,1,2,24,2,2,0.0,0.0,0.0,0.0,0.0,2.0,10,2,10
161425,15,2,3,10,8,3,0,1,1,0,1,19,2,2,0.0,0.0,0.0,0.0,0.0,2.0,13,1,11
182705,4,2,1,17,15,3,6,1,0,1,2,18,2,2,0.0,0.0,0.0,0.0,0.0,4.0,22,5,12
78090,15,2,3,9,2,3,0,1,0,1,0,36,2,4,1.0,0.0,0.0,0.0,1.0,1.0,13,4,6
169055,16,2,3,10,6,3,0,1,1,1,2,17,2,2,0.0,0.0,0.0,0.0,0.0,2.0,13,1,11
160914,16,10,3,10,2,3,4,1,1,1,2,39,2,2,0.0,0.0,0.0,0.0,0.0,3.0,10,6,11
121079,15,2,1,0,6,3,0,1,1,1,2,18,2,2,0.0,0.0,0.0,0.0,0.0,2.0,22,1,9
43863,16,2,3,17,6,3,0,1,0,1,2,36,2,3,1.0,0.0,0.0,1.0,0.0,1.0,15,1,4
10108,15,3,3,17,8,3,0,1,1,1,2,18,2,2,0.0,0.0,0.0,0.0,0.0,2.0,11,1,1
85411,16,2,3,2,6,3,0,1,0,1,2,6,1,2,0.0,0.0,0.0,0.0,0.0,2.0,5,6,6
70838,16,2,3,10,2,3,0,1,1,1,2,19,2,2,0.0,0.0,0.0,0.0,0.0,3.0,12,5,5
126092,16,2,1,17,8,3,0,1,1,1,0,19,2,2,0.0,0.0,0.0,0.0,0.0,2.0,21,2,9
2686,4,2,3,17,1,3,0,1,0,1,2,18,2,2,0.0,0.0,0.0,0.0,0.0,2.0,16,5,1
14666,4,2,3,10,2,3,0,1,1,1,1,17,2,2,0.0,0.0,0.0,0.0,0.0,2.0,8,4,1
136700,16,2,1,15,2,3,0,1,1,1,2,17,2,2,0.0,0.0,0.0,0.0,0.0,2.0,21,1,9
164590,15,10,3,10,6,3,6,1,1,1,1,19,2,2,0.0,0.0,0.0,0.0,0.0,2.0,9,4,11
35425,15,2,3,0,8,3,0,1,1,1,1,18,2,2,0.0,0.0,0.0,0.0,0.0,2.0,15,7,3
34158,16,2,1,10,5,3,0,1,0,1,2,30,2,2,0.0,0.0,0.0,0.0,0.0,2.0,0,1,3
33370,16,2,1,15,2,3,0,5,1,1,1,18,2,2,0.0,0.0,0.0,0.0,0.0,3.0,19,1,3
120488,16,7,3,10,3,3,6,5,0,1,1,18,2,4,1.0,0.0,0.0,0.0,1.0,1.0,13,5,9
99602,16,7,1,15,3,3,6,1,0,1,2,24,2,2,0.0,0.0,0.0,0.0,0.0,2.0,2,1,7
139128,4,2,3,17,2,3,0,1,1,1,2,36,2,2,0.0,0.0,0.0,0.0,0.0,2.0,11,1,10
81937,16,2,1,10,6,3,5,5,1,1,2,36,2,2,0.0,0.0,0.0,0.0,0.0,3.0,0,1,6
139925,16,2,1,9,8,3,0,1,0,1,2,18,2,3,1.0,0.0,0.0,1.0,0.0,1.0,19,5,10
15301,16,2,3,10,2,3,0,1,1,1,2,17,2,2,0.0,0.0,0.0,0.0,0.0,2.0,14,2,2
124331,16,2,4,15,8,3,0,1,1,0,1,22,2,2,0.0,0.0,0.0,0.0,0.0,2.0,20,7,9
116569,4,2,3,17,8,3,0,1,1,1,2,26,2,2,0.0,0.0,0.0,0.0,0.0,2.0,7,5,8
71577,16,2,4,10,6,3,0,1,1,1,2,19,2,2,0.0,0.0,0.0,0.0,0.0,3.0,20,3,5
134346,4,2,3,15,10,3,0,1,1,0,2,23,2,2,0.0,0.0,0.0,0.0,0.0,2.0,8,4,9
97579,4,2,3,0,6,3,0,5,1,1,2,18,2,2,0.0,0.0,0.0,0.0,0.0,2.0,13,6,7
151974,15,2,1,9,6,3,0,5,0,1,0,36,2,4,1.0,0.0,0.0,0.0,1.0,1.0,0,3,10
157470,16,7,3,9,8,3,6,1,0,1,2,12,2,3,1.0,0.0,0.0,1.0,0.0,1.0,9,7,11
37563,15,2,3,0,6,3,0,1,0,1,2,18,2,2,0.0,0.0,0.0,0.0,0.0,3.0,11,4,3
12315,16,7,0,10,6,3,6,5,1,1,2,19,2,2,0.0,0.0,0.0,0.0,0.0,2.0,4,5,1
185206,16,2,0,0,9,3,0,1,0,1,2,18,2,4,1.0,0.0,0.0,0.0,1.0,2.0,23,2,12
168844,16,7,1,15,1,3,6,1,1,1,2,22,2,2,0.0,0.0,0.0,0.0,0.0,3.0,18,3,11
63884,4,2,5,17,11,3,0,1,1,1,2,24,2,2,0.0,0.0,0.0,0.0,0.0,3.0,0,1,5
164449,16,2,1,0,6,3,0,1,0,1,2,6,2,2,0.0,0.0,0.0,0.0,0.0,2.0,21,2,11
100589,16,2,3,0,6,3,0,5,1,1,2,36,2,2,0.0,0.0,0.0,0.0,0.0,3.0,9,2,7
116047,16,2,1,17,6,3,0,1,1,1,2,36,2,2,0.0,0.0,0.0,0.0,0.0,2.0,23,4,8
90343,16,2,3,17,6,3,0,1,1,1,2,24,2,2,0.0,0.0,0.0,0.0,0.0,2.0,18,6,7
143377,16,2,3,10,8,3,0,1,1,1,1,19,2,2,0.0,0.0,0.0,0.0,0.0,2.0,12,3,10
178208,15,2,3,0,8,3,5,5,0,1,2,36,2,4,1.0,0.0,0.0,0.0,1.0,2.0,15,4,12
92001,16,2,3,17,8,3,0,1,0,1,2,15,2,2,0.0,0.0,0.0,0.0,0.0,2.0,20,2,7
74605,16,2,3,17,8,3,0,1,1,1,1,36,2,2,0.0,0.0,0.0,0.0,0.0,3.0,13,7,6
53186,16,2,3,10,10,3,0,1,1,1,2,19,2,2,0.0,0.0,0.0,0.0,0.0,2.0,14,1,4
137945,4,2,3,10,16,3,0,5,0,1,1,17,2,2,0.0,0.0,0.0,0.0,0.0,3.0,12,6,10
93970,16,2,3,10,2,3,0,1,1,1,1,21,2,2,0.0,0.0,0.0,0.0,0.0,2.0,17,4,7
103557,16,2,3,15,8,3,0,1,1,1,2,22,2,2,0.0,0.0,0.0,0.0,0.0,2.0,6,4,7
43349,16,2,1,0,18,3,0,1,0,1,2,6,2,3,1.0,0.0,0.0,1.0,0.0,1.0,20,6,4
56948,16,11,5,17,6,3,5,5,0,1,2,36,2,4,1.0,0.0,0.0,0.0,1.0,1.0,11,5,5
5010,15,2,3,9,8,3,0,1,0,1,1,36,2,3,1.0,0.0,0.0,1.0,0.0,1.0,13,6,1
16702,16,2,3,0,6,3,6,1,1,1,2,18,2,2,0.0,0.0,0.0,0.0,0.0,4.0,10,6,2
107216,16,2,3,17,8,3,0,1,0,1,2,23,2,3,1.0,0.0,0.0,1.0,0.0,1.0,7,2,8
63508,16,7,3,10,2,3,6,1,1,1,2,2,2,2,0.0,0.0,0.0,0.0,0.0,2.0,10,2,5
144814,4,2,3,17,8,3,0,1,0,1,2,36,2,2,0.0,0.0,0.0,0.0,0.0,2.0,9,1,10
188969,16,2,4,0,6,3,0,1,0,1,2,6,2,2,0.0,0.0,0.0,0.0,0.0,4.0,2,1,12
159181,15,2,3,0,8,3,0,1,0,0,1,18,2,4,1.0,0.0,0.0,0.0,1.0,1.0,14,2,11
106540,16,7,3,13,11,3,6,5,0,1,2,36,2,2,0.0,0.0,0.0,0.0,0.0,2.0,13,7,8
174578,16,3,3,17,8,3,0,1,1,1,1,12,2,2,0.0,0.0,0.0,0.0,0.0,2.0,11,7,12
48112,16,7,3,17,8,3,6,1,0,1,2,36,2,2,0.0,0.0,0.0,0.0,0.0,2.0,16,7,4
133971,4,3,3,2,10,3,0,1,1,1,1,26,1,2,0.0,0.0,0.0,0.0,0.0,1.0,8,7,9
139351,15,2,3,0,8,3,0,1,0,1,2,18,2,1,1.0,0.0,1.0,0.0,0.0,1.0,13,4,10
131399,4,2,3,17,8,3,0,1,1,1,2,18,2,2,0.0,0.0,0.0,0.0,0.0,2.0,10,5,9
96560,16,2,4,15,8,3,0,1,1,1,1,22,2,2,0.0,0.0,0.0,0.0,0.0,2.0,21,4,7
74068,16,2,1,0,8,3,0,1,1,1,0,17,2,2,0.0,0.0,0.0,0.0,0.0,2.0,0,4,6
180549,16,2,3,0,6,3,0,1,0,1,2,6,2,3,1.0,0.0,0.0,1.0,0.0,2.0,12,5,12
59310,16,2,3,17,6,3,0,1,0,1,2,18,2,4,1.0,0.0,0.0,0.0,1.0,2.0,5,7,5
125913,16,2,3,15,6,3,0,1,1,1,1,36,2,2,0.0,0.0,0.0,0.0,0.0,3.0,17,1,9
110777,17,11,5,17,6,3,5,5,1,1,2,36,2,2,0.0,0.0,0.0,0.0,0.0,2.0,18,1,8
64857,16,2,3,10,8,3,5,5,1,1,2,19,2,2,0.0,0.0,0.0,0.0,0.0,2.0,13,4,5
121443,15,2,3,0,6,3,0,1,1,1,2,18,2,2,0.0,0.0,0.0,0.0,0.0,2.0,15,6,9
115975,16,2,1,0,6,3,0,1,1,1,2,6,2,2,0.0,0.0,0.0,0.0,0.0,2.0,21,3,8
50679,4,2,3,7,15,3,0,1,1,1,1,36,2,2,0.0,0.0,0.0,0.0,0.0,1.0,17,6,4
137670,15,2,3,0,2,3,0,1,0,1,2,5,4,3,1.0,0.0,0.0,1.0,0.0,3.0,13,2,10
61009,15,2,3,9,15,3,0,1,0,1,0,26,2,4,1.0,0.0,0.0,0.0,1.0,1.0,7,6,5
115715,16,2,3,10,8,3,0,1,1,1,2,19,2,2,0.0,0.0,0.0,0.0,0.0,2.0,10,5,8
87140,17,2,3,15,8,3,5,5,1,1,1,23,2,2,0.0,0.0,0.0,0.0,0.0,3.0,19,5,6
176227,15,2,3,17,8,3,0,1,1,1,2,36,3,2,0.0,0.0,0.0,0.0,0.0,3.0,15,4,12
50887,16,2,3,0,6,3,0,1,0,1,2,18,2,2,0.0,0.0,0.0,0.0,0.0,2.0,19,7,4
49066,16,10,3,0,8,3,4,1,0,1,2,6,2,4,1.0,0.0,0.0,0.0,1.0,1.0,6,2,4
122104,15,2,3,0,6,3,0,5,1,1,2,18,2,2,0.0,0.0,0.0,0.0,0.0,2.0,13,3,9
66139,4,7,0,7,8,3,6,1,0,1,2,22,2,3,2.0,0.0,0.0,1.0,1.0,0.0,9,2,5
101742,16,2,3,8,6,3,0,1,0,1,2,6,2,1,1.0,0.0,1.0,0.0,0.0,2.0,12,5,7
179481,4,2,0,17,2,3,0,1,0,1,2,36,2,2,0.0,0.0,0.0,0.0,0.0,2.0,18,4,12
140547,16,2,3,10,8,3,0,1,1,1,2,12,2,2,0.0,0.0,0.0,0.0,0.0,2.0,13,7,10
18496,16,2,3,17,10,3,0,1,1,1,2,22,2,2,0.0,0.0,0.0,0.0,0.0,2.0,9,7,2
47390,4,2,3,9,2,3,0,1,0,0,0,18,3,1,2.0,0.0,2.0,0.0,0.0,1.0,17,3,4
37462,15,2,3,17,16,3,0,1,1,1,1,24,2,2,0.0,0.0,0.0,0.0,0.0,3.0,16,2,3
75372,4,2,3,17,15,3,0,1,0,1,2,24,2,3,2.0,0.0,0.0,2.0,0.0,0.0,17,4,6
612,16,2,1,17,8,3,0,1,0,1,2,18,2,2,0.0,0.0,0.0,0.0,0.0,2.0,22,3,1
64586,15,2,3,0,2,3,0,1,0,1,2,18,2,2,0.0,0.0,0.0,0.0,0.0,2.0,9,5,5
91017,16,2,1,17,6,3,0,1,1,1,0,18,2,2,0.0,0.0,0.0,0.0,0.0,5.0,1,1,7
168726,16,2,1,10,8,3,0,1,0,1,2,9,2,2,0.0,0.0,0.0,0.0,0.0,5.0,19,7,11
65628,4,7,3,17,8,3,6,1,1,1,1,18,2,2,0.0,0.0,0.0,0.0,0.0,10.0,13,1,5
147752,16,2,3,10,3,3,0,1,1,1,2,19,2,2,0.0,0.0,0.0,0.0,0.0,2.0,7,2,10
134371,15,2,3,8,6,3,0,1,0,1,1,36,2,3,1.0,0.0,0.0,1.0,0.0,1.0,14,6,9
9300,16,2,3,0,6,3,0,1,0,1,2,6,2,2,0.0,0.0,0.0,0.0,0.0,2.0,16,1,1
20957,16,2,3,17,6,3,0,1,0,1,2,36,4,3,1.0,0.0,0.0,1.0,0.0,6.0,16,2,2
31321,15,2,3,0,2,3,0,5,0,1,2,18,2,2,0.0,0.0,0.0,0.0,0.0,5.0,7,3,3
50644,4,2,3,17,2,3,0,1,1,1,2,36,2,2,0.0,0.0,0.0,0.0,0.0,2.0,11,4,4
73048,16,2,1,0,6,3,0,1,0,1,2,6,2,3,2.0,0.0,0.0,1.0,1.0,2.0,23,4,6
33240,16,2,1,2,6,3,6,1,0,1,2,36,1,2,0.0,0.0,0.0,0.0,0.0,1.0,3,7,3
25451,15,2,3,10,2,3,0,1,1,1,1,19,2,2,0.0,0.0,0.0,0.0,0.0,2.0,11,1,2
169480,16,2,1,0,16,3,0,1,0,1,2,18,2,4,1.0,0.0,0.0,0.0,1.0,3.0,18,6,11
116068,4,2,3,17,15,3,0,1,0,1,0,18,2,3,1.0,0.0,0.0,1.0,0.0,1.0,14,6,8
163432,15,2,3,0,8,3,0,1,0,1,1,18,2,3,5.0,0.0,0.0,5.0,0.0,0.0,15,3,11
56412,16,7,3,17,8,3,6,1,1,1,2,24,2,2,0.0,0.0,0.0,0.0,0.0,3.0,11,2,5
93605,16,2,3,15,8,3,0,1,1,1,1,36,2,2,0.0,0.0,0.0,0.0,0.0,4.0,19,6,7
160670,16,2,3,15,2,3,0,1,1,1,1,36,2,2,0.0,0.0,0.0,0.0,0.0,3.0,15,5,11
32966,15,2,1,9,8,3,0,1,0,1,0,36,2,3,1.0,0.0,0.0,1.0,0.0,1.0,19,1,3
166542,15,2,3,0,8,3,0,1,0,1,2,18,2,3,2.0,0.0,0.0,2.0,0.0,0.0,14,3,11
55051,4,7,3,17,2,3,6,5,1,1,2,36,2,2,0.0,0.0,0.0,0.0,0.0,2.0,10,7,4
89277,16,2,3,0,6,3,5,5,1,1,2,26,2,2,0.0,0.0,0.0,0.0,0.0,3.0,13,4,7
48401,16,2,1,17,8,3,0,1,1,1,2,6,2,2,0.0,0.0,0.0,0.0,0.0,2.0,4,6,4
181925,15,2,1,17,8,3,0,1,1,1,1,36,2,2,0.0,0.0,0.0,0.0,0.0,2.0,18,2,12
38110,16,2,3,17,10,3,0,1,1,1,0,24,2,2,0.0,0.0,0.0,0.0,0.0,2.0,15,6,3
8444,16,11,0,10,8,3,0,5,1,1,2,23,2,2,0.0,0.0,0.0,0.0,0.0,2.0,18,3,1
7778,4,2,3,14,8,3,0,1,1,0,2,36,2,2,0.0,0.0,0.0,0.0,0.0,2.0,7,5,1
106187,16,2,1,7,8,3,0,1,1,1,1,36,2,2,0.0,0.0,0.0,0.0,0.0,1.0,21,7,8
174477,15,2,0,9,8,3,0,1,0,1,0,36,2,4,1.0,0.0,0.0,0.0,1.0,1.0,17,5,12
47171,15,2,1,0,8,3,0,1,0,1,2,18,2,2,0.0,0.0,0.0,0.0,0.0,2.0,19,5,4
7095,16,2,1,9,8,3,6,1,0,1,0,36,2,1,1.0,0.0,1.0,0.0,0.0,1.0,18,2,1
134665,15,7,3,17,6,3,6,1,0,1,2,5,2,2,0.0,0.0,0.0,0.0,0.0,2.0,7,2,9
177865,16,2,3,10,8,3,0,1,1,1,0,36,2,2,0.0,0.0,0.0,0.0,0.0,2.0,15,4,12
175472,15,2,4,17,8,3,0,1,0,1,2,5,2,2,0.0,0.0,0.0,0.0,0.0,2.0,17,5,12
181497,4,2,3,0,15,3,0,5,0,1,2,18,2,2,0.0,0.0,0.0,0.0,0.0,2.0,9,3,12
179805,16,2,1,2,15,3,0,1,1,1,2,36,1,2,0.0,0.0,0.0,0.0,0.0,1.0,18,3,12
70758,16,2,1,10,3,3,0,1,0,1,0,17,2,3,1.0,0.0,0.0,1.0,0.0,1.0,22,4,5
137051,16,3,0,15,3,3,0,1,1,1,0,36,2,2,0.0,0.0,0.0,0.0,0.0,2.0,18,6,9
64834,16,7,1,17,8,3,6,1,1,1,2,18,2,2,0.0,0.0,0.0,0.0,0.0,5.0,20,3,5
179246,16,2,1,10,8,3,0,1,1,1,1,19,2,2,0.0,0.0,0.0,0.0,0.0,2.0,15,3,12
183625,16,2,3,17,2,3,0,5,1,1,1,36,2,2,0.0,0.0,0.0,0.0,0.0,3.0,14,5,12
174955,16,2,1,15,10,3,0,1,1,1,2,18,2,2,0.0,0.0,0.0,0.0,0.0,2.0,18,4,12
78147,15,2,3,0,2,3,0,1,0,1,2,36,2,2,0.0,0.0,0.0,0.0,0.0,2.0,10,4,6
121008,16,2,3,17,6,3,0,1,0,1,2,22,2,3,2.0,0.0,0.0,2.0,0.0,1.0,12,6,9
39114,16,7,3,10,8,3,6,5,1,1,1,36,2,2,0.0,0.0,0.0,0.0,0.0,4.0,13,5,3
50619,4,2,3,0,10,3,0,1,1,1,2,36,2,2,0.0,0.0,0.0,0.0,0.0,2.0,19,4,4
66676,15,2,3,17,2,3,0,1,1,1,2,24,2,2,0.0,0.0,0.0,0.0,0.0,2.0,17,4,5
130165,16,2,1,17,8,3,0,1,0,1,1,15,2,2,0.0,0.0,0.0,0.0,0.0,2.0,0,2,9
80857,16,2,3,17,8,3,0,5,0,1,2,36,2,2,0.0,0.0,0.0,0.0,0.0,2.0,13,2,6
72185,15,2,3,0,6,3,0,1,0,1,2,5,2,2,0.0,0.0,0.0,0.0,0.0,3.0,9,5,6
13747,4,3,1,3,10,3,0,1,1,1,2,11,2,2,0.0,0.0,0.0,0.0,0.0,2.0,21,1,1
70754,15,2,1,0,8,3,6,5,0,1,2,11,2,2,0.0,0.0,0.0,0.0,0.0,2.0,21,4,5
51268,15,2,0,2,2,3,0,1,0,1,2,17,1,2,0.0,0.0,0.0,0.0,0.0,1.0,3,7,4
14328,15,2,1,17,6,4,0,1,1,1,2,18,2,2,0.0,0.0,0.0,0.0,0.0,2.0,17,5,1
173287,4,2,0,15,2,3,0,1,1,0,2,36,2,2,0.0,0.0,0.0,0.0,0.0,5.0,19,1,12
121577,16,2,1,17,6,3,0,5,0,1,2,24,2,3,2.0,0.0,0.0,2.0,0.0,0.0,2,2,9
86502,15,2,3,0,8,3,6,5,0,1,2,36,3,2,0.0,0.0,0.0,0.0,0.0,5.0,17,2,6
31057,15,10,0,0,8,3,0,1,0,1,2,18,2,2,0.0,0.0,0.0,0.0,0.0,3.0,20,4,3
19499,16,2,3,10,18,3,5,1,1,1,2,36,2,2,0.0,0.0,0.0,0.0,0.0,2.0,7,5,2
22929,15,2,3,0,8,3,6,1,1,1,2,38,2,2,0.0,0.0,0.0,0.0,0.0,2.0,8,6,2
148602,4,2,3,10,8,3,0,1,1,0,2,19,2,2,0.0,0.0,0.0,0.0,0.0,2.0,16,3,10
173205,16,2,3,15,8,3,0,1,1,1,0,36,2,2,0.0,0.0,0.0,0.0,0.0,2.0,11,2,12
83228,16,7,1,9,10,3,6,1,0,1,2,39,2,3,1.0,0.0,0.0,1.0,0.0,2.0,7,6,6
164026,16,7,2,17,6,3,6,5,0,1,2,36,3,2,0.0,0.0,0.0,0.0,0.0,3.0,20,3,11
11197,15,10,3,10,8,3,4,1,1,0,1,39,2,2,0.0,0.0,0.0,0.0,0.0,2.0,8,5,1
87813,16,2,1,17,2,3,0,1,1,1,2,24,2,2,0.0,0.0,0.0,0.0,0.0,4.0,20,7,7
100249,16,2,3,15,2,3,0,1,1,1,1,18,2,2,0.0,0.0,0.0,0.0,0.0,2.0,8,3,7
188490,15,2,3,17,10,3,0,1,1,1,2,36,2,2,0.0,0.0,0.0,0.0,0.0,2.0,13,2,12