crash_date,               traffic_control_device,weather_condition,lighting_condition,first_crash_type,trafficway_type,alignment,roadway_surface_cond,road_defect,crash_type,intersection_related_i,damage,prim_contributory_cause,num_units,most_severe_injury,injuries_total,injuries_fatal,injuries_incapacitating,injuries_non_incapacitating,injuries_reported_not_evident,injuries_no_indication,crash_hour,crash_day_of_week,crash_month
81015,16,2,1,15,10,3,6,1,1,1,1,24,2,2,0.0,0.0,0.0,0.0,0.0,5.0,20,2,6
44037,16,7,3,10,8,3,6,1,0,1,1,19,2,4,1.0,0.0,0.0,0.0,1.0,1.0,13,5,4
34240,16,2,3,9,8,3,0,1,0,1,1,6,2,3,1.0,0.0,0.0,1.0,0.0,1.0,14,4,3
111914,16,7,3,0,5,3,6,1,0,1,2,36,5,3,1.0,0.0,0.0,1.0,0.0,6.0,12,5,8
103754,16,2,3,3,8,3,0,1,1,1,2,22,3,2,0.0,0.0,0.0,0.0,0.0,4.0,15,1,7
1455,16,2,1,9,8,3,0,5,0,1,2,36,2,3,1.0,0.0,0.0,1.0,0.0,1.0,22,6,1
65369,16,2,1,17,8,3,5,5,0,1,1,3,2,3,1.0,0.0,0.0,1.0,0.0,1.0,3,5,5
84627,15,2,3,0,8,3,0,1,0,1,2,18,2,2,0.0,0.0,0.0,0.0,0.0,2.0,13,2,6
40874,16,2,3,17,6,3,0,2,0,1,2,36,2,3,2.0,0.0,0.0,1.0,1.0,0.0,14,3,3
62320,16,2,3,17,3,3,0,5,0,1,2,18,2,2,0.0,0.0,0.0,0.0,0.0,3.0,18,5,5
76879,4,2,3,0,18,3,0,5,0,1,2,18,2,3,2.0,0.0,0.0,1.0,1.0,0.0,10,5,6
39458,16,2,0,17,1,3,5,5,1,1,2,36,2,2,0.0,0.0,0.0,0.0,0.0,2.0,23,2,3
94503,16,7,1,10,8,3,6,1,0,1,2,39,2,4,2.0,0.0,0.0,0.0,2.0,0.0,23,7,7
20098,15,2,3,14,2,3,0,1,1,1,0,23,2,2,0.0,0.0,0.0,0.0,0.0,2.0,13,6,2
31512,16,2,3,10,8,3,0,1,0,1,2,17,2,3,1.0,0.0,0.0,1.0,0.0,1.0,12,5,3
17281,16,2,3,10,6,3,0,1,0,1,2,21,2,3,3.0,0.0,0.0,3.0,0.0,0.0,13,2,2
75000,4,2,3,0,8,3,0,1,0,1,2,11,2,3,1.0,0.0,0.0,1.0,0.0,4.0,18,4,6
183290,4,2,1,2,8,3,0,1,0,1,1,17,1,1,1.0,0.0,1.0,0.0,0.0,1.0,1,1,12
91437,15,2,3,0,8,3,5,5,1,1,1,36,2,2,0.0,0.0,0.0,0.0,0.0,2.0,15,7,7
168660,4,2,0,10,10,3,0,1,1,1,0,8,2,2,0.0,0.0,0.0,0.0,0.0,2.0,4,6,11
171799,16,7,3,15,3,3,6,1,1,1,2,36,2,2,0.0,0.0,0.0,0.0,0.0,4.0,7,7,11
32178,15,2,3,0,15,3,0,1,0,1,2,18,2,3,1.0,0.0,0.0,1.0,0.0,1.0,14,3,3
91873,15,2,3,17,2,3,0,1,0,1,2,17,2,3,1.0,0.0,0.0,1.0,0.0,1.0,18,2,7
162037,15,6,3,10,15,3,1,5,1,1,2,39,2,2,0.0,0.0,0.0,0.0,0.0,4.0,7,3,11
107292,4,2,1,17,2,3,0,1,1,1,1,23,2,2,0.0,0.0,0.0,0.0,0.0,2.0,21,3,8
163372,16,2,1,10,6,3,0,1,0,1,2,28,3,2,0.0,0.0,0.0,0.0,0.0,3.0,4,2,11
30792,16,2,3,17,6,3,0,1,1,1,2,22,2,2,0.0,0.0,0.0,0.0,0.0,4.0,11,7,3
118075,4,2,1,17,6,3,0,1,0,1,2,24,3,3,3.0,0.0,0.0,2.0,1.0,4.0,19,7,8
59253,4,2,3,7,10,3,0,1,1,0,0,36,2,2,0.0,0.0,0.0,0.0,0.0,1.0,9,6,5
32390,4,2,1,0,6,3,5,5,1,1,2,36,3,2,0.0,0.0,0.0,0.0,0.0,4.0,17,7,3
173834,4,2,3,0,8,3,0,1,1,1,0,24,2,2,0.0,0.0,0.0,0.0,0.0,2.0,15,3,12
134139,15,2,3,17,2,3,0,1,1,1,2,18,2,2,0.0,0.0,0.0,0.0,0.0,2.0,17,6,9
141154,16,2,1,9,1,3,6,1,0,1,0,18,2,3,1.0,0.0,0.0,1.0,0.0,1.0,6,1,10
40046,15,2,3,0,6,3,0,1,0,1,2,18,2,3,1.0,0.0,0.0,1.0,0.0,1.0,15,1,3
49110,15,2,3,8,8,3,0,1,0,1,0,5,2,3,1.0,0.0,0.0,1.0,0.0,1.0,16,3,4
161296,16,2,1,10,6,3,0,1,1,1,0,19,2,2,0.0,0.0,0.0,0.0,0.0,2.0,17,1,11
125212,16,2,3,15,8,3,0,1,0,0,2,19,2,3,1.0,0.0,0.0,1.0,0.0,1.0,7,5,9
51743,15,2,3,0,6,3,0,1,0,1,2,18,2,3,1.0,0.0,0.0,1.0,0.0,1.0,17,2,4
174042,15,2,1,0,8,3,0,1,1,1,1,5,2,2,0.0,0.0,0.0,0.0,0.0,2.0,3,7,12
166668,16,2,3,3,2,3,0,5,0,1,2,12,2,4,2.0,0.0,0.0,0.0,2.0,0.0,15,6,11
29452,16,2,1,10,2,3,0,1,1,1,1,36,2,2,0.0,0.0,0.0,0.0,0.0,4.0,20,5,3
149053,16,2,1,17,6,3,0,1,0,1,2,18,2,2,0.0,0.0,0.0,0.0,0.0,2.0,19,6,10
128897,16,2,0,15,10,3,0,1,1,1,1,26,2,2,0.0,0.0,0.0,0.0,0.0,2.0,22,4,9
11167,15,10,3,0,2,3,6,5,0,1,1,5,2,2,0.0,0.0,0.0,0.0,0.0,2.0,15,5,1
157119,15,2,3,17,6,3,0,1,1,1,2,12,2,2,0.0,0.0,0.0,0.0,0.0,2.0,9,3,11
165638,16,2,0,10,6,3,0,1,1,1,1,19,2,2,0.0,0.0,0.0,0.0,0.0,2.0,17,5,11
183186,16,2,3,17,2,3,0,1,1,1,1,23,2,2,0.0,0.0,0.0,0.0,0.0,2.0,10,5,12
136192,16,7,3,15,6,3,6,1,1,1,2,23,2,2,0.0,0.0,0.0,0.0,0.0,2.0,8,2,9
139236,16,2,3,17,6,3,0,1,1,1,0,35,2,2,0.0,0.0,0.0,0.0,0.0,2.0,7,3,10
33288,4,2,1,2,8,3,5,1,0,0,2,36,1,2,0.0,0.0,0.0,0.0,0.0,1.0,0,7,3
48835,15,2,3,7,15,3,0,1,1,1,2,36,2,2,0.0,0.0,0.0,0.0,0.0,1.0,9,6,4
55368,16,2,1,17,6,3,5,5,1,1,0,24,2,2,0.0,0.0,0.0,0.0,0.0,2.0,22,6,4
21955,17,2,3,17,8,3,0,5,0,1,2,18,2,2,0.0,0.0,0.0,0.0,0.0,2.0,14,4,2
33188,16,2,1,10,8,3,0,1,1,1,2,36,2,2,0.0,0.0,0.0,0.0,0.0,2.0,19,6,3
145271,16,7,3,10,3,3,6,1,1,1,2,17,2,2,0.0,0.0,0.0,0.0,0.0,3.0,10,7,10
156607,4,2,3,0,10,3,0,1,1,1,2,18,2,2,0.0,0.0,0.0,0.0,0.0,2.0,12,2,11
68950,16,2,3,15,8,3,0,1,1,1,2,22,2,2,0.0,0.0,0.0,0.0,0.0,2.0,15,5,5
62507,4,2,3,17,2,3,0,1,1,1,2,36,2,2,0.0,0.0,0.0,0.0,0.0,3.0,11,7,5
160042,4,2,1,0,6,3,0,1,1,1,2,3,2,2,0.0,0.0,0.0,0.0,0.0,2.0,0,2,11
162264,4,2,1,7,10,3,0,6,1,0,2,12,2,2,0.0,0.0,0.0,0.0,0.0,1.0,17,7,11
48205,15,7,0,17,8,3,6,1,0,1,2,18,2,2,0.0,0.0,0.0,0.0,0.0,2.0,19,1,4
48237,16,2,3,0,8,3,0,1,0,1,2,3,2,2,0.0,0.0,0.0,0.0,0.0,2.0,14,3,4
125913,15,2,3,17,15,3,0,1,1,1,2,36,2,2,0.0,0.0,0.0,0.0,0.0,2.0,17,1,9
113084,16,2,1,17,8,3,0,1,1,1,2,23,2,2,0.0,0.0,0.0,0.0,0.0,2.0,22,6,8
167359,16,7,3,17,6,3,6,1,1,1,2,36,2,2,0.0,0.0,0.0,0.0,0.0,5.0,9,1,11
140336,16,7,3,17,2,3,6,1,0,1,2,6,2,3,1.0,0.0,0.0,1.0,0.0,1.0,8,5,10
108899,16,2,3,0,6,3,0,1,0,1,2,18,3,2,0.0,0.0,0.0,0.0,0.0,2.0,20,7,8
109588,4,7,3,17,2,3,6,1,1,1,2,18,2,2,0.0,0.0,0.0,0.0,0.0,2.0,11,4,8
46117,15,2,4,17,10,3,0,1,1,1,1,24,2,2,0.0,0.0,0.0,0.0,0.0,2.0,17,7,4
63396,16,7,3,17,6,3,6,1,1,1,2,18,3,2,0.0,0.0,0.0,0.0,0.0,3.0,11,7,5
115005,16,2,3,0,6,3,0,1,0,1,2,6,2,4,2.0,0.0,0.0,0.0,2.0,0.0,9,2,8
8654,16,2,3,10,10,3,0,3,0,1,2,17,2,4,2.0,0.0,0.0,0.0,2.0,1.0,14,5,1
125434,16,2,3,10,6,3,0,1,1,1,2,36,2,2,0.0,0.0,0.0,0.0,0.0,2.0,8,2,9
55072,16,2,3,10,3,3,0,5,1,1,2,17,2,2,0.0,0.0,0.0,0.0,0.0,6.0,14,1,4
107518,15,2,3,2,6,3,0,1,1,1,2,28,1,2,0.0,0.0,0.0,0.0,0.0,1.0,11,7,8
187527,16,2,1,10,1,3,0,1,1,1,0,36,2,2,0.0,0.0,0.0,0.0,0.0,3.0,21,3,12
117203,16,2,3,17,5,3,0,1,0,1,2,18,2,2,0.0,0.0,0.0,0.0,0.0,5.0,12,1,8
106455,16,2,1,0,3,3,0,1,0,1,1,36,2,2,0.0,0.0,0.0,0.0,0.0,3.0,22,5,8
158498,16,2,3,0,8,3,0,1,0,1,2,18,2,4,2.0,0.0,0.0,0.0,2.0,0.0,10,1,11
168238,16,7,1,0,3,3,6,1,0,1,2,18,2,2,0.0,0.0,0.0,0.0,0.0,5.0,20,6,11
15845,16,1,1,15,6,3,4,1,1,1,1,36,2,2,0.0,0.0,0.0,0.0,0.0,2.0,22,4,2
1451,15,2,3,17,8,3,4,1,1,1,2,36,2,2,0.0,0.0,0.0,0.0,0.0,2.0,8,6,1
121794,16,3,0,10,6,3,0,1,0,1,2,19,2,4,1.0,0.0,0.0,0.0,1.0,3.0,19,3,9
137767,16,2,3,17,6,3,0,1,0,1,2,17,2,3,1.0,0.0,0.0,1.0,0.0,1.0,17,3,10
70577,16,2,3,17,6,3,0,1,1,1,2,36,2,2,0.0,0.0,0.0,0.0,0.0,5.0,16,4,5
7179,16,2,1,2,6,3,0,1,0,1,2,37,1,2,0.0,0.0,0.0,0.0,0.0,1.0,3,4,1
99253,16,2,3,10,2,3,0,4,1,1,1,8,2,2,0.0,0.0,0.0,0.0,0.0,3.0,10,1,7
97707,4,2,3,17,8,3,0,1,1,1,2,36,2,2,0.0,0.0,0.0,0.0,0.0,3.0,14,6,7
64892,16,2,1,10,8,3,0,1,0,1,2,36,2,4,1.0,0.0,0.0,0.0,1.0,1.0,20,4,5
18365,16,2,3,10,8,3,0,1,1,1,1,36,2,2,0.0,0.0,0.0,0.0,0.0,2.0,11,5,2
124363,16,2,3,10,2,2,0,1,1,1,0,19,2,2,0.0,0.0,0.0,0.0,0.0,2.0,10,3,9
171885,16,2,3,17,6,3,0,1,1,1,2,36,2,2,0.0,0.0,0.0,0.0,0.0,2.0,13,3,11
137139,16,2,3,15,8,3,0,1,1,1,2,23,2,2,0.0,0.0,0.0,0.0,0.0,6.0,15,1,9
40636,16,7,4,17,11,3,6,1,1,1,0,24,2,2,0.0,0.0,0.0,0.0,0.0,2.0,19,4,3
188536,4,2,3,15,12,3,0,1,1,1,2,36,2,2,0.0,0.0,0.0,0.0,0.0,2.0,11,2,12
153216,16,2,3,3,6,3,0,5,1,1,1,6,2,2,0.0,0.0,0.0,0.0,0.0,3.0,14,6,10
138121,4,2,1,0,2,3,0,5,1,1,2,18,2,2,0.0,0.0,0.0,0.0,0.0,2.0,19,3,10
81153,16,2,1,15,3,3,0,5,1,1,2,6,2,2,0.0,0.0,0.0,0.0,0.0,2.0,22,5,6
83323,16,2,1,0,6,3,0,1,0,1,2,12,4,3,4.0,0.0,0.0,4.0,0.0,3.0,0,7,6
27665,16,7,1,10,8,3,6,5,1,1,2,39,2,2,0.0,0.0,0.0,0.0,0.0,2.0,19,3,2
41626,16,7,3,17,2,3,6,1,1,1,2,18,2,2,0.0,0.0,0.0,0.0,0.0,2.0,13,4,3
33200,15,2,1,0,6,3,0,1,0,1,2,18,2,2,0.0,0.0,0.0,0.0,0.0,2.0,20,6,3
123461,15,2,1,0,6,3,0,1,0,1,2,5,2,2,0.0,0.0,0.0,0.0,0.0,2.0,19,6,9
111769,16,2,3,17,8,3,0,1,0,1,2,18,2,2,0.0,0.0,0.0,0.0,0.0,2.0,18,2,8
116433,16,7,0,10,8,3,6,5,0,1,2,36,2,2,0.0,0.0,0.0,0.0,0.0,2.0,18,3,8
83452,16,2,3,15,8,3,0,1,0,1,2,12,2,2,0.0,0.0,0.0,0.0,0.0,3.0,12,3,6
130267,16,7,3,15,8,3,0,1,1,1,2,23,2,2,0.0,0.0,0.0,0.0,0.0,4.0,7,4,9
9086,4,10,3,10,8,3,4,1,1,1,2,36,2,2,0.0,0.0,0.0,0.0,0.0,4.0,7,5,1
63658,16,2,3,17,2,3,0,1,0,1,2,22,2,2,0.0,0.0,0.0,0.0,0.0,2.0,7,4,5
109926,15,2,3,17,2,3,0,1,1,1,2,23,2,2,0.0,0.0,0.0,0.0,0.0,2.0,21,1,8
14015,16,2,3,10,8,3,0,1,0,1,2,37,2,3,3.0,0.0,0.0,2.0,1.0,1.0,14,7,1
150880,17,2,3,0,6,3,5,5,0,1,2,36,2,2,0.0,0.0,0.0,0.0,0.0,2.0,17,4,10
20761,16,10,3,0,8,3,6,5,0,1,2,6,4,2,0.0,0.0,0.0,0.0,0.0,4.0,17,5,2
110742,16,2,3,10,8,3,0,1,1,1,1,36,2,2,0.0,0.0,0.0,0.0,0.0,2.0,12,7,8
174293,16,2,3,17,8,3,0,1,0,1,2,24,2,3,1.0,0.0,0.0,1.0,0.0,1.0,11,7,12
67044,4,2,3,17,15,3,0,1,1,1,1,18,2,2,0.0,0.0,0.0,0.0,0.0,2.0,12,4,5
147844,16,2,3,0,2,3,0,1,1,1,2,18,2,2,0.0,0.0,0.0,0.0,0.0,2.0,12,3,10
24605,16,2,1,3,6,3,0,1,1,1,2,6,2,2,0.0,0.0,0.0,0.0,0.0,2.0,21,6,2
135590,16,2,3,0,1,3,0,1,1,1,2,18,2,2,0.0,0.0,0.0,0.0,0.0,2.0,11,1,9
152368,4,7,3,10,8,3,6,1,1,1,1,37,2,2,0.0,0.0,0.0,0.0,0.0,2.0,15,7,10
111815,4,2,3,17,6,3,0,1,0,1,2,18,2,2,0.0,0.0,0.0,0.0,0.0,3.0,15,3,8
188205,4,6,3,10,8,4,1,5,1,1,2,39,2,2,0.0,0.0,0.0,0.0,0.0,2.0,8,1,12
44865,16,2,1,0,6,3,0,5,0,1,2,36,2,4,1.0,0.0,0.0,0.0,1.0,2.0,2,7,4
130433,15,2,3,17,2,3,0,1,1,1,1,36,2,2,0.0,0.0,0.0,0.0,0.0,2.0,12,7,9
100737,16,2,3,10,8,3,0,3,0,1,2,17,2,4,1.0,0.0,0.0,0.0,1.0,1.0,16,3,7
71383,16,2,1,7,15,3,0,1,0,1,2,14,3,2,0.0,0.0,0.0,0.0,0.0,1.0,22,6,5
105844,15,7,3,0,6,3,6,1,1,1,0,12,2,2,0.0,0.0,0.0,0.0,0.0,2.0,7,3,8
182946,16,2,3,9,6,3,0,1,0,1,0,17,2,1,1.0,0.0,1.0,0.0,0.0,1.0,12,3,12
10482,15,2,1,7,10,3,0,1,1,1,2,26,2,2,0.0,0.0,0.0,0.0,0.0,1.0,19,1,1
172315,16,7,1,15,8,3,6,5,0,1,2,23,4,2,0.0,0.0,0.0,0.0,0.0,6.0,23,7,12
53010,16,2,3,2,3,3,0,1,1,1,2,17,1,2,0.0,0.0,0.0,0.0,0.0,2.0,11,3,4
18096,15,2,3,14,8,3,0,1,1,1,2,22,2,2,0.0,0.0,0.0,0.0,0.0,4.0,9,1,2
96615,16,2,3,17,2,3,0,1,1,1,2,18,2,2,0.0,0.0,0.0,0.0,0.0,2.0,8,3,7
151201,15,2,3,0,6,3,0,1,0,1,2,18,2,1,4.0,0.0,2.0,2.0,0.0,0.0,10,7,10
54063,16,2,3,10,8,3,0,5,1,1,2,22,3,2,0.0,0.0,0.0,0.0,0.0,3.0,8,6,4
188272,4,10,1,12,18,3,4,5,1,1,1,39,3,2,0.0,0.0,0.0,0.0,0.0,3.0,23,2,12
142326,16,2,1,10,8,3,0,1,1,1,1,19,2,2,0.0,0.0,0.0,0.0,0.0,2.0,19,3,10
74325,16,2,3,17,6,3,0,1,0,1,1,24,2,2,0.0,0.0,0.0,0.0,0.0,4.0,12,2,6
113798,4,2,3,15,16,3,0,5,1,1,2,36,2,2,0.0,0.0,0.0,0.0,0.0,2.0,19,5,8
28858,16,10,1,15,8,3,6,5,1,1,2,22,2,2,0.0,0.0,0.0,0.0,0.0,4.0,0,7,3
65208,4,7,1,0,8,3,6,1,0,1,2,36,5,2,0.0,0.0,0.0,0.0,0.0,2.0,3,1,5
18513,16,2,3,10,6,3,0,1,1,1,1,17,2,2,0.0,0.0,0.0,0.0,0.0,2.0,12,7,2
3586,4,2,3,17,8,3,0,1,0,1,2,36,2,3,2.0,0.0,0.0,1.0,1.0,1.0,10,4,1
47255,16,2,1,0,2,3,0,1,1,1,2,6,2,2,0.0,0.0,0.0,0.0,0.0,3.0,21,6,4
119548,15,2,3,8,17,3,0,1,0,0,0,22,2,3,1.0,0.0,0.0,1.0,0.0,1.0,17,6,8
39333,16,3,1,15,1,3,6,1,1,1,1,36,2,2,0.0,0.0,0.0,0.0,0.0,3.0,19,7,3
139606,16,2,1,17,3,3,6,1,1,1,1,36,2,2,0.0,0.0,0.0,0.0,0.0,3.0,5,2,10
32167,15,2,1,0,6,3,0,1,0,1,2,18,2,3,2.0,0.0,0.0,2.0,0.0,1.0,0,2,3
182192,16,7,1,17,8,3,6,1,0,1,2,17,2,1,3.0,0.0,1.0,2.0,0.0,1.0,2,7,12
89197,16,2,3,15,6,3,0,1,1,1,2,36,2,2,0.0,0.0,0.0,0.0,0.0,2.0,11,1,7
155130,16,2,1,0,8,3,0,1,0,1,2,6,2,3,2.0,0.0,0.0,2.0,0.0,0.0,3,3,10
132002,16,2,3,17,3,3,0,1,0,1,2,18,2,2,0.0,0.0,0.0,0.0,0.0,3.0,12,6,9
51481,16,2,3,17,3,3,0,1,1,1,2,6,2,2,0.0,0.0,0.0,0.0,0.0,2.0,19,5,4
153962,15,2,1,0,8,3,0,1,0,1,2,36,8,2,0.0,0.0,0.0,0.0,0.0,3.0,0,1,10
124468,16,2,3,10,10,3,0,1,1,1,0,19,2,2,0.0,0.0,0.0,0.0,0.0,3.0,14,7,9
93527,4,11,3,0,11,3,5,5,1,1,1,36,2,2,0.0,0.0,0.0,0.0,0.0,2.0,8,5,7
125696,16,7,2,17,8,4,6,1,1,1,2,35,2,2,0.0,0.0,0.0,0.0,0.0,3.0,17,5,9
7371,4,10,3,9,8,3,4,1,0,1,0,14,2,3,1.0,0.0,0.0,1.0,0.0,1.0,9,7,1
106164,16,2,3,10,8,3,5,5,0,1,2,19,3,2,0.0,0.0,0.0,0.0,0.0,3.0,13,7,8
119945,16,2,3,17,1,3,0,1,1,1,2,36,2,2,0.0,0.0,0.0,0.0,0.0,2.0,13,4,8
94576,6,2,1,10,8,3,0,5,1,1,2,20,2,2,0.0,0.0,0.0,0.0,0.0,2.0,2,7,7
154216,16,2,1,17,2,3,0,1,1,1,2,22,2,2,0.0,0.0,0.0,0.0,0.0,2.0,23,6,10
157924,15,2,3,0,6,3,0,1,0,1,2,18,2,3,2.0,0.0,0.0,2.0,0.0,0.0,10,7,11
158140,15,11,5,7,8,3,5,1,1,1,2,36,2,2,0.0,0.0,0.0,0.0,0.0,1.0,18,2,11
10296,15,2,3,0,2,3,0,1,1,1,2,36,2,2,0.0,0.0,0.0,0.0,0.0,2.0,7,5,1
115252,4,2,3,17,2,3,0,1,0,1,2,18,2,2,0.0,0.0,0.0,0.0,0.0,2.0,8,5,8
24447,15,2,3,17,8,3,0,1,0,1,2,24,2,2,0.0,0.0,0.0,0.0,0.0,2.0,13,4,2
122783,4,2,3,17,8,3,0,1,1,1,2,18,2,2,0.0,0.0,0.0,0.0,0.0,3.0,16,3,9
95296,16,2,1,0,3,3,0,1,0,1,2,9,4,4,1.0,0.0,0.0,0.0,1.0,1.0,0,5,7
80689,15,2,3,9,8,3,0,1,0,1,0,5,2,4,1.0,0.0,0.0,0.0,1.0,1.0,9,5,6
55940,15,11,5,0,6,3,5,5,1,1,1,18,2,2,0.0,0.0,0.0,0.0,0.0,3.0,11,1,4
57212,16,2,1,15,6,3,5,5,0,1,2,36,4,2,0.0,0.0,0.0,0.0,0.0,2.0,1,2,5
175206,4,2,3,17,8,3,0,1,1,1,2,18,2,2,0.0,0.0,0.0,0.0,0.0,3.0,8,2,12
105417,15,2,3,0,8,4,0,1,1,1,1,18,2,2,0.0,0.0,0.0,0.0,0.0,2.0,17,4,8
166526,16,2,3,0,2,3,0,1,0,1,2,6,2,2,0.0,0.0,0.0,0.0,0.0,2.0,8,2,11
166837,4,2,1,9,10,3,0,1,0,0,0,18,2,1,1.0,0.0,1.0,0.0,0.0,1.0,20,1,11
58975,4,2,3,17,11,3,0,5,0,1,2,18,2,3,1.0,0.0,0.0,1.0,0.0,1.0,11,2,5
54428,4,2,0,17,8,3,0,1,1,1,1,18,2,2,0.0,0.0,0.0,0.0,0.0,3.0,21,5,4
130601,16,2,3,15,10,3,0,1,1,1,1,23,2,2,0.0,0.0,0.0,0.0,0.0,2.0,6,4,9
187616,15,2,3,0,8,3,6,1,0,1,2,5,2,3,1.0,0.0,0.0,1.0,0.0,1.0,14,7,12
30710,16,3,3,17,8,3,0,1,0,1,2,35,2,2,0.0,0.0,0.0,0.0,0.0,2.0,8,6,3
168305,16,2,3,15,6,3,0,1,0,1,1,17,2,3,1.0,0.0,0.0,1.0,0.0,4.0,8,7,11
63186,16,2,3,10,8,3,0,5,1,1,0,12,2,2,0.0,0.0,0.0,0.0,0.0,2.0,18,3,5
111708,16,2,1,0,6,4,0,1,0,1,2,11,2,3,4.0,0.0,0.0,1.0,3.0,1.0,4,1,8
31409,16,2,1,17,8,3,0,1,1,1,2,26,2,2,0.0,0.0,0.0,0.0,0.0,2.0,19,3,3
172672,16,2,3,10,2,3,0,1,1,1,0,36,2,2,0.0,0.0,0.0,0.0,0.0,5.0,13,1,12
146868,16,2,3,9,6,3,0,1,0,1,0,18,2,1,1.0,0.0,1.0,0.0,0.0,1.0,10,4,10
29943,16,7,0,8,8,5,6,5,0,1,0,39,2,1,1.0,0.0,1.0,0.0,0.0,1.0,17,7,3
152593,16,2,1,10,3,3,0,1,1,1,1,18,2,2,0.0,0.0,0.0,0.0,0.0,2.0,17,4,10
140099,16,2,3,10,8,3,0,1,0,0,2,36,2,1,1.0,0.0,1.0,0.0,0.0,1.0,12,7,10
114022,16,2,3,17,2,3,0,1,1,1,1,22,2,2,0.0,0.0,0.0,0.0,0.0,2.0,15,7,8
95853,16,2,1,0,6,3,0,1,0,1,2,36,3,1,1.0,0.0,1.0,0.0,0.0,3.0,4,7,7
97862,16,2,3,15,6,3,0,1,1,1,0,36,2,2,0.0,0.0,0.0,0.0,0.0,2.0,7,2,7
148201,4,2,3,0,2,3,0,1,0,1,2,12,2,3,1.0,0.0,0.0,1.0,0.0,3.0,17,7,10
58885,4,2,3,17,8,3,0,1,1,1,2,18,2,2,0.0,0.0,0.0,0.0,0.0,2.0,20,7,5
175421,16,2,3,10,2,3,0,1,1,1,2,36,2,2,0.0,0.0,0.0,0.0,0.0,2.0,12,6,12
29997,16,2,3,17,8,3,0,1,1,1,2,18,2,2,0.0,0.0,0.0,0.0,0.0,2.0,14,2,3
69169,16,2,3,15,3,3,6,1,1,1,2,23,2,2,0.0,0.0,0.0,0.0,0.0,2.0,16,6,5
70797,16,2,3,17,1,3,0,1,0,1,2,36,2,3,2.0,0.0,0.0,2.0,0.0,0.0,17,5,5
27818,16,6,3,17,1,3,0,1,0,1,2,24,2,2,0.0,0.0,0.0,0.0,0.0,2.0,16,6,2
88880,16,2,3,17,10,3,0,1,0,1,2,24,2,2,0.0,0.0,0.0,0.0,0.0,2.0,17,3,7
17022,15,1,4,17,6,3,4,1,1,1,2,36,2,2,0.0,0.0,0.0,0.0,0.0,2.0,16,4,2
132908,16,2,3,17,6,3,0,1,1,1,2,17,2,2,0.0,0.0,0.0,0.0,0.0,7.0,10,6,9
93446,16,2,3,17,8,3,0,1,1,0,2,19,2,2,0.0,0.0,0.0,0.0,0.0,2.0,12,3,7
98814,15,7,3,10,8,3,6,1,1,1,2,19,2,2,0.0,0.0,0.0,0.0,0.0,7.0,11,1,7
38745,15,7,1,17,6,3,6,5,1,1,2,18,2,2,0.0,0.0,0.0,0.0,0.0,3.0,0,4,3
64775,16,7,3,2,8,3,6,1,1,1,2,9,1,2,0.0,0.0,0.0,0.0,0.0,1.0,15,2,5
62531,15,7,3,0,6,3,6,1,0,1,2,18,2,2,0.0,0.0,0.0,0.0,0.0,7.0,15,2,5
120438,15,2,1,17,8,3,0,1,1,1,1,24,2,2,0.0,0.0,0.0,0.0,0.0,2.0,5,7,8
133917,15,7,1,0,18,3,6,1,0,1,2,26,2,3,1.0,0.0,0.0,1.0,0.0,3.0,22,6,9
8293,15,2,3,15,2,3,0,1,1,1,2,23,2,2,0.0,0.0,0.0,0.0,0.0,2.0,7,6,1
147874,15,2,4,8,8,3,0,1,1,1,1,36,2,2,0.0,0.0,0.0,0.0,0.0,2.0,17,4,10
172492,15,2,3,17,6,3,0,1,0,1,2,24,2,3,3.0,0.0,0.0,1.0,2.0,0.0,12,4,12
9132,16,11,3,10,2,3,5,5,1,1,1,19,2,2,0.0,0.0,0.0,0.0,0.0,2.0,15,5,1
57875,16,2,3,17,2,3,0,1,1,1,2,19,2,2,0.0,0.0,0.0,0.0,0.0,3.0,17,7,5
114738,4,2,1,17,6,3,0,1,1,1,2,12,2,2,0.0,0.0,0.0,0.0,0.0,2.0,20,4,8
17574,16,2,0,0,6,3,5,5,0,1,2,36,2,2,0.0,0.0,0.0,0.0,0.0,2.0,5,7,2
95042,4,2,0,10,8,3,0,1,1,1,0,19,2,2,0.0,0.0,0.0,0.0,0.0,2.0,23,7,7
33257,16,2,3,15,3,3,0,1,1,1,2,36,2,2,0.0,0.0,0.0,0.0,0.0,2.0,7,7,3
41064,15,2,3,6,2,3,0,1,0,1,2,5,2,3,1.0,0.0,0.0,1.0,0.0,2.0,13,6,3
157503,16,7,3,7,2,3,6,1,1,1,1,9,2,2,0.0,0.0,0.0,0.0,0.0,4.0,12,7,11
43650,15,2,3,0,17,3,6,5,1,1,2,36,2,2,0.0,0.0,0.0,0.0,0.0,3.0,13,4,4
181127,16,6,1,0,6,4,6,1,0,1,1,6,2,3,3.0,0.0,0.0,3.0,0.0,0.0,21,6,12
56701,16,2,3,17,3,3,0,5,0,1,2,6,2,3,1.0,0.0,0.0,1.0,0.0,1.0,11,7,5
168870,16,7,3,10,8,3,6,1,1,1,2,19,2,2,0.0,0.0,0.0,0.0,0.0,2.0,10,3,11
95665,15,2,3,7,8,3,0,1,1,1,2,36,2,2,0.0,0.0,0.0,0.0,0.0,1.0,7,3,7
101654,4,2,0,17,12,3,0,1,0,0,2,24,2,4,2.0,0.0,0.0,0.0,2.0,0.0,20,4,7