crash_date,               traffic_control_device,weather_condition,lighting_condition,first_crash_type,trafficway_type,alignment,roadway_surface_cond,road_defect,crash_type,intersection_related_i,damage,prim_contributory_cause,num_units,most_severe_injury,injuries_total,injuries_fatal,injuries_incapacitating,injuries_non_incapacitating,injuries_reported_not_evident,injuries_no_indication,crash_hour,crash_day_of_week,crash_month
111441,16,2,1,0,3,3,0,1,0,1,2,3,2,2,0.0,0.0,0.0,0.0,0.0,5.0,4,3,8
34329,4,10,3,10,8,3,4,1,1,1,2,36,2,2,0.0,0.0,0.0,0.0,0.0,2.0,14,3,3
60430,15,2,3,10,2,3,0,1,1,1,2,19,2,2,0.0,0.0,0.0,0.0,0.0,3.0,9,3,5
185750,16,2,4,17,2,3,0,1,1,1,2,24,2,2,0.0,0.0,0.0,0.0,0.0,7.0,17,3,12
24121,15,2,1,15,8,3,0,1,1,1,2,23,2,2,0.0,0.0,0.0,0.0,0.0,2.0,22,4,2
38121,16,2,3,17,10,3,0,1,1,1,2,4,2,2,0.0,0.0,0.0,0.0,0.0,2.0,17,6,3
33335,4,2,1,3,10,4,0,1,0,1,1,11,2,2,0.0,0.0,0.0,0.0,0.0,3.0,22,2,3
147422,16,2,1,17,6,3,0,1,1,1,2,6,2,2,0.0,0.0,0.0,0.0,0.0,3.0,22,5,10
17721,16,2,3,10,6,3,0,1,1,1,2,17,2,2,0.0,0.0,0.0,0.0,0.0,2.0,8,2,2
170865,16,2,3,17,11,3,0,1,0,1,2,36,2,2,0.0,0.0,0.0,0.0,0.0,2.0,9,7,11
170785,4,3,3,17,8,3,5,5,1,1,2,36,2,2,0.0,0.0,0.0,0.0,0.0,2.0,12,4,11
49377,16,2,3,15,8,3,0,1,1,1,2,19,2,2,0.0,0.0,0.0,0.0,0.0,2.0,6,3,4
132347,15,2,3,0,2,3,0,5,0,1,2,18,2,3,3.0,0.0,0.0,3.0,0.0,1.0,13,7,9
103338,16,2,3,17,6,3,0,1,0,1,2,18,2,3,1.0,0.0,0.0,1.0,0.0,3.0,13,3,7
85806,4,2,3,17,2,3,5,5,0,1,2,17,2,3,1.0,0.0,0.0,1.0,0.0,2.0,17,4,6
28792,16,2,3,10,17,3,5,5,1,1,1,36,2,2,0.0,0.0,0.0,0.0,0.0,2.0,12,6,3
95069,16,2,3,17,8,3,0,1,1,1,1,26,2,2,0.0,0.0,0.0,0.0,0.0,2.0,17,1,7
66530,15,2,3,0,2,3,0,1,1,1,2,18,2,2,0.0,0.0,0.0,0.0,0.0,4.0,13,1,5
57014,16,7,3,15,8,3,6,5,1,1,1,36,2,2,0.0,0.0,0.0,0.0,0.0,2.0,15,5,5
181268,16,2,3,17,6,3,0,1,1,1,2,36,2,2,0.0,0.0,0.0,0.0,0.0,2.0,8,2,12
155404,15,2,3,17,15,3,0,1,1,1,2,18,2,2,0.0,0.0,0.0,0.0,0.0,2.0,10,7,10
136128,16,7,1,10,6,3,6,1,0,1,2,37,2,2,0.0,0.0,0.0,0.0,0.0,2.0,0,7,9
187550,16,10,3,0,2,3,4,1,0,1,2,17,2,2,0.0,0.0,0.0,0.0,0.0,2.0,13,6,12
115875,16,2,3,17,6,3,0,1,1,1,2,36,2,2,0.0,0.0,0.0,0.0,0.0,2.0,17,2,8
46636,2,2,3,10,2,3,0,5,1,1,1,19,2,2,0.0,0.0,0.0,0.0,0.0,2.0,14,4,4
138130,16,3,3,0,2,3,0,1,0,1,2,26,2,3,1.0,0.0,0.0,1.0,0.0,2.0,9,3,10
105722,16,2,1,15,10,3,0,1,1,1,2,22,2,2,0.0,0.0,0.0,0.0,0.0,4.0,23,7,8
161294,16,2,3,17,3,3,0,5,0,1,2,37,2,1,4.0,0.0,4.0,0.0,0.0,1.0,16,1,11
65934,16,2,1,10,8,3,0,1,1,1,2,36,2,2,0.0,0.0,0.0,0.0,0.0,3.0,1,7,5
87286,4,2,3,17,10,3,0,1,1,1,0,12,2,2,0.0,0.0,0.0,0.0,0.0,2.0,12,6,6
96536,15,2,2,8,8,3,0,5,0,1,2,22,2,3,1.0,0.0,0.0,1.0,0.0,1.0,18,4,7
96962,15,2,3,0,10,3,0,1,0,1,2,18,2,3,1.0,0.0,0.0,1.0,0.0,1.0,11,2,7
78158,15,2,1,7,2,3,0,1,0,1,2,8,2,2,0.0,0.0,0.0,0.0,0.0,1.0,23,4,6
18211,16,2,3,10,2,3,0,1,0,1,2,19,2,3,1.0,0.0,0.0,1.0,0.0,1.0,9,3,2
17882,16,2,1,15,8,3,0,1,1,1,0,23,2,2,0.0,0.0,0.0,0.0,0.0,2.0,20,4,2
79937,15,2,3,17,8,3,0,1,1,1,1,36,2,2,0.0,0.0,0.0,0.0,0.0,2.0,13,7,6
63891,16,2,3,0,10,3,0,1,1,1,1,36,2,2,0.0,0.0,0.0,0.0,0.0,2.0,15,2,5
85800,17,11,5,10,17,3,5,5,0,1,2,36,2,4,2.0,0.0,0.0,0.0,2.0,1.0,17,4,6
127610,4,2,3,17,2,3,0,1,1,1,2,36,2,2,0.0,0.0,0.0,0.0,0.0,2.0,14,4,9
47660,16,2,3,17,2,4,0,1,1,1,2,18,2,2,0.0,0.0,0.0,0.0,0.0,3.0,6,6,4
26088,16,10,1,10,8,3,5,1,1,1,0,39,3,2,0.0,0.0,0.0,0.0,0.0,3.0,22,6,2
148059,16,2,1,15,8,3,0,1,1,1,1,36,2,2,0.0,0.0,0.0,0.0,0.0,3.0,19,5,10
119222,15,2,3,10,6,3,0,1,1,1,1,21,2,2,0.0,0.0,0.0,0.0,0.0,2.0,7,2,8
33218,16,2,3,10,8,3,6,3,1,1,2,36,2,2,0.0,0.0,0.0,0.0,0.0,2.0,11,6,3
100421,15,2,1,3,8,3,0,1,0,1,2,11,2,2,0.0,0.0,0.0,0.0,0.0,2.0,3,7,7
184688,16,2,1,10,6,3,0,1,1,1,0,36,2,2,0.0,0.0,0.0,0.0,0.0,4.0,0,1,12
106755,16,2,3,17,10,3,0,1,1,1,2,22,2,2,0.0,0.0,0.0,0.0,0.0,2.0,15,2,8
186333,16,11,5,9,6,3,5,5,0,1,2,35,2,3,1.0,0.0,0.0,1.0,0.0,1.0,18,2,12
46328,16,2,3,15,8,3,5,5,1,1,2,22,2,2,0.0,0.0,0.0,0.0,0.0,2.0,17,3,4
177996,16,3,3,3,8,3,0,1,1,1,0,23,2,2,0.0,0.0,0.0,0.0,0.0,5.0,10,6,12
127925,16,2,3,10,8,3,0,1,1,1,2,12,2,2,0.0,0.0,0.0,0.0,0.0,2.0,15,7,9
109985,16,2,2,15,1,3,0,1,1,1,2,22,2,2,0.0,0.0,0.0,0.0,0.0,2.0,5,2,8
142933,4,3,3,10,10,3,6,1,0,1,1,17,2,4,1.0,0.0,0.0,0.0,1.0,1.0,12,4,10
81797,16,2,3,17,8,3,0,1,0,1,2,36,2,2,0.0,0.0,0.0,0.0,0.0,2.0,18,7,6
92277,16,2,1,10,6,3,0,1,0,1,2,17,3,2,0.0,0.0,0.0,0.0,0.0,5.0,23,7,7
5784,16,3,3,2,6,2,6,1,0,1,2,17,1,2,0.0,0.0,0.0,0.0,0.0,1.0,7,4,1
118161,16,2,2,17,15,3,5,5,1,1,2,36,2,2,0.0,0.0,0.0,0.0,0.0,2.0,12,1,8
97630,4,2,3,10,2,3,0,1,1,1,2,19,2,2,0.0,0.0,0.0,0.0,0.0,4.0,14,4,7
77739,16,2,3,15,8,3,0,1,1,1,1,36,2,2,0.0,0.0,0.0,0.0,0.0,3.0,15,4,6
32076,15,2,3,0,8,3,0,1,1,1,2,38,2,2,0.0,0.0,0.0,0.0,0.0,2.0,11,7,3
152139,16,2,3,15,8,3,0,1,1,1,2,24,2,2,0.0,0.0,0.0,0.0,0.0,2.0,11,6,10
175553,15,2,3,15,8,3,0,1,1,1,2,22,2,2,0.0,0.0,0.0,0.0,0.0,2.0,17,6,12
101184,16,2,1,10,8,3,0,1,1,1,2,17,2,2,0.0,0.0,0.0,0.0,0.0,4.0,3,6,7
57592,16,2,1,0,6,3,0,5,0,1,2,6,3,3,3.0,0.0,0.0,3.0,0.0,1.0,3,7,5
178038,4,2,1,9,8,3,0,1,0,1,0,36,2,3,1.0,0.0,0.0,1.0,0.0,1.0,17,7,12
140687,16,2,3,17,8,3,0,1,0,1,2,18,2,2,0.0,0.0,0.0,0.0,0.0,2.0,17,3,10
185027,16,10,1,17,6,3,4,2,0,1,2,18,2,4,1.0,0.0,0.0,0.0,1.0,2.0,2,6,12
21914,16,2,3,17,6,3,0,1,1,1,2,18,2,2,0.0,0.0,0.0,0.0,0.0,2.0,16,3,2
55600,4,2,3,15,2,3,0,1,1,1,1,22,2,2,0.0,0.0,0.0,0.0,0.0,34.0,7,2,4
169686,16,10,3,0,8,3,4,1,1,1,2,39,2,2,0.0,0.0,0.0,0.0,0.0,2.0,14,2,11
45463,6,2,3,7,8,3,0,1,0,1,2,36,6,2,0.0,0.0,0.0,0.0,0.0,4.0,17,2,4
45969,16,2,0,17,8,3,0,1,0,1,2,24,2,3,4.0,0.0,0.0,4.0,0.0,0.0,20,3,4
76817,15,2,3,0,2,3,0,1,1,1,2,6,2,2,0.0,0.0,0.0,0.0,0.0,2.0,14,5,6
129994,16,7,3,10,6,3,6,1,0,1,2,6,2,2,0.0,0.0,0.0,0.0,0.0,3.0,10,1,9
169796,16,7,1,15,3,3,6,5,1,1,2,23,2,2,0.0,0.0,0.0,0.0,0.0,5.0,18,3,11
167167,15,11,5,0,8,3,5,5,0,1,1,6,2,2,0.0,0.0,0.0,0.0,0.0,4.0,23,4,11
171169,16,2,1,17,2,3,0,1,0,1,2,11,2,3,1.0,0.0,0.0,1.0,0.0,1.0,17,4,11
100179,16,2,1,15,6,3,0,5,1,1,1,23,2,2,0.0,0.0,0.0,0.0,0.0,4.0,21,4,7
52954,16,2,1,0,6,3,0,1,0,1,2,6,3,3,1.0,0.0,0.0,1.0,0.0,2.0,23,4,4
142278,16,2,3,17,2,3,0,1,1,1,2,21,2,2,0.0,0.0,0.0,0.0,0.0,2.0,11,2,10
158749,15,3,3,10,10,3,0,1,1,0,0,36,2,2,0.0,0.0,0.0,0.0,0.0,2.0,8,3,11
144863,16,2,3,10,8,3,0,1,0,0,0,36,2,2,0.0,0.0,0.0,0.0,0.0,2.0,18,3,10
50602,16,2,3,10,6,3,0,1,1,1,1,17,2,2,0.0,0.0,0.0,0.0,0.0,6.0,16,4,4
82299,16,2,3,17,8,3,0,1,0,1,2,6,2,2,0.0,0.0,0.0,0.0,0.0,4.0,9,7,6
121694,15,2,3,10,8,3,0,1,1,0,2,19,2,2,0.0,0.0,0.0,0.0,0.0,2.0,12,1,9
154242,4,2,1,0,6,3,0,1,0,1,2,18,2,2,0.0,0.0,0.0,0.0,0.0,3.0,1,7,10
21097,16,2,3,17,10,3,0,5,1,1,2,36,2,2,0.0,0.0,0.0,0.0,0.0,2.0,8,3,2
161312,16,7,1,17,6,3,6,1,1,1,2,36,2,2,0.0,0.0,0.0,0.0,0.0,2.0,7,1,11
66857,16,2,1,17,8,3,0,1,0,1,2,36,2,2,0.0,0.0,0.0,0.0,0.0,2.0,0,7,5
22319,4,10,1,17,3,3,6,5,0,1,2,24,2,3,3.0,0.0,0.0,3.0,0.0,2.0,20,3,2
11280,16,10,1,11,2,3,4,1,1,1,2,36,2,2,0.0,0.0,0.0,0.0,0.0,3.0,1,1,1
187853,16,10,1,17,15,3,6,1,0,1,2,36,3,2,0.0,0.0,0.0,0.0,0.0,7.0,23,4,12
6838,16,11,5,3,8,3,5,5,1,1,2,36,2,2,0.0,0.0,0.0,0.0,0.0,2.0,10,6,1
48628,16,10,1,10,11,3,6,1,0,1,2,17,2,2,0.0,0.0,0.0,0.0,0.0,3.0,21,1,4
167444,16,2,4,10,8,3,5,5,0,1,2,36,2,3,3.0,0.0,0.0,3.0,0.0,1.0,17,3,11
9650,16,2,3,10,10,3,0,1,1,1,1,36,2,2,0.0,0.0,0.0,0.0,0.0,3.0,12,7,1
18824,16,10,1,17,2,4,4,5,0,1,2,39,2,2,0.0,0.0,0.0,0.0,0.0,2.0,20,6,2
33609,15,2,3,13,8,3,0,1,0,1,2,36,2,3,3.0,0.0,0.0,3.0,0.0,0.0,10,6,3
80817,4,11,5,15,8,3,5,5,1,1,1,18,2,2,0.0,0.0,0.0,0.0,0.0,4.0,18,7,6
127919,15,2,3,0,8,3,0,1,0,1,2,18,2,2,0.0,0.0,0.0,0.0,0.0,2.0,14,7,9
100376,15,2,1,0,6,3,0,1,1,1,1,5,2,2,0.0,0.0,0.0,0.0,0.0,2.0,22,5,7
5757,16,2,3,17,6,3,0,1,0,1,2,18,4,3,1.0,0.0,0.0,1.0,0.0,3.0,15,4,1
6903,16,2,1,0,11,3,0,1,0,1,2,6,2,2,0.0,0.0,0.0,0.0,0.0,5.0,23,7,1
164154,16,2,3,10,8,3,0,1,1,1,2,19,2,2,0.0,0.0,0.0,0.0,0.0,3.0,7,6,11
63007,15,7,3,9,6,3,6,1,0,1,0,18,2,3,1.0,0.0,0.0,1.0,0.0,1.0,18,1,5
49234,16,2,3,17,6,3,0,1,1,1,1,36,2,2,0.0,0.0,0.0,0.0,0.0,2.0,13,7,4
111359,15,2,3,0,18,3,5,5,1,1,2,36,2,2,0.0,0.0,0.0,0.0,0.0,3.0,16,4,8
128543,16,2,3,10,8,3,0,1,1,1,2,30,2,2,0.0,0.0,0.0,0.0,0.0,2.0,9,1,9
149720,16,2,3,10,2,3,0,1,0,1,2,18,2,4,1.0,0.0,0.0,0.0,1.0,2.0,15,5,10
56444,16,2,3,10,6,3,0,1,1,1,2,19,2,2,0.0,0.0,0.0,0.0,0.0,2.0,18,4,5
81709,4,2,3,7,10,3,0,1,0,1,2,36,2,2,0.0,0.0,0.0,0.0,0.0,1.0,5,6,6
180414,15,2,3,0,8,3,0,1,0,1,2,36,2,2,0.0,0.0,0.0,0.0,0.0,2.0,13,4,12
13127,16,6,1,17,9,3,2,2,0,1,2,18,2,4,2.0,0.0,0.0,0.0,2.0,3.0,23,4,1
159578,15,3,3,17,6,3,0,1,0,1,2,5,3,2,0.0,0.0,0.0,0.0,0.0,2.0,15,3,11
141356,16,7,3,17,8,3,6,1,1,1,2,24,2,2,0.0,0.0,0.0,0.0,0.0,3.0,17,5,10
14329,15,2,1,8,8,3,0,1,0,1,2,17,2,3,1.0,0.0,0.0,1.0,0.0,1.0,17,5,1
154220,4,7,1,17,8,3,6,1,0,1,2,36,2,2,0.0,0.0,0.0,0.0,0.0,2.0,23,6,10
141383,15,7,3,10,2,3,6,1,1,1,0,12,2,2,0.0,0.0,0.0,0.0,0.0,2.0,8,5,10
99433,15,2,1,0,6,3,0,1,1,1,2,5,2,2,0.0,0.0,0.0,0.0,0.0,2.0,21,5,7
180320,16,2,1,0,6,3,0,1,1,1,2,6,2,2,0.0,0.0,0.0,0.0,0.0,2.0,4,1,12
54892,15,2,3,11,10,3,0,1,1,1,2,36,2,2,0.0,0.0,0.0,0.0,0.0,2.0,13,6,4
18326,16,10,0,9,8,3,4,1,0,1,2,39,2,1,1.0,0.0,1.0,0.0,0.0,1.0,17,5,2
86501,15,2,3,0,8,3,0,5,0,1,2,18,2,2,0.0,0.0,0.0,0.0,0.0,2.0,17,2,6
98004,16,2,3,17,8,3,5,5,1,1,1,36,2,2,0.0,0.0,0.0,0.0,0.0,4.0,10,4,7
71371,15,2,3,4,2,4,0,1,0,1,1,18,2,3,1.0,0.0,0.0,1.0,0.0,2.0,8,6,5
154480,15,2,3,0,2,3,0,5,1,1,2,23,3,2,0.0,0.0,0.0,0.0,0.0,3.0,16,2,10
136504,15,7,3,0,8,3,6,5,1,1,2,16,2,2,0.0,0.0,0.0,0.0,0.0,2.0,7,5,9
88895,16,2,0,10,8,3,0,1,1,1,2,19,2,2,0.0,0.0,0.0,0.0,0.0,3.0,20,3,7
57715,15,2,0,0,8,3,0,1,0,1,2,5,2,3,2.0,0.0,0.0,2.0,0.0,0.0,19,3,5
147671,16,7,3,17,8,3,6,1,1,1,2,18,2,2,0.0,0.0,0.0,0.0,0.0,3.0,14,1,10
187884,16,2,1,17,15,3,5,5,0,1,2,36,2,4,4.0,0.0,0.0,0.0,4.0,1.0,17,5,12
107005,16,2,3,17,6,3,0,1,1,1,2,36,2,2,0.0,0.0,0.0,0.0,0.0,5.0,14,7,8
185591,16,10,3,17,6,3,4,1,1,1,0,39,2,2,0.0,0.0,0.0,0.0,0.0,4.0,12,7,12
83497,16,2,2,17,8,3,0,1,1,1,1,24,2,2,0.0,0.0,0.0,0.0,0.0,2.0,20,4,6
118377,4,7,3,10,8,3,6,1,0,1,2,19,2,2,0.0,0.0,0.0,0.0,0.0,2.0,9,3,8
55620,16,2,3,15,3,3,0,1,1,1,1,22,2,2,0.0,0.0,0.0,0.0,0.0,5.0,9,2,4
75306,4,2,3,17,15,3,0,5,0,1,1,17,3,3,1.0,0.0,0.0,1.0,0.0,5.0,16,3,6
102536,15,2,3,11,8,3,0,1,1,1,1,21,2,2,0.0,0.0,0.0,0.0,0.0,3.0,15,4,7
165939,16,2,1,10,8,3,0,1,0,1,2,19,2,4,1.0,0.0,0.0,0.0,1.0,1.0,18,7,11
51905,15,7,3,17,6,3,6,1,0,1,2,39,2,2,0.0,0.0,0.0,0.0,0.0,3.0,16,6,4
135803,15,7,3,0,6,3,0,5,1,1,2,17,2,2,0.0,0.0,0.0,0.0,0.0,3.0,15,6,9
186959,15,7,0,0,6,3,6,1,1,1,1,5,2,2,0.0,0.0,0.0,0.0,0.0,3.0,18,6,12
88901,4,2,3,17,8,3,0,1,1,1,2,18,2,2,0.0,0.0,0.0,0.0,0.0,2.0,9,3,7
119270,15,11,5,0,6,3,5,1,1,1,2,36,2,2,0.0,0.0,0.0,0.0,0.0,2.0,16,3,8
29253,16,2,3,10,10,4,0,5,1,1,1,17,2,2,0.0,0.0,0.0,0.0,0.0,2.0,16,1,3
58854,4,2,3,17,8,3,0,1,1,1,2,36,2,2,0.0,0.0,0.0,0.0,0.0,2.0,15,7,5
7723,15,3,3,17,8,4,6,1,1,1,0,36,2,2,0.0,0.0,0.0,0.0,0.0,4.0,9,4,1
10706,15,2,0,14,4,3,0,1,0,1,2,5,2,3,1.0,0.0,0.0,1.0,0.0,3.0,19,4,1
122784,16,2,3,10,2,3,0,1,1,1,1,36,2,2,0.0,0.0,0.0,0.0,0.0,2.0,16,3,9
1785,16,2,3,0,2,3,6,5,0,1,2,6,3,2,0.0,0.0,0.0,0.0,0.0,3.0,13,4,1
146159,15,2,3,17,15,3,0,1,0,1,2,36,2,3,1.0,0.0,0.0,1.0,0.0,6.0,11,7,10
158287,4,2,4,10,6,3,0,1,0,1,2,36,2,3,2.0,0.0,0.0,2.0,0.0,9.0,17,5,11
119097,15,2,1,0,16,3,0,1,0,1,2,18,2,2,0.0,0.0,0.0,0.0,0.0,3.0,20,7,8
57556,15,2,3,0,8,3,0,1,1,1,2,5,2,2,0.0,0.0,0.0,0.0,0.0,2.0,10,6,5
19296,16,2,1,7,8,3,4,1,0,1,2,39,2,2,0.0,0.0,0.0,0.0,0.0,1.0,18,7,2
105018,16,2,1,10,10,3,0,1,1,1,2,28,2,2,0.0,0.0,0.0,0.0,0.0,2.0,20,6,8
71122,15,2,3,0,18,3,0,1,1,1,2,36,2,2,0.0,0.0,0.0,0.0,0.0,4.0,8,5,5
117135,16,2,3,17,6,3,0,1,1,1,2,36,2,2,0.0,0.0,0.0,0.0,0.0,2.0,12,6,8
102472,16,2,0,2,3,3,0,1,0,1,2,6,1,1,1.0,0.0,1.0,0.0,0.0,3.0,2,2,7
33568,16,2,3,17,2,3,0,1,1,1,2,18,2,2,0.0,0.0,0.0,0.0,0.0,2.0,13,6,3
84424,15,2,1,0,8,3,0,1,0,1,2,18,2,3,2.0,0.0,0.0,1.0,1.0,1.0,11,4,6
180348,15,2,3,17,2,3,0,1,0,1,2,5,2,2,0.0,0.0,0.0,0.0,0.0,2.0,9,1,12
121836,16,2,3,14,2,3,0,1,0,1,2,6,2,4,1.0,0.0,0.0,0.0,1.0,1.0,12,3,9
87478,16,2,3,17,6,3,0,1,0,1,2,36,2,3,3.0,0.0,0.0,3.0,0.0,0.0,18,3,6
48070,16,7,1,17,8,3,6,1,1,1,2,6,2,2,0.0,0.0,0.0,0.0,0.0,2.0,19,6,4
170,4,2,3,17,8,3,0,1,0,1,2,18,2,2,0.0,0.0,0.0,0.0,0.0,2.0,13,4,1
153566,4,2,3,14,8,3,0,1,1,1,2,36,2,2,0.0,0.0,0.0,0.0,0.0,2.0,13,4,10
106259,4,2,1,15,8,3,0,1,1,1,0,18,2,2,0.0,0.0,0.0,0.0,0.0,2.0,22,1,8
145310,4,2,1,8,8,3,0,1,0,1,0,36,2,1,1.0,0.0,1.0,0.0,0.0,1.0,18,1,10
105537,16,2,3,10,2,4,0,1,1,1,0,26,2,2,0.0,0.0,0.0,0.0,0.0,2.0,16,7,8
92204,16,2,3,0,2,3,0,1,0,1,2,6,4,4,3.0,0.0,0.0,0.0,3.0,2.0,11,6,7
38981,15,7,3,0,8,3,6,1,1,1,1,5,2,2,0.0,0.0,0.0,0.0,0.0,2.0,14,1,3
84669,16,3,1,17,15,2,0,1,0,1,2,23,2,1,1.0,0.0,1.0,0.0,0.0,1.0,22,2,6
122507,16,2,1,0,6,3,0,1,0,1,2,6,3,3,2.0,0.0,0.0,1.0,1.0,3.0,2,7,9
71275,16,2,3,10,8,3,0,1,1,1,2,19,2,2,0.0,0.0,0.0,0.0,0.0,2.0,8,5,5
121074,16,2,3,17,18,3,0,1,1,1,2,6,2,2,0.0,0.0,0.0,0.0,0.0,4.0,9,1,9
35312,16,2,3,15,8,3,0,1,0,1,2,26,3,1,6.0,0.0,2.0,4.0,0.0,1.0,16,4,3
10654,15,9,3,10,2,3,6,1,0,1,2,18,2,2,0.0,0.0,0.0,0.0,0.0,2.0,8,3,1
138882,4,2,3,7,8,3,0,1,1,1,2,12,2,2,0.0,0.0,0.0,0.0,0.0,1.0,18,4,10
123096,4,2,1,2,15,3,0,1,0,1,2,36,2,2,0.0,0.0,0.0,0.0,0.0,1.0,21,1,9
49287,16,2,3,0,6,3,6,1,0,1,2,36,2,3,3.0,0.0,0.0,3.0,0.0,0.0,13,1,4
132876,16,2,3,17,19,4,0,1,0,1,2,6,2,2,0.0,0.0,0.0,0.0,0.0,4.0,16,6,9
134190,15,2,3,0,8,3,0,1,1,1,2,18,2,2,0.0,0.0,0.0,0.0,0.0,2.0,18,2,9
95498,16,7,1,0,6,3,6,5,0,1,2,36,2,3,2.0,0.0,0.0,2.0,0.0,0.0,21,2,7
54384,16,2,3,17,6,5,0,1,1,1,2,28,2,2,0.0,0.0,0.0,0.0,0.0,2.0,14,5,4
102544,16,2,3,0,8,3,0,1,0,1,2,18,2,2,0.0,0.0,0.0,0.0,0.0,3.0,17,4,7
66812,16,2,3,15,10,3,0,1,1,1,1,23,2,2,0.0,0.0,0.0,0.0,0.0,6.0,17,7,5
95309,4,7,3,17,3,3,6,1,0,1,2,18,2,2,0.0,0.0,0.0,0.0,0.0,7.0,13,6,7
57224,4,2,3,17,6,3,0,1,0,1,2,22,2,2,0.0,0.0,0.0,0.0,0.0,2.0,18,2,5
153797,16,7,1,2,6,3,6,5,0,1,2,36,1,2,0.0,0.0,0.0,0.0,0.0,1.0,20,7,10
142497,16,2,3,9,6,3,6,1,0,1,0,18,2,3,1.0,0.0,0.0,1.0,0.0,1.0,15,7,10
172806,16,2,4,17,2,3,0,1,1,1,2,23,2,2,0.0,0.0,0.0,0.0,0.0,3.0,23,7,12
30244,16,2,3,10,16,3,0,1,1,1,1,26,2,2,0.0,0.0,0.0,0.0,0.0,4.0,9,5,3
127895,16,2,1,17,11,3,0,5,0,1,2,18,2,3,3.0,0.0,0.0,3.0,0.0,0.0,22,6,9
2152,15,2,3,17,2,3,0,1,0,1,2,24,2,2,0.0,0.0,0.0,0.0,0.0,2.0,14,3,1
187871,16,2,1,0,8,3,6,1,0,1,2,18,2,3,2.0,0.0,0.0,2.0,0.0,1.0,3,5,12
133975,4,7,1,0,12,3,6,1,1,0,2,21,2,2,0.0,0.0,0.0,0.0,0.0,2.0,21,7,9
88625,16,2,3,17,6,3,0,1,1,1,1,20,2,2,0.0,0.0,0.0,0.0,0.0,3.0,8,7,7
153458,15,2,3,0,10,3,0,1,0,1,2,36,2,4,1.0,0.0,0.0,0.0,1.0,3.0,12,7,10
125182,4,2,3,17,8,3,0,1,1,1,2,18,2,2,0.0,0.0,0.0,0.0,0.0,2.0,14,5,9
62682,16,2,1,9,8,3,0,1,1,1,0,26,2,2,0.0,0.0,0.0,0.0,0.0,2.0,21,2,5
40526,16,2,3,0,8,3,0,1,1,1,2,18,2,2,0.0,0.0,0.0,0.0,0.0,4.0,14,4,3
169665,16,2,3,3,2,3,0,1,1,1,2,36,2,2,0.0,0.0,0.0,0.0,0.0,2.0,10,1,11
148185,16,2,3,0,6,3,0,1,0,1,2,6,2,4,1.0,0.0,0.0,0.0,1.0,2.0,14,7,10
90015,15,2,3,0,8,3,0,5,1,1,1,5,2,2,0.0,0.0,0.0,0.0,0.0,2.0,12,6,7
33539,16,2,3,15,2,3,0,1,1,1,2,36,2,2,0.0,0.0,0.0,0.0,0.0,2.0,9,5,3
84909,16,2,1,17,8,3,0,1,0,1,2,28,2,1,2.0,0.0,1.0,1.0,0.0,0.0,21,5,6
24270,15,2,3,17,2,3,6,5,1,1,2,36,2,2,0.0,0.0,0.0,0.0,0.0,3.0,14,1,2
8282,4,10,4,17,6,3,4,1,1,1,2,24,2,2,0.0,0.0,0.0,0.0,0.0,3.0,18,6,1
83490,16,2,3,17,8,3,0,1,1,1,1,24,2,2,0.0,0.0,0.0,0.0,0.0,2.0,18,4,6
186538,15,2,1,3,11,3,0,1,0,1,2,18,2,3,4.0,0.0,0.0,4.0,0.0,1.0,22,4,12
180234,16,2,1,17,8,3,0,1,0,1,2,36,2,2,0.0,0.0,0.0,0.0,0.0,2.0,2,7,12
13365,4,2,1,3,8,3,0,1,0,1,2,17,2,3,1.0,0.0,0.0,1.0,0.0,1.0,1,1,1
85730,16,2,3,15,8,3,0,1,1,1,2,36,2,2,0.0,0.0,0.0,0.0,0.0,2.0,12,4,6
167918,16,2,3,3,8,3,0,1,0,1,2,11,3,2,0.0,0.0,0.0,0.0,0.0,4.0,8,2,11
19138,8,7,3,5,8,3,6,1,0,1,2,36,1,2,0.0,0.0,0.0,0.0,0.0,1.0,8,5,2
156690,4,2,3,17,3,3,0,1,1,0,2,24,2,2,0.0,0.0,0.0,0.0,0.0,2.0,13,4,11
25878,16,2,1,10,8,3,0,1,1,1,1,36,2,2,0.0,0.0,0.0,0.0,0.0,2.0,2,2,2
2852,16,7,1,0,8,3,4,1,1,1,1,6,2,2,0.0,0.0,0.0,0.0,0.0,2.0,23,7,1
118727,16,2,3,13,6,3,0,1,0,1,2,17,2,2,0.0,0.0,0.0,0.0,0.0,3.0,11,2,8
108576,15,2,3,9,6,3,0,1,0,1,2,36,2,3,1.0,0.0,0.0,1.0,0.0,1.0,9,3,8
64117,16,2,1,17,1,3,0,1,0,1,2,24,2,2,0.0,0.0,0.0,0.0,0.0,3.0,21,4,5
154716,17,2,1,10,6,3,0,5,1,1,2,8,2,2,0.0,0.0,0.0,0.0,0.0,4.0,17,6,10
183872,6,7,3,17,8,3,0,1,1,1,2,18,2,2,0.0,0.0,0.0,0.0,0.0,3.0,10,2,12
96058,16,2,3,17,8,3,0,1,0,1,2,24,2,4,4.0,0.0,0.0,0.0,4.0,2.0,17,2,7
104548,16,2,3,2,3,3,0,1,0,1,1,3,1,4,1.0,0.0,0.0,0.0,1.0,0.0,17,4,8
65437,15,2,1,7,8,3,0,1,0,1,2,36,3,3,2.0,0.0,0.0,2.0,0.0,0.0,0,5,5