crash_date,               traffic_control_device,weather_condition,lighting_condition,first_crash_type,trafficway_type,alignment,roadway_surface_cond,road_defect,crash_type,intersection_related_i,damage,prim_contributory_cause,num_units,most_severe_injury,injuries_total,injuries_fatal,injuries_incapacitating,injuries_non_incapacitating,injuries_reported_not_evident,injuries_no_indication,crash_hour,crash_day_of_week,crash_month
96112,15,2,3,0,8,3,0,1,1,1,1,5,2,2,0.0,0.0,0.0,0.0,0.0,2.0,18,3,7
102234,16,7,3,0,8,3,6,1,0,1,2,6,2,3,1.0,0.0,0.0,1.0,0.0,1.0,8,6,7
87774,4,2,3,17,2,3,0,1,1,1,2,36,2,2,0.0,0.0,0.0,0.0,0.0,2.0,13,6,7
74474,16,2,3,17,10,3,0,1,1,1,1,23,2,2,0.0,0.0,0.0,0.0,0.0,2.0,13,4,6
124647,15,2,3,17,10,3,0,1,1,1,2,24,2,2,0.0,0.0,0.0,0.0,0.0,4.0,15,4,9
127312,16,2,3,17,8,3,0,1,0,1,2,8,2,4,1.0,0.0,0.0,0.0,1.0,1.0,9,5,9
66327,4,2,3,7,8,3,0,1,1,1,2,36,2,2,0.0,0.0,0.0,0.0,0.0,1.0,7,6,5
146543,4,2,2,8,8,3,0,1,0,1,1,26,2,1,1.0,0.0,1.0,0.0,0.0,1.0,18,4,10
135177,16,2,3,0,6,3,0,1,1,1,1,6,2,2,0.0,0.0,0.0,0.0,0.0,3.0,11,2,9
58853,4,2,3,8,8,3,0,1,1,1,0,26,2,2,0.0,0.0,0.0,0.0,0.0,3.0,15,7,5
62263,16,2,3,17,6,3,0,1,0,1,2,6,2,2,0.0,0.0,0.0,0.0,0.0,2.0,17,4,5
172829,4,3,3,17,8,3,6,1,0,1,2,18,2,3,1.0,0.0,0.0,1.0,0.0,1.0,15,1,12
3803,16,2,1,0,6,3,0,1,0,1,2,18,2,2,0.0,0.0,0.0,0.0,0.0,2.0,1,4,1
61680,15,2,1,0,18,0,0,1,0,1,2,18,2,2,0.0,0.0,0.0,0.0,0.0,2.0,1,1,5
35778,15,2,3,0,6,3,0,1,0,1,2,12,2,2,0.0,0.0,0.0,0.0,0.0,3.0,8,7,3
109678,16,2,3,15,2,3,0,1,0,1,1,28,2,4,1.0,0.0,0.0,0.0,1.0,1.0,17,6,8
39068,15,2,3,8,6,3,0,1,0,1,0,36,2,3,1.0,0.0,0.0,1.0,0.0,1.0,14,4,3
116318,16,2,4,0,15,3,0,1,0,1,2,6,3,3,5.0,0.0,0.0,5.0,0.0,0.0,19,7,8
110291,15,2,1,17,6,3,0,5,1,1,2,36,2,2,0.0,0.0,0.0,0.0,0.0,2.0,23,7,8
125927,16,2,1,17,2,3,0,1,1,1,2,23,2,2,0.0,0.0,0.0,0.0,0.0,2.0,21,1,9
174288,16,2,2,17,2,3,0,1,1,1,2,36,2,2,0.0,0.0,0.0,0.0,0.0,2.0,6,7,12
98596,16,2,3,0,8,3,0,1,1,1,2,23,2,2,0.0,0.0,0.0,0.0,0.0,2.0,15,6,7
148120,4,7,3,10,0,3,6,1,1,0,1,17,2,2,0.0,0.0,0.0,0.0,0.0,3.0,16,6,10
1603,4,2,3,0,8,3,0,1,0,1,2,18,2,2,0.0,0.0,0.0,0.0,0.0,2.0,9,6,1
46391,16,3,3,0,2,3,6,5,0,1,2,36,2,2,0.0,0.0,0.0,0.0,0.0,2.0,17,4,4
79738,15,2,3,8,6,3,0,1,1,1,0,18,2,2,0.0,0.0,0.0,0.0,0.0,2.0,12,4,6
6205,16,2,1,10,2,3,0,1,1,1,2,19,2,2,0.0,0.0,0.0,0.0,0.0,2.0,18,4,1
175972,16,2,1,0,8,3,0,1,0,1,2,6,2,3,1.0,0.0,0.0,1.0,0.0,2.0,16,5,12
181381,16,2,3,10,2,3,0,1,1,1,1,36,2,2,0.0,0.0,0.0,0.0,0.0,4.0,15,2,12
67896,16,2,1,0,2,3,0,1,0,1,2,6,3,3,1.0,0.0,0.0,1.0,0.0,6.0,23,2,5
106827,4,2,3,15,6,3,0,1,0,1,2,26,2,4,1.0,0.0,0.0,0.0,1.0,2.0,6,3,8
41782,16,2,3,10,8,3,0,1,1,1,2,26,2,2,0.0,0.0,0.0,0.0,0.0,2.0,18,7,3
103844,16,2,1,17,18,3,0,1,1,1,2,36,2,2,0.0,0.0,0.0,0.0,0.0,2.0,22,2,7
151058,15,2,3,0,8,3,0,1,0,1,2,18,2,2,0.0,0.0,0.0,0.0,0.0,2.0,14,4,10
98247,15,2,3,9,8,3,0,1,0,1,2,26,2,3,1.0,0.0,0.0,1.0,0.0,1.0,15,7,7
95710,15,2,3,0,2,3,0,1,0,1,2,18,2,2,0.0,0.0,0.0,0.0,0.0,2.0,16,5,7
124541,16,2,0,10,8,3,0,1,1,1,2,17,3,2,0.0,0.0,0.0,0.0,0.0,4.0,20,1,9
160940,15,2,3,17,8,3,0,1,1,1,1,36,2,2,0.0,0.0,0.0,0.0,0.0,4.0,14,7,11
119778,16,2,1,17,8,3,0,1,1,1,1,26,2,2,0.0,0.0,0.0,0.0,0.0,2.0,21,3,8
58470,16,7,1,17,8,3,6,6,0,1,2,36,2,2,0.0,0.0,0.0,0.0,0.0,2.0,1,7,5
60,16,2,1,15,8,3,1,1,1,1,1,39,2,2,0.0,0.0,0.0,0.0,0.0,2.0,4,2,1
110275,4,2,1,0,6,3,0,1,0,1,2,18,2,4,1.0,0.0,0.0,0.0,1.0,3.0,21,7,8
65013,16,2,2,15,8,3,0,1,1,1,2,23,2,2,0.0,0.0,0.0,0.0,0.0,4.0,17,7,5
162331,16,2,1,10,6,3,0,1,0,1,2,36,3,3,1.0,0.0,0.0,1.0,0.0,3.0,19,1,11
174624,15,7,4,17,8,3,6,1,0,1,2,18,2,3,1.0,0.0,0.0,1.0,0.0,2.0,16,1,12
91571,15,2,3,3,8,3,0,1,0,1,2,24,2,2,0.0,0.0,0.0,0.0,0.0,2.0,9,2,7
153495,16,2,3,17,2,3,0,1,1,1,2,24,2,2,0.0,0.0,0.0,0.0,0.0,2.0,19,1,10
110433,4,2,3,15,3,3,0,1,1,0,2,36,2,2,0.0,0.0,0.0,0.0,0.0,4.0,16,2,8
52000,4,2,1,10,6,3,0,1,0,1,1,19,2,3,2.0,0.0,0.0,2.0,0.0,1.0,0,7,4
73927,16,2,3,10,8,3,0,1,1,1,1,36,3,2,0.0,0.0,0.0,0.0,0.0,3.0,16,3,6
172420,15,2,1,17,6,3,0,1,1,1,2,8,2,2,0.0,0.0,0.0,0.0,0.0,4.0,20,3,12
47070,16,11,5,10,8,3,5,5,1,1,2,19,2,2,0.0,0.0,0.0,0.0,0.0,2.0,21,5,4
43711,15,2,3,10,10,3,1,1,1,1,0,17,2,2,0.0,0.0,0.0,0.0,0.0,3.0,8,4,4
82385,16,3,1,10,2,3,0,1,1,1,1,17,2,2,0.0,0.0,0.0,0.0,0.0,3.0,21,1,6
84002,16,2,1,0,2,3,0,1,0,1,2,36,2,4,2.0,0.0,0.0,0.0,2.0,1.0,3,5,6
180402,16,2,3,0,18,3,0,6,0,1,2,6,2,2,0.0,0.0,0.0,0.0,0.0,2.0,9,3,12
24687,16,2,3,0,6,3,0,1,0,1,2,6,2,3,2.0,0.0,0.0,2.0,0.0,2.0,9,2,2
23238,15,2,3,17,15,3,0,1,0,1,2,13,2,2,0.0,0.0,0.0,0.0,0.0,4.0,12,3,2
101936,16,2,3,8,8,3,0,1,0,1,0,26,2,3,1.0,0.0,0.0,1.0,0.0,1.0,12,7,7
24528,16,2,1,17,8,3,0,1,1,1,1,24,2,2,0.0,0.0,0.0,0.0,0.0,2.0,20,5,2
99687,16,2,3,10,3,3,0,1,0,1,2,19,2,4,1.0,0.0,0.0,0.0,1.0,1.0,8,3,7
77057,16,2,3,15,10,3,0,1,1,1,2,22,2,2,0.0,0.0,0.0,0.0,0.0,2.0,6,2,6
22197,16,2,3,0,2,3,0,1,0,1,2,6,3,2,0.0,0.0,0.0,0.0,0.0,3.0,14,7,2
180329,16,2,1,10,6,3,0,5,1,1,2,19,3,2,0.0,0.0,0.0,0.0,0.0,5.0,18,1,12
145691,16,7,1,0,6,3,6,1,0,1,2,6,2,4,1.0,0.0,0.0,0.0,1.0,1.0,0,7,10
73748,16,2,3,3,8,3,0,1,0,1,2,18,2,4,1.0,0.0,0.0,0.0,1.0,1.0,16,1,6
102599,15,2,3,10,2,3,0,1,1,1,2,36,2,2,0.0,0.0,0.0,0.0,0.0,2.0,14,5,7
32741,15,2,3,15,5,3,0,1,1,1,2,18,2,2,0.0,0.0,0.0,0.0,0.0,2.0,7,5,3
169043,17,11,5,0,17,3,5,5,0,1,2,36,2,3,1.0,0.0,0.0,1.0,0.0,1.0,21,6,11
48042,15,2,3,0,3,3,0,1,0,1,1,18,4,4,1.0,0.0,0.0,0.0,1.0,3.0,16,5,4
14305,16,2,1,10,8,3,0,5,0,1,2,36,4,2,0.0,0.0,0.0,0.0,0.0,4.0,22,4,1
76606,4,2,3,15,10,3,0,1,1,1,2,24,2,2,0.0,0.0,0.0,0.0,0.0,3.0,12,7,6
49240,16,2,1,0,8,3,0,1,0,1,2,6,2,3,2.0,0.0,0.0,2.0,0.0,1.0,3,7,4
30234,16,3,4,17,6,3,0,1,0,1,2,36,2,4,1.0,0.0,0.0,0.0,1.0,2.0,18,5,3
112279,4,2,3,0,2,3,0,5,1,0,1,36,2,2,0.0,0.0,0.0,0.0,0.0,2.0,18,3,8
125684,16,2,3,10,8,3,0,5,1,1,2,36,2,2,0.0,0.0,0.0,0.0,0.0,2.0,15,5,9
168561,15,3,3,0,8,3,0,1,0,1,2,18,2,2,0.0,0.0,0.0,0.0,0.0,3.0,14,7,11
45464,15,2,3,17,10,4,0,1,0,1,2,36,2,2,0.0,0.0,0.0,0.0,0.0,2.0,17,2,4
16269,16,3,1,17,15,3,4,1,0,1,2,24,2,3,1.0,0.0,0.0,1.0,0.0,1.0,23,5,2
126634,16,2,1,10,8,3,0,1,1,1,2,36,2,2,0.0,0.0,0.0,0.0,0.0,2.0,18,3,9
142105,16,2,3,17,15,3,0,1,1,1,2,24,2,2,0.0,0.0,0.0,0.0,0.0,2.0,13,3,10
18,16,2,0,10,8,3,0,1,1,1,2,19,2,2,0.0,0.0,0.0,0.0,0.0,2.0,3,1,1
3604,16,10,3,0,8,3,6,1,0,1,1,12,2,3,2.0,0.0,0.0,2.0,0.0,0.0,14,6,1
155930,15,2,3,10,10,3,6,1,1,1,1,26,2,2,0.0,0.0,0.0,0.0,0.0,3.0,10,6,11
42085,15,10,3,0,8,3,6,1,0,1,2,36,2,4,3.0,0.0,0.0,0.0,3.0,0.0,7,5,3
51366,4,2,3,7,8,3,0,1,1,1,1,36,2,2,0.0,0.0,0.0,0.0,0.0,1.0,12,1,4
142258,15,2,1,0,8,3,0,1,0,1,2,5,2,2,0.0,0.0,0.0,0.0,0.0,2.0,19,2,10
106773,15,2,3,17,8,3,0,1,1,1,2,3,2,2,0.0,0.0,0.0,0.0,0.0,2.0,18,2,8
68203,16,2,3,10,2,3,0,5,1,1,1,36,2,2,0.0,0.0,0.0,0.0,0.0,3.0,6,6,5
124743,16,11,3,10,8,3,5,5,1,1,1,36,2,2,0.0,0.0,0.0,0.0,0.0,2.0,17,5,9
108975,17,2,3,10,17,3,0,1,1,1,2,36,2,2,0.0,0.0,0.0,0.0,0.0,2.0,18,2,8
92850,16,2,3,0,8,3,0,1,0,1,2,6,2,3,1.0,0.0,0.0,1.0,0.0,2.0,9,2,7
135766,15,7,3,17,8,3,0,1,1,1,2,18,2,2,0.0,0.0,0.0,0.0,0.0,2.0,7,4,9
27006,16,2,3,17,10,3,0,1,0,1,2,24,2,2,0.0,0.0,0.0,0.0,0.0,2.0,15,7,2
157174,16,2,1,17,8,3,0,1,1,1,2,36,2,2,0.0,0.0,0.0,0.0,0.0,2.0,20,4,11
105176,15,2,3,0,8,3,0,1,0,1,2,36,2,2,0.0,0.0,0.0,0.0,0.0,2.0,8,6,8
11391,2,2,4,0,15,3,6,1,0,1,2,18,2,2,0.0,0.0,0.0,0.0,0.0,3.0,16,3,1
53888,16,2,3,17,8,3,0,1,0,1,2,17,2,2,0.0,0.0,0.0,0.0,0.0,5.0,12,4,4
120293,15,2,3,10,8,4,0,1,1,1,1,17,2,2,0.0,0.0,0.0,0.0,0.0,2.0,16,4,8
150838,15,2,3,17,2,3,0,1,0,0,2,36,2,4,1.0,0.0,0.0,0.0,1.0,1.0,7,2,10
892,4,2,3,0,2,3,0,1,1,1,2,38,2,2,0.0,0.0,0.0,0.0,0.0,2.0,13,3,1
133834,16,2,3,17,15,3,0,1,1,1,2,12,2,2,0.0,0.0,0.0,0.0,0.0,2.0,9,5,9
135841,4,2,3,17,3,3,0,1,1,1,2,18,2,2,0.0,0.0,0.0,0.0,0.0,5.0,10,6,9
160493,16,3,3,17,5,3,0,1,0,1,1,18,2,3,1.0,0.0,0.0,1.0,0.0,1.0,14,2,11
105341,16,2,3,17,8,3,0,5,1,1,1,36,2,2,0.0,0.0,0.0,0.0,0.0,2.0,15,3,8
103105,4,2,3,17,8,3,0,5,0,1,2,36,2,4,1.0,0.0,0.0,0.0,1.0,2.0,11,5,7
33443,15,2,3,0,11,3,0,1,0,1,2,18,2,2,0.0,0.0,0.0,0.0,0.0,2.0,15,3,3
72025,15,2,1,7,8,3,0,1,1,1,2,9,2,2,0.0,0.0,0.0,0.0,0.0,1.0,2,3,6
17189,16,2,2,10,8,3,0,1,1,0,2,19,2,2,0.0,0.0,0.0,0.0,0.0,7.0,18,7,2
58408,15,2,3,7,8,3,0,1,1,1,0,36,2,2,0.0,0.0,0.0,0.0,0.0,1.0,15,1,5
70442,16,2,1,17,3,3,0,5,1,1,2,24,2,2,0.0,0.0,0.0,0.0,0.0,2.0,22,7,5
123058,16,2,3,10,13,3,0,1,1,0,1,19,2,2,0.0,0.0,0.0,0.0,0.0,3.0,15,1,9
133188,15,2,3,17,15,3,0,1,0,1,2,24,2,3,1.0,0.0,0.0,1.0,0.0,1.0,15,2,9
596,16,2,3,0,3,3,1,1,0,1,2,6,2,1,2.0,0.0,2.0,0.0,0.0,1.0,8,3,1
139263,16,2,3,17,6,3,0,1,1,1,2,36,2,2,0.0,0.0,0.0,0.0,0.0,2.0,13,5,10
28691,4,2,3,17,15,3,0,1,1,1,2,18,2,2,0.0,0.0,0.0,0.0,0.0,3.0,12,6,3
138956,4,2,3,10,8,3,0,1,1,1,1,19,2,2,0.0,0.0,0.0,0.0,0.0,2.0,18,5,10
69030,16,2,3,10,8,3,0,1,1,1,2,36,2,2,0.0,0.0,0.0,0.0,0.0,2.0,14,6,5
42009,16,2,1,17,3,3,0,1,0,1,2,6,2,3,2.0,0.0,0.0,2.0,0.0,0.0,5,4,3
125928,15,11,5,0,15,3,5,5,1,1,0,26,2,2,0.0,0.0,0.0,0.0,0.0,2.0,21,1,9
183258,4,2,4,17,8,3,6,1,1,0,2,18,2,2,0.0,0.0,0.0,0.0,0.0,5.0,20,6,12
7621,16,10,3,10,2,3,6,5,1,1,1,36,2,2,0.0,0.0,0.0,0.0,0.0,2.0,6,3,1
45610,6,3,3,17,15,3,0,1,1,1,1,36,2,2,0.0,0.0,0.0,0.0,0.0,6.0,14,6,4
117077,15,2,0,2,8,3,0,1,0,1,2,36,1,2,0.0,0.0,0.0,0.0,0.0,1.0,3,6,8
172912,16,2,0,15,6,3,0,1,1,1,2,26,2,2,0.0,0.0,0.0,0.0,0.0,2.0,17,2,12
101175,4,2,3,17,6,3,0,1,0,1,2,17,2,1,4.0,0.0,3.0,1.0,0.0,0.0,14,6,7
172932,16,2,1,9,6,3,6,1,1,1,0,36,2,2,0.0,0.0,0.0,0.0,0.0,3.0,21,2,12
135424,16,2,3,17,2,3,0,1,0,1,2,36,2,4,1.0,0.0,0.0,0.0,1.0,3.0,15,5,9
51236,16,2,3,17,8,3,0,1,1,1,2,36,2,2,0.0,0.0,0.0,0.0,0.0,2.0,16,6,4
43192,15,7,3,0,8,3,6,1,1,1,2,36,2,2,0.0,0.0,0.0,0.0,0.0,2.0,14,3,4
84775,4,2,3,0,4,3,0,5,1,0,2,36,2,2,0.0,0.0,0.0,0.0,0.0,2.0,14,3,6
51616,16,2,0,15,6,3,0,1,0,1,2,23,4,3,3.0,0.0,0.0,1.0,2.0,2.0,20,1,4
61282,16,2,3,17,6,3,0,1,0,1,2,18,2,2,0.0,0.0,0.0,0.0,0.0,4.0,14,3,5
95661,16,2,3,10,10,3,0,1,1,1,0,19,2,2,0.0,0.0,0.0,0.0,0.0,2.0,18,3,7
110138,16,2,3,0,8,3,0,1,0,1,2,36,2,3,1.0,0.0,0.0,1.0,0.0,1.0,19,5,8
143457,4,2,3,10,8,3,0,1,0,1,2,19,2,4,1.0,0.0,0.0,0.0,1.0,1.0,14,5,10
141517,16,2,3,17,6,3,0,6,0,1,2,36,2,3,2.0,0.0,0.0,1.0,1.0,0.0,16,7,10
11565,16,2,3,10,3,3,1,1,1,0,2,39,2,2,0.0,0.0,0.0,0.0,0.0,2.0,9,5,1
118716,16,2,3,0,6,3,5,5,1,1,2,6,2,2,0.0,0.0,0.0,0.0,0.0,2.0,10,2,8
5645,16,10,1,10,6,3,4,6,0,1,2,39,2,2,0.0,0.0,0.0,0.0,0.0,2.0,1,1,1
14093,16,2,1,14,6,3,6,1,1,1,2,17,2,2,0.0,0.0,0.0,0.0,0.0,2.0,6,1,1
92626,15,2,3,13,11,3,0,5,1,1,2,21,2,2,0.0,0.0,0.0,0.0,0.0,2.0,18,6,7
50735,16,2,3,10,2,3,0,1,0,1,2,19,2,4,1.0,0.0,0.0,0.0,1.0,2.0,8,4,4
178808,16,6,3,17,6,3,0,1,1,1,2,18,2,2,0.0,0.0,0.0,0.0,0.0,2.0,6,5,12
22956,16,2,0,10,15,3,6,1,0,1,2,19,2,3,1.0,0.0,0.0,1.0,0.0,1.0,23,6,2
15656,4,2,3,10,8,3,0,1,1,1,0,19,2,2,0.0,0.0,0.0,0.0,0.0,2.0,11,6,2
147316,16,2,1,15,2,3,0,1,1,1,0,36,2,2,0.0,0.0,0.0,0.0,0.0,2.0,19,3,10
164258,15,2,1,0,8,3,0,1,0,1,1,17,2,3,1.0,0.0,0.0,1.0,0.0,2.0,18,5,11
13305,16,3,2,17,6,3,6,5,0,1,2,18,2,3,2.0,0.0,0.0,2.0,0.0,0.0,17,7,1
184050,15,3,1,10,3,3,5,5,1,0,2,19,2,2,0.0,0.0,0.0,0.0,0.0,2.0,20,5,12
28804,16,2,3,15,8,3,0,1,1,1,1,36,2,2,0.0,0.0,0.0,0.0,0.0,2.0,14,7,3
98838,15,2,3,0,2,3,0,1,0,1,2,5,2,2,0.0,0.0,0.0,0.0,0.0,2.0,14,2,7
69344,16,2,3,10,2,3,0,1,1,1,2,13,2,2,0.0,0.0,0.0,0.0,0.0,2.0,15,4,5
140112,16,2,3,17,2,3,0,1,1,1,1,18,2,2,0.0,0.0,0.0,0.0,0.0,3.0,14,2,10
33283,16,3,3,0,6,3,0,1,0,1,1,6,2,2,0.0,0.0,0.0,0.0,0.0,3.0,11,7,3
59491,16,11,3,10,8,3,5,5,1,1,0,36,2,2,0.0,0.0,0.0,0.0,0.0,2.0,12,3,5
91947,16,2,3,17,2,3,0,5,1,1,2,18,2,2,0.0,0.0,0.0,0.0,0.0,4.0,12,1,7
187785,15,10,0,17,15,3,1,2,1,1,2,39,2,2,0.0,0.0,0.0,0.0,0.0,2.0,18,3,12
102129,4,2,1,2,8,3,0,1,0,0,2,12,1,2,0.0,0.0,0.0,0.0,0.0,1.0,23,4,7
169701,15,11,1,0,8,3,5,1,1,1,2,18,2,2,0.0,0.0,0.0,0.0,0.0,2.0,18,2,11
91048,16,2,3,17,8,3,0,1,1,1,2,24,2,2,0.0,0.0,0.0,0.0,0.0,2.0,18,1,7
160283,17,11,3,14,11,3,5,5,1,1,2,36,2,2,0.0,0.0,0.0,0.0,0.0,2.0,13,5,11
64877,16,2,3,10,8,4,0,1,1,1,1,17,2,2,0.0,0.0,0.0,0.0,0.0,2.0,18,4,5
3974,16,2,1,0,3,3,0,1,0,1,2,36,2,2,0.0,0.0,0.0,0.0,0.0,3.0,17,4,1
67734,16,3,3,17,15,3,0,1,0,1,1,18,2,2,0.0,0.0,0.0,0.0,0.0,2.0,16,6,5
138711,16,2,3,17,8,3,0,1,0,1,2,18,2,1,2.0,0.0,1.0,1.0,0.0,0.0,8,4,10
18734,4,2,3,17,15,3,0,1,1,1,2,18,2,2,0.0,0.0,0.0,0.0,0.0,3.0,9,5,2
133381,16,2,3,17,6,3,0,1,0,1,2,12,2,4,1.0,0.0,0.0,0.0,1.0,1.0,15,6,9
72716,16,2,3,15,8,3,0,1,1,1,2,23,2,2,0.0,0.0,0.0,0.0,0.0,5.0,7,6,6
154263,16,2,3,0,6,3,0,1,0,1,2,6,4,3,1.0,0.0,0.0,1.0,0.0,7.0,15,7,10
17186,4,2,3,10,8,3,4,1,0,0,2,19,2,4,2.0,0.0,0.0,0.0,2.0,2.0,18,7,2
715,16,2,1,10,8,3,0,1,1,1,0,19,2,2,0.0,0.0,0.0,0.0,0.0,2.0,19,5,1
32313,16,7,4,9,11,3,6,1,1,1,0,18,2,2,0.0,0.0,0.0,0.0,0.0,2.0,18,5,3
150185,16,11,1,3,8,3,5,1,0,1,2,11,2,3,2.0,0.0,0.0,2.0,0.0,1.0,1,1,10
144498,4,2,0,3,8,3,0,1,0,1,2,36,2,2,0.0,0.0,0.0,0.0,0.0,2.0,21,5,10
121264,15,2,1,17,8,3,0,1,1,1,2,18,2,2,0.0,0.0,0.0,0.0,0.0,2.0,21,2,9
110168,16,2,3,9,6,3,0,1,0,1,1,18,2,3,1.0,0.0,0.0,1.0,0.0,2.0,13,6,8
37424,16,2,4,0,8,3,0,1,0,1,2,18,3,2,0.0,0.0,0.0,0.0,0.0,2.0,19,1,3
90566,16,2,1,15,2,3,0,1,1,1,2,36,2,2,0.0,0.0,0.0,0.0,0.0,2.0,23,7,7
102400,15,2,1,0,3,3,0,1,0,1,2,17,2,3,2.0,0.0,0.0,2.0,0.0,2.0,21,7,7
164804,4,2,3,0,8,3,0,1,1,1,2,18,2,2,0.0,0.0,0.0,0.0,0.0,3.0,7,6,11
19452,15,2,3,0,8,3,0,1,0,1,2,18,2,2,0.0,0.0,0.0,0.0,0.0,3.0,8,4,2
41199,4,2,3,17,2,3,0,1,0,1,2,24,2,2,0.0,0.0,0.0,0.0,0.0,3.0,11,2,3
99097,16,2,1,0,6,3,0,1,0,1,2,6,2,2,0.0,0.0,0.0,0.0,0.0,3.0,2,7,7
94996,16,7,1,10,6,3,6,1,0,1,2,19,2,2,0.0,0.0,0.0,0.0,0.0,2.0,0,1,7
79576,16,2,3,17,18,3,0,1,0,1,2,18,2,1,3.0,0.0,1.0,1.0,1.0,0.0,7,2,6
94125,16,2,3,10,2,3,0,1,1,1,2,19,2,2,0.0,0.0,0.0,0.0,0.0,2.0,16,7,7
10112,16,2,1,17,8,3,0,1,1,1,2,36,2,2,0.0,0.0,0.0,0.0,0.0,2.0,0,1,1
74701,15,2,3,15,6,3,0,1,1,1,2,28,2,2,0.0,0.0,0.0,0.0,0.0,2.0,16,1,6
106862,4,7,0,0,6,3,0,1,1,1,2,36,2,2,0.0,0.0,0.0,0.0,0.0,3.0,13,5,8
93637,16,2,3,2,11,3,0,5,1,1,2,38,1,2,0.0,0.0,0.0,0.0,0.0,1.0,10,6,7
165693,16,2,3,17,8,3,0,1,1,1,1,17,2,2,0.0,0.0,0.0,0.0,0.0,2.0,15,6,11
186962,16,11,5,15,11,3,5,5,1,1,2,22,3,2,0.0,0.0,0.0,0.0,0.0,3.0,18,6,12
167676,16,2,1,8,8,3,0,1,0,1,0,38,2,4,1.0,0.0,0.0,0.0,1.0,1.0,18,4,11
35854,16,2,3,10,8,3,0,1,1,1,1,36,2,2,0.0,0.0,0.0,0.0,0.0,4.0,14,7,3
87906,16,2,3,9,8,3,5,5,0,1,1,18,2,4,1.0,0.0,0.0,0.0,1.0,1.0,15,2,7
142570,16,2,3,0,6,3,0,1,0,1,2,6,3,1,3.0,0.0,2.0,1.0,0.0,2.0,14,1,10
113262,16,2,3,6,2,3,0,1,0,1,1,17,1,1,1.0,0.0,1.0,0.0,0.0,0.0,9,3,8
105898,16,2,3,0,2,3,0,5,1,0,2,18,2,2,0.0,0.0,0.0,0.0,0.0,3.0,18,4,8
91340,16,2,1,10,6,3,0,1,1,1,0,19,2,2,0.0,0.0,0.0,0.0,0.0,4.0,1,1,7
73378,15,2,3,0,8,3,0,1,1,1,1,18,2,2,0.0,0.0,0.0,0.0,0.0,2.0,14,2,6
15507,16,2,3,10,6,3,0,1,1,1,2,19,2,2,0.0,0.0,0.0,0.0,0.0,2.0,15,5,2
571,15,6,0,17,8,3,6,1,0,1,2,12,2,2,0.0,0.0,0.0,0.0,0.0,2.0,18,3,1
125911,16,2,3,10,2,3,0,1,1,1,2,19,2,2,0.0,0.0,0.0,0.0,0.0,2.0,16,1,9
127327,16,2,1,17,3,3,0,1,1,1,2,24,2,2,0.0,0.0,0.0,0.0,0.0,3.0,23,5,9
19705,16,10,1,0,8,3,4,5,0,1,2,26,3,2,0.0,0.0,0.0,0.0,0.0,3.0,3,1,2
10514,16,3,3,0,3,3,6,1,0,1,2,6,2,4,1.0,0.0,0.0,0.0,1.0,1.0,14,6,1
53620,15,2,3,0,15,3,0,1,1,1,1,18,2,2,0.0,0.0,0.0,0.0,0.0,2.0,7,6,4
49545,16,2,4,10,8,3,0,1,1,1,1,19,2,2,0.0,0.0,0.0,0.0,0.0,2.0,19,4,4
144964,16,2,3,17,6,3,0,1,1,1,2,28,2,2,0.0,0.0,0.0,0.0,0.0,2.0,12,4,10
28114,16,2,1,10,2,3,0,1,1,1,2,36,2,2,0.0,0.0,0.0,0.0,0.0,2.0,3,7,2
110258,16,2,3,10,8,3,0,1,0,1,2,19,2,3,1.0,0.0,0.0,1.0,0.0,1.0,18,7,8
46417,4,2,1,15,2,3,0,1,1,0,2,18,2,2,0.0,0.0,0.0,0.0,0.0,2.0,21,4,4
146142,4,7,0,17,8,3,0,5,0,1,1,24,2,3,1.0,0.0,0.0,1.0,0.0,2.0,19,7,10
12816,4,10,3,11,8,3,6,1,1,1,2,26,2,2,0.0,0.0,0.0,0.0,0.0,2.0,11,5,1
118610,4,2,3,17,10,3,0,1,1,1,2,24,2,2,0.0,0.0,0.0,0.0,0.0,3.0,1,1,8
150555,16,2,1,10,6,3,0,1,1,1,2,22,2,2,0.0,0.0,0.0,0.0,0.0,2.0,8,4,10
126635,15,2,3,17,8,3,0,1,1,1,1,36,2,2,0.0,0.0,0.0,0.0,0.0,3.0,18,3,9
75656,15,2,3,0,16,3,0,1,1,1,2,5,2,2,0.0,0.0,0.0,0.0,0.0,2.0,19,7,6
142666,16,2,3,10,6,3,0,1,1,1,1,36,3,2,0.0,0.0,0.0,0.0,0.0,5.0,15,4,10
110780,16,2,1,13,6,3,0,5,0,1,2,6,2,4,1.0,0.0,0.0,0.0,1.0,4.0,20,1,8
176286,4,2,3,7,8,3,0,1,1,1,2,36,2,2,0.0,0.0,0.0,0.0,0.0,2.0,12,4,12
95873,16,11,5,10,8,3,5,5,0,1,2,36,2,4,1.0,0.0,0.0,0.0,1.0,1.0,21,7,7
143790,15,7,0,8,6,3,6,1,0,1,0,36,2,3,1.0,0.0,0.0,1.0,0.0,1.0,18,3,10
4307,15,2,3,14,8,3,0,1,1,1,2,18,2,2,0.0,0.0,0.0,0.0,0.0,2.0,14,5,1
130231,16,2,3,17,10,3,0,1,0,1,2,24,2,3,3.0,0.0,0.0,3.0,0.0,0.0,13,4,9