crash_date,               traffic_control_device,weather_condition,lighting_condition,first_crash_type,trafficway_type,alignment,roadway_surface_cond,road_defect,crash_type,intersection_related_i,damage,prim_contributory_cause,num_units,most_severe_injury,injuries_total,injuries_fatal,injuries_incapacitating,injuries_non_incapacitating,injuries_reported_not_evident,injuries_no_indication,crash_hour,crash_day_of_week,crash_month
59970,15,2,3,17,2,3,0,1,0,1,2,36,2,2,0.0,0.0,0.0,0.0,0.0,2.0,7,4,5
83358,4,2,3,10,8,3,0,1,0,1,2,36,2,2,0.0,0.0,0.0,0.0,0.0,3.0,8,2,6
75581,4,2,3,10,8,3,0,1,1,1,1,19,3,2,0.0,0.0,0.0,0.0,0.0,3.0,17,6,6
51191,16,2,3,10,2,3,0,1,1,1,1,19,2,2,0.0,0.0,0.0,0.0,0.0,2.0,9,7,4
174154,16,2,1,17,15,3,0,1,1,1,1,36,2,2,0.0,0.0,0.0,0.0,0.0,4.0,0,1,12
103696,16,2,3,10,2,3,0,1,1,1,2,17,2,2,0.0,0.0,0.0,0.0,0.0,2.0,15,7,7
183928,15,2,3,8,6,3,0,1,0,1,0,9,2,3,1.0,0.0,0.0,1.0,0.0,1.0,9,3,12
183953,16,2,3,0,8,3,0,1,0,1,2,6,2,2,0.0,0.0,0.0,0.0,0.0,4.0,15,4,12
149292,15,2,1,10,2,3,0,1,1,1,2,18,2,2,0.0,0.0,0.0,0.0,0.0,2.0,23,1,10
167824,16,2,1,0,18,3,0,5,0,1,2,6,3,3,2.0,0.0,0.0,2.0,0.0,1.0,2,1,11
157318,15,2,3,15,15,3,0,1,1,1,2,21,2,2,0.0,0.0,0.0,0.0,0.0,3.0,10,6,11
64249,16,3,3,17,8,3,0,6,1,1,0,24,2,2,0.0,0.0,0.0,0.0,0.0,2.0,10,6,5
108741,15,2,3,0,8,3,0,1,0,1,2,36,2,3,4.0,0.0,0.0,4.0,0.0,1.0,14,5,8
72396,15,2,3,0,8,3,0,1,0,1,2,5,4,4,1.0,0.0,0.0,0.0,1.0,1.0,8,7,6
60182,4,2,3,7,8,3,0,1,1,1,1,36,2,2,0.0,0.0,0.0,0.0,0.0,2.0,10,5,5
11194,4,11,1,7,10,3,5,1,1,1,1,12,2,2,0.0,0.0,0.0,0.0,0.0,1.0,19,5,1
19762,15,10,1,17,8,3,4,1,1,1,2,24,2,2,0.0,0.0,0.0,0.0,0.0,2.0,5,2,2
30571,15,11,0,17,8,3,6,5,0,1,2,5,2,1,1.0,0.0,1.0,0.0,0.0,2.0,18,3,3
18723,4,7,1,0,6,3,6,1,1,1,1,36,2,2,0.0,0.0,0.0,0.0,0.0,2.0,19,5,2
3197,16,2,3,17,6,3,0,1,1,1,1,6,2,2,0.0,0.0,0.0,0.0,0.0,2.0,14,6,1
176802,4,2,1,2,2,3,0,1,0,0,2,3,1,2,0.0,0.0,0.0,0.0,0.0,2.0,0,4,12
66628,16,2,1,7,8,3,0,6,1,1,2,32,2,2,0.0,0.0,0.0,0.0,0.0,1.0,23,3,5
133852,15,2,1,17,2,3,0,5,0,1,2,36,2,2,0.0,0.0,0.0,0.0,0.0,7.0,1,6,9
123571,16,2,2,17,4,4,0,4,0,1,2,18,2,3,1.0,0.0,0.0,1.0,0.0,2.0,14,2,9
2046,15,2,3,0,8,3,4,1,0,1,2,16,2,3,2.0,0.0,0.0,2.0,0.0,1.0,12,6,1
71309,4,2,3,10,2,3,0,1,0,1,2,19,2,2,0.0,0.0,0.0,0.0,0.0,3.0,11,5,5
139653,15,2,3,9,6,3,0,1,0,1,2,36,3,3,2.0,0.0,0.0,2.0,0.0,1.0,15,3,10
124796,16,2,3,9,8,3,0,1,0,1,0,18,2,3,1.0,0.0,0.0,1.0,0.0,1.0,14,6,9
81073,4,2,3,0,17,3,0,1,0,1,2,18,2,3,2.0,0.0,0.0,2.0,0.0,1.0,8,3,6
73647,16,2,1,0,6,3,0,1,0,1,2,6,2,1,1.0,0.0,1.0,0.0,0.0,2.0,23,6,6
10818,16,2,3,17,8,3,5,5,1,1,1,24,2,2,0.0,0.0,0.0,0.0,0.0,2.0,13,7,1
116162,16,7,3,8,8,3,6,1,0,1,0,36,2,3,1.0,0.0,0.0,1.0,0.0,1.0,13,5,8
172684,16,2,1,2,9,3,0,1,0,1,2,24,1,2,0.0,0.0,0.0,0.0,0.0,1.0,3,1,12
122723,16,2,3,15,6,3,0,1,1,1,1,31,2,2,0.0,0.0,0.0,0.0,0.0,2.0,9,4,9
13268,15,2,1,0,6,3,0,1,0,1,2,5,2,4,1.0,0.0,0.0,0.0,1.0,2.0,22,6,1
138397,17,7,3,0,15,3,0,1,0,1,2,36,2,2,0.0,0.0,0.0,0.0,0.0,2.0,16,6,10
114578,15,3,3,15,10,3,0,1,1,1,2,23,2,2,0.0,0.0,0.0,0.0,0.0,3.0,13,2,8
82259,15,2,3,0,8,3,0,1,0,1,2,36,3,3,5.0,0.0,0.0,5.0,0.0,1.0,16,7,6
120494,17,11,5,15,17,3,5,5,1,1,2,36,2,2,0.0,0.0,0.0,0.0,0.0,4.0,16,5,9
86235,4,2,3,17,2,3,0,1,0,1,2,18,2,2,0.0,0.0,0.0,0.0,0.0,3.0,13,4,6
7607,16,10,0,17,1,3,4,1,1,1,2,18,2,2,0.0,0.0,0.0,0.0,0.0,3.0,16,3,1
5648,16,10,1,10,8,3,4,1,0,1,2,36,3,4,1.0,0.0,0.0,0.0,1.0,3.0,2,1,1
188626,16,2,1,10,8,3,0,1,1,1,1,17,2,2,0.0,0.0,0.0,0.0,0.0,3.0,22,1,12
149605,15,2,1,17,15,3,0,1,1,1,1,5,2,2,0.0,0.0,0.0,0.0,0.0,2.0,19,7,10
71380,16,2,1,10,8,3,0,1,1,1,2,19,2,2,0.0,0.0,0.0,0.0,0.0,2.0,22,6,5
87640,6,2,3,10,9,3,0,1,1,1,0,36,2,2,0.0,0.0,0.0,0.0,0.0,2.0,11,5,6
94707,16,2,3,17,8,3,0,1,0,0,1,22,2,3,1.0,0.0,0.0,1.0,0.0,2.0,13,3,7
112671,16,7,3,17,8,3,6,1,1,1,2,36,2,2,0.0,0.0,0.0,0.0,0.0,2.0,11,7,8
92243,15,2,3,0,6,3,0,1,1,1,1,12,2,2,0.0,0.0,0.0,0.0,0.0,2.0,17,7,7
113612,4,2,3,17,0,3,0,1,0,1,1,17,2,2,0.0,0.0,0.0,0.0,0.0,3.0,15,1,8
56733,15,2,3,10,8,3,0,1,0,1,1,36,2,3,1.0,0.0,0.0,1.0,0.0,2.0,16,1,5
28725,16,2,3,15,8,3,0,1,1,1,1,36,2,2,0.0,0.0,0.0,0.0,0.0,2.0,13,6,3
107111,16,7,1,17,5,3,6,1,1,1,2,19,2,2,0.0,0.0,0.0,0.0,0.0,2.0,0,1,8
20831,15,10,3,10,6,3,4,1,1,1,2,39,2,2,0.0,0.0,0.0,0.0,0.0,2.0,12,5,2
120382,16,2,3,9,2,3,0,1,0,1,2,36,3,3,1.0,0.0,0.0,1.0,0.0,2.0,7,5,8
56908,16,2,3,10,2,3,0,1,1,1,2,19,2,2,0.0,0.0,0.0,0.0,0.0,2.0,17,5,5
84831,16,2,3,0,8,3,5,5,0,1,2,6,3,3,4.0,0.0,0.0,4.0,0.0,4.0,9,3,6
43422,4,2,3,0,8,3,0,1,1,1,2,18,2,2,0.0,0.0,0.0,0.0,0.0,2.0,10,7,4
183753,16,2,1,0,11,3,0,1,0,1,2,6,2,3,2.0,0.0,0.0,1.0,1.0,2.0,23,6,12
28349,15,7,3,14,8,3,6,1,0,1,2,39,2,4,1.0,0.0,0.0,0.0,1.0,2.0,9,5,3
2601,15,2,3,15,8,3,0,1,1,1,2,36,2,2,0.0,0.0,0.0,0.0,0.0,4.0,10,2,1
165599,15,2,3,17,15,3,0,1,0,1,2,6,2,2,0.0,0.0,0.0,0.0,0.0,2.0,11,4,11
79489,4,7,3,17,8,3,6,1,1,1,1,23,2,2,0.0,0.0,0.0,0.0,0.0,3.0,18,7,6
96598,16,2,3,17,1,4,0,1,1,1,2,18,2,2,0.0,0.0,0.0,0.0,0.0,3.0,17,3,7
17089,16,2,3,10,10,3,4,1,0,1,2,22,2,2,0.0,0.0,0.0,0.0,0.0,2.0,15,6,2
79420,16,2,3,17,1,3,0,1,0,1,2,18,2,4,1.0,0.0,0.0,0.0,1.0,3.0,7,6,6
144349,16,2,1,0,15,3,6,1,1,1,1,6,2,2,0.0,0.0,0.0,0.0,0.0,2.0,20,3,10
34485,4,7,3,10,8,3,6,1,1,1,1,17,2,2,0.0,0.0,0.0,0.0,0.0,2.0,9,5,3
133005,17,11,3,7,17,3,5,5,1,1,1,23,2,2,0.0,0.0,0.0,0.0,0.0,1.0,12,4,9
145001,16,2,3,0,6,3,0,1,0,1,2,6,2,2,0.0,0.0,0.0,0.0,0.0,2.0,6,5,10
112086,15,2,2,13,2,3,0,1,1,1,0,18,2,2,0.0,0.0,0.0,0.0,0.0,2.0,18,6,8
116638,16,2,3,2,3,3,0,5,0,1,2,12,1,4,1.0,0.0,0.0,0.0,1.0,0.0,7,7,8
4502,15,2,1,17,8,3,0,1,1,1,2,5,2,2,0.0,0.0,0.0,0.0,0.0,2.0,18,5,1
113255,15,2,3,15,6,3,0,1,1,1,0,36,2,2,0.0,0.0,0.0,0.0,0.0,2.0,8,3,8
139365,4,2,3,10,8,3,0,1,1,1,1,19,2,2,0.0,0.0,0.0,0.0,0.0,2.0,16,4,10
5877,16,7,1,17,2,3,6,1,1,1,2,36,2,2,0.0,0.0,0.0,0.0,0.0,3.0,17,6,1
88780,4,2,3,17,8,3,0,1,1,1,2,36,2,2,0.0,0.0,0.0,0.0,0.0,3.0,11,3,7
139641,16,2,3,10,8,3,0,1,0,1,0,17,2,4,1.0,0.0,0.0,0.0,1.0,1.0,12,2,10
99208,8,2,3,0,8,3,0,1,0,1,2,3,3,4,1.0,0.0,0.0,0.0,1.0,1.0,11,2,7
114899,4,2,3,17,8,3,0,1,0,0,2,36,2,2,0.0,0.0,0.0,0.0,0.0,4.0,12,7,8
187013,15,10,1,17,8,3,4,1,1,1,2,18,2,2,0.0,0.0,0.0,0.0,0.0,2.0,19,2,12
101435,16,2,3,17,15,3,0,1,0,1,2,24,2,2,0.0,0.0,0.0,0.0,0.0,4.0,8,7,7
70488,16,2,1,17,8,3,0,1,1,1,1,36,2,2,0.0,0.0,0.0,0.0,0.0,2.0,22,1,5
116992,15,2,3,10,8,3,0,1,1,1,2,17,2,2,0.0,0.0,0.0,0.0,0.0,2.0,13,5,8
57465,16,2,3,10,8,3,6,1,1,1,1,17,2,2,0.0,0.0,0.0,0.0,0.0,3.0,7,4,5
73580,15,2,3,0,8,3,0,1,0,1,2,36,2,2,0.0,0.0,0.0,0.0,0.0,4.0,14,6,6
2096,16,2,1,10,8,3,0,1,1,1,2,21,2,2,0.0,0.0,0.0,0.0,0.0,2.0,20,7,1
36139,15,2,3,0,6,3,0,1,0,1,2,36,2,2,0.0,0.0,0.0,0.0,0.0,2.0,16,6,3
118111,15,2,3,0,6,3,0,1,1,1,2,18,2,2,0.0,0.0,0.0,0.0,0.0,4.0,13,1,8
149361,16,7,3,10,8,3,6,1,1,1,1,36,2,2,0.0,0.0,0.0,0.0,0.0,2.0,11,2,10
146021,16,2,1,17,6,3,0,1,0,1,2,24,2,3,1.0,0.0,0.0,1.0,0.0,2.0,21,5,10
132409,16,2,1,2,6,3,0,1,0,1,2,8,1,3,1.0,0.0,0.0,1.0,0.0,0.0,23,7,9
176590,16,2,3,17,8,3,0,1,1,1,1,36,2,2,0.0,0.0,0.0,0.0,0.0,2.0,12,7,12
101451,16,2,3,17,6,3,0,1,1,1,2,24,2,2,0.0,0.0,0.0,0.0,0.0,2.0,10,7,7
175885,15,11,0,0,10,3,5,5,1,1,2,18,2,2,0.0,0.0,0.0,0.0,0.0,2.0,1,7,12
43051,16,2,4,17,6,3,0,1,1,1,2,18,2,2,0.0,0.0,0.0,0.0,0.0,5.0,19,1,4
65866,16,2,3,17,3,3,0,1,1,1,2,36,2,2,0.0,0.0,0.0,0.0,0.0,2.0,15,6,5
63456,15,2,3,17,15,3,0,5,1,1,2,26,2,2,0.0,0.0,0.0,0.0,0.0,2.0,11,1,5
156168,16,10,3,10,3,3,6,1,1,1,1,19,2,2,0.0,0.0,0.0,0.0,0.0,2.0,7,4,11
58122,4,2,3,17,8,3,0,1,1,1,2,17,2,2,0.0,0.0,0.0,0.0,0.0,2.0,14,3,5
171015,15,2,1,0,6,3,5,5,0,1,2,36,2,2,0.0,0.0,0.0,0.0,0.0,2.0,17,3,11
89611,15,2,1,0,6,3,0,1,0,1,2,5,3,2,0.0,0.0,0.0,0.0,0.0,3.0,2,1,7
163213,16,2,3,10,10,3,5,5,0,1,2,36,2,4,1.0,0.0,0.0,0.0,1.0,1.0,10,5,11
184172,17,3,5,10,17,5,5,5,1,1,2,36,2,2,0.0,0.0,0.0,0.0,0.0,3.0,17,5,12
184002,16,2,3,15,8,3,0,1,1,1,1,23,2,2,0.0,0.0,0.0,0.0,0.0,3.0,12,4,12
84643,15,2,3,8,8,3,0,5,0,1,2,36,2,3,1.0,0.0,0.0,1.0,0.0,1.0,17,2,6
5012,4,2,3,17,8,3,0,1,1,1,0,18,2,2,0.0,0.0,0.0,0.0,0.0,2.0,13,6,1
127572,16,2,3,10,1,3,0,1,1,1,2,36,3,2,0.0,0.0,0.0,0.0,0.0,3.0,18,3,9
158836,16,7,1,9,10,3,6,5,0,1,0,18,2,3,1.0,0.0,0.0,1.0,0.0,1.0,22,4,11
130828,15,2,3,17,3,4,0,1,0,1,2,18,2,2,0.0,0.0,0.0,0.0,0.0,2.0,6,5,9
111743,15,2,3,0,8,3,0,5,1,1,2,36,2,2,0.0,0.0,0.0,0.0,0.0,2.0,11,1,8
8708,16,2,3,10,8,3,1,1,1,1,0,19,2,2,0.0,0.0,0.0,0.0,0.0,2.0,8,5,1
5320,15,11,5,17,9,3,5,5,1,1,2,36,2,2,0.0,0.0,0.0,0.0,0.0,2.0,17,5,1
4599,16,7,3,17,2,3,6,5,0,1,2,18,2,3,1.0,0.0,0.0,1.0,0.0,1.0,10,6,1
37132,16,2,3,0,15,3,0,5,0,1,1,36,2,2,0.0,0.0,0.0,0.0,0.0,2.0,12,3,3
107948,16,2,3,9,6,3,0,1,0,1,2,22,2,3,2.0,0.0,0.0,2.0,0.0,0.0,19,7,8
63811,16,2,3,17,8,3,0,5,0,1,2,18,2,3,1.0,0.0,0.0,1.0,0.0,1.0,8,7,5
114848,16,2,3,17,8,3,0,1,1,1,2,24,2,2,0.0,0.0,0.0,0.0,0.0,3.0,15,7,8
137788,15,2,1,17,6,3,0,5,1,1,2,24,2,2,0.0,0.0,0.0,0.0,0.0,4.0,21,3,10
37446,16,2,1,0,6,3,0,5,0,1,2,6,2,1,1.0,0.0,1.0,0.0,0.0,2.0,0,1,3
46025,15,2,3,0,15,3,0,1,0,1,2,36,2,4,3.0,0.0,0.0,0.0,3.0,1.0,13,6,4
16336,15,2,3,9,8,3,0,1,0,1,2,17,2,1,1.0,0.0,1.0,0.0,0.0,1.0,12,6,2
105654,16,2,1,14,11,3,0,1,0,1,2,11,2,2,0.0,0.0,0.0,0.0,0.0,2.0,22,6,8
53602,15,2,3,9,6,3,0,1,0,1,2,18,2,3,1.0,0.0,0.0,1.0,0.0,1.0,17,6,4
173022,16,2,1,17,6,4,0,1,0,1,2,36,3,2,0.0,0.0,0.0,0.0,0.0,3.0,18,5,12
18506,15,2,1,17,6,3,0,1,1,1,1,18,2,2,0.0,0.0,0.0,0.0,0.0,2.0,23,7,2
85002,16,2,3,17,8,3,0,1,1,1,2,23,2,2,0.0,0.0,0.0,0.0,0.0,2.0,13,7,6
172124,16,11,1,10,6,3,5,5,1,0,1,36,2,2,0.0,0.0,0.0,0.0,0.0,2.0,21,7,11
90203,16,2,3,15,6,3,0,1,1,1,2,23,2,2,0.0,0.0,0.0,0.0,0.0,2.0,20,3,7
47842,16,2,3,17,8,3,0,5,1,1,2,19,2,2,0.0,0.0,0.0,0.0,0.0,2.0,15,4,4
135541,16,7,1,10,2,3,6,1,1,1,1,19,2,2,0.0,0.0,0.0,0.0,0.0,3.0,22,6,9
52778,16,2,1,10,8,3,0,1,0,1,2,36,2,2,0.0,0.0,0.0,0.0,0.0,3.0,0,7,4
130929,16,2,3,10,8,3,0,1,1,1,2,19,2,2,0.0,0.0,0.0,0.0,0.0,7.0,11,7,9
75494,16,2,3,11,6,3,0,1,1,1,2,28,2,2,0.0,0.0,0.0,0.0,0.0,2.0,12,6,6
163468,15,2,3,0,10,3,0,1,0,1,2,18,2,3,2.0,0.0,0.0,2.0,0.0,0.0,8,3,11
60053,16,2,1,0,8,3,0,1,1,1,2,18,2,2,0.0,0.0,0.0,0.0,0.0,2.0,0,3,5
103585,16,2,3,10,3,3,0,1,1,1,1,19,2,2,0.0,0.0,0.0,0.0,0.0,2.0,11,4,7
8349,15,2,0,7,10,3,4,1,0,1,2,26,2,2,0.0,0.0,0.0,0.0,0.0,1.0,18,1,1
188566,17,2,3,17,8,3,0,5,1,1,2,26,2,2,0.0,0.0,0.0,0.0,0.0,2.0,11,7,12
99806,6,2,1,2,3,3,0,1,0,1,0,24,1,2,0.0,0.0,0.0,0.0,0.0,1.0,20,3,7
74746,16,2,1,10,6,3,0,1,1,1,2,36,2,2,0.0,0.0,0.0,0.0,0.0,3.0,1,2,6
61762,4,2,3,5,8,3,0,1,1,1,2,36,1,2,0.0,0.0,0.0,0.0,0.0,1.0,8,3,5
173813,16,7,0,0,8,3,6,1,0,1,2,17,2,3,1.0,0.0,0.0,1.0,0.0,2.0,21,2,12
83859,15,7,1,0,6,2,6,5,1,1,2,18,2,2,0.0,0.0,0.0,0.0,0.0,2.0,23,1,6
35768,4,2,2,15,8,3,0,5,1,1,2,36,2,2,0.0,0.0,0.0,0.0,0.0,2.0,18,7,3
164748,16,2,1,15,3,3,0,5,1,1,2,36,2,2,0.0,0.0,0.0,0.0,0.0,3.0,18,5,11
79404,16,2,3,17,2,3,0,1,1,1,2,18,2,2,0.0,0.0,0.0,0.0,0.0,2.0,17,6,6
4171,16,2,3,15,2,3,0,1,0,1,2,6,2,3,5.0,0.0,0.0,5.0,0.0,2.0,16,1,1
53274,15,2,3,17,8,3,0,1,0,0,2,24,2,2,0.0,0.0,0.0,0.0,0.0,2.0,9,2,4
155741,16,3,1,15,1,3,0,1,1,1,1,17,2,2,0.0,0.0,0.0,0.0,0.0,2.0,6,4,11
166917,4,5,3,10,6,3,6,1,1,1,1,19,2,2,0.0,0.0,0.0,0.0,0.0,2.0,15,4,11
80686,15,2,1,0,2,3,0,1,1,1,2,5,2,2,0.0,0.0,0.0,0.0,0.0,2.0,21,5,6
69125,16,2,3,17,15,3,0,5,0,1,2,6,2,2,0.0,0.0,0.0,0.0,0.0,3.0,17,1,5
179002,4,7,1,9,8,3,6,1,0,1,1,18,2,3,1.0,0.0,0.0,1.0,0.0,1.0,17,5,12
76540,17,11,5,15,2,3,5,5,1,1,2,36,2,2,0.0,0.0,0.0,0.0,0.0,2.0,16,6,6
17670,15,2,3,17,6,3,0,1,1,1,2,24,2,2,0.0,0.0,0.0,0.0,0.0,2.0,13,2,2
80024,16,2,1,17,8,3,6,1,0,1,2,6,2,3,1.0,0.0,0.0,1.0,0.0,1.0,4,1,6
35323,16,2,3,0,11,3,0,1,1,1,2,12,2,2,0.0,0.0,0.0,0.0,0.0,2.0,16,5,3
30912,15,2,3,0,6,3,0,1,0,1,2,36,2,3,3.0,0.0,0.0,3.0,0.0,0.0,14,4,3
162358,15,2,3,0,6,3,0,5,0,1,2,36,2,4,1.0,0.0,0.0,0.0,1.0,1.0,13,3,11
82933,16,2,1,17,8,3,0,1,0,1,2,18,2,2,0.0,0.0,0.0,0.0,0.0,2.0,23,2,6
96929,16,2,3,17,8,3,0,1,1,1,0,36,2,2,0.0,0.0,0.0,0.0,0.0,2.0,17,2,7
147045,15,2,1,0,10,3,0,1,0,1,2,36,5,2,0.0,0.0,0.0,0.0,0.0,2.0,23,4,10
84827,4,2,3,9,8,3,0,1,0,1,0,18,2,3,1.0,0.0,0.0,1.0,0.0,11.0,9,3,6
187605,4,2,3,15,2,3,4,1,1,1,2,36,2,2,0.0,0.0,0.0,0.0,0.0,2.0,11,6,12
13609,16,10,3,10,8,4,4,1,1,1,2,36,2,2,0.0,0.0,0.0,0.0,0.0,2.0,7,6,1
162867,16,2,3,17,8,3,0,1,1,1,2,36,2,2,0.0,0.0,0.0,0.0,0.0,2.0,13,2,11
188589,16,2,3,10,2,3,2,5,0,1,2,36,2,3,1.0,0.0,0.0,1.0,0.0,1.0,15,1,12
154135,15,7,3,17,6,3,6,1,1,1,2,36,2,2,0.0,0.0,0.0,0.0,0.0,2.0,13,6,10
183027,15,2,1,17,10,3,0,1,1,1,1,24,2,2,0.0,0.0,0.0,0.0,0.0,3.0,0,1,12
58746,16,11,3,10,2,3,5,1,0,1,2,36,2,2,0.0,0.0,0.0,0.0,0.0,3.0,12,5,5
176271,16,2,1,10,8,3,0,1,1,1,1,19,2,2,0.0,0.0,0.0,0.0,0.0,2.0,21,4,12
56985,16,2,3,15,2,3,0,5,1,1,1,23,2,2,0.0,0.0,0.0,0.0,0.0,2.0,17,4,5
173823,16,2,3,17,8,3,0,1,1,1,2,36,2,2,0.0,0.0,0.0,0.0,0.0,2.0,11,2,12
68413,15,11,1,0,6,3,5,5,1,1,2,18,2,2,0.0,0.0,0.0,0.0,0.0,2.0,14,4,5
55355,17,2,4,17,2,3,5,5,1,1,2,36,2,2,0.0,0.0,0.0,0.0,0.0,4.0,20,6,4
109900,16,2,1,17,3,3,0,1,0,1,2,18,2,2,0.0,0.0,0.0,0.0,0.0,4.0,15,1,8
53252,16,2,3,10,2,3,0,1,1,1,1,19,2,2,0.0,0.0,0.0,0.0,0.0,2.0,16,2,4
5491,16,2,4,10,8,3,0,1,1,1,2,36,2,2,0.0,0.0,0.0,0.0,0.0,3.0,16,6,1
137785,4,2,3,17,8,3,0,1,1,1,2,36,2,2,0.0,0.0,0.0,0.0,0.0,2.0,8,3,10
167058,16,2,3,15,8,3,0,1,1,0,2,36,2,2,0.0,0.0,0.0,0.0,0.0,2.0,15,3,11
36772,4,2,1,10,8,3,0,1,0,1,2,17,2,2,0.0,0.0,0.0,0.0,0.0,2.0,22,2,3
179309,15,2,3,0,6,3,0,1,0,1,2,5,2,4,3.0,0.0,0.0,0.0,3.0,0.0,15,4,12
117475,16,2,3,8,8,3,0,1,1,1,1,36,2,2,0.0,0.0,0.0,0.0,0.0,2.0,18,5,8
117608,15,2,4,17,10,3,0,1,1,1,2,18,2,2,0.0,0.0,0.0,0.0,0.0,2.0,17,7,8
69890,15,2,3,0,6,3,0,1,1,1,2,26,2,2,0.0,0.0,0.0,0.0,0.0,2.0,16,6,5
25683,16,2,3,17,8,3,0,1,0,1,2,36,2,2,0.0,0.0,0.0,0.0,0.0,2.0,9,6,2
132060,17,7,5,9,8,3,6,5,0,1,2,36,2,3,1.0,0.0,0.0,1.0,0.0,1.0,21,7,9
152865,16,2,3,17,10,3,0,1,0,1,2,18,2,2,0.0,0.0,0.0,0.0,0.0,2.0,11,6,10
178868,15,2,3,17,8,3,0,1,1,1,1,36,2,2,0.0,0.0,0.0,0.0,0.0,2.0,13,3,12
6208,17,2,0,10,17,3,0,5,1,1,2,36,2,2,0.0,0.0,0.0,0.0,0.0,2.0,19,4,1
52303,16,2,3,10,2,3,0,1,1,1,2,23,2,2,0.0,0.0,0.0,0.0,0.0,3.0,19,6,4
26699,16,2,3,10,2,3,0,1,1,1,0,17,2,2,0.0,0.0,0.0,0.0,0.0,2.0,6,1,2
38996,16,7,2,10,2,3,6,1,0,1,2,19,2,2,0.0,0.0,0.0,0.0,0.0,5.0,18,1,3
37787,17,2,3,14,17,3,0,1,1,1,2,36,2,2,0.0,0.0,0.0,0.0,0.0,2.0,15,1,3
116438,16,2,3,0,6,3,0,1,1,1,2,18,2,2,0.0,0.0,0.0,0.0,0.0,2.0,7,3,8
95408,16,2,3,10,6,3,0,5,1,0,2,36,2,2,0.0,0.0,0.0,0.0,0.0,2.0,17,7,7
136583,16,2,3,0,3,3,0,1,0,1,2,6,2,2,0.0,0.0,0.0,0.0,0.0,2.0,12,6,9
160189,15,2,3,0,6,3,0,1,1,1,2,21,2,2,0.0,0.0,0.0,0.0,0.0,2.0,15,6,11
11759,16,10,3,10,10,3,4,1,1,1,2,39,2,2,0.0,0.0,0.0,0.0,0.0,2.0,9,2,1
51857,4,2,3,17,6,3,0,1,0,1,2,36,2,3,2.0,0.0,0.0,1.0,1.0,1.0,8,5,4
12038,16,2,3,17,8,3,1,5,0,1,2,39,2,4,1.0,0.0,0.0,0.0,1.0,1.0,7,6,1
84308,16,2,1,17,6,3,0,1,0,1,2,22,2,2,0.0,0.0,0.0,0.0,0.0,2.0,2,2,6
89008,16,2,1,10,8,3,0,1,1,1,2,36,3,2,0.0,0.0,0.0,0.0,0.0,5.0,3,6,7
183966,16,2,1,13,19,3,0,1,0,1,2,13,3,2,0.0,0.0,0.0,0.0,0.0,3.0,16,4,12
185764,15,2,1,10,8,3,0,5,1,1,2,36,2,2,0.0,0.0,0.0,0.0,0.0,3.0,22,3,12
71,15,2,1,17,10,3,0,1,1,1,1,17,2,2,0.0,0.0,0.0,0.0,0.0,4.0,17,2,1
51575,16,2,1,0,8,3,0,5,0,1,2,36,2,3,1.0,0.0,0.0,1.0,0.0,1.0,0,6,4
85654,16,2,3,9,8,3,0,1,0,1,0,36,2,4,1.0,0.0,0.0,0.0,1.0,1.0,19,2,6
156236,17,11,5,0,10,3,5,5,1,1,0,36,2,2,0.0,0.0,0.0,0.0,0.0,2.0,18,6,11
91092,4,2,3,0,2,3,0,1,0,1,2,19,2,2,0.0,0.0,0.0,0.0,0.0,2.0,14,3,7
170873,16,2,1,10,8,3,0,1,1,1,2,36,2,2,0.0,0.0,0.0,0.0,0.0,2.0,22,7,11
112028,16,2,3,10,8,3,0,1,1,1,2,18,2,2,0.0,0.0,0.0,0.0,0.0,4.0,18,5,8
71446,4,2,1,0,8,3,0,1,1,1,1,18,2,2,0.0,0.0,0.0,0.0,0.0,4.0,20,1,5
156282,16,7,3,10,2,3,6,1,0,1,2,6,2,3,2.0,0.0,0.0,2.0,0.0,2.0,13,4,11
182039,15,2,3,15,8,3,0,1,1,1,0,36,2,2,0.0,0.0,0.0,0.0,0.0,3.0,13,4,12
75693,16,2,1,17,16,3,0,5,0,1,2,18,2,3,2.0,0.0,0.0,1.0,1.0,3.0,1,2,6
164549,15,2,1,0,18,3,6,1,0,1,2,18,2,2,0.0,0.0,0.0,0.0,0.0,4.0,3,4,11
86684,16,7,3,0,6,3,6,1,0,1,2,6,2,3,1.0,0.0,0.0,1.0,0.0,1.0,7,6,6
169863,16,2,1,17,8,3,0,4,1,1,2,24,2,2,0.0,0.0,0.0,0.0,0.0,2.0,18,5,11
106237,16,2,1,17,8,3,0,1,1,1,2,36,2,2,0.0,0.0,0.0,0.0,0.0,2.0,4,1,8
87158,18,2,1,17,8,3,0,1,0,1,2,18,2,3,1.0,0.0,0.0,1.0,0.0,4.0,23,5,6
180941,15,2,1,15,15,3,6,1,1,1,1,23,2,2,0.0,0.0,0.0,0.0,0.0,3.0,21,2,12
106789,15,2,3,14,2,3,0,1,1,0,2,6,2,2,0.0,0.0,0.0,0.0,0.0,2.0,11,2,8
27877,15,2,3,0,6,3,0,1,1,1,2,18,2,2,0.0,0.0,0.0,0.0,0.0,2.0,14,1,2
183165,16,7,1,0,2,3,6,1,0,1,2,6,2,4,2.0,0.0,0.0,0.0,2.0,0.0,19,5,12