crash_date,               traffic_control_device,weather_condition,lighting_condition,first_crash_type,trafficway_type,alignment,roadway_surface_cond,road_defect,crash_type,intersection_related_i,damage,prim_contributory_cause,num_units,most_severe_injury,injuries_total,injuries_fatal,injuries_incapacitating,injuries_non_incapacitating,injuries_reported_not_evident,injuries_no_indication,crash_hour,crash_day_of_week,crash_month
18970,16,2,3,17,8,3,6,1,0,1,2,24,4,3,3.0,0.0,0.0,3.0,0.0,6.0,15,3,2
119235,16,2,1,17,6,3,0,1,1,1,2,22,2,2,0.0,0.0,0.0,0.0,0.0,6.0,21,2,8
141799,16,2,3,15,6,3,0,1,0,1,2,22,2,3,1.0,0.0,0.0,1.0,0.0,1.0,4,3,10
126511,15,7,3,10,6,3,6,5,1,1,2,3,2,2,0.0,0.0,0.0,0.0,0.0,2.0,11,2,9
175457,16,2,3,9,2,3,0,1,0,1,0,6,2,4,1.0,0.0,0.0,0.0,1.0,1.0,13,5,12
186556,16,7,0,10,8,3,6,1,0,1,2,19,2,3,1.0,0.0,0.0,1.0,0.0,1.0,14,5,12
66056,16,2,3,17,6,3,0,1,1,1,2,24,2,2,0.0,0.0,0.0,0.0,0.0,2.0,12,2,5
133117,16,2,1,10,3,3,0,1,1,1,2,36,2,2,0.0,0.0,0.0,0.0,0.0,2.0,3,1,9
130198,4,2,3,17,8,3,0,1,1,1,1,24,2,2,0.0,0.0,0.0,0.0,0.0,2.0,7,3,9
83257,4,7,3,15,8,3,6,5,1,1,1,24,2,2,0.0,0.0,0.0,0.0,0.0,3.0,11,6,6
100856,15,2,3,10,8,3,0,1,1,1,0,19,2,2,0.0,0.0,0.0,0.0,0.0,2.0,12,5,7
157037,15,2,3,17,2,3,0,1,1,1,2,18,2,2,0.0,0.0,0.0,0.0,0.0,5.0,12,7,11
16965,16,7,4,10,8,3,6,1,1,1,1,19,2,2,0.0,0.0,0.0,0.0,0.0,2.0,17,3,2
89436,16,7,3,10,8,3,6,1,1,1,2,21,2,2,0.0,0.0,0.0,0.0,0.0,2.0,19,4,7
177005,16,2,1,17,8,3,0,1,0,1,2,24,2,2,0.0,0.0,0.0,0.0,0.0,2.0,19,7,12
171273,16,2,3,10,2,3,6,1,1,1,2,26,2,2,0.0,0.0,0.0,0.0,0.0,3.0,12,5,11
34665,15,2,3,0,8,3,0,1,1,1,1,36,2,2,0.0,0.0,0.0,0.0,0.0,3.0,16,3,3
90625,16,2,0,0,2,3,0,1,0,1,2,6,2,3,3.0,0.0,0.0,3.0,0.0,1.0,0,2,7
5312,16,2,4,10,2,3,0,1,1,1,0,19,2,2,0.0,0.0,0.0,0.0,0.0,2.0,16,5,1
146485,15,2,2,0,3,3,0,1,0,1,2,18,2,2,0.0,0.0,0.0,0.0,0.0,3.0,7,3,10
11985,16,2,1,15,10,3,0,1,1,1,1,22,2,2,0.0,0.0,0.0,0.0,0.0,3.0,21,5,1
74668,16,2,1,17,2,3,0,1,0,1,2,36,2,3,1.0,0.0,0.0,1.0,0.0,1.0,0,7,6
77025,16,2,3,15,6,3,0,5,0,1,1,19,2,1,1.0,0.0,1.0,0.0,0.0,1.0,13,2,6
125779,16,2,0,17,8,3,0,1,1,1,2,36,2,2,0.0,0.0,0.0,0.0,0.0,2.0,19,6,9
78776,16,7,3,10,8,3,6,1,1,1,1,19,2,2,0.0,0.0,0.0,0.0,0.0,2.0,18,4,6
24800,16,2,1,0,8,3,0,1,1,1,2,36,2,2,0.0,0.0,0.0,0.0,0.0,2.0,21,4,2
8573,16,2,1,17,8,3,0,1,1,1,1,36,2,2,0.0,0.0,0.0,0.0,0.0,2.0,19,6,1
84214,16,2,1,15,8,3,0,1,1,1,0,12,2,2,0.0,0.0,0.0,0.0,0.0,2.0,20,7,6
145837,16,2,3,15,3,3,0,1,1,0,2,23,2,2,0.0,0.0,0.0,0.0,0.0,2.0,11,1,10
78039,16,2,3,17,8,3,5,5,1,1,1,36,2,2,0.0,0.0,0.0,0.0,0.0,2.0,15,2,6
76110,18,2,3,0,11,3,0,1,1,1,2,7,2,2,0.0,0.0,0.0,0.0,0.0,2.0,18,7,6
22951,16,2,1,17,6,3,0,1,0,1,2,6,2,2,0.0,0.0,0.0,0.0,0.0,3.0,22,6,2
100711,16,2,3,15,6,3,0,5,1,1,0,22,2,2,0.0,0.0,0.0,0.0,0.0,2.0,9,5,7
175080,16,2,3,10,3,3,0,1,0,1,2,19,2,2,0.0,0.0,0.0,0.0,0.0,2.0,15,6,12
132980,16,2,3,17,2,3,6,5,0,1,2,35,2,3,3.0,0.0,0.0,3.0,0.0,0.0,10,1,9
83563,16,2,3,17,8,3,0,1,1,1,0,18,2,2,0.0,0.0,0.0,0.0,0.0,2.0,9,5,6
111353,16,2,1,13,6,3,0,5,0,1,2,18,2,3,1.0,0.0,0.0,1.0,0.0,1.0,2,4,8
53586,16,11,3,0,2,3,5,5,1,1,1,6,2,2,0.0,0.0,0.0,0.0,0.0,2.0,16,6,4
181676,16,2,4,17,3,3,1,1,0,1,2,18,3,3,1.0,0.0,0.0,1.0,0.0,3.0,16,7,12
79,16,2,1,17,2,3,0,1,0,1,2,38,2,2,0.0,0.0,0.0,0.0,0.0,5.0,19,2,1
69350,4,2,3,0,8,3,0,1,0,1,2,17,2,2,0.0,0.0,0.0,0.0,0.0,3.0,18,4,5
171322,15,2,3,17,13,3,6,1,0,1,2,18,2,2,0.0,0.0,0.0,0.0,0.0,4.0,15,1,11
67473,4,2,3,10,2,3,0,5,1,1,2,36,2,2,0.0,0.0,0.0,0.0,0.0,4.0,17,3,5
153830,16,2,1,17,1,4,0,1,0,1,2,18,2,4,1.0,0.0,0.0,0.0,1.0,3.0,3,2,10
75818,15,2,1,17,2,3,0,5,1,1,2,5,2,2,0.0,0.0,0.0,0.0,0.0,3.0,0,3,6
104552,16,2,3,10,8,3,0,5,1,1,2,36,2,2,0.0,0.0,0.0,0.0,0.0,2.0,18,4,8
21577,16,2,3,15,1,3,0,5,1,0,1,36,2,2,0.0,0.0,0.0,0.0,0.0,2.0,17,4,2
31906,16,7,1,0,11,3,6,1,1,1,2,6,2,2,0.0,0.0,0.0,0.0,0.0,3.0,2,4,3
183277,4,2,3,7,10,3,0,1,1,1,0,19,2,2,0.0,0.0,0.0,0.0,0.0,1.0,11,6,12
14432,15,10,3,11,2,3,4,1,1,1,2,21,2,2,0.0,0.0,0.0,0.0,0.0,6.0,13,1,1
5203,16,2,1,15,8,3,5,5,1,1,1,22,2,2,0.0,0.0,0.0,0.0,0.0,2.0,19,3,1
154596,16,7,3,10,8,3,6,1,0,1,2,19,2,4,1.0,0.0,0.0,0.0,1.0,1.0,15,4,10
102835,16,2,2,17,8,3,0,1,0,1,2,6,2,2,0.0,0.0,0.0,0.0,0.0,3.0,18,2,7
152887,15,7,1,0,10,3,6,1,1,1,2,5,2,2,0.0,0.0,0.0,0.0,0.0,2.0,17,7,10
50142,16,2,1,17,6,3,5,5,1,1,2,18,2,2,0.0,0.0,0.0,0.0,0.0,4.0,23,2,4
124808,15,2,3,17,10,3,0,1,0,1,2,9,2,4,1.0,0.0,0.0,0.0,1.0,1.0,17,6,9
158604,16,2,3,10,8,3,5,5,1,1,2,36,2,2,0.0,0.0,0.0,0.0,0.0,2.0,15,6,11
91599,16,2,3,17,6,5,0,5,1,1,2,12,2,2,0.0,0.0,0.0,0.0,0.0,2.0,14,4,7
105286,4,2,3,0,8,3,0,1,0,1,2,36,2,2,0.0,0.0,0.0,0.0,0.0,4.0,17,2,8
63889,16,2,3,17,6,3,0,5,0,1,2,18,2,3,1.0,0.0,0.0,1.0,0.0,2.0,14,2,5
8608,16,2,3,15,2,3,0,1,1,1,1,23,2,2,0.0,0.0,0.0,0.0,0.0,2.0,7,2,1
118706,15,2,3,9,8,3,0,1,0,1,2,5,2,3,1.0,0.0,0.0,1.0,0.0,2.0,7,2,8
134102,16,2,1,14,8,3,0,1,1,1,2,26,2,2,0.0,0.0,0.0,0.0,0.0,2.0,19,3,9
131953,15,2,3,0,8,3,0,1,0,1,2,18,2,3,1.0,0.0,0.0,1.0,0.0,2.0,16,6,9
15602,16,2,3,10,10,3,0,1,1,1,1,19,3,2,0.0,0.0,0.0,0.0,0.0,4.0,11,5,2
19838,16,2,1,15,3,3,0,1,0,1,2,17,4,2,0.0,0.0,0.0,0.0,0.0,4.0,18,3,2
65044,16,2,1,17,2,3,0,1,0,0,2,24,2,4,1.0,0.0,0.0,0.0,1.0,1.0,22,7,5
66175,4,3,3,2,15,3,0,1,1,1,0,36,1,2,0.0,0.0,0.0,0.0,0.0,1.0,14,3,5
156365,16,11,1,10,8,3,5,5,1,1,1,36,2,2,0.0,0.0,0.0,0.0,0.0,2.0,18,5,11
147863,16,2,3,0,8,3,0,1,1,1,2,36,2,2,0.0,0.0,0.0,0.0,0.0,2.0,15,4,10
158737,16,2,1,10,2,3,0,1,1,1,2,10,2,2,0.0,0.0,0.0,0.0,0.0,2.0,19,3,11
162305,15,2,3,0,6,3,0,1,1,1,2,18,2,2,0.0,0.0,0.0,0.0,0.0,2.0,14,1,11
4709,15,2,3,0,6,3,0,5,0,1,2,36,2,2,0.0,0.0,0.0,0.0,0.0,2.0,9,2,1
98517,15,2,3,0,11,3,0,1,0,1,2,18,2,2,0.0,0.0,0.0,0.0,0.0,2.0,16,5,7
52557,16,2,3,17,11,3,0,1,1,1,2,26,2,2,0.0,0.0,0.0,0.0,0.0,2.0,8,2,4
114399,15,7,3,11,15,3,6,5,0,1,0,36,2,3,1.0,0.0,0.0,1.0,0.0,1.0,9,7,8
188783,16,2,1,0,11,3,0,1,0,1,2,17,2,3,2.0,0.0,0.0,2.0,0.0,1.0,13,5,12
174253,4,2,3,17,15,3,0,1,1,0,2,8,2,2,0.0,0.0,0.0,0.0,0.0,2.0,8,4,12
105188,15,2,3,0,2,3,0,1,1,1,2,17,2,2,0.0,0.0,0.0,0.0,0.0,3.0,11,6,8
162304,15,2,3,0,8,3,0,1,1,1,2,5,2,2,0.0,0.0,0.0,0.0,0.0,2.0,13,1,11
21648,4,2,3,10,8,3,6,1,0,1,2,19,3,4,1.0,0.0,0.0,0.0,1.0,2.0,15,5,2
105574,16,2,0,17,6,3,0,1,1,1,2,6,2,2,0.0,0.0,0.0,0.0,0.0,2.0,23,7,8
150960,15,2,3,0,8,3,0,1,1,1,1,36,2,2,0.0,0.0,0.0,0.0,0.0,4.0,9,2,10
84514,16,2,3,10,2,3,0,1,1,1,2,36,2,2,0.0,0.0,0.0,0.0,0.0,2.0,15,6,6
98245,15,2,3,17,10,3,0,1,1,1,1,24,2,2,0.0,0.0,0.0,0.0,0.0,3.0,15,7,7
158256,15,2,3,0,9,3,0,1,1,1,2,5,2,2,0.0,0.0,0.0,0.0,0.0,2.0,9,3,11
56698,16,2,1,17,6,3,0,1,0,1,2,6,2,2,0.0,0.0,0.0,0.0,0.0,2.0,22,7,5
46198,16,2,1,10,8,3,0,1,0,1,2,8,2,3,1.0,0.0,0.0,1.0,0.0,1.0,23,1,4
116729,4,2,3,17,2,3,0,1,1,1,2,18,2,2,0.0,0.0,0.0,0.0,0.0,3.0,9,6,8
92536,16,2,3,3,6,3,0,1,0,1,2,6,2,3,5.0,0.0,0.0,5.0,0.0,1.0,16,4,7
8533,16,2,3,10,8,3,0,1,1,1,2,12,2,2,0.0,0.0,0.0,0.0,0.0,2.0,9,4,1
94002,16,2,3,10,2,3,0,1,1,1,2,19,2,2,0.0,0.0,0.0,0.0,0.0,3.0,18,5,7
130495,16,2,3,0,2,3,0,1,0,1,2,6,3,3,1.0,0.0,0.0,1.0,0.0,5.0,11,1,9
72658,16,2,3,17,6,3,0,1,1,1,2,36,2,2,0.0,0.0,0.0,0.0,0.0,3.0,11,5,6
129948,15,2,1,0,6,3,0,1,0,1,2,18,2,4,1.0,0.0,0.0,0.0,1.0,2.0,1,1,9
23604,4,11,1,0,8,3,4,5,1,1,1,36,2,2,0.0,0.0,0.0,0.0,0.0,3.0,18,3,2
24309,16,2,3,17,6,3,0,1,0,1,2,18,2,2,0.0,0.0,0.0,0.0,0.0,3.0,10,1,2
34758,16,7,3,0,2,3,6,1,0,1,1,36,2,4,1.0,0.0,0.0,0.0,1.0,1.0,8,5,3
125736,15,2,3,0,6,3,0,1,0,1,2,18,2,2,0.0,0.0,0.0,0.0,0.0,3.0,13,6,9
45528,16,7,4,10,8,3,6,1,1,1,0,6,2,2,0.0,0.0,0.0,0.0,0.0,2.0,18,4,4
134524,4,2,3,0,2,3,0,1,1,1,2,36,2,2,0.0,0.0,0.0,0.0,0.0,2.0,11,7,9
174436,15,2,3,0,8,3,4,1,1,1,2,36,2,2,0.0,0.0,0.0,0.0,0.0,2.0,8,4,12
187730,15,7,0,17,8,3,6,1,1,1,1,36,2,2,0.0,0.0,0.0,0.0,0.0,3.0,21,1,12
110952,16,2,2,17,1,3,0,1,0,1,2,18,2,1,3.0,0.0,1.0,0.0,2.0,0.0,5,3,8
99986,15,7,3,0,6,3,6,1,1,1,2,39,2,2,0.0,0.0,0.0,0.0,0.0,3.0,16,7,7
67371,16,2,3,0,2,3,0,1,0,1,2,6,2,3,1.0,0.0,0.0,1.0,0.0,2.0,7,1,5
63019,16,2,1,17,6,3,6,5,1,1,2,36,2,2,0.0,0.0,0.0,0.0,0.0,2.0,20,1,5
142435,16,2,3,15,19,3,0,5,1,1,2,36,2,2,0.0,0.0,0.0,0.0,0.0,2.0,15,6,10
9034,16,2,3,9,6,3,0,5,0,1,0,18,2,3,1.0,0.0,0.0,1.0,0.0,1.0,13,5,1
102930,16,2,3,10,8,3,0,1,1,1,2,19,2,2,0.0,0.0,0.0,0.0,0.0,2.0,15,2,7
57077,16,2,3,17,8,3,0,1,1,1,2,18,2,2,0.0,0.0,0.0,0.0,0.0,2.0,12,5,5
106586,16,2,1,0,6,3,5,5,0,1,2,6,2,3,1.0,0.0,0.0,1.0,0.0,1.0,21,7,8
143986,16,2,3,15,8,3,0,1,1,1,2,36,2,2,0.0,0.0,0.0,0.0,0.0,2.0,11,6,10
117832,15,2,1,0,8,3,0,1,0,1,2,5,2,2,0.0,0.0,0.0,0.0,0.0,2.0,21,2,8
113544,16,2,3,17,1,3,0,1,0,1,2,17,3,2,0.0,0.0,0.0,0.0,0.0,3.0,16,6,8
178310,16,2,3,17,8,3,0,1,0,1,2,24,3,3,1.0,0.0,0.0,1.0,0.0,2.0,16,3,12
66253,16,2,3,9,8,3,0,1,0,1,2,36,2,3,1.0,0.0,0.0,1.0,0.0,1.0,15,5,5
87306,16,2,1,15,8,3,0,1,1,1,0,36,2,2,0.0,0.0,0.0,0.0,0.0,2.0,4,7,6
56002,8,2,3,0,6,3,0,1,0,1,2,36,2,2,0.0,0.0,0.0,0.0,0.0,2.0,10,3,4
164461,16,2,3,2,8,3,0,1,1,1,2,36,1,2,0.0,0.0,0.0,0.0,0.0,1.0,11,2,11
59550,4,2,3,7,8,3,0,1,1,0,2,8,2,2,0.0,0.0,0.0,0.0,0.0,3.0,16,3,5
171281,16,2,3,15,8,3,0,1,1,1,2,22,2,2,0.0,0.0,0.0,0.0,0.0,2.0,16,6,11
88031,15,2,1,0,6,3,0,1,0,1,2,18,2,2,0.0,0.0,0.0,0.0,0.0,3.0,0,4,7
117290,16,4,1,10,3,3,0,1,0,1,2,19,2,2,0.0,0.0,0.0,0.0,0.0,3.0,4,1,8
54062,15,2,1,15,10,3,0,1,1,1,2,21,2,2,0.0,0.0,0.0,0.0,0.0,2.0,20,6,4
48930,16,2,3,0,6,3,0,5,0,1,2,6,2,2,0.0,0.0,0.0,0.0,0.0,4.0,13,2,4
31641,15,2,3,17,6,3,0,1,1,1,2,36,2,2,0.0,0.0,0.0,0.0,0.0,3.0,12,1,3
152395,16,7,4,17,2,3,6,1,1,1,2,2,2,2,0.0,0.0,0.0,0.0,0.0,2.0,18,7,10
89239,4,2,2,7,8,3,0,1,1,1,2,24,2,2,0.0,0.0,0.0,0.0,0.0,1.0,18,2,7
101794,16,2,3,10,15,3,0,1,0,1,0,19,2,4,1.0,0.0,0.0,0.0,1.0,4.0,9,7,7
530,16,2,0,17,8,3,6,1,1,1,2,36,2,2,0.0,0.0,0.0,0.0,0.0,2.0,19,2,1
78774,15,7,3,0,8,3,6,1,1,1,0,36,2,2,0.0,0.0,0.0,0.0,0.0,8.0,18,4,6
102953,15,2,3,15,8,3,0,1,1,1,2,36,2,2,0.0,0.0,0.0,0.0,0.0,2.0,7,2,7
163928,16,2,0,2,8,3,6,1,0,1,2,28,1,2,0.0,0.0,0.0,0.0,0.0,1.0,19,2,11
174451,16,2,0,0,8,3,0,1,0,1,2,6,2,2,0.0,0.0,0.0,0.0,0.0,2.0,22,4,12
136444,16,7,3,0,6,3,6,1,0,1,2,36,4,3,1.0,0.0,0.0,1.0,0.0,4.0,7,7,9
68991,16,2,3,17,6,3,0,1,0,1,2,18,2,4,1.0,0.0,0.0,0.0,1.0,2.0,9,5,5
125515,4,2,3,17,11,3,0,1,0,1,2,24,2,4,1.0,0.0,0.0,0.0,1.0,1.0,9,1,9
11971,16,2,1,17,3,2,0,1,0,1,2,18,2,2,0.0,0.0,0.0,0.0,0.0,3.0,19,5,1
183610,16,2,0,17,3,3,0,1,1,1,2,18,2,2,0.0,0.0,0.0,0.0,0.0,2.0,16,4,12
112682,16,7,3,17,6,3,6,1,1,1,2,22,2,2,0.0,0.0,0.0,0.0,0.0,2.0,12,7,8
39763,16,2,3,0,8,3,0,1,1,1,2,18,2,2,0.0,0.0,0.0,0.0,0.0,7.0,10,1,3
102160,16,2,3,0,6,3,0,1,1,1,1,36,2,2,0.0,0.0,0.0,0.0,0.0,2.0,18,5,7
17595,16,6,1,17,8,3,4,1,1,0,2,17,2,2,0.0,0.0,0.0,0.0,0.0,4.0,21,7,2
35342,4,2,3,0,8,3,0,5,0,1,2,26,2,2,0.0,0.0,0.0,0.0,0.0,2.0,13,6,3
54509,16,2,3,0,6,3,0,1,0,1,2,6,2,2,0.0,0.0,0.0,0.0,0.0,4.0,10,7,4
48327,15,2,3,0,6,3,0,1,1,1,2,18,2,2,0.0,0.0,0.0,0.0,0.0,2.0,17,5,4
16045,16,10,1,10,2,3,6,1,0,1,1,19,2,4,3.0,0.0,0.0,0.0,3.0,2.0,22,7,2
143458,16,2,3,10,8,3,0,1,0,1,2,37,4,2,0.0,0.0,0.0,0.0,0.0,2.0,14,5,10
18715,15,7,1,0,18,3,6,1,1,1,2,36,3,2,0.0,0.0,0.0,0.0,0.0,2.0,18,5,2
98276,16,7,3,10,11,3,6,1,1,1,1,39,2,2,0.0,0.0,0.0,0.0,0.0,2.0,8,7,7
76466,17,2,1,17,6,3,5,5,0,1,2,36,2,3,2.0,0.0,0.0,2.0,0.0,2.0,2,1,6
144119,16,2,3,10,8,3,0,1,1,1,1,19,2,2,0.0,0.0,0.0,0.0,0.0,2.0,16,6,10
69822,16,2,3,15,10,3,0,1,1,1,0,22,2,2,0.0,0.0,0.0,0.0,0.0,2.0,12,3,5
142874,16,7,3,10,2,4,6,1,0,1,1,19,3,4,1.0,0.0,0.0,0.0,1.0,2.0,15,4,10
101867,16,2,3,17,8,3,0,1,1,1,2,36,2,2,0.0,0.0,0.0,0.0,0.0,3.0,9,6,7
126733,15,2,3,0,8,3,0,1,0,1,2,36,2,3,1.0,0.0,0.0,1.0,0.0,1.0,14,5,9
30369,15,2,3,0,2,3,0,1,1,0,2,36,2,2,0.0,0.0,0.0,0.0,0.0,3.0,10,7,3
35655,16,2,3,17,6,3,0,1,1,1,0,18,2,2,0.0,0.0,0.0,0.0,0.0,3.0,9,4,3
73234,16,2,3,0,15,3,0,5,0,1,2,6,2,2,0.0,0.0,0.0,0.0,0.0,4.0,17,7,6
149521,15,2,3,10,8,3,0,1,1,1,2,19,2,2,0.0,0.0,0.0,0.0,0.0,2.0,16,6,10
86714,16,7,3,10,3,3,6,5,1,1,2,17,2,2,0.0,0.0,0.0,0.0,0.0,3.0,12,6,6
120859,15,2,3,17,6,3,0,1,0,1,2,18,2,2,0.0,0.0,0.0,0.0,0.0,5.0,14,5,9
48256,16,2,3,15,8,3,0,1,1,0,2,19,2,2,0.0,0.0,0.0,0.0,0.0,2.0,7,3,4
45104,16,2,3,17,8,3,6,1,1,1,1,19,2,2,0.0,0.0,0.0,0.0,0.0,2.0,8,3,4
108537,4,2,3,17,8,3,0,1,1,1,0,18,2,2,0.0,0.0,0.0,0.0,0.0,2.0,14,3,8
89116,16,2,1,0,8,3,0,1,0,1,2,6,2,3,1.0,0.0,0.0,1.0,0.0,1.0,21,7,7
1873,16,2,3,9,6,3,0,1,0,1,0,36,2,4,1.0,0.0,0.0,0.0,1.0,1.0,10,5,1
68937,16,3,3,0,6,3,0,1,1,1,1,6,2,2,0.0,0.0,0.0,0.0,0.0,5.0,13,5,5
8514,16,2,1,0,6,3,0,1,0,1,1,24,2,2,0.0,0.0,0.0,0.0,0.0,2.0,19,4,1
96712,16,2,3,17,8,3,0,1,0,1,2,36,2,1,2.0,0.0,1.0,0.0,1.0,1.0,18,5,7
164307,15,2,1,9,8,3,0,1,0,1,2,18,2,3,1.0,0.0,0.0,1.0,0.0,1.0,5,6,11
163613,16,2,4,10,2,3,0,1,1,1,1,19,2,2,0.0,0.0,0.0,0.0,0.0,2.0,15,4,11
41337,16,2,1,2,8,3,0,1,1,1,2,28,1,2,0.0,0.0,0.0,0.0,0.0,1.0,19,6,3
46136,16,2,1,10,6,3,5,5,1,1,2,36,2,2,0.0,0.0,0.0,0.0,0.0,2.0,22,7,4
155300,15,10,0,0,8,3,6,1,1,1,2,18,2,2,0.0,0.0,0.0,0.0,0.0,2.0,18,5,10
50921,16,2,3,10,8,3,0,1,1,1,2,17,2,2,0.0,0.0,0.0,0.0,0.0,2.0,13,2,4
128037,16,2,3,15,3,3,0,1,1,1,2,36,2,2,0.0,0.0,0.0,0.0,0.0,2.0,14,3,9
142863,16,7,3,17,8,3,5,5,0,1,2,36,2,2,0.0,0.0,0.0,0.0,0.0,2.0,15,4,10
18808,4,10,1,17,3,3,4,5,1,1,2,18,2,2,0.0,0.0,0.0,0.0,0.0,2.0,17,6,2
135561,15,2,3,17,2,3,0,1,0,1,2,24,2,4,2.0,0.0,0.0,0.0,2.0,1.0,14,1,9
174301,4,2,1,10,8,3,0,1,1,1,2,36,2,2,0.0,0.0,0.0,0.0,0.0,2.0,15,2,12
26692,16,2,3,15,10,3,0,1,1,1,0,23,2,2,0.0,0.0,0.0,0.0,0.0,2.0,13,1,2
105912,17,11,1,11,8,3,5,5,1,1,2,36,2,2,0.0,0.0,0.0,0.0,0.0,2.0,20,4,8
93556,16,2,1,15,11,3,0,1,1,1,1,36,2,2,0.0,0.0,0.0,0.0,0.0,3.0,23,5,7
47295,15,2,2,17,6,3,0,1,0,1,2,18,3,2,0.0,0.0,0.0,0.0,0.0,4.0,20,1,4
138896,15,2,3,0,11,4,0,1,1,1,2,36,2,2,0.0,0.0,0.0,0.0,0.0,2.0,8,4,10
89037,15,2,3,0,6,3,0,1,1,1,2,36,2,2,0.0,0.0,0.0,0.0,0.0,2.0,20,6,7
109951,15,2,3,0,8,3,0,1,0,1,2,18,2,2,0.0,0.0,0.0,0.0,0.0,2.0,12,1,8
4424,16,7,3,10,8,3,6,1,1,1,2,19,2,2,0.0,0.0,0.0,0.0,0.0,2.0,15,4,1
126221,16,2,3,17,6,3,0,1,1,1,0,24,2,2,0.0,0.0,0.0,0.0,0.0,2.0,9,4,9
170305,16,2,1,10,8,3,0,1,0,1,2,36,3,3,2.0,0.0,0.0,2.0,0.0,3.0,17,4,11
70578,15,2,3,0,6,3,0,1,1,1,2,36,2,2,0.0,0.0,0.0,0.0,0.0,2.0,16,4,5
39872,16,2,3,10,8,3,0,1,1,1,1,19,2,2,0.0,0.0,0.0,0.0,0.0,3.0,8,3,3
32370,4,2,3,17,8,3,0,1,1,0,2,18,2,2,0.0,0.0,0.0,0.0,0.0,2.0,13,7,3
51538,16,2,3,17,2,3,0,5,1,1,2,26,2,2,0.0,0.0,0.0,0.0,0.0,2.0,17,6,4
134906,16,2,3,10,8,3,0,1,1,1,2,36,3,2,0.0,0.0,0.0,0.0,0.0,3.0,8,4,9
152056,15,7,3,10,6,3,6,1,1,1,2,39,2,2,0.0,0.0,0.0,0.0,0.0,2.0,12,4,10
11509,16,9,1,17,3,3,1,1,1,0,2,36,2,2,0.0,0.0,0.0,0.0,0.0,2.0,0,4,1
121690,16,2,3,8,3,3,0,1,0,1,1,18,2,4,1.0,0.0,0.0,0.0,1.0,1.0,11,1,9
183225,15,2,1,17,2,3,0,1,0,1,2,18,2,4,2.0,0.0,0.0,0.0,2.0,0.0,17,6,12
69086,15,2,1,8,8,3,0,1,1,1,0,36,2,2,0.0,0.0,0.0,0.0,0.0,2.0,21,6,5
69251,16,2,3,17,8,3,0,1,1,1,1,36,2,2,0.0,0.0,0.0,0.0,0.0,2.0,18,1,5
4242,16,2,1,10,8,3,0,5,1,1,2,26,2,2,0.0,0.0,0.0,0.0,0.0,2.0,0,2,1
111550,16,2,3,7,8,3,0,1,1,1,2,36,2,2,0.0,0.0,0.0,0.0,0.0,1.0,10,4,8
119712,16,2,3,8,10,3,0,1,0,1,2,36,2,1,1.0,0.0,1.0,0.0,0.0,3.0,11,2,8
172994,15,2,3,17,2,3,0,1,0,1,2,18,2,2,0.0,0.0,0.0,0.0,0.0,2.0,12,4,12
160451,16,11,1,10,6,3,5,5,0,1,1,36,2,3,1.0,0.0,0.0,1.0,0.0,1.0,5,7,11
143793,16,2,1,17,6,3,0,1,1,0,2,18,2,2,0.0,0.0,0.0,0.0,0.0,2.0,6,3,10
16961,6,2,4,15,2,3,0,1,1,1,1,23,2,2,0.0,0.0,0.0,0.0,0.0,2.0,17,3,2
90403,16,2,3,10,8,3,0,1,1,1,2,19,2,2,0.0,0.0,0.0,0.0,0.0,6.0,16,5,7
181089,15,10,1,0,6,3,4,1,0,1,2,17,3,2,0.0,0.0,0.0,0.0,0.0,3.0,17,6,12
42147,16,7,3,0,6,3,6,5,0,1,2,36,2,4,1.0,0.0,0.0,0.0,1.0,1.0,17,6,3
161085,4,11,1,0,6,3,5,5,1,1,2,6,2,2,0.0,0.0,0.0,0.0,0.0,5.0,22,3,11
106226,15,2,3,17,10,3,0,1,1,1,2,8,2,2,0.0,0.0,0.0,0.0,0.0,2.0,14,1,8
1387,16,2,3,17,8,3,0,1,0,1,2,17,2,2,0.0,0.0,0.0,0.0,0.0,3.0,15,4,1
6647,4,2,3,17,3,3,0,1,0,1,2,18,2,2,0.0,0.0,0.0,0.0,0.0,2.0,14,3,1
103992,15,2,1,0,2,3,0,5,0,1,1,17,3,4,1.0,0.0,0.0,0.0,1.0,5.0,23,3,8
173596,16,2,3,17,6,3,0,1,1,1,2,36,2,2,0.0,0.0,0.0,0.0,0.0,2.0,12,7,12
10657,16,2,3,10,10,3,6,1,1,1,2,36,3,2,0.0,0.0,0.0,0.0,0.0,3.0,8,3,1
62430,4,2,3,17,8,3,0,1,1,0,1,24,2,2,0.0,0.0,0.0,0.0,0.0,2.0,10,6,5
106721,15,2,3,0,2,3,0,1,1,1,2,18,2,2,0.0,0.0,0.0,0.0,0.0,2.0,15,1,8
108592,4,2,3,17,2,3,0,1,0,1,2,23,2,1,2.0,0.0,1.0,0.0,1.0,1.0,14,4,8
16172,16,2,3,17,8,3,6,1,1,1,2,36,2,2,0.0,0.0,0.0,0.0,0.0,2.0,14,4,2
171853,15,2,3,0,8,3,0,5,1,1,1,36,2,2,0.0,0.0,0.0,0.0,0.0,2.0,14,2,11
61969,16,2,1,17,2,3,6,1,1,1,2,36,2,2,0.0,0.0,0.0,0.0,0.0,2.0,20,6,5
115596,16,2,3,10,2,3,0,1,1,1,2,38,3,2,0.0,0.0,0.0,0.0,0.0,5.0,18,3,8