crash_date,               traffic_control_device,weather_condition,lighting_condition,first_crash_type,trafficway_type,alignment,roadway_surface_cond,road_defect,crash_type,intersection_related_i,damage,prim_contributory_cause,num_units,most_severe_injury,injuries_total,injuries_fatal,injuries_incapacitating,injuries_non_incapacitating,injuries_reported_not_evident,injuries_no_indication,crash_hour,crash_day_of_week,crash_month
175526,16,2,3,9,8,3,0,1,0,1,0,36,2,4,1.0,0.0,0.0,0.0,1.0,1.0,13,6,12
34959,15,2,3,9,8,3,0,1,0,1,0,38,2,3,1.0,0.0,0.0,1.0,0.0,1.0,18,6,3
165082,16,7,3,0,2,3,6,1,0,1,2,36,2,3,4.0,0.0,0.0,4.0,0.0,0.0,8,4,11
141325,15,2,3,0,15,3,0,1,0,1,1,36,2,2,0.0,0.0,0.0,0.0,0.0,4.0,12,4,10
132606,4,7,4,15,8,3,6,5,1,0,2,36,2,2,0.0,0.0,0.0,0.0,0.0,2.0,1,1,9
133886,17,2,3,8,2,3,0,1,0,1,0,18,2,4,1.0,0.0,0.0,0.0,1.0,1.0,17,6,9
82034,15,2,3,7,15,3,0,1,1,0,2,36,3,2,0.0,0.0,0.0,0.0,0.0,2.0,11,4,6
138147,4,2,3,17,10,3,0,1,1,1,2,18,2,2,0.0,0.0,0.0,0.0,0.0,2.0,15,6,10
85097,16,3,3,15,6,3,0,5,1,1,1,12,3,2,0.0,0.0,0.0,0.0,0.0,5.0,18,1,6
181922,16,7,1,0,3,3,6,1,0,1,2,6,3,2,0.0,0.0,0.0,0.0,0.0,4.0,6,2,12
26105,4,2,1,17,1,3,0,5,0,1,2,24,3,3,1.0,0.0,0.0,1.0,0.0,2.0,0,6,2
100458,16,2,1,10,6,3,0,1,1,1,1,17,2,2,0.0,0.0,0.0,0.0,0.0,2.0,22,7,7
150137,16,2,3,0,8,3,0,1,0,1,1,6,2,4,2.0,0.0,0.0,0.0,2.0,1.0,17,7,10
23353,16,6,3,17,11,3,4,5,1,1,2,36,2,2,0.0,0.0,0.0,0.0,0.0,3.0,11,6,2
114036,16,2,3,0,8,3,0,1,1,1,2,6,2,2,0.0,0.0,0.0,0.0,0.0,2.0,10,7,8
185657,15,2,0,17,6,3,0,1,1,1,2,24,2,2,0.0,0.0,0.0,0.0,0.0,2.0,18,3,12
188497,4,2,3,10,8,3,0,1,0,1,2,36,2,2,0.0,0.0,0.0,0.0,0.0,2.0,14,2,12
148984,16,2,1,9,1,3,0,1,0,1,1,36,2,3,1.0,0.0,0.0,1.0,0.0,1.0,19,5,10
94602,16,7,3,17,2,0,6,1,0,1,2,17,2,2,0.0,0.0,0.0,0.0,0.0,2.0,8,7,7
96476,16,2,3,17,2,3,0,1,0,1,2,24,2,2,0.0,0.0,0.0,0.0,0.0,2.0,6,2,7
138371,16,7,1,10,15,3,6,1,1,1,0,17,2,2,0.0,0.0,0.0,0.0,0.0,2.0,23,4,10
80626,16,2,1,15,2,3,0,1,1,1,2,23,2,2,0.0,0.0,0.0,0.0,0.0,2.0,23,4,6
95911,16,2,3,8,6,3,0,1,0,1,2,36,2,1,1.0,0.0,1.0,0.0,0.0,1.0,16,1,7
4665,15,2,3,0,6,3,0,1,0,1,2,36,4,3,4.0,0.0,0.0,4.0,0.0,1.0,12,1,1
108503,16,2,3,14,6,3,0,1,1,1,2,36,2,2,0.0,0.0,0.0,0.0,0.0,2.0,9,2,8
108890,16,2,3,17,10,3,0,1,1,1,2,24,2,2,0.0,0.0,0.0,0.0,0.0,3.0,18,7,8
71441,16,2,3,10,8,3,0,1,1,1,1,36,2,2,0.0,0.0,0.0,0.0,0.0,2.0,19,1,5
142235,16,2,3,9,2,4,0,1,0,1,0,18,2,3,1.0,0.0,0.0,1.0,0.0,1.0,16,2,10
44101,16,2,3,15,8,3,0,1,1,1,2,4,2,2,0.0,0.0,0.0,0.0,0.0,2.0,8,3,4
158443,4,7,3,11,19,3,6,1,1,1,1,36,2,2,0.0,0.0,0.0,0.0,0.0,3.0,9,7,11
16846,4,2,1,15,3,3,0,1,1,0,2,23,2,2,0.0,0.0,0.0,0.0,0.0,2.0,17,6,2
3032,15,2,1,10,8,3,6,1,1,1,1,19,2,2,0.0,0.0,0.0,0.0,0.0,4.0,17,2,1
141918,4,2,3,7,6,3,0,1,0,1,2,13,3,3,1.0,0.0,0.0,1.0,0.0,0.0,14,6,10
27451,16,2,1,0,6,3,6,5,0,1,2,6,2,3,2.0,0.0,0.0,2.0,0.0,1.0,1,1,2
28515,16,2,3,15,10,3,0,1,0,1,2,36,2,2,0.0,0.0,0.0,0.0,0.0,2.0,9,2,3
102524,16,2,1,17,8,3,0,1,1,1,2,23,2,2,0.0,0.0,0.0,0.0,0.0,2.0,0,2,7
41657,15,2,3,0,6,4,0,1,0,1,2,5,2,2,0.0,0.0,0.0,0.0,0.0,2.0,7,4,3
181075,16,2,0,15,8,3,0,1,1,1,2,22,2,2,0.0,0.0,0.0,0.0,0.0,2.0,3,6,12
17977,16,10,3,17,6,3,4,1,0,1,2,6,2,3,1.0,0.0,0.0,1.0,0.0,2.0,13,6,2
40933,15,2,3,0,6,3,0,1,0,1,2,5,2,4,1.0,0.0,0.0,0.0,1.0,1.0,13,5,3
188163,16,2,3,10,2,3,5,5,1,1,2,18,2,2,0.0,0.0,0.0,0.0,0.0,2.0,13,1,12
123452,15,2,3,0,6,3,0,1,1,1,2,18,2,2,0.0,0.0,0.0,0.0,0.0,2.0,18,6,9
38814,15,2,3,17,8,3,0,1,0,1,2,17,2,4,1.0,0.0,0.0,0.0,1.0,2.0,13,7,3
44049,16,11,3,13,2,3,5,5,1,1,2,23,2,2,0.0,0.0,0.0,0.0,0.0,2.0,16,5,4
160053,16,2,3,17,8,3,0,1,1,1,2,36,2,2,0.0,0.0,0.0,0.0,0.0,2.0,15,3,11
184034,4,2,1,9,15,3,0,1,0,1,2,36,2,3,1.0,0.0,0.0,1.0,0.0,1.0,18,5,12
165357,15,7,3,17,2,3,6,1,0,1,2,17,2,2,0.0,0.0,0.0,0.0,0.0,2.0,13,7,11
113074,4,2,1,7,8,3,0,1,1,1,2,12,2,2,0.0,0.0,0.0,0.0,0.0,1.0,21,6,8
93871,16,7,3,10,8,3,6,1,0,1,2,19,4,4,2.0,0.0,0.0,0.0,2.0,4.0,10,4,7
51434,16,2,3,17,6,3,0,1,0,1,2,24,2,3,1.0,0.0,0.0,1.0,0.0,1.0,10,4,4
33838,16,2,3,10,8,3,6,1,1,1,2,36,2,2,0.0,0.0,0.0,0.0,0.0,4.0,17,2,3
88048,4,7,3,2,8,3,6,3,1,0,2,36,1,2,0.0,0.0,0.0,0.0,0.0,1.0,15,5,7
12561,16,2,3,15,2,3,0,1,1,1,2,22,3,2,0.0,0.0,0.0,0.0,0.0,3.0,15,1,1
52308,16,2,1,7,8,3,0,1,1,1,2,24,2,2,0.0,0.0,0.0,0.0,0.0,1.0,20,6,4
101362,4,2,0,10,8,3,0,1,1,1,1,21,2,2,0.0,0.0,0.0,0.0,0.0,6.0,21,6,7
50084,17,11,5,17,15,3,5,5,1,1,2,26,2,2,0.0,0.0,0.0,0.0,0.0,2.0,12,1,4
48756,15,2,3,17,6,3,0,1,1,1,2,18,2,2,0.0,0.0,0.0,0.0,0.0,3.0,16,5,4
185816,16,2,3,9,8,3,0,1,0,1,1,37,2,1,1.0,0.0,1.0,0.0,0.0,1.0,11,4,12
64167,16,2,1,0,11,3,5,5,1,1,2,36,2,2,0.0,0.0,0.0,0.0,0.0,2.0,20,5,5
89066,16,2,1,0,8,3,0,1,0,1,2,6,2,3,1.0,0.0,0.0,1.0,0.0,4.0,1,7,7
138214,16,2,4,17,2,3,0,1,1,1,1,16,2,2,0.0,0.0,0.0,0.0,0.0,2.0,19,2,10
23572,16,7,3,0,8,3,6,1,0,1,2,18,2,2,0.0,0.0,0.0,0.0,0.0,2.0,12,2,2
16235,15,10,3,11,10,3,4,1,1,1,2,36,2,2,0.0,0.0,0.0,0.0,0.0,2.0,15,5,2
175448,16,2,1,15,8,3,0,1,1,1,2,36,2,2,0.0,0.0,0.0,0.0,0.0,2.0,20,4,12
22670,16,10,3,17,2,3,4,1,1,1,2,18,2,2,0.0,0.0,0.0,0.0,0.0,2.0,7,1,2
147864,16,2,3,17,6,3,0,1,1,1,0,18,2,2,0.0,0.0,0.0,0.0,0.0,4.0,15,4,10
67113,16,2,3,17,10,3,0,1,1,1,0,36,2,2,0.0,0.0,0.0,0.0,0.0,4.0,1,4,5
174785,15,11,5,0,18,3,5,5,1,1,2,36,2,2,0.0,0.0,0.0,0.0,0.0,2.0,19,3,12
60812,16,2,3,17,6,3,0,1,0,1,2,6,2,1,1.0,0.0,1.0,0.0,0.0,1.0,19,2,5
5446,4,2,3,0,8,3,6,1,1,1,1,18,2,2,0.0,0.0,0.0,0.0,0.0,2.0,16,5,1
58105,4,2,3,7,2,3,0,1,1,1,0,12,2,2,0.0,0.0,0.0,0.0,0.0,4.0,11,1,5
87535,4,2,3,17,9,3,0,1,1,1,2,36,2,2,0.0,0.0,0.0,0.0,0.0,2.0,17,4,6
73455,16,2,3,15,2,3,0,1,1,1,1,23,2,2,0.0,0.0,0.0,0.0,0.0,2.0,2,3,6
131816,16,2,3,10,8,3,0,1,1,1,2,12,2,2,0.0,0.0,0.0,0.0,0.0,2.0,13,4,9
90178,16,11,3,10,6,3,5,5,1,1,2,36,2,2,0.0,0.0,0.0,0.0,0.0,2.0,15,3,7
38007,4,2,1,2,2,3,0,1,0,0,2,36,1,2,0.0,0.0,0.0,0.0,0.0,2.0,4,4,3
55482,16,2,3,10,10,3,6,1,1,1,1,19,2,2,0.0,0.0,0.0,0.0,0.0,3.0,8,2,4
134667,15,2,1,0,8,3,0,1,0,1,2,36,2,4,6.0,0.0,0.0,0.0,6.0,0.0,20,2,9
138369,16,7,2,15,18,3,6,1,1,1,1,18,2,2,0.0,0.0,0.0,0.0,0.0,2.0,10,4,10
100310,16,2,3,15,2,3,0,1,1,1,2,23,2,2,0.0,0.0,0.0,0.0,0.0,2.0,9,4,7
65527,4,2,3,10,8,3,0,1,1,1,2,36,2,2,0.0,0.0,0.0,0.0,0.0,2.0,16,1,5
61500,15,2,3,0,6,3,0,1,0,1,2,5,2,2,0.0,0.0,0.0,0.0,0.0,3.0,16,7,5
183255,15,2,3,9,6,3,0,1,0,1,0,18,2,3,1.0,0.0,0.0,1.0,0.0,3.0,8,6,12
39555,16,2,3,15,2,3,0,1,1,1,2,22,2,2,0.0,0.0,0.0,0.0,0.0,2.0,16,6,3
17894,15,10,3,15,2,3,4,1,1,1,2,12,2,2,0.0,0.0,0.0,0.0,0.0,2.0,11,4,2
44874,16,2,1,0,6,3,0,1,0,1,2,6,2,2,0.0,0.0,0.0,0.0,0.0,2.0,4,7,4
161398,15,2,0,17,8,3,0,1,1,1,2,5,2,2,0.0,0.0,0.0,0.0,0.0,2.0,20,7,11
21116,15,2,4,0,8,3,0,1,1,1,2,18,2,2,0.0,0.0,0.0,0.0,0.0,3.0,15,4,2
32994,15,2,3,17,2,3,0,1,1,1,1,23,2,2,0.0,0.0,0.0,0.0,0.0,2.0,15,2,3
122263,15,2,3,10,8,3,0,1,1,1,1,36,2,2,0.0,0.0,0.0,0.0,0.0,3.0,12,2,9
67606,16,2,3,10,8,3,0,1,0,1,1,19,2,4,3.0,0.0,0.0,0.0,3.0,1.0,16,3,5
117672,16,2,3,10,6,3,0,1,1,1,2,17,2,2,0.0,0.0,0.0,0.0,0.0,2.0,17,2,8
167783,16,2,1,10,19,3,0,1,1,1,2,19,2,2,0.0,0.0,0.0,0.0,0.0,3.0,20,6,11
55041,16,7,3,10,3,3,6,1,1,0,1,36,2,2,0.0,0.0,0.0,0.0,0.0,4.0,17,7,4
81513,16,2,3,10,8,3,0,1,1,1,0,21,2,2,0.0,0.0,0.0,0.0,0.0,2.0,7,2,6
157242,16,2,3,8,6,3,0,1,0,1,2,36,2,3,1.0,0.0,0.0,1.0,0.0,1.0,8,5,11
90253,16,2,1,0,15,3,0,1,0,1,2,6,2,4,2.0,0.0,0.0,0.0,2.0,5.0,4,4,7
186790,16,2,3,17,6,3,0,1,1,1,2,13,2,2,0.0,0.0,0.0,0.0,0.0,2.0,12,2,12
19157,16,7,1,0,6,3,6,1,0,1,2,6,2,2,0.0,0.0,0.0,0.0,0.0,4.0,0,5,2
27845,16,2,3,9,6,3,0,1,0,1,2,18,2,3,1.0,0.0,0.0,1.0,0.0,1.0,8,6,2
169831,16,7,1,10,11,3,6,1,1,1,2,39,2,2,0.0,0.0,0.0,0.0,0.0,2.0,22,3,11
10580,16,2,3,17,11,3,6,1,1,1,1,22,2,2,0.0,0.0,0.0,0.0,0.0,2.0,7,2,1
126784,16,2,3,0,6,3,6,1,0,1,2,6,2,2,0.0,0.0,0.0,0.0,0.0,3.0,9,5,9
80884,16,2,3,17,6,3,0,1,0,1,2,6,2,1,3.0,0.0,1.0,0.0,2.0,1.0,17,2,6
39897,4,2,1,7,10,3,0,1,0,0,2,28,4,2,0.0,0.0,0.0,0.0,0.0,1.0,2,5,3
70620,16,2,1,17,10,3,6,1,1,1,1,23,2,2,0.0,0.0,0.0,0.0,0.0,2.0,20,4,5
13563,16,2,3,15,8,3,0,1,1,1,1,18,2,2,0.0,0.0,0.0,0.0,0.0,2.0,10,5,1
54478,15,2,3,0,6,3,0,1,0,1,2,18,2,4,1.0,0.0,0.0,0.0,1.0,4.0,17,7,4
106328,4,2,3,10,2,3,0,1,0,1,2,36,3,2,0.0,0.0,0.0,0.0,0.0,4.0,11,2,8
163301,16,2,3,0,8,3,0,1,1,1,2,36,2,2,0.0,0.0,0.0,0.0,0.0,2.0,14,1,11
51650,15,2,1,0,2,3,0,1,1,1,1,24,2,2,0.0,0.0,0.0,0.0,0.0,2.0,20,6,4
11174,16,10,1,17,6,3,4,1,1,1,2,18,2,2,0.0,0.0,0.0,0.0,0.0,3.0,5,5,1
8671,15,2,4,0,8,3,4,1,0,1,2,18,2,2,0.0,0.0,0.0,0.0,0.0,2.0,17,5,1
33195,16,2,3,15,6,3,0,5,1,1,2,23,2,2,0.0,0.0,0.0,0.0,0.0,2.0,8,6,3
84547,16,11,0,3,6,3,5,5,0,1,2,6,2,2,0.0,0.0,0.0,0.0,0.0,2.0,10,6,6
38481,16,2,1,10,8,3,0,1,0,1,2,6,2,2,0.0,0.0,0.0,0.0,0.0,2.0,1,6,3
67421,15,2,3,10,8,3,0,5,1,1,2,36,2,2,0.0,0.0,0.0,0.0,0.0,2.0,6,2,5
81056,15,2,3,0,8,3,0,1,1,1,2,18,2,2,0.0,0.0,0.0,0.0,0.0,2.0,17,3,6
66920,16,2,1,10,6,3,0,1,1,1,2,19,2,2,0.0,0.0,0.0,0.0,0.0,3.0,3,2,5
187474,16,2,3,15,8,3,0,1,1,1,2,18,2,2,0.0,0.0,0.0,0.0,0.0,2.0,16,7,12
125475,16,11,4,10,2,3,5,5,0,1,1,36,2,4,1.0,0.0,0.0,0.0,1.0,1.0,18,7,9
164577,16,2,1,0,6,3,6,1,0,1,2,12,2,2,0.0,0.0,0.0,0.0,0.0,4.0,19,4,11
184855,16,2,3,10,8,3,0,1,1,1,1,19,2,2,0.0,0.0,0.0,0.0,0.0,2.0,16,2,12
160907,16,3,3,10,2,3,6,1,1,1,0,36,2,2,0.0,0.0,0.0,0.0,0.0,2.0,10,6,11
152587,16,2,3,15,6,3,0,1,1,1,2,23,2,2,0.0,0.0,0.0,0.0,0.0,2.0,16,4,10
127088,4,2,5,7,10,3,0,1,1,0,1,4,2,2,0.0,0.0,0.0,0.0,0.0,1.0,15,5,9
144896,15,7,3,17,6,3,6,1,1,1,1,18,2,2,0.0,0.0,0.0,0.0,0.0,3.0,14,4,10
50508,16,3,3,17,15,3,0,1,0,1,2,6,2,3,2.0,0.0,0.0,1.0,1.0,0.0,9,2,4
24570,15,2,3,0,8,3,0,1,1,1,1,5,2,2,0.0,0.0,0.0,0.0,0.0,2.0,17,6,2
100019,4,2,3,11,10,3,0,1,0,0,2,28,5,3,3.0,0.0,0.0,3.0,0.0,3.0,10,7,7
20799,15,10,3,10,8,3,4,1,1,1,2,19,2,2,0.0,0.0,0.0,0.0,0.0,3.0,8,5,2
113184,16,2,3,15,8,3,0,1,1,1,2,23,2,2,0.0,0.0,0.0,0.0,0.0,2.0,17,1,8
186287,10,2,1,9,2,3,0,1,0,1,0,18,2,3,1.0,0.0,0.0,1.0,0.0,1.0,17,1,12
58567,15,2,1,0,8,3,0,5,1,1,2,18,2,2,0.0,0.0,0.0,0.0,0.0,3.0,0,1,5
130558,16,2,3,0,6,3,0,5,0,1,2,6,2,2,0.0,0.0,0.0,0.0,0.0,2.0,10,2,9
73954,15,2,3,8,8,3,0,1,0,1,0,18,2,3,1.0,0.0,0.0,1.0,0.0,1.0,8,3,6
100170,16,2,3,17,6,3,0,1,1,1,2,12,2,2,0.0,0.0,0.0,0.0,0.0,2.0,7,4,7
71111,16,2,3,0,6,3,0,1,0,1,2,17,3,4,1.0,0.0,0.0,0.0,1.0,2.0,18,5,5
171636,15,2,1,2,3,3,0,1,1,1,2,24,1,2,0.0,0.0,0.0,0.0,0.0,2.0,6,5,11
122681,15,2,3,0,6,3,0,1,0,1,2,36,2,2,0.0,0.0,0.0,0.0,0.0,5.0,16,4,9
37702,4,7,2,2,12,3,6,1,1,0,2,30,1,2,0.0,0.0,0.0,0.0,0.0,1.0,6,5,3
167295,16,2,1,0,8,3,0,1,0,1,2,12,2,3,3.0,0.0,0.0,3.0,0.0,2.0,23,7,11
156598,15,2,1,0,6,3,0,1,0,1,2,5,2,3,2.0,0.0,0.0,2.0,0.0,2.0,21,2,11
179487,17,11,3,10,8,2,5,5,1,1,1,26,2,2,0.0,0.0,0.0,0.0,0.0,2.0,8,4,12
110154,4,2,1,17,6,3,0,5,1,1,2,18,2,2,0.0,0.0,0.0,0.0,0.0,3.0,22,5,8
30463,15,2,1,0,6,3,0,1,0,1,2,36,2,4,2.0,0.0,0.0,0.0,2.0,2.0,18,3,3
146694,4,2,1,17,6,3,0,5,1,1,2,23,2,2,0.0,0.0,0.0,0.0,0.0,2.0,2,1,10
587,15,6,1,0,8,3,2,1,1,1,1,18,2,2,0.0,0.0,0.0,0.0,0.0,2.0,19,3,1
100607,16,2,1,0,16,4,0,1,0,1,2,14,2,3,2.0,0.0,0.0,2.0,0.0,0.0,0,2,7
151334,16,7,1,17,6,3,6,1,0,1,2,6,2,3,1.0,0.0,0.0,1.0,0.0,1.0,4,2,10
35965,16,2,1,15,8,3,0,1,0,1,2,22,3,3,1.0,0.0,0.0,1.0,0.0,5.0,0,1,3
150323,16,7,1,17,2,3,6,1,1,1,2,36,2,2,0.0,0.0,0.0,0.0,0.0,2.0,22,6,10
88918,16,2,3,17,2,3,0,1,0,1,2,18,2,2,0.0,0.0,0.0,0.0,0.0,2.0,12,3,7
126355,16,2,1,0,8,3,0,1,0,1,2,6,2,2,0.0,0.0,0.0,0.0,0.0,2.0,23,7,9
132938,4,7,3,10,8,3,6,1,1,1,2,19,2,2,0.0,0.0,0.0,0.0,0.0,2.0,14,1,9
173769,15,2,3,17,2,3,0,1,1,1,2,36,2,2,0.0,0.0,0.0,0.0,0.0,3.0,14,2,12
82352,15,2,4,10,14,3,0,1,0,0,2,19,2,3,1.0,0.0,0.0,1.0,0.0,2.0,4,1,6
120387,8,2,3,9,6,3,0,1,0,1,1,38,2,1,2.0,0.0,1.0,1.0,0.0,2.0,8,5,8
44399,16,7,3,11,6,3,6,1,1,1,0,21,2,2,0.0,0.0,0.0,0.0,0.0,3.0,7,4,4
30308,15,2,1,10,2,3,0,5,1,1,2,19,2,2,0.0,0.0,0.0,0.0,0.0,3.0,22,6,3
188758,4,10,3,17,1,3,4,5,0,0,2,18,2,2,0.0,0.0,0.0,0.0,0.0,2.0,8,3,12
44494,17,7,3,15,2,3,6,1,1,1,2,23,2,2,0.0,0.0,0.0,0.0,0.0,2.0,16,4,4
85063,16,7,1,10,15,3,6,5,0,1,2,17,2,3,2.0,0.0,0.0,2.0,0.0,1.0,1,1,6
134099,16,7,2,17,8,3,6,1,1,1,2,18,2,2,0.0,0.0,0.0,0.0,0.0,2.0,6,3,9
17430,16,2,3,15,8,3,0,1,1,1,2,36,2,2,0.0,0.0,0.0,0.0,0.0,2.0,16,4,2
135451,4,2,1,17,8,3,0,1,1,1,1,18,2,2,0.0,0.0,0.0,0.0,0.0,2.0,19,5,9
101148,16,2,3,2,6,3,0,1,0,0,2,36,1,1,2.0,0.0,1.0,1.0,0.0,1.0,20,4,7
134105,4,7,3,0,15,3,6,1,0,1,2,17,3,3,1.0,0.0,0.0,1.0,0.0,2.0,7,3,9
130547,15,2,3,8,8,3,0,1,0,1,0,18,2,3,1.0,0.0,0.0,1.0,0.0,1.0,8,2,9
72192,4,2,3,11,2,3,0,1,1,0,2,18,3,2,0.0,0.0,0.0,0.0,0.0,3.0,10,5,6
90717,15,11,5,0,8,3,5,5,1,1,1,36,2,2,0.0,0.0,0.0,0.0,0.0,3.0,17,4,7
116723,16,2,3,15,8,3,0,1,1,1,2,18,2,2,0.0,0.0,0.0,0.0,0.0,2.0,8,6,8
177772,16,2,3,10,2,3,0,1,0,1,1,17,2,3,1.0,0.0,0.0,1.0,0.0,1.0,13,3,12
171219,16,2,3,15,8,3,6,1,0,1,2,18,2,2,0.0,0.0,0.0,0.0,0.0,2.0,16,5,11
83487,16,2,3,15,8,3,0,1,1,1,2,26,3,2,0.0,0.0,0.0,0.0,0.0,3.0,18,4,6
161185,16,2,1,10,6,3,0,1,0,1,2,36,2,4,1.0,0.0,0.0,0.0,1.0,1.0,19,5,11
182782,16,2,3,17,8,3,0,1,1,1,1,36,2,2,0.0,0.0,0.0,0.0,0.0,2.0,12,7,12
21388,16,11,3,0,15,3,5,5,1,1,2,36,2,2,0.0,0.0,0.0,0.0,0.0,2.0,14,1,2
75407,16,2,3,17,6,3,0,1,1,1,2,35,2,2,0.0,0.0,0.0,0.0,0.0,2.0,10,4,6
75334,16,2,3,17,8,3,0,1,0,1,2,24,2,2,0.0,0.0,0.0,0.0,0.0,2.0,10,3,6
96531,16,2,3,17,8,3,0,1,0,1,2,6,2,2,0.0,0.0,0.0,0.0,0.0,2.0,17,4,7
7003,16,10,1,10,6,4,4,1,1,1,2,19,2,2,0.0,0.0,0.0,0.0,0.0,2.0,6,3,1
18805,16,10,1,0,8,3,4,1,1,1,2,18,2,2,0.0,0.0,0.0,0.0,0.0,2.0,5,6,2
159700,16,2,1,0,8,3,0,1,1,1,2,6,2,2,0.0,0.0,0.0,0.0,0.0,5.0,17,1,11
93004,16,2,3,0,8,5,0,1,0,1,2,6,2,3,1.0,0.0,0.0,1.0,0.0,1.0,11,3,7
25168,16,7,3,10,6,3,6,1,1,1,2,17,2,2,0.0,0.0,0.0,0.0,0.0,2.0,0,4,2
21493,15,2,3,0,15,2,0,1,0,1,2,18,2,3,1.0,0.0,0.0,1.0,0.0,1.0,15,3,2
28154,4,2,3,7,6,3,0,1,1,1,2,36,2,2,0.0,0.0,0.0,0.0,0.0,2.0,10,7,2
119066,16,2,3,10,6,3,0,5,1,0,1,18,2,2,0.0,0.0,0.0,0.0,0.0,2.0,16,7,8
63939,15,2,3,10,15,3,0,1,1,1,0,36,2,2,0.0,0.0,0.0,0.0,0.0,3.0,12,2,5
107588,16,7,3,10,8,3,6,1,1,1,2,36,3,2,0.0,0.0,0.0,0.0,0.0,3.0,12,1,8
98650,4,2,3,8,15,3,0,1,1,1,0,38,2,2,0.0,0.0,0.0,0.0,0.0,3.0,13,1,7
36769,16,2,3,10,3,3,0,1,0,1,2,17,2,3,1.0,0.0,0.0,1.0,0.0,1.0,9,2,3
158552,15,7,1,17,6,3,6,1,1,1,2,18,2,2,0.0,0.0,0.0,0.0,0.0,2.0,18,3,11
20557,4,2,4,15,2,3,5,5,1,0,2,23,2,2,0.0,0.0,0.0,0.0,0.0,2.0,17,7,2
70617,16,2,3,17,6,3,0,1,1,1,1,18,2,2,0.0,0.0,0.0,0.0,0.0,2.0,8,4,5
92004,16,2,3,0,11,3,0,1,0,1,2,13,2,2,0.0,0.0,0.0,0.0,0.0,2.0,9,2,7
146083,16,3,3,17,6,4,0,1,1,1,2,18,2,2,0.0,0.0,0.0,0.0,0.0,3.0,8,6,10
67847,15,2,3,0,6,3,0,1,1,1,1,18,2,2,0.0,0.0,0.0,0.0,0.0,3.0,15,2,5
95595,16,2,3,0,8,3,0,1,1,1,2,18,2,2,0.0,0.0,0.0,0.0,0.0,3.0,19,2,7
134142,16,2,0,15,8,3,0,1,1,1,1,36,2,2,0.0,0.0,0.0,0.0,0.0,2.0,20,6,9
129340,15,2,1,10,8,3,0,1,0,1,2,19,2,4,3.0,0.0,0.0,0.0,3.0,2.0,23,6,9
52576,16,2,3,17,2,3,0,1,0,1,2,22,2,3,3.0,0.0,0.0,3.0,0.0,1.0,16,3,4
30070,16,2,1,10,2,3,0,1,1,1,1,12,2,2,0.0,0.0,0.0,0.0,0.0,2.0,2,1,3
140482,16,7,3,17,11,3,0,1,1,1,2,24,2,2,0.0,0.0,0.0,0.0,0.0,2.0,16,6,10
160278,15,2,3,0,8,3,0,1,1,1,1,5,2,2,0.0,0.0,0.0,0.0,0.0,5.0,12,4,11
64180,15,2,3,10,10,3,0,1,1,1,0,19,2,2,0.0,0.0,0.0,0.0,0.0,2.0,10,5,5
147258,15,2,3,0,6,3,0,1,0,1,2,5,2,3,3.0,0.0,0.0,3.0,0.0,1.0,7,2,10
60171,4,2,3,0,10,3,6,5,1,1,1,18,2,2,0.0,0.0,0.0,0.0,0.0,2.0,8,5,5
40094,15,2,3,15,10,3,0,1,0,1,2,18,5,2,0.0,0.0,0.0,0.0,0.0,2.0,11,1,3
63502,17,2,1,3,8,3,0,5,0,1,2,6,2,2,0.0,0.0,0.0,0.0,0.0,3.0,21,2,5
115257,15,2,1,0,6,3,0,1,0,1,2,5,2,2,0.0,0.0,0.0,0.0,0.0,3.0,21,5,8
177489,15,2,3,0,8,3,0,1,1,1,1,18,2,2,0.0,0.0,0.0,0.0,0.0,2.0,10,6,12
61479,15,2,0,0,6,3,6,5,0,1,2,5,2,3,1.0,0.0,0.0,1.0,0.0,2.0,1,7,5
1028,16,2,1,17,10,3,0,1,1,1,2,24,2,2,0.0,0.0,0.0,0.0,0.0,3.0,17,4,1
74033,15,2,3,0,8,3,0,5,1,1,2,18,2,2,0.0,0.0,0.0,0.0,0.0,4.0,7,4,6
154592,15,7,3,0,8,3,6,1,0,1,2,18,2,3,1.0,0.0,0.0,1.0,0.0,1.0,14,4,10
48596,16,7,3,10,8,3,6,1,1,1,2,26,2,2,0.0,0.0,0.0,0.0,0.0,2.0,13,1,4
47553,15,2,3,0,2,3,0,1,1,1,2,18,2,2,0.0,0.0,0.0,0.0,0.0,2.0,7,6,4
24501,16,2,3,10,2,3,0,1,1,1,2,19,2,2,0.0,0.0,0.0,0.0,0.0,2.0,15,5,2
103171,16,2,1,0,8,3,6,1,0,1,2,28,2,4,1.0,0.0,0.0,0.0,1.0,2.0,21,6,7
73570,16,2,1,10,2,3,0,1,1,1,1,6,2,2,0.0,0.0,0.0,0.0,0.0,2.0,1,6,6
114168,16,7,3,15,6,3,6,5,1,1,0,36,2,2,0.0,0.0,0.0,0.0,0.0,2.0,15,3,8
17294,16,2,3,15,6,3,0,1,1,1,1,19,2,2,0.0,0.0,0.0,0.0,0.0,2.0,16,2,2
13028,4,2,3,0,8,3,0,1,1,1,1,5,2,2,0.0,0.0,0.0,0.0,0.0,2.0,9,1,1
10495,15,2,1,0,6,3,4,1,0,1,2,18,2,2,0.0,0.0,0.0,0.0,0.0,4.0,21,1,1
162576,16,2,1,0,2,3,5,5,0,1,2,36,2,3,1.0,0.0,0.0,1.0,0.0,2.0,21,3,11