crash_date,               traffic_control_device,weather_condition,lighting_condition,first_crash_type,trafficway_type,alignment,roadway_surface_cond,road_defect,crash_type,intersection_related_i,damage,prim_contributory_cause,num_units,most_severe_injury,injuries_total,injuries_fatal,injuries_incapacitating,injuries_non_incapacitating,injuries_reported_not_evident,injuries_no_indication,crash_hour,crash_day_of_week,crash_month
80644,4,2,3,10,8,3,0,1,0,1,2,36,3,2,0.0,0.0,0.0,0.0,0.0,3.0,15,5,6
150463,16,2,1,17,8,3,0,1,1,1,2,23,2,2,0.0,0.0,0.0,0.0,0.0,2.0,6,3,10
131957,16,2,3,9,8,3,0,1,0,1,2,36,2,3,1.0,0.0,0.0,1.0,0.0,1.0,17,6,9
107726,16,2,3,10,8,3,0,1,1,1,1,36,2,2,0.0,0.0,0.0,0.0,0.0,2.0,14,3,8
25437,15,2,1,11,6,3,0,1,1,1,2,21,2,2,0.0,0.0,0.0,0.0,0.0,2.0,21,1,2
109093,16,2,3,17,8,3,0,1,0,1,2,6,2,3,2.0,0.0,0.0,1.0,1.0,0.0,7,4,8
117039,16,7,1,9,15,3,6,1,0,1,0,36,2,4,1.0,0.0,0.0,0.0,1.0,2.0,20,5,8
25678,4,11,5,17,8,3,5,5,1,1,1,36,2,2,0.0,0.0,0.0,0.0,0.0,3.0,8,6,2
146228,16,2,3,17,6,3,0,5,1,1,2,36,2,2,0.0,0.0,0.0,0.0,0.0,2.0,12,1,10
159568,16,2,3,17,6,3,0,4,0,1,2,18,2,2,0.0,0.0,0.0,0.0,0.0,2.0,12,2,11
119533,16,2,3,17,2,3,0,1,1,1,1,18,2,2,0.0,0.0,0.0,0.0,0.0,3.0,14,6,8
158641,16,2,3,0,10,3,0,1,0,1,2,6,2,3,1.0,0.0,0.0,1.0,0.0,1.0,15,2,11
151636,16,3,3,2,8,3,0,1,0,1,2,15,1,2,0.0,0.0,0.0,0.0,0.0,1.0,15,5,10
175527,15,2,3,10,8,3,0,1,1,1,1,36,2,2,0.0,0.0,0.0,0.0,0.0,3.0,13,6,12
125995,16,2,3,15,15,3,0,1,0,1,1,23,2,4,2.0,0.0,0.0,0.0,2.0,1.0,10,3,9
50001,16,2,1,17,6,3,0,1,0,1,2,18,2,2,0.0,0.0,0.0,0.0,0.0,2.0,23,5,4
176563,15,10,3,0,10,3,4,1,0,1,2,5,2,2,0.0,0.0,0.0,0.0,0.0,2.0,8,7,12
152586,16,11,5,0,8,3,2,5,1,1,1,36,2,2,0.0,0.0,0.0,0.0,0.0,2.0,4,4,10
44391,16,2,2,0,9,3,0,1,0,1,2,6,2,4,1.0,0.0,0.0,0.0,1.0,1.0,5,4,4
17706,15,2,3,0,10,3,5,1,0,1,2,12,2,2,0.0,0.0,0.0,0.0,0.0,6.0,7,2,2
162817,16,2,3,17,8,3,5,5,1,1,2,23,2,2,0.0,0.0,0.0,0.0,0.0,4.0,14,1,11
36297,15,2,3,0,2,3,0,5,1,1,2,5,2,2,0.0,0.0,0.0,0.0,0.0,2.0,15,1,3
779,16,3,3,0,8,5,4,1,0,1,2,39,2,2,0.0,0.0,0.0,0.0,0.0,2.0,10,7,1
90889,16,2,3,17,11,3,0,1,1,1,2,17,2,2,0.0,0.0,0.0,0.0,0.0,2.0,9,5,7
135424,16,2,3,15,8,3,0,1,1,1,2,23,2,2,0.0,0.0,0.0,0.0,0.0,2.0,15,5,9
176126,16,2,1,0,8,3,0,1,0,1,2,6,2,1,4.0,0.0,1.0,3.0,0.0,2.0,0,7,12
73972,16,2,3,15,10,3,0,1,1,1,0,23,2,2,0.0,0.0,0.0,0.0,0.0,2.0,11,3,6
138989,16,2,3,15,2,3,0,1,1,1,2,23,2,2,0.0,0.0,0.0,0.0,0.0,3.0,11,5,10
179412,4,2,3,15,8,3,0,1,1,1,0,36,2,2,0.0,0.0,0.0,0.0,0.0,3.0,7,6,12
183899,15,2,3,0,8,3,0,1,0,1,2,36,2,2,0.0,0.0,0.0,0.0,0.0,3.0,15,3,12
6479,15,2,3,0,15,3,6,1,0,1,2,36,2,2,0.0,0.0,0.0,0.0,0.0,3.0,10,2,1
173772,16,2,3,9,10,3,0,1,0,1,0,36,2,1,1.0,0.0,1.0,0.0,0.0,1.0,15,2,12
138757,15,2,2,10,8,3,0,5,1,1,1,19,2,2,0.0,0.0,0.0,0.0,0.0,2.0,17,2,10
175521,4,2,3,3,2,3,0,1,0,1,2,17,3,2,0.0,0.0,0.0,0.0,0.0,2.0,13,6,12
118772,16,2,3,10,8,3,0,5,1,1,2,17,2,2,0.0,0.0,0.0,0.0,0.0,2.0,19,4,8
16600,16,10,3,10,6,3,4,1,1,1,0,36,2,2,0.0,0.0,0.0,0.0,0.0,4.0,13,5,2
60368,15,2,1,0,6,3,0,1,0,1,2,36,2,4,1.0,0.0,0.0,0.0,1.0,1.0,20,2,5
107247,16,7,3,10,8,3,6,1,1,1,2,39,2,2,0.0,0.0,0.0,0.0,0.0,2.0,14,3,8
109365,16,2,1,0,8,3,0,1,0,1,2,6,2,4,1.0,0.0,0.0,0.0,1.0,3.0,22,7,8
148676,16,2,3,10,10,3,0,1,1,1,2,19,2,2,0.0,0.0,0.0,0.0,0.0,4.0,16,6,10
11390,15,7,3,0,6,3,6,1,0,1,2,18,2,3,1.0,0.0,0.0,1.0,0.0,2.0,16,3,1
105170,4,2,3,17,8,3,0,1,1,1,2,24,2,2,0.0,0.0,0.0,0.0,0.0,3.0,19,6,8
112021,16,2,3,10,8,3,5,5,1,1,1,36,2,2,0.0,0.0,0.0,0.0,0.0,2.0,17,5,8
111268,4,2,3,3,15,3,0,1,1,1,2,12,3,2,0.0,0.0,0.0,0.0,0.0,2.0,10,1,8
186712,17,2,0,13,6,3,0,1,1,1,2,26,2,2,0.0,0.0,0.0,0.0,0.0,2.0,18,1,12
32654,4,3,3,9,2,3,0,1,0,1,0,18,2,3,1.0,0.0,0.0,1.0,0.0,1.0,8,3,3
95348,15,7,2,17,8,3,6,1,1,1,2,17,2,2,0.0,0.0,0.0,0.0,0.0,5.0,7,6,7
83038,15,2,3,8,6,3,0,5,0,1,0,5,2,1,1.0,0.0,1.0,0.0,0.0,1.0,10,4,6
90702,16,2,3,10,6,5,0,1,0,1,1,19,2,3,1.0,0.0,0.0,1.0,0.0,1.0,15,4,7
119875,15,11,5,0,8,3,5,5,1,1,2,18,2,2,0.0,0.0,0.0,0.0,0.0,2.0,14,6,8
186129,15,2,0,15,8,3,0,1,1,1,2,36,2,2,0.0,0.0,0.0,0.0,0.0,2.0,16,4,12
186121,4,2,3,17,8,3,0,1,1,0,0,24,2,2,0.0,0.0,0.0,0.0,0.0,2.0,14,4,12
126128,15,2,3,0,11,3,0,1,0,1,2,26,2,3,1.0,0.0,0.0,1.0,0.0,2.0,6,3,9
119533,15,2,3,10,8,3,0,1,1,1,2,17,2,2,0.0,0.0,0.0,0.0,0.0,2.0,14,6,8
2215,16,2,1,0,8,3,0,5,0,1,2,36,2,2,0.0,0.0,0.0,0.0,0.0,5.0,17,4,1
172455,15,2,1,0,8,3,0,1,1,1,0,18,2,2,0.0,0.0,0.0,0.0,0.0,2.0,17,4,12
11703,4,2,1,15,6,3,0,1,0,1,2,17,2,2,0.0,0.0,0.0,0.0,0.0,4.0,21,1,1
182351,16,2,3,15,2,3,0,1,1,1,2,36,2,2,0.0,0.0,0.0,0.0,0.0,2.0,10,2,12
91380,15,7,3,10,6,3,6,5,1,1,2,36,2,2,0.0,0.0,0.0,0.0,0.0,4.0,18,1,7
141344,16,7,3,10,2,3,6,1,1,1,2,12,2,2,0.0,0.0,0.0,0.0,0.0,2.0,16,5,10
184351,15,2,4,0,6,3,0,1,0,1,2,18,2,2,0.0,0.0,0.0,0.0,0.0,2.0,16,1,12
143011,15,2,1,0,6,3,0,1,0,1,2,17,2,4,1.0,0.0,0.0,0.0,1.0,2.0,1,7,10
142772,16,2,3,15,2,3,0,1,1,1,0,23,2,2,0.0,0.0,0.0,0.0,0.0,3.0,15,3,10
43246,16,7,1,0,2,3,6,1,0,1,2,6,2,3,1.0,0.0,0.0,1.0,0.0,4.0,22,3,4
108418,16,2,3,10,8,3,0,1,1,0,1,19,2,2,0.0,0.0,0.0,0.0,0.0,4.0,14,1,8
78927,8,7,1,10,10,3,6,1,1,1,0,36,3,2,0.0,0.0,0.0,0.0,0.0,4.0,21,6,6
125466,15,2,3,0,11,3,0,1,0,1,2,18,2,3,1.0,0.0,0.0,1.0,0.0,1.0,14,7,9
141708,4,2,1,2,2,3,0,1,1,1,2,37,1,2,0.0,0.0,0.0,0.0,0.0,2.0,21,1,10
178879,16,2,0,17,2,3,0,1,1,1,2,36,2,2,0.0,0.0,0.0,0.0,0.0,3.0,16,3,12
159353,16,2,3,17,8,3,0,1,1,1,1,36,2,2,0.0,0.0,0.0,0.0,0.0,2.0,7,5,11
187790,15,10,1,10,8,3,4,5,1,1,2,39,2,2,0.0,0.0,0.0,0.0,0.0,2.0,18,3,12
34961,4,2,1,17,8,3,0,1,0,1,2,22,2,2,0.0,0.0,0.0,0.0,0.0,2.0,18,6,3
140052,16,2,1,17,3,3,0,1,0,1,2,24,2,2,0.0,0.0,0.0,0.0,0.0,2.0,2,7,10
165188,16,2,3,17,6,3,0,1,0,1,2,36,2,3,3.0,0.0,0.0,1.0,2.0,0.0,15,6,11
138894,16,2,0,0,2,3,5,5,0,1,2,20,2,3,3.0,0.0,0.0,3.0,0.0,0.0,19,4,10
58363,16,2,1,9,6,3,0,1,0,1,2,6,2,1,1.0,0.0,1.0,0.0,0.0,1.0,20,6,5
127960,15,2,1,0,6,3,0,1,0,1,2,17,2,2,0.0,0.0,0.0,0.0,0.0,2.0,21,7,9
120796,15,2,3,8,8,3,0,1,0,0,1,26,2,3,1.0,0.0,0.0,1.0,0.0,1.0,16,4,9
140252,15,2,3,0,2,3,0,1,1,1,2,5,2,2,0.0,0.0,0.0,0.0,0.0,4.0,17,4,10
60599,16,2,3,0,8,3,0,1,0,1,2,36,2,4,1.0,0.0,0.0,0.0,1.0,1.0,17,5,5
33774,16,2,1,17,2,3,0,1,1,1,1,18,2,2,0.0,0.0,0.0,0.0,0.0,2.0,6,3,3
68286,16,2,1,17,6,5,0,1,1,1,2,28,2,2,0.0,0.0,0.0,0.0,0.0,2.0,20,7,5
71466,4,2,3,7,8,3,0,1,0,1,2,17,3,2,0.0,0.0,0.0,0.0,0.0,1.0,13,2,5
149944,16,2,3,15,3,3,0,5,1,1,2,23,2,2,0.0,0.0,0.0,0.0,0.0,2.0,8,3,10
158041,16,2,3,15,8,3,0,1,1,1,1,22,2,2,0.0,0.0,0.0,0.0,0.0,6.0,16,7,11
8462,16,2,3,10,2,3,0,1,0,1,2,19,2,3,1.0,0.0,0.0,1.0,0.0,1.0,9,3,1
11674,16,7,3,17,8,3,6,5,1,1,1,18,2,2,0.0,0.0,0.0,0.0,0.0,2.0,12,6,1
167385,15,2,3,17,2,3,5,5,1,1,2,36,2,2,0.0,0.0,0.0,0.0,0.0,2.0,15,2,11
152200,4,3,3,10,8,3,6,4,1,1,1,19,2,2,0.0,0.0,0.0,0.0,0.0,2.0,12,4,10
105996,16,2,3,17,1,3,0,5,0,1,2,36,2,3,5.0,0.0,0.0,5.0,0.0,1.0,13,6,8
164929,16,2,3,10,8,3,0,1,1,1,2,36,2,2,0.0,0.0,0.0,0.0,0.0,2.0,13,1,11
185182,4,2,1,17,8,3,0,1,1,1,2,36,2,2,0.0,0.0,0.0,0.0,0.0,2.0,20,2,12
188092,16,10,3,10,3,2,4,5,1,1,1,19,2,2,0.0,0.0,0.0,0.0,0.0,4.0,15,7,12
157228,16,2,1,10,2,3,0,5,1,1,1,36,2,2,0.0,0.0,0.0,0.0,0.0,2.0,18,5,11
121920,4,2,3,8,2,3,0,1,0,1,0,36,2,3,1.0,0.0,0.0,1.0,0.0,1.0,15,6,9
116547,16,2,3,17,3,3,0,1,1,1,1,36,2,2,0.0,0.0,0.0,0.0,0.0,5.0,16,5,8
154713,16,2,3,0,15,3,0,1,0,1,2,6,2,3,1.0,0.0,0.0,1.0,0.0,2.0,16,6,10
73143,15,2,3,15,19,3,0,1,1,1,1,18,2,2,0.0,0.0,0.0,0.0,0.0,2.0,13,6,6
187864,16,2,3,10,8,3,0,1,1,1,2,36,2,2,0.0,0.0,0.0,0.0,0.0,2.0,14,5,12
153126,16,2,3,15,17,3,0,1,1,1,2,36,2,2,0.0,0.0,0.0,0.0,0.0,2.0,10,4,10
187270,16,2,3,0,11,3,0,1,0,1,2,6,2,2,0.0,0.0,0.0,0.0,0.0,2.0,10,2,12
110649,17,2,3,17,8,3,5,5,1,1,2,36,2,2,0.0,0.0,0.0,0.0,0.0,2.0,18,6,8
94747,16,2,1,17,6,3,0,1,0,1,2,3,2,2,0.0,0.0,0.0,0.0,0.0,2.0,22,3,7
83232,16,7,3,17,3,3,6,1,1,1,1,24,2,2,0.0,0.0,0.0,0.0,0.0,3.0,8,6,6
128370,16,2,1,10,8,3,0,1,1,1,1,19,2,2,0.0,0.0,0.0,0.0,0.0,2.0,16,6,9
62087,16,2,1,17,8,3,0,1,1,1,1,24,2,2,0.0,0.0,0.0,0.0,0.0,2.0,1,7,5
97140,16,2,1,17,1,2,0,1,1,1,2,36,2,2,0.0,0.0,0.0,0.0,0.0,2.0,21,4,7
54304,16,2,1,0,8,3,0,1,1,1,2,18,2,2,0.0,0.0,0.0,0.0,0.0,2.0,21,3,4
169935,16,2,3,15,8,3,0,1,1,1,1,18,2,2,0.0,0.0,0.0,0.0,0.0,4.0,12,6,11
118343,16,7,3,0,8,3,6,1,0,1,2,6,2,3,1.0,0.0,0.0,1.0,0.0,3.0,17,3,8
168088,16,3,3,17,2,3,0,1,1,0,2,12,2,2,0.0,0.0,0.0,0.0,0.0,3.0,8,6,11
90819,16,2,3,10,8,3,0,1,1,1,1,19,3,2,0.0,0.0,0.0,0.0,0.0,3.0,12,5,7
36136,16,2,3,0,6,3,0,1,0,1,2,6,2,1,3.0,0.0,1.0,0.0,2.0,0.0,16,6,3
63949,4,2,3,17,8,3,0,5,0,1,2,18,2,2,0.0,0.0,0.0,0.0,0.0,2.0,15,3,5
50860,15,2,3,14,8,4,0,1,0,1,2,17,4,2,0.0,0.0,0.0,0.0,0.0,5.0,15,7,4
107561,15,2,1,0,8,3,6,1,1,0,1,18,2,2,0.0,0.0,0.0,0.0,0.0,2.0,20,1,8
30705,16,2,3,17,3,3,0,1,1,1,0,19,3,2,0.0,0.0,0.0,0.0,0.0,5.0,7,6,3
173976,15,2,3,17,2,3,0,1,0,1,2,24,2,1,2.0,0.0,1.0,0.0,1.0,1.0,15,6,12
19556,16,2,0,15,6,3,0,5,1,1,0,23,2,2,0.0,0.0,0.0,0.0,0.0,2.0,17,6,2
92727,16,2,3,0,6,3,0,1,0,1,2,6,2,2,0.0,0.0,0.0,0.0,0.0,3.0,10,7,7
62197,16,2,3,17,8,3,0,1,1,1,2,38,2,2,0.0,0.0,0.0,0.0,0.0,2.0,16,2,5
179840,16,2,3,0,6,3,0,1,0,1,2,36,2,4,1.0,0.0,0.0,0.0,1.0,1.0,12,3,12
105904,4,2,2,7,2,3,0,1,1,1,1,12,2,2,0.0,0.0,0.0,0.0,0.0,1.0,19,4,8
146867,16,2,3,17,6,3,0,2,1,1,2,36,2,2,0.0,0.0,0.0,0.0,0.0,2.0,10,4,10
74854,16,2,3,10,8,3,0,1,1,1,2,8,2,2,0.0,0.0,0.0,0.0,0.0,2.0,6,3,6
68755,16,2,1,10,2,3,0,1,1,1,0,19,2,2,0.0,0.0,0.0,0.0,0.0,3.0,3,1,5
87408,16,2,3,15,8,3,6,1,1,1,2,23,2,2,0.0,0.0,0.0,0.0,0.0,5.0,17,1,6
66728,16,2,3,0,3,3,0,1,0,1,2,36,2,1,2.0,0.0,1.0,1.0,0.0,2.0,13,6,5
157140,15,2,3,0,6,3,0,1,0,1,2,18,2,4,1.0,0.0,0.0,0.0,1.0,2.0,14,4,11
25948,16,2,3,17,3,3,6,5,0,1,2,18,2,2,0.0,0.0,0.0,0.0,0.0,2.0,9,4,2
168293,16,2,0,17,3,3,0,1,1,1,2,36,2,2,0.0,0.0,0.0,0.0,0.0,2.0,18,7,11
101304,16,2,1,9,1,3,0,1,0,1,0,36,2,3,1.0,0.0,0.0,1.0,0.0,1.0,23,5,7
13876,16,2,3,17,8,3,6,1,1,1,1,18,2,2,0.0,0.0,0.0,0.0,0.0,4.0,7,3,1
59127,15,7,3,0,16,3,6,1,0,1,2,36,2,2,0.0,0.0,0.0,0.0,0.0,2.0,7,3,5
76255,15,2,3,0,8,3,0,1,0,1,0,36,2,4,1.0,0.0,0.0,0.0,1.0,2.0,12,3,6
84961,16,7,3,17,6,3,6,1,1,1,2,36,2,2,0.0,0.0,0.0,0.0,0.0,3.0,8,6,6
20074,16,6,5,0,11,3,0,1,0,1,2,26,2,2,0.0,0.0,0.0,0.0,0.0,2.0,6,1,2
59489,16,2,3,17,6,3,0,1,1,1,2,24,2,2,0.0,0.0,0.0,0.0,0.0,2.0,12,3,5
146263,15,7,3,0,2,3,6,1,0,1,2,5,2,2,0.0,0.0,0.0,0.0,0.0,3.0,16,3,10
7141,3,3,3,10,3,3,6,1,0,1,2,16,2,4,1.0,0.0,0.0,0.0,1.0,1.0,7,3,1
43700,4,6,3,17,8,3,1,1,0,1,2,28,2,3,1.0,0.0,0.0,1.0,0.0,1.0,8,4,4
55968,16,2,3,10,2,3,0,5,1,1,2,26,2,2,0.0,0.0,0.0,0.0,0.0,2.0,17,3,4
123928,16,7,4,10,2,3,6,1,0,1,2,39,2,2,0.0,0.0,0.0,0.0,0.0,3.0,19,6,9
50069,16,2,0,17,2,3,0,1,1,1,0,19,2,2,0.0,0.0,0.0,0.0,0.0,2.0,20,1,4
187810,16,2,3,17,5,3,0,1,0,1,2,36,2,4,1.0,0.0,0.0,0.0,1.0,1.0,13,4,12
36009,16,3,3,17,6,3,0,1,1,1,0,36,2,2,0.0,0.0,0.0,0.0,0.0,2.0,14,4,3
144235,16,2,3,10,10,3,0,1,1,1,0,19,2,2,0.0,0.0,0.0,0.0,0.0,2.0,11,7,10
85192,17,2,3,0,2,3,0,1,0,1,2,36,2,3,1.0,0.0,0.0,1.0,0.0,1.0,14,1,6
100130,16,2,3,11,8,3,0,1,0,1,2,18,2,2,0.0,0.0,0.0,0.0,0.0,2.0,9,2,7
155691,4,11,5,10,10,3,5,5,0,1,1,36,2,3,2.0,0.0,0.0,2.0,0.0,1.0,17,3,11
164887,16,2,1,10,8,3,0,1,1,1,1,19,2,2,0.0,0.0,0.0,0.0,0.0,2.0,18,7,11
141945,16,7,3,17,8,3,6,1,0,1,2,18,2,2,0.0,0.0,0.0,0.0,0.0,2.0,17,6,10
184661,16,2,1,14,6,3,0,1,0,1,2,18,3,2,0.0,0.0,0.0,0.0,0.0,3.0,16,1,12
179342,16,11,1,15,6,3,5,5,1,1,2,36,2,2,0.0,0.0,0.0,0.0,0.0,2.0,19,4,12
176686,16,7,1,15,19,3,6,5,1,1,1,36,2,2,0.0,0.0,0.0,0.0,0.0,4.0,6,2,12
153821,16,2,3,17,6,3,0,5,1,1,2,18,2,2,0.0,0.0,0.0,0.0,0.0,2.0,13,2,10
58807,16,7,3,17,8,3,6,1,0,1,2,18,2,2,0.0,0.0,0.0,0.0,0.0,2.0,9,6,5
75947,4,2,3,17,10,3,0,1,1,1,2,18,2,2,0.0,0.0,0.0,0.0,0.0,2.0,11,5,6
86793,16,2,3,17,2,3,0,1,0,1,2,18,2,4,1.0,0.0,0.0,0.0,1.0,1.0,6,6,6
166422,15,2,1,9,6,3,0,1,0,1,0,18,3,3,2.0,0.0,0.0,2.0,0.0,1.0,17,3,11
73704,15,7,0,15,8,3,6,1,1,1,1,22,2,2,0.0,0.0,0.0,0.0,0.0,4.0,22,7,6
133180,16,2,3,17,2,3,0,1,0,1,2,18,2,3,1.0,0.0,0.0,1.0,0.0,1.0,14,2,9
140274,15,2,3,17,6,3,0,1,1,1,2,36,2,2,0.0,0.0,0.0,0.0,0.0,3.0,8,4,10
57743,16,11,3,8,6,3,5,1,0,1,2,18,2,3,1.0,0.0,0.0,1.0,0.0,1.0,16,4,5
181701,15,2,3,0,15,3,0,1,0,1,2,36,2,2,0.0,0.0,0.0,0.0,0.0,2.0,9,7,12
174807,16,2,1,15,18,3,0,1,1,1,2,22,2,2,0.0,0.0,0.0,0.0,0.0,2.0,21,3,12
67611,16,2,3,15,8,3,0,1,1,1,2,22,2,2,0.0,0.0,0.0,0.0,0.0,5.0,19,3,5
52485,15,2,3,8,10,3,0,1,0,1,1,36,2,3,1.0,0.0,0.0,1.0,0.0,1.0,17,3,4
23983,16,2,1,17,8,4,0,1,1,1,0,24,2,2,0.0,0.0,0.0,0.0,0.0,2.0,21,2,2
136427,16,2,3,17,6,3,0,1,0,1,2,6,2,2,0.0,0.0,0.0,0.0,0.0,3.0,15,7,9
165511,16,2,1,15,8,3,0,1,0,1,2,22,3,4,1.0,0.0,0.0,0.0,1.0,3.0,16,2,11
185826,15,2,3,15,2,3,0,1,1,1,1,5,2,2,0.0,0.0,0.0,0.0,0.0,3.0,14,6,12
126559,4,2,3,17,6,3,0,1,0,1,2,36,2,4,4.0,0.0,0.0,0.0,4.0,4.0,7,4,9
126625,15,3,3,0,2,3,0,5,0,1,2,18,2,3,1.0,0.0,0.0,1.0,0.0,3.0,17,3,9
187708,16,7,1,17,1,3,6,1,1,1,1,28,2,2,0.0,0.0,0.0,0.0,0.0,4.0,3,1,12
118236,16,2,3,10,5,3,0,1,0,1,2,19,2,4,2.0,0.0,0.0,0.0,2.0,1.0,10,3,8
123278,15,2,3,0,6,3,0,1,0,1,2,18,2,2,0.0,0.0,0.0,0.0,0.0,2.0,11,5,9
147950,4,2,3,17,2,3,0,1,1,0,2,18,2,2,0.0,0.0,0.0,0.0,0.0,4.0,17,6,10
63750,16,2,3,17,8,3,0,1,1,1,1,36,2,2,0.0,0.0,0.0,0.0,0.0,2.0,7,5,5
107875,15,2,4,10,2,3,0,1,1,1,2,19,2,2,0.0,0.0,0.0,0.0,0.0,2.0,20,5,8
25262,16,7,1,10,2,3,6,1,1,1,0,8,2,2,0.0,0.0,0.0,0.0,0.0,2.0,20,5,2
76341,16,2,3,15,2,3,0,1,1,1,2,23,2,2,0.0,0.0,0.0,0.0,0.0,2.0,16,5,6
151174,16,2,3,17,3,3,0,5,0,1,2,36,2,2,0.0,0.0,0.0,0.0,0.0,3.0,14,7,10
133636,16,2,1,0,2,3,0,1,0,1,2,6,2,2,0.0,0.0,0.0,0.0,0.0,2.0,23,1,9
127398,15,7,3,17,8,3,6,1,0,1,2,18,2,2,0.0,0.0,0.0,0.0,0.0,2.0,8,6,9
160178,16,2,3,17,2,3,0,1,0,1,2,24,2,4,1.0,0.0,0.0,0.0,1.0,1.0,12,4,11
55683,15,7,5,0,18,3,6,1,0,1,2,5,2,4,1.0,0.0,0.0,0.0,1.0,1.0,20,3,4
83260,16,7,3,10,2,5,6,1,0,1,2,19,3,3,1.0,0.0,0.0,1.0,0.0,6.0,12,6,6
124313,16,2,2,0,3,3,0,1,0,1,2,26,2,2,0.0,0.0,0.0,0.0,0.0,2.0,5,7,9
142983,15,2,1,0,8,3,6,1,0,1,2,5,2,2,0.0,0.0,0.0,0.0,0.0,2.0,20,5,10
165525,16,2,4,17,2,3,0,1,1,1,2,18,2,2,0.0,0.0,0.0,0.0,0.0,2.0,17,2,11
161952,15,2,3,0,2,3,0,1,0,1,2,18,2,1,2.0,0.0,2.0,0.0,0.0,0.0,7,2,11
183329,4,2,3,17,18,3,0,1,0,1,2,24,2,4,1.0,0.0,0.0,0.0,1.0,1.0,12,1,12
100632,16,2,3,0,6,3,0,1,0,1,2,18,2,3,2.0,0.0,0.0,2.0,0.0,0.0,17,3,7
811,16,2,3,17,8,3,5,5,1,1,1,24,2,2,0.0,0.0,0.0,0.0,0.0,2.0,15,1,1
62903,16,2,3,2,8,3,0,1,0,1,2,28,1,1,1.0,0.0,1.0,0.0,0.0,1.0,12,6,5
124917,4,2,1,7,1,3,0,1,0,0,2,12,2,2,0.0,0.0,0.0,0.0,0.0,1.0,0,1,9
19565,16,2,1,17,6,3,0,1,0,1,2,18,2,2,0.0,0.0,0.0,0.0,0.0,2.0,19,6,2
124030,16,2,3,0,6,3,0,5,0,1,2,36,2,2,0.0,0.0,0.0,0.0,0.0,2.0,12,7,9
35321,16,2,3,15,11,3,0,1,1,1,2,26,2,2,0.0,0.0,0.0,0.0,0.0,2.0,15,5,3
156142,16,2,5,17,6,3,1,5,1,1,2,24,2,2,0.0,0.0,0.0,0.0,0.0,3.0,4,4,11
126677,16,2,3,15,8,3,0,1,1,1,2,22,2,2,0.0,0.0,0.0,0.0,0.0,2.0,16,4,9
146526,16,2,3,17,8,3,0,1,1,1,1,18,2,2,0.0,0.0,0.0,0.0,0.0,2.0,14,4,10
77703,15,2,3,0,2,3,0,1,1,1,1,36,2,2,0.0,0.0,0.0,0.0,0.0,2.0,9,3,6
83634,4,2,0,8,6,3,0,5,1,1,0,36,2,2,0.0,0.0,0.0,0.0,0.0,2.0,22,7,6
102441,16,2,3,17,8,3,0,1,0,1,2,18,2,2,0.0,0.0,0.0,0.0,0.0,2.0,6,1,7
56440,16,2,3,10,8,3,0,1,1,1,2,19,2,2,0.0,0.0,0.0,0.0,0.0,5.0,17,4,5
170724,16,10,3,0,2,3,1,5,0,1,2,39,2,4,1.0,0.0,0.0,0.0,1.0,1.0,16,4,11
161489,15,10,3,17,8,3,0,1,1,1,1,36,2,2,0.0,0.0,0.0,0.0,0.0,2.0,15,2,11
129983,16,11,5,2,6,3,5,5,0,1,2,13,1,2,0.0,0.0,0.0,0.0,0.0,1.0,19,1,9
39893,16,2,3,10,2,3,0,3,0,1,1,17,2,4,1.0,0.0,0.0,0.0,1.0,3.0,12,3,3
21443,16,2,3,17,6,3,4,1,1,1,2,36,2,2,0.0,0.0,0.0,0.0,0.0,2.0,15,2,2
114617,16,11,2,10,17,3,0,1,1,1,1,19,2,2,0.0,0.0,0.0,0.0,0.0,2.0,21,2,8
80514,16,2,3,10,1,3,0,1,1,1,2,17,2,2,0.0,0.0,0.0,0.0,0.0,10.0,11,1,6
179033,16,2,3,10,11,3,3,0,1,1,2,32,2,2,0.0,0.0,0.0,0.0,0.0,3.0,8,5,12
162748,4,7,1,0,8,3,6,1,0,1,2,18,2,3,1.0,0.0,0.0,1.0,0.0,2.0,0,6,11
89184,15,2,3,0,8,3,0,1,0,1,2,5,2,2,0.0,0.0,0.0,0.0,0.0,2.0,20,1,7
101342,16,2,3,10,8,3,0,1,1,1,2,19,2,2,0.0,0.0,0.0,0.0,0.0,7.0,18,6,7
78414,15,6,3,0,5,3,0,1,1,1,1,36,2,2,0.0,0.0,0.0,0.0,0.0,3.0,17,7,6
182991,15,2,3,0,8,3,0,1,0,1,2,18,2,2,0.0,0.0,0.0,0.0,0.0,2.0,8,5,12
39358,16,2,1,0,3,3,0,1,1,1,1,6,2,2,0.0,0.0,0.0,0.0,0.0,3.0,2,1,3
7221,15,2,3,0,8,3,0,1,1,1,2,5,2,2,0.0,0.0,0.0,0.0,0.0,2.0,8,4,1
171280,16,2,3,10,6,3,0,1,1,1,0,17,3,2,0.0,0.0,0.0,0.0,0.0,4.0,15,6,11
54192,16,11,5,17,8,3,5,5,1,1,2,24,2,2,0.0,0.0,0.0,0.0,0.0,2.0,13,2,4
40856,16,2,3,15,6,3,0,1,1,1,2,24,2,2,0.0,0.0,0.0,0.0,0.0,2.0,9,2,3