crash_date,               traffic_control_device,weather_condition,lighting_condition,first_crash_type,trafficway_type,alignment,roadway_surface_cond,road_defect,crash_type,intersection_related_i,damage,prim_contributory_cause,num_units,most_severe_injury,injuries_total,injuries_fatal,injuries_incapacitating,injuries_non_incapacitating,injuries_reported_not_evident,injuries_no_indication,crash_hour,crash_day_of_week,crash_month
149864,16,2,2,9,1,3,0,5,0,1,1,36,2,3,1.0,0.0,0.0,1.0,0.0,1.0,6,2,10
107165,15,2,3,0,18,3,0,1,1,1,2,5,2,2,0.0,0.0,0.0,0.0,0.0,3.0,12,3,8
141374,15,2,1,17,6,3,6,1,1,1,2,18,2,2,0.0,0.0,0.0,0.0,0.0,3.0,19,5,10
127847,15,2,3,0,8,3,0,5,1,1,2,18,2,2,0.0,0.0,0.0,0.0,0.0,2.0,16,6,9
59335,4,2,1,17,6,3,0,1,0,1,2,18,2,3,1.0,0.0,0.0,1.0,0.0,5.0,21,7,5
62024,15,2,3,10,15,3,0,1,0,1,2,17,2,4,1.0,0.0,0.0,0.0,1.0,1.0,7,1,5
156610,16,2,3,0,3,3,0,1,0,1,2,36,2,1,1.0,0.0,1.0,0.0,0.0,5.0,13,3,11
35373,16,2,3,9,8,3,0,1,0,1,2,6,2,3,1.0,0.0,0.0,1.0,0.0,2.0,7,6,3
154513,15,2,3,10,8,3,0,1,1,1,2,36,3,2,0.0,0.0,0.0,0.0,0.0,4.0,12,2,10
143647,4,2,3,17,8,3,0,1,1,1,2,36,2,2,0.0,0.0,0.0,0.0,0.0,3.0,14,1,10
94566,16,2,1,17,2,3,0,1,0,1,2,19,2,3,1.0,0.0,0.0,1.0,0.0,2.0,0,6,7
125870,16,2,3,7,2,3,0,1,1,1,0,36,3,2,0.0,0.0,0.0,0.0,0.0,2.0,10,7,9
40689,15,2,1,17,8,3,0,1,1,1,2,18,2,2,0.0,0.0,0.0,0.0,0.0,2.0,18,5,3
42396,16,2,3,8,10,3,0,1,1,1,0,6,2,2,0.0,0.0,0.0,0.0,0.0,2.0,8,2,4
188074,16,2,3,10,10,4,6,5,1,1,1,17,2,2,0.0,0.0,0.0,0.0,0.0,2.0,13,7,12
181878,16,2,3,17,8,3,0,1,1,1,2,18,2,2,0.0,0.0,0.0,0.0,0.0,2.0,7,1,12
159833,16,2,3,10,8,3,0,1,1,1,1,36,2,2,0.0,0.0,0.0,0.0,0.0,2.0,8,5,11
119268,17,2,3,17,6,3,0,5,0,1,2,36,2,1,3.0,0.0,2.0,1.0,0.0,1.0,16,3,8
64105,15,2,3,0,8,3,0,1,0,1,2,18,2,3,1.0,0.0,0.0,1.0,0.0,1.0,18,4,5
89274,16,2,3,17,6,3,0,5,0,0,2,18,3,3,2.0,0.0,0.0,2.0,0.0,1.0,13,4,7
153043,4,7,3,17,16,3,6,1,0,1,2,18,2,2,0.0,0.0,0.0,0.0,0.0,2.0,9,3,10
165826,16,2,3,17,6,3,0,1,0,1,2,6,3,4,1.0,0.0,0.0,0.0,1.0,4.0,12,7,11
72045,16,2,3,17,3,3,0,1,0,1,2,36,2,3,2.0,0.0,0.0,2.0,0.0,0.0,16,3,6
42538,15,7,1,13,6,3,6,1,1,1,2,36,2,2,0.0,0.0,0.0,0.0,0.0,2.0,4,6,4
185998,16,2,1,10,3,3,6,1,1,1,2,36,2,2,0.0,0.0,0.0,0.0,0.0,2.0,0,2,12
22507,4,2,1,17,8,3,0,1,1,1,2,18,2,2,0.0,0.0,0.0,0.0,0.0,2.0,20,6,2
153783,16,2,3,15,6,3,0,1,1,0,0,22,2,2,0.0,0.0,0.0,0.0,0.0,2.0,6,7,10
105208,16,2,3,15,5,3,0,5,1,1,1,36,2,2,0.0,0.0,0.0,0.0,0.0,4.0,15,7,8
160106,16,2,3,0,6,3,0,1,1,1,1,36,2,2,0.0,0.0,0.0,0.0,0.0,2.0,15,4,11
142057,16,2,3,10,2,3,0,1,0,1,2,17,3,2,0.0,0.0,0.0,0.0,0.0,7.0,13,1,10
48430,16,2,3,17,15,3,0,1,1,1,2,12,2,2,0.0,0.0,0.0,0.0,0.0,4.0,8,6,4
161449,16,2,1,15,8,3,0,1,1,1,1,23,2,2,0.0,0.0,0.0,0.0,0.0,2.0,19,1,11
27860,15,2,1,0,2,3,0,1,0,1,2,6,2,1,1.0,0.0,1.0,0.0,0.0,1.0,22,6,2
65918,16,7,1,17,6,3,6,1,0,1,2,24,2,4,1.0,0.0,0.0,0.0,1.0,1.0,23,6,5
184954,4,7,1,17,8,3,6,1,1,1,2,18,2,2,0.0,0.0,0.0,0.0,0.0,4.0,18,4,12
163406,15,2,1,17,2,3,0,1,1,1,2,23,2,2,0.0,0.0,0.0,0.0,0.0,2.0,21,2,11
6797,16,2,1,10,8,3,0,1,1,1,1,17,2,2,0.0,0.0,0.0,0.0,0.0,2.0,4,6,1
114178,15,2,3,8,8,3,0,1,0,1,2,18,2,3,1.0,0.0,0.0,1.0,0.0,1.0,17,3,8
116604,15,2,3,0,6,3,0,5,1,1,2,36,2,2,0.0,0.0,0.0,0.0,0.0,2.0,13,7,8
121617,15,11,5,0,15,3,5,5,1,1,2,36,2,2,0.0,0.0,0.0,0.0,0.0,2.0,10,2,9
187262,16,2,1,17,8,3,0,1,0,1,2,18,2,2,0.0,0.0,0.0,0.0,0.0,4.0,20,2,12
40776,4,2,3,17,2,4,0,1,0,1,2,23,2,2,0.0,0.0,0.0,0.0,0.0,3.0,15,1,3
89830,4,2,3,7,11,3,0,1,1,1,2,36,2,2,0.0,0.0,0.0,0.0,0.0,1.0,16,3,7
99302,16,2,3,17,2,3,0,1,0,1,2,18,2,1,1.0,0.0,1.0,0.0,0.0,1.0,8,2,7
75426,17,2,3,15,6,3,5,5,1,0,1,36,2,2,0.0,0.0,0.0,0.0,0.0,2.0,15,6,6
94161,15,2,0,0,2,3,0,1,0,1,2,36,2,2,0.0,0.0,0.0,0.0,0.0,2.0,20,7,7
96193,15,2,3,10,15,3,0,1,1,1,2,37,2,2,0.0,0.0,0.0,0.0,0.0,2.0,18,4,7
62916,16,2,3,15,2,3,0,1,1,1,2,23,2,2,0.0,0.0,0.0,0.0,0.0,3.0,14,7,5
99877,16,2,3,10,6,3,0,1,0,1,2,30,5,1,3.0,0.0,2.0,1.0,0.0,4.0,9,4,7
177740,16,2,2,2,8,3,0,1,1,1,1,12,1,2,0.0,0.0,0.0,0.0,0.0,1.0,6,2,12
51661,15,2,3,17,11,3,0,5,1,1,2,19,2,2,0.0,0.0,0.0,0.0,0.0,2.0,18,7,4
81592,16,7,1,17,8,3,6,5,0,1,2,37,2,2,0.0,0.0,0.0,0.0,0.0,2.0,0,3,6
178979,16,2,3,17,8,3,6,1,1,1,2,36,2,2,0.0,0.0,0.0,0.0,0.0,2.0,12,4,12
61183,15,7,3,17,6,3,6,1,0,1,2,36,3,2,0.0,0.0,0.0,0.0,0.0,3.0,16,7,5
91255,4,2,3,10,6,3,0,1,1,1,2,19,2,2,0.0,0.0,0.0,0.0,0.0,3.0,20,5,7
83863,16,3,3,17,8,3,0,1,0,1,2,24,2,3,1.0,0.0,0.0,1.0,0.0,3.0,11,1,6
70421,16,2,3,10,8,3,0,1,0,1,2,17,3,2,0.0,0.0,0.0,0.0,0.0,3.0,5,7,5
55807,15,7,1,2,8,3,6,1,0,1,2,37,1,3,1.0,0.0,0.0,1.0,0.0,1.0,1,7,4
144011,16,2,1,2,11,5,3,0,0,1,2,36,2,2,0.0,0.0,0.0,0.0,0.0,2.0,19,2,10
139753,16,2,3,9,15,3,0,1,0,1,0,26,2,0,1.0,1.0,0.0,0.0,0.0,1.0,8,4,10
5393,16,2,3,0,8,3,6,1,0,1,2,18,2,4,1.0,0.0,0.0,0.0,1.0,3.0,8,7,1
44307,4,2,3,17,10,3,0,1,0,0,2,26,2,2,0.0,0.0,0.0,0.0,0.0,2.0,8,2,4
161133,15,2,3,17,2,3,0,5,1,1,2,36,2,2,0.0,0.0,0.0,0.0,0.0,2.0,9,4,11
18372,16,2,3,17,2,3,0,1,1,1,2,24,2,2,0.0,0.0,0.0,0.0,0.0,2.0,13,6,2
172921,15,2,1,0,6,3,0,1,1,1,2,18,2,2,0.0,0.0,0.0,0.0,0.0,2.0,19,2,12
42653,16,2,3,17,6,3,0,1,1,1,2,18,2,2,0.0,0.0,0.0,0.0,0.0,2.0,13,2,4
167355,15,2,3,0,6,3,0,1,0,1,2,36,2,3,1.0,0.0,0.0,1.0,0.0,2.0,9,1,11
127565,16,2,3,10,8,3,0,1,1,1,2,36,2,2,0.0,0.0,0.0,0.0,0.0,2.0,16,3,9
177131,16,2,1,17,10,3,0,1,1,1,2,24,2,2,0.0,0.0,0.0,0.0,0.0,2.0,1,7,12
29168,16,2,1,10,2,3,0,1,1,0,1,21,2,2,0.0,0.0,0.0,0.0,0.0,2.0,17,6,3
74176,4,2,0,17,2,3,0,1,1,1,2,18,2,2,0.0,0.0,0.0,0.0,0.0,2.0,21,7,6
166354,16,11,3,10,19,3,5,5,1,1,2,36,2,2,0.0,0.0,0.0,0.0,0.0,3.0,15,1,11
22343,16,7,3,17,6,3,6,1,0,1,2,24,2,4,1.0,0.0,0.0,0.0,1.0,1.0,15,4,2
168861,15,10,3,0,2,3,4,1,1,1,2,18,2,2,0.0,0.0,0.0,0.0,0.0,2.0,9,3,11
184503,4,10,3,0,6,3,4,1,1,1,2,12,2,2,0.0,0.0,0.0,0.0,0.0,2.0,15,5,12
9837,4,2,3,17,8,3,6,1,1,1,1,36,2,2,0.0,0.0,0.0,0.0,0.0,3.0,14,5,1
92530,16,2,3,0,8,3,0,1,0,1,2,6,2,2,0.0,0.0,0.0,0.0,0.0,2.0,15,4,7
100934,15,2,1,17,8,3,0,1,0,1,2,24,2,2,0.0,0.0,0.0,0.0,0.0,2.0,11,6,7
27346,4,2,1,17,8,3,0,1,0,1,2,36,3,4,1.0,0.0,0.0,0.0,1.0,2.0,18,5,2
60993,16,2,3,15,10,3,0,1,0,1,2,22,3,1,1.0,0.0,1.0,0.0,0.0,3.0,16,6,5
62734,15,2,3,10,8,3,0,1,1,1,2,36,2,2,0.0,0.0,0.0,0.0,0.0,2.0,6,3,5
175272,15,2,3,17,11,3,0,1,1,1,2,24,2,2,0.0,0.0,0.0,0.0,0.0,2.0,9,3,12
84865,16,2,3,0,2,3,0,1,0,1,2,6,2,2,0.0,0.0,0.0,0.0,0.0,4.0,14,5,6
48696,16,2,3,17,10,3,0,1,0,1,2,24,2,3,1.0,0.0,0.0,1.0,0.0,1.0,11,2,4
16775,4,11,0,7,15,3,5,5,1,1,2,36,2,2,0.0,0.0,0.0,0.0,0.0,1.0,0,7,2
122122,16,2,3,15,8,3,0,1,1,1,2,22,2,2,0.0,0.0,0.0,0.0,0.0,2.0,15,3,9
51602,16,11,5,10,15,3,5,5,1,1,2,36,2,2,0.0,0.0,0.0,0.0,0.0,2.0,17,1,4
52702,16,2,3,17,6,3,0,1,0,1,2,6,2,2,0.0,0.0,0.0,0.0,0.0,2.0,18,6,4
16748,16,2,1,3,6,3,0,1,0,1,2,6,3,3,1.0,0.0,0.0,1.0,0.0,5.0,20,7,2
149462,16,11,5,10,8,3,5,5,1,1,1,36,2,2,0.0,0.0,0.0,0.0,0.0,2.0,17,5,10
156390,4,3,3,10,2,3,6,1,1,1,2,19,2,2,0.0,0.0,0.0,0.0,0.0,2.0,10,5,11
99291,15,2,3,8,8,3,0,1,1,1,1,5,2,2,0.0,0.0,0.0,0.0,0.0,2.0,18,2,7
118064,16,2,3,17,2,3,0,1,1,1,2,23,2,2,0.0,0.0,0.0,0.0,0.0,2.0,17,7,8
96635,16,2,3,17,8,3,0,5,1,1,2,36,2,2,0.0,0.0,0.0,0.0,0.0,4.0,15,4,7
24517,16,2,1,17,8,3,0,1,1,1,2,22,2,2,0.0,0.0,0.0,0.0,0.0,3.0,18,5,2
123111,15,2,3,17,18,3,0,5,0,1,2,36,2,2,0.0,0.0,0.0,0.0,0.0,5.0,12,1,9
121440,16,2,3,10,3,3,0,1,1,1,2,19,2,2,0.0,0.0,0.0,0.0,0.0,2.0,15,6,9
167751,15,2,3,17,2,3,0,1,0,1,2,18,2,2,0.0,0.0,0.0,0.0,0.0,3.0,15,6,11
163925,15,2,1,0,2,3,0,1,1,1,2,36,2,2,0.0,0.0,0.0,0.0,0.0,3.0,18,2,11
91221,4,2,3,17,2,3,0,1,0,1,2,18,2,2,0.0,0.0,0.0,0.0,0.0,2.0,12,4,7
76900,16,2,3,9,8,3,0,1,0,1,2,12,2,3,1.0,0.0,0.0,1.0,0.0,1.0,15,6,6
49992,4,7,3,17,8,3,6,1,1,0,0,22,2,2,0.0,0.0,0.0,0.0,0.0,2.0,10,5,4
169533,16,3,3,17,8,3,0,1,1,0,2,24,2,2,0.0,0.0,0.0,0.0,0.0,2.0,8,7,11
185405,16,2,1,17,6,4,0,1,0,1,2,6,2,3,1.0,0.0,0.0,1.0,0.0,4.0,23,3,12
102582,16,11,5,7,8,3,5,5,1,1,1,36,2,2,0.0,0.0,0.0,0.0,0.0,1.0,0,4,7
93093,16,2,3,10,2,3,0,1,0,1,2,19,2,4,1.0,0.0,0.0,0.0,1.0,1.0,18,5,7
168610,15,2,3,0,10,3,0,1,1,1,2,18,2,2,0.0,0.0,0.0,0.0,0.0,2.0,12,7,11
82577,15,3,3,17,15,3,0,1,1,1,1,24,2,2,0.0,0.0,0.0,0.0,0.0,2.0,18,5,6
34756,16,2,1,17,6,3,0,1,0,1,2,18,2,4,1.0,0.0,0.0,0.0,1.0,1.0,19,5,3
86646,17,3,3,15,6,3,5,1,1,1,1,36,2,2,0.0,0.0,0.0,0.0,0.0,2.0,14,6,6
85292,15,2,3,0,8,3,0,1,0,1,2,18,2,3,1.0,0.0,0.0,1.0,0.0,1.0,11,3,6
181548,15,3,3,17,8,3,5,5,0,1,2,36,2,4,1.0,0.0,0.0,0.0,1.0,2.0,7,5,12
182422,16,2,3,17,10,3,0,1,1,1,2,24,2,2,0.0,0.0,0.0,0.0,0.0,3.0,10,4,12
3705,16,2,3,0,8,3,0,1,0,1,2,18,2,2,0.0,0.0,0.0,0.0,0.0,3.0,12,7,1
140933,16,11,1,17,2,3,5,1,1,1,1,36,2,2,0.0,0.0,0.0,0.0,0.0,2.0,22,6,10
167957,15,2,5,9,8,3,0,1,0,1,2,36,2,1,1.0,0.0,1.0,0.0,0.0,1.0,16,3,11
8745,15,2,4,17,8,3,0,1,1,1,0,21,2,2,0.0,0.0,0.0,0.0,0.0,2.0,14,6,1
165403,15,7,3,0,8,3,6,1,0,1,2,18,2,2,0.0,0.0,0.0,0.0,0.0,2.0,8,7,11
113502,16,2,3,10,6,3,0,1,1,1,2,36,2,2,0.0,0.0,0.0,0.0,0.0,2.0,18,1,8
6569,16,10,1,0,11,3,4,1,0,1,2,26,2,2,0.0,0.0,0.0,0.0,0.0,2.0,21,1,1
144170,15,2,1,17,8,3,0,1,1,1,2,18,2,2,0.0,0.0,0.0,0.0,0.0,2.0,23,6,10
57650,17,2,3,15,2,3,0,5,1,1,1,22,2,2,0.0,0.0,0.0,0.0,0.0,4.0,12,7,5
63908,16,2,3,17,8,3,0,1,0,1,2,36,2,3,1.0,0.0,0.0,1.0,0.0,1.0,18,2,5
62917,16,2,3,10,8,3,0,1,1,1,2,36,2,2,0.0,0.0,0.0,0.0,0.0,4.0,14,7,5
127245,16,2,3,17,8,3,0,5,0,1,2,36,2,3,2.0,0.0,0.0,2.0,0.0,0.0,14,5,9
91428,4,2,3,17,8,3,0,1,1,1,2,38,2,2,0.0,0.0,0.0,0.0,0.0,2.0,14,7,7
20619,16,2,1,10,2,3,0,5,1,1,2,36,2,2,0.0,0.0,0.0,0.0,0.0,2.0,19,3,2
151913,15,7,3,3,10,3,6,1,1,1,2,11,2,2,0.0,0.0,0.0,0.0,0.0,2.0,17,3,10
15148,16,2,3,17,2,3,0,1,0,1,2,24,2,2,0.0,0.0,0.0,0.0,0.0,2.0,10,5,2
45672,16,2,1,17,3,2,6,1,0,1,2,36,2,3,1.0,0.0,0.0,1.0,0.0,1.0,10,6,4
151944,15,7,3,0,15,3,6,1,1,1,2,5,2,2,0.0,0.0,0.0,0.0,0.0,2.0,8,3,10
185701,16,2,3,17,11,3,6,1,1,1,2,18,2,2,0.0,0.0,0.0,0.0,0.0,2.0,11,1,12
59175,16,2,3,2,8,3,0,1,0,1,2,36,1,2,0.0,0.0,0.0,0.0,0.0,1.0,18,5,5
60211,4,2,3,17,4,3,0,5,1,0,2,18,2,2,0.0,0.0,0.0,0.0,0.0,2.0,15,7,5
145415,16,2,3,10,8,3,0,1,1,1,1,36,2,2,0.0,0.0,0.0,0.0,0.0,2.0,15,4,10
170298,16,2,3,17,3,3,0,1,1,1,2,35,2,2,0.0,0.0,0.0,0.0,0.0,2.0,16,4,11
131150,16,2,3,17,8,3,0,1,0,1,2,24,2,4,1.0,0.0,0.0,0.0,1.0,1.0,16,5,9
142805,15,10,1,15,8,3,6,1,1,1,1,23,2,2,0.0,0.0,0.0,0.0,0.0,3.0,19,3,10
161107,15,2,1,17,6,3,0,1,1,1,1,18,2,2,0.0,0.0,0.0,0.0,0.0,2.0,3,4,11
162079,17,2,3,10,18,3,0,1,1,1,2,19,2,2,0.0,0.0,0.0,0.0,0.0,2.0,11,3,11
69418,16,2,3,10,8,3,0,1,1,1,2,19,2,2,0.0,0.0,0.0,0.0,0.0,2.0,18,5,5
113358,17,11,5,17,8,3,5,5,1,1,2,36,2,2,0.0,0.0,0.0,0.0,0.0,2.0,18,5,8
98160,4,2,1,3,8,3,0,5,0,0,2,37,3,1,3.0,0.0,1.0,2.0,0.0,2.0,0,7,7
143439,15,7,3,0,8,3,6,1,0,1,2,18,2,3,2.0,0.0,0.0,2.0,0.0,0.0,11,4,10
165680,16,2,1,17,8,3,0,5,1,1,2,24,2,2,0.0,0.0,0.0,0.0,0.0,2.0,23,5,11
98992,16,2,1,17,8,3,0,1,1,1,2,36,2,2,0.0,0.0,0.0,0.0,0.0,2.0,21,5,7
88667,16,7,3,8,10,3,6,1,1,1,0,18,2,2,0.0,0.0,0.0,0.0,0.0,3.0,14,1,7
45910,16,10,3,15,8,3,4,1,1,1,1,39,2,2,0.0,0.0,0.0,0.0,0.0,2.0,11,2,4
135011,15,2,3,11,2,3,0,1,1,1,2,36,2,2,0.0,0.0,0.0,0.0,0.0,3.0,13,7,9
143926,4,2,3,17,16,3,0,1,1,1,1,22,2,2,0.0,0.0,0.0,0.0,0.0,3.0,12,4,10
62547,16,7,3,0,8,3,6,1,0,1,2,12,2,3,2.0,0.0,0.0,2.0,0.0,1.0,17,2,5
21249,4,2,1,17,8,3,0,1,1,1,1,36,2,2,0.0,0.0,0.0,0.0,0.0,2.0,11,5,2
153688,15,7,3,2,6,3,6,1,0,1,2,30,1,3,1.0,0.0,0.0,1.0,0.0,0.0,12,5,10
121722,15,3,3,7,10,3,6,1,1,1,2,11,5,2,0.0,0.0,0.0,0.0,0.0,3.0,18,2,9
120092,15,2,3,0,2,3,0,1,1,1,2,18,2,2,0.0,0.0,0.0,0.0,0.0,2.0,12,6,8
96921,15,2,3,0,6,3,0,1,0,1,2,5,2,2,0.0,0.0,0.0,0.0,0.0,3.0,16,2,7
146723,16,2,5,10,8,3,5,1,1,1,1,19,2,2,0.0,0.0,0.0,0.0,0.0,2.0,19,1,10
159465,4,2,1,0,8,3,0,1,1,1,2,36,2,2,0.0,0.0,0.0,0.0,0.0,2.0,3,1,11
138502,16,6,1,17,6,3,0,1,0,1,2,6,2,1,1.0,0.0,1.0,0.0,0.0,6.0,20,7,10
60002,16,2,1,9,6,3,0,1,0,1,2,18,2,1,1.0,0.0,1.0,0.0,0.0,1.0,23,4,5
51367,15,2,1,10,6,3,0,5,0,1,2,8,3,2,0.0,0.0,0.0,0.0,0.0,2.0,0,1,4
74110,16,2,0,0,6,3,0,1,0,1,2,36,2,1,2.0,0.0,2.0,0.0,0.0,0.0,21,6,6
80983,4,2,3,7,2,3,0,1,0,1,2,36,2,1,1.0,0.0,1.0,0.0,0.0,0.0,16,2,6
161816,4,2,3,17,6,3,0,5,1,1,2,24,2,2,0.0,0.0,0.0,0.0,0.0,2.0,11,2,11
15943,15,2,1,17,6,3,0,1,0,1,2,8,2,2,0.0,0.0,0.0,0.0,0.0,2.0,20,6,2
28695,15,2,5,17,2,3,0,5,1,1,1,26,2,2,0.0,0.0,0.0,0.0,0.0,2.0,18,4,3
103489,16,2,3,15,8,3,0,5,1,1,1,36,2,2,0.0,0.0,0.0,0.0,0.0,2.0,17,3,7
93046,16,2,3,8,1,3,0,1,0,1,2,18,2,1,1.0,0.0,1.0,0.0,0.0,1.0,9,4,7
164376,16,2,1,17,15,3,0,1,0,1,2,6,2,3,1.0,0.0,0.0,1.0,0.0,2.0,6,7,11
66796,16,2,3,0,6,3,0,1,0,1,2,24,2,3,3.0,0.0,0.0,3.0,0.0,1.0,14,7,5
156071,4,2,3,15,8,3,0,5,0,1,2,22,4,2,0.0,0.0,0.0,0.0,0.0,3.0,16,3,11
174703,16,2,1,5,8,3,0,1,1,1,2,36,1,2,0.0,0.0,0.0,0.0,0.0,8.0,16,2,12
126370,16,7,3,10,6,3,6,1,1,1,1,39,2,2,0.0,0.0,0.0,0.0,0.0,2.0,13,1,9
17837,17,11,5,10,8,3,5,5,1,1,2,36,2,2,0.0,0.0,0.0,0.0,0.0,2.0,23,3,2
31849,16,7,3,17,6,4,6,1,1,1,2,24,2,2,0.0,0.0,0.0,0.0,0.0,2.0,6,6,3
167568,16,10,3,10,2,3,4,1,1,1,2,36,2,2,0.0,0.0,0.0,0.0,0.0,2.0,10,5,11
77204,3,2,3,15,1,3,0,1,0,1,2,18,2,2,0.0,0.0,0.0,0.0,0.0,3.0,11,2,6
171623,15,2,4,17,8,3,0,1,1,1,0,18,2,2,0.0,0.0,0.0,0.0,0.0,2.0,16,5,11
13490,15,2,3,0,6,3,0,1,0,1,1,23,2,3,1.0,0.0,0.0,1.0,0.0,1.0,7,3,1
138128,15,2,1,7,6,3,0,1,1,1,1,24,2,2,0.0,0.0,0.0,0.0,0.0,1.0,20,3,10
4296,16,7,1,17,6,3,6,1,1,1,1,12,2,2,0.0,0.0,0.0,0.0,0.0,2.0,22,3,1
65858,4,2,3,10,8,3,0,1,1,1,2,19,2,2,0.0,0.0,0.0,0.0,0.0,2.0,14,6,5
123758,4,2,3,9,6,3,0,1,0,1,2,11,2,4,1.0,0.0,0.0,0.0,1.0,2.0,17,6,9
161280,16,7,1,17,18,3,6,2,1,1,2,38,2,2,0.0,0.0,0.0,0.0,0.0,5.0,1,1,11
117975,16,2,3,15,3,3,0,1,1,1,0,12,2,2,0.0,0.0,0.0,0.0,0.0,2.0,15,6,8
176812,15,2,3,0,6,3,0,1,1,1,2,18,2,2,0.0,0.0,0.0,0.0,0.0,2.0,14,5,12
44450,16,2,3,14,2,3,0,1,1,1,2,18,2,2,0.0,0.0,0.0,0.0,0.0,2.0,18,6,4
122231,4,3,3,0,8,3,5,1,0,1,2,37,2,2,0.0,0.0,0.0,0.0,0.0,4.0,14,2,9
48115,16,7,3,17,3,3,6,1,0,1,2,17,2,4,1.0,0.0,0.0,0.0,1.0,6.0,17,7,4
112392,16,2,3,17,8,3,0,5,1,1,0,36,2,2,0.0,0.0,0.0,0.0,0.0,2.0,15,6,8
181556,15,2,1,10,8,3,0,1,1,1,0,17,2,2,0.0,0.0,0.0,0.0,0.0,4.0,20,5,12
165783,15,2,0,0,2,3,0,5,1,1,2,18,2,2,0.0,0.0,0.0,0.0,0.0,2.0,18,7,11
14604,16,7,3,15,8,3,6,5,1,1,2,18,2,2,0.0,0.0,0.0,0.0,0.0,2.0,14,1,1
109016,16,2,1,0,15,5,0,1,0,1,2,6,2,2,0.0,0.0,0.0,0.0,0.0,2.0,3,3,8
85284,16,7,3,10,2,3,6,1,1,1,1,23,2,2,0.0,0.0,0.0,0.0,0.0,2.0,9,3,6
162208,16,7,0,17,2,3,6,1,1,1,2,23,2,2,0.0,0.0,0.0,0.0,0.0,2.0,18,6,11
147675,15,7,3,0,6,3,6,1,1,1,2,5,2,2,0.0,0.0,0.0,0.0,0.0,2.0,14,1,10
41490,16,2,3,15,8,3,0,1,1,1,2,36,2,2,0.0,0.0,0.0,0.0,0.0,2.0,15,7,3
124205,16,2,1,17,2,3,0,1,1,1,2,18,2,2,0.0,0.0,0.0,0.0,0.0,4.0,19,4,9
18538,16,10,4,17,10,3,4,1,0,1,2,24,2,2,0.0,0.0,0.0,0.0,0.0,3.0,17,2,2
40342,16,2,1,3,2,3,0,1,1,0,1,30,2,2,0.0,0.0,0.0,0.0,0.0,2.0,1,7,3
107794,16,2,3,8,11,3,0,1,1,1,1,18,2,2,0.0,0.0,0.0,0.0,0.0,2.0,17,4,8
178268,16,2,3,17,8,3,6,1,0,1,0,17,2,4,1.0,0.0,0.0,0.0,1.0,1.0,10,7,12
60714,16,2,1,10,6,3,0,1,1,1,2,19,2,2,0.0,0.0,0.0,0.0,0.0,2.0,23,6,5
87140,16,2,3,10,8,3,0,1,1,1,2,19,2,2,0.0,0.0,0.0,0.0,0.0,2.0,19,5,6
158078,17,11,2,17,8,3,5,5,1,1,2,18,3,2,0.0,0.0,0.0,0.0,0.0,3.0,15,1,11
111480,15,2,1,0,2,3,0,1,0,1,2,5,2,3,1.0,0.0,0.0,1.0,0.0,2.0,23,3,8
120609,16,2,0,17,8,3,0,1,1,1,0,22,2,2,0.0,0.0,0.0,0.0,0.0,2.0,5,7,9
3950,15,2,3,17,2,3,6,1,1,1,2,36,2,2,0.0,0.0,0.0,0.0,0.0,2.0,10,3,1
135991,16,2,3,10,8,3,0,1,1,1,2,26,2,2,0.0,0.0,0.0,0.0,0.0,3.0,15,6,9
106171,4,2,3,15,2,3,0,1,1,1,1,36,2,2,0.0,0.0,0.0,0.0,0.0,2.0,15,7,8
180021,16,2,1,17,6,3,0,1,1,1,0,24,2,2,0.0,0.0,0.0,0.0,0.0,2.0,5,7,12
52630,4,3,3,0,2,3,0,1,0,1,1,23,3,3,1.0,0.0,0.0,1.0,0.0,3.0,13,4,4
77033,16,2,3,17,1,3,0,1,0,1,2,6,2,3,2.0,0.0,0.0,2.0,0.0,4.0,14,2,6
4087,16,2,1,10,8,3,0,5,1,1,2,17,2,2,0.0,0.0,0.0,0.0,0.0,2.0,21,5,1
56502,15,2,3,0,11,3,0,5,1,1,2,18,2,2,0.0,0.0,0.0,0.0,0.0,2.0,14,3,5
171170,4,2,4,15,2,3,0,1,1,0,1,22,2,2,0.0,0.0,0.0,0.0,0.0,2.0,18,4,11
58305,4,7,1,17,8,3,6,1,0,1,2,17,2,2,0.0,0.0,0.0,0.0,0.0,2.0,20,5,5
88154,16,2,3,17,8,3,0,1,1,0,0,19,2,2,0.0,0.0,0.0,0.0,0.0,2.0,12,6,7
10583,4,7,2,17,8,3,6,1,0,1,2,23,2,2,0.0,0.0,0.0,0.0,0.0,2.0,8,2,1
136938,4,2,1,8,6,3,0,1,0,1,2,18,3,1,1.0,0.0,1.0,0.0,0.0,3.0,19,6,9
34345,16,2,1,17,8,3,0,1,1,1,1,36,2,2,0.0,0.0,0.0,0.0,0.0,3.0,19,3,3
31043,15,2,3,17,2,3,0,1,1,1,2,18,2,2,0.0,0.0,0.0,0.0,0.0,2.0,6,4,3
38855,4,2,3,9,6,3,0,1,0,1,0,17,3,3,1.0,0.0,0.0,1.0,0.0,2.0,11,7,3
60423,16,2,1,3,5,3,0,5,0,1,2,6,2,1,1.0,0.0,1.0,0.0,0.0,2.0,20,3,5
177270,16,2,3,17,2,3,0,1,0,1,2,18,2,2,0.0,0.0,0.0,0.0,0.0,2.0,11,2,12