crash_date,               traffic_control_device,weather_condition,lighting_condition,first_crash_type,trafficway_type,alignment,roadway_surface_cond,road_defect,crash_type,intersection_related_i,damage,prim_contributory_cause,num_units,most_severe_injury,injuries_total,injuries_fatal,injuries_incapacitating,injuries_non_incapacitating,injuries_reported_not_evident,injuries_no_indication,crash_hour,crash_day_of_week,crash_month
58464,17,2,3,17,8,3,0,5,1,1,2,26,2,2,0.0,0.0,0.0,0.0,0.0,3.0,19,6,5
158276,4,2,3,17,2,3,0,1,0,1,2,18,2,1,1.0,0.0,1.0,0.0,0.0,1.0,14,5,11
187672,15,10,3,0,8,3,6,5,0,1,2,18,2,3,1.0,0.0,0.0,1.0,0.0,2.0,10,7,12
159270,15,3,3,17,8,3,0,5,0,1,2,17,2,2,0.0,0.0,0.0,0.0,0.0,2.0,13,4,11
182451,4,2,3,9,8,3,0,1,0,1,2,36,2,3,1.0,0.0,0.0,1.0,0.0,1.0,14,2,12
133488,15,2,3,0,6,3,0,1,0,1,2,18,2,3,4.0,0.0,0.0,4.0,0.0,2.0,11,7,9
69609,16,2,0,0,8,3,0,1,0,1,2,6,2,2,0.0,0.0,0.0,0.0,0.0,2.0,0,7,5
88151,15,2,3,17,6,3,0,1,1,1,2,18,2,2,0.0,0.0,0.0,0.0,0.0,2.0,12,6,7
164917,16,10,3,0,10,3,1,1,1,1,2,17,2,2,0.0,0.0,0.0,0.0,0.0,2.0,11,7,11
70410,16,2,0,11,2,3,0,1,1,1,2,36,2,2,0.0,0.0,0.0,0.0,0.0,2.0,4,7,5
128040,15,2,3,15,6,3,0,5,1,1,1,36,2,2,0.0,0.0,0.0,0.0,0.0,2.0,15,3,9
93506,15,3,3,2,8,3,0,1,1,1,2,36,1,2,0.0,0.0,0.0,0.0,0.0,1.0,16,5,7
66785,16,2,3,17,10,3,0,5,1,1,2,36,2,2,0.0,0.0,0.0,0.0,0.0,2.0,13,7,5
71825,16,2,3,10,8,3,0,1,0,1,2,15,2,2,0.0,0.0,0.0,0.0,0.0,2.0,15,6,6
25661,16,10,1,10,2,3,6,5,0,1,2,19,4,4,3.0,0.0,0.0,0.0,3.0,2.0,18,6,2
36288,16,2,1,17,2,3,0,1,1,1,2,6,2,2,0.0,0.0,0.0,0.0,0.0,5.0,2,1,3
186387,16,2,3,0,8,3,0,1,0,1,2,12,2,2,0.0,0.0,0.0,0.0,0.0,4.0,7,3,12
102264,16,2,1,0,2,3,0,1,0,1,2,18,2,2,0.0,0.0,0.0,0.0,0.0,3.0,0,6,7
24345,15,2,3,0,6,3,0,1,0,1,2,36,2,4,1.0,0.0,0.0,0.0,1.0,1.0,7,2,2
102069,16,2,3,10,6,3,0,1,0,1,2,19,2,2,0.0,0.0,0.0,0.0,0.0,2.0,14,4,7
11357,16,2,1,17,6,3,6,1,1,1,2,18,2,2,0.0,0.0,0.0,0.0,0.0,2.0,20,2,1
139795,16,2,3,17,8,3,0,1,1,1,2,18,2,2,0.0,0.0,0.0,0.0,0.0,4.0,16,6,10
117153,15,2,3,0,6,3,0,1,1,1,2,24,2,2,0.0,0.0,0.0,0.0,0.0,2.0,16,1,8
46809,16,2,3,17,8,3,0,1,1,1,0,17,2,2,0.0,0.0,0.0,0.0,0.0,2.0,17,5,4
142542,16,2,1,0,8,3,0,1,1,1,2,6,2,2,0.0,0.0,0.0,0.0,0.0,2.0,21,7,10
148058,16,2,1,10,8,3,0,1,1,1,1,19,2,2,0.0,0.0,0.0,0.0,0.0,4.0,19,5,10
25282,16,11,5,17,1,3,5,5,1,1,1,6,2,2,0.0,0.0,0.0,0.0,0.0,2.0,14,6,2
78764,15,2,3,0,8,3,6,1,0,1,2,18,2,2,0.0,0.0,0.0,0.0,0.0,2.0,17,4,6
145093,15,2,3,0,2,3,0,1,1,1,2,18,2,2,0.0,0.0,0.0,0.0,0.0,2.0,7,6,10
41442,16,2,1,9,10,3,0,1,0,1,0,36,2,3,1.0,0.0,0.0,1.0,0.0,2.0,19,6,3
187330,16,10,3,0,6,3,4,1,0,1,2,17,2,3,2.0,0.0,0.0,2.0,0.0,4.0,11,3,12
74156,15,2,3,0,6,3,0,1,1,1,0,36,2,2,0.0,0.0,0.0,0.0,0.0,2.0,16,7,6
147093,16,2,3,17,6,3,0,1,1,1,1,24,2,2,0.0,0.0,0.0,0.0,0.0,2.0,8,5,10
51484,15,2,3,17,15,3,0,1,0,1,2,22,2,2,0.0,0.0,0.0,0.0,0.0,4.0,19,5,4
171850,15,2,3,17,6,3,0,1,0,1,2,36,2,4,1.0,0.0,0.0,0.0,1.0,1.0,13,2,11
107428,16,2,1,15,6,3,0,5,1,1,1,8,2,2,0.0,0.0,0.0,0.0,0.0,4.0,20,6,8
138995,16,3,3,0,6,3,0,5,0,1,2,12,2,2,0.0,0.0,0.0,0.0,0.0,2.0,13,7,10
154400,15,2,1,0,6,3,0,1,0,1,2,36,2,4,1.0,0.0,0.0,0.0,1.0,3.0,20,3,10
3073,15,2,3,0,15,3,0,1,1,1,2,18,2,2,0.0,0.0,0.0,0.0,0.0,3.0,13,3,1
48467,4,2,1,17,6,3,0,1,0,1,2,26,2,2,0.0,0.0,0.0,0.0,0.0,2.0,2,1,4
29712,4,2,3,9,3,3,0,1,0,1,2,38,2,1,1.0,0.0,1.0,0.0,0.0,2.0,8,2,3
82661,16,2,3,15,3,3,0,1,1,1,0,22,2,2,0.0,0.0,0.0,0.0,0.0,2.0,18,4,6
24560,16,2,3,15,10,3,0,1,0,1,1,2,2,3,4.0,0.0,0.0,1.0,3.0,1.0,14,6,2
151219,16,7,3,17,6,3,6,1,1,1,0,36,2,2,0.0,0.0,0.0,0.0,0.0,2.0,13,1,10
3256,15,2,3,0,11,3,0,1,1,1,2,18,2,2,0.0,0.0,0.0,0.0,0.0,2.0,13,7,1
120301,16,11,5,10,8,3,5,5,1,1,2,36,2,2,0.0,0.0,0.0,0.0,0.0,2.0,17,4,8
55625,16,2,3,0,8,3,0,1,1,1,2,36,2,2,0.0,0.0,0.0,0.0,0.0,2.0,10,2,4
114414,16,7,3,0,6,3,6,1,0,1,2,18,2,3,1.0,0.0,0.0,1.0,0.0,2.0,11,7,8
69534,15,3,3,0,6,3,6,1,0,1,2,5,2,3,1.0,0.0,0.0,1.0,0.0,1.0,12,6,5
29869,16,2,3,17,2,3,0,1,1,1,2,35,2,2,0.0,0.0,0.0,0.0,0.0,2.0,14,6,3
50437,15,2,3,0,15,3,0,1,1,1,2,18,2,2,0.0,0.0,0.0,0.0,0.0,3.0,11,6,4
140613,15,2,1,0,6,3,0,1,1,1,2,5,2,2,0.0,0.0,0.0,0.0,0.0,2.0,2,1,10
1197,16,2,1,15,6,3,0,5,1,1,0,4,2,2,0.0,0.0,0.0,0.0,0.0,3.0,20,6,1
118279,4,3,3,7,8,3,0,1,1,0,0,26,2,2,0.0,0.0,0.0,0.0,0.0,1.0,15,2,8
52352,16,2,3,0,6,3,0,1,0,1,2,6,2,2,0.0,0.0,0.0,0.0,0.0,6.0,15,7,4
8682,16,2,1,10,2,3,0,1,1,1,2,19,2,2,0.0,0.0,0.0,0.0,0.0,3.0,18,5,1
47953,16,2,3,17,8,3,0,1,0,1,2,18,4,3,3.0,0.0,0.0,2.0,1.0,0.0,10,5,4
60439,15,2,1,7,6,3,0,1,1,0,1,13,2,2,0.0,0.0,0.0,0.0,0.0,1.0,23,3,5
104950,16,2,3,10,17,3,0,1,1,0,0,36,2,2,0.0,0.0,0.0,0.0,0.0,2.0,9,4,8
38132,16,2,1,17,8,3,0,1,1,1,1,36,2,2,0.0,0.0,0.0,0.0,0.0,2.0,18,6,3
144355,15,2,1,0,6,3,0,1,0,1,2,11,2,2,0.0,0.0,0.0,0.0,0.0,2.0,21,3,10
29666,16,2,3,0,11,3,0,1,0,1,2,6,2,2,0.0,0.0,0.0,0.0,0.0,4.0,11,1,3
3573,16,2,1,0,6,3,0,1,0,1,2,6,2,3,1.0,0.0,0.0,1.0,0.0,1.0,20,4,1
103119,16,2,3,0,8,3,0,1,0,1,2,36,2,4,1.0,0.0,0.0,0.0,1.0,1.0,14,6,7
82830,4,2,3,17,8,3,0,1,1,1,1,36,2,2,0.0,0.0,0.0,0.0,0.0,2.0,15,1,6
89947,4,7,1,17,8,3,6,1,1,1,2,24,2,2,0.0,0.0,0.0,0.0,0.0,4.0,0,5,7
115452,16,2,3,10,1,3,0,1,1,1,2,36,2,2,0.0,0.0,0.0,0.0,0.0,3.0,9,2,8
80663,4,2,3,10,8,3,0,1,1,1,1,19,2,2,0.0,0.0,0.0,0.0,0.0,2.0,17,5,6
50995,16,2,3,10,8,4,6,1,1,1,1,17,2,2,0.0,0.0,0.0,0.0,0.0,2.0,8,3,4
40271,16,2,1,10,8,3,5,5,0,1,0,36,2,4,1.0,0.0,0.0,0.0,1.0,3.0,20,4,3
73305,16,2,3,17,6,3,0,1,1,1,2,24,2,2,0.0,0.0,0.0,0.0,0.0,2.0,17,2,6
170731,15,10,0,15,8,3,1,1,1,1,0,39,2,2,0.0,0.0,0.0,0.0,0.0,2.0,16,4,11
4442,16,7,1,17,11,3,6,1,1,1,2,24,2,2,0.0,0.0,0.0,0.0,0.0,4.0,17,4,1
118462,16,2,3,14,8,3,0,2,0,1,2,32,2,3,1.0,0.0,0.0,1.0,0.0,2.0,11,4,8
181024,15,2,1,0,8,3,0,1,0,1,2,36,2,2,0.0,0.0,0.0,0.0,0.0,2.0,17,5,12
154287,17,11,3,9,6,3,0,5,1,0,0,36,2,2,0.0,0.0,0.0,0.0,0.0,2.0,8,7,10
29696,16,2,1,9,11,3,0,5,0,0,0,18,2,3,1.0,0.0,0.0,1.0,0.0,1.0,18,2,3
19973,16,2,3,17,2,3,6,1,0,1,2,36,3,3,1.0,0.0,0.0,1.0,0.0,2.0,10,6,2
2159,16,2,1,9,6,3,0,1,0,1,2,18,3,1,2.0,0.0,2.0,0.0,0.0,1.0,17,3,1
73813,18,2,3,8,8,3,0,1,0,1,2,36,2,4,1.0,0.0,0.0,0.0,1.0,1.0,17,3,6
22440,17,10,1,13,17,3,4,5,1,1,2,36,2,2,0.0,0.0,0.0,0.0,0.0,3.0,20,5,2
27334,16,2,3,15,8,3,0,1,1,1,1,36,2,2,0.0,0.0,0.0,0.0,0.0,2.0,16,5,2
90129,4,2,3,0,8,3,0,1,0,1,2,18,2,4,1.0,0.0,0.0,0.0,1.0,2.0,19,2,7
103331,16,7,0,0,6,3,6,5,1,1,2,36,2,2,0.0,0.0,0.0,0.0,0.0,2.0,0,1,7
158124,16,2,3,17,3,3,0,1,0,1,1,38,2,2,0.0,0.0,0.0,0.0,0.0,3.0,15,2,11
140376,16,2,3,15,6,3,0,1,1,1,2,36,2,2,0.0,0.0,0.0,0.0,0.0,2.0,16,7,10
25928,16,2,3,10,8,3,0,1,1,1,2,19,2,2,0.0,0.0,0.0,0.0,0.0,2.0,15,4,2
1088,15,2,3,0,8,3,0,1,0,1,2,18,2,2,0.0,0.0,0.0,0.0,0.0,2.0,13,5,1
95805,16,2,1,10,8,3,0,1,1,1,2,36,2,2,0.0,0.0,0.0,0.0,0.0,3.0,20,6,7
29065,17,11,5,10,8,3,5,5,0,1,1,36,2,3,2.0,0.0,0.0,2.0,0.0,1.0,7,5,3
177196,16,2,1,17,2,3,0,1,1,1,2,18,2,2,0.0,0.0,0.0,0.0,0.0,2.0,21,1,12
3516,16,2,3,10,2,3,0,1,1,1,0,19,3,2,0.0,0.0,0.0,0.0,0.0,3.0,7,3,1
21078,16,2,3,17,2,3,0,1,1,1,2,18,2,2,0.0,0.0,0.0,0.0,0.0,2.0,14,3,2
123912,16,2,3,0,8,3,0,1,1,1,1,36,2,2,0.0,0.0,0.0,0.0,0.0,2.0,16,6,9
100984,15,2,3,8,6,3,0,1,0,1,1,36,2,1,2.0,0.0,1.0,0.0,1.0,0.0,9,1,7
78875,16,2,3,10,2,3,0,1,1,1,2,19,2,2,0.0,0.0,0.0,0.0,0.0,2.0,15,6,6
72435,4,2,3,15,2,3,0,1,1,1,2,18,2,2,0.0,0.0,0.0,0.0,0.0,3.0,13,1,6
100834,16,2,3,15,10,3,0,1,0,1,2,26,2,2,0.0,0.0,0.0,0.0,0.0,3.0,8,5,7
56201,16,2,3,10,8,3,0,1,1,1,1,36,2,2,0.0,0.0,0.0,0.0,0.0,2.0,17,6,5
38066,16,2,0,3,1,3,0,1,0,1,2,36,2,2,0.0,0.0,0.0,0.0,0.0,2.0,20,5,3
105623,16,2,3,10,10,3,0,1,1,0,2,19,2,2,0.0,0.0,0.0,0.0,0.0,4.0,16,6,8
148071,16,2,3,7,2,3,0,1,1,1,1,26,2,2,0.0,0.0,0.0,0.0,0.0,1.0,9,5,10
144370,15,7,3,10,8,3,6,1,0,1,0,19,2,3,1.0,0.0,0.0,1.0,0.0,1.0,13,4,10
76171,16,2,1,17,6,3,0,1,1,1,2,18,2,2,0.0,0.0,0.0,0.0,0.0,4.0,3,1,6
24930,15,2,3,17,8,3,0,1,1,1,2,18,2,2,0.0,0.0,0.0,0.0,0.0,2.0,9,6,2
36309,16,2,1,9,10,3,0,1,0,1,0,18,2,1,1.0,0.0,1.0,0.0,0.0,2.0,6,1,3
86061,16,2,3,15,19,3,5,5,1,1,0,36,2,2,0.0,0.0,0.0,0.0,0.0,2.0,18,2,6
29600,4,2,3,17,2,3,0,1,1,1,2,18,2,2,0.0,0.0,0.0,0.0,0.0,5.0,19,6,3
45862,16,10,2,0,8,3,6,1,1,1,2,6,2,2,0.0,0.0,0.0,0.0,0.0,2.0,16,2,4
90545,16,2,1,10,8,3,0,1,1,1,2,36,2,2,0.0,0.0,0.0,0.0,0.0,3.0,21,7,7
13759,15,2,3,10,8,3,0,1,0,1,2,19,2,2,0.0,0.0,0.0,0.0,0.0,2.0,13,6,1
161863,16,7,1,0,2,3,6,1,0,1,2,6,2,1,2.0,0.0,1.0,0.0,1.0,1.0,1,1,11
10665,16,9,3,17,3,3,4,1,0,1,2,24,2,2,0.0,0.0,0.0,0.0,0.0,2.0,9,3,1
174063,16,2,1,15,8,3,0,5,1,1,2,18,2,2,0.0,0.0,0.0,0.0,0.0,2.0,18,7,12
149203,16,2,4,10,8,3,0,1,1,1,1,19,2,2,0.0,0.0,0.0,0.0,0.0,3.0,18,7,10
104899,16,2,3,17,6,3,0,1,1,1,2,18,2,2,0.0,0.0,0.0,0.0,0.0,2.0,8,3,8
12274,16,10,1,0,8,3,6,1,0,1,2,18,2,3,1.0,0.0,0.0,1.0,0.0,2.0,18,4,1
96607,15,2,3,0,8,3,0,1,1,1,1,18,3,2,0.0,0.0,0.0,0.0,0.0,2.0,6,3,7
94281,4,2,3,7,8,3,0,1,1,0,1,36,2,2,0.0,0.0,0.0,0.0,0.0,1.0,16,3,7
93729,15,2,3,17,6,3,0,1,0,1,2,5,2,2,0.0,0.0,0.0,0.0,0.0,3.0,18,2,7
345,15,2,3,10,2,3,0,1,1,1,0,36,2,2,0.0,0.0,0.0,0.0,0.0,2.0,11,7,1
22795,4,7,1,15,6,3,6,1,1,1,2,36,2,2,0.0,0.0,0.0,0.0,0.0,2.0,2,5,2
65483,4,3,3,10,15,3,0,1,1,1,2,19,3,2,0.0,0.0,0.0,0.0,0.0,5.0,7,6,5
119164,15,2,3,17,8,3,0,1,0,1,2,18,2,4,2.0,0.0,0.0,0.0,2.0,2.0,9,1,8
185744,16,2,3,10,8,3,0,1,1,0,1,26,2,2,0.0,0.0,0.0,0.0,0.0,6.0,16,3,12
127822,16,2,1,17,2,3,0,1,1,1,2,24,2,2,0.0,0.0,0.0,0.0,0.0,2.0,0,5,9
56964,4,2,3,7,12,3,0,1,1,0,2,26,2,2,0.0,0.0,0.0,0.0,0.0,1.0,6,3,5
74159,16,11,5,14,8,3,5,5,1,1,2,36,2,2,0.0,0.0,0.0,0.0,0.0,2.0,17,7,6
149604,6,7,0,17,8,3,6,1,1,1,2,36,2,2,0.0,0.0,0.0,0.0,0.0,2.0,19,7,10
107275,16,7,3,10,8,4,6,5,1,1,2,19,2,2,0.0,0.0,0.0,0.0,0.0,3.0,18,3,8
706,16,2,1,17,6,3,0,1,1,1,1,22,2,2,0.0,0.0,0.0,0.0,0.0,2.0,17,5,1
59635,15,2,4,0,8,3,0,1,0,1,2,18,2,3,1.0,0.0,0.0,1.0,0.0,2.0,18,4,5
118317,16,2,3,17,13,3,0,5,1,1,1,24,2,2,0.0,0.0,0.0,0.0,0.0,2.0,13,3,8
175319,16,2,1,15,2,3,0,1,1,1,2,23,2,2,0.0,0.0,0.0,0.0,0.0,2.0,19,4,12
99386,16,2,1,17,8,3,0,1,0,1,2,24,2,4,1.0,0.0,0.0,0.0,1.0,2.0,23,3,7
12184,16,3,3,10,8,3,0,5,1,1,2,36,3,2,0.0,0.0,0.0,0.0,0.0,3.0,12,2,1
149733,16,2,3,17,8,3,0,1,1,1,1,18,2,2,0.0,0.0,0.0,0.0,0.0,2.0,13,7,10
105791,15,2,0,0,8,3,0,1,0,1,2,36,2,2,0.0,0.0,0.0,0.0,0.0,4.0,20,1,8
149565,16,2,1,0,5,3,0,1,0,1,2,18,2,3,2.0,0.0,0.0,2.0,0.0,1.0,23,6,10
150708,16,2,3,17,2,3,0,1,1,1,2,36,2,2,0.0,0.0,0.0,0.0,0.0,2.0,7,7,10
29040,16,2,3,0,8,3,0,1,1,1,2,9,2,2,0.0,0.0,0.0,0.0,0.0,4.0,15,5,3
112724,15,2,3,10,2,3,0,1,1,1,2,19,2,2,0.0,0.0,0.0,0.0,0.0,2.0,18,2,8
183578,4,2,3,0,2,3,0,1,1,1,2,18,2,2,0.0,0.0,0.0,0.0,0.0,2.0,13,2,12
36261,16,2,3,17,8,3,0,1,1,1,2,18,2,2,0.0,0.0,0.0,0.0,0.0,2.0,13,7,3
49030,16,7,1,17,3,3,6,3,0,1,2,18,2,2,0.0,0.0,0.0,0.0,0.0,2.0,2,1,4
128024,15,2,3,0,10,3,0,1,0,1,1,5,2,2,0.0,0.0,0.0,0.0,0.0,2.0,12,2,9
84100,4,2,3,17,8,3,0,1,0,0,1,36,2,2,0.0,0.0,0.0,0.0,0.0,2.0,8,6,6
125404,15,2,1,0,6,3,0,1,0,1,2,5,2,4,1.0,0.0,0.0,0.0,1.0,3.0,4,2,9
35555,16,2,3,15,8,3,0,1,1,1,1,23,2,2,0.0,0.0,0.0,0.0,0.0,2.0,4,3,3
115437,16,2,3,8,8,3,0,1,0,1,2,36,2,3,1.0,0.0,0.0,1.0,0.0,1.0,18,2,8
118844,15,2,3,9,8,3,0,1,0,1,0,38,2,3,1.0,0.0,0.0,1.0,0.0,1.0,13,3,8
72569,16,2,3,17,6,3,0,1,1,1,2,18,2,2,0.0,0.0,0.0,0.0,0.0,2.0,7,4,6
55736,15,2,3,0,6,3,0,1,0,1,2,5,2,2,0.0,0.0,0.0,0.0,0.0,4.0,11,5,4
91680,15,2,3,0,6,3,0,1,0,1,2,18,2,2,0.0,0.0,0.0,0.0,0.0,2.0,16,5,7
173213,16,2,3,0,6,3,0,1,0,1,2,6,2,4,1.0,0.0,0.0,0.0,1.0,3.0,12,2,12
149078,15,2,3,0,6,3,0,1,0,1,2,9,3,2,0.0,0.0,0.0,0.0,0.0,2.0,12,6,10
10504,17,11,1,1,8,3,5,5,1,1,2,36,1,2,0.0,0.0,0.0,0.0,0.0,1.0,23,1,1
84719,16,2,3,10,3,3,0,1,1,1,2,19,2,2,0.0,0.0,0.0,0.0,0.0,2.0,12,1,6
147649,16,2,1,17,2,3,0,1,1,1,2,36,2,2,0.0,0.0,0.0,0.0,0.0,2.0,22,6,10
173074,15,2,0,0,8,3,0,1,1,1,2,26,2,2,0.0,0.0,0.0,0.0,0.0,3.0,18,6,12
78753,16,2,3,17,8,3,0,1,1,1,2,6,2,2,0.0,0.0,0.0,0.0,0.0,2.0,11,3,6
185539,16,2,3,0,8,3,4,1,0,1,1,36,2,2,0.0,0.0,0.0,0.0,0.0,2.0,13,7,12
157335,17,2,1,17,8,3,0,5,0,1,2,24,2,4,1.0,0.0,0.0,0.0,1.0,1.0,2,1,11
126964,16,2,3,17,8,3,0,1,0,1,2,6,2,2,0.0,0.0,0.0,0.0,0.0,2.0,15,2,9
170121,16,7,1,15,17,3,6,5,1,1,1,28,2,2,0.0,0.0,0.0,0.0,0.0,2.0,0,6,11
164519,16,2,1,11,8,3,0,1,0,1,2,37,2,2,0.0,0.0,0.0,0.0,0.0,2.0,20,3,11
50482,16,2,3,10,8,3,5,5,1,1,2,36,2,2,0.0,0.0,0.0,0.0,0.0,4.0,14,2,4
62232,16,2,3,17,8,3,0,1,1,1,0,36,2,2,0.0,0.0,0.0,0.0,0.0,2.0,9,2,5
152796,4,2,1,17,3,3,0,5,1,0,1,28,2,2,0.0,0.0,0.0,0.0,0.0,2.0,18,5,10
9495,17,11,5,15,3,3,5,5,1,1,2,36,2,2,0.0,0.0,0.0,0.0,0.0,2.0,13,6,1
177404,4,2,3,17,8,3,0,1,0,1,2,18,2,2,0.0,0.0,0.0,0.0,0.0,2.0,13,6,12
156911,16,2,3,15,8,3,0,1,1,1,2,36,2,2,0.0,0.0,0.0,0.0,0.0,4.0,12,5,11
184448,16,2,2,0,8,3,0,1,1,0,1,21,2,2,0.0,0.0,0.0,0.0,0.0,2.0,14,4,12
72668,16,2,3,17,6,3,0,1,0,1,2,35,2,1,2.0,0.0,1.0,1.0,0.0,1.0,12,5,6
128181,4,2,3,17,6,3,0,1,1,1,1,21,2,2,0.0,0.0,0.0,0.0,0.0,4.0,16,5,9
173525,11,2,1,11,10,3,0,1,0,1,2,21,3,2,0.0,0.0,0.0,0.0,0.0,5.0,22,6,12
98811,16,7,3,0,3,3,0,1,0,1,2,6,2,3,1.0,0.0,0.0,1.0,0.0,1.0,11,1,7
124505,4,3,3,8,10,3,0,1,0,1,0,12,2,3,1.0,0.0,0.0,1.0,0.0,4.0,11,7,9
79492,16,2,3,0,6,3,0,1,0,1,2,6,3,2,0.0,0.0,0.0,0.0,0.0,2.0,6,7,6
66270,16,2,3,10,15,3,0,1,1,1,1,30,2,2,0.0,0.0,0.0,0.0,0.0,3.0,8,5,5
103044,16,2,3,15,2,3,0,1,1,1,0,23,2,2,0.0,0.0,0.0,0.0,0.0,2.0,12,3,7
170535,16,2,3,0,6,3,0,1,1,1,2,6,2,2,0.0,0.0,0.0,0.0,0.0,4.0,10,2,11
10431,4,2,1,15,8,3,0,1,1,0,2,23,2,2,0.0,0.0,0.0,0.0,0.0,2.0,22,7,1
180192,16,2,3,15,8,3,0,1,1,1,0,26,2,2,0.0,0.0,0.0,0.0,0.0,2.0,8,6,12
174478,16,2,1,0,8,3,0,1,0,1,2,6,2,4,1.0,0.0,0.0,0.0,1.0,1.0,5,5,12
29334,16,2,1,17,2,3,0,1,1,1,2,18,2,2,0.0,0.0,0.0,0.0,0.0,4.0,21,3,3
21095,15,2,1,17,8,3,0,1,1,1,2,36,2,2,0.0,0.0,0.0,0.0,0.0,2.0,20,3,2
131121,15,7,3,0,15,3,6,1,0,1,2,18,2,4,1.0,0.0,0.0,0.0,1.0,1.0,11,3,9
41520,15,2,1,10,2,3,5,5,1,1,2,19,2,2,0.0,0.0,0.0,0.0,0.0,2.0,22,7,3
59740,16,2,3,8,14,3,0,1,0,1,1,18,3,3,2.0,0.0,0.0,2.0,0.0,3.0,15,7,5
106599,16,7,1,3,6,3,6,5,0,0,2,18,2,4,1.0,0.0,0.0,0.0,1.0,1.0,23,7,8
121417,16,11,5,10,2,3,5,5,1,1,2,36,2,2,0.0,0.0,0.0,0.0,0.0,2.0,11,5,9
53246,16,2,3,10,6,3,0,1,1,1,2,17,2,2,0.0,0.0,0.0,0.0,0.0,2.0,15,2,4
73920,16,2,3,17,8,3,0,1,1,1,1,24,2,2,0.0,0.0,0.0,0.0,0.0,2.0,15,3,6
177452,16,7,1,17,8,3,6,1,1,1,2,36,3,2,0.0,0.0,0.0,0.0,0.0,4.0,18,6,12
28741,16,2,3,10,8,3,0,1,0,1,2,19,2,3,1.0,0.0,0.0,1.0,0.0,3.0,16,6,3
126183,4,2,3,9,8,3,0,1,0,1,0,18,2,1,1.0,0.0,1.0,0.0,0.0,1.0,15,4,9
78015,16,2,1,0,3,3,5,5,0,1,2,7,2,2,0.0,0.0,0.0,0.0,0.0,2.0,22,1,6
49348,16,7,3,17,8,3,6,5,0,1,2,36,2,2,0.0,0.0,0.0,0.0,0.0,2.0,11,1,4
61516,15,2,3,17,15,3,0,1,1,1,2,36,2,2,0.0,0.0,0.0,0.0,0.0,2.0,18,7,5
152912,4,2,1,15,8,3,0,1,1,1,1,36,2,2,0.0,0.0,0.0,0.0,0.0,2.0,20,7,10
57900,4,2,0,10,8,3,0,1,1,1,2,36,2,2,0.0,0.0,0.0,0.0,0.0,2.0,21,7,5
166249,16,2,3,10,8,4,0,1,0,1,2,19,3,2,0.0,0.0,0.0,0.0,0.0,3.0,8,6,11
167138,4,2,4,0,8,3,0,1,1,1,1,18,2,2,0.0,0.0,0.0,0.0,0.0,3.0,16,4,11
137328,15,2,1,0,6,4,0,1,0,1,2,36,2,2,0.0,0.0,0.0,0.0,0.0,2.0,19,5,9
32977,4,2,5,17,2,3,0,1,1,1,2,24,2,2,0.0,0.0,0.0,0.0,0.0,3.0,22,1,3
45344,15,2,1,17,6,3,0,1,0,1,2,28,2,2,0.0,0.0,0.0,0.0,0.0,2.0,0,1,4
13034,16,11,5,0,3,3,5,5,1,1,2,36,2,2,0.0,0.0,0.0,0.0,0.0,2.0,23,1,1
176364,16,2,1,0,2,3,0,1,0,1,2,18,2,2,0.0,0.0,0.0,0.0,0.0,2.0,16,6,12
16956,4,2,3,17,11,4,0,1,1,1,2,18,2,2,0.0,0.0,0.0,0.0,0.0,3.0,15,3,2
4088,8,7,3,7,10,3,6,1,1,1,2,24,3,2,0.0,0.0,0.0,0.0,0.0,1.0,9,5,1
138897,4,2,3,10,8,3,0,1,1,1,1,19,2,2,0.0,0.0,0.0,0.0,0.0,2.0,8,4,10
130869,16,2,3,0,8,3,0,1,0,1,2,26,2,1,1.0,0.0,1.0,0.0,0.0,1.0,13,7,9
52873,16,2,4,0,6,3,0,1,0,1,2,18,4,2,0.0,0.0,0.0,0.0,0.0,4.0,18,2,4
50412,4,2,3,0,6,3,0,1,1,1,2,5,2,2,0.0,0.0,0.0,0.0,0.0,2.0,18,6,4
122564,15,2,1,7,8,3,0,1,0,0,2,17,4,2,0.0,0.0,0.0,0.0,0.0,2.0,2,1,9
29462,16,2,3,0,5,3,0,1,1,1,2,18,2,2,0.0,0.0,0.0,0.0,0.0,2.0,11,5,3
132415,4,2,3,15,16,3,0,1,1,1,2,18,2,2,0.0,0.0,0.0,0.0,0.0,2.0,11,7,9
107403,16,2,3,17,2,3,0,1,0,1,1,18,2,2,0.0,0.0,0.0,0.0,0.0,2.0,17,6,8
19881,17,2,3,0,8,3,4,5,0,1,2,26,2,2,0.0,0.0,0.0,0.0,0.0,2.0,15,5,2
170780,15,2,3,17,8,3,1,1,1,1,1,32,2,2,0.0,0.0,0.0,0.0,0.0,2.0,11,4,11
151060,4,2,3,2,3,3,0,1,0,1,2,12,1,2,0.0,0.0,0.0,0.0,0.0,1.0,15,4,10
35933,4,2,3,3,11,3,0,1,1,1,2,21,2,2,0.0,0.0,0.0,0.0,0.0,2.0,16,1,3
75703,16,2,3,10,8,3,0,5,0,1,2,36,2,3,1.0,0.0,0.0,1.0,0.0,1.0,14,2,6
149734,4,2,3,10,2,3,0,1,1,1,2,19,2,2,0.0,0.0,0.0,0.0,0.0,2.0,13,7,10
26387,16,2,3,17,6,3,0,1,1,1,2,24,2,2,0.0,0.0,0.0,0.0,0.0,2.0,9,3,2