crash_date,               traffic_control_device,weather_condition,lighting_condition,first_crash_type,trafficway_type,alignment,roadway_surface_cond,road_defect,crash_type,intersection_related_i,damage,prim_contributory_cause,num_units,most_severe_injury,injuries_total,injuries_fatal,injuries_incapacitating,injuries_non_incapacitating,injuries_reported_not_evident,injuries_no_indication,crash_hour,crash_day_of_week,crash_month
186015,16,7,1,17,8,3,6,1,1,1,2,24,2,2,0.0,0.0,0.0,0.0,0.0,5.0,20,4,12
109380,16,2,3,7,8,3,0,1,1,1,0,19,2,2,0.0,0.0,0.0,0.0,0.0,1.0,12,7,8
48050,16,2,1,17,1,3,0,1,1,1,2,24,2,2,0.0,0.0,0.0,0.0,0.0,2.0,20,5,4
41121,16,2,3,17,3,4,0,1,0,1,2,24,2,3,2.0,0.0,0.0,2.0,0.0,1.0,10,6,3
149311,4,2,3,10,2,4,6,1,0,1,2,17,2,3,1.0,0.0,0.0,1.0,0.0,1.0,14,2,10
141858,16,2,3,9,2,3,0,1,0,1,1,36,2,1,1.0,0.0,1.0,0.0,0.0,1.0,13,5,10
48381,4,2,3,10,8,3,0,1,1,1,1,19,2,2,0.0,0.0,0.0,0.0,0.0,2.0,13,6,4
188613,3,2,1,17,2,3,0,1,1,1,2,23,2,2,0.0,0.0,0.0,0.0,0.0,4.0,19,1,12
107,16,7,1,10,10,3,6,1,1,1,1,17,2,2,0.0,0.0,0.0,0.0,0.0,2.0,2,3,1
109811,16,2,3,17,8,3,0,1,1,1,2,18,2,2,0.0,0.0,0.0,0.0,0.0,2.0,9,6,8
161946,4,2,1,0,8,3,0,1,0,1,2,16,2,2,0.0,0.0,0.0,0.0,0.0,2.0,18,2,11
127446,16,2,3,17,6,3,0,1,0,1,2,36,2,3,1.0,0.0,0.0,1.0,0.0,1.0,16,1,9
29650,16,2,3,9,2,3,0,5,0,1,2,36,2,3,2.0,0.0,0.0,2.0,0.0,0.0,16,1,3
75802,16,2,3,15,8,3,0,1,1,1,1,23,2,2,0.0,0.0,0.0,0.0,0.0,2.0,9,3,6
15344,16,10,3,2,8,3,4,1,1,1,0,36,2,2,0.0,0.0,0.0,0.0,0.0,1.0,11,2,2
17816,16,2,4,10,3,3,0,5,1,1,2,36,3,2,0.0,0.0,0.0,0.0,0.0,3.0,17,3,2
41468,16,2,3,0,11,3,0,1,0,1,2,6,2,3,1.0,0.0,0.0,1.0,0.0,1.0,12,6,3
2790,4,3,3,17,19,3,0,1,0,1,2,13,2,2,0.0,0.0,0.0,0.0,0.0,2.0,9,6,1
116136,4,2,3,9,2,3,0,1,0,1,0,36,2,4,1.0,0.0,0.0,0.0,1.0,1.0,14,4,8
48325,4,2,3,10,8,3,0,1,1,0,1,19,2,2,0.0,0.0,0.0,0.0,0.0,2.0,16,5,4
12967,16,2,3,0,2,3,0,1,0,1,2,6,2,2,0.0,0.0,0.0,0.0,0.0,2.0,10,7,1
175877,16,11,3,10,15,3,5,5,1,1,0,36,2,2,0.0,0.0,0.0,0.0,0.0,2.0,11,5,12
160695,16,2,3,17,8,3,0,1,0,1,0,18,2,3,2.0,0.0,0.0,2.0,0.0,0.0,7,5,11
77663,16,2,3,15,2,3,0,1,1,1,2,36,2,2,0.0,0.0,0.0,0.0,0.0,2.0,15,3,6
154439,16,2,0,15,8,3,0,1,1,0,1,18,2,2,0.0,0.0,0.0,0.0,0.0,3.0,21,6,10
70730,15,2,3,0,10,3,0,1,1,1,2,18,2,2,0.0,0.0,0.0,0.0,0.0,3.0,7,4,5
164510,16,2,2,0,8,3,0,1,1,1,1,18,2,2,0.0,0.0,0.0,0.0,0.0,2.0,18,3,11
180244,4,2,4,10,8,3,0,1,0,0,2,36,2,3,1.0,0.0,0.0,1.0,0.0,3.0,16,7,12
12451,15,2,1,17,8,3,0,5,0,1,2,5,2,3,2.0,0.0,0.0,2.0,0.0,2.0,22,6,1
89349,4,2,3,10,8,3,0,1,1,1,2,36,2,2,0.0,0.0,0.0,0.0,0.0,2.0,12,4,7
133916,16,7,1,17,9,3,6,1,1,1,1,22,2,2,0.0,0.0,0.0,0.0,0.0,2.0,22,6,9
91635,4,2,3,17,2,3,0,1,1,1,2,18,2,2,0.0,0.0,0.0,0.0,0.0,2.0,19,4,7
167456,16,2,1,17,6,3,5,5,1,1,1,36,2,2,0.0,0.0,0.0,0.0,0.0,2.0,18,3,11
147677,4,2,1,17,8,3,0,1,1,1,1,24,2,2,0.0,0.0,0.0,0.0,0.0,3.0,3,1,10
15255,15,3,1,0,6,3,6,1,1,1,2,5,2,2,0.0,0.0,0.0,0.0,0.0,3.0,4,7,2
113842,4,2,3,17,10,3,0,1,1,1,0,17,2,2,0.0,0.0,0.0,0.0,0.0,2.0,16,6,8
118086,16,2,1,15,16,3,0,1,1,1,2,23,2,2,0.0,0.0,0.0,0.0,0.0,3.0,22,7,8
130683,16,2,1,10,3,3,0,1,0,1,2,19,2,2,0.0,0.0,0.0,0.0,0.0,2.0,16,3,9
140641,4,2,1,17,6,3,0,1,0,1,2,18,2,2,0.0,0.0,0.0,0.0,0.0,5.0,19,1,10
60015,4,7,3,0,8,3,6,1,0,1,2,17,2,4,2.0,0.0,0.0,0.0,2.0,0.0,7,2,5
30373,15,7,1,17,15,3,6,1,1,1,1,36,2,2,0.0,0.0,0.0,0.0,0.0,3.0,23,7,3
64707,4,7,3,8,8,3,6,1,0,1,2,18,2,3,1.0,0.0,0.0,1.0,0.0,1.0,15,7,5
86213,16,2,3,10,8,3,0,1,1,1,2,17,2,2,0.0,0.0,0.0,0.0,0.0,2.0,12,5,6
130728,16,2,3,10,8,3,0,1,0,0,2,19,2,3,2.0,0.0,0.0,2.0,0.0,1.0,12,3,9
75168,15,2,1,0,15,3,0,1,0,1,2,18,2,3,1.0,0.0,0.0,1.0,0.0,2.0,23,6,6
154958,4,2,1,17,2,3,0,5,0,1,2,36,2,4,3.0,0.0,0.0,0.0,3.0,1.0,18,2,10
65455,16,2,3,17,6,3,0,1,0,1,2,18,3,2,0.0,0.0,0.0,0.0,0.0,3.0,15,6,5
178204,4,2,3,8,0,3,0,1,0,1,2,36,2,3,1.0,0.0,0.0,1.0,0.0,1.0,14,4,12
175444,4,2,1,10,8,3,0,1,1,1,2,17,2,2,0.0,0.0,0.0,0.0,0.0,4.0,18,4,12
83362,16,7,1,10,8,3,6,5,1,1,0,36,2,2,0.0,0.0,0.0,0.0,0.0,2.0,20,2,6
81244,16,2,1,10,2,3,0,1,1,1,1,19,2,2,0.0,0.0,0.0,0.0,0.0,2.0,23,6,6
182676,16,2,3,10,8,3,0,1,1,1,2,19,2,2,0.0,0.0,0.0,0.0,0.0,2.0,7,5,12
170228,15,2,4,10,8,3,1,5,1,1,2,16,3,2,0.0,0.0,0.0,0.0,0.0,3.0,17,3,11
8350,16,3,1,10,6,3,6,1,0,1,2,17,2,4,1.0,0.0,0.0,0.0,1.0,1.0,18,1,1
166193,4,2,3,17,8,3,0,5,1,1,1,22,3,2,0.0,0.0,0.0,0.0,0.0,4.0,10,5,11
36886,15,7,1,2,8,3,6,1,0,0,2,26,1,2,0.0,0.0,0.0,0.0,0.0,1.0,22,5,3
152064,16,2,3,15,3,3,0,1,1,1,2,26,2,2,0.0,0.0,0.0,0.0,0.0,3.0,13,6,10
151721,15,2,3,17,8,3,0,1,1,1,2,18,2,2,0.0,0.0,0.0,0.0,0.0,3.0,18,6,10
70736,15,7,3,17,8,3,6,1,1,1,1,36,2,2,0.0,0.0,0.0,0.0,0.0,2.0,19,4,5
23030,15,2,0,10,2,3,4,1,1,1,2,19,2,2,0.0,0.0,0.0,0.0,0.0,2.0,19,5,2
517,16,7,3,10,2,3,6,5,1,1,2,19,2,2,0.0,0.0,0.0,0.0,0.0,3.0,13,2,1
7664,15,2,3,2,8,3,0,1,1,1,2,24,1,2,0.0,0.0,0.0,0.0,0.0,1.0,13,4,1
28789,15,2,1,17,8,3,0,1,0,1,2,19,3,3,1.0,0.0,0.0,1.0,0.0,2.0,23,6,3
187890,4,2,1,9,8,3,0,5,0,1,2,36,2,1,1.0,0.0,1.0,0.0,0.0,1.0,18,5,12
73471,16,2,3,10,2,3,0,1,1,1,1,36,2,2,0.0,0.0,0.0,0.0,0.0,2.0,17,3,6
3952,15,2,3,0,11,3,0,1,0,1,2,18,2,2,0.0,0.0,0.0,0.0,0.0,2.0,10,3,1
5887,16,10,3,15,6,3,4,1,1,1,0,23,2,2,0.0,0.0,0.0,0.0,0.0,2.0,18,6,1
21447,16,2,3,17,8,3,0,5,0,1,2,24,2,2,0.0,0.0,0.0,0.0,0.0,2.0,16,2,2
50871,4,2,3,17,6,3,0,1,0,1,2,24,2,3,1.0,0.0,0.0,1.0,0.0,1.0,16,7,4
75382,16,2,3,0,6,3,0,1,0,1,2,18,2,2,0.0,0.0,0.0,0.0,0.0,2.0,6,4,6
157321,16,2,1,17,6,3,6,1,1,1,2,24,2,2,0.0,0.0,0.0,0.0,0.0,2.0,23,6,11
22728,4,2,3,10,2,3,0,1,0,1,2,36,2,4,1.0,0.0,0.0,0.0,1.0,2.0,7,2,2
57489,16,3,3,10,11,2,0,5,0,0,2,36,2,2,0.0,0.0,0.0,0.0,0.0,2.0,8,5,5
75189,16,2,1,15,8,3,0,5,1,0,2,23,2,2,0.0,0.0,0.0,0.0,0.0,2.0,3,1,6
181897,16,2,3,10,8,3,0,1,0,1,2,17,2,3,1.0,0.0,0.0,1.0,0.0,1.0,15,2,12
35212,15,2,3,10,15,3,0,1,1,1,1,36,2,2,0.0,0.0,0.0,0.0,0.0,2.0,8,4,3
2897,4,10,2,17,8,3,1,1,0,1,2,4,2,3,1.0,0.0,0.0,1.0,0.0,1.0,6,2,1
131483,16,2,3,17,15,3,0,1,1,1,2,24,2,2,0.0,0.0,0.0,0.0,0.0,2.0,13,1,9
151398,15,2,3,0,6,3,0,1,0,1,1,18,2,3,5.0,0.0,0.0,1.0,4.0,0.0,17,3,10
123452,4,2,3,0,1,3,0,1,0,0,2,36,2,4,1.0,0.0,0.0,0.0,1.0,2.0,18,6,9
170949,16,2,1,17,15,3,0,6,0,1,2,4,2,4,1.0,0.0,0.0,0.0,1.0,1.0,16,2,11
90340,4,2,3,8,6,3,0,1,0,1,2,12,3,3,1.0,0.0,0.0,1.0,0.0,1.0,18,6,7
21721,16,2,3,17,2,3,0,5,1,1,2,18,2,2,0.0,0.0,0.0,0.0,0.0,3.0,17,6,2
104140,4,2,1,17,8,3,0,1,0,1,2,24,2,3,5.0,0.0,0.0,5.0,0.0,1.0,0,5,8
65145,16,2,3,9,2,3,0,1,0,1,0,18,2,3,1.0,0.0,0.0,1.0,0.0,1.0,15,7,5
160920,4,2,4,15,3,3,1,5,0,1,2,39,4,4,4.0,0.0,0.0,0.0,4.0,1.0,23,6,11
2062,17,11,5,9,8,3,5,5,0,1,0,26,2,4,1.0,0.0,0.0,0.0,1.0,1.0,14,7,1
7870,4,10,3,0,6,3,6,1,1,1,2,18,2,2,0.0,0.0,0.0,0.0,0.0,2.0,14,1,1
130020,16,2,3,10,8,3,0,1,1,1,2,18,2,2,0.0,0.0,0.0,0.0,0.0,2.0,15,3,9
22680,16,10,1,10,10,3,4,1,1,1,2,39,2,2,0.0,0.0,0.0,0.0,0.0,2.0,23,1,2
143428,4,7,3,10,8,3,6,1,1,0,2,36,2,2,0.0,0.0,0.0,0.0,0.0,2.0,9,4,10
160191,16,11,3,15,3,3,5,1,1,0,2,36,2,2,0.0,0.0,0.0,0.0,0.0,2.0,15,6,11
153377,16,2,3,0,8,3,0,1,1,1,1,6,2,2,0.0,0.0,0.0,0.0,0.0,2.0,15,6,10
174583,16,2,1,15,6,3,0,1,1,1,1,22,2,2,0.0,0.0,0.0,0.0,0.0,2.0,0,7,12
175468,16,2,1,17,2,3,5,5,0,1,2,36,2,3,2.0,0.0,0.0,2.0,0.0,2.0,16,5,12
139160,16,2,3,5,8,3,0,1,1,1,2,36,2,2,0.0,0.0,0.0,0.0,0.0,2.0,17,2,10
53103,16,3,3,10,2,3,0,1,1,1,0,19,2,2,0.0,0.0,0.0,0.0,0.0,6.0,17,5,4
62973,15,2,1,14,6,3,0,5,0,1,2,11,3,3,1.0,0.0,0.0,1.0,0.0,1.0,0,7,5
71463,16,2,3,15,6,3,0,5,1,1,1,22,2,2,0.0,0.0,0.0,0.0,0.0,2.0,12,1,5
140332,4,2,3,10,6,3,0,1,1,1,0,12,2,2,0.0,0.0,0.0,0.0,0.0,2.0,8,5,10
20419,16,2,3,0,15,3,0,1,1,1,0,6,2,2,0.0,0.0,0.0,0.0,0.0,2.0,3,7,2
160935,16,2,1,17,8,3,0,5,1,1,0,13,2,2,0.0,0.0,0.0,0.0,0.0,4.0,1,7,11
60865,4,2,3,17,2,3,0,1,1,1,1,36,2,2,0.0,0.0,0.0,0.0,0.0,2.0,17,3,5
54899,16,2,3,17,6,4,0,1,1,1,2,36,2,2,0.0,0.0,0.0,0.0,0.0,2.0,15,6,4
121720,16,2,2,0,3,3,0,1,1,1,2,18,2,2,0.0,0.0,0.0,0.0,0.0,2.0,5,2,9
135209,16,2,3,0,3,3,0,1,0,1,2,36,2,3,2.0,0.0,0.0,2.0,0.0,2.0,17,3,9
3462,16,10,1,0,8,3,5,1,1,1,2,5,2,2,0.0,0.0,0.0,0.0,0.0,2.0,18,2,1
40325,15,2,3,7,7,3,0,1,1,1,2,28,2,2,0.0,0.0,0.0,0.0,0.0,1.0,10,6,3
107755,16,2,3,8,8,3,0,1,0,1,0,24,2,3,1.0,0.0,0.0,1.0,0.0,1.0,9,3,8
41158,16,2,3,8,2,3,6,1,1,1,0,6,2,2,0.0,0.0,0.0,0.0,0.0,2.0,14,2,3
44219,15,3,2,0,8,3,6,1,1,1,2,18,2,2,0.0,0.0,0.0,0.0,0.0,2.0,6,6,4
153696,15,11,5,15,8,3,5,5,1,1,2,36,2,2,0.0,0.0,0.0,0.0,0.0,2.0,15,6,10
108374,15,2,3,0,2,3,0,1,0,1,2,5,3,4,2.0,0.0,0.0,0.0,2.0,1.0,19,6,8
127210,4,7,3,14,8,3,6,1,1,1,2,18,2,2,0.0,0.0,0.0,0.0,0.0,2.0,7,4,9
48768,16,2,3,17,6,3,0,1,1,1,1,3,2,2,0.0,0.0,0.0,0.0,0.0,2.0,18,5,4
122654,4,2,3,13,2,3,0,1,1,1,2,36,2,2,0.0,0.0,0.0,0.0,0.0,2.0,10,2,9
116589,16,2,1,2,8,3,0,1,0,1,2,28,1,2,0.0,0.0,0.0,0.0,0.0,1.0,21,5,8
112982,16,7,1,10,6,3,6,5,1,1,1,17,2,2,0.0,0.0,0.0,0.0,0.0,3.0,9,7,8
46757,16,2,1,17,8,3,0,1,0,1,2,18,2,4,1.0,0.0,0.0,0.0,1.0,2.0,19,4,4
98188,15,7,3,10,8,3,6,1,1,1,2,39,2,2,0.0,0.0,0.0,0.0,0.0,2.0,17,6,7
42062,15,3,3,0,6,3,6,1,0,1,2,5,2,2,0.0,0.0,0.0,0.0,0.0,2.0,16,5,3
45411,16,2,1,17,3,3,0,1,0,1,2,18,2,2,0.0,0.0,0.0,0.0,0.0,4.0,4,1,4
3305,16,2,3,10,6,3,5,5,1,1,2,26,2,2,0.0,0.0,0.0,0.0,0.0,2.0,15,1,1
23513,4,2,2,17,3,3,0,1,0,1,2,18,2,2,0.0,0.0,0.0,0.0,0.0,2.0,18,1,2
174358,16,2,3,17,8,3,0,1,1,1,1,24,2,2,0.0,0.0,0.0,0.0,0.0,2.0,7,3,12
158858,4,2,3,8,3,3,0,1,0,1,2,36,2,4,1.0,0.0,0.0,0.0,1.0,1.0,15,6,11
165620,16,2,1,0,6,3,0,1,0,1,2,6,2,4,1.0,0.0,0.0,0.0,1.0,2.0,2,5,11
3166,16,2,3,2,3,3,0,1,1,1,2,36,1,2,0.0,0.0,0.0,0.0,0.0,1.0,8,5,1
85261,4,2,3,10,3,3,0,1,1,1,1,19,2,2,0.0,0.0,0.0,0.0,0.0,8.0,6,3,6
169846,16,2,3,10,8,3,0,1,1,1,2,36,2,2,0.0,0.0,0.0,0.0,0.0,2.0,13,5,11
40033,15,11,3,0,6,3,5,5,1,1,1,36,2,2,0.0,0.0,0.0,0.0,0.0,2.0,12,7,3
51387,15,2,0,9,6,3,0,1,0,1,0,18,2,3,1.0,0.0,0.0,1.0,0.0,1.0,20,3,4
40873,16,2,3,15,8,3,0,1,1,1,2,26,2,2,0.0,0.0,0.0,0.0,0.0,2.0,13,3,3
65733,16,2,1,0,8,3,0,1,0,1,2,36,2,2,0.0,0.0,0.0,0.0,0.0,3.0,21,2,5
124707,16,2,3,9,6,3,0,1,0,1,0,18,2,3,1.0,0.0,0.0,1.0,0.0,1.0,11,4,9
177441,4,7,0,0,8,3,6,1,0,1,2,5,2,3,1.0,0.0,0.0,1.0,0.0,1.0,17,6,12
138362,17,7,4,17,6,3,6,5,1,1,2,26,2,2,0.0,0.0,0.0,0.0,0.0,4.0,22,4,10
51740,16,2,3,17,10,3,0,1,1,1,1,24,2,2,0.0,0.0,0.0,0.0,0.0,2.0,16,2,4
51073,17,2,3,10,8,3,0,1,1,1,0,36,2,2,0.0,0.0,0.0,0.0,0.0,3.0,13,5,4
20690,15,10,1,0,8,3,0,1,0,1,2,18,2,2,0.0,0.0,0.0,0.0,0.0,3.0,17,4,2
169572,15,2,1,8,8,3,5,5,0,1,0,36,2,3,1.0,0.0,0.0,1.0,0.0,1.0,18,2,11
16962,4,2,0,17,8,3,0,1,0,1,2,36,2,1,1.0,0.0,1.0,0.0,0.0,1.0,17,3,2
25431,16,2,3,8,6,3,0,1,0,1,0,12,2,3,1.0,0.0,0.0,1.0,0.0,1.0,6,1,2
62538,16,3,3,17,6,3,6,1,0,1,2,23,2,2,0.0,0.0,0.0,0.0,0.0,2.0,16,2,5
132943,16,7,3,17,6,3,6,1,1,1,2,17,2,2,0.0,0.0,0.0,0.0,0.0,2.0,15,1,9
155533,16,10,3,0,11,3,6,1,0,1,2,36,2,2,0.0,0.0,0.0,0.0,0.0,2.0,14,3,10
71972,16,2,3,17,6,3,0,1,1,1,1,24,2,2,0.0,0.0,0.0,0.0,0.0,4.0,12,7,6
174883,16,2,3,0,6,3,0,5,0,1,2,6,2,3,2.0,0.0,0.0,2.0,0.0,1.0,11,5,12
101604,16,2,1,10,8,3,0,1,1,1,0,19,2,2,0.0,0.0,0.0,0.0,0.0,2.0,23,3,7
95745,16,2,3,17,8,3,0,1,1,1,2,36,2,2,0.0,0.0,0.0,0.0,0.0,2.0,11,5,7
86787,16,2,3,10,2,3,0,1,1,0,2,19,3,2,0.0,0.0,0.0,0.0,0.0,3.0,17,6,6
48911,16,2,1,15,2,3,0,1,0,1,2,17,3,1,3.0,0.0,1.0,2.0,0.0,2.0,23,7,4
138870,4,2,3,17,8,3,0,1,0,1,1,18,2,2,0.0,0.0,0.0,0.0,0.0,2.0,17,4,10
3931,15,2,1,9,8,3,6,1,0,1,0,36,2,3,1.0,0.0,0.0,1.0,0.0,1.0,5,3,1
187771,16,10,1,10,8,3,4,1,1,1,1,19,2,2,0.0,0.0,0.0,0.0,0.0,3.0,17,3,12
81539,4,3,3,7,12,3,0,1,1,0,2,12,2,2,0.0,0.0,0.0,0.0,0.0,1.0,14,3,6
120141,16,2,3,8,8,3,0,1,0,1,1,12,2,3,1.0,0.0,0.0,1.0,0.0,1.0,11,7,8
51363,16,2,3,17,6,3,0,1,1,1,1,26,2,2,0.0,0.0,0.0,0.0,0.0,4.0,11,1,4
61725,15,7,1,0,16,3,6,1,0,1,2,5,2,3,1.0,0.0,0.0,1.0,0.0,2.0,21,1,5
6322,4,2,0,0,8,3,0,1,1,1,2,18,2,2,0.0,0.0,0.0,0.0,0.0,2.0,17,6,1
102527,4,2,3,14,8,2,0,5,0,1,2,22,2,4,2.0,0.0,0.0,0.0,2.0,6.0,13,4,7
109895,4,2,3,10,2,3,0,1,0,1,2,8,2,2,0.0,0.0,0.0,0.0,0.0,3.0,14,1,8
133564,16,2,3,10,17,3,0,5,1,1,2,36,2,2,0.0,0.0,0.0,0.0,0.0,3.0,15,5,9
171004,16,2,3,17,8,3,0,1,0,1,2,36,2,3,2.0,0.0,0.0,2.0,0.0,1.0,15,3,11
143746,16,2,3,9,10,3,0,1,0,1,0,18,2,3,1.0,0.0,0.0,1.0,0.0,1.0,11,2,10
101238,4,2,3,10,2,3,0,1,1,1,2,19,2,2,0.0,0.0,0.0,0.0,0.0,2.0,14,4,7
110021,15,7,1,10,6,3,6,1,0,1,2,39,2,4,1.0,0.0,0.0,0.0,1.0,3.0,21,2,8
62833,16,2,3,17,6,3,0,1,1,1,2,36,2,2,0.0,0.0,0.0,0.0,0.0,3.0,13,6,5
134010,16,2,1,0,6,3,0,1,0,1,2,36,2,4,3.0,0.0,0.0,0.0,3.0,1.0,2,1,9
76165,15,7,3,0,8,3,6,1,0,1,2,36,2,4,1.0,0.0,0.0,0.0,1.0,5.0,14,1,6
117394,16,7,3,10,6,3,6,1,1,1,2,26,2,2,0.0,0.0,0.0,0.0,0.0,2.0,11,2,8
2835,16,10,3,10,6,3,4,1,1,1,1,19,3,2,0.0,0.0,0.0,0.0,0.0,3.0,8,7,1
188947,15,2,3,8,8,3,0,1,0,1,1,18,3,3,1.0,0.0,0.0,1.0,0.0,2.0,10,7,12
162466,16,3,3,0,3,3,0,1,0,1,2,6,2,4,1.0,0.0,0.0,0.0,1.0,1.0,13,2,11
113657,16,2,3,15,1,3,0,1,1,0,2,23,2,2,0.0,0.0,0.0,0.0,0.0,2.0,14,2,8
105255,16,2,1,10,8,3,0,1,1,0,1,36,2,2,0.0,0.0,0.0,0.0,0.0,2.0,23,7,8
139026,15,2,3,17,8,3,0,1,0,1,2,18,2,1,1.0,0.0,1.0,0.0,0.0,1.0,6,7,10
18176,15,2,3,8,15,3,0,1,0,1,0,18,2,3,1.0,0.0,0.0,1.0,0.0,2.0,15,3,2
187980,15,2,1,10,6,3,0,1,0,1,2,36,2,3,1.0,0.0,0.0,1.0,0.0,1.0,23,6,12
38350,15,7,1,17,6,3,6,1,0,1,2,18,2,2,0.0,0.0,0.0,0.0,0.0,2.0,22,4,3
167136,16,2,0,17,10,4,0,5,1,1,1,36,2,2,0.0,0.0,0.0,0.0,0.0,2.0,15,4,11
140006,16,7,3,0,8,3,6,1,0,1,2,6,3,2,0.0,0.0,0.0,0.0,0.0,4.0,8,6,10
4270,15,10,1,0,6,3,4,1,0,1,2,18,3,2,0.0,0.0,0.0,0.0,0.0,3.0,18,3,1
102713,16,2,3,17,6,3,0,1,0,1,2,18,2,3,2.0,0.0,0.0,2.0,0.0,1.0,18,6,7
473,4,2,1,0,3,3,0,1,0,1,2,17,2,2,0.0,0.0,0.0,0.0,0.0,2.0,4,4,1
82872,2,7,1,2,6,3,6,1,0,1,2,6,1,2,0.0,0.0,0.0,0.0,0.0,2.0,1,2,6
100062,16,2,3,17,6,3,0,1,1,1,2,19,2,2,0.0,0.0,0.0,0.0,0.0,2.0,16,1,7
59525,16,2,3,15,8,3,5,5,1,1,1,36,2,2,0.0,0.0,0.0,0.0,0.0,2.0,9,2,5
83763,16,2,1,17,10,3,0,1,1,1,2,24,2,2,0.0,0.0,0.0,0.0,0.0,4.0,21,7,6
7536,15,2,3,17,8,3,0,1,1,1,1,24,2,2,0.0,0.0,0.0,0.0,0.0,2.0,9,4,1
183593,16,2,3,17,2,3,0,1,1,1,1,22,2,2,0.0,0.0,0.0,0.0,0.0,2.0,9,2,12
104105,16,2,3,15,2,3,0,1,1,1,1,22,2,2,0.0,0.0,0.0,0.0,0.0,2.0,17,5,8
170421,16,2,1,0,6,3,0,1,0,1,2,13,4,2,0.0,0.0,0.0,0.0,0.0,5.0,22,7,11
164433,16,2,1,10,2,3,0,1,1,1,1,36,2,2,0.0,0.0,0.0,0.0,0.0,3.0,17,2,11
123149,17,11,5,17,6,3,5,5,1,1,2,36,2,2,0.0,0.0,0.0,0.0,0.0,2.0,13,3,9
49849,15,2,3,17,8,3,0,1,1,1,0,36,2,2,0.0,0.0,0.0,0.0,0.0,2.0,16,3,4
51739,16,2,3,13,8,3,0,1,1,1,1,36,2,2,0.0,0.0,0.0,0.0,0.0,2.0,16,2,4
113173,16,2,1,15,2,3,0,1,1,1,1,23,2,2,0.0,0.0,0.0,0.0,0.0,2.0,2,1,8
147738,15,2,3,0,6,3,0,1,0,1,2,36,2,2,0.0,0.0,0.0,0.0,0.0,2.0,17,2,10
110006,15,7,1,17,6,3,6,1,1,1,2,36,2,2,0.0,0.0,0.0,0.0,0.0,2.0,20,2,8
50147,16,2,3,9,8,3,6,1,0,0,2,18,2,3,1.0,0.0,0.0,1.0,0.0,1.0,12,2,4
116421,16,2,3,17,8,3,0,1,1,1,2,24,2,2,0.0,0.0,0.0,0.0,0.0,2.0,16,3,8
83731,16,2,3,17,2,3,0,1,0,1,2,36,2,2,0.0,0.0,0.0,0.0,0.0,2.0,16,7,6
118726,15,2,1,0,6,3,0,5,0,1,2,5,2,2,0.0,0.0,0.0,0.0,0.0,6.0,23,2,8
184717,15,2,1,0,8,3,6,5,0,1,2,18,2,2,0.0,0.0,0.0,0.0,0.0,3.0,18,6,12
179846,4,7,3,0,8,3,6,1,0,1,2,26,2,2,0.0,0.0,0.0,0.0,0.0,2.0,13,4,12
12941,16,2,3,10,10,3,0,1,1,1,0,17,2,2,0.0,0.0,0.0,0.0,0.0,3.0,14,7,1
112434,16,2,1,9,6,3,6,5,0,1,2,36,2,4,1.0,0.0,0.0,0.0,1.0,1.0,23,6,8
41885,16,2,1,17,3,3,0,1,1,1,2,4,2,2,0.0,0.0,0.0,0.0,0.0,2.0,21,7,3
64622,15,2,3,0,8,3,0,1,1,1,2,5,2,2,0.0,0.0,0.0,0.0,0.0,5.0,16,6,5
82023,4,2,0,17,8,3,0,1,1,1,0,22,2,2,0.0,0.0,0.0,0.0,0.0,2.0,20,4,6
94586,4,7,3,10,8,3,6,1,0,1,2,19,2,3,2.0,0.0,0.0,2.0,0.0,0.0,5,7,7
130764,16,7,4,17,2,3,6,1,1,1,2,36,2,2,0.0,0.0,0.0,0.0,0.0,2.0,18,4,9
155858,4,2,3,17,16,3,5,5,0,1,2,18,2,3,1.0,0.0,0.0,1.0,0.0,4.0,13,6,11
38898,16,2,3,15,10,3,0,5,1,1,2,36,2,2,0.0,0.0,0.0,0.0,0.0,2.0,17,6,3
157582,15,7,3,0,11,3,6,1,1,1,2,5,2,2,0.0,0.0,0.0,0.0,0.0,2.0,12,1,11
14606,16,2,1,17,2,3,6,5,0,1,2,18,2,2,0.0,0.0,0.0,0.0,0.0,5.0,4,1,1
117032,16,2,3,10,8,3,0,1,1,1,1,36,2,2,0.0,0.0,0.0,0.0,0.0,2.0,7,5,8
76860,15,2,3,0,15,3,0,1,1,0,1,36,2,2,0.0,0.0,0.0,0.0,0.0,2.0,7,5,6
61084,16,7,3,2,2,3,6,1,0,1,2,16,1,2,0.0,0.0,0.0,0.0,0.0,1.0,13,6,5
145918,15,2,3,0,8,3,0,1,0,1,2,17,2,2,0.0,0.0,0.0,0.0,0.0,2.0,13,3,10
94350,16,2,3,17,2,3,0,5,1,1,1,36,2,2,0.0,0.0,0.0,0.0,0.0,5.0,18,4,7
45245,15,2,3,10,6,3,0,1,1,1,2,19,2,2,0.0,0.0,0.0,0.0,0.0,4.0,15,6,4
15183,16,2,3,10,3,3,4,5,1,1,2,19,2,2,0.0,0.0,0.0,0.0,0.0,2.0,16,6,2
96366,16,2,1,17,6,3,0,1,0,1,2,18,2,2,0.0,0.0,0.0,0.0,0.0,4.0,21,7,7
81115,4,2,3,10,8,3,0,1,1,1,1,19,2,2,0.0,0.0,0.0,0.0,0.0,2.0,15,5,6
23732,16,2,3,15,2,3,0,1,1,1,2,23,2,2,0.0,0.0,0.0,0.0,0.0,2.0,13,6,2