crash_date,               traffic_control_device,weather_condition,lighting_condition,first_crash_type,trafficway_type,alignment,roadway_surface_cond,road_defect,crash_type,intersection_related_i,damage,prim_contributory_cause,num_units,most_severe_injury,injuries_total,injuries_fatal,injuries_incapacitating,injuries_non_incapacitating,injuries_reported_not_evident,injuries_no_indication,crash_hour,crash_day_of_week,crash_month
174616,16,7,3,11,3,3,0,1,1,1,1,21,2,2,0.0,0.0,0.0,0.0,0.0,2.0,15,1,12
36678,16,2,3,17,19,3,0,1,1,1,1,6,2,2,0.0,0.0,0.0,0.0,0.0,2.0,8,2,3
58641,16,2,3,15,6,3,0,5,1,1,2,36,2,2,0.0,0.0,0.0,0.0,0.0,2.0,15,4,5
114680,16,2,1,8,8,3,0,1,0,1,0,6,2,3,1.0,0.0,0.0,1.0,0.0,1.0,22,3,8
109539,15,2,3,0,8,3,6,1,0,1,1,18,2,2,0.0,0.0,0.0,0.0,0.0,2.0,13,4,8
124648,15,2,3,0,6,3,0,1,0,1,2,18,2,3,2.0,0.0,0.0,2.0,0.0,1.0,15,4,9
106598,15,7,3,9,8,3,6,1,1,1,0,36,2,2,0.0,0.0,0.0,0.0,0.0,2.0,11,7,8
254,16,7,1,17,6,3,6,1,1,1,2,18,2,2,0.0,0.0,0.0,0.0,0.0,2.0,17,6,1
168495,17,2,0,9,18,3,5,5,0,1,2,36,2,1,1.0,0.0,1.0,0.0,0.0,1.0,23,4,11
179058,16,7,1,9,8,3,6,1,0,1,0,36,2,1,1.0,0.0,1.0,0.0,0.0,1.0,23,5,12
96299,15,2,1,0,8,3,0,1,0,1,2,18,2,2,0.0,0.0,0.0,0.0,0.0,2.0,22,6,7
76557,4,2,3,17,2,3,0,1,1,1,2,18,2,2,0.0,0.0,0.0,0.0,0.0,3.0,20,6,6
63237,16,2,3,10,6,3,0,1,1,1,1,8,2,2,0.0,0.0,0.0,0.0,0.0,2.0,16,4,5
91001,16,2,3,10,2,3,0,1,1,1,2,36,2,2,0.0,0.0,0.0,0.0,0.0,2.0,11,7,7
15838,16,1,3,15,6,3,4,1,1,1,2,22,2,2,0.0,0.0,0.0,0.0,0.0,2.0,8,4,2
159511,4,2,3,17,6,3,0,1,0,1,2,24,2,2,0.0,0.0,0.0,0.0,0.0,2.0,13,2,11
25968,16,10,3,17,15,3,4,5,1,1,1,24,2,2,0.0,0.0,0.0,0.0,0.0,4.0,14,5,2
31095,16,2,3,10,8,3,0,1,1,1,2,19,2,2,0.0,0.0,0.0,0.0,0.0,2.0,17,5,3
98779,15,6,1,2,10,3,6,6,0,1,2,37,1,2,0.0,0.0,0.0,0.0,0.0,1.0,1,1,7
94197,15,2,3,13,8,3,0,5,1,1,2,23,2,2,0.0,0.0,0.0,0.0,0.0,2.0,13,2,7
91543,15,2,3,0,8,3,0,5,1,1,1,18,2,2,0.0,0.0,0.0,0.0,0.0,2.0,17,2,7
57975,4,2,3,15,8,3,0,1,0,1,2,23,2,3,1.0,0.0,0.0,1.0,0.0,3.0,11,6,5
25043,16,2,1,10,6,3,6,1,1,1,1,12,3,2,0.0,0.0,0.0,0.0,0.0,4.0,23,2,2
114651,16,2,1,15,8,3,6,1,1,1,2,36,2,2,0.0,0.0,0.0,0.0,0.0,2.0,5,3,8
81702,15,2,3,8,8,3,0,1,0,1,1,38,2,3,1.0,0.0,0.0,1.0,0.0,1.0,16,6,6
29898,16,2,3,9,6,3,0,1,0,1,0,38,2,3,1.0,0.0,0.0,1.0,0.0,1.0,7,6,3
111478,4,2,3,2,8,3,0,3,1,1,2,33,1,2,0.0,0.0,0.0,0.0,0.0,1.0,11,3,8
106626,16,2,3,17,3,3,5,5,1,1,2,12,2,2,0.0,0.0,0.0,0.0,0.0,2.0,16,2,8
145584,16,2,3,10,2,3,0,1,0,1,1,19,2,3,1.0,0.0,0.0,1.0,0.0,1.0,8,6,10
133150,16,2,1,0,2,3,0,1,0,1,2,6,2,3,3.0,0.0,0.0,3.0,0.0,1.0,20,1,9
6880,16,2,1,17,2,3,0,1,1,1,2,18,2,2,0.0,0.0,0.0,0.0,0.0,2.0,18,7,1
161864,16,7,1,17,13,3,6,1,1,1,1,19,2,2,0.0,0.0,0.0,0.0,0.0,2.0,2,1,11
65094,16,2,1,10,8,3,0,1,0,1,2,17,2,3,3.0,0.0,0.0,3.0,0.0,6.0,3,6,5
160595,16,2,3,17,6,3,0,1,0,1,2,6,2,3,2.0,0.0,0.0,2.0,0.0,1.0,11,3,11
117385,16,7,3,17,5,3,6,1,0,1,2,36,2,4,1.0,0.0,0.0,0.0,1.0,2.0,10,2,8
37058,16,2,0,17,3,3,0,1,0,1,2,18,2,1,2.0,0.0,1.0,0.0,1.0,0.0,19,1,3
53265,15,2,4,0,6,3,0,1,0,1,2,18,2,3,2.0,0.0,0.0,2.0,0.0,1.0,19,2,4
45302,4,7,3,10,8,3,6,1,1,1,2,19,2,2,0.0,0.0,0.0,0.0,0.0,2.0,15,1,4
38294,16,7,3,10,8,3,6,1,1,1,0,36,2,2,0.0,0.0,0.0,0.0,0.0,2.0,9,3,3
170340,16,2,1,17,11,3,0,1,1,1,2,22,2,2,0.0,0.0,0.0,0.0,0.0,3.0,23,4,11
41178,16,2,3,5,8,3,0,3,1,1,1,26,1,2,0.0,0.0,0.0,0.0,0.0,2.0,18,2,3
115096,16,2,3,17,8,3,0,1,1,1,0,23,2,2,0.0,0.0,0.0,0.0,0.0,2.0,9,2,8
98443,4,2,3,10,10,3,0,1,1,0,2,23,2,2,0.0,0.0,0.0,0.0,0.0,2.0,15,4,7
188396,16,2,1,17,3,3,0,5,0,1,2,18,2,2,0.0,0.0,0.0,0.0,0.0,3.0,18,6,12
135568,16,2,3,10,8,3,0,1,1,1,0,36,2,2,0.0,0.0,0.0,0.0,0.0,2.0,16,1,9
143004,16,2,3,17,18,3,0,1,1,1,0,36,2,2,0.0,0.0,0.0,0.0,0.0,2.0,12,5,10
102642,16,2,3,17,15,3,0,1,0,1,2,36,2,2,0.0,0.0,0.0,0.0,0.0,2.0,8,5,7
161455,16,2,1,17,2,3,0,5,0,1,2,12,2,3,2.0,0.0,0.0,2.0,0.0,1.0,20,1,11
81434,4,2,3,0,0,3,0,1,1,1,2,18,2,2,0.0,0.0,0.0,0.0,0.0,2.0,7,3,6
123749,4,2,3,17,8,3,0,1,0,1,2,22,2,2,0.0,0.0,0.0,0.0,0.0,2.0,16,6,9
165687,16,2,3,0,11,3,0,1,1,1,1,36,2,2,0.0,0.0,0.0,0.0,0.0,2.0,13,6,11
171457,16,2,3,15,2,3,0,1,1,1,0,23,2,2,0.0,0.0,0.0,0.0,0.0,3.0,10,3,11
63628,16,2,3,17,2,3,0,1,0,1,2,24,2,2,0.0,0.0,0.0,0.0,0.0,2.0,13,4,5
182685,16,2,1,17,2,3,0,1,0,1,2,22,2,3,1.0,0.0,0.0,1.0,0.0,1.0,20,5,12
131550,16,11,5,10,2,3,5,5,1,1,2,36,2,2,0.0,0.0,0.0,0.0,0.0,2.0,15,2,9
140777,16,2,1,17,6,3,0,1,0,1,2,12,2,3,1.0,0.0,0.0,1.0,0.0,1.0,0,4,10
38201,16,2,3,0,2,3,0,1,0,1,2,6,2,4,1.0,0.0,0.0,0.0,1.0,2.0,11,1,3
36397,16,2,1,0,5,4,0,1,0,1,2,6,2,2,0.0,0.0,0.0,0.0,0.0,3.0,1,4,3
146697,4,2,3,10,8,3,0,1,1,1,2,19,2,2,0.0,0.0,0.0,0.0,0.0,4.0,14,1,10
105832,4,2,3,7,10,3,0,1,1,1,0,23,2,2,0.0,0.0,0.0,0.0,0.0,1.0,17,3,8
97746,15,2,3,17,12,3,0,1,0,1,2,36,2,1,1.0,0.0,1.0,0.0,0.0,1.0,10,6,7
74879,16,2,3,17,2,3,0,1,0,1,2,19,3,3,2.0,0.0,0.0,2.0,0.0,1.0,10,3,6
93096,4,2,3,8,8,3,0,1,0,1,1,36,2,3,1.0,0.0,0.0,1.0,0.0,1.0,18,5,7
134321,16,2,3,8,15,3,0,1,0,1,1,38,2,3,1.0,0.0,0.0,1.0,0.0,1.0,16,4,9
178478,16,2,2,17,15,3,0,1,0,1,2,24,2,3,2.0,0.0,0.0,1.0,1.0,0.0,6,5,12
61652,4,2,3,17,8,3,0,1,1,1,2,36,2,2,0.0,0.0,0.0,0.0,0.0,2.0,10,7,5
43321,16,2,3,17,8,3,0,1,0,1,2,36,2,2,0.0,0.0,0.0,0.0,0.0,2.0,12,4,4
97813,16,2,3,10,8,3,0,1,0,1,2,36,2,2,0.0,0.0,0.0,0.0,0.0,2.0,9,7,7
121442,4,2,3,2,10,3,0,1,1,0,1,0,1,2,0.0,0.0,0.0,0.0,0.0,2.0,15,6,9
123072,16,2,3,0,6,3,0,1,0,1,2,6,3,3,2.0,0.0,0.0,2.0,0.0,6.0,18,1,9
112971,15,2,3,17,6,3,0,1,0,1,2,12,2,2,0.0,0.0,0.0,0.0,0.0,2.0,7,7,8
70496,16,2,3,10,8,3,0,1,0,1,2,17,3,2,0.0,0.0,0.0,0.0,0.0,5.0,11,1,5
164015,4,2,3,17,8,3,0,1,1,1,1,36,2,2,0.0,0.0,0.0,0.0,0.0,2.0,7,3,11
104810,16,2,3,10,2,3,0,1,1,1,2,36,2,2,0.0,0.0,0.0,0.0,0.0,2.0,14,2,8
170284,10,7,0,2,3,3,6,5,0,0,2,22,1,2,0.0,0.0,0.0,0.0,0.0,1.0,1,4,11
177369,15,2,1,17,8,3,0,1,0,1,2,18,2,2,0.0,0.0,0.0,0.0,0.0,2.0,17,5,12
73974,15,2,1,17,8,3,6,1,1,1,2,36,2,2,0.0,0.0,0.0,0.0,0.0,3.0,23,3,6
28206,4,2,3,0,8,3,0,1,0,1,2,18,2,2,0.0,0.0,0.0,0.0,0.0,5.0,7,5,2
176041,4,2,3,10,2,3,0,1,0,1,1,19,2,3,4.0,0.0,0.0,4.0,0.0,29.0,8,6,12
189062,16,7,3,17,10,3,6,1,1,1,2,36,2,2,0.0,0.0,0.0,0.0,0.0,4.0,8,3,12
57899,16,2,0,15,6,3,0,1,0,1,2,24,2,3,1.0,0.0,0.0,1.0,0.0,2.0,20,7,5
32597,15,2,3,15,10,3,0,1,0,1,1,23,2,2,0.0,0.0,0.0,0.0,0.0,2.0,11,1,3
86555,16,2,5,10,8,3,5,5,1,1,1,36,2,2,0.0,0.0,0.0,0.0,0.0,2.0,4,3,6
56912,4,3,3,0,6,3,6,5,0,1,2,18,2,2,0.0,0.0,0.0,0.0,0.0,2.0,17,5,5
42255,15,7,4,0,3,3,6,1,0,1,2,18,2,2,0.0,0.0,0.0,0.0,0.0,2.0,18,6,4
127295,16,2,3,10,8,3,0,5,1,1,0,36,2,2,0.0,0.0,0.0,0.0,0.0,2.0,7,5,9
170940,4,2,3,17,8,3,0,1,0,1,2,12,2,2,0.0,0.0,0.0,0.0,0.0,2.0,13,2,11
23520,16,2,3,10,8,3,0,1,1,1,0,19,2,2,0.0,0.0,0.0,0.0,0.0,3.0,10,1,2
72693,17,11,5,17,2,3,5,5,1,1,2,36,2,2,0.0,0.0,0.0,0.0,0.0,2.0,16,6,6
151382,15,2,3,17,6,3,0,1,0,1,1,24,2,2,0.0,0.0,0.0,0.0,0.0,3.0,15,3,10
22400,16,10,3,10,15,3,4,1,1,1,1,17,2,2,0.0,0.0,0.0,0.0,0.0,2.0,13,5,2
17593,16,2,3,15,8,3,0,1,1,1,2,23,2,2,0.0,0.0,0.0,0.0,0.0,2.0,8,7,2
59239,16,2,3,17,8,3,0,1,1,1,2,24,2,2,0.0,0.0,0.0,0.0,0.0,2.0,8,6,5
146516,16,2,3,9,11,3,0,1,0,1,0,12,2,3,1.0,0.0,0.0,1.0,0.0,1.0,12,3,10
45408,17,2,3,10,8,3,0,5,1,1,1,17,2,2,0.0,0.0,0.0,0.0,0.0,4.0,15,1,4
160188,16,2,3,10,6,3,0,5,1,1,0,36,2,2,0.0,0.0,0.0,0.0,0.0,2.0,15,6,11
66146,4,6,1,17,2,3,6,1,0,1,2,24,2,4,2.0,0.0,0.0,0.0,2.0,2.0,22,2,5
62937,4,2,3,17,8,3,0,1,1,1,1,36,2,2,0.0,0.0,0.0,0.0,0.0,3.0,18,7,5
146863,16,2,3,17,15,3,0,1,1,1,2,36,2,2,0.0,0.0,0.0,0.0,0.0,2.0,9,4,10
72595,16,2,3,17,8,3,0,1,1,1,1,18,2,2,0.0,0.0,0.0,0.0,0.0,4.0,12,4,6
66654,16,2,3,17,8,3,0,5,1,1,2,36,2,2,0.0,0.0,0.0,0.0,0.0,2.0,15,4,5
54245,4,2,3,10,2,3,0,1,0,1,2,19,2,4,1.0,0.0,0.0,0.0,1.0,2.0,14,3,4
76687,16,2,3,10,8,3,0,1,1,1,2,19,4,2,0.0,0.0,0.0,0.0,0.0,4.0,15,2,6
19523,4,2,3,9,8,3,0,2,0,1,2,18,2,1,1.0,0.0,1.0,0.0,0.0,1.0,12,5,2
47141,16,2,3,15,3,3,0,1,1,1,0,18,2,2,0.0,0.0,0.0,0.0,0.0,2.0,15,5,4
121682,16,2,3,0,8,3,0,1,1,1,2,36,2,2,0.0,0.0,0.0,0.0,0.0,2.0,10,1,9
179816,16,7,1,7,8,3,6,1,0,1,2,36,2,2,0.0,0.0,0.0,0.0,0.0,1.0,21,3,12
115795,16,2,1,0,8,3,0,1,0,1,2,36,2,2,0.0,0.0,0.0,0.0,0.0,3.0,1,1,8
58815,16,2,1,15,6,3,0,1,1,1,2,23,2,2,0.0,0.0,0.0,0.0,0.0,3.0,22,6,5
83582,17,2,3,15,2,3,0,5,1,1,1,23,2,2,0.0,0.0,0.0,0.0,0.0,2.0,13,7,6
56458,4,2,1,17,6,3,0,5,0,1,2,36,2,1,5.0,0.0,2.0,0.0,3.0,2.0,20,4,5
178167,16,2,1,9,6,3,0,1,0,1,2,35,2,3,1.0,0.0,0.0,1.0,0.0,1.0,20,2,12
109389,4,2,1,17,8,3,0,1,1,1,0,36,2,2,0.0,0.0,0.0,0.0,0.0,2.0,1,1,8
106764,15,2,3,0,2,3,0,1,1,1,2,5,2,2,0.0,0.0,0.0,0.0,0.0,4.0,17,2,8
136038,16,2,1,8,10,3,0,1,0,1,0,1,2,4,1.0,0.0,0.0,0.0,1.0,1.0,21,6,9
45023,16,2,1,17,8,3,0,1,1,1,2,22,2,2,0.0,0.0,0.0,0.0,0.0,2.0,1,1,4
4321,16,2,3,17,6,3,0,1,1,1,2,18,2,2,0.0,0.0,0.0,0.0,0.0,2.0,16,5,1
89050,15,2,3,17,15,3,0,1,1,1,1,36,2,2,0.0,0.0,0.0,0.0,0.0,2.0,10,6,7
53919,13,7,3,11,8,3,5,5,1,1,2,36,2,2,0.0,0.0,0.0,0.0,0.0,2.0,17,6,4
174467,15,2,1,17,15,3,0,1,1,1,2,5,2,2,0.0,0.0,0.0,0.0,0.0,2.0,2,5,12
75824,16,7,3,0,6,3,6,1,0,1,2,30,2,3,1.0,0.0,0.0,1.0,0.0,3.0,14,4,6
25387,15,7,3,0,8,3,0,1,1,1,2,5,2,2,0.0,0.0,0.0,0.0,0.0,2.0,10,7,2
142031,16,2,1,10,2,3,0,1,1,1,1,18,2,2,0.0,0.0,0.0,0.0,0.0,2.0,21,7,10
65238,16,2,1,15,8,3,0,5,1,1,0,23,2,2,0.0,0.0,0.0,0.0,0.0,2.0,21,1,5
130886,4,2,3,0,6,3,0,1,1,1,2,36,2,2,0.0,0.0,0.0,0.0,0.0,2.0,16,7,9
116453,16,2,3,10,6,3,0,1,1,1,2,19,2,2,0.0,0.0,0.0,0.0,0.0,2.0,9,3,8
167591,16,2,3,10,2,3,0,1,0,1,2,36,2,4,1.0,0.0,0.0,0.0,1.0,1.0,12,5,11
75575,4,2,3,10,2,3,0,1,1,1,2,36,2,2,0.0,0.0,0.0,0.0,0.0,5.0,16,6,6
142365,16,2,3,15,6,3,0,1,1,1,0,36,2,2,0.0,0.0,0.0,0.0,0.0,2.0,14,4,10
67889,16,2,3,17,11,3,0,1,1,1,1,12,2,2,0.0,0.0,0.0,0.0,0.0,2.0,10,2,5
180377,16,2,3,10,8,3,0,1,1,1,2,17,3,2,0.0,0.0,0.0,0.0,0.0,3.0,15,3,12
175410,4,2,3,7,0,3,0,1,1,1,2,36,2,2,0.0,0.0,0.0,0.0,0.0,1.0,10,6,12
147268,16,11,0,0,15,3,5,5,1,1,2,36,2,2,0.0,0.0,0.0,0.0,0.0,2.0,10,2,10
171655,16,2,1,0,11,3,0,1,1,1,2,3,2,2,0.0,0.0,0.0,0.0,0.0,3.0,21,5,11
17101,16,11,5,9,8,3,5,5,0,1,0,18,2,3,1.0,0.0,0.0,1.0,0.0,1.0,16,6,2
384,16,7,1,14,8,3,6,5,0,1,2,39,2,2,0.0,0.0,0.0,0.0,0.0,2.0,5,1,1
99996,4,2,2,8,15,3,6,1,0,1,2,5,2,1,1.0,0.0,1.0,0.0,0.0,1.0,18,7,7
27355,4,2,1,15,8,3,0,1,1,1,0,23,2,2,0.0,0.0,0.0,0.0,0.0,2.0,19,5,2
149464,15,2,1,9,6,3,5,5,0,1,1,36,2,4,1.0,0.0,0.0,0.0,1.0,1.0,6,5,10
182816,16,2,1,0,8,3,0,1,0,1,2,38,2,2,0.0,0.0,0.0,0.0,0.0,2.0,17,1,12
121813,16,2,1,10,8,3,0,1,0,1,2,19,2,4,1.0,0.0,0.0,0.0,1.0,3.0,20,3,9
95645,16,2,3,15,6,3,0,5,1,1,1,36,2,2,0.0,0.0,0.0,0.0,0.0,2.0,16,3,7
22938,16,2,3,10,10,3,4,5,1,1,1,36,2,2,0.0,0.0,0.0,0.0,0.0,2.0,9,6,2
117403,16,2,3,17,6,3,0,1,1,1,1,36,2,2,0.0,0.0,0.0,0.0,0.0,2.0,14,4,8
86705,15,7,3,5,14,3,6,1,1,1,0,36,2,2,0.0,0.0,0.0,0.0,0.0,4.0,11,6,6
130404,16,2,1,10,6,3,0,1,0,1,2,17,2,2,0.0,0.0,0.0,0.0,0.0,2.0,20,7,9
174128,17,2,1,0,4,4,0,1,1,1,1,36,2,2,0.0,0.0,0.0,0.0,0.0,2.0,19,1,12
158295,16,2,3,0,6,3,0,1,0,1,2,6,4,3,2.0,0.0,0.0,2.0,0.0,2.0,6,5,11
89885,15,7,3,8,10,3,6,1,0,1,1,5,2,3,1.0,0.0,0.0,1.0,0.0,1.0,14,5,7
21018,16,2,3,17,3,3,0,1,1,1,2,23,2,2,0.0,0.0,0.0,0.0,0.0,3.0,15,3,2
23743,16,2,3,13,8,3,0,1,1,1,2,38,2,2,0.0,0.0,0.0,0.0,0.0,4.0,15,6,2
169120,15,2,3,0,8,3,0,1,0,1,2,18,2,4,2.0,0.0,0.0,0.0,2.0,1.0,10,4,11
13062,16,2,5,17,2,3,0,1,1,1,1,36,2,2,0.0,0.0,0.0,0.0,0.0,2.0,18,2,1
140892,16,2,3,17,6,3,6,1,1,0,2,36,2,2,0.0,0.0,0.0,0.0,0.0,3.0,17,6,10
120197,16,2,3,17,6,3,0,1,1,1,2,6,2,2,0.0,0.0,0.0,0.0,0.0,3.0,12,2,8
117938,16,2,1,17,6,3,0,1,0,1,2,18,2,2,0.0,0.0,0.0,0.0,0.0,3.0,20,5,8
112396,15,7,3,0,6,4,6,5,1,1,2,36,2,2,0.0,0.0,0.0,0.0,0.0,2.0,16,6,8
31128,17,2,3,15,8,3,0,5,1,1,1,36,2,2,0.0,0.0,0.0,0.0,0.0,2.0,10,5,3
73945,8,2,3,5,2,3,0,1,1,0,2,36,1,2,0.0,0.0,0.0,0.0,0.0,1.0,7,3,6
14827,16,3,3,15,8,3,6,1,0,1,2,18,2,2,0.0,0.0,0.0,0.0,0.0,3.0,9,6,1
160650,16,2,3,17,8,3,5,5,1,1,2,22,2,2,0.0,0.0,0.0,0.0,0.0,3.0,12,4,11
181755,15,11,3,17,15,3,5,5,0,1,2,36,2,3,1.0,0.0,0.0,1.0,0.0,1.0,8,1,12
133024,16,2,3,0,2,3,0,1,0,1,2,6,2,2,0.0,0.0,0.0,0.0,0.0,2.0,9,6,9
86070,15,2,3,0,6,3,0,1,1,1,2,5,2,2,0.0,0.0,0.0,0.0,0.0,2.0,19,2,6
58595,16,2,3,15,1,3,0,1,1,1,2,23,2,2,0.0,0.0,0.0,0.0,0.0,2.0,17,2,5
29686,16,2,3,17,8,3,5,5,1,1,2,36,2,2,0.0,0.0,0.0,0.0,0.0,2.0,16,2,3
43104,16,3,0,17,6,3,6,1,0,1,2,36,2,2,0.0,0.0,0.0,0.0,0.0,3.0,5,3,4
117995,16,2,3,17,8,3,0,1,1,1,2,6,3,2,0.0,0.0,0.0,0.0,0.0,3.0,17,6,8
104638,16,2,3,15,8,3,0,1,1,1,0,36,2,2,0.0,0.0,0.0,0.0,0.0,2.0,10,5,8
180024,4,7,1,0,6,3,6,1,1,1,2,18,2,2,0.0,0.0,0.0,0.0,0.0,2.0,17,7,12
84057,16,2,3,10,8,3,0,1,1,0,2,36,2,2,0.0,0.0,0.0,0.0,0.0,2.0,14,6,6
96493,15,2,3,0,6,3,0,1,1,1,2,36,2,2,0.0,0.0,0.0,0.0,0.0,2.0,9,2,7
79293,16,2,3,17,8,3,0,1,0,1,2,18,2,3,1.0,0.0,0.0,1.0,0.0,3.0,10,6,6
91154,16,2,3,17,6,3,0,1,1,1,1,19,2,2,0.0,0.0,0.0,0.0,0.0,2.0,13,4,7
22129,15,2,3,0,2,3,0,5,1,1,1,19,2,2,0.0,0.0,0.0,0.0,0.0,3.0,16,6,2
108507,15,7,1,10,2,3,6,1,1,1,0,19,2,2,0.0,0.0,0.0,0.0,0.0,2.0,22,2,8
116545,16,2,3,0,6,3,0,1,0,1,2,18,2,3,1.0,0.0,0.0,1.0,0.0,3.0,15,5,8
108744,15,2,3,10,8,3,0,1,1,1,2,36,3,2,0.0,0.0,0.0,0.0,0.0,3.0,14,5,8
171460,16,2,3,9,3,3,0,1,0,1,0,18,2,4,1.0,0.0,0.0,0.0,1.0,2.0,10,3,11
39858,16,2,1,10,2,3,0,5,1,1,2,19,2,2,0.0,0.0,0.0,0.0,0.0,2.0,19,3,3
82347,16,2,1,7,6,3,0,5,0,1,2,24,3,2,0.0,0.0,0.0,0.0,0.0,1.0,3,1,6
155634,16,2,1,0,6,3,0,1,0,1,2,6,3,2,0.0,0.0,0.0,0.0,0.0,3.0,18,5,10
104441,16,2,1,0,6,3,0,1,0,1,2,18,2,3,2.0,0.0,0.0,2.0,0.0,2.0,0,3,8
168031,16,2,1,17,2,3,0,1,0,1,2,36,2,2,0.0,0.0,0.0,0.0,0.0,2.0,19,4,11
83131,16,2,3,17,11,3,0,1,1,1,1,24,2,2,0.0,0.0,0.0,0.0,0.0,4.0,16,4,6
109741,16,2,3,17,6,3,0,5,1,1,2,18,2,2,0.0,0.0,0.0,0.0,0.0,2.0,16,1,8
186091,16,10,1,17,2,3,4,1,1,1,2,18,2,2,0.0,0.0,0.0,0.0,0.0,2.0,18,3,12
846,17,2,3,17,8,3,5,5,1,1,2,26,2,2,0.0,0.0,0.0,0.0,0.0,2.0,13,2,1
185410,4,2,1,7,8,3,0,1,0,1,2,36,4,2,0.0,0.0,0.0,0.0,0.0,1.0,0,3,12
58961,15,2,3,2,8,3,0,1,1,1,2,28,1,2,0.0,0.0,0.0,0.0,0.0,1.0,19,2,5
50232,16,2,3,17,6,3,0,1,1,1,1,18,2,2,0.0,0.0,0.0,0.0,0.0,3.0,16,5,4
117715,16,2,3,17,10,3,0,1,1,1,1,24,2,2,0.0,0.0,0.0,0.0,0.0,2.0,10,5,8
116309,15,2,3,17,8,3,0,1,0,1,0,17,2,3,1.0,0.0,0.0,1.0,0.0,3.0,17,7,8
53212,16,2,3,0,6,3,0,1,0,1,2,6,2,2,0.0,0.0,0.0,0.0,0.0,2.0,7,1,4
153557,16,2,3,17,6,3,0,1,1,1,2,21,2,2,0.0,0.0,0.0,0.0,0.0,2.0,10,2,10
137151,16,3,3,10,2,3,0,1,1,1,1,36,2,2,0.0,0.0,0.0,0.0,0.0,3.0,17,1,9
173837,15,2,3,0,2,3,0,5,1,1,2,5,2,2,0.0,0.0,0.0,0.0,0.0,2.0,15,3,12
18508,15,2,3,0,2,3,0,5,0,1,2,5,2,2,0.0,0.0,0.0,0.0,0.0,2.0,11,7,2
153755,16,2,3,10,8,3,0,1,1,1,2,19,2,2,0.0,0.0,0.0,0.0,0.0,3.0,12,6,10
142294,16,2,3,17,8,3,0,1,0,1,2,18,2,2,0.0,0.0,0.0,0.0,0.0,2.0,13,3,10
168719,4,2,0,10,8,3,0,1,1,0,2,36,2,2,0.0,0.0,0.0,0.0,0.0,2.0,17,7,11
54943,16,2,3,0,6,3,0,1,1,1,2,36,2,2,0.0,0.0,0.0,0.0,0.0,3.0,12,6,4
30458,16,2,1,17,3,3,0,1,0,1,2,18,2,2,0.0,0.0,0.0,0.0,0.0,3.0,17,3,3
15045,4,2,3,0,8,3,0,1,1,1,2,36,2,2,0.0,0.0,0.0,0.0,0.0,2.0,8,4,1
160242,16,2,1,0,15,3,0,1,0,1,2,6,2,2,0.0,0.0,0.0,0.0,0.0,3.0,23,6,11
106783,4,7,3,10,8,3,6,1,0,1,1,19,2,3,2.0,0.0,0.0,2.0,0.0,1.0,9,2,8
43556,4,10,3,15,6,3,6,5,1,1,0,36,2,2,0.0,0.0,0.0,0.0,0.0,2.0,17,4,4
94360,16,2,4,0,6,3,0,1,0,1,2,3,4,2,0.0,0.0,0.0,0.0,0.0,6.0,20,4,7
102362,16,2,3,17,11,3,0,1,1,1,1,36,2,2,0.0,0.0,0.0,0.0,0.0,3.0,9,6,7
162849,15,2,1,17,8,3,0,1,0,1,2,5,2,3,2.0,0.0,0.0,2.0,0.0,2.0,21,1,11
30643,16,2,3,0,8,3,0,1,0,1,2,18,3,2,0.0,0.0,0.0,0.0,0.0,3.0,7,4,3
50282,15,2,3,0,2,3,0,5,1,1,0,36,2,2,0.0,0.0,0.0,0.0,0.0,2.0,13,4,4
52934,16,2,3,10,8,3,0,1,1,1,2,19,2,2,0.0,0.0,0.0,0.0,0.0,4.0,7,4,4
120692,15,2,1,10,8,3,0,1,1,1,1,26,2,2,0.0,0.0,0.0,0.0,0.0,2.0,23,1,9
28898,16,2,3,0,8,3,0,1,1,1,2,18,2,2,0.0,0.0,0.0,0.0,0.0,2.0,7,2,3
103176,16,2,1,17,6,3,0,1,0,1,2,6,2,2,0.0,0.0,0.0,0.0,0.0,3.0,22,6,7
129511,4,2,1,17,8,3,0,1,1,1,2,24,2,2,0.0,0.0,0.0,0.0,0.0,2.0,20,7,9
87914,15,2,3,17,8,3,0,1,1,1,2,18,2,2,0.0,0.0,0.0,0.0,0.0,2.0,16,2,7
104715,4,2,3,8,8,3,0,1,0,0,2,18,2,3,1.0,0.0,0.0,1.0,0.0,1.0,9,6,8
143774,16,2,1,10,6,3,0,1,1,1,2,19,2,2,0.0,0.0,0.0,0.0,0.0,3.0,4,3,10
72351,16,2,1,10,8,3,0,1,0,1,2,19,2,4,1.0,0.0,0.0,0.0,1.0,1.0,22,6,6
63698,4,2,3,17,8,3,0,5,0,1,2,28,2,3,1.0,0.0,0.0,1.0,0.0,1.0,12,4,5
88861,4,2,3,17,2,3,0,1,0,0,2,17,2,3,1.0,0.0,0.0,1.0,0.0,3.0,15,3,7
19074,16,2,3,17,6,3,0,1,0,1,1,18,2,4,1.0,0.0,0.0,0.0,1.0,4.0,10,4,2
62261,15,2,3,0,18,3,0,1,0,1,2,18,2,2,0.0,0.0,0.0,0.0,0.0,2.0,16,4,5
174000,16,2,4,15,8,3,0,1,1,1,2,24,2,2,0.0,0.0,0.0,0.0,0.0,2.0,8,6,12