crash_date,               traffic_control_device,weather_condition,lighting_condition,first_crash_type,trafficway_type,alignment,roadway_surface_cond,road_defect,crash_type,intersection_related_i,damage,prim_contributory_cause,num_units,most_severe_injury,injuries_total,injuries_fatal,injuries_incapacitating,injuries_non_incapacitating,injuries_reported_not_evident,injuries_no_indication,crash_hour,crash_day_of_week,crash_month
17455,16,7,3,17,8,3,6,5,1,1,2,18,3,2,0.0,0.0,0.0,0.0,0.0,2.0,9,4,2
11248,4,2,1,9,8,3,6,1,0,1,2,36,2,3,1.0,0.0,0.0,1.0,0.0,1.0,20,7,1
67733,16,2,3,15,8,3,0,1,1,1,0,36,2,2,0.0,0.0,0.0,0.0,0.0,3.0,16,6,5
130442,15,2,3,0,18,3,5,5,1,1,1,36,2,2,0.0,0.0,0.0,0.0,0.0,3.0,14,1,9
111089,16,2,3,15,6,3,0,1,1,1,2,18,2,2,0.0,0.0,0.0,0.0,0.0,2.0,16,6,8
8063,16,2,1,0,8,3,2,1,0,1,2,6,2,1,3.0,0.0,3.0,0.0,0.0,0.0,23,5,1
150578,4,2,3,17,2,3,0,1,0,1,2,18,2,2,0.0,0.0,0.0,0.0,0.0,2.0,10,4,10
175544,4,2,1,0,11,4,0,1,0,1,2,18,2,4,2.0,0.0,0.0,0.0,2.0,1.0,16,6,12
53341,15,2,1,0,6,3,0,1,0,1,2,5,2,2,0.0,0.0,0.0,0.0,0.0,3.0,20,3,4
81554,16,2,3,8,1,3,0,1,0,0,1,6,2,1,1.0,0.0,1.0,0.0,0.0,1.0,17,3,6
28199,4,2,1,10,2,3,0,5,1,1,2,36,2,2,0.0,0.0,0.0,0.0,0.0,2.0,18,5,2
5068,17,2,4,17,8,3,0,5,1,1,2,26,2,2,0.0,0.0,0.0,0.0,0.0,2.0,23,6,1
31793,16,2,1,17,6,3,0,1,1,1,2,36,2,2,0.0,0.0,0.0,0.0,0.0,2.0,21,4,3
45511,4,2,3,0,8,3,0,1,1,1,2,12,2,2,0.0,0.0,0.0,0.0,0.0,3.0,12,2,4
168186,16,2,1,2,8,0,1,6,0,1,2,36,1,2,0.0,0.0,0.0,0.0,0.0,1.0,7,5,11
141671,16,2,3,9,8,3,0,1,0,1,0,36,2,4,1.0,0.0,0.0,0.0,1.0,1.0,10,7,10
75135,16,2,3,17,2,3,0,1,0,1,2,36,2,3,2.0,0.0,0.0,2.0,0.0,1.0,19,6,6
176706,16,2,0,17,15,3,0,1,1,1,0,36,2,2,0.0,0.0,0.0,0.0,0.0,2.0,20,2,12
143688,16,7,3,0,8,3,6,1,1,1,2,6,2,2,0.0,0.0,0.0,0.0,0.0,4.0,13,2,10
37492,16,2,3,0,6,3,0,1,0,1,2,6,2,4,1.0,0.0,0.0,0.0,1.0,1.0,10,2,3
120360,16,2,3,17,6,3,0,5,1,1,2,36,2,2,0.0,0.0,0.0,0.0,0.0,2.0,16,5,8
81326,16,2,3,17,6,3,0,1,0,1,2,36,2,2,0.0,0.0,0.0,0.0,0.0,3.0,12,7,6
51053,16,2,3,15,6,3,0,6,1,1,2,23,2,2,0.0,0.0,0.0,0.0,0.0,2.0,9,4,4
75048,16,2,3,10,8,3,0,1,1,1,2,19,2,2,0.0,0.0,0.0,0.0,0.0,2.0,18,5,6
24157,16,2,1,0,2,3,0,1,1,1,2,6,2,2,0.0,0.0,0.0,0.0,0.0,2.0,20,5,2
33721,16,2,0,0,6,3,0,1,0,1,2,18,2,2,0.0,0.0,0.0,0.0,0.0,8.0,21,1,3
101791,15,2,3,15,2,3,0,1,0,1,2,30,2,1,2.0,0.0,1.0,0.0,1.0,0.0,8,7,7
142380,16,2,3,17,8,3,0,1,1,1,1,24,2,2,0.0,0.0,0.0,0.0,0.0,3.0,17,4,10
130756,16,2,4,10,8,3,0,1,1,1,1,23,2,2,0.0,0.0,0.0,0.0,0.0,2.0,17,4,9
124670,15,2,3,10,8,3,0,1,1,1,1,8,2,2,0.0,0.0,0.0,0.0,0.0,2.0,17,4,9
79566,16,2,3,17,2,3,0,1,0,1,2,6,2,2,0.0,0.0,0.0,0.0,0.0,2.0,5,2,6
102710,4,2,3,17,10,3,0,1,1,1,2,17,2,2,0.0,0.0,0.0,0.0,0.0,2.0,18,6,7
123999,16,2,3,17,6,3,0,1,1,1,1,19,2,2,0.0,0.0,0.0,0.0,0.0,2.0,7,7,9
98672,17,11,5,0,8,3,5,5,1,0,1,12,2,2,0.0,0.0,0.0,0.0,0.0,2.0,17,1,7
48526,6,2,1,0,8,3,0,1,0,1,2,36,2,2,0.0,0.0,0.0,0.0,0.0,2.0,0,1,4
21249,4,3,3,17,3,3,0,1,0,1,2,24,2,2,0.0,0.0,0.0,0.0,0.0,2.0,11,5,2
121645,3,2,1,10,8,3,5,5,1,1,2,36,2,2,0.0,0.0,0.0,0.0,0.0,2.0,20,7,9
112916,15,2,1,0,6,3,0,5,0,1,1,18,2,4,1.0,0.0,0.0,0.0,1.0,1.0,20,5,8
171921,15,2,1,2,18,3,0,1,0,1,2,36,1,2,0.0,0.0,0.0,0.0,0.0,1.0,20,3,11
99870,16,2,3,17,8,3,0,1,1,1,2,24,2,2,0.0,0.0,0.0,0.0,0.0,3.0,8,4,7
129305,16,2,1,0,6,3,0,1,0,1,2,6,2,4,1.0,0.0,0.0,0.0,1.0,2.0,19,6,9
174650,16,7,3,9,8,3,6,1,0,1,2,18,2,4,1.0,0.0,0.0,0.0,1.0,1.0,9,1,12
30158,15,2,3,0,10,3,0,1,1,1,2,18,2,2,0.0,0.0,0.0,0.0,0.0,3.0,15,3,3
133052,16,3,3,0,2,3,0,5,0,1,2,6,2,3,5.0,0.0,0.0,5.0,0.0,1.0,17,7,9
174619,16,2,1,2,3,3,0,1,0,1,2,36,2,3,1.0,0.0,0.0,1.0,0.0,0.0,3,1,12
136948,4,2,3,9,8,3,0,1,0,1,2,39,2,1,1.0,0.0,1.0,0.0,0.0,1.0,7,6,9
145060,16,2,1,13,15,3,0,1,0,1,2,36,2,3,1.0,0.0,0.0,1.0,0.0,1.0,3,6,10
75353,15,2,3,17,8,3,0,1,1,1,2,22,2,2,0.0,0.0,0.0,0.0,0.0,2.0,13,4,6
172493,15,7,3,17,15,3,6,1,0,1,2,18,2,3,1.0,0.0,0.0,1.0,0.0,2.0,12,4,12
12222,4,2,3,10,2,3,4,1,1,1,2,36,2,2,0.0,0.0,0.0,0.0,0.0,2.0,8,3,1
145898,16,2,3,2,8,3,0,1,1,1,2,24,1,2,0.0,0.0,0.0,0.0,0.0,1.0,9,2,10
97978,17,2,3,8,15,3,0,1,1,1,1,36,2,2,0.0,0.0,0.0,0.0,0.0,2.0,17,4,7
138698,4,2,3,15,8,3,5,5,1,1,0,19,2,2,0.0,0.0,0.0,0.0,0.0,4.0,7,4,10
156943,16,2,3,9,8,3,0,1,1,1,2,18,2,2,0.0,0.0,0.0,0.0,0.0,2.0,7,6,11
153084,16,2,3,17,8,3,0,1,1,1,1,24,2,2,0.0,0.0,0.0,0.0,0.0,3.0,17,4,10
174925,16,2,1,17,11,3,0,1,0,1,2,20,2,4,1.0,0.0,0.0,0.0,1.0,1.0,20,3,12
91094,16,2,3,15,3,3,0,5,1,1,2,17,3,2,0.0,0.0,0.0,0.0,0.0,5.0,14,3,7
63324,15,2,4,10,2,3,5,5,1,1,2,19,2,2,0.0,0.0,0.0,0.0,0.0,2.0,20,6,5
57596,4,2,3,17,8,3,0,1,0,1,2,24,2,2,0.0,0.0,0.0,0.0,0.0,3.0,16,7,5
6299,4,2,3,17,15,3,0,5,1,1,0,36,2,2,0.0,0.0,0.0,0.0,0.0,7.0,14,6,1
152236,15,2,1,9,8,3,0,1,0,1,0,36,2,3,1.0,0.0,0.0,1.0,0.0,1.0,18,5,10
114561,17,2,3,10,2,3,0,5,1,1,2,36,2,2,0.0,0.0,0.0,0.0,0.0,3.0,16,1,8
116728,16,2,3,10,2,3,0,1,1,1,2,19,2,2,0.0,0.0,0.0,0.0,0.0,2.0,9,6,8
133272,4,2,3,17,8,3,0,1,0,1,2,18,2,2,0.0,0.0,0.0,0.0,0.0,2.0,17,4,9
94948,16,7,1,17,3,3,6,5,0,1,2,36,2,2,0.0,0.0,0.0,0.0,0.0,4.0,1,1,7
10879,4,10,3,0,6,3,6,1,0,1,2,36,2,3,1.0,0.0,0.0,1.0,0.0,4.0,13,1,1
161196,15,11,5,15,6,3,5,5,1,1,2,36,2,2,0.0,0.0,0.0,0.0,0.0,2.0,9,5,11
178296,15,2,3,17,3,3,0,1,1,1,1,36,2,2,0.0,0.0,0.0,0.0,0.0,3.0,13,3,12
79865,16,2,3,17,6,3,0,1,0,1,2,19,2,3,1.0,0.0,0.0,1.0,0.0,1.0,11,7,6
46048,17,2,3,15,3,3,0,5,1,1,2,36,2,2,0.0,0.0,0.0,0.0,0.0,3.0,18,6,4
125001,16,2,1,0,8,3,0,4,0,1,2,6,2,3,2.0,0.0,0.0,2.0,0.0,1.0,22,7,9
63396,16,7,5,0,6,3,6,1,0,1,2,5,2,2,0.0,0.0,0.0,0.0,0.0,2.0,11,7,5
160279,15,2,3,0,2,3,0,1,1,1,2,18,2,2,0.0,0.0,0.0,0.0,0.0,2.0,12,4,11
47538,15,11,3,0,8,3,5,1,0,1,2,18,2,3,2.0,0.0,0.0,2.0,0.0,1.0,17,6,4
140631,15,2,1,10,8,3,0,1,0,1,2,17,2,2,0.0,0.0,0.0,0.0,0.0,2.0,5,1,10
95455,17,11,5,17,8,3,5,5,1,1,2,36,2,2,0.0,0.0,0.0,0.0,0.0,2.0,14,2,7
46950,15,2,1,17,8,3,0,1,1,1,2,12,2,2,0.0,0.0,0.0,0.0,0.0,3.0,20,2,4
186535,16,2,1,17,2,3,0,1,0,1,2,24,2,3,1.0,0.0,0.0,1.0,0.0,5.0,22,4,12
226,16,2,1,17,6,3,6,1,0,1,2,24,3,1,1.0,0.0,1.0,0.0,0.0,5.0,0,4,1
103815,4,2,3,8,8,3,0,1,1,1,2,36,2,2,0.0,0.0,0.0,0.0,0.0,2.0,14,2,7
7974,16,2,0,0,15,3,4,5,1,1,2,18,2,2,0.0,0.0,0.0,0.0,0.0,2.0,17,3,1
126554,16,2,3,0,6,3,0,1,0,1,2,18,2,1,1.0,0.0,1.0,0.0,0.0,2.0,18,4,9
42635,16,2,1,10,6,3,0,1,1,1,2,18,2,2,0.0,0.0,0.0,0.0,0.0,6.0,22,7,4
128107,16,2,3,17,8,3,0,1,0,1,2,18,2,3,2.0,0.0,0.0,1.0,1.0,0.0,14,4,9
180264,15,2,3,0,3,3,6,1,0,1,2,16,2,2,0.0,0.0,0.0,0.0,0.0,2.0,6,7,12
149156,16,2,3,10,2,3,0,1,1,1,2,19,3,2,0.0,0.0,0.0,0.0,0.0,3.0,14,6,10
132219,16,2,3,17,6,4,0,1,0,1,2,26,2,2,0.0,0.0,0.0,0.0,0.0,9.0,14,4,9
159140,4,2,1,17,10,3,0,1,0,1,2,17,4,2,0.0,0.0,0.0,0.0,0.0,4.0,20,4,11
26843,16,10,3,15,10,3,6,1,1,1,1,22,2,2,0.0,0.0,0.0,0.0,0.0,3.0,13,4,2
80155,16,2,3,17,10,3,0,1,1,1,1,36,2,2,0.0,0.0,0.0,0.0,0.0,2.0,8,4,6
177071,4,2,1,0,2,3,0,1,1,1,2,36,2,2,0.0,0.0,0.0,0.0,0.0,2.0,19,2,12
93370,16,2,3,0,6,3,0,1,1,1,2,18,2,2,0.0,0.0,0.0,0.0,0.0,3.0,10,3,7
188558,16,2,3,17,3,3,5,5,1,1,1,24,2,2,0.0,0.0,0.0,0.0,0.0,2.0,16,7,12
33592,4,2,1,17,2,3,0,1,1,1,2,18,2,2,0.0,0.0,0.0,0.0,0.0,2.0,18,6,3
104010,4,11,5,7,0,3,5,1,1,1,1,36,2,2,0.0,0.0,0.0,0.0,0.0,1.0,15,4,8
49711,4,2,3,17,8,3,0,1,0,1,2,18,2,2,0.0,0.0,0.0,0.0,0.0,2.0,15,2,4
123699,15,2,1,9,2,3,0,1,1,1,0,23,3,2,0.0,0.0,0.0,0.0,0.0,3.0,19,4,9
124682,16,2,3,8,2,3,0,1,0,1,0,18,2,4,1.0,0.0,0.0,0.0,1.0,1.0,7,4,9
109151,16,2,1,15,6,3,0,5,1,1,0,36,2,2,0.0,0.0,0.0,0.0,0.0,2.0,20,5,8
67108,16,2,3,0,8,3,0,1,1,1,0,18,2,2,0.0,0.0,0.0,0.0,0.0,4.0,12,3,5
59846,16,2,3,17,2,3,0,1,0,1,2,18,2,3,3.0,0.0,0.0,3.0,0.0,2.0,12,1,5
47112,16,2,3,9,11,3,0,1,1,1,2,26,2,2,0.0,0.0,0.0,0.0,0.0,2.0,14,4,4
25235,4,2,1,17,2,3,0,1,1,1,2,24,2,2,0.0,0.0,0.0,0.0,0.0,2.0,21,3,2
92422,16,2,3,15,2,3,0,1,1,1,0,23,2,2,0.0,0.0,0.0,0.0,0.0,3.0,13,2,7
47208,16,2,3,15,2,3,0,1,1,1,2,26,2,2,0.0,0.0,0.0,0.0,0.0,5.0,14,6,4
166880,16,7,1,3,8,3,6,1,0,1,2,39,3,3,1.0,0.0,0.0,1.0,0.0,4.0,18,2,11
140457,16,7,3,3,8,3,6,1,0,1,1,17,2,2,0.0,0.0,0.0,0.0,0.0,2.0,10,5,10
53633,16,2,1,17,8,3,0,1,1,1,2,36,4,2,0.0,0.0,0.0,0.0,0.0,4.0,20,6,4
72714,15,2,3,0,2,3,0,1,1,1,2,18,2,2,0.0,0.0,0.0,0.0,0.0,2.0,7,6,6
94305,16,7,1,15,8,3,6,1,1,1,2,18,2,2,0.0,0.0,0.0,0.0,0.0,2.0,21,3,7
103897,16,2,3,10,6,3,0,1,1,1,2,19,2,2,0.0,0.0,0.0,0.0,0.0,2.0,7,4,7
94397,16,2,3,0,6,3,0,1,0,1,2,6,2,2,0.0,0.0,0.0,0.0,0.0,3.0,15,5,7
168499,16,2,3,15,8,3,0,1,1,1,2,23,2,2,0.0,0.0,0.0,0.0,0.0,3.0,11,4,11
57730,16,2,3,17,6,3,0,1,1,1,2,23,2,2,0.0,0.0,0.0,0.0,0.0,2.0,14,4,5
31465,16,2,3,10,2,3,0,5,0,1,0,19,2,4,1.0,0.0,0.0,0.0,1.0,1.0,15,5,3
131271,4,2,3,10,8,3,0,1,1,0,1,36,2,2,0.0,0.0,0.0,0.0,0.0,4.0,14,4,9
181712,16,2,1,17,3,3,0,1,0,1,2,24,2,2,0.0,0.0,0.0,0.0,0.0,2.0,23,7,12
63541,4,2,3,10,8,3,0,5,1,1,2,19,2,2,0.0,0.0,0.0,0.0,0.0,2.0,16,4,5
48351,4,11,5,17,8,3,5,5,1,1,2,21,2,2,0.0,0.0,0.0,0.0,0.0,2.0,9,5,4
163049,16,2,3,17,2,3,0,1,1,0,1,24,2,2,0.0,0.0,0.0,0.0,0.0,2.0,15,3,11
7229,4,2,3,11,8,3,0,1,1,1,2,36,2,2,0.0,0.0,0.0,0.0,0.0,2.0,9,4,1
14782,16,2,3,17,2,3,0,1,1,1,2,18,2,2,0.0,0.0,0.0,0.0,0.0,2.0,16,6,1
86597,16,2,3,15,8,3,0,3,1,1,1,22,2,2,0.0,0.0,0.0,0.0,0.0,2.0,16,4,6
184362,16,2,1,0,8,3,0,1,0,1,2,8,2,1,2.0,0.0,1.0,0.0,1.0,0.0,19,1,12
38820,16,2,1,0,6,3,0,5,1,1,2,18,2,2,0.0,0.0,0.0,0.0,0.0,2.0,2,7,3
173791,16,2,4,15,2,3,0,5,1,1,2,36,2,2,0.0,0.0,0.0,0.0,0.0,2.0,17,2,12
173942,15,2,1,0,15,3,0,1,0,1,2,18,2,2,0.0,0.0,0.0,0.0,0.0,2.0,20,4,12
20512,16,2,3,17,8,3,0,5,1,1,2,36,2,2,0.0,0.0,0.0,0.0,0.0,2.0,15,2,2
39567,16,7,3,17,15,3,6,1,1,1,2,36,2,2,0.0,0.0,0.0,0.0,0.0,3.0,7,6,3
88419,16,2,3,17,6,3,0,1,1,1,2,24,2,2,0.0,0.0,0.0,0.0,0.0,2.0,8,3,7
53925,16,2,2,17,2,3,0,1,0,1,2,36,2,2,0.0,0.0,0.0,0.0,0.0,2.0,5,6,4
115106,16,2,3,9,8,3,0,1,0,1,0,36,2,3,1.0,0.0,0.0,1.0,0.0,1.0,14,3,8
21355,16,2,1,10,8,3,0,5,1,1,0,19,2,2,0.0,0.0,0.0,0.0,0.0,2.0,23,6,2
169549,16,3,3,17,6,3,0,1,1,1,2,18,2,2,0.0,0.0,0.0,0.0,0.0,2.0,13,2,11
137855,16,2,1,9,6,3,0,1,0,1,0,36,2,3,1.0,0.0,0.0,1.0,0.0,2.0,23,5,10
54719,15,7,3,0,10,3,6,5,1,1,2,18,2,2,0.0,0.0,0.0,0.0,0.0,3.0,14,3,4
140498,16,7,3,17,10,3,6,5,1,1,2,36,2,2,0.0,0.0,0.0,0.0,0.0,4.0,6,6,10
106004,4,2,1,17,8,2,0,1,1,1,2,17,2,2,0.0,0.0,0.0,0.0,0.0,3.0,1,6,8
4215,16,2,1,17,8,3,0,1,0,1,2,23,2,4,1.0,0.0,0.0,0.0,1.0,1.0,18,2,1
121956,15,2,1,0,6,3,0,1,0,1,2,5,2,2,0.0,0.0,0.0,0.0,0.0,3.0,21,6,9
163649,16,7,3,8,2,3,6,1,0,1,2,16,2,3,1.0,0.0,0.0,1.0,0.0,1.0,8,4,11
25990,4,10,3,7,2,3,6,5,0,0,2,36,3,2,0.0,0.0,0.0,0.0,0.0,1.0,5,5,2
103794,16,2,3,10,2,3,0,1,1,1,1,19,2,2,0.0,0.0,0.0,0.0,0.0,3.0,11,1,7
61226,16,2,1,9,2,3,0,1,0,1,0,17,2,1,1.0,0.0,1.0,0.0,0.0,1.0,23,7,5
54007,18,2,1,10,3,3,0,1,0,1,2,17,2,2,0.0,0.0,0.0,0.0,0.0,2.0,21,5,4
68260,4,2,3,13,6,3,0,5,1,1,2,36,2,2,0.0,0.0,0.0,0.0,0.0,2.0,13,7,5
65279,15,3,3,17,15,3,6,1,0,1,2,28,3,2,0.0,0.0,0.0,0.0,0.0,3.0,9,3,5
83912,15,2,1,0,6,3,0,1,0,1,2,17,2,2,0.0,0.0,0.0,0.0,0.0,2.0,22,3,6
21239,4,2,0,5,17,3,0,1,1,0,2,26,1,2,0.0,0.0,0.0,0.0,0.0,1.0,22,5,2
185142,16,2,3,17,17,3,0,5,1,1,2,36,2,2,0.0,0.0,0.0,0.0,0.0,3.0,13,2,12
163094,16,2,3,15,3,3,0,1,1,1,0,23,2,2,0.0,0.0,0.0,0.0,0.0,2.0,11,3,11
27336,15,10,1,7,10,3,4,5,0,1,2,13,2,2,0.0,0.0,0.0,0.0,0.0,1.0,4,5,2
67226,4,2,3,17,8,3,0,1,1,1,2,18,2,2,0.0,0.0,0.0,0.0,0.0,2.0,7,5,5
169723,16,10,3,14,8,3,4,1,0,1,2,39,3,4,2.0,0.0,0.0,0.0,2.0,1.0,9,2,11
116624,16,2,3,15,15,3,0,1,1,1,2,35,2,2,0.0,0.0,0.0,0.0,0.0,2.0,16,7,8
96152,15,2,3,0,2,3,0,1,1,1,2,18,2,2,0.0,0.0,0.0,0.0,0.0,2.0,12,3,7
161427,4,2,3,2,10,3,0,1,0,1,2,9,1,3,2.0,0.0,0.0,1.0,1.0,0.0,14,1,11
159999,16,2,1,17,6,3,0,1,1,1,2,24,2,2,0.0,0.0,0.0,0.0,0.0,6.0,4,2,11
179622,16,2,4,8,8,3,0,1,0,1,0,36,2,3,1.0,0.0,0.0,1.0,0.0,2.0,19,6,12
19046,4,7,1,17,8,3,6,1,0,1,2,18,2,2,0.0,0.0,0.0,0.0,0.0,2.0,18,4,2
97508,15,2,3,0,6,3,0,1,0,1,2,12,2,2,0.0,0.0,0.0,0.0,0.0,2.0,14,4,7
171652,16,2,3,8,2,3,0,1,0,1,0,18,2,3,1.0,0.0,0.0,1.0,0.0,1.0,8,5,11
43211,16,7,3,9,8,3,6,1,0,1,0,18,2,4,1.0,0.0,0.0,0.0,1.0,1.0,16,3,4
39696,15,2,3,0,6,3,0,1,0,1,2,18,2,1,4.0,0.0,1.0,1.0,2.0,0.0,17,2,3
188001,16,7,5,10,2,3,5,5,1,1,2,19,2,2,0.0,0.0,0.0,0.0,0.0,2.0,15,1,12
115458,4,2,1,15,2,3,0,1,1,1,1,23,2,2,0.0,0.0,0.0,0.0,0.0,2.0,22,2,8
113768,15,2,3,0,6,3,0,5,0,1,2,18,2,2,0.0,0.0,0.0,0.0,0.0,4.0,13,5,8
44300,16,2,3,0,8,3,0,1,1,1,2,3,2,2,0.0,0.0,0.0,0.0,0.0,2.0,7,2,4
146512,15,2,3,0,8,3,0,1,1,1,1,36,2,2,0.0,0.0,0.0,0.0,0.0,2.0,11,3,10
101688,15,2,3,0,9,3,0,5,1,1,0,18,2,2,0.0,0.0,0.0,0.0,0.0,2.0,15,5,7
97976,16,2,3,10,8,3,0,1,0,1,2,36,2,3,2.0,0.0,0.0,2.0,0.0,1.0,4,4,7
178291,1,11,1,10,8,3,5,5,1,1,1,26,2,2,0.0,0.0,0.0,0.0,0.0,2.0,21,2,12
39406,16,2,3,17,8,3,0,1,0,1,2,18,2,3,1.0,0.0,0.0,1.0,0.0,1.0,12,1,3
463,4,2,0,0,6,3,0,1,1,1,2,36,2,2,0.0,0.0,0.0,0.0,0.0,2.0,2,4,1
187764,17,10,1,2,8,3,4,5,0,1,2,39,1,2,0.0,0.0,0.0,0.0,0.0,1.0,16,3,12
167231,15,2,3,17,8,3,0,1,1,1,1,18,2,2,0.0,0.0,0.0,0.0,0.0,2.0,8,5,11
8690,15,2,1,0,2,3,0,1,0,1,2,5,2,4,2.0,0.0,0.0,0.0,2.0,1.0,19,5,1
167895,15,2,1,0,5,3,0,1,1,1,2,5,2,2,0.0,0.0,0.0,0.0,0.0,3.0,17,2,11
154256,16,2,1,17,2,3,0,1,0,1,2,24,2,2,0.0,0.0,0.0,0.0,0.0,2.0,2,7,10
17418,16,10,1,10,8,3,4,1,1,1,2,36,2,2,0.0,0.0,0.0,0.0,0.0,3.0,23,3,2
41359,4,2,3,15,3,3,0,1,1,0,1,36,2,2,0.0,0.0,0.0,0.0,0.0,2.0,12,6,3
186351,16,2,3,10,6,3,0,1,1,1,2,19,2,2,0.0,0.0,0.0,0.0,0.0,2.0,13,3,12
58060,15,2,3,0,2,3,0,1,1,1,2,5,2,2,0.0,0.0,0.0,0.0,0.0,2.0,14,1,5
21495,4,2,3,17,8,3,0,1,0,1,2,18,2,4,1.0,0.0,0.0,0.0,1.0,1.0,16,3,2
147470,16,2,3,17,3,3,0,1,0,1,2,6,2,4,2.0,0.0,0.0,0.0,2.0,1.0,15,4,10
89242,16,2,3,17,8,3,0,1,0,1,2,18,2,4,2.0,0.0,0.0,0.0,2.0,3.0,18,2,7
90518,3,2,3,10,3,2,0,1,1,1,2,17,2,2,0.0,0.0,0.0,0.0,0.0,2.0,12,6,7
20688,4,11,0,0,8,3,0,1,0,0,2,36,2,4,1.0,0.0,0.0,0.0,1.0,1.0,17,4,2
135531,16,2,1,2,10,3,0,1,0,1,1,22,1,3,1.0,0.0,0.0,1.0,0.0,1.0,9,6,9
76088,16,2,1,0,1,3,0,1,0,1,2,6,2,3,2.0,0.0,0.0,2.0,0.0,5.0,3,7,6
36028,4,7,3,3,8,3,6,1,0,1,2,36,2,2,0.0,0.0,0.0,0.0,0.0,2.0,18,4,3
39881,16,2,3,17,1,3,0,1,0,1,2,24,2,2,0.0,0.0,0.0,0.0,0.0,2.0,10,3,3
28337,16,7,3,17,3,3,6,1,1,1,0,23,2,2,0.0,0.0,0.0,0.0,0.0,2.0,8,5,3
118821,15,7,3,0,8,3,6,1,1,1,1,18,2,2,0.0,0.0,0.0,0.0,0.0,3.0,15,2,8
133881,15,2,3,0,8,3,0,1,1,1,1,18,2,2,0.0,0.0,0.0,0.0,0.0,2.0,16,6,9
141141,16,7,1,15,10,3,6,1,1,1,0,36,2,2,0.0,0.0,0.0,0.0,0.0,2.0,4,1,10
151338,4,2,3,17,2,3,0,1,1,1,2,24,2,2,0.0,0.0,0.0,0.0,0.0,3.0,16,2,10
108463,15,2,1,17,8,3,0,1,0,1,2,18,2,4,1.0,0.0,0.0,0.0,1.0,2.0,0,1,8
149700,17,11,5,17,9,3,5,5,1,1,1,36,2,2,0.0,0.0,0.0,0.0,0.0,2.0,9,2,10
17877,16,6,0,17,3,3,6,1,1,1,2,17,2,2,0.0,0.0,0.0,0.0,0.0,3.0,20,4,2
181462,16,2,1,15,11,3,0,1,1,1,2,22,2,2,0.0,0.0,0.0,0.0,0.0,3.0,17,3,12
134020,16,2,3,0,6,3,0,1,0,1,2,6,2,2,0.0,0.0,0.0,0.0,0.0,2.0,16,1,9
143873,17,11,5,17,6,3,5,5,1,1,2,36,2,2,0.0,0.0,0.0,0.0,0.0,2.0,17,4,10
105857,16,2,3,17,6,3,0,1,0,1,2,18,2,1,1.0,0.0,1.0,0.0,0.0,1.0,9,3,8
15636,15,2,2,0,8,3,0,1,1,1,1,36,2,2,0.0,0.0,0.0,0.0,0.0,3.0,6,6,2
188682,4,2,1,5,8,3,6,3,1,1,2,36,1,2,0.0,0.0,0.0,0.0,0.0,1.0,19,2,12
103003,16,2,3,15,2,3,0,1,0,1,1,36,2,3,1.0,0.0,0.0,1.0,0.0,1.0,18,3,7
87552,16,3,3,0,15,3,0,1,0,1,2,6,2,2,0.0,0.0,0.0,0.0,0.0,2.0,8,4,6
113834,16,2,3,15,6,3,0,1,1,1,2,18,2,2,0.0,0.0,0.0,0.0,0.0,4.0,15,6,8
4305,15,2,3,0,6,3,5,5,1,1,2,18,2,2,0.0,0.0,0.0,0.0,0.0,2.0,14,5,1
31907,16,2,3,17,8,3,0,1,1,1,2,18,2,2,0.0,0.0,0.0,0.0,0.0,2.0,15,4,3
126306,16,2,3,17,8,3,0,1,1,1,2,18,2,2,0.0,0.0,0.0,0.0,0.0,3.0,13,7,9
62189,4,2,3,10,8,3,0,5,1,1,1,19,2,2,0.0,0.0,0.0,0.0,0.0,2.0,15,2,5
134625,17,11,5,15,6,3,5,5,1,1,2,36,2,2,0.0,0.0,0.0,0.0,0.0,2.0,13,2,9
101262,4,2,3,0,8,3,0,1,1,1,1,36,2,2,0.0,0.0,0.0,0.0,0.0,2.0,15,5,7
137766,16,2,3,17,10,3,0,1,1,1,0,26,2,2,0.0,0.0,0.0,0.0,0.0,2.0,17,3,10
95442,16,2,3,10,6,3,0,1,0,1,2,8,2,3,2.0,0.0,0.0,2.0,0.0,0.0,12,7,7
22922,4,2,3,10,8,3,6,1,1,1,0,36,2,2,0.0,0.0,0.0,0.0,0.0,2.0,8,6,2
179294,15,2,3,17,8,3,0,1,1,1,2,36,2,2,0.0,0.0,0.0,0.0,0.0,2.0,13,4,12
143496,16,2,3,15,8,3,0,5,1,1,1,8,2,2,0.0,0.0,0.0,0.0,0.0,3.0,7,5,10
47151,16,2,3,0,10,3,0,1,1,1,2,6,2,2,0.0,0.0,0.0,0.0,0.0,2.0,17,5,4
9165,15,7,1,2,2,3,6,1,0,1,1,12,2,2,0.0,0.0,0.0,0.0,0.0,2.0,23,5,1
23140,15,10,3,0,8,3,4,1,1,1,2,5,2,2,0.0,0.0,0.0,0.0,0.0,2.0,14,2,2
32668,16,2,3,10,3,3,0,1,0,1,0,36,3,4,1.0,0.0,0.0,0.0,1.0,2.0,12,3,3
43128,4,3,1,0,8,3,6,1,1,1,2,18,2,2,0.0,0.0,0.0,0.0,0.0,2.0,21,3,4
29503,16,2,3,10,8,3,0,1,1,1,2,17,3,2,0.0,0.0,0.0,0.0,0.0,3.0,8,6,3
26351,16,3,0,17,6,3,4,1,1,1,2,36,2,2,0.0,0.0,0.0,0.0,0.0,2.0,18,3,2