crash_date,               traffic_control_device,weather_condition,lighting_condition,first_crash_type,trafficway_type,alignment,roadway_surface_cond,road_defect,crash_type,intersection_related_i,damage,prim_contributory_cause,num_units,most_severe_injury,injuries_total,injuries_fatal,injuries_incapacitating,injuries_non_incapacitating,injuries_reported_not_evident,injuries_no_indication,crash_hour,crash_day_of_week,crash_month
36230,15,2,1,17,15,3,0,1,1,1,1,18,2,2,0.0,0.0,0.0,0.0,0.0,2.0,21,1,3
147310,16,2,2,0,6,3,0,1,0,1,2,17,2,3,2.0,0.0,0.0,2.0,0.0,1.0,5,3,10
124587,16,7,3,0,6,3,6,5,0,1,2,36,2,4,3.0,0.0,0.0,0.0,3.0,0.0,16,3,9
90250,15,2,3,0,6,3,0,1,0,1,2,18,2,2,0.0,0.0,0.0,0.0,0.0,2.0,16,4,7
159165,16,2,1,17,8,3,0,1,0,1,2,24,2,3,1.0,0.0,0.0,1.0,0.0,2.0,17,7,11
154059,16,2,1,0,8,3,0,1,1,1,1,6,2,2,0.0,0.0,0.0,0.0,0.0,3.0,19,3,10
60980,16,2,3,14,2,3,0,1,0,1,2,36,2,2,0.0,0.0,0.0,0.0,0.0,2.0,14,6,5
76174,15,2,3,0,6,3,0,1,0,1,2,18,3,2,0.0,0.0,0.0,0.0,0.0,3.0,4,1,6
153926,16,11,5,0,2,3,5,5,0,1,2,36,2,2,0.0,0.0,0.0,0.0,0.0,4.0,15,1,10
173208,4,2,3,7,10,3,0,1,1,1,2,12,2,2,0.0,0.0,0.0,0.0,0.0,1.0,11,2,12
140690,16,2,3,17,8,3,0,1,1,1,1,36,2,2,0.0,0.0,0.0,0.0,0.0,2.0,17,3,10
121728,4,2,3,0,10,4,0,1,1,1,2,17,2,2,0.0,0.0,0.0,0.0,0.0,2.0,7,2,9
101273,16,2,3,15,10,3,0,1,1,1,1,22,2,2,0.0,0.0,0.0,0.0,0.0,4.0,17,5,7
146329,16,2,1,17,5,3,0,5,1,1,2,18,2,2,0.0,0.0,0.0,0.0,0.0,2.0,22,3,10
85530,4,2,1,0,2,3,0,5,1,1,2,17,2,2,0.0,0.0,0.0,0.0,0.0,2.0,22,7,6
79265,16,2,3,8,8,3,0,1,0,1,2,18,2,3,1.0,0.0,0.0,1.0,0.0,3.0,18,6,6
98866,4,2,1,14,8,3,0,5,1,1,2,8,2,2,0.0,0.0,0.0,0.0,0.0,2.0,18,2,7
18248,4,2,0,9,2,3,0,1,0,0,0,18,2,3,1.0,0.0,0.0,1.0,0.0,1.0,18,4,2
150703,16,2,1,17,8,3,0,1,0,1,2,36,2,4,1.0,0.0,0.0,0.0,1.0,2.0,18,7,10
128660,16,2,1,0,6,3,0,5,0,1,2,24,2,3,1.0,0.0,0.0,1.0,0.0,2.0,20,4,9
117344,15,7,3,15,8,3,6,1,1,1,2,13,2,2,0.0,0.0,0.0,0.0,0.0,2.0,16,2,8
134140,16,2,3,10,3,3,5,5,1,1,1,19,2,2,0.0,0.0,0.0,0.0,0.0,2.0,19,6,9
109728,16,2,1,0,3,3,0,1,0,1,2,3,2,2,0.0,0.0,0.0,0.0,0.0,2.0,1,1,8
74126,15,2,3,10,2,3,0,1,1,1,0,19,2,2,0.0,0.0,0.0,0.0,0.0,3.0,11,6,6
72764,16,2,3,17,6,3,0,5,0,1,2,28,2,3,2.0,0.0,0.0,2.0,0.0,1.0,15,1,6
121488,16,2,3,17,6,3,0,1,0,1,2,18,3,3,1.0,0.0,0.0,1.0,0.0,4.0,11,6,9
139885,16,2,1,15,2,3,0,1,1,1,0,19,2,2,0.0,0.0,0.0,0.0,0.0,2.0,20,4,10
6180,16,2,3,10,8,3,0,1,1,1,2,19,2,2,0.0,0.0,0.0,0.0,0.0,2.0,12,2,1
76497,16,2,3,13,6,3,0,1,0,1,2,6,2,1,3.0,0.0,2.0,1.0,0.0,3.0,19,1,6
71497,16,2,3,15,8,3,0,5,1,1,1,12,2,2,0.0,0.0,0.0,0.0,0.0,3.0,6,2,5
575,16,2,2,0,3,3,0,1,0,1,1,6,2,2,0.0,0.0,0.0,0.0,0.0,3.0,6,3,1
152937,17,2,3,17,8,3,0,1,1,1,1,36,2,2,0.0,0.0,0.0,0.0,0.0,3.0,13,1,10
33929,16,7,3,2,8,3,6,1,1,1,2,16,1,2,0.0,0.0,0.0,0.0,0.0,1.0,13,4,3
61705,16,2,3,17,15,3,0,1,0,1,2,18,2,3,1.0,0.0,0.0,1.0,0.0,1.0,5,1,5
17497,4,2,0,0,2,3,4,1,1,1,2,18,2,2,0.0,0.0,0.0,0.0,0.0,2.0,18,5,2
103711,4,2,3,0,10,3,0,1,0,1,2,11,2,2,0.0,0.0,0.0,0.0,0.0,2.0,19,7,7
94386,16,2,3,17,3,3,0,5,1,1,2,36,2,2,0.0,0.0,0.0,0.0,0.0,2.0,13,5,7
72342,4,2,3,17,8,3,0,1,0,1,2,18,2,3,1.0,0.0,0.0,1.0,0.0,1.0,8,6,6
131092,15,7,3,0,8,3,6,1,0,1,2,18,2,2,0.0,0.0,0.0,0.0,0.0,3.0,7,3,9
2830,15,10,1,17,8,3,6,5,0,1,2,5,3,2,0.0,0.0,0.0,0.0,0.0,4.0,19,7,1
107587,16,2,1,8,8,3,0,1,1,1,0,36,2,2,0.0,0.0,0.0,0.0,0.0,3.0,0,1,8
90165,16,2,3,17,3,3,0,1,1,1,2,36,2,2,0.0,0.0,0.0,0.0,0.0,2.0,14,3,7
163308,15,7,1,0,14,3,6,1,0,1,2,36,2,2,0.0,0.0,0.0,0.0,0.0,3.0,3,1,11
113373,16,2,3,10,8,3,0,5,1,1,2,36,2,2,0.0,0.0,0.0,0.0,0.0,2.0,8,5,8
159391,15,2,3,0,6,3,0,1,0,1,2,18,2,4,1.0,0.0,0.0,0.0,1.0,1.0,13,7,11
99896,16,2,1,17,6,3,0,1,1,1,2,36,2,2,0.0,0.0,0.0,0.0,0.0,2.0,23,4,7
155487,15,7,2,8,6,3,6,1,0,1,0,22,2,3,1.0,0.0,0.0,1.0,0.0,1.0,16,2,10
11934,4,2,3,17,2,3,6,1,1,1,1,24,2,2,0.0,0.0,0.0,0.0,0.0,2.0,8,4,1
43566,16,7,4,9,2,3,6,5,0,1,0,18,2,3,1.0,0.0,0.0,1.0,0.0,1.0,19,4,4
44091,4,7,3,17,15,3,6,1,0,1,0,19,2,2,0.0,0.0,0.0,0.0,0.0,2.0,12,5,4
117158,16,2,1,0,6,3,0,1,1,1,1,6,2,2,0.0,0.0,0.0,0.0,0.0,3.0,5,1,8
46283,16,3,3,17,8,3,6,1,1,1,2,26,2,2,0.0,0.0,0.0,0.0,0.0,4.0,8,1,4
60461,16,7,2,10,6,3,6,5,1,1,2,19,2,2,0.0,0.0,0.0,0.0,0.0,2.0,16,5,5
111026,16,2,3,15,10,3,0,1,1,1,2,17,2,2,0.0,0.0,0.0,0.0,0.0,2.0,18,4,8
159804,16,2,3,3,8,3,0,1,0,1,2,11,2,1,3.0,0.0,3.0,0.0,0.0,0.0,16,5,11
107142,16,7,3,10,1,3,6,1,1,0,0,12,2,2,0.0,0.0,0.0,0.0,0.0,2.0,7,3,8
128216,4,2,3,17,3,3,0,1,1,0,2,19,2,2,0.0,0.0,0.0,0.0,0.0,2.0,8,5,9
180136,16,2,1,10,2,3,0,1,1,1,0,17,2,2,0.0,0.0,0.0,0.0,0.0,2.0,1,6,12
57877,16,7,3,0,2,3,6,5,0,1,2,6,3,3,1.0,0.0,0.0,1.0,0.0,1.0,18,7,5
85148,16,2,3,10,6,3,0,5,1,1,0,17,2,2,0.0,0.0,0.0,0.0,0.0,2.0,19,3,6
65347,16,7,3,10,2,3,6,1,1,1,2,39,2,2,0.0,0.0,0.0,0.0,0.0,3.0,10,4,5
3506,16,2,1,0,8,3,0,1,1,1,0,12,2,2,0.0,0.0,0.0,0.0,0.0,2.0,17,3,1
94625,16,2,1,2,8,3,0,1,0,1,2,36,1,2,0.0,0.0,0.0,0.0,0.0,1.0,23,7,7
124169,16,11,5,10,15,3,5,5,1,1,2,36,2,2,0.0,0.0,0.0,0.0,0.0,5.0,16,4,9
133481,15,2,3,0,6,3,0,1,1,1,2,36,2,2,0.0,0.0,0.0,0.0,0.0,3.0,10,7,9
37396,15,2,4,10,5,3,0,1,1,1,2,17,2,2,0.0,0.0,0.0,0.0,0.0,2.0,1,1,3
186371,4,7,1,10,8,3,6,1,1,1,2,36,2,2,0.0,0.0,0.0,0.0,0.0,2.0,16,3,12
96445,4,2,3,17,15,3,0,5,1,1,2,23,2,2,0.0,0.0,0.0,0.0,0.0,5.0,14,2,7
61704,16,2,4,3,3,3,6,1,0,1,2,36,2,3,1.0,0.0,0.0,1.0,0.0,1.0,17,1,5
94829,4,2,3,17,2,3,0,1,0,1,2,18,2,2,0.0,0.0,0.0,0.0,0.0,5.0,16,5,7
55802,4,2,3,17,6,3,0,1,0,1,2,23,2,2,0.0,0.0,0.0,0.0,0.0,3.0,13,7,4
142594,16,2,1,0,8,3,0,5,0,1,1,6,2,4,1.0,0.0,0.0,0.0,1.0,5.0,22,1,10
91164,15,2,3,17,6,3,0,5,0,1,2,18,2,3,1.0,0.0,0.0,1.0,0.0,1.0,14,4,7
165046,15,7,1,15,8,3,6,1,1,1,2,36,2,2,0.0,0.0,0.0,0.0,0.0,2.0,16,4,11
30656,4,2,3,10,8,3,0,1,1,1,2,36,3,2,0.0,0.0,0.0,0.0,0.0,3.0,8,4,3
124041,16,2,3,0,3,3,0,1,0,1,0,12,2,3,1.0,0.0,0.0,1.0,0.0,2.0,16,2,9
147167,4,3,3,10,8,3,0,1,0,1,2,17,3,2,0.0,0.0,0.0,0.0,0.0,3.0,12,7,10
60316,16,2,3,10,6,3,0,5,1,1,0,36,2,2,0.0,0.0,0.0,0.0,0.0,2.0,13,2,5
173062,16,2,4,17,6,3,0,5,1,1,0,36,2,2,0.0,0.0,0.0,0.0,0.0,2.0,16,6,12
10603,16,7,3,10,2,3,6,5,0,1,1,36,3,4,2.0,0.0,0.0,0.0,2.0,2.0,11,2,1
134276,4,7,3,17,2,3,6,1,1,1,2,18,2,2,0.0,0.0,0.0,0.0,0.0,2.0,7,3,9
135325,15,2,3,0,6,3,0,1,0,1,2,36,2,4,1.0,0.0,0.0,0.0,1.0,1.0,12,5,9
53928,16,7,3,2,8,3,6,1,0,1,2,28,1,4,1.0,0.0,0.0,0.0,1.0,0.0,17,6,4
166222,15,2,1,0,8,3,0,1,0,1,2,18,2,2,0.0,0.0,0.0,0.0,0.0,3.0,16,6,11
78461,16,2,3,8,6,3,0,1,1,1,0,36,2,2,0.0,0.0,0.0,0.0,0.0,2.0,14,1,6
119407,16,2,3,10,8,3,0,1,0,1,1,36,2,4,1.0,0.0,0.0,0.0,1.0,2.0,18,3,8
15270,16,7,3,17,6,3,6,5,1,1,2,39,3,2,0.0,0.0,0.0,0.0,0.0,3.0,7,7,2
88830,16,2,1,15,2,3,0,1,1,0,1,36,2,2,0.0,0.0,0.0,0.0,0.0,2.0,21,2,7
111831,15,2,3,0,2,3,0,5,0,1,2,36,2,4,1.0,0.0,0.0,0.0,1.0,5.0,18,3,8
97202,12,2,1,17,8,3,0,1,1,1,0,36,2,2,0.0,0.0,0.0,0.0,0.0,2.0,23,5,7
164639,8,2,3,0,6,3,0,1,1,1,2,36,2,2,0.0,0.0,0.0,0.0,0.0,3.0,8,5,11
121388,16,2,3,8,6,3,0,1,0,1,0,6,2,3,1.0,0.0,0.0,1.0,0.0,1.0,19,5,9
35647,15,2,3,10,3,3,0,1,1,1,2,17,2,2,0.0,0.0,0.0,0.0,0.0,2.0,8,4,3
62007,16,2,3,0,2,3,0,1,0,1,2,6,2,2,0.0,0.0,0.0,0.0,0.0,4.0,14,1,5
1328,16,2,3,17,6,3,6,1,1,1,2,24,2,2,0.0,0.0,0.0,0.0,0.0,2.0,15,3,1
164201,16,2,3,17,10,3,0,1,1,1,2,24,2,2,0.0,0.0,0.0,0.0,0.0,2.0,11,2,11
154075,16,7,3,17,3,3,6,1,0,1,2,18,2,4,1.0,0.0,0.0,0.0,1.0,2.0,9,3,10
175789,16,2,4,10,6,3,5,5,1,1,1,36,4,2,0.0,0.0,0.0,0.0,0.0,4.0,18,4,12
92037,16,2,1,15,2,3,5,5,1,1,0,23,2,2,0.0,0.0,0.0,0.0,0.0,2.0,3,3,7
164814,16,7,0,0,2,3,6,1,0,1,2,18,2,3,1.0,0.0,0.0,1.0,0.0,4.0,20,6,11
43894,4,2,3,17,8,3,0,5,0,1,2,36,2,2,0.0,0.0,0.0,0.0,0.0,2.0,12,1,4
142083,15,2,1,0,6,3,0,5,1,1,2,5,2,2,0.0,0.0,0.0,0.0,0.0,2.0,22,1,10
48561,16,2,3,10,8,3,0,1,1,1,2,19,2,2,0.0,0.0,0.0,0.0,0.0,3.0,14,7,4
186028,15,2,3,0,15,3,5,5,1,1,2,36,2,2,0.0,0.0,0.0,0.0,0.0,3.0,11,4,12
100171,16,2,3,10,15,3,0,1,0,1,2,9,3,4,1.0,0.0,0.0,0.0,1.0,2.0,7,4,7
19993,16,2,0,2,3,3,0,1,0,1,2,36,1,2,0.0,0.0,0.0,0.0,0.0,1.0,1,7,2
59189,15,2,3,0,6,3,0,1,1,1,2,5,2,2,0.0,0.0,0.0,0.0,0.0,2.0,11,5,5
72863,16,2,3,9,3,3,0,1,0,1,2,18,2,3,1.0,0.0,0.0,1.0,0.0,1.0,8,7,6
146204,16,2,1,17,6,3,0,1,0,1,2,36,2,3,2.0,0.0,0.0,2.0,0.0,0.0,19,1,10
125462,16,2,3,10,2,3,0,1,1,1,1,19,2,2,0.0,0.0,0.0,0.0,0.0,2.0,13,7,9
35639,16,2,3,17,8,3,0,1,0,1,2,36,2,1,1.0,0.0,1.0,0.0,0.0,1.0,7,4,3
74232,16,2,3,15,8,3,0,1,1,1,2,36,2,2,0.0,0.0,0.0,0.0,0.0,2.0,17,1,6
112754,16,2,3,8,2,3,0,1,0,1,0,36,2,3,1.0,0.0,0.0,1.0,0.0,1.0,14,3,8
178650,16,2,3,17,8,3,0,1,1,1,2,24,2,2,0.0,0.0,0.0,0.0,0.0,3.0,12,1,12
17016,16,2,3,10,2,3,0,1,1,1,2,19,2,2,0.0,0.0,0.0,0.0,0.0,2.0,15,4,2
47304,4,7,0,7,8,3,6,1,0,0,2,36,2,2,0.0,0.0,0.0,0.0,0.0,1.0,11,1,4
153918,16,2,3,17,13,3,0,1,1,1,2,22,2,2,0.0,0.0,0.0,0.0,0.0,3.0,14,1,10
87539,4,2,3,0,8,3,0,1,1,1,2,23,2,2,0.0,0.0,0.0,0.0,0.0,2.0,18,4,6
120606,16,2,2,10,8,3,0,1,1,1,2,17,2,2,0.0,0.0,0.0,0.0,0.0,2.0,4,7,9
184471,4,2,3,17,6,3,0,1,0,1,2,36,2,2,0.0,0.0,0.0,0.0,0.0,2.0,7,4,12
87571,15,3,3,10,8,3,5,5,1,1,2,19,2,2,0.0,0.0,0.0,0.0,0.0,2.0,11,4,6
160265,16,2,4,17,8,3,0,1,0,1,2,36,2,2,0.0,0.0,0.0,0.0,0.0,2.0,16,4,11
17231,15,2,3,17,8,3,0,1,1,0,0,22,2,2,0.0,0.0,0.0,0.0,0.0,2.0,12,7,2
16964,16,2,1,9,10,3,0,1,0,1,2,36,3,3,1.0,0.0,0.0,1.0,0.0,2.0,17,3,2
553,16,10,3,0,2,3,4,5,0,1,2,36,2,2,0.0,0.0,0.0,0.0,0.0,2.0,14,3,1
144539,16,2,3,10,5,3,0,1,0,1,2,19,2,3,1.0,0.0,0.0,1.0,0.0,3.0,17,7,10
76617,4,2,3,10,8,3,0,1,1,1,1,17,2,2,0.0,0.0,0.0,0.0,0.0,2.0,13,1,6
88810,15,2,3,9,2,3,0,1,0,1,0,36,2,4,1.0,0.0,0.0,0.0,1.0,2.0,15,2,7
122748,16,2,3,15,8,3,0,1,1,1,1,23,2,2,0.0,0.0,0.0,0.0,0.0,2.0,17,7,9
161065,16,7,1,10,6,3,6,1,1,1,2,36,2,2,0.0,0.0,0.0,0.0,0.0,2.0,18,3,11
103305,15,2,3,17,6,3,0,1,1,1,2,18,2,2,0.0,0.0,0.0,0.0,0.0,2.0,17,1,7
102470,15,2,3,17,8,3,0,1,0,1,2,18,2,2,0.0,0.0,0.0,0.0,0.0,2.0,13,2,7
63648,16,2,3,17,10,3,5,5,1,1,1,24,2,2,0.0,0.0,0.0,0.0,0.0,4.0,17,4,5
136270,16,2,3,17,16,3,0,1,1,1,2,6,2,2,0.0,0.0,0.0,0.0,0.0,2.0,9,3,9
85433,15,7,1,17,2,3,6,1,1,1,1,36,2,2,0.0,0.0,0.0,0.0,0.0,2.0,21,6,6
24761,15,2,3,7,8,3,0,1,1,1,0,22,2,2,0.0,0.0,0.0,0.0,0.0,1.0,15,4,2
119181,16,2,1,17,6,3,0,5,0,1,2,36,2,3,1.0,0.0,0.0,1.0,0.0,2.0,23,1,8
57258,16,7,1,0,6,3,6,1,0,1,2,6,2,4,1.0,0.0,0.0,0.0,1.0,1.0,2,3,5
183492,16,2,3,17,8,3,0,1,1,1,2,24,2,2,0.0,0.0,0.0,0.0,0.0,2.0,11,4,12
37950,16,2,3,9,8,3,0,1,0,1,2,18,2,3,1.0,0.0,0.0,1.0,0.0,2.0,17,5,3
160948,17,11,5,10,17,3,5,5,0,1,0,36,2,4,1.0,0.0,0.0,0.0,1.0,3.0,15,7,11
187547,15,2,3,0,2,3,0,1,0,1,2,5,3,4,1.0,0.0,0.0,0.0,1.0,5.0,12,5,12
9950,16,2,1,10,6,3,4,1,1,1,2,17,2,2,0.0,0.0,0.0,0.0,0.0,2.0,1,7,1
16697,16,2,3,17,2,3,6,1,1,1,0,36,2,2,0.0,0.0,0.0,0.0,0.0,2.0,9,6,2
14832,16,2,0,17,8,3,0,1,0,1,2,18,2,3,1.0,0.0,0.0,1.0,0.0,1.0,21,6,1
54632,16,2,3,17,8,3,0,1,1,1,1,18,2,2,0.0,0.0,0.0,0.0,0.0,4.0,9,7,4
104801,4,2,3,17,2,4,0,1,0,1,2,24,2,4,1.0,0.0,0.0,0.0,1.0,1.0,13,2,8
107602,16,2,3,10,8,3,0,5,1,1,1,36,2,2,0.0,0.0,0.0,0.0,0.0,2.0,15,2,8
147965,4,2,3,17,15,3,0,1,1,1,2,36,2,2,0.0,0.0,0.0,0.0,0.0,2.0,8,6,10
18626,15,2,3,0,8,3,5,5,1,0,2,5,2,2,0.0,0.0,0.0,0.0,0.0,2.0,10,3,2
55229,16,7,3,0,6,3,6,1,0,1,2,39,2,2,0.0,0.0,0.0,0.0,0.0,2.0,10,4,4
186922,16,2,3,0,6,3,5,1,0,1,2,13,2,2,0.0,0.0,0.0,0.0,0.0,3.0,11,4,12
16325,16,2,3,17,6,3,0,5,1,1,2,18,2,2,0.0,0.0,0.0,0.0,0.0,3.0,10,6,2
163714,4,10,3,0,3,3,6,2,0,1,2,36,2,3,1.0,0.0,0.0,1.0,0.0,1.0,7,5,11
188108,16,10,1,17,8,3,4,1,1,1,1,24,2,2,0.0,0.0,0.0,0.0,0.0,2.0,17,7,12
168928,15,2,3,17,15,3,0,1,0,1,2,36,2,2,0.0,0.0,0.0,0.0,0.0,4.0,7,4,11
89577,16,2,3,17,5,3,0,1,0,1,2,17,2,2,0.0,0.0,0.0,0.0,0.0,4.0,20,7,7
24011,15,7,3,0,8,3,6,1,1,1,1,18,2,2,0.0,0.0,0.0,0.0,0.0,3.0,16,3,2
97221,16,2,3,0,8,3,0,1,1,1,2,6,2,2,0.0,0.0,0.0,0.0,0.0,5.0,14,6,7
5371,2,10,0,0,6,3,4,5,0,1,2,17,2,4,1.0,0.0,0.0,0.0,1.0,2.0,1,7,1
2565,15,2,3,0,6,2,0,1,1,1,1,36,2,2,0.0,0.0,0.0,0.0,0.0,2.0,16,2,1
17041,16,11,5,17,6,3,5,5,0,1,2,36,2,3,1.0,0.0,0.0,1.0,0.0,2.0,18,4,2
81984,16,2,3,17,6,3,0,1,1,1,2,24,2,2,0.0,0.0,0.0,0.0,0.0,2.0,13,4,6
126700,16,2,3,17,2,3,0,1,1,1,2,36,2,2,0.0,0.0,0.0,0.0,0.0,2.0,7,4,9
158042,15,2,3,10,2,3,0,1,1,1,2,8,2,2,0.0,0.0,0.0,0.0,0.0,2.0,16,7,11
45375,16,7,3,17,2,3,4,1,1,1,2,24,2,2,0.0,0.0,0.0,0.0,0.0,3.0,12,6,4
181122,15,10,3,0,8,3,6,1,1,1,2,18,2,2,0.0,0.0,0.0,0.0,0.0,2.0,9,6,12
173790,15,2,1,17,8,3,0,1,1,1,1,18,2,2,0.0,0.0,0.0,0.0,0.0,2.0,17,2,12
119684,16,2,3,9,2,3,0,1,0,1,0,18,2,3,1.0,0.0,0.0,1.0,0.0,1.0,19,2,8
137722,16,2,3,15,8,3,0,1,1,1,0,26,2,2,0.0,0.0,0.0,0.0,0.0,2.0,9,2,10
121670,16,2,3,10,8,3,0,1,0,1,0,19,2,4,1.0,0.0,0.0,0.0,1.0,3.0,17,1,9
31351,15,2,3,17,8,3,5,5,1,1,2,18,2,2,0.0,0.0,0.0,0.0,0.0,2.0,13,5,3
168148,16,7,3,15,2,3,6,1,1,1,1,18,2,2,0.0,0.0,0.0,0.0,0.0,3.0,7,4,11
104859,15,2,3,0,8,3,0,1,0,1,2,36,3,1,1.0,0.0,1.0,0.0,0.0,3.0,11,2,8
88442,16,2,3,17,3,3,0,1,1,1,1,12,2,2,0.0,0.0,0.0,0.0,0.0,3.0,11,3,7
28053,16,3,3,10,6,3,6,5,1,1,2,39,2,2,0.0,0.0,0.0,0.0,0.0,2.0,7,4,2
81195,16,2,3,17,6,3,0,5,0,1,2,18,2,2,0.0,0.0,0.0,0.0,0.0,2.0,16,6,6
43712,15,2,3,0,8,3,6,1,0,1,2,5,2,2,0.0,0.0,0.0,0.0,0.0,2.0,8,4,4
59787,16,2,3,15,8,3,0,1,1,1,2,36,2,2,0.0,0.0,0.0,0.0,0.0,2.0,11,7,5
138945,16,2,3,17,2,3,0,1,1,1,1,36,2,2,0.0,0.0,0.0,0.0,0.0,2.0,16,5,10
55173,15,7,0,0,2,3,6,3,0,1,2,18,2,4,1.0,0.0,0.0,0.0,1.0,1.0,8,2,4
165964,16,2,3,0,3,3,0,1,0,1,2,6,2,2,0.0,0.0,0.0,0.0,0.0,2.0,16,1,11
51243,16,2,4,17,3,3,0,1,1,1,0,24,2,2,0.0,0.0,0.0,0.0,0.0,2.0,18,6,4
174982,4,2,3,17,8,3,0,1,1,1,1,18,2,2,0.0,0.0,0.0,0.0,0.0,3.0,21,4,12
4297,16,5,3,17,8,3,4,1,0,1,2,18,4,3,4.0,0.0,0.0,4.0,0.0,0.0,10,3,1
22160,4,11,3,9,10,3,5,1,0,1,0,36,2,4,1.0,0.0,0.0,0.0,1.0,2.0,8,6,2
154865,15,2,1,0,8,3,0,1,0,1,1,36,2,3,1.0,0.0,0.0,1.0,0.0,2.0,3,1,10
35864,16,2,3,17,8,3,0,1,1,1,0,24,2,2,0.0,0.0,0.0,0.0,0.0,7.0,15,7,3
97433,16,2,3,15,1,3,0,1,1,1,1,22,2,2,0.0,0.0,0.0,0.0,0.0,2.0,12,2,7
104028,16,11,3,0,3,3,5,5,0,1,2,18,2,4,2.0,0.0,0.0,0.0,2.0,2.0,18,4,8
46521,4,3,3,17,3,3,0,1,0,1,2,24,2,2,0.0,0.0,0.0,0.0,0.0,2.0,12,7,4
136031,15,2,1,0,8,3,6,1,1,1,2,18,2,2,0.0,0.0,0.0,0.0,0.0,2.0,19,6,9
63480,16,2,3,15,8,3,0,1,1,1,2,36,2,2,0.0,0.0,0.0,0.0,0.0,2.0,17,2,5
113980,16,2,3,0,6,3,0,1,1,1,2,6,2,2,0.0,0.0,0.0,0.0,0.0,2.0,16,2,8
27111,15,2,3,0,6,3,0,1,0,1,2,18,2,2,0.0,0.0,0.0,0.0,0.0,3.0,11,1,2
37170,16,2,3,17,8,3,0,1,1,1,1,23,2,2,0.0,0.0,0.0,0.0,0.0,2.0,19,2,3
8057,16,2,3,0,10,3,6,5,0,1,2,6,2,2,0.0,0.0,0.0,0.0,0.0,2.0,10,5,1
45280,4,2,3,17,8,3,0,1,0,1,2,26,2,4,1.0,0.0,0.0,0.0,1.0,2.0,10,6,4
24918,16,11,1,10,11,3,5,5,1,1,1,19,2,2,0.0,0.0,0.0,0.0,0.0,2.0,19,6,2
11006,16,2,3,10,10,3,0,1,1,1,2,19,2,2,0.0,0.0,0.0,0.0,0.0,2.0,14,2,1
41937,16,2,2,0,8,3,0,1,1,1,2,24,2,2,0.0,0.0,0.0,0.0,0.0,2.0,6,1,3
119052,16,2,3,10,2,3,0,1,1,1,2,10,2,2,0.0,0.0,0.0,0.0,0.0,4.0,14,7,8
154450,16,2,3,10,2,3,0,1,1,1,2,19,2,2,0.0,0.0,0.0,0.0,0.0,2.0,15,1,10
180701,16,2,1,17,10,3,0,1,1,1,2,24,2,2,0.0,0.0,0.0,0.0,0.0,2.0,17,4,12
180507,16,2,1,17,3,3,0,1,0,1,2,18,2,3,1.0,0.0,0.0,1.0,0.0,2.0,6,5,12
149701,4,2,3,0,8,3,0,1,1,1,2,18,2,2,0.0,0.0,0.0,0.0,0.0,2.0,10,2,10
145622,15,2,3,0,6,3,0,1,1,1,1,6,2,2,0.0,0.0,0.0,0.0,0.0,2.0,13,7,10
3048,15,3,1,17,1,3,6,1,1,1,1,18,2,2,0.0,0.0,0.0,0.0,0.0,2.0,20,2,1
129853,16,11,1,17,3,3,2,5,1,1,2,18,2,2,0.0,0.0,0.0,0.0,0.0,2.0,22,6,9
182598,4,2,3,17,8,3,0,1,0,1,1,18,2,4,1.0,0.0,0.0,0.0,1.0,1.0,8,4,12
100071,15,2,3,0,2,3,0,1,1,1,2,36,2,2,0.0,0.0,0.0,0.0,0.0,2.0,18,1,7
121812,16,7,3,17,8,3,6,1,1,1,2,36,2,2,0.0,0.0,0.0,0.0,0.0,2.0,8,3,9
74487,16,2,3,8,8,3,0,1,1,1,2,36,2,2,0.0,0.0,0.0,0.0,0.0,2.0,16,4,6
186361,16,7,3,15,6,3,6,5,1,1,2,36,2,2,0.0,0.0,0.0,0.0,0.0,3.0,15,3,12
117962,16,2,3,17,6,3,0,1,1,1,0,36,2,2,0.0,0.0,0.0,0.0,0.0,2.0,12,5,8
15103,4,2,3,7,8,3,0,1,1,1,1,21,2,2,0.0,0.0,0.0,0.0,0.0,1.0,15,5,2
115354,16,2,3,17,18,3,0,1,1,1,2,3,2,2,0.0,0.0,0.0,0.0,0.0,2.0,15,1,8
3792,16,3,3,15,6,3,5,5,1,1,1,36,2,2,0.0,0.0,0.0,0.0,0.0,2.0,11,2,1
65089,4,2,3,0,12,3,0,1,0,1,2,36,2,1,1.0,0.0,1.0,0.0,0.0,1.0,13,6,5
89199,15,2,3,9,8,3,0,1,0,1,0,38,2,3,1.0,0.0,0.0,1.0,0.0,1.0,11,1,7
20433,16,2,3,0,6,3,0,1,0,1,2,6,2,3,1.0,0.0,0.0,1.0,0.0,1.0,8,7,2
11439,4,2,3,15,2,3,0,1,1,1,0,21,2,2,0.0,0.0,0.0,0.0,0.0,2.0,16,1,1
62425,16,2,1,15,5,3,5,5,1,1,1,36,2,2,0.0,0.0,0.0,0.0,0.0,4.0,22,6,5
149532,16,2,3,15,6,3,0,1,1,1,2,22,2,2,0.0,0.0,0.0,0.0,0.0,4.0,17,6,10
63012,15,7,4,0,8,3,6,1,0,1,2,5,3,2,0.0,0.0,0.0,0.0,0.0,2.0,19,1,5
148035,15,2,3,9,2,3,0,1,0,1,0,18,2,3,1.0,0.0,0.0,1.0,0.0,1.0,13,5,10
84736,16,2,3,0,8,3,0,1,0,1,2,6,2,4,2.0,0.0,0.0,0.0,2.0,0.0,16,2,6