crash_date,               traffic_control_device,weather_condition,lighting_condition,first_crash_type,trafficway_type,alignment,roadway_surface_cond,road_defect,crash_type,intersection_related_i,damage,prim_contributory_cause,num_units,most_severe_injury,injuries_total,injuries_fatal,injuries_incapacitating,injuries_non_incapacitating,injuries_reported_not_evident,injuries_no_indication,crash_hour,crash_day_of_week,crash_month
115050,16,2,3,0,6,3,0,1,0,1,2,6,2,4,1.0,0.0,0.0,0.0,1.0,2.0,18,4,8
104969,4,2,3,0,8,3,0,1,1,1,2,18,2,2,0.0,0.0,0.0,0.0,0.0,2.0,12,4,8
65877,15,2,3,17,15,3,0,1,0,1,2,18,2,2,0.0,0.0,0.0,0.0,0.0,3.0,18,6,5
160225,16,2,3,15,6,3,0,5,1,1,2,22,2,2,0.0,0.0,0.0,0.0,0.0,2.0,8,6,11
73005,16,2,3,17,6,3,0,1,1,1,2,24,2,2,0.0,0.0,0.0,0.0,0.0,2.0,13,4,6
115912,15,2,3,17,15,3,0,1,0,1,2,18,2,2,0.0,0.0,0.0,0.0,0.0,3.0,12,2,8
47598,16,2,3,10,2,3,5,5,1,1,1,19,2,2,0.0,0.0,0.0,0.0,0.0,2.0,10,4,4
112883,16,2,1,0,2,3,0,1,1,1,2,36,2,2,0.0,0.0,0.0,0.0,0.0,3.0,3,5,8
91007,16,2,1,10,3,3,0,1,1,1,1,19,2,2,0.0,0.0,0.0,0.0,0.0,2.0,0,7,7
73797,4,2,3,17,2,3,5,5,0,1,1,36,2,2,0.0,0.0,0.0,0.0,0.0,2.0,13,3,6
71978,16,2,3,10,8,3,0,1,1,1,0,19,2,2,0.0,0.0,0.0,0.0,0.0,2.0,14,2,6
98431,16,2,3,17,2,3,0,1,1,1,2,6,2,2,0.0,0.0,0.0,0.0,0.0,2.0,1,4,7
89485,16,2,3,17,11,3,0,1,0,1,2,18,2,3,2.0,0.0,0.0,1.0,1.0,1.0,15,5,7
38342,16,2,3,9,8,3,0,1,0,1,0,18,2,3,1.0,0.0,0.0,1.0,0.0,1.0,8,4,3
102368,16,2,1,10,2,3,0,1,1,1,0,36,2,2,0.0,0.0,0.0,0.0,0.0,2.0,1,7,7
89268,16,2,3,9,6,3,0,1,0,1,2,36,2,3,1.0,0.0,0.0,1.0,0.0,1.0,11,2,7
188673,17,7,0,10,8,3,6,1,1,0,0,36,2,2,0.0,0.0,0.0,0.0,0.0,2.0,17,2,12
124681,16,2,3,10,8,3,0,1,1,1,2,36,2,2,0.0,0.0,0.0,0.0,0.0,2.0,19,4,9
126026,16,2,3,15,10,3,0,1,1,1,2,18,2,2,0.0,0.0,0.0,0.0,0.0,2.0,15,1,9
2425,16,2,3,17,10,3,0,1,1,1,2,24,2,2,0.0,0.0,0.0,0.0,0.0,2.0,11,6,1
130849,16,2,1,17,8,3,0,1,0,1,2,6,2,2,0.0,0.0,0.0,0.0,0.0,2.0,21,5,9
82334,16,2,3,15,2,3,0,1,1,1,2,36,2,2,0.0,0.0,0.0,0.0,0.0,3.0,13,1,6
162127,16,2,0,10,3,3,5,5,1,1,1,9,2,2,0.0,0.0,0.0,0.0,0.0,3.0,19,5,11
112861,16,2,0,17,6,3,5,5,0,1,2,36,2,2,0.0,0.0,0.0,0.0,0.0,4.0,23,4,8
36909,15,2,3,9,6,3,0,1,1,1,0,8,2,2,0.0,0.0,0.0,0.0,0.0,6.0,16,6,3
141442,16,2,3,15,8,3,0,1,1,1,2,18,2,2,0.0,0.0,0.0,0.0,0.0,2.0,17,6,10
7956,16,2,1,10,6,3,0,1,0,1,2,19,2,2,0.0,0.0,0.0,0.0,0.0,5.0,0,2,1
156429,16,2,1,9,8,3,0,1,0,1,0,18,2,3,1.0,0.0,0.0,1.0,0.0,1.0,4,6,11
123533,16,7,3,17,8,3,6,1,0,1,2,6,2,3,1.0,0.0,0.0,1.0,0.0,1.0,5,1,9
171152,16,2,3,10,2,3,0,1,1,1,2,19,3,2,0.0,0.0,0.0,0.0,0.0,3.0,14,4,11
106412,15,2,3,0,8,3,0,4,1,1,1,18,2,2,0.0,0.0,0.0,0.0,0.0,2.0,17,5,8
113473,16,2,1,0,8,3,0,1,0,1,2,6,2,2,0.0,0.0,0.0,0.0,0.0,7.0,1,1,8
22165,16,2,3,17,2,3,0,1,1,1,2,36,2,2,0.0,0.0,0.0,0.0,0.0,4.0,9,6,2
23846,16,2,3,17,8,3,0,1,1,1,2,18,2,2,0.0,0.0,0.0,0.0,0.0,4.0,10,7,2
188779,4,3,3,0,3,3,4,1,0,1,2,18,2,2,0.0,0.0,0.0,0.0,0.0,2.0,12,3,12
82336,4,2,3,10,8,3,0,1,0,1,2,19,2,4,2.0,0.0,0.0,0.0,2.0,1.0,14,1,6
116115,16,2,0,0,8,3,0,1,1,1,2,36,2,2,0.0,0.0,0.0,0.0,0.0,4.0,21,6,8
134960,16,2,3,10,8,3,0,1,1,1,2,19,2,2,0.0,0.0,0.0,0.0,0.0,2.0,17,5,9
59349,16,2,1,10,6,3,0,1,1,1,1,2,2,2,0.0,0.0,0.0,0.0,0.0,3.0,0,7,5
39875,15,2,3,0,8,3,0,1,0,1,2,26,2,3,3.0,0.0,0.0,3.0,0.0,0.0,9,3,3
163672,16,2,1,0,10,3,0,1,0,1,2,17,2,0,2.0,2.0,0.0,0.0,0.0,1.0,1,5,11
138408,16,2,4,11,8,4,0,5,1,1,0,21,2,2,0.0,0.0,0.0,0.0,0.0,2.0,18,6,10
35052,16,2,3,15,8,3,0,5,0,1,1,26,3,1,1.0,0.0,1.0,0.0,0.0,5.0,11,1,3
25829,16,2,1,0,2,3,6,1,1,1,2,6,2,2,0.0,0.0,0.0,0.0,0.0,3.0,1,1,2
182845,15,2,3,17,6,3,0,1,1,1,2,18,2,2,0.0,0.0,0.0,0.0,0.0,2.0,14,2,12
101472,15,2,3,17,8,3,0,1,1,1,0,23,2,2,0.0,0.0,0.0,0.0,0.0,2.0,12,7,7
170672,16,2,1,9,2,3,0,1,1,1,0,36,2,2,0.0,0.0,0.0,0.0,0.0,2.0,17,3,11
93353,16,2,3,0,6,3,6,1,0,1,2,18,2,3,3.0,0.0,0.0,3.0,0.0,0.0,18,3,7
11563,4,10,3,14,8,3,4,1,1,1,2,30,2,2,0.0,0.0,0.0,0.0,0.0,2.0,8,5,1
108995,16,2,3,0,6,3,0,1,0,1,0,6,2,4,1.0,0.0,0.0,0.0,1.0,1.0,10,2,8
25174,17,11,5,15,8,3,5,5,1,1,2,36,2,2,0.0,0.0,0.0,0.0,0.0,2.0,13,5,2
184149,16,2,1,0,6,3,0,1,0,1,2,6,2,3,2.0,0.0,0.0,2.0,0.0,2.0,0,7,12
159647,15,2,1,0,8,3,0,1,0,1,2,5,2,2,0.0,0.0,0.0,0.0,0.0,2.0,5,5,11
131839,16,2,1,10,2,3,0,1,0,1,2,6,2,3,1.0,0.0,0.0,1.0,0.0,3.0,21,4,9
97781,6,2,3,15,6,3,0,5,0,1,1,22,2,3,1.0,0.0,0.0,1.0,0.0,1.0,15,7,7
149760,16,2,3,10,8,3,0,1,0,1,1,36,2,4,4.0,0.0,0.0,0.0,4.0,2.0,9,7,10
40785,16,2,3,17,6,3,0,1,0,1,1,6,2,3,1.0,0.0,0.0,1.0,0.0,1.0,17,1,3
177630,4,2,1,0,8,3,0,1,1,1,2,36,2,2,0.0,0.0,0.0,0.0,0.0,2.0,17,3,12
115341,15,2,1,17,15,3,0,1,0,1,2,18,2,4,1.0,0.0,0.0,0.0,1.0,1.0,1,1,8
97039,17,2,3,15,1,3,0,1,1,1,1,23,2,2,0.0,0.0,0.0,0.0,0.0,3.0,15,5,7
149507,15,2,3,17,11,3,0,1,1,1,2,12,2,2,0.0,0.0,0.0,0.0,0.0,2.0,13,6,10
126327,15,11,5,0,6,3,5,5,1,1,1,36,2,2,0.0,0.0,0.0,0.0,0.0,2.0,16,7,9
44544,16,2,3,0,11,3,0,1,0,1,2,6,2,1,1.0,0.0,1.0,0.0,0.0,1.0,15,6,4
3161,4,2,0,0,19,3,0,1,0,0,2,18,2,4,2.0,0.0,0.0,0.0,2.0,0.0,19,5,1
9183,16,2,3,9,8,3,0,1,1,1,0,18,2,2,0.0,0.0,0.0,0.0,0.0,3.0,15,6,1
127430,16,2,3,17,6,3,0,1,1,1,1,24,2,2,0.0,0.0,0.0,0.0,0.0,2.0,13,1,9
68640,16,7,3,10,8,3,6,1,0,1,2,19,2,1,1.0,0.0,1.0,0.0,0.0,1.0,16,6,5
38856,16,2,3,17,2,3,0,1,1,1,1,36,2,2,0.0,0.0,0.0,0.0,0.0,2.0,11,7,3
647,16,2,4,15,2,3,0,1,1,1,1,22,2,2,0.0,0.0,0.0,0.0,0.0,2.0,17,4,1
68488,16,2,3,0,6,3,0,1,1,1,2,6,2,2,0.0,0.0,0.0,0.0,0.0,2.0,16,5,5
98813,15,7,3,10,10,3,6,1,1,1,2,5,2,2,0.0,0.0,0.0,0.0,0.0,3.0,11,1,7
155588,16,10,1,3,2,3,0,1,1,1,1,23,2,2,0.0,0.0,0.0,0.0,0.0,2.0,22,3,10
113719,16,2,1,0,6,3,0,5,0,1,2,6,3,4,1.0,0.0,0.0,0.0,1.0,2.0,4,4,8
17246,16,2,0,2,2,3,0,1,1,1,2,17,1,2,0.0,0.0,0.0,0.0,0.0,1.0,1,1,2
186136,16,2,1,17,2,3,0,1,1,1,2,18,2,2,0.0,0.0,0.0,0.0,0.0,3.0,17,4,12
175573,4,2,3,0,0,3,0,1,1,1,2,18,2,2,0.0,0.0,0.0,0.0,0.0,2.0,7,6,12
94389,16,2,3,0,6,3,0,1,0,1,2,12,2,4,1.0,0.0,0.0,0.0,1.0,1.0,13,5,7
101333,16,2,3,10,8,3,0,1,0,1,2,17,2,4,1.0,0.0,0.0,0.0,1.0,1.0,17,6,7
35300,4,2,3,15,8,3,0,1,0,0,1,36,2,4,1.0,0.0,0.0,0.0,1.0,1.0,10,6,3
161553,16,10,3,9,15,3,6,1,0,1,0,18,3,3,1.0,0.0,0.0,1.0,0.0,2.0,12,2,11
119625,16,2,4,17,6,3,0,1,1,1,0,23,2,2,0.0,0.0,0.0,0.0,0.0,2.0,20,1,8
156785,15,2,3,17,6,3,0,1,0,1,2,38,2,3,1.0,0.0,0.0,1.0,0.0,1.0,7,5,11
132140,16,2,3,10,3,3,0,1,0,1,2,8,2,2,0.0,0.0,0.0,0.0,0.0,3.0,8,2,9
37524,4,2,3,0,8,3,0,1,1,1,2,18,2,2,0.0,0.0,0.0,0.0,0.0,3.0,17,4,3
65080,16,2,3,17,11,3,0,1,1,1,2,22,2,2,0.0,0.0,0.0,0.0,0.0,4.0,8,5,5
174396,16,2,3,0,3,3,0,1,0,1,2,36,2,4,1.0,0.0,0.0,0.0,1.0,1.0,13,4,12
92224,15,2,3,0,6,3,0,1,0,1,2,5,2,2,0.0,0.0,0.0,0.0,0.0,3.0,14,7,7
100882,16,2,3,15,2,3,0,5,0,1,2,18,2,3,2.0,0.0,0.0,2.0,0.0,1.0,16,6,7
90312,16,2,3,10,8,4,5,5,1,1,2,19,2,2,0.0,0.0,0.0,0.0,0.0,2.0,14,6,7
26872,15,2,0,17,8,3,5,5,1,1,2,18,2,2,0.0,0.0,0.0,0.0,0.0,2.0,18,4,2
137751,16,2,3,10,2,3,0,1,1,1,1,36,2,2,0.0,0.0,0.0,0.0,0.0,2.0,14,3,10
12901,16,7,3,17,6,3,6,1,1,1,2,23,2,2,0.0,0.0,0.0,0.0,0.0,2.0,11,6,1
1370,16,7,3,2,8,3,6,1,1,1,2,36,1,2,0.0,0.0,0.0,0.0,0.0,1.0,11,3,1
13368,15,2,1,9,8,3,0,1,0,1,0,10,2,4,1.0,0.0,0.0,0.0,1.0,1.0,1,1,1
150785,16,2,3,17,18,3,0,1,0,1,2,24,2,3,1.0,0.0,0.0,1.0,0.0,3.0,11,1,10
22301,15,2,3,17,8,3,0,1,1,1,1,24,2,2,0.0,0.0,0.0,0.0,0.0,4.0,12,1,2
110992,16,2,3,15,8,3,0,1,1,1,2,12,2,2,0.0,0.0,0.0,0.0,0.0,2.0,12,3,8
149544,16,2,3,11,2,3,0,1,1,1,0,36,2,2,0.0,0.0,0.0,0.0,0.0,2.0,7,6,10
175639,16,2,1,17,2,3,0,1,0,1,2,18,2,2,0.0,0.0,0.0,0.0,0.0,2.0,18,7,12
60175,16,2,1,17,6,3,0,1,0,1,2,18,2,2,0.0,0.0,0.0,0.0,0.0,2.0,21,5,5
71798,4,2,3,10,8,3,0,1,1,1,1,19,2,2,0.0,0.0,0.0,0.0,0.0,2.0,10,5,6
28542,16,2,3,7,8,3,0,1,1,1,2,36,2,2,0.0,0.0,0.0,0.0,0.0,6.0,15,3,3
108494,15,2,3,17,15,3,0,1,0,1,2,38,2,2,0.0,0.0,0.0,0.0,0.0,2.0,18,2,8
63686,16,2,1,10,2,3,0,1,1,1,0,19,2,2,0.0,0.0,0.0,0.0,0.0,3.0,21,4,5
119891,15,2,3,0,6,3,0,1,0,1,2,26,2,2,0.0,0.0,0.0,0.0,0.0,2.0,16,6,8
89062,16,2,3,17,9,3,0,1,1,1,0,36,2,2,0.0,0.0,0.0,0.0,0.0,2.0,13,7,7
116426,4,2,2,10,15,4,0,1,0,1,2,17,4,3,2.0,0.0,0.0,2.0,0.0,2.0,5,3,8
62090,16,2,3,15,8,3,0,1,1,0,1,22,3,2,0.0,0.0,0.0,0.0,0.0,5.0,15,7,5
180790,16,2,1,17,3,2,6,1,1,1,1,17,2,2,0.0,0.0,0.0,0.0,0.0,6.0,19,7,12
115637,16,2,1,9,10,3,0,5,0,1,0,18,2,4,1.0,0.0,0.0,0.0,1.0,1.0,22,4,8
150023,15,7,3,0,8,3,6,1,1,1,1,26,2,2,0.0,0.0,0.0,0.0,0.0,3.0,8,5,10
72335,16,11,5,10,2,3,5,5,1,1,1,17,2,2,0.0,0.0,0.0,0.0,0.0,2.0,16,6,6
163073,16,2,3,17,1,3,0,1,1,1,1,19,2,2,0.0,0.0,0.0,0.0,0.0,2.0,7,3,11
42468,16,2,3,15,8,3,0,1,0,1,2,17,2,4,1.0,0.0,0.0,0.0,1.0,1.0,15,5,4
76652,4,7,3,0,8,3,6,1,0,1,2,5,2,4,2.0,0.0,0.0,0.0,2.0,0.0,9,1,6
99244,16,2,3,17,2,3,0,1,0,1,2,6,3,3,2.0,0.0,0.0,2.0,0.0,1.0,17,1,7
45544,4,7,3,0,18,3,6,5,1,1,2,18,2,2,0.0,0.0,0.0,0.0,0.0,2.0,13,5,4
160511,16,2,1,10,6,3,0,1,1,1,2,31,2,2,0.0,0.0,0.0,0.0,0.0,2.0,17,2,11
167731,4,2,0,17,8,3,0,1,0,1,2,8,3,2,0.0,0.0,0.0,0.0,0.0,3.0,0,5,11
83379,16,2,1,0,15,3,0,1,0,1,2,6,2,1,3.0,0.0,1.0,0.0,2.0,2.0,0,2,6
55507,16,7,3,10,8,3,6,1,1,1,1,19,2,2,0.0,0.0,0.0,0.0,0.0,6.0,14,7,4
46604,16,2,1,15,6,3,0,1,1,1,1,8,2,2,0.0,0.0,0.0,0.0,0.0,3.0,19,2,4
156377,16,2,3,17,8,3,6,1,0,1,1,24,2,4,1.0,0.0,0.0,0.0,1.0,2.0,8,5,11
184904,16,2,1,0,6,3,0,1,0,1,2,37,2,1,3.0,0.0,3.0,0.0,0.0,1.0,23,2,12
178668,16,2,4,7,10,3,0,1,1,1,1,12,2,2,0.0,0.0,0.0,0.0,0.0,2.0,15,2,12
170655,16,2,3,17,2,3,0,1,1,1,2,18,2,2,0.0,0.0,0.0,0.0,0.0,12.0,15,3,11
28461,16,2,1,9,8,3,0,1,0,1,0,14,2,3,1.0,0.0,0.0,1.0,0.0,1.0,19,1,3
120077,16,7,1,15,2,3,6,5,1,1,2,12,2,2,0.0,0.0,0.0,0.0,0.0,2.0,22,6,8
147834,17,2,4,15,8,3,0,5,1,1,1,36,2,2,0.0,0.0,0.0,0.0,0.0,2.0,21,3,10
28760,15,2,1,0,10,3,0,1,1,1,2,18,2,2,0.0,0.0,0.0,0.0,0.0,2.0,19,6,3
4123,17,2,3,17,6,3,0,5,0,1,2,36,2,3,1.0,0.0,0.0,1.0,0.0,2.0,15,7,1
117983,16,2,3,8,6,3,0,1,0,1,1,18,2,3,1.0,0.0,0.0,1.0,0.0,1.0,16,6,8
8773,4,2,0,7,8,3,0,5,1,1,2,36,2,2,0.0,0.0,0.0,0.0,0.0,2.0,18,6,1
96330,15,2,3,0,6,3,0,1,1,1,1,5,2,2,0.0,0.0,0.0,0.0,0.0,3.0,14,7,7
168695,16,2,3,15,2,3,0,3,1,1,1,12,2,2,0.0,0.0,0.0,0.0,0.0,3.0,12,6,11
74059,16,2,3,10,8,3,0,1,1,1,2,19,2,2,0.0,0.0,0.0,0.0,0.0,2.0,11,4,6
183823,15,2,1,8,8,3,0,1,0,1,0,18,2,3,1.0,0.0,0.0,1.0,0.0,2.0,23,7,12
21796,4,2,4,15,10,3,5,5,1,1,1,36,2,2,0.0,0.0,0.0,0.0,0.0,2.0,16,7,2
179472,16,2,1,17,2,3,0,1,1,1,2,23,2,2,0.0,0.0,0.0,0.0,0.0,2.0,16,4,12
100726,15,2,3,0,6,3,0,1,0,1,2,18,2,3,1.0,0.0,0.0,1.0,0.0,1.0,12,5,7
142377,17,2,3,10,6,3,0,1,0,0,2,30,5,3,3.0,0.0,0.0,3.0,0.0,2.0,16,4,10
131387,4,2,3,0,2,3,0,5,0,1,2,18,2,3,1.0,0.0,0.0,1.0,0.0,2.0,9,5,9
135242,16,2,1,8,6,3,0,1,0,1,1,18,2,3,1.0,0.0,0.0,1.0,0.0,1.0,22,3,9
31677,16,2,3,0,6,3,0,1,0,1,2,6,2,3,1.0,0.0,0.0,1.0,0.0,1.0,12,2,3
100638,16,2,3,7,10,3,0,1,1,1,1,23,2,2,0.0,0.0,0.0,0.0,0.0,2.0,6,3,7
96155,16,2,3,10,8,3,0,1,0,1,2,36,3,3,3.0,0.0,0.0,3.0,0.0,2.0,13,4,7
153364,16,7,3,10,3,3,6,1,0,1,2,17,2,2,0.0,0.0,0.0,0.0,0.0,2.0,9,4,10
119067,15,2,0,0,8,3,0,1,0,1,2,8,2,3,1.0,0.0,0.0,1.0,0.0,3.0,5,7,8
68325,16,2,4,17,8,3,0,1,1,1,2,24,2,2,0.0,0.0,0.0,0.0,0.0,2.0,20,2,5
82531,16,2,3,0,8,3,0,1,0,1,2,18,2,1,3.0,0.0,1.0,2.0,0.0,4.0,20,3,6
55168,16,7,3,0,8,3,6,5,0,1,2,13,2,2,0.0,0.0,0.0,0.0,0.0,3.0,8,2,4
185226,16,2,3,15,8,3,5,5,1,1,2,36,2,2,0.0,0.0,0.0,0.0,0.0,3.0,8,5,12
111438,15,2,1,17,8,3,0,1,0,1,2,28,2,3,3.0,0.0,0.0,2.0,1.0,0.0,2,3,8
175918,17,2,5,9,6,3,0,5,0,1,2,36,2,3,1.0,0.0,0.0,1.0,0.0,1.0,18,7,12
61045,15,3,3,10,8,3,0,5,1,1,0,19,2,2,0.0,0.0,0.0,0.0,0.0,2.0,12,4,5
50352,4,2,3,0,2,3,6,1,0,1,2,36,2,2,0.0,0.0,0.0,0.0,0.0,2.0,7,5,4
90570,16,2,3,10,8,3,0,1,1,1,1,19,2,2,0.0,0.0,0.0,0.0,0.0,2.0,12,7,7
32387,15,2,3,10,6,3,0,1,1,0,1,19,2,2,0.0,0.0,0.0,0.0,0.0,2.0,16,7,3
126644,15,2,3,10,10,3,0,1,1,1,2,36,2,2,0.0,0.0,0.0,0.0,0.0,3.0,8,3,9
54510,16,2,3,17,8,3,0,1,1,1,2,6,2,2,0.0,0.0,0.0,0.0,0.0,3.0,11,7,4
65038,16,2,1,10,8,3,0,5,1,1,2,36,2,2,0.0,0.0,0.0,0.0,0.0,2.0,21,7,5
133428,16,2,3,10,15,3,0,1,1,1,0,19,2,2,0.0,0.0,0.0,0.0,0.0,2.0,10,6,9
99794,16,2,3,17,8,3,0,1,1,1,2,18,2,2,0.0,0.0,0.0,0.0,0.0,3.0,18,3,7
154739,16,2,3,15,1,3,0,1,0,1,2,36,2,4,1.0,0.0,0.0,0.0,1.0,1.0,9,6,10
181861,16,2,3,17,3,3,0,1,1,1,1,18,2,2,0.0,0.0,0.0,0.0,0.0,2.0,9,6,12
131431,16,2,3,0,6,3,0,1,0,1,1,18,2,1,1.0,0.0,1.0,0.0,0.0,3.0,18,6,9
11547,4,2,1,15,3,3,0,1,1,0,2,36,2,2,0.0,0.0,0.0,0.0,0.0,4.0,19,5,1
140537,16,2,0,0,8,3,0,1,1,1,2,9,2,2,0.0,0.0,0.0,0.0,0.0,2.0,23,6,10
85498,15,2,3,10,8,3,6,1,1,1,1,19,2,2,0.0,0.0,0.0,0.0,0.0,3.0,17,7,6
67750,16,7,3,0,6,3,6,1,1,1,1,18,3,2,0.0,0.0,0.0,0.0,0.0,3.0,7,6,5
129158,15,2,3,17,8,3,0,5,1,1,2,24,2,2,0.0,0.0,0.0,0.0,0.0,3.0,17,4,9
188403,16,2,0,0,6,3,6,1,0,1,2,18,2,2,0.0,0.0,0.0,0.0,0.0,4.0,19,6,12
114146,16,7,3,17,8,3,6,5,1,1,2,19,2,2,0.0,0.0,0.0,0.0,0.0,2.0,12,2,8
133527,16,2,3,15,2,3,0,5,1,1,2,23,2,2,0.0,0.0,0.0,0.0,0.0,2.0,7,2,9
89285,16,2,3,10,8,3,0,5,1,1,2,17,2,2,0.0,0.0,0.0,0.0,0.0,2.0,14,4,7
176072,4,2,3,17,2,3,0,1,1,1,2,19,2,2,0.0,0.0,0.0,0.0,0.0,2.0,12,6,12
148324,15,2,3,0,6,3,0,1,0,1,2,18,2,3,1.0,0.0,0.0,1.0,0.0,1.0,16,3,10
32775,15,2,3,17,8,3,0,1,1,1,2,36,2,2,0.0,0.0,0.0,0.0,0.0,2.0,15,6,3
59134,15,7,3,0,2,3,6,1,1,1,2,5,2,2,0.0,0.0,0.0,0.0,0.0,3.0,8,3,5
21673,16,2,1,9,2,3,6,1,0,1,0,18,2,3,1.0,0.0,0.0,1.0,0.0,1.0,20,5,2
87186,4,2,3,10,8,3,0,1,0,1,2,36,2,4,2.0,0.0,0.0,0.0,2.0,4.0,16,7,6
135287,10,2,3,9,3,3,0,1,0,0,0,36,2,3,1.0,0.0,0.0,1.0,0.0,1.0,7,5,9
36532,16,7,4,0,8,3,6,1,1,1,2,6,4,2,0.0,0.0,0.0,0.0,0.0,2.0,18,6,3
154956,16,2,1,17,6,3,0,1,1,1,0,24,2,2,0.0,0.0,0.0,0.0,0.0,4.0,18,2,10
172248,15,3,1,0,2,3,0,1,0,1,2,5,2,2,0.0,0.0,0.0,0.0,0.0,2.0,1,7,12
95273,16,7,3,15,8,3,6,1,1,1,2,22,2,2,0.0,0.0,0.0,0.0,0.0,2.0,8,5,7
103294,15,11,3,17,6,3,5,5,1,1,2,18,2,2,0.0,0.0,0.0,0.0,0.0,2.0,15,1,7
127510,16,2,4,17,6,3,0,1,1,1,1,18,2,2,0.0,0.0,0.0,0.0,0.0,2.0,17,2,9
101339,4,2,3,17,8,3,0,1,0,1,2,23,3,2,0.0,0.0,0.0,0.0,0.0,4.0,18,6,7
139603,15,2,1,7,8,3,0,1,0,0,2,36,2,2,0.0,0.0,0.0,0.0,0.0,2.0,5,2,10
184274,4,2,3,0,10,0,0,1,0,1,2,18,3,4,1.0,0.0,0.0,0.0,1.0,1.0,14,7,12
34438,4,7,3,15,2,3,6,1,0,1,2,9,2,3,1.0,0.0,0.0,1.0,0.0,1.0,13,5,3
44884,16,2,4,0,6,3,0,1,1,1,2,18,2,2,0.0,0.0,0.0,0.0,0.0,2.0,18,7,4
24717,17,2,3,0,8,3,0,1,1,1,1,18,2,2,0.0,0.0,0.0,0.0,0.0,2.0,18,3,2
25377,15,7,3,0,2,3,6,1,0,1,2,18,2,2,0.0,0.0,0.0,0.0,0.0,3.0,9,7,2
97734,15,2,3,0,10,3,0,1,1,1,2,18,2,2,0.0,0.0,0.0,0.0,0.0,2.0,19,6,7
21284,16,2,3,17,6,3,0,1,1,1,2,24,2,2,0.0,0.0,0.0,0.0,0.0,2.0,16,6,2
32444,16,2,3,17,8,3,0,1,1,1,1,36,2,2,0.0,0.0,0.0,0.0,0.0,3.0,14,6,3
110547,16,2,3,15,10,3,0,1,1,1,2,36,2,2,0.0,0.0,0.0,0.0,0.0,4.0,12,3,8
126223,16,2,3,17,8,3,0,1,0,1,2,36,2,2,0.0,0.0,0.0,0.0,0.0,2.0,9,4,9
37111,16,2,1,15,6,3,0,1,1,1,2,22,2,2,0.0,0.0,0.0,0.0,0.0,2.0,19,3,3
59355,16,2,3,2,3,3,0,1,0,1,2,37,1,3,1.0,0.0,0.0,1.0,0.0,0.0,12,7,5
66895,15,2,0,0,17,3,0,1,1,0,0,5,2,2,0.0,0.0,0.0,0.0,0.0,2.0,21,1,5
68724,16,2,1,10,8,3,0,1,1,1,0,19,2,2,0.0,0.0,0.0,0.0,0.0,2.0,22,7,5
8256,15,2,3,0,8,3,0,1,0,1,2,18,2,2,0.0,0.0,0.0,0.0,0.0,2.0,15,6,1
20209,15,10,3,0,8,3,6,1,0,1,2,18,2,2,0.0,0.0,0.0,0.0,0.0,3.0,12,2,2
3385,16,2,3,17,2,3,0,1,1,1,2,36,2,2,0.0,0.0,0.0,0.0,0.0,2.0,12,3,1
171236,16,11,3,10,8,3,0,1,1,0,2,19,2,2,0.0,0.0,0.0,0.0,0.0,2.0,6,5,11
86867,16,2,3,10,2,3,0,1,0,1,2,19,2,4,1.0,0.0,0.0,0.0,1.0,3.0,6,7,6
161167,16,2,3,10,10,3,5,5,1,1,2,36,3,2,0.0,0.0,0.0,0.0,0.0,3.0,16,5,11
51043,16,2,3,7,8,3,0,1,1,1,2,21,2,2,0.0,0.0,0.0,0.0,0.0,1.0,7,4,4
21700,15,2,3,0,8,3,0,1,1,1,2,13,2,2,0.0,0.0,0.0,0.0,0.0,2.0,13,6,2
81205,16,2,3,0,8,3,5,5,1,1,2,28,2,2,0.0,0.0,0.0,0.0,0.0,4.0,18,6,6
85284,15,3,3,0,11,3,5,1,0,1,2,18,2,2,0.0,0.0,0.0,0.0,0.0,3.0,9,3,6
137928,16,2,1,15,6,3,0,1,1,1,2,23,2,2,0.0,0.0,0.0,0.0,0.0,2.0,21,6,10
1976,16,2,1,2,8,3,0,2,0,1,2,33,2,4,1.0,0.0,0.0,0.0,1.0,0.0,21,5,1
45619,15,7,3,0,6,3,6,1,0,1,2,5,2,2,0.0,0.0,0.0,0.0,0.0,2.0,15,6,4
108137,15,2,3,17,2,3,0,5,1,1,2,36,2,2,0.0,0.0,0.0,0.0,0.0,2.0,13,5,8
34828,16,2,4,17,8,3,0,1,0,1,2,18,2,3,1.0,0.0,0.0,1.0,0.0,5.0,17,4,3
149804,15,7,0,0,2,3,6,1,0,1,2,17,4,3,2.0,0.0,0.0,2.0,0.0,5.0,20,1,10
96588,15,2,3,9,10,3,0,1,0,1,2,36,2,1,1.0,0.0,1.0,0.0,0.0,1.0,14,3,7
4225,16,2,1,17,2,3,5,5,1,1,2,36,2,2,0.0,0.0,0.0,0.0,0.0,2.0,19,2,1
15616,4,2,1,10,8,3,0,1,1,1,2,36,2,2,0.0,0.0,0.0,0.0,0.0,2.0,15,6,2
75894,16,2,3,0,6,3,0,1,0,1,2,6,2,2,0.0,0.0,0.0,0.0,0.0,2.0,15,5,6
49699,16,2,1,17,10,3,0,1,1,1,2,11,2,2,0.0,0.0,0.0,0.0,0.0,2.0,0,1,4
37229,15,2,1,0,2,4,0,1,0,1,2,5,2,2,0.0,0.0,0.0,0.0,0.0,2.0,23,3,3
82916,16,11,5,15,6,3,5,5,1,1,1,23,2,2,0.0,0.0,0.0,0.0,0.0,2.0,19,2,6