crash_date,               traffic_control_device,weather_condition,lighting_condition,first_crash_type,trafficway_type,alignment,roadway_surface_cond,road_defect,crash_type,intersection_related_i,damage,prim_contributory_cause,num_units,most_severe_injury,injuries_total,injuries_fatal,injuries_incapacitating,injuries_non_incapacitating,injuries_reported_not_evident,injuries_no_indication,crash_hour,crash_day_of_week,crash_month
85736,16,2,3,15,11,3,0,1,1,1,1,22,2,2,0.0,0.0,0.0,0.0,0.0,3.0,17,2,6
137405,16,2,3,0,6,3,0,1,0,1,2,6,3,2,0.0,0.0,0.0,0.0,0.0,3.0,7,6,9
73084,16,2,3,10,8,3,0,1,1,1,1,12,2,2,0.0,0.0,0.0,0.0,0.0,2.0,17,5,6
149351,15,3,3,0,6,3,6,1,0,1,2,18,2,2,0.0,0.0,0.0,0.0,0.0,2.0,10,2,10
88691,17,11,5,17,10,3,5,5,1,1,2,36,2,2,0.0,0.0,0.0,0.0,0.0,2.0,4,1,7
142194,16,2,1,17,2,3,0,1,1,1,2,18,2,2,0.0,0.0,0.0,0.0,0.0,2.0,2,1,10
27229,4,2,3,15,3,3,0,1,1,0,1,19,2,2,0.0,0.0,0.0,0.0,0.0,2.0,15,3,2
50958,15,7,1,17,6,3,6,1,0,1,1,18,2,3,1.0,0.0,0.0,1.0,0.0,5.0,22,2,4
11129,15,10,3,0,10,3,4,1,0,1,2,39,2,2,0.0,0.0,0.0,0.0,0.0,2.0,8,4,1
121824,16,7,3,17,8,3,6,1,0,1,2,24,2,4,1.0,0.0,0.0,0.0,1.0,1.0,10,3,9
153726,15,2,3,17,6,3,0,1,0,1,1,36,2,2,0.0,0.0,0.0,0.0,0.0,2.0,7,6,10
12867,16,7,1,9,15,3,6,1,1,1,2,36,2,2,0.0,0.0,0.0,0.0,0.0,2.0,18,6,1
73424,16,2,1,10,8,3,0,1,1,1,2,17,3,2,0.0,0.0,0.0,0.0,0.0,3.0,21,2,6
84022,16,2,3,17,18,3,0,1,1,1,1,4,2,2,0.0,0.0,0.0,0.0,0.0,2.0,6,5,6
7751,16,2,3,17,6,3,0,1,0,1,2,18,2,2,0.0,0.0,0.0,0.0,0.0,2.0,15,5,1
15633,16,2,4,17,8,3,0,1,1,1,2,36,2,2,0.0,0.0,0.0,0.0,0.0,3.0,18,6,2
27358,15,2,3,10,2,3,0,5,0,1,2,36,2,2,0.0,0.0,0.0,0.0,0.0,2.0,7,5,2
173359,16,10,3,2,1,3,6,1,0,1,2,13,3,2,0.0,0.0,0.0,0.0,0.0,4.0,9,2,12
1709,15,2,1,0,6,3,4,1,0,1,2,36,2,2,0.0,0.0,0.0,0.0,0.0,2.0,20,2,1
60326,16,2,3,0,8,3,0,1,1,1,2,18,2,2,0.0,0.0,0.0,0.0,0.0,2.0,14,2,5
4898,16,10,3,11,3,3,4,1,1,1,0,21,2,2,0.0,0.0,0.0,0.0,0.0,2.0,11,6,1
84527,16,2,3,0,8,3,0,1,1,1,1,36,2,2,0.0,0.0,0.0,0.0,0.0,2.0,17,6,6
164539,15,2,3,0,8,3,0,1,0,1,2,18,2,1,2.0,0.0,2.0,0.0,0.0,0.0,12,3,11
49186,15,2,3,0,8,3,0,1,1,1,2,36,2,2,0.0,0.0,0.0,0.0,0.0,2.0,16,6,4
105827,15,2,3,0,11,3,0,1,0,0,2,36,2,3,1.0,0.0,0.0,1.0,0.0,3.0,15,3,8
89154,16,2,3,15,8,3,0,1,1,1,2,26,2,2,0.0,0.0,0.0,0.0,0.0,3.0,14,1,7
121364,4,2,3,15,6,3,0,1,1,1,1,23,2,2,0.0,0.0,0.0,0.0,0.0,3.0,14,5,9
7698,16,2,1,15,8,3,0,1,0,1,2,17,3,4,5.0,0.0,0.0,0.0,5.0,0.0,18,4,1
53120,4,2,3,7,8,3,0,1,1,0,1,26,2,2,0.0,0.0,0.0,0.0,0.0,1.0,8,5,4
140445,17,7,5,10,8,3,6,5,1,1,1,26,2,2,0.0,0.0,0.0,0.0,0.0,2.0,18,5,10
115526,16,2,1,0,6,3,0,1,0,1,2,6,2,3,4.0,0.0,0.0,4.0,0.0,2.0,0,3,8
12178,16,2,3,15,15,3,0,1,1,1,2,19,2,2,0.0,0.0,0.0,0.0,0.0,4.0,11,2,1
161124,15,2,1,0,6,3,0,1,0,1,2,5,2,2,0.0,0.0,0.0,0.0,0.0,2.0,19,4,11
43653,4,2,3,17,8,3,0,1,1,1,2,23,2,2,0.0,0.0,0.0,0.0,0.0,2.0,14,4,4
39172,16,11,1,0,3,3,5,5,1,1,2,36,2,2,0.0,0.0,0.0,0.0,0.0,2.0,0,5,3
177215,4,2,1,0,0,3,0,1,0,1,2,36,2,3,1.0,0.0,0.0,1.0,0.0,1.0,1,2,12
132366,16,2,3,17,8,3,0,1,0,1,2,6,2,3,1.0,0.0,0.0,1.0,0.0,1.0,16,7,9
33677,16,2,1,17,3,4,0,1,0,1,2,18,2,2,0.0,0.0,0.0,0.0,0.0,2.0,23,7,3
47878,4,7,3,17,16,3,6,1,0,1,2,18,6,3,1.0,0.0,0.0,1.0,0.0,3.0,9,4,4
162501,4,6,3,17,11,3,6,1,0,1,2,38,2,2,0.0,0.0,0.0,0.0,0.0,2.0,7,2,11
156865,15,2,3,17,2,3,0,1,0,1,2,18,3,3,2.0,0.0,0.0,2.0,0.0,0.0,10,7,11
123523,16,2,1,0,6,3,0,1,0,1,2,6,2,2,0.0,0.0,0.0,0.0,0.0,3.0,4,1,9
107205,15,2,3,0,8,3,0,1,0,1,2,36,2,2,0.0,0.0,0.0,0.0,0.0,3.0,15,2,8
169212,15,2,1,10,8,3,0,1,0,1,2,19,2,2,0.0,0.0,0.0,0.0,0.0,2.0,2,1,11
108667,16,2,3,17,6,3,0,1,0,1,2,36,2,2,0.0,0.0,0.0,0.0,0.0,3.0,18,6,8
101947,15,2,1,2,8,3,0,1,1,1,2,36,1,2,0.0,0.0,0.0,0.0,0.0,1.0,2,1,7
134124,16,7,3,10,2,3,6,5,1,1,2,19,2,2,0.0,0.0,0.0,0.0,0.0,2.0,11,3,9
180874,16,2,1,17,8,3,0,1,0,1,2,18,2,3,2.0,0.0,0.0,2.0,0.0,2.0,19,1,12
124585,16,2,3,17,8,3,6,1,0,1,2,38,2,2,0.0,0.0,0.0,0.0,0.0,6.0,15,3,9
117519,16,2,3,10,15,4,0,1,0,1,2,36,2,3,2.0,0.0,0.0,1.0,1.0,1.0,12,5,8
52339,16,2,3,10,8,3,0,1,1,1,2,19,2,2,0.0,0.0,0.0,0.0,0.0,2.0,14,7,4
43658,16,2,3,17,8,3,0,1,1,1,1,24,2,2,0.0,0.0,0.0,0.0,0.0,3.0,15,4,4
188275,15,7,3,10,19,3,1,5,1,1,2,18,2,2,0.0,0.0,0.0,0.0,0.0,2.0,11,2,12
2509,15,3,3,0,3,3,0,1,0,1,2,36,2,2,0.0,0.0,0.0,0.0,0.0,2.0,13,1,1
83639,15,2,3,17,6,3,0,1,1,1,2,36,2,2,0.0,0.0,0.0,0.0,0.0,2.0,10,7,6
147380,15,2,3,0,15,3,0,1,1,1,2,18,2,2,0.0,0.0,0.0,0.0,0.0,2.0,17,5,10
127877,4,2,3,17,8,3,0,1,0,0,2,6,2,3,2.0,0.0,0.0,2.0,0.0,0.0,8,6,9
5655,16,10,1,10,2,3,6,1,1,0,2,39,2,2,0.0,0.0,0.0,0.0,0.0,3.0,3,1,1
59236,16,2,3,15,2,3,0,1,0,1,2,36,2,3,1.0,0.0,0.0,1.0,0.0,1.0,7,6,5
76802,16,2,3,17,8,3,0,1,1,1,2,36,2,2,0.0,0.0,0.0,0.0,0.0,2.0,11,4,6
147571,16,2,1,17,1,3,0,1,1,0,1,23,2,2,0.0,0.0,0.0,0.0,0.0,4.0,20,5,10
82605,16,2,3,15,10,3,0,1,1,1,2,23,2,2,0.0,0.0,0.0,0.0,0.0,2.0,11,5,6
153171,15,2,1,17,6,3,0,1,1,1,2,18,2,2,0.0,0.0,0.0,0.0,0.0,2.0,18,5,10
27143,16,2,1,9,15,3,0,1,0,1,0,12,2,3,1.0,0.0,0.0,1.0,0.0,1.0,5,2,2
155034,15,2,3,0,8,3,0,1,0,1,2,18,2,3,1.0,0.0,0.0,1.0,0.0,2.0,8,4,10
166343,15,2,3,0,6,3,0,1,0,1,2,36,2,3,2.0,0.0,0.0,2.0,0.0,0.0,13,1,11
167076,16,2,1,9,11,3,0,1,0,1,0,18,2,3,1.0,0.0,0.0,1.0,0.0,1.0,18,3,11
112269,16,2,3,8,6,3,0,1,0,1,0,6,2,3,1.0,0.0,0.0,1.0,0.0,1.0,16,3,8
32218,15,2,3,0,8,3,0,1,0,1,2,18,3,3,3.0,0.0,0.0,2.0,1.0,1.0,13,4,3
178086,16,2,3,0,6,3,0,1,1,1,2,22,2,2,0.0,0.0,0.0,0.0,0.0,2.0,14,1,12
161479,16,7,1,17,8,3,6,1,1,1,2,18,2,2,0.0,0.0,0.0,0.0,0.0,2.0,1,2,11
166815,16,2,4,17,6,3,0,1,0,1,2,18,2,1,3.0,0.0,2.0,0.0,1.0,0.0,16,1,11
9348,15,10,1,14,10,3,4,1,1,1,1,11,2,2,0.0,0.0,0.0,0.0,0.0,3.0,18,3,1
21911,16,2,1,2,8,3,0,6,0,1,2,36,1,2,0.0,0.0,0.0,0.0,0.0,1.0,4,3,2
123383,16,2,3,17,8,3,0,1,1,1,1,36,2,2,0.0,0.0,0.0,0.0,0.0,2.0,18,5,9
89388,16,2,1,10,8,3,0,1,1,1,2,36,2,2,0.0,0.0,0.0,0.0,0.0,3.0,22,3,7
185852,16,2,1,17,3,3,0,1,1,1,2,24,2,2,0.0,0.0,0.0,0.0,0.0,3.0,22,6,12
48469,16,2,3,10,8,3,0,1,0,1,2,19,3,3,3.0,0.0,0.0,3.0,0.0,6.0,14,1,4
49895,16,7,4,0,2,3,6,1,1,1,2,38,2,2,0.0,0.0,0.0,0.0,0.0,3.0,17,4,4
19353,16,2,1,0,3,3,6,1,1,1,1,6,2,2,0.0,0.0,0.0,0.0,0.0,2.0,19,1,2
25419,15,2,3,17,8,3,0,1,1,1,1,38,2,2,0.0,0.0,0.0,0.0,0.0,2.0,15,1,2
96917,16,2,1,10,8,3,0,1,0,1,2,36,2,2,0.0,0.0,0.0,0.0,0.0,2.0,4,2,7
31083,16,2,3,15,2,3,0,1,1,1,2,23,2,2,0.0,0.0,0.0,0.0,0.0,4.0,15,5,3
60647,4,2,3,7,10,3,0,1,1,1,2,12,3,2,0.0,0.0,0.0,0.0,0.0,1.0,14,6,5
127264,4,2,3,9,8,3,0,1,0,1,0,17,2,3,1.0,0.0,0.0,1.0,0.0,1.0,16,5,9
56550,15,2,3,0,2,3,0,1,1,1,1,18,2,2,0.0,0.0,0.0,0.0,0.0,2.0,7,4,5
178198,16,2,3,15,8,3,0,5,1,1,2,22,2,2,0.0,0.0,0.0,0.0,0.0,2.0,13,4,12
112369,16,2,3,17,6,3,0,5,1,1,2,22,2,2,0.0,0.0,0.0,0.0,0.0,2.0,11,4,8
51091,15,3,3,10,2,3,6,1,0,1,2,19,2,4,1.0,0.0,0.0,0.0,1.0,1.0,16,5,4
135038,4,2,3,0,10,3,0,5,0,1,2,36,2,2,0.0,0.0,0.0,0.0,0.0,3.0,17,7,9
137626,4,2,1,17,8,3,0,1,1,1,1,18,2,2,0.0,0.0,0.0,0.0,0.0,5.0,23,7,10
37998,4,2,3,17,8,3,0,5,1,1,1,24,2,2,0.0,0.0,0.0,0.0,0.0,2.0,10,3,3
2793,16,2,1,0,6,3,0,1,0,1,2,3,2,3,1.0,0.0,0.0,1.0,0.0,1.0,23,6,1
103079,16,2,3,17,8,3,0,1,0,1,2,24,2,2,0.0,0.0,0.0,0.0,0.0,2.0,18,5,7
31455,4,2,3,17,2,3,0,5,1,1,2,23,2,2,0.0,0.0,0.0,0.0,0.0,2.0,14,5,3
7319,16,10,3,10,6,3,6,1,0,0,2,19,2,2,0.0,0.0,0.0,0.0,0.0,3.0,12,6,1
150876,15,2,3,0,6,3,0,1,0,1,2,5,2,3,1.0,0.0,0.0,1.0,0.0,3.0,16,4,10
8564,16,2,4,0,6,3,5,5,1,1,2,36,2,2,0.0,0.0,0.0,0.0,0.0,2.0,16,6,1
162657,15,2,3,11,15,3,5,1,1,1,0,18,2,2,0.0,0.0,0.0,0.0,0.0,5.0,8,4,11
21178,16,2,3,10,8,3,0,1,1,1,0,19,2,2,0.0,0.0,0.0,0.0,0.0,2.0,12,4,2
98150,16,2,1,10,15,3,0,1,0,1,2,36,2,4,2.0,0.0,0.0,0.0,2.0,1.0,23,7,7
15515,16,2,1,10,15,3,0,1,1,1,2,19,2,2,0.0,0.0,0.0,0.0,0.0,2.0,5,5,2
126854,16,7,3,10,2,3,6,1,0,1,2,39,2,2,0.0,0.0,0.0,0.0,0.0,2.0,10,7,9
79538,15,3,1,0,8,3,0,1,1,1,2,18,2,2,0.0,0.0,0.0,0.0,0.0,3.0,0,7,6
171948,18,2,1,10,2,3,0,1,0,1,2,36,2,3,1.0,0.0,0.0,1.0,0.0,3.0,0,3,11
1975,15,2,3,10,10,3,0,1,1,1,2,19,2,2,0.0,0.0,0.0,0.0,0.0,2.0,9,5,1
118013,15,2,4,15,8,3,0,5,1,1,1,36,2,2,0.0,0.0,0.0,0.0,0.0,3.0,20,6,8
156804,16,2,3,17,8,3,0,1,0,1,2,18,2,2,0.0,0.0,0.0,0.0,0.0,2.0,10,5,11
146338,16,7,3,17,8,3,6,1,0,1,2,19,2,3,1.0,0.0,0.0,1.0,0.0,2.0,11,3,10
86840,15,2,3,0,6,3,0,1,0,1,2,18,2,4,1.0,0.0,0.0,0.0,1.0,2.0,13,7,6
23662,16,2,3,10,8,3,0,5,1,1,0,19,2,2,0.0,0.0,0.0,0.0,0.0,2.0,15,4,2
172936,16,2,3,17,8,3,0,1,1,1,2,36,2,2,0.0,0.0,0.0,0.0,0.0,3.0,10,2,12
16431,16,10,3,9,2,3,4,1,0,1,2,18,3,1,2.0,0.0,1.0,1.0,0.0,1.0,14,1,2
47497,16,2,3,10,8,3,0,1,1,1,2,36,2,2,0.0,0.0,0.0,0.0,0.0,2.0,10,4,4
52132,16,2,3,17,8,3,0,1,1,1,1,36,2,2,0.0,0.0,0.0,0.0,0.0,2.0,16,2,4
86028,16,2,1,10,8,3,0,1,0,1,2,28,3,2,0.0,0.0,0.0,0.0,0.0,4.0,0,1,6
181358,16,2,3,17,8,3,0,1,0,1,2,36,2,3,4.0,0.0,0.0,4.0,0.0,2.0,10,1,12
149563,4,2,1,17,8,3,0,1,1,1,2,36,2,2,0.0,0.0,0.0,0.0,0.0,4.0,22,6,10
68082,4,2,1,3,6,3,0,5,0,1,2,36,2,3,3.0,0.0,0.0,1.0,2.0,3.0,22,6,5
54278,4,2,3,17,6,3,0,1,1,1,2,18,2,2,0.0,0.0,0.0,0.0,0.0,2.0,17,3,4
33136,15,2,1,10,2,3,0,1,1,1,1,36,2,2,0.0,0.0,0.0,0.0,0.0,2.0,20,5,3
54144,16,1,4,17,6,3,6,1,0,1,2,12,2,2,0.0,0.0,0.0,0.0,0.0,2.0,18,7,4
54186,15,10,3,17,15,3,6,1,0,1,2,6,2,3,2.0,0.0,0.0,1.0,1.0,2.0,12,7,4
144120,16,3,3,15,3,3,0,1,1,1,2,12,3,2,0.0,0.0,0.0,0.0,0.0,3.0,16,6,10
40442,16,2,1,15,6,3,0,1,1,1,2,36,2,2,0.0,0.0,0.0,0.0,0.0,2.0,21,1,3
15367,15,7,3,0,6,3,6,1,0,1,2,5,2,3,1.0,0.0,0.0,1.0,0.0,1.0,16,3,2
86631,16,2,3,0,8,3,0,1,1,1,1,18,2,2,0.0,0.0,0.0,0.0,0.0,2.0,10,4,6
172594,15,7,1,17,8,3,6,5,1,1,2,5,2,2,0.0,0.0,0.0,0.0,0.0,2.0,16,6,12
31866,4,7,3,17,2,3,6,1,0,0,1,18,2,4,1.0,0.0,0.0,0.0,1.0,2.0,8,6,3
52476,15,2,3,0,6,3,0,1,0,1,2,36,2,4,1.0,0.0,0.0,0.0,1.0,1.0,15,3,4
3526,16,2,3,10,3,3,0,1,1,1,2,19,2,2,0.0,0.0,0.0,0.0,0.0,2.0,8,3,1
110183,16,2,3,17,6,3,5,5,1,1,1,36,2,2,0.0,0.0,0.0,0.0,0.0,3.0,15,6,8
138225,16,2,3,17,2,3,0,1,0,1,2,18,2,3,3.0,0.0,0.0,3.0,0.0,0.0,8,2,10
47797,15,2,3,0,6,3,0,1,0,1,2,5,2,2,0.0,0.0,0.0,0.0,0.0,2.0,15,3,4
91537,15,2,3,9,10,3,0,1,0,1,2,18,2,3,1.0,0.0,0.0,1.0,0.0,1.0,16,2,7
69,15,6,1,17,8,3,6,1,0,1,2,5,2,3,1.0,0.0,0.0,1.0,0.0,1.0,17,2,1
187281,16,2,3,10,8,3,0,1,1,1,2,36,2,2,0.0,0.0,0.0,0.0,0.0,2.0,12,2,12
93695,4,2,2,10,6,3,0,1,1,1,1,36,2,2,0.0,0.0,0.0,0.0,0.0,2.0,12,1,7
33055,16,4,3,0,8,3,6,1,0,1,2,28,2,3,2.0,0.0,0.0,2.0,0.0,2.0,14,4,3
79050,15,2,3,10,8,3,0,1,1,1,2,9,2,2,0.0,0.0,0.0,0.0,0.0,2.0,7,2,6
174878,16,2,3,8,6,3,0,1,1,1,2,18,2,2,0.0,0.0,0.0,0.0,0.0,2.0,10,5,12
156172,17,2,3,17,8,3,0,1,1,1,2,24,2,2,0.0,0.0,0.0,0.0,0.0,2.0,7,4,11
158781,16,2,3,10,2,3,0,1,0,1,2,36,3,4,2.0,0.0,0.0,0.0,2.0,3.0,16,4,11
84876,16,2,3,17,8,3,0,1,0,1,2,23,2,2,0.0,0.0,0.0,0.0,0.0,2.0,16,5,6
33525,4,2,3,17,15,3,0,1,0,1,2,12,2,2,0.0,0.0,0.0,0.0,0.0,3.0,7,5,3
48414,4,2,3,7,10,3,0,1,0,0,2,11,3,2,0.0,0.0,0.0,0.0,0.0,1.0,6,6,4
60828,16,2,3,17,6,3,0,1,1,1,2,18,2,2,0.0,0.0,0.0,0.0,0.0,4.0,11,2,5
165271,15,2,1,10,8,3,0,1,1,1,2,19,2,2,0.0,0.0,0.0,0.0,0.0,2.0,19,1,11
173504,15,2,3,0,15,2,0,1,0,1,2,5,2,2,0.0,0.0,0.0,0.0,0.0,2.0,8,6,12
114065,16,3,3,15,2,3,5,5,0,1,2,23,3,2,0.0,0.0,0.0,0.0,0.0,4.0,18,1,8
177503,16,3,3,17,8,3,6,1,1,1,1,24,2,2,0.0,0.0,0.0,0.0,0.0,2.0,13,7,12
129110,16,2,1,11,3,3,0,1,1,1,2,21,2,2,0.0,0.0,0.0,0.0,0.0,4.0,19,2,9
105111,16,2,3,17,2,2,0,1,1,1,2,19,2,2,0.0,0.0,0.0,0.0,0.0,2.0,9,5,8
171911,16,2,1,17,8,3,0,1,0,1,2,18,2,3,6.0,0.0,0.0,3.0,3.0,0.0,18,3,11
151786,4,2,1,0,8,3,0,1,0,1,1,18,2,3,1.0,0.0,0.0,1.0,0.0,4.0,20,1,10
121479,16,2,1,17,6,3,0,1,1,1,2,24,2,2,0.0,0.0,0.0,0.0,0.0,2.0,21,6,9
23623,15,10,3,10,8,3,6,1,1,1,0,8,2,2,0.0,0.0,0.0,0.0,0.0,2.0,8,3,2
20597,16,2,3,10,2,3,4,1,0,1,2,19,2,2,0.0,0.0,0.0,0.0,0.0,2.0,15,3,2
15508,4,2,3,9,8,3,0,1,1,0,0,18,3,2,0.0,0.0,0.0,0.0,0.0,3.0,16,5,2
67911,16,2,3,10,8,3,0,1,1,1,1,36,2,2,0.0,0.0,0.0,0.0,0.0,2.0,15,3,5
152956,16,7,1,7,6,3,6,1,0,1,2,17,2,2,0.0,0.0,0.0,0.0,0.0,1.0,3,1,10
103320,4,2,3,10,8,3,0,1,1,1,2,17,2,2,0.0,0.0,0.0,0.0,0.0,2.0,8,1,7
151465,16,2,3,8,6,3,0,5,0,1,1,36,2,4,1.0,0.0,0.0,0.0,1.0,1.0,16,5,10
142792,15,7,4,8,1,3,6,1,0,1,0,16,2,3,1.0,0.0,0.0,1.0,0.0,1.0,18,3,10
167135,4,2,3,17,10,3,5,5,1,1,1,24,2,2,0.0,0.0,0.0,0.0,0.0,3.0,15,4,11
16826,16,2,3,10,8,3,0,1,1,1,1,19,2,2,0.0,0.0,0.0,0.0,0.0,2.0,10,1,2
124701,4,2,0,7,2,3,0,1,0,1,2,36,2,2,0.0,0.0,0.0,0.0,0.0,1.0,22,4,9
72972,16,2,3,17,8,3,0,1,0,1,2,18,2,3,1.0,0.0,0.0,1.0,0.0,1.0,18,2,6
134998,16,2,3,17,6,3,0,1,0,1,2,6,2,2,0.0,0.0,0.0,0.0,0.0,3.0,11,5,9
25539,16,11,5,17,18,3,5,5,1,1,1,17,2,2,0.0,0.0,0.0,0.0,0.0,2.0,19,4,2
56600,16,7,3,10,8,4,6,1,1,1,2,17,2,2,0.0,0.0,0.0,0.0,0.0,3.0,16,5,5
135041,16,2,1,0,6,3,0,1,0,1,2,6,3,3,1.0,0.0,0.0,1.0,0.0,1.0,5,7,9
140387,16,2,3,4,6,3,0,3,1,1,0,33,1,2,0.0,0.0,0.0,0.0,0.0,1.0,7,7,10
40256,15,2,3,10,8,3,0,1,0,1,2,30,2,3,1.0,0.0,0.0,1.0,0.0,1.0,7,4,3
34462,16,2,1,15,1,3,0,1,1,1,1,18,2,2,0.0,0.0,0.0,0.0,0.0,3.0,16,5,3
121799,15,7,1,17,8,3,6,3,1,1,0,36,2,2,0.0,0.0,0.0,0.0,0.0,9.0,7,3,9
75391,15,2,3,17,15,3,0,1,1,1,2,18,2,2,0.0,0.0,0.0,0.0,0.0,2.0,7,4,6
125020,16,2,3,17,11,3,0,1,0,1,2,36,2,4,1.0,0.0,0.0,0.0,1.0,1.0,14,1,9
64639,16,2,3,17,2,3,0,1,1,1,2,36,2,2,0.0,0.0,0.0,0.0,0.0,2.0,6,6,5
146198,16,2,1,17,8,3,0,1,1,1,1,36,2,2,0.0,0.0,0.0,0.0,0.0,3.0,18,1,10
25679,17,10,1,2,8,3,6,5,0,0,2,36,1,3,1.0,0.0,0.0,1.0,0.0,0.0,20,6,2
141025,15,3,3,0,8,3,0,1,1,1,2,18,2,2,0.0,0.0,0.0,0.0,0.0,2.0,14,6,10
71719,15,2,1,10,8,3,0,1,0,1,2,19,2,2,0.0,0.0,0.0,0.0,0.0,2.0,20,6,5
134704,15,7,5,0,6,3,6,5,1,1,2,36,2,2,0.0,0.0,0.0,0.0,0.0,2.0,15,4,9
73575,15,2,2,15,8,3,0,5,1,1,2,36,2,2,0.0,0.0,0.0,0.0,0.0,2.0,2,6,6
30358,16,2,3,17,2,3,0,1,0,1,2,18,3,4,2.0,0.0,0.0,0.0,2.0,1.0,8,7,3
28780,16,2,3,0,8,3,0,1,1,1,2,36,2,2,0.0,0.0,0.0,0.0,0.0,2.0,10,6,3
67525,16,2,3,2,2,3,0,1,0,1,2,13,1,2,0.0,0.0,0.0,0.0,0.0,1.0,14,5,5
51850,16,2,0,10,6,3,0,1,0,1,2,19,2,2,0.0,0.0,0.0,0.0,0.0,2.0,19,5,4
70843,16,2,3,10,1,3,0,1,1,1,1,36,2,2,0.0,0.0,0.0,0.0,0.0,2.0,12,5,5
30063,15,6,3,15,8,3,6,1,1,1,2,23,2,2,0.0,0.0,0.0,0.0,0.0,2.0,10,7,3
171057,16,2,3,10,2,3,0,5,0,0,2,31,2,3,1.0,0.0,0.0,1.0,0.0,1.0,12,3,11
132957,16,2,1,17,8,3,6,5,1,1,1,36,2,2,0.0,0.0,0.0,0.0,0.0,2.0,18,1,9
107388,16,2,3,10,8,3,0,1,1,1,1,19,2,2,0.0,0.0,0.0,0.0,0.0,3.0,14,6,8
169949,15,2,3,9,8,3,0,1,0,1,1,18,2,3,1.0,0.0,0.0,1.0,0.0,1.0,14,7,11
100682,15,2,3,0,6,3,0,1,0,1,2,18,2,2,0.0,0.0,0.0,0.0,0.0,2.0,15,5,7
136244,15,2,3,0,6,3,0,1,0,1,2,18,2,4,1.0,0.0,0.0,0.0,1.0,1.0,6,3,9
165885,16,7,1,15,6,3,6,1,1,1,2,4,2,2,0.0,0.0,0.0,0.0,0.0,2.0,20,2,11
149666,16,2,3,0,6,3,0,1,1,1,2,18,2,2,0.0,0.0,0.0,0.0,0.0,2.0,17,2,10
48878,16,2,3,0,15,3,0,1,0,1,2,35,2,2,0.0,0.0,0.0,0.0,0.0,2.0,6,7,4
140612,15,2,3,0,8,3,0,1,0,1,2,18,2,2,0.0,0.0,0.0,0.0,0.0,2.0,14,1,10
119725,16,2,3,17,6,3,0,1,0,1,2,22,3,2,0.0,0.0,0.0,0.0,0.0,3.0,13,3,8
162041,15,10,3,0,10,3,1,1,1,1,1,39,2,2,0.0,0.0,0.0,0.0,0.0,2.0,7,3,11
94898,4,2,3,17,15,3,0,5,0,1,2,36,2,3,1.0,0.0,0.0,1.0,0.0,2.0,5,6,7
28902,16,2,3,0,8,3,0,1,0,1,2,6,2,3,1.0,0.0,0.0,1.0,0.0,1.0,7,2,3
30171,15,2,3,0,8,3,0,1,1,1,2,18,2,2,0.0,0.0,0.0,0.0,0.0,2.0,7,3,3
16892,15,10,3,2,2,3,4,1,0,1,2,39,1,2,0.0,0.0,0.0,0.0,0.0,1.0,16,2,2
63172,4,2,3,0,8,3,0,1,1,1,2,36,2,2,0.0,0.0,0.0,0.0,0.0,3.0,16,3,5
186369,15,2,3,0,11,3,0,1,1,1,2,18,2,2,0.0,0.0,0.0,0.0,0.0,2.0,16,3,12
26687,16,2,3,17,10,3,0,1,1,1,2,19,2,2,0.0,0.0,0.0,0.0,0.0,2.0,10,6,2
92663,15,2,3,0,18,3,0,1,0,1,2,36,2,2,0.0,0.0,0.0,0.0,0.0,2.0,11,6,7
81576,16,2,3,15,8,3,0,1,1,1,2,36,2,2,0.0,0.0,0.0,0.0,0.0,2.0,8,3,6
22334,16,2,1,10,2,3,0,1,0,1,2,19,2,4,1.0,0.0,0.0,0.0,1.0,1.0,1,4,2
54987,16,2,0,0,8,3,0,1,0,1,2,36,3,3,3.0,0.0,0.0,2.0,1.0,0.0,21,1,4
54196,16,7,3,17,2,3,0,1,0,1,2,18,2,3,2.0,0.0,0.0,2.0,0.0,1.0,14,2,4
77229,16,2,3,0,6,3,0,1,0,1,2,18,2,2,0.0,0.0,0.0,0.0,0.0,2.0,17,3,6
141697,16,2,3,10,11,3,0,1,1,1,1,26,2,2,0.0,0.0,0.0,0.0,0.0,2.0,17,1,10
52116,4,2,3,17,8,3,0,1,1,0,0,19,2,2,0.0,0.0,0.0,0.0,0.0,2.0,14,2,4
122439,16,2,3,10,6,3,0,5,1,1,1,36,2,2,0.0,0.0,0.0,0.0,0.0,2.0,14,6,9
96183,4,7,3,10,2,3,6,1,0,1,2,17,3,4,1.0,0.0,0.0,0.0,1.0,5.0,17,4,7
108365,16,2,3,9,8,3,0,1,0,1,2,18,2,3,1.0,0.0,0.0,1.0,0.0,1.0,17,6,8
187937,15,7,5,0,6,3,6,1,0,1,0,18,2,2,0.0,0.0,0.0,0.0,0.0,2.0,16,6,12
77042,16,2,3,0,6,3,0,1,0,1,2,18,2,4,2.0,0.0,0.0,0.0,2.0,0.0,15,2,6
170950,15,2,1,17,2,3,0,5,1,1,2,26,2,2,0.0,0.0,0.0,0.0,0.0,2.0,16,2,11
51548,16,2,3,15,8,3,0,1,1,1,2,36,2,2,0.0,0.0,0.0,0.0,0.0,2.0,18,6,4
83540,16,2,3,17,6,3,0,5,1,1,2,36,2,2,0.0,0.0,0.0,0.0,0.0,2.0,17,5,6