crash_date,               traffic_control_device,weather_condition,lighting_condition,first_crash_type,trafficway_type,alignment,roadway_surface_cond,road_defect,crash_type,intersection_related_i,damage,prim_contributory_cause,num_units,most_severe_injury,injuries_total,injuries_fatal,injuries_incapacitating,injuries_non_incapacitating,injuries_reported_not_evident,injuries_no_indication,crash_hour,crash_day_of_week,crash_month
151049,16,2,3,17,2,3,0,1,1,1,1,18,2,2,0.0,0.0,0.0,0.0,0.0,2.0,12,3,10
78703,16,2,4,2,3,3,0,5,0,1,2,36,1,3,1.0,0.0,0.0,1.0,0.0,2.0,18,5,6
54940,15,2,3,17,2,3,0,5,0,1,2,24,2,1,1.0,0.0,1.0,0.0,0.0,1.0,11,6,4
21765,16,2,3,0,2,3,0,5,0,1,2,6,2,2,0.0,0.0,0.0,0.0,0.0,2.0,11,6,2
147174,16,7,3,14,8,3,6,1,1,1,2,18,2,2,0.0,0.0,0.0,0.0,0.0,3.0,13,1,10
162618,15,2,3,0,2,3,6,1,0,1,2,5,2,2,0.0,0.0,0.0,0.0,0.0,4.0,15,4,11
127751,16,2,4,8,2,3,5,5,1,1,2,36,2,2,0.0,0.0,0.0,0.0,0.0,2.0,16,4,9
1914,16,2,3,0,6,4,0,1,0,1,2,6,2,4,1.0,0.0,0.0,0.0,1.0,2.0,8,7,1
129299,16,2,3,10,8,3,0,1,1,1,2,24,2,2,0.0,0.0,0.0,0.0,0.0,6.0,17,6,9
29444,16,2,3,17,2,3,0,1,1,1,2,18,2,2,0.0,0.0,0.0,0.0,0.0,3.0,8,5,3
79742,16,2,3,10,8,3,0,1,1,1,1,19,2,2,0.0,0.0,0.0,0.0,0.0,2.0,12,4,6
186795,16,11,3,17,15,3,5,5,1,1,0,36,2,2,0.0,0.0,0.0,0.0,0.0,2.0,12,2,12
109825,16,2,1,10,2,3,0,1,0,1,2,19,2,3,3.0,0.0,0.0,3.0,0.0,0.0,1,7,8
158611,4,11,5,10,17,3,5,5,1,0,2,26,2,2,0.0,0.0,0.0,0.0,0.0,2.0,5,6,11
146682,16,2,3,10,8,3,0,1,1,1,2,19,2,2,0.0,0.0,0.0,0.0,0.0,2.0,12,7,10
90905,16,2,3,10,8,3,0,1,1,1,1,19,2,2,0.0,0.0,0.0,0.0,0.0,3.0,16,6,7
99415,15,2,3,0,8,3,0,1,0,1,2,17,2,3,1.0,0.0,0.0,1.0,0.0,3.0,16,5,7
186647,16,2,1,17,2,3,0,1,0,1,2,17,2,2,0.0,0.0,0.0,0.0,0.0,3.0,17,6,12
36021,16,2,3,0,8,3,0,1,0,1,2,6,2,2,0.0,0.0,0.0,0.0,0.0,3.0,16,4,3
20360,4,2,3,17,8,3,4,1,1,1,1,36,2,2,0.0,0.0,0.0,0.0,0.0,2.0,5,6,2
181415,16,2,3,17,8,3,0,1,0,1,2,18,2,2,0.0,0.0,0.0,0.0,0.0,2.0,9,2,12
40234,16,2,3,10,8,3,0,1,1,1,2,19,2,2,0.0,0.0,0.0,0.0,0.0,3.0,15,4,3
177229,16,2,3,10,8,3,0,1,1,0,2,36,2,2,0.0,0.0,0.0,0.0,0.0,2.0,16,2,12
91712,16,3,3,0,6,3,0,1,0,1,2,6,2,3,1.0,0.0,0.0,1.0,0.0,1.0,10,5,7
149800,16,7,1,10,2,3,6,1,1,1,1,36,2,2,0.0,0.0,0.0,0.0,0.0,2.0,19,1,10
162646,4,2,2,0,10,3,0,1,1,1,2,18,2,2,0.0,0.0,0.0,0.0,0.0,2.0,7,4,11
123934,15,7,3,0,2,3,6,1,0,1,2,36,4,3,3.0,0.0,0.0,3.0,0.0,2.0,7,6,9
160635,16,2,0,0,2,3,0,1,1,1,2,23,2,2,0.0,0.0,0.0,0.0,0.0,3.0,20,4,11
27003,16,2,3,9,6,3,0,1,0,1,0,18,2,1,1.0,0.0,1.0,0.0,0.0,1.0,14,7,2
139838,15,2,3,0,6,3,0,5,0,1,2,5,2,4,1.0,0.0,0.0,0.0,1.0,1.0,8,6,10
115937,15,11,5,15,6,3,5,5,0,1,2,36,2,4,1.0,0.0,0.0,0.0,1.0,1.0,16,3,8
93673,15,2,3,0,8,3,0,1,0,1,2,18,2,2,0.0,0.0,0.0,0.0,0.0,5.0,17,1,7
55462,15,2,3,17,6,3,0,1,0,1,2,18,2,3,1.0,0.0,0.0,1.0,0.0,5.0,17,2,4
69207,4,2,1,17,2,3,0,1,1,0,2,22,2,2,0.0,0.0,0.0,0.0,0.0,4.0,21,7,5
97276,16,2,3,17,8,3,0,1,1,1,0,36,2,2,0.0,0.0,0.0,0.0,0.0,2.0,9,6,7
151486,16,2,3,15,2,3,0,1,1,1,2,18,2,2,0.0,0.0,0.0,0.0,0.0,2.0,7,5,10
147049,16,2,3,9,8,3,0,1,1,1,0,18,2,2,0.0,0.0,0.0,0.0,0.0,2.0,23,4,10
68649,16,2,3,17,10,3,0,1,1,1,0,24,2,2,0.0,0.0,0.0,0.0,0.0,2.0,6,6,5
120543,15,2,3,8,2,3,0,1,0,1,2,18,3,4,2.0,0.0,0.0,0.0,2.0,1.0,18,6,9
64011,4,7,3,0,0,2,6,3,0,1,2,36,2,4,1.0,0.0,0.0,0.0,1.0,1.0,14,5,5
26103,16,10,1,17,15,3,4,1,0,1,2,18,2,2,0.0,0.0,0.0,0.0,0.0,1.0,23,6,2
52323,16,2,3,8,18,3,0,1,1,1,0,6,2,2,0.0,0.0,0.0,0.0,0.0,2.0,10,6,4
143687,15,11,3,3,15,3,5,5,1,1,0,36,2,2,0.0,0.0,0.0,0.0,0.0,2.0,13,2,10
40722,16,2,3,15,10,3,0,1,1,1,2,22,2,2,0.0,0.0,0.0,0.0,0.0,3.0,10,5,3
173120,15,2,4,0,8,3,6,1,1,1,2,36,2,2,0.0,0.0,0.0,0.0,0.0,3.0,16,7,12
37550,15,2,4,13,6,3,0,1,0,1,2,18,2,3,2.0,0.0,0.0,1.0,1.0,0.0,21,4,3
185530,15,6,3,0,6,3,4,5,1,1,2,36,2,2,0.0,0.0,0.0,0.0,0.0,2.0,13,7,12
77980,15,2,3,0,8,3,0,1,1,1,2,18,2,2,0.0,0.0,0.0,0.0,0.0,3.0,14,1,6
10371,16,2,3,9,3,3,0,1,1,1,0,36,2,2,0.0,0.0,0.0,0.0,0.0,2.0,9,6,1
15576,15,2,3,17,10,3,0,1,1,1,2,24,2,2,0.0,0.0,0.0,0.0,0.0,2.0,9,3,2
17703,16,2,1,15,2,3,0,1,1,1,2,23,2,2,0.0,0.0,0.0,0.0,0.0,2.0,18,2,2
157344,16,11,5,9,6,3,5,5,0,1,2,36,2,3,1.0,0.0,0.0,1.0,0.0,1.0,15,1,11
59273,16,3,3,0,11,3,0,1,0,1,2,36,2,3,1.0,0.0,0.0,1.0,0.0,1.0,12,6,5
13600,15,10,1,0,6,3,4,1,0,1,2,36,2,2,0.0,0.0,0.0,0.0,0.0,3.0,17,6,1
116294,16,2,3,8,6,3,0,1,0,1,1,24,2,3,1.0,0.0,0.0,1.0,0.0,2.0,14,7,8
182571,4,2,4,0,8,3,0,1,0,1,2,36,2,2,0.0,0.0,0.0,0.0,0.0,2.0,15,4,12
122084,16,2,1,10,6,3,0,1,1,1,2,12,2,2,0.0,0.0,0.0,0.0,0.0,4.0,8,1,9
21906,16,2,3,0,16,3,0,5,0,1,2,17,2,4,3.0,0.0,0.0,0.0,3.0,1.0,15,3,2
42670,16,7,3,15,2,3,6,1,1,1,1,36,2,2,0.0,0.0,0.0,0.0,0.0,2.0,16,2,4
67926,15,2,3,0,10,3,5,5,1,1,1,9,2,2,0.0,0.0,0.0,0.0,0.0,4.0,17,3,5
70124,15,2,3,0,6,3,0,1,0,1,2,5,2,2,0.0,0.0,0.0,0.0,0.0,3.0,8,3,5
27258,15,2,3,10,8,3,0,1,1,1,2,21,4,2,0.0,0.0,0.0,0.0,0.0,2.0,8,3,2
111753,16,11,5,10,15,3,5,5,1,1,2,17,2,2,0.0,0.0,0.0,0.0,0.0,2.0,13,2,8
15631,15,2,1,0,8,3,0,1,0,1,2,18,2,2,0.0,0.0,0.0,0.0,0.0,2.0,18,6,2
178701,4,11,3,0,6,3,5,5,1,1,0,5,2,2,0.0,0.0,0.0,0.0,0.0,2.0,9,2,12
30059,15,2,1,0,8,3,0,1,0,1,2,15,2,2,0.0,0.0,0.0,0.0,0.0,2.0,18,7,3
142240,16,2,1,17,2,3,0,1,1,1,2,18,2,2,0.0,0.0,0.0,0.0,0.0,2.0,16,2,10
150084,4,2,3,0,8,3,0,1,0,1,2,18,2,3,1.0,0.0,0.0,1.0,0.0,1.0,7,6,10
36727,16,2,3,0,2,3,0,1,0,1,2,6,2,2,0.0,0.0,0.0,0.0,0.0,2.0,10,1,3
4923,16,2,3,10,8,3,0,1,1,1,1,19,2,2,0.0,0.0,0.0,0.0,0.0,2.0,11,2,1
109723,16,2,1,10,6,3,0,5,1,1,2,36,2,2,0.0,0.0,0.0,0.0,0.0,2.0,0,6,8
93131,15,2,3,17,2,3,0,1,1,1,1,36,2,2,0.0,0.0,0.0,0.0,0.0,3.0,12,5,7
133171,16,2,3,17,1,3,0,1,1,1,1,6,2,2,0.0,0.0,0.0,0.0,0.0,2.0,12,1,9
163452,16,2,3,15,6,3,0,1,1,1,2,36,2,2,0.0,0.0,0.0,0.0,0.0,2.0,18,3,11
84345,16,7,3,0,10,4,6,1,0,1,2,6,2,2,0.0,0.0,0.0,0.0,0.0,3.0,8,2,6
11576,16,2,3,17,8,3,6,1,1,1,2,6,2,2,0.0,0.0,0.0,0.0,0.0,2.0,11,5,1
136461,4,11,1,17,6,3,5,5,1,1,2,23,2,2,0.0,0.0,0.0,0.0,0.0,3.0,23,7,9
26637,4,2,2,17,6,3,0,1,1,1,2,36,2,2,0.0,0.0,0.0,0.0,0.0,3.0,19,1,2
44609,15,2,3,17,2,3,0,1,0,1,2,18,2,2,0.0,0.0,0.0,0.0,0.0,2.0,14,7,4
56173,4,2,3,17,8,3,6,1,0,1,2,36,2,3,1.0,0.0,0.0,1.0,0.0,2.0,10,4,5
129601,15,2,3,8,8,3,0,1,0,1,0,5,2,3,2.0,0.0,0.0,2.0,0.0,0.0,17,2,9
187076,15,10,1,0,8,3,4,1,0,1,2,16,2,4,1.0,0.0,0.0,0.0,1.0,2.0,21,5,12
174263,16,2,3,10,8,3,0,1,0,1,2,30,2,4,1.0,0.0,0.0,0.0,1.0,1.0,9,4,12
54031,16,2,3,15,8,3,0,1,1,1,2,23,2,2,0.0,0.0,0.0,0.0,0.0,2.0,4,6,4
160570,16,3,3,17,3,3,0,1,1,1,2,22,2,2,0.0,0.0,0.0,0.0,0.0,2.0,7,3,11
171663,4,2,3,0,8,3,0,1,1,1,1,36,2,2,0.0,0.0,0.0,0.0,0.0,3.0,11,5,11
27259,16,2,1,15,2,3,0,1,0,1,2,23,2,4,1.0,0.0,0.0,0.0,1.0,1.0,20,3,2
92541,15,2,3,0,6,3,0,1,0,1,2,5,2,3,2.0,0.0,0.0,1.0,1.0,0.0,17,4,7
118509,15,2,3,10,6,3,0,1,1,1,2,28,2,2,0.0,0.0,0.0,0.0,0.0,2.0,19,6,8
107440,16,2,1,17,3,3,0,1,0,1,2,6,2,3,1.0,0.0,0.0,1.0,0.0,1.0,22,6,8
137691,16,2,3,9,8,3,0,1,0,1,0,18,2,3,1.0,0.0,0.0,1.0,0.0,1.0,16,2,10
135768,16,2,3,10,6,3,0,1,1,1,2,36,2,2,0.0,0.0,0.0,0.0,0.0,2.0,7,4,9
150405,16,7,2,17,8,3,6,1,1,1,0,36,2,2,0.0,0.0,0.0,0.0,0.0,2.0,8,2,10
70400,16,2,3,17,3,3,0,1,0,1,2,6,2,2,0.0,0.0,0.0,0.0,0.0,2.0,14,7,5
141198,16,2,1,0,3,3,0,1,0,1,2,28,2,2,0.0,0.0,0.0,0.0,0.0,2.0,1,2,10
135246,16,7,3,7,8,3,6,1,0,1,2,22,5,2,0.0,0.0,0.0,0.0,0.0,1.0,11,3,9
92823,16,2,3,15,6,3,0,1,0,1,2,36,3,2,0.0,0.0,0.0,0.0,0.0,3.0,15,2,7
4330,16,2,1,10,2,3,0,1,1,1,1,36,2,2,0.0,0.0,0.0,0.0,0.0,2.0,18,5,1
121275,16,2,3,0,18,3,0,1,1,1,2,6,2,2,0.0,0.0,0.0,0.0,0.0,3.0,11,2,9
129036,4,2,3,17,8,3,0,5,0,1,2,12,2,2,0.0,0.0,0.0,0.0,0.0,2.0,18,1,9
177820,16,2,1,17,8,3,0,1,0,1,2,6,2,3,1.0,0.0,0.0,1.0,0.0,1.0,19,3,12
174471,4,2,3,10,10,3,0,1,1,1,1,36,2,2,0.0,0.0,0.0,0.0,0.0,3.0,15,5,12
144207,4,2,1,2,10,3,0,1,0,1,2,22,2,3,1.0,0.0,0.0,1.0,0.0,3.0,19,7,10
105141,15,2,3,14,8,3,0,1,1,1,1,18,2,2,0.0,0.0,0.0,0.0,0.0,2.0,14,6,8
58666,15,2,1,0,2,3,0,1,0,1,2,5,2,3,1.0,0.0,0.0,1.0,0.0,2.0,22,4,5
60860,16,2,3,10,8,3,0,1,0,1,2,19,2,3,3.0,0.0,0.0,3.0,0.0,0.0,17,3,5
132239,16,2,3,0,8,3,0,1,1,1,2,6,2,2,0.0,0.0,0.0,0.0,0.0,2.0,17,4,9
2076,16,2,1,3,8,3,0,1,0,1,2,6,3,2,0.0,0.0,0.0,0.0,0.0,2.0,3,7,1
36985,4,7,3,15,15,3,6,1,1,1,1,12,2,2,0.0,0.0,0.0,0.0,0.0,3.0,15,7,3
41544,16,2,1,15,6,3,0,5,0,1,2,36,2,2,0.0,0.0,0.0,0.0,0.0,2.0,4,2,3
36285,16,2,3,17,2,2,0,1,1,1,0,23,2,2,0.0,0.0,0.0,0.0,0.0,3.0,13,1,3
138589,15,2,1,11,6,3,0,2,1,1,2,32,2,2,0.0,0.0,0.0,0.0,0.0,6.0,1,2,10
76123,6,2,4,2,0,3,0,1,0,0,0,28,3,2,0.0,0.0,0.0,0.0,0.0,5.0,20,7,6
104069,16,2,3,17,8,3,0,1,0,1,2,18,2,4,1.0,0.0,0.0,0.0,1.0,1.0,11,4,8
8140,16,2,3,17,2,3,6,1,1,1,2,24,2,2,0.0,0.0,0.0,0.0,0.0,2.0,7,4,1
10863,16,10,1,17,6,3,4,1,1,1,2,18,2,2,0.0,0.0,0.0,0.0,0.0,2.0,23,7,1
159627,16,3,3,15,6,3,0,1,1,1,1,23,2,2,0.0,0.0,0.0,0.0,0.0,2.0,12,3,11
12782,16,10,3,10,8,3,0,5,1,0,2,19,2,2,0.0,0.0,0.0,0.0,0.0,2.0,8,5,1
82663,4,2,3,17,8,3,0,1,1,1,1,24,2,2,0.0,0.0,0.0,0.0,0.0,2.0,19,4,6
144478,16,2,1,10,2,3,0,1,1,1,1,19,2,2,0.0,0.0,0.0,0.0,0.0,2.0,18,5,10
65043,16,2,1,17,6,3,5,5,1,1,2,18,2,2,0.0,0.0,0.0,0.0,0.0,4.0,22,7,5
7339,16,2,3,9,6,3,0,1,1,1,2,18,3,2,0.0,0.0,0.0,0.0,0.0,3.0,15,7,1
103268,4,2,3,17,0,3,0,1,0,1,2,38,2,3,2.0,0.0,0.0,2.0,0.0,2.0,12,7,7
124508,16,2,3,15,2,3,0,2,1,1,1,26,2,2,0.0,0.0,0.0,0.0,0.0,2.0,12,7,9
37420,16,2,3,17,6,3,0,1,1,1,1,36,2,2,0.0,0.0,0.0,0.0,0.0,3.0,17,1,3
7635,15,10,3,7,8,3,4,1,1,1,2,39,2,2,0.0,0.0,0.0,0.0,0.0,1.0,8,3,1
31198,4,2,3,10,8,3,5,5,1,1,2,36,2,2,0.0,0.0,0.0,0.0,0.0,2.0,12,7,3
86263,16,7,3,17,8,3,6,1,1,1,2,18,2,2,0.0,0.0,0.0,0.0,0.0,2.0,11,4,6
29804,16,2,3,17,2,3,0,1,0,1,2,35,2,4,2.0,0.0,0.0,0.0,2.0,1.0,12,4,3
33138,16,2,3,9,6,3,0,1,0,1,2,18,2,3,1.0,0.0,0.0,1.0,0.0,1.0,9,5,3
170446,16,2,1,0,6,3,0,1,0,1,2,6,3,2,0.0,0.0,0.0,0.0,0.0,4.0,2,1,11
144640,16,2,3,10,8,3,0,1,0,1,2,34,2,4,1.0,0.0,0.0,0.0,1.0,1.0,14,6,10
54440,16,2,3,17,18,3,0,1,0,1,2,24,2,4,1.0,0.0,0.0,0.0,1.0,4.0,12,5,4
96217,16,2,1,11,6,3,0,1,1,0,2,26,2,2,0.0,0.0,0.0,0.0,0.0,4.0,23,4,7
174062,16,11,5,10,8,3,5,5,1,1,0,36,2,2,0.0,0.0,0.0,0.0,0.0,2.0,6,7,12
126908,4,2,3,17,8,3,0,1,1,1,2,22,2,2,0.0,0.0,0.0,0.0,0.0,2.0,16,1,9
33563,16,2,1,17,6,3,0,1,1,1,0,36,2,2,0.0,0.0,0.0,0.0,0.0,4.0,0,5,3
136221,15,2,3,10,6,3,0,1,1,1,2,28,2,2,0.0,0.0,0.0,0.0,0.0,3.0,16,3,9
106115,16,2,3,17,6,3,0,1,1,1,2,18,2,2,0.0,0.0,0.0,0.0,0.0,2.0,9,1,8
162811,4,2,1,7,8,3,6,1,0,0,1,34,2,2,0.0,0.0,0.0,0.0,0.0,1.0,0,7,11
122812,6,2,2,10,8,3,0,1,1,1,1,24,2,2,0.0,0.0,0.0,0.0,0.0,2.0,9,3,9
128422,4,2,3,10,8,3,0,5,1,1,0,18,2,2,0.0,0.0,0.0,0.0,0.0,3.0,13,7,9
22633,16,6,1,0,2,3,6,1,0,1,2,6,2,2,0.0,0.0,0.0,0.0,0.0,2.0,23,7,2
85279,4,7,3,10,8,3,6,1,1,1,1,17,2,2,0.0,0.0,0.0,0.0,0.0,2.0,9,3,6
73299,16,2,3,17,6,3,5,5,1,1,2,36,2,2,0.0,0.0,0.0,0.0,0.0,2.0,16,2,6
162703,16,2,3,15,2,3,0,1,1,1,2,23,2,2,0.0,0.0,0.0,0.0,0.0,2.0,14,6,11
41622,17,7,5,10,10,3,6,5,0,1,2,36,2,4,2.0,0.0,0.0,0.0,2.0,1.0,13,4,3
50738,16,3,3,10,2,3,0,1,1,1,2,19,2,2,0.0,0.0,0.0,0.0,0.0,4.0,10,4,4
122895,16,2,3,17,8,3,0,5,1,1,1,24,2,2,0.0,0.0,0.0,0.0,0.0,2.0,13,5,9
186291,4,2,1,17,0,3,0,1,1,1,1,36,2,2,0.0,0.0,0.0,0.0,0.0,2.0,18,1,12
158732,4,7,0,10,2,3,0,1,1,1,2,19,3,2,0.0,0.0,0.0,0.0,0.0,3.0,19,3,11
181478,16,2,1,17,2,3,0,1,1,1,2,36,2,2,0.0,0.0,0.0,0.0,0.0,4.0,19,3,12
118316,16,2,3,17,3,3,0,1,1,1,2,21,2,2,0.0,0.0,0.0,0.0,0.0,3.0,13,3,8
169558,16,2,1,15,2,3,0,1,0,1,2,23,2,4,1.0,0.0,0.0,0.0,1.0,2.0,16,2,11
19786,16,2,3,17,8,3,6,1,0,1,2,36,2,2,0.0,0.0,0.0,0.0,0.0,2.0,10,2,2
42353,16,2,3,17,8,3,0,1,1,1,1,24,2,2,0.0,0.0,0.0,0.0,0.0,9.0,12,1,4
188764,16,2,3,17,6,3,6,1,0,1,1,36,3,2,0.0,0.0,0.0,0.0,0.0,3.0,9,3,12
81933,16,2,3,17,6,3,0,1,0,1,2,6,2,4,1.0,0.0,0.0,0.0,1.0,1.0,11,1,6
23476,16,2,3,0,8,3,0,1,0,1,1,6,2,4,1.0,0.0,0.0,0.0,1.0,1.0,14,6,2
151878,16,7,3,0,6,3,6,5,1,1,2,36,2,2,0.0,0.0,0.0,0.0,0.0,3.0,12,2,10
173309,16,2,3,17,8,3,0,1,0,1,2,18,2,2,0.0,0.0,0.0,0.0,0.0,3.0,11,1,12
44022,16,7,1,0,19,3,6,1,0,1,2,6,2,2,0.0,0.0,0.0,0.0,0.0,2.0,22,3,4
169315,16,2,3,17,8,3,0,1,1,1,1,24,2,2,0.0,0.0,0.0,0.0,0.0,5.0,9,2,11
11096,16,10,4,10,3,3,0,1,1,1,1,19,2,2,0.0,0.0,0.0,0.0,0.0,2.0,12,3,1
93952,4,2,1,0,3,3,0,1,1,1,2,36,2,2,0.0,0.0,0.0,0.0,0.0,2.0,23,6,7
95868,16,2,1,17,1,3,0,1,0,1,2,24,4,4,5.0,0.0,0.0,0.0,5.0,2.0,21,7,7
66336,16,2,3,0,8,3,0,1,1,1,1,18,2,2,0.0,0.0,0.0,0.0,0.0,2.0,10,6,5
14323,4,2,3,10,8,3,0,1,1,1,0,19,2,2,0.0,0.0,0.0,0.0,0.0,2.0,15,5,1
124076,15,2,3,0,8,3,0,1,0,1,2,18,3,1,2.0,0.0,1.0,1.0,0.0,1.0,10,2,9
44167,15,2,3,0,2,3,0,1,0,1,2,22,2,4,1.0,0.0,0.0,0.0,1.0,2.0,7,5,4
52883,16,3,3,2,19,3,0,1,1,1,2,14,1,2,0.0,0.0,0.0,0.0,0.0,1.0,8,2,4
106301,16,2,3,0,8,3,0,1,0,1,2,6,2,1,5.0,0.0,1.0,4.0,0.0,4.0,18,2,8
118589,16,2,1,17,6,3,0,1,0,1,2,36,2,4,1.0,0.0,0.0,0.0,1.0,2.0,22,7,8
152260,15,2,3,10,11,3,0,1,1,1,2,21,2,2,0.0,0.0,0.0,0.0,0.0,2.0,9,5,10
90727,4,3,3,10,8,3,0,1,1,1,2,36,2,2,0.0,0.0,0.0,0.0,0.0,3.0,6,4,7
5471,1,11,5,10,1,3,5,5,1,1,2,36,2,2,0.0,0.0,0.0,0.0,0.0,2.0,22,5,1
72879,16,2,3,10,8,3,0,1,0,1,1,36,2,4,1.0,0.0,0.0,0.0,1.0,1.0,13,1,6
169266,15,2,3,10,2,3,0,1,1,1,2,19,2,2,0.0,0.0,0.0,0.0,0.0,2.0,13,2,11
101694,4,2,3,10,8,3,0,1,1,1,2,12,2,2,0.0,0.0,0.0,0.0,0.0,2.0,16,5,7
143545,4,7,3,0,8,3,6,1,0,1,1,18,2,2,0.0,0.0,0.0,0.0,0.0,2.0,15,6,10
68604,4,2,1,0,2,3,0,1,0,1,2,18,2,3,1.0,0.0,0.0,1.0,0.0,3.0,23,7,5
174992,4,2,3,17,2,3,0,1,1,1,1,15,2,2,0.0,0.0,0.0,0.0,0.0,4.0,13,5,12
79855,16,2,3,17,2,3,0,1,0,1,2,36,2,3,2.0,0.0,0.0,2.0,0.0,0.0,9,7,6
54925,16,3,3,17,8,3,0,1,1,1,1,18,2,2,0.0,0.0,0.0,0.0,0.0,3.0,8,6,4
47238,16,2,3,17,8,3,0,1,1,1,2,19,2,2,0.0,0.0,0.0,0.0,0.0,2.0,6,6,4
162583,16,2,0,0,3,3,0,1,0,1,2,36,3,4,1.0,0.0,0.0,0.0,1.0,9.0,22,3,11
22535,16,2,3,17,3,3,0,1,1,1,2,36,2,2,0.0,0.0,0.0,0.0,0.0,3.0,16,4,2
45007,16,2,3,10,8,3,0,1,0,1,2,19,2,3,1.0,0.0,0.0,1.0,0.0,1.0,9,7,4
2532,16,2,1,17,11,3,0,1,0,1,2,3,2,3,4.0,0.0,0.0,4.0,0.0,1.0,20,1,1
142948,16,2,3,17,18,3,0,1,1,1,1,24,2,2,0.0,0.0,0.0,0.0,0.0,2.0,15,5,10
120095,4,2,3,7,2,3,0,1,0,1,2,17,2,2,0.0,0.0,0.0,0.0,0.0,1.0,13,7,8
103609,16,2,3,17,8,3,0,1,1,1,2,36,2,2,0.0,0.0,0.0,0.0,0.0,2.0,15,6,7
123935,16,2,3,17,8,3,6,1,0,1,2,11,2,3,1.0,0.0,0.0,1.0,0.0,2.0,7,6,9
146243,16,7,3,10,8,3,6,1,1,1,2,19,2,2,0.0,0.0,0.0,0.0,0.0,2.0,14,3,10
178331,15,2,3,0,8,3,0,1,1,1,1,36,2,2,0.0,0.0,0.0,0.0,0.0,4.0,8,3,12
10228,15,2,0,0,8,3,0,1,1,1,1,18,2,2,0.0,0.0,0.0,0.0,0.0,2.0,20,3,1
66674,16,2,3,10,2,3,0,1,1,1,2,36,2,2,0.0,0.0,0.0,0.0,0.0,2.0,17,4,5
106641,15,2,3,0,3,3,0,1,0,1,2,18,2,3,1.0,0.0,0.0,1.0,0.0,1.0,18,2,8
60687,16,2,4,10,2,3,0,1,1,1,2,17,2,2,0.0,0.0,0.0,0.0,0.0,2.0,19,6,5
145783,16,2,3,10,2,3,0,3,1,1,2,19,2,2,0.0,0.0,0.0,0.0,0.0,2.0,13,7,10
22901,16,10,0,10,2,3,4,1,1,1,2,17,2,2,0.0,0.0,0.0,0.0,0.0,2.0,6,6,2
117695,15,2,3,0,6,3,0,1,1,1,1,36,2,2,0.0,0.0,0.0,0.0,0.0,2.0,8,2,8
139770,16,2,3,10,8,3,5,5,1,1,2,36,2,2,0.0,0.0,0.0,0.0,0.0,2.0,10,4,10
51248,16,2,3,10,8,3,0,1,1,1,2,19,2,2,0.0,0.0,0.0,0.0,0.0,2.0,7,6,4
174089,15,2,3,9,10,3,0,1,0,1,0,18,2,4,1.0,0.0,0.0,0.0,1.0,1.0,12,7,12
141917,15,7,3,0,8,3,6,1,1,1,2,36,2,2,0.0,0.0,0.0,0.0,0.0,2.0,14,6,10
51324,16,2,3,0,8,3,5,5,1,1,2,6,2,2,0.0,0.0,0.0,0.0,0.0,4.0,16,1,4
51411,16,10,4,0,6,3,4,1,0,1,2,36,2,2,0.0,0.0,0.0,0.0,0.0,2.0,4,4,4
115504,16,2,3,17,6,3,0,1,1,1,1,24,2,2,0.0,0.0,0.0,0.0,0.0,2.0,7,3,8
150580,16,3,3,17,6,3,0,1,0,1,2,13,2,3,1.0,0.0,0.0,1.0,0.0,0.0,10,4,10
151668,16,2,1,17,3,3,0,5,1,1,1,36,2,2,0.0,0.0,0.0,0.0,0.0,2.0,20,5,10
105323,16,2,3,17,2,3,0,1,0,1,2,24,2,4,1.0,0.0,0.0,0.0,1.0,2.0,11,2,8
39415,16,2,3,15,8,3,0,5,1,1,1,12,2,2,0.0,0.0,0.0,0.0,0.0,2.0,16,2,3
16091,16,2,1,17,2,3,6,6,0,1,2,22,2,2,0.0,0.0,0.0,0.0,0.0,2.0,23,1,2
82696,4,7,3,15,8,3,6,1,0,1,2,17,2,2,0.0,0.0,0.0,0.0,0.0,2.0,15,5,6
73884,16,2,3,15,8,3,0,1,0,1,1,23,2,3,1.0,0.0,0.0,1.0,0.0,4.0,15,2,6
154643,15,2,3,9,11,3,0,1,0,1,0,26,2,3,1.0,0.0,0.0,1.0,0.0,1.0,7,4,10
16279,16,2,1,10,6,3,0,1,0,1,2,26,2,3,1.0,0.0,0.0,1.0,0.0,1.0,2,6,2
149607,15,2,2,17,8,3,0,1,1,1,2,24,2,2,0.0,0.0,0.0,0.0,0.0,2.0,19,7,10
9311,17,2,3,17,15,3,1,5,0,1,2,36,2,3,1.0,0.0,0.0,1.0,0.0,2.0,7,1,1
114642,15,3,3,14,8,4,0,1,1,1,2,5,2,2,0.0,0.0,0.0,0.0,0.0,2.0,15,3,8
171450,16,2,3,15,2,3,0,1,0,1,2,24,2,2,0.0,0.0,0.0,0.0,0.0,3.0,9,3,11
31653,16,2,3,17,6,3,0,1,0,1,2,6,2,3,2.0,0.0,0.0,2.0,0.0,2.0,15,2,3
95327,15,7,3,17,8,3,6,1,0,1,2,36,2,2,0.0,0.0,0.0,0.0,0.0,2.0,17,6,7
108999,16,2,1,0,8,3,6,1,1,1,1,36,2,2,0.0,0.0,0.0,0.0,0.0,2.0,22,2,8
150328,16,2,3,10,2,3,0,1,1,1,2,19,2,2,0.0,0.0,0.0,0.0,0.0,5.0,13,1,10