crash_date,               traffic_control_device,weather_condition,lighting_condition,first_crash_type,trafficway_type,alignment,roadway_surface_cond,road_defect,crash_type,intersection_related_i,damage,prim_contributory_cause,num_units,most_severe_injury,injuries_total,injuries_fatal,injuries_incapacitating,injuries_non_incapacitating,injuries_reported_not_evident,injuries_no_indication,crash_hour,crash_day_of_week,crash_month
150119,15,2,1,0,18,3,0,1,0,1,2,18,2,3,2.0,0.0,0.0,2.0,0.0,5.0,2,7,10
126798,15,7,1,0,8,3,5,1,1,1,1,5,2,2,0.0,0.0,0.0,0.0,0.0,2.0,0,5,9
3683,16,9,1,17,9,3,1,5,0,1,2,18,2,2,0.0,0.0,0.0,0.0,0.0,3.0,20,7,1
174224,16,2,3,15,2,3,0,1,1,1,2,23,2,2,0.0,0.0,0.0,0.0,0.0,2.0,15,4,12
23045,15,2,3,17,10,3,0,1,1,1,2,5,3,2,0.0,0.0,0.0,0.0,0.0,4.0,14,7,2
11778,16,2,1,17,8,3,0,1,1,1,2,24,2,2,0.0,0.0,0.0,0.0,0.0,5.0,15,3,1
9102,16,10,1,2,6,3,4,1,0,1,2,36,1,2,0.0,0.0,0.0,0.0,0.0,1.0,22,5,1
77496,16,3,0,10,8,3,6,1,1,1,2,19,2,2,0.0,0.0,0.0,0.0,0.0,4.0,19,1,6
12023,4,2,3,0,2,3,0,1,1,1,1,36,2,2,0.0,0.0,0.0,0.0,0.0,3.0,17,6,1
77331,15,2,3,0,6,3,0,1,1,1,1,18,2,2,0.0,0.0,0.0,0.0,0.0,3.0,14,6,6
2003,16,2,1,17,1,3,0,1,0,1,2,15,2,3,1.0,0.0,0.0,1.0,0.0,1.0,5,6,1
23981,15,2,1,8,10,3,0,1,1,1,0,5,2,2,0.0,0.0,0.0,0.0,0.0,2.0,19,2,2
55769,16,2,3,17,8,3,0,1,0,1,2,38,2,2,0.0,0.0,0.0,0.0,0.0,2.0,18,6,4
169024,17,11,5,0,6,3,5,5,0,1,2,36,2,2,0.0,0.0,0.0,0.0,0.0,2.0,4,6,11
109540,16,2,3,10,8,3,0,1,0,0,2,36,2,3,1.0,0.0,0.0,1.0,0.0,1.0,13,4,8
11341,16,2,3,9,6,3,0,1,0,1,0,18,2,3,1.0,0.0,0.0,1.0,0.0,1.0,16,2,1
162301,16,2,0,0,6,3,0,1,0,1,2,18,2,4,1.0,0.0,0.0,0.0,1.0,1.0,0,7,11
144044,4,2,3,10,8,3,0,1,1,1,2,36,2,2,0.0,0.0,0.0,0.0,0.0,2.0,10,4,10
86336,16,2,1,0,8,3,0,1,0,1,2,6,2,2,0.0,0.0,0.0,0.0,0.0,2.0,0,5,6
25858,16,2,1,17,3,3,0,1,1,1,2,18,2,2,0.0,0.0,0.0,0.0,0.0,2.0,21,1,2
48345,16,2,3,17,6,3,0,5,1,1,1,17,2,2,0.0,0.0,0.0,0.0,0.0,2.0,7,5,4
12439,16,2,1,17,8,3,0,1,1,1,2,18,2,2,0.0,0.0,0.0,0.0,0.0,2.0,20,6,1
63833,16,2,3,17,13,3,0,1,1,0,2,23,2,2,0.0,0.0,0.0,0.0,0.0,3.0,12,7,5
8615,15,2,3,3,8,3,0,1,1,1,1,36,2,2,0.0,0.0,0.0,0.0,0.0,2.0,14,4,1
181772,16,7,1,17,15,3,6,1,1,1,2,20,2,2,0.0,0.0,0.0,0.0,0.0,4.0,0,1,12
97984,15,2,3,0,8,3,0,1,1,1,2,5,2,2,0.0,0.0,0.0,0.0,0.0,3.0,18,4,7
23408,16,2,3,17,2,3,0,1,0,1,2,18,2,2,0.0,0.0,0.0,0.0,0.0,3.0,11,7,2
111340,15,7,3,15,6,3,6,1,1,1,2,5,2,2,0.0,0.0,0.0,0.0,0.0,2.0,12,2,8
160280,4,2,3,7,8,3,0,1,1,0,2,36,2,2,0.0,0.0,0.0,0.0,0.0,3.0,12,4,11
75276,4,2,0,10,15,3,0,1,0,1,2,21,2,2,0.0,0.0,0.0,0.0,0.0,4.0,22,2,6
150222,17,2,1,0,6,3,0,5,0,1,2,6,4,2,0.0,0.0,0.0,0.0,0.0,4.0,19,1,10
156711,16,2,3,0,6,0,0,5,0,1,2,36,2,3,1.0,0.0,0.0,1.0,0.0,1.0,18,4,11
182937,16,2,3,15,6,3,0,1,0,1,2,23,2,4,1.0,0.0,0.0,0.0,1.0,1.0,11,3,12
179348,6,2,3,17,10,3,0,1,1,1,2,22,2,2,0.0,0.0,0.0,0.0,0.0,4.0,8,4,12
52538,16,2,3,10,8,3,0,1,1,1,1,18,2,2,0.0,0.0,0.0,0.0,0.0,2.0,14,2,4
140488,16,7,4,9,3,3,6,1,0,1,2,18,2,1,1.0,0.0,1.0,0.0,0.0,1.0,17,6,10
185521,15,2,1,0,8,3,0,1,1,1,2,26,2,2,0.0,0.0,0.0,0.0,0.0,3.0,23,6,12
160319,16,2,3,17,8,3,0,1,1,1,2,24,2,2,0.0,0.0,0.0,0.0,0.0,3.0,9,5,11
124994,15,2,0,15,8,3,0,1,1,1,2,12,2,2,0.0,0.0,0.0,0.0,0.0,6.0,20,7,9
153721,15,2,1,17,18,3,0,1,0,1,2,24,2,2,0.0,0.0,0.0,0.0,0.0,4.0,19,6,10
44999,16,2,2,17,10,3,0,5,1,1,0,36,2,2,0.0,0.0,0.0,0.0,0.0,2.0,19,7,4
23991,16,7,3,0,8,3,6,1,1,1,2,6,2,2,0.0,0.0,0.0,0.0,0.0,2.0,13,3,2
177629,16,2,1,17,5,3,0,1,1,1,2,18,2,2,0.0,0.0,0.0,0.0,0.0,3.0,17,3,12
164432,16,2,1,17,8,3,0,1,0,1,2,17,2,3,1.0,0.0,0.0,1.0,0.0,3.0,17,2,11
132960,4,3,3,7,15,3,0,1,1,1,2,24,2,2,0.0,0.0,0.0,0.0,0.0,2.0,18,1,9
46150,16,7,1,10,3,3,6,1,0,1,2,17,2,2,0.0,0.0,0.0,0.0,0.0,2.0,0,7,4
156275,15,2,0,10,8,3,0,5,1,1,2,18,2,2,0.0,0.0,0.0,0.0,0.0,2.0,12,6,11
147599,16,2,3,10,8,3,0,1,0,1,0,36,2,3,1.0,0.0,0.0,1.0,0.0,1.0,14,6,10
59316,15,2,3,0,2,3,0,1,0,1,2,36,2,2,0.0,0.0,0.0,0.0,0.0,2.0,18,7,5
51125,16,2,3,10,8,3,0,1,1,1,1,19,2,2,0.0,0.0,0.0,0.0,0.0,2.0,8,5,4
98654,16,2,3,10,10,3,0,1,1,1,1,36,2,2,0.0,0.0,0.0,0.0,0.0,4.0,14,1,7
180579,15,2,1,0,6,3,0,1,0,1,2,18,2,2,0.0,0.0,0.0,0.0,0.0,2.0,17,6,12
177756,16,2,3,3,8,3,0,1,0,1,2,18,3,2,0.0,0.0,0.0,0.0,0.0,5.0,8,2,12
103725,16,11,1,10,10,3,5,5,1,1,1,19,2,2,0.0,0.0,0.0,0.0,0.0,3.0,21,7,7
167192,16,2,1,17,3,3,0,1,0,1,2,18,2,2,0.0,0.0,0.0,0.0,0.0,2.0,17,5,11
150483,16,2,3,15,2,3,0,1,1,1,2,22,2,2,0.0,0.0,0.0,0.0,0.0,2.0,8,3,10
24638,4,2,1,7,10,3,6,1,1,0,2,22,2,2,0.0,0.0,0.0,0.0,0.0,1.0,20,1,2
149163,4,2,3,15,2,3,0,1,1,1,1,36,2,2,0.0,0.0,0.0,0.0,0.0,2.0,17,6,10
97277,16,2,1,17,6,3,0,1,0,1,2,24,2,3,1.0,0.0,0.0,1.0,0.0,1.0,21,6,7
142464,16,2,1,10,3,3,0,1,1,1,2,36,2,2,0.0,0.0,0.0,0.0,0.0,2.0,20,6,10
94794,16,2,3,17,6,3,0,1,1,1,1,24,2,2,0.0,0.0,0.0,0.0,0.0,2.0,8,4,7
44498,4,7,3,15,8,3,6,1,1,0,0,23,2,2,0.0,0.0,0.0,0.0,0.0,2.0,8,4,4
166242,15,2,3,15,6,3,0,1,0,1,2,23,3,2,0.0,0.0,0.0,0.0,0.0,3.0,7,6,11
26223,15,7,1,9,8,3,6,5,0,1,2,5,2,3,1.0,0.0,0.0,1.0,0.0,1.0,2,1,2
40071,16,2,3,10,6,3,0,1,0,1,2,17,2,4,1.0,0.0,0.0,0.0,1.0,2.0,7,1,3
64688,4,2,3,17,2,3,0,1,0,1,2,23,2,2,0.0,0.0,0.0,0.0,0.0,3.0,13,7,5
70583,15,2,3,3,10,3,0,5,0,0,2,36,2,2,0.0,0.0,0.0,0.0,0.0,2.0,17,4,5
176437,16,2,1,17,10,3,0,1,1,1,2,23,2,2,0.0,0.0,0.0,0.0,0.0,2.0,16,1,12
33700,16,2,3,17,8,3,0,1,1,1,2,36,2,2,0.0,0.0,0.0,0.0,0.0,2.0,16,1,3
22756,16,2,3,17,6,3,6,5,1,1,1,36,2,2,0.0,0.0,0.0,0.0,0.0,3.0,14,4,2
151825,16,7,2,10,6,3,6,1,1,1,2,19,2,2,0.0,0.0,0.0,0.0,0.0,3.0,6,2,10
141837,16,11,3,10,16,3,5,5,1,1,1,36,2,2,0.0,0.0,0.0,0.0,0.0,2.0,10,3,10
2954,15,2,4,0,8,3,0,5,0,1,2,5,2,2,0.0,0.0,0.0,0.0,0.0,6.0,16,7,1
119513,16,2,3,17,8,3,0,1,1,1,1,36,2,2,0.0,0.0,0.0,0.0,0.0,2.0,20,5,8
117583,15,2,3,0,12,3,0,1,1,1,2,36,2,2,0.0,0.0,0.0,0.0,0.0,2.0,11,6,8
157083,16,2,3,17,6,3,0,1,0,1,2,18,2,3,1.0,0.0,0.0,1.0,0.0,1.0,11,1,11
95842,15,7,1,11,8,3,6,1,1,1,2,36,2,2,0.0,0.0,0.0,0.0,0.0,2.0,2,7,7
153486,16,7,1,17,2,3,6,5,1,1,0,24,2,2,0.0,0.0,0.0,0.0,0.0,2.0,17,1,10
47648,16,3,4,17,2,3,6,5,0,1,2,18,3,3,3.0,0.0,0.0,3.0,0.0,6.0,17,6,4
36743,4,2,1,17,8,3,0,1,1,1,1,36,2,2,0.0,0.0,0.0,0.0,0.0,2.0,4,2,3
113886,15,2,1,17,6,3,0,1,0,1,2,18,2,2,0.0,0.0,0.0,0.0,0.0,3.0,23,6,8
99695,15,2,3,10,8,3,0,1,1,1,1,8,2,2,0.0,0.0,0.0,0.0,0.0,4.0,9,3,7
3519,4,2,3,17,8,3,0,1,1,1,2,18,2,2,0.0,0.0,0.0,0.0,0.0,4.0,7,3,1
92629,16,2,3,15,8,3,0,1,1,1,2,36,2,2,0.0,0.0,0.0,0.0,0.0,2.0,18,6,7
162790,16,2,3,17,10,3,0,1,1,1,1,18,2,2,0.0,0.0,0.0,0.0,0.0,2.0,9,7,11
46072,15,7,3,0,18,3,6,1,0,1,2,18,5,3,2.0,0.0,0.0,2.0,0.0,1.0,10,6,4
17193,6,2,2,7,8,3,4,1,1,1,2,36,2,2,0.0,0.0,0.0,0.0,0.0,2.0,6,7,2
136548,16,2,3,17,2,3,0,1,1,1,1,36,2,2,0.0,0.0,0.0,0.0,0.0,2.0,18,6,9
9537,16,2,1,17,6,3,6,1,0,1,2,24,2,2,0.0,0.0,0.0,0.0,0.0,2.0,21,6,1
87609,16,2,2,10,6,3,0,1,1,0,0,19,2,2,0.0,0.0,0.0,0.0,0.0,2.0,6,5,6
135906,16,2,3,17,8,3,0,1,1,1,2,18,2,2,0.0,0.0,0.0,0.0,0.0,2.0,13,5,9
183093,16,2,3,17,2,3,0,1,0,1,2,18,2,4,1.0,0.0,0.0,0.0,1.0,1.0,6,4,12
173315,4,3,1,0,8,3,6,1,1,1,1,18,2,2,0.0,0.0,0.0,0.0,0.0,2.0,13,2,12
8052,16,2,0,0,6,3,6,1,0,1,2,6,2,4,1.0,0.0,0.0,0.0,1.0,2.0,21,5,1
56867,16,2,3,10,2,3,0,1,0,1,2,36,2,4,1.0,0.0,0.0,0.0,1.0,1.0,8,3,5
127234,16,2,1,17,1,3,0,1,0,1,2,18,2,3,1.0,0.0,0.0,1.0,0.0,1.0,23,4,9
176167,16,2,1,17,6,3,0,1,1,1,1,6,2,2,0.0,0.0,0.0,0.0,0.0,2.0,22,1,12
180785,16,2,1,17,8,3,0,1,1,1,1,36,2,2,0.0,0.0,0.0,0.0,0.0,2.0,19,7,12
157819,16,2,2,17,6,3,0,1,1,1,1,24,2,2,0.0,0.0,0.0,0.0,0.0,2.0,6,6,11
175126,15,2,1,5,8,3,0,1,0,1,2,37,1,2,0.0,0.0,0.0,0.0,0.0,2.0,0,6,12
53130,16,2,3,3,11,3,0,1,1,1,2,26,2,2,0.0,0.0,0.0,0.0,0.0,2.0,11,5,4
159564,16,2,3,14,8,3,0,1,1,1,0,23,2,2,0.0,0.0,0.0,0.0,0.0,2.0,12,2,11
17448,15,2,3,17,8,3,6,1,0,1,1,5,2,1,3.0,0.0,3.0,0.0,0.0,1.0,7,4,2
143219,17,2,5,17,18,3,5,5,1,1,2,12,2,2,0.0,0.0,0.0,0.0,0.0,2.0,18,3,10
84643,15,2,3,0,6,3,0,1,0,1,2,18,2,2,0.0,0.0,0.0,0.0,0.0,4.0,17,2,6
40094,16,11,3,15,8,3,5,1,1,1,2,36,2,2,0.0,0.0,0.0,0.0,0.0,2.0,11,1,3
36699,16,2,1,0,2,3,0,1,0,1,2,6,2,0,4.0,1.0,0.0,1.0,2.0,0.0,19,7,3
128343,4,2,3,0,3,3,0,1,1,0,0,36,2,2,0.0,0.0,0.0,0.0,0.0,2.0,8,5,9
185798,16,2,0,2,8,3,0,1,0,1,2,36,1,4,1.0,0.0,0.0,0.0,1.0,0.0,18,4,12
71757,16,7,2,9,2,3,6,5,1,1,0,26,2,2,0.0,0.0,0.0,0.0,0.0,2.0,7,4,6
30105,15,2,1,17,8,3,0,1,0,1,2,36,2,4,1.0,0.0,0.0,0.0,1.0,7.0,17,2,3
69680,16,2,1,0,11,3,0,1,0,1,2,6,2,2,0.0,0.0,0.0,0.0,0.0,5.0,2,1,5
148109,16,7,3,17,8,3,6,1,0,1,2,16,2,4,2.0,0.0,0.0,0.0,2.0,0.0,15,6,10
9946,16,2,1,17,6,3,5,5,0,1,2,18,2,2,0.0,0.0,0.0,0.0,0.0,4.0,23,6,1
41522,16,2,3,10,11,3,0,1,0,1,1,36,2,2,0.0,0.0,0.0,0.0,0.0,4.0,11,7,3
24457,16,2,3,17,10,3,0,1,1,1,2,36,2,2,0.0,0.0,0.0,0.0,0.0,5.0,16,4,2
182013,15,2,3,0,11,3,0,1,0,1,2,36,2,4,2.0,0.0,0.0,0.0,2.0,2.0,8,3,12
38717,16,7,3,0,8,3,6,1,0,1,2,39,2,2,0.0,0.0,0.0,0.0,0.0,3.0,7,4,3
53361,16,2,3,10,6,4,0,1,0,1,2,13,2,1,1.0,0.0,1.0,0.0,0.0,1.0,11,3,4
54165,16,10,1,0,6,3,4,5,0,1,2,6,2,2,0.0,0.0,0.0,0.0,0.0,3.0,22,7,4
186224,16,2,3,17,15,3,0,1,0,1,1,18,2,2,0.0,0.0,0.0,0.0,0.0,2.0,12,5,12
140455,16,7,3,17,2,3,6,1,1,1,2,24,2,2,0.0,0.0,0.0,0.0,0.0,16.0,9,5,10
98920,4,2,3,17,8,3,0,1,1,1,2,36,3,2,0.0,0.0,0.0,0.0,0.0,2.0,16,4,7
8749,15,3,3,0,3,3,0,1,0,1,2,28,2,3,1.0,0.0,0.0,1.0,0.0,1.0,15,6,1
63013,16,2,3,0,6,3,0,1,0,1,2,18,2,4,1.0,0.0,0.0,0.0,1.0,1.0,7,1,5
28371,16,2,3,17,2,3,0,1,0,1,2,36,3,3,2.0,0.0,0.0,2.0,0.0,4.0,17,6,3
26793,15,2,3,17,3,3,0,1,1,1,1,24,2,2,0.0,0.0,0.0,0.0,0.0,2.0,15,3,2
28642,16,2,3,17,6,3,0,1,1,1,2,36,2,2,0.0,0.0,0.0,0.0,0.0,2.0,13,6,3
86712,18,7,1,17,8,3,6,1,0,1,2,18,2,2,0.0,0.0,0.0,0.0,0.0,2.0,23,6,6
50455,4,2,3,17,2,3,0,1,0,1,2,18,2,0,1.0,1.0,0.0,0.0,0.0,1.0,15,1,4
43390,15,2,3,10,6,3,0,1,1,1,1,36,2,2,0.0,0.0,0.0,0.0,0.0,2.0,16,7,4
50330,15,2,3,10,8,3,0,1,1,1,2,21,2,2,0.0,0.0,0.0,0.0,0.0,4.0,16,5,4
176499,16,2,3,10,3,3,0,1,1,1,2,19,2,2,0.0,0.0,0.0,0.0,0.0,2.0,14,6,12
4554,16,2,1,10,8,3,0,1,0,1,1,36,2,3,2.0,0.0,0.0,2.0,0.0,3.0,18,6,1
70692,16,2,1,17,8,3,0,1,1,1,0,24,2,2,0.0,0.0,0.0,0.0,0.0,2.0,22,3,5
145715,16,2,3,8,18,3,0,1,1,1,0,6,2,2,0.0,0.0,0.0,0.0,0.0,2.0,16,2,10
131162,15,2,1,0,6,3,0,1,0,1,2,18,2,2,0.0,0.0,0.0,0.0,0.0,2.0,6,5,9
186419,4,2,1,0,15,3,0,1,0,1,2,18,2,2,0.0,0.0,0.0,0.0,0.0,2.0,17,5,12
119026,16,2,3,15,6,2,5,5,1,1,2,23,2,2,0.0,0.0,0.0,0.0,0.0,6.0,10,5,8
45417,15,2,3,0,8,3,0,1,0,1,2,5,4,2,0.0,0.0,0.0,0.0,0.0,2.0,5,1,4
44531,16,2,3,10,8,3,0,1,1,1,1,19,2,2,0.0,0.0,0.0,0.0,0.0,2.0,11,5,4
15722,16,2,1,17,3,3,0,1,0,1,2,6,2,3,1.0,0.0,0.0,1.0,0.0,2.0,0,7,2
96266,4,2,3,10,8,3,0,1,1,1,2,36,2,2,0.0,0.0,0.0,0.0,0.0,2.0,18,6,7
59365,16,2,3,10,8,3,0,1,1,1,1,19,2,2,0.0,0.0,0.0,0.0,0.0,2.0,15,1,5
16886,15,10,4,0,11,3,4,1,0,1,1,18,2,2,0.0,0.0,0.0,0.0,0.0,3.0,16,2,2
110663,15,2,3,17,2,3,0,1,1,1,1,17,2,2,0.0,0.0,0.0,0.0,0.0,2.0,21,6,8
52137,16,2,3,17,11,3,0,1,1,1,0,12,2,2,0.0,0.0,0.0,0.0,0.0,2.0,17,2,4
164279,15,2,3,0,2,3,0,1,0,1,2,18,2,2,0.0,0.0,0.0,0.0,0.0,2.0,11,5,11
38868,16,7,3,17,1,3,6,1,0,1,2,24,2,2,0.0,0.0,0.0,0.0,0.0,2.0,14,5,3
154163,16,7,4,10,8,3,6,1,1,1,1,17,2,2,0.0,0.0,0.0,0.0,0.0,3.0,17,6,10
33564,16,2,3,10,2,3,0,1,1,1,1,17,2,2,0.0,0.0,0.0,0.0,0.0,4.0,12,5,3
98324,16,2,1,17,8,3,0,1,1,1,2,36,2,2,0.0,0.0,0.0,0.0,0.0,3.0,2,1,7
102793,15,2,3,15,6,3,0,1,0,1,2,36,2,2,0.0,0.0,0.0,0.0,0.0,2.0,10,7,7
52627,4,2,3,8,3,3,0,1,0,1,0,22,2,3,1.0,0.0,0.0,1.0,0.0,1.0,13,4,4
91740,16,2,3,17,15,3,0,1,0,1,2,24,2,2,0.0,0.0,0.0,0.0,0.0,2.0,17,6,7
97339,16,7,3,0,6,3,6,1,0,1,2,26,2,3,1.0,0.0,0.0,1.0,0.0,2.0,7,1,7
155525,4,2,1,0,6,3,6,5,0,1,2,5,2,3,1.0,0.0,0.0,1.0,0.0,1.0,23,2,10
158675,16,2,1,10,8,3,0,1,1,1,0,36,2,2,0.0,0.0,0.0,0.0,0.0,2.0,20,2,11
135693,16,2,3,0,8,3,0,1,1,1,0,18,2,2,0.0,0.0,0.0,0.0,0.0,3.0,17,3,9
180089,15,2,4,17,8,3,5,5,1,1,2,36,2,2,0.0,0.0,0.0,0.0,0.0,2.0,16,3,12
108353,16,2,1,13,8,3,0,1,1,1,2,6,2,2,0.0,0.0,0.0,0.0,0.0,2.0,3,6,8
130924,16,2,3,0,6,3,0,1,1,1,2,18,3,2,0.0,0.0,0.0,0.0,0.0,3.0,11,7,9
15863,4,2,3,15,6,3,5,5,1,0,1,36,2,2,0.0,0.0,0.0,0.0,0.0,2.0,16,5,2
88115,16,2,3,17,6,3,0,1,1,1,1,24,2,2,0.0,0.0,0.0,0.0,0.0,3.0,5,6,7
163059,4,2,4,9,8,3,0,1,0,1,2,18,2,1,1.0,0.0,1.0,0.0,0.0,1.0,17,3,11
77231,16,3,2,15,10,3,0,5,1,1,2,17,2,2,0.0,0.0,0.0,0.0,0.0,3.0,18,3,6
36551,16,7,0,0,2,3,6,1,0,1,2,18,2,1,2.0,0.0,1.0,1.0,0.0,0.0,20,6,3
58132,16,7,3,17,2,3,6,1,0,1,1,18,3,1,3.0,0.0,1.0,0.0,2.0,2.0,15,3,5
79373,16,2,3,0,11,3,0,1,1,1,2,36,2,2,0.0,0.0,0.0,0.0,0.0,4.0,11,5,6
125726,16,7,1,10,2,3,6,1,0,1,1,39,2,3,1.0,0.0,0.0,1.0,0.0,2.0,22,5,9
188608,16,2,1,17,2,3,0,1,0,1,2,18,2,2,0.0,0.0,0.0,0.0,0.0,2.0,18,1,12
157873,16,2,1,10,2,3,6,1,1,1,2,17,3,2,0.0,0.0,0.0,0.0,0.0,4.0,2,7,11
109523,16,2,3,10,2,3,0,1,1,1,2,36,2,2,0.0,0.0,0.0,0.0,0.0,4.0,11,3,8
110800,16,3,3,17,15,3,0,5,1,1,1,36,2,2,0.0,0.0,0.0,0.0,0.0,3.0,12,1,8
84123,16,2,3,15,18,3,0,5,1,1,2,23,2,2,0.0,0.0,0.0,0.0,0.0,2.0,11,6,6
164875,16,9,1,7,2,3,6,1,0,1,1,23,2,1,1.0,0.0,1.0,0.0,0.0,0.0,17,7,11
174786,16,10,3,15,2,3,4,5,1,1,2,22,2,2,0.0,0.0,0.0,0.0,0.0,2.0,7,3,12
73730,15,2,1,0,6,3,0,1,1,1,2,18,2,2,0.0,0.0,0.0,0.0,0.0,2.0,1,1,6
158238,4,2,3,9,10,3,0,1,0,1,0,18,2,4,1.0,0.0,0.0,0.0,1.0,1.0,7,3,11
48155,16,7,3,0,8,3,6,1,0,1,2,26,2,2,0.0,0.0,0.0,0.0,0.0,3.0,11,7,4
49386,16,2,1,15,6,3,6,1,1,1,2,19,2,2,0.0,0.0,0.0,0.0,0.0,2.0,19,3,4
158101,16,7,3,10,8,3,6,1,0,1,2,19,2,4,1.0,0.0,0.0,0.0,1.0,2.0,11,1,11
87583,4,2,3,17,1,3,0,6,0,1,2,12,2,2,0.0,0.0,0.0,0.0,0.0,2.0,13,5,6
98912,16,2,3,17,3,3,0,1,0,1,2,18,2,2,0.0,0.0,0.0,0.0,0.0,3.0,15,4,7
94744,16,2,3,0,5,3,0,1,0,1,2,6,2,3,1.0,0.0,0.0,1.0,0.0,2.0,9,3,7
170567,15,2,1,17,6,3,0,1,0,1,2,18,2,3,2.0,0.0,0.0,2.0,0.0,2.0,5,4,11
64757,16,2,3,17,8,3,0,1,1,1,1,24,2,2,0.0,0.0,0.0,0.0,0.0,2.0,11,7,5
183537,16,2,1,9,6,3,0,1,1,1,0,36,2,2,0.0,0.0,0.0,0.0,0.0,2.0,19,6,12
63666,15,2,3,8,1,3,0,1,0,1,0,18,2,3,1.0,0.0,0.0,1.0,0.0,1.0,19,4,5
15358,16,7,3,17,6,3,6,5,1,1,2,36,2,2,0.0,0.0,0.0,0.0,0.0,2.0,15,3,2
74381,16,2,3,0,6,3,0,1,0,1,2,18,2,2,0.0,0.0,0.0,0.0,0.0,2.0,8,4,6
169649,16,2,3,15,10,3,0,1,0,1,2,36,2,2,0.0,0.0,0.0,0.0,0.0,4.0,17,1,11
4377,4,2,3,0,10,3,5,5,1,1,1,18,2,2,0.0,0.0,0.0,0.0,0.0,2.0,10,1,1
132822,15,6,3,9,6,3,0,1,0,1,0,38,2,3,1.0,0.0,0.0,1.0,0.0,1.0,18,5,9
13037,4,10,0,6,3,3,4,1,0,1,2,39,1,2,0.0,0.0,0.0,0.0,0.0,1.0,0,1,1
69923,4,3,3,0,8,3,6,5,0,0,2,36,2,3,2.0,0.0,0.0,1.0,1.0,0.0,8,6,5
45661,15,7,1,0,8,3,6,1,1,1,1,36,2,2,0.0,0.0,0.0,0.0,0.0,2.0,21,6,4
89676,16,7,3,17,8,3,6,1,0,1,2,18,2,2,0.0,0.0,0.0,0.0,0.0,2.0,15,2,7
101698,16,2,2,14,6,3,0,1,1,0,2,19,2,2,0.0,0.0,0.0,0.0,0.0,2.0,4,5,7
99534,16,2,3,17,1,3,0,1,0,1,1,36,2,4,1.0,0.0,0.0,0.0,1.0,1.0,14,7,7
82220,4,2,1,2,3,3,0,1,0,0,1,36,1,4,1.0,0.0,0.0,0.0,1.0,0.0,21,5,6
179425,16,2,1,15,6,3,0,5,1,1,0,36,2,2,0.0,0.0,0.0,0.0,0.0,2.0,21,6,12
86922,16,2,3,0,8,3,0,1,1,1,2,6,2,2,0.0,0.0,0.0,0.0,0.0,2.0,15,2,6
73190,16,2,0,15,8,3,0,1,1,1,2,22,2,2,0.0,0.0,0.0,0.0,0.0,2.0,20,6,6
62093,16,2,0,10,8,3,0,1,1,1,2,15,2,2,0.0,0.0,0.0,0.0,0.0,2.0,5,7,5
19329,15,2,1,10,8,3,0,1,0,1,2,19,2,3,1.0,0.0,0.0,1.0,0.0,3.0,2,1,2
14289,16,2,3,10,2,3,0,1,1,1,1,19,2,2,0.0,0.0,0.0,0.0,0.0,2.0,17,4,1
64644,16,7,3,10,8,3,6,1,0,1,2,19,2,2,0.0,0.0,0.0,0.0,0.0,4.0,19,6,5
153481,16,7,2,15,8,3,6,1,1,1,2,18,2,2,0.0,0.0,0.0,0.0,0.0,2.0,4,1,10
60501,16,2,3,17,6,3,0,1,1,0,1,36,2,2,0.0,0.0,0.0,0.0,0.0,2.0,10,5,5
174094,4,2,1,17,18,3,0,1,1,0,2,24,2,2,0.0,0.0,0.0,0.0,0.0,2.0,1,1,12
57058,15,3,1,0,3,3,6,1,0,1,2,5,2,2,0.0,0.0,0.0,0.0,0.0,2.0,20,5,5
135350,16,2,3,17,8,3,0,1,1,1,1,36,2,2,0.0,0.0,0.0,0.0,0.0,2.0,7,3,9
144160,16,2,3,10,8,3,0,1,1,1,2,36,2,2,0.0,0.0,0.0,0.0,0.0,2.0,10,6,10
61258,16,2,3,10,8,4,0,1,0,1,2,17,2,4,1.0,0.0,0.0,0.0,1.0,2.0,18,2,5
71690,16,11,3,9,15,3,5,5,0,1,0,36,2,3,1.0,0.0,0.0,1.0,0.0,1.0,16,6,5
62749,16,2,3,17,2,3,0,1,1,1,2,18,2,2,0.0,0.0,0.0,0.0,0.0,2.0,8,3,5
74924,16,2,3,0,6,3,0,1,0,1,2,18,3,1,5.0,0.0,1.0,4.0,0.0,1.0,19,5,6
151696,15,2,3,0,2,3,0,1,0,1,1,18,2,2,0.0,0.0,0.0,0.0,0.0,2.0,13,6,10
70460,16,2,3,10,15,3,0,1,1,1,1,8,2,2,0.0,0.0,0.0,0.0,0.0,2.0,13,1,5
51077,15,2,3,17,2,3,0,1,0,1,2,24,2,2,0.0,0.0,0.0,0.0,0.0,3.0,13,5,4
17050,16,2,3,10,2,3,0,1,1,1,1,19,2,2,0.0,0.0,0.0,0.0,0.0,4.0,7,4,2
175275,16,2,3,8,6,3,0,1,1,1,0,24,2,2,0.0,0.0,0.0,0.0,0.0,2.0,10,3,12
74766,4,2,3,17,15,3,0,1,0,1,2,36,2,2,0.0,0.0,0.0,0.0,0.0,2.0,17,2,6
156572,4,2,3,15,8,3,0,1,1,1,2,23,2,2,0.0,0.0,0.0,0.0,0.0,4.0,16,2,11
98458,16,2,3,10,6,3,0,1,1,1,2,36,2,2,0.0,0.0,0.0,0.0,0.0,3.0,17,4,7
35619,16,2,3,17,10,3,0,1,0,1,2,22,2,2,0.0,0.0,0.0,0.0,0.0,2.0,16,4,3