crash_date,               traffic_control_device,weather_condition,lighting_condition,first_crash_type,trafficway_type,alignment,roadway_surface_cond,road_defect,crash_type,intersection_related_i,damage,prim_contributory_cause,num_units,most_severe_injury,injuries_total,injuries_fatal,injuries_incapacitating,injuries_non_incapacitating,injuries_reported_not_evident,injuries_no_indication,crash_hour,crash_day_of_week,crash_month
28923,16,2,3,14,8,3,0,1,1,1,1,6,3,2,0.0,0.0,0.0,0.0,0.0,3.0,12,2,3
14961,16,10,3,10,6,3,4,5,1,1,0,19,2,2,0.0,0.0,0.0,0.0,0.0,2.0,14,3,1
96801,17,2,3,17,8,3,0,1,1,1,1,18,2,2,0.0,0.0,0.0,0.0,0.0,2.0,10,7,7
101648,16,2,3,17,15,3,0,1,0,1,2,17,2,4,1.0,0.0,0.0,0.0,1.0,2.0,7,4,7
158313,4,2,1,2,3,4,0,1,0,1,1,23,2,0,1.0,1.0,0.0,0.0,0.0,1.0,23,5,11
185484,15,2,1,17,6,3,0,1,0,1,2,24,2,2,0.0,0.0,0.0,0.0,0.0,2.0,5,6,12
156495,16,2,1,10,8,3,0,1,1,1,2,36,2,2,0.0,0.0,0.0,0.0,0.0,3.0,3,7,11
110992,16,2,3,10,8,3,0,1,1,1,2,19,2,2,0.0,0.0,0.0,0.0,0.0,2.0,12,3,8
247,16,10,0,3,6,3,4,1,1,1,2,18,2,2,0.0,0.0,0.0,0.0,0.0,2.0,4,6,1
45016,16,2,3,10,10,3,0,1,0,0,2,19,2,3,1.0,0.0,0.0,1.0,0.0,2.0,11,7,4
184267,16,2,3,15,8,3,0,5,1,1,1,36,2,2,0.0,0.0,0.0,0.0,0.0,3.0,13,7,12
78332,16,2,3,15,6,3,0,1,1,1,2,23,2,2,0.0,0.0,0.0,0.0,0.0,6.0,18,5,6
170670,16,2,1,9,8,3,0,1,0,1,1,36,2,3,1.0,0.0,0.0,1.0,0.0,1.0,17,3,11
38883,16,3,1,10,3,3,6,1,0,1,2,17,5,4,4.0,0.0,0.0,0.0,4.0,3.0,21,5,3
134762,16,2,3,10,6,3,0,1,1,1,2,19,2,2,0.0,0.0,0.0,0.0,0.0,2.0,11,4,9
117196,16,2,1,17,6,3,0,1,1,1,2,24,2,2,0.0,0.0,0.0,0.0,0.0,3.0,23,1,8
126127,4,2,3,17,2,3,0,1,1,0,1,36,2,2,0.0,0.0,0.0,0.0,0.0,2.0,17,3,9
84444,16,7,3,17,6,3,6,1,0,1,2,36,2,2,0.0,0.0,0.0,0.0,0.0,2.0,15,5,6
34372,16,10,0,17,10,3,6,1,1,1,1,18,2,2,0.0,0.0,0.0,0.0,0.0,2.0,0,3,3
52687,16,2,1,9,6,3,0,1,0,1,0,18,2,3,1.0,0.0,0.0,1.0,0.0,1.0,23,4,4
89101,16,7,3,15,8,3,0,1,1,0,2,22,2,2,0.0,0.0,0.0,0.0,0.0,2.0,19,7,7
40111,16,2,1,10,8,3,6,1,0,1,2,36,2,2,0.0,0.0,0.0,0.0,0.0,2.0,3,3,3
142465,16,2,3,10,8,3,0,4,0,1,1,17,2,4,1.0,0.0,0.0,0.0,1.0,1.0,8,6,10
67328,4,2,3,15,8,3,0,1,0,1,2,26,2,2,0.0,0.0,0.0,0.0,0.0,2.0,12,7,5
165209,16,2,3,17,8,3,0,1,1,1,1,36,2,2,0.0,0.0,0.0,0.0,0.0,2.0,7,6,11
86147,16,4,1,17,6,3,0,1,0,1,2,18,2,2,0.0,0.0,0.0,0.0,0.0,3.0,23,3,6
158840,4,2,3,17,8,3,0,1,1,1,2,36,2,2,0.0,0.0,0.0,0.0,0.0,7.0,12,4,11
70691,16,2,3,15,8,3,0,1,1,1,0,18,2,2,0.0,0.0,0.0,0.0,0.0,2.0,10,3,5
181384,4,2,3,17,3,3,0,1,0,1,2,18,2,4,1.0,0.0,0.0,0.0,1.0,1.0,15,2,12
121789,16,7,4,3,8,3,6,1,0,1,2,18,2,3,1.0,0.0,0.0,1.0,0.0,1.0,7,3,9
111016,4,2,3,0,8,3,0,1,1,1,1,36,2,2,0.0,0.0,0.0,0.0,0.0,3.0,17,4,8
11783,15,2,3,0,11,3,0,6,1,1,2,18,2,2,0.0,0.0,0.0,0.0,0.0,2.0,16,3,1
25767,16,2,1,15,2,3,0,1,0,1,2,36,2,2,0.0,0.0,0.0,0.0,0.0,2.0,2,7,2
63207,16,2,1,10,8,3,0,1,0,1,0,19,2,4,1.0,0.0,0.0,0.0,1.0,1.0,22,3,5
88737,16,2,3,7,6,3,0,1,1,1,1,24,2,2,0.0,0.0,0.0,0.0,0.0,1.0,14,3,7
19165,16,2,1,0,16,3,6,1,0,1,2,6,2,3,1.0,0.0,0.0,1.0,0.0,1.0,1,6,2
24094,16,10,0,10,8,3,6,1,1,1,0,18,2,2,0.0,0.0,0.0,0.0,0.0,2.0,6,4,2
19286,16,2,3,0,8,3,6,1,1,1,2,6,2,2,0.0,0.0,0.0,0.0,0.0,2.0,17,7,2
8238,15,2,3,0,8,3,0,1,1,1,2,5,2,2,0.0,0.0,0.0,0.0,0.0,2.0,10,5,1
188783,16,10,3,0,6,3,6,1,0,1,2,36,3,2,0.0,0.0,0.0,0.0,0.0,4.0,13,5,12
44040,15,2,3,0,6,3,0,1,1,1,2,36,2,2,0.0,0.0,0.0,0.0,0.0,2.0,14,5,4
42488,16,2,3,10,6,3,5,5,1,1,0,19,2,2,0.0,0.0,0.0,0.0,0.0,4.0,18,5,4
142582,4,2,1,7,8,3,0,1,0,0,2,36,3,3,1.0,0.0,0.0,1.0,0.0,0.0,4,1,10
140684,15,2,1,17,2,3,0,1,1,1,2,5,2,2,0.0,0.0,0.0,0.0,0.0,2.0,5,3,10
8104,15,2,3,0,8,3,0,1,0,1,2,5,2,2,0.0,0.0,0.0,0.0,0.0,2.0,16,4,1
116468,16,2,3,10,3,4,0,1,0,1,2,12,2,2,0.0,0.0,0.0,0.0,0.0,2.0,12,3,8
175312,16,2,1,17,6,3,0,1,0,1,2,36,3,2,0.0,0.0,0.0,0.0,0.0,5.0,18,4,12
23586,16,10,1,15,3,2,6,5,0,1,1,37,2,2,0.0,0.0,0.0,0.0,0.0,2.0,4,3,2
129841,16,2,3,9,8,3,0,1,0,1,0,2,2,3,1.0,0.0,0.0,1.0,0.0,1.0,9,6,9
140178,16,2,3,17,6,3,0,1,1,1,1,24,2,2,0.0,0.0,0.0,0.0,0.0,2.0,15,3,10
31163,15,2,3,17,8,3,0,1,1,1,2,18,2,2,0.0,0.0,0.0,0.0,0.0,2.0,16,7,3
26522,16,2,1,17,8,3,0,1,0,1,2,18,2,4,1.0,0.0,0.0,0.0,1.0,1.0,23,6,2
78600,16,7,3,0,6,3,6,1,1,1,2,6,2,2,0.0,0.0,0.0,0.0,0.0,2.0,15,3,6
5819,15,3,4,0,6,3,0,1,1,1,2,18,2,2,0.0,0.0,0.0,0.0,0.0,2.0,15,5,1
47572,4,2,1,15,8,3,0,1,1,1,2,18,2,2,0.0,0.0,0.0,0.0,0.0,3.0,22,6,4
78873,16,2,3,0,3,3,0,1,0,1,2,6,3,3,2.0,0.0,0.0,1.0,1.0,2.0,15,6,6
131182,16,2,3,10,6,3,0,1,1,1,1,18,2,2,0.0,0.0,0.0,0.0,0.0,2.0,7,5,9
149707,4,2,3,0,10,3,0,1,0,1,2,5,2,3,1.0,0.0,0.0,1.0,0.0,1.0,10,2,10
151775,16,2,3,10,8,3,0,5,1,1,0,17,3,2,0.0,0.0,0.0,0.0,0.0,4.0,17,1,10
147855,4,2,3,9,8,3,0,1,0,1,0,36,2,1,1.0,0.0,1.0,0.0,0.0,1.0,13,4,10
5873,4,9,4,10,3,3,4,1,0,1,0,39,2,4,1.0,0.0,0.0,0.0,1.0,1.0,16,6,1
150409,4,7,3,10,8,3,6,1,1,0,1,36,2,2,0.0,0.0,0.0,0.0,0.0,3.0,8,2,10
14872,16,10,3,17,2,3,4,1,1,1,1,24,2,2,0.0,0.0,0.0,0.0,0.0,2.0,8,1,1
58957,16,2,3,17,8,3,0,1,1,1,2,6,2,2,0.0,0.0,0.0,0.0,0.0,2.0,6,2,5
115213,16,2,3,10,8,3,5,5,1,1,1,36,2,2,0.0,0.0,0.0,0.0,0.0,2.0,13,5,8
49027,4,7,1,10,8,3,6,1,0,1,2,19,2,2,0.0,0.0,0.0,0.0,0.0,2.0,1,1,4
29707,16,2,4,10,8,3,0,1,1,1,1,26,2,2,0.0,0.0,0.0,0.0,0.0,2.0,20,2,3
119519,15,2,1,9,8,3,0,1,1,1,0,20,2,2,0.0,0.0,0.0,0.0,0.0,2.0,22,5,8
100651,16,2,3,10,6,3,0,1,1,1,0,19,2,2,0.0,0.0,0.0,0.0,0.0,4.0,9,3,7
69529,16,2,1,0,5,3,0,1,0,1,2,6,2,3,2.0,0.0,0.0,2.0,0.0,2.0,23,6,5
30646,16,2,3,17,2,3,0,1,0,1,2,18,2,4,2.0,0.0,0.0,0.0,2.0,3.0,8,4,3
132238,16,2,4,17,6,3,0,1,0,1,1,24,2,1,1.0,0.0,1.0,0.0,0.0,1.0,17,4,9
178543,16,7,0,0,6,3,6,1,0,1,2,17,2,3,1.0,0.0,0.0,1.0,0.0,1.0,6,7,12
86661,16,7,3,15,10,3,6,1,1,1,1,39,2,2,0.0,0.0,0.0,0.0,0.0,2.0,16,6,6
60315,15,2,3,10,15,3,0,1,1,1,2,36,2,2,0.0,0.0,0.0,0.0,0.0,2.0,13,2,5
124519,16,2,1,0,6,3,0,1,0,1,2,6,2,2,0.0,0.0,0.0,0.0,0.0,3.0,2,1,9
79683,4,2,3,17,8,3,0,1,0,1,2,23,2,2,0.0,0.0,0.0,0.0,0.0,2.0,14,4,6
128951,4,2,3,17,8,3,0,1,0,1,2,18,2,2,0.0,0.0,0.0,0.0,0.0,2.0,16,7,9
165788,16,2,1,10,6,3,0,1,1,1,0,19,2,2,0.0,0.0,0.0,0.0,0.0,3.0,18,7,11
176428,16,2,1,0,6,3,0,1,0,1,2,18,2,2,0.0,0.0,0.0,0.0,0.0,2.0,3,1,12
38689,16,3,3,10,6,3,0,1,1,1,2,17,2,2,0.0,0.0,0.0,0.0,0.0,2.0,12,3,3
128774,15,2,3,17,6,3,0,1,1,1,2,5,2,2,0.0,0.0,0.0,0.0,0.0,2.0,17,6,9
149884,16,2,1,0,11,3,0,1,1,1,2,21,2,2,0.0,0.0,0.0,0.0,0.0,2.0,21,2,10
73102,16,2,3,10,6,3,0,1,0,1,2,19,3,4,1.0,0.0,0.0,0.0,1.0,3.0,19,5,6
43006,16,2,3,15,8,3,0,5,1,1,2,12,2,2,0.0,0.0,0.0,0.0,0.0,2.0,11,7,4
119765,16,2,4,17,2,3,0,1,0,1,2,24,2,3,2.0,0.0,0.0,2.0,0.0,0.0,19,3,8
179564,15,2,3,17,2,3,0,1,0,1,2,18,2,4,1.0,0.0,0.0,0.0,1.0,1.0,11,5,12
167893,16,2,1,0,6,3,0,1,0,1,2,36,2,3,1.0,0.0,0.0,1.0,0.0,1.0,16,2,11
22367,16,7,1,0,2,3,6,1,0,1,2,18,2,2,0.0,0.0,0.0,0.0,0.0,2.0,19,4,2
84286,16,2,3,10,8,3,0,1,0,0,0,19,2,4,1.0,0.0,0.0,0.0,1.0,1.0,11,1,6
138559,16,2,1,0,6,3,0,1,0,1,2,18,2,4,1.0,0.0,0.0,0.0,1.0,2.0,18,1,10
107943,4,2,3,0,2,3,0,5,1,1,2,36,2,2,0.0,0.0,0.0,0.0,0.0,2.0,6,7,8
68104,4,11,3,15,8,3,5,5,1,1,2,1,2,2,0.0,0.0,0.0,0.0,0.0,4.0,17,4,5
169056,16,2,3,9,8,3,0,1,0,1,0,18,2,3,1.0,0.0,0.0,1.0,0.0,1.0,13,1,11
129556,16,2,1,0,8,3,0,1,1,1,2,6,2,2,0.0,0.0,0.0,0.0,0.0,2.0,21,1,9
132723,4,2,1,7,10,3,0,1,1,1,2,17,2,2,0.0,0.0,0.0,0.0,0.0,1.0,0,3,9
83374,15,2,3,0,6,3,0,1,1,1,2,12,2,2,0.0,0.0,0.0,0.0,0.0,2.0,11,2,6
19032,16,2,1,10,2,3,5,5,1,1,2,19,2,2,0.0,0.0,0.0,0.0,0.0,2.0,17,4,2
69422,4,11,1,10,14,3,5,5,1,1,2,36,2,2,0.0,0.0,0.0,0.0,0.0,3.0,19,5,5
35136,16,2,3,9,8,3,0,1,0,1,0,36,2,4,1.0,0.0,0.0,0.0,1.0,1.0,17,3,3
19602,15,2,3,17,6,3,0,1,1,1,2,24,2,2,0.0,0.0,0.0,0.0,0.0,2.0,14,7,2
131307,16,2,1,10,8,3,0,1,1,1,2,36,2,2,0.0,0.0,0.0,0.0,0.0,3.0,19,4,9
126247,16,2,3,10,5,3,0,1,1,1,2,17,2,2,0.0,0.0,0.0,0.0,0.0,2.0,15,6,9
78505,15,2,3,0,8,3,0,1,0,1,2,5,2,3,1.0,0.0,0.0,1.0,0.0,1.0,11,1,6
152565,16,2,3,15,2,3,0,1,1,1,1,23,2,2,0.0,0.0,0.0,0.0,0.0,2.0,11,3,10
127414,16,2,3,9,8,3,0,1,0,1,2,36,2,3,1.0,0.0,0.0,1.0,0.0,1.0,10,6,9
177751,4,10,3,10,8,3,6,1,1,1,2,19,2,2,0.0,0.0,0.0,0.0,0.0,2.0,7,2,12
160877,4,2,3,17,8,3,0,1,1,1,1,24,2,2,0.0,0.0,0.0,0.0,0.0,3.0,7,6,11
181639,16,2,3,17,6,3,0,1,0,1,2,18,2,2,0.0,0.0,0.0,0.0,0.0,2.0,11,6,12
83857,15,7,1,17,15,3,6,1,1,1,2,18,2,2,0.0,0.0,0.0,0.0,0.0,2.0,22,1,6
174808,16,2,3,17,15,3,0,1,1,1,2,18,2,2,0.0,0.0,0.0,0.0,0.0,2.0,9,3,12
169798,16,7,1,15,10,3,6,1,1,1,2,22,2,2,0.0,0.0,0.0,0.0,0.0,3.0,18,3,11
37407,16,2,3,17,6,3,0,1,1,1,1,36,2,2,0.0,0.0,0.0,0.0,0.0,2.0,15,1,3
40704,16,2,3,9,10,3,0,1,0,1,2,18,2,3,1.0,0.0,0.0,1.0,0.0,1.0,8,5,3
22499,16,2,3,17,6,3,0,1,1,1,2,23,2,2,0.0,0.0,0.0,0.0,0.0,2.0,7,6,2
157638,16,3,3,15,8,3,0,1,1,1,2,24,2,2,0.0,0.0,0.0,0.0,0.0,3.0,8,2,11
122162,4,2,1,7,8,3,0,1,1,1,2,36,2,2,0.0,0.0,0.0,0.0,0.0,1.0,19,3,9
18883,15,2,3,17,11,3,0,1,1,1,2,36,2,2,0.0,0.0,0.0,0.0,0.0,2.0,10,7,2
10398,16,2,1,10,2,3,0,5,0,0,2,36,2,2,0.0,0.0,0.0,0.0,0.0,2.0,2,7,1
54443,4,7,1,17,6,3,6,1,0,1,2,36,2,4,1.0,0.0,0.0,0.0,1.0,3.0,1,7,4
46132,15,2,3,0,2,3,0,1,0,1,1,5,2,2,0.0,0.0,0.0,0.0,0.0,3.0,9,7,4
68381,16,2,1,10,8,3,0,1,1,1,2,6,2,2,0.0,0.0,0.0,0.0,0.0,2.0,20,3,5
136919,4,2,3,0,6,3,0,1,0,1,1,5,2,2,0.0,0.0,0.0,0.0,0.0,2.0,16,6,9
26584,15,2,1,10,6,3,0,1,1,1,1,36,2,2,0.0,0.0,0.0,0.0,0.0,3.0,22,7,2
186043,6,7,1,2,8,3,6,1,0,1,2,19,1,2,0.0,0.0,0.0,0.0,0.0,1.0,20,7,12
145337,16,2,1,0,8,3,0,1,1,1,2,6,2,2,0.0,0.0,0.0,0.0,0.0,6.0,0,1,10
9809,16,2,1,10,8,3,5,1,0,1,0,17,2,4,1.0,0.0,0.0,0.0,1.0,1.0,19,4,1
123828,16,2,1,10,3,3,0,1,1,1,2,19,2,2,0.0,0.0,0.0,0.0,0.0,2.0,23,4,9
172707,17,2,1,2,6,3,5,5,0,1,2,36,1,4,1.0,0.0,0.0,0.0,1.0,0.0,23,1,12
109904,4,2,3,8,8,3,0,1,0,1,2,18,2,3,1.0,0.0,0.0,1.0,0.0,1.0,16,1,8
32798,15,7,3,2,10,3,6,1,0,0,2,36,1,2,0.0,0.0,0.0,0.0,0.0,1.0,7,6,3
43265,16,2,3,9,2,3,0,1,0,1,0,18,2,3,1.0,0.0,0.0,1.0,0.0,1.0,14,4,4
4379,16,2,3,15,8,3,0,1,1,1,2,36,2,2,0.0,0.0,0.0,0.0,0.0,4.0,11,1,1
87766,16,2,3,15,6,3,0,1,1,1,0,18,2,2,0.0,0.0,0.0,0.0,0.0,2.0,11,1,6
115457,15,2,1,10,6,3,0,1,0,1,2,36,2,2,0.0,0.0,0.0,0.0,0.0,2.0,22,2,8
4512,16,2,1,10,8,3,0,1,1,1,0,17,2,2,0.0,0.0,0.0,0.0,0.0,3.0,19,5,1
91688,16,2,3,17,8,3,0,1,0,1,2,24,2,3,1.0,0.0,0.0,1.0,0.0,2.0,18,5,7
134984,16,2,3,9,2,3,0,1,0,1,2,6,2,3,1.0,0.0,0.0,1.0,0.0,1.0,8,5,9
10209,15,2,1,0,6,3,0,1,1,1,2,26,2,2,0.0,0.0,0.0,0.0,0.0,5.0,18,3,1
12118,4,10,3,0,15,3,6,1,1,1,1,36,2,2,0.0,0.0,0.0,0.0,0.0,2.0,10,7,1
24750,16,2,1,0,6,3,0,1,0,1,2,6,2,4,1.0,0.0,0.0,0.0,1.0,1.0,0,3,2
181300,16,2,3,10,2,3,0,5,1,1,2,36,2,2,0.0,0.0,0.0,0.0,0.0,2.0,13,7,12
186732,16,2,3,0,11,3,0,1,1,0,2,3,2,2,0.0,0.0,0.0,0.0,0.0,2.0,13,2,12
54014,15,2,3,7,8,3,0,1,0,1,2,36,3,2,0.0,0.0,0.0,0.0,0.0,1.0,13,6,4
164428,4,2,3,9,8,3,0,1,0,1,0,36,2,3,1.0,0.0,0.0,1.0,0.0,2.0,16,2,11
166631,15,2,1,17,6,3,0,1,1,1,2,18,2,2,0.0,0.0,0.0,0.0,0.0,6.0,19,4,11
129847,4,2,3,10,8,3,0,1,1,0,2,36,3,2,0.0,0.0,0.0,0.0,0.0,3.0,10,6,9
108300,16,2,3,17,2,3,0,1,0,1,1,36,2,4,2.0,0.0,0.0,0.0,2.0,1.0,6,5,8
171963,4,2,1,17,8,3,0,1,0,1,2,36,2,2,0.0,0.0,0.0,0.0,0.0,3.0,16,4,11
42730,15,2,1,0,8,3,0,1,1,1,2,18,2,2,0.0,0.0,0.0,0.0,0.0,3.0,20,7,4
187943,16,11,1,10,3,3,5,5,0,1,2,19,2,3,1.0,0.0,0.0,1.0,0.0,3.0,17,6,12
134012,16,2,3,15,19,3,0,1,1,0,2,23,2,2,0.0,0.0,0.0,0.0,0.0,6.0,14,1,9
165850,16,7,1,17,10,3,6,1,0,1,1,36,2,4,1.0,0.0,0.0,0.0,1.0,2.0,16,2,11
37028,16,7,3,0,8,3,6,5,0,0,2,36,2,1,1.0,0.0,1.0,0.0,0.0,1.0,12,7,3
164448,16,2,3,17,8,3,0,1,1,1,2,19,2,2,0.0,0.0,0.0,0.0,0.0,2.0,9,2,11
145548,15,2,3,0,6,3,0,1,1,1,2,18,2,2,0.0,0.0,0.0,0.0,0.0,2.0,15,6,10
108213,16,2,3,15,8,3,0,1,1,1,0,23,2,2,0.0,0.0,0.0,0.0,0.0,2.0,9,3,8
184214,4,2,3,17,8,3,0,1,0,1,2,36,2,2,0.0,0.0,0.0,0.0,0.0,2.0,15,6,12
65548,16,2,3,0,6,3,0,1,0,1,2,6,2,3,1.0,0.0,0.0,1.0,0.0,1.0,8,1,5
151096,15,2,3,0,8,3,0,1,0,1,2,36,2,3,1.0,0.0,0.0,1.0,0.0,3.0,7,4,10
6189,4,2,3,10,8,3,0,1,1,0,2,19,3,2,0.0,0.0,0.0,0.0,0.0,3.0,14,4,1
159632,15,2,3,11,8,3,0,1,1,1,0,36,2,2,0.0,0.0,0.0,0.0,0.0,2.0,13,5,11
1818,16,7,1,0,8,3,6,1,1,1,2,18,2,2,0.0,0.0,0.0,0.0,0.0,2.0,22,4,1
154406,15,2,3,15,8,3,0,1,1,0,2,23,2,2,0.0,0.0,0.0,0.0,0.0,2.0,9,3,10
63512,16,2,3,7,8,3,0,1,0,1,1,36,2,2,0.0,0.0,0.0,0.0,0.0,1.0,11,2,5
159616,16,2,3,0,6,3,0,1,1,1,2,38,2,2,0.0,0.0,0.0,0.0,0.0,2.0,9,3,11
118636,16,2,3,17,2,3,0,1,1,1,2,18,2,2,0.0,0.0,0.0,0.0,0.0,3.0,16,1,8
26398,16,10,1,10,6,3,4,1,0,1,2,36,4,3,2.0,0.0,0.0,1.0,1.0,6.0,0,3,2
20082,16,2,3,17,8,3,0,1,0,1,2,18,2,2,0.0,0.0,0.0,0.0,0.0,3.0,9,1,2
46341,15,2,1,0,2,3,0,1,1,1,2,5,2,2,0.0,0.0,0.0,0.0,0.0,2.0,20,3,4
46028,4,2,3,10,10,3,0,1,1,1,2,36,2,2,0.0,0.0,0.0,0.0,0.0,3.0,14,6,4
147337,16,2,1,3,6,3,0,1,1,1,2,18,2,2,0.0,0.0,0.0,0.0,0.0,2.0,21,3,10
155614,17,3,3,10,6,3,5,5,1,1,2,36,2,2,0.0,0.0,0.0,0.0,0.0,2.0,15,5,10
101774,15,2,3,0,6,3,0,1,0,1,2,5,2,2,0.0,0.0,0.0,0.0,0.0,3.0,16,7,7
99588,16,2,1,8,8,3,0,1,0,1,2,36,2,3,1.0,0.0,0.0,1.0,0.0,1.0,0,7,7
175271,16,2,3,17,8,3,0,1,1,1,1,6,2,2,0.0,0.0,0.0,0.0,0.0,2.0,9,3,12
17326,4,2,1,17,8,3,0,1,1,0,1,18,2,2,0.0,0.0,0.0,0.0,0.0,4.0,23,2,2
58350,16,2,3,10,8,3,0,1,0,1,2,8,2,2,0.0,0.0,0.0,0.0,0.0,2.0,5,6,5
47139,16,7,0,0,8,3,6,1,0,1,2,6,2,3,1.0,0.0,0.0,1.0,0.0,2.0,3,5,4
147566,17,6,1,17,8,4,0,1,0,1,2,36,2,2,0.0,0.0,0.0,0.0,0.0,2.0,20,5,10
145808,15,2,3,17,8,3,0,1,1,1,1,18,2,2,0.0,0.0,0.0,0.0,0.0,3.0,14,1,10
29559,16,2,1,0,6,3,0,1,0,1,2,36,2,3,1.0,0.0,0.0,1.0,0.0,4.0,19,1,3
68816,15,7,3,8,6,3,6,5,0,1,0,5,2,3,1.0,0.0,0.0,1.0,0.0,1.0,15,3,5
175833,17,11,1,17,15,3,5,5,1,1,2,36,2,2,0.0,0.0,0.0,0.0,0.0,2.0,17,5,12
126117,4,2,3,0,8,3,0,1,0,1,2,18,2,3,2.0,0.0,0.0,2.0,0.0,1.0,15,3,9
129135,16,2,3,10,6,3,0,1,1,1,1,17,2,2,0.0,0.0,0.0,0.0,0.0,2.0,1,4,9
185878,16,2,1,9,3,3,0,5,0,1,0,18,2,3,1.0,0.0,0.0,1.0,0.0,1.0,17,7,12
53244,16,2,3,15,8,5,0,1,1,1,1,12,2,2,0.0,0.0,0.0,0.0,0.0,2.0,15,2,4
97397,10,2,3,8,2,3,0,1,0,1,1,19,2,3,1.0,0.0,0.0,1.0,0.0,1.0,18,2,7
68510,16,2,0,17,8,3,0,1,1,1,2,9,2,2,0.0,0.0,0.0,0.0,0.0,2.0,19,5,5
159412,16,2,3,17,2,3,0,1,1,1,2,36,2,2,0.0,0.0,0.0,0.0,0.0,2.0,6,7,11
147008,15,2,3,0,8,3,0,1,1,1,2,18,2,2,0.0,0.0,0.0,0.0,0.0,3.0,16,4,10
111458,16,2,1,9,2,3,0,1,0,1,2,18,3,1,2.0,0.0,1.0,0.0,1.0,1.0,20,3,8
48693,15,2,1,0,11,3,0,1,0,1,2,18,2,3,1.0,0.0,0.0,1.0,0.0,1.0,22,2,4
155557,16,10,3,0,6,4,4,1,1,1,1,6,3,2,0.0,0.0,0.0,0.0,0.0,4.0,16,3,10
26511,16,2,1,0,6,3,0,1,0,1,2,18,2,3,2.0,0.0,0.0,2.0,0.0,3.0,22,6,2
129235,15,2,3,9,8,3,0,1,0,1,0,26,2,1,1.0,0.0,1.0,0.0,0.0,2.0,7,5,9
83117,15,2,3,0,8,3,0,1,1,1,2,18,2,2,0.0,0.0,0.0,0.0,0.0,2.0,11,6,6
44716,4,2,3,0,8,3,5,5,1,1,2,36,2,2,0.0,0.0,0.0,0.0,0.0,2.0,18,3,4
117369,16,7,4,17,8,3,6,1,0,1,2,17,2,2,0.0,0.0,0.0,0.0,0.0,2.0,19,2,8
110237,16,2,3,10,8,3,0,1,1,1,2,36,2,2,0.0,0.0,0.0,0.0,0.0,2.0,14,7,8
107795,16,2,4,10,8,3,5,5,1,1,2,19,2,2,0.0,0.0,0.0,0.0,0.0,2.0,17,4,8
96725,16,2,1,15,6,3,0,1,1,1,2,36,2,2,0.0,0.0,0.0,0.0,0.0,2.0,20,5,7
118452,16,2,1,17,2,3,0,1,1,1,1,36,2,2,0.0,0.0,0.0,0.0,0.0,5.0,10,4,8
39817,16,7,1,17,8,4,6,5,0,1,2,36,2,2,0.0,0.0,0.0,0.0,0.0,2.0,22,2,3
164711,16,2,1,0,8,3,0,1,0,1,2,36,2,4,3.0,0.0,0.0,0.0,3.0,1.0,23,7,11
119585,16,2,3,8,8,3,0,1,0,1,1,24,2,3,1.0,0.0,0.0,1.0,0.0,1.0,12,6,8
18159,16,2,3,10,3,3,0,1,1,1,2,19,2,2,0.0,0.0,0.0,0.0,0.0,3.0,10,2,2
40716,16,2,1,15,10,3,0,1,1,1,2,18,2,2,0.0,0.0,0.0,0.0,0.0,2.0,21,5,3
58444,4,2,3,2,18,3,0,1,1,1,1,26,1,2,0.0,0.0,0.0,0.0,0.0,2.0,11,1,5
178536,16,7,1,10,2,3,6,1,1,1,1,19,2,2,0.0,0.0,0.0,0.0,0.0,2.0,17,7,12
64065,15,2,2,17,15,3,0,5,1,1,2,5,2,2,0.0,0.0,0.0,0.0,0.0,3.0,22,5,5
91000,16,11,3,10,8,3,5,5,1,1,1,26,2,2,0.0,0.0,0.0,0.0,0.0,2.0,11,7,7
80250,16,2,3,2,6,3,0,1,1,1,1,12,1,2,0.0,0.0,0.0,0.0,0.0,1.0,11,5,6
5902,16,10,3,17,6,3,4,1,1,1,1,18,3,2,0.0,0.0,0.0,0.0,0.0,3.0,7,6,1
101980,16,2,3,17,6,3,0,1,0,1,2,36,2,3,1.0,0.0,0.0,1.0,0.0,1.0,9,1,7
146905,4,2,0,17,10,3,0,1,1,1,0,19,2,2,0.0,0.0,0.0,0.0,0.0,2.0,18,2,10
85600,16,2,1,3,2,3,0,1,0,1,2,11,2,1,3.0,0.0,1.0,1.0,1.0,0.0,21,1,6
157394,16,2,1,15,2,3,0,5,1,1,1,23,2,2,0.0,0.0,0.0,0.0,0.0,2.0,20,4,11
96644,15,2,3,9,8,3,0,1,0,1,0,18,2,3,1.0,0.0,0.0,1.0,0.0,1.0,16,4,7
92888,17,2,3,0,6,3,5,5,0,1,2,36,2,2,0.0,0.0,0.0,0.0,0.0,2.0,15,4,7
30600,16,2,3,17,2,3,0,1,0,1,2,22,2,2,0.0,0.0,0.0,0.0,0.0,2.0,10,3,3
14123,15,2,3,0,2,3,0,1,1,1,2,18,2,2,0.0,0.0,0.0,0.0,0.0,2.0,14,2,1
132769,16,3,3,14,6,3,6,5,1,1,2,36,2,2,0.0,0.0,0.0,0.0,0.0,5.0,8,4,9
50713,16,2,3,17,6,3,0,1,1,1,2,24,2,2,0.0,0.0,0.0,0.0,0.0,2.0,11,6,4
147074,4,2,3,13,16,3,0,5,0,1,2,5,2,2,0.0,0.0,0.0,0.0,0.0,2.0,17,5,10