crash_date,               traffic_control_device,weather_condition,lighting_condition,first_crash_type,trafficway_type,alignment,roadway_surface_cond,road_defect,crash_type,intersection_related_i,damage,prim_contributory_cause,num_units,most_severe_injury,injuries_total,injuries_fatal,injuries_incapacitating,injuries_non_incapacitating,injuries_reported_not_evident,injuries_no_indication,crash_hour,crash_day_of_week,crash_month
125722,16,2,1,0,6,3,6,1,0,1,2,6,2,3,1.0,0.0,0.0,1.0,0.0,1.0,21,5,9
560,4,2,3,10,2,3,0,1,0,1,2,36,2,3,1.0,0.0,0.0,1.0,0.0,2.0,15,3,1
120250,15,2,3,0,8,3,0,1,0,1,2,36,2,2,0.0,0.0,0.0,0.0,0.0,2.0,8,3,8
142489,16,2,1,0,15,3,5,5,0,1,2,36,2,2,0.0,0.0,0.0,0.0,0.0,2.0,1,7,10
149690,16,2,3,0,6,3,0,1,0,1,2,18,2,4,1.0,0.0,0.0,0.0,1.0,1.0,8,2,10
120492,16,7,3,0,8,3,6,1,1,1,1,18,2,2,0.0,0.0,0.0,0.0,0.0,2.0,15,5,9
23840,16,2,3,0,6,3,6,1,1,1,2,18,2,2,0.0,0.0,0.0,0.0,0.0,2.0,9,7,2
45869,16,2,3,10,8,3,0,1,1,1,1,15,2,2,0.0,0.0,0.0,0.0,0.0,2.0,18,2,4
94172,15,2,1,0,8,3,0,1,0,1,2,17,2,2,0.0,0.0,0.0,0.0,0.0,5.0,22,7,7
184412,16,2,1,17,6,3,0,1,1,1,0,19,2,2,0.0,0.0,0.0,0.0,0.0,2.0,17,3,12
77213,16,2,3,10,8,3,0,1,1,1,2,36,2,2,0.0,0.0,0.0,0.0,0.0,2.0,13,3,6
80778,4,2,3,17,8,3,0,1,1,1,2,18,2,2,0.0,0.0,0.0,0.0,0.0,2.0,11,6,6
158082,15,2,1,0,8,3,0,1,0,1,2,36,2,4,1.0,0.0,0.0,0.0,1.0,1.0,17,1,11
75016,16,2,1,10,3,3,0,1,1,1,2,36,2,2,0.0,0.0,0.0,0.0,0.0,4.0,22,4,6
148047,15,2,3,17,2,3,0,1,0,1,2,18,2,2,0.0,0.0,0.0,0.0,0.0,2.0,17,5,10
144427,4,7,3,15,3,3,6,1,1,1,0,36,2,2,0.0,0.0,0.0,0.0,0.0,2.0,8,4,10
124394,4,7,3,10,8,3,6,1,0,0,2,30,2,2,0.0,0.0,0.0,0.0,0.0,3.0,9,5,9
62947,10,2,1,9,6,3,0,1,0,1,1,36,2,3,1.0,0.0,0.0,1.0,0.0,1.0,20,7,5
29352,16,2,3,17,6,3,0,1,0,1,2,18,2,2,0.0,0.0,0.0,0.0,0.0,3.0,12,3,3
6815,4,2,1,17,2,3,6,1,1,1,2,23,2,2,0.0,0.0,0.0,0.0,0.0,2.0,19,6,1
119991,15,2,3,0,2,3,0,1,0,1,2,18,2,2,0.0,0.0,0.0,0.0,0.0,2.0,8,5,8
94765,16,2,3,10,2,3,0,1,0,1,1,36,3,4,1.0,0.0,0.0,0.0,1.0,2.0,14,4,7
55583,4,2,3,17,8,3,0,1,1,1,2,18,2,2,0.0,0.0,0.0,0.0,0.0,2.0,17,2,4
7659,9,2,3,17,8,3,0,1,0,1,2,36,2,3,1.0,0.0,0.0,1.0,0.0,1.0,13,4,1
71545,16,2,3,17,2,3,5,5,0,1,2,18,2,3,2.0,0.0,0.0,2.0,0.0,1.0,15,3,5
48655,17,11,3,9,10,3,5,5,0,1,0,36,2,4,1.0,0.0,0.0,0.0,1.0,1.0,14,2,4
111976,16,2,3,10,2,3,0,1,0,1,1,36,2,4,1.0,0.0,0.0,0.0,1.0,1.0,7,4,8
173852,16,2,1,10,8,3,0,1,1,1,2,17,2,2,0.0,0.0,0.0,0.0,0.0,2.0,17,3,12
100335,16,2,3,9,8,3,5,5,1,1,0,36,2,2,0.0,0.0,0.0,0.0,0.0,2.0,15,5,7
38501,16,2,3,10,3,3,0,3,1,1,2,19,3,2,0.0,0.0,0.0,0.0,0.0,3.0,17,6,3
69527,15,2,1,0,15,3,0,1,0,1,2,18,2,3,3.0,0.0,0.0,3.0,0.0,0.0,23,6,5
81192,16,2,3,17,6,3,0,1,0,1,2,22,2,3,1.0,0.0,0.0,1.0,0.0,1.0,16,6,6
130123,16,2,3,17,8,3,0,1,1,1,0,18,2,2,0.0,0.0,0.0,0.0,0.0,2.0,17,2,9
186763,15,2,3,0,8,3,0,1,0,1,2,18,3,2,0.0,0.0,0.0,0.0,0.0,3.0,19,2,12
9068,15,2,1,0,8,3,0,1,1,1,0,18,2,2,0.0,0.0,0.0,0.0,0.0,3.0,17,5,1
77346,16,2,3,10,10,4,0,1,0,1,2,17,2,4,1.0,0.0,0.0,0.0,1.0,1.0,16,6,6
141240,16,2,1,11,6,3,0,1,1,1,2,21,2,2,0.0,0.0,0.0,0.0,0.0,6.0,19,2,10
134358,16,2,3,17,2,3,0,1,0,0,2,22,2,3,1.0,0.0,0.0,1.0,0.0,4.0,11,4,9
153383,16,2,3,17,2,3,0,5,1,1,2,18,2,2,0.0,0.0,0.0,0.0,0.0,4.0,18,6,10
95609,15,2,3,10,2,3,3,2,1,1,0,19,2,2,0.0,0.0,0.0,0.0,0.0,3.0,9,2,7
49468,15,2,3,10,8,3,0,1,1,1,0,19,2,2,0.0,0.0,0.0,0.0,0.0,2.0,7,3,4
47814,16,2,3,10,10,3,0,1,1,0,2,19,2,2,0.0,0.0,0.0,0.0,0.0,2.0,7,3,4
61268,4,7,4,17,8,3,6,1,0,0,2,24,2,2,0.0,0.0,0.0,0.0,0.0,7.0,0,2,5
129498,16,2,3,10,8,3,0,1,1,1,2,19,2,2,0.0,0.0,0.0,0.0,0.0,3.0,14,7,9
30014,16,2,0,9,8,3,0,5,0,1,0,18,2,4,1.0,0.0,0.0,0.0,1.0,2.0,18,2,3
161710,16,2,1,10,2,5,0,1,0,1,2,19,2,3,2.0,0.0,0.0,2.0,0.0,2.0,22,6,11
90709,15,2,3,0,15,3,0,1,0,1,2,18,2,3,2.0,0.0,0.0,2.0,0.0,1.0,16,4,7
22244,15,2,3,0,10,3,0,1,0,1,2,17,4,3,1.0,0.0,0.0,1.0,0.0,4.0,14,1,2
16263,15,2,1,11,8,3,4,5,1,1,0,21,2,2,0.0,0.0,0.0,0.0,0.0,2.0,22,5,2
141185,15,7,3,17,8,3,6,1,1,1,2,5,2,2,0.0,0.0,0.0,0.0,0.0,3.0,12,1,10
76508,16,2,3,0,6,3,0,1,0,1,2,36,2,2,0.0,0.0,0.0,0.0,0.0,3.0,9,1,6
114051,16,2,3,10,8,3,0,1,1,1,2,36,2,2,0.0,0.0,0.0,0.0,0.0,2.0,15,1,8
20291,4,10,3,15,10,3,4,1,1,1,1,36,2,2,0.0,0.0,0.0,0.0,0.0,2.0,16,4,2
148780,15,2,3,0,6,3,0,1,1,1,2,36,2,2,0.0,0.0,0.0,0.0,0.0,7.0,14,1,10
9116,4,2,3,9,8,3,0,1,0,1,0,18,2,3,1.0,0.0,0.0,1.0,0.0,1.0,16,3,1
41221,15,2,3,17,6,3,0,1,0,1,2,17,2,2,0.0,0.0,0.0,0.0,0.0,3.0,17,3,3
14036,16,2,1,10,2,3,6,1,0,1,2,19,2,4,2.0,0.0,0.0,0.0,2.0,3.0,18,7,1
136284,15,2,3,17,15,3,0,1,0,1,2,36,2,2,0.0,0.0,0.0,0.0,0.0,2.0,12,3,9
93745,15,2,0,7,8,3,0,1,0,1,2,36,2,2,0.0,0.0,0.0,0.0,0.0,1.0,21,2,7
131530,15,2,1,17,15,3,0,1,0,1,2,36,2,2,0.0,0.0,0.0,0.0,0.0,2.0,23,1,9
84871,4,2,3,9,2,3,0,1,0,1,1,38,2,3,1.0,0.0,0.0,1.0,0.0,1.0,15,5,6
104532,16,2,3,0,2,3,0,1,0,1,2,6,2,3,2.0,0.0,0.0,2.0,0.0,0.0,13,4,8
178160,16,2,3,17,6,3,0,1,0,1,2,18,2,2,0.0,0.0,0.0,0.0,0.0,2.0,7,2,12
92897,16,2,3,17,6,3,0,1,1,1,2,23,2,2,0.0,0.0,0.0,0.0,0.0,4.0,16,4,7
16892,15,10,1,10,2,2,4,1,1,1,0,19,2,2,0.0,0.0,0.0,0.0,0.0,3.0,16,2,2
175901,4,2,3,2,6,4,5,5,0,1,2,36,1,2,0.0,0.0,0.0,0.0,0.0,1.0,15,7,12
5720,16,2,1,0,6,3,0,1,1,1,2,18,2,2,0.0,0.0,0.0,0.0,0.0,2.0,19,3,1
65828,4,2,3,17,15,3,0,1,0,1,2,36,2,2,0.0,0.0,0.0,0.0,0.0,2.0,7,5,5
15259,16,2,1,17,8,3,0,1,1,1,1,36,2,2,0.0,0.0,0.0,0.0,0.0,3.0,17,7,2
114563,16,2,3,0,8,3,0,1,0,1,2,18,2,1,1.0,0.0,1.0,0.0,0.0,3.0,17,1,8
176088,16,2,1,0,2,3,0,1,0,1,2,6,2,2,0.0,0.0,0.0,0.0,0.0,2.0,4,7,12
29184,16,2,3,15,8,3,0,1,1,1,1,26,2,2,0.0,0.0,0.0,0.0,0.0,3.0,10,6,3
38931,15,2,3,0,8,3,0,5,1,1,1,18,2,2,0.0,0.0,0.0,0.0,0.0,3.0,14,7,3
85160,16,7,3,17,6,3,6,1,1,1,2,24,2,2,0.0,0.0,0.0,0.0,0.0,2.0,8,3,6
108534,15,2,3,9,15,3,0,1,0,1,2,36,2,1,1.0,0.0,1.0,0.0,0.0,2.0,14,3,8
15768,15,2,3,7,8,3,6,1,1,1,2,22,2,2,0.0,0.0,0.0,0.0,0.0,1.0,13,3,2
18510,15,2,3,0,19,3,0,1,0,1,2,36,4,3,1.0,0.0,0.0,1.0,0.0,2.0,12,7,2
180902,15,2,3,10,2,3,0,5,1,1,2,19,2,2,0.0,0.0,0.0,0.0,0.0,3.0,13,2,12
170645,15,2,3,10,8,3,0,1,1,1,0,18,2,2,0.0,0.0,0.0,0.0,0.0,2.0,8,2,11
132447,15,2,3,17,8,3,0,1,1,1,1,21,2,2,0.0,0.0,0.0,0.0,0.0,2.0,18,5,9
188653,15,7,3,0,8,3,6,1,1,1,2,36,2,2,0.0,0.0,0.0,0.0,0.0,2.0,14,2,12
7401,15,2,3,7,10,3,0,1,0,1,2,36,2,2,0.0,0.0,0.0,0.0,0.0,1.0,14,1,1
168835,16,7,1,17,6,3,6,1,1,1,2,18,2,2,0.0,0.0,0.0,0.0,0.0,2.0,16,3,11
150546,17,6,4,17,6,3,0,5,1,1,2,36,2,2,0.0,0.0,0.0,0.0,0.0,2.0,18,4,10
109898,18,2,3,10,2,3,0,1,1,0,2,19,2,2,0.0,0.0,0.0,0.0,0.0,2.0,15,1,8
46858,16,2,3,10,3,3,0,1,1,1,1,19,2,2,0.0,0.0,0.0,0.0,0.0,3.0,14,7,4
160096,15,2,1,17,15,3,0,5,0,1,2,36,2,3,3.0,0.0,0.0,3.0,0.0,0.0,0,3,11
60570,16,2,3,17,10,3,0,1,1,1,1,23,2,2,0.0,0.0,0.0,0.0,0.0,2.0,9,4,5
107064,16,7,1,17,2,3,6,5,1,1,1,12,2,2,0.0,0.0,0.0,0.0,0.0,2.0,2,1,8
30546,16,9,3,17,8,3,6,1,1,1,2,6,2,2,0.0,0.0,0.0,0.0,0.0,2.0,13,3,3
68853,4,2,3,15,8,3,0,1,0,0,2,36,7,0,3.0,1.0,1.0,0.0,1.0,3.0,13,4,5
131741,16,2,3,10,6,3,0,1,1,1,2,19,2,2,0.0,0.0,0.0,0.0,0.0,3.0,15,6,9
72941,16,2,3,17,10,3,0,1,1,1,2,36,2,2,0.0,0.0,0.0,0.0,0.0,4.0,13,2,6
17713,16,2,3,9,6,3,0,1,0,1,2,13,2,1,1.0,0.0,1.0,0.0,0.0,1.0,7,2,2
111557,16,3,3,17,2,3,0,1,1,1,2,18,2,2,0.0,0.0,0.0,0.0,0.0,4.0,12,4,8
121864,4,2,3,15,12,3,0,1,1,1,1,21,2,2,0.0,0.0,0.0,0.0,0.0,3.0,19,5,9
185665,15,2,1,7,6,3,0,1,0,1,2,6,2,3,1.0,0.0,0.0,1.0,0.0,0.0,20,3,12
108012,16,2,3,0,6,3,0,1,1,1,2,6,2,2,0.0,0.0,0.0,0.0,0.0,2.0,8,1,8
144653,16,2,3,9,8,3,0,0,0,1,0,36,2,1,1.0,0.0,1.0,0.0,0.0,1.0,16,6,10
55372,15,2,1,0,6,3,0,1,0,1,2,5,2,4,1.0,0.0,0.0,0.0,1.0,2.0,0,6,4
3786,15,6,3,0,8,3,0,1,1,1,1,18,2,2,0.0,0.0,0.0,0.0,0.0,2.0,10,2,1
23065,15,2,3,17,10,3,0,1,1,0,2,21,2,2,0.0,0.0,0.0,0.0,0.0,3.0,11,7,2
109062,16,2,3,10,8,3,0,1,1,1,2,19,2,2,0.0,0.0,0.0,0.0,0.0,2.0,12,3,8
76973,16,2,3,10,6,3,0,1,1,1,1,19,2,2,0.0,0.0,0.0,0.0,0.0,2.0,16,7,6
37629,15,2,3,17,8,3,0,1,1,1,2,24,2,2,0.0,0.0,0.0,0.0,0.0,2.0,17,4,3
66540,15,2,3,17,2,3,0,1,1,1,1,24,2,2,0.0,0.0,0.0,0.0,0.0,2.0,12,1,5
115957,16,2,3,17,2,3,0,1,1,1,2,36,2,2,0.0,0.0,0.0,0.0,0.0,2.0,19,3,8
126213,4,2,3,17,8,3,0,1,1,1,2,28,2,2,0.0,0.0,0.0,0.0,0.0,2.0,8,4,9
48269,4,2,1,2,8,3,0,1,0,1,2,28,1,2,0.0,0.0,0.0,0.0,0.0,1.0,0,3,4
18624,16,2,3,17,6,3,6,1,1,1,1,36,2,2,0.0,0.0,0.0,0.0,0.0,2.0,9,3,2
590,16,2,3,10,8,3,1,1,1,1,1,19,2,2,0.0,0.0,0.0,0.0,0.0,5.0,8,3,1
24972,16,2,3,9,6,3,0,1,0,1,0,18,2,4,1.0,0.0,0.0,0.0,1.0,1.0,15,7,2
162698,15,2,3,0,6,3,0,1,1,1,2,36,2,2,0.0,0.0,0.0,0.0,0.0,2.0,13,6,11
35503,16,2,1,17,3,3,0,1,1,1,1,18,2,2,0.0,0.0,0.0,0.0,0.0,2.0,19,2,3
35704,15,2,3,17,8,3,0,1,1,1,2,18,2,2,0.0,0.0,0.0,0.0,0.0,2.0,7,5,3
39280,16,2,1,15,8,3,0,1,1,1,2,36,2,2,0.0,0.0,0.0,0.0,0.0,3.0,19,1,3
131457,16,2,1,0,10,3,0,1,0,1,1,6,2,4,1.0,0.0,0.0,0.0,1.0,4.0,20,6,9
188854,16,2,3,15,3,3,6,1,0,1,0,36,2,4,1.0,0.0,0.0,0.0,1.0,2.0,14,6,12
120224,16,2,3,8,2,3,0,1,0,1,1,24,2,3,1.0,0.0,0.0,1.0,0.0,1.0,16,3,8
147075,16,2,3,2,6,3,0,1,1,1,2,24,1,2,0.0,0.0,0.0,0.0,0.0,1.0,17,5,10
31652,4,2,3,10,2,3,0,1,1,1,2,19,2,2,0.0,0.0,0.0,0.0,0.0,2.0,15,2,3
41902,4,2,0,3,8,3,0,1,1,1,2,36,2,2,0.0,0.0,0.0,0.0,0.0,2.0,23,7,3
46813,16,2,3,15,2,3,0,5,1,1,2,36,2,2,0.0,0.0,0.0,0.0,0.0,2.0,17,5,4
67656,15,2,3,15,10,3,0,1,1,1,2,36,2,2,0.0,0.0,0.0,0.0,0.0,2.0,15,5,5
61791,16,2,3,17,6,3,0,1,1,1,2,36,2,2,0.0,0.0,0.0,0.0,0.0,3.0,15,4,5
80743,16,2,3,0,6,3,0,1,0,1,2,6,2,1,1.0,0.0,1.0,0.0,0.0,1.0,19,6,6
49175,15,2,3,10,2,3,0,1,1,1,0,36,2,2,0.0,0.0,0.0,0.0,0.0,2.0,13,6,4
149469,16,2,3,17,8,3,0,1,1,1,2,24,2,2,0.0,0.0,0.0,0.0,0.0,2.0,7,5,10
168308,16,3,3,0,6,3,0,1,1,1,2,6,2,2,0.0,0.0,0.0,0.0,0.0,2.0,9,7,11
18755,16,2,3,0,10,3,6,1,1,1,2,3,2,2,0.0,0.0,0.0,0.0,0.0,4.0,6,3,2
105574,16,2,0,10,2,3,0,1,0,1,2,19,2,4,1.0,0.0,0.0,0.0,1.0,1.0,23,7,8
162511,16,2,3,10,8,3,0,1,0,1,2,19,2,3,1.0,0.0,0.0,1.0,0.0,2.0,8,2,11
174008,16,2,1,0,2,3,0,1,1,1,1,17,2,2,0.0,0.0,0.0,0.0,0.0,5.0,21,6,12
129581,15,2,3,17,8,3,5,5,1,1,2,24,2,2,0.0,0.0,0.0,0.0,0.0,2.0,13,2,9
114271,15,2,3,17,15,3,0,1,0,1,2,36,2,2,0.0,0.0,0.0,0.0,0.0,2.0,11,5,8
49027,16,7,5,0,8,3,6,5,1,1,0,18,2,2,0.0,0.0,0.0,0.0,0.0,2.0,1,1,4
40026,16,2,1,17,8,3,0,1,1,1,2,36,2,2,0.0,0.0,0.0,0.0,0.0,2.0,0,7,3
117363,16,7,3,17,3,3,6,1,1,1,2,24,2,2,0.0,0.0,0.0,0.0,0.0,2.0,6,2,8
125804,4,2,1,0,3,3,0,1,0,1,2,22,2,1,3.0,0.0,3.0,0.0,0.0,2.0,22,6,9
177361,15,2,1,9,8,3,0,1,0,1,2,36,2,4,1.0,0.0,0.0,0.0,1.0,1.0,16,5,12
167675,18,2,1,8,8,3,0,1,1,1,2,18,2,2,0.0,0.0,0.0,0.0,0.0,2.0,18,4,11
111668,15,2,3,15,8,3,0,1,1,1,2,36,2,2,0.0,0.0,0.0,0.0,0.0,2.0,11,7,8
132950,16,7,3,15,3,3,6,1,0,1,2,39,2,4,1.0,0.0,0.0,0.0,1.0,2.0,16,1,9
36372,4,2,3,0,10,3,0,1,1,1,1,36,2,2,0.0,0.0,0.0,0.0,0.0,2.0,8,2,3
158235,16,2,3,0,2,3,0,1,0,1,2,12,2,2,0.0,0.0,0.0,0.0,0.0,4.0,7,3,11
36328,16,2,3,0,8,3,0,1,1,1,1,36,2,2,0.0,0.0,0.0,0.0,0.0,3.0,12,1,3
82057,16,2,1,10,2,3,0,1,1,1,0,6,2,2,0.0,0.0,0.0,0.0,0.0,2.0,22,2,6
142979,16,2,3,10,6,3,0,5,1,1,2,36,2,2,0.0,0.0,0.0,0.0,0.0,2.0,8,5,10
53573,16,7,1,13,3,3,6,1,0,1,2,18,4,3,3.0,0.0,0.0,2.0,1.0,2.0,2,6,4
187464,16,2,3,15,6,3,0,5,1,1,1,36,2,2,0.0,0.0,0.0,0.0,0.0,2.0,14,7,12
148495,15,3,3,17,8,3,6,1,1,1,2,18,2,2,0.0,0.0,0.0,0.0,0.0,2.0,8,5,10
56775,15,2,1,0,6,3,5,5,1,1,1,5,2,2,0.0,0.0,0.0,0.0,0.0,2.0,23,1,5
39217,15,2,3,17,6,3,0,1,0,1,2,12,2,2,0.0,0.0,0.0,0.0,0.0,2.0,20,6,3
36888,16,2,5,2,6,3,6,1,0,1,2,36,1,2,0.0,0.0,0.0,0.0,0.0,1.0,23,5,3
186057,16,11,5,0,2,3,5,5,1,1,1,18,2,2,0.0,0.0,0.0,0.0,0.0,2.0,20,2,12
40841,16,2,3,17,5,3,0,1,0,1,2,6,2,2,0.0,0.0,0.0,0.0,0.0,2.0,7,2,3
103269,16,2,1,13,15,3,0,1,0,1,2,6,2,4,1.0,0.0,0.0,0.0,1.0,1.0,0,7,7
176202,15,2,3,0,6,3,0,1,0,1,2,18,3,2,0.0,0.0,0.0,0.0,0.0,3.0,7,3,12
129426,4,2,3,0,15,3,0,1,1,0,2,18,2,2,0.0,0.0,0.0,0.0,0.0,3.0,16,2,9
98649,15,2,3,17,8,3,0,1,1,1,2,24,2,2,0.0,0.0,0.0,0.0,0.0,2.0,13,1,7
56133,4,2,3,17,8,3,0,1,0,1,2,23,3,4,1.0,0.0,0.0,0.0,1.0,3.0,16,4,5
132651,16,7,1,10,8,3,6,1,1,1,1,36,2,2,0.0,0.0,0.0,0.0,0.0,2.0,18,1,9
38939,16,2,3,17,8,3,0,1,1,1,2,18,2,2,0.0,0.0,0.0,0.0,0.0,4.0,15,7,3
184188,16,2,3,14,10,3,0,1,1,1,2,3,2,2,0.0,0.0,0.0,0.0,0.0,3.0,10,5,12
69607,4,2,3,17,0,3,0,1,1,0,2,18,2,2,0.0,0.0,0.0,0.0,0.0,5.0,12,7,5
5689,16,2,3,10,1,3,6,1,0,1,2,19,2,2,0.0,0.0,0.0,0.0,0.0,2.0,12,1,1
163111,16,2,1,15,10,3,0,1,1,1,0,22,2,2,0.0,0.0,0.0,0.0,0.0,2.0,17,4,11
138442,15,2,1,10,8,3,0,1,1,1,2,17,2,2,0.0,0.0,0.0,0.0,0.0,2.0,23,6,10
55830,16,2,1,2,15,3,0,1,0,1,1,36,2,1,1.0,0.0,1.0,0.0,0.0,0.0,3,7,4
155014,16,2,1,15,10,4,0,1,1,1,2,18,2,2,0.0,0.0,0.0,0.0,0.0,2.0,5,4,10
70858,16,2,3,17,6,3,0,1,1,1,2,24,2,2,0.0,0.0,0.0,0.0,0.0,3.0,16,7,5
151045,4,2,1,0,8,3,0,1,1,1,2,5,2,2,0.0,0.0,0.0,0.0,0.0,3.0,23,3,10
137187,15,2,3,17,6,3,0,6,1,1,2,36,2,2,0.0,0.0,0.0,0.0,0.0,7.0,16,2,9
91144,4,2,3,17,8,3,0,1,0,0,1,24,2,2,0.0,0.0,0.0,0.0,0.0,2.0,11,3,7
149825,15,2,3,17,8,3,0,1,1,1,1,36,2,2,0.0,0.0,0.0,0.0,0.0,3.0,11,1,10
40220,4,2,3,15,2,3,0,1,1,1,2,36,2,2,0.0,0.0,0.0,0.0,0.0,2.0,12,3,3
8994,16,7,1,17,8,3,6,1,1,1,2,18,2,2,0.0,0.0,0.0,0.0,0.0,3.0,17,4,1
69234,9,2,1,6,8,3,0,2,0,1,2,37,1,3,1.0,0.0,0.0,1.0,0.0,0.0,3,1,5
184310,15,2,1,0,8,3,0,1,0,1,2,18,2,2,0.0,0.0,0.0,0.0,0.0,2.0,22,7,12
103531,15,2,3,0,8,3,0,1,0,1,2,18,2,2,0.0,0.0,0.0,0.0,0.0,3.0,16,4,7
171851,16,2,3,14,8,3,0,1,1,1,2,36,2,2,0.0,0.0,0.0,0.0,0.0,2.0,13,2,11
153572,16,2,3,0,6,3,0,1,0,1,2,6,2,2,0.0,0.0,0.0,0.0,0.0,2.0,14,4,10
15659,15,2,1,0,8,3,0,1,1,1,2,36,2,2,0.0,0.0,0.0,0.0,0.0,2.0,23,6,2
97600,15,2,3,0,6,3,0,1,0,1,2,18,3,3,2.0,0.0,0.0,2.0,0.0,1.0,18,6,7
154590,16,7,3,10,6,3,6,1,0,1,2,17,2,2,0.0,0.0,0.0,0.0,0.0,2.0,14,4,10
133186,16,2,2,15,2,3,0,1,1,1,1,12,2,2,0.0,0.0,0.0,0.0,0.0,2.0,14,2,9
40758,4,2,3,8,10,3,0,1,1,0,2,26,2,2,0.0,0.0,0.0,0.0,0.0,2.0,12,7,3
27843,16,2,3,0,6,3,0,1,0,1,2,36,2,2,0.0,0.0,0.0,0.0,0.0,2.0,8,6,2
118571,16,2,3,8,3,3,0,1,0,1,2,18,2,3,2.0,0.0,0.0,2.0,0.0,0.0,19,7,8
118583,16,2,3,17,6,3,0,1,1,1,2,36,2,2,0.0,0.0,0.0,0.0,0.0,3.0,9,7,8
96087,16,2,3,10,8,3,0,1,1,1,2,19,2,2,0.0,0.0,0.0,0.0,0.0,2.0,13,3,7
104725,8,2,1,17,6,3,0,1,1,1,2,36,2,2,0.0,0.0,0.0,0.0,0.0,3.0,22,6,8
36503,16,7,3,0,6,3,6,1,0,1,2,18,2,3,5.0,0.0,0.0,5.0,0.0,0.0,14,6,3
173231,16,2,3,15,2,3,0,1,1,1,2,18,2,2,0.0,0.0,0.0,0.0,0.0,4.0,12,5,12
35873,16,2,3,10,3,4,0,1,1,1,2,17,2,2,0.0,0.0,0.0,0.0,0.0,2.0,17,7,3
66203,15,7,3,0,8,3,6,1,1,1,2,17,2,2,0.0,0.0,0.0,0.0,0.0,5.0,7,3,5
160245,16,2,3,17,15,3,0,1,0,1,2,18,2,3,1.0,0.0,0.0,1.0,0.0,4.0,12,6,11
126218,16,2,3,10,2,3,0,1,1,1,2,36,2,2,0.0,0.0,0.0,0.0,0.0,2.0,8,4,9
62029,16,2,4,15,3,3,0,1,1,0,1,19,2,2,0.0,0.0,0.0,0.0,0.0,2.0,20,1,5
81279,4,2,3,0,11,3,0,1,1,1,2,18,2,2,0.0,0.0,0.0,0.0,0.0,2.0,16,7,6
23571,16,2,3,10,2,3,6,1,1,1,2,19,3,2,0.0,0.0,0.0,0.0,0.0,3.0,12,2,2
117390,16,7,3,10,2,3,6,1,1,1,1,36,2,2,0.0,0.0,0.0,0.0,0.0,2.0,10,2,8
159642,16,2,3,17,6,5,0,1,1,1,2,36,2,2,0.0,0.0,0.0,0.0,0.0,2.0,16,5,11
3525,16,2,3,10,1,3,0,1,0,0,1,19,3,3,1.0,0.0,0.0,1.0,0.0,4.0,8,3,1
46206,15,2,1,0,8,3,0,1,0,1,2,18,2,2,0.0,0.0,0.0,0.0,0.0,2.0,0,1,4
52360,16,2,3,10,8,3,0,1,1,1,2,36,2,2,0.0,0.0,0.0,0.0,0.0,2.0,17,7,4
67820,16,2,1,0,6,3,0,1,0,1,2,6,2,3,4.0,0.0,0.0,4.0,0.0,1.0,22,1,5
187043,16,3,3,17,2,3,6,1,0,1,2,18,2,3,1.0,0.0,0.0,1.0,0.0,2.0,13,5,12
47421,16,2,3,0,8,3,0,1,0,1,2,36,2,3,1.0,0.0,0.0,1.0,0.0,1.0,10,3,4
4220,4,2,3,15,8,3,0,1,1,1,0,23,2,2,0.0,0.0,0.0,0.0,0.0,2.0,7,2,1
165805,16,2,3,10,6,3,0,1,0,1,2,13,3,3,2.0,0.0,0.0,2.0,0.0,1.0,10,7,11
85986,16,2,3,15,8,3,0,1,1,1,1,22,2,2,0.0,0.0,0.0,0.0,0.0,6.0,16,1,6
68494,16,2,3,17,15,3,0,1,0,1,2,24,2,3,1.0,0.0,0.0,1.0,0.0,1.0,17,5,5
95733,16,2,3,2,11,3,0,1,0,1,2,36,1,2,0.0,0.0,0.0,0.0,0.0,2.0,9,5,7
172529,17,2,1,7,6,3,0,5,1,1,1,36,2,2,0.0,0.0,0.0,0.0,0.0,1.0,18,5,12
20505,16,2,3,10,6,3,0,1,1,1,1,20,2,2,0.0,0.0,0.0,0.0,0.0,5.0,13,2,2
64279,16,7,3,17,6,3,6,1,0,1,2,18,2,2,0.0,0.0,0.0,0.0,0.0,3.0,17,1,5
83721,15,2,3,17,2,3,0,1,1,1,2,36,2,2,0.0,0.0,0.0,0.0,0.0,2.0,13,7,6
95988,17,2,0,10,8,3,0,1,1,1,2,36,2,2,0.0,0.0,0.0,0.0,0.0,2.0,20,3,7
121410,15,2,3,0,6,3,0,1,0,1,2,18,2,3,1.0,0.0,0.0,1.0,0.0,1.0,9,5,9
164275,16,2,3,17,8,3,0,1,1,1,2,28,2,2,0.0,0.0,0.0,0.0,0.0,2.0,11,5,11
165479,16,2,1,0,2,3,0,1,1,1,2,6,2,2,0.0,0.0,0.0,0.0,0.0,3.0,22,1,11
121651,17,2,3,7,2,3,0,5,1,1,2,24,2,2,0.0,0.0,0.0,0.0,0.0,4.0,12,7,9
21602,16,2,3,8,6,3,0,1,0,1,2,18,2,3,1.0,0.0,0.0,1.0,0.0,2.0,8,4,2
13755,16,2,3,14,6,3,0,1,0,1,2,35,2,2,0.0,0.0,0.0,0.0,0.0,2.0,11,1,1
152817,16,3,3,17,8,3,0,1,0,1,2,18,2,3,1.0,0.0,0.0,1.0,0.0,1.0,14,6,10
38299,16,7,0,0,16,3,6,1,0,1,2,6,2,3,1.0,0.0,0.0,1.0,0.0,2.0,22,3,3