crash_date,               traffic_control_device,weather_condition,lighting_condition,first_crash_type,trafficway_type,alignment,roadway_surface_cond,road_defect,crash_type,intersection_related_i,damage,prim_contributory_cause,num_units,most_severe_injury,injuries_total,injuries_fatal,injuries_incapacitating,injuries_non_incapacitating,injuries_reported_not_evident,injuries_no_indication,crash_hour,crash_day_of_week,crash_month
99095,16,2,3,0,2,3,0,1,1,1,2,24,2,2,0.0,0.0,0.0,0.0,0.0,3.0,14,7,7
144956,16,2,3,11,6,3,0,1,1,1,2,36,2,2,0.0,0.0,0.0,0.0,0.0,2.0,10,4,10
27190,16,2,3,17,2,3,0,1,0,1,2,18,2,2,0.0,0.0,0.0,0.0,0.0,3.0,12,7,2
85811,16,2,3,15,3,3,0,1,1,1,1,18,2,2,0.0,0.0,0.0,0.0,0.0,2.0,18,4,6
90820,16,2,3,17,3,3,0,1,0,1,1,12,2,2,0.0,0.0,0.0,0.0,0.0,2.0,12,5,7
163163,15,2,3,2,7,3,1,1,1,1,2,36,1,2,0.0,0.0,0.0,0.0,0.0,1.0,2,5,11
77373,16,2,4,10,8,3,0,1,1,1,2,19,2,2,0.0,0.0,0.0,0.0,0.0,2.0,20,6,6
26106,15,2,3,10,6,3,0,1,1,1,2,19,2,2,0.0,0.0,0.0,0.0,0.0,2.0,12,6,2
32988,15,2,3,17,2,3,0,1,1,1,2,23,3,2,0.0,0.0,0.0,0.0,0.0,2.0,13,2,3
119093,16,2,1,17,3,3,0,1,0,1,1,38,2,2,0.0,0.0,0.0,0.0,0.0,4.0,20,7,8
22618,16,10,1,0,8,3,4,5,0,1,2,8,2,2,0.0,0.0,0.0,0.0,0.0,2.0,21,7,2
164038,15,10,3,0,2,3,4,5,0,1,2,18,2,3,1.0,0.0,0.0,1.0,0.0,1.0,10,3,11
129557,16,2,1,17,3,3,0,1,1,1,0,18,2,2,0.0,0.0,0.0,0.0,0.0,4.0,21,1,9
1180,16,2,2,17,8,3,0,1,1,1,1,36,2,2,0.0,0.0,0.0,0.0,0.0,3.0,17,6,1
84503,16,2,3,0,6,3,0,1,0,1,2,6,2,3,6.0,0.0,0.0,6.0,0.0,1.0,13,6,6
103275,4,2,3,15,8,3,0,1,1,1,1,8,2,2,0.0,0.0,0.0,0.0,0.0,4.0,13,1,7
78124,16,2,3,0,6,3,0,6,1,1,2,36,2,2,0.0,0.0,0.0,0.0,0.0,2.0,18,4,6
12259,15,10,3,0,8,3,6,5,1,1,1,36,2,2,0.0,0.0,0.0,0.0,0.0,2.0,16,4,1
163640,16,7,3,15,8,3,6,1,1,1,0,12,2,2,0.0,0.0,0.0,0.0,0.0,2.0,7,4,11
32802,15,7,1,0,8,3,6,1,1,1,2,18,2,2,0.0,0.0,0.0,0.0,0.0,3.0,19,6,3
57618,16,2,0,10,6,3,0,1,0,1,2,30,2,3,2.0,0.0,0.0,2.0,0.0,0.0,20,7,5
34428,16,2,3,10,3,3,0,1,1,1,1,17,2,2,0.0,0.0,0.0,0.0,0.0,2.0,11,4,3
111526,15,7,3,10,8,3,6,1,0,1,2,36,2,2,0.0,0.0,0.0,0.0,0.0,3.0,19,4,8
133003,16,2,3,17,1,3,0,5,1,1,2,26,2,2,0.0,0.0,0.0,0.0,0.0,2.0,9,4,9
138223,15,2,3,0,8,3,0,1,0,1,2,18,2,3,1.0,0.0,0.0,1.0,0.0,1.0,8,2,10
108581,16,2,3,15,1,3,0,1,1,1,1,12,2,2,0.0,0.0,0.0,0.0,0.0,3.0,10,3,8
46115,18,2,4,0,15,3,0,1,0,1,2,18,3,3,2.0,0.0,0.0,2.0,0.0,1.0,17,7,4
59658,15,2,1,0,8,3,0,1,0,1,1,18,2,3,1.0,0.0,0.0,1.0,0.0,1.0,21,4,5
50436,16,2,3,4,3,3,0,3,1,1,1,36,1,2,0.0,0.0,0.0,0.0,0.0,1.0,11,6,4
11072,15,10,3,0,8,3,4,1,1,1,2,36,2,2,0.0,0.0,0.0,0.0,0.0,2.0,8,3,1
40440,15,2,1,17,15,3,0,1,1,1,2,36,2,2,0.0,0.0,0.0,0.0,0.0,2.0,20,1,3
14076,15,11,3,17,15,3,5,1,1,1,1,36,2,2,0.0,0.0,0.0,0.0,0.0,3.0,13,1,1
70609,16,2,3,8,8,3,0,1,1,1,0,18,2,2,0.0,0.0,0.0,0.0,0.0,3.0,19,4,5
95224,16,7,1,0,5,3,6,5,1,1,2,36,2,2,0.0,0.0,0.0,0.0,0.0,2.0,22,4,7
119622,15,2,1,0,6,3,0,1,0,1,2,18,2,3,1.0,0.0,0.0,1.0,0.0,4.0,20,1,8
12441,16,2,3,0,8,3,6,1,0,1,2,6,2,3,2.0,0.0,0.0,2.0,0.0,2.0,8,6,1
96777,16,2,3,17,8,3,0,1,0,1,2,18,2,3,1.0,0.0,0.0,1.0,0.0,1.0,16,7,7
15797,15,10,1,0,6,3,4,5,1,1,2,5,2,2,0.0,0.0,0.0,0.0,0.0,2.0,20,3,2
140720,15,2,3,0,6,3,0,1,1,1,2,5,2,2,0.0,0.0,0.0,0.0,0.0,2.0,12,3,10
129800,4,2,3,10,2,3,0,1,1,0,2,36,3,2,0.0,0.0,0.0,0.0,0.0,3.0,16,6,9
31218,16,2,4,0,19,3,0,1,0,1,2,6,4,3,2.0,0.0,0.0,1.0,1.0,3.0,17,1,3
164715,17,11,5,7,12,3,5,5,1,1,2,36,2,2,0.0,0.0,0.0,0.0,0.0,1.0,12,7,11
79239,16,2,1,0,2,3,0,1,0,1,2,6,2,3,1.0,0.0,0.0,1.0,0.0,3.0,2,6,6
18347,15,3,3,0,11,3,0,1,0,1,2,18,2,2,0.0,0.0,0.0,0.0,0.0,2.0,8,5,2
48554,15,2,3,10,8,3,5,5,1,1,2,19,2,2,0.0,0.0,0.0,0.0,0.0,2.0,11,6,4
123316,16,2,3,10,2,3,0,1,0,1,2,19,2,4,2.0,0.0,0.0,0.0,2.0,0.0,15,4,9
121775,4,2,3,0,8,3,0,5,1,1,1,36,2,2,0.0,0.0,0.0,0.0,0.0,2.0,17,3,9
101924,16,2,1,10,2,3,0,1,0,1,2,17,2,3,1.0,0.0,0.0,1.0,0.0,2.0,22,7,7
125521,4,2,3,0,8,3,0,1,1,1,2,36,2,2,0.0,0.0,0.0,0.0,0.0,2.0,10,1,9
33988,15,7,3,10,8,3,6,1,1,1,2,19,2,2,0.0,0.0,0.0,0.0,0.0,2.0,11,4,3
171463,15,2,3,0,6,3,0,1,0,1,2,18,2,2,0.0,0.0,0.0,0.0,0.0,2.0,11,3,11
121763,15,2,3,0,6,3,0,1,0,1,2,17,2,3,1.0,0.0,0.0,1.0,0.0,4.0,15,3,9
115595,16,2,3,10,3,3,0,1,1,1,2,26,2,2,0.0,0.0,0.0,0.0,0.0,3.0,18,3,8
81962,15,2,3,10,8,3,0,5,1,1,2,36,2,2,0.0,0.0,0.0,0.0,0.0,2.0,17,2,6
177709,16,2,3,7,3,3,0,1,1,1,0,18,2,2,0.0,0.0,0.0,0.0,0.0,1.0,13,2,12
20581,16,2,3,10,2,3,0,1,1,1,2,19,2,2,0.0,0.0,0.0,0.0,0.0,2.0,18,2,2
82615,17,2,1,0,6,3,0,1,1,1,0,24,2,2,0.0,0.0,0.0,0.0,0.0,3.0,0,5,6
12040,16,10,1,10,8,3,4,1,1,1,1,17,2,2,0.0,0.0,0.0,0.0,0.0,3.0,19,6,1
149402,17,7,0,17,6,3,6,5,0,1,2,36,3,2,0.0,0.0,0.0,0.0,0.0,6.0,19,4,10
147314,15,2,1,0,8,3,0,1,0,1,2,18,2,4,1.0,0.0,0.0,0.0,1.0,1.0,18,3,10
82897,16,2,3,17,8,3,0,1,0,1,2,6,2,3,1.0,0.0,0.0,1.0,0.0,1.0,16,2,6
27260,16,2,3,17,11,3,0,1,0,1,2,18,2,2,0.0,0.0,0.0,0.0,0.0,2.0,9,3,2
67996,16,2,3,15,8,3,0,1,1,1,1,26,2,2,0.0,0.0,0.0,0.0,0.0,12.0,8,4,5
162234,16,2,3,0,2,3,0,1,0,1,2,6,2,2,0.0,0.0,0.0,0.0,0.0,3.0,10,6,11
10997,4,11,3,15,8,3,5,5,1,1,1,26,2,2,0.0,0.0,0.0,0.0,0.0,2.0,15,7,1
97529,4,2,3,15,1,3,0,1,1,0,0,36,2,2,0.0,0.0,0.0,0.0,0.0,3.0,17,4,7
90119,16,2,3,10,3,3,0,5,1,1,2,19,2,2,0.0,0.0,0.0,0.0,0.0,3.0,17,2,7
145724,15,2,3,0,6,3,0,1,0,1,2,36,2,2,0.0,0.0,0.0,0.0,0.0,2.0,18,2,10
176373,17,2,1,8,8,3,0,1,0,1,2,18,2,3,1.0,0.0,0.0,1.0,0.0,1.0,17,6,12
104583,4,2,3,17,8,3,0,1,0,1,0,23,2,4,1.0,0.0,0.0,0.0,1.0,2.0,13,5,8
171956,15,2,3,10,8,3,0,1,0,0,0,12,2,3,1.0,0.0,0.0,1.0,0.0,2.0,13,4,11
27469,17,2,3,10,1,3,5,5,0,1,2,36,2,1,1.0,0.0,1.0,0.0,0.0,1.0,15,1,2
28662,16,2,3,0,6,3,0,1,1,1,2,6,2,2,0.0,0.0,0.0,0.0,0.0,2.0,6,6,3
7975,16,2,1,10,10,3,0,5,1,1,2,26,2,2,0.0,0.0,0.0,0.0,0.0,2.0,17,3,1
105180,16,2,1,17,2,3,0,5,1,1,2,24,2,2,0.0,0.0,0.0,0.0,0.0,2.0,20,6,8
122200,15,2,3,0,6,3,0,1,1,1,2,36,2,2,0.0,0.0,0.0,0.0,0.0,2.0,12,3,9
42154,16,7,4,17,8,3,6,1,1,1,2,36,2,2,0.0,0.0,0.0,0.0,0.0,3.0,18,6,3
102046,15,2,3,17,2,3,0,1,1,1,2,5,2,2,0.0,0.0,0.0,0.0,0.0,2.0,9,3,7
3944,4,7,3,0,8,3,6,1,0,1,2,36,2,3,2.0,0.0,0.0,1.0,1.0,3.0,8,3,1
21561,16,2,3,17,8,3,0,1,1,1,2,36,2,2,0.0,0.0,0.0,0.0,0.0,2.0,15,4,2
174710,15,2,1,0,8,3,0,1,1,1,2,36,2,2,0.0,0.0,0.0,0.0,0.0,2.0,18,2,12
144486,15,2,0,8,6,3,0,1,0,1,1,26,2,4,1.0,0.0,0.0,0.0,1.0,1.0,19,5,10
170221,16,2,0,10,8,3,4,1,1,0,0,17,2,2,0.0,0.0,0.0,0.0,0.0,2.0,17,3,11
58165,16,7,3,10,8,3,6,1,1,1,1,36,2,2,0.0,0.0,0.0,0.0,0.0,3.0,12,3,5
24014,4,7,1,5,8,3,6,2,1,1,1,33,1,2,0.0,0.0,0.0,0.0,0.0,2.0,16,3,2
170227,16,2,4,0,1,3,0,1,0,1,2,36,2,2,0.0,0.0,0.0,0.0,0.0,4.0,17,3,11
172705,15,2,3,17,10,3,5,5,1,1,1,36,2,2,0.0,0.0,0.0,0.0,0.0,2.0,9,1,12
174763,17,11,5,15,6,3,5,5,1,1,2,36,2,2,0.0,0.0,0.0,0.0,0.0,2.0,17,3,12
11029,15,2,3,17,11,3,0,1,0,1,2,18,2,2,0.0,0.0,0.0,0.0,0.0,3.0,12,2,1
172424,16,2,3,17,2,3,0,1,1,1,2,36,2,2,0.0,0.0,0.0,0.0,0.0,2.0,9,3,12
88384,16,2,3,17,6,3,0,1,1,1,1,23,2,2,0.0,0.0,0.0,0.0,0.0,2.0,15,3,7
71028,4,2,3,17,8,3,0,1,1,1,2,18,2,2,0.0,0.0,0.0,0.0,0.0,2.0,15,3,5
140427,15,2,3,0,8,3,0,5,1,1,1,5,2,2,0.0,0.0,0.0,0.0,0.0,3.0,15,3,10
185186,16,2,1,15,6,3,0,1,1,1,2,36,2,2,0.0,0.0,0.0,0.0,0.0,2.0,20,2,12
57231,16,7,0,17,8,3,6,1,0,1,1,39,2,2,0.0,0.0,0.0,0.0,0.0,2.0,20,2,5
172345,16,7,3,17,6,3,6,1,1,1,1,36,2,2,0.0,0.0,0.0,0.0,0.0,3.0,15,1,12
64057,16,2,3,0,6,3,0,1,1,1,2,6,2,2,0.0,0.0,0.0,0.0,0.0,3.0,9,5,5
81362,16,2,3,11,6,4,0,1,0,1,1,6,2,2,0.0,0.0,0.0,0.0,0.0,5.0,18,1,6
162469,16,2,3,0,2,3,0,1,1,1,2,6,2,2,0.0,0.0,0.0,0.0,0.0,2.0,14,2,11
100796,4,2,3,10,2,3,0,1,1,0,2,19,2,2,0.0,0.0,0.0,0.0,0.0,2.0,13,5,7
71963,16,2,1,17,10,3,0,1,0,0,2,22,2,2,0.0,0.0,0.0,0.0,0.0,2.0,22,7,6
80392,16,2,3,15,8,3,0,1,1,1,1,36,2,2,0.0,0.0,0.0,0.0,0.0,3.0,12,1,6
105780,15,2,3,17,2,3,0,1,1,1,2,18,3,2,0.0,0.0,0.0,0.0,0.0,2.0,18,1,8
108824,15,2,1,0,2,3,0,1,0,1,2,18,2,2,0.0,0.0,0.0,0.0,0.0,2.0,19,6,8
103838,4,2,3,10,2,3,0,1,1,0,1,19,2,2,0.0,0.0,0.0,0.0,0.0,4.0,8,2,7
163413,16,2,1,17,6,3,0,1,0,1,2,18,2,2,0.0,0.0,0.0,0.0,0.0,3.0,22,2,11
89831,16,2,3,10,8,3,0,1,1,1,2,19,2,2,0.0,0.0,0.0,0.0,0.0,2.0,18,3,7
42806,16,2,3,17,8,3,0,1,1,1,2,18,2,2,0.0,0.0,0.0,0.0,0.0,2.0,11,2,4
98995,16,2,0,3,8,3,0,1,1,1,2,11,2,2,0.0,0.0,0.0,0.0,0.0,3.0,22,5,7
175702,4,2,1,7,8,3,0,1,0,1,2,37,3,2,0.0,0.0,0.0,0.0,0.0,2.0,21,2,12
67677,16,2,3,17,8,3,0,1,1,1,2,18,2,2,0.0,0.0,0.0,0.0,0.0,2.0,18,5,5
114649,16,2,2,10,8,3,6,1,1,1,0,8,2,2,0.0,0.0,0.0,0.0,0.0,2.0,5,3,8
117256,16,7,3,0,8,3,0,1,1,1,2,6,2,2,0.0,0.0,0.0,0.0,0.0,2.0,9,7,8
22898,16,10,3,17,15,3,4,1,0,1,2,36,2,2,0.0,0.0,0.0,0.0,0.0,2.0,6,6,2
19009,16,2,3,0,11,3,4,1,0,1,2,36,2,4,2.0,0.0,0.0,0.0,2.0,0.0,11,3,2
183285,4,2,3,17,2,3,0,1,1,1,1,22,2,2,0.0,0.0,0.0,0.0,0.0,3.0,12,6,12
81,16,2,1,0,8,3,0,1,0,1,2,6,2,2,0.0,0.0,0.0,0.0,0.0,4.0,19,2,1
105606,15,2,3,0,8,3,0,1,1,1,2,18,2,2,0.0,0.0,0.0,0.0,0.0,2.0,13,6,8
169232,15,7,0,0,8,3,6,1,1,1,2,18,2,2,0.0,0.0,0.0,0.0,0.0,3.0,18,1,11
79476,15,7,3,15,10,3,6,1,1,1,1,22,2,2,0.0,0.0,0.0,0.0,0.0,2.0,16,7,6
92883,16,2,3,17,8,3,0,1,0,1,2,18,2,1,2.0,0.0,2.0,0.0,0.0,0.0,14,4,7
90398,15,2,3,17,2,3,0,1,1,1,2,18,2,2,0.0,0.0,0.0,0.0,0.0,4.0,13,5,7
135922,16,2,3,15,8,3,0,1,1,1,0,36,2,2,0.0,0.0,0.0,0.0,0.0,2.0,17,5,9
117213,4,2,3,10,8,3,0,1,1,1,1,19,2,2,0.0,0.0,0.0,0.0,0.0,3.0,15,6,8
40371,16,2,1,10,2,3,0,1,1,1,2,19,2,2,0.0,0.0,0.0,0.0,0.0,6.0,19,7,3
72874,16,2,3,15,3,3,0,1,1,0,1,22,2,2,0.0,0.0,0.0,0.0,0.0,2.0,12,7,6
149620,17,11,5,15,17,3,5,5,1,1,2,36,2,2,0.0,0.0,0.0,0.0,0.0,2.0,22,7,10
136578,16,2,1,0,8,3,0,5,1,1,1,6,2,2,0.0,0.0,0.0,0.0,0.0,3.0,23,6,9
29309,4,2,0,0,8,3,0,1,1,1,1,36,2,2,0.0,0.0,0.0,0.0,0.0,2.0,17,3,3
31329,16,2,3,7,3,3,0,1,1,1,1,23,2,2,0.0,0.0,0.0,0.0,0.0,2.0,8,3,3
76836,16,2,1,0,18,3,0,1,0,1,2,6,2,3,2.0,0.0,0.0,2.0,0.0,0.0,4,5,6
3223,15,2,1,0,8,3,0,1,1,1,2,5,2,2,0.0,0.0,0.0,0.0,0.0,3.0,19,6,1
96438,16,2,3,10,8,3,0,1,1,0,2,36,2,2,0.0,0.0,0.0,0.0,0.0,2.0,13,2,7
8274,15,10,1,0,19,3,4,1,1,1,1,39,2,2,0.0,0.0,0.0,0.0,0.0,3.0,17,6,1
179620,4,2,3,17,8,3,0,1,1,1,1,18,2,2,0.0,0.0,0.0,0.0,0.0,2.0,7,6,12
87692,15,2,4,8,6,3,0,1,0,1,2,36,2,3,1.0,0.0,0.0,1.0,0.0,1.0,20,6,6
80072,16,2,3,15,8,3,0,5,1,0,0,36,2,2,0.0,0.0,0.0,0.0,0.0,2.0,14,3,6
154288,16,2,3,0,8,3,0,1,0,1,2,6,2,2,0.0,0.0,0.0,0.0,0.0,3.0,9,7,10
158658,15,2,3,17,8,3,0,1,0,1,2,24,2,3,1.0,0.0,0.0,1.0,0.0,1.0,7,2,11
7646,16,2,1,17,8,3,0,1,1,1,1,19,2,2,0.0,0.0,0.0,0.0,0.0,3.0,22,3,1
134373,16,2,3,17,8,3,0,1,0,1,2,17,2,2,0.0,0.0,0.0,0.0,0.0,4.0,14,6,9
95211,16,7,2,17,8,3,6,1,1,1,0,36,2,2,0.0,0.0,0.0,0.0,0.0,2.0,19,4,7
160561,15,2,1,8,8,3,0,1,0,1,1,36,2,3,1.0,0.0,0.0,1.0,0.0,1.0,17,3,11
56612,16,3,3,17,6,4,6,1,1,1,1,36,2,2,0.0,0.0,0.0,0.0,0.0,2.0,7,5,5
60185,16,3,3,17,2,3,0,1,0,1,2,18,2,2,0.0,0.0,0.0,0.0,0.0,2.0,11,5,5
11377,16,10,1,10,3,3,6,1,0,0,2,19,3,4,1.0,0.0,0.0,0.0,1.0,2.0,0,2,1
145895,16,2,1,17,8,3,0,1,0,1,2,18,2,2,0.0,0.0,0.0,0.0,0.0,2.0,21,2,10
183266,16,2,1,15,8,3,0,1,1,1,2,22,2,2,0.0,0.0,0.0,0.0,0.0,2.0,21,6,12
152219,15,2,3,7,8,3,0,1,1,1,0,32,2,2,0.0,0.0,0.0,0.0,0.0,1.0,15,5,10
19060,15,5,1,17,6,4,6,5,1,1,2,5,2,2,0.0,0.0,0.0,0.0,0.0,2.0,20,4,2
93305,16,2,3,9,6,3,0,1,0,1,0,18,2,3,1.0,0.0,0.0,1.0,0.0,2.0,20,2,7
14038,16,2,0,0,19,3,0,1,1,1,2,6,2,2,0.0,0.0,0.0,0.0,0.0,2.0,18,7,1
22063,16,2,3,9,6,3,0,1,0,1,1,36,3,3,1.0,0.0,0.0,1.0,0.0,1.0,10,5,2
74019,4,7,3,7,10,3,6,5,0,1,2,36,3,2,0.0,0.0,0.0,0.0,0.0,1.0,6,4,6
66010,16,11,5,10,6,3,5,5,1,1,2,36,2,2,0.0,0.0,0.0,0.0,0.0,2.0,15,2,5
71226,16,2,3,10,8,3,0,1,1,1,2,12,2,2,0.0,0.0,0.0,0.0,0.0,2.0,14,5,5
8195,16,2,1,17,8,3,0,1,1,1,2,18,2,2,0.0,0.0,0.0,0.0,0.0,2.0,16,5,1
69045,15,2,3,0,8,3,0,1,0,1,1,18,2,3,2.0,0.0,0.0,2.0,0.0,1.0,16,6,5
149822,16,7,1,10,3,3,6,5,1,0,0,36,2,2,0.0,0.0,0.0,0.0,0.0,2.0,23,1,10
183016,16,2,1,17,8,3,0,1,1,1,1,24,2,2,0.0,0.0,0.0,0.0,0.0,2.0,1,1,12
148245,15,2,1,17,2,4,5,5,1,0,2,24,2,2,0.0,0.0,0.0,0.0,0.0,3.0,0,7,10
148768,16,2,3,10,2,3,0,1,0,1,1,19,2,2,0.0,0.0,0.0,0.0,0.0,2.0,13,1,10
93924,15,2,3,8,6,3,0,1,0,1,0,11,2,3,1.0,0.0,0.0,1.0,0.0,1.0,18,6,7
120055,16,2,1,17,8,3,6,1,1,1,2,39,2,2,0.0,0.0,0.0,0.0,0.0,2.0,20,6,8
66342,16,2,1,10,6,3,0,1,1,1,2,36,2,2,0.0,0.0,0.0,0.0,0.0,4.0,22,6,5
174212,16,3,3,17,6,3,0,1,0,1,2,24,3,3,1.0,0.0,0.0,1.0,0.0,2.0,12,2,12
170371,16,2,1,17,8,3,0,1,1,1,2,36,2,2,0.0,0.0,0.0,0.0,0.0,2.0,22,6,11
17429,4,2,3,17,8,3,0,1,1,1,1,18,2,2,0.0,0.0,0.0,0.0,0.0,2.0,16,4,2
3253,16,2,3,17,8,3,0,1,0,1,2,18,4,3,1.0,0.0,0.0,1.0,0.0,1.0,12,6,1
123202,15,11,5,9,8,4,5,5,0,1,0,36,2,3,1.0,0.0,0.0,1.0,0.0,1.0,22,3,9
57712,15,2,3,0,6,3,0,1,0,1,2,18,2,3,1.0,0.0,0.0,1.0,0.0,1.0,7,3,5
85319,16,2,3,10,8,3,0,1,1,1,1,36,2,2,0.0,0.0,0.0,0.0,0.0,2.0,17,4,6
159807,16,2,0,17,2,3,0,1,1,1,2,23,2,2,0.0,0.0,0.0,0.0,0.0,2.0,16,5,11
53191,16,2,3,0,6,3,0,1,0,1,2,6,2,2,0.0,0.0,0.0,0.0,0.0,2.0,14,1,4
157617,16,2,1,17,6,3,0,1,0,1,2,17,2,4,1.0,0.0,0.0,0.0,1.0,1.0,6,2,11
90764,16,2,3,8,6,3,0,1,0,1,1,18,2,3,1.0,0.0,0.0,1.0,0.0,1.0,13,5,7
186509,16,10,1,10,10,3,6,5,0,1,2,15,2,3,2.0,0.0,0.0,2.0,0.0,4.0,18,4,12
32743,15,11,1,0,6,3,5,5,1,1,2,36,2,2,0.0,0.0,0.0,0.0,0.0,2.0,20,5,3
44607,15,2,1,7,8,3,0,1,1,1,2,26,2,2,0.0,0.0,0.0,0.0,0.0,1.0,14,7,4
47068,16,7,3,17,3,3,6,5,1,1,2,12,2,2,0.0,0.0,0.0,0.0,0.0,3.0,8,5,4
98125,16,2,0,17,8,3,0,1,1,1,2,36,2,2,0.0,0.0,0.0,0.0,0.0,2.0,20,7,7
182369,16,2,3,17,6,3,5,5,1,1,1,23,2,2,0.0,0.0,0.0,0.0,0.0,5.0,15,4,12
30921,15,2,3,8,15,3,0,1,0,1,2,22,2,4,1.0,0.0,0.0,0.0,1.0,1.0,16,4,3
145588,16,2,3,15,6,3,0,1,1,1,2,23,2,2,0.0,0.0,0.0,0.0,0.0,4.0,8,6,10
57254,4,7,3,7,10,3,6,5,0,1,2,28,6,2,0.0,0.0,0.0,0.0,0.0,5.0,13,3,5
134571,4,7,1,9,8,3,6,5,0,1,0,17,2,3,1.0,0.0,0.0,1.0,0.0,1.0,5,1,9
23788,16,6,1,15,8,3,4,5,0,1,2,23,2,2,0.0,0.0,0.0,0.0,0.0,2.0,22,6,2
48344,16,2,0,17,8,3,0,5,1,1,2,18,2,2,0.0,0.0,0.0,0.0,0.0,4.0,19,5,4
155518,15,2,0,17,8,3,0,5,0,1,2,5,2,4,1.0,0.0,0.0,0.0,1.0,2.0,21,2,10
180449,16,3,3,17,2,3,6,1,0,1,2,12,2,2,0.0,0.0,0.0,0.0,0.0,3.0,7,4,12
184888,4,2,1,15,8,3,5,5,1,0,2,23,2,2,0.0,0.0,0.0,0.0,0.0,2.0,20,2,12
68405,15,2,3,17,8,3,0,1,1,1,1,24,2,2,0.0,0.0,0.0,0.0,0.0,2.0,13,4,5
144805,16,2,3,15,10,3,0,1,1,1,2,36,2,2,0.0,0.0,0.0,0.0,0.0,2.0,18,1,10
132030,15,2,1,0,8,3,0,5,0,1,2,36,2,4,1.0,0.0,0.0,0.0,1.0,1.0,4,7,9
155551,16,2,3,9,8,3,6,1,0,1,2,18,2,3,1.0,0.0,0.0,1.0,0.0,1.0,16,3,10
146699,16,3,3,17,6,3,0,1,1,1,1,24,2,2,0.0,0.0,0.0,0.0,0.0,2.0,14,1,10
171769,16,7,1,10,8,4,6,1,1,1,2,19,2,2,0.0,0.0,0.0,0.0,0.0,2.0,2,7,11
162255,16,3,3,17,8,3,0,5,1,1,2,36,2,2,0.0,0.0,0.0,0.0,0.0,5.0,14,7,11
168593,16,2,1,0,6,3,0,1,0,1,2,6,2,2,0.0,0.0,0.0,0.0,0.0,2.0,21,7,11
107746,4,2,3,2,12,3,0,1,1,1,2,36,1,2,0.0,0.0,0.0,0.0,0.0,1.0,20,3,8
63006,16,7,3,15,6,3,6,5,0,1,2,36,2,2,0.0,0.0,0.0,0.0,0.0,2.0,17,1,5
153266,16,2,3,17,8,3,6,1,1,1,2,24,2,2,0.0,0.0,0.0,0.0,0.0,3.0,10,6,10
160116,16,11,5,10,8,3,5,5,1,0,2,36,3,2,0.0,0.0,0.0,0.0,0.0,3.0,17,4,11
141592,16,2,3,15,10,3,0,1,0,1,2,22,2,4,1.0,0.0,0.0,0.0,1.0,1.0,6,2,10
53726,15,2,3,8,10,3,0,5,0,1,0,18,2,3,1.0,0.0,0.0,1.0,0.0,1.0,15,2,4
100288,15,2,3,0,8,3,0,1,1,1,2,18,2,2,0.0,0.0,0.0,0.0,0.0,2.0,16,4,7
52007,15,2,3,0,6,3,0,1,0,1,2,18,2,2,0.0,0.0,0.0,0.0,0.0,3.0,13,2,4
149923,16,2,4,17,2,3,0,1,1,1,0,19,2,2,0.0,0.0,0.0,0.0,0.0,2.0,17,3,10
128971,16,2,0,10,8,3,0,5,0,1,2,17,2,2,0.0,0.0,0.0,0.0,0.0,3.0,20,7,9
138100,16,2,3,2,3,3,0,1,1,1,2,26,1,2,0.0,0.0,0.0,0.0,0.0,1.0,17,3,10
79775,16,2,3,0,6,3,0,5,1,1,2,8,2,2,0.0,0.0,0.0,0.0,0.0,3.0,8,5,6
7531,16,2,3,17,8,3,0,5,0,1,2,36,2,2,0.0,0.0,0.0,0.0,0.0,4.0,8,4,1
134791,15,2,3,0,2,3,0,1,1,1,2,36,2,2,0.0,0.0,0.0,0.0,0.0,2.0,7,2,9
186699,16,2,4,17,11,3,0,1,0,1,2,24,2,2,0.0,0.0,0.0,0.0,0.0,3.0,15,1,12
140212,15,2,0,0,16,3,0,1,0,1,2,17,2,3,2.0,0.0,0.0,2.0,0.0,1.0,21,3,10
7502,15,2,1,0,6,3,0,1,1,1,2,18,2,2,0.0,0.0,0.0,0.0,0.0,2.0,16,4,1
73321,16,2,1,15,6,3,0,2,1,1,2,22,2,2,0.0,0.0,0.0,0.0,0.0,2.0,20,2,6
139654,16,2,3,10,8,3,0,1,1,1,2,17,2,2,0.0,0.0,0.0,0.0,0.0,2.0,15,3,10
3640,16,2,1,17,8,3,0,1,0,1,2,18,2,3,1.0,0.0,0.0,1.0,0.0,1.0,22,6,1
51056,15,2,3,0,16,3,0,1,0,1,2,36,2,2,0.0,0.0,0.0,0.0,0.0,2.0,9,4,4
171412,4,2,3,17,8,3,0,1,0,0,2,36,2,4,1.0,0.0,0.0,0.0,1.0,2.0,13,3,11
133924,16,2,3,0,8,3,0,5,0,1,2,36,2,3,1.0,0.0,0.0,1.0,0.0,1.0,11,6,9
24656,16,2,3,17,3,3,0,1,0,1,2,23,2,2,0.0,0.0,0.0,0.0,0.0,3.0,15,2,2
124837,16,7,3,17,6,3,6,1,0,1,2,24,2,2,0.0,0.0,0.0,0.0,0.0,4.0,9,6,9
183739,16,7,3,10,8,3,6,1,0,1,0,19,3,2,0.0,0.0,0.0,0.0,0.0,4.0,8,6,12
90856,16,2,3,10,6,3,0,1,1,1,2,19,2,2,0.0,0.0,0.0,0.0,0.0,3.0,8,7,7