crash_date,               traffic_control_device,weather_condition,lighting_condition,first_crash_type,trafficway_type,alignment,roadway_surface_cond,road_defect,crash_type,intersection_related_i,damage,prim_contributory_cause,num_units,most_severe_injury,injuries_total,injuries_fatal,injuries_incapacitating,injuries_non_incapacitating,injuries_reported_not_evident,injuries_no_indication,crash_hour,crash_day_of_week,crash_month
162855,16,2,1,0,6,3,0,1,0,1,2,18,2,2,0.0,0.0,0.0,0.0,0.0,2.0,23,1,11
83346,16,7,4,0,9,3,6,1,0,1,2,3,2,2,0.0,0.0,0.0,0.0,0.0,3.0,17,2,6
96913,16,2,3,17,6,3,0,1,0,1,2,18,2,2,0.0,0.0,0.0,0.0,0.0,2.0,15,2,7
116955,16,7,2,0,2,3,6,1,0,1,2,6,2,2,0.0,0.0,0.0,0.0,0.0,3.0,19,4,8
57350,15,2,3,0,8,3,0,1,0,1,2,18,2,4,1.0,0.0,0.0,0.0,1.0,5.0,16,4,5
181448,16,2,4,15,8,3,0,1,1,1,2,36,2,2,0.0,0.0,0.0,0.0,0.0,4.0,16,3,12
109359,16,2,1,10,8,3,0,5,1,1,1,19,2,2,0.0,0.0,0.0,0.0,0.0,3.0,22,7,8
50220,16,2,3,15,6,3,0,1,1,1,2,23,2,2,0.0,0.0,0.0,0.0,0.0,2.0,14,5,4
168935,16,2,3,10,8,3,5,5,1,1,2,19,2,2,0.0,0.0,0.0,0.0,0.0,2.0,8,4,11
9925,16,10,3,10,6,3,6,1,1,1,2,18,2,2,0.0,0.0,0.0,0.0,0.0,6.0,7,6,1
32763,4,11,3,0,6,3,5,5,1,1,1,36,2,2,0.0,0.0,0.0,0.0,0.0,2.0,13,6,3
110993,15,2,3,10,10,3,0,1,1,1,2,17,2,2,0.0,0.0,0.0,0.0,0.0,3.0,13,4,8
57580,16,2,3,10,6,3,0,1,1,1,2,19,2,2,0.0,0.0,0.0,0.0,0.0,2.0,14,7,5
130030,16,2,3,17,15,3,0,5,0,1,2,18,2,2,0.0,0.0,0.0,0.0,0.0,2.0,16,3,9
49062,15,10,2,17,8,3,4,1,0,1,2,18,2,2,0.0,0.0,0.0,0.0,0.0,2.0,5,2,4
90370,16,2,3,15,6,3,0,1,1,1,1,12,2,2,0.0,0.0,0.0,0.0,0.0,2.0,12,6,7
46732,16,2,3,9,8,3,0,1,0,1,1,17,2,3,1.0,0.0,0.0,1.0,0.0,1.0,17,4,4
52695,16,2,3,3,8,3,0,1,0,1,2,28,2,2,0.0,0.0,0.0,0.0,0.0,2.0,15,6,4
8499,16,2,1,17,6,3,0,1,0,1,2,24,2,2,0.0,0.0,0.0,0.0,0.0,2.0,5,4,1
175083,16,2,3,0,6,3,0,1,0,1,2,36,3,2,0.0,0.0,0.0,0.0,0.0,3.0,16,6,12
90555,16,2,3,17,6,3,0,1,0,1,2,36,2,3,1.0,0.0,0.0,1.0,0.0,2.0,11,7,7
133160,15,2,0,10,8,3,0,1,1,1,2,19,2,2,0.0,0.0,0.0,0.0,0.0,3.0,22,1,9
83604,16,2,3,3,8,3,0,5,1,1,2,36,2,2,0.0,0.0,0.0,0.0,0.0,2.0,5,7,6
124598,16,7,3,17,2,3,6,1,0,1,0,24,2,2,0.0,0.0,0.0,0.0,0.0,2.0,7,3,9
170152,16,2,3,8,10,3,0,1,1,1,0,11,2,2,0.0,0.0,0.0,0.0,0.0,2.0,6,2,11
165631,16,2,3,10,6,3,0,1,1,1,2,36,2,2,0.0,0.0,0.0,0.0,0.0,2.0,16,5,11
174483,17,11,5,10,18,3,5,5,1,1,2,36,2,2,0.0,0.0,0.0,0.0,0.0,2.0,18,5,12
111773,16,2,3,10,6,3,0,1,1,1,1,36,2,2,0.0,0.0,0.0,0.0,0.0,2.0,7,2,8
103867,15,2,3,0,10,3,0,1,0,1,2,36,2,4,1.0,0.0,0.0,0.0,1.0,1.0,14,4,7
172598,16,7,0,15,6,3,6,1,1,1,0,23,2,2,0.0,0.0,0.0,0.0,0.0,3.0,17,6,12
150886,16,2,1,15,6,3,0,1,1,1,2,36,2,2,0.0,0.0,0.0,0.0,0.0,2.0,18,4,10
124848,16,2,3,10,8,3,0,5,0,1,2,18,2,4,1.0,0.0,0.0,0.0,1.0,1.0,11,6,9
99189,16,2,4,9,6,3,0,5,0,1,2,36,2,3,1.0,0.0,0.0,1.0,0.0,5.0,20,2,7
89134,16,2,1,17,6,3,0,1,1,1,2,36,2,2,0.0,0.0,0.0,0.0,0.0,2.0,23,7,7
14008,17,11,3,10,8,3,5,5,1,1,1,26,2,2,0.0,0.0,0.0,0.0,0.0,2.0,13,7,1
92480,4,2,3,17,3,3,0,1,0,1,2,36,2,4,1.0,0.0,0.0,0.0,1.0,2.0,17,3,7
135141,16,2,3,17,2,3,0,1,0,1,2,6,2,4,1.0,0.0,0.0,0.0,1.0,2.0,12,1,9
70039,15,2,3,17,6,3,0,1,1,1,2,17,2,2,0.0,0.0,0.0,0.0,0.0,2.0,16,1,5
154765,15,2,3,10,6,3,0,1,1,1,1,19,2,2,0.0,0.0,0.0,0.0,0.0,4.0,12,6,10
179983,16,2,3,17,2,3,0,1,0,1,2,36,2,2,0.0,0.0,0.0,0.0,0.0,3.0,9,5,12
13731,16,2,3,10,6,3,5,5,0,1,2,12,2,2,0.0,0.0,0.0,0.0,0.0,2.0,16,1,1
2014,16,2,1,0,8,3,0,1,1,1,1,6,2,2,0.0,0.0,0.0,0.0,0.0,2.0,18,6,1
151905,16,7,3,10,6,3,6,1,0,1,2,17,2,3,1.0,0.0,0.0,1.0,0.0,3.0,16,3,10
13314,16,7,1,17,6,3,6,1,0,1,2,4,2,4,2.0,0.0,0.0,0.0,2.0,0.0,6,7,1
23426,16,2,1,17,6,3,5,1,1,1,2,36,2,2,0.0,0.0,0.0,0.0,0.0,5.0,2,1,2
25687,16,10,1,10,2,3,4,1,1,1,2,39,2,2,0.0,0.0,0.0,0.0,0.0,3.0,21,6,2
148778,16,2,3,10,3,3,0,1,0,1,2,17,3,2,0.0,0.0,0.0,0.0,0.0,3.0,14,1,10
37124,16,2,3,15,2,3,0,1,1,1,1,36,2,2,0.0,0.0,0.0,0.0,0.0,2.0,9,3,3
61927,15,3,3,17,6,3,0,1,1,1,0,17,2,2,0.0,0.0,0.0,0.0,0.0,3.0,15,6,5
106573,15,2,3,17,6,3,0,1,1,1,1,36,2,2,0.0,0.0,0.0,0.0,0.0,3.0,18,7,8
90605,16,2,3,10,11,4,0,1,1,1,1,12,2,2,0.0,0.0,0.0,0.0,0.0,3.0,19,2,7
123071,16,2,3,17,8,3,0,1,0,1,2,18,2,2,0.0,0.0,0.0,0.0,0.0,2.0,18,1,9
34310,15,2,3,10,2,3,0,5,1,1,2,19,2,2,0.0,0.0,0.0,0.0,0.0,2.0,17,2,3
52841,15,7,3,17,8,3,6,5,0,1,2,18,2,2,0.0,0.0,0.0,0.0,0.0,2.0,12,1,4
185846,4,2,3,7,10,3,0,1,0,1,2,26,3,1,1.0,0.0,1.0,0.0,0.0,0.0,8,6,12
165633,16,2,3,10,6,3,5,5,1,1,1,19,2,2,0.0,0.0,0.0,0.0,0.0,2.0,16,5,11
158128,15,7,4,10,2,3,6,1,0,1,0,39,2,4,1.0,0.0,0.0,0.0,1.0,2.0,16,2,11
20343,16,2,3,17,8,3,6,1,1,1,2,18,2,2,0.0,0.0,0.0,0.0,0.0,2.0,14,6,2
143637,16,2,1,17,16,3,0,1,0,1,2,23,2,4,1.0,0.0,0.0,0.0,1.0,2.0,1,1,10
100153,16,2,3,2,8,3,0,1,0,1,2,36,1,2,0.0,0.0,0.0,0.0,0.0,1.0,15,4,7
116784,16,3,3,0,8,3,0,1,0,1,2,6,2,2,0.0,0.0,0.0,0.0,0.0,2.0,7,7,8
380,16,2,1,17,2,3,6,1,0,1,2,18,2,4,2.0,0.0,0.0,0.0,2.0,2.0,17,1,1
106585,15,7,0,13,6,3,6,1,0,1,2,5,2,3,2.0,0.0,0.0,2.0,0.0,3.0,21,7,8
119601,15,2,3,17,6,3,0,1,0,1,2,18,2,2,0.0,0.0,0.0,0.0,0.0,3.0,15,1,8
30873,15,2,3,0,8,3,0,1,1,1,1,18,2,2,0.0,0.0,0.0,0.0,0.0,3.0,8,2,3
174815,16,10,3,8,6,3,6,1,0,1,1,6,2,1,1.0,0.0,1.0,0.0,0.0,2.0,10,3,12
117278,16,2,1,3,2,3,0,1,0,1,2,30,2,2,0.0,0.0,0.0,0.0,0.0,3.0,3,1,8
85904,15,2,3,0,10,3,0,1,0,1,2,36,2,2,0.0,0.0,0.0,0.0,0.0,2.0,13,7,6
96067,15,2,2,0,2,3,0,1,1,1,2,18,2,2,0.0,0.0,0.0,0.0,0.0,2.0,7,2,7
185849,4,2,0,0,8,3,0,5,1,1,2,5,2,2,0.0,0.0,0.0,0.0,0.0,2.0,21,6,12
7499,4,2,2,17,15,3,0,1,0,1,2,18,3,3,2.0,0.0,0.0,2.0,0.0,5.0,15,4,1
147961,16,2,0,17,15,3,0,1,1,1,2,35,2,2,0.0,0.0,0.0,0.0,0.0,2.0,19,6,10
144740,4,2,1,10,2,3,0,1,0,1,0,19,2,1,1.0,0.0,1.0,0.0,0.0,2.0,20,7,10
19604,4,2,3,7,10,3,0,1,0,0,2,36,3,3,1.0,0.0,0.0,1.0,0.0,0.0,14,7,2
162661,15,3,3,13,15,3,1,1,1,1,2,39,2,2,0.0,0.0,0.0,0.0,0.0,2.0,8,4,11
82002,16,11,3,17,6,3,5,5,1,1,2,36,2,2,0.0,0.0,0.0,0.0,0.0,2.0,17,4,6
187176,16,2,0,10,3,3,5,5,1,1,2,19,2,2,0.0,0.0,0.0,0.0,0.0,2.0,2,7,12
73843,16,7,1,17,8,3,6,1,1,1,2,17,2,2,0.0,0.0,0.0,0.0,0.0,7.0,21,3,6
2415,16,2,3,10,8,3,5,5,1,1,1,36,2,2,0.0,0.0,0.0,0.0,0.0,2.0,21,6,1
31610,16,2,3,10,6,3,0,1,0,1,1,19,2,3,1.0,0.0,0.0,1.0,0.0,4.0,16,1,3
47930,16,2,3,10,6,3,0,1,1,1,1,19,2,2,0.0,0.0,0.0,0.0,0.0,2.0,17,5,4
38982,16,2,3,17,8,3,0,1,1,1,2,36,2,2,0.0,0.0,0.0,0.0,0.0,2.0,14,1,3
79133,15,11,3,17,2,3,5,1,0,1,2,36,2,3,2.0,0.0,0.0,2.0,0.0,1.0,9,3,6
163497,16,2,3,17,2,3,5,5,1,1,2,24,2,2,0.0,0.0,0.0,0.0,0.0,2.0,14,5,11
138076,16,2,3,17,6,3,0,1,1,1,2,24,2,2,0.0,0.0,0.0,0.0,0.0,3.0,12,1,10
160357,16,2,4,0,2,3,5,1,1,1,2,36,2,2,0.0,0.0,0.0,0.0,0.0,2.0,16,6,11
55924,16,2,3,10,2,3,0,1,1,1,2,36,2,2,0.0,0.0,0.0,0.0,0.0,3.0,19,1,4
113893,4,2,3,17,8,3,5,5,1,1,2,36,2,2,0.0,0.0,0.0,0.0,0.0,2.0,11,6,8
149477,4,2,1,0,6,3,0,1,1,1,1,17,2,2,0.0,0.0,0.0,0.0,0.0,3.0,20,5,10
127489,16,2,3,0,6,3,0,1,0,1,2,6,2,3,1.0,0.0,0.0,1.0,0.0,2.0,13,2,9
124897,15,2,0,0,2,3,0,1,0,1,2,36,4,3,2.0,0.0,0.0,2.0,0.0,1.0,19,1,9
99073,4,2,3,10,8,3,0,1,1,1,2,36,2,2,0.0,0.0,0.0,0.0,0.0,2.0,11,6,7
90187,4,2,3,17,2,3,0,1,0,1,2,18,2,2,0.0,0.0,0.0,0.0,0.0,4.0,17,3,7
71911,15,2,3,0,6,3,0,1,0,1,2,17,2,2,0.0,0.0,0.0,0.0,0.0,3.0,14,7,6
5847,15,2,1,17,8,3,0,1,1,1,2,23,2,2,0.0,0.0,0.0,0.0,0.0,2.0,21,5,1
156366,16,2,1,9,8,3,0,1,0,1,0,36,2,4,1.0,0.0,0.0,0.0,1.0,1.0,6,5,11
121901,15,2,3,0,8,3,0,1,1,1,1,21,2,2,0.0,0.0,0.0,0.0,0.0,2.0,12,5,9
79143,16,2,1,10,8,3,0,1,0,0,2,36,2,2,0.0,0.0,0.0,0.0,0.0,3.0,22,3,6
64246,16,3,3,17,8,3,0,1,1,1,1,26,2,2,0.0,0.0,0.0,0.0,0.0,4.0,10,6,5
169436,17,11,1,0,18,3,5,5,0,1,2,36,2,2,0.0,0.0,0.0,0.0,0.0,4.0,22,5,11
44763,16,7,1,17,6,3,6,5,0,1,2,36,2,2,0.0,0.0,0.0,0.0,0.0,2.0,3,4,4
162725,15,2,1,10,8,3,0,1,1,1,1,36,2,2,0.0,0.0,0.0,0.0,0.0,5.0,19,6,11
1235,4,2,1,3,8,3,0,1,0,1,2,22,7,3,1.0,0.0,0.0,1.0,0.0,5.0,18,1,1
19377,4,2,3,0,8,3,0,1,1,1,1,36,2,2,0.0,0.0,0.0,0.0,0.0,2.0,15,2,2
88229,15,2,3,0,6,3,0,1,1,1,1,8,2,2,0.0,0.0,0.0,0.0,0.0,3.0,15,2,7
97302,16,2,1,0,6,3,0,1,0,1,2,36,2,3,2.0,0.0,0.0,2.0,0.0,0.0,0,6,7
86370,2,2,3,10,6,3,0,1,1,1,2,19,2,2,0.0,0.0,0.0,0.0,0.0,2.0,17,6,6
136369,4,2,3,17,16,3,0,1,1,1,2,22,2,2,0.0,0.0,0.0,0.0,0.0,2.0,16,5,9
55065,17,2,3,10,2,3,5,5,1,1,0,36,2,2,0.0,0.0,0.0,0.0,0.0,2.0,13,1,4
90197,4,2,3,17,10,3,0,1,1,1,1,18,2,2,0.0,0.0,0.0,0.0,0.0,2.0,7,3,7
71876,16,2,1,9,3,3,0,1,0,1,2,17,2,3,1.0,0.0,0.0,1.0,0.0,1.0,21,6,6
6866,17,2,3,10,17,4,0,5,0,0,2,19,2,3,1.0,0.0,0.0,1.0,0.0,1.0,15,7,1
102250,16,3,1,10,2,3,6,1,0,1,1,17,2,4,1.0,0.0,0.0,0.0,1.0,2.0,21,6,7
105134,16,2,3,2,3,4,0,1,1,0,0,13,2,2,0.0,0.0,0.0,0.0,0.0,1.0,13,6,8
144785,16,2,3,17,15,3,0,1,1,1,2,36,2,2,0.0,0.0,0.0,0.0,0.0,2.0,14,1,10
164803,15,7,1,9,8,3,6,1,0,1,2,12,2,3,1.0,0.0,0.0,1.0,0.0,1.0,19,6,11
118742,15,2,3,17,15,3,0,1,0,1,2,36,2,3,2.0,0.0,0.0,2.0,0.0,0.0,14,4,8
36457,15,2,3,0,6,3,0,1,0,1,2,23,3,2,0.0,0.0,0.0,0.0,0.0,4.0,17,5,3
90841,4,2,3,0,9,3,0,1,0,1,2,24,3,3,2.0,0.0,0.0,2.0,0.0,1.0,17,7,7
44406,16,2,1,0,6,3,0,1,0,1,2,6,2,4,1.0,0.0,0.0,0.0,1.0,1.0,22,4,4
57929,16,2,1,0,19,3,0,1,0,1,2,6,2,2,0.0,0.0,0.0,0.0,0.0,4.0,12,7,5
36219,16,2,3,0,6,3,0,1,0,1,2,18,4,4,4.0,0.0,0.0,0.0,4.0,0.0,7,1,3
108933,4,2,3,17,15,3,0,1,1,1,1,38,2,2,0.0,0.0,0.0,0.0,0.0,2.0,13,2,8
119041,16,2,3,14,2,3,0,1,1,1,2,36,2,2,0.0,0.0,0.0,0.0,0.0,2.0,13,7,8
25621,16,3,3,9,16,3,6,1,0,1,2,18,2,3,1.0,0.0,0.0,1.0,0.0,1.0,10,5,2
171050,16,2,3,10,8,3,0,1,1,1,1,19,2,2,0.0,0.0,0.0,0.0,0.0,2.0,9,3,11
4865,16,10,1,0,6,3,4,1,0,1,2,36,3,2,0.0,0.0,0.0,0.0,0.0,3.0,18,6,1
65579,16,2,3,15,8,3,0,1,1,1,2,23,2,2,0.0,0.0,0.0,0.0,0.0,2.0,6,6,5
107010,16,2,3,17,2,3,0,1,0,1,2,18,2,3,1.0,0.0,0.0,1.0,0.0,1.0,15,7,8
156314,16,3,3,0,2,3,0,1,0,1,2,6,2,1,4.0,0.0,4.0,0.0,0.0,2.0,9,4,11
63299,15,2,3,17,8,3,0,1,1,1,2,36,2,2,0.0,0.0,0.0,0.0,0.0,2.0,15,6,5
76059,16,2,3,17,8,3,0,1,1,1,2,36,2,2,0.0,0.0,0.0,0.0,0.0,2.0,6,6,6
60794,16,2,3,17,8,3,0,1,0,1,2,18,2,4,1.0,0.0,0.0,0.0,1.0,4.0,16,2,5
49875,16,2,3,17,3,3,0,1,0,1,2,18,2,2,0.0,0.0,0.0,0.0,0.0,2.0,14,4,4
77515,16,2,1,17,6,3,0,1,1,0,2,22,2,2,0.0,0.0,0.0,0.0,0.0,2.0,22,1,6
154377,16,2,3,9,6,3,0,1,0,1,0,18,2,3,1.0,0.0,0.0,1.0,0.0,1.0,16,3,10
98784,4,7,1,17,8,3,6,1,0,1,1,24,2,2,0.0,0.0,0.0,0.0,0.0,2.0,2,1,7
135711,16,2,3,10,8,3,0,1,1,1,2,36,2,2,0.0,0.0,0.0,0.0,0.0,2.0,8,3,9
133555,15,2,3,13,8,3,0,1,0,1,2,26,2,2,0.0,0.0,0.0,0.0,0.0,6.0,11,2,9
74819,16,2,3,15,2,3,0,1,1,1,2,23,2,2,0.0,0.0,0.0,0.0,0.0,3.0,13,3,6
137417,16,2,3,15,8,3,0,1,1,1,2,36,2,2,0.0,0.0,0.0,0.0,0.0,2.0,8,6,9
88400,16,2,3,15,8,3,0,1,0,1,2,22,2,2,0.0,0.0,0.0,0.0,0.0,3.0,18,3,7
23702,4,2,0,10,2,3,0,1,0,0,2,19,3,2,0.0,0.0,0.0,0.0,0.0,6.0,20,4,2
147134,16,2,3,10,8,3,0,1,1,1,0,19,2,2,0.0,0.0,0.0,0.0,0.0,2.0,17,7,10
137927,16,2,1,17,8,3,0,5,1,0,1,24,2,2,0.0,0.0,0.0,0.0,0.0,2.0,21,6,10
32107,16,7,2,10,2,3,6,1,1,1,0,17,2,2,0.0,0.0,0.0,0.0,0.0,2.0,15,2,3
134734,15,2,3,0,8,3,0,1,1,1,2,18,2,2,0.0,0.0,0.0,0.0,0.0,2.0,7,4,9
170098,16,2,3,0,11,3,0,1,0,1,2,3,2,4,1.0,0.0,0.0,0.0,1.0,2.0,11,3,11
119786,4,2,3,10,10,3,0,1,1,1,2,17,2,2,0.0,0.0,0.0,0.0,0.0,2.0,10,3,8
42469,4,2,3,7,8,3,0,5,1,1,0,36,2,2,0.0,0.0,0.0,0.0,0.0,2.0,15,5,4
6557,15,2,1,0,2,3,0,1,0,1,2,26,2,2,0.0,0.0,0.0,0.0,0.0,2.0,17,1,1
44109,15,7,3,0,3,3,6,1,0,1,2,18,2,2,0.0,0.0,0.0,0.0,0.0,2.0,15,4,4
77962,15,2,1,0,8,3,0,1,1,1,2,36,2,2,0.0,0.0,0.0,0.0,0.0,2.0,0,7,6
115020,16,2,3,10,8,3,0,5,1,1,2,18,2,2,0.0,0.0,0.0,0.0,0.0,6.0,12,2,8
182391,15,2,1,5,6,3,0,1,0,1,2,36,2,3,1.0,0.0,0.0,1.0,0.0,2.0,18,4,12
27401,16,2,3,0,8,3,0,1,0,1,2,6,2,3,1.0,0.0,0.0,1.0,0.0,2.0,16,7,2
156448,15,2,1,17,8,3,0,1,0,1,2,18,2,2,0.0,0.0,0.0,0.0,0.0,2.0,18,6,11
25251,16,2,1,15,2,3,0,1,1,1,2,22,2,2,0.0,0.0,0.0,0.0,0.0,2.0,5,5,2
55204,15,7,3,0,11,3,6,1,1,1,2,5,2,2,0.0,0.0,0.0,0.0,0.0,2.0,13,4,4
56617,16,3,3,0,8,3,6,1,0,1,2,6,2,2,0.0,0.0,0.0,0.0,0.0,3.0,8,5,5
152092,16,7,2,17,6,3,6,1,0,1,2,36,2,2,0.0,0.0,0.0,0.0,0.0,2.0,5,6,10
174231,15,2,1,15,8,3,0,1,1,1,0,23,2,2,0.0,0.0,0.0,0.0,0.0,2.0,16,4,12
54869,4,2,3,17,15,3,0,1,0,1,2,36,2,2,0.0,0.0,0.0,0.0,0.0,3.0,7,5,4
125036,4,2,0,5,0,3,0,1,1,1,2,36,3,2,0.0,0.0,0.0,0.0,0.0,3.0,4,1,9
104352,4,2,3,0,15,3,0,1,0,1,1,38,2,2,0.0,0.0,0.0,0.0,0.0,2.0,7,2,8
108640,16,2,3,10,10,3,0,1,1,1,2,36,2,2,0.0,0.0,0.0,0.0,0.0,2.0,13,6,8
70428,16,2,3,17,8,3,0,1,0,1,2,24,2,4,1.0,0.0,0.0,0.0,1.0,2.0,7,7,5
74507,15,2,3,8,11,3,0,1,0,1,0,5,2,3,1.0,0.0,0.0,1.0,0.0,1.0,7,4,6
141547,16,2,3,17,15,3,0,2,1,1,2,36,2,2,0.0,0.0,0.0,0.0,0.0,2.0,10,7,10
100476,16,2,1,17,6,3,0,1,0,1,2,36,2,4,1.0,0.0,0.0,0.0,1.0,3.0,1,1,7
85934,16,2,3,10,8,3,0,1,1,1,1,36,2,2,0.0,0.0,0.0,0.0,0.0,2.0,18,7,6
2502,15,2,1,10,11,3,0,1,1,1,0,19,2,2,0.0,0.0,0.0,0.0,0.0,2.0,0,7,1
71531,16,2,1,10,2,3,0,1,1,1,1,26,2,2,0.0,0.0,0.0,0.0,0.0,2.0,1,3,5
43114,15,7,3,0,6,3,6,1,0,1,2,18,2,4,1.0,0.0,0.0,0.0,1.0,3.0,7,3,4
174773,16,2,1,17,10,3,6,1,1,1,2,24,2,2,0.0,0.0,0.0,0.0,0.0,2.0,5,3,12
21785,17,2,3,17,6,3,0,1,1,1,2,17,2,2,0.0,0.0,0.0,0.0,0.0,2.0,15,7,2
158526,16,7,0,9,6,3,6,5,0,1,2,18,2,4,1.0,0.0,0.0,0.0,1.0,1.0,16,3,11
67320,16,7,1,0,18,3,6,1,1,1,0,17,2,2,0.0,0.0,0.0,0.0,0.0,3.0,23,7,5
34180,16,2,3,10,8,3,0,1,1,1,2,19,2,2,0.0,0.0,0.0,0.0,0.0,2.0,16,2,3
38679,16,2,3,10,6,3,0,1,0,1,1,36,2,2,0.0,0.0,0.0,0.0,0.0,2.0,9,3,3
10388,16,2,3,10,8,3,0,1,1,1,1,26,2,2,0.0,0.0,0.0,0.0,0.0,2.0,12,6,1
78619,17,7,3,10,8,3,6,5,1,1,0,36,2,2,0.0,0.0,0.0,0.0,0.0,2.0,18,3,6
184962,16,2,1,17,8,3,6,1,0,1,2,36,2,3,3.0,0.0,0.0,3.0,0.0,1.0,20,4,12
98263,15,7,3,0,8,3,6,1,1,1,2,5,2,2,0.0,0.0,0.0,0.0,0.0,2.0,17,7,7
26562,15,2,0,15,3,3,0,1,1,1,1,23,2,2,0.0,0.0,0.0,0.0,0.0,3.0,20,7,2
92235,15,2,3,0,6,3,0,1,0,1,2,38,2,2,0.0,0.0,0.0,0.0,0.0,6.0,16,7,7
1837,16,2,3,17,6,3,0,1,1,1,1,36,2,2,0.0,0.0,0.0,0.0,0.0,2.0,15,5,1
29681,16,2,3,17,8,3,0,1,1,1,0,36,2,2,0.0,0.0,0.0,0.0,0.0,3.0,15,2,3
109727,16,2,3,0,18,3,0,1,0,1,2,6,2,3,2.0,0.0,0.0,2.0,0.0,4.0,13,1,8
72532,16,2,3,17,8,3,0,1,0,1,2,18,2,1,2.0,0.0,2.0,0.0,0.0,1.0,13,4,6
132065,15,7,1,0,8,3,6,1,1,1,2,18,2,2,0.0,0.0,0.0,0.0,0.0,2.0,21,7,9
24209,15,2,3,17,15,3,0,1,0,1,2,18,2,2,0.0,0.0,0.0,0.0,0.0,3.0,16,7,2
23882,15,2,1,11,8,3,0,5,1,1,1,36,2,2,0.0,0.0,0.0,0.0,0.0,3.0,17,1,2
63170,15,2,3,9,2,3,0,1,0,1,0,18,2,3,1.0,0.0,0.0,1.0,0.0,1.0,16,3,5
144103,16,2,3,10,8,3,0,1,1,1,2,36,3,2,0.0,0.0,0.0,0.0,0.0,3.0,12,5,10
144109,4,3,3,10,2,3,0,1,1,1,1,36,2,2,0.0,0.0,0.0,0.0,0.0,2.0,13,6,10
69914,15,7,3,0,6,3,6,1,1,1,2,36,2,2,0.0,0.0,0.0,0.0,0.0,2.0,7,6,5
134887,16,2,1,17,8,3,0,1,1,1,1,21,2,2,0.0,0.0,0.0,0.0,0.0,2.0,17,4,9
83636,16,2,3,17,2,3,0,1,0,1,2,17,2,3,1.0,0.0,0.0,1.0,0.0,1.0,10,7,6
113758,18,2,3,0,6,3,0,5,0,1,2,18,2,1,4.0,0.0,1.0,3.0,0.0,1.0,11,4,8
125933,16,2,1,10,6,3,0,1,1,1,1,36,2,2,0.0,0.0,0.0,0.0,0.0,4.0,23,1,9
35123,17,2,3,10,17,3,0,5,1,1,2,36,2,2,0.0,0.0,0.0,0.0,0.0,2.0,16,3,3
112320,16,2,3,10,6,3,0,5,1,1,2,36,2,2,0.0,0.0,0.0,0.0,0.0,5.0,13,4,8
41812,15,2,3,15,8,3,0,1,1,1,1,23,2,2,0.0,0.0,0.0,0.0,0.0,2.0,14,5,3
153535,16,2,2,10,8,3,0,1,1,1,1,17,2,2,0.0,0.0,0.0,0.0,0.0,2.0,18,2,10
136269,4,2,3,17,8,3,0,1,0,0,2,18,2,3,1.0,0.0,0.0,1.0,0.0,1.0,9,3,9
138965,16,3,3,0,6,3,6,1,0,1,2,36,2,2,0.0,0.0,0.0,0.0,0.0,2.0,7,5,10
16305,16,2,1,17,6,3,0,1,0,1,2,24,2,1,2.0,0.0,2.0,0.0,0.0,2.0,18,6,2
177264,15,2,3,17,8,3,0,1,0,1,1,5,2,2,0.0,0.0,0.0,0.0,0.0,3.0,10,2,12
89657,16,2,3,17,6,4,0,1,0,1,2,17,2,2,0.0,0.0,0.0,0.0,0.0,2.0,12,1,7
103610,16,2,3,17,6,3,0,1,0,1,2,6,2,3,2.0,0.0,0.0,1.0,1.0,1.0,15,6,7
98199,16,7,1,10,2,3,6,1,1,1,2,17,2,2,0.0,0.0,0.0,0.0,0.0,2.0,21,6,7
121862,4,2,4,5,8,3,0,3,1,1,2,36,1,2,0.0,0.0,0.0,0.0,0.0,2.0,19,5,9
171183,15,2,3,17,8,3,0,1,1,1,2,36,2,2,0.0,0.0,0.0,0.0,0.0,2.0,8,4,11
14198,4,2,3,10,11,3,0,1,1,1,2,23,2,2,0.0,0.0,0.0,0.0,0.0,2.0,16,2,1
111959,16,7,3,2,1,3,6,1,0,1,2,36,1,3,1.0,0.0,0.0,1.0,0.0,4.0,17,4,8
77926,15,2,3,0,6,3,0,1,1,1,2,5,2,2,0.0,0.0,0.0,0.0,0.0,2.0,19,7,6
98281,16,7,1,17,8,3,6,1,0,1,2,18,2,2,0.0,0.0,0.0,0.0,0.0,2.0,9,7,7
24923,16,2,3,17,8,3,6,1,0,1,2,38,3,3,1.0,0.0,0.0,1.0,0.0,3.0,7,6,2
105358,16,2,3,10,8,3,0,1,1,1,2,17,2,2,0.0,0.0,0.0,0.0,0.0,2.0,18,3,8
38330,16,7,4,17,6,3,6,1,0,1,2,18,2,3,2.0,0.0,0.0,2.0,0.0,0.0,18,4,3
29099,17,11,5,15,6,3,5,5,1,1,2,36,2,2,0.0,0.0,0.0,0.0,0.0,2.0,16,7,3
157139,15,2,3,0,9,3,0,1,0,1,2,36,2,4,3.0,0.0,0.0,0.0,3.0,0.0,14,4,11
97817,16,2,3,0,6,3,0,1,0,1,2,6,2,3,3.0,0.0,0.0,2.0,1.0,0.0,9,7,7
50820,16,2,1,15,11,3,0,1,1,1,2,18,2,2,0.0,0.0,0.0,0.0,0.0,2.0,20,6,4
5314,4,2,1,17,6,3,0,5,1,1,2,24,2,2,0.0,0.0,0.0,0.0,0.0,2.0,16,5,1