crash_date,               traffic_control_device,weather_condition,lighting_condition,first_crash_type,trafficway_type,alignment,roadway_surface_cond,road_defect,crash_type,intersection_related_i,damage,prim_contributory_cause,num_units,most_severe_injury,injuries_total,injuries_fatal,injuries_incapacitating,injuries_non_incapacitating,injuries_reported_not_evident,injuries_no_indication,crash_hour,crash_day_of_week,crash_month
45179,16,2,3,15,6,3,0,1,1,1,2,23,2,2,0.0,0.0,0.0,0.0,0.0,2.0,14,5,4
171046,16,2,3,17,16,3,0,1,0,0,2,24,2,4,1.0,0.0,0.0,0.0,1.0,1.0,9,3,11
108810,4,2,3,17,8,3,0,1,1,1,1,36,2,2,0.0,0.0,0.0,0.0,0.0,2.0,17,6,8
76587,16,2,3,15,3,3,0,1,1,1,1,17,2,2,0.0,0.0,0.0,0.0,0.0,2.0,19,7,6
47205,16,2,3,10,8,3,0,1,1,1,1,36,2,2,0.0,0.0,0.0,0.0,0.0,2.0,13,6,4
168110,16,2,3,17,6,3,0,1,0,1,2,6,3,1,1.0,0.0,1.0,0.0,0.0,2.0,12,6,11
148934,15,2,3,0,6,3,0,1,0,1,2,17,2,2,0.0,0.0,0.0,0.0,0.0,2.0,9,4,10
21085,16,2,3,10,2,3,0,1,0,1,1,36,2,4,1.0,0.0,0.0,0.0,1.0,2.0,16,3,2
62348,16,2,3,15,2,3,0,5,1,0,1,22,2,2,0.0,0.0,0.0,0.0,0.0,2.0,12,5,5
85880,15,2,3,10,8,3,0,1,1,1,1,36,2,2,0.0,0.0,0.0,0.0,0.0,2.0,8,5,6
47905,4,2,1,2,1,3,0,1,0,0,2,30,1,2,0.0,0.0,0.0,0.0,0.0,1.0,2,5,4
120390,18,2,0,17,8,3,0,5,0,1,2,18,2,3,1.0,0.0,0.0,1.0,0.0,1.0,20,5,8
124670,16,2,3,15,10,3,0,1,1,1,2,23,2,2,0.0,0.0,0.0,0.0,0.0,2.0,17,4,9
106135,16,2,3,15,8,3,0,1,1,1,2,22,2,2,0.0,0.0,0.0,0.0,0.0,2.0,1,6,8
141060,16,2,1,0,8,3,0,1,0,1,2,17,2,2,0.0,0.0,0.0,0.0,0.0,2.0,3,7,10
78571,16,2,1,10,6,3,0,1,1,1,0,36,2,2,0.0,0.0,0.0,0.0,0.0,3.0,0,2,6
19966,16,2,3,10,10,3,6,1,1,1,2,19,2,2,0.0,0.0,0.0,0.0,0.0,2.0,8,6,2
7408,16,5,0,17,15,3,1,5,1,1,2,39,2,2,0.0,0.0,0.0,0.0,0.0,2.0,4,1,1
70443,16,2,1,17,8,3,0,1,1,1,2,24,2,2,0.0,0.0,0.0,0.0,0.0,2.0,22,7,5
114582,16,2,3,10,2,3,0,1,0,1,2,6,3,3,3.0,0.0,0.0,3.0,0.0,3.0,14,2,8
123609,16,2,3,10,2,3,5,5,0,1,2,30,3,1,2.0,0.0,1.0,1.0,0.0,1.0,12,2,9
29278,16,2,3,17,11,4,0,4,0,1,2,18,2,1,1.0,0.0,1.0,0.0,0.0,1.0,12,1,3
131768,4,2,3,0,10,3,0,1,1,0,2,18,2,2,0.0,0.0,0.0,0.0,0.0,2.0,18,6,9
65480,16,2,4,10,8,3,0,1,1,1,2,19,2,2,0.0,0.0,0.0,0.0,0.0,2.0,19,6,5
55281,16,7,3,8,2,3,6,1,1,1,2,6,2,2,0.0,0.0,0.0,0.0,0.0,2.0,8,5,4
83366,15,7,0,9,8,3,6,5,0,1,2,36,2,3,1.0,0.0,0.0,1.0,0.0,1.0,21,2,6
184574,16,11,5,17,18,3,5,5,1,1,2,36,2,2,0.0,0.0,0.0,0.0,0.0,3.0,14,6,12
43318,15,2,3,0,8,3,0,5,1,1,2,36,2,2,0.0,0.0,0.0,0.0,0.0,6.0,12,4,4
128562,16,2,3,0,6,3,0,1,1,1,1,18,2,2,0.0,0.0,0.0,0.0,0.0,2.0,14,3,9
103616,17,2,1,3,15,3,5,5,0,1,2,36,2,1,4.0,0.0,4.0,0.0,0.0,2.0,4,6,7
96323,16,2,1,0,6,3,0,1,0,1,2,36,2,2,0.0,0.0,0.0,0.0,0.0,2.0,1,7,7
147208,4,2,1,0,2,3,0,1,1,1,1,23,2,2,0.0,0.0,0.0,0.0,0.0,2.0,20,1,10
121643,6,2,1,17,8,3,0,1,1,1,2,24,2,2,0.0,0.0,0.0,0.0,0.0,2.0,20,7,9
57374,16,2,3,17,2,3,0,1,1,1,2,6,2,2,0.0,0.0,0.0,0.0,0.0,2.0,8,4,5
174880,16,11,0,10,15,3,0,5,1,1,2,19,3,2,0.0,0.0,0.0,0.0,0.0,3.0,22,5,12
111129,15,2,3,10,8,3,0,1,1,1,2,23,2,2,0.0,0.0,0.0,0.0,0.0,3.0,10,6,8
82088,15,2,3,15,8,3,0,5,1,0,1,17,2,2,0.0,0.0,0.0,0.0,0.0,2.0,13,4,6
170079,16,2,1,17,6,3,0,1,0,1,2,18,2,4,2.0,0.0,0.0,0.0,2.0,3.0,19,3,11
154053,16,2,1,17,8,3,0,1,1,1,2,36,2,2,0.0,0.0,0.0,0.0,0.0,3.0,18,3,10
188309,16,3,3,0,6,3,4,1,0,1,2,6,2,2,0.0,0.0,0.0,0.0,0.0,3.0,10,4,12
75382,16,2,3,17,10,3,0,1,0,1,2,24,2,1,2.0,0.0,1.0,1.0,0.0,1.0,6,4,6
151302,10,2,1,9,6,3,0,1,0,1,2,18,2,3,1.0,0.0,0.0,1.0,0.0,1.0,0,1,10
153221,4,2,3,17,7,3,0,1,0,1,1,24,2,2,0.0,0.0,0.0,0.0,0.0,2.0,15,6,10
44377,16,2,3,10,8,3,5,5,1,1,1,19,2,2,0.0,0.0,0.0,0.0,0.0,2.0,14,4,4
30346,16,2,1,17,2,3,0,1,0,1,2,23,2,3,2.0,0.0,0.0,2.0,0.0,1.0,19,7,3
42824,16,2,3,17,8,3,0,1,1,1,0,24,2,2,0.0,0.0,0.0,0.0,0.0,2.0,15,3,4
187781,16,10,1,17,8,3,4,1,1,1,1,36,2,2,0.0,0.0,0.0,0.0,0.0,2.0,17,3,12
86923,4,2,3,10,2,3,0,1,1,0,2,19,2,2,0.0,0.0,0.0,0.0,0.0,2.0,15,2,6
74562,4,2,4,10,3,3,0,1,1,1,1,32,2,2,0.0,0.0,0.0,0.0,0.0,2.0,18,5,6
111781,16,2,0,2,2,3,0,2,0,0,2,12,2,1,2.0,0.0,2.0,0.0,0.0,0.0,21,2,8
155627,16,2,3,17,6,3,5,5,1,1,2,24,2,2,0.0,0.0,0.0,0.0,0.0,3.0,17,5,10
45581,16,11,3,17,3,3,5,5,0,1,2,36,2,4,1.0,0.0,0.0,0.0,1.0,2.0,8,5,4
10019,16,2,4,17,11,3,0,1,1,1,1,18,2,2,0.0,0.0,0.0,0.0,0.0,2.0,16,5,1
140741,4,2,1,0,8,3,0,1,0,1,2,18,2,2,0.0,0.0,0.0,0.0,0.0,2.0,5,4,10
34149,16,2,1,8,6,3,0,1,0,1,2,26,2,3,1.0,0.0,0.0,1.0,0.0,1.0,20,1,3
79083,15,2,1,10,6,3,0,1,0,1,2,28,2,2,0.0,0.0,0.0,0.0,0.0,3.0,0,2,6
71632,4,2,3,9,2,3,0,1,0,1,2,38,2,3,1.0,0.0,0.0,1.0,0.0,1.0,18,4,5
43335,15,2,3,15,10,3,0,1,1,1,2,21,2,2,0.0,0.0,0.0,0.0,0.0,3.0,16,6,4
139423,16,2,3,17,10,3,0,1,1,1,2,24,2,2,0.0,0.0,0.0,0.0,0.0,2.0,16,5,10
55710,16,7,3,10,8,3,6,1,0,1,2,19,2,3,1.0,0.0,0.0,1.0,0.0,6.0,12,3,4
43268,16,2,1,10,8,3,0,1,1,1,1,36,2,2,0.0,0.0,0.0,0.0,0.0,2.0,3,4,4
26249,17,2,4,15,8,3,0,5,1,0,2,24,2,2,0.0,0.0,0.0,0.0,0.0,2.0,22,1,2
85151,15,2,1,0,8,3,0,5,0,1,2,5,2,2,0.0,0.0,0.0,0.0,0.0,2.0,19,3,6
80695,16,2,3,10,3,3,0,5,0,1,2,17,3,1,4.0,0.0,1.0,3.0,0.0,0.0,10,5,6
119226,16,2,3,10,6,3,5,5,1,1,2,36,2,2,0.0,0.0,0.0,0.0,0.0,2.0,7,2,8
15127,16,11,5,17,3,3,5,5,1,1,1,22,2,2,0.0,0.0,0.0,0.0,0.0,2.0,7,5,2
180626,16,3,3,10,6,3,6,1,1,1,2,19,2,2,0.0,0.0,0.0,0.0,0.0,3.0,13,1,12
56436,16,2,3,0,6,3,0,1,1,1,1,18,2,2,0.0,0.0,0.0,0.0,0.0,2.0,17,4,5
158480,4,2,3,0,12,3,0,1,1,0,1,36,2,2,0.0,0.0,0.0,0.0,0.0,2.0,15,1,11
158156,16,7,1,10,8,3,6,1,1,1,1,17,2,2,0.0,0.0,0.0,0.0,0.0,4.0,19,2,11
63213,16,2,3,15,8,2,0,1,1,1,1,36,2,2,0.0,0.0,0.0,0.0,0.0,2.0,12,3,5
107498,16,2,1,0,5,3,0,1,0,1,2,6,2,2,0.0,0.0,0.0,0.0,0.0,2.0,21,7,8
27088,16,2,1,17,8,3,0,1,0,1,2,24,2,4,2.0,0.0,0.0,0.0,2.0,1.0,5,1,2
114276,15,2,3,10,17,3,0,1,1,1,2,17,2,2,0.0,0.0,0.0,0.0,0.0,2.0,12,5,8
96787,15,2,3,0,6,3,0,1,0,1,2,5,2,2,0.0,0.0,0.0,0.0,0.0,2.0,17,7,7
18621,16,2,3,0,2,3,0,1,0,1,2,18,2,2,0.0,0.0,0.0,0.0,0.0,2.0,9,3,2
92767,16,2,3,15,6,3,0,1,1,1,2,18,2,2,0.0,0.0,0.0,0.0,0.0,2.0,16,1,7
72523,4,2,1,0,18,3,0,1,1,1,2,28,2,2,0.0,0.0,0.0,0.0,0.0,3.0,21,3,6
59785,15,2,3,0,6,3,0,1,0,1,2,5,2,3,1.0,0.0,0.0,1.0,0.0,1.0,11,7,5
119649,16,2,3,15,6,3,0,1,1,1,2,36,2,2,0.0,0.0,0.0,0.0,0.0,2.0,13,2,8
62905,16,2,3,10,2,3,0,3,1,1,1,19,2,2,0.0,0.0,0.0,0.0,0.0,2.0,13,7,5
122865,15,2,1,3,8,3,6,1,0,1,2,18,2,1,3.0,0.0,3.0,0.0,0.0,0.0,20,4,9
37404,4,2,1,17,6,3,6,5,0,1,2,24,2,4,1.0,0.0,0.0,0.0,1.0,5.0,3,1,3
166931,16,3,1,10,8,3,0,1,1,1,2,19,3,2,0.0,0.0,0.0,0.0,0.0,3.0,17,4,11
20122,15,2,4,10,8,3,5,5,1,1,1,36,2,2,0.0,0.0,0.0,0.0,0.0,8.0,17,1,2
171317,15,2,1,3,18,3,0,1,1,1,2,18,2,2,0.0,0.0,0.0,0.0,0.0,2.0,1,1,11
1394,4,2,1,8,6,3,0,5,1,1,1,36,2,2,0.0,0.0,0.0,0.0,0.0,2.0,16,4,1
99021,16,2,3,17,6,3,0,1,0,1,2,18,2,2,0.0,0.0,0.0,0.0,0.0,2.0,14,6,7
138374,16,7,1,17,2,3,6,1,1,1,2,21,2,2,0.0,0.0,0.0,0.0,0.0,5.0,23,4,10
33151,16,10,1,17,8,3,6,1,1,1,0,36,2,2,0.0,0.0,0.0,0.0,0.0,2.0,1,6,3
176566,15,10,3,7,2,4,1,1,1,1,0,39,2,2,0.0,0.0,0.0,0.0,0.0,1.0,9,7,12
128649,15,2,3,9,10,3,0,1,0,1,0,36,2,3,1.0,0.0,0.0,1.0,0.0,1.0,7,4,9
171153,16,2,3,17,2,3,0,1,1,1,1,19,2,2,0.0,0.0,0.0,0.0,0.0,2.0,15,4,11
71501,16,2,3,17,6,3,0,1,1,1,1,18,2,2,0.0,0.0,0.0,0.0,0.0,2.0,18,2,5
120913,16,2,3,0,6,3,0,1,0,1,2,6,2,2,0.0,0.0,0.0,0.0,0.0,2.0,22,5,9
15364,16,7,4,15,8,3,6,1,1,1,2,18,2,2,0.0,0.0,0.0,0.0,0.0,3.0,16,3,2
41191,15,2,3,10,8,3,0,1,1,1,0,18,2,2,0.0,0.0,0.0,0.0,0.0,2.0,10,2,3
126015,16,2,3,10,11,3,0,2,1,1,0,36,2,2,0.0,0.0,0.0,0.0,0.0,3.0,18,6,9
37299,16,2,1,17,8,3,0,1,0,1,2,18,2,2,0.0,0.0,0.0,0.0,0.0,3.0,0,4,3
84970,16,3,0,17,6,3,5,5,0,1,2,36,2,2,0.0,0.0,0.0,0.0,0.0,3.0,21,6,6
134364,16,2,3,0,8,3,0,1,0,1,1,17,2,3,5.0,0.0,0.0,5.0,0.0,0.0,12,4,9
104339,15,2,3,17,8,3,0,1,0,1,2,18,2,2,0.0,0.0,0.0,0.0,0.0,3.0,17,2,8
72926,16,2,1,10,2,3,0,1,1,1,1,17,2,2,0.0,0.0,0.0,0.0,0.0,2.0,22,1,6
76140,15,2,1,7,8,3,0,1,1,1,1,24,2,2,0.0,0.0,0.0,0.0,0.0,1.0,23,7,6
143822,15,7,1,0,6,3,6,1,0,1,2,5,2,3,1.0,0.0,0.0,1.0,0.0,1.0,20,3,10
69007,15,2,3,0,2,3,0,1,1,1,2,36,2,2,0.0,0.0,0.0,0.0,0.0,2.0,10,5,5
79912,4,2,3,17,8,3,0,1,1,1,2,18,2,2,0.0,0.0,0.0,0.0,0.0,4.0,18,6,6
118258,3,2,1,2,8,0,3,0,0,0,2,32,2,3,1.0,0.0,0.0,1.0,0.0,0.0,3,1,8
47520,15,2,3,10,8,3,0,1,1,1,1,36,2,2,0.0,0.0,0.0,0.0,0.0,3.0,14,6,4
44177,15,2,3,0,8,3,0,1,0,1,2,5,2,2,0.0,0.0,0.0,0.0,0.0,2.0,8,5,4
51929,16,2,1,17,3,3,0,1,0,1,2,6,2,3,1.0,0.0,0.0,1.0,0.0,1.0,20,6,4
98714,4,2,3,17,8,3,0,1,1,1,1,12,2,2,0.0,0.0,0.0,0.0,0.0,2.0,15,6,7
179199,16,2,0,9,15,3,0,1,0,1,2,18,2,3,1.0,0.0,0.0,1.0,0.0,1.0,17,2,12
13623,16,2,1,9,2,3,4,1,0,1,2,18,2,4,1.0,0.0,0.0,0.0,1.0,1.0,21,6,1
80387,16,2,1,10,2,3,0,1,0,0,2,3,2,2,0.0,0.0,0.0,0.0,0.0,4.0,11,1,6
5262,16,2,1,17,2,3,0,1,1,0,1,36,2,2,0.0,0.0,0.0,0.0,0.0,3.0,6,4,1
148184,16,11,5,10,6,3,5,5,1,1,2,19,2,2,0.0,0.0,0.0,0.0,0.0,2.0,14,7,10
10190,15,2,3,17,6,3,0,1,1,1,2,18,2,2,0.0,0.0,0.0,0.0,0.0,2.0,15,3,1
182274,16,2,3,0,15,3,0,5,0,1,2,17,2,3,1.0,0.0,0.0,1.0,0.0,2.0,16,1,12
125123,16,2,3,17,18,3,0,1,0,1,2,18,2,3,2.0,0.0,0.0,2.0,0.0,0.0,8,2,9
85322,4,2,3,10,10,3,0,1,1,1,2,17,2,2,0.0,0.0,0.0,0.0,0.0,5.0,17,4,6
122826,16,2,3,7,8,3,0,1,0,1,2,36,2,2,0.0,0.0,0.0,0.0,0.0,1.0,14,4,9
68108,16,2,3,10,2,3,0,1,1,1,1,19,2,2,0.0,0.0,0.0,0.0,0.0,4.0,6,4,5
93821,4,2,3,17,6,3,0,1,1,1,2,36,2,2,0.0,0.0,0.0,0.0,0.0,2.0,11,3,7
71431,15,2,3,15,8,3,0,1,1,1,2,36,2,2,0.0,0.0,0.0,0.0,0.0,3.0,17,1,5
169354,15,7,1,17,2,3,6,1,0,1,2,18,2,2,0.0,0.0,0.0,0.0,0.0,4.0,16,4,11
155978,16,2,3,17,6,3,0,1,0,1,2,24,2,2,0.0,0.0,0.0,0.0,0.0,2.0,7,1,11
178332,4,2,3,7,8,3,0,1,1,1,0,26,2,2,0.0,0.0,0.0,0.0,0.0,1.0,8,3,12
114539,16,2,3,15,3,3,0,1,1,1,0,12,2,2,0.0,0.0,0.0,0.0,0.0,4.0,10,3,8
145817,4,2,3,17,3,3,0,1,0,1,2,18,2,1,2.0,0.0,2.0,0.0,0.0,3.0,16,1,10
11420,4,2,1,7,10,3,1,5,1,0,1,26,2,2,0.0,0.0,0.0,0.0,0.0,1.0,21,3,1
126602,16,2,3,0,2,3,0,1,0,1,2,18,2,3,2.0,0.0,0.0,2.0,0.0,0.0,7,2,9
100720,16,2,3,9,6,3,0,1,0,1,1,18,2,3,1.0,0.0,0.0,1.0,0.0,1.0,11,5,7
97470,16,2,3,17,5,3,0,5,1,1,0,36,2,2,0.0,0.0,0.0,0.0,0.0,2.0,19,3,7
109317,16,2,0,17,3,3,0,1,1,1,2,24,2,2,0.0,0.0,0.0,0.0,0.0,4.0,2,7,8
99483,16,2,4,17,8,3,0,5,1,1,2,21,2,2,0.0,0.0,0.0,0.0,0.0,2.0,18,6,7
1184,16,2,1,10,6,3,0,1,1,1,2,36,2,2,0.0,0.0,0.0,0.0,0.0,3.0,6,6,1
59153,15,3,3,9,2,3,0,1,0,1,0,18,2,3,2.0,0.0,0.0,2.0,0.0,0.0,12,3,5
20509,15,2,3,17,3,3,0,1,0,1,2,18,2,2,0.0,0.0,0.0,0.0,0.0,2.0,15,2,2
80756,16,2,1,17,6,3,0,1,1,1,1,36,2,2,0.0,0.0,0.0,0.0,0.0,4.0,20,6,6
131194,4,2,3,17,8,3,0,1,0,1,2,22,2,2,0.0,0.0,0.0,0.0,0.0,2.0,8,5,9
156963,15,10,3,7,8,3,4,1,1,1,1,39,2,2,0.0,0.0,0.0,0.0,0.0,1.0,9,6,11
117334,16,3,3,15,6,3,6,1,1,1,1,36,2,2,0.0,0.0,0.0,0.0,0.0,2.0,14,2,8
107199,16,2,3,15,8,3,0,5,1,1,2,23,2,2,0.0,0.0,0.0,0.0,0.0,2.0,14,2,8
125126,15,2,3,10,6,3,0,1,0,1,0,36,2,3,1.0,0.0,0.0,1.0,0.0,1.0,9,2,9
155112,15,11,3,0,2,3,5,5,1,1,2,12,2,2,0.0,0.0,0.0,0.0,0.0,2.0,12,2,10
42070,4,3,3,9,10,3,6,1,0,1,2,18,2,3,1.0,0.0,0.0,1.0,0.0,1.0,17,5,3
116956,16,2,3,15,6,3,0,1,1,1,0,23,2,2,0.0,0.0,0.0,0.0,0.0,2.0,7,4,8
164332,4,2,3,17,2,3,0,1,1,1,2,23,2,2,0.0,0.0,0.0,0.0,0.0,2.0,8,6,11
227,15,2,3,0,8,3,0,1,0,1,2,5,2,3,1.0,0.0,0.0,1.0,0.0,1.0,12,4,1
39876,16,2,3,17,2,3,0,1,0,1,2,22,2,2,0.0,0.0,0.0,0.0,0.0,2.0,9,3,3
12899,15,7,3,17,8,3,6,1,0,1,2,36,2,3,1.0,0.0,0.0,1.0,0.0,1.0,11,6,1
104588,16,2,3,17,8,3,0,1,1,1,2,36,2,2,0.0,0.0,0.0,0.0,0.0,2.0,14,5,8
111414,15,2,3,15,11,3,0,1,1,1,2,26,2,2,0.0,0.0,0.0,0.0,0.0,2.0,14,2,8
147904,16,7,1,0,6,3,6,1,0,1,2,36,2,2,0.0,0.0,0.0,0.0,0.0,2.0,21,4,10
156581,16,2,1,17,8,3,0,1,1,1,1,18,2,2,0.0,0.0,0.0,0.0,0.0,2.0,18,2,11
154934,4,2,3,7,10,3,0,1,1,0,2,36,3,2,0.0,0.0,0.0,0.0,0.0,2.0,15,2,10
180308,15,2,3,0,2,3,0,1,1,1,2,24,2,2,0.0,0.0,0.0,0.0,0.0,3.0,14,1,12
84386,15,2,3,10,8,3,0,1,1,1,2,36,2,2,0.0,0.0,0.0,0.0,0.0,2.0,17,4,6
173047,16,2,3,15,8,3,0,1,1,1,2,12,2,2,0.0,0.0,0.0,0.0,0.0,2.0,11,5,12
54734,15,7,3,10,2,3,6,5,1,1,0,36,2,2,0.0,0.0,0.0,0.0,0.0,2.0,17,3,4
51610,16,2,3,0,6,3,0,1,0,1,2,6,2,4,2.0,0.0,0.0,0.0,2.0,0.0,6,1,4
166860,16,2,1,10,8,3,0,1,0,0,2,17,3,4,1.0,0.0,0.0,0.0,1.0,2.0,2,2,11
86717,16,2,3,17,15,3,0,1,0,1,2,24,2,2,0.0,0.0,0.0,0.0,0.0,2.0,12,6,6
88068,16,2,3,14,6,3,0,1,0,1,2,3,2,2,0.0,0.0,0.0,0.0,0.0,2.0,5,5,7
46602,16,2,1,17,6,3,0,1,1,1,1,36,2,2,0.0,0.0,0.0,0.0,0.0,3.0,19,2,4
73180,16,2,3,15,8,3,0,1,0,1,2,13,4,4,3.0,0.0,0.0,0.0,3.0,6.0,7,6,6
83006,16,2,3,10,6,3,0,1,1,1,2,12,2,2,0.0,0.0,0.0,0.0,0.0,2.0,14,4,6
19783,16,3,3,0,8,3,6,1,0,1,2,15,2,4,1.0,0.0,0.0,0.0,1.0,2.0,9,2,2
28269,16,2,3,0,8,3,6,1,1,1,1,17,2,2,0.0,0.0,0.0,0.0,0.0,3.0,16,4,3
102612,16,2,3,15,6,3,0,1,1,1,1,22,2,2,0.0,0.0,0.0,0.0,0.0,2.0,16,5,7
64530,15,2,1,11,15,3,0,1,1,1,2,36,2,2,0.0,0.0,0.0,0.0,0.0,3.0,21,6,5
77318,15,2,3,0,6,3,0,1,1,1,2,18,2,2,0.0,0.0,0.0,0.0,0.0,2.0,12,5,6
172187,16,2,3,17,8,3,0,1,0,1,2,18,2,4,1.0,0.0,0.0,0.0,1.0,2.0,14,6,12
56110,15,2,3,10,8,3,0,1,1,1,2,19,2,2,0.0,0.0,0.0,0.0,0.0,2.0,12,3,5
168764,16,2,1,0,2,3,0,5,0,1,2,6,2,3,4.0,0.0,0.0,1.0,3.0,1.0,3,1,11
109140,16,2,3,17,6,3,5,5,1,1,2,23,2,2,0.0,0.0,0.0,0.0,0.0,4.0,19,5,8
132850,15,2,1,0,6,3,0,1,0,1,2,36,2,2,0.0,0.0,0.0,0.0,0.0,2.0,21,5,9
40792,15,2,1,0,2,4,0,1,0,1,2,36,2,2,0.0,0.0,0.0,0.0,0.0,2.0,19,1,3
51869,15,2,3,17,8,3,0,5,1,1,2,18,2,2,0.0,0.0,0.0,0.0,0.0,2.0,9,5,4
20806,4,10,3,11,8,3,4,1,0,1,0,19,2,4,1.0,0.0,0.0,0.0,1.0,2.0,9,5,2
6295,16,3,3,17,8,3,0,1,1,1,2,22,2,2,0.0,0.0,0.0,0.0,0.0,2.0,14,6,1
84516,4,2,3,8,2,3,0,1,0,1,2,18,2,1,1.0,0.0,1.0,0.0,0.0,1.0,16,6,6
103191,16,2,3,15,10,3,0,1,1,1,1,18,2,2,0.0,0.0,0.0,0.0,0.0,3.0,12,6,7
80582,15,2,1,0,15,3,0,1,0,1,2,5,2,4,1.0,0.0,0.0,0.0,1.0,1.0,2,4,6
184607,16,7,1,17,8,4,6,5,0,1,2,18,2,2,0.0,0.0,0.0,0.0,0.0,3.0,19,6,12
177138,16,2,1,0,8,3,0,1,0,1,2,12,2,2,0.0,0.0,0.0,0.0,0.0,2.0,5,7,12
72052,15,2,3,10,6,3,0,1,1,1,2,36,2,2,0.0,0.0,0.0,0.0,0.0,2.0,17,3,6
136832,4,2,3,11,10,3,0,1,1,0,0,19,2,2,0.0,0.0,0.0,0.0,0.0,2.0,12,4,9
73133,16,2,3,15,8,3,0,1,1,1,2,36,2,2,0.0,0.0,0.0,0.0,0.0,2.0,12,5,6
162071,4,6,3,17,15,3,5,1,0,1,2,36,2,2,0.0,0.0,0.0,0.0,0.0,2.0,10,3,11
113775,16,2,3,9,2,3,0,1,0,1,2,18,2,1,1.0,0.0,1.0,0.0,0.0,1.0,15,5,8
94644,16,2,3,17,10,3,0,1,0,1,2,23,2,2,0.0,0.0,0.0,0.0,0.0,3.0,13,1,7
12937,16,2,3,17,2,3,0,5,1,1,1,36,2,2,0.0,0.0,0.0,0.0,0.0,2.0,13,7,1
44777,16,7,1,0,6,3,6,1,1,1,2,18,2,2,0.0,0.0,0.0,0.0,0.0,2.0,5,4,4
88355,16,2,3,10,8,3,0,1,1,1,0,36,2,2,0.0,0.0,0.0,0.0,0.0,2.0,10,2,7
137711,4,2,3,17,8,3,0,1,1,0,2,36,2,2,0.0,0.0,0.0,0.0,0.0,2.0,7,2,10
125811,16,2,1,10,8,3,0,1,0,1,2,37,2,4,1.0,0.0,0.0,0.0,1.0,1.0,23,6,9
60968,16,2,3,15,15,3,0,1,1,1,2,22,2,2,0.0,0.0,0.0,0.0,0.0,4.0,12,4,5
15095,4,2,3,15,8,3,0,1,1,1,1,22,2,2,0.0,0.0,0.0,0.0,0.0,2.0,14,5,2
131504,16,2,3,17,2,3,0,3,0,1,2,3,2,2,0.0,0.0,0.0,0.0,0.0,2.0,17,1,9
106426,16,2,3,17,8,3,0,5,0,1,2,18,2,2,0.0,0.0,0.0,0.0,0.0,2.0,18,5,8
111927,16,2,1,10,8,3,0,1,1,1,1,19,2,2,0.0,0.0,0.0,0.0,0.0,2.0,19,3,8
134728,16,2,4,15,8,3,0,1,1,1,1,19,2,2,0.0,0.0,0.0,0.0,0.0,2.0,18,4,9
135904,16,11,3,15,10,3,0,5,1,1,1,23,2,2,0.0,0.0,0.0,0.0,0.0,2.0,12,4,9
148806,16,2,3,9,2,3,0,1,0,1,0,35,2,4,1.0,0.0,0.0,0.0,1.0,1.0,8,1,10
104847,16,2,3,17,2,3,0,1,1,1,2,36,2,2,0.0,0.0,0.0,0.0,0.0,2.0,9,2,8
146661,16,2,1,10,8,3,5,5,1,1,2,9,2,2,0.0,0.0,0.0,0.0,0.0,2.0,19,7,10
180172,15,2,3,0,8,3,0,1,0,1,2,36,2,2,0.0,0.0,0.0,0.0,0.0,2.0,7,6,12
32696,16,2,3,0,6,3,0,1,1,1,1,6,2,2,0.0,0.0,0.0,0.0,0.0,2.0,8,4,3
11292,15,10,0,0,6,3,4,1,0,1,2,18,2,3,1.0,0.0,0.0,1.0,0.0,1.0,3,1,1
22685,16,10,3,3,2,3,6,5,0,1,2,36,2,3,2.0,0.0,0.0,2.0,0.0,0.0,12,1,2
120094,15,2,3,10,8,3,0,1,1,1,0,19,3,2,0.0,0.0,0.0,0.0,0.0,3.0,12,6,8
182947,16,2,3,9,6,3,0,1,0,1,0,9,2,3,1.0,0.0,0.0,1.0,0.0,1.0,13,5,12
74000,15,2,3,0,6,3,0,1,1,1,2,36,2,2,0.0,0.0,0.0,0.0,0.0,2.0,15,4,6
96912,16,2,3,10,8,3,0,1,1,1,1,19,3,2,0.0,0.0,0.0,0.0,0.0,4.0,14,2,7
8494,10,2,3,9,6,3,0,1,0,1,0,18,2,4,1.0,0.0,0.0,0.0,1.0,1.0,16,4,1
91577,4,2,3,17,10,3,0,1,1,1,2,36,2,2,0.0,0.0,0.0,0.0,0.0,3.0,9,2,7
93971,16,2,4,15,10,3,0,1,1,0,1,18,2,2,0.0,0.0,0.0,0.0,0.0,2.0,19,4,7
160921,16,2,3,10,8,3,6,1,0,1,2,39,2,1,1.0,0.0,1.0,0.0,0.0,1.0,11,6,11
113681,15,2,1,0,10,3,0,1,1,1,2,18,2,2,0.0,0.0,0.0,0.0,0.0,2.0,19,2,8
118514,4,2,3,9,2,3,0,1,0,1,0,18,2,3,1.0,0.0,0.0,1.0,0.0,1.0,8,6,8
87660,16,2,3,10,6,3,0,1,1,1,2,28,2,2,0.0,0.0,0.0,0.0,0.0,2.0,15,6,6
165579,16,2,1,0,8,3,0,1,0,1,2,36,2,3,2.0,0.0,0.0,2.0,0.0,1.0,17,4,11
180844,4,4,1,9,8,3,6,1,0,1,2,5,2,1,1.0,0.0,1.0,0.0,0.0,1.0,4,1,12
105944,15,2,1,2,6,3,0,1,1,1,2,36,1,2,0.0,0.0,0.0,0.0,0.0,1.0,2,5,8
101944,4,2,0,17,6,3,0,1,1,1,2,36,2,2,0.0,0.0,0.0,0.0,0.0,2.0,2,1,7