crash_date,               traffic_control_device,weather_condition,lighting_condition,first_crash_type,trafficway_type,alignment,roadway_surface_cond,road_defect,crash_type,intersection_related_i,damage,prim_contributory_cause,num_units,most_severe_injury,injuries_total,injuries_fatal,injuries_incapacitating,injuries_non_incapacitating,injuries_reported_not_evident,injuries_no_indication,crash_hour,crash_day_of_week,crash_month
167888,16,2,1,15,10,3,0,1,1,1,2,23,2,2,0.0,0.0,0.0,0.0,0.0,2.0,16,2,11
154685,15,7,3,0,6,3,6,1,1,1,1,18,2,2,0.0,0.0,0.0,0.0,0.0,2.0,12,4,10
22402,16,7,3,17,6,3,6,6,0,1,2,39,2,3,1.0,0.0,0.0,1.0,0.0,1.0,13,5,2
90092,17,2,1,5,6,3,0,1,1,1,2,36,1,2,0.0,0.0,0.0,0.0,0.0,1.0,0,1,7
140195,16,2,1,17,6,3,0,2,0,1,1,18,2,3,1.0,0.0,0.0,1.0,0.0,2.0,19,3,10
57926,16,2,5,17,8,3,5,5,1,1,2,18,2,2,0.0,0.0,0.0,0.0,0.0,2.0,12,7,5
100174,16,2,1,15,8,3,0,1,1,0,2,36,2,2,0.0,0.0,0.0,0.0,0.0,5.0,20,4,7
39922,16,2,3,17,8,3,0,1,0,1,2,18,2,2,0.0,0.0,0.0,0.0,0.0,2.0,13,6,3
1396,16,2,0,8,6,3,0,1,0,1,0,18,2,4,1.0,0.0,0.0,0.0,1.0,1.0,17,4,1
184558,16,10,3,17,6,3,4,1,1,1,1,24,2,2,0.0,0.0,0.0,0.0,0.0,2.0,12,5,12
161319,16,2,1,3,6,3,0,1,0,1,2,36,2,3,1.0,0.0,0.0,1.0,0.0,1.0,21,1,11
101158,16,7,3,17,15,3,6,1,1,1,2,36,2,2,0.0,0.0,0.0,0.0,0.0,6.0,10,4,7
158260,4,2,3,14,8,3,0,1,0,0,2,13,3,2,0.0,0.0,0.0,0.0,0.0,3.0,11,3,11
6302,17,11,5,0,18,3,5,5,1,1,2,36,2,2,0.0,0.0,0.0,0.0,0.0,3.0,15,6,1
68338,15,2,1,0,6,3,0,1,0,1,2,5,2,2,0.0,0.0,0.0,0.0,0.0,2.0,23,2,5
56526,15,2,3,0,11,3,2,3,1,1,0,18,2,2,0.0,0.0,0.0,0.0,0.0,2.0,12,3,5
115613,16,2,3,17,2,3,0,1,0,1,2,24,2,2,0.0,0.0,0.0,0.0,0.0,2.0,15,4,8
171097,16,2,1,0,6,3,0,1,0,1,2,3,3,3,1.0,0.0,0.0,1.0,0.0,1.0,23,5,11
36553,15,2,3,17,10,3,0,1,1,1,1,36,2,2,0.0,0.0,0.0,0.0,0.0,2.0,8,6,3
67985,16,2,3,2,8,3,0,1,0,1,2,24,1,2,0.0,0.0,0.0,0.0,0.0,1.0,6,4,5
28729,15,2,3,17,1,3,0,1,1,1,1,5,2,2,0.0,0.0,0.0,0.0,0.0,2.0,14,6,3
17923,16,2,4,17,2,3,0,1,1,1,2,17,2,2,0.0,0.0,0.0,0.0,0.0,2.0,17,5,2
102020,4,2,3,17,8,3,0,1,1,1,2,18,2,2,0.0,0.0,0.0,0.0,0.0,2.0,17,3,7
88003,15,2,3,0,8,3,0,5,1,1,2,36,2,2,0.0,0.0,0.0,0.0,0.0,3.0,18,4,7
55709,15,7,3,0,6,3,6,1,0,1,2,5,2,3,1.0,0.0,0.0,1.0,0.0,2.0,12,3,4
175703,15,2,1,17,2,3,0,1,0,1,2,18,2,2,0.0,0.0,0.0,0.0,0.0,2.0,21,2,12
21615,16,2,3,10,2,3,0,1,0,1,1,36,2,3,1.0,0.0,0.0,1.0,0.0,1.0,12,4,2
169587,16,2,3,17,2,3,0,1,0,1,2,18,2,2,0.0,0.0,0.0,0.0,0.0,3.0,8,2,11
132897,16,2,1,17,5,3,0,1,1,1,1,24,2,2,0.0,0.0,0.0,0.0,0.0,2.0,20,6,9
21834,16,7,1,17,11,3,0,1,1,1,2,36,2,2,0.0,0.0,0.0,0.0,0.0,4.0,0,7,2
171870,4,3,3,10,15,3,0,1,0,1,2,12,2,3,1.0,0.0,0.0,1.0,0.0,1.0,8,2,11
94431,16,2,1,9,2,3,0,1,0,1,1,18,2,3,1.0,0.0,0.0,1.0,0.0,1.0,23,5,7
118967,16,2,3,10,8,3,0,1,1,1,1,19,2,2,0.0,0.0,0.0,0.0,0.0,3.0,15,5,8
38756,15,7,1,10,8,3,6,1,1,1,2,36,2,2,0.0,0.0,0.0,0.0,0.0,2.0,4,5,3
157781,4,2,1,5,16,3,0,1,1,1,2,36,2,2,0.0,0.0,0.0,0.0,0.0,2.0,23,5,11
147740,16,2,3,17,10,3,0,1,0,1,2,23,2,2,0.0,0.0,0.0,0.0,0.0,2.0,5,2,10
8710,16,2,3,0,2,3,0,1,1,1,1,18,2,2,0.0,0.0,0.0,0.0,0.0,2.0,8,5,1
79867,15,2,3,8,8,3,0,5,0,1,2,18,2,3,1.0,0.0,0.0,1.0,0.0,1.0,12,7,6
86972,15,3,3,15,8,3,0,1,1,1,2,36,2,2,0.0,0.0,0.0,0.0,0.0,2.0,14,3,6
135014,16,2,3,10,6,3,0,5,1,1,2,19,2,2,0.0,0.0,0.0,0.0,0.0,2.0,1,7,9
99310,16,2,1,0,2,3,0,1,0,1,2,17,2,4,1.0,0.0,0.0,0.0,1.0,1.0,21,2,7
186145,16,2,1,17,10,3,0,1,0,1,0,6,2,2,0.0,0.0,0.0,0.0,0.0,3.0,20,4,12
23896,16,2,3,0,8,3,0,1,0,1,2,36,2,1,2.0,0.0,1.0,1.0,0.0,0.0,8,1,2
76245,16,7,0,17,15,3,6,1,0,1,2,6,3,2,0.0,0.0,0.0,0.0,0.0,3.0,22,3,6
68283,16,2,4,9,8,3,0,1,0,1,0,36,2,1,1.0,0.0,1.0,0.0,0.0,1.0,20,7,5
64662,16,2,3,10,8,3,0,1,1,1,1,19,2,2,0.0,0.0,0.0,0.0,0.0,3.0,9,6,5
54678,4,2,3,17,8,3,0,1,1,1,1,18,2,2,0.0,0.0,0.0,0.0,0.0,4.0,17,1,4
19856,15,11,0,17,8,3,5,5,1,1,2,24,2,2,0.0,0.0,0.0,0.0,0.0,3.0,21,3,2
97197,16,2,3,0,8,3,0,1,0,1,2,30,2,1,2.0,0.0,2.0,0.0,0.0,0.0,11,5,7
140396,15,11,1,10,18,3,5,5,1,1,2,36,2,2,0.0,0.0,0.0,0.0,0.0,3.0,20,7,10
106041,15,2,1,0,6,3,0,1,0,1,2,5,2,2,0.0,0.0,0.0,0.0,0.0,2.0,20,6,8
28443,16,2,3,17,2,3,0,1,1,1,2,18,2,2,0.0,0.0,0.0,0.0,0.0,2.0,16,1,3
125666,15,2,3,0,8,3,0,1,0,1,2,18,2,2,0.0,0.0,0.0,0.0,0.0,3.0,10,3,9
188902,16,2,1,15,10,3,0,5,1,0,2,24,2,2,0.0,0.0,0.0,0.0,0.0,3.0,0,6,12
4805,16,3,3,15,8,0,5,2,1,1,2,23,2,2,0.0,0.0,0.0,0.0,0.0,2.0,8,4,1
55953,16,2,3,0,6,3,0,1,1,1,2,36,2,2,0.0,0.0,0.0,0.0,0.0,2.0,14,3,4
91003,15,2,1,10,2,3,0,1,1,1,0,36,2,2,0.0,0.0,0.0,0.0,0.0,2.0,23,7,7
2731,16,10,3,10,6,3,6,5,1,1,1,36,2,2,0.0,0.0,0.0,0.0,0.0,2.0,22,5,1
180515,15,2,3,17,8,3,6,5,0,1,2,18,2,4,1.0,0.0,0.0,0.0,1.0,1.0,7,5,12
101687,4,2,3,17,6,3,0,1,0,1,2,36,2,3,1.0,0.0,0.0,1.0,0.0,1.0,14,5,7
7951,17,7,3,0,10,3,6,5,1,1,2,23,4,2,0.0,0.0,0.0,0.0,0.0,3.0,11,2,1
160425,16,3,3,9,11,3,6,1,0,1,1,38,2,3,1.0,0.0,0.0,1.0,0.0,1.0,12,6,11
147231,16,2,1,2,2,3,0,1,0,1,2,36,1,2,0.0,0.0,0.0,0.0,0.0,1.0,2,2,10
179056,16,7,1,10,8,3,6,1,1,1,2,36,2,2,0.0,0.0,0.0,0.0,0.0,2.0,23,5,12
95250,15,7,3,10,2,3,0,1,1,1,1,19,2,2,0.0,0.0,0.0,0.0,0.0,2.0,15,5,7
139156,16,2,1,0,2,3,0,1,0,1,2,36,2,3,1.0,0.0,0.0,1.0,0.0,1.0,4,2,10
93762,16,2,3,10,8,3,0,1,1,1,2,36,2,2,0.0,0.0,0.0,0.0,0.0,2.0,13,3,7
88770,15,7,3,17,15,3,6,1,0,1,2,36,2,2,0.0,0.0,0.0,0.0,0.0,2.0,10,3,7
44682,15,2,3,13,1,3,0,1,0,1,2,36,2,2,0.0,0.0,0.0,0.0,0.0,2.0,12,2,4
122217,16,2,1,10,8,3,0,1,1,1,2,19,2,2,0.0,0.0,0.0,0.0,0.0,2.0,4,1,9
164388,15,2,3,10,2,3,0,5,1,0,0,36,2,2,0.0,0.0,0.0,0.0,0.0,4.0,8,7,11
171362,16,2,3,15,8,3,0,1,1,1,1,18,2,2,0.0,0.0,0.0,0.0,0.0,2.0,14,2,11
141031,16,2,3,8,2,3,0,5,0,0,1,36,2,3,1.0,0.0,0.0,1.0,0.0,1.0,15,6,10
97583,16,2,3,10,6,3,0,1,0,1,0,36,2,4,2.0,0.0,0.0,0.0,2.0,1.0,14,6,7
73928,15,2,3,17,8,3,0,1,1,1,2,18,2,2,0.0,0.0,0.0,0.0,0.0,2.0,16,3,6
172645,16,5,3,9,6,3,4,1,0,1,0,18,2,3,1.0,0.0,0.0,1.0,0.0,1.0,8,6,12
168310,16,3,3,0,6,3,0,6,0,1,2,36,2,3,5.0,0.0,0.0,1.0,4.0,1.0,10,7,11
141272,4,2,3,17,2,3,0,1,1,1,2,18,2,2,0.0,0.0,0.0,0.0,0.0,3.0,14,4,10
145776,15,2,1,0,8,3,0,1,0,1,1,17,2,4,1.0,0.0,0.0,0.0,1.0,1.0,18,5,10
45169,15,2,3,0,6,3,0,1,1,1,2,36,2,2,0.0,0.0,0.0,0.0,0.0,2.0,11,4,4
37816,16,2,1,2,2,3,0,1,1,0,0,36,1,2,0.0,0.0,0.0,0.0,0.0,1.0,20,1,3
187409,16,7,3,17,6,3,6,5,0,1,2,6,3,4,2.0,0.0,0.0,0.0,2.0,1.0,15,5,12
77500,15,5,3,10,2,3,6,1,1,1,2,36,2,2,0.0,0.0,0.0,0.0,0.0,2.0,8,1,6
127799,16,2,3,0,8,3,0,1,0,1,2,6,2,1,1.0,0.0,1.0,0.0,0.0,1.0,8,5,9
44749,15,2,1,10,10,3,0,1,1,1,0,19,2,2,0.0,0.0,0.0,0.0,0.0,2.0,11,3,4
41425,16,2,3,9,8,3,0,1,0,1,0,36,2,3,1.0,0.0,0.0,1.0,0.0,1.0,16,6,3
181138,16,2,3,10,8,3,0,1,0,1,2,17,2,3,1.0,0.0,0.0,1.0,0.0,2.0,11,6,12
89884,16,7,1,3,2,3,6,5,0,1,2,11,2,3,2.0,0.0,0.0,2.0,0.0,0.0,1,5,7
56372,16,11,5,17,18,3,5,5,1,1,2,36,2,2,0.0,0.0,0.0,0.0,0.0,2.0,16,2,5
52580,16,2,3,10,8,3,0,1,0,1,2,17,2,3,2.0,0.0,0.0,1.0,1.0,3.0,16,3,4
61320,15,2,3,9,6,3,0,1,0,1,0,18,2,3,1.0,0.0,0.0,1.0,0.0,1.0,9,3,5
1061,16,10,3,10,8,3,6,1,1,1,1,13,2,2,0.0,0.0,0.0,0.0,0.0,4.0,8,4,1
130145,4,2,3,8,8,3,0,1,0,1,2,26,2,4,1.0,0.0,0.0,0.0,1.0,1.0,8,2,9
73240,16,2,2,13,8,3,0,1,1,1,2,26,2,2,0.0,0.0,0.0,0.0,0.0,3.0,18,7,6
173652,16,2,1,0,6,3,0,5,1,1,1,6,2,2,0.0,0.0,0.0,0.0,0.0,3.0,0,1,12
177990,16,2,3,10,6,3,0,1,0,0,1,36,2,2,0.0,0.0,0.0,0.0,0.0,2.0,9,6,12
151076,16,2,1,0,2,3,0,1,0,1,1,6,2,3,1.0,0.0,0.0,1.0,0.0,1.0,5,4,10
70948,15,2,1,0,6,3,0,1,0,1,2,17,2,2,0.0,0.0,0.0,0.0,0.0,4.0,22,1,5
14770,16,3,3,17,6,3,0,1,1,1,1,24,2,2,0.0,0.0,0.0,0.0,0.0,2.0,13,6,1
10594,15,7,3,15,8,3,6,5,1,1,1,22,2,2,0.0,0.0,0.0,0.0,0.0,2.0,10,2,1
140465,16,2,3,17,2,3,0,1,1,1,2,22,2,2,0.0,0.0,0.0,0.0,0.0,3.0,13,6,10
75199,16,2,3,17,2,3,0,5,1,1,2,18,2,2,0.0,0.0,0.0,0.0,0.0,2.0,17,1,6
96651,16,2,3,0,8,3,0,1,1,1,2,6,2,2,0.0,0.0,0.0,0.0,0.0,3.0,5,4,7
44940,15,2,3,7,2,3,0,1,1,1,2,19,2,2,0.0,0.0,0.0,0.0,0.0,3.0,14,6,4
3929,15,2,1,17,8,3,0,1,1,1,2,18,2,2,0.0,0.0,0.0,0.0,0.0,2.0,17,3,1
60820,16,2,1,15,8,3,0,1,1,1,0,23,2,2,0.0,0.0,0.0,0.0,0.0,2.0,21,2,5
729,16,2,1,0,2,3,0,1,0,1,2,6,2,2,0.0,0.0,0.0,0.0,0.0,2.0,20,5,1
40242,4,2,3,10,2,3,0,3,0,1,2,19,2,3,1.0,0.0,0.0,1.0,0.0,1.0,16,4,3
15192,4,2,0,9,8,3,4,1,0,1,0,24,2,3,1.0,0.0,0.0,1.0,0.0,1.0,17,6,2
44477,16,3,3,0,3,3,0,1,0,1,2,6,2,4,2.0,0.0,0.0,0.0,2.0,3.0,10,6,4
140221,16,2,3,10,8,3,0,1,1,1,1,19,2,2,0.0,0.0,0.0,0.0,0.0,2.0,11,3,10
95242,16,2,3,10,8,3,0,1,1,1,2,36,2,2,0.0,0.0,0.0,0.0,0.0,2.0,13,5,7
115001,16,2,3,8,8,3,0,1,0,1,0,31,2,3,1.0,0.0,0.0,1.0,0.0,1.0,8,2,8
181429,16,2,3,9,16,3,0,0,0,1,0,18,3,4,2.0,0.0,0.0,0.0,2.0,1.0,13,3,12
20193,16,2,3,10,8,3,6,1,1,1,1,36,2,2,0.0,0.0,0.0,0.0,0.0,2.0,9,2,2
78758,4,2,3,17,8,3,0,5,1,1,2,36,2,2,0.0,0.0,0.0,0.0,0.0,2.0,15,4,6
36407,16,7,3,17,6,3,6,1,1,1,2,36,2,2,0.0,0.0,0.0,0.0,0.0,4.0,16,4,3
143843,15,2,3,17,2,3,0,1,0,1,2,12,2,2,0.0,0.0,0.0,0.0,0.0,2.0,12,3,10
81004,16,2,3,15,1,3,0,1,1,1,2,36,2,2,0.0,0.0,0.0,0.0,0.0,2.0,7,2,6
56986,15,2,3,0,8,3,0,1,1,1,2,36,2,2,0.0,0.0,0.0,0.0,0.0,3.0,17,4,5
112160,16,2,1,17,8,3,0,1,1,1,1,36,2,2,0.0,0.0,0.0,0.0,0.0,2.0,18,1,8
118250,4,2,4,17,8,3,0,1,1,1,1,36,2,2,0.0,0.0,0.0,0.0,0.0,3.0,20,6,8
70587,4,2,3,0,6,3,0,1,1,1,2,18,2,2,0.0,0.0,0.0,0.0,0.0,2.0,17,4,5
92109,16,2,3,10,10,3,0,1,1,1,1,19,2,2,0.0,0.0,0.0,0.0,0.0,4.0,17,5,7
128774,15,2,3,7,6,3,0,5,1,1,2,36,2,2,0.0,0.0,0.0,0.0,0.0,1.0,17,6,9
29128,4,2,3,13,15,3,0,1,0,1,2,5,2,4,1.0,0.0,0.0,0.0,1.0,2.0,11,7,3
127404,17,11,5,10,1,3,5,5,1,1,0,36,2,2,0.0,0.0,0.0,0.0,0.0,3.0,8,6,9
146964,4,2,3,9,1,3,0,1,0,1,0,18,2,3,1.0,0.0,0.0,1.0,0.0,1.0,8,3,10
101487,15,2,3,17,15,3,0,5,1,1,1,18,2,2,0.0,0.0,0.0,0.0,0.0,3.0,15,2,7
63243,15,2,3,0,6,3,0,1,0,1,2,18,2,4,2.0,0.0,0.0,0.0,2.0,0.0,17,4,5
148944,16,2,1,17,6,3,0,1,1,1,1,18,2,2,0.0,0.0,0.0,0.0,0.0,2.0,0,4,10
51335,16,2,3,10,8,4,0,1,0,1,2,17,2,2,0.0,0.0,0.0,0.0,0.0,2.0,6,1,4
154508,16,2,3,15,8,3,0,1,1,0,2,6,3,2,0.0,0.0,0.0,0.0,0.0,3.0,10,2,10
115287,15,2,3,8,6,3,0,1,0,1,0,36,2,4,1.0,0.0,0.0,0.0,1.0,1.0,14,7,8
122986,16,2,3,10,8,3,0,1,0,1,2,13,2,4,2.0,0.0,0.0,0.0,2.0,1.0,14,7,9
32997,15,2,3,0,10,3,0,1,1,1,2,5,2,2,0.0,0.0,0.0,0.0,0.0,7.0,15,2,3
171783,16,2,2,15,10,3,0,1,1,1,1,23,2,2,0.0,0.0,0.0,0.0,0.0,2.0,16,7,11
22947,16,2,0,10,8,3,0,1,1,1,2,36,2,2,0.0,0.0,0.0,0.0,0.0,2.0,22,6,2
58300,4,3,3,0,8,3,0,1,0,1,2,9,2,4,1.0,0.0,0.0,0.0,1.0,2.0,8,5,5
97443,17,2,3,17,6,3,0,1,1,1,2,24,2,2,0.0,0.0,0.0,0.0,0.0,2.0,15,3,7
90394,16,7,3,15,8,3,0,1,1,1,0,36,2,2,0.0,0.0,0.0,0.0,0.0,2.0,13,5,7
63542,4,2,3,8,2,3,5,5,0,1,2,38,2,4,1.0,0.0,0.0,0.0,1.0,1.0,17,4,5
34815,15,2,3,0,11,3,0,1,1,1,1,18,2,2,0.0,0.0,0.0,0.0,0.0,2.0,13,4,3
103120,16,2,3,15,2,3,0,1,1,1,2,19,2,2,0.0,0.0,0.0,0.0,0.0,2.0,14,6,7
59359,16,2,1,2,6,3,0,1,0,1,2,36,1,2,0.0,0.0,0.0,0.0,0.0,1.0,1,1,5
51948,15,2,3,0,18,3,6,1,0,1,2,18,2,4,4.0,0.0,0.0,0.0,4.0,0.0,13,7,4
68493,15,2,3,17,15,3,0,1,1,1,1,23,2,2,0.0,0.0,0.0,0.0,0.0,2.0,17,5,5
144976,4,2,1,17,6,3,0,1,1,1,1,24,2,2,0.0,0.0,0.0,0.0,0.0,2.0,2,5,10
18999,15,10,3,10,6,3,2,1,0,1,2,5,4,2,0.0,0.0,0.0,0.0,0.0,4.0,9,3,2
3620,16,2,0,17,2,3,5,5,1,1,1,18,2,2,0.0,0.0,0.0,0.0,0.0,2.0,18,6,1
124263,16,2,1,17,8,3,0,5,0,1,2,35,2,2,0.0,0.0,0.0,0.0,0.0,2.0,19,5,9
8275,16,10,1,17,8,3,4,5,1,1,2,17,2,2,0.0,0.0,0.0,0.0,0.0,2.0,17,6,1
8742,16,3,4,10,2,4,0,5,1,1,2,17,2,2,0.0,0.0,0.0,0.0,0.0,2.0,14,6,1
86045,16,2,1,17,6,3,0,5,0,1,2,36,2,2,0.0,0.0,0.0,0.0,0.0,2.0,14,2,6
73865,16,11,1,2,2,3,5,3,1,1,2,33,2,2,0.0,0.0,0.0,0.0,0.0,2.0,3,1,6
131827,15,7,3,0,8,3,6,1,0,1,2,18,2,3,2.0,0.0,0.0,2.0,0.0,1.0,17,4,9
180866,16,2,1,17,8,3,0,1,1,1,2,24,2,2,0.0,0.0,0.0,0.0,0.0,3.0,18,1,12
63895,16,2,3,17,15,3,0,1,0,1,2,24,2,2,0.0,0.0,0.0,0.0,0.0,5.0,16,2,5
28156,16,2,3,17,6,3,0,1,0,1,2,18,3,4,1.0,0.0,0.0,0.0,1.0,4.0,11,7,2
157127,16,2,3,15,6,3,0,1,1,1,2,36,2,2,0.0,0.0,0.0,0.0,0.0,2.0,11,3,11
99644,16,2,3,0,3,3,0,1,1,1,1,36,2,2,0.0,0.0,0.0,0.0,0.0,2.0,10,1,7
70689,15,2,3,0,10,3,0,1,0,1,2,5,2,1,1.0,0.0,1.0,0.0,0.0,2.0,9,3,5
98858,15,2,3,0,2,3,0,2,0,1,2,18,2,2,0.0,0.0,0.0,0.0,0.0,2.0,17,2,7
17209,15,2,3,2,2,3,4,1,1,1,2,13,1,2,0.0,0.0,0.0,0.0,0.0,1.0,8,7,2
78498,16,2,1,17,10,3,0,1,1,1,1,24,2,2,0.0,0.0,0.0,0.0,0.0,4.0,22,1,6
66065,17,11,3,2,8,3,5,3,1,1,2,32,2,2,0.0,0.0,0.0,0.0,0.0,1.0,8,7,5
148497,16,7,1,7,10,3,6,1,1,1,2,26,2,2,0.0,0.0,0.0,0.0,0.0,3.0,20,5,10
43574,15,7,3,17,8,3,6,1,1,1,2,36,2,2,0.0,0.0,0.0,0.0,0.0,3.0,7,4,4
154987,16,2,1,2,8,3,0,1,1,1,2,36,1,2,0.0,0.0,0.0,0.0,0.0,1.0,23,2,10
74388,16,2,3,10,6,3,0,5,1,1,2,19,2,2,0.0,0.0,0.0,0.0,0.0,2.0,8,4,6
17841,16,2,3,2,2,3,6,1,0,1,2,36,1,2,0.0,0.0,0.0,0.0,0.0,1.0,12,3,2
88240,16,11,5,8,6,3,5,5,0,1,2,36,2,3,1.0,0.0,0.0,1.0,0.0,1.0,18,2,7
147051,16,2,3,10,8,3,0,1,1,1,1,19,2,2,0.0,0.0,0.0,0.0,0.0,3.0,11,4,10
21861,17,10,2,10,2,3,6,5,1,1,2,36,2,2,0.0,0.0,0.0,0.0,0.0,2.0,4,2,2
84975,15,2,1,0,8,3,0,5,0,1,2,13,2,3,6.0,0.0,0.0,6.0,0.0,2.0,21,6,6
14392,16,10,1,10,2,3,4,1,1,1,2,19,2,2,0.0,0.0,0.0,0.0,0.0,2.0,17,7,1
129668,16,2,3,9,8,3,0,1,0,1,2,38,4,3,1.0,0.0,0.0,1.0,0.0,3.0,17,3,9
79411,16,2,3,0,8,3,0,1,0,1,2,18,2,3,2.0,0.0,0.0,2.0,0.0,0.0,18,6,6
2621,16,2,1,15,2,3,0,5,1,1,0,23,2,2,0.0,0.0,0.0,0.0,0.0,2.0,17,4,1
80533,15,3,3,0,8,3,0,1,1,1,1,18,2,2,0.0,0.0,0.0,0.0,0.0,2.0,16,2,6
43373,4,2,0,0,6,3,0,1,1,1,2,18,2,2,0.0,0.0,0.0,0.0,0.0,2.0,1,7,4
157423,15,2,3,0,2,3,0,1,1,1,1,18,2,2,0.0,0.0,0.0,0.0,0.0,3.0,9,6,11
123688,16,2,3,0,6,3,0,1,0,1,2,17,2,3,2.0,0.0,0.0,2.0,0.0,0.0,16,4,9
105554,16,2,4,17,6,3,0,5,0,1,2,24,2,3,1.0,0.0,0.0,1.0,0.0,1.0,19,7,8
152883,16,2,3,17,10,3,0,1,1,1,2,24,2,2,0.0,0.0,0.0,0.0,0.0,6.0,16,7,10
67302,16,2,3,17,6,3,0,1,0,1,2,36,2,2,0.0,0.0,0.0,0.0,0.0,2.0,7,7,5
54036,4,2,3,0,8,3,0,1,1,1,2,36,2,2,0.0,0.0,0.0,0.0,0.0,3.0,16,6,4
54525,16,2,3,17,18,3,0,2,0,1,2,24,2,2,0.0,0.0,0.0,0.0,0.0,3.0,12,7,4
1792,16,2,3,0,8,3,0,5,1,1,2,18,2,2,0.0,0.0,0.0,0.0,0.0,3.0,15,4,1
12739,15,2,3,0,15,3,0,5,1,1,1,18,2,2,0.0,0.0,0.0,0.0,0.0,2.0,14,5,1
87380,16,7,3,17,8,3,6,5,0,1,2,36,2,2,0.0,0.0,0.0,0.0,0.0,5.0,14,1,6
171484,16,2,0,17,6,3,0,1,1,1,1,12,2,2,0.0,0.0,0.0,0.0,0.0,3.0,17,4,11
144403,16,7,2,17,6,3,6,1,1,1,2,24,2,2,0.0,0.0,0.0,0.0,0.0,2.0,5,4,10
40812,15,2,3,0,6,3,0,1,0,1,2,36,2,2,0.0,0.0,0.0,0.0,0.0,2.0,12,1,3
153518,4,2,3,10,8,3,0,1,1,1,2,19,2,2,0.0,0.0,0.0,0.0,0.0,2.0,14,2,10
39329,8,7,3,10,2,3,6,1,1,0,2,36,2,2,0.0,0.0,0.0,0.0,0.0,3.0,17,7,3
6261,16,2,3,0,6,3,0,1,0,1,2,36,2,2,0.0,0.0,0.0,0.0,0.0,3.0,8,5,1
25668,16,10,1,10,6,3,6,1,0,1,2,36,2,4,1.0,0.0,0.0,0.0,1.0,1.0,19,6,2
120471,16,2,1,0,9,3,0,1,0,1,2,6,2,3,2.0,0.0,0.0,2.0,0.0,1.0,23,7,8
185287,16,10,3,10,3,3,4,1,1,1,2,17,2,2,0.0,0.0,0.0,0.0,0.0,2.0,10,1,12
46476,16,7,3,0,6,3,6,1,1,1,2,36,2,2,0.0,0.0,0.0,0.0,0.0,2.0,14,7,4
43939,16,2,3,17,6,3,6,1,1,1,1,36,2,2,0.0,0.0,0.0,0.0,0.0,2.0,8,2,4
57724,4,7,3,0,6,3,6,1,1,1,2,22,2,2,0.0,0.0,0.0,0.0,0.0,3.0,12,3,5
165484,16,2,0,0,1,3,0,1,0,1,2,6,2,2,0.0,0.0,0.0,0.0,0.0,3.0,23,1,11
148091,16,11,3,17,8,3,5,5,1,1,0,24,2,2,0.0,0.0,0.0,0.0,0.0,3.0,13,6,10
28657,16,2,3,10,8,3,0,1,1,1,2,12,2,2,0.0,0.0,0.0,0.0,0.0,3.0,17,6,3
54552,15,2,0,0,10,3,0,1,1,1,2,5,2,2,0.0,0.0,0.0,0.0,0.0,3.0,1,6,4
170603,15,2,3,17,2,3,0,1,0,1,2,24,2,2,0.0,0.0,0.0,0.0,0.0,2.0,10,4,11
96084,16,2,3,15,8,3,0,1,1,1,0,11,2,2,0.0,0.0,0.0,0.0,0.0,2.0,12,2,7
185354,16,2,3,9,11,3,0,1,0,1,0,36,2,4,1.0,0.0,0.0,0.0,1.0,1.0,11,2,12
16669,16,2,4,17,8,3,4,1,1,1,2,22,2,2,0.0,0.0,0.0,0.0,0.0,2.0,16,6,2
101586,4,2,3,17,6,3,0,1,1,1,2,19,2,2,0.0,0.0,0.0,0.0,0.0,2.0,8,3,7
76184,16,2,1,17,8,3,0,1,1,1,1,36,2,2,0.0,0.0,0.0,0.0,0.0,2.0,21,1,6
158284,15,2,3,8,8,3,0,1,0,1,1,18,2,4,1.0,0.0,0.0,0.0,1.0,1.0,16,5,11
129804,16,2,3,7,8,3,0,1,0,1,1,36,2,2,0.0,0.0,0.0,0.0,0.0,1.0,17,6,9
55108,15,2,3,0,2,3,0,1,0,1,2,5,3,1,3.0,0.0,2.0,1.0,0.0,4.0,9,1,4
59146,15,2,3,0,2,3,6,1,1,1,2,5,2,2,0.0,0.0,0.0,0.0,0.0,2.0,10,3,5
111151,15,11,3,0,6,3,5,5,1,1,1,36,2,2,0.0,0.0,0.0,0.0,0.0,5.0,13,7,8
169483,4,2,1,17,8,3,0,1,1,1,2,24,2,2,0.0,0.0,0.0,0.0,0.0,2.0,19,6,11
176478,15,2,2,15,8,3,0,1,1,1,2,24,2,2,0.0,0.0,0.0,0.0,0.0,2.0,16,4,12
134303,16,2,3,3,6,3,0,1,0,1,2,38,2,2,0.0,0.0,0.0,0.0,0.0,2.0,14,4,9
66416,4,2,1,0,15,3,0,5,1,0,2,6,2,2,0.0,0.0,0.0,0.0,0.0,3.0,1,1,5
109079,4,2,3,8,8,3,0,1,0,1,1,36,2,3,1.0,0.0,0.0,1.0,0.0,1.0,17,4,8
60763,16,3,1,10,15,3,6,1,1,1,2,19,3,2,0.0,0.0,0.0,0.0,0.0,3.0,22,1,5
32433,4,3,3,9,8,3,0,1,0,1,0,18,2,3,1.0,0.0,0.0,1.0,0.0,1.0,11,5,3
67015,4,2,3,2,0,3,0,1,0,0,2,36,1,2,0.0,0.0,0.0,0.0,0.0,1.0,18,4,5
137733,16,2,3,10,8,3,0,1,1,1,2,36,2,2,0.0,0.0,0.0,0.0,0.0,2.0,11,2,10