crash_date,               traffic_control_device,weather_condition,lighting_condition,first_crash_type,trafficway_type,alignment,roadway_surface_cond,road_defect,crash_type,intersection_related_i,damage,prim_contributory_cause,num_units,most_severe_injury,injuries_total,injuries_fatal,injuries_incapacitating,injuries_non_incapacitating,injuries_reported_not_evident,injuries_no_indication,crash_hour,crash_day_of_week,crash_month
102976,15,2,3,0,6,3,0,1,0,1,2,18,2,2,0.0,0.0,0.0,0.0,0.0,3.0,14,3,7
187051,16,10,4,17,3,4,4,5,1,1,1,19,2,2,0.0,0.0,0.0,0.0,0.0,3.0,16,5,12
13120,16,2,3,0,8,3,0,1,1,1,2,6,2,2,0.0,0.0,0.0,0.0,0.0,3.0,9,4,1
81136,4,2,3,17,8,3,0,1,1,1,2,11,2,2,0.0,0.0,0.0,0.0,0.0,2.0,19,5,6
22653,16,2,1,0,8,3,0,1,0,1,2,6,2,3,3.0,0.0,0.0,3.0,0.0,3.0,2,1,2
69327,16,2,3,0,2,3,5,1,1,1,1,6,2,2,0.0,0.0,0.0,0.0,0.0,2.0,11,2,5
51982,16,7,1,17,6,3,6,1,0,1,2,24,2,3,4.0,0.0,0.0,4.0,0.0,0.0,20,7,4
104662,16,11,5,2,3,3,5,5,0,1,2,36,1,2,0.0,0.0,0.0,0.0,0.0,1.0,2,6,8
57122,15,2,3,0,6,3,0,1,0,1,2,36,2,3,1.0,0.0,0.0,1.0,0.0,1.0,18,6,5
8711,4,2,1,17,8,3,0,1,0,1,2,18,2,4,1.0,0.0,0.0,0.0,1.0,3.0,20,5,1
89517,16,2,3,9,2,3,0,1,0,1,0,38,2,3,1.0,0.0,0.0,1.0,0.0,1.0,10,5,7
151507,16,2,1,7,8,3,0,5,1,0,2,17,2,2,0.0,0.0,0.0,0.0,0.0,1.0,21,5,10
67629,16,2,3,10,2,3,0,1,1,1,2,36,2,2,0.0,0.0,0.0,0.0,0.0,2.0,17,4,5
105670,4,2,3,0,10,3,0,1,0,1,2,18,3,2,0.0,0.0,0.0,0.0,0.0,2.0,14,7,8
63080,4,2,3,0,10,3,0,1,0,1,2,36,2,2,0.0,0.0,0.0,0.0,0.0,2.0,8,3,5
148363,16,2,1,0,8,3,0,1,1,1,2,6,2,2,0.0,0.0,0.0,0.0,0.0,2.0,21,3,10
21454,4,11,1,15,8,3,6,5,1,1,2,36,2,2,0.0,0.0,0.0,0.0,0.0,2.0,17,2,2
161198,16,2,1,9,8,3,0,1,0,1,2,36,2,3,1.0,0.0,0.0,1.0,0.0,1.0,21,5,11
57648,4,2,3,7,2,3,0,1,1,1,1,36,2,2,0.0,0.0,0.0,0.0,0.0,1.0,12,7,5
5467,15,2,3,0,8,3,1,5,1,1,1,18,2,2,0.0,0.0,0.0,0.0,0.0,5.0,9,5,1
179216,16,2,1,0,6,3,0,1,0,1,2,6,2,3,3.0,0.0,0.0,3.0,0.0,1.0,19,2,12
139252,16,2,3,17,8,3,0,1,0,1,2,18,2,2,0.0,0.0,0.0,0.0,0.0,2.0,10,3,10
85017,4,2,1,0,15,3,0,1,0,1,2,18,2,3,2.0,0.0,0.0,2.0,0.0,2.0,3,7,6
55090,4,2,3,10,2,3,0,1,1,1,1,30,2,2,0.0,0.0,0.0,0.0,0.0,2.0,18,1,4
90725,16,2,3,5,8,3,0,2,0,1,2,26,1,2,0.0,0.0,0.0,0.0,0.0,1.0,18,4,7
126463,16,7,3,0,6,3,6,5,0,1,2,39,2,4,4.0,0.0,0.0,0.0,4.0,1.0,17,2,9
2579,16,2,3,2,3,3,0,3,1,1,0,12,1,2,0.0,0.0,0.0,0.0,0.0,9.0,7,2,1
118301,16,2,3,3,8,3,6,1,0,1,2,16,2,2,0.0,0.0,0.0,0.0,0.0,2.0,7,2,8
169696,16,10,1,0,8,3,4,1,0,1,2,39,2,2,0.0,0.0,0.0,0.0,0.0,3.0,17,2,11
32260,15,2,1,0,2,3,0,1,1,1,1,5,2,2,0.0,0.0,0.0,0.0,0.0,5.0,21,4,3
75267,4,2,0,7,2,3,0,5,0,1,2,8,2,3,1.0,0.0,0.0,1.0,0.0,1.0,20,2,6
121283,16,2,3,17,6,3,0,1,0,1,2,26,2,2,0.0,0.0,0.0,0.0,0.0,4.0,12,2,9
4483,16,2,3,17,3,3,0,1,1,1,0,38,2,2,0.0,0.0,0.0,0.0,0.0,2.0,13,5,1
104286,16,2,1,17,8,3,0,1,0,1,2,36,2,4,1.0,0.0,0.0,0.0,1.0,1.0,20,1,8
158463,16,7,3,7,8,3,6,1,1,1,2,39,2,2,0.0,0.0,0.0,0.0,0.0,3.0,12,7,11
74661,16,2,3,17,1,3,0,1,0,1,2,18,2,2,0.0,0.0,0.0,0.0,0.0,3.0,11,7,6
177919,15,2,3,10,2,3,0,1,1,1,1,19,2,2,0.0,0.0,0.0,0.0,0.0,3.0,12,4,12
141841,16,2,3,15,10,3,0,5,1,1,1,22,2,2,0.0,0.0,0.0,0.0,0.0,2.0,10,3,10
101114,15,2,3,0,6,3,6,1,0,1,2,36,2,2,0.0,0.0,0.0,0.0,0.0,2.0,13,4,7
181510,16,2,3,10,8,3,0,1,0,1,1,19,2,2,0.0,0.0,0.0,0.0,0.0,3.0,11,3,12
7571,15,2,1,0,8,3,0,1,1,1,2,5,2,2,0.0,0.0,0.0,0.0,0.0,2.0,23,7,1
179919,16,7,0,9,6,3,6,1,0,1,2,36,2,3,1.0,0.0,0.0,1.0,0.0,1.0,21,4,12
165169,4,11,1,11,15,3,5,5,1,1,2,36,2,2,0.0,0.0,0.0,0.0,0.0,2.0,13,6,11
100635,4,2,3,17,6,3,0,1,0,1,2,36,2,3,1.0,0.0,0.0,1.0,0.0,1.0,17,3,7
41527,16,2,1,0,8,3,0,1,0,1,2,37,2,2,0.0,0.0,0.0,0.0,0.0,3.0,23,7,3
100892,16,3,3,2,8,3,0,1,0,1,2,36,1,2,0.0,0.0,0.0,0.0,0.0,1.0,6,6,7
4346,15,2,1,15,2,3,0,5,1,1,1,23,2,2,0.0,0.0,0.0,0.0,0.0,2.0,20,5,1
7096,16,10,2,17,8,3,4,2,1,1,2,39,2,2,0.0,0.0,0.0,0.0,0.0,2.0,7,2,1
113048,16,2,2,15,10,3,0,5,0,1,2,22,2,3,1.0,0.0,0.0,1.0,0.0,1.0,17,6,8
55607,16,2,1,17,8,3,0,1,0,1,2,18,2,3,2.0,0.0,0.0,2.0,0.0,1.0,20,2,4
121024,16,2,3,10,6,3,0,1,1,1,2,36,2,2,0.0,0.0,0.0,0.0,0.0,2.0,14,1,9
4108,16,7,3,0,10,3,6,1,0,1,2,6,2,3,1.0,0.0,0.0,1.0,0.0,2.0,12,5,1
115376,16,2,3,17,2,3,0,1,0,1,2,22,2,3,1.0,0.0,0.0,1.0,0.0,2.0,19,1,8
32535,16,2,1,4,2,3,0,3,0,1,0,26,1,3,1.0,0.0,0.0,1.0,0.0,1.0,22,7,3
82755,15,2,3,10,8,3,0,1,1,1,1,17,2,2,0.0,0.0,0.0,0.0,0.0,2.0,13,6,6
50159,16,2,3,10,6,3,0,1,0,1,2,8,3,4,2.0,0.0,0.0,0.0,2.0,2.0,15,3,4
144951,15,2,3,0,15,3,0,1,0,1,2,36,2,4,1.0,0.0,0.0,0.0,1.0,2.0,9,4,10
171700,15,10,1,0,8,3,4,1,1,1,1,36,2,2,0.0,0.0,0.0,0.0,0.0,2.0,17,6,11
4335,15,2,2,9,6,3,0,1,0,1,1,18,2,3,1.0,0.0,0.0,1.0,0.0,1.0,19,5,1
155818,15,2,0,17,8,3,0,5,0,1,2,18,2,2,0.0,0.0,0.0,0.0,0.0,2.0,18,5,11
104959,15,2,1,0,6,3,0,1,0,1,2,5,2,3,1.0,0.0,0.0,1.0,0.0,1.0,22,4,8
166627,15,7,3,10,13,3,6,1,1,1,0,19,2,2,0.0,0.0,0.0,0.0,0.0,2.0,6,4,11
87295,16,2,3,10,8,3,0,1,1,1,1,17,2,2,0.0,0.0,0.0,0.0,0.0,2.0,13,7,6
9173,15,2,3,0,8,3,0,1,1,1,2,36,2,2,0.0,0.0,0.0,0.0,0.0,3.0,14,6,1
175904,16,2,0,10,3,3,5,5,1,0,2,19,2,2,0.0,0.0,0.0,0.0,0.0,2.0,4,7,12
24444,16,2,0,10,8,3,0,1,1,1,2,19,2,2,0.0,0.0,0.0,0.0,0.0,2.0,23,3,2
89588,16,2,3,17,8,3,0,1,0,1,2,8,2,2,0.0,0.0,0.0,0.0,0.0,2.0,10,7,7
126132,15,2,1,0,2,3,0,1,1,1,2,23,2,2,0.0,0.0,0.0,0.0,0.0,2.0,6,3,9
76224,15,2,3,17,13,3,0,1,1,1,2,18,2,2,0.0,0.0,0.0,0.0,0.0,2.0,6,3,6
52588,16,2,3,10,8,3,0,1,0,1,2,19,2,3,1.0,0.0,0.0,1.0,0.0,1.0,17,3,4
46560,16,2,1,10,2,3,0,1,1,1,2,19,2,2,0.0,0.0,0.0,0.0,0.0,2.0,21,1,4
58020,15,2,3,0,8,3,0,1,1,1,2,36,2,2,0.0,0.0,0.0,0.0,0.0,2.0,18,7,5
163738,15,10,3,0,8,3,4,1,1,1,2,39,2,2,0.0,0.0,0.0,0.0,0.0,3.0,10,5,11
7018,15,10,3,0,6,3,1,1,1,1,2,28,2,2,0.0,0.0,0.0,0.0,0.0,2.0,8,3,1
110995,16,2,3,17,8,3,0,1,1,1,2,24,2,2,0.0,0.0,0.0,0.0,0.0,2.0,13,4,8
174316,16,2,1,8,8,3,6,1,1,1,0,18,2,2,0.0,0.0,0.0,0.0,0.0,2.0,20,2,12
66912,15,2,3,17,15,3,0,1,1,1,2,3,2,2,0.0,0.0,0.0,0.0,0.0,2.0,13,2,5
37504,16,2,3,17,6,3,0,1,1,1,2,36,2,2,0.0,0.0,0.0,0.0,0.0,2.0,12,2,3
9512,4,2,4,17,8,3,0,1,0,1,2,36,2,2,0.0,0.0,0.0,0.0,0.0,2.0,16,6,1
127511,16,2,3,0,6,3,0,1,0,1,2,36,2,2,0.0,0.0,0.0,0.0,0.0,2.0,17,2,9
181188,16,2,3,10,10,3,0,1,1,1,1,8,2,2,0.0,0.0,0.0,0.0,0.0,2.0,7,7,12
56231,16,2,3,17,8,3,0,1,1,1,0,36,2,2,0.0,0.0,0.0,0.0,0.0,2.0,11,6,5
46529,16,2,3,15,6,3,0,1,1,1,2,19,2,2,0.0,0.0,0.0,0.0,0.0,5.0,13,1,4
29770,4,2,3,10,2,3,6,1,0,1,2,19,2,2,0.0,0.0,0.0,0.0,0.0,2.0,7,4,3
138915,16,2,1,15,2,3,0,5,1,1,0,19,2,2,0.0,0.0,0.0,0.0,0.0,3.0,23,4,10
102551,15,2,3,0,6,3,0,1,1,1,2,18,2,2,0.0,0.0,0.0,0.0,0.0,4.0,18,4,7
70037,16,2,3,10,6,3,0,1,0,1,1,19,2,4,1.0,0.0,0.0,0.0,1.0,1.0,15,1,5
175090,15,2,1,0,11,3,0,4,0,1,2,36,2,2,0.0,0.0,0.0,0.0,0.0,2.0,17,6,12
92579,16,2,1,17,8,3,0,1,0,1,2,17,2,2,0.0,0.0,0.0,0.0,0.0,2.0,22,4,7
31119,4,2,3,17,2,3,0,1,1,1,1,24,2,2,0.0,0.0,0.0,0.0,0.0,2.0,8,5,3
40657,16,2,3,17,8,3,0,1,0,1,2,18,2,3,1.0,0.0,0.0,1.0,0.0,1.0,11,4,3
79559,15,2,3,17,8,3,0,1,0,1,2,22,2,2,0.0,0.0,0.0,0.0,0.0,2.0,17,2,6
55789,16,2,1,17,8,3,0,1,0,1,2,18,2,2,0.0,0.0,0.0,0.0,0.0,2.0,22,6,4
76496,4,2,4,9,0,3,0,1,0,1,0,18,2,3,1.0,0.0,0.0,1.0,0.0,1.0,19,1,6
57949,15,2,3,0,8,3,0,5,1,1,2,36,2,2,0.0,0.0,0.0,0.0,0.0,2.0,15,6,5
24042,16,7,1,9,8,3,6,5,0,1,1,36,2,3,1.0,0.0,0.0,1.0,0.0,1.0,18,3,2
136022,16,2,2,17,3,3,0,1,1,1,1,18,2,2,0.0,0.0,0.0,0.0,0.0,3.0,6,6,9
8850,16,2,0,17,8,3,0,1,1,1,2,36,2,2,0.0,0.0,0.0,0.0,0.0,2.0,21,7,1
166362,16,2,1,0,1,3,0,1,0,1,2,18,2,3,2.0,0.0,0.0,1.0,1.0,0.0,5,1,11
47286,15,3,3,13,6,3,0,1,1,1,2,18,2,2,0.0,0.0,0.0,0.0,0.0,2.0,15,1,4
7097,16,2,1,10,2,3,6,5,1,1,1,36,2,2,0.0,0.0,0.0,0.0,0.0,2.0,19,2,1
54453,4,2,1,10,3,3,6,1,1,1,0,36,2,2,0.0,0.0,0.0,0.0,0.0,2.0,2,7,4
171188,16,2,3,15,2,3,0,1,1,1,2,23,2,2,0.0,0.0,0.0,0.0,0.0,3.0,9,4,11
160530,17,2,3,17,8,3,5,5,1,1,2,36,2,2,0.0,0.0,0.0,0.0,0.0,2.0,9,2,11
5567,16,10,4,10,2,3,4,1,0,1,1,39,2,3,1.0,0.0,0.0,1.0,0.0,1.0,14,7,1
164031,16,10,3,17,8,3,4,1,1,1,1,13,2,2,0.0,0.0,0.0,0.0,0.0,2.0,9,3,11
132692,16,2,3,14,8,3,0,1,1,0,2,24,2,2,0.0,0.0,0.0,0.0,0.0,2.0,16,3,9
166448,16,3,3,17,2,3,0,1,1,1,1,12,2,2,0.0,0.0,0.0,0.0,0.0,2.0,10,3,11
25469,16,2,3,10,6,3,0,1,1,1,2,36,2,2,0.0,0.0,0.0,0.0,0.0,2.0,16,3,2
35262,15,2,3,0,6,3,0,1,0,1,2,5,2,2,0.0,0.0,0.0,0.0,0.0,2.0,16,6,3
64544,16,2,3,17,3,3,0,1,0,1,2,24,2,2,0.0,0.0,0.0,0.0,0.0,2.0,12,6,5
131065,16,2,3,0,8,3,0,1,1,1,1,26,2,2,0.0,0.0,0.0,0.0,0.0,2.0,14,3,9
174939,15,2,3,0,8,3,0,1,0,1,2,18,2,2,0.0,0.0,0.0,0.0,0.0,2.0,15,4,12
117362,16,7,3,10,8,3,6,1,1,1,2,36,2,2,0.0,0.0,0.0,0.0,0.0,2.0,18,2,8
99077,15,2,3,0,6,3,0,1,1,1,0,18,2,2,0.0,0.0,0.0,0.0,0.0,4.0,11,6,7
165181,15,2,3,0,8,3,0,1,1,1,2,18,2,2,0.0,0.0,0.0,0.0,0.0,2.0,15,6,11
146028,16,2,1,0,6,4,0,1,0,1,2,6,3,0,4.0,1.0,1.0,0.0,2.0,1.0,22,5,10
83426,15,2,3,0,15,3,0,1,1,1,1,18,2,2,0.0,0.0,0.0,0.0,0.0,3.0,8,3,6
44213,15,2,3,0,2,3,0,1,1,1,0,18,2,2,0.0,0.0,0.0,0.0,0.0,2.0,16,6,4
30156,15,2,3,17,8,3,5,5,1,1,2,18,2,2,0.0,0.0,0.0,0.0,0.0,5.0,15,3,3
86477,15,7,1,0,11,3,6,5,0,1,2,36,2,3,1.0,0.0,0.0,1.0,0.0,1.0,2,2,6
100752,15,2,3,10,8,3,0,1,1,1,2,36,3,2,0.0,0.0,0.0,0.0,0.0,3.0,14,4,7
110342,16,2,1,15,6,3,0,1,1,1,2,22,2,2,0.0,0.0,0.0,0.0,0.0,7.0,21,2,8
126951,15,3,3,0,8,3,0,1,1,1,2,36,2,2,0.0,0.0,0.0,0.0,0.0,2.0,13,2,9
24010,4,7,4,0,8,3,6,5,0,1,2,18,2,2,0.0,0.0,0.0,0.0,0.0,2.0,16,3,2
47008,16,2,1,11,6,3,0,5,0,1,2,37,3,4,1.0,0.0,0.0,0.0,1.0,2.0,20,3,4
122590,16,2,3,17,2,3,0,1,1,1,2,18,2,2,0.0,0.0,0.0,0.0,0.0,3.0,7,1,9
29073,16,2,1,9,6,3,0,1,0,1,0,36,2,3,1.0,0.0,0.0,1.0,0.0,1.0,22,5,3
128,4,2,0,17,2,3,6,1,0,1,2,15,2,4,3.0,0.0,0.0,0.0,3.0,0.0,16,3,1
51264,15,2,3,17,2,3,0,1,0,1,2,18,2,3,1.0,0.0,0.0,1.0,0.0,1.0,14,7,4
11627,16,2,3,17,6,3,6,5,0,1,2,36,2,1,1.0,0.0,1.0,0.0,0.0,2.0,6,6,1
60136,16,2,3,17,15,3,0,1,1,1,1,36,2,2,0.0,0.0,0.0,0.0,0.0,2.0,15,5,5
59336,16,2,1,17,6,3,0,1,1,1,2,36,2,2,0.0,0.0,0.0,0.0,0.0,2.0,22,7,5
68091,15,2,3,17,6,3,0,1,1,1,2,23,2,2,0.0,0.0,0.0,0.0,0.0,3.0,11,6,5
93722,16,3,3,10,6,3,5,1,1,1,1,19,2,2,0.0,0.0,0.0,0.0,0.0,2.0,17,2,7
156619,4,2,3,11,8,3,0,1,1,1,1,21,2,2,0.0,0.0,0.0,0.0,0.0,2.0,15,3,11
35515,15,2,3,0,15,3,0,1,1,1,2,36,2,2,0.0,0.0,0.0,0.0,0.0,2.0,10,2,3
39534,16,7,1,0,6,3,6,1,0,1,2,6,2,2,0.0,0.0,0.0,0.0,0.0,3.0,22,5,3
132807,15,2,3,0,8,3,0,1,1,1,1,36,2,2,0.0,0.0,0.0,0.0,0.0,2.0,16,5,9
128703,16,2,3,0,6,3,0,1,0,1,2,6,2,2,0.0,0.0,0.0,0.0,0.0,2.0,17,5,9
110033,15,2,1,10,6,3,0,1,1,1,2,28,2,2,0.0,0.0,0.0,0.0,0.0,6.0,0,2,8
33238,4,11,5,8,6,3,5,5,0,1,2,19,2,3,1.0,0.0,0.0,1.0,0.0,1.0,15,7,3
73306,15,2,3,10,8,3,0,1,1,1,2,21,2,2,0.0,0.0,0.0,0.0,0.0,2.0,17,2,6
154724,16,2,1,9,8,3,0,1,0,1,0,17,2,3,1.0,0.0,0.0,1.0,0.0,1.0,18,6,10
125450,16,2,1,3,2,3,0,1,0,1,2,11,2,3,1.0,0.0,0.0,1.0,0.0,1.0,0,2,9
56581,16,2,2,17,8,3,0,1,1,1,1,18,2,2,0.0,0.0,0.0,0.0,0.0,2.0,13,5,5
121798,16,7,2,17,3,3,6,1,0,1,2,36,2,3,2.0,0.0,0.0,2.0,0.0,0.0,7,3,9
78565,16,2,3,10,2,3,0,1,1,1,1,8,2,2,0.0,0.0,0.0,0.0,0.0,2.0,11,2,6
14763,16,2,3,0,2,3,0,1,0,1,2,18,3,4,1.0,0.0,0.0,0.0,1.0,2.0,11,5,1
50861,16,2,3,17,8,3,0,1,1,1,1,18,2,2,0.0,0.0,0.0,0.0,0.0,4.0,15,7,4
58875,16,7,2,17,6,3,6,1,1,1,2,35,2,2,0.0,0.0,0.0,0.0,0.0,3.0,6,7,5
102470,16,2,3,0,8,3,6,1,1,1,1,3,2,2,0.0,0.0,0.0,0.0,0.0,2.0,13,2,7
65520,16,2,3,17,6,3,0,1,1,1,2,18,2,2,0.0,0.0,0.0,0.0,0.0,3.0,14,1,5
150192,16,2,3,17,6,3,0,5,0,1,2,36,2,4,1.0,0.0,0.0,0.0,1.0,1.0,13,1,10
153322,15,2,0,0,6,3,0,1,0,1,2,36,2,2,0.0,0.0,0.0,0.0,0.0,6.0,18,1,10
180112,15,2,4,9,10,3,4,1,1,1,0,26,2,2,0.0,0.0,0.0,0.0,0.0,2.0,18,5,12
34304,16,2,3,0,8,3,0,5,1,1,2,36,2,2,0.0,0.0,0.0,0.0,0.0,2.0,14,2,3
183342,16,2,4,17,6,3,0,1,0,1,2,18,3,1,1.0,0.0,1.0,0.0,0.0,4.0,16,2,12
169045,16,2,1,14,8,3,0,1,0,1,2,28,2,2,0.0,0.0,0.0,0.0,0.0,4.0,22,6,11
77066,16,2,3,0,8,3,0,1,0,1,2,6,2,3,1.0,0.0,0.0,1.0,0.0,1.0,8,2,6
127616,16,2,1,17,8,3,0,1,0,1,2,18,2,3,1.0,0.0,0.0,1.0,0.0,1.0,4,4,9
53685,16,2,3,17,5,3,0,1,0,1,2,35,2,3,1.0,0.0,0.0,1.0,0.0,1.0,17,1,4
48162,16,7,1,8,2,3,6,1,1,1,0,36,2,2,0.0,0.0,0.0,0.0,0.0,2.0,0,7,4
20771,15,10,1,0,8,3,4,1,1,1,1,18,2,2,0.0,0.0,0.0,0.0,0.0,6.0,18,5,2
165900,16,7,3,0,8,3,6,1,0,1,2,26,2,1,1.0,0.0,1.0,0.0,0.0,3.0,11,2,11
105974,16,2,3,17,15,3,0,1,1,1,1,36,2,2,0.0,0.0,0.0,0.0,0.0,2.0,7,5,8
165708,15,2,1,17,6,3,6,1,1,1,1,26,2,2,0.0,0.0,0.0,0.0,0.0,2.0,17,6,11
35648,15,2,1,17,8,3,0,1,1,1,2,18,2,2,0.0,0.0,0.0,0.0,0.0,5.0,20,4,3
177661,15,2,3,9,6,3,5,5,0,1,2,17,2,3,2.0,0.0,0.0,2.0,0.0,0.0,8,3,12
105037,15,2,3,10,2,3,0,5,1,1,2,36,2,2,0.0,0.0,0.0,0.0,0.0,3.0,12,6,8
109524,16,2,3,0,8,3,0,1,0,1,2,36,2,2,0.0,0.0,0.0,0.0,0.0,2.0,11,3,8
57359,15,2,3,7,8,3,0,1,1,1,1,24,2,2,0.0,0.0,0.0,0.0,0.0,1.0,18,4,5
56880,4,2,3,17,8,4,0,1,0,0,2,18,2,2,0.0,0.0,0.0,0.0,0.0,2.0,9,3,5
181263,4,7,3,17,15,3,6,1,1,1,2,36,2,2,0.0,0.0,0.0,0.0,0.0,2.0,8,2,12
168914,15,2,4,0,6,3,0,1,0,1,1,38,2,4,1.0,0.0,0.0,0.0,1.0,2.0,16,4,11
77472,4,2,3,10,2,3,0,1,1,0,2,36,2,2,0.0,0.0,0.0,0.0,0.0,2.0,14,1,6
104322,15,3,3,0,6,3,5,5,1,1,1,36,2,2,0.0,0.0,0.0,0.0,0.0,2.0,13,2,8
159432,16,2,0,0,6,3,0,1,0,1,2,6,2,3,2.0,0.0,0.0,2.0,0.0,3.0,23,7,11
48541,16,2,4,17,17,3,0,6,1,1,1,22,2,2,0.0,0.0,0.0,0.0,0.0,2.0,18,6,4
93111,4,2,3,14,8,3,0,1,0,0,2,36,2,2,0.0,0.0,0.0,0.0,0.0,2.0,8,5,7
55146,4,2,3,10,8,3,0,1,0,1,2,36,2,4,1.0,0.0,0.0,0.0,1.0,2.0,17,2,4
1357,4,7,3,17,2,3,6,1,1,1,2,24,2,2,0.0,0.0,0.0,0.0,0.0,2.0,8,3,1
158734,15,7,3,17,8,3,6,1,0,1,2,39,2,1,1.0,0.0,1.0,0.0,0.0,1.0,7,3,11
151155,16,2,1,9,8,3,0,1,0,1,2,18,2,3,1.0,0.0,0.0,1.0,0.0,1.0,21,5,10
2568,16,7,0,17,8,3,0,1,1,1,0,23,2,2,0.0,0.0,0.0,0.0,0.0,5.0,16,2,1
95934,16,2,1,17,6,3,0,1,0,1,2,18,3,3,1.0,0.0,0.0,1.0,0.0,1.0,0,1,7
27652,16,7,0,17,8,3,6,1,1,1,1,36,2,2,0.0,0.0,0.0,0.0,0.0,2.0,17,3,2
126633,16,2,3,9,2,3,0,1,0,1,0,18,2,3,1.0,0.0,0.0,1.0,0.0,1.0,6,3,9
24905,15,2,3,0,2,3,0,1,1,1,1,36,2,2,0.0,0.0,0.0,0.0,0.0,2.0,16,6,2
56274,16,2,1,8,10,3,0,1,1,1,1,18,2,2,0.0,0.0,0.0,0.0,0.0,2.0,20,7,5
71239,16,2,3,15,2,3,0,1,1,1,2,36,2,2,0.0,0.0,0.0,0.0,0.0,2.0,16,5,5
14019,15,2,3,17,8,3,5,5,0,1,2,36,2,2,0.0,0.0,0.0,0.0,0.0,2.0,14,7,1
170715,16,2,3,15,2,3,0,1,1,1,0,22,2,2,0.0,0.0,0.0,0.0,0.0,3.0,14,4,11
69237,15,2,3,0,10,3,0,1,0,1,2,38,2,2,0.0,0.0,0.0,0.0,0.0,2.0,15,1,5
5551,17,10,3,10,2,3,6,1,1,1,1,19,2,2,0.0,0.0,0.0,0.0,0.0,4.0,13,7,1
136546,16,2,3,15,8,3,0,1,1,1,0,12,2,2,0.0,0.0,0.0,0.0,0.0,3.0,17,6,9
134502,16,2,1,3,8,3,0,1,1,1,2,36,2,2,0.0,0.0,0.0,0.0,0.0,3.0,19,7,9
41644,16,7,3,0,6,3,6,1,0,1,2,6,2,2,0.0,0.0,0.0,0.0,0.0,2.0,16,4,3
18015,17,11,5,10,1,3,5,5,1,1,2,36,2,2,0.0,0.0,0.0,0.0,0.0,5.0,7,6,2
164656,16,2,1,10,6,3,0,1,1,1,1,18,2,2,0.0,0.0,0.0,0.0,0.0,5.0,23,5,11
61922,16,7,3,17,6,3,6,1,0,1,2,17,3,3,4.0,0.0,0.0,4.0,0.0,0.0,14,6,5
97671,16,7,3,2,2,4,6,1,1,1,1,39,1,2,0.0,0.0,0.0,0.0,0.0,1.0,7,5,7
122689,16,2,3,10,6,3,0,5,1,1,2,26,2,2,0.0,0.0,0.0,0.0,0.0,3.0,17,4,9
166119,16,2,3,8,8,3,0,1,0,1,2,26,2,3,1.0,0.0,0.0,1.0,0.0,2.0,6,3,11
147989,4,2,3,10,15,3,0,1,1,1,2,19,2,2,0.0,0.0,0.0,0.0,0.0,3.0,12,6,10
48203,16,7,3,17,2,3,6,1,0,1,2,24,3,2,0.0,0.0,0.0,0.0,0.0,3.0,6,1,4
108150,15,2,3,0,15,3,0,1,0,1,2,18,3,2,0.0,0.0,0.0,0.0,0.0,2.0,15,5,8
99536,15,2,3,0,6,3,0,1,0,1,2,5,2,2,0.0,0.0,0.0,0.0,0.0,3.0,15,7,7
111280,16,7,3,17,2,3,6,1,1,1,2,36,3,2,0.0,0.0,0.0,0.0,0.0,3.0,14,2,8
22697,15,7,3,0,8,3,6,1,0,1,2,39,2,2,0.0,0.0,0.0,0.0,0.0,3.0,14,2,2
60334,16,2,3,15,2,3,0,1,1,1,2,36,2,2,0.0,0.0,0.0,0.0,0.0,3.0,15,2,5
96968,16,2,3,10,2,3,0,5,1,1,0,36,2,2,0.0,0.0,0.0,0.0,0.0,3.0,13,3,7
152636,16,2,3,15,6,3,0,1,1,1,2,36,2,2,0.0,0.0,0.0,0.0,0.0,3.0,15,5,10
67104,15,7,3,10,8,3,6,1,1,1,0,18,2,2,0.0,0.0,0.0,0.0,0.0,3.0,11,3,5
63577,15,2,3,9,6,3,0,1,0,1,0,18,2,1,1.0,0.0,1.0,0.0,0.0,1.0,10,4,5
116387,15,2,3,17,6,3,6,1,1,1,2,18,2,2,0.0,0.0,0.0,0.0,0.0,2.0,10,2,8
7822,16,2,1,11,6,3,0,1,1,1,0,21,2,2,0.0,0.0,0.0,0.0,0.0,5.0,17,7,1
59050,4,2,3,0,8,3,0,1,1,1,2,18,2,2,0.0,0.0,0.0,0.0,0.0,2.0,17,2,5
22005,15,7,3,0,6,3,6,5,1,1,2,36,2,2,0.0,0.0,0.0,0.0,0.0,2.0,12,4,2
128113,15,2,3,0,18,3,0,1,0,1,2,36,2,2,0.0,0.0,0.0,0.0,0.0,2.0,15,4,9
83748,16,2,3,17,2,3,0,1,0,1,2,24,2,2,0.0,0.0,0.0,0.0,0.0,2.0,18,7,6
158696,4,2,1,10,2,3,0,1,0,1,1,19,2,2,0.0,0.0,0.0,0.0,0.0,2.0,0,2,11
16301,16,2,1,17,6,3,0,1,0,1,2,18,2,2,0.0,0.0,0.0,0.0,0.0,2.0,18,6,2
128090,16,2,3,10,2,3,0,1,1,1,1,36,2,2,0.0,0.0,0.0,0.0,0.0,2.0,12,3,9
169414,16,2,3,0,8,3,0,1,0,1,2,6,2,4,1.0,0.0,0.0,0.0,1.0,2.0,15,5,11
148442,15,2,3,0,8,3,0,1,0,1,2,5,2,3,1.0,0.0,0.0,1.0,0.0,1.0,12,4,10
38503,16,2,3,0,8,3,0,1,1,1,2,36,2,2,0.0,0.0,0.0,0.0,0.0,2.0,17,6,3