crash_date,               traffic_control_device,weather_condition,lighting_condition,first_crash_type,trafficway_type,alignment,roadway_surface_cond,road_defect,crash_type,intersection_related_i,damage,prim_contributory_cause,num_units,most_severe_injury,injuries_total,injuries_fatal,injuries_incapacitating,injuries_non_incapacitating,injuries_reported_not_evident,injuries_no_indication,crash_hour,crash_day_of_week,crash_month
26137,16,2,4,17,6,3,0,1,0,1,2,18,2,2,0.0,0.0,0.0,0.0,0.0,2.0,17,7,2
50392,17,2,3,11,2,3,0,5,0,1,2,19,2,4,2.0,0.0,0.0,0.0,2.0,1.0,14,6,4
159986,16,2,1,10,8,3,0,1,0,1,2,28,4,3,2.0,0.0,0.0,2.0,0.0,5.0,0,1,11
142731,16,2,1,15,11,0,0,1,1,1,1,24,2,2,0.0,0.0,0.0,0.0,0.0,4.0,20,7,10
121390,4,2,3,10,8,3,0,1,0,1,2,36,2,2,0.0,0.0,0.0,0.0,0.0,2.0,7,5,9
80945,15,2,3,17,2,3,0,1,1,1,2,24,2,2,0.0,0.0,0.0,0.0,0.0,3.0,15,1,6
181113,16,2,1,17,8,3,6,1,1,1,1,18,2,2,0.0,0.0,0.0,0.0,0.0,2.0,19,6,12
156066,15,2,3,10,6,3,0,1,0,1,2,18,2,3,1.0,0.0,0.0,1.0,0.0,2.0,15,3,11
15780,16,2,3,10,8,3,6,1,1,1,0,36,2,2,0.0,0.0,0.0,0.0,0.0,5.0,15,3,2
107167,16,2,1,10,6,3,0,1,1,1,1,36,2,2,0.0,0.0,0.0,0.0,0.0,2.0,0,3,8
183805,17,11,5,15,19,3,5,5,1,0,0,22,2,2,0.0,0.0,0.0,0.0,0.0,2.0,20,7,12
166838,16,2,1,0,6,3,0,1,0,1,2,36,2,3,2.0,0.0,0.0,2.0,0.0,0.0,21,1,11
63196,16,2,1,10,8,3,0,1,1,1,1,21,2,2,0.0,0.0,0.0,0.0,0.0,3.0,20,3,5
78338,16,2,3,17,8,3,0,1,0,1,2,18,2,2,0.0,0.0,0.0,0.0,0.0,2.0,19,5,6
11151,16,10,3,0,6,3,4,1,0,1,2,36,2,2,0.0,0.0,0.0,0.0,0.0,2.0,13,5,1
100781,15,2,3,7,8,3,5,5,1,0,2,24,2,2,0.0,0.0,0.0,0.0,0.0,1.0,11,4,7
113944,16,2,1,0,15,3,0,1,1,1,2,6,2,2,0.0,0.0,0.0,0.0,0.0,2.0,21,7,8
179504,4,2,3,17,8,3,0,1,0,1,2,26,2,2,0.0,0.0,0.0,0.0,0.0,2.0,13,5,12
29180,4,2,3,17,10,3,0,1,1,1,1,24,2,2,0.0,0.0,0.0,0.0,0.0,2.0,9,6,3
93255,16,7,3,17,8,3,6,1,1,1,2,24,2,2,0.0,0.0,0.0,0.0,0.0,2.0,10,1,7
133120,15,2,3,0,3,3,0,1,0,1,1,36,2,2,0.0,0.0,0.0,0.0,0.0,2.0,15,1,9
57842,16,2,3,8,8,3,0,1,0,1,0,35,2,3,1.0,0.0,0.0,1.0,0.0,2.0,10,5,5
134279,16,2,1,17,8,3,0,1,1,1,2,36,2,2,0.0,0.0,0.0,0.0,0.0,2.0,20,3,9
28434,16,2,3,0,8,3,0,1,0,1,2,17,2,2,0.0,0.0,0.0,0.0,0.0,3.0,14,1,3
120291,16,2,3,17,2,3,0,1,1,1,1,23,2,2,0.0,0.0,0.0,0.0,0.0,2.0,16,4,8
186912,15,2,3,17,8,3,0,1,1,1,1,36,2,2,0.0,0.0,0.0,0.0,0.0,2.0,8,4,12
127291,4,2,4,9,3,3,0,1,0,1,0,38,2,3,1.0,0.0,0.0,1.0,0.0,3.0,18,5,9
135323,16,2,3,17,8,3,0,1,1,1,2,24,2,2,0.0,0.0,0.0,0.0,0.0,2.0,12,5,9
95653,16,2,3,9,2,3,0,1,1,1,0,36,2,2,0.0,0.0,0.0,0.0,0.0,2.0,17,3,7
119910,16,3,3,17,6,3,0,1,1,1,2,6,2,2,0.0,0.0,0.0,0.0,0.0,2.0,7,6,8
164478,16,2,3,9,6,3,0,1,0,1,0,18,2,1,1.0,0.0,1.0,0.0,0.0,1.0,14,3,11
129923,16,2,1,0,6,3,0,1,1,1,2,3,2,2,0.0,0.0,0.0,0.0,0.0,2.0,10,7,9
18288,15,10,1,3,10,3,6,1,1,1,2,11,2,2,0.0,0.0,0.0,0.0,0.0,4.0,21,2,2
43681,16,10,3,10,8,3,6,1,1,1,1,19,2,2,0.0,0.0,0.0,0.0,0.0,2.0,6,4,4
122805,4,2,3,5,8,3,0,1,0,1,0,18,3,3,1.0,0.0,0.0,1.0,0.0,1.0,8,3,9
90886,16,2,4,17,8,3,6,3,1,1,1,17,2,2,0.0,0.0,0.0,0.0,0.0,2.0,20,5,7
85463,4,7,1,10,2,3,6,1,1,1,2,28,2,2,0.0,0.0,0.0,0.0,0.0,2.0,1,7,6
131190,16,2,3,9,8,3,0,1,0,1,0,18,2,3,1.0,0.0,0.0,1.0,0.0,1.0,8,5,9
174967,16,2,1,0,2,3,0,1,0,1,1,36,2,2,0.0,0.0,0.0,0.0,0.0,3.0,19,4,12
181562,16,7,3,8,8,3,6,1,0,1,1,3,2,3,1.0,0.0,0.0,1.0,0.0,1.0,9,5,12
82579,15,2,3,14,6,3,0,1,0,1,2,30,5,4,1.0,0.0,0.0,0.0,1.0,1.0,18,5,6
107760,15,2,1,0,8,3,0,5,0,1,2,5,2,2,0.0,0.0,0.0,0.0,0.0,2.0,22,3,8
98689,16,2,1,10,6,3,0,1,1,1,2,36,2,2,0.0,0.0,0.0,0.0,0.0,2.0,21,1,7
154065,16,7,3,9,8,3,6,1,0,1,2,18,2,3,1.0,0.0,0.0,1.0,0.0,1.0,8,3,10
175992,16,2,0,10,8,3,5,5,0,1,2,36,3,2,0.0,0.0,0.0,0.0,0.0,3.0,23,5,12
108154,16,2,3,15,6,3,5,5,1,1,2,36,2,2,0.0,0.0,0.0,0.0,0.0,2.0,16,5,8
186735,16,7,1,10,3,3,6,1,0,1,2,17,3,1,3.0,0.0,1.0,2.0,0.0,2.0,1,2,12
30589,15,3,3,0,8,3,6,1,0,1,2,18,2,3,1.0,0.0,0.0,1.0,0.0,2.0,8,3,3
370,16,2,1,10,6,3,6,1,1,1,2,19,2,2,0.0,0.0,0.0,0.0,0.0,2.0,3,1,1
119573,4,2,3,2,8,3,0,1,1,0,1,38,1,2,0.0,0.0,0.0,0.0,0.0,1.0,9,6,8
184653,17,2,3,0,6,3,0,5,1,1,2,36,3,2,0.0,0.0,0.0,0.0,0.0,3.0,15,1,12
146434,15,2,3,15,8,3,0,1,1,1,2,20,2,2,0.0,0.0,0.0,0.0,0.0,2.0,9,2,10
127484,15,2,1,10,6,3,0,1,1,1,2,36,2,2,0.0,0.0,0.0,0.0,0.0,2.0,0,1,9
84469,4,7,3,17,2,3,6,5,0,1,2,26,3,2,0.0,0.0,0.0,0.0,0.0,3.0,18,5,6
120435,16,2,3,10,6,3,0,1,1,1,2,19,2,2,0.0,0.0,0.0,0.0,0.0,5.0,17,7,8
137035,16,2,3,17,2,3,0,1,1,1,2,36,2,2,0.0,0.0,0.0,0.0,0.0,2.0,7,4,9
27831,16,2,3,17,6,3,0,1,0,1,2,36,2,2,0.0,0.0,0.0,0.0,0.0,2.0,6,6,2
112448,16,2,3,17,2,3,0,1,1,1,2,22,2,2,0.0,0.0,0.0,0.0,0.0,2.0,7,2,8
18010,15,2,1,13,6,3,0,1,0,1,1,36,2,2,0.0,0.0,0.0,0.0,0.0,2.0,19,6,2
180749,16,2,3,17,2,3,0,1,1,1,2,22,2,2,0.0,0.0,0.0,0.0,0.0,2.0,13,7,12
68741,15,2,3,17,8,3,0,1,1,1,2,36,2,2,0.0,0.0,0.0,0.0,0.0,2.0,12,7,5
141965,16,2,4,17,2,3,0,1,0,1,1,36,2,3,3.0,0.0,0.0,3.0,0.0,1.0,19,6,10
181617,4,2,3,0,2,3,0,1,1,1,1,36,2,2,0.0,0.0,0.0,0.0,0.0,2.0,8,6,12
86169,15,2,3,17,8,3,0,1,0,1,2,18,2,2,0.0,0.0,0.0,0.0,0.0,3.0,17,5,6
82010,16,2,3,17,15,3,0,1,0,1,2,36,2,2,0.0,0.0,0.0,0.0,0.0,2.0,6,4,6
95872,16,2,3,0,8,3,0,1,0,1,2,6,4,4,2.0,0.0,0.0,0.0,2.0,5.0,9,7,7
132775,16,6,3,10,8,3,5,1,1,1,2,36,2,2,0.0,0.0,0.0,0.0,0.0,5.0,8,4,9
134406,16,2,3,0,8,3,0,1,0,1,2,6,2,4,1.0,0.0,0.0,0.0,1.0,2.0,19,6,9
169937,15,2,3,2,8,3,0,1,0,1,2,12,1,2,0.0,0.0,0.0,0.0,0.0,2.0,12,6,11
133161,16,2,1,17,1,3,0,1,0,1,2,24,2,3,4.0,0.0,0.0,4.0,0.0,1.0,22,1,9
5652,16,10,1,10,2,3,4,1,1,1,2,39,3,2,0.0,0.0,0.0,0.0,0.0,3.0,2,1,1
93396,4,2,3,17,2,3,0,1,0,1,2,36,2,2,0.0,0.0,0.0,0.0,0.0,3.0,15,5,7
47493,4,7,3,0,10,3,0,1,1,1,2,18,2,2,0.0,0.0,0.0,0.0,0.0,2.0,9,4,4
103614,17,2,0,7,8,3,0,1,1,1,1,12,2,2,0.0,0.0,0.0,0.0,0.0,2.0,4,6,7
92099,4,2,3,0,8,3,0,1,1,1,1,18,2,2,0.0,0.0,0.0,0.0,0.0,3.0,15,5,7
14143,16,2,1,17,6,3,5,5,0,1,2,24,2,2,0.0,0.0,0.0,0.0,0.0,2.0,17,2,1
19515,16,2,3,15,8,3,0,1,1,1,2,36,2,2,0.0,0.0,0.0,0.0,0.0,2.0,10,5,2
59683,16,2,3,10,8,3,0,1,1,1,1,36,2,2,0.0,0.0,0.0,0.0,0.0,2.0,14,6,5
89041,15,2,1,0,6,3,0,1,1,1,1,36,2,2,0.0,0.0,0.0,0.0,0.0,2.0,21,6,7
70114,16,7,3,17,8,3,6,1,1,1,2,36,2,2,0.0,0.0,0.0,0.0,0.0,2.0,18,3,5
106886,16,2,3,10,2,4,0,1,1,1,2,19,2,2,0.0,0.0,0.0,0.0,0.0,2.0,17,5,8
69987,16,2,3,17,6,3,0,5,0,1,2,24,2,4,1.0,0.0,0.0,0.0,1.0,3.0,17,7,5
35310,16,2,3,15,6,3,0,1,1,1,2,36,2,2,0.0,0.0,0.0,0.0,0.0,2.0,12,6,3
41500,16,2,3,17,8,3,0,1,0,1,2,18,2,3,3.0,0.0,0.0,3.0,0.0,2.0,18,7,3
141436,15,2,3,0,8,3,0,1,0,1,2,5,2,4,1.0,0.0,0.0,0.0,1.0,3.0,16,6,10
119977,15,2,3,0,8,3,0,1,0,1,2,18,3,4,1.0,0.0,0.0,0.0,1.0,3.0,15,5,8
175443,15,2,4,10,2,3,0,1,1,1,1,19,2,2,0.0,0.0,0.0,0.0,0.0,2.0,18,4,12
132376,4,2,4,15,8,3,0,1,1,1,1,22,2,2,0.0,0.0,0.0,0.0,0.0,2.0,18,7,9
18915,15,2,3,10,8,3,6,1,1,1,2,36,2,2,0.0,0.0,0.0,0.0,0.0,3.0,16,1,2
61937,16,7,3,10,6,3,6,1,1,1,0,19,2,2,0.0,0.0,0.0,0.0,0.0,2.0,16,6,5
156400,16,2,3,10,3,3,0,1,0,1,0,18,2,2,0.0,0.0,0.0,0.0,0.0,2.0,11,5,11
55287,16,7,3,17,8,3,6,1,1,1,1,23,2,2,0.0,0.0,0.0,0.0,0.0,2.0,8,5,4
57311,16,7,1,9,2,3,6,5,0,1,0,36,2,3,1.0,0.0,0.0,1.0,0.0,1.0,21,3,5
115590,15,2,3,0,10,3,0,1,1,1,2,38,2,2,0.0,0.0,0.0,0.0,0.0,4.0,15,3,8
147598,4,2,1,2,6,3,0,1,0,1,2,36,1,2,0.0,0.0,0.0,0.0,0.0,1.0,2,6,10
70309,15,2,4,17,6,3,0,1,1,1,1,24,2,2,0.0,0.0,0.0,0.0,0.0,3.0,21,4,5
52698,16,2,1,2,3,3,0,1,0,1,0,36,1,2,0.0,0.0,0.0,0.0,0.0,1.0,4,6,4
114750,17,2,3,15,8,3,0,1,1,1,0,19,2,2,0.0,0.0,0.0,0.0,0.0,2.0,10,4,8
160546,16,2,1,17,8,3,0,1,0,1,2,28,2,2,0.0,0.0,0.0,0.0,0.0,2.0,2,3,11
56758,16,2,1,17,3,3,0,1,0,1,2,18,2,2,0.0,0.0,0.0,0.0,0.0,6.0,20,1,5
166664,15,2,1,10,8,3,0,1,1,1,2,19,2,2,0.0,0.0,0.0,0.0,0.0,3.0,1,6,11
62461,16,2,3,10,15,3,0,5,1,1,0,19,2,2,0.0,0.0,0.0,0.0,0.0,2.0,15,7,5
91877,4,2,3,0,6,3,0,1,1,1,1,36,2,2,0.0,0.0,0.0,0.0,0.0,2.0,7,2,7
10154,15,10,3,0,10,3,4,1,1,1,2,36,2,2,0.0,0.0,0.0,0.0,0.0,2.0,7,2,1
34969,15,2,1,0,8,3,0,1,1,1,2,18,2,2,0.0,0.0,0.0,0.0,0.0,4.0,19,6,3
169204,15,2,3,17,8,3,0,1,1,1,1,36,2,2,0.0,0.0,0.0,0.0,0.0,2.0,12,7,11
79287,16,2,3,15,6,3,0,1,1,1,2,22,2,2,0.0,0.0,0.0,0.0,0.0,2.0,9,6,6
134999,16,2,3,0,2,3,0,1,0,1,2,6,2,4,1.0,0.0,0.0,0.0,1.0,2.0,11,5,9
71875,16,2,1,17,8,3,0,1,0,1,2,17,2,2,0.0,0.0,0.0,0.0,0.0,2.0,21,6,6
30847,16,7,1,2,15,3,6,5,0,1,2,36,1,2,0.0,0.0,0.0,0.0,0.0,1.0,1,2,3
55907,16,7,3,15,2,3,0,1,1,1,2,36,2,2,0.0,0.0,0.0,0.0,0.0,2.0,16,1,4
153047,15,2,3,0,15,3,6,1,0,1,2,18,2,2,0.0,0.0,0.0,0.0,0.0,2.0,10,3,10
162299,16,3,5,17,18,3,5,5,1,1,1,24,2,2,0.0,0.0,0.0,0.0,0.0,3.0,12,7,11
41161,16,2,3,15,3,3,0,1,0,1,2,12,2,2,0.0,0.0,0.0,0.0,0.0,3.0,15,2,3
7927,16,2,3,10,8,3,0,1,1,1,2,12,2,2,0.0,0.0,0.0,0.0,0.0,3.0,17,2,1
134733,16,2,4,15,8,3,0,1,0,1,2,9,2,2,0.0,0.0,0.0,0.0,0.0,3.0,19,4,9
34244,16,2,3,10,2,3,0,1,1,1,2,36,2,2,0.0,0.0,0.0,0.0,0.0,2.0,14,4,3
103962,16,2,3,17,10,3,0,1,1,1,0,19,2,2,0.0,0.0,0.0,0.0,0.0,2.0,17,3,8
84346,16,7,3,8,3,3,6,1,0,1,1,18,2,1,1.0,0.0,1.0,0.0,0.0,1.0,8,2,6
140666,16,2,3,10,8,3,0,1,1,1,1,8,2,2,0.0,0.0,0.0,0.0,0.0,2.0,13,3,10
50923,4,2,3,15,2,3,0,1,1,0,1,23,2,2,0.0,0.0,0.0,0.0,0.0,2.0,13,2,4
132760,15,3,3,0,8,3,6,1,1,1,2,18,2,2,0.0,0.0,0.0,0.0,0.0,5.0,7,4,9
11062,16,2,1,15,2,3,0,5,1,1,2,22,2,2,0.0,0.0,0.0,0.0,0.0,2.0,19,3,1
108429,16,2,3,17,2,3,0,1,1,1,2,26,2,2,0.0,0.0,0.0,0.0,0.0,5.0,16,1,8
137892,15,2,3,0,8,3,0,1,0,0,2,17,2,4,1.0,0.0,0.0,0.0,1.0,1.0,17,6,10
126865,16,2,1,0,6,3,0,1,0,1,2,36,2,2,0.0,0.0,0.0,0.0,0.0,3.0,23,7,9
10204,16,2,3,0,6,3,6,1,1,1,2,6,2,2,0.0,0.0,0.0,0.0,0.0,2.0,17,3,1
78246,16,2,2,17,11,3,0,1,0,1,2,36,3,1,1.0,0.0,1.0,0.0,0.0,2.0,5,4,6
152440,16,2,3,17,2,3,0,1,0,1,2,28,3,2,0.0,0.0,0.0,0.0,0.0,4.0,10,7,10
161218,16,2,3,17,15,3,0,1,0,1,2,18,3,1,1.0,0.0,1.0,0.0,0.0,4.0,13,6,11
121394,16,2,3,10,8,3,0,5,1,1,2,19,2,2,0.0,0.0,0.0,0.0,0.0,2.0,8,5,9
179233,16,2,3,10,6,3,0,1,1,1,1,17,2,2,0.0,0.0,0.0,0.0,0.0,2.0,11,2,12
155827,16,2,3,15,8,3,0,1,0,1,0,23,2,3,1.0,0.0,0.0,1.0,0.0,1.0,7,5,11
92079,16,2,1,17,8,3,0,1,1,1,1,36,2,2,0.0,0.0,0.0,0.0,0.0,2.0,22,3,7
67935,4,2,3,3,10,3,5,5,1,1,1,21,2,2,0.0,0.0,0.0,0.0,0.0,2.0,19,3,5
145907,16,2,0,0,8,3,0,1,0,1,2,6,2,2,0.0,0.0,0.0,0.0,0.0,3.0,22,2,10
54234,16,2,1,10,10,3,0,1,0,1,2,17,2,3,1.0,0.0,0.0,1.0,0.0,3.0,1,3,4
3793,16,2,1,11,10,3,6,1,1,1,1,21,2,2,0.0,0.0,0.0,0.0,0.0,2.0,23,2,1
146339,16,7,3,17,8,3,6,1,1,1,2,23,3,2,0.0,0.0,0.0,0.0,0.0,2.0,11,3,10
45191,15,2,3,0,8,3,0,1,1,1,2,18,2,2,0.0,0.0,0.0,0.0,0.0,2.0,16,5,4
90153,16,2,1,0,6,3,0,1,0,1,2,6,2,2,0.0,0.0,0.0,0.0,0.0,2.0,0,2,7
46001,16,2,3,0,1,3,0,1,0,1,2,6,4,1,4.0,0.0,1.0,2.0,1.0,3.0,17,5,4
169356,15,2,2,0,8,3,5,1,0,1,2,18,2,2,0.0,0.0,0.0,0.0,0.0,2.0,5,4,11
108802,4,2,3,15,8,3,0,1,1,1,1,36,2,2,0.0,0.0,0.0,0.0,0.0,2.0,16,6,8
19219,15,2,1,0,6,3,0,1,0,1,2,18,2,4,2.0,0.0,0.0,0.0,2.0,1.0,0,6,2
163674,16,3,3,10,8,3,6,1,0,1,2,19,3,1,3.0,0.0,3.0,0.0,0.0,2.0,13,5,11
160360,16,10,1,0,8,3,6,1,1,1,2,6,2,2,0.0,0.0,0.0,0.0,0.0,2.0,5,6,11
20880,15,10,3,0,2,3,4,1,0,1,2,39,3,2,0.0,0.0,0.0,0.0,0.0,2.0,9,7,2
118940,16,7,3,15,8,3,6,1,1,1,2,22,2,2,0.0,0.0,0.0,0.0,0.0,2.0,10,4,8
62665,15,7,4,0,8,3,6,1,0,1,2,18,2,3,2.0,0.0,0.0,2.0,0.0,1.0,18,2,5
148247,16,2,1,0,2,3,0,1,0,1,2,6,2,2,0.0,0.0,0.0,0.0,0.0,3.0,1,2,10
179049,16,7,1,9,1,3,6,1,0,1,0,39,2,3,1.0,0.0,0.0,1.0,0.0,1.0,22,5,12
158447,4,2,0,17,8,3,0,1,1,0,2,36,2,2,0.0,0.0,0.0,0.0,0.0,2.0,22,7,11
3982,16,2,3,10,8,3,0,1,1,1,2,19,2,2,0.0,0.0,0.0,0.0,0.0,2.0,6,4,1
143417,16,7,3,17,8,3,6,1,1,1,1,6,2,2,0.0,0.0,0.0,0.0,0.0,4.0,7,4,10
51681,16,2,3,0,8,3,0,1,1,1,1,18,2,2,0.0,0.0,0.0,0.0,0.0,4.0,12,7,4
105767,4,2,3,10,8,3,0,1,1,0,2,19,2,2,0.0,0.0,0.0,0.0,0.0,6.0,16,1,8
160373,15,10,1,10,8,3,6,2,1,1,1,19,2,2,0.0,0.0,0.0,0.0,0.0,4.0,18,6,11
4598,16,7,1,9,8,3,6,1,0,1,1,18,2,3,1.0,0.0,0.0,1.0,0.0,1.0,22,6,1
8802,4,2,3,0,8,3,0,1,0,1,2,5,2,2,0.0,0.0,0.0,0.0,0.0,2.0,12,6,1
104130,16,2,1,15,8,3,0,1,1,1,2,22,2,2,0.0,0.0,0.0,0.0,0.0,3.0,21,5,8
126040,16,2,1,10,2,3,0,6,1,1,0,19,2,2,0.0,0.0,0.0,0.0,0.0,2.0,0,1,9
39375,16,2,1,15,8,3,0,1,0,1,2,18,2,4,1.0,0.0,0.0,0.0,1.0,1.0,6,1,3
111655,16,2,1,17,5,3,5,1,0,1,2,19,2,2,0.0,0.0,0.0,0.0,0.0,5.0,21,7,8
119744,15,2,3,0,6,3,0,1,0,1,2,26,3,4,4.0,0.0,0.0,0.0,4.0,3.0,16,3,8
33583,15,3,3,17,6,3,0,1,1,1,2,18,2,2,0.0,0.0,0.0,0.0,0.0,2.0,15,6,3
20620,16,2,3,10,2,3,6,1,1,1,2,36,2,2,0.0,0.0,0.0,0.0,0.0,2.0,7,3,2
161681,15,2,4,0,8,3,0,1,1,1,2,26,2,2,0.0,0.0,0.0,0.0,0.0,3.0,16,6,11
161763,4,2,1,2,6,3,0,1,1,1,2,36,1,2,0.0,0.0,0.0,0.0,0.0,2.0,22,7,11
143797,16,7,1,17,8,3,6,1,0,1,2,18,2,2,0.0,0.0,0.0,0.0,0.0,2.0,18,3,10
109765,16,2,1,17,8,3,0,1,1,1,2,24,2,2,0.0,0.0,0.0,0.0,0.0,2.0,19,1,8
168782,16,2,3,0,1,3,0,1,0,1,2,3,3,4,6.0,0.0,0.0,0.0,6.0,0.0,7,1,11
121613,16,2,2,17,6,3,0,1,0,1,2,36,2,3,1.0,0.0,0.0,1.0,0.0,1.0,21,2,9
145282,4,7,3,15,1,3,6,5,1,0,1,23,2,2,0.0,0.0,0.0,0.0,0.0,2.0,11,7,10
71016,4,2,3,10,10,3,0,5,1,1,2,21,2,2,0.0,0.0,0.0,0.0,0.0,5.0,12,2,5
149335,4,3,4,9,6,3,6,1,0,1,0,18,2,4,1.0,0.0,0.0,0.0,1.0,1.0,19,2,10
66648,16,2,3,10,6,3,0,1,1,1,1,36,2,2,0.0,0.0,0.0,0.0,0.0,2.0,15,4,5
80141,16,2,3,17,6,3,0,1,0,1,2,36,2,3,3.0,0.0,0.0,1.0,2.0,0.0,6,4,6
90249,16,2,3,17,6,3,6,1,1,1,1,17,2,2,0.0,0.0,0.0,0.0,0.0,3.0,16,4,7
27164,15,2,1,0,3,3,0,1,1,0,2,18,2,2,0.0,0.0,0.0,0.0,0.0,2.0,21,2,2
126064,16,2,1,10,8,3,0,1,1,1,2,19,2,2,0.0,0.0,0.0,0.0,0.0,2.0,5,2,9
154177,15,7,2,10,8,3,6,1,1,1,2,36,2,2,0.0,0.0,0.0,0.0,0.0,2.0,7,6,10
168006,15,2,3,0,6,3,0,1,0,1,2,13,2,3,3.0,0.0,0.0,1.0,2.0,1.0,13,4,11
185091,16,2,3,17,6,3,0,5,1,1,2,36,2,2,0.0,0.0,0.0,0.0,0.0,2.0,16,7,12
133513,16,3,2,15,6,3,0,1,1,1,2,23,2,2,0.0,0.0,0.0,0.0,0.0,2.0,16,2,9
119343,16,2,3,10,6,3,0,1,1,1,2,19,2,2,0.0,0.0,0.0,0.0,0.0,2.0,17,5,8
83739,4,2,3,14,8,3,0,1,1,1,0,36,2,2,0.0,0.0,0.0,0.0,0.0,2.0,17,7,6
116219,15,2,3,17,8,3,0,1,1,1,2,18,2,2,0.0,0.0,0.0,0.0,0.0,2.0,16,6,8
134584,4,2,3,17,8,3,0,1,1,1,2,18,2,2,0.0,0.0,0.0,0.0,0.0,2.0,7,1,9
31051,15,2,3,17,8,3,0,1,1,1,1,18,2,2,0.0,0.0,0.0,0.0,0.0,2.0,7,4,3
145014,16,2,1,17,15,3,0,1,1,1,2,36,2,2,0.0,0.0,0.0,0.0,0.0,2.0,19,5,10
20548,16,2,3,15,3,3,5,5,1,1,2,22,2,2,0.0,0.0,0.0,0.0,0.0,3.0,12,2,2
24457,16,2,3,15,2,3,0,1,1,1,2,22,2,2,0.0,0.0,0.0,0.0,0.0,2.0,16,4,2
122653,16,2,1,17,2,3,0,1,0,1,2,22,2,3,2.0,0.0,0.0,2.0,0.0,1.0,22,2,9
73802,4,2,3,9,15,3,0,1,0,1,2,36,2,3,1.0,0.0,0.0,1.0,0.0,2.0,15,3,6
50470,16,2,1,17,8,3,0,5,1,1,1,19,2,2,0.0,0.0,0.0,0.0,0.0,2.0,22,1,4
126743,15,2,3,0,9,3,0,1,1,1,2,18,2,2,0.0,0.0,0.0,0.0,0.0,2.0,15,5,9
148128,16,2,4,15,10,3,6,1,1,1,2,17,2,2,0.0,0.0,0.0,0.0,0.0,2.0,17,6,10
88544,10,2,3,10,8,3,0,5,1,1,1,19,2,2,0.0,0.0,0.0,0.0,0.0,2.0,18,6,7
1543,16,2,3,0,8,3,0,1,0,1,2,28,3,3,2.0,0.0,0.0,2.0,0.0,2.0,10,5,1
106216,15,2,3,8,10,3,0,1,0,1,0,11,2,3,1.0,0.0,0.0,1.0,0.0,1.0,13,1,8
14844,16,2,1,11,8,3,0,1,1,1,2,21,2,2,0.0,0.0,0.0,0.0,0.0,3.0,23,6,1
125340,16,2,3,17,6,3,0,1,1,1,0,36,2,2,0.0,0.0,0.0,0.0,0.0,2.0,15,7,9
57477,15,2,3,15,8,3,0,1,1,1,1,18,2,2,0.0,0.0,0.0,0.0,0.0,2.0,15,5,5
70182,16,2,3,8,2,3,0,1,0,1,1,36,2,3,1.0,0.0,0.0,1.0,0.0,1.0,15,2,5
187925,15,7,3,3,8,3,6,1,0,1,2,5,3,4,2.0,0.0,0.0,0.0,2.0,3.0,13,6,12
51866,16,2,1,17,6,3,0,1,1,1,2,18,2,2,0.0,0.0,0.0,0.0,0.0,2.0,21,5,4
36255,4,2,3,10,8,3,0,1,1,1,1,19,2,2,0.0,0.0,0.0,0.0,0.0,2.0,8,6,3
143467,16,2,3,0,2,3,0,1,0,1,2,6,2,3,5.0,0.0,0.0,5.0,0.0,0.0,16,5,10
140703,15,2,3,0,6,3,0,1,0,1,2,36,2,2,0.0,0.0,0.0,0.0,0.0,2.0,7,3,10
64153,16,2,3,8,8,3,0,1,1,1,0,36,2,2,0.0,0.0,0.0,0.0,0.0,2.0,18,5,5
31118,4,2,3,9,8,3,0,1,0,1,1,36,2,3,1.0,0.0,0.0,1.0,0.0,1.0,8,5,3
3543,16,2,3,15,8,3,0,1,1,1,2,22,2,2,0.0,0.0,0.0,0.0,0.0,2.0,13,4,1
147516,4,2,3,2,10,3,0,1,1,1,2,24,1,2,0.0,0.0,0.0,0.0,0.0,1.0,11,4,10
83537,4,2,3,17,10,3,0,1,0,1,2,12,2,2,0.0,0.0,0.0,0.0,0.0,5.0,17,5,6
35280,16,2,1,17,6,3,0,1,0,1,2,18,2,3,3.0,0.0,0.0,1.0,2.0,0.0,19,6,3
181019,15,2,3,0,6,3,0,1,0,1,2,18,4,3,2.0,0.0,0.0,2.0,0.0,4.0,16,5,12
27640,16,2,3,0,2,3,0,1,0,1,2,38,2,4,3.0,0.0,0.0,0.0,3.0,0.0,10,1,2
46924,15,2,3,0,8,2,0,1,0,1,2,38,2,2,0.0,0.0,0.0,0.0,0.0,2.0,12,1,4
14308,16,2,3,17,8,3,0,1,1,1,1,36,2,2,0.0,0.0,0.0,0.0,0.0,2.0,13,5,1
187941,16,2,0,17,8,3,0,1,1,1,2,18,2,2,0.0,0.0,0.0,0.0,0.0,2.0,17,6,12
38882,15,2,0,0,8,3,6,1,0,0,2,18,2,4,2.0,0.0,0.0,0.0,2.0,2.0,21,5,3
90163,16,7,1,17,8,4,6,1,0,1,2,19,2,4,4.0,0.0,0.0,0.0,4.0,4.0,2,3,7
43949,16,2,3,0,6,3,0,1,1,1,2,6,2,2,0.0,0.0,0.0,0.0,0.0,2.0,8,2,4
141717,15,2,3,0,11,3,0,1,0,1,2,18,2,3,1.0,0.0,0.0,1.0,0.0,1.0,11,1,10
165795,16,2,3,0,6,4,0,5,0,1,2,26,2,3,1.0,0.0,0.0,1.0,0.0,1.0,7,7,11