crash_date,               traffic_control_device,weather_condition,lighting_condition,first_crash_type,trafficway_type,alignment,roadway_surface_cond,road_defect,crash_type,intersection_related_i,damage,prim_contributory_cause,num_units,most_severe_injury,injuries_total,injuries_fatal,injuries_incapacitating,injuries_non_incapacitating,injuries_reported_not_evident,injuries_no_indication,crash_hour,crash_day_of_week,crash_month
120697,15,2,3,0,8,3,6,1,0,1,2,18,2,2,0.0,0.0,0.0,0.0,0.0,2.0,11,1,9
167008,4,10,3,10,2,3,4,1,0,1,1,16,2,4,1.0,0.0,0.0,0.0,1.0,3.0,15,7,11
971,16,2,3,17,8,3,0,6,1,1,2,18,2,2,0.0,0.0,0.0,0.0,0.0,4.0,13,1,1
52288,16,2,3,17,6,3,0,1,0,1,2,18,2,2,0.0,0.0,0.0,0.0,0.0,2.0,16,6,4
103628,4,2,4,17,8,3,0,1,1,1,0,18,2,2,0.0,0.0,0.0,0.0,0.0,2.0,18,6,7
171212,16,11,3,10,3,3,5,5,1,1,2,19,2,2,0.0,0.0,0.0,0.0,0.0,2.0,14,5,11
35991,17,2,0,10,6,3,0,5,1,1,2,19,2,2,0.0,0.0,0.0,0.0,0.0,2.0,20,3,3
86551,15,2,3,10,8,3,0,1,1,1,1,17,2,2,0.0,0.0,0.0,0.0,0.0,2.0,16,3,6
10941,15,7,0,0,8,3,6,5,0,1,2,36,2,3,1.0,0.0,0.0,1.0,0.0,1.0,1,2,1
184594,15,6,1,2,8,3,6,1,0,1,2,36,2,2,0.0,0.0,0.0,0.0,0.0,1.0,5,6,12
153637,15,7,1,0,6,3,6,1,0,1,2,18,3,4,1.0,0.0,0.0,0.0,1.0,2.0,17,5,10
27966,16,2,3,10,2,3,0,1,1,1,1,36,2,2,0.0,0.0,0.0,0.0,0.0,2.0,11,2,2
82103,16,2,3,17,8,3,0,1,1,1,1,36,2,2,0.0,0.0,0.0,0.0,0.0,2.0,15,4,6
65724,16,3,3,0,6,3,0,1,0,1,2,36,2,2,0.0,0.0,0.0,0.0,0.0,2.0,8,2,5
77471,15,2,4,0,6,3,6,1,0,1,2,18,2,2,0.0,0.0,0.0,0.0,0.0,4.0,14,1,6
175579,4,2,3,17,8,3,0,1,0,1,2,18,2,2,0.0,0.0,0.0,0.0,0.0,2.0,8,6,12
156828,15,2,3,8,8,3,0,1,0,1,1,36,2,3,1.0,0.0,0.0,1.0,0.0,1.0,15,7,11
80149,17,2,3,10,8,3,0,1,1,1,1,19,2,2,0.0,0.0,0.0,0.0,0.0,2.0,7,4,6
36653,17,2,3,15,2,3,0,5,1,1,2,36,2,2,0.0,0.0,0.0,0.0,0.0,4.0,16,2,3
135208,16,2,4,17,6,3,6,1,1,1,2,18,2,2,0.0,0.0,0.0,0.0,0.0,3.0,17,3,9
71299,6,2,3,0,8,3,0,0,1,1,1,18,2,2,0.0,0.0,0.0,0.0,0.0,2.0,10,5,5
123271,15,2,1,0,8,3,0,5,1,1,2,18,2,2,0.0,0.0,0.0,0.0,0.0,2.0,21,5,9
62555,16,2,3,10,8,3,6,1,1,1,2,19,2,2,0.0,0.0,0.0,0.0,0.0,4.0,18,2,5
100385,16,2,3,0,8,3,0,1,1,1,1,18,2,2,0.0,0.0,0.0,0.0,0.0,2.0,11,5,7
178370,16,2,3,17,8,3,0,1,0,1,2,18,3,4,1.0,0.0,0.0,0.0,1.0,2.0,15,4,12
76588,16,7,1,10,3,3,6,5,1,1,2,36,2,2,0.0,0.0,0.0,0.0,0.0,4.0,19,7,6
26341,16,2,4,10,6,3,0,1,1,1,0,8,2,2,0.0,0.0,0.0,0.0,0.0,2.0,17,3,2
31607,15,2,2,0,8,3,0,1,1,1,2,18,2,2,0.0,0.0,0.0,0.0,0.0,2.0,4,1,3
154625,16,10,1,10,10,3,6,1,1,1,2,36,2,2,0.0,0.0,0.0,0.0,0.0,2.0,6,4,10
106778,15,2,0,0,8,3,0,1,0,1,1,18,2,2,0.0,0.0,0.0,0.0,0.0,2.0,19,2,8
89823,16,2,1,0,6,3,0,1,0,1,2,6,2,3,1.0,0.0,0.0,1.0,0.0,2.0,11,5,7
22933,16,2,1,15,10,3,0,1,1,1,1,22,2,2,0.0,0.0,0.0,0.0,0.0,2.0,20,6,2
127416,16,2,3,14,8,3,0,1,1,0,2,36,2,2,0.0,0.0,0.0,0.0,0.0,2.0,11,6,9
2964,4,2,1,0,8,3,0,1,1,0,2,17,2,2,0.0,0.0,0.0,0.0,0.0,2.0,20,7,1
164949,15,2,1,10,2,3,1,1,0,1,2,26,2,2,0.0,0.0,0.0,0.0,0.0,4.0,5,1,11
133677,16,2,2,10,8,3,0,1,1,1,2,36,2,2,0.0,0.0,0.0,0.0,0.0,2.0,6,2,9
168864,15,7,1,13,8,3,6,1,0,1,2,12,2,2,0.0,0.0,0.0,0.0,0.0,2.0,21,3,11
63358,16,2,3,17,6,3,0,1,1,1,2,24,2,2,0.0,0.0,0.0,0.0,0.0,3.0,13,7,5
66303,16,2,3,15,8,3,0,1,1,1,1,23,2,2,0.0,0.0,0.0,0.0,0.0,2.0,15,6,5
28385,15,3,3,0,8,3,0,1,1,1,2,18,2,2,0.0,0.0,0.0,0.0,0.0,2.0,7,6,3
11294,4,10,3,17,2,3,4,1,1,1,2,22,2,2,0.0,0.0,0.0,0.0,0.0,2.0,15,1,1
124978,4,2,3,0,8,3,0,1,0,1,2,5,2,3,4.0,0.0,0.0,4.0,0.0,0.0,5,7,9
127885,4,2,3,9,8,3,0,6,0,0,0,26,2,1,1.0,0.0,1.0,0.0,0.0,1.0,8,6,9
42384,16,2,3,10,8,3,0,1,1,1,1,21,2,2,0.0,0.0,0.0,0.0,0.0,5.0,6,2,4
102411,15,2,1,0,8,3,0,1,0,1,2,18,2,3,1.0,0.0,0.0,1.0,0.0,3.0,0,7,7
158329,16,2,3,10,10,3,0,1,1,1,1,36,2,2,0.0,0.0,0.0,0.0,0.0,3.0,14,6,11
182536,16,2,0,10,8,3,0,1,1,1,0,36,2,2,0.0,0.0,0.0,0.0,0.0,2.0,22,3,12
109305,16,2,1,0,3,3,0,0,0,1,2,13,2,2,0.0,0.0,0.0,0.0,0.0,3.0,0,6,8
120074,15,2,1,0,2,3,6,1,1,1,1,18,2,2,0.0,0.0,0.0,0.0,0.0,2.0,22,6,8
43290,16,2,3,15,8,3,5,5,1,0,2,24,2,2,0.0,0.0,0.0,0.0,0.0,2.0,7,4,4
87115,15,2,3,17,8,3,0,5,1,1,2,24,2,2,0.0,0.0,0.0,0.0,0.0,2.0,16,5,6
101105,16,2,1,10,8,3,0,1,0,1,2,36,2,3,1.0,0.0,0.0,1.0,0.0,1.0,23,3,7
5056,16,2,1,17,8,3,0,1,0,1,2,15,2,2,0.0,0.0,0.0,0.0,0.0,4.0,21,6,1
49229,16,2,3,15,6,3,0,1,1,1,2,22,2,2,0.0,0.0,0.0,0.0,0.0,2.0,12,6,4
22153,15,10,3,17,2,3,6,5,1,1,2,26,2,2,0.0,0.0,0.0,0.0,0.0,2.0,7,6,2
57854,4,2,3,3,8,3,0,5,0,1,2,28,2,3,2.0,0.0,0.0,2.0,0.0,1.0,12,5,5
152060,17,11,5,10,8,3,5,5,1,1,2,36,2,2,0.0,0.0,0.0,0.0,0.0,2.0,13,6,10
70422,4,2,3,10,8,3,0,1,1,1,2,0,2,2,0.0,0.0,0.0,0.0,0.0,4.0,17,7,5
174076,16,2,0,10,10,3,5,5,1,1,2,19,2,2,0.0,0.0,0.0,0.0,0.0,2.0,21,7,12
76928,15,11,5,10,8,3,5,5,1,1,2,19,2,2,0.0,0.0,0.0,0.0,0.0,2.0,8,6,6
7448,4,10,3,17,6,4,4,1,0,1,2,36,2,2,0.0,0.0,0.0,0.0,0.0,3.0,15,2,1
15904,16,11,3,17,19,3,5,1,0,1,1,36,2,4,1.0,0.0,0.0,0.0,1.0,1.0,11,5,2
98078,4,2,0,15,6,3,0,1,1,1,2,17,3,2,0.0,0.0,0.0,0.0,0.0,3.0,0,5,7
75233,15,7,3,10,3,3,6,1,1,1,1,26,2,2,0.0,0.0,0.0,0.0,0.0,3.0,13,2,6
75714,16,2,3,3,6,3,0,1,0,1,2,36,4,3,1.0,0.0,0.0,1.0,0.0,5.0,16,2,6
176256,15,7,2,17,15,3,1,5,0,1,2,18,2,2,0.0,0.0,0.0,0.0,0.0,2.0,7,4,12
167450,15,2,1,0,6,3,0,1,0,1,2,5,3,3,1.0,0.0,0.0,1.0,0.0,2.0,17,3,11
66520,16,2,3,17,6,3,0,1,1,1,1,24,2,2,0.0,0.0,0.0,0.0,0.0,5.0,11,3,5
82609,16,2,3,10,8,3,0,1,1,1,2,19,2,2,0.0,0.0,0.0,0.0,0.0,2.0,11,5,6
160036,16,2,3,9,6,3,0,1,0,1,0,3,2,1,1.0,0.0,1.0,0.0,0.0,1.0,10,2,11
159261,16,2,3,10,10,3,0,1,1,1,0,36,2,2,0.0,0.0,0.0,0.0,0.0,2.0,11,3,11
184307,16,2,1,2,2,3,0,1,0,1,0,26,1,3,1.0,0.0,0.0,1.0,0.0,0.0,21,7,12
13750,16,2,3,7,8,3,0,1,1,1,2,17,2,2,0.0,0.0,0.0,0.0,0.0,1.0,11,1,1
37431,4,2,1,4,8,3,0,1,0,1,1,36,1,3,1.0,0.0,0.0,1.0,0.0,0.0,20,1,3
123443,16,2,3,17,8,3,0,1,0,1,1,17,2,3,1.0,0.0,0.0,1.0,0.0,1.0,16,6,9
19719,15,10,1,2,2,3,4,3,1,1,1,36,1,2,0.0,0.0,0.0,0.0,0.0,1.0,22,1,2
135237,16,7,1,10,2,3,6,1,0,1,1,19,3,4,2.0,0.0,0.0,0.0,2.0,5.0,21,3,9
157999,16,2,3,17,2,3,6,1,0,1,2,18,2,3,3.0,0.0,0.0,1.0,2.0,0.0,11,2,11
76106,16,2,3,17,3,3,0,1,1,1,2,18,2,2,0.0,0.0,0.0,0.0,0.0,3.0,17,7,6
80700,4,2,1,0,8,3,0,1,0,0,2,5,2,4,1.0,0.0,0.0,0.0,1.0,4.0,23,5,6
188676,16,7,1,0,3,3,6,1,0,1,1,6,2,3,1.0,0.0,0.0,1.0,0.0,3.0,17,2,12
10859,16,2,3,17,8,3,6,1,0,1,2,18,2,1,1.0,0.0,1.0,0.0,0.0,1.0,10,7,1
71029,16,2,3,17,6,3,0,1,1,1,2,18,2,2,0.0,0.0,0.0,0.0,0.0,2.0,15,3,5
45866,15,3,3,0,8,3,0,1,0,1,2,18,2,2,0.0,0.0,0.0,0.0,0.0,2.0,17,2,4
1641,4,2,3,2,8,3,0,1,1,0,2,17,1,2,0.0,0.0,0.0,0.0,0.0,1.0,15,7,1
119964,15,2,3,0,8,3,0,1,1,1,1,18,2,2,0.0,0.0,0.0,0.0,0.0,2.0,13,5,8
33211,15,2,3,17,6,3,0,1,1,1,2,36,2,2,0.0,0.0,0.0,0.0,0.0,2.0,10,6,3
80322,8,2,1,2,14,2,0,1,0,1,2,12,1,2,0.0,0.0,0.0,0.0,0.0,1.0,0,6,6
72176,16,2,2,10,8,3,0,1,1,1,1,36,3,2,0.0,0.0,0.0,0.0,0.0,3.0,8,5,6
117849,16,2,3,0,2,3,0,1,0,1,1,18,2,2,0.0,0.0,0.0,0.0,0.0,2.0,15,3,8
91884,17,11,2,17,8,3,5,5,1,1,2,36,2,2,0.0,0.0,0.0,0.0,0.0,4.0,20,2,7
28033,15,2,3,0,15,3,0,5,1,1,2,36,2,2,0.0,0.0,0.0,0.0,0.0,2.0,15,4,2
93119,16,2,3,17,6,3,0,1,1,1,1,19,2,2,0.0,0.0,0.0,0.0,0.0,2.0,9,5,7
14475,16,11,3,10,6,3,5,5,1,1,2,19,2,2,0.0,0.0,0.0,0.0,0.0,2.0,12,1,1
156053,15,2,3,17,15,3,0,1,0,1,2,36,2,2,0.0,0.0,0.0,0.0,0.0,3.0,13,3,11
53645,15,2,1,17,15,3,0,5,1,1,2,5,2,2,0.0,0.0,0.0,0.0,0.0,2.0,21,6,4
58564,16,2,1,0,2,3,0,1,1,1,1,18,2,2,0.0,0.0,0.0,0.0,0.0,2.0,0,1,5
87113,4,2,2,8,6,3,0,1,1,1,0,18,2,2,0.0,0.0,0.0,0.0,0.0,3.0,16,5,6
170294,15,2,4,0,8,3,0,1,1,1,2,36,2,2,0.0,0.0,0.0,0.0,0.0,3.0,16,4,11
134848,16,2,0,2,1,3,0,1,0,1,2,28,1,1,3.0,0.0,3.0,0.0,0.0,0.0,22,3,9
148351,4,2,3,2,10,3,0,1,0,1,2,14,1,2,0.0,0.0,0.0,0.0,0.0,1.0,8,3,10
107578,4,2,1,17,6,3,6,1,1,1,2,17,2,2,0.0,0.0,0.0,0.0,0.0,4.0,23,1,8
56573,16,2,3,10,2,3,0,1,1,1,2,23,2,2,0.0,0.0,0.0,0.0,0.0,2.0,11,4,5
138955,16,2,3,10,8,3,0,1,0,1,1,36,2,2,0.0,0.0,0.0,0.0,0.0,2.0,17,5,10
150525,16,2,3,15,8,3,0,1,1,1,2,36,2,2,0.0,0.0,0.0,0.0,0.0,2.0,15,4,10
154891,16,7,1,10,8,3,6,5,0,1,2,19,2,3,1.0,0.0,0.0,1.0,0.0,2.0,19,1,10
13725,16,7,1,0,3,3,6,1,0,1,2,36,2,3,1.0,0.0,0.0,1.0,0.0,1.0,2,1,1
83407,16,2,3,15,2,3,0,1,1,1,2,22,2,2,0.0,0.0,0.0,0.0,0.0,2.0,16,3,6
147622,16,2,3,10,8,3,0,1,1,1,2,17,2,2,0.0,0.0,0.0,0.0,0.0,2.0,17,6,10
72235,16,7,3,0,6,3,6,1,1,1,2,6,2,2,0.0,0.0,0.0,0.0,0.0,2.0,16,7,6
3849,16,2,3,0,6,3,0,5,0,1,2,6,2,2,0.0,0.0,0.0,0.0,0.0,4.0,9,4,1
96751,4,2,1,17,6,3,0,1,1,1,2,24,2,2,0.0,0.0,0.0,0.0,0.0,2.0,23,5,7
57672,15,2,3,13,6,3,0,1,1,1,2,5,4,2,0.0,0.0,0.0,0.0,0.0,2.0,18,2,5
74178,4,2,1,17,6,3,0,1,0,1,2,24,2,3,1.0,0.0,0.0,1.0,0.0,1.0,21,7,6
110317,15,2,3,0,2,3,0,1,0,1,2,18,2,3,1.0,0.0,0.0,1.0,0.0,2.0,16,2,8
55708,16,7,3,9,2,3,6,1,0,1,0,39,2,3,1.0,0.0,0.0,1.0,0.0,1.0,12,3,4
151676,16,2,3,17,10,3,0,1,1,1,0,36,2,2,0.0,0.0,0.0,0.0,0.0,2.0,9,5,10
50698,16,2,3,17,1,3,0,1,0,1,1,28,2,2,0.0,0.0,0.0,0.0,0.0,2.0,8,6,4
159281,4,2,4,17,8,3,0,1,0,1,2,12,2,4,1.0,0.0,0.0,0.0,1.0,2.0,16,4,11
105266,16,2,1,0,2,3,0,1,1,1,2,6,2,2,0.0,0.0,0.0,0.0,0.0,3.0,0,7,8
11987,16,2,1,17,11,3,0,1,0,1,2,36,2,3,1.0,0.0,0.0,1.0,0.0,1.0,21,5,1
118612,15,2,1,0,6,3,0,5,0,1,2,3,2,2,0.0,0.0,0.0,0.0,0.0,2.0,1,1,8
53521,16,2,3,10,2,3,0,2,1,1,0,19,2,2,0.0,0.0,0.0,0.0,0.0,3.0,16,5,4
51370,16,2,1,17,3,3,6,1,0,1,2,11,2,3,2.0,0.0,0.0,2.0,0.0,2.0,1,3,4
26147,15,2,3,17,6,3,0,1,1,1,2,18,2,2,0.0,0.0,0.0,0.0,0.0,2.0,8,7,2
119670,4,2,3,15,8,3,0,1,1,1,2,22,2,2,0.0,0.0,0.0,0.0,0.0,2.0,16,2,8
117554,17,11,5,10,8,3,5,5,1,1,1,36,2,2,0.0,0.0,0.0,0.0,0.0,4.0,18,6,8
67223,16,2,3,10,8,3,0,1,1,1,1,36,2,2,0.0,0.0,0.0,0.0,0.0,2.0,7,5,5
180274,16,2,1,15,10,3,0,1,1,1,2,18,2,2,0.0,0.0,0.0,0.0,0.0,5.0,19,7,12
5987,16,2,3,15,1,3,0,5,1,1,1,22,2,2,0.0,0.0,0.0,0.0,0.0,2.0,13,6,1
157062,16,2,3,17,8,3,0,1,1,1,1,6,2,2,0.0,0.0,0.0,0.0,0.0,2.0,17,1,11
72831,16,2,3,7,8,3,0,1,1,1,1,36,2,2,0.0,0.0,0.0,0.0,0.0,2.0,18,6,6
12630,16,10,3,3,8,3,4,5,1,1,1,39,2,2,0.0,0.0,0.0,0.0,0.0,2.0,8,3,1
73588,15,2,3,0,6,3,0,1,0,1,2,5,2,3,1.0,0.0,0.0,1.0,0.0,1.0,16,6,6
77113,16,2,1,17,8,3,0,1,1,1,2,18,2,2,0.0,0.0,0.0,0.0,0.0,2.0,1,1,6
46216,16,2,3,10,2,3,0,1,1,1,2,19,2,2,0.0,0.0,0.0,0.0,0.0,2.0,14,3,4
21172,16,2,3,9,11,3,0,1,0,1,0,36,2,3,1.0,0.0,0.0,1.0,0.0,1.0,11,4,2
136496,16,2,3,15,8,3,0,1,1,1,2,36,2,2,0.0,0.0,0.0,0.0,0.0,2.0,16,5,9
143058,16,2,3,17,6,3,0,5,1,1,2,36,2,2,0.0,0.0,0.0,0.0,0.0,2.0,7,7,10
122563,15,2,3,0,8,3,0,1,0,1,2,18,2,3,3.0,0.0,0.0,3.0,0.0,1.0,14,1,9
158835,16,7,1,10,8,3,6,1,1,1,2,21,2,2,0.0,0.0,0.0,0.0,0.0,4.0,22,4,11
55258,16,2,1,0,8,3,0,5,0,1,2,36,4,4,1.0,0.0,0.0,0.0,1.0,3.0,4,5,4
56055,16,2,3,9,8,3,0,1,0,1,0,36,2,3,1.0,0.0,0.0,1.0,0.0,1.0,13,3,5
87669,4,2,4,17,8,3,6,1,1,1,2,26,2,2,0.0,0.0,0.0,0.0,0.0,2.0,18,6,6
73890,15,2,3,0,11,3,0,1,0,1,2,18,2,3,1.0,0.0,0.0,1.0,0.0,1.0,17,2,6
71695,16,2,3,10,6,3,0,1,1,1,2,36,2,2,0.0,0.0,0.0,0.0,0.0,6.0,17,6,5
131984,16,2,1,17,1,3,0,1,0,0,2,18,2,2,0.0,0.0,0.0,0.0,0.0,2.0,21,6,9
134016,16,2,0,0,6,3,0,1,0,1,2,6,2,2,0.0,0.0,0.0,0.0,0.0,2.0,4,1,9
67058,16,2,3,10,8,3,0,1,1,1,1,19,2,2,0.0,0.0,0.0,0.0,0.0,2.0,6,2,5
14892,16,3,3,14,2,3,5,5,1,1,2,36,2,2,0.0,0.0,0.0,0.0,0.0,2.0,14,2,1
152050,16,6,3,2,6,3,6,1,0,1,2,36,1,3,2.0,0.0,0.0,2.0,0.0,0.0,11,4,10
156990,15,2,3,10,8,3,0,1,1,0,2,18,2,2,0.0,0.0,0.0,0.0,0.0,3.0,16,7,11
12631,16,10,3,10,8,3,4,1,1,1,2,17,2,2,0.0,0.0,0.0,0.0,0.0,3.0,8,3,1
76592,16,2,3,15,2,3,0,1,1,1,2,23,2,2,0.0,0.0,0.0,0.0,0.0,2.0,8,7,6
114591,16,2,1,10,8,3,0,1,0,1,1,19,2,4,1.0,0.0,0.0,0.0,1.0,1.0,16,2,8
91479,16,2,3,10,8,3,0,6,0,1,2,36,2,4,1.0,0.0,0.0,0.0,1.0,1.0,15,1,7
106815,4,2,3,17,18,3,0,1,0,0,2,18,2,2,0.0,0.0,0.0,0.0,0.0,2.0,16,3,8
73586,4,2,3,17,8,3,0,1,0,1,2,18,2,2,0.0,0.0,0.0,0.0,0.0,2.0,15,6,6
131753,16,7,0,0,8,3,6,1,1,1,2,36,2,2,0.0,0.0,0.0,0.0,0.0,2.0,5,6,9
119439,16,2,3,17,8,3,0,1,1,1,2,19,2,2,0.0,0.0,0.0,0.0,0.0,2.0,17,4,8
53402,15,3,3,0,6,3,0,1,1,1,2,18,2,2,0.0,0.0,0.0,0.0,0.0,4.0,7,5,4
30688,15,2,3,0,2,3,0,1,1,1,1,18,2,2,0.0,0.0,0.0,0.0,0.0,2.0,16,6,3
68171,15,2,3,17,2,3,0,1,0,1,2,36,2,2,0.0,0.0,0.0,0.0,0.0,2.0,14,6,5
158492,16,2,1,0,6,3,0,1,0,1,2,6,3,3,1.0,0.0,0.0,1.0,0.0,4.0,20,1,11
38983,16,2,1,0,2,3,0,1,0,1,2,6,2,3,4.0,0.0,0.0,1.0,3.0,1.0,2,1,3
106967,4,7,1,10,2,3,6,5,1,1,2,36,2,2,0.0,0.0,0.0,0.0,0.0,2.0,21,6,8
118437,16,2,3,15,2,3,0,1,1,1,2,23,2,2,0.0,0.0,0.0,0.0,0.0,2.0,6,4,8
60299,16,7,3,10,5,4,6,5,0,1,0,19,2,3,2.0,0.0,0.0,2.0,0.0,2.0,10,1,5
89191,15,2,1,0,3,3,0,1,0,1,2,18,2,2,0.0,0.0,0.0,0.0,0.0,3.0,22,1,7
107609,8,2,3,2,8,3,0,1,0,1,2,17,1,3,1.0,0.0,0.0,1.0,0.0,0.0,16,2,8
71897,16,2,3,17,8,3,0,1,1,1,2,6,2,2,0.0,0.0,0.0,0.0,0.0,2.0,12,6,6
128253,16,2,3,17,6,3,0,1,0,1,2,24,2,3,1.0,0.0,0.0,1.0,0.0,2.0,14,7,9
12388,16,2,3,15,10,3,0,1,1,1,2,23,2,2,0.0,0.0,0.0,0.0,0.0,3.0,13,6,1
106806,4,2,3,17,8,3,0,1,1,1,0,18,2,2,0.0,0.0,0.0,0.0,0.0,2.0,14,3,8
102084,16,2,3,15,6,3,0,5,1,1,0,36,2,2,0.0,0.0,0.0,0.0,0.0,2.0,15,4,7
93042,15,2,3,17,10,3,0,1,0,1,2,5,3,1,2.0,0.0,2.0,0.0,0.0,4.0,8,4,7
122656,15,2,3,0,15,3,0,1,0,1,2,18,2,2,0.0,0.0,0.0,0.0,0.0,3.0,11,2,9
61490,15,2,3,17,6,3,0,5,0,1,2,36,2,2,0.0,0.0,0.0,0.0,0.0,2.0,14,7,5
72959,16,2,1,17,3,3,0,1,0,1,1,24,2,3,1.0,0.0,0.0,1.0,0.0,2.0,4,2,6
77541,17,2,3,15,18,3,0,5,1,1,1,36,2,2,0.0,0.0,0.0,0.0,0.0,6.0,14,3,6
150009,16,7,1,0,6,3,6,1,0,1,2,6,4,3,1.0,0.0,0.0,1.0,0.0,4.0,6,5,10
129414,16,2,3,0,6,3,0,1,1,1,2,18,3,2,0.0,0.0,0.0,0.0,0.0,7.0,14,2,9
122634,16,2,3,17,6,3,0,1,0,1,2,24,2,2,0.0,0.0,0.0,0.0,0.0,2.0,18,2,9
23977,15,2,1,0,8,3,0,5,1,1,1,18,2,2,0.0,0.0,0.0,0.0,0.0,2.0,17,2,2
45743,16,2,3,17,8,3,0,1,0,1,2,6,3,2,0.0,0.0,0.0,0.0,0.0,3.0,13,2,4
161140,16,2,1,15,8,3,0,1,1,1,2,23,2,2,0.0,0.0,0.0,0.0,0.0,2.0,22,4,11
119556,16,2,3,10,8,3,0,1,1,1,2,19,2,2,0.0,0.0,0.0,0.0,0.0,2.0,18,6,8
173998,15,2,3,0,8,3,0,5,0,1,2,36,2,2,0.0,0.0,0.0,0.0,0.0,2.0,7,6,12
167276,16,2,0,10,2,3,0,1,1,1,2,17,2,2,0.0,0.0,0.0,0.0,0.0,3.0,18,7,11
186256,4,2,1,17,8,3,0,1,0,1,2,24,2,3,4.0,0.0,0.0,4.0,0.0,2.0,19,7,12
14189,4,2,3,10,2,3,5,5,1,1,2,19,2,2,0.0,0.0,0.0,0.0,0.0,2.0,12,7,1
12445,16,2,3,10,8,3,0,1,1,1,2,36,2,2,0.0,0.0,0.0,0.0,0.0,2.0,9,6,1
140752,4,3,3,17,8,3,0,5,1,0,2,36,2,2,0.0,0.0,0.0,0.0,0.0,2.0,7,4,10
67242,16,2,3,17,8,3,0,1,1,1,2,36,2,2,0.0,0.0,0.0,0.0,0.0,2.0,8,5,5
159501,15,2,3,2,8,3,0,1,0,1,2,19,2,2,0.0,0.0,0.0,0.0,0.0,1.0,11,1,11
180450,15,7,3,0,6,3,6,1,1,1,2,39,2,2,0.0,0.0,0.0,0.0,0.0,2.0,7,4,12
163875,16,5,0,2,19,3,0,1,0,1,1,17,1,2,0.0,0.0,0.0,0.0,0.0,1.0,20,1,11
180365,4,2,3,17,2,3,0,1,0,1,2,18,2,2,0.0,0.0,0.0,0.0,0.0,2.0,12,1,12
89113,15,2,3,15,8,3,0,1,1,1,2,18,2,2,0.0,0.0,0.0,0.0,0.0,2.0,21,7,7
123379,15,7,3,0,8,3,0,1,1,1,2,18,2,2,0.0,0.0,0.0,0.0,0.0,3.0,17,5,9
105948,16,2,3,9,6,3,0,1,1,1,1,36,2,2,0.0,0.0,0.0,0.0,0.0,2.0,15,5,8
60639,15,2,3,0,8,3,0,1,1,1,1,18,2,2,0.0,0.0,0.0,0.0,0.0,2.0,11,5,5
41388,4,7,3,15,8,3,6,1,1,1,2,16,2,2,0.0,0.0,0.0,0.0,0.0,2.0,14,5,3
41587,15,2,3,0,8,3,0,1,1,1,2,18,2,2,0.0,0.0,0.0,0.0,0.0,3.0,16,3,3
95264,16,2,4,10,8,3,0,1,1,1,1,19,2,2,0.0,0.0,0.0,0.0,0.0,2.0,17,5,7
150454,16,2,3,0,2,3,0,1,0,1,2,18,2,2,0.0,0.0,0.0,0.0,0.0,2.0,16,3,10
78614,15,7,3,0,18,3,6,1,0,1,2,5,2,2,0.0,0.0,0.0,0.0,0.0,8.0,17,3,6
71883,15,2,1,17,8,3,0,1,0,1,2,23,2,2,0.0,0.0,0.0,0.0,0.0,5.0,22,6,6
133182,16,2,3,0,6,3,0,1,0,1,2,6,2,3,2.0,0.0,0.0,2.0,0.0,3.0,14,2,9
174337,16,2,3,0,8,3,0,1,0,1,2,6,2,4,1.0,0.0,0.0,0.0,1.0,4.0,15,3,12
99132,16,7,1,0,6,3,6,5,0,1,2,36,2,4,2.0,0.0,0.0,0.0,2.0,1.0,20,7,7
184874,4,2,1,17,2,3,0,1,1,0,2,18,2,2,0.0,0.0,0.0,0.0,0.0,5.0,19,2,12
108015,15,2,1,17,10,3,0,1,1,1,1,28,2,2,0.0,0.0,0.0,0.0,0.0,2.0,21,1,8
140981,16,2,3,0,6,3,0,2,1,1,1,17,2,2,0.0,0.0,0.0,0.0,0.0,4.0,17,1,10
86950,16,2,3,17,6,3,0,1,0,1,2,23,2,4,2.0,0.0,0.0,0.0,2.0,0.0,9,2,6
142602,16,2,1,17,6,3,0,1,1,1,2,24,2,2,0.0,0.0,0.0,0.0,0.0,5.0,0,1,10
16276,15,2,1,17,8,3,0,1,1,1,1,36,2,2,0.0,0.0,0.0,0.0,0.0,2.0,1,6,2
168785,16,2,3,10,3,3,0,1,1,1,2,19,2,2,0.0,0.0,0.0,0.0,0.0,2.0,7,1,11
128143,16,2,3,17,6,3,0,5,1,1,2,36,2,2,0.0,0.0,0.0,0.0,0.0,2.0,8,4,9
150235,4,2,3,15,8,3,0,1,1,0,2,23,2,2,0.0,0.0,0.0,0.0,0.0,2.0,10,1,10
182239,16,2,1,0,6,3,0,1,1,1,2,36,2,2,0.0,0.0,0.0,0.0,0.0,4.0,22,7,12
75823,16,7,3,0,8,3,6,5,0,1,2,39,2,3,1.0,0.0,0.0,1.0,0.0,1.0,13,4,6
1434,16,2,4,0,6,3,0,5,1,1,2,36,2,2,0.0,0.0,0.0,0.0,0.0,2.0,17,6,1
150027,16,7,3,17,10,3,6,1,0,1,2,39,2,3,1.0,0.0,0.0,1.0,0.0,1.0,9,5,10
156108,15,2,1,0,8,3,0,1,0,1,2,18,2,2,0.0,0.0,0.0,0.0,0.0,3.0,21,3,11
14418,15,1,1,17,2,3,4,2,0,1,2,39,2,2,0.0,0.0,0.0,0.0,0.0,2.0,23,7,1
161519,15,10,3,10,2,3,4,1,1,1,2,17,2,2,0.0,0.0,0.0,0.0,0.0,2.0,7,2,11