crash_date,               traffic_control_device,weather_condition,lighting_condition,first_crash_type,trafficway_type,alignment,roadway_surface_cond,road_defect,crash_type,intersection_related_i,damage,prim_contributory_cause,num_units,most_severe_injury,injuries_total,injuries_fatal,injuries_incapacitating,injuries_non_incapacitating,injuries_reported_not_evident,injuries_no_indication,crash_hour,crash_day_of_week,crash_month
177581,16,2,3,0,6,3,5,5,0,1,2,6,2,4,1.0,0.0,0.0,0.0,1.0,1.0,8,1,12
54143,16,2,3,11,1,3,0,1,1,1,0,36,2,2,0.0,0.0,0.0,0.0,0.0,3.0,6,7,4
114845,16,7,3,10,6,3,6,1,1,1,1,36,2,2,0.0,0.0,0.0,0.0,0.0,2.0,14,7,8
105211,16,2,3,15,8,3,0,1,1,1,2,19,2,2,0.0,0.0,0.0,0.0,0.0,2.0,15,7,8
95139,16,2,2,9,8,3,0,1,0,1,0,18,2,3,1.0,0.0,0.0,1.0,0.0,1.0,20,2,7
101919,4,2,1,10,2,3,0,1,1,0,2,36,2,2,0.0,0.0,0.0,0.0,0.0,2.0,22,7,7
6277,16,2,1,17,19,3,0,1,0,1,2,24,2,2,0.0,0.0,0.0,0.0,0.0,3.0,21,5,1
77504,16,2,1,0,8,3,0,5,0,1,1,6,2,3,1.0,0.0,0.0,1.0,0.0,2.0,21,1,6
44717,16,2,3,17,6,3,0,1,0,1,2,18,2,3,5.0,0.0,0.0,1.0,4.0,1.0,18,3,4
181856,16,7,1,17,2,3,0,1,1,1,1,36,2,2,0.0,0.0,0.0,0.0,0.0,3.0,17,6,12
178788,4,2,2,17,11,3,0,5,1,1,2,36,3,2,0.0,0.0,0.0,0.0,0.0,2.0,15,5,12
137311,16,2,3,17,8,3,5,5,1,1,1,24,2,2,0.0,0.0,0.0,0.0,0.0,2.0,17,5,9
101261,15,2,3,17,8,3,0,1,1,1,2,18,2,2,0.0,0.0,0.0,0.0,0.0,2.0,15,5,7
43844,16,3,3,17,1,3,6,1,0,1,2,18,2,2,0.0,0.0,0.0,0.0,0.0,4.0,11,7,4
179601,16,2,0,15,3,3,0,1,1,1,0,22,2,2,0.0,0.0,0.0,0.0,0.0,3.0,17,6,12
54698,16,2,3,0,6,3,0,1,0,1,2,6,2,3,1.0,0.0,0.0,1.0,0.0,1.0,9,1,4
47305,16,2,1,15,8,3,0,1,1,1,1,23,2,2,0.0,0.0,0.0,0.0,0.0,2.0,23,1,4
85399,15,7,3,0,6,3,6,1,1,1,2,5,2,2,0.0,0.0,0.0,0.0,0.0,2.0,15,6,6
52015,15,2,3,7,6,3,0,1,1,1,1,38,2,2,0.0,0.0,0.0,0.0,0.0,1.0,15,2,4
32077,16,7,1,17,3,3,6,1,1,1,1,4,2,2,0.0,0.0,0.0,0.0,0.0,2.0,23,7,3
125273,17,11,5,17,6,3,5,5,1,1,1,26,2,2,0.0,0.0,0.0,0.0,0.0,2.0,17,6,9
81048,16,2,3,17,6,3,0,1,0,1,2,6,2,3,2.0,0.0,0.0,2.0,0.0,1.0,16,3,6
111188,15,2,1,17,6,3,0,1,1,1,2,5,2,2,0.0,0.0,0.0,0.0,0.0,3.0,20,7,8
39147,16,7,1,17,1,3,6,1,0,1,2,18,2,2,0.0,0.0,0.0,0.0,0.0,2.0,20,5,3
140716,4,2,3,17,8,3,0,1,0,1,2,18,2,2,0.0,0.0,0.0,0.0,0.0,2.0,11,3,10
180090,16,7,3,10,11,3,6,1,1,1,1,19,2,2,0.0,0.0,0.0,0.0,0.0,2.0,17,3,12
142295,15,2,3,10,8,3,0,1,1,1,1,36,2,2,0.0,0.0,0.0,0.0,0.0,2.0,14,3,10
173018,4,2,3,9,8,3,0,1,0,1,0,18,2,3,1.0,0.0,0.0,1.0,0.0,2.0,6,5,12
62210,16,2,3,17,6,3,0,1,1,1,1,18,2,2,0.0,0.0,0.0,0.0,0.0,4.0,18,2,5
132133,15,2,3,0,6,3,0,1,1,1,2,18,2,2,0.0,0.0,0.0,0.0,0.0,2.0,7,2,9
30349,15,7,0,0,6,3,6,1,0,1,2,36,2,2,0.0,0.0,0.0,0.0,0.0,2.0,19,7,3
154014,16,2,1,10,8,3,0,5,1,1,0,19,3,2,0.0,0.0,0.0,0.0,0.0,4.0,21,2,10
64898,4,7,3,0,8,3,6,1,0,1,2,18,2,2,0.0,0.0,0.0,0.0,0.0,2.0,9,4,5
71834,15,2,3,0,10,3,0,1,0,1,2,18,2,3,1.0,0.0,0.0,1.0,0.0,1.0,16,6,6
73437,15,2,1,0,2,3,0,1,0,1,2,5,2,3,1.0,0.0,0.0,1.0,0.0,1.0,0,2,6
152935,16,2,3,15,8,3,0,1,1,1,2,18,2,2,0.0,0.0,0.0,0.0,0.0,3.0,12,7,10
161569,16,2,3,15,6,3,0,1,0,1,1,17,2,4,1.0,0.0,0.0,0.0,1.0,2.0,16,4,11
184823,15,2,3,0,8,3,0,1,0,1,2,12,2,3,1.0,0.0,0.0,1.0,0.0,2.0,9,1,12
94283,15,2,3,0,15,3,0,1,1,1,0,18,2,2,0.0,0.0,0.0,0.0,0.0,2.0,16,3,7
187259,4,2,1,17,8,4,0,1,1,1,2,36,2,2,0.0,0.0,0.0,0.0,0.0,3.0,19,2,12
159417,16,2,0,17,1,3,0,1,0,1,2,36,2,2,0.0,0.0,0.0,0.0,0.0,2.0,20,7,11
121802,16,7,3,10,2,3,6,1,0,1,2,24,3,2,0.0,0.0,0.0,0.0,0.0,3.0,8,3,9
163837,16,2,3,10,2,3,0,1,0,1,1,36,3,3,3.0,0.0,0.0,1.0,2.0,2.0,11,6,11
101042,16,2,3,10,8,3,0,1,0,1,2,23,4,3,2.0,0.0,0.0,1.0,1.0,3.0,10,2,7
112413,15,2,5,17,6,3,5,5,1,1,2,36,2,2,0.0,0.0,0.0,0.0,0.0,3.0,19,6,8
98776,16,7,1,10,3,3,6,1,1,1,2,39,2,2,0.0,0.0,0.0,0.0,0.0,2.0,0,7,7
178394,15,2,2,0,8,3,0,1,0,1,2,18,2,3,1.0,0.0,0.0,1.0,0.0,1.0,5,4,12
164419,16,2,3,17,8,3,0,1,1,1,2,24,2,2,0.0,0.0,0.0,0.0,0.0,2.0,15,2,11
64628,18,3,3,17,8,3,0,1,0,1,2,36,3,3,1.0,0.0,0.0,1.0,0.0,2.0,16,6,5
170819,16,2,3,15,2,3,0,1,0,1,2,8,2,2,0.0,0.0,0.0,0.0,0.0,3.0,12,5,11
101701,16,2,2,17,1,3,0,5,0,1,2,18,2,2,0.0,0.0,0.0,0.0,0.0,2.0,4,5,7
87527,16,2,3,17,15,3,0,1,0,1,2,24,2,2,0.0,0.0,0.0,0.0,0.0,3.0,16,4,6
124672,15,2,3,17,9,3,0,1,1,1,0,18,2,2,0.0,0.0,0.0,0.0,0.0,5.0,18,4,9
71901,4,2,3,7,10,3,0,1,1,1,2,26,2,2,0.0,0.0,0.0,0.0,0.0,1.0,12,6,6
88720,11,2,1,9,10,3,0,1,1,1,0,26,2,2,0.0,0.0,0.0,0.0,0.0,2.0,0,1,7
34716,4,2,3,17,2,3,0,1,0,0,2,36,2,3,1.0,0.0,0.0,1.0,0.0,1.0,12,3,3
125916,15,2,3,0,6,3,5,5,0,1,2,18,2,2,0.0,0.0,0.0,0.0,0.0,5.0,18,1,9
172119,15,2,1,17,6,3,0,1,1,1,2,24,2,2,0.0,0.0,0.0,0.0,0.0,3.0,21,7,11
136062,16,7,1,10,6,3,6,1,1,1,1,19,2,2,0.0,0.0,0.0,0.0,0.0,2.0,1,7,9
51201,4,3,3,17,9,3,0,1,0,1,1,18,2,3,2.0,0.0,0.0,2.0,0.0,2.0,11,7,4
19344,16,2,1,17,8,3,0,1,0,1,2,24,2,2,0.0,0.0,0.0,0.0,0.0,3.0,4,1,2
39235,15,11,5,10,8,3,5,5,1,1,2,36,2,2,0.0,0.0,0.0,0.0,0.0,2.0,22,6,3
145759,16,2,1,0,2,3,0,1,0,1,2,24,2,2,0.0,0.0,0.0,0.0,0.0,3.0,23,2,10
165887,16,7,1,0,6,3,6,1,0,1,2,36,2,4,1.0,0.0,0.0,0.0,1.0,2.0,21,2,11
7152,15,2,3,0,3,3,0,1,1,1,2,18,2,2,0.0,0.0,0.0,0.0,0.0,3.0,9,3,1
46202,16,2,3,17,3,4,0,5,1,1,2,36,2,2,0.0,0.0,0.0,0.0,0.0,2.0,12,1,4
83727,16,2,1,10,2,3,0,1,0,1,2,36,2,4,1.0,0.0,0.0,0.0,1.0,2.0,3,7,6
166513,15,2,2,0,10,3,0,1,0,1,2,18,2,3,1.0,0.0,0.0,1.0,0.0,1.0,17,2,11
185776,4,2,3,17,6,3,0,1,0,1,2,18,2,2,0.0,0.0,0.0,0.0,0.0,2.0,13,4,12
168556,15,2,3,15,8,3,0,1,1,1,1,19,2,2,0.0,0.0,0.0,0.0,0.0,4.0,13,7,11
45017,16,2,3,17,2,3,0,1,1,1,0,19,2,2,0.0,0.0,0.0,0.0,0.0,2.0,12,7,4
45891,16,10,3,9,2,3,6,1,0,1,0,18,2,4,1.0,0.0,0.0,0.0,1.0,1.0,8,2,4
20675,15,2,4,0,8,3,0,1,0,1,2,18,2,2,0.0,0.0,0.0,0.0,0.0,5.0,15,4,2
73812,15,2,3,7,6,3,0,1,1,1,1,24,2,2,0.0,0.0,0.0,0.0,0.0,2.0,16,3,6
182429,16,2,3,17,15,3,0,1,1,1,1,21,2,2,0.0,0.0,0.0,0.0,0.0,2.0,11,4,12
181145,16,2,3,17,6,3,6,1,1,1,2,18,2,2,0.0,0.0,0.0,0.0,0.0,2.0,12,6,12
108274,16,2,1,17,8,3,0,1,1,1,2,22,2,2,0.0,0.0,0.0,0.0,0.0,6.0,0,4,8
41545,2,2,3,0,15,3,0,1,1,1,1,23,2,2,0.0,0.0,0.0,0.0,0.0,2.0,16,2,3
101057,16,2,1,0,2,3,2,5,0,1,2,36,2,3,1.0,0.0,0.0,1.0,0.0,1.0,0,2,7
83292,16,2,3,15,8,3,0,1,1,1,2,22,2,2,0.0,0.0,0.0,0.0,0.0,5.0,17,7,6
62194,18,2,3,10,8,3,0,1,1,1,2,19,2,2,0.0,0.0,0.0,0.0,0.0,2.0,15,2,5
42011,16,2,1,9,6,3,0,1,0,1,0,36,2,4,1.0,0.0,0.0,0.0,1.0,1.0,5,4,3
29236,15,2,3,15,8,3,0,1,1,1,2,22,2,2,0.0,0.0,0.0,0.0,0.0,3.0,11,7,3
166295,17,11,5,17,8,3,5,5,1,1,2,36,2,2,0.0,0.0,0.0,0.0,0.0,2.0,17,7,11
21535,16,7,1,17,6,3,6,1,1,1,2,19,2,2,0.0,0.0,0.0,0.0,0.0,3.0,20,3,2
41235,16,2,1,15,8,3,0,1,1,1,2,36,2,2,0.0,0.0,0.0,0.0,0.0,3.0,20,3,3
93526,15,2,3,0,10,3,0,1,0,1,2,5,2,3,3.0,0.0,0.0,3.0,0.0,1.0,7,5,7
120804,16,2,3,17,8,3,0,5,0,1,2,18,2,2,0.0,0.0,0.0,0.0,0.0,2.0,18,4,9
137430,15,2,3,8,2,3,0,1,1,1,0,5,2,2,0.0,0.0,0.0,0.0,0.0,2.0,11,6,9
162719,4,2,4,9,8,3,0,1,0,1,2,36,2,3,1.0,0.0,0.0,1.0,0.0,1.0,17,6,11
118423,15,2,3,0,8,3,0,1,0,1,2,18,2,3,1.0,0.0,0.0,1.0,0.0,1.0,16,4,8
103819,16,2,3,17,8,3,0,1,1,1,2,2,2,2,0.0,0.0,0.0,0.0,0.0,2.0,15,2,7
124528,11,3,4,17,6,3,5,5,0,1,2,24,2,3,1.0,0.0,0.0,1.0,0.0,2.0,17,1,9
129895,15,2,3,0,2,3,0,1,0,1,2,18,2,4,1.0,0.0,0.0,0.0,1.0,5.0,16,7,9
105386,16,2,3,5,8,3,0,1,1,1,2,36,1,2,0.0,0.0,0.0,0.0,0.0,1.0,11,3,8
57425,16,3,3,17,8,3,6,1,1,1,2,36,2,2,0.0,0.0,0.0,0.0,0.0,2.0,7,6,5
11323,4,10,3,10,8,3,4,1,1,1,2,36,2,2,0.0,0.0,0.0,0.0,0.0,2.0,12,1,1
123703,16,2,1,0,2,3,0,1,0,1,2,6,2,4,2.0,0.0,0.0,0.0,2.0,0.0,20,4,9
13494,4,2,4,17,4,3,5,5,1,0,2,23,2,2,0.0,0.0,0.0,0.0,0.0,2.0,20,3,1
166888,4,7,1,0,15,3,6,1,1,1,2,36,2,2,0.0,0.0,0.0,0.0,0.0,6.0,20,2,11
24490,15,2,3,0,8,3,0,1,0,1,2,18,2,4,1.0,0.0,0.0,0.0,1.0,5.0,12,4,2
27433,4,2,3,15,6,3,0,1,1,1,0,19,2,2,0.0,0.0,0.0,0.0,0.0,3.0,10,7,2
70204,15,2,5,17,8,3,5,5,1,1,2,18,2,2,0.0,0.0,0.0,0.0,0.0,2.0,1,3,5
163705,16,10,1,17,8,3,6,1,0,1,2,39,2,1,1.0,0.0,1.0,0.0,0.0,3.0,18,5,11
19002,16,2,1,17,6,3,1,6,1,1,2,8,2,2,0.0,0.0,0.0,0.0,0.0,3.0,22,3,2
174132,16,2,3,15,8,3,0,5,1,1,1,22,2,2,0.0,0.0,0.0,0.0,0.0,2.0,8,1,12
81904,15,2,3,0,6,3,0,1,0,1,2,18,2,3,2.0,0.0,0.0,2.0,0.0,1.0,8,1,6
38325,16,7,3,10,2,3,6,1,1,1,0,17,2,2,0.0,0.0,0.0,0.0,0.0,2.0,18,4,3
27060,15,2,3,0,6,3,6,1,0,1,2,36,2,2,0.0,0.0,0.0,0.0,0.0,2.0,12,7,2
43909,15,2,3,17,2,3,5,5,1,1,1,18,2,2,0.0,0.0,0.0,0.0,0.0,2.0,15,2,4
29068,16,3,3,17,19,3,0,1,1,1,2,19,2,2,0.0,0.0,0.0,0.0,0.0,2.0,8,5,3
63841,4,2,3,10,2,3,0,1,1,1,2,22,2,2,0.0,0.0,0.0,0.0,0.0,2.0,14,1,5
143353,16,2,3,10,8,3,0,1,1,1,2,17,2,2,0.0,0.0,0.0,0.0,0.0,3.0,12,1,10
8292,15,2,3,0,2,3,0,1,1,1,2,18,2,2,0.0,0.0,0.0,0.0,0.0,2.0,7,6,1
7011,4,2,1,0,12,3,4,5,0,1,2,18,2,4,1.0,0.0,0.0,0.0,1.0,5.0,19,3,1
75577,16,2,3,15,2,3,0,1,1,1,2,18,2,2,0.0,0.0,0.0,0.0,0.0,2.0,17,6,6
64763,16,2,1,17,15,3,6,1,0,1,2,6,2,3,2.0,0.0,0.0,2.0,0.0,2.0,0,7,5
47827,16,2,3,17,6,3,0,1,1,1,2,22,2,2,0.0,0.0,0.0,0.0,0.0,2.0,10,3,4
61506,4,2,3,17,2,3,0,1,0,1,2,18,2,3,1.0,0.0,0.0,1.0,0.0,4.0,17,7,5
103061,16,2,3,17,6,3,0,1,0,1,1,12,2,3,1.0,0.0,0.0,1.0,0.0,2.0,15,5,7
20174,15,2,3,10,11,3,1,1,0,1,2,39,2,4,1.0,0.0,0.0,0.0,1.0,1.0,7,2,2
183309,16,2,1,17,6,3,0,1,0,1,2,36,2,3,2.0,0.0,0.0,2.0,0.0,1.0,18,1,12
109964,15,2,3,10,8,3,0,1,1,1,1,19,2,2,0.0,0.0,0.0,0.0,0.0,5.0,15,2,8
171885,16,2,3,17,6,3,0,5,1,1,2,24,2,2,0.0,0.0,0.0,0.0,0.0,2.0,13,3,11
63797,15,2,3,17,2,3,0,1,1,1,2,18,2,2,0.0,0.0,0.0,0.0,0.0,6.0,16,7,5
5647,16,2,3,17,6,2,6,1,1,1,1,23,2,2,0.0,0.0,0.0,0.0,0.0,2.0,13,1,1
33253,16,2,0,10,10,3,6,1,1,1,2,28,2,2,0.0,0.0,0.0,0.0,0.0,3.0,18,7,3
49620,16,2,1,2,2,3,0,1,0,1,2,26,1,3,1.0,0.0,0.0,1.0,0.0,0.0,4,7,4
120742,16,2,3,17,6,3,0,1,1,1,2,6,2,2,0.0,0.0,0.0,0.0,0.0,2.0,6,3,9
35941,16,2,0,10,8,3,0,1,1,1,2,19,2,2,0.0,0.0,0.0,0.0,0.0,4.0,18,1,3
158495,15,2,3,0,6,3,0,1,1,1,2,18,2,2,0.0,0.0,0.0,0.0,0.0,3.0,9,1,11
126053,16,2,3,8,8,3,0,1,0,1,2,6,2,1,1.0,0.0,1.0,0.0,0.0,2.0,16,2,9
172377,16,2,3,10,3,3,0,1,1,1,1,17,4,2,0.0,0.0,0.0,0.0,0.0,4.0,9,1,12
182321,10,2,1,9,15,3,5,5,0,1,2,36,2,3,1.0,0.0,0.0,1.0,0.0,1.0,16,2,12
2859,16,10,3,0,8,3,4,1,1,1,2,6,2,2,0.0,0.0,0.0,0.0,0.0,2.0,12,7,1
154192,16,7,1,0,6,3,6,1,0,1,2,6,2,3,2.0,0.0,0.0,2.0,0.0,2.0,20,6,10
44691,16,2,3,10,2,3,0,1,1,1,2,36,2,2,0.0,0.0,0.0,0.0,0.0,2.0,15,3,4
171666,16,2,3,10,2,3,0,1,1,1,2,36,2,2,0.0,0.0,0.0,0.0,0.0,2.0,12,5,11
163315,4,5,1,0,15,3,6,1,0,1,2,36,2,1,2.0,0.0,2.0,0.0,0.0,2.0,4,1,11
39945,16,7,3,17,2,3,6,5,1,1,2,24,2,2,0.0,0.0,0.0,0.0,0.0,2.0,6,6,3
38340,16,7,1,10,15,3,6,1,1,1,2,39,2,2,0.0,0.0,0.0,0.0,0.0,2.0,20,4,3
69776,15,2,3,17,2,3,0,1,1,1,2,36,2,2,0.0,0.0,0.0,0.0,0.0,2.0,17,3,5
123496,16,2,1,0,2,3,0,1,0,1,2,6,2,2,0.0,0.0,0.0,0.0,0.0,3.0,23,6,9
142381,16,2,1,17,2,3,0,1,0,1,2,36,2,2,0.0,0.0,0.0,0.0,0.0,2.0,5,4,10
35385,15,2,1,0,2,3,0,1,1,1,2,17,2,2,0.0,0.0,0.0,0.0,0.0,4.0,21,6,3
79614,16,2,1,17,6,3,0,1,0,1,2,6,2,3,1.0,0.0,0.0,1.0,0.0,1.0,3,3,6
105178,16,2,0,17,10,3,0,1,1,1,1,36,2,2,0.0,0.0,0.0,0.0,0.0,2.0,20,6,8
11902,15,2,3,10,3,3,0,1,1,1,2,19,2,2,0.0,0.0,0.0,0.0,0.0,4.0,14,2,1
123386,16,2,4,8,8,3,0,1,1,0,0,24,2,2,0.0,0.0,0.0,0.0,0.0,2.0,18,5,9
8563,16,2,3,17,8,3,0,1,0,1,2,18,3,2,0.0,0.0,0.0,0.0,0.0,3.0,16,6,1
82007,15,2,3,7,6,3,0,1,1,1,2,36,2,2,0.0,0.0,0.0,0.0,0.0,1.0,17,4,6
165202,16,2,3,0,6,3,6,1,0,1,2,36,3,4,2.0,0.0,0.0,0.0,2.0,3.0,6,6,11
117349,15,3,3,17,8,3,6,5,1,1,2,36,2,2,0.0,0.0,0.0,0.0,0.0,3.0,16,2,8
54183,16,10,3,10,8,3,4,1,1,1,2,39,2,2,0.0,0.0,0.0,0.0,0.0,2.0,12,7,4
83451,4,2,3,17,2,3,0,1,1,0,1,18,2,2,0.0,0.0,0.0,0.0,0.0,2.0,12,3,6
79623,4,2,3,10,15,3,0,1,0,1,1,36,2,4,2.0,0.0,0.0,0.0,2.0,1.0,5,3,6
148295,16,2,3,17,8,3,0,1,1,1,1,36,2,2,0.0,0.0,0.0,0.0,0.0,2.0,9,2,10
37534,16,2,1,0,8,3,0,1,1,1,2,6,2,2,0.0,0.0,0.0,0.0,0.0,2.0,19,4,3
57298,16,7,3,17,16,3,6,1,1,1,1,22,2,2,0.0,0.0,0.0,0.0,0.0,2.0,8,3,5
24199,4,10,1,17,8,3,6,1,0,1,2,19,2,3,1.0,0.0,0.0,1.0,0.0,2.0,2,7,2
188910,16,2,3,10,6,3,0,1,1,1,1,17,2,2,0.0,0.0,0.0,0.0,0.0,5.0,13,7,12
143512,16,2,1,9,8,3,0,1,1,1,0,18,2,2,0.0,0.0,0.0,0.0,0.0,2.0,21,5,10
4735,16,2,3,15,6,3,5,5,1,1,0,22,2,2,0.0,0.0,0.0,0.0,0.0,2.0,15,3,1
73832,15,2,3,0,6,3,0,1,1,1,2,18,2,2,0.0,0.0,0.0,0.0,0.0,3.0,8,3,6
17934,16,7,1,9,2,3,6,1,0,1,0,18,2,3,1.0,0.0,0.0,1.0,0.0,1.0,6,5,2
57098,4,2,3,15,10,3,0,1,1,1,2,28,2,2,0.0,0.0,0.0,0.0,0.0,3.0,16,6,5
83017,15,2,3,17,6,3,0,1,1,1,1,24,2,2,0.0,0.0,0.0,0.0,0.0,2.0,17,4,6
7560,16,2,3,15,2,3,0,1,1,1,2,23,2,2,0.0,0.0,0.0,0.0,0.0,3.0,15,7,1
88113,16,2,3,17,2,3,0,5,0,1,2,12,2,2,0.0,0.0,0.0,0.0,0.0,2.0,16,6,7
56695,17,2,1,10,8,3,0,5,0,1,2,36,3,2,0.0,0.0,0.0,0.0,0.0,3.0,21,7,5
170665,16,2,0,10,8,3,0,1,0,1,2,19,2,4,2.0,0.0,0.0,0.0,2.0,1.0,17,3,11
170618,16,2,3,17,10,3,0,1,1,1,2,23,2,2,0.0,0.0,0.0,0.0,0.0,2.0,15,7,11
36267,15,2,3,0,8,3,0,1,1,1,2,36,2,2,0.0,0.0,0.0,0.0,0.0,3.0,15,7,3
32354,16,10,0,10,8,3,4,1,1,1,2,19,2,2,0.0,0.0,0.0,0.0,0.0,4.0,22,5,3
20889,4,10,3,17,11,3,6,5,1,1,1,18,2,2,0.0,0.0,0.0,0.0,0.0,2.0,10,7,2
32655,16,3,3,17,15,3,6,1,1,1,2,6,2,2,0.0,0.0,0.0,0.0,0.0,3.0,8,3,3
31420,16,2,1,0,10,3,0,1,1,1,2,6,2,2,0.0,0.0,0.0,0.0,0.0,2.0,3,4,3
139518,16,2,3,17,3,3,0,1,0,1,2,24,2,3,2.0,0.0,0.0,2.0,0.0,2.0,10,6,10
165626,15,3,3,0,6,3,0,1,0,1,2,18,2,4,1.0,0.0,0.0,0.0,1.0,1.0,15,5,11
133020,16,2,3,17,2,3,0,1,1,1,0,36,2,2,0.0,0.0,0.0,0.0,0.0,3.0,8,6,9
67780,16,2,1,10,8,3,0,1,1,1,1,17,2,2,0.0,0.0,0.0,0.0,0.0,2.0,22,6,5
91425,4,2,3,10,8,3,0,1,0,1,2,19,2,4,3.0,0.0,0.0,0.0,3.0,1.0,13,7,7
173131,15,2,1,17,8,3,0,1,0,1,2,26,2,2,0.0,0.0,0.0,0.0,0.0,5.0,17,7,12
143333,16,2,1,0,6,3,0,1,0,1,2,36,2,2,0.0,0.0,0.0,0.0,0.0,2.0,23,5,10
138142,16,2,3,10,2,3,0,1,0,1,2,13,2,3,1.0,0.0,0.0,1.0,0.0,1.0,12,3,10
138522,16,3,1,10,6,3,0,1,1,1,0,36,2,2,0.0,0.0,0.0,0.0,0.0,2.0,23,7,10
156048,15,2,3,17,8,3,0,1,0,1,2,18,2,2,0.0,0.0,0.0,0.0,0.0,4.0,12,2,11
152844,16,2,3,17,8,3,0,1,0,1,2,36,2,2,0.0,0.0,0.0,0.0,0.0,2.0,7,6,10
38482,16,2,3,10,8,3,0,1,1,0,2,19,2,2,0.0,0.0,0.0,0.0,0.0,2.0,13,6,3
93997,16,2,3,17,8,3,0,1,1,1,2,36,2,2,0.0,0.0,0.0,0.0,0.0,2.0,17,5,7
65951,16,2,3,17,6,3,0,1,1,1,2,36,2,2,0.0,0.0,0.0,0.0,0.0,2.0,17,7,5
179540,16,2,3,17,2,3,0,1,1,1,2,18,2,2,0.0,0.0,0.0,0.0,0.0,3.0,8,5,12
141475,15,7,3,0,2,3,6,1,0,1,2,18,2,2,0.0,0.0,0.0,0.0,0.0,2.0,9,6,10
25718,16,10,1,15,8,3,4,1,1,1,2,24,2,2,0.0,0.0,0.0,0.0,0.0,2.0,19,4,2
31122,16,3,3,0,8,3,0,1,0,1,2,6,3,3,3.0,0.0,0.0,3.0,0.0,4.0,8,5,3
38225,16,2,3,15,8,3,0,1,1,1,1,23,2,2,0.0,0.0,0.0,0.0,0.0,2.0,16,2,3
80749,15,2,4,0,8,3,0,1,1,0,2,36,2,2,0.0,0.0,0.0,0.0,0.0,3.0,20,6,6
144688,4,2,0,10,8,3,0,1,1,0,2,19,2,2,0.0,0.0,0.0,0.0,0.0,3.0,20,6,10
36952,15,2,1,0,6,3,0,1,0,1,2,36,2,2,0.0,0.0,0.0,0.0,0.0,2.0,22,6,3
171738,15,2,0,0,11,3,0,1,1,1,2,36,2,2,0.0,0.0,0.0,0.0,0.0,2.0,21,6,11
131891,16,2,0,17,8,3,0,1,1,0,1,36,2,2,0.0,0.0,0.0,0.0,0.0,3.0,19,5,9
70728,16,2,3,10,8,3,0,5,1,1,2,36,2,2,0.0,0.0,0.0,0.0,0.0,2.0,7,4,5
119218,16,2,1,15,6,3,0,1,1,1,2,36,2,2,0.0,0.0,0.0,0.0,0.0,2.0,17,2,8
13359,16,2,1,10,8,3,0,1,0,1,2,19,2,2,0.0,0.0,0.0,0.0,0.0,2.0,21,7,1
26015,15,2,3,0,2,3,0,1,0,1,2,18,2,2,0.0,0.0,0.0,0.0,0.0,2.0,9,5,2
149456,15,2,3,17,8,3,0,1,0,1,2,18,2,2,0.0,0.0,0.0,0.0,0.0,3.0,16,5,10
24744,15,2,3,17,6,3,0,1,0,1,2,36,2,4,1.0,0.0,0.0,0.0,1.0,1.0,9,3,2
107989,16,2,4,10,8,3,6,5,1,1,1,26,2,2,0.0,0.0,0.0,0.0,0.0,2.0,2,1,8
55677,16,7,3,10,3,3,6,1,0,1,1,19,2,3,1.0,0.0,0.0,1.0,0.0,1.0,8,3,4
184656,16,2,1,2,6,3,0,1,1,1,2,30,1,2,0.0,0.0,0.0,0.0,0.0,1.0,4,1,12
184394,16,2,3,9,11,3,0,1,0,1,2,18,2,1,1.0,0.0,1.0,0.0,0.0,1.0,12,1,12
19540,16,2,3,0,6,3,0,1,1,1,2,6,2,2,0.0,0.0,0.0,0.0,0.0,2.0,14,6,2
136324,15,2,3,17,15,3,0,1,0,1,2,24,3,2,0.0,0.0,0.0,0.0,0.0,2.0,7,4,9
144263,15,2,3,2,10,3,6,1,0,1,1,36,1,2,0.0,0.0,0.0,0.0,0.0,2.0,15,2,10
185832,15,2,3,0,6,3,0,1,0,1,2,18,2,2,0.0,0.0,0.0,0.0,0.0,2.0,15,6,12
222,4,2,1,17,3,2,4,1,1,1,2,24,2,2,0.0,0.0,0.0,0.0,0.0,2.0,22,4,1
149380,15,2,3,0,18,3,0,1,0,1,2,36,2,2,0.0,0.0,0.0,0.0,0.0,2.0,14,4,10
8479,16,6,3,0,6,3,6,1,0,1,2,17,2,4,1.0,0.0,0.0,0.0,1.0,1.0,13,4,1
90987,15,2,1,14,2,3,0,5,1,1,2,18,2,2,0.0,0.0,0.0,0.0,0.0,7.0,22,7,7
69166,16,3,3,15,8,3,6,3,1,1,0,36,2,2,0.0,0.0,0.0,0.0,0.0,4.0,13,6,5
16663,15,2,3,0,6,3,4,1,1,1,2,18,2,2,0.0,0.0,0.0,0.0,0.0,2.0,15,6,2
181808,16,2,1,17,8,3,5,5,0,1,2,36,2,2,0.0,0.0,0.0,0.0,0.0,2.0,18,3,12
25706,15,2,3,0,6,3,0,1,0,1,2,18,2,3,2.0,0.0,0.0,2.0,0.0,0.0,12,6,2
35011,16,2,1,15,6,3,0,1,1,1,0,23,2,2,0.0,0.0,0.0,0.0,0.0,3.0,1,1,3
122673,16,2,3,15,2,3,0,1,1,1,2,18,2,2,0.0,0.0,0.0,0.0,0.0,5.0,15,4,9
88488,16,2,3,0,2,3,0,1,0,1,2,6,2,3,1.0,0.0,0.0,1.0,0.0,2.0,19,5,7