crash_date,               traffic_control_device,weather_condition,lighting_condition,first_crash_type,trafficway_type,alignment,roadway_surface_cond,road_defect,crash_type,intersection_related_i,damage,prim_contributory_cause,num_units,most_severe_injury,injuries_total,injuries_fatal,injuries_incapacitating,injuries_non_incapacitating,injuries_reported_not_evident,injuries_no_indication,crash_hour,crash_day_of_week,crash_month
102316,16,2,1,10,8,3,0,1,0,1,2,8,3,4,3.0,0.0,0.0,0.0,3.0,2.0,20,1,7
99263,6,2,1,7,10,3,0,1,0,1,2,26,2,2,0.0,0.0,0.0,0.0,0.0,1.0,0,1,7
6617,16,3,2,0,10,3,6,1,1,1,2,18,2,2,0.0,0.0,0.0,0.0,0.0,2.0,7,2,1
19682,16,2,1,17,1,3,0,1,0,1,2,11,2,4,1.0,0.0,0.0,0.0,1.0,2.0,20,7,2
55516,16,2,3,10,2,3,0,1,1,1,1,36,2,2,0.0,0.0,0.0,0.0,0.0,2.0,12,7,4
102409,16,2,1,0,2,3,0,1,1,1,1,36,2,2,0.0,0.0,0.0,0.0,0.0,2.0,0,7,7
136151,16,2,3,10,2,3,0,1,1,1,2,17,2,2,0.0,0.0,0.0,0.0,0.0,2.0,14,2,9
82961,15,2,3,0,8,3,0,1,1,1,2,36,2,2,0.0,0.0,0.0,0.0,0.0,2.0,17,3,6
44393,16,7,2,0,6,3,6,1,0,1,2,6,2,4,1.0,0.0,0.0,0.0,1.0,2.0,6,4,4
100116,16,2,3,10,6,3,0,1,1,1,2,19,2,2,0.0,0.0,0.0,0.0,0.0,2.0,17,2,7
92475,16,2,3,10,2,3,0,5,1,1,2,19,2,2,0.0,0.0,0.0,0.0,0.0,3.0,16,3,7
129041,16,2,4,10,8,3,0,5,1,1,1,19,2,2,0.0,0.0,0.0,0.0,0.0,3.0,19,1,9
138470,16,7,3,10,6,3,6,5,1,1,2,36,2,2,0.0,0.0,0.0,0.0,0.0,2.0,15,7,10
182265,15,2,3,0,6,3,0,1,0,1,2,36,2,2,0.0,0.0,0.0,0.0,0.0,3.0,14,1,12
43534,16,7,3,9,5,3,6,1,0,1,0,18,2,3,1.0,0.0,0.0,1.0,0.0,1.0,13,4,4
122025,16,2,3,17,8,3,0,1,1,1,1,36,2,2,0.0,0.0,0.0,0.0,0.0,3.0,10,7,9
14220,16,2,3,17,8,3,0,1,1,1,2,24,2,2,0.0,0.0,0.0,0.0,0.0,2.0,15,3,1
125352,4,2,3,0,8,3,0,1,0,1,2,18,2,2,0.0,0.0,0.0,0.0,0.0,6.0,17,7,9
168714,16,2,3,17,8,3,0,1,0,1,2,24,2,2,0.0,0.0,0.0,0.0,0.0,2.0,16,7,11
42945,16,2,1,15,15,3,0,1,0,1,2,14,3,2,0.0,0.0,0.0,0.0,0.0,5.0,21,6,4
132736,15,3,3,17,2,3,0,1,1,1,2,18,2,2,0.0,0.0,0.0,0.0,0.0,2.0,15,4,9
76622,16,7,3,0,8,3,6,1,0,1,2,6,2,2,0.0,0.0,0.0,0.0,0.0,2.0,14,1,6
17103,15,2,0,10,10,3,1,1,1,1,1,36,2,2,0.0,0.0,0.0,0.0,0.0,2.0,17,6,2
91732,16,2,3,9,8,3,0,1,1,1,0,18,2,2,0.0,0.0,0.0,0.0,0.0,3.0,15,6,7
17643,16,2,1,17,6,3,5,5,1,1,0,22,2,2,0.0,0.0,0.0,0.0,0.0,2.0,18,1,2
119810,16,2,3,10,2,3,0,1,1,1,2,17,3,2,0.0,0.0,0.0,0.0,0.0,4.0,15,4,8
148556,16,2,2,10,2,3,0,1,1,1,0,19,2,2,0.0,0.0,0.0,0.0,0.0,2.0,18,7,10
174798,15,10,3,0,15,3,6,1,0,1,2,12,4,3,2.0,0.0,0.0,2.0,0.0,1.0,8,3,12
27434,4,2,3,10,8,3,0,1,1,1,1,36,2,2,0.0,0.0,0.0,0.0,0.0,2.0,10,7,2
164406,16,2,1,0,6,3,6,1,1,1,2,6,2,2,0.0,0.0,0.0,0.0,0.0,2.0,0,7,11
76821,17,2,3,0,6,3,0,1,0,1,2,18,2,3,3.0,0.0,0.0,3.0,0.0,3.0,14,5,6
110181,16,2,1,0,8,3,0,1,0,1,1,6,2,4,1.0,0.0,0.0,0.0,1.0,1.0,3,6,8
2877,16,5,3,14,8,3,1,1,1,1,2,18,2,2,0.0,0.0,0.0,0.0,0.0,2.0,15,2,1
95973,16,2,3,17,2,3,0,1,1,1,2,18,2,2,0.0,0.0,0.0,0.0,0.0,2.0,6,3,7
113705,4,2,1,17,8,3,0,1,1,1,2,36,2,2,0.0,0.0,0.0,0.0,0.0,2.0,23,2,8
136125,16,2,1,17,6,3,0,1,0,1,2,18,2,3,2.0,0.0,0.0,1.0,1.0,5.0,23,7,9
58047,16,2,3,10,8,3,0,1,1,1,2,36,2,2,0.0,0.0,0.0,0.0,0.0,2.0,12,7,5
145444,16,2,1,17,6,3,0,1,0,1,2,18,2,3,1.0,0.0,0.0,1.0,0.0,5.0,19,4,10
70927,16,2,3,10,8,3,0,1,1,1,2,36,2,2,0.0,0.0,0.0,0.0,0.0,2.0,18,1,5
184431,16,2,3,17,18,3,0,1,1,1,0,36,2,2,0.0,0.0,0.0,0.0,0.0,3.0,9,3,12
37290,16,7,3,0,8,3,6,1,0,1,2,6,2,2,0.0,0.0,0.0,0.0,0.0,2.0,10,4,3
9901,16,2,3,0,8,3,0,1,1,1,2,6,2,2,0.0,0.0,0.0,0.0,0.0,2.0,13,6,1
164834,16,7,1,17,3,3,6,1,1,1,2,24,2,2,0.0,0.0,0.0,0.0,0.0,2.0,23,6,11
120954,16,2,3,10,6,3,0,1,1,1,1,19,2,2,0.0,0.0,0.0,0.0,0.0,4.0,16,6,9
4761,16,2,3,10,3,3,0,1,1,1,2,8,2,2,0.0,0.0,0.0,0.0,0.0,2.0,7,3,1
23621,16,2,3,10,8,3,6,1,1,1,2,19,2,2,0.0,0.0,0.0,0.0,0.0,2.0,8,3,2
132500,15,2,3,0,8,3,0,1,1,1,1,18,2,2,0.0,0.0,0.0,0.0,0.0,6.0,8,6,9
126688,11,2,3,8,8,3,5,5,1,1,1,19,2,2,0.0,0.0,0.0,0.0,0.0,2.0,17,4,9
72160,15,2,3,0,8,3,0,1,1,1,1,36,2,2,0.0,0.0,0.0,0.0,0.0,2.0,16,5,6
108447,16,2,1,0,6,3,0,1,0,1,2,6,2,3,2.0,0.0,0.0,2.0,0.0,1.0,20,1,8
125418,15,2,3,17,6,3,0,1,0,1,2,18,4,3,1.0,0.0,0.0,1.0,0.0,1.0,5,2,9
89902,16,3,3,15,2,3,0,1,1,0,2,24,2,2,0.0,0.0,0.0,0.0,0.0,2.0,16,5,7
158135,15,2,1,0,8,3,0,1,0,1,1,5,2,4,1.0,0.0,0.0,0.0,1.0,1.0,17,2,11
164113,15,2,3,0,6,3,0,1,0,1,2,36,3,3,1.0,0.0,0.0,1.0,0.0,1.0,12,4,11
142467,15,2,1,0,16,3,0,1,0,1,2,17,2,2,0.0,0.0,0.0,0.0,0.0,2.0,21,6,10
164069,15,2,3,0,15,3,0,1,0,1,2,36,2,2,0.0,0.0,0.0,0.0,0.0,3.0,15,4,11
129464,17,2,3,10,13,3,0,5,0,1,2,36,2,3,1.0,0.0,0.0,1.0,0.0,2.0,11,2,9
97507,16,2,3,9,6,3,0,1,0,1,2,22,2,3,1.0,0.0,0.0,1.0,0.0,1.0,14,4,7
149857,16,2,4,10,3,4,0,1,0,1,2,19,2,4,2.0,0.0,0.0,0.0,2.0,4.0,17,2,10
72529,15,2,3,0,6,3,0,1,0,1,2,5,2,2,0.0,0.0,0.0,0.0,0.0,2.0,12,3,6
79194,16,2,3,17,6,3,0,1,1,1,2,17,2,2,0.0,0.0,0.0,0.0,0.0,2.0,18,4,6
114283,15,2,3,0,6,3,0,1,0,1,0,18,2,3,1.0,0.0,0.0,1.0,0.0,1.0,13,6,8
81799,16,2,3,17,2,3,0,1,0,1,2,18,2,3,1.0,0.0,0.0,1.0,0.0,4.0,18,7,6
25364,4,7,1,9,10,3,0,5,0,1,0,38,2,1,1.0,0.0,1.0,0.0,0.0,2.0,18,7,2
3386,16,2,1,9,6,3,4,5,0,0,1,18,2,1,1.0,0.0,1.0,0.0,0.0,1.0,0,3,1
72063,16,2,4,11,8,3,0,1,1,1,1,21,2,2,0.0,0.0,0.0,0.0,0.0,2.0,19,3,6
52290,15,2,3,17,6,3,0,1,0,1,2,18,2,2,0.0,0.0,0.0,0.0,0.0,3.0,16,6,4
3851,15,2,3,0,6,3,0,1,1,1,1,38,3,2,0.0,0.0,0.0,0.0,0.0,2.0,9,4,1
90235,16,2,3,17,6,3,0,1,1,1,2,36,2,2,0.0,0.0,0.0,0.0,0.0,3.0,14,4,7
158823,15,7,0,17,6,3,6,1,1,1,2,18,2,2,0.0,0.0,0.0,0.0,0.0,3.0,21,4,11
139660,16,2,3,9,8,3,0,1,0,1,0,18,2,3,1.0,0.0,0.0,1.0,0.0,1.0,16,3,10
155816,16,2,1,17,8,3,0,5,0,1,2,6,2,4,1.0,0.0,0.0,0.0,1.0,1.0,6,5,11
27402,17,2,3,17,6,3,0,1,1,1,0,18,2,2,0.0,0.0,0.0,0.0,0.0,2.0,16,7,2
136716,16,2,3,10,6,3,0,5,1,1,2,36,2,2,0.0,0.0,0.0,0.0,0.0,2.0,13,3,9
57049,16,2,3,10,8,3,0,1,1,1,1,36,2,2,0.0,0.0,0.0,0.0,0.0,2.0,8,5,5
174071,16,2,3,10,6,3,0,1,1,1,2,19,3,2,0.0,0.0,0.0,0.0,0.0,6.0,8,7,12
182445,16,2,3,17,2,3,5,5,1,1,1,36,2,2,0.0,0.0,0.0,0.0,0.0,2.0,8,7,12
24015,15,7,1,0,11,3,6,1,0,1,2,18,3,2,0.0,0.0,0.0,0.0,0.0,3.0,16,3,2
72012,4,2,4,0,8,3,0,1,0,1,2,36,2,3,1.0,0.0,0.0,1.0,0.0,2.0,23,2,6
63097,16,3,3,0,8,3,0,1,0,1,2,18,3,4,1.0,0.0,0.0,0.0,1.0,2.0,11,3,5
148133,16,2,1,17,3,3,0,1,0,1,2,6,2,3,3.0,0.0,0.0,2.0,1.0,0.0,6,6,10
84955,4,7,3,0,17,3,6,1,1,1,2,18,2,2,0.0,0.0,0.0,0.0,0.0,4.0,7,6,6
157639,15,2,3,9,15,3,0,1,0,1,0,17,2,3,1.0,0.0,0.0,1.0,0.0,1.0,8,2,11
160526,15,2,3,8,6,3,0,1,0,1,1,11,2,3,1.0,0.0,0.0,1.0,0.0,1.0,8,2,11
109338,16,2,3,10,8,3,0,1,1,1,2,17,2,2,0.0,0.0,0.0,0.0,0.0,2.0,19,7,8
24539,16,2,3,17,2,3,6,5,1,1,2,30,2,2,0.0,0.0,0.0,0.0,0.0,3.0,9,5,2
113870,4,2,3,17,8,3,0,1,1,1,1,36,2,2,0.0,0.0,0.0,0.0,0.0,2.0,8,6,8
103359,4,2,1,17,8,3,5,5,0,1,2,18,2,2,0.0,0.0,0.0,0.0,0.0,2.0,4,3,7
31660,16,2,3,17,15,3,0,1,1,1,2,36,2,2,0.0,0.0,0.0,0.0,0.0,2.0,7,2,3
26591,16,2,1,0,6,3,0,1,0,1,2,6,2,1,1.0,0.0,1.0,0.0,0.0,1.0,23,7,2
42737,16,2,3,17,10,3,0,1,1,1,1,24,2,2,0.0,0.0,0.0,0.0,0.0,3.0,14,1,4
64339,15,2,3,0,6,3,0,1,0,1,2,18,2,3,2.0,0.0,0.0,2.0,0.0,2.0,19,2,5
160460,16,2,1,17,2,3,0,1,0,1,2,18,2,2,0.0,0.0,0.0,0.0,0.0,3.0,18,7,11
95349,15,7,3,17,2,3,6,5,0,1,2,18,2,2,0.0,0.0,0.0,0.0,0.0,2.0,19,6,7
177898,15,2,3,17,6,3,6,1,1,1,2,36,2,2,0.0,0.0,0.0,0.0,0.0,2.0,8,4,12
138539,15,2,1,17,5,3,0,1,1,1,2,36,2,2,0.0,0.0,0.0,0.0,0.0,2.0,2,1,10
1185,16,2,3,10,2,3,0,1,0,1,2,19,2,4,2.0,0.0,0.0,0.0,2.0,1.0,18,6,1
68242,16,2,3,10,1,3,0,1,0,1,2,36,3,2,0.0,0.0,0.0,0.0,0.0,3.0,10,6,5
158757,15,3,3,15,8,3,6,1,1,1,0,23,2,2,0.0,0.0,0.0,0.0,0.0,2.0,9,3,11
167557,16,10,3,10,8,3,4,1,1,0,1,19,2,2,0.0,0.0,0.0,0.0,0.0,4.0,10,5,11
168819,16,7,3,11,8,3,6,1,1,1,2,12,2,2,0.0,0.0,0.0,0.0,0.0,2.0,14,3,11
124799,15,3,3,0,6,3,0,1,1,1,2,36,2,2,0.0,0.0,0.0,0.0,0.0,3.0,15,6,9
88644,16,2,1,10,3,3,0,1,1,1,1,24,2,2,0.0,0.0,0.0,0.0,0.0,2.0,22,7,7
102382,16,2,3,10,8,3,0,1,0,1,2,19,4,3,4.0,0.0,0.0,4.0,0.0,5.0,15,7,7
33762,15,2,3,0,6,3,0,1,1,1,2,11,2,2,0.0,0.0,0.0,0.0,0.0,3.0,16,3,3
3001,4,2,3,2,10,2,0,1,0,1,2,12,1,2,0.0,0.0,0.0,0.0,0.0,1.0,9,1,1
80840,16,2,0,9,15,3,0,1,0,0,0,18,3,3,2.0,0.0,0.0,2.0,0.0,1.0,21,7,6
47732,16,2,1,0,8,3,0,1,1,1,1,6,2,2,0.0,0.0,0.0,0.0,0.0,5.0,21,7,4
140298,15,2,3,0,5,3,0,5,1,1,2,26,2,2,0.0,0.0,0.0,0.0,0.0,2.0,14,5,10
181660,16,2,1,0,6,3,6,1,0,1,2,6,2,3,3.0,0.0,0.0,1.0,2.0,1.0,2,7,12
113781,16,2,3,15,8,3,0,1,1,1,1,24,2,2,0.0,0.0,0.0,0.0,0.0,3.0,17,5,8
134576,4,2,1,2,18,3,0,5,0,1,2,36,1,3,2.0,0.0,0.0,2.0,0.0,0.0,18,1,9
163625,16,2,1,17,2,3,0,1,1,1,1,36,2,2,0.0,0.0,0.0,0.0,0.0,2.0,5,4,11
22305,16,10,1,0,2,3,4,5,1,1,2,18,2,2,0.0,0.0,0.0,0.0,0.0,3.0,1,3,2
156507,15,2,1,10,2,3,0,1,1,1,2,19,2,2,0.0,0.0,0.0,0.0,0.0,2.0,16,7,11
110657,16,2,3,10,6,3,0,1,1,1,1,19,2,2,0.0,0.0,0.0,0.0,0.0,3.0,8,6,8
30474,4,7,3,3,8,3,6,1,0,0,2,36,2,3,1.0,0.0,0.0,1.0,0.0,1.0,8,3,3
7734,15,2,3,0,8,3,0,1,1,1,2,36,2,2,0.0,0.0,0.0,0.0,0.0,4.0,11,4,1
174913,16,2,3,10,8,3,0,5,1,1,2,17,2,2,0.0,0.0,0.0,0.0,0.0,2.0,16,3,12
146460,4,2,3,0,8,3,0,1,0,1,1,18,2,2,0.0,0.0,0.0,0.0,0.0,2.0,16,3,10
48949,16,2,1,0,3,3,0,1,0,1,2,6,3,1,2.0,0.0,2.0,0.0,0.0,2.0,4,2,4
35476,15,2,1,0,15,3,0,1,0,1,2,5,6,3,2.0,0.0,0.0,2.0,0.0,1.0,2,2,3
152700,4,2,1,2,2,2,0,1,0,1,2,36,1,2,0.0,0.0,0.0,0.0,0.0,1.0,1,7,10
136719,16,2,3,17,8,3,0,1,1,1,2,18,2,2,0.0,0.0,0.0,0.0,0.0,4.0,14,3,9
150710,15,2,1,17,6,3,0,1,0,1,2,18,2,4,1.0,0.0,0.0,0.0,1.0,3.0,20,7,10
45714,4,2,3,0,6,3,0,1,0,1,2,18,2,2,0.0,0.0,0.0,0.0,0.0,2.0,18,7,4
73145,16,2,3,10,10,3,0,1,0,1,1,17,2,3,1.0,0.0,0.0,1.0,0.0,1.0,14,6,6
111584,16,2,3,17,11,3,0,1,1,1,2,24,2,2,0.0,0.0,0.0,0.0,0.0,2.0,17,5,8
71721,15,2,3,0,6,3,0,1,1,1,2,36,2,2,0.0,0.0,0.0,0.0,0.0,2.0,9,6,5
140888,4,2,3,17,15,3,0,1,0,1,2,18,2,2,0.0,0.0,0.0,0.0,0.0,2.0,16,6,10
56004,16,7,1,15,6,3,6,5,1,1,1,36,2,2,0.0,0.0,0.0,0.0,0.0,2.0,23,3,4
42679,16,7,4,17,5,3,6,1,0,1,2,18,2,4,1.0,0.0,0.0,0.0,1.0,2.0,17,2,4
22723,16,7,0,10,2,3,6,1,1,1,2,19,2,2,0.0,0.0,0.0,0.0,0.0,2.0,18,2,2
132767,16,2,3,17,15,3,0,1,0,1,2,18,2,4,1.0,0.0,0.0,0.0,1.0,2.0,7,4,9
176979,16,2,3,17,15,3,0,1,1,1,0,24,2,2,0.0,0.0,0.0,0.0,0.0,2.0,14,7,12
33446,16,2,3,17,2,3,0,1,0,1,2,22,2,3,1.0,0.0,0.0,1.0,0.0,1.0,15,3,3
151347,16,2,3,15,1,3,0,1,1,1,2,36,2,2,0.0,0.0,0.0,0.0,0.0,3.0,6,2,10
96098,4,2,3,15,8,3,0,1,1,0,2,26,2,2,0.0,0.0,0.0,0.0,0.0,3.0,15,3,7
19148,16,7,3,0,3,3,6,1,0,1,2,36,2,4,1.0,0.0,0.0,0.0,1.0,2.0,10,5,2
15063,15,2,3,10,2,3,0,1,1,1,2,19,2,2,0.0,0.0,0.0,0.0,0.0,3.0,15,2,2
159540,16,2,3,15,2,3,0,1,1,1,2,23,2,2,0.0,0.0,0.0,0.0,0.0,2.0,7,2,11
163679,15,10,3,17,8,3,4,1,1,1,1,36,2,2,0.0,0.0,0.0,0.0,0.0,4.0,15,5,11
96168,16,2,3,15,10,3,0,1,1,1,2,36,2,2,0.0,0.0,0.0,0.0,0.0,5.0,15,4,7
49179,16,2,3,0,2,3,0,1,0,1,2,36,2,2,0.0,0.0,0.0,0.0,0.0,2.0,14,6,4
48353,16,2,3,10,8,3,0,1,1,1,2,8,2,2,0.0,0.0,0.0,0.0,0.0,2.0,9,5,4
123892,16,7,3,15,10,3,6,1,1,1,1,18,2,2,0.0,0.0,0.0,0.0,0.0,3.0,13,6,9
110259,15,2,3,0,6,3,0,1,0,1,2,36,2,2,0.0,0.0,0.0,0.0,0.0,4.0,18,7,8
64969,4,2,1,10,2,3,0,1,1,0,2,36,2,2,0.0,0.0,0.0,0.0,0.0,2.0,20,5,5
88653,15,2,3,17,10,3,0,1,1,1,2,24,2,2,0.0,0.0,0.0,0.0,0.0,2.0,11,7,7
89811,16,7,3,17,6,3,0,1,0,1,2,12,2,2,0.0,0.0,0.0,0.0,0.0,2.0,11,5,7
177064,15,2,1,0,3,3,0,5,1,1,2,36,2,2,0.0,0.0,0.0,0.0,0.0,2.0,18,2,12
80339,16,2,3,17,8,3,0,1,0,1,2,18,2,3,1.0,0.0,0.0,1.0,0.0,3.0,15,1,6
112608,16,2,1,17,8,3,0,1,0,1,2,18,2,2,0.0,0.0,0.0,0.0,0.0,3.0,1,7,8
69343,16,2,3,17,2,3,0,1,1,1,1,17,2,2,0.0,0.0,0.0,0.0,0.0,3.0,14,4,5
129846,16,2,1,2,6,3,0,1,0,1,2,14,1,3,1.0,0.0,0.0,1.0,0.0,0.0,21,6,9
42788,15,2,3,0,8,3,0,1,0,1,2,5,2,4,1.0,0.0,0.0,0.0,1.0,1.0,7,2,4
114110,16,2,2,17,8,3,0,1,0,1,2,18,2,2,0.0,0.0,0.0,0.0,0.0,2.0,18,2,8
167488,16,7,1,17,2,3,6,1,0,1,2,38,2,2,0.0,0.0,0.0,0.0,0.0,2.0,0,3,11
170936,15,2,1,0,6,3,0,1,0,1,2,18,2,2,0.0,0.0,0.0,0.0,0.0,3.0,0,1,11
137139,16,3,3,10,8,3,0,1,1,0,1,36,2,2,0.0,0.0,0.0,0.0,0.0,2.0,15,1,9
110669,16,2,1,3,8,3,0,1,0,1,2,6,3,3,4.0,0.0,0.0,4.0,0.0,0.0,22,6,8
184628,16,7,1,0,6,3,6,1,0,1,1,36,2,2,0.0,0.0,0.0,0.0,0.0,2.0,23,6,12
46067,16,2,3,10,8,3,0,1,1,1,1,19,2,2,0.0,0.0,0.0,0.0,0.0,2.0,9,6,4
124043,16,2,3,8,8,3,0,5,1,1,0,18,2,2,0.0,0.0,0.0,0.0,0.0,3.0,16,2,9
19084,16,2,3,17,6,3,6,1,0,1,2,17,2,3,3.0,0.0,0.0,3.0,0.0,1.0,12,4,2
21337,16,2,1,0,8,3,0,1,0,1,2,6,2,4,1.0,0.0,0.0,0.0,1.0,5.0,21,6,2
161078,16,2,3,17,3,3,0,1,0,0,2,24,2,2,0.0,0.0,0.0,0.0,0.0,2.0,8,3,11
137630,4,2,3,17,8,3,0,1,1,1,2,18,2,2,0.0,0.0,0.0,0.0,0.0,2.0,13,1,10
89425,16,2,3,10,2,3,0,1,0,0,2,19,2,3,1.0,0.0,0.0,1.0,0.0,1.0,16,4,7
34035,16,2,4,15,3,3,5,5,1,1,1,22,2,2,0.0,0.0,0.0,0.0,0.0,2.0,21,6,3
169573,16,3,1,17,6,3,0,5,1,1,1,23,2,2,0.0,0.0,0.0,0.0,0.0,2.0,18,2,11
84044,16,2,1,5,8,3,0,1,0,1,2,19,2,3,1.0,0.0,0.0,1.0,0.0,1.0,23,5,6
79062,15,2,3,2,6,3,0,1,1,1,2,36,1,2,0.0,0.0,0.0,0.0,0.0,4.0,9,2,6
145059,16,7,3,0,6,3,6,1,1,1,1,18,2,2,0.0,0.0,0.0,0.0,0.0,3.0,14,6,10
186600,16,7,1,10,8,3,6,5,1,1,2,19,2,2,0.0,0.0,0.0,0.0,0.0,2.0,20,5,12
65100,16,7,3,10,2,3,6,1,1,1,1,36,2,2,0.0,0.0,0.0,0.0,0.0,2.0,16,6,5
104099,15,2,3,17,2,3,0,1,1,1,1,12,2,2,0.0,0.0,0.0,0.0,0.0,3.0,16,5,8
40468,4,2,3,15,8,3,0,1,1,1,1,18,2,2,0.0,0.0,0.0,0.0,0.0,2.0,14,2,3
146584,16,2,3,17,2,3,0,1,1,1,2,24,2,2,0.0,0.0,0.0,0.0,0.0,2.0,16,6,10
148621,16,3,3,17,2,3,0,3,1,1,1,12,2,2,0.0,0.0,0.0,0.0,0.0,3.0,15,5,10
108268,16,2,3,10,3,3,0,1,0,1,2,30,2,3,2.0,0.0,0.0,2.0,0.0,0.0,10,4,8
48805,15,7,3,0,6,3,0,1,0,1,2,36,2,2,0.0,0.0,0.0,0.0,0.0,2.0,15,6,4
113524,16,2,1,0,6,3,0,1,0,1,2,6,3,3,1.0,0.0,0.0,1.0,0.0,3.0,23,1,8
40101,4,7,1,7,15,3,6,1,0,1,2,13,3,2,0.0,0.0,0.0,0.0,0.0,1.0,1,3,3
12781,15,10,3,0,6,3,4,1,1,1,2,18,2,2,0.0,0.0,0.0,0.0,0.0,2.0,7,5,1
47089,16,2,3,17,6,3,0,1,0,1,1,24,2,2,0.0,0.0,0.0,0.0,0.0,3.0,12,5,4
135659,16,2,3,2,8,3,0,1,0,1,2,36,1,2,0.0,0.0,0.0,0.0,0.0,1.0,10,2,9
8679,4,10,0,17,8,3,0,1,0,1,2,18,2,2,0.0,0.0,0.0,0.0,0.0,2.0,18,5,1
164594,16,7,3,17,6,3,6,1,1,1,2,17,2,2,0.0,0.0,0.0,0.0,0.0,2.0,9,4,11
8410,16,2,3,10,6,3,0,1,0,1,0,36,2,3,1.0,0.0,0.0,1.0,0.0,1.0,9,2,1
134703,16,2,3,15,6,3,0,5,1,1,1,36,2,2,0.0,0.0,0.0,0.0,0.0,2.0,15,4,9
10182,15,2,3,17,8,3,0,1,1,1,1,18,2,2,0.0,0.0,0.0,0.0,0.0,4.0,14,3,1
160868,4,2,2,10,2,3,0,1,0,1,2,17,3,2,0.0,0.0,0.0,0.0,0.0,6.0,6,6,11
38573,15,2,3,0,10,3,0,1,0,1,2,5,2,2,0.0,0.0,0.0,0.0,0.0,5.0,17,7,3
178484,16,2,3,0,8,3,0,1,0,1,2,6,3,2,0.0,0.0,0.0,0.0,0.0,3.0,7,5,12
175803,16,3,3,10,6,3,0,1,1,1,2,19,2,2,0.0,0.0,0.0,0.0,0.0,3.0,11,4,12
53689,16,2,3,0,11,3,0,1,0,1,2,6,2,3,1.0,0.0,0.0,1.0,0.0,2.0,18,1,4
52223,17,11,5,15,3,3,5,5,1,1,2,36,2,2,0.0,0.0,0.0,0.0,0.0,2.0,8,3,4
38200,16,10,1,0,6,3,6,1,0,1,2,6,2,2,0.0,0.0,0.0,0.0,0.0,2.0,23,1,3
48153,15,7,3,17,2,3,6,1,1,1,2,36,2,2,0.0,0.0,0.0,0.0,0.0,2.0,11,7,4
20843,4,10,3,15,6,3,4,1,1,1,2,26,2,2,0.0,0.0,0.0,0.0,0.0,2.0,14,7,2
108252,15,2,3,10,8,3,0,1,1,1,1,19,2,2,0.0,0.0,0.0,0.0,0.0,2.0,7,4,8
57200,4,2,3,17,2,3,0,1,1,1,2,18,2,2,0.0,0.0,0.0,0.0,0.0,2.0,10,1,5
75657,16,2,1,17,15,3,0,1,1,1,1,36,2,2,0.0,0.0,0.0,0.0,0.0,2.0,19,7,6
91812,16,2,3,0,6,3,0,5,1,1,1,6,2,2,0.0,0.0,0.0,0.0,0.0,2.0,6,7,7
134744,16,2,3,17,8,3,0,1,1,1,1,24,2,2,0.0,0.0,0.0,0.0,0.0,2.0,8,4,9
102706,16,2,3,10,8,3,0,1,1,0,1,36,2,2,0.0,0.0,0.0,0.0,0.0,3.0,17,6,7
25593,16,3,3,0,8,3,6,1,1,1,2,6,2,2,0.0,0.0,0.0,0.0,0.0,2.0,7,5,2
155246,16,2,1,10,8,3,0,1,1,1,2,19,2,2,0.0,0.0,0.0,0.0,0.0,2.0,23,4,10
149809,4,7,1,9,10,3,6,5,0,1,0,18,2,3,1.0,0.0,0.0,1.0,0.0,1.0,21,1,10
41899,16,2,3,10,8,3,0,1,1,1,2,36,2,2,0.0,0.0,0.0,0.0,0.0,4.0,11,7,3
44863,16,2,3,17,6,3,0,1,1,1,2,36,2,2,0.0,0.0,0.0,0.0,0.0,2.0,13,7,4
136620,15,2,1,17,8,3,5,5,1,1,1,18,2,2,0.0,0.0,0.0,0.0,0.0,2.0,19,7,9
58087,16,2,1,17,8,3,0,1,0,1,2,18,2,2,0.0,0.0,0.0,0.0,0.0,3.0,20,1,5
169767,15,7,3,0,8,3,6,1,0,1,2,18,2,3,1.0,0.0,0.0,1.0,0.0,1.0,14,3,11
15920,15,2,3,0,8,3,0,1,0,1,2,18,2,3,2.0,0.0,0.0,2.0,0.0,1.0,16,6,2
70047,16,2,3,17,6,3,0,1,0,1,2,38,2,3,1.0,0.0,0.0,1.0,0.0,2.0,18,1,5
39783,15,2,3,0,8,3,0,1,0,1,1,26,2,2,0.0,0.0,0.0,0.0,0.0,3.0,16,2,3
137609,17,11,3,7,8,3,5,5,1,1,1,26,2,2,0.0,0.0,0.0,0.0,0.0,1.0,14,7,10
177574,4,2,0,9,2,3,0,1,0,1,2,17,2,4,1.0,0.0,0.0,0.0,1.0,1.0,16,1,12
136587,16,2,1,0,2,3,0,1,0,1,2,6,3,4,1.0,0.0,0.0,0.0,1.0,2.0,1,7,9
184053,15,3,3,9,18,3,5,5,0,1,0,18,2,3,1.0,0.0,0.0,1.0,0.0,1.0,8,5,12
174183,16,2,3,0,6,3,0,1,0,1,2,6,2,2,0.0,0.0,0.0,0.0,0.0,2.0,19,2,12
156516,16,2,1,10,8,3,0,1,1,1,2,19,3,2,0.0,0.0,0.0,0.0,0.0,3.0,18,7,11
17021,4,11,5,17,10,3,5,5,1,1,0,36,2,2,0.0,0.0,0.0,0.0,0.0,2.0,16,4,2
154112,16,2,3,17,11,3,0,1,0,1,2,24,2,2,0.0,0.0,0.0,0.0,0.0,2.0,6,5,10