crash_date,               traffic_control_device,weather_condition,lighting_condition,first_crash_type,trafficway_type,alignment,roadway_surface_cond,road_defect,crash_type,intersection_related_i,damage,prim_contributory_cause,num_units,most_severe_injury,injuries_total,injuries_fatal,injuries_incapacitating,injuries_non_incapacitating,injuries_reported_not_evident,injuries_no_indication,crash_hour,crash_day_of_week,crash_month
31513,15,2,1,2,10,3,0,1,0,1,2,9,2,3,1.0,0.0,0.0,1.0,0.0,1.0,0,5,3
121849,15,11,5,10,2,3,5,5,1,1,1,36,2,2,0.0,0.0,0.0,0.0,0.0,3.0,15,5,9
104469,16,2,4,10,10,3,5,5,1,1,2,19,2,2,0.0,0.0,0.0,0.0,0.0,2.0,18,5,8
127135,15,2,3,0,8,3,0,1,0,1,2,5,2,2,0.0,0.0,0.0,0.0,0.0,2.0,9,5,9
80061,16,2,1,10,8,3,0,1,1,1,0,19,2,2,0.0,0.0,0.0,0.0,0.0,2.0,23,1,6
142040,15,2,1,10,2,3,0,1,1,0,0,36,2,2,0.0,0.0,0.0,0.0,0.0,2.0,23,7,10
69697,16,2,3,17,8,3,0,1,1,1,2,36,2,2,0.0,0.0,0.0,0.0,0.0,2.0,13,2,5
137859,16,2,3,17,2,3,0,1,0,1,2,36,2,2,0.0,0.0,0.0,0.0,0.0,2.0,12,5,10
120201,15,2,3,10,8,3,5,5,1,1,1,19,2,2,0.0,0.0,0.0,0.0,0.0,4.0,12,2,8
79825,15,2,1,0,2,3,0,1,0,1,2,36,2,4,1.0,0.0,0.0,0.0,1.0,1.0,4,7,6
21326,16,2,1,17,3,3,5,1,1,1,1,18,2,2,0.0,0.0,0.0,0.0,0.0,3.0,20,6,2
144280,16,2,4,9,3,3,6,1,0,1,2,24,2,3,1.0,0.0,0.0,1.0,0.0,1.0,19,2,10
129876,16,2,3,17,8,3,0,1,0,1,2,36,2,4,1.0,0.0,0.0,0.0,1.0,1.0,13,7,9
154373,15,2,3,9,6,3,0,1,0,1,0,18,2,3,1.0,0.0,0.0,1.0,0.0,1.0,15,3,10
163004,16,2,3,15,10,3,0,1,1,1,2,22,2,2,0.0,0.0,0.0,0.0,0.0,2.0,12,4,11
112384,16,2,3,0,6,3,0,1,0,1,2,36,2,3,1.0,0.0,0.0,1.0,0.0,1.0,14,6,8
51501,4,2,1,17,10,3,0,1,1,1,1,18,2,2,0.0,0.0,0.0,0.0,0.0,2.0,22,5,4
170012,4,3,0,17,8,3,6,1,0,1,2,36,2,4,1.0,0.0,0.0,0.0,1.0,3.0,18,1,11
163058,4,2,1,17,8,3,0,1,0,1,1,18,2,4,1.0,0.0,0.0,0.0,1.0,1.0,17,3,11
15256,16,10,1,9,6,3,6,1,0,1,0,18,2,4,1.0,0.0,0.0,0.0,1.0,1.0,4,7,2
119981,15,2,3,10,8,3,0,1,1,1,1,19,2,2,0.0,0.0,0.0,0.0,0.0,2.0,16,5,8
156648,4,2,3,17,15,3,0,5,1,1,1,36,2,2,0.0,0.0,0.0,0.0,0.0,2.0,7,3,11
129752,16,2,1,17,8,3,0,1,0,0,2,18,2,2,0.0,0.0,0.0,0.0,0.0,2.0,22,5,9
34129,16,2,1,17,6,3,0,1,1,1,2,24,2,2,0.0,0.0,0.0,0.0,0.0,3.0,4,1,3
36751,15,2,4,2,8,3,0,1,0,1,2,5,1,2,0.0,0.0,0.0,0.0,0.0,1.0,19,2,3
92405,16,7,1,0,8,3,6,1,0,1,2,18,2,3,1.0,0.0,0.0,1.0,0.0,2.0,22,3,7
23083,4,2,3,10,2,3,0,5,1,1,1,19,2,2,0.0,0.0,0.0,0.0,0.0,3.0,16,1,2
147726,17,2,2,9,6,3,0,5,0,1,2,19,2,3,1.0,0.0,0.0,1.0,0.0,1.0,15,2,10
15463,16,2,3,10,8,3,0,1,1,1,2,19,2,2,0.0,0.0,0.0,0.0,0.0,2.0,7,4,2
16802,4,2,3,17,10,3,0,3,1,1,2,18,2,2,0.0,0.0,0.0,0.0,0.0,2.0,16,1,2
87824,16,2,1,17,1,3,0,1,1,1,1,17,2,2,0.0,0.0,0.0,0.0,0.0,6.0,22,7,7
124345,16,2,0,10,6,3,0,1,1,1,2,36,2,2,0.0,0.0,0.0,0.0,0.0,3.0,22,7,9
187058,15,10,0,0,11,3,4,5,0,1,2,39,2,2,0.0,0.0,0.0,0.0,0.0,3.0,17,5,12
30296,16,2,1,7,3,3,0,1,1,1,1,31,2,2,0.0,0.0,0.0,0.0,0.0,2.0,21,6,3
129657,15,2,3,17,8,3,0,1,1,1,1,36,2,2,0.0,0.0,0.0,0.0,0.0,2.0,15,3,9
43061,4,2,3,15,3,3,0,1,1,1,2,23,2,2,0.0,0.0,0.0,0.0,0.0,4.0,10,1,4
50088,15,2,3,0,2,3,0,1,0,1,2,18,3,4,1.0,0.0,0.0,0.0,1.0,1.0,12,1,4
45481,4,2,3,17,0,3,0,1,0,1,2,18,2,2,0.0,0.0,0.0,0.0,0.0,2.0,7,2,4
108028,15,2,1,7,15,3,0,1,0,1,2,24,8,2,0.0,0.0,0.0,0.0,0.0,1.0,23,1,8
5547,16,7,3,2,8,3,6,1,0,1,2,39,2,1,2.0,0.0,2.0,0.0,0.0,0.0,12,6,1
80247,4,2,3,8,8,3,0,1,0,1,1,36,2,3,1.0,0.0,0.0,1.0,0.0,1.0,11,5,6
41697,16,2,3,17,6,3,0,1,1,1,2,18,2,2,0.0,0.0,0.0,0.0,0.0,2.0,14,5,3
82988,16,2,3,0,6,3,0,5,0,1,2,36,2,3,2.0,0.0,0.0,1.0,1.0,2.0,11,3,6
93331,16,7,3,17,3,3,6,5,1,1,1,24,2,2,0.0,0.0,0.0,0.0,0.0,2.0,14,3,7
70759,17,2,3,17,8,3,0,5,1,1,1,22,2,2,0.0,0.0,0.0,0.0,0.0,2.0,10,4,5
61387,4,2,3,17,10,3,0,1,0,1,2,17,2,4,3.0,0.0,0.0,0.0,3.0,2.0,11,4,5
108712,16,2,3,17,19,3,0,1,1,1,0,19,2,2,0.0,0.0,0.0,0.0,0.0,2.0,12,6,8
131433,4,2,4,17,8,3,0,1,0,1,2,36,2,4,1.0,0.0,0.0,0.0,1.0,1.0,18,6,9
94551,4,2,1,15,8,3,0,1,1,1,2,26,2,2,0.0,0.0,0.0,0.0,0.0,2.0,21,6,7
147724,16,2,3,15,10,3,0,1,1,1,1,22,2,2,0.0,0.0,0.0,0.0,0.0,2.0,15,2,10
2822,16,5,1,17,6,3,6,1,1,1,2,22,2,2,0.0,0.0,0.0,0.0,0.0,2.0,18,7,1
140156,15,2,1,0,6,3,0,1,0,1,2,5,2,4,1.0,0.0,0.0,0.0,1.0,1.0,22,2,10
131901,16,2,3,15,2,3,0,5,1,1,2,23,2,2,0.0,0.0,0.0,0.0,0.0,2.0,7,5,9
161313,16,2,1,7,2,3,0,1,0,0,2,20,3,3,1.0,0.0,0.0,1.0,0.0,0.0,20,1,11
905,16,2,1,17,6,3,0,1,1,1,2,22,2,2,0.0,0.0,0.0,0.0,0.0,2.0,17,3,1
11667,16,7,1,9,10,3,6,1,0,1,2,18,2,1,3.0,0.0,1.0,1.0,1.0,1.0,23,6,1
173685,16,2,1,15,8,3,0,2,1,1,1,23,2,2,0.0,0.0,0.0,0.0,0.0,3.0,18,3,12
114002,16,2,1,5,2,3,0,1,0,1,2,36,2,1,2.0,0.0,1.0,0.0,1.0,0.0,20,2,8
18241,16,11,5,10,18,3,5,5,1,1,2,36,2,2,0.0,0.0,0.0,0.0,0.0,2.0,17,4,2
186137,16,2,1,10,2,3,0,1,1,1,2,17,2,2,0.0,0.0,0.0,0.0,0.0,5.0,18,4,12
139780,16,11,3,17,6,3,5,5,1,1,0,36,2,2,0.0,0.0,0.0,0.0,0.0,2.0,14,6,10
98379,15,7,3,10,2,3,6,1,1,1,2,17,2,2,0.0,0.0,0.0,0.0,0.0,2.0,14,3,7
116708,4,2,3,0,8,3,0,1,0,1,2,4,2,2,0.0,0.0,0.0,0.0,0.0,4.0,17,6,8
91026,16,2,3,0,11,3,0,1,0,1,2,13,2,4,2.0,0.0,0.0,0.0,2.0,1.0,14,1,7
129000,15,2,1,7,10,3,0,5,1,1,2,22,2,2,0.0,0.0,0.0,0.0,0.0,1.0,0,7,9
137261,16,2,3,15,6,3,0,1,1,1,1,18,2,2,0.0,0.0,0.0,0.0,0.0,2.0,7,4,9
14384,16,10,3,8,6,3,6,5,1,1,0,39,2,2,0.0,0.0,0.0,0.0,0.0,2.0,15,7,1
151340,16,2,0,2,15,3,0,1,1,1,2,22,1,2,0.0,0.0,0.0,0.0,0.0,1.0,5,2,10
16243,4,10,1,3,2,3,4,1,0,1,2,36,2,2,0.0,0.0,0.0,0.0,0.0,2.0,17,5,2
152321,15,2,3,0,2,3,0,5,0,1,2,18,2,3,2.0,0.0,0.0,2.0,0.0,2.0,8,6,10
154229,4,7,1,2,6,3,6,1,1,1,2,36,1,2,0.0,0.0,0.0,0.0,0.0,1.0,23,6,10
54763,16,7,3,8,8,3,6,1,0,1,2,17,2,3,1.0,0.0,0.0,1.0,0.0,3.0,13,4,4
133447,16,2,3,17,6,3,0,1,1,1,2,18,2,2,0.0,0.0,0.0,0.0,0.0,2.0,14,7,9
92933,4,3,3,17,15,3,6,1,0,1,2,18,2,2,0.0,0.0,0.0,0.0,0.0,4.0,9,4,7
9677,15,2,3,0,10,3,0,1,0,1,2,18,2,2,0.0,0.0,0.0,0.0,0.0,2.0,15,1,1
1642,16,2,3,17,3,3,0,1,0,1,2,18,2,2,0.0,0.0,0.0,0.0,0.0,3.0,16,7,1
143577,16,2,4,10,6,3,0,5,1,1,0,36,2,2,0.0,0.0,0.0,0.0,0.0,2.0,18,6,10
79034,16,2,3,10,10,3,0,1,1,1,1,19,2,2,0.0,0.0,0.0,0.0,0.0,3.0,16,2,6
32361,17,3,3,0,8,3,5,5,1,1,2,36,2,2,0.0,0.0,0.0,0.0,0.0,3.0,12,5,3
146578,16,2,3,2,3,3,0,1,0,1,2,9,1,3,2.0,0.0,0.0,2.0,0.0,0.0,15,6,10
39571,16,7,3,10,6,3,6,1,0,1,2,19,2,3,1.0,0.0,0.0,1.0,0.0,2.0,7,6,3
76763,16,2,3,0,8,3,0,1,0,1,2,18,2,4,1.0,0.0,0.0,0.0,1.0,1.0,15,4,6
147111,15,2,3,17,1,3,0,1,0,1,2,18,2,3,3.0,0.0,0.0,3.0,0.0,0.0,12,5,10
184527,16,2,1,0,5,3,0,5,0,1,2,36,2,3,3.0,0.0,0.0,1.0,2.0,0.0,5,5,12
140379,15,2,3,0,6,3,0,1,0,1,2,18,2,3,1.0,0.0,0.0,1.0,0.0,3.0,17,7,10
72829,15,2,3,8,8,3,0,1,1,1,2,19,2,2,0.0,0.0,0.0,0.0,0.0,2.0,17,6,6
119901,13,2,3,13,6,3,6,1,1,1,2,36,2,2,0.0,0.0,0.0,0.0,0.0,2.0,6,6,8
179161,4,2,1,0,15,3,0,1,0,1,2,36,2,2,0.0,0.0,0.0,0.0,0.0,2.0,18,1,12
101130,16,2,3,15,2,3,0,1,1,1,2,22,2,2,0.0,0.0,0.0,0.0,0.0,2.0,17,4,7
4981,15,7,1,0,10,3,6,1,0,1,1,39,2,4,1.0,0.0,0.0,0.0,1.0,1.0,19,5,1
115125,16,2,3,17,11,3,0,1,1,1,1,18,2,2,0.0,0.0,0.0,0.0,0.0,2.0,8,3,8
89203,4,2,1,17,2,3,0,1,0,1,2,36,2,2,0.0,0.0,0.0,0.0,0.0,2.0,0,1,7
181139,17,11,3,15,2,3,5,5,1,0,0,36,2,2,0.0,0.0,0.0,0.0,0.0,2.0,11,6,12
75885,4,2,3,10,8,3,6,1,1,1,2,19,2,2,0.0,0.0,0.0,0.0,0.0,2.0,12,4,6
46101,17,11,5,17,18,3,5,5,1,1,2,22,2,2,0.0,0.0,0.0,0.0,0.0,2.0,3,7,4
40751,16,7,3,17,6,3,6,1,1,1,1,24,2,2,0.0,0.0,0.0,0.0,0.0,2.0,7,7,3
166178,16,2,1,17,6,3,0,1,0,1,2,36,2,2,0.0,0.0,0.0,0.0,0.0,2.0,6,5,11
153064,15,2,3,0,6,3,0,1,0,1,2,18,2,2,0.0,0.0,0.0,0.0,0.0,2.0,14,4,10
97356,15,2,1,0,6,3,0,1,0,1,2,5,2,4,1.0,0.0,0.0,0.0,1.0,4.0,23,1,7
142715,16,2,1,17,6,3,0,5,1,1,2,24,2,2,0.0,0.0,0.0,0.0,0.0,3.0,22,4,10
50156,16,2,3,15,6,3,0,1,1,1,2,36,2,2,0.0,0.0,0.0,0.0,0.0,3.0,14,3,4
186863,4,2,3,17,8,3,0,1,1,1,2,18,2,2,0.0,0.0,0.0,0.0,0.0,2.0,10,3,12
41297,4,2,3,17,0,3,0,5,1,1,2,18,2,2,0.0,0.0,0.0,0.0,0.0,2.0,10,4,3
111433,16,2,3,7,8,3,0,1,1,1,1,36,2,2,0.0,0.0,0.0,0.0,0.0,2.0,13,3,8
64470,15,2,3,0,15,3,0,5,0,1,2,18,3,3,2.0,0.0,0.0,1.0,1.0,0.0,11,4,5
59621,16,2,3,15,2,3,0,1,1,1,2,22,2,2,0.0,0.0,0.0,0.0,0.0,2.0,17,4,5
16039,4,3,3,17,8,3,0,1,1,1,1,24,2,2,0.0,0.0,0.0,0.0,0.0,2.0,9,7,2
28745,15,2,3,0,11,3,0,1,1,1,2,18,2,2,0.0,0.0,0.0,0.0,0.0,2.0,5,6,3
119856,16,2,1,17,10,3,0,1,1,1,2,24,2,2,0.0,0.0,0.0,0.0,0.0,2.0,21,4,8
187599,15,10,3,0,2,3,4,5,0,1,1,36,2,4,1.0,0.0,0.0,0.0,1.0,1.0,11,6,12
69769,4,7,3,17,1,3,6,1,1,1,0,36,2,2,0.0,0.0,0.0,0.0,0.0,4.0,16,3,5
48572,16,2,3,17,1,3,0,1,0,1,2,24,2,3,1.0,0.0,0.0,1.0,0.0,2.0,18,7,4
154636,16,7,2,0,6,3,6,5,1,1,2,6,2,2,0.0,0.0,0.0,0.0,0.0,3.0,18,4,10
49499,15,2,3,10,8,3,0,1,0,1,2,19,2,4,1.0,0.0,0.0,0.0,1.0,1.0,10,3,4
73665,4,2,3,17,15,3,0,1,0,1,1,18,2,1,1.0,0.0,1.0,0.0,0.0,1.0,15,7,6
168061,4,2,3,17,15,3,0,5,0,1,2,36,2,2,0.0,0.0,0.0,0.0,0.0,3.0,15,6,11
76794,16,2,0,17,6,3,5,5,1,1,1,24,2,2,0.0,0.0,0.0,0.0,0.0,3.0,21,4,6
6339,16,2,3,9,8,3,0,1,1,1,0,18,2,2,0.0,0.0,0.0,0.0,0.0,2.0,7,6,1
1595,16,2,1,17,3,4,0,5,0,1,2,18,2,2,0.0,0.0,0.0,0.0,0.0,3.0,20,6,1
151473,16,11,4,17,6,3,0,1,1,1,2,36,2,2,0.0,0.0,0.0,0.0,0.0,2.0,18,5,10
81985,16,2,3,0,6,3,0,1,1,1,2,18,2,2,0.0,0.0,0.0,0.0,0.0,4.0,13,4,6
119124,16,2,3,15,6,3,0,4,1,1,2,22,2,2,0.0,0.0,0.0,0.0,0.0,6.0,13,1,8
152387,16,2,0,0,8,3,0,1,1,1,2,26,2,2,0.0,0.0,0.0,0.0,0.0,2.0,5,7,10
73076,15,2,3,0,2,3,0,1,0,1,2,18,2,1,2.0,0.0,1.0,1.0,0.0,4.0,16,5,6
5602,4,2,1,17,8,3,0,1,0,1,2,23,2,4,1.0,0.0,0.0,0.0,1.0,2.0,6,7,1
32853,16,2,3,10,15,3,0,5,0,1,2,36,2,3,3.0,0.0,0.0,2.0,1.0,2.0,17,1,3
136441,16,2,3,17,6,3,0,1,1,1,2,18,2,2,0.0,0.0,0.0,0.0,0.0,2.0,19,7,9
76159,4,2,3,10,8,3,0,1,1,1,1,19,2,2,0.0,0.0,0.0,0.0,0.0,2.0,13,1,6
30280,15,2,1,0,6,3,0,1,1,1,2,26,2,2,0.0,0.0,0.0,0.0,0.0,2.0,18,6,3
186148,16,2,1,17,8,3,0,1,0,1,2,18,2,2,0.0,0.0,0.0,0.0,0.0,2.0,21,4,12
98308,16,7,3,10,11,3,6,1,0,1,2,6,5,3,1.0,0.0,0.0,1.0,0.0,6.0,12,7,7
101790,16,2,1,9,8,3,0,1,0,1,2,18,2,3,1.0,0.0,0.0,1.0,0.0,1.0,20,7,7
158525,16,7,1,17,6,3,6,5,1,1,1,36,2,2,0.0,0.0,0.0,0.0,0.0,2.0,16,3,11
63667,16,2,3,17,2,3,0,1,1,1,2,24,2,2,0.0,0.0,0.0,0.0,0.0,3.0,19,4,5
188609,16,2,1,0,2,3,4,1,0,1,2,8,2,3,3.0,0.0,0.0,3.0,0.0,3.0,18,1,12
92315,16,2,3,10,8,3,0,1,0,1,1,19,2,3,1.0,0.0,0.0,1.0,0.0,1.0,5,1,7
185553,17,10,4,10,2,3,4,5,1,0,1,26,2,2,0.0,0.0,0.0,0.0,0.0,2.0,16,7,12
49538,4,2,3,10,8,3,0,1,1,0,1,19,2,2,0.0,0.0,0.0,0.0,0.0,2.0,18,4,4
40940,6,2,3,9,6,3,0,5,0,1,2,36,2,4,1.0,0.0,0.0,0.0,1.0,1.0,14,5,3
113231,16,2,3,17,8,3,0,1,0,1,2,18,2,3,3.0,0.0,0.0,3.0,0.0,3.0,14,3,8
71769,16,2,3,15,8,3,0,1,1,1,1,22,2,2,0.0,0.0,0.0,0.0,0.0,2.0,15,5,6
13770,15,2,0,10,8,3,6,1,1,1,1,19,2,2,0.0,0.0,0.0,0.0,0.0,3.0,19,6,1
171659,16,2,0,17,2,3,0,1,1,1,2,18,2,2,0.0,0.0,0.0,0.0,0.0,5.0,23,5,11
186772,16,6,3,17,6,3,6,1,1,1,2,18,2,2,0.0,0.0,0.0,0.0,0.0,5.0,9,2,12
181679,15,2,1,0,8,3,0,1,1,1,2,26,2,2,0.0,0.0,0.0,0.0,0.0,2.0,17,7,12
127040,16,2,3,15,6,3,0,1,0,1,2,36,2,4,1.0,0.0,0.0,0.0,1.0,2.0,17,3,9
18265,16,2,3,15,8,3,0,1,1,1,2,23,2,2,0.0,0.0,0.0,0.0,0.0,3.0,8,4,2
65961,16,2,2,17,6,3,0,1,1,1,0,36,2,2,0.0,0.0,0.0,0.0,0.0,4.0,18,7,5
181302,15,2,3,17,2,3,0,1,1,1,0,12,2,2,0.0,0.0,0.0,0.0,0.0,3.0,15,7,12
18915,16,2,3,0,8,3,6,1,1,1,2,12,2,2,0.0,0.0,0.0,0.0,0.0,5.0,16,1,2
19622,16,2,0,17,2,3,0,1,0,0,2,6,2,2,0.0,0.0,0.0,0.0,0.0,4.0,17,7,2
69755,15,7,3,17,6,3,5,5,1,1,2,36,2,2,0.0,0.0,0.0,0.0,0.0,2.0,15,3,5
26578,4,2,3,7,8,3,6,1,1,1,2,39,2,2,0.0,0.0,0.0,0.0,0.0,1.0,10,7,2
179108,4,2,1,0,6,3,0,1,1,1,2,5,2,2,0.0,0.0,0.0,0.0,0.0,2.0,19,6,12
22995,15,11,5,0,6,3,5,5,1,1,2,36,2,2,0.0,0.0,0.0,0.0,0.0,2.0,20,7,2
17035,16,2,2,15,8,3,0,1,1,1,0,36,2,2,0.0,0.0,0.0,0.0,0.0,2.0,6,4,2
71863,16,2,3,8,2,3,0,1,0,1,1,18,2,3,1.0,0.0,0.0,1.0,0.0,3.0,7,6,6
136888,16,2,3,10,6,3,0,1,1,1,2,36,2,2,0.0,0.0,0.0,0.0,0.0,2.0,9,5,9
22891,15,11,5,0,10,3,5,5,1,1,2,5,2,2,0.0,0.0,0.0,0.0,0.0,2.0,16,6,2
70900,16,2,3,15,8,3,0,1,1,1,2,36,2,2,0.0,0.0,0.0,0.0,0.0,3.0,13,1,5
89753,16,2,1,10,2,3,0,1,1,1,2,17,2,2,0.0,0.0,0.0,0.0,0.0,5.0,20,3,7
150048,16,2,3,10,6,3,0,1,0,1,2,19,2,3,1.0,0.0,0.0,1.0,0.0,1.0,14,6,10
130582,16,2,3,10,8,3,0,5,1,1,2,36,2,2,0.0,0.0,0.0,0.0,0.0,3.0,15,4,9
186417,15,11,5,0,6,3,5,5,1,1,1,36,2,2,0.0,0.0,0.0,0.0,0.0,2.0,17,5,12
176963,15,7,3,0,14,3,6,1,0,1,2,5,2,2,0.0,0.0,0.0,0.0,0.0,2.0,11,6,12
3634,16,11,5,10,15,3,5,5,1,1,1,19,2,2,0.0,0.0,0.0,0.0,0.0,2.0,21,6,1
145883,16,7,3,17,8,3,6,1,1,1,2,24,2,2,0.0,0.0,0.0,0.0,0.0,2.0,6,2,10
165141,16,2,3,17,2,3,0,1,0,1,2,36,2,2,0.0,0.0,0.0,0.0,0.0,2.0,8,5,11
122611,16,2,3,9,6,3,0,1,0,1,0,36,2,1,1.0,0.0,1.0,0.0,0.0,1.0,14,2,9
114948,15,2,3,0,8,3,0,1,1,1,1,36,2,2,0.0,0.0,0.0,0.0,0.0,3.0,11,1,8
138450,16,2,3,17,6,3,0,5,1,1,2,36,2,2,0.0,0.0,0.0,0.0,0.0,3.0,13,7,10
106313,15,2,4,8,6,3,0,1,1,1,2,18,2,2,0.0,0.0,0.0,0.0,0.0,2.0,20,2,8
41120,16,2,3,2,8,3,0,1,1,1,2,24,1,2,0.0,0.0,0.0,0.0,0.0,1.0,10,6,3
187862,16,2,1,0,15,3,0,1,0,1,2,6,2,3,1.0,0.0,0.0,1.0,0.0,1.0,1,5,12
138834,16,2,3,17,2,3,0,1,1,1,2,24,2,2,0.0,0.0,0.0,0.0,0.0,2.0,11,3,10
172951,16,2,3,15,2,3,0,1,1,1,1,36,2,2,0.0,0.0,0.0,0.0,0.0,2.0,15,4,12
20420,15,2,3,0,6,3,0,1,1,1,2,5,2,2,0.0,0.0,0.0,0.0,0.0,2.0,15,7,2
152168,15,7,4,10,8,3,6,1,1,1,1,39,2,2,0.0,0.0,0.0,0.0,0.0,2.0,16,4,10
57667,16,2,3,0,18,3,0,1,0,1,2,18,2,4,1.0,0.0,0.0,0.0,1.0,1.0,17,2,5
13145,16,2,3,17,8,3,5,5,1,1,1,24,2,2,0.0,0.0,0.0,0.0,0.0,3.0,14,5,1
148782,16,2,1,2,3,3,0,1,0,1,2,37,1,2,0.0,0.0,0.0,0.0,0.0,1.0,3,1,10
16798,4,2,3,0,0,3,0,1,0,1,2,18,3,4,2.0,0.0,0.0,0.0,2.0,0.0,16,1,2
159374,15,2,3,13,15,3,0,5,0,1,2,28,2,2,0.0,0.0,0.0,0.0,0.0,5.0,10,5,11
168103,16,2,3,15,6,3,0,1,0,1,2,23,3,4,1.0,0.0,0.0,0.0,1.0,2.0,10,6,11
76207,16,2,3,17,6,3,0,1,0,1,1,6,2,4,1.0,0.0,0.0,0.0,1.0,5.0,14,3,6
35430,15,2,3,15,8,3,0,1,1,1,2,36,2,2,0.0,0.0,0.0,0.0,0.0,2.0,17,7,3
127246,16,2,3,17,8,3,0,1,0,1,2,35,2,4,2.0,0.0,0.0,0.0,2.0,2.0,14,5,9
148451,16,2,3,10,8,3,0,1,1,1,2,19,2,2,0.0,0.0,0.0,0.0,0.0,2.0,15,5,10
87152,16,2,3,15,8,3,0,5,1,1,0,22,2,2,0.0,0.0,0.0,0.0,0.0,3.0,10,5,6
64597,4,2,3,17,8,3,0,1,0,1,2,17,2,3,4.0,0.0,0.0,1.0,3.0,1.0,11,5,5
23610,16,2,3,10,8,3,0,1,1,1,2,19,2,2,0.0,0.0,0.0,0.0,0.0,2.0,7,3,2
41720,16,2,3,0,15,3,0,1,0,1,2,6,3,2,0.0,0.0,0.0,0.0,0.0,3.0,7,5,3
74702,16,2,3,0,8,3,0,1,0,1,2,36,2,2,0.0,0.0,0.0,0.0,0.0,3.0,4,1,6
156817,16,2,3,10,15,3,0,1,1,1,2,8,2,2,0.0,0.0,0.0,0.0,0.0,2.0,13,7,11
95518,16,2,3,10,8,3,0,1,1,1,1,8,2,2,0.0,0.0,0.0,0.0,0.0,5.0,14,7,7
106495,16,2,3,17,6,3,0,1,0,1,2,36,2,2,0.0,0.0,0.0,0.0,0.0,2.0,18,6,8
11451,16,2,1,9,11,3,0,1,0,1,2,18,2,3,1.0,0.0,0.0,1.0,0.0,1.0,5,3,1
7715,4,2,1,7,8,3,0,1,1,1,0,38,2,2,0.0,0.0,0.0,0.0,0.0,1.0,20,4,1
79569,15,2,3,2,8,3,0,1,1,1,0,36,1,2,0.0,0.0,0.0,0.0,0.0,1.0,18,2,6
3505,16,2,1,17,2,3,0,1,1,1,1,22,2,2,0.0,0.0,0.0,0.0,0.0,2.0,16,3,1
92960,16,2,3,17,2,3,0,1,1,1,0,16,2,2,0.0,0.0,0.0,0.0,0.0,2.0,19,2,7
162229,16,2,3,17,6,3,0,1,0,1,2,19,2,2,0.0,0.0,0.0,0.0,0.0,4.0,9,6,11
4603,16,3,3,10,3,3,6,1,1,1,2,19,2,2,0.0,0.0,0.0,0.0,0.0,4.0,10,6,1
173058,4,2,3,0,15,3,0,5,1,1,0,18,2,2,0.0,0.0,0.0,0.0,0.0,2.0,15,6,12
42377,15,2,3,0,8,3,5,5,1,1,1,36,2,2,0.0,0.0,0.0,0.0,0.0,2.0,17,2,4
128534,15,7,3,0,2,3,6,1,0,1,2,18,2,3,2.0,0.0,0.0,2.0,0.0,1.0,7,1,9
71350,15,2,3,8,15,3,0,1,0,1,0,24,2,1,1.0,0.0,1.0,0.0,0.0,1.0,17,6,5
28770,16,2,1,0,8,3,0,1,0,1,2,6,2,1,5.0,0.0,1.0,4.0,0.0,0.0,21,6,3
162015,16,2,0,17,8,3,0,1,0,1,2,18,2,2,0.0,0.0,0.0,0.0,0.0,2.0,17,3,11
110665,15,2,3,17,2,3,0,1,0,1,2,18,2,3,1.0,0.0,0.0,1.0,0.0,1.0,9,6,8
72072,16,2,3,0,6,3,0,1,0,1,2,18,2,2,0.0,0.0,0.0,0.0,0.0,2.0,10,3,6
58373,16,2,1,9,6,3,0,1,0,1,0,18,2,4,1.0,0.0,0.0,0.0,1.0,1.0,21,6,5
83618,4,2,3,0,15,3,0,1,1,1,1,23,2,2,0.0,0.0,0.0,0.0,0.0,2.0,18,7,6
56064,4,2,3,8,2,3,0,5,0,1,1,18,2,1,1.0,0.0,1.0,0.0,0.0,2.0,15,3,5
33976,15,2,3,0,8,3,0,1,0,1,1,5,2,2,0.0,0.0,0.0,0.0,0.0,2.0,9,4,3
136669,16,2,0,10,2,3,5,5,0,1,1,19,2,4,2.0,0.0,0.0,0.0,2.0,1.0,2,1,9
23745,4,10,3,10,15,3,6,1,1,1,2,21,2,2,0.0,0.0,0.0,0.0,0.0,4.0,15,6,2
27629,16,2,3,10,18,3,5,5,1,1,1,19,2,2,0.0,0.0,0.0,0.0,0.0,2.0,12,3,2
179209,16,2,3,15,2,3,0,1,1,1,2,36,2,2,0.0,0.0,0.0,0.0,0.0,4.0,7,2,12
22186,16,2,3,0,8,3,0,1,0,1,2,18,2,1,2.0,0.0,1.0,1.0,0.0,1.0,13,7,2
169684,16,10,3,0,8,3,4,1,0,1,2,6,3,2,0.0,0.0,0.0,0.0,0.0,6.0,14,2,11
152183,16,7,1,10,3,3,6,1,1,1,2,19,3,2,0.0,0.0,0.0,0.0,0.0,5.0,7,4,10
156531,16,2,3,7,6,3,0,1,1,1,2,24,2,2,0.0,0.0,0.0,0.0,0.0,2.0,8,7,11
66376,15,7,3,0,8,3,6,5,1,1,2,36,2,2,0.0,0.0,0.0,0.0,0.0,2.0,15,7,5
140601,16,2,3,17,2,3,6,1,1,1,1,22,2,2,0.0,0.0,0.0,0.0,0.0,4.0,11,7,10
49508,4,2,3,15,8,3,0,1,0,0,2,36,2,3,2.0,0.0,0.0,2.0,0.0,2.0,11,3,4