crash_date,               traffic_control_device,weather_condition,lighting_condition,first_crash_type,trafficway_type,alignment,roadway_surface_cond,road_defect,crash_type,intersection_related_i,damage,prim_contributory_cause,num_units,most_severe_injury,injuries_total,injuries_fatal,injuries_incapacitating,injuries_non_incapacitating,injuries_reported_not_evident,injuries_no_indication,crash_hour,crash_day_of_week,crash_month
155177,4,2,3,15,8,3,0,1,1,0,2,18,2,2,0.0,0.0,0.0,0.0,0.0,3.0,12,3,10
87595,16,2,3,17,8,3,0,1,0,1,2,18,2,4,3.0,0.0,0.0,0.0,3.0,1.0,15,5,6
72020,15,2,3,0,8,3,0,1,0,1,2,36,2,3,1.0,0.0,0.0,1.0,0.0,2.0,13,3,6
15919,16,2,3,9,6,3,0,1,0,1,1,36,2,1,1.0,0.0,1.0,0.0,0.0,1.0,15,6,2
109182,16,2,3,15,2,3,0,5,1,1,2,36,2,2,0.0,0.0,0.0,0.0,0.0,2.0,16,7,8
47837,16,3,3,17,6,3,0,1,0,1,2,17,3,1,3.0,0.0,1.0,2.0,0.0,2.0,14,4,4
5557,4,10,3,10,10,3,4,1,1,1,0,39,2,2,0.0,0.0,0.0,0.0,0.0,2.0,13,7,1
104561,15,7,1,0,3,3,6,1,0,1,2,11,2,2,0.0,0.0,0.0,0.0,0.0,2.0,20,4,8
166418,4,2,1,17,6,3,0,1,1,1,2,36,2,2,0.0,0.0,0.0,0.0,0.0,2.0,16,3,11
30108,16,2,1,10,8,3,0,1,1,1,0,36,2,2,0.0,0.0,0.0,0.0,0.0,2.0,6,2,3
39798,16,7,0,17,8,3,6,1,1,1,2,17,2,2,0.0,0.0,0.0,0.0,0.0,2.0,19,2,3
41253,16,2,3,17,8,3,0,5,1,1,2,18,2,2,0.0,0.0,0.0,0.0,0.0,2.0,14,4,3
25502,15,2,3,0,8,3,6,1,1,1,2,18,2,2,0.0,0.0,0.0,0.0,0.0,2.0,10,3,2
186761,16,2,4,11,2,3,0,5,1,1,1,21,2,2,0.0,0.0,0.0,0.0,0.0,5.0,19,2,12
182706,15,2,3,10,15,3,0,1,1,1,1,5,3,2,0.0,0.0,0.0,0.0,0.0,4.0,10,5,12
45851,16,2,3,10,10,3,0,1,1,1,1,19,2,2,0.0,0.0,0.0,0.0,0.0,2.0,15,2,4
139072,15,2,3,0,15,3,0,1,0,1,2,18,2,3,3.0,0.0,0.0,3.0,0.0,0.0,12,7,10
182546,16,2,3,17,3,3,0,1,0,1,2,3,3,1,2.0,0.0,2.0,0.0,0.0,2.0,12,3,12
76905,4,7,3,10,3,3,6,1,0,1,2,17,2,2,0.0,0.0,0.0,0.0,0.0,2.0,16,6,6
152562,15,2,1,17,6,3,0,1,1,1,2,18,2,2,0.0,0.0,0.0,0.0,0.0,2.0,22,3,10
102294,16,2,3,17,6,3,6,1,0,1,2,18,2,4,1.0,0.0,0.0,0.0,1.0,1.0,16,1,7
89993,16,2,3,10,8,3,0,1,1,1,2,19,2,2,0.0,0.0,0.0,0.0,0.0,2.0,8,6,7
160432,16,2,3,17,6,3,0,1,1,1,2,36,2,2,0.0,0.0,0.0,0.0,0.0,3.0,13,7,11
41817,4,11,3,0,8,3,5,1,1,1,1,24,2,2,0.0,0.0,0.0,0.0,0.0,2.0,5,5,3
70115,15,7,3,17,2,3,6,5,1,1,2,36,2,2,0.0,0.0,0.0,0.0,0.0,3.0,18,3,5
187086,16,10,0,17,8,3,4,1,0,1,2,18,2,2,0.0,0.0,0.0,0.0,0.0,2.0,23,5,12
21767,15,2,3,17,10,3,1,1,0,1,2,12,2,2,0.0,0.0,0.0,0.0,0.0,2.0,11,6,2
103128,13,2,3,0,2,3,0,1,0,1,1,36,3,2,0.0,0.0,0.0,0.0,0.0,5.0,15,6,7
142398,16,2,1,8,2,3,0,5,0,1,0,18,2,3,1.0,0.0,0.0,1.0,0.0,1.0,19,4,10
113786,16,2,3,9,6,3,0,1,0,1,0,38,2,3,1.0,0.0,0.0,1.0,0.0,1.0,17,5,8
10472,16,11,5,10,2,3,5,5,1,1,2,36,2,2,0.0,0.0,0.0,0.0,0.0,2.0,16,1,1
156529,15,2,1,0,17,3,0,1,1,1,2,36,3,2,0.0,0.0,0.0,0.0,0.0,4.0,20,7,11
178974,16,2,1,17,1,3,0,1,0,1,2,12,2,2,0.0,0.0,0.0,0.0,0.0,3.0,23,4,12
10418,16,2,1,10,15,3,0,1,0,1,2,36,4,3,3.0,0.0,0.0,3.0,0.0,2.0,19,7,1
126130,4,2,3,8,2,3,0,1,0,1,2,18,2,3,1.0,0.0,0.0,1.0,0.0,1.0,18,3,9
151287,16,11,5,10,8,3,5,5,1,1,2,19,2,2,0.0,0.0,0.0,0.0,0.0,2.0,22,1,10
86073,4,2,3,0,15,3,0,1,0,1,2,18,3,2,0.0,0.0,0.0,0.0,0.0,3.0,8,2,6
140220,4,2,3,17,2,3,0,1,0,1,2,36,2,3,1.0,0.0,0.0,1.0,0.0,2.0,11,3,10
60876,16,2,3,10,2,3,0,1,1,1,2,19,2,2,0.0,0.0,0.0,0.0,0.0,2.0,8,3,5
176709,15,7,3,0,6,3,6,1,0,1,2,5,2,2,0.0,0.0,0.0,0.0,0.0,2.0,8,2,12
145383,15,2,1,0,6,3,0,1,1,1,2,36,2,2,0.0,0.0,0.0,0.0,0.0,2.0,20,2,10
177478,16,2,3,2,8,3,0,1,1,1,2,12,1,2,0.0,0.0,0.0,0.0,0.0,1.0,9,6,12
105956,8,2,3,17,6,3,0,1,1,1,2,23,2,2,0.0,0.0,0.0,0.0,0.0,2.0,16,5,8
21376,4,10,3,17,2,3,4,1,1,1,2,18,2,2,0.0,0.0,0.0,0.0,0.0,2.0,13,1,2
74741,16,2,3,10,6,3,0,1,1,1,2,19,4,2,0.0,0.0,0.0,0.0,0.0,4.0,11,1,6
176207,4,2,1,10,2,3,0,1,1,1,2,19,3,2,0.0,0.0,0.0,0.0,0.0,3.0,20,3,12
180679,4,7,1,7,8,3,6,1,0,0,2,22,2,2,0.0,0.0,0.0,0.0,0.0,1.0,22,1,12
85931,16,2,3,10,2,3,0,1,0,1,2,17,3,1,2.0,0.0,2.0,0.0,0.0,1.0,17,7,6
3276,4,11,5,0,8,3,5,5,1,1,1,36,2,2,0.0,0.0,0.0,0.0,0.0,2.0,9,7,1
71479,15,2,1,8,6,3,0,1,0,1,0,36,2,3,1.0,0.0,0.0,1.0,0.0,1.0,2,2,5
77287,16,2,3,10,8,3,0,1,0,1,2,36,2,2,0.0,0.0,0.0,0.0,0.0,2.0,16,5,6
154466,16,2,3,10,2,3,0,1,1,1,1,19,2,2,0.0,0.0,0.0,0.0,0.0,3.0,12,1,10
67639,16,2,4,10,2,3,0,1,1,1,2,19,2,2,0.0,0.0,0.0,0.0,0.0,3.0,20,4,5
21842,16,10,3,0,1,3,4,3,0,1,2,6,2,3,1.0,0.0,0.0,1.0,0.0,2.0,13,2,2
64226,4,7,3,10,8,3,6,1,1,1,1,19,2,2,0.0,0.0,0.0,0.0,0.0,2.0,19,6,5
19483,16,2,3,11,10,3,0,1,1,1,1,36,2,2,0.0,0.0,0.0,0.0,0.0,4.0,16,5,2
104147,4,2,1,3,2,3,0,1,0,0,1,6,2,2,0.0,0.0,0.0,0.0,0.0,2.0,1,7,8
13951,16,2,3,10,6,3,0,5,1,1,0,36,2,2,0.0,0.0,0.0,0.0,0.0,2.0,12,4,1
19429,15,2,3,10,8,3,0,1,1,1,1,19,2,2,0.0,0.0,0.0,0.0,0.0,3.0,16,4,2
98888,16,2,1,9,10,3,0,1,0,1,1,17,2,3,1.0,0.0,0.0,1.0,0.0,1.0,23,2,7
73579,16,2,3,17,3,3,0,1,1,1,2,36,2,2,0.0,0.0,0.0,0.0,0.0,2.0,14,6,6
172536,16,2,2,17,8,3,0,1,0,1,2,3,2,4,1.0,0.0,0.0,0.0,1.0,2.0,19,5,12
242,4,10,3,8,2,3,6,5,0,1,0,36,2,1,1.0,0.0,1.0,0.0,0.0,1.0,15,6,1
18136,16,2,4,10,1,3,0,1,1,1,0,12,2,2,0.0,0.0,0.0,0.0,0.0,2.0,16,2,2
49840,4,2,3,10,2,3,0,1,1,0,0,36,2,2,0.0,0.0,0.0,0.0,0.0,2.0,12,2,4
88620,15,2,3,0,8,3,0,5,1,1,1,18,2,2,0.0,0.0,0.0,0.0,0.0,2.0,18,7,7
128147,16,2,3,17,11,3,0,1,1,1,1,12,2,2,0.0,0.0,0.0,0.0,0.0,2.0,10,4,9
101033,16,2,3,9,15,3,0,1,0,1,0,18,2,3,1.0,0.0,0.0,1.0,0.0,1.0,8,2,7
68225,16,2,1,10,8,3,0,1,1,1,0,19,2,2,0.0,0.0,0.0,0.0,0.0,4.0,20,6,5
140616,16,2,1,17,2,3,0,1,0,1,2,24,3,2,0.0,0.0,0.0,0.0,0.0,4.0,2,1,10
60366,15,2,3,17,6,3,0,1,0,1,2,24,2,2,0.0,0.0,0.0,0.0,0.0,3.0,8,2,5
91776,16,7,3,15,10,3,6,5,1,1,2,36,2,2,0.0,0.0,0.0,0.0,0.0,2.0,12,6,7
158325,16,11,3,15,15,3,5,5,1,1,2,36,2,2,0.0,0.0,0.0,0.0,0.0,2.0,13,6,11
37793,16,2,1,0,6,3,0,1,1,1,1,6,2,2,0.0,0.0,0.0,0.0,0.0,2.0,4,1,3
113464,15,2,3,10,2,3,0,1,1,1,0,19,2,2,0.0,0.0,0.0,0.0,0.0,2.0,11,6,8
5817,17,2,3,3,0,3,0,1,1,0,0,26,2,2,0.0,0.0,0.0,0.0,0.0,4.0,15,5,1
9280,15,10,3,0,2,3,4,1,1,1,2,5,2,2,0.0,0.0,0.0,0.0,0.0,3.0,11,7,1
18681,4,2,3,0,8,3,0,1,1,1,2,6,2,2,0.0,0.0,0.0,0.0,0.0,3.0,12,4,2
160166,4,2,3,0,12,3,0,1,1,1,1,18,2,2,0.0,0.0,0.0,0.0,0.0,3.0,11,4,11
56260,15,2,3,0,6,3,0,1,0,1,2,36,2,2,0.0,0.0,0.0,0.0,0.0,2.0,17,7,5
74201,4,2,1,7,8,3,0,1,0,0,2,37,3,2,0.0,0.0,0.0,0.0,0.0,1.0,0,7,6
118344,16,11,3,0,10,3,6,5,0,1,2,36,2,2,0.0,0.0,0.0,0.0,0.0,2.0,18,3,8
52731,16,2,3,10,6,3,0,1,1,1,2,19,2,2,0.0,0.0,0.0,0.0,0.0,3.0,15,7,4
47995,16,2,3,17,6,3,0,1,0,1,1,18,2,2,0.0,0.0,0.0,0.0,0.0,2.0,7,7,4
185736,16,2,3,0,3,3,0,1,0,1,2,17,2,2,0.0,0.0,0.0,0.0,0.0,5.0,14,3,12
103945,16,2,3,17,3,3,0,1,1,1,2,36,2,2,0.0,0.0,0.0,0.0,0.0,3.0,11,2,8
23923,16,2,1,10,8,3,0,5,1,1,1,36,2,2,0.0,0.0,0.0,0.0,0.0,2.0,4,2,2
174175,4,2,1,0,6,3,0,1,0,1,2,18,2,3,2.0,0.0,0.0,1.0,1.0,0.0,17,2,12
128744,16,2,1,17,10,3,0,1,1,1,2,36,2,2,0.0,0.0,0.0,0.0,0.0,2.0,22,5,9
50242,15,11,5,10,6,3,5,5,1,1,2,36,2,2,0.0,0.0,0.0,0.0,0.0,2.0,6,5,4
167105,16,3,3,15,11,3,6,2,1,1,1,32,2,2,0.0,0.0,0.0,0.0,0.0,2.0,10,3,11
129943,4,2,3,17,6,3,0,1,1,1,2,24,2,2,0.0,0.0,0.0,0.0,0.0,2.0,12,7,9
73861,16,2,3,17,3,2,0,1,1,1,1,23,2,2,0.0,0.0,0.0,0.0,0.0,2.0,12,3,6
118901,4,2,3,17,3,3,0,5,0,1,1,36,2,3,1.0,0.0,0.0,1.0,0.0,1.0,15,4,8
87120,16,2,3,10,6,3,0,1,1,1,2,19,2,2,0.0,0.0,0.0,0.0,0.0,3.0,16,5,6
120397,15,2,3,17,15,3,0,1,0,1,2,18,2,4,1.0,0.0,0.0,0.0,1.0,3.0,10,5,8
186995,16,7,3,10,2,3,6,1,1,1,1,36,2,2,0.0,0.0,0.0,0.0,0.0,2.0,11,6,12
9923,16,10,3,17,8,3,6,1,1,1,2,18,2,2,0.0,0.0,0.0,0.0,0.0,2.0,7,6,1
46050,16,7,3,17,8,3,6,1,0,1,2,18,2,3,2.0,0.0,0.0,1.0,1.0,2.0,6,6,4
4619,4,3,3,0,2,3,6,1,1,1,2,36,2,2,0.0,0.0,0.0,0.0,0.0,3.0,12,6,1
56708,16,2,3,15,6,3,0,1,1,1,1,22,2,2,0.0,0.0,0.0,0.0,0.0,3.0,13,1,5
19019,16,2,3,0,6,3,0,1,0,1,2,6,2,2,0.0,0.0,0.0,0.0,0.0,2.0,14,4,2
133163,15,2,3,0,2,3,0,1,1,1,1,18,2,2,0.0,0.0,0.0,0.0,0.0,7.0,10,1,9
109330,17,2,2,2,2,3,0,5,0,1,2,30,1,3,3.0,0.0,0.0,3.0,0.0,0.0,5,7,8
185351,16,2,3,0,3,3,0,1,0,1,2,6,2,1,3.0,0.0,1.0,2.0,0.0,0.0,10,2,12
183479,15,2,3,17,6,3,0,5,1,1,2,38,2,2,0.0,0.0,0.0,0.0,0.0,8.0,8,4,12
145313,15,2,1,9,8,3,0,1,0,1,2,5,2,1,1.0,0.0,1.0,0.0,0.0,1.0,20,1,10
31937,15,2,3,17,2,3,0,3,0,1,2,36,2,4,1.0,0.0,0.0,0.0,1.0,2.0,13,6,3
36780,15,2,3,0,11,3,0,1,0,1,2,18,2,2,0.0,0.0,0.0,0.0,0.0,2.0,11,2,3
76333,16,2,3,17,2,3,0,1,1,1,2,24,2,2,0.0,0.0,0.0,0.0,0.0,2.0,13,5,6
70241,16,2,3,17,10,3,0,1,1,1,2,24,2,2,0.0,0.0,0.0,0.0,0.0,3.0,8,3,5
92781,16,2,3,15,2,3,5,5,1,1,2,36,2,2,0.0,0.0,0.0,0.0,0.0,2.0,18,1,7
119615,16,2,3,15,8,3,0,1,1,1,1,36,2,2,0.0,0.0,0.0,0.0,0.0,2.0,17,1,8
88703,16,7,3,17,8,3,6,1,0,1,1,18,2,4,1.0,0.0,0.0,0.0,1.0,1.0,19,1,7
163125,4,2,1,10,10,3,0,5,1,1,1,19,2,2,0.0,0.0,0.0,0.0,0.0,2.0,18,4,11
65375,16,2,3,15,6,3,0,5,1,1,2,18,2,2,0.0,0.0,0.0,0.0,0.0,2.0,15,5,5
77202,16,3,3,15,2,3,6,1,1,1,2,36,2,2,0.0,0.0,0.0,0.0,0.0,2.0,10,2,6
60222,16,2,3,10,2,3,0,1,0,1,2,17,3,2,0.0,0.0,0.0,0.0,0.0,4.0,18,7,5
67785,4,7,1,17,8,3,6,1,0,1,2,11,2,3,1.0,0.0,0.0,1.0,0.0,1.0,23,6,5
74769,16,2,3,17,6,3,0,1,0,1,2,18,2,2,0.0,0.0,0.0,0.0,0.0,2.0,5,2,6
88044,16,2,1,0,6,3,0,1,0,1,2,18,6,3,1.0,0.0,0.0,1.0,0.0,2.0,2,5,7
17425,16,2,3,9,2,3,0,1,1,1,0,18,2,2,0.0,0.0,0.0,0.0,0.0,2.0,15,4,2
27032,15,2,3,17,8,3,1,1,1,1,1,19,2,2,0.0,0.0,0.0,0.0,0.0,3.0,9,7,2
111248,16,2,1,0,3,3,0,1,0,1,2,6,2,3,2.0,0.0,0.0,2.0,0.0,3.0,4,1,8
12690,16,2,3,10,6,3,0,1,1,1,1,19,2,2,0.0,0.0,0.0,0.0,0.0,2.0,8,4,1
97469,16,2,3,10,8,3,0,1,0,1,2,19,2,2,0.0,0.0,0.0,0.0,0.0,2.0,7,3,7
158240,16,2,1,0,15,3,0,1,0,1,2,6,2,3,5.0,0.0,0.0,5.0,0.0,4.0,19,3,11
175438,16,2,3,17,8,3,0,1,0,1,2,18,2,3,1.0,0.0,0.0,1.0,0.0,1.0,15,4,12
7328,15,2,2,0,6,3,0,1,0,1,2,36,3,4,3.0,0.0,0.0,0.0,3.0,0.0,14,7,1
180428,16,2,1,3,19,3,0,1,0,1,2,37,3,3,2.0,0.0,0.0,2.0,0.0,3.0,4,4,12
109643,15,2,3,10,2,3,0,1,0,1,2,36,2,3,2.0,0.0,0.0,2.0,0.0,1.0,9,5,8
76830,16,2,3,14,3,3,0,1,1,1,1,23,2,2,0.0,0.0,0.0,0.0,0.0,2.0,15,5,6
91534,16,2,3,0,6,3,0,1,0,1,2,6,2,2,0.0,0.0,0.0,0.0,0.0,2.0,15,2,7
74783,16,7,3,0,8,3,6,1,0,1,2,18,2,3,2.0,0.0,0.0,2.0,0.0,2.0,8,2,6
54442,16,7,1,0,6,3,6,1,0,1,2,6,2,1,2.0,0.0,1.0,1.0,0.0,1.0,1,7,4
144849,15,2,3,0,8,3,0,1,1,1,2,36,2,2,0.0,0.0,0.0,0.0,0.0,2.0,15,3,10
155695,15,2,1,10,3,3,0,1,1,1,1,36,2,2,0.0,0.0,0.0,0.0,0.0,3.0,18,3,11
164116,4,2,3,7,8,3,0,1,1,0,0,36,2,2,0.0,0.0,0.0,0.0,0.0,1.0,12,4,11
47434,16,2,3,17,1,3,0,1,0,1,2,12,2,2,0.0,0.0,0.0,0.0,0.0,3.0,13,4,4
110983,15,2,3,0,8,3,0,1,1,1,2,18,2,2,0.0,0.0,0.0,0.0,0.0,3.0,11,3,8
167038,15,2,1,2,10,3,0,1,0,1,2,28,2,2,0.0,0.0,0.0,0.0,0.0,5.0,19,2,11
74914,15,2,3,10,10,3,0,5,1,1,2,17,2,2,0.0,0.0,0.0,0.0,0.0,2.0,17,5,6
66708,16,2,3,17,8,3,0,1,0,1,2,24,3,2,0.0,0.0,0.0,0.0,0.0,3.0,10,4,5
93026,16,2,3,15,2,3,0,5,1,1,2,18,2,2,0.0,0.0,0.0,0.0,0.0,2.0,16,4,7
16121,16,2,1,10,8,3,0,1,1,1,1,36,2,2,0.0,0.0,0.0,0.0,0.0,2.0,17,2,2
155539,16,5,3,8,6,3,6,1,0,1,2,18,2,1,1.0,0.0,1.0,0.0,0.0,1.0,15,3,10
129974,16,2,3,10,19,3,0,1,1,1,2,19,2,2,0.0,0.0,0.0,0.0,0.0,2.0,17,1,9
98454,15,2,3,17,8,3,0,5,1,1,2,36,2,2,0.0,0.0,0.0,0.0,0.0,3.0,17,4,7
98284,16,2,1,10,8,3,0,1,1,1,1,19,2,2,0.0,0.0,0.0,0.0,0.0,4.0,21,7,7
162070,16,2,0,15,15,3,0,5,1,1,0,36,2,2,0.0,0.0,0.0,0.0,0.0,2.0,22,3,11
101441,16,2,3,10,2,3,0,1,0,1,2,9,2,2,0.0,0.0,0.0,0.0,0.0,2.0,9,7,7
177553,15,2,1,17,2,3,0,5,0,1,2,18,2,2,0.0,0.0,0.0,0.0,0.0,2.0,23,7,12
89731,15,2,3,0,6,3,0,1,1,1,2,17,3,2,0.0,0.0,0.0,0.0,0.0,4.0,13,3,7
76902,16,2,3,17,3,3,0,1,1,1,2,22,2,2,0.0,0.0,0.0,0.0,0.0,2.0,16,6,6
104704,16,2,3,10,8,3,0,1,1,1,2,36,2,2,0.0,0.0,0.0,0.0,0.0,3.0,8,6,8
181108,15,10,1,0,2,3,6,5,0,0,2,36,3,2,0.0,0.0,0.0,0.0,0.0,2.0,19,6,12
119035,16,2,3,17,8,3,0,1,0,1,2,36,2,2,0.0,0.0,0.0,0.0,0.0,2.0,11,5,8
184065,4,2,1,17,18,3,0,1,0,1,2,17,2,2,0.0,0.0,0.0,0.0,0.0,4.0,0,5,12
89061,16,2,3,10,8,3,0,1,0,1,1,19,2,4,1.0,0.0,0.0,0.0,1.0,1.0,12,6,7
91828,4,2,1,17,6,3,0,1,1,0,2,18,2,2,0.0,0.0,0.0,0.0,0.0,5.0,22,7,7
110270,15,2,1,17,8,3,0,1,0,1,2,18,2,3,1.0,0.0,0.0,1.0,0.0,1.0,21,7,8
35092,16,5,0,17,2,3,6,5,1,1,2,36,2,2,0.0,0.0,0.0,0.0,0.0,3.0,19,2,3
97888,15,2,3,10,2,3,0,1,0,1,2,36,2,3,1.0,0.0,0.0,1.0,0.0,2.0,12,2,7
157371,8,3,3,0,0,3,0,1,1,1,2,18,2,2,0.0,0.0,0.0,0.0,0.0,2.0,9,1,11
175900,15,2,3,0,6,3,0,5,0,1,2,36,2,4,2.0,0.0,0.0,0.0,2.0,1.0,15,7,12
84603,16,2,3,2,6,3,0,1,0,1,2,36,1,3,1.0,0.0,0.0,1.0,0.0,0.0,9,7,6
17641,16,2,1,0,8,3,5,5,1,1,1,36,2,2,0.0,0.0,0.0,0.0,0.0,2.0,18,1,2
108306,16,2,3,3,8,3,0,1,0,1,1,18,2,3,1.0,0.0,0.0,1.0,0.0,1.0,6,5,8
97059,16,2,3,0,6,3,0,1,0,1,2,18,2,3,2.0,0.0,0.0,2.0,0.0,0.0,6,5,7
21891,17,10,3,14,8,3,6,5,1,1,2,36,2,2,0.0,0.0,0.0,0.0,0.0,2.0,11,2,2
158071,15,7,1,17,8,3,6,5,1,1,1,18,2,2,0.0,0.0,0.0,0.0,0.0,2.0,2,1,11
81473,16,2,3,17,1,3,0,1,1,1,1,18,2,2,0.0,0.0,0.0,0.0,0.0,2.0,17,1,6
131103,16,7,3,10,8,3,5,5,1,1,0,36,2,2,0.0,0.0,0.0,0.0,0.0,2.0,8,3,9
124644,15,2,3,0,6,3,0,5,0,1,2,18,2,2,0.0,0.0,0.0,0.0,0.0,2.0,15,4,9
73285,15,2,3,17,8,3,0,1,1,1,1,12,2,2,0.0,0.0,0.0,0.0,0.0,2.0,13,2,6
99688,16,2,3,0,6,3,0,1,0,1,2,6,2,3,2.0,0.0,0.0,1.0,1.0,2.0,8,3,7
35012,15,2,1,2,6,3,0,1,0,1,2,5,2,2,0.0,0.0,0.0,0.0,0.0,1.0,1,1,3
160148,4,2,3,0,6,3,0,5,0,1,2,18,2,2,0.0,0.0,0.0,0.0,0.0,4.0,8,4,11
2592,4,2,3,10,2,3,0,5,0,0,2,17,3,2,0.0,0.0,0.0,0.0,0.0,3.0,9,2,1
51846,4,2,3,17,8,3,0,1,1,1,2,18,2,2,0.0,0.0,0.0,0.0,0.0,3.0,18,5,4
156635,15,2,1,10,8,3,0,1,0,1,2,19,2,4,1.0,0.0,0.0,0.0,1.0,2.0,17,3,11
19960,16,2,1,15,10,3,0,1,0,1,2,18,2,2,0.0,0.0,0.0,0.0,0.0,4.0,19,6,2
81303,16,2,3,17,6,3,0,1,0,1,2,18,2,4,1.0,0.0,0.0,0.0,1.0,1.0,9,7,6
150193,16,3,1,17,19,3,0,1,0,1,2,18,2,4,2.0,0.0,0.0,0.0,2.0,1.0,1,1,10
110236,16,2,3,17,6,3,0,5,1,1,2,26,2,2,0.0,0.0,0.0,0.0,0.0,4.0,13,7,8
176953,15,2,0,0,6,3,6,1,1,1,1,18,2,2,0.0,0.0,0.0,0.0,0.0,2.0,23,6,12
37874,4,2,3,15,8,3,0,5,1,1,2,36,2,2,0.0,0.0,0.0,0.0,0.0,3.0,12,2,3
27331,4,2,3,17,11,3,0,1,1,1,0,21,2,2,0.0,0.0,0.0,0.0,0.0,4.0,15,5,2
151079,16,2,4,15,13,3,0,1,1,1,2,22,2,2,0.0,0.0,0.0,0.0,0.0,5.0,18,4,10
59944,16,2,3,10,2,3,0,1,1,1,2,19,2,2,0.0,0.0,0.0,0.0,0.0,2.0,16,4,5
15483,4,2,1,17,8,3,0,1,0,1,2,18,2,2,0.0,0.0,0.0,0.0,0.0,2.0,21,4,2
145157,15,2,1,0,6,3,0,1,0,1,2,5,4,4,3.0,0.0,0.0,0.0,3.0,2.0,22,1,10
101607,16,2,3,10,6,3,0,5,1,1,2,36,2,2,0.0,0.0,0.0,0.0,0.0,2.0,12,3,7
137236,15,2,3,7,6,3,0,1,1,1,0,36,2,2,0.0,0.0,0.0,0.0,0.0,1.0,13,4,9
121717,16,7,3,17,10,3,6,1,0,1,2,22,2,1,1.0,0.0,1.0,0.0,0.0,1.0,17,2,9
125936,16,2,3,10,6,3,0,1,1,1,2,36,2,2,0.0,0.0,0.0,0.0,0.0,2.0,11,1,9
176561,15,11,0,0,17,3,5,5,0,0,2,36,2,4,2.0,0.0,0.0,0.0,2.0,2.0,20,7,12
1797,4,2,0,17,8,3,5,5,0,0,2,36,2,4,2.0,0.0,0.0,0.0,2.0,2.0,18,4,1
7890,16,10,1,17,6,3,0,1,1,1,0,24,2,2,0.0,0.0,0.0,0.0,0.0,2.0,20,1,1
27337,15,2,3,15,2,3,0,1,1,1,2,18,2,2,0.0,0.0,0.0,0.0,0.0,2.0,16,5,2
105462,16,2,3,17,2,3,0,1,1,1,2,11,2,2,0.0,0.0,0.0,0.0,0.0,2.0,15,5,8
188102,16,2,1,0,8,3,4,1,0,1,2,8,2,2,0.0,0.0,0.0,0.0,0.0,4.0,16,7,12
173773,16,2,1,17,8,3,0,1,0,1,2,22,2,2,0.0,0.0,0.0,0.0,0.0,2.0,15,2,12
107952,16,2,4,17,8,3,0,1,1,1,2,36,2,2,0.0,0.0,0.0,0.0,0.0,2.0,19,7,8
99373,16,2,3,17,1,3,0,1,0,1,2,36,2,3,2.0,0.0,0.0,2.0,0.0,2.0,8,3,7
181697,16,2,1,10,8,3,0,1,1,1,2,17,3,2,0.0,0.0,0.0,0.0,0.0,3.0,20,7,12
6305,15,7,3,0,8,3,6,1,0,1,2,5,2,4,1.0,0.0,0.0,0.0,1.0,1.0,15,6,1
91713,15,2,3,0,8,3,0,1,1,1,2,24,2,2,0.0,0.0,0.0,0.0,0.0,2.0,11,5,7
72434,4,7,1,7,8,3,6,2,1,0,2,26,2,2,0.0,0.0,0.0,0.0,0.0,1.0,0,7,6
181667,4,3,4,0,8,3,0,1,1,1,1,18,2,2,0.0,0.0,0.0,0.0,0.0,2.0,15,7,12
39005,16,7,1,17,8,3,6,1,1,1,2,18,2,2,0.0,0.0,0.0,0.0,0.0,2.0,20,1,3
167699,16,2,3,0,11,3,0,1,0,1,2,36,2,3,2.0,0.0,0.0,2.0,0.0,0.0,12,4,11
137967,16,2,3,10,8,3,0,1,1,1,2,17,2,2,0.0,0.0,0.0,0.0,0.0,4.0,16,7,10
114363,15,3,3,10,6,3,5,5,0,1,2,17,2,3,1.0,0.0,0.0,1.0,0.0,1.0,14,7,8
74167,15,2,3,7,8,3,0,1,0,0,2,36,4,2,0.0,0.0,0.0,0.0,0.0,1.0,19,7,6
149421,15,2,3,0,6,3,0,1,1,1,2,18,2,2,0.0,0.0,0.0,0.0,0.0,2.0,10,4,10
18757,16,10,3,17,11,3,6,1,1,1,0,39,2,2,0.0,0.0,0.0,0.0,0.0,2.0,7,3,2
123706,15,3,3,0,6,3,5,5,1,1,2,6,2,2,0.0,0.0,0.0,0.0,0.0,2.0,8,4,9
4792,15,3,1,17,15,3,0,1,1,1,0,18,2,2,0.0,0.0,0.0,0.0,0.0,2.0,18,4,1
75729,16,2,4,17,2,3,0,1,0,1,2,18,2,4,1.0,0.0,0.0,0.0,1.0,2.0,20,2,6
164632,16,2,3,10,8,3,0,5,0,1,0,36,2,3,2.0,0.0,0.0,2.0,0.0,0.0,18,5,11
104251,16,2,3,15,8,3,0,1,1,1,2,24,2,2,0.0,0.0,0.0,0.0,0.0,2.0,15,1,8
109497,16,2,3,17,2,3,0,1,0,1,2,36,2,2,0.0,0.0,0.0,0.0,0.0,2.0,8,3,8
155795,16,3,3,10,8,3,5,5,1,1,1,19,2,2,0.0,0.0,0.0,0.0,0.0,2.0,13,5,11
24299,4,2,1,17,15,3,0,1,1,1,2,36,2,2,0.0,0.0,0.0,0.0,0.0,2.0,19,1,2
55478,16,7,3,0,8,3,6,1,0,1,2,6,2,3,1.0,0.0,0.0,1.0,0.0,1.0,7,2,4
33917,15,2,1,0,8,3,0,1,1,1,1,23,2,2,0.0,0.0,0.0,0.0,0.0,3.0,22,3,3