crash_date,               traffic_control_device,weather_condition,lighting_condition,first_crash_type,trafficway_type,alignment,roadway_surface_cond,road_defect,crash_type,intersection_related_i,damage,prim_contributory_cause,num_units,most_severe_injury,injuries_total,injuries_fatal,injuries_incapacitating,injuries_non_incapacitating,injuries_reported_not_evident,injuries_no_indication,crash_hour,crash_day_of_week,crash_month
134236,16,2,3,10,3,3,0,1,1,1,2,19,2,2,0.0,0.0,0.0,0.0,0.0,2.0,14,3,9
167347,16,2,3,17,2,3,0,1,1,1,2,24,2,2,0.0,0.0,0.0,0.0,0.0,2.0,7,1,11
187825,16,2,1,10,15,4,0,1,1,1,1,36,2,2,0.0,0.0,0.0,0.0,0.0,2.0,16,4,12
46733,4,2,3,0,8,3,0,1,1,1,0,21,2,2,0.0,0.0,0.0,0.0,0.0,2.0,17,4,4
8088,4,2,3,8,2,3,6,5,1,1,2,36,2,2,0.0,0.0,0.0,0.0,0.0,2.0,8,3,1
63128,16,2,1,10,3,3,0,1,1,1,1,19,2,2,0.0,0.0,0.0,0.0,0.0,2.0,20,2,5
60117,16,2,3,17,2,3,0,1,1,0,2,17,2,2,0.0,0.0,0.0,0.0,0.0,2.0,11,4,5
47061,16,2,3,0,6,3,6,1,0,1,2,6,2,4,1.0,0.0,0.0,0.0,1.0,3.0,6,5,4
124656,4,11,1,17,6,3,5,5,1,1,2,18,2,2,0.0,0.0,0.0,0.0,0.0,2.0,4,4,9
41627,16,7,3,17,8,3,6,1,1,1,1,36,2,2,0.0,0.0,0.0,0.0,0.0,2.0,13,4,3
38997,16,7,3,10,2,3,6,5,1,1,1,19,2,2,0.0,0.0,0.0,0.0,0.0,3.0,18,1,3
97455,16,11,5,10,6,3,5,5,1,1,2,36,2,2,0.0,0.0,0.0,0.0,0.0,2.0,17,3,7
169270,16,2,3,10,2,3,0,1,1,1,0,36,2,2,0.0,0.0,0.0,0.0,0.0,2.0,15,2,11
132129,15,2,3,0,6,3,0,1,1,1,2,36,2,2,0.0,0.0,0.0,0.0,0.0,2.0,7,2,9
27415,16,2,1,17,18,3,0,1,1,1,2,26,2,2,0.0,0.0,0.0,0.0,0.0,2.0,19,7,2
164334,15,2,3,0,8,3,0,1,0,1,2,17,2,4,1.0,0.0,0.0,0.0,1.0,1.0,9,6,11
5000,15,3,1,17,8,3,0,1,0,1,2,28,2,2,0.0,0.0,0.0,0.0,0.0,3.0,21,5,1
32245,16,2,3,17,8,3,0,1,1,1,2,23,2,2,0.0,0.0,0.0,0.0,0.0,2.0,19,4,3
105730,15,2,3,0,11,3,0,1,0,1,2,18,2,2,0.0,0.0,0.0,0.0,0.0,4.0,11,7,8
97788,16,2,1,17,1,3,0,1,1,1,2,18,2,2,0.0,0.0,0.0,0.0,0.0,4.0,4,7,7
130520,15,2,1,15,15,3,0,1,1,1,2,23,2,2,0.0,0.0,0.0,0.0,0.0,2.0,4,2,9
131959,15,2,3,17,8,3,0,1,1,1,0,18,2,2,0.0,0.0,0.0,0.0,0.0,2.0,17,6,9
99857,16,2,3,10,8,3,0,1,1,1,2,36,2,2,0.0,0.0,0.0,0.0,0.0,3.0,18,4,7
32707,15,2,3,0,2,3,0,1,1,1,0,18,2,2,0.0,0.0,0.0,0.0,0.0,2.0,11,4,3
26312,16,2,1,10,8,3,0,1,1,1,1,19,2,2,0.0,0.0,0.0,0.0,0.0,2.0,22,2,2
79724,16,2,1,10,6,3,0,1,1,1,2,36,2,2,0.0,0.0,0.0,0.0,0.0,2.0,21,4,6
105084,16,7,3,10,2,3,6,1,1,1,0,17,2,2,0.0,0.0,0.0,0.0,0.0,2.0,15,5,8
57581,4,2,3,17,8,3,0,1,0,0,2,36,2,2,0.0,0.0,0.0,0.0,0.0,3.0,14,7,5
119644,16,2,1,15,3,3,0,1,1,1,2,36,2,2,0.0,0.0,0.0,0.0,0.0,2.0,0,1,8
172905,16,2,1,10,6,3,0,1,1,1,2,36,2,2,0.0,0.0,0.0,0.0,0.0,2.0,16,2,12
119244,16,2,3,17,8,3,0,1,1,1,2,36,2,2,0.0,0.0,0.0,0.0,0.0,2.0,11,2,8
117624,6,2,1,15,12,3,0,1,1,0,0,12,2,2,0.0,0.0,0.0,0.0,0.0,4.0,20,7,8
136999,15,2,3,0,6,3,0,1,0,1,2,5,2,4,2.0,0.0,0.0,0.0,2.0,1.0,17,1,9
138922,16,2,3,0,2,3,0,1,0,1,2,6,2,1,1.0,0.0,1.0,0.0,0.0,2.0,13,5,10
49942,15,7,3,0,8,3,6,1,0,1,2,36,2,3,1.0,0.0,0.0,1.0,0.0,1.0,13,5,4
133532,15,2,3,8,6,3,0,5,0,1,2,17,2,3,2.0,0.0,0.0,1.0,1.0,0.0,8,2,9
33144,16,2,3,3,6,3,0,1,0,1,2,18,2,2,0.0,0.0,0.0,0.0,0.0,2.0,11,5,3
56405,16,2,1,0,8,3,0,1,0,1,2,6,2,3,1.0,0.0,0.0,1.0,0.0,2.0,22,2,5
61948,15,7,3,17,15,3,6,5,0,1,1,18,2,3,1.0,0.0,0.0,1.0,0.0,2.0,17,6,5
98972,16,2,3,17,3,3,0,1,1,1,2,18,2,2,0.0,0.0,0.0,0.0,0.0,2.0,17,5,7
34944,16,11,3,15,8,3,5,5,1,1,2,23,2,2,0.0,0.0,0.0,0.0,0.0,2.0,15,6,3
28219,16,2,3,0,6,3,0,1,0,1,2,6,3,3,2.0,0.0,0.0,1.0,1.0,2.0,9,5,2
53426,4,2,3,17,2,3,0,1,1,0,2,24,2,2,0.0,0.0,0.0,0.0,0.0,2.0,10,5,4
177419,16,7,4,10,10,3,6,1,1,1,1,19,2,2,0.0,0.0,0.0,0.0,0.0,2.0,15,6,12
144804,16,2,1,10,15,3,0,1,0,1,1,20,3,4,1.0,0.0,0.0,0.0,1.0,3.0,6,1,10
103112,16,2,3,10,6,3,0,1,1,1,2,6,2,2,0.0,0.0,0.0,0.0,0.0,3.0,13,6,7
116997,16,2,3,0,8,3,0,1,0,1,2,6,2,3,1.0,0.0,0.0,1.0,0.0,1.0,14,5,8
161006,16,2,1,17,2,3,0,1,1,1,2,36,2,2,0.0,0.0,0.0,0.0,0.0,2.0,18,1,11
138962,15,2,3,17,8,3,6,1,1,1,2,17,2,2,0.0,0.0,0.0,0.0,0.0,2.0,19,5,10
13220,16,10,4,17,2,3,4,5,0,1,2,24,2,3,1.0,0.0,0.0,1.0,0.0,2.0,16,6,1
96451,16,2,3,17,6,3,0,6,1,1,2,36,2,2,0.0,0.0,0.0,0.0,0.0,2.0,15,2,7
125405,16,2,3,15,6,3,0,5,1,1,1,18,2,2,0.0,0.0,0.0,0.0,0.0,2.0,16,2,9
115962,16,2,3,9,15,3,0,1,0,1,0,18,2,3,1.0,0.0,0.0,1.0,0.0,1.0,8,3,8
150526,16,2,3,17,6,3,0,1,0,1,2,18,2,3,2.0,0.0,0.0,2.0,0.0,0.0,15,4,10
179748,16,2,0,10,8,3,0,1,1,1,2,19,2,2,0.0,0.0,0.0,0.0,0.0,2.0,18,2,12
62965,16,2,3,0,6,3,0,5,0,1,2,6,2,2,0.0,0.0,0.0,0.0,0.0,3.0,11,7,5
153921,16,2,3,15,3,3,0,1,1,1,2,36,2,2,0.0,0.0,0.0,0.0,0.0,3.0,14,1,10
156884,15,2,3,17,2,3,0,1,1,1,2,24,2,2,0.0,0.0,0.0,0.0,0.0,2.0,7,3,11
32858,15,2,3,10,2,3,0,5,1,1,2,36,2,2,0.0,0.0,0.0,0.0,0.0,3.0,18,1,3
22855,15,2,3,0,8,3,0,1,0,1,2,18,2,4,2.0,0.0,0.0,0.0,2.0,1.0,8,5,2
3288,16,2,1,17,11,3,0,1,0,1,2,18,2,3,1.0,0.0,0.0,1.0,0.0,1.0,23,7,1
120923,15,2,3,10,15,3,5,5,1,1,2,19,2,2,0.0,0.0,0.0,0.0,0.0,4.0,12,5,9
173601,15,2,3,2,8,3,0,5,0,1,1,26,1,1,1.0,0.0,1.0,0.0,0.0,0.0,13,1,12
158371,15,2,1,17,6,3,0,1,1,1,2,18,2,2,0.0,0.0,0.0,0.0,0.0,2.0,20,6,11
127795,16,2,3,10,2,3,0,6,1,1,2,19,2,2,0.0,0.0,0.0,0.0,0.0,2.0,7,5,9
141192,15,3,3,17,8,3,6,1,1,1,2,5,2,2,0.0,0.0,0.0,0.0,0.0,4.0,12,1,10
92684,15,7,3,10,8,3,6,1,1,1,2,17,2,2,0.0,0.0,0.0,0.0,0.0,4.0,16,7,7
9757,16,2,1,10,8,3,0,1,0,1,2,17,3,3,3.0,0.0,0.0,3.0,0.0,3.0,21,2,1
14165,16,2,1,0,6,3,0,1,1,1,2,6,2,2,0.0,0.0,0.0,0.0,0.0,4.0,22,2,1
24833,16,2,4,10,8,3,0,1,1,1,1,36,3,2,0.0,0.0,0.0,0.0,0.0,3.0,18,4,2
85557,17,2,3,10,8,3,5,5,1,1,2,36,2,2,0.0,0.0,0.0,0.0,0.0,2.0,13,1,6
130862,15,2,1,0,8,3,0,5,0,1,2,8,2,3,1.0,0.0,0.0,1.0,0.0,2.0,23,5,9
20299,15,2,2,8,8,3,0,1,1,1,2,18,2,2,0.0,0.0,0.0,0.0,0.0,2.0,5,4,2
138607,17,2,2,8,6,3,0,1,0,1,0,36,2,3,1.0,0.0,0.0,1.0,0.0,1.0,17,2,10
128244,4,2,1,17,15,3,0,1,1,1,1,23,2,2,0.0,0.0,0.0,0.0,0.0,3.0,2,7,9
53575,4,2,3,10,8,3,0,1,1,1,2,19,2,2,0.0,0.0,0.0,0.0,0.0,2.0,14,6,4
22605,16,9,1,17,3,3,4,1,0,1,2,24,3,3,1.0,0.0,0.0,1.0,0.0,3.0,17,7,2
82956,16,2,3,0,6,3,0,1,0,1,2,6,2,2,0.0,0.0,0.0,0.0,0.0,2.0,16,3,6
17477,15,10,3,10,8,3,6,1,0,1,2,36,2,3,1.0,0.0,0.0,1.0,0.0,2.0,14,5,2
16565,15,2,1,0,6,3,0,1,0,1,2,5,2,3,2.0,0.0,0.0,2.0,0.0,0.0,18,3,2
124995,4,2,1,9,8,3,0,1,0,1,2,36,2,1,4.0,0.0,1.0,3.0,0.0,1.0,21,7,9
33884,6,10,3,15,17,3,4,5,1,1,2,36,2,2,0.0,0.0,0.0,0.0,0.0,2.0,16,3,3
146362,16,2,3,17,10,3,0,1,1,1,1,24,2,2,0.0,0.0,0.0,0.0,0.0,2.0,8,6,10
113355,15,2,3,0,6,3,0,1,1,1,1,5,2,2,0.0,0.0,0.0,0.0,0.0,2.0,17,5,8
110130,15,2,3,8,6,3,0,1,0,1,1,18,2,3,1.0,0.0,0.0,1.0,0.0,1.0,18,5,8
11025,16,2,3,17,2,3,0,1,1,1,1,36,2,2,0.0,0.0,0.0,0.0,0.0,2.0,10,2,1
2309,16,2,3,0,6,3,0,1,1,1,2,36,2,2,0.0,0.0,0.0,0.0,0.0,3.0,15,6,1
138864,15,2,3,9,8,3,0,1,0,1,2,36,2,3,1.0,0.0,0.0,1.0,0.0,1.0,16,4,10
115641,16,2,3,17,3,3,0,1,0,1,2,6,2,3,1.0,0.0,0.0,1.0,0.0,2.0,11,4,8
43228,15,7,1,17,8,3,6,5,1,1,1,18,2,2,0.0,0.0,0.0,0.0,0.0,2.0,19,3,4
52173,16,2,3,15,8,3,0,1,1,1,2,22,2,2,0.0,0.0,0.0,0.0,0.0,2.0,11,2,4
63180,16,2,3,0,8,3,0,1,1,1,2,15,2,2,0.0,0.0,0.0,0.0,0.0,3.0,18,3,5
134438,16,2,1,2,6,3,0,1,0,1,2,28,1,1,2.0,0.0,2.0,0.0,0.0,0.0,23,6,9
100475,16,2,1,17,15,3,0,1,1,1,2,24,2,2,0.0,0.0,0.0,0.0,0.0,2.0,1,1,7
32159,16,7,1,0,10,3,6,1,0,1,2,11,2,1,2.0,0.0,1.0,1.0,0.0,0.0,23,2,3
151733,4,2,3,0,10,3,0,1,0,1,2,18,2,2,0.0,0.0,0.0,0.0,0.0,2.0,8,6,10
69425,16,2,3,0,6,3,0,1,0,1,2,36,2,2,0.0,0.0,0.0,0.0,0.0,2.0,19,5,5
187000,16,7,2,15,9,3,6,1,1,1,0,39,2,2,0.0,0.0,0.0,0.0,0.0,2.0,12,6,12
104572,16,2,3,10,2,3,0,1,1,1,1,17,2,2,0.0,0.0,0.0,0.0,0.0,2.0,10,4,8
75908,16,2,3,17,6,3,0,1,1,1,2,36,2,2,0.0,0.0,0.0,0.0,0.0,4.0,17,5,6
124016,16,2,3,17,10,3,0,1,1,1,1,19,2,2,0.0,0.0,0.0,0.0,0.0,2.0,10,7,9
108898,16,2,3,8,6,3,0,1,0,1,2,6,2,3,1.0,0.0,0.0,1.0,0.0,1.0,7,7,8
151433,15,2,0,17,2,3,0,1,1,1,2,18,2,2,0.0,0.0,0.0,0.0,0.0,2.0,10,3,10
119432,16,2,3,14,3,3,0,5,0,1,2,26,3,3,3.0,0.0,0.0,3.0,0.0,2.0,15,4,8
30915,16,2,3,9,6,3,0,1,0,1,0,36,2,4,1.0,0.0,0.0,0.0,1.0,1.0,15,4,3
38515,15,2,3,0,11,4,0,1,0,1,2,5,2,3,1.0,0.0,0.0,1.0,0.0,1.0,19,6,3
99656,0,2,3,9,6,3,0,5,0,1,2,18,3,3,2.0,0.0,0.0,2.0,0.0,1.0,14,3,7
17424,16,3,3,17,2,3,4,1,0,1,2,36,2,2,0.0,0.0,0.0,0.0,0.0,2.0,14,4,2
107580,16,2,1,17,8,3,0,1,1,1,2,36,2,2,0.0,0.0,0.0,0.0,0.0,2.0,0,1,8
105818,16,2,3,17,3,3,0,1,0,1,2,6,2,4,1.0,0.0,0.0,0.0,1.0,2.0,13,3,8
164049,16,10,3,0,8,3,4,1,1,1,2,6,2,2,0.0,0.0,0.0,0.0,0.0,3.0,11,3,11
69056,16,2,3,17,9,3,0,1,1,1,1,22,2,2,0.0,0.0,0.0,0.0,0.0,3.0,17,6,5
25650,4,11,3,7,6,3,0,1,0,1,2,36,2,2,0.0,0.0,0.0,0.0,0.0,1.0,17,6,2
143430,16,7,1,17,8,3,6,1,1,1,2,36,2,2,0.0,0.0,0.0,0.0,0.0,2.0,21,4,10
140611,4,2,1,9,8,3,0,1,1,1,2,18,2,2,0.0,0.0,0.0,0.0,0.0,2.0,1,1,10
48535,16,2,3,10,3,3,0,1,0,1,2,18,2,4,1.0,0.0,0.0,0.0,1.0,2.0,16,6,4
185067,16,10,3,10,6,3,1,1,1,1,2,19,2,2,0.0,0.0,0.0,0.0,0.0,2.0,12,6,12
35100,16,7,1,10,6,3,6,1,1,1,1,28,2,2,0.0,0.0,0.0,0.0,0.0,4.0,21,2,3
87488,15,2,4,10,8,3,0,1,1,1,2,36,2,2,0.0,0.0,0.0,0.0,0.0,2.0,20,3,6
142157,4,2,3,7,8,3,0,4,1,0,2,22,2,2,0.0,0.0,0.0,0.0,0.0,1.0,9,3,10
125587,16,2,3,10,8,3,0,1,1,1,1,36,2,2,0.0,0.0,0.0,0.0,0.0,4.0,8,2,9
36470,16,2,1,10,8,3,0,1,1,1,1,17,2,2,0.0,0.0,0.0,0.0,0.0,3.0,19,5,3
44768,15,2,3,0,8,3,0,1,0,0,2,5,2,3,2.0,0.0,0.0,2.0,0.0,1.0,15,4,4
108613,16,2,3,0,6,3,0,1,0,1,2,36,2,3,5.0,0.0,0.0,5.0,0.0,0.0,19,4,8
113595,15,2,3,10,8,3,0,1,1,1,2,36,2,2,0.0,0.0,0.0,0.0,0.0,4.0,12,7,8
98461,15,2,3,0,8,3,0,1,1,1,2,5,2,2,0.0,0.0,0.0,0.0,0.0,2.0,18,4,7
84821,16,2,4,10,8,3,0,5,1,1,2,17,2,2,0.0,0.0,0.0,0.0,0.0,3.0,20,3,6
68641,16,7,3,15,8,3,6,1,1,1,1,22,2,2,0.0,0.0,0.0,0.0,0.0,6.0,17,6,5
98547,4,2,3,8,6,3,0,1,0,1,0,5,2,3,1.0,0.0,0.0,1.0,0.0,1.0,8,5,7
94366,16,2,1,10,6,3,0,1,0,1,2,19,2,3,1.0,0.0,0.0,1.0,0.0,1.0,21,4,7
86132,16,2,3,17,6,3,0,1,0,1,2,36,4,3,1.0,0.0,0.0,1.0,0.0,7.0,8,3,6
131908,16,2,3,10,3,3,0,1,1,1,2,17,2,2,0.0,0.0,0.0,0.0,0.0,2.0,8,5,9
82055,16,2,3,10,10,3,0,1,1,0,2,19,2,2,0.0,0.0,0.0,0.0,0.0,2.0,8,2,6
86668,16,2,3,10,18,3,0,1,1,1,1,19,2,2,0.0,0.0,0.0,0.0,0.0,2.0,17,6,6
41840,4,2,3,2,0,3,0,1,1,1,2,36,1,2,0.0,0.0,0.0,0.0,0.0,1.0,17,6,3
28477,16,2,1,17,6,3,0,1,0,1,2,18,2,2,0.0,0.0,0.0,0.0,0.0,2.0,0,1,3
91195,16,2,3,17,15,3,0,5,1,1,2,24,2,2,0.0,0.0,0.0,0.0,0.0,2.0,18,4,7
146802,16,2,3,17,6,3,0,1,0,1,2,18,2,2,0.0,0.0,0.0,0.0,0.0,2.0,12,2,10
28181,16,2,3,9,8,3,0,5,0,1,2,36,2,3,1.0,0.0,0.0,1.0,0.0,2.0,15,5,2
119431,16,2,3,0,8,3,0,1,1,1,2,18,2,2,0.0,0.0,0.0,0.0,0.0,2.0,15,4,8
67529,15,2,3,0,8,3,0,1,0,1,2,36,2,2,0.0,0.0,0.0,0.0,0.0,2.0,15,5,5
46114,16,2,3,17,2,3,0,1,0,1,2,6,2,2,0.0,0.0,0.0,0.0,0.0,3.0,17,7,4
3419,16,2,3,0,2,3,0,1,1,1,1,26,2,2,0.0,0.0,0.0,0.0,0.0,3.0,15,1,1
121458,16,2,3,10,2,3,0,1,1,1,1,19,2,2,0.0,0.0,0.0,0.0,0.0,2.0,18,6,9
135120,16,2,3,8,8,3,0,1,1,1,1,36,2,2,0.0,0.0,0.0,0.0,0.0,2.0,20,1,9
161353,16,2,3,10,2,3,0,1,1,1,0,30,2,2,0.0,0.0,0.0,0.0,0.0,2.0,10,4,11
12308,4,11,3,0,9,3,6,1,0,1,2,18,3,2,0.0,0.0,0.0,0.0,0.0,2.0,14,5,1
123886,16,2,3,0,2,3,0,5,1,1,2,36,2,2,0.0,0.0,0.0,0.0,0.0,2.0,12,5,9
4301,16,7,3,17,6,3,6,1,0,1,2,18,2,4,1.0,0.0,0.0,0.0,1.0,1.0,12,3,1
106273,16,2,1,17,8,3,0,1,1,1,2,18,2,2,0.0,0.0,0.0,0.0,0.0,7.0,0,1,8
111924,16,2,3,14,8,3,0,1,1,1,2,36,2,2,0.0,0.0,0.0,0.0,0.0,2.0,17,3,8
168625,16,2,1,17,8,3,0,1,1,1,2,18,2,2,0.0,0.0,0.0,0.0,0.0,3.0,18,3,11
131540,16,2,3,15,2,3,0,1,1,1,2,12,2,2,0.0,0.0,0.0,0.0,0.0,2.0,14,2,9
78499,16,2,1,1,8,3,0,1,0,1,2,3,2,3,1.0,0.0,0.0,1.0,0.0,1.0,22,1,6
48511,16,2,1,3,8,3,0,1,0,1,1,18,2,3,1.0,0.0,0.0,1.0,0.0,2.0,21,1,4
42702,4,7,1,17,3,3,6,5,1,1,2,36,2,2,0.0,0.0,0.0,0.0,0.0,2.0,20,2,4
149711,16,2,3,17,6,3,2,3,0,1,2,18,2,2,0.0,0.0,0.0,0.0,0.0,2.0,11,2,10
151072,15,2,3,17,3,3,0,1,0,1,2,18,2,2,0.0,0.0,0.0,0.0,0.0,2.0,16,4,10
60423,4,2,1,17,6,3,0,1,1,1,0,36,2,2,0.0,0.0,0.0,0.0,0.0,2.0,20,3,5
6749,15,7,1,0,6,3,6,1,0,1,2,5,2,2,0.0,0.0,0.0,0.0,0.0,3.0,18,5,1
37716,15,2,1,0,2,3,0,1,0,1,2,36,2,3,1.0,0.0,0.0,1.0,0.0,2.0,20,5,3
161144,16,2,3,17,8,3,0,1,1,1,2,18,2,2,0.0,0.0,0.0,0.0,0.0,3.0,11,4,11
115530,4,2,3,0,15,3,0,1,0,1,2,38,2,2,0.0,0.0,0.0,0.0,0.0,2.0,13,5,8
15655,16,2,3,10,8,3,0,1,0,1,2,8,3,3,1.0,0.0,0.0,1.0,0.0,2.0,10,6,2
57760,16,2,4,0,6,3,0,5,1,1,1,36,2,2,0.0,0.0,0.0,0.0,0.0,4.0,19,4,5
127842,15,2,3,9,10,3,0,1,0,1,0,18,2,1,1.0,0.0,1.0,0.0,0.0,2.0,15,6,9
71167,16,2,3,15,2,3,0,1,1,1,2,8,2,2,0.0,0.0,0.0,0.0,0.0,2.0,7,3,5
112356,15,2,3,0,6,3,0,1,0,1,2,18,2,3,3.0,0.0,0.0,3.0,0.0,0.0,8,4,8
153242,16,7,1,17,2,3,6,1,0,1,2,36,2,4,3.0,0.0,0.0,0.0,3.0,0.0,19,6,10
136565,16,2,3,0,2,3,0,2,1,1,2,36,2,2,0.0,0.0,0.0,0.0,0.0,3.0,8,6,9
63982,15,2,3,0,6,3,0,1,0,1,2,36,2,3,1.0,0.0,0.0,1.0,0.0,4.0,8,3,5
17414,4,2,3,9,8,3,4,1,0,1,0,39,2,1,1.0,0.0,1.0,0.0,0.0,1.0,10,3,2
188136,16,2,1,17,8,3,6,5,1,1,2,12,2,2,0.0,0.0,0.0,0.0,0.0,2.0,22,7,12
130373,15,2,3,0,8,3,0,1,0,1,2,18,2,2,0.0,0.0,0.0,0.0,0.0,3.0,14,7,9
8536,16,10,1,2,8,3,0,5,0,1,2,18,1,3,1.0,0.0,0.0,1.0,0.0,0.0,22,4,1
48355,15,2,3,0,15,3,0,1,0,1,2,36,2,4,1.0,0.0,0.0,0.0,1.0,1.0,9,5,4
145039,16,2,3,11,6,3,0,1,1,1,1,36,2,2,0.0,0.0,0.0,0.0,0.0,2.0,11,5,10
64492,15,2,3,8,6,3,0,1,0,1,2,26,2,3,3.0,0.0,0.0,3.0,0.0,0.0,15,6,5
145913,15,2,3,0,11,3,0,1,0,1,2,6,2,4,1.0,0.0,0.0,0.0,1.0,1.0,12,2,10
60458,16,7,3,15,6,3,6,1,1,1,2,18,2,2,0.0,0.0,0.0,0.0,0.0,2.0,16,5,5
178978,15,2,1,10,8,3,0,1,0,1,2,19,2,2,0.0,0.0,0.0,0.0,0.0,2.0,0,4,12
183816,4,2,3,10,2,3,0,1,1,0,1,17,2,2,0.0,0.0,0.0,0.0,0.0,3.0,9,7,12
82620,15,2,3,0,8,3,0,1,1,1,2,38,2,2,0.0,0.0,0.0,0.0,0.0,2.0,13,3,6
133311,16,2,1,10,3,3,0,1,0,1,2,17,2,3,2.0,0.0,0.0,2.0,0.0,1.0,2,5,9
177890,16,10,3,10,6,3,4,1,1,1,2,36,2,2,0.0,0.0,0.0,0.0,0.0,2.0,7,4,12
102203,16,2,3,10,6,3,5,5,1,1,0,36,2,2,0.0,0.0,0.0,0.0,0.0,3.0,15,6,7
93713,4,2,3,17,8,3,0,1,1,1,1,36,2,2,0.0,0.0,0.0,0.0,0.0,2.0,16,2,7
187434,15,3,3,0,6,3,6,1,1,1,2,36,2,2,0.0,0.0,0.0,0.0,0.0,2.0,8,5,12
62103,16,2,3,10,8,3,0,1,1,1,2,19,2,2,0.0,0.0,0.0,0.0,0.0,2.0,10,7,5
55256,4,2,2,10,15,3,0,1,1,1,1,36,2,2,0.0,0.0,0.0,0.0,0.0,2.0,16,5,4
143781,16,7,2,17,10,3,6,1,1,1,1,24,2,2,0.0,0.0,0.0,0.0,0.0,2.0,17,3,10
124555,16,7,3,17,2,2,6,1,1,1,1,4,2,2,0.0,0.0,0.0,0.0,0.0,5.0,11,1,9
42112,16,10,1,0,17,3,6,5,1,1,1,36,2,2,0.0,0.0,0.0,0.0,0.0,2.0,23,5,3
46598,4,2,3,15,8,3,0,1,0,1,2,36,2,2,0.0,0.0,0.0,0.0,0.0,2.0,18,2,4
185315,16,2,3,2,8,3,0,1,1,1,2,36,3,2,0.0,0.0,0.0,0.0,0.0,1.0,13,2,12
34489,16,2,0,17,8,3,0,1,0,1,2,18,2,3,1.0,0.0,0.0,1.0,0.0,1.0,21,5,3
145701,16,2,1,5,6,3,0,1,0,1,2,28,1,2,0.0,0.0,0.0,0.0,0.0,1.0,2,2,10
135835,16,3,3,17,6,3,0,1,1,1,2,18,2,2,0.0,0.0,0.0,0.0,0.0,3.0,9,6,9
117683,15,2,3,0,8,3,0,1,0,1,2,18,2,4,1.0,0.0,0.0,0.0,1.0,3.0,19,2,8
17287,15,2,3,14,6,3,0,1,1,1,1,36,2,2,0.0,0.0,0.0,0.0,0.0,3.0,14,2,2
52037,15,2,3,0,15,3,0,1,1,1,2,18,2,2,0.0,0.0,0.0,0.0,0.0,2.0,8,2,4
94093,16,2,1,0,3,3,0,1,1,1,2,36,2,2,0.0,0.0,0.0,0.0,0.0,3.0,23,6,7
183221,16,2,4,17,2,3,0,1,1,1,1,36,2,2,0.0,0.0,0.0,0.0,0.0,2.0,16,6,12
39843,16,2,3,17,8,3,0,1,1,1,2,18,2,2,0.0,0.0,0.0,0.0,0.0,6.0,16,3,3
166757,16,2,0,9,6,3,0,1,0,1,2,36,2,1,1.0,0.0,1.0,0.0,0.0,2.0,17,7,11
108178,16,2,1,0,6,3,0,1,0,1,2,6,2,3,5.0,0.0,0.0,2.0,3.0,1.0,20,5,8
184886,15,2,0,0,6,3,0,1,0,1,2,17,2,2,0.0,0.0,0.0,0.0,0.0,4.0,20,2,12
55284,15,2,1,0,8,3,0,1,1,1,1,36,2,2,0.0,0.0,0.0,0.0,0.0,8.0,20,5,4
50810,16,2,3,17,8,3,0,1,0,1,2,18,3,2,0.0,0.0,0.0,0.0,0.0,3.0,6,6,4
152081,16,2,3,17,3,3,0,1,0,1,2,24,2,2,0.0,0.0,0.0,0.0,0.0,2.0,16,6,10
152704,16,2,3,17,5,3,0,1,0,1,2,6,2,4,2.0,0.0,0.0,0.0,2.0,1.0,13,7,10
80390,16,2,1,0,5,3,0,1,0,1,2,6,2,2,0.0,0.0,0.0,0.0,0.0,2.0,23,1,6
42560,16,2,3,15,6,3,0,1,1,1,2,23,2,2,0.0,0.0,0.0,0.0,0.0,2.0,7,6,4
175076,16,2,3,10,2,3,0,1,0,1,2,17,2,2,0.0,0.0,0.0,0.0,0.0,2.0,15,6,12
164255,16,2,0,15,8,3,0,1,1,1,1,36,2,2,0.0,0.0,0.0,0.0,0.0,4.0,17,5,11
124440,15,2,1,9,8,3,0,1,1,1,0,26,2,2,0.0,0.0,0.0,0.0,0.0,2.0,20,6,9
169956,16,2,4,17,9,4,0,5,1,1,2,18,2,2,0.0,0.0,0.0,0.0,0.0,3.0,15,7,11
173391,15,2,1,0,8,3,0,1,1,1,1,18,2,2,0.0,0.0,0.0,0.0,0.0,2.0,16,3,12
119570,15,2,1,0,6,3,0,3,0,1,2,18,2,2,0.0,0.0,0.0,0.0,0.0,5.0,21,6,8
172689,17,11,5,15,8,3,5,5,1,1,0,36,2,2,0.0,0.0,0.0,0.0,0.0,2.0,18,1,12
179421,4,2,1,17,6,3,0,1,1,1,2,36,2,2,0.0,0.0,0.0,0.0,0.0,3.0,20,6,12
30886,16,7,3,15,6,3,6,1,0,1,2,36,3,4,1.0,0.0,0.0,0.0,1.0,2.0,10,2,3
158728,16,7,3,15,8,3,6,1,0,1,2,24,2,3,1.0,0.0,0.0,1.0,0.0,8.0,7,3,11
36039,15,7,1,17,10,3,6,1,1,1,2,18,2,2,0.0,0.0,0.0,0.0,0.0,2.0,20,4,3
37419,16,2,4,15,8,3,0,1,0,1,1,36,2,2,0.0,0.0,0.0,0.0,0.0,2.0,17,1,3
179197,15,2,1,0,18,3,0,1,1,1,1,18,2,2,0.0,0.0,0.0,0.0,0.0,2.0,16,2,12