crash_date,               traffic_control_device,weather_condition,lighting_condition,first_crash_type,trafficway_type,alignment,roadway_surface_cond,road_defect,crash_type,intersection_related_i,damage,prim_contributory_cause,num_units,most_severe_injury,injuries_total,injuries_fatal,injuries_incapacitating,injuries_non_incapacitating,injuries_reported_not_evident,injuries_no_indication,crash_hour,crash_day_of_week,crash_month
39929,15,2,3,0,8,3,0,1,1,1,2,18,2,2,0.0,0.0,0.0,0.0,0.0,3.0,14,6,3
122927,16,2,3,15,8,3,0,1,1,1,1,18,2,2,0.0,0.0,0.0,0.0,0.0,2.0,6,5,9
164110,16,2,0,0,6,3,0,1,0,1,2,36,2,2,0.0,0.0,0.0,0.0,0.0,2.0,23,4,11
4537,15,2,3,10,8,3,6,1,1,1,2,19,2,2,0.0,0.0,0.0,0.0,0.0,2.0,15,6,1
168739,15,2,1,7,8,3,0,5,1,0,2,36,2,2,0.0,0.0,0.0,0.0,0.0,1.0,22,7,11
168816,16,11,3,10,8,3,5,5,1,1,0,36,2,2,0.0,0.0,0.0,0.0,0.0,2.0,13,3,11
184929,16,2,4,0,6,3,0,1,0,1,2,23,2,2,0.0,0.0,0.0,0.0,0.0,2.0,16,4,12
172153,15,2,3,17,8,3,0,1,1,1,2,18,2,2,0.0,0.0,0.0,0.0,0.0,2.0,11,3,12
9254,16,2,1,7,8,3,6,1,1,1,0,22,2,2,0.0,0.0,0.0,0.0,0.0,1.0,15,7,1
109100,16,2,3,10,6,3,0,5,1,1,2,19,2,2,0.0,0.0,0.0,0.0,0.0,2.0,10,4,8
122949,15,2,3,9,8,3,0,1,1,1,0,36,2,2,0.0,0.0,0.0,0.0,0.0,2.0,9,5,9
116032,15,2,3,17,8,3,0,1,1,1,1,23,2,2,0.0,0.0,0.0,0.0,0.0,2.0,8,4,8
85438,16,7,3,17,6,3,6,1,1,1,2,18,2,2,0.0,0.0,0.0,0.0,0.0,2.0,10,6,6
23430,16,2,3,0,6,3,0,1,0,1,2,36,2,4,1.0,0.0,0.0,0.0,1.0,1.0,15,1,2
135206,15,2,3,0,6,3,5,5,0,1,2,36,2,3,1.0,0.0,0.0,1.0,0.0,2.0,17,3,9
183624,16,2,3,0,2,3,0,1,1,1,1,36,2,2,0.0,0.0,0.0,0.0,0.0,4.0,13,5,12
26043,4,2,3,10,8,3,0,1,1,1,2,19,2,2,0.0,0.0,0.0,0.0,0.0,2.0,16,6,2
116687,16,2,3,10,8,3,0,1,0,1,2,19,3,2,0.0,0.0,0.0,0.0,0.0,4.0,12,5,8
124614,16,7,3,0,6,3,6,5,0,1,2,36,2,4,1.0,0.0,0.0,0.0,1.0,1.0,10,3,9
35835,15,2,1,10,8,3,0,5,0,1,2,17,2,3,1.0,0.0,0.0,1.0,0.0,1.0,19,6,3
100443,16,2,3,10,3,3,0,1,1,1,1,36,2,2,0.0,0.0,0.0,0.0,0.0,2.0,18,7,7
147144,16,2,1,10,8,3,0,1,1,1,2,19,2,2,0.0,0.0,0.0,0.0,0.0,2.0,20,7,10
45765,16,2,1,0,6,3,0,1,1,1,2,6,2,2,0.0,0.0,0.0,0.0,0.0,2.0,5,2,4
26478,15,2,1,10,8,3,6,1,0,1,2,8,2,4,1.0,0.0,0.0,0.0,1.0,1.0,18,6,2
45690,16,2,3,17,6,3,0,1,0,1,2,18,2,2,0.0,0.0,0.0,0.0,0.0,2.0,13,7,4
139670,15,2,1,10,8,3,0,1,0,1,2,17,2,3,1.0,0.0,0.0,1.0,0.0,4.0,19,3,10
40951,16,2,3,15,8,3,0,1,1,1,1,18,2,2,0.0,0.0,0.0,0.0,0.0,2.0,17,5,3
145225,15,7,3,0,2,3,6,1,0,1,2,18,2,3,1.0,0.0,0.0,1.0,0.0,1.0,15,7,10
164382,16,2,1,10,2,3,0,5,0,1,1,36,2,4,2.0,0.0,0.0,0.0,2.0,2.0,18,7,11
151958,4,7,3,0,6,3,6,1,0,1,2,17,2,3,1.0,0.0,0.0,1.0,0.0,1.0,9,3,10
56728,6,2,1,2,15,3,0,1,0,1,2,17,1,2,0.0,0.0,0.0,0.0,0.0,1.0,3,1,5
163128,16,2,1,10,8,4,0,1,0,1,1,17,2,3,1.0,0.0,0.0,1.0,0.0,1.0,18,4,11
115336,16,2,3,0,2,3,0,1,0,1,2,6,2,2,0.0,0.0,0.0,0.0,0.0,4.0,12,7,8
168387,16,2,3,15,2,3,0,1,1,1,1,36,2,2,0.0,0.0,0.0,0.0,0.0,2.0,15,3,11
30519,4,7,3,17,8,3,6,1,1,1,1,36,2,2,0.0,0.0,0.0,0.0,0.0,2.0,15,2,3
63621,16,2,3,10,3,3,0,1,1,1,2,19,2,2,0.0,0.0,0.0,0.0,0.0,4.0,10,3,5
124221,16,2,3,10,6,3,0,1,1,1,1,19,2,2,0.0,0.0,0.0,0.0,0.0,2.0,10,4,9
705,15,2,1,0,2,3,0,1,1,1,1,18,2,2,0.0,0.0,0.0,0.0,0.0,4.0,17,5,1
36858,15,7,3,17,2,3,6,1,1,1,2,24,2,2,0.0,0.0,0.0,0.0,0.0,4.0,13,5,3
52452,4,2,0,14,15,3,0,1,0,1,2,17,4,3,5.0,0.0,0.0,5.0,0.0,1.0,21,1,4
130644,16,2,3,10,2,3,0,1,0,0,0,26,2,4,2.0,0.0,0.0,0.0,2.0,1.0,13,7,9
171631,4,2,1,17,2,3,0,1,0,1,2,17,2,2,0.0,0.0,0.0,0.0,0.0,2.0,6,5,11
4094,16,5,1,15,8,3,6,1,0,1,2,36,2,2,0.0,0.0,0.0,0.0,0.0,2.0,22,5,1
174968,16,2,1,17,2,3,0,1,1,1,2,24,2,2,0.0,0.0,0.0,0.0,0.0,4.0,19,4,12
73416,15,2,4,0,8,3,0,1,0,1,2,17,2,2,0.0,0.0,0.0,0.0,0.0,2.0,19,2,6
103291,16,2,3,15,8,3,0,1,1,1,2,22,2,2,0.0,0.0,0.0,0.0,0.0,3.0,15,1,7
72252,16,7,0,9,6,3,6,1,0,1,0,39,2,3,1.0,0.0,0.0,1.0,0.0,2.0,19,7,6
88508,16,2,3,10,6,3,0,1,1,1,1,26,2,2,0.0,0.0,0.0,0.0,0.0,2.0,12,5,7
83583,16,2,3,17,8,3,0,1,0,1,2,6,2,4,1.0,0.0,0.0,0.0,1.0,4.0,13,7,6
100785,16,7,3,0,8,3,6,1,0,1,2,6,3,3,3.0,0.0,0.0,3.0,0.0,1.0,23,4,7
184817,15,2,0,10,8,3,0,1,0,1,2,13,2,2,0.0,0.0,0.0,0.0,0.0,2.0,19,1,12
66905,4,2,1,9,10,3,0,1,0,1,2,28,2,1,1.0,0.0,1.0,0.0,0.0,1.0,23,1,5
65895,15,2,0,17,8,3,0,1,0,1,2,18,2,3,5.0,0.0,0.0,5.0,0.0,0.0,20,6,5
13007,16,2,1,10,2,3,0,1,0,1,2,19,2,2,0.0,0.0,0.0,0.0,0.0,2.0,17,1,1
167738,16,2,3,10,8,3,0,1,1,1,1,19,2,2,0.0,0.0,0.0,0.0,0.0,3.0,13,6,11
62170,15,2,1,17,8,3,0,1,0,1,2,5,2,3,1.0,0.0,0.0,1.0,0.0,1.0,23,1,5
170616,16,7,1,10,8,3,6,1,1,1,2,19,2,2,0.0,0.0,0.0,0.0,0.0,3.0,1,7,11
75647,16,2,3,10,8,3,0,1,1,1,1,36,2,2,0.0,0.0,0.0,0.0,0.0,3.0,17,7,6
121413,16,2,3,17,6,3,0,1,1,1,1,36,2,2,0.0,0.0,0.0,0.0,0.0,2.0,10,5,9
150644,4,2,1,17,2,3,0,1,0,1,2,36,2,2,0.0,0.0,0.0,0.0,0.0,2.0,23,6,10
82998,16,2,3,17,6,3,0,1,1,1,1,18,2,2,0.0,0.0,0.0,0.0,0.0,3.0,12,3,6
187060,16,10,1,15,2,3,4,1,1,1,2,23,2,2,0.0,0.0,0.0,0.0,0.0,2.0,18,5,12
158269,4,11,3,17,18,3,5,5,1,1,2,36,2,2,0.0,0.0,0.0,0.0,0.0,2.0,13,5,11
188631,16,10,1,14,8,3,4,1,0,1,2,16,2,3,1.0,0.0,0.0,1.0,0.0,5.0,22,1,12
15,4,2,1,0,8,3,5,5,1,0,2,17,2,2,0.0,0.0,0.0,0.0,0.0,2.0,1,1,1
25947,16,2,3,13,8,3,6,1,1,1,2,21,2,2,0.0,0.0,0.0,0.0,0.0,2.0,9,4,2
126195,16,2,3,15,2,3,0,1,1,1,1,22,2,2,0.0,0.0,0.0,0.0,0.0,3.0,18,4,9
171225,15,2,0,0,8,3,0,1,1,1,1,36,2,2,0.0,0.0,0.0,0.0,0.0,2.0,17,5,11
156006,16,2,3,17,3,4,0,1,1,1,2,24,2,2,0.0,0.0,0.0,0.0,0.0,2.0,16,2,11
137271,4,2,1,0,0,3,0,1,1,1,1,18,2,2,0.0,0.0,0.0,0.0,0.0,2.0,21,4,9
53610,16,2,3,17,6,3,0,1,0,1,2,12,2,2,0.0,0.0,0.0,0.0,0.0,3.0,6,6,4
180103,4,2,4,15,8,3,4,1,1,1,0,22,2,2,0.0,0.0,0.0,0.0,0.0,2.0,15,5,12
86203,16,2,3,17,2,3,0,5,1,1,2,18,2,2,0.0,0.0,0.0,0.0,0.0,2.0,11,5,6
84048,16,2,3,17,8,3,0,1,0,1,2,22,2,2,0.0,0.0,0.0,0.0,0.0,2.0,11,5,6
130622,16,2,0,17,8,3,5,5,1,1,2,26,2,2,0.0,0.0,0.0,0.0,0.0,5.0,21,4,9
159676,16,2,3,17,6,3,0,1,1,1,2,6,2,2,0.0,0.0,0.0,0.0,0.0,3.0,9,5,11
168132,4,7,3,0,8,3,0,1,1,1,2,18,2,2,0.0,0.0,0.0,0.0,0.0,2.0,14,4,11
142140,17,11,5,10,6,3,5,5,1,1,1,36,2,2,0.0,0.0,0.0,0.0,0.0,2.0,7,3,10
166557,16,2,1,10,2,3,0,1,1,1,1,19,2,2,0.0,0.0,0.0,0.0,0.0,2.0,17,3,11
42963,16,7,3,0,8,3,6,5,1,1,2,18,2,2,0.0,0.0,0.0,0.0,0.0,2.0,13,7,4
184161,16,2,1,17,8,3,5,5,1,1,2,36,2,2,0.0,0.0,0.0,0.0,0.0,3.0,19,3,12
71443,16,2,4,17,6,3,0,5,0,1,2,6,2,1,1.0,0.0,1.0,0.0,0.0,4.0,19,1,5
11784,4,2,3,0,8,3,0,1,1,1,2,18,2,2,0.0,0.0,0.0,0.0,0.0,2.0,16,3,1
104201,17,7,1,15,17,3,6,1,1,1,1,23,2,2,0.0,0.0,0.0,0.0,0.0,2.0,23,7,8
151642,16,2,3,17,2,3,0,5,1,1,1,19,2,2,0.0,0.0,0.0,0.0,0.0,3.0,16,5,10
32050,16,7,1,10,8,3,6,5,0,1,2,18,2,4,2.0,0.0,0.0,0.0,2.0,2.0,19,7,3
113119,16,2,3,10,2,3,0,1,1,1,1,36,2,2,0.0,0.0,0.0,0.0,0.0,2.0,6,7,8
20014,4,11,5,0,6,3,5,5,0,1,2,5,2,3,1.0,0.0,0.0,1.0,0.0,1.0,17,7,2
87032,16,2,3,10,2,3,0,1,1,1,1,17,2,2,0.0,0.0,0.0,0.0,0.0,3.0,14,4,6
70878,16,2,3,17,2,3,0,1,1,1,2,22,2,2,0.0,0.0,0.0,0.0,0.0,2.0,8,7,5
166007,15,2,3,0,8,3,0,1,0,1,2,18,2,1,2.0,0.0,1.0,1.0,0.0,1.0,12,1,11
118537,4,2,3,9,15,3,0,1,0,1,0,36,2,3,1.0,0.0,0.0,1.0,0.0,1.0,12,6,8
143818,16,7,1,10,8,3,6,1,1,1,0,38,2,2,0.0,0.0,0.0,0.0,0.0,2.0,19,3,10
148522,16,2,1,10,8,3,6,1,1,1,2,36,2,2,0.0,0.0,0.0,0.0,0.0,2.0,23,5,10
9364,16,10,1,10,6,3,4,1,1,1,2,36,2,2,0.0,0.0,0.0,0.0,0.0,3.0,21,3,1
73176,16,2,3,17,6,3,0,1,1,1,2,24,2,2,0.0,0.0,0.0,0.0,0.0,2.0,19,6,6
39131,15,11,5,17,11,3,5,5,1,1,2,36,2,2,0.0,0.0,0.0,0.0,0.0,2.0,17,5,3
161433,16,2,0,0,8,3,0,1,0,1,2,37,2,2,0.0,0.0,0.0,0.0,0.0,3.0,3,1,11
2515,4,2,3,17,2,3,0,1,0,1,2,36,2,2,0.0,0.0,0.0,0.0,0.0,2.0,15,1,1
125365,16,2,3,17,6,3,0,1,0,1,2,6,2,2,0.0,0.0,0.0,0.0,0.0,4.0,8,7,9
39800,4,2,3,0,10,3,0,1,1,1,1,18,2,2,0.0,0.0,0.0,0.0,0.0,2.0,7,2,3
32728,15,2,3,0,18,3,0,1,0,1,2,17,2,3,1.0,0.0,0.0,1.0,0.0,2.0,17,5,3
83557,16,2,3,10,2,3,0,1,1,0,2,19,2,2,0.0,0.0,0.0,0.0,0.0,2.0,8,5,6
36899,18,2,3,17,6,3,0,1,0,1,2,7,2,3,1.0,0.0,0.0,1.0,0.0,2.0,14,6,3
10687,16,2,3,17,6,3,0,1,1,1,2,36,2,2,0.0,0.0,0.0,0.0,0.0,4.0,15,4,1
34532,16,10,1,17,6,3,6,1,0,1,2,18,2,4,5.0,0.0,0.0,0.0,5.0,1.0,18,7,3
63815,16,2,1,10,2,3,0,1,0,1,2,36,2,3,1.0,0.0,0.0,1.0,0.0,2.0,21,7,5
59459,16,3,3,15,6,3,0,1,1,1,1,23,2,2,0.0,0.0,0.0,0.0,0.0,2.0,8,3,5
184839,16,2,1,2,8,3,0,1,0,1,2,15,1,2,0.0,0.0,0.0,0.0,0.0,1.0,0,1,12
78922,16,2,3,15,8,3,0,1,1,1,2,18,2,2,0.0,0.0,0.0,0.0,0.0,2.0,9,6,6
79939,15,2,3,0,8,3,0,5,1,1,1,36,2,2,0.0,0.0,0.0,0.0,0.0,2.0,13,7,6
57235,15,7,1,0,6,3,6,1,0,1,2,18,2,3,2.0,0.0,0.0,2.0,0.0,1.0,20,2,5
139461,16,2,3,17,3,3,0,1,0,1,2,18,2,3,2.0,0.0,0.0,2.0,0.0,0.0,11,5,10
49252,16,2,3,17,10,3,0,1,0,1,2,28,2,3,1.0,0.0,0.0,1.0,0.0,3.0,18,7,4
87289,16,2,3,0,8,3,0,1,0,1,2,6,2,2,0.0,0.0,0.0,0.0,0.0,2.0,12,6,6
58309,4,3,3,10,3,3,0,1,0,1,2,30,2,2,0.0,0.0,0.0,0.0,0.0,3.0,9,5,5
12991,15,2,3,2,2,3,4,1,0,1,2,36,1,2,0.0,0.0,0.0,0.0,0.0,1.0,14,1,1
93056,16,2,3,10,8,3,0,1,1,1,1,36,2,2,0.0,0.0,0.0,0.0,0.0,2.0,11,4,7
72582,16,2,3,17,6,3,0,1,0,1,2,18,2,2,0.0,0.0,0.0,0.0,0.0,3.0,9,4,6
138264,16,2,3,10,3,3,0,1,1,1,0,36,2,2,0.0,0.0,0.0,0.0,0.0,3.0,17,3,10
169341,16,7,5,17,2,3,6,5,0,1,2,36,2,3,1.0,0.0,0.0,1.0,0.0,1.0,14,4,11
144682,15,2,3,0,10,3,0,1,1,1,2,18,2,2,0.0,0.0,0.0,0.0,0.0,3.0,8,6,10
14983,15,2,3,0,6,3,0,1,1,1,2,11,2,2,0.0,0.0,0.0,0.0,0.0,2.0,17,3,1
133523,16,2,3,17,8,3,0,1,1,1,2,18,2,2,0.0,0.0,0.0,0.0,0.0,4.0,6,2,9
173242,16,2,1,10,3,3,0,1,1,0,1,36,2,2,0.0,0.0,0.0,0.0,0.0,2.0,17,7,12
13824,15,10,3,10,8,3,4,1,1,1,1,39,2,2,0.0,0.0,0.0,0.0,0.0,2.0,10,2,1
69778,4,2,3,15,6,3,0,1,1,1,2,19,2,2,0.0,0.0,0.0,0.0,0.0,3.0,17,3,5
125038,15,2,3,10,8,3,0,1,1,1,1,19,2,2,0.0,0.0,0.0,0.0,0.0,3.0,16,1,9
92373,15,7,4,15,8,3,6,1,1,1,2,23,2,2,0.0,0.0,0.0,0.0,0.0,3.0,17,3,7
83077,4,2,3,0,6,3,0,5,0,1,2,22,3,2,0.0,0.0,0.0,0.0,0.0,3.0,17,6,6
85283,16,7,3,10,8,3,6,1,1,1,1,36,2,2,0.0,0.0,0.0,0.0,0.0,2.0,9,3,6
42953,16,2,3,10,10,3,0,1,1,1,1,17,2,2,0.0,0.0,0.0,0.0,0.0,3.0,12,6,4
110637,4,2,3,17,8,3,0,1,0,1,1,18,2,3,1.0,0.0,0.0,1.0,0.0,1.0,16,6,8
181685,15,2,3,17,6,3,0,1,1,1,2,18,2,2,0.0,0.0,0.0,0.0,0.0,2.0,6,7,12
38701,4,7,3,8,11,3,6,4,1,1,2,12,2,2,0.0,0.0,0.0,0.0,0.0,2.0,15,4,3
113225,16,2,3,10,2,3,0,1,1,1,2,19,2,2,0.0,0.0,0.0,0.0,0.0,2.0,14,3,8
188444,16,2,1,17,8,3,0,1,0,1,2,36,2,4,1.0,0.0,0.0,0.0,1.0,2.0,16,7,12
14097,16,10,3,0,2,3,6,1,1,1,2,36,2,2,0.0,0.0,0.0,0.0,0.0,4.0,9,1,1
81392,15,2,3,0,18,3,0,1,1,1,2,36,2,2,0.0,0.0,0.0,0.0,0.0,3.0,12,1,6
138419,4,2,3,13,0,3,0,1,1,1,1,18,2,2,0.0,0.0,0.0,0.0,0.0,2.0,7,6,10
161364,16,2,0,17,1,3,0,1,1,1,2,18,2,2,0.0,0.0,0.0,0.0,0.0,2.0,20,6,11
88874,16,2,3,17,8,3,0,1,1,1,1,17,2,2,0.0,0.0,0.0,0.0,0.0,2.0,16,3,7
17507,16,10,1,10,8,3,6,1,1,1,0,17,2,2,0.0,0.0,0.0,0.0,0.0,3.0,19,5,2
173578,4,2,3,17,7,3,0,1,1,1,1,21,2,2,0.0,0.0,0.0,0.0,0.0,2.0,10,7,12
84329,16,2,3,17,8,3,0,1,0,1,2,26,2,2,0.0,0.0,0.0,0.0,0.0,2.0,17,2,6
87421,16,2,3,0,8,3,0,1,1,1,2,6,3,2,0.0,0.0,0.0,0.0,0.0,4.0,8,1,6
121774,15,2,3,0,2,3,0,1,0,1,2,36,2,2,0.0,0.0,0.0,0.0,0.0,3.0,16,3,9
66437,16,2,1,10,6,3,0,1,1,1,2,19,2,2,0.0,0.0,0.0,0.0,0.0,2.0,18,1,5
72647,16,2,3,10,10,3,0,1,1,1,0,36,2,2,0.0,0.0,0.0,0.0,0.0,2.0,9,5,6
156295,16,2,3,0,2,3,6,1,1,1,2,6,2,2,0.0,0.0,0.0,0.0,0.0,2.0,17,4,11
8677,4,2,1,17,8,3,6,1,0,1,2,36,2,3,1.0,0.0,0.0,1.0,0.0,1.0,5,5,1
39332,15,2,4,0,10,3,6,1,1,1,2,36,2,2,0.0,0.0,0.0,0.0,0.0,3.0,19,7,3
56710,16,2,3,17,2,3,0,1,1,1,1,36,2,2,0.0,0.0,0.0,0.0,0.0,2.0,13,1,5
126240,4,2,3,17,8,3,0,1,1,1,1,36,2,2,0.0,0.0,0.0,0.0,0.0,2.0,13,6,9
100775,15,2,1,17,2,3,0,1,1,0,2,24,2,2,0.0,0.0,0.0,0.0,0.0,2.0,21,4,7
89196,18,2,3,0,6,3,0,1,1,1,2,6,2,2,0.0,0.0,0.0,0.0,0.0,5.0,11,1,7
120620,16,7,3,0,8,3,6,1,1,1,2,6,2,2,0.0,0.0,0.0,0.0,0.0,3.0,8,7,9
114730,16,2,3,10,2,3,0,1,0,1,2,19,2,3,1.0,0.0,0.0,1.0,0.0,1.0,18,4,8
53465,16,2,3,17,8,3,0,1,0,1,2,18,2,4,1.0,0.0,0.0,0.0,1.0,2.0,13,4,4
30478,16,2,3,17,15,3,0,1,1,1,1,19,2,2,0.0,0.0,0.0,0.0,0.0,3.0,8,3,3
98227,4,2,3,14,2,3,0,1,1,0,2,36,2,2,0.0,0.0,0.0,0.0,0.0,2.0,12,6,7
80563,4,2,1,2,6,3,0,1,0,1,2,26,1,3,2.0,0.0,0.0,2.0,0.0,1.0,22,2,6
54004,15,7,3,10,8,3,6,1,1,1,1,19,2,2,0.0,0.0,0.0,0.0,0.0,3.0,9,5,4
75204,17,2,3,17,8,3,5,5,0,1,2,24,2,2,0.0,0.0,0.0,0.0,0.0,2.0,18,1,6
42677,16,7,1,17,6,3,6,1,0,1,2,24,3,3,1.0,0.0,0.0,1.0,0.0,2.0,17,2,4
170335,4,2,3,17,2,3,0,1,1,1,2,36,2,2,0.0,0.0,0.0,0.0,0.0,2.0,10,4,11
116141,16,2,3,17,3,3,0,1,1,1,2,18,2,2,0.0,0.0,0.0,0.0,0.0,2.0,16,4,8
132213,16,2,3,17,1,3,0,1,0,1,2,36,2,2,0.0,0.0,0.0,0.0,0.0,2.0,11,3,9
144088,15,11,1,0,8,3,6,1,1,1,1,36,2,2,0.0,0.0,0.0,0.0,0.0,4.0,20,5,10
49462,16,2,3,17,8,3,0,1,0,1,2,18,2,2,0.0,0.0,0.0,0.0,0.0,2.0,5,3,4
154638,15,7,0,10,3,3,6,1,1,1,1,36,2,2,0.0,0.0,0.0,0.0,0.0,2.0,19,4,10
120849,16,2,3,9,2,3,0,1,0,1,0,36,2,3,1.0,0.0,0.0,1.0,0.0,1.0,12,4,9
75099,16,2,3,10,10,3,0,1,0,1,2,19,2,4,2.0,0.0,0.0,0.0,2.0,1.0,14,6,6
102426,15,2,3,0,8,3,0,1,0,1,2,18,2,2,0.0,0.0,0.0,0.0,0.0,3.0,14,1,7
165508,16,2,3,17,6,3,0,1,1,1,1,36,2,2,0.0,0.0,0.0,0.0,0.0,2.0,16,2,11
1255,16,2,3,15,8,3,6,1,1,1,2,36,2,2,0.0,0.0,0.0,0.0,0.0,2.0,13,2,1
38183,15,10,3,17,18,3,6,1,0,1,2,36,2,4,1.0,0.0,0.0,0.0,1.0,3.0,16,1,3
15908,16,2,1,17,2,3,0,1,0,1,2,24,2,2,0.0,0.0,0.0,0.0,0.0,3.0,1,6,2
54463,15,2,3,0,6,3,0,1,0,1,2,17,2,2,0.0,0.0,0.0,0.0,0.0,2.0,15,7,4
19707,16,2,3,10,8,3,0,1,1,1,1,17,2,2,0.0,0.0,0.0,0.0,0.0,2.0,16,1,2
99619,15,2,3,17,6,3,0,1,1,1,2,18,2,2,0.0,0.0,0.0,0.0,0.0,3.0,17,1,7
25096,4,7,3,0,0,3,6,1,1,1,2,18,2,2,0.0,0.0,0.0,0.0,0.0,4.0,9,3,2
67149,16,2,3,15,8,3,0,1,1,1,2,22,2,2,0.0,0.0,0.0,0.0,0.0,2.0,17,4,5
53514,15,2,3,17,8,3,0,5,1,1,2,36,2,2,0.0,0.0,0.0,0.0,0.0,2.0,15,5,4
46943,16,2,3,0,8,3,0,1,0,1,2,17,5,4,1.0,0.0,0.0,0.0,1.0,4.0,17,2,4
70694,16,2,3,10,8,3,0,1,1,1,0,23,2,2,0.0,0.0,0.0,0.0,0.0,3.0,11,3,5
121581,15,2,3,0,6,3,0,1,1,1,2,18,2,2,0.0,0.0,0.0,0.0,0.0,2.0,15,2,9
40447,16,2,3,17,8,3,0,5,1,1,2,36,2,2,0.0,0.0,0.0,0.0,0.0,2.0,10,1,3
63905,15,2,3,0,11,3,0,1,1,1,2,18,2,2,0.0,0.0,0.0,0.0,0.0,2.0,18,2,5
56094,16,2,3,17,2,3,0,1,0,1,2,18,2,2,0.0,0.0,0.0,0.0,0.0,2.0,9,3,5
401,16,2,1,2,6,4,0,1,0,1,1,17,1,2,0.0,0.0,0.0,0.0,0.0,1.0,22,1,1
158647,15,2,4,17,10,3,0,1,0,1,2,5,2,2,0.0,0.0,0.0,0.0,0.0,2.0,16,2,11
115276,15,2,3,17,8,3,0,1,0,1,2,23,2,3,1.0,0.0,0.0,1.0,0.0,1.0,12,5,8
106493,15,2,3,17,10,4,0,1,1,1,1,23,2,2,0.0,0.0,0.0,0.0,0.0,2.0,17,6,8
118297,16,2,3,8,11,3,0,1,0,1,0,32,2,3,1.0,0.0,0.0,1.0,0.0,1.0,18,2,8
182010,17,2,3,9,8,3,0,1,0,1,0,26,2,3,1.0,0.0,0.0,1.0,0.0,1.0,8,3,12
143290,16,2,3,9,5,3,0,1,0,1,0,38,2,3,1.0,0.0,0.0,1.0,0.0,1.0,17,5,10
183360,4,2,3,17,2,3,0,5,0,1,2,36,2,4,2.0,0.0,0.0,0.0,2.0,0.0,8,2,12
136030,16,2,3,15,2,3,0,1,1,1,2,22,2,2,0.0,0.0,0.0,0.0,0.0,2.0,7,6,9
169121,16,2,3,10,2,3,0,1,1,1,1,18,2,2,0.0,0.0,0.0,0.0,0.0,2.0,11,4,11
161725,15,2,3,0,8,3,0,5,0,1,1,36,2,2,0.0,0.0,0.0,0.0,0.0,2.0,11,6,11
57505,16,2,3,10,2,3,0,1,1,0,2,19,2,2,0.0,0.0,0.0,0.0,0.0,3.0,14,6,5
183267,16,2,3,0,8,3,0,1,1,1,1,6,2,2,0.0,0.0,0.0,0.0,0.0,2.0,10,6,12
109713,16,2,1,17,19,3,0,1,0,1,2,18,2,2,0.0,0.0,0.0,0.0,0.0,2.0,23,6,8
62546,16,7,3,8,5,3,6,1,0,1,2,18,2,1,1.0,0.0,1.0,0.0,0.0,1.0,17,2,5
152834,15,2,4,0,8,3,0,1,0,1,2,6,2,3,4.0,0.0,0.0,3.0,1.0,4.0,17,6,10
149960,16,2,3,7,8,3,0,1,1,1,2,36,2,2,0.0,0.0,0.0,0.0,0.0,1.0,12,3,10
94458,16,2,2,0,8,3,0,5,0,1,2,6,2,3,2.0,0.0,0.0,1.0,1.0,1.0,4,7,7
138565,4,2,1,2,8,3,0,6,1,1,2,32,1,2,0.0,0.0,0.0,0.0,0.0,1.0,20,1,10
24318,16,2,1,17,6,3,0,1,0,1,2,18,2,2,0.0,0.0,0.0,0.0,0.0,3.0,23,1,2
168601,4,2,3,0,8,3,0,1,0,1,2,18,2,2,0.0,0.0,0.0,0.0,0.0,2.0,11,7,11
187574,16,10,0,0,8,3,4,1,0,1,2,6,2,2,0.0,0.0,0.0,0.0,0.0,3.0,18,6,12
158377,16,2,3,17,6,3,0,1,1,1,2,24,2,2,0.0,0.0,0.0,0.0,0.0,3.0,9,6,11
33815,17,11,1,15,8,3,5,5,1,1,2,26,2,2,0.0,0.0,0.0,0.0,0.0,2.0,19,1,3
185568,15,10,3,0,6,3,4,1,0,1,2,5,2,2,0.0,0.0,0.0,0.0,0.0,4.0,8,7,12
78275,16,2,3,10,2,3,0,1,1,1,2,17,2,2,0.0,0.0,0.0,0.0,0.0,3.0,9,4,6
159521,16,2,1,2,8,3,0,2,0,1,1,26,1,2,0.0,0.0,0.0,0.0,0.0,1.0,4,2,11
118002,4,2,3,10,8,3,0,1,1,0,1,36,2,2,0.0,0.0,0.0,0.0,0.0,2.0,7,6,8
97369,16,2,3,15,6,3,0,1,1,1,1,23,2,2,0.0,0.0,0.0,0.0,0.0,2.0,13,2,7
55776,15,2,3,17,6,3,0,1,1,1,0,24,2,2,0.0,0.0,0.0,0.0,0.0,2.0,8,6,4
45074,16,2,3,10,8,3,0,1,1,1,0,36,2,2,0.0,0.0,0.0,0.0,0.0,2.0,10,1,4
112344,15,2,3,10,6,3,5,5,1,1,2,19,2,2,0.0,0.0,0.0,0.0,0.0,2.0,18,4,8
185971,16,7,1,17,6,3,6,5,1,1,2,36,2,2,0.0,0.0,0.0,0.0,0.0,3.0,18,2,12
77976,15,2,1,0,6,3,0,1,1,1,2,36,2,2,0.0,0.0,0.0,0.0,0.0,3.0,1,1,6
34170,16,10,3,0,6,3,6,5,0,1,2,6,4,1,3.0,0.0,2.0,1.0,0.0,3.0,14,2,3
8037,16,2,0,17,6,3,0,5,1,1,2,24,2,2,0.0,0.0,0.0,0.0,0.0,2.0,18,5,1