crash_date,               traffic_control_device,weather_condition,lighting_condition,first_crash_type,trafficway_type,alignment,roadway_surface_cond,road_defect,crash_type,intersection_related_i,damage,prim_contributory_cause,num_units,most_severe_injury,injuries_total,injuries_fatal,injuries_incapacitating,injuries_non_incapacitating,injuries_reported_not_evident,injuries_no_indication,crash_hour,crash_day_of_week,crash_month
35912,15,2,3,7,10,3,0,1,1,1,2,36,2,2,0.0,0.0,0.0,0.0,0.0,1.0,12,7,3
67981,16,2,3,17,6,3,0,5,0,1,2,6,2,2,0.0,0.0,0.0,0.0,0.0,2.0,18,4,5
60278,16,7,3,15,6,3,6,1,0,1,2,6,3,3,1.0,0.0,0.0,1.0,0.0,2.0,5,1,5
107909,16,2,1,17,8,3,0,1,0,1,2,37,2,1,4.0,0.0,1.0,3.0,0.0,0.0,1,7,8
5007,16,7,3,0,8,3,6,1,0,1,2,36,2,2,0.0,0.0,0.0,0.0,0.0,2.0,12,5,1
147686,16,7,0,10,2,3,6,1,1,1,2,17,2,2,0.0,0.0,0.0,0.0,0.0,5.0,18,1,10
123526,16,2,3,17,6,3,0,1,1,1,2,36,2,2,0.0,0.0,0.0,0.0,0.0,3.0,16,1,9
67031,4,2,3,10,15,3,0,1,1,1,2,12,2,2,0.0,0.0,0.0,0.0,0.0,2.0,8,4,5
153095,16,2,3,17,10,2,0,1,1,1,1,36,2,2,0.0,0.0,0.0,0.0,0.0,2.0,7,4,10
100492,15,2,3,0,6,3,5,5,0,1,2,18,2,4,3.0,0.0,0.0,0.0,3.0,1.0,16,1,7
176229,16,2,3,17,15,3,0,1,0,1,2,18,2,2,0.0,0.0,0.0,0.0,0.0,6.0,15,4,12
116049,16,11,5,0,6,3,5,5,1,1,2,6,2,2,0.0,0.0,0.0,0.0,0.0,2.0,23,4,8
155075,15,7,4,17,1,3,6,1,1,1,2,18,3,2,0.0,0.0,0.0,0.0,0.0,3.0,16,7,10
153539,16,2,3,17,6,3,0,1,0,1,2,18,2,2,0.0,0.0,0.0,0.0,0.0,2.0,8,2,10
142270,16,2,3,0,8,3,0,1,1,1,1,18,2,2,0.0,0.0,0.0,0.0,0.0,2.0,10,2,10
39822,15,7,1,0,8,3,6,1,1,1,2,39,2,2,0.0,0.0,0.0,0.0,0.0,2.0,23,2,3
186520,15,2,3,0,8,3,0,1,1,1,1,36,2,2,0.0,0.0,0.0,0.0,0.0,3.0,8,4,12
108779,16,2,3,10,3,3,0,5,0,1,2,17,2,4,1.0,0.0,0.0,0.0,1.0,5.0,13,6,8
35080,16,10,3,17,6,3,4,1,0,1,2,24,2,2,0.0,0.0,0.0,0.0,0.0,3.0,16,2,3
91912,15,2,1,14,8,3,0,1,1,1,1,36,2,2,0.0,0.0,0.0,0.0,0.0,2.0,4,7,7
104580,16,2,3,10,2,3,0,1,1,1,2,19,2,2,0.0,0.0,0.0,0.0,0.0,3.0,12,4,8
69669,15,2,3,0,8,3,0,1,1,1,2,18,2,2,0.0,0.0,0.0,0.0,0.0,2.0,9,7,5
27447,17,11,3,0,8,3,5,5,1,1,2,36,2,2,0.0,0.0,0.0,0.0,0.0,3.0,12,7,2
134354,16,2,1,0,6,3,0,1,1,1,1,6,2,2,0.0,0.0,0.0,0.0,0.0,2.0,22,4,9
138810,15,2,3,0,2,3,0,1,0,1,2,18,3,2,0.0,0.0,0.0,0.0,0.0,4.0,7,3,10
48254,16,2,3,0,6,4,0,1,0,1,2,18,2,4,1.0,0.0,0.0,0.0,1.0,2.0,7,3,4
77181,16,7,3,17,8,3,6,1,1,1,1,36,2,2,0.0,0.0,0.0,0.0,0.0,2.0,7,2,6
16297,16,2,1,15,2,3,0,1,1,1,2,22,2,2,0.0,0.0,0.0,0.0,0.0,2.0,17,6,2
149777,15,7,4,17,2,3,6,1,0,1,1,18,2,2,0.0,0.0,0.0,0.0,0.0,3.0,15,1,10
129460,16,2,1,8,6,3,0,1,0,1,0,26,2,3,1.0,0.0,0.0,1.0,0.0,3.0,22,2,9
65378,16,2,3,17,8,3,0,5,1,1,2,36,2,2,0.0,0.0,0.0,0.0,0.0,4.0,16,5,5
66741,4,2,3,0,2,3,0,1,0,1,1,18,2,2,0.0,0.0,0.0,0.0,0.0,2.0,16,6,5
22296,4,2,1,13,8,3,0,1,1,1,1,21,2,2,0.0,0.0,0.0,0.0,0.0,2.0,0,1,2
18495,16,2,3,17,8,3,6,1,1,1,1,24,2,2,0.0,0.0,0.0,0.0,0.0,3.0,9,7,2
71339,4,2,3,0,8,3,0,1,1,1,1,36,2,2,0.0,0.0,0.0,0.0,0.0,2.0,16,6,5
40831,4,2,3,17,8,3,0,1,0,1,2,23,2,2,0.0,0.0,0.0,0.0,0.0,3.0,17,2,3
153161,15,2,3,0,9,3,0,1,0,1,2,18,2,3,1.0,0.0,0.0,1.0,0.0,1.0,16,5,10
88785,4,2,3,17,11,3,0,5,1,1,1,23,2,2,0.0,0.0,0.0,0.0,0.0,2.0,12,3,7
25645,16,11,5,10,8,3,5,2,1,1,2,19,2,2,0.0,0.0,0.0,0.0,0.0,2.0,16,6,2
10260,16,2,3,7,10,3,0,1,1,1,1,19,2,2,0.0,0.0,0.0,0.0,0.0,2.0,12,3,1
16854,4,2,3,10,2,3,0,1,1,1,2,19,2,2,0.0,0.0,0.0,0.0,0.0,2.0,14,1,2
45452,16,2,1,10,8,3,0,1,1,1,2,19,2,2,0.0,0.0,0.0,0.0,0.0,2.0,4,2,4
124174,16,2,3,0,6,3,0,1,0,1,2,18,2,2,0.0,0.0,0.0,0.0,0.0,3.0,16,4,9
55153,16,2,3,0,8,3,6,1,1,1,1,36,2,2,0.0,0.0,0.0,0.0,0.0,2.0,18,2,4
167929,16,2,1,0,1,3,0,1,0,1,2,6,3,4,2.0,0.0,0.0,0.0,2.0,1.0,22,2,11
141337,16,2,3,3,10,3,6,5,1,1,2,36,2,2,0.0,0.0,0.0,0.0,0.0,2.0,15,5,10
36409,16,7,3,10,19,3,6,2,1,0,2,36,2,2,0.0,0.0,0.0,0.0,0.0,2.0,16,4,3
134545,15,2,3,17,6,3,0,1,1,1,1,18,2,2,0.0,0.0,0.0,0.0,0.0,2.0,12,7,9
66934,16,2,3,15,8,3,0,1,1,1,2,23,2,2,0.0,0.0,0.0,0.0,0.0,4.0,17,2,5
3942,15,4,3,0,10,3,6,1,0,1,2,18,2,4,1.0,0.0,0.0,0.0,1.0,1.0,8,3,1
163295,16,2,3,0,6,3,0,1,0,1,2,6,3,2,0.0,0.0,0.0,0.0,0.0,4.0,13,1,11
55752,16,2,1,10,8,3,0,1,1,1,2,28,2,2,0.0,0.0,0.0,0.0,0.0,5.0,2,6,4
97458,15,2,3,0,6,3,0,1,0,1,2,5,2,1,4.0,0.0,4.0,0.0,0.0,1.0,17,3,7
188721,16,11,1,17,8,3,5,1,1,1,2,24,2,2,0.0,0.0,0.0,0.0,0.0,3.0,23,2,12
155469,16,2,1,15,18,3,0,1,1,1,2,22,2,2,0.0,0.0,0.0,0.0,0.0,6.0,23,1,10
26468,16,10,5,0,8,3,4,5,0,1,1,36,2,2,0.0,0.0,0.0,0.0,0.0,2.0,5,6,2
18850,16,2,3,10,3,4,0,1,0,1,2,36,2,4,1.0,0.0,0.0,0.0,1.0,4.0,14,7,2
153396,4,2,0,17,8,3,0,1,1,1,1,24,2,2,0.0,0.0,0.0,0.0,0.0,2.0,21,6,10
63873,4,2,1,9,6,3,0,1,0,1,2,18,2,3,1.0,0.0,0.0,1.0,0.0,1.0,22,1,5
71857,4,2,3,2,3,3,0,1,0,1,2,36,1,2,0.0,0.0,0.0,0.0,0.0,1.0,19,6,6
101347,16,2,3,17,2,3,5,5,0,1,2,15,3,3,2.0,0.0,0.0,2.0,0.0,1.0,19,6,7
542,15,2,3,0,2,3,0,1,0,1,2,36,2,2,0.0,0.0,0.0,0.0,0.0,2.0,13,3,1
161819,16,2,3,5,8,3,0,1,0,1,2,36,1,2,0.0,0.0,0.0,0.0,0.0,1.0,12,2,11
71601,15,2,3,0,6,3,0,1,0,1,2,18,2,3,2.0,0.0,0.0,2.0,0.0,0.0,14,4,5
158122,15,2,3,10,2,3,0,1,1,1,1,21,2,2,0.0,0.0,0.0,0.0,0.0,2.0,15,2,11
144227,16,2,1,15,6,3,0,1,1,1,1,23,2,2,0.0,0.0,0.0,0.0,0.0,4.0,22,7,10
162778,4,2,3,0,11,3,0,1,0,0,2,18,2,1,1.0,0.0,1.0,0.0,0.0,1.0,6,7,11
39848,16,2,3,17,2,3,0,1,0,1,2,18,2,4,1.0,0.0,0.0,0.0,1.0,2.0,16,3,3
161774,16,2,3,0,2,3,5,5,0,1,2,36,2,2,0.0,0.0,0.0,0.0,0.0,4.0,13,2,11
93199,15,7,3,17,15,3,6,1,1,1,2,3,2,2,0.0,0.0,0.0,0.0,0.0,2.0,12,7,7
41853,4,3,3,7,8,3,0,1,0,0,2,23,3,2,0.0,0.0,0.0,0.0,0.0,2.0,10,6,3
171068,16,2,3,10,8,3,0,1,1,1,2,36,2,2,0.0,0.0,0.0,0.0,0.0,2.0,14,5,11
71132,16,2,3,15,8,3,0,1,1,1,2,23,2,2,0.0,0.0,0.0,0.0,0.0,2.0,9,5,5
106631,16,2,3,10,9,3,0,1,1,1,2,36,2,2,0.0,0.0,0.0,0.0,0.0,2.0,16,2,8
119472,15,2,3,10,3,3,0,1,0,1,2,17,2,3,1.0,0.0,0.0,1.0,0.0,1.0,13,5,8
70782,15,2,3,0,8,3,0,1,0,1,2,5,2,1,1.0,0.0,1.0,0.0,0.0,1.0,15,5,5
80672,4,2,4,17,15,3,0,1,1,1,1,36,2,2,0.0,0.0,0.0,0.0,0.0,2.0,18,5,6
53556,3,2,3,17,2,3,0,1,1,1,1,12,2,2,0.0,0.0,0.0,0.0,0.0,2.0,10,5,4
169459,4,2,3,15,2,3,0,1,1,0,2,23,2,2,0.0,0.0,0.0,0.0,0.0,2.0,15,6,11
96597,16,2,3,15,8,3,0,1,1,1,2,24,2,2,0.0,0.0,0.0,0.0,0.0,2.0,16,3,7
147792,4,2,3,17,8,3,0,1,0,1,2,24,2,3,1.0,0.0,0.0,1.0,0.0,1.0,14,3,10
15603,16,2,1,10,8,3,0,1,1,1,1,17,2,2,0.0,0.0,0.0,0.0,0.0,2.0,23,5,2
96863,16,2,4,10,8,3,0,1,1,1,2,36,2,2,0.0,0.0,0.0,0.0,0.0,3.0,20,1,7
174517,4,2,3,9,2,3,0,1,0,0,1,36,2,3,1.0,0.0,0.0,1.0,0.0,1.0,10,5,12
117685,16,2,4,17,2,3,0,1,0,1,2,18,2,4,1.0,0.0,0.0,0.0,1.0,2.0,19,2,8
88925,4,2,3,17,19,3,0,1,1,1,2,24,2,2,0.0,0.0,0.0,0.0,0.0,2.0,13,4,7
164122,17,11,3,15,6,3,5,5,1,1,2,36,2,2,0.0,0.0,0.0,0.0,0.0,2.0,13,6,11
125023,16,2,1,0,2,3,3,2,0,1,2,6,2,2,0.0,0.0,0.0,0.0,0.0,3.0,2,1,9
60827,16,2,1,7,6,3,0,1,0,1,2,36,4,3,2.0,0.0,0.0,2.0,0.0,0.0,23,2,5
80153,4,2,4,17,8,3,0,1,0,1,2,18,2,3,1.0,0.0,0.0,1.0,0.0,2.0,20,4,6
35034,15,2,4,0,6,3,0,1,1,1,2,38,2,2,0.0,0.0,0.0,0.0,0.0,4.0,19,1,3
30577,15,7,1,9,10,3,6,5,0,1,0,18,2,3,1.0,0.0,0.0,1.0,0.0,1.0,19,3,3
106983,16,2,3,10,2,3,0,1,1,1,2,19,3,2,0.0,0.0,0.0,0.0,0.0,7.0,11,6,8
27917,16,2,3,17,8,3,0,1,1,1,1,36,2,2,0.0,0.0,0.0,0.0,0.0,2.0,15,2,2
59067,4,2,2,10,8,3,0,1,1,0,2,21,2,2,0.0,0.0,0.0,0.0,0.0,2.0,19,2,5
151002,16,7,1,10,8,3,4,5,1,1,1,19,2,2,0.0,0.0,0.0,0.0,0.0,2.0,18,3,10
158092,4,2,3,0,2,3,0,1,1,1,1,38,2,2,0.0,0.0,0.0,0.0,0.0,3.0,10,1,11
1949,16,2,3,0,11,3,0,1,0,1,1,36,2,4,1.0,0.0,0.0,0.0,1.0,2.0,7,3,1
35904,16,2,1,9,8,3,0,1,0,1,1,28,3,1,2.0,0.0,1.0,1.0,0.0,1.0,22,7,3
148269,16,11,5,10,8,3,5,5,1,1,0,36,2,2,0.0,0.0,0.0,0.0,0.0,2.0,17,2,10
105030,15,2,1,0,6,3,0,1,0,1,2,18,2,4,1.0,0.0,0.0,0.0,1.0,1.0,23,6,8
145773,15,2,3,0,8,3,0,1,1,1,2,36,2,2,0.0,0.0,0.0,0.0,0.0,2.0,16,5,10
107968,16,2,3,17,8,3,0,1,1,1,1,18,2,2,0.0,0.0,0.0,0.0,0.0,2.0,11,7,8
93735,16,2,3,17,2,3,0,4,0,1,2,18,2,4,1.0,0.0,0.0,0.0,1.0,1.0,7,2,7
67622,16,2,3,15,2,3,0,1,1,1,1,23,2,2,0.0,0.0,0.0,0.0,0.0,2.0,16,4,5
48948,16,2,3,10,2,3,0,5,1,1,1,19,2,2,0.0,0.0,0.0,0.0,0.0,2.0,16,2,4
177738,16,10,1,17,8,3,6,1,0,1,1,6,2,4,1.0,0.0,0.0,0.0,1.0,2.0,18,2,12
114205,16,3,3,7,2,3,6,1,1,1,2,21,2,2,0.0,0.0,0.0,0.0,0.0,2.0,11,3,8
13104,16,3,1,8,6,3,6,6,0,1,1,18,2,4,1.0,0.0,0.0,0.0,1.0,1.0,17,4,1
5644,16,10,3,9,2,3,4,1,0,1,0,36,2,3,1.0,0.0,0.0,1.0,0.0,1.0,12,7,1
118432,4,2,3,7,8,3,0,1,1,0,1,24,2,2,0.0,0.0,0.0,0.0,0.0,1.0,18,4,8
59802,16,2,3,0,6,3,0,1,0,1,2,18,2,3,1.0,0.0,0.0,1.0,0.0,2.0,14,1,5
47293,16,2,3,15,5,3,0,1,1,1,2,22,2,2,0.0,0.0,0.0,0.0,0.0,5.0,18,1,4
171043,4,2,3,0,6,3,0,1,1,1,1,36,2,2,0.0,0.0,0.0,0.0,0.0,3.0,8,3,11
24598,16,2,3,10,8,3,0,1,1,1,0,19,2,2,0.0,0.0,0.0,0.0,0.0,2.0,9,6,2
145722,16,7,0,9,8,3,6,1,1,1,0,36,2,2,0.0,0.0,0.0,0.0,0.0,2.0,5,2,10
67263,15,7,0,2,8,3,6,1,0,1,2,36,1,2,0.0,0.0,0.0,0.0,0.0,1.0,0,5,5
148382,15,2,3,9,6,3,0,1,0,1,0,18,2,3,1.0,0.0,0.0,1.0,0.0,1.0,14,4,10
135398,16,2,3,10,8,3,0,1,1,1,1,19,2,2,0.0,0.0,0.0,0.0,0.0,4.0,8,4,9
4179,15,2,1,17,6,3,1,1,0,1,2,18,2,4,2.0,0.0,0.0,0.0,2.0,0.0,18,1,1
85774,16,2,1,10,2,3,0,1,1,1,0,8,2,2,0.0,0.0,0.0,0.0,0.0,3.0,22,3,6
82574,16,2,3,15,6,3,0,1,1,1,2,22,2,2,0.0,0.0,0.0,0.0,0.0,4.0,17,5,6
71384,16,2,1,17,6,3,0,1,0,1,2,36,2,3,2.0,0.0,0.0,2.0,0.0,1.0,22,6,5
14857,16,10,1,10,8,3,4,1,1,1,1,39,2,2,0.0,0.0,0.0,0.0,0.0,2.0,2,1,1
90018,16,2,1,0,8,3,0,1,0,1,2,18,2,4,2.0,0.0,0.0,0.0,2.0,2.0,0,6,7
92697,16,7,3,10,3,4,6,1,1,1,2,36,3,2,0.0,0.0,0.0,0.0,0.0,4.0,17,7,7
114587,16,2,3,17,8,3,0,1,0,1,2,6,3,3,2.0,0.0,0.0,2.0,0.0,1.0,15,2,8
49168,4,2,3,0,15,3,0,1,1,0,2,18,2,2,0.0,0.0,0.0,0.0,0.0,3.0,11,5,4
82262,16,2,1,17,6,3,0,1,0,1,2,6,3,2,0.0,0.0,0.0,0.0,0.0,3.0,4,7,6
29474,15,2,3,9,10,3,0,5,0,1,0,18,2,3,1.0,0.0,0.0,1.0,0.0,1.0,15,6,3
149719,16,2,3,15,2,3,0,1,1,1,1,23,2,2,0.0,0.0,0.0,0.0,0.0,5.0,15,5,10
6522,16,2,1,8,2,3,0,1,0,1,2,18,2,1,1.0,0.0,1.0,0.0,0.0,1.0,21,7,1
3398,4,10,1,10,8,3,6,1,0,1,2,19,2,4,1.0,0.0,0.0,0.0,1.0,1.0,18,6,1
62327,16,2,2,0,6,3,0,1,0,1,1,13,2,3,1.0,0.0,0.0,1.0,0.0,2.0,19,5,5
24292,4,2,1,0,6,3,0,5,1,1,2,6,2,2,0.0,0.0,0.0,0.0,0.0,2.0,5,1,2
114541,16,2,1,7,19,3,0,5,1,1,2,24,2,2,0.0,0.0,0.0,0.0,0.0,1.0,23,3,8
19840,16,2,3,15,2,3,0,1,1,1,1,36,2,2,0.0,0.0,0.0,0.0,0.0,3.0,7,3,2
29408,15,2,1,0,6,3,0,1,1,1,2,5,2,2,0.0,0.0,0.0,0.0,0.0,3.0,23,4,3
83343,16,7,3,10,8,3,6,1,1,1,1,19,2,2,0.0,0.0,0.0,0.0,0.0,2.0,17,2,6
98385,4,7,3,3,6,3,6,5,1,1,2,39,2,2,0.0,0.0,0.0,0.0,0.0,2.0,14,3,7
92686,16,7,3,9,15,3,6,1,0,1,2,36,3,4,2.0,0.0,0.0,0.0,2.0,1.0,16,7,7
120323,16,2,1,10,2,3,0,1,1,1,2,19,2,2,0.0,0.0,0.0,0.0,0.0,2.0,21,4,8
123294,15,2,3,17,2,3,0,1,1,1,2,24,2,2,0.0,0.0,0.0,0.0,0.0,2.0,16,3,9
86386,16,2,3,17,8,3,0,1,0,1,2,18,2,4,1.0,0.0,0.0,0.0,1.0,4.0,19,6,6
161430,16,2,3,17,8,3,0,1,1,1,0,19,2,2,0.0,0.0,0.0,0.0,0.0,3.0,14,1,11
116358,4,2,3,17,8,3,0,1,0,1,2,18,2,2,0.0,0.0,0.0,0.0,0.0,2.0,16,2,8
55475,16,7,3,10,8,3,6,1,1,1,0,17,2,2,0.0,0.0,0.0,0.0,0.0,3.0,7,2,4
151462,15,2,3,8,6,3,5,5,1,1,0,36,2,2,0.0,0.0,0.0,0.0,0.0,2.0,16,5,10
134462,16,2,1,0,3,3,0,1,0,1,2,6,2,3,1.0,0.0,0.0,1.0,0.0,1.0,2,7,9
29816,15,2,3,0,2,3,0,1,1,1,2,18,2,2,0.0,0.0,0.0,0.0,0.0,3.0,14,5,3
89644,16,2,1,0,2,3,0,1,0,1,2,6,2,2,0.0,0.0,0.0,0.0,0.0,5.0,21,1,7
117963,4,2,3,10,8,3,0,1,1,1,1,19,2,2,0.0,0.0,0.0,0.0,0.0,2.0,12,5,8
124423,15,11,3,0,8,3,5,5,0,1,2,18,2,2,0.0,0.0,0.0,0.0,0.0,2.0,17,6,9
109165,16,2,3,10,8,3,0,1,1,1,1,19,2,2,0.0,0.0,0.0,0.0,0.0,2.0,13,7,8
113584,4,2,1,9,8,3,0,5,0,1,2,18,2,4,1.0,0.0,0.0,0.0,1.0,2.0,20,7,8
185289,16,10,3,10,8,3,0,1,1,1,2,39,2,2,0.0,0.0,0.0,0.0,0.0,2.0,11,1,12
184595,16,7,1,17,8,3,6,1,1,1,2,23,2,2,0.0,0.0,0.0,0.0,0.0,4.0,17,6,12
149587,16,2,4,0,10,3,0,1,1,1,2,18,2,2,0.0,0.0,0.0,0.0,0.0,2.0,17,7,10
176326,4,2,3,17,2,3,0,1,1,1,1,36,2,2,0.0,0.0,0.0,0.0,0.0,2.0,8,5,12
172614,16,7,1,10,6,3,6,1,1,1,2,19,2,2,0.0,0.0,0.0,0.0,0.0,2.0,18,6,12
46427,16,9,3,9,2,3,1,1,0,1,0,18,2,3,1.0,0.0,0.0,1.0,0.0,1.0,12,4,4
84859,15,2,3,15,6,3,0,1,1,1,1,5,2,2,0.0,0.0,0.0,0.0,0.0,2.0,13,5,6
155877,16,3,3,17,9,3,0,1,1,1,2,18,2,2,0.0,0.0,0.0,0.0,0.0,3.0,16,6,11
79540,15,3,3,11,10,3,6,1,1,1,0,21,2,2,0.0,0.0,0.0,0.0,0.0,2.0,12,7,6
41275,4,2,3,7,10,3,0,1,1,1,2,18,2,2,0.0,0.0,0.0,0.0,0.0,3.0,17,4,3
139178,15,2,3,0,6,3,0,1,0,1,2,18,2,2,0.0,0.0,0.0,0.0,0.0,2.0,8,2,10
9661,16,2,3,10,2,3,0,1,0,1,2,36,2,3,2.0,0.0,0.0,2.0,0.0,1.0,14,1,1
103515,16,2,3,10,8,3,0,1,1,1,1,23,2,2,0.0,0.0,0.0,0.0,0.0,2.0,11,3,7
104460,15,2,3,0,2,3,0,1,0,1,2,36,2,4,1.0,0.0,0.0,0.0,1.0,2.0,16,5,8
121896,16,2,1,2,8,3,0,1,0,1,2,36,1,1,1.0,0.0,1.0,0.0,0.0,1.0,0,5,9
16557,16,2,1,17,6,3,0,1,0,1,2,17,3,2,0.0,0.0,0.0,0.0,0.0,3.0,5,3,2
134098,16,7,1,0,6,3,6,1,0,1,2,6,2,2,0.0,0.0,0.0,0.0,0.0,2.0,18,3,9
19694,16,2,3,9,10,3,6,1,0,1,1,18,2,3,1.0,0.0,0.0,1.0,0.0,1.0,13,1,2
55024,16,7,3,10,8,3,6,1,1,1,2,23,2,2,0.0,0.0,0.0,0.0,0.0,2.0,13,7,4
26966,16,2,3,9,15,3,2,3,0,1,0,36,2,1,1.0,0.0,1.0,0.0,0.0,1.0,8,6,2
132193,16,2,1,0,8,3,0,1,0,1,2,6,2,3,1.0,0.0,0.0,1.0,0.0,1.0,20,3,9
122672,16,2,3,10,8,3,0,1,0,1,2,26,3,4,1.0,0.0,0.0,0.0,1.0,3.0,15,4,9
21515,15,2,3,17,8,3,0,1,0,1,2,36,2,4,1.0,0.0,0.0,0.0,1.0,1.0,6,3,2
84463,15,7,3,15,11,3,6,1,0,0,2,36,2,2,0.0,0.0,0.0,0.0,0.0,2.0,17,5,6
139449,4,2,3,15,2,3,0,1,1,1,2,18,2,2,0.0,0.0,0.0,0.0,0.0,2.0,8,5,10
120278,16,2,3,10,8,3,0,1,0,1,2,36,3,3,1.0,0.0,0.0,1.0,0.0,3.0,14,4,8
47928,16,2,3,0,6,3,0,1,0,1,2,6,2,3,3.0,0.0,0.0,3.0,0.0,1.0,17,5,4
98183,16,2,3,10,8,3,0,5,1,0,1,36,2,2,0.0,0.0,0.0,0.0,0.0,2.0,16,6,7
124582,16,5,3,10,8,3,6,1,1,1,0,36,2,2,0.0,0.0,0.0,0.0,0.0,2.0,15,3,9
18414,15,2,3,10,8,3,0,1,1,1,1,36,2,2,0.0,0.0,0.0,0.0,0.0,2.0,7,6,2
116293,16,2,3,15,3,3,0,1,1,1,2,22,2,2,0.0,0.0,0.0,0.0,0.0,3.0,14,7,8
22876,15,2,3,8,8,3,0,5,1,1,0,36,2,2,0.0,0.0,0.0,0.0,0.0,2.0,14,6,2
97411,15,2,1,10,6,3,0,1,1,1,2,21,2,2,0.0,0.0,0.0,0.0,0.0,2.0,21,2,7
179666,18,2,3,10,2,3,0,1,1,1,2,19,2,2,0.0,0.0,0.0,0.0,0.0,2.0,14,7,12
10766,15,2,1,0,8,3,0,1,1,1,2,5,2,2,0.0,0.0,0.0,0.0,0.0,4.0,17,6,1
122800,16,2,3,15,8,3,0,1,1,1,0,24,2,2,0.0,0.0,0.0,0.0,0.0,6.0,8,3,9
99422,15,2,3,9,8,3,0,1,0,1,2,37,2,1,1.0,0.0,1.0,0.0,0.0,1.0,18,5,7
23347,16,2,1,10,8,3,0,1,0,1,2,17,2,3,3.0,0.0,0.0,2.0,1.0,0.0,22,6,2
109135,16,2,2,17,15,3,0,1,0,1,2,18,2,2,0.0,0.0,0.0,0.0,0.0,2.0,5,5,8
56647,15,7,3,0,10,3,6,1,1,1,1,5,3,2,0.0,0.0,0.0,0.0,0.0,3.0,11,5,5
158887,16,2,1,8,2,3,0,1,0,1,0,18,2,3,1.0,0.0,0.0,1.0,0.0,1.0,20,6,11
70705,16,2,1,10,1,3,0,1,0,0,2,17,2,2,0.0,0.0,0.0,0.0,0.0,2.0,2,4,5
173037,15,2,1,0,8,3,0,1,0,1,2,18,2,2,0.0,0.0,0.0,0.0,0.0,2.0,21,5,12
8998,16,3,1,17,6,3,0,5,1,1,2,24,2,2,0.0,0.0,0.0,0.0,0.0,6.0,17,4,1
158764,16,2,3,17,8,3,0,1,0,1,2,24,3,1,2.0,0.0,1.0,0.0,1.0,1.0,11,3,11
19151,16,7,3,2,8,3,6,1,0,1,2,39,1,2,0.0,0.0,0.0,0.0,0.0,1.0,10,5,2
103224,16,2,3,0,8,3,0,1,0,1,1,6,2,4,1.0,0.0,0.0,0.0,1.0,1.0,17,7,7
46876,15,7,1,10,6,3,6,1,0,1,2,39,2,3,1.0,0.0,0.0,1.0,0.0,3.0,22,7,4
112306,16,2,3,15,8,3,0,1,1,1,2,22,2,2,0.0,0.0,0.0,0.0,0.0,2.0,10,3,8
142589,16,2,3,15,2,3,0,1,1,1,1,36,2,2,0.0,0.0,0.0,0.0,0.0,3.0,7,1,10
50621,16,2,3,17,18,3,0,1,1,1,0,24,2,2,0.0,0.0,0.0,0.0,0.0,2.0,7,4,4
22585,15,2,3,17,8,3,0,1,1,0,1,12,2,2,0.0,0.0,0.0,0.0,0.0,2.0,13,7,2
50486,15,7,3,10,6,3,6,5,1,1,2,17,2,2,0.0,0.0,0.0,0.0,0.0,3.0,15,2,4
127745,16,2,3,0,2,3,0,1,1,1,1,12,2,2,0.0,0.0,0.0,0.0,0.0,2.0,7,2,9
44535,3,3,3,17,2,3,0,1,0,1,2,22,2,2,0.0,0.0,0.0,0.0,0.0,6.0,13,6,4
104327,17,2,1,10,8,3,0,1,1,1,0,26,2,2,0.0,0.0,0.0,0.0,0.0,2.0,2,2,8
106647,15,7,1,0,6,3,5,1,0,1,2,17,2,2,0.0,0.0,0.0,0.0,0.0,2.0,7,2,8
121329,15,2,3,0,6,3,0,1,0,1,2,18,2,2,0.0,0.0,0.0,0.0,0.0,2.0,8,4,9
138361,4,7,3,14,8,3,6,1,1,1,2,36,2,2,0.0,0.0,0.0,0.0,0.0,4.0,9,4,10
74125,16,2,3,14,8,3,0,5,1,1,1,36,2,2,0.0,0.0,0.0,0.0,0.0,2.0,11,6,6
95431,15,2,1,0,2,3,0,1,0,1,2,5,2,3,1.0,0.0,0.0,1.0,0.0,3.0,22,7,7
169491,16,2,3,17,6,3,0,1,1,1,1,35,2,2,0.0,0.0,0.0,0.0,0.0,2.0,10,6,11
77178,16,2,2,17,8,3,0,6,1,1,2,36,2,2,0.0,0.0,0.0,0.0,0.0,2.0,7,2,6
113754,16,2,3,10,2,3,0,1,0,1,2,17,2,3,2.0,0.0,0.0,1.0,1.0,0.0,10,4,8
174203,16,2,1,0,2,3,0,1,1,1,2,18,2,2,0.0,0.0,0.0,0.0,0.0,2.0,23,2,12
42594,16,7,1,10,8,3,6,1,1,1,2,36,2,2,0.0,0.0,0.0,0.0,0.0,3.0,0,6,4
173104,4,2,3,17,2,3,0,1,1,1,2,36,2,2,0.0,0.0,0.0,0.0,0.0,2.0,13,7,12
44045,15,2,3,15,6,3,6,1,1,1,1,36,2,2,0.0,0.0,0.0,0.0,0.0,2.0,15,5,4
148141,16,2,1,17,8,3,0,1,0,1,2,18,2,3,2.0,0.0,0.0,2.0,0.0,3.0,19,6,10
126788,16,2,3,15,6,3,0,1,1,1,2,17,3,2,0.0,0.0,0.0,0.0,0.0,3.0,10,5,9
98639,17,2,3,17,16,3,0,5,1,1,2,36,2,2,0.0,0.0,0.0,0.0,0.0,2.0,11,6,7
146296,16,7,2,0,6,3,6,1,0,1,2,3,2,4,3.0,0.0,0.0,0.0,3.0,2.0,7,3,10