crash_date,               traffic_control_device,weather_condition,lighting_condition,first_crash_type,trafficway_type,alignment,roadway_surface_cond,road_defect,crash_type,intersection_related_i,damage,prim_contributory_cause,num_units,most_severe_injury,injuries_total,injuries_fatal,injuries_incapacitating,injuries_non_incapacitating,injuries_reported_not_evident,injuries_no_indication,crash_hour,crash_day_of_week,crash_month
116613,16,2,3,10,6,3,0,1,1,1,1,36,2,2,0.0,0.0,0.0,0.0,0.0,5.0,14,7,8
145962,16,2,1,17,8,3,0,1,1,1,2,24,2,2,0.0,0.0,0.0,0.0,0.0,2.0,22,3,10
115557,16,2,1,0,6,3,0,1,1,1,2,6,2,2,0.0,0.0,0.0,0.0,0.0,2.0,20,5,8
112361,15,2,1,0,6,3,0,1,0,1,2,17,2,4,2.0,0.0,0.0,0.0,2.0,1.0,21,4,8
162850,16,2,3,17,6,3,0,1,1,1,2,18,2,2,0.0,0.0,0.0,0.0,0.0,3.0,9,1,11
75253,16,11,3,10,15,3,5,5,1,1,0,36,2,2,0.0,0.0,0.0,0.0,0.0,2.0,17,2,6
94367,16,2,3,0,10,3,0,1,0,1,2,6,3,2,0.0,0.0,0.0,0.0,0.0,3.0,9,4,7
153431,15,7,2,14,2,3,6,1,0,1,2,11,2,2,0.0,0.0,0.0,0.0,0.0,2.0,7,7,10
139324,16,11,5,10,17,3,5,5,1,1,2,26,2,2,0.0,0.0,0.0,0.0,0.0,2.0,16,1,10
4187,16,2,3,0,6,4,6,1,0,1,2,6,2,2,0.0,0.0,0.0,0.0,0.0,4.0,9,1,1
176101,16,2,1,17,1,3,0,1,0,1,2,3,2,3,1.0,0.0,0.0,1.0,0.0,1.0,19,7,12
94838,15,2,3,0,8,3,0,1,0,1,1,18,2,2,0.0,0.0,0.0,0.0,0.0,2.0,6,5,7
159352,16,2,3,10,2,3,0,1,1,1,2,19,2,2,0.0,0.0,0.0,0.0,0.0,2.0,7,5,11
66897,16,2,1,15,2,3,0,1,1,0,1,36,2,2,0.0,0.0,0.0,0.0,0.0,2.0,22,1,5
81960,16,2,3,9,3,3,0,1,0,1,2,18,2,1,1.0,0.0,1.0,0.0,0.0,4.0,16,2,6
69225,16,11,1,0,2,3,5,6,1,1,1,36,2,2,0.0,0.0,0.0,0.0,0.0,2.0,2,1,5
81493,15,7,3,0,2,3,6,5,1,1,1,36,2,2,0.0,0.0,0.0,0.0,0.0,6.0,15,2,6
173087,17,11,1,9,15,3,5,1,0,1,2,36,2,1,1.0,0.0,1.0,0.0,0.0,1.0,21,6,12
57459,15,2,3,0,10,3,0,1,0,1,2,5,2,4,1.0,0.0,0.0,0.0,1.0,1.0,12,6,5
175666,16,2,0,10,8,3,0,1,1,1,1,19,2,2,0.0,0.0,0.0,0.0,0.0,2.0,11,7,12
118316,15,2,3,17,2,3,0,5,1,1,1,38,2,2,0.0,0.0,0.0,0.0,0.0,2.0,13,3,8
30300,16,2,3,10,2,4,0,5,0,1,2,19,2,2,0.0,0.0,0.0,0.0,0.0,2.0,9,6,3
79955,15,2,3,0,2,3,0,1,1,1,1,36,2,2,0.0,0.0,0.0,0.0,0.0,2.0,16,7,6
63770,15,7,3,15,3,3,6,1,1,1,2,36,2,2,0.0,0.0,0.0,0.0,0.0,2.0,11,5,5
810,15,10,3,10,8,3,4,1,0,1,2,36,2,3,2.0,0.0,0.0,2.0,0.0,1.0,15,1,1
147563,15,2,0,8,8,3,0,1,0,1,2,12,2,4,1.0,0.0,0.0,0.0,1.0,2.0,19,5,10
90279,16,2,3,17,6,3,0,1,0,1,2,24,2,3,1.0,0.0,0.0,1.0,0.0,1.0,8,4,7
114236,16,2,3,10,6,3,0,1,1,1,2,19,2,2,0.0,0.0,0.0,0.0,0.0,2.0,17,5,8
50236,16,3,3,17,6,3,0,1,1,1,1,24,2,2,0.0,0.0,0.0,0.0,0.0,2.0,17,5,4
21597,16,2,3,17,6,3,0,1,0,1,2,18,2,4,1.0,0.0,0.0,0.0,1.0,1.0,8,4,2
113246,16,2,3,10,3,4,0,1,1,1,1,38,2,2,0.0,0.0,0.0,0.0,0.0,2.0,17,3,8
144628,16,2,1,0,2,3,0,1,1,1,0,18,2,2,0.0,0.0,0.0,0.0,0.0,2.0,22,5,10
99623,16,2,3,17,15,3,0,1,1,1,2,23,2,2,0.0,0.0,0.0,0.0,0.0,3.0,17,1,7
144383,4,2,3,0,6,3,6,1,1,1,2,36,2,2,0.0,0.0,0.0,0.0,0.0,2.0,15,4,10
47685,16,2,1,10,8,3,0,1,1,1,2,19,2,2,0.0,0.0,0.0,0.0,0.0,2.0,22,6,4
150351,16,2,3,0,2,3,0,1,1,1,1,6,2,2,0.0,0.0,0.0,0.0,0.0,3.0,12,1,10
113027,16,11,1,0,1,3,5,5,1,1,2,6,2,2,0.0,0.0,0.0,0.0,0.0,2.0,20,5,8
135526,16,7,0,9,6,3,6,1,0,1,0,18,2,3,1.0,0.0,0.0,1.0,0.0,1.0,20,6,9
154244,16,2,3,17,3,3,0,1,0,1,2,36,2,2,0.0,0.0,0.0,0.0,0.0,3.0,13,7,10
161570,4,2,3,0,8,3,0,1,1,1,2,18,2,2,0.0,0.0,0.0,0.0,0.0,2.0,16,4,11
91789,16,2,3,17,8,3,0,1,0,1,2,18,2,2,0.0,0.0,0.0,0.0,0.0,3.0,14,7,7
152893,15,7,0,8,8,3,6,1,1,1,0,18,2,2,0.0,0.0,0.0,0.0,0.0,2.0,18,7,10
147085,16,2,1,9,3,3,5,1,0,1,2,18,2,4,1.0,0.0,0.0,0.0,1.0,1.0,20,5,10
181379,17,11,5,10,8,3,5,5,0,1,2,36,3,4,1.0,0.0,0.0,0.0,1.0,2.0,15,2,12
138695,16,2,3,17,6,3,0,1,1,1,2,23,2,2,0.0,0.0,0.0,0.0,0.0,10.0,7,4,10
151319,16,11,3,15,10,3,0,5,1,1,2,23,2,2,0.0,0.0,0.0,0.0,0.0,2.0,14,2,10
147772,15,2,3,17,8,3,0,6,1,1,2,18,2,2,0.0,0.0,0.0,0.0,0.0,2.0,10,2,10
21041,18,2,3,9,3,3,0,1,0,1,2,18,2,3,1.0,0.0,0.0,1.0,0.0,1.0,7,3,2
184857,16,2,3,10,6,3,0,1,1,1,2,19,2,2,0.0,0.0,0.0,0.0,0.0,2.0,16,2,12
171672,15,3,3,0,2,3,4,1,0,1,2,5,2,3,2.0,0.0,0.0,1.0,1.0,4.0,13,6,11
181249,15,2,1,0,8,3,0,1,0,1,2,18,2,2,0.0,0.0,0.0,0.0,0.0,2.0,18,2,12
180305,15,2,3,0,2,3,0,1,1,1,2,18,2,2,0.0,0.0,0.0,0.0,0.0,6.0,13,1,12
117560,15,2,1,6,8,3,0,5,0,0,2,28,1,2,0.0,0.0,0.0,0.0,0.0,1.0,19,6,8
27596,16,2,3,15,6,3,0,1,1,1,0,22,2,2,0.0,0.0,0.0,0.0,0.0,2.0,7,3,2
36680,16,3,3,17,2,3,0,1,0,1,2,36,2,2,0.0,0.0,0.0,0.0,0.0,2.0,9,2,3
124803,10,3,3,9,8,3,0,1,0,1,2,36,2,3,1.0,0.0,0.0,1.0,0.0,2.0,15,6,9
23395,15,2,1,0,10,3,0,1,1,1,1,5,2,2,0.0,0.0,0.0,0.0,0.0,2.0,21,7,2
184035,16,7,1,0,2,3,6,5,0,1,1,12,2,2,0.0,0.0,0.0,0.0,0.0,4.0,18,5,12
24055,15,7,3,0,8,3,6,1,0,1,2,18,2,1,2.0,0.0,1.0,1.0,0.0,1.0,8,3,2
42992,15,2,1,17,6,3,0,1,0,1,1,24,2,2,0.0,0.0,0.0,0.0,0.0,3.0,18,7,4
94546,16,2,3,17,8,3,0,1,1,1,1,24,2,2,0.0,0.0,0.0,0.0,0.0,2.0,18,6,7
138018,17,2,3,17,12,3,0,5,1,1,2,36,2,2,0.0,0.0,0.0,0.0,0.0,2.0,12,7,10
145988,16,2,3,17,6,3,0,1,1,1,0,35,2,2,0.0,0.0,0.0,0.0,0.0,2.0,15,5,10
110234,4,2,3,9,10,3,0,1,0,1,2,37,7,3,1.0,0.0,0.0,1.0,0.0,2.0,13,7,8
176260,15,2,3,0,6,3,0,5,1,1,2,6,2,2,0.0,0.0,0.0,0.0,0.0,2.0,8,4,12
162249,15,2,1,9,6,3,0,1,1,1,0,36,2,2,0.0,0.0,0.0,0.0,0.0,2.0,1,7,11
271,16,6,3,17,16,3,0,1,0,1,2,36,2,2,0.0,0.0,0.0,0.0,0.0,5.0,8,6,1
1223,16,2,3,15,3,3,6,1,1,1,0,22,2,2,0.0,0.0,0.0,0.0,0.0,2.0,14,1,1
14353,16,7,2,15,8,3,0,1,1,1,1,36,2,2,0.0,0.0,0.0,0.0,0.0,2.0,8,5,1
126371,16,7,3,10,8,3,6,1,1,1,0,19,2,2,0.0,0.0,0.0,0.0,0.0,4.0,13,1,9
78558,16,2,3,14,8,3,0,1,0,1,2,28,6,3,1.0,0.0,0.0,1.0,0.0,6.0,9,2,6
161400,15,2,3,10,10,3,0,1,1,1,0,17,2,2,0.0,0.0,0.0,0.0,0.0,3.0,8,7,11
122211,16,11,5,17,8,3,5,5,1,1,0,26,2,2,0.0,0.0,0.0,0.0,0.0,3.0,2,1,9
497,15,2,1,0,6,3,0,5,0,1,2,36,2,2,0.0,0.0,0.0,0.0,0.0,2.0,23,4,1
184945,16,2,0,17,6,3,0,1,0,1,2,18,2,2,0.0,0.0,0.0,0.0,0.0,2.0,17,4,12
38722,16,7,3,0,8,3,6,1,1,1,1,6,2,2,0.0,0.0,0.0,0.0,0.0,2.0,8,4,3
17934,16,7,3,17,8,3,6,1,1,1,1,36,2,2,0.0,0.0,0.0,0.0,0.0,2.0,6,5,2
57510,16,2,3,17,8,3,0,1,1,1,2,23,2,2,0.0,0.0,0.0,0.0,0.0,2.0,15,6,5
88194,16,2,3,10,6,3,0,1,1,1,1,19,2,2,0.0,0.0,0.0,0.0,0.0,2.0,8,7,7
184996,15,2,1,9,6,3,0,1,0,1,1,38,2,3,1.0,0.0,0.0,1.0,0.0,1.0,17,5,12
158574,16,7,3,17,8,3,6,1,1,1,2,36,2,2,0.0,0.0,0.0,0.0,0.0,2.0,9,3,11
163319,15,2,1,2,6,3,6,1,0,1,2,36,1,2,0.0,0.0,0.0,0.0,0.0,2.0,4,1,11
176246,4,2,4,9,8,3,0,1,0,1,2,36,2,0,1.0,1.0,0.0,0.0,0.0,1.0,18,4,12
17884,16,10,3,17,2,3,4,1,0,1,2,17,2,2,0.0,0.0,0.0,0.0,0.0,2.0,8,4,2
142476,15,2,1,0,8,3,0,1,0,1,2,36,2,1,1.0,0.0,1.0,0.0,0.0,2.0,23,6,10
59026,4,2,0,5,8,3,0,3,1,1,2,32,1,2,0.0,0.0,0.0,0.0,0.0,1.0,22,1,5
117846,15,2,3,10,8,3,0,1,1,1,2,19,2,2,0.0,0.0,0.0,0.0,0.0,2.0,14,3,8
170642,16,7,1,10,2,3,6,1,1,1,2,19,2,2,0.0,0.0,0.0,0.0,0.0,2.0,6,2,11
112326,4,2,3,3,8,3,0,1,1,1,2,36,2,2,0.0,0.0,0.0,0.0,0.0,2.0,14,4,8
101099,15,2,1,0,8,3,0,5,0,1,2,36,2,2,0.0,0.0,0.0,0.0,0.0,2.0,21,3,7
29920,16,2,3,10,2,3,0,1,1,1,2,19,2,2,0.0,0.0,0.0,0.0,0.0,2.0,12,6,3
79519,16,4,1,9,6,3,0,1,0,1,1,18,2,3,1.0,0.0,0.0,1.0,0.0,1.0,22,7,6
59925,16,2,3,15,10,3,0,1,1,1,2,23,2,2,0.0,0.0,0.0,0.0,0.0,3.0,13,4,5
16127,4,2,3,0,2,3,0,1,0,1,2,18,2,4,2.0,0.0,0.0,0.0,2.0,1.0,6,2,2
166723,16,2,3,15,6,3,0,1,1,1,2,22,2,2,0.0,0.0,0.0,0.0,0.0,2.0,13,7,11
44766,15,2,3,17,6,3,0,5,1,1,2,36,2,2,0.0,0.0,0.0,0.0,0.0,4.0,15,4,4
119975,15,2,3,10,3,3,0,1,1,0,2,19,2,2,0.0,0.0,0.0,0.0,0.0,2.0,15,5,8
117877,15,2,3,10,11,3,0,1,0,0,2,13,2,2,0.0,0.0,0.0,0.0,0.0,2.0,7,3,8
81000,16,2,3,15,8,3,0,1,1,1,2,23,2,2,0.0,0.0,0.0,0.0,0.0,5.0,18,2,6
57163,15,2,3,0,8,3,0,1,0,1,2,36,2,2,0.0,0.0,0.0,0.0,0.0,2.0,12,6,5
78066,16,2,3,15,8,3,0,1,1,1,2,6,2,2,0.0,0.0,0.0,0.0,0.0,2.0,8,2,6
188931,16,2,3,0,16,3,0,1,0,1,2,6,2,2,0.0,0.0,0.0,0.0,0.0,3.0,7,7,12
147324,16,2,3,17,15,3,0,1,1,1,1,23,2,2,0.0,0.0,0.0,0.0,0.0,2.0,7,3,10
120540,4,2,3,2,0,3,0,1,1,1,0,36,1,2,0.0,0.0,0.0,0.0,0.0,1.0,17,6,9
107040,16,2,1,10,8,3,0,1,1,1,0,36,2,2,0.0,0.0,0.0,0.0,0.0,2.0,23,7,8
118698,15,2,3,0,15,3,0,1,0,1,2,18,2,2,0.0,0.0,0.0,0.0,0.0,3.0,18,2,8
134080,16,7,3,17,6,3,6,1,1,1,1,24,2,2,0.0,0.0,0.0,0.0,0.0,2.0,15,3,9
47618,15,2,1,0,8,3,0,1,1,1,2,26,2,2,0.0,0.0,0.0,0.0,0.0,2.0,22,5,4
176924,15,5,3,0,6,3,4,1,0,1,2,18,2,2,0.0,0.0,0.0,0.0,0.0,2.0,7,6,12
162826,15,2,1,0,6,3,0,1,0,1,2,5,2,2,0.0,0.0,0.0,0.0,0.0,2.0,3,1,11
155665,15,4,3,9,8,3,0,1,0,1,2,18,2,4,1.0,0.0,0.0,0.0,1.0,1.0,10,5,10
92317,16,2,3,15,8,3,0,1,0,1,2,18,3,3,1.0,0.0,0.0,1.0,0.0,7.0,17,1,7
8282,4,10,1,10,8,3,4,1,1,1,1,17,2,2,0.0,0.0,0.0,0.0,0.0,3.0,18,6,1
9007,16,2,3,17,8,3,0,1,1,1,2,18,2,2,0.0,0.0,0.0,0.0,0.0,3.0,8,4,1
99720,15,2,3,17,8,3,0,1,0,1,2,18,2,3,1.0,0.0,0.0,1.0,0.0,2.0,13,2,7
72630,15,2,3,0,8,3,0,1,0,1,2,18,2,2,0.0,0.0,0.0,0.0,0.0,2.0,6,5,6
98918,16,2,3,15,6,3,0,1,0,1,2,17,5,2,0.0,0.0,0.0,0.0,0.0,3.0,16,4,7
151936,4,7,0,17,2,3,6,1,1,1,2,18,2,2,0.0,0.0,0.0,0.0,0.0,2.0,19,3,10
131377,4,2,3,0,0,3,0,1,0,1,2,36,2,1,1.0,0.0,1.0,0.0,0.0,1.0,7,5,9
138887,16,2,3,10,8,3,0,1,1,1,2,19,2,2,0.0,0.0,0.0,0.0,0.0,2.0,7,4,10
171204,16,2,3,10,8,4,0,1,0,1,2,15,2,1,2.0,0.0,2.0,0.0,0.0,1.0,12,4,11
105294,16,2,3,10,2,3,0,1,1,1,2,9,2,2,0.0,0.0,0.0,0.0,0.0,2.0,18,2,8
397,15,11,1,0,6,3,5,5,0,1,2,18,2,2,0.0,0.0,0.0,0.0,0.0,2.0,21,1,1
104594,15,2,3,8,8,3,0,1,0,1,0,36,2,3,1.0,0.0,0.0,1.0,0.0,2.0,15,5,8
27754,15,2,0,8,8,3,0,1,1,1,2,36,2,2,0.0,0.0,0.0,0.0,0.0,2.0,17,5,2
116302,15,2,3,17,6,3,5,5,1,1,2,18,2,2,0.0,0.0,0.0,0.0,0.0,3.0,16,7,8
165041,4,7,3,15,2,3,6,1,0,1,2,23,2,2,0.0,0.0,0.0,0.0,0.0,2.0,15,4,11
119412,16,7,3,17,8,3,6,1,1,1,2,36,2,2,0.0,0.0,0.0,0.0,0.0,2.0,9,3,8
122719,15,2,1,0,6,3,0,1,0,1,2,5,2,2,0.0,0.0,0.0,0.0,0.0,2.0,20,4,9
142373,16,2,3,10,8,3,0,5,1,1,2,2,2,2,0.0,0.0,0.0,0.0,0.0,3.0,15,4,10
89438,16,2,3,0,8,3,0,1,0,1,2,6,2,1,7.0,0.0,1.0,4.0,2.0,1.0,19,4,7
166470,16,10,1,9,8,3,6,1,1,1,0,36,2,2,0.0,0.0,0.0,0.0,0.0,2.0,20,6,11
110481,16,2,3,17,15,3,0,1,0,1,1,24,2,2,0.0,0.0,0.0,0.0,0.0,2.0,13,3,8
60350,4,2,3,17,3,3,0,1,0,0,2,18,2,2,0.0,0.0,0.0,0.0,0.0,2.0,6,2,5
32871,16,2,1,0,6,3,0,1,0,1,2,6,3,2,0.0,0.0,0.0,0.0,0.0,3.0,21,1,3
185861,15,2,3,0,16,3,1,1,0,1,1,5,2,2,0.0,0.0,0.0,0.0,0.0,5.0,12,6,12
159039,15,2,3,9,10,3,0,1,0,1,0,36,2,4,1.0,0.0,0.0,0.0,1.0,1.0,15,2,11
50119,15,7,3,0,6,3,6,1,1,1,2,18,2,2,0.0,0.0,0.0,0.0,0.0,3.0,7,2,4
115821,17,11,5,15,8,3,5,5,1,1,1,36,2,2,0.0,0.0,0.0,0.0,0.0,2.0,17,1,8
163815,4,2,3,0,2,3,0,1,1,1,2,18,2,2,0.0,0.0,0.0,0.0,0.0,2.0,8,6,11
17904,4,7,3,0,8,3,6,1,1,1,2,36,2,2,0.0,0.0,0.0,0.0,0.0,3.0,15,5,2
139171,15,2,1,0,2,3,0,1,0,1,2,18,2,2,0.0,0.0,0.0,0.0,0.0,2.0,19,2,10
40961,15,2,1,17,8,3,0,1,1,1,2,18,2,2,0.0,0.0,0.0,0.0,0.0,2.0,20,5,3
62018,16,2,2,17,6,3,0,1,1,1,2,24,2,2,0.0,0.0,0.0,0.0,0.0,3.0,5,1,5
15077,15,2,1,0,8,3,0,1,1,1,2,18,2,2,0.0,0.0,0.0,0.0,0.0,2.0,17,4,2
153196,16,2,1,10,1,3,0,1,1,1,2,37,2,2,0.0,0.0,0.0,0.0,0.0,2.0,23,5,10
172236,15,2,2,8,2,3,0,1,0,1,1,5,2,1,1.0,0.0,1.0,0.0,0.0,1.0,12,6,12
147843,16,2,3,10,1,3,0,1,1,1,0,17,2,2,0.0,0.0,0.0,0.0,0.0,2.0,11,3,10
46369,4,2,1,2,3,4,0,1,0,1,2,17,3,3,1.0,0.0,0.0,1.0,0.0,0.0,1,4,4
104280,16,2,3,17,8,3,0,1,1,1,2,36,2,2,0.0,0.0,0.0,0.0,0.0,3.0,19,1,8
82240,16,2,1,0,8,3,0,1,0,1,2,26,2,3,4.0,0.0,0.0,4.0,0.0,1.0,1,7,6
7704,16,2,3,17,10,3,0,1,0,1,1,24,2,3,1.0,0.0,0.0,1.0,0.0,1.0,7,4,1
164400,16,2,3,17,10,3,0,1,0,1,2,24,2,2,0.0,0.0,0.0,0.0,0.0,2.0,10,7,11
29541,4,2,3,17,10,3,0,1,1,1,2,26,2,2,0.0,0.0,0.0,0.0,0.0,4.0,16,1,3
12946,15,2,3,10,2,3,0,1,1,1,1,21,2,2,0.0,0.0,0.0,0.0,0.0,2.0,15,7,1
96488,16,2,3,17,6,3,0,1,1,1,1,36,2,2,0.0,0.0,0.0,0.0,0.0,3.0,20,2,7
40408,15,2,3,17,8,3,0,1,0,1,2,18,3,2,0.0,0.0,0.0,0.0,0.0,3.0,13,1,3
181,15,2,3,0,6,3,0,1,0,1,2,18,2,3,2.0,0.0,0.0,1.0,1.0,1.0,14,4,1
178235,16,2,3,17,6,3,0,1,1,1,2,6,3,2,0.0,0.0,0.0,0.0,0.0,5.0,7,4,12
181388,16,2,4,9,8,3,0,1,0,1,0,6,2,3,1.0,0.0,0.0,1.0,0.0,1.0,16,2,12
43028,16,2,3,10,6,3,5,5,1,1,2,36,2,2,0.0,0.0,0.0,0.0,0.0,3.0,14,1,4
75144,16,2,4,17,6,3,0,1,1,1,1,24,2,2,0.0,0.0,0.0,0.0,0.0,2.0,19,6,6
14246,15,2,3,0,2,3,0,1,0,1,2,18,2,2,0.0,0.0,0.0,0.0,0.0,4.0,7,3,1
171745,4,2,3,0,2,3,6,1,1,1,2,38,2,2,0.0,0.0,0.0,0.0,0.0,2.0,10,6,11
37297,16,7,3,10,8,3,6,1,1,1,0,17,3,2,0.0,0.0,0.0,0.0,0.0,3.0,11,4,3
182030,4,2,1,17,8,3,0,1,0,1,2,18,2,4,1.0,0.0,0.0,0.0,1.0,5.0,23,3,12
5621,16,10,1,2,3,3,4,1,1,1,2,39,1,2,0.0,0.0,0.0,0.0,0.0,1.0,21,7,1
91171,16,2,3,15,6,3,0,1,1,1,2,18,2,2,0.0,0.0,0.0,0.0,0.0,2.0,15,4,7
148953,16,2,0,0,6,3,0,1,0,1,2,36,2,2,0.0,0.0,0.0,0.0,0.0,2.0,1,5,10
44866,16,2,3,7,8,3,0,1,1,0,2,24,3,2,0.0,0.0,0.0,0.0,0.0,3.0,14,7,4
167847,17,7,3,0,8,3,6,5,1,1,2,26,2,2,0.0,0.0,0.0,0.0,0.0,3.0,8,1,11
102150,15,2,3,0,6,3,0,1,0,1,2,28,2,3,1.0,0.0,0.0,1.0,0.0,3.0,16,5,7
116204,16,2,3,0,2,3,0,5,0,1,2,18,2,4,1.0,0.0,0.0,0.0,1.0,1.0,12,5,8
23282,4,10,3,7,2,3,4,1,1,1,0,39,3,2,0.0,0.0,0.0,0.0,0.0,3.0,12,5,2
85711,16,3,3,10,6,3,0,1,1,1,2,36,2,2,0.0,0.0,0.0,0.0,0.0,3.0,9,4,6
93431,4,2,3,17,8,3,0,1,1,1,2,23,2,2,0.0,0.0,0.0,0.0,0.0,2.0,13,3,7
94460,16,2,3,17,3,3,0,5,0,1,0,22,2,3,2.0,0.0,0.0,2.0,0.0,0.0,16,7,7
97520,16,2,3,17,6,3,0,5,0,1,2,36,2,2,0.0,0.0,0.0,0.0,0.0,3.0,16,4,7
23421,16,2,1,17,15,3,0,1,0,1,2,11,2,3,2.0,0.0,0.0,2.0,0.0,1.0,1,1,2
109410,4,2,3,17,8,3,0,1,0,1,2,18,2,2,0.0,0.0,0.0,0.0,0.0,2.0,15,1,8
163703,4,10,1,17,8,3,4,1,0,1,2,19,4,2,0.0,0.0,0.0,0.0,0.0,5.0,5,5,11
535,4,2,3,15,12,3,0,1,1,0,1,22,2,2,0.0,0.0,0.0,0.0,0.0,2.0,9,2,1
122781,16,2,3,9,3,3,0,1,0,1,2,36,2,3,1.0,0.0,0.0,1.0,0.0,1.0,16,3,9
156511,4,2,3,15,2,3,0,1,1,1,2,18,2,2,0.0,0.0,0.0,0.0,0.0,2.0,17,7,11
63480,16,2,3,17,6,3,0,1,0,1,2,24,2,2,0.0,0.0,0.0,0.0,0.0,4.0,17,2,5
39520,16,2,3,10,3,3,0,1,0,1,2,19,2,2,0.0,0.0,0.0,0.0,0.0,2.0,7,5,3
66718,15,7,1,17,15,3,6,1,0,1,2,36,2,2,0.0,0.0,0.0,0.0,0.0,2.0,23,4,5
67900,15,2,3,17,11,3,0,1,0,1,2,5,2,3,1.0,0.0,0.0,1.0,0.0,1.0,14,3,5
66028,15,2,3,0,8,3,0,1,0,1,2,18,2,3,1.0,0.0,0.0,1.0,0.0,1.0,18,2,5
149291,4,2,3,10,8,3,0,1,0,0,2,19,2,4,2.0,0.0,0.0,0.0,2.0,2.0,11,1,10
68606,15,2,1,0,6,3,0,1,1,1,1,5,2,2,0.0,0.0,0.0,0.0,0.0,3.0,23,7,5
105273,15,2,3,0,6,3,0,1,0,1,2,36,2,3,1.0,0.0,0.0,1.0,0.0,1.0,13,2,8
186186,15,2,4,0,2,3,0,1,1,1,1,18,2,2,0.0,0.0,0.0,0.0,0.0,2.0,17,5,12
134593,15,7,1,0,6,3,6,1,0,1,2,18,4,2,0.0,0.0,0.0,0.0,0.0,3.0,20,1,9
37853,16,2,2,0,6,3,0,1,0,1,2,36,2,2,0.0,0.0,0.0,0.0,0.0,2.0,7,2,3
2520,16,2,1,2,2,3,0,1,0,1,2,36,1,2,0.0,0.0,0.0,0.0,0.0,1.0,4,1,1
179258,16,3,1,9,8,3,0,1,1,1,0,18,2,2,0.0,0.0,0.0,0.0,0.0,2.0,17,3,12
24951,17,2,3,9,8,3,0,1,1,1,1,26,2,2,0.0,0.0,0.0,0.0,0.0,2.0,11,6,2
98222,15,2,3,0,10,3,0,1,1,1,2,5,2,2,0.0,0.0,0.0,0.0,0.0,3.0,11,6,7
92042,4,2,3,17,8,3,0,1,0,1,1,36,2,3,1.0,0.0,0.0,1.0,0.0,1.0,16,3,7
38169,4,2,3,17,8,3,0,1,1,1,2,15,2,2,0.0,0.0,0.0,0.0,0.0,3.0,11,6,3
168453,4,2,3,17,6,3,0,1,1,1,2,24,2,2,0.0,0.0,0.0,0.0,0.0,2.0,16,4,11
103879,4,2,3,0,10,3,0,1,1,1,2,36,2,2,0.0,0.0,0.0,0.0,0.0,3.0,17,4,7
157764,16,2,3,0,8,3,0,1,0,1,2,6,3,3,2.0,0.0,0.0,2.0,0.0,1.0,8,5,11
175932,16,2,3,0,2,3,0,1,0,1,2,17,3,3,3.0,0.0,0.0,3.0,0.0,0.0,9,7,12
42107,16,2,3,10,6,3,0,1,1,1,2,23,2,2,0.0,0.0,0.0,0.0,0.0,4.0,10,5,3
86277,16,2,3,10,8,3,2,5,1,1,1,36,2,2,0.0,0.0,0.0,0.0,0.0,2.0,13,5,6
128510,4,2,1,0,8,3,0,1,0,1,2,5,3,3,1.0,0.0,0.0,1.0,0.0,3.0,3,1,9
149751,15,2,1,0,8,3,0,1,1,1,2,18,2,2,0.0,0.0,0.0,0.0,0.0,2.0,18,7,10
154517,16,2,3,10,8,3,0,1,0,1,1,36,2,3,1.0,0.0,0.0,1.0,0.0,1.0,13,3,10
173708,4,2,3,15,8,3,0,1,1,0,2,36,2,2,0.0,0.0,0.0,0.0,0.0,3.0,10,3,12
19273,16,2,3,10,8,3,0,1,0,1,2,19,3,3,1.0,0.0,0.0,1.0,0.0,2.0,11,6,2
53039,16,2,3,17,8,3,0,1,0,1,2,36,2,3,1.0,0.0,0.0,1.0,0.0,2.0,18,4,4
153450,16,2,3,15,8,3,0,1,1,1,1,23,2,2,0.0,0.0,0.0,0.0,0.0,2.0,11,7,10
136103,16,7,3,17,6,3,6,5,1,1,1,36,2,2,0.0,0.0,0.0,0.0,0.0,2.0,8,7,9
175564,16,2,1,9,8,3,0,5,0,1,0,18,2,3,1.0,0.0,0.0,1.0,0.0,1.0,6,6,12
49065,16,10,1,10,2,3,4,1,1,1,2,39,2,2,0.0,0.0,0.0,0.0,0.0,2.0,6,2,4
122887,16,2,3,10,8,3,0,1,1,1,1,36,2,2,0.0,0.0,0.0,0.0,0.0,2.0,12,4,9
31570,4,2,1,0,8,3,0,1,0,1,2,11,2,1,5.0,0.0,1.0,4.0,0.0,1.0,22,6,3
93514,4,2,3,17,8,3,0,1,0,1,1,19,2,2,0.0,0.0,0.0,0.0,0.0,4.0,18,5,7
167675,15,2,1,17,10,3,0,1,1,1,0,13,2,2,0.0,0.0,0.0,0.0,0.0,2.0,18,4,11
40819,16,2,1,17,6,3,0,1,0,1,2,24,2,2,0.0,0.0,0.0,0.0,0.0,2.0,2,2,3
71096,16,2,1,8,2,3,0,1,0,1,2,36,2,3,1.0,0.0,0.0,1.0,0.0,1.0,3,5,5
140305,16,2,3,15,2,3,0,1,1,1,2,22,2,2,0.0,0.0,0.0,0.0,0.0,3.0,15,5,10
35130,16,2,3,17,6,3,0,1,1,1,1,18,2,2,0.0,0.0,0.0,0.0,0.0,4.0,16,3,3
51645,16,2,3,10,17,3,0,1,1,1,2,13,2,2,0.0,0.0,0.0,0.0,0.0,2.0,18,6,4