crash_date,               traffic_control_device,weather_condition,lighting_condition,first_crash_type,trafficway_type,alignment,roadway_surface_cond,road_defect,crash_type,intersection_related_i,damage,prim_contributory_cause,num_units,most_severe_injury,injuries_total,injuries_fatal,injuries_incapacitating,injuries_non_incapacitating,injuries_reported_not_evident,injuries_no_indication,crash_hour,crash_day_of_week,crash_month
170881,16,2,3,17,6,3,0,1,0,1,2,36,2,2,0.0,0.0,0.0,0.0,0.0,2.0,12,7,11
66916,16,2,3,17,6,3,0,1,0,1,2,17,2,3,3.0,0.0,0.0,3.0,0.0,1.0,14,2,5
84825,16,2,1,17,8,3,0,1,0,1,2,12,5,2,0.0,0.0,0.0,0.0,0.0,6.0,20,3,6
122256,15,2,1,0,8,3,0,1,1,1,2,36,2,2,0.0,0.0,0.0,0.0,0.0,6.0,21,2,9
122993,16,2,3,15,6,3,0,1,0,1,2,23,2,2,0.0,0.0,0.0,0.0,0.0,5.0,15,7,9
167635,16,2,3,17,8,3,0,1,1,1,2,18,2,2,0.0,0.0,0.0,0.0,0.0,3.0,10,3,11
109022,16,2,3,0,6,3,0,1,0,1,2,6,2,2,0.0,0.0,0.0,0.0,0.0,2.0,6,3,8
97147,15,7,1,17,8,3,6,1,0,1,2,28,2,2,0.0,0.0,0.0,0.0,0.0,3.0,22,4,7
77480,15,2,1,0,6,3,0,1,0,1,2,18,2,3,1.0,0.0,0.0,1.0,0.0,1.0,3,1,6
156003,16,2,3,0,6,3,0,5,0,1,2,11,2,2,0.0,0.0,0.0,0.0,0.0,2.0,15,2,11
39787,16,2,3,10,8,3,0,1,1,1,2,19,2,2,0.0,0.0,0.0,0.0,0.0,2.0,17,2,3
86241,16,2,1,10,1,3,0,1,1,1,1,19,3,2,0.0,0.0,0.0,0.0,0.0,4.0,2,4,6
125258,16,2,3,17,15,3,0,1,1,1,2,24,2,2,0.0,0.0,0.0,0.0,0.0,2.0,14,6,9
73734,16,2,1,17,6,3,0,1,0,1,2,18,2,4,2.0,0.0,0.0,0.0,2.0,1.0,1,1,6
113701,4,2,3,10,2,3,0,1,1,0,2,36,2,2,0.0,0.0,0.0,0.0,0.0,2.0,10,2,8
163341,16,7,3,17,2,3,6,1,0,1,2,24,2,2,0.0,0.0,0.0,0.0,0.0,2.0,10,1,11
51154,16,11,3,17,6,2,5,5,1,1,2,36,2,2,0.0,0.0,0.0,0.0,0.0,2.0,13,7,4
169755,16,10,3,0,2,3,4,1,1,1,2,39,2,2,0.0,0.0,0.0,0.0,0.0,2.0,12,2,11
168820,16,2,1,10,1,3,0,1,1,1,2,36,3,2,0.0,0.0,0.0,0.0,0.0,4.0,2,3,11
45225,16,2,3,17,11,3,0,1,1,1,2,12,2,2,0.0,0.0,0.0,0.0,0.0,2.0,11,5,4
24724,16,2,3,0,6,3,0,1,1,1,2,18,2,2,0.0,0.0,0.0,0.0,0.0,2.0,7,3,2
90520,16,2,3,17,6,3,0,1,0,1,2,18,2,2,0.0,0.0,0.0,0.0,0.0,3.0,13,7,7
36907,4,2,3,7,8,3,0,1,1,1,0,36,2,2,0.0,0.0,0.0,0.0,0.0,5.0,16,6,3
50802,16,2,3,10,8,3,0,1,1,1,2,19,2,2,0.0,0.0,0.0,0.0,0.0,3.0,16,6,4
100817,16,2,3,10,8,3,0,1,1,1,2,36,2,2,0.0,0.0,0.0,0.0,0.0,2.0,18,5,7
174662,16,2,1,0,6,3,6,1,0,1,2,36,2,3,1.0,0.0,0.0,1.0,0.0,2.0,22,1,12
145007,15,2,3,17,8,3,5,5,1,1,2,18,2,2,0.0,0.0,0.0,0.0,0.0,2.0,7,5,10
142927,16,2,1,0,3,3,0,1,0,1,2,6,2,3,2.0,0.0,0.0,2.0,0.0,0.0,23,4,10
188933,4,2,1,17,6,3,0,1,0,1,2,18,2,1,5.0,0.0,2.0,3.0,0.0,5.0,19,7,12
5727,15,2,1,0,6,3,0,1,1,1,1,5,3,2,0.0,0.0,0.0,0.0,0.0,3.0,20,3,1
184907,16,2,1,10,10,3,0,5,1,1,1,17,2,2,0.0,0.0,0.0,0.0,0.0,2.0,23,2,12
131069,15,7,3,0,6,3,0,1,0,1,2,18,2,1,1.0,0.0,1.0,0.0,0.0,3.0,15,3,9
12842,15,11,5,0,15,3,5,5,0,1,2,36,2,4,1.0,0.0,0.0,0.0,1.0,1.0,15,6,1
175295,16,2,3,17,6,3,0,1,0,1,2,6,2,2,0.0,0.0,0.0,0.0,0.0,2.0,15,4,12
180037,4,7,1,17,2,3,6,1,0,1,2,36,2,2,0.0,0.0,0.0,0.0,0.0,2.0,19,7,12
156511,16,2,3,10,8,3,0,1,1,1,0,36,2,2,0.0,0.0,0.0,0.0,0.0,2.0,17,7,11
138321,16,7,2,15,8,3,6,1,1,0,0,28,2,2,0.0,0.0,0.0,0.0,0.0,2.0,5,4,10
86958,16,2,3,17,10,3,0,1,1,1,0,22,2,2,0.0,0.0,0.0,0.0,0.0,2.0,11,2,6
120721,16,2,3,10,3,3,6,1,0,1,2,17,3,2,0.0,0.0,0.0,0.0,0.0,3.0,16,3,9
8510,16,11,1,10,6,3,5,5,1,1,1,36,2,2,0.0,0.0,0.0,0.0,0.0,2.0,19,4,1
122270,16,2,3,17,2,3,0,1,0,1,2,36,2,3,1.0,0.0,0.0,1.0,0.0,1.0,14,3,9
5691,16,2,3,9,3,3,0,1,0,1,1,18,2,3,1.0,0.0,0.0,1.0,0.0,1.0,13,3,1
13706,16,10,3,10,3,3,5,5,0,1,2,19,2,2,0.0,0.0,0.0,0.0,0.0,9.0,11,7,1
145745,15,2,1,0,6,3,0,1,1,1,2,18,2,2,0.0,0.0,0.0,0.0,0.0,2.0,20,2,10
75542,16,2,3,10,8,3,0,1,1,1,2,17,3,2,0.0,0.0,0.0,0.0,0.0,3.0,9,5,6
36725,16,2,1,17,3,3,0,1,0,1,1,36,2,2,0.0,0.0,0.0,0.0,0.0,5.0,21,1,3
8734,16,2,3,17,3,3,0,1,1,1,2,24,2,2,0.0,0.0,0.0,0.0,0.0,2.0,13,6,1
55733,16,2,3,3,8,3,0,1,1,1,1,36,2,2,0.0,0.0,0.0,0.0,0.0,2.0,10,5,4
24435,15,2,1,0,8,3,0,1,0,1,2,36,2,3,1.0,0.0,0.0,1.0,0.0,2.0,18,3,2
71740,4,2,3,10,2,3,0,1,1,1,2,19,2,2,0.0,0.0,0.0,0.0,0.0,2.0,12,6,5
184913,15,2,3,10,2,3,0,1,0,1,2,17,2,2,0.0,0.0,0.0,0.0,0.0,5.0,12,2,12
31313,16,2,4,17,8,3,0,1,1,0,2,22,2,2,0.0,0.0,0.0,0.0,0.0,2.0,18,3,3
119893,17,2,3,11,8,3,0,1,1,0,2,19,2,2,0.0,0.0,0.0,0.0,0.0,3.0,16,6,8
171327,16,2,1,17,3,3,0,1,1,1,2,24,2,2,0.0,0.0,0.0,0.0,0.0,3.0,17,1,11
55069,16,2,3,17,3,3,0,1,1,1,0,36,2,2,0.0,0.0,0.0,0.0,0.0,3.0,14,1,4
75958,16,2,3,10,2,3,0,5,1,0,2,36,2,2,0.0,0.0,0.0,0.0,0.0,4.0,13,7,6
167277,16,2,1,7,8,3,0,1,1,1,0,23,2,2,0.0,0.0,0.0,0.0,0.0,2.0,18,7,11
69851,4,2,3,17,2,3,0,1,0,1,2,18,2,4,2.0,0.0,0.0,0.0,2.0,2.0,19,5,5
7796,4,2,1,14,6,3,0,1,1,1,1,36,2,2,0.0,0.0,0.0,0.0,0.0,2.0,23,5,1
93803,16,2,1,0,1,3,0,1,0,1,2,18,2,2,0.0,0.0,0.0,0.0,0.0,3.0,21,3,7
148127,16,3,4,17,8,3,0,1,0,1,2,6,2,4,1.0,0.0,0.0,0.0,1.0,1.0,17,6,10
91544,15,2,3,17,8,3,0,1,1,1,1,18,2,2,0.0,0.0,0.0,0.0,0.0,2.0,17,2,7
53889,16,2,3,9,6,3,0,5,0,1,2,18,2,1,1.0,0.0,1.0,0.0,0.0,1.0,12,4,4
44711,15,2,3,0,6,3,0,1,0,1,2,5,5,1,2.0,0.0,1.0,1.0,0.0,2.0,17,3,4
130905,15,2,2,17,17,3,0,1,1,1,2,24,2,2,0.0,0.0,0.0,0.0,0.0,3.0,20,7,9
139768,16,2,3,17,15,3,0,5,1,1,2,24,2,2,0.0,0.0,0.0,0.0,0.0,3.0,10,4,10
148248,4,2,1,17,2,3,0,1,1,1,2,18,2,2,0.0,0.0,0.0,0.0,0.0,2.0,1,2,10
53272,15,3,3,0,6,3,0,1,0,1,1,36,2,3,1.0,0.0,0.0,1.0,0.0,2.0,8,2,4
18268,15,2,3,17,8,3,0,1,0,1,2,36,2,2,0.0,0.0,0.0,0.0,0.0,2.0,8,4,2
179739,16,2,0,17,6,3,0,1,0,1,2,24,2,2,0.0,0.0,0.0,0.0,0.0,2.0,16,2,12
76886,4,2,1,7,0,3,0,6,0,1,2,26,2,2,0.0,0.0,0.0,0.0,0.0,1.0,0,5,6
8913,10,2,3,9,8,3,0,1,0,1,2,39,2,4,1.0,0.0,0.0,0.0,1.0,1.0,15,3,1
47999,16,2,3,10,6,3,0,5,0,1,2,36,2,2,0.0,0.0,0.0,0.0,0.0,2.0,8,7,4
45583,16,2,1,17,6,3,0,1,1,1,2,24,2,2,0.0,0.0,0.0,0.0,0.0,2.0,21,5,4
132223,16,2,3,17,6,3,0,1,1,1,2,24,2,2,0.0,0.0,0.0,0.0,0.0,2.0,15,4,9
102184,16,11,1,8,6,3,5,5,0,1,2,18,2,3,1.0,0.0,0.0,1.0,0.0,1.0,23,5,7
98128,15,11,5,0,6,3,5,5,1,0,2,5,2,2,0.0,0.0,0.0,0.0,0.0,2.0,21,7,7
161805,16,2,3,15,8,3,0,1,1,1,2,18,2,2,0.0,0.0,0.0,0.0,0.0,2.0,8,2,11
96978,4,2,3,8,6,3,0,1,0,1,1,18,2,3,1.0,0.0,0.0,1.0,0.0,1.0,15,3,7
156121,16,2,1,17,8,3,0,1,0,1,2,36,2,2,0.0,0.0,0.0,0.0,0.0,2.0,23,3,11
45134,16,2,3,8,6,3,0,1,0,1,2,38,2,3,1.0,0.0,0.0,1.0,0.0,1.0,16,4,4
160826,16,2,3,4,8,3,0,1,0,1,0,36,1,3,1.0,0.0,0.0,1.0,0.0,2.0,11,5,11
148171,15,7,3,0,8,3,6,5,1,1,0,18,2,2,0.0,0.0,0.0,0.0,0.0,3.0,12,6,10
125163,16,2,3,10,8,3,6,1,1,1,2,19,2,2,0.0,0.0,0.0,0.0,0.0,2.0,7,4,9
167961,15,2,1,0,8,3,0,1,1,1,2,36,2,2,0.0,0.0,0.0,0.0,0.0,3.0,17,3,11
160164,16,2,3,17,8,3,0,1,1,1,1,36,2,2,0.0,0.0,0.0,0.0,0.0,2.0,10,4,11
51024,4,7,3,17,8,3,6,1,0,1,2,18,2,2,0.0,0.0,0.0,0.0,0.0,2.0,16,4,4
89907,16,7,3,9,2,3,6,1,0,1,0,36,2,3,1.0,0.0,0.0,1.0,0.0,1.0,17,5,7
107700,15,2,3,0,8,3,0,1,0,1,2,24,2,2,0.0,0.0,0.0,0.0,0.0,2.0,11,4,8
175528,16,2,3,9,3,3,0,1,0,1,0,26,2,4,1.0,0.0,0.0,0.0,1.0,3.0,14,6,12
177686,16,2,3,10,8,3,0,1,1,1,2,9,2,2,0.0,0.0,0.0,0.0,0.0,3.0,7,6,12
131332,15,2,3,0,2,3,0,1,1,1,1,36,2,2,0.0,0.0,0.0,0.0,0.0,2.0,12,4,9
149799,16,7,1,17,1,3,6,5,0,1,2,37,2,2,0.0,0.0,0.0,0.0,0.0,5.0,19,1,10
89712,15,2,3,0,1,3,0,1,1,1,2,36,2,2,0.0,0.0,0.0,0.0,0.0,2.0,11,2,7
132764,15,7,1,0,6,3,6,1,0,1,2,18,2,2,0.0,0.0,0.0,0.0,0.0,3.0,7,4,9
178623,4,2,4,10,8,3,0,5,0,1,2,36,2,2,0.0,0.0,0.0,0.0,0.0,2.0,16,1,12
8348,16,2,1,17,6,3,6,1,0,1,2,18,2,2,0.0,0.0,0.0,0.0,0.0,2.0,18,1,1
139067,4,2,3,9,2,3,0,1,0,0,2,36,3,3,2.0,0.0,0.0,2.0,0.0,1.0,11,7,10
116258,15,7,1,0,11,4,6,1,0,1,1,18,2,1,2.0,0.0,1.0,0.0,1.0,2.0,22,6,8
174513,16,2,3,9,6,3,0,1,0,1,1,36,2,1,1.0,0.0,1.0,0.0,0.0,1.0,9,5,12
138049,16,2,3,5,6,3,0,5,0,1,2,36,2,3,1.0,0.0,0.0,1.0,0.0,5.0,16,1,10
111118,16,2,1,17,8,3,0,1,0,1,2,36,2,2,0.0,0.0,0.0,0.0,0.0,2.0,21,6,8
60451,15,7,3,0,6,3,6,1,0,1,2,22,2,3,1.0,0.0,0.0,1.0,0.0,3.0,14,5,5
105671,15,2,3,17,2,3,0,1,0,1,2,38,2,2,0.0,0.0,0.0,0.0,0.0,3.0,14,7,8
115033,16,2,3,15,8,3,0,1,0,1,0,23,2,4,1.0,0.0,0.0,0.0,1.0,2.0,15,4,8
9517,15,10,1,0,18,3,6,1,1,1,2,5,2,2,0.0,0.0,0.0,0.0,0.0,2.0,5,6,1
105750,4,2,3,17,2,3,0,5,1,1,1,24,2,2,0.0,0.0,0.0,0.0,0.0,2.0,13,1,8
94074,17,2,1,9,8,3,0,5,0,1,0,26,2,1,1.0,0.0,1.0,0.0,0.0,3.0,20,6,7
90843,15,2,3,0,6,3,0,1,0,1,2,18,2,2,0.0,0.0,0.0,0.0,0.0,2.0,6,7,7
178052,15,2,1,10,2,3,0,1,1,1,1,19,2,2,0.0,0.0,0.0,0.0,0.0,2.0,20,7,12
125678,16,2,3,10,3,3,0,1,1,1,2,19,2,2,0.0,0.0,0.0,0.0,0.0,2.0,13,5,9
81890,4,11,3,17,8,3,5,5,1,1,1,36,2,2,0.0,0.0,0.0,0.0,0.0,2.0,17,1,6
31965,16,2,1,17,2,3,0,1,1,1,2,24,2,2,0.0,0.0,0.0,0.0,0.0,2.0,18,6,3
115093,16,2,1,17,2,3,0,1,0,1,2,24,2,2,0.0,0.0,0.0,0.0,0.0,2.0,20,2,8
175477,16,2,0,0,3,3,0,1,0,1,2,6,2,2,0.0,0.0,0.0,0.0,0.0,2.0,18,5,12
97728,4,7,4,0,10,3,6,1,0,1,2,39,2,2,0.0,0.0,0.0,0.0,0.0,2.0,18,6,7
20593,16,2,3,10,2,3,4,1,0,1,1,17,2,2,0.0,0.0,0.0,0.0,0.0,3.0,13,3,2
132648,15,7,4,0,10,3,6,1,0,1,2,36,2,3,2.0,0.0,0.0,2.0,0.0,1.0,6,1,9
156379,16,2,1,15,2,3,0,1,1,1,2,17,2,2,0.0,0.0,0.0,0.0,0.0,2.0,20,5,11
175585,15,2,1,0,8,3,0,1,1,1,2,36,2,2,0.0,0.0,0.0,0.0,0.0,3.0,20,6,12
151725,15,2,0,17,15,3,0,1,0,1,2,5,2,4,1.0,0.0,0.0,0.0,1.0,1.0,19,6,10
51430,16,2,0,10,8,3,0,1,1,1,2,8,2,2,0.0,0.0,0.0,0.0,0.0,2.0,22,4,4
170719,16,2,3,17,8,3,0,1,0,1,1,12,2,4,1.0,0.0,0.0,0.0,1.0,2.0,15,4,11
3610,16,10,3,10,3,3,6,1,0,1,2,36,2,2,0.0,0.0,0.0,0.0,0.0,3.0,15,6,1
188201,15,11,3,0,2,3,5,5,0,1,2,6,2,4,2.0,0.0,0.0,0.0,2.0,1.0,7,1,12
45975,16,2,1,0,8,3,0,1,0,1,2,6,2,2,0.0,0.0,0.0,0.0,0.0,3.0,21,3,4
126950,16,2,3,17,2,3,0,5,0,1,2,36,2,2,0.0,0.0,0.0,0.0,0.0,4.0,13,2,9
139174,4,2,3,17,2,3,0,1,0,1,2,18,2,4,1.0,0.0,0.0,0.0,1.0,1.0,7,2,10
137409,16,2,3,0,8,3,0,1,1,1,2,6,2,2,0.0,0.0,0.0,0.0,0.0,4.0,8,6,9
118245,16,2,3,0,6,3,0,1,0,1,2,6,2,2,0.0,0.0,0.0,0.0,0.0,2.0,12,3,8
66124,16,2,3,17,8,3,0,1,1,1,1,26,2,2,0.0,0.0,0.0,0.0,0.0,2.0,18,2,5
38170,4,2,3,15,3,3,0,1,1,1,0,17,2,2,0.0,0.0,0.0,0.0,0.0,2.0,11,6,3
98829,15,2,1,0,6,3,0,1,1,1,2,18,2,2,0.0,0.0,0.0,0.0,0.0,5.0,1,2,7
11748,15,10,3,0,8,3,4,5,1,1,2,18,2,2,0.0,0.0,0.0,0.0,0.0,2.0,7,2,1
43193,16,7,3,15,2,3,6,1,1,1,2,18,3,2,0.0,0.0,0.0,0.0,0.0,5.0,14,3,4
171005,16,2,3,0,6,3,0,1,1,0,2,3,2,2,0.0,0.0,0.0,0.0,0.0,2.0,15,3,11
61340,17,11,5,8,8,3,5,5,1,0,1,26,2,2,0.0,0.0,0.0,0.0,0.0,2.0,14,4,5
137244,16,2,3,10,8,3,0,1,1,1,2,19,2,2,0.0,0.0,0.0,0.0,0.0,2.0,15,4,9
186541,15,2,1,10,8,3,1,1,1,1,2,39,2,2,0.0,0.0,0.0,0.0,0.0,3.0,22,4,12
126143,4,2,3,17,10,3,0,1,1,1,2,11,2,2,0.0,0.0,0.0,0.0,0.0,2.0,8,3,9
16864,16,2,0,0,8,3,0,1,0,1,1,26,2,4,1.0,0.0,0.0,0.0,1.0,2.0,22,1,2
177132,16,2,3,10,8,3,0,1,1,1,1,36,2,2,0.0,0.0,0.0,0.0,0.0,2.0,14,7,12
75379,16,2,3,10,8,3,0,1,0,1,2,19,2,3,1.0,0.0,0.0,1.0,0.0,4.0,6,4,6
170869,16,2,3,10,2,3,0,1,1,1,1,19,2,2,0.0,0.0,0.0,0.0,0.0,2.0,9,7,11
14326,16,2,1,17,6,3,0,1,1,1,2,24,2,2,0.0,0.0,0.0,0.0,0.0,2.0,16,5,1
27204,4,2,3,10,8,3,0,1,1,1,0,36,2,2,0.0,0.0,0.0,0.0,0.0,2.0,7,2,2
70452,16,2,1,17,6,3,0,1,1,1,2,28,2,2,0.0,0.0,0.0,0.0,0.0,5.0,23,7,5
129817,16,2,3,17,6,3,0,1,1,1,2,6,2,2,0.0,0.0,0.0,0.0,0.0,4.0,8,6,9
43098,15,6,4,0,6,3,6,1,0,1,2,5,2,2,0.0,0.0,0.0,0.0,0.0,2.0,4,3,4
173176,16,11,5,10,2,3,5,5,1,1,2,36,3,2,0.0,0.0,0.0,0.0,0.0,3.0,17,2,12
106742,16,2,3,10,11,3,0,1,1,1,2,26,2,2,0.0,0.0,0.0,0.0,0.0,2.0,12,1,8
173438,16,2,3,17,2,3,0,1,1,1,2,17,2,2,0.0,0.0,0.0,0.0,0.0,2.0,14,5,12
154329,15,7,1,0,8,3,6,1,0,1,2,36,2,4,1.0,0.0,0.0,0.0,1.0,1.0,3,1,10
27448,15,2,3,13,18,3,0,1,1,1,2,36,2,2,0.0,0.0,0.0,0.0,0.0,2.0,13,1,2
181557,16,2,3,2,6,3,0,1,0,0,2,36,2,2,0.0,0.0,0.0,0.0,0.0,2.0,8,5,12
90422,15,2,3,17,8,3,0,1,1,1,2,23,2,2,0.0,0.0,0.0,0.0,0.0,2.0,9,5,7
6030,18,2,1,17,13,5,0,5,0,1,2,24,2,2,0.0,0.0,0.0,0.0,0.0,3.0,2,7,1
116481,16,2,3,10,8,3,0,1,1,1,1,19,2,2,0.0,0.0,0.0,0.0,0.0,2.0,14,4,8
43820,15,2,3,0,8,3,0,1,0,1,1,18,2,4,2.0,0.0,0.0,0.0,2.0,2.0,13,7,4
5623,16,10,3,17,8,3,4,1,0,1,2,17,2,2,0.0,0.0,0.0,0.0,0.0,3.0,10,7,1
14507,16,10,3,17,15,3,0,1,1,1,1,36,2,2,0.0,0.0,0.0,0.0,0.0,2.0,6,2,1
93809,16,2,3,0,8,3,0,1,0,1,2,6,2,4,3.0,0.0,0.0,0.0,3.0,0.0,9,3,7
44533,4,2,3,0,11,3,0,1,1,1,1,18,2,2,0.0,0.0,0.0,0.0,0.0,2.0,13,6,4
130727,16,2,3,10,8,3,0,1,1,1,1,36,2,2,0.0,0.0,0.0,0.0,0.0,2.0,12,3,9
157806,15,7,3,10,8,3,6,1,1,0,0,36,2,2,0.0,0.0,0.0,0.0,0.0,2.0,16,6,11
21683,16,2,1,10,2,3,0,1,1,1,2,17,2,2,0.0,0.0,0.0,0.0,0.0,3.0,21,5,2
36119,16,2,1,13,8,3,0,1,1,0,1,26,2,2,0.0,0.0,0.0,0.0,0.0,2.0,23,5,3
105614,16,2,3,10,8,3,0,1,1,1,2,19,2,2,0.0,0.0,0.0,0.0,0.0,3.0,14,6,8
17046,4,10,1,9,8,3,6,1,0,1,1,18,2,1,1.0,0.0,1.0,0.0,0.0,2.0,18,4,2
140046,16,2,3,17,3,3,0,1,1,1,1,36,2,2,0.0,0.0,0.0,0.0,0.0,2.0,12,6,10
132401,16,2,3,17,2,3,0,1,0,1,2,24,2,3,2.0,0.0,0.0,2.0,0.0,0.0,10,7,9
133749,16,2,3,10,8,3,0,1,1,1,1,19,2,2,0.0,0.0,0.0,0.0,0.0,2.0,7,3,9
14568,4,2,3,17,6,3,0,1,1,1,2,24,2,2,0.0,0.0,0.0,0.0,0.0,2.0,7,3,1
118805,16,2,1,17,6,3,0,1,0,1,2,22,2,2,0.0,0.0,0.0,0.0,0.0,2.0,23,4,8
172364,16,5,1,10,6,3,6,1,0,1,2,19,2,4,1.0,0.0,0.0,0.0,1.0,1.0,18,1,12
173776,4,3,4,17,8,3,0,1,1,1,0,23,2,2,0.0,0.0,0.0,0.0,0.0,6.0,15,2,12
141795,16,2,3,0,10,3,0,1,0,1,2,12,2,4,1.0,0.0,0.0,0.0,1.0,1.0,15,3,10
155182,16,2,3,0,8,3,0,1,1,1,1,17,2,2,0.0,0.0,0.0,0.0,0.0,2.0,13,4,10
40672,16,2,3,0,8,3,0,1,0,1,2,15,2,4,1.0,0.0,0.0,0.0,1.0,1.0,15,5,3
50353,15,2,3,10,8,3,0,1,1,1,2,19,2,2,0.0,0.0,0.0,0.0,0.0,2.0,7,5,4
156905,4,2,0,14,2,3,0,1,1,1,2,18,2,2,0.0,0.0,0.0,0.0,0.0,2.0,20,5,11
142272,16,2,3,17,8,3,0,1,0,1,2,23,2,2,0.0,0.0,0.0,0.0,0.0,4.0,10,2,10
148389,16,2,1,10,6,3,0,1,1,1,2,36,2,2,0.0,0.0,0.0,0.0,0.0,2.0,3,4,10
183420,15,2,3,0,15,3,0,6,0,1,2,12,2,3,1.0,0.0,0.0,1.0,0.0,1.0,7,3,12
82646,16,2,3,9,8,3,0,1,1,1,0,26,3,2,0.0,0.0,0.0,0.0,0.0,4.0,14,4,6
77891,2,2,1,0,5,3,5,5,0,1,2,6,2,3,1.0,0.0,0.0,1.0,0.0,3.0,2,7,6
144797,15,2,3,17,6,3,0,1,0,1,2,18,2,1,3.0,0.0,1.0,2.0,0.0,0.0,17,1,10
8950,16,2,3,17,19,3,1,1,1,1,1,36,2,2,0.0,0.0,0.0,0.0,0.0,3.0,7,3,1
128624,15,2,3,17,8,3,0,1,1,1,2,5,2,2,0.0,0.0,0.0,0.0,0.0,2.0,16,4,9
152256,16,2,3,17,11,3,0,1,0,1,2,24,2,4,1.0,0.0,0.0,0.0,1.0,3.0,8,5,10
53028,4,2,3,17,8,3,0,1,0,1,2,24,2,2,0.0,0.0,0.0,0.0,0.0,2.0,17,4,4
113002,15,7,3,7,2,3,6,1,1,1,2,36,2,2,0.0,0.0,0.0,0.0,0.0,1.0,12,7,8
7845,15,10,3,7,15,3,4,1,1,0,0,39,2,2,0.0,0.0,0.0,0.0,0.0,3.0,9,7,1
119560,15,2,3,10,6,3,0,1,1,1,1,19,2,2,0.0,0.0,0.0,0.0,0.0,2.0,7,6,8
154845,15,2,3,0,6,3,0,5,1,1,2,18,2,2,0.0,0.0,0.0,0.0,0.0,3.0,12,7,10
121891,16,2,3,10,8,3,0,1,1,1,2,17,2,2,0.0,0.0,0.0,0.0,0.0,2.0,10,5,9
32875,16,2,3,10,8,3,0,1,0,1,1,19,2,4,1.0,0.0,0.0,0.0,1.0,1.0,9,1,3
88813,15,2,3,9,8,3,0,1,1,1,1,18,2,2,0.0,0.0,0.0,0.0,0.0,3.0,16,2,7
169992,16,2,3,9,15,3,0,1,0,1,0,18,2,3,1.0,0.0,0.0,1.0,0.0,2.0,12,7,11
163729,15,10,3,10,8,3,4,5,1,1,1,39,2,2,0.0,0.0,0.0,0.0,0.0,2.0,8,5,11
83335,16,2,3,10,2,3,0,1,1,1,2,19,2,2,0.0,0.0,0.0,0.0,0.0,2.0,16,2,6
161664,16,11,5,10,8,3,5,1,1,1,1,19,2,2,0.0,0.0,0.0,0.0,0.0,2.0,13,6,11
31322,16,2,1,0,15,3,0,5,0,1,2,6,2,3,3.0,0.0,0.0,3.0,0.0,0.0,19,3,3
147972,16,2,3,17,15,3,0,1,0,1,2,24,2,3,1.0,0.0,0.0,1.0,0.0,1.0,8,6,10
154945,16,2,1,17,6,3,6,1,0,1,2,12,2,2,0.0,0.0,0.0,0.0,0.0,2.0,4,2,10
64674,16,7,1,10,8,3,6,1,1,1,0,17,2,2,0.0,0.0,0.0,0.0,0.0,2.0,23,6,5
78031,16,2,3,10,8,3,0,1,1,1,1,36,2,2,0.0,0.0,0.0,0.0,0.0,2.0,14,2,6
73036,4,2,4,17,15,3,0,1,0,1,2,17,2,4,2.0,0.0,0.0,0.0,2.0,2.0,20,4,6
168182,16,2,0,10,8,3,0,1,0,0,0,17,2,4,1.0,0.0,0.0,0.0,1.0,3.0,17,5,11
64152,16,11,5,15,8,3,5,5,1,1,2,19,2,2,0.0,0.0,0.0,0.0,0.0,3.0,18,5,5
24968,16,2,3,17,6,3,0,1,1,1,1,22,2,2,0.0,0.0,0.0,0.0,0.0,2.0,14,7,2
72618,16,2,3,8,6,3,0,5,0,1,1,36,2,3,1.0,0.0,0.0,1.0,0.0,2.0,16,5,6
131701,16,2,1,0,6,3,0,1,0,1,2,6,2,3,2.0,0.0,0.0,2.0,0.0,1.0,19,4,9
3575,16,2,3,14,5,3,0,1,0,1,2,24,2,4,2.0,0.0,0.0,0.0,2.0,2.0,8,4,1
137690,16,2,3,17,2,3,0,5,1,1,1,22,2,2,0.0,0.0,0.0,0.0,0.0,3.0,16,2,10
159924,15,2,3,0,8,3,0,1,1,1,2,18,2,2,0.0,0.0,0.0,0.0,0.0,4.0,11,6,11
37521,4,2,3,10,2,3,0,1,1,1,2,17,2,2,0.0,0.0,0.0,0.0,0.0,2.0,16,4,3
155766,16,7,1,7,10,3,6,1,1,1,0,22,2,2,0.0,0.0,0.0,0.0,0.0,1.0,20,4,11
108195,16,2,3,17,10,3,0,6,0,0,2,24,2,2,0.0,0.0,0.0,0.0,0.0,2.0,11,5,8
105716,16,2,1,17,1,3,0,1,0,1,2,16,2,2,0.0,0.0,0.0,0.0,0.0,6.0,22,7,8
99066,16,2,3,8,2,3,0,1,1,1,0,18,2,2,0.0,0.0,0.0,0.0,0.0,2.0,10,6,7
105131,16,3,3,10,8,3,0,1,1,1,0,12,2,2,0.0,0.0,0.0,0.0,0.0,5.0,12,5,8
140583,15,2,3,17,8,3,6,1,1,1,2,24,2,2,0.0,0.0,0.0,0.0,0.0,2.0,8,7,10
52231,16,2,1,17,9,3,0,1,0,1,2,36,2,2,0.0,0.0,0.0,0.0,0.0,2.0,23,3,4
132001,15,2,3,0,2,3,0,1,0,1,2,18,4,3,2.0,0.0,0.0,2.0,0.0,3.0,12,6,9
108846,16,2,1,10,8,3,0,5,0,1,1,12,2,3,1.0,0.0,0.0,1.0,0.0,1.0,22,6,8