crash_date,               traffic_control_device,weather_condition,lighting_condition,first_crash_type,trafficway_type,alignment,roadway_surface_cond,road_defect,crash_type,intersection_related_i,damage,prim_contributory_cause,num_units,most_severe_injury,injuries_total,injuries_fatal,injuries_incapacitating,injuries_non_incapacitating,injuries_reported_not_evident,injuries_no_indication,crash_hour,crash_day_of_week,crash_month
84862,16,2,3,17,8,3,0,1,1,1,0,22,2,2,0.0,0.0,0.0,0.0,0.0,4.0,13,5,6
38127,16,2,3,9,8,3,0,1,0,1,1,18,2,3,1.0,0.0,0.0,1.0,0.0,1.0,6,6,3
33961,4,7,3,9,8,3,6,1,0,1,0,18,2,3,1.0,0.0,0.0,1.0,0.0,2.0,6,4,3
166111,16,2,1,15,8,3,0,1,1,1,1,23,2,2,0.0,0.0,0.0,0.0,0.0,2.0,18,3,11
121214,16,2,1,17,8,3,0,1,1,1,2,18,2,2,0.0,0.0,0.0,0.0,0.0,2.0,19,1,9
64512,16,2,4,10,2,3,0,1,1,1,0,19,2,2,0.0,0.0,0.0,0.0,0.0,2.0,19,6,5
113037,16,2,3,10,8,3,0,1,1,1,1,36,2,2,0.0,0.0,0.0,0.0,0.0,2.0,14,6,8
14944,16,3,3,7,8,3,0,1,1,1,2,12,2,2,0.0,0.0,0.0,0.0,0.0,1.0,9,2,1
128157,16,2,3,10,8,3,0,1,0,1,2,36,2,4,1.0,0.0,0.0,0.0,1.0,3.0,11,4,9
160628,16,11,5,17,6,3,5,5,1,1,1,36,2,2,0.0,0.0,0.0,0.0,0.0,2.0,19,4,11
164300,15,2,1,0,2,3,0,1,0,1,2,18,2,2,0.0,0.0,0.0,0.0,0.0,2.0,16,6,11
16007,16,2,3,10,10,3,0,5,1,1,2,36,2,2,0.0,0.0,0.0,0.0,0.0,2.0,12,6,2
137817,15,7,3,17,6,3,6,5,0,1,2,18,2,2,0.0,0.0,0.0,0.0,0.0,2.0,15,5,10
129905,15,2,3,15,8,3,0,5,1,1,1,36,2,2,0.0,0.0,0.0,0.0,0.0,2.0,18,7,9
104120,4,2,3,17,8,3,0,1,0,1,2,18,3,3,1.0,0.0,0.0,1.0,0.0,4.0,19,5,8
37944,15,2,3,0,8,3,0,1,0,1,2,18,2,4,2.0,0.0,0.0,0.0,2.0,1.0,16,5,3
41220,15,2,3,17,15,3,0,1,1,1,2,36,2,2,0.0,0.0,0.0,0.0,0.0,4.0,17,3,3
35468,15,3,3,17,8,3,6,1,0,1,2,18,2,3,3.0,0.0,0.0,3.0,0.0,1.0,13,2,3
69583,15,2,1,10,6,3,0,1,0,1,2,18,2,4,1.0,0.0,0.0,0.0,1.0,2.0,20,7,5
15387,16,2,3,17,6,3,6,1,0,1,2,17,2,3,1.0,0.0,0.0,1.0,0.0,1.0,7,3,2
113518,16,2,1,15,3,3,0,1,1,1,0,22,2,2,0.0,0.0,0.0,0.0,0.0,7.0,22,1,8
188773,16,2,1,17,15,3,0,1,1,1,1,6,3,2,0.0,0.0,0.0,0.0,0.0,4.0,23,3,12
34867,4,2,3,17,8,3,0,1,0,1,2,18,2,3,1.0,0.0,0.0,1.0,0.0,1.0,15,5,3
94406,15,2,3,15,6,3,0,1,1,1,2,23,2,2,0.0,0.0,0.0,0.0,0.0,2.0,17,5,7
124246,16,2,3,17,6,3,0,1,1,1,2,18,2,2,0.0,0.0,0.0,0.0,0.0,2.0,16,5,9
186932,4,7,3,17,8,3,6,5,0,1,2,36,2,3,1.0,0.0,0.0,1.0,0.0,2.0,14,6,12
154535,16,2,1,17,3,3,0,5,0,1,2,18,2,3,4.0,0.0,0.0,4.0,0.0,0.0,17,3,10
86029,16,7,1,14,6,3,6,1,1,1,2,18,2,2,0.0,0.0,0.0,0.0,0.0,2.0,0,1,6
80746,16,2,3,9,6,3,0,5,0,1,0,18,2,3,1.0,0.0,0.0,1.0,0.0,1.0,7,6,6
123253,16,11,5,0,6,3,5,1,1,1,2,6,2,2,0.0,0.0,0.0,0.0,0.0,2.0,20,5,9
50629,4,2,3,9,8,3,0,1,0,1,1,36,2,1,1.0,0.0,1.0,0.0,0.0,1.0,8,4,4
23970,16,2,0,17,2,3,0,1,1,1,1,36,2,2,0.0,0.0,0.0,0.0,0.0,2.0,2,2,2
58083,16,2,1,7,8,3,0,1,1,1,0,36,2,2,0.0,0.0,0.0,0.0,0.0,4.0,19,1,5
44165,15,2,3,0,8,3,0,1,1,1,2,38,2,2,0.0,0.0,0.0,0.0,0.0,2.0,7,5,4
69768,4,11,3,5,8,3,5,3,1,1,0,36,1,2,0.0,0.0,0.0,0.0,0.0,1.0,16,3,5
152115,16,2,1,17,6,3,0,1,0,1,2,24,2,3,1.0,0.0,0.0,1.0,0.0,3.0,20,6,10
57713,16,7,3,11,10,3,6,1,1,1,1,12,2,2,0.0,0.0,0.0,0.0,0.0,2.0,7,3,5
144795,16,2,1,17,6,5,0,1,0,1,2,6,2,2,0.0,0.0,0.0,0.0,0.0,5.0,4,1,10
68817,16,2,3,10,8,3,0,1,1,1,0,36,2,2,0.0,0.0,0.0,0.0,0.0,2.0,15,3,5
129443,16,2,3,17,6,3,0,1,0,1,2,18,2,3,1.0,0.0,0.0,1.0,0.0,1.0,19,2,9
87755,4,2,3,0,15,3,5,5,0,1,2,18,2,2,0.0,0.0,0.0,0.0,0.0,2.0,19,1,6
97861,16,2,3,10,8,3,0,1,1,1,0,36,2,2,0.0,0.0,0.0,0.0,0.0,2.0,6,2,7
24228,16,10,1,0,6,4,4,1,0,1,2,6,2,2,0.0,0.0,0.0,0.0,0.0,11.0,19,7,2
165010,16,2,3,15,2,3,0,1,1,1,1,14,2,2,0.0,0.0,0.0,0.0,0.0,4.0,9,3,11
136117,16,2,1,17,6,3,0,1,1,1,2,36,2,2,0.0,0.0,0.0,0.0,0.0,3.0,22,7,9
150125,16,2,3,10,6,3,0,1,0,1,2,17,2,3,1.0,0.0,0.0,1.0,0.0,1.0,15,7,10
91469,16,2,3,10,3,3,0,1,1,1,2,19,3,2,0.0,0.0,0.0,0.0,0.0,3.0,13,1,7
107811,4,3,3,15,8,3,0,1,1,1,2,36,2,2,0.0,0.0,0.0,0.0,0.0,2.0,9,4,8
118353,15,2,3,7,8,3,0,1,1,1,2,36,2,2,0.0,0.0,0.0,0.0,0.0,1.0,18,3,8
102381,16,2,4,17,8,3,0,1,1,1,2,17,2,2,0.0,0.0,0.0,0.0,0.0,2.0,3,7,7
59496,15,2,3,10,8,3,0,1,1,1,2,36,2,2,0.0,0.0,0.0,0.0,0.0,5.0,15,1,5
168250,16,7,0,17,8,3,6,1,0,1,2,24,2,2,0.0,0.0,0.0,0.0,0.0,2.0,22,6,11
74347,15,2,3,8,6,3,0,1,1,1,1,36,2,2,0.0,0.0,0.0,0.0,0.0,2.0,16,4,6
48179,4,2,1,2,3,4,0,1,0,0,2,36,1,2,0.0,0.0,0.0,0.0,0.0,1.0,2,1,4
27996,16,2,4,10,6,3,0,1,1,1,2,19,2,2,0.0,0.0,0.0,0.0,0.0,2.0,17,3,2
175719,16,11,5,10,6,3,5,1,1,1,2,19,2,2,0.0,0.0,0.0,0.0,0.0,2.0,14,3,12
31269,16,10,3,10,6,3,6,1,1,1,0,12,2,2,0.0,0.0,0.0,0.0,0.0,4.0,8,2,3
64367,15,2,1,17,15,3,0,1,0,1,2,18,2,3,2.0,0.0,0.0,2.0,0.0,4.0,0,2,5
140522,16,7,1,10,8,3,6,1,1,1,0,19,2,2,0.0,0.0,0.0,0.0,0.0,3.0,20,6,10
18521,16,10,3,10,8,3,6,1,1,1,1,39,2,2,0.0,0.0,0.0,0.0,0.0,3.0,14,2,2
130712,16,2,3,10,3,3,6,1,1,1,2,19,2,2,0.0,0.0,0.0,0.0,0.0,2.0,8,3,9
121865,16,2,3,10,2,3,0,1,0,1,2,36,2,2,0.0,0.0,0.0,0.0,0.0,4.0,7,5,9
43751,16,7,3,10,2,3,6,1,0,1,1,17,2,3,3.0,0.0,0.0,3.0,0.0,2.0,16,5,4
37234,14,7,5,10,8,3,6,1,1,1,2,15,2,2,0.0,0.0,0.0,0.0,0.0,2.0,13,4,3
132628,4,7,3,17,6,3,6,1,1,1,2,36,2,2,0.0,0.0,0.0,0.0,0.0,2.0,16,1,9
32514,17,2,2,2,8,3,0,3,1,0,2,33,1,2,0.0,0.0,0.0,0.0,0.0,1.0,19,7,3
72518,16,2,3,10,6,3,0,1,1,1,1,30,2,2,0.0,0.0,0.0,0.0,0.0,3.0,8,3,6
68532,16,2,1,0,3,3,0,1,0,1,2,6,2,4,1.0,0.0,0.0,0.0,1.0,3.0,22,5,5
127522,16,2,3,15,8,3,0,1,1,1,1,23,2,2,0.0,0.0,0.0,0.0,0.0,2.0,7,2,9
56435,16,2,3,15,2,3,0,1,1,1,2,36,2,2,0.0,0.0,0.0,0.0,0.0,5.0,17,4,5
144963,16,2,1,10,3,3,0,5,0,0,2,13,3,2,0.0,0.0,0.0,0.0,0.0,5.0,23,4,10
56112,15,2,3,17,10,3,0,1,0,1,2,24,2,2,0.0,0.0,0.0,0.0,0.0,2.0,12,3,5
136281,16,2,3,5,8,3,0,1,0,1,0,18,2,1,1.0,0.0,1.0,0.0,0.0,1.0,11,3,9
74296,15,2,3,0,6,3,0,1,1,1,0,18,2,2,0.0,0.0,0.0,0.0,0.0,2.0,17,2,6
168980,16,2,1,0,18,3,0,1,0,1,2,6,2,2,0.0,0.0,0.0,0.0,0.0,3.0,3,5,11
119047,16,2,3,17,8,3,0,5,1,1,2,36,2,2,0.0,0.0,0.0,0.0,0.0,3.0,14,7,8
68216,16,2,1,17,2,4,0,5,0,1,2,18,2,3,1.0,0.0,0.0,1.0,0.0,5.0,19,6,5
85976,15,2,3,15,8,3,0,1,1,1,2,23,2,2,0.0,0.0,0.0,0.0,0.0,3.0,15,1,6
49930,15,2,3,10,2,3,0,1,1,1,2,19,2,2,0.0,0.0,0.0,0.0,0.0,2.0,11,4,4
123690,16,7,2,0,6,3,6,5,0,1,2,18,2,3,1.0,0.0,0.0,1.0,0.0,1.0,5,4,9
31765,16,2,3,10,8,3,0,1,1,1,2,9,2,2,0.0,0.0,0.0,0.0,0.0,3.0,17,4,3
152922,15,2,1,0,11,3,0,1,0,1,2,18,2,4,3.0,0.0,0.0,0.0,3.0,0.0,21,7,10
154911,16,7,1,0,3,3,6,1,0,1,2,37,2,4,1.0,0.0,0.0,0.0,1.0,4.0,23,1,10
23061,15,2,3,14,11,3,0,1,1,1,2,36,2,2,0.0,0.0,0.0,0.0,0.0,2.0,10,7,2
12275,16,7,0,0,18,3,6,1,0,1,2,6,2,4,2.0,0.0,0.0,0.0,2.0,2.0,18,4,1
119477,16,2,3,15,10,3,0,1,1,1,2,18,2,2,0.0,0.0,0.0,0.0,0.0,2.0,14,5,8
180827,16,2,3,15,8,3,0,1,1,1,2,36,2,2,0.0,0.0,0.0,0.0,0.0,3.0,13,1,12
155041,16,2,3,17,6,3,0,1,1,1,1,17,2,2,0.0,0.0,0.0,0.0,0.0,2.0,21,4,10
48540,16,2,3,10,2,3,0,1,0,1,1,19,2,1,1.0,0.0,1.0,0.0,0.0,1.0,18,6,4
95236,16,2,3,10,8,3,0,1,1,1,2,19,2,2,0.0,0.0,0.0,0.0,0.0,2.0,12,4,7
112465,16,2,3,0,8,3,0,5,1,1,2,18,2,2,0.0,0.0,0.0,0.0,0.0,2.0,8,4,8
95644,15,2,3,17,15,4,0,5,1,1,2,18,2,2,0.0,0.0,0.0,0.0,0.0,3.0,15,3,7
22266,17,2,2,17,3,3,6,5,0,1,2,36,2,1,3.0,0.0,1.0,2.0,0.0,2.0,6,1,2
103572,16,2,3,17,1,3,0,1,1,1,2,32,2,2,0.0,0.0,0.0,0.0,0.0,2.0,9,4,7
107364,16,2,3,10,2,3,0,1,1,1,1,19,2,2,0.0,0.0,0.0,0.0,0.0,2.0,8,4,8
146555,15,2,3,17,8,3,0,1,0,1,1,36,2,1,1.0,0.0,1.0,0.0,0.0,2.0,8,4,10
150226,15,2,3,0,2,3,0,1,0,1,2,12,2,1,1.0,0.0,1.0,0.0,0.0,2.0,8,1,10
117087,15,2,3,17,15,4,0,1,0,1,1,36,2,2,0.0,0.0,0.0,0.0,0.0,2.0,16,6,8
92318,4,2,3,0,8,3,0,5,0,1,2,36,2,3,1.0,0.0,0.0,1.0,0.0,2.0,6,1,7
129484,16,7,3,10,3,3,6,5,1,1,0,36,2,2,0.0,0.0,0.0,0.0,0.0,2.0,17,5,9
64618,4,2,3,0,11,3,0,1,0,1,2,17,2,4,2.0,0.0,0.0,0.0,2.0,0.0,15,6,5
64350,16,2,3,10,8,3,0,1,1,1,2,9,2,2,0.0,0.0,0.0,0.0,0.0,2.0,9,2,5
39108,16,2,3,15,8,3,0,1,1,1,1,22,2,2,0.0,0.0,0.0,0.0,0.0,2.0,11,4,3
35254,4,2,3,0,6,3,0,1,1,1,2,18,2,2,0.0,0.0,0.0,0.0,0.0,4.0,15,6,3
93975,16,2,3,17,8,3,0,1,1,1,1,18,2,2,0.0,0.0,0.0,0.0,0.0,3.0,8,4,7
50681,16,2,3,10,2,3,0,1,1,1,2,36,2,2,0.0,0.0,0.0,0.0,0.0,2.0,17,6,4
170156,15,2,1,17,2,3,0,1,1,1,1,36,2,2,0.0,0.0,0.0,0.0,0.0,3.0,19,2,11
147810,15,2,1,0,6,3,0,1,0,1,2,36,2,3,2.0,0.0,0.0,2.0,0.0,2.0,18,3,10
86881,15,2,1,9,6,3,0,1,1,1,0,36,2,2,0.0,0.0,0.0,0.0,0.0,2.0,21,7,6
70686,16,2,3,17,2,3,0,1,1,1,0,36,2,2,0.0,0.0,0.0,0.0,0.0,3.0,8,3,5
129665,16,2,3,17,10,3,0,1,1,1,1,24,2,2,0.0,0.0,0.0,0.0,0.0,2.0,16,3,9
136006,4,7,3,0,8,3,6,1,0,1,2,18,2,2,0.0,0.0,0.0,0.0,0.0,4.0,17,6,9
171310,16,2,1,13,6,3,5,5,1,1,2,6,2,2,0.0,0.0,0.0,0.0,0.0,2.0,0,6,11
167376,16,2,3,0,8,3,0,1,0,1,2,18,2,3,1.0,0.0,0.0,1.0,0.0,2.0,14,2,11
156252,16,2,3,0,8,3,0,1,0,1,2,6,2,2,0.0,0.0,0.0,0.0,0.0,4.0,9,6,11
65210,16,2,3,2,8,3,0,1,0,1,2,24,1,3,2.0,0.0,0.0,2.0,0.0,2.0,15,1,5
99255,16,2,3,10,2,3,0,1,1,1,2,19,2,2,0.0,0.0,0.0,0.0,0.0,2.0,10,1,7
96509,16,2,3,17,2,3,0,1,0,1,2,24,2,3,1.0,0.0,0.0,1.0,0.0,3.0,13,4,7
29830,16,2,1,10,8,3,0,1,1,1,1,13,2,2,0.0,0.0,0.0,0.0,0.0,3.0,17,5,3
47398,15,3,3,0,6,3,0,1,0,1,2,17,2,3,1.0,0.0,0.0,1.0,0.0,1.0,18,3,4
76143,4,4,1,15,2,3,6,1,1,1,0,22,2,2,0.0,0.0,0.0,0.0,0.0,2.0,23,7,6
4293,16,7,1,17,6,3,6,1,0,1,2,24,2,2,0.0,0.0,0.0,0.0,0.0,2.0,21,3,1
2353,16,2,1,15,6,3,0,5,1,1,2,28,2,2,0.0,0.0,0.0,0.0,0.0,3.0,17,1,1
49056,16,3,3,15,8,3,0,1,0,1,2,23,3,2,0.0,0.0,0.0,0.0,0.0,4.0,17,2,4
9537,16,2,1,10,19,3,4,1,1,1,2,36,2,2,0.0,0.0,0.0,0.0,0.0,2.0,21,6,1
64420,4,2,3,17,15,3,0,5,0,1,2,36,2,2,0.0,0.0,0.0,0.0,0.0,6.0,14,4,5
110085,16,2,1,0,8,3,0,1,1,1,0,18,2,2,0.0,0.0,0.0,0.0,0.0,3.0,22,4,8
13093,16,2,3,10,8,4,6,1,0,1,1,17,2,4,1.0,0.0,0.0,0.0,1.0,2.0,14,4,1
146603,16,2,1,17,8,4,0,1,0,1,2,12,2,3,1.0,0.0,0.0,1.0,0.0,2.0,19,6,10
69992,16,2,3,17,8,3,0,1,0,1,2,28,2,3,3.0,0.0,0.0,3.0,0.0,2.0,19,7,5
47899,16,2,1,15,3,3,0,1,1,1,2,23,2,2,0.0,0.0,0.0,0.0,0.0,6.0,0,4,4
55634,15,7,3,7,8,3,6,1,1,1,2,12,2,2,0.0,0.0,0.0,0.0,0.0,1.0,14,3,4
69083,16,2,3,17,6,3,0,1,0,1,2,24,2,2,0.0,0.0,0.0,0.0,0.0,2.0,9,6,5
151067,4,2,3,0,8,3,0,1,1,1,2,36,2,2,0.0,0.0,0.0,0.0,0.0,3.0,16,4,10
4958,16,7,3,17,3,3,6,1,1,1,2,24,2,2,0.0,0.0,0.0,0.0,0.0,2.0,15,5,1
141950,15,2,1,0,15,3,6,1,0,1,1,18,2,3,1.0,0.0,0.0,1.0,0.0,1.0,5,6,10
168750,16,3,3,0,2,3,0,1,0,1,2,6,2,3,2.0,0.0,0.0,2.0,0.0,1.0,12,7,11
123812,16,2,3,10,8,3,0,1,1,1,2,18,2,2,0.0,0.0,0.0,0.0,0.0,2.0,17,4,9
55543,16,7,3,10,2,3,6,1,1,1,1,19,2,2,0.0,0.0,0.0,0.0,0.0,2.0,10,1,4
123059,16,2,3,0,8,3,0,5,0,1,2,6,2,3,3.0,0.0,0.0,3.0,0.0,2.0,15,1,9
86073,16,2,3,15,2,3,0,1,1,1,2,36,2,2,0.0,0.0,0.0,0.0,0.0,2.0,8,2,6
168019,16,2,1,15,6,3,0,1,1,1,2,36,2,2,0.0,0.0,0.0,0.0,0.0,2.0,17,4,11
52597,15,2,3,17,8,3,0,1,1,1,2,36,2,2,0.0,0.0,0.0,0.0,0.0,2.0,18,3,4
91528,16,2,1,0,8,3,0,1,0,1,2,6,2,2,0.0,0.0,0.0,0.0,0.0,2.0,2,2,7
185544,16,1,3,9,8,3,4,1,0,1,0,36,2,3,1.0,0.0,0.0,1.0,0.0,1.0,14,7,12
144988,16,3,3,15,6,3,0,1,1,1,1,36,2,2,0.0,0.0,0.0,0.0,0.0,2.0,16,5,10
116722,16,2,3,17,10,3,0,1,1,0,2,36,2,2,0.0,0.0,0.0,0.0,0.0,4.0,20,6,8
63404,15,2,0,0,6,3,0,1,1,1,2,36,2,2,0.0,0.0,0.0,0.0,0.0,5.0,1,1,5
41555,15,2,1,0,6,3,0,1,0,1,2,36,2,2,0.0,0.0,0.0,0.0,0.0,3.0,20,2,3
161615,4,2,1,17,6,3,0,1,1,1,2,23,3,2,0.0,0.0,0.0,0.0,0.0,4.0,1,5,11
108410,16,2,1,7,6,3,0,1,0,1,2,36,2,2,0.0,0.0,0.0,0.0,0.0,1.0,1,1,8
50716,16,2,1,0,6,3,6,1,0,1,2,17,2,2,0.0,0.0,0.0,0.0,0.0,2.0,0,6,4
40193,16,7,1,17,11,3,6,1,1,1,0,36,2,2,0.0,0.0,0.0,0.0,0.0,2.0,6,3,3
36415,16,7,3,17,6,3,6,1,0,1,2,18,2,2,0.0,0.0,0.0,0.0,0.0,2.0,17,4,3
53508,16,2,3,17,10,3,0,1,1,1,1,24,2,2,0.0,0.0,0.0,0.0,0.0,2.0,14,5,4
166099,16,7,1,9,6,3,6,1,0,1,0,18,2,3,1.0,0.0,0.0,1.0,0.0,1.0,17,3,11
17577,15,10,1,0,6,4,6,1,1,1,2,17,2,2,0.0,0.0,0.0,0.0,0.0,2.0,18,7,2
18937,15,7,0,2,3,1,6,1,0,1,2,39,1,4,1.0,0.0,0.0,0.0,1.0,0.0,22,1,2
42620,17,2,3,0,6,3,0,5,1,1,2,26,2,2,0.0,0.0,0.0,0.0,0.0,3.0,17,7,4
11336,15,2,3,17,15,3,0,1,0,1,2,19,2,2,0.0,0.0,0.0,0.0,0.0,2.0,15,2,1
35799,16,11,3,0,17,3,5,5,1,1,2,36,2,2,0.0,0.0,0.0,0.0,0.0,2.0,12,7,3
97061,16,2,3,0,8,3,0,1,1,1,2,36,2,2,0.0,0.0,0.0,0.0,0.0,2.0,18,5,7
20277,16,10,3,17,2,3,4,1,1,1,2,12,2,2,0.0,0.0,0.0,0.0,0.0,2.0,15,4,2
63931,16,2,3,10,6,3,0,1,1,1,1,8,2,2,0.0,0.0,0.0,0.0,0.0,6.0,10,2,5
158798,16,2,1,13,8,3,0,1,1,1,2,21,2,2,0.0,0.0,0.0,0.0,0.0,2.0,18,4,11
122828,15,2,3,0,8,3,0,5,0,1,2,5,2,2,0.0,0.0,0.0,0.0,0.0,3.0,14,4,9
11974,16,2,1,10,8,3,0,2,1,1,1,19,2,2,0.0,0.0,0.0,0.0,0.0,2.0,19,5,1
120930,15,2,3,17,15,3,6,1,0,1,2,18,2,3,2.0,0.0,0.0,2.0,0.0,0.0,13,6,9
84134,16,7,1,17,6,3,6,5,0,1,2,18,2,3,2.0,0.0,0.0,2.0,0.0,1.0,1,1,6
182078,16,2,1,17,2,3,0,1,1,1,2,18,2,2,0.0,0.0,0.0,0.0,0.0,2.0,19,4,12
89561,15,2,3,0,6,3,0,1,0,1,2,23,2,3,1.0,0.0,0.0,1.0,0.0,4.0,17,7,7
162205,16,7,1,17,2,3,6,1,1,1,2,18,2,2,0.0,0.0,0.0,0.0,0.0,3.0,18,6,11
162942,16,2,3,0,6,3,0,1,0,1,2,6,2,2,0.0,0.0,0.0,0.0,0.0,3.0,16,4,11
100575,4,11,3,17,0,3,5,5,1,1,1,36,2,2,0.0,0.0,0.0,0.0,0.0,5.0,19,2,7
101024,4,2,3,8,8,3,0,1,1,0,1,18,2,2,0.0,0.0,0.0,0.0,0.0,2.0,18,2,7
80485,16,2,3,9,2,3,0,1,0,1,0,36,2,1,1.0,0.0,1.0,0.0,0.0,1.0,17,1,6
146808,16,2,3,17,15,3,0,1,1,1,2,36,2,2,0.0,0.0,0.0,0.0,0.0,2.0,14,4,10
25521,16,2,3,17,8,3,0,5,0,1,2,24,2,2,0.0,0.0,0.0,0.0,0.0,3.0,15,4,2
41082,16,2,4,17,8,3,0,1,1,1,2,36,2,2,0.0,0.0,0.0,0.0,0.0,2.0,17,6,3
61568,16,3,3,0,8,3,6,1,0,1,2,6,2,4,1.0,0.0,0.0,0.0,1.0,3.0,8,5,5
181815,16,2,3,15,6,3,5,5,1,1,2,36,2,2,0.0,0.0,0.0,0.0,0.0,3.0,19,3,12
175957,16,3,3,10,3,3,0,5,1,1,2,30,2,2,0.0,0.0,0.0,0.0,0.0,2.0,8,3,12
45614,16,2,2,17,2,3,0,1,1,1,2,36,2,2,0.0,0.0,0.0,0.0,0.0,4.0,14,6,4
4590,16,7,1,9,2,3,6,1,0,1,0,18,2,3,1.0,0.0,0.0,1.0,0.0,3.0,20,6,1
121138,4,2,3,10,8,3,0,1,1,1,2,19,3,2,0.0,0.0,0.0,0.0,0.0,4.0,13,7,9
52700,16,2,1,17,6,3,0,1,1,1,1,24,2,2,0.0,0.0,0.0,0.0,0.0,2.0,4,6,4
4840,16,10,4,17,6,3,4,1,1,1,2,11,2,2,0.0,0.0,0.0,0.0,0.0,2.0,15,6,1
89393,16,2,5,9,8,3,5,5,0,1,2,6,2,1,1.0,0.0,1.0,0.0,0.0,1.0,23,3,7
5411,16,2,1,10,6,3,0,1,1,0,2,36,2,2,0.0,0.0,0.0,0.0,0.0,2.0,23,7,1
102297,16,2,1,17,6,3,5,5,0,1,2,6,2,3,1.0,0.0,0.0,1.0,0.0,1.0,4,1,7
73199,15,11,1,8,8,3,5,5,1,0,0,36,2,2,0.0,0.0,0.0,0.0,0.0,2.0,21,6,6
163360,4,2,3,17,2,3,0,1,1,1,2,36,2,2,0.0,0.0,0.0,0.0,0.0,2.0,13,2,11
62032,4,2,1,8,15,3,0,5,0,1,2,18,2,3,1.0,0.0,0.0,1.0,0.0,4.0,20,1,5
153466,16,2,1,15,2,3,0,1,0,1,2,23,2,4,1.0,0.0,0.0,0.0,1.0,6.0,1,1,10
167696,4,2,3,10,8,3,0,1,1,0,0,36,2,2,0.0,0.0,0.0,0.0,0.0,2.0,12,4,11
100814,16,2,3,10,8,3,0,1,1,1,0,19,2,2,0.0,0.0,0.0,0.0,0.0,2.0,17,5,7
28715,16,2,3,10,1,3,0,1,1,1,2,21,2,2,0.0,0.0,0.0,0.0,0.0,2.0,8,5,3
68068,4,2,3,17,3,3,0,1,1,1,2,18,2,2,0.0,0.0,0.0,0.0,0.0,2.0,9,6,5
182730,4,2,3,0,8,3,0,1,1,1,2,36,3,2,0.0,0.0,0.0,0.0,0.0,5.0,14,7,12
62825,16,7,3,0,2,3,6,2,0,1,2,36,2,4,1.0,0.0,0.0,0.0,1.0,1.0,12,5,5
147521,16,2,3,10,3,2,0,1,0,1,2,26,3,4,1.0,0.0,0.0,0.0,1.0,3.0,12,4,10
131668,16,2,3,0,15,3,0,1,0,1,2,18,2,2,0.0,0.0,0.0,0.0,0.0,2.0,12,3,9
106939,16,2,1,2,1,4,5,5,0,1,2,30,1,2,0.0,0.0,0.0,0.0,0.0,1.0,3,6,8
26923,4,10,3,0,6,3,4,1,1,1,2,18,2,2,0.0,0.0,0.0,0.0,0.0,2.0,11,4,2
112190,4,2,1,9,10,3,0,1,0,0,2,36,3,1,2.0,0.0,2.0,0.0,0.0,1.0,0,1,8
121200,4,7,1,7,8,3,6,1,0,1,2,30,3,2,0.0,0.0,0.0,0.0,0.0,1.0,3,1,9
114469,16,2,3,17,2,3,0,1,1,1,1,22,2,2,0.0,0.0,0.0,0.0,0.0,2.0,9,1,8
82532,4,2,3,17,15,3,0,5,0,1,2,14,2,3,1.0,0.0,0.0,1.0,0.0,3.0,9,3,6
34900,15,2,3,0,2,3,0,1,0,1,2,5,4,2,0.0,0.0,0.0,0.0,0.0,2.0,8,5,3
25549,15,2,3,9,15,3,0,1,0,1,0,36,2,3,1.0,0.0,0.0,1.0,0.0,1.0,8,4,2
69095,15,2,3,7,16,3,0,1,1,1,2,12,2,2,0.0,0.0,0.0,0.0,0.0,2.0,11,6,5
68207,16,2,3,0,8,3,0,5,1,1,2,39,2,2,0.0,0.0,0.0,0.0,0.0,2.0,6,6,5
80407,16,2,3,17,8,3,0,2,1,1,1,36,2,2,0.0,0.0,0.0,0.0,0.0,2.0,15,6,6
86545,16,2,3,4,15,3,0,2,0,1,2,33,1,2,0.0,0.0,0.0,0.0,0.0,1.0,14,3,6
39133,15,2,3,17,8,3,0,1,1,1,2,24,2,2,0.0,0.0,0.0,0.0,0.0,2.0,5,5,3
45050,16,2,3,17,8,3,0,1,1,1,2,18,2,2,0.0,0.0,0.0,0.0,0.0,3.0,17,1,4
139721,16,2,3,17,6,3,0,1,1,1,2,24,2,2,0.0,0.0,0.0,0.0,0.0,2.0,15,4,10
183302,4,2,3,14,8,3,0,1,1,1,2,36,2,2,0.0,0.0,0.0,0.0,0.0,2.0,16,1,12
30038,4,2,3,17,8,3,0,1,1,1,2,19,2,2,0.0,0.0,0.0,0.0,0.0,2.0,10,2,3
27265,16,2,3,17,2,3,0,1,1,1,2,19,2,2,0.0,0.0,0.0,0.0,0.0,2.0,10,3,2
155564,15,10,2,15,6,3,6,1,1,1,1,23,2,2,0.0,0.0,0.0,0.0,0.0,2.0,6,3,10
76394,16,2,3,0,6,3,0,1,0,1,2,17,2,1,5.0,0.0,1.0,4.0,0.0,0.0,14,6,6
182724,16,2,1,0,15,3,0,1,1,1,2,17,2,2,0.0,0.0,0.0,0.0,0.0,2.0,0,5,12
141401,16,7,3,17,8,3,6,1,0,1,1,36,2,4,2.0,0.0,0.0,0.0,2.0,2.0,11,5,10
29738,16,2,3,0,6,3,0,1,0,1,2,36,2,2,0.0,0.0,0.0,0.0,0.0,2.0,15,4,3
54236,4,2,3,0,8,3,0,1,1,1,1,36,2,2,0.0,0.0,0.0,0.0,0.0,2.0,13,3,4
139713,15,2,3,17,6,3,0,1,1,1,0,36,2,2,0.0,0.0,0.0,0.0,0.0,2.0,14,4,10