crash_date,               traffic_control_device,weather_condition,lighting_condition,first_crash_type,trafficway_type,alignment,roadway_surface_cond,road_defect,crash_type,intersection_related_i,damage,prim_contributory_cause,num_units,most_severe_injury,injuries_total,injuries_fatal,injuries_incapacitating,injuries_non_incapacitating,injuries_reported_not_evident,injuries_no_indication,crash_hour,crash_day_of_week,crash_month
25273,4,6,1,10,3,4,6,1,1,1,2,17,2,2,0.0,0.0,0.0,0.0,0.0,3.0,1,6,2
151725,16,2,2,10,8,3,0,1,1,1,1,6,2,2,0.0,0.0,0.0,0.0,0.0,2.0,19,6,10
22808,15,10,3,17,6,3,6,1,0,1,2,18,2,4,1.0,0.0,0.0,0.0,1.0,1.0,15,5,2
46538,16,2,1,0,6,3,0,1,0,1,2,6,2,3,1.0,0.0,0.0,1.0,0.0,2.0,2,1,4
119500,4,2,3,8,3,3,0,1,0,1,1,28,2,3,1.0,0.0,0.0,1.0,0.0,1.0,18,5,8
127358,15,2,3,17,3,3,0,1,1,1,2,24,2,2,0.0,0.0,0.0,0.0,0.0,2.0,16,6,9
27521,16,2,1,17,6,3,0,1,0,1,1,18,2,2,0.0,0.0,0.0,0.0,0.0,2.0,17,2,2
37779,15,2,3,0,6,3,0,1,0,1,2,5,3,2,0.0,0.0,0.0,0.0,0.0,3.0,14,1,3
76577,15,2,3,2,8,3,0,1,0,1,2,24,1,2,0.0,0.0,0.0,0.0,0.0,1.0,16,7,6
175012,15,2,1,0,2,3,0,1,0,1,2,36,2,2,0.0,0.0,0.0,0.0,0.0,3.0,17,5,12
68971,4,2,3,10,2,3,0,1,1,1,2,36,2,2,0.0,0.0,0.0,0.0,0.0,2.0,17,5,5
10123,16,2,3,17,8,3,5,5,1,1,0,12,2,2,0.0,0.0,0.0,0.0,0.0,2.0,14,2,1
43759,17,2,3,17,8,3,5,5,1,1,2,36,2,2,0.0,0.0,0.0,0.0,0.0,2.0,18,5,4
136011,4,2,3,10,10,3,6,1,1,0,1,26,2,2,0.0,0.0,0.0,0.0,0.0,2.0,18,6,9
32096,16,2,1,0,6,3,0,1,0,1,2,6,2,3,5.0,0.0,0.0,5.0,0.0,0.0,1,2,3
3895,15,2,3,10,2,3,0,1,1,1,0,19,2,2,0.0,0.0,0.0,0.0,0.0,2.0,6,2,1
1824,4,7,3,0,2,3,6,1,0,1,2,39,2,2,0.0,0.0,0.0,0.0,0.0,2.0,11,4,1
26344,15,10,1,0,6,3,4,1,0,1,2,18,2,2,0.0,0.0,0.0,0.0,0.0,2.0,17,3,2
130602,4,2,3,17,8,3,0,1,1,0,2,18,2,2,0.0,0.0,0.0,0.0,0.0,2.0,18,4,9
31070,16,2,3,17,1,3,0,1,1,1,2,36,2,2,0.0,0.0,0.0,0.0,0.0,2.0,12,4,3
105606,16,2,3,8,2,3,0,1,0,1,0,18,2,1,1.0,0.0,1.0,0.0,0.0,1.0,13,6,8
177841,16,2,1,15,8,3,0,1,1,1,2,36,2,2,0.0,0.0,0.0,0.0,0.0,2.0,22,3,12
127444,16,2,3,0,6,3,0,1,1,1,2,18,2,2,0.0,0.0,0.0,0.0,0.0,2.0,16,1,9
47289,16,2,3,10,10,3,0,1,0,0,1,17,2,3,5.0,0.0,0.0,5.0,0.0,0.0,17,1,4
28119,16,2,3,17,8,3,0,1,1,1,2,23,2,2,0.0,0.0,0.0,0.0,0.0,2.0,16,7,2
107305,4,2,3,10,2,3,0,1,1,1,1,36,2,2,0.0,0.0,0.0,0.0,0.0,3.0,11,3,8
4394,16,2,1,17,2,3,6,5,1,1,0,23,2,2,0.0,0.0,0.0,0.0,0.0,2.0,18,3,1
17183,16,2,1,0,6,3,0,1,0,1,2,6,2,3,1.0,0.0,0.0,1.0,0.0,1.0,5,7,2
108231,16,2,3,17,8,3,0,1,1,1,1,36,2,2,0.0,0.0,0.0,0.0,0.0,2.0,15,4,8
120386,15,2,1,17,6,3,0,5,1,1,2,36,2,2,0.0,0.0,0.0,0.0,0.0,4.0,20,5,8
146412,15,2,3,0,2,3,0,1,0,1,2,18,2,2,0.0,0.0,0.0,0.0,0.0,2.0,17,2,10
17845,16,2,3,17,8,3,0,1,1,1,1,18,2,2,0.0,0.0,0.0,0.0,0.0,2.0,13,4,2
71461,16,2,3,9,2,3,0,1,0,1,2,28,2,3,1.0,0.0,0.0,1.0,0.0,4.0,12,1,5
156189,16,2,3,10,8,3,0,5,1,1,2,36,2,2,0.0,0.0,0.0,0.0,0.0,2.0,9,4,11
174390,15,2,3,0,2,3,0,1,1,1,2,5,2,2,0.0,0.0,0.0,0.0,0.0,2.0,12,3,12
166377,16,2,1,10,3,3,0,1,0,1,2,6,3,3,3.0,0.0,0.0,2.0,1.0,5.0,20,1,11
184734,15,2,3,0,2,3,0,5,1,1,1,18,2,2,0.0,0.0,0.0,0.0,0.0,2.0,12,6,12
39128,16,7,1,0,15,3,6,5,0,1,2,36,2,1,1.0,0.0,1.0,0.0,0.0,1.0,5,5,3
179303,17,2,3,17,18,3,0,5,0,1,2,36,2,2,0.0,0.0,0.0,0.0,0.0,2.0,14,4,12
62681,16,7,1,10,1,3,6,1,0,0,0,16,2,4,1.0,0.0,0.0,0.0,1.0,1.0,21,2,5
113712,15,2,3,17,6,3,0,1,0,1,2,18,2,4,1.0,0.0,0.0,0.0,1.0,2.0,14,4,8
156519,16,2,0,0,15,3,0,1,0,1,2,6,2,3,1.0,0.0,0.0,1.0,0.0,2.0,6,7,11
11165,15,5,3,0,8,3,6,1,0,1,1,12,2,2,0.0,0.0,0.0,0.0,0.0,5.0,15,5,1
76109,16,3,3,17,1,3,5,5,1,1,2,24,2,2,0.0,0.0,0.0,0.0,0.0,3.0,18,7,6
128632,15,2,3,0,6,3,0,1,0,1,2,12,2,2,0.0,0.0,0.0,0.0,0.0,4.0,17,4,9
145940,16,2,3,17,15,3,5,5,0,1,2,24,3,3,1.0,0.0,0.0,1.0,0.0,2.0,6,3,10
60335,4,2,2,7,8,3,0,1,1,1,2,36,2,2,0.0,0.0,0.0,0.0,0.0,2.0,4,2,5
154768,15,11,5,7,10,3,5,1,1,1,2,36,2,2,0.0,0.0,0.0,0.0,0.0,1.0,1,7,10
155529,16,3,3,17,3,3,0,1,1,1,2,36,2,2,0.0,0.0,0.0,0.0,0.0,2.0,12,2,10
93405,17,11,3,17,6,3,5,5,0,1,2,36,2,2,0.0,0.0,0.0,0.0,0.0,2.0,18,5,7
131129,16,7,3,17,8,3,6,1,0,1,2,18,2,4,1.0,0.0,0.0,0.0,1.0,3.0,12,3,9
181598,15,2,3,17,8,3,0,1,1,1,1,18,2,2,0.0,0.0,0.0,0.0,0.0,2.0,16,6,12
169421,16,2,3,10,8,3,0,1,1,1,2,19,2,2,0.0,0.0,0.0,0.0,0.0,2.0,17,5,11
189029,16,7,3,9,3,3,6,1,0,1,2,18,2,1,1.0,0.0,1.0,0.0,0.0,1.0,15,3,12
160809,16,2,3,17,8,3,0,1,1,1,2,26,2,2,0.0,0.0,0.0,0.0,0.0,3.0,11,3,11
185882,15,7,3,0,9,3,6,5,0,1,2,12,2,3,1.0,0.0,0.0,1.0,0.0,1.0,7,7,12
113922,15,2,3,13,6,3,0,1,1,1,2,36,2,2,0.0,0.0,0.0,0.0,0.0,2.0,17,7,8
162027,15,2,3,17,6,3,4,1,1,1,1,24,2,2,0.0,0.0,0.0,0.0,0.0,2.0,6,3,11
127453,16,2,1,17,6,3,6,1,0,1,2,6,2,2,0.0,0.0,0.0,0.0,0.0,2.0,5,1,9
129549,4,2,3,17,8,3,0,1,0,1,2,18,2,2,0.0,0.0,0.0,0.0,0.0,2.0,7,1,9
10031,16,2,1,10,2,3,0,1,1,1,1,36,2,2,0.0,0.0,0.0,0.0,0.0,2.0,21,5,1
162375,15,2,3,0,18,3,0,1,0,1,2,5,2,2,0.0,0.0,0.0,0.0,0.0,4.0,16,3,11
179880,4,7,1,9,8,3,6,5,0,1,0,36,2,1,1.0,0.0,1.0,0.0,0.0,1.0,18,4,12
182718,16,2,3,15,6,3,0,1,1,1,2,36,2,2,0.0,0.0,0.0,0.0,0.0,2.0,11,5,12
104496,16,2,3,17,6,3,0,1,1,1,2,36,2,2,0.0,0.0,0.0,0.0,0.0,4.0,10,5,8
63651,16,2,3,17,11,3,0,1,0,1,2,15,3,1,5.0,0.0,3.0,0.0,2.0,3.0,18,4,5
71173,16,2,3,0,8,3,0,1,1,1,2,36,3,2,0.0,0.0,0.0,0.0,0.0,3.0,9,3,5
56159,16,2,3,10,10,3,6,1,1,1,2,19,2,2,0.0,0.0,0.0,0.0,0.0,3.0,8,4,5
134721,15,2,3,0,6,3,0,5,0,1,2,18,2,4,1.0,0.0,0.0,0.0,1.0,1.0,17,4,9
71114,15,2,3,0,6,3,0,1,1,1,2,36,2,2,0.0,0.0,0.0,0.0,0.0,5.0,18,5,5
76751,15,2,3,17,8,3,0,5,0,1,2,36,2,2,0.0,0.0,0.0,0.0,0.0,2.0,12,2,6
101709,16,2,3,3,8,3,0,1,1,1,2,36,2,2,0.0,0.0,0.0,0.0,0.0,2.0,18,5,7
40140,16,7,1,14,6,3,6,1,0,1,2,3,6,4,1.0,0.0,0.0,0.0,1.0,6.0,0,3,3
135923,15,2,3,8,8,3,0,1,1,1,1,36,2,2,0.0,0.0,0.0,0.0,0.0,2.0,17,5,9
49259,15,2,1,0,6,3,0,5,0,1,2,36,2,2,0.0,0.0,0.0,0.0,0.0,2.0,20,7,4
62225,16,2,3,17,8,3,0,1,1,1,2,18,2,2,0.0,0.0,0.0,0.0,0.0,2.0,8,2,5
56606,16,7,3,17,15,3,6,1,1,1,2,6,2,2,0.0,0.0,0.0,0.0,0.0,2.0,18,5,5
24410,16,2,3,17,6,3,0,1,1,1,2,24,2,2,0.0,0.0,0.0,0.0,0.0,2.0,10,3,2
9729,16,2,4,17,8,3,0,1,0,1,2,17,2,1,1.0,0.0,1.0,0.0,0.0,2.0,14,2,1
156799,17,11,5,15,19,3,5,5,1,1,2,36,2,2,0.0,0.0,0.0,0.0,0.0,2.0,9,5,11
3549,16,2,4,15,8,3,0,1,1,1,2,19,2,2,0.0,0.0,0.0,0.0,0.0,3.0,15,4,1
152360,4,7,3,17,10,3,6,1,0,1,2,24,2,4,1.0,0.0,0.0,0.0,1.0,3.0,14,7,10
117337,16,2,1,0,6,3,0,1,0,1,2,6,2,3,3.0,0.0,0.0,3.0,0.0,0.0,3,2,8
99068,15,2,3,0,11,3,0,1,1,1,2,22,2,2,0.0,0.0,0.0,0.0,0.0,2.0,10,6,7
177239,16,2,1,17,2,3,0,1,1,1,2,24,2,2,0.0,0.0,0.0,0.0,0.0,2.0,17,2,12
18455,16,2,1,17,11,3,0,1,0,1,2,36,2,2,0.0,0.0,0.0,0.0,0.0,2.0,3,7,2
36582,16,2,3,15,8,3,0,1,1,1,2,22,2,2,0.0,0.0,0.0,0.0,0.0,3.0,13,7,3
178506,16,3,3,0,8,3,0,1,1,1,2,36,2,2,0.0,0.0,0.0,0.0,0.0,2.0,10,5,12
53061,16,2,3,15,8,3,0,1,1,1,0,26,2,2,0.0,0.0,0.0,0.0,0.0,2.0,9,4,4
25959,16,2,3,10,3,3,4,1,1,1,1,38,2,2,0.0,0.0,0.0,0.0,0.0,2.0,11,4,2
95671,15,2,3,15,8,3,0,1,1,1,2,18,2,2,0.0,0.0,0.0,0.0,0.0,2.0,21,3,7
54215,15,7,1,0,8,3,6,1,0,0,2,36,2,2,0.0,0.0,0.0,0.0,0.0,2.0,21,2,4
34269,15,2,3,0,8,3,0,1,1,1,2,36,2,2,0.0,0.0,0.0,0.0,0.0,2.0,7,4,3
13604,16,2,1,9,8,3,6,1,0,1,1,18,2,3,1.0,0.0,0.0,1.0,0.0,1.0,18,6,1
91275,4,2,3,8,0,3,0,1,0,1,0,26,2,3,1.0,0.0,0.0,1.0,0.0,1.0,13,6,7
184606,4,7,1,0,2,3,6,1,1,1,2,36,2,2,0.0,0.0,0.0,0.0,0.0,3.0,19,6,12
154290,16,2,3,17,6,3,0,1,0,1,2,36,2,3,1.0,0.0,0.0,1.0,0.0,4.0,9,7,10
187900,16,2,3,3,15,3,6,1,0,1,2,11,2,2,0.0,0.0,0.0,0.0,0.0,2.0,8,5,12
170336,16,3,3,15,6,3,6,5,1,1,2,22,2,2,0.0,0.0,0.0,0.0,0.0,3.0,11,4,11
51153,16,2,3,0,6,4,0,1,1,1,2,6,2,2,0.0,0.0,0.0,0.0,0.0,2.0,13,7,4
84797,15,2,3,10,8,3,0,1,1,1,2,19,2,2,0.0,0.0,0.0,0.0,0.0,2.0,18,3,6
39517,16,2,3,10,6,3,0,1,1,1,2,36,2,2,0.0,0.0,0.0,0.0,0.0,2.0,7,5,3
6143,4,2,0,17,3,3,0,1,0,1,1,24,2,2,0.0,0.0,0.0,0.0,0.0,2.0,16,2,1
155598,16,10,0,17,6,3,4,5,0,1,2,18,2,2,0.0,0.0,0.0,0.0,0.0,2.0,23,3,10
91921,4,2,3,17,2,3,0,1,1,1,1,28,2,2,0.0,0.0,0.0,0.0,0.0,3.0,14,1,7
81346,16,2,3,10,2,3,0,1,1,1,0,17,2,2,0.0,0.0,0.0,0.0,0.0,2.0,15,1,6
144564,15,2,1,0,6,3,0,1,0,1,2,36,2,2,0.0,0.0,0.0,0.0,0.0,2.0,22,7,10
136381,16,7,3,0,6,3,6,1,0,1,2,6,2,2,0.0,0.0,0.0,0.0,0.0,2.0,6,5,9
74500,16,2,3,17,8,3,0,1,1,1,1,36,2,2,0.0,0.0,0.0,0.0,0.0,2.0,19,4,6
110981,16,2,1,0,8,3,0,1,0,1,2,15,3,1,1.0,0.0,1.0,0.0,0.0,4.0,22,3,8
91924,16,2,1,17,2,3,0,1,1,1,1,18,2,2,0.0,0.0,0.0,0.0,0.0,2.0,2,1,7
9554,15,10,1,17,6,3,4,5,1,1,2,24,2,2,0.0,0.0,0.0,0.0,0.0,3.0,23,6,1
60886,16,2,1,17,3,3,0,1,1,1,1,18,2,2,0.0,0.0,0.0,0.0,0.0,3.0,21,3,5
12721,16,10,3,3,6,3,4,1,0,1,2,36,2,3,1.0,0.0,0.0,1.0,0.0,2.0,11,4,1
67435,17,2,3,0,6,3,5,5,1,1,2,18,2,2,0.0,0.0,0.0,0.0,0.0,4.0,9,2,5
103736,4,2,3,17,2,3,0,1,0,1,2,38,2,2,0.0,0.0,0.0,0.0,0.0,2.0,11,7,7
60675,16,2,3,15,8,3,0,1,1,1,1,36,2,2,0.0,0.0,0.0,0.0,0.0,2.0,18,6,5
46245,16,11,5,15,17,3,5,5,1,1,2,36,2,2,0.0,0.0,0.0,0.0,0.0,2.0,6,3,4
58778,16,7,3,0,6,3,6,1,0,1,2,6,2,4,1.0,0.0,0.0,0.0,1.0,1.0,16,6,5
120770,16,2,3,17,2,3,0,1,1,1,2,18,2,2,0.0,0.0,0.0,0.0,0.0,2.0,13,4,9
163425,16,2,3,10,8,3,0,1,1,1,2,12,2,2,0.0,0.0,0.0,0.0,0.0,3.0,14,3,11
94963,16,11,5,14,6,3,5,5,1,1,2,36,2,2,0.0,0.0,0.0,0.0,0.0,2.0,3,1,7
74786,15,7,1,17,6,3,6,1,0,1,2,18,3,3,3.0,0.0,0.0,3.0,0.0,2.0,20,2,6
24261,15,2,3,0,6,3,0,1,0,1,2,18,2,2,0.0,0.0,0.0,0.0,0.0,3.0,13,1,2
63767,16,2,3,8,8,3,0,1,0,1,1,18,2,3,1.0,0.0,0.0,1.0,0.0,1.0,10,5,5
41072,16,2,3,15,8,3,0,1,1,1,2,36,2,2,0.0,0.0,0.0,0.0,0.0,2.0,15,6,3
15517,16,2,1,15,6,3,0,1,1,1,1,18,2,2,0.0,0.0,0.0,0.0,0.0,2.0,18,5,2
51296,16,2,3,14,8,3,0,1,0,1,2,21,2,2,0.0,0.0,0.0,0.0,0.0,2.0,11,7,4
102805,15,2,3,17,15,3,0,1,0,1,2,18,2,2,0.0,0.0,0.0,0.0,0.0,2.0,12,7,7
86395,16,2,1,17,6,3,0,1,1,1,2,36,2,2,0.0,0.0,0.0,0.0,0.0,2.0,21,6,6
33231,4,2,3,13,6,3,0,1,1,1,2,21,2,2,0.0,0.0,0.0,0.0,0.0,2.0,14,7,3
49479,16,2,4,9,10,3,0,1,0,1,0,36,2,3,1.0,0.0,0.0,1.0,0.0,1.0,20,3,4
163396,16,2,0,8,5,3,5,5,0,1,0,6,2,3,1.0,0.0,0.0,1.0,0.0,1.0,19,2,11
132580,16,2,1,0,3,3,0,1,1,1,2,24,2,2,0.0,0.0,0.0,0.0,0.0,3.0,22,7,9
121912,16,11,5,17,8,3,5,5,1,1,2,24,2,2,0.0,0.0,0.0,0.0,0.0,4.0,14,6,9
24962,16,2,3,3,6,3,0,1,0,1,2,36,2,3,2.0,0.0,0.0,2.0,0.0,0.0,13,7,2
163338,16,2,1,15,3,3,0,1,1,1,0,36,2,2,0.0,0.0,0.0,0.0,0.0,3.0,22,1,11
154637,15,10,1,15,10,3,6,1,1,1,2,36,2,2,0.0,0.0,0.0,0.0,0.0,2.0,6,4,10
92399,16,7,5,10,8,3,6,5,1,1,0,36,2,2,0.0,0.0,0.0,0.0,0.0,3.0,22,3,7
19959,16,2,3,17,2,3,6,1,0,1,2,18,2,2,0.0,0.0,0.0,0.0,0.0,2.0,7,6,2
27760,16,2,0,10,8,3,0,1,1,1,1,17,2,2,0.0,0.0,0.0,0.0,0.0,2.0,19,5,2
13404,16,2,3,17,8,3,0,1,0,1,2,18,2,1,1.0,0.0,1.0,0.0,0.0,2.0,11,1,1
125274,16,2,3,0,6,3,0,1,0,1,2,6,2,3,1.0,0.0,0.0,1.0,0.0,2.0,17,6,9
1113,16,2,1,10,3,3,0,1,0,1,2,17,2,2,0.0,0.0,0.0,0.0,0.0,3.0,18,5,1
153700,15,2,3,9,8,3,0,1,0,1,1,5,2,3,1.0,0.0,0.0,1.0,0.0,1.0,16,6,10
3813,16,2,3,3,6,3,0,1,0,1,2,36,2,3,3.0,0.0,0.0,1.0,2.0,1.0,14,4,1
154701,16,2,3,10,2,3,0,1,1,1,2,17,2,2,0.0,0.0,0.0,0.0,0.0,2.0,15,6,10
156346,16,7,4,17,2,3,6,1,0,1,2,18,2,2,0.0,0.0,0.0,0.0,0.0,2.0,17,5,11
32907,4,2,3,17,8,3,0,1,1,0,1,36,2,2,0.0,0.0,0.0,0.0,0.0,2.0,13,7,3
78113,15,2,3,0,6,3,0,1,0,1,2,36,2,3,6.0,0.0,0.0,6.0,0.0,4.0,17,4,6
15660,4,2,3,0,8,3,0,1,0,1,2,18,2,4,1.0,0.0,0.0,0.0,1.0,1.0,11,6,2
40531,16,2,3,0,6,3,0,5,0,1,2,38,2,4,1.0,0.0,0.0,0.0,1.0,3.0,15,4,3
1133,4,2,3,17,10,3,0,1,0,1,1,18,3,2,0.0,0.0,0.0,0.0,0.0,2.0,9,5,1
135570,4,2,3,9,8,3,0,1,0,1,1,26,2,1,1.0,0.0,1.0,0.0,0.0,1.0,17,1,9
152167,15,7,3,17,8,3,6,1,0,1,1,17,2,2,0.0,0.0,0.0,0.0,0.0,2.0,15,4,10
8474,4,2,3,17,6,3,0,1,0,1,2,36,2,3,1.0,0.0,0.0,1.0,0.0,2.0,12,3,1
172528,17,2,0,17,17,3,0,1,1,0,2,36,2,2,0.0,0.0,0.0,0.0,0.0,5.0,18,5,12
66115,15,7,3,10,2,3,6,5,1,1,1,36,2,2,0.0,0.0,0.0,0.0,0.0,2.0,17,2,5
175784,4,3,3,17,6,3,0,1,0,1,1,24,2,3,1.0,0.0,0.0,1.0,0.0,1.0,17,4,12
147086,15,2,3,9,8,3,0,1,0,1,0,36,2,3,1.0,0.0,0.0,1.0,0.0,1.0,8,5,10
141223,15,2,3,0,11,3,0,1,0,1,2,38,2,1,1.0,0.0,1.0,0.0,0.0,1.0,17,2,10
180084,16,2,3,0,6,3,0,1,1,1,2,36,2,2,0.0,0.0,0.0,0.0,0.0,2.0,12,7,12
62259,16,2,3,3,2,3,0,1,0,0,2,24,2,2,0.0,0.0,0.0,0.0,0.0,8.0,16,4,5
11455,16,2,3,10,8,3,0,1,0,1,2,8,3,4,2.0,0.0,0.0,0.0,2.0,1.0,7,3,1
135719,16,2,3,17,6,3,0,1,1,1,1,6,2,2,0.0,0.0,0.0,0.0,0.0,2.0,10,3,9
124940,15,2,3,17,8,3,0,1,1,1,2,36,2,2,0.0,0.0,0.0,0.0,0.0,3.0,7,6,9
94404,16,2,3,17,6,3,0,1,0,1,2,17,2,2,0.0,0.0,0.0,0.0,0.0,2.0,17,5,7
75959,16,2,1,7,11,3,0,1,0,0,2,11,5,2,0.0,0.0,0.0,0.0,0.0,2.0,2,7,6
2239,15,2,3,5,8,3,0,1,0,1,2,18,3,2,0.0,0.0,0.0,0.0,0.0,2.0,11,4,1
129946,16,2,3,10,8,3,0,1,1,1,0,19,2,2,0.0,0.0,0.0,0.0,0.0,2.0,12,7,9
45297,16,7,3,0,6,3,6,1,0,1,2,6,2,2,0.0,0.0,0.0,0.0,0.0,2.0,14,1,4
15955,16,2,3,17,6,3,0,1,1,1,2,36,2,2,0.0,0.0,0.0,0.0,0.0,3.0,11,6,2
54755,16,2,3,17,3,3,0,1,1,1,2,24,2,2,0.0,0.0,0.0,0.0,0.0,2.0,11,3,4
49305,15,2,1,0,15,3,0,5,0,1,2,6,2,3,2.0,0.0,0.0,2.0,0.0,3.0,4,1,4
162626,16,2,4,3,2,3,1,1,1,1,2,17,2,2,0.0,0.0,0.0,0.0,0.0,2.0,16,4,11
149657,16,2,3,10,6,3,0,5,0,1,2,28,3,3,1.0,0.0,0.0,1.0,0.0,2.0,16,2,10
108661,16,2,3,10,6,3,0,1,1,1,2,26,2,2,0.0,0.0,0.0,0.0,0.0,2.0,16,6,8
148368,16,2,3,10,6,3,0,1,0,1,2,19,3,2,0.0,0.0,0.0,0.0,0.0,5.0,11,3,10
184311,16,3,3,0,8,3,0,1,1,1,2,6,2,2,0.0,0.0,0.0,0.0,0.0,2.0,10,7,12
10498,16,2,1,0,6,3,0,1,1,1,2,36,2,2,0.0,0.0,0.0,0.0,0.0,2.0,21,1,1
35290,4,2,1,17,15,3,0,5,1,1,2,18,2,2,0.0,0.0,0.0,0.0,0.0,5.0,20,6,3
10808,16,2,3,0,6,4,0,5,0,1,2,18,2,1,2.0,0.0,1.0,1.0,0.0,0.0,12,6,1
97741,15,7,1,0,8,3,6,1,0,1,2,18,2,2,0.0,0.0,0.0,0.0,0.0,5.0,21,6,7
3659,15,5,3,17,15,3,1,1,0,1,2,39,2,3,1.0,0.0,0.0,1.0,0.0,2.0,15,7,1
166534,16,2,3,10,2,3,0,1,1,1,2,19,2,2,0.0,0.0,0.0,0.0,0.0,2.0,12,2,11
41352,4,11,1,7,8,3,5,5,1,0,1,36,2,2,0.0,0.0,0.0,0.0,0.0,1.0,23,6,3
23814,16,2,3,9,2,3,0,1,0,1,0,18,2,3,1.0,0.0,0.0,1.0,0.0,1.0,15,7,2
135292,16,2,3,17,6,3,0,1,1,1,2,18,2,2,0.0,0.0,0.0,0.0,0.0,3.0,7,5,9
96859,4,2,3,17,8,3,0,1,1,1,2,36,2,2,0.0,0.0,0.0,0.0,0.0,2.0,7,1,7
4808,16,2,3,17,6,3,6,1,1,1,2,23,2,2,0.0,0.0,0.0,0.0,0.0,2.0,9,4,1
147557,15,2,3,17,11,3,0,1,0,1,2,5,2,2,0.0,0.0,0.0,0.0,0.0,2.0,6,5,10
17453,16,7,1,17,2,3,6,1,1,1,2,15,2,2,0.0,0.0,0.0,0.0,0.0,2.0,20,4,2
120944,16,2,3,15,8,3,0,5,1,1,2,12,2,2,0.0,0.0,0.0,0.0,0.0,2.0,15,6,9
168152,16,7,3,17,10,3,6,5,1,1,2,36,2,2,0.0,0.0,0.0,0.0,0.0,2.0,8,4,11
89552,16,2,0,2,2,3,0,1,1,1,2,36,1,2,0.0,0.0,0.0,0.0,0.0,1.0,3,7,7
71609,16,2,3,14,8,3,0,5,0,1,2,6,3,2,0.0,0.0,0.0,0.0,0.0,6.0,15,4,5
28788,16,2,3,17,8,3,0,1,1,1,2,24,2,2,0.0,0.0,0.0,0.0,0.0,2.0,11,6,3
56283,16,2,1,15,6,3,0,1,1,1,1,18,2,2,0.0,0.0,0.0,0.0,0.0,4.0,21,7,5
74749,16,2,3,17,8,3,0,1,1,1,1,36,2,2,0.0,0.0,0.0,0.0,0.0,2.0,13,2,6
17824,15,7,3,10,8,3,6,5,1,1,2,36,2,2,0.0,0.0,0.0,0.0,0.0,3.0,7,3,2
154697,15,11,5,0,17,3,5,5,1,1,2,36,2,2,0.0,0.0,0.0,0.0,0.0,2.0,14,6,10
183094,4,2,1,3,2,3,0,1,0,1,2,36,2,2,0.0,0.0,0.0,0.0,0.0,2.0,18,4,12
165964,16,2,3,17,3,3,0,1,0,1,2,18,3,2,0.0,0.0,0.0,0.0,0.0,5.0,16,1,11
147251,15,2,1,0,6,3,0,1,1,1,2,26,2,2,0.0,0.0,0.0,0.0,0.0,5.0,18,2,10
169505,16,2,3,17,2,3,0,1,0,1,2,36,2,4,1.0,0.0,0.0,0.0,1.0,2.0,14,7,11
78928,17,7,1,17,8,3,5,5,1,1,1,36,2,2,0.0,0.0,0.0,0.0,0.0,2.0,22,6,6
14635,16,3,3,17,8,3,0,1,1,1,2,23,2,2,0.0,0.0,0.0,0.0,0.0,2.0,14,4,1
72839,16,2,3,15,8,3,0,1,1,1,1,36,2,2,0.0,0.0,0.0,0.0,0.0,2.0,9,6,6
51137,16,2,0,17,2,3,5,5,1,1,2,6,2,2,0.0,0.0,0.0,0.0,0.0,2.0,22,5,4
113315,4,2,3,17,6,3,0,1,0,1,2,18,2,3,2.0,0.0,0.0,1.0,1.0,0.0,8,4,8
26947,16,2,4,17,2,3,0,1,0,1,2,18,2,2,0.0,0.0,0.0,0.0,0.0,2.0,17,6,2
108184,6,2,3,10,2,3,5,5,1,1,0,36,2,2,0.0,0.0,0.0,0.0,0.0,2.0,9,5,8
45040,16,2,1,10,8,4,0,1,0,1,2,17,2,3,1.0,0.0,0.0,1.0,0.0,2.0,4,1,4
117338,4,7,3,17,2,3,6,1,0,1,2,36,2,2,0.0,0.0,0.0,0.0,0.0,2.0,15,2,8
101543,16,2,3,17,10,3,0,1,1,1,1,24,2,2,0.0,0.0,0.0,0.0,0.0,3.0,13,3,7
102420,15,2,3,0,8,3,0,1,0,1,2,18,2,2,0.0,0.0,0.0,0.0,0.0,2.0,13,1,7
131223,15,2,1,14,6,3,0,1,0,1,2,23,2,2,0.0,0.0,0.0,0.0,0.0,3.0,23,5,9
156268,15,2,1,0,6,3,0,1,0,1,2,18,2,3,1.0,0.0,0.0,1.0,0.0,2.0,23,6,11
88826,16,2,1,15,3,3,0,1,1,1,2,22,2,2,0.0,0.0,0.0,0.0,0.0,3.0,20,2,7
146575,4,2,3,8,2,3,0,1,0,1,2,18,2,3,1.0,0.0,0.0,1.0,0.0,2.0,14,6,10
23928,17,2,4,3,8,3,0,5,1,1,2,22,2,2,0.0,0.0,0.0,0.0,0.0,2.0,17,2,2
145685,15,7,3,0,6,3,6,1,0,0,2,36,2,2,0.0,0.0,0.0,0.0,0.0,3.0,11,7,10
168904,15,2,3,0,6,3,0,1,0,1,2,18,2,3,1.0,0.0,0.0,1.0,0.0,1.0,14,4,11
10963,16,10,2,15,6,3,6,1,1,1,1,36,2,2,0.0,0.0,0.0,0.0,0.0,3.0,6,2,1
94721,15,2,3,11,10,3,0,1,0,1,2,21,2,3,1.0,0.0,0.0,1.0,0.0,3.0,16,3,7
71306,15,2,3,17,8,3,0,1,1,1,2,18,2,2,0.0,0.0,0.0,0.0,0.0,2.0,11,5,5