crash_date,               traffic_control_device,weather_condition,lighting_condition,first_crash_type,trafficway_type,alignment,roadway_surface_cond,road_defect,crash_type,intersection_related_i,damage,prim_contributory_cause,num_units,most_severe_injury,injuries_total,injuries_fatal,injuries_incapacitating,injuries_non_incapacitating,injuries_reported_not_evident,injuries_no_indication,crash_hour,crash_day_of_week,crash_month
46865,16,7,1,0,6,3,6,1,0,1,2,6,2,2,0.0,0.0,0.0,0.0,0.0,2.0,21,7,4
83614,15,2,3,0,6,3,0,1,0,1,2,18,2,4,2.0,0.0,0.0,0.0,2.0,0.0,18,7,6
3160,16,2,3,15,8,3,0,1,1,1,1,22,2,2,0.0,0.0,0.0,0.0,0.0,3.0,6,5,1
153773,17,11,5,17,6,3,5,5,1,1,2,36,2,2,0.0,0.0,0.0,0.0,0.0,2.0,15,7,10
6325,16,2,1,10,10,3,0,1,1,1,0,19,3,2,0.0,0.0,0.0,0.0,0.0,3.0,17,6,1
29546,16,2,1,0,8,3,0,1,0,1,2,6,3,3,2.0,0.0,0.0,2.0,0.0,1.0,4,1,3
117407,16,2,3,15,5,3,0,1,1,1,2,18,2,2,0.0,0.0,0.0,0.0,0.0,2.0,14,4,8
99054,16,2,3,17,18,3,0,1,1,1,2,24,2,2,0.0,0.0,0.0,0.0,0.0,2.0,8,6,7
186397,16,2,3,17,5,3,0,1,0,1,2,36,2,2,0.0,0.0,0.0,0.0,0.0,2.0,10,3,12
124641,16,2,3,17,8,3,0,5,0,1,2,18,2,3,1.0,0.0,0.0,1.0,0.0,1.0,14,4,9
19510,4,2,3,17,8,3,0,1,0,1,2,22,2,2,0.0,0.0,0.0,0.0,0.0,2.0,8,5,2
159418,16,2,1,0,6,3,0,1,0,1,2,6,2,3,2.0,0.0,0.0,2.0,0.0,1.0,20,7,11
43236,15,7,1,10,2,3,6,1,0,1,2,8,2,2,0.0,0.0,0.0,0.0,0.0,4.0,20,3,4
62690,16,3,3,0,2,3,6,1,1,1,2,18,2,2,0.0,0.0,0.0,0.0,0.0,3.0,11,2,5
72971,15,2,2,0,10,3,0,1,0,1,2,18,2,4,1.0,0.0,0.0,0.0,1.0,1.0,6,2,6
107936,16,2,3,17,1,3,0,1,1,1,0,24,2,2,0.0,0.0,0.0,0.0,0.0,2.0,17,7,8
183709,16,2,4,15,10,3,0,1,1,1,1,22,2,2,0.0,0.0,0.0,0.0,0.0,2.0,17,6,12
35360,16,2,3,10,8,3,0,1,1,1,2,19,2,2,0.0,0.0,0.0,0.0,0.0,2.0,17,6,3
72976,15,2,3,17,6,3,0,1,0,1,2,36,2,3,1.0,0.0,0.0,1.0,0.0,2.0,6,2,6
150386,16,2,1,10,8,3,0,1,1,0,1,36,2,2,0.0,0.0,0.0,0.0,0.0,2.0,18,2,10
176253,4,2,3,17,8,3,0,1,1,1,1,18,2,2,0.0,0.0,0.0,0.0,0.0,2.0,7,4,12
139877,16,2,4,10,1,3,0,1,1,1,2,19,2,2,0.0,0.0,0.0,0.0,0.0,6.0,17,4,10
50383,16,2,3,15,10,3,0,1,1,1,1,36,2,2,0.0,0.0,0.0,0.0,0.0,3.0,12,5,4
154414,16,2,4,15,8,3,0,1,1,1,1,22,2,2,0.0,0.0,0.0,0.0,0.0,2.0,23,3,10
8496,16,2,1,10,6,3,6,5,0,1,2,17,2,3,1.0,0.0,0.0,1.0,0.0,4.0,17,4,1
11474,16,2,3,17,10,3,0,1,1,1,2,36,2,2,0.0,0.0,0.0,0.0,0.0,4.0,14,4,1
110718,4,2,0,17,8,3,0,5,1,0,2,24,2,2,0.0,0.0,0.0,0.0,0.0,2.0,20,7,8
47865,16,2,3,17,6,3,0,1,1,1,1,6,2,2,0.0,0.0,0.0,0.0,0.0,2.0,7,4,4
71133,16,2,3,17,8,3,0,1,1,1,1,36,2,2,0.0,0.0,0.0,0.0,0.0,2.0,10,5,5
82644,15,2,3,0,8,3,0,1,0,1,2,26,3,3,3.0,0.0,0.0,2.0,1.0,2.0,13,4,6
45186,15,7,3,0,6,3,6,1,0,1,2,18,3,3,4.0,0.0,0.0,4.0,0.0,3.0,15,5,4
172719,4,7,1,17,8,3,6,1,1,1,2,24,2,2,0.0,0.0,0.0,0.0,0.0,2.0,6,4,12
15524,16,2,1,9,6,3,0,1,0,1,2,6,2,3,1.0,0.0,0.0,1.0,0.0,1.0,6,5,2
77672,15,2,3,17,8,3,0,1,0,0,1,18,2,2,0.0,0.0,0.0,0.0,0.0,2.0,17,3,6
161162,16,2,3,17,11,3,0,1,1,1,1,18,2,2,0.0,0.0,0.0,0.0,0.0,3.0,16,5,11
12696,17,11,5,10,3,3,5,5,1,0,1,36,2,2,0.0,0.0,0.0,0.0,0.0,2.0,8,4,1
135094,16,2,3,17,6,3,0,1,0,1,2,18,2,3,2.0,0.0,0.0,2.0,0.0,0.0,15,1,9
118656,15,2,1,0,6,3,0,1,1,1,2,18,2,2,0.0,0.0,0.0,0.0,0.0,2.0,22,1,8
46345,16,2,1,0,2,3,0,1,0,1,2,6,2,2,0.0,0.0,0.0,0.0,0.0,2.0,21,3,4
64656,16,7,0,10,8,3,6,1,1,1,0,36,2,2,0.0,0.0,0.0,0.0,0.0,2.0,21,6,5
122457,16,2,3,17,3,3,0,1,0,1,2,18,2,2,0.0,0.0,0.0,0.0,0.0,2.0,6,6,9
184692,16,3,3,10,8,3,6,5,1,1,2,36,2,2,0.0,0.0,0.0,0.0,0.0,3.0,14,4,12
86601,17,2,3,10,8,3,0,1,1,0,1,36,2,2,0.0,0.0,0.0,0.0,0.0,5.0,16,4,6
87476,16,2,3,10,10,3,0,1,0,1,1,36,2,4,1.0,0.0,0.0,0.0,1.0,2.0,6,3,6
180150,4,3,3,0,8,3,0,5,1,1,2,36,2,2,0.0,0.0,0.0,0.0,0.0,2.0,15,6,12
19253,4,2,3,15,8,3,0,1,1,0,1,18,2,2,0.0,0.0,0.0,0.0,0.0,3.0,15,6,2
26202,4,2,1,10,3,3,0,1,1,1,0,19,2,2,0.0,0.0,0.0,0.0,0.0,4.0,18,7,2
179648,15,2,3,10,8,3,6,1,1,1,2,19,2,2,0.0,0.0,0.0,0.0,0.0,2.0,10,6,12
43377,16,2,3,17,11,3,0,1,0,1,2,24,3,3,1.0,0.0,0.0,1.0,0.0,4.0,14,7,4
145463,16,2,3,15,2,3,0,1,1,1,2,18,2,2,0.0,0.0,0.0,0.0,0.0,2.0,12,4,10
19025,15,2,3,0,8,3,0,1,1,1,2,18,2,2,0.0,0.0,0.0,0.0,0.0,2.0,16,4,2
16236,15,2,3,10,2,3,6,1,1,1,2,36,2,2,0.0,0.0,0.0,0.0,0.0,2.0,15,5,2
125809,16,2,1,10,8,3,0,1,1,1,2,17,3,2,0.0,0.0,0.0,0.0,0.0,3.0,23,6,9
19388,16,2,1,10,6,3,0,1,0,1,2,19,2,2,0.0,0.0,0.0,0.0,0.0,2.0,18,2,2
50792,15,2,3,0,8,3,0,1,0,1,2,18,2,2,0.0,0.0,0.0,0.0,0.0,5.0,16,6,4
47093,16,2,3,10,2,3,0,1,1,1,1,36,2,2,0.0,0.0,0.0,0.0,0.0,3.0,14,3,4
26520,16,2,1,0,6,3,0,5,0,1,2,6,2,3,1.0,0.0,0.0,1.0,0.0,1.0,23,6,2
107854,4,2,3,17,15,3,0,1,0,1,2,18,2,2,0.0,0.0,0.0,0.0,0.0,4.0,17,5,8
91266,16,2,3,0,6,3,0,1,0,1,2,6,2,2,0.0,0.0,0.0,0.0,0.0,2.0,11,5,7
115974,4,2,3,17,8,3,0,1,1,1,1,18,2,2,0.0,0.0,0.0,0.0,0.0,2.0,9,3,8
13575,16,10,1,15,2,3,4,1,1,0,2,22,2,2,0.0,0.0,0.0,0.0,0.0,3.0,1,6,1
61375,16,2,3,17,6,3,0,1,1,1,1,24,2,2,0.0,0.0,0.0,0.0,0.0,2.0,8,4,5
62206,16,2,3,0,2,3,0,1,1,1,1,10,2,2,0.0,0.0,0.0,0.0,0.0,2.0,5,2,5
54571,16,2,1,17,2,3,0,1,1,1,2,18,2,2,0.0,0.0,0.0,0.0,0.0,3.0,20,6,4
67504,16,2,3,17,6,3,0,1,0,1,2,36,2,3,1.0,0.0,0.0,1.0,0.0,1.0,9,3,5
155932,15,2,1,0,6,3,0,1,1,1,2,36,2,2,0.0,0.0,0.0,0.0,0.0,2.0,22,6,11
84971,16,11,1,17,8,3,5,5,1,1,0,18,2,2,0.0,0.0,0.0,0.0,0.0,3.0,21,6,6
30725,15,3,3,10,11,3,0,1,0,1,2,36,2,3,1.0,0.0,0.0,1.0,0.0,1.0,10,6,3
81764,15,2,3,17,6,3,0,1,0,1,2,18,2,3,1.0,0.0,0.0,1.0,0.0,3.0,13,7,6
169378,4,7,3,17,3,3,6,1,0,1,2,19,2,3,1.0,0.0,0.0,1.0,0.0,1.0,8,4,11
88408,16,2,4,0,6,3,0,1,1,1,2,6,2,2,0.0,0.0,0.0,0.0,0.0,2.0,18,3,7
152233,16,2,1,17,1,3,0,1,1,1,2,24,2,2,0.0,0.0,0.0,0.0,0.0,2.0,17,5,10
80939,16,2,3,14,8,3,0,1,1,1,1,21,2,2,0.0,0.0,0.0,0.0,0.0,11.0,14,1,6
80622,16,2,1,17,8,3,0,1,0,1,2,18,2,3,2.0,0.0,0.0,1.0,1.0,2.0,22,4,6
46639,4,2,3,10,18,3,0,1,0,1,2,8,2,3,1.0,0.0,0.0,1.0,0.0,4.0,15,4,4
161666,16,2,3,17,6,3,0,1,0,1,2,24,2,2,0.0,0.0,0.0,0.0,0.0,2.0,13,6,11
31753,16,2,3,17,6,3,0,5,1,1,1,12,2,2,0.0,0.0,0.0,0.0,0.0,2.0,14,4,3
59398,4,2,3,17,6,3,0,1,0,1,2,24,2,2,0.0,0.0,0.0,0.0,0.0,4.0,9,1,5
95336,16,7,3,17,6,3,5,5,1,1,1,22,2,2,0.0,0.0,0.0,0.0,0.0,3.0,18,6,7
171658,16,2,3,15,10,3,0,1,1,1,0,36,2,2,0.0,0.0,0.0,0.0,0.0,3.0,11,5,11
166748,16,2,1,17,6,3,0,1,1,1,2,17,2,2,0.0,0.0,0.0,0.0,0.0,2.0,4,7,11
101884,16,2,3,17,8,3,0,5,1,1,2,24,2,2,0.0,0.0,0.0,0.0,0.0,6.0,14,7,7
102705,15,2,3,17,15,3,0,1,1,1,2,5,2,2,0.0,0.0,0.0,0.0,0.0,2.0,17,6,7
115236,15,2,3,0,2,3,0,1,0,1,2,18,2,2,0.0,0.0,0.0,0.0,0.0,4.0,17,5,8
95699,4,2,3,15,8,3,0,1,1,1,2,36,2,2,0.0,0.0,0.0,0.0,0.0,2.0,14,5,7
172203,15,2,1,8,8,3,0,1,1,1,0,18,2,2,0.0,0.0,0.0,0.0,0.0,2.0,18,6,12
20331,15,2,3,0,15,3,0,1,0,1,2,18,2,1,1.0,0.0,1.0,0.0,0.0,1.0,10,4,2
108966,16,2,3,0,15,3,6,1,0,1,2,18,3,3,2.0,0.0,0.0,2.0,0.0,2.0,17,2,8
173518,4,2,3,15,2,3,0,1,1,1,2,30,2,2,0.0,0.0,0.0,0.0,0.0,2.0,9,6,12
154003,16,3,3,17,2,3,0,1,0,1,2,18,2,3,1.0,0.0,0.0,1.0,0.0,1.0,8,2,10
94392,4,2,3,17,3,3,0,1,0,0,2,18,2,2,0.0,0.0,0.0,0.0,0.0,2.0,14,5,7
186862,17,2,3,17,8,3,5,5,1,1,1,36,2,2,0.0,0.0,0.0,0.0,0.0,2.0,10,3,12
22164,16,11,3,10,10,3,5,5,1,1,0,17,2,2,0.0,0.0,0.0,0.0,0.0,2.0,9,6,2
115844,16,2,1,0,2,3,0,5,0,1,2,36,2,2,0.0,0.0,0.0,0.0,0.0,2.0,10,1,8
13315,16,4,0,15,8,3,0,1,1,1,2,23,2,2,0.0,0.0,0.0,0.0,0.0,5.0,18,7,1
16446,15,10,3,15,8,3,4,1,1,1,1,23,2,2,0.0,0.0,0.0,0.0,0.0,3.0,7,1,2
47245,16,2,3,3,8,3,0,1,1,1,2,21,2,2,0.0,0.0,0.0,0.0,0.0,5.0,7,6,4
51526,16,2,3,7,2,3,0,5,1,1,0,26,2,2,0.0,0.0,0.0,0.0,0.0,1.0,15,6,4
9507,16,10,3,17,18,3,4,5,0,1,2,6,2,4,1.0,0.0,0.0,0.0,1.0,2.0,14,6,1
77899,16,2,3,10,2,3,0,1,1,0,2,19,2,2,0.0,0.0,0.0,0.0,0.0,2.0,15,7,6
75685,15,2,1,0,8,3,0,1,0,1,1,36,2,3,6.0,0.0,0.0,6.0,0.0,1.0,0,7,6
16899,16,10,0,10,13,3,6,5,1,1,0,19,2,2,0.0,0.0,0.0,0.0,0.0,2.0,5,2,2
49544,16,3,3,17,6,3,0,1,0,1,2,22,2,2,0.0,0.0,0.0,0.0,0.0,2.0,7,4,4
43983,16,2,3,15,8,3,6,1,0,1,2,18,2,2,0.0,0.0,0.0,0.0,0.0,3.0,16,3,4
87243,16,2,3,15,8,3,0,2,1,1,2,22,2,2,0.0,0.0,0.0,0.0,0.0,2.0,14,6,6
162545,16,2,0,8,8,3,0,1,1,1,0,18,2,2,0.0,0.0,0.0,0.0,0.0,2.0,17,3,11
23729,16,2,3,17,2,3,0,1,0,1,1,17,2,4,2.0,0.0,0.0,0.0,2.0,3.0,12,4,2
141264,4,2,3,7,0,3,0,1,1,1,0,12,2,2,0.0,0.0,0.0,0.0,0.0,4.0,12,2,10
123617,16,2,3,17,6,3,0,1,1,1,2,18,2,2,0.0,0.0,0.0,0.0,0.0,2.0,15,3,9
53533,16,2,3,10,8,3,0,1,0,1,2,19,2,3,1.0,0.0,0.0,1.0,0.0,1.0,6,5,4
113883,16,2,3,10,3,4,0,1,1,1,1,36,2,2,0.0,0.0,0.0,0.0,0.0,3.0,10,6,8
165992,16,2,3,15,10,3,0,1,1,1,0,36,2,2,0.0,0.0,0.0,0.0,0.0,2.0,9,1,11
144538,16,2,3,15,8,3,0,1,1,1,1,18,2,2,0.0,0.0,0.0,0.0,0.0,2.0,17,7,10
21976,15,2,1,0,15,3,5,5,0,1,2,5,2,3,2.0,0.0,0.0,2.0,0.0,2.0,18,4,2
110826,4,2,3,10,3,3,0,1,1,1,0,18,4,2,0.0,0.0,0.0,0.0,0.0,4.0,17,3,8
101634,15,2,3,0,6,3,0,1,0,1,2,18,2,3,4.0,0.0,0.0,4.0,0.0,1.0,16,4,7
9451,16,7,1,10,6,3,6,1,0,1,2,19,2,2,0.0,0.0,0.0,0.0,0.0,4.0,17,5,1
90743,4,2,1,9,10,3,0,5,0,1,2,17,2,3,1.0,0.0,0.0,1.0,0.0,1.0,21,4,7
57345,16,2,3,17,6,3,0,1,1,1,2,19,2,2,0.0,0.0,0.0,0.0,0.0,7.0,15,4,5
52530,16,2,3,15,2,3,0,1,1,1,2,12,2,2,0.0,0.0,0.0,0.0,0.0,2.0,11,1,4
180126,16,2,1,10,2,3,0,1,1,1,2,19,3,2,0.0,0.0,0.0,0.0,0.0,3.0,21,5,12
55205,16,7,5,10,2,3,6,5,1,1,2,17,2,2,0.0,0.0,0.0,0.0,0.0,2.0,14,4,4
29082,16,2,3,13,8,3,0,1,1,1,2,21,2,2,0.0,0.0,0.0,0.0,0.0,1.0,12,5,3
103409,15,2,1,10,2,3,0,1,1,1,1,37,2,2,0.0,0.0,0.0,0.0,0.0,3.0,3,1,7
129116,4,2,3,17,1,3,0,1,1,1,2,17,2,2,0.0,0.0,0.0,0.0,0.0,2.0,8,2,9
166221,15,2,3,17,6,3,0,1,1,1,2,36,2,2,0.0,0.0,0.0,0.0,0.0,3.0,16,6,11
68052,16,2,3,15,8,3,0,1,1,1,2,18,2,2,0.0,0.0,0.0,0.0,0.0,2.0,7,6,5
84826,16,2,1,10,2,3,0,1,0,1,2,12,2,4,2.0,0.0,0.0,0.0,2.0,3.0,21,3,6
8115,16,2,1,17,2,3,5,5,1,1,2,36,2,2,0.0,0.0,0.0,0.0,0.0,3.0,17,4,1
13435,4,10,1,9,8,3,4,1,1,1,0,18,2,2,0.0,0.0,0.0,0.0,0.0,2.0,19,2,1
40109,15,3,3,5,6,3,5,5,0,1,2,36,2,3,1.0,0.0,0.0,1.0,0.0,1.0,15,3,3
107434,15,2,1,17,15,3,0,5,0,1,2,18,2,3,1.0,0.0,0.0,1.0,0.0,2.0,21,6,8
132254,16,2,3,15,6,3,0,1,1,1,2,22,2,2,0.0,0.0,0.0,0.0,0.0,2.0,8,4,9
89606,15,2,1,0,6,3,0,1,0,1,2,5,2,2,0.0,0.0,0.0,0.0,0.0,2.0,2,1,7
3297,15,10,1,0,6,3,4,1,0,1,2,11,2,2,0.0,0.0,0.0,0.0,0.0,2.0,2,1,1
185136,16,2,1,2,6,3,6,1,1,1,2,22,1,2,0.0,0.0,0.0,0.0,0.0,1.0,0,7,12
141121,16,7,1,10,2,3,6,5,1,1,1,36,2,2,0.0,0.0,0.0,0.0,0.0,2.0,0,7,10
5712,16,2,1,17,8,3,0,5,0,0,1,36,2,3,1.0,0.0,0.0,1.0,0.0,1.0,18,3,1
47105,16,2,1,10,3,3,5,5,1,1,1,19,2,2,0.0,0.0,0.0,0.0,0.0,2.0,22,3,4
70495,16,2,3,17,15,3,0,1,0,1,2,22,2,2,0.0,0.0,0.0,0.0,0.0,2.0,11,1,5
5528,16,10,1,10,2,3,4,5,1,1,1,36,2,2,0.0,0.0,0.0,0.0,0.0,2.0,21,6,1
104679,4,2,3,10,8,3,0,1,1,1,0,18,2,2,0.0,0.0,0.0,0.0,0.0,2.0,17,6,8
161515,15,1,3,0,8,3,1,1,1,1,1,39,2,2,0.0,0.0,0.0,0.0,0.0,3.0,7,2,11
79270,16,2,3,15,8,3,0,5,0,1,2,23,2,4,1.0,0.0,0.0,0.0,1.0,1.0,19,6,6
149235,16,2,3,17,8,3,0,1,0,1,2,18,2,3,3.0,0.0,0.0,3.0,0.0,4.0,13,1,10
177269,15,2,3,10,10,3,0,1,1,0,0,19,2,2,0.0,0.0,0.0,0.0,0.0,2.0,10,2,12
46172,16,2,0,17,6,3,0,1,0,1,2,24,2,3,1.0,0.0,0.0,1.0,0.0,2.0,3,1,4
47491,4,2,3,17,8,3,0,1,1,1,2,36,2,2,0.0,0.0,0.0,0.0,0.0,2.0,9,4,4
136007,16,7,4,10,8,3,6,5,1,1,2,36,2,2,0.0,0.0,0.0,0.0,0.0,2.0,17,6,9
29472,15,2,3,15,10,3,5,5,1,1,2,36,2,2,0.0,0.0,0.0,0.0,0.0,3.0,15,6,3
59185,16,2,3,17,3,3,0,1,1,1,2,38,2,2,0.0,0.0,0.0,0.0,0.0,2.0,10,5,5
42174,16,7,3,2,15,3,6,5,0,1,2,17,1,3,3.0,0.0,0.0,3.0,0.0,1.0,8,6,3
165758,15,2,1,0,8,3,0,1,0,1,1,18,2,3,3.0,0.0,0.0,1.0,2.0,0.0,23,6,11
174870,16,2,1,17,6,3,0,1,0,1,1,24,2,4,2.0,0.0,0.0,0.0,2.0,3.0,20,5,12
78372,16,2,1,8,8,3,0,1,0,1,0,36,2,3,1.0,0.0,0.0,1.0,0.0,1.0,23,5,6
134843,15,2,3,0,8,3,0,1,1,1,2,5,2,2,0.0,0.0,0.0,0.0,0.0,4.0,9,3,9
187096,16,3,3,17,8,3,0,1,1,1,1,24,2,2,0.0,0.0,0.0,0.0,0.0,2.0,13,6,12
46851,15,2,3,0,8,3,0,1,1,1,2,26,2,2,0.0,0.0,0.0,0.0,0.0,2.0,12,5,4
166038,16,2,1,17,2,3,0,1,1,1,1,17,2,2,0.0,0.0,0.0,0.0,0.0,2.0,18,2,11
149261,16,2,3,10,2,3,0,1,0,1,2,6,2,4,1.0,0.0,0.0,0.0,1.0,3.0,16,1,10
80957,16,2,1,17,2,3,0,1,1,1,2,6,2,2,0.0,0.0,0.0,0.0,0.0,2.0,21,1,6
159480,16,2,3,7,8,3,0,1,1,1,2,19,2,2,0.0,0.0,0.0,0.0,0.0,1.0,6,1,11
158920,16,2,1,2,8,3,0,1,0,1,2,30,1,3,2.0,0.0,0.0,2.0,0.0,0.0,1,7,11
150143,16,2,2,17,6,3,0,5,1,1,2,36,2,2,0.0,0.0,0.0,0.0,0.0,2.0,5,7,10
25856,16,2,1,0,11,3,0,1,0,1,2,13,2,2,0.0,0.0,0.0,0.0,0.0,3.0,21,1,2
141483,6,2,3,15,16,3,0,5,1,1,2,22,2,2,0.0,0.0,0.0,0.0,0.0,6.0,22,6,10
166676,16,2,1,0,8,3,0,1,0,1,0,36,2,2,0.0,0.0,0.0,0.0,0.0,3.0,16,6,11
127704,15,2,4,15,8,3,0,1,1,1,0,23,2,2,0.0,0.0,0.0,0.0,0.0,2.0,19,6,9
93039,16,2,3,10,8,3,0,1,0,1,2,19,2,2,0.0,0.0,0.0,0.0,0.0,2.0,7,4,7
168469,4,2,3,7,10,3,0,1,1,1,2,36,2,2,0.0,0.0,0.0,0.0,0.0,1.0,7,4,11
182547,16,3,3,0,8,3,0,1,0,1,2,10,2,3,1.0,0.0,0.0,1.0,0.0,1.0,12,3,12
72995,16,2,3,8,2,3,0,5,0,1,0,12,2,3,1.0,0.0,0.0,1.0,0.0,1.0,10,2,6
122705,15,2,3,0,6,3,0,1,0,1,2,18,2,3,1.0,0.0,0.0,1.0,0.0,1.0,7,4,9
162783,16,2,1,0,6,3,0,1,0,1,2,6,2,3,1.0,0.0,0.0,1.0,0.0,4.0,19,7,11
12313,16,3,4,10,2,3,6,1,1,1,1,17,2,2,0.0,0.0,0.0,0.0,0.0,2.0,16,5,1
102664,16,2,3,7,8,3,0,1,1,0,2,24,2,2,0.0,0.0,0.0,0.0,0.0,2.0,12,5,7
25950,16,2,0,0,6,3,6,1,0,1,2,36,2,4,1.0,0.0,0.0,0.0,1.0,2.0,21,4,2
186079,16,2,1,15,10,3,0,1,0,1,1,18,2,3,1.0,0.0,0.0,1.0,0.0,3.0,17,3,12
176973,16,2,3,17,15,3,0,1,1,1,2,26,2,2,0.0,0.0,0.0,0.0,0.0,3.0,13,7,12
185402,15,2,1,0,15,3,0,1,0,1,2,18,2,2,0.0,0.0,0.0,0.0,0.0,3.0,23,3,12
179442,16,2,3,10,15,3,0,1,1,1,2,26,2,2,0.0,0.0,0.0,0.0,0.0,2.0,12,6,12
54540,16,2,3,0,8,3,0,1,1,1,2,24,2,2,0.0,0.0,0.0,0.0,0.0,2.0,17,5,4
146537,16,2,3,0,2,3,0,1,1,1,2,18,2,2,0.0,0.0,0.0,0.0,0.0,2.0,5,4,10
1445,16,2,3,17,8,3,0,1,0,1,2,17,2,3,2.0,0.0,0.0,2.0,0.0,1.0,7,6,1
4494,16,2,4,15,3,3,0,1,1,1,2,36,2,2,0.0,0.0,0.0,0.0,0.0,3.0,16,5,1
59681,16,2,3,9,8,3,0,1,0,1,1,36,2,3,1.0,0.0,0.0,1.0,0.0,1.0,14,6,5
157865,16,2,3,0,15,3,0,1,0,1,2,6,2,3,5.0,0.0,0.0,5.0,0.0,0.0,13,7,11
131019,16,2,3,17,8,3,0,1,1,1,2,38,2,2,0.0,0.0,0.0,0.0,0.0,6.0,17,2,9
178569,16,2,3,7,8,3,6,1,1,0,1,21,2,2,0.0,0.0,0.0,0.0,0.0,2.0,10,7,12
38228,16,2,2,17,6,3,0,1,1,1,2,35,2,2,0.0,0.0,0.0,0.0,0.0,2.0,6,2,3
42969,16,2,1,10,16,3,0,1,0,1,2,17,2,2,0.0,0.0,0.0,0.0,0.0,2.0,3,7,4
144017,16,2,1,15,8,3,0,1,1,1,2,23,2,2,0.0,0.0,0.0,0.0,0.0,2.0,1,4,10
133329,16,2,3,17,8,3,0,1,0,1,2,18,2,2,0.0,0.0,0.0,0.0,0.0,2.0,17,5,9
44096,4,2,3,10,2,3,0,1,1,1,2,19,2,2,0.0,0.0,0.0,0.0,0.0,2.0,17,3,4
66716,16,7,1,5,2,3,6,1,0,1,2,17,1,2,0.0,0.0,0.0,0.0,0.0,2.0,23,4,5
46493,15,7,4,17,15,3,6,5,1,1,1,24,2,2,0.0,0.0,0.0,0.0,0.0,2.0,17,7,4
117026,16,7,3,15,8,3,6,1,1,1,1,23,2,2,0.0,0.0,0.0,0.0,0.0,2.0,6,5,8
148298,16,2,3,17,6,3,0,1,1,1,1,26,2,2,0.0,0.0,0.0,0.0,0.0,3.0,10,2,10
65575,15,2,3,17,3,3,0,1,1,1,1,24,2,2,0.0,0.0,0.0,0.0,0.0,3.0,15,6,5
90084,16,2,0,0,6,3,0,1,0,1,2,6,2,1,3.0,0.0,3.0,0.0,0.0,0.0,0,1,7
134856,16,2,1,17,2,3,0,1,0,1,2,18,2,3,2.0,0.0,0.0,1.0,1.0,1.0,23,3,9
32376,16,2,1,10,10,3,0,1,0,1,2,17,2,4,2.0,0.0,0.0,0.0,2.0,1.0,2,7,3
181243,4,2,1,9,2,3,0,5,0,0,2,12,2,4,1.0,0.0,0.0,0.0,1.0,1.0,16,2,12
46470,6,7,3,10,8,3,6,1,0,1,2,36,2,4,1.0,0.0,0.0,0.0,1.0,1.0,13,7,4
74919,16,2,3,17,8,3,0,5,0,1,2,36,2,3,2.0,0.0,0.0,1.0,1.0,0.0,18,5,6
183708,16,2,1,2,2,3,0,1,0,1,2,13,1,2,0.0,0.0,0.0,0.0,0.0,1.0,17,6,12
11770,16,10,3,15,8,3,6,1,0,1,2,36,2,2,0.0,0.0,0.0,0.0,0.0,2.0,11,2,1
6502,15,2,3,0,2,3,6,1,1,1,2,5,2,2,0.0,0.0,0.0,0.0,0.0,2.0,10,5,1
26829,16,10,3,0,10,3,4,1,1,1,1,18,2,2,0.0,0.0,0.0,0.0,0.0,2.0,10,3,2
117484,16,2,3,17,8,3,0,1,0,1,2,18,3,1,1.0,0.0,1.0,0.0,0.0,3.0,7,5,8
161308,16,2,1,15,8,3,0,1,0,1,2,23,2,2,0.0,0.0,0.0,0.0,0.0,3.0,19,1,11
107471,16,2,3,17,8,3,0,1,1,1,2,22,2,2,0.0,0.0,0.0,0.0,0.0,2.0,15,7,8
125656,4,2,0,17,2,3,0,1,0,1,2,23,2,2,0.0,0.0,0.0,0.0,0.0,2.0,20,3,9
157392,16,2,3,17,2,3,0,1,0,1,2,18,2,0,1.0,1.0,0.0,0.0,0.0,1.0,7,4,11
56369,16,7,3,10,6,3,6,5,0,1,2,26,2,3,1.0,0.0,0.0,1.0,0.0,1.0,16,2,5
63824,15,2,3,17,8,3,0,1,1,1,2,18,2,2,0.0,0.0,0.0,0.0,0.0,3.0,11,7,5
138728,16,2,3,17,15,3,0,1,1,1,1,36,2,2,0.0,0.0,0.0,0.0,0.0,2.0,11,4,10
48201,4,10,3,15,8,3,6,1,0,1,2,23,3,2,0.0,0.0,0.0,0.0,0.0,3.0,18,1,4
77410,4,2,3,0,3,3,0,1,1,0,2,18,2,2,0.0,0.0,0.0,0.0,0.0,6.0,14,7,6
64109,16,2,3,14,8,3,0,1,0,1,2,22,3,1,2.0,0.0,1.0,1.0,0.0,1.0,7,4,5
108649,15,2,3,17,6,3,0,1,0,1,2,18,2,4,1.0,0.0,0.0,0.0,1.0,1.0,15,6,8
32166,4,7,3,10,8,3,6,1,0,1,2,36,2,3,1.0,0.0,0.0,1.0,0.0,1.0,12,2,3
70870,15,2,3,0,8,3,0,1,0,1,2,18,2,2,0.0,0.0,0.0,0.0,0.0,2.0,6,7,5
65113,16,2,1,17,8,3,5,5,1,1,0,23,2,2,0.0,0.0,0.0,0.0,0.0,5.0,18,6,5
173754,16,10,1,17,8,3,4,1,1,1,2,18,2,2,0.0,0.0,0.0,0.0,0.0,4.0,18,1,12
148886,4,2,1,7,8,3,0,1,1,1,2,17,2,2,0.0,0.0,0.0,0.0,0.0,4.0,1,4,10