crash_date,               traffic_control_device,weather_condition,lighting_condition,first_crash_type,trafficway_type,alignment,roadway_surface_cond,road_defect,crash_type,intersection_related_i,damage,prim_contributory_cause,num_units,most_severe_injury,injuries_total,injuries_fatal,injuries_incapacitating,injuries_non_incapacitating,injuries_reported_not_evident,injuries_no_indication,crash_hour,crash_day_of_week,crash_month
11118,15,7,3,0,8,3,4,1,1,1,2,39,2,2,0.0,0.0,0.0,0.0,0.0,3.0,7,4,1
49593,16,10,3,17,6,3,6,1,1,1,2,38,2,2,0.0,0.0,0.0,0.0,0.0,2.0,10,6,4
144884,15,2,1,15,8,3,0,1,0,1,2,26,2,3,1.0,0.0,0.0,1.0,0.0,1.0,23,3,10
107916,15,2,1,17,6,3,0,1,0,1,2,28,2,2,0.0,0.0,0.0,0.0,0.0,2.0,2,7,8
93248,16,7,1,0,6,3,6,5,0,1,2,6,2,3,3.0,0.0,0.0,3.0,0.0,0.0,21,1,7
73208,16,2,0,10,15,3,0,1,0,1,2,19,2,2,0.0,0.0,0.0,0.0,0.0,2.0,11,6,6
70755,4,2,3,10,8,3,0,1,1,1,1,17,2,2,0.0,0.0,0.0,0.0,0.0,2.0,9,4,5
132871,16,2,3,8,6,3,0,1,0,1,2,6,2,4,1.0,0.0,0.0,0.0,1.0,1.0,15,6,9
101417,16,2,3,17,1,3,0,1,0,1,2,18,2,2,0.0,0.0,0.0,0.0,0.0,6.0,17,7,7
156302,16,7,3,17,8,3,6,1,1,1,2,19,2,2,0.0,0.0,0.0,0.0,0.0,2.0,18,4,11
83218,4,7,3,10,8,3,6,5,1,0,2,36,3,2,0.0,0.0,0.0,0.0,0.0,7.0,18,6,6
133687,16,2,3,14,2,3,0,1,1,1,2,12,2,2,0.0,0.0,0.0,0.0,0.0,2.0,7,2,9
67956,15,2,0,0,15,3,0,5,0,1,2,36,3,4,1.0,0.0,0.0,0.0,1.0,4.0,1,4,5
32109,4,2,3,10,8,3,6,1,1,1,2,36,2,2,0.0,0.0,0.0,0.0,0.0,2.0,16,2,3
73858,15,2,3,7,8,3,0,1,1,0,2,36,2,2,0.0,0.0,0.0,0.0,0.0,6.0,12,3,6
177839,15,2,3,0,8,3,0,1,1,1,2,18,2,2,0.0,0.0,0.0,0.0,0.0,2.0,9,3,12
93670,16,2,3,17,6,3,0,1,1,1,0,8,2,2,0.0,0.0,0.0,0.0,0.0,4.0,17,1,7
9740,16,2,1,10,8,3,0,1,1,1,1,19,2,2,0.0,0.0,0.0,0.0,0.0,3.0,17,2,1
188032,4,7,2,17,15,3,6,5,0,0,0,18,2,2,0.0,0.0,0.0,0.0,0.0,3.0,11,1,12
36065,15,2,3,17,8,3,0,1,1,1,1,18,2,2,0.0,0.0,0.0,0.0,0.0,3.0,14,5,3
129318,15,2,3,0,6,3,0,1,0,1,2,36,2,2,0.0,0.0,0.0,0.0,0.0,3.0,8,6,9
160857,15,10,3,0,8,3,1,1,1,1,2,39,2,2,0.0,0.0,0.0,0.0,0.0,2.0,16,6,11
106749,16,2,1,10,8,3,0,1,1,1,1,8,2,2,0.0,0.0,0.0,0.0,0.0,7.0,2,2,8
11095,15,2,3,0,2,3,0,1,0,1,2,18,2,2,0.0,0.0,0.0,0.0,0.0,2.0,12,3,1
22427,16,9,3,0,6,3,6,1,0,1,2,6,2,3,2.0,0.0,0.0,1.0,1.0,4.0,7,5,2
12045,15,6,3,0,8,3,4,1,0,1,2,36,2,3,3.0,0.0,0.0,3.0,0.0,1.0,8,6,1
102965,4,2,3,8,0,3,0,1,0,0,0,18,2,3,1.0,0.0,0.0,1.0,0.0,1.0,11,2,7
65546,4,2,3,17,8,3,0,1,0,1,1,36,2,2,0.0,0.0,0.0,0.0,0.0,2.0,8,1,5
153224,15,2,1,0,6,3,6,5,0,1,2,5,2,3,1.0,0.0,0.0,1.0,0.0,1.0,4,6,10
107014,16,2,3,15,8,3,0,5,1,1,1,36,2,2,0.0,0.0,0.0,0.0,0.0,3.0,15,7,8
64786,16,2,1,10,8,3,0,1,1,1,1,26,2,2,0.0,0.0,0.0,0.0,0.0,2.0,19,2,5
107356,15,2,3,15,6,3,0,1,1,1,2,12,2,2,0.0,0.0,0.0,0.0,0.0,2.0,7,4,8
54791,16,3,3,0,6,3,6,1,1,1,2,28,2,2,0.0,0.0,0.0,0.0,0.0,5.0,19,4,4
131795,16,2,3,15,6,3,0,1,0,1,2,23,2,4,2.0,0.0,0.0,0.0,2.0,4.0,10,6,9
119859,16,2,1,10,2,3,0,1,1,1,0,36,3,2,0.0,0.0,0.0,0.0,0.0,3.0,21,4,8
135591,16,2,3,17,8,3,0,1,0,1,2,24,2,2,0.0,0.0,0.0,0.0,0.0,3.0,11,1,9
185930,15,3,1,0,8,3,6,1,0,1,2,18,2,3,1.0,0.0,0.0,1.0,0.0,2.0,21,1,12
132091,16,2,3,0,6,3,0,1,0,1,2,6,3,2,0.0,0.0,0.0,0.0,0.0,4.0,12,7,9
19239,16,2,3,15,10,3,0,1,1,1,2,36,2,2,0.0,0.0,0.0,0.0,0.0,3.0,9,4,2
136275,16,2,3,10,6,3,0,1,0,1,0,19,2,4,2.0,0.0,0.0,0.0,2.0,2.0,10,3,9
136950,16,2,3,17,6,3,0,1,1,1,2,22,2,2,0.0,0.0,0.0,0.0,0.0,2.0,8,6,9
183519,16,2,3,2,8,3,0,1,0,1,1,13,1,2,0.0,0.0,0.0,0.0,0.0,1.0,16,6,12
20444,16,2,3,17,6,3,0,1,0,1,2,24,3,4,1.0,0.0,0.0,0.0,1.0,1.0,10,7,2
134921,16,2,3,0,2,3,0,1,0,1,2,36,2,2,0.0,0.0,0.0,0.0,0.0,2.0,10,4,9
39718,16,7,1,15,8,3,6,1,0,1,2,6,3,3,2.0,0.0,0.0,2.0,0.0,1.0,21,2,3
52560,15,2,1,10,8,3,0,1,1,1,2,17,2,2,0.0,0.0,0.0,0.0,0.0,3.0,23,2,4
174580,16,2,3,10,8,3,0,1,1,1,2,19,2,2,0.0,0.0,0.0,0.0,0.0,2.0,11,7,12
148789,16,2,3,0,8,3,0,5,1,1,0,36,2,2,0.0,0.0,0.0,0.0,0.0,2.0,16,1,10
125227,4,2,3,15,8,3,0,5,1,0,0,36,2,2,0.0,0.0,0.0,0.0,0.0,2.0,8,5,9
8436,15,2,1,0,8,3,0,1,0,1,2,18,2,2,0.0,0.0,0.0,0.0,0.0,2.0,17,3,1
119849,4,2,3,0,0,3,0,1,0,1,2,18,2,4,1.0,0.0,0.0,0.0,1.0,3.0,8,4,8
92642,4,2,0,0,15,3,0,1,1,1,2,23,2,2,0.0,0.0,0.0,0.0,0.0,2.0,20,6,7
144812,16,2,1,0,6,3,0,5,1,1,2,36,2,2,0.0,0.0,0.0,0.0,0.0,3.0,20,1,10
21414,16,10,1,10,8,3,4,1,0,1,2,39,3,2,0.0,0.0,0.0,0.0,0.0,3.0,21,1,2
806,16,2,3,0,5,3,5,1,1,1,0,6,2,2,0.0,0.0,0.0,0.0,0.0,2.0,14,1,1
59813,16,2,3,17,6,3,0,1,1,1,0,12,2,2,0.0,0.0,0.0,0.0,0.0,2.0,16,1,5
69128,15,2,3,0,6,3,6,5,0,1,2,18,2,2,0.0,0.0,0.0,0.0,0.0,2.0,17,1,5
64579,16,2,2,17,2,3,0,1,1,1,2,19,2,2,0.0,0.0,0.0,0.0,0.0,2.0,19,5,5
33930,6,2,3,15,8,3,5,2,1,1,0,23,2,2,0.0,0.0,0.0,0.0,0.0,2.0,13,4,3
156382,15,7,0,8,2,3,6,1,0,1,0,5,2,1,1.0,0.0,1.0,0.0,0.0,1.0,20,5,11
157035,16,2,3,15,8,3,0,1,1,1,1,22,2,2,0.0,0.0,0.0,0.0,0.0,2.0,12,7,11
139624,16,2,3,17,2,3,0,1,0,1,2,18,2,2,0.0,0.0,0.0,0.0,0.0,2.0,8,2,10
55239,16,7,3,0,8,5,6,1,0,1,0,36,4,4,1.0,0.0,0.0,0.0,1.0,2.0,12,4,4
176104,16,2,1,17,8,3,0,1,0,1,2,24,2,2,0.0,0.0,0.0,0.0,0.0,2.0,20,7,12
89177,15,2,3,9,8,3,0,1,0,1,2,5,2,3,1.0,0.0,0.0,1.0,0.0,1.0,18,1,7
69599,16,2,3,10,10,3,0,1,1,1,2,19,2,2,0.0,0.0,0.0,0.0,0.0,2.0,11,7,5
76221,15,2,3,0,6,3,0,1,0,1,2,18,2,2,0.0,0.0,0.0,0.0,0.0,2.0,17,3,6
22401,16,2,4,13,15,3,0,1,1,1,2,6,2,2,0.0,0.0,0.0,0.0,0.0,2.0,1,5,2
134495,4,2,0,7,8,3,0,5,0,1,2,36,3,2,0.0,0.0,0.0,0.0,0.0,1.0,19,7,9
15927,4,2,0,17,8,3,0,1,1,1,2,3,2,2,0.0,0.0,0.0,0.0,0.0,2.0,5,6,2
96129,15,2,3,0,2,3,0,1,1,1,2,23,2,2,0.0,0.0,0.0,0.0,0.0,2.0,9,3,7
9180,15,2,3,9,8,3,0,1,0,1,2,18,2,3,1.0,0.0,0.0,1.0,0.0,1.0,15,6,1
176396,16,2,1,17,8,2,0,5,1,1,2,36,2,2,0.0,0.0,0.0,0.0,0.0,2.0,20,6,12
184898,15,2,1,0,6,3,0,1,1,1,1,36,2,2,0.0,0.0,0.0,0.0,0.0,2.0,22,2,12
95117,4,2,3,15,3,3,0,1,1,1,2,36,2,2,0.0,0.0,0.0,0.0,0.0,3.0,17,2,7
183864,16,2,0,9,10,3,0,1,0,1,2,18,2,1,1.0,0.0,1.0,0.0,0.0,1.0,19,2,12
63942,16,2,3,17,8,4,5,5,0,1,2,18,2,2,0.0,0.0,0.0,0.0,0.0,2.0,13,3,5
75847,16,2,3,10,6,3,0,1,1,1,1,19,2,2,0.0,0.0,0.0,0.0,0.0,2.0,16,4,6
173798,4,2,3,10,8,3,0,1,0,1,1,17,3,2,0.0,0.0,0.0,0.0,0.0,3.0,6,2,12
185899,15,2,3,7,8,3,6,5,1,0,2,36,2,2,0.0,0.0,0.0,0.0,0.0,1.0,12,7,12
186639,16,2,1,2,3,3,0,1,0,1,2,36,1,3,1.0,0.0,0.0,1.0,0.0,1.0,3,6,12
3163,4,2,1,17,8,3,0,1,1,1,2,18,2,2,0.0,0.0,0.0,0.0,0.0,2.0,20,5,1
168796,16,2,3,17,6,3,0,1,1,0,2,22,2,2,0.0,0.0,0.0,0.0,0.0,3.0,10,1,11
122199,16,2,1,0,6,3,0,1,0,1,2,6,2,2,0.0,0.0,0.0,0.0,0.0,4.0,0,3,9
29428,16,11,3,17,8,3,5,5,1,1,0,36,2,2,0.0,0.0,0.0,0.0,0.0,2.0,16,5,3
11239,15,2,0,0,6,3,0,1,1,1,1,12,2,2,0.0,0.0,0.0,0.0,0.0,2.0,17,7,1
31999,3,2,3,9,10,3,0,1,1,1,0,17,2,2,0.0,0.0,0.0,0.0,0.0,2.0,11,6,3
144522,16,2,1,15,8,3,0,1,1,1,2,19,2,2,0.0,0.0,0.0,0.0,0.0,2.0,1,7,10
123308,15,2,3,17,8,3,0,1,0,1,2,18,2,2,0.0,0.0,0.0,0.0,0.0,2.0,11,3,9
157451,16,3,3,17,8,3,6,1,1,1,0,21,2,2,0.0,0.0,0.0,0.0,0.0,2.0,16,7,11
130795,16,2,3,17,3,3,0,1,1,1,2,24,2,2,0.0,0.0,0.0,0.0,0.0,2.0,10,4,9
28922,16,2,1,0,6,3,0,1,0,1,2,6,2,3,1.0,0.0,0.0,1.0,0.0,1.0,0,2,3
100628,16,2,3,15,11,3,0,1,1,1,1,12,2,2,0.0,0.0,0.0,0.0,0.0,2.0,16,3,7
71271,15,2,3,0,8,3,0,1,0,1,2,18,2,4,1.0,0.0,0.0,0.0,1.0,1.0,7,5,5
136298,16,2,3,9,8,3,0,5,0,1,2,18,2,3,1.0,0.0,0.0,1.0,0.0,3.0,15,4,9
5263,15,2,2,0,6,3,0,1,0,1,2,18,2,2,0.0,0.0,0.0,0.0,0.0,2.0,7,4,1
148523,16,3,3,17,6,3,0,1,0,1,2,12,2,4,1.0,0.0,0.0,0.0,1.0,3.0,11,5,10
128471,15,2,1,0,11,3,0,1,0,1,2,36,2,3,1.0,0.0,0.0,1.0,0.0,1.0,20,7,9
151406,15,2,3,2,6,3,0,1,0,1,2,9,1,4,1.0,0.0,0.0,0.0,1.0,2.0,18,3,10
13852,15,10,4,0,12,3,4,1,1,1,0,13,2,2,0.0,0.0,0.0,0.0,0.0,2.0,16,3,1
105899,16,2,3,17,3,3,0,5,0,1,2,6,2,3,3.0,0.0,0.0,3.0,0.0,0.0,6,4,8
173806,16,2,3,17,10,3,0,1,1,1,2,24,2,2,0.0,0.0,0.0,0.0,0.0,2.0,8,2,12
139023,15,7,3,0,15,3,6,1,1,1,2,5,2,2,0.0,0.0,0.0,0.0,0.0,3.0,18,7,10
81323,16,2,3,17,6,3,0,1,1,1,1,22,2,2,0.0,0.0,0.0,0.0,0.0,2.0,12,7,6
136283,16,2,3,17,8,3,0,5,1,1,2,36,2,2,0.0,0.0,0.0,0.0,0.0,2.0,12,3,9
163290,16,7,3,17,2,3,6,1,0,1,2,18,2,4,2.0,0.0,0.0,0.0,2.0,1.0,13,1,11
55905,16,2,1,0,6,3,0,1,0,1,2,36,2,2,0.0,0.0,0.0,0.0,0.0,2.0,4,1,4
51097,16,7,2,10,6,3,6,1,1,1,2,19,2,2,0.0,0.0,0.0,0.0,0.0,3.0,5,5,4
160740,16,7,1,0,6,3,6,1,0,1,2,6,2,2,0.0,0.0,0.0,0.0,0.0,3.0,16,7,11
19430,4,2,1,10,11,3,4,1,1,1,1,19,2,2,0.0,0.0,0.0,0.0,0.0,3.0,16,4,2
172238,16,7,3,10,13,3,6,1,1,0,1,19,2,2,0.0,0.0,0.0,0.0,0.0,2.0,13,7,12
45949,16,2,4,10,3,3,0,1,1,1,1,19,2,2,0.0,0.0,0.0,0.0,0.0,2.0,18,3,4
139040,16,7,1,9,8,3,6,1,0,1,2,6,2,3,1.0,0.0,0.0,1.0,0.0,1.0,20,7,10
40917,15,2,1,0,1,3,0,1,0,1,2,36,2,3,2.0,0.0,0.0,2.0,0.0,2.0,21,3,3
175571,4,2,0,0,2,3,0,1,0,1,1,18,2,2,0.0,0.0,0.0,0.0,0.0,2.0,19,6,12
159974,16,2,3,3,6,3,0,1,1,1,2,11,2,2,0.0,0.0,0.0,0.0,0.0,2.0,20,1,11
52383,16,2,1,8,3,3,0,1,0,1,0,36,2,1,1.0,0.0,1.0,0.0,0.0,1.0,20,7,4
175543,15,2,4,17,1,3,0,1,0,1,1,5,2,4,1.0,0.0,0.0,0.0,1.0,1.0,16,6,12
103255,15,2,1,9,6,3,0,1,0,1,2,5,2,3,1.0,0.0,0.0,1.0,0.0,1.0,23,7,7
80632,16,2,3,0,8,3,5,1,0,1,2,6,2,3,2.0,0.0,0.0,2.0,0.0,0.0,12,4,6
58888,15,2,3,0,6,3,0,1,1,1,2,36,2,2,0.0,0.0,0.0,0.0,0.0,2.0,9,7,5
33391,16,3,3,3,10,3,0,1,1,1,1,11,2,2,0.0,0.0,0.0,0.0,0.0,4.0,16,2,3
11877,15,7,3,0,8,3,6,1,1,1,2,36,3,2,0.0,0.0,0.0,0.0,0.0,3.0,8,4,1
56371,18,7,3,10,6,3,6,5,1,1,0,39,2,2,0.0,0.0,0.0,0.0,0.0,3.0,16,2,5
67226,15,2,3,17,8,3,0,1,1,0,2,18,2,2,0.0,0.0,0.0,0.0,0.0,2.0,7,5,5
175902,16,2,4,2,6,3,0,5,0,1,2,34,1,2,0.0,0.0,0.0,0.0,0.0,1.0,4,7,12
2443,16,2,3,0,10,3,0,5,1,1,2,6,2,2,0.0,0.0,0.0,0.0,0.0,2.0,15,7,1
57394,16,2,3,7,8,3,0,1,1,1,0,23,2,2,0.0,0.0,0.0,0.0,0.0,2.0,2,6,5
22909,15,11,1,0,8,3,0,1,1,1,2,18,2,2,0.0,0.0,0.0,0.0,0.0,3.0,19,6,2
103455,16,2,3,0,8,3,0,1,0,1,0,6,2,4,2.0,0.0,0.0,0.0,2.0,1.0,9,2,7
29765,16,2,1,17,6,3,0,5,0,1,2,18,2,3,1.0,0.0,0.0,1.0,0.0,1.0,19,4,3
174932,16,2,3,15,8,3,0,1,1,1,0,23,2,2,0.0,0.0,0.0,0.0,0.0,2.0,12,3,12
179982,16,11,3,15,8,3,5,5,1,1,2,36,2,2,0.0,0.0,0.0,0.0,0.0,2.0,9,5,12
65853,15,2,3,0,2,3,0,1,1,1,1,36,2,2,0.0,0.0,0.0,0.0,0.0,2.0,14,6,5
63360,2,7,3,17,3,3,6,1,0,1,2,36,2,1,1.0,0.0,1.0,0.0,0.0,3.0,14,7,5
62297,15,2,3,17,6,3,0,1,1,1,1,18,2,2,0.0,0.0,0.0,0.0,0.0,2.0,13,5,5
121500,17,2,3,17,8,3,0,5,1,1,1,19,2,2,0.0,0.0,0.0,0.0,0.0,2.0,13,7,9
180306,16,2,1,17,18,3,0,1,0,1,2,36,2,3,1.0,0.0,0.0,1.0,0.0,2.0,1,1,12
110307,16,2,3,17,6,3,0,5,1,1,2,36,2,2,0.0,0.0,0.0,0.0,0.0,2.0,14,2,8
136251,15,2,3,17,8,3,0,1,1,1,2,18,2,2,0.0,0.0,0.0,0.0,0.0,3.0,7,3,9
24271,16,2,3,15,1,3,5,5,1,1,2,22,2,2,0.0,0.0,0.0,0.0,0.0,2.0,14,1,2
142276,15,2,3,0,2,3,0,1,0,1,2,18,2,4,3.0,0.0,0.0,0.0,3.0,0.0,11,2,10
23424,16,2,1,0,6,3,0,1,0,1,1,6,2,2,0.0,0.0,0.0,0.0,0.0,4.0,2,1,2
81510,16,2,3,4,8,3,0,1,0,1,0,26,1,4,2.0,0.0,0.0,0.0,2.0,1.0,6,2,6
154680,16,7,3,17,10,3,6,1,1,1,2,26,2,2,0.0,0.0,0.0,0.0,0.0,2.0,10,4,10
6129,15,2,3,17,3,3,6,1,1,1,2,18,2,2,0.0,0.0,0.0,0.0,0.0,4.0,12,1,1
48214,16,10,3,0,8,3,4,1,0,1,2,5,2,2,0.0,0.0,0.0,0.0,0.0,2.0,10,1,4
71015,4,2,1,7,15,5,0,1,0,1,2,23,3,3,1.0,0.0,0.0,1.0,0.0,5.0,0,2,5
135236,15,7,3,17,6,3,6,1,1,1,2,18,2,2,0.0,0.0,0.0,0.0,0.0,2.0,9,3,9
127733,16,2,3,17,6,3,0,5,0,1,2,18,2,2,0.0,0.0,0.0,0.0,0.0,2.0,10,6,9
173949,16,2,0,9,18,3,0,1,0,1,0,7,2,1,1.0,0.0,1.0,0.0,0.0,1.0,21,4,12
148228,16,2,1,17,3,3,0,1,1,1,1,24,2,2,0.0,0.0,0.0,0.0,0.0,3.0,10,7,10
53315,16,2,3,15,6,3,0,5,1,1,2,23,2,2,0.0,0.0,0.0,0.0,0.0,3.0,16,3,4
72282,16,7,3,0,6,3,6,1,0,1,2,36,2,1,2.0,0.0,1.0,1.0,0.0,0.0,11,7,6
182258,4,2,3,0,6,3,0,1,0,1,2,36,2,3,1.0,0.0,0.0,1.0,0.0,3.0,13,1,12
92023,16,2,3,15,10,3,0,1,1,1,2,18,2,2,0.0,0.0,0.0,0.0,0.0,2.0,12,2,7
107353,15,2,3,8,8,3,0,1,0,1,2,5,2,3,1.0,0.0,0.0,1.0,0.0,1.0,6,4,8
142059,4,6,1,0,6,3,0,1,0,1,2,18,2,4,1.0,0.0,0.0,0.0,1.0,1.0,1,1,10
127447,17,11,5,10,8,3,5,5,1,1,2,36,2,2,0.0,0.0,0.0,0.0,0.0,3.0,16,1,9
130617,15,2,3,0,2,3,0,5,0,1,2,18,3,3,2.0,0.0,0.0,2.0,0.0,1.0,8,4,9
160753,16,2,0,17,6,3,0,1,1,1,2,18,2,2,0.0,0.0,0.0,0.0,0.0,3.0,19,7,11
73462,4,2,3,0,15,3,0,1,1,1,1,36,2,2,0.0,0.0,0.0,0.0,0.0,2.0,15,3,6
95783,16,2,3,15,8,3,0,1,1,1,2,23,2,2,0.0,0.0,0.0,0.0,0.0,2.0,16,6,7
43493,16,2,3,0,6,3,0,5,0,1,2,6,2,3,2.0,0.0,0.0,2.0,0.0,1.0,16,2,4
82494,15,2,3,10,8,3,0,1,0,1,0,26,2,2,0.0,0.0,0.0,0.0,0.0,2.0,15,3,6
141888,16,2,1,17,6,3,0,1,1,1,2,18,2,2,0.0,0.0,0.0,0.0,0.0,3.0,21,5,10
151473,16,2,1,9,6,4,0,5,0,1,0,18,2,4,1.0,0.0,0.0,0.0,1.0,1.0,18,5,10
134897,16,2,2,0,11,3,0,1,1,1,2,16,2,2,0.0,0.0,0.0,0.0,0.0,2.0,7,4,9
156863,4,2,3,9,2,3,0,1,0,1,0,36,2,3,1.0,0.0,0.0,1.0,0.0,1.0,10,7,11
130783,15,2,3,0,2,3,0,1,0,1,2,18,2,4,3.0,0.0,0.0,0.0,3.0,1.0,8,4,9
85191,16,2,1,17,2,3,0,1,1,1,2,19,2,2,0.0,0.0,0.0,0.0,0.0,2.0,1,1,6
97651,16,2,3,15,2,3,0,1,1,1,0,18,2,2,0.0,0.0,0.0,0.0,0.0,2.0,13,5,7
24497,16,2,3,17,2,3,0,1,0,1,2,36,2,4,1.0,0.0,0.0,0.0,1.0,1.0,13,5,2
157363,4,2,1,15,3,3,0,1,0,0,1,17,2,2,0.0,0.0,0.0,0.0,0.0,2.0,19,1,11
87414,16,2,3,0,8,3,0,1,1,1,2,6,2,2,0.0,0.0,0.0,0.0,0.0,2.0,7,1,6
3242,15,2,3,9,8,3,1,1,0,1,0,18,2,3,1.0,0.0,0.0,1.0,0.0,1.0,10,6,1
107683,16,2,2,10,2,3,0,1,1,1,0,19,2,2,0.0,0.0,0.0,0.0,0.0,3.0,19,4,8
128249,16,2,1,17,10,3,0,1,1,1,2,22,2,2,0.0,0.0,0.0,0.0,0.0,2.0,2,7,9
133973,15,2,1,0,6,3,0,1,1,1,2,18,2,2,0.0,0.0,0.0,0.0,0.0,3.0,21,7,9
150367,15,3,3,0,8,3,6,5,0,1,2,5,2,4,1.0,0.0,0.0,0.0,1.0,2.0,15,2,10
46804,16,2,3,17,2,3,0,1,0,1,2,18,2,2,0.0,0.0,0.0,0.0,0.0,4.0,15,5,4
121205,16,2,3,10,1,3,0,1,0,1,2,12,2,3,4.0,0.0,0.0,4.0,0.0,2.0,16,1,9
34701,4,11,5,17,8,4,5,5,1,0,2,26,2,2,0.0,0.0,0.0,0.0,0.0,2.0,22,3,3
92833,4,2,3,11,10,3,0,1,1,1,1,21,2,2,0.0,0.0,0.0,0.0,0.0,2.0,17,2,7
148005,15,2,3,17,8,3,0,1,1,1,2,35,2,2,0.0,0.0,0.0,0.0,0.0,3.0,12,2,10
86314,16,11,5,15,8,3,5,5,1,1,0,36,2,2,0.0,0.0,0.0,0.0,0.0,2.0,21,5,6
123077,16,2,3,0,2,3,0,5,0,1,2,6,2,0,2.0,1.0,0.0,1.0,0.0,1.0,19,1,9
45392,16,2,3,9,10,3,0,1,0,1,0,8,2,4,1.0,0.0,0.0,0.0,1.0,1.0,10,7,4
160323,16,2,1,17,2,3,0,5,1,1,2,36,2,2,0.0,0.0,0.0,0.0,0.0,2.0,22,5,11
22931,16,2,3,9,6,3,6,1,0,1,0,38,2,3,1.0,0.0,0.0,1.0,0.0,1.0,8,6,2
44667,16,2,1,10,8,3,0,1,1,1,2,36,2,2,0.0,0.0,0.0,0.0,0.0,2.0,18,2,4
60290,15,2,1,0,10,3,0,1,0,1,2,5,2,2,0.0,0.0,0.0,0.0,0.0,3.0,20,1,5
75926,15,2,3,17,3,3,0,1,1,1,2,18,2,2,0.0,0.0,0.0,0.0,0.0,2.0,8,5,6
10283,16,2,1,9,2,3,0,5,0,1,0,36,2,1,1.0,0.0,1.0,0.0,0.0,1.0,17,5,1
159783,16,2,1,17,10,3,0,5,1,1,2,36,2,2,0.0,0.0,0.0,0.0,0.0,2.0,21,4,11
41495,16,2,3,17,8,3,0,1,0,1,2,26,2,2,0.0,0.0,0.0,0.0,0.0,2.0,17,7,3
170943,16,2,3,10,2,3,0,1,1,1,2,19,2,2,0.0,0.0,0.0,0.0,0.0,2.0,14,2,11
134963,16,2,3,17,3,3,0,1,0,1,2,35,2,2,0.0,0.0,0.0,0.0,0.0,3.0,17,5,9
170614,15,2,3,2,2,3,0,1,0,0,2,17,1,2,0.0,0.0,0.0,0.0,0.0,4.0,12,4,11
54611,15,2,3,10,2,3,0,5,1,1,1,19,2,2,0.0,0.0,0.0,0.0,0.0,4.0,16,7,4
95273,16,7,3,15,6,3,6,5,1,1,1,23,2,2,0.0,0.0,0.0,0.0,0.0,3.0,8,5,7
129995,17,2,1,3,8,3,6,5,1,1,2,26,2,2,0.0,0.0,0.0,0.0,0.0,2.0,22,1,9
5285,15,2,3,11,8,3,0,1,1,1,2,21,2,2,0.0,0.0,0.0,0.0,0.0,2.0,10,4,1
164276,16,2,1,0,8,3,0,1,0,1,2,6,2,3,3.0,0.0,0.0,3.0,0.0,0.0,23,5,11
115805,4,2,0,7,2,3,6,1,0,1,1,12,2,2,0.0,0.0,0.0,0.0,0.0,1.0,2,1,8
31430,16,2,1,10,2,3,0,1,1,1,2,36,2,2,0.0,0.0,0.0,0.0,0.0,5.0,5,4,3
171235,16,2,0,10,8,3,0,1,1,1,2,38,2,2,0.0,0.0,0.0,0.0,0.0,4.0,18,5,11
154826,16,3,3,17,6,3,6,1,0,1,2,36,2,4,1.0,0.0,0.0,0.0,1.0,1.0,10,7,10
4420,16,2,3,17,8,3,6,1,1,1,1,36,2,2,0.0,0.0,0.0,0.0,0.0,6.0,14,4,1
128851,16,2,3,0,6,3,0,5,1,1,2,6,2,2,0.0,0.0,0.0,0.0,0.0,2.0,15,1,9
72058,16,2,3,15,2,3,0,1,1,1,1,18,2,2,0.0,0.0,0.0,0.0,0.0,2.0,6,3,6
179353,15,2,3,0,10,3,0,1,0,1,2,18,2,4,1.0,0.0,0.0,0.0,1.0,2.0,8,4,12
96265,16,2,3,15,8,3,0,1,1,0,0,36,2,2,0.0,0.0,0.0,0.0,0.0,2.0,18,6,7
137675,16,11,1,0,2,3,5,5,1,1,2,6,2,2,0.0,0.0,0.0,0.0,0.0,2.0,2,2,10
58335,16,2,3,0,6,3,0,5,1,1,2,36,2,2,0.0,0.0,0.0,0.0,0.0,2.0,15,6,5
131621,4,3,3,0,2,3,0,1,0,1,1,18,2,2,0.0,0.0,0.0,0.0,0.0,2.0,17,3,9
160586,16,2,3,17,15,3,0,1,0,1,2,6,2,2,0.0,0.0,0.0,0.0,0.0,3.0,10,3,11
165440,15,2,3,17,8,3,0,1,1,1,2,24,2,2,0.0,0.0,0.0,0.0,0.0,5.0,14,1,11
151946,16,7,3,10,8,3,6,1,1,1,2,17,2,2,0.0,0.0,0.0,0.0,0.0,3.0,8,3,10
103774,15,2,3,9,10,3,0,1,0,1,1,36,3,3,1.0,0.0,0.0,1.0,0.0,2.0,18,1,7
47064,4,3,3,9,6,3,6,1,0,1,0,18,2,1,1.0,0.0,1.0,0.0,0.0,1.0,7,5,4
137024,4,2,0,2,8,3,0,1,0,1,2,36,1,2,0.0,0.0,0.0,0.0,0.0,2.0,0,1,9
73942,16,2,3,10,3,3,0,1,1,1,0,19,2,2,0.0,0.0,0.0,0.0,0.0,2.0,6,3,6
37158,15,2,2,10,8,3,0,5,1,1,0,36,2,2,0.0,0.0,0.0,0.0,0.0,2.0,15,2,3
52281,15,3,3,0,15,3,0,1,0,1,2,18,2,2,0.0,0.0,0.0,0.0,0.0,2.0,14,6,4
111895,16,7,3,10,8,3,6,1,0,1,2,19,2,4,1.0,0.0,0.0,0.0,1.0,1.0,8,5,8
145037,16,2,3,0,6,3,0,1,1,1,2,6,2,2,0.0,0.0,0.0,0.0,0.0,2.0,10,5,10