crash_date,               traffic_control_device,weather_condition,lighting_condition,first_crash_type,trafficway_type,alignment,roadway_surface_cond,road_defect,crash_type,intersection_related_i,damage,prim_contributory_cause,num_units,most_severe_injury,injuries_total,injuries_fatal,injuries_incapacitating,injuries_non_incapacitating,injuries_reported_not_evident,injuries_no_indication,crash_hour,crash_day_of_week,crash_month
27505,16,2,1,10,8,3,0,1,1,1,2,36,2,2,0.0,0.0,0.0,0.0,0.0,2.0,1,2,2
186030,4,2,1,0,15,3,0,1,1,1,2,18,2,2,0.0,0.0,0.0,0.0,0.0,2.0,0,4,12
31539,4,10,1,17,8,3,6,1,1,1,2,19,2,2,0.0,0.0,0.0,0.0,0.0,2.0,5,6,3
148011,16,2,3,9,2,3,0,1,0,1,0,26,2,1,1.0,0.0,1.0,0.0,0.0,1.0,15,4,10
179339,4,2,1,15,8,3,0,1,1,1,2,22,2,2,0.0,0.0,0.0,0.0,0.0,2.0,19,4,12
130034,16,2,3,7,8,3,0,1,1,1,1,36,2,2,0.0,0.0,0.0,0.0,0.0,3.0,17,3,9
46352,16,2,3,15,8,3,0,1,0,1,2,30,2,2,0.0,0.0,0.0,0.0,0.0,3.0,10,3,4
78883,4,2,3,0,8,3,0,1,1,1,2,17,2,2,0.0,0.0,0.0,0.0,0.0,7.0,16,6,6
37867,16,2,3,17,6,3,0,1,0,1,2,6,2,2,0.0,0.0,0.0,0.0,0.0,2.0,9,2,3
51703,16,2,1,7,8,3,0,1,0,1,2,13,3,2,0.0,0.0,0.0,0.0,0.0,1.0,6,1,4
102583,16,2,3,0,6,3,0,1,1,1,2,18,2,2,0.0,0.0,0.0,0.0,0.0,4.0,12,4,7
100854,4,2,1,8,2,3,0,2,0,1,2,17,2,1,1.0,0.0,1.0,0.0,0.0,1.0,0,5,7
146166,16,2,3,17,8,3,0,5,1,1,2,18,2,2,0.0,0.0,0.0,0.0,0.0,2.0,12,7,10
30808,16,2,4,0,2,3,6,1,0,1,2,6,2,1,1.0,0.0,1.0,0.0,0.0,1.0,2,1,3
159557,16,2,1,17,8,3,0,1,0,1,2,21,2,3,1.0,0.0,0.0,1.0,0.0,1.0,22,2,11
100857,17,11,1,9,11,3,5,5,0,1,0,36,2,3,1.0,0.0,0.0,1.0,0.0,1.0,1,6,7
90150,15,2,3,17,6,3,0,6,1,1,2,18,2,2,0.0,0.0,0.0,0.0,0.0,3.0,12,2,7
62009,15,2,3,17,15,3,5,5,1,1,2,36,2,2,0.0,0.0,0.0,0.0,0.0,4.0,15,1,5
153448,15,2,1,0,8,3,0,5,0,1,2,5,2,3,1.0,0.0,0.0,1.0,0.0,3.0,22,7,10
81011,16,2,3,0,8,3,0,1,0,1,2,6,2,3,2.0,0.0,0.0,2.0,0.0,0.0,8,2,6
48825,16,2,3,15,8,3,0,1,1,1,2,19,2,2,0.0,0.0,0.0,0.0,0.0,4.0,18,6,4
34008,4,2,3,17,8,3,0,1,0,1,2,18,3,2,0.0,0.0,0.0,0.0,0.0,2.0,16,6,3
114244,16,2,3,10,8,3,0,1,1,1,2,19,3,2,0.0,0.0,0.0,0.0,0.0,4.0,18,5,8
113010,16,2,3,17,6,3,0,1,1,1,0,36,2,2,0.0,0.0,0.0,0.0,0.0,2.0,12,7,8
177354,16,2,3,0,15,3,0,5,1,1,2,36,2,2,0.0,0.0,0.0,0.0,0.0,2.0,15,5,12
131349,16,2,3,10,2,3,0,1,1,1,2,36,2,2,0.0,0.0,0.0,0.0,0.0,5.0,15,5,9
183520,4,2,1,17,2,3,0,1,1,1,2,19,3,2,0.0,0.0,0.0,0.0,0.0,3.0,16,6,12
144332,16,2,3,10,2,3,0,1,1,1,2,23,2,2,0.0,0.0,0.0,0.0,0.0,2.0,18,3,10
142989,15,2,3,0,2,5,0,5,0,1,2,18,3,1,1.0,0.0,1.0,0.0,0.0,2.0,10,5,10
131302,16,2,3,10,8,3,0,1,1,1,0,19,2,2,0.0,0.0,0.0,0.0,0.0,9.0,7,4,9
92484,15,2,3,0,2,3,0,1,1,1,2,18,2,2,0.0,0.0,0.0,0.0,0.0,3.0,18,3,7
148535,4,2,1,17,8,3,5,5,0,1,2,36,2,2,0.0,0.0,0.0,0.0,0.0,4.0,1,7,10
109493,4,2,3,17,8,3,0,1,0,1,2,24,2,2,0.0,0.0,0.0,0.0,0.0,3.0,8,3,8
142953,16,7,3,10,8,3,6,1,1,1,2,19,2,2,0.0,0.0,0.0,0.0,0.0,2.0,16,5,10
81718,16,2,3,17,8,3,0,1,0,1,2,24,2,2,0.0,0.0,0.0,0.0,0.0,2.0,6,6,6
34068,16,2,3,8,8,3,0,1,0,1,2,26,2,4,1.0,0.0,0.0,0.0,1.0,1.0,15,7,3
52047,16,2,3,0,6,3,0,1,0,1,2,6,2,3,2.0,0.0,0.0,2.0,0.0,0.0,9,2,4
178722,16,2,1,17,8,3,0,1,1,0,0,18,2,2,0.0,0.0,0.0,0.0,0.0,2.0,2,3,12
163654,15,7,3,10,8,3,6,1,1,1,0,36,2,2,0.0,0.0,0.0,0.0,0.0,2.0,9,4,11
13714,16,10,3,15,6,3,6,1,1,1,2,36,2,2,0.0,0.0,0.0,0.0,0.0,2.0,12,7,1
145069,15,7,3,0,8,3,6,1,0,1,2,18,2,2,0.0,0.0,0.0,0.0,0.0,2.0,16,6,10
14178,16,2,3,10,2,3,0,1,0,1,1,18,2,4,1.0,0.0,0.0,0.0,1.0,3.0,15,7,1
53502,15,2,3,0,8,3,0,1,0,1,2,36,2,4,1.0,0.0,0.0,0.0,1.0,2.0,12,4,4
46176,4,2,3,17,15,3,0,1,0,1,2,18,2,2,0.0,0.0,0.0,0.0,0.0,3.0,17,1,4
177318,4,2,1,0,8,3,0,1,0,1,2,18,2,2,0.0,0.0,0.0,0.0,0.0,2.0,20,3,12
102278,4,2,1,8,8,3,0,1,0,1,1,18,2,3,1.0,0.0,0.0,1.0,0.0,1.0,2,1,7
156296,4,7,4,10,2,3,6,1,1,0,2,19,2,2,0.0,0.0,0.0,0.0,0.0,2.0,17,4,11
163879,16,7,3,17,6,3,6,1,1,1,2,36,2,2,0.0,0.0,0.0,0.0,0.0,2.0,10,1,11
61808,15,2,3,0,8,3,0,1,0,1,2,18,2,2,0.0,0.0,0.0,0.0,0.0,3.0,17,4,5
34529,15,2,2,0,8,3,0,1,0,1,2,30,2,1,1.0,0.0,1.0,0.0,0.0,3.0,18,7,3
35999,16,2,1,17,15,3,0,1,0,1,2,24,2,3,1.0,0.0,0.0,1.0,0.0,1.0,21,3,3
150305,15,3,3,0,8,3,0,1,1,1,1,18,2,2,0.0,0.0,0.0,0.0,0.0,2.0,16,6,10
114033,16,11,3,10,8,3,5,5,1,1,1,36,2,2,0.0,0.0,0.0,0.0,0.0,2.0,9,7,8
74024,16,2,3,10,8,3,0,1,1,1,2,36,2,2,0.0,0.0,0.0,0.0,0.0,3.0,18,4,6
162541,15,2,1,17,2,3,0,1,1,1,2,18,2,2,0.0,0.0,0.0,0.0,0.0,2.0,5,3,11
25211,4,2,3,15,8,3,0,1,1,1,2,23,2,2,0.0,0.0,0.0,0.0,0.0,2.0,8,5,2
57368,15,2,3,17,2,3,0,1,1,1,2,36,2,2,0.0,0.0,0.0,0.0,0.0,2.0,7,4,5
36382,15,2,0,10,8,3,0,1,0,1,2,19,2,2,0.0,0.0,0.0,0.0,0.0,3.0,23,2,3
173016,16,7,2,0,6,3,6,1,1,1,0,6,2,2,0.0,0.0,0.0,0.0,0.0,2.0,5,5,12
82061,4,2,3,10,2,3,0,1,1,1,1,28,2,2,0.0,0.0,0.0,0.0,0.0,3.0,12,2,6
52681,4,2,3,17,10,3,0,5,1,1,2,24,2,2,0.0,0.0,0.0,0.0,0.0,2.0,9,4,4
151351,4,2,1,15,2,3,0,1,1,0,1,23,2,2,0.0,0.0,0.0,0.0,0.0,2.0,19,2,10
129654,16,2,3,0,6,3,0,1,0,1,2,6,2,4,1.0,0.0,0.0,0.0,1.0,1.0,14,3,9
26523,16,10,3,17,15,3,4,5,0,1,1,24,2,2,0.0,0.0,0.0,0.0,0.0,2.0,11,6,2
189014,16,7,3,10,1,3,4,1,0,1,2,36,2,4,2.0,0.0,0.0,0.0,2.0,2.0,11,1,12
6973,15,10,3,17,6,3,4,1,0,1,2,5,2,2,0.0,0.0,0.0,0.0,0.0,3.0,13,3,1
155427,16,2,3,0,6,3,0,1,1,1,2,26,2,2,0.0,0.0,0.0,0.0,0.0,2.0,14,1,10
112536,4,2,3,9,8,3,0,1,1,1,0,36,2,2,0.0,0.0,0.0,0.0,0.0,2.0,14,6,8
88474,4,2,3,0,6,3,0,1,0,1,2,18,3,2,0.0,0.0,0.0,0.0,0.0,2.0,16,5,7
22841,16,10,1,17,19,3,4,1,1,1,0,24,2,2,0.0,0.0,0.0,0.0,0.0,2.0,19,5,2
170356,16,2,2,17,8,3,0,1,1,1,2,22,2,2,0.0,0.0,0.0,0.0,0.0,2.0,16,6,11
67651,16,2,3,17,8,3,0,1,0,1,1,28,2,3,1.0,0.0,0.0,1.0,0.0,1.0,13,5,5
32501,16,2,1,10,8,3,0,5,1,1,1,17,2,2,0.0,0.0,0.0,0.0,0.0,2.0,4,7,3
74340,16,2,1,0,8,3,0,1,1,1,2,36,2,2,0.0,0.0,0.0,0.0,0.0,2.0,3,4,6
16479,16,7,3,17,8,3,6,1,0,1,2,18,2,2,0.0,0.0,0.0,0.0,0.0,2.0,14,2,2
148733,15,2,1,0,2,4,0,5,0,1,2,5,2,4,1.0,0.0,0.0,0.0,1.0,3.0,4,7,10
146798,16,2,3,15,8,3,6,1,1,1,2,17,2,2,0.0,0.0,0.0,0.0,0.0,4.0,11,2,10
150188,16,2,1,17,6,3,0,1,0,1,2,22,2,4,1.0,0.0,0.0,0.0,1.0,1.0,1,1,10
75955,4,2,3,0,2,3,0,1,0,1,2,36,2,1,1.0,0.0,1.0,0.0,0.0,3.0,12,5,6
155165,15,2,3,0,2,3,0,1,1,1,2,5,2,2,0.0,0.0,0.0,0.0,0.0,2.0,8,3,10
185026,16,10,1,17,6,3,4,1,1,1,2,36,2,2,0.0,0.0,0.0,0.0,0.0,3.0,2,6,12
14703,15,3,3,0,8,3,4,1,1,1,2,5,2,2,0.0,0.0,0.0,0.0,0.0,3.0,14,5,1
78827,16,3,3,17,3,3,0,1,0,1,2,18,2,2,0.0,0.0,0.0,0.0,0.0,3.0,18,5,6
26951,4,2,1,17,6,3,0,5,1,1,2,24,2,2,0.0,0.0,0.0,0.0,0.0,2.0,18,6,2
86738,16,2,3,15,8,3,0,1,1,1,1,36,2,2,0.0,0.0,0.0,0.0,0.0,2.0,17,5,6
175667,16,2,3,17,8,3,0,1,1,1,2,24,2,2,0.0,0.0,0.0,0.0,0.0,2.0,12,7,12
80441,16,2,3,17,8,3,0,5,1,1,2,36,2,2,0.0,0.0,0.0,0.0,0.0,2.0,18,7,6
92564,16,2,1,17,8,3,0,1,0,1,2,36,2,1,1.0,0.0,1.0,0.0,0.0,1.0,20,4,7
113763,15,2,0,0,18,3,0,5,0,1,2,5,3,3,2.0,0.0,0.0,2.0,0.0,4.0,0,4,8
94005,15,2,3,17,1,3,0,1,1,1,2,18,2,2,0.0,0.0,0.0,0.0,0.0,3.0,8,5,7
141785,15,2,3,0,10,3,0,1,1,1,2,36,2,2,0.0,0.0,0.0,0.0,0.0,4.0,14,3,10
123281,16,2,3,17,3,3,0,1,1,1,1,18,2,2,0.0,0.0,0.0,0.0,0.0,5.0,12,5,9
94875,16,2,3,9,6,3,0,5,0,1,0,36,2,3,1.0,0.0,0.0,1.0,0.0,1.0,12,5,7
5090,15,7,3,0,6,3,6,1,1,1,2,18,2,2,0.0,0.0,0.0,0.0,0.0,2.0,15,7,1
83574,16,2,3,10,6,3,0,1,1,1,0,36,2,2,0.0,0.0,0.0,0.0,0.0,2.0,10,5,6
81716,16,2,3,17,2,3,0,1,1,1,1,17,2,2,0.0,0.0,0.0,0.0,0.0,2.0,18,6,6
171326,16,2,1,0,6,4,0,1,0,1,2,6,2,1,1.0,0.0,1.0,0.0,0.0,2.0,4,1,11
186443,15,4,3,10,2,3,0,1,1,1,2,36,2,2,0.0,0.0,0.0,0.0,0.0,2.0,11,5,12
181392,16,2,1,9,2,3,0,1,0,1,0,18,2,3,1.0,0.0,0.0,1.0,0.0,4.0,17,2,12
54492,16,2,3,13,18,3,0,1,0,1,2,18,2,4,1.0,0.0,0.0,0.0,1.0,1.0,8,7,4
131084,16,7,3,17,6,3,6,5,1,1,2,24,2,2,0.0,0.0,0.0,0.0,0.0,2.0,7,3,9
182695,15,2,3,17,10,3,0,1,0,1,2,12,2,2,0.0,0.0,0.0,0.0,0.0,2.0,9,5,12
105474,16,2,3,17,6,3,0,1,0,1,2,30,2,2,0.0,0.0,0.0,0.0,0.0,5.0,17,5,8
160722,16,3,3,17,2,3,0,1,1,1,1,36,2,2,0.0,0.0,0.0,0.0,0.0,2.0,14,7,11
151483,15,2,1,0,6,3,0,1,0,1,2,36,2,4,1.0,0.0,0.0,0.0,1.0,1.0,19,5,10
54354,16,2,1,15,8,3,0,1,1,1,1,18,2,2,0.0,0.0,0.0,0.0,0.0,2.0,20,4,4
148217,15,2,4,10,6,3,0,1,1,1,2,19,2,2,0.0,0.0,0.0,0.0,0.0,2.0,19,7,10
176675,8,2,1,17,2,3,0,1,1,1,1,18,2,2,0.0,0.0,0.0,0.0,0.0,3.0,17,2,12
37372,16,2,3,0,6,3,0,1,0,1,2,36,2,3,1.0,0.0,0.0,1.0,0.0,2.0,7,7,3
68083,16,2,0,0,6,3,0,5,0,1,2,6,2,3,1.0,0.0,0.0,1.0,0.0,1.0,23,6,5
98631,16,2,3,10,1,3,0,1,1,0,0,19,2,2,0.0,0.0,0.0,0.0,0.0,2.0,9,6,7
22527,16,2,3,10,6,3,0,1,1,1,2,19,2,2,0.0,0.0,0.0,0.0,0.0,2.0,12,6,2
81160,16,2,1,11,6,3,0,1,1,1,1,21,2,2,0.0,0.0,0.0,0.0,0.0,3.0,23,5,6
143403,16,2,3,10,2,3,0,1,1,1,2,19,2,2,0.0,0.0,0.0,0.0,0.0,2.0,6,4,10
148986,16,2,1,17,1,3,0,5,0,1,1,24,2,2,0.0,0.0,0.0,0.0,0.0,5.0,19,5,10
27692,16,2,1,10,8,3,0,1,1,1,1,19,2,2,0.0,0.0,0.0,0.0,0.0,2.0,18,4,2
27729,15,2,3,0,11,3,0,1,1,1,2,18,2,2,0.0,0.0,0.0,0.0,0.0,2.0,13,5,2
61480,16,2,3,9,10,3,0,1,0,1,2,18,2,3,1.0,0.0,0.0,1.0,0.0,1.0,13,7,5
173703,16,2,3,10,15,2,0,5,1,1,2,19,2,2,0.0,0.0,0.0,0.0,0.0,2.0,8,3,12
138583,16,2,3,15,8,3,0,1,1,1,2,22,2,2,0.0,0.0,0.0,0.0,0.0,2.0,11,1,10
60610,16,2,3,15,10,3,0,1,1,1,1,36,2,2,0.0,0.0,0.0,0.0,0.0,3.0,18,5,5
157328,4,7,3,0,5,3,5,5,1,1,2,18,2,2,0.0,0.0,0.0,0.0,0.0,11.0,13,1,11
58870,16,2,3,10,15,3,0,5,0,1,0,19,2,4,1.0,0.0,0.0,0.0,1.0,4.0,18,7,5
9035,16,2,3,0,6,3,0,1,1,1,2,6,2,2,0.0,0.0,0.0,0.0,0.0,2.0,13,5,1
6393,16,10,1,17,6,3,4,1,1,1,2,24,2,2,0.0,0.0,0.0,0.0,0.0,2.0,18,7,1
552,16,2,3,0,8,3,0,1,0,1,2,6,3,3,1.0,0.0,0.0,1.0,0.0,2.0,14,3,1
90542,16,2,0,10,8,3,0,5,1,1,1,19,2,2,0.0,0.0,0.0,0.0,0.0,3.0,20,7,7
16215,16,11,3,8,6,3,5,5,1,1,0,36,2,2,0.0,0.0,0.0,0.0,0.0,2.0,10,4,2
128209,16,2,3,10,2,3,0,1,1,1,2,19,2,2,0.0,0.0,0.0,0.0,0.0,2.0,7,5,9
75502,4,2,3,17,2,3,0,1,1,1,1,18,2,2,0.0,0.0,0.0,0.0,0.0,2.0,17,4,6
4924,16,2,3,10,8,3,0,1,1,1,2,36,2,2,0.0,0.0,0.0,0.0,0.0,2.0,11,2,1
131040,16,2,3,5,6,3,0,1,0,1,1,18,2,3,1.0,0.0,0.0,1.0,0.0,1.0,10,2,9
110012,16,7,1,10,8,3,6,1,1,1,2,17,2,2,0.0,0.0,0.0,0.0,0.0,2.0,20,2,8
122335,4,2,3,15,2,3,0,1,0,1,2,20,3,4,1.0,0.0,0.0,0.0,1.0,2.0,11,3,9
50342,16,2,3,0,8,3,0,1,0,1,1,18,2,2,0.0,0.0,0.0,0.0,0.0,2.0,6,5,4
158619,16,2,3,17,8,3,0,1,0,1,1,24,2,1,2.0,0.0,1.0,1.0,0.0,0.0,12,6,11
131625,4,2,3,10,8,3,6,1,1,1,2,19,3,2,0.0,0.0,0.0,0.0,0.0,3.0,18,3,9
150870,16,2,3,10,8,3,0,1,1,1,2,19,2,2,0.0,0.0,0.0,0.0,0.0,2.0,15,4,10
37646,15,3,3,15,10,3,0,1,0,1,2,23,2,2,0.0,0.0,0.0,0.0,0.0,2.0,7,4,3
147756,16,2,3,8,8,3,0,1,1,1,2,36,2,2,0.0,0.0,0.0,0.0,0.0,2.0,7,2,10
94732,16,2,2,10,8,3,0,5,1,1,2,19,2,2,0.0,0.0,0.0,0.0,0.0,2.0,6,3,7
160252,15,2,3,0,2,3,0,1,0,1,2,38,3,1,4.0,0.0,2.0,0.0,2.0,3.0,8,2,11
559,15,2,3,0,2,3,0,5,1,1,2,5,2,2,0.0,0.0,0.0,0.0,0.0,2.0,15,3,1
57315,4,7,1,0,2,3,6,1,0,1,2,17,2,3,1.0,0.0,0.0,1.0,0.0,1.0,21,3,5
187908,16,7,1,17,6,3,6,1,0,1,0,36,3,3,1.0,0.0,0.0,1.0,0.0,5.0,21,5,12
39732,16,2,4,17,6,3,0,1,0,1,2,24,2,2,0.0,0.0,0.0,0.0,0.0,4.0,0,2,3
26827,16,2,3,15,3,3,0,5,1,1,2,22,2,2,0.0,0.0,0.0,0.0,0.0,2.0,10,3,2
45249,16,2,1,0,2,3,0,1,0,1,2,36,2,2,0.0,0.0,0.0,0.0,0.0,3.0,4,6,4
144746,15,2,0,10,10,3,6,5,1,1,1,19,2,2,0.0,0.0,0.0,0.0,0.0,2.0,21,7,10
1597,15,2,3,0,8,3,5,5,1,1,2,36,2,2,0.0,0.0,0.0,0.0,0.0,2.0,8,6,1
121770,16,2,3,0,6,3,0,1,0,1,2,6,2,2,0.0,0.0,0.0,0.0,0.0,2.0,15,3,9
61577,16,3,3,15,2,3,6,1,1,1,1,36,2,2,0.0,0.0,0.0,0.0,0.0,4.0,12,5,5
156153,16,2,0,15,2,0,1,1,1,1,2,39,2,2,0.0,0.0,0.0,0.0,0.0,2.0,6,4,11
115192,16,2,1,17,8,3,0,1,1,1,2,24,2,2,0.0,0.0,0.0,0.0,0.0,2.0,21,4,8
36216,18,2,3,0,6,3,0,5,0,1,2,17,2,2,0.0,0.0,0.0,0.0,0.0,2.0,17,1,3
50098,15,10,3,17,2,3,6,5,0,1,2,18,2,2,0.0,0.0,0.0,0.0,0.0,2.0,15,2,4
92087,4,2,3,17,2,3,0,1,1,1,2,18,2,2,0.0,0.0,0.0,0.0,0.0,2.0,11,3,7
61985,16,11,5,15,6,3,5,5,1,1,2,24,2,2,0.0,0.0,0.0,0.0,0.0,3.0,23,6,5
39702,15,2,1,0,6,3,0,5,1,1,2,18,2,2,0.0,0.0,0.0,0.0,0.0,5.0,19,2,3
184475,16,2,1,9,6,3,5,5,0,1,0,36,2,4,1.0,0.0,0.0,0.0,1.0,1.0,20,4,12
145584,15,2,3,7,8,3,0,1,1,0,1,24,2,2,0.0,0.0,0.0,0.0,0.0,1.0,8,6,10
174916,4,2,0,0,8,3,0,1,1,1,1,18,2,2,0.0,0.0,0.0,0.0,0.0,2.0,18,3,12
128970,16,2,3,10,8,3,0,5,1,1,2,19,2,2,0.0,0.0,0.0,0.0,0.0,2.0,8,7,9
149601,16,2,1,0,8,3,0,1,1,1,2,6,2,2,0.0,0.0,0.0,0.0,0.0,2.0,19,7,10
51251,16,2,3,17,10,3,0,1,1,1,0,24,2,2,0.0,0.0,0.0,0.0,0.0,2.0,20,6,4
163979,16,7,1,15,5,3,6,1,0,1,2,17,2,2,0.0,0.0,0.0,0.0,0.0,2.0,16,3,11
163812,16,2,3,10,8,3,0,1,1,1,0,19,2,2,0.0,0.0,0.0,0.0,0.0,2.0,8,6,11
90631,16,2,3,10,2,3,0,1,1,1,0,36,2,2,0.0,0.0,0.0,0.0,0.0,4.0,12,2,7
171939,15,2,3,0,6,3,0,1,1,1,2,5,2,2,0.0,0.0,0.0,0.0,0.0,2.0,10,3,11
140438,4,2,3,17,8,3,6,1,1,1,1,18,2,2,0.0,0.0,0.0,0.0,0.0,3.0,13,5,10
131130,16,2,1,0,6,3,0,1,0,1,2,17,2,1,3.0,0.0,2.0,1.0,0.0,0.0,0,3,9
109639,17,2,1,0,17,3,0,5,0,0,0,36,2,3,1.0,0.0,0.0,1.0,0.0,1.0,21,5,8
54620,16,2,3,0,8,3,0,1,0,1,2,6,2,2,0.0,0.0,0.0,0.0,0.0,2.0,6,7,4
32340,4,10,1,0,10,3,6,1,0,1,2,36,2,2,0.0,0.0,0.0,0.0,0.0,2.0,21,5,3
2303,4,2,3,0,6,3,0,1,1,1,2,17,2,2,0.0,0.0,0.0,0.0,0.0,4.0,13,6,1
95717,15,2,3,0,6,4,0,1,0,1,2,18,2,3,2.0,0.0,0.0,2.0,0.0,0.0,18,5,7
186072,16,2,3,17,11,3,5,1,1,1,2,36,2,2,0.0,0.0,0.0,0.0,0.0,3.0,14,3,12
179153,16,2,3,2,8,3,0,1,0,0,2,26,1,2,0.0,0.0,0.0,0.0,0.0,4.0,15,1,12
156428,4,2,3,0,2,3,0,1,1,1,1,15,2,2,0.0,0.0,0.0,0.0,0.0,3.0,16,6,11
42178,4,7,1,17,15,3,6,5,0,1,2,17,2,3,2.0,0.0,0.0,2.0,0.0,0.0,20,6,3
148104,15,3,3,17,2,3,6,1,0,1,1,18,2,3,1.0,0.0,0.0,1.0,0.0,2.0,14,6,10
175326,15,2,3,0,6,3,0,1,0,1,2,36,2,4,1.0,0.0,0.0,0.0,1.0,1.0,8,4,12
11669,16,7,1,0,6,3,6,1,0,1,2,6,2,3,1.0,0.0,0.0,1.0,0.0,2.0,23,6,1
11013,16,2,1,15,8,3,0,1,1,1,2,36,2,2,0.0,0.0,0.0,0.0,0.0,2.0,17,2,1
161278,16,2,3,0,6,3,0,1,0,1,2,6,2,2,0.0,0.0,0.0,0.0,0.0,3.0,12,6,11
71763,16,3,3,17,8,3,6,1,1,1,2,6,2,2,0.0,0.0,0.0,0.0,0.0,2.0,10,4,6
172521,15,2,3,17,3,3,0,1,1,1,2,5,2,2,0.0,0.0,0.0,0.0,0.0,2.0,17,5,12
159237,15,2,3,0,8,3,0,1,0,1,2,12,2,2,0.0,0.0,0.0,0.0,0.0,4.0,7,3,11
26646,15,2,1,0,6,3,0,1,0,1,2,18,2,3,1.0,0.0,0.0,1.0,0.0,4.0,21,1,2
7214,15,3,3,10,10,3,6,1,0,1,2,36,2,2,0.0,0.0,0.0,0.0,0.0,2.0,7,4,1
149717,4,2,3,0,10,3,0,1,1,1,2,18,2,2,0.0,0.0,0.0,0.0,0.0,3.0,14,5,10
28980,4,2,3,0,8,3,0,3,1,1,1,36,2,2,0.0,0.0,0.0,0.0,0.0,2.0,12,3,3
122447,11,2,3,15,6,3,0,1,1,1,2,23,2,2,0.0,0.0,0.0,0.0,0.0,2.0,16,6,9
87218,16,7,0,14,3,3,6,1,1,1,1,21,2,2,0.0,0.0,0.0,0.0,0.0,4.0,0,7,6
75347,16,2,4,14,8,3,0,1,1,1,2,28,2,2,0.0,0.0,0.0,0.0,0.0,2.0,1,4,6
76555,15,2,4,0,8,3,0,1,1,1,1,18,2,2,0.0,0.0,0.0,0.0,0.0,2.0,19,6,6
77979,4,2,3,9,2,3,0,1,0,1,2,17,2,1,1.0,0.0,1.0,0.0,0.0,1.0,14,1,6
32282,16,2,3,17,6,3,0,5,0,1,2,6,3,2,0.0,0.0,0.0,0.0,0.0,3.0,13,5,3
15730,4,2,3,15,8,3,5,5,1,1,1,36,2,2,0.0,0.0,0.0,0.0,0.0,2.0,14,1,2
94583,16,2,3,17,8,3,0,0,0,1,2,24,2,3,1.0,0.0,0.0,1.0,0.0,1.0,16,7,7
121909,15,2,3,15,8,3,0,1,1,1,2,36,2,2,0.0,0.0,0.0,0.0,0.0,4.0,14,6,9
137014,15,2,1,0,15,3,0,5,1,1,2,36,2,2,0.0,0.0,0.0,0.0,0.0,2.0,21,1,9
38857,16,2,1,2,6,3,0,1,0,1,2,36,1,3,1.0,0.0,0.0,1.0,0.0,0.0,23,7,3
154986,15,2,3,8,8,3,0,1,0,1,0,36,2,4,1.0,0.0,0.0,0.0,1.0,1.0,11,2,10
84054,15,2,3,0,15,3,0,1,0,1,2,18,2,2,0.0,0.0,0.0,0.0,0.0,2.0,13,6,6
54818,16,2,1,0,2,3,0,1,0,1,2,6,2,2,0.0,0.0,0.0,0.0,0.0,4.0,0,4,4
138409,15,2,3,0,15,3,0,5,1,1,2,18,3,2,0.0,0.0,0.0,0.0,0.0,3.0,18,6,10
151688,16,2,3,17,2,3,0,1,1,1,1,24,2,2,0.0,0.0,0.0,0.0,0.0,2.0,11,5,10
162327,15,2,3,2,2,3,0,1,0,1,2,36,1,2,0.0,0.0,0.0,0.0,0.0,1.0,6,1,11
13566,16,2,3,0,2,3,0,1,0,1,2,6,2,3,2.0,0.0,0.0,2.0,0.0,1.0,10,5,1
23886,16,2,2,17,3,3,0,1,1,1,2,17,2,2,0.0,0.0,0.0,0.0,0.0,2.0,18,1,2
2705,4,2,1,15,8,3,0,5,0,1,1,18,2,3,1.0,0.0,0.0,1.0,0.0,1.0,6,5,1
148689,16,2,1,10,8,3,0,5,0,1,2,9,2,4,1.0,0.0,0.0,0.0,1.0,1.0,19,6,10
21442,16,2,3,17,2,3,0,1,1,1,2,18,2,2,0.0,0.0,0.0,0.0,0.0,3.0,14,2,2
100271,4,2,1,17,3,3,0,1,1,0,1,24,2,2,0.0,0.0,0.0,0.0,0.0,2.0,1,4,7
159764,4,2,1,17,8,3,0,1,1,1,2,36,2,2,0.0,0.0,0.0,0.0,0.0,2.0,18,4,11
63677,16,2,1,0,2,3,0,1,0,1,2,36,2,3,1.0,0.0,0.0,1.0,0.0,2.0,20,4,5
159689,16,2,3,15,2,3,0,1,1,1,2,22,2,2,0.0,0.0,0.0,0.0,0.0,3.0,12,5,11
33418,17,2,4,17,17,3,0,5,1,1,1,24,2,2,0.0,0.0,0.0,0.0,0.0,4.0,22,2,3
165642,16,2,2,10,8,3,0,1,1,1,1,19,2,2,0.0,0.0,0.0,0.0,0.0,2.0,17,5,11
58487,16,2,3,2,8,3,0,1,0,1,2,18,1,3,1.0,0.0,0.0,1.0,0.0,0.0,16,7,5
20640,16,2,3,10,10,3,0,1,1,1,2,16,2,2,0.0,0.0,0.0,0.0,0.0,2.0,10,3,2
113135,16,2,3,0,2,3,0,1,0,1,2,36,2,2,0.0,0.0,0.0,0.0,0.0,2.0,9,7,8
179350,16,2,3,17,6,3,0,1,0,1,2,23,2,4,3.0,0.0,0.0,0.0,3.0,0.0,8,4,12
5867,15,5,3,7,8,3,4,1,1,1,1,39,2,2,0.0,0.0,0.0,0.0,0.0,1.0,14,6,1
83156,16,2,3,0,8,3,0,1,0,1,2,18,2,2,0.0,0.0,0.0,0.0,0.0,2.0,17,5,6