crash_date,               traffic_control_device,weather_condition,lighting_condition,first_crash_type,trafficway_type,alignment,roadway_surface_cond,road_defect,crash_type,intersection_related_i,damage,prim_contributory_cause,num_units,most_severe_injury,injuries_total,injuries_fatal,injuries_incapacitating,injuries_non_incapacitating,injuries_reported_not_evident,injuries_no_indication,crash_hour,crash_day_of_week,crash_month
36122,4,2,3,10,2,3,0,1,1,1,2,36,2,2,0.0,0.0,0.0,0.0,0.0,2.0,12,5,3
54824,15,2,3,0,8,3,0,1,0,1,2,18,2,3,2.0,0.0,0.0,2.0,0.0,0.0,13,5,4
2035,16,2,1,10,2,3,0,1,1,1,2,19,2,2,0.0,0.0,0.0,0.0,0.0,3.0,21,6,1
122312,16,2,3,10,8,3,0,1,1,1,1,19,2,2,0.0,0.0,0.0,0.0,0.0,4.0,8,3,9
157968,4,7,1,17,15,3,6,1,1,1,2,36,2,2,0.0,0.0,0.0,0.0,0.0,2.0,18,2,11
172778,16,2,1,15,2,3,0,2,1,1,2,23,2,2,0.0,0.0,0.0,0.0,0.0,2.0,17,7,12
39285,15,2,3,0,6,3,0,1,0,1,2,9,2,2,0.0,0.0,0.0,0.0,0.0,4.0,10,1,3
112958,15,2,3,17,8,3,6,1,1,1,2,36,2,2,0.0,0.0,0.0,0.0,0.0,2.0,17,7,8
71174,15,2,3,0,2,3,0,1,0,1,2,18,2,1,1.0,0.0,1.0,0.0,0.0,3.0,9,3,5
46750,16,2,0,17,8,3,0,1,1,1,2,17,2,2,0.0,0.0,0.0,0.0,0.0,5.0,19,4,4
187488,4,2,1,7,8,3,0,1,1,0,2,19,2,2,0.0,0.0,0.0,0.0,0.0,2.0,18,7,12
163697,16,2,4,10,2,3,0,5,1,1,2,19,2,2,0.0,0.0,0.0,0.0,0.0,3.0,17,5,11
11129,16,10,3,17,3,3,4,1,0,1,2,18,2,2,0.0,0.0,0.0,0.0,0.0,2.0,8,4,1
176941,16,2,1,15,8,3,6,1,1,1,2,13,2,2,0.0,0.0,0.0,0.0,0.0,2.0,21,6,12
40308,16,7,3,15,2,3,6,1,1,1,2,22,2,2,0.0,0.0,0.0,0.0,0.0,3.0,18,6,3
109490,4,2,4,17,3,3,0,1,0,1,2,17,2,2,0.0,0.0,0.0,0.0,0.0,2.0,19,3,8
108424,16,2,3,8,8,3,0,1,1,1,0,36,2,2,0.0,0.0,0.0,0.0,0.0,2.0,15,1,8
47053,4,2,3,0,15,3,0,1,1,1,1,36,2,2,0.0,0.0,0.0,0.0,0.0,3.0,16,5,4
119265,16,2,3,10,2,3,0,1,1,1,2,13,2,2,0.0,0.0,0.0,0.0,0.0,2.0,15,3,8
21047,16,2,3,10,3,3,0,1,1,1,2,19,2,2,0.0,0.0,0.0,0.0,0.0,2.0,8,3,2
123439,4,2,3,8,8,3,0,1,0,1,1,36,2,3,1.0,0.0,0.0,1.0,0.0,1.0,15,6,9
49529,16,2,1,17,2,3,0,1,1,1,1,36,2,2,0.0,0.0,0.0,0.0,0.0,2.0,4,4,4
159808,16,2,4,17,8,3,0,1,1,1,0,24,2,2,0.0,0.0,0.0,0.0,0.0,4.0,16,5,11
167060,16,2,3,0,8,3,0,1,0,1,2,6,2,3,1.0,0.0,0.0,1.0,0.0,1.0,15,3,11
176540,4,2,3,0,2,3,0,5,0,1,2,23,2,4,1.0,0.0,0.0,0.0,1.0,1.0,15,7,12
132793,16,2,3,17,6,3,0,1,0,1,2,24,2,2,0.0,0.0,0.0,0.0,0.0,2.0,13,5,9
93174,16,2,1,10,10,3,0,1,0,1,2,17,2,4,1.0,0.0,0.0,0.0,1.0,2.0,21,7,7
46408,16,2,4,10,8,3,0,1,1,1,2,36,2,2,0.0,0.0,0.0,0.0,0.0,2.0,20,4,4
65372,4,2,3,10,8,3,0,5,0,1,2,36,2,4,1.0,0.0,0.0,0.0,1.0,2.0,15,5,5
35504,16,7,1,0,6,3,6,1,0,1,2,6,2,2,0.0,0.0,0.0,0.0,0.0,2.0,19,2,3
83534,16,2,3,17,6,3,0,1,1,1,2,24,2,2,0.0,0.0,0.0,0.0,0.0,2.0,16,5,6
172162,4,2,1,7,8,3,0,1,0,1,2,37,2,2,0.0,0.0,0.0,0.0,0.0,1.0,17,5,12
151169,16,2,3,3,15,3,0,1,0,1,1,6,3,2,0.0,0.0,0.0,0.0,0.0,10.0,13,7,10
188721,16,2,1,17,8,3,6,1,0,1,2,18,2,2,0.0,0.0,0.0,0.0,0.0,3.0,23,2,12
140266,16,2,3,0,6,3,0,1,0,1,2,6,2,1,3.0,0.0,1.0,0.0,2.0,0.0,7,4,10
53449,16,2,3,15,8,3,0,1,1,1,0,22,2,2,0.0,0.0,0.0,0.0,0.0,2.0,7,3,4
34970,15,2,1,0,8,3,0,1,0,1,2,18,2,4,3.0,0.0,0.0,0.0,3.0,1.0,19,6,3
168821,16,7,1,10,8,3,6,1,1,1,2,19,2,2,0.0,0.0,0.0,0.0,0.0,2.0,14,3,11
187325,16,2,1,10,2,3,6,1,1,1,1,19,2,2,0.0,0.0,0.0,0.0,0.0,2.0,22,3,12
183087,15,2,1,0,10,3,0,1,0,1,2,5,2,1,1.0,0.0,1.0,0.0,0.0,1.0,17,4,12
16439,16,10,2,10,8,3,4,1,1,1,1,19,2,2,0.0,0.0,0.0,0.0,0.0,2.0,5,1,2
142830,16,7,1,15,3,3,6,5,0,1,2,19,2,2,0.0,0.0,0.0,0.0,0.0,3.0,21,3,10
40833,16,2,2,0,8,3,0,1,1,1,2,18,2,2,0.0,0.0,0.0,0.0,0.0,4.0,18,2,3
37404,16,2,1,0,15,3,0,1,0,1,2,18,2,3,1.0,0.0,0.0,1.0,0.0,3.0,3,1,3
129404,16,3,0,17,8,3,0,1,0,1,2,6,2,3,1.0,0.0,0.0,1.0,0.0,4.0,23,7,9
27361,16,2,3,10,10,3,0,1,1,1,0,19,2,2,0.0,0.0,0.0,0.0,0.0,2.0,8,5,2
122998,4,2,3,1,6,3,0,1,0,1,0,0,2,1,1.0,0.0,1.0,0.0,0.0,0.0,16,7,9
93227,15,7,3,9,8,3,6,1,0,1,0,18,2,4,1.0,0.0,0.0,0.0,1.0,3.0,17,1,7
108998,16,2,1,17,6,3,0,1,0,1,2,6,2,2,0.0,0.0,0.0,0.0,0.0,2.0,22,2,8
179576,16,2,3,15,2,3,0,1,1,1,1,23,2,2,0.0,0.0,0.0,0.0,0.0,4.0,13,6,12
133435,16,2,1,17,15,3,5,1,0,1,2,24,2,2,0.0,0.0,0.0,0.0,0.0,6.0,23,6,9
91890,16,2,3,17,3,3,0,1,1,1,1,24,2,2,0.0,0.0,0.0,0.0,0.0,3.0,9,2,7
7085,16,2,1,17,1,3,6,1,0,1,2,18,2,3,3.0,0.0,0.0,2.0,1.0,0.0,17,2,1
89501,16,2,3,17,8,3,0,1,1,1,2,18,2,2,0.0,0.0,0.0,0.0,0.0,3.0,19,5,7
84715,16,2,1,17,10,3,5,5,1,1,2,36,2,2,0.0,0.0,0.0,0.0,0.0,3.0,23,1,6
60844,16,2,3,15,8,3,0,1,1,1,2,18,2,2,0.0,0.0,0.0,0.0,0.0,2.0,14,3,5
112917,16,7,3,0,6,3,6,1,0,1,1,3,2,3,2.0,0.0,0.0,2.0,0.0,2.0,8,5,8
187655,16,2,3,0,8,3,4,1,0,1,2,6,2,2,0.0,0.0,0.0,0.0,0.0,3.0,9,7,12
89537,16,2,0,0,15,3,0,1,0,1,2,3,2,1,1.0,0.0,1.0,0.0,0.0,3.0,1,7,7
169437,16,2,3,10,6,3,0,1,1,1,2,19,3,2,0.0,0.0,0.0,0.0,0.0,4.0,10,5,11
131178,16,2,3,17,6,3,0,1,0,1,2,24,2,2,0.0,0.0,0.0,0.0,0.0,2.0,19,5,9
184697,16,7,3,10,2,3,6,1,1,1,2,39,2,2,0.0,0.0,0.0,0.0,0.0,3.0,15,4,12
58418,16,2,1,0,6,3,0,5,0,1,2,6,2,3,4.0,0.0,0.0,4.0,0.0,1.0,4,1,5
160769,16,7,1,17,2,3,6,1,0,1,2,18,2,1,2.0,0.0,1.0,0.0,1.0,2.0,21,7,11
22405,4,7,3,7,8,3,6,1,1,1,2,36,2,2,0.0,0.0,0.0,0.0,0.0,1.0,14,5,2
36227,17,2,1,17,8,3,5,5,0,0,2,36,2,2,0.0,0.0,0.0,0.0,0.0,2.0,21,1,3
70004,16,2,1,10,8,3,0,1,1,1,2,36,2,2,0.0,0.0,0.0,0.0,0.0,3.0,21,7,5
57336,15,2,3,9,2,3,0,5,0,1,2,18,2,3,1.0,0.0,0.0,1.0,0.0,1.0,14,4,5
73222,16,2,1,0,6,3,0,1,1,1,2,28,2,2,0.0,0.0,0.0,0.0,0.0,2.0,2,7,6
170571,4,2,3,15,6,3,0,1,1,1,2,18,2,2,0.0,0.0,0.0,0.0,0.0,2.0,17,4,11
72626,4,2,3,10,2,3,0,5,0,1,2,36,2,2,0.0,0.0,0.0,0.0,0.0,3.0,18,5,6
82549,16,2,3,17,2,3,0,1,0,1,2,36,2,2,0.0,0.0,0.0,0.0,0.0,2.0,13,5,6
179466,16,2,3,17,10,3,0,1,1,1,1,36,2,2,0.0,0.0,0.0,0.0,0.0,2.0,14,4,12
115957,16,2,3,3,2,3,0,5,1,1,2,36,2,2,0.0,0.0,0.0,0.0,0.0,3.0,19,3,8
95072,4,2,3,10,2,3,0,1,1,0,0,19,2,2,0.0,0.0,0.0,0.0,0.0,2.0,18,1,7
38337,15,2,3,7,8,3,0,1,1,1,2,24,2,2,0.0,0.0,0.0,0.0,0.0,1.0,8,4,3
116154,16,2,3,10,8,3,6,1,1,1,2,17,2,2,0.0,0.0,0.0,0.0,0.0,2.0,9,4,8
147922,16,2,3,15,2,3,0,1,1,1,2,23,2,2,0.0,0.0,0.0,0.0,0.0,2.0,13,6,10
109101,16,2,3,10,6,3,0,1,0,1,0,36,2,4,1.0,0.0,0.0,0.0,1.0,1.0,10,4,8
170651,3,2,3,15,1,3,0,1,1,1,2,22,2,2,0.0,0.0,0.0,0.0,0.0,2.0,13,3,11
158494,15,2,1,0,6,3,0,5,1,1,2,18,2,2,0.0,0.0,0.0,0.0,0.0,4.0,21,1,11
174834,16,2,3,15,6,3,0,1,1,1,2,36,2,2,0.0,0.0,0.0,0.0,0.0,2.0,16,5,12
103372,4,2,3,0,2,3,0,1,0,1,2,23,2,2,0.0,0.0,0.0,0.0,0.0,2.0,6,3,7
11730,4,10,1,17,8,3,4,1,0,1,2,23,2,2,0.0,0.0,0.0,0.0,0.0,3.0,16,2,1
92417,16,11,5,10,8,3,5,1,0,1,2,36,3,2,0.0,0.0,0.0,0.0,0.0,1.0,13,2,7
151448,4,2,3,0,2,3,0,1,1,1,2,36,2,2,0.0,0.0,0.0,0.0,0.0,2.0,13,5,10
175936,15,2,3,17,6,3,0,1,0,1,2,18,2,2,0.0,0.0,0.0,0.0,0.0,5.0,10,7,12
129926,16,2,1,5,8,3,0,1,0,1,2,6,2,3,1.0,0.0,0.0,1.0,0.0,1.0,22,7,9
157034,4,3,3,15,3,3,0,1,1,1,2,22,2,2,0.0,0.0,0.0,0.0,0.0,2.0,12,7,11
66482,16,11,3,17,6,3,5,5,1,1,2,24,2,2,0.0,0.0,0.0,0.0,0.0,2.0,16,3,5
11556,15,10,3,10,10,3,4,1,1,1,1,18,2,2,0.0,0.0,0.0,0.0,0.0,2.0,8,5,1
33186,15,2,1,0,6,3,0,1,0,1,2,5,2,2,0.0,0.0,0.0,0.0,0.0,2.0,19,6,3
75212,15,2,1,17,2,3,0,5,0,1,2,18,2,3,3.0,0.0,0.0,1.0,2.0,2.0,21,1,6
168133,4,2,3,15,2,3,0,1,1,1,0,36,2,2,0.0,0.0,0.0,0.0,0.0,2.0,14,4,11
48319,4,2,3,15,8,3,0,1,1,1,2,23,2,2,0.0,0.0,0.0,0.0,0.0,3.0,14,5,4
110960,4,2,3,17,8,3,0,1,0,1,2,18,2,3,1.0,0.0,0.0,1.0,0.0,1.0,6,3,8
160578,16,2,3,10,6,3,0,1,1,1,0,36,2,2,0.0,0.0,0.0,0.0,0.0,2.0,8,3,11
25106,4,7,3,0,6,3,6,1,0,1,2,36,2,1,1.0,0.0,1.0,0.0,0.0,2.0,12,3,2
5245,16,2,3,17,8,3,0,1,1,1,1,18,2,2,0.0,0.0,0.0,0.0,0.0,2.0,15,4,1
74683,16,2,1,10,2,3,0,1,0,1,2,19,3,3,1.0,0.0,0.0,1.0,0.0,3.0,2,1,6
73453,15,2,3,0,8,3,0,1,0,1,2,5,2,2,0.0,0.0,0.0,0.0,0.0,2.0,14,3,6
5192,16,3,1,17,6,3,2,1,0,1,2,36,2,2,0.0,0.0,0.0,0.0,0.0,5.0,17,3,1
174555,15,2,3,0,6,3,0,1,0,1,2,30,2,2,0.0,0.0,0.0,0.0,0.0,3.0,7,7,12
152184,16,7,3,10,8,3,6,5,1,1,2,19,2,2,0.0,0.0,0.0,0.0,0.0,3.0,7,4,10
168872,15,7,3,17,2,3,6,1,1,1,1,26,2,2,0.0,0.0,0.0,0.0,0.0,2.0,10,3,11
76909,15,7,3,0,8,3,0,1,1,1,2,36,2,2,0.0,0.0,0.0,0.0,0.0,2.0,5,6,6
8329,16,2,3,0,8,3,0,1,1,1,1,6,2,2,0.0,0.0,0.0,0.0,0.0,2.0,13,1,1
102758,15,2,3,2,10,3,0,3,1,1,2,32,1,2,0.0,0.0,0.0,0.0,0.0,1.0,14,7,7
184277,15,2,3,17,8,3,0,1,0,1,2,5,2,2,0.0,0.0,0.0,0.0,0.0,2.0,14,7,12
64353,15,2,1,0,15,3,0,1,1,1,0,5,2,2,0.0,0.0,0.0,0.0,0.0,2.0,21,2,5
116076,16,2,3,17,1,3,0,1,0,1,2,5,2,2,0.0,0.0,0.0,0.0,0.0,3.0,16,6,8
60145,16,2,3,15,2,3,0,1,0,1,2,18,3,2,0.0,0.0,0.0,0.0,0.0,7.0,17,5,5
64495,16,2,1,0,2,3,0,1,0,1,2,28,3,3,1.0,0.0,0.0,1.0,0.0,2.0,4,6,5
92560,17,2,3,9,6,3,0,1,0,0,0,18,2,3,1.0,0.0,0.0,1.0,0.0,1.0,19,4,7
9839,4,2,3,17,6,3,0,1,0,1,2,24,2,2,0.0,0.0,0.0,0.0,0.0,4.0,14,5,1
171681,16,2,3,17,10,3,0,1,1,1,0,24,2,2,0.0,0.0,0.0,0.0,0.0,2.0,14,6,11
20552,16,2,3,15,8,3,0,5,1,1,2,18,2,2,0.0,0.0,0.0,0.0,0.0,2.0,14,7,2
123160,15,2,3,0,2,3,0,1,0,1,2,23,2,1,2.0,0.0,1.0,0.0,1.0,2.0,15,3,9
63468,16,2,1,0,6,3,0,1,0,1,2,6,3,2,0.0,0.0,0.0,0.0,0.0,3.0,2,2,5
137234,16,2,3,10,1,3,0,1,1,1,2,36,2,2,0.0,0.0,0.0,0.0,0.0,2.0,13,4,9
125349,4,2,1,7,8,3,0,1,1,1,2,36,2,2,0.0,0.0,0.0,0.0,0.0,1.0,5,7,9
73768,16,2,1,0,6,3,0,1,1,1,2,6,2,2,0.0,0.0,0.0,0.0,0.0,2.0,20,1,6
23789,15,2,0,0,2,3,4,1,1,1,2,18,2,2,0.0,0.0,0.0,0.0,0.0,4.0,22,6,2
34306,16,11,5,10,17,3,5,5,1,1,2,26,2,2,0.0,0.0,0.0,0.0,0.0,2.0,16,2,3
152933,16,2,3,0,8,3,0,1,0,1,2,6,3,4,1.0,0.0,0.0,0.0,1.0,1.0,12,7,10
151456,16,2,3,17,6,3,0,5,0,1,2,18,3,3,1.0,0.0,0.0,1.0,0.0,3.0,15,5,10
2484,15,10,1,0,8,3,0,1,0,1,2,5,2,3,1.0,0.0,0.0,1.0,0.0,2.0,22,7,1
13734,16,3,1,17,6,3,0,1,1,1,1,6,2,2,0.0,0.0,0.0,0.0,0.0,2.0,17,1,1
92854,4,2,3,17,6,3,0,5,0,1,2,11,2,4,1.0,0.0,0.0,0.0,1.0,3.0,9,2,7
35580,15,2,1,0,6,3,0,1,0,1,2,5,2,3,2.0,0.0,0.0,2.0,0.0,1.0,21,3,3
26624,16,2,1,10,8,3,0,1,1,1,2,26,2,2,0.0,0.0,0.0,0.0,0.0,2.0,4,1,2
32612,16,2,3,17,2,3,0,1,1,1,1,36,2,2,0.0,0.0,0.0,0.0,0.0,2.0,14,3,3
148799,16,2,2,17,2,3,0,1,1,1,2,18,2,2,0.0,0.0,0.0,0.0,0.0,2.0,18,1,10
38597,3,2,4,15,1,3,0,5,1,1,2,23,2,2,0.0,0.0,0.0,0.0,0.0,2.0,21,7,3
119888,16,2,3,10,2,3,0,1,0,1,2,36,3,4,1.0,0.0,0.0,0.0,1.0,2.0,16,6,8
183422,15,2,3,0,6,3,0,1,1,1,2,5,2,2,0.0,0.0,0.0,0.0,0.0,2.0,8,3,12
11736,16,2,1,10,8,3,0,1,1,1,2,36,2,2,0.0,0.0,0.0,0.0,0.0,2.0,17,2,1
27628,16,2,1,17,2,3,0,1,1,1,1,23,2,2,0.0,0.0,0.0,0.0,0.0,4.0,0,3,2
152494,15,7,3,0,8,3,6,1,1,1,2,36,2,2,0.0,0.0,0.0,0.0,0.0,2.0,10,2,10
171679,16,2,3,17,8,3,0,1,1,1,0,26,2,2,0.0,0.0,0.0,0.0,0.0,2.0,14,6,11
164154,16,2,3,17,2,3,0,5,1,1,1,3,3,2,0.0,0.0,0.0,0.0,0.0,5.0,7,6,11
18637,16,2,3,8,6,3,0,1,0,1,0,17,2,3,1.0,0.0,0.0,1.0,0.0,1.0,12,3,2
78165,16,2,3,10,2,3,6,5,1,1,0,17,2,2,0.0,0.0,0.0,0.0,0.0,2.0,14,2,6
73698,6,2,1,10,12,3,0,1,1,0,2,21,2,2,0.0,0.0,0.0,0.0,0.0,2.0,21,7,6
158686,16,3,3,9,2,3,0,1,0,1,0,26,2,3,1.0,0.0,0.0,1.0,0.0,2.0,10,2,11
39087,16,2,2,10,6,3,6,1,1,1,2,19,2,2,0.0,0.0,0.0,0.0,0.0,2.0,6,4,3
166713,15,2,1,0,2,3,0,1,0,1,2,18,3,2,0.0,0.0,0.0,0.0,0.0,2.0,23,6,11
35654,16,2,3,17,6,3,0,1,1,1,2,8,2,2,0.0,0.0,0.0,0.0,0.0,2.0,9,4,3
147560,16,2,1,10,10,3,0,1,1,1,1,19,2,2,0.0,0.0,0.0,0.0,0.0,2.0,18,5,10
41378,16,11,1,17,11,3,6,1,1,1,2,26,2,2,0.0,0.0,0.0,0.0,0.0,4.0,19,4,3
175123,16,2,3,11,2,3,0,1,1,1,2,36,2,2,0.0,0.0,0.0,0.0,0.0,2.0,12,6,12
57552,16,2,3,9,10,3,0,1,0,1,0,26,2,4,1.0,0.0,0.0,0.0,1.0,1.0,9,6,5
65148,15,3,3,0,8,3,0,1,1,1,2,18,2,2,0.0,0.0,0.0,0.0,0.0,2.0,15,7,5
12286,15,7,1,17,8,3,6,1,0,1,2,39,2,2,0.0,0.0,0.0,0.0,0.0,3.0,20,4,1
130190,16,2,3,9,2,3,0,1,0,1,0,18,2,3,1.0,0.0,0.0,1.0,0.0,1.0,6,3,9
186677,16,2,1,10,8,3,0,1,1,1,1,19,2,2,0.0,0.0,0.0,0.0,0.0,3.0,22,6,12
179163,16,2,0,17,11,3,0,1,1,1,1,12,2,2,0.0,0.0,0.0,0.0,0.0,2.0,18,1,12
54117,16,5,1,17,3,3,6,1,0,1,2,17,2,2,0.0,0.0,0.0,0.0,0.0,3.0,15,7,4
155768,17,7,5,10,8,3,6,5,1,1,0,19,2,2,0.0,0.0,0.0,0.0,0.0,2.0,20,4,11
81381,4,2,3,0,3,3,0,1,0,1,2,18,2,1,2.0,0.0,2.0,0.0,0.0,0.0,9,1,6
62130,4,2,3,0,8,3,0,1,0,1,2,18,3,2,0.0,0.0,0.0,0.0,0.0,6.0,15,1,5
91768,16,2,3,10,3,4,0,1,1,1,0,17,2,2,0.0,0.0,0.0,0.0,0.0,2.0,11,6,7
78111,16,2,3,17,8,3,0,1,0,1,2,18,2,1,2.0,0.0,1.0,0.0,1.0,1.0,17,4,6
53476,4,2,3,7,10,3,0,1,1,1,2,36,2,2,0.0,0.0,0.0,0.0,0.0,1.0,16,4,4
100329,16,2,3,17,2,3,0,1,0,1,2,18,2,2,0.0,0.0,0.0,0.0,0.0,3.0,14,5,7
70015,16,2,1,10,6,3,0,1,1,1,2,8,2,2,0.0,0.0,0.0,0.0,0.0,2.0,0,7,5
156291,15,2,3,0,8,3,0,1,0,1,2,5,2,4,2.0,0.0,0.0,0.0,2.0,1.0,16,4,11
119356,16,2,3,8,2,4,0,1,0,1,1,18,2,3,1.0,0.0,0.0,1.0,0.0,1.0,6,5,8
34258,4,2,3,10,6,3,0,1,1,1,2,36,2,2,0.0,0.0,0.0,0.0,0.0,2.0,16,4,3
186548,16,2,3,10,2,3,0,1,1,1,2,8,2,2,0.0,0.0,0.0,0.0,0.0,2.0,12,4,12
152335,4,2,3,10,8,4,0,1,1,1,2,36,2,2,0.0,0.0,0.0,0.0,0.0,2.0,11,6,10
94092,16,2,0,10,8,3,0,1,1,1,1,19,2,2,0.0,0.0,0.0,0.0,0.0,2.0,23,6,7
177827,4,2,3,17,8,3,6,1,1,1,2,18,2,2,0.0,0.0,0.0,0.0,0.0,2.0,8,3,12
111958,4,7,3,10,8,3,6,1,1,0,2,19,2,2,0.0,0.0,0.0,0.0,0.0,2.0,17,4,8
98338,16,3,3,10,8,3,0,1,1,1,0,19,2,2,0.0,0.0,0.0,0.0,0.0,3.0,16,1,7
102290,16,2,3,0,6,3,0,1,0,1,2,6,5,3,3.0,0.0,0.0,2.0,1.0,4.0,16,1,7
153938,16,2,3,17,8,3,0,1,0,1,2,36,2,2,0.0,0.0,0.0,0.0,0.0,2.0,17,1,10
35264,16,2,1,17,5,3,0,1,0,1,2,18,2,2,0.0,0.0,0.0,0.0,0.0,2.0,4,6,3
54395,16,2,3,10,8,3,0,1,0,1,2,36,3,2,0.0,0.0,0.0,0.0,0.0,3.0,16,5,4
29192,4,2,3,10,3,3,0,1,1,1,2,19,2,2,0.0,0.0,0.0,0.0,0.0,2.0,13,7,3
18745,15,2,3,17,6,3,0,5,1,1,2,24,2,2,0.0,0.0,0.0,0.0,0.0,2.0,11,5,2
39885,16,2,3,17,2,3,0,1,0,1,2,24,2,2,0.0,0.0,0.0,0.0,0.0,2.0,11,3,3
47075,16,7,3,15,8,3,6,1,0,1,2,22,2,2,0.0,0.0,0.0,0.0,0.0,2.0,9,5,4
46480,16,7,3,10,8,3,6,5,0,1,2,36,2,2,0.0,0.0,0.0,0.0,0.0,2.0,15,7,4
141455,4,2,1,0,8,3,0,1,0,1,2,36,2,2,0.0,0.0,0.0,0.0,0.0,2.0,18,6,10
116733,16,2,1,0,11,3,0,1,0,1,2,12,2,4,1.0,0.0,0.0,0.0,1.0,2.0,22,6,8
185169,16,2,1,17,6,3,0,1,1,1,2,12,2,2,0.0,0.0,0.0,0.0,0.0,3.0,18,2,12
69413,16,2,3,17,8,3,0,1,1,1,2,18,2,2,0.0,0.0,0.0,0.0,0.0,5.0,17,5,5
18164,16,2,3,17,6,3,6,1,1,1,1,24,2,2,0.0,0.0,0.0,0.0,0.0,5.0,11,2,2
78064,4,2,3,11,10,3,0,1,1,0,0,36,2,2,0.0,0.0,0.0,0.0,0.0,2.0,8,2,6
179366,4,2,1,10,8,3,0,1,1,1,2,19,2,2,0.0,0.0,0.0,0.0,0.0,2.0,22,4,12
31760,16,11,5,15,8,3,5,5,1,1,1,36,2,2,0.0,0.0,0.0,0.0,0.0,2.0,16,4,3
87921,16,2,3,17,2,3,0,1,1,1,2,19,2,2,0.0,0.0,0.0,0.0,0.0,4.0,17,2,7
27948,15,2,1,0,6,3,0,1,0,1,2,5,2,2,0.0,0.0,0.0,0.0,0.0,5.0,20,2,2
74163,4,2,3,7,8,3,0,1,1,1,2,23,2,2,0.0,0.0,0.0,0.0,0.0,1.0,18,7,6
106317,16,2,3,15,19,2,0,1,1,1,1,23,2,2,0.0,0.0,0.0,0.0,0.0,2.0,8,2,8
156566,15,2,3,10,8,3,0,1,0,1,2,23,2,4,1.0,0.0,0.0,0.0,1.0,1.0,14,2,11
101227,16,2,3,0,6,3,0,1,0,1,2,17,2,1,2.0,0.0,1.0,0.0,1.0,3.0,11,6,7
131224,15,2,3,15,8,3,0,1,1,1,1,26,2,2,0.0,0.0,0.0,0.0,0.0,2.0,11,5,9
356,16,2,1,0,8,4,0,1,0,1,2,6,2,3,2.0,0.0,0.0,2.0,0.0,1.0,1,1,1
188826,16,2,1,10,8,3,6,1,0,1,2,36,2,2,0.0,0.0,0.0,0.0,0.0,2.0,22,5,12
75806,4,2,3,13,3,3,0,1,1,1,2,21,2,2,0.0,0.0,0.0,0.0,0.0,2.0,10,3,6
25328,16,2,3,10,11,3,0,1,0,1,2,17,2,1,1.0,0.0,1.0,0.0,0.0,4.0,11,6,2
112981,16,7,1,15,2,3,6,5,1,1,2,22,2,2,0.0,0.0,0.0,0.0,0.0,2.0,21,7,8
142355,16,2,3,10,8,3,0,1,0,1,2,37,2,4,1.0,0.0,0.0,0.0,1.0,1.0,11,3,10
178316,15,2,1,9,11,3,0,1,0,1,0,9,2,1,1.0,0.0,1.0,0.0,0.0,1.0,17,3,12
118430,15,2,3,0,18,3,0,1,0,1,1,17,3,2,0.0,0.0,0.0,0.0,0.0,2.0,17,4,8
158166,4,2,3,9,8,3,6,1,0,1,0,39,2,1,1.0,0.0,1.0,0.0,0.0,1.0,20,2,11
103712,16,2,3,17,6,3,0,1,0,1,2,36,2,2,0.0,0.0,0.0,0.0,0.0,3.0,19,7,7
47571,15,2,1,0,6,3,0,1,0,1,2,36,2,3,1.0,0.0,0.0,1.0,0.0,1.0,22,6,4
168278,16,2,3,10,1,3,0,1,1,1,2,17,2,2,0.0,0.0,0.0,0.0,0.0,4.0,15,7,11
7940,16,2,1,10,6,3,0,1,0,1,2,17,2,2,0.0,0.0,0.0,0.0,0.0,2.0,20,2,1
42680,16,7,3,17,19,3,0,5,0,1,2,36,2,4,1.0,0.0,0.0,0.0,1.0,1.0,17,2,4
70429,15,2,3,0,8,3,5,5,0,1,2,18,3,2,0.0,0.0,0.0,0.0,0.0,3.0,7,7,5
47266,15,2,1,0,8,3,0,1,0,1,2,5,2,3,2.0,0.0,0.0,2.0,0.0,4.0,23,6,4
34041,4,2,3,17,2,3,0,1,0,1,2,8,2,2,0.0,0.0,0.0,0.0,0.0,5.0,10,6,3
173165,4,2,3,0,6,3,0,1,0,1,2,18,2,3,1.0,0.0,0.0,1.0,0.0,1.0,15,2,12
59204,16,2,1,0,6,3,0,1,0,1,2,36,2,4,1.0,0.0,0.0,0.0,1.0,2.0,1,6,5
94118,16,2,3,17,6,3,0,1,1,1,2,19,2,2,0.0,0.0,0.0,0.0,0.0,2.0,15,7,7
87058,16,2,3,17,6,3,0,5,0,1,2,36,2,3,1.0,0.0,0.0,1.0,0.0,1.0,7,4,6
136017,16,2,2,10,8,3,0,1,0,1,1,19,2,4,1.0,0.0,0.0,0.0,1.0,3.0,6,6,9
45348,16,2,1,10,8,3,0,1,0,1,2,17,2,4,1.0,0.0,0.0,0.0,1.0,2.0,1,6,4
179685,16,3,4,17,8,3,0,1,1,1,2,36,2,2,0.0,0.0,0.0,0.0,0.0,2.0,17,7,12
125724,15,7,1,0,6,3,6,5,0,1,1,36,2,3,1.0,0.0,0.0,1.0,0.0,1.0,21,5,9
138348,16,7,1,10,2,3,6,1,0,1,2,17,4,3,4.0,0.0,0.0,4.0,0.0,1.0,20,4,10
169726,16,10,1,17,3,3,4,1,1,1,0,36,2,2,0.0,0.0,0.0,0.0,0.0,2.0,21,2,11
180442,16,2,3,0,6,3,0,1,0,1,2,36,2,3,1.0,0.0,0.0,1.0,0.0,1.0,6,4,12