crash_date,               traffic_control_device,weather_condition,lighting_condition,first_crash_type,trafficway_type,alignment,roadway_surface_cond,road_defect,crash_type,intersection_related_i,damage,prim_contributory_cause,num_units,most_severe_injury,injuries_total,injuries_fatal,injuries_incapacitating,injuries_non_incapacitating,injuries_reported_not_evident,injuries_no_indication,crash_hour,crash_day_of_week,crash_month
9121,16,2,0,10,8,3,0,1,1,1,2,12,2,2,0.0,0.0,0.0,0.0,0.0,3.0,19,3,1
172321,16,7,3,10,8,3,6,1,1,1,2,19,2,2,0.0,0.0,0.0,0.0,0.0,2.0,12,7,12
150136,17,2,3,8,15,3,0,1,0,1,2,36,2,3,1.0,0.0,0.0,1.0,0.0,2.0,17,7,10
63827,15,2,3,10,3,3,0,1,1,1,2,18,2,2,0.0,0.0,0.0,0.0,0.0,2.0,11,7,5
91069,15,2,1,0,6,3,0,5,0,1,2,18,2,2,0.0,0.0,0.0,0.0,0.0,3.0,22,1,7
147327,15,2,0,0,6,3,0,1,0,1,2,36,4,2,0.0,0.0,0.0,0.0,0.0,2.0,20,3,10
102439,16,2,3,0,8,3,0,1,0,1,2,6,2,4,3.0,0.0,0.0,0.0,3.0,2.0,18,1,7
86647,4,2,3,17,15,3,6,1,0,0,2,23,2,4,3.0,0.0,0.0,0.0,3.0,1.0,14,6,6
29549,16,2,3,0,8,3,0,1,1,1,2,23,2,2,0.0,0.0,0.0,0.0,0.0,2.0,17,1,3
4071,15,3,2,0,6,3,0,1,0,1,2,18,2,2,0.0,0.0,0.0,0.0,0.0,2.0,7,5,1
66101,4,7,3,15,8,3,6,1,0,1,2,18,2,3,1.0,0.0,0.0,1.0,0.0,2.0,14,2,5
46422,15,2,3,17,8,3,0,1,1,1,2,36,2,2,0.0,0.0,0.0,0.0,0.0,4.0,11,4,4
173461,16,2,3,7,6,3,0,5,1,1,1,36,2,2,0.0,0.0,0.0,0.0,0.0,1.0,12,5,12
163567,15,7,1,0,8,3,6,5,1,1,2,18,3,2,0.0,0.0,0.0,0.0,0.0,3.0,0,5,11
142370,16,2,3,17,8,3,0,1,1,1,2,24,2,2,0.0,0.0,0.0,0.0,0.0,3.0,15,4,10
33974,16,3,3,10,3,3,0,1,1,1,2,36,2,2,0.0,0.0,0.0,0.0,0.0,2.0,8,4,3
10700,16,2,0,17,2,3,0,5,1,1,2,18,2,2,0.0,0.0,0.0,0.0,0.0,3.0,18,4,1
15092,4,2,3,17,8,3,0,1,1,1,0,24,2,2,0.0,0.0,0.0,0.0,0.0,3.0,13,5,2
79795,16,2,3,15,8,3,0,1,1,1,2,23,2,2,0.0,0.0,0.0,0.0,0.0,2.0,11,5,6
162723,4,2,1,17,8,3,0,1,1,1,0,36,2,2,0.0,0.0,0.0,0.0,0.0,2.0,18,6,11
53700,16,2,3,17,3,3,0,1,0,1,2,6,2,3,1.0,0.0,0.0,1.0,0.0,2.0,10,1,4
47437,16,2,3,2,6,3,0,1,0,1,2,18,1,2,0.0,0.0,0.0,0.0,0.0,1.0,13,4,4
105640,16,2,3,10,8,3,0,1,1,1,1,36,2,2,0.0,0.0,0.0,0.0,0.0,2.0,19,6,8
176755,16,2,1,0,8,3,0,1,0,1,2,6,2,2,0.0,0.0,0.0,0.0,0.0,3.0,3,4,12
86470,15,11,3,0,8,3,5,5,0,1,2,36,2,3,1.0,0.0,0.0,1.0,0.0,2.0,13,2,6
106167,16,2,1,8,8,3,0,1,0,1,0,6,2,3,1.0,0.0,0.0,1.0,0.0,3.0,2,7,8
82701,16,7,3,10,2,3,6,5,1,1,1,19,2,2,0.0,0.0,0.0,0.0,0.0,2.0,16,5,6
31984,16,2,3,10,3,3,0,1,1,1,1,26,2,2,0.0,0.0,0.0,0.0,0.0,2.0,8,6,3
157903,15,3,1,0,8,3,0,1,1,1,1,18,2,2,0.0,0.0,0.0,0.0,0.0,2.0,20,7,11
39231,16,7,1,4,3,3,6,2,0,1,2,36,1,2,0.0,0.0,0.0,0.0,0.0,1.0,22,6,3
36550,16,7,1,10,6,3,6,5,1,1,2,17,3,2,0.0,0.0,0.0,0.0,0.0,3.0,20,6,3
76031,16,2,3,15,3,3,0,5,1,1,2,23,2,2,0.0,0.0,0.0,0.0,0.0,2.0,9,5,6
150561,16,2,3,10,15,3,0,1,0,1,2,19,2,4,1.0,0.0,0.0,0.0,1.0,1.0,8,4,10
67713,16,2,1,0,2,2,0,1,1,1,2,22,2,2,0.0,0.0,0.0,0.0,0.0,3.0,0,5,5
19841,4,2,3,2,6,3,0,5,0,1,2,18,1,4,2.0,0.0,0.0,0.0,2.0,1.0,7,3,2
29431,16,2,4,17,6,3,0,5,1,1,1,19,2,2,0.0,0.0,0.0,0.0,0.0,4.0,17,5,3
27868,16,2,3,0,8,3,0,1,0,1,2,6,3,2,0.0,0.0,0.0,0.0,0.0,3.0,12,6,2
100930,16,2,3,9,8,3,0,1,1,1,0,24,2,2,0.0,0.0,0.0,0.0,0.0,2.0,11,6,7
182854,16,2,1,17,6,3,0,1,1,1,2,18,2,2,0.0,0.0,0.0,0.0,0.0,2.0,18,2,12
172307,16,7,3,17,8,3,6,1,1,1,2,18,2,2,0.0,0.0,0.0,0.0,0.0,2.0,10,7,12
126734,15,2,3,10,2,3,0,1,1,1,2,19,2,2,0.0,0.0,0.0,0.0,0.0,2.0,14,5,9
55894,4,3,3,15,2,3,0,1,1,1,2,18,2,2,0.0,0.0,0.0,0.0,0.0,2.0,14,1,4
152604,4,2,3,9,8,3,0,1,0,1,0,36,2,3,1.0,0.0,0.0,1.0,0.0,2.0,7,4,10
83433,16,2,1,7,8,3,0,1,0,1,2,6,4,1,1.0,0.0,1.0,0.0,0.0,3.0,21,3,6
62394,4,2,3,10,2,3,0,1,1,0,2,36,2,2,0.0,0.0,0.0,0.0,0.0,2.0,18,6,5
68194,4,2,3,17,8,3,0,1,1,1,1,18,2,2,0.0,0.0,0.0,0.0,0.0,3.0,17,6,5
103854,16,2,3,2,3,3,0,1,1,1,2,12,1,2,0.0,0.0,0.0,0.0,0.0,1.0,12,2,7
181944,16,2,1,15,2,3,0,1,1,1,2,18,2,2,0.0,0.0,0.0,0.0,0.0,2.0,20,2,12
64206,16,2,3,2,10,3,0,1,1,0,1,4,1,2,0.0,0.0,0.0,0.0,0.0,1.0,17,6,5
94003,16,2,3,17,8,3,0,1,1,1,2,19,2,2,0.0,0.0,0.0,0.0,0.0,3.0,19,5,7
143435,4,7,0,10,8,3,6,1,1,1,0,17,2,2,0.0,0.0,0.0,0.0,0.0,3.0,22,4,10
33767,16,2,3,10,6,3,0,1,1,1,2,19,3,2,0.0,0.0,0.0,0.0,0.0,3.0,5,3,3
5489,16,2,3,2,10,3,0,1,0,0,2,16,1,2,0.0,0.0,0.0,0.0,0.0,1.0,16,6,1
120117,16,2,3,8,19,3,0,5,0,1,2,18,2,1,1.0,0.0,1.0,0.0,0.0,1.0,18,7,8
160820,15,2,3,0,11,3,0,1,1,1,2,18,2,2,0.0,0.0,0.0,0.0,0.0,4.0,9,5,11
22805,16,1,3,0,6,3,4,5,1,1,2,36,2,2,0.0,0.0,0.0,0.0,0.0,2.0,15,5,2
177164,15,2,3,17,2,3,0,1,1,1,1,18,2,2,0.0,0.0,0.0,0.0,0.0,7.0,14,1,12
99778,16,2,3,8,8,3,0,1,0,1,1,18,2,4,1.0,0.0,0.0,0.0,1.0,1.0,16,3,7
128834,17,2,3,15,8,3,0,1,1,1,0,26,2,2,0.0,0.0,0.0,0.0,0.0,2.0,13,1,9
105470,4,2,3,3,6,3,0,5,0,1,2,17,2,2,0.0,0.0,0.0,0.0,0.0,2.0,16,5,8
167041,16,2,1,9,8,3,0,1,0,1,0,36,2,3,1.0,0.0,0.0,1.0,0.0,1.0,22,2,11
137114,16,2,1,17,8,3,0,1,0,1,2,6,2,2,0.0,0.0,0.0,0.0,0.0,3.0,22,7,9
117028,16,7,0,10,8,3,6,1,0,1,2,17,2,3,1.0,0.0,0.0,1.0,0.0,4.0,7,5,8
94801,16,2,3,0,10,3,0,1,0,1,2,6,2,2,0.0,0.0,0.0,0.0,0.0,2.0,10,4,7
39414,16,2,3,15,8,3,0,1,1,1,2,16,3,2,0.0,0.0,0.0,0.0,0.0,4.0,15,2,3
16426,15,10,3,0,8,3,4,1,0,1,1,18,2,4,1.0,0.0,0.0,0.0,1.0,2.0,13,1,2
18532,16,10,4,0,6,3,4,1,0,1,2,36,2,3,1.0,0.0,0.0,1.0,0.0,1.0,16,2,2
181380,16,2,3,9,8,3,0,1,0,1,0,18,2,3,1.0,0.0,0.0,1.0,0.0,2.0,15,2,12
129671,16,2,3,10,8,3,0,1,0,1,2,19,2,2,0.0,0.0,0.0,0.0,0.0,2.0,18,3,9
152722,16,2,3,15,6,3,0,1,1,1,2,23,2,2,0.0,0.0,0.0,0.0,0.0,2.0,4,7,10
143350,15,2,1,10,11,4,0,1,1,1,1,19,2,2,0.0,0.0,0.0,0.0,0.0,3.0,22,1,10
172894,15,2,3,0,6,3,0,1,0,1,2,18,2,3,2.0,0.0,0.0,2.0,0.0,0.0,13,2,12
46973,16,2,3,15,6,3,0,1,1,1,2,36,2,2,0.0,0.0,0.0,0.0,0.0,2.0,15,3,4
183382,16,2,3,15,6,3,0,1,1,1,1,18,2,2,0.0,0.0,0.0,0.0,0.0,2.0,12,2,12
69130,16,2,3,15,2,3,0,5,1,1,2,36,2,2,0.0,0.0,0.0,0.0,0.0,4.0,18,1,5
160101,16,2,3,10,6,3,0,5,1,1,1,19,2,2,0.0,0.0,0.0,0.0,0.0,2.0,14,4,11
168841,16,10,1,10,2,3,4,1,0,1,2,19,2,2,0.0,0.0,0.0,0.0,0.0,2.0,5,3,11
98026,4,2,3,7,6,3,0,1,1,1,2,19,2,2,0.0,0.0,0.0,0.0,0.0,1.0,13,5,7
101635,16,7,3,10,1,3,6,1,1,1,1,36,2,2,0.0,0.0,0.0,0.0,0.0,2.0,17,4,7
159296,16,2,0,15,3,3,0,1,0,1,1,36,2,4,1.0,0.0,0.0,0.0,1.0,5.0,19,4,11
33703,15,7,3,0,2,3,6,1,1,1,2,18,2,2,0.0,0.0,0.0,0.0,0.0,2.0,17,1,3
112299,15,2,3,9,15,3,0,1,0,1,2,36,2,3,1.0,0.0,0.0,1.0,0.0,1.0,9,3,8
29785,16,2,1,7,8,3,0,1,1,0,1,26,2,2,0.0,0.0,0.0,0.0,0.0,1.0,20,4,3
102712,15,2,3,0,8,3,0,1,1,1,2,36,2,2,0.0,0.0,0.0,0.0,0.0,2.0,18,6,7
77109,16,2,1,15,10,3,0,1,1,1,1,22,2,2,0.0,0.0,0.0,0.0,0.0,2.0,23,7,6
140929,16,2,1,17,10,3,6,1,0,1,1,24,2,3,1.0,0.0,0.0,1.0,0.0,1.0,21,6,10
86007,16,2,0,9,3,3,0,1,0,1,1,36,2,3,1.0,0.0,0.0,1.0,0.0,1.0,21,1,6
182927,16,2,3,15,9,3,5,5,0,1,2,23,2,2,0.0,0.0,0.0,0.0,0.0,2.0,9,3,12
51835,16,2,3,15,6,3,0,1,1,1,2,36,2,2,0.0,0.0,0.0,0.0,0.0,4.0,15,5,4
46240,15,2,3,8,2,3,0,1,1,1,1,5,2,2,0.0,0.0,0.0,0.0,0.0,2.0,18,3,4
42792,4,2,3,17,8,3,0,1,0,1,2,18,2,4,1.0,0.0,0.0,0.0,1.0,3.0,8,2,4
66337,16,2,1,17,8,3,5,5,0,1,2,24,2,2,0.0,0.0,0.0,0.0,0.0,3.0,22,6,5
18207,16,2,1,0,6,3,0,1,0,1,2,6,3,2,0.0,0.0,0.0,0.0,0.0,3.0,21,3,2
118296,15,2,3,8,8,3,6,1,0,1,0,18,2,3,1.0,0.0,0.0,1.0,0.0,1.0,5,2,8
82105,4,2,3,10,8,3,0,1,1,1,2,18,2,2,0.0,0.0,0.0,0.0,0.0,2.0,15,4,6
183529,15,2,1,10,2,3,0,1,0,1,1,24,2,4,1.0,0.0,0.0,0.0,1.0,2.0,17,6,12
113832,16,2,3,10,8,3,0,1,1,1,2,19,2,2,0.0,0.0,0.0,0.0,0.0,2.0,14,6,8
97354,16,7,3,10,6,3,6,1,1,1,1,26,2,2,0.0,0.0,0.0,0.0,0.0,2.0,10,1,7
38446,16,2,3,10,3,3,0,1,1,1,1,36,2,2,0.0,0.0,0.0,0.0,0.0,2.0,8,4,3
92166,16,2,3,17,11,3,0,1,0,1,2,18,2,1,2.0,0.0,2.0,0.0,0.0,1.0,14,6,7
151119,16,2,3,17,10,3,0,1,1,1,1,24,2,2,0.0,0.0,0.0,0.0,0.0,2.0,12,4,10
150497,4,2,3,10,11,3,0,1,0,1,2,18,2,2,0.0,0.0,0.0,0.0,0.0,2.0,9,3,10
10809,4,2,3,10,8,3,0,1,0,1,2,19,2,2,0.0,0.0,0.0,0.0,0.0,2.0,12,6,1
44114,16,7,4,0,1,3,6,1,1,1,2,18,2,2,0.0,0.0,0.0,0.0,0.0,2.0,17,4,4
135001,4,2,3,17,8,3,0,1,1,1,2,36,2,2,0.0,0.0,0.0,0.0,0.0,2.0,12,5,9
27647,15,2,3,17,2,3,0,1,1,1,0,38,2,2,0.0,0.0,0.0,0.0,0.0,2.0,15,3,2
15896,16,2,3,0,8,3,0,1,0,1,2,6,2,4,3.0,0.0,0.0,0.0,3.0,2.0,9,5,2
159496,15,2,1,17,6,3,0,1,0,1,1,18,2,2,0.0,0.0,0.0,0.0,0.0,2.0,22,1,11
78795,16,2,3,17,8,3,0,1,1,1,1,36,2,2,0.0,0.0,0.0,0.0,0.0,2.0,12,4,6
4870,16,10,4,10,2,3,6,5,1,1,2,36,2,2,0.0,0.0,0.0,0.0,0.0,2.0,6,6,1
121216,4,3,1,10,2,3,0,1,1,1,2,19,2,2,0.0,0.0,0.0,0.0,0.0,2.0,19,1,9
67712,16,2,3,8,3,3,0,1,1,1,0,21,2,2,0.0,0.0,0.0,0.0,0.0,2.0,12,5,5
125875,16,2,1,10,8,3,0,1,0,1,2,36,2,4,1.0,0.0,0.0,0.0,1.0,3.0,22,7,9
79413,16,2,3,17,8,3,0,1,1,1,1,18,2,2,0.0,0.0,0.0,0.0,0.0,2.0,19,6,6
16764,16,2,1,10,2,3,0,1,1,1,0,19,2,2,0.0,0.0,0.0,0.0,0.0,2.0,22,7,2
183612,15,11,1,0,2,3,5,5,1,1,2,18,2,2,0.0,0.0,0.0,0.0,0.0,2.0,18,4,12
88555,16,2,3,0,15,3,0,1,0,1,2,17,2,3,1.0,0.0,0.0,1.0,0.0,1.0,19,6,7
79793,16,2,1,17,8,3,0,1,0,1,2,28,2,3,1.0,0.0,0.0,1.0,0.0,3.0,23,5,6
102969,16,2,0,0,2,3,0,5,0,1,2,36,2,3,1.0,0.0,0.0,1.0,0.0,3.0,0,2,7
86616,16,2,3,15,6,3,0,1,1,1,1,22,2,2,0.0,0.0,0.0,0.0,0.0,2.0,7,4,6
65981,16,2,3,17,6,3,0,1,1,1,1,6,2,2,0.0,0.0,0.0,0.0,0.0,4.0,10,7,5
96927,16,2,3,17,6,3,0,1,0,1,2,18,2,0,1.0,1.0,0.0,0.0,0.0,1.0,5,2,7
3709,16,2,3,10,2,3,0,1,1,1,2,19,2,2,0.0,0.0,0.0,0.0,0.0,2.0,13,1,1
65381,15,2,3,0,8,3,0,1,1,1,2,18,2,2,0.0,0.0,0.0,0.0,0.0,2.0,16,5,5
92432,16,7,0,10,10,3,6,1,1,1,2,19,2,2,0.0,0.0,0.0,0.0,0.0,2.0,5,2,7
62669,4,7,3,0,2,3,6,1,0,1,2,23,2,2,0.0,0.0,0.0,0.0,0.0,2.0,7,2,5
112335,15,2,3,17,6,3,0,5,0,1,2,18,2,3,2.0,0.0,0.0,2.0,0.0,1.0,16,4,8
157634,16,2,3,13,8,3,0,5,1,1,2,36,2,2,0.0,0.0,0.0,0.0,0.0,2.0,7,2,11
149342,15,2,1,0,6,3,0,1,0,1,2,18,2,4,1.0,0.0,0.0,0.0,1.0,1.0,20,2,10
133786,15,2,3,17,15,3,0,1,1,1,2,18,2,2,0.0,0.0,0.0,0.0,0.0,3.0,13,5,9
132891,15,2,1,0,2,3,0,5,0,1,1,30,2,3,1.0,0.0,0.0,1.0,0.0,1.0,18,6,9
96174,15,2,3,15,10,3,0,1,1,1,1,19,2,2,0.0,0.0,0.0,0.0,0.0,2.0,16,4,7
150314,16,11,5,17,8,3,5,5,1,1,2,36,2,2,0.0,0.0,0.0,0.0,0.0,2.0,19,6,10
184297,16,2,1,17,8,3,0,1,1,1,1,36,2,2,0.0,0.0,0.0,0.0,0.0,2.0,6,7,12
1814,16,2,3,10,2,3,0,1,1,1,0,17,2,2,0.0,0.0,0.0,0.0,0.0,2.0,9,4,1
114895,16,2,3,2,6,3,0,1,0,1,2,18,1,2,0.0,0.0,0.0,0.0,0.0,1.0,11,7,8
120270,16,2,3,15,15,3,0,1,0,1,1,22,2,2,0.0,0.0,0.0,0.0,0.0,2.0,11,3,8
44900,15,11,1,0,17,3,5,5,1,1,2,36,2,2,0.0,0.0,0.0,0.0,0.0,2.0,21,7,4
5409,16,2,3,10,3,3,0,1,1,1,1,19,2,2,0.0,0.0,0.0,0.0,0.0,2.0,11,7,1
164127,16,11,5,10,6,3,5,5,1,1,1,36,2,2,0.0,0.0,0.0,0.0,0.0,2.0,14,6,11
167086,15,11,3,10,10,3,5,5,1,1,1,26,2,2,0.0,0.0,0.0,0.0,0.0,2.0,8,3,11
50304,16,3,3,15,8,3,0,1,0,1,2,21,2,2,0.0,0.0,0.0,0.0,0.0,2.0,11,4,4
175974,15,2,1,9,8,3,0,1,0,1,0,5,2,4,1.0,0.0,0.0,0.0,1.0,1.0,17,5,12
104981,15,2,3,0,8,3,0,1,0,1,2,5,2,4,1.0,0.0,0.0,0.0,1.0,1.0,14,6,8
58202,16,2,3,17,8,3,0,1,0,1,2,18,3,2,0.0,0.0,0.0,0.0,0.0,3.0,18,4,5
34733,16,2,3,10,8,3,0,1,1,1,2,8,2,2,0.0,0.0,0.0,0.0,0.0,4.0,16,5,3
25167,16,7,5,17,2,3,6,1,1,1,2,12,2,2,0.0,0.0,0.0,0.0,0.0,2.0,12,4,2
26062,16,2,3,17,2,3,0,1,1,1,1,36,2,2,0.0,0.0,0.0,0.0,0.0,2.0,7,6,2
95286,16,2,3,17,6,3,0,1,1,1,1,36,2,2,0.0,0.0,0.0,0.0,0.0,2.0,10,5,7
76032,16,3,3,8,10,3,0,1,0,1,0,18,2,4,1.0,0.0,0.0,0.0,1.0,1.0,10,5,6
146597,15,2,1,10,8,3,0,1,0,1,0,17,2,2,0.0,0.0,0.0,0.0,0.0,3.0,18,6,10
146722,16,2,3,10,8,3,0,1,0,1,2,17,2,3,1.0,0.0,0.0,1.0,0.0,1.0,7,1,10
132825,16,2,4,17,6,3,0,1,1,1,1,36,2,2,0.0,0.0,0.0,0.0,0.0,3.0,18,5,9
25607,16,2,1,17,6,3,0,5,0,1,2,18,2,2,0.0,0.0,0.0,0.0,0.0,2.0,20,5,2
128245,4,2,2,17,6,3,0,1,0,1,2,18,2,3,1.0,0.0,0.0,1.0,0.0,1.0,2,7,9
113333,15,2,3,0,8,3,0,1,0,1,2,18,2,2,0.0,0.0,0.0,0.0,0.0,2.0,13,5,8
165987,16,2,1,15,8,3,0,1,0,1,2,18,3,4,1.0,0.0,0.0,0.0,1.0,5.0,20,1,11
144327,16,2,3,10,8,3,0,1,1,1,1,19,2,2,0.0,0.0,0.0,0.0,0.0,2.0,17,3,10
115914,16,2,1,0,8,3,0,1,0,1,2,6,2,3,1.0,0.0,0.0,1.0,0.0,1.0,0,2,8
178418,16,2,1,10,8,3,0,1,1,1,1,36,2,2,0.0,0.0,0.0,0.0,0.0,2.0,20,4,12
39006,16,7,1,17,8,3,6,1,1,1,2,18,2,2,0.0,0.0,0.0,0.0,0.0,2.0,20,1,3
124657,16,2,3,10,8,3,0,1,0,1,2,36,2,4,1.0,0.0,0.0,0.0,1.0,2.0,16,4,9
26088,16,10,1,17,5,3,4,5,0,1,2,39,2,2,0.0,0.0,0.0,0.0,0.0,2.0,22,6,2
95066,4,2,3,2,8,3,0,2,1,0,2,17,1,2,0.0,0.0,0.0,0.0,0.0,1.0,5,1,7
154864,16,2,1,0,6,3,0,1,0,1,2,18,2,2,0.0,0.0,0.0,0.0,0.0,3.0,3,1,10
21801,16,2,1,17,8,3,0,1,1,1,1,36,2,2,0.0,0.0,0.0,0.0,0.0,3.0,5,7,2
109909,16,2,3,9,2,3,0,1,0,1,0,18,2,1,1.0,0.0,1.0,0.0,0.0,3.0,17,1,8
141449,16,7,1,17,6,3,6,1,0,1,2,18,3,1,7.0,0.0,2.0,5.0,0.0,4.0,6,6,10
140900,16,3,4,17,6,3,5,1,1,1,2,18,2,2,0.0,0.0,0.0,0.0,0.0,2.0,17,6,10
91655,2,7,1,0,6,3,6,1,0,1,2,36,3,3,1.0,0.0,0.0,1.0,0.0,3.0,0,4,7
45757,16,2,3,17,6,3,0,1,1,1,2,36,2,2,0.0,0.0,0.0,0.0,0.0,3.0,16,2,4
183323,4,2,1,9,8,3,0,1,0,1,2,36,2,3,1.0,0.0,0.0,1.0,0.0,1.0,22,1,12
71118,17,11,5,10,6,3,5,5,1,1,2,36,2,2,0.0,0.0,0.0,0.0,0.0,2.0,19,5,5
123605,16,2,1,0,15,3,0,1,0,1,2,6,2,3,1.0,0.0,0.0,1.0,0.0,1.0,0,2,9
187756,4,2,3,10,8,3,0,1,1,1,2,19,3,2,0.0,0.0,0.0,0.0,0.0,5.0,13,3,12
108499,15,3,3,0,10,3,0,1,0,1,2,5,2,3,1.0,0.0,0.0,1.0,0.0,1.0,8,2,8
29587,17,11,5,15,6,3,5,5,1,1,2,36,2,2,0.0,0.0,0.0,0.0,0.0,2.0,12,1,3
84833,15,2,3,0,8,3,0,1,1,1,2,18,2,2,0.0,0.0,0.0,0.0,0.0,2.0,10,3,6
25938,16,2,3,17,3,3,0,5,1,1,2,24,2,2,0.0,0.0,0.0,0.0,0.0,2.0,7,4,2
27210,16,2,3,17,10,3,0,5,1,1,1,24,2,2,0.0,0.0,0.0,0.0,0.0,2.0,8,2,2
30934,4,2,0,8,8,3,0,1,1,1,2,18,2,2,0.0,0.0,0.0,0.0,0.0,2.0,18,4,3
172797,16,2,1,17,11,3,0,1,1,1,2,36,2,2,0.0,0.0,0.0,0.0,0.0,2.0,21,7,12
49993,16,2,1,17,5,3,0,1,1,1,2,18,2,2,0.0,0.0,0.0,0.0,0.0,2.0,22,5,4
64510,16,2,1,17,8,3,0,1,0,1,2,36,2,3,3.0,0.0,0.0,2.0,1.0,0.0,18,6,5
56089,15,2,3,0,2,3,0,1,1,1,2,21,2,2,0.0,0.0,0.0,0.0,0.0,2.0,8,3,5
124782,15,2,3,7,6,3,0,1,1,1,1,36,2,2,0.0,0.0,0.0,0.0,0.0,1.0,12,5,9
142847,16,2,1,2,10,3,0,1,0,1,2,28,1,2,0.0,0.0,0.0,0.0,0.0,2.0,0,3,10
164621,4,2,0,9,2,3,0,1,0,1,2,36,2,1,1.0,0.0,1.0,0.0,0.0,1.0,17,5,11
76698,15,2,3,0,8,3,0,1,0,1,2,5,2,3,1.0,0.0,0.0,1.0,0.0,1.0,16,2,6
85618,17,2,4,15,8,3,0,5,1,0,1,26,2,2,0.0,0.0,0.0,0.0,0.0,2.0,23,1,6
97705,16,7,3,10,8,3,6,1,1,1,0,19,2,2,0.0,0.0,0.0,0.0,0.0,2.0,14,6,7
41124,16,7,1,17,8,3,6,1,1,1,2,18,2,2,0.0,0.0,0.0,0.0,0.0,2.0,23,6,3
24234,15,2,1,0,8,3,6,5,1,1,1,26,2,2,0.0,0.0,0.0,0.0,0.0,2.0,21,7,2
165382,16,7,1,17,1,4,6,5,0,1,2,6,2,2,0.0,0.0,0.0,0.0,0.0,2.0,5,7,11
185551,16,10,3,10,6,3,4,5,0,1,2,19,2,2,0.0,0.0,0.0,0.0,0.0,2.0,15,7,12
7785,16,2,1,15,8,3,0,1,1,1,2,23,2,2,0.0,0.0,0.0,0.0,0.0,2.0,20,5,1
179388,15,2,3,0,6,3,0,1,0,1,2,18,2,3,1.0,0.0,0.0,1.0,0.0,2.0,16,6,12
120994,16,2,3,5,5,3,0,1,0,1,2,18,2,3,2.0,0.0,0.0,2.0,0.0,0.0,9,6,9
113654,16,2,1,0,6,3,0,1,0,1,2,6,2,3,1.0,0.0,0.0,1.0,0.0,1.0,2,2,8
44342,16,2,3,10,3,3,0,1,0,1,2,19,3,4,1.0,0.0,0.0,0.0,1.0,2.0,16,3,4
26370,16,2,3,15,2,3,0,1,1,1,2,22,2,2,0.0,0.0,0.0,0.0,0.0,5.0,7,3,2
147743,16,2,3,10,8,3,0,1,1,1,1,19,2,2,0.0,0.0,0.0,0.0,0.0,2.0,6,2,10
9448,16,7,1,17,6,3,6,1,0,1,2,6,2,4,1.0,0.0,0.0,0.0,1.0,1.0,17,5,1
145601,15,2,1,0,6,3,6,5,0,1,2,18,2,2,0.0,0.0,0.0,0.0,0.0,5.0,22,6,10
79853,4,2,4,10,8,3,0,1,1,0,0,22,2,2,0.0,0.0,0.0,0.0,0.0,2.0,21,7,6
36067,16,2,3,17,8,3,0,1,1,1,2,18,2,2,0.0,0.0,0.0,0.0,0.0,2.0,15,5,3
24710,15,2,3,0,8,3,0,1,1,1,1,36,2,2,0.0,0.0,0.0,0.0,0.0,2.0,16,3,2
42891,16,2,3,9,6,3,0,1,0,1,0,24,2,3,1.0,0.0,0.0,1.0,0.0,2.0,8,5,4
169847,16,3,3,10,6,3,0,1,1,1,1,19,2,2,0.0,0.0,0.0,0.0,0.0,2.0,13,5,11
65445,15,2,3,0,15,3,0,1,0,1,2,18,2,2,0.0,0.0,0.0,0.0,0.0,2.0,14,6,5
63031,16,3,3,15,8,3,0,5,1,1,0,36,2,2,0.0,0.0,0.0,0.0,0.0,3.0,11,1,5
112926,16,2,3,17,8,3,0,1,1,1,2,18,2,2,0.0,0.0,0.0,0.0,0.0,2.0,10,5,8
32135,16,7,3,17,8,3,6,1,1,1,1,17,2,2,0.0,0.0,0.0,0.0,0.0,2.0,8,2,3
31059,16,2,3,10,8,3,0,1,1,1,2,19,2,2,0.0,0.0,0.0,0.0,0.0,2.0,8,4,3
83825,15,3,3,17,15,3,6,1,1,1,1,5,2,2,0.0,0.0,0.0,0.0,0.0,4.0,17,1,6
36077,4,2,3,17,8,3,0,1,1,1,2,18,2,2,0.0,0.0,0.0,0.0,0.0,2.0,17,5,3
22575,4,2,3,0,8,3,0,1,1,1,2,18,2,2,0.0,0.0,0.0,0.0,0.0,2.0,9,6,2
139675,4,2,3,17,3,3,0,1,1,1,2,36,2,2,0.0,0.0,0.0,0.0,0.0,3.0,7,3,10
59318,16,2,4,8,6,3,0,1,0,1,0,36,2,3,1.0,0.0,0.0,1.0,0.0,1.0,18,7,5
164327,16,2,1,10,2,3,5,5,1,1,1,17,2,2,0.0,0.0,0.0,0.0,0.0,2.0,20,6,11
25843,4,2,1,7,8,3,0,1,1,1,0,36,2,2,0.0,0.0,0.0,0.0,0.0,1.0,3,1,2
122902,4,2,3,17,8,3,0,1,0,1,2,22,3,2,0.0,0.0,0.0,0.0,0.0,3.0,14,5,9
102998,16,2,3,15,6,3,0,1,1,1,2,22,3,2,0.0,0.0,0.0,0.0,0.0,4.0,18,3,7
69084,4,2,1,0,2,3,0,1,0,1,2,18,2,3,1.0,0.0,0.0,1.0,0.0,2.0,21,6,5
99385,16,2,3,17,2,3,0,1,1,1,0,17,2,2,0.0,0.0,0.0,0.0,0.0,5.0,10,3,7
133838,16,2,1,17,8,3,0,5,1,1,1,36,2,2,0.0,0.0,0.0,0.0,0.0,2.0,21,5,9