crash_date,               traffic_control_device,weather_condition,lighting_condition,first_crash_type,trafficway_type,alignment,roadway_surface_cond,road_defect,crash_type,intersection_related_i,damage,prim_contributory_cause,num_units,most_severe_injury,injuries_total,injuries_fatal,injuries_incapacitating,injuries_non_incapacitating,injuries_reported_not_evident,injuries_no_indication,crash_hour,crash_day_of_week,crash_month
45267,16,2,3,17,8,3,0,1,0,1,2,26,2,2,0.0,0.0,0.0,0.0,0.0,2.0,8,6,4
122542,16,2,1,0,6,3,0,1,0,1,2,6,2,2,0.0,0.0,0.0,0.0,0.0,3.0,23,7,9
144593,16,2,3,10,8,3,0,5,1,1,2,36,2,2,0.0,0.0,0.0,0.0,0.0,2.0,11,3,10
187540,16,2,3,10,3,3,0,5,1,1,2,36,2,2,0.0,0.0,0.0,0.0,0.0,2.0,18,5,12
102085,16,2,3,17,10,3,0,1,1,1,1,22,2,2,0.0,0.0,0.0,0.0,0.0,3.0,15,4,7
19246,15,2,3,17,8,3,0,1,1,1,2,36,2,2,0.0,0.0,0.0,0.0,0.0,2.0,13,6,2
73607,15,2,3,7,6,2,0,6,0,1,2,36,2,4,1.0,0.0,0.0,0.0,1.0,0.0,6,6,6
162657,16,2,3,17,10,3,0,1,0,1,2,18,2,2,0.0,0.0,0.0,0.0,0.0,3.0,8,4,11
179837,4,2,3,17,2,3,0,1,1,0,2,18,2,2,0.0,0.0,0.0,0.0,0.0,2.0,11,3,12
41138,16,2,3,17,2,3,0,5,1,1,2,18,2,2,0.0,0.0,0.0,0.0,0.0,2.0,16,1,3
122485,16,2,3,17,2,3,0,1,1,1,1,24,2,2,0.0,0.0,0.0,0.0,0.0,2.0,11,6,9
179614,15,2,0,0,10,3,6,1,1,1,2,12,2,2,0.0,0.0,0.0,0.0,0.0,2.0,19,6,12
174227,18,2,4,0,15,3,0,1,0,1,2,18,2,2,0.0,0.0,0.0,0.0,0.0,3.0,16,4,12
135475,16,2,1,0,6,3,0,1,0,1,2,18,2,3,1.0,0.0,0.0,1.0,0.0,2.0,1,6,9
61751,16,2,3,10,8,3,0,1,0,1,2,19,2,4,3.0,0.0,0.0,0.0,3.0,0.0,17,3,5
68128,4,2,3,10,8,3,0,1,1,1,1,36,2,2,0.0,0.0,0.0,0.0,0.0,2.0,17,5,5
33239,16,2,3,17,6,3,0,1,1,1,2,36,2,2,0.0,0.0,0.0,0.0,0.0,2.0,15,7,3
91356,15,2,3,0,6,3,0,1,1,1,2,18,2,2,0.0,0.0,0.0,0.0,0.0,7.0,16,1,7
183506,15,2,3,0,6,3,6,5,0,1,2,18,2,2,0.0,0.0,0.0,0.0,0.0,4.0,14,6,12
26028,16,2,0,10,2,3,0,1,0,1,2,17,2,4,1.0,0.0,0.0,0.0,1.0,2.0,1,6,2
172687,16,2,1,0,6,3,0,1,0,1,2,18,2,2,0.0,0.0,0.0,0.0,0.0,3.0,4,1,12
54020,4,2,3,2,8,3,0,2,1,1,2,36,1,2,0.0,0.0,0.0,0.0,0.0,1.0,14,6,4
92222,16,2,1,14,2,3,0,1,0,1,2,11,2,3,2.0,0.0,0.0,2.0,0.0,1.0,2,7,7
28926,4,2,3,15,6,3,0,1,1,1,1,36,2,2,0.0,0.0,0.0,0.0,0.0,2.0,12,2,3
30772,16,2,1,0,2,3,0,1,0,1,1,6,2,3,1.0,0.0,0.0,1.0,0.0,1.0,21,7,3
20592,4,2,3,15,10,3,6,1,1,1,1,36,2,2,0.0,0.0,0.0,0.0,0.0,2.0,13,3,2
32351,15,2,3,0,6,3,0,1,1,1,2,18,2,2,0.0,0.0,0.0,0.0,0.0,3.0,10,5,3
128273,16,2,3,10,8,3,0,1,1,1,1,36,2,2,0.0,0.0,0.0,0.0,0.0,2.0,18,7,9
173599,16,7,1,10,19,3,6,1,0,1,2,36,2,2,0.0,0.0,0.0,0.0,0.0,2.0,1,1,12
188468,16,2,1,0,6,3,0,1,0,1,2,36,2,3,1.0,0.0,0.0,1.0,0.0,1.0,22,7,12
104373,6,2,3,0,10,3,0,1,0,1,2,3,2,3,3.0,0.0,0.0,3.0,0.0,2.0,11,2,8
98534,15,2,3,7,6,3,0,1,1,1,2,30,2,2,0.0,0.0,0.0,0.0,0.0,1.0,18,5,7
25066,10,7,1,10,15,3,6,1,0,1,2,17,2,2,0.0,0.0,0.0,0.0,0.0,2.0,4,3,2
84235,16,2,1,17,1,3,0,1,1,1,2,13,2,2,0.0,0.0,0.0,0.0,0.0,4.0,2,1,6
46200,16,2,3,17,3,5,0,1,0,1,2,36,3,4,1.0,0.0,0.0,0.0,1.0,4.0,11,1,4
122372,16,2,3,9,3,3,0,5,0,1,0,36,2,3,1.0,0.0,0.0,1.0,0.0,1.0,17,4,9
141094,16,3,1,2,3,3,6,1,0,0,2,37,1,3,2.0,0.0,0.0,2.0,0.0,0.0,20,7,10
145881,4,2,2,10,8,3,6,1,1,1,2,36,2,2,0.0,0.0,0.0,0.0,0.0,2.0,6,2,10
32842,4,2,1,17,8,3,0,1,0,1,2,36,2,2,0.0,0.0,0.0,0.0,0.0,3.0,3,1,3
161708,16,2,3,17,15,3,0,1,0,1,2,6,2,3,2.0,0.0,0.0,2.0,0.0,1.0,9,6,11
168749,16,7,1,17,1,2,6,1,0,1,2,11,2,3,1.0,0.0,0.0,1.0,0.0,2.0,0,7,11
10805,16,2,3,10,8,3,0,1,1,1,2,19,2,2,0.0,0.0,0.0,0.0,0.0,2.0,11,6,1
168372,16,2,3,17,6,3,0,1,0,1,2,18,2,3,1.0,0.0,0.0,1.0,0.0,2.0,13,3,11
174106,16,2,3,8,6,3,0,1,0,1,1,36,2,3,1.0,0.0,0.0,1.0,0.0,1.0,14,1,12
168665,16,2,1,17,8,3,0,1,1,1,1,36,2,2,0.0,0.0,0.0,0.0,0.0,3.0,18,6,11
54089,15,2,3,17,8,3,0,1,1,1,2,36,2,2,0.0,0.0,0.0,0.0,0.0,2.0,23,6,4
125906,15,2,3,0,6,3,0,1,1,1,2,18,2,2,0.0,0.0,0.0,0.0,0.0,7.0,15,1,9
36928,16,2,3,7,6,3,0,1,0,1,2,18,3,2,0.0,0.0,0.0,0.0,0.0,1.0,7,6,3
105415,16,7,3,15,6,3,6,5,1,1,2,22,2,2,0.0,0.0,0.0,0.0,0.0,2.0,17,4,8
65545,16,2,3,10,8,3,0,1,0,0,2,36,2,2,0.0,0.0,0.0,0.0,0.0,6.0,7,1,5
134014,16,2,1,2,5,3,0,1,0,1,2,36,1,2,0.0,0.0,0.0,0.0,0.0,1.0,2,1,9
156369,15,7,1,10,10,3,6,1,1,1,0,19,2,2,0.0,0.0,0.0,0.0,0.0,5.0,19,5,11
152490,16,2,1,17,6,3,0,1,1,1,1,24,2,2,0.0,0.0,0.0,0.0,0.0,2.0,22,2,10
46959,16,2,3,0,2,3,0,1,1,1,0,36,2,2,0.0,0.0,0.0,0.0,0.0,2.0,12,2,4
115626,4,2,3,17,8,3,0,1,0,1,2,18,2,4,1.0,0.0,0.0,0.0,1.0,1.0,7,4,8
112973,15,7,1,17,8,3,6,1,1,1,1,24,2,2,0.0,0.0,0.0,0.0,0.0,3.0,20,7,8
101767,16,2,1,10,6,3,0,1,1,1,0,19,2,2,0.0,0.0,0.0,0.0,0.0,2.0,4,7,7
155950,16,2,3,17,6,3,0,1,0,1,2,18,2,2,0.0,0.0,0.0,0.0,0.0,3.0,12,6,11
8657,16,2,3,9,2,3,0,1,0,1,0,18,2,4,1.0,0.0,0.0,0.0,1.0,3.0,14,5,1
14597,16,2,1,10,8,3,0,1,0,1,2,17,2,2,0.0,0.0,0.0,0.0,0.0,2.0,22,3,1
8740,15,2,3,17,8,3,4,5,1,1,1,18,2,2,0.0,0.0,0.0,0.0,0.0,2.0,14,6,1
46435,15,2,3,17,15,3,0,1,0,1,2,18,2,2,0.0,0.0,0.0,0.0,0.0,2.0,14,6,4
16065,16,2,3,8,8,3,6,1,0,1,0,18,2,3,1.0,0.0,0.0,1.0,0.0,1.0,14,1,2
52625,15,2,3,0,8,3,0,1,0,1,2,16,2,2,0.0,0.0,0.0,0.0,0.0,3.0,12,3,4
165142,15,2,1,17,8,3,0,1,0,1,2,9,2,2,0.0,0.0,0.0,0.0,0.0,4.0,20,5,11
115657,16,2,3,15,2,3,0,1,1,1,0,18,2,2,0.0,0.0,0.0,0.0,0.0,2.0,13,5,8
118179,15,2,3,0,6,3,0,1,0,1,2,38,2,2,0.0,0.0,0.0,0.0,0.0,3.0,15,3,8
184585,16,7,1,17,2,3,6,1,1,1,1,24,2,2,0.0,0.0,0.0,0.0,0.0,2.0,16,6,12
80396,15,2,1,17,6,3,0,1,1,1,2,36,2,2,0.0,0.0,0.0,0.0,0.0,5.0,0,1,6
129273,16,2,3,2,2,3,0,2,1,1,2,32,1,2,0.0,0.0,0.0,0.0,0.0,1.0,13,6,9
85288,15,2,3,0,8,3,0,1,0,1,0,36,2,2,0.0,0.0,0.0,0.0,0.0,3.0,10,3,6
147522,16,2,3,10,8,3,0,1,1,1,2,19,3,2,0.0,0.0,0.0,0.0,0.0,4.0,12,4,10
98386,16,2,3,15,10,3,0,5,1,0,1,36,2,2,0.0,0.0,0.0,0.0,0.0,2.0,15,3,7
142210,16,2,3,17,2,3,0,1,1,1,0,19,2,2,0.0,0.0,0.0,0.0,0.0,3.0,8,1,10
110697,17,2,3,17,2,3,0,5,0,1,2,24,2,2,0.0,0.0,0.0,0.0,0.0,2.0,17,7,8
56664,16,2,3,17,6,3,0,1,0,1,2,18,2,2,0.0,0.0,0.0,0.0,0.0,4.0,14,7,5
167187,15,2,3,17,2,3,0,1,1,1,2,36,2,2,0.0,0.0,0.0,0.0,0.0,4.0,16,5,11
107411,16,2,3,10,2,4,0,1,1,1,2,36,2,2,0.0,0.0,0.0,0.0,0.0,2.0,18,6,8
121404,16,2,3,17,6,3,0,1,1,1,2,18,2,2,0.0,0.0,0.0,0.0,0.0,4.0,9,5,9
171528,4,2,3,11,12,3,0,1,1,1,2,21,2,2,0.0,0.0,0.0,0.0,0.0,2.0,11,4,11
8485,16,2,3,17,6,3,0,1,1,1,1,36,2,2,0.0,0.0,0.0,0.0,0.0,2.0,15,4,1
5443,16,2,3,10,8,3,0,5,1,1,2,19,2,2,0.0,0.0,0.0,0.0,0.0,3.0,14,5,1
121208,4,7,3,5,8,3,6,3,1,1,2,36,1,2,0.0,0.0,0.0,0.0,0.0,1.0,18,1,9
26458,4,2,3,17,8,3,6,1,0,0,2,18,2,2,0.0,0.0,0.0,0.0,0.0,2.0,16,6,2
62065,16,2,3,10,2,3,0,1,1,1,1,17,2,2,0.0,0.0,0.0,0.0,0.0,2.0,16,6,5
80240,15,2,1,0,6,3,0,1,0,1,2,36,3,2,0.0,0.0,0.0,0.0,0.0,2.0,22,5,6
3776,16,2,3,17,6,3,0,1,1,1,2,18,2,2,0.0,0.0,0.0,0.0,0.0,3.0,7,2,1
116464,4,2,3,17,8,3,0,1,1,1,2,17,2,2,0.0,0.0,0.0,0.0,0.0,3.0,11,3,8
82653,16,2,3,10,8,3,0,1,1,1,2,19,3,2,0.0,0.0,0.0,0.0,0.0,3.0,17,4,6
1829,16,2,3,0,6,3,0,1,1,1,2,23,2,2,0.0,0.0,0.0,0.0,0.0,2.0,12,4,1
181063,16,10,3,0,6,3,6,1,0,1,2,32,2,2,0.0,0.0,0.0,0.0,0.0,2.0,13,6,12
305,16,2,1,3,15,3,6,1,0,1,2,11,2,2,0.0,0.0,0.0,0.0,0.0,3.0,3,7,1
179174,15,2,3,0,6,3,0,1,0,1,2,17,3,2,0.0,0.0,0.0,0.0,0.0,2.0,11,1,12
26390,16,2,3,17,8,3,0,1,1,1,1,22,2,2,0.0,0.0,0.0,0.0,0.0,2.0,10,3,2
32256,9,2,3,15,11,3,5,5,1,1,2,36,2,2,0.0,0.0,0.0,0.0,0.0,5.0,8,4,3
149020,15,2,3,17,15,3,0,5,1,1,2,18,2,2,0.0,0.0,0.0,0.0,0.0,2.0,15,6,10
51070,16,2,3,0,8,3,0,1,1,1,2,18,2,2,0.0,0.0,0.0,0.0,0.0,2.0,12,4,4
114061,16,2,1,10,8,3,0,1,1,1,2,17,2,2,0.0,0.0,0.0,0.0,0.0,2.0,5,1,8
170552,16,2,3,17,8,3,0,1,1,1,2,36,2,2,0.0,0.0,0.0,0.0,0.0,2.0,14,4,11
148137,4,2,2,7,2,3,0,1,0,1,2,13,2,2,0.0,0.0,0.0,0.0,0.0,1.0,7,6,10
84411,16,2,3,8,6,3,0,1,0,1,0,18,2,3,1.0,0.0,0.0,1.0,0.0,1.0,9,4,6
135224,16,3,3,17,8,3,6,1,0,1,2,36,2,3,1.0,0.0,0.0,1.0,0.0,1.0,7,3,9
158565,16,7,1,10,2,3,6,5,0,1,2,36,2,4,1.0,0.0,0.0,0.0,1.0,1.0,20,3,11
99804,16,2,3,15,2,3,0,1,1,1,1,24,2,2,0.0,0.0,0.0,0.0,0.0,2.0,8,3,7
84481,16,2,1,17,6,3,0,1,0,1,2,22,2,2,0.0,0.0,0.0,0.0,0.0,3.0,21,5,6
182669,16,2,3,10,6,3,0,1,1,1,2,19,2,2,0.0,0.0,0.0,0.0,0.0,2.0,7,5,12
85359,16,7,1,10,8,4,6,1,0,1,2,36,3,2,0.0,0.0,0.0,0.0,0.0,5.0,21,4,6
146109,15,2,3,0,6,3,0,1,1,1,2,18,2,2,0.0,0.0,0.0,0.0,0.0,4.0,13,7,10
68912,16,2,3,17,6,3,6,1,1,1,2,36,2,2,0.0,0.0,0.0,0.0,0.0,2.0,8,4,5
179379,4,2,3,10,17,3,0,1,1,1,2,36,2,2,0.0,0.0,0.0,0.0,0.0,2.0,14,6,12
155994,17,2,3,9,6,3,0,1,0,0,0,36,2,4,1.0,0.0,0.0,0.0,1.0,1.0,12,1,11
177592,16,2,1,10,2,3,0,1,1,1,1,19,2,2,0.0,0.0,0.0,0.0,0.0,2.0,10,1,12
167133,4,2,3,17,2,3,0,1,1,0,2,18,2,2,0.0,0.0,0.0,0.0,0.0,2.0,15,4,11
179705,16,2,1,2,6,3,0,1,0,1,2,26,1,3,4.0,0.0,0.0,4.0,0.0,1.0,22,7,12
50124,4,7,3,17,2,3,6,5,0,1,2,18,3,1,1.0,0.0,1.0,0.0,0.0,5.0,7,2,4
113566,16,2,3,0,8,3,0,5,1,1,1,36,3,2,0.0,0.0,0.0,0.0,0.0,3.0,15,7,8
40612,16,2,3,15,2,3,0,1,1,1,2,23,2,2,0.0,0.0,0.0,0.0,0.0,3.0,15,4,3
129090,15,2,3,10,8,3,0,1,1,1,1,36,2,2,0.0,0.0,0.0,0.0,0.0,2.0,16,2,9
45035,16,2,1,0,2,3,0,1,0,1,2,6,2,4,5.0,0.0,0.0,0.0,5.0,1.0,3,1,4
149419,16,7,1,10,6,3,6,1,1,1,2,39,2,2,0.0,0.0,0.0,0.0,0.0,3.0,21,4,10
65673,16,7,3,17,8,3,6,1,0,1,2,24,2,3,1.0,0.0,0.0,1.0,0.0,1.0,11,1,5
168631,15,2,3,0,8,3,6,5,1,1,2,36,2,2,0.0,0.0,0.0,0.0,0.0,2.0,12,3,11
23451,15,2,3,9,10,3,0,1,0,1,0,17,2,3,1.0,0.0,0.0,1.0,0.0,1.0,8,1,2
139120,16,3,1,0,6,3,0,1,0,1,2,6,2,3,1.0,0.0,0.0,1.0,0.0,2.0,9,1,10
144777,16,2,1,10,2,3,0,1,1,1,1,6,2,2,0.0,0.0,0.0,0.0,0.0,2.0,1,1,10
127151,15,2,3,0,15,3,0,1,1,1,0,18,2,2,0.0,0.0,0.0,0.0,0.0,3.0,12,5,9
98349,15,2,3,17,15,3,0,1,0,1,2,17,2,2,0.0,0.0,0.0,0.0,0.0,5.0,18,1,7
171218,4,2,3,0,8,3,0,5,1,1,1,36,2,2,0.0,0.0,0.0,0.0,0.0,2.0,15,5,11
88568,16,2,1,15,11,3,0,1,0,1,2,23,3,2,0.0,0.0,0.0,0.0,0.0,3.0,22,6,7
112070,16,2,3,17,6,3,0,1,0,1,2,17,2,2,0.0,0.0,0.0,0.0,0.0,2.0,14,6,8
144886,16,2,3,17,15,3,0,1,0,1,1,6,2,2,0.0,0.0,0.0,0.0,0.0,2.0,11,3,10
49721,15,3,3,0,6,3,0,5,1,1,0,36,2,2,0.0,0.0,0.0,0.0,0.0,2.0,17,2,4
119709,15,2,3,10,6,3,0,1,0,1,2,13,2,2,0.0,0.0,0.0,0.0,0.0,2.0,10,2,8
48584,16,2,1,17,8,3,0,1,1,1,2,19,2,2,0.0,0.0,0.0,0.0,0.0,2.0,22,7,4
19304,4,10,1,5,8,3,4,1,1,1,2,39,1,2,0.0,0.0,0.0,0.0,0.0,2.0,20,7,2
165230,16,11,3,0,8,3,5,5,0,1,2,36,2,3,3.0,0.0,0.0,3.0,0.0,1.0,10,6,11
50509,4,2,3,0,8,3,0,1,0,1,2,17,4,3,1.0,0.0,0.0,1.0,0.0,3.0,9,2,4
58605,16,2,3,10,3,3,0,1,1,1,2,8,2,2,0.0,0.0,0.0,0.0,0.0,2.0,7,2,5
56351,4,2,3,15,8,3,0,1,0,1,2,36,2,2,0.0,0.0,0.0,0.0,0.0,2.0,13,2,5
22467,4,10,1,7,8,3,1,5,1,1,2,36,2,2,0.0,0.0,0.0,0.0,0.0,1.0,23,5,2
44689,16,2,3,3,15,3,0,5,1,1,1,36,2,2,0.0,0.0,0.0,0.0,0.0,2.0,14,3,4
109266,4,2,3,0,8,3,0,1,1,0,1,36,2,2,0.0,0.0,0.0,0.0,0.0,2.0,13,6,8
114648,16,7,2,2,8,3,6,1,1,1,1,12,1,2,0.0,0.0,0.0,0.0,0.0,2.0,5,3,8
15875,16,6,1,17,8,3,5,1,0,1,2,26,2,4,2.0,0.0,0.0,0.0,2.0,5.0,18,5,2
35650,16,3,3,17,8,3,0,1,1,1,1,24,2,2,0.0,0.0,0.0,0.0,0.0,2.0,9,4,3
16566,16,11,1,10,8,3,5,2,1,1,2,19,2,2,0.0,0.0,0.0,0.0,0.0,2.0,18,3,2
15257,16,2,1,10,2,3,0,1,1,1,2,19,2,2,0.0,0.0,0.0,0.0,0.0,2.0,17,7,2
53132,16,2,3,14,8,3,0,1,1,1,2,17,2,2,0.0,0.0,0.0,0.0,0.0,2.0,11,5,4
145455,15,2,1,0,8,3,0,1,0,1,2,26,2,2,0.0,0.0,0.0,0.0,0.0,3.0,21,4,10
150950,4,2,4,0,11,3,0,1,1,1,2,36,2,2,0.0,0.0,0.0,0.0,0.0,4.0,17,2,10
178277,16,2,3,10,8,3,0,1,1,1,1,19,2,2,0.0,0.0,0.0,0.0,0.0,2.0,14,2,12
147458,16,2,3,0,8,3,0,1,1,1,2,18,2,2,0.0,0.0,0.0,0.0,0.0,2.0,12,3,10
15581,16,2,3,17,11,3,0,5,1,1,2,22,2,2,0.0,0.0,0.0,0.0,0.0,3.0,14,5,2
132474,16,2,3,10,2,3,0,1,1,1,0,36,2,2,0.0,0.0,0.0,0.0,0.0,3.0,16,6,9
100213,16,2,3,0,8,3,5,5,1,1,2,36,2,2,0.0,0.0,0.0,0.0,0.0,2.0,18,2,7
184119,4,10,3,15,2,3,4,1,1,0,0,22,2,2,0.0,0.0,0.0,0.0,0.0,2.0,8,7,12
93568,16,2,3,2,8,3,0,1,1,1,2,22,1,2,0.0,0.0,0.0,0.0,0.0,1.0,13,6,7
149558,15,2,1,17,2,3,0,1,0,1,2,18,2,2,0.0,0.0,0.0,0.0,0.0,2.0,22,6,10
184110,16,2,4,10,8,3,0,1,1,1,1,22,2,2,0.0,0.0,0.0,0.0,0.0,2.0,19,7,12
163274,15,7,1,17,8,3,6,1,1,1,2,18,2,2,0.0,0.0,0.0,0.0,0.0,4.0,23,7,11
97914,4,2,3,15,8,3,0,1,1,1,2,18,2,2,0.0,0.0,0.0,0.0,0.0,2.0,17,3,7
76607,4,2,3,17,8,3,0,1,1,1,2,36,2,2,0.0,0.0,0.0,0.0,0.0,2.0,12,7,6
164990,16,2,3,10,8,3,0,1,1,1,1,36,2,2,0.0,0.0,0.0,0.0,0.0,2.0,16,3,11
83096,15,2,3,0,6,3,0,1,1,1,2,36,2,2,0.0,0.0,0.0,0.0,0.0,2.0,7,6,6
104596,15,2,3,10,2,3,0,1,1,1,0,17,2,2,0.0,0.0,0.0,0.0,0.0,2.0,15,5,8
37696,4,2,3,8,8,3,0,1,0,1,0,36,2,4,1.0,0.0,0.0,0.0,1.0,1.0,17,5,3
28853,16,2,0,0,8,3,0,1,0,1,2,37,2,2,0.0,0.0,0.0,0.0,0.0,2.0,23,7,3
187875,16,2,0,10,6,3,6,5,1,1,2,19,2,2,0.0,0.0,0.0,0.0,0.0,3.0,16,5,12
139789,15,2,1,2,15,3,0,5,0,1,2,36,1,3,1.0,0.0,0.0,1.0,0.0,3.0,3,6,10
18363,16,2,3,17,8,3,5,5,1,1,0,36,2,2,0.0,0.0,0.0,0.0,0.0,2.0,11,5,2
89314,16,2,3,0,6,3,0,1,0,1,2,17,2,3,3.0,0.0,0.0,3.0,0.0,2.0,19,4,7
159871,15,2,3,0,6,3,0,1,1,1,2,5,2,2,0.0,0.0,0.0,0.0,0.0,5.0,16,6,11
175923,16,2,2,17,6,3,0,1,0,1,2,18,2,2,0.0,0.0,0.0,0.0,0.0,2.0,7,7,12
17243,16,2,1,10,2,3,0,5,1,1,2,17,2,2,0.0,0.0,0.0,0.0,0.0,2.0,1,1,2
168341,16,2,3,10,8,3,0,1,0,1,2,17,2,4,2.0,0.0,0.0,0.0,2.0,3.0,15,2,11
154901,16,3,1,0,8,3,6,1,0,1,2,12,2,1,1.0,0.0,1.0,0.0,0.0,2.0,21,1,10
68465,4,3,3,17,6,3,0,1,0,1,2,18,2,2,0.0,0.0,0.0,0.0,0.0,2.0,11,4,5
2683,16,2,3,0,15,3,0,1,0,1,1,11,3,4,2.0,0.0,0.0,0.0,2.0,1.0,15,5,1
31909,16,2,3,10,8,3,0,5,1,1,1,19,2,2,0.0,0.0,0.0,0.0,0.0,2.0,17,4,3
37784,16,2,3,10,2,3,0,1,1,1,1,17,2,2,0.0,0.0,0.0,0.0,0.0,2.0,15,1,3
80643,15,2,3,10,8,3,0,1,1,1,1,21,2,2,0.0,0.0,0.0,0.0,0.0,2.0,15,5,6
109164,4,2,3,9,6,3,0,1,0,1,2,36,2,1,1.0,0.0,1.0,0.0,0.0,1.0,13,7,8
33476,4,2,3,2,8,3,0,1,0,1,2,36,1,1,1.0,0.0,1.0,0.0,0.0,0.0,8,3,3
78822,16,2,3,10,8,3,0,1,1,1,0,36,2,2,0.0,0.0,0.0,0.0,0.0,3.0,17,5,6
114396,16,2,3,3,6,3,0,1,0,1,2,36,2,3,1.0,0.0,0.0,1.0,0.0,1.0,9,7,8
142256,16,2,3,10,2,3,0,1,1,1,2,19,2,2,0.0,0.0,0.0,0.0,0.0,2.0,7,2,10
112513,16,3,3,15,8,3,6,1,1,1,0,12,2,2,0.0,0.0,0.0,0.0,0.0,2.0,9,5,8
124965,16,2,3,17,8,3,0,1,1,1,2,26,2,2,0.0,0.0,0.0,0.0,0.0,2.0,15,7,9
38697,4,7,3,9,6,3,6,5,0,1,2,18,2,3,1.0,0.0,0.0,1.0,0.0,1.0,14,4,3
121441,16,2,3,17,6,3,0,1,0,1,2,18,2,3,1.0,0.0,0.0,1.0,0.0,1.0,15,6,9
125953,16,2,3,17,8,3,0,1,1,1,1,36,2,2,0.0,0.0,0.0,0.0,0.0,2.0,15,3,9
63631,16,2,1,0,3,3,0,1,0,1,2,6,2,3,2.0,0.0,0.0,2.0,0.0,2.0,1,4,5
139550,4,2,3,15,8,3,0,1,1,1,2,28,2,2,0.0,0.0,0.0,0.0,0.0,2.0,16,1,10
32643,16,3,4,0,6,3,0,1,0,1,2,6,2,3,1.0,0.0,0.0,1.0,0.0,1.0,19,3,3
76219,16,7,1,0,8,3,6,5,1,1,1,36,2,2,0.0,0.0,0.0,0.0,0.0,2.0,17,3,6
169115,15,2,3,0,8,3,0,1,1,1,2,18,2,2,0.0,0.0,0.0,0.0,0.0,2.0,6,4,11
101770,15,2,1,0,6,3,0,5,0,1,2,5,2,4,1.0,0.0,0.0,0.0,1.0,1.0,4,7,7
162945,16,2,4,9,2,3,0,1,0,1,1,18,2,3,1.0,0.0,0.0,1.0,0.0,2.0,16,4,11
17539,16,1,3,15,1,3,4,1,0,1,2,36,4,4,1.0,0.0,0.0,0.0,1.0,6.0,11,5,2
39397,16,2,1,10,2,3,0,1,0,1,1,19,2,2,0.0,0.0,0.0,0.0,0.0,2.0,22,1,3
98262,15,2,3,0,3,3,0,1,0,1,1,18,2,2,0.0,0.0,0.0,0.0,0.0,6.0,17,7,7
155553,16,7,3,17,8,3,6,1,1,1,2,18,2,2,0.0,0.0,0.0,0.0,0.0,2.0,16,3,10
142510,16,2,3,17,2,3,0,1,1,1,1,18,2,2,0.0,0.0,0.0,0.0,0.0,2.0,16,7,10
31040,16,2,1,10,8,3,0,1,0,1,2,19,2,4,1.0,0.0,0.0,0.0,1.0,2.0,18,4,3
101461,16,2,0,8,2,3,0,1,0,1,2,36,2,1,1.0,0.0,1.0,0.0,0.0,3.0,23,7,7
166490,16,2,3,0,8,3,0,1,0,1,2,6,2,2,0.0,0.0,0.0,0.0,0.0,4.0,13,2,11
125899,16,2,1,3,2,3,0,1,0,1,2,36,2,4,1.0,0.0,0.0,0.0,1.0,1.0,2,1,9
175807,16,3,1,17,2,3,0,1,0,1,2,18,2,3,1.0,0.0,0.0,1.0,0.0,2.0,12,4,12
112411,16,2,3,8,2,3,0,5,0,1,2,18,2,3,1.0,0.0,0.0,1.0,0.0,1.0,18,6,8
21736,4,2,3,7,8,3,1,1,1,1,2,39,2,2,0.0,0.0,0.0,0.0,0.0,1.0,7,6,2
179510,16,2,3,17,2,3,0,5,1,1,1,36,2,2,0.0,0.0,0.0,0.0,0.0,2.0,15,5,12
141772,15,2,3,0,8,3,6,1,1,1,2,18,2,2,0.0,0.0,0.0,0.0,0.0,2.0,10,2,10
131977,16,2,3,10,11,3,0,1,1,1,2,36,2,2,0.0,0.0,0.0,0.0,0.0,2.0,8,6,9
17989,15,10,1,17,8,3,6,5,1,1,1,36,2,2,0.0,0.0,0.0,0.0,0.0,2.0,3,6,2
25367,16,7,1,17,10,3,6,1,1,1,2,22,2,2,0.0,0.0,0.0,0.0,0.0,3.0,19,7,2
79149,16,2,1,17,6,3,0,1,0,1,2,3,2,3,1.0,0.0,0.0,1.0,0.0,7.0,23,3,6
56805,15,2,3,0,8,3,0,1,0,1,2,18,2,2,0.0,0.0,0.0,0.0,0.0,3.0,6,2,5
147234,16,2,3,17,2,3,0,1,1,1,2,18,2,2,0.0,0.0,0.0,0.0,0.0,2.0,14,2,10
150882,16,2,3,0,8,3,0,1,0,1,2,6,2,2,0.0,0.0,0.0,0.0,0.0,3.0,17,4,10
91973,15,2,3,10,2,3,5,5,1,1,2,19,2,2,0.0,0.0,0.0,0.0,0.0,2.0,16,2,7
163096,16,2,3,10,8,3,0,1,1,1,2,8,2,2,0.0,0.0,0.0,0.0,0.0,2.0,11,3,11
139037,16,7,1,14,8,3,6,5,0,1,2,36,2,2,0.0,0.0,0.0,0.0,0.0,2.0,20,7,10
150751,16,11,5,17,18,3,5,5,0,1,2,36,2,2,0.0,0.0,0.0,0.0,0.0,2.0,15,1,10
159926,15,2,3,0,6,3,0,1,1,1,2,5,2,2,0.0,0.0,0.0,0.0,0.0,2.0,11,6,11
9123,16,2,3,10,2,3,0,1,1,1,1,36,2,2,0.0,0.0,0.0,0.0,0.0,2.0,9,3,1
112930,16,2,1,0,2,3,0,1,0,1,2,36,2,2,0.0,0.0,0.0,0.0,0.0,2.0,22,5,8