crash_date,               traffic_control_device,weather_condition,lighting_condition,first_crash_type,trafficway_type,alignment,roadway_surface_cond,road_defect,crash_type,intersection_related_i,damage,prim_contributory_cause,num_units,most_severe_injury,injuries_total,injuries_fatal,injuries_incapacitating,injuries_non_incapacitating,injuries_reported_not_evident,injuries_no_indication,crash_hour,crash_day_of_week,crash_month
78883,4,2,3,8,2,3,0,1,0,1,0,36,2,3,1.0,0.0,0.0,1.0,0.0,2.0,16,6,6
175990,15,2,3,0,8,3,0,5,1,1,1,36,2,2,0.0,0.0,0.0,0.0,0.0,3.0,11,5,12
184531,16,10,1,10,8,3,4,1,1,1,0,39,2,2,0.0,0.0,0.0,0.0,0.0,2.0,18,5,12
109066,15,2,3,0,6,3,0,1,1,1,1,18,2,2,0.0,0.0,0.0,0.0,0.0,2.0,14,4,8
90917,15,2,3,0,2,3,0,1,0,1,2,18,2,4,1.0,0.0,0.0,0.0,1.0,4.0,18,6,7
85061,16,2,3,15,10,3,0,1,0,0,2,22,3,2,0.0,0.0,0.0,0.0,0.0,3.0,13,1,6
146378,16,2,0,17,2,3,6,1,0,1,2,24,2,4,2.0,0.0,0.0,0.0,2.0,3.0,4,1,10
108759,15,2,3,15,3,3,0,1,1,1,2,36,2,2,0.0,0.0,0.0,0.0,0.0,2.0,8,5,8
71989,15,2,3,0,6,3,0,5,1,1,1,18,2,2,0.0,0.0,0.0,0.0,0.0,2.0,17,2,6
93295,16,2,3,2,8,3,0,1,0,1,2,6,2,2,0.0,0.0,0.0,0.0,0.0,1.0,6,2,7
119872,16,2,3,17,8,3,0,1,1,1,1,36,2,2,0.0,0.0,0.0,0.0,0.0,2.0,13,6,8
108785,16,2,1,17,2,3,6,1,0,1,2,6,2,2,0.0,0.0,0.0,0.0,0.0,3.0,1,6,8
20928,15,2,1,3,8,3,0,1,0,1,2,36,2,2,0.0,0.0,0.0,0.0,0.0,2.0,20,1,2
143706,17,7,3,17,18,3,6,5,1,1,2,26,2,2,0.0,0.0,0.0,0.0,0.0,2.0,16,2,10
91423,16,2,1,3,8,3,0,1,1,1,2,15,2,2,0.0,0.0,0.0,0.0,0.0,3.0,0,6,7
138231,15,2,4,17,8,3,0,1,1,1,2,18,2,2,0.0,0.0,0.0,0.0,0.0,2.0,21,2,10
167919,15,2,3,0,6,3,0,1,1,1,2,36,2,2,0.0,0.0,0.0,0.0,0.0,2.0,8,2,11
110882,16,2,1,10,8,3,0,1,0,1,1,36,2,4,1.0,0.0,0.0,0.0,1.0,1.0,21,1,8
110626,15,2,3,15,8,3,0,1,1,1,2,36,2,2,0.0,0.0,0.0,0.0,0.0,4.0,15,6,8
87,16,2,0,17,2,3,4,1,1,1,2,36,2,2,0.0,0.0,0.0,0.0,0.0,2.0,22,2,1
99738,15,2,3,0,10,3,0,1,0,1,2,18,2,2,0.0,0.0,0.0,0.0,0.0,2.0,17,2,7
112124,16,2,1,10,11,3,0,1,1,1,2,17,2,2,0.0,0.0,0.0,0.0,0.0,2.0,0,6,8
47068,15,7,3,17,15,3,6,1,1,1,2,5,2,2,0.0,0.0,0.0,0.0,0.0,2.0,8,5,4
132053,16,2,0,10,8,3,0,5,1,1,2,36,2,2,0.0,0.0,0.0,0.0,0.0,2.0,20,7,9
134973,16,2,0,10,2,3,0,1,0,0,2,6,2,2,0.0,0.0,0.0,0.0,0.0,2.0,19,5,9
65144,16,2,3,10,8,3,0,1,1,1,1,36,2,2,0.0,0.0,0.0,0.0,0.0,2.0,15,7,5
36799,15,2,3,15,8,3,0,1,1,1,1,36,2,2,0.0,0.0,0.0,0.0,0.0,2.0,15,3,3
57774,16,2,3,15,2,3,0,1,1,1,1,12,2,2,0.0,0.0,0.0,0.0,0.0,2.0,11,4,5
181597,16,2,4,7,15,3,0,1,1,1,2,36,2,2,0.0,0.0,0.0,0.0,0.0,4.0,16,6,12
101579,16,2,4,10,8,3,0,1,1,1,1,13,2,2,0.0,0.0,0.0,0.0,0.0,6.0,19,3,7
58572,16,7,3,17,2,3,6,1,0,0,2,18,2,3,2.0,0.0,0.0,2.0,0.0,1.0,13,2,5
119700,16,2,3,0,11,3,0,1,0,1,2,18,2,2,0.0,0.0,0.0,0.0,0.0,3.0,8,2,8
56660,16,2,1,17,8,3,0,1,0,1,2,18,2,2,0.0,0.0,0.0,0.0,0.0,3.0,1,7,5
171988,16,2,1,0,6,3,0,1,0,1,2,18,2,3,1.0,0.0,0.0,1.0,0.0,2.0,20,4,11
108689,4,2,3,8,8,3,0,1,0,1,2,18,2,3,1.0,0.0,0.0,1.0,0.0,1.0,9,6,8
4398,16,7,2,10,8,3,6,1,1,1,2,19,3,2,0.0,0.0,0.0,0.0,0.0,3.0,7,3,1
136634,4,2,1,9,8,3,0,1,0,1,2,26,3,1,2.0,0.0,2.0,0.0,0.0,1.0,21,7,9
27889,4,7,2,2,15,3,6,5,1,1,1,36,1,2,0.0,0.0,0.0,0.0,0.0,1.0,6,1,2
47607,15,7,3,10,8,3,0,1,1,1,1,36,2,2,0.0,0.0,0.0,0.0,0.0,2.0,17,5,4
5501,16,10,1,0,11,3,4,5,1,1,1,36,2,2,0.0,0.0,0.0,0.0,0.0,2.0,18,6,1
108094,4,2,3,17,6,3,0,1,1,1,2,18,2,2,0.0,0.0,0.0,0.0,0.0,4.0,15,3,8
37429,4,2,1,15,8,3,0,1,0,1,2,36,2,2,0.0,0.0,0.0,0.0,0.0,2.0,20,1,3
76980,16,2,3,17,8,3,0,1,1,1,2,36,2,2,0.0,0.0,0.0,0.0,0.0,2.0,17,7,6
146254,16,7,3,10,8,4,6,1,1,1,1,19,2,2,0.0,0.0,0.0,0.0,0.0,2.0,15,3,10
71811,16,2,3,15,8,3,0,1,0,1,2,22,2,3,1.0,0.0,0.0,1.0,0.0,3.0,13,6,6
137877,4,2,3,10,10,3,0,1,1,1,2,36,2,2,0.0,0.0,0.0,0.0,0.0,2.0,15,6,10
112556,16,2,3,10,8,3,0,5,1,1,1,36,2,2,0.0,0.0,0.0,0.0,0.0,2.0,5,6,8
116160,16,2,3,3,3,3,0,1,0,1,2,17,3,1,1.0,0.0,1.0,0.0,0.0,10.0,13,5,8
138518,16,2,1,15,10,3,5,1,1,1,2,22,2,2,0.0,0.0,0.0,0.0,0.0,4.0,23,7,10
14420,15,2,3,0,15,3,0,1,0,1,2,18,2,2,0.0,0.0,0.0,0.0,0.0,3.0,11,7,1
51055,16,7,0,17,2,3,6,1,0,1,2,17,2,0,2.0,1.0,1.0,0.0,0.0,0.0,21,4,4
35910,16,2,1,17,2,3,0,1,0,1,1,24,2,4,2.0,0.0,0.0,0.0,2.0,4.0,23,7,3
81281,16,2,3,17,3,3,0,5,1,1,2,36,2,2,0.0,0.0,0.0,0.0,0.0,2.0,17,7,6
45285,4,2,3,7,8,3,0,1,1,1,2,36,2,2,0.0,0.0,0.0,0.0,0.0,1.0,12,6,4
32145,16,2,3,0,6,3,6,1,1,1,2,6,2,2,0.0,0.0,0.0,0.0,0.0,2.0,9,2,3
21996,16,2,3,10,10,3,0,1,1,1,1,19,2,2,0.0,0.0,0.0,0.0,0.0,2.0,10,4,2
62144,4,2,3,7,10,3,0,1,0,1,1,28,2,2,0.0,0.0,0.0,0.0,0.0,1.0,18,1,5
174696,15,2,3,0,2,3,0,1,1,1,2,23,2,2,0.0,0.0,0.0,0.0,0.0,2.0,15,2,12
187563,6,10,1,10,8,3,4,5,1,1,1,19,2,2,0.0,0.0,0.0,0.0,0.0,2.0,16,6,12
23470,16,2,3,10,8,3,0,1,0,1,2,36,2,2,0.0,0.0,0.0,0.0,0.0,2.0,12,1,2
87938,16,2,3,17,6,3,0,5,0,1,2,3,2,3,1.0,0.0,0.0,1.0,0.0,3.0,19,2,7
25811,4,7,0,7,8,3,6,1,1,1,1,23,2,2,0.0,0.0,0.0,0.0,0.0,2.0,23,7,2
77648,16,2,3,15,8,3,0,1,1,1,1,18,2,2,0.0,0.0,0.0,0.0,0.0,3.0,12,2,6
107557,16,2,3,15,8,3,0,1,1,1,2,23,2,2,0.0,0.0,0.0,0.0,0.0,2.0,18,1,8
22100,15,2,0,0,2,3,0,1,0,1,2,36,2,2,0.0,0.0,0.0,0.0,0.0,3.0,18,5,2
86154,15,2,3,0,6,3,0,1,0,1,2,18,2,1,4.0,0.0,1.0,2.0,1.0,0.0,13,5,6
17138,16,2,3,17,3,3,0,1,1,1,1,24,2,2,0.0,0.0,0.0,0.0,0.0,2.0,10,6,2
88218,16,2,3,10,2,3,0,1,0,1,2,19,2,3,2.0,0.0,0.0,2.0,0.0,0.0,13,2,7
59492,16,2,1,17,1,3,0,1,0,1,2,36,2,3,1.0,0.0,0.0,1.0,0.0,2.0,1,1,5
143854,16,2,3,0,6,3,0,5,0,1,2,19,2,4,1.0,0.0,0.0,0.0,1.0,1.0,15,4,10
111947,16,2,3,10,2,3,0,1,1,1,2,19,2,2,0.0,0.0,0.0,0.0,0.0,3.0,15,4,8
87152,4,2,3,12,12,3,0,1,1,0,1,36,2,2,0.0,0.0,0.0,0.0,0.0,3.0,10,5,6
134700,4,2,3,0,15,3,0,1,0,1,2,11,2,3,1.0,0.0,0.0,1.0,0.0,2.0,15,4,9
66435,16,2,3,10,8,3,0,1,1,1,1,17,3,2,0.0,0.0,0.0,0.0,0.0,3.0,17,1,5
93671,15,2,3,0,6,3,0,1,1,1,2,36,2,2,0.0,0.0,0.0,0.0,0.0,4.0,17,1,7
172740,16,2,3,10,8,3,0,1,0,1,2,19,3,3,1.0,0.0,0.0,1.0,0.0,2.0,8,6,12
67143,16,2,3,10,2,3,0,1,1,1,1,38,2,2,0.0,0.0,0.0,0.0,0.0,2.0,17,4,5
159645,4,2,1,15,2,3,0,1,1,1,2,23,2,2,0.0,0.0,0.0,0.0,0.0,3.0,16,5,11
136659,16,2,3,10,8,3,6,1,1,1,1,36,2,2,0.0,0.0,0.0,0.0,0.0,3.0,13,1,9
56917,16,2,3,9,6,3,6,5,0,1,0,36,2,1,1.0,0.0,1.0,0.0,0.0,1.0,18,5,5
33728,16,10,3,0,5,3,6,5,0,1,2,6,2,4,1.0,0.0,0.0,0.0,1.0,1.0,10,1,3
7081,15,2,1,0,2,3,4,1,1,1,0,18,2,2,0.0,0.0,0.0,0.0,0.0,3.0,16,2,1
119988,16,3,3,0,8,3,0,1,0,1,2,18,2,2,0.0,0.0,0.0,0.0,0.0,2.0,7,5,8
140325,4,3,5,2,8,3,5,5,0,1,2,36,1,2,0.0,0.0,0.0,0.0,0.0,1.0,7,5,10
9995,15,2,1,0,8,3,0,5,1,1,2,5,2,2,0.0,0.0,0.0,0.0,0.0,2.0,20,7,1
163762,15,11,5,0,8,3,5,5,1,1,1,36,2,2,0.0,0.0,0.0,0.0,0.0,2.0,14,6,11
76995,16,2,4,9,6,3,0,1,0,1,0,36,2,3,1.0,0.0,0.0,1.0,0.0,1.0,20,7,6
125399,16,2,3,0,6,3,0,2,1,1,1,6,2,2,0.0,0.0,0.0,0.0,0.0,2.0,15,2,9
55779,16,2,1,15,6,3,0,1,1,1,2,23,2,2,0.0,0.0,0.0,0.0,0.0,2.0,20,6,4
22458,16,7,3,17,6,3,6,1,1,1,2,24,2,2,0.0,0.0,0.0,0.0,0.0,2.0,11,5,2
170923,15,2,3,0,2,3,0,1,1,1,2,5,2,2,0.0,0.0,0.0,0.0,0.0,2.0,9,1,11
131269,15,2,3,0,8,3,0,1,1,1,2,36,2,2,0.0,0.0,0.0,0.0,0.0,2.0,13,4,9
140872,4,7,3,9,6,3,6,1,0,1,0,38,2,3,1.0,0.0,0.0,1.0,0.0,1.0,15,6,10
76586,16,2,3,10,2,3,0,1,1,1,2,19,2,2,0.0,0.0,0.0,0.0,0.0,3.0,19,7,6
139642,16,7,3,10,2,3,0,1,0,1,2,19,3,4,1.0,0.0,0.0,0.0,1.0,3.0,12,2,10
97640,16,2,3,0,2,3,0,1,0,1,2,6,2,3,4.0,0.0,0.0,4.0,0.0,0.0,6,4,7
149024,15,2,3,8,6,3,0,1,0,1,1,5,2,3,1.0,0.0,0.0,1.0,0.0,2.0,15,6,10
178221,16,2,1,17,2,3,0,1,1,1,2,18,2,2,0.0,0.0,0.0,0.0,0.0,2.0,17,4,12
117852,16,2,3,10,6,3,0,1,1,1,1,36,2,2,0.0,0.0,0.0,0.0,0.0,2.0,15,3,8
97966,16,2,3,15,8,3,0,1,0,1,2,22,2,2,0.0,0.0,0.0,0.0,0.0,4.0,15,4,7
69355,16,7,3,17,6,3,6,1,0,1,2,39,2,3,1.0,0.0,0.0,1.0,0.0,1.0,18,4,5
140651,16,2,1,10,8,3,0,1,1,1,2,2,2,2,0.0,0.0,0.0,0.0,0.0,2.0,22,1,10
61493,16,2,3,17,8,3,5,5,1,1,2,18,2,2,0.0,0.0,0.0,0.0,0.0,3.0,15,7,5
164857,16,7,3,5,11,3,6,1,0,1,2,12,2,1,2.0,0.0,1.0,1.0,0.0,1.0,14,7,11
21651,4,2,3,17,2,3,6,1,1,0,2,24,2,2,0.0,0.0,0.0,0.0,0.0,2.0,16,5,2
121185,15,2,4,10,8,3,0,1,0,1,2,26,2,2,0.0,0.0,0.0,0.0,0.0,2.0,0,7,9
144128,16,3,3,17,3,3,6,1,1,1,1,36,3,2,0.0,0.0,0.0,0.0,0.0,3.0,17,6,10
184096,16,11,3,15,6,3,5,5,1,1,2,23,2,2,0.0,0.0,0.0,0.0,0.0,2.0,17,7,12
165147,16,2,0,17,6,3,5,5,1,1,2,36,2,2,0.0,0.0,0.0,0.0,0.0,2.0,20,5,11
85780,15,2,3,0,8,3,0,1,0,1,2,18,2,1,3.0,0.0,3.0,0.0,0.0,0.0,13,4,6
175038,4,2,0,14,8,3,0,1,1,0,1,36,2,2,0.0,0.0,0.0,0.0,0.0,3.0,19,5,12
139530,16,7,1,10,8,3,6,1,1,1,2,36,2,2,0.0,0.0,0.0,0.0,0.0,3.0,1,1,10
122648,16,2,0,8,6,3,0,1,0,1,1,6,2,3,1.0,0.0,0.0,1.0,0.0,3.0,21,2,9
79770,16,2,3,17,8,3,0,1,0,1,2,36,2,2,0.0,0.0,0.0,0.0,0.0,2.0,19,5,6
162793,16,1,3,0,8,3,4,1,1,1,2,26,2,2,0.0,0.0,0.0,0.0,0.0,2.0,9,7,11
172143,16,2,4,0,2,3,5,5,1,1,1,23,2,2,0.0,0.0,0.0,0.0,0.0,2.0,17,3,12
32373,16,2,3,15,8,3,0,1,1,1,0,19,2,2,0.0,0.0,0.0,0.0,0.0,3.0,14,7,3
28482,15,2,3,0,8,3,0,1,1,1,1,18,2,2,0.0,0.0,0.0,0.0,0.0,2.0,13,2,3
79123,16,2,3,0,6,3,0,1,0,1,2,36,2,2,0.0,0.0,0.0,0.0,0.0,4.0,7,3,6
145853,4,2,3,15,10,4,0,1,1,1,0,22,2,2,0.0,0.0,0.0,0.0,0.0,2.0,15,2,10
188027,15,2,1,10,8,3,0,1,1,1,2,19,2,2,0.0,0.0,0.0,0.0,0.0,4.0,21,1,12
58951,4,2,3,0,2,3,0,1,1,1,2,36,2,2,0.0,0.0,0.0,0.0,0.0,3.0,17,2,5
169341,16,7,3,10,2,3,6,1,1,1,2,19,3,2,0.0,0.0,0.0,0.0,0.0,3.0,14,4,11
178844,4,2,3,0,8,3,0,1,1,1,2,18,2,2,0.0,0.0,0.0,0.0,0.0,2.0,11,5,12
38271,15,7,3,17,15,3,6,1,0,1,0,36,2,4,1.0,0.0,0.0,0.0,1.0,1.0,17,3,3
57560,15,2,1,0,2,3,0,1,0,1,2,18,3,3,1.0,0.0,0.0,1.0,0.0,2.0,22,6,5
26460,16,10,3,0,8,3,4,1,0,1,2,6,2,2,0.0,0.0,0.0,0.0,0.0,2.0,16,6,2
37975,4,2,1,17,8,3,0,1,0,1,2,36,2,3,1.0,0.0,0.0,1.0,0.0,1.0,22,5,3
31695,15,2,3,17,6,3,0,1,1,1,2,18,2,2,0.0,0.0,0.0,0.0,0.0,2.0,16,3,3
6799,15,2,3,0,8,3,0,1,1,1,2,5,2,2,0.0,0.0,0.0,0.0,0.0,2.0,16,6,1
5318,16,5,1,17,6,3,6,5,1,1,1,36,2,2,0.0,0.0,0.0,0.0,0.0,3.0,5,5,1
123814,17,2,5,10,8,3,0,1,1,1,1,26,2,2,0.0,0.0,0.0,0.0,0.0,2.0,18,4,9
10695,16,2,1,10,3,3,6,1,1,1,1,36,2,2,0.0,0.0,0.0,0.0,0.0,2.0,17,4,1
91834,16,2,1,15,6,3,5,5,1,1,1,12,2,2,0.0,0.0,0.0,0.0,0.0,2.0,23,7,7
38674,15,7,1,17,6,3,6,1,0,1,2,18,2,3,1.0,0.0,0.0,1.0,0.0,1.0,20,3,3
69055,4,2,3,17,8,3,0,1,0,1,2,24,2,3,3.0,0.0,0.0,3.0,0.0,2.0,17,6,5
129214,15,2,3,0,8,3,0,1,0,1,2,36,2,2,0.0,0.0,0.0,0.0,0.0,2.0,15,5,9
61896,4,2,3,0,2,3,0,1,0,1,2,18,2,2,0.0,0.0,0.0,0.0,0.0,2.0,9,5,5
80821,16,2,3,10,2,3,0,1,1,1,2,19,2,2,0.0,0.0,0.0,0.0,0.0,2.0,19,7,6
13744,16,2,3,17,3,3,5,5,1,1,2,22,2,2,0.0,0.0,0.0,0.0,0.0,2.0,9,1,1
52440,17,2,3,0,6,3,0,5,0,1,2,6,2,3,2.0,0.0,0.0,1.0,1.0,1.0,6,1,4
13158,16,3,4,10,2,3,0,1,1,1,1,8,2,2,0.0,0.0,0.0,0.0,0.0,2.0,16,5,1
42348,16,2,3,17,8,3,0,1,0,1,2,24,2,2,0.0,0.0,0.0,0.0,0.0,2.0,11,1,4
56888,16,2,1,0,6,3,0,1,0,1,2,11,4,4,2.0,0.0,0.0,0.0,2.0,1.0,1,5,5
43657,16,2,3,17,8,3,0,1,1,1,1,24,2,2,0.0,0.0,0.0,0.0,0.0,2.0,15,4,4
23265,16,2,4,0,8,3,0,1,1,1,2,36,2,2,0.0,0.0,0.0,0.0,0.0,2.0,18,5,2
165862,15,7,1,0,6,3,6,1,0,1,2,39,2,2,0.0,0.0,0.0,0.0,0.0,2.0,18,2,11
29877,15,2,3,10,6,3,0,1,1,1,2,12,2,2,0.0,0.0,0.0,0.0,0.0,2.0,16,6,3
130563,15,2,3,9,15,3,5,5,0,1,1,36,2,1,1.0,0.0,1.0,0.0,0.0,1.0,12,2,9
80704,16,2,3,17,8,3,0,1,0,1,2,12,2,3,1.0,0.0,0.0,1.0,0.0,1.0,12,5,6
148195,15,2,3,9,8,3,0,1,1,1,2,36,2,2,0.0,0.0,0.0,0.0,0.0,2.0,15,7,10
163011,16,2,3,10,2,3,0,1,0,1,2,19,2,2,0.0,0.0,0.0,0.0,0.0,2.0,7,7,11
137150,16,7,1,17,8,3,6,5,0,1,2,18,2,2,0.0,0.0,0.0,0.0,0.0,2.0,5,1,9
175791,16,2,1,17,6,3,0,1,1,1,2,24,2,2,0.0,0.0,0.0,0.0,0.0,2.0,18,4,12
25620,15,4,2,0,6,3,5,5,0,0,2,18,2,2,0.0,0.0,0.0,0.0,0.0,2.0,10,5,2
73515,15,7,3,0,8,3,6,1,1,1,2,18,2,2,0.0,0.0,0.0,0.0,0.0,3.0,11,3,6
94506,15,7,3,0,8,3,6,1,1,1,2,18,2,2,0.0,0.0,0.0,0.0,0.0,3.0,23,7,7
40476,15,2,3,0,6,3,0,1,0,1,2,18,2,3,2.0,0.0,0.0,2.0,0.0,2.0,15,2,3
59941,15,2,3,10,8,3,0,1,0,1,2,19,2,3,2.0,0.0,0.0,2.0,0.0,1.0,16,4,5
49118,16,2,3,8,2,3,0,1,1,1,2,17,2,2,0.0,0.0,0.0,0.0,0.0,2.0,18,3,4
152998,16,7,3,17,6,3,6,1,1,1,1,18,2,2,0.0,0.0,0.0,0.0,0.0,2.0,13,3,10
30551,16,2,3,10,2,3,6,5,1,1,2,21,2,2,0.0,0.0,0.0,0.0,0.0,2.0,14,3,3
69072,15,2,3,0,6,3,0,1,1,1,2,36,2,2,0.0,0.0,0.0,0.0,0.0,2.0,7,6,5
142721,15,2,3,0,6,3,0,1,0,1,2,5,2,2,0.0,0.0,0.0,0.0,0.0,2.0,12,4,10
173874,16,3,3,15,3,3,0,1,1,1,0,36,2,2,0.0,0.0,0.0,0.0,0.0,2.0,8,3,12
43087,16,7,3,0,8,3,6,5,1,1,0,36,2,2,0.0,0.0,0.0,0.0,0.0,3.0,15,3,4
149904,4,2,1,17,2,3,0,1,1,1,2,18,2,2,0.0,0.0,0.0,0.0,0.0,2.0,0,2,10
20594,16,2,3,15,10,3,0,1,1,1,1,23,2,2,0.0,0.0,0.0,0.0,0.0,2.0,14,3,2
142612,16,2,3,10,6,3,0,1,1,1,2,19,2,2,0.0,0.0,0.0,0.0,0.0,2.0,14,2,10
101816,16,2,3,17,8,3,0,1,1,1,2,17,2,2,0.0,0.0,0.0,0.0,0.0,2.0,12,7,7
58407,4,2,1,10,10,3,0,1,1,1,2,36,2,2,0.0,0.0,0.0,0.0,0.0,2.0,2,1,5
136676,16,7,1,0,6,3,6,5,0,1,2,3,2,3,1.0,0.0,0.0,1.0,0.0,1.0,4,1,9
109962,15,2,1,17,6,3,0,1,0,1,2,5,2,4,15.0,0.0,0.0,0.0,15.0,1.0,2,2,8
41609,16,2,3,17,10,3,0,1,1,1,2,38,2,2,0.0,0.0,0.0,0.0,0.0,2.0,10,3,3
32836,16,2,1,17,6,3,0,1,0,1,2,17,2,3,2.0,0.0,0.0,2.0,0.0,0.0,1,1,3
22988,16,2,5,0,6,3,0,1,0,1,2,18,2,3,4.0,0.0,0.0,4.0,0.0,0.0,18,7,2
76824,15,2,3,0,6,3,0,1,0,1,2,18,2,2,0.0,0.0,0.0,0.0,0.0,2.0,15,5,6
111712,15,2,3,8,10,3,0,5,0,1,0,38,2,3,1.0,0.0,0.0,1.0,0.0,1.0,17,1,8
30937,4,2,2,9,3,3,0,1,0,1,0,36,2,1,1.0,0.0,1.0,0.0,0.0,1.0,6,4,3
35209,16,2,1,17,6,3,0,1,1,1,1,6,2,2,0.0,0.0,0.0,0.0,0.0,2.0,20,4,3
96854,15,2,3,17,15,3,0,2,1,1,2,22,2,2,0.0,0.0,0.0,0.0,0.0,3.0,17,1,7
146684,16,2,1,3,5,3,0,5,0,1,2,36,3,2,0.0,0.0,0.0,0.0,0.0,2.0,0,7,10
98240,4,2,3,15,2,2,0,1,1,1,2,36,2,2,0.0,0.0,0.0,0.0,0.0,2.0,14,7,7
20991,16,2,3,10,15,3,0,1,1,1,0,26,2,2,0.0,0.0,0.0,0.0,0.0,2.0,9,2,2
62214,15,2,3,0,8,3,0,1,1,1,2,5,2,2,0.0,0.0,0.0,0.0,0.0,2.0,6,2,5
167908,4,2,3,17,8,3,0,1,1,1,2,18,2,2,0.0,0.0,0.0,0.0,0.0,2.0,6,2,11
81018,16,2,3,0,8,3,0,1,0,1,1,6,2,2,0.0,0.0,0.0,0.0,0.0,2.0,9,2,6
96813,16,2,3,10,8,3,0,5,1,1,2,36,2,2,0.0,0.0,0.0,0.0,0.0,2.0,12,7,7
181288,16,2,1,10,8,3,0,1,1,1,1,19,2,2,0.0,0.0,0.0,0.0,0.0,2.0,17,5,12
93906,16,2,3,0,6,3,0,1,0,1,2,6,2,3,1.0,0.0,0.0,1.0,0.0,2.0,16,6,7
160397,15,10,3,0,2,3,6,1,0,1,2,18,3,2,0.0,0.0,0.0,0.0,0.0,6.0,8,6,11
102993,16,11,3,10,11,3,5,5,1,1,2,19,3,2,0.0,0.0,0.0,0.0,0.0,3.0,17,3,7
153267,16,2,1,8,2,3,0,1,0,1,0,36,2,3,1.0,0.0,0.0,1.0,0.0,1.0,22,6,10
84396,16,2,3,0,2,3,0,1,0,1,2,26,2,2,0.0,0.0,0.0,0.0,0.0,5.0,18,4,6
59531,16,2,3,10,8,3,0,1,1,1,2,36,2,2,0.0,0.0,0.0,0.0,0.0,3.0,11,2,5
26038,15,2,3,0,6,3,0,1,1,1,1,36,2,2,0.0,0.0,0.0,0.0,0.0,3.0,15,6,2
131605,16,2,3,17,8,3,0,1,1,1,2,36,2,2,0.0,0.0,0.0,0.0,0.0,3.0,12,2,9
183972,15,2,0,0,6,3,5,5,1,1,1,36,2,2,0.0,0.0,0.0,0.0,0.0,2.0,17,4,12
35024,4,2,3,17,2,3,0,1,0,1,2,23,2,3,1.0,0.0,0.0,1.0,0.0,2.0,16,1,3
60972,6,2,3,0,6,3,0,1,1,1,1,6,2,2,0.0,0.0,0.0,0.0,0.0,2.0,13,6,5
55618,16,2,3,9,11,3,0,1,0,1,2,18,2,3,1.0,0.0,0.0,1.0,0.0,1.0,9,2,4
22896,16,2,1,17,6,3,4,1,0,1,2,17,2,3,1.0,0.0,0.0,1.0,0.0,2.0,17,6,2
105345,16,2,3,17,6,3,0,1,0,1,2,18,3,2,0.0,0.0,0.0,0.0,0.0,3.0,16,3,8
163560,6,7,3,10,6,3,6,5,1,1,2,18,2,2,0.0,0.0,0.0,0.0,0.0,3.0,10,5,11
175642,16,2,1,15,8,3,0,1,1,1,0,18,2,2,0.0,0.0,0.0,0.0,0.0,2.0,19,7,12
48680,15,2,3,0,8,3,6,1,0,1,2,36,2,2,0.0,0.0,0.0,0.0,0.0,2.0,7,2,4
50970,4,2,3,15,2,3,0,1,1,1,2,26,2,2,0.0,0.0,0.0,0.0,0.0,2.0,15,3,4
76877,16,2,3,0,6,3,0,1,1,1,2,6,2,2,0.0,0.0,0.0,0.0,0.0,2.0,10,5,6
147938,16,11,3,9,15,3,5,5,0,1,0,36,2,3,1.0,0.0,0.0,1.0,0.0,1.0,15,6,10
136834,16,2,3,17,5,3,0,1,1,1,0,36,2,2,0.0,0.0,0.0,0.0,0.0,2.0,13,5,9
101078,16,2,3,15,8,3,0,1,1,1,2,22,2,2,0.0,0.0,0.0,0.0,0.0,2.0,17,3,7
168700,15,7,1,0,8,3,6,1,1,1,2,39,2,2,0.0,0.0,0.0,0.0,0.0,3.0,1,7,11
145714,16,7,3,0,6,3,6,5,0,1,2,39,2,2,0.0,0.0,0.0,0.0,0.0,2.0,4,2,10
96130,15,2,3,0,8,3,0,1,1,1,0,36,2,2,0.0,0.0,0.0,0.0,0.0,2.0,9,3,7
121837,4,3,3,7,10,3,0,1,1,1,2,23,2,2,0.0,0.0,0.0,0.0,0.0,2.0,12,3,9
96308,4,2,3,15,11,3,0,5,1,0,1,23,2,2,0.0,0.0,0.0,0.0,0.0,2.0,11,6,7
156093,4,2,3,17,15,3,0,1,0,1,1,18,2,3,1.0,0.0,0.0,1.0,0.0,1.0,7,3,11
92059,16,2,3,0,8,3,0,1,0,1,2,18,2,2,0.0,0.0,0.0,0.0,0.0,2.0,19,3,7
6874,16,2,1,0,6,3,0,1,0,1,2,6,2,4,1.0,0.0,0.0,0.0,1.0,1.0,4,7,1
179448,16,7,3,17,8,3,6,1,1,1,1,23,2,2,0.0,0.0,0.0,0.0,0.0,2.0,14,2,12
64599,15,2,3,17,10,3,0,1,0,1,2,18,2,2,0.0,0.0,0.0,0.0,0.0,2.0,13,6,5
158762,16,2,3,9,8,3,0,1,0,1,2,18,2,3,1.0,0.0,0.0,1.0,0.0,1.0,10,3,11
14641,16,2,3,17,2,3,0,1,1,1,1,18,2,2,0.0,0.0,0.0,0.0,0.0,2.0,15,4,1
40164,4,2,3,0,4,3,0,1,1,1,1,21,2,2,0.0,0.0,0.0,0.0,0.0,3.0,18,2,3
126237,15,2,3,0,6,3,0,1,0,1,2,5,2,4,1.0,0.0,0.0,0.0,1.0,3.0,12,4,9
112484,15,2,3,0,8,3,0,1,1,1,2,18,2,2,0.0,0.0,0.0,0.0,0.0,3.0,16,5,8
16548,16,3,3,17,8,3,5,5,1,1,2,36,2,2,0.0,0.0,0.0,0.0,0.0,2.0,15,3,2