crash_date,               traffic_control_device,weather_condition,lighting_condition,first_crash_type,trafficway_type,alignment,roadway_surface_cond,road_defect,crash_type,intersection_related_i,damage,prim_contributory_cause,num_units,most_severe_injury,injuries_total,injuries_fatal,injuries_incapacitating,injuries_non_incapacitating,injuries_reported_not_evident,injuries_no_indication,crash_hour,crash_day_of_week,crash_month
58756,15,7,3,0,6,3,6,1,0,1,2,18,2,4,1.0,0.0,0.0,0.0,1.0,1.0,14,6,5
56516,15,3,3,7,10,3,6,1,1,1,1,36,2,2,0.0,0.0,0.0,0.0,0.0,2.0,7,3,5
55034,16,7,3,10,3,3,6,1,1,1,0,19,2,2,0.0,0.0,0.0,0.0,0.0,2.0,15,7,4
149436,15,7,1,13,6,3,6,1,0,1,2,5,2,2,0.0,0.0,0.0,0.0,0.0,6.0,23,4,10
24253,15,2,3,17,6,3,0,1,1,1,2,18,2,2,0.0,0.0,0.0,0.0,0.0,2.0,11,7,2
184786,16,2,3,10,2,3,0,1,0,1,2,12,2,2,0.0,0.0,0.0,0.0,0.0,2.0,12,7,12
185865,16,2,3,17,10,3,0,5,0,1,2,11,2,2,0.0,0.0,0.0,0.0,0.0,4.0,12,6,12
186232,17,2,3,9,6,3,0,1,0,1,2,26,2,3,1.0,0.0,0.0,1.0,0.0,1.0,15,7,12
30168,16,10,1,17,8,3,4,1,1,1,2,18,2,2,0.0,0.0,0.0,0.0,0.0,2.0,5,3,3
184318,15,2,1,17,8,3,0,5,1,1,2,36,2,2,0.0,0.0,0.0,0.0,0.0,5.0,23,7,12
157157,16,2,4,17,6,3,0,1,1,1,2,4,2,2,0.0,0.0,0.0,0.0,0.0,2.0,18,4,11
23542,16,7,0,10,8,5,6,1,0,1,1,39,2,2,0.0,0.0,0.0,0.0,0.0,2.0,18,2,2
12155,16,10,0,0,6,3,4,1,1,1,1,18,2,2,0.0,0.0,0.0,0.0,0.0,2.0,17,2,1
103459,15,2,3,9,10,3,0,1,0,1,0,26,2,1,1.0,0.0,1.0,0.0,0.0,1.0,11,2,7
71329,16,2,3,10,5,3,0,1,1,1,2,36,2,2,0.0,0.0,0.0,0.0,0.0,2.0,14,6,5
165750,16,5,3,10,8,4,1,1,1,1,1,39,2,2,0.0,0.0,0.0,0.0,0.0,2.0,9,6,11
178295,16,2,3,10,2,3,0,1,1,1,2,19,2,2,0.0,0.0,0.0,0.0,0.0,2.0,13,3,12
35852,16,2,1,17,8,3,0,1,1,1,2,24,2,2,0.0,0.0,0.0,0.0,0.0,2.0,1,7,3
72353,15,2,1,17,8,3,0,1,1,1,2,23,2,2,0.0,0.0,0.0,0.0,0.0,2.0,23,6,6
85339,10,2,3,9,3,3,0,1,0,1,0,38,2,3,1.0,0.0,0.0,1.0,0.0,1.0,7,4,6
170749,16,2,3,0,8,3,0,5,1,1,2,18,2,2,0.0,0.0,0.0,0.0,0.0,2.0,7,4,11
55820,16,2,3,17,2,3,0,1,0,1,2,18,2,3,1.0,0.0,0.0,1.0,0.0,2.0,14,7,4
44262,15,2,3,3,8,3,0,5,0,1,0,5,2,4,1.0,0.0,0.0,0.0,1.0,1.0,17,1,4
68307,15,2,3,10,8,3,0,1,1,1,0,28,2,2,0.0,0.0,0.0,0.0,0.0,3.0,12,7,5
47663,16,2,1,17,8,3,6,1,1,1,0,18,2,2,0.0,0.0,0.0,0.0,0.0,5.0,19,6,4
9947,16,2,3,9,6,3,0,5,0,1,2,18,2,1,1.0,0.0,1.0,0.0,0.0,1.0,11,6,1
114094,16,2,3,17,3,3,0,1,0,1,2,36,2,2,0.0,0.0,0.0,0.0,0.0,4.0,14,2,8
11833,15,7,3,17,8,3,6,5,0,1,2,36,2,2,0.0,0.0,0.0,0.0,0.0,4.0,15,4,1
73231,16,2,3,10,6,3,0,5,1,1,1,36,2,2,0.0,0.0,0.0,0.0,0.0,2.0,17,7,6
80903,16,2,3,17,2,3,0,1,1,1,1,22,2,2,0.0,0.0,0.0,0.0,0.0,2.0,8,2,6
96961,16,2,1,10,2,3,0,1,1,1,2,3,2,2,0.0,0.0,0.0,0.0,0.0,2.0,23,2,7
156818,16,2,3,0,2,3,0,1,1,1,2,6,2,2,0.0,0.0,0.0,0.0,0.0,2.0,13,7,11
139392,16,2,3,17,8,3,0,1,1,1,2,24,2,2,0.0,0.0,0.0,0.0,0.0,2.0,9,4,10
79428,16,2,1,17,2,3,0,1,0,1,2,18,2,1,1.0,0.0,1.0,0.0,0.0,3.0,21,6,6
159979,4,2,3,17,8,3,0,1,0,1,1,23,2,4,1.0,0.0,0.0,0.0,1.0,1.0,10,1,11
9955,16,2,3,0,2,3,6,1,1,1,2,18,2,2,0.0,0.0,0.0,0.0,0.0,4.0,13,7,1
14315,15,2,2,0,15,3,0,1,1,1,2,18,2,2,0.0,0.0,0.0,0.0,0.0,3.0,15,5,1
152964,15,2,3,17,8,3,0,5,1,1,2,36,2,2,0.0,0.0,0.0,0.0,0.0,3.0,17,1,10
47177,4,2,3,0,0,3,0,1,0,1,2,18,2,2,0.0,0.0,0.0,0.0,0.0,4.0,8,5,4
30444,16,2,3,10,10,3,0,1,1,1,2,19,2,2,0.0,0.0,0.0,0.0,0.0,2.0,15,3,3
88619,16,2,3,0,6,3,0,1,1,1,2,6,2,2,0.0,0.0,0.0,0.0,0.0,2.0,18,7,7
1153,15,2,3,17,8,3,0,1,0,1,2,18,2,2,0.0,0.0,0.0,0.0,0.0,2.0,11,5,1
182472,16,10,3,0,11,3,4,5,1,1,1,36,2,2,0.0,0.0,0.0,0.0,0.0,2.0,9,2,12
70188,16,2,3,10,8,3,0,1,1,1,1,36,2,2,0.0,0.0,0.0,0.0,0.0,2.0,17,2,5
48602,16,7,1,17,8,3,6,1,1,1,2,24,2,2,0.0,0.0,0.0,0.0,0.0,2.0,1,1,4
69036,15,2,3,0,6,3,0,5,0,1,0,36,2,4,1.0,0.0,0.0,0.0,1.0,1.0,14,6,5
26916,16,2,1,10,10,3,0,1,1,1,1,19,2,2,0.0,0.0,0.0,0.0,0.0,3.0,22,4,2
51334,15,2,3,15,15,3,0,1,1,1,1,23,2,2,0.0,0.0,0.0,0.0,0.0,3.0,18,1,4
59114,16,2,4,17,8,3,0,1,0,1,2,36,2,2,0.0,0.0,0.0,0.0,0.0,3.0,17,3,5
32557,16,2,3,17,2,3,0,1,1,1,1,18,2,2,0.0,0.0,0.0,0.0,0.0,6.0,15,1,3
147946,16,2,3,17,8,3,0,1,0,1,2,6,2,3,1.0,0.0,0.0,1.0,0.0,2.0,17,6,10
115737,16,2,3,0,8,3,0,1,1,1,2,26,2,2,0.0,0.0,0.0,0.0,0.0,3.0,16,6,8
96941,16,2,3,15,6,3,0,1,0,1,2,36,2,4,1.0,0.0,0.0,0.0,1.0,1.0,7,2,7
116042,16,2,1,17,2,3,5,5,0,1,2,36,2,4,1.0,0.0,0.0,0.0,1.0,1.0,21,4,8
1443,16,10,3,0,6,3,4,5,0,1,2,39,2,2,0.0,0.0,0.0,0.0,0.0,2.0,7,6,1
154889,16,2,1,0,2,3,0,1,0,1,2,6,2,4,1.0,0.0,0.0,0.0,1.0,1.0,6,1,10
127806,16,2,3,10,2,3,0,1,1,1,0,36,3,2,0.0,0.0,0.0,0.0,0.0,3.0,8,5,9
123098,15,2,1,0,6,3,0,1,1,1,2,18,2,2,0.0,0.0,0.0,0.0,0.0,3.0,22,1,9
137586,15,2,3,0,6,3,0,1,0,1,2,18,2,3,1.0,0.0,0.0,1.0,0.0,2.0,11,2,9
166277,16,2,1,17,2,3,0,1,0,1,1,6,2,2,0.0,0.0,0.0,0.0,0.0,3.0,2,7,11
85421,4,7,4,9,8,3,6,1,0,0,0,18,3,1,2.0,0.0,1.0,1.0,0.0,1.0,18,6,6
164326,4,2,3,17,8,3,0,1,1,1,2,36,2,2,0.0,0.0,0.0,0.0,0.0,3.0,8,6,11
50374,16,2,3,15,8,3,0,1,1,1,0,12,2,2,0.0,0.0,0.0,0.0,0.0,2.0,10,5,4
101011,16,2,3,0,8,3,0,1,0,1,2,36,2,2,0.0,0.0,0.0,0.0,0.0,3.0,16,2,7
6266,16,5,3,10,8,3,6,1,1,1,2,19,2,2,0.0,0.0,0.0,0.0,0.0,2.0,8,5,1
3376,16,2,3,17,15,3,0,1,1,1,1,19,2,2,0.0,0.0,0.0,0.0,0.0,2.0,10,3,1
31170,16,2,3,17,8,3,0,1,1,1,1,18,2,2,0.0,0.0,0.0,0.0,0.0,2.0,17,7,3
94434,4,2,1,17,6,3,0,1,0,1,2,23,2,3,1.0,0.0,0.0,1.0,0.0,1.0,23,5,7
88394,15,2,3,17,15,3,0,2,0,1,2,24,3,3,3.0,0.0,0.0,1.0,2.0,4.0,16,3,7
94441,16,2,3,10,8,3,0,1,1,1,2,19,2,2,0.0,0.0,0.0,0.0,0.0,2.0,13,7,7
176430,16,2,3,10,6,3,5,5,0,1,2,36,2,2,0.0,0.0,0.0,0.0,0.0,2.0,15,1,12
105448,16,2,3,0,8,3,0,1,0,1,2,18,2,3,1.0,0.0,0.0,1.0,0.0,3.0,12,4,8
144850,16,2,3,3,2,3,0,1,0,1,2,23,3,4,1.0,0.0,0.0,0.0,1.0,2.0,16,3,10
41361,16,2,3,0,6,3,0,1,0,1,2,36,2,4,1.0,0.0,0.0,0.0,1.0,1.0,12,6,3
166868,15,7,1,0,6,3,6,1,0,1,2,18,2,2,0.0,0.0,0.0,0.0,0.0,2.0,16,2,11
12822,16,10,1,0,6,3,6,1,0,1,2,18,2,2,0.0,0.0,0.0,0.0,0.0,2.0,0,5,1
60456,15,7,3,9,6,3,6,1,0,1,0,39,2,4,1.0,0.0,0.0,0.0,1.0,1.0,16,5,5
44067,16,2,1,17,19,2,6,5,1,1,2,36,2,2,0.0,0.0,0.0,0.0,0.0,4.0,20,5,4
142412,15,2,3,0,6,3,0,1,0,1,2,18,2,3,3.0,0.0,0.0,1.0,2.0,0.0,9,4,10
25500,16,2,3,17,8,3,0,1,1,1,1,24,2,2,0.0,0.0,0.0,0.0,0.0,3.0,10,3,2
154364,4,7,1,17,8,3,6,1,0,1,2,18,3,4,1.0,0.0,0.0,0.0,1.0,1.0,0,1,10
148581,16,2,1,0,8,3,0,1,1,1,1,21,2,2,0.0,0.0,0.0,0.0,0.0,3.0,23,7,10
134044,16,2,1,10,3,3,0,1,0,1,2,19,2,1,1.0,0.0,1.0,0.0,0.0,4.0,21,1,9
129990,16,7,1,10,6,3,6,5,1,1,2,19,2,2,0.0,0.0,0.0,0.0,0.0,4.0,21,1,9
64789,16,2,4,17,8,3,0,1,1,1,2,6,2,2,0.0,0.0,0.0,0.0,0.0,3.0,20,2,5
26542,4,10,1,2,8,3,6,1,0,1,2,36,1,3,1.0,0.0,0.0,1.0,0.0,0.0,2,7,2
82214,17,11,5,14,18,3,5,5,0,1,2,26,2,1,1.0,0.0,1.0,0.0,0.0,2.0,21,5,6
155510,15,7,3,14,6,3,6,5,1,1,2,36,2,2,0.0,0.0,0.0,0.0,0.0,2.0,8,2,10
123230,4,2,3,0,11,3,0,1,0,1,2,18,2,3,2.0,0.0,0.0,2.0,0.0,1.0,16,5,9
167532,17,10,3,15,6,3,0,1,1,1,2,36,2,2,0.0,0.0,0.0,0.0,0.0,2.0,8,5,11
81867,15,2,1,0,6,3,0,1,0,1,2,18,2,2,0.0,0.0,0.0,0.0,0.0,3.0,2,1,6
9474,16,2,3,10,2,3,6,1,1,1,1,19,2,2,0.0,0.0,0.0,0.0,0.0,2.0,9,5,1
81803,16,2,3,8,8,3,0,1,0,1,0,36,2,4,1.0,0.0,0.0,0.0,1.0,2.0,19,7,6
145680,16,7,3,0,3,3,6,1,1,1,2,36,2,2,0.0,0.0,0.0,0.0,0.0,2.0,10,7,10
178510,16,2,3,17,8,2,0,5,1,1,2,36,2,2,0.0,0.0,0.0,0.0,0.0,2.0,12,5,12
183536,15,2,1,0,6,3,0,1,0,1,2,18,2,4,1.0,0.0,0.0,0.0,1.0,1.0,19,6,12
106662,15,2,3,10,15,3,6,1,1,1,2,19,2,2,0.0,0.0,0.0,0.0,0.0,3.0,9,2,8
41904,16,2,3,14,8,3,0,1,1,1,1,22,2,2,0.0,0.0,0.0,0.0,0.0,2.0,11,7,3
90854,4,2,2,2,8,3,0,1,0,1,2,36,1,2,0.0,0.0,0.0,0.0,0.0,1.0,19,7,7
11007,4,2,3,17,8,3,0,1,1,1,2,36,2,2,0.0,0.0,0.0,0.0,0.0,2.0,15,2,1
107476,16,2,3,10,8,3,0,1,1,1,2,36,2,2,0.0,0.0,0.0,0.0,0.0,2.0,16,7,8
184133,4,2,3,0,6,3,0,1,1,1,2,18,2,2,0.0,0.0,0.0,0.0,0.0,2.0,10,7,12
23720,15,2,3,0,2,3,0,1,1,1,2,18,2,2,0.0,0.0,0.0,0.0,0.0,2.0,11,4,2
12107,16,2,1,9,6,3,6,1,0,1,2,18,2,1,1.0,0.0,1.0,0.0,0.0,1.0,21,7,1
63546,4,2,3,17,2,3,0,1,1,1,2,24,2,2,0.0,0.0,0.0,0.0,0.0,2.0,17,4,5
127278,15,2,3,0,2,3,0,1,0,1,2,5,2,3,1.0,0.0,0.0,1.0,0.0,2.0,17,5,9
26750,4,2,1,15,10,3,0,1,1,1,0,36,2,2,0.0,0.0,0.0,0.0,0.0,4.0,19,2,2
30952,16,2,1,17,2,3,0,5,1,1,1,36,2,2,0.0,0.0,0.0,0.0,0.0,4.0,21,4,3
81706,16,2,3,17,15,3,0,1,0,1,2,36,2,2,0.0,0.0,0.0,0.0,0.0,2.0,16,6,6
169419,16,5,1,10,8,3,6,1,0,1,2,36,3,4,1.0,0.0,0.0,0.0,1.0,2.0,17,5,11
44321,16,2,3,17,6,3,6,1,1,1,2,36,2,2,0.0,0.0,0.0,0.0,0.0,4.0,11,2,4
114914,16,11,5,0,6,3,5,5,1,1,2,36,2,2,0.0,0.0,0.0,0.0,0.0,3.0,2,1,8
140540,4,7,1,0,8,3,6,1,0,1,2,17,2,1,1.0,0.0,1.0,0.0,0.0,1.0,0,6,10
130599,4,2,4,17,8,3,0,1,1,0,1,18,2,2,0.0,0.0,0.0,0.0,0.0,4.0,18,4,9
175449,16,8,1,2,2,3,0,5,1,1,1,39,1,2,0.0,0.0,0.0,0.0,0.0,1.0,20,4,12
130257,16,2,4,10,6,3,0,1,0,1,1,36,2,4,2.0,0.0,0.0,0.0,2.0,1.0,18,4,9
90055,15,2,3,0,8,3,0,1,0,1,2,5,2,2,0.0,0.0,0.0,0.0,0.0,2.0,19,1,7
140656,16,2,3,15,2,3,0,1,1,1,1,36,2,2,0.0,0.0,0.0,0.0,0.0,6.0,12,1,10
78070,16,2,3,17,6,3,0,1,0,1,2,35,3,2,0.0,0.0,0.0,0.0,0.0,4.0,9,2,6
28954,16,2,1,0,8,3,0,1,0,1,2,6,2,2,0.0,0.0,0.0,0.0,0.0,2.0,19,3,3
90902,16,2,3,15,8,3,0,1,1,1,0,36,2,2,0.0,0.0,0.0,0.0,0.0,2.0,15,6,7
32708,16,2,3,17,10,3,0,1,1,1,1,23,2,2,0.0,0.0,0.0,0.0,0.0,2.0,11,4,3
53309,15,2,3,0,6,3,0,1,0,1,2,36,2,2,0.0,0.0,0.0,0.0,0.0,3.0,15,3,4
82818,16,2,1,15,10,3,0,1,1,1,2,36,2,2,0.0,0.0,0.0,0.0,0.0,4.0,1,1,6
63549,16,2,1,10,3,3,0,1,1,1,2,19,2,2,0.0,0.0,0.0,0.0,0.0,2.0,5,4,5
27062,16,2,3,15,2,3,0,1,1,0,1,22,2,2,0.0,0.0,0.0,0.0,0.0,3.0,12,7,2
178404,15,2,4,17,10,3,0,1,1,1,2,18,2,2,0.0,0.0,0.0,0.0,0.0,2.0,19,4,12
7439,16,2,3,17,8,3,0,1,1,1,2,24,2,2,0.0,0.0,0.0,0.0,0.0,3.0,14,2,1
168175,15,2,3,10,10,3,5,5,1,1,0,21,2,2,0.0,0.0,0.0,0.0,0.0,2.0,15,5,11
171764,17,11,5,15,6,3,5,5,1,1,2,36,2,2,0.0,0.0,0.0,0.0,0.0,3.0,1,7,11
8057,16,2,3,0,6,3,0,5,0,1,2,6,2,2,0.0,0.0,0.0,0.0,0.0,3.0,10,5,1
19767,15,3,1,15,2,3,6,1,1,1,2,23,2,2,0.0,0.0,0.0,0.0,0.0,2.0,6,2,2
165948,16,2,3,17,8,3,0,1,1,1,1,18,2,2,0.0,0.0,0.0,0.0,0.0,2.0,11,7,11
60523,15,3,3,3,8,3,6,3,1,1,0,21,2,2,0.0,0.0,0.0,0.0,0.0,2.0,15,3,5
129779,16,2,3,10,3,3,0,1,1,1,2,36,2,2,0.0,0.0,0.0,0.0,0.0,2.0,13,6,9
75024,16,2,3,17,8,3,0,1,1,1,2,24,2,2,0.0,0.0,0.0,0.0,0.0,3.0,14,5,6
71912,16,2,3,8,10,3,0,1,0,1,0,22,2,4,1.0,0.0,0.0,0.0,1.0,1.0,14,7,6
176446,16,2,1,17,10,3,0,1,1,1,2,36,2,2,0.0,0.0,0.0,0.0,0.0,2.0,18,1,12
100704,4,2,4,0,8,3,0,1,1,1,2,38,2,2,0.0,0.0,0.0,0.0,0.0,2.0,20,5,7
48029,16,2,3,17,10,3,0,1,1,1,1,24,2,2,0.0,0.0,0.0,0.0,0.0,2.0,13,5,4
185141,4,7,3,17,6,3,6,1,0,1,2,6,2,3,2.0,0.0,0.0,2.0,0.0,0.0,12,7,12
41697,16,2,3,10,2,3,0,1,1,1,2,19,2,2,0.0,0.0,0.0,0.0,0.0,2.0,14,5,3
8477,15,2,3,0,2,3,0,1,1,1,2,36,2,2,0.0,0.0,0.0,0.0,0.0,2.0,13,4,1
71347,16,2,3,10,2,3,0,1,0,1,2,9,2,4,1.0,0.0,0.0,0.0,1.0,5.0,17,6,5
109173,16,2,3,17,6,3,0,1,1,1,1,18,2,2,0.0,0.0,0.0,0.0,0.0,2.0,14,7,8
169800,16,7,1,14,8,3,6,1,1,1,1,36,2,2,0.0,0.0,0.0,0.0,0.0,3.0,18,3,11
166831,15,2,1,0,6,3,0,1,0,1,2,5,2,2,0.0,0.0,0.0,0.0,0.0,2.0,18,1,11
80064,16,2,1,17,6,3,0,5,1,1,1,24,2,2,0.0,0.0,0.0,0.0,0.0,2.0,23,1,6
49893,15,7,3,0,8,3,6,1,1,1,1,18,2,2,0.0,0.0,0.0,0.0,0.0,2.0,17,4,4
27409,4,2,3,17,8,3,0,1,1,1,2,24,2,2,0.0,0.0,0.0,0.0,0.0,7.0,17,7,2
54011,16,7,1,17,8,3,6,1,1,1,2,39,2,2,0.0,0.0,0.0,0.0,0.0,2.0,0,5,4
142639,15,2,1,0,2,3,0,1,0,1,2,36,2,2,0.0,0.0,0.0,0.0,0.0,2.0,19,2,10
48750,16,2,3,10,2,3,0,1,1,1,2,19,2,2,0.0,0.0,0.0,0.0,0.0,2.0,15,5,4
32516,16,2,1,15,8,3,0,1,1,1,2,36,2,2,0.0,0.0,0.0,0.0,0.0,2.0,19,7,3
22501,16,2,1,10,2,3,0,1,1,1,2,36,2,2,0.0,0.0,0.0,0.0,0.0,3.0,20,6,2
124650,17,2,3,15,17,3,0,5,1,1,2,36,2,2,0.0,0.0,0.0,0.0,0.0,2.0,15,4,9
61126,16,7,3,17,8,3,6,1,0,1,2,16,2,2,0.0,0.0,0.0,0.0,0.0,1.0,8,6,5
107423,15,2,4,17,6,3,0,1,1,1,1,18,2,2,0.0,0.0,0.0,0.0,0.0,3.0,20,6,8
107744,16,2,4,17,8,3,0,1,0,1,2,18,2,3,2.0,0.0,0.0,1.0,1.0,2.0,19,3,8
86384,2,2,2,10,6,3,0,1,1,1,2,19,2,2,0.0,0.0,0.0,0.0,0.0,3.0,19,6,6
78964,16,11,1,10,8,3,0,1,1,1,2,19,2,2,0.0,0.0,0.0,0.0,0.0,3.0,2,1,6
103856,16,2,1,17,6,3,0,1,0,1,2,36,2,3,2.0,0.0,0.0,2.0,0.0,0.0,0,2,7
78881,16,2,3,15,8,3,0,1,1,1,1,19,2,2,0.0,0.0,0.0,0.0,0.0,6.0,16,6,6
45321,16,11,4,0,8,3,5,5,1,1,2,6,2,2,0.0,0.0,0.0,0.0,0.0,2.0,19,1,4
164759,16,11,5,14,8,3,0,1,1,1,0,22,2,2,0.0,0.0,0.0,0.0,0.0,2.0,12,5,11
20555,15,11,5,17,17,3,5,5,1,1,2,26,2,2,0.0,0.0,0.0,0.0,0.0,2.0,15,7,2
30030,16,2,1,10,8,3,5,5,1,0,2,36,2,2,0.0,0.0,0.0,0.0,0.0,3.0,21,2,3
39014,4,7,0,10,0,3,6,1,1,1,1,36,2,2,0.0,0.0,0.0,0.0,0.0,3.0,21,1,3
77063,15,11,3,17,6,3,5,5,1,1,2,5,2,2,0.0,0.0,0.0,0.0,0.0,2.0,8,2,6
119542,16,2,1,0,8,3,0,1,1,1,2,17,2,2,0.0,0.0,0.0,0.0,0.0,2.0,4,6,8
73912,16,2,3,10,8,3,0,1,0,1,2,19,2,2,0.0,0.0,0.0,0.0,0.0,4.0,13,3,6
166706,16,2,1,17,8,3,0,1,1,1,2,36,2,2,0.0,0.0,0.0,0.0,0.0,2.0,22,6,11
102650,15,2,3,0,8,3,0,1,1,1,2,18,2,2,0.0,0.0,0.0,0.0,0.0,2.0,10,5,7
21272,16,2,3,17,8,3,0,1,1,1,1,26,2,2,0.0,0.0,0.0,0.0,0.0,2.0,14,6,2
185598,16,3,3,17,6,3,0,5,1,1,2,18,2,2,0.0,0.0,0.0,0.0,0.0,2.0,14,1,12
82542,16,2,3,15,6,3,0,1,1,1,2,18,2,2,0.0,0.0,0.0,0.0,0.0,4.0,11,3,6
98031,16,2,3,17,15,3,0,1,0,1,2,18,2,4,1.0,0.0,0.0,0.0,1.0,2.0,14,5,7
48546,4,2,3,15,2,3,0,2,1,1,0,36,2,2,0.0,0.0,0.0,0.0,0.0,3.0,8,6,4
109270,16,2,3,17,1,3,0,1,0,1,2,17,2,3,1.0,0.0,0.0,1.0,0.0,2.0,15,6,8
13456,4,10,3,17,8,3,4,1,1,1,1,23,2,2,0.0,0.0,0.0,0.0,0.0,2.0,9,2,1
173091,16,2,1,10,8,3,0,1,0,1,2,36,2,4,1.0,0.0,0.0,0.0,1.0,1.0,10,6,12
116737,16,2,3,17,8,3,0,1,1,1,2,18,2,2,0.0,0.0,0.0,0.0,0.0,3.0,10,6,8
12146,16,2,3,15,2,3,0,5,1,1,2,36,2,2,0.0,0.0,0.0,0.0,0.0,4.0,15,2,1
82772,16,2,3,7,8,3,0,1,1,1,2,36,2,2,0.0,0.0,0.0,0.0,0.0,1.0,16,6,6
55384,16,11,0,7,1,3,5,5,0,0,2,36,4,2,0.0,0.0,0.0,0.0,0.0,2.0,2,7,4
72183,16,2,3,17,6,3,0,1,0,1,2,18,3,4,2.0,0.0,0.0,0.0,2.0,1.0,8,5,6
139289,16,2,1,17,8,3,0,1,1,1,2,21,2,2,0.0,0.0,0.0,0.0,0.0,2.0,19,5,10
173199,15,3,3,0,2,3,0,1,0,1,2,18,2,3,1.0,0.0,0.0,1.0,0.0,4.0,10,2,12
24294,16,2,1,17,11,3,0,1,0,1,2,36,2,2,0.0,0.0,0.0,0.0,0.0,4.0,18,1,2
5105,16,5,1,10,6,3,1,1,1,1,2,36,2,2,0.0,0.0,0.0,0.0,0.0,2.0,18,7,1
126323,16,2,1,15,6,3,0,1,0,1,2,36,2,2,0.0,0.0,0.0,0.0,0.0,2.0,3,7,9
139817,4,2,3,10,8,3,0,1,1,1,2,19,2,2,0.0,0.0,0.0,0.0,0.0,4.0,18,6,10
133751,4,2,3,17,2,3,0,1,0,1,2,18,2,4,1.0,0.0,0.0,0.0,1.0,2.0,7,3,9
53851,15,2,3,0,8,3,0,1,0,1,2,18,2,2,0.0,0.0,0.0,0.0,0.0,2.0,17,4,4
51347,16,2,1,17,6,3,5,5,1,1,1,26,2,2,0.0,0.0,0.0,0.0,0.0,2.0,21,1,4
103908,15,2,1,0,2,3,0,1,0,1,1,36,2,4,1.0,0.0,0.0,0.0,1.0,2.0,20,4,7
165455,16,2,1,15,2,3,0,1,1,1,2,22,2,2,0.0,0.0,0.0,0.0,0.0,2.0,15,1,11
151344,15,2,3,4,6,3,0,1,0,1,2,18,2,3,1.0,0.0,0.0,1.0,0.0,1.0,17,2,10
188262,16,10,1,17,8,3,6,1,1,1,2,6,3,2,0.0,0.0,0.0,0.0,0.0,3.0,21,2,12
59445,16,2,3,17,8,3,6,1,0,1,2,26,3,1,2.0,0.0,1.0,1.0,0.0,1.0,18,3,5
53886,16,2,3,17,6,3,0,1,0,1,2,36,2,1,2.0,0.0,2.0,0.0,0.0,0.0,11,4,4
59006,15,2,1,0,8,3,0,1,1,1,1,5,2,2,0.0,0.0,0.0,0.0,0.0,3.0,3,1,5
188480,16,2,1,0,6,3,6,1,0,1,2,6,2,2,0.0,0.0,0.0,0.0,0.0,4.0,0,7,12
173872,16,2,1,17,3,3,0,1,0,1,2,36,2,3,2.0,0.0,0.0,2.0,0.0,1.0,20,3,12
42651,15,7,1,17,6,3,6,1,1,1,2,36,2,2,0.0,0.0,0.0,0.0,0.0,2.0,1,2,4
113230,15,2,3,0,8,3,0,1,0,1,2,18,4,3,3.0,0.0,0.0,3.0,0.0,3.0,14,3,8
77326,15,2,3,10,2,3,5,5,1,1,2,36,3,2,0.0,0.0,0.0,0.0,0.0,5.0,13,6,6
188282,16,10,1,0,6,3,4,1,0,1,2,6,2,3,1.0,0.0,0.0,1.0,0.0,2.0,1,4,12
159097,16,2,1,3,8,3,0,1,1,1,2,36,2,2,0.0,0.0,0.0,0.0,0.0,2.0,0,2,11
116787,16,2,4,3,2,3,0,1,0,1,2,22,2,2,0.0,0.0,0.0,0.0,0.0,3.0,19,7,8
67481,16,2,3,9,6,3,0,5,0,1,2,17,3,3,2.0,0.0,0.0,2.0,0.0,1.0,18,3,5
11228,16,2,1,13,6,3,0,1,0,1,2,37,2,3,1.0,0.0,0.0,1.0,0.0,4.0,2,7,1
59856,15,7,3,0,6,3,6,5,0,1,2,18,2,2,0.0,0.0,0.0,0.0,0.0,2.0,14,2,5
54220,16,2,3,17,8,3,0,1,0,1,2,22,2,4,1.0,0.0,0.0,0.0,1.0,2.0,10,2,4
87987,16,2,3,17,8,3,0,1,1,1,2,22,2,2,0.0,0.0,0.0,0.0,0.0,2.0,15,4,7
168784,16,2,1,15,2,3,0,1,1,1,1,36,2,2,0.0,0.0,0.0,0.0,0.0,2.0,19,1,11
86903,16,2,1,10,8,3,5,5,1,1,2,36,2,2,0.0,0.0,0.0,0.0,0.0,2.0,23,7,6
161414,16,2,3,0,10,3,0,1,0,1,2,6,2,3,1.0,0.0,0.0,1.0,0.0,2.0,11,7,11
179986,16,2,1,8,18,3,0,1,0,1,2,18,2,3,1.0,0.0,0.0,1.0,0.0,1.0,22,5,12
114175,4,2,3,17,6,3,0,1,0,1,2,28,2,1,1.0,0.0,1.0,0.0,0.0,1.0,16,3,8
125752,15,2,3,9,15,3,0,1,0,1,0,18,4,3,3.0,0.0,0.0,3.0,0.0,1.0,16,6,9
75068,15,2,3,0,10,3,0,1,1,1,2,18,2,2,0.0,0.0,0.0,0.0,0.0,2.0,9,5,6
176423,4,2,3,8,10,3,0,1,0,1,2,36,2,3,1.0,0.0,0.0,1.0,0.0,1.0,14,1,12
22488,16,2,3,15,18,3,0,1,1,0,1,23,2,2,0.0,0.0,0.0,0.0,0.0,3.0,16,6,2
36228,15,2,1,0,10,3,0,1,0,1,2,26,2,2,0.0,0.0,0.0,0.0,0.0,2.0,21,1,3
143753,16,2,3,10,3,3,0,1,0,1,2,19,4,2,0.0,0.0,0.0,0.0,0.0,4.0,12,2,10
59137,16,7,3,0,6,3,6,1,0,1,2,6,2,3,2.0,0.0,0.0,1.0,1.0,0.0,8,3,5