crash_date,               traffic_control_device,weather_condition,lighting_condition,first_crash_type,trafficway_type,alignment,roadway_surface_cond,road_defect,crash_type,intersection_related_i,damage,prim_contributory_cause,num_units,most_severe_injury,injuries_total,injuries_fatal,injuries_incapacitating,injuries_non_incapacitating,injuries_reported_not_evident,injuries_no_indication,crash_hour,crash_day_of_week,crash_month
90109,4,2,1,0,0,3,0,1,1,1,2,17,2,2,0.0,0.0,0.0,0.0,0.0,2.0,3,2,7
68514,16,2,3,17,6,3,0,5,1,1,2,17,2,2,0.0,0.0,0.0,0.0,0.0,2.0,7,5,5
63781,16,2,1,17,3,3,0,1,1,1,0,17,2,2,0.0,0.0,0.0,0.0,0.0,4.0,1,7,5
126304,16,2,3,17,6,3,0,5,1,1,1,22,2,2,0.0,0.0,0.0,0.0,0.0,2.0,12,6,9
120664,16,2,3,17,8,3,0,5,1,1,2,24,2,2,0.0,0.0,0.0,0.0,0.0,6.0,15,1,9
63139,16,2,1,8,8,3,0,1,0,1,1,6,2,1,1.0,0.0,1.0,0.0,0.0,3.0,23,2,5
55584,16,2,3,10,3,3,0,1,0,1,2,17,3,2,0.0,0.0,0.0,0.0,0.0,6.0,17,2,4
179741,16,2,3,10,8,3,0,1,1,1,2,19,2,2,0.0,0.0,0.0,0.0,0.0,2.0,17,2,12
29041,15,2,3,0,6,3,0,1,0,1,0,18,2,3,2.0,0.0,0.0,1.0,1.0,1.0,15,5,3
131717,4,2,3,0,6,3,0,1,1,1,2,36,2,2,0.0,0.0,0.0,0.0,0.0,3.0,11,4,9
40014,16,11,1,0,3,3,0,5,1,1,2,6,2,2,0.0,0.0,0.0,0.0,0.0,2.0,21,7,3
31806,16,7,3,0,8,3,6,1,0,1,1,23,2,2,0.0,0.0,0.0,0.0,0.0,3.0,13,6,3
82335,16,2,3,17,6,3,0,1,0,1,2,36,2,2,0.0,0.0,0.0,0.0,0.0,3.0,13,1,6
133516,16,2,1,0,6,3,0,1,0,1,2,6,2,4,1.0,0.0,0.0,0.0,1.0,2.0,5,2,9
178306,4,2,3,15,8,3,5,1,1,1,1,18,2,2,0.0,0.0,0.0,0.0,0.0,2.0,15,3,12
16661,16,2,3,17,6,3,0,1,1,1,2,24,2,2,0.0,0.0,0.0,0.0,0.0,2.0,15,6,2
7551,16,2,3,0,8,3,0,1,1,1,2,18,2,2,0.0,0.0,0.0,0.0,0.0,5.0,11,4,1
115626,16,2,3,10,8,3,0,5,0,1,2,15,2,2,0.0,0.0,0.0,0.0,0.0,2.0,7,4,8
97654,16,7,1,0,11,3,6,5,1,1,1,36,2,2,0.0,0.0,0.0,0.0,0.0,2.0,3,5,7
188542,16,2,3,17,5,3,5,5,1,1,1,18,2,2,0.0,0.0,0.0,0.0,0.0,2.0,12,2,12
33379,16,2,3,10,8,3,5,5,1,1,1,36,2,2,0.0,0.0,0.0,0.0,0.0,2.0,13,2,3
175109,15,2,3,0,6,3,0,1,0,1,2,18,2,4,1.0,0.0,0.0,0.0,1.0,2.0,8,6,12
48017,16,2,3,15,2,3,0,1,1,0,2,9,2,2,0.0,0.0,0.0,0.0,0.0,2.0,10,7,4
112812,16,2,3,17,6,3,0,1,0,1,2,23,2,2,0.0,0.0,0.0,0.0,0.0,4.0,15,4,8
39728,16,2,3,10,3,3,0,1,0,1,2,19,2,4,1.0,0.0,0.0,0.0,1.0,1.0,12,2,3
166794,15,2,3,10,10,3,0,1,1,1,1,19,2,2,0.0,0.0,0.0,0.0,0.0,2.0,12,7,11
55138,4,2,3,0,2,3,0,1,1,1,2,26,2,2,0.0,0.0,0.0,0.0,0.0,2.0,15,2,4
86437,4,2,3,10,8,3,0,1,1,1,1,26,3,2,0.0,0.0,0.0,0.0,0.0,3.0,16,1,6
80368,16,2,3,3,6,4,0,1,0,1,2,18,2,2,0.0,0.0,0.0,0.0,0.0,2.0,7,1,6
173844,4,2,3,17,2,3,0,1,1,1,1,18,2,2,0.0,0.0,0.0,0.0,0.0,3.0,16,3,12
159715,16,11,5,10,8,3,0,5,1,1,2,36,2,2,0.0,0.0,0.0,0.0,0.0,2.0,17,3,11
84258,16,2,3,15,8,3,0,1,1,1,2,36,2,2,0.0,0.0,0.0,0.0,0.0,2.0,18,1,6
1500,15,6,3,9,2,3,1,1,0,1,0,18,2,4,1.0,0.0,0.0,0.0,1.0,1.0,14,5,1
181021,15,2,4,0,2,3,0,1,1,1,2,36,2,2,0.0,0.0,0.0,0.0,0.0,3.0,16,5,12
78160,16,2,3,10,18,3,0,1,1,1,2,17,2,2,0.0,0.0,0.0,0.0,0.0,2.0,12,4,6
156518,15,2,1,17,15,3,0,1,1,1,2,18,2,2,0.0,0.0,0.0,0.0,0.0,3.0,18,7,11
179898,15,7,3,7,10,3,0,1,1,1,1,12,2,2,0.0,0.0,0.0,0.0,0.0,1.0,7,4,12
66990,16,2,3,2,6,3,0,5,0,1,1,13,2,2,0.0,0.0,0.0,0.0,0.0,1.0,15,4,5
11240,16,11,1,10,8,3,5,1,1,1,2,19,2,2,0.0,0.0,0.0,0.0,0.0,3.0,18,7,1
110612,15,2,3,0,2,3,0,5,1,1,2,36,2,2,0.0,0.0,0.0,0.0,0.0,3.0,13,6,8
41210,16,2,3,7,6,3,0,1,1,1,2,24,2,2,0.0,0.0,0.0,0.0,0.0,1.0,14,3,3
124928,4,2,3,10,8,3,0,1,1,1,1,17,2,2,0.0,0.0,0.0,0.0,0.0,2.0,16,6,9
117373,15,7,3,0,8,3,6,1,1,1,2,18,2,2,0.0,0.0,0.0,0.0,0.0,2.0,8,2,8
78875,15,2,3,0,15,3,0,1,1,1,2,18,2,2,0.0,0.0,0.0,0.0,0.0,3.0,15,6,6
167584,16,10,3,10,6,3,4,1,1,1,2,12,2,2,0.0,0.0,0.0,0.0,0.0,2.0,11,5,11
93471,15,2,3,17,2,3,0,1,0,1,1,18,2,3,1.0,0.0,0.0,1.0,0.0,1.0,7,4,7
177286,16,2,3,9,6,3,0,1,0,1,0,17,2,3,1.0,0.0,0.0,1.0,0.0,1.0,15,3,12
149415,15,11,0,0,2,3,5,5,1,1,2,36,2,2,0.0,0.0,0.0,0.0,0.0,2.0,20,4,10
68687,16,2,3,17,3,3,0,1,0,1,2,36,2,3,1.0,0.0,0.0,1.0,0.0,4.0,15,7,5
188571,4,2,1,10,8,3,0,1,0,1,2,19,2,2,0.0,0.0,0.0,0.0,0.0,7.0,0,7,12
163365,8,2,1,7,8,3,0,1,0,0,2,36,3,2,0.0,0.0,0.0,0.0,0.0,1.0,3,2,11
174687,18,2,3,17,15,3,0,1,0,1,2,22,2,2,0.0,0.0,0.0,0.0,0.0,2.0,13,2,12
133771,16,2,3,10,2,4,0,1,1,0,0,19,2,2,0.0,0.0,0.0,0.0,0.0,3.0,9,3,9
10896,15,7,4,9,6,3,6,1,1,1,0,18,2,2,0.0,0.0,0.0,0.0,0.0,2.0,16,1,1
142368,15,2,3,9,10,3,0,1,0,1,2,36,2,1,1.0,0.0,1.0,0.0,0.0,1.0,14,4,10
91460,16,2,3,17,2,3,0,1,0,1,2,4,2,2,0.0,0.0,0.0,0.0,0.0,2.0,11,7,7
130641,16,2,3,17,6,3,0,1,0,1,2,18,3,2,0.0,0.0,0.0,0.0,0.0,3.0,12,4,9
27980,16,2,3,15,8,3,0,1,0,1,2,36,2,3,1.0,0.0,0.0,1.0,0.0,2.0,14,3,2
29183,16,2,3,10,3,3,0,6,1,1,2,26,2,2,0.0,0.0,0.0,0.0,0.0,2.0,9,6,3
62017,16,2,3,0,8,3,0,5,1,1,2,6,2,2,0.0,0.0,0.0,0.0,0.0,3.0,17,1,5
138633,15,2,3,0,6,3,0,1,0,1,2,5,2,3,1.0,0.0,0.0,1.0,0.0,2.0,8,2,10
158662,4,2,3,10,2,3,0,1,1,1,0,36,2,2,0.0,0.0,0.0,0.0,0.0,2.0,7,2,11
183237,4,2,1,17,2,3,0,1,1,1,2,23,2,2,0.0,0.0,0.0,0.0,0.0,2.0,18,6,12
160383,15,10,3,0,2,3,6,1,0,1,2,18,2,2,0.0,0.0,0.0,0.0,0.0,2.0,7,6,11
146433,4,2,3,17,8,3,0,1,0,1,2,24,2,4,1.0,0.0,0.0,0.0,1.0,1.0,8,2,10
152016,16,7,1,17,6,3,6,1,0,1,2,23,2,4,1.0,0.0,0.0,0.0,1.0,5.0,19,4,10
121044,15,2,3,0,15,3,0,1,0,1,2,18,2,3,3.0,0.0,0.0,3.0,0.0,1.0,17,1,9
96605,4,2,3,10,2,3,0,1,0,1,2,28,3,3,1.0,0.0,0.0,1.0,0.0,2.0,17,3,7
6684,16,2,1,0,3,3,0,1,1,1,1,17,2,2,0.0,0.0,0.0,0.0,0.0,2.0,19,3,1
111722,16,2,3,0,9,3,0,1,0,1,2,6,2,3,1.0,0.0,0.0,1.0,0.0,2.0,19,1,8
74972,16,2,3,17,11,3,0,1,1,1,2,18,2,2,0.0,0.0,0.0,0.0,0.0,2.0,18,3,6
179437,15,2,3,17,15,3,0,4,0,1,2,28,3,2,0.0,0.0,0.0,0.0,0.0,5.0,11,6,12
68345,16,2,1,0,10,3,0,1,0,1,2,36,2,2,0.0,0.0,0.0,0.0,0.0,2.0,2,3,5
35308,16,2,1,10,8,3,0,1,0,1,2,18,2,2,0.0,0.0,0.0,0.0,0.0,2.0,23,6,3
36546,15,3,3,0,15,3,0,1,0,1,2,18,2,2,0.0,0.0,0.0,0.0,0.0,2.0,7,6,3
81942,4,2,3,7,10,3,0,1,1,0,2,19,2,2,0.0,0.0,0.0,0.0,0.0,1.0,1,2,6
108234,4,2,3,17,8,3,0,1,0,1,2,36,2,1,2.0,0.0,1.0,1.0,0.0,1.0,15,4,8
88709,16,7,5,0,6,3,6,5,0,1,2,36,2,3,1.0,0.0,0.0,1.0,0.0,1.0,8,1,7
21910,15,2,3,0,2,3,0,1,0,1,2,36,2,2,0.0,0.0,0.0,0.0,0.0,5.0,16,3,2
37009,16,2,3,17,8,3,6,1,1,1,2,18,2,2,0.0,0.0,0.0,0.0,0.0,2.0,10,7,3
137795,4,2,3,5,6,3,0,1,0,1,1,17,2,1,1.0,0.0,1.0,0.0,0.0,2.0,11,3,10
126294,16,2,3,15,6,3,0,1,1,1,0,36,2,2,0.0,0.0,0.0,0.0,0.0,2.0,11,6,9
51074,16,2,3,10,10,3,0,1,1,1,2,19,2,2,0.0,0.0,0.0,0.0,0.0,2.0,13,5,4
131394,16,2,3,17,11,3,0,1,0,1,2,18,2,2,0.0,0.0,0.0,0.0,0.0,3.0,10,5,9
36824,16,2,3,10,2,3,5,5,1,1,2,19,2,2,0.0,0.0,0.0,0.0,0.0,2.0,7,3,3
6586,16,2,1,2,2,3,0,1,0,1,1,15,1,1,3.0,0.0,3.0,0.0,0.0,0.0,0,1,1
108059,4,2,5,15,6,3,5,5,1,1,2,23,2,2,0.0,0.0,0.0,0.0,0.0,2.0,17,2,8
165963,16,2,1,10,8,3,0,1,0,1,2,19,2,2,0.0,0.0,0.0,0.0,0.0,4.0,3,1,11
122540,4,2,1,10,8,3,5,5,0,1,2,36,2,2,0.0,0.0,0.0,0.0,0.0,3.0,23,7,9
27437,4,2,3,15,8,3,0,1,1,1,2,17,2,2,0.0,0.0,0.0,0.0,0.0,2.0,11,7,2
139459,16,7,1,17,1,3,6,2,1,1,1,23,2,2,0.0,0.0,0.0,0.0,0.0,4.0,23,5,10
102573,4,2,3,0,8,3,0,1,0,1,2,11,2,3,1.0,0.0,0.0,1.0,0.0,1.0,10,4,7
118732,16,2,3,10,3,3,0,1,1,1,2,19,2,2,0.0,0.0,0.0,0.0,0.0,2.0,13,4,8
32010,15,7,3,0,8,3,6,1,0,1,2,17,2,3,2.0,0.0,0.0,2.0,0.0,2.0,13,7,3
84761,15,2,3,0,1,3,0,1,0,1,2,18,3,1,1.0,0.0,1.0,0.0,0.0,2.0,10,2,6
72904,16,2,3,17,2,3,0,1,0,1,2,6,2,2,0.0,0.0,0.0,0.0,0.0,3.0,17,1,6
123158,16,2,3,10,6,3,0,1,1,1,2,36,3,2,0.0,0.0,0.0,0.0,0.0,3.0,15,3,9
94163,15,2,4,17,8,3,0,1,1,1,2,36,2,2,0.0,0.0,0.0,0.0,0.0,3.0,20,7,7
53817,16,2,1,10,6,3,0,5,1,1,2,19,2,2,0.0,0.0,0.0,0.0,0.0,2.0,21,3,4
175988,16,3,1,10,8,3,0,1,0,1,2,36,3,4,1.0,0.0,0.0,0.0,1.0,3.0,20,5,12
31367,16,2,3,0,2,3,0,1,0,1,2,36,3,2,0.0,0.0,0.0,0.0,0.0,3.0,17,5,3
154605,16,7,4,10,6,3,6,1,0,1,2,36,2,3,1.0,0.0,0.0,1.0,0.0,2.0,16,4,10
132689,16,2,3,17,2,3,0,1,1,1,1,18,2,2,0.0,0.0,0.0,0.0,0.0,2.0,15,3,9
99839,16,2,3,0,6,3,0,1,0,1,2,26,2,3,1.0,0.0,0.0,1.0,0.0,2.0,15,4,7
57166,16,2,3,10,8,3,0,1,1,1,2,19,2,2,0.0,0.0,0.0,0.0,0.0,2.0,12,6,5
64959,15,2,3,10,8,3,5,5,1,1,2,12,2,2,0.0,0.0,0.0,0.0,0.0,2.0,18,5,5
74862,4,2,3,17,15,3,0,1,0,1,2,36,2,2,0.0,0.0,0.0,0.0,0.0,2.0,8,3,6
51409,15,11,4,0,6,3,5,5,0,1,2,36,2,2,0.0,0.0,0.0,0.0,0.0,2.0,4,4,4
180905,15,2,3,10,15,3,6,1,0,1,2,36,3,4,1.0,0.0,0.0,0.0,1.0,2.0,14,2,12
102770,15,2,3,0,2,3,0,1,1,1,2,18,2,2,0.0,0.0,0.0,0.0,0.0,5.0,16,7,7
4294,15,10,1,0,6,3,6,1,1,1,2,18,2,2,0.0,0.0,0.0,0.0,0.0,2.0,22,3,1
93792,4,2,3,2,2,3,0,5,0,1,2,36,1,1,1.0,0.0,1.0,0.0,0.0,0.0,7,3,7
181806,15,2,1,9,2,3,0,1,0,1,0,36,2,3,1.0,0.0,0.0,1.0,0.0,3.0,18,3,12
94495,16,2,3,0,6,3,5,5,0,1,2,6,2,2,0.0,0.0,0.0,0.0,0.0,3.0,9,7,7
14266,16,2,3,15,8,5,0,1,1,1,1,36,2,2,0.0,0.0,0.0,0.0,0.0,2.0,11,3,1
28081,16,2,3,0,6,3,0,5,0,1,2,6,2,1,1.0,0.0,1.0,0.0,0.0,1.0,11,4,2
5370,16,2,3,0,8,4,6,1,0,1,2,6,2,3,2.0,0.0,0.0,2.0,0.0,2.0,13,7,1
100361,16,2,3,10,2,3,0,1,0,1,2,17,2,1,1.0,0.0,1.0,0.0,0.0,2.0,8,5,7
145991,16,2,3,10,8,3,0,1,1,1,1,19,2,2,0.0,0.0,0.0,0.0,0.0,2.0,16,5,10
53458,16,2,1,10,11,3,0,1,1,1,2,36,2,2,0.0,0.0,0.0,0.0,0.0,3.0,22,3,4
72421,16,2,3,0,10,3,0,1,1,1,2,36,2,2,0.0,0.0,0.0,0.0,0.0,2.0,11,7,6
14995,16,2,3,2,6,3,0,1,0,1,2,36,1,3,1.0,0.0,0.0,1.0,0.0,0.0,7,3,1
97428,16,2,3,10,15,3,0,5,1,1,2,36,2,2,0.0,0.0,0.0,0.0,0.0,2.0,12,2,7
164498,16,2,1,15,8,3,0,1,1,1,2,23,2,2,0.0,0.0,0.0,0.0,0.0,4.0,17,3,11
12849,15,7,3,17,15,3,6,1,0,1,2,36,2,2,0.0,0.0,0.0,0.0,0.0,2.0,16,6,1
152881,16,2,3,8,8,3,0,1,0,1,0,6,2,1,1.0,0.0,1.0,0.0,0.0,1.0,15,7,10
140144,16,2,1,2,2,3,0,1,0,0,0,28,1,3,1.0,0.0,0.0,1.0,0.0,0.0,21,2,10
161690,16,2,1,17,8,3,0,1,0,1,2,18,2,2,0.0,0.0,0.0,0.0,0.0,2.0,18,6,11
102158,16,2,3,17,6,3,0,1,1,1,1,17,2,2,0.0,0.0,0.0,0.0,0.0,2.0,18,5,7
154448,16,2,1,0,8,3,0,1,1,1,2,6,2,2,0.0,0.0,0.0,0.0,0.0,5.0,3,1,10
131695,4,2,2,7,8,3,5,5,1,0,2,18,2,2,0.0,0.0,0.0,0.0,0.0,1.0,18,4,9
56958,16,2,3,15,8,3,0,1,1,1,0,36,2,2,0.0,0.0,0.0,0.0,0.0,3.0,13,3,5
83517,16,2,3,17,6,3,0,5,1,1,0,36,2,2,0.0,0.0,0.0,0.0,0.0,4.0,13,5,6
175488,16,2,3,10,3,3,0,1,1,1,2,19,3,2,0.0,0.0,0.0,0.0,0.0,3.0,7,5,12
17223,16,10,1,17,6,3,6,5,0,1,2,37,2,3,1.0,0.0,0.0,1.0,0.0,2.0,23,7,2
127417,17,11,2,15,2,3,5,5,1,1,1,23,2,2,0.0,0.0,0.0,0.0,0.0,2.0,23,6,9
173393,16,2,1,0,8,3,0,1,0,1,2,6,2,2,0.0,0.0,0.0,0.0,0.0,3.0,17,3,12
179041,16,7,1,2,3,3,6,1,0,1,2,36,1,3,1.0,0.0,0.0,1.0,0.0,0.0,21,5,12
159836,16,2,0,17,8,3,0,1,1,1,2,36,2,2,0.0,0.0,0.0,0.0,0.0,2.0,21,5,11
95808,16,3,3,17,6,3,0,5,0,1,2,36,3,1,4.0,0.0,1.0,1.0,2.0,0.0,20,6,7
107728,4,2,3,0,8,3,0,1,1,1,2,38,2,2,0.0,0.0,0.0,0.0,0.0,3.0,14,3,8
117515,4,2,1,2,6,3,0,1,0,1,2,36,1,2,0.0,0.0,0.0,0.0,0.0,1.0,23,5,8
132201,15,7,3,17,15,3,6,1,1,1,1,22,2,2,0.0,0.0,0.0,0.0,0.0,2.0,9,3,9
7182,16,7,3,17,2,3,6,1,0,1,2,24,3,4,2.0,0.0,0.0,0.0,2.0,3.0,15,4,1
182531,16,2,1,15,8,3,0,1,1,1,2,11,2,2,0.0,0.0,0.0,0.0,0.0,2.0,20,3,12
180615,16,2,3,0,8,3,0,1,1,1,2,6,3,2,0.0,0.0,0.0,0.0,0.0,4.0,11,6,12
85560,16,2,1,15,10,3,0,1,1,1,2,22,2,2,0.0,0.0,0.0,0.0,0.0,2.0,2,1,6
123961,16,7,3,10,8,3,6,1,1,1,1,36,2,2,0.0,0.0,0.0,0.0,0.0,2.0,12,6,9
176573,16,2,1,17,2,3,0,1,1,1,2,22,2,2,0.0,0.0,0.0,0.0,0.0,2.0,22,7,12
169917,16,2,3,10,8,3,0,1,1,1,2,36,2,2,0.0,0.0,0.0,0.0,0.0,2.0,9,6,11
132290,16,7,3,17,6,3,6,5,0,1,2,36,2,3,1.0,0.0,0.0,1.0,0.0,1.0,15,5,9
69192,16,2,3,17,8,3,0,1,1,1,1,19,2,2,0.0,0.0,0.0,0.0,0.0,2.0,14,7,5
154975,16,2,1,11,8,3,0,5,0,1,2,18,2,4,1.0,0.0,0.0,0.0,1.0,4.0,20,2,10
89023,16,2,3,10,2,3,0,1,0,1,2,13,3,2,0.0,0.0,0.0,0.0,0.0,4.0,17,6,7
118582,16,2,3,0,8,3,0,5,1,1,2,6,2,2,0.0,0.0,0.0,0.0,0.0,2.0,9,7,8
100450,16,2,3,0,6,3,0,1,0,1,2,18,2,2,0.0,0.0,0.0,0.0,0.0,3.0,8,7,7
21837,16,2,3,10,8,3,0,1,1,1,2,19,2,2,0.0,0.0,0.0,0.0,0.0,2.0,12,7,2
72608,16,2,2,17,8,3,0,1,0,1,2,36,2,2,0.0,0.0,0.0,0.0,0.0,2.0,15,5,6
86833,16,2,3,15,2,3,0,1,1,1,2,36,2,2,0.0,0.0,0.0,0.0,0.0,2.0,12,6,6
178546,15,7,1,17,15,3,6,1,0,1,2,18,2,4,1.0,0.0,0.0,0.0,1.0,3.0,18,7,12
160950,4,2,4,17,3,3,0,1,1,1,1,36,2,2,0.0,0.0,0.0,0.0,0.0,3.0,16,7,11
77009,16,2,3,0,8,3,0,5,1,0,2,18,2,2,0.0,0.0,0.0,0.0,0.0,3.0,10,7,6
149236,16,2,1,15,2,4,0,1,1,1,2,26,2,2,0.0,0.0,0.0,0.0,0.0,2.0,1,1,10
5183,16,2,3,10,8,3,0,1,1,1,2,17,2,2,0.0,0.0,0.0,0.0,0.0,2.0,15,3,1
46653,4,2,3,9,8,3,0,5,0,1,2,36,2,3,1.0,0.0,0.0,1.0,0.0,1.0,17,4,4
103709,16,2,3,17,8,3,0,5,1,1,1,6,2,2,0.0,0.0,0.0,0.0,0.0,3.0,6,7,7
156536,16,2,3,7,8,3,0,1,1,1,0,36,3,2,0.0,0.0,0.0,0.0,0.0,1.0,10,7,11
23975,4,2,3,17,3,5,0,1,1,1,2,26,2,2,0.0,0.0,0.0,0.0,0.0,2.0,16,2,2
185781,15,2,3,10,15,3,0,1,0,1,1,19,2,2,0.0,0.0,0.0,0.0,0.0,2.0,14,4,12
179615,16,2,1,0,3,3,0,1,0,1,2,6,2,3,2.0,0.0,0.0,2.0,0.0,0.0,19,6,12
8527,16,3,3,10,8,3,0,1,1,1,2,19,2,2,0.0,0.0,0.0,0.0,0.0,2.0,8,4,1
125089,15,2,3,17,8,3,0,1,1,1,2,36,2,2,0.0,0.0,0.0,0.0,0.0,2.0,16,2,9
19938,15,2,3,0,6,3,6,1,0,1,2,18,3,3,2.0,0.0,0.0,2.0,0.0,2.0,16,6,2
157509,4,2,1,17,8,3,6,1,1,1,2,24,2,2,0.0,0.0,0.0,0.0,0.0,2.0,1,1,11
100445,16,2,3,8,6,3,0,1,0,1,2,24,2,3,1.0,0.0,0.0,1.0,0.0,1.0,19,7,7
116970,16,2,1,10,8,3,0,1,1,1,1,19,2,2,0.0,0.0,0.0,0.0,0.0,2.0,21,4,8
163392,16,2,1,17,6,3,0,1,0,1,2,36,2,3,4.0,0.0,0.0,4.0,0.0,0.0,19,2,11
119062,16,2,3,17,8,3,0,1,0,1,2,36,2,3,1.0,0.0,0.0,1.0,0.0,6.0,16,7,8
182518,15,3,3,0,8,3,0,1,0,1,2,36,2,4,2.0,0.0,0.0,0.0,2.0,0.0,7,3,12
153892,16,2,3,10,8,3,0,1,1,1,1,36,2,2,0.0,0.0,0.0,0.0,0.0,2.0,15,7,10
91334,15,2,1,0,6,3,0,1,0,1,2,5,2,4,3.0,0.0,0.0,0.0,3.0,1.0,0,6,7
57921,16,2,1,9,6,3,0,1,0,1,2,36,2,1,1.0,0.0,1.0,0.0,0.0,1.0,23,7,5
167857,15,5,3,17,2,3,6,1,0,1,2,5,2,2,0.0,0.0,0.0,0.0,0.0,2.0,10,1,11
22239,16,2,3,17,2,3,0,5,1,1,2,24,2,2,0.0,0.0,0.0,0.0,0.0,2.0,1,1,2
139656,16,11,5,10,6,3,5,5,1,1,2,36,2,2,0.0,0.0,0.0,0.0,0.0,4.0,15,3,10
168747,16,3,3,17,8,3,0,1,1,1,0,36,2,2,0.0,0.0,0.0,0.0,0.0,6.0,12,7,11
11178,4,2,1,17,8,3,6,1,1,1,0,18,2,2,0.0,0.0,0.0,0.0,0.0,2.0,17,5,1
170150,4,2,1,17,8,3,0,1,1,1,2,18,2,2,0.0,0.0,0.0,0.0,0.0,3.0,18,2,11
76833,4,2,3,0,8,3,0,1,0,1,2,36,2,4,1.0,0.0,0.0,0.0,1.0,1.0,15,5,6
179785,16,2,3,15,2,3,0,5,1,1,2,36,2,2,0.0,0.0,0.0,0.0,0.0,2.0,15,3,12
164926,16,2,1,10,8,3,0,1,1,1,0,19,2,2,0.0,0.0,0.0,0.0,0.0,2.0,1,1,11
5573,15,10,3,0,2,3,4,5,1,1,2,36,2,2,0.0,0.0,0.0,0.0,0.0,3.0,14,7,1
141404,15,7,3,17,6,3,6,1,0,1,2,36,2,4,3.0,0.0,0.0,0.0,3.0,1.0,11,5,10
6270,15,2,1,17,6,3,6,1,1,1,2,18,2,2,0.0,0.0,0.0,0.0,0.0,2.0,20,5,1
25398,16,2,1,17,8,3,6,1,1,1,2,22,2,2,0.0,0.0,0.0,0.0,0.0,2.0,23,7,2
142286,16,2,3,15,2,2,0,1,1,0,1,36,2,2,0.0,0.0,0.0,0.0,0.0,4.0,12,2,10
131334,16,2,3,10,2,3,0,1,1,1,2,8,2,2,0.0,0.0,0.0,0.0,0.0,6.0,13,5,9
131175,16,2,3,17,13,3,0,1,1,1,1,12,2,2,0.0,0.0,0.0,0.0,0.0,2.0,7,5,9
80200,15,2,3,17,6,3,0,1,1,1,2,36,2,2,0.0,0.0,0.0,0.0,0.0,4.0,16,5,6
73147,4,2,3,2,6,3,0,1,1,1,1,11,1,2,0.0,0.0,0.0,0.0,0.0,1.0,15,6,6
56075,16,2,3,10,3,3,0,1,0,1,1,19,2,3,1.0,0.0,0.0,1.0,0.0,2.0,18,3,5
84300,15,7,3,9,10,3,6,1,0,1,0,18,2,3,1.0,0.0,0.0,1.0,0.0,1.0,13,2,6
14317,15,2,3,11,8,3,0,1,1,1,0,21,2,2,0.0,0.0,0.0,0.0,0.0,2.0,15,5,1
127020,16,7,3,17,6,3,6,1,0,0,2,23,2,2,0.0,0.0,0.0,0.0,0.0,2.0,12,2,9
150789,4,2,1,2,19,3,0,1,0,1,2,36,1,2,0.0,0.0,0.0,0.0,0.0,1.0,0,1,10
139926,15,2,3,8,8,3,0,1,0,1,0,38,2,4,1.0,0.0,0.0,0.0,1.0,1.0,7,5,10
150822,16,2,1,10,8,3,0,5,1,1,1,36,2,2,0.0,0.0,0.0,0.0,0.0,2.0,5,2,10
39202,16,2,2,10,8,3,0,5,0,1,2,13,3,3,1.0,0.0,0.0,1.0,0.0,6.0,5,6,3
151772,16,2,4,10,2,3,0,1,1,1,0,12,2,2,0.0,0.0,0.0,0.0,0.0,3.0,17,1,10
65695,16,2,3,17,6,3,0,1,0,1,2,24,2,3,2.0,0.0,0.0,2.0,0.0,0.0,14,2,5
55147,15,2,3,10,8,3,0,1,1,1,2,19,2,2,0.0,0.0,0.0,0.0,0.0,2.0,17,2,4
56643,16,7,1,17,2,3,6,1,1,1,2,37,2,2,0.0,0.0,0.0,0.0,0.0,2.0,23,5,5
116652,4,2,3,17,8,3,5,5,1,1,2,36,2,2,0.0,0.0,0.0,0.0,0.0,3.0,10,7,8
83908,16,2,1,15,2,3,0,1,1,1,2,23,2,2,0.0,0.0,0.0,0.0,0.0,3.0,22,3,6
121052,16,2,3,0,6,3,0,1,0,1,2,6,2,3,2.0,0.0,0.0,1.0,1.0,0.0,6,1,9
185727,16,10,1,17,8,3,4,1,1,1,2,17,2,2,0.0,0.0,0.0,0.0,0.0,4.0,22,2,12
16620,4,2,3,0,8,3,6,1,1,1,1,36,2,2,0.0,0.0,0.0,0.0,0.0,2.0,15,5,2
135885,16,2,3,15,2,3,0,1,1,1,2,36,2,2,0.0,0.0,0.0,0.0,0.0,2.0,8,4,9
138590,16,2,0,0,2,3,0,1,0,1,2,6,8,3,1.0,0.0,0.0,1.0,0.0,1.0,2,2,10
18807,16,10,1,10,8,3,4,1,1,1,0,39,2,2,0.0,0.0,0.0,0.0,0.0,3.0,17,6,2
145269,16,7,0,17,8,3,6,1,0,1,2,18,2,3,1.0,0.0,0.0,1.0,0.0,3.0,22,7,10
146193,16,2,3,17,6,3,0,1,0,1,2,36,3,4,3.0,0.0,0.0,0.0,3.0,7.0,17,1,10
147037,16,2,3,0,2,3,0,1,1,1,2,6,2,2,0.0,0.0,0.0,0.0,0.0,2.0,9,4,10
60600,15,2,3,17,8,3,0,1,1,1,2,28,2,2,0.0,0.0,0.0,0.0,0.0,2.0,17,5,5
157799,4,3,3,0,6,3,6,6,1,1,2,18,2,2,0.0,0.0,0.0,0.0,0.0,2.0,15,6,11
108853,16,2,3,10,8,3,0,1,1,1,1,36,3,2,0.0,0.0,0.0,0.0,0.0,3.0,12,6,8