crash_date,               traffic_control_device,weather_condition,lighting_condition,first_crash_type,trafficway_type,alignment,roadway_surface_cond,road_defect,crash_type,intersection_related_i,damage,prim_contributory_cause,num_units,most_severe_injury,injuries_total,injuries_fatal,injuries_incapacitating,injuries_non_incapacitating,injuries_reported_not_evident,injuries_no_indication,crash_hour,crash_day_of_week,crash_month
127238,16,2,3,17,8,3,0,1,0,1,2,24,2,4,2.0,0.0,0.0,0.0,2.0,1.0,13,5,9
88941,4,2,3,17,0,3,0,5,1,0,2,18,2,2,0.0,0.0,0.0,0.0,0.0,2.0,16,4,7
18505,16,2,3,10,2,3,0,1,0,1,2,23,3,3,2.0,0.0,0.0,2.0,0.0,1.0,11,7,2
155569,16,10,0,9,2,3,6,5,0,1,2,18,2,3,1.0,0.0,0.0,1.0,0.0,3.0,18,3,10
150318,16,7,1,17,8,3,6,1,1,1,1,23,2,2,0.0,0.0,0.0,0.0,0.0,2.0,20,6,10
42155,15,7,3,0,8,3,6,1,1,0,1,5,2,2,0.0,0.0,0.0,0.0,0.0,2.0,18,6,3
24301,16,2,1,0,6,3,0,1,0,1,2,6,2,4,3.0,0.0,0.0,0.0,3.0,0.0,20,1,2
164620,16,2,2,10,3,3,0,1,1,1,2,17,2,2,0.0,0.0,0.0,0.0,0.0,2.0,5,5,11
77449,16,2,1,14,8,3,0,1,0,1,2,12,4,3,2.0,0.0,0.0,2.0,0.0,4.0,22,7,6
99845,15,2,3,15,8,3,0,1,0,1,2,36,3,3,1.0,0.0,0.0,1.0,0.0,1.0,16,4,7
188948,17,2,1,15,6,3,0,5,1,1,2,36,2,2,0.0,0.0,0.0,0.0,0.0,3.0,22,7,12
166386,4,2,3,15,8,3,0,1,1,1,2,36,2,2,0.0,0.0,0.0,0.0,0.0,3.0,11,1,11
99740,4,2,4,17,8,3,0,1,1,1,2,24,2,2,0.0,0.0,0.0,0.0,0.0,4.0,17,2,7
72218,16,7,3,10,6,3,6,1,1,1,2,19,2,2,0.0,0.0,0.0,0.0,0.0,2.0,14,7,6
157010,16,7,1,17,8,3,6,1,0,1,2,6,2,3,1.0,0.0,0.0,1.0,0.0,1.0,20,7,11
115714,16,2,1,0,8,3,0,1,1,1,2,18,2,2,0.0,0.0,0.0,0.0,0.0,3.0,22,5,8
158554,15,7,1,0,6,3,6,1,1,1,2,12,2,2,0.0,0.0,0.0,0.0,0.0,3.0,18,3,11
151107,17,2,3,17,8,3,5,5,1,1,2,36,2,2,0.0,0.0,0.0,0.0,0.0,2.0,9,4,10
159824,15,2,2,17,8,3,0,1,0,1,2,18,2,3,1.0,0.0,0.0,1.0,0.0,1.0,6,5,11
91436,16,2,3,17,2,3,0,1,0,1,2,18,2,2,0.0,0.0,0.0,0.0,0.0,3.0,15,7,7
82775,15,2,3,9,8,3,0,1,0,1,0,12,2,3,1.0,0.0,0.0,1.0,0.0,1.0,16,6,6
122324,16,2,1,10,3,3,0,1,0,1,2,19,2,3,1.0,0.0,0.0,1.0,0.0,3.0,21,3,9
9646,16,2,1,0,10,3,0,1,0,1,2,6,2,3,2.0,0.0,0.0,2.0,0.0,4.0,11,7,1
48084,4,11,5,7,8,3,5,5,1,1,2,28,2,2,0.0,0.0,0.0,0.0,0.0,1.0,11,6,4
75047,16,2,3,15,8,3,0,1,1,1,2,22,2,2,0.0,0.0,0.0,0.0,0.0,2.0,18,5,6
86894,17,11,0,17,17,3,5,5,1,1,2,36,2,2,0.0,0.0,0.0,0.0,0.0,2.0,22,7,6
105409,15,2,3,17,15,3,0,5,0,1,2,24,2,2,0.0,0.0,0.0,0.0,0.0,2.0,16,4,8
180280,4,2,1,17,2,3,0,1,0,0,2,18,2,3,1.0,0.0,0.0,1.0,0.0,3.0,20,7,12
16841,15,2,3,10,8,3,0,3,1,1,1,19,2,2,0.0,0.0,0.0,0.0,0.0,4.0,15,6,2
61335,16,2,3,15,8,3,0,5,0,1,2,24,2,3,2.0,0.0,0.0,2.0,0.0,0.0,13,4,5
96752,16,7,3,10,2,3,6,5,1,1,2,19,2,2,0.0,0.0,0.0,0.0,0.0,4.0,11,5,7
187264,16,2,3,0,15,3,0,1,0,1,2,6,2,2,0.0,0.0,0.0,0.0,0.0,5.0,8,2,12
148450,16,3,3,15,11,3,0,5,1,1,1,12,2,2,0.0,0.0,0.0,0.0,0.0,2.0,15,5,10
6377,16,2,3,17,6,3,0,1,0,1,2,36,2,2,0.0,0.0,0.0,0.0,0.0,2.0,14,7,1
127363,15,2,3,0,6,3,0,1,1,1,2,18,2,2,0.0,0.0,0.0,0.0,0.0,3.0,16,6,9
70572,15,2,3,9,15,3,0,5,0,1,1,9,2,3,1.0,0.0,0.0,1.0,0.0,1.0,15,4,5
163681,16,2,3,17,1,3,0,1,1,1,2,33,2,2,0.0,0.0,0.0,0.0,0.0,2.0,15,5,11
188810,15,9,1,0,6,3,4,1,1,1,2,36,2,2,0.0,0.0,0.0,0.0,0.0,3.0,18,5,12
53594,16,2,1,15,15,3,6,1,1,1,1,35,2,2,0.0,0.0,0.0,0.0,0.0,2.0,4,6,4
98032,4,2,3,0,8,3,0,1,0,1,2,18,2,3,2.0,0.0,0.0,2.0,0.0,1.0,14,5,7
158725,15,2,1,0,8,3,0,1,1,1,2,36,2,2,0.0,0.0,0.0,0.0,0.0,2.0,18,3,11
13180,4,10,3,10,8,3,4,1,1,1,2,19,3,2,0.0,0.0,0.0,0.0,0.0,3.0,8,5,1
126667,15,2,3,17,8,3,0,1,0,1,2,18,2,3,1.0,0.0,0.0,1.0,0.0,2.0,14,4,9
124117,16,2,1,0,6,3,0,1,0,1,2,12,2,2,0.0,0.0,0.0,0.0,0.0,2.0,5,3,9
175847,15,2,1,0,6,3,0,1,1,1,2,36,2,2,0.0,0.0,0.0,0.0,0.0,2.0,19,5,12
52040,16,2,3,0,6,3,0,1,1,1,2,18,3,2,0.0,0.0,0.0,0.0,0.0,3.0,8,2,4
158286,16,2,3,10,8,3,0,1,1,1,1,19,2,2,0.0,0.0,0.0,0.0,0.0,4.0,17,5,11
46724,15,2,3,10,8,3,0,1,1,1,2,38,2,2,0.0,0.0,0.0,0.0,0.0,2.0,14,4,4
70992,16,2,3,17,2,3,0,1,1,1,2,18,3,2,0.0,0.0,0.0,0.0,0.0,3.0,20,2,5
22927,12,11,3,10,11,4,5,1,1,1,1,12,2,2,0.0,0.0,0.0,0.0,0.0,2.0,8,6,2
155093,16,2,3,17,2,3,0,1,1,1,0,19,2,2,0.0,0.0,0.0,0.0,0.0,2.0,13,2,10
34463,16,2,3,0,8,3,0,1,1,1,2,36,2,2,0.0,0.0,0.0,0.0,0.0,2.0,17,5,3
152348,16,7,3,10,3,3,6,1,0,1,0,17,2,4,1.0,0.0,0.0,0.0,1.0,1.0,13,7,10
178798,16,2,1,15,8,3,0,1,1,1,2,12,2,2,0.0,0.0,0.0,0.0,0.0,2.0,17,5,12
134519,15,2,3,17,6,3,0,1,1,1,2,36,2,2,0.0,0.0,0.0,0.0,0.0,4.0,10,7,9
3642,16,2,3,0,15,3,0,1,1,1,2,3,2,2,0.0,0.0,0.0,0.0,0.0,2.0,10,6,1
8789,4,2,1,17,8,3,0,1,1,1,1,17,2,2,0.0,0.0,0.0,0.0,0.0,4.0,21,6,1
114807,15,2,1,0,6,3,0,1,1,1,2,5,2,2,0.0,0.0,0.0,0.0,0.0,4.0,20,6,8
38249,15,2,1,0,6,3,0,1,0,1,2,18,3,2,0.0,0.0,0.0,0.0,0.0,4.0,0,2,3
52577,15,2,3,0,8,3,0,1,0,1,2,38,2,4,1.0,0.0,0.0,0.0,1.0,4.0,16,3,4
180760,16,2,3,10,8,3,0,1,1,1,2,19,2,2,0.0,0.0,0.0,0.0,0.0,2.0,15,7,12
64232,16,2,4,10,8,3,6,2,1,1,2,19,2,2,0.0,0.0,0.0,0.0,0.0,2.0,20,6,5
125956,16,2,3,17,6,3,0,1,0,1,1,17,2,3,1.0,0.0,0.0,1.0,0.0,1.0,16,3,9
51018,16,2,3,10,2,3,0,1,1,1,1,19,2,2,0.0,0.0,0.0,0.0,0.0,3.0,15,4,4
51739,4,2,3,10,2,3,0,1,1,1,2,36,2,2,0.0,0.0,0.0,0.0,0.0,2.0,16,2,4
92413,16,2,3,15,8,3,0,5,1,1,2,24,2,2,0.0,0.0,0.0,0.0,0.0,2.0,17,1,7
85648,4,7,3,17,15,3,6,1,1,1,1,23,2,2,0.0,0.0,0.0,0.0,0.0,3.0,16,2,6
48200,16,7,1,2,3,3,6,1,0,1,2,11,1,3,1.0,0.0,0.0,1.0,0.0,0.0,6,1,4
157551,15,7,1,0,8,3,6,1,1,1,2,18,2,2,0.0,0.0,0.0,0.0,0.0,2.0,18,1,11
124316,16,2,3,17,3,3,0,1,1,1,0,36,2,2,0.0,0.0,0.0,0.0,0.0,2.0,17,7,9
120218,4,2,3,0,3,3,0,1,0,1,1,36,2,2,0.0,0.0,0.0,0.0,0.0,2.0,15,3,8
140012,16,7,1,17,8,3,6,1,0,1,2,18,2,4,1.0,0.0,0.0,0.0,1.0,1.0,20,6,10
185168,16,2,1,0,6,3,0,1,1,1,2,36,2,2,0.0,0.0,0.0,0.0,0.0,2.0,18,2,12
105653,16,2,1,15,10,3,0,1,0,1,2,22,2,4,1.0,0.0,0.0,0.0,1.0,3.0,22,6,8
40879,15,2,3,10,8,3,0,1,1,1,2,18,2,2,0.0,0.0,0.0,0.0,0.0,2.0,14,3,3
110953,16,2,3,10,8,3,0,1,1,1,1,36,2,2,0.0,0.0,0.0,0.0,0.0,4.0,17,3,8
161340,16,2,4,10,8,3,0,1,1,1,1,3,2,2,0.0,0.0,0.0,0.0,0.0,4.0,16,4,11
67379,16,2,3,17,8,3,0,1,1,1,2,18,2,2,0.0,0.0,0.0,0.0,0.0,2.0,9,1,5
60961,16,2,3,9,6,3,0,5,0,1,2,24,2,3,1.0,0.0,0.0,1.0,0.0,1.0,10,4,5
55340,15,7,4,17,6,3,6,1,0,1,2,13,2,1,15.0,0.0,3.0,5.0,7.0,0.0,19,6,4
39580,16,3,3,15,8,3,6,5,1,1,1,23,2,2,0.0,0.0,0.0,0.0,0.0,5.0,8,6,3
136914,16,2,3,17,6,3,0,1,1,1,2,22,2,2,0.0,0.0,0.0,0.0,0.0,2.0,15,6,9
84068,16,2,3,17,8,3,0,1,0,1,2,18,2,2,0.0,0.0,0.0,0.0,0.0,2.0,16,6,6
69239,15,2,3,17,3,3,0,1,1,1,2,36,2,2,0.0,0.0,0.0,0.0,0.0,2.0,16,1,5
72477,16,2,3,17,6,3,0,1,0,1,2,6,2,4,1.0,0.0,0.0,0.0,1.0,3.0,11,1,6
181759,16,2,1,10,16,3,6,1,1,1,1,13,2,2,0.0,0.0,0.0,0.0,0.0,3.0,22,1,12
107906,15,2,1,7,8,3,0,1,0,1,2,17,2,2,0.0,0.0,0.0,0.0,0.0,2.0,0,5,8
75038,15,2,3,0,8,3,0,1,0,1,2,18,2,2,0.0,0.0,0.0,0.0,0.0,2.0,16,5,6
139046,16,7,1,0,11,3,6,1,1,1,2,36,2,2,0.0,0.0,0.0,0.0,0.0,2.0,21,7,10
71378,16,2,3,17,15,3,0,1,1,1,2,22,3,2,0.0,0.0,0.0,0.0,0.0,4.0,9,6,5
150144,16,2,3,0,6,3,0,1,1,1,2,18,2,2,0.0,0.0,0.0,0.0,0.0,2.0,6,7,10
44915,16,2,3,17,6,3,0,5,1,1,2,18,2,2,0.0,0.0,0.0,0.0,0.0,4.0,12,7,4
28465,15,11,1,9,15,3,5,5,0,1,2,36,2,4,1.0,0.0,0.0,0.0,1.0,1.0,9,1,3
54792,16,3,1,10,3,3,0,5,0,1,2,36,2,4,1.0,0.0,0.0,0.0,1.0,1.0,7,4,4
153039,16,7,3,0,6,3,6,1,0,1,2,6,2,2,0.0,0.0,0.0,0.0,0.0,2.0,9,3,10
133601,16,2,1,0,3,3,0,1,0,1,2,6,2,3,1.0,0.0,0.0,1.0,0.0,1.0,2,1,9
154086,15,3,3,0,15,3,6,1,0,1,2,18,2,3,1.0,0.0,0.0,1.0,0.0,4.0,12,3,10
44934,16,11,3,17,10,3,5,5,1,1,1,24,2,2,0.0,0.0,0.0,0.0,0.0,2.0,12,5,4
41494,15,2,3,17,11,3,0,5,1,1,1,36,2,2,0.0,0.0,0.0,0.0,0.0,2.0,17,7,3
60533,15,7,3,0,8,3,6,1,1,1,0,36,2,2,0.0,0.0,0.0,0.0,0.0,2.0,8,3,5
177384,4,2,3,17,8,3,0,1,1,1,2,18,2,2,0.0,0.0,0.0,0.0,0.0,4.0,8,5,12
27577,16,2,3,17,15,3,0,1,0,1,2,18,2,2,0.0,0.0,0.0,0.0,0.0,3.0,16,3,2
70275,6,2,3,8,15,3,0,5,0,1,0,36,2,1,2.0,0.0,1.0,0.0,1.0,0.0,15,4,5
76910,16,2,3,0,6,3,0,1,0,1,2,6,2,2,0.0,0.0,0.0,0.0,0.0,3.0,5,6,6
116993,16,7,3,17,11,3,6,1,0,1,2,24,2,2,0.0,0.0,0.0,0.0,0.0,4.0,14,5,8
62323,15,2,3,0,8,3,0,5,1,1,2,18,2,2,0.0,0.0,0.0,0.0,0.0,3.0,18,5,5
137193,15,2,1,10,1,3,0,1,1,1,1,36,2,2,0.0,0.0,0.0,0.0,0.0,3.0,5,2,9
136759,16,2,1,0,6,3,0,1,0,1,2,18,2,3,2.0,0.0,0.0,1.0,1.0,2.0,23,3,9
142126,16,2,2,17,6,3,0,1,0,1,2,18,2,2,0.0,0.0,0.0,0.0,0.0,2.0,6,3,10
166124,16,7,1,17,8,3,6,1,1,1,2,36,2,2,0.0,0.0,0.0,0.0,0.0,2.0,19,3,11
142105,4,2,3,0,15,3,0,1,0,1,2,36,2,3,1.0,0.0,0.0,1.0,0.0,1.0,13,3,10
96552,16,2,3,15,6,3,0,1,1,1,2,23,2,2,0.0,0.0,0.0,0.0,0.0,2.0,20,4,7
168082,16,11,1,11,6,3,5,5,1,1,2,36,2,2,0.0,0.0,0.0,0.0,0.0,2.0,19,6,11
172240,16,7,3,17,11,3,6,1,0,1,2,18,3,2,0.0,0.0,0.0,0.0,0.0,5.0,13,7,12
43093,15,2,3,10,15,3,6,5,0,1,2,17,2,3,1.0,0.0,0.0,1.0,0.0,1.0,15,3,4
56306,16,7,1,0,6,3,6,1,0,1,2,6,2,4,2.0,0.0,0.0,0.0,2.0,1.0,1,1,5
118007,16,2,1,0,8,3,0,1,0,1,2,18,2,2,0.0,0.0,0.0,0.0,0.0,2.0,19,6,8
158570,4,7,0,9,15,3,6,1,0,1,0,36,2,1,1.0,0.0,1.0,0.0,0.0,1.0,21,3,11
157932,4,2,1,0,8,3,6,5,0,1,2,18,4,1,4.0,0.0,1.0,3.0,0.0,1.0,0,7,11
51880,16,2,3,17,10,3,0,1,0,1,2,23,2,2,0.0,0.0,0.0,0.0,0.0,2.0,12,5,4
59448,16,3,3,10,6,3,0,1,0,1,2,17,2,2,0.0,0.0,0.0,0.0,0.0,4.0,6,3,5
53992,15,2,3,0,8,3,0,1,1,1,1,36,2,2,0.0,0.0,0.0,0.0,0.0,2.0,16,5,4
19153,16,2,1,0,2,3,6,1,0,1,2,36,2,3,3.0,0.0,0.0,3.0,0.0,1.0,22,5,2
183895,16,2,3,9,2,3,0,1,0,1,1,18,2,1,1.0,0.0,1.0,0.0,0.0,1.0,14,3,12
151793,15,3,3,0,6,3,0,1,1,1,2,18,2,2,0.0,0.0,0.0,0.0,0.0,3.0,11,1,10
169040,17,2,3,0,6,3,0,5,1,1,2,6,2,2,0.0,0.0,0.0,0.0,0.0,2.0,9,6,11
107740,16,2,3,0,2,3,0,1,0,1,2,6,2,3,1.0,0.0,0.0,1.0,0.0,2.0,6,3,8
175374,16,2,1,17,6,3,0,1,0,1,2,18,2,3,1.0,0.0,0.0,1.0,0.0,1.0,18,6,12
157890,16,2,3,10,8,3,0,1,1,1,1,26,2,2,0.0,0.0,0.0,0.0,0.0,2.0,16,7,11
150956,16,2,0,10,8,3,0,1,1,1,0,17,2,2,0.0,0.0,0.0,0.0,0.0,2.0,19,2,10
46491,15,7,2,0,8,3,6,1,0,1,2,18,2,2,0.0,0.0,0.0,0.0,0.0,2.0,17,7,4
12887,15,2,3,2,10,3,0,1,0,1,2,11,1,2,0.0,0.0,0.0,0.0,0.0,1.0,9,6,1
117302,16,2,1,9,8,3,0,1,0,1,0,18,2,3,1.0,0.0,0.0,1.0,0.0,1.0,20,1,8
70492,15,2,3,17,6,3,0,1,0,1,2,28,4,3,3.0,0.0,0.0,3.0,0.0,2.0,11,1,5
140763,16,2,3,17,6,3,0,1,0,1,2,6,2,2,0.0,0.0,0.0,0.0,0.0,2.0,9,4,10
99355,15,2,3,17,6,3,0,1,1,1,2,18,2,2,0.0,0.0,0.0,0.0,0.0,2.0,18,3,7
138833,16,2,1,8,8,3,0,5,0,1,0,24,2,3,1.0,0.0,0.0,1.0,0.0,1.0,22,3,10
37317,16,3,3,17,8,3,0,1,0,1,2,24,2,2,0.0,0.0,0.0,0.0,0.0,3.0,17,6,3
123913,16,11,5,0,10,3,5,5,1,1,2,22,2,2,0.0,0.0,0.0,0.0,0.0,3.0,16,6,9
3493,15,2,3,0,8,3,0,1,1,1,2,26,2,2,0.0,0.0,0.0,0.0,0.0,2.0,13,3,1
59591,16,2,3,17,3,3,0,1,1,1,1,19,2,2,0.0,0.0,0.0,0.0,0.0,3.0,10,3,5
123846,4,2,3,17,8,3,0,1,0,1,2,36,2,2,0.0,0.0,0.0,0.0,0.0,2.0,16,5,9
120774,16,2,1,0,6,3,0,1,1,1,2,12,2,2,0.0,0.0,0.0,0.0,0.0,3.0,1,4,9
6900,16,2,1,15,8,3,0,1,1,1,2,36,2,2,0.0,0.0,0.0,0.0,0.0,2.0,23,7,1
152246,16,2,3,15,3,3,0,1,1,1,2,12,2,2,0.0,0.0,0.0,0.0,0.0,2.0,7,5,10
17446,16,7,1,0,2,3,6,5,0,1,2,18,2,2,0.0,0.0,0.0,0.0,0.0,2.0,19,4,2
92744,16,2,1,0,5,3,0,1,0,1,2,6,4,3,1.0,0.0,0.0,1.0,0.0,1.0,0,7,7
75835,16,7,3,10,8,3,6,5,1,1,2,12,2,2,0.0,0.0,0.0,0.0,0.0,2.0,15,4,6
20384,16,2,3,0,6,3,4,1,0,1,2,6,2,3,1.0,0.0,0.0,1.0,0.0,1.0,9,6,2
76683,16,2,3,10,2,3,0,5,1,1,2,19,2,2,0.0,0.0,0.0,0.0,0.0,6.0,14,2,6
12080,16,7,3,17,1,3,6,5,0,1,2,36,2,2,0.0,0.0,0.0,0.0,0.0,2.0,15,7,1
136720,4,2,3,7,8,3,0,1,1,1,2,36,2,2,0.0,0.0,0.0,0.0,0.0,1.0,14,3,9
154264,16,2,1,0,1,3,5,5,0,1,2,6,3,3,4.0,0.0,0.0,4.0,0.0,3.0,4,7,10
158481,16,2,3,15,6,3,0,1,1,0,0,36,2,2,0.0,0.0,0.0,0.0,0.0,3.0,16,1,11
63819,16,7,1,17,18,3,6,5,0,1,2,36,2,2,0.0,0.0,0.0,0.0,0.0,2.0,22,7,5
28422,16,2,3,17,2,3,0,1,1,1,1,18,2,2,0.0,0.0,0.0,0.0,0.0,2.0,13,1,3
74231,16,2,3,10,8,3,0,1,1,1,2,19,2,2,0.0,0.0,0.0,0.0,0.0,2.0,17,1,6
30650,16,2,1,9,8,3,0,1,0,1,1,18,2,3,1.0,0.0,0.0,1.0,0.0,1.0,20,4,3
146450,16,2,3,0,2,3,0,1,0,1,2,30,2,3,1.0,0.0,0.0,1.0,0.0,1.0,14,3,10
145484,4,2,3,7,8,3,0,1,0,1,2,36,3,2,0.0,0.0,0.0,0.0,0.0,2.0,16,5,10
47585,16,7,3,10,6,3,0,1,0,1,2,19,2,4,1.0,0.0,0.0,0.0,1.0,1.0,12,6,4
161839,16,2,1,0,8,3,0,1,1,1,1,18,2,2,0.0,0.0,0.0,0.0,0.0,2.0,2,7,11
41783,16,2,3,10,6,3,0,1,0,1,0,30,2,3,1.0,0.0,0.0,1.0,0.0,1.0,19,7,3
175891,4,2,3,2,11,3,0,1,1,0,1,36,1,2,0.0,0.0,0.0,0.0,0.0,1.0,13,7,12
181297,4,2,3,17,2,3,0,1,0,1,2,23,2,2,0.0,0.0,0.0,0.0,0.0,2.0,11,5,12
93841,4,7,3,2,10,3,6,1,0,1,2,36,1,2,0.0,0.0,0.0,0.0,0.0,2.0,15,4,7
57507,16,2,3,0,3,3,0,1,0,1,2,6,2,3,3.0,0.0,0.0,2.0,1.0,0.0,14,6,5
184019,16,2,4,17,2,3,0,1,0,1,2,36,2,2,0.0,0.0,0.0,0.0,0.0,2.0,14,5,12
158866,4,2,1,10,8,3,0,1,0,0,2,19,3,2,0.0,0.0,0.0,0.0,0.0,3.0,17,6,11
83197,15,2,3,8,10,3,6,1,0,1,1,18,2,3,1.0,0.0,0.0,1.0,0.0,2.0,15,6,6
23132,17,2,1,17,8,3,6,1,1,1,1,23,2,2,0.0,0.0,0.0,0.0,0.0,2.0,0,1,2
42764,16,2,3,10,2,3,0,5,1,1,2,12,2,2,0.0,0.0,0.0,0.0,0.0,4.0,15,2,4
146922,4,2,3,3,8,3,0,1,0,1,2,36,3,4,1.0,0.0,0.0,0.0,1.0,4.0,14,3,10
120836,16,2,3,17,2,3,0,5,1,1,0,19,2,2,0.0,0.0,0.0,0.0,0.0,2.0,10,4,9
137588,4,2,0,17,6,3,0,1,1,1,2,26,2,2,0.0,0.0,0.0,0.0,0.0,2.0,23,2,9
163472,16,2,3,17,8,3,0,1,0,1,2,36,2,2,0.0,0.0,0.0,0.0,0.0,2.0,9,3,11
61630,4,7,3,10,8,3,6,1,0,1,2,19,2,2,0.0,0.0,0.0,0.0,0.0,2.0,16,7,5
172239,16,3,1,2,8,3,6,1,0,1,2,13,1,4,1.0,0.0,0.0,0.0,1.0,0.0,1,7,12
106843,16,2,1,15,8,3,0,1,1,0,1,36,2,2,0.0,0.0,0.0,0.0,0.0,3.0,20,3,8
650,16,2,0,10,8,3,6,1,1,1,0,19,2,2,0.0,0.0,0.0,0.0,0.0,3.0,17,4,1
161366,16,2,3,17,10,3,0,5,1,1,2,18,2,2,0.0,0.0,0.0,0.0,0.0,2.0,10,6,11
142271,16,2,1,0,2,3,0,1,0,1,2,6,2,3,4.0,0.0,0.0,4.0,0.0,0.0,22,2,10
84942,16,2,3,8,8,3,0,1,1,1,0,12,2,2,0.0,0.0,0.0,0.0,0.0,2.0,16,6,6
15559,16,7,3,10,2,3,6,1,1,1,2,19,3,2,0.0,0.0,0.0,0.0,0.0,3.0,13,3,2
71752,15,2,3,10,8,3,0,1,0,1,2,17,4,4,1.0,0.0,0.0,0.0,1.0,3.0,16,4,6
149478,15,3,3,0,6,2,0,1,0,1,2,17,2,2,0.0,0.0,0.0,0.0,0.0,4.0,8,5,10
86536,4,2,3,7,10,3,0,1,1,1,0,36,2,2,0.0,0.0,0.0,0.0,0.0,2.0,12,2,6
122321,16,2,3,10,10,3,0,1,1,1,1,21,2,2,0.0,0.0,0.0,0.0,0.0,2.0,9,3,9
127599,15,2,3,5,6,3,0,1,1,1,2,36,1,2,0.0,0.0,0.0,0.0,0.0,1.0,12,3,9
12111,16,2,1,17,8,3,5,5,1,1,2,26,2,2,0.0,0.0,0.0,0.0,0.0,2.0,21,7,1
42118,15,7,3,17,8,3,6,1,0,1,2,18,2,1,3.0,0.0,1.0,0.0,2.0,0.0,12,5,3
56864,15,2,3,17,8,3,0,1,1,1,2,18,2,2,0.0,0.0,0.0,0.0,0.0,3.0,7,3,5
72498,15,2,3,0,6,3,0,1,0,1,2,18,3,1,4.0,0.0,2.0,1.0,1.0,1.0,16,3,6
188880,16,7,1,17,8,3,6,1,0,1,1,17,2,2,0.0,0.0,0.0,0.0,0.0,3.0,20,6,12
34905,15,2,3,9,8,3,0,1,0,1,0,38,2,3,1.0,0.0,0.0,1.0,0.0,2.0,8,5,3
176653,15,2,3,15,6,3,6,1,1,1,2,36,2,2,0.0,0.0,0.0,0.0,0.0,2.0,13,2,12
183179,16,7,1,15,8,3,6,1,1,1,2,17,2,2,0.0,0.0,0.0,0.0,0.0,2.0,21,5,12
14615,16,2,3,10,8,3,0,5,1,1,2,36,2,2,0.0,0.0,0.0,0.0,0.0,2.0,14,3,1
132609,4,7,3,10,8,3,6,1,1,1,2,39,2,2,0.0,0.0,0.0,0.0,0.0,3.0,13,1,9
134737,16,2,3,10,2,3,0,1,0,1,2,36,2,4,1.0,0.0,0.0,0.0,1.0,1.0,8,4,9
123232,16,2,3,17,8,3,0,1,1,1,2,18,2,2,0.0,0.0,0.0,0.0,0.0,2.0,16,5,9
181728,16,7,1,0,6,3,6,1,0,1,2,18,2,3,1.0,0.0,0.0,1.0,0.0,4.0,2,1,12
54796,16,7,1,17,8,3,6,1,0,1,2,26,5,3,2.0,0.0,0.0,2.0,0.0,0.0,20,4,4
89027,15,2,3,0,8,3,0,1,0,1,2,18,2,4,3.0,0.0,0.0,0.0,3.0,1.0,18,6,7
100050,4,2,3,9,10,3,0,1,0,1,2,18,2,1,1.0,0.0,1.0,0.0,0.0,1.0,14,1,7
92002,16,2,1,10,2,3,0,1,1,1,2,36,2,2,0.0,0.0,0.0,0.0,0.0,2.0,20,2,7
24430,16,2,3,15,2,3,0,5,1,1,2,36,2,2,0.0,0.0,0.0,0.0,0.0,3.0,16,3,2
140873,4,2,3,10,6,3,0,1,1,1,1,17,2,2,0.0,0.0,0.0,0.0,0.0,2.0,15,6,10
179967,16,2,3,17,6,3,0,1,1,1,2,24,2,2,0.0,0.0,0.0,0.0,0.0,2.0,7,5,12
12586,16,2,0,0,8,3,0,1,0,1,2,17,2,4,1.0,0.0,0.0,0.0,1.0,1.0,20,1,1
187332,4,7,3,17,8,3,6,1,1,1,2,18,2,2,0.0,0.0,0.0,0.0,0.0,2.0,11,3,12
166245,16,2,3,17,8,3,0,5,1,1,2,18,2,2,0.0,0.0,0.0,0.0,0.0,2.0,8,6,11
168840,15,7,1,9,3,3,6,1,0,1,2,17,2,3,1.0,0.0,0.0,1.0,0.0,1.0,17,3,11
155835,15,2,0,17,11,3,0,1,1,1,2,36,2,2,0.0,0.0,0.0,0.0,0.0,2.0,20,5,11
97391,15,2,3,0,15,3,0,1,0,1,2,18,2,2,0.0,0.0,0.0,0.0,0.0,2.0,17,2,7
60776,16,2,1,0,8,3,0,1,1,1,2,36,2,2,0.0,0.0,0.0,0.0,0.0,4.0,1,2,5
112829,15,2,3,17,15,3,0,1,0,1,2,18,2,3,1.0,0.0,0.0,1.0,0.0,4.0,18,4,8
39299,16,11,1,10,2,3,6,5,0,1,2,36,2,4,2.0,0.0,0.0,0.0,2.0,3.0,1,6,3
125282,16,2,1,10,8,3,0,1,1,1,2,17,2,2,0.0,0.0,0.0,0.0,0.0,2.0,19,6,9
27534,16,7,3,10,8,3,6,1,1,1,2,19,2,2,0.0,0.0,0.0,0.0,0.0,5.0,7,2,2
91103,16,2,3,10,8,3,0,1,1,1,1,36,2,2,0.0,0.0,0.0,0.0,0.0,2.0,16,3,7
337,17,7,3,14,6,3,0,1,0,1,2,18,2,3,1.0,0.0,0.0,1.0,0.0,1.0,10,7,1
142396,16,2,3,17,8,3,0,1,1,1,1,18,2,2,0.0,0.0,0.0,0.0,0.0,4.0,7,4,10
68086,16,2,3,10,3,3,0,1,1,1,0,36,2,2,0.0,0.0,0.0,0.0,0.0,2.0,11,6,5
92552,16,2,3,0,8,3,0,1,1,1,2,36,2,2,0.0,0.0,0.0,0.0,0.0,2.0,18,4,7
87340,16,2,1,10,3,3,0,1,1,1,1,36,2,2,0.0,0.0,0.0,0.0,0.0,2.0,20,7,6
165493,3,2,3,9,8,3,0,6,0,1,0,36,2,4,1.0,0.0,0.0,0.0,1.0,1.0,12,1,11