crash_date,               traffic_control_device,weather_condition,lighting_condition,first_crash_type,trafficway_type,alignment,roadway_surface_cond,road_defect,crash_type,intersection_related_i,damage,prim_contributory_cause,num_units,most_severe_injury,injuries_total,injuries_fatal,injuries_incapacitating,injuries_non_incapacitating,injuries_reported_not_evident,injuries_no_indication,crash_hour,crash_day_of_week,crash_month
180108,16,2,1,17,8,3,0,1,1,1,1,24,2,2,0.0,0.0,0.0,0.0,0.0,2.0,17,5,12
67294,15,2,3,0,6,3,6,1,1,1,2,18,2,2,0.0,0.0,0.0,0.0,0.0,2.0,17,7,5
61181,16,7,3,10,3,3,6,5,0,1,2,19,2,2,0.0,0.0,0.0,0.0,0.0,2.0,16,7,5
82128,16,2,3,8,8,3,0,5,0,1,0,18,2,3,1.0,0.0,0.0,1.0,0.0,1.0,7,4,6
42924,17,2,3,17,6,3,0,1,1,1,1,18,2,2,0.0,0.0,0.0,0.0,0.0,9.0,17,6,4
188540,17,2,3,15,2,3,0,1,1,0,2,23,2,2,0.0,0.0,0.0,0.0,0.0,2.0,12,2,12
151342,16,2,0,2,15,3,0,1,0,1,2,22,1,2,0.0,0.0,0.0,0.0,0.0,1.0,5,2,10
180993,16,2,3,10,10,3,0,1,1,1,1,36,2,2,0.0,0.0,0.0,0.0,0.0,2.0,8,4,12
121073,4,2,1,0,8,3,0,1,0,1,2,36,2,3,1.0,0.0,0.0,1.0,0.0,1.0,21,1,9
41701,16,2,3,10,6,3,0,1,1,1,2,19,2,2,0.0,0.0,0.0,0.0,0.0,2.0,15,5,3
33803,16,2,3,17,15,3,0,2,0,1,2,24,2,4,2.0,0.0,0.0,0.0,2.0,0.0,11,3,3
22194,16,2,3,0,8,3,0,1,0,1,2,6,2,1,3.0,0.0,3.0,0.0,0.0,1.0,14,7,2
116096,16,2,3,10,8,3,0,1,1,1,2,19,2,2,0.0,0.0,0.0,0.0,0.0,3.0,7,6,8
92038,16,2,3,0,6,3,0,1,1,1,2,26,2,2,0.0,0.0,0.0,0.0,0.0,3.0,15,3,7
23918,16,2,3,17,6,3,0,1,0,1,2,36,2,2,0.0,0.0,0.0,0.0,0.0,2.0,13,2,2
138320,15,2,1,10,15,3,0,1,0,1,1,36,2,4,1.0,0.0,0.0,0.0,1.0,1.0,5,4,10
320,16,2,1,10,15,3,5,5,1,1,2,36,2,2,0.0,0.0,0.0,0.0,0.0,3.0,17,7,1
21371,15,2,3,10,2,3,6,1,1,1,1,19,2,2,0.0,0.0,0.0,0.0,0.0,2.0,12,6,2
123269,16,2,3,17,15,3,0,1,1,1,2,22,2,2,0.0,0.0,0.0,0.0,0.0,2.0,9,5,9
162434,16,2,1,17,10,3,0,1,1,1,1,24,2,2,0.0,0.0,0.0,0.0,0.0,2.0,22,6,11
150443,16,2,3,10,10,3,0,1,1,1,2,17,2,2,0.0,0.0,0.0,0.0,0.0,2.0,14,3,10
55366,15,2,1,0,8,3,0,1,0,1,2,36,2,3,1.0,0.0,0.0,1.0,0.0,1.0,22,6,4
117662,16,2,3,17,6,3,0,5,0,1,2,36,2,2,0.0,0.0,0.0,0.0,0.0,2.0,16,2,8
45469,15,2,3,0,8,3,0,1,0,1,2,18,2,4,1.0,0.0,0.0,0.0,1.0,1.0,18,2,4
28352,4,7,3,10,2,3,6,1,1,1,2,16,2,2,0.0,0.0,0.0,0.0,0.0,2.0,10,5,3
86868,15,2,3,0,6,3,0,1,0,1,2,36,4,2,0.0,0.0,0.0,0.0,0.0,2.0,6,7,6
83120,16,2,3,0,2,3,0,1,1,1,2,36,2,2,0.0,0.0,0.0,0.0,0.0,3.0,11,6,6
114180,17,11,5,8,17,3,5,5,0,1,1,36,2,3,1.0,0.0,0.0,1.0,0.0,1.0,17,3,8
120082,15,2,1,17,2,3,0,1,0,1,2,36,2,3,2.0,0.0,0.0,2.0,0.0,1.0,23,6,8
118483,16,2,3,17,6,3,0,1,0,1,2,6,2,1,1.0,0.0,1.0,0.0,0.0,1.0,15,6,8
84944,15,2,3,0,10,3,0,1,1,1,2,5,2,2,0.0,0.0,0.0,0.0,0.0,2.0,17,6,6
165179,4,2,3,17,8,3,0,1,1,1,2,18,2,2,0.0,0.0,0.0,0.0,0.0,2.0,15,6,11
26050,16,2,3,10,6,3,6,5,1,1,1,19,2,2,0.0,0.0,0.0,0.0,0.0,2.0,17,6,2
2741,4,2,3,7,0,3,0,1,1,1,2,21,2,2,0.0,0.0,0.0,0.0,0.0,2.0,13,6,1
127477,4,2,1,0,18,3,0,1,0,1,2,26,2,4,1.0,0.0,0.0,0.0,1.0,1.0,22,1,9
33105,15,2,3,8,8,3,5,5,0,1,1,23,2,3,1.0,0.0,0.0,1.0,0.0,1.0,13,5,3
53451,16,2,3,17,8,3,0,1,1,1,1,23,2,2,0.0,0.0,0.0,0.0,0.0,2.0,8,3,4
61558,16,2,3,0,8,3,0,1,1,1,2,36,2,2,0.0,0.0,0.0,0.0,0.0,3.0,16,5,5
87122,4,7,3,17,6,3,6,1,0,1,2,24,2,3,3.0,0.0,0.0,3.0,0.0,1.0,17,5,6
77244,15,2,3,17,6,3,0,1,0,1,2,18,2,2,0.0,0.0,0.0,0.0,0.0,5.0,7,3,6
114930,16,2,3,0,6,3,0,1,1,1,2,18,2,2,0.0,0.0,0.0,0.0,0.0,3.0,17,1,8
36320,16,2,1,15,8,3,0,1,1,0,1,36,2,2,0.0,0.0,0.0,0.0,0.0,3.0,22,1,3
29293,16,2,3,17,8,3,0,1,1,1,0,17,2,2,0.0,0.0,0.0,0.0,0.0,3.0,14,3,3
153233,16,7,1,17,8,3,6,1,1,1,1,24,2,2,0.0,0.0,0.0,0.0,0.0,3.0,18,6,10
12513,16,10,1,17,8,3,4,1,1,1,1,24,2,2,0.0,0.0,0.0,0.0,0.0,2.0,19,7,1
117681,16,2,3,0,16,3,0,1,1,1,2,6,2,2,0.0,0.0,0.0,0.0,0.0,2.0,18,2,8
186059,16,2,1,17,8,3,0,1,1,1,1,36,2,2,0.0,0.0,0.0,0.0,0.0,3.0,21,2,12
138884,16,7,1,10,8,3,6,1,1,0,2,36,3,2,0.0,0.0,0.0,0.0,0.0,4.0,19,4,10
116271,16,7,3,10,2,3,6,1,1,1,0,19,2,2,0.0,0.0,0.0,0.0,0.0,3.0,12,6,8
5166,15,2,3,17,18,3,0,1,0,1,2,18,2,2,0.0,0.0,0.0,0.0,0.0,2.0,12,2,1
79390,15,2,3,0,8,3,0,5,1,1,2,18,2,2,0.0,0.0,0.0,0.0,0.0,4.0,15,6,6
95618,16,2,3,17,8,3,0,1,1,1,2,18,2,2,0.0,0.0,0.0,0.0,0.0,2.0,11,2,7
17724,16,2,1,17,6,4,0,1,1,1,2,17,2,2,0.0,0.0,0.0,0.0,0.0,3.0,21,2,2
113748,15,2,1,10,15,3,0,1,1,1,0,13,2,2,0.0,0.0,0.0,0.0,0.0,2.0,21,4,8
108603,16,2,3,15,3,3,0,1,1,1,0,22,2,2,0.0,0.0,0.0,0.0,0.0,2.0,6,4,8
69153,4,7,3,0,8,3,6,5,1,1,2,36,2,2,0.0,0.0,0.0,0.0,0.0,2.0,11,1,5
51071,16,2,3,0,8,3,5,5,1,1,2,18,2,2,0.0,0.0,0.0,0.0,0.0,2.0,12,4,4
68497,16,11,5,10,15,3,5,5,1,1,1,36,2,2,0.0,0.0,0.0,0.0,0.0,4.0,17,5,5
63389,15,2,3,17,8,3,0,1,0,1,2,17,2,2,0.0,0.0,0.0,0.0,0.0,2.0,9,7,5
155740,15,7,0,0,11,3,6,1,1,1,2,18,2,2,0.0,0.0,0.0,0.0,0.0,2.0,17,4,11
16851,16,2,3,17,8,3,0,1,1,1,0,24,2,2,0.0,0.0,0.0,0.0,0.0,2.0,12,6,2
167202,16,2,1,10,8,3,0,1,1,1,0,19,2,2,0.0,0.0,0.0,0.0,0.0,2.0,18,5,11
95809,15,2,1,0,8,3,0,1,1,1,2,36,2,2,0.0,0.0,0.0,0.0,0.0,2.0,20,6,7
152107,16,2,1,0,6,4,0,1,0,1,2,17,2,2,0.0,0.0,0.0,0.0,0.0,2.0,19,6,10
14422,16,2,3,10,8,3,0,1,1,1,1,19,2,2,0.0,0.0,0.0,0.0,0.0,3.0,11,7,1
34825,15,2,1,15,2,3,0,1,1,1,2,22,2,2,0.0,0.0,0.0,0.0,0.0,2.0,4,4,3
158563,16,7,1,10,11,3,6,1,0,0,2,39,3,4,1.0,0.0,0.0,0.0,1.0,2.0,19,3,11
98602,16,2,3,17,15,3,0,1,0,1,2,36,2,2,0.0,0.0,0.0,0.0,0.0,2.0,16,6,7
2450,15,10,3,17,11,3,0,1,0,1,1,5,2,4,1.0,0.0,0.0,0.0,1.0,1.0,16,7,1
188269,16,9,1,15,8,3,4,1,1,1,1,19,2,2,0.0,0.0,0.0,0.0,0.0,6.0,22,2,12
171823,16,5,3,17,2,3,6,1,1,1,2,36,2,2,0.0,0.0,0.0,0.0,0.0,2.0,10,7,11
183976,16,2,0,17,19,3,5,5,1,1,1,23,2,2,0.0,0.0,0.0,0.0,0.0,2.0,18,4,12
56476,4,2,3,0,8,3,0,1,1,1,2,36,3,2,0.0,0.0,0.0,0.0,0.0,3.0,11,4,5
171013,16,2,1,8,15,3,0,1,0,1,2,6,2,3,1.0,0.0,0.0,1.0,0.0,1.0,16,3,11
162620,4,3,3,15,6,3,1,1,1,1,2,23,2,2,0.0,0.0,0.0,0.0,0.0,2.0,15,4,11
179718,16,2,3,17,6,3,0,1,1,1,1,36,2,2,0.0,0.0,0.0,0.0,0.0,6.0,12,7,12
72735,16,2,1,15,6,3,0,1,1,1,2,36,2,2,0.0,0.0,0.0,0.0,0.0,3.0,22,6,6
158891,16,2,3,17,6,3,0,1,0,1,2,18,2,2,0.0,0.0,0.0,0.0,0.0,3.0,8,6,11
62269,15,2,3,0,6,3,0,1,1,1,2,5,2,2,0.0,0.0,0.0,0.0,0.0,2.0,7,4,5
92707,16,11,5,10,8,3,5,5,1,1,2,36,2,2,0.0,0.0,0.0,0.0,0.0,2.0,19,7,7
104769,16,2,3,0,6,3,6,1,0,1,2,6,2,2,0.0,0.0,0.0,0.0,0.0,2.0,6,1,8
85783,16,2,3,10,2,3,0,1,1,1,2,19,2,2,0.0,0.0,0.0,0.0,0.0,2.0,13,4,6
169164,16,11,5,10,8,3,5,5,1,1,2,17,2,2,0.0,0.0,0.0,0.0,0.0,2.0,16,7,11
151822,16,2,3,17,10,3,0,1,1,1,2,18,2,2,0.0,0.0,0.0,0.0,0.0,3.0,17,2,10
116213,16,7,3,17,8,2,6,5,0,1,2,23,2,3,2.0,0.0,0.0,1.0,1.0,0.0,15,6,8
73698,4,2,1,8,8,3,0,1,1,1,2,36,2,2,0.0,0.0,0.0,0.0,0.0,4.0,21,7,6
58247,4,7,3,17,2,3,6,1,1,1,2,24,2,2,0.0,0.0,0.0,0.0,0.0,4.0,15,5,5
159896,17,2,3,7,12,3,0,1,1,0,2,26,2,2,0.0,0.0,0.0,0.0,0.0,1.0,7,6,11
156663,16,2,3,17,2,3,0,5,0,1,2,36,2,4,1.0,0.0,0.0,0.0,1.0,1.0,9,3,11
120289,15,2,3,0,8,3,0,1,0,1,2,36,2,2,0.0,0.0,0.0,0.0,0.0,2.0,16,4,8
93202,16,7,3,9,8,3,6,1,1,1,0,18,2,2,0.0,0.0,0.0,0.0,0.0,2.0,13,1,7
172564,16,2,3,17,8,3,0,1,1,1,2,22,2,2,0.0,0.0,0.0,0.0,0.0,3.0,11,5,12
18498,16,2,1,17,2,3,0,5,1,1,0,36,2,2,0.0,0.0,0.0,0.0,0.0,3.0,22,7,2
49312,16,2,1,0,1,3,0,1,0,1,2,6,2,2,0.0,0.0,0.0,0.0,0.0,2.0,5,1,4
56796,15,2,3,0,8,3,0,1,0,1,2,5,2,2,0.0,0.0,0.0,0.0,0.0,5.0,16,2,5
163175,15,11,1,7,2,3,5,1,1,1,2,36,2,2,0.0,0.0,0.0,0.0,0.0,1.0,5,5,11
97183,16,2,3,10,8,3,0,1,0,1,1,36,2,2,0.0,0.0,0.0,0.0,0.0,3.0,8,5,7
13772,15,2,3,17,2,3,0,1,1,1,0,18,2,2,0.0,0.0,0.0,0.0,0.0,2.0,9,6,1
166799,15,2,1,17,15,3,0,1,0,1,2,24,2,2,0.0,0.0,0.0,0.0,0.0,2.0,1,1,11
119632,16,2,1,0,8,3,0,1,0,1,2,18,2,3,2.0,0.0,0.0,2.0,0.0,2.0,22,1,8
5657,16,2,3,10,2,3,0,1,1,1,2,19,3,2,0.0,0.0,0.0,0.0,0.0,5.0,15,1,1
180873,16,4,3,10,2,3,6,1,0,1,2,17,2,4,1.0,0.0,0.0,0.0,1.0,2.0,7,1,12
55374,16,2,3,10,6,3,0,1,1,1,2,19,2,2,0.0,0.0,0.0,0.0,0.0,2.0,12,6,4
85159,16,7,0,17,15,3,6,1,1,1,2,24,2,2,0.0,0.0,0.0,0.0,0.0,2.0,8,3,6
113489,16,2,1,15,6,3,0,1,1,1,2,36,2,2,0.0,0.0,0.0,0.0,0.0,2.0,3,1,8
5158,16,3,3,17,6,3,0,1,1,1,2,36,2,2,0.0,0.0,0.0,0.0,0.0,3.0,10,2,1
181277,15,7,3,8,8,3,6,1,0,1,1,18,2,3,1.0,0.0,0.0,1.0,0.0,1.0,11,2,12
63614,16,2,3,17,10,3,0,1,1,1,0,23,2,2,0.0,0.0,0.0,0.0,0.0,2.0,8,3,5
109384,15,2,3,0,11,3,0,5,0,1,2,18,2,2,0.0,0.0,0.0,0.0,0.0,2.0,12,7,8
90714,16,2,3,10,6,3,0,1,1,1,2,36,3,2,0.0,0.0,0.0,0.0,0.0,4.0,16,4,7
170546,15,2,3,0,6,3,0,1,1,1,1,23,2,2,0.0,0.0,0.0,0.0,0.0,2.0,13,4,11
23710,16,11,2,15,8,3,5,1,1,0,2,19,2,2,0.0,0.0,0.0,0.0,0.0,3.0,21,4,2
27870,15,2,3,17,2,3,0,1,0,1,2,12,2,2,0.0,0.0,0.0,0.0,0.0,3.0,12,6,2
165124,16,2,1,17,6,2,6,1,1,1,2,24,2,2,0.0,0.0,0.0,0.0,0.0,4.0,17,5,11
171198,4,2,3,15,8,3,0,5,0,1,2,36,2,3,1.0,0.0,0.0,1.0,0.0,3.0,11,4,11
109398,16,2,3,17,6,3,0,1,1,1,0,22,2,2,0.0,0.0,0.0,0.0,0.0,2.0,14,1,8
9026,16,7,1,0,2,3,6,1,0,1,2,36,3,2,0.0,0.0,0.0,0.0,0.0,3.0,22,4,1
77233,16,2,3,17,6,3,0,1,1,1,1,18,2,2,0.0,0.0,0.0,0.0,0.0,5.0,18,3,6
65532,15,2,3,7,8,3,0,1,1,1,2,24,2,2,0.0,0.0,0.0,0.0,0.0,1.0,17,1,5
126246,16,2,3,14,8,3,0,1,1,1,1,17,2,2,0.0,0.0,0.0,0.0,0.0,2.0,15,6,9
62604,16,2,1,15,10,3,0,1,1,1,1,36,2,2,0.0,0.0,0.0,0.0,0.0,2.0,21,7,5
103690,4,2,1,17,8,3,0,5,0,1,2,26,2,3,6.0,0.0,0.0,6.0,0.0,0.0,2,7,7
161465,16,2,3,8,8,3,0,1,1,1,0,36,2,2,0.0,0.0,0.0,0.0,0.0,2.0,11,1,11
169603,15,2,3,0,15,3,0,1,1,1,2,18,2,2,0.0,0.0,0.0,0.0,0.0,3.0,11,2,11
157463,16,7,0,10,8,3,6,1,1,1,1,36,2,2,0.0,0.0,0.0,0.0,0.0,2.0,19,7,11
146361,16,2,3,8,2,3,0,1,0,1,0,39,2,1,1.0,0.0,1.0,0.0,0.0,1.0,8,6,10
185255,16,2,1,10,1,4,0,5,0,1,2,17,2,2,0.0,0.0,0.0,0.0,0.0,2.0,3,1,12
5973,4,2,3,0,11,3,0,1,1,1,2,36,2,2,0.0,0.0,0.0,0.0,0.0,4.0,6,4,1
118080,16,2,3,17,6,3,0,1,1,1,2,24,2,2,0.0,0.0,0.0,0.0,0.0,2.0,9,7,8
186729,15,2,3,0,2,3,6,5,1,1,1,36,2,2,0.0,0.0,0.0,0.0,0.0,2.0,13,2,12
27559,16,2,3,17,9,3,6,1,1,1,2,24,2,2,0.0,0.0,0.0,0.0,0.0,3.0,12,2,2
68164,16,2,3,9,8,3,0,1,0,1,0,18,2,3,1.0,0.0,0.0,1.0,0.0,1.0,14,6,5
86097,16,2,3,0,15,3,0,6,0,1,2,36,2,1,2.0,0.0,1.0,1.0,0.0,1.0,12,2,6
22687,16,10,3,0,8,3,4,1,0,1,2,18,2,3,1.0,0.0,0.0,1.0,0.0,3.0,12,1,2
12193,16,2,3,10,8,3,0,1,0,1,2,36,2,4,2.0,0.0,0.0,0.0,2.0,1.0,15,3,1
30386,16,2,3,15,8,3,0,1,1,1,2,36,2,2,0.0,0.0,0.0,0.0,0.0,2.0,12,7,3
81702,15,2,3,17,2,3,0,1,1,1,2,12,2,2,0.0,0.0,0.0,0.0,0.0,3.0,16,6,6
110346,16,2,1,10,11,3,0,5,1,1,2,19,3,2,0.0,0.0,0.0,0.0,0.0,3.0,21,2,8
125846,15,2,3,10,6,3,0,1,1,1,2,19,2,2,0.0,0.0,0.0,0.0,0.0,2.0,17,7,9
135104,15,2,4,0,8,3,5,5,0,1,2,18,2,3,1.0,0.0,0.0,1.0,0.0,2.0,18,1,9
144755,4,2,1,15,2,3,0,1,1,1,1,22,2,2,0.0,0.0,0.0,0.0,0.0,5.0,22,7,10
72628,4,2,3,9,8,3,0,1,0,0,0,18,2,4,1.0,0.0,0.0,0.0,1.0,1.0,18,5,6
111052,16,2,3,5,8,3,0,3,0,1,2,32,1,4,1.0,0.0,0.0,0.0,1.0,0.0,10,4,8
62652,16,2,3,10,8,3,0,1,1,1,1,36,2,2,0.0,0.0,0.0,0.0,0.0,2.0,15,2,5
161007,4,2,3,0,11,3,0,1,0,0,2,18,2,2,0.0,0.0,0.0,0.0,0.0,2.0,7,1,11
113598,15,2,3,14,8,3,0,1,1,1,0,21,2,2,0.0,0.0,0.0,0.0,0.0,4.0,12,7,8
139866,16,2,3,10,8,3,0,1,1,1,1,19,2,2,0.0,0.0,0.0,0.0,0.0,2.0,18,2,10
61304,15,2,4,10,2,3,0,1,1,1,2,17,2,2,0.0,0.0,0.0,0.0,0.0,2.0,18,3,5
8990,15,2,3,0,6,3,0,1,1,1,2,18,2,2,0.0,0.0,0.0,0.0,0.0,3.0,16,4,1
184263,16,2,1,10,2,3,0,1,1,1,0,19,2,2,0.0,0.0,0.0,0.0,0.0,2.0,23,6,12
108546,15,2,3,8,6,3,0,1,0,1,2,5,2,3,1.0,0.0,0.0,1.0,0.0,1.0,16,3,8
54450,16,2,3,17,6,3,0,5,0,1,2,17,2,3,1.0,0.0,0.0,1.0,0.0,1.0,14,7,4
159284,16,2,0,17,2,3,0,1,0,1,2,18,2,2,0.0,0.0,0.0,0.0,0.0,2.0,17,4,11
46923,16,2,1,0,8,3,6,5,1,1,1,18,2,2,0.0,0.0,0.0,0.0,0.0,2.0,0,1,4
184279,4,2,3,17,8,3,0,5,1,1,0,36,2,2,0.0,0.0,0.0,0.0,0.0,3.0,14,7,12
109253,15,2,1,0,8,3,0,1,1,1,2,22,2,2,0.0,0.0,0.0,0.0,0.0,2.0,22,5,8
83278,16,2,3,10,2,3,0,1,1,1,1,36,2,2,0.0,0.0,0.0,0.0,0.0,5.0,14,7,6
20407,15,2,3,17,18,3,0,1,1,1,2,18,2,2,0.0,0.0,0.0,0.0,0.0,2.0,13,7,2
27216,16,2,3,8,2,3,0,1,1,1,1,36,2,2,0.0,0.0,0.0,0.0,0.0,2.0,11,2,2
134939,16,2,3,10,3,3,0,1,0,1,2,19,2,4,2.0,0.0,0.0,0.0,2.0,1.0,14,5,9
149431,16,7,1,17,6,3,6,1,1,1,2,6,2,2,0.0,0.0,0.0,0.0,0.0,2.0,23,4,10
166739,4,2,1,2,15,3,0,1,0,1,2,36,1,2,0.0,0.0,0.0,0.0,0.0,1.0,3,7,11
173067,15,3,1,0,6,3,0,1,1,1,2,36,2,2,0.0,0.0,0.0,0.0,0.0,2.0,16,6,12
62223,15,2,3,0,2,3,0,1,0,1,2,18,2,4,1.0,0.0,0.0,0.0,1.0,1.0,7,2,5
31152,16,2,3,17,6,3,0,1,0,1,2,12,3,2,0.0,0.0,0.0,0.0,0.0,7.0,14,7,3
13382,9,2,1,2,8,3,0,1,0,1,2,3,1,2,0.0,0.0,0.0,0.0,0.0,1.0,5,1,1
164740,16,2,3,17,10,3,0,1,1,1,0,18,2,2,0.0,0.0,0.0,0.0,0.0,2.0,14,5,11
100519,15,2,1,8,15,3,5,5,0,1,2,36,2,3,1.0,0.0,0.0,1.0,0.0,1.0,21,1,7
179706,15,3,3,17,10,3,0,1,0,1,1,24,2,2,0.0,0.0,0.0,0.0,0.0,2.0,10,7,12
121497,4,2,1,7,6,3,0,5,0,1,2,22,5,2,0.0,0.0,0.0,0.0,0.0,1.0,1,7,9
64239,16,2,3,17,8,3,0,1,1,1,0,36,2,2,0.0,0.0,0.0,0.0,0.0,2.0,9,6,5
178613,16,2,1,7,8,3,0,1,1,1,2,17,2,2,0.0,0.0,0.0,0.0,0.0,1.0,3,1,12
84033,15,2,1,0,8,3,0,1,1,1,2,18,2,2,0.0,0.0,0.0,0.0,0.0,3.0,21,5,6
12199,16,2,3,17,6,3,0,1,1,1,2,13,2,2,0.0,0.0,0.0,0.0,0.0,2.0,16,3,1
145791,16,2,3,10,8,3,0,1,1,1,1,12,2,2,0.0,0.0,0.0,0.0,0.0,2.0,16,7,10
14975,16,2,3,10,6,3,0,1,1,1,2,36,2,2,0.0,0.0,0.0,0.0,0.0,2.0,16,3,1
160342,16,2,3,5,8,3,0,1,0,1,2,23,1,2,0.0,0.0,0.0,0.0,0.0,2.0,13,6,11
94012,4,2,4,17,8,3,0,1,1,1,0,36,2,2,0.0,0.0,0.0,0.0,0.0,2.0,22,5,7
63445,16,2,1,17,15,3,6,1,0,1,2,12,2,4,1.0,0.0,0.0,0.0,1.0,5.0,21,1,5
33071,16,2,0,17,6,3,0,1,0,1,2,36,2,4,1.0,0.0,0.0,0.0,1.0,1.0,6,4,3
86563,16,2,3,17,6,3,0,1,1,1,1,24,2,2,0.0,0.0,0.0,0.0,0.0,2.0,18,3,6
100098,15,2,1,15,6,3,0,5,1,1,2,36,2,2,0.0,0.0,0.0,0.0,0.0,2.0,2,2,7
111741,16,2,0,15,10,3,0,1,1,1,2,36,2,2,0.0,0.0,0.0,0.0,0.0,2.0,22,1,8
17850,16,6,3,9,2,3,4,5,0,1,2,9,2,3,1.0,0.0,0.0,1.0,0.0,1.0,14,4,2
135863,16,11,5,10,17,3,5,5,1,1,2,26,2,2,0.0,0.0,0.0,0.0,0.0,2.0,19,2,9
94194,15,2,3,0,16,3,0,1,0,1,2,5,3,2,0.0,0.0,0.0,0.0,0.0,2.0,13,2,7
56840,15,2,3,0,8,3,0,1,0,1,2,5,2,2,0.0,0.0,0.0,0.0,0.0,3.0,15,3,5
171297,4,2,0,17,8,3,0,1,0,1,2,36,2,3,3.0,0.0,0.0,3.0,0.0,0.0,20,6,11
176915,16,2,1,9,5,3,0,1,0,1,2,6,2,3,1.0,0.0,0.0,1.0,0.0,1.0,19,6,12
20657,16,2,3,17,8,3,0,1,1,1,2,19,2,2,0.0,0.0,0.0,0.0,0.0,2.0,13,4,2
105216,16,2,3,10,8,3,0,1,1,1,1,36,2,2,0.0,0.0,0.0,0.0,0.0,2.0,16,7,8
180673,16,6,3,0,6,3,6,1,0,1,2,12,3,3,3.0,0.0,0.0,3.0,0.0,0.0,9,1,12
45963,15,2,3,17,11,3,0,1,1,1,2,24,2,2,0.0,0.0,0.0,0.0,0.0,2.0,8,3,4
9857,16,3,3,10,8,3,0,1,1,1,0,36,2,2,0.0,0.0,0.0,0.0,0.0,2.0,17,5,1
20861,16,10,3,17,6,3,4,5,1,1,2,36,2,2,0.0,0.0,0.0,0.0,0.0,2.0,16,7,2
167420,16,2,3,15,2,3,0,1,1,1,2,23,2,2,0.0,0.0,0.0,0.0,0.0,2.0,12,2,11
118672,16,2,1,3,8,3,0,1,1,1,2,36,2,2,0.0,0.0,0.0,0.0,0.0,7.0,1,2,8
16314,16,2,3,17,2,3,0,1,1,1,2,22,2,2,0.0,0.0,0.0,0.0,0.0,2.0,8,6,2
181513,16,2,3,9,8,3,0,1,1,1,0,18,2,2,0.0,0.0,0.0,0.0,0.0,2.0,12,3,12
43357,16,2,3,10,6,3,0,5,1,1,2,36,2,2,0.0,0.0,0.0,0.0,0.0,2.0,9,6,4
170048,4,2,3,9,15,3,0,1,0,1,0,18,2,4,1.0,0.0,0.0,0.0,1.0,2.0,13,3,11
51016,16,7,3,15,8,3,6,1,0,1,2,36,2,2,0.0,0.0,0.0,0.0,0.0,2.0,15,4,4
48258,16,2,3,17,8,3,0,1,1,1,1,36,2,2,0.0,0.0,0.0,0.0,0.0,3.0,9,3,4
32796,16,2,3,15,8,3,0,1,1,1,2,36,2,2,0.0,0.0,0.0,0.0,0.0,2.0,19,6,3
151928,16,7,1,10,8,3,6,5,1,1,2,19,2,2,0.0,0.0,0.0,0.0,0.0,2.0,18,3,10
178960,16,2,1,10,2,3,0,1,1,1,2,19,2,2,0.0,0.0,0.0,0.0,0.0,4.0,21,4,12
139935,16,2,1,17,8,3,0,5,0,1,2,36,2,3,1.0,0.0,0.0,1.0,0.0,2.0,20,5,10
110057,16,2,3,17,6,3,0,5,0,1,2,24,3,2,0.0,0.0,0.0,0.0,0.0,2.0,17,4,8
108368,16,2,3,17,3,3,0,1,1,0,1,12,2,2,0.0,0.0,0.0,0.0,0.0,3.0,18,6,8
170246,4,2,3,17,8,3,6,1,1,1,2,36,2,2,0.0,0.0,0.0,0.0,0.0,5.0,8,3,11
58168,15,2,3,17,8,3,5,5,1,1,1,24,2,2,0.0,0.0,0.0,0.0,0.0,2.0,13,4,5
100605,16,2,3,15,8,3,0,1,1,1,2,22,2,2,0.0,0.0,0.0,0.0,0.0,2.0,12,2,7
150320,16,7,1,17,8,3,6,1,1,1,2,18,2,2,0.0,0.0,0.0,0.0,0.0,2.0,21,6,10
37465,16,2,3,15,10,3,0,1,1,1,2,36,2,2,0.0,0.0,0.0,0.0,0.0,2.0,16,2,3
78310,16,2,3,10,2,3,0,1,0,1,1,19,2,2,0.0,0.0,0.0,0.0,0.0,2.0,16,5,6
114876,16,2,4,10,2,3,0,1,0,1,2,19,2,3,1.0,0.0,0.0,1.0,0.0,1.0,18,7,8
159795,16,2,3,10,8,3,0,1,1,1,2,19,2,2,0.0,0.0,0.0,0.0,0.0,2.0,13,5,11
177874,4,2,2,10,6,3,0,1,1,1,1,36,2,2,0.0,0.0,0.0,0.0,0.0,2.0,5,4,12
38970,16,2,3,17,17,3,0,1,1,1,2,36,2,2,0.0,0.0,0.0,0.0,0.0,2.0,11,7,3
152300,15,2,0,0,8,3,0,1,0,1,2,26,2,4,2.0,0.0,0.0,0.0,2.0,2.0,18,6,10
126350,16,2,4,17,6,3,0,1,0,1,2,36,2,2,0.0,0.0,0.0,0.0,0.0,2.0,22,7,9
150617,4,2,1,17,8,3,5,1,1,1,2,36,2,2,0.0,0.0,0.0,0.0,0.0,2.0,19,6,10
73224,16,2,3,0,8,3,0,1,1,1,2,3,2,2,0.0,0.0,0.0,0.0,0.0,2.0,15,7,6
39648,4,7,3,2,8,3,6,5,0,1,2,36,1,2,0.0,0.0,0.0,0.0,0.0,1.0,9,7,3
87456,8,2,1,17,15,3,0,1,0,1,2,18,2,2,0.0,0.0,0.0,0.0,0.0,4.0,2,3,6