crash_date,               traffic_control_device,weather_condition,lighting_condition,first_crash_type,trafficway_type,alignment,roadway_surface_cond,road_defect,crash_type,intersection_related_i,damage,prim_contributory_cause,num_units,most_severe_injury,injuries_total,injuries_fatal,injuries_incapacitating,injuries_non_incapacitating,injuries_reported_not_evident,injuries_no_indication,crash_hour,crash_day_of_week,crash_month
96973,15,2,3,0,6,3,0,1,0,1,2,5,2,2,0.0,0.0,0.0,0.0,0.0,3.0,14,3,7
71633,16,2,3,15,8,3,0,1,1,1,2,18,2,2,0.0,0.0,0.0,0.0,0.0,2.0,18,4,5
158409,16,3,3,17,2,3,5,5,1,1,2,24,2,2,0.0,0.0,0.0,0.0,0.0,2.0,14,7,11
25063,17,2,4,17,8,3,5,5,1,1,2,36,2,2,0.0,0.0,0.0,0.0,0.0,2.0,15,3,2
127009,10,2,1,9,8,3,0,1,0,1,0,17,2,3,1.0,0.0,0.0,1.0,0.0,1.0,9,2,9
117916,15,2,3,0,2,3,6,1,0,1,2,36,2,2,0.0,0.0,0.0,0.0,0.0,2.0,17,5,8
181945,15,7,3,15,11,3,6,1,1,1,1,36,2,2,0.0,0.0,0.0,0.0,0.0,2.0,9,2,12
113300,4,2,3,10,2,3,0,1,1,1,2,18,2,2,0.0,0.0,0.0,0.0,0.0,2.0,17,4,8
142331,16,2,3,17,2,3,0,1,1,1,1,23,2,2,0.0,0.0,0.0,0.0,0.0,2.0,7,3,10
44058,16,2,3,7,6,3,0,1,1,1,1,26,2,2,0.0,0.0,0.0,0.0,0.0,1.0,7,5,4
111912,16,7,3,17,8,3,6,1,0,1,2,19,2,4,1.0,0.0,0.0,0.0,1.0,2.0,12,5,8
115701,15,2,3,14,8,3,0,1,1,1,0,22,2,2,0.0,0.0,0.0,0.0,0.0,4.0,8,5,8
33492,17,2,3,15,8,3,0,1,0,1,2,15,4,3,1.0,0.0,0.0,1.0,0.0,3.0,11,3,3
148878,4,7,3,7,2,3,6,1,0,1,1,18,2,2,0.0,0.0,0.0,0.0,0.0,1.0,12,3,10
131901,4,2,3,8,10,3,5,5,0,0,0,26,2,1,1.0,0.0,1.0,0.0,0.0,1.0,7,5,9
138103,15,2,3,0,6,3,0,1,1,1,2,5,2,2,0.0,0.0,0.0,0.0,0.0,4.0,17,3,10
78532,15,2,3,10,8,3,0,1,1,0,2,19,2,2,0.0,0.0,0.0,0.0,0.0,2.0,17,2,6
160911,16,10,3,10,13,4,4,1,0,0,2,39,2,2,0.0,0.0,0.0,0.0,0.0,2.0,10,6,11
104242,16,2,1,17,11,3,0,1,0,0,2,36,2,3,1.0,0.0,0.0,1.0,0.0,1.0,2,1,8
76310,16,2,1,0,2,3,5,5,1,1,2,18,3,2,0.0,0.0,0.0,0.0,0.0,3.0,21,4,6
29924,16,2,3,10,2,3,0,1,1,1,2,36,2,2,0.0,0.0,0.0,0.0,0.0,3.0,12,6,3
70876,16,2,4,10,6,3,5,5,0,1,2,26,2,2,0.0,0.0,0.0,0.0,0.0,2.0,20,7,5
122836,16,2,3,17,2,4,6,1,0,1,2,18,2,2,0.0,0.0,0.0,0.0,0.0,3.0,17,4,9
39004,16,7,1,0,8,3,6,1,0,1,2,18,2,4,2.0,0.0,0.0,0.0,2.0,2.0,19,1,3
174551,16,2,1,0,6,3,0,1,0,1,1,6,2,4,3.0,0.0,0.0,0.0,3.0,1.0,18,7,12
46095,16,7,1,10,2,3,6,1,0,1,2,36,2,2,0.0,0.0,0.0,0.0,0.0,2.0,2,7,4
65601,16,2,3,10,10,3,0,1,0,1,1,8,2,3,1.0,0.0,0.0,1.0,0.0,3.0,16,7,5
187529,16,2,3,10,3,3,5,1,1,1,1,19,2,2,0.0,0.0,0.0,0.0,0.0,2.0,12,3,12
1524,17,11,0,0,8,3,5,5,1,1,2,36,2,2,0.0,0.0,0.0,0.0,0.0,2.0,19,5,1
57354,16,2,3,17,6,3,0,1,1,1,2,17,2,2,0.0,0.0,0.0,0.0,0.0,2.0,17,4,5
54064,15,2,3,0,11,3,0,1,1,1,2,18,2,2,0.0,0.0,0.0,0.0,0.0,2.0,8,6,4
16462,4,10,3,17,3,3,4,1,0,1,2,19,2,2,0.0,0.0,0.0,0.0,0.0,2.0,10,1,2
23705,16,2,3,10,8,3,2,0,0,1,2,19,2,2,0.0,0.0,0.0,0.0,0.0,2.0,8,4,2
150557,16,2,3,10,6,3,5,5,1,0,2,19,2,2,0.0,0.0,0.0,0.0,0.0,3.0,8,4,10
26090,16,2,3,17,6,3,0,1,1,1,1,6,2,2,0.0,0.0,0.0,0.0,0.0,3.0,10,6,2
60003,16,2,3,9,2,3,0,1,0,1,0,18,2,4,1.0,0.0,0.0,0.0,1.0,1.0,12,4,5
152973,16,2,3,9,8,3,6,1,0,1,2,18,2,4,1.0,0.0,0.0,0.0,1.0,1.0,8,1,10
109367,15,2,3,17,8,3,0,1,1,1,1,24,2,2,0.0,0.0,0.0,0.0,0.0,2.0,11,7,8
1772,4,2,3,15,8,3,0,1,1,0,2,23,2,2,0.0,0.0,0.0,0.0,0.0,2.0,11,3,1
145546,15,2,3,10,17,3,0,1,1,1,2,19,2,2,0.0,0.0,0.0,0.0,0.0,2.0,15,6,10
139882,16,2,3,15,2,3,0,1,1,1,2,23,2,2,0.0,0.0,0.0,0.0,0.0,6.0,7,4,10
21812,16,2,2,10,8,3,0,1,0,1,2,19,2,4,1.0,0.0,0.0,0.0,1.0,2.0,19,7,2
82427,15,11,5,0,8,3,5,5,1,1,1,36,2,2,0.0,0.0,0.0,0.0,0.0,3.0,4,2,6
155019,16,2,1,17,2,4,0,1,1,1,2,24,2,2,0.0,0.0,0.0,0.0,0.0,2.0,18,4,10
85660,15,2,3,17,8,3,0,5,1,1,2,36,2,2,0.0,0.0,0.0,0.0,0.0,2.0,9,2,6
91908,16,2,3,15,2,3,0,5,1,1,0,22,2,2,0.0,0.0,0.0,0.0,0.0,2.0,14,7,7
70554,17,2,3,10,11,3,5,5,1,1,1,19,2,2,0.0,0.0,0.0,0.0,0.0,2.0,12,2,5
67647,4,2,3,10,8,3,0,1,1,1,2,19,2,2,0.0,0.0,0.0,0.0,0.0,2.0,11,4,5
116824,16,2,3,10,8,3,0,1,1,1,1,36,2,2,0.0,0.0,0.0,0.0,0.0,2.0,15,1,8
66645,15,2,3,0,6,3,0,1,1,1,2,6,2,2,0.0,0.0,0.0,0.0,0.0,2.0,14,4,5
72661,16,2,1,0,6,3,0,1,0,1,2,6,2,3,3.0,0.0,0.0,3.0,0.0,0.0,23,5,6
48812,16,5,3,10,6,3,6,1,0,1,1,19,2,4,2.0,0.0,0.0,0.0,2.0,1.0,16,6,4
174788,15,7,3,0,6,3,6,1,0,1,2,18,2,2,0.0,0.0,0.0,0.0,0.0,2.0,7,3,12
63861,16,2,3,0,6,3,0,1,1,1,2,6,2,2,0.0,0.0,0.0,0.0,0.0,2.0,7,1,5
158617,16,2,3,17,10,3,0,1,1,1,2,24,2,2,0.0,0.0,0.0,0.0,0.0,2.0,11,6,11
138981,17,2,5,17,8,3,5,5,1,1,2,22,2,2,0.0,0.0,0.0,0.0,0.0,3.0,21,5,10
64776,16,2,3,17,2,3,0,1,1,1,2,24,2,2,0.0,0.0,0.0,0.0,0.0,2.0,15,2,5
178311,16,2,4,17,8,3,0,1,0,1,2,36,2,2,0.0,0.0,0.0,0.0,0.0,3.0,16,3,12
178508,16,2,1,0,8,3,0,1,0,1,2,17,2,3,1.0,0.0,0.0,1.0,0.0,1.0,22,5,12
126789,4,2,0,0,10,3,0,1,1,1,2,36,2,2,0.0,0.0,0.0,0.0,0.0,2.0,22,5,9
122214,16,2,3,17,2,3,0,1,1,1,2,6,2,2,0.0,0.0,0.0,0.0,0.0,2.0,14,1,9
75957,16,2,3,17,8,3,0,1,0,1,2,24,2,2,0.0,0.0,0.0,0.0,0.0,2.0,13,7,6
108542,16,2,3,10,10,3,0,1,0,1,2,19,2,3,1.0,0.0,0.0,1.0,0.0,2.0,15,3,8
157660,16,2,3,8,3,3,0,1,0,1,2,6,2,4,1.0,0.0,0.0,0.0,1.0,1.0,13,4,11
22298,16,2,3,9,6,3,6,1,0,1,2,36,2,3,1.0,0.0,0.0,1.0,0.0,1.0,12,1,2
3192,4,2,3,17,2,3,5,5,1,1,2,36,2,2,0.0,0.0,0.0,0.0,0.0,2.0,13,6,1
175724,16,2,4,10,19,3,0,1,0,1,2,36,2,2,0.0,0.0,0.0,0.0,0.0,2.0,15,3,12
54448,16,2,3,0,8,3,0,1,1,1,2,6,2,2,0.0,0.0,0.0,0.0,0.0,2.0,13,7,4
1548,15,2,3,0,8,3,0,1,0,1,2,36,2,2,0.0,0.0,0.0,0.0,0.0,2.0,11,5,1
11739,16,10,3,10,6,3,4,1,1,1,2,18,2,2,0.0,0.0,0.0,0.0,0.0,2.0,6,2,1
72991,15,2,3,7,8,3,0,1,0,1,2,12,5,2,0.0,0.0,0.0,0.0,0.0,1.0,10,2,6
75241,4,2,3,15,10,3,0,1,1,1,2,18,2,2,0.0,0.0,0.0,0.0,0.0,2.0,15,2,6
97849,16,2,3,17,2,4,0,1,1,1,1,12,2,2,0.0,0.0,0.0,0.0,0.0,3.0,14,2,7
3143,15,2,3,0,8,3,0,1,0,1,0,5,2,2,0.0,0.0,0.0,0.0,0.0,2.0,15,5,1
40559,18,2,3,15,6,3,0,1,1,0,0,23,2,2,0.0,0.0,0.0,0.0,0.0,2.0,8,4,3
24051,15,7,3,0,2,3,6,1,0,1,2,39,2,4,1.0,0.0,0.0,0.0,1.0,3.0,8,3,2
151848,16,2,1,10,6,3,0,1,0,1,2,19,2,4,1.0,0.0,0.0,0.0,1.0,1.0,19,2,10
89321,16,2,1,15,2,3,0,1,1,1,2,18,2,2,0.0,0.0,0.0,0.0,0.0,2.0,20,4,7
68208,15,2,3,0,8,3,0,1,0,1,2,28,2,3,5.0,0.0,0.0,5.0,0.0,2.0,18,6,5
35071,16,10,3,10,2,3,4,1,1,1,1,17,2,2,0.0,0.0,0.0,0.0,0.0,2.0,14,2,3
79499,16,7,3,17,8,3,6,5,1,1,2,18,2,2,0.0,0.0,0.0,0.0,0.0,5.0,19,7,6
80539,16,2,3,10,11,3,0,1,0,1,2,17,2,2,0.0,0.0,0.0,0.0,0.0,2.0,5,2,6
180179,4,2,1,3,8,2,0,1,0,1,2,18,2,4,1.0,0.0,0.0,0.0,1.0,3.0,19,6,12
78567,16,2,3,9,6,3,0,1,0,1,2,28,2,4,1.0,0.0,0.0,0.0,1.0,3.0,11,2,6
101353,16,2,3,17,11,3,0,1,1,0,2,24,2,2,0.0,0.0,0.0,0.0,0.0,2.0,20,6,7
13274,16,10,3,17,3,3,6,1,0,1,2,3,2,2,0.0,0.0,0.0,0.0,0.0,2.0,11,6,1
28505,16,11,1,10,15,3,0,5,1,1,2,36,2,2,0.0,0.0,0.0,0.0,0.0,3.0,18,2,3
38314,16,7,3,10,8,3,6,1,0,0,2,12,2,2,0.0,0.0,0.0,0.0,0.0,4.0,15,4,3
158868,16,2,4,0,1,3,0,1,1,1,2,18,2,2,0.0,0.0,0.0,0.0,0.0,2.0,17,6,11
108799,16,2,3,17,2,3,0,1,1,0,1,22,2,2,0.0,0.0,0.0,0.0,0.0,2.0,16,6,8
16231,16,2,3,17,6,3,6,1,1,1,1,24,2,2,0.0,0.0,0.0,0.0,0.0,4.0,14,5,2
188416,16,2,3,17,5,3,6,1,0,1,2,23,2,2,0.0,0.0,0.0,0.0,0.0,2.0,10,6,12
46158,16,2,1,10,6,5,0,1,0,1,2,17,3,2,0.0,0.0,0.0,0.0,0.0,4.0,2,1,4
75064,16,2,1,0,10,3,0,1,0,1,2,13,2,2,0.0,0.0,0.0,0.0,0.0,2.0,20,5,6
69218,16,2,1,10,8,2,0,1,1,1,1,36,2,2,0.0,0.0,0.0,0.0,0.0,2.0,1,1,5
146234,15,7,3,0,6,3,6,1,0,1,2,36,2,4,1.0,0.0,0.0,0.0,1.0,2.0,13,3,10
104384,16,2,3,17,5,3,0,1,0,1,2,18,3,4,1.0,0.0,0.0,0.0,1.0,3.0,13,3,8
110309,15,2,3,0,10,3,0,1,0,1,2,36,2,2,0.0,0.0,0.0,0.0,0.0,2.0,14,2,8
90345,16,2,3,8,6,3,5,5,0,1,2,35,2,3,1.0,0.0,0.0,1.0,0.0,1.0,7,6,7
83376,16,2,3,0,2,3,0,1,1,1,1,18,3,2,0.0,0.0,0.0,0.0,0.0,3.0,11,2,6
56479,15,2,3,0,8,3,0,1,1,1,2,18,2,2,0.0,0.0,0.0,0.0,0.0,2.0,12,4,5
50047,4,2,3,17,6,3,0,1,1,1,1,36,2,2,0.0,0.0,0.0,0.0,0.0,3.0,10,7,4
78594,16,7,3,17,8,3,6,5,1,1,2,24,2,2,0.0,0.0,0.0,0.0,0.0,2.0,14,3,6
184702,16,2,1,10,3,3,6,1,1,0,1,8,2,2,0.0,0.0,0.0,0.0,0.0,2.0,19,4,12
117335,4,3,3,10,8,3,6,1,0,0,2,19,2,3,1.0,0.0,0.0,1.0,0.0,1.0,14,2,8
121671,6,3,4,8,8,3,0,1,1,1,0,18,2,2,0.0,0.0,0.0,0.0,0.0,2.0,17,1,9
62942,4,2,3,17,8,3,0,5,1,1,2,36,2,2,0.0,0.0,0.0,0.0,0.0,2.0,7,7,5
157563,16,7,1,10,3,3,6,1,1,1,0,19,2,2,0.0,0.0,0.0,0.0,0.0,2.0,21,1,11
22577,15,2,3,0,2,3,0,1,1,1,2,18,2,2,0.0,0.0,0.0,0.0,0.0,2.0,10,6,2
173410,4,2,3,0,10,3,0,1,0,1,1,18,2,1,1.0,0.0,1.0,0.0,0.0,1.0,8,3,12
12006,16,10,3,0,8,3,4,1,1,1,2,18,2,2,0.0,0.0,0.0,0.0,0.0,2.0,14,6,1
132115,15,2,3,17,6,3,0,1,0,1,2,18,2,3,1.0,0.0,0.0,1.0,0.0,1.0,17,2,9
172356,4,7,2,10,8,3,6,1,0,1,1,24,2,3,1.0,0.0,0.0,1.0,0.0,2.0,5,1,12
5344,16,2,3,10,2,3,0,1,1,1,1,19,2,2,0.0,0.0,0.0,0.0,0.0,2.0,8,5,1
33956,15,2,3,17,8,3,0,1,0,1,2,18,2,4,1.0,0.0,0.0,0.0,1.0,1.0,18,4,3
85240,4,2,3,17,8,3,0,1,1,1,1,36,2,2,0.0,0.0,0.0,0.0,0.0,2.0,15,3,6
163259,16,7,1,3,6,3,6,1,0,1,2,37,2,3,1.0,0.0,0.0,1.0,0.0,1.0,19,7,11
49478,15,2,3,0,8,3,0,1,0,1,2,18,2,2,0.0,0.0,0.0,0.0,0.0,2.0,8,3,4
117863,16,2,1,17,6,3,0,1,0,1,2,18,2,2,0.0,0.0,0.0,0.0,0.0,2.0,4,3,8
177549,16,2,3,0,8,3,0,1,1,1,2,18,2,2,0.0,0.0,0.0,0.0,0.0,4.0,11,7,12
132716,15,2,3,0,8,3,0,1,0,1,2,36,2,2,0.0,0.0,0.0,0.0,0.0,3.0,10,3,9
34899,16,2,1,17,8,3,0,5,1,1,1,36,3,2,0.0,0.0,0.0,0.0,0.0,3.0,20,5,3
142324,16,2,1,17,8,3,0,1,0,1,2,36,3,2,0.0,0.0,0.0,0.0,0.0,3.0,18,3,10
143515,16,2,3,9,8,3,0,1,0,1,0,36,2,3,1.0,0.0,0.0,1.0,0.0,1.0,10,5,10
153174,15,2,3,9,10,3,0,1,0,1,2,8,2,3,1.0,0.0,0.0,1.0,0.0,3.0,7,5,10
141908,4,2,3,0,6,3,0,1,0,1,2,5,4,1,3.0,0.0,1.0,1.0,1.0,4.0,13,6,10
132061,15,7,1,0,8,3,6,1,1,1,2,18,2,2,0.0,0.0,0.0,0.0,0.0,2.0,21,7,9
88371,16,2,3,17,8,3,0,1,0,1,2,18,2,3,2.0,0.0,0.0,1.0,1.0,1.0,12,2,7
41713,15,2,3,0,6,3,5,5,1,1,0,36,2,2,0.0,0.0,0.0,0.0,0.0,2.0,18,5,3
34832,4,2,3,17,10,3,0,5,1,1,0,23,2,2,0.0,0.0,0.0,0.0,0.0,2.0,7,4,3
170653,16,2,3,10,8,3,0,1,1,1,1,19,2,2,0.0,0.0,0.0,0.0,0.0,3.0,14,3,11
26058,15,2,3,0,15,3,0,1,0,1,1,18,2,2,0.0,0.0,0.0,0.0,0.0,2.0,6,6,2
68555,16,2,3,10,8,3,0,5,0,1,0,36,2,4,2.0,0.0,0.0,0.0,2.0,1.0,13,7,5
126280,16,2,3,15,10,3,0,1,1,1,1,23,2,2,0.0,0.0,0.0,0.0,0.0,2.0,9,6,9
104646,16,2,3,10,8,3,0,1,1,1,1,19,2,2,0.0,0.0,0.0,0.0,0.0,2.0,11,5,8
169911,16,2,1,17,8,3,0,1,1,1,1,36,2,2,0.0,0.0,0.0,0.0,0.0,2.0,20,6,11
110967,15,2,3,0,2,3,0,1,0,1,2,18,2,3,1.0,0.0,0.0,1.0,0.0,2.0,8,3,8
57537,16,2,1,10,8,2,0,1,1,0,0,8,2,2,0.0,0.0,0.0,0.0,0.0,3.0,7,6,5
34866,16,2,3,10,2,3,0,5,1,1,1,19,2,2,0.0,0.0,0.0,0.0,0.0,2.0,15,5,3
15799,16,2,3,15,8,3,0,1,1,1,2,24,2,2,0.0,0.0,0.0,0.0,0.0,2.0,9,3,2
53412,16,2,3,15,6,3,0,1,1,1,2,26,2,2,0.0,0.0,0.0,0.0,0.0,3.0,8,5,4
146895,15,2,1,5,8,3,0,3,1,1,0,26,1,2,0.0,0.0,0.0,0.0,0.0,1.0,22,7,10
93919,15,2,3,0,16,3,0,1,0,1,2,18,2,2,0.0,0.0,0.0,0.0,0.0,2.0,17,6,7
144318,4,2,3,17,8,3,0,1,1,1,2,18,2,2,0.0,0.0,0.0,0.0,0.0,2.0,15,3,10
145296,4,2,3,15,3,3,0,1,0,1,1,23,2,2,0.0,0.0,0.0,0.0,0.0,3.0,14,1,10
157387,16,2,1,10,8,3,0,1,1,1,2,18,2,2,0.0,0.0,0.0,0.0,0.0,2.0,17,4,11
24211,16,2,3,0,2,3,6,1,0,1,2,6,2,1,2.0,0.0,1.0,1.0,0.0,0.0,16,7,2
40702,4,2,3,10,10,3,0,1,1,0,2,18,2,2,0.0,0.0,0.0,0.0,0.0,2.0,8,5,3
72622,15,2,3,0,6,3,0,5,1,1,2,18,2,2,0.0,0.0,0.0,0.0,0.0,4.0,16,5,6
116046,16,2,3,2,6,3,0,1,0,1,2,36,1,2,0.0,0.0,0.0,0.0,0.0,2.0,10,4,8
49277,4,2,1,10,18,3,0,1,1,1,0,36,2,2,0.0,0.0,0.0,0.0,0.0,2.0,23,7,4
187621,16,10,1,2,11,3,6,1,0,1,2,36,1,3,1.0,0.0,0.0,1.0,0.0,0.0,4,7,12
169471,15,2,0,0,6,3,0,1,0,1,2,36,2,3,1.0,0.0,0.0,1.0,0.0,1.0,17,6,11
147665,16,2,3,15,8,3,0,1,1,1,2,36,2,2,0.0,0.0,0.0,0.0,0.0,2.0,12,6,10
30560,15,3,3,8,2,5,6,1,1,1,0,18,2,2,0.0,0.0,0.0,0.0,0.0,2.0,16,3,3
172786,16,2,1,17,8,3,0,1,1,0,2,24,2,2,0.0,0.0,0.0,0.0,0.0,2.0,19,7,12
111510,4,2,3,10,8,3,0,2,1,0,2,36,2,2,0.0,0.0,0.0,0.0,0.0,2.0,16,4,8
59814,15,2,3,0,6,3,0,1,1,1,1,5,2,2,0.0,0.0,0.0,0.0,0.0,2.0,16,1,5
45257,15,2,3,0,6,3,0,1,1,1,2,18,2,2,0.0,0.0,0.0,0.0,0.0,3.0,18,6,4
166587,16,2,0,0,8,3,0,1,0,1,2,6,2,3,2.0,0.0,0.0,2.0,0.0,1.0,21,3,11
72455,4,2,3,10,8,3,0,1,0,1,0,19,2,3,1.0,0.0,0.0,1.0,0.0,4.0,17,1,6
13533,15,2,1,2,15,3,4,1,1,1,2,28,1,2,0.0,0.0,0.0,0.0,0.0,1.0,5,5,1
145754,15,2,1,0,6,3,0,1,0,1,2,6,2,3,2.0,0.0,0.0,2.0,0.0,0.0,22,2,10
116037,15,2,1,0,6,3,0,1,1,1,1,36,2,2,0.0,0.0,0.0,0.0,0.0,2.0,20,4,8
145863,16,2,3,9,2,3,0,1,0,1,0,18,2,3,1.0,0.0,0.0,1.0,0.0,1.0,16,2,10
53316,16,3,3,10,2,3,0,1,0,1,1,36,3,4,1.0,0.0,0.0,0.0,1.0,3.0,17,3,4
66657,15,2,3,15,8,3,0,5,1,1,1,36,2,2,0.0,0.0,0.0,0.0,0.0,5.0,15,4,5
67019,15,2,3,0,8,3,0,1,1,1,1,5,2,2,0.0,0.0,0.0,0.0,0.0,3.0,6,4,5
109625,16,2,3,10,8,3,0,1,0,1,1,19,3,3,1.0,0.0,0.0,1.0,0.0,3.0,18,5,8
83168,16,2,1,15,10,3,0,1,1,1,2,22,2,2,0.0,0.0,0.0,0.0,0.0,2.0,20,5,6
96580,16,2,3,15,3,3,0,1,0,1,2,17,2,3,2.0,0.0,0.0,2.0,0.0,1.0,15,2,7
109718,16,2,3,10,6,3,0,1,0,1,2,36,2,4,2.0,0.0,0.0,0.0,2.0,2.0,11,6,8
98805,15,2,2,8,10,3,0,1,1,1,2,36,2,2,0.0,0.0,0.0,0.0,0.0,2.0,20,1,7
73648,16,2,3,17,2,3,0,1,1,1,2,24,2,2,0.0,0.0,0.0,0.0,0.0,2.0,11,6,6
76332,4,2,3,15,8,3,0,1,1,1,2,36,2,2,0.0,0.0,0.0,0.0,0.0,2.0,13,5,6
148094,4,7,3,0,8,3,6,1,1,1,1,12,2,2,0.0,0.0,0.0,0.0,0.0,2.0,14,6,10
47963,16,2,3,17,6,3,0,1,1,1,2,36,2,2,0.0,0.0,0.0,0.0,0.0,2.0,12,5,4
61033,4,2,3,0,8,3,0,1,0,1,0,3,2,4,1.0,0.0,0.0,0.0,1.0,1.0,12,6,5
63036,16,3,0,0,8,3,0,1,0,1,0,36,2,2,0.0,0.0,0.0,0.0,0.0,2.0,0,1,5
114315,15,2,3,0,6,3,0,1,1,1,2,7,2,2,0.0,0.0,0.0,0.0,0.0,2.0,17,6,8
176888,15,7,4,10,8,3,6,1,1,1,1,19,2,2,0.0,0.0,0.0,0.0,0.0,2.0,16,6,12
138459,15,2,1,3,2,3,5,5,0,1,2,18,2,3,1.0,0.0,0.0,1.0,0.0,1.0,2,7,10
107867,4,2,3,17,2,3,0,1,1,1,2,23,2,2,0.0,0.0,0.0,0.0,0.0,7.0,18,5,8
131680,16,2,3,17,6,3,0,1,0,1,2,36,2,3,1.0,0.0,0.0,1.0,0.0,1.0,15,4,9
186353,16,7,3,10,6,3,6,1,1,1,2,36,2,2,0.0,0.0,0.0,0.0,0.0,4.0,13,3,12
138684,16,2,2,17,10,3,0,1,1,1,2,24,2,2,0.0,0.0,0.0,0.0,0.0,2.0,6,4,10
174117,16,2,1,0,6,3,0,1,0,1,2,6,2,2,0.0,0.0,0.0,0.0,0.0,2.0,16,1,12
135421,17,2,3,17,8,3,0,1,1,1,0,36,2,2,0.0,0.0,0.0,0.0,0.0,2.0,15,5,9
127674,15,2,3,10,6,3,0,1,0,1,2,30,2,3,1.0,0.0,0.0,1.0,0.0,1.0,14,6,9
117261,4,2,3,7,10,3,0,1,0,1,2,11,4,4,2.0,0.0,0.0,0.0,2.0,6.0,11,7,8
82490,15,2,3,0,6,3,0,1,0,1,2,18,2,2,0.0,0.0,0.0,0.0,0.0,2.0,14,3,6
75778,16,2,3,10,3,3,0,1,1,1,1,19,2,2,0.0,0.0,0.0,0.0,0.0,4.0,17,3,6
68582,16,2,3,10,6,3,5,5,1,1,2,26,2,2,0.0,0.0,0.0,0.0,0.0,2.0,6,7,5
147704,16,7,3,10,2,3,6,5,1,1,2,19,2,2,0.0,0.0,0.0,0.0,0.0,4.0,11,1,10
13448,4,10,3,10,2,3,4,1,1,1,2,16,2,2,0.0,0.0,0.0,0.0,0.0,2.0,8,2,1
12013,16,10,3,17,8,3,4,1,0,1,2,12,2,4,1.0,0.0,0.0,0.0,1.0,1.0,16,6,1
146777,16,2,3,15,8,3,0,1,1,1,2,36,2,2,0.0,0.0,0.0,0.0,0.0,2.0,7,2,10
104639,16,2,0,17,8,3,0,1,1,1,2,22,2,2,0.0,0.0,0.0,0.0,0.0,3.0,22,5,8
5396,15,2,3,10,16,3,0,1,1,1,2,18,2,2,0.0,0.0,0.0,0.0,0.0,3.0,9,7,1
29144,15,2,3,0,8,3,5,5,1,1,1,39,2,2,0.0,0.0,0.0,0.0,0.0,2.0,7,5,3
56442,16,2,3,17,9,3,0,1,1,1,2,18,2,2,0.0,0.0,0.0,0.0,0.0,2.0,5,4,5
153320,16,2,1,10,2,3,0,1,1,1,2,36,2,2,0.0,0.0,0.0,0.0,0.0,3.0,18,1,10
156180,16,2,3,17,6,3,6,1,1,1,0,19,2,2,0.0,0.0,0.0,0.0,0.0,2.0,9,4,11
14303,16,6,3,9,2,3,1,5,0,1,0,18,2,1,1.0,0.0,1.0,0.0,0.0,1.0,10,4,1
126697,15,2,3,0,2,3,0,1,0,1,2,18,2,2,0.0,0.0,0.0,0.0,0.0,2.0,7,4,9
127727,16,2,3,10,8,3,0,1,1,1,2,19,2,2,0.0,0.0,0.0,0.0,0.0,2.0,9,6,9
115618,16,2,1,10,8,3,0,1,1,1,2,19,2,2,0.0,0.0,0.0,0.0,0.0,2.0,5,4,8
95619,16,2,3,2,2,3,0,1,1,1,2,24,1,2,0.0,0.0,0.0,0.0,0.0,1.0,11,2,7
105024,15,2,3,17,8,3,6,1,0,1,2,5,2,4,1.0,0.0,0.0,0.0,1.0,1.0,10,6,8
171385,16,2,2,0,8,3,0,1,1,1,2,36,2,2,0.0,0.0,0.0,0.0,0.0,2.0,18,2,11
134372,16,2,3,0,6,3,0,5,0,1,2,6,2,3,1.0,0.0,0.0,1.0,0.0,1.0,14,6,9
86335,15,2,3,10,10,3,0,1,1,1,1,19,2,2,0.0,0.0,0.0,0.0,0.0,5.0,12,5,6
67625,16,3,3,17,8,3,0,1,0,1,2,18,2,2,0.0,0.0,0.0,0.0,0.0,2.0,17,4,5
69392,16,7,3,10,2,3,6,5,1,1,2,19,2,2,0.0,0.0,0.0,0.0,0.0,2.0,15,5,5
166697,15,2,1,0,6,3,5,5,0,1,2,36,2,2,0.0,0.0,0.0,0.0,0.0,3.0,20,6,11
105001,16,2,3,17,6,3,0,1,1,1,2,22,2,2,0.0,0.0,0.0,0.0,0.0,2.0,17,6,8
116783,16,2,3,10,8,3,0,1,1,1,1,17,2,2,0.0,0.0,0.0,0.0,0.0,2.0,19,7,8
39797,17,2,3,15,8,3,5,5,1,1,2,36,2,2,0.0,0.0,0.0,0.0,0.0,2.0,7,2,3
188864,16,4,1,15,15,3,6,1,1,1,2,36,2,2,0.0,0.0,0.0,0.0,0.0,3.0,17,6,12
52854,16,2,3,0,8,3,0,1,0,1,2,17,2,3,1.0,0.0,0.0,1.0,0.0,1.0,15,2,4
69780,15,2,3,17,8,3,6,1,0,1,2,18,2,3,2.0,0.0,0.0,1.0,1.0,2.0,6,3,5
170453,16,2,4,9,8,3,0,1,0,0,0,36,2,3,1.0,0.0,0.0,1.0,0.0,1.0,16,1,11
37549,15,2,3,0,6,3,0,1,0,1,2,36,2,3,2.0,0.0,0.0,2.0,0.0,0.0,9,4,3
126025,4,2,0,9,2,3,0,1,0,1,0,18,2,3,1.0,0.0,0.0,1.0,0.0,1.0,3,1,9
74687,16,2,1,0,8,3,0,1,0,1,2,6,2,4,2.0,0.0,0.0,0.0,2.0,1.0,2,1,6
5469,17,7,3,15,8,3,6,2,0,0,2,18,2,1,1.0,0.0,1.0,0.0,0.0,8.0,9,5,1
115144,15,2,3,15,2,3,0,1,1,1,1,23,2,2,0.0,0.0,0.0,0.0,0.0,2.0,13,4,8