crash_date,               traffic_control_device,weather_condition,lighting_condition,first_crash_type,trafficway_type,alignment,roadway_surface_cond,road_defect,crash_type,intersection_related_i,damage,prim_contributory_cause,num_units,most_severe_injury,injuries_total,injuries_fatal,injuries_incapacitating,injuries_non_incapacitating,injuries_reported_not_evident,injuries_no_indication,crash_hour,crash_day_of_week,crash_month
78456,16,2,3,10,6,3,0,1,1,1,2,19,2,2,0.0,0.0,0.0,0.0,0.0,2.0,14,1,6
110216,15,2,1,17,15,3,0,1,0,1,2,23,3,3,1.0,0.0,0.0,1.0,0.0,2.0,22,6,8
41299,15,2,3,7,6,3,0,1,1,1,2,36,2,2,0.0,0.0,0.0,0.0,0.0,1.0,10,4,3
135271,16,2,3,5,8,3,0,1,1,1,1,18,2,2,0.0,0.0,0.0,0.0,0.0,2.0,16,5,9
100644,16,2,3,10,8,3,0,1,1,1,2,18,2,2,0.0,0.0,0.0,0.0,0.0,3.0,7,3,7
114218,15,2,3,14,6,3,0,5,1,1,2,36,2,2,0.0,0.0,0.0,0.0,0.0,2.0,13,5,8
183616,16,2,1,10,8,3,6,1,1,1,2,19,2,2,0.0,0.0,0.0,0.0,0.0,2.0,21,4,12
139643,16,2,3,17,8,3,5,5,1,1,2,24,2,2,0.0,0.0,0.0,0.0,0.0,2.0,12,2,10
45865,16,2,3,17,11,3,0,1,0,1,2,36,2,4,1.0,0.0,0.0,0.0,1.0,1.0,17,2,4
8930,15,2,1,10,15,3,6,1,1,1,2,36,2,2,0.0,0.0,0.0,0.0,0.0,2.0,17,3,1
12597,16,2,3,10,6,3,0,1,1,1,2,36,2,2,0.0,0.0,0.0,0.0,0.0,2.0,11,1,1
143745,16,2,3,10,2,3,0,1,1,1,1,19,3,2,0.0,0.0,0.0,0.0,0.0,5.0,11,2,10
11204,15,10,3,0,10,3,4,1,1,1,2,18,2,2,0.0,0.0,0.0,0.0,0.0,2.0,9,5,1
159854,16,2,3,17,8,3,0,1,1,1,2,36,2,2,0.0,0.0,0.0,0.0,0.0,2.0,13,6,11
55576,16,2,1,0,8,3,0,1,0,1,2,6,2,2,0.0,0.0,0.0,0.0,0.0,2.0,4,2,4
135170,16,2,3,17,6,3,0,1,1,1,2,18,2,2,0.0,0.0,0.0,0.0,0.0,2.0,8,2,9
65568,16,2,3,17,8,3,5,5,0,1,2,36,3,4,1.0,0.0,0.0,0.0,1.0,3.0,12,1,5
41278,16,2,3,8,6,3,0,1,0,1,1,38,2,3,1.0,0.0,0.0,1.0,0.0,1.0,18,4,3
14527,4,3,3,0,6,3,6,1,1,1,1,12,2,2,0.0,0.0,0.0,0.0,0.0,2.0,8,2,1
135426,4,2,3,10,2,3,0,1,1,1,2,19,2,2,0.0,0.0,0.0,0.0,0.0,2.0,16,5,9
18615,16,2,1,9,15,3,0,1,0,1,0,18,2,3,1.0,0.0,0.0,1.0,0.0,1.0,20,3,2
54212,16,2,3,10,8,3,0,1,1,1,1,19,2,2,0.0,0.0,0.0,0.0,0.0,2.0,9,2,4
7224,16,2,3,10,2,3,0,1,1,1,1,36,2,2,0.0,0.0,0.0,0.0,0.0,2.0,8,4,1
32286,16,2,1,15,6,3,0,1,0,1,2,17,2,3,1.0,0.0,0.0,1.0,0.0,1.0,1,5,3
23416,16,2,3,10,6,2,0,3,1,1,2,17,2,2,0.0,0.0,0.0,0.0,0.0,2.0,12,7,2
145251,15,7,3,0,3,3,6,1,0,1,2,39,2,2,0.0,0.0,0.0,0.0,0.0,3.0,8,7,10
59931,16,2,3,17,6,3,0,1,1,1,2,18,2,2,0.0,0.0,0.0,0.0,0.0,2.0,15,4,5
22155,16,2,3,17,2,3,0,1,1,1,2,21,2,2,0.0,0.0,0.0,0.0,0.0,2.0,7,6,2
89261,15,2,1,0,6,3,0,1,1,1,1,36,2,2,0.0,0.0,0.0,0.0,0.0,3.0,22,2,7
22179,15,2,1,0,8,3,0,1,0,1,2,5,2,2,0.0,0.0,0.0,0.0,0.0,2.0,23,6,2
187428,15,7,1,17,6,3,6,1,0,1,2,26,2,2,0.0,0.0,0.0,0.0,0.0,2.0,18,5,12
78358,16,3,3,0,10,3,6,1,1,1,2,6,2,2,0.0,0.0,0.0,0.0,0.0,2.0,10,5,6
122469,16,2,3,17,1,3,0,1,1,1,2,18,2,2,0.0,0.0,0.0,0.0,0.0,2.0,9,6,9
143017,16,2,0,17,19,3,0,1,1,1,2,24,2,2,0.0,0.0,0.0,0.0,0.0,3.0,2,7,10
80351,16,2,3,15,8,3,0,1,1,1,2,22,2,2,0.0,0.0,0.0,0.0,0.0,5.0,16,1,6
117937,15,2,5,9,18,4,0,5,0,1,0,36,2,3,1.0,0.0,0.0,1.0,0.0,1.0,20,5,8
85634,15,2,3,17,6,3,5,5,1,1,1,18,2,2,0.0,0.0,0.0,0.0,0.0,2.0,14,2,6
171422,16,2,3,10,6,3,0,1,0,1,2,19,2,4,3.0,0.0,0.0,0.0,3.0,1.0,16,3,11
157293,16,2,1,15,3,4,0,1,1,1,2,23,2,2,0.0,0.0,0.0,0.0,0.0,3.0,18,6,11
14796,15,2,1,0,6,3,6,1,1,1,2,36,2,2,0.0,0.0,0.0,0.0,0.0,2.0,18,6,1
150262,16,2,3,17,8,3,0,1,0,1,2,36,2,3,1.0,0.0,0.0,1.0,0.0,1.0,16,3,10
146255,16,7,3,10,8,3,6,1,1,1,2,19,2,2,0.0,0.0,0.0,0.0,0.0,2.0,15,3,10
121610,15,2,1,17,6,3,0,1,0,1,2,12,2,2,0.0,0.0,0.0,0.0,0.0,4.0,20,2,9
179318,4,2,1,15,8,3,0,1,1,1,2,26,2,2,0.0,0.0,0.0,0.0,0.0,2.0,17,4,12
14039,16,2,3,0,6,3,4,1,0,1,2,5,2,2,0.0,0.0,0.0,0.0,0.0,2.0,7,7,1
38222,17,2,1,9,8,3,0,5,0,1,0,18,2,3,2.0,0.0,0.0,2.0,0.0,0.0,4,2,3
22726,16,3,3,17,6,3,0,1,1,1,2,24,2,2,0.0,0.0,0.0,0.0,0.0,2.0,6,2,2
107774,15,2,3,0,8,3,0,1,1,1,2,36,3,2,0.0,0.0,0.0,0.0,0.0,3.0,14,4,8
170230,16,9,1,17,8,3,6,1,0,1,2,18,2,2,0.0,0.0,0.0,0.0,0.0,3.0,17,3,11
77567,16,2,3,17,6,3,0,1,1,1,1,22,2,2,0.0,0.0,0.0,0.0,0.0,2.0,6,3,6
141904,16,2,3,10,2,3,0,1,1,1,2,19,3,2,0.0,0.0,0.0,0.0,0.0,3.0,12,5,10
18282,15,2,3,10,8,3,6,1,0,1,2,17,3,4,1.0,0.0,0.0,0.0,1.0,2.0,11,4,2
57057,16,7,3,9,2,3,6,5,0,1,2,36,2,4,1.0,0.0,0.0,0.0,1.0,1.0,8,5,5
80876,16,2,3,17,6,3,0,1,1,1,2,22,2,2,0.0,0.0,0.0,0.0,0.0,2.0,16,2,6
42031,4,2,1,0,15,3,0,1,1,1,2,36,2,2,0.0,0.0,0.0,0.0,0.0,2.0,21,4,3
170662,4,2,1,17,8,3,0,1,1,1,2,24,2,2,0.0,0.0,0.0,0.0,0.0,2.0,16,3,11
13006,16,2,1,10,10,3,6,1,1,1,1,19,2,2,0.0,0.0,0.0,0.0,0.0,2.0,17,1,1
177793,15,2,1,10,8,3,0,1,0,1,2,23,3,1,2.0,0.0,1.0,0.0,1.0,3.0,17,3,12
94391,15,2,3,0,8,3,0,5,0,1,1,18,3,4,1.0,0.0,0.0,0.0,1.0,3.0,14,5,7
18485,16,2,1,13,11,3,0,1,1,1,2,36,2,2,0.0,0.0,0.0,0.0,0.0,2.0,20,7,2
162891,15,2,1,0,16,3,0,1,0,1,2,17,3,2,0.0,0.0,0.0,0.0,0.0,7.0,19,2,11
45218,16,7,1,9,6,3,6,5,0,1,0,38,2,4,1.0,0.0,0.0,0.0,1.0,1.0,21,5,4
163325,16,2,1,10,10,3,0,1,1,1,2,36,2,2,0.0,0.0,0.0,0.0,0.0,2.0,17,1,11
156811,16,2,3,17,6,3,0,5,0,1,2,36,5,3,2.0,0.0,0.0,2.0,0.0,4.0,11,5,11
64309,16,2,3,10,10,3,0,1,1,1,1,19,2,2,0.0,0.0,0.0,0.0,0.0,3.0,14,2,5
170347,4,2,3,7,10,3,0,1,0,1,2,36,2,2,0.0,0.0,0.0,0.0,0.0,3.0,13,6,11
51795,15,7,3,17,6,3,6,1,1,1,2,36,2,2,0.0,0.0,0.0,0.0,0.0,3.0,16,4,4
167777,15,2,3,7,10,3,0,1,0,1,2,30,3,3,1.0,0.0,0.0,1.0,0.0,1.0,7,6,11
55483,15,11,1,17,6,3,5,1,1,1,2,36,2,2,0.0,0.0,0.0,0.0,0.0,2.0,20,2,4
138163,16,2,1,14,8,3,0,1,1,1,1,21,2,2,0.0,0.0,0.0,0.0,0.0,3.0,1,1,10
76320,16,2,1,17,6,3,0,1,1,1,2,6,2,2,0.0,0.0,0.0,0.0,0.0,2.0,23,4,6
55629,4,2,3,0,0,3,0,1,1,1,1,36,2,2,0.0,0.0,0.0,0.0,0.0,2.0,12,2,4
85140,16,2,2,15,6,3,0,5,1,1,2,36,2,2,0.0,0.0,0.0,0.0,0.0,2.0,5,3,6
160888,16,10,3,10,8,3,4,1,1,1,0,17,2,2,0.0,0.0,0.0,0.0,0.0,2.0,8,6,11
92157,16,2,3,15,8,3,0,1,1,1,2,18,2,2,0.0,0.0,0.0,0.0,0.0,3.0,13,6,7
128634,15,7,3,0,6,3,0,1,0,1,2,5,2,3,1.0,0.0,0.0,1.0,0.0,3.0,17,4,9
36736,16,2,3,9,10,3,0,1,0,1,2,8,2,4,1.0,0.0,0.0,0.0,1.0,1.0,13,2,3
34711,16,2,1,10,6,3,0,5,0,1,2,37,2,3,1.0,0.0,0.0,1.0,0.0,1.0,0,3,3
136178,4,2,0,17,8,3,0,1,0,1,2,18,2,2,0.0,0.0,0.0,0.0,0.0,2.0,19,2,9
54333,15,2,3,0,10,3,0,1,0,1,2,5,2,3,1.0,0.0,0.0,1.0,0.0,1.0,15,4,4
123727,4,2,3,13,6,3,0,1,1,1,0,12,2,2,0.0,0.0,0.0,0.0,0.0,2.0,11,4,9
178141,4,2,3,17,8,3,0,1,0,0,2,18,2,3,3.0,0.0,0.0,3.0,0.0,2.0,15,2,12
51178,4,2,3,10,8,3,0,1,1,1,0,36,2,2,0.0,0.0,0.0,0.0,0.0,3.0,18,7,4
93115,16,2,1,8,8,3,0,1,0,1,0,6,2,4,1.0,0.0,0.0,0.0,1.0,1.0,21,5,7
124141,15,2,3,10,6,3,0,1,1,1,2,5,2,2,0.0,0.0,0.0,0.0,0.0,2.0,9,3,9
165232,16,2,1,15,6,3,0,1,1,1,2,24,2,2,0.0,0.0,0.0,0.0,0.0,2.0,22,6,11
140818,17,7,1,0,6,3,6,5,0,1,2,36,4,2,0.0,0.0,0.0,0.0,0.0,4.0,19,5,10
141790,16,2,3,15,3,3,0,1,1,1,1,23,2,2,0.0,0.0,0.0,0.0,0.0,2.0,14,3,10
158187,16,7,0,17,8,3,6,1,1,1,2,36,2,2,0.0,0.0,0.0,0.0,0.0,3.0,23,2,11
23031,15,3,3,0,8,3,0,1,1,1,2,18,2,2,0.0,0.0,0.0,0.0,0.0,4.0,8,5,2
126674,16,2,3,10,8,3,0,1,1,1,2,13,3,2,0.0,0.0,0.0,0.0,0.0,3.0,16,4,9
129472,16,2,3,17,2,3,0,5,0,1,2,26,2,3,2.0,0.0,0.0,1.0,1.0,0.0,12,2,9
156205,16,2,3,9,6,3,0,1,0,1,2,36,2,3,1.0,0.0,0.0,1.0,0.0,1.0,13,6,11
60032,15,2,3,17,8,3,0,1,1,1,0,36,2,2,0.0,0.0,0.0,0.0,0.0,2.0,16,3,5
121611,16,2,1,9,6,3,0,1,0,1,2,36,2,3,1.0,0.0,0.0,1.0,0.0,1.0,20,2,9
54570,16,2,3,10,8,3,0,1,1,1,1,18,2,2,0.0,0.0,0.0,0.0,0.0,4.0,8,6,4
6209,16,2,1,17,8,3,0,1,0,1,2,24,2,4,1.0,0.0,0.0,0.0,1.0,1.0,19,4,1
168874,16,7,1,17,11,3,6,5,0,0,2,6,2,2,0.0,0.0,0.0,0.0,0.0,2.0,22,3,11
139852,16,2,1,17,8,3,0,1,1,1,2,24,2,2,0.0,0.0,0.0,0.0,0.0,2.0,23,6,10
168876,16,7,3,10,8,3,6,1,0,1,2,19,2,1,1.0,0.0,1.0,0.0,0.0,1.0,11,3,11
15067,16,2,1,0,11,3,0,1,1,1,2,26,2,2,0.0,0.0,0.0,0.0,0.0,2.0,18,2,2
159748,15,2,1,0,2,3,0,1,0,1,2,18,2,3,1.0,0.0,0.0,1.0,0.0,2.0,17,4,11
25918,16,2,3,7,8,3,0,1,1,1,2,36,2,2,0.0,0.0,0.0,0.0,0.0,1.0,12,2,2
163514,16,7,3,2,2,3,6,1,0,1,2,36,1,4,1.0,0.0,0.0,0.0,1.0,0.0,5,5,11
143714,16,2,4,10,2,3,0,1,0,1,2,19,3,3,1.0,0.0,0.0,1.0,0.0,3.0,18,2,10
86701,16,7,3,17,2,3,6,1,0,1,0,39,2,4,1.0,0.0,0.0,0.0,1.0,3.0,10,6,6
27960,16,2,3,0,11,3,0,1,1,1,2,18,2,2,0.0,0.0,0.0,0.0,0.0,2.0,10,2,2
113313,16,2,3,17,2,3,0,1,0,1,2,18,2,2,0.0,0.0,0.0,0.0,0.0,3.0,8,4,8
14992,16,3,3,10,8,3,1,1,1,1,2,19,2,2,0.0,0.0,0.0,0.0,0.0,2.0,7,3,1
45791,16,2,1,15,6,3,0,5,1,1,2,36,2,2,0.0,0.0,0.0,0.0,0.0,8.0,21,2,4
137125,16,2,3,0,8,3,0,1,0,1,2,6,2,2,0.0,0.0,0.0,0.0,0.0,2.0,12,7,9
182627,16,2,3,17,2,3,0,1,0,1,1,24,2,3,3.0,0.0,0.0,3.0,0.0,5.0,12,4,12
112620,16,3,3,0,6,3,0,1,0,1,2,6,2,4,1.0,0.0,0.0,0.0,1.0,1.0,14,7,8
104938,16,11,5,10,1,3,5,5,1,1,2,36,2,2,0.0,0.0,0.0,0.0,0.0,2.0,19,4,8
187077,16,3,3,17,2,3,0,1,1,1,2,19,2,2,0.0,0.0,0.0,0.0,0.0,2.0,9,5,12
62287,4,2,3,14,8,3,0,1,1,0,0,26,2,2,0.0,0.0,0.0,0.0,0.0,2.0,10,4,5
18388,15,2,3,17,8,3,0,1,1,1,2,18,2,2,0.0,0.0,0.0,0.0,0.0,2.0,16,6,2
128989,16,2,1,10,8,3,0,1,1,1,2,19,3,2,0.0,0.0,0.0,0.0,0.0,3.0,22,7,9
131676,4,2,3,0,6,3,0,1,0,1,2,17,2,4,2.0,0.0,0.0,0.0,2.0,1.0,14,4,9
172764,16,2,1,10,8,3,0,1,0,1,1,36,2,3,1.0,0.0,0.0,1.0,0.0,1.0,3,7,12
23314,4,6,1,7,0,3,4,1,1,0,2,12,2,2,0.0,0.0,0.0,0.0,0.0,1.0,18,6,2
87068,16,11,1,17,6,3,5,5,1,1,1,24,2,2,0.0,0.0,0.0,0.0,0.0,2.0,20,4,6
154449,15,2,3,10,8,3,0,5,1,1,1,19,2,2,0.0,0.0,0.0,0.0,0.0,6.0,15,1,10
119353,16,2,3,0,8,3,0,1,0,1,2,6,2,4,1.0,0.0,0.0,0.0,1.0,1.0,17,5,8
109654,15,2,3,0,8,3,0,5,0,1,2,18,2,2,0.0,0.0,0.0,0.0,0.0,4.0,12,5,8
188825,16,2,3,0,2,3,0,1,1,1,2,6,2,2,0.0,0.0,0.0,0.0,0.0,4.0,10,5,12
170493,16,2,3,10,6,3,0,1,1,1,1,18,2,2,0.0,0.0,0.0,0.0,0.0,2.0,14,2,11
1082,16,2,1,0,3,3,0,1,0,1,2,6,2,2,0.0,0.0,0.0,0.0,0.0,2.0,0,4,1
54199,16,7,3,10,6,3,6,1,1,1,2,19,2,2,0.0,0.0,0.0,0.0,0.0,2.0,16,2,4
104909,16,2,1,2,14,3,0,1,0,1,2,9,1,2,0.0,0.0,0.0,0.0,0.0,1.0,23,3,8
169038,15,2,1,0,6,3,0,1,0,1,2,5,7,3,1.0,0.0,0.0,1.0,0.0,1.0,20,6,11
178908,16,10,4,9,3,3,6,5,0,1,0,18,2,4,1.0,0.0,0.0,0.0,1.0,1.0,14,4,12
152078,4,7,1,7,8,3,6,1,0,0,2,36,4,2,0.0,0.0,0.0,0.0,0.0,1.0,4,6,10
154271,16,2,3,17,8,4,0,1,1,1,0,21,2,2,0.0,0.0,0.0,0.0,0.0,3.0,17,7,10
178575,16,7,3,10,6,3,6,1,0,1,2,17,2,3,2.0,0.0,0.0,2.0,0.0,0.0,11,7,12
124140,15,2,3,17,8,3,0,1,0,1,2,18,2,2,0.0,0.0,0.0,0.0,0.0,2.0,9,3,9
28790,15,2,3,0,8,3,0,1,0,1,2,5,2,4,2.0,0.0,0.0,0.0,2.0,0.0,11,6,3
21831,16,2,1,17,8,3,0,1,1,1,0,18,2,2,0.0,0.0,0.0,0.0,0.0,2.0,23,7,2
132734,4,2,3,17,6,3,0,5,1,1,2,24,2,2,0.0,0.0,0.0,0.0,0.0,2.0,14,4,9
171180,16,2,3,15,10,3,0,1,1,1,1,23,2,2,0.0,0.0,0.0,0.0,0.0,2.0,8,4,11
143314,4,2,3,9,0,3,0,1,0,1,2,36,2,3,1.0,0.0,0.0,1.0,0.0,1.0,8,5,10
55862,16,7,3,0,6,3,6,1,0,1,2,6,2,3,4.0,0.0,0.0,1.0,3.0,1.0,10,7,4
19537,16,2,3,17,18,3,0,1,0,1,1,36,2,2,0.0,0.0,0.0,0.0,0.0,2.0,14,6,2
177075,16,7,3,10,6,3,6,1,1,1,2,36,2,2,0.0,0.0,0.0,0.0,0.0,3.0,7,2,12
166663,17,2,3,10,2,3,0,1,1,1,2,36,2,2,0.0,0.0,0.0,0.0,0.0,2.0,13,6,11
112304,17,2,3,14,15,3,5,2,1,0,1,5,2,2,0.0,0.0,0.0,0.0,0.0,2.0,9,3,8
68475,16,2,3,10,2,3,0,1,1,1,1,17,2,2,0.0,0.0,0.0,0.0,0.0,2.0,14,5,5
63724,4,2,3,0,6,3,0,1,0,1,2,36,2,2,0.0,0.0,0.0,0.0,0.0,2.0,16,5,5
49471,16,2,3,2,2,3,0,1,1,1,2,9,1,2,0.0,0.0,0.0,0.0,0.0,1.0,7,3,4
17428,15,2,3,17,8,3,6,1,0,1,2,36,2,2,0.0,0.0,0.0,0.0,0.0,2.0,16,4,2
180818,15,2,3,10,8,3,0,1,1,1,1,19,2,2,0.0,0.0,0.0,0.0,0.0,2.0,12,7,12
33666,16,2,3,10,8,3,0,1,1,1,2,17,2,2,0.0,0.0,0.0,0.0,0.0,2.0,9,7,3
113163,15,2,3,0,8,3,0,5,1,1,1,18,2,2,0.0,0.0,0.0,0.0,0.0,3.0,13,1,8
161829,16,11,4,15,10,3,5,5,1,0,2,26,2,2,0.0,0.0,0.0,0.0,0.0,2.0,19,5,11
15767,16,2,3,17,2,3,0,1,0,1,2,6,3,4,2.0,0.0,0.0,0.0,2.0,3.0,12,1,2
35755,17,2,3,0,8,3,0,5,1,1,2,36,2,2,0.0,0.0,0.0,0.0,0.0,4.0,15,7,3
88263,16,2,1,10,6,3,0,1,0,1,2,19,2,3,1.0,0.0,0.0,1.0,0.0,1.0,23,2,7
188047,16,10,3,10,3,3,4,1,1,1,2,39,2,2,0.0,0.0,0.0,0.0,0.0,2.0,8,4,12
22061,18,2,1,0,6,3,0,5,0,1,2,6,2,2,0.0,0.0,0.0,0.0,0.0,2.0,22,5,2
88461,16,2,3,15,10,3,0,5,0,1,2,22,3,4,1.0,0.0,0.0,0.0,1.0,4.0,15,5,7
55991,16,2,3,8,8,3,0,5,0,1,0,36,3,4,2.0,0.0,0.0,0.0,2.0,1.0,8,3,4
54724,15,2,3,10,6,3,0,5,1,1,0,17,2,2,0.0,0.0,0.0,0.0,0.0,2.0,15,3,4
86033,15,2,1,0,15,3,0,1,0,1,2,18,2,3,1.0,0.0,0.0,1.0,0.0,1.0,0,1,6
115853,16,2,1,2,6,3,0,1,0,1,2,8,1,3,1.0,0.0,0.0,1.0,0.0,1.0,0,1,8
64531,16,2,1,17,8,3,0,1,1,1,2,24,2,2,0.0,0.0,0.0,0.0,0.0,3.0,21,6,5
186399,16,2,1,0,15,3,0,5,0,1,2,6,2,2,0.0,0.0,0.0,0.0,0.0,2.0,23,3,12
69416,16,7,3,10,8,3,6,1,1,1,0,36,2,2,0.0,0.0,0.0,0.0,0.0,3.0,18,5,5
130879,15,2,3,17,8,3,0,1,1,1,0,36,2,2,0.0,0.0,0.0,0.0,0.0,3.0,15,7,9
3102,16,2,3,15,6,3,0,1,1,1,2,23,2,2,0.0,0.0,0.0,0.0,0.0,2.0,7,3,1
110064,16,2,3,17,8,3,0,1,0,1,2,6,2,3,1.0,0.0,0.0,1.0,0.0,1.0,19,4,8
61030,16,3,3,10,2,3,0,1,1,1,2,12,2,2,0.0,0.0,0.0,0.0,0.0,3.0,12,6,5
174707,16,2,1,14,2,3,0,1,0,1,2,24,2,2,0.0,0.0,0.0,0.0,0.0,2.0,17,2,12
31779,15,2,1,0,6,3,0,1,1,1,2,23,2,2,0.0,0.0,0.0,0.0,0.0,2.0,19,4,3
115570,16,2,3,17,10,3,0,1,1,1,2,36,2,2,0.0,0.0,0.0,0.0,0.0,8.0,10,5,8
90548,16,2,3,9,6,3,0,5,0,1,0,18,2,3,1.0,0.0,0.0,1.0,0.0,1.0,9,7,7
79115,15,2,3,17,8,3,0,5,1,0,2,24,2,2,0.0,0.0,0.0,0.0,0.0,3.0,18,3,6
186835,16,2,0,17,2,3,0,1,1,1,2,24,2,2,0.0,0.0,0.0,0.0,0.0,4.0,17,3,12
145932,16,7,3,15,8,3,6,1,1,1,1,18,2,2,0.0,0.0,0.0,0.0,0.0,4.0,16,3,10
53343,16,7,3,17,6,3,6,1,0,1,2,36,2,2,0.0,0.0,0.0,0.0,0.0,3.0,8,3,4
2031,15,2,3,17,2,3,0,6,0,1,2,18,2,2,0.0,0.0,0.0,0.0,0.0,2.0,9,6,1
152005,16,7,1,0,2,3,6,1,1,1,2,18,2,2,0.0,0.0,0.0,0.0,0.0,2.0,18,4,10
141079,16,7,4,10,8,3,6,1,0,1,2,19,2,4,1.0,0.0,0.0,0.0,1.0,5.0,17,7,10
6648,16,2,3,10,8,3,0,1,1,1,2,36,2,2,0.0,0.0,0.0,0.0,0.0,2.0,14,3,1
91332,15,2,1,0,6,3,0,1,1,1,1,37,2,2,0.0,0.0,0.0,0.0,0.0,3.0,23,6,7
45840,15,2,3,17,8,3,0,1,1,1,1,36,2,2,0.0,0.0,0.0,0.0,0.0,2.0,12,1,4
100115,16,2,2,0,6,3,0,1,0,1,2,6,3,2,0.0,0.0,0.0,0.0,0.0,3.0,5,2,7
114457,15,2,3,10,6,3,0,1,0,1,1,19,2,4,1.0,0.0,0.0,0.0,1.0,1.0,7,1,8
111609,16,2,1,15,8,3,0,1,1,1,1,23,2,2,0.0,0.0,0.0,0.0,0.0,2.0,23,5,8
122096,16,2,1,17,8,3,0,1,1,1,2,18,2,2,0.0,0.0,0.0,0.0,0.0,2.0,23,1,9
53478,4,2,3,17,8,3,0,1,1,1,2,36,2,2,0.0,0.0,0.0,0.0,0.0,2.0,17,4,4
125498,15,2,3,8,8,3,0,1,0,1,1,18,2,3,1.0,0.0,0.0,1.0,0.0,1.0,17,1,9
23129,15,2,3,17,11,3,4,1,0,1,2,18,2,2,0.0,0.0,0.0,0.0,0.0,4.0,12,1,2
31174,16,2,3,15,6,3,0,5,1,1,2,23,2,2,0.0,0.0,0.0,0.0,0.0,2.0,5,7,3
108110,16,2,3,7,3,5,0,5,1,1,2,24,2,2,0.0,0.0,0.0,0.0,0.0,2.0,7,3,8
154320,15,7,1,0,6,3,6,1,1,1,2,5,2,2,0.0,0.0,0.0,0.0,0.0,4.0,2,1,10
18051,16,2,3,17,6,4,6,1,1,1,1,18,2,2,0.0,0.0,0.0,0.0,0.0,3.0,12,6,2
140352,16,2,1,17,2,3,0,1,1,1,1,36,2,2,0.0,0.0,0.0,0.0,0.0,2.0,23,5,10
87971,16,2,3,17,15,3,0,1,1,1,2,23,2,2,0.0,0.0,0.0,0.0,0.0,4.0,11,2,7
15951,4,2,3,17,8,3,0,1,1,1,1,22,2,2,0.0,0.0,0.0,0.0,0.0,2.0,10,6,2
34016,15,2,3,0,6,3,0,5,0,1,2,18,2,4,1.0,0.0,0.0,0.0,1.0,1.0,17,6,3
34201,15,2,1,0,6,3,0,1,0,1,2,5,3,3,3.0,0.0,0.0,3.0,0.0,2.0,19,2,3
100700,16,2,3,15,6,3,0,5,1,1,2,36,2,2,0.0,0.0,0.0,0.0,0.0,2.0,7,5,7
133944,4,11,1,17,10,3,5,5,1,1,2,36,2,2,0.0,0.0,0.0,0.0,0.0,2.0,2,7,9
134314,16,2,3,17,6,3,0,1,0,1,2,18,2,2,0.0,0.0,0.0,0.0,0.0,3.0,16,4,9
48779,16,3,3,10,8,3,0,1,0,1,2,19,2,2,0.0,0.0,0.0,0.0,0.0,2.0,8,5,4
36799,15,2,3,0,11,3,0,1,1,1,2,36,2,2,0.0,0.0,0.0,0.0,0.0,2.0,15,3,3
112703,15,2,1,0,8,3,0,1,0,1,2,18,6,2,0.0,0.0,0.0,0.0,0.0,3.0,2,2,8
100702,16,2,3,10,6,3,0,1,1,1,2,19,2,2,0.0,0.0,0.0,0.0,0.0,2.0,8,5,7
141941,16,7,3,0,6,3,6,1,0,1,2,18,2,2,0.0,0.0,0.0,0.0,0.0,2.0,17,6,10
87814,16,2,3,0,8,3,0,1,0,1,0,6,2,3,1.0,0.0,0.0,1.0,0.0,2.0,8,7,7
138326,16,7,5,17,6,3,6,5,0,1,2,36,2,3,1.0,0.0,0.0,1.0,0.0,1.0,18,4,10
176425,4,2,3,0,10,3,0,1,0,1,2,36,2,2,0.0,0.0,0.0,0.0,0.0,2.0,14,1,12
122065,15,2,3,8,8,3,0,1,0,1,2,5,2,3,1.0,0.0,0.0,1.0,0.0,1.0,17,1,9
164808,3,2,3,7,8,3,0,1,1,1,0,22,3,2,0.0,0.0,0.0,0.0,0.0,3.0,7,6,11
83669,16,2,3,17,2,3,0,1,1,1,2,23,2,2,0.0,0.0,0.0,0.0,0.0,4.0,13,6,6
39950,16,2,3,0,6,3,6,1,0,1,2,6,4,2,0.0,0.0,0.0,0.0,0.0,3.0,7,6,3
177336,16,2,3,17,2,3,0,1,1,1,2,36,2,2,0.0,0.0,0.0,0.0,0.0,2.0,12,3,12
168622,16,2,1,10,8,3,0,1,1,1,1,12,2,2,0.0,0.0,0.0,0.0,0.0,2.0,18,3,11
30615,16,2,3,15,3,3,0,1,0,1,2,22,2,3,1.0,0.0,0.0,1.0,0.0,1.0,14,4,3
25677,4,10,0,15,8,3,4,1,1,0,0,36,2,2,0.0,0.0,0.0,0.0,0.0,2.0,20,6,2
69499,16,7,3,10,6,3,6,1,0,1,1,19,2,4,1.0,0.0,0.0,0.0,1.0,4.0,7,6,5
47356,16,2,3,17,6,3,0,1,1,1,2,35,2,2,0.0,0.0,0.0,0.0,0.0,3.0,10,2,4
186166,16,2,3,9,1,3,0,1,0,1,2,36,2,3,1.0,0.0,0.0,1.0,0.0,1.0,12,4,12
84912,16,2,3,15,8,3,0,1,1,1,1,23,2,2,0.0,0.0,0.0,0.0,0.0,2.0,10,5,6
171035,16,2,3,9,8,3,0,1,0,1,0,18,2,3,1.0,0.0,0.0,1.0,0.0,1.0,8,3,11
26166,16,2,3,15,8,3,0,1,1,1,2,17,2,2,0.0,0.0,0.0,0.0,0.0,4.0,11,7,2