crash_date,               traffic_control_device,weather_condition,lighting_condition,first_crash_type,trafficway_type,alignment,roadway_surface_cond,road_defect,crash_type,intersection_related_i,damage,prim_contributory_cause,num_units,most_severe_injury,injuries_total,injuries_fatal,injuries_incapacitating,injuries_non_incapacitating,injuries_reported_not_evident,injuries_no_indication,crash_hour,crash_day_of_week,crash_month
158975,16,2,3,17,5,3,0,1,0,1,2,24,2,3,1.0,0.0,0.0,1.0,0.0,1.0,12,7,11
124341,16,2,1,14,6,3,0,5,1,1,1,36,2,2,0.0,0.0,0.0,0.0,0.0,2.0,22,7,9
71408,16,2,3,17,8,3,0,1,1,1,1,36,2,2,0.0,0.0,0.0,0.0,0.0,4.0,13,1,5
119913,15,2,1,0,6,3,0,1,1,1,2,36,2,2,0.0,0.0,0.0,0.0,0.0,2.0,20,6,8
62763,16,2,1,17,5,3,0,1,0,1,1,36,2,2,0.0,0.0,0.0,0.0,0.0,2.0,22,3,5
72173,4,11,5,0,18,3,5,5,1,1,1,36,2,2,0.0,0.0,0.0,0.0,0.0,2.0,18,5,6
37187,4,2,3,17,8,3,0,1,1,1,1,18,2,2,0.0,0.0,0.0,0.0,0.0,3.0,14,3,3
142761,15,2,3,0,2,3,0,3,0,1,2,18,2,2,0.0,0.0,0.0,0.0,0.0,4.0,12,2,10
18668,16,2,3,10,2,3,0,1,1,1,2,26,2,2,0.0,0.0,0.0,0.0,0.0,2.0,9,4,2
81339,16,2,1,17,2,3,0,1,0,1,2,18,2,2,0.0,0.0,0.0,0.0,0.0,4.0,2,1,6
128858,17,11,5,17,8,3,5,5,1,1,0,36,2,2,0.0,0.0,0.0,0.0,0.0,2.0,17,1,9
90674,4,2,3,10,3,3,0,1,1,0,2,19,2,2,0.0,0.0,0.0,0.0,0.0,3.0,9,3,7
31445,16,2,3,15,2,3,0,1,1,1,2,23,2,2,0.0,0.0,0.0,0.0,0.0,2.0,11,4,3
107189,15,2,3,0,8,0,0,1,1,1,2,18,2,2,0.0,0.0,0.0,0.0,0.0,7.0,12,1,8
101953,15,2,3,7,8,3,0,1,1,1,2,24,2,2,0.0,0.0,0.0,0.0,0.0,1.0,16,1,7
162845,16,2,1,15,6,3,0,1,1,1,1,22,2,2,0.0,0.0,0.0,0.0,0.0,3.0,19,1,11
146956,16,2,3,0,2,3,0,1,1,1,2,36,2,2,0.0,0.0,0.0,0.0,0.0,2.0,7,3,10
157588,15,2,3,8,6,3,0,1,1,1,0,18,2,2,0.0,0.0,0.0,0.0,0.0,2.0,13,2,11
48605,16,7,3,10,2,3,6,1,0,1,2,39,2,2,0.0,0.0,0.0,0.0,0.0,2.0,14,1,4
139000,16,2,3,10,6,3,0,1,0,1,2,17,2,2,0.0,0.0,0.0,0.0,0.0,2.0,13,7,10
39322,16,7,1,17,2,3,6,1,0,1,2,15,2,1,1.0,0.0,1.0,0.0,0.0,1.0,3,7,3
165616,16,3,3,0,9,3,0,1,0,1,2,6,2,2,0.0,0.0,0.0,0.0,0.0,2.0,14,5,11
138157,17,11,5,10,2,3,5,5,1,1,1,19,2,2,0.0,0.0,0.0,0.0,0.0,4.0,20,6,10
78335,4,2,3,15,8,3,0,1,1,0,0,22,2,2,0.0,0.0,0.0,0.0,0.0,2.0,7,5,6
46931,16,2,1,17,2,3,0,1,0,1,2,24,2,3,1.0,0.0,0.0,1.0,0.0,2.0,1,2,4
42762,16,2,3,0,8,3,0,1,1,1,1,23,2,2,0.0,0.0,0.0,0.0,0.0,2.0,15,2,4
182631,15,2,1,2,15,3,0,1,0,0,2,36,1,2,0.0,0.0,0.0,0.0,0.0,1.0,1,5,12
18657,16,2,3,15,8,3,0,1,1,1,2,22,2,2,0.0,0.0,0.0,0.0,0.0,2.0,7,4,2
57485,16,11,5,15,8,3,5,5,1,1,2,23,2,2,0.0,0.0,0.0,0.0,0.0,3.0,19,5,5
849,4,2,3,4,6,3,0,1,1,0,2,36,1,2,0.0,0.0,0.0,0.0,0.0,1.0,14,2,1
86947,16,2,3,17,8,3,0,5,0,1,2,18,2,3,2.0,0.0,0.0,2.0,0.0,1.0,9,2,6
157980,6,7,2,7,10,3,6,5,0,0,2,28,3,2,0.0,0.0,0.0,0.0,0.0,3.0,20,2,11
36408,16,7,3,17,6,3,6,1,0,1,1,36,3,2,0.0,0.0,0.0,0.0,0.0,5.0,16,4,3
29553,16,2,1,10,2,3,0,1,1,1,2,19,2,2,0.0,0.0,0.0,0.0,0.0,5.0,18,1,3
147787,16,2,3,2,6,3,0,1,0,1,2,13,1,2,0.0,0.0,0.0,0.0,0.0,1.0,12,2,10
161641,16,7,3,10,6,3,6,1,0,1,2,19,2,2,0.0,0.0,0.0,0.0,0.0,4.0,9,5,11
99142,4,2,3,5,6,3,0,5,0,1,1,26,1,2,0.0,0.0,0.0,0.0,0.0,1.0,10,7,7
61329,16,2,3,17,2,3,0,1,1,1,2,17,2,2,0.0,0.0,0.0,0.0,0.0,3.0,11,3,5
42012,15,2,3,14,6,3,0,5,1,0,0,22,2,2,0.0,0.0,0.0,0.0,0.0,2.0,18,4,3
27769,16,2,1,17,2,3,0,1,0,1,2,18,2,2,0.0,0.0,0.0,0.0,0.0,2.0,20,5,2
104222,15,2,0,0,6,3,0,1,0,1,2,5,4,3,1.0,0.0,0.0,1.0,0.0,1.0,0,7,8
89722,15,2,1,3,8,3,0,1,0,1,2,36,2,3,1.0,0.0,0.0,1.0,0.0,2.0,0,2,7
149179,16,2,3,17,2,3,0,1,0,1,2,23,2,2,0.0,0.0,0.0,0.0,0.0,2.0,13,7,10
103629,15,2,3,10,12,3,0,1,1,1,1,21,2,2,0.0,0.0,0.0,0.0,0.0,5.0,6,6,7
162695,15,2,3,10,15,3,0,1,1,1,0,26,3,2,0.0,0.0,0.0,0.0,0.0,2.0,13,6,11
95400,16,2,3,17,6,3,6,5,0,1,2,36,2,1,3.0,0.0,1.0,1.0,1.0,0.0,16,7,7
83745,4,2,3,7,10,3,0,1,1,1,2,36,2,2,0.0,0.0,0.0,0.0,0.0,2.0,18,7,6
18869,16,10,3,0,8,3,2,1,0,1,2,30,2,2,0.0,0.0,0.0,0.0,0.0,2.0,8,7,2
177456,16,7,1,10,2,3,6,5,1,0,0,19,2,2,0.0,0.0,0.0,0.0,0.0,5.0,18,6,12
30572,16,3,1,8,2,3,6,1,0,1,0,6,2,3,1.0,0.0,0.0,1.0,0.0,1.0,6,3,3
4258,4,1,2,0,3,3,4,1,0,1,2,39,2,2,0.0,0.0,0.0,0.0,0.0,3.0,16,3,1
109468,16,2,3,15,8,3,0,1,1,1,1,23,2,2,0.0,0.0,0.0,0.0,0.0,2.0,16,3,8
63339,16,2,3,17,8,3,0,1,0,1,2,36,2,2,0.0,0.0,0.0,0.0,0.0,2.0,11,6,5
16012,16,2,3,10,3,3,0,1,0,1,2,19,2,2,0.0,0.0,0.0,0.0,0.0,4.0,1,7,2
181720,4,2,3,17,8,3,0,1,1,1,0,36,2,2,0.0,0.0,0.0,0.0,0.0,2.0,12,7,12
133666,16,7,4,10,8,3,6,1,1,1,1,19,2,2,0.0,0.0,0.0,0.0,0.0,2.0,16,2,9
79257,15,2,3,0,6,3,0,1,1,1,2,18,2,2,0.0,0.0,0.0,0.0,0.0,3.0,17,6,6
12720,16,6,1,17,8,3,5,1,1,1,2,17,2,2,0.0,0.0,0.0,0.0,0.0,3.0,23,4,1
186948,15,7,1,0,8,3,6,5,0,1,2,18,2,2,0.0,0.0,0.0,0.0,0.0,2.0,16,6,12
81424,16,2,3,15,8,3,6,5,1,0,2,23,2,2,0.0,0.0,0.0,0.0,0.0,3.0,5,3,6
93759,16,2,3,17,6,3,0,1,1,1,2,24,2,2,0.0,0.0,0.0,0.0,0.0,2.0,12,2,7
60723,16,2,3,17,8,3,0,1,0,1,2,36,2,4,1.0,0.0,0.0,0.0,1.0,1.0,12,6,5
106586,16,7,1,15,8,3,6,5,1,1,2,23,2,2,0.0,0.0,0.0,0.0,0.0,7.0,21,7,8
94806,15,2,1,0,6,3,0,1,0,1,2,5,2,2,0.0,0.0,0.0,0.0,0.0,4.0,23,4,7
177400,16,2,3,9,2,3,0,1,0,1,0,36,2,3,1.0,0.0,0.0,1.0,0.0,1.0,11,5,12
116395,4,2,1,17,8,3,0,1,0,1,2,17,4,3,5.0,0.0,0.0,5.0,0.0,1.0,23,2,8
55482,15,2,3,10,6,3,6,1,1,1,2,17,2,2,0.0,0.0,0.0,0.0,0.0,2.0,8,2,4
165373,15,7,3,3,8,3,6,1,0,1,2,28,6,1,4.0,0.0,4.0,0.0,0.0,1.0,16,7,11
10718,16,3,3,15,8,3,6,1,0,1,2,23,2,3,4.0,0.0,0.0,4.0,0.0,7.0,8,4,1
162956,16,11,4,17,8,3,5,5,1,1,2,18,2,2,0.0,0.0,0.0,0.0,0.0,2.0,17,4,11
97203,16,2,1,17,2,3,0,1,0,1,2,18,2,0,5.0,1.0,0.0,0.0,4.0,1.0,0,5,7
118088,16,2,3,17,2,3,0,1,0,1,2,18,2,2,0.0,0.0,0.0,0.0,0.0,2.0,10,7,8
33276,4,2,3,17,19,3,0,1,0,1,2,18,2,3,4.0,0.0,0.0,2.0,2.0,1.0,10,7,3
81911,4,2,1,9,18,3,0,1,0,1,0,12,2,4,1.0,0.0,0.0,0.0,1.0,2.0,21,1,6
186006,16,2,0,15,8,4,0,1,1,1,1,23,2,2,0.0,0.0,0.0,0.0,0.0,2.0,16,4,12
66937,16,2,3,15,3,3,0,1,1,1,0,31,2,2,0.0,0.0,0.0,0.0,0.0,2.0,17,2,5
132631,15,7,3,5,8,3,6,1,1,1,2,39,1,2,0.0,0.0,0.0,0.0,0.0,2.0,16,1,9
53746,16,2,3,0,8,3,0,1,0,1,2,36,2,4,2.0,0.0,0.0,0.0,2.0,2.0,18,2,4
68436,16,2,3,15,8,3,0,1,1,1,0,26,2,2,0.0,0.0,0.0,0.0,0.0,4.0,18,4,5
42149,17,7,2,17,2,3,6,5,1,1,2,18,2,2,0.0,0.0,0.0,0.0,0.0,2.0,17,6,3
126776,17,2,3,17,6,3,0,5,1,1,1,26,2,2,0.0,0.0,0.0,0.0,0.0,2.0,8,5,9
87731,4,2,3,10,6,3,5,5,1,1,2,36,2,2,0.0,0.0,0.0,0.0,0.0,2.0,15,1,6
140023,17,11,1,17,8,3,5,5,1,1,1,36,2,2,0.0,0.0,0.0,0.0,0.0,2.0,22,6,10
45571,15,2,3,0,6,3,0,1,0,1,2,36,2,2,0.0,0.0,0.0,0.0,0.0,2.0,19,5,4
115576,4,2,1,15,1,3,0,1,1,0,2,37,2,2,0.0,0.0,0.0,0.0,0.0,3.0,23,5,8
31588,4,2,1,17,2,3,0,1,0,1,2,18,2,2,0.0,0.0,0.0,0.0,0.0,2.0,1,1,3
151901,16,7,3,10,6,3,6,1,1,1,0,26,2,2,0.0,0.0,0.0,0.0,0.0,2.0,15,3,10
162425,16,2,0,10,2,3,0,1,1,1,1,12,2,2,0.0,0.0,0.0,0.0,0.0,3.0,19,6,11
177077,16,2,3,17,6,3,5,5,1,1,2,24,2,2,0.0,0.0,0.0,0.0,0.0,2.0,8,2,12
84414,16,2,3,17,6,3,0,1,1,1,2,6,2,2,0.0,0.0,0.0,0.0,0.0,2.0,10,4,6
6246,16,2,1,17,6,4,0,1,0,1,2,6,2,3,1.0,0.0,0.0,1.0,0.0,1.0,4,5,1
94247,15,2,1,17,2,3,0,5,0,1,2,36,2,3,1.0,0.0,0.0,1.0,0.0,2.0,22,2,7
144604,16,2,3,17,11,3,0,1,0,1,2,24,2,2,0.0,0.0,0.0,0.0,0.0,3.0,17,5,10
64770,16,2,3,17,10,4,0,1,1,1,2,24,2,2,0.0,0.0,0.0,0.0,0.0,2.0,13,2,5
137873,16,2,3,9,3,3,0,1,1,1,0,24,2,2,0.0,0.0,0.0,0.0,0.0,2.0,15,6,10
28777,16,7,3,9,8,3,0,1,0,1,0,24,2,3,1.0,0.0,0.0,1.0,0.0,1.0,10,6,3
115830,16,2,3,10,8,3,0,1,1,1,2,36,2,2,0.0,0.0,0.0,0.0,0.0,6.0,19,1,8
37849,15,2,3,7,6,3,0,1,1,1,0,26,2,2,0.0,0.0,0.0,0.0,0.0,1.0,17,2,3
151716,4,2,4,17,8,3,0,1,1,1,2,12,2,2,0.0,0.0,0.0,0.0,0.0,2.0,17,6,10
19016,15,3,3,10,19,3,0,1,0,1,2,19,2,3,2.0,0.0,0.0,2.0,0.0,1.0,13,4,2
14784,16,2,3,17,10,3,0,1,1,1,2,36,2,2,0.0,0.0,0.0,0.0,0.0,2.0,16,6,1
166266,16,2,1,17,15,3,0,1,1,0,2,19,2,2,0.0,0.0,0.0,0.0,0.0,2.0,23,6,11
185634,4,2,0,3,10,3,6,1,1,1,2,11,2,2,0.0,0.0,0.0,0.0,0.0,5.0,23,1,12
11103,4,3,3,10,17,3,6,1,1,0,1,17,2,2,0.0,0.0,0.0,0.0,0.0,3.0,14,4,1
10368,16,2,1,9,6,3,0,1,0,1,1,36,2,3,1.0,0.0,0.0,1.0,0.0,1.0,21,6,1
79111,15,2,3,10,8,3,0,1,1,1,2,19,2,2,0.0,0.0,0.0,0.0,0.0,2.0,17,3,6
36513,15,7,3,10,9,4,6,1,1,1,0,17,2,2,0.0,0.0,0.0,0.0,0.0,3.0,15,6,3
46094,16,2,3,10,3,3,0,1,1,1,2,19,2,2,0.0,0.0,0.0,0.0,0.0,4.0,2,7,4
189057,16,7,1,15,8,3,6,1,1,1,2,18,2,2,0.0,0.0,0.0,0.0,0.0,2.0,19,3,12
149878,15,2,3,0,11,3,0,1,0,1,2,5,2,2,0.0,0.0,0.0,0.0,0.0,3.0,8,2,10
169929,15,2,1,0,15,3,0,1,0,1,2,5,2,2,0.0,0.0,0.0,0.0,0.0,2.0,23,6,11
157914,4,2,3,0,6,3,0,1,0,1,2,18,3,3,1.0,0.0,0.0,1.0,0.0,1.0,9,7,11
136573,16,2,1,9,8,3,0,1,0,1,2,26,2,1,1.0,0.0,1.0,0.0,0.0,1.0,22,6,9
31927,16,2,2,0,2,3,0,1,1,1,2,6,2,2,0.0,0.0,0.0,0.0,0.0,2.0,6,5,3
48524,16,2,1,15,6,3,0,1,1,1,1,22,2,2,0.0,0.0,0.0,0.0,0.0,2.0,0,1,4
101668,16,2,1,17,8,3,0,1,0,1,2,6,2,3,1.0,0.0,0.0,1.0,0.0,1.0,23,4,7
186153,16,3,3,17,2,3,0,1,1,1,2,36,2,2,0.0,0.0,0.0,0.0,0.0,4.0,10,4,12
185016,15,2,3,8,10,3,0,1,0,1,0,36,2,3,1.0,0.0,0.0,1.0,0.0,1.0,10,5,12
33935,8,7,1,0,8,3,6,1,0,1,2,15,2,1,2.0,0.0,1.0,1.0,0.0,1.0,3,4,3
147467,16,2,3,0,8,3,0,1,1,1,2,6,2,2,0.0,0.0,0.0,0.0,0.0,2.0,14,4,10
151781,4,2,1,10,8,3,0,1,0,1,2,17,2,2,0.0,0.0,0.0,0.0,0.0,2.0,19,1,10
111687,16,11,5,10,2,3,5,5,1,1,2,36,2,2,0.0,0.0,0.0,0.0,0.0,2.0,13,1,8
65995,16,2,3,15,6,3,0,1,0,1,2,18,2,3,2.0,0.0,0.0,2.0,0.0,2.0,1,2,5
185087,16,7,1,0,6,3,6,5,0,1,2,6,2,2,0.0,0.0,0.0,0.0,0.0,3.0,3,7,12
33344,10,2,3,9,6,3,0,1,0,1,0,38,2,3,1.0,0.0,0.0,1.0,0.0,1.0,12,2,3
132516,16,2,1,17,8,3,0,1,1,1,2,18,2,2,0.0,0.0,0.0,0.0,0.0,2.0,22,6,9
14621,4,2,1,10,8,3,0,1,1,1,0,36,2,2,0.0,0.0,0.0,0.0,0.0,2.0,17,3,1
117826,16,2,3,0,10,3,0,1,1,1,1,6,2,2,0.0,0.0,0.0,0.0,0.0,2.0,8,2,8
87175,16,2,3,15,8,3,0,1,1,0,2,36,2,2,0.0,0.0,0.0,0.0,0.0,2.0,14,7,6
163791,16,2,1,8,2,3,5,5,0,1,0,18,2,3,1.0,0.0,0.0,1.0,0.0,1.0,18,6,11
46157,4,2,3,7,8,3,0,1,0,0,2,17,2,3,1.0,0.0,0.0,1.0,0.0,0.0,13,1,4
64399,4,2,3,17,8,3,0,1,1,1,2,18,2,2,0.0,0.0,0.0,0.0,0.0,2.0,8,3,5
186679,17,2,1,15,8,3,0,1,1,0,1,19,2,2,0.0,0.0,0.0,0.0,0.0,2.0,22,6,12
149226,15,2,3,0,8,3,0,1,1,1,2,36,2,2,0.0,0.0,0.0,0.0,0.0,3.0,11,7,10
67928,16,2,3,17,3,3,0,5,0,1,2,18,2,2,0.0,0.0,0.0,0.0,0.0,2.0,18,3,5
51329,16,2,3,8,8,3,0,1,0,1,0,18,2,1,1.0,0.0,1.0,0.0,0.0,2.0,16,1,4
130099,16,2,1,10,1,3,0,1,1,1,2,17,2,2,0.0,0.0,0.0,0.0,0.0,10.0,19,1,9
175385,17,2,1,9,10,3,5,5,0,1,1,36,2,3,1.0,0.0,0.0,1.0,0.0,1.0,19,6,12
107651,4,2,3,10,2,3,5,5,1,0,2,19,2,2,0.0,0.0,0.0,0.0,0.0,2.0,14,4,8
67439,16,2,3,8,8,3,0,1,0,1,0,18,2,3,1.0,0.0,0.0,1.0,0.0,1.0,10,2,5
10999,16,2,4,17,11,3,0,1,1,1,2,24,3,2,0.0,0.0,0.0,0.0,0.0,3.0,5,7,1
73825,16,2,3,17,8,3,0,1,0,1,2,18,2,4,1.0,0.0,0.0,0.0,1.0,3.0,18,3,6
62806,16,7,3,17,2,3,6,1,1,1,0,39,2,2,0.0,0.0,0.0,0.0,0.0,2.0,8,5,5
106466,16,2,3,17,10,3,0,1,1,1,0,24,2,2,0.0,0.0,0.0,0.0,0.0,3.0,13,6,8
36487,16,2,1,10,11,3,0,5,0,0,0,17,2,3,2.0,0.0,0.0,2.0,0.0,2.0,22,5,3
115486,17,2,3,10,8,3,0,5,1,1,2,36,2,2,0.0,0.0,0.0,0.0,0.0,3.0,16,3,8
59662,4,2,3,15,8,3,0,1,1,1,1,36,2,2,0.0,0.0,0.0,0.0,0.0,2.0,10,4,5
70618,15,2,3,17,10,3,0,1,1,1,1,21,2,2,0.0,0.0,0.0,0.0,0.0,2.0,8,4,5
89783,4,2,3,17,6,3,0,1,1,1,2,24,2,2,0.0,0.0,0.0,0.0,0.0,2.0,13,5,7
169508,16,2,4,15,8,3,0,5,1,1,1,36,2,2,0.0,0.0,0.0,0.0,0.0,4.0,14,7,11
83519,4,2,3,10,8,3,0,1,0,1,2,19,3,3,3.0,0.0,0.0,3.0,0.0,1.0,14,5,6
136264,4,2,3,0,11,3,0,6,1,1,2,12,2,2,0.0,0.0,0.0,0.0,0.0,2.0,9,3,9
15986,16,2,3,17,2,3,0,1,1,1,2,24,2,2,0.0,0.0,0.0,0.0,0.0,3.0,7,6,2
171489,15,2,1,17,15,3,0,1,1,1,2,12,2,2,0.0,0.0,0.0,0.0,0.0,2.0,18,4,11
4195,17,10,1,9,11,3,1,1,0,0,0,36,2,3,1.0,0.0,0.0,1.0,0.0,1.0,0,1,1
5792,16,2,1,0,6,3,6,1,0,1,2,36,2,3,1.0,0.0,0.0,1.0,0.0,1.0,21,4,1
124943,16,3,3,0,2,3,0,1,1,1,1,6,2,2,0.0,0.0,0.0,0.0,0.0,2.0,8,6,9
64895,16,7,3,10,8,3,6,1,1,1,1,18,2,2,0.0,0.0,0.0,0.0,0.0,2.0,8,4,5
16665,15,2,3,17,6,3,4,5,1,1,2,36,2,2,0.0,0.0,0.0,0.0,0.0,2.0,15,6,2
125661,4,2,1,3,8,3,0,1,0,1,2,18,2,2,0.0,0.0,0.0,0.0,0.0,2.0,21,3,9
125516,16,2,1,7,8,3,0,1,0,1,2,36,4,2,0.0,0.0,0.0,0.0,0.0,1.0,21,1,9
141618,16,2,3,17,15,3,0,5,1,1,2,36,2,2,0.0,0.0,0.0,0.0,0.0,2.0,8,2,10
96570,4,2,3,10,8,3,0,1,1,1,1,19,2,2,0.0,0.0,0.0,0.0,0.0,4.0,11,4,7
89699,15,2,3,0,3,3,0,1,0,1,2,5,2,2,0.0,0.0,0.0,0.0,0.0,3.0,8,2,7
121031,4,2,1,2,8,3,0,1,0,1,2,17,1,2,0.0,0.0,0.0,0.0,0.0,1.0,2,1,9
96760,15,7,3,0,8,3,6,1,0,1,2,18,2,2,0.0,0.0,0.0,0.0,0.0,2.0,12,5,7
97191,15,2,3,17,8,3,0,1,1,1,2,18,2,2,0.0,0.0,0.0,0.0,0.0,2.0,9,5,7
126434,4,2,1,10,8,3,0,5,1,0,2,36,2,2,0.0,0.0,0.0,0.0,0.0,2.0,1,2,9
45836,16,11,3,17,8,3,5,5,1,1,1,19,2,2,0.0,0.0,0.0,0.0,0.0,2.0,14,1,4
16800,16,11,5,17,15,3,5,5,1,1,0,24,2,2,0.0,0.0,0.0,0.0,0.0,2.0,16,1,2
188304,15,2,1,17,6,3,0,5,1,1,0,18,2,2,0.0,0.0,0.0,0.0,0.0,2.0,21,4,12
37910,15,2,3,0,8,3,0,1,1,1,2,36,2,2,0.0,0.0,0.0,0.0,0.0,2.0,8,3,3
611,15,2,1,3,8,3,1,1,0,1,2,5,2,2,0.0,0.0,0.0,0.0,0.0,2.0,22,3,1
163988,17,11,5,0,6,3,5,5,0,1,2,36,2,3,1.0,0.0,0.0,1.0,0.0,2.0,17,3,11
30729,16,2,1,10,6,3,0,1,1,1,0,19,2,2,0.0,0.0,0.0,0.0,0.0,2.0,23,6,3
172070,16,2,3,9,18,3,0,1,0,1,2,28,2,3,1.0,0.0,0.0,1.0,0.0,1.0,10,5,11
87376,16,7,3,17,15,3,6,1,0,1,1,36,2,3,1.0,0.0,0.0,1.0,0.0,1.0,14,1,6
162282,16,2,1,10,8,3,0,1,1,1,0,36,2,2,0.0,0.0,0.0,0.0,0.0,2.0,21,7,11
184164,16,3,3,10,8,3,0,1,1,1,2,19,2,2,0.0,0.0,0.0,0.0,0.0,4.0,12,3,12
26481,16,10,1,10,8,3,6,1,1,1,2,19,2,2,0.0,0.0,0.0,0.0,0.0,3.0,19,6,2
104815,16,2,3,15,3,3,0,1,1,1,2,36,2,2,0.0,0.0,0.0,0.0,0.0,2.0,15,2,8
133117,16,2,1,10,2,3,0,5,1,1,0,17,2,2,0.0,0.0,0.0,0.0,0.0,2.0,3,1,9
83399,16,2,3,0,6,3,0,1,0,1,2,23,2,3,1.0,0.0,0.0,1.0,0.0,2.0,15,3,6
33888,16,2,3,17,8,3,6,1,1,1,2,18,2,2,0.0,0.0,0.0,0.0,0.0,2.0,17,3,3
60856,4,2,0,2,2,3,0,1,0,1,2,30,2,3,1.0,0.0,0.0,1.0,0.0,0.0,4,3,5
49500,15,2,3,0,11,3,0,1,1,1,1,36,2,2,0.0,0.0,0.0,0.0,0.0,2.0,10,3,4
105084,16,7,3,17,2,3,6,5,1,1,0,36,3,2,0.0,0.0,0.0,0.0,0.0,3.0,15,5,8
181937,15,7,3,9,1,3,6,5,0,1,2,36,2,3,1.0,0.0,0.0,1.0,0.0,1.0,7,2,12
162014,16,2,1,17,3,3,0,1,1,1,2,23,2,2,0.0,0.0,0.0,0.0,0.0,3.0,17,3,11
44329,16,2,3,0,6,3,0,1,1,1,1,6,2,2,0.0,0.0,0.0,0.0,0.0,3.0,12,2,4
164663,15,2,1,0,6,3,0,1,0,1,2,36,2,4,1.0,0.0,0.0,0.0,1.0,1.0,1,7,11
105717,16,2,1,8,2,3,0,3,1,1,0,1,2,2,0.0,0.0,0.0,0.0,0.0,2.0,22,7,8
99728,15,2,3,14,8,3,0,1,1,1,2,13,2,2,0.0,0.0,0.0,0.0,0.0,2.0,15,2,7
182114,15,2,3,15,6,3,5,5,0,1,2,36,2,2,0.0,0.0,0.0,0.0,0.0,4.0,13,6,12
81598,4,3,3,10,8,3,0,1,1,1,2,8,2,2,0.0,0.0,0.0,0.0,0.0,2.0,13,4,6
10522,16,2,1,10,11,3,0,1,1,1,1,19,2,2,0.0,0.0,0.0,0.0,0.0,2.0,17,6,1
53872,16,2,1,0,6,3,0,1,0,1,2,18,2,3,2.0,0.0,0.0,2.0,0.0,0.0,20,4,4
24642,16,2,3,0,3,3,6,1,0,1,2,6,2,2,0.0,0.0,0.0,0.0,0.0,7.0,11,1,2
36852,15,2,3,0,11,3,0,1,0,1,2,17,2,2,0.0,0.0,0.0,0.0,0.0,2.0,12,3,3
100575,16,2,3,0,15,3,0,1,1,1,1,6,2,2,0.0,0.0,0.0,0.0,0.0,3.0,19,2,7
177994,15,2,3,0,6,3,0,1,1,1,2,18,2,2,0.0,0.0,0.0,0.0,0.0,2.0,10,6,12
88827,16,2,3,2,8,3,0,1,0,1,2,37,1,1,1.0,0.0,1.0,0.0,0.0,0.0,8,2,7
49249,16,2,2,17,8,3,0,1,0,1,2,36,2,2,0.0,0.0,0.0,0.0,0.0,2.0,5,7,4
87709,15,2,3,10,6,3,0,1,1,1,2,36,2,2,0.0,0.0,0.0,0.0,0.0,2.0,11,6,6
35347,16,2,3,10,2,3,0,1,1,1,1,19,2,2,0.0,0.0,0.0,0.0,0.0,3.0,14,6,3
99257,16,2,1,10,2,3,0,1,0,1,2,15,2,0,2.0,1.0,0.0,1.0,0.0,1.0,23,1,7
128516,15,7,1,17,1,3,6,1,0,1,2,17,2,2,0.0,0.0,0.0,0.0,0.0,3.0,4,1,9
132050,15,7,0,10,8,3,6,1,1,1,1,36,2,2,0.0,0.0,0.0,0.0,0.0,5.0,20,7,9
67390,15,2,3,0,8,3,0,1,1,1,2,5,2,2,0.0,0.0,0.0,0.0,0.0,2.0,11,1,5
38866,16,2,3,17,2,3,6,1,0,1,2,6,2,2,0.0,0.0,0.0,0.0,0.0,2.0,14,5,3
133625,4,2,1,17,8,3,0,1,1,1,2,18,2,2,0.0,0.0,0.0,0.0,0.0,2.0,20,1,9
171862,15,2,1,3,8,3,0,1,0,1,2,36,2,2,0.0,0.0,0.0,0.0,0.0,2.0,17,2,11
111331,16,7,0,0,8,3,6,5,0,1,2,6,3,2,0.0,0.0,0.0,0.0,0.0,3.0,21,2,8
86543,16,2,3,9,6,3,0,1,0,1,0,18,2,3,1.0,0.0,0.0,1.0,0.0,1.0,14,3,6
64626,16,3,3,15,2,4,0,1,1,1,1,22,2,2,0.0,0.0,0.0,0.0,0.0,2.0,16,6,5
146455,16,2,3,17,2,3,0,1,1,1,2,36,2,2,0.0,0.0,0.0,0.0,0.0,2.0,15,3,10
181501,16,2,3,17,3,3,0,1,1,1,2,12,2,2,0.0,0.0,0.0,0.0,0.0,2.0,10,3,12
82887,18,2,3,9,8,3,0,1,0,1,0,7,2,3,1.0,0.0,0.0,1.0,0.0,1.0,14,2,6
123336,4,2,3,0,8,3,0,1,1,1,1,18,2,2,0.0,0.0,0.0,0.0,0.0,2.0,19,4,9
163984,16,7,1,17,6,3,6,1,0,1,2,36,2,3,1.0,0.0,0.0,1.0,0.0,2.0,16,3,11
41012,16,2,3,15,8,3,0,1,1,1,1,23,2,2,0.0,0.0,0.0,0.0,0.0,2.0,8,4,3
103855,4,2,3,17,8,3,0,1,1,1,2,36,2,2,0.0,0.0,0.0,0.0,0.0,2.0,12,2,7
24716,16,2,1,17,6,3,0,5,1,1,2,36,2,2,0.0,0.0,0.0,0.0,0.0,2.0,17,3,2
52368,4,2,2,17,8,3,0,1,1,0,2,24,3,2,0.0,0.0,0.0,0.0,0.0,7.0,19,7,4
37206,15,2,3,17,2,3,0,1,1,1,2,38,2,2,0.0,0.0,0.0,0.0,0.0,3.0,18,3,3
151622,16,2,3,17,1,3,0,1,0,1,2,18,3,1,1.0,0.0,1.0,0.0,0.0,1.0,12,4,10
40661,17,2,3,17,10,3,5,5,1,1,2,36,2,2,0.0,0.0,0.0,0.0,0.0,3.0,12,4,3