crash_date,               traffic_control_device,weather_condition,lighting_condition,first_crash_type,trafficway_type,alignment,roadway_surface_cond,road_defect,crash_type,intersection_related_i,damage,prim_contributory_cause,num_units,most_severe_injury,injuries_total,injuries_fatal,injuries_incapacitating,injuries_non_incapacitating,injuries_reported_not_evident,injuries_no_indication,crash_hour,crash_day_of_week,crash_month
60710,16,2,1,10,18,3,0,1,1,1,2,36,3,2,0.0,0.0,0.0,0.0,0.0,3.0,22,6,5
83684,4,2,3,10,2,3,0,1,0,1,1,36,2,3,1.0,0.0,0.0,1.0,0.0,1.0,16,6,6
1403,16,6,0,13,5,3,6,1,1,1,2,21,2,2,0.0,0.0,0.0,0.0,0.0,3.0,18,4,1
94301,16,2,3,17,3,3,0,1,0,1,2,18,2,3,2.0,0.0,0.0,2.0,0.0,0.0,20,3,7
78536,16,2,3,15,6,4,0,1,0,1,2,36,4,4,5.0,0.0,0.0,0.0,5.0,7.0,18,2,6
126761,16,6,3,15,2,3,6,5,1,1,1,36,2,2,0.0,0.0,0.0,0.0,0.0,3.0,6,5,9
113528,16,2,3,15,2,3,0,1,0,0,2,8,2,2,0.0,0.0,0.0,0.0,0.0,2.0,12,1,8
96219,16,2,3,17,15,3,0,1,0,1,2,13,2,4,1.0,0.0,0.0,0.0,1.0,1.0,11,4,7
168546,15,2,1,0,6,3,0,5,0,1,2,5,2,3,2.0,0.0,0.0,2.0,0.0,2.0,23,5,11
122703,4,2,3,10,8,3,0,1,1,1,2,36,3,2,0.0,0.0,0.0,0.0,0.0,3.0,7,4,9
37798,16,2,3,10,8,3,0,1,1,1,1,19,2,2,0.0,0.0,0.0,0.0,0.0,5.0,17,1,3
63238,16,2,3,2,8,3,0,1,0,1,2,36,1,2,0.0,0.0,0.0,0.0,0.0,1.0,16,4,5
184095,15,2,1,0,6,3,0,1,1,1,2,36,2,2,0.0,0.0,0.0,0.0,0.0,3.0,17,7,12
74695,16,2,2,10,6,3,5,5,0,0,2,36,2,3,1.0,0.0,0.0,1.0,0.0,1.0,4,1,6
39125,16,7,3,17,8,3,6,1,1,1,1,36,2,2,0.0,0.0,0.0,0.0,0.0,2.0,16,5,3
21051,15,2,3,17,15,3,0,1,1,1,2,18,2,2,0.0,0.0,0.0,0.0,0.0,4.0,9,3,2
38262,16,2,3,15,8,3,0,1,1,1,1,19,2,2,0.0,0.0,0.0,0.0,0.0,2.0,15,3,3
49760,16,3,3,17,6,3,0,1,1,1,0,26,2,2,0.0,0.0,0.0,0.0,0.0,2.0,12,2,4
142907,15,2,3,9,8,3,0,1,0,1,0,36,2,3,1.0,0.0,0.0,1.0,0.0,1.0,8,4,10
132026,15,2,3,0,8,3,0,1,0,1,2,18,3,1,2.0,0.0,1.0,1.0,0.0,4.0,16,7,9
76573,16,2,3,15,10,3,0,5,1,1,2,36,3,2,0.0,0.0,0.0,0.0,0.0,5.0,15,7,6
76992,16,3,4,15,2,3,0,1,0,1,2,17,2,2,0.0,0.0,0.0,0.0,0.0,2.0,20,7,6
17215,16,2,1,10,2,3,6,1,1,1,2,36,2,2,0.0,0.0,0.0,0.0,0.0,3.0,22,7,2
126912,16,2,2,10,6,3,0,1,1,1,0,36,2,2,0.0,0.0,0.0,0.0,0.0,2.0,6,1,9
83161,15,2,3,0,8,3,6,1,0,1,2,18,2,2,0.0,0.0,0.0,0.0,0.0,2.0,18,5,6
176100,16,2,1,10,11,3,0,1,1,1,2,19,2,2,0.0,0.0,0.0,0.0,0.0,2.0,19,7,12
50433,15,2,1,9,2,3,0,5,0,0,2,5,2,3,1.0,0.0,0.0,1.0,0.0,1.0,22,6,4
158511,17,11,5,17,6,3,5,5,1,1,2,11,2,2,0.0,0.0,0.0,0.0,0.0,2.0,12,1,11
138851,15,2,3,17,8,3,0,1,0,1,2,18,2,3,1.0,0.0,0.0,1.0,0.0,1.0,14,4,10
27939,15,2,3,17,6,4,0,6,1,1,2,36,2,2,0.0,0.0,0.0,0.0,0.0,2.0,7,2,2
144495,15,7,3,0,8,3,6,1,0,1,2,18,2,3,1.0,0.0,0.0,1.0,0.0,2.0,8,5,10
123401,16,7,3,10,8,3,6,1,1,1,2,19,2,2,0.0,0.0,0.0,0.0,0.0,5.0,8,5,9
64835,16,7,0,8,6,4,6,1,0,1,2,26,2,3,1.0,0.0,0.0,1.0,0.0,1.0,20,3,5
170986,15,2,3,0,6,3,0,1,1,1,2,5,2,2,0.0,0.0,0.0,0.0,0.0,3.0,11,2,11
165568,4,2,3,17,6,3,0,1,0,1,1,18,2,4,1.0,0.0,0.0,0.0,1.0,2.0,14,4,11
178376,15,2,4,0,2,3,0,1,0,1,2,36,2,2,0.0,0.0,0.0,0.0,0.0,2.0,16,4,12
142536,15,2,3,17,8,3,6,1,1,1,1,18,2,2,0.0,0.0,0.0,0.0,0.0,2.0,9,7,10
145407,16,2,3,17,3,3,0,1,0,1,2,18,2,2,0.0,0.0,0.0,0.0,0.0,2.0,13,4,10
27089,16,2,1,17,6,3,0,1,1,1,1,22,2,2,0.0,0.0,0.0,0.0,0.0,4.0,17,1,2
26639,16,2,1,17,3,3,0,1,1,1,0,22,2,2,0.0,0.0,0.0,0.0,0.0,2.0,20,1,2
24593,15,2,1,0,15,3,0,1,1,1,1,36,2,2,0.0,0.0,0.0,0.0,0.0,2.0,20,6,2
132861,4,2,1,7,8,3,0,1,0,1,2,36,3,2,0.0,0.0,0.0,0.0,0.0,1.0,0,5,9
21585,4,2,1,15,3,3,0,5,1,0,2,36,2,2,0.0,0.0,0.0,0.0,0.0,2.0,18,4,2
133544,4,2,3,7,8,3,0,5,1,0,2,36,2,2,0.0,0.0,0.0,0.0,0.0,1.0,10,2,9
54593,16,2,3,0,8,3,0,1,0,1,2,36,2,3,1.0,0.0,0.0,1.0,0.0,3.0,13,7,4
77494,18,2,3,17,6,3,0,1,0,1,2,12,2,1,4.0,0.0,4.0,0.0,0.0,1.0,19,1,6
167144,15,2,0,10,8,3,0,1,0,1,2,17,3,3,3.0,0.0,0.0,3.0,0.0,3.0,18,4,11
71628,15,2,3,15,2,3,0,1,0,0,2,18,2,2,0.0,0.0,0.0,0.0,0.0,2.0,17,4,5
57264,16,7,3,9,8,3,6,5,0,1,0,36,2,1,1.0,0.0,1.0,0.0,0.0,1.0,15,3,5
21176,16,2,3,9,3,3,6,1,0,1,1,18,2,3,1.0,0.0,0.0,1.0,0.0,1.0,12,4,2
174775,15,2,3,10,2,3,0,1,1,1,2,19,2,2,0.0,0.0,0.0,0.0,0.0,2.0,6,3,12
154047,15,3,3,0,6,3,0,1,0,1,2,17,2,2,0.0,0.0,0.0,0.0,0.0,2.0,17,3,10
116295,16,2,3,10,10,3,0,1,0,1,2,13,2,2,0.0,0.0,0.0,0.0,0.0,5.0,14,7,8
111617,16,2,3,9,3,3,0,1,0,1,0,17,2,3,1.0,0.0,0.0,1.0,0.0,2.0,12,5,8
25038,16,2,0,10,3,3,0,1,1,1,2,36,2,2,0.0,0.0,0.0,0.0,0.0,2.0,21,2,2
54467,16,2,3,17,6,3,0,1,1,1,1,24,2,2,0.0,0.0,0.0,0.0,0.0,2.0,16,7,4
87033,16,2,3,0,6,3,0,1,0,1,2,6,2,3,1.0,0.0,0.0,1.0,0.0,1.0,14,4,6
76256,16,2,3,17,6,3,0,1,0,1,2,36,2,3,1.0,0.0,0.0,1.0,0.0,1.0,13,4,6
158383,16,2,1,0,2,3,0,1,0,1,2,18,3,1,4.0,0.0,3.0,1.0,0.0,0.0,22,6,11
126058,16,2,3,15,8,3,0,1,1,1,0,36,2,2,0.0,0.0,0.0,0.0,0.0,2.0,16,2,9
166134,16,2,3,17,8,3,0,1,0,1,2,24,2,2,0.0,0.0,0.0,0.0,0.0,2.0,9,3,11
140774,16,3,3,15,10,3,0,1,1,1,2,30,2,2,0.0,0.0,0.0,0.0,0.0,2.0,11,4,10
67098,4,7,3,15,8,3,6,1,1,0,1,23,2,2,0.0,0.0,0.0,0.0,0.0,2.0,9,3,5
59466,4,2,1,17,0,3,6,1,1,1,2,38,2,2,0.0,0.0,0.0,0.0,0.0,2.0,20,3,5
48712,16,10,3,10,8,3,1,1,1,1,2,36,2,2,0.0,0.0,0.0,0.0,0.0,2.0,6,4,4
83682,16,2,3,15,10,3,0,1,1,1,1,36,2,2,0.0,0.0,0.0,0.0,0.0,2.0,15,6,6
125855,16,11,5,17,6,3,5,5,1,1,2,36,2,2,0.0,0.0,0.0,0.0,0.0,3.0,18,7,9
121815,15,7,3,10,8,3,6,1,1,1,2,39,3,2,0.0,0.0,0.0,0.0,0.0,3.0,9,3,9
68087,16,2,3,10,2,3,0,1,1,1,2,28,3,2,0.0,0.0,0.0,0.0,0.0,5.0,11,6,5
178633,4,2,1,17,8,3,0,1,0,1,2,24,2,4,1.0,0.0,0.0,0.0,1.0,3.0,20,1,12
153385,4,2,3,15,8,3,0,1,1,1,1,23,2,2,0.0,0.0,0.0,0.0,0.0,4.0,7,6,10
161067,16,2,3,17,11,3,0,1,1,1,1,12,2,2,0.0,0.0,0.0,0.0,0.0,2.0,7,3,11
31061,4,2,3,0,8,3,0,5,0,1,2,26,2,3,2.0,0.0,0.0,2.0,0.0,0.0,8,4,3
126905,16,2,3,17,10,3,5,5,1,1,1,36,2,2,0.0,0.0,0.0,0.0,0.0,2.0,15,1,9
74844,17,11,5,8,15,3,5,5,0,1,2,18,2,4,1.0,0.0,0.0,0.0,1.0,1.0,17,3,6
181349,15,3,3,0,11,3,0,1,0,1,2,18,2,3,1.0,0.0,0.0,1.0,0.0,1.0,8,1,12
150937,16,2,3,10,8,3,0,1,1,1,2,19,2,2,0.0,0.0,0.0,0.0,0.0,2.0,9,7,10
77013,17,2,4,10,8,3,0,5,1,1,1,19,3,2,0.0,0.0,0.0,0.0,0.0,6.0,23,7,6
96312,4,2,3,0,2,3,0,1,1,1,2,11,2,2,0.0,0.0,0.0,0.0,0.0,2.0,12,6,7
5526,16,2,0,5,3,3,4,3,1,1,1,33,1,2,0.0,0.0,0.0,0.0,0.0,1.0,9,6,1
172909,15,2,1,17,0,3,0,1,0,1,1,19,2,2,0.0,0.0,0.0,0.0,0.0,2.0,17,2,12
181801,15,3,4,0,8,3,0,5,0,1,2,18,2,2,0.0,0.0,0.0,0.0,0.0,3.0,17,3,12
84465,4,2,3,10,3,3,0,1,1,1,0,19,2,2,0.0,0.0,0.0,0.0,0.0,2.0,17,5,6
74554,4,2,3,10,13,3,0,1,0,1,2,5,2,4,3.0,0.0,0.0,0.0,3.0,2.0,17,5,6
142423,15,2,3,0,15,3,0,1,0,1,2,38,2,2,0.0,0.0,0.0,0.0,0.0,2.0,11,4,10
52986,16,2,3,10,2,3,0,1,1,1,2,19,2,2,0.0,0.0,0.0,0.0,0.0,2.0,16,3,4
145650,15,2,3,9,8,3,0,1,1,1,2,36,2,2,0.0,0.0,0.0,0.0,0.0,2.0,16,7,10
51333,16,2,2,10,2,3,0,1,1,1,2,19,2,2,0.0,0.0,0.0,0.0,0.0,2.0,5,1,4
172967,15,2,1,0,6,3,0,5,0,1,2,17,3,2,0.0,0.0,0.0,0.0,0.0,5.0,20,4,12
119905,15,2,3,8,6,3,0,1,0,1,0,36,2,3,1.0,0.0,0.0,1.0,0.0,1.0,7,6,8
96086,16,2,3,15,2,3,0,1,1,1,1,22,2,2,0.0,0.0,0.0,0.0,0.0,2.0,13,3,7
80667,16,2,1,15,2,3,0,5,1,1,0,36,2,2,0.0,0.0,0.0,0.0,0.0,2.0,18,5,6
139224,16,2,3,17,6,3,0,1,0,1,2,17,3,3,3.0,0.0,0.0,3.0,0.0,1.0,16,3,10
130005,16,3,3,17,2,3,0,1,0,1,2,24,3,3,2.0,0.0,0.0,2.0,0.0,2.0,12,1,9
121280,16,2,3,2,3,3,0,1,0,1,2,36,1,3,1.0,0.0,0.0,1.0,0.0,0.0,12,2,9
73173,16,2,3,17,8,3,0,1,0,1,2,36,2,4,2.0,0.0,0.0,0.0,2.0,0.0,19,6,6
180987,16,2,3,10,2,3,0,1,0,1,2,19,2,2,0.0,0.0,0.0,0.0,0.0,6.0,7,4,12
112428,16,2,1,17,6,3,0,5,1,1,2,36,2,2,0.0,0.0,0.0,0.0,0.0,2.0,21,6,8
17084,16,11,5,10,18,3,5,5,1,1,1,36,3,2,0.0,0.0,0.0,0.0,0.0,3.0,13,6,2
42272,16,2,3,0,2,3,0,1,1,1,2,18,2,2,0.0,0.0,0.0,0.0,0.0,2.0,13,7,4
39197,16,11,5,15,8,3,5,1,1,1,0,23,2,2,0.0,0.0,0.0,0.0,0.0,2.0,16,6,3
126526,16,2,3,17,8,3,0,1,1,1,2,19,2,2,0.0,0.0,0.0,0.0,0.0,4.0,14,4,9
10658,16,9,1,17,8,3,4,1,0,1,2,6,2,2,0.0,0.0,0.0,0.0,0.0,2.0,20,3,1
41563,16,2,3,0,6,3,0,1,1,1,2,8,2,2,0.0,0.0,0.0,0.0,0.0,2.0,11,2,3
68426,15,11,5,17,19,3,5,1,1,1,1,18,2,2,0.0,0.0,0.0,0.0,0.0,2.0,16,4,5
63251,16,2,3,15,8,3,0,1,1,1,0,22,2,2,0.0,0.0,0.0,0.0,0.0,2.0,7,4,5
80320,16,2,3,0,6,3,0,1,0,1,2,6,2,2,0.0,0.0,0.0,0.0,0.0,2.0,12,6,6
156485,15,2,3,17,3,3,0,1,0,1,0,18,2,2,0.0,0.0,0.0,0.0,0.0,2.0,11,6,11
176115,4,2,1,17,8,3,0,5,0,1,2,18,2,2,0.0,0.0,0.0,0.0,0.0,2.0,22,7,12
32308,16,7,0,10,10,3,6,5,1,1,1,12,2,2,0.0,0.0,0.0,0.0,0.0,2.0,18,5,3
134070,15,7,2,17,15,3,6,1,1,1,2,23,2,2,0.0,0.0,0.0,0.0,0.0,2.0,14,3,9
107103,4,3,3,17,8,3,6,1,1,1,2,36,2,2,0.0,0.0,0.0,0.0,0.0,2.0,10,1,8
165143,16,3,3,8,11,3,0,1,0,1,2,18,2,3,1.0,0.0,0.0,1.0,0.0,1.0,8,5,11
3772,16,2,1,17,8,3,0,1,1,1,2,36,2,2,0.0,0.0,0.0,0.0,0.0,2.0,19,2,1
148242,16,2,3,15,2,3,0,1,1,1,2,36,2,2,0.0,0.0,0.0,0.0,0.0,4.0,12,7,10
44033,4,7,1,7,10,3,6,1,0,0,2,17,3,2,0.0,0.0,0.0,0.0,0.0,1.0,0,3,4
63201,16,2,3,15,3,3,0,1,0,1,2,22,2,4,1.0,0.0,0.0,0.0,1.0,1.0,9,3,5
37971,15,2,0,3,8,3,0,1,0,1,2,22,2,2,0.0,0.0,0.0,0.0,0.0,4.0,21,5,3
103322,4,2,3,17,6,3,0,1,0,1,2,18,2,2,0.0,0.0,0.0,0.0,0.0,3.0,8,1,7
145769,16,2,3,10,2,3,0,1,1,1,2,18,2,2,0.0,0.0,0.0,0.0,0.0,2.0,15,5,10
100111,4,2,3,8,2,4,0,1,0,1,2,24,2,3,1.0,0.0,0.0,1.0,0.0,1.0,16,2,7
43286,16,2,3,17,8,3,0,1,0,1,2,6,3,4,2.0,0.0,0.0,0.0,2.0,2.0,18,4,4
72668,16,2,3,8,5,4,0,5,0,1,0,24,2,3,1.0,0.0,0.0,1.0,0.0,1.0,12,5,6
60028,16,2,3,10,2,3,0,1,0,1,0,36,2,4,1.0,0.0,0.0,0.0,1.0,1.0,15,3,5
182776,16,2,3,9,2,3,0,1,0,0,0,36,2,0,1.0,1.0,0.0,0.0,0.0,1.0,11,7,12
8108,16,2,3,15,1,3,0,1,1,1,0,24,2,2,0.0,0.0,0.0,0.0,0.0,3.0,16,4,1
87415,15,2,3,17,15,3,0,1,1,1,1,18,2,2,0.0,0.0,0.0,0.0,0.0,2.0,19,1,6
11565,16,2,3,9,8,3,0,1,0,1,0,18,2,3,1.0,0.0,0.0,1.0,0.0,1.0,9,5,1
92838,16,2,3,17,8,3,0,1,1,1,2,24,2,2,0.0,0.0,0.0,0.0,0.0,2.0,17,2,7
23212,4,3,3,10,8,3,6,1,1,1,1,17,2,2,0.0,0.0,0.0,0.0,0.0,4.0,7,3,2
109795,16,7,3,17,3,3,6,1,1,1,2,9,2,2,0.0,0.0,0.0,0.0,0.0,2.0,16,6,8
82551,16,2,3,10,6,3,0,1,0,1,2,17,2,3,1.0,0.0,0.0,1.0,0.0,1.0,13,5,6
107393,16,2,3,10,2,3,0,1,1,1,1,36,4,2,0.0,0.0,0.0,0.0,0.0,5.0,15,6,8
131049,15,2,3,17,8,3,0,1,1,1,1,23,2,2,0.0,0.0,0.0,0.0,0.0,3.0,12,2,9
73505,16,2,1,17,15,3,0,1,0,1,2,18,2,2,0.0,0.0,0.0,0.0,0.0,2.0,21,3,6
149738,4,2,3,7,10,3,0,1,1,0,1,36,2,2,0.0,0.0,0.0,0.0,0.0,1.0,15,7,10
129335,16,2,3,17,6,3,0,5,1,1,2,36,2,2,0.0,0.0,0.0,0.0,0.0,2.0,10,6,9
113037,4,2,3,0,4,3,0,1,1,1,2,38,2,2,0.0,0.0,0.0,0.0,0.0,2.0,14,6,8
149457,16,2,3,10,8,3,0,1,1,1,2,19,2,2,0.0,0.0,0.0,0.0,0.0,2.0,16,5,10
46459,16,2,3,0,8,3,0,2,1,0,0,19,2,2,0.0,0.0,0.0,0.0,0.0,3.0,11,6,4
21254,4,2,3,10,8,3,0,1,0,1,2,19,2,2,0.0,0.0,0.0,0.0,0.0,2.0,12,5,2
132765,16,7,3,15,6,3,6,1,1,1,2,4,2,2,0.0,0.0,0.0,0.0,0.0,2.0,7,4,9
76671,16,7,3,15,2,3,6,1,1,1,1,12,2,2,0.0,0.0,0.0,0.0,0.0,2.0,12,1,6
78867,15,2,3,17,2,3,0,1,1,1,1,5,2,2,0.0,0.0,0.0,0.0,0.0,2.0,14,6,6
35760,15,2,3,17,6,3,0,1,1,1,2,36,2,2,0.0,0.0,0.0,0.0,0.0,2.0,16,7,3
164733,4,2,0,17,8,3,0,1,0,1,2,6,2,3,1.0,0.0,0.0,1.0,0.0,4.0,21,3,11
104020,16,2,3,15,8,3,0,1,1,1,1,23,2,2,0.0,0.0,0.0,0.0,0.0,2.0,16,4,8
38704,16,7,3,10,2,3,6,1,0,1,2,19,2,2,0.0,0.0,0.0,0.0,0.0,3.0,16,4,3
167371,16,2,3,9,6,3,0,1,0,1,0,26,2,1,1.0,0.0,1.0,0.0,0.0,1.0,13,2,11
81034,16,2,3,15,10,3,0,1,1,1,1,23,2,2,0.0,0.0,0.0,0.0,0.0,3.0,13,3,6
126526,16,2,3,10,8,3,0,1,1,1,2,19,2,2,0.0,0.0,0.0,0.0,0.0,2.0,14,4,9
165564,15,2,3,17,8,3,6,1,1,1,2,24,2,2,0.0,0.0,0.0,0.0,0.0,3.0,12,2,11
90892,15,2,3,17,8,3,0,1,1,1,2,18,2,2,0.0,0.0,0.0,0.0,0.0,2.0,12,5,7
83491,17,11,5,17,6,3,5,5,1,1,2,24,2,2,0.0,0.0,0.0,0.0,0.0,2.0,18,4,6
90692,16,2,3,10,3,3,0,1,1,1,1,19,2,2,0.0,0.0,0.0,0.0,0.0,2.0,12,3,7
112186,16,2,3,0,6,3,0,1,0,1,1,6,2,2,0.0,0.0,0.0,0.0,0.0,2.0,11,1,8
118795,16,2,0,17,6,3,0,1,1,1,2,19,2,2,0.0,0.0,0.0,0.0,0.0,2.0,21,4,8
185272,16,10,1,2,8,3,4,1,0,1,2,16,1,2,0.0,0.0,0.0,0.0,0.0,1.0,19,1,12
26788,15,2,3,0,8,3,0,1,1,1,2,5,2,2,0.0,0.0,0.0,0.0,0.0,2.0,14,3,2
36041,16,7,1,9,6,3,6,1,0,1,2,18,2,3,1.0,0.0,0.0,1.0,0.0,1.0,20,4,3
147980,16,2,1,15,2,3,0,5,1,1,2,36,2,2,0.0,0.0,0.0,0.0,0.0,2.0,22,6,10
121808,15,2,1,9,6,3,0,1,0,1,0,18,2,3,1.0,0.0,0.0,1.0,0.0,1.0,20,3,9
103194,16,2,3,17,2,3,0,1,0,1,2,24,2,3,1.0,0.0,0.0,1.0,0.0,1.0,12,6,7
106713,16,2,3,0,3,3,0,1,0,1,2,6,2,1,2.0,0.0,2.0,0.0,0.0,0.0,14,1,8
96309,4,2,1,10,13,3,0,1,1,1,2,19,2,2,0.0,0.0,0.0,0.0,0.0,2.0,23,6,7
97965,16,2,3,10,6,3,0,1,1,1,1,19,2,2,0.0,0.0,0.0,0.0,0.0,2.0,15,4,7
26648,16,2,3,0,6,3,0,1,0,1,2,6,5,4,1.0,0.0,0.0,0.0,1.0,4.0,9,1,2
55917,15,2,3,0,6,3,6,1,0,1,2,18,3,3,4.0,0.0,0.0,4.0,0.0,1.0,17,1,4
131256,17,2,4,17,10,3,5,5,1,1,2,36,2,2,0.0,0.0,0.0,0.0,0.0,3.0,18,3,9
64870,4,3,3,5,8,3,0,1,0,1,2,11,1,2,0.0,0.0,0.0,0.0,0.0,1.0,16,4,5
10300,16,2,1,17,2,3,0,1,1,1,1,36,2,2,0.0,0.0,0.0,0.0,0.0,2.0,20,5,1
124612,16,7,3,10,10,3,6,1,1,1,0,19,2,2,0.0,0.0,0.0,0.0,0.0,2.0,9,3,9
78953,16,2,3,10,8,3,0,1,1,1,0,19,2,2,0.0,0.0,0.0,0.0,0.0,3.0,12,6,6
102892,15,2,3,3,8,3,0,5,1,1,2,36,2,2,0.0,0.0,0.0,0.0,0.0,2.0,15,1,7
20355,16,6,3,10,8,3,2,1,1,1,2,21,2,2,0.0,0.0,0.0,0.0,0.0,2.0,16,6,2
27662,4,7,0,0,8,3,6,1,1,1,2,12,3,2,0.0,0.0,0.0,0.0,0.0,3.0,19,3,2
79780,16,2,3,15,6,3,0,1,0,1,2,23,3,1,2.0,0.0,1.0,1.0,0.0,2.0,9,5,6
61280,16,2,3,9,6,3,0,5,0,1,0,18,2,3,1.0,0.0,0.0,1.0,0.0,1.0,13,3,5
174022,16,2,3,0,6,3,0,5,0,1,2,6,3,3,2.0,0.0,0.0,2.0,0.0,1.0,12,6,12
30683,4,2,1,17,3,3,6,1,0,1,2,36,2,2,0.0,0.0,0.0,0.0,0.0,2.0,4,6,3
11423,15,7,3,0,6,3,1,5,0,1,2,36,2,1,2.0,0.0,1.0,1.0,0.0,0.0,10,3,1
8343,16,9,1,0,2,3,6,1,0,1,2,6,2,2,0.0,0.0,0.0,0.0,0.0,2.0,17,1,1
59242,15,2,1,10,8,3,0,5,1,1,2,19,2,2,0.0,0.0,0.0,0.0,0.0,3.0,20,6,5
171730,16,2,1,9,2,3,0,1,0,1,0,18,2,3,1.0,0.0,0.0,1.0,0.0,1.0,20,6,11
38263,16,7,3,0,8,3,6,1,0,1,2,10,2,3,2.0,0.0,0.0,2.0,0.0,1.0,16,3,3
12415,16,2,1,10,8,3,0,1,1,1,2,36,2,2,0.0,0.0,0.0,0.0,0.0,5.0,17,6,1
70869,4,2,3,17,2,3,0,1,1,1,2,12,2,2,0.0,0.0,0.0,0.0,0.0,2.0,18,7,5
84318,4,2,3,17,8,3,6,1,1,1,2,24,2,2,0.0,0.0,0.0,0.0,0.0,3.0,16,2,6
39407,16,2,3,17,8,3,0,5,1,1,0,18,2,2,0.0,0.0,0.0,0.0,0.0,2.0,13,2,3
172416,4,2,3,17,2,3,0,1,1,1,2,22,2,2,0.0,0.0,0.0,0.0,0.0,3.0,7,3,12
58881,4,2,1,17,3,3,5,1,0,1,2,19,2,4,1.0,0.0,0.0,0.0,1.0,1.0,20,7,5
5559,4,10,3,7,8,3,4,1,1,1,1,39,2,2,0.0,0.0,0.0,0.0,0.0,1.0,14,7,1
50953,16,7,1,17,8,3,6,1,0,1,2,18,2,2,0.0,0.0,0.0,0.0,0.0,3.0,22,2,4
138486,16,7,3,10,2,3,6,1,1,1,2,36,2,2,0.0,0.0,0.0,0.0,0.0,2.0,17,7,10
85372,15,2,3,0,5,3,0,5,1,1,2,36,2,2,0.0,0.0,0.0,0.0,0.0,3.0,11,4,6
187569,16,10,1,10,3,3,6,1,1,1,1,36,2,2,0.0,0.0,0.0,0.0,0.0,2.0,17,6,12
118477,16,2,1,2,10,3,0,1,0,1,2,24,1,3,1.0,0.0,0.0,1.0,0.0,0.0,1,6,8
106963,15,2,1,0,8,3,0,1,1,1,2,36,2,2,0.0,0.0,0.0,0.0,0.0,2.0,21,6,8
89831,16,2,3,17,8,3,0,1,1,1,2,12,2,2,0.0,0.0,0.0,0.0,0.0,2.0,18,3,7
180275,16,2,0,10,8,3,6,1,0,1,2,19,2,2,0.0,0.0,0.0,0.0,0.0,3.0,19,7,12
81140,16,2,4,7,6,3,0,5,0,1,2,24,3,2,0.0,0.0,0.0,0.0,0.0,1.0,19,5,6
112313,17,2,3,15,8,3,0,1,1,1,1,18,2,2,0.0,0.0,0.0,0.0,0.0,4.0,11,3,8
112472,16,2,3,15,8,3,0,1,1,1,0,17,2,2,0.0,0.0,0.0,0.0,0.0,2.0,11,4,8
19785,15,2,3,0,8,3,0,1,1,1,2,36,2,2,0.0,0.0,0.0,0.0,0.0,3.0,10,2,2
33078,15,2,4,17,8,3,0,1,1,1,2,18,2,2,0.0,0.0,0.0,0.0,0.0,2.0,19,4,3
15601,16,7,3,17,2,3,0,1,1,1,2,18,3,2,0.0,0.0,0.0,0.0,0.0,3.0,11,5,2
7432,16,2,4,17,6,3,0,1,0,1,2,6,2,3,2.0,0.0,0.0,1.0,1.0,1.0,0,1,1
121903,16,2,3,10,8,3,0,5,1,1,2,12,2,2,0.0,0.0,0.0,0.0,0.0,2.0,12,5,9
158985,16,11,1,17,3,3,5,1,0,1,2,6,2,3,1.0,0.0,0.0,1.0,0.0,1.0,1,1,11
128607,4,2,1,7,8,3,0,1,0,0,1,11,2,2,0.0,0.0,0.0,0.0,0.0,1.0,23,3,9
159595,16,2,1,15,18,3,0,1,1,1,2,22,2,2,0.0,0.0,0.0,0.0,0.0,5.0,18,3,11
38757,16,2,3,10,2,3,0,1,1,1,2,21,2,2,0.0,0.0,0.0,0.0,0.0,2.0,16,5,3
130352,16,2,1,0,6,3,0,1,0,1,2,6,2,4,2.0,0.0,0.0,0.0,2.0,2.0,22,6,9
70284,15,2,3,0,15,3,0,5,0,1,2,18,2,2,0.0,0.0,0.0,0.0,0.0,2.0,16,4,5
142722,16,2,3,0,3,3,0,1,0,1,2,6,2,2,0.0,0.0,0.0,0.0,0.0,2.0,12,4,10
45896,16,10,3,17,8,3,6,5,1,1,2,12,2,2,0.0,0.0,0.0,0.0,0.0,4.0,9,2,4
108433,16,2,3,17,6,3,0,1,0,1,2,24,2,3,1.0,0.0,0.0,1.0,0.0,2.0,17,1,8
97667,16,11,3,17,2,3,5,5,1,1,2,36,2,2,0.0,0.0,0.0,0.0,0.0,2.0,6,5,7
184186,15,2,3,10,8,3,6,1,0,1,0,16,2,4,2.0,0.0,0.0,0.0,2.0,1.0,9,5,12
149543,16,2,1,17,6,3,0,1,1,1,2,6,2,2,0.0,0.0,0.0,0.0,0.0,3.0,19,6,10
175850,16,2,1,17,6,3,0,1,0,1,2,6,2,2,0.0,0.0,0.0,0.0,0.0,2.0,20,5,12
146919,16,2,3,10,2,3,0,1,1,1,2,19,2,2,0.0,0.0,0.0,0.0,0.0,2.0,13,3,10
16244,15,10,3,10,8,3,4,1,1,1,1,19,2,2,0.0,0.0,0.0,0.0,0.0,2.0,17,5,2
172832,16,7,1,17,11,3,6,1,1,1,2,11,2,2,0.0,0.0,0.0,0.0,0.0,5.0,4,1,12
141990,16,3,1,10,6,3,0,1,1,1,2,19,2,2,0.0,0.0,0.0,0.0,0.0,2.0,23,6,10
14030,16,2,1,17,6,3,6,1,0,1,2,6,2,2,0.0,0.0,0.0,0.0,0.0,2.0,4,7,1