crash_date,               traffic_control_device,weather_condition,lighting_condition,first_crash_type,trafficway_type,alignment,roadway_surface_cond,road_defect,crash_type,intersection_related_i,damage,prim_contributory_cause,num_units,most_severe_injury,injuries_total,injuries_fatal,injuries_incapacitating,injuries_non_incapacitating,injuries_reported_not_evident,injuries_no_indication,crash_hour,crash_day_of_week,crash_month
108149,16,2,3,17,6,3,0,1,1,1,2,6,2,2,0.0,0.0,0.0,0.0,0.0,3.0,15,5,8
56946,4,7,1,15,6,3,5,5,1,1,2,23,2,2,0.0,0.0,0.0,0.0,0.0,2.0,23,5,5
185738,16,2,1,17,1,3,0,1,1,1,2,36,2,2,0.0,0.0,0.0,0.0,0.0,7.0,2,3,12
45604,16,2,3,10,3,3,0,1,1,1,2,19,2,2,0.0,0.0,0.0,0.0,0.0,2.0,12,5,4
105444,15,2,3,17,6,3,0,1,1,1,2,18,2,2,0.0,0.0,0.0,0.0,0.0,6.0,11,4,8
160390,4,10,3,0,8,4,4,1,0,1,2,36,2,2,0.0,0.0,0.0,0.0,0.0,2.0,8,6,11
61363,15,2,3,17,10,3,0,1,1,1,2,18,2,2,0.0,0.0,0.0,0.0,0.0,2.0,7,4,5
72525,15,2,3,0,6,3,0,1,0,1,2,18,2,3,5.0,0.0,0.0,5.0,0.0,1.0,10,3,6
83723,4,2,3,9,8,3,0,1,0,1,1,38,2,1,1.0,0.0,1.0,0.0,0.0,3.0,14,7,6
106820,15,2,3,0,6,3,0,1,1,1,2,18,2,2,0.0,0.0,0.0,0.0,0.0,2.0,17,3,8
131415,16,2,3,10,3,3,0,1,1,0,2,36,2,2,0.0,0.0,0.0,0.0,0.0,2.0,15,6,9
137838,15,2,1,10,6,3,6,1,0,1,2,17,2,2,0.0,0.0,0.0,0.0,0.0,3.0,20,5,10
861,16,2,1,14,6,3,0,1,1,1,1,37,2,2,0.0,0.0,0.0,0.0,0.0,2.0,18,2,1
89090,16,2,3,17,6,3,0,2,1,1,0,18,2,2,0.0,0.0,0.0,0.0,0.0,3.0,17,7,7
179871,16,7,1,9,8,3,6,5,0,1,0,39,2,3,1.0,0.0,0.0,1.0,0.0,1.0,17,4,12
181427,15,2,3,0,8,3,0,1,0,1,2,26,3,2,0.0,0.0,0.0,0.0,0.0,3.0,12,2,12
84392,16,2,3,10,8,3,0,1,1,1,0,19,2,2,0.0,0.0,0.0,0.0,0.0,2.0,17,4,6
170137,4,2,3,10,8,3,0,1,1,1,1,36,2,2,0.0,0.0,0.0,0.0,0.0,2.0,14,2,11
53160,16,7,3,17,18,3,6,1,0,1,2,19,2,2,0.0,0.0,0.0,0.0,0.0,3.0,19,7,4
134073,16,7,3,17,6,3,0,5,1,1,2,26,2,2,0.0,0.0,0.0,0.0,0.0,2.0,14,3,9
109159,4,2,3,9,8,3,0,1,1,1,0,18,2,2,0.0,0.0,0.0,0.0,0.0,2.0,12,5,8
160772,16,2,3,7,8,3,0,5,0,1,2,17,4,3,1.0,0.0,0.0,1.0,0.0,2.0,10,7,11
67540,16,2,1,17,11,3,0,1,0,1,2,24,2,2,0.0,0.0,0.0,0.0,0.0,2.0,4,5,5
13640,16,2,1,17,2,3,6,1,1,1,1,11,2,2,0.0,0.0,0.0,0.0,0.0,2.0,22,6,1
10394,4,2,3,0,8,3,0,1,1,1,2,18,2,2,0.0,0.0,0.0,0.0,0.0,2.0,13,7,1
175549,15,2,1,0,2,3,0,1,0,1,2,18,2,2,0.0,0.0,0.0,0.0,0.0,2.0,16,6,12
15533,16,2,3,17,1,3,0,1,0,1,2,18,2,4,1.0,0.0,0.0,0.0,1.0,2.0,8,5,2
142273,16,2,3,17,8,3,0,1,1,1,1,36,2,2,0.0,0.0,0.0,0.0,0.0,2.0,10,2,10
175034,15,2,0,17,8,3,0,1,1,1,2,18,2,2,0.0,0.0,0.0,0.0,0.0,2.0,19,5,12
10188,15,11,3,0,17,3,5,5,0,1,2,36,2,2,0.0,0.0,0.0,0.0,0.0,2.0,15,3,1
188058,16,2,3,10,8,3,6,5,1,1,2,36,2,2,0.0,0.0,0.0,0.0,0.0,3.0,12,4,12
370,15,11,0,0,6,3,0,1,1,1,2,36,2,2,0.0,0.0,0.0,0.0,0.0,2.0,3,1,1
175145,16,2,1,17,6,3,0,1,1,1,0,23,2,2,0.0,0.0,0.0,0.0,0.0,5.0,6,1,12
122981,16,2,3,17,6,3,0,1,0,1,2,36,2,2,0.0,0.0,0.0,0.0,0.0,3.0,14,7,9
123658,15,2,3,0,8,3,0,5,1,1,2,18,2,2,0.0,0.0,0.0,0.0,0.0,2.0,10,3,9
136536,15,2,3,10,10,3,0,1,1,0,2,19,2,2,0.0,0.0,0.0,0.0,0.0,2.0,15,6,9
67742,16,2,4,17,3,3,0,1,0,1,2,36,2,2,0.0,0.0,0.0,0.0,0.0,2.0,17,6,5
68525,16,2,1,10,6,3,0,1,0,1,2,19,2,4,1.0,0.0,0.0,0.0,1.0,1.0,21,5,5
167942,15,2,3,0,6,3,0,1,0,1,2,36,2,2,0.0,0.0,0.0,0.0,0.0,2.0,13,3,11
84462,15,7,3,0,15,3,6,1,1,1,0,18,3,2,0.0,0.0,0.0,0.0,0.0,3.0,16,5,6
179121,15,2,1,0,2,3,0,1,0,1,2,5,2,2,0.0,0.0,0.0,0.0,0.0,6.0,21,6,12
15700,15,2,0,9,8,3,6,1,1,1,0,18,2,2,0.0,0.0,0.0,0.0,0.0,2.0,20,7,2
111005,4,2,1,17,17,3,0,1,1,1,2,18,2,2,0.0,0.0,0.0,0.0,0.0,2.0,3,4,8
93135,4,2,3,17,8,3,0,1,0,1,2,17,2,3,1.0,0.0,0.0,1.0,0.0,1.0,12,5,7
117823,16,2,3,15,1,3,0,1,1,1,1,36,2,2,0.0,0.0,0.0,0.0,0.0,2.0,7,2,8
152447,16,7,3,10,2,3,6,1,1,1,0,19,2,2,0.0,0.0,0.0,0.0,0.0,2.0,12,7,10
21454,16,2,1,15,8,3,0,1,1,1,2,23,2,2,0.0,0.0,0.0,0.0,0.0,3.0,17,2,2
158888,16,2,1,10,2,3,0,1,1,1,2,36,2,2,0.0,0.0,0.0,0.0,0.0,3.0,20,6,11
124449,4,2,1,17,2,3,0,1,0,1,2,18,3,2,0.0,0.0,0.0,0.0,0.0,8.0,22,6,9
1084,4,2,3,17,8,3,6,1,1,1,2,18,2,2,0.0,0.0,0.0,0.0,0.0,2.0,12,4,1
58889,16,2,1,17,6,3,6,1,0,1,2,4,2,2,0.0,0.0,0.0,0.0,0.0,5.0,21,7,5
27956,16,2,1,17,10,3,0,1,1,1,2,23,2,2,0.0,0.0,0.0,0.0,0.0,2.0,21,2,2
44138,16,7,0,17,2,3,5,5,0,1,2,6,2,4,1.0,0.0,0.0,0.0,1.0,1.0,21,4,4
37476,16,2,3,17,6,3,0,1,1,1,0,36,2,2,0.0,0.0,0.0,0.0,0.0,3.0,7,2,3
89507,15,2,3,0,6,3,0,1,0,1,2,18,2,2,0.0,0.0,0.0,0.0,0.0,2.0,9,5,7
75286,4,2,3,10,8,3,0,1,0,1,1,36,2,3,1.0,0.0,0.0,1.0,0.0,1.0,13,3,6
124909,16,2,3,17,8,3,0,1,1,1,1,36,2,2,0.0,0.0,0.0,0.0,0.0,2.0,10,1,9
33023,4,2,3,0,8,3,0,1,0,0,2,18,2,2,0.0,0.0,0.0,0.0,0.0,3.0,7,2,3
59743,6,3,3,0,2,3,0,4,0,1,2,18,2,3,2.0,0.0,0.0,2.0,0.0,0.0,15,7,5
159448,16,2,3,10,6,3,0,1,0,1,0,17,2,4,1.0,0.0,0.0,0.0,1.0,1.0,13,1,11
32454,16,2,3,17,8,3,0,5,1,1,2,22,2,2,0.0,0.0,0.0,0.0,0.0,5.0,6,6,3
156588,15,2,3,0,2,3,0,1,1,1,0,36,2,2,0.0,0.0,0.0,0.0,0.0,2.0,7,2,11
73232,15,2,3,17,6,3,0,1,1,1,2,18,2,2,0.0,0.0,0.0,0.0,0.0,2.0,17,7,6
93029,4,2,3,17,8,3,0,1,0,1,2,17,2,2,0.0,0.0,0.0,0.0,0.0,2.0,17,4,7
114400,16,2,3,15,3,3,6,1,1,0,1,23,2,2,0.0,0.0,0.0,0.0,0.0,2.0,9,7,8
118000,16,2,3,0,6,3,0,1,1,1,2,18,2,2,0.0,0.0,0.0,0.0,0.0,2.0,18,6,8
72163,15,2,3,0,8,3,5,5,1,1,1,36,2,2,0.0,0.0,0.0,0.0,0.0,3.0,16,5,6
61303,4,2,3,10,3,3,0,1,0,1,2,19,2,1,7.0,0.0,2.0,5.0,0.0,0.0,6,3,5
100242,16,2,3,10,2,3,0,1,1,1,2,19,2,2,0.0,0.0,0.0,0.0,0.0,2.0,17,3,7
181747,16,2,0,11,6,3,0,1,1,1,1,38,2,2,0.0,0.0,0.0,0.0,0.0,2.0,19,1,12
14202,4,2,3,10,2,3,0,1,0,1,2,38,2,2,0.0,0.0,0.0,0.0,0.0,3.0,7,2,1
180728,16,2,1,17,2,3,6,1,1,0,2,24,2,2,0.0,0.0,0.0,0.0,0.0,3.0,6,6,12
57351,16,2,3,15,10,3,0,1,0,1,2,22,2,4,1.0,0.0,0.0,0.0,1.0,1.0,16,4,5
128250,4,2,3,17,8,3,0,1,1,0,1,36,2,2,0.0,0.0,0.0,0.0,0.0,4.0,14,7,9
132492,16,2,1,10,8,3,0,1,1,1,2,21,2,2,0.0,0.0,0.0,0.0,0.0,3.0,19,6,9
165960,16,2,3,0,8,3,0,1,0,1,2,6,2,2,0.0,0.0,0.0,0.0,0.0,6.0,14,1,11
9008,16,2,3,0,15,3,0,1,0,1,2,36,2,4,1.0,0.0,0.0,0.0,1.0,2.0,8,4,1
153790,15,7,2,0,8,3,6,5,0,1,1,18,3,2,0.0,0.0,0.0,0.0,0.0,3.0,19,7,10
180990,16,3,3,0,8,3,0,1,0,1,2,6,2,2,0.0,0.0,0.0,0.0,0.0,3.0,8,4,12
173705,4,2,3,17,15,3,0,1,1,1,1,18,2,2,0.0,0.0,0.0,0.0,0.0,2.0,9,3,12
89673,17,2,1,0,6,3,0,1,0,1,2,36,2,2,0.0,0.0,0.0,0.0,0.0,2.0,2,2,7
43099,16,2,3,17,10,3,6,1,1,1,2,36,2,2,0.0,0.0,0.0,0.0,0.0,2.0,16,3,4
120688,17,2,1,0,8,3,0,1,0,1,2,18,2,3,2.0,0.0,0.0,2.0,0.0,1.0,22,1,9
151449,16,2,1,17,6,3,0,1,1,1,2,24,2,2,0.0,0.0,0.0,0.0,0.0,2.0,1,5,10
82784,15,2,3,2,10,3,0,1,0,0,0,37,1,2,0.0,0.0,0.0,0.0,0.0,1.0,7,6,6
72933,15,2,1,0,2,3,0,1,0,1,2,18,2,4,1.0,0.0,0.0,0.0,1.0,2.0,0,1,6
34377,16,2,3,0,2,3,0,1,0,1,2,6,2,2,0.0,0.0,0.0,0.0,0.0,3.0,13,4,3
1806,16,2,1,17,6,3,0,1,1,1,2,36,2,2,0.0,0.0,0.0,0.0,0.0,2.0,20,4,1
98810,16,7,3,17,10,3,6,1,1,1,2,24,2,2,0.0,0.0,0.0,0.0,0.0,2.0,10,1,7
2452,1,2,1,17,2,3,0,1,1,1,2,24,2,2,0.0,0.0,0.0,0.0,0.0,3.0,16,7,1
175928,16,2,0,9,6,3,0,1,0,0,2,18,2,3,1.0,0.0,0.0,1.0,0.0,1.0,21,7,12
56382,16,2,3,0,8,3,0,1,1,1,1,18,2,2,0.0,0.0,0.0,0.0,0.0,2.0,7,2,5
50815,16,2,3,9,8,3,0,1,0,1,0,18,2,3,1.0,0.0,0.0,1.0,0.0,1.0,7,6,4
45391,15,2,1,0,11,3,0,1,1,1,2,12,2,2,0.0,0.0,0.0,0.0,0.0,2.0,22,7,4
134060,16,7,3,17,8,3,6,1,1,0,1,36,2,2,0.0,0.0,0.0,0.0,0.0,2.0,13,3,9
1137,16,2,1,10,8,3,0,1,1,1,2,19,3,2,0.0,0.0,0.0,0.0,0.0,3.0,21,5,1
148037,16,2,3,15,2,3,0,1,1,1,2,22,2,2,0.0,0.0,0.0,0.0,0.0,2.0,15,5,10
83292,16,2,3,10,8,3,0,1,1,1,1,36,3,2,0.0,0.0,0.0,0.0,0.0,5.0,17,7,6
29000,16,11,5,15,6,3,5,5,1,1,1,36,2,2,0.0,0.0,0.0,0.0,0.0,2.0,18,4,3
44384,4,11,3,17,8,3,5,5,1,1,1,18,2,2,0.0,0.0,0.0,0.0,0.0,2.0,16,4,4
145099,4,7,3,17,15,3,6,1,0,1,2,18,2,3,1.0,0.0,0.0,1.0,0.0,2.0,8,6,10
185972,17,7,1,11,6,3,6,1,0,1,2,17,2,3,2.0,0.0,0.0,1.0,1.0,1.0,18,2,12
38587,15,2,3,17,8,3,5,5,1,1,1,36,3,2,0.0,0.0,0.0,0.0,0.0,2.0,7,7,3
140977,16,2,1,0,6,3,0,1,1,1,2,6,2,2,0.0,0.0,0.0,0.0,0.0,2.0,4,1,10
9395,16,2,2,17,8,3,0,1,0,1,2,36,2,2,0.0,0.0,0.0,0.0,0.0,2.0,5,4,1
181028,16,2,1,17,18,3,0,1,0,1,2,6,2,1,4.0,0.0,3.0,1.0,0.0,1.0,17,5,12
72138,16,2,3,17,15,3,0,1,1,1,2,18,2,2,0.0,0.0,0.0,0.0,0.0,2.0,12,4,6
48885,16,2,3,0,2,3,0,1,0,1,2,36,2,1,1.0,0.0,1.0,0.0,0.0,1.0,7,7,4
155208,15,2,1,17,8,3,6,1,1,1,1,18,2,2,0.0,0.0,0.0,0.0,0.0,2.0,6,4,10
101282,16,2,3,10,8,4,0,1,0,1,2,17,3,3,3.0,0.0,0.0,3.0,0.0,3.0,18,5,7
33789,4,2,3,17,2,3,0,1,0,1,2,18,2,2,0.0,0.0,0.0,0.0,0.0,2.0,8,3,3
61598,15,2,1,17,1,3,0,1,1,1,2,24,2,2,0.0,0.0,0.0,0.0,0.0,5.0,20,6,5
109491,16,2,3,17,10,3,0,1,1,1,0,22,2,2,0.0,0.0,0.0,0.0,0.0,2.0,7,3,8
35183,16,2,3,10,2,3,0,1,1,1,0,19,2,2,0.0,0.0,0.0,0.0,0.0,2.0,16,4,3
59586,16,2,3,17,2,3,0,1,1,1,1,24,2,2,0.0,0.0,0.0,0.0,0.0,2.0,9,3,5
159546,16,2,3,0,8,3,0,1,0,1,2,18,3,3,1.0,0.0,0.0,1.0,0.0,4.0,8,2,11
13984,16,2,3,0,6,3,0,1,0,1,2,6,2,3,2.0,0.0,0.0,2.0,0.0,0.0,8,6,1
69885,16,2,3,17,1,3,0,5,1,1,2,18,2,2,0.0,0.0,0.0,0.0,0.0,3.0,15,6,5
16731,16,2,3,0,8,3,6,1,1,1,2,36,2,2,0.0,0.0,0.0,0.0,0.0,2.0,15,7,2
56843,15,2,3,0,2,3,0,1,1,1,2,18,2,2,0.0,0.0,0.0,0.0,0.0,2.0,16,3,5
92370,4,7,2,17,6,3,6,1,0,1,2,18,2,2,0.0,0.0,0.0,0.0,0.0,2.0,17,3,7
171167,15,2,1,8,8,3,0,1,1,1,0,38,2,2,0.0,0.0,0.0,0.0,0.0,2.0,17,4,11
98495,16,3,3,0,8,3,0,1,1,1,2,6,2,2,0.0,0.0,0.0,0.0,0.0,2.0,11,4,7
63726,16,2,3,17,3,3,0,1,0,1,2,17,2,3,1.0,0.0,0.0,1.0,0.0,1.0,17,5,5
156538,16,2,3,11,6,3,0,1,1,1,0,21,2,2,0.0,0.0,0.0,0.0,0.0,2.0,10,7,11
117656,15,2,3,17,6,3,0,1,1,0,1,22,2,2,0.0,0.0,0.0,0.0,0.0,2.0,15,2,8
130507,16,2,1,2,3,3,0,1,1,1,2,24,1,2,0.0,0.0,0.0,0.0,0.0,1.0,2,2,9
171396,16,2,3,10,8,3,0,1,0,1,2,2,2,2,0.0,0.0,0.0,0.0,0.0,2.0,8,2,11
123688,16,2,3,0,6,3,0,1,0,1,2,17,2,3,2.0,0.0,0.0,2.0,0.0,0.0,16,4,9
93734,16,3,3,10,2,3,0,1,1,1,2,19,2,2,0.0,0.0,0.0,0.0,0.0,2.0,7,2,7
22090,16,2,3,17,8,3,0,1,1,1,1,24,2,2,0.0,0.0,0.0,0.0,0.0,2.0,13,5,2
9978,16,11,0,10,2,3,5,5,1,1,2,19,3,2,0.0,0.0,0.0,0.0,0.0,3.0,18,7,1
172145,16,2,1,15,2,3,0,1,1,1,1,36,2,2,0.0,0.0,0.0,0.0,0.0,2.0,18,3,12
131248,15,2,3,17,2,3,0,1,0,1,2,18,2,4,1.0,0.0,0.0,0.0,1.0,1.0,16,3,9
84611,16,2,0,15,16,3,0,5,1,1,2,23,2,2,0.0,0.0,0.0,0.0,0.0,2.0,23,7,6
14486,4,2,3,0,3,3,6,5,1,1,2,36,2,2,0.0,0.0,0.0,0.0,0.0,3.0,14,2,1
83064,16,2,3,15,1,3,0,1,1,0,2,36,2,2,0.0,0.0,0.0,0.0,0.0,2.0,15,6,6
160860,16,10,1,17,1,3,4,1,0,1,2,6,2,3,2.0,0.0,0.0,2.0,0.0,0.0,5,6,11
6645,4,2,2,15,6,3,0,1,1,1,2,36,2,2,0.0,0.0,0.0,0.0,0.0,3.0,13,3,1
112256,17,2,3,15,8,3,0,5,1,1,1,26,2,2,0.0,0.0,0.0,0.0,0.0,2.0,13,3,8
89004,4,2,4,10,15,3,0,1,0,1,2,5,2,2,0.0,0.0,0.0,0.0,0.0,2.0,2,6,7
85043,6,7,3,10,11,3,6,1,1,1,0,12,2,2,0.0,0.0,0.0,0.0,0.0,3.0,10,7,6
103095,16,2,3,0,3,3,0,1,0,1,2,5,2,2,0.0,0.0,0.0,0.0,0.0,2.0,9,5,7
15008,16,2,3,10,2,3,0,1,1,1,2,12,2,2,0.0,0.0,0.0,0.0,0.0,2.0,9,3,1
60253,16,7,1,10,2,3,6,1,0,1,2,39,2,4,1.0,0.0,0.0,0.0,1.0,3.0,1,1,5
117506,16,2,1,15,8,3,0,1,1,1,1,23,2,2,0.0,0.0,0.0,0.0,0.0,2.0,22,5,8
79513,16,2,3,10,2,3,0,1,1,0,1,19,2,2,0.0,0.0,0.0,0.0,0.0,4.0,9,7,6
57410,16,2,3,17,11,3,0,1,0,0,2,36,2,3,1.0,0.0,0.0,1.0,0.0,2.0,17,6,5
156412,15,2,3,17,8,3,0,1,0,1,2,5,2,2,0.0,0.0,0.0,0.0,0.0,2.0,13,6,11
118335,16,2,3,10,8,3,0,1,1,1,2,19,3,2,0.0,0.0,0.0,0.0,0.0,3.0,16,3,8
119691,16,2,3,0,6,3,0,1,1,1,2,6,3,2,0.0,0.0,0.0,0.0,0.0,5.0,7,2,8
164398,16,2,0,15,8,3,0,1,1,1,1,23,2,2,0.0,0.0,0.0,0.0,0.0,2.0,22,7,11
51725,16,2,1,15,10,3,0,1,1,1,1,26,2,2,0.0,0.0,0.0,0.0,0.0,2.0,0,1,4
96736,16,7,3,17,6,3,6,1,1,1,1,35,2,2,0.0,0.0,0.0,0.0,0.0,2.0,9,5,7
71252,15,2,3,17,17,3,5,5,1,1,2,36,2,2,0.0,0.0,0.0,0.0,0.0,3.0,17,5,5
22634,16,2,1,0,8,3,6,1,1,1,2,6,2,2,0.0,0.0,0.0,0.0,0.0,3.0,23,7,2
14095,16,5,4,10,8,3,6,1,0,1,2,39,3,2,0.0,0.0,0.0,0.0,0.0,4.0,19,1,1
92880,4,2,3,13,6,3,0,1,0,1,2,18,2,2,0.0,0.0,0.0,0.0,0.0,2.0,14,4,7
5271,16,2,3,17,6,3,0,1,0,1,2,36,3,3,1.0,0.0,0.0,1.0,0.0,2.0,8,4,1
34456,16,2,3,15,2,3,0,1,1,1,0,12,2,2,0.0,0.0,0.0,0.0,0.0,4.0,15,5,3
32762,17,9,3,17,6,3,6,5,0,1,2,36,2,4,1.0,0.0,0.0,0.0,1.0,1.0,13,6,3
27037,15,11,1,0,15,3,5,1,1,1,2,36,2,2,0.0,0.0,0.0,0.0,0.0,2.0,21,7,2
95420,16,2,3,10,15,3,0,1,0,1,2,12,2,2,0.0,0.0,0.0,0.0,0.0,2.0,8,7,7
12539,15,2,3,0,8,3,0,1,1,1,1,5,2,2,0.0,0.0,0.0,0.0,0.0,2.0,12,7,1
40187,15,2,3,0,8,3,0,1,0,1,2,36,2,3,1.0,0.0,0.0,1.0,0.0,2.0,17,3,3
14352,4,2,3,0,15,3,0,1,0,1,2,5,2,1,1.0,0.0,1.0,0.0,0.0,4.0,8,5,1
1067,16,10,3,17,1,3,6,1,0,1,2,18,2,2,0.0,0.0,0.0,0.0,0.0,2.0,10,4,1
53049,16,2,0,10,8,3,0,1,0,1,1,19,2,4,1.0,0.0,0.0,0.0,1.0,1.0,20,4,4
18071,15,3,3,10,8,3,1,5,1,1,2,39,2,2,0.0,0.0,0.0,0.0,0.0,2.0,16,1,2
184982,4,3,3,10,7,4,0,4,0,1,2,17,2,2,0.0,0.0,0.0,0.0,0.0,2.0,13,5,12
131034,15,2,3,15,8,3,0,1,1,0,1,22,2,2,0.0,0.0,0.0,0.0,0.0,2.0,8,2,9
180293,4,2,3,10,3,3,0,1,0,1,2,36,2,3,1.0,0.0,0.0,1.0,0.0,3.0,11,7,12
148431,16,2,3,17,6,3,0,1,0,1,2,6,2,3,1.0,0.0,0.0,1.0,0.0,2.0,11,4,10
1473,15,2,3,10,2,3,1,1,1,1,2,36,2,2,0.0,0.0,0.0,0.0,0.0,2.0,9,2,1
46973,16,2,3,17,6,3,5,5,1,1,1,19,2,2,0.0,0.0,0.0,0.0,0.0,2.0,15,3,4
60411,16,2,3,0,6,3,0,1,0,1,2,36,2,3,2.0,0.0,0.0,2.0,0.0,2.0,7,3,5
76859,16,2,3,3,8,3,0,1,0,1,2,18,2,3,1.0,0.0,0.0,1.0,0.0,1.0,19,5,6
21623,16,2,3,10,2,3,4,1,1,1,2,19,2,2,0.0,0.0,0.0,0.0,0.0,2.0,11,2,2
10520,4,2,3,10,3,3,6,5,1,0,2,36,2,2,0.0,0.0,0.0,0.0,0.0,2.0,17,6,1
92356,16,2,3,10,10,3,0,1,1,1,2,19,2,2,0.0,0.0,0.0,0.0,0.0,2.0,14,3,7
179731,17,11,3,7,10,3,5,5,1,0,2,36,3,2,0.0,0.0,0.0,0.0,0.0,1.0,14,2,12
66500,16,2,3,15,3,3,0,1,1,1,2,22,2,2,0.0,0.0,0.0,0.0,0.0,2.0,8,3,5
32878,16,2,3,10,2,3,0,1,1,1,2,12,2,2,0.0,0.0,0.0,0.0,0.0,2.0,10,1,3
188076,15,10,0,17,1,3,4,5,1,1,2,18,2,2,0.0,0.0,0.0,0.0,0.0,2.0,1,7,12
165899,15,7,3,0,8,3,6,1,0,1,2,17,2,3,1.0,0.0,0.0,1.0,0.0,2.0,11,2,11
137719,15,2,3,0,8,3,0,1,1,1,2,18,2,2,0.0,0.0,0.0,0.0,0.0,3.0,8,2,10
66191,15,2,3,7,6,3,0,1,1,1,2,28,3,2,0.0,0.0,0.0,0.0,0.0,1.0,18,3,5
135167,15,2,3,17,11,3,0,1,1,0,2,36,2,2,0.0,0.0,0.0,0.0,0.0,2.0,8,2,9
157384,16,2,3,17,2,3,0,6,0,1,2,24,2,3,1.0,0.0,0.0,1.0,0.0,1.0,13,4,11
40146,15,2,3,15,11,3,0,1,1,1,2,18,2,2,0.0,0.0,0.0,0.0,0.0,3.0,14,1,3
86432,15,2,3,17,8,3,0,1,1,1,2,36,2,2,0.0,0.0,0.0,0.0,0.0,4.0,15,1,6
28637,16,2,3,10,6,3,0,1,0,1,2,19,2,4,1.0,0.0,0.0,0.0,1.0,1.0,12,4,3
122544,16,2,1,0,6,3,0,1,1,1,2,36,2,2,0.0,0.0,0.0,0.0,0.0,3.0,23,7,9
31926,16,3,3,10,2,3,0,1,1,1,0,36,2,2,0.0,0.0,0.0,0.0,0.0,2.0,16,5,3
147266,16,2,3,17,6,3,0,1,1,1,1,36,2,2,0.0,0.0,0.0,0.0,0.0,2.0,9,2,10
64404,15,7,3,0,8,3,6,1,0,1,1,5,2,2,0.0,0.0,0.0,0.0,0.0,2.0,10,3,5
118426,16,2,3,8,8,3,0,1,0,1,2,18,2,4,1.0,0.0,0.0,0.0,1.0,1.0,16,4,8
155644,16,3,2,15,2,3,0,1,1,1,2,24,2,2,0.0,0.0,0.0,0.0,0.0,2.0,7,5,10
2483,4,2,3,0,2,3,0,1,0,1,2,17,3,3,1.0,0.0,0.0,1.0,0.0,2.0,9,7,1
77576,16,2,4,3,2,3,0,1,0,0,2,36,2,4,1.0,0.0,0.0,0.0,1.0,2.0,19,3,6
180774,16,2,2,10,3,3,0,1,0,1,2,37,2,4,1.0,0.0,0.0,0.0,1.0,1.0,6,7,12
108236,16,2,3,17,8,3,0,1,0,1,2,36,2,3,1.0,0.0,0.0,1.0,0.0,1.0,16,4,8
60076,16,2,3,17,10,3,0,1,1,1,1,24,2,2,0.0,0.0,0.0,0.0,0.0,2.0,6,4,5
177108,16,2,3,15,8,3,0,1,1,1,2,18,4,2,0.0,0.0,0.0,0.0,0.0,4.0,12,2,12
68738,15,7,1,0,8,3,6,5,0,1,2,18,3,3,2.0,0.0,0.0,2.0,0.0,3.0,0,7,5
67330,15,2,1,0,18,3,0,1,1,1,0,5,2,2,0.0,0.0,0.0,0.0,0.0,8.0,1,1,5
141182,4,7,1,10,2,3,6,1,1,1,1,39,2,2,0.0,0.0,0.0,0.0,0.0,2.0,23,1,10
9388,16,2,3,15,2,3,0,1,1,1,2,36,2,2,0.0,0.0,0.0,0.0,0.0,3.0,15,4,1
36316,4,2,1,9,8,3,0,1,0,1,0,18,2,3,1.0,0.0,0.0,1.0,0.0,1.0,21,1,3
21584,16,2,0,10,2,3,0,1,1,0,1,36,2,2,0.0,0.0,0.0,0.0,0.0,2.0,18,4,2
48908,4,2,1,17,2,3,0,1,0,1,2,17,2,2,0.0,0.0,0.0,0.0,0.0,3.0,22,7,4
116312,16,2,3,17,3,3,0,1,1,1,1,36,2,2,0.0,0.0,0.0,0.0,0.0,4.0,18,7,8
88341,16,2,3,10,8,3,0,1,1,1,1,36,2,2,0.0,0.0,0.0,0.0,0.0,3.0,8,2,7
65979,15,2,1,0,8,3,0,1,1,1,2,36,2,2,0.0,0.0,0.0,0.0,0.0,2.0,22,7,5
52771,16,2,3,10,6,3,0,1,1,1,2,36,2,2,0.0,0.0,0.0,0.0,0.0,4.0,12,7,4
39464,16,2,3,10,2,3,0,3,1,1,1,19,2,2,0.0,0.0,0.0,0.0,0.0,3.0,12,2,3
89508,15,2,0,10,6,3,0,1,1,1,2,19,2,2,0.0,0.0,0.0,0.0,0.0,2.0,21,5,7
174586,16,7,4,17,6,3,6,1,1,1,1,12,2,2,0.0,0.0,0.0,0.0,0.0,2.0,13,1,12
34467,16,2,1,10,8,3,0,1,1,1,1,36,2,2,0.0,0.0,0.0,0.0,0.0,2.0,18,5,3
185661,15,2,3,17,9,3,0,1,1,1,2,18,2,2,0.0,0.0,0.0,0.0,0.0,2.0,8,3,12
24786,16,2,3,17,2,3,0,1,1,1,2,24,2,2,0.0,0.0,0.0,0.0,0.0,3.0,7,4,2
10102,16,4,0,0,8,3,6,1,0,1,2,28,2,3,1.0,0.0,0.0,1.0,0.0,3.0,20,1,1
117738,15,2,3,14,10,3,0,1,1,1,1,21,2,2,0.0,0.0,0.0,0.0,0.0,3.0,12,7,8
148294,16,2,3,17,8,3,0,1,1,1,2,18,2,2,0.0,0.0,0.0,0.0,0.0,2.0,9,2,10
101157,16,2,1,0,6,3,0,1,0,1,2,18,2,2,0.0,0.0,0.0,0.0,0.0,4.0,22,4,7
158911,16,2,3,17,10,3,0,1,1,1,1,19,2,2,0.0,0.0,0.0,0.0,0.0,2.0,11,6,11
75976,16,7,3,17,2,3,6,1,0,1,2,36,2,2,0.0,0.0,0.0,0.0,0.0,2.0,17,7,6