crash_date,               traffic_control_device,weather_condition,lighting_condition,first_crash_type,trafficway_type,alignment,roadway_surface_cond,road_defect,crash_type,intersection_related_i,damage,prim_contributory_cause,num_units,most_severe_injury,injuries_total,injuries_fatal,injuries_incapacitating,injuries_non_incapacitating,injuries_reported_not_evident,injuries_no_indication,crash_hour,crash_day_of_week,crash_month
3692,15,2,3,10,8,3,0,1,1,1,2,19,2,2,0.0,0.0,0.0,0.0,0.0,2.0,10,7,1
27950,15,2,1,0,6,3,0,5,0,1,2,26,2,2,0.0,0.0,0.0,0.0,0.0,3.0,20,2,2
96153,16,2,3,15,10,3,0,1,1,1,1,36,2,2,0.0,0.0,0.0,0.0,0.0,2.0,13,4,7
187294,16,7,1,17,3,3,6,1,0,1,2,18,2,2,0.0,0.0,0.0,0.0,0.0,9.0,13,3,12
156124,16,2,1,10,6,3,5,5,1,1,2,17,2,2,0.0,0.0,0.0,0.0,0.0,2.0,0,3,11
92198,4,2,3,7,3,3,0,1,1,1,0,18,2,2,0.0,0.0,0.0,0.0,0.0,1.0,10,6,7
73950,16,2,3,10,2,3,0,1,1,1,1,17,2,2,0.0,0.0,0.0,0.0,0.0,3.0,7,3,6
174157,4,3,3,17,15,3,0,1,1,1,2,36,2,2,0.0,0.0,0.0,0.0,0.0,2.0,14,2,12
21789,16,2,3,17,8,3,5,5,1,1,1,36,2,2,0.0,0.0,0.0,0.0,0.0,4.0,16,7,2
15042,4,2,1,14,6,3,0,1,0,1,1,19,2,4,1.0,0.0,0.0,0.0,1.0,2.0,20,4,1
95254,16,2,3,17,6,3,0,1,0,1,2,18,2,3,3.0,0.0,0.0,3.0,0.0,0.0,15,5,7
185203,16,2,3,17,18,3,0,1,0,1,2,24,2,2,0.0,0.0,0.0,0.0,0.0,2.0,10,2,12
122282,4,2,3,17,2,3,0,1,0,1,2,26,2,3,3.0,0.0,0.0,3.0,0.0,2.0,15,3,9
188098,16,2,1,3,3,3,6,1,0,1,2,37,2,3,1.0,0.0,0.0,1.0,0.0,1.0,4,7,12
46027,16,2,1,10,8,3,0,1,0,1,2,36,2,2,0.0,0.0,0.0,0.0,0.0,2.0,2,6,4
114625,15,2,3,14,11,3,6,1,1,1,1,24,2,2,0.0,0.0,0.0,0.0,0.0,2.0,11,2,8
89022,15,2,3,0,15,3,0,1,1,1,2,36,2,2,0.0,0.0,0.0,0.0,0.0,2.0,17,6,7
14640,16,2,3,10,8,3,0,1,1,1,1,36,2,2,0.0,0.0,0.0,0.0,0.0,2.0,15,4,1
130893,16,2,3,17,6,3,0,1,0,1,2,9,2,2,0.0,0.0,0.0,0.0,0.0,2.0,17,7,9
146580,16,2,3,17,8,3,0,1,0,1,2,18,2,2,0.0,0.0,0.0,0.0,0.0,2.0,15,6,10
79380,16,2,3,10,8,3,0,1,1,1,0,28,2,2,0.0,0.0,0.0,0.0,0.0,2.0,13,6,6
14136,16,2,3,9,6,3,0,1,0,1,0,36,2,1,1.0,0.0,1.0,0.0,0.0,1.0,16,2,1
106494,16,2,3,17,8,3,0,1,0,1,2,36,2,4,2.0,0.0,0.0,0.0,2.0,0.0,17,6,8
173215,16,2,4,17,11,3,0,1,1,1,1,9,2,2,0.0,0.0,0.0,0.0,0.0,2.0,15,5,12
75064,16,2,0,17,8,3,0,1,0,1,2,6,2,3,4.0,0.0,0.0,4.0,0.0,1.0,20,5,6
36348,16,2,3,15,8,3,0,1,1,1,2,36,2,2,0.0,0.0,0.0,0.0,0.0,2.0,15,2,3
160213,16,2,1,10,15,3,0,1,1,1,0,36,2,2,0.0,0.0,0.0,0.0,0.0,2.0,18,6,11
75130,16,2,3,10,3,3,0,1,1,1,1,19,2,2,0.0,0.0,0.0,0.0,0.0,2.0,18,6,6
126209,17,2,2,15,6,3,0,5,1,0,2,26,2,2,0.0,0.0,0.0,0.0,0.0,2.0,20,4,9
143608,16,2,1,10,2,3,0,1,1,1,2,36,2,2,0.0,0.0,0.0,0.0,0.0,3.0,21,6,10
3257,16,2,3,10,8,3,0,1,1,1,2,36,2,2,0.0,0.0,0.0,0.0,0.0,2.0,13,7,1
4796,16,2,3,17,8,4,6,5,0,1,2,26,3,3,1.0,0.0,0.0,1.0,0.0,3.0,7,4,1
69309,16,7,3,10,2,3,6,1,0,1,2,8,2,1,1.0,0.0,1.0,0.0,0.0,1.0,18,2,5
44989,16,2,3,10,10,3,0,1,1,1,2,36,3,2,0.0,0.0,0.0,0.0,0.0,5.0,17,7,4
102611,4,2,3,0,8,3,0,1,0,1,2,36,2,2,0.0,0.0,0.0,0.0,0.0,2.0,16,5,7
99929,15,2,3,0,15,3,0,1,0,1,2,5,3,3,1.0,0.0,0.0,1.0,0.0,3.0,18,6,7
158067,15,3,3,10,8,3,6,1,1,1,2,19,2,2,0.0,0.0,0.0,0.0,0.0,3.0,13,1,11
1267,8,2,3,17,6,3,5,5,1,1,2,36,2,2,0.0,0.0,0.0,0.0,0.0,5.0,14,2,1
54890,16,2,3,17,6,3,0,1,1,1,2,24,2,2,0.0,0.0,0.0,0.0,0.0,2.0,13,6,4
21324,4,2,3,7,10,3,4,1,1,0,2,17,2,2,0.0,0.0,0.0,0.0,0.0,1.0,8,6,2
169880,16,2,1,17,8,3,6,1,1,1,2,36,2,2,0.0,0.0,0.0,0.0,0.0,2.0,0,5,11
188964,16,2,1,10,8,3,0,1,0,0,2,17,2,4,1.0,0.0,0.0,0.0,1.0,1.0,1,1,12
177407,16,2,1,17,6,3,0,1,0,1,2,11,2,2,0.0,0.0,0.0,0.0,0.0,2.0,1,6,12
110028,16,2,3,0,8,3,0,1,1,1,2,23,2,2,0.0,0.0,0.0,0.0,0.0,2.0,11,2,8
84775,16,2,3,17,10,3,0,1,1,1,1,18,2,2,0.0,0.0,0.0,0.0,0.0,2.0,14,3,6
108753,4,2,3,10,8,3,0,1,1,1,1,19,2,2,0.0,0.0,0.0,0.0,0.0,2.0,19,5,8
141830,15,2,3,0,6,3,0,1,1,1,2,6,2,2,0.0,0.0,0.0,0.0,0.0,2.0,9,3,10
118002,17,2,3,15,3,3,0,1,1,1,1,36,2,2,0.0,0.0,0.0,0.0,0.0,2.0,7,6,8
7243,16,3,3,17,8,3,0,1,1,1,1,22,2,2,0.0,0.0,0.0,0.0,0.0,4.0,10,4,1
142081,4,2,1,17,2,3,0,1,1,1,2,36,2,2,0.0,0.0,0.0,0.0,0.0,2.0,21,1,10
46547,15,2,3,11,8,3,0,1,1,1,1,21,2,2,0.0,0.0,0.0,0.0,0.0,2.0,17,1,4
181820,15,2,3,17,6,3,0,1,1,1,2,36,2,2,0.0,0.0,0.0,0.0,0.0,2.0,8,3,12
127627,16,2,3,10,8,3,0,1,1,1,0,19,2,2,0.0,0.0,0.0,0.0,0.0,2.0,18,4,9
59277,16,2,3,17,6,3,0,1,0,1,2,36,2,3,1.0,0.0,0.0,1.0,0.0,1.0,13,7,5
49691,16,2,1,15,8,3,0,1,1,1,2,26,2,2,0.0,0.0,0.0,0.0,0.0,5.0,0,1,4
77476,17,11,5,9,6,3,5,5,0,1,2,18,2,3,1.0,0.0,0.0,1.0,0.0,1.0,15,1,6
125125,15,2,3,7,6,3,0,1,1,1,1,32,2,2,0.0,0.0,0.0,0.0,0.0,1.0,9,2,9
111766,15,2,3,0,8,3,5,5,1,1,2,28,2,2,0.0,0.0,0.0,0.0,0.0,2.0,17,2,8
131848,15,2,3,14,10,3,0,1,1,1,2,21,2,2,0.0,0.0,0.0,0.0,0.0,2.0,13,5,9
1414,15,3,3,0,6,3,0,1,0,1,2,18,2,2,0.0,0.0,0.0,0.0,0.0,4.0,9,4,1
60985,16,2,3,17,3,3,0,1,0,1,2,24,2,2,0.0,0.0,0.0,0.0,0.0,2.0,15,6,5
141311,16,2,3,10,8,3,0,1,1,1,2,2,2,2,0.0,0.0,0.0,0.0,0.0,2.0,9,4,10
110642,16,2,3,2,8,3,0,1,0,1,2,36,1,2,0.0,0.0,0.0,0.0,0.0,1.0,17,6,8
43935,16,2,3,17,8,3,0,1,1,1,2,6,2,2,0.0,0.0,0.0,0.0,0.0,4.0,19,2,4
114067,16,2,1,10,8,2,0,1,1,1,2,36,2,2,0.0,0.0,0.0,0.0,0.0,2.0,19,1,8
179009,16,2,1,0,8,3,0,1,1,1,2,36,2,2,0.0,0.0,0.0,0.0,0.0,2.0,6,5,12
53407,4,2,4,17,4,3,5,5,0,0,2,18,2,3,1.0,0.0,0.0,1.0,0.0,1.0,19,5,4
147101,15,2,1,10,8,3,0,1,0,1,2,5,2,2,0.0,0.0,0.0,0.0,0.0,2.0,22,5,10
145789,15,2,3,15,2,3,0,1,1,1,2,22,2,2,0.0,0.0,0.0,0.0,0.0,2.0,16,7,10
131004,15,2,3,0,2,3,0,1,1,1,2,18,2,2,0.0,0.0,0.0,0.0,0.0,4.0,14,2,9
163810,16,2,1,17,2,3,0,1,1,1,2,23,2,2,0.0,0.0,0.0,0.0,0.0,2.0,20,6,11
34474,4,2,1,0,8,3,0,1,0,0,2,36,2,3,1.0,0.0,0.0,1.0,0.0,2.0,19,5,3
14713,16,10,1,17,8,3,4,1,1,1,1,36,2,2,0.0,0.0,0.0,0.0,0.0,2.0,17,5,1
36786,16,2,5,17,3,3,0,1,0,1,2,6,2,3,1.0,0.0,0.0,1.0,0.0,2.0,13,3,3
183675,4,2,3,0,8,3,0,1,0,1,2,18,2,2,0.0,0.0,0.0,0.0,0.0,2.0,11,5,12
134013,4,2,3,7,8,3,0,1,0,1,2,17,3,4,1.0,0.0,0.0,0.0,1.0,0.0,14,1,9
55965,17,2,3,17,3,3,5,5,1,1,1,36,2,2,0.0,0.0,0.0,0.0,0.0,2.0,16,3,4
79355,4,2,3,10,8,3,0,1,0,1,1,36,4,2,0.0,0.0,0.0,0.0,0.0,4.0,18,5,6
46259,15,2,3,9,7,3,0,5,0,1,0,18,2,3,1.0,0.0,0.0,1.0,0.0,1.0,8,3,4
172789,15,2,1,0,8,3,0,1,1,1,1,18,2,2,0.0,0.0,0.0,0.0,0.0,2.0,19,7,12
140519,16,7,3,10,8,3,6,1,1,1,2,19,2,2,0.0,0.0,0.0,0.0,0.0,2.0,8,6,10
64893,16,2,1,17,3,3,0,1,0,1,2,18,2,2,0.0,0.0,0.0,0.0,0.0,5.0,20,4,5
147930,16,2,3,17,6,3,0,5,1,1,2,36,2,2,0.0,0.0,0.0,0.0,0.0,4.0,15,6,10
76514,16,2,1,17,15,3,0,1,1,1,2,35,2,2,0.0,0.0,0.0,0.0,0.0,3.0,22,1,6
186552,4,7,3,17,2,3,6,1,0,1,2,24,2,4,1.0,0.0,0.0,0.0,1.0,2.0,13,5,12
69950,16,7,3,17,8,3,6,1,0,1,2,36,2,3,1.0,0.0,0.0,1.0,0.0,1.0,12,6,5
141047,16,2,3,4,3,3,0,1,0,1,2,36,1,2,0.0,0.0,0.0,0.0,0.0,1.0,11,6,10
174207,16,2,3,17,6,3,5,5,1,1,2,23,2,2,0.0,0.0,0.0,0.0,0.0,2.0,11,2,12
168883,15,7,3,17,15,3,6,1,1,1,2,36,2,2,0.0,0.0,0.0,0.0,0.0,2.0,12,3,11
32111,15,7,3,10,8,3,6,1,1,1,2,17,2,2,0.0,0.0,0.0,0.0,0.0,2.0,16,2,3
187359,16,2,1,17,6,3,0,1,1,1,2,24,2,2,0.0,0.0,0.0,0.0,0.0,3.0,17,4,12
128861,4,2,1,0,11,3,0,1,1,1,2,12,3,2,0.0,0.0,0.0,0.0,0.0,2.0,18,1,9
92946,16,2,1,0,6,3,0,5,0,1,2,6,2,2,0.0,0.0,0.0,0.0,0.0,2.0,23,4,7
56138,16,7,3,17,8,3,0,1,1,1,2,24,3,2,0.0,0.0,0.0,0.0,0.0,3.0,17,4,5
130422,16,2,3,10,15,3,0,1,1,1,0,36,2,2,0.0,0.0,0.0,0.0,0.0,2.0,11,7,9
113662,17,2,3,15,8,3,5,5,1,0,2,36,2,2,0.0,0.0,0.0,0.0,0.0,2.0,16,2,8
73587,16,2,3,15,8,3,0,1,1,1,1,18,2,2,0.0,0.0,0.0,0.0,0.0,2.0,16,6,6
61894,15,2,4,10,6,3,5,6,0,1,2,17,2,4,1.0,0.0,0.0,0.0,1.0,2.0,20,5,5
24477,4,2,1,10,8,3,0,1,1,1,2,36,2,2,0.0,0.0,0.0,0.0,0.0,2.0,20,4,2
31914,4,7,3,10,8,3,6,5,0,1,2,28,2,1,1.0,0.0,1.0,0.0,0.0,1.0,8,4,3
5494,15,10,1,17,2,3,6,1,0,1,2,18,2,2,0.0,0.0,0.0,0.0,0.0,2.0,17,6,1
28431,4,2,3,17,6,3,0,1,0,1,2,18,2,3,1.0,0.0,0.0,1.0,0.0,2.0,14,1,3
9747,16,2,1,10,8,4,0,1,1,1,2,36,2,2,0.0,0.0,0.0,0.0,0.0,2.0,19,2,1
29136,15,11,5,17,8,3,5,5,1,1,0,5,2,2,0.0,0.0,0.0,0.0,0.0,2.0,12,7,3
146182,16,7,1,17,2,3,6,1,0,1,2,6,2,3,1.0,0.0,0.0,1.0,0.0,3.0,2,1,10
170159,4,2,3,0,8,3,0,1,1,1,2,36,2,2,0.0,0.0,0.0,0.0,0.0,4.0,7,2,11
14782,16,2,2,2,8,3,0,1,0,1,2,17,1,2,0.0,0.0,0.0,0.0,0.0,1.0,16,6,1
175291,17,2,3,17,6,3,0,5,1,1,1,24,2,2,0.0,0.0,0.0,0.0,0.0,3.0,15,4,12
8811,16,2,3,0,11,3,0,1,0,1,2,36,2,2,0.0,0.0,0.0,0.0,0.0,2.0,13,7,1
173354,16,10,3,10,2,3,6,1,1,0,1,39,2,2,0.0,0.0,0.0,0.0,0.0,3.0,7,2,12
176355,16,2,3,15,3,3,0,1,1,1,2,24,2,2,0.0,0.0,0.0,0.0,0.0,2.0,15,6,12
85200,15,2,3,0,8,3,0,1,1,1,1,36,2,2,0.0,0.0,0.0,0.0,0.0,2.0,13,2,6
27715,16,2,1,17,8,3,0,1,1,1,2,36,2,2,0.0,0.0,0.0,0.0,0.0,2.0,21,4,2
72278,15,7,3,0,2,3,6,1,1,1,2,18,2,2,0.0,0.0,0.0,0.0,0.0,2.0,11,7,6
24063,16,2,1,9,2,3,6,5,0,1,0,18,2,3,1.0,0.0,0.0,1.0,0.0,1.0,22,3,2
22623,15,10,1,10,10,3,4,1,1,1,0,19,2,2,0.0,0.0,0.0,0.0,0.0,2.0,21,7,2
165715,16,2,1,17,2,3,0,1,0,1,2,24,2,1,2.0,0.0,2.0,0.0,0.0,2.0,18,6,11
150814,16,2,3,15,8,3,0,1,1,1,0,36,2,2,0.0,0.0,0.0,0.0,0.0,2.0,16,2,10
13520,17,2,3,0,15,3,0,5,1,1,2,36,2,2,0.0,0.0,0.0,0.0,0.0,2.0,15,5,1
72075,16,2,3,15,8,3,0,1,1,1,2,23,2,2,0.0,0.0,0.0,0.0,0.0,2.0,11,3,6
145500,16,7,3,17,8,3,6,1,1,1,2,39,2,2,0.0,0.0,0.0,0.0,0.0,6.0,7,5,10
149126,16,2,1,10,8,3,0,1,1,1,2,36,2,2,0.0,0.0,0.0,0.0,0.0,3.0,23,1,10
165325,16,2,3,17,2,3,0,1,1,1,1,36,2,2,0.0,0.0,0.0,0.0,0.0,2.0,17,6,11
42850,16,2,3,10,2,3,0,1,1,1,1,23,2,2,0.0,0.0,0.0,0.0,0.0,4.0,9,3,4
188914,16,2,3,9,2,3,0,1,0,1,2,36,2,3,1.0,0.0,0.0,1.0,0.0,1.0,14,7,12
50411,15,3,3,0,2,3,0,1,0,1,2,18,2,3,2.0,0.0,0.0,2.0,0.0,0.0,6,6,4
6607,16,2,1,10,8,3,0,1,1,1,1,36,2,2,0.0,0.0,0.0,0.0,0.0,2.0,18,2,1
55762,15,2,3,0,8,3,0,1,0,1,2,18,2,3,1.0,0.0,0.0,1.0,0.0,3.0,16,6,4
58042,4,2,3,0,8,3,0,1,0,1,2,5,2,3,1.0,0.0,0.0,1.0,0.0,2.0,11,7,5
22727,16,7,1,10,6,3,6,5,1,1,1,17,2,2,0.0,0.0,0.0,0.0,0.0,2.0,18,2,2
28821,16,2,0,10,2,3,0,5,1,0,1,36,2,2,0.0,0.0,0.0,0.0,0.0,2.0,5,7,3
42920,16,2,3,10,16,3,0,1,1,1,2,6,2,2,0.0,0.0,0.0,0.0,0.0,2.0,16,6,4
180763,4,2,3,10,2,3,0,1,1,1,2,19,2,2,0.0,0.0,0.0,0.0,0.0,2.0,16,7,12
143408,15,7,1,10,8,3,6,1,1,1,2,19,2,2,0.0,0.0,0.0,0.0,0.0,2.0,18,4,10
97420,15,2,3,0,2,3,0,1,1,1,2,36,2,2,0.0,0.0,0.0,0.0,0.0,2.0,10,2,7
128782,15,2,3,0,6,3,0,1,0,1,2,5,2,3,1.0,0.0,0.0,1.0,0.0,1.0,17,6,9
177775,16,2,3,15,8,3,0,1,1,1,0,23,2,2,0.0,0.0,0.0,0.0,0.0,3.0,14,3,12
149328,16,2,3,17,6,3,0,1,0,1,2,12,2,2,0.0,0.0,0.0,0.0,0.0,2.0,17,2,10
118992,16,2,3,17,8,3,0,1,0,1,2,18,2,3,1.0,0.0,0.0,1.0,0.0,1.0,17,5,8
131924,16,2,1,10,2,0,0,1,1,1,1,22,2,2,0.0,0.0,0.0,0.0,0.0,3.0,23,5,9
188435,16,2,3,0,8,3,5,5,1,1,2,18,2,2,0.0,0.0,0.0,0.0,0.0,3.0,14,7,12
60387,16,2,3,0,8,3,0,1,0,1,1,6,3,3,1.0,0.0,0.0,1.0,0.0,4.0,14,3,5
68672,15,2,3,0,2,3,0,1,1,1,1,18,2,2,0.0,0.0,0.0,0.0,0.0,2.0,13,7,5
44814,15,2,1,10,8,3,0,1,1,1,1,17,2,2,0.0,0.0,0.0,0.0,0.0,6.0,0,4,4
170856,15,2,0,0,3,3,0,5,0,0,2,5,2,2,0.0,0.0,0.0,0.0,0.0,5.0,19,7,11
89743,16,2,3,15,2,3,0,1,0,1,2,19,2,3,1.0,0.0,0.0,1.0,0.0,1.0,17,3,7
9483,15,2,1,0,2,3,0,1,1,1,2,23,2,2,0.0,0.0,0.0,0.0,0.0,3.0,22,5,1
79334,16,2,3,0,8,3,0,1,1,1,2,21,2,2,0.0,0.0,0.0,0.0,0.0,2.0,13,5,6
31884,4,2,1,12,3,3,6,1,1,1,2,28,2,2,0.0,0.0,0.0,0.0,0.0,2.0,22,6,3
88290,16,2,3,10,8,3,0,1,1,1,1,19,2,2,0.0,0.0,0.0,0.0,0.0,3.0,14,1,7
145303,15,2,3,0,8,3,0,1,1,1,2,18,2,2,0.0,0.0,0.0,0.0,0.0,3.0,16,1,10
94321,16,3,3,17,2,3,0,1,0,1,2,36,2,2,0.0,0.0,0.0,0.0,0.0,2.0,12,3,7
122740,16,2,3,15,15,3,5,5,1,1,1,36,2,2,0.0,0.0,0.0,0.0,0.0,2.0,11,4,9
141310,15,2,0,17,8,3,0,1,1,1,1,36,2,2,0.0,0.0,0.0,0.0,0.0,3.0,21,4,10
163087,4,2,3,2,2,3,0,1,0,1,2,36,1,2,0.0,0.0,0.0,0.0,0.0,1.0,10,3,11
139158,4,2,2,17,8,3,0,1,1,1,2,26,2,2,0.0,0.0,0.0,0.0,0.0,2.0,16,2,10
109387,15,2,1,0,6,3,0,5,0,1,2,18,3,3,4.0,0.0,0.0,3.0,1.0,1.0,1,1,8
13817,16,2,1,15,8,3,0,1,1,1,2,36,2,2,0.0,0.0,0.0,0.0,0.0,3.0,20,2,1
44769,16,2,3,10,8,3,6,1,0,1,1,12,2,3,1.0,0.0,0.0,1.0,0.0,3.0,16,4,4
2550,4,2,3,17,11,3,0,1,1,1,2,24,2,2,0.0,0.0,0.0,0.0,0.0,4.0,13,2,1
34822,16,2,3,10,8,3,0,1,1,1,1,19,2,2,0.0,0.0,0.0,0.0,0.0,2.0,15,4,3
76220,16,7,3,10,6,3,6,1,0,1,2,19,3,3,1.0,0.0,0.0,1.0,0.0,6.0,17,3,6
116650,16,2,3,17,10,3,0,1,1,1,0,24,2,2,0.0,0.0,0.0,0.0,0.0,2.0,10,7,8
157420,4,2,3,10,2,3,0,1,1,1,1,19,2,2,0.0,0.0,0.0,0.0,0.0,2.0,21,6,11
89904,16,2,3,15,8,3,0,1,0,1,0,22,2,3,2.0,0.0,0.0,2.0,0.0,0.0,17,5,7
91163,16,2,3,8,2,3,0,1,1,1,0,36,2,2,0.0,0.0,0.0,0.0,0.0,2.0,14,4,7
81858,16,2,3,10,8,3,0,1,1,1,0,19,2,2,0.0,0.0,0.0,0.0,0.0,3.0,12,7,6
12491,16,2,3,15,13,3,0,1,1,1,1,22,2,2,0.0,0.0,0.0,0.0,0.0,3.0,16,7,1
122128,17,11,3,8,19,3,5,5,0,1,0,18,2,3,1.0,0.0,0.0,1.0,0.0,1.0,16,3,9
114057,15,2,3,8,8,3,0,1,0,1,0,36,2,3,1.0,0.0,0.0,1.0,0.0,1.0,15,1,8
187636,16,10,1,10,2,3,4,1,1,1,1,39,2,2,0.0,0.0,0.0,0.0,0.0,3.0,18,7,12
90039,16,2,1,0,6,3,0,1,0,1,2,36,2,3,2.0,0.0,0.0,2.0,0.0,0.0,3,1,7
9271,16,10,3,0,8,3,4,1,0,1,2,12,2,2,0.0,0.0,0.0,0.0,0.0,4.0,8,7,1
131229,15,2,3,0,8,3,0,1,1,1,2,18,2,2,0.0,0.0,0.0,0.0,0.0,2.0,13,1,9
160933,4,2,3,15,8,3,0,1,1,1,2,36,2,2,0.0,0.0,0.0,0.0,0.0,2.0,13,7,11
170790,16,2,3,0,6,3,0,1,0,1,2,37,2,4,1.0,0.0,0.0,0.0,1.0,3.0,14,5,11
178467,16,2,4,0,8,3,0,5,1,0,2,36,2,2,0.0,0.0,0.0,0.0,0.0,2.0,5,5,12
950,16,11,5,17,2,3,5,5,1,1,1,19,2,2,0.0,0.0,0.0,0.0,0.0,2.0,18,5,1
32890,15,2,3,3,10,3,0,5,1,1,0,21,2,2,0.0,0.0,0.0,0.0,0.0,2.0,16,6,3
12414,16,2,4,17,8,3,0,1,1,1,2,36,2,2,0.0,0.0,0.0,0.0,0.0,3.0,17,6,1
36432,15,2,3,0,8,3,0,1,0,1,2,5,2,4,1.0,0.0,0.0,0.0,1.0,1.0,9,4,3
177957,16,7,0,17,6,3,6,1,1,1,2,36,2,2,0.0,0.0,0.0,0.0,0.0,2.0,17,6,12
97601,16,2,3,5,6,3,0,1,1,1,2,6,2,2,0.0,0.0,0.0,0.0,0.0,2.0,7,6,7
124601,15,7,1,17,10,3,6,5,1,1,1,18,2,2,0.0,0.0,0.0,0.0,0.0,2.0,19,3,9
91961,4,2,3,0,2,3,0,1,0,0,2,23,2,3,1.0,0.0,0.0,1.0,0.0,1.0,15,2,7
84697,4,2,3,17,2,3,0,1,1,0,2,24,2,2,0.0,0.0,0.0,0.0,0.0,5.0,13,1,6
158988,16,2,3,9,8,3,0,5,0,1,0,18,2,3,1.0,0.0,0.0,1.0,0.0,2.0,13,1,11
105858,16,2,1,17,18,3,0,1,0,1,2,24,2,2,0.0,0.0,0.0,0.0,0.0,3.0,21,3,8
149083,17,2,0,15,2,3,5,5,1,1,1,19,2,2,0.0,0.0,0.0,0.0,0.0,3.0,1,1,10
151470,16,2,3,10,8,3,0,1,0,1,2,17,2,4,1.0,0.0,0.0,0.0,1.0,3.0,17,5,10
56823,4,2,3,17,8,3,0,1,1,1,2,36,2,2,0.0,0.0,0.0,0.0,0.0,2.0,10,2,5
5577,15,10,5,10,8,3,4,5,1,1,0,39,2,2,0.0,0.0,0.0,0.0,0.0,2.0,15,7,1
65839,16,2,1,17,6,3,0,1,1,1,2,18,2,2,0.0,0.0,0.0,0.0,0.0,5.0,22,5,5
1812,4,2,3,17,8,3,0,1,1,1,1,36,2,2,0.0,0.0,0.0,0.0,0.0,2.0,9,4,1
120533,15,2,3,0,8,3,0,5,1,1,2,18,2,2,0.0,0.0,0.0,0.0,0.0,4.0,16,6,9
47092,16,2,3,9,8,3,0,1,0,1,2,36,2,4,1.0,0.0,0.0,0.0,1.0,1.0,14,3,4
43374,15,2,1,2,10,3,0,1,0,0,2,36,1,2,0.0,0.0,0.0,0.0,0.0,1.0,1,7,4
53378,15,2,3,15,8,3,0,1,1,1,2,23,2,2,0.0,0.0,0.0,0.0,0.0,2.0,14,5,4
76359,4,2,1,0,8,3,5,5,1,1,2,18,2,2,0.0,0.0,0.0,0.0,0.0,2.0,20,5,6
25903,16,2,3,10,8,3,0,1,1,1,1,21,2,2,0.0,0.0,0.0,0.0,0.0,3.0,7,2,2
161077,16,7,0,15,15,3,6,1,0,1,2,28,9,2,0.0,0.0,0.0,0.0,0.0,3.0,20,3,11
14195,16,2,3,17,1,3,0,1,1,1,0,24,2,2,0.0,0.0,0.0,0.0,0.0,2.0,15,2,1
21823,15,2,3,17,2,3,0,1,1,1,2,19,2,2,0.0,0.0,0.0,0.0,0.0,2.0,9,7,2
107467,4,2,3,0,6,3,0,1,0,1,2,18,2,2,0.0,0.0,0.0,0.0,0.0,4.0,14,7,8
150974,16,7,3,10,8,3,6,1,1,1,2,36,2,2,0.0,0.0,0.0,0.0,0.0,2.0,15,3,10
50564,16,2,3,17,11,3,0,1,0,0,2,24,2,2,0.0,0.0,0.0,0.0,0.0,3.0,8,3,4
61626,15,3,3,0,8,3,6,1,0,1,2,18,4,3,1.0,0.0,0.0,1.0,0.0,2.0,15,7,5
179848,4,7,1,0,6,3,6,1,0,1,2,9,2,2,0.0,0.0,0.0,0.0,0.0,2.0,1,4,12
166444,16,2,1,10,6,3,0,1,0,1,2,17,2,3,2.0,0.0,0.0,2.0,0.0,1.0,21,3,11
123798,4,2,3,15,15,3,0,1,0,1,2,36,2,2,0.0,0.0,0.0,0.0,0.0,3.0,12,6,9
32703,15,2,3,11,10,3,0,1,1,1,0,21,2,2,0.0,0.0,0.0,0.0,0.0,3.0,9,4,3
92212,16,2,3,8,6,3,0,1,1,1,2,24,2,2,0.0,0.0,0.0,0.0,0.0,2.0,12,6,7
188978,16,2,0,0,6,3,0,5,0,1,2,36,2,2,0.0,0.0,0.0,0.0,0.0,2.0,4,1,12
169584,15,2,3,0,15,3,0,1,0,1,2,5,2,3,1.0,0.0,0.0,1.0,0.0,1.0,7,2,11
7165,15,2,3,0,8,3,6,1,1,1,0,36,2,2,0.0,0.0,0.0,0.0,0.0,3.0,12,3,1
171111,16,2,3,10,8,3,0,1,0,1,1,19,2,3,2.0,0.0,0.0,1.0,1.0,1.0,7,1,11
4295,16,7,3,9,10,3,4,1,1,1,0,18,2,2,0.0,0.0,0.0,0.0,0.0,2.0,10,3,1
81386,16,2,1,17,8,3,0,1,0,1,2,6,2,3,1.0,0.0,0.0,1.0,0.0,3.0,22,1,6
183967,15,2,0,0,2,3,0,1,0,1,2,36,2,4,1.0,0.0,0.0,0.0,1.0,1.0,17,4,12
11557,4,9,3,17,2,3,1,1,0,1,2,39,3,2,0.0,0.0,0.0,0.0,0.0,4.0,8,5,1
67952,15,2,1,0,6,3,0,1,0,1,2,18,2,4,1.0,0.0,0.0,0.0,1.0,1.0,0,3,5
38652,16,7,4,10,6,3,6,1,1,1,2,30,2,2,0.0,0.0,0.0,0.0,0.0,2.0,15,3,3
49083,15,10,3,0,8,3,6,1,0,1,2,38,2,2,0.0,0.0,0.0,0.0,0.0,2.0,9,2,4
17654,16,2,3,10,8,3,4,1,0,1,2,17,3,4,1.0,0.0,0.0,0.0,1.0,2.0,8,1,2
144315,4,2,3,8,2,3,0,1,0,1,0,36,2,4,1.0,0.0,0.0,0.0,1.0,1.0,14,3,10
140714,16,2,3,9,6,3,0,1,0,1,0,36,2,4,1.0,0.0,0.0,0.0,1.0,3.0,10,3,10