crash_date,               traffic_control_device,weather_condition,lighting_condition,first_crash_type,trafficway_type,alignment,roadway_surface_cond,road_defect,crash_type,intersection_related_i,damage,prim_contributory_cause,num_units,most_severe_injury,injuries_total,injuries_fatal,injuries_incapacitating,injuries_non_incapacitating,injuries_reported_not_evident,injuries_no_indication,crash_hour,crash_day_of_week,crash_month
1386,16,2,3,17,6,3,0,1,1,1,2,36,2,2,0.0,0.0,0.0,0.0,0.0,3.0,15,4,1
31529,16,2,3,10,2,3,0,1,1,1,2,17,3,2,0.0,0.0,0.0,0.0,0.0,3.0,15,6,3
82973,16,2,4,10,6,3,0,1,1,1,2,17,2,2,0.0,0.0,0.0,0.0,0.0,2.0,7,3,6
7151,4,2,3,17,2,3,6,1,0,1,2,18,2,3,4.0,0.0,0.0,4.0,0.0,1.0,9,3,1
59566,16,2,3,9,2,3,0,1,0,1,0,18,3,3,1.0,0.0,0.0,1.0,0.0,1.0,6,3,5
104305,15,2,1,17,18,3,0,1,0,0,2,36,2,2,0.0,0.0,0.0,0.0,0.0,2.0,23,1,8
177882,15,2,0,0,2,3,0,1,1,1,1,36,2,2,0.0,0.0,0.0,0.0,0.0,2.0,18,4,12
13422,4,10,1,9,8,3,4,1,0,1,0,36,2,3,1.0,0.0,0.0,1.0,0.0,1.0,17,2,1
172928,15,2,3,10,8,3,0,1,1,1,2,19,2,2,0.0,0.0,0.0,0.0,0.0,2.0,8,2,12
9729,16,2,3,10,6,3,6,1,1,1,1,17,2,2,0.0,0.0,0.0,0.0,0.0,3.0,14,2,1
114883,6,2,4,17,2,3,0,1,0,1,2,24,2,4,1.0,0.0,0.0,0.0,1.0,1.0,19,7,8
33400,16,2,1,17,8,3,0,5,1,1,2,22,2,2,0.0,0.0,0.0,0.0,0.0,2.0,19,2,3
118758,4,2,3,0,6,3,0,1,1,1,2,18,2,2,0.0,0.0,0.0,0.0,0.0,4.0,17,4,8
164241,15,2,1,2,3,2,0,2,0,1,2,15,1,2,0.0,0.0,0.0,0.0,0.0,1.0,2,5,11
165917,16,2,1,10,8,3,0,1,1,1,2,19,2,2,0.0,0.0,0.0,0.0,0.0,2.0,18,5,11
65065,16,2,3,0,8,3,0,1,1,1,2,36,2,2,0.0,0.0,0.0,0.0,0.0,2.0,14,5,5
187680,4,2,3,10,8,3,6,1,0,1,2,39,2,2,0.0,0.0,0.0,0.0,0.0,3.0,11,7,12
17147,15,10,1,17,15,3,4,6,0,1,2,5,2,2,0.0,0.0,0.0,0.0,0.0,3.0,0,6,2
163989,16,7,1,9,6,3,6,1,0,1,2,36,2,4,1.0,0.0,0.0,0.0,1.0,1.0,17,3,11
89062,16,2,3,15,2,3,0,1,1,1,1,12,2,2,0.0,0.0,0.0,0.0,0.0,2.0,13,7,7
64448,16,2,3,7,6,3,0,1,0,1,2,36,2,4,1.0,0.0,0.0,0.0,1.0,0.0,7,4,5
178122,16,3,3,10,2,3,6,1,1,1,1,8,2,2,0.0,0.0,0.0,0.0,0.0,2.0,11,1,12
80913,16,2,1,0,6,3,0,1,0,1,2,6,2,2,0.0,0.0,0.0,0.0,0.0,3.0,0,2,6
45641,16,7,1,15,1,4,6,1,1,1,2,36,2,2,0.0,0.0,0.0,0.0,0.0,2.0,20,6,4
47950,16,2,0,10,10,3,0,1,0,1,1,19,2,2,0.0,0.0,0.0,0.0,0.0,2.0,21,5,4
21948,15,2,3,10,6,4,0,5,1,1,1,36,2,2,0.0,0.0,0.0,0.0,0.0,2.0,12,3,2
149350,15,7,3,17,15,3,6,1,0,1,2,18,2,2,0.0,0.0,0.0,0.0,0.0,2.0,9,2,10
54740,16,7,4,10,2,3,6,1,1,1,2,19,2,2,0.0,0.0,0.0,0.0,0.0,4.0,18,3,4
75324,4,2,3,7,11,3,0,1,1,0,1,36,2,2,0.0,0.0,0.0,0.0,0.0,1.0,8,3,6
92093,4,2,1,9,8,3,0,5,0,0,2,36,3,1,1.0,0.0,1.0,0.0,0.0,2.0,2,5,7
92186,15,2,3,17,8,3,0,1,1,1,2,18,2,2,0.0,0.0,0.0,0.0,0.0,2.0,19,6,7
159136,16,2,3,15,8,3,0,1,0,1,2,22,2,4,2.0,0.0,0.0,0.0,2.0,0.0,7,4,11
110501,16,2,3,0,6,3,0,1,1,1,2,26,2,2,0.0,0.0,0.0,0.0,0.0,2.0,17,3,8
105823,4,2,3,17,10,3,0,1,0,1,2,17,2,2,0.0,0.0,0.0,0.0,0.0,2.0,14,3,8
149484,4,2,1,17,2,3,0,1,1,1,0,18,2,2,0.0,0.0,0.0,0.0,0.0,3.0,20,5,10
116858,16,2,1,17,11,3,0,1,1,1,2,36,2,2,0.0,0.0,0.0,0.0,0.0,2.0,0,1,8
68469,16,2,3,10,2,3,0,1,1,1,2,19,2,2,0.0,0.0,0.0,0.0,0.0,2.0,13,5,5
174394,16,10,1,0,10,4,6,5,0,1,2,10,2,2,0.0,0.0,0.0,0.0,0.0,2.0,1,4,12
52129,15,2,3,9,8,3,0,1,0,1,0,36,2,3,1.0,0.0,0.0,1.0,0.0,1.0,16,2,4
35731,16,2,3,17,15,3,0,1,0,1,2,18,2,2,0.0,0.0,0.0,0.0,0.0,2.0,10,5,3
84995,4,7,3,10,8,3,6,1,1,1,2,18,2,2,0.0,0.0,0.0,0.0,0.0,2.0,13,7,6
2944,16,2,1,15,8,3,0,5,1,1,2,22,2,2,0.0,0.0,0.0,0.0,0.0,3.0,21,5,1
132096,15,2,3,13,8,3,0,5,0,0,2,5,2,3,2.0,0.0,0.0,2.0,0.0,3.0,14,2,9
10793,15,11,0,7,15,3,5,5,1,1,2,23,3,2,0.0,0.0,0.0,0.0,0.0,1.0,9,6,1
154487,16,2,0,10,8,3,0,1,1,1,2,36,2,2,0.0,0.0,0.0,0.0,0.0,2.0,18,2,10
13956,16,2,3,17,8,3,0,1,1,1,2,12,2,2,0.0,0.0,0.0,0.0,0.0,2.0,13,6,1
101709,17,11,5,17,6,3,5,5,1,1,2,36,2,2,0.0,0.0,0.0,0.0,0.0,2.0,18,5,7
113294,16,2,3,10,2,3,0,1,0,1,2,19,2,2,0.0,0.0,0.0,0.0,0.0,2.0,16,4,8
87688,16,2,3,0,6,3,0,1,0,1,2,36,2,4,1.0,0.0,0.0,0.0,1.0,1.0,8,6,6
7517,16,2,1,10,2,3,0,1,0,1,2,22,2,2,0.0,0.0,0.0,0.0,0.0,3.0,18,4,1
8042,16,2,1,17,10,3,0,1,1,1,2,36,2,2,0.0,0.0,0.0,0.0,0.0,2.0,19,5,1
40439,16,2,3,15,6,3,0,1,1,1,2,36,2,2,0.0,0.0,0.0,0.0,0.0,2.0,8,1,3
58445,16,2,0,0,6,3,0,1,0,1,2,6,2,3,1.0,0.0,0.0,1.0,0.0,3.0,23,1,5
111493,16,2,1,10,8,3,0,1,0,1,2,15,3,3,1.0,0.0,0.0,1.0,0.0,2.0,1,4,8
97604,16,2,1,17,3,2,0,1,0,1,2,18,2,4,1.0,0.0,0.0,0.0,1.0,1.0,7,6,7
56599,4,7,3,17,2,3,6,1,1,1,2,4,2,2,0.0,0.0,0.0,0.0,0.0,2.0,16,5,5
103509,15,2,0,8,11,3,0,1,0,1,0,36,2,3,1.0,0.0,0.0,1.0,0.0,1.0,22,3,7
79202,16,2,1,7,2,3,0,1,0,1,2,24,3,2,0.0,0.0,0.0,0.0,0.0,2.0,20,4,6
149525,16,2,3,17,8,3,0,1,0,1,2,23,2,3,1.0,0.0,0.0,1.0,0.0,1.0,16,6,10
111315,4,7,4,10,8,3,6,1,1,0,2,39,2,2,0.0,0.0,0.0,0.0,0.0,2.0,18,2,8
77471,16,7,3,10,6,3,6,1,1,1,2,17,2,2,0.0,0.0,0.0,0.0,0.0,2.0,14,1,6
151918,15,7,1,0,6,3,6,1,1,1,2,18,2,2,0.0,0.0,0.0,0.0,0.0,2.0,17,3,10
174395,16,2,3,10,2,3,0,5,1,1,2,17,2,2,0.0,0.0,0.0,0.0,0.0,2.0,13,4,12
92809,16,2,1,0,6,3,0,1,0,1,2,6,2,3,1.0,0.0,0.0,1.0,0.0,2.0,0,1,7
176257,16,2,3,17,6,3,0,1,0,1,2,36,2,2,0.0,0.0,0.0,0.0,0.0,2.0,8,4,12
178797,16,2,1,15,2,3,0,1,1,1,2,22,2,2,0.0,0.0,0.0,0.0,0.0,2.0,5,5,12
108734,4,2,3,10,10,3,0,1,1,1,1,36,2,2,0.0,0.0,0.0,0.0,0.0,2.0,11,4,8
3062,16,7,3,0,11,3,6,1,0,1,2,18,2,3,1.0,0.0,0.0,1.0,0.0,1.0,10,2,1
4450,16,2,1,9,3,4,6,1,0,1,0,18,2,3,1.0,0.0,0.0,1.0,0.0,3.0,19,4,1
185210,16,2,3,9,6,3,0,1,0,1,0,36,2,3,1.0,0.0,0.0,1.0,0.0,3.0,12,2,12
161916,16,7,1,17,8,3,6,1,0,1,2,18,2,2,0.0,0.0,0.0,0.0,0.0,2.0,23,1,11
76349,15,2,4,9,8,3,0,1,0,1,0,18,2,3,1.0,0.0,0.0,1.0,0.0,1.0,17,5,6
83124,16,11,5,17,18,3,5,5,1,1,2,36,2,2,0.0,0.0,0.0,0.0,0.0,6.0,12,6,6
177986,16,7,1,17,6,3,6,1,1,1,1,39,2,2,0.0,0.0,0.0,0.0,0.0,3.0,21,6,12
149939,15,2,1,17,8,3,0,1,1,1,0,18,2,2,0.0,0.0,0.0,0.0,0.0,2.0,19,3,10
107564,16,2,1,17,8,3,0,1,1,1,1,24,2,2,0.0,0.0,0.0,0.0,0.0,2.0,20,1,8
40122,16,2,3,0,6,3,0,5,1,1,2,36,2,2,0.0,0.0,0.0,0.0,0.0,2.0,6,3,3
126119,16,2,1,2,8,3,0,1,0,1,2,36,1,3,2.0,0.0,0.0,2.0,0.0,0.0,4,3,9
125072,16,3,3,17,15,3,0,1,1,1,2,24,2,2,0.0,0.0,0.0,0.0,0.0,4.0,14,2,9
84292,15,2,3,8,2,3,0,1,1,1,0,30,2,2,0.0,0.0,0.0,0.0,0.0,2.0,12,1,6
152677,15,2,3,17,15,3,0,1,1,1,2,23,2,2,0.0,0.0,0.0,0.0,0.0,4.0,8,5,10
48493,16,2,3,10,8,3,0,5,1,1,2,36,2,2,0.0,0.0,0.0,0.0,0.0,2.0,18,1,4
178177,15,2,3,0,8,3,0,1,0,1,2,18,2,2,0.0,0.0,0.0,0.0,0.0,2.0,9,2,12
61982,4,2,3,17,10,3,6,1,1,0,2,22,2,2,0.0,0.0,0.0,0.0,0.0,2.0,10,6,5
144683,16,2,3,17,2,3,0,1,1,1,2,32,2,2,0.0,0.0,0.0,0.0,0.0,3.0,8,6,10
102241,16,2,1,17,6,3,0,1,1,1,2,24,2,2,0.0,0.0,0.0,0.0,0.0,4.0,21,6,7
108239,4,2,2,2,8,3,0,1,0,1,2,12,1,2,0.0,0.0,0.0,0.0,0.0,1.0,4,4,8
163182,16,2,1,17,8,3,6,1,1,1,1,23,2,2,0.0,0.0,0.0,0.0,0.0,2.0,18,5,11
25421,16,2,3,17,2,3,0,5,0,1,2,18,2,2,0.0,0.0,0.0,0.0,0.0,2.0,16,1,2
157746,16,2,0,9,8,3,0,1,0,1,2,7,2,3,1.0,0.0,0.0,1.0,0.0,1.0,17,5,11
182587,15,2,1,17,8,3,0,1,0,1,2,18,3,2,0.0,0.0,0.0,0.0,0.0,2.0,18,4,12
178684,17,11,5,17,8,3,5,5,1,1,2,36,2,2,0.0,0.0,0.0,0.0,0.0,2.0,18,2,12
89836,4,2,3,17,8,3,0,1,1,1,1,24,2,2,0.0,0.0,0.0,0.0,0.0,3.0,8,3,7
47537,17,2,2,0,5,3,6,1,0,1,2,17,2,4,1.0,0.0,0.0,0.0,1.0,1.0,5,6,4
77708,16,2,3,10,8,3,0,1,1,1,2,19,2,2,0.0,0.0,0.0,0.0,0.0,3.0,10,3,6
138342,16,7,3,17,8,3,6,1,1,1,2,36,2,2,0.0,0.0,0.0,0.0,0.0,2.0,8,4,10
145782,15,2,3,17,3,3,0,1,0,1,2,18,2,2,0.0,0.0,0.0,0.0,0.0,3.0,12,5,10
181381,15,2,3,15,8,3,0,1,1,1,2,21,2,2,0.0,0.0,0.0,0.0,0.0,2.0,15,2,12
113646,16,2,1,17,10,3,0,1,1,1,2,24,2,2,0.0,0.0,0.0,0.0,0.0,2.0,12,1,8
105522,16,2,3,8,8,3,0,5,0,1,0,18,2,3,1.0,0.0,0.0,1.0,0.0,1.0,13,7,8
121361,16,2,3,0,8,3,0,1,0,1,2,6,2,3,4.0,0.0,0.0,4.0,0.0,1.0,14,5,9
142793,4,7,0,10,8,3,6,1,1,1,2,19,2,2,0.0,0.0,0.0,0.0,0.0,2.0,18,3,10
45861,17,2,3,17,2,3,0,5,1,1,1,23,2,2,0.0,0.0,0.0,0.0,0.0,2.0,16,2,4
63364,15,7,3,0,8,3,6,1,0,1,2,18,2,2,0.0,0.0,0.0,0.0,0.0,2.0,15,7,5
5500,15,10,0,10,8,3,1,1,1,1,2,39,2,2,0.0,0.0,0.0,0.0,0.0,2.0,18,6,1
74926,15,2,3,0,8,3,0,1,0,1,2,18,2,2,0.0,0.0,0.0,0.0,0.0,4.0,7,5,6
75666,4,2,3,10,2,3,0,1,0,1,1,13,3,4,1.0,0.0,0.0,0.0,1.0,4.0,9,7,6
21797,16,2,1,17,8,3,0,1,1,1,1,36,2,2,0.0,0.0,0.0,0.0,0.0,2.0,17,7,2
103342,16,2,3,0,6,3,0,1,1,1,2,18,2,2,0.0,0.0,0.0,0.0,0.0,4.0,13,3,7
128792,16,2,3,10,6,3,0,1,1,1,2,36,2,2,0.0,0.0,0.0,0.0,0.0,3.0,7,6,9
85350,16,2,3,17,8,3,0,1,1,1,2,24,2,2,0.0,0.0,0.0,0.0,0.0,2.0,9,4,6
53996,16,2,4,10,8,3,0,1,0,1,2,19,2,4,1.0,0.0,0.0,0.0,1.0,2.0,19,5,4
74009,16,2,3,15,6,3,0,1,1,1,1,36,2,2,0.0,0.0,0.0,0.0,0.0,6.0,16,4,6
147014,15,2,4,17,8,3,0,1,0,1,2,18,2,3,1.0,0.0,0.0,1.0,0.0,3.0,17,4,10
172783,16,2,2,17,10,3,0,1,0,1,2,24,2,4,1.0,0.0,0.0,0.0,1.0,4.0,6,7,12
123762,16,2,3,15,6,3,0,1,1,1,1,24,2,2,0.0,0.0,0.0,0.0,0.0,2.0,18,6,9
119445,4,2,3,0,8,3,0,1,1,1,2,36,2,2,0.0,0.0,0.0,0.0,0.0,2.0,18,4,8
83990,16,2,1,17,6,3,0,1,0,1,2,36,2,3,1.0,0.0,0.0,1.0,0.0,1.0,1,5,6
135899,16,7,3,10,2,3,6,1,1,1,0,36,2,2,0.0,0.0,0.0,0.0,0.0,3.0,11,4,9
644,15,2,1,17,8,3,0,1,0,1,2,5,2,2,0.0,0.0,0.0,0.0,0.0,2.0,16,4,1
116991,16,2,1,17,8,3,0,1,0,1,2,18,2,2,0.0,0.0,0.0,0.0,0.0,2.0,1,5,8
139808,15,2,3,0,6,3,0,1,1,1,2,36,2,2,0.0,0.0,0.0,0.0,0.0,3.0,18,6,10
56483,15,2,3,0,2,3,0,1,0,1,1,36,2,4,1.0,0.0,0.0,0.0,1.0,1.0,15,2,5
98177,16,2,3,8,2,3,0,1,0,1,2,36,2,4,1.0,0.0,0.0,0.0,1.0,1.0,15,6,7
173549,16,2,3,17,2,3,0,1,0,1,1,18,2,4,1.0,0.0,0.0,0.0,1.0,1.0,15,7,12
75031,4,2,1,17,8,3,0,1,1,1,2,23,2,2,0.0,0.0,0.0,0.0,0.0,3.0,3,5,6
182656,4,2,3,2,2,3,0,1,1,1,2,36,2,2,0.0,0.0,0.0,0.0,0.0,2.0,17,5,12
172774,16,2,1,17,8,3,0,1,1,1,2,18,2,2,0.0,0.0,0.0,0.0,0.0,2.0,16,7,12
172464,4,2,3,17,8,3,0,4,1,1,2,36,2,2,0.0,0.0,0.0,0.0,0.0,3.0,7,4,12
72841,15,2,3,0,2,3,0,1,1,1,2,18,2,2,0.0,0.0,0.0,0.0,0.0,3.0,11,6,6
162178,16,2,3,15,8,3,0,1,1,1,1,23,2,2,0.0,0.0,0.0,0.0,0.0,2.0,15,6,11
183157,16,7,1,15,8,3,6,1,1,1,1,36,2,2,0.0,0.0,0.0,0.0,0.0,2.0,18,5,12
82171,16,2,3,17,10,3,0,1,1,1,1,22,2,2,0.0,0.0,0.0,0.0,0.0,2.0,15,5,6
43427,15,2,3,13,8,3,0,1,0,1,2,36,2,3,1.0,0.0,0.0,1.0,0.0,1.0,10,7,4
182502,16,2,4,15,8,3,0,1,1,1,1,36,2,2,0.0,0.0,0.0,0.0,0.0,2.0,16,3,12
93820,15,2,3,0,6,3,0,1,1,1,2,21,2,2,0.0,0.0,0.0,0.0,0.0,2.0,11,3,7
183107,16,2,1,17,8,3,0,1,1,1,0,26,2,2,0.0,0.0,0.0,0.0,0.0,2.0,20,4,12
106932,15,7,1,15,8,3,0,1,0,0,2,23,2,2,0.0,0.0,0.0,0.0,0.0,2.0,2,6,8
178338,15,2,1,0,8,3,0,1,1,1,2,36,2,2,0.0,0.0,0.0,0.0,0.0,2.0,20,3,12
117048,16,7,3,0,6,3,6,5,1,1,2,8,2,2,0.0,0.0,0.0,0.0,0.0,2.0,9,5,8
85732,4,2,3,15,8,3,0,1,1,1,2,36,2,2,0.0,0.0,0.0,0.0,0.0,2.0,15,2,6
126857,16,7,3,0,19,3,6,1,0,1,2,39,2,2,0.0,0.0,0.0,0.0,0.0,3.0,10,7,9
120963,15,2,3,13,8,3,0,5,1,1,1,18,2,2,0.0,0.0,0.0,0.0,0.0,2.0,17,6,9
92942,16,2,3,17,6,3,0,5,0,1,2,17,2,3,1.0,0.0,0.0,1.0,0.0,1.0,11,4,7
100559,15,2,3,0,6,3,2,2,0,1,2,38,2,2,0.0,0.0,0.0,0.0,0.0,2.0,16,2,7
30136,16,7,1,10,8,3,4,5,1,1,1,19,2,2,0.0,0.0,0.0,0.0,0.0,2.0,22,2,3
76420,4,2,4,17,10,3,0,1,0,1,2,18,4,3,1.0,0.0,0.0,1.0,0.0,4.0,19,6,6
13840,16,2,1,17,1,3,6,1,0,1,2,6,3,2,0.0,0.0,0.0,0.0,0.0,5.0,1,3,1
130805,16,2,3,17,2,3,0,1,1,1,0,36,2,2,0.0,0.0,0.0,0.0,0.0,2.0,12,4,9
76470,16,2,3,10,2,3,0,3,1,1,0,17,2,2,0.0,0.0,0.0,0.0,0.0,2.0,15,1,6
13942,16,2,3,0,6,3,0,1,0,1,2,6,2,2,0.0,0.0,0.0,0.0,0.0,4.0,11,4,1
130044,16,11,5,8,2,3,5,5,0,1,2,36,2,3,1.0,0.0,0.0,1.0,0.0,1.0,7,3,9
125683,16,2,3,15,15,3,0,5,1,1,2,36,2,2,0.0,0.0,0.0,0.0,0.0,2.0,14,5,9
170032,16,2,1,17,2,3,0,1,0,1,2,36,2,3,3.0,0.0,0.0,3.0,0.0,0.0,22,1,11
159315,16,2,3,10,8,3,0,1,0,1,2,36,2,1,3.0,0.0,1.0,2.0,0.0,1.0,12,4,11
102740,15,2,1,0,18,3,0,5,0,1,2,18,2,2,0.0,0.0,0.0,0.0,0.0,4.0,23,6,7
35402,16,2,1,10,10,3,0,1,0,1,1,19,2,4,1.0,0.0,0.0,0.0,1.0,1.0,23,6,3
23942,4,2,1,17,6,3,0,5,1,1,2,24,2,2,0.0,0.0,0.0,0.0,0.0,2.0,20,2,2
87187,16,2,3,17,8,3,0,1,1,1,2,24,2,2,0.0,0.0,0.0,0.0,0.0,2.0,16,7,6
11738,16,10,3,17,2,3,4,1,0,1,2,18,2,2,0.0,0.0,0.0,0.0,0.0,2.0,6,2,1
150204,15,2,3,17,8,3,0,1,0,1,2,24,2,4,1.0,0.0,0.0,0.0,1.0,1.0,16,1,10
75999,16,2,1,15,5,3,0,1,1,1,2,23,2,2,0.0,0.0,0.0,0.0,0.0,2.0,22,7,6
94098,16,2,3,0,2,3,0,1,0,1,2,6,2,3,1.0,0.0,0.0,1.0,0.0,2.0,12,6,7
110118,15,2,3,0,6,3,0,1,0,1,2,5,2,4,1.0,0.0,0.0,0.0,1.0,1.0,16,5,8
82683,16,7,3,15,8,3,6,1,1,1,1,22,2,2,0.0,0.0,0.0,0.0,0.0,4.0,14,5,6
188026,4,2,0,9,6,3,0,1,0,1,2,18,3,3,2.0,0.0,0.0,2.0,0.0,1.0,21,1,12
160453,4,2,4,15,6,3,0,1,1,1,0,18,2,2,0.0,0.0,0.0,0.0,0.0,2.0,17,7,11
43045,16,2,1,10,2,3,0,1,1,0,2,19,3,2,0.0,0.0,0.0,0.0,0.0,3.0,5,1,4
33451,16,2,3,17,8,3,5,5,1,1,1,23,2,2,0.0,0.0,0.0,0.0,0.0,2.0,17,3,3
36880,16,11,1,17,10,3,5,5,1,1,1,36,2,2,0.0,0.0,0.0,0.0,0.0,2.0,21,5,3
83777,16,2,3,17,8,3,0,1,0,1,2,36,2,4,1.0,0.0,0.0,0.0,1.0,1.0,12,7,6
54759,16,2,3,0,6,3,5,5,0,1,2,17,2,2,0.0,0.0,0.0,0.0,0.0,2.0,13,4,4
59019,16,2,3,15,2,3,0,1,1,1,1,22,2,2,0.0,0.0,0.0,0.0,0.0,2.0,6,1,5
126562,18,11,5,17,8,3,5,5,1,1,1,36,2,2,0.0,0.0,0.0,0.0,0.0,3.0,8,4,9
174791,16,10,3,17,2,3,6,1,1,1,2,24,2,2,0.0,0.0,0.0,0.0,0.0,2.0,8,3,12
37065,16,2,4,17,6,3,0,5,0,1,2,36,2,2,0.0,0.0,0.0,0.0,0.0,2.0,21,1,3
32577,4,2,3,7,8,3,0,1,1,0,2,36,2,2,0.0,0.0,0.0,0.0,0.0,1.0,18,1,3
150738,16,2,1,0,2,3,0,1,1,1,2,6,2,2,0.0,0.0,0.0,0.0,0.0,2.0,1,1,10
189055,16,2,1,10,8,3,0,1,1,0,2,19,2,2,0.0,0.0,0.0,0.0,0.0,3.0,19,3,12
50840,15,2,3,17,8,3,0,1,0,1,2,18,2,3,1.0,0.0,0.0,1.0,0.0,3.0,10,6,4
10672,16,7,1,0,2,3,6,1,0,1,2,6,2,3,4.0,0.0,0.0,1.0,3.0,1.0,22,3,1
80671,17,11,5,15,2,3,5,5,0,0,2,36,2,4,1.0,0.0,0.0,0.0,1.0,2.0,18,5,6
184842,16,2,3,17,8,3,0,1,1,1,1,24,2,2,0.0,0.0,0.0,0.0,0.0,3.0,13,2,12
40594,16,2,1,0,3,3,0,1,0,1,2,18,2,3,1.0,0.0,0.0,1.0,0.0,1.0,17,3,3
16786,15,2,3,17,8,3,0,1,0,1,2,36,2,2,0.0,0.0,0.0,0.0,0.0,5.0,14,1,2
107868,16,2,3,9,8,3,0,5,0,1,0,18,2,3,1.0,0.0,0.0,1.0,0.0,1.0,19,5,8
79964,16,7,2,0,2,3,6,1,0,1,2,36,2,3,1.0,0.0,0.0,1.0,0.0,2.0,5,7,6
121005,15,2,1,0,6,3,0,1,0,1,2,18,2,3,1.0,0.0,0.0,1.0,0.0,1.0,23,6,9
172039,16,2,3,17,8,3,0,1,0,1,2,18,2,2,0.0,0.0,0.0,0.0,0.0,2.0,7,5,11
41107,15,7,0,17,8,3,6,1,1,1,1,36,2,2,0.0,0.0,0.0,0.0,0.0,2.0,20,6,3
148575,16,2,3,10,15,3,0,1,1,1,2,21,3,2,0.0,0.0,0.0,0.0,0.0,2.0,9,7,10
120177,16,2,3,0,6,3,0,1,0,1,2,28,2,3,2.0,0.0,0.0,2.0,0.0,0.0,18,2,8
161467,16,2,3,0,3,3,0,1,0,1,2,6,3,3,2.0,0.0,0.0,2.0,0.0,2.0,12,1,11
137351,16,2,3,10,8,3,0,1,1,1,1,36,2,2,0.0,0.0,0.0,0.0,0.0,2.0,12,5,9
55619,17,2,2,17,8,3,0,1,1,1,2,24,2,2,0.0,0.0,0.0,0.0,0.0,2.0,21,2,4
23563,16,2,3,0,8,3,0,1,1,1,2,18,2,2,0.0,0.0,0.0,0.0,0.0,3.0,10,2,2
54877,4,2,1,0,4,3,0,5,1,1,2,36,2,2,0.0,0.0,0.0,0.0,0.0,3.0,21,5,4
73205,15,2,1,17,15,3,0,5,0,1,2,18,3,3,4.0,0.0,0.0,2.0,2.0,1.0,23,6,6
7226,15,2,0,17,6,3,0,1,1,1,2,18,2,2,0.0,0.0,0.0,0.0,0.0,2.0,20,4,1
162808,16,2,3,2,8,3,0,5,0,1,2,26,1,3,1.0,0.0,0.0,1.0,0.0,0.0,11,7,11
37217,16,2,3,10,2,3,0,1,0,1,2,18,3,4,4.0,0.0,0.0,0.0,4.0,0.0,8,3,3
25342,16,2,1,3,8,3,0,1,0,1,2,11,3,3,6.0,0.0,0.0,6.0,0.0,0.0,2,7,2
49486,4,2,3,15,10,3,0,1,1,1,2,36,2,2,0.0,0.0,0.0,0.0,0.0,2.0,8,3,4
7984,15,6,2,17,6,3,1,1,0,1,2,18,2,3,3.0,0.0,0.0,3.0,0.0,0.0,7,3,1
45585,15,2,1,0,8,3,0,1,0,1,2,5,3,2,0.0,0.0,0.0,0.0,0.0,5.0,21,5,4
58059,16,2,3,15,8,3,5,5,1,1,1,36,3,2,0.0,0.0,0.0,0.0,0.0,3.0,13,1,5
16248,16,10,2,10,6,3,1,1,1,1,2,39,2,2,0.0,0.0,0.0,0.0,0.0,2.0,6,5,2
164992,4,2,1,0,8,3,0,1,1,1,2,18,2,2,0.0,0.0,0.0,0.0,0.0,2.0,17,3,11
73998,4,2,3,9,18,3,0,1,0,1,2,36,2,4,1.0,0.0,0.0,0.0,1.0,1.0,15,4,6
17273,16,2,3,0,6,3,0,1,0,1,2,18,2,2,0.0,0.0,0.0,0.0,0.0,2.0,12,1,2
69360,16,2,4,17,6,3,0,1,1,1,1,24,2,2,0.0,0.0,0.0,0.0,0.0,2.0,20,4,5
187360,17,11,5,17,6,3,5,5,1,1,2,36,2,2,0.0,0.0,0.0,0.0,0.0,2.0,18,4,12
147856,16,2,4,2,1,3,0,1,0,1,2,36,1,2,0.0,0.0,0.0,0.0,0.0,3.0,2,4,10
130319,16,2,3,10,8,3,5,5,1,1,2,8,2,2,0.0,0.0,0.0,0.0,0.0,3.0,17,6,9
99782,16,2,5,15,11,3,0,1,0,1,2,36,2,3,1.0,0.0,0.0,1.0,0.0,1.0,5,3,7
115400,16,2,1,17,6,3,0,1,0,1,2,18,2,4,2.0,0.0,0.0,0.0,2.0,1.0,0,1,8
85790,16,2,3,10,8,3,0,1,0,1,1,19,2,3,1.0,0.0,0.0,1.0,0.0,2.0,15,4,6
176990,16,2,1,17,17,3,0,1,1,0,0,35,2,2,0.0,0.0,0.0,0.0,0.0,3.0,17,7,12
747,15,2,3,0,6,3,0,1,0,1,2,36,2,2,0.0,0.0,0.0,0.0,0.0,4.0,12,5,1
119920,16,2,1,10,6,3,0,1,1,1,1,36,2,2,0.0,0.0,0.0,0.0,0.0,2.0,20,6,8
60022,16,2,3,7,8,3,0,1,1,1,2,24,2,2,0.0,0.0,0.0,0.0,0.0,3.0,12,2,5
21822,15,2,1,17,6,3,0,1,1,1,2,5,2,2,0.0,0.0,0.0,0.0,0.0,2.0,21,7,2
160712,16,2,1,0,3,3,0,1,0,1,2,6,2,4,1.0,0.0,0.0,0.0,1.0,2.0,22,5,11
130634,15,2,3,17,8,3,0,1,1,1,2,18,2,2,0.0,0.0,0.0,0.0,0.0,2.0,11,4,9
85252,16,2,3,15,2,3,0,1,1,1,0,22,2,2,0.0,0.0,0.0,0.0,0.0,2.0,17,3,6
9668,16,10,1,17,11,3,4,1,1,1,0,36,2,2,0.0,0.0,0.0,0.0,0.0,2.0,2,1,1