crash_date,               traffic_control_device,weather_condition,lighting_condition,first_crash_type,trafficway_type,alignment,roadway_surface_cond,road_defect,crash_type,intersection_related_i,damage,prim_contributory_cause,num_units,most_severe_injury,injuries_total,injuries_fatal,injuries_incapacitating,injuries_non_incapacitating,injuries_reported_not_evident,injuries_no_indication,crash_hour,crash_day_of_week,crash_month
101350,17,2,3,15,8,3,0,5,1,1,2,22,2,2,0.0,0.0,0.0,0.0,0.0,2.0,19,6,7
171483,16,2,1,10,6,3,0,1,1,1,2,12,2,2,0.0,0.0,0.0,0.0,0.0,2.0,17,4,11
71409,16,2,1,10,2,3,0,1,1,1,2,17,2,2,0.0,0.0,0.0,0.0,0.0,3.0,1,1,5
141208,16,2,3,17,6,3,0,1,1,1,2,6,3,2,0.0,0.0,0.0,0.0,0.0,3.0,15,2,10
118635,15,2,3,17,6,3,0,1,0,1,0,17,2,2,0.0,0.0,0.0,0.0,0.0,5.0,16,1,8
78299,4,7,1,7,10,3,6,1,0,1,2,30,2,2,0.0,0.0,0.0,0.0,0.0,1.0,2,5,6
5576,15,10,3,17,8,3,4,5,1,1,2,36,2,2,0.0,0.0,0.0,0.0,0.0,2.0,15,7,1
187637,16,10,1,0,2,3,4,1,0,1,2,6,3,1,1.0,0.0,1.0,0.0,0.0,2.0,18,7,12
93680,4,2,3,7,2,3,0,1,0,1,2,9,3,2,0.0,0.0,0.0,0.0,0.0,1.0,7,1,7
138485,4,3,4,9,2,3,6,1,0,1,0,18,2,3,1.0,0.0,0.0,1.0,0.0,1.0,17,7,10
180618,15,2,3,17,6,3,0,1,0,1,2,18,2,2,0.0,0.0,0.0,0.0,0.0,2.0,12,6,12
99581,15,2,1,15,15,3,0,5,1,1,1,19,2,2,0.0,0.0,0.0,0.0,0.0,2.0,23,7,7
163257,15,3,1,0,6,3,6,1,1,1,1,18,2,2,0.0,0.0,0.0,0.0,0.0,2.0,19,7,11
917,4,2,1,10,8,3,5,1,1,1,1,36,2,2,0.0,0.0,0.0,0.0,0.0,3.0,19,3,1
183180,16,2,3,0,8,3,6,1,0,1,2,6,2,4,2.0,0.0,0.0,0.0,2.0,1.0,10,5,12
151966,4,7,3,10,2,3,6,1,1,0,2,36,2,2,0.0,0.0,0.0,0.0,0.0,2.0,10,3,10
112496,15,7,3,10,8,3,6,1,1,1,1,16,2,2,0.0,0.0,0.0,0.0,0.0,2.0,6,5,8
180469,15,3,3,9,10,3,6,1,0,1,0,17,2,1,1.0,0.0,1.0,0.0,0.0,1.0,12,4,12
122601,16,2,1,0,3,3,0,1,0,0,2,6,2,2,0.0,0.0,0.0,0.0,0.0,2.0,23,1,9
162311,16,11,5,10,8,3,5,5,1,0,2,19,2,2,0.0,0.0,0.0,0.0,0.0,3.0,3,1,11
106417,4,2,3,17,8,3,0,1,0,1,2,36,2,2,0.0,0.0,0.0,0.0,0.0,2.0,17,5,8
24174,16,2,1,17,8,3,0,5,1,1,0,23,2,2,0.0,0.0,0.0,0.0,0.0,3.0,22,5,2
33958,16,7,2,0,8,3,6,1,1,1,2,18,2,2,0.0,0.0,0.0,0.0,0.0,2.0,6,4,3
132105,4,2,3,10,2,3,0,1,1,0,1,19,2,2,0.0,0.0,0.0,0.0,0.0,3.0,15,2,9
122022,4,2,3,0,8,3,0,1,1,1,1,17,2,2,0.0,0.0,0.0,0.0,0.0,3.0,10,7,9
175094,4,2,4,17,2,3,0,1,1,1,0,36,2,2,0.0,0.0,0.0,0.0,0.0,5.0,18,6,12
49845,16,2,3,17,11,3,0,1,1,1,2,26,2,2,0.0,0.0,0.0,0.0,0.0,2.0,14,3,4
91493,16,2,3,10,8,3,0,1,1,1,2,18,2,2,0.0,0.0,0.0,0.0,0.0,5.0,16,1,7
143795,16,7,1,10,6,4,6,1,1,1,2,17,2,2,0.0,0.0,0.0,0.0,0.0,2.0,18,3,10
15993,16,2,3,9,8,3,0,1,0,1,0,18,2,3,1.0,0.0,0.0,1.0,0.0,1.0,9,6,2
24091,16,7,4,17,8,3,6,1,1,1,1,36,2,2,0.0,0.0,0.0,0.0,0.0,2.0,17,4,2
79951,15,2,3,0,8,3,0,1,1,1,2,18,2,2,0.0,0.0,0.0,0.0,0.0,5.0,15,7,6
136924,15,2,3,0,8,3,0,1,0,1,2,18,2,3,2.0,0.0,0.0,2.0,0.0,0.0,16,6,9
39969,16,7,5,0,8,3,6,5,0,1,2,6,2,2,0.0,0.0,0.0,0.0,0.0,3.0,0,6,3
168958,16,2,3,17,6,3,0,1,0,1,2,36,2,2,0.0,0.0,0.0,0.0,0.0,2.0,10,4,11
184413,16,2,3,15,10,3,0,1,1,1,2,36,2,2,0.0,0.0,0.0,0.0,0.0,2.0,17,3,12
58909,16,11,3,15,15,3,5,1,1,1,2,22,2,2,0.0,0.0,0.0,0.0,0.0,3.0,12,7,5
102881,16,2,3,17,8,3,0,1,1,1,2,18,2,2,0.0,0.0,0.0,0.0,0.0,2.0,12,7,7
48308,15,2,3,17,8,3,0,5,1,1,2,5,2,2,0.0,0.0,0.0,0.0,0.0,3.0,12,4,4
169182,16,2,3,0,11,3,0,1,0,1,2,6,2,2,0.0,0.0,0.0,0.0,0.0,2.0,8,7,11
10078,16,2,1,0,10,3,0,1,0,1,2,11,2,3,1.0,0.0,0.0,1.0,0.0,2.0,3,1,1
9767,15,2,1,2,6,3,1,1,0,1,2,36,1,2,0.0,0.0,0.0,0.0,0.0,1.0,22,2,1
89204,16,11,5,10,2,3,5,5,0,1,2,18,2,3,4.0,0.0,0.0,4.0,0.0,1.0,13,2,7
143996,16,11,1,10,6,3,0,5,1,1,2,36,2,2,0.0,0.0,0.0,0.0,0.0,4.0,23,6,10
30747,4,2,3,15,6,3,0,1,1,1,1,36,2,2,0.0,0.0,0.0,0.0,0.0,3.0,15,7,3
139252,16,2,3,17,8,3,0,1,0,1,2,18,2,2,0.0,0.0,0.0,0.0,0.0,2.0,10,3,10
145766,16,2,3,10,8,3,0,1,1,1,2,18,2,2,0.0,0.0,0.0,0.0,0.0,2.0,13,5,10
78917,16,2,1,17,2,3,0,1,1,1,1,14,2,2,0.0,0.0,0.0,0.0,0.0,2.0,20,6,6
23156,16,3,2,15,3,3,6,1,1,1,1,18,2,2,0.0,0.0,0.0,0.0,0.0,2.0,6,2,2
11030,4,3,3,10,8,3,0,1,1,1,0,19,3,2,0.0,0.0,0.0,0.0,0.0,7.0,12,2,1
161550,15,6,1,7,5,3,1,5,0,1,2,36,2,2,0.0,0.0,0.0,0.0,0.0,1.0,23,2,11
131212,16,2,3,0,6,3,0,1,0,1,2,6,2,3,1.0,0.0,0.0,1.0,0.0,2.0,10,5,9
63048,16,2,3,17,6,3,0,1,0,1,2,35,2,4,2.0,0.0,0.0,0.0,2.0,2.0,15,3,5
20809,15,10,3,17,6,3,4,1,0,1,2,39,2,2,0.0,0.0,0.0,0.0,0.0,2.0,9,5,2
166461,15,2,3,0,8,3,0,5,0,1,2,18,2,4,1.0,0.0,0.0,0.0,1.0,1.0,16,6,11
57663,16,2,3,10,8,3,0,1,1,1,1,19,2,2,0.0,0.0,0.0,0.0,0.0,4.0,15,2,5
10317,16,2,3,8,6,3,0,1,0,1,0,18,2,3,1.0,0.0,0.0,1.0,0.0,1.0,10,5,1
87042,16,2,3,7,8,3,0,5,1,1,2,36,2,2,0.0,0.0,0.0,0.0,0.0,1.0,16,4,6
123122,16,2,3,17,6,3,0,5,1,1,0,24,2,2,0.0,0.0,0.0,0.0,0.0,2.0,16,2,9
31757,16,2,3,17,6,3,0,1,1,1,2,36,2,2,0.0,0.0,0.0,0.0,0.0,2.0,15,4,3
178445,4,2,3,0,10,3,0,1,0,0,2,36,4,4,1.0,0.0,0.0,0.0,1.0,1.0,12,4,12
74295,16,2,3,17,6,3,0,1,1,1,1,18,2,2,0.0,0.0,0.0,0.0,0.0,3.0,17,2,6
90684,12,2,1,16,11,3,0,1,0,0,2,36,1,2,0.0,0.0,0.0,0.0,0.0,1.0,23,3,7
137293,15,2,3,0,6,3,0,1,1,1,2,18,2,2,0.0,0.0,0.0,0.0,0.0,2.0,14,5,9
20803,15,10,3,0,8,3,4,1,1,1,1,18,2,2,0.0,0.0,0.0,0.0,0.0,2.0,8,5,2
38295,16,7,3,10,8,4,6,1,1,1,0,17,2,2,0.0,0.0,0.0,0.0,0.0,2.0,9,3,3
172799,16,2,1,5,3,3,0,1,0,1,2,26,1,2,0.0,0.0,0.0,0.0,0.0,1.0,22,7,12
181555,15,2,1,0,6,3,0,1,0,1,2,5,2,2,0.0,0.0,0.0,0.0,0.0,2.0,20,5,12
111295,17,11,5,17,6,3,5,5,1,1,2,36,2,2,0.0,0.0,0.0,0.0,0.0,2.0,16,2,8
125886,16,2,3,10,6,3,0,1,1,1,2,36,3,2,0.0,0.0,0.0,0.0,0.0,3.0,12,7,9
18335,16,3,3,10,3,3,4,1,1,1,2,24,2,2,0.0,0.0,0.0,0.0,0.0,2.0,7,5,2
164201,16,2,3,15,10,3,0,1,1,1,2,22,2,2,0.0,0.0,0.0,0.0,0.0,2.0,11,2,11
101139,15,2,3,0,6,3,0,1,0,1,2,18,2,2,0.0,0.0,0.0,0.0,0.0,2.0,19,4,7
154949,16,2,1,17,8,3,0,1,1,1,0,23,2,2,0.0,0.0,0.0,0.0,0.0,2.0,17,2,10
24319,16,2,3,0,6,3,2,1,0,1,2,12,2,1,2.0,0.0,2.0,0.0,0.0,7.0,11,1,2
186466,16,2,1,17,1,3,0,1,1,1,1,24,2,2,0.0,0.0,0.0,0.0,0.0,2.0,18,3,12
84991,16,2,1,2,6,3,0,1,1,1,2,12,1,2,0.0,0.0,0.0,0.0,0.0,1.0,0,6,6
39861,16,2,3,10,8,3,0,1,1,1,2,19,2,2,0.0,0.0,0.0,0.0,0.0,2.0,7,3,3
112799,16,2,3,10,2,3,0,1,0,0,2,19,2,4,1.0,0.0,0.0,0.0,1.0,1.0,13,4,8
154714,15,2,3,0,6,3,0,1,0,1,2,18,2,2,0.0,0.0,0.0,0.0,0.0,2.0,16,6,10
185099,16,4,0,17,2,3,6,1,0,1,2,36,2,2,0.0,0.0,0.0,0.0,0.0,2.0,17,7,12
110629,16,2,3,17,6,3,0,1,1,1,2,18,2,2,0.0,0.0,0.0,0.0,0.0,3.0,16,6,8
95584,16,2,3,17,8,3,0,1,1,1,2,23,2,2,0.0,0.0,0.0,0.0,0.0,2.0,17,2,7
2501,16,2,3,15,8,3,0,1,1,1,2,17,2,2,0.0,0.0,0.0,0.0,0.0,2.0,12,7,1
134505,16,2,3,8,2,3,0,1,0,1,2,38,2,3,1.0,0.0,0.0,1.0,0.0,1.0,8,7,9
22391,4,2,3,17,8,3,0,1,1,0,1,11,2,2,0.0,0.0,0.0,0.0,0.0,2.0,11,4,2
68365,4,3,3,17,8,3,0,1,0,1,2,23,2,1,1.0,0.0,1.0,0.0,0.0,1.0,18,3,5
13088,4,2,3,3,8,3,0,1,0,1,2,12,2,2,0.0,0.0,0.0,0.0,0.0,4.0,13,4,1
136865,16,2,3,10,2,3,0,1,1,1,2,19,2,2,0.0,0.0,0.0,0.0,0.0,2.0,17,5,9
171091,15,6,1,0,8,3,2,1,0,1,2,18,2,3,3.0,0.0,0.0,1.0,2.0,1.0,21,5,11
21498,16,2,3,10,2,3,0,1,1,1,2,36,2,2,0.0,0.0,0.0,0.0,0.0,2.0,16,3,2
69634,16,2,1,17,6,3,0,1,1,1,2,36,2,2,0.0,0.0,0.0,0.0,0.0,3.0,19,2,5
82173,16,2,3,17,6,3,0,1,1,1,2,36,2,2,0.0,0.0,0.0,0.0,0.0,2.0,16,5,6
79187,16,11,5,10,2,3,5,5,1,1,2,19,2,2,0.0,0.0,0.0,0.0,0.0,2.0,17,4,6
46186,16,2,1,17,10,3,0,1,0,0,2,36,2,2,0.0,0.0,0.0,0.0,0.0,3.0,20,1,4
56982,4,2,3,15,8,3,0,1,1,1,2,23,2,2,0.0,0.0,0.0,0.0,0.0,2.0,17,4,5
99554,4,2,3,17,8,3,0,1,0,1,2,17,2,3,2.0,0.0,0.0,2.0,0.0,0.0,18,7,7
118840,15,2,1,10,2,3,0,1,1,1,2,17,2,2,0.0,0.0,0.0,0.0,0.0,2.0,0,2,8
33430,16,2,3,10,8,3,0,1,1,1,0,14,2,2,0.0,0.0,0.0,0.0,0.0,3.0,13,3,3
96261,15,2,3,0,6,3,0,1,0,1,2,5,2,2,0.0,0.0,0.0,0.0,0.0,4.0,17,6,7
116206,16,3,3,17,8,3,0,1,1,1,1,23,2,2,0.0,0.0,0.0,0.0,0.0,4.0,13,6,8
37704,15,7,2,0,8,3,6,1,1,1,2,5,2,2,0.0,0.0,0.0,0.0,0.0,3.0,6,5,3
180691,16,3,3,17,8,3,6,5,1,1,2,18,2,2,0.0,0.0,0.0,0.0,0.0,3.0,12,1,12
47290,16,2,3,17,6,3,0,1,0,1,2,18,2,1,1.0,0.0,1.0,0.0,0.0,1.0,17,1,4
91170,16,11,3,17,6,3,5,1,1,1,1,6,2,2,0.0,0.0,0.0,0.0,0.0,2.0,15,4,7
170084,15,2,3,0,6,3,0,1,1,1,2,26,2,2,0.0,0.0,0.0,0.0,0.0,2.0,8,3,11
55424,16,3,3,17,6,3,6,5,1,1,2,24,4,2,0.0,0.0,0.0,0.0,0.0,4.0,11,7,4
121924,15,2,3,0,11,3,0,5,0,1,2,36,2,4,1.0,0.0,0.0,0.0,1.0,1.0,16,6,9
118673,16,2,1,0,18,3,0,5,0,1,2,36,2,4,1.0,0.0,0.0,0.0,1.0,2.0,2,2,8
107836,9,2,3,17,3,3,2,0,0,1,2,24,2,4,1.0,0.0,0.0,0.0,1.0,1.0,13,5,8
86320,4,2,0,15,10,3,0,1,1,1,2,23,2,2,0.0,0.0,0.0,0.0,0.0,2.0,22,5,6
75413,4,2,3,8,0,3,0,1,0,1,0,36,2,3,1.0,0.0,0.0,1.0,0.0,1.0,11,4,6
18347,16,2,3,10,8,3,0,1,1,1,2,19,2,2,0.0,0.0,0.0,0.0,0.0,3.0,8,5,2
11772,16,2,1,0,6,3,6,1,0,1,2,18,2,4,1.0,0.0,0.0,0.0,1.0,2.0,0,2,1
162290,16,2,3,17,8,3,0,1,1,1,1,36,2,2,0.0,0.0,0.0,0.0,0.0,4.0,9,7,11
108963,15,2,2,0,6,3,0,1,0,1,2,5,2,3,1.0,0.0,0.0,1.0,0.0,1.0,5,2,8
20059,15,2,1,0,6,3,0,1,0,1,2,18,2,3,1.0,0.0,0.0,1.0,0.0,2.0,3,1,2
31121,16,2,3,17,8,3,0,1,1,1,2,24,2,2,0.0,0.0,0.0,0.0,0.0,2.0,8,5,3
101944,15,2,1,0,18,3,0,1,0,1,2,6,2,1,5.0,0.0,1.0,4.0,0.0,0.0,2,1,7
46149,16,9,0,15,3,3,6,1,1,1,2,23,2,2,0.0,0.0,0.0,0.0,0.0,4.0,0,7,4
172631,16,7,1,2,6,3,6,1,0,1,2,36,1,3,1.0,0.0,0.0,1.0,0.0,0.0,19,6,12
47776,16,2,0,10,2,3,0,1,1,1,1,17,3,2,0.0,0.0,0.0,0.0,0.0,3.0,21,2,4
82873,16,7,1,2,15,3,6,1,0,1,2,17,1,2,0.0,0.0,0.0,0.0,0.0,2.0,1,2,6
184864,15,2,3,17,6,3,0,1,1,1,2,18,2,2,0.0,0.0,0.0,0.0,0.0,2.0,17,2,12
81535,16,2,3,17,8,3,0,1,0,1,2,18,2,3,2.0,0.0,0.0,1.0,1.0,1.0,13,3,6
2527,16,2,1,14,2,3,0,1,1,1,2,13,3,2,0.0,0.0,0.0,0.0,0.0,2.0,19,1,1
178495,17,2,3,17,6,3,0,1,0,1,2,36,2,3,1.0,0.0,0.0,1.0,0.0,1.0,8,5,12
27814,4,2,3,7,6,3,0,1,1,1,2,24,2,2,0.0,0.0,0.0,0.0,0.0,4.0,16,6,2
61081,16,2,3,17,10,3,0,1,1,1,2,36,2,2,0.0,0.0,0.0,0.0,0.0,2.0,12,5,5
148645,15,2,3,0,8,3,0,1,0,1,2,18,2,3,1.0,0.0,0.0,1.0,0.0,1.0,13,6,10
18714,15,11,5,15,8,3,5,5,1,1,2,36,2,2,0.0,0.0,0.0,0.0,0.0,2.0,18,5,2
133908,4,2,3,17,8,3,0,1,0,0,2,36,3,2,0.0,0.0,0.0,0.0,0.0,3.0,8,6,9
175095,15,2,1,0,6,3,0,1,1,1,2,36,2,2,0.0,0.0,0.0,0.0,0.0,3.0,18,6,12
137062,15,2,3,8,2,3,0,1,0,1,0,18,2,3,1.0,0.0,0.0,1.0,0.0,1.0,13,7,9
158523,17,7,2,17,2,3,0,5,0,1,2,36,2,4,1.0,0.0,0.0,0.0,1.0,1.0,16,3,11
65363,16,2,3,15,15,3,0,5,1,1,2,22,2,2,0.0,0.0,0.0,0.0,0.0,2.0,14,5,5
30925,16,11,5,17,6,3,5,5,1,1,2,18,2,2,0.0,0.0,0.0,0.0,0.0,2.0,17,4,3
55227,15,7,1,0,15,3,6,1,1,1,2,5,2,2,0.0,0.0,0.0,0.0,0.0,2.0,21,4,4
178874,16,2,3,10,8,3,0,5,1,1,0,16,2,2,0.0,0.0,0.0,0.0,0.0,2.0,15,3,12
182980,16,2,3,17,2,3,5,5,1,1,1,36,2,2,0.0,0.0,0.0,0.0,0.0,2.0,7,5,12
103959,16,2,3,17,2,3,0,1,1,1,1,12,2,2,0.0,0.0,0.0,0.0,0.0,3.0,16,3,8
133499,15,2,3,17,3,3,5,5,1,1,1,18,2,2,0.0,0.0,0.0,0.0,0.0,2.0,13,2,9
131073,16,7,3,10,6,3,6,5,1,1,1,36,2,2,0.0,0.0,0.0,0.0,0.0,2.0,17,3,9
22779,16,2,1,17,2,3,6,1,1,1,2,36,2,2,0.0,0.0,0.0,0.0,0.0,2.0,22,4,2
15005,4,2,3,17,8,3,0,1,0,1,2,18,2,4,1.0,0.0,0.0,0.0,1.0,1.0,9,3,1
57106,4,2,3,17,2,3,0,1,1,1,0,18,2,2,0.0,0.0,0.0,0.0,0.0,3.0,16,6,5
55140,16,2,3,17,8,3,6,1,1,1,1,19,2,2,0.0,0.0,0.0,0.0,0.0,2.0,16,2,4
88609,15,2,3,17,6,3,0,1,0,1,1,18,2,2,0.0,0.0,0.0,0.0,0.0,3.0,15,7,7
155515,16,2,3,10,8,3,6,1,1,1,1,36,2,2,0.0,0.0,0.0,0.0,0.0,2.0,8,2,10
30340,10,2,4,9,8,3,0,1,0,1,0,18,2,3,1.0,0.0,0.0,1.0,0.0,1.0,17,7,3
59471,15,7,3,0,6,3,6,5,1,1,2,39,2,2,0.0,0.0,0.0,0.0,0.0,2.0,9,3,5
177809,15,2,1,0,8,3,0,1,1,1,2,36,2,2,0.0,0.0,0.0,0.0,0.0,2.0,19,3,12
148273,17,7,4,17,19,3,6,1,0,1,2,36,2,2,0.0,0.0,0.0,0.0,0.0,2.0,17,2,10
152970,16,2,1,11,6,3,0,1,1,1,2,36,2,2,0.0,0.0,0.0,0.0,0.0,3.0,18,1,10
51377,15,2,3,0,2,3,0,1,1,1,1,18,2,2,0.0,0.0,0.0,0.0,0.0,2.0,15,3,4
13956,16,2,3,17,6,3,0,1,1,1,2,24,2,2,0.0,0.0,0.0,0.0,0.0,2.0,13,6,1
81335,16,2,3,2,15,3,0,1,0,1,2,28,1,3,1.0,0.0,0.0,1.0,0.0,0.0,14,1,6
69547,16,2,3,3,8,3,0,1,1,1,2,19,2,2,0.0,0.0,0.0,0.0,0.0,3.0,14,7,5
61159,4,2,3,10,8,3,0,1,1,1,2,19,2,2,0.0,0.0,0.0,0.0,0.0,2.0,12,6,5
25353,15,7,4,0,8,3,6,1,0,1,2,18,2,2,0.0,0.0,0.0,0.0,0.0,2.0,16,7,2
107371,4,2,3,15,8,3,0,1,1,1,1,18,2,2,0.0,0.0,0.0,0.0,0.0,2.0,9,4,8
91182,16,2,3,8,6,3,0,1,0,1,0,17,2,4,1.0,0.0,0.0,0.0,1.0,1.0,17,4,7
52125,4,2,3,8,2,3,0,5,1,1,1,18,2,2,0.0,0.0,0.0,0.0,0.0,4.0,15,2,4
30938,15,2,1,10,6,3,0,5,0,1,2,17,3,3,2.0,0.0,0.0,1.0,1.0,1.0,18,4,3
49291,4,2,1,17,2,3,0,1,0,1,2,6,2,3,1.0,0.0,0.0,1.0,0.0,3.0,1,1,4
85955,16,2,3,0,12,3,0,1,1,1,1,24,2,2,0.0,0.0,0.0,0.0,0.0,2.0,12,7,6
47760,16,2,3,0,6,3,0,1,1,1,2,6,2,2,0.0,0.0,0.0,0.0,0.0,3.0,15,2,4
107653,17,2,3,0,15,3,5,5,1,1,2,36,2,2,0.0,0.0,0.0,0.0,0.0,5.0,15,4,8
114918,4,2,1,15,2,3,0,1,1,0,2,36,2,2,0.0,0.0,0.0,0.0,0.0,2.0,3,1,8
48491,15,2,3,17,2,3,0,1,1,1,2,36,2,2,0.0,0.0,0.0,0.0,0.0,2.0,17,1,4
54998,4,2,1,15,8,3,0,1,0,0,2,23,2,2,0.0,0.0,0.0,0.0,0.0,2.0,23,1,4
95357,17,2,0,17,2,3,0,1,1,1,1,23,2,2,0.0,0.0,0.0,0.0,0.0,3.0,21,6,7
1102,4,2,4,10,8,3,0,1,1,0,2,17,2,2,0.0,0.0,0.0,0.0,0.0,3.0,16,5,1
139350,16,2,3,15,2,3,0,1,1,1,2,24,2,2,0.0,0.0,0.0,0.0,0.0,4.0,13,4,10
151827,16,5,1,9,8,3,6,1,0,1,0,38,2,3,1.0,0.0,0.0,1.0,0.0,1.0,6,2,10
77149,15,3,3,10,8,3,0,1,0,1,0,19,2,3,1.0,0.0,0.0,1.0,0.0,1.0,14,2,6
54260,16,2,3,17,8,3,0,1,1,1,1,36,2,2,0.0,0.0,0.0,0.0,0.0,2.0,16,3,4
65294,16,2,3,10,8,3,0,1,1,1,1,19,2,2,0.0,0.0,0.0,0.0,0.0,3.0,12,3,5
97519,15,2,3,0,9,3,0,5,0,1,2,5,6,3,7.0,0.0,0.0,7.0,0.0,1.0,16,4,7
121194,4,2,3,0,10,3,0,1,0,1,2,18,2,2,0.0,0.0,0.0,0.0,0.0,3.0,15,1,9
63304,16,2,3,10,2,3,0,1,0,1,2,19,2,4,1.0,0.0,0.0,0.0,1.0,1.0,16,6,5
63406,16,2,3,17,8,3,0,1,1,1,2,18,2,2,0.0,0.0,0.0,0.0,0.0,3.0,13,1,5
170327,15,2,3,10,10,3,0,1,1,1,2,21,2,2,0.0,0.0,0.0,0.0,0.0,2.0,9,4,11
47972,16,2,3,0,6,3,0,1,0,1,2,36,2,2,0.0,0.0,0.0,0.0,0.0,2.0,14,7,4
94319,16,11,1,17,6,3,5,5,0,1,2,36,2,2,0.0,0.0,0.0,0.0,0.0,3.0,0,3,7
118315,4,7,1,17,8,3,6,1,1,1,2,36,2,2,0.0,0.0,0.0,0.0,0.0,2.0,0,2,8
45458,15,2,3,17,2,3,0,1,1,1,2,22,2,2,0.0,0.0,0.0,0.0,0.0,2.0,17,2,4
25743,4,7,3,10,2,3,6,1,1,1,2,23,2,2,0.0,0.0,0.0,0.0,0.0,28.0,7,6,2
132551,16,2,4,0,11,3,0,1,1,1,1,18,2,2,0.0,0.0,0.0,0.0,0.0,2.0,17,7,9
96969,16,2,3,17,10,3,0,1,1,1,1,24,2,2,0.0,0.0,0.0,0.0,0.0,2.0,13,3,7
154608,15,7,3,0,10,3,6,1,1,1,2,5,2,2,0.0,0.0,0.0,0.0,0.0,3.0,16,4,10
46991,16,2,3,17,15,3,0,1,1,1,1,24,2,2,0.0,0.0,0.0,0.0,0.0,2.0,6,3,4
57744,16,2,3,17,8,3,0,1,0,1,2,11,2,3,1.0,0.0,0.0,1.0,0.0,1.0,16,4,5
163156,16,10,1,17,5,3,6,1,1,1,2,39,2,2,0.0,0.0,0.0,0.0,0.0,2.0,1,5,11
21604,4,2,3,0,12,3,0,1,1,1,2,28,3,2,0.0,0.0,0.0,0.0,0.0,4.0,9,4,2
111941,16,2,3,0,8,3,0,1,1,1,2,26,2,2,0.0,0.0,0.0,0.0,0.0,2.0,14,4,8
110680,15,2,0,0,8,3,0,1,1,1,2,18,2,2,0.0,0.0,0.0,0.0,0.0,2.0,0,6,8
175498,16,2,3,17,3,3,0,1,0,1,2,24,2,2,0.0,0.0,0.0,0.0,0.0,2.0,8,5,12
97975,16,2,3,0,8,3,0,1,0,1,2,36,2,4,1.0,0.0,0.0,0.0,1.0,3.0,16,4,7
43499,4,2,3,17,0,3,0,1,0,1,2,18,2,2,0.0,0.0,0.0,0.0,0.0,2.0,17,2,4
176995,15,2,0,0,8,3,0,1,1,1,2,5,2,2,0.0,0.0,0.0,0.0,0.0,2.0,17,7,12
136260,15,2,0,17,6,3,0,5,0,1,2,36,2,4,2.0,0.0,0.0,0.0,2.0,1.0,20,3,9
134815,15,2,3,17,8,3,0,1,0,1,2,18,2,2,0.0,0.0,0.0,0.0,0.0,2.0,16,3,9
43626,16,2,3,15,2,3,0,1,1,1,2,36,2,2,0.0,0.0,0.0,0.0,0.0,3.0,13,3,4
54262,16,2,3,0,6,3,0,1,1,1,2,36,2,2,0.0,0.0,0.0,0.0,0.0,2.0,16,3,4
71716,16,2,0,10,19,3,0,1,1,0,2,36,2,2,0.0,0.0,0.0,0.0,0.0,2.0,20,6,5
169979,15,2,3,0,6,3,0,1,0,1,2,36,2,2,0.0,0.0,0.0,0.0,0.0,2.0,10,7,11
3287,16,2,1,0,6,3,0,1,0,1,2,6,2,1,1.0,0.0,1.0,0.0,0.0,1.0,23,7,1
109315,16,2,3,17,1,3,0,2,1,1,0,22,2,2,0.0,0.0,0.0,0.0,0.0,2.0,14,7,8
177086,16,2,3,10,6,3,0,6,1,1,1,17,2,2,0.0,0.0,0.0,0.0,0.0,2.0,8,2,12
156342,15,7,3,17,8,3,6,1,1,1,1,36,2,2,0.0,0.0,0.0,0.0,0.0,2.0,16,5,11
178079,16,7,1,0,6,3,6,1,0,1,2,6,2,3,1.0,0.0,0.0,1.0,0.0,2.0,0,7,12
131056,16,7,3,2,3,3,6,3,0,1,2,22,1,2,0.0,0.0,0.0,0.0,0.0,1.0,13,3,9
166624,15,2,2,17,8,3,6,1,1,1,1,24,2,2,0.0,0.0,0.0,0.0,0.0,2.0,6,4,11
36132,15,2,3,0,2,3,0,5,0,1,1,36,3,2,0.0,0.0,0.0,0.0,0.0,6.0,15,6,3
145833,4,2,1,2,8,3,0,1,0,1,2,28,1,2,0.0,0.0,0.0,0.0,0.0,2.0,21,1,10
143327,16,2,3,17,6,3,0,1,0,1,2,17,2,3,2.0,0.0,0.0,1.0,1.0,1.0,10,5,10
133146,15,2,1,0,11,3,0,5,0,1,2,5,2,2,0.0,0.0,0.0,0.0,0.0,2.0,19,1,9
145062,16,7,3,8,6,3,6,6,0,1,0,18,2,4,1.0,0.0,0.0,0.0,1.0,1.0,15,6,10
149599,16,11,5,8,6,3,5,5,0,1,2,36,2,1,1.0,0.0,1.0,0.0,0.0,1.0,18,7,10
58498,16,2,3,10,8,3,0,1,0,1,2,30,2,2,0.0,0.0,0.0,0.0,0.0,2.0,9,7,5
84052,4,2,3,9,9,3,0,1,0,1,2,36,2,1,1.0,0.0,1.0,0.0,0.0,1.0,13,6,6
63964,15,2,3,0,8,3,0,1,1,1,1,18,2,2,0.0,0.0,0.0,0.0,0.0,2.0,17,3,5
120154,16,2,3,17,8,3,0,1,0,1,1,36,2,3,1.0,0.0,0.0,1.0,0.0,1.0,2,2,8
2970,4,2,3,0,8,3,0,1,1,1,1,36,2,2,0.0,0.0,0.0,0.0,0.0,2.0,12,7,1
157183,4,2,3,17,6,3,0,1,1,1,0,23,2,2,0.0,0.0,0.0,0.0,0.0,2.0,9,4,11
155105,4,2,3,17,10,3,0,1,1,1,2,24,2,2,0.0,0.0,0.0,0.0,0.0,4.0,7,2,10