crash_date,               traffic_control_device,weather_condition,lighting_condition,first_crash_type,trafficway_type,alignment,roadway_surface_cond,road_defect,crash_type,intersection_related_i,damage,prim_contributory_cause,num_units,most_severe_injury,injuries_total,injuries_fatal,injuries_incapacitating,injuries_non_incapacitating,injuries_reported_not_evident,injuries_no_indication,crash_hour,crash_day_of_week,crash_month
53973,16,7,1,10,11,3,6,1,1,1,0,36,2,2,0.0,0.0,0.0,0.0,0.0,2.0,22,4,4
83360,4,7,1,9,8,3,6,5,0,1,0,36,2,3,1.0,0.0,0.0,1.0,0.0,1.0,20,2,6
149213,16,2,3,2,8,2,0,1,1,0,2,18,1,2,0.0,0.0,0.0,0.0,0.0,2.0,9,7,10
113088,16,2,3,10,8,3,0,1,1,1,2,19,2,2,0.0,0.0,0.0,0.0,0.0,2.0,12,6,8
127462,15,2,1,8,8,3,0,1,0,1,0,5,2,3,1.0,0.0,0.0,1.0,0.0,1.0,19,1,9
101443,16,2,3,10,8,3,0,1,0,0,2,19,2,2,0.0,0.0,0.0,0.0,0.0,4.0,9,7,7
75195,4,2,3,17,8,3,0,1,0,1,1,36,2,4,1.0,0.0,0.0,0.0,1.0,1.0,16,1,6
22558,15,2,3,0,2,3,0,1,1,1,1,18,2,2,0.0,0.0,0.0,0.0,0.0,2.0,14,6,2
113670,16,2,3,17,18,3,0,1,1,1,0,24,2,2,0.0,0.0,0.0,0.0,0.0,2.0,17,2,8
76528,16,2,3,7,6,3,0,1,1,1,0,36,2,2,0.0,0.0,0.0,0.0,0.0,1.0,12,1,6
28180,15,2,3,0,6,3,0,1,0,1,2,36,2,4,1.0,0.0,0.0,0.0,1.0,1.0,15,5,2
129499,15,2,3,17,2,3,0,1,1,1,2,18,2,2,0.0,0.0,0.0,0.0,0.0,2.0,14,7,9
128651,4,2,1,0,2,3,0,5,1,1,2,18,2,2,0.0,0.0,0.0,0.0,0.0,6.0,19,4,9
94548,16,3,3,10,2,5,0,1,1,1,2,13,2,2,0.0,0.0,0.0,0.0,0.0,2.0,7,6,7
16295,16,2,3,15,2,3,5,5,1,1,2,23,2,2,0.0,0.0,0.0,0.0,0.0,2.0,16,6,2
116479,4,2,3,17,8,3,0,1,0,1,2,26,4,4,3.0,0.0,0.0,0.0,3.0,2.0,13,4,8
186474,7,2,3,16,12,3,4,1,0,1,2,3,2,4,1.0,0.0,0.0,0.0,1.0,2.0,13,4,12
3784,16,2,1,17,6,3,0,1,0,1,2,36,2,2,0.0,0.0,0.0,0.0,0.0,2.0,21,2,1
93349,17,2,3,10,8,3,0,1,1,0,1,36,2,2,0.0,0.0,0.0,0.0,0.0,2.0,18,3,7
135380,16,2,3,17,10,3,0,1,1,1,0,24,2,2,0.0,0.0,0.0,0.0,0.0,2.0,6,4,9
127784,4,2,3,8,2,3,0,1,0,1,0,18,2,1,1.0,0.0,1.0,0.0,0.0,1.0,17,5,9
129841,4,2,3,10,15,3,0,1,1,1,1,36,2,2,0.0,0.0,0.0,0.0,0.0,3.0,9,6,9
105607,15,2,3,17,8,3,0,1,0,1,2,36,2,4,1.0,0.0,0.0,0.0,1.0,1.0,13,6,8
176208,15,3,3,0,6,3,0,1,0,1,2,5,2,2,0.0,0.0,0.0,0.0,0.0,3.0,8,3,12
57630,16,2,3,10,8,3,0,1,1,1,1,6,3,2,0.0,0.0,0.0,0.0,0.0,7.0,10,7,5
164535,15,2,3,17,6,3,0,1,0,1,2,26,2,2,0.0,0.0,0.0,0.0,0.0,2.0,12,3,11
161747,4,2,0,17,8,3,0,1,1,1,2,18,2,2,0.0,0.0,0.0,0.0,0.0,2.0,19,7,11
3286,15,2,3,17,1,3,0,1,1,1,2,38,2,2,0.0,0.0,0.0,0.0,0.0,2.0,11,7,1
142922,16,2,1,17,1,3,0,1,0,1,2,24,2,2,0.0,0.0,0.0,0.0,0.0,2.0,22,4,10
140135,16,2,3,10,2,3,0,1,1,1,2,21,2,2,0.0,0.0,0.0,0.0,0.0,3.0,6,2,10
173794,16,2,3,15,3,3,0,5,1,0,2,36,2,2,0.0,0.0,0.0,0.0,0.0,2.0,18,2,12
41562,15,2,1,0,8,3,0,1,0,1,2,36,4,2,0.0,0.0,0.0,0.0,0.0,3.0,22,2,3
125291,15,2,3,17,17,3,0,1,0,1,2,36,2,2,0.0,0.0,0.0,0.0,0.0,4.0,7,6,9
140881,15,7,3,0,6,3,6,1,0,1,2,36,2,3,2.0,0.0,0.0,2.0,0.0,1.0,15,6,10
185547,4,10,3,2,10,3,4,1,1,1,2,39,1,2,0.0,0.0,0.0,0.0,0.0,1.0,14,7,12
94903,16,2,3,17,10,3,0,5,1,1,2,23,2,2,0.0,0.0,0.0,0.0,0.0,14.0,18,6,7
92623,16,2,3,8,17,3,0,5,1,1,2,26,2,2,0.0,0.0,0.0,0.0,0.0,2.0,17,6,7
148396,15,2,3,2,6,3,0,1,0,1,2,24,1,2,0.0,0.0,0.0,0.0,0.0,1.0,17,4,10
44429,16,2,3,0,6,3,0,1,0,1,2,17,2,3,2.0,0.0,0.0,2.0,0.0,1.0,15,6,4
152088,17,11,5,10,8,3,5,5,1,1,2,17,2,2,0.0,0.0,0.0,0.0,0.0,2.0,17,6,10
144523,16,2,1,0,16,3,0,5,0,1,2,6,2,2,0.0,0.0,0.0,0.0,0.0,2.0,1,7,10
101340,4,2,3,17,8,3,0,1,0,1,2,36,2,3,2.0,0.0,0.0,2.0,0.0,2.0,18,6,7
146572,16,2,3,15,6,3,0,1,0,1,2,36,2,2,0.0,0.0,0.0,0.0,0.0,4.0,13,6,10
172301,16,7,3,9,1,3,6,5,0,1,0,18,2,4,1.0,0.0,0.0,0.0,1.0,1.0,9,7,12
145845,16,2,3,0,2,3,0,1,1,1,2,6,2,2,0.0,0.0,0.0,0.0,0.0,2.0,13,2,10
83029,16,2,3,0,8,3,0,1,0,1,2,36,3,3,1.0,0.0,0.0,1.0,0.0,3.0,8,4,6
142548,16,2,3,10,6,3,0,5,1,1,2,36,2,2,0.0,0.0,0.0,0.0,0.0,2.0,10,7,10
61717,15,7,0,17,8,3,6,5,1,1,0,21,2,2,0.0,0.0,0.0,0.0,0.0,3.0,20,1,5
97177,15,2,3,0,8,3,0,1,0,1,2,5,3,3,1.0,0.0,0.0,1.0,0.0,2.0,7,5,7
55570,16,2,3,0,8,3,0,1,0,1,2,6,2,3,1.0,0.0,0.0,1.0,0.0,1.0,15,2,4
157825,16,2,1,17,15,3,0,1,1,1,1,18,2,2,0.0,0.0,0.0,0.0,0.0,2.0,19,6,11
141677,16,2,3,10,8,3,0,1,1,1,1,22,2,2,0.0,0.0,0.0,0.0,0.0,6.0,13,1,10
1492,15,2,3,0,8,3,5,5,1,1,2,18,2,2,0.0,0.0,0.0,0.0,0.0,3.0,13,5,1
76648,16,4,2,0,10,3,5,5,0,1,2,6,2,2,0.0,0.0,0.0,0.0,0.0,3.0,19,1,6
108287,4,2,3,17,3,2,0,1,0,1,2,35,2,2,0.0,0.0,0.0,0.0,0.0,2.0,15,5,8
114466,15,2,3,0,6,3,0,1,0,1,2,36,2,2,0.0,0.0,0.0,0.0,0.0,3.0,8,1,8
83830,16,7,3,10,8,3,6,3,1,1,1,36,2,2,0.0,0.0,0.0,0.0,0.0,2.0,18,1,6
42398,16,2,1,15,8,3,0,1,1,1,2,24,2,2,0.0,0.0,0.0,0.0,0.0,2.0,20,2,4
116628,16,2,3,10,8,3,0,1,0,1,2,17,4,3,1.0,0.0,0.0,1.0,0.0,4.0,17,7,8
164054,4,2,1,0,10,3,0,5,0,1,2,5,3,2,0.0,0.0,0.0,0.0,0.0,3.0,0,3,11
54935,16,2,3,0,6,3,0,1,1,1,1,18,2,2,0.0,0.0,0.0,0.0,0.0,2.0,10,6,4
95721,4,2,3,10,10,3,0,1,1,1,0,36,2,2,0.0,0.0,0.0,0.0,0.0,2.0,6,5,7
153182,4,2,3,15,17,3,0,5,1,1,2,36,2,2,0.0,0.0,0.0,0.0,0.0,2.0,7,5,10
176696,4,2,1,7,2,3,0,1,1,0,1,21,2,2,0.0,0.0,0.0,0.0,0.0,1.0,6,2,12
138306,16,2,3,0,8,3,0,1,0,1,2,24,2,2,0.0,0.0,0.0,0.0,0.0,2.0,15,4,10
79905,16,2,3,15,8,3,0,1,1,1,1,22,2,2,0.0,0.0,0.0,0.0,0.0,3.0,16,6,6
6271,17,2,3,10,17,3,0,5,1,1,2,36,2,2,0.0,0.0,0.0,0.0,0.0,2.0,9,5,1
10786,16,2,1,17,19,3,0,1,0,1,2,30,2,2,0.0,0.0,0.0,0.0,0.0,2.0,20,6,1
114941,16,2,3,10,8,3,0,1,1,1,0,19,2,2,0.0,0.0,0.0,0.0,0.0,2.0,9,1,8
59248,4,2,1,9,8,3,0,1,0,1,2,18,2,3,1.0,0.0,0.0,1.0,0.0,1.0,21,6,5
167363,15,2,1,0,2,3,0,1,0,1,2,18,2,3,1.0,0.0,0.0,1.0,0.0,2.0,23,1,11
160899,16,10,3,17,2,3,4,1,1,1,2,39,3,2,0.0,0.0,0.0,0.0,0.0,4.0,9,6,11
10884,4,11,3,10,10,3,6,5,1,1,2,36,2,2,0.0,0.0,0.0,0.0,0.0,2.0,14,1,1
109453,4,2,3,17,6,3,0,5,0,1,2,17,2,3,1.0,0.0,0.0,1.0,0.0,1.0,14,3,8
113931,16,11,5,11,11,3,5,5,1,1,2,36,2,2,0.0,0.0,0.0,0.0,0.0,2.0,18,7,8
163678,16,7,3,17,2,3,6,5,0,1,2,18,2,2,0.0,0.0,0.0,0.0,0.0,3.0,14,5,11
44912,4,2,3,17,8,3,0,1,1,1,2,18,2,2,0.0,0.0,0.0,0.0,0.0,4.0,12,7,4
165521,15,2,1,0,6,3,0,1,0,1,2,18,2,4,1.0,0.0,0.0,0.0,1.0,1.0,17,2,11
102572,4,2,3,17,8,3,0,1,0,1,2,36,2,3,3.0,0.0,0.0,3.0,0.0,0.0,10,4,7
86685,16,7,3,15,8,3,5,5,1,1,2,18,2,2,0.0,0.0,0.0,0.0,0.0,3.0,8,6,6
59610,15,2,3,17,8,3,0,1,0,0,2,24,2,3,1.0,0.0,0.0,1.0,0.0,1.0,14,4,5
186343,16,3,3,0,8,3,6,1,1,1,2,36,2,2,0.0,0.0,0.0,0.0,0.0,3.0,10,2,12
54838,15,2,3,0,6,3,0,1,0,1,2,36,2,3,1.0,0.0,0.0,1.0,0.0,1.0,15,5,4
5742,16,2,1,0,6,3,0,1,0,1,2,4,2,1,1.0,0.0,1.0,0.0,0.0,1.0,11,3,1
124052,4,2,3,8,8,3,0,1,1,1,1,36,2,2,0.0,0.0,0.0,0.0,0.0,2.0,17,2,9
143662,15,2,1,17,8,3,0,1,0,1,2,5,2,4,1.0,0.0,0.0,0.0,1.0,2.0,19,1,10
59337,16,2,3,8,6,3,0,1,0,1,2,36,2,3,1.0,0.0,0.0,1.0,0.0,1.0,10,7,5
92176,16,2,3,10,2,3,0,1,1,1,2,8,2,2,0.0,0.0,0.0,0.0,0.0,2.0,17,6,7
24356,4,2,3,17,15,3,0,1,1,1,1,36,2,2,0.0,0.0,0.0,0.0,0.0,5.0,12,2,2
77736,16,7,3,15,3,3,6,5,1,1,2,36,2,2,0.0,0.0,0.0,0.0,0.0,2.0,14,4,6
74925,16,2,3,15,8,3,0,1,0,1,2,23,3,4,1.0,0.0,0.0,0.0,1.0,2.0,7,5,6
83236,16,7,3,10,8,3,6,1,1,1,2,19,2,2,0.0,0.0,0.0,0.0,0.0,3.0,9,6,6
75692,6,2,3,8,10,3,0,1,0,1,0,18,2,3,1.0,0.0,0.0,1.0,0.0,1.0,13,2,6
61453,16,2,3,15,6,3,0,5,1,1,2,23,2,2,0.0,0.0,0.0,0.0,0.0,2.0,9,5,5
148018,16,2,3,15,8,3,0,1,1,1,2,18,2,2,0.0,0.0,0.0,0.0,0.0,3.0,6,4,10
102391,16,2,3,10,2,3,0,1,1,1,2,19,2,2,0.0,0.0,0.0,0.0,0.0,3.0,17,7,7
65756,15,2,3,0,6,3,0,1,0,1,1,18,2,2,0.0,0.0,0.0,0.0,0.0,2.0,16,4,5
59132,16,2,1,17,2,3,0,1,1,1,2,22,2,2,0.0,0.0,0.0,0.0,0.0,2.0,20,3,5
113548,15,2,3,0,8,3,0,1,0,1,1,12,2,3,4.0,0.0,0.0,4.0,0.0,2.0,18,6,8
53847,16,2,3,0,6,3,0,1,0,1,2,6,2,4,1.0,0.0,0.0,0.0,1.0,2.0,16,4,4
78980,16,2,4,10,8,3,0,1,0,1,2,6,3,2,0.0,0.0,0.0,0.0,0.0,4.0,18,1,6
183123,15,2,3,17,3,3,0,5,0,1,2,17,2,3,1.0,0.0,0.0,1.0,0.0,1.0,13,5,12
187056,15,10,1,0,2,3,4,2,0,1,2,12,3,3,1.0,0.0,0.0,1.0,0.0,4.0,17,5,12
89945,15,2,3,0,8,3,0,1,1,1,1,36,2,2,0.0,0.0,0.0,0.0,0.0,4.0,12,5,7
182761,16,3,1,17,6,3,0,1,0,1,2,18,2,4,2.0,0.0,0.0,0.0,2.0,0.0,20,7,12
159942,16,2,3,10,10,3,0,1,0,1,2,36,4,4,1.0,0.0,0.0,0.0,1.0,4.0,13,1,11
58730,4,2,1,5,2,3,0,3,1,1,2,14,1,2,0.0,0.0,0.0,0.0,0.0,1.0,21,5,5
59325,15,2,1,0,6,3,0,1,0,1,2,5,2,3,2.0,0.0,0.0,2.0,0.0,1.0,20,7,5
23548,16,7,1,2,2,3,6,1,0,1,2,30,1,2,0.0,0.0,0.0,0.0,0.0,1.0,19,2,2
43517,17,7,1,3,19,3,6,1,0,0,2,36,2,3,1.0,0.0,0.0,1.0,0.0,1.0,20,2,4
74896,4,2,3,10,15,3,0,1,0,1,2,36,2,2,0.0,0.0,0.0,0.0,0.0,2.0,14,5,6
130589,15,2,4,0,6,3,5,5,1,1,1,18,2,2,0.0,0.0,0.0,0.0,0.0,2.0,17,4,9
120375,16,2,3,10,8,3,0,1,1,1,2,12,2,2,0.0,0.0,0.0,0.0,0.0,4.0,7,5,8
73830,16,2,3,17,6,3,0,1,1,1,2,18,3,2,0.0,0.0,0.0,0.0,0.0,4.0,7,3,6
3291,15,3,3,0,6,3,0,1,0,1,2,5,2,4,1.0,0.0,0.0,0.0,1.0,1.0,12,7,1
138444,17,2,3,17,2,4,0,5,0,1,2,36,2,2,0.0,0.0,0.0,0.0,0.0,2.0,11,6,10
138232,16,2,1,17,8,3,0,1,1,1,2,36,2,2,0.0,0.0,0.0,0.0,0.0,2.0,21,2,10
151719,15,2,1,9,11,3,0,1,0,1,0,38,2,1,1.0,0.0,1.0,0.0,0.0,2.0,6,6,10
171223,4,2,0,17,8,3,6,1,0,1,2,36,3,2,0.0,0.0,0.0,0.0,0.0,3.0,17,5,11
16799,15,2,3,8,19,3,0,5,0,0,2,18,2,3,1.0,0.0,0.0,1.0,0.0,2.0,16,1,2
90622,8,2,1,17,6,3,0,1,0,1,2,3,2,2,0.0,0.0,0.0,0.0,0.0,4.0,0,2,7
57135,4,2,3,0,8,3,0,1,0,1,2,36,2,3,1.0,0.0,0.0,1.0,0.0,2.0,8,6,5
104854,15,2,1,0,6,3,0,1,0,1,2,5,2,4,3.0,0.0,0.0,0.0,3.0,0.0,23,2,8
98154,16,2,1,10,6,3,0,1,0,1,2,17,2,2,0.0,0.0,0.0,0.0,0.0,2.0,0,7,7
100011,16,2,1,15,6,3,0,1,1,1,1,28,3,2,0.0,0.0,0.0,0.0,0.0,4.0,21,7,7
29890,16,3,1,17,6,3,0,1,1,1,2,36,2,2,0.0,0.0,0.0,0.0,0.0,2.0,18,6,3
137620,16,2,0,17,8,3,0,5,0,1,2,36,2,4,2.0,0.0,0.0,0.0,2.0,3.0,22,7,10
137084,16,2,3,17,2,3,5,5,0,1,2,34,2,3,2.0,0.0,0.0,2.0,0.0,1.0,16,7,9
151789,16,2,1,10,16,3,0,1,1,1,0,12,2,2,0.0,0.0,0.0,0.0,0.0,5.0,21,1,10
153461,15,2,3,17,2,3,0,1,0,1,2,19,2,2,0.0,0.0,0.0,0.0,0.0,3.0,12,7,10
174187,4,2,3,0,8,0,5,5,0,1,2,11,2,3,1.0,0.0,0.0,1.0,0.0,1.0,7,2,12
170423,15,11,5,15,8,3,5,5,1,1,2,36,2,2,0.0,0.0,0.0,0.0,0.0,2.0,10,7,11
11605,16,7,4,17,6,3,6,1,1,1,2,18,2,2,0.0,0.0,0.0,0.0,0.0,2.0,16,6,1
58802,16,7,3,10,8,3,4,1,1,1,2,23,2,2,0.0,0.0,0.0,0.0,0.0,2.0,8,6,5
179601,4,2,1,0,0,3,6,1,1,1,2,36,2,2,0.0,0.0,0.0,0.0,0.0,2.0,17,6,12
114244,4,2,3,17,15,3,0,1,1,1,2,18,2,2,0.0,0.0,0.0,0.0,0.0,2.0,18,5,8
58803,4,11,5,17,6,3,5,5,1,1,2,36,2,2,0.0,0.0,0.0,0.0,0.0,2.0,20,6,5
139036,16,2,3,10,6,3,0,1,0,1,2,36,2,2,0.0,0.0,0.0,0.0,0.0,2.0,8,7,10
148089,16,2,0,10,8,3,0,1,1,1,1,36,2,2,0.0,0.0,0.0,0.0,0.0,2.0,0,5,10
87886,4,2,1,0,8,3,0,1,0,1,1,18,2,3,3.0,0.0,0.0,3.0,0.0,2.0,0,1,7
38377,16,10,3,0,8,3,6,1,0,1,2,6,2,2,0.0,0.0,0.0,0.0,0.0,2.0,16,6,3
175813,16,2,3,9,6,3,0,5,0,1,2,28,2,3,1.0,0.0,0.0,1.0,0.0,1.0,14,5,12
141565,15,2,1,15,8,3,0,1,0,1,2,23,2,2,0.0,0.0,0.0,0.0,0.0,3.0,2,2,10
136255,16,2,1,17,8,4,0,1,1,1,1,6,2,2,0.0,0.0,0.0,0.0,0.0,2.0,19,3,9
117490,16,11,5,17,8,3,5,5,0,1,2,17,5,1,3.0,0.0,2.0,1.0,0.0,4.0,20,5,8
132544,16,2,3,17,1,3,0,1,0,1,2,18,2,2,0.0,0.0,0.0,0.0,0.0,2.0,16,7,9
179082,16,2,3,17,6,3,0,5,1,1,0,19,2,2,0.0,0.0,0.0,0.0,0.0,2.0,15,6,12
108845,16,2,3,14,8,3,0,6,0,1,2,36,2,1,1.0,0.0,1.0,0.0,0.0,1.0,10,6,8
125800,4,2,1,7,8,3,0,1,1,0,2,36,2,2,0.0,0.0,0.0,0.0,0.0,1.0,22,6,9
162747,4,2,3,0,6,3,0,1,1,1,1,36,2,2,0.0,0.0,0.0,0.0,0.0,2.0,11,6,11
130093,16,2,3,17,2,3,0,1,1,1,2,4,2,2,0.0,0.0,0.0,0.0,0.0,2.0,15,1,9
181115,17,3,3,17,15,3,6,1,1,0,2,36,2,2,0.0,0.0,0.0,0.0,0.0,2.0,8,6,12
130264,4,2,3,9,8,3,0,1,0,1,2,18,2,1,1.0,0.0,1.0,0.0,0.0,1.0,7,4,9
154078,16,3,3,17,8,3,0,1,1,0,1,36,2,2,0.0,0.0,0.0,0.0,0.0,2.0,10,3,10
3446,15,2,3,0,2,3,0,1,1,1,2,36,2,2,0.0,0.0,0.0,0.0,0.0,2.0,15,2,1
158900,16,2,3,0,10,3,0,1,1,1,2,22,2,2,0.0,0.0,0.0,0.0,0.0,2.0,10,6,11
102139,6,2,3,15,8,3,0,5,1,1,2,36,2,2,0.0,0.0,0.0,0.0,0.0,5.0,14,5,7
128368,4,2,3,9,8,3,0,6,0,1,1,36,3,1,2.0,0.0,2.0,0.0,0.0,2.0,16,6,9
13876,16,10,3,10,8,3,1,1,1,1,1,6,2,2,0.0,0.0,0.0,0.0,0.0,2.0,7,3,1
81162,4,2,1,0,2,3,0,1,0,1,2,18,2,3,1.0,0.0,0.0,1.0,0.0,2.0,0,5,6
6612,15,7,0,0,8,3,6,1,1,1,1,36,2,2,0.0,0.0,0.0,0.0,0.0,2.0,18,2,1
38684,16,7,1,10,6,3,6,1,0,1,2,36,3,4,2.0,0.0,0.0,0.0,2.0,2.0,22,3,3
157950,15,3,3,0,6,3,6,1,0,1,2,5,2,3,1.0,0.0,0.0,1.0,0.0,1.0,15,2,11
35236,2,2,1,17,6,3,0,1,1,1,2,36,2,2,0.0,0.0,0.0,0.0,0.0,4.0,1,6,3
184352,4,2,1,17,8,3,0,1,1,1,2,36,2,2,0.0,0.0,0.0,0.0,0.0,2.0,5,1,12
118079,16,2,0,17,8,3,0,1,1,1,2,24,2,2,0.0,0.0,0.0,0.0,0.0,2.0,20,7,8
154642,16,7,3,17,8,3,6,5,0,1,2,18,2,2,0.0,0.0,0.0,0.0,0.0,3.0,7,4,10
74011,16,7,4,2,6,3,6,1,0,1,1,17,1,2,0.0,0.0,0.0,0.0,0.0,1.0,4,4,6
119153,15,2,3,0,8,3,0,1,1,1,2,18,3,2,0.0,0.0,0.0,0.0,0.0,3.0,18,1,8
76544,15,2,3,0,10,3,0,1,1,1,1,18,2,2,0.0,0.0,0.0,0.0,0.0,2.0,17,6,6
157130,16,2,1,0,3,3,0,1,0,1,2,36,2,3,2.0,0.0,0.0,2.0,0.0,0.0,0,3,11
11349,16,2,1,11,15,3,0,1,1,1,1,36,2,2,0.0,0.0,0.0,0.0,0.0,2.0,18,2,1
75790,16,2,0,0,8,3,0,1,0,1,2,12,2,1,2.0,0.0,2.0,0.0,0.0,0.0,19,3,6
28819,16,2,3,15,2,4,0,1,1,1,1,36,2,2,0.0,0.0,0.0,0.0,0.0,2.0,15,7,3
109343,4,2,3,7,8,3,0,1,1,1,1,26,2,2,0.0,0.0,0.0,0.0,0.0,1.0,8,7,8
42708,16,2,3,0,6,3,0,5,0,1,2,6,2,2,0.0,0.0,0.0,0.0,0.0,2.0,9,2,4
140538,16,2,1,15,8,3,0,1,1,1,0,19,2,2,0.0,0.0,0.0,0.0,0.0,3.0,23,6,10
27586,16,2,3,10,2,3,0,1,1,1,1,19,2,2,0.0,0.0,0.0,0.0,0.0,2.0,6,3,2
12471,4,2,3,17,8,3,0,1,1,1,1,24,2,2,0.0,0.0,0.0,0.0,0.0,3.0,13,7,1
116191,16,2,1,17,8,3,0,1,1,1,2,18,2,2,0.0,0.0,0.0,0.0,0.0,2.0,21,5,8
63042,4,2,3,8,15,3,0,1,0,1,2,36,2,3,1.0,0.0,0.0,1.0,0.0,1.0,14,3,5
163265,16,7,1,17,6,3,6,5,0,1,2,24,2,3,1.0,0.0,0.0,1.0,0.0,2.0,20,7,11
167215,16,7,3,17,8,3,6,1,1,1,2,36,2,2,0.0,0.0,0.0,0.0,0.0,2.0,6,5,11
33793,4,2,3,10,8,3,0,1,1,1,2,18,2,2,0.0,0.0,0.0,0.0,0.0,2.0,9,3,3
51613,4,2,4,17,8,3,0,1,1,0,2,18,2,2,0.0,0.0,0.0,0.0,0.0,2.0,19,1,4
11156,16,7,1,17,8,3,6,1,1,1,1,23,2,2,0.0,0.0,0.0,0.0,0.0,11.0,2,5,1
21531,4,2,1,0,8,3,0,1,0,1,2,38,2,2,0.0,0.0,0.0,0.0,0.0,2.0,20,3,2
102186,15,3,3,17,8,3,0,1,1,1,2,18,2,2,0.0,0.0,0.0,0.0,0.0,3.0,12,5,7
23332,16,10,3,17,6,3,6,1,0,1,2,39,2,3,2.0,0.0,0.0,1.0,1.0,0.0,8,6,2
106094,15,2,1,0,8,3,0,1,1,0,2,18,2,2,0.0,0.0,0.0,0.0,0.0,4.0,5,1,8
105956,17,2,3,0,18,3,5,5,1,1,1,36,2,2,0.0,0.0,0.0,0.0,0.0,2.0,16,5,8
177539,4,2,3,17,8,3,6,1,0,1,2,18,2,3,2.0,0.0,0.0,1.0,1.0,0.0,8,7,12
149185,16,2,3,10,8,3,0,1,1,1,1,19,2,2,0.0,0.0,0.0,0.0,0.0,2.0,14,7,10
127158,16,2,3,15,2,3,0,5,1,1,1,36,2,2,0.0,0.0,0.0,0.0,0.0,3.0,8,1,9
82194,16,2,3,10,2,3,0,1,1,1,1,26,3,2,0.0,0.0,0.0,0.0,0.0,3.0,18,5,6
74506,15,2,3,0,8,3,0,1,0,1,2,18,2,3,1.0,0.0,0.0,1.0,0.0,1.0,7,4,6
16206,4,10,1,14,8,3,4,1,0,0,2,36,3,2,0.0,0.0,0.0,0.0,0.0,2.0,20,4,2
36011,4,3,3,9,2,3,0,1,0,1,2,18,2,1,1.0,0.0,1.0,0.0,0.0,1.0,15,4,3
35830,15,2,3,7,8,3,0,1,1,1,2,36,2,2,0.0,0.0,0.0,0.0,0.0,3.0,18,6,3
160700,16,2,3,10,6,3,0,1,1,1,2,36,2,2,0.0,0.0,0.0,0.0,0.0,2.0,7,5,11
127924,16,2,1,0,2,3,0,5,0,1,2,6,2,2,0.0,0.0,0.0,0.0,0.0,3.0,3,7,9
141045,17,2,3,0,8,3,5,5,1,1,1,36,2,2,0.0,0.0,0.0,0.0,0.0,2.0,10,6,10
18804,16,2,3,9,8,3,4,1,0,1,0,12,2,4,1.0,0.0,0.0,0.0,1.0,1.0,17,6,2
2051,18,10,1,10,1,4,4,5,1,1,1,19,2,2,0.0,0.0,0.0,0.0,0.0,3.0,12,6,1
21308,4,2,3,17,8,4,0,1,1,0,2,18,2,2,0.0,0.0,0.0,0.0,0.0,2.0,7,6,2
185759,15,2,1,17,1,3,0,5,1,1,1,24,2,2,0.0,0.0,0.0,0.0,0.0,3.0,21,3,12
114077,16,2,3,10,8,3,0,1,1,1,1,36,3,2,0.0,0.0,0.0,0.0,0.0,4.0,10,1,8
117224,16,2,3,0,11,3,0,1,1,1,2,36,2,2,0.0,0.0,0.0,0.0,0.0,2.0,9,6,8
154131,16,2,3,0,15,3,0,1,0,1,1,38,2,3,2.0,0.0,0.0,2.0,0.0,0.0,12,5,10
9410,15,2,3,0,6,3,0,1,0,1,1,18,2,4,1.0,0.0,0.0,0.0,1.0,1.0,8,4,1
147969,16,2,1,17,6,3,0,1,0,1,2,17,2,2,0.0,0.0,0.0,0.0,0.0,4.0,20,6,10
94437,16,3,3,8,6,3,0,1,0,1,0,18,2,3,1.0,0.0,0.0,1.0,0.0,1.0,12,5,7
177033,15,2,3,9,6,3,0,1,0,1,0,36,2,3,1.0,0.0,0.0,1.0,0.0,1.0,12,7,12
175622,17,2,3,2,6,3,5,5,0,1,2,36,1,3,1.0,0.0,0.0,1.0,0.0,0.0,15,7,12
154095,16,2,3,0,15,3,0,1,0,0,2,6,2,2,0.0,0.0,0.0,0.0,0.0,2.0,15,5,10
20563,15,2,3,0,10,3,0,1,1,1,2,18,2,2,0.0,0.0,0.0,0.0,0.0,3.0,9,7,2
85792,16,7,1,0,2,3,6,1,1,1,0,17,2,2,0.0,0.0,0.0,0.0,0.0,3.0,3,4,6
155213,15,2,1,10,8,3,0,1,0,1,1,36,2,3,1.0,0.0,0.0,1.0,0.0,1.0,18,4,10
51638,15,2,3,0,11,3,0,1,1,1,2,11,2,2,0.0,0.0,0.0,0.0,0.0,2.0,16,6,4
41740,15,2,3,0,6,3,0,1,1,1,1,17,2,2,0.0,0.0,0.0,0.0,0.0,3.0,10,5,3
33169,16,2,3,17,15,3,0,1,0,1,2,18,2,3,2.0,0.0,0.0,2.0,0.0,1.0,16,6,3
47085,4,7,0,17,6,3,6,5,0,1,2,23,2,2,0.0,0.0,0.0,0.0,0.0,3.0,23,5,4
88019,16,2,3,0,10,3,0,1,0,1,2,6,2,2,0.0,0.0,0.0,0.0,0.0,3.0,8,4,7
82600,15,2,3,0,6,3,0,1,1,1,2,18,2,2,0.0,0.0,0.0,0.0,0.0,2.0,10,5,6
84434,16,7,3,7,2,3,6,5,1,1,1,36,2,2,0.0,0.0,0.0,0.0,0.0,1.0,13,5,6
87031,4,2,3,15,8,3,0,5,1,1,2,23,2,2,0.0,0.0,0.0,0.0,0.0,2.0,13,4,6
134617,16,7,1,0,8,3,6,1,0,1,2,6,2,2,0.0,0.0,0.0,0.0,0.0,2.0,0,1,9