crash_date,               traffic_control_device,weather_condition,lighting_condition,first_crash_type,trafficway_type,alignment,roadway_surface_cond,road_defect,crash_type,intersection_related_i,damage,prim_contributory_cause,num_units,most_severe_injury,injuries_total,injuries_fatal,injuries_incapacitating,injuries_non_incapacitating,injuries_reported_not_evident,injuries_no_indication,crash_hour,crash_day_of_week,crash_month
160977,4,2,3,17,2,3,0,1,1,1,0,19,2,2,0.0,0.0,0.0,0.0,0.0,2.0,11,7,11
88951,15,2,3,17,6,3,0,1,1,1,1,24,2,2,0.0,0.0,0.0,0.0,0.0,3.0,16,4,7
65351,16,2,3,17,2,3,0,1,1,1,2,19,2,2,0.0,0.0,0.0,0.0,0.0,3.0,11,4,5
135053,16,2,1,10,6,3,0,1,1,1,1,19,2,2,0.0,0.0,0.0,0.0,0.0,2.0,20,7,9
111778,16,2,1,17,6,3,0,5,0,1,2,36,2,3,2.0,0.0,0.0,2.0,0.0,4.0,20,2,8
119707,16,2,3,0,15,3,0,1,1,1,1,6,2,2,0.0,0.0,0.0,0.0,0.0,2.0,9,2,8
135178,16,2,3,17,9,3,0,1,1,1,1,12,2,2,0.0,0.0,0.0,0.0,0.0,4.0,11,2,9
58780,16,2,3,15,8,3,0,1,1,1,1,22,2,2,0.0,0.0,0.0,0.0,0.0,3.0,17,6,5
175486,16,2,1,0,8,3,0,1,1,1,2,18,2,2,0.0,0.0,0.0,0.0,0.0,2.0,19,5,12
64053,16,2,3,8,11,3,0,5,0,1,2,26,2,3,1.0,0.0,0.0,1.0,0.0,1.0,9,5,5
82040,16,2,0,0,6,3,0,5,0,1,2,36,2,4,3.0,0.0,0.0,0.0,3.0,0.0,0,4,6
65728,4,2,1,7,6,3,0,5,1,1,2,36,2,2,0.0,0.0,0.0,0.0,0.0,1.0,20,2,5
40485,16,2,3,17,8,3,0,1,1,1,1,36,2,2,0.0,0.0,0.0,0.0,0.0,2.0,16,2,3
144441,16,3,3,10,6,3,6,1,1,1,1,21,2,2,0.0,0.0,0.0,0.0,0.0,4.0,11,4,10
162968,15,7,1,10,15,3,6,5,0,1,2,39,2,4,2.0,0.0,0.0,0.0,2.0,1.0,18,4,11
145123,16,7,3,0,11,3,6,5,0,1,2,6,2,4,5.0,0.0,0.0,0.0,5.0,1.0,12,6,10
141200,15,2,3,0,8,3,0,1,0,1,2,18,2,4,3.0,0.0,0.0,0.0,3.0,0.0,13,2,10
475,4,2,2,17,8,3,0,1,1,1,2,26,2,2,0.0,0.0,0.0,0.0,0.0,2.0,16,4,1
74254,16,2,3,10,3,3,0,1,0,1,2,8,2,2,0.0,0.0,0.0,0.0,0.0,3.0,10,1,6
110693,15,2,3,0,6,3,0,1,0,1,2,18,2,4,3.0,0.0,0.0,0.0,3.0,0.0,16,7,8
124716,15,2,3,10,2,3,0,1,1,1,0,17,2,2,0.0,0.0,0.0,0.0,0.0,2.0,12,4,9
52701,16,2,3,10,6,3,0,1,0,1,2,8,2,4,1.0,0.0,0.0,0.0,1.0,2.0,17,6,4
122476,16,2,3,10,13,3,0,2,0,1,2,36,2,4,1.0,0.0,0.0,0.0,1.0,1.0,9,6,9
167429,16,2,3,15,2,3,0,5,1,1,2,22,2,2,0.0,0.0,0.0,0.0,0.0,2.0,13,3,11
181695,4,2,1,2,10,3,6,5,1,0,2,36,1,2,0.0,0.0,0.0,0.0,0.0,1.0,20,7,12
100181,4,2,1,8,2,3,0,1,1,1,2,18,2,2,0.0,0.0,0.0,0.0,0.0,2.0,21,4,7
29701,16,2,3,10,2,3,0,1,0,1,1,17,2,2,0.0,0.0,0.0,0.0,0.0,2.0,7,2,3
134612,16,3,3,0,6,3,0,1,0,1,1,6,2,3,3.0,0.0,0.0,1.0,2.0,1.0,11,1,9
31054,15,2,3,17,8,3,0,1,1,1,1,36,2,2,0.0,0.0,0.0,0.0,0.0,2.0,7,4,3
181757,16,7,1,2,6,3,6,1,0,1,2,39,1,2,0.0,0.0,0.0,0.0,0.0,2.0,21,1,12
18685,4,2,3,17,8,3,0,1,0,1,2,11,2,4,1.0,0.0,0.0,0.0,1.0,2.0,13,5,2
115691,4,2,3,7,8,3,0,1,0,0,1,32,2,2,0.0,0.0,0.0,0.0,0.0,2.0,7,5,8
152927,15,2,3,2,10,3,0,1,0,0,2,36,1,3,1.0,0.0,0.0,1.0,0.0,1.0,10,7,10
70880,16,2,3,8,6,3,0,1,0,1,2,8,2,3,1.0,0.0,0.0,1.0,0.0,1.0,9,7,5
52296,15,2,3,0,6,3,0,1,1,1,2,38,2,2,0.0,0.0,0.0,0.0,0.0,2.0,17,6,4
144982,16,11,3,10,2,3,5,5,1,1,2,36,2,2,0.0,0.0,0.0,0.0,0.0,2.0,15,5,10
173822,15,7,1,17,8,3,0,1,1,1,1,18,2,2,0.0,0.0,0.0,0.0,0.0,2.0,23,2,12
77074,16,2,3,15,8,3,0,1,0,1,2,36,11,3,5.0,0.0,0.0,3.0,2.0,12.0,10,2,6
147627,4,2,1,10,6,3,0,1,0,1,1,8,2,2,0.0,0.0,0.0,0.0,0.0,7.0,18,6,10
20346,4,2,3,10,8,3,0,1,1,1,1,19,2,2,0.0,0.0,0.0,0.0,0.0,2.0,15,6,2
122941,16,2,3,10,6,3,0,1,1,1,1,36,2,2,0.0,0.0,0.0,0.0,0.0,2.0,8,5,9
43550,16,7,3,17,8,3,6,1,0,1,2,24,2,2,0.0,0.0,0.0,0.0,0.0,2.0,16,4,4
32483,15,2,1,17,8,3,0,6,0,1,2,18,2,2,0.0,0.0,0.0,0.0,0.0,6.0,2,7,3
11512,16,2,3,0,8,3,6,1,0,1,2,6,2,2,0.0,0.0,0.0,0.0,0.0,3.0,13,5,1
62822,16,2,3,10,6,3,0,1,1,1,1,17,3,2,0.0,0.0,0.0,0.0,0.0,5.0,11,5,5
128698,15,2,3,17,2,3,0,6,1,1,2,26,2,2,0.0,0.0,0.0,0.0,0.0,4.0,15,5,9
76083,18,2,1,17,11,3,0,1,1,1,1,18,2,2,0.0,0.0,0.0,0.0,0.0,3.0,2,7,6
96275,15,2,3,0,15,3,0,1,1,1,2,18,2,2,0.0,0.0,0.0,0.0,0.0,2.0,6,6,7
107438,16,2,3,10,6,3,0,1,1,1,1,32,2,2,0.0,0.0,0.0,0.0,0.0,2.0,10,6,8
133943,16,2,1,17,3,3,0,1,0,1,2,24,2,2,0.0,0.0,0.0,0.0,0.0,2.0,1,7,9
122025,15,11,3,0,6,3,5,5,1,1,2,18,2,2,0.0,0.0,0.0,0.0,0.0,2.0,10,7,9
108702,15,2,3,17,2,3,0,1,1,1,2,36,2,2,0.0,0.0,0.0,0.0,0.0,2.0,11,6,8
39388,16,2,1,10,2,3,0,1,0,1,2,19,3,4,2.0,0.0,0.0,0.0,2.0,3.0,20,1,3
50134,18,11,3,17,8,3,5,5,1,1,1,36,2,2,0.0,0.0,0.0,0.0,0.0,2.0,9,2,4
42227,16,7,1,17,8,3,6,1,0,1,2,39,2,2,0.0,0.0,0.0,0.0,0.0,2.0,20,1,3
150518,4,2,3,17,2,3,0,1,0,1,1,18,2,3,1.0,0.0,0.0,1.0,0.0,1.0,13,4,10
59225,16,2,3,15,6,3,0,1,0,1,2,22,2,2,0.0,0.0,0.0,0.0,0.0,2.0,17,6,5
68156,15,2,3,10,8,3,0,1,1,1,1,36,2,2,0.0,0.0,0.0,0.0,0.0,3.0,13,6,5
20680,16,2,3,10,8,3,0,1,1,1,1,19,2,2,0.0,0.0,0.0,0.0,0.0,2.0,16,4,2
58856,16,2,3,17,6,3,0,1,1,1,2,22,2,2,0.0,0.0,0.0,0.0,0.0,3.0,15,7,5
56726,15,2,1,0,15,3,0,1,1,1,2,5,2,2,0.0,0.0,0.0,0.0,0.0,2.0,3,1,5
43576,16,10,3,17,16,4,6,1,0,1,2,18,2,3,1.0,0.0,0.0,1.0,0.0,2.0,8,4,4
78640,16,7,1,17,6,3,6,1,0,1,2,6,3,2,0.0,0.0,0.0,0.0,0.0,3.0,20,3,6
23294,15,2,3,0,6,3,4,5,1,1,2,36,2,2,0.0,0.0,0.0,0.0,0.0,2.0,14,6,2
160022,16,2,1,10,3,3,0,1,1,1,1,36,2,2,0.0,0.0,0.0,0.0,0.0,2.0,20,2,11
36486,16,2,1,15,8,3,0,1,1,1,2,36,2,2,0.0,0.0,0.0,0.0,0.0,2.0,22,5,3
187673,16,2,1,17,3,3,0,1,0,1,2,36,2,2,0.0,0.0,0.0,0.0,0.0,2.0,10,7,12
103699,16,2,3,10,6,3,0,1,1,1,1,19,2,2,0.0,0.0,0.0,0.0,0.0,5.0,16,7,7
94683,15,2,1,0,6,3,0,1,0,1,2,5,2,3,1.0,0.0,0.0,1.0,0.0,1.0,21,1,7
89572,16,2,3,0,6,3,0,1,0,1,2,18,2,2,0.0,0.0,0.0,0.0,0.0,3.0,19,7,7
141490,16,7,3,17,6,3,6,1,1,1,1,18,2,2,0.0,0.0,0.0,0.0,0.0,2.0,11,6,10
52483,16,2,3,10,10,3,0,1,1,1,2,12,2,2,0.0,0.0,0.0,0.0,0.0,3.0,17,3,4
185523,4,2,0,10,3,3,0,5,0,1,2,36,2,3,1.0,0.0,0.0,1.0,0.0,1.0,11,6,12
93605,16,2,3,17,6,3,0,1,1,1,2,6,2,2,0.0,0.0,0.0,0.0,0.0,2.0,19,6,7
57566,16,2,1,17,2,3,0,1,1,1,2,36,2,2,0.0,0.0,0.0,0.0,0.0,2.0,23,6,5
62954,16,2,1,17,6,3,0,1,0,1,2,18,2,2,0.0,0.0,0.0,0.0,0.0,4.0,21,7,5
54033,4,2,3,0,8,3,0,1,1,1,1,21,2,2,0.0,0.0,0.0,0.0,0.0,3.0,16,6,4
126600,16,2,3,17,2,3,0,1,1,1,2,38,2,2,0.0,0.0,0.0,0.0,0.0,4.0,7,2,9
52683,4,2,3,10,8,3,0,1,1,1,2,22,2,2,0.0,0.0,0.0,0.0,0.0,2.0,9,4,4
181357,15,2,3,7,8,3,6,1,1,1,2,12,2,2,0.0,0.0,0.0,0.0,0.0,1.0,10,1,12
99981,15,2,3,0,10,3,0,1,0,1,2,5,2,1,1.0,0.0,1.0,0.0,0.0,1.0,15,7,7
167778,15,2,3,15,2,3,0,1,1,0,1,36,2,2,0.0,0.0,0.0,0.0,0.0,2.0,7,6,11
137644,4,2,3,3,8,3,0,1,0,1,2,36,2,2,0.0,0.0,0.0,0.0,0.0,3.0,16,1,10
122583,15,3,3,5,5,3,5,5,0,1,1,24,1,2,0.0,0.0,0.0,0.0,0.0,1.0,17,1,9
14788,15,2,1,0,8,3,0,1,1,1,2,18,2,2,0.0,0.0,0.0,0.0,0.0,2.0,17,6,1
58511,16,2,3,0,8,3,0,1,1,1,0,18,2,2,0.0,0.0,0.0,0.0,0.0,2.0,12,7,5
129692,16,2,3,17,8,3,0,1,1,1,2,18,2,2,0.0,0.0,0.0,0.0,0.0,10.0,8,3,9
69292,16,7,3,10,2,3,6,1,1,1,1,19,2,2,0.0,0.0,0.0,0.0,0.0,4.0,15,2,5
130636,16,2,3,10,19,3,0,1,1,1,2,36,2,2,0.0,0.0,0.0,0.0,0.0,2.0,11,4,9
168867,16,7,0,0,6,3,6,1,0,1,2,6,2,2,0.0,0.0,0.0,0.0,0.0,2.0,21,3,11
37758,16,2,1,10,8,3,0,1,1,1,1,36,2,2,0.0,0.0,0.0,0.0,0.0,3.0,19,7,3
138046,16,2,1,2,2,3,0,1,0,1,2,36,1,0,2.0,1.0,1.0,0.0,0.0,0.0,3,1,10
83720,3,2,3,17,8,3,0,1,1,1,2,18,2,2,0.0,0.0,0.0,0.0,0.0,5.0,13,7,6
80235,16,2,3,10,6,3,0,1,0,1,2,37,4,3,3.0,0.0,0.0,2.0,1.0,3.0,9,5,6
13761,16,2,3,15,10,3,0,3,1,1,1,12,2,2,0.0,0.0,0.0,0.0,0.0,2.0,13,6,1
26200,16,3,3,15,11,3,0,1,1,1,2,23,2,2,0.0,0.0,0.0,0.0,0.0,3.0,6,7,2
20958,16,2,3,10,6,3,0,1,1,1,2,36,2,2,0.0,0.0,0.0,0.0,0.0,5.0,16,2,2
182211,16,2,1,17,2,3,0,1,1,1,2,36,2,2,0.0,0.0,0.0,0.0,0.0,2.0,17,7,12
142636,17,2,0,17,4,3,0,5,0,0,2,24,2,2,0.0,0.0,0.0,0.0,0.0,3.0,18,2,10
39819,16,7,1,17,2,3,6,1,1,1,2,18,3,2,0.0,0.0,0.0,0.0,0.0,2.0,22,2,3
27800,16,2,3,7,12,3,0,1,1,0,1,22,2,2,0.0,0.0,0.0,0.0,0.0,1.0,14,6,2
109244,16,2,3,15,2,3,0,1,1,1,2,22,2,2,0.0,0.0,0.0,0.0,0.0,2.0,16,5,8
91142,4,2,1,10,8,3,6,1,0,1,2,18,2,4,1.0,0.0,0.0,0.0,1.0,1.0,22,3,7
138919,16,2,3,10,2,3,0,1,0,1,2,36,2,4,2.0,0.0,0.0,0.0,2.0,1.0,12,4,10
92732,16,7,1,15,8,3,6,1,1,0,2,23,2,2,0.0,0.0,0.0,0.0,0.0,2.0,22,7,7
178819,16,2,3,15,6,3,0,1,1,1,2,23,2,2,0.0,0.0,0.0,0.0,0.0,2.0,7,5,12
72156,15,2,3,0,2,3,0,1,1,1,2,36,2,2,0.0,0.0,0.0,0.0,0.0,2.0,15,5,6
59771,15,2,3,17,8,3,0,1,1,1,1,18,2,2,0.0,0.0,0.0,0.0,0.0,2.0,9,7,5
146215,16,2,3,17,6,3,6,1,0,1,2,36,2,2,0.0,0.0,0.0,0.0,0.0,3.0,9,1,10
19821,16,2,3,17,3,3,0,1,1,1,2,22,2,2,0.0,0.0,0.0,0.0,0.0,2.0,15,3,2
83888,16,2,3,11,8,3,0,1,1,1,2,21,2,2,0.0,0.0,0.0,0.0,0.0,2.0,17,3,6
39686,4,2,3,7,8,3,5,5,1,0,1,36,2,2,0.0,0.0,0.0,0.0,0.0,1.0,15,2,3
100195,15,2,3,15,8,3,0,1,0,1,2,23,2,4,1.0,0.0,0.0,0.0,1.0,3.0,1,2,7
10913,16,10,3,10,8,3,4,1,0,0,2,19,2,4,1.0,0.0,0.0,0.0,1.0,1.0,7,1,1
54679,16,2,2,17,10,3,0,1,1,1,2,24,2,2,0.0,0.0,0.0,0.0,0.0,3.0,5,1,4
180371,16,2,3,15,10,3,0,1,1,1,1,22,2,2,0.0,0.0,0.0,0.0,0.0,2.0,14,3,12
180557,16,2,3,8,6,3,0,5,1,1,0,23,2,2,0.0,0.0,0.0,0.0,0.0,2.0,13,6,12
48615,16,7,1,2,8,3,6,1,0,1,2,17,1,2,0.0,0.0,0.0,0.0,0.0,1.0,4,1,4
106541,16,7,3,17,19,3,6,5,0,1,1,36,2,4,1.0,0.0,0.0,0.0,1.0,3.0,13,7,8
177453,15,7,1,0,6,3,6,1,0,1,2,18,2,2,0.0,0.0,0.0,0.0,0.0,2.0,18,6,12
11083,16,7,3,17,8,3,6,1,1,1,0,24,2,2,0.0,0.0,0.0,0.0,0.0,2.0,9,3,1
178260,4,2,3,10,2,3,6,1,1,1,1,36,2,2,0.0,0.0,0.0,0.0,0.0,2.0,15,7,12
177904,16,10,3,17,8,3,4,1,1,1,2,36,2,2,0.0,0.0,0.0,0.0,0.0,2.0,9,4,12
113873,16,2,1,10,8,3,0,1,0,1,2,36,2,4,1.0,0.0,0.0,0.0,1.0,1.0,20,6,8
82781,15,2,3,0,2,3,0,1,0,1,1,18,2,4,1.0,0.0,0.0,0.0,1.0,6.0,18,6,6
5251,15,2,4,9,6,3,0,1,0,1,2,38,2,3,1.0,0.0,0.0,1.0,0.0,1.0,17,4,1
2130,16,2,4,17,6,3,0,1,0,1,1,36,2,2,0.0,0.0,0.0,0.0,0.0,2.0,17,1,1
147713,16,2,3,15,8,3,0,1,1,1,1,22,2,2,0.0,0.0,0.0,0.0,0.0,2.0,13,2,10
183543,17,2,5,17,6,3,5,5,1,1,1,24,2,2,0.0,0.0,0.0,0.0,0.0,3.0,20,6,12
76086,15,2,3,0,3,0,0,1,0,1,2,12,2,3,2.0,0.0,0.0,1.0,1.0,1.0,14,7,6
32416,15,2,3,0,8,3,0,1,1,1,2,18,2,2,0.0,0.0,0.0,0.0,0.0,4.0,10,7,3
20455,15,9,1,0,10,3,4,1,0,1,2,36,2,3,4.0,0.0,0.0,4.0,0.0,1.0,0,7,2
100684,4,2,3,17,8,3,0,1,1,1,2,23,2,2,0.0,0.0,0.0,0.0,0.0,3.0,16,5,7
5796,16,2,1,17,6,3,0,1,0,1,2,36,2,2,0.0,0.0,0.0,0.0,0.0,2.0,22,4,1
27918,16,11,5,0,6,3,5,5,1,1,2,36,2,2,0.0,0.0,0.0,0.0,0.0,2.0,3,2,2
163092,17,2,3,17,2,3,0,1,0,1,2,18,2,4,1.0,0.0,0.0,0.0,1.0,1.0,11,3,11
149651,15,2,3,0,15,3,0,1,0,1,2,36,2,2,0.0,0.0,0.0,0.0,0.0,2.0,15,2,10
178918,4,11,1,9,2,3,6,5,0,1,2,36,2,3,1.0,0.0,0.0,1.0,0.0,3.0,16,4,12
49074,16,10,3,10,2,3,6,1,1,1,1,17,2,2,0.0,0.0,0.0,0.0,0.0,2.0,8,2,4
39737,16,2,3,17,8,3,0,1,1,1,2,22,3,2,0.0,0.0,0.0,0.0,0.0,3.0,14,7,3
152954,16,7,1,2,3,3,6,1,0,1,2,36,1,3,2.0,0.0,0.0,2.0,0.0,1.0,3,1,10
75853,15,3,3,15,6,3,0,1,1,1,1,22,2,2,0.0,0.0,0.0,0.0,0.0,3.0,18,4,6
91686,4,2,3,17,3,3,0,1,0,1,2,18,2,4,1.0,0.0,0.0,0.0,1.0,2.0,17,5,7
44909,16,2,3,10,5,3,0,1,0,1,0,18,2,4,2.0,0.0,0.0,0.0,2.0,2.0,11,7,4
48459,16,2,3,0,6,3,0,1,0,1,2,6,2,2,0.0,0.0,0.0,0.0,0.0,2.0,13,1,4
26844,16,10,3,17,15,2,4,1,0,1,2,39,2,4,2.0,0.0,0.0,0.0,2.0,1.0,14,4,2
59992,16,2,3,15,2,3,0,1,1,1,2,23,2,2,0.0,0.0,0.0,0.0,0.0,2.0,9,4,5
31080,15,2,3,0,8,3,0,1,0,1,2,5,2,2,0.0,0.0,0.0,0.0,0.0,2.0,14,5,3
144465,16,11,3,10,6,3,5,5,1,1,2,36,2,2,0.0,0.0,0.0,0.0,0.0,2.0,15,5,10
118735,17,3,3,17,17,3,5,5,0,1,2,19,2,2,0.0,0.0,0.0,0.0,0.0,3.0,13,4,8
79828,16,2,3,17,8,3,0,1,1,1,2,3,2,2,0.0,0.0,0.0,0.0,0.0,2.0,17,7,6
147042,16,2,3,0,2,3,0,1,0,1,2,18,2,2,0.0,0.0,0.0,0.0,0.0,2.0,10,4,10
59797,4,2,3,17,8,3,0,1,1,1,1,18,2,2,0.0,0.0,0.0,0.0,0.0,2.0,13,1,5
72901,15,2,3,0,8,3,0,1,1,1,2,18,2,2,0.0,0.0,0.0,0.0,0.0,2.0,16,1,6
75155,15,2,3,17,8,3,0,1,0,1,1,38,2,1,1.0,0.0,1.0,0.0,0.0,2.0,9,6,6
113675,15,7,3,0,9,3,6,5,0,1,2,18,2,4,2.0,0.0,0.0,0.0,2.0,0.0,18,2,8
100871,16,2,3,15,6,3,0,1,1,1,0,17,2,2,0.0,0.0,0.0,0.0,0.0,3.0,14,6,7
145696,16,2,3,0,6,3,0,1,0,1,2,6,3,4,3.0,0.0,0.0,0.0,3.0,1.0,13,2,10
66307,16,2,3,10,6,3,0,1,1,1,2,36,2,2,0.0,0.0,0.0,0.0,0.0,3.0,16,6,5
85098,16,2,0,15,8,3,0,1,1,1,2,18,2,2,0.0,0.0,0.0,0.0,0.0,2.0,19,1,6
88032,16,2,3,10,10,3,0,1,1,1,1,21,2,2,0.0,0.0,0.0,0.0,0.0,2.0,12,4,7
17373,4,10,1,7,8,3,6,1,0,1,2,16,3,3,1.0,0.0,0.0,1.0,0.0,0.0,2,3,2
31582,15,2,3,17,2,3,0,1,0,1,2,18,2,3,1.0,0.0,0.0,1.0,0.0,2.0,12,6,3
91708,16,2,0,8,6,3,0,1,0,1,1,6,2,3,1.0,0.0,0.0,1.0,0.0,4.0,22,5,7
74725,16,2,3,10,6,4,0,5,1,1,1,36,2,2,0.0,0.0,0.0,0.0,0.0,2.0,9,1,6
104015,15,2,3,0,2,3,0,1,0,1,2,18,4,4,3.0,0.0,0.0,0.0,3.0,1.0,16,4,8
157197,4,2,1,0,6,3,0,1,0,1,2,28,2,2,0.0,0.0,0.0,0.0,0.0,2.0,0,4,11
69101,16,2,1,8,6,3,0,5,0,1,1,6,2,3,1.0,0.0,0.0,1.0,0.0,1.0,1,1,5
18823,17,10,3,17,10,3,4,1,1,1,1,24,2,2,0.0,0.0,0.0,0.0,0.0,2.0,8,6,2
20396,15,2,3,17,8,3,0,1,0,1,2,18,2,2,0.0,0.0,0.0,0.0,0.0,2.0,11,6,2
144163,15,2,1,17,2,3,0,1,1,1,2,5,2,2,0.0,0.0,0.0,0.0,0.0,2.0,22,6,10
19912,15,10,3,0,8,3,6,1,0,1,2,5,2,2,0.0,0.0,0.0,0.0,0.0,3.0,11,5,2
114783,15,2,3,0,8,3,0,1,1,1,2,18,2,2,0.0,0.0,0.0,0.0,0.0,2.0,17,6,8
146742,16,2,1,17,6,3,0,1,1,1,2,18,2,2,0.0,0.0,0.0,0.0,0.0,3.0,11,1,10
155266,16,7,1,10,6,3,6,1,1,1,2,19,2,2,0.0,0.0,0.0,0.0,0.0,2.0,2,5,10
169715,15,10,3,0,8,3,4,1,1,1,2,36,2,2,0.0,0.0,0.0,0.0,0.0,3.0,8,2,11
172253,4,2,3,17,8,3,0,1,1,1,0,36,2,2,0.0,0.0,0.0,0.0,0.0,2.0,14,7,12
76986,16,2,3,9,15,3,0,5,0,1,0,18,2,4,1.0,0.0,0.0,0.0,1.0,1.0,7,7,6
176558,16,10,2,10,3,3,4,1,0,1,2,30,2,2,0.0,0.0,0.0,0.0,0.0,2.0,7,7,12
20930,16,2,1,0,2,3,0,1,0,1,2,18,3,1,2.0,0.0,1.0,1.0,0.0,2.0,20,1,2
116760,16,2,1,10,10,3,0,1,1,1,2,19,2,2,0.0,0.0,0.0,0.0,0.0,2.0,3,7,8
59203,16,2,3,8,6,3,0,1,0,1,0,6,2,3,1.0,0.0,0.0,1.0,0.0,1.0,13,6,5
17127,16,2,0,17,6,3,6,1,0,1,2,36,2,2,0.0,0.0,0.0,0.0,0.0,2.0,20,6,2
76952,16,2,3,15,10,3,0,1,0,1,2,36,2,3,1.0,0.0,0.0,1.0,0.0,2.0,12,6,6
68409,16,2,3,10,15,3,0,1,1,1,1,13,2,2,0.0,0.0,0.0,0.0,0.0,2.0,14,4,5
118798,16,2,3,7,12,3,0,1,0,1,2,13,2,3,2.0,0.0,0.0,2.0,0.0,0.0,9,4,8
89819,16,2,1,17,6,3,0,1,0,1,2,24,2,3,1.0,0.0,0.0,1.0,0.0,1.0,23,5,7
142671,4,2,3,17,10,3,0,1,0,1,2,18,4,2,0.0,0.0,0.0,0.0,0.0,4.0,16,4,10
13246,15,2,3,0,6,3,0,1,0,1,2,36,2,2,0.0,0.0,0.0,0.0,0.0,2.0,8,6,1
84822,16,2,3,10,6,3,0,1,1,1,0,26,2,2,0.0,0.0,0.0,0.0,0.0,2.0,8,3,6
109574,15,2,3,0,6,3,0,5,1,1,2,5,2,2,0.0,0.0,0.0,0.0,0.0,2.0,8,4,8
75746,15,2,3,10,10,3,0,1,1,1,1,36,2,2,0.0,0.0,0.0,0.0,0.0,2.0,12,2,6
78846,16,2,3,3,8,4,0,1,0,1,2,22,2,3,3.0,0.0,0.0,3.0,0.0,0.0,9,5,6
60331,15,2,3,15,8,3,0,1,1,1,2,36,2,2,0.0,0.0,0.0,0.0,0.0,7.0,15,2,5
109837,15,2,3,8,8,3,0,1,0,1,0,36,2,3,1.0,0.0,0.0,1.0,0.0,4.0,14,7,8
75034,16,2,3,8,8,3,0,1,0,1,2,17,2,4,1.0,0.0,0.0,0.0,1.0,1.0,15,5,6
173691,17,11,5,17,6,3,5,5,1,1,2,36,2,2,0.0,0.0,0.0,0.0,0.0,2.0,7,3,12
160936,4,2,3,15,3,3,0,1,1,0,0,36,2,2,0.0,0.0,0.0,0.0,0.0,3.0,13,7,11
73753,16,11,1,0,8,3,5,1,1,1,2,6,2,2,0.0,0.0,0.0,0.0,0.0,2.0,5,1,6
165877,16,2,1,17,2,3,6,1,1,1,2,18,2,2,0.0,0.0,0.0,0.0,0.0,3.0,19,2,11
79546,16,2,3,17,6,3,0,1,0,1,2,36,2,3,2.0,0.0,0.0,2.0,0.0,2.0,14,2,6
158018,16,2,1,15,2,3,0,1,1,1,1,22,2,2,0.0,0.0,0.0,0.0,0.0,2.0,18,5,11
90849,16,2,3,0,6,3,0,1,0,1,2,36,2,3,2.0,0.0,0.0,2.0,0.0,1.0,7,7,7
46431,15,2,3,17,8,3,0,1,1,1,2,36,2,2,0.0,0.0,0.0,0.0,0.0,2.0,13,6,4
118495,4,2,3,17,15,3,0,1,0,1,0,24,2,4,1.0,0.0,0.0,0.0,1.0,1.0,17,6,8
49398,4,3,1,17,2,3,6,1,0,1,2,24,2,3,2.0,0.0,0.0,2.0,0.0,3.0,22,3,4
9294,16,2,3,15,8,3,0,1,1,0,2,18,2,2,0.0,0.0,0.0,0.0,0.0,2.0,13,1,1
187645,4,10,1,10,3,3,1,1,1,0,2,39,2,2,0.0,0.0,0.0,0.0,0.0,2.0,20,7,12
108205,16,2,3,10,10,3,0,1,1,1,2,12,2,2,0.0,0.0,0.0,0.0,0.0,2.0,15,3,8
65976,15,2,1,0,6,3,0,5,1,1,2,18,2,2,0.0,0.0,0.0,0.0,0.0,6.0,22,7,5
127581,16,2,4,10,8,3,0,1,0,1,0,17,2,4,1.0,0.0,0.0,0.0,1.0,1.0,19,3,9
31901,15,7,3,0,6,3,6,5,0,1,2,18,2,3,4.0,0.0,0.0,4.0,0.0,0.0,12,6,3
104834,4,2,4,17,6,3,0,5,0,1,2,18,2,3,1.0,0.0,0.0,1.0,0.0,2.0,19,2,8
8639,15,2,1,0,8,3,0,1,1,1,2,36,2,2,0.0,0.0,0.0,0.0,0.0,2.0,22,4,1
188239,16,5,4,17,6,3,6,5,1,1,2,36,2,2,0.0,0.0,0.0,0.0,0.0,7.0,17,2,12
184964,15,2,1,3,8,3,6,1,0,0,2,19,2,3,1.0,0.0,0.0,1.0,0.0,1.0,20,4,12
174623,16,7,2,10,8,3,6,1,1,1,1,19,2,2,0.0,0.0,0.0,0.0,0.0,3.0,16,1,12
180523,16,2,3,17,2,3,0,5,1,1,1,30,3,2,0.0,0.0,0.0,0.0,0.0,4.0,8,5,12
148636,16,3,3,15,10,3,0,1,1,1,2,36,3,2,0.0,0.0,0.0,0.0,0.0,4.0,9,5,10
10092,15,3,0,0,8,3,5,5,1,1,1,18,2,2,0.0,0.0,0.0,0.0,0.0,3.0,18,1,1
114020,15,2,3,17,8,3,0,1,1,1,2,18,2,2,0.0,0.0,0.0,0.0,0.0,2.0,14,7,8
121534,16,2,3,0,6,3,0,1,0,1,2,36,2,3,1.0,0.0,0.0,1.0,0.0,1.0,8,7,9
152717,16,2,1,10,6,3,0,1,0,1,2,30,2,2,0.0,0.0,0.0,0.0,0.0,3.0,3,7,10
19758,16,7,1,15,3,3,6,1,1,1,2,22,2,2,0.0,0.0,0.0,0.0,0.0,2.0,17,2,2
111840,16,2,1,10,8,3,0,1,1,1,1,28,2,2,0.0,0.0,0.0,0.0,0.0,2.0,19,3,8
8432,16,2,3,0,15,3,0,1,1,1,2,18,2,2,0.0,0.0,0.0,0.0,0.0,3.0,16,3,1