crash_date,               traffic_control_device,weather_condition,lighting_condition,first_crash_type,trafficway_type,alignment,roadway_surface_cond,road_defect,crash_type,intersection_related_i,damage,prim_contributory_cause,num_units,most_severe_injury,injuries_total,injuries_fatal,injuries_incapacitating,injuries_non_incapacitating,injuries_reported_not_evident,injuries_no_indication,crash_hour,crash_day_of_week,crash_month
6961,15,10,1,0,15,3,4,1,1,1,2,36,2,2,0.0,0.0,0.0,0.0,0.0,4.0,22,1,1
145751,16,2,3,17,2,3,0,1,1,1,2,36,2,2,0.0,0.0,0.0,0.0,0.0,2.0,9,2,10
90490,15,2,3,17,2,3,0,1,1,1,1,24,2,2,0.0,0.0,0.0,0.0,0.0,3.0,8,6,7
141922,15,2,3,0,2,3,0,1,0,1,2,18,2,2,0.0,0.0,0.0,0.0,0.0,2.0,15,6,10
42194,16,2,3,0,6,3,0,1,0,1,2,12,2,2,0.0,0.0,0.0,0.0,0.0,2.0,12,6,3
69978,16,2,3,15,15,3,5,5,1,1,2,36,2,2,0.0,0.0,0.0,0.0,0.0,2.0,16,7,5
125913,16,2,3,0,6,3,0,1,0,1,2,22,2,3,1.0,0.0,0.0,1.0,0.0,2.0,17,1,9
159175,16,2,3,10,11,3,0,1,1,1,2,19,2,2,0.0,0.0,0.0,0.0,0.0,2.0,11,7,11
9318,16,5,3,7,8,3,4,1,1,1,1,19,2,2,0.0,0.0,0.0,0.0,0.0,1.0,8,1,1
30966,16,2,3,0,2,3,0,1,0,1,2,6,2,2,0.0,0.0,0.0,0.0,0.0,3.0,13,2,3
36836,15,2,3,9,10,3,0,1,0,1,0,36,3,3,1.0,0.0,0.0,1.0,0.0,1.0,9,3,3
102032,15,2,3,2,15,3,0,1,0,1,2,17,1,2,0.0,0.0,0.0,0.0,0.0,2.0,18,3,7
146396,16,2,3,8,8,3,0,1,0,1,0,18,2,3,1.0,0.0,0.0,1.0,0.0,1.0,14,2,10
75993,16,7,1,0,6,3,6,5,0,1,2,18,3,2,0.0,0.0,0.0,0.0,0.0,3.0,21,7,6
145126,17,11,5,0,18,3,5,5,0,1,2,36,2,1,1.0,0.0,1.0,0.0,0.0,1.0,13,1,10
65860,4,2,3,0,6,3,6,1,1,1,1,18,2,2,0.0,0.0,0.0,0.0,0.0,2.0,3,6,5
115322,16,2,1,17,8,3,0,1,1,1,2,36,2,2,0.0,0.0,0.0,0.0,0.0,2.0,21,7,8
86129,4,2,4,15,8,3,0,1,0,1,2,22,2,2,0.0,0.0,0.0,0.0,0.0,2.0,19,3,6
33882,15,2,3,0,8,3,6,5,1,1,2,5,2,2,0.0,0.0,0.0,0.0,0.0,2.0,16,3,3
2148,15,2,3,0,9,3,0,1,0,1,2,9,2,2,0.0,0.0,0.0,0.0,0.0,2.0,13,3,1
13905,15,2,3,0,8,3,0,1,1,1,2,18,2,2,0.0,0.0,0.0,0.0,0.0,2.0,13,4,1
152824,14,2,3,5,8,3,0,1,1,0,1,22,2,2,0.0,0.0,0.0,0.0,0.0,1.0,16,6,10
149619,16,2,1,0,6,3,6,1,0,1,2,6,2,4,1.0,0.0,0.0,0.0,1.0,1.0,21,7,10
137950,16,2,3,10,3,3,0,5,1,1,2,36,2,2,0.0,0.0,0.0,0.0,0.0,4.0,13,7,10
135249,15,7,3,2,8,3,6,5,0,1,2,36,1,2,0.0,0.0,0.0,0.0,0.0,2.0,11,3,9
7982,15,10,1,0,8,3,0,1,0,1,2,18,2,4,2.0,0.0,0.0,0.0,2.0,0.0,19,3,1
182623,15,2,3,17,8,3,0,5,0,1,2,5,2,4,2.0,0.0,0.0,0.0,2.0,1.0,11,4,12
71818,4,2,3,17,2,3,0,1,1,1,2,36,2,2,0.0,0.0,0.0,0.0,0.0,2.0,14,6,6
59083,16,2,1,8,8,3,0,1,1,1,2,6,2,2,0.0,0.0,0.0,0.0,0.0,2.0,22,2,5
175349,16,2,3,10,6,3,0,1,1,1,2,36,2,2,0.0,0.0,0.0,0.0,0.0,2.0,14,6,12
118778,16,2,3,17,3,3,0,1,0,1,2,18,2,2,0.0,0.0,0.0,0.0,0.0,2.0,7,4,8
100401,15,2,3,0,6,3,0,1,0,1,2,18,2,2,0.0,0.0,0.0,0.0,0.0,2.0,13,7,7
124854,16,7,0,0,8,3,6,1,0,1,2,36,2,3,2.0,0.0,0.0,2.0,0.0,2.0,0,6,9
75419,16,2,3,17,3,3,0,1,1,1,2,36,2,2,0.0,0.0,0.0,0.0,0.0,4.0,13,6,6
76347,16,2,3,10,15,3,0,1,1,1,2,36,2,2,0.0,0.0,0.0,0.0,0.0,2.0,17,5,6
39582,16,7,3,17,18,3,6,5,1,1,2,22,2,2,0.0,0.0,0.0,0.0,0.0,2.0,8,6,3
138716,17,2,4,10,6,3,5,5,0,1,2,36,2,4,1.0,0.0,0.0,0.0,1.0,1.0,22,4,10
2507,16,2,1,0,2,3,6,1,1,1,2,6,2,2,0.0,0.0,0.0,0.0,0.0,2.0,1,1,1
116247,15,2,3,0,8,3,0,1,0,1,2,18,2,3,1.0,0.0,0.0,1.0,0.0,1.0,8,6,8
121874,16,2,1,17,6,3,0,5,0,1,2,23,2,4,2.0,0.0,0.0,0.0,2.0,3.0,20,5,9
170668,16,2,1,10,3,3,0,5,1,1,2,36,2,2,0.0,0.0,0.0,0.0,0.0,2.0,17,3,11
20144,4,2,3,17,2,3,4,1,1,1,2,38,2,2,0.0,0.0,0.0,0.0,0.0,2.0,15,2,2
30235,16,2,0,0,8,3,0,1,0,1,2,18,2,2,0.0,0.0,0.0,0.0,0.0,3.0,18,5,3
167073,16,2,1,15,8,3,0,1,1,1,0,36,2,2,0.0,0.0,0.0,0.0,0.0,2.0,18,3,11
133600,16,2,3,0,2,3,0,1,1,1,2,18,2,2,0.0,0.0,0.0,0.0,0.0,3.0,14,1,9
168648,4,2,3,10,2,3,0,1,1,1,1,36,2,2,0.0,0.0,0.0,0.0,0.0,2.0,13,6,11
171882,16,3,3,0,8,3,0,1,0,1,2,36,2,3,2.0,0.0,0.0,2.0,0.0,0.0,12,2,11
174757,16,7,0,17,15,3,6,1,1,1,0,23,2,2,0.0,0.0,0.0,0.0,0.0,3.0,4,3,12
180961,16,2,1,7,8,3,0,1,1,1,1,23,2,2,0.0,0.0,0.0,0.0,0.0,1.0,2,4,12
90460,15,2,3,14,8,3,0,1,0,1,2,36,2,2,0.0,0.0,0.0,0.0,0.0,2.0,16,6,7
180115,16,2,1,17,10,3,0,1,1,1,0,24,2,2,0.0,0.0,0.0,0.0,0.0,2.0,18,5,12
159900,4,2,3,17,2,3,0,1,1,1,2,18,2,2,0.0,0.0,0.0,0.0,0.0,5.0,7,6,11
110987,15,11,3,0,2,3,0,5,1,1,2,5,2,2,0.0,0.0,0.0,0.0,0.0,2.0,12,3,8
23363,15,2,1,0,6,3,0,1,0,1,2,5,2,3,2.0,0.0,0.0,2.0,0.0,1.0,1,7,2
40731,16,7,3,0,2,3,6,5,0,1,2,6,2,2,0.0,0.0,0.0,0.0,0.0,2.0,13,7,3
89310,16,2,3,17,6,3,0,6,1,1,2,36,2,2,0.0,0.0,0.0,0.0,0.0,2.0,18,4,7
141123,16,3,3,10,8,3,6,1,0,1,1,17,2,1,1.0,0.0,1.0,0.0,0.0,1.0,12,7,10
152161,15,7,3,0,10,3,6,1,1,1,2,18,2,2,0.0,0.0,0.0,0.0,0.0,3.0,13,4,10
166695,15,2,1,0,6,3,0,1,0,1,2,5,2,3,1.0,0.0,0.0,1.0,0.0,1.0,20,6,11
53751,16,2,1,8,6,3,0,1,0,1,1,36,2,3,2.0,0.0,0.0,2.0,0.0,0.0,19,2,4
83153,16,7,3,10,8,3,6,1,1,1,0,36,2,2,0.0,0.0,0.0,0.0,0.0,3.0,16,5,6
55703,16,7,3,17,8,3,6,2,1,1,1,23,2,2,0.0,0.0,0.0,0.0,0.0,2.0,11,3,4
152197,15,7,3,10,8,3,6,5,1,1,2,8,2,2,0.0,0.0,0.0,0.0,0.0,3.0,12,4,10
172198,16,2,1,15,3,3,0,1,1,1,1,22,2,2,0.0,0.0,0.0,0.0,0.0,5.0,16,6,12
62187,16,2,3,15,10,3,0,1,1,0,1,23,2,2,0.0,0.0,0.0,0.0,0.0,2.0,14,2,5
50515,16,7,3,15,10,3,6,1,1,1,0,23,2,2,0.0,0.0,0.0,0.0,0.0,6.0,11,2,4
109541,16,2,0,9,6,3,5,1,0,1,0,38,2,1,1.0,0.0,1.0,0.0,0.0,1.0,1,4,8
24183,16,2,3,10,8,3,0,1,1,1,1,36,2,2,0.0,0.0,0.0,0.0,0.0,3.0,12,5,2
126921,4,11,5,15,8,3,5,5,1,1,1,18,2,2,0.0,0.0,0.0,0.0,0.0,2.0,20,1,9
180666,16,7,0,0,6,3,6,5,0,1,2,6,2,3,1.0,0.0,0.0,1.0,0.0,1.0,6,1,12
107935,16,2,3,17,3,3,0,1,0,1,2,18,2,4,1.0,0.0,0.0,0.0,1.0,1.0,17,7,8
11153,16,10,3,10,8,3,6,5,0,1,2,36,2,2,0.0,0.0,0.0,0.0,0.0,2.0,13,5,1
182,16,2,1,15,8,3,5,5,1,1,0,24,2,2,0.0,0.0,0.0,0.0,0.0,2.0,2,4,1
143064,16,2,1,0,2,3,0,1,1,1,2,6,2,2,0.0,0.0,0.0,0.0,0.0,2.0,21,7,10
184284,16,2,3,15,3,3,0,1,1,1,2,12,2,2,0.0,0.0,0.0,0.0,0.0,2.0,15,7,12
118044,17,2,3,10,6,3,0,5,1,1,2,36,2,2,0.0,0.0,0.0,0.0,0.0,2.0,13,7,8
133671,15,2,3,17,2,3,5,6,1,1,1,36,2,2,0.0,0.0,0.0,0.0,0.0,3.0,17,2,9
74754,16,11,5,10,15,3,5,5,1,1,2,36,2,2,0.0,0.0,0.0,0.0,0.0,2.0,15,2,6
156646,15,2,3,17,6,3,0,1,0,1,2,36,2,2,0.0,0.0,0.0,0.0,0.0,2.0,7,3,11
92160,16,2,3,10,3,3,0,1,1,1,1,19,2,2,0.0,0.0,0.0,0.0,0.0,2.0,13,6,7
139629,16,7,3,9,6,3,6,1,0,1,1,18,2,3,1.0,0.0,0.0,1.0,0.0,1.0,9,2,10
17656,16,2,1,10,6,3,0,5,1,1,2,21,2,2,0.0,0.0,0.0,0.0,0.0,2.0,21,1,2
75396,16,2,3,17,10,3,0,1,1,1,1,23,2,2,0.0,0.0,0.0,0.0,0.0,2.0,20,4,6
73023,16,2,3,17,1,3,0,1,1,1,2,17,2,2,0.0,0.0,0.0,0.0,0.0,2.0,17,4,6
19506,16,2,1,10,2,3,0,1,1,1,1,36,2,2,0.0,0.0,0.0,0.0,0.0,2.0,20,5,2
37136,16,2,3,17,11,3,0,1,1,1,1,18,2,2,0.0,0.0,0.0,0.0,0.0,2.0,13,1,3
110675,16,2,3,0,6,3,0,1,0,1,2,6,2,4,1.0,0.0,0.0,0.0,1.0,2.0,11,6,8
164981,16,2,3,15,6,3,0,1,0,1,2,23,2,2,0.0,0.0,0.0,0.0,0.0,2.0,13,3,11
45437,4,2,3,0,0,3,0,1,0,1,2,18,2,2,0.0,0.0,0.0,0.0,0.0,3.0,11,1,4
60370,16,2,3,9,6,3,0,5,0,1,0,18,2,3,1.0,0.0,0.0,1.0,0.0,1.0,8,2,5
184353,4,2,3,17,8,3,0,1,1,0,0,36,2,2,0.0,0.0,0.0,0.0,0.0,5.0,17,1,12
5227,15,2,3,17,6,3,0,1,0,1,2,18,2,2,0.0,0.0,0.0,0.0,0.0,2.0,11,3,1
165966,4,2,4,0,0,3,0,1,1,1,1,21,2,2,0.0,0.0,0.0,0.0,0.0,2.0,16,1,11
42553,16,2,2,17,6,3,0,1,0,1,2,24,3,4,2.0,0.0,0.0,0.0,2.0,2.0,6,6,4
40035,16,2,1,10,6,3,0,1,1,1,1,19,2,2,0.0,0.0,0.0,0.0,0.0,2.0,1,1,3
185283,4,10,3,7,10,3,4,1,1,0,1,39,2,2,0.0,0.0,0.0,0.0,0.0,2.0,9,1,12
88618,16,2,3,10,8,3,0,1,1,1,1,19,2,2,0.0,0.0,0.0,0.0,0.0,2.0,6,7,7
12405,15,2,3,0,8,3,0,1,0,1,2,23,2,2,0.0,0.0,0.0,0.0,0.0,4.0,16,6,1
18310,16,2,3,10,2,3,0,1,1,0,2,17,2,2,0.0,0.0,0.0,0.0,0.0,2.0,15,5,2
126750,4,2,3,17,8,3,0,1,1,1,2,23,2,2,0.0,0.0,0.0,0.0,0.0,2.0,17,5,9
5411,4,11,5,7,10,3,5,5,1,0,2,36,2,2,0.0,0.0,0.0,0.0,0.0,1.0,23,7,1
68204,15,2,3,0,10,3,0,1,1,1,2,28,2,2,0.0,0.0,0.0,0.0,0.0,2.0,18,6,5
146457,15,2,3,0,8,3,0,1,0,1,2,18,2,2,0.0,0.0,0.0,0.0,0.0,2.0,15,3,10
11757,15,10,3,2,6,3,4,1,1,1,2,39,1,2,0.0,0.0,0.0,0.0,0.0,1.0,8,2,1
123142,16,2,1,17,2,3,0,5,0,1,2,36,2,2,0.0,0.0,0.0,0.0,0.0,5.0,23,2,9
161818,4,2,3,0,8,3,0,1,1,1,2,36,2,2,0.0,0.0,0.0,0.0,0.0,3.0,11,2,11
112007,16,2,3,8,2,3,0,1,1,1,0,35,2,2,0.0,0.0,0.0,0.0,0.0,2.0,14,5,8
46308,15,3,3,10,8,3,6,1,1,1,2,18,4,2,0.0,0.0,0.0,0.0,0.0,7.0,7,2,4
67080,16,7,4,15,10,3,6,1,1,1,2,24,2,2,0.0,0.0,0.0,0.0,0.0,2.0,16,3,5
110734,4,2,3,11,6,3,0,1,1,1,0,36,2,2,0.0,0.0,0.0,0.0,0.0,2.0,11,7,8
79095,16,2,3,10,11,3,0,1,0,1,2,19,2,2,0.0,0.0,0.0,0.0,0.0,3.0,15,3,6
73093,15,2,3,0,8,3,0,1,0,1,2,18,3,2,0.0,0.0,0.0,0.0,0.0,2.0,18,5,6
15511,15,2,3,15,2,3,0,1,1,1,2,36,2,2,0.0,0.0,0.0,0.0,0.0,4.0,16,5,2
1646,15,2,1,0,8,4,0,1,1,1,2,18,2,2,0.0,0.0,0.0,0.0,0.0,2.0,17,7,1
33415,16,2,3,10,2,3,0,1,1,1,1,36,2,2,0.0,0.0,0.0,0.0,0.0,3.0,9,2,3
177177,16,2,1,10,8,3,0,1,1,1,1,17,2,2,0.0,0.0,0.0,0.0,0.0,3.0,6,1,12
472,16,3,4,11,16,3,0,1,0,1,2,36,2,4,2.0,0.0,0.0,0.0,2.0,2.0,4,4,1
154030,16,2,3,17,6,3,0,1,0,1,2,36,2,3,1.0,0.0,0.0,1.0,0.0,1.0,14,3,10
66154,16,2,0,10,8,3,0,1,0,1,1,28,2,1,1.0,0.0,1.0,0.0,0.0,1.0,23,2,5
122332,16,2,3,0,8,3,0,1,0,1,2,6,2,2,0.0,0.0,0.0,0.0,0.0,3.0,11,3,9
82497,16,2,1,0,6,3,0,1,0,1,2,6,3,3,7.0,0.0,0.0,7.0,0.0,2.0,3,3,6
15964,16,2,1,9,8,3,0,1,0,1,0,24,2,3,1.0,0.0,0.0,1.0,0.0,1.0,19,4,2
137487,16,11,5,17,6,3,5,5,1,1,1,36,2,2,0.0,0.0,0.0,0.0,0.0,3.0,19,7,9
109995,16,2,3,10,8,3,0,1,0,1,2,19,2,2,0.0,0.0,0.0,0.0,0.0,2.0,6,2,8
50889,16,2,3,0,6,3,0,1,0,1,2,6,2,3,1.0,0.0,0.0,1.0,0.0,1.0,7,7,4
88434,16,7,1,17,6,3,6,1,1,1,1,36,2,2,0.0,0.0,0.0,0.0,0.0,3.0,22,3,7
81930,16,2,3,17,8,3,0,1,1,1,0,36,2,2,0.0,0.0,0.0,0.0,0.0,2.0,11,1,6
731,16,2,3,10,2,3,0,1,1,1,2,19,2,2,0.0,0.0,0.0,0.0,0.0,2.0,9,5,1
40725,15,7,1,0,8,3,0,1,1,1,2,36,2,2,0.0,0.0,0.0,0.0,0.0,2.0,0,5,3
179775,16,2,3,10,8,3,0,1,1,1,1,36,2,2,0.0,0.0,0.0,0.0,0.0,2.0,13,3,12
89045,16,2,1,0,8,3,0,1,1,1,1,36,2,2,0.0,0.0,0.0,0.0,0.0,2.0,21,6,7
48684,16,2,3,17,8,3,0,1,0,1,2,36,2,3,1.0,0.0,0.0,1.0,0.0,2.0,7,2,4
86278,16,2,3,9,8,3,0,1,0,1,0,17,2,3,1.0,0.0,0.0,1.0,0.0,2.0,14,5,6
153690,15,2,3,10,6,4,0,1,1,1,2,17,2,2,0.0,0.0,0.0,0.0,0.0,2.0,13,6,10
67038,15,2,1,0,6,3,0,1,1,1,1,18,2,2,0.0,0.0,0.0,0.0,0.0,2.0,22,4,5
75247,15,2,4,15,10,3,0,1,1,1,1,23,2,2,0.0,0.0,0.0,0.0,0.0,4.0,16,2,6
140399,16,2,4,8,6,3,0,1,0,1,1,18,2,3,1.0,0.0,0.0,1.0,0.0,2.0,20,7,10
96887,16,2,1,7,8,3,0,1,1,1,2,12,2,2,0.0,0.0,0.0,0.0,0.0,1.0,23,1,7
10689,4,2,3,17,2,3,4,1,1,1,2,36,2,2,0.0,0.0,0.0,0.0,0.0,2.0,16,4,1
149962,15,2,3,15,3,3,0,1,1,1,2,23,2,2,0.0,0.0,0.0,0.0,0.0,2.0,12,3,10
169759,16,2,3,0,2,3,6,1,1,1,1,6,2,2,0.0,0.0,0.0,0.0,0.0,2.0,12,2,11
183464,15,2,1,0,6,3,0,5,0,1,2,36,2,4,1.0,0.0,0.0,0.0,1.0,1.0,17,4,12
132496,17,2,3,10,2,3,0,5,1,1,1,17,3,2,0.0,0.0,0.0,0.0,0.0,3.0,8,6,9
98391,15,2,3,0,6,3,0,5,1,1,1,36,2,2,0.0,0.0,0.0,0.0,0.0,2.0,16,3,7
79119,16,2,3,17,6,3,0,1,1,1,2,19,2,2,0.0,0.0,0.0,0.0,0.0,2.0,7,3,6
161420,15,2,1,17,8,3,0,5,0,1,2,36,2,3,1.0,0.0,0.0,1.0,0.0,2.0,23,7,11
160143,16,2,3,17,6,3,0,5,1,1,2,36,2,2,0.0,0.0,0.0,0.0,0.0,2.0,8,4,11
96872,4,2,3,0,0,3,0,1,0,1,2,36,2,3,1.0,0.0,0.0,1.0,0.0,2.0,9,1,7
10235,16,2,3,10,6,3,0,5,1,1,2,19,2,2,0.0,0.0,0.0,0.0,0.0,2.0,9,3,1
26669,15,2,1,0,8,3,0,1,1,1,2,5,2,2,0.0,0.0,0.0,0.0,0.0,2.0,1,6,2
29915,16,11,3,17,15,3,5,5,0,1,2,36,2,2,0.0,0.0,0.0,0.0,0.0,2.0,11,6,3
22819,16,10,3,17,8,3,4,1,1,1,2,36,2,2,0.0,0.0,0.0,0.0,0.0,2.0,16,5,2
73587,15,2,3,8,6,3,0,1,0,1,0,36,2,3,1.0,0.0,0.0,1.0,0.0,1.0,16,6,6
28079,15,2,3,0,8,3,0,1,0,1,2,18,2,2,0.0,0.0,0.0,0.0,0.0,2.0,11,4,2
20323,16,2,3,10,6,3,0,1,1,1,2,19,2,2,0.0,0.0,0.0,0.0,0.0,3.0,8,4,2
186282,16,2,1,10,3,3,0,1,0,1,2,18,3,3,1.0,0.0,0.0,1.0,0.0,7.0,16,1,12
177303,16,2,0,17,6,3,0,1,1,1,2,24,2,2,0.0,0.0,0.0,0.0,0.0,2.0,6,3,12
98408,16,3,3,17,6,3,0,1,0,1,2,18,2,3,2.0,0.0,0.0,1.0,1.0,0.0,18,3,7
40186,16,2,3,17,11,3,0,1,1,1,2,36,2,2,0.0,0.0,0.0,0.0,0.0,6.0,17,3,3
166105,15,2,1,0,6,3,6,1,1,1,2,18,2,2,0.0,0.0,0.0,0.0,0.0,2.0,17,3,11
39484,15,2,1,17,15,3,0,1,1,1,2,18,2,2,0.0,0.0,0.0,0.0,0.0,5.0,22,4,3
23098,16,2,3,10,2,3,0,1,1,1,0,12,2,2,0.0,0.0,0.0,0.0,0.0,2.0,7,1,2
72028,16,2,3,0,6,3,0,1,1,1,2,28,2,2,0.0,0.0,0.0,0.0,0.0,2.0,14,3,6
88957,4,2,4,17,11,3,0,1,1,1,2,24,2,2,0.0,0.0,0.0,0.0,0.0,3.0,17,4,7
26789,16,10,3,10,2,3,5,5,1,1,2,17,4,2,0.0,0.0,0.0,0.0,0.0,5.0,15,3,2
187124,18,2,1,9,2,3,6,1,0,1,2,7,2,1,1.0,0.0,1.0,0.0,0.0,1.0,17,6,12
155522,16,4,3,17,6,3,6,1,0,1,2,24,3,3,2.0,0.0,0.0,2.0,0.0,2.0,10,2,10
32184,16,2,3,15,8,3,0,1,0,1,1,22,3,3,1.0,0.0,0.0,1.0,0.0,2.0,15,3,3
39219,15,2,1,7,10,3,6,1,1,1,2,36,2,2,0.0,0.0,0.0,0.0,0.0,3.0,20,6,3
110781,16,2,3,0,10,3,0,1,0,1,2,36,2,2,0.0,0.0,0.0,0.0,0.0,2.0,8,1,8
134890,16,2,3,15,8,3,0,1,1,1,2,36,2,2,0.0,0.0,0.0,0.0,0.0,2.0,18,4,9
183031,16,2,3,17,8,3,0,1,1,1,2,24,3,2,0.0,0.0,0.0,0.0,0.0,2.0,14,3,12
35297,15,2,1,0,6,3,0,1,0,1,2,18,2,3,1.0,0.0,0.0,1.0,0.0,1.0,21,6,3
188286,2,10,3,0,18,3,6,1,0,1,1,36,3,3,1.0,0.0,0.0,1.0,0.0,4.0,14,4,12
67324,16,2,3,9,6,3,0,1,0,1,0,18,2,1,1.0,0.0,1.0,0.0,0.0,1.0,12,7,5
32507,15,2,3,10,8,3,0,1,0,1,2,18,2,3,1.0,0.0,0.0,1.0,0.0,2.0,6,7,3
153664,15,2,3,0,15,3,0,1,1,1,2,36,2,2,0.0,0.0,0.0,0.0,0.0,3.0,8,5,10
83650,15,2,1,17,8,3,0,1,0,1,2,24,2,4,1.0,0.0,0.0,0.0,1.0,4.0,0,7,6
4765,4,2,1,17,8,3,5,5,1,1,2,36,2,2,0.0,0.0,0.0,0.0,0.0,2.0,20,3,1
18311,16,2,3,7,3,3,0,1,0,1,2,24,2,3,1.0,0.0,0.0,1.0,0.0,1.0,15,5,2
110494,4,2,3,0,6,3,0,1,0,1,2,18,2,2,0.0,0.0,0.0,0.0,0.0,4.0,15,3,8
152454,15,2,3,17,10,3,6,1,0,1,2,22,2,2,0.0,0.0,0.0,0.0,0.0,2.0,13,2,10
77585,16,2,3,8,6,3,0,1,0,1,2,8,2,3,1.0,0.0,0.0,1.0,0.0,4.0,10,3,6
150417,15,7,3,0,11,3,6,1,1,1,0,12,2,2,0.0,0.0,0.0,0.0,0.0,2.0,9,2,10
118396,16,2,3,0,11,3,0,1,0,1,2,6,2,3,1.0,0.0,0.0,1.0,0.0,2.0,11,3,8
54750,16,3,1,10,6,3,6,1,1,1,2,19,2,2,0.0,0.0,0.0,0.0,0.0,6.0,21,3,4
163220,16,2,3,17,8,3,0,1,1,1,1,36,2,2,0.0,0.0,0.0,0.0,0.0,2.0,12,5,11
175645,4,3,3,9,6,3,0,1,0,1,1,18,2,1,1.0,0.0,1.0,0.0,0.0,2.0,8,7,12
177307,16,2,2,15,2,3,0,1,1,1,0,23,2,2,0.0,0.0,0.0,0.0,0.0,2.0,6,3,12
4106,4,7,3,17,6,3,6,1,1,1,2,24,2,2,0.0,0.0,0.0,0.0,0.0,2.0,12,5,1
15076,16,2,0,17,8,3,0,5,1,1,1,19,2,2,0.0,0.0,0.0,0.0,0.0,2.0,17,4,2
180836,16,4,1,17,8,3,6,1,0,1,2,24,2,3,1.0,0.0,0.0,1.0,0.0,1.0,3,1,12
23207,16,2,3,14,8,3,0,1,1,1,1,36,2,2,0.0,0.0,0.0,0.0,0.0,2.0,6,3,2
173624,16,2,4,17,6,3,6,1,1,1,2,24,2,2,0.0,0.0,0.0,0.0,0.0,2.0,16,1,12
114344,16,2,3,17,6,3,0,1,0,1,1,18,2,3,1.0,0.0,0.0,1.0,0.0,2.0,11,6,8
170619,16,2,4,17,8,3,0,1,1,1,2,23,2,2,0.0,0.0,0.0,0.0,0.0,3.0,15,7,11
187082,16,3,3,10,3,3,5,5,0,1,2,24,2,4,1.0,0.0,0.0,0.0,1.0,2.0,11,5,12
145753,16,2,3,17,8,3,0,1,1,1,2,17,2,2,0.0,0.0,0.0,0.0,0.0,2.0,9,2,10
165994,15,2,1,0,8,3,0,1,0,1,2,5,2,3,2.0,0.0,0.0,2.0,0.0,1.0,21,1,11
72401,16,2,1,10,1,3,0,1,0,0,1,36,2,4,2.0,0.0,0.0,0.0,2.0,2.0,21,7,6
19189,15,2,3,0,6,3,0,3,1,1,2,36,2,2,0.0,0.0,0.0,0.0,0.0,2.0,8,6,2
10029,4,11,1,10,8,3,5,5,1,1,2,36,2,2,0.0,0.0,0.0,0.0,0.0,2.0,20,5,1
106902,4,2,1,10,6,3,0,1,1,1,0,36,2,2,0.0,0.0,0.0,0.0,0.0,2.0,21,5,8
152274,16,2,3,17,8,3,0,1,1,1,1,22,2,2,0.0,0.0,0.0,0.0,0.0,2.0,12,5,10
187713,16,2,1,0,8,3,0,1,0,1,2,36,2,2,0.0,0.0,0.0,0.0,0.0,2.0,4,1,12
31962,15,2,0,9,8,3,0,1,0,1,0,18,2,3,1.0,0.0,0.0,1.0,0.0,1.0,18,6,3
14668,16,2,1,10,8,3,0,1,1,1,2,19,2,2,0.0,0.0,0.0,0.0,0.0,2.0,20,4,1
73374,16,2,3,10,8,3,0,1,1,1,2,19,2,2,0.0,0.0,0.0,0.0,0.0,3.0,12,1,6
133540,15,2,3,0,6,3,0,1,0,1,2,18,2,3,1.0,0.0,0.0,1.0,0.0,3.0,9,2,9
137419,4,2,1,17,8,4,0,4,0,1,2,18,2,3,1.0,0.0,0.0,1.0,0.0,1.0,20,6,9
26418,16,2,1,17,3,2,0,1,0,1,2,18,3,3,1.0,0.0,0.0,1.0,0.0,2.0,5,5,2
119150,16,2,3,10,2,3,6,5,1,1,0,36,2,2,0.0,0.0,0.0,0.0,0.0,4.0,17,1,8
163221,16,3,3,9,8,3,0,1,0,1,2,36,2,3,1.0,0.0,0.0,1.0,0.0,1.0,12,5,11
48318,16,2,3,9,2,3,0,1,0,1,0,18,2,1,1.0,0.0,1.0,0.0,0.0,1.0,14,5,4
126193,16,2,3,10,8,3,0,1,1,1,2,19,2,2,0.0,0.0,0.0,0.0,0.0,2.0,17,4,9
155226,4,3,3,0,2,3,6,1,0,1,2,18,2,2,0.0,0.0,0.0,0.0,0.0,4.0,8,4,10
152299,16,2,3,9,8,3,0,1,1,1,2,26,2,2,0.0,0.0,0.0,0.0,0.0,2.0,6,6,10
187164,15,10,1,0,2,3,4,1,1,1,2,17,2,2,0.0,0.0,0.0,0.0,0.0,4.0,23,6,12
161910,16,2,1,10,11,3,0,1,0,1,2,36,3,4,2.0,0.0,0.0,0.0,2.0,3.0,21,1,11
105316,17,11,0,15,8,3,5,5,1,1,1,36,2,2,0.0,0.0,0.0,0.0,0.0,2.0,21,2,8
30107,4,10,0,10,8,3,6,1,1,0,1,17,2,2,0.0,0.0,0.0,0.0,0.0,3.0,18,2,3
181965,16,2,1,10,8,3,0,1,0,1,2,17,2,3,1.0,0.0,0.0,1.0,0.0,1.0,1,3,12
104215,16,7,1,10,6,3,6,1,1,1,0,36,2,2,0.0,0.0,0.0,0.0,0.0,2.0,23,7,8
3561,16,2,3,0,8,3,0,1,0,1,2,6,2,4,1.0,0.0,0.0,0.0,1.0,1.0,5,4,1
96673,16,2,1,17,8,3,0,1,1,1,2,24,2,2,0.0,0.0,0.0,0.0,0.0,2.0,21,4,7
134083,16,7,3,9,6,3,6,1,0,1,2,18,2,4,1.0,0.0,0.0,0.0,1.0,2.0,16,3,9
26914,15,2,3,17,2,3,4,1,0,1,1,39,2,2,0.0,0.0,0.0,0.0,0.0,2.0,9,4,2