crash_date,               traffic_control_device,weather_condition,lighting_condition,first_crash_type,trafficway_type,alignment,roadway_surface_cond,road_defect,crash_type,intersection_related_i,damage,prim_contributory_cause,num_units,most_severe_injury,injuries_total,injuries_fatal,injuries_incapacitating,injuries_non_incapacitating,injuries_reported_not_evident,injuries_no_indication,crash_hour,crash_day_of_week,crash_month
54182,16,7,3,10,6,3,6,1,1,1,1,19,2,2,0.0,0.0,0.0,0.0,0.0,4.0,12,7,4
171996,15,2,3,17,8,3,0,1,1,0,2,24,2,2,0.0,0.0,0.0,0.0,0.0,2.0,10,4,11
1506,16,2,1,17,10,3,0,1,1,1,1,24,2,2,0.0,0.0,0.0,0.0,0.0,2.0,16,5,1
68667,16,2,3,9,8,3,0,1,0,1,0,18,2,3,1.0,0.0,0.0,1.0,0.0,1.0,10,6,5
53518,15,2,3,0,8,3,0,1,1,1,2,18,2,2,0.0,0.0,0.0,0.0,0.0,2.0,15,5,4
149959,16,2,3,10,8,3,0,5,1,0,2,17,2,2,0.0,0.0,0.0,0.0,0.0,2.0,12,3,10
37478,16,2,2,0,8,3,0,1,0,1,2,18,2,1,1.0,0.0,1.0,0.0,0.0,7.0,19,2,3
182586,16,2,1,10,2,4,0,1,0,1,2,36,2,3,1.0,0.0,0.0,1.0,0.0,1.0,18,4,12
30227,16,2,3,10,8,3,0,1,1,1,1,36,2,2,0.0,0.0,0.0,0.0,0.0,2.0,16,5,3
82942,16,2,3,0,6,3,0,1,0,1,2,36,2,3,1.0,0.0,0.0,1.0,0.0,2.0,12,2,6
137321,16,2,1,17,3,3,0,1,0,1,2,18,2,2,0.0,0.0,0.0,0.0,0.0,2.0,6,5,9
54054,16,7,1,0,2,3,6,1,1,1,2,16,2,2,0.0,0.0,0.0,0.0,0.0,2.0,19,6,4
4176,16,2,1,0,8,3,1,1,0,1,2,6,2,4,1.0,0.0,0.0,0.0,1.0,1.0,17,1,1
15870,16,2,1,9,18,3,0,1,0,1,0,18,2,3,1.0,0.0,0.0,1.0,0.0,1.0,18,5,2
168233,15,2,1,17,2,3,6,1,1,1,1,18,2,2,0.0,0.0,0.0,0.0,0.0,4.0,19,6,11
160380,4,2,0,0,8,3,0,1,1,1,1,18,2,2,0.0,0.0,0.0,0.0,0.0,5.0,18,6,11
74329,15,2,3,17,15,2,0,1,0,1,2,18,2,3,1.0,0.0,0.0,1.0,0.0,1.0,12,2,6
152732,16,2,2,17,8,3,0,1,1,1,2,36,2,2,0.0,0.0,0.0,0.0,0.0,10.0,18,7,10
64887,17,2,3,10,17,3,0,5,1,1,2,36,2,2,0.0,0.0,0.0,0.0,0.0,2.0,7,4,5
104770,15,2,3,17,6,3,0,1,0,1,2,5,2,2,0.0,0.0,0.0,0.0,0.0,3.0,18,1,8
40613,16,2,3,10,2,3,0,1,1,1,2,36,2,2,0.0,0.0,0.0,0.0,0.0,2.0,15,4,3
120899,15,2,1,10,6,3,0,1,0,1,2,36,2,2,0.0,0.0,0.0,0.0,0.0,6.0,20,5,9
4222,16,2,0,10,1,3,0,1,1,1,0,36,2,2,0.0,0.0,0.0,0.0,0.0,2.0,19,2,1
130088,15,2,3,0,2,3,0,1,1,1,2,36,2,2,0.0,0.0,0.0,0.0,0.0,4.0,13,1,9
52335,15,2,3,8,15,3,0,1,0,1,2,24,2,3,1.0,0.0,0.0,1.0,0.0,1.0,13,7,4
170530,16,2,1,17,8,3,0,1,1,1,2,18,2,2,0.0,0.0,0.0,0.0,0.0,3.0,22,2,11
157973,16,7,1,17,6,3,6,1,1,1,2,18,2,2,0.0,0.0,0.0,0.0,0.0,2.0,19,2,11
151982,16,2,3,0,2,3,0,1,1,1,2,26,2,2,0.0,0.0,0.0,0.0,0.0,2.0,14,4,10
166779,4,2,1,7,10,3,0,1,0,0,2,11,3,2,0.0,0.0,0.0,0.0,0.0,1.0,22,7,11
140751,16,3,4,10,19,3,0,1,1,1,0,36,2,2,0.0,0.0,0.0,0.0,0.0,2.0,6,4,10
6009,4,2,1,0,10,3,0,1,1,1,2,18,2,2,0.0,0.0,0.0,0.0,0.0,2.0,19,6,1
39909,15,2,3,0,15,3,0,5,0,1,2,6,2,2,0.0,0.0,0.0,0.0,0.0,2.0,10,5,3
695,4,11,5,9,2,3,5,5,0,1,2,36,2,1,1.0,0.0,1.0,0.0,0.0,1.0,16,5,1
128039,16,2,3,17,6,3,0,1,1,1,2,22,2,2,0.0,0.0,0.0,0.0,0.0,2.0,15,3,9
103655,16,2,1,10,2,3,0,1,1,1,0,19,2,2,0.0,0.0,0.0,0.0,0.0,2.0,22,6,7
44561,16,2,3,17,11,3,0,1,1,1,1,36,2,2,0.0,0.0,0.0,0.0,0.0,3.0,18,6,4
103782,16,2,1,0,2,3,0,1,0,1,2,17,4,3,1.0,0.0,0.0,1.0,0.0,1.0,21,1,7
161846,4,2,1,10,2,3,0,5,1,1,2,19,3,2,0.0,0.0,0.0,0.0,0.0,4.0,17,7,11
132951,16,2,1,14,8,3,0,1,0,1,2,36,2,2,0.0,0.0,0.0,0.0,0.0,3.0,4,1,9
125935,17,11,5,0,6,3,5,5,1,1,2,26,2,2,0.0,0.0,0.0,0.0,0.0,4.0,23,1,9
67782,16,2,3,13,6,3,0,1,1,1,1,18,2,2,0.0,0.0,0.0,0.0,0.0,2.0,11,6,5
127736,16,2,1,17,6,3,0,1,1,1,2,24,2,2,0.0,0.0,0.0,0.0,0.0,2.0,22,6,9
30148,16,2,3,15,11,3,0,1,0,0,2,15,2,2,0.0,0.0,0.0,0.0,0.0,2.0,13,3,3
101676,16,2,3,0,6,3,0,1,0,1,2,6,2,4,1.0,0.0,0.0,0.0,1.0,1.0,13,5,7
112336,16,2,3,10,6,3,0,1,1,1,2,17,2,2,0.0,0.0,0.0,0.0,0.0,2.0,16,4,8
115980,4,2,3,15,2,3,0,1,0,0,2,18,3,4,1.0,0.0,0.0,0.0,1.0,5.0,10,3,8
47207,16,2,3,17,8,3,0,1,1,1,2,36,2,2,0.0,0.0,0.0,0.0,0.0,2.0,14,6,4
39671,16,2,3,10,8,3,0,1,0,1,2,17,2,3,2.0,0.0,0.0,2.0,0.0,2.0,13,2,3
64144,16,2,3,7,10,3,0,1,0,1,2,8,2,2,0.0,0.0,0.0,0.0,0.0,1.0,17,5,5
127266,15,2,3,17,2,3,0,5,0,1,1,18,2,2,0.0,0.0,0.0,0.0,0.0,2.0,16,5,9
118760,16,2,4,10,6,3,0,1,1,1,0,19,2,2,0.0,0.0,0.0,0.0,0.0,2.0,5,4,8
112899,4,2,3,15,8,3,0,1,1,1,2,36,2,2,0.0,0.0,0.0,0.0,0.0,3.0,17,5,8
97889,16,2,1,0,2,3,0,1,0,1,2,18,2,2,0.0,0.0,0.0,0.0,0.0,2.0,0,2,7
94906,15,2,3,17,6,3,0,1,1,1,2,22,2,2,0.0,0.0,0.0,0.0,0.0,2.0,6,6,7
160886,16,2,1,17,2,3,0,1,0,1,2,24,2,4,1.0,0.0,0.0,0.0,1.0,2.0,20,6,11
5615,15,10,3,2,2,3,4,1,1,1,2,39,1,2,0.0,0.0,0.0,0.0,0.0,1.0,9,7,1
188096,16,2,3,0,2,3,0,1,1,1,1,6,2,2,0.0,0.0,0.0,0.0,0.0,2.0,15,7,12
106351,15,3,3,15,2,3,0,1,1,1,1,22,2,2,0.0,0.0,0.0,0.0,0.0,3.0,16,4,8
4999,16,7,3,9,8,3,6,1,0,1,0,18,2,4,1.0,0.0,0.0,0.0,1.0,1.0,9,5,1
8727,4,2,1,15,10,3,0,3,0,1,2,36,2,2,0.0,0.0,0.0,0.0,0.0,2.0,23,5,1
57470,16,3,3,10,10,3,0,1,1,1,2,19,2,2,0.0,0.0,0.0,0.0,0.0,2.0,10,4,5
71471,15,2,1,0,10,3,0,1,0,1,2,5,2,3,2.0,0.0,0.0,2.0,0.0,1.0,1,2,5
90551,16,2,1,17,8,3,0,1,0,1,2,18,3,3,4.0,0.0,0.0,3.0,1.0,0.0,22,7,7
127159,16,2,3,10,8,3,0,4,1,1,1,19,2,2,0.0,0.0,0.0,0.0,0.0,2.0,11,1,9
121886,16,2,3,10,8,3,0,1,1,1,2,19,2,2,0.0,0.0,0.0,0.0,0.0,2.0,10,5,9
21009,16,2,3,17,8,3,0,1,0,1,1,36,2,2,0.0,0.0,0.0,0.0,0.0,2.0,13,3,2
1247,16,11,5,10,6,3,5,5,1,1,2,36,2,2,0.0,0.0,0.0,0.0,0.0,4.0,23,1,1
122089,18,2,1,0,6,3,0,1,0,1,2,18,2,2,0.0,0.0,0.0,0.0,0.0,2.0,22,1,9
25321,16,2,3,10,8,3,0,1,1,1,0,36,2,2,0.0,0.0,0.0,0.0,0.0,4.0,10,6,2
115809,16,2,3,10,8,3,0,1,1,1,2,19,2,2,0.0,0.0,0.0,0.0,0.0,3.0,15,1,8
37916,16,2,3,0,6,3,0,1,0,1,2,6,2,3,2.0,0.0,0.0,2.0,0.0,0.0,9,3,3
101602,16,2,1,17,6,3,0,1,0,1,2,36,2,2,0.0,0.0,0.0,0.0,0.0,3.0,23,3,7
93497,16,2,3,10,8,3,0,1,1,1,2,19,2,2,0.0,0.0,0.0,0.0,0.0,2.0,15,5,7
70382,4,2,1,17,6,3,0,1,0,1,2,36,2,2,0.0,0.0,0.0,0.0,0.0,7.0,0,6,5
3847,4,11,1,7,10,3,0,1,1,1,2,36,2,2,0.0,0.0,0.0,0.0,0.0,1.0,9,4,1
188179,16,6,3,17,8,3,4,1,0,1,2,17,2,2,0.0,0.0,0.0,0.0,0.0,2.0,15,1,12
46541,16,2,1,0,6,3,0,1,0,1,2,18,2,3,4.0,0.0,0.0,4.0,0.0,0.0,3,1,4
173538,16,2,3,10,2,3,0,1,1,1,2,19,2,2,0.0,0.0,0.0,0.0,0.0,3.0,13,7,12
49938,4,2,3,15,8,3,0,1,1,0,1,36,2,2,0.0,0.0,0.0,0.0,0.0,2.0,12,4,4
22872,15,2,3,0,6,3,5,5,1,1,1,36,2,2,0.0,0.0,0.0,0.0,0.0,2.0,13,6,2
58090,16,2,3,0,5,3,0,1,0,1,2,6,2,4,1.0,0.0,0.0,0.0,1.0,1.0,9,1,5
866,16,2,2,17,6,3,0,1,0,1,2,6,2,2,0.0,0.0,0.0,0.0,0.0,5.0,7,2,1
31573,15,11,5,0,2,3,5,5,0,1,2,26,2,2,0.0,0.0,0.0,0.0,0.0,2.0,22,6,3
77968,16,2,3,15,6,3,5,5,1,1,1,36,2,2,0.0,0.0,0.0,0.0,0.0,2.0,12,7,6
113251,16,2,3,17,2,3,0,1,0,1,2,18,2,2,0.0,0.0,0.0,0.0,0.0,2.0,7,3,8
42179,15,11,1,0,8,3,5,5,1,1,2,18,2,2,0.0,0.0,0.0,0.0,0.0,3.0,21,6,3
130593,15,2,3,0,6,3,0,1,0,1,2,18,2,3,2.0,0.0,0.0,2.0,0.0,0.0,17,4,9
96661,16,2,3,15,12,3,0,1,1,1,0,21,2,2,0.0,0.0,0.0,0.0,0.0,2.0,7,4,7
137852,16,2,1,17,8,3,0,1,0,1,2,12,2,2,0.0,0.0,0.0,0.0,0.0,2.0,22,5,10
13863,16,2,1,0,2,3,6,1,0,1,2,6,2,2,0.0,0.0,0.0,0.0,0.0,2.0,17,3,1
82729,16,7,1,17,8,3,6,1,0,1,2,36,2,2,0.0,0.0,0.0,0.0,0.0,2.0,21,5,6
21234,15,2,3,0,10,3,0,1,0,1,2,36,2,2,0.0,0.0,0.0,0.0,0.0,4.0,9,5,2
4536,4,2,3,17,8,3,0,1,0,0,2,18,2,2,0.0,0.0,0.0,0.0,0.0,3.0,15,6,1
83199,15,7,3,0,2,3,6,1,0,1,2,18,2,4,1.0,0.0,0.0,0.0,1.0,1.0,15,6,6
170309,15,6,1,0,6,3,6,1,1,1,2,18,2,2,0.0,0.0,0.0,0.0,0.0,2.0,6,4,11
90742,15,2,1,0,8,3,0,1,0,1,2,12,2,2,0.0,0.0,0.0,0.0,0.0,3.0,21,4,7
178876,15,2,3,0,2,3,6,5,1,1,2,36,2,2,0.0,0.0,0.0,0.0,0.0,4.0,16,3,12
42138,16,2,3,17,8,3,0,1,1,1,2,24,2,2,0.0,0.0,0.0,0.0,0.0,2.0,16,6,3
77409,16,2,3,10,15,3,0,1,1,1,2,12,3,2,0.0,0.0,0.0,0.0,0.0,3.0,14,7,6
9171,15,2,3,9,2,3,0,1,0,1,0,36,2,3,1.0,0.0,0.0,1.0,0.0,1.0,13,6,1
147046,16,2,3,17,8,3,0,1,1,1,1,21,2,2,0.0,0.0,0.0,0.0,0.0,2.0,11,4,10
59158,16,2,3,10,2,3,0,1,1,1,2,36,3,2,0.0,0.0,0.0,0.0,0.0,3.0,13,5,5
74327,15,2,1,0,8,3,0,1,0,1,2,5,2,3,1.0,0.0,0.0,1.0,0.0,2.0,0,2,6
184368,16,2,2,0,6,3,0,1,1,1,2,6,2,2,0.0,0.0,0.0,0.0,0.0,6.0,8,1,12
26394,15,10,1,14,8,3,4,1,1,1,1,36,2,2,0.0,0.0,0.0,0.0,0.0,2.0,23,3,2
187638,16,10,1,17,8,3,1,1,1,1,0,36,2,2,0.0,0.0,0.0,0.0,0.0,2.0,6,7,12
35709,16,7,1,17,3,3,6,1,1,1,2,24,3,2,0.0,0.0,0.0,0.0,0.0,3.0,20,5,3
178783,15,3,3,0,6,3,0,1,0,1,2,18,2,3,3.0,0.0,0.0,3.0,0.0,0.0,13,5,12
151437,16,2,1,0,15,3,0,1,0,1,2,6,2,3,1.0,0.0,0.0,1.0,0.0,1.0,22,3,10
62895,16,2,1,17,6,3,0,1,0,1,2,6,2,2,0.0,0.0,0.0,0.0,0.0,2.0,23,6,5
106884,15,2,3,0,8,3,0,1,1,1,1,36,2,2,0.0,0.0,0.0,0.0,0.0,2.0,16,5,8
161067,4,2,3,7,10,3,0,1,1,1,1,36,2,2,0.0,0.0,0.0,0.0,0.0,1.0,7,3,11
119717,15,2,3,17,8,3,0,1,1,1,1,36,2,2,0.0,0.0,0.0,0.0,0.0,2.0,12,2,8
182007,15,2,3,17,8,3,0,5,1,1,2,5,2,2,0.0,0.0,0.0,0.0,0.0,2.0,8,3,12
81737,16,2,3,0,10,3,0,1,1,1,0,6,2,2,0.0,0.0,0.0,0.0,0.0,2.0,9,6,6
52773,4,2,1,15,8,3,0,1,0,1,2,36,3,3,1.0,0.0,0.0,1.0,0.0,2.0,0,7,4
116981,16,7,1,10,8,3,6,1,0,1,2,19,2,2,0.0,0.0,0.0,0.0,0.0,2.0,23,4,8
41696,16,2,3,10,6,3,0,1,0,0,2,8,3,3,1.0,0.0,0.0,1.0,0.0,3.0,14,5,3
72374,15,2,3,17,2,3,0,1,1,1,0,18,2,2,0.0,0.0,0.0,0.0,0.0,2.0,15,7,6
62592,15,2,3,0,6,3,0,1,0,1,2,18,2,4,1.0,0.0,0.0,0.0,1.0,3.0,12,2,5
98955,16,2,3,9,6,3,0,1,0,1,2,36,2,1,1.0,0.0,1.0,0.0,0.0,1.0,13,5,7
49583,16,2,1,15,2,3,0,1,1,1,0,36,2,2,0.0,0.0,0.0,0.0,0.0,2.0,19,6,4
115490,16,2,3,15,10,3,0,1,1,1,2,23,2,2,0.0,0.0,0.0,0.0,0.0,3.0,16,3,8
137205,16,2,3,10,8,3,0,5,1,1,2,36,2,2,0.0,0.0,0.0,0.0,0.0,2.0,7,2,9
30584,15,7,1,17,8,3,6,5,1,1,1,36,2,2,0.0,0.0,0.0,0.0,0.0,2.0,19,3,3
117585,15,2,1,7,8,3,0,1,0,1,2,17,3,3,1.0,0.0,0.0,1.0,0.0,0.0,0,6,8
116269,15,7,3,0,8,3,6,1,0,1,2,18,2,2,0.0,0.0,0.0,0.0,0.0,4.0,11,6,8
106110,16,2,1,9,3,3,0,1,0,1,2,6,2,3,1.0,0.0,0.0,1.0,0.0,1.0,20,1,8
112096,16,2,3,15,2,3,0,1,0,0,2,13,2,3,1.0,0.0,0.0,1.0,0.0,1.0,7,6,8
142015,16,2,3,17,2,3,0,1,1,1,2,36,2,2,0.0,0.0,0.0,0.0,0.0,2.0,17,7,10
82477,16,2,3,17,6,3,0,1,0,1,2,17,2,4,1.0,0.0,0.0,0.0,1.0,2.0,12,2,6
17804,16,2,3,10,2,3,6,1,1,1,2,19,2,2,0.0,0.0,0.0,0.0,0.0,2.0,14,3,2
106676,15,2,2,0,6,3,0,1,1,0,2,3,3,2,0.0,0.0,0.0,0.0,0.0,2.0,0,2,8
19726,16,2,1,10,8,3,6,1,1,1,1,19,2,2,0.0,0.0,0.0,0.0,0.0,2.0,23,1,2
121102,15,2,3,10,3,3,0,1,1,1,2,19,2,2,0.0,0.0,0.0,0.0,0.0,6.0,14,4,9
153762,15,3,3,17,2,3,0,1,0,1,2,18,2,2,0.0,0.0,0.0,0.0,0.0,5.0,13,7,10
115837,16,2,1,17,8,3,0,1,0,1,2,18,2,3,4.0,0.0,0.0,2.0,2.0,0.0,20,1,8
101663,16,2,1,17,3,3,0,1,0,1,2,36,2,4,1.0,0.0,0.0,0.0,1.0,1.0,22,4,7
28377,16,2,2,15,3,3,0,1,1,0,1,36,2,2,0.0,0.0,0.0,0.0,0.0,2.0,18,6,3
91211,16,2,3,10,2,3,5,5,1,1,2,36,2,2,0.0,0.0,0.0,0.0,0.0,2.0,10,4,7
20613,16,2,1,10,8,3,4,1,1,1,0,19,2,2,0.0,0.0,0.0,0.0,0.0,4.0,18,3,2
150369,16,7,1,10,8,3,6,1,1,1,0,12,2,2,0.0,0.0,0.0,0.0,0.0,3.0,3,2,10
111881,15,3,3,0,15,5,6,1,1,1,2,18,2,2,0.0,0.0,0.0,0.0,0.0,2.0,17,5,8
66961,15,2,1,0,6,3,0,1,1,1,2,18,2,2,0.0,0.0,0.0,0.0,0.0,2.0,21,2,5
118731,17,2,3,0,11,3,0,1,0,1,2,36,2,2,0.0,0.0,0.0,0.0,0.0,2.0,12,2,8
130756,16,2,3,10,8,3,0,5,1,1,0,19,2,2,0.0,0.0,0.0,0.0,0.0,2.0,17,4,9
46029,16,3,3,10,8,3,0,1,1,1,2,17,3,2,0.0,0.0,0.0,0.0,0.0,4.0,2,6,4
148269,15,3,1,17,15,3,0,1,0,1,2,18,2,2,0.0,0.0,0.0,0.0,0.0,2.0,17,2,10
167520,4,7,0,17,3,3,6,1,1,1,2,24,2,2,0.0,0.0,0.0,0.0,0.0,2.0,18,5,11
38513,15,2,4,0,10,3,0,1,0,1,2,26,2,1,1.0,0.0,1.0,0.0,0.0,1.0,18,6,3
161047,16,2,4,17,2,3,0,1,0,1,2,6,3,2,0.0,0.0,0.0,0.0,0.0,4.0,16,3,11
101240,16,2,3,17,8,3,0,1,1,1,1,23,2,2,0.0,0.0,0.0,0.0,0.0,2.0,15,4,7
66016,16,2,3,10,2,3,0,1,0,1,2,19,2,4,1.0,0.0,0.0,0.0,1.0,2.0,16,2,5
69597,17,2,5,15,17,3,5,5,1,0,2,28,2,2,0.0,0.0,0.0,0.0,0.0,2.0,23,7,5
27262,16,2,3,17,8,3,0,1,0,1,2,18,2,2,0.0,0.0,0.0,0.0,0.0,2.0,10,3,2
62988,16,2,1,11,8,3,0,1,1,1,1,21,2,2,0.0,0.0,0.0,0.0,0.0,4.0,3,1,5
165383,15,2,1,10,8,3,5,1,0,1,2,36,2,3,1.0,0.0,0.0,1.0,0.0,1.0,17,7,11
11535,4,2,1,5,8,3,0,3,1,1,1,26,1,2,0.0,0.0,0.0,0.0,0.0,1.0,17,5,1
171761,16,10,3,0,11,3,4,1,0,1,2,36,2,4,1.0,0.0,0.0,0.0,1.0,1.0,12,6,11
5900,16,10,3,3,6,3,4,1,1,1,2,36,2,2,0.0,0.0,0.0,0.0,0.0,3.0,7,6,1
58319,16,3,3,10,2,3,6,1,1,1,1,36,2,2,0.0,0.0,0.0,0.0,0.0,3.0,12,5,5
123412,16,7,3,17,1,3,6,1,0,1,2,36,2,3,2.0,0.0,0.0,2.0,0.0,0.0,10,5,9
3791,16,2,3,10,8,3,0,1,1,1,2,21,2,2,0.0,0.0,0.0,0.0,0.0,2.0,11,2,1
62953,4,2,3,10,8,3,0,1,1,1,1,19,2,2,0.0,0.0,0.0,0.0,0.0,3.0,9,7,5
85724,16,2,1,0,6,3,0,1,0,1,2,6,3,4,1.0,0.0,0.0,0.0,1.0,3.0,23,4,6
76899,16,2,3,17,8,3,0,1,1,1,2,36,2,2,0.0,0.0,0.0,0.0,0.0,3.0,15,6,6
121530,16,2,3,15,2,3,0,5,0,1,2,28,2,2,0.0,0.0,0.0,0.0,0.0,2.0,7,7,9
178562,16,7,3,10,6,3,6,1,1,1,2,36,2,2,0.0,0.0,0.0,0.0,0.0,3.0,8,7,12
92753,16,2,1,3,8,3,0,1,1,1,2,22,2,2,0.0,0.0,0.0,0.0,0.0,4.0,2,1,7
124407,16,2,3,17,11,3,0,1,1,1,2,28,2,2,0.0,0.0,0.0,0.0,0.0,2.0,14,6,9
42853,16,2,3,0,2,3,0,1,1,1,1,36,2,2,0.0,0.0,0.0,0.0,0.0,2.0,9,3,4
116774,16,2,3,10,8,3,5,5,1,1,2,17,3,2,0.0,0.0,0.0,0.0,0.0,4.0,17,7,8
65985,16,2,3,17,6,3,0,1,1,1,2,24,2,2,0.0,0.0,0.0,0.0,0.0,4.0,10,7,5
85845,4,2,3,10,8,2,0,1,1,0,1,19,2,2,0.0,0.0,0.0,0.0,0.0,2.0,13,5,6
73770,16,2,1,0,6,3,0,1,0,1,2,6,3,2,0.0,0.0,0.0,0.0,0.0,2.0,21,1,6
90618,15,2,3,2,10,3,0,1,1,1,0,38,1,2,0.0,0.0,0.0,0.0,0.0,1.0,11,2,7
16052,4,10,1,17,2,3,4,1,1,1,2,16,2,2,0.0,0.0,0.0,0.0,0.0,2.0,23,7,2
12828,15,2,3,10,2,3,6,5,1,1,2,36,2,2,0.0,0.0,0.0,0.0,0.0,2.0,12,5,1
174145,16,2,3,10,8,3,0,1,1,1,2,19,2,2,0.0,0.0,0.0,0.0,0.0,4.0,11,1,12
115575,17,2,3,17,6,3,0,5,1,1,2,28,2,2,0.0,0.0,0.0,0.0,0.0,2.0,11,5,8
134410,4,2,3,10,6,3,0,1,1,1,1,36,2,2,0.0,0.0,0.0,0.0,0.0,2.0,8,6,9
148624,4,2,1,15,2,3,0,1,1,1,2,36,2,2,0.0,0.0,0.0,0.0,0.0,2.0,5,5,10
16187,4,2,4,17,2,3,5,1,1,1,2,18,2,2,0.0,0.0,0.0,0.0,0.0,2.0,17,4,2
32447,16,2,3,10,2,3,0,1,1,1,1,19,3,2,0.0,0.0,0.0,0.0,0.0,4.0,16,6,3
49158,16,2,3,0,6,3,0,1,1,1,1,18,2,2,0.0,0.0,0.0,0.0,0.0,3.0,8,5,4
51868,16,2,1,17,3,3,0,1,0,0,2,18,2,3,2.0,0.0,0.0,2.0,0.0,2.0,9,5,4
169811,16,2,0,10,8,3,0,1,1,1,1,36,2,2,0.0,0.0,0.0,0.0,0.0,2.0,19,3,11
58544,16,2,3,15,10,3,0,1,1,1,2,19,2,2,0.0,0.0,0.0,0.0,0.0,2.0,6,1,5
34213,16,3,1,17,8,3,0,1,1,1,1,18,2,2,0.0,0.0,0.0,0.0,0.0,4.0,21,2,3
108656,16,2,3,10,6,3,0,1,1,1,2,36,2,2,0.0,0.0,0.0,0.0,0.0,3.0,16,6,8
69098,16,2,1,10,8,3,0,1,0,1,2,17,2,2,0.0,0.0,0.0,0.0,0.0,2.0,0,6,5
174846,15,11,5,10,6,3,5,5,1,1,2,36,2,2,0.0,0.0,0.0,0.0,0.0,3.0,18,5,12
104924,16,3,3,10,2,3,0,1,0,1,2,17,3,4,2.0,0.0,0.0,0.0,2.0,1.0,14,4,8
107629,16,11,1,15,5,3,0,1,1,1,1,28,2,2,0.0,0.0,0.0,0.0,0.0,2.0,21,2,8
4413,16,3,3,15,8,3,6,1,1,1,1,23,2,2,0.0,0.0,0.0,0.0,0.0,2.0,11,3,1
29456,15,2,1,0,8,3,0,1,0,1,2,36,2,2,0.0,0.0,0.0,0.0,0.0,2.0,22,5,3
167498,4,10,1,2,0,3,6,1,1,1,0,24,1,2,0.0,0.0,0.0,0.0,0.0,1.0,2,5,11
162877,15,2,3,0,8,3,0,1,0,1,2,18,2,4,1.0,0.0,0.0,0.0,1.0,1.0,15,2,11
184584,15,7,2,17,8,3,6,1,1,1,2,24,2,2,0.0,0.0,0.0,0.0,0.0,3.0,16,6,12
156363,16,4,1,17,8,3,6,1,1,1,1,24,2,2,0.0,0.0,0.0,0.0,0.0,3.0,6,5,11
17542,16,6,3,10,15,3,1,5,1,1,1,36,2,2,0.0,0.0,0.0,0.0,0.0,2.0,13,7,2
157033,16,2,1,10,8,3,0,1,1,1,2,19,2,2,0.0,0.0,0.0,0.0,0.0,2.0,0,7,11
125697,4,7,3,0,3,3,6,5,0,1,2,18,2,2,0.0,0.0,0.0,0.0,0.0,4.0,17,5,9
131184,16,2,3,0,2,3,0,1,1,1,2,6,2,2,0.0,0.0,0.0,0.0,0.0,2.0,7,5,9
1124,4,2,3,17,0,3,0,1,1,1,2,18,2,2,0.0,0.0,0.0,0.0,0.0,2.0,8,5,1
137247,16,2,3,9,18,3,0,1,0,1,2,18,2,3,1.0,0.0,0.0,1.0,0.0,1.0,16,4,9
17669,16,2,1,2,8,3,4,1,1,1,2,17,1,2,0.0,0.0,0.0,0.0,0.0,1.0,0,1,2
50577,16,3,3,17,15,3,0,1,1,1,1,35,2,2,0.0,0.0,0.0,0.0,0.0,2.0,10,3,4
87327,4,11,5,0,2,3,5,5,1,1,2,36,2,2,0.0,0.0,0.0,0.0,0.0,2.0,19,7,6
53059,4,2,3,17,2,3,0,1,0,1,2,18,2,3,1.0,0.0,0.0,1.0,0.0,5.0,8,4,4
149067,4,2,3,10,1,3,0,1,0,0,2,19,2,2,0.0,0.0,0.0,0.0,0.0,4.0,10,6,10
103102,15,2,1,0,2,3,0,1,1,1,0,5,2,2,0.0,0.0,0.0,0.0,0.0,3.0,22,5,7
46687,16,2,3,15,6,3,0,1,0,0,2,23,3,4,1.0,0.0,0.0,0.0,1.0,2.0,11,4,4
127672,15,2,3,0,6,3,0,1,0,1,2,36,3,3,1.0,0.0,0.0,1.0,0.0,2.0,14,6,9
168002,16,2,3,7,2,3,0,5,1,1,2,23,2,2,0.0,0.0,0.0,0.0,0.0,1.0,13,4,11
53251,16,2,3,17,6,3,0,1,0,1,2,24,2,2,0.0,0.0,0.0,0.0,0.0,2.0,16,2,4
30552,4,3,3,10,2,3,0,3,0,1,1,17,3,3,2.0,0.0,0.0,1.0,1.0,1.0,14,3,3
58390,16,2,1,17,6,3,0,1,0,1,2,23,2,0,2.0,1.0,1.0,0.0,0.0,3.0,1,1,5
165687,4,2,3,17,6,3,0,1,0,1,2,24,2,2,0.0,0.0,0.0,0.0,0.0,3.0,13,6,11
113461,16,11,5,10,6,3,5,5,1,1,2,36,2,2,0.0,0.0,0.0,0.0,0.0,2.0,23,6,8
75789,4,2,3,10,8,3,0,1,1,1,2,36,2,2,0.0,0.0,0.0,0.0,0.0,2.0,19,3,6
84823,16,2,3,9,2,3,0,1,0,1,2,39,2,4,1.0,0.0,0.0,0.0,1.0,1.0,8,3,6
59770,16,7,1,10,8,3,6,1,0,1,2,19,3,4,1.0,0.0,0.0,0.0,1.0,4.0,21,7,5
90758,16,2,3,17,6,3,0,1,0,1,1,6,2,2,0.0,0.0,0.0,0.0,0.0,3.0,12,4,7
48135,15,7,3,3,2,3,6,1,1,1,0,23,2,2,0.0,0.0,0.0,0.0,0.0,2.0,9,7,4
50729,16,2,3,15,2,3,0,1,1,1,2,23,2,2,0.0,0.0,0.0,0.0,0.0,2.0,7,4,4