crash_date,               traffic_control_device,weather_condition,lighting_condition,first_crash_type,trafficway_type,alignment,roadway_surface_cond,road_defect,crash_type,intersection_related_i,damage,prim_contributory_cause,num_units,most_severe_injury,injuries_total,injuries_fatal,injuries_incapacitating,injuries_non_incapacitating,injuries_reported_not_evident,injuries_no_indication,crash_hour,crash_day_of_week,crash_month
67221,16,2,3,10,3,3,0,1,1,1,1,36,2,2,0.0,0.0,0.0,0.0,0.0,4.0,7,5,5
72852,16,2,3,17,8,3,0,1,1,1,1,21,2,2,0.0,0.0,0.0,0.0,0.0,2.0,15,7,6
55160,16,7,3,10,2,3,6,5,1,1,0,19,2,2,0.0,0.0,0.0,0.0,0.0,2.0,7,2,4
21588,16,2,3,17,8,3,0,1,1,1,1,21,2,2,0.0,0.0,0.0,0.0,0.0,2.0,7,4,2
78466,15,2,3,17,15,3,0,1,0,1,2,24,2,2,0.0,0.0,0.0,0.0,0.0,2.0,15,1,6
103521,16,2,3,17,8,3,0,1,1,1,2,24,2,2,0.0,0.0,0.0,0.0,0.0,2.0,13,4,7
64431,16,2,3,15,10,3,0,1,1,1,2,18,2,2,0.0,0.0,0.0,0.0,0.0,2.0,16,4,5
63993,16,2,3,17,8,3,0,1,0,1,2,36,2,1,1.0,0.0,1.0,0.0,0.0,2.0,10,3,5
185180,16,2,3,17,6,3,0,1,1,1,2,36,2,2,0.0,0.0,0.0,0.0,0.0,3.0,7,2,12
134096,16,7,4,10,8,3,6,5,1,1,1,36,2,2,0.0,0.0,0.0,0.0,0.0,2.0,18,3,9
34339,16,10,2,10,3,3,4,5,1,1,1,39,2,2,0.0,0.0,0.0,0.0,0.0,2.0,6,3,3
156766,16,2,3,15,8,3,0,1,1,1,0,23,2,2,0.0,0.0,0.0,0.0,0.0,2.0,16,5,11
110927,16,2,1,17,8,3,0,1,1,1,1,24,2,2,0.0,0.0,0.0,0.0,0.0,2.0,0,2,8
46380,16,7,3,17,1,3,6,1,1,1,0,24,2,2,0.0,0.0,0.0,0.0,0.0,2.0,14,4,4
92165,15,2,3,0,9,3,0,1,0,1,2,36,2,1,1.0,0.0,1.0,0.0,0.0,3.0,14,6,7
124778,15,2,3,17,15,3,0,1,0,1,2,36,2,2,0.0,0.0,0.0,0.0,0.0,2.0,11,5,9
1857,4,11,5,8,6,3,5,5,0,1,2,36,2,3,1.0,0.0,0.0,1.0,0.0,1.0,18,5,1
112408,16,7,3,17,6,3,6,5,1,1,1,24,2,2,0.0,0.0,0.0,0.0,0.0,4.0,18,6,8
49718,16,2,3,7,6,3,0,1,1,1,1,36,2,2,0.0,0.0,0.0,0.0,0.0,2.0,16,2,4
131273,15,2,3,17,8,3,0,1,0,1,2,24,2,3,4.0,0.0,0.0,3.0,1.0,0.0,15,4,9
175424,15,2,1,17,6,3,0,1,0,1,2,36,5,4,2.0,0.0,0.0,0.0,2.0,2.0,0,6,12
47482,16,2,3,15,6,3,0,1,1,1,2,22,2,2,0.0,0.0,0.0,0.0,0.0,2.0,8,4,4
110349,16,2,1,9,8,3,0,5,0,1,2,36,2,3,1.0,0.0,0.0,1.0,0.0,1.0,22,2,8
58282,16,2,3,17,2,3,0,1,0,1,2,17,3,2,0.0,0.0,0.0,0.0,0.0,3.0,7,5,5
13118,16,2,1,10,8,3,6,1,1,1,1,19,2,2,0.0,0.0,0.0,0.0,0.0,3.0,20,4,1
82109,16,2,3,0,2,3,0,1,1,1,2,6,2,2,0.0,0.0,0.0,0.0,0.0,4.0,16,4,6
87734,4,2,3,15,6,3,0,1,1,1,2,18,2,2,0.0,0.0,0.0,0.0,0.0,2.0,16,1,6
91767,16,7,3,0,2,3,6,1,0,1,2,18,2,3,3.0,0.0,0.0,3.0,0.0,5.0,11,6,7
58157,4,7,3,3,8,3,6,1,0,1,2,17,3,4,1.0,0.0,0.0,0.0,1.0,1.0,10,3,5
143295,15,2,1,17,15,3,0,1,0,1,2,36,2,4,1.0,0.0,0.0,0.0,1.0,2.0,18,5,10
8575,15,2,1,0,6,3,0,5,0,1,2,18,2,2,0.0,0.0,0.0,0.0,0.0,2.0,19,6,1
166603,15,2,1,0,6,3,0,1,0,1,2,18,2,2,0.0,0.0,0.0,0.0,0.0,2.0,1,4,11
47910,16,2,3,15,2,3,0,1,1,0,2,36,2,2,0.0,0.0,0.0,0.0,0.0,3.0,14,5,4
127439,15,2,1,0,18,3,0,1,0,1,2,17,2,2,0.0,0.0,0.0,0.0,0.0,2.0,2,1,9
102794,16,2,3,0,8,3,0,1,0,1,2,35,3,3,2.0,0.0,0.0,2.0,0.0,36.0,10,7,7
186217,15,2,3,9,8,3,0,1,1,1,0,36,2,2,0.0,0.0,0.0,0.0,0.0,2.0,11,5,12
124590,16,2,3,8,19,3,0,1,0,0,1,18,2,3,1.0,0.0,0.0,1.0,0.0,1.0,16,3,9
84260,15,2,3,0,8,3,0,1,0,1,2,36,2,1,3.0,0.0,3.0,0.0,0.0,1.0,7,1,6
144621,16,11,1,10,2,3,5,5,1,1,1,36,2,2,0.0,0.0,0.0,0.0,0.0,2.0,21,5,10
46410,16,2,3,17,8,3,0,1,0,1,2,24,2,2,0.0,0.0,0.0,0.0,0.0,2.0,8,4,4
135838,17,2,4,17,8,3,0,5,1,1,1,26,2,2,0.0,0.0,0.0,0.0,0.0,2.0,21,6,9
162353,16,2,1,5,3,3,0,1,0,1,2,36,1,3,2.0,0.0,0.0,1.0,1.0,0.0,0,1,11
1963,16,2,3,17,10,3,0,1,1,1,0,24,2,2,0.0,0.0,0.0,0.0,0.0,2.0,15,5,1
187557,4,10,4,15,8,3,4,1,1,1,2,18,2,2,0.0,0.0,0.0,0.0,0.0,2.0,15,6,12
168803,16,2,1,10,2,3,0,1,0,1,0,17,2,4,1.0,0.0,0.0,0.0,1.0,1.0,23,1,11
187974,4,7,3,7,8,3,6,1,1,1,2,36,2,2,0.0,0.0,0.0,0.0,0.0,1.0,10,6,12
84383,4,2,3,13,10,3,0,1,1,0,2,36,2,2,0.0,0.0,0.0,0.0,0.0,2.0,16,4,6
155189,16,2,3,0,8,3,0,1,1,1,2,18,2,2,0.0,0.0,0.0,0.0,0.0,3.0,15,4,10
68721,16,2,1,15,8,3,0,1,1,1,1,23,2,2,0.0,0.0,0.0,0.0,0.0,5.0,21,7,5
178166,4,2,3,17,8,3,0,1,1,1,1,36,2,2,0.0,0.0,0.0,0.0,0.0,5.0,8,2,12
83983,4,2,3,15,8,3,0,1,0,1,2,36,3,3,2.0,0.0,0.0,1.0,1.0,3.0,11,4,6
29064,16,2,1,0,2,3,0,1,1,1,2,6,2,2,0.0,0.0,0.0,0.0,0.0,3.0,19,5,3
121512,16,2,3,10,2,3,0,1,1,0,1,22,2,2,0.0,0.0,0.0,0.0,0.0,3.0,15,7,9
166691,16,2,1,15,2,3,0,1,0,1,2,22,3,2,0.0,0.0,0.0,0.0,0.0,6.0,19,6,11
122273,15,2,3,8,8,3,0,1,0,1,1,18,2,3,1.0,0.0,0.0,1.0,0.0,1.0,14,3,9
40788,15,2,3,0,8,3,0,1,0,1,2,18,2,2,0.0,0.0,0.0,0.0,0.0,7.0,18,1,3
85208,15,2,3,0,3,3,0,1,1,1,2,18,2,2,0.0,0.0,0.0,0.0,0.0,2.0,16,2,6
133750,15,2,3,15,8,3,0,1,1,1,2,38,2,2,0.0,0.0,0.0,0.0,0.0,2.0,7,3,9
64562,15,2,3,15,10,3,0,1,1,1,0,36,2,2,0.0,0.0,0.0,0.0,0.0,2.0,2,5,5
39921,16,7,1,17,2,3,6,1,1,1,1,24,2,2,0.0,0.0,0.0,0.0,0.0,2.0,1,6,3
8217,15,2,0,7,11,3,0,5,1,1,2,5,4,2,0.0,0.0,0.0,0.0,0.0,2.0,19,5,1
38589,15,2,3,0,8,3,0,1,0,1,2,38,2,3,1.0,0.0,0.0,1.0,0.0,1.0,8,7,3
26304,16,2,3,17,2,3,0,1,0,1,2,18,2,3,1.0,0.0,0.0,1.0,0.0,1.0,8,2,2
43860,16,2,3,10,10,3,0,1,1,1,0,19,2,2,0.0,0.0,0.0,0.0,0.0,2.0,14,1,4
185924,16,2,1,17,6,3,4,1,1,1,0,36,2,2,0.0,0.0,0.0,0.0,0.0,2.0,19,1,12
159211,16,2,3,10,2,3,0,1,1,1,1,36,2,2,0.0,0.0,0.0,0.0,0.0,2.0,14,3,11
80380,4,2,3,7,8,3,0,1,1,1,0,36,2,2,0.0,0.0,0.0,0.0,0.0,1.0,10,1,6
154828,16,2,1,17,6,3,0,1,1,1,1,24,2,2,0.0,0.0,0.0,0.0,0.0,2.0,22,7,10
98800,17,2,3,15,8,3,5,5,1,1,1,36,2,2,0.0,0.0,0.0,0.0,0.0,2.0,18,1,7
103966,16,2,3,17,2,3,0,1,1,1,1,18,2,2,0.0,0.0,0.0,0.0,0.0,2.0,17,3,8
30237,10,2,3,0,2,4,0,1,0,1,2,18,2,4,1.0,0.0,0.0,0.0,1.0,2.0,7,5,3
87365,15,2,3,10,2,3,0,5,0,1,0,19,2,4,1.0,0.0,0.0,0.0,1.0,1.0,12,7,6
175432,4,2,3,7,12,3,0,1,1,0,2,26,2,2,0.0,0.0,0.0,0.0,0.0,1.0,8,2,12
99619,16,2,3,0,6,3,0,5,1,1,1,12,2,2,0.0,0.0,0.0,0.0,0.0,2.0,17,1,7
92322,4,2,3,17,8,3,0,1,1,1,2,36,2,2,0.0,0.0,0.0,0.0,0.0,2.0,20,1,7
188082,4,2,3,17,8,3,4,1,0,1,2,17,2,2,0.0,0.0,0.0,0.0,0.0,2.0,14,7,12
52451,16,2,1,17,2,3,0,1,0,1,2,18,2,3,2.0,0.0,0.0,2.0,0.0,1.0,21,1,4
140035,15,7,3,9,8,3,6,1,0,1,0,5,2,3,1.0,0.0,0.0,1.0,0.0,1.0,11,6,10
55579,16,2,3,17,8,3,5,5,1,1,1,36,2,2,0.0,0.0,0.0,0.0,0.0,2.0,16,2,4
20792,16,2,0,10,6,3,5,5,1,1,2,36,2,2,0.0,0.0,0.0,0.0,0.0,2.0,20,5,2
178792,15,2,3,7,10,3,0,1,1,1,2,36,2,2,0.0,0.0,0.0,0.0,0.0,1.0,16,5,12
184785,15,2,3,10,11,3,0,1,1,1,1,36,2,2,0.0,0.0,0.0,0.0,0.0,2.0,12,7,12
44996,15,2,3,15,10,3,0,1,1,1,0,36,2,2,0.0,0.0,0.0,0.0,0.0,2.0,18,7,4
162083,15,2,3,0,8,3,4,1,1,1,0,36,2,2,0.0,0.0,0.0,0.0,0.0,2.0,11,3,11
180358,4,2,3,17,8,3,5,5,1,1,1,24,2,2,0.0,0.0,0.0,0.0,0.0,2.0,12,1,12
126579,15,11,3,17,6,3,0,1,1,1,2,18,2,2,0.0,0.0,0.0,0.0,0.0,2.0,12,4,9
22656,15,2,1,0,8,3,0,1,0,1,2,17,2,3,1.0,0.0,0.0,1.0,0.0,1.0,3,1,2
8621,16,2,4,10,3,3,0,1,0,1,2,17,4,2,0.0,0.0,0.0,0.0,0.0,4.0,16,4,1
75111,4,2,3,10,8,3,0,1,1,1,2,36,3,2,0.0,0.0,0.0,0.0,0.0,4.0,16,6,6
89687,16,2,3,17,8,3,5,1,1,1,1,24,2,2,0.0,0.0,0.0,0.0,0.0,2.0,16,2,7
78447,16,2,1,14,6,3,0,1,1,1,2,24,2,2,0.0,0.0,0.0,0.0,0.0,2.0,11,7,6
139923,16,2,3,17,2,3,0,1,1,1,2,6,3,2,0.0,0.0,0.0,0.0,0.0,3.0,7,5,10
6082,16,2,3,17,2,3,0,1,1,1,1,6,2,2,0.0,0.0,0.0,0.0,0.0,4.0,12,7,1
85609,15,2,3,0,2,3,0,1,1,1,2,36,2,2,0.0,0.0,0.0,0.0,0.0,2.0,10,1,6
180684,16,2,1,0,6,3,0,1,0,1,2,6,2,4,4.0,0.0,0.0,0.0,4.0,0.0,23,1,12
174715,16,2,3,10,2,3,0,5,1,1,2,36,2,2,0.0,0.0,0.0,0.0,0.0,2.0,7,2,12
58532,16,2,3,0,8,3,0,1,0,1,2,6,2,3,1.0,0.0,0.0,1.0,0.0,1.0,16,1,5
71450,16,2,3,17,8,3,0,1,1,1,2,18,2,2,0.0,0.0,0.0,0.0,0.0,2.0,9,1,5
174733,4,2,1,7,10,3,0,1,1,0,2,36,2,2,0.0,0.0,0.0,0.0,0.0,1.0,23,2,12
118267,16,2,1,17,2,3,0,1,1,1,0,23,2,2,0.0,0.0,0.0,0.0,0.0,3.0,0,1,8
170083,16,2,1,7,15,3,0,1,1,1,2,36,2,2,0.0,0.0,0.0,0.0,0.0,1.0,20,3,11
8083,16,7,0,10,8,3,6,1,1,1,2,16,2,2,0.0,0.0,0.0,0.0,0.0,2.0,5,3,1
125587,16,2,3,15,10,3,0,1,1,1,0,23,2,2,0.0,0.0,0.0,0.0,0.0,2.0,8,2,9
148174,16,7,3,17,8,3,6,1,1,1,2,39,2,2,0.0,0.0,0.0,0.0,0.0,2.0,12,6,10
37609,16,2,3,17,10,3,0,1,1,1,0,18,2,2,0.0,0.0,0.0,0.0,0.0,2.0,12,3,3
98426,15,3,3,7,8,3,5,1,0,0,2,8,2,2,0.0,0.0,0.0,0.0,0.0,1.0,12,3,7
170799,16,3,4,17,8,3,6,1,0,1,2,36,2,2,0.0,0.0,0.0,0.0,0.0,2.0,19,5,11
34639,15,2,3,0,6,3,0,1,1,1,2,12,2,2,0.0,0.0,0.0,0.0,0.0,2.0,9,2,3
988,16,2,3,15,3,3,0,5,1,0,0,36,2,2,0.0,0.0,0.0,0.0,0.0,2.0,16,3,1
96422,16,2,3,17,6,3,6,2,0,1,2,24,2,3,2.0,0.0,0.0,2.0,0.0,0.0,20,1,7
44182,16,7,1,17,13,3,6,1,1,1,2,36,2,2,0.0,0.0,0.0,0.0,0.0,4.0,21,5,4
12224,16,2,3,0,8,3,0,1,1,1,2,6,2,2,0.0,0.0,0.0,0.0,0.0,2.0,8,3,1
29206,16,2,1,10,17,3,0,1,1,1,1,15,3,2,0.0,0.0,0.0,0.0,0.0,3.0,4,7,3
149450,15,2,3,0,8,3,0,1,1,1,2,36,2,2,0.0,0.0,0.0,0.0,0.0,2.0,15,5,10
19435,16,2,1,10,8,3,0,1,1,1,2,19,2,2,0.0,0.0,0.0,0.0,0.0,2.0,5,4,2
173280,15,2,1,17,8,3,0,1,0,1,1,24,2,2,0.0,0.0,0.0,0.0,0.0,3.0,5,1,12
31219,15,2,1,10,8,3,0,5,1,1,0,19,2,2,0.0,0.0,0.0,0.0,0.0,5.0,18,1,3
3216,16,2,3,17,10,3,5,5,1,1,2,36,2,2,0.0,0.0,0.0,0.0,0.0,2.0,17,6,1
109132,4,2,3,2,8,3,6,2,1,0,2,39,1,2,0.0,0.0,0.0,0.0,0.0,1.0,17,5,8
139274,16,2,3,8,6,3,0,1,0,1,0,36,2,4,1.0,0.0,0.0,0.0,1.0,2.0,16,5,10
162752,15,2,3,10,8,3,5,5,1,1,1,23,2,2,0.0,0.0,0.0,0.0,0.0,3.0,12,6,11
75132,16,2,3,17,2,3,0,1,1,1,2,24,2,2,0.0,0.0,0.0,0.0,0.0,2.0,7,6,6
152974,4,2,1,11,8,3,0,1,1,1,2,21,2,2,0.0,0.0,0.0,0.0,0.0,3.0,20,1,10
150121,16,2,3,0,6,3,0,1,1,1,2,6,2,2,0.0,0.0,0.0,0.0,0.0,2.0,14,7,10
9317,16,2,3,10,8,3,4,1,0,1,2,36,2,2,0.0,0.0,0.0,0.0,0.0,2.0,7,1,1
61461,16,2,1,17,6,3,0,5,0,1,2,18,2,3,1.0,0.0,0.0,1.0,0.0,4.0,22,5,5
183381,16,2,1,2,15,3,0,1,0,1,2,17,1,3,1.0,0.0,0.0,1.0,0.0,0.0,0,2,12
29453,4,2,3,17,8,3,0,1,1,1,2,23,2,2,0.0,0.0,0.0,0.0,0.0,2.0,8,5,3
127917,16,2,3,15,8,3,0,1,1,1,2,18,2,2,0.0,0.0,0.0,0.0,0.0,4.0,14,7,9
36473,16,7,2,17,8,3,6,1,1,1,1,18,2,2,0.0,0.0,0.0,0.0,0.0,2.0,7,5,3
107511,15,2,3,0,6,3,0,1,1,1,2,18,2,2,0.0,0.0,0.0,0.0,0.0,2.0,10,7,8
110949,16,2,3,0,2,3,5,5,1,1,2,21,2,2,0.0,0.0,0.0,0.0,0.0,2.0,17,3,8
50520,15,2,3,17,8,3,0,1,1,1,2,24,2,2,0.0,0.0,0.0,0.0,0.0,2.0,12,2,4
160391,4,10,3,17,8,3,6,1,0,1,2,18,2,2,0.0,0.0,0.0,0.0,0.0,3.0,8,6,11
34107,16,2,1,17,6,3,0,5,0,1,1,6,2,2,0.0,0.0,0.0,0.0,0.0,2.0,0,7,3
36997,16,7,4,10,2,3,6,1,1,1,2,19,2,2,0.0,0.0,0.0,0.0,0.0,2.0,19,7,3
165512,16,2,2,17,8,3,0,1,1,1,2,24,2,2,0.0,0.0,0.0,0.0,0.0,2.0,16,2,11
121309,15,2,3,0,2,3,0,1,0,1,2,36,2,2,0.0,0.0,0.0,0.0,0.0,5.0,17,4,9
1043,16,2,1,10,3,3,1,1,1,1,1,19,3,2,0.0,0.0,0.0,0.0,0.0,3.0,18,4,1
80733,16,2,3,15,8,3,0,1,1,0,2,12,2,2,0.0,0.0,0.0,0.0,0.0,2.0,17,6,6
71025,4,2,3,9,4,3,0,1,1,1,2,36,2,2,0.0,0.0,0.0,0.0,0.0,2.0,15,3,5
145043,16,2,1,0,6,3,0,1,1,1,2,36,2,2,0.0,0.0,0.0,0.0,0.0,3.0,23,5,10
54941,15,2,1,0,8,3,0,1,1,1,1,17,2,2,0.0,0.0,0.0,0.0,0.0,2.0,23,6,4
55250,4,2,1,5,8,3,0,3,1,1,2,26,1,2,0.0,0.0,0.0,0.0,0.0,1.0,15,5,4
95530,15,2,3,0,8,3,0,1,0,1,2,5,3,2,0.0,0.0,0.0,0.0,0.0,2.0,6,7,7
18888,15,2,1,9,8,3,0,1,0,1,2,26,2,3,1.0,0.0,0.0,1.0,0.0,1.0,23,7,2
145693,4,7,3,17,15,3,6,1,1,1,2,18,2,2,0.0,0.0,0.0,0.0,0.0,2.0,12,7,10
45727,4,2,3,17,15,3,0,1,1,1,2,21,2,2,0.0,0.0,0.0,0.0,0.0,2.0,23,7,4
43259,16,2,1,17,3,3,0,1,1,1,1,36,2,2,0.0,0.0,0.0,0.0,0.0,2.0,1,4,4
12834,16,7,3,17,8,3,6,1,1,1,2,36,2,2,0.0,0.0,0.0,0.0,0.0,3.0,14,6,1
98721,16,2,3,10,2,3,0,1,1,1,1,19,2,2,0.0,0.0,0.0,0.0,0.0,3.0,19,6,7
109000,16,2,3,0,2,3,0,1,0,1,2,36,2,1,2.0,0.0,1.0,1.0,0.0,0.0,11,2,8
44881,15,2,3,7,15,3,0,1,1,1,2,36,2,2,0.0,0.0,0.0,0.0,0.0,1.0,6,7,4
7486,15,2,3,17,11,3,6,1,0,0,2,24,2,3,1.0,0.0,0.0,1.0,0.0,2.0,12,2,1
172543,15,2,3,0,6,3,0,1,0,1,2,36,2,3,5.0,0.0,0.0,5.0,0.0,0.0,8,5,12
186777,16,4,3,2,6,3,6,5,0,1,2,36,1,4,2.0,0.0,0.0,0.0,2.0,0.0,10,2,12
101647,16,2,3,10,3,3,0,1,1,1,0,19,2,2,0.0,0.0,0.0,0.0,0.0,2.0,19,4,7
73518,16,7,3,0,8,4,6,1,1,1,2,17,2,2,0.0,0.0,0.0,0.0,0.0,2.0,11,3,6
67375,15,2,1,17,6,3,0,1,0,1,2,18,2,4,1.0,0.0,0.0,0.0,1.0,1.0,20,1,5
41621,16,2,3,17,2,3,0,1,1,1,1,36,2,2,0.0,0.0,0.0,0.0,0.0,2.0,12,3,3
160913,16,7,1,17,8,3,6,1,0,1,2,18,2,2,0.0,0.0,0.0,0.0,0.0,2.0,22,6,11
64828,15,7,3,8,2,3,6,1,0,1,2,8,2,3,1.0,0.0,0.0,1.0,0.0,1.0,18,3,5
91260,16,2,3,10,3,3,0,1,0,0,2,17,6,4,1.0,0.0,0.0,0.0,1.0,8.0,9,5,7
153445,16,2,3,0,8,3,0,1,0,1,2,36,2,2,0.0,0.0,0.0,0.0,0.0,3.0,10,7,10
82505,16,11,5,0,6,3,5,5,1,1,2,36,2,2,0.0,0.0,0.0,0.0,0.0,2.0,17,3,6
157660,15,2,3,9,6,3,0,1,0,1,0,5,2,3,1.0,0.0,0.0,1.0,0.0,1.0,13,4,11
43425,16,2,1,17,8,3,0,1,0,1,2,24,2,3,2.0,0.0,0.0,1.0,1.0,1.0,22,7,4
117609,16,2,1,10,6,3,0,1,1,1,1,19,2,2,0.0,0.0,0.0,0.0,0.0,2.0,17,7,8
24493,16,2,3,10,8,3,0,1,1,1,0,36,2,2,0.0,0.0,0.0,0.0,0.0,2.0,13,5,2
139831,15,3,3,0,6,3,6,1,1,1,1,36,2,2,0.0,0.0,0.0,0.0,0.0,6.0,8,6,10
42130,16,11,5,17,3,3,5,5,1,1,2,22,2,2,0.0,0.0,0.0,0.0,0.0,2.0,15,6,3
65361,17,2,3,15,17,3,0,5,1,1,2,36,2,2,0.0,0.0,0.0,0.0,0.0,2.0,13,5,5
5220,16,2,0,17,6,3,0,1,0,1,2,18,2,3,2.0,0.0,0.0,2.0,0.0,0.0,21,3,1
101222,16,2,1,15,15,3,0,1,1,1,2,23,2,2,0.0,0.0,0.0,0.0,0.0,2.0,22,6,7
4555,16,7,1,17,15,3,6,1,1,1,2,6,2,2,0.0,0.0,0.0,0.0,0.0,2.0,18,6,1
77549,17,2,3,9,9,3,0,5,0,1,2,10,2,3,1.0,0.0,0.0,1.0,0.0,1.0,15,3,6
63129,15,2,3,17,2,3,0,1,1,1,2,18,2,2,0.0,0.0,0.0,0.0,0.0,4.0,8,2,5
155261,15,10,3,10,6,3,6,1,1,1,2,17,3,2,0.0,0.0,0.0,0.0,0.0,6.0,13,5,10
150635,16,7,3,10,8,3,6,1,1,1,2,39,2,2,0.0,0.0,0.0,0.0,0.0,2.0,10,6,10
39385,16,2,1,17,8,3,0,1,0,1,2,26,2,4,2.0,0.0,0.0,0.0,2.0,1.0,19,1,3
152917,16,2,3,15,8,3,0,1,1,1,1,23,2,2,0.0,0.0,0.0,0.0,0.0,2.0,8,7,10
75415,16,2,1,0,6,3,0,1,0,1,2,6,2,1,1.0,0.0,1.0,0.0,0.0,1.0,23,4,6
62967,16,2,3,0,6,3,0,1,0,1,2,6,2,4,1.0,0.0,0.0,0.0,1.0,2.0,11,7,5
179681,15,2,1,0,8,3,0,1,0,1,2,18,2,2,0.0,0.0,0.0,0.0,0.0,3.0,16,7,12
90010,4,2,3,7,10,3,0,1,1,1,0,24,6,2,0.0,0.0,0.0,0.0,0.0,1.0,12,6,7
78913,16,2,3,10,8,3,0,1,0,1,2,19,3,1,1.0,0.0,1.0,0.0,0.0,3.0,8,6,6
50073,16,2,0,17,6,3,0,1,0,1,2,18,2,2,0.0,0.0,0.0,0.0,0.0,3.0,20,1,4
120180,16,2,1,17,8,3,0,1,0,1,2,23,2,2,0.0,0.0,0.0,0.0,0.0,4.0,19,2,8
117904,16,2,3,17,8,3,0,1,0,1,2,22,3,4,1.0,0.0,0.0,0.0,1.0,1.0,15,5,8
67450,16,2,3,17,6,3,0,1,0,1,2,36,2,3,1.0,0.0,0.0,1.0,0.0,2.0,13,3,5
71905,16,2,3,17,8,3,0,1,0,1,1,18,2,2,0.0,0.0,0.0,0.0,0.0,3.0,13,7,6
19397,16,2,3,17,8,3,0,1,1,1,1,19,2,2,0.0,0.0,0.0,0.0,0.0,2.0,8,2,2
6990,15,11,5,17,2,3,5,5,1,1,0,18,2,2,0.0,0.0,0.0,0.0,0.0,2.0,15,3,1
188470,15,2,3,17,8,3,5,5,1,1,1,18,2,2,0.0,0.0,0.0,0.0,0.0,3.0,10,7,12
1573,16,2,3,10,8,3,0,1,1,1,2,36,2,2,0.0,0.0,0.0,0.0,0.0,2.0,16,6,1
59215,4,2,3,17,8,3,0,1,0,1,0,23,2,2,0.0,0.0,0.0,0.0,0.0,2.0,15,6,5
41635,15,7,3,0,6,3,6,1,0,1,2,36,2,2,0.0,0.0,0.0,0.0,0.0,2.0,14,4,3
19173,15,2,3,10,6,3,0,1,1,1,2,5,2,2,0.0,0.0,0.0,0.0,0.0,4.0,15,6,2
104440,16,2,1,17,6,3,0,1,1,1,2,19,2,2,0.0,0.0,0.0,0.0,0.0,4.0,0,3,8
93450,16,3,3,10,8,3,6,1,1,1,1,19,2,2,0.0,0.0,0.0,0.0,0.0,5.0,13,4,7
106375,16,2,3,10,8,3,0,5,1,1,1,19,2,2,0.0,0.0,0.0,0.0,0.0,2.0,8,4,8
183530,16,2,5,15,3,3,5,5,1,1,1,17,2,2,0.0,0.0,0.0,0.0,0.0,2.0,17,6,12
85839,15,2,3,0,13,3,0,1,0,1,2,36,2,3,1.0,0.0,0.0,1.0,0.0,1.0,12,4,6
5235,15,2,3,17,2,3,0,1,0,1,2,18,2,4,1.0,0.0,0.0,0.0,1.0,1.0,12,3,1
108340,16,2,3,15,8,3,0,1,1,1,2,36,2,2,0.0,0.0,0.0,0.0,0.0,3.0,12,5,8
1245,16,3,1,10,3,3,0,1,0,1,2,17,3,3,1.0,0.0,0.0,1.0,0.0,4.0,21,1,1
174222,17,2,5,0,6,3,5,5,1,1,2,36,2,2,0.0,0.0,0.0,0.0,0.0,2.0,15,4,12
62074,16,7,1,10,2,3,6,1,1,1,2,19,2,2,0.0,0.0,0.0,0.0,0.0,3.0,20,6,5
66594,16,2,3,17,3,3,0,1,1,1,1,18,2,2,0.0,0.0,0.0,0.0,0.0,3.0,19,3,5
47973,4,2,1,10,8,3,0,1,1,0,2,17,2,2,0.0,0.0,0.0,0.0,0.0,2.0,2,7,4
96682,15,2,3,17,2,3,0,1,0,1,2,18,2,2,0.0,0.0,0.0,0.0,0.0,4.0,12,4,7
57183,15,2,3,0,6,3,0,1,0,1,2,18,2,3,2.0,0.0,0.0,2.0,0.0,1.0,18,1,5
60429,16,2,3,10,6,3,0,1,1,1,2,19,2,2,0.0,0.0,0.0,0.0,0.0,2.0,9,3,5
6433,15,2,3,17,15,3,0,5,1,1,1,24,2,2,0.0,0.0,0.0,0.0,0.0,2.0,12,7,1
130193,16,2,0,8,10,3,0,1,0,1,2,18,2,3,1.0,0.0,0.0,1.0,0.0,1.0,19,3,9
158363,16,2,1,15,8,3,0,1,1,1,1,18,2,2,0.0,0.0,0.0,0.0,0.0,2.0,19,6,11
146683,16,2,3,15,10,3,5,5,1,1,2,22,2,2,0.0,0.0,0.0,0.0,0.0,2.0,12,7,10
85587,16,2,3,0,6,3,0,1,0,1,2,6,2,2,0.0,0.0,0.0,0.0,0.0,3.0,18,1,6
2009,16,2,1,17,8,3,0,1,1,1,2,12,2,2,0.0,0.0,0.0,0.0,0.0,2.0,17,6,1
176683,16,2,0,17,8,3,0,4,0,1,2,36,2,2,0.0,0.0,0.0,0.0,0.0,2.0,17,2,12
1587,15,2,1,0,12,3,0,1,0,1,2,5,2,2,0.0,0.0,0.0,0.0,0.0,2.0,19,6,1
43964,16,2,1,17,6,3,0,1,0,1,2,6,2,2,0.0,0.0,0.0,0.0,0.0,2.0,22,2,4
105579,15,2,1,7,8,3,5,1,1,1,1,36,2,2,0.0,0.0,0.0,0.0,0.0,1.0,0,7,8
31671,4,2,0,0,8,3,0,1,0,1,2,36,2,2,0.0,0.0,0.0,0.0,0.0,3.0,21,2,3
161225,16,2,1,0,16,3,0,1,0,1,2,18,2,2,0.0,0.0,0.0,0.0,0.0,2.0,4,6,11
140024,15,7,1,0,8,3,6,1,0,1,2,36,2,2,0.0,0.0,0.0,0.0,0.0,3.0,22,6,10
52779,15,7,3,0,8,3,6,1,0,1,2,5,2,1,1.0,0.0,1.0,0.0,0.0,1.0,13,1,4