crash_date,               traffic_control_device,weather_condition,lighting_condition,first_crash_type,trafficway_type,alignment,roadway_surface_cond,road_defect,crash_type,intersection_related_i,damage,prim_contributory_cause,num_units,most_severe_injury,injuries_total,injuries_fatal,injuries_incapacitating,injuries_non_incapacitating,injuries_reported_not_evident,injuries_no_indication,crash_hour,crash_day_of_week,crash_month
18969,16,2,3,17,6,3,0,1,0,1,1,18,2,2,0.0,0.0,0.0,0.0,0.0,2.0,15,3,2
132815,4,2,3,17,8,3,0,1,0,1,1,22,2,3,1.0,0.0,0.0,1.0,0.0,1.0,16,5,9
88759,16,2,3,0,6,3,0,1,0,1,2,36,2,2,0.0,0.0,0.0,0.0,0.0,3.0,19,3,7
163194,16,2,3,10,10,3,0,1,1,1,2,19,2,2,0.0,0.0,0.0,0.0,0.0,2.0,8,5,11
72813,16,2,1,0,3,3,0,1,0,1,2,6,2,3,2.0,0.0,0.0,2.0,0.0,0.0,11,1,6
99832,16,2,3,0,6,3,0,1,0,1,2,6,3,4,1.0,0.0,0.0,0.0,1.0,1.0,13,4,7
34622,16,2,1,10,2,3,0,1,1,1,2,19,2,2,0.0,0.0,0.0,0.0,0.0,2.0,18,2,3
40707,15,2,3,17,8,3,0,1,1,1,2,24,2,2,0.0,0.0,0.0,0.0,0.0,3.0,8,5,3
87850,16,2,1,10,8,3,0,1,1,1,0,6,2,2,0.0,0.0,0.0,0.0,0.0,2.0,4,1,7
9853,16,2,3,17,10,3,0,5,1,1,1,22,2,2,0.0,0.0,0.0,0.0,0.0,2.0,16,5,1
105604,4,2,3,15,8,3,0,1,1,1,2,21,2,2,0.0,0.0,0.0,0.0,0.0,2.0,23,5,8
139947,16,7,1,10,1,3,6,5,1,1,1,19,2,2,0.0,0.0,0.0,0.0,0.0,2.0,23,5,10
120370,16,2,3,0,6,3,0,1,1,1,2,22,2,2,0.0,0.0,0.0,0.0,0.0,3.0,18,5,8
48399,4,2,3,0,15,3,0,1,0,1,2,11,2,2,0.0,0.0,0.0,0.0,0.0,3.0,15,6,4
136816,16,2,1,15,1,3,0,1,0,1,2,17,2,4,2.0,0.0,0.0,0.0,2.0,1.0,22,4,9
66179,4,3,3,17,8,3,5,5,1,1,2,24,2,2,0.0,0.0,0.0,0.0,0.0,3.0,15,3,5
185785,15,2,3,17,2,3,0,5,1,1,2,36,2,2,0.0,0.0,0.0,0.0,0.0,2.0,15,4,12
144934,16,2,3,17,6,3,0,1,0,1,2,36,2,2,0.0,0.0,0.0,0.0,0.0,2.0,7,4,10
54493,16,2,3,10,8,3,0,1,0,0,2,19,2,2,0.0,0.0,0.0,0.0,0.0,4.0,8,7,4
68462,16,7,2,10,10,3,6,1,1,1,2,19,2,2,0.0,0.0,0.0,0.0,0.0,3.0,11,4,5
39974,16,3,3,17,10,3,0,1,1,1,2,36,2,2,0.0,0.0,0.0,0.0,0.0,2.0,13,7,3
29909,16,2,3,10,8,3,0,1,1,1,1,19,2,2,0.0,0.0,0.0,0.0,0.0,2.0,9,6,3
2089,16,2,3,10,8,3,0,1,1,0,1,36,3,2,0.0,0.0,0.0,0.0,0.0,3.0,18,7,1
109504,15,2,1,7,8,3,0,1,1,1,1,36,2,2,0.0,0.0,0.0,0.0,0.0,1.0,21,3,8
177355,16,2,3,10,2,3,0,1,1,1,2,19,2,2,0.0,0.0,0.0,0.0,0.0,2.0,15,5,12
80207,4,2,3,17,8,3,0,1,0,1,2,18,2,2,0.0,0.0,0.0,0.0,0.0,5.0,16,5,6
122219,16,2,1,17,2,3,0,1,1,1,0,24,2,2,0.0,0.0,0.0,0.0,0.0,2.0,19,1,9
96599,15,2,3,0,2,3,0,5,0,1,2,18,2,3,2.0,0.0,0.0,2.0,0.0,1.0,17,3,7
42191,4,2,3,7,10,3,0,1,0,0,2,21,2,2,0.0,0.0,0.0,0.0,0.0,2.0,11,6,3
107270,15,2,3,0,10,3,6,5,0,1,2,18,2,2,0.0,0.0,0.0,0.0,0.0,2.0,18,3,8
116654,16,2,1,17,18,3,0,1,1,1,2,36,2,2,0.0,0.0,0.0,0.0,0.0,2.0,23,7,8
28753,16,2,1,0,10,3,0,1,0,1,2,36,2,3,1.0,0.0,0.0,1.0,0.0,2.0,18,6,3
165916,16,2,1,17,8,3,0,1,1,1,0,36,2,2,0.0,0.0,0.0,0.0,0.0,2.0,17,5,11
152559,16,2,0,15,8,3,0,1,1,1,2,22,2,2,0.0,0.0,0.0,0.0,0.0,2.0,21,3,10
35212,16,2,3,10,8,3,0,1,1,1,2,19,2,2,0.0,0.0,0.0,0.0,0.0,3.0,8,4,3
5239,15,2,3,9,8,3,0,1,1,1,0,36,2,2,0.0,0.0,0.0,0.0,0.0,2.0,13,4,1
90465,16,2,3,0,2,3,0,1,0,1,2,18,2,3,1.0,0.0,0.0,1.0,0.0,1.0,17,6,7
23431,15,2,3,0,8,3,0,5,0,1,1,22,2,2,0.0,0.0,0.0,0.0,0.0,4.0,15,1,2
83344,4,2,4,2,3,3,6,1,0,1,1,37,2,1,1.0,0.0,1.0,0.0,0.0,1.0,17,2,6
125588,16,2,1,0,11,3,0,1,1,1,2,6,2,2,0.0,0.0,0.0,0.0,0.0,2.0,20,2,9
105505,16,2,4,10,6,3,0,1,1,1,0,36,2,2,0.0,0.0,0.0,0.0,0.0,3.0,21,5,8
168151,16,7,1,17,8,3,0,1,1,1,2,24,2,2,0.0,0.0,0.0,0.0,0.0,2.0,20,4,11
102018,15,2,3,0,6,3,0,1,1,1,1,18,2,2,0.0,0.0,0.0,0.0,0.0,5.0,16,3,7
162762,16,2,1,0,2,3,0,1,0,1,2,6,2,4,1.0,0.0,0.0,0.0,1.0,1.0,2,7,11
98434,16,2,3,10,8,3,0,5,1,1,2,19,2,2,0.0,0.0,0.0,0.0,0.0,2.0,13,4,7
42887,16,4,3,0,8,3,0,1,0,1,2,6,2,3,3.0,0.0,0.0,3.0,0.0,0.0,6,5,4
88161,16,2,1,0,6,3,0,1,0,1,2,6,2,3,2.0,0.0,0.0,2.0,0.0,0.0,1,7,7
95542,16,2,4,0,8,3,0,1,0,1,2,6,5,3,1.0,0.0,0.0,1.0,0.0,2.0,1,1,7
126684,16,2,3,10,8,3,0,1,1,1,1,19,2,2,0.0,0.0,0.0,0.0,0.0,2.0,17,4,9
145261,15,7,1,0,8,3,6,1,0,1,2,36,2,2,0.0,0.0,0.0,0.0,0.0,2.0,21,7,10
99297,4,2,3,17,2,3,0,1,1,1,2,24,2,2,0.0,0.0,0.0,0.0,0.0,2.0,19,2,7
64172,16,2,3,10,3,3,0,1,1,1,2,19,2,2,0.0,0.0,0.0,0.0,0.0,2.0,9,5,5
102169,16,2,3,10,2,3,0,5,1,1,2,36,2,2,0.0,0.0,0.0,0.0,0.0,4.0,8,5,7
61463,16,2,1,17,2,3,0,1,0,1,2,18,2,2,0.0,0.0,0.0,0.0,0.0,2.0,22,5,5
179053,16,7,1,17,2,3,6,5,1,1,2,36,2,2,0.0,0.0,0.0,0.0,0.0,5.0,22,5,12
92502,16,2,3,17,3,3,0,1,1,1,1,18,2,2,0.0,0.0,0.0,0.0,0.0,42.0,9,3,7
24556,16,2,3,15,8,3,0,1,0,1,2,36,3,2,0.0,0.0,0.0,0.0,0.0,3.0,13,6,2
22408,16,7,3,17,6,3,6,1,0,1,2,6,2,4,1.0,0.0,0.0,0.0,1.0,1.0,15,5,2
67691,16,2,0,17,8,3,0,1,0,1,2,36,2,2,0.0,0.0,0.0,0.0,0.0,4.0,20,5,5
106185,15,2,3,0,3,3,0,5,0,1,2,18,2,2,0.0,0.0,0.0,0.0,0.0,2.0,8,7,8
35901,16,2,3,10,8,3,0,1,1,1,1,19,2,2,0.0,0.0,0.0,0.0,0.0,2.0,9,7,3
166762,15,11,5,10,8,3,5,5,1,1,0,26,2,2,0.0,0.0,0.0,0.0,0.0,2.0,19,7,11
20886,16,10,3,0,10,3,4,1,1,1,1,6,2,2,0.0,0.0,0.0,0.0,0.0,3.0,10,7,2
168678,16,2,1,8,2,3,0,1,0,1,2,6,2,1,1.0,0.0,1.0,0.0,0.0,1.0,21,6,11
64280,15,3,3,17,15,3,6,1,0,1,2,18,2,3,2.0,0.0,0.0,2.0,0.0,0.0,17,1,5
97987,15,2,3,0,8,3,0,1,1,1,2,36,2,2,0.0,0.0,0.0,0.0,0.0,3.0,19,4,7
108484,4,2,3,17,15,3,0,1,0,1,2,36,2,3,1.0,0.0,0.0,1.0,0.0,1.0,15,2,8
136353,16,2,1,0,6,3,0,1,0,1,2,6,2,3,1.0,0.0,0.0,1.0,0.0,2.0,0,4,9
151002,15,7,1,9,2,3,6,1,0,1,2,18,2,3,1.0,0.0,0.0,1.0,0.0,1.0,18,3,10
158014,16,2,1,10,8,3,0,1,1,1,1,19,2,2,0.0,0.0,0.0,0.0,0.0,4.0,17,5,11
5083,16,10,1,17,8,3,6,1,1,1,2,24,2,2,0.0,0.0,0.0,0.0,0.0,2.0,14,7,1
178393,16,2,1,15,10,3,0,1,1,1,0,4,2,2,0.0,0.0,0.0,0.0,0.0,2.0,17,4,12
176912,16,7,1,17,6,3,6,1,0,1,2,12,2,2,0.0,0.0,0.0,0.0,0.0,3.0,19,6,12
142335,16,2,1,17,10,3,0,5,1,1,2,6,2,2,0.0,0.0,0.0,0.0,0.0,2.0,20,3,10
33871,4,10,3,10,8,3,6,1,1,1,2,39,4,2,0.0,0.0,0.0,0.0,0.0,6.0,15,3,3
146567,16,2,3,17,19,3,0,1,0,1,2,12,3,2,0.0,0.0,0.0,0.0,0.0,3.0,12,4,10
158246,4,2,0,0,2,3,0,1,0,1,1,23,2,2,0.0,0.0,0.0,0.0,0.0,2.0,20,3,11
37279,16,7,4,17,8,3,6,5,0,1,2,24,2,2,0.0,0.0,0.0,0.0,0.0,2.0,20,4,3
120940,16,2,3,17,6,3,0,1,1,1,2,24,2,2,0.0,0.0,0.0,0.0,0.0,2.0,14,6,9
90524,15,2,3,0,8,3,0,1,1,1,2,12,2,2,0.0,0.0,0.0,0.0,0.0,4.0,15,7,7
85941,4,2,3,2,8,3,0,1,0,1,2,17,1,3,1.0,0.0,0.0,1.0,0.0,0.0,19,7,6
67184,16,2,3,17,2,3,0,1,1,1,1,19,2,2,0.0,0.0,0.0,0.0,0.0,2.0,12,4,5
32873,16,3,1,0,6,3,0,1,0,1,2,36,2,2,0.0,0.0,0.0,0.0,0.0,3.0,21,1,3
184259,16,2,1,2,2,3,0,1,0,1,2,37,1,2,0.0,0.0,0.0,0.0,0.0,1.0,23,6,12
150123,15,2,1,0,15,3,0,1,0,1,2,18,2,3,5.0,0.0,0.0,5.0,0.0,1.0,2,7,10
35882,16,2,3,0,2,3,0,1,0,1,2,5,2,2,0.0,0.0,0.0,0.0,0.0,2.0,18,7,3
110976,18,2,1,15,8,3,0,1,1,1,1,36,2,2,0.0,0.0,0.0,0.0,0.0,2.0,22,3,8
179295,16,2,1,0,8,3,0,1,0,1,2,37,2,3,1.0,0.0,0.0,1.0,0.0,1.0,1,4,12
128388,16,2,3,10,8,3,0,1,1,1,2,36,3,2,0.0,0.0,0.0,0.0,0.0,3.0,7,6,9
104377,16,2,1,10,2,3,6,1,1,1,1,17,2,2,0.0,0.0,0.0,0.0,0.0,2.0,0,2,8
159228,16,2,1,10,2,3,0,1,1,1,2,19,2,2,0.0,0.0,0.0,0.0,0.0,2.0,18,3,11
114317,16,2,3,0,6,3,0,1,0,1,2,18,2,3,1.0,0.0,0.0,1.0,0.0,1.0,18,6,8
12165,16,2,3,17,8,3,0,1,0,1,2,18,2,2,0.0,0.0,0.0,0.0,0.0,2.0,8,2,1
134651,16,2,3,15,3,3,5,5,1,1,1,36,2,2,0.0,0.0,0.0,0.0,0.0,4.0,17,2,9
7940,15,7,1,0,6,3,6,1,1,1,2,5,2,2,0.0,0.0,0.0,0.0,0.0,2.0,20,2,1
26502,4,10,3,14,8,3,0,1,1,1,2,18,2,2,0.0,0.0,0.0,0.0,0.0,2.0,9,6,2
41216,15,2,3,17,8,3,0,1,1,1,0,36,2,2,0.0,0.0,0.0,0.0,0.0,3.0,16,3,3
121038,16,2,1,0,6,3,0,1,0,1,2,18,3,3,1.0,0.0,0.0,1.0,0.0,2.0,3,1,9
86688,16,2,2,10,6,3,0,1,1,1,2,36,2,2,0.0,0.0,0.0,0.0,0.0,4.0,20,6,6
82949,4,2,3,15,2,3,0,1,0,0,2,28,2,2,0.0,0.0,0.0,0.0,0.0,2.0,15,3,6
115429,15,2,3,17,8,3,5,5,0,1,2,18,2,3,1.0,0.0,0.0,1.0,0.0,1.0,16,2,8
181132,16,2,1,0,6,3,6,1,0,1,2,6,2,4,2.0,0.0,0.0,0.0,2.0,0.0,22,6,12
12657,16,2,3,9,6,3,0,1,0,1,2,18,2,3,1.0,0.0,0.0,1.0,0.0,1.0,14,4,1
176137,16,2,3,17,10,3,0,1,1,1,2,24,2,2,0.0,0.0,0.0,0.0,0.0,2.0,14,1,12
100659,16,2,4,15,6,3,0,1,1,1,2,6,2,2,0.0,0.0,0.0,0.0,0.0,4.0,22,3,7
64151,15,2,3,0,10,3,0,1,1,1,2,36,2,2,0.0,0.0,0.0,0.0,0.0,2.0,18,5,5
102102,15,2,3,0,6,3,0,1,1,1,2,17,2,2,0.0,0.0,0.0,0.0,0.0,3.0,18,4,7
29260,16,2,3,9,10,3,0,1,0,1,0,18,2,3,1.0,0.0,0.0,1.0,0.0,1.0,17,1,3
23283,15,2,3,17,8,3,0,1,0,1,2,18,2,2,0.0,0.0,0.0,0.0,0.0,2.0,13,6,2
83348,16,3,4,17,15,3,0,1,0,1,2,24,3,3,1.0,0.0,0.0,1.0,0.0,2.0,18,2,6
958,15,2,3,0,8,3,0,1,1,1,2,18,2,2,0.0,0.0,0.0,0.0,0.0,2.0,8,5,1
796,16,2,3,10,2,3,4,1,1,1,1,36,2,2,0.0,0.0,0.0,0.0,0.0,2.0,13,1,1
7594,16,2,3,17,8,3,4,1,1,1,1,36,2,2,0.0,0.0,0.0,0.0,0.0,2.0,13,3,1
146973,16,11,1,10,8,3,0,1,1,1,2,19,2,2,0.0,0.0,0.0,0.0,0.0,2.0,21,3,10
158584,16,2,3,10,8,3,0,1,1,1,2,21,2,2,0.0,0.0,0.0,0.0,0.0,2.0,11,3,11
180367,16,2,3,0,6,3,0,1,0,1,2,6,2,3,1.0,0.0,0.0,1.0,0.0,1.0,13,3,12
78423,16,2,3,17,8,3,0,1,0,1,2,24,2,2,0.0,0.0,0.0,0.0,0.0,5.0,19,7,6
112906,15,7,3,8,2,3,6,1,1,1,1,18,2,2,0.0,0.0,0.0,0.0,0.0,2.0,7,5,8
128303,4,2,3,15,8,3,0,1,1,1,2,36,2,2,0.0,0.0,0.0,0.0,0.0,2.0,11,7,9
105464,16,2,3,10,2,3,0,1,0,1,2,19,3,2,0.0,0.0,0.0,0.0,0.0,3.0,15,5,8
97378,15,2,3,0,8,3,0,1,0,1,2,18,2,2,0.0,0.0,0.0,0.0,0.0,2.0,14,2,7
168844,16,7,1,10,8,3,6,5,1,1,2,36,2,2,0.0,0.0,0.0,0.0,0.0,3.0,18,3,11
22815,15,10,3,10,6,3,4,5,1,0,0,39,2,2,0.0,0.0,0.0,0.0,0.0,2.0,16,5,2
95725,15,2,3,0,6,3,0,1,1,1,1,5,2,2,0.0,0.0,0.0,0.0,0.0,2.0,19,5,7
63503,15,2,1,0,6,3,0,1,0,1,2,36,2,2,0.0,0.0,0.0,0.0,0.0,4.0,21,2,5
82250,16,2,3,17,2,3,0,1,0,1,2,6,2,2,0.0,0.0,0.0,0.0,0.0,2.0,15,7,6
121587,4,2,1,9,6,3,0,5,0,1,2,36,2,1,1.0,0.0,1.0,0.0,0.0,1.0,4,2,9
175566,15,2,1,17,8,3,0,1,1,1,2,36,2,2,0.0,0.0,0.0,0.0,0.0,4.0,18,6,12
24313,16,2,1,17,3,3,0,1,0,1,2,36,2,4,1.0,0.0,0.0,0.0,1.0,4.0,22,1,2
179928,16,7,3,17,6,3,6,1,0,1,2,36,2,3,3.0,0.0,0.0,3.0,0.0,1.0,11,4,12
86406,15,2,3,0,6,3,0,1,1,1,2,36,2,2,0.0,0.0,0.0,0.0,0.0,3.0,11,6,6
124907,16,2,3,17,8,3,0,5,1,1,2,18,2,2,0.0,0.0,0.0,0.0,0.0,3.0,9,1,9
10151,16,2,1,9,3,3,6,1,0,1,2,18,2,3,1.0,0.0,0.0,1.0,0.0,1.0,19,2,1
128182,15,2,3,10,6,3,5,5,1,1,2,36,2,2,0.0,0.0,0.0,0.0,0.0,2.0,16,5,9
150431,16,7,3,17,2,3,6,1,0,1,2,6,2,2,0.0,0.0,0.0,0.0,0.0,2.0,12,2,10
60344,16,2,3,3,8,3,0,1,0,1,2,36,2,1,3.0,0.0,1.0,1.0,1.0,1.0,17,2,5
177494,15,2,1,0,8,3,0,1,1,1,2,5,2,2,0.0,0.0,0.0,0.0,0.0,5.0,23,6,12
188102,16,2,3,17,2,3,6,1,1,1,2,39,2,2,0.0,0.0,0.0,0.0,0.0,6.0,16,7,12
25920,16,2,3,17,8,3,0,1,1,1,1,18,2,2,0.0,0.0,0.0,0.0,0.0,2.0,12,2,2
67944,16,2,4,15,8,3,0,1,1,1,2,23,2,2,0.0,0.0,0.0,0.0,0.0,2.0,21,3,5
40376,4,2,3,0,0,3,0,1,1,1,1,17,2,2,0.0,0.0,0.0,0.0,0.0,2.0,8,7,3
176333,4,2,3,17,8,3,0,1,1,1,1,36,2,2,0.0,0.0,0.0,0.0,0.0,2.0,11,5,12
90350,16,2,3,0,8,3,0,5,1,1,2,6,2,2,0.0,0.0,0.0,0.0,0.0,2.0,8,6,7
173554,16,2,1,2,15,3,6,1,0,1,2,36,1,2,0.0,0.0,0.0,0.0,0.0,1.0,4,7,12
136977,4,2,3,7,10,3,0,5,0,1,2,23,2,2,0.0,0.0,0.0,0.0,0.0,1.0,13,1,9
123084,15,2,1,10,8,3,0,1,0,1,2,26,2,2,0.0,0.0,0.0,0.0,0.0,2.0,20,1,9
161294,4,3,3,2,3,3,0,1,0,1,2,30,1,3,1.0,0.0,0.0,1.0,0.0,0.0,16,1,11
2252,16,2,3,10,8,3,0,1,1,1,2,19,2,2,0.0,0.0,0.0,0.0,0.0,2.0,14,5,1
137695,4,2,4,2,8,3,0,1,1,1,2,36,1,2,0.0,0.0,0.0,0.0,0.0,1.0,17,2,10
68953,16,2,3,8,8,3,0,1,0,1,2,18,2,3,1.0,0.0,0.0,1.0,0.0,1.0,15,5,5
66232,16,2,3,0,6,3,6,1,0,1,2,6,2,2,0.0,0.0,0.0,0.0,0.0,2.0,11,3,5
27163,15,2,3,0,6,3,0,1,1,0,1,38,2,2,0.0,0.0,0.0,0.0,0.0,2.0,9,2,2
91547,15,2,3,0,6,3,0,1,0,1,2,18,2,2,0.0,0.0,0.0,0.0,0.0,2.0,17,2,7
96584,15,11,5,0,8,3,5,5,1,1,1,36,2,2,0.0,0.0,0.0,0.0,0.0,4.0,13,3,7
113102,16,2,3,17,2,3,0,1,1,1,1,36,2,2,0.0,0.0,0.0,0.0,0.0,2.0,14,7,8
163627,15,7,1,7,2,3,6,1,1,1,2,24,2,2,0.0,0.0,0.0,0.0,0.0,1.0,5,4,11
25629,15,2,3,0,6,3,0,1,1,1,0,36,2,2,0.0,0.0,0.0,0.0,0.0,3.0,13,6,2
75673,15,2,1,0,8,3,0,1,0,1,2,36,2,4,2.0,0.0,0.0,0.0,2.0,1.0,10,7,6
184788,16,2,1,17,8,3,0,1,1,1,2,24,2,2,0.0,0.0,0.0,0.0,0.0,2.0,1,1,12
102657,15,2,3,0,8,3,0,1,1,1,2,17,2,2,0.0,0.0,0.0,0.0,0.0,4.0,11,5,7
2226,16,2,3,0,6,3,0,1,0,1,2,18,2,2,0.0,0.0,0.0,0.0,0.0,2.0,9,4,1
80535,16,2,3,10,8,3,0,5,1,0,1,19,2,2,0.0,0.0,0.0,0.0,0.0,2.0,16,2,6
123925,15,7,2,10,8,3,6,1,1,1,1,19,2,2,0.0,0.0,0.0,0.0,0.0,2.0,6,6,9
73642,15,2,1,0,10,3,0,1,1,1,1,36,2,2,0.0,0.0,0.0,0.0,0.0,4.0,22,6,6
121927,4,3,3,17,15,3,0,1,0,1,2,18,2,2,0.0,0.0,0.0,0.0,0.0,2.0,16,6,9
122682,2,2,3,0,6,3,0,1,1,1,2,36,2,2,0.0,0.0,0.0,0.0,0.0,2.0,16,4,9
67869,16,2,3,8,8,3,0,1,0,1,2,36,2,4,1.0,0.0,0.0,0.0,1.0,1.0,7,2,5
92713,16,2,3,10,2,3,6,1,1,1,0,19,2,2,0.0,0.0,0.0,0.0,0.0,2.0,8,7,7
45460,4,2,3,17,2,3,0,1,0,1,2,24,2,1,2.0,0.0,2.0,0.0,0.0,1.0,17,2,4
51761,16,2,3,10,2,3,0,5,0,1,2,36,2,3,1.0,0.0,0.0,1.0,0.0,2.0,7,2,4
123600,4,2,3,7,2,3,0,1,1,1,2,21,2,2,0.0,0.0,0.0,0.0,0.0,1.0,22,2,9
170548,16,2,1,0,6,3,0,1,0,1,2,18,2,2,0.0,0.0,0.0,0.0,0.0,2.0,1,4,11
28023,16,2,3,10,3,3,6,1,1,1,2,36,2,2,0.0,0.0,0.0,0.0,0.0,3.0,12,3,2
34525,4,2,3,7,15,3,0,1,1,1,1,36,2,2,0.0,0.0,0.0,0.0,0.0,1.0,5,7,3
175636,16,2,1,10,8,3,0,5,1,1,1,19,2,2,0.0,0.0,0.0,0.0,0.0,2.0,6,7,12
17594,16,2,3,2,2,3,4,1,1,1,0,24,1,2,0.0,0.0,0.0,0.0,0.0,1.0,8,7,2
28825,16,2,1,17,8,3,0,1,1,1,1,24,2,2,0.0,0.0,0.0,0.0,0.0,2.0,18,7,3
58907,16,2,1,17,2,3,0,5,0,1,2,17,3,2,0.0,0.0,0.0,0.0,0.0,6.0,0,7,5
20471,16,2,3,14,6,3,0,1,1,1,2,18,2,2,0.0,0.0,0.0,0.0,0.0,2.0,15,1,2
112696,16,2,1,0,18,3,0,1,0,1,2,11,3,2,0.0,0.0,0.0,0.0,0.0,6.0,1,2,8
53709,16,2,3,17,6,3,0,1,0,1,2,18,2,2,0.0,0.0,0.0,0.0,0.0,3.0,13,2,4
163027,16,2,2,10,2,3,0,1,1,1,2,19,3,2,0.0,0.0,0.0,0.0,0.0,3.0,6,2,11
145594,16,7,1,10,8,3,6,5,1,0,2,39,3,2,0.0,0.0,0.0,0.0,0.0,3.0,21,6,10
73604,4,2,3,0,6,3,0,1,0,1,2,18,3,2,0.0,0.0,0.0,0.0,0.0,2.0,17,6,6
135358,16,2,3,10,2,3,0,1,1,1,2,19,2,2,0.0,0.0,0.0,0.0,0.0,2.0,10,3,9
18400,15,2,0,10,8,3,0,1,1,1,0,36,2,2,0.0,0.0,0.0,0.0,0.0,2.0,18,6,2
123469,16,2,1,15,11,3,0,1,1,0,2,36,2,2,0.0,0.0,0.0,0.0,0.0,4.0,20,6,9
153679,15,3,3,9,10,3,0,1,0,1,0,12,2,3,1.0,0.0,0.0,1.0,0.0,1.0,10,5,10
10573,16,7,3,17,8,3,6,1,0,1,2,39,2,3,2.0,0.0,0.0,2.0,0.0,2.0,7,2,1
176176,16,2,1,15,6,3,0,1,1,1,1,36,2,2,0.0,0.0,0.0,0.0,0.0,2.0,0,1,12
55705,16,2,1,0,6,3,0,1,0,1,2,6,3,2,0.0,0.0,0.0,0.0,0.0,2.0,0,3,4
98113,15,2,3,0,6,3,5,5,1,1,2,18,2,2,0.0,0.0,0.0,0.0,0.0,2.0,18,7,7
38540,16,2,3,9,1,3,0,1,0,1,0,36,2,3,1.0,0.0,0.0,1.0,0.0,1.0,10,6,3
9350,15,10,1,0,8,3,4,1,0,1,2,13,2,4,2.0,0.0,0.0,0.0,2.0,2.0,18,3,1
24622,15,6,1,6,15,3,6,1,0,1,2,17,1,2,0.0,0.0,0.0,0.0,0.0,3.0,2,1,2
115573,16,2,3,10,2,3,0,5,1,1,1,19,2,2,0.0,0.0,0.0,0.0,0.0,2.0,10,5,8
42861,16,2,3,10,8,3,0,1,1,1,1,19,2,2,0.0,0.0,0.0,0.0,0.0,2.0,11,3,4
135258,16,2,3,9,6,3,5,5,0,1,1,18,2,4,1.0,0.0,0.0,0.0,1.0,1.0,13,5,9
160067,16,2,3,10,11,3,0,1,1,1,2,12,2,2,0.0,0.0,0.0,0.0,0.0,2.0,19,3,11
106992,16,2,1,10,2,3,0,1,0,1,2,17,2,3,1.0,0.0,0.0,1.0,0.0,1.0,0,6,8
174322,16,3,3,15,10,3,0,1,1,1,2,18,2,2,0.0,0.0,0.0,0.0,0.0,2.0,11,2,12
17591,4,10,0,0,6,3,4,1,1,1,2,39,2,2,0.0,0.0,0.0,0.0,0.0,2.0,20,7,2
1571,16,2,1,0,2,3,6,1,0,1,2,6,2,4,1.0,0.0,0.0,0.0,1.0,1.0,3,6,1
54618,4,2,3,0,11,3,0,1,1,1,2,12,2,2,0.0,0.0,0.0,0.0,0.0,2.0,6,7,4
81174,16,2,3,15,2,3,0,1,1,1,2,23,2,2,0.0,0.0,0.0,0.0,0.0,3.0,14,6,6
188045,15,2,3,10,8,3,5,1,1,1,1,19,2,2,0.0,0.0,0.0,0.0,0.0,2.0,8,4,12
180656,15,11,5,17,19,3,5,5,1,1,2,18,2,2,0.0,0.0,0.0,0.0,0.0,3.0,17,1,12
18545,16,10,3,17,6,3,6,1,0,1,2,12,2,2,0.0,0.0,0.0,0.0,0.0,2.0,7,2,2
175258,4,2,1,0,8,3,0,1,0,1,1,18,2,4,1.0,0.0,0.0,0.0,1.0,3.0,18,3,12
51462,16,2,3,17,2,3,0,5,1,1,0,23,2,2,0.0,0.0,0.0,0.0,0.0,5.0,16,5,4
25850,15,2,0,17,8,3,0,1,1,1,2,36,3,2,0.0,0.0,0.0,0.0,0.0,3.0,18,1,2
66298,15,2,3,8,2,3,0,1,1,1,0,36,2,2,0.0,0.0,0.0,0.0,0.0,2.0,15,6,5
138944,16,3,3,0,6,3,0,1,0,1,2,6,3,4,2.0,0.0,0.0,0.0,2.0,2.0,16,5,10
15378,16,7,1,17,2,3,6,5,0,1,2,12,2,3,1.0,0.0,0.0,1.0,0.0,1.0,17,3,2
141118,16,2,1,8,8,3,0,1,1,1,2,6,2,2,0.0,0.0,0.0,0.0,0.0,2.0,23,7,10
27205,15,2,3,10,8,3,0,1,1,1,1,2,2,2,0.0,0.0,0.0,0.0,0.0,2.0,7,2,2
162513,16,2,3,10,10,3,0,1,0,1,2,19,2,2,0.0,0.0,0.0,0.0,0.0,2.0,8,2,11
112176,16,2,1,17,1,3,0,1,0,1,2,18,2,3,2.0,0.0,0.0,2.0,0.0,2.0,20,1,8
11904,16,2,3,17,2,3,0,5,1,1,0,36,2,2,0.0,0.0,0.0,0.0,0.0,2.0,15,2,1
134910,15,2,3,0,8,3,0,1,1,1,2,18,2,2,0.0,0.0,0.0,0.0,0.0,2.0,8,4,9
15119,15,2,1,0,2,3,0,1,0,1,2,18,2,2,0.0,0.0,0.0,0.0,0.0,2.0,17,5,2
155832,15,2,1,0,8,3,0,1,0,1,2,36,2,2,0.0,0.0,0.0,0.0,0.0,3.0,20,5,11
171993,16,2,3,17,5,3,0,1,1,1,2,18,3,2,0.0,0.0,0.0,0.0,0.0,3.0,9,4,11
140689,15,2,3,17,2,3,0,1,0,1,1,36,2,3,1.0,0.0,0.0,1.0,0.0,1.0,17,3,10
90096,15,2,1,17,8,3,0,1,1,1,2,36,2,2,0.0,0.0,0.0,0.0,0.0,4.0,1,2,7
77220,16,2,3,10,8,3,0,1,1,1,1,19,2,2,0.0,0.0,0.0,0.0,0.0,2.0,15,3,6
100494,16,2,3,15,2,3,0,1,1,1,2,23,3,2,0.0,0.0,0.0,0.0,0.0,5.0,16,1,7