crash_date,               traffic_control_device,weather_condition,lighting_condition,first_crash_type,trafficway_type,alignment,roadway_surface_cond,road_defect,crash_type,intersection_related_i,damage,prim_contributory_cause,num_units,most_severe_injury,injuries_total,injuries_fatal,injuries_incapacitating,injuries_non_incapacitating,injuries_reported_not_evident,injuries_no_indication,crash_hour,crash_day_of_week,crash_month
17178,15,2,1,0,10,3,0,1,1,1,2,5,2,2,0.0,0.0,0.0,0.0,0.0,2.0,5,7,2
8298,17,2,3,10,8,3,0,1,1,1,0,36,2,2,0.0,0.0,0.0,0.0,0.0,3.0,8,6,1
77773,16,2,3,17,6,3,0,1,0,1,2,36,2,2,0.0,0.0,0.0,0.0,0.0,2.0,8,4,6
122279,16,2,3,17,2,3,2,2,0,1,2,36,2,2,0.0,0.0,0.0,0.0,0.0,2.0,15,3,9
101109,16,2,3,10,6,3,0,1,1,1,2,19,2,2,0.0,0.0,0.0,0.0,0.0,2.0,11,3,7
102738,16,2,3,15,2,3,0,1,1,0,2,24,2,2,0.0,0.0,0.0,0.0,0.0,2.0,11,6,7
148593,15,2,3,17,16,3,0,1,1,1,2,11,2,2,0.0,0.0,0.0,0.0,0.0,3.0,12,7,10
120649,16,2,1,17,2,3,6,1,1,1,2,18,2,2,0.0,0.0,0.0,0.0,0.0,4.0,0,7,9
142532,15,2,3,0,2,3,0,1,0,1,2,36,2,2,0.0,0.0,0.0,0.0,0.0,3.0,8,7,10
153152,15,2,3,9,6,3,0,5,0,1,0,38,2,3,1.0,0.0,0.0,1.0,0.0,1.0,15,5,10
8246,16,2,3,0,8,3,0,1,0,1,2,6,2,2,0.0,0.0,0.0,0.0,0.0,2.0,12,5,1
144480,16,2,3,7,3,3,0,1,1,1,0,22,2,2,0.0,0.0,0.0,0.0,0.0,3.0,18,5,10
110217,16,2,1,10,6,3,0,5,0,1,0,36,2,4,1.0,0.0,0.0,0.0,1.0,1.0,22,6,8
79752,15,2,3,0,8,3,0,1,1,1,0,18,2,2,0.0,0.0,0.0,0.0,0.0,2.0,15,5,6
124290,16,2,1,0,10,3,0,1,0,1,2,18,2,3,2.0,0.0,0.0,2.0,0.0,1.0,0,5,9
30829,16,2,1,17,6,3,0,1,1,1,2,18,2,2,0.0,0.0,0.0,0.0,0.0,2.0,20,1,3
3147,16,11,4,10,8,3,5,5,1,1,0,36,2,2,0.0,0.0,0.0,0.0,0.0,2.0,16,5,1
83048,15,2,3,0,6,3,0,1,0,1,2,6,3,3,2.0,0.0,0.0,1.0,1.0,2.0,12,4,6
45313,15,3,3,0,8,3,6,1,1,1,2,18,2,2,0.0,0.0,0.0,0.0,0.0,2.0,16,1,4
112295,16,2,1,17,6,3,0,1,0,1,2,24,2,2,0.0,0.0,0.0,0.0,0.0,3.0,20,3,8
77224,16,2,3,8,6,3,0,1,0,1,2,36,2,1,1.0,0.0,1.0,0.0,0.0,1.0,16,3,6
141869,16,2,1,15,8,3,0,1,1,1,2,23,2,2,0.0,0.0,0.0,0.0,0.0,3.0,5,5,10
92139,4,2,1,14,2,3,0,1,1,1,2,36,2,2,0.0,0.0,0.0,0.0,0.0,2.0,23,5,7
25136,15,7,0,17,8,3,6,1,1,1,2,24,2,2,0.0,0.0,0.0,0.0,0.0,2.0,18,4,2
142644,4,2,3,17,18,3,0,1,0,1,1,23,2,2,0.0,0.0,0.0,0.0,0.0,2.0,8,2,10
170313,16,2,2,10,8,3,6,5,1,1,2,19,2,2,0.0,0.0,0.0,0.0,0.0,3.0,7,4,11
45145,15,2,3,10,8,3,0,1,1,1,2,36,2,2,0.0,0.0,0.0,0.0,0.0,2.0,18,4,4
183552,16,3,1,15,6,3,0,5,1,1,2,23,2,2,0.0,0.0,0.0,0.0,0.0,3.0,21,6,12
58833,15,7,1,0,6,3,6,1,0,1,2,17,2,4,2.0,0.0,0.0,0.0,2.0,1.0,0,6,5
62689,16,2,3,7,8,3,0,1,1,1,1,17,2,2,0.0,0.0,0.0,0.0,0.0,1.0,11,2,5
155375,15,2,3,17,8,3,0,1,0,1,2,36,2,2,0.0,0.0,0.0,0.0,0.0,7.0,15,7,10
14424,16,2,1,17,8,3,0,1,1,1,2,18,2,2,0.0,0.0,0.0,0.0,0.0,2.0,0,7,1
105413,15,3,3,17,6,3,6,1,0,1,2,18,2,2,0.0,0.0,0.0,0.0,0.0,2.0,17,4,8
15106,15,2,3,0,2,3,0,1,0,1,2,18,2,2,0.0,0.0,0.0,0.0,0.0,2.0,16,5,2
101563,15,2,3,0,6,3,0,1,0,1,2,18,2,2,0.0,0.0,0.0,0.0,0.0,4.0,17,3,7
106345,16,3,3,17,1,3,0,1,0,1,2,18,3,3,1.0,0.0,0.0,1.0,0.0,2.0,15,4,8
105684,15,2,3,10,2,3,0,1,1,1,1,17,3,2,0.0,0.0,0.0,0.0,0.0,3.0,16,7,8
132839,15,2,1,2,6,3,0,1,0,1,2,11,1,2,0.0,0.0,0.0,0.0,0.0,3.0,20,5,9
69620,15,2,3,0,6,3,6,1,1,1,2,18,2,2,0.0,0.0,0.0,0.0,0.0,2.0,15,2,5
140752,16,2,2,10,8,3,0,1,1,1,2,36,2,2,0.0,0.0,0.0,0.0,0.0,3.0,7,4,10
40720,16,2,1,10,8,3,0,5,0,1,2,17,2,1,1.0,0.0,1.0,0.0,0.0,1.0,22,5,3
53336,16,2,3,10,6,3,0,1,0,1,2,12,2,2,0.0,0.0,0.0,0.0,0.0,3.0,19,3,4
138482,16,2,0,0,15,3,0,1,1,1,0,36,2,2,0.0,0.0,0.0,0.0,0.0,2.0,5,7,10
110510,16,2,4,15,8,3,0,1,1,1,0,12,2,2,0.0,0.0,0.0,0.0,0.0,3.0,18,3,8
101067,16,2,3,17,9,3,0,1,0,1,2,17,2,3,1.0,0.0,0.0,1.0,0.0,2.0,15,3,7
40163,16,2,3,10,8,3,0,1,1,1,1,19,2,2,0.0,0.0,0.0,0.0,0.0,3.0,17,2,3
13919,16,2,1,10,8,3,0,1,1,1,2,36,2,2,0.0,0.0,0.0,0.0,0.0,2.0,17,4,1
20641,17,11,5,9,10,3,5,5,0,1,0,28,2,3,1.0,0.0,0.0,1.0,0.0,1.0,22,3,2
52833,16,2,1,0,6,3,0,1,0,1,2,6,2,3,1.0,0.0,0.0,1.0,0.0,2.0,22,1,4
121411,4,2,3,15,8,3,0,2,1,1,2,22,2,2,0.0,0.0,0.0,0.0,0.0,2.0,10,5,9
76817,16,2,3,15,6,3,0,1,0,1,2,18,2,2,0.0,0.0,0.0,0.0,0.0,2.0,14,5,6
40816,16,2,3,0,3,3,0,1,0,1,2,36,2,3,1.0,0.0,0.0,1.0,0.0,3.0,13,2,3
176206,15,2,1,15,6,3,0,1,1,1,2,23,2,2,0.0,0.0,0.0,0.0,0.0,4.0,20,3,12
84072,16,2,3,0,6,3,0,1,1,1,2,18,2,2,0.0,0.0,0.0,0.0,0.0,4.0,16,6,6
105382,16,2,0,0,2,3,0,1,0,1,2,36,3,3,1.0,0.0,0.0,1.0,0.0,2.0,22,3,8
60907,16,2,3,17,8,3,0,1,0,1,2,36,2,2,0.0,0.0,0.0,0.0,0.0,3.0,13,4,5
79508,16,2,3,9,8,3,0,1,0,0,0,36,2,3,2.0,0.0,0.0,2.0,0.0,0.0,8,7,6
149730,16,2,1,10,17,3,0,1,1,1,2,21,2,2,0.0,0.0,0.0,0.0,0.0,2.0,21,5,10
142228,15,2,3,7,8,3,0,1,1,1,2,24,2,2,0.0,0.0,0.0,0.0,0.0,1.0,14,2,10
156289,15,2,3,10,8,3,0,1,1,1,1,19,2,2,0.0,0.0,0.0,0.0,0.0,2.0,16,4,11
101456,16,2,1,15,2,3,0,1,1,1,2,17,2,2,0.0,0.0,0.0,0.0,0.0,3.0,22,7,7
149518,16,2,3,15,8,3,0,1,1,1,1,36,2,2,0.0,0.0,0.0,0.0,0.0,2.0,16,6,10
56390,15,2,0,2,6,3,6,1,0,1,2,18,1,3,1.0,0.0,0.0,1.0,0.0,0.0,19,2,5
10017,15,2,3,0,2,3,0,1,0,1,2,36,2,4,1.0,0.0,0.0,0.0,1.0,1.0,15,5,1
55610,4,2,3,10,8,3,5,5,1,0,1,26,2,2,0.0,0.0,0.0,0.0,0.0,2.0,8,2,4
57405,16,2,3,9,10,3,0,1,0,1,1,26,2,4,1.0,0.0,0.0,0.0,1.0,1.0,16,6,5
61528,16,2,3,3,8,3,0,5,0,1,2,18,2,2,0.0,0.0,0.0,0.0,0.0,2.0,8,7,5
48904,16,2,1,17,6,3,0,1,1,1,2,18,2,2,0.0,0.0,0.0,0.0,0.0,3.0,22,7,4
157374,15,2,1,0,6,3,0,1,1,1,2,18,2,2,0.0,0.0,0.0,0.0,0.0,3.0,22,1,11
25849,15,2,0,17,10,3,0,5,1,1,2,24,2,2,0.0,0.0,0.0,0.0,0.0,5.0,18,1,2
415,15,2,1,14,11,3,0,1,0,1,2,5,2,3,3.0,0.0,0.0,3.0,0.0,2.0,2,2,1
153983,15,2,3,0,8,3,0,1,0,1,2,36,2,2,0.0,0.0,0.0,0.0,0.0,4.0,17,2,10
94999,16,2,3,17,6,3,0,1,1,1,1,19,2,2,0.0,0.0,0.0,0.0,0.0,2.0,12,1,7
13836,15,2,3,0,8,3,0,1,1,1,1,5,2,2,0.0,0.0,0.0,0.0,0.0,2.0,12,2,1
163169,15,10,4,0,8,3,6,1,0,1,0,5,2,4,1.0,0.0,0.0,0.0,1.0,1.0,16,5,11
63326,4,2,3,10,10,3,6,1,1,1,2,36,2,2,0.0,0.0,0.0,0.0,0.0,2.0,9,6,5
96508,15,2,3,17,18,3,0,1,0,1,2,18,2,2,0.0,0.0,0.0,0.0,0.0,2.0,13,4,7
172939,16,2,1,15,8,3,0,1,1,1,2,24,2,2,0.0,0.0,0.0,0.0,0.0,2.0,23,2,12
132653,16,7,1,15,8,3,6,5,1,1,2,17,2,2,0.0,0.0,0.0,0.0,0.0,4.0,19,1,9
175709,4,3,3,17,15,3,0,1,1,1,1,36,2,2,0.0,0.0,0.0,0.0,0.0,2.0,11,2,12
181506,15,2,3,8,8,3,0,1,0,1,2,18,2,3,1.0,0.0,0.0,1.0,0.0,1.0,10,3,12
102980,16,2,3,9,10,3,0,1,1,1,0,26,2,2,0.0,0.0,0.0,0.0,0.0,2.0,16,3,7
50606,16,2,3,8,8,3,0,1,0,1,1,24,2,4,1.0,0.0,0.0,0.0,1.0,1.0,17,4,4
108608,15,11,5,17,11,3,5,5,1,1,1,36,2,2,0.0,0.0,0.0,0.0,0.0,3.0,19,4,8
286,16,2,1,17,6,3,0,1,1,1,2,24,2,2,0.0,0.0,0.0,0.0,0.0,2.0,0,6,1
98328,16,2,0,9,8,3,0,1,0,1,0,37,2,1,1.0,0.0,1.0,0.0,0.0,1.0,3,1,7
134251,15,2,3,17,8,3,0,1,0,1,2,5,2,1,1.0,0.0,1.0,0.0,0.0,3.0,17,3,9
19338,16,10,3,10,8,3,4,5,1,1,2,39,2,2,0.0,0.0,0.0,0.0,0.0,3.0,15,1,2
25457,2,2,3,0,6,3,0,5,1,1,2,6,2,2,0.0,0.0,0.0,0.0,0.0,2.0,13,3,2
13172,4,2,1,15,8,3,0,1,1,1,2,23,2,2,0.0,0.0,0.0,0.0,0.0,3.0,19,5,1
156131,16,2,3,9,6,3,0,1,0,1,0,36,2,3,1.0,0.0,0.0,1.0,0.0,1.0,14,4,11
138605,15,2,3,17,8,3,0,1,0,1,2,18,2,4,1.0,0.0,0.0,0.0,1.0,1.0,16,2,10
55758,16,2,3,10,8,3,0,1,1,0,1,19,2,2,0.0,0.0,0.0,0.0,0.0,2.0,15,6,4
184938,16,2,0,0,8,3,0,1,0,1,2,18,2,2,0.0,0.0,0.0,0.0,0.0,2.0,5,4,12
31145,4,2,3,0,10,3,0,1,1,1,1,36,2,2,0.0,0.0,0.0,0.0,0.0,2.0,13,7,3
71220,16,2,3,15,8,3,0,1,1,1,0,36,2,2,0.0,0.0,0.0,0.0,0.0,3.0,13,5,5
115964,16,2,3,10,8,3,0,1,1,1,1,19,3,2,0.0,0.0,0.0,0.0,0.0,3.0,8,3,8
66409,16,7,1,9,6,3,6,1,0,1,0,18,2,3,1.0,0.0,0.0,1.0,0.0,1.0,0,7,5
38974,16,2,3,10,3,3,0,1,1,1,0,18,2,2,0.0,0.0,0.0,0.0,0.0,2.0,13,1,3
104335,16,2,3,17,8,3,0,1,1,1,2,36,2,2,0.0,0.0,0.0,0.0,0.0,2.0,16,2,8
53140,15,7,3,0,6,3,6,1,1,1,0,5,2,2,0.0,0.0,0.0,0.0,0.0,2.0,13,7,4
80241,16,2,3,17,6,3,0,1,0,1,2,36,2,2,0.0,0.0,0.0,0.0,0.0,2.0,10,5,6
19749,16,2,3,17,2,3,0,1,0,1,2,18,2,2,0.0,0.0,0.0,0.0,0.0,2.0,15,2,2
49803,16,3,3,17,6,3,0,1,0,1,1,18,2,2,0.0,0.0,0.0,0.0,0.0,2.0,8,4,4
144367,16,2,3,11,2,3,0,1,1,1,2,21,2,2,0.0,0.0,0.0,0.0,0.0,4.0,13,4,10
107096,16,2,3,0,6,3,0,1,0,1,2,6,2,3,3.0,0.0,0.0,3.0,0.0,0.0,20,1,8
53624,16,2,3,9,3,4,0,1,0,1,0,18,2,3,1.0,0.0,0.0,1.0,0.0,1.0,7,6,4
148557,4,2,1,0,10,3,5,5,1,0,2,18,2,2,0.0,0.0,0.0,0.0,0.0,2.0,18,7,10
58591,16,2,3,10,2,3,0,5,1,1,1,19,3,2,0.0,0.0,0.0,0.0,0.0,4.0,16,2,5
120406,18,2,1,10,19,3,0,1,0,1,2,18,2,2,0.0,0.0,0.0,0.0,0.0,2.0,0,5,8
23309,4,2,1,17,15,3,0,1,1,1,2,24,2,2,0.0,0.0,0.0,0.0,0.0,3.0,17,6,2
22264,16,2,1,10,3,3,0,1,1,1,2,36,3,2,0.0,0.0,0.0,0.0,0.0,4.0,18,1,2
48332,16,2,1,17,1,3,0,1,1,1,2,6,2,2,0.0,0.0,0.0,0.0,0.0,2.0,5,5,4
9435,4,2,3,0,16,3,6,1,0,1,2,36,2,2,0.0,0.0,0.0,0.0,0.0,4.0,15,5,1
30853,16,2,3,17,6,3,6,1,0,1,2,36,3,2,0.0,0.0,0.0,0.0,0.0,3.0,15,2,3
171671,16,3,3,17,8,3,6,1,0,1,2,18,2,2,0.0,0.0,0.0,0.0,0.0,2.0,13,6,11
111498,15,2,3,8,3,3,0,1,1,1,2,3,2,2,0.0,0.0,0.0,0.0,0.0,2.0,14,4,8
11283,15,2,3,11,8,3,0,1,1,1,2,21,2,2,0.0,0.0,0.0,0.0,0.0,2.0,14,1,1
79618,15,2,3,10,8,3,0,1,1,1,0,36,2,2,0.0,0.0,0.0,0.0,0.0,2.0,16,3,6
130960,16,2,3,17,10,3,0,1,1,1,2,11,2,2,0.0,0.0,0.0,0.0,0.0,2.0,16,1,9
128570,16,2,3,11,8,3,0,1,1,1,2,21,2,2,0.0,0.0,0.0,0.0,0.0,3.0,16,3,9
66642,15,2,3,0,8,3,0,1,0,1,0,5,2,2,0.0,0.0,0.0,0.0,0.0,2.0,14,4,5
21450,15,2,4,15,8,3,0,1,1,1,2,23,2,2,0.0,0.0,0.0,0.0,0.0,2.0,17,2,2
111015,16,2,1,7,8,3,0,1,0,0,2,17,2,3,1.0,0.0,0.0,1.0,0.0,0.0,5,4,8
134425,15,2,1,0,6,3,0,5,0,1,2,36,2,3,1.0,0.0,0.0,1.0,0.0,2.0,21,6,9
24124,16,2,3,9,8,3,0,1,0,1,0,38,2,3,1.0,0.0,0.0,1.0,0.0,1.0,11,4,2
53596,15,2,3,10,6,4,0,1,0,1,1,17,2,4,1.0,0.0,0.0,0.0,1.0,1.0,16,6,4
32946,16,2,3,17,8,3,0,1,0,1,2,18,2,2,0.0,0.0,0.0,0.0,0.0,2.0,15,1,3
158884,16,2,1,17,6,3,0,1,0,1,2,26,2,2,0.0,0.0,0.0,0.0,0.0,3.0,19,6,11
74895,16,2,3,17,5,3,0,5,1,1,2,18,2,2,0.0,0.0,0.0,0.0,0.0,3.0,14,5,6
39130,16,7,1,0,2,3,6,1,0,1,2,6,2,2,0.0,0.0,0.0,0.0,0.0,3.0,5,5,3
118363,16,2,1,10,2,3,0,1,1,1,1,19,2,2,0.0,0.0,0.0,0.0,0.0,2.0,20,3,8
89256,4,2,0,0,8,3,0,5,1,1,2,26,2,2,0.0,0.0,0.0,0.0,0.0,2.0,21,2,7
169589,4,2,3,17,6,3,0,1,0,1,2,18,2,2,0.0,0.0,0.0,0.0,0.0,2.0,8,2,11
72504,15,2,3,0,8,3,0,5,1,1,2,18,2,2,0.0,0.0,0.0,0.0,0.0,3.0,17,3,6
12562,15,3,3,15,8,3,6,1,1,1,1,22,2,2,0.0,0.0,0.0,0.0,0.0,5.0,15,1,1
16705,16,2,3,17,19,4,0,5,1,1,2,36,2,2,0.0,0.0,0.0,0.0,0.0,2.0,10,6,2
6028,16,2,2,0,8,3,0,1,1,1,0,6,2,2,0.0,0.0,0.0,0.0,0.0,2.0,1,7,1
5908,16,3,1,0,6,3,6,5,0,1,2,6,2,2,0.0,0.0,0.0,0.0,0.0,2.0,20,6,1
121014,16,2,3,10,8,3,0,1,1,1,2,26,2,2,0.0,0.0,0.0,0.0,0.0,2.0,13,1,9
55425,15,2,3,17,8,3,0,1,1,1,2,36,2,2,0.0,0.0,0.0,0.0,0.0,3.0,11,7,4
115686,16,2,3,10,8,3,5,5,1,1,2,36,2,2,0.0,0.0,0.0,0.0,0.0,2.0,18,5,8
16152,15,2,3,17,8,3,0,1,0,1,2,36,2,3,1.0,0.0,0.0,1.0,0.0,2.0,10,2,2
70864,16,2,3,0,6,3,0,1,0,1,2,39,2,4,2.0,0.0,0.0,0.0,2.0,4.0,18,7,5
156513,4,2,4,10,1,3,0,1,0,1,2,26,2,2,0.0,0.0,0.0,0.0,0.0,2.0,17,7,11
96103,16,2,3,0,8,3,0,1,0,0,2,6,2,4,1.0,0.0,0.0,0.0,1.0,1.0,16,3,7
146360,16,2,3,10,8,3,0,1,1,1,2,17,2,2,0.0,0.0,0.0,0.0,0.0,2.0,7,6,10
104378,15,2,3,17,15,3,0,1,1,1,0,36,2,2,0.0,0.0,0.0,0.0,0.0,2.0,12,2,8
26069,16,2,3,10,8,3,0,1,0,0,2,36,3,2,0.0,0.0,0.0,0.0,0.0,3.0,9,6,2
95233,16,11,3,17,2,3,5,1,1,1,1,6,2,2,0.0,0.0,0.0,0.0,0.0,2.0,12,4,7
169254,16,7,3,10,8,3,6,1,0,1,2,36,2,2,0.0,0.0,0.0,0.0,0.0,2.0,10,1,11
167568,15,10,3,17,15,3,4,1,1,1,2,36,2,2,0.0,0.0,0.0,0.0,0.0,3.0,10,5,11
56367,4,7,3,0,2,3,6,5,0,1,2,18,2,2,0.0,0.0,0.0,0.0,0.0,4.0,16,2,5
20474,15,2,3,0,6,3,0,1,1,1,1,36,2,2,0.0,0.0,0.0,0.0,0.0,2.0,16,1,2
75427,18,2,3,0,9,3,0,1,0,1,2,18,2,4,2.0,0.0,0.0,0.0,2.0,1.0,15,6,6
175721,15,2,3,17,15,3,0,1,0,1,0,18,2,2,0.0,0.0,0.0,0.0,0.0,2.0,15,3,12
28646,4,2,3,17,8,3,0,1,1,0,0,36,2,2,0.0,0.0,0.0,0.0,0.0,5.0,14,6,3
64945,16,2,5,10,6,3,0,1,1,1,2,19,2,2,0.0,0.0,0.0,0.0,0.0,3.0,4,5,5
34469,16,2,4,0,8,3,0,1,1,1,2,18,2,2,0.0,0.0,0.0,0.0,0.0,2.0,18,5,3
150003,16,2,1,17,8,3,0,1,1,1,1,36,2,2,0.0,0.0,0.0,0.0,0.0,2.0,17,5,10
113825,16,3,3,10,8,3,0,1,1,1,1,12,2,2,0.0,0.0,0.0,0.0,0.0,2.0,12,5,8
86591,16,2,3,17,8,3,0,1,1,1,1,26,2,2,0.0,0.0,0.0,0.0,0.0,3.0,15,4,6
167028,16,2,3,0,2,3,0,1,1,1,2,18,2,2,0.0,0.0,0.0,0.0,0.0,2.0,15,2,11
17702,16,2,3,0,5,3,0,1,0,1,2,6,2,2,0.0,0.0,0.0,0.0,0.0,3.0,6,2,2
126375,15,2,1,17,8,3,0,1,0,1,1,36,2,1,1.0,0.0,1.0,0.0,0.0,1.0,1,1,9
23862,15,2,3,0,8,3,0,1,0,1,2,36,2,2,0.0,0.0,0.0,0.0,0.0,2.0,14,1,2
22452,15,10,1,0,6,3,4,5,1,1,2,36,2,2,0.0,0.0,0.0,0.0,0.0,2.0,22,5,2
119512,16,2,3,15,8,3,0,1,1,1,2,38,2,2,0.0,0.0,0.0,0.0,0.0,2.0,8,5,8
133844,16,2,1,8,8,3,0,1,0,1,1,36,2,3,1.0,0.0,0.0,1.0,0.0,1.0,22,5,9
120877,16,2,3,9,6,3,0,1,0,1,2,36,2,4,1.0,0.0,0.0,0.0,1.0,1.0,16,5,9
24915,4,2,1,10,2,3,0,1,1,1,2,36,2,2,0.0,0.0,0.0,0.0,0.0,2.0,18,6,2
107019,16,2,3,0,6,3,0,1,0,0,2,6,2,2,0.0,0.0,0.0,0.0,0.0,2.0,17,7,8
36977,16,7,3,17,15,3,6,1,1,1,2,36,2,2,0.0,0.0,0.0,0.0,0.0,2.0,14,7,3
176498,15,11,3,9,10,3,5,5,0,1,2,26,2,4,1.0,0.0,0.0,0.0,1.0,1.0,14,6,12
20237,16,10,1,17,2,3,4,1,0,1,2,18,2,3,1.0,0.0,0.0,1.0,0.0,2.0,17,3,2
51610,16,2,3,10,8,3,0,1,1,1,2,17,2,2,0.0,0.0,0.0,0.0,0.0,2.0,6,1,4
135344,15,2,3,9,10,3,0,1,0,1,0,18,2,1,1.0,0.0,1.0,0.0,0.0,3.0,16,3,9
34112,16,2,3,0,6,3,0,1,0,1,2,18,2,3,2.0,0.0,0.0,2.0,0.0,3.0,13,1,3
22416,15,10,1,0,6,3,4,1,1,1,2,5,2,2,0.0,0.0,0.0,0.0,0.0,2.0,18,5,2
84782,4,2,3,10,2,3,0,1,0,1,1,36,2,3,2.0,0.0,0.0,1.0,1.0,0.0,15,3,6
138886,16,2,1,17,2,3,0,1,1,1,2,24,2,2,0.0,0.0,0.0,0.0,0.0,2.0,19,4,10
22477,16,2,3,9,6,3,5,5,0,1,2,12,2,3,1.0,0.0,0.0,1.0,0.0,1.0,14,6,2
58565,16,2,1,17,8,3,0,1,1,1,1,24,2,2,0.0,0.0,0.0,0.0,0.0,3.0,0,1,5
42054,15,2,3,10,2,3,6,1,0,0,2,8,3,3,2.0,0.0,0.0,2.0,0.0,2.0,14,5,3
18457,4,2,3,10,8,3,0,1,0,1,1,17,2,2,0.0,0.0,0.0,0.0,0.0,2.0,15,7,2
148478,15,11,5,17,2,3,5,5,1,1,2,24,2,2,0.0,0.0,0.0,0.0,0.0,2.0,6,5,10
150651,15,7,3,17,10,3,6,1,0,1,2,11,2,2,0.0,0.0,0.0,0.0,0.0,3.0,12,6,10
95378,4,11,1,15,6,3,5,1,1,1,1,36,2,2,0.0,0.0,0.0,0.0,0.0,3.0,23,6,7
164766,16,7,3,15,10,3,6,1,1,1,1,36,2,2,0.0,0.0,0.0,0.0,0.0,2.0,14,6,11
104392,15,11,3,11,15,3,5,5,1,1,0,36,2,2,0.0,0.0,0.0,0.0,0.0,2.0,14,3,8
121795,16,7,3,10,3,3,6,1,1,1,0,19,2,2,0.0,0.0,0.0,0.0,0.0,2.0,7,3,9
184591,15,2,1,7,15,3,0,1,0,1,2,17,2,3,1.0,0.0,0.0,1.0,0.0,0.0,5,6,12
110828,16,2,3,17,3,3,0,5,0,1,2,23,2,3,1.0,0.0,0.0,1.0,0.0,1.0,17,3,8
43197,4,7,3,0,8,3,6,1,0,1,2,38,2,2,0.0,0.0,0.0,0.0,0.0,3.0,14,3,4
141604,15,2,3,0,15,3,0,1,0,1,2,18,2,2,0.0,0.0,0.0,0.0,0.0,2.0,7,2,10
60636,15,2,1,0,8,3,0,1,0,1,2,36,2,4,2.0,0.0,0.0,0.0,2.0,1.0,22,5,5
56688,16,2,3,10,8,3,5,5,1,1,0,36,2,2,0.0,0.0,0.0,0.0,0.0,3.0,7,7,5
188722,4,7,3,7,2,3,6,1,0,1,2,16,4,2,0.0,0.0,0.0,0.0,0.0,1.0,11,2,12
141440,16,3,4,5,6,3,0,1,0,1,2,9,2,3,1.0,0.0,0.0,1.0,0.0,1.0,16,6,10
82892,16,2,1,17,6,3,6,5,0,1,2,24,2,2,0.0,0.0,0.0,0.0,0.0,4.0,3,2,6
93052,15,2,3,17,10,3,0,1,1,1,1,18,2,2,0.0,0.0,0.0,0.0,0.0,2.0,10,4,7
25553,15,11,5,17,8,3,5,5,1,1,1,36,2,2,0.0,0.0,0.0,0.0,0.0,2.0,9,4,2
175332,16,2,1,9,6,3,0,1,0,1,2,18,2,3,2.0,0.0,0.0,2.0,0.0,2.0,22,4,12
72060,16,2,3,17,6,3,0,1,0,1,2,36,2,2,0.0,0.0,0.0,0.0,0.0,4.0,19,3,6
12665,16,2,3,17,6,3,0,1,1,1,0,18,2,2,0.0,0.0,0.0,0.0,0.0,2.0,15,4,1
4860,15,10,4,7,2,3,6,1,1,0,0,22,3,2,0.0,0.0,0.0,0.0,0.0,4.0,17,6,1
71081,15,2,3,0,2,3,0,1,0,1,2,18,2,3,3.0,0.0,0.0,1.0,2.0,0.0,12,3,5
160685,16,2,1,17,2,3,0,1,0,1,2,17,4,4,1.0,0.0,0.0,0.0,1.0,7.0,17,5,11
150492,4,2,3,17,8,3,0,1,1,1,2,18,2,2,0.0,0.0,0.0,0.0,0.0,2.0,9,3,10
34742,15,7,0,17,15,3,6,5,1,1,2,18,2,2,0.0,0.0,0.0,0.0,0.0,2.0,5,5,3
98725,16,2,1,3,2,3,0,1,1,1,1,22,2,2,0.0,0.0,0.0,0.0,0.0,2.0,22,6,7
117824,16,2,3,5,8,4,2,0,0,1,2,32,2,2,0.0,0.0,0.0,0.0,0.0,2.0,7,2,8
43254,16,7,3,15,2,3,6,1,1,1,0,36,2,2,0.0,0.0,0.0,0.0,0.0,2.0,12,3,4
138126,4,2,3,0,0,3,0,1,1,1,2,18,2,2,0.0,0.0,0.0,0.0,0.0,2.0,8,3,10
145197,16,2,3,10,2,3,0,5,1,0,2,15,2,2,0.0,0.0,0.0,0.0,0.0,3.0,10,6,10
70721,15,7,3,17,8,3,6,1,0,1,2,18,2,3,1.0,0.0,0.0,1.0,0.0,1.0,18,4,5
137847,4,2,3,15,8,2,0,1,1,1,2,36,2,2,0.0,0.0,0.0,0.0,0.0,2.0,9,5,10
99211,15,2,3,11,15,3,5,5,1,1,2,21,2,2,0.0,0.0,0.0,0.0,0.0,2.0,12,2,7
59760,16,7,1,15,6,3,0,1,0,1,2,23,3,2,0.0,0.0,0.0,0.0,0.0,11.0,20,7,5
84657,16,2,3,15,3,3,0,1,1,1,2,22,2,2,0.0,0.0,0.0,0.0,0.0,2.0,8,2,6
15313,16,2,1,0,6,3,4,1,1,1,2,6,2,2,0.0,0.0,0.0,0.0,0.0,3.0,17,2,2
37255,15,3,1,17,8,3,0,1,1,1,2,24,2,2,0.0,0.0,0.0,0.0,0.0,2.0,5,4,3
120994,15,2,3,17,6,3,0,1,1,1,1,36,2,2,0.0,0.0,0.0,0.0,0.0,2.0,9,6,9
29928,16,3,3,0,8,3,0,5,1,1,2,26,2,2,0.0,0.0,0.0,0.0,0.0,2.0,13,7,3
105570,4,2,3,17,8,3,0,1,1,1,2,36,2,2,0.0,0.0,0.0,0.0,0.0,2.0,10,7,8
134756,16,2,1,17,8,3,5,5,0,1,2,18,2,2,0.0,0.0,0.0,0.0,0.0,2.0,22,4,9