crash_date,               traffic_control_device,weather_condition,lighting_condition,first_crash_type,trafficway_type,alignment,roadway_surface_cond,road_defect,crash_type,intersection_related_i,damage,prim_contributory_cause,num_units,most_severe_injury,injuries_total,injuries_fatal,injuries_incapacitating,injuries_non_incapacitating,injuries_reported_not_evident,injuries_no_indication,crash_hour,crash_day_of_week,crash_month
186938,16,2,3,10,8,3,0,1,1,1,2,19,2,2,0.0,0.0,0.0,0.0,0.0,2.0,14,6,12
185496,16,3,1,10,8,3,6,5,1,1,2,19,2,2,0.0,0.0,0.0,0.0,0.0,2.0,19,6,12
63064,16,2,3,14,2,3,0,1,1,1,2,36,2,2,0.0,0.0,0.0,0.0,0.0,2.0,6,3,5
97370,16,2,3,9,10,3,0,1,0,1,0,18,2,1,1.0,0.0,1.0,0.0,0.0,1.0,13,2,7
117853,16,2,3,10,15,3,0,1,1,1,1,6,2,2,0.0,0.0,0.0,0.0,0.0,2.0,15,3,8
186877,16,3,3,10,6,3,1,1,0,1,2,19,2,3,1.0,0.0,0.0,1.0,0.0,1.0,12,3,12
48619,16,7,3,17,8,3,6,1,1,1,2,36,2,2,0.0,0.0,0.0,0.0,0.0,2.0,17,1,4
95214,4,7,4,17,3,3,6,5,0,1,2,39,6,3,1.0,0.0,0.0,1.0,0.0,2.0,19,4,7
116643,16,2,1,17,8,3,0,1,0,1,2,23,2,1,3.0,0.0,1.0,2.0,0.0,0.0,20,7,8
38111,16,2,3,10,2,3,0,5,1,1,2,19,2,2,0.0,0.0,0.0,0.0,0.0,3.0,16,6,3
111159,16,2,1,17,6,3,0,1,0,1,2,6,3,4,1.0,0.0,0.0,0.0,1.0,3.0,2,7,8
48228,16,10,3,10,8,3,4,1,0,1,1,36,2,3,2.0,0.0,0.0,2.0,0.0,1.0,12,1,4
37186,16,2,3,10,10,3,0,5,0,1,1,19,2,2,0.0,0.0,0.0,0.0,0.0,2.0,14,3,3
4742,15,2,1,0,6,3,0,1,0,1,2,18,2,3,2.0,0.0,0.0,1.0,1.0,1.0,16,3,1
133195,15,2,3,0,8,3,0,1,0,1,2,5,2,3,2.0,0.0,0.0,2.0,0.0,1.0,16,2,9
78296,17,7,0,17,10,3,6,1,1,1,2,39,2,2,0.0,0.0,0.0,0.0,0.0,2.0,1,5,6
165190,4,2,3,0,11,3,0,1,1,0,2,38,2,2,0.0,0.0,0.0,0.0,0.0,2.0,16,6,11
161339,4,2,3,15,2,3,0,1,1,1,1,23,2,2,0.0,0.0,0.0,0.0,0.0,2.0,14,4,11
71065,15,2,3,10,8,3,0,1,1,1,2,17,2,2,0.0,0.0,0.0,0.0,0.0,2.0,20,3,5
25586,15,7,5,0,8,3,6,1,1,1,2,18,2,2,0.0,0.0,0.0,0.0,0.0,2.0,18,5,2
168964,15,2,3,0,6,3,0,1,0,1,2,36,3,4,1.0,0.0,0.0,0.0,1.0,1.0,11,4,11
112158,16,2,2,0,19,3,0,1,0,1,2,17,2,4,1.0,0.0,0.0,0.0,1.0,1.0,5,1,8
5632,15,10,3,0,2,3,4,1,1,1,2,39,2,2,0.0,0.0,0.0,0.0,0.0,2.0,11,7,1
88053,16,2,3,10,8,3,0,5,1,1,2,36,2,2,0.0,0.0,0.0,0.0,0.0,2.0,16,5,7
10731,16,2,1,0,3,3,0,1,0,1,2,6,3,3,1.0,0.0,0.0,1.0,0.0,3.0,22,4,1
147578,16,2,3,9,2,3,0,1,1,1,2,36,2,2,0.0,0.0,0.0,0.0,0.0,2.0,10,5,10
121368,15,2,3,0,10,3,0,1,1,1,1,6,3,2,0.0,0.0,0.0,0.0,0.0,4.0,14,5,9
156399,16,2,1,10,2,3,0,1,0,1,2,19,2,2,0.0,0.0,0.0,0.0,0.0,4.0,23,5,11
23848,15,2,1,0,6,3,1,1,0,1,2,18,3,2,0.0,0.0,0.0,0.0,0.0,6.0,23,7,2
29224,15,2,1,0,8,3,0,1,1,1,2,17,2,2,0.0,0.0,0.0,0.0,0.0,2.0,20,7,3
35829,16,2,3,17,2,3,0,1,1,1,1,18,2,2,0.0,0.0,0.0,0.0,0.0,2.0,17,6,3
106356,16,2,3,10,8,3,0,1,1,1,2,17,2,2,0.0,0.0,0.0,0.0,0.0,2.0,5,4,8
165070,15,2,1,0,6,3,0,1,1,1,2,5,2,2,0.0,0.0,0.0,0.0,0.0,2.0,18,4,11
91409,16,2,3,17,8,3,0,1,0,1,1,24,2,4,1.0,0.0,0.0,0.0,1.0,2.0,17,6,7
38488,16,2,3,15,8,3,0,1,1,1,2,22,2,2,0.0,0.0,0.0,0.0,0.0,2.0,14,6,3
10346,16,2,1,15,8,3,0,1,1,1,0,23,2,2,0.0,0.0,0.0,0.0,0.0,2.0,17,6,1
97949,4,2,3,17,8,3,0,1,1,0,2,24,2,2,0.0,0.0,0.0,0.0,0.0,2.0,10,3,7
181419,4,2,3,10,11,3,0,1,1,1,2,26,2,2,0.0,0.0,0.0,0.0,0.0,2.0,11,2,12
178205,4,2,3,11,8,3,0,1,1,1,0,23,2,2,0.0,0.0,0.0,0.0,0.0,2.0,15,4,12
180066,16,7,1,4,6,3,6,1,1,1,1,26,1,2,0.0,0.0,0.0,0.0,0.0,1.0,22,7,12
38781,4,2,1,17,2,3,0,1,1,0,2,23,2,2,0.0,0.0,0.0,0.0,0.0,3.0,19,5,3
78830,16,2,3,10,2,3,0,1,0,1,2,19,2,2,0.0,0.0,0.0,0.0,0.0,7.0,6,5,6
160445,16,2,3,17,2,3,0,1,1,1,2,18,2,2,0.0,0.0,0.0,0.0,0.0,2.0,15,7,11
18174,15,3,3,0,6,3,0,1,1,1,2,36,2,2,0.0,0.0,0.0,0.0,0.0,2.0,15,3,2
54515,16,2,2,17,8,3,0,1,1,1,2,36,2,2,0.0,0.0,0.0,0.0,0.0,2.0,11,7,4
17107,16,2,1,10,8,3,2,5,1,1,1,19,2,2,0.0,0.0,0.0,0.0,0.0,2.0,17,6,2
37004,16,3,3,17,8,3,0,5,0,1,2,18,2,4,1.0,0.0,0.0,0.0,1.0,1.0,9,7,3
80247,16,2,3,17,6,3,0,1,0,1,2,38,2,3,1.0,0.0,0.0,1.0,0.0,1.0,11,5,6
40752,15,2,1,9,6,3,6,1,0,1,1,5,2,3,1.0,0.0,0.0,1.0,0.0,1.0,20,7,3
156098,16,2,3,8,6,3,0,1,0,1,1,36,2,3,1.0,0.0,0.0,1.0,0.0,1.0,8,3,11
162595,16,2,1,17,2,3,0,1,1,1,1,36,2,2,0.0,0.0,0.0,0.0,0.0,2.0,23,3,11
119571,16,2,3,0,3,3,0,1,1,1,2,36,2,2,0.0,0.0,0.0,0.0,0.0,2.0,9,6,8
141876,16,2,3,10,8,3,0,1,1,1,2,19,2,2,0.0,0.0,0.0,0.0,0.0,2.0,18,5,10
110254,16,2,3,10,8,3,0,1,1,1,2,36,2,2,0.0,0.0,0.0,0.0,0.0,2.0,17,7,8
188767,18,2,3,0,6,3,6,1,1,1,1,18,2,2,0.0,0.0,0.0,0.0,0.0,2.0,10,3,12
24007,15,2,3,10,8,3,6,1,1,1,0,19,2,2,0.0,0.0,0.0,0.0,0.0,2.0,16,3,2
105117,15,2,3,17,8,3,0,1,1,1,2,18,2,2,0.0,0.0,0.0,0.0,0.0,2.0,9,5,8
51583,15,2,3,17,8,3,0,1,0,1,2,18,2,2,0.0,0.0,0.0,0.0,0.0,7.0,13,1,4
147528,16,2,3,17,2,3,0,1,1,1,2,24,2,2,0.0,0.0,0.0,0.0,0.0,2.0,13,5,10
117666,15,2,2,0,15,3,0,5,1,1,2,5,2,2,0.0,0.0,0.0,0.0,0.0,2.0,5,2,8
46275,16,7,3,0,8,3,5,5,1,1,2,36,2,2,0.0,0.0,0.0,0.0,0.0,2.0,13,1,4
117795,16,2,3,17,11,3,0,1,1,1,2,36,2,2,0.0,0.0,0.0,0.0,0.0,2.0,14,2,8
95704,18,2,3,15,8,3,5,5,1,1,1,36,2,2,0.0,0.0,0.0,0.0,0.0,2.0,15,5,7
17852,15,2,3,2,8,3,4,1,0,1,2,18,1,3,1.0,0.0,0.0,1.0,0.0,0.0,14,4,2
94158,15,2,3,0,6,3,0,1,0,1,2,18,3,4,1.0,0.0,0.0,0.0,1.0,2.0,20,7,7
147946,4,2,3,10,8,3,0,1,1,1,2,36,2,2,0.0,0.0,0.0,0.0,0.0,4.0,17,6,10
97140,16,2,1,17,8,3,0,1,1,1,1,18,2,2,0.0,0.0,0.0,0.0,0.0,2.0,21,4,7
164796,16,2,1,17,8,3,0,1,1,1,2,36,2,2,0.0,0.0,0.0,0.0,0.0,2.0,6,6,11
138061,16,2,3,17,19,3,0,5,1,1,1,36,2,2,0.0,0.0,0.0,0.0,0.0,2.0,9,1,10
33848,16,10,1,10,3,3,4,1,0,1,2,39,2,2,0.0,0.0,0.0,0.0,0.0,2.0,21,2,3
182840,16,2,1,10,8,3,0,1,0,1,2,36,2,4,1.0,0.0,0.0,0.0,1.0,1.0,0,1,12
13327,16,7,3,17,8,3,6,1,0,1,2,18,2,2,0.0,0.0,0.0,0.0,0.0,2.0,9,7,1
66043,15,2,3,17,8,3,0,5,0,1,2,23,2,2,0.0,0.0,0.0,0.0,0.0,2.0,8,2,5
89082,15,2,3,0,6,3,0,1,0,1,2,24,2,3,1.0,0.0,0.0,1.0,0.0,1.0,15,7,7
103843,16,2,3,8,6,3,0,1,0,1,1,6,2,1,1.0,0.0,1.0,0.0,0.0,1.0,9,2,7
2057,16,2,1,9,2,3,0,1,0,1,1,36,2,1,1.0,0.0,1.0,0.0,0.0,1.0,1,7,1
106193,15,2,1,7,8,3,0,1,0,1,2,30,5,2,0.0,0.0,0.0,0.0,0.0,1.0,22,7,8
174797,16,7,3,17,2,3,6,1,1,1,2,22,3,2,0.0,0.0,0.0,0.0,0.0,4.0,8,3,12
32235,16,2,1,0,6,3,0,1,0,1,2,36,2,3,1.0,0.0,0.0,1.0,0.0,1.0,5,4,3
159423,15,2,3,10,6,3,0,1,1,1,0,19,2,2,0.0,0.0,0.0,0.0,0.0,2.0,10,7,11
20531,15,2,3,0,3,3,0,5,0,1,2,18,2,4,1.0,0.0,0.0,0.0,1.0,4.0,8,2,2
6528,17,2,3,10,8,3,1,1,1,1,1,36,2,2,0.0,0.0,0.0,0.0,0.0,2.0,11,7,1
87325,4,2,3,7,8,3,0,1,1,1,2,36,2,2,0.0,0.0,0.0,0.0,0.0,1.0,18,7,6
16496,15,7,1,0,8,3,6,1,0,1,2,5,2,2,0.0,0.0,0.0,0.0,0.0,2.0,5,2,2
152343,16,2,3,10,8,3,0,1,1,1,1,36,2,2,0.0,0.0,0.0,0.0,0.0,2.0,12,6,10
163535,16,7,3,17,6,3,6,1,0,1,2,18,2,3,2.0,0.0,0.0,2.0,0.0,0.0,7,5,11
9829,16,2,3,17,3,3,6,1,0,1,2,18,2,2,0.0,0.0,0.0,0.0,0.0,2.0,11,4,1
104450,16,11,3,17,8,3,5,5,1,1,2,18,2,2,0.0,0.0,0.0,0.0,0.0,2.0,14,5,8
13836,4,3,3,9,8,3,0,1,0,1,0,15,2,3,1.0,0.0,0.0,1.0,0.0,1.0,12,2,1
41031,16,2,3,17,2,3,0,5,1,1,1,24,2,2,0.0,0.0,0.0,0.0,0.0,2.0,17,5,3
111599,16,2,1,10,6,3,0,1,1,1,1,19,2,2,0.0,0.0,0.0,0.0,0.0,5.0,20,5,8
59851,15,2,3,0,6,3,0,1,1,1,1,5,2,2,0.0,0.0,0.0,0.0,0.0,2.0,12,1,5
93161,16,2,3,0,6,3,0,1,0,1,2,17,2,1,2.0,0.0,1.0,1.0,0.0,0.0,5,7,7
149635,16,2,1,14,6,3,0,6,0,1,2,22,2,1,2.0,0.0,1.0,1.0,0.0,0.0,0,7,10
105206,16,2,3,17,3,3,0,1,1,1,2,36,2,2,0.0,0.0,0.0,0.0,0.0,2.0,14,7,8
3573,16,2,2,17,6,3,0,1,1,1,2,19,2,2,0.0,0.0,0.0,0.0,0.0,2.0,20,4,1
172414,16,2,3,17,6,3,0,1,0,1,2,3,2,2,0.0,0.0,0.0,0.0,0.0,3.0,7,3,12
91836,16,2,1,0,8,3,0,1,0,1,2,18,3,2,0.0,0.0,0.0,0.0,0.0,6.0,23,7,7
142479,16,2,3,14,6,3,0,1,0,1,2,8,2,2,0.0,0.0,0.0,0.0,0.0,2.0,11,6,10
9468,16,7,1,9,6,3,6,1,0,1,2,39,2,4,1.0,0.0,0.0,0.0,1.0,1.0,20,5,1
119580,16,2,3,0,18,3,0,1,1,1,1,26,2,2,0.0,0.0,0.0,0.0,0.0,2.0,11,6,8
118938,4,7,3,2,8,3,6,5,0,1,2,28,1,2,0.0,0.0,0.0,0.0,0.0,4.0,10,4,8
186687,16,2,3,17,8,3,0,1,0,1,2,18,2,2,0.0,0.0,0.0,0.0,0.0,2.0,12,6,12
6022,16,2,3,15,2,3,0,1,1,1,0,36,2,2,0.0,0.0,0.0,0.0,0.0,2.0,12,6,1
139321,15,2,3,0,8,3,0,1,1,1,2,36,2,2,0.0,0.0,0.0,0.0,0.0,3.0,13,1,10
136519,16,2,3,17,8,3,5,5,1,1,2,18,2,2,0.0,0.0,0.0,0.0,0.0,2.0,13,6,9
85511,16,7,3,17,2,3,6,1,1,1,1,22,2,2,0.0,0.0,0.0,0.0,0.0,2.0,18,7,6
176049,16,2,0,17,2,3,0,5,1,1,1,22,2,2,0.0,0.0,0.0,0.0,0.0,2.0,21,6,12
139438,4,2,1,0,0,3,0,1,0,1,2,18,2,2,0.0,0.0,0.0,0.0,0.0,2.0,19,5,10
1258,16,10,3,0,3,3,6,1,0,1,2,6,2,2,0.0,0.0,0.0,0.0,0.0,7.0,13,2,1
144741,16,2,1,10,10,3,0,1,1,1,2,19,2,2,0.0,0.0,0.0,0.0,0.0,3.0,20,7,10
110505,15,2,3,0,8,3,0,1,0,1,2,18,3,3,1.0,0.0,0.0,1.0,0.0,2.0,17,3,8
100316,16,2,4,0,8,3,0,1,0,1,2,36,2,3,1.0,0.0,0.0,1.0,0.0,1.0,22,4,7
155198,16,2,3,17,2,3,0,1,1,1,1,23,2,2,0.0,0.0,0.0,0.0,0.0,4.0,17,4,10
87385,16,7,3,10,8,3,6,1,1,1,2,19,2,2,0.0,0.0,0.0,0.0,0.0,2.0,14,1,6
130355,15,2,1,0,8,3,0,1,0,1,1,36,2,1,3.0,0.0,3.0,0.0,0.0,0.0,23,6,9
36898,15,2,3,17,6,3,0,5,0,1,2,17,2,2,0.0,0.0,0.0,0.0,0.0,3.0,14,6,3
41578,15,2,3,0,6,3,0,1,0,1,2,18,2,3,3.0,0.0,0.0,2.0,1.0,7.0,15,3,3
31115,16,2,3,10,8,3,0,1,1,1,2,19,2,2,0.0,0.0,0.0,0.0,0.0,2.0,7,5,3
96054,16,2,3,17,8,3,0,1,0,1,2,18,2,3,1.0,0.0,0.0,1.0,0.0,2.0,16,2,7
118507,4,2,3,7,8,3,0,1,1,0,2,12,2,2,0.0,0.0,0.0,0.0,0.0,1.0,7,6,8
112461,16,2,3,15,8,3,0,1,1,1,0,36,2,2,0.0,0.0,0.0,0.0,0.0,2.0,18,4,8
52186,15,2,3,0,6,3,0,1,1,1,2,5,2,2,0.0,0.0,0.0,0.0,0.0,2.0,14,3,4
165062,15,2,1,17,6,3,6,1,0,1,2,18,2,2,0.0,0.0,0.0,0.0,0.0,2.0,5,4,11
54180,16,2,3,10,8,3,0,1,1,1,1,19,2,2,0.0,0.0,0.0,0.0,0.0,2.0,11,7,4
67653,16,2,3,10,8,3,0,1,0,1,2,17,2,3,2.0,0.0,0.0,2.0,0.0,0.0,15,5,5
31439,16,2,3,10,2,3,0,1,1,1,1,36,2,2,0.0,0.0,0.0,0.0,0.0,2.0,9,4,3
184200,16,2,3,17,3,3,0,1,0,1,2,24,2,2,0.0,0.0,0.0,0.0,0.0,2.0,13,6,12
105335,16,2,3,17,8,3,0,1,0,1,2,18,2,2,0.0,0.0,0.0,0.0,0.0,2.0,14,3,8
157842,4,2,3,17,0,3,0,1,0,1,2,38,2,3,2.0,0.0,0.0,2.0,0.0,1.0,10,6,11
15348,16,2,3,10,2,3,4,1,1,1,1,19,2,2,0.0,0.0,0.0,0.0,0.0,2.0,12,2,2
18270,15,2,3,2,15,3,0,1,0,1,1,36,1,4,1.0,0.0,0.0,0.0,1.0,0.0,9,4,2
22272,16,2,1,10,3,3,6,1,1,1,1,36,2,2,0.0,0.0,0.0,0.0,0.0,4.0,19,1,2
142988,16,7,1,9,8,3,6,1,0,1,2,39,2,3,1.0,0.0,0.0,1.0,0.0,1.0,21,5,10
86448,16,2,3,17,8,4,0,1,0,1,2,24,3,2,0.0,0.0,0.0,0.0,0.0,7.0,19,1,6
126036,15,2,1,2,10,3,0,1,1,1,0,36,1,2,0.0,0.0,0.0,0.0,0.0,2.0,21,1,9
135816,15,2,4,0,15,3,0,1,0,1,2,17,2,3,2.0,0.0,0.0,1.0,1.0,1.0,19,6,9
72296,16,7,3,17,6,3,6,5,1,1,2,26,2,2,0.0,0.0,0.0,0.0,0.0,2.0,12,7,6
166928,15,7,1,17,2,3,6,5,0,1,2,17,3,2,0.0,0.0,0.0,0.0,0.0,3.0,17,4,11
6999,16,2,0,9,8,3,0,1,0,1,2,35,2,4,1.0,0.0,0.0,0.0,1.0,1.0,17,3,1
188944,4,2,1,0,10,3,0,1,0,1,2,18,2,2,0.0,0.0,0.0,0.0,0.0,2.0,22,7,12
93738,16,2,3,17,6,2,0,5,0,1,2,18,2,2,0.0,0.0,0.0,0.0,0.0,3.0,7,2,7
98323,16,3,3,0,6,3,0,1,0,1,2,17,2,3,1.0,0.0,0.0,1.0,0.0,1.0,14,1,7
167603,16,2,1,17,8,3,6,1,1,1,0,38,2,2,0.0,0.0,0.0,0.0,0.0,3.0,18,1,11
67312,16,2,3,10,8,3,0,1,1,1,0,19,2,2,0.0,0.0,0.0,0.0,0.0,4.0,9,7,5
1853,16,2,1,0,6,3,0,1,1,1,2,6,2,2,0.0,0.0,0.0,0.0,0.0,2.0,17,5,1
2549,16,2,1,17,6,3,0,5,1,1,0,17,2,2,0.0,0.0,0.0,0.0,0.0,3.0,1,2,1
8109,4,3,2,7,10,3,4,2,0,1,2,15,5,2,0.0,0.0,0.0,0.0,0.0,2.0,16,4,1
100035,4,2,3,17,2,3,0,5,0,1,2,18,2,2,0.0,0.0,0.0,0.0,0.0,3.0,12,7,7
102098,16,2,3,10,3,3,0,1,0,1,1,22,3,3,2.0,0.0,0.0,1.0,1.0,1.0,17,4,7
138347,15,11,5,0,6,3,5,5,1,1,2,18,2,2,0.0,0.0,0.0,0.0,0.0,2.0,20,4,10
181550,16,2,2,2,6,3,6,1,1,1,2,36,2,2,0.0,0.0,0.0,0.0,0.0,1.0,7,5,12
105339,4,2,3,17,6,3,0,1,1,1,2,18,2,2,0.0,0.0,0.0,0.0,0.0,2.0,14,3,8
61348,15,2,1,0,6,3,0,1,0,1,2,5,2,2,0.0,0.0,0.0,0.0,0.0,2.0,3,4,5
181417,15,2,3,0,2,3,0,1,0,1,2,18,3,2,0.0,0.0,0.0,0.0,0.0,3.0,10,2,12
153982,15,2,3,17,2,3,0,1,1,1,1,18,2,2,0.0,0.0,0.0,0.0,0.0,2.0,17,2,10
98979,16,2,3,10,6,3,0,1,1,1,2,36,2,2,0.0,0.0,0.0,0.0,0.0,2.0,18,5,7
49905,16,2,3,17,8,3,0,1,0,1,1,36,2,4,1.0,0.0,0.0,0.0,1.0,4.0,7,4,4
172495,16,2,3,15,8,3,0,1,1,1,2,19,2,2,0.0,0.0,0.0,0.0,0.0,2.0,12,4,12
45373,4,7,3,10,2,3,6,1,1,1,2,39,2,2,0.0,0.0,0.0,0.0,0.0,3.0,11,6,4
117830,4,2,3,9,2,3,0,1,0,1,2,18,2,3,1.0,0.0,0.0,1.0,0.0,1.0,8,2,8
94107,16,2,3,10,2,3,0,1,1,0,0,19,2,2,0.0,0.0,0.0,0.0,0.0,2.0,13,7,7
117389,16,7,3,9,6,3,6,1,0,1,0,36,2,3,1.0,0.0,0.0,1.0,0.0,1.0,10,2,8
8663,16,2,3,15,8,3,0,1,1,1,0,36,2,2,0.0,0.0,0.0,0.0,0.0,3.0,15,5,1
51564,16,6,3,0,6,3,5,1,0,1,2,36,3,3,3.0,0.0,0.0,3.0,0.0,3.0,10,6,4
151201,16,2,3,0,6,3,0,1,1,1,1,6,2,2,0.0,0.0,0.0,0.0,0.0,2.0,10,7,10
40682,16,2,3,17,8,3,0,1,0,1,1,36,2,2,0.0,0.0,0.0,0.0,0.0,2.0,17,5,3
21971,16,7,0,0,8,3,0,1,0,1,1,36,2,2,0.0,0.0,0.0,0.0,0.0,3.0,18,4,2
101220,16,3,1,9,18,3,0,1,0,1,2,36,2,3,1.0,0.0,0.0,1.0,0.0,1.0,22,6,7
185562,16,10,1,17,6,3,4,1,0,1,2,17,2,3,2.0,0.0,0.0,2.0,0.0,3.0,17,7,12
63043,16,2,3,17,8,3,0,1,0,1,2,6,2,3,1.0,0.0,0.0,1.0,0.0,1.0,14,3,5
73593,15,2,3,0,6,3,0,1,1,1,1,12,2,2,0.0,0.0,0.0,0.0,0.0,2.0,16,6,6
60519,4,7,0,17,8,3,6,1,1,1,2,23,2,2,0.0,0.0,0.0,0.0,0.0,2.0,1,3,5
86164,16,2,3,15,8,3,5,5,1,1,1,18,2,2,0.0,0.0,0.0,0.0,0.0,3.0,16,5,6
49920,15,3,3,0,8,3,0,1,0,1,2,36,2,2,0.0,0.0,0.0,0.0,0.0,4.0,9,4,4
122318,15,2,3,2,2,3,0,1,0,1,0,19,1,3,1.0,0.0,0.0,1.0,0.0,0.0,8,3,9
172062,4,2,3,17,8,3,0,5,0,0,2,28,2,2,0.0,0.0,0.0,0.0,0.0,2.0,9,5,11
136294,16,2,3,17,3,3,0,1,0,1,2,18,2,2,0.0,0.0,0.0,0.0,0.0,2.0,14,4,9
615,4,2,3,0,8,3,0,1,1,1,2,3,2,2,0.0,0.0,0.0,0.0,0.0,2.0,11,3,1
126794,16,11,3,17,6,3,5,5,1,1,2,36,2,2,0.0,0.0,0.0,0.0,0.0,2.0,11,5,9
18489,16,2,1,10,10,3,0,1,1,1,2,36,2,2,0.0,0.0,0.0,0.0,0.0,2.0,20,7,2
91076,4,2,3,14,8,3,0,1,0,1,2,36,2,3,2.0,0.0,0.0,2.0,0.0,1.0,12,1,7
46037,16,2,1,0,8,3,0,1,0,1,2,5,2,3,2.0,0.0,0.0,2.0,0.0,1.0,4,6,4
187350,16,2,3,17,8,3,0,1,1,1,2,6,3,2,0.0,0.0,0.0,0.0,0.0,3.0,13,4,12
116056,16,2,3,17,2,3,0,1,0,1,2,18,2,3,1.0,0.0,0.0,1.0,0.0,1.0,12,4,8
97146,16,2,3,0,8,3,0,1,0,1,2,36,2,3,1.0,0.0,0.0,1.0,0.0,1.0,10,4,7
38930,16,2,1,10,8,3,0,1,0,1,2,19,2,1,2.0,0.0,1.0,0.0,1.0,2.0,2,7,3
146218,16,2,3,17,6,3,5,5,1,1,2,18,2,2,0.0,0.0,0.0,0.0,0.0,4.0,9,1,10
141096,17,7,1,15,17,3,6,1,1,1,1,36,2,2,0.0,0.0,0.0,0.0,0.0,4.0,20,7,10
11830,4,7,3,17,8,3,6,1,0,1,2,18,2,1,1.0,0.0,1.0,0.0,0.0,3.0,14,4,1
88116,16,2,2,10,5,3,0,1,1,1,1,18,2,2,0.0,0.0,0.0,0.0,0.0,3.0,5,6,7
159227,16,2,1,17,8,3,0,1,1,1,2,36,2,2,0.0,0.0,0.0,0.0,0.0,2.0,18,3,11
170117,16,7,3,17,8,3,6,1,1,1,1,24,2,2,0.0,0.0,0.0,0.0,0.0,2.0,10,6,11
73851,17,2,1,8,17,3,0,1,0,0,0,36,2,1,1.0,0.0,1.0,0.0,0.0,1.0,23,3,6
122043,4,2,3,10,8,3,0,3,1,1,2,33,2,2,0.0,0.0,0.0,0.0,0.0,2.0,13,1,9
14755,15,10,0,0,8,3,4,5,0,1,2,36,2,2,0.0,0.0,0.0,0.0,0.0,2.0,21,5,1
39888,16,2,3,9,2,3,0,1,0,1,2,36,2,3,1.0,0.0,0.0,1.0,0.0,1.0,11,3,3
183667,4,2,3,0,8,3,0,1,1,1,2,18,2,2,0.0,0.0,0.0,0.0,0.0,2.0,10,5,12
68727,16,2,1,10,8,3,0,1,1,1,2,36,2,2,0.0,0.0,0.0,0.0,0.0,2.0,22,7,5
25450,16,2,3,0,6,3,0,1,0,1,2,6,2,2,0.0,0.0,0.0,0.0,0.0,3.0,11,1,2
188080,16,10,1,10,8,3,4,1,1,1,1,39,2,2,0.0,0.0,0.0,0.0,0.0,2.0,2,7,12
69454,15,2,1,10,8,3,0,1,0,1,2,36,2,2,0.0,0.0,0.0,0.0,0.0,2.0,0,5,5
78636,16,7,1,10,6,3,6,1,1,1,1,19,2,2,0.0,0.0,0.0,0.0,0.0,2.0,19,3,6
70508,16,2,3,15,6,4,0,1,1,1,0,22,2,2,0.0,0.0,0.0,0.0,0.0,3.0,12,1,5
70834,16,2,1,8,6,3,0,1,1,1,0,18,2,2,0.0,0.0,0.0,0.0,0.0,3.0,23,5,5
148398,15,2,3,0,8,3,0,1,0,1,2,18,3,2,0.0,0.0,0.0,0.0,0.0,3.0,17,4,10
160809,16,2,3,0,8,3,0,1,0,1,2,36,2,3,1.0,0.0,0.0,1.0,0.0,2.0,11,3,11
50589,15,2,3,0,6,3,0,1,0,1,2,36,2,2,0.0,0.0,0.0,0.0,0.0,4.0,13,4,4
92950,16,2,3,17,8,3,0,1,0,1,2,36,2,3,2.0,0.0,0.0,1.0,1.0,0.0,12,4,7
61189,15,7,3,17,2,3,6,1,1,1,2,18,2,2,0.0,0.0,0.0,0.0,0.0,2.0,16,7,5
121547,16,2,3,9,6,3,0,1,1,1,0,18,2,2,0.0,0.0,0.0,0.0,0.0,3.0,10,7,9
11640,16,7,1,0,6,3,6,1,0,1,2,6,2,3,1.0,0.0,0.0,1.0,0.0,2.0,19,6,1
72390,16,2,3,17,2,3,0,1,0,1,2,18,2,2,0.0,0.0,0.0,0.0,0.0,2.0,19,7,6
157188,16,2,3,17,2,3,0,1,1,1,2,24,2,2,0.0,0.0,0.0,0.0,0.0,2.0,10,4,11
13266,16,2,3,7,11,3,0,1,1,1,2,12,2,2,0.0,0.0,0.0,0.0,0.0,1.0,10,6,1
143232,15,2,3,7,8,3,0,1,1,1,2,12,2,2,0.0,0.0,0.0,0.0,0.0,3.0,7,3,10
16677,15,10,0,17,8,3,6,1,0,1,2,36,2,2,0.0,0.0,0.0,0.0,0.0,2.0,18,6,2
80728,4,2,3,8,15,3,0,1,0,1,2,36,2,1,1.0,0.0,1.0,0.0,0.0,1.0,17,6,6
170477,15,2,1,17,15,3,0,1,0,1,2,5,2,4,1.0,0.0,0.0,0.0,1.0,1.0,23,1,11
156666,16,2,3,15,6,3,0,2,0,1,2,23,2,2,0.0,0.0,0.0,0.0,0.0,2.0,9,3,11
155316,15,9,1,0,6,3,4,5,0,1,2,5,2,4,1.0,0.0,0.0,0.0,1.0,3.0,8,5,10
83862,16,2,3,17,2,3,0,5,0,1,2,18,2,3,1.0,0.0,0.0,1.0,0.0,2.0,11,1,6
77380,16,2,1,15,8,3,0,1,1,1,1,36,2,2,0.0,0.0,0.0,0.0,0.0,4.0,21,6,6
96355,16,2,2,0,8,3,0,1,0,1,2,6,3,3,1.0,0.0,0.0,1.0,0.0,2.0,6,7,7
75044,15,2,3,0,2,3,0,1,1,1,1,18,2,2,0.0,0.0,0.0,0.0,0.0,2.0,17,5,6
60778,15,2,3,0,15,3,0,1,0,1,2,5,2,2,0.0,0.0,0.0,0.0,0.0,5.0,13,2,5
87468,15,2,3,17,10,3,0,1,1,1,0,36,2,2,0.0,0.0,0.0,0.0,0.0,2.0,16,3,6