crash_date,               traffic_control_device,weather_condition,lighting_condition,first_crash_type,trafficway_type,alignment,roadway_surface_cond,road_defect,crash_type,intersection_related_i,damage,prim_contributory_cause,num_units,most_severe_injury,injuries_total,injuries_fatal,injuries_incapacitating,injuries_non_incapacitating,injuries_reported_not_evident,injuries_no_indication,crash_hour,crash_day_of_week,crash_month
44056,16,2,4,0,8,3,6,1,0,1,2,36,2,2,0.0,0.0,0.0,0.0,0.0,4.0,19,5,4
9890,4,2,3,17,8,3,0,1,1,1,2,18,2,2,0.0,0.0,0.0,0.0,0.0,3.0,11,5,1
65081,4,2,1,17,8,3,0,5,1,0,2,18,2,2,0.0,0.0,0.0,0.0,0.0,3.0,21,5,5
16901,16,10,0,17,8,3,4,1,1,1,1,19,2,2,0.0,0.0,0.0,0.0,0.0,2.0,18,2,2
3081,4,2,3,0,6,3,0,1,1,1,2,5,2,2,0.0,0.0,0.0,0.0,0.0,3.0,15,3,1
138490,16,7,3,17,6,3,6,1,0,1,2,17,3,2,0.0,0.0,0.0,0.0,0.0,6.0,17,7,10
51196,15,2,3,0,6,3,0,1,1,1,2,36,2,2,0.0,0.0,0.0,0.0,0.0,2.0,11,7,4
120919,15,2,1,0,6,3,0,1,0,1,2,18,2,4,1.0,0.0,0.0,0.0,1.0,3.0,23,5,9
162900,15,2,3,17,8,3,0,1,1,1,2,24,2,2,0.0,0.0,0.0,0.0,0.0,2.0,7,2,11
105054,4,2,3,0,8,3,6,1,0,1,1,36,2,1,1.0,0.0,1.0,0.0,0.0,2.0,16,4,8
122233,16,2,1,15,10,3,0,1,1,1,1,36,2,2,0.0,0.0,0.0,0.0,0.0,2.0,3,2,9
58689,16,2,3,17,8,3,0,1,1,1,1,24,2,2,0.0,0.0,0.0,0.0,0.0,2.0,15,5,5
18099,16,10,3,17,6,3,4,1,1,1,1,24,2,2,0.0,0.0,0.0,0.0,0.0,2.0,9,1,2
137280,15,2,3,0,6,3,0,1,1,1,2,18,2,2,0.0,0.0,0.0,0.0,0.0,2.0,12,4,9
120846,16,2,3,10,6,3,0,1,1,1,0,17,2,2,0.0,0.0,0.0,0.0,0.0,2.0,11,4,9
67521,15,2,3,17,8,3,0,1,1,1,2,24,2,2,0.0,0.0,0.0,0.0,0.0,2.0,13,5,5
150781,6,2,3,17,8,3,0,1,1,1,2,8,2,2,0.0,0.0,0.0,0.0,0.0,4.0,10,1,10
188691,16,7,3,17,3,3,6,1,1,1,2,24,2,2,0.0,0.0,0.0,0.0,0.0,2.0,8,2,12
19163,16,2,3,15,2,3,0,5,1,1,2,23,2,2,0.0,0.0,0.0,0.0,0.0,5.0,13,6,2
187237,16,2,1,0,8,3,5,5,1,1,1,36,2,2,0.0,0.0,0.0,0.0,0.0,2.0,3,2,12
42155,16,7,0,15,8,3,6,1,1,1,2,12,2,2,0.0,0.0,0.0,0.0,0.0,4.0,18,6,3
74388,16,11,3,17,6,3,5,1,1,1,2,12,2,2,0.0,0.0,0.0,0.0,0.0,2.0,8,4,6
22251,15,2,0,10,6,3,1,5,1,1,2,23,2,2,0.0,0.0,0.0,0.0,0.0,5.0,3,1,2
15585,16,2,1,17,8,3,0,1,1,1,2,36,2,2,0.0,0.0,0.0,0.0,0.0,2.0,17,5,2
14699,4,2,3,10,8,3,5,5,1,1,2,22,2,2,0.0,0.0,0.0,0.0,0.0,2.0,14,5,1
151141,15,7,1,8,8,3,0,1,0,1,2,36,2,3,1.0,0.0,0.0,1.0,0.0,1.0,19,5,10
41272,16,2,3,15,2,3,0,1,1,1,0,12,2,2,0.0,0.0,0.0,0.0,0.0,4.0,17,4,3
69441,16,7,1,0,6,3,6,5,0,1,2,6,2,3,2.0,0.0,0.0,1.0,1.0,0.0,22,5,5
181675,6,2,1,10,8,3,0,1,1,1,1,19,2,2,0.0,0.0,0.0,0.0,0.0,3.0,16,7,12
58790,16,2,3,10,8,3,0,1,1,1,1,19,2,2,0.0,0.0,0.0,0.0,0.0,2.0,18,6,5
8191,4,2,3,2,8,3,0,1,1,1,1,36,1,2,0.0,0.0,0.0,0.0,0.0,1.0,16,5,1
6841,16,10,1,17,2,4,6,1,1,1,2,22,2,2,0.0,0.0,0.0,0.0,0.0,2.0,23,6,1
63375,16,11,3,15,19,3,5,5,1,1,2,36,2,2,0.0,0.0,0.0,0.0,0.0,3.0,17,7,5
180164,16,2,1,17,3,3,0,1,1,1,2,17,2,2,0.0,0.0,0.0,0.0,0.0,2.0,17,6,12
57084,16,2,3,10,2,3,0,1,1,1,2,19,2,2,0.0,0.0,0.0,0.0,0.0,5.0,14,6,5
169305,16,2,3,17,18,3,0,5,1,1,2,22,2,2,0.0,0.0,0.0,0.0,0.0,3.0,7,2,11
29345,15,2,3,17,2,3,0,1,0,1,2,38,2,2,0.0,0.0,0.0,0.0,0.0,4.0,11,3,3
84201,4,2,3,10,8,3,0,1,0,1,2,19,2,2,0.0,0.0,0.0,0.0,0.0,2.0,13,7,6
61143,15,2,3,0,8,3,6,1,0,1,2,36,2,2,0.0,0.0,0.0,0.0,0.0,2.0,9,6,5
3388,15,7,3,7,8,3,6,1,1,1,2,22,2,2,0.0,0.0,0.0,0.0,0.0,2.0,13,6,1
79016,16,2,3,10,8,3,0,5,1,1,2,36,3,2,0.0,0.0,0.0,0.0,0.0,3.0,13,2,6
170262,15,2,3,17,3,2,6,1,1,1,2,23,2,2,0.0,0.0,0.0,0.0,0.0,2.0,9,3,11
13713,16,10,3,17,8,3,4,5,0,1,1,36,2,2,0.0,0.0,0.0,0.0,0.0,2.0,11,7,1
151031,16,7,3,15,8,3,6,1,0,1,2,18,2,2,0.0,0.0,0.0,0.0,0.0,3.0,9,3,10
53365,16,2,3,15,8,3,0,1,1,1,2,36,2,2,0.0,0.0,0.0,0.0,0.0,2.0,12,3,4
170253,16,2,3,0,8,3,6,1,0,1,0,18,2,2,0.0,0.0,0.0,0.0,0.0,2.0,8,3,11
63323,16,2,3,0,8,3,0,1,1,1,1,6,2,2,0.0,0.0,0.0,0.0,0.0,2.0,7,6,5
21103,4,2,3,17,8,3,0,1,0,1,2,36,2,3,2.0,0.0,0.0,2.0,0.0,0.0,12,3,2
137585,4,2,3,8,15,3,0,1,0,1,0,24,2,4,1.0,0.0,0.0,0.0,1.0,1.0,11,2,9
83920,4,11,1,7,10,3,5,1,1,1,2,36,2,2,0.0,0.0,0.0,0.0,0.0,1.0,0,3,6
53130,15,2,3,17,2,3,0,1,1,1,2,24,2,2,0.0,0.0,0.0,0.0,0.0,2.0,11,5,4
126373,16,2,1,10,2,3,0,1,1,1,2,36,2,2,0.0,0.0,0.0,0.0,0.0,2.0,1,1,9
1659,15,2,3,17,8,3,6,1,1,1,2,36,2,2,0.0,0.0,0.0,0.0,0.0,3.0,10,7,1
93268,16,7,3,17,6,3,6,1,1,1,0,17,2,2,0.0,0.0,0.0,0.0,0.0,3.0,12,1,7
67198,16,2,3,17,6,3,0,1,0,1,2,18,2,2,0.0,0.0,0.0,0.0,0.0,3.0,16,5,5
49152,16,2,3,10,2,3,0,1,0,1,2,17,2,3,2.0,0.0,0.0,1.0,1.0,0.0,7,5,4
156724,15,2,3,8,8,3,0,1,0,1,2,18,2,1,1.0,0.0,1.0,0.0,0.0,1.0,8,4,11
171410,16,2,3,17,3,3,0,1,0,1,2,6,2,2,0.0,0.0,0.0,0.0,0.0,3.0,11,2,11
169752,15,10,3,0,2,3,4,1,1,1,1,12,2,2,0.0,0.0,0.0,0.0,0.0,4.0,11,2,11
114197,4,2,1,7,8,3,5,5,1,0,0,36,2,2,0.0,0.0,0.0,0.0,0.0,4.0,21,3,8
159723,15,3,3,10,8,3,0,1,1,1,2,19,2,2,0.0,0.0,0.0,0.0,0.0,2.0,8,3,11
68194,15,2,3,0,8,3,0,1,1,1,2,5,2,2,0.0,0.0,0.0,0.0,0.0,3.0,17,6,5
174645,16,7,0,0,8,3,6,4,0,1,2,6,2,4,1.0,0.0,0.0,0.0,1.0,1.0,19,1,12
115819,4,2,3,17,2,3,0,1,1,1,0,36,2,2,0.0,0.0,0.0,0.0,0.0,2.0,16,1,8
123939,16,2,1,10,3,3,0,1,1,1,1,28,2,2,0.0,0.0,0.0,0.0,0.0,2.0,20,6,9
62699,16,2,1,0,2,3,0,1,1,1,1,36,2,2,0.0,0.0,0.0,0.0,0.0,2.0,12,2,5
158053,16,2,1,17,8,3,0,5,1,1,2,18,2,2,0.0,0.0,0.0,0.0,0.0,4.0,22,7,11
46957,16,2,3,17,8,3,0,1,1,1,2,36,2,2,0.0,0.0,0.0,0.0,0.0,2.0,11,2,4
133662,16,3,3,10,3,3,0,1,0,1,0,36,2,4,2.0,0.0,0.0,0.0,2.0,2.0,16,2,9
81496,16,2,3,10,8,3,0,1,1,1,1,36,2,2,0.0,0.0,0.0,0.0,0.0,3.0,15,2,6
70280,15,2,3,0,8,3,0,1,1,1,1,36,2,2,0.0,0.0,0.0,0.0,0.0,2.0,16,4,5
165684,15,3,3,17,8,3,0,5,1,1,1,18,2,2,0.0,0.0,0.0,0.0,0.0,2.0,12,5,11
47517,6,2,3,0,6,3,0,5,1,1,1,36,2,2,0.0,0.0,0.0,0.0,0.0,5.0,14,6,4
24609,16,2,1,17,6,3,0,2,0,1,2,18,3,2,0.0,0.0,0.0,0.0,0.0,3.0,22,6,2
129938,16,2,3,17,8,3,0,1,0,1,2,18,2,3,2.0,0.0,0.0,2.0,0.0,0.0,12,7,9
64539,18,2,1,0,6,3,0,1,0,1,2,6,2,3,1.0,0.0,0.0,1.0,0.0,1.0,23,6,5
18336,16,2,3,9,2,3,6,1,0,1,0,18,2,3,1.0,0.0,0.0,1.0,0.0,1.0,7,5,2
138675,4,2,3,17,6,3,0,5,0,1,2,24,2,3,5.0,0.0,0.0,5.0,0.0,0.0,16,4,10
96781,16,2,3,17,8,3,0,1,0,1,2,18,2,4,1.0,0.0,0.0,0.0,1.0,4.0,17,7,7
67476,16,11,3,17,18,3,5,5,0,1,2,18,2,2,0.0,0.0,0.0,0.0,0.0,3.0,17,3,5
40726,16,7,1,10,8,3,6,1,1,1,2,39,2,2,0.0,0.0,0.0,0.0,0.0,2.0,0,5,3
46483,16,7,3,0,8,3,6,5,1,1,1,36,2,2,0.0,0.0,0.0,0.0,0.0,2.0,16,7,4
125834,16,2,3,17,8,3,0,1,0,1,2,18,2,3,2.0,0.0,0.0,2.0,0.0,1.0,15,7,9
93502,16,2,3,10,8,3,0,5,1,1,2,22,2,2,0.0,0.0,0.0,0.0,0.0,2.0,16,5,7
107213,16,2,3,17,10,3,0,1,1,1,2,36,2,2,0.0,0.0,0.0,0.0,0.0,3.0,18,2,8
168047,15,2,1,17,2,3,0,6,1,1,2,24,2,2,0.0,0.0,0.0,0.0,0.0,3.0,23,4,11
166210,18,2,3,0,8,3,0,1,0,1,2,26,2,2,0.0,0.0,0.0,0.0,0.0,2.0,13,6,11
161360,4,2,1,7,10,3,0,1,1,1,2,36,2,2,0.0,0.0,0.0,0.0,0.0,1.0,19,6,11
97847,15,2,3,17,2,3,5,5,1,1,1,36,2,2,0.0,0.0,0.0,0.0,0.0,3.0,13,2,7
22375,4,3,3,2,8,3,0,1,0,1,2,30,2,3,1.0,0.0,0.0,1.0,0.0,0.0,8,4,2
50469,16,2,0,10,10,3,0,1,1,0,2,36,2,2,0.0,0.0,0.0,0.0,0.0,2.0,21,1,4
119704,16,2,1,2,8,3,0,1,0,1,2,28,1,2,0.0,0.0,0.0,0.0,0.0,1.0,21,2,8
166531,16,2,1,17,3,3,0,1,0,1,2,18,2,1,1.0,0.0,1.0,0.0,0.0,2.0,22,2,11
159781,16,2,1,10,8,3,0,1,1,1,1,36,2,2,0.0,0.0,0.0,0.0,0.0,2.0,21,4,11
148734,16,2,3,0,8,3,0,5,1,1,2,36,2,2,0.0,0.0,0.0,0.0,0.0,4.0,16,7,10
41905,16,2,1,10,3,4,0,5,0,1,2,36,2,2,0.0,0.0,0.0,0.0,0.0,2.0,23,7,3
152263,16,2,1,17,2,3,0,1,1,1,0,22,2,2,0.0,0.0,0.0,0.0,0.0,3.0,21,5,10
33323,15,2,3,0,15,3,0,1,0,1,2,18,2,2,0.0,0.0,0.0,0.0,0.0,2.0,8,2,3
112192,15,2,1,3,6,3,0,1,1,1,2,23,2,2,0.0,0.0,0.0,0.0,0.0,2.0,0,1,8
66185,16,2,3,0,2,3,0,1,1,1,2,18,2,2,0.0,0.0,0.0,0.0,0.0,2.0,16,3,5
54993,15,2,1,0,6,3,0,1,1,1,2,18,2,2,0.0,0.0,0.0,0.0,0.0,3.0,22,1,4
38611,16,2,3,17,2,3,0,1,0,1,2,30,3,2,0.0,0.0,0.0,0.0,0.0,5.0,12,7,3
21112,16,6,3,9,8,3,6,1,0,1,2,18,2,3,1.0,0.0,0.0,1.0,0.0,1.0,15,4,2
135559,16,2,3,0,2,3,0,1,0,1,2,17,2,4,3.0,0.0,0.0,0.0,3.0,2.0,14,1,9
166679,16,2,0,10,8,3,0,5,1,1,2,19,2,2,0.0,0.0,0.0,0.0,0.0,2.0,17,6,11
22600,16,10,4,10,8,3,4,1,0,1,2,36,2,2,0.0,0.0,0.0,0.0,0.0,2.0,16,7,2
10434,16,2,1,10,8,3,0,1,1,0,2,17,2,2,0.0,0.0,0.0,0.0,0.0,2.0,23,7,1
107013,16,2,1,17,8,3,0,1,1,1,2,3,2,2,0.0,0.0,0.0,0.0,0.0,4.0,3,7,8
94151,16,3,4,10,8,3,0,1,1,1,2,19,2,2,0.0,0.0,0.0,0.0,0.0,3.0,19,7,7
14758,4,2,3,10,2,3,1,1,0,1,2,19,2,2,0.0,0.0,0.0,0.0,0.0,2.0,10,5,1
42707,15,3,3,0,6,3,0,1,1,1,2,5,2,2,0.0,0.0,0.0,0.0,0.0,2.0,9,2,4
116441,16,2,3,17,15,3,0,1,1,1,2,36,2,2,0.0,0.0,0.0,0.0,0.0,2.0,8,3,8
84926,15,7,3,10,6,3,6,1,1,1,2,5,2,2,0.0,0.0,0.0,0.0,0.0,2.0,13,6,6
183252,4,2,1,4,15,4,0,1,1,1,1,9,1,2,0.0,0.0,0.0,0.0,0.0,2.0,20,6,12
72753,16,2,3,10,8,3,0,1,0,1,2,17,3,2,0.0,0.0,0.0,0.0,0.0,3.0,13,1,6
43060,15,11,1,7,10,3,5,1,0,1,2,36,2,2,0.0,0.0,0.0,0.0,0.0,1.0,22,1,4
135695,4,2,3,0,8,3,0,1,0,1,2,18,2,4,1.0,0.0,0.0,0.0,1.0,2.0,17,3,9
173981,16,2,3,9,6,3,0,1,0,1,0,36,2,3,1.0,0.0,0.0,1.0,0.0,1.0,16,6,12
68679,16,2,3,15,13,3,0,1,1,1,0,22,2,2,0.0,0.0,0.0,0.0,0.0,4.0,14,7,5
179517,15,2,5,0,8,3,0,1,0,1,2,5,2,1,1.0,0.0,1.0,0.0,0.0,1.0,16,5,12
155346,16,10,3,0,6,3,4,1,0,1,2,6,3,3,3.0,0.0,0.0,3.0,0.0,2.0,11,5,10
97446,15,2,3,10,15,4,0,1,0,1,2,26,2,4,1.0,0.0,0.0,0.0,1.0,1.0,15,3,7
108370,15,2,3,10,8,3,0,1,1,1,1,19,2,2,0.0,0.0,0.0,0.0,0.0,2.0,6,6,8
36944,15,2,3,17,10,3,5,5,1,1,2,36,2,2,0.0,0.0,0.0,0.0,0.0,2.0,9,6,3
94736,16,2,3,0,6,3,0,1,0,1,2,36,2,3,2.0,0.0,0.0,2.0,0.0,1.0,7,3,7
188697,16,7,3,0,8,3,6,1,1,1,2,18,2,2,0.0,0.0,0.0,0.0,0.0,3.0,9,2,12
91459,15,2,1,0,8,3,0,1,1,1,2,18,2,2,0.0,0.0,0.0,0.0,0.0,3.0,23,7,7
169260,16,7,3,10,8,3,6,1,1,1,1,19,2,2,0.0,0.0,0.0,0.0,0.0,4.0,11,1,11
132093,16,2,3,17,15,3,0,1,0,1,2,18,2,4,1.0,0.0,0.0,0.0,1.0,1.0,13,2,9
145495,16,11,5,10,8,3,5,5,1,1,2,17,2,2,0.0,0.0,0.0,0.0,0.0,2.0,6,5,10
115028,16,2,1,17,6,3,0,1,0,1,2,36,2,2,0.0,0.0,0.0,0.0,0.0,2.0,2,4,8
31194,4,2,3,0,6,3,0,1,0,1,2,18,2,2,0.0,0.0,0.0,0.0,0.0,3.0,11,7,3
62260,16,2,3,17,6,4,0,5,0,1,2,36,2,4,1.0,0.0,0.0,0.0,1.0,2.0,16,4,5
92330,16,2,1,0,15,3,0,1,0,1,2,6,2,4,1.0,0.0,0.0,0.0,1.0,1.0,22,1,7
52964,16,2,3,8,8,3,0,1,0,1,0,18,2,3,1.0,0.0,0.0,1.0,0.0,1.0,16,2,4
163600,16,2,3,0,8,3,0,1,0,1,1,6,4,1,2.0,0.0,1.0,1.0,0.0,4.0,11,3,11
47688,16,2,3,10,8,3,0,1,1,1,2,8,2,2,0.0,0.0,0.0,0.0,0.0,2.0,11,6,4
62068,16,7,3,10,10,3,6,5,1,1,1,19,2,2,0.0,0.0,0.0,0.0,0.0,3.0,19,6,5
124384,4,2,3,7,8,3,0,1,1,1,2,36,2,2,0.0,0.0,0.0,0.0,0.0,1.0,6,5,9
2495,6,2,3,17,2,3,0,1,0,1,2,18,4,1,2.0,0.0,2.0,0.0,0.0,1.0,11,7,1
136113,16,2,4,13,3,3,0,1,0,1,2,13,2,2,0.0,0.0,0.0,0.0,0.0,2.0,21,7,9
64915,15,7,3,0,6,3,6,5,0,1,2,18,2,2,0.0,0.0,0.0,0.0,0.0,2.0,12,4,5
20225,15,10,3,17,2,3,4,1,0,1,1,18,2,2,0.0,0.0,0.0,0.0,0.0,2.0,16,3,2
94913,16,3,1,14,6,3,0,1,0,1,2,19,2,3,3.0,0.0,0.0,3.0,0.0,1.0,21,6,7
101275,16,2,3,15,8,3,5,5,1,1,0,36,2,2,0.0,0.0,0.0,0.0,0.0,2.0,17,5,7
70048,16,2,3,10,6,3,0,1,1,1,0,37,2,2,0.0,0.0,0.0,0.0,0.0,3.0,18,1,5
43512,15,7,1,9,6,3,6,5,0,1,2,18,2,3,1.0,0.0,0.0,1.0,0.0,1.0,19,2,4
163198,16,2,1,15,8,3,0,1,1,1,0,36,2,2,0.0,0.0,0.0,0.0,0.0,3.0,20,5,11
2421,16,2,3,15,2,3,0,1,1,0,1,22,2,2,0.0,0.0,0.0,0.0,0.0,2.0,9,6,1
97726,4,7,3,17,8,3,6,1,0,1,2,18,2,2,0.0,0.0,0.0,0.0,0.0,2.0,17,6,7
18642,16,2,1,0,6,3,0,5,0,1,2,6,2,1,2.0,0.0,1.0,1.0,0.0,0.0,2,4,2
6836,16,1,1,17,6,3,6,1,0,1,2,36,2,4,1.0,0.0,0.0,0.0,1.0,1.0,21,6,1
88567,16,2,3,2,1,3,0,1,1,1,2,26,1,2,0.0,0.0,0.0,0.0,0.0,1.0,10,6,7
98337,16,2,3,2,2,3,0,1,0,1,2,36,1,2,0.0,0.0,0.0,0.0,0.0,1.0,16,1,7
75748,4,2,3,7,10,3,0,1,1,1,2,36,2,2,0.0,0.0,0.0,0.0,0.0,1.0,13,3,6
165221,16,2,0,15,8,3,0,1,1,1,1,23,2,2,0.0,0.0,0.0,0.0,0.0,2.0,21,6,11
101821,15,2,3,15,8,3,0,5,0,1,2,14,2,3,1.0,0.0,0.0,1.0,0.0,1.0,12,7,7
41290,6,2,3,17,11,3,0,2,1,1,2,26,3,2,0.0,0.0,0.0,0.0,0.0,2.0,9,4,3
58004,16,2,3,0,8,3,0,1,0,1,2,18,2,3,1.0,0.0,0.0,1.0,0.0,2.0,16,7,5
56256,4,2,3,0,15,3,0,1,0,1,1,18,2,2,0.0,0.0,0.0,0.0,0.0,2.0,17,7,5
27529,16,7,2,0,8,3,6,1,0,1,2,36,2,2,0.0,0.0,0.0,0.0,0.0,3.0,6,2,2
109722,4,2,3,11,10,3,0,1,1,0,2,21,2,2,0.0,0.0,0.0,0.0,0.0,3.0,12,6,8
68223,16,2,1,17,1,3,0,1,0,1,2,17,2,2,0.0,0.0,0.0,0.0,0.0,2.0,20,6,5
173429,16,2,3,0,8,3,0,1,0,1,2,6,2,2,0.0,0.0,0.0,0.0,0.0,2.0,12,3,12
32399,16,2,3,17,3,3,0,1,0,1,2,18,3,3,1.0,0.0,0.0,1.0,0.0,2.0,8,7,3
28652,16,2,3,17,15,3,5,5,1,1,2,36,2,2,0.0,0.0,0.0,0.0,0.0,3.0,16,6,3
52456,16,2,3,17,8,3,0,1,0,1,2,24,2,2,0.0,0.0,0.0,0.0,0.0,3.0,10,1,4
82995,16,2,3,17,8,3,0,1,0,1,2,18,2,3,1.0,0.0,0.0,1.0,0.0,2.0,11,3,6
44153,16,7,3,17,2,3,6,1,0,1,2,18,2,3,3.0,0.0,0.0,3.0,0.0,1.0,16,5,4
127458,16,2,1,0,6,3,0,1,0,1,2,6,3,2,0.0,0.0,0.0,0.0,0.0,3.0,18,1,9
14132,16,2,3,11,2,3,0,1,1,1,2,36,2,2,0.0,0.0,0.0,0.0,0.0,2.0,16,2,1
110134,15,2,5,0,6,3,0,5,0,1,2,18,2,3,1.0,0.0,0.0,1.0,0.0,1.0,18,5,8
35746,16,11,3,10,15,3,5,5,1,1,2,36,2,2,0.0,0.0,0.0,0.0,0.0,3.0,13,7,3
156975,16,2,3,17,11,3,0,1,0,1,2,18,2,2,0.0,0.0,0.0,0.0,0.0,2.0,12,6,11
132502,15,2,3,17,2,0,0,1,1,1,2,38,2,2,0.0,0.0,0.0,0.0,0.0,2.0,8,6,9
135614,16,2,3,0,8,3,0,1,0,1,2,6,2,2,0.0,0.0,0.0,0.0,0.0,2.0,15,2,9
1592,15,2,3,0,8,3,0,1,0,1,2,18,2,2,0.0,0.0,0.0,0.0,0.0,2.0,8,6,1
28787,16,2,1,10,2,3,0,1,0,1,2,36,2,2,0.0,0.0,0.0,0.0,0.0,2.0,23,6,3
106438,16,2,1,17,8,3,0,1,1,1,2,23,2,2,0.0,0.0,0.0,0.0,0.0,9.0,20,5,8
68139,15,3,3,0,11,3,0,1,1,1,2,18,2,2,0.0,0.0,0.0,0.0,0.0,2.0,8,5,5
167680,16,2,3,10,2,3,0,1,1,1,1,19,2,2,0.0,0.0,0.0,0.0,0.0,2.0,7,4,11
56321,4,3,2,2,8,3,6,1,0,1,2,36,1,4,1.0,0.0,0.0,0.0,1.0,0.0,5,1,5
78749,17,11,5,10,2,3,5,5,1,1,2,36,2,2,0.0,0.0,0.0,0.0,0.0,2.0,17,3,6
119298,15,2,1,14,8,3,0,1,1,0,1,36,2,2,0.0,0.0,0.0,0.0,0.0,3.0,20,3,8
129562,4,2,1,2,8,3,0,1,0,1,2,15,1,2,0.0,0.0,0.0,0.0,0.0,1.0,22,1,9
142939,16,11,3,17,11,4,5,5,1,1,2,24,2,2,0.0,0.0,0.0,0.0,0.0,2.0,13,5,10
110120,16,2,2,0,8,3,0,5,1,1,1,6,2,2,0.0,0.0,0.0,0.0,0.0,2.0,4,5,8
100620,16,2,3,10,15,3,0,1,1,1,0,19,2,2,0.0,0.0,0.0,0.0,0.0,2.0,14,3,7
58660,16,11,5,17,10,3,5,5,1,1,1,36,2,2,0.0,0.0,0.0,0.0,0.0,2.0,21,4,5
65613,16,2,1,0,8,3,0,1,0,1,2,6,2,3,2.0,0.0,0.0,1.0,1.0,0.0,21,7,5
84985,16,7,3,11,6,3,6,1,1,1,2,21,2,2,0.0,0.0,0.0,0.0,0.0,2.0,11,6,6
172970,15,2,3,0,8,3,0,1,0,1,2,18,2,3,2.0,0.0,0.0,1.0,1.0,1.0,8,4,12
97273,16,2,1,17,1,3,0,1,1,1,2,36,2,2,0.0,0.0,0.0,0.0,0.0,4.0,21,6,7
45307,15,7,3,10,10,3,6,5,1,1,1,19,2,2,0.0,0.0,0.0,0.0,0.0,2.0,15,1,4
57153,16,2,3,17,8,3,0,1,1,1,0,22,2,2,0.0,0.0,0.0,0.0,0.0,2.0,10,6,5
49383,16,2,3,0,6,3,0,1,0,1,2,6,2,1,3.0,0.0,1.0,2.0,0.0,0.0,19,3,4
141475,16,7,3,17,8,3,6,1,1,1,2,36,2,2,0.0,0.0,0.0,0.0,0.0,2.0,9,6,10
117430,15,2,3,15,6,3,0,1,1,1,2,23,2,2,0.0,0.0,0.0,0.0,0.0,4.0,7,4,8
55817,16,2,4,0,15,3,0,1,0,1,2,6,2,2,0.0,0.0,0.0,0.0,0.0,3.0,2,7,4
188874,16,7,1,0,8,3,6,1,0,1,2,36,2,2,0.0,0.0,0.0,0.0,0.0,2.0,19,6,12
7305,16,2,3,9,6,3,6,1,0,1,0,36,2,3,1.0,0.0,0.0,1.0,0.0,1.0,10,6,1
11019,4,3,3,15,2,3,0,1,1,1,2,23,2,2,0.0,0.0,0.0,0.0,0.0,3.0,7,2,1
12153,4,5,1,17,3,3,6,1,0,1,2,18,2,3,1.0,0.0,0.0,1.0,0.0,1.0,16,2,1
158012,16,2,4,10,8,3,0,1,1,1,1,19,2,2,0.0,0.0,0.0,0.0,0.0,3.0,17,5,11
68677,4,2,3,2,8,3,0,1,1,1,2,24,1,2,0.0,0.0,0.0,0.0,0.0,1.0,14,7,5
183373,16,2,1,0,6,3,0,5,0,1,2,6,2,4,1.0,0.0,0.0,0.0,1.0,3.0,22,2,12
18317,15,6,1,0,2,3,1,1,0,1,2,38,2,2,0.0,0.0,0.0,0.0,0.0,2.0,4,5,2
122040,15,2,3,10,6,3,0,1,1,1,1,36,2,2,0.0,0.0,0.0,0.0,0.0,2.0,12,7,9
55201,16,7,3,15,8,3,6,1,0,1,2,26,2,3,1.0,0.0,0.0,1.0,0.0,1.0,12,2,4
22892,16,2,3,0,9,3,0,1,0,1,2,6,3,2,0.0,0.0,0.0,0.0,0.0,2.0,16,6,2
109162,4,2,1,15,2,3,0,1,0,0,2,23,2,3,1.0,0.0,0.0,1.0,0.0,1.0,1,7,8
11329,15,2,3,0,6,3,0,1,1,1,1,5,2,2,0.0,0.0,0.0,0.0,0.0,2.0,14,2,1
115015,16,2,3,17,6,3,0,5,1,1,0,17,2,2,0.0,0.0,0.0,0.0,0.0,2.0,10,2,8
29187,16,2,1,17,2,3,0,5,1,1,2,24,2,2,0.0,0.0,0.0,0.0,0.0,2.0,23,6,3
182072,4,2,4,17,8,3,6,1,1,1,2,18,2,2,0.0,0.0,0.0,0.0,0.0,2.0,18,4,12
80477,17,2,3,17,2,3,0,5,0,1,1,26,2,3,1.0,0.0,0.0,1.0,0.0,2.0,16,1,6
56161,17,2,3,0,15,3,6,5,1,1,2,36,2,2,0.0,0.0,0.0,0.0,0.0,2.0,8,4,5
122164,15,2,3,8,16,3,0,1,0,1,0,18,2,4,1.0,0.0,0.0,0.0,1.0,1.0,7,3,9
150142,15,2,2,0,10,3,0,5,0,1,2,36,2,3,1.0,0.0,0.0,1.0,0.0,1.0,5,7,10
50061,4,2,3,17,15,3,0,1,1,1,2,18,2,2,0.0,0.0,0.0,0.0,0.0,3.0,16,1,4
169365,16,7,1,10,3,3,6,1,1,1,2,19,2,2,0.0,0.0,0.0,0.0,0.0,2.0,6,4,11
25344,16,2,1,10,2,3,0,1,1,1,2,36,2,2,0.0,0.0,0.0,0.0,0.0,2.0,2,7,2
92372,16,7,3,10,6,3,6,1,1,0,2,19,2,2,0.0,0.0,0.0,0.0,0.0,2.0,17,3,7
42140,15,3,3,17,6,3,0,1,1,1,0,38,2,2,0.0,0.0,0.0,0.0,0.0,2.0,16,6,3
23494,4,2,1,7,8,3,0,1,1,0,2,23,2,2,0.0,0.0,0.0,0.0,0.0,3.0,20,6,2
147038,4,2,1,17,8,3,0,1,0,1,2,36,2,3,1.0,0.0,0.0,1.0,0.0,1.0,21,4,10
56318,16,2,3,0,2,3,0,5,1,1,2,36,2,2,0.0,0.0,0.0,0.0,0.0,3.0,15,1,5