crash_date,               traffic_control_device,weather_condition,lighting_condition,first_crash_type,trafficway_type,alignment,roadway_surface_cond,road_defect,crash_type,intersection_related_i,damage,prim_contributory_cause,num_units,most_severe_injury,injuries_total,injuries_fatal,injuries_incapacitating,injuries_non_incapacitating,injuries_reported_not_evident,injuries_no_indication,crash_hour,crash_day_of_week,crash_month
74842,15,2,3,0,8,3,0,5,0,1,2,18,2,4,1.0,0.0,0.0,0.0,1.0,1.0,17,3,6
113599,15,2,3,0,11,3,0,1,0,1,2,5,2,3,2.0,0.0,0.0,2.0,0.0,1.0,12,7,8
27535,15,2,1,9,8,3,6,5,0,1,0,36,2,3,1.0,0.0,0.0,1.0,0.0,1.0,19,2,2
61014,16,2,3,0,8,3,0,1,1,1,2,36,2,2,0.0,0.0,0.0,0.0,0.0,3.0,19,6,5
180074,16,7,1,17,6,3,6,1,1,1,1,24,2,2,0.0,0.0,0.0,0.0,0.0,2.0,23,7,12
138994,15,2,3,0,8,3,0,1,0,1,1,18,2,2,0.0,0.0,0.0,0.0,0.0,2.0,13,7,10
170853,16,2,0,17,2,3,0,1,0,1,2,24,2,2,0.0,0.0,0.0,0.0,0.0,2.0,18,7,11
102387,16,2,3,10,3,3,0,5,1,1,2,19,2,2,0.0,0.0,0.0,0.0,0.0,3.0,16,7,7
114665,16,7,1,17,8,3,6,1,0,1,2,11,2,2,0.0,0.0,0.0,0.0,0.0,2.0,20,3,8
135270,15,2,3,17,2,3,0,1,0,1,2,18,2,3,10.0,0.0,0.0,9.0,1.0,1.0,15,5,9
163205,15,2,3,17,6,3,0,1,1,1,2,18,2,2,0.0,0.0,0.0,0.0,0.0,3.0,9,5,11
91184,16,2,3,17,8,3,0,1,0,1,2,36,2,3,1.0,0.0,0.0,1.0,0.0,1.0,17,4,7
170760,4,2,3,0,11,3,0,1,0,1,2,18,2,2,0.0,0.0,0.0,0.0,0.0,3.0,9,4,11
4233,16,2,3,17,6,3,0,1,0,1,2,36,2,1,2.0,0.0,2.0,0.0,0.0,0.0,9,2,1
37221,4,11,5,7,10,3,5,1,1,0,2,26,2,2,0.0,0.0,0.0,0.0,0.0,1.0,9,3,3
132754,4,7,3,10,8,3,6,1,1,1,2,19,2,2,0.0,0.0,0.0,0.0,0.0,2.0,6,4,9
111350,15,2,3,0,6,3,0,1,0,1,2,18,2,2,0.0,0.0,0.0,0.0,0.0,2.0,13,4,8
65942,15,2,3,0,6,3,0,1,0,1,2,5,2,2,0.0,0.0,0.0,0.0,0.0,2.0,15,7,5
115748,15,2,3,17,15,3,4,1,1,1,1,36,2,2,0.0,0.0,0.0,0.0,0.0,2.0,17,6,8
112199,16,2,1,10,8,3,0,1,1,1,0,19,2,2,0.0,0.0,0.0,0.0,0.0,2.0,1,2,8
5057,16,2,1,15,8,3,0,5,1,0,2,23,2,2,0.0,0.0,0.0,0.0,0.0,2.0,22,6,1
176267,4,2,1,2,0,3,1,6,1,1,2,36,1,2,0.0,0.0,0.0,0.0,0.0,1.0,21,4,12
64987,16,2,3,0,8,3,0,1,0,1,2,36,2,4,3.0,0.0,0.0,0.0,3.0,4.0,13,7,5
34050,9,2,3,5,15,3,0,1,1,1,2,26,1,2,0.0,0.0,0.0,0.0,0.0,1.0,12,6,3
177065,16,2,1,0,6,3,0,1,0,1,2,17,2,3,2.0,0.0,0.0,2.0,0.0,0.0,18,2,12
100751,16,2,1,8,2,3,0,1,0,1,0,18,2,3,1.0,0.0,0.0,1.0,0.0,1.0,1,4,7
58324,16,2,3,15,8,3,0,1,1,1,1,36,2,2,0.0,0.0,0.0,0.0,0.0,3.0,13,6,5
2903,16,10,3,17,6,3,6,1,1,1,1,36,2,2,0.0,0.0,0.0,0.0,0.0,2.0,7,2,1
79811,15,2,3,17,2,3,0,1,0,1,2,18,2,2,0.0,0.0,0.0,0.0,0.0,2.0,15,7,6
149671,16,2,3,15,8,3,0,5,1,1,1,36,2,2,0.0,0.0,0.0,0.0,0.0,2.0,18,2,10
69102,15,7,3,0,6,3,6,5,0,1,2,18,2,3,2.0,0.0,0.0,1.0,1.0,1.0,13,1,5
145953,4,2,1,17,8,3,0,1,0,1,2,18,2,3,1.0,0.0,0.0,1.0,0.0,1.0,21,3,10
120034,4,2,3,17,8,3,0,1,0,1,2,18,2,2,0.0,0.0,0.0,0.0,0.0,3.0,17,6,8
1787,16,3,3,10,6,3,6,1,1,1,2,36,2,2,0.0,0.0,0.0,0.0,0.0,2.0,13,4,1
109955,15,2,3,0,8,3,0,1,1,1,1,18,2,2,0.0,0.0,0.0,0.0,0.0,3.0,13,2,8
102332,16,2,1,17,6,3,0,1,1,1,2,4,2,2,0.0,0.0,0.0,0.0,0.0,6.0,23,1,7
119277,16,11,5,0,9,3,5,5,1,1,2,36,2,2,0.0,0.0,0.0,0.0,0.0,2.0,17,3,8
107709,16,2,3,10,2,3,0,5,1,1,1,19,2,2,0.0,0.0,0.0,0.0,0.0,2.0,15,2,8
160430,15,2,3,17,6,3,0,1,1,1,2,18,2,2,0.0,0.0,0.0,0.0,0.0,2.0,13,7,11
53701,15,2,1,3,6,3,0,1,1,1,1,5,2,2,0.0,0.0,0.0,0.0,0.0,3.0,22,1,4
93017,16,2,3,17,8,3,0,1,1,1,2,36,2,2,0.0,0.0,0.0,0.0,0.0,2.0,14,4,7
157205,15,2,3,17,11,3,0,1,1,1,0,19,2,2,0.0,0.0,0.0,0.0,0.0,2.0,14,5,11
37049,16,2,3,10,8,3,0,1,1,1,2,19,2,2,0.0,0.0,0.0,0.0,0.0,3.0,16,1,3
176496,16,2,3,0,8,3,0,1,1,1,2,36,2,2,0.0,0.0,0.0,0.0,0.0,3.0,13,6,12
50736,16,2,3,15,8,3,0,1,0,1,2,22,2,3,3.0,0.0,0.0,3.0,0.0,1.0,9,4,4
83310,15,2,1,0,6,3,0,1,1,1,1,36,2,2,0.0,0.0,0.0,0.0,0.0,2.0,22,7,6
135763,15,2,3,17,8,4,6,1,1,1,1,36,2,2,0.0,0.0,0.0,0.0,0.0,3.0,18,4,9
141959,15,3,3,0,6,3,6,5,0,1,2,5,2,3,1.0,0.0,0.0,1.0,0.0,1.0,6,6,10
39332,16,2,3,10,11,3,2,1,1,1,1,19,2,2,0.0,0.0,0.0,0.0,0.0,4.0,19,7,3
66856,15,2,3,0,6,3,0,1,1,1,1,5,2,2,0.0,0.0,0.0,0.0,0.0,2.0,12,7,5
93360,16,2,1,10,8,3,6,1,1,1,1,17,2,2,0.0,0.0,0.0,0.0,0.0,5.0,21,3,7
68803,17,2,1,0,18,3,0,1,0,1,2,18,2,3,2.0,0.0,0.0,2.0,0.0,1.0,0,1,5
121860,16,2,3,17,6,3,0,1,0,1,2,24,2,3,2.0,0.0,0.0,2.0,0.0,1.0,18,5,9
95841,4,3,3,9,2,3,0,1,0,1,2,36,2,0,1.0,1.0,0.0,0.0,0.0,1.0,14,7,7
151350,16,2,3,15,6,3,0,1,1,1,2,36,2,2,0.0,0.0,0.0,0.0,0.0,2.0,7,2,10
133250,15,2,3,0,2,3,0,1,0,1,2,18,2,4,1.0,0.0,0.0,0.0,1.0,1.0,14,4,9
118105,15,2,3,10,8,3,0,1,0,1,2,19,2,4,1.0,0.0,0.0,0.0,1.0,1.0,12,7,8
102423,15,2,3,8,11,3,0,1,0,1,0,18,2,3,1.0,0.0,0.0,1.0,0.0,1.0,14,1,7
28361,16,3,1,10,3,2,0,1,0,1,2,36,2,2,0.0,0.0,0.0,0.0,0.0,2.0,0,5,3
166190,16,2,1,0,8,3,0,1,0,1,2,6,2,2,0.0,0.0,0.0,0.0,0.0,3.0,21,5,11
167128,16,2,3,17,2,3,0,1,0,1,2,3,2,2,0.0,0.0,0.0,0.0,0.0,2.0,13,4,11
136027,16,3,3,17,8,3,0,0,0,1,0,33,2,3,1.0,0.0,0.0,1.0,0.0,1.0,7,6,9
147146,16,2,1,0,6,3,0,1,0,1,2,6,2,4,1.0,0.0,0.0,0.0,1.0,3.0,20,7,10
143677,15,2,3,17,8,3,0,5,0,1,2,17,2,3,1.0,0.0,0.0,1.0,0.0,1.0,11,1,10
85864,16,2,3,15,8,3,0,1,0,0,1,19,2,3,1.0,0.0,0.0,1.0,0.0,1.0,17,5,6
171060,16,2,1,17,6,3,0,1,1,1,2,24,2,2,0.0,0.0,0.0,0.0,0.0,2.0,1,5,11
100576,16,2,3,7,8,3,0,5,1,1,1,21,2,2,0.0,0.0,0.0,0.0,0.0,1.0,7,2,7
61153,4,2,1,7,10,3,0,1,1,1,2,12,3,2,0.0,0.0,0.0,0.0,0.0,2.0,23,6,5
172514,16,2,1,0,6,3,0,1,0,1,2,6,2,4,1.0,0.0,0.0,0.0,1.0,1.0,16,5,12
94111,16,2,1,10,6,3,0,1,1,1,1,13,2,2,0.0,0.0,0.0,0.0,0.0,3.0,2,7,7
93183,17,2,0,17,8,3,0,5,1,1,1,24,2,2,0.0,0.0,0.0,0.0,0.0,2.0,22,7,7
172861,16,7,3,17,8,3,6,1,0,1,2,36,2,3,3.0,0.0,0.0,3.0,0.0,1.0,7,1,12
68485,16,2,3,17,8,3,0,1,0,1,0,18,2,2,0.0,0.0,0.0,0.0,0.0,2.0,16,5,5
189021,15,7,3,0,6,3,6,1,1,1,2,36,2,2,0.0,0.0,0.0,0.0,0.0,3.0,13,3,12
142521,16,2,0,0,8,3,0,5,0,1,2,6,2,2,0.0,0.0,0.0,0.0,0.0,3.0,18,7,10
30852,16,3,5,14,8,3,2,1,1,1,0,23,2,2,0.0,0.0,0.0,0.0,0.0,2.0,14,2,3
154630,4,7,1,9,2,3,6,1,0,1,0,39,2,3,1.0,0.0,0.0,1.0,0.0,2.0,18,4,10
121198,16,2,3,17,2,3,0,1,0,1,2,18,2,2,0.0,0.0,0.0,0.0,0.0,3.0,15,1,9
132338,16,2,3,8,6,3,0,5,0,1,2,36,2,3,1.0,0.0,0.0,1.0,0.0,1.0,11,5,9
29060,4,2,3,17,18,3,0,1,1,1,2,18,2,2,0.0,0.0,0.0,0.0,0.0,2.0,7,5,3
76819,15,2,3,0,18,3,0,1,1,1,2,36,2,2,0.0,0.0,0.0,0.0,0.0,3.0,14,5,6
166095,15,7,1,17,19,3,6,5,0,1,2,36,2,2,0.0,0.0,0.0,0.0,0.0,2.0,17,3,11
111257,16,2,3,0,2,3,0,5,0,1,2,36,2,2,0.0,0.0,0.0,0.0,0.0,3.0,18,1,8
157494,15,7,3,17,8,3,6,1,0,1,2,18,2,4,2.0,0.0,0.0,0.0,2.0,1.0,11,7,11
113672,15,2,3,17,6,3,0,1,1,1,1,18,2,2,0.0,0.0,0.0,0.0,0.0,2.0,17,2,8
143886,15,2,3,0,2,3,0,1,1,1,2,18,2,2,0.0,0.0,0.0,0.0,0.0,4.0,19,4,10
34483,15,7,4,17,8,3,6,1,1,1,1,24,2,2,0.0,0.0,0.0,0.0,0.0,2.0,20,5,3
17195,16,2,1,17,6,3,6,1,1,1,2,36,2,2,0.0,0.0,0.0,0.0,0.0,2.0,19,7,2
68431,16,2,3,10,10,3,0,1,1,1,1,36,2,2,0.0,0.0,0.0,0.0,0.0,2.0,17,4,5
120041,16,2,3,17,8,3,0,1,0,1,2,36,2,1,1.0,0.0,1.0,0.0,0.0,2.0,18,6,8
74242,16,2,4,15,2,3,0,1,1,1,1,28,2,2,0.0,0.0,0.0,0.0,0.0,2.0,19,1,6
130521,15,2,3,0,11,3,0,5,0,1,2,36,2,2,0.0,0.0,0.0,0.0,0.0,3.0,16,2,9
65727,16,3,3,17,6,3,0,1,1,1,1,22,2,2,0.0,0.0,0.0,0.0,0.0,3.0,8,2,5
189011,15,2,3,0,10,3,6,1,0,1,2,18,2,2,0.0,0.0,0.0,0.0,0.0,2.0,11,1,12
10736,16,2,3,10,10,3,0,1,1,1,0,22,2,2,0.0,0.0,0.0,0.0,0.0,2.0,11,4,1
45517,4,2,3,17,6,3,0,1,1,1,1,24,2,2,0.0,0.0,0.0,0.0,0.0,2.0,14,4,4
179094,16,2,1,17,8,3,0,1,0,1,2,18,2,3,1.0,0.0,0.0,1.0,0.0,1.0,6,6,12
114962,16,2,3,17,8,3,0,1,1,1,2,36,2,2,0.0,0.0,0.0,0.0,0.0,5.0,1,2,8
53719,16,2,3,15,8,3,0,5,1,1,2,36,2,2,0.0,0.0,0.0,0.0,0.0,2.0,15,2,4
2749,16,6,4,17,6,3,5,5,0,1,2,18,2,2,0.0,0.0,0.0,0.0,0.0,4.0,15,6,1
143578,16,7,2,15,8,3,6,1,1,1,1,23,2,2,0.0,0.0,0.0,0.0,0.0,6.0,6,6,10
149081,16,2,3,10,5,3,0,5,1,1,0,21,2,2,0.0,0.0,0.0,0.0,0.0,6.0,12,6,10
153771,16,2,1,10,6,3,0,1,1,1,2,36,2,2,0.0,0.0,0.0,0.0,0.0,2.0,3,7,10
4271,15,2,1,0,6,3,6,5,1,1,1,18,2,2,0.0,0.0,0.0,0.0,0.0,2.0,18,3,1
2978,15,2,3,17,10,3,6,1,0,1,2,18,2,2,0.0,0.0,0.0,0.0,0.0,2.0,14,1,1
44168,16,7,4,17,1,3,6,1,0,1,2,18,2,2,0.0,0.0,0.0,0.0,0.0,2.0,19,5,4
161792,16,2,3,10,2,3,0,1,1,1,2,19,2,2,0.0,0.0,0.0,0.0,0.0,2.0,17,2,11
11163,4,3,4,15,2,3,4,1,0,1,2,18,2,4,1.0,0.0,0.0,0.0,1.0,2.0,15,5,1
64932,15,2,3,2,10,3,0,2,1,1,2,36,2,2,0.0,0.0,0.0,0.0,0.0,1.0,15,5,5
174897,15,2,1,10,2,3,6,1,1,1,1,17,2,2,0.0,0.0,0.0,0.0,0.0,2.0,3,1,12
159272,15,2,3,17,8,3,0,1,1,1,1,18,2,2,0.0,0.0,0.0,0.0,0.0,2.0,14,4,11
40654,15,2,1,0,8,3,0,5,0,1,2,36,3,2,0.0,0.0,0.0,0.0,0.0,3.0,22,4,3
45422,4,2,1,15,10,3,0,1,1,0,2,36,3,2,0.0,0.0,0.0,0.0,0.0,3.0,19,1,4
91472,16,2,3,15,8,3,0,1,1,1,2,23,2,2,0.0,0.0,0.0,0.0,0.0,4.0,14,1,7
63887,16,3,3,15,10,3,0,1,1,1,2,23,2,2,0.0,0.0,0.0,0.0,0.0,2.0,14,2,5
78904,16,2,4,10,2,3,0,1,0,1,0,36,2,2,0.0,0.0,0.0,0.0,0.0,2.0,18,6,6
125775,16,2,3,17,10,3,5,5,1,1,2,36,2,2,0.0,0.0,0.0,0.0,0.0,2.0,19,6,9
164658,17,2,1,2,8,3,0,1,0,0,2,36,1,3,1.0,0.0,0.0,1.0,0.0,0.0,0,5,11
125907,4,2,0,15,15,3,0,1,1,0,2,36,2,2,0.0,0.0,0.0,0.0,0.0,3.0,3,1,9
145238,16,7,1,17,3,3,6,1,1,1,1,36,2,2,0.0,0.0,0.0,0.0,0.0,2.0,18,7,10
132827,15,2,4,0,8,3,0,1,1,1,2,36,2,2,0.0,0.0,0.0,0.0,0.0,2.0,18,5,9
25684,16,2,3,17,6,3,0,1,1,1,2,12,2,2,0.0,0.0,0.0,0.0,0.0,2.0,9,6,2
134065,4,2,3,17,8,3,6,1,0,1,2,18,2,3,2.0,0.0,0.0,2.0,0.0,1.0,13,3,9
68473,16,2,3,17,2,3,0,1,1,1,0,24,2,2,0.0,0.0,0.0,0.0,0.0,2.0,14,5,5
166149,16,3,3,17,10,3,0,1,1,1,1,36,2,2,0.0,0.0,0.0,0.0,0.0,2.0,11,3,11
149095,15,2,3,0,10,3,0,1,1,1,2,36,2,2,0.0,0.0,0.0,0.0,0.0,3.0,14,1,10
60632,16,2,3,10,1,3,0,1,1,1,2,19,2,2,0.0,0.0,0.0,0.0,0.0,2.0,9,5,5
165024,16,2,3,2,8,3,0,1,0,1,2,17,1,2,0.0,0.0,0.0,0.0,0.0,1.0,12,3,11
11955,16,2,3,17,8,3,0,1,1,1,1,36,2,2,0.0,0.0,0.0,0.0,0.0,2.0,15,5,1
183452,4,2,3,8,8,3,0,1,1,1,1,26,2,2,0.0,0.0,0.0,0.0,0.0,2.0,14,4,12
114080,15,2,3,17,8,3,0,1,0,1,2,18,2,2,0.0,0.0,0.0,0.0,0.0,2.0,12,1,8
20642,15,2,3,17,2,3,0,1,1,1,2,36,2,2,0.0,0.0,0.0,0.0,0.0,2.0,10,3,2
116625,16,2,3,10,10,3,0,1,1,1,2,18,2,2,0.0,0.0,0.0,0.0,0.0,2.0,16,7,8
174760,15,7,4,17,15,3,6,5,0,1,2,18,2,3,4.0,0.0,0.0,4.0,0.0,1.0,16,3,12
105841,4,2,3,17,8,4,0,1,1,1,2,26,2,2,0.0,0.0,0.0,0.0,0.0,2.0,7,3,8
97879,4,2,3,15,8,3,0,1,1,1,2,36,2,2,0.0,0.0,0.0,0.0,0.0,2.0,11,2,7
85549,15,7,3,17,8,3,6,1,1,1,2,24,2,2,0.0,0.0,0.0,0.0,0.0,3.0,12,7,6
142144,4,2,3,10,8,3,0,1,1,0,1,36,2,2,0.0,0.0,0.0,0.0,0.0,2.0,8,3,10
15850,16,10,3,10,16,3,4,1,1,1,2,17,3,2,0.0,0.0,0.0,0.0,0.0,4.0,11,4,2
75378,16,2,3,17,8,3,0,1,1,1,2,19,2,2,0.0,0.0,0.0,0.0,0.0,2.0,18,4,6
117644,15,2,3,15,11,3,0,1,1,1,1,36,2,2,0.0,0.0,0.0,0.0,0.0,2.0,13,2,8
179742,16,2,1,17,8,3,0,1,0,1,2,36,2,2,0.0,0.0,0.0,0.0,0.0,2.0,17,2,12
49242,16,2,3,10,2,3,0,1,1,1,1,36,3,2,0.0,0.0,0.0,0.0,0.0,3.0,15,7,4
86660,15,7,3,17,6,3,6,1,1,1,1,18,2,2,0.0,0.0,0.0,0.0,0.0,2.0,16,6,6
182637,16,2,3,17,8,3,0,1,0,1,2,18,2,2,0.0,0.0,0.0,0.0,0.0,3.0,14,5,12
132661,16,7,1,0,6,3,6,1,0,1,2,37,2,3,4.0,0.0,0.0,4.0,0.0,0.0,22,1,9
133984,15,7,1,17,6,3,6,1,1,1,2,19,2,2,0.0,0.0,0.0,0.0,0.0,2.0,22,7,9
136213,16,2,3,17,8,3,0,5,0,1,2,36,3,4,4.0,0.0,0.0,0.0,4.0,0.0,13,3,9
37990,16,2,3,17,8,3,0,1,1,1,2,18,2,2,0.0,0.0,0.0,0.0,0.0,2.0,18,3,3
176892,15,7,1,0,6,3,6,1,1,1,2,18,2,2,0.0,0.0,0.0,0.0,0.0,2.0,16,6,12
175367,15,2,1,0,11,3,0,5,0,1,2,18,2,3,2.0,0.0,0.0,2.0,0.0,1.0,17,6,12
168651,16,2,3,0,8,3,0,1,0,1,2,6,2,3,2.0,0.0,0.0,2.0,0.0,5.0,14,6,11
16871,15,2,3,0,10,3,0,1,1,1,1,36,2,2,0.0,0.0,0.0,0.0,0.0,2.0,12,1,2
128007,15,2,1,0,6,3,0,1,0,1,1,36,2,4,1.0,0.0,0.0,0.0,1.0,5.0,19,2,9
76597,16,2,1,15,8,3,0,1,1,1,2,22,2,2,0.0,0.0,0.0,0.0,0.0,2.0,22,7,6
86348,16,2,3,15,2,3,0,1,1,1,2,23,2,2,0.0,0.0,0.0,0.0,0.0,4.0,14,6,6
45195,16,3,3,10,3,3,5,5,1,1,1,22,3,2,0.0,0.0,0.0,0.0,0.0,3.0,17,5,4
59244,16,2,1,17,8,3,0,1,0,1,2,23,2,2,0.0,0.0,0.0,0.0,0.0,2.0,20,6,5
140468,16,3,3,17,1,3,6,1,0,1,2,18,2,2,0.0,0.0,0.0,0.0,0.0,3.0,13,6,10
45516,15,2,3,17,15,3,0,1,0,1,2,36,2,2,0.0,0.0,0.0,0.0,0.0,2.0,14,4,4
180247,4,11,1,7,8,3,5,1,1,1,2,36,2,2,0.0,0.0,0.0,0.0,0.0,1.0,5,7,12
108279,4,2,3,17,11,3,0,1,1,1,2,4,2,2,0.0,0.0,0.0,0.0,0.0,2.0,13,5,8
120860,15,2,3,11,8,3,0,1,1,1,2,21,2,2,0.0,0.0,0.0,0.0,0.0,2.0,14,5,9
169732,15,10,3,10,8,3,4,1,1,1,1,19,2,2,0.0,0.0,0.0,0.0,0.0,2.0,9,2,11
83128,15,3,3,0,8,3,0,1,0,1,2,8,2,2,0.0,0.0,0.0,0.0,0.0,2.0,14,4,6
168524,16,2,1,0,2,3,0,1,0,1,2,17,2,1,1.0,0.0,1.0,0.0,0.0,1.0,19,5,11
87999,16,2,3,10,6,3,0,5,1,0,2,19,2,2,0.0,0.0,0.0,0.0,0.0,5.0,17,4,7
14029,16,2,1,15,2,3,0,1,1,1,1,23,2,2,0.0,0.0,0.0,0.0,0.0,2.0,16,7,1
39476,4,2,4,15,8,3,0,1,0,1,2,22,2,3,1.0,0.0,0.0,1.0,0.0,1.0,18,4,3
182010,15,2,3,0,11,3,0,1,0,0,2,18,2,2,0.0,0.0,0.0,0.0,0.0,2.0,8,3,12
117682,16,2,2,9,6,3,0,1,0,1,0,18,3,4,2.0,0.0,0.0,0.0,2.0,1.0,6,2,8
77416,4,3,3,0,2,3,0,1,1,1,2,12,2,2,0.0,0.0,0.0,0.0,0.0,2.0,16,7,6
171909,9,2,4,15,16,3,0,1,1,1,2,23,2,2,0.0,0.0,0.0,0.0,0.0,3.0,18,3,11
58333,16,2,3,10,6,3,0,1,1,1,0,36,3,2,0.0,0.0,0.0,0.0,0.0,3.0,15,6,5
74679,16,2,3,2,8,3,0,1,0,1,2,19,1,1,1.0,0.0,1.0,0.0,0.0,1.0,14,1,6
69619,16,2,3,0,8,3,0,1,0,1,2,36,2,2,0.0,0.0,0.0,0.0,0.0,5.0,15,2,5
99757,16,2,1,17,8,3,0,1,0,1,2,18,2,2,0.0,0.0,0.0,0.0,0.0,2.0,22,2,7
177116,16,2,1,15,3,3,5,5,1,1,0,23,2,2,0.0,0.0,0.0,0.0,0.0,2.0,18,5,12
62272,15,2,3,0,8,3,0,1,1,1,2,18,2,2,0.0,0.0,0.0,0.0,0.0,4.0,7,4,5
47164,15,2,3,0,8,3,0,1,1,1,1,8,2,2,0.0,0.0,0.0,0.0,0.0,2.0,18,5,4
101189,16,2,3,10,8,3,0,1,0,1,1,19,3,3,1.0,0.0,0.0,1.0,0.0,2.0,16,6,7
86281,15,2,3,17,2,3,0,1,0,1,2,5,3,2,0.0,0.0,0.0,0.0,0.0,2.0,14,5,6
107390,15,2,3,0,6,3,0,1,1,1,2,18,2,2,0.0,0.0,0.0,0.0,0.0,2.0,14,6,8
62313,16,2,3,10,8,3,0,1,1,1,2,19,2,2,0.0,0.0,0.0,0.0,0.0,2.0,16,5,5
60384,16,2,3,0,6,3,0,1,0,1,2,6,2,3,1.0,0.0,0.0,1.0,0.0,1.0,13,3,5
39336,16,7,3,9,2,3,6,1,0,1,0,18,2,3,1.0,0.0,0.0,1.0,0.0,1.0,9,7,3
177863,16,2,3,15,2,3,0,1,1,1,1,22,2,2,0.0,0.0,0.0,0.0,0.0,2.0,15,4,12
68391,16,2,1,17,8,3,0,1,1,1,1,19,2,2,0.0,0.0,0.0,0.0,0.0,6.0,22,3,5
25087,16,2,1,10,8,3,0,1,0,1,2,37,2,1,1.0,0.0,1.0,0.0,0.0,1.0,20,3,2
65834,4,2,3,7,8,3,0,1,0,1,2,36,2,2,0.0,0.0,0.0,0.0,0.0,1.0,9,5,5
49371,15,2,3,0,6,3,0,1,1,1,1,18,2,2,0.0,0.0,0.0,0.0,0.0,3.0,16,3,4
46205,16,2,3,17,6,3,0,1,0,1,2,23,3,2,0.0,0.0,0.0,0.0,0.0,4.0,12,1,4
177000,16,2,1,15,8,3,0,1,1,1,2,36,2,2,0.0,0.0,0.0,0.0,0.0,2.0,18,7,12
187729,16,7,1,17,8,3,6,1,0,1,2,6,3,3,2.0,0.0,0.0,2.0,0.0,4.0,21,1,12
103236,16,2,3,7,15,3,0,1,1,1,1,36,2,2,0.0,0.0,0.0,0.0,0.0,1.0,8,7,7
100400,16,2,3,10,8,3,0,1,0,1,2,26,2,3,2.0,0.0,0.0,2.0,0.0,1.0,13,7,7
172332,16,2,1,17,19,3,0,5,1,1,2,36,2,2,0.0,0.0,0.0,0.0,0.0,2.0,2,1,12
174219,16,2,3,17,6,3,0,1,1,1,1,36,2,2,0.0,0.0,0.0,0.0,0.0,2.0,14,4,12
110262,17,11,5,0,6,3,5,5,1,1,2,36,2,2,0.0,0.0,0.0,0.0,0.0,2.0,19,7,8
95893,16,2,1,11,6,3,0,1,1,1,2,36,2,2,0.0,0.0,0.0,0.0,0.0,4.0,2,1,7
186643,16,2,4,15,10,3,0,5,1,1,0,23,2,2,0.0,0.0,0.0,0.0,0.0,6.0,16,6,12
71127,15,2,3,17,15,3,0,1,1,1,2,5,2,2,0.0,0.0,0.0,0.0,0.0,2.0,8,5,5
127696,15,2,3,0,3,3,0,1,0,1,2,18,2,2,0.0,0.0,0.0,0.0,0.0,2.0,17,6,9
166802,16,11,1,17,8,3,5,5,1,0,1,24,2,2,0.0,0.0,0.0,0.0,0.0,2.0,2,1,11
104682,16,2,3,17,8,3,0,1,1,1,1,36,2,2,0.0,0.0,0.0,0.0,0.0,3.0,17,6,8
170545,17,2,3,0,6,3,0,1,1,1,2,36,2,2,0.0,0.0,0.0,0.0,0.0,2.0,13,4,11
149584,16,2,3,17,8,3,0,1,0,1,1,18,3,3,3.0,0.0,0.0,3.0,0.0,4.0,15,7,10
188873,16,2,1,17,6,3,0,1,0,1,2,18,2,2,0.0,0.0,0.0,0.0,0.0,4.0,18,6,12
148584,16,2,1,17,6,3,0,1,1,1,2,24,2,2,0.0,0.0,0.0,0.0,0.0,2.0,23,7,10
42080,16,7,3,0,15,3,6,1,1,1,2,36,2,2,0.0,0.0,0.0,0.0,0.0,2.0,6,5,3
158984,16,2,3,17,15,2,0,1,0,1,2,18,2,2,0.0,0.0,0.0,0.0,0.0,3.0,13,1,11
101892,15,2,3,17,8,3,0,1,1,1,2,36,2,2,0.0,0.0,0.0,0.0,0.0,2.0,15,7,7
123726,16,2,3,9,6,3,0,1,1,1,0,6,2,2,0.0,0.0,0.0,0.0,0.0,2.0,11,4,9
138226,16,2,3,10,2,3,0,1,1,1,2,36,2,2,0.0,0.0,0.0,0.0,0.0,2.0,8,2,10
28122,15,2,3,17,8,3,0,1,1,1,1,24,2,2,0.0,0.0,0.0,0.0,0.0,5.0,16,7,2
5078,16,2,1,17,11,3,6,5,1,1,0,36,2,2,0.0,0.0,0.0,0.0,0.0,2.0,1,7,1
63014,4,7,1,2,8,3,6,1,0,1,2,39,1,3,1.0,0.0,0.0,1.0,0.0,0.0,19,1,5
67103,15,2,3,10,8,3,0,1,1,1,1,19,2,2,0.0,0.0,0.0,0.0,0.0,4.0,10,3,5
112574,16,3,3,10,3,3,5,5,1,1,1,36,2,2,0.0,0.0,0.0,0.0,0.0,2.0,8,6,8
54606,16,2,3,17,8,3,0,5,1,0,1,2,2,2,0.0,0.0,0.0,0.0,0.0,2.0,15,7,4
72488,16,2,3,15,10,3,0,1,1,1,2,36,2,2,0.0,0.0,0.0,0.0,0.0,2.0,14,3,6
145547,16,11,3,17,6,3,5,5,1,1,2,36,2,2,0.0,0.0,0.0,0.0,0.0,2.0,15,6,10
150986,15,7,3,0,8,3,6,1,0,1,2,36,3,3,1.0,0.0,0.0,1.0,0.0,2.0,16,3,10
123081,16,2,4,17,8,3,0,6,0,1,2,22,2,2,0.0,0.0,0.0,0.0,0.0,2.0,20,1,9
49584,15,2,0,7,10,3,0,1,0,1,2,36,4,2,0.0,0.0,0.0,0.0,0.0,1.0,19,6,4
84916,15,2,3,7,10,3,0,1,1,1,1,36,2,2,0.0,0.0,0.0,0.0,0.0,1.0,11,5,6