crash_date,               traffic_control_device,weather_condition,lighting_condition,first_crash_type,trafficway_type,alignment,roadway_surface_cond,road_defect,crash_type,intersection_related_i,damage,prim_contributory_cause,num_units,most_severe_injury,injuries_total,injuries_fatal,injuries_incapacitating,injuries_non_incapacitating,injuries_reported_not_evident,injuries_no_indication,crash_hour,crash_day_of_week,crash_month
170158,16,2,3,17,2,3,0,1,0,1,2,18,2,2,0.0,0.0,0.0,0.0,0.0,4.0,7,2,11
170188,16,2,3,2,2,3,0,1,1,0,1,9,1,2,0.0,0.0,0.0,0.0,0.0,1.0,12,2,11
115564,15,2,3,0,8,3,0,1,0,1,2,36,2,3,1.0,0.0,0.0,1.0,0.0,1.0,9,5,8
11196,16,7,1,0,6,3,6,5,0,1,2,6,2,2,0.0,0.0,0.0,0.0,0.0,2.0,20,5,1
42873,16,2,3,15,6,3,0,1,1,0,2,36,2,2,0.0,0.0,0.0,0.0,0.0,2.0,15,5,4
73623,16,3,3,17,6,3,0,1,1,1,2,6,2,2,0.0,0.0,0.0,0.0,0.0,2.0,7,6,6
28943,15,2,3,10,2,3,0,1,1,1,0,21,2,2,0.0,0.0,0.0,0.0,0.0,2.0,16,3,3
139940,16,2,1,0,2,3,0,1,1,1,0,18,2,2,0.0,0.0,0.0,0.0,0.0,2.0,21,5,10
92745,16,2,3,0,8,3,0,1,0,0,2,17,8,3,5.0,0.0,0.0,5.0,0.0,6.0,12,7,7
96584,16,2,3,17,11,3,0,1,0,1,2,18,2,2,0.0,0.0,0.0,0.0,0.0,2.0,13,3,7
15953,16,3,3,17,8,3,0,1,0,1,2,18,2,3,1.0,0.0,0.0,1.0,0.0,1.0,10,6,2
23400,15,2,3,10,10,3,1,1,1,1,0,17,2,2,0.0,0.0,0.0,0.0,0.0,2.0,10,7,2
119085,16,2,4,17,8,3,0,1,1,1,1,23,2,2,0.0,0.0,0.0,0.0,0.0,2.0,19,7,8
136585,16,2,1,17,10,3,0,1,1,1,2,23,2,2,0.0,0.0,0.0,0.0,0.0,2.0,0,6,9
157741,4,2,3,10,8,3,0,1,1,1,2,36,2,2,0.0,0.0,0.0,0.0,0.0,2.0,17,5,11
22999,4,2,3,9,8,3,0,1,0,0,0,36,2,3,1.0,0.0,0.0,1.0,0.0,1.0,9,7,2
3481,15,2,3,0,2,3,0,1,1,1,2,5,2,2,0.0,0.0,0.0,0.0,0.0,3.0,9,2,1
51304,16,2,3,0,8,3,0,1,1,1,0,6,2,2,0.0,0.0,0.0,0.0,0.0,3.0,12,7,4
50265,16,7,1,0,6,3,6,1,0,1,2,6,2,4,1.0,0.0,0.0,0.0,1.0,2.0,22,5,4
3011,16,7,3,9,2,3,6,1,1,1,0,18,2,2,0.0,0.0,0.0,0.0,0.0,2.0,13,2,1
34217,16,10,1,17,15,3,6,1,0,1,2,6,2,2,0.0,0.0,0.0,0.0,0.0,2.0,22,2,3
15439,15,2,1,0,8,3,0,1,0,1,2,17,2,2,0.0,0.0,0.0,0.0,0.0,2.0,4,4,2
70080,15,2,3,17,15,3,0,1,0,1,2,28,2,4,4.0,0.0,0.0,0.0,4.0,0.0,12,1,5
140867,15,2,3,8,15,3,0,1,0,1,0,36,2,4,1.0,0.0,0.0,0.0,1.0,1.0,14,6,10
40088,16,2,1,17,6,3,5,5,0,1,2,36,2,3,1.0,0.0,0.0,1.0,0.0,2.0,21,1,3
49887,15,7,3,15,2,3,6,5,1,1,2,36,2,2,0.0,0.0,0.0,0.0,0.0,3.0,16,4,4
127293,16,2,1,10,8,3,0,1,0,1,2,19,2,3,1.0,0.0,0.0,1.0,0.0,1.0,19,5,9
72859,15,2,3,2,8,3,0,1,0,1,2,36,2,1,4.0,0.0,4.0,0.0,0.0,0.0,6,7,6
86567,15,2,3,10,8,3,0,1,1,1,2,19,2,2,0.0,0.0,0.0,0.0,0.0,2.0,19,3,6
86877,15,2,3,17,9,3,0,5,0,1,2,5,2,2,0.0,0.0,0.0,0.0,0.0,2.0,8,7,6
153760,16,2,3,17,8,3,0,1,1,1,1,22,2,2,0.0,0.0,0.0,0.0,0.0,5.0,12,6,10
6059,16,2,3,0,2,3,0,1,0,1,2,6,2,1,2.0,0.0,1.0,1.0,0.0,0.0,9,7,1
49307,16,7,1,0,9,3,6,1,0,1,2,11,2,3,1.0,0.0,0.0,1.0,0.0,7.0,4,1,4
1895,15,2,1,0,6,3,0,1,1,1,2,36,2,2,0.0,0.0,0.0,0.0,0.0,3.0,3,7,1
59499,16,2,3,15,8,3,0,1,1,0,1,23,2,2,0.0,0.0,0.0,0.0,0.0,2.0,5,1,5
61882,16,2,3,15,6,3,0,1,1,1,0,36,2,2,0.0,0.0,0.0,0.0,0.0,4.0,7,5,5
138588,16,2,3,15,6,3,0,1,1,1,2,22,2,2,0.0,0.0,0.0,0.0,0.0,3.0,13,2,10
49159,15,2,3,0,6,3,0,1,1,1,2,36,2,2,0.0,0.0,0.0,0.0,0.0,2.0,9,5,4
29172,16,2,1,17,2,3,0,1,1,1,1,18,2,2,0.0,0.0,0.0,0.0,0.0,4.0,19,6,3
26254,16,2,3,0,3,3,0,1,0,1,2,36,2,2,0.0,0.0,0.0,0.0,0.0,2.0,11,1,2
69205,15,2,1,0,8,3,0,5,1,1,1,18,2,2,0.0,0.0,0.0,0.0,0.0,2.0,20,7,5
64390,15,3,3,0,8,3,0,5,0,1,2,18,2,2,0.0,0.0,0.0,0.0,0.0,6.0,18,3,5
146047,16,2,1,0,8,3,0,5,0,1,2,6,2,1,2.0,0.0,1.0,0.0,1.0,0.0,2,6,10
119976,16,2,3,17,3,3,0,1,0,1,0,24,2,2,0.0,0.0,0.0,0.0,0.0,2.0,15,5,8
9414,16,2,3,0,6,3,0,1,0,1,2,18,2,2,0.0,0.0,0.0,0.0,0.0,2.0,9,4,1
26171,15,2,3,17,6,3,0,1,1,1,1,36,2,2,0.0,0.0,0.0,0.0,0.0,2.0,12,7,2
63338,16,2,3,0,6,3,6,1,1,1,1,6,2,2,0.0,0.0,0.0,0.0,0.0,2.0,11,6,5
184424,4,2,0,15,8,3,0,1,0,1,2,36,3,2,0.0,0.0,0.0,0.0,0.0,2.0,19,3,12
101079,4,2,3,10,18,3,0,1,1,1,1,19,2,2,0.0,0.0,0.0,0.0,0.0,2.0,17,3,7
111276,15,7,3,0,2,3,6,5,1,1,2,5,2,2,0.0,0.0,0.0,0.0,0.0,2.0,13,2,8
46904,16,3,4,17,2,3,0,1,1,1,2,36,2,2,0.0,0.0,0.0,0.0,0.0,2.0,18,1,4
148024,4,2,3,15,8,3,0,1,1,1,2,14,2,2,0.0,0.0,0.0,0.0,0.0,2.0,9,4,10
132289,15,7,3,0,6,3,6,1,0,1,1,36,2,2,0.0,0.0,0.0,0.0,0.0,2.0,15,5,9
82358,16,2,3,0,2,3,0,1,0,1,2,6,2,3,1.0,0.0,0.0,1.0,0.0,3.0,17,1,6
145942,16,2,3,10,2,3,0,1,1,1,1,19,2,2,0.0,0.0,0.0,0.0,0.0,2.0,6,3,10
102442,16,2,3,10,2,3,5,5,1,1,1,19,2,2,0.0,0.0,0.0,0.0,0.0,2.0,19,1,7
138937,16,2,3,17,6,3,0,1,0,1,2,18,2,3,2.0,0.0,0.0,2.0,0.0,0.0,15,5,10
25190,17,11,5,15,10,3,5,5,1,1,1,22,2,2,0.0,0.0,0.0,0.0,0.0,2.0,17,5,2
41067,16,2,3,9,10,3,0,1,0,1,1,18,2,3,1.0,0.0,0.0,1.0,0.0,2.0,14,6,3
70063,16,2,1,17,15,3,0,5,1,1,2,23,2,2,0.0,0.0,0.0,0.0,0.0,2.0,22,1,5
156052,15,2,1,0,6,3,0,1,0,1,2,18,3,2,0.0,0.0,0.0,0.0,0.0,2.0,1,3,11
156778,4,2,1,17,2,3,0,1,1,1,2,18,2,2,0.0,0.0,0.0,0.0,0.0,2.0,18,5,11
11789,16,2,2,10,6,3,0,5,1,1,1,19,2,2,0.0,0.0,0.0,0.0,0.0,2.0,17,3,1
94922,15,2,3,9,8,3,0,1,0,1,0,18,2,3,1.0,0.0,0.0,1.0,0.0,1.0,10,6,7
102593,4,2,3,0,8,3,0,1,0,1,2,36,2,2,0.0,0.0,0.0,0.0,0.0,2.0,13,5,7
96759,15,2,1,9,8,0,6,1,0,1,2,36,2,3,1.0,0.0,0.0,1.0,0.0,1.0,0,5,7
96110,16,2,3,17,8,3,0,5,1,1,0,18,2,2,0.0,0.0,0.0,0.0,0.0,2.0,17,3,7
140320,4,7,2,0,15,3,6,1,0,1,2,18,2,1,1.0,0.0,1.0,0.0,0.0,1.0,6,5,10
56247,15,2,3,0,6,3,0,1,0,1,2,18,2,2,0.0,0.0,0.0,0.0,0.0,2.0,14,7,5
17015,16,10,3,9,3,3,4,1,1,0,0,36,2,2,0.0,0.0,0.0,0.0,0.0,3.0,15,4,2
97495,16,2,3,10,3,3,0,1,1,1,2,19,2,2,0.0,0.0,0.0,0.0,0.0,2.0,11,3,7
160847,16,2,3,15,10,3,6,1,1,1,1,36,2,2,0.0,0.0,0.0,0.0,0.0,3.0,15,6,11
108045,16,7,3,0,8,3,6,5,0,1,2,17,2,2,0.0,0.0,0.0,0.0,0.0,3.0,14,2,8
130443,16,2,3,10,2,3,0,1,0,1,1,19,2,3,1.0,0.0,0.0,1.0,0.0,1.0,14,1,9
94713,16,2,1,10,15,3,0,1,1,1,0,36,2,2,0.0,0.0,0.0,0.0,0.0,2.0,3,3,7
117354,16,2,2,17,15,3,0,4,1,1,2,18,2,2,0.0,0.0,0.0,0.0,0.0,2.0,5,2,8
147296,16,11,3,10,6,3,5,5,1,1,2,36,2,2,0.0,0.0,0.0,0.0,0.0,2.0,16,3,10
1424,16,2,3,9,6,3,0,1,0,1,0,18,2,1,1.0,0.0,1.0,0.0,0.0,1.0,12,4,1
151626,16,2,3,10,8,3,0,1,0,1,2,21,2,3,1.0,0.0,0.0,1.0,0.0,1.0,13,5,10
1496,15,2,3,0,8,3,0,1,0,1,1,18,2,3,1.0,0.0,0.0,1.0,0.0,4.0,14,5,1
73114,16,2,3,10,8,3,0,1,1,1,1,36,2,2,0.0,0.0,0.0,0.0,0.0,3.0,9,5,6
47386,16,2,3,17,6,3,0,1,1,1,1,36,2,2,0.0,0.0,0.0,0.0,0.0,4.0,16,3,4
28242,16,2,3,17,3,3,0,1,1,1,2,36,2,2,0.0,0.0,0.0,0.0,0.0,3.0,15,3,3
87425,15,2,1,0,15,3,0,1,0,1,2,13,2,4,2.0,0.0,0.0,0.0,2.0,0.0,21,1,6
152616,16,11,0,0,15,3,5,5,1,1,2,36,2,2,0.0,0.0,0.0,0.0,0.0,2.0,21,4,10
2280,16,2,1,0,18,3,0,1,0,1,2,36,2,3,1.0,0.0,0.0,1.0,0.0,2.0,19,5,1
132244,16,2,3,17,8,3,0,5,1,0,0,36,2,2,0.0,0.0,0.0,0.0,0.0,12.0,6,4,9
188889,16,7,1,7,6,3,6,1,0,1,2,36,2,2,0.0,0.0,0.0,0.0,0.0,2.0,22,6,12
157490,16,2,1,0,2,3,0,1,0,1,2,28,4,2,0.0,0.0,0.0,0.0,0.0,9.0,22,7,11
41484,16,2,3,0,2,3,0,1,1,1,2,36,2,2,0.0,0.0,0.0,0.0,0.0,5.0,14,7,3
111323,15,7,4,15,8,3,6,1,0,0,2,23,2,2,0.0,0.0,0.0,0.0,0.0,4.0,19,2,8
173515,16,2,1,0,4,3,0,1,0,1,2,11,4,3,1.0,0.0,0.0,1.0,0.0,4.0,21,6,12
94048,4,2,3,15,2,3,0,1,1,0,0,17,2,2,0.0,0.0,0.0,0.0,0.0,2.0,16,6,7
15881,4,2,3,9,8,3,0,1,0,1,2,28,2,3,1.0,0.0,0.0,1.0,0.0,1.0,7,5,2
100353,16,2,3,15,2,3,0,5,1,1,2,36,2,2,0.0,0.0,0.0,0.0,0.0,2.0,5,5,7
87021,15,2,1,10,6,4,6,1,1,1,2,17,2,2,0.0,0.0,0.0,0.0,0.0,2.0,23,3,6
11017,4,2,1,10,8,3,0,1,1,1,1,19,2,2,0.0,0.0,0.0,0.0,0.0,2.0,19,2,1
93941,4,2,1,8,6,3,0,1,0,1,0,36,2,3,1.0,0.0,0.0,1.0,0.0,1.0,21,6,7
130457,16,2,3,10,8,3,0,1,1,1,2,19,2,2,0.0,0.0,0.0,0.0,0.0,3.0,16,1,9
106828,15,2,3,2,3,3,0,1,1,1,1,38,1,2,0.0,0.0,0.0,0.0,0.0,1.0,18,3,8
140180,16,2,3,17,8,3,0,5,1,1,2,36,2,2,0.0,0.0,0.0,0.0,0.0,2.0,16,3,10
134878,16,2,3,15,1,3,0,1,1,1,2,13,2,2,0.0,0.0,0.0,0.0,0.0,2.0,15,4,9
84443,16,7,3,8,6,3,6,1,1,1,1,22,2,2,0.0,0.0,0.0,0.0,0.0,2.0,15,5,6
157951,4,2,3,7,8,3,0,1,1,1,2,36,2,2,0.0,0.0,0.0,0.0,0.0,1.0,15,2,11
157858,15,7,3,0,8,3,6,1,0,1,2,18,2,3,1.0,0.0,0.0,1.0,0.0,2.0,12,6,11
66585,16,2,3,17,2,3,0,1,0,1,2,24,2,3,1.0,0.0,0.0,1.0,0.0,1.0,17,3,5
34255,16,3,3,0,6,3,0,1,0,1,2,6,2,2,0.0,0.0,0.0,0.0,0.0,2.0,16,4,3
42189,16,2,1,0,6,3,0,5,0,1,1,18,2,3,1.0,0.0,0.0,1.0,0.0,1.0,23,6,3
4509,16,2,3,17,8,3,0,1,1,1,2,22,2,2,0.0,0.0,0.0,0.0,0.0,2.0,7,5,1
26952,4,2,1,15,8,5,0,1,1,1,1,23,2,2,0.0,0.0,0.0,0.0,0.0,2.0,18,6,2
49633,16,2,3,0,6,3,6,1,0,1,2,36,2,4,1.0,0.0,0.0,0.0,1.0,1.0,7,7,4
102342,16,2,3,17,8,3,0,1,1,1,2,35,2,2,0.0,0.0,0.0,0.0,0.0,2.0,13,6,7
148770,4,2,1,17,6,3,0,1,1,1,2,36,2,2,0.0,0.0,0.0,0.0,0.0,4.0,1,1,10
149136,16,2,3,0,3,3,0,1,1,1,1,3,2,2,0.0,0.0,0.0,0.0,0.0,2.0,15,4,10
30621,15,2,3,10,10,3,0,1,1,1,2,19,2,2,0.0,0.0,0.0,0.0,0.0,2.0,15,4,3
9765,4,2,1,0,18,3,0,5,1,1,2,5,2,2,0.0,0.0,0.0,0.0,0.0,4.0,22,2,1
79577,16,2,3,17,6,3,0,1,1,1,2,6,2,2,0.0,0.0,0.0,0.0,0.0,2.0,7,2,6
32075,15,2,3,0,2,3,0,1,1,1,2,36,2,2,0.0,0.0,0.0,0.0,0.0,2.0,11,7,3
144862,15,2,3,15,8,3,0,1,1,1,2,23,2,2,0.0,0.0,0.0,0.0,0.0,2.0,18,3,10
28403,17,11,5,10,2,3,5,5,1,1,2,36,2,2,0.0,0.0,0.0,0.0,0.0,2.0,22,6,3
99239,16,2,3,10,3,3,0,1,1,1,0,36,2,2,0.0,0.0,0.0,0.0,0.0,3.0,16,1,7
137283,16,2,3,15,8,3,0,1,0,1,1,8,2,3,1.0,0.0,0.0,1.0,0.0,2.0,13,5,9
36278,4,2,3,17,11,3,6,1,1,1,2,36,2,2,0.0,0.0,0.0,0.0,0.0,2.0,10,7,3
102533,16,2,1,2,6,3,0,1,0,1,2,12,1,2,0.0,0.0,0.0,0.0,0.0,2.0,2,4,7
15721,16,2,3,0,8,3,6,1,1,1,2,36,2,2,0.0,0.0,0.0,0.0,0.0,2.0,12,7,2
141991,16,2,3,15,2,3,0,1,0,1,2,36,2,4,2.0,0.0,0.0,0.0,2.0,3.0,11,6,10
108874,15,2,3,0,6,3,0,1,1,1,1,26,2,2,0.0,0.0,0.0,0.0,0.0,2.0,15,7,8
22836,16,10,1,2,6,3,4,1,1,1,2,39,1,2,0.0,0.0,0.0,0.0,0.0,1.0,18,5,2
63976,16,2,0,0,8,3,0,1,0,1,2,24,2,2,0.0,0.0,0.0,0.0,0.0,2.0,19,3,5
187738,16,7,1,9,2,3,6,1,0,1,0,36,2,3,1.0,0.0,0.0,1.0,0.0,1.0,22,1,12
33754,16,2,3,15,6,3,0,1,0,1,2,18,3,2,0.0,0.0,0.0,0.0,0.0,6.0,15,3,3
5025,16,2,4,14,2,3,0,1,1,1,0,22,2,2,0.0,0.0,0.0,0.0,0.0,2.0,17,6,1
140134,16,2,1,17,2,3,0,1,1,1,2,19,2,2,0.0,0.0,0.0,0.0,0.0,2.0,18,2,10
106055,15,2,3,0,6,3,0,5,0,1,2,5,2,2,0.0,0.0,0.0,0.0,0.0,2.0,10,6,8
116735,15,2,1,0,2,3,0,1,1,1,2,37,2,2,0.0,0.0,0.0,0.0,0.0,4.0,22,6,8
145155,16,2,3,17,2,3,0,1,1,1,2,36,2,2,0.0,0.0,0.0,0.0,0.0,2.0,9,1,10
160028,16,2,1,0,6,3,0,1,0,1,2,6,4,1,1.0,0.0,1.0,0.0,0.0,3.0,21,2,11
158795,16,2,1,10,8,3,0,1,0,1,2,30,2,3,2.0,0.0,0.0,2.0,0.0,0.0,6,4,11
99200,15,2,1,10,6,3,0,1,1,1,1,8,2,2,0.0,0.0,0.0,0.0,0.0,2.0,21,2,7
135233,15,2,1,0,6,3,0,5,1,1,2,18,2,2,0.0,0.0,0.0,0.0,0.0,2.0,20,3,9
168799,15,2,3,0,8,3,0,1,0,1,2,5,2,1,5.0,0.0,1.0,0.0,4.0,1.0,10,1,11
133606,16,2,3,10,8,3,0,1,1,1,0,19,2,2,0.0,0.0,0.0,0.0,0.0,3.0,16,1,9
43539,4,7,3,0,8,3,6,1,0,1,2,18,2,4,1.0,0.0,0.0,0.0,1.0,1.0,15,4,4
152267,15,2,3,15,2,3,0,2,0,1,2,18,2,4,1.0,0.0,0.0,0.0,1.0,1.0,10,5,10
168790,4,2,3,17,8,3,0,1,0,1,2,18,2,2,0.0,0.0,0.0,0.0,0.0,2.0,8,1,11
143195,16,2,3,10,6,3,0,5,1,1,1,19,2,2,0.0,0.0,0.0,0.0,0.0,2.0,14,3,10
12284,15,2,1,17,6,3,6,1,1,1,2,18,2,2,0.0,0.0,0.0,0.0,0.0,2.0,20,4,1
134268,16,2,1,5,8,3,0,3,0,1,2,36,1,2,0.0,0.0,0.0,0.0,0.0,1.0,19,3,9
147513,4,2,3,10,10,3,0,1,0,1,0,19,2,4,1.0,0.0,0.0,0.0,1.0,1.0,10,4,10
107818,16,2,1,0,3,3,0,5,1,1,0,18,2,2,0.0,0.0,0.0,0.0,0.0,2.0,22,4,8
97287,16,2,3,15,8,3,0,1,1,1,0,23,2,2,0.0,0.0,0.0,0.0,0.0,3.0,10,6,7
89028,16,2,3,2,6,3,0,1,0,1,2,32,1,2,0.0,0.0,0.0,0.0,0.0,2.0,18,6,7
20096,15,2,1,0,6,3,0,5,0,1,2,17,2,2,0.0,0.0,0.0,0.0,0.0,3.0,0,1,2
68021,16,7,3,2,15,3,6,5,0,1,2,26,1,3,1.0,0.0,0.0,1.0,0.0,0.0,13,6,5
143454,16,2,3,17,2,3,0,1,0,1,2,18,2,2,0.0,0.0,0.0,0.0,0.0,4.0,14,5,10
70859,16,2,3,17,3,3,0,5,1,1,2,18,2,2,0.0,0.0,0.0,0.0,0.0,3.0,16,7,5
62877,16,2,1,17,1,3,0,5,0,1,2,36,2,2,0.0,0.0,0.0,0.0,0.0,3.0,20,6,5
96400,15,2,3,0,6,3,0,1,0,1,2,36,2,3,2.0,0.0,0.0,1.0,1.0,1.0,14,1,7
81096,16,2,3,17,8,3,0,1,1,1,1,36,2,2,0.0,0.0,0.0,0.0,0.0,2.0,12,3,6
130365,15,2,3,0,15,3,0,1,0,1,2,17,2,2,0.0,0.0,0.0,0.0,0.0,3.0,13,7,9
25341,15,7,3,17,8,3,6,1,1,1,2,18,2,2,0.0,0.0,0.0,0.0,0.0,2.0,13,7,2
161375,16,2,3,17,2,3,0,1,1,1,1,24,2,2,0.0,0.0,0.0,0.0,0.0,2.0,13,7,11
127013,16,3,3,17,8,3,5,5,0,1,2,24,2,2,0.0,0.0,0.0,0.0,0.0,3.0,10,2,9
102934,16,2,0,17,8,3,0,1,1,1,2,36,2,2,0.0,0.0,0.0,0.0,0.0,2.0,4,2,7
31281,4,6,1,2,2,3,0,1,1,1,2,38,1,2,0.0,0.0,0.0,0.0,0.0,1.0,23,2,3
40236,16,2,3,15,8,3,0,1,1,1,0,22,2,2,0.0,0.0,0.0,0.0,0.0,2.0,15,4,3
165726,16,1,3,0,2,3,4,5,0,1,2,6,2,2,0.0,0.0,0.0,0.0,0.0,2.0,7,6,11
85341,4,2,3,17,2,3,0,1,1,0,2,36,2,2,0.0,0.0,0.0,0.0,0.0,2.0,7,4,6
168343,15,2,4,10,8,3,0,1,0,1,2,17,2,2,0.0,0.0,0.0,0.0,0.0,3.0,16,2,11
34199,16,2,1,17,19,3,0,6,0,1,2,12,2,2,0.0,0.0,0.0,0.0,0.0,5.0,19,2,3
58104,15,2,1,0,8,3,0,1,0,1,2,18,2,3,2.0,0.0,0.0,2.0,0.0,1.0,23,1,5
119038,16,2,1,9,6,3,0,1,0,1,0,18,2,3,1.0,0.0,0.0,1.0,0.0,1.0,0,5,8
31636,15,2,1,11,8,3,0,1,1,0,2,17,2,2,0.0,0.0,0.0,0.0,0.0,2.0,23,1,3
29513,16,2,1,15,6,3,0,1,1,1,2,23,2,2,0.0,0.0,0.0,0.0,0.0,2.0,22,6,3
27075,16,2,1,0,6,3,0,1,0,1,2,6,2,3,2.0,0.0,0.0,2.0,0.0,0.0,2,1,2
182347,16,2,1,9,6,3,0,5,0,0,2,6,2,4,1.0,0.0,0.0,0.0,1.0,1.0,21,2,12
147806,4,2,3,17,8,3,0,1,1,1,2,36,2,2,0.0,0.0,0.0,0.0,0.0,2.0,17,3,10
143742,16,2,3,17,6,3,0,1,1,1,2,36,2,2,0.0,0.0,0.0,0.0,0.0,2.0,10,2,10
173799,4,2,3,17,8,3,0,1,1,1,2,28,2,2,0.0,0.0,0.0,0.0,0.0,3.0,7,2,12
135443,4,2,1,17,2,3,0,1,1,1,0,24,2,2,0.0,0.0,0.0,0.0,0.0,2.0,19,5,9
2193,16,2,3,0,8,3,0,1,1,1,2,13,2,2,0.0,0.0,0.0,0.0,0.0,3.0,12,3,1
49117,16,2,3,15,2,3,0,1,1,1,2,22,2,2,0.0,0.0,0.0,0.0,0.0,2.0,18,3,4
28522,16,2,1,9,2,3,0,1,0,1,1,18,2,3,1.0,0.0,0.0,1.0,0.0,1.0,22,2,3
57925,4,2,3,15,6,3,0,1,1,1,2,23,2,2,0.0,0.0,0.0,0.0,0.0,3.0,12,7,5
6661,15,2,4,0,6,3,0,1,0,1,2,36,4,2,0.0,0.0,0.0,0.0,0.0,2.0,16,3,1
46596,4,2,3,2,6,3,0,1,0,1,1,36,1,2,0.0,0.0,0.0,0.0,0.0,2.0,17,2,4
25673,15,7,1,0,8,3,6,1,1,1,2,36,2,2,0.0,0.0,0.0,0.0,0.0,2.0,20,6,2
81866,16,2,3,15,2,3,0,1,1,1,2,18,2,2,0.0,0.0,0.0,0.0,0.0,4.0,13,1,6
144865,16,2,2,0,6,3,0,1,0,1,2,36,2,3,1.0,0.0,0.0,1.0,0.0,1.0,6,3,10
45991,16,2,3,10,8,3,0,1,1,1,1,18,2,2,0.0,0.0,0.0,0.0,0.0,2.0,13,5,4
82953,16,2,3,15,6,3,0,1,1,1,1,18,2,2,0.0,0.0,0.0,0.0,0.0,2.0,16,3,6
188514,16,2,1,3,2,3,0,1,1,1,1,36,2,2,0.0,0.0,0.0,0.0,0.0,2.0,18,2,12
133160,16,2,1,10,8,3,5,5,1,1,2,36,2,2,0.0,0.0,0.0,0.0,0.0,4.0,22,1,9
172040,16,2,3,9,8,3,5,5,0,1,0,36,2,3,1.0,0.0,0.0,1.0,0.0,1.0,7,5,11
95099,15,2,3,10,8,3,0,1,1,1,0,36,2,2,0.0,0.0,0.0,0.0,0.0,2.0,13,2,7
143805,16,7,1,17,5,3,6,1,1,1,2,36,2,2,0.0,0.0,0.0,0.0,0.0,2.0,19,3,10
74245,16,2,1,0,6,3,0,1,0,1,2,6,5,1,3.0,0.0,1.0,2.0,0.0,2.0,20,1,6
20461,16,2,3,0,6,3,0,1,1,1,2,28,2,2,0.0,0.0,0.0,0.0,0.0,2.0,13,1,2
27713,16,2,3,17,3,3,0,5,0,1,2,18,2,1,1.0,0.0,1.0,0.0,0.0,1.0,9,4,2
56364,16,7,3,0,6,3,6,1,0,1,2,6,2,4,2.0,0.0,0.0,0.0,2.0,1.0,15,2,5
17421,16,2,3,15,10,3,0,1,1,1,1,22,2,2,0.0,0.0,0.0,0.0,0.0,3.0,13,4,2
7478,4,10,1,0,8,3,6,1,0,1,2,36,2,2,0.0,0.0,0.0,0.0,0.0,4.0,22,2,1
145482,16,2,3,15,10,3,0,1,1,1,1,36,2,2,0.0,0.0,0.0,0.0,0.0,2.0,16,5,10
25871,16,6,1,10,8,3,6,1,1,1,1,23,2,2,0.0,0.0,0.0,0.0,0.0,2.0,0,1,2
74023,16,2,3,0,8,3,0,1,0,1,2,6,2,2,0.0,0.0,0.0,0.0,0.0,3.0,18,4,6
76456,16,2,3,8,10,3,5,5,0,1,2,36,2,3,1.0,0.0,0.0,1.0,0.0,1.0,13,1,6
162003,15,2,4,10,10,3,0,1,0,1,2,17,2,4,5.0,0.0,0.0,0.0,5.0,1.0,16,3,11
165052,16,7,4,9,8,3,6,1,0,1,2,36,2,3,1.0,0.0,0.0,1.0,0.0,1.0,16,4,11
168589,16,2,1,17,18,3,0,1,1,1,2,36,2,2,0.0,0.0,0.0,0.0,0.0,2.0,20,7,11
172568,16,2,3,17,6,3,0,1,1,1,2,6,2,2,0.0,0.0,0.0,0.0,0.0,2.0,12,5,12
179142,15,2,3,0,10,3,0,5,0,1,2,5,2,3,2.0,0.0,0.0,2.0,0.0,1.0,13,1,12
124521,15,2,1,0,2,3,0,1,0,1,2,5,2,2,0.0,0.0,0.0,0.0,0.0,5.0,3,1,9
182060,15,2,1,0,6,3,0,1,0,1,2,12,2,4,1.0,0.0,0.0,0.0,1.0,2.0,16,4,12
143205,16,2,3,4,8,3,0,1,0,1,0,17,2,3,1.0,0.0,0.0,1.0,0.0,1.0,15,3,10
29500,16,2,3,0,6,3,0,5,1,1,1,6,2,2,0.0,0.0,0.0,0.0,0.0,2.0,8,6,3
58143,15,2,3,0,2,3,6,1,0,1,2,18,2,2,0.0,0.0,0.0,0.0,0.0,2.0,18,3,5
16134,16,2,1,0,8,3,0,1,0,1,2,37,3,3,2.0,0.0,0.0,1.0,1.0,1.0,19,2,2
115583,16,2,3,17,6,3,0,1,0,1,2,22,2,3,1.0,0.0,0.0,1.0,0.0,2.0,12,5,8
188084,16,2,3,10,2,3,0,1,1,1,1,36,2,2,0.0,0.0,0.0,0.0,0.0,2.0,14,7,12
54332,16,3,3,2,8,3,0,1,1,1,2,36,1,2,0.0,0.0,0.0,0.0,0.0,1.0,15,4,4
155332,16,5,1,17,16,4,1,1,0,1,2,36,2,2,0.0,0.0,0.0,0.0,0.0,2.0,21,5,10
172814,16,2,3,17,2,3,0,1,0,1,2,36,2,2,0.0,0.0,0.0,0.0,0.0,4.0,12,7,12
154719,15,2,1,0,6,3,0,1,1,1,2,18,2,2,0.0,0.0,0.0,0.0,0.0,2.0,5,6,10
20646,16,2,3,14,8,3,5,5,1,1,1,21,2,2,0.0,0.0,0.0,0.0,0.0,3.0,11,3,2
96298,4,2,0,12,8,3,0,1,1,1,1,21,2,2,0.0,0.0,0.0,0.0,0.0,2.0,22,6,7
41532,15,2,3,17,8,3,6,1,1,1,2,16,2,2,0.0,0.0,0.0,0.0,0.0,2.0,12,7,3
4384,16,7,3,17,3,3,0,5,1,1,2,18,2,2,0.0,0.0,0.0,0.0,0.0,2.0,14,3,1