crash_date,               traffic_control_device,weather_condition,lighting_condition,first_crash_type,trafficway_type,alignment,roadway_surface_cond,road_defect,crash_type,intersection_related_i,damage,prim_contributory_cause,num_units,most_severe_injury,injuries_total,injuries_fatal,injuries_incapacitating,injuries_non_incapacitating,injuries_reported_not_evident,injuries_no_indication,crash_hour,crash_day_of_week,crash_month
152108,4,2,1,0,6,3,0,5,0,1,2,36,2,2,0.0,0.0,0.0,0.0,0.0,2.0,19,6,10
152735,4,2,1,17,8,3,0,5,0,1,2,18,2,3,1.0,0.0,0.0,1.0,0.0,1.0,18,7,10
15379,6,10,1,0,6,3,4,5,0,1,2,18,2,3,1.0,0.0,0.0,1.0,0.0,1.0,18,3,2
107012,16,11,3,10,15,3,5,5,1,1,2,36,2,2,0.0,0.0,0.0,0.0,0.0,2.0,15,7,8
38151,3,2,3,7,10,3,0,1,1,1,1,22,2,2,0.0,0.0,0.0,0.0,0.0,1.0,8,6,3
177536,16,7,1,0,6,3,6,1,1,1,2,6,3,2,0.0,0.0,0.0,0.0,0.0,3.0,20,7,12
178254,15,2,3,0,6,3,0,1,0,1,2,18,2,3,1.0,0.0,0.0,1.0,0.0,2.0,11,4,12
41407,16,7,3,17,3,3,6,1,1,1,1,36,2,2,0.0,0.0,0.0,0.0,0.0,2.0,11,5,3
56067,16,2,3,10,8,3,0,1,1,1,2,17,2,2,0.0,0.0,0.0,0.0,0.0,2.0,16,3,5
79436,15,2,3,0,11,3,0,1,1,1,2,38,2,2,0.0,0.0,0.0,0.0,0.0,2.0,11,6,6
27263,16,2,1,0,8,3,0,1,1,1,2,6,2,2,0.0,0.0,0.0,0.0,0.0,5.0,22,3,2
90870,4,2,1,17,15,3,0,1,0,1,2,18,2,4,1.0,0.0,0.0,0.0,1.0,1.0,23,7,7
186305,16,7,1,15,6,3,6,5,1,1,1,26,2,2,0.0,0.0,0.0,0.0,0.0,2.0,22,1,12
103430,16,2,3,10,2,3,5,5,1,1,2,26,2,2,0.0,0.0,0.0,0.0,0.0,2.0,16,2,7
72888,16,2,3,10,10,3,0,1,0,1,2,17,2,2,0.0,0.0,0.0,0.0,0.0,2.0,15,1,6
158349,15,2,3,0,6,3,0,1,1,1,2,5,2,2,0.0,0.0,0.0,0.0,0.0,2.0,17,6,11
27054,4,2,3,7,10,3,0,1,1,1,0,36,2,2,0.0,0.0,0.0,0.0,0.0,3.0,12,7,2
468,16,2,1,10,2,3,0,5,1,1,1,19,2,2,0.0,0.0,0.0,0.0,0.0,2.0,3,4,1
131977,4,2,3,17,2,3,0,1,1,0,1,24,2,2,0.0,0.0,0.0,0.0,0.0,2.0,8,6,9
90029,16,2,1,0,6,3,0,1,0,1,1,6,2,2,0.0,0.0,0.0,0.0,0.0,2.0,1,1,7
110645,15,2,3,9,8,3,0,1,0,1,2,36,2,3,1.0,0.0,0.0,1.0,0.0,1.0,17,6,8
58592,4,2,3,8,8,3,0,1,1,0,0,18,2,2,0.0,0.0,0.0,0.0,0.0,2.0,16,2,5
125931,16,11,0,9,6,3,5,1,0,0,0,18,2,1,1.0,0.0,1.0,0.0,0.0,1.0,21,1,9
116313,4,2,3,9,11,3,0,1,0,1,0,17,4,3,3.0,0.0,0.0,2.0,1.0,3.0,18,7,8
31854,15,7,1,0,6,3,6,1,1,1,1,36,2,2,0.0,0.0,0.0,0.0,0.0,8.0,19,6,3
69180,16,7,1,17,8,3,6,1,1,1,1,39,2,2,0.0,0.0,0.0,0.0,0.0,3.0,22,6,5
68175,4,2,3,17,8,3,0,1,0,1,2,24,4,3,3.0,0.0,0.0,3.0,0.0,3.0,15,6,5
28324,16,7,2,17,8,3,6,1,1,1,2,18,2,2,0.0,0.0,0.0,0.0,0.0,2.0,6,5,3
81875,16,2,1,10,8,3,0,1,1,1,1,6,2,2,0.0,0.0,0.0,0.0,0.0,3.0,3,1,6
125570,4,2,3,17,8,3,0,1,0,1,2,18,2,3,1.0,0.0,0.0,1.0,0.0,2.0,7,2,9
188816,16,2,0,17,6,3,0,1,0,1,2,18,2,2,0.0,0.0,0.0,0.0,0.0,2.0,20,5,12
62233,15,2,3,0,18,3,0,1,0,1,2,5,2,2,0.0,0.0,0.0,0.0,0.0,2.0,9,2,5
150070,16,2,2,0,17,3,5,5,0,1,2,6,2,3,1.0,0.0,0.0,1.0,0.0,1.0,5,6,10
178334,6,2,1,15,3,2,0,5,1,1,1,4,2,2,0.0,0.0,0.0,0.0,0.0,3.0,20,3,12
116754,16,3,1,7,2,3,0,1,1,1,2,12,2,2,0.0,0.0,0.0,0.0,0.0,1.0,1,7,8
10266,16,2,3,17,2,3,0,1,1,1,1,36,2,2,0.0,0.0,0.0,0.0,0.0,2.0,14,5,1
183425,16,2,3,17,2,3,0,5,1,1,1,18,2,2,0.0,0.0,0.0,0.0,0.0,2.0,8,3,12
19534,16,2,3,10,6,3,0,5,1,1,2,19,2,2,0.0,0.0,0.0,0.0,0.0,2.0,13,6,2
66695,16,2,3,17,11,3,6,1,1,1,1,22,2,2,0.0,0.0,0.0,0.0,0.0,4.0,7,4,5
88549,16,2,3,15,8,3,0,5,1,1,1,22,2,2,0.0,0.0,0.0,0.0,0.0,2.0,19,6,7
17797,16,2,1,17,8,3,0,5,1,1,1,24,2,2,0.0,0.0,0.0,0.0,0.0,2.0,22,1,2
174361,4,2,1,17,2,3,0,1,1,1,2,18,2,2,0.0,0.0,0.0,0.0,0.0,2.0,19,3,12
105298,17,7,3,17,8,3,6,1,1,1,1,36,2,2,0.0,0.0,0.0,0.0,0.0,3.0,18,2,8
168229,16,7,1,17,2,3,6,5,1,1,1,24,2,2,0.0,0.0,0.0,0.0,0.0,3.0,18,6,11
69173,16,11,3,10,8,3,0,1,0,1,2,19,2,4,3.0,0.0,0.0,0.0,3.0,1.0,18,6,5
81057,16,2,3,10,2,3,0,1,1,0,2,17,3,2,0.0,0.0,0.0,0.0,0.0,6.0,17,3,6
35035,15,2,0,9,2,3,0,1,0,1,0,18,2,4,1.0,0.0,0.0,0.0,1.0,1.0,19,1,3
147487,6,2,1,17,2,3,0,1,1,1,2,7,2,2,0.0,0.0,0.0,0.0,0.0,2.0,6,4,10
60096,15,7,3,0,8,3,6,1,0,1,2,18,2,4,2.0,0.0,0.0,0.0,2.0,2.0,8,4,5
126009,16,2,3,10,10,3,5,5,1,1,1,36,2,2,0.0,0.0,0.0,0.0,0.0,4.0,13,6,9
177669,15,2,1,0,6,3,0,1,1,1,2,18,2,2,0.0,0.0,0.0,0.0,0.0,3.0,23,3,12
88800,16,2,3,10,2,3,0,1,1,1,2,6,2,2,0.0,0.0,0.0,0.0,0.0,2.0,13,2,7
14231,15,2,1,17,8,3,0,1,1,1,2,36,2,2,0.0,0.0,0.0,0.0,0.0,2.0,18,3,1
34930,15,7,3,0,10,3,6,1,1,0,2,21,2,2,0.0,0.0,0.0,0.0,0.0,2.0,13,6,3
92481,16,2,3,15,10,3,0,1,1,1,1,22,2,2,0.0,0.0,0.0,0.0,0.0,2.0,17,3,7
28512,16,2,1,17,6,3,0,1,0,1,2,6,2,2,0.0,0.0,0.0,0.0,0.0,3.0,20,2,3
12540,16,2,3,10,2,3,0,1,1,1,1,19,2,2,0.0,0.0,0.0,0.0,0.0,2.0,12,7,1
32392,15,2,1,0,8,3,0,1,0,1,2,36,2,1,1.0,0.0,1.0,0.0,0.0,1.0,18,7,3
104579,16,2,3,15,8,3,0,1,1,1,1,38,2,2,0.0,0.0,0.0,0.0,0.0,3.0,12,4,8
4499,4,2,1,2,8,3,0,1,0,1,2,26,1,2,0.0,0.0,0.0,0.0,0.0,1.0,17,5,1
45309,4,2,4,2,3,3,0,1,1,0,2,36,1,2,0.0,0.0,0.0,0.0,0.0,1.0,4,1,4
103402,16,2,3,17,6,3,0,1,0,1,2,18,2,4,1.0,0.0,0.0,0.0,1.0,1.0,12,3,7
44367,16,2,3,17,15,3,0,5,0,1,2,36,2,2,0.0,0.0,0.0,0.0,0.0,2.0,10,3,4
112546,16,2,3,15,8,3,0,1,1,1,2,36,2,2,0.0,0.0,0.0,0.0,0.0,2.0,15,6,8
53782,15,2,3,10,8,3,0,1,0,1,2,19,2,4,1.0,0.0,0.0,0.0,1.0,2.0,16,3,4
96947,15,2,1,0,6,3,0,1,0,1,2,5,2,3,1.0,0.0,0.0,1.0,0.0,1.0,20,2,7
798,16,10,3,9,8,3,4,1,0,1,0,38,2,3,1.0,0.0,0.0,1.0,0.0,1.0,13,1,1
123335,15,2,3,0,10,3,0,1,0,1,2,18,2,3,1.0,0.0,0.0,1.0,0.0,1.0,7,4,9
26912,4,3,3,17,8,3,6,1,0,1,2,36,2,2,0.0,0.0,0.0,0.0,0.0,2.0,9,4,2
13335,15,7,0,17,8,3,6,2,0,1,2,36,2,3,2.0,0.0,0.0,2.0,0.0,3.0,23,7,1
95499,16,2,3,17,10,3,0,1,0,1,2,24,2,4,1.0,0.0,0.0,0.0,1.0,2.0,9,2,7
149614,15,3,3,0,6,3,0,1,1,1,2,5,2,2,0.0,0.0,0.0,0.0,0.0,3.0,8,7,10
9806,16,2,2,10,2,3,0,1,1,1,1,28,4,2,0.0,0.0,0.0,0.0,0.0,5.0,18,4,1
36189,17,2,1,0,6,3,0,1,0,1,2,36,2,3,1.0,0.0,0.0,1.0,0.0,4.0,1,1,3
66511,4,2,0,17,8,3,0,1,1,1,2,36,2,2,0.0,0.0,0.0,0.0,0.0,2.0,21,3,5
57027,15,7,3,0,8,3,6,1,0,1,2,18,3,2,0.0,0.0,0.0,0.0,0.0,5.0,17,5,5
130704,16,7,3,17,8,3,6,1,0,1,2,18,2,4,1.0,0.0,0.0,0.0,1.0,1.0,7,3,9
78590,16,7,1,10,6,3,6,1,1,1,2,19,2,2,0.0,0.0,0.0,0.0,0.0,3.0,14,3,6
65112,15,7,3,10,8,3,6,1,1,1,1,17,2,2,0.0,0.0,0.0,0.0,0.0,2.0,18,6,5
62124,16,3,1,10,8,3,6,1,1,1,0,21,2,2,0.0,0.0,0.0,0.0,0.0,2.0,2,1,5
180970,16,2,3,0,6,3,6,1,0,1,2,6,2,2,0.0,0.0,0.0,0.0,0.0,3.0,16,4,12
12819,4,10,3,17,15,3,4,1,1,1,2,24,2,2,0.0,0.0,0.0,0.0,0.0,3.0,11,5,1
150301,16,2,3,10,6,3,0,1,1,1,1,19,2,2,0.0,0.0,0.0,0.0,0.0,2.0,12,3,10
120417,16,2,1,0,6,3,0,1,0,1,2,6,2,3,5.0,0.0,0.0,5.0,0.0,1.0,2,7,8
5962,16,2,1,0,2,3,0,5,1,1,1,36,2,2,0.0,0.0,0.0,0.0,0.0,2.0,0,1,1
5082,16,2,0,10,6,3,0,1,1,1,0,36,2,2,0.0,0.0,0.0,0.0,0.0,2.0,2,7,1
112494,16,2,3,10,8,3,0,1,1,1,2,21,2,2,0.0,0.0,0.0,0.0,0.0,2.0,18,5,8
168621,16,2,4,17,8,3,0,5,1,1,1,24,2,2,0.0,0.0,0.0,0.0,0.0,2.0,17,3,11
11403,16,11,5,10,15,3,5,5,1,1,0,36,2,2,0.0,0.0,0.0,0.0,0.0,2.0,17,3,1
116971,15,2,3,17,15,3,0,1,0,1,2,18,2,2,0.0,0.0,0.0,0.0,0.0,2.0,9,4,8
41501,16,2,2,5,11,3,6,1,1,1,2,26,1,2,0.0,0.0,0.0,0.0,0.0,1.0,6,7,3
53467,15,2,3,0,2,3,0,1,1,1,1,5,2,2,0.0,0.0,0.0,0.0,0.0,2.0,14,4,4
42097,16,2,1,0,2,3,5,1,0,1,2,36,2,4,3.0,0.0,0.0,0.0,3.0,1.0,21,5,3
95480,16,2,3,2,2,3,0,1,0,1,2,36,1,2,0.0,0.0,0.0,0.0,0.0,1.0,6,2,7
84940,4,2,3,17,6,3,6,1,0,1,2,12,2,3,1.0,0.0,0.0,1.0,0.0,1.0,15,6,6
94323,16,2,3,15,6,4,0,1,1,1,2,17,2,2,0.0,0.0,0.0,0.0,0.0,3.0,13,4,7
47642,16,7,3,15,10,3,6,1,1,1,1,36,2,2,0.0,0.0,0.0,0.0,0.0,4.0,16,6,4
40695,15,2,3,15,2,3,0,1,1,1,1,23,2,2,0.0,0.0,0.0,0.0,0.0,2.0,7,5,3
26260,15,7,1,17,8,3,6,5,0,1,2,18,2,2,0.0,0.0,0.0,0.0,0.0,2.0,0,1,2
102609,16,2,3,15,15,3,0,5,1,1,2,36,2,2,0.0,0.0,0.0,0.0,0.0,2.0,15,5,7
184988,17,2,3,10,17,3,0,5,1,1,1,36,2,2,0.0,0.0,0.0,0.0,0.0,2.0,14,5,12
121338,16,2,1,17,6,3,0,5,0,1,2,17,2,3,1.0,0.0,0.0,1.0,0.0,1.0,21,4,9
759,15,2,1,0,6,3,6,1,0,1,2,18,2,2,0.0,0.0,0.0,0.0,0.0,3.0,16,7,1
60203,15,2,3,17,8,3,0,1,1,1,2,18,2,2,0.0,0.0,0.0,0.0,0.0,2.0,14,7,5
169173,15,2,1,0,8,3,0,1,0,1,2,18,3,4,1.0,0.0,0.0,0.0,1.0,2.0,18,7,11
47802,17,2,1,17,8,3,0,1,0,1,2,36,2,2,0.0,0.0,0.0,0.0,0.0,2.0,4,3,4
100505,16,11,5,17,18,3,5,5,1,1,2,36,2,2,0.0,0.0,0.0,0.0,0.0,2.0,18,1,7
163415,16,2,3,15,8,3,0,1,1,1,1,18,2,2,0.0,0.0,0.0,0.0,0.0,2.0,11,2,11
99559,4,2,3,15,6,3,0,1,0,1,2,22,2,3,2.0,0.0,0.0,2.0,0.0,2.0,18,7,7
23557,17,7,1,2,10,3,6,5,0,0,2,26,1,2,0.0,0.0,0.0,0.0,0.0,1.0,20,2,2
134827,16,2,3,10,8,3,0,1,1,1,2,19,2,2,0.0,0.0,0.0,0.0,0.0,2.0,7,3,9
155281,16,11,3,17,8,3,5,1,1,1,2,36,2,2,0.0,0.0,0.0,0.0,0.0,2.0,16,5,10
172863,16,7,1,10,2,3,6,1,1,1,1,19,2,2,0.0,0.0,0.0,0.0,0.0,3.0,20,1,12
57919,4,2,3,0,8,3,0,1,1,1,2,36,2,2,0.0,0.0,0.0,0.0,0.0,2.0,11,7,5
59804,16,2,3,17,8,3,0,1,0,1,2,18,3,1,1.0,0.0,1.0,0.0,0.0,3.0,15,1,5
187150,15,2,1,0,8,3,6,1,0,1,2,18,2,2,0.0,0.0,0.0,0.0,0.0,3.0,22,6,12
43479,16,7,1,0,6,3,6,5,0,1,2,6,2,2,0.0,0.0,0.0,0.0,0.0,2.0,0,1,4
74379,16,2,3,17,2,3,0,1,1,1,0,36,2,2,0.0,0.0,0.0,0.0,0.0,4.0,7,4,6
179088,16,2,4,10,8,3,0,1,1,1,2,36,2,2,0.0,0.0,0.0,0.0,0.0,2.0,16,6,12
3921,16,2,3,10,2,3,0,1,0,1,2,19,2,4,1.0,0.0,0.0,0.0,1.0,5.0,15,3,1
94315,16,2,1,17,15,3,0,1,1,1,2,24,2,2,0.0,0.0,0.0,0.0,0.0,2.0,23,3,7
96150,16,2,3,0,8,3,0,1,1,1,2,36,2,2,0.0,0.0,0.0,0.0,0.0,3.0,12,3,7
188720,16,2,1,17,8,3,6,1,0,1,2,24,2,2,0.0,0.0,0.0,0.0,0.0,4.0,23,2,12
178357,16,2,3,17,2,3,0,1,0,1,2,36,2,4,1.0,0.0,0.0,0.0,1.0,1.0,11,3,12
186919,16,2,1,9,6,3,0,1,0,1,1,3,2,3,2.0,0.0,0.0,2.0,0.0,0.0,22,4,12
66438,16,2,3,15,2,3,0,1,1,1,2,12,2,2,0.0,0.0,0.0,0.0,0.0,2.0,18,1,5
92293,15,2,3,15,6,3,0,1,1,1,1,28,2,2,0.0,0.0,0.0,0.0,0.0,2.0,12,7,7
179850,16,7,1,0,6,3,6,1,0,1,2,26,2,2,0.0,0.0,0.0,0.0,0.0,2.0,1,4,12
164916,4,10,3,17,8,3,4,1,1,1,1,23,2,2,0.0,0.0,0.0,0.0,0.0,5.0,11,7,11
65514,4,2,3,7,8,3,0,1,1,0,2,36,2,2,0.0,0.0,0.0,0.0,0.0,1.0,14,1,5
18299,15,2,3,0,8,3,0,1,1,1,2,21,2,2,0.0,0.0,0.0,0.0,0.0,2.0,9,4,2
162329,16,2,1,10,6,3,0,5,1,1,1,12,2,2,0.0,0.0,0.0,0.0,0.0,2.0,18,1,11
18971,15,2,3,7,2,3,0,1,1,1,2,12,2,2,0.0,0.0,0.0,0.0,0.0,1.0,15,3,2
103513,16,2,1,17,11,3,0,1,1,1,1,24,2,2,0.0,0.0,0.0,0.0,0.0,2.0,23,3,7
146023,16,2,3,8,6,3,0,1,0,1,1,6,2,3,1.0,0.0,0.0,1.0,0.0,1.0,9,5,10
136208,4,7,1,17,6,3,6,1,1,1,1,23,2,2,0.0,0.0,0.0,0.0,0.0,2.0,0,2,9
155307,16,2,1,10,3,3,6,1,1,1,1,36,2,2,0.0,0.0,0.0,0.0,0.0,2.0,19,5,10
126308,16,2,1,0,15,3,0,1,0,1,2,6,2,3,2.0,0.0,0.0,2.0,0.0,0.0,1,7,9
144960,16,2,1,0,8,3,0,1,1,1,2,36,2,2,0.0,0.0,0.0,0.0,0.0,5.0,23,4,10
8597,16,2,1,17,6,3,5,5,0,1,2,6,2,3,1.0,0.0,0.0,1.0,0.0,1.0,0,6,1
10046,16,2,0,15,10,3,5,5,1,1,2,22,2,2,0.0,0.0,0.0,0.0,0.0,2.0,19,7,1
26419,4,2,0,9,6,3,6,1,0,1,2,36,2,3,1.0,0.0,0.0,1.0,0.0,1.0,5,5,2
169822,17,11,5,3,6,3,5,5,1,1,2,36,2,2,0.0,0.0,0.0,0.0,0.0,2.0,20,3,11
87979,16,2,3,10,15,3,0,1,0,1,0,36,2,3,1.0,0.0,0.0,1.0,0.0,1.0,12,2,7
117368,15,7,3,0,6,3,6,1,0,1,2,36,2,2,0.0,0.0,0.0,0.0,0.0,2.0,7,2,8
18686,16,2,3,10,19,3,0,5,1,0,1,17,2,2,0.0,0.0,0.0,0.0,0.0,4.0,13,5,2
40407,15,2,1,0,8,3,0,1,1,1,2,5,2,2,0.0,0.0,0.0,0.0,0.0,2.0,1,1,3
149259,16,11,1,17,8,3,0,1,0,1,2,6,2,1,4.0,0.0,4.0,0.0,0.0,1.0,4,1,10
35548,16,2,3,17,6,3,0,1,0,1,2,24,2,2,0.0,0.0,0.0,0.0,0.0,2.0,15,3,3
177124,15,2,3,17,8,3,5,5,1,1,2,36,2,2,0.0,0.0,0.0,0.0,0.0,2.0,8,5,12
109225,16,2,3,17,6,3,0,1,0,1,2,6,2,2,0.0,0.0,0.0,0.0,0.0,2.0,11,7,8
91060,4,11,5,7,17,3,5,5,1,0,2,26,2,2,0.0,0.0,0.0,0.0,0.0,1.0,21,1,7
187956,15,2,1,0,15,3,0,1,0,1,2,18,2,2,0.0,0.0,0.0,0.0,0.0,2.0,19,6,12
173460,16,2,3,10,6,3,0,1,1,1,1,26,2,2,0.0,0.0,0.0,0.0,0.0,2.0,11,5,12
166351,15,2,3,8,8,3,0,1,1,1,2,36,2,2,0.0,0.0,0.0,0.0,0.0,2.0,15,1,11
1463,17,11,5,17,6,3,5,5,1,1,2,24,2,2,0.0,0.0,0.0,0.0,0.0,2.0,12,6,1
14592,4,7,3,17,15,3,6,1,1,1,1,18,2,2,0.0,0.0,0.0,0.0,0.0,2.0,9,3,1
188973,15,2,1,0,6,3,0,1,0,1,2,18,2,3,2.0,0.0,0.0,2.0,0.0,2.0,3,1,12
145289,16,2,1,17,8,3,0,1,0,1,2,17,3,3,1.0,0.0,0.0,1.0,0.0,4.0,1,1,10
59696,16,2,3,15,6,3,0,1,1,1,1,23,2,2,0.0,0.0,0.0,0.0,0.0,2.0,16,6,5
28966,4,2,3,17,2,3,0,5,0,1,2,18,2,3,1.0,0.0,0.0,1.0,0.0,1.0,9,3,3
165105,15,2,3,17,8,3,0,5,1,1,1,23,2,2,0.0,0.0,0.0,0.0,0.0,2.0,14,5,11
24712,15,2,1,17,6,3,0,1,1,1,2,18,2,2,0.0,0.0,0.0,0.0,0.0,3.0,4,3,2
20920,16,2,1,17,6,3,0,1,0,1,2,18,2,2,0.0,0.0,0.0,0.0,0.0,2.0,17,1,2
6636,16,3,1,10,10,3,6,1,1,1,2,19,2,2,0.0,0.0,0.0,0.0,0.0,2.0,23,2,1
161518,15,2,1,10,8,3,1,1,1,1,1,17,2,2,0.0,0.0,0.0,0.0,0.0,4.0,19,2,11
130415,16,11,1,15,1,3,5,1,1,1,1,36,2,2,0.0,0.0,0.0,0.0,0.0,3.0,22,7,9
113161,16,2,3,0,6,3,0,1,1,1,1,6,2,2,0.0,0.0,0.0,0.0,0.0,4.0,13,1,8
51863,16,2,3,15,6,3,0,1,1,1,1,23,2,2,0.0,0.0,0.0,0.0,0.0,3.0,8,5,4
171392,16,11,3,10,8,3,2,5,0,1,2,36,3,4,1.0,0.0,0.0,0.0,1.0,3.0,8,2,11
78455,16,2,3,15,10,3,0,1,1,1,2,23,2,2,0.0,0.0,0.0,0.0,0.0,2.0,13,1,6
75872,4,3,3,17,8,3,0,1,1,1,2,36,2,2,0.0,0.0,0.0,0.0,0.0,2.0,10,4,6
77789,15,7,1,8,6,3,6,1,0,1,0,18,2,4,1.0,0.0,0.0,0.0,1.0,2.0,21,4,6
15171,16,2,3,10,8,3,6,1,0,1,2,17,2,3,1.0,0.0,0.0,1.0,0.0,1.0,14,6,2
176491,15,2,3,17,11,3,0,1,1,1,2,18,2,2,0.0,0.0,0.0,0.0,0.0,3.0,8,4,12
187842,4,2,0,0,6,3,6,1,0,1,1,17,2,1,3.0,0.0,2.0,1.0,0.0,0.0,8,4,12
95832,15,3,3,17,8,3,0,1,1,0,2,12,2,2,0.0,0.0,0.0,0.0,0.0,2.0,12,6,7
111699,16,2,0,10,8,3,0,1,1,1,2,36,2,2,0.0,0.0,0.0,0.0,0.0,2.0,2,1,8
93156,15,2,3,0,6,3,0,5,0,1,2,18,2,3,2.0,0.0,0.0,1.0,1.0,1.0,17,7,7
131873,4,2,3,8,8,3,0,1,1,1,0,18,2,2,0.0,0.0,0.0,0.0,0.0,2.0,17,5,9
140956,16,2,1,0,8,3,0,1,0,1,1,6,2,3,3.0,0.0,0.0,2.0,1.0,2.0,1,1,10
52856,16,2,3,17,6,3,0,1,0,1,2,18,2,1,1.0,0.0,1.0,0.0,0.0,2.0,15,2,4
27162,15,2,3,7,8,3,0,1,0,1,2,27,2,2,0.0,0.0,0.0,0.0,0.0,1.0,9,2,2
83286,16,2,3,10,8,3,0,1,1,1,2,19,2,2,0.0,0.0,0.0,0.0,0.0,2.0,16,7,6
64223,15,2,3,10,2,3,0,1,1,1,1,19,2,2,0.0,0.0,0.0,0.0,0.0,2.0,18,6,5
94594,16,2,3,17,8,3,0,1,1,1,2,23,2,2,0.0,0.0,0.0,0.0,0.0,2.0,19,7,7
134936,16,2,3,17,8,3,0,1,1,1,2,36,2,2,0.0,0.0,0.0,0.0,0.0,3.0,12,4,9
117053,16,2,3,10,8,3,5,5,1,1,2,36,2,2,0.0,0.0,0.0,0.0,0.0,2.0,10,5,8
66316,4,2,3,17,15,3,0,1,1,1,2,36,2,2,0.0,0.0,0.0,0.0,0.0,2.0,17,6,5
41376,15,7,3,0,2,3,6,1,1,1,1,36,2,2,0.0,0.0,0.0,0.0,0.0,2.0,18,4,3
95404,15,2,3,0,2,3,0,1,0,1,2,18,3,2,0.0,0.0,0.0,0.0,0.0,2.0,16,7,7
147202,15,2,0,17,8,3,0,1,0,1,2,18,2,2,0.0,0.0,0.0,0.0,0.0,4.0,19,1,10
124980,15,2,4,0,8,3,0,1,0,1,2,5,2,4,2.0,0.0,0.0,0.0,2.0,0.0,18,7,9
184109,16,2,1,0,8,3,0,1,0,1,2,18,2,3,2.0,0.0,0.0,2.0,0.0,1.0,19,7,12
123001,18,2,3,0,6,3,0,1,1,1,2,17,2,2,0.0,0.0,0.0,0.0,0.0,3.0,16,7,9
123494,16,2,3,10,8,3,0,0,1,1,0,26,2,2,0.0,0.0,0.0,0.0,0.0,2.0,11,6,9
25010,15,2,3,17,15,3,5,5,1,1,2,36,2,2,0.0,0.0,0.0,0.0,0.0,2.0,12,7,2
104235,16,2,3,0,8,3,0,1,1,1,2,6,2,2,0.0,0.0,0.0,0.0,0.0,3.0,13,1,8
158033,15,2,3,0,2,3,0,1,1,1,2,5,2,2,0.0,0.0,0.0,0.0,0.0,2.0,14,7,11
61467,16,2,1,0,8,3,0,1,1,1,2,17,2,2,0.0,0.0,0.0,0.0,0.0,2.0,23,5,5
11716,16,10,3,17,6,3,6,1,1,1,2,12,2,2,0.0,0.0,0.0,0.0,0.0,4.0,12,1,1
16372,4,2,1,17,8,3,6,1,0,1,1,24,2,3,1.0,0.0,0.0,1.0,0.0,2.0,20,7,2
137629,16,2,1,17,10,3,0,1,1,1,0,22,2,2,0.0,0.0,0.0,0.0,0.0,2.0,1,1,10
160754,15,7,1,0,6,3,2,1,0,1,2,18,2,2,0.0,0.0,0.0,0.0,0.0,3.0,19,7,11
163591,16,2,3,17,2,3,0,1,1,1,2,18,2,2,0.0,0.0,0.0,0.0,0.0,2.0,6,3,11
98733,16,2,3,0,2,3,0,1,0,1,2,18,2,1,2.0,0.0,1.0,1.0,0.0,0.0,13,7,7
134985,15,2,0,8,6,3,0,5,1,1,0,36,2,2,0.0,0.0,0.0,0.0,0.0,2.0,20,5,9
87987,15,2,3,17,10,3,0,1,1,1,2,18,2,2,0.0,0.0,0.0,0.0,0.0,2.0,15,4,7
63242,16,2,3,10,8,3,0,1,1,1,2,19,2,2,0.0,0.0,0.0,0.0,0.0,2.0,17,4,5
121133,16,2,3,0,2,3,0,1,0,1,2,6,2,2,0.0,0.0,0.0,0.0,0.0,2.0,12,6,9
185649,16,2,1,10,8,3,0,1,1,1,2,18,2,2,0.0,0.0,0.0,0.0,0.0,2.0,17,3,12
125749,15,2,3,0,6,3,0,1,1,1,1,18,2,2,0.0,0.0,0.0,0.0,0.0,2.0,15,6,9
127620,16,2,3,15,10,3,0,1,1,1,2,23,2,2,0.0,0.0,0.0,0.0,0.0,2.0,5,4,9
70367,15,2,1,0,8,3,0,1,0,1,2,5,2,4,3.0,0.0,0.0,0.0,3.0,0.0,22,6,5
6934,16,2,3,0,6,3,4,1,0,1,2,6,3,4,2.0,0.0,0.0,0.0,2.0,0.0,16,1,1
138087,16,2,3,17,6,3,0,1,0,1,2,18,2,4,1.0,0.0,0.0,0.0,1.0,1.0,15,3,10
136111,16,7,3,10,10,3,6,1,0,1,2,19,2,2,0.0,0.0,0.0,0.0,0.0,2.0,9,7,9
142421,16,2,3,10,8,3,0,1,1,1,2,36,2,2,0.0,0.0,0.0,0.0,0.0,3.0,11,4,10
178462,16,2,1,10,6,3,0,1,1,1,2,17,2,2,0.0,0.0,0.0,0.0,0.0,3.0,16,5,12
19887,16,2,1,0,11,3,4,1,0,1,2,36,2,2,0.0,0.0,0.0,0.0,0.0,2.0,5,5,2
115362,4,2,0,17,15,3,0,5,1,1,2,18,2,2,0.0,0.0,0.0,0.0,0.0,2.0,4,1,8
35130,15,2,3,10,8,3,0,5,0,1,2,19,2,4,1.0,0.0,0.0,0.0,1.0,2.0,16,3,3
95736,15,2,1,0,8,3,0,1,0,1,2,5,2,2,0.0,0.0,0.0,0.0,0.0,4.0,21,5,7
104480,16,11,5,8,9,3,5,5,0,1,2,36,2,4,1.0,0.0,0.0,0.0,1.0,1.0,19,5,8
103697,16,2,3,0,8,3,0,1,0,1,2,36,2,2,0.0,0.0,0.0,0.0,0.0,2.0,15,7,7
30026,4,7,1,9,4,3,6,1,0,1,0,18,2,1,1.0,0.0,1.0,0.0,0.0,1.0,21,2,3
99725,15,2,4,0,8,3,0,1,0,1,1,5,2,2,0.0,0.0,0.0,0.0,0.0,2.0,2,2,7