crash_date,               traffic_control_device,weather_condition,lighting_condition,first_crash_type,trafficway_type,alignment,roadway_surface_cond,road_defect,crash_type,intersection_related_i,damage,prim_contributory_cause,num_units,most_severe_injury,injuries_total,injuries_fatal,injuries_incapacitating,injuries_non_incapacitating,injuries_reported_not_evident,injuries_no_indication,crash_hour,crash_day_of_week,crash_month
128201,16,2,4,15,6,3,0,1,1,1,2,36,2,2,0.0,0.0,0.0,0.0,0.0,2.0,18,5,9
94463,15,3,3,10,10,3,0,1,0,1,2,36,2,4,3.0,0.0,0.0,0.0,3.0,2.0,17,7,7
76101,16,2,3,0,8,3,0,1,0,1,2,36,2,2,0.0,0.0,0.0,0.0,0.0,3.0,16,7,6
86207,4,2,3,7,8,3,0,1,1,1,2,24,2,2,0.0,0.0,0.0,0.0,0.0,1.0,11,5,6
110072,16,2,3,0,6,3,0,1,0,1,2,6,2,3,1.0,0.0,0.0,1.0,0.0,1.0,8,4,8
95984,15,2,3,0,2,3,0,1,1,1,2,18,2,2,0.0,0.0,0.0,0.0,0.0,2.0,19,3,7
124861,17,2,3,10,6,3,0,5,1,1,2,36,2,2,0.0,0.0,0.0,0.0,0.0,6.0,13,1,9
109458,15,2,3,0,8,3,0,1,0,1,2,13,2,4,1.0,0.0,0.0,0.0,1.0,2.0,14,3,8
136652,16,2,3,10,2,3,0,1,0,1,2,19,2,2,0.0,0.0,0.0,0.0,0.0,5.0,12,7,9
5219,16,2,3,15,6,3,0,1,1,1,2,36,2,2,0.0,0.0,0.0,0.0,0.0,2.0,9,3,1
146921,16,2,1,17,2,3,0,1,0,1,2,18,2,2,0.0,0.0,0.0,0.0,0.0,6.0,2,3,10
116839,16,2,3,17,18,3,0,1,1,1,2,18,2,2,0.0,0.0,0.0,0.0,0.0,2.0,6,1,8
115463,16,2,3,10,8,3,0,1,1,1,2,19,2,2,0.0,0.0,0.0,0.0,0.0,2.0,12,2,8
15180,16,2,3,17,8,3,6,1,1,1,2,36,2,2,0.0,0.0,0.0,0.0,0.0,2.0,15,6,2
80060,16,2,3,10,8,3,0,1,1,1,1,36,2,2,0.0,0.0,0.0,0.0,0.0,2.0,11,1,6
97698,16,2,3,17,8,3,6,1,0,1,2,18,3,3,1.0,0.0,0.0,1.0,0.0,2.0,13,6,7
115997,4,2,3,17,6,3,0,1,0,1,2,17,2,3,1.0,0.0,0.0,1.0,0.0,1.0,15,4,8
113466,16,2,3,17,6,3,0,1,0,1,2,18,2,2,0.0,0.0,0.0,0.0,0.0,2.0,12,6,8
131119,4,7,3,17,9,3,6,1,1,1,2,36,2,2,0.0,0.0,0.0,0.0,0.0,2.0,10,3,9
183986,4,2,1,2,8,3,0,1,0,1,2,11,2,3,2.0,0.0,0.0,2.0,0.0,1.0,20,4,12
156674,16,2,3,10,8,3,0,1,0,1,2,17,2,2,0.0,0.0,0.0,0.0,0.0,3.0,10,3,11
72026,4,2,3,17,6,3,0,1,0,1,2,18,2,2,0.0,0.0,0.0,0.0,0.0,2.0,14,3,6
169438,16,2,1,0,6,3,0,1,0,1,2,6,2,3,2.0,0.0,0.0,2.0,0.0,1.0,22,5,11
47777,16,2,1,17,8,3,0,1,0,1,2,18,2,2,0.0,0.0,0.0,0.0,0.0,3.0,22,2,4
165535,16,2,3,9,11,3,6,1,0,0,1,26,2,3,1.0,0.0,0.0,1.0,0.0,1.0,7,2,11
97255,16,2,3,17,8,3,0,1,1,1,0,36,2,2,0.0,0.0,0.0,0.0,0.0,2.0,18,6,7
119965,15,2,3,17,8,3,0,1,1,1,2,36,2,2,0.0,0.0,0.0,0.0,0.0,2.0,13,5,8
137578,15,2,1,17,6,3,0,1,1,1,2,5,2,2,0.0,0.0,0.0,0.0,0.0,2.0,22,2,9
99925,15,2,3,10,8,3,0,1,1,1,1,19,2,2,0.0,0.0,0.0,0.0,0.0,2.0,17,6,7
6673,16,2,2,10,6,3,5,5,1,1,2,36,2,2,0.0,0.0,0.0,0.0,0.0,2.0,18,3,1
96545,16,2,4,17,2,4,0,1,1,1,2,18,2,2,0.0,0.0,0.0,0.0,0.0,3.0,19,4,7
116972,15,2,3,8,10,3,0,1,0,1,1,18,2,3,1.0,0.0,0.0,1.0,0.0,1.0,9,4,8
173262,15,2,3,17,3,3,0,1,1,0,1,36,2,2,0.0,0.0,0.0,0.0,0.0,2.0,14,1,12
161190,4,2,3,10,2,3,0,1,1,1,1,19,2,2,0.0,0.0,0.0,0.0,0.0,3.0,8,5,11
153053,15,7,3,17,8,3,6,1,1,1,1,36,2,2,0.0,0.0,0.0,0.0,0.0,3.0,12,3,10
21106,15,3,3,2,8,3,4,1,1,1,0,26,1,2,0.0,0.0,0.0,0.0,0.0,1.0,14,4,2
161023,4,7,1,9,8,3,6,1,1,1,0,18,2,2,0.0,0.0,0.0,0.0,0.0,2.0,22,1,11
126704,16,2,1,0,3,3,0,1,0,1,2,6,3,2,0.0,0.0,0.0,0.0,0.0,5.0,20,4,9
123743,16,2,3,10,9,3,0,1,1,1,2,19,2,2,0.0,0.0,0.0,0.0,0.0,2.0,15,6,9
164593,15,2,3,17,6,3,6,1,1,1,2,18,2,2,0.0,0.0,0.0,0.0,0.0,2.0,9,4,11
48982,15,2,3,8,6,3,0,1,0,1,1,36,2,3,1.0,0.0,0.0,1.0,0.0,1.0,9,2,4
13356,16,2,0,0,2,3,0,5,1,1,1,6,2,2,0.0,0.0,0.0,0.0,0.0,2.0,6,7,1
64694,15,2,1,17,6,3,0,1,0,1,1,5,2,2,0.0,0.0,0.0,0.0,0.0,2.0,2,7,5
32417,16,2,3,0,6,3,0,1,1,1,2,18,2,2,0.0,0.0,0.0,0.0,0.0,2.0,11,7,3
6342,15,2,1,10,10,3,0,1,1,1,1,19,2,2,0.0,0.0,0.0,0.0,0.0,2.0,19,6,1
12051,16,2,3,15,8,3,0,1,1,1,1,23,2,2,0.0,0.0,0.0,0.0,0.0,2.0,8,6,1
188283,17,10,3,17,8,3,6,5,1,1,1,26,2,2,0.0,0.0,0.0,0.0,0.0,2.0,14,4,12
1093,16,2,3,15,8,3,0,1,1,1,1,36,2,2,0.0,0.0,0.0,0.0,0.0,2.0,14,5,1
173669,16,2,3,0,2,3,0,1,1,1,1,18,2,2,0.0,0.0,0.0,0.0,0.0,2.0,14,3,12
75006,16,2,3,17,2,3,0,1,1,1,0,19,2,2,0.0,0.0,0.0,0.0,0.0,2.0,7,4,6
119764,16,2,3,17,8,3,0,1,0,1,2,18,2,2,0.0,0.0,0.0,0.0,0.0,2.0,7,3,8
105157,16,2,3,15,2,3,0,1,1,1,1,22,2,2,0.0,0.0,0.0,0.0,0.0,2.0,16,6,8
74007,16,2,3,10,8,3,0,1,0,1,1,36,2,4,1.0,0.0,0.0,0.0,1.0,1.0,16,4,6
186532,16,2,1,10,8,3,0,1,1,1,2,8,2,2,0.0,0.0,0.0,0.0,0.0,2.0,21,4,12
171034,16,2,3,10,2,3,0,1,1,1,2,19,2,2,0.0,0.0,0.0,0.0,0.0,4.0,20,3,11
10158,15,2,1,10,10,3,4,1,0,1,2,36,2,2,0.0,0.0,0.0,0.0,0.0,2.0,20,2,1
70198,16,2,1,15,11,3,0,1,0,1,2,8,5,2,0.0,0.0,0.0,0.0,0.0,7.0,0,2,5
64754,16,2,3,11,15,3,0,1,1,1,1,21,2,2,0.0,0.0,0.0,0.0,0.0,2.0,11,7,5
136171,16,7,3,17,6,3,6,1,0,1,2,24,2,2,0.0,0.0,0.0,0.0,0.0,2.0,6,2,9
109624,17,2,3,11,6,3,5,5,1,1,2,21,2,2,0.0,0.0,0.0,0.0,0.0,2.0,18,5,8
64903,15,2,1,0,6,3,0,1,0,1,2,5,2,2,0.0,0.0,0.0,0.0,0.0,2.0,22,4,5
110557,15,2,3,0,2,3,0,1,0,1,2,18,2,3,1.0,0.0,0.0,1.0,0.0,1.0,15,5,8
145381,15,2,1,0,2,3,0,1,0,1,2,5,2,4,1.0,0.0,0.0,0.0,1.0,1.0,19,2,10
147155,16,2,0,0,8,3,0,1,1,1,2,6,2,2,0.0,0.0,0.0,0.0,0.0,3.0,21,7,10
164010,16,10,3,9,6,3,4,1,0,1,0,18,2,3,1.0,0.0,0.0,1.0,0.0,1.0,7,3,11
116772,16,2,3,0,8,3,0,1,0,1,2,6,2,3,1.0,0.0,0.0,1.0,0.0,1.0,16,7,8
142410,16,2,3,9,8,3,0,1,0,1,2,6,2,3,1.0,0.0,0.0,1.0,0.0,1.0,8,4,10
35382,15,2,1,7,10,3,0,5,0,1,1,36,3,2,0.0,0.0,0.0,0.0,0.0,1.0,20,6,3
182319,15,2,1,15,8,3,0,5,1,0,0,36,2,2,0.0,0.0,0.0,0.0,0.0,2.0,16,2,12
39833,16,2,3,10,8,3,0,1,1,1,2,8,2,2,0.0,0.0,0.0,0.0,0.0,3.0,14,3,3
148815,16,4,1,9,6,3,0,1,0,1,2,36,2,3,1.0,0.0,0.0,1.0,0.0,1.0,22,1,10
35943,4,2,3,7,2,3,0,1,0,1,2,9,3,2,0.0,0.0,0.0,0.0,0.0,1.0,8,1,3
53718,15,2,3,17,15,3,0,1,0,1,2,18,2,2,0.0,0.0,0.0,0.0,0.0,3.0,15,2,4
52111,16,2,3,0,10,4,0,1,1,1,2,6,2,2,0.0,0.0,0.0,0.0,0.0,2.0,13,2,4
14666,4,2,3,0,2,3,0,1,0,1,2,18,2,3,1.0,0.0,0.0,1.0,0.0,1.0,8,4,1
158612,15,11,5,0,17,3,5,5,1,1,2,26,2,2,0.0,0.0,0.0,0.0,0.0,2.0,18,6,11
31558,4,2,0,15,11,3,0,1,1,1,1,36,2,2,0.0,0.0,0.0,0.0,0.0,2.0,20,6,3
55505,15,7,3,0,2,3,6,1,0,1,2,18,2,1,1.0,0.0,1.0,0.0,0.0,2.0,13,7,4
3020,16,7,3,10,8,3,6,1,1,1,2,19,2,2,0.0,0.0,0.0,0.0,0.0,3.0,15,2,1
8763,16,2,1,9,11,3,0,1,1,1,1,18,2,2,0.0,0.0,0.0,0.0,0.0,2.0,17,6,1
181737,16,7,1,10,6,3,6,1,0,1,2,36,2,2,0.0,0.0,0.0,0.0,0.0,2.0,5,1,12
163602,4,7,3,10,8,3,6,1,1,1,1,19,2,2,0.0,0.0,0.0,0.0,0.0,2.0,13,4,11
161552,16,10,3,10,19,4,4,1,1,1,2,17,2,2,0.0,0.0,0.0,0.0,0.0,3.0,12,2,11
101120,16,2,3,15,8,3,0,1,1,1,1,28,2,2,0.0,0.0,0.0,0.0,0.0,2.0,15,4,7
134138,16,2,3,15,8,3,0,1,1,1,2,22,2,2,0.0,0.0,0.0,0.0,0.0,3.0,16,6,9
18886,16,2,3,10,8,3,1,1,1,1,0,39,2,2,0.0,0.0,0.0,0.0,0.0,3.0,10,7,2
108367,16,2,3,10,8,3,0,1,0,1,1,19,2,4,1.0,0.0,0.0,0.0,1.0,1.0,18,6,8
147269,16,2,3,17,8,4,0,1,1,1,1,18,2,2,0.0,0.0,0.0,0.0,0.0,2.0,10,2,10
90781,15,2,3,0,8,3,0,1,0,1,2,18,2,3,1.0,0.0,0.0,1.0,0.0,2.0,16,5,7
183485,4,2,1,17,19,3,0,1,1,1,1,24,2,2,0.0,0.0,0.0,0.0,0.0,4.0,21,4,12
138463,15,7,3,0,6,3,6,2,1,1,2,38,2,2,0.0,0.0,0.0,0.0,0.0,3.0,15,7,10
143539,4,7,3,0,2,3,6,1,0,1,2,18,3,2,0.0,0.0,0.0,0.0,0.0,3.0,15,6,10
177635,6,2,1,14,8,3,0,1,0,0,2,12,3,3,1.0,0.0,0.0,1.0,0.0,4.0,18,3,12
122274,16,2,3,17,2,3,0,1,1,1,1,6,2,2,0.0,0.0,0.0,0.0,0.0,2.0,14,3,9
188361,16,2,0,3,2,3,0,1,0,1,2,18,2,2,0.0,0.0,0.0,0.0,0.0,3.0,21,5,12
104240,16,2,1,14,11,3,0,1,0,1,2,36,3,3,1.0,0.0,0.0,1.0,0.0,2.0,2,1,8
19467,16,2,3,15,2,3,6,1,1,1,2,23,2,2,0.0,0.0,0.0,0.0,0.0,2.0,12,4,2
45195,15,2,3,0,6,3,0,1,0,1,2,36,2,2,0.0,0.0,0.0,0.0,0.0,3.0,17,5,4
186549,16,2,3,10,8,3,0,1,1,1,1,36,2,2,0.0,0.0,0.0,0.0,0.0,2.0,12,4,12
85994,4,2,3,15,8,3,0,1,1,1,2,36,2,2,0.0,0.0,0.0,0.0,0.0,4.0,18,1,6
29817,15,2,3,0,6,3,0,1,1,1,2,36,2,2,0.0,0.0,0.0,0.0,0.0,2.0,14,5,3
73542,16,2,3,0,2,3,0,1,0,1,2,6,2,2,0.0,0.0,0.0,0.0,0.0,3.0,17,5,6
163582,4,2,3,10,2,3,0,1,0,1,2,18,3,2,0.0,0.0,0.0,0.0,0.0,3.0,12,1,11
148723,4,9,4,0,8,4,6,1,0,1,2,5,2,2,0.0,0.0,0.0,0.0,0.0,2.0,14,7,10
162934,16,2,3,15,8,3,0,1,1,1,2,23,2,2,0.0,0.0,0.0,0.0,0.0,2.0,14,4,11
56827,15,2,3,10,6,3,0,1,1,1,0,19,2,2,0.0,0.0,0.0,0.0,0.0,2.0,11,2,5
5786,16,2,1,0,6,3,0,1,1,1,1,6,2,2,0.0,0.0,0.0,0.0,0.0,2.0,20,4,1
88763,16,2,3,17,2,3,0,1,1,1,1,24,2,2,0.0,0.0,0.0,0.0,0.0,2.0,9,3,7
8216,15,2,1,17,10,3,0,1,1,1,2,24,2,2,0.0,0.0,0.0,0.0,0.0,2.0,19,5,1
39771,15,2,3,0,2,4,0,1,0,1,1,18,2,2,0.0,0.0,0.0,0.0,0.0,3.0,13,2,3
84335,16,3,3,15,8,3,6,1,0,0,2,23,2,2,0.0,0.0,0.0,0.0,0.0,2.0,6,2,6
80511,15,2,3,17,8,3,0,1,0,1,2,18,2,1,3.0,0.0,2.0,1.0,0.0,1.0,11,1,6
125527,16,2,3,17,8,3,0,1,1,1,2,24,2,2,0.0,0.0,0.0,0.0,0.0,2.0,11,1,9
99632,15,2,3,17,6,3,0,1,0,1,2,6,2,2,0.0,0.0,0.0,0.0,0.0,3.0,19,1,7
150503,16,2,1,17,3,3,0,5,0,1,2,24,2,3,1.0,0.0,0.0,1.0,0.0,1.0,23,3,10
82037,15,2,3,0,15,3,0,1,1,1,2,36,2,2,0.0,0.0,0.0,0.0,0.0,2.0,11,4,6
7966,4,2,3,17,8,3,0,5,1,1,2,12,2,2,0.0,0.0,0.0,0.0,0.0,3.0,15,3,1
187032,16,2,3,10,8,3,0,1,1,1,1,19,2,2,0.0,0.0,0.0,0.0,0.0,2.0,8,4,12
85168,4,2,3,5,6,3,0,1,1,1,2,36,1,2,0.0,0.0,0.0,0.0,0.0,1.0,9,3,6
73301,15,2,3,0,6,3,0,1,1,1,2,18,2,2,0.0,0.0,0.0,0.0,0.0,3.0,16,2,6
168419,15,2,1,17,10,3,0,1,1,1,2,23,2,2,0.0,0.0,0.0,0.0,0.0,2.0,20,3,11
45971,16,2,3,10,3,3,0,1,0,1,2,19,3,1,1.0,0.0,1.0,0.0,0.0,4.0,8,3,4
152932,4,2,1,7,8,3,0,5,0,1,2,17,2,3,1.0,0.0,0.0,1.0,0.0,0.0,0,7,10
77643,16,2,1,0,8,3,0,1,1,1,2,6,2,2,0.0,0.0,0.0,0.0,0.0,3.0,22,2,6
92337,4,2,1,15,8,3,0,1,1,0,2,36,2,2,0.0,0.0,0.0,0.0,0.0,2.0,0,1,7
8339,16,2,3,17,8,3,0,1,1,1,2,17,2,2,0.0,0.0,0.0,0.0,0.0,2.0,16,1,1
95126,16,2,3,17,8,3,0,1,1,1,2,36,2,2,0.0,0.0,0.0,0.0,0.0,4.0,18,2,7
170988,16,11,3,15,15,3,5,5,1,1,2,36,2,2,0.0,0.0,0.0,0.0,0.0,2.0,11,2,11
45886,15,10,3,15,8,3,4,1,0,1,2,21,2,2,0.0,0.0,0.0,0.0,0.0,2.0,8,2,4
150046,15,2,3,15,8,3,0,1,0,1,2,36,2,2,0.0,0.0,0.0,0.0,0.0,2.0,13,6,10
9552,16,11,1,17,6,3,0,1,0,1,2,12,2,2,0.0,0.0,0.0,0.0,0.0,3.0,23,6,1
130596,4,2,1,15,3,3,0,1,1,1,2,36,2,2,0.0,0.0,0.0,0.0,0.0,2.0,6,4,9
3971,16,2,3,10,8,3,0,1,1,1,1,17,2,2,0.0,0.0,0.0,0.0,0.0,2.0,16,4,1
88546,16,2,3,17,2,3,0,1,0,1,2,6,2,2,0.0,0.0,0.0,0.0,0.0,6.0,18,6,7
187313,16,7,1,17,6,3,6,1,0,1,2,6,2,3,3.0,0.0,0.0,3.0,0.0,4.0,18,3,12
106269,16,3,0,10,8,3,6,1,1,1,2,13,2,2,0.0,0.0,0.0,0.0,0.0,2.0,23,1,8
62792,4,2,3,10,8,3,0,1,1,1,2,36,2,2,0.0,0.0,0.0,0.0,0.0,2.0,17,5,5
31790,15,2,3,10,15,3,0,6,0,1,0,36,2,3,1.0,0.0,0.0,1.0,0.0,1.0,9,4,3
163723,15,10,3,10,17,3,4,5,1,1,0,39,2,2,0.0,0.0,0.0,0.0,0.0,2.0,8,5,11
99541,16,2,3,17,6,3,0,1,0,1,2,36,2,2,0.0,0.0,0.0,0.0,0.0,2.0,15,7,7
7587,15,7,1,0,8,3,6,1,1,1,1,18,2,2,0.0,0.0,0.0,0.0,0.0,4.0,20,2,1
161492,16,10,3,10,8,3,4,1,1,1,2,19,2,2,0.0,0.0,0.0,0.0,0.0,2.0,15,2,11
120780,16,2,3,17,3,3,0,1,0,1,2,18,2,3,1.0,0.0,0.0,1.0,0.0,1.0,14,4,9
125314,16,2,3,10,8,3,0,1,1,1,2,17,3,2,0.0,0.0,0.0,0.0,0.0,3.0,11,6,9
142937,4,2,3,0,0,3,0,5,0,1,2,17,2,3,1.0,0.0,0.0,1.0,0.0,1.0,13,5,10
67661,15,2,3,0,3,3,0,1,0,1,2,5,2,2,0.0,0.0,0.0,0.0,0.0,2.0,16,5,5
141453,16,7,0,9,15,3,6,1,0,1,2,38,3,3,1.0,0.0,0.0,1.0,0.0,1.0,6,6,10
43200,16,7,3,9,2,3,6,1,0,1,0,18,2,3,1.0,0.0,0.0,1.0,0.0,1.0,15,3,4
147373,15,2,3,0,6,3,0,1,0,1,2,12,2,2,0.0,0.0,0.0,0.0,0.0,2.0,16,5,10
83010,16,2,3,17,6,3,0,1,0,1,2,12,2,2,0.0,0.0,0.0,0.0,0.0,3.0,16,4,6
25070,15,11,5,9,6,3,5,5,0,1,0,36,2,3,1.0,0.0,0.0,1.0,0.0,1.0,17,3,2
48118,16,3,3,10,8,3,6,1,1,1,2,19,2,2,0.0,0.0,0.0,0.0,0.0,2.0,17,7,4
97742,16,2,3,10,1,3,0,1,1,1,0,19,2,2,0.0,0.0,0.0,0.0,0.0,2.0,9,6,7
169945,4,2,3,10,6,3,0,1,1,1,2,36,2,2,0.0,0.0,0.0,0.0,0.0,3.0,14,7,11
5085,4,7,3,8,8,3,6,1,0,1,0,5,2,4,1.0,0.0,0.0,0.0,1.0,2.0,14,7,1
38844,15,11,5,0,10,3,5,5,0,1,2,18,2,4,1.0,0.0,0.0,0.0,1.0,1.0,21,7,3
48983,16,2,1,10,15,2,0,1,1,1,2,19,2,2,0.0,0.0,0.0,0.0,0.0,2.0,21,2,4
78583,4,7,1,4,8,3,6,1,1,0,2,36,2,2,0.0,0.0,0.0,0.0,0.0,2.0,1,3,6
12796,16,2,1,17,6,3,0,5,0,1,2,18,2,4,1.0,0.0,0.0,0.0,1.0,1.0,20,5,1
106469,16,2,3,10,6,3,0,1,1,1,2,19,2,2,0.0,0.0,0.0,0.0,0.0,3.0,14,6,8
56797,15,2,3,0,6,3,0,1,1,1,2,36,2,2,0.0,0.0,0.0,0.0,0.0,3.0,16,2,5
29603,16,2,3,10,11,3,0,1,0,1,2,36,2,3,1.0,0.0,0.0,1.0,0.0,3.0,7,6,3
150393,16,7,1,10,2,3,6,1,0,1,2,17,2,2,0.0,0.0,0.0,0.0,0.0,2.0,6,2,10
70385,16,2,3,0,6,3,0,1,0,1,2,8,2,4,1.0,0.0,0.0,0.0,1.0,1.0,12,6,5
33287,16,7,1,17,15,3,6,1,1,1,2,18,2,2,0.0,0.0,0.0,0.0,0.0,3.0,0,7,3
121097,15,2,3,2,6,3,0,5,0,1,2,26,2,2,0.0,0.0,0.0,0.0,0.0,2.0,12,1,9
180450,16,7,3,2,6,3,6,1,0,1,2,28,1,2,0.0,0.0,0.0,0.0,0.0,1.0,7,4,12
41645,16,7,4,10,13,4,6,1,1,1,0,19,2,2,0.0,0.0,0.0,0.0,0.0,2.0,16,4,3
186624,16,7,3,10,2,3,6,1,0,1,2,19,3,2,0.0,0.0,0.0,0.0,0.0,3.0,11,5,12
101368,16,2,3,10,3,3,0,1,0,1,2,17,2,2,0.0,0.0,0.0,0.0,0.0,12.0,10,6,7
106792,15,2,1,17,10,3,0,1,1,1,1,5,2,2,0.0,0.0,0.0,0.0,0.0,2.0,0,2,8
125999,15,2,1,0,6,3,0,5,0,1,2,18,4,4,1.0,0.0,0.0,0.0,1.0,1.0,23,3,9
16858,16,11,0,17,10,3,5,5,1,1,2,24,2,2,0.0,0.0,0.0,0.0,0.0,3.0,3,1,2
36652,15,2,3,15,8,3,0,1,1,1,2,18,4,2,0.0,0.0,0.0,0.0,0.0,2.0,16,2,3
65389,15,2,3,0,8,3,0,1,1,1,2,36,2,2,0.0,0.0,0.0,0.0,0.0,2.0,5,5,5
185407,16,2,1,9,9,3,0,5,0,1,2,18,2,1,1.0,0.0,1.0,0.0,0.0,1.0,23,3,12
56094,16,2,3,10,8,3,0,1,1,1,1,19,2,2,0.0,0.0,0.0,0.0,0.0,3.0,9,3,5
71141,16,2,3,15,8,3,0,1,1,1,2,36,2,2,0.0,0.0,0.0,0.0,0.0,2.0,11,5,5
110440,16,2,3,10,3,3,0,1,1,1,0,19,2,2,0.0,0.0,0.0,0.0,0.0,2.0,17,2,8
105772,4,2,3,10,15,3,0,1,1,1,2,17,2,2,0.0,0.0,0.0,0.0,0.0,5.0,16,1,8
134853,16,2,2,10,2,3,0,1,0,1,1,19,2,2,0.0,0.0,0.0,0.0,0.0,2.0,11,3,9
4263,16,10,1,9,8,3,4,1,0,1,2,36,2,1,1.0,0.0,1.0,0.0,0.0,2.0,5,3,1
42990,16,2,2,0,6,3,0,1,0,1,2,6,2,2,0.0,0.0,0.0,0.0,0.0,2.0,6,7,4
89684,16,7,3,7,6,3,6,1,1,1,1,17,2,2,0.0,0.0,0.0,0.0,0.0,3.0,16,2,7
117036,16,7,3,17,18,3,6,1,1,1,2,18,2,2,0.0,0.0,0.0,0.0,0.0,3.0,7,5,8
32563,4,2,3,10,8,3,0,1,1,1,1,36,2,2,0.0,0.0,0.0,0.0,0.0,2.0,16,1,3
166057,16,2,1,10,8,3,6,1,0,1,0,17,2,4,2.0,0.0,0.0,0.0,2.0,1.0,22,2,11
133168,15,2,3,10,10,3,0,1,1,1,2,19,2,2,0.0,0.0,0.0,0.0,0.0,2.0,11,1,9
123623,16,2,3,9,6,3,0,1,0,1,0,26,2,1,1.0,0.0,1.0,0.0,0.0,2.0,16,3,9
82983,16,2,3,10,8,3,0,1,1,1,2,19,2,2,0.0,0.0,0.0,0.0,0.0,2.0,9,3,6
571,4,2,1,10,8,3,0,1,1,1,2,19,3,2,0.0,0.0,0.0,0.0,0.0,3.0,18,3,1
188014,16,7,1,17,8,3,6,1,0,0,2,22,2,2,0.0,0.0,0.0,0.0,0.0,2.0,17,1,12
57449,15,3,3,0,2,3,0,1,0,1,2,36,2,2,0.0,0.0,0.0,0.0,0.0,2.0,10,6,5
114416,16,2,1,15,10,3,0,1,1,1,2,36,2,2,0.0,0.0,0.0,0.0,0.0,2.0,0,7,8
41599,16,2,3,10,8,3,0,1,0,1,2,36,3,2,0.0,0.0,0.0,0.0,0.0,3.0,8,3,3
913,16,2,1,0,8,3,0,1,0,1,2,36,2,3,1.0,0.0,0.0,1.0,0.0,4.0,18,3,1
40390,15,2,3,17,11,3,0,5,1,1,1,36,2,2,0.0,0.0,0.0,0.0,0.0,3.0,11,7,3
86927,16,7,3,10,8,3,6,1,0,1,2,17,2,2,0.0,0.0,0.0,0.0,0.0,2.0,16,2,6
53957,16,11,5,17,9,3,5,5,1,1,2,36,2,2,0.0,0.0,0.0,0.0,0.0,4.0,11,6,4
107556,16,2,3,10,8,3,6,1,1,1,2,36,2,2,0.0,0.0,0.0,0.0,0.0,2.0,18,1,8
32516,16,2,1,17,8,3,0,1,1,1,2,24,2,2,0.0,0.0,0.0,0.0,0.0,4.0,19,7,3
166004,15,2,1,15,8,3,0,1,1,1,2,18,2,2,0.0,0.0,0.0,0.0,0.0,2.0,0,1,11
186574,9,7,1,17,8,3,6,1,0,1,2,18,2,2,0.0,0.0,0.0,0.0,0.0,5.0,17,5,12
61099,15,7,3,0,8,3,6,1,1,1,2,18,2,2,0.0,0.0,0.0,0.0,0.0,4.0,15,6,5
84731,4,2,3,17,8,3,0,1,1,1,2,18,2,2,0.0,0.0,0.0,0.0,0.0,2.0,15,2,6
180259,4,2,1,2,8,3,0,1,0,1,2,12,1,4,2.0,0.0,0.0,0.0,2.0,0.0,18,7,12
13421,16,10,2,17,8,3,4,5,1,1,1,36,2,2,0.0,0.0,0.0,0.0,0.0,2.0,5,2,1
142312,16,2,3,9,2,3,0,1,0,1,1,38,2,4,1.0,0.0,0.0,0.0,1.0,1.0,17,3,10
30999,4,2,4,17,2,3,0,1,1,1,2,24,2,2,0.0,0.0,0.0,0.0,0.0,2.0,18,3,3
163051,16,2,4,15,10,3,0,5,1,1,2,36,2,2,0.0,0.0,0.0,0.0,0.0,2.0,16,3,11
1755,16,2,3,15,8,3,1,1,1,1,1,23,2,2,0.0,0.0,0.0,0.0,0.0,2.0,8,3,1
137593,15,2,3,0,8,3,0,1,1,1,2,5,2,2,0.0,0.0,0.0,0.0,0.0,2.0,13,5,10
156520,4,2,1,0,8,3,0,1,0,1,2,18,2,2,0.0,0.0,0.0,0.0,0.0,2.0,18,7,11
93429,4,2,3,10,8,3,0,1,0,1,2,36,4,3,3.0,0.0,0.0,1.0,2.0,3.0,12,5,7
33737,15,11,3,7,8,3,5,1,1,1,2,36,2,2,0.0,0.0,0.0,0.0,0.0,1.0,12,1,3
60673,16,2,3,10,6,3,0,1,0,1,2,19,2,2,0.0,0.0,0.0,0.0,0.0,2.0,17,6,5
145873,4,7,1,17,8,3,6,1,1,1,1,36,2,2,0.0,0.0,0.0,0.0,0.0,2.0,5,2,10
179462,16,2,3,10,8,3,1,1,1,1,2,19,2,2,0.0,0.0,0.0,0.0,0.0,2.0,13,4,12
32599,16,3,3,17,2,3,0,1,1,1,2,24,2,2,0.0,0.0,0.0,0.0,0.0,3.0,11,1,3
28699,15,2,3,10,10,3,6,1,1,1,1,17,2,2,0.0,0.0,0.0,0.0,0.0,20.0,8,4,3
85453,16,3,1,17,6,3,6,5,1,1,2,18,2,2,0.0,0.0,0.0,0.0,0.0,2.0,23,6,6
23315,16,2,1,0,6,3,6,1,0,1,2,18,2,2,0.0,0.0,0.0,0.0,0.0,2.0,18,6,2
74420,17,11,5,10,8,3,5,5,1,1,1,19,3,2,0.0,0.0,0.0,0.0,0.0,3.0,9,2,6
61277,16,2,3,10,8,3,0,5,1,1,1,36,2,2,0.0,0.0,0.0,0.0,0.0,2.0,13,3,5
28463,4,2,2,17,2,3,0,1,1,1,2,18,2,2,0.0,0.0,0.0,0.0,0.0,4.0,20,1,3
172088,16,2,3,15,6,3,0,1,1,1,2,36,2,2,0.0,0.0,0.0,0.0,0.0,2.0,13,7,11
29351,16,2,3,10,2,3,0,1,1,0,1,17,2,2,0.0,0.0,0.0,0.0,0.0,4.0,12,3,3