crash_date,               traffic_control_device,weather_condition,lighting_condition,first_crash_type,trafficway_type,alignment,roadway_surface_cond,road_defect,crash_type,intersection_related_i,damage,prim_contributory_cause,num_units,most_severe_injury,injuries_total,injuries_fatal,injuries_incapacitating,injuries_non_incapacitating,injuries_reported_not_evident,injuries_no_indication,crash_hour,crash_day_of_week,crash_month
68944,16,2,3,15,6,3,0,1,1,1,0,23,2,2,0.0,0.0,0.0,0.0,0.0,2.0,14,5,5
74628,15,2,3,8,8,3,0,5,1,0,2,26,2,2,0.0,0.0,0.0,0.0,0.0,2.0,17,7,6
152681,16,3,3,15,6,3,0,1,1,1,1,18,2,2,0.0,0.0,0.0,0.0,0.0,2.0,9,5,10
99388,16,2,1,7,2,3,0,1,0,1,2,28,2,2,0.0,0.0,0.0,0.0,0.0,1.0,23,3,7
111641,16,2,3,10,8,3,0,5,0,1,1,36,2,4,1.0,0.0,0.0,0.0,1.0,2.0,18,7,8
141910,16,2,3,10,6,3,0,5,1,1,1,19,2,2,0.0,0.0,0.0,0.0,0.0,3.0,13,6,10
16930,16,2,3,17,8,3,6,1,0,1,2,18,2,4,1.0,0.0,0.0,0.0,1.0,1.0,9,2,2
95968,16,2,3,15,6,3,0,1,1,1,2,19,2,2,0.0,0.0,0.0,0.0,0.0,2.0,17,3,7
163162,6,2,4,9,8,3,0,1,0,1,0,18,2,3,1.0,0.0,0.0,1.0,0.0,1.0,14,5,11
85614,15,2,3,17,6,3,0,1,0,1,2,36,2,1,1.0,0.0,1.0,0.0,0.0,1.0,11,1,6
92571,15,2,1,10,8,3,0,1,1,1,1,17,2,2,0.0,0.0,0.0,0.0,0.0,2.0,21,4,7
76065,15,2,3,0,11,3,0,1,1,1,1,18,2,2,0.0,0.0,0.0,0.0,0.0,3.0,9,6,6
72553,15,2,3,10,8,3,0,1,0,1,2,17,2,2,0.0,0.0,0.0,0.0,0.0,2.0,16,4,6
67774,4,2,0,15,6,2,0,5,1,1,2,18,2,2,0.0,0.0,0.0,0.0,0.0,4.0,22,6,5
65778,16,2,3,17,6,3,0,1,1,1,0,24,2,2,0.0,0.0,0.0,0.0,0.0,2.0,11,4,5
94026,16,2,3,0,10,3,0,1,0,1,2,6,2,3,5.0,0.0,0.0,1.0,4.0,0.0,13,6,7
90393,16,2,1,0,1,3,5,5,0,1,2,6,3,4,1.0,0.0,0.0,0.0,1.0,1.0,0,4,7
68078,15,7,1,0,11,3,6,5,0,1,2,18,2,3,2.0,0.0,0.0,2.0,0.0,1.0,22,6,5
111417,16,2,3,10,2,3,0,1,1,1,1,21,2,2,0.0,0.0,0.0,0.0,0.0,3.0,17,2,8
78200,16,2,3,17,2,3,0,1,1,1,2,24,2,2,0.0,0.0,0.0,0.0,0.0,2.0,7,3,6
141106,16,3,1,15,8,3,6,1,0,1,2,12,2,2,0.0,0.0,0.0,0.0,0.0,6.0,21,7,10
105126,18,2,3,17,3,3,0,1,1,1,1,36,2,2,0.0,0.0,0.0,0.0,0.0,2.0,11,5,8
185734,4,2,3,17,8,3,0,1,1,1,2,18,2,2,0.0,0.0,0.0,0.0,0.0,2.0,13,3,12
103020,16,2,3,0,8,3,0,1,1,1,2,3,2,2,0.0,0.0,0.0,0.0,0.0,2.0,8,3,7
186402,15,2,3,10,15,3,0,1,1,1,2,18,2,2,0.0,0.0,0.0,0.0,0.0,2.0,13,5,12
116588,4,11,3,10,8,4,5,5,1,1,1,17,2,2,0.0,0.0,0.0,0.0,0.0,2.0,9,5,8
56074,15,2,3,17,8,3,0,5,0,1,2,36,2,2,0.0,0.0,0.0,0.0,0.0,2.0,18,3,5
126601,15,2,3,0,8,4,0,1,1,1,2,36,2,2,0.0,0.0,0.0,0.0,0.0,3.0,7,2,9
118213,16,2,3,0,6,3,0,5,1,1,2,36,2,2,0.0,0.0,0.0,0.0,0.0,2.0,8,3,8
86368,4,2,3,10,8,3,0,1,1,1,2,23,2,2,0.0,0.0,0.0,0.0,0.0,2.0,17,6,6
165167,16,2,3,7,6,3,0,5,1,1,2,17,2,2,0.0,0.0,0.0,0.0,0.0,1.0,13,6,11
45352,16,10,3,17,8,3,6,5,1,1,0,6,2,2,0.0,0.0,0.0,0.0,0.0,2.0,14,6,4
87623,16,2,3,0,6,3,0,1,0,1,2,18,2,3,1.0,0.0,0.0,1.0,0.0,1.0,7,5,6
81954,16,2,3,0,8,3,0,2,1,1,2,4,2,2,0.0,0.0,0.0,0.0,0.0,7.0,15,2,6
155820,16,2,1,10,2,3,0,1,1,1,0,19,2,2,0.0,0.0,0.0,0.0,0.0,2.0,18,5,11
97181,16,2,3,17,3,3,0,1,0,1,2,18,3,3,1.0,0.0,0.0,1.0,0.0,2.0,8,5,7
54852,15,3,3,0,6,3,0,1,1,1,2,18,2,2,0.0,0.0,0.0,0.0,0.0,2.0,16,5,4
151149,16,2,3,17,6,3,0,1,1,1,2,36,2,2,0.0,0.0,0.0,0.0,0.0,3.0,8,5,10
119169,15,2,1,10,8,3,0,1,1,1,0,36,2,2,0.0,0.0,0.0,0.0,0.0,3.0,21,1,8
120724,16,7,3,0,3,3,6,5,0,1,2,36,2,3,1.0,0.0,0.0,1.0,0.0,1.0,16,3,9
5520,16,2,1,15,8,3,0,1,1,1,2,23,2,2,0.0,0.0,0.0,0.0,0.0,2.0,21,6,1
173661,16,2,3,17,8,3,5,5,1,1,1,22,2,2,0.0,0.0,0.0,0.0,0.0,2.0,13,3,12
7999,16,2,3,17,6,3,0,1,0,1,2,19,2,2,0.0,0.0,0.0,0.0,0.0,2.0,9,3,1
21599,15,2,3,0,6,3,0,5,1,1,2,17,2,2,0.0,0.0,0.0,0.0,0.0,2.0,8,4,2
80098,16,2,1,17,15,3,0,5,0,1,2,6,2,1,1.0,0.0,1.0,0.0,0.0,1.0,22,3,6
147926,16,2,3,17,8,3,0,1,0,1,2,24,2,2,0.0,0.0,0.0,0.0,0.0,5.0,14,6,10
37508,16,2,1,17,3,4,0,5,1,1,2,18,2,2,0.0,0.0,0.0,0.0,0.0,3.0,1,4,3
95065,16,7,3,17,8,3,6,1,1,1,1,24,2,2,0.0,0.0,0.0,0.0,0.0,3.0,17,1,7
83641,17,11,5,17,3,3,5,5,0,1,2,36,2,4,1.0,0.0,0.0,0.0,1.0,2.0,22,7,6
28379,4,2,0,17,2,3,0,1,0,1,2,19,2,2,0.0,0.0,0.0,0.0,0.0,2.0,18,6,3
42568,16,2,3,9,8,3,0,1,0,1,2,18,2,4,1.0,0.0,0.0,0.0,1.0,1.0,8,6,4
75596,16,2,3,2,8,3,0,1,0,1,2,30,1,0,1.0,1.0,0.0,0.0,0.0,0.0,8,6,6
6853,15,10,3,0,8,3,4,1,1,1,2,18,2,2,0.0,0.0,0.0,0.0,0.0,2.0,12,6,1
107640,15,2,1,0,6,3,0,1,1,1,2,36,2,2,0.0,0.0,0.0,0.0,0.0,2.0,0,2,8
24382,16,2,3,17,6,3,0,1,0,1,2,18,2,3,2.0,0.0,0.0,2.0,0.0,0.0,16,3,2
147157,16,11,5,17,8,3,5,5,1,1,1,36,2,2,0.0,0.0,0.0,0.0,0.0,2.0,10,7,10
96496,16,2,1,0,6,3,0,5,0,1,2,36,2,2,0.0,0.0,0.0,0.0,0.0,3.0,22,2,7
11802,4,2,3,10,8,3,0,1,1,0,2,36,2,2,0.0,0.0,0.0,0.0,0.0,2.0,7,3,1
82610,16,2,1,0,8,3,0,1,0,1,2,6,2,0,1.0,1.0,0.0,0.0,0.0,3.0,23,5,6
82063,16,2,3,0,8,3,0,1,1,0,2,36,2,2,0.0,0.0,0.0,0.0,0.0,3.0,14,3,6
128248,17,11,5,0,11,3,5,5,1,1,2,36,2,2,0.0,0.0,0.0,0.0,0.0,4.0,14,7,9
144844,16,2,3,17,6,3,0,1,0,1,2,17,2,2,0.0,0.0,0.0,0.0,0.0,3.0,15,3,10
97958,16,2,3,15,2,3,0,1,1,1,2,19,2,2,0.0,0.0,0.0,0.0,0.0,3.0,12,3,7
71805,16,2,3,17,2,3,0,1,1,1,0,18,2,2,0.0,0.0,0.0,0.0,0.0,2.0,12,5,6
29672,16,2,3,17,8,4,0,1,1,1,2,12,2,2,0.0,0.0,0.0,0.0,0.0,2.0,12,1,3
125845,16,2,3,8,8,3,0,1,0,1,1,28,2,3,1.0,0.0,0.0,1.0,0.0,1.0,16,7,9
28194,15,2,3,15,15,3,0,1,1,1,1,18,3,2,0.0,0.0,0.0,0.0,0.0,2.0,17,5,2
82652,16,2,3,15,10,3,0,1,1,1,0,18,2,2,0.0,0.0,0.0,0.0,0.0,2.0,17,4,6
48420,16,2,3,17,2,3,0,1,0,1,2,36,2,2,0.0,0.0,0.0,0.0,0.0,3.0,7,6,4
55053,16,2,3,15,8,3,0,1,1,1,2,36,2,2,0.0,0.0,0.0,0.0,0.0,2.0,11,7,4
185311,15,2,3,0,2,3,0,1,1,1,2,36,2,2,0.0,0.0,0.0,0.0,0.0,2.0,13,2,12
58929,16,2,3,10,8,3,0,1,1,1,2,19,2,2,0.0,0.0,0.0,0.0,0.0,2.0,15,2,5
142889,15,7,2,0,8,3,6,1,0,1,2,6,2,1,1.0,0.0,1.0,0.0,0.0,3.0,17,4,10
62424,15,2,3,17,6,3,0,1,1,1,1,24,2,2,0.0,0.0,0.0,0.0,0.0,2.0,10,6,5
122091,16,2,1,17,9,3,0,1,0,1,1,24,2,3,2.0,0.0,0.0,2.0,0.0,1.0,22,1,9
4975,15,7,1,0,2,3,6,1,1,1,1,5,2,2,0.0,0.0,0.0,0.0,0.0,2.0,18,5,1
2972,4,2,1,15,8,3,0,1,0,1,2,22,2,2,0.0,0.0,0.0,0.0,0.0,2.0,1,1,1
159894,4,2,1,10,10,3,0,1,0,1,2,19,3,2,0.0,0.0,0.0,0.0,0.0,3.0,19,6,11
162738,4,2,3,17,8,3,0,1,0,1,2,18,2,2,0.0,0.0,0.0,0.0,0.0,3.0,10,6,11
98046,15,2,3,0,6,3,0,5,0,1,2,36,2,3,2.0,0.0,0.0,2.0,0.0,1.0,17,5,7
92300,16,2,3,15,2,3,0,1,1,1,1,22,2,2,0.0,0.0,0.0,0.0,0.0,2.0,14,1,7
126746,4,2,3,0,8,3,0,1,1,1,2,23,2,2,0.0,0.0,0.0,0.0,0.0,4.0,16,5,9
34531,16,3,4,15,8,3,6,1,1,1,1,22,2,2,0.0,0.0,0.0,0.0,0.0,3.0,18,7,3
169327,16,2,3,10,6,3,0,1,0,1,2,19,2,2,0.0,0.0,0.0,0.0,0.0,2.0,11,2,11
141235,16,2,3,17,6,3,0,1,1,1,2,36,2,2,0.0,0.0,0.0,0.0,0.0,5.0,7,2,10
65016,16,2,3,17,6,3,0,1,0,1,2,36,2,4,2.0,0.0,0.0,0.0,2.0,2.0,17,7,5
110661,4,2,1,17,2,3,0,1,0,1,2,36,2,3,1.0,0.0,0.0,1.0,0.0,2.0,21,6,8
86101,4,2,3,17,3,3,0,1,1,1,2,24,2,2,0.0,0.0,0.0,0.0,0.0,2.0,13,3,6
180476,15,3,1,0,6,3,6,1,0,1,2,36,2,2,0.0,0.0,0.0,0.0,0.0,2.0,3,5,12
81325,15,2,3,10,8,3,0,1,0,1,2,13,2,2,0.0,0.0,0.0,0.0,0.0,2.0,12,7,6
161897,15,3,1,0,8,3,6,1,0,1,2,5,2,2,0.0,0.0,0.0,0.0,0.0,2.0,18,1,11
107771,4,2,3,17,8,3,0,1,0,1,2,18,2,3,1.0,0.0,0.0,1.0,0.0,2.0,13,4,8
212,4,2,3,17,2,3,1,1,1,1,2,24,2,2,0.0,0.0,0.0,0.0,0.0,5.0,7,4,1
145697,4,2,4,15,8,3,0,1,1,1,1,22,2,2,0.0,0.0,0.0,0.0,0.0,2.0,1,2,10
173139,8,3,3,17,2,3,0,1,0,1,2,24,2,2,0.0,0.0,0.0,0.0,0.0,2.0,8,7,12
106706,15,2,0,0,2,3,0,5,1,1,0,36,2,2,0.0,0.0,0.0,0.0,0.0,2.0,1,1,8
110456,16,2,3,0,11,3,0,1,0,1,2,36,3,3,1.0,0.0,0.0,1.0,0.0,3.0,8,2,8
129483,16,7,3,0,8,3,6,1,0,1,2,3,3,3,1.0,0.0,0.0,1.0,0.0,2.0,17,5,9
45681,16,7,3,17,18,3,6,1,0,1,2,18,2,2,0.0,0.0,0.0,0.0,0.0,2.0,11,6,4
164215,4,11,4,17,8,3,5,1,1,1,2,36,2,2,0.0,0.0,0.0,0.0,0.0,3.0,18,4,11
70775,15,2,3,17,15,3,0,5,1,1,1,24,2,2,0.0,0.0,0.0,0.0,0.0,3.0,13,5,5
122334,16,2,3,9,8,3,0,1,0,1,0,38,2,3,1.0,0.0,0.0,1.0,0.0,1.0,11,3,9
82407,15,2,3,14,8,3,0,1,1,1,2,11,2,2,0.0,0.0,0.0,0.0,0.0,3.0,13,2,6
103621,15,2,3,0,8,3,0,1,1,1,2,18,2,2,0.0,0.0,0.0,0.0,0.0,4.0,17,6,7
156553,4,2,3,10,8,3,0,1,0,1,2,36,3,4,1.0,0.0,0.0,0.0,1.0,7.0,12,7,11
3213,15,2,4,0,2,3,0,1,1,1,0,17,2,2,0.0,0.0,0.0,0.0,0.0,2.0,16,6,1
128149,16,2,3,15,15,3,0,1,1,1,1,24,2,2,0.0,0.0,0.0,0.0,0.0,2.0,10,4,9
44555,4,2,3,10,2,3,0,1,1,1,1,36,2,2,0.0,0.0,0.0,0.0,0.0,2.0,17,6,4
20873,16,10,3,17,6,3,4,1,1,1,2,39,2,2,0.0,0.0,0.0,0.0,0.0,2.0,7,7,2
84000,15,2,3,10,6,3,5,5,1,1,2,36,2,2,0.0,0.0,0.0,0.0,0.0,3.0,15,5,6
41508,16,2,0,0,8,3,0,1,1,1,2,18,2,2,0.0,0.0,0.0,0.0,0.0,4.0,19,7,3
77432,16,2,4,17,8,3,0,1,1,1,1,36,2,2,0.0,0.0,0.0,0.0,0.0,2.0,19,7,6
25651,16,2,3,17,6,3,0,5,0,1,2,18,2,3,1.0,0.0,0.0,1.0,0.0,1.0,17,6,2
75585,16,2,3,0,8,3,0,1,0,1,2,18,2,4,1.0,0.0,0.0,0.0,1.0,3.0,18,6,6
128215,4,2,1,9,6,3,0,1,0,1,0,18,2,3,1.0,0.0,0.0,1.0,0.0,1.0,20,5,9
73524,16,2,3,17,8,3,0,1,1,1,0,18,2,2,0.0,0.0,0.0,0.0,0.0,4.0,12,3,6
6181,4,10,1,7,8,3,6,1,0,0,2,37,3,2,0.0,0.0,0.0,0.0,0.0,1.0,0,2,1
35658,4,2,0,9,6,3,0,1,1,1,0,6,2,2,0.0,0.0,0.0,0.0,0.0,2.0,21,4,3
7370,16,2,1,17,6,3,0,1,0,1,2,17,2,3,2.0,0.0,0.0,2.0,0.0,1.0,21,7,1
96629,16,2,0,0,8,3,0,1,1,1,2,18,2,2,0.0,0.0,0.0,0.0,0.0,4.0,1,4,7
37267,16,7,3,0,8,3,6,1,0,1,2,6,3,3,1.0,0.0,0.0,1.0,0.0,2.0,6,4,3
135662,16,2,3,15,8,3,0,1,1,1,2,23,2,2,0.0,0.0,0.0,0.0,0.0,2.0,10,2,9
162713,15,2,3,0,11,3,0,1,1,1,2,18,2,2,0.0,0.0,0.0,0.0,0.0,2.0,15,6,11
13147,16,2,3,10,8,3,0,1,0,1,2,36,2,2,0.0,0.0,0.0,0.0,0.0,2.0,14,5,1
122159,15,2,3,17,15,3,0,1,1,1,1,24,2,2,0.0,0.0,0.0,0.0,0.0,2.0,7,3,9
25797,16,7,1,17,8,3,6,1,0,1,1,24,2,2,0.0,0.0,0.0,0.0,0.0,2.0,20,7,2
161501,12,10,1,14,8,4,4,1,1,1,2,3,3,2,0.0,0.0,0.0,0.0,0.0,3.0,17,2,11
110189,15,2,3,0,6,4,0,1,0,1,2,18,2,4,1.0,0.0,0.0,0.0,1.0,1.0,17,6,8
56484,16,2,3,17,8,3,0,1,1,1,0,19,2,2,0.0,0.0,0.0,0.0,0.0,3.0,15,2,5
28064,15,2,3,0,18,3,0,1,0,1,2,26,2,2,0.0,0.0,0.0,0.0,0.0,3.0,8,4,2
146804,16,3,3,10,6,3,0,5,0,1,2,12,3,4,1.0,0.0,0.0,0.0,1.0,2.0,12,2,10
99287,15,2,3,0,8,3,0,1,0,1,2,36,2,3,3.0,0.0,0.0,2.0,1.0,0.0,17,2,7
143185,16,2,1,10,8,3,5,5,1,1,0,36,2,2,0.0,0.0,0.0,0.0,0.0,2.0,23,2,10
58384,16,2,3,17,2,3,0,1,0,1,2,36,2,4,1.0,0.0,0.0,0.0,1.0,2.0,11,6,5
150306,16,2,3,17,8,3,0,1,1,0,1,19,2,2,0.0,0.0,0.0,0.0,0.0,2.0,17,6,10
141250,15,2,3,0,8,3,0,1,1,1,2,5,2,2,0.0,0.0,0.0,0.0,0.0,2.0,9,2,10
64020,15,7,3,0,8,3,6,1,0,1,2,26,2,4,1.0,0.0,0.0,0.0,1.0,2.0,15,5,5
28305,16,7,1,17,2,3,6,1,1,1,1,18,2,2,0.0,0.0,0.0,0.0,0.0,2.0,3,5,3
83277,16,2,1,10,8,3,0,1,0,1,2,17,2,2,0.0,0.0,0.0,0.0,0.0,3.0,2,7,6
130194,15,2,3,17,2,3,0,1,0,1,2,18,2,2,0.0,0.0,0.0,0.0,0.0,5.0,7,3,9
96474,4,2,3,17,8,3,0,1,1,0,2,18,2,2,0.0,0.0,0.0,0.0,0.0,2.0,18,2,7
30202,16,2,3,17,8,3,0,1,0,1,2,11,5,3,1.0,0.0,0.0,1.0,0.0,1.0,12,3,3
14547,15,6,3,0,2,3,5,5,1,1,2,18,2,2,0.0,0.0,0.0,0.0,0.0,2.0,15,3,1
164269,16,2,3,17,8,3,0,1,0,1,2,24,2,2,0.0,0.0,0.0,0.0,0.0,2.0,9,5,11
68000,15,2,3,0,8,3,0,1,0,1,2,13,2,3,1.0,0.0,0.0,1.0,0.0,1.0,9,4,5
41022,16,2,3,10,8,4,0,1,1,1,1,19,2,2,0.0,0.0,0.0,0.0,0.0,2.0,13,5,3
132898,16,2,3,10,8,3,0,1,1,1,2,19,2,2,0.0,0.0,0.0,0.0,0.0,2.0,8,6,9
29006,16,11,1,17,6,3,5,1,0,1,2,18,2,2,0.0,0.0,0.0,0.0,0.0,2.0,19,4,3
54682,15,2,3,0,8,3,0,1,1,1,1,26,2,2,0.0,0.0,0.0,0.0,0.0,3.0,18,1,4
79105,15,2,3,0,6,3,0,1,0,1,2,18,2,4,1.0,0.0,0.0,0.0,1.0,2.0,16,3,6
33108,16,2,3,10,6,3,0,1,1,1,0,26,2,2,0.0,0.0,0.0,0.0,0.0,3.0,14,5,3
88968,16,7,3,10,2,3,6,1,0,1,2,19,2,2,0.0,0.0,0.0,0.0,0.0,2.0,6,4,7
179574,16,3,3,17,2,3,0,1,1,1,1,18,2,2,0.0,0.0,0.0,0.0,0.0,2.0,13,6,12
24264,15,2,1,10,6,3,0,1,1,1,1,36,2,2,0.0,0.0,0.0,0.0,0.0,4.0,1,1,2
27453,16,2,3,10,10,3,0,1,1,1,2,19,2,2,0.0,0.0,0.0,0.0,0.0,2.0,13,1,2
43396,16,2,3,10,1,3,0,1,1,1,2,19,2,2,0.0,0.0,0.0,0.0,0.0,3.0,17,7,4
120403,15,2,3,0,6,3,0,1,1,1,2,18,2,2,0.0,0.0,0.0,0.0,0.0,2.0,12,5,8
165944,15,2,3,0,8,3,0,5,1,1,2,36,2,2,0.0,0.0,0.0,0.0,0.0,2.0,11,7,11
72811,17,2,4,10,8,3,0,5,1,1,0,26,2,2,0.0,0.0,0.0,0.0,0.0,2.0,22,1,6
176735,16,7,3,17,2,3,6,1,0,1,2,18,2,3,1.0,0.0,0.0,1.0,0.0,1.0,11,2,12
45338,4,2,3,15,8,3,0,1,1,1,2,18,2,2,0.0,0.0,0.0,0.0,0.0,4.0,11,1,4
54399,16,2,3,10,8,3,0,1,0,1,2,19,2,4,1.0,0.0,0.0,0.0,1.0,1.0,17,5,4
68170,4,2,3,10,2,3,0,1,1,0,2,19,2,2,0.0,0.0,0.0,0.0,0.0,4.0,14,6,5
146273,15,2,3,0,8,3,0,1,1,1,2,36,2,2,0.0,0.0,0.0,0.0,0.0,2.0,17,3,10
135640,16,2,3,15,6,3,0,1,1,1,2,36,2,2,0.0,0.0,0.0,0.0,0.0,2.0,7,2,9
29706,15,2,3,2,8,3,0,1,0,1,2,12,2,2,0.0,0.0,0.0,0.0,0.0,1.0,8,2,3
72860,16,2,3,15,10,3,0,1,1,1,2,36,2,2,0.0,0.0,0.0,0.0,0.0,2.0,18,7,6
18519,15,10,3,0,8,3,6,1,0,1,2,18,2,2,0.0,0.0,0.0,0.0,0.0,2.0,14,2,2
114576,15,2,3,17,8,3,0,1,1,1,2,18,2,2,0.0,0.0,0.0,0.0,0.0,2.0,12,1,8
19417,16,10,3,17,8,3,4,1,0,1,2,11,2,3,1.0,0.0,0.0,1.0,0.0,3.0,13,4,2
163633,15,7,2,17,8,3,6,1,1,1,1,5,2,2,0.0,0.0,0.0,0.0,0.0,2.0,6,4,11
41030,16,2,3,17,3,3,0,1,0,1,2,18,2,3,3.0,0.0,0.0,3.0,0.0,1.0,16,5,3
72294,16,7,3,17,6,3,6,1,0,1,2,18,2,2,0.0,0.0,0.0,0.0,0.0,2.0,12,7,6
25933,4,2,3,17,8,3,0,1,0,1,2,24,2,4,1.0,0.0,0.0,0.0,1.0,4.0,16,4,2
185723,16,2,1,0,8,3,4,1,1,1,2,18,2,2,0.0,0.0,0.0,0.0,0.0,3.0,21,2,12
134239,15,2,3,3,11,3,0,1,1,1,1,18,2,2,0.0,0.0,0.0,0.0,0.0,2.0,15,3,9
93172,16,2,4,10,2,3,0,1,1,1,2,12,2,2,0.0,0.0,0.0,0.0,0.0,2.0,20,7,7
158374,16,2,3,7,2,3,0,1,0,1,2,36,2,2,0.0,0.0,0.0,0.0,0.0,1.0,9,6,11
41860,16,2,3,17,2,3,0,1,1,1,2,6,2,2,0.0,0.0,0.0,0.0,0.0,5.0,13,7,3
158918,16,2,3,17,6,3,0,1,0,1,2,17,2,2,0.0,0.0,0.0,0.0,0.0,4.0,13,7,11
135076,15,3,3,0,6,3,0,1,0,1,2,18,3,3,4.0,0.0,0.0,4.0,0.0,2.0,12,7,9
35257,4,2,3,0,8,3,0,1,1,1,2,18,2,2,0.0,0.0,0.0,0.0,0.0,3.0,15,6,3
179252,15,2,1,10,2,3,0,1,1,1,2,36,2,2,0.0,0.0,0.0,0.0,0.0,3.0,16,3,12
23161,16,11,3,2,2,3,6,1,1,1,1,39,1,2,0.0,0.0,0.0,0.0,0.0,1.0,7,2,2
115872,16,2,3,9,2,3,0,2,0,1,0,27,2,4,1.0,0.0,0.0,0.0,1.0,2.0,16,2,8
8200,16,2,3,10,10,3,6,1,1,1,1,18,2,2,0.0,0.0,0.0,0.0,0.0,2.0,17,5,1
81410,16,2,3,17,6,3,0,5,1,1,2,17,2,2,0.0,0.0,0.0,0.0,0.0,2.0,15,3,6
81961,16,2,3,0,6,3,0,1,0,1,2,6,2,2,0.0,0.0,0.0,0.0,0.0,5.0,16,2,6
184682,16,2,3,17,6,3,0,5,1,1,1,24,2,2,0.0,0.0,0.0,0.0,0.0,2.0,10,1,12
32957,16,2,1,17,8,3,0,1,1,1,2,37,2,2,0.0,0.0,0.0,0.0,0.0,6.0,5,1,3
119496,15,2,3,0,8,3,0,1,0,1,2,18,2,2,0.0,0.0,0.0,0.0,0.0,2.0,17,5,8
154581,15,7,3,0,8,3,6,1,0,1,2,36,2,2,0.0,0.0,0.0,0.0,0.0,2.0,13,4,10
576,16,2,1,0,3,3,0,1,0,1,2,18,2,2,0.0,0.0,0.0,0.0,0.0,3.0,18,3,1
22967,16,2,3,17,8,3,0,1,0,1,2,36,2,4,3.0,0.0,0.0,0.0,3.0,0.0,14,7,2
161522,16,10,3,0,8,3,6,1,0,1,2,36,2,2,0.0,0.0,0.0,0.0,0.0,2.0,7,2,11
18583,4,2,3,0,6,3,6,1,1,1,2,22,2,2,0.0,0.0,0.0,0.0,0.0,6.0,15,3,2
55045,16,7,3,10,8,3,6,1,1,1,1,19,2,2,0.0,0.0,0.0,0.0,0.0,2.0,19,7,4
23217,15,7,3,10,2,3,6,1,1,1,2,17,2,2,0.0,0.0,0.0,0.0,0.0,2.0,7,3,2
1009,15,2,3,17,8,3,0,1,1,1,1,36,2,2,0.0,0.0,0.0,0.0,0.0,2.0,14,4,1
79842,16,2,5,17,3,3,0,5,0,1,2,18,2,2,0.0,0.0,0.0,0.0,0.0,2.0,19,7,6
97468,16,2,3,17,8,3,0,1,1,0,2,36,2,2,0.0,0.0,0.0,0.0,0.0,2.0,19,3,7
172142,4,2,1,10,2,3,0,1,0,1,2,19,3,4,1.0,0.0,0.0,0.0,1.0,3.0,17,3,12
441,16,2,3,2,6,3,0,1,0,1,2,36,1,3,3.0,0.0,0.0,3.0,0.0,0.0,7,2,1
84440,15,2,3,17,8,3,0,1,0,1,2,36,2,2,0.0,0.0,0.0,0.0,0.0,2.0,14,5,6
107614,16,2,3,17,6,3,0,1,0,1,2,6,3,1,1.0,0.0,1.0,0.0,0.0,3.0,17,2,8
15027,15,2,3,7,6,3,0,1,0,1,1,26,2,2,0.0,0.0,0.0,0.0,0.0,2.0,15,4,1
74473,16,2,3,10,8,3,0,1,1,0,1,36,3,2,0.0,0.0,0.0,0.0,0.0,3.0,12,3,6
171383,16,2,3,17,6,4,0,1,0,1,2,36,2,4,2.0,0.0,0.0,0.0,2.0,1.0,6,2,11
88553,15,2,3,17,2,3,0,1,1,1,2,18,2,2,0.0,0.0,0.0,0.0,0.0,2.0,19,6,7
34588,16,2,1,0,8,3,0,5,0,1,2,17,3,3,1.0,0.0,0.0,1.0,0.0,3.0,20,1,3
42158,16,7,1,17,19,3,6,1,1,1,2,18,2,2,0.0,0.0,0.0,0.0,0.0,6.0,19,6,3
32578,4,2,1,14,8,3,0,1,0,1,2,22,2,3,1.0,0.0,0.0,1.0,0.0,2.0,6,1,3
27065,15,2,1,0,6,3,0,1,0,1,2,5,2,3,2.0,0.0,0.0,2.0,0.0,1.0,1,1,2
38208,16,2,1,17,6,3,0,1,0,1,2,11,3,2,0.0,0.0,0.0,0.0,0.0,4.0,1,2,3
33468,16,2,2,15,2,3,0,1,1,1,2,22,2,2,0.0,0.0,0.0,0.0,0.0,2.0,7,3,3
42157,16,7,3,9,2,3,6,1,0,1,0,36,2,1,1.0,0.0,1.0,0.0,0.0,1.0,19,6,3
183055,16,2,3,0,8,3,0,1,1,1,2,6,2,2,0.0,0.0,0.0,0.0,0.0,2.0,9,3,12
178601,15,2,1,17,15,3,0,1,1,1,1,21,2,2,0.0,0.0,0.0,0.0,0.0,2.0,1,1,12
18795,16,10,3,15,3,3,4,1,1,1,2,16,2,2,0.0,0.0,0.0,0.0,0.0,4.0,13,6,2
120025,16,2,3,10,8,3,0,1,1,1,1,36,2,2,0.0,0.0,0.0,0.0,0.0,2.0,15,6,8
5342,4,2,1,0,8,3,0,1,1,1,2,23,2,2,0.0,0.0,0.0,0.0,0.0,2.0,19,5,1
67561,4,2,3,9,2,3,0,5,0,1,2,18,2,3,1.0,0.0,0.0,1.0,0.0,1.0,18,5,5
49562,16,2,1,17,8,3,0,1,1,1,2,12,2,2,0.0,0.0,0.0,0.0,0.0,3.0,23,4,4
168808,16,2,3,0,8,3,0,1,1,1,2,36,2,2,0.0,0.0,0.0,0.0,0.0,4.0,11,1,11
174268,16,1,1,17,6,3,6,1,0,1,2,18,2,4,1.0,0.0,0.0,0.0,1.0,1.0,23,4,12
41086,4,7,4,17,12,3,6,5,1,0,1,24,2,2,0.0,0.0,0.0,0.0,0.0,2.0,18,6,3
49344,4,7,1,17,19,3,6,1,0,1,2,18,5,1,3.0,0.0,1.0,1.0,1.0,2.0,23,1,4