crash_date,               traffic_control_device,weather_condition,lighting_condition,first_crash_type,trafficway_type,alignment,roadway_surface_cond,road_defect,crash_type,intersection_related_i,damage,prim_contributory_cause,num_units,most_severe_injury,injuries_total,injuries_fatal,injuries_incapacitating,injuries_non_incapacitating,injuries_reported_not_evident,injuries_no_indication,crash_hour,crash_day_of_week,crash_month
20572,4,2,3,17,2,3,0,1,1,1,2,18,2,2,0.0,0.0,0.0,0.0,0.0,2.0,14,2,2
38367,16,10,3,17,6,3,6,5,1,1,2,36,2,2,0.0,0.0,0.0,0.0,0.0,2.0,14,6,3
92284,16,2,1,9,10,3,0,1,0,1,0,6,2,1,1.0,0.0,1.0,0.0,0.0,1.0,23,7,7
123970,16,2,1,17,3,3,0,1,0,1,2,17,2,1,1.0,0.0,1.0,0.0,0.0,1.0,1,7,9
161587,16,2,1,0,6,3,0,1,0,1,2,6,2,3,2.0,0.0,0.0,2.0,0.0,0.0,19,4,11
79135,16,2,3,17,19,3,0,1,0,1,2,24,2,2,0.0,0.0,0.0,0.0,0.0,2.0,9,3,6
85729,15,2,3,5,6,3,0,1,1,1,2,36,2,2,0.0,0.0,0.0,0.0,0.0,2.0,12,4,6
168439,16,2,3,17,6,3,0,1,1,1,2,6,2,2,0.0,0.0,0.0,0.0,0.0,2.0,13,4,11
99996,16,7,3,10,3,3,6,1,1,1,1,19,2,2,0.0,0.0,0.0,0.0,0.0,3.0,18,7,7
2814,16,10,3,10,2,3,6,1,1,1,2,36,2,2,0.0,0.0,0.0,0.0,0.0,2.0,16,7,1
4391,15,7,2,7,8,3,1,1,1,1,2,16,3,2,0.0,0.0,0.0,0.0,0.0,1.0,6,3,1
40534,16,2,3,10,6,3,0,1,0,1,2,19,2,4,3.0,0.0,0.0,0.0,3.0,1.0,15,4,3
177381,15,2,3,17,15,3,0,5,1,1,1,36,2,2,0.0,0.0,0.0,0.0,0.0,2.0,7,5,12
32423,16,2,3,15,8,3,5,5,1,1,1,23,2,2,0.0,0.0,0.0,0.0,0.0,2.0,12,7,3
13102,4,2,1,0,10,3,6,1,1,1,2,18,2,2,0.0,0.0,0.0,0.0,0.0,2.0,5,4,1
123588,4,2,1,10,8,4,0,1,1,1,2,17,2,2,0.0,0.0,0.0,0.0,0.0,2.0,20,2,9
78689,15,2,3,0,6,3,0,5,0,1,2,36,2,4,1.0,0.0,0.0,0.0,1.0,3.0,17,5,6
182573,16,2,4,17,3,3,0,5,1,1,1,36,2,2,0.0,0.0,0.0,0.0,0.0,2.0,16,4,12
100581,16,11,5,10,6,3,5,5,1,1,2,36,2,2,0.0,0.0,0.0,0.0,0.0,2.0,8,2,7
78759,16,3,3,17,2,3,6,1,0,1,2,18,2,4,1.0,0.0,0.0,0.0,1.0,2.0,15,4,6
172710,16,2,3,15,2,3,0,1,1,0,2,23,2,2,0.0,0.0,0.0,0.0,0.0,2.0,11,1,12
8672,16,2,3,17,2,3,0,5,1,1,2,36,2,2,0.0,0.0,0.0,0.0,0.0,3.0,17,5,1
104191,16,7,1,10,8,3,6,1,0,1,2,19,2,2,0.0,0.0,0.0,0.0,0.0,2.0,22,7,8
77095,4,2,3,15,2,3,0,1,1,1,1,36,2,2,0.0,0.0,0.0,0.0,0.0,2.0,14,7,6
126662,16,2,3,10,2,3,0,1,1,1,2,19,2,2,0.0,0.0,0.0,0.0,0.0,3.0,12,3,9
154627,16,7,0,17,6,3,6,1,1,1,2,36,2,2,0.0,0.0,0.0,0.0,0.0,2.0,18,4,10
144444,16,2,3,0,3,3,0,1,0,1,2,2,2,2,0.0,0.0,0.0,0.0,0.0,2.0,11,4,10
88651,16,2,3,15,8,3,0,1,1,1,1,18,2,2,0.0,0.0,0.0,0.0,0.0,4.0,11,7,7
98118,16,2,3,17,6,3,0,5,1,1,2,18,2,2,0.0,0.0,0.0,0.0,0.0,2.0,19,7,7
55989,4,2,3,2,6,3,0,1,0,1,2,36,1,2,0.0,0.0,0.0,0.0,0.0,1.0,8,3,4
165707,15,10,4,17,11,3,1,5,1,1,2,39,2,2,0.0,0.0,0.0,0.0,0.0,2.0,5,6,11
28123,15,2,4,0,8,3,0,5,1,1,1,36,2,2,0.0,0.0,0.0,0.0,0.0,2.0,16,7,2
71361,16,2,3,7,8,3,0,1,1,1,1,24,2,2,0.0,0.0,0.0,0.0,0.0,4.0,19,6,5
163344,16,3,3,0,8,3,0,1,0,1,2,6,3,2,0.0,0.0,0.0,0.0,0.0,4.0,11,1,11
143651,16,2,1,0,2,3,0,1,0,1,2,6,3,0,2.0,2.0,0.0,0.0,0.0,2.0,4,1,10
91036,16,2,3,15,8,3,0,1,1,1,2,17,2,2,0.0,0.0,0.0,0.0,0.0,4.0,16,1,7
131815,4,2,3,0,8,3,6,1,1,1,1,18,2,2,0.0,0.0,0.0,0.0,0.0,2.0,13,4,9
154276,4,2,1,17,8,3,0,1,0,1,2,18,2,2,0.0,0.0,0.0,0.0,0.0,4.0,19,7,10
40289,16,7,1,17,8,3,6,1,0,1,2,18,2,2,0.0,0.0,0.0,0.0,0.0,2.0,23,4,3
167411,16,2,1,17,6,3,0,5,0,1,2,26,3,3,1.0,0.0,0.0,1.0,0.0,2.0,22,2,11
161741,16,2,3,17,8,3,0,1,0,1,2,6,2,3,1.0,0.0,0.0,1.0,0.0,1.0,16,7,11
110001,16,2,3,10,2,3,0,1,1,0,0,19,3,2,0.0,0.0,0.0,0.0,0.0,3.0,6,2,8
89232,4,2,3,5,8,2,0,5,0,1,2,36,1,4,1.0,0.0,0.0,0.0,1.0,1.0,17,2,7
17350,8,2,1,17,10,3,0,1,1,1,0,3,2,2,0.0,0.0,0.0,0.0,0.0,3.0,5,2,2
96709,16,2,2,10,6,3,0,1,0,1,2,36,2,2,0.0,0.0,0.0,0.0,0.0,2.0,6,5,7
86303,16,2,3,10,3,3,0,6,1,1,2,36,2,2,0.0,0.0,0.0,0.0,0.0,2.0,18,5,6
137529,16,2,3,0,6,3,0,1,1,1,2,18,2,2,0.0,0.0,0.0,0.0,0.0,2.0,14,2,9
162080,17,6,3,0,6,3,5,5,0,1,2,36,3,2,0.0,0.0,0.0,0.0,0.0,4.0,11,3,11
130082,16,2,3,17,8,3,0,1,1,1,1,36,2,2,0.0,0.0,0.0,0.0,0.0,3.0,9,6,9
41272,17,11,3,17,6,3,5,5,1,1,1,22,2,2,0.0,0.0,0.0,0.0,0.0,6.0,17,4,3
33418,17,11,5,17,17,3,5,5,0,1,2,36,2,3,1.0,0.0,0.0,1.0,0.0,2.0,22,2,3
56443,16,2,3,0,8,3,0,5,1,1,2,6,2,2,0.0,0.0,0.0,0.0,0.0,2.0,17,4,5
41317,4,2,3,9,8,3,0,1,0,1,0,36,2,3,1.0,0.0,0.0,1.0,0.0,1.0,14,6,3
8107,16,2,3,10,2,3,0,1,1,1,0,19,2,2,0.0,0.0,0.0,0.0,0.0,2.0,16,4,1
93771,4,2,3,7,8,3,0,1,1,0,2,36,2,2,0.0,0.0,0.0,0.0,0.0,4.0,15,3,7
95356,15,7,3,10,8,3,6,5,1,1,2,19,2,2,0.0,0.0,0.0,0.0,0.0,4.0,8,6,7
56791,15,2,3,17,6,3,0,1,1,1,2,18,2,2,0.0,0.0,0.0,0.0,0.0,2.0,14,2,5
79534,16,7,1,10,10,3,6,1,1,1,1,19,2,2,0.0,0.0,0.0,0.0,0.0,2.0,0,7,6
125952,16,2,3,0,19,3,0,1,0,1,2,6,2,1,2.0,0.0,1.0,1.0,0.0,4.0,15,3,9
15789,15,2,2,17,8,3,6,5,0,1,2,17,2,2,0.0,0.0,0.0,0.0,0.0,2.0,6,3,2
154859,2,2,1,17,5,3,0,1,0,1,2,24,2,2,0.0,0.0,0.0,0.0,0.0,6.0,3,1,10
167846,15,7,3,0,3,3,6,1,0,1,2,18,2,1,2.0,0.0,2.0,0.0,0.0,1.0,8,1,11
161370,16,2,1,10,8,3,0,1,1,1,1,21,2,2,0.0,0.0,0.0,0.0,0.0,2.0,23,6,11
10530,16,10,1,10,8,3,6,1,0,1,2,19,2,4,1.0,0.0,0.0,0.0,1.0,3.0,22,6,1
163040,15,2,3,0,8,3,0,1,0,1,2,12,3,2,0.0,0.0,0.0,0.0,0.0,2.0,14,3,11
96706,16,2,3,10,8,3,0,1,1,1,1,36,2,2,0.0,0.0,0.0,0.0,0.0,2.0,17,5,7
113150,16,2,2,17,8,3,0,1,0,1,2,36,2,2,0.0,0.0,0.0,0.0,0.0,7.0,11,7,8
70669,16,2,3,0,11,3,0,1,0,1,2,38,2,2,0.0,0.0,0.0,0.0,0.0,3.0,15,3,5
8945,16,2,3,10,8,3,0,1,0,1,2,19,2,4,2.0,0.0,0.0,0.0,2.0,1.0,7,3,1
2418,4,2,0,15,8,3,5,5,1,0,2,36,2,2,0.0,0.0,0.0,0.0,0.0,2.0,21,6,1
78267,16,2,3,17,8,3,0,1,0,1,2,18,2,2,0.0,0.0,0.0,0.0,0.0,2.0,8,4,6
120965,15,2,3,9,2,3,0,1,0,1,1,36,2,3,1.0,0.0,0.0,1.0,0.0,2.0,18,6,9
160795,4,11,5,17,17,3,5,5,1,1,2,26,2,2,0.0,0.0,0.0,0.0,0.0,2.0,16,3,11
10259,16,2,1,0,6,3,0,1,0,1,2,6,2,3,1.0,0.0,0.0,1.0,0.0,1.0,0,3,1
68584,15,2,3,9,8,3,0,1,0,1,2,18,2,4,2.0,0.0,0.0,0.0,2.0,0.0,18,7,5
85899,16,2,1,10,2,3,0,1,0,1,1,36,2,3,1.0,0.0,0.0,1.0,0.0,2.0,0,5,6
172368,16,7,1,10,15,3,6,1,1,1,2,19,2,2,0.0,0.0,0.0,0.0,0.0,2.0,19,1,12
25510,16,2,3,17,2,3,6,1,0,1,2,36,2,2,0.0,0.0,0.0,0.0,0.0,2.0,12,3,2
104166,16,7,3,17,8,3,6,5,0,1,1,36,2,2,0.0,0.0,0.0,0.0,0.0,5.0,17,7,8
76281,16,2,3,10,2,3,0,1,1,1,0,19,2,2,0.0,0.0,0.0,0.0,0.0,2.0,17,4,6
12401,15,2,3,9,10,3,0,1,0,1,0,17,2,3,1.0,0.0,0.0,1.0,0.0,1.0,15,6,1
55422,16,2,1,17,10,3,0,1,0,1,2,24,2,3,2.0,0.0,0.0,2.0,0.0,1.0,23,7,4
185833,4,2,3,17,8,3,0,1,1,1,2,36,2,2,0.0,0.0,0.0,0.0,0.0,2.0,16,6,12
171487,16,11,5,10,6,3,5,5,1,1,2,36,2,2,0.0,0.0,0.0,0.0,0.0,2.0,17,4,11
44686,4,11,3,5,3,3,5,5,0,0,2,36,1,1,1.0,0.0,1.0,0.0,0.0,0.0,13,3,4
125052,16,2,3,2,2,3,0,1,0,1,2,36,3,2,0.0,0.0,0.0,0.0,0.0,1.0,6,1,9
38897,4,2,3,17,2,3,0,1,1,1,2,18,2,2,0.0,0.0,0.0,0.0,0.0,2.0,17,6,3
150584,16,3,3,17,6,3,0,1,0,1,2,32,2,2,0.0,0.0,0.0,0.0,0.0,2.0,11,4,10
47322,16,2,3,17,2,3,0,1,1,1,2,26,2,2,0.0,0.0,0.0,0.0,0.0,3.0,15,2,4
93001,16,2,3,0,2,3,0,1,0,1,2,6,2,2,0.0,0.0,0.0,0.0,0.0,4.0,10,3,7
89613,16,2,3,17,8,3,0,1,1,1,1,19,2,2,0.0,0.0,0.0,0.0,0.0,5.0,14,1,7
32333,4,3,3,7,0,3,0,1,0,1,2,36,4,2,0.0,0.0,0.0,0.0,0.0,3.0,8,5,3
50625,15,2,3,0,10,3,0,1,0,1,2,5,2,4,3.0,0.0,0.0,0.0,3.0,0.0,7,4,4
73943,16,2,3,2,8,3,0,1,0,1,2,14,1,2,0.0,0.0,0.0,0.0,0.0,1.0,19,3,6
153765,4,2,3,17,2,3,0,1,0,0,2,18,3,4,1.0,0.0,0.0,0.0,1.0,3.0,14,7,10
106182,15,2,3,0,8,3,0,1,0,1,2,18,2,3,1.0,0.0,0.0,1.0,0.0,1.0,18,7,8
28428,16,2,1,17,2,3,0,1,1,1,1,36,2,2,0.0,0.0,0.0,0.0,0.0,2.0,1,1,3
63145,16,2,1,17,10,3,0,1,0,1,1,24,2,2,0.0,0.0,0.0,0.0,0.0,2.0,0,2,5
82568,16,2,3,7,8,3,0,5,1,1,2,18,2,2,0.0,0.0,0.0,0.0,0.0,1.0,16,5,6
108469,16,2,1,17,2,3,0,5,1,1,0,36,2,2,0.0,0.0,0.0,0.0,0.0,2.0,1,2,8
173556,4,2,1,7,8,4,0,1,0,1,2,12,3,2,0.0,0.0,0.0,0.0,0.0,1.0,5,7,12
13678,16,10,4,0,8,3,6,1,1,1,2,36,2,2,0.0,0.0,0.0,0.0,0.0,2.0,17,7,1
39282,15,2,1,0,6,3,5,5,0,1,2,18,2,2,0.0,0.0,0.0,0.0,0.0,2.0,21,1,3
174691,16,2,3,0,6,3,0,1,0,1,2,36,2,2,0.0,0.0,0.0,0.0,0.0,2.0,14,2,12
107604,4,2,3,0,6,3,0,5,1,1,2,18,2,2,0.0,0.0,0.0,0.0,0.0,2.0,16,2,8
83214,16,3,3,15,3,3,0,1,1,1,0,23,2,2,0.0,0.0,0.0,0.0,0.0,2.0,17,6,6
164729,4,2,1,10,8,3,6,3,0,1,2,32,2,4,1.0,0.0,0.0,0.0,1.0,1.0,18,3,11
103397,16,2,3,17,6,3,0,1,1,1,2,18,2,2,0.0,0.0,0.0,0.0,0.0,2.0,11,3,7
106753,16,2,3,17,8,3,0,1,1,1,1,36,2,2,0.0,0.0,0.0,0.0,0.0,2.0,15,2,8
110784,16,2,3,0,6,3,0,1,0,1,2,6,2,3,3.0,0.0,0.0,3.0,0.0,1.0,9,1,8
164202,16,3,3,17,3,3,0,1,0,1,2,19,2,4,1.0,0.0,0.0,0.0,1.0,3.0,11,2,11
55553,4,2,1,2,2,3,0,1,0,1,2,36,2,2,0.0,0.0,0.0,0.0,0.0,3.0,2,2,4
148649,6,2,3,10,2,3,0,1,1,0,2,18,2,2,0.0,0.0,0.0,0.0,0.0,2.0,13,6,10
110253,16,2,3,10,8,3,0,1,1,1,2,19,2,2,0.0,0.0,0.0,0.0,0.0,2.0,5,7,8
83564,4,2,3,17,9,3,0,1,1,1,2,36,2,2,0.0,0.0,0.0,0.0,0.0,2.0,10,5,6
46249,16,2,3,0,9,3,0,1,0,1,2,6,2,2,0.0,0.0,0.0,0.0,0.0,2.0,7,3,4
8744,16,3,3,9,8,3,0,1,0,1,1,18,2,4,1.0,0.0,0.0,0.0,1.0,1.0,14,6,1
23029,15,2,1,17,2,3,0,1,1,1,0,36,2,2,0.0,0.0,0.0,0.0,0.0,2.0,19,5,2
162524,16,2,1,10,8,3,0,1,0,1,2,19,2,2,0.0,0.0,0.0,0.0,0.0,2.0,0,2,11
127259,4,2,3,0,8,3,0,1,0,1,2,18,2,3,1.0,0.0,0.0,1.0,0.0,1.0,15,5,9
185426,16,2,3,0,6,3,5,5,1,1,2,6,2,2,0.0,0.0,0.0,0.0,0.0,3.0,15,5,12
183929,15,2,3,0,6,3,0,1,0,1,2,12,3,2,0.0,0.0,0.0,0.0,0.0,3.0,10,3,12
48435,4,2,3,9,2,3,0,1,0,1,2,36,2,3,1.0,0.0,0.0,1.0,0.0,1.0,9,6,4
46853,15,2,3,0,2,3,0,1,0,1,2,5,2,1,3.0,0.0,2.0,1.0,0.0,1.0,12,5,4
188727,16,7,1,17,3,3,6,1,1,1,2,24,2,2,0.0,0.0,0.0,0.0,0.0,3.0,12,2,12
185173,17,2,3,17,8,3,0,5,1,1,2,24,2,2,0.0,0.0,0.0,0.0,0.0,2.0,7,2,12
176798,16,2,3,15,2,3,0,1,1,1,2,23,2,2,0.0,0.0,0.0,0.0,0.0,2.0,12,4,12
68549,16,2,1,10,6,3,0,5,1,1,2,19,2,2,0.0,0.0,0.0,0.0,0.0,2.0,1,7,5
11910,16,2,1,0,2,3,6,1,0,1,2,6,2,2,0.0,0.0,0.0,0.0,0.0,2.0,20,2,1
93482,16,7,3,10,8,3,6,1,1,1,2,36,2,2,0.0,0.0,0.0,0.0,0.0,3.0,10,4,7
119872,4,2,3,10,3,3,0,1,1,1,1,36,2,2,0.0,0.0,0.0,0.0,0.0,2.0,13,6,8
137544,16,2,3,10,6,3,0,1,1,1,2,18,2,2,0.0,0.0,0.0,0.0,0.0,2.0,16,2,9
21030,16,2,1,15,6,3,0,1,1,1,0,18,2,2,0.0,0.0,0.0,0.0,0.0,2.0,18,3,2
107193,16,2,3,17,8,3,0,1,1,1,2,19,2,2,0.0,0.0,0.0,0.0,0.0,2.0,13,2,8
123774,16,2,1,17,6,3,0,5,0,1,2,36,2,2,0.0,0.0,0.0,0.0,0.0,3.0,19,6,9
175117,16,2,1,17,8,3,0,1,0,1,2,36,2,4,2.0,0.0,0.0,0.0,2.0,4.0,23,6,12
187070,15,2,3,10,2,3,1,1,1,1,2,36,2,2,0.0,0.0,0.0,0.0,0.0,2.0,8,5,12
59346,4,2,3,17,2,3,0,1,0,1,2,20,2,3,1.0,0.0,0.0,1.0,0.0,1.0,11,7,5
21439,16,2,3,0,6,3,0,1,0,1,2,6,2,2,0.0,0.0,0.0,0.0,0.0,2.0,14,2,2
166910,15,2,3,7,15,3,0,1,1,1,1,24,2,2,0.0,0.0,0.0,0.0,0.0,1.0,14,4,11
184449,15,2,3,17,15,3,0,1,0,1,2,36,2,2,0.0,0.0,0.0,0.0,0.0,3.0,14,4,12
66246,16,2,3,5,8,3,0,3,1,1,0,36,1,2,0.0,0.0,0.0,0.0,0.0,1.0,13,5,5
12844,4,7,1,10,8,3,6,1,1,1,1,13,2,2,0.0,0.0,0.0,0.0,0.0,2.0,15,6,1
171633,16,2,1,8,8,3,0,1,0,1,0,18,2,4,1.0,0.0,0.0,0.0,1.0,2.0,18,5,11
65873,16,2,3,17,2,3,0,1,1,1,2,36,2,2,0.0,0.0,0.0,0.0,0.0,2.0,17,6,5
136761,16,2,3,0,8,3,0,1,0,1,1,12,2,4,1.0,0.0,0.0,0.0,1.0,4.0,11,3,9
32884,16,2,3,17,2,3,0,1,1,1,2,6,2,2,0.0,0.0,0.0,0.0,0.0,2.0,12,1,3
88372,15,2,1,10,8,3,0,1,0,1,2,8,3,2,0.0,0.0,0.0,0.0,0.0,2.0,0,2,7
9030,15,2,3,0,6,3,0,1,0,1,2,18,3,3,2.0,0.0,0.0,2.0,0.0,1.0,11,4,1
85920,16,2,3,10,8,3,0,1,1,1,2,19,2,2,0.0,0.0,0.0,0.0,0.0,4.0,16,7,6
156907,16,2,1,17,2,3,0,5,1,1,2,24,2,2,0.0,0.0,0.0,0.0,0.0,2.0,22,5,11
146318,16,2,1,10,6,3,0,1,1,1,2,36,2,2,0.0,0.0,0.0,0.0,0.0,2.0,21,3,10
71322,16,2,3,10,2,3,0,1,1,1,2,19,2,2,0.0,0.0,0.0,0.0,0.0,2.0,13,6,5
57878,16,2,3,8,6,3,0,1,0,1,2,18,2,3,1.0,0.0,0.0,1.0,0.0,1.0,18,7,5
12527,16,10,1,17,8,3,4,1,0,1,2,18,2,2,0.0,0.0,0.0,0.0,0.0,2.0,22,7,1
156605,15,2,3,0,6,3,0,1,1,1,2,18,2,2,0.0,0.0,0.0,0.0,0.0,2.0,12,2,11
128018,16,2,3,17,8,3,0,1,1,1,2,23,2,2,0.0,0.0,0.0,0.0,0.0,2.0,10,2,9
49928,16,7,1,0,3,2,6,5,0,1,2,36,3,3,3.0,0.0,0.0,2.0,1.0,1.0,22,4,4
5833,15,2,1,17,8,3,0,1,0,1,2,24,2,2,0.0,0.0,0.0,0.0,0.0,4.0,18,5,1
9329,16,2,3,0,2,3,0,1,0,1,2,36,2,1,1.0,0.0,1.0,0.0,0.0,1.0,10,1,1
114768,4,2,3,7,8,3,0,1,1,1,2,28,4,2,0.0,0.0,0.0,0.0,0.0,4.0,14,6,8
121070,15,2,1,17,6,3,0,5,1,1,2,5,2,2,0.0,0.0,0.0,0.0,0.0,2.0,21,1,9
40588,16,2,3,17,8,3,6,5,1,1,2,19,2,2,0.0,0.0,0.0,0.0,0.0,2.0,10,2,3
84200,15,2,3,0,8,3,0,1,0,1,2,5,2,3,1.0,0.0,0.0,1.0,0.0,2.0,13,7,6
48616,16,7,3,17,2,3,6,1,1,1,2,6,2,2,0.0,0.0,0.0,0.0,0.0,3.0,16,1,4
59119,4,2,3,2,0,3,0,1,1,1,2,12,1,2,0.0,0.0,0.0,0.0,0.0,1.0,7,3,5
63147,15,3,3,15,8,3,0,1,1,1,2,22,2,2,0.0,0.0,0.0,0.0,0.0,2.0,13,3,5
181102,15,10,1,9,6,3,6,1,0,1,0,38,3,3,2.0,0.0,0.0,1.0,1.0,1.0,18,6,12
186300,16,7,0,15,8,3,6,1,0,1,0,36,2,2,0.0,0.0,0.0,0.0,0.0,4.0,20,1,12
63803,16,2,3,15,3,3,0,1,1,1,2,26,2,2,0.0,0.0,0.0,0.0,0.0,2.0,17,7,5
69172,17,11,5,10,8,3,5,5,0,1,2,36,2,4,1.0,0.0,0.0,0.0,1.0,1.0,17,6,5
47841,16,7,3,17,6,3,6,1,1,1,2,6,2,2,0.0,0.0,0.0,0.0,0.0,6.0,15,4,4
54711,4,2,1,2,12,3,0,1,1,1,2,36,1,2,0.0,0.0,0.0,0.0,0.0,1.0,0,1,4
112610,16,7,3,0,8,3,0,1,0,1,2,36,3,4,1.0,0.0,0.0,0.0,1.0,4.0,13,7,8
45954,15,2,3,17,2,3,0,1,1,1,1,18,2,2,0.0,0.0,0.0,0.0,0.0,2.0,7,3,4
110151,16,2,1,10,6,3,0,1,1,1,1,19,3,2,0.0,0.0,0.0,0.0,0.0,3.0,21,5,8
186935,15,7,3,17,8,3,6,1,1,1,2,24,2,2,0.0,0.0,0.0,0.0,0.0,3.0,14,6,12
153072,15,2,3,0,6,3,0,1,0,1,2,18,2,4,1.0,0.0,0.0,0.0,1.0,2.0,15,4,10
27114,16,2,1,10,8,3,0,1,1,1,2,28,3,2,0.0,0.0,0.0,0.0,0.0,4.0,23,1,2
117361,15,7,4,0,6,3,6,1,0,1,2,5,2,2,0.0,0.0,0.0,0.0,0.0,2.0,18,2,8
123811,4,2,3,7,8,3,0,1,1,1,1,19,2,2,0.0,0.0,0.0,0.0,0.0,2.0,17,4,9
161752,15,2,3,9,8,3,5,5,0,1,0,5,2,4,1.0,0.0,0.0,0.0,1.0,1.0,8,7,11
29758,15,2,1,0,6,3,0,1,0,1,2,18,2,2,0.0,0.0,0.0,0.0,0.0,2.0,18,4,3
2181,15,3,3,17,15,3,6,1,1,1,0,5,2,2,0.0,0.0,0.0,0.0,0.0,2.0,10,3,1
43002,16,2,1,17,6,3,0,1,0,1,2,24,2,4,3.0,0.0,0.0,0.0,3.0,1.0,21,7,4
187771,17,10,1,10,8,3,4,5,1,1,1,39,2,2,0.0,0.0,0.0,0.0,0.0,2.0,17,3,12
139271,15,2,3,0,6,3,0,1,0,1,2,18,2,2,0.0,0.0,0.0,0.0,0.0,5.0,15,5,10
39265,16,2,1,17,6,3,0,5,0,1,2,36,2,3,3.0,0.0,0.0,3.0,0.0,1.0,3,1,3
166209,16,2,3,17,8,3,0,1,0,1,2,36,2,3,1.0,0.0,0.0,1.0,0.0,1.0,13,6,11
155591,15,10,1,0,6,3,4,1,0,1,2,17,2,2,0.0,0.0,0.0,0.0,0.0,2.0,23,3,10
174208,16,2,3,17,19,3,0,1,0,1,2,28,4,3,1.0,0.0,0.0,1.0,0.0,4.0,11,2,12
10970,4,5,1,10,10,3,4,1,1,0,2,36,2,2,0.0,0.0,0.0,0.0,0.0,2.0,19,2,1
100883,16,2,1,0,6,3,0,1,1,1,2,6,2,2,0.0,0.0,0.0,0.0,0.0,2.0,4,6,7
62972,16,2,1,15,10,3,0,1,1,1,1,22,2,2,0.0,0.0,0.0,0.0,0.0,2.0,0,7,5
122285,15,2,3,17,2,3,0,1,0,1,2,18,2,3,4.0,0.0,0.0,1.0,3.0,0.0,15,3,9
90558,16,2,1,17,8,3,0,1,1,1,2,18,2,2,0.0,0.0,0.0,0.0,0.0,2.0,23,7,7
167566,16,10,3,10,2,3,4,1,0,1,2,39,3,4,2.0,0.0,0.0,0.0,2.0,6.0,10,5,11
14669,16,2,1,2,8,3,6,1,0,1,1,36,2,3,1.0,0.0,0.0,1.0,0.0,1.0,20,4,1
41557,4,2,3,0,8,3,0,1,0,1,2,5,2,1,1.0,0.0,1.0,0.0,0.0,1.0,8,2,3
46346,4,2,3,15,8,3,0,1,1,1,2,36,3,2,0.0,0.0,0.0,0.0,0.0,2.0,9,3,4
109729,16,11,5,2,6,3,5,5,1,1,2,28,2,2,0.0,0.0,0.0,0.0,0.0,2.0,14,1,8
53241,16,2,3,17,2,3,0,1,1,1,2,24,2,2,0.0,0.0,0.0,0.0,0.0,4.0,14,2,4
173366,15,10,3,17,8,3,6,1,0,1,2,18,2,3,1.0,0.0,0.0,1.0,0.0,1.0,10,2,12
51510,16,2,3,17,16,3,0,5,1,1,2,18,2,2,0.0,0.0,0.0,0.0,0.0,2.0,11,5,4
165643,17,2,5,9,6,3,5,5,0,1,0,36,2,3,1.0,0.0,0.0,1.0,0.0,1.0,17,5,11
75001,16,2,3,15,2,3,0,1,1,1,2,36,2,2,0.0,0.0,0.0,0.0,0.0,2.0,19,4,6
150700,16,2,1,0,8,3,0,1,0,1,2,36,2,4,2.0,0.0,0.0,0.0,2.0,1.0,6,7,10
35213,15,2,1,17,15,3,0,1,0,1,2,36,2,3,2.0,0.0,0.0,2.0,0.0,1.0,20,4,3
174575,16,2,3,17,6,3,0,1,0,1,2,18,2,3,2.0,0.0,0.0,1.0,1.0,0.0,11,7,12
89289,16,2,3,9,6,3,0,1,0,1,0,18,2,4,1.0,0.0,0.0,0.0,1.0,1.0,15,4,7
30753,15,2,3,17,6,3,0,1,1,1,2,24,2,2,0.0,0.0,0.0,0.0,0.0,3.0,16,7,3
1169,4,2,3,0,8,3,0,1,0,0,2,18,2,2,0.0,0.0,0.0,0.0,0.0,2.0,15,6,1
182187,16,2,3,15,8,3,0,1,0,1,1,19,2,4,1.0,0.0,0.0,0.0,1.0,1.0,13,7,12
188579,16,2,3,15,8,3,0,1,1,1,0,13,2,2,0.0,0.0,0.0,0.0,0.0,2.0,13,1,12
127573,15,2,3,0,8,3,0,1,0,1,2,3,2,3,1.0,0.0,0.0,1.0,0.0,1.0,18,3,9
182268,16,2,3,0,6,3,0,1,0,1,2,6,2,3,1.0,0.0,0.0,1.0,0.0,5.0,15,1,12
58211,16,2,1,10,19,3,0,5,1,1,1,36,2,2,0.0,0.0,0.0,0.0,0.0,2.0,19,4,5
143475,16,2,3,0,8,3,0,1,1,1,2,36,2,2,0.0,0.0,0.0,0.0,0.0,2.0,17,5,10
48076,16,2,3,15,8,3,0,1,1,1,0,22,2,2,0.0,0.0,0.0,0.0,0.0,2.0,8,6,4
170536,16,2,3,0,6,3,0,1,1,1,2,26,2,2,0.0,0.0,0.0,0.0,0.0,2.0,11,2,11
61106,16,2,3,17,2,3,0,1,0,1,2,18,2,4,1.0,0.0,0.0,0.0,1.0,1.0,17,6,5
2886,16,10,2,8,8,3,4,1,0,1,0,3,2,4,1.0,0.0,0.0,0.0,1.0,1.0,17,2,1
84969,16,7,1,0,6,3,6,3,0,1,2,36,2,4,2.0,0.0,0.0,0.0,2.0,1.0,21,6,6
167749,16,2,1,0,6,3,0,1,0,1,2,6,2,2,0.0,0.0,0.0,0.0,0.0,2.0,3,6,11
158013,16,3,1,17,8,3,6,1,1,1,2,36,2,2,0.0,0.0,0.0,0.0,0.0,2.0,17,5,11
57567,15,2,3,17,2,3,0,1,1,0,2,36,2,2,0.0,0.0,0.0,0.0,0.0,2.0,11,6,5