crash_date,               traffic_control_device,weather_condition,lighting_condition,first_crash_type,trafficway_type,alignment,roadway_surface_cond,road_defect,crash_type,intersection_related_i,damage,prim_contributory_cause,num_units,most_severe_injury,injuries_total,injuries_fatal,injuries_incapacitating,injuries_non_incapacitating,injuries_reported_not_evident,injuries_no_indication,crash_hour,crash_day_of_week,crash_month
187870,17,11,5,15,15,3,5,5,1,1,2,23,2,2,0.0,0.0,0.0,0.0,0.0,2.0,15,5,12
185050,4,10,3,7,8,3,4,5,1,0,0,26,2,2,0.0,0.0,0.0,0.0,0.0,1.0,8,6,12
128453,16,2,3,17,11,3,0,1,1,1,2,38,2,2,0.0,0.0,0.0,0.0,0.0,2.0,17,7,9
58573,16,2,3,17,2,3,0,1,1,1,2,24,2,2,0.0,0.0,0.0,0.0,0.0,3.0,14,2,5
6312,16,2,3,10,15,3,0,5,0,1,2,36,3,3,3.0,0.0,0.0,1.0,2.0,1.0,16,6,1
59726,16,2,1,10,5,3,0,5,0,1,2,17,2,1,2.0,0.0,1.0,0.0,1.0,0.0,1,7,5
71547,17,2,3,15,6,3,0,5,0,1,2,36,3,2,0.0,0.0,0.0,0.0,0.0,5.0,15,3,5
174472,15,2,3,10,8,3,0,1,0,1,1,36,2,4,1.0,0.0,0.0,0.0,1.0,1.0,15,5,12
134989,4,2,1,2,8,3,0,3,0,1,2,33,2,2,0.0,0.0,0.0,0.0,0.0,3.0,21,5,9
48170,16,11,1,10,2,3,5,5,1,1,0,36,2,2,0.0,0.0,0.0,0.0,0.0,2.0,1,1,4
169842,15,2,3,13,4,3,0,1,1,1,2,26,2,2,0.0,0.0,0.0,0.0,0.0,2.0,11,3,11
172844,16,7,0,0,8,3,6,1,1,1,2,18,2,2,0.0,0.0,0.0,0.0,0.0,2.0,17,1,12
56332,15,2,1,0,6,3,0,1,1,1,2,36,2,2,0.0,0.0,0.0,0.0,0.0,3.0,20,1,5
91697,16,2,1,17,6,3,0,1,0,1,2,18,2,2,0.0,0.0,0.0,0.0,0.0,2.0,20,5,7
131298,4,2,3,9,2,3,0,1,0,1,0,18,2,3,2.0,0.0,0.0,2.0,0.0,0.0,7,4,9
84544,16,2,3,17,2,3,0,1,0,1,2,18,2,4,2.0,0.0,0.0,0.0,2.0,0.0,10,6,6
140150,16,2,1,17,8,3,0,1,0,1,2,36,2,3,2.0,0.0,0.0,2.0,0.0,2.0,21,2,10
140265,16,2,3,0,15,3,0,1,0,1,2,6,2,3,1.0,0.0,0.0,1.0,0.0,1.0,7,4,10
107033,16,2,3,10,6,3,0,1,1,1,2,19,2,2,0.0,0.0,0.0,0.0,0.0,2.0,9,7,8
43675,4,10,1,7,2,3,1,1,0,1,2,39,2,2,0.0,0.0,0.0,0.0,0.0,1.0,6,4,4
66144,16,7,3,10,2,3,6,1,1,1,2,39,2,2,0.0,0.0,0.0,0.0,0.0,2.0,9,2,5
98135,16,2,1,17,6,3,0,1,1,1,0,36,2,2,0.0,0.0,0.0,0.0,0.0,3.0,21,7,7
111175,15,2,3,0,6,3,0,1,0,1,2,5,3,3,2.0,0.0,0.0,2.0,0.0,5.0,4,7,8
83740,4,2,3,10,8,3,0,1,1,1,2,19,2,2,0.0,0.0,0.0,0.0,0.0,3.0,17,7,6
86271,16,7,3,15,3,3,6,1,1,1,1,12,2,2,0.0,0.0,0.0,0.0,0.0,3.0,12,4,6
100760,15,2,3,10,8,3,0,1,1,0,1,17,2,2,0.0,0.0,0.0,0.0,0.0,2.0,16,4,7
156216,15,2,3,0,6,3,0,1,1,1,2,18,2,2,0.0,0.0,0.0,0.0,0.0,2.0,15,6,11
7908,16,10,1,0,8,3,6,1,0,1,2,6,2,3,2.0,0.0,0.0,2.0,0.0,0.0,23,1,1
31186,15,2,3,10,8,3,0,1,0,1,1,19,2,1,1.0,0.0,1.0,0.0,0.0,1.0,10,7,3
171231,15,2,3,17,8,3,0,5,1,1,2,36,2,2,0.0,0.0,0.0,0.0,0.0,2.0,17,5,11
52629,4,2,3,0,12,3,0,1,1,0,2,36,2,2,0.0,0.0,0.0,0.0,0.0,2.0,13,4,4
65850,16,2,3,15,8,3,0,1,1,1,1,22,2,2,0.0,0.0,0.0,0.0,0.0,4.0,13,6,5
18574,16,2,3,17,6,3,0,1,0,1,2,36,2,3,1.0,0.0,0.0,1.0,0.0,1.0,13,3,2
40718,16,2,3,17,10,3,0,1,1,1,1,23,2,2,0.0,0.0,0.0,0.0,0.0,2.0,9,5,3
159297,16,2,1,10,8,3,0,1,0,1,2,19,2,4,1.0,0.0,0.0,0.0,1.0,2.0,19,4,11
170214,4,11,5,17,2,3,5,5,1,1,0,18,2,2,0.0,0.0,0.0,0.0,0.0,2.0,15,3,11
91140,16,7,1,9,8,3,6,1,0,1,1,36,2,1,1.0,0.0,1.0,0.0,0.0,1.0,22,3,7
161671,16,2,3,17,10,3,0,1,1,1,1,24,2,2,0.0,0.0,0.0,0.0,0.0,2.0,14,6,11
144569,16,2,1,15,3,3,0,1,1,1,0,17,2,2,0.0,0.0,0.0,0.0,0.0,3.0,23,7,10
113127,4,2,3,10,2,3,0,1,1,1,2,19,2,2,0.0,0.0,0.0,0.0,0.0,3.0,7,7,8
161091,16,3,3,0,6,3,0,1,0,1,1,36,2,3,3.0,0.0,0.0,3.0,0.0,0.0,12,3,11
122542,17,2,4,10,8,3,0,5,1,1,1,26,2,2,0.0,0.0,0.0,0.0,0.0,2.0,23,7,9
73372,15,2,1,17,8,3,0,1,1,1,2,12,2,2,0.0,0.0,0.0,0.0,0.0,3.0,0,1,6
127072,16,2,1,15,6,3,0,5,1,1,2,36,2,2,0.0,0.0,0.0,0.0,0.0,2.0,21,3,9
96953,16,2,3,15,2,3,0,2,1,1,2,36,2,2,0.0,0.0,0.0,0.0,0.0,2.0,10,2,7
151288,16,7,1,17,8,3,6,1,0,1,2,18,2,2,0.0,0.0,0.0,0.0,0.0,2.0,22,1,10
69271,15,2,1,7,8,3,0,1,0,1,2,17,5,3,1.0,0.0,0.0,1.0,0.0,1.0,0,1,5
21670,16,2,1,0,10,3,6,6,0,1,2,6,2,2,0.0,0.0,0.0,0.0,0.0,6.0,19,5,2
67416,16,2,3,17,2,3,0,1,1,1,1,22,2,2,0.0,0.0,0.0,0.0,0.0,2.0,17,2,5
125542,15,2,3,0,2,3,0,1,0,1,2,18,2,1,2.0,0.0,1.0,0.0,1.0,0.0,15,2,9
142498,15,2,3,17,6,3,0,1,0,1,2,18,2,2,0.0,0.0,0.0,0.0,0.0,2.0,15,7,10
158973,15,2,3,10,6,3,0,1,1,1,1,36,2,2,0.0,0.0,0.0,0.0,0.0,2.0,11,7,11
122595,15,2,3,17,2,3,0,1,1,1,2,36,2,2,0.0,0.0,0.0,0.0,0.0,3.0,10,1,9
83984,15,2,1,17,6,3,0,1,0,1,2,5,3,3,1.0,0.0,0.0,1.0,0.0,2.0,0,4,6
50819,16,2,3,17,10,3,0,5,1,1,2,26,2,2,0.0,0.0,0.0,0.0,0.0,2.0,8,6,4
7946,4,7,0,0,8,3,6,1,1,1,0,36,2,2,0.0,0.0,0.0,0.0,0.0,2.0,21,2,1
91872,15,2,3,0,6,3,0,5,1,1,2,18,2,2,0.0,0.0,0.0,0.0,0.0,2.0,18,2,7
16343,17,3,3,11,6,3,5,5,1,1,1,36,2,2,0.0,0.0,0.0,0.0,0.0,2.0,14,7,2
95173,16,2,3,17,6,3,0,1,0,1,2,18,2,3,1.0,0.0,0.0,1.0,0.0,5.0,14,4,7
123634,15,2,3,15,2,3,0,1,1,1,2,36,2,2,0.0,0.0,0.0,0.0,0.0,4.0,6,3,9
60397,15,2,3,0,6,3,0,1,1,1,2,36,2,2,0.0,0.0,0.0,0.0,0.0,2.0,16,3,5
166092,16,7,1,15,3,3,6,5,1,1,2,36,2,2,0.0,0.0,0.0,0.0,0.0,3.0,16,3,11
74760,15,2,3,8,6,3,0,1,0,1,2,36,2,3,1.0,0.0,0.0,1.0,0.0,1.0,16,2,6
128468,16,2,1,10,8,3,0,1,1,1,2,19,2,2,0.0,0.0,0.0,0.0,0.0,3.0,20,7,9
22949,16,2,1,15,8,3,0,1,1,1,0,23,2,2,0.0,0.0,0.0,0.0,0.0,3.0,22,6,2
79684,4,2,3,17,2,3,0,1,1,1,1,23,2,2,0.0,0.0,0.0,0.0,0.0,2.0,15,4,6
145324,16,7,0,9,2,3,0,5,0,1,2,36,3,1,2.0,0.0,1.0,1.0,0.0,3.0,22,1,10
117,15,10,1,0,8,3,6,1,0,1,2,5,2,2,0.0,0.0,0.0,0.0,0.0,3.0,3,3,1
98758,15,2,4,0,8,3,0,1,0,1,2,18,2,2,0.0,0.0,0.0,0.0,0.0,2.0,18,7,7
110026,16,2,3,17,8,3,0,1,1,1,2,22,2,2,0.0,0.0,0.0,0.0,0.0,3.0,11,2,8
17604,16,3,3,17,6,3,6,1,0,1,1,24,2,4,2.0,0.0,0.0,0.0,2.0,0.0,11,7,2
83418,16,2,3,17,5,3,0,1,0,1,2,6,2,3,1.0,0.0,0.0,1.0,0.0,3.0,17,3,6
145309,4,2,0,17,8,3,0,1,1,1,1,24,2,2,0.0,0.0,0.0,0.0,0.0,2.0,18,1,10
26139,15,11,5,17,15,3,5,1,1,1,2,36,2,2,0.0,0.0,0.0,0.0,0.0,5.0,18,7,2
85109,16,2,1,5,8,3,5,5,0,1,2,18,2,1,1.0,0.0,1.0,0.0,0.0,1.0,21,1,6
115636,17,2,1,9,10,3,0,1,0,1,2,26,2,1,1.0,0.0,1.0,0.0,0.0,1.0,22,4,8
107248,4,7,3,0,8,3,6,1,1,1,2,18,2,2,0.0,0.0,0.0,0.0,0.0,3.0,14,3,8
102259,16,2,3,17,8,3,0,1,1,1,2,18,2,2,0.0,0.0,0.0,0.0,0.0,2.0,11,6,7
159915,15,2,3,0,8,3,0,1,1,1,2,18,2,2,0.0,0.0,0.0,0.0,0.0,2.0,10,6,11
172980,16,2,3,10,2,3,0,1,0,1,2,19,3,2,0.0,0.0,0.0,0.0,0.0,3.0,9,4,12
116725,4,2,3,9,8,3,0,1,1,1,1,26,2,2,0.0,0.0,0.0,0.0,0.0,2.0,8,6,8
163848,16,2,1,2,18,3,6,1,0,1,2,36,1,3,1.0,0.0,0.0,1.0,0.0,1.0,3,1,11
76591,4,2,3,15,10,3,0,1,1,1,2,23,2,2,0.0,0.0,0.0,0.0,0.0,2.0,20,7,6
24320,17,2,3,0,6,3,0,1,0,1,2,17,2,3,3.0,0.0,0.0,3.0,0.0,1.0,11,1,2
113851,16,2,3,17,6,3,0,1,0,1,2,36,2,2,0.0,0.0,0.0,0.0,0.0,4.0,18,6,8
111798,16,2,3,17,6,3,0,1,1,1,1,24,2,2,0.0,0.0,0.0,0.0,0.0,3.0,11,2,8
114943,4,11,1,0,8,3,5,5,1,1,1,36,2,2,0.0,0.0,0.0,0.0,0.0,2.0,21,1,8
149583,4,2,0,15,6,3,0,1,0,1,2,36,2,2,0.0,0.0,0.0,0.0,0.0,3.0,3,7,10
68952,15,2,3,17,6,3,0,1,1,1,2,36,2,2,0.0,0.0,0.0,0.0,0.0,2.0,15,5,5
38707,17,11,5,15,2,3,5,5,1,1,1,36,2,2,0.0,0.0,0.0,0.0,0.0,4.0,16,4,3
49149,4,2,3,10,6,3,0,1,1,1,1,36,2,2,0.0,0.0,0.0,0.0,0.0,3.0,17,5,4
114051,15,2,3,17,10,3,0,1,1,1,2,22,2,2,0.0,0.0,0.0,0.0,0.0,5.0,15,1,8
99793,16,2,2,10,2,3,0,1,1,1,0,36,2,2,0.0,0.0,0.0,0.0,0.0,2.0,6,3,7
183516,10,2,3,9,8,3,4,1,0,1,2,36,2,4,1.0,0.0,0.0,0.0,1.0,1.0,16,6,12
176421,16,2,1,0,3,3,0,1,0,1,2,18,2,2,0.0,0.0,0.0,0.0,0.0,4.0,1,1,12
59574,16,2,3,17,3,3,0,1,1,1,2,24,2,2,0.0,0.0,0.0,0.0,0.0,2.0,8,3,5
150199,17,11,5,0,6,3,5,2,1,1,2,36,2,2,0.0,0.0,0.0,0.0,0.0,2.0,15,1,10
53141,4,7,3,0,8,3,6,1,0,1,2,18,2,2,0.0,0.0,0.0,0.0,0.0,2.0,13,7,4
118769,16,2,4,0,6,3,0,1,0,1,2,6,2,2,0.0,0.0,0.0,0.0,0.0,2.0,18,4,8
25896,16,2,1,10,6,3,0,1,1,1,1,19,3,2,0.0,0.0,0.0,0.0,0.0,3.0,18,2,2
69410,16,2,3,10,6,3,6,1,1,1,2,28,2,2,0.0,0.0,0.0,0.0,0.0,2.0,16,5,5
38930,16,2,1,10,2,3,0,1,1,1,2,36,2,2,0.0,0.0,0.0,0.0,0.0,4.0,2,7,3
104332,4,2,3,17,8,3,0,1,1,1,2,4,2,2,0.0,0.0,0.0,0.0,0.0,2.0,15,2,8
37807,9,2,3,7,12,3,0,1,1,0,1,21,2,2,0.0,0.0,0.0,0.0,0.0,1.0,19,1,3
78153,16,2,3,5,15,3,0,1,1,1,0,12,2,2,0.0,0.0,0.0,0.0,0.0,2.0,11,4,6
159056,16,2,1,17,6,3,0,1,0,1,2,6,2,3,1.0,0.0,0.0,1.0,0.0,1.0,18,2,11
41597,16,2,1,17,6,3,0,1,0,1,1,36,2,4,1.0,0.0,0.0,0.0,1.0,2.0,19,3,3
31213,15,11,5,0,6,3,5,5,0,1,2,36,2,4,1.0,0.0,0.0,0.0,1.0,1.0,15,1,3
17464,16,7,1,2,8,3,6,1,0,1,1,16,1,1,1.0,0.0,1.0,0.0,0.0,0.0,0,4,2
125945,16,2,3,0,8,3,0,1,0,1,1,18,3,3,2.0,0.0,0.0,2.0,0.0,3.0,13,3,9
114441,15,2,3,0,15,3,0,5,1,1,2,18,2,2,0.0,0.0,0.0,0.0,0.0,2.0,14,1,8
81848,16,2,1,10,6,3,0,1,1,1,1,36,2,2,0.0,0.0,0.0,0.0,0.0,3.0,0,7,6
96406,15,2,3,17,8,3,0,1,0,1,0,36,2,1,1.0,0.0,1.0,0.0,0.0,1.0,15,1,7
71830,16,2,3,17,8,3,0,1,0,1,2,36,2,4,1.0,0.0,0.0,0.0,1.0,1.0,16,6,6
55153,16,2,3,10,8,3,0,1,1,1,2,12,2,2,0.0,0.0,0.0,0.0,0.0,2.0,18,2,4
69722,3,2,3,10,8,3,0,1,1,1,2,19,2,2,0.0,0.0,0.0,0.0,0.0,2.0,19,2,5
180041,16,7,1,11,2,3,6,5,1,1,1,36,2,2,0.0,0.0,0.0,0.0,0.0,2.0,20,7,12
150008,16,7,1,17,6,3,6,1,0,1,2,18,2,2,0.0,0.0,0.0,0.0,0.0,2.0,6,5,10
168865,4,2,3,17,6,3,6,1,0,1,2,24,2,3,3.0,0.0,0.0,3.0,0.0,1.0,9,3,11
111883,15,2,3,0,2,3,0,1,0,1,2,23,2,3,2.0,0.0,0.0,2.0,0.0,1.0,18,5,8
138062,16,2,0,17,6,3,0,1,0,1,2,24,2,4,1.0,0.0,0.0,0.0,1.0,1.0,21,1,10
45440,16,2,3,10,2,3,0,1,1,1,2,19,2,2,0.0,0.0,0.0,0.0,0.0,3.0,11,1,4
8179,16,2,3,15,2,3,0,1,1,1,1,23,2,2,0.0,0.0,0.0,0.0,0.0,3.0,12,4,1
182610,15,2,3,0,8,3,0,1,1,1,2,26,2,2,0.0,0.0,0.0,0.0,0.0,2.0,9,4,12
75711,16,2,3,10,6,3,0,1,1,1,2,17,2,2,0.0,0.0,0.0,0.0,0.0,2.0,15,2,6
86085,16,2,1,0,2,3,0,1,0,1,2,36,2,4,1.0,0.0,0.0,0.0,1.0,1.0,22,2,6
76530,4,2,3,15,8,3,0,1,1,1,1,36,2,2,0.0,0.0,0.0,0.0,0.0,2.0,12,1,6
21001,16,2,3,17,6,3,0,1,1,1,2,35,2,2,0.0,0.0,0.0,0.0,0.0,2.0,11,2,2
70826,16,2,1,0,15,3,0,1,0,1,2,18,2,2,0.0,0.0,0.0,0.0,0.0,2.0,9,5,5
10759,15,2,3,17,8,3,0,1,1,1,2,24,2,2,0.0,0.0,0.0,0.0,0.0,2.0,16,6,1
34813,15,2,3,17,8,3,0,1,1,1,2,18,2,2,0.0,0.0,0.0,0.0,0.0,2.0,12,3,3
152011,15,7,1,17,2,2,6,1,0,1,2,18,2,2,0.0,0.0,0.0,0.0,0.0,5.0,19,4,10
104403,16,2,3,17,8,3,0,1,1,1,2,36,2,2,0.0,0.0,0.0,0.0,0.0,2.0,17,3,8
155466,16,2,1,17,8,3,0,1,0,1,2,23,2,2,0.0,0.0,0.0,0.0,0.0,3.0,22,1,10
122539,15,2,1,5,8,5,0,1,0,1,0,18,2,3,1.0,0.0,0.0,1.0,0.0,1.0,23,7,9
46009,16,2,1,0,2,3,0,1,0,1,2,18,2,2,0.0,0.0,0.0,0.0,0.0,2.0,20,5,4
71748,16,2,3,0,6,3,0,1,1,1,2,6,2,2,0.0,0.0,0.0,0.0,0.0,2.0,12,6,5
153638,16,7,3,0,8,3,6,1,1,1,2,6,2,2,0.0,0.0,0.0,0.0,0.0,2.0,17,5,10
1151,16,2,1,0,10,3,0,1,0,1,2,6,2,3,1.0,0.0,0.0,1.0,0.0,3.0,23,5,1
186175,16,2,3,9,8,3,0,1,0,1,0,18,2,3,1.0,0.0,0.0,1.0,0.0,1.0,14,5,12
56974,4,2,3,15,8,4,0,1,0,1,2,24,2,2,0.0,0.0,0.0,0.0,0.0,2.0,14,4,5
95048,4,2,1,2,8,3,0,1,0,1,2,22,1,2,0.0,0.0,0.0,0.0,0.0,2.0,0,7,7
8029,16,2,3,15,6,3,5,1,1,1,2,23,2,2,0.0,0.0,0.0,0.0,0.0,2.0,16,5,1
130614,15,2,1,0,8,3,0,1,1,1,2,18,2,2,0.0,0.0,0.0,0.0,0.0,2.0,19,4,9
49166,15,2,3,0,6,3,0,1,0,1,2,5,2,3,3.0,0.0,0.0,3.0,0.0,0.0,10,5,4
10331,16,2,3,10,15,3,0,1,1,1,1,17,2,2,0.0,0.0,0.0,0.0,0.0,3.0,13,6,1
48499,16,2,1,17,6,3,5,5,1,1,1,24,2,2,0.0,0.0,0.0,0.0,0.0,2.0,19,1,4
119307,16,2,1,15,2,3,0,1,1,0,2,36,2,2,0.0,0.0,0.0,0.0,0.0,4.0,21,3,8
133727,15,2,3,0,2,3,0,1,0,1,2,18,2,3,1.0,0.0,0.0,1.0,0.0,4.0,16,3,9
70135,16,2,3,0,6,3,0,1,0,1,2,6,2,3,1.0,0.0,0.0,1.0,0.0,1.0,9,3,5
46948,15,2,4,0,16,4,0,1,1,1,1,36,2,2,0.0,0.0,0.0,0.0,0.0,4.0,18,2,4
133364,15,2,1,0,8,3,0,1,0,1,2,18,2,2,0.0,0.0,0.0,0.0,0.0,2.0,23,5,9
48043,15,2,3,17,8,3,0,1,1,0,2,24,2,2,0.0,0.0,0.0,0.0,0.0,2.0,16,5,4
41441,15,3,3,0,8,3,0,1,1,1,2,18,2,2,0.0,0.0,0.0,0.0,0.0,2.0,7,6,3
61036,16,2,3,15,8,3,0,1,1,1,1,18,2,2,0.0,0.0,0.0,0.0,0.0,2.0,17,4,5
118039,15,2,3,10,8,3,0,5,1,1,1,36,2,2,0.0,0.0,0.0,0.0,0.0,2.0,12,6,8
36149,16,2,3,10,8,3,0,1,1,1,1,17,3,2,0.0,0.0,0.0,0.0,0.0,4.0,17,6,3
158909,16,2,1,15,6,3,0,1,1,1,2,23,2,2,0.0,0.0,0.0,0.0,0.0,3.0,23,6,11
184535,4,7,1,17,6,3,4,1,1,1,0,36,2,2,0.0,0.0,0.0,0.0,0.0,2.0,19,5,12
174644,16,2,1,0,6,3,0,1,0,1,2,6,2,2,0.0,0.0,0.0,0.0,0.0,2.0,6,1,12
143355,15,7,2,7,2,3,6,1,1,1,1,8,2,2,0.0,0.0,0.0,0.0,0.0,5.0,1,3,10
80375,16,2,3,17,8,3,0,1,1,1,2,18,2,2,0.0,0.0,0.0,0.0,0.0,4.0,9,1,6
34804,16,3,3,15,8,3,0,5,1,1,1,36,2,2,0.0,0.0,0.0,0.0,0.0,2.0,8,3,3
41850,15,2,0,15,10,3,0,1,1,1,1,36,2,2,0.0,0.0,0.0,0.0,0.0,3.0,21,6,3
65393,16,2,3,0,2,3,0,1,1,1,2,6,2,2,0.0,0.0,0.0,0.0,0.0,3.0,6,5,5
87461,16,2,3,0,15,3,0,1,0,1,2,6,2,3,1.0,0.0,0.0,1.0,0.0,5.0,15,3,6
123054,4,2,1,17,8,3,0,1,0,1,2,24,2,3,1.0,0.0,0.0,1.0,0.0,1.0,3,1,9
187752,16,7,1,0,6,3,6,1,0,1,2,39,2,2,0.0,0.0,0.0,0.0,0.0,2.0,0,1,12
34934,15,2,3,0,10,3,0,1,1,1,1,24,2,2,0.0,0.0,0.0,0.0,0.0,2.0,14,6,3
83496,16,2,3,17,2,3,0,5,0,1,1,36,4,2,0.0,0.0,0.0,0.0,0.0,2.0,7,4,6
6397,16,10,1,0,8,3,4,1,0,1,1,26,2,3,1.0,0.0,0.0,1.0,0.0,1.0,19,7,1
164325,16,3,3,17,8,3,0,1,0,1,2,18,2,2,0.0,0.0,0.0,0.0,0.0,2.0,8,6,11
146847,16,2,1,0,6,3,0,1,0,1,2,36,2,2,0.0,0.0,0.0,0.0,0.0,2.0,19,4,10
8225,16,2,1,17,8,3,0,1,1,1,2,24,2,2,0.0,0.0,0.0,0.0,0.0,2.0,19,5,1
47452,16,2,3,17,6,3,0,1,1,1,2,24,2,2,0.0,0.0,0.0,0.0,0.0,2.0,16,4,4
16465,16,10,3,10,2,3,4,1,1,1,2,19,2,2,0.0,0.0,0.0,0.0,0.0,2.0,10,1,2
161448,4,2,0,0,8,3,0,5,0,1,2,36,3,4,4.0,0.0,0.0,0.0,4.0,1.0,19,1,11
61665,16,2,1,0,8,3,6,1,1,1,2,36,2,2,0.0,0.0,0.0,0.0,0.0,6.0,22,7,5
178789,16,2,1,17,2,3,0,5,0,1,2,36,2,2,0.0,0.0,0.0,0.0,0.0,2.0,15,5,12
71429,16,2,3,17,6,3,0,1,1,1,1,6,2,2,0.0,0.0,0.0,0.0,0.0,2.0,17,1,5
124049,15,2,3,8,15,3,0,1,0,1,1,38,2,1,1.0,0.0,1.0,0.0,0.0,1.0,17,2,9
148307,15,2,1,0,8,3,0,1,0,1,2,36,2,2,0.0,0.0,0.0,0.0,0.0,2.0,0,2,10
169497,15,2,3,0,2,4,0,1,1,1,2,18,2,2,0.0,0.0,0.0,0.0,0.0,2.0,12,6,11
131723,4,2,3,15,10,3,0,1,1,1,2,23,2,2,0.0,0.0,0.0,0.0,0.0,3.0,13,6,9
143041,16,2,1,17,2,3,0,1,0,1,2,18,2,4,1.0,0.0,0.0,0.0,1.0,2.0,4,7,10
77873,16,2,3,3,6,3,0,1,0,1,2,36,2,2,0.0,0.0,0.0,0.0,0.0,2.0,12,6,6
75495,16,2,3,10,18,3,5,5,1,1,2,36,2,2,0.0,0.0,0.0,0.0,0.0,2.0,12,6,6
152466,16,7,3,10,8,3,6,1,1,1,1,19,2,2,0.0,0.0,0.0,0.0,0.0,2.0,15,2,10
93266,16,7,3,10,8,3,6,1,0,1,2,19,2,3,1.0,0.0,0.0,1.0,0.0,1.0,12,1,7
174294,16,2,3,2,3,3,0,1,1,1,1,15,1,2,0.0,0.0,0.0,0.0,0.0,2.0,12,7,12
44965,16,2,3,15,8,3,0,1,1,1,1,36,2,2,0.0,0.0,0.0,0.0,0.0,4.0,11,6,4
170708,16,2,3,17,8,3,6,1,1,1,2,38,2,2,0.0,0.0,0.0,0.0,0.0,2.0,13,4,11
83053,4,2,3,15,6,3,0,5,0,1,2,23,2,2,0.0,0.0,0.0,0.0,0.0,2.0,13,6,6
110594,16,2,3,17,8,3,0,1,0,1,2,18,2,2,0.0,0.0,0.0,0.0,0.0,2.0,9,5,8
141736,16,2,3,0,8,3,0,1,0,1,2,36,2,2,0.0,0.0,0.0,0.0,0.0,2.0,14,2,10
101996,15,2,1,10,6,3,0,1,1,1,1,36,2,2,0.0,0.0,0.0,0.0,0.0,3.0,0,1,7
31316,4,11,5,0,8,3,5,5,1,1,1,36,2,2,0.0,0.0,0.0,0.0,0.0,2.0,18,3,3
90364,4,2,3,0,6,3,5,5,0,1,2,18,2,3,2.0,0.0,0.0,2.0,0.0,1.0,11,6,7
89289,4,2,3,17,8,3,0,1,0,1,0,36,2,4,1.0,0.0,0.0,0.0,1.0,3.0,15,4,7
98493,16,2,3,0,6,3,0,1,0,1,2,36,2,2,0.0,0.0,0.0,0.0,0.0,2.0,11,4,7
92896,15,2,3,17,6,3,0,1,1,1,2,36,2,2,0.0,0.0,0.0,0.0,0.0,2.0,16,4,7
14501,15,10,2,0,6,3,4,6,0,1,2,5,2,2,0.0,0.0,0.0,0.0,0.0,2.0,5,2,1
5804,16,2,1,0,6,3,5,5,0,1,2,36,2,2,0.0,0.0,0.0,0.0,0.0,3.0,0,4,1
177955,16,7,4,17,8,3,6,5,1,1,1,36,2,2,0.0,0.0,0.0,0.0,0.0,2.0,17,6,12
121392,16,2,3,10,2,3,0,1,0,1,2,36,4,4,1.0,0.0,0.0,0.0,1.0,3.0,8,5,9
137816,16,7,3,17,6,3,6,5,1,1,2,39,2,2,0.0,0.0,0.0,0.0,0.0,2.0,15,5,10
87343,16,2,1,10,2,3,0,1,1,1,2,19,2,2,0.0,0.0,0.0,0.0,0.0,2.0,21,7,6
107360,16,2,3,10,8,3,0,6,1,1,2,36,2,2,0.0,0.0,0.0,0.0,0.0,4.0,7,4,8
145661,4,7,2,7,2,3,6,1,0,1,2,17,2,2,0.0,0.0,0.0,0.0,0.0,2.0,6,7,10
141707,16,2,1,9,2,3,0,1,0,1,2,17,3,1,1.0,0.0,1.0,0.0,0.0,3.0,21,1,10
163763,15,2,3,0,10,3,0,1,0,1,0,18,2,1,1.0,0.0,1.0,0.0,0.0,1.0,14,6,11
6240,16,2,3,10,8,3,0,5,1,1,2,36,2,2,0.0,0.0,0.0,0.0,0.0,4.0,15,5,1
99612,16,2,1,2,6,3,0,1,1,1,2,30,2,2,0.0,0.0,0.0,0.0,0.0,1.0,3,1,7
100348,4,2,3,10,8,3,0,1,1,1,2,17,2,2,0.0,0.0,0.0,0.0,0.0,4.0,17,5,7
139,15,10,1,10,2,3,6,1,0,1,2,16,2,2,0.0,0.0,0.0,0.0,0.0,2.0,6,3,1
29617,16,2,3,7,8,3,0,1,0,1,2,24,2,2,0.0,0.0,0.0,0.0,0.0,1.0,7,7,3
99962,16,2,3,10,8,3,0,5,1,1,1,36,3,2,0.0,0.0,0.0,0.0,0.0,3.0,12,6,7
35325,16,2,3,17,8,3,0,1,1,1,2,19,2,2,0.0,0.0,0.0,0.0,0.0,3.0,16,5,3
96869,16,2,1,8,8,3,0,1,1,1,2,22,2,2,0.0,0.0,0.0,0.0,0.0,2.0,20,1,7
82029,16,2,3,0,6,3,0,1,0,1,2,36,3,3,3.0,0.0,0.0,3.0,0.0,1.0,10,4,6
132538,16,2,3,17,8,3,0,1,0,1,2,28,2,2,0.0,0.0,0.0,0.0,0.0,7.0,14,7,9
96842,16,2,3,17,6,4,0,1,0,1,2,6,2,1,1.0,0.0,1.0,0.0,0.0,1.0,16,1,7
3475,16,2,3,9,8,3,0,1,0,1,1,18,2,4,1.0,0.0,0.0,0.0,1.0,1.0,8,2,1
158158,17,11,5,17,17,3,5,5,1,1,2,36,2,2,0.0,0.0,0.0,0.0,0.0,2.0,7,2,11
21908,4,2,3,10,6,3,0,1,0,1,2,36,2,1,1.0,0.0,1.0,0.0,0.0,1.0,15,3,2
62513,15,3,3,0,6,3,6,1,1,1,1,18,2,2,0.0,0.0,0.0,0.0,0.0,3.0,12,7,5