crash_date,               traffic_control_device,weather_condition,lighting_condition,first_crash_type,trafficway_type,alignment,roadway_surface_cond,road_defect,crash_type,intersection_related_i,damage,prim_contributory_cause,num_units,most_severe_injury,injuries_total,injuries_fatal,injuries_incapacitating,injuries_non_incapacitating,injuries_reported_not_evident,injuries_no_indication,crash_hour,crash_day_of_week,crash_month
85241,18,2,3,17,2,3,0,1,0,1,2,17,2,3,1.0,0.0,0.0,1.0,0.0,1.0,16,3,6
148544,16,2,3,8,6,3,0,1,0,1,0,24,2,4,1.0,0.0,0.0,0.0,1.0,1.0,15,7,10
36536,16,2,1,17,2,3,0,1,1,1,2,36,2,2,0.0,0.0,0.0,0.0,0.0,2.0,6,6,3
69888,16,3,3,15,10,3,6,1,1,0,2,36,2,2,0.0,0.0,0.0,0.0,0.0,4.0,15,6,5
161668,16,2,3,15,8,3,0,1,1,1,0,36,2,2,0.0,0.0,0.0,0.0,0.0,2.0,13,6,11
31685,16,2,3,17,6,3,0,1,1,0,2,17,2,2,0.0,0.0,0.0,0.0,0.0,2.0,14,3,3
57026,15,7,3,17,1,3,6,1,1,1,2,12,2,2,0.0,0.0,0.0,0.0,0.0,2.0,16,5,5
142490,15,7,3,17,15,3,6,1,1,1,2,18,2,2,0.0,0.0,0.0,0.0,0.0,4.0,2,7,10
26388,4,5,3,0,8,3,4,1,1,1,2,18,2,2,0.0,0.0,0.0,0.0,0.0,2.0,9,3,2
140257,17,2,5,9,8,3,5,5,0,1,2,26,2,3,1.0,0.0,0.0,1.0,0.0,1.0,18,4,10
18425,16,2,0,10,8,3,0,5,1,1,2,19,2,2,0.0,0.0,0.0,0.0,0.0,4.0,21,6,2
15475,16,2,1,0,2,3,5,1,0,1,2,36,2,4,1.0,0.0,0.0,0.0,1.0,1.0,20,4,2
68141,16,2,1,17,2,3,0,1,1,1,0,19,2,2,0.0,0.0,0.0,0.0,0.0,2.0,20,5,5
35059,17,2,1,10,5,3,0,1,0,1,2,36,2,2,0.0,0.0,0.0,0.0,0.0,2.0,1,2,3
135564,4,2,1,0,6,3,0,1,0,1,2,36,2,3,1.0,0.0,0.0,1.0,0.0,1.0,3,1,9
34798,16,2,3,0,2,3,0,1,1,1,0,18,2,2,0.0,0.0,0.0,0.0,0.0,2.0,17,3,3
66531,15,2,3,9,10,3,0,1,0,1,2,36,2,3,1.0,0.0,0.0,1.0,0.0,1.0,14,1,5
6552,4,2,3,10,8,3,0,1,1,1,2,19,2,2,0.0,0.0,0.0,0.0,0.0,2.0,16,1,1
168560,16,2,3,15,6,3,0,1,1,1,2,22,2,2,0.0,0.0,0.0,0.0,0.0,2.0,14,7,11
139343,4,2,3,0,8,3,0,1,1,1,2,36,2,2,0.0,0.0,0.0,0.0,0.0,4.0,20,3,10
36965,16,2,3,0,6,3,0,1,0,1,2,6,2,2,0.0,0.0,0.0,0.0,0.0,3.0,13,7,3
77728,16,7,3,17,3,3,6,1,1,1,2,6,3,2,0.0,0.0,0.0,0.0,0.0,3.0,13,4,6
188203,16,2,0,0,8,3,0,1,0,1,2,6,2,2,0.0,0.0,0.0,0.0,0.0,2.0,20,1,12
115430,16,2,3,0,6,3,0,1,0,1,2,36,2,3,1.0,0.0,0.0,1.0,0.0,3.0,17,2,8
102106,16,3,3,17,8,3,0,1,1,1,2,22,2,2,0.0,0.0,0.0,0.0,0.0,2.0,7,4,7
8290,16,10,1,17,15,3,4,1,0,1,2,24,2,3,1.0,0.0,0.0,1.0,0.0,1.0,19,6,1
173591,16,2,3,0,6,3,0,1,0,1,2,36,2,1,2.0,0.0,2.0,0.0,0.0,0.0,11,7,12
171143,16,2,3,10,3,3,0,3,1,1,1,19,2,2,0.0,0.0,0.0,0.0,0.0,2.0,12,3,11
93537,15,2,1,15,8,3,0,1,0,1,2,28,2,3,1.0,0.0,0.0,1.0,0.0,1.0,21,5,7
96209,15,2,1,8,2,3,0,5,0,1,0,5,2,4,1.0,0.0,0.0,0.0,1.0,2.0,21,4,7
166980,16,9,1,17,8,3,4,1,0,1,2,36,2,3,3.0,0.0,0.0,3.0,0.0,0.0,22,4,11
170468,16,2,1,17,6,3,0,5,0,1,2,36,2,2,0.0,0.0,0.0,0.0,0.0,4.0,21,1,11
136553,16,2,3,17,11,3,0,1,0,1,2,18,2,2,0.0,0.0,0.0,0.0,0.0,2.0,7,6,9
27269,16,2,3,10,8,3,0,1,0,1,2,30,2,3,1.0,0.0,0.0,1.0,0.0,1.0,11,3,2
11575,16,2,3,0,2,3,6,1,0,1,2,16,2,4,1.0,0.0,0.0,0.0,1.0,2.0,10,5,1
101923,17,2,0,10,8,3,0,1,1,0,0,19,2,2,0.0,0.0,0.0,0.0,0.0,2.0,22,7,7
172488,16,2,3,10,8,3,0,1,1,1,2,17,2,2,0.0,0.0,0.0,0.0,0.0,2.0,11,4,12
4864,16,10,2,0,6,3,0,1,0,1,2,39,2,4,2.0,0.0,0.0,0.0,2.0,0.0,6,6,1
117408,16,2,3,15,15,3,0,5,1,1,2,22,2,2,0.0,0.0,0.0,0.0,0.0,3.0,15,4,8
188273,16,3,3,0,8,3,6,1,1,1,1,18,2,2,0.0,0.0,0.0,0.0,0.0,4.0,11,2,12
183396,16,3,3,17,10,3,0,1,1,1,0,36,2,2,0.0,0.0,0.0,0.0,0.0,2.0,15,3,12
142652,15,2,1,0,6,3,0,1,1,0,2,36,2,2,0.0,0.0,0.0,0.0,0.0,4.0,0,2,10
10484,16,2,1,10,8,3,0,1,1,1,2,19,2,2,0.0,0.0,0.0,0.0,0.0,3.0,7,1,1
188673,15,7,0,17,3,3,6,1,1,1,2,12,2,2,0.0,0.0,0.0,0.0,0.0,4.0,17,2,12
70107,15,7,3,0,6,3,6,1,1,1,2,36,2,2,0.0,0.0,0.0,0.0,0.0,2.0,17,3,5
85276,16,7,3,10,8,3,6,1,1,1,2,36,2,2,0.0,0.0,0.0,0.0,0.0,2.0,8,3,6
5032,16,2,1,10,8,3,0,1,1,1,1,8,2,2,0.0,0.0,0.0,0.0,0.0,3.0,18,6,1
73528,16,2,3,15,2,3,0,1,1,1,2,18,2,2,0.0,0.0,0.0,0.0,0.0,5.0,13,5,6
81774,15,2,3,0,8,3,0,1,1,1,2,18,2,2,0.0,0.0,0.0,0.0,0.0,2.0,15,7,6
20107,4,2,1,10,3,3,0,1,1,1,1,19,2,2,0.0,0.0,0.0,0.0,0.0,2.0,18,6,2
109616,4,2,3,0,2,3,0,1,0,1,2,36,2,3,1.0,0.0,0.0,1.0,0.0,1.0,17,5,8
16793,16,2,0,11,8,3,0,1,0,1,2,17,2,2,0.0,0.0,0.0,0.0,0.0,4.0,3,1,2
96674,16,2,3,15,8,3,0,1,1,1,1,18,2,2,0.0,0.0,0.0,0.0,0.0,2.0,9,4,7
38411,16,2,1,17,8,3,0,1,0,1,2,23,3,3,5.0,0.0,0.0,1.0,4.0,1.0,20,6,3
124747,16,2,3,10,2,3,0,1,1,1,0,19,2,2,0.0,0.0,0.0,0.0,0.0,2.0,7,5,9
90749,16,2,3,17,2,3,0,1,0,1,2,18,2,4,1.0,0.0,0.0,0.0,1.0,1.0,10,4,7
85242,16,3,3,9,3,3,0,1,0,1,2,12,2,1,1.0,0.0,1.0,0.0,0.0,1.0,16,3,6
59382,15,2,3,0,6,3,0,1,0,0,2,18,2,2,0.0,0.0,0.0,0.0,0.0,2.0,17,1,5
119863,16,2,1,0,6,3,0,5,0,1,2,3,2,3,2.0,0.0,0.0,1.0,1.0,0.0,23,4,8
147529,15,2,3,17,8,3,5,5,1,1,2,18,2,2,0.0,0.0,0.0,0.0,0.0,2.0,14,5,10
145383,16,2,1,10,8,3,0,5,0,1,1,36,2,4,1.0,0.0,0.0,0.0,1.0,1.0,20,2,10
70070,15,2,1,9,15,3,0,1,1,1,2,5,2,2,0.0,0.0,0.0,0.0,0.0,2.0,23,1,5
54723,15,2,3,17,11,3,0,1,1,1,1,18,2,2,0.0,0.0,0.0,0.0,0.0,2.0,15,3,4
151708,16,3,3,10,6,3,0,1,1,1,0,19,2,2,0.0,0.0,0.0,0.0,0.0,2.0,16,6,10
7901,16,10,3,0,8,3,6,5,1,1,2,13,2,2,0.0,0.0,0.0,0.0,0.0,2.0,10,1,1
3701,16,7,1,10,6,3,6,5,1,1,2,17,2,2,0.0,0.0,0.0,0.0,0.0,3.0,23,7,1
43605,16,7,3,0,6,3,6,1,1,1,2,3,2,2,0.0,0.0,0.0,0.0,0.0,2.0,12,4,4
46919,16,2,3,0,6,3,0,1,1,1,2,12,2,2,0.0,0.0,0.0,0.0,0.0,3.0,10,1,4
80734,16,2,3,8,6,3,0,1,0,1,0,18,2,3,1.0,0.0,0.0,1.0,0.0,1.0,18,6,6
26644,16,2,1,15,6,3,0,1,1,1,1,22,2,2,0.0,0.0,0.0,0.0,0.0,4.0,20,1,2
51122,16,2,3,15,11,3,0,1,1,1,1,12,2,2,0.0,0.0,0.0,0.0,0.0,2.0,8,5,4
72406,15,2,1,0,10,3,0,5,1,1,0,36,2,2,0.0,0.0,0.0,0.0,0.0,2.0,22,7,6
36958,16,2,3,15,8,3,0,1,1,1,2,36,2,2,0.0,0.0,0.0,0.0,0.0,2.0,11,6,3
68855,4,2,3,10,2,3,0,1,1,0,1,19,2,2,0.0,0.0,0.0,0.0,0.0,2.0,13,4,5
57056,16,2,1,10,3,3,0,1,1,1,1,36,2,2,0.0,0.0,0.0,0.0,0.0,4.0,20,5,5
16050,16,10,0,17,10,3,4,5,1,1,2,36,2,2,0.0,0.0,0.0,0.0,0.0,2.0,23,7,2
50225,16,2,3,3,6,3,0,1,0,1,2,10,2,2,0.0,0.0,0.0,0.0,0.0,3.0,15,5,4
68025,16,2,3,17,8,3,0,1,1,1,2,23,2,2,0.0,0.0,0.0,0.0,0.0,2.0,14,6,5
48071,4,2,3,17,11,3,0,1,1,1,2,18,2,2,0.0,0.0,0.0,0.0,0.0,2.0,7,6,4
153914,16,2,3,9,2,3,0,1,0,1,2,38,2,3,1.0,0.0,0.0,1.0,0.0,3.0,13,1,10
163121,16,2,3,10,8,3,0,1,1,1,2,19,2,2,0.0,0.0,0.0,0.0,0.0,2.0,6,4,11
111195,15,2,1,0,8,3,0,1,1,1,2,18,2,2,0.0,0.0,0.0,0.0,0.0,6.0,21,7,8
77535,16,2,1,10,1,3,0,1,0,1,2,17,2,3,1.0,0.0,0.0,1.0,0.0,1.0,1,3,6
161002,16,2,1,0,8,3,0,1,0,1,2,6,2,2,0.0,0.0,0.0,0.0,0.0,5.0,18,1,11
144279,16,2,2,17,6,3,0,1,1,1,0,24,2,2,0.0,0.0,0.0,0.0,0.0,2.0,7,2,10
151159,16,2,3,10,8,3,0,1,1,1,2,28,2,2,0.0,0.0,0.0,0.0,0.0,2.0,11,5,10
164563,15,11,5,0,6,3,5,5,1,1,1,5,2,2,0.0,0.0,0.0,0.0,0.0,2.0,17,4,11
133871,4,2,1,7,8,3,0,1,0,1,2,36,2,2,0.0,0.0,0.0,0.0,0.0,1.0,3,6,9
19112,16,7,1,17,2,3,6,1,1,1,2,24,2,2,0.0,0.0,0.0,0.0,0.0,2.0,6,5,2
38410,4,10,3,0,10,3,4,1,0,1,2,36,2,2,0.0,0.0,0.0,0.0,0.0,2.0,8,6,3
174737,16,2,3,17,3,3,0,1,1,1,2,24,2,2,0.0,0.0,0.0,0.0,0.0,2.0,13,3,12
14441,16,2,3,10,8,3,4,5,1,1,2,19,2,2,0.0,0.0,0.0,0.0,0.0,2.0,15,1,1
10297,16,2,1,10,6,3,0,5,1,1,2,17,3,2,0.0,0.0,0.0,0.0,0.0,4.0,19,5,1
185065,16,11,3,17,6,3,4,5,1,1,2,36,2,2,0.0,0.0,0.0,0.0,0.0,2.0,12,6,12
148766,4,7,3,10,2,3,6,1,1,1,2,19,2,2,0.0,0.0,0.0,0.0,0.0,2.0,12,7,10
119779,16,2,3,17,8,3,0,1,1,1,2,26,2,2,0.0,0.0,0.0,0.0,0.0,2.0,9,3,8
106107,16,2,3,0,6,3,0,5,0,1,1,18,2,2,0.0,0.0,0.0,0.0,0.0,3.0,19,1,8
64217,4,2,3,17,8,3,0,5,1,0,2,18,4,2,0.0,0.0,0.0,0.0,0.0,6.0,18,6,5
118496,11,2,3,9,8,3,0,1,0,1,0,26,2,3,1.0,0.0,0.0,1.0,0.0,1.0,17,6,8
137812,4,7,3,10,8,3,6,1,1,1,2,36,2,2,0.0,0.0,0.0,0.0,0.0,2.0,15,5,10
84457,16,7,3,2,8,3,6,1,0,1,1,36,1,2,0.0,0.0,0.0,0.0,0.0,1.0,16,5,6
142520,4,2,3,7,10,3,0,1,0,0,2,36,2,2,0.0,0.0,0.0,0.0,0.0,1.0,18,7,10
24143,15,2,3,0,15,3,0,1,0,1,2,18,3,3,2.0,0.0,0.0,2.0,0.0,2.0,16,5,2
32147,16,7,0,17,5,3,6,1,0,1,2,6,3,2,0.0,0.0,0.0,0.0,0.0,4.0,21,2,3
110325,4,2,3,17,6,3,0,1,1,1,2,24,2,2,0.0,0.0,0.0,0.0,0.0,2.0,18,2,8
93392,16,2,3,17,15,3,0,1,0,1,2,6,2,2,0.0,0.0,0.0,0.0,0.0,2.0,14,5,7
132488,16,2,3,15,8,3,0,6,1,1,0,36,2,2,0.0,0.0,0.0,0.0,0.0,2.0,18,6,9
90985,17,2,3,10,8,3,0,1,0,1,1,19,2,3,1.0,0.0,0.0,1.0,0.0,1.0,10,7,7
136622,4,2,1,3,2,3,0,1,0,1,2,34,2,3,4.0,0.0,0.0,1.0,3.0,0.0,19,7,9
8795,18,10,0,0,2,3,4,1,1,0,1,18,2,2,0.0,0.0,0.0,0.0,0.0,2.0,22,6,1
34318,16,2,3,17,2,3,0,1,0,1,1,18,2,4,1.0,0.0,0.0,0.0,1.0,1.0,9,2,3
59897,16,2,3,17,6,3,0,1,0,1,2,24,2,3,1.0,0.0,0.0,1.0,0.0,3.0,8,2,5
100908,16,2,3,17,2,3,0,1,1,1,2,36,2,2,0.0,0.0,0.0,0.0,0.0,2.0,7,6,7
7363,16,2,3,17,3,3,6,1,0,1,2,18,2,2,0.0,0.0,0.0,0.0,0.0,2.0,8,7,1
124478,16,3,3,10,8,3,0,1,0,1,2,19,2,2,0.0,0.0,0.0,0.0,0.0,2.0,16,7,9
183425,16,2,3,10,6,3,0,1,1,1,2,19,2,2,0.0,0.0,0.0,0.0,0.0,2.0,8,3,12
151172,15,2,3,17,6,3,0,1,0,1,2,18,3,3,1.0,0.0,0.0,1.0,0.0,3.0,14,7,10
88677,16,7,1,0,2,3,6,1,0,1,2,6,2,1,2.0,0.0,1.0,1.0,0.0,3.0,3,1,7
79486,16,7,3,10,8,3,6,1,1,1,1,19,2,2,0.0,0.0,0.0,0.0,0.0,5.0,18,7,6
128985,16,2,3,17,2,3,0,1,0,1,2,18,2,3,1.0,0.0,0.0,1.0,0.0,1.0,10,7,9
149596,15,2,1,8,8,3,0,5,0,1,2,18,2,3,1.0,0.0,0.0,1.0,0.0,1.0,18,7,10
146158,15,2,1,0,6,3,0,1,0,1,2,18,3,2,0.0,0.0,0.0,0.0,0.0,4.0,22,7,10
77393,4,2,3,17,2,3,0,5,1,0,2,18,2,2,0.0,0.0,0.0,0.0,0.0,2.0,11,6,6
107237,16,2,1,17,3,3,0,1,0,1,2,24,2,3,2.0,0.0,0.0,2.0,0.0,0.0,23,2,8
31804,15,7,3,0,8,3,6,1,1,1,2,36,2,2,0.0,0.0,0.0,0.0,0.0,2.0,13,6,3
24780,4,2,3,0,8,3,0,1,1,1,2,18,2,2,0.0,0.0,0.0,0.0,0.0,2.0,18,4,2
139254,16,2,3,0,6,3,0,1,0,1,2,36,2,4,1.0,0.0,0.0,0.0,1.0,1.0,11,3,10
104733,15,2,0,10,8,3,0,1,1,1,2,19,2,2,0.0,0.0,0.0,0.0,0.0,2.0,11,6,8
91736,4,2,1,17,19,3,0,1,1,1,2,23,4,2,0.0,0.0,0.0,0.0,0.0,10.0,3,6,7
40119,16,3,2,10,3,3,0,1,1,1,2,19,2,2,0.0,0.0,0.0,0.0,0.0,2.0,6,3,3
152797,16,2,1,10,8,3,6,1,1,1,1,36,2,2,0.0,0.0,0.0,0.0,0.0,2.0,6,5,10
126439,16,7,3,10,3,3,6,1,1,1,2,36,2,2,0.0,0.0,0.0,0.0,0.0,2.0,14,2,9
57076,16,2,3,15,8,3,0,1,1,1,1,36,2,2,0.0,0.0,0.0,0.0,0.0,2.0,12,5,5
6592,15,2,3,10,8,3,0,1,1,1,2,19,2,2,0.0,0.0,0.0,0.0,0.0,2.0,13,2,1
169867,15,2,3,0,6,3,0,1,1,1,2,18,2,2,0.0,0.0,0.0,0.0,0.0,3.0,8,5,11
46548,16,2,3,17,6,3,0,1,0,1,2,18,2,2,0.0,0.0,0.0,0.0,0.0,3.0,6,1,4
12663,2,2,3,17,16,3,0,1,0,1,2,18,2,3,2.0,0.0,0.0,2.0,0.0,0.0,15,4,1
24406,4,2,3,0,6,3,0,1,0,1,2,36,2,2,0.0,0.0,0.0,0.0,0.0,3.0,9,3,2
26566,16,2,3,0,8,3,6,1,1,1,2,6,2,2,0.0,0.0,0.0,0.0,0.0,3.0,8,7,2
156117,16,2,3,15,6,4,0,1,1,1,1,36,2,2,0.0,0.0,0.0,0.0,0.0,3.0,11,3,11
180132,16,2,1,10,8,3,0,1,1,1,1,21,2,2,0.0,0.0,0.0,0.0,0.0,2.0,0,5,12
99127,16,2,3,0,6,3,0,1,0,1,2,6,2,2,0.0,0.0,0.0,0.0,0.0,2.0,7,7,7
42701,16,2,3,10,6,3,0,1,1,1,2,17,2,2,0.0,0.0,0.0,0.0,0.0,4.0,8,2,4
64724,16,2,3,15,8,3,0,1,1,1,2,36,2,2,0.0,0.0,0.0,0.0,0.0,5.0,18,7,5
31727,4,2,3,17,6,3,0,1,1,1,2,24,2,2,0.0,0.0,0.0,0.0,0.0,2.0,9,3,3
102374,16,2,3,17,8,3,0,1,0,1,2,18,2,1,1.0,0.0,1.0,0.0,0.0,2.0,14,7,7
144508,18,7,4,0,8,3,6,1,1,0,2,39,2,2,0.0,0.0,0.0,0.0,0.0,2.0,10,5,10
19303,15,2,1,0,2,3,5,5,1,1,1,18,2,2,0.0,0.0,0.0,0.0,0.0,4.0,20,7,2
145351,15,2,3,0,8,3,0,5,1,1,2,36,2,2,0.0,0.0,0.0,0.0,0.0,2.0,14,2,10
107736,15,2,3,0,8,3,0,1,0,1,2,18,2,2,0.0,0.0,0.0,0.0,0.0,2.0,6,3,8
39693,16,2,3,15,3,3,5,5,1,1,0,12,2,2,0.0,0.0,0.0,0.0,0.0,3.0,16,2,3
130752,16,11,5,15,8,3,5,5,1,1,1,23,2,2,0.0,0.0,0.0,0.0,0.0,4.0,17,4,9
138983,16,3,3,17,6,3,6,1,1,1,2,36,2,2,0.0,0.0,0.0,0.0,0.0,2.0,9,5,10
83627,16,11,3,10,6,3,5,5,1,1,1,36,2,2,0.0,0.0,0.0,0.0,0.0,2.0,8,7,6
56154,4,7,3,17,8,3,6,1,1,1,1,36,2,2,0.0,0.0,0.0,0.0,0.0,2.0,7,4,5
92572,4,2,3,8,8,3,0,1,1,1,2,36,2,2,0.0,0.0,0.0,0.0,0.0,3.0,9,4,7
183168,4,2,3,0,8,3,0,1,1,1,2,17,2,2,0.0,0.0,0.0,0.0,0.0,2.0,8,5,12
181225,16,7,3,0,3,3,6,1,0,1,2,18,2,2,0.0,0.0,0.0,0.0,0.0,4.0,12,7,12
76969,16,11,3,17,6,3,5,5,1,1,1,36,2,2,0.0,0.0,0.0,0.0,0.0,5.0,16,7,6
510,16,11,4,10,10,3,5,5,1,1,1,19,2,2,0.0,0.0,0.0,0.0,0.0,2.0,7,7,1
31746,16,2,3,2,6,3,0,1,0,1,2,26,1,3,1.0,0.0,0.0,1.0,0.0,0.0,12,3,3
141597,16,2,3,10,8,3,0,1,0,1,2,30,2,4,2.0,0.0,0.0,0.0,2.0,2.0,7,2,10
94033,16,2,3,17,10,3,0,1,1,1,0,24,2,2,0.0,0.0,0.0,0.0,0.0,2.0,14,6,7
173118,17,2,2,7,8,3,0,5,1,0,2,26,2,2,0.0,0.0,0.0,0.0,0.0,2.0,15,7,12
125472,15,2,1,0,8,3,0,4,0,1,2,36,2,1,4.0,0.0,4.0,0.0,0.0,1.0,5,7,9
112795,4,2,3,17,2,3,0,1,0,1,2,36,2,1,2.0,0.0,1.0,1.0,0.0,1.0,12,3,8
107574,16,7,1,17,6,3,6,1,0,1,1,36,2,2,0.0,0.0,0.0,0.0,0.0,5.0,23,1,8
14676,15,2,1,0,10,3,0,5,0,1,2,5,2,3,2.0,0.0,0.0,2.0,0.0,1.0,21,4,1
115165,16,2,3,15,2,3,0,1,1,1,1,36,2,2,0.0,0.0,0.0,0.0,0.0,3.0,17,4,8
110179,15,2,3,0,6,3,0,1,0,1,2,18,2,2,0.0,0.0,0.0,0.0,0.0,2.0,15,6,8
151459,16,2,3,7,8,3,0,1,1,1,2,23,2,2,0.0,0.0,0.0,0.0,0.0,1.0,15,5,10
80703,4,2,3,0,8,3,0,1,1,1,2,36,2,2,0.0,0.0,0.0,0.0,0.0,2.0,12,5,6
187020,15,9,3,2,10,3,4,1,0,1,2,39,1,1,1.0,0.0,1.0,0.0,0.0,0.0,9,2,12
174399,15,3,3,0,8,3,0,5,1,1,2,21,2,2,0.0,0.0,0.0,0.0,0.0,2.0,13,4,12
187732,16,7,1,2,6,3,6,1,0,1,2,37,1,3,1.0,0.0,0.0,1.0,0.0,0.0,21,1,12
141973,16,2,3,10,2,3,6,1,0,1,2,36,2,2,0.0,0.0,0.0,0.0,0.0,3.0,8,6,10
39666,15,7,3,0,6,3,6,1,0,1,2,36,2,2,0.0,0.0,0.0,0.0,0.0,3.0,12,7,3
29990,16,2,3,10,16,3,0,1,1,1,2,22,2,2,0.0,0.0,0.0,0.0,0.0,4.0,12,7,3
92994,16,2,3,17,8,3,0,1,0,1,2,23,3,2,0.0,0.0,0.0,0.0,0.0,2.0,8,3,7
108685,16,2,0,0,8,3,0,1,0,1,2,6,2,3,2.0,0.0,0.0,1.0,1.0,1.0,20,6,8
17981,16,2,3,17,6,3,0,1,0,1,2,22,2,2,0.0,0.0,0.0,0.0,0.0,2.0,13,6,2
80365,4,2,3,10,2,3,0,1,1,1,2,19,2,2,0.0,0.0,0.0,0.0,0.0,2.0,19,1,6
163926,4,3,0,17,6,3,5,5,1,1,2,36,2,2,0.0,0.0,0.0,0.0,0.0,2.0,19,2,11
22206,16,2,0,9,11,3,0,1,0,1,0,9,2,4,1.0,0.0,0.0,0.0,1.0,1.0,18,7,2
118725,16,2,3,17,6,3,0,1,1,1,1,24,2,2,0.0,0.0,0.0,0.0,0.0,2.0,11,2,8
67927,16,2,3,15,8,3,0,1,1,1,2,23,2,2,0.0,0.0,0.0,0.0,0.0,2.0,17,3,5
1781,16,2,3,17,6,3,0,1,1,1,2,36,2,2,0.0,0.0,0.0,0.0,0.0,2.0,12,3,1
160889,4,2,1,17,2,3,0,1,1,1,1,36,2,2,0.0,0.0,0.0,0.0,0.0,5.0,20,6,11
128088,16,2,1,0,2,3,0,1,0,1,2,6,2,2,0.0,0.0,0.0,0.0,0.0,2.0,23,3,9
54272,15,2,3,0,8,3,0,1,1,1,2,36,2,2,0.0,0.0,0.0,0.0,0.0,2.0,17,3,4
157137,15,2,3,0,8,3,0,1,1,1,2,36,2,2,0.0,0.0,0.0,0.0,0.0,2.0,14,4,11
144673,4,2,1,17,8,3,0,1,1,1,2,36,2,2,0.0,0.0,0.0,0.0,0.0,2.0,19,6,10
64965,15,2,3,0,8,3,0,1,1,1,2,18,2,2,0.0,0.0,0.0,0.0,0.0,2.0,7,5,5
53331,16,7,3,10,8,3,6,1,0,1,1,39,2,4,1.0,0.0,0.0,0.0,1.0,2.0,6,3,4
22867,16,2,3,10,2,3,0,1,1,1,1,19,2,2,0.0,0.0,0.0,0.0,0.0,2.0,11,5,2
113637,16,2,1,15,2,3,0,1,1,1,2,24,2,2,0.0,0.0,0.0,0.0,0.0,2.0,22,1,8
176368,15,2,3,8,6,3,0,1,0,1,2,5,2,3,1.0,0.0,0.0,1.0,0.0,2.0,16,6,12
51,15,2,1,10,8,3,0,5,1,1,2,19,2,2,0.0,0.0,0.0,0.0,0.0,3.0,2,2,1
54377,16,3,3,17,6,3,5,5,1,1,1,36,2,2,0.0,0.0,0.0,0.0,0.0,2.0,12,4,4
172590,16,11,3,0,10,3,6,5,0,1,2,6,2,2,0.0,0.0,0.0,0.0,0.0,5.0,16,6,12
94814,16,2,1,3,1,3,0,1,0,1,2,36,2,2,0.0,0.0,0.0,0.0,0.0,2.0,1,5,7
36812,15,2,3,17,8,3,0,1,1,1,2,24,2,2,0.0,0.0,0.0,0.0,0.0,2.0,17,3,3
186188,15,2,1,17,6,3,0,1,0,1,2,5,2,1,1.0,0.0,1.0,0.0,0.0,3.0,17,5,12
181482,15,2,3,15,3,3,0,1,1,1,0,24,2,2,0.0,0.0,0.0,0.0,0.0,2.0,7,3,12
1556,15,2,3,0,8,3,0,1,0,1,2,5,3,2,0.0,0.0,0.0,0.0,0.0,8.0,13,6,1
37078,15,2,3,0,3,3,0,1,0,1,2,18,2,2,0.0,0.0,0.0,0.0,0.0,3.0,11,1,3
128611,16,2,3,10,2,4,0,5,1,1,2,17,3,2,0.0,0.0,0.0,0.0,0.0,3.0,12,3,9
38539,16,2,1,17,8,3,0,1,1,1,2,22,2,2,0.0,0.0,0.0,0.0,0.0,2.0,22,6,3
15685,16,2,1,10,8,3,4,1,1,1,1,21,2,2,0.0,0.0,0.0,0.0,0.0,2.0,16,7,2
147131,15,2,3,0,6,3,0,5,0,1,2,5,2,2,0.0,0.0,0.0,0.0,0.0,2.0,16,7,10
174678,16,7,3,7,6,3,6,1,1,1,2,28,2,2,0.0,0.0,0.0,0.0,0.0,1.0,12,1,12
35597,15,5,0,10,6,3,6,1,1,0,2,17,2,2,0.0,0.0,0.0,0.0,0.0,4.0,0,3,3
72980,4,2,3,0,8,3,0,1,1,1,0,36,2,2,0.0,0.0,0.0,0.0,0.0,2.0,7,2,6
26453,15,2,3,0,6,3,5,1,1,1,1,36,2,2,0.0,0.0,0.0,0.0,0.0,2.0,3,6,2
177840,16,2,3,10,2,3,0,1,1,1,1,19,3,2,0.0,0.0,0.0,0.0,0.0,4.0,10,3,12
86137,15,2,3,17,19,3,0,1,0,1,2,12,2,2,0.0,0.0,0.0,0.0,0.0,3.0,9,3,6
175731,16,2,1,8,15,3,0,1,1,1,0,18,2,2,0.0,0.0,0.0,0.0,0.0,2.0,16,3,12
145088,17,7,3,6,8,3,6,5,0,1,2,18,3,2,0.0,0.0,0.0,0.0,0.0,2.0,7,6,10
77499,18,2,1,10,18,2,5,5,1,1,0,19,2,2,0.0,0.0,0.0,0.0,0.0,2.0,20,1,6
44820,16,2,3,0,6,3,0,1,0,1,2,23,2,3,4.0,0.0,0.0,4.0,0.0,0.0,13,5,4
148627,15,2,3,0,8,3,0,1,1,1,2,5,2,2,0.0,0.0,0.0,0.0,0.0,2.0,6,5,10
145453,4,2,1,10,8,3,0,1,1,1,2,19,2,2,0.0,0.0,0.0,0.0,0.0,2.0,21,4,10
167460,16,2,1,0,8,3,0,1,1,1,2,18,2,2,0.0,0.0,0.0,0.0,0.0,2.0,19,3,11
164350,16,2,3,15,3,3,0,1,1,0,2,23,2,2,0.0,0.0,0.0,0.0,0.0,2.0,12,6,11
3020,16,7,3,17,8,3,6,1,1,1,2,18,2,2,0.0,0.0,0.0,0.0,0.0,2.0,15,2,1
149963,16,7,3,10,8,3,6,1,0,1,1,36,2,4,3.0,0.0,0.0,0.0,3.0,1.0,12,3,10
39520,16,2,3,17,15,3,5,5,1,1,2,36,2,2,0.0,0.0,0.0,0.0,0.0,2.0,7,5,3