crash_date,               traffic_control_device,weather_condition,lighting_condition,first_crash_type,trafficway_type,alignment,roadway_surface_cond,road_defect,crash_type,intersection_related_i,damage,prim_contributory_cause,num_units,most_severe_injury,injuries_total,injuries_fatal,injuries_incapacitating,injuries_non_incapacitating,injuries_reported_not_evident,injuries_no_indication,crash_hour,crash_day_of_week,crash_month
185702,16,3,3,17,3,4,6,5,1,1,2,36,2,2,0.0,0.0,0.0,0.0,0.0,4.0,12,1,12
114975,16,2,3,15,8,3,0,1,1,1,1,36,2,2,0.0,0.0,0.0,0.0,0.0,2.0,15,2,8
117170,15,2,3,0,6,3,0,1,1,1,2,18,2,2,0.0,0.0,0.0,0.0,0.0,2.0,7,1,8
63015,4,2,4,17,8,3,5,5,1,1,2,24,2,2,0.0,0.0,0.0,0.0,0.0,2.0,19,1,5
50873,16,2,3,17,8,3,0,1,0,1,2,18,3,3,3.0,0.0,0.0,3.0,0.0,1.0,16,7,4
3440,16,2,3,10,1,3,0,1,1,1,2,19,4,2,0.0,0.0,0.0,0.0,0.0,5.0,14,2,1
63470,16,2,3,10,6,3,0,5,0,1,2,17,2,4,1.0,0.0,0.0,0.0,1.0,3.0,15,2,5
119751,15,2,3,17,15,3,0,1,0,1,2,36,2,4,4.0,0.0,0.0,0.0,4.0,1.0,16,3,8
107057,16,2,1,0,10,3,0,1,0,1,1,17,2,2,0.0,0.0,0.0,0.0,0.0,2.0,1,1,8
121791,16,7,3,10,8,3,6,1,1,1,2,19,2,2,0.0,0.0,0.0,0.0,0.0,2.0,7,3,9
149256,4,2,1,17,8,3,0,1,1,1,2,36,2,2,0.0,0.0,0.0,0.0,0.0,2.0,4,1,10
92514,16,2,1,17,8,3,0,1,1,1,2,36,2,2,0.0,0.0,0.0,0.0,0.0,2.0,23,3,7
109448,16,2,3,10,6,3,0,1,1,1,1,36,2,2,0.0,0.0,0.0,0.0,0.0,2.0,12,1,8
46215,4,2,3,10,8,4,0,1,1,1,2,19,2,2,0.0,0.0,0.0,0.0,0.0,3.0,14,3,4
25811,16,7,1,15,11,3,6,1,1,1,2,23,2,2,0.0,0.0,0.0,0.0,0.0,4.0,23,7,2
160674,15,2,4,10,8,3,0,1,1,1,2,19,2,2,0.0,0.0,0.0,0.0,0.0,2.0,16,5,11
161388,16,2,1,10,8,3,0,1,1,0,2,36,3,2,0.0,0.0,0.0,0.0,0.0,3.0,16,7,11
167785,16,2,1,10,8,3,0,1,0,1,0,17,2,4,1.0,0.0,0.0,0.0,1.0,1.0,20,6,11
40292,16,7,1,17,8,3,6,1,1,1,2,12,2,2,0.0,0.0,0.0,0.0,0.0,5.0,23,4,3
41952,15,2,1,0,8,3,0,1,0,1,2,5,2,2,0.0,0.0,0.0,0.0,0.0,2.0,22,1,3
30226,16,2,3,17,10,3,0,1,1,1,2,24,2,2,0.0,0.0,0.0,0.0,0.0,2.0,16,5,3
50210,16,2,3,17,5,3,0,1,1,1,2,18,2,2,0.0,0.0,0.0,0.0,0.0,2.0,11,3,4
32929,16,2,3,17,2,2,0,1,1,1,2,18,2,2,0.0,0.0,0.0,0.0,0.0,2.0,11,7,3
59079,16,2,3,10,8,3,5,5,1,1,2,19,2,2,0.0,0.0,0.0,0.0,0.0,3.0,9,2,5
24500,16,2,3,15,8,3,0,1,1,1,2,36,2,2,0.0,0.0,0.0,0.0,0.0,2.0,14,5,2
25999,16,2,3,15,3,3,0,1,0,1,2,23,3,3,1.0,0.0,0.0,1.0,0.0,2.0,7,5,2
123866,15,2,3,17,8,3,0,1,1,1,2,36,2,2,0.0,0.0,0.0,0.0,0.0,2.0,8,5,9
36164,15,3,3,17,8,3,6,1,1,1,2,18,2,2,0.0,0.0,0.0,0.0,0.0,4.0,8,6,3
14174,16,2,3,17,6,3,0,6,0,1,2,18,3,3,1.0,0.0,0.0,1.0,0.0,3.0,12,2,1
76427,16,2,1,8,6,3,0,1,0,1,2,6,2,1,1.0,0.0,1.0,0.0,0.0,1.0,20,6,6
43582,4,7,3,13,8,3,6,1,1,1,0,36,2,2,0.0,0.0,0.0,0.0,0.0,3.0,8,4,4
53087,15,2,3,0,6,3,0,1,0,1,2,5,2,3,2.0,0.0,0.0,2.0,0.0,3.0,15,5,4
111755,16,2,3,17,8,3,0,1,1,1,2,36,2,2,0.0,0.0,0.0,0.0,0.0,2.0,14,2,8
6891,15,2,3,0,8,3,0,1,0,1,2,5,3,2,0.0,0.0,0.0,0.0,0.0,4.0,9,7,1
151405,15,2,3,17,8,3,0,1,0,1,2,18,2,3,1.0,0.0,0.0,1.0,0.0,1.0,6,3,10
94680,16,2,1,17,17,3,0,1,1,1,2,19,2,2,0.0,0.0,0.0,0.0,0.0,3.0,21,1,7
168748,4,2,3,17,8,3,0,1,1,1,0,17,2,2,0.0,0.0,0.0,0.0,0.0,2.0,12,7,11
105074,16,2,3,0,2,3,0,1,1,1,2,36,2,2,0.0,0.0,0.0,0.0,0.0,2.0,13,5,8
135575,16,2,3,8,3,4,0,1,0,1,0,12,2,3,1.0,0.0,0.0,1.0,0.0,2.0,18,1,9
137981,17,2,1,14,6,3,0,5,1,1,2,26,2,2,0.0,0.0,0.0,0.0,0.0,2.0,19,7,10
77147,15,7,1,0,8,3,6,1,0,1,2,5,3,4,1.0,0.0,0.0,0.0,1.0,3.0,1,2,6
9027,16,11,3,15,5,3,5,5,1,1,0,18,2,2,0.0,0.0,0.0,0.0,0.0,2.0,11,4,1
101036,15,2,3,17,8,3,0,5,1,1,1,18,2,2,0.0,0.0,0.0,0.0,0.0,2.0,8,2,7
99658,16,2,3,17,6,3,0,1,1,1,2,22,2,2,0.0,0.0,0.0,0.0,0.0,4.0,14,3,7
22077,16,2,3,14,8,3,0,1,1,1,2,36,2,2,0.0,0.0,0.0,0.0,0.0,2.0,12,5,2
169795,4,2,2,15,8,3,0,1,1,1,2,36,2,2,0.0,0.0,0.0,0.0,0.0,2.0,6,3,11
111490,16,2,1,10,10,3,0,1,1,1,0,19,2,2,0.0,0.0,0.0,0.0,0.0,2.0,1,4,8
82637,16,2,3,17,8,3,0,1,1,1,1,19,2,2,0.0,0.0,0.0,0.0,0.0,3.0,8,3,6
165614,4,2,3,7,15,3,0,1,1,1,0,36,2,2,0.0,0.0,0.0,0.0,0.0,1.0,13,5,11
119262,15,2,3,17,6,3,0,1,1,1,2,36,2,2,0.0,0.0,0.0,0.0,0.0,2.0,14,3,8
75177,15,2,3,17,15,3,0,1,1,1,1,24,2,2,0.0,0.0,0.0,0.0,0.0,2.0,12,6,6
109120,16,2,3,17,8,3,0,1,1,1,1,24,2,2,0.0,0.0,0.0,0.0,0.0,2.0,14,5,8
66000,16,2,3,10,1,3,0,1,1,1,2,17,2,2,0.0,0.0,0.0,0.0,0.0,3.0,14,2,5
113824,16,7,3,17,8,3,6,1,0,1,2,23,3,4,2.0,0.0,0.0,0.0,2.0,1.0,12,5,8
28399,15,2,3,0,8,3,0,1,1,1,2,18,2,2,0.0,0.0,0.0,0.0,0.0,2.0,9,6,3
55230,4,7,3,7,7,3,6,1,1,1,2,39,2,2,0.0,0.0,0.0,0.0,0.0,1.0,10,4,4
143630,16,7,3,10,8,3,6,1,1,1,2,19,2,2,0.0,0.0,0.0,0.0,0.0,2.0,11,6,10
93265,15,7,3,10,6,3,6,1,1,1,2,19,2,2,0.0,0.0,0.0,0.0,0.0,2.0,12,1,7
154559,16,2,1,0,2,3,6,1,0,1,2,6,2,3,3.0,0.0,0.0,3.0,0.0,0.0,20,3,10
185032,4,2,3,0,6,3,4,5,1,1,1,26,2,2,0.0,0.0,0.0,0.0,0.0,2.0,15,6,12
165107,16,2,3,0,15,3,0,1,0,1,2,11,2,4,1.0,0.0,0.0,0.0,1.0,2.0,3,5,11
90979,16,2,3,0,8,3,0,1,0,1,2,6,2,2,0.0,0.0,0.0,0.0,0.0,2.0,8,7,7
7129,16,2,1,9,8,3,0,1,0,1,0,18,2,3,1.0,0.0,0.0,1.0,0.0,1.0,17,3,1
19528,15,2,3,0,6,3,0,1,0,1,2,36,2,3,1.0,0.0,0.0,1.0,0.0,1.0,1,6,2
150867,16,2,3,10,8,3,0,1,0,1,2,2,2,1,1.0,0.0,1.0,0.0,0.0,1.0,14,4,10
182988,16,3,3,10,6,3,0,1,1,1,0,19,2,2,0.0,0.0,0.0,0.0,0.0,2.0,7,5,12
70091,4,2,3,15,8,3,0,1,1,1,2,36,2,2,0.0,0.0,0.0,0.0,0.0,2.0,15,3,5
389,15,2,1,3,6,3,0,1,1,1,2,18,2,2,0.0,0.0,0.0,0.0,0.0,2.0,18,1,1
147948,15,2,3,0,6,3,0,1,0,1,2,18,2,1,1.0,0.0,1.0,0.0,0.0,2.0,17,6,10
160206,16,2,1,17,8,3,0,1,1,1,2,18,3,2,0.0,0.0,0.0,0.0,0.0,5.0,17,6,11
90960,16,2,3,10,3,3,0,5,1,1,0,19,2,2,0.0,0.0,0.0,0.0,0.0,3.0,16,7,7
127452,16,2,3,0,8,3,0,1,0,1,2,36,3,3,2.0,0.0,0.0,2.0,0.0,1.0,17,1,9
41722,15,2,3,0,6,3,0,1,0,1,2,18,2,2,0.0,0.0,0.0,0.0,0.0,4.0,7,5,3
130269,15,2,3,9,2,3,0,1,0,1,0,18,2,3,1.0,0.0,0.0,1.0,0.0,1.0,7,4,9
106812,4,2,3,2,0,3,0,1,1,0,2,36,1,2,0.0,0.0,0.0,0.0,0.0,2.0,15,3,8
34392,4,2,5,7,8,3,0,1,1,1,2,26,3,2,0.0,0.0,0.0,0.0,0.0,1.0,5,4,3
155287,16,10,1,10,6,3,6,1,1,1,1,39,2,2,0.0,0.0,0.0,0.0,0.0,2.0,17,5,10
160240,17,2,3,15,2,3,5,5,1,1,2,24,2,2,0.0,0.0,0.0,0.0,0.0,3.0,11,6,11
94939,16,2,3,10,8,3,0,1,1,0,2,17,2,2,0.0,0.0,0.0,0.0,0.0,3.0,12,6,7
71933,15,2,3,10,2,3,0,1,1,0,2,36,2,2,0.0,0.0,0.0,0.0,0.0,2.0,5,7,6
159031,16,2,3,0,2,3,0,1,1,1,2,22,2,2,0.0,0.0,0.0,0.0,0.0,2.0,12,1,11
93549,15,2,1,10,8,3,0,1,0,1,1,19,2,3,2.0,0.0,0.0,2.0,0.0,2.0,22,5,7
98428,16,2,3,0,8,3,0,1,1,1,2,6,2,2,0.0,0.0,0.0,0.0,0.0,2.0,12,3,7
62915,16,2,1,0,6,3,0,1,1,1,2,23,2,2,0.0,0.0,0.0,0.0,0.0,4.0,2,7,5
24561,16,2,3,15,8,3,0,1,1,1,1,22,2,2,0.0,0.0,0.0,0.0,0.0,3.0,14,6,2
74207,15,2,1,0,6,3,0,1,0,1,2,5,2,4,1.0,0.0,0.0,0.0,1.0,1.0,1,1,6
46347,16,2,1,17,2,3,0,1,0,1,2,18,2,2,0.0,0.0,0.0,0.0,0.0,4.0,21,3,4
52712,16,2,1,17,15,3,0,1,0,1,2,6,2,2,0.0,0.0,0.0,0.0,0.0,2.0,20,6,4
63944,15,2,3,0,8,3,0,1,0,1,2,38,2,2,0.0,0.0,0.0,0.0,0.0,3.0,14,3,5
156228,8,2,4,17,3,3,0,5,0,1,1,11,2,4,1.0,0.0,0.0,0.0,1.0,1.0,5,6,11
17121,15,11,0,17,15,3,5,5,1,1,2,24,2,2,0.0,0.0,0.0,0.0,0.0,2.0,19,6,2
125938,16,2,1,17,6,3,0,1,0,1,2,18,2,2,0.0,0.0,0.0,0.0,0.0,2.0,0,1,9
63200,16,2,0,15,8,3,0,1,1,1,0,26,2,2,0.0,0.0,0.0,0.0,0.0,3.0,21,3,5
86911,4,2,3,0,2,3,0,1,0,1,2,5,2,2,0.0,0.0,0.0,0.0,0.0,2.0,13,2,6
47603,16,2,3,15,8,3,0,1,1,1,2,36,2,2,0.0,0.0,0.0,0.0,0.0,2.0,13,5,4
48489,15,2,1,0,6,3,0,5,0,1,2,36,3,2,0.0,0.0,0.0,0.0,0.0,3.0,5,1,4
51685,16,2,3,0,2,3,5,5,0,1,1,36,2,2,0.0,0.0,0.0,0.0,0.0,2.0,14,1,4
35095,15,2,3,17,10,3,0,1,1,1,0,17,2,2,0.0,0.0,0.0,0.0,0.0,2.0,8,2,3
147702,4,7,3,0,3,3,6,1,1,1,1,18,2,2,0.0,0.0,0.0,0.0,0.0,3.0,10,1,10
178531,15,7,0,17,15,3,6,5,1,1,2,26,2,2,0.0,0.0,0.0,0.0,0.0,4.0,16,7,12
28347,16,7,3,7,2,3,6,1,0,1,2,16,3,2,0.0,0.0,0.0,0.0,0.0,2.0,9,5,3
148226,16,2,3,9,8,3,0,1,0,1,0,36,2,4,1.0,0.0,0.0,0.0,1.0,3.0,9,7,10
986,16,2,3,15,8,3,0,1,1,1,2,22,2,2,0.0,0.0,0.0,0.0,0.0,2.0,15,3,1
453,16,2,1,17,5,3,0,1,0,1,2,24,2,3,1.0,0.0,0.0,1.0,0.0,1.0,23,2,1
147492,16,2,3,17,8,3,0,1,1,1,1,23,2,2,0.0,0.0,0.0,0.0,0.0,7.0,7,4,10
53753,16,2,1,17,6,3,0,1,1,1,0,24,2,2,0.0,0.0,0.0,0.0,0.0,2.0,20,2,4
188616,4,2,4,10,8,3,4,1,0,1,1,19,2,4,1.0,0.0,0.0,0.0,1.0,3.0,20,1,12
7045,4,7,3,17,2,3,6,1,1,1,0,12,2,2,0.0,0.0,0.0,0.0,0.0,2.0,13,6,1
148493,16,2,3,17,6,3,6,1,0,1,2,36,3,2,0.0,0.0,0.0,0.0,0.0,4.0,7,5,10
77707,16,2,1,2,8,3,0,3,1,1,1,33,1,2,0.0,0.0,0.0,0.0,0.0,1.0,22,3,6
8981,4,2,3,15,12,3,0,1,1,1,2,36,2,2,0.0,0.0,0.0,0.0,0.0,2.0,13,4,1
26413,4,2,3,10,8,3,0,1,1,1,1,36,2,2,0.0,0.0,0.0,0.0,0.0,2.0,15,5,2
97964,16,2,3,10,2,3,0,1,1,1,1,36,2,2,0.0,0.0,0.0,0.0,0.0,2.0,13,4,7
107911,16,2,1,0,6,3,0,1,0,1,2,6,2,3,1.0,0.0,0.0,1.0,0.0,1.0,1,7,8
151364,16,2,1,17,6,3,0,1,0,1,2,17,2,3,2.0,0.0,0.0,2.0,0.0,0.0,22,2,10
92911,16,2,3,11,2,3,0,1,1,1,2,21,2,2,0.0,0.0,0.0,0.0,0.0,2.0,6,4,7
151565,15,7,3,0,2,3,6,1,1,1,2,36,2,2,0.0,0.0,0.0,0.0,0.0,4.0,20,3,10
51812,16,2,3,17,6,3,6,1,1,1,1,24,2,2,0.0,0.0,0.0,0.0,0.0,2.0,7,4,4
153956,16,2,3,0,11,3,0,1,0,1,2,6,3,4,1.0,0.0,0.0,0.0,1.0,2.0,11,1,10
56166,16,3,3,17,18,3,6,1,1,1,2,36,2,2,0.0,0.0,0.0,0.0,0.0,2.0,9,4,5
178433,16,2,1,15,2,3,0,1,1,1,2,22,2,2,0.0,0.0,0.0,0.0,0.0,2.0,21,4,12
185935,16,2,1,3,10,3,1,1,0,1,2,18,2,2,0.0,0.0,0.0,0.0,0.0,3.0,21,1,12
183834,4,2,3,17,18,3,0,1,0,1,2,18,2,2,0.0,0.0,0.0,0.0,0.0,2.0,12,7,12
179623,16,2,3,15,2,3,0,5,1,1,2,23,2,2,0.0,0.0,0.0,0.0,0.0,3.0,8,6,12
36364,15,2,3,17,2,3,0,5,0,1,2,18,2,4,1.0,0.0,0.0,0.0,1.0,2.0,18,2,3
161513,15,10,3,0,2,3,4,1,0,1,1,36,2,2,0.0,0.0,0.0,0.0,0.0,3.0,6,2,11
29002,15,2,1,0,8,3,0,1,0,1,2,18,2,1,4.0,0.0,1.0,0.0,3.0,5.0,18,4,3
187786,16,10,2,0,10,3,4,1,1,1,1,22,2,2,0.0,0.0,0.0,0.0,0.0,2.0,18,3,12
799,16,10,3,0,6,3,6,1,0,1,2,6,2,2,0.0,0.0,0.0,0.0,0.0,2.0,14,1,1
16613,4,10,3,15,2,3,4,1,1,1,2,36,3,2,0.0,0.0,0.0,0.0,0.0,3.0,14,5,2
118224,10,7,1,10,15,3,6,1,1,1,2,19,2,2,0.0,0.0,0.0,0.0,0.0,2.0,20,3,8
18654,16,2,3,17,8,3,6,1,0,1,2,36,3,2,0.0,0.0,0.0,0.0,0.0,3.0,6,4,2
51550,4,2,3,0,6,3,0,1,1,1,1,18,2,2,0.0,0.0,0.0,0.0,0.0,2.0,19,6,4
141122,16,2,3,15,3,3,0,5,1,1,2,36,2,2,0.0,0.0,0.0,0.0,0.0,3.0,12,7,10
144946,15,2,3,17,15,3,0,1,0,1,2,18,2,2,0.0,0.0,0.0,0.0,0.0,2.0,9,4,10
67556,16,2,3,10,6,3,0,1,1,1,2,19,2,2,0.0,0.0,0.0,0.0,0.0,3.0,6,5,5
5899,16,6,1,0,6,3,6,5,0,1,1,36,2,3,1.0,0.0,0.0,1.0,0.0,1.0,19,6,1
23326,15,11,5,0,6,3,5,5,1,1,1,36,2,2,0.0,0.0,0.0,0.0,0.0,2.0,19,6,2
70143,15,2,3,13,6,3,0,1,0,1,2,18,6,2,0.0,0.0,0.0,0.0,0.0,2.0,10,3,5
35952,16,2,1,17,3,3,0,1,0,1,2,24,2,3,1.0,0.0,0.0,1.0,0.0,4.0,23,1,3
159745,4,2,3,15,2,3,0,1,1,1,1,23,3,2,0.0,0.0,0.0,0.0,0.0,9.0,16,4,11
105990,16,2,3,17,8,3,0,1,1,1,2,24,2,2,0.0,0.0,0.0,0.0,0.0,2.0,12,5,8
75869,4,2,3,0,8,3,0,1,0,1,2,18,3,2,0.0,0.0,0.0,0.0,0.0,4.0,9,4,6
187221,16,3,3,17,6,3,0,1,1,1,1,18,2,2,0.0,0.0,0.0,0.0,0.0,2.0,12,7,12
111565,15,2,3,0,8,3,0,1,0,1,2,18,2,2,0.0,0.0,0.0,0.0,0.0,2.0,14,5,8
133038,4,2,3,2,8,3,0,1,0,1,2,36,1,2,0.0,0.0,0.0,0.0,0.0,1.0,14,7,9
146764,16,2,0,10,2,3,0,1,1,1,2,19,3,2,0.0,0.0,0.0,0.0,0.0,3.0,5,2,10
167018,17,10,3,15,2,3,4,5,1,1,0,26,2,2,0.0,0.0,0.0,0.0,0.0,2.0,10,7,11
44271,16,2,3,17,8,3,0,1,1,1,1,3,2,2,0.0,0.0,0.0,0.0,0.0,5.0,9,1,4
182519,16,2,3,15,2,3,0,1,1,1,2,36,2,2,0.0,0.0,0.0,0.0,0.0,2.0,19,3,12
75859,15,7,4,0,6,3,6,5,0,1,2,5,2,2,0.0,0.0,0.0,0.0,0.0,3.0,19,4,6
5088,4,7,0,2,8,3,6,5,0,1,2,36,1,2,0.0,0.0,0.0,0.0,0.0,1.0,3,7,1
99927,15,2,3,10,8,3,0,1,1,1,1,18,2,2,0.0,0.0,0.0,0.0,0.0,3.0,17,6,7
84549,16,2,1,0,6,3,0,6,0,1,2,36,2,4,1.0,0.0,0.0,0.0,1.0,2.0,22,6,6
153263,15,2,3,0,6,3,6,1,0,1,2,17,2,4,1.0,0.0,0.0,0.0,1.0,4.0,9,6,10
33814,16,7,4,15,10,3,6,5,0,1,2,18,2,4,1.0,0.0,0.0,0.0,1.0,3.0,17,1,3
180384,15,2,1,17,10,3,0,1,0,1,1,36,2,2,0.0,0.0,0.0,0.0,0.0,4.0,17,3,12
62902,16,2,1,0,6,3,0,1,0,1,2,23,2,3,1.0,0.0,0.0,1.0,0.0,1.0,0,6,5
125707,16,7,3,0,10,3,6,5,0,1,2,18,2,2,0.0,0.0,0.0,0.0,0.0,2.0,18,5,9
39951,4,2,4,13,6,3,0,5,0,1,2,5,2,2,0.0,0.0,0.0,0.0,0.0,2.0,19,6,3
116335,16,2,1,0,10,3,0,1,1,1,2,6,2,2,0.0,0.0,0.0,0.0,0.0,2.0,23,7,8
168963,16,2,3,17,3,3,0,6,1,1,2,31,2,2,0.0,0.0,0.0,0.0,0.0,3.0,11,4,11
38544,16,2,1,0,8,3,0,1,0,1,2,36,2,2,0.0,0.0,0.0,0.0,0.0,2.0,23,6,3
7309,15,2,3,0,6,3,6,1,0,1,1,38,2,2,0.0,0.0,0.0,0.0,0.0,2.0,10,6,1
52825,16,7,3,17,8,3,6,1,1,1,1,18,2,2,0.0,0.0,0.0,0.0,0.0,3.0,9,1,4
109094,15,2,3,0,9,3,0,1,0,1,2,5,2,2,0.0,0.0,0.0,0.0,0.0,2.0,8,4,8
130735,15,2,3,9,10,3,0,5,0,1,0,36,2,3,1.0,0.0,0.0,1.0,0.0,1.0,13,4,9
177788,16,2,4,0,8,3,0,1,0,1,2,18,2,2,0.0,0.0,0.0,0.0,0.0,4.0,16,3,12
56520,4,2,3,0,2,3,0,1,1,1,2,36,2,2,0.0,0.0,0.0,0.0,0.0,3.0,9,3,5
31337,4,2,3,5,8,3,0,1,1,1,2,36,1,2,0.0,0.0,0.0,0.0,0.0,1.0,10,3,3
118713,15,2,3,17,8,3,0,1,0,1,2,5,2,4,3.0,0.0,0.0,0.0,3.0,2.0,8,2,8
142676,16,2,3,17,5,3,0,1,1,1,1,24,2,2,0.0,0.0,0.0,0.0,0.0,2.0,17,4,10
136906,17,2,3,11,2,3,0,1,0,1,2,36,2,4,1.0,0.0,0.0,0.0,1.0,1.0,14,6,9
42749,17,3,3,7,2,3,5,5,1,0,2,26,2,2,0.0,0.0,0.0,0.0,0.0,1.0,12,1,4
157068,16,2,1,2,8,3,0,1,1,1,2,12,1,2,0.0,0.0,0.0,0.0,0.0,1.0,20,1,11
188909,16,2,1,10,2,3,6,5,1,0,2,19,2,2,0.0,0.0,0.0,0.0,0.0,2.0,1,7,12
45166,15,2,1,10,8,3,0,1,1,1,2,8,3,2,0.0,0.0,0.0,0.0,0.0,3.0,23,4,4
141883,4,2,3,5,10,3,0,1,1,1,2,36,1,2,0.0,0.0,0.0,0.0,0.0,1.0,7,5,10
9576,4,2,3,0,8,3,0,1,1,1,0,18,2,2,0.0,0.0,0.0,0.0,0.0,2.0,14,6,1
160119,4,7,1,17,2,3,6,1,0,1,2,18,3,2,0.0,0.0,0.0,0.0,0.0,3.0,17,4,11
144077,15,7,2,0,8,3,5,1,1,1,2,36,2,2,0.0,0.0,0.0,0.0,0.0,2.0,7,5,10
106706,16,2,1,0,8,3,0,1,0,1,2,36,2,2,0.0,0.0,0.0,0.0,0.0,5.0,1,1,8
129979,16,7,1,2,2,3,6,1,0,1,2,17,1,2,0.0,0.0,0.0,0.0,0.0,1.0,5,1,9
26507,16,3,3,17,8,3,5,5,1,1,2,36,2,2,0.0,0.0,0.0,0.0,0.0,2.0,9,6,2
75442,15,2,3,0,8,3,0,5,0,1,2,38,2,2,0.0,0.0,0.0,0.0,0.0,3.0,16,6,6
1301,16,10,3,17,6,3,1,1,1,1,1,39,2,2,0.0,0.0,0.0,0.0,0.0,3.0,9,2,1
51467,4,2,3,15,3,2,0,5,1,0,1,22,2,2,0.0,0.0,0.0,0.0,0.0,2.0,17,5,4
25166,15,7,3,0,6,3,6,1,0,1,2,18,2,4,2.0,0.0,0.0,0.0,2.0,0.0,11,4,2
60167,15,7,3,17,13,4,6,1,0,1,1,19,2,4,1.0,0.0,0.0,0.0,1.0,1.0,7,5,5
108962,4,7,3,10,8,3,6,1,0,1,2,39,2,2,0.0,0.0,0.0,0.0,0.0,2.0,17,2,8
135512,16,7,4,3,6,3,6,1,1,1,1,38,2,2,0.0,0.0,0.0,0.0,0.0,2.0,18,6,9
148840,15,2,1,0,2,3,0,1,0,1,2,26,2,2,0.0,0.0,0.0,0.0,0.0,2.0,4,3,10
1786,4,2,3,17,2,3,0,1,1,1,1,24,2,2,0.0,0.0,0.0,0.0,0.0,3.0,13,4,1
117399,4,7,3,2,8,3,6,1,1,1,2,36,1,2,0.0,0.0,0.0,0.0,0.0,1.0,12,2,8
71047,15,2,3,0,2,3,0,1,0,1,2,17,2,3,1.0,0.0,0.0,1.0,0.0,1.0,17,3,5
144784,4,2,3,15,8,3,0,1,0,1,2,36,2,2,0.0,0.0,0.0,0.0,0.0,2.0,14,1,10
142608,4,2,3,17,1,3,0,1,1,1,2,24,2,2,0.0,0.0,0.0,0.0,0.0,2.0,13,2,10
139782,16,2,3,17,15,3,0,1,0,1,2,23,3,2,0.0,0.0,0.0,0.0,0.0,3.0,14,6,10
151689,4,2,3,17,8,3,0,1,0,1,2,18,2,3,2.0,0.0,0.0,2.0,0.0,1.0,12,5,10
38816,16,2,3,0,6,3,0,5,0,1,2,18,2,3,2.0,0.0,0.0,1.0,1.0,2.0,14,7,3
43165,15,7,2,10,8,3,6,1,1,1,1,36,2,2,0.0,0.0,0.0,0.0,0.0,4.0,18,2,4
148501,16,2,3,17,6,3,0,5,1,1,2,36,2,2,0.0,0.0,0.0,0.0,0.0,2.0,8,5,10
143308,16,2,3,17,8,3,0,1,1,1,2,18,2,2,0.0,0.0,0.0,0.0,0.0,3.0,7,5,10
91180,15,2,3,10,8,3,0,1,1,1,2,18,2,2,0.0,0.0,0.0,0.0,0.0,2.0,17,4,7
80766,16,2,1,15,8,3,0,1,1,1,2,23,2,2,0.0,0.0,0.0,0.0,0.0,3.0,22,6,6
181575,16,3,3,17,6,3,4,1,1,1,2,18,2,2,0.0,0.0,0.0,0.0,0.0,2.0,12,5,12
30115,16,9,1,17,3,3,6,1,0,1,2,18,2,3,3.0,0.0,0.0,3.0,0.0,1.0,19,2,3
163546,4,2,1,17,15,3,0,1,1,1,2,21,2,2,0.0,0.0,0.0,0.0,0.0,2.0,20,5,11
36483,16,7,3,0,2,3,6,1,0,1,2,13,2,3,3.0,0.0,0.0,2.0,1.0,0.0,9,5,3
184905,16,2,3,17,3,3,0,1,1,1,0,12,2,2,0.0,0.0,0.0,0.0,0.0,2.0,11,2,12
179150,16,2,3,8,2,3,0,1,1,1,0,36,2,2,0.0,0.0,0.0,0.0,0.0,2.0,15,1,12
30076,16,2,1,15,8,3,0,1,1,1,1,23,2,2,0.0,0.0,0.0,0.0,0.0,2.0,3,1,3
95451,16,2,3,0,2,3,0,1,1,1,2,6,3,2,0.0,0.0,0.0,0.0,0.0,3.0,13,2,7
64714,16,7,3,17,6,3,6,1,0,1,2,24,2,2,0.0,0.0,0.0,0.0,0.0,2.0,16,7,5
19873,16,10,3,10,8,3,6,5,1,1,1,19,2,2,0.0,0.0,0.0,0.0,0.0,3.0,13,5,2
146192,16,3,3,17,8,3,0,1,1,1,1,36,2,2,0.0,0.0,0.0,0.0,0.0,3.0,17,1,10
128700,16,2,3,15,8,3,0,1,1,1,2,23,3,2,0.0,0.0,0.0,0.0,0.0,6.0,16,5,9
105033,16,2,3,17,8,3,0,5,0,1,1,36,2,4,1.0,0.0,0.0,0.0,1.0,1.0,11,6,8
11604,15,7,3,17,8,3,6,1,1,1,1,23,2,2,0.0,0.0,0.0,0.0,0.0,7.0,15,6,1
137029,16,2,3,17,17,3,0,1,1,1,1,22,2,2,0.0,0.0,0.0,0.0,0.0,7.0,15,4,9
61207,15,7,3,0,6,3,6,1,1,1,2,18,2,2,0.0,0.0,0.0,0.0,0.0,3.0,7,7,5
184984,16,2,3,15,3,3,0,1,1,1,2,12,2,2,0.0,0.0,0.0,0.0,0.0,2.0,13,5,12
36213,16,2,3,0,15,3,0,1,0,1,2,23,4,3,9.0,0.0,0.0,8.0,1.0,3.0,17,1,3
19903,16,10,3,17,2,3,6,1,1,1,0,36,2,2,0.0,0.0,0.0,0.0,0.0,3.0,9,5,2
86475,15,2,3,15,2,3,0,1,1,1,2,23,2,2,0.0,0.0,0.0,0.0,0.0,2.0,13,2,6
136847,15,2,3,0,3,3,0,5,0,1,2,36,3,3,1.0,0.0,0.0,1.0,0.0,3.0,15,5,9