crash_date,               traffic_control_device,weather_condition,lighting_condition,first_crash_type,trafficway_type,alignment,roadway_surface_cond,road_defect,crash_type,intersection_related_i,damage,prim_contributory_cause,num_units,most_severe_injury,injuries_total,injuries_fatal,injuries_incapacitating,injuries_non_incapacitating,injuries_reported_not_evident,injuries_no_indication,crash_hour,crash_day_of_week,crash_month
122932,15,2,3,17,2,3,0,1,0,1,2,18,2,2,0.0,0.0,0.0,0.0,0.0,3.0,6,5,9
87469,16,2,4,10,15,3,0,1,1,1,2,36,2,2,0.0,0.0,0.0,0.0,0.0,2.0,17,3,6
19383,16,2,3,17,6,3,0,1,1,1,2,36,2,2,0.0,0.0,0.0,0.0,0.0,2.0,16,2,2
32064,16,2,3,15,3,3,0,1,1,1,0,36,2,2,0.0,0.0,0.0,0.0,0.0,2.0,9,7,3
105850,4,2,1,17,8,3,0,5,0,0,1,18,2,2,0.0,0.0,0.0,0.0,0.0,2.0,20,3,8
147715,16,11,5,17,17,3,5,5,1,1,2,36,2,2,0.0,0.0,0.0,0.0,0.0,2.0,14,2,10
45508,15,2,3,17,8,3,0,1,1,1,2,17,2,2,0.0,0.0,0.0,0.0,0.0,5.0,12,2,4
85961,4,2,3,7,8,3,0,1,0,0,2,36,2,2,0.0,0.0,0.0,0.0,0.0,1.0,13,1,6
21674,15,2,4,0,10,3,0,5,0,1,2,18,2,2,0.0,0.0,0.0,0.0,0.0,4.0,20,5,2
77570,16,2,3,0,6,3,0,1,0,1,2,18,3,3,5.0,0.0,0.0,5.0,0.0,0.0,19,3,6
80969,15,2,3,0,8,3,0,1,0,1,2,5,2,3,1.0,0.0,0.0,1.0,0.0,4.0,14,2,6
51963,16,2,3,17,6,3,0,1,0,1,2,24,2,4,1.0,0.0,0.0,0.0,1.0,2.0,15,7,4
19933,16,2,1,10,2,3,6,1,1,1,2,19,2,2,0.0,0.0,0.0,0.0,0.0,2.0,4,6,2
51493,15,7,3,0,8,3,6,1,0,1,2,18,2,2,0.0,0.0,0.0,0.0,0.0,2.0,8,5,4
64410,16,2,3,0,2,3,0,1,0,1,2,36,2,2,0.0,0.0,0.0,0.0,0.0,2.0,12,3,5
99528,16,2,3,4,6,3,0,1,0,1,1,36,1,4,1.0,0.0,0.0,0.0,1.0,0.0,14,7,7
162196,4,2,1,0,15,3,6,1,1,1,1,18,2,2,0.0,0.0,0.0,0.0,0.0,2.0,17,6,11
81781,16,2,3,10,8,4,0,1,0,1,2,17,2,4,2.0,0.0,0.0,0.0,2.0,3.0,15,7,6
155900,15,2,4,0,15,3,0,1,1,0,2,18,3,2,0.0,0.0,0.0,0.0,0.0,2.0,20,6,11
74824,16,2,3,9,15,3,6,1,0,1,2,38,2,3,1.0,0.0,0.0,1.0,0.0,1.0,14,3,6
17872,16,2,3,0,2,3,1,1,1,1,2,18,2,2,0.0,0.0,0.0,0.0,0.0,2.0,7,4,2
159818,4,2,4,0,8,3,0,1,0,1,2,36,2,2,0.0,0.0,0.0,0.0,0.0,2.0,17,5,11
166438,16,6,3,17,8,3,6,1,0,1,2,18,2,2,0.0,0.0,0.0,0.0,0.0,2.0,7,3,11
6481,16,2,3,0,6,3,0,1,1,1,2,36,2,2,0.0,0.0,0.0,0.0,0.0,2.0,11,2,1
82360,15,11,3,0,6,3,5,5,1,1,1,18,2,2,0.0,0.0,0.0,0.0,0.0,7.0,17,1,6
135219,16,2,0,17,6,3,0,1,0,1,2,18,2,3,1.0,0.0,0.0,1.0,0.0,1.0,19,3,9
10230,16,2,3,9,2,3,6,1,0,1,0,18,2,1,2.0,0.0,2.0,0.0,0.0,0.0,8,3,1
127926,16,2,3,11,8,3,0,5,1,1,2,36,2,2,0.0,0.0,0.0,0.0,0.0,2.0,15,7,9
76665,16,7,3,10,3,2,6,1,1,1,2,17,2,2,0.0,0.0,0.0,0.0,0.0,6.0,11,1,6
73478,4,2,3,14,2,3,0,1,0,1,2,23,2,2,0.0,0.0,0.0,0.0,0.0,3.0,18,3,6
38483,15,2,3,9,8,3,0,1,0,1,0,18,3,3,1.0,0.0,0.0,1.0,0.0,2.0,14,6,3
24639,4,7,1,17,8,3,6,1,0,1,2,17,2,4,1.0,0.0,0.0,0.0,1.0,1.0,22,1,2
99537,16,2,3,0,8,3,0,1,1,1,2,36,2,2,0.0,0.0,0.0,0.0,0.0,2.0,15,7,7
186754,16,7,1,0,6,3,6,1,0,1,2,36,2,2,0.0,0.0,0.0,0.0,0.0,2.0,17,2,12
32552,16,2,3,15,8,3,0,1,1,1,2,17,2,2,0.0,0.0,0.0,0.0,0.0,2.0,14,1,3
95981,16,11,5,10,6,3,5,5,1,1,2,19,2,2,0.0,0.0,0.0,0.0,0.0,2.0,19,3,7
97994,16,2,3,17,6,3,0,1,1,1,2,18,2,2,0.0,0.0,0.0,0.0,0.0,3.0,8,4,7
145544,16,2,3,15,13,3,0,1,1,1,0,36,2,2,0.0,0.0,0.0,0.0,0.0,3.0,14,6,10
147619,16,2,3,2,2,3,0,1,0,1,2,14,1,2,0.0,0.0,0.0,0.0,0.0,1.0,17,6,10
138060,15,2,1,17,8,3,0,1,0,1,2,18,2,2,0.0,0.0,0.0,0.0,0.0,3.0,20,1,10
108313,16,2,4,10,10,3,0,1,1,1,1,17,2,2,0.0,0.0,0.0,0.0,0.0,2.0,19,5,8
131375,16,2,3,10,3,3,0,1,1,1,0,19,2,2,0.0,0.0,0.0,0.0,0.0,3.0,7,5,9
83137,4,7,1,17,8,3,6,1,1,1,1,23,2,2,0.0,0.0,0.0,0.0,0.0,2.0,22,4,6
27528,16,2,1,17,6,3,6,1,1,1,2,24,2,2,0.0,0.0,0.0,0.0,0.0,2.0,18,2,2
166003,16,2,3,0,8,3,0,1,0,1,2,36,2,3,3.0,0.0,0.0,3.0,0.0,1.0,11,1,11
108331,16,2,1,8,8,3,0,1,0,1,0,17,2,3,1.0,0.0,0.0,1.0,0.0,1.0,23,5,8
179050,4,2,3,0,10,3,0,1,1,1,2,18,2,2,0.0,0.0,0.0,0.0,0.0,2.0,10,5,12
54757,15,2,3,0,6,3,0,1,0,1,2,6,3,2,0.0,0.0,0.0,0.0,0.0,3.0,12,3,4
72341,16,2,3,10,2,3,0,1,1,1,0,19,2,2,0.0,0.0,0.0,0.0,0.0,2.0,18,6,6
119916,4,2,3,17,2,3,6,1,0,1,2,18,2,2,0.0,0.0,0.0,0.0,0.0,2.0,8,6,8
27805,15,2,3,17,6,3,0,1,0,1,2,18,2,2,0.0,0.0,0.0,0.0,0.0,3.0,15,6,2
138715,15,2,3,0,10,3,0,1,0,1,2,36,2,4,1.0,0.0,0.0,0.0,1.0,2.0,9,4,10
156254,17,11,1,10,6,3,5,5,1,1,2,36,2,2,0.0,0.0,0.0,0.0,0.0,2.0,21,6,11
106397,16,2,3,0,8,3,0,1,1,1,1,6,2,2,0.0,0.0,0.0,0.0,0.0,2.0,13,5,8
127271,16,2,3,10,2,3,0,1,1,1,1,17,2,2,0.0,0.0,0.0,0.0,0.0,4.0,16,5,9
59699,15,2,3,0,6,3,5,5,1,1,2,18,2,2,0.0,0.0,0.0,0.0,0.0,2.0,17,6,5
17547,16,2,3,10,8,3,1,1,1,1,2,19,2,2,0.0,0.0,0.0,0.0,0.0,2.0,13,7,2
111450,16,2,3,17,8,3,0,1,1,1,2,24,2,2,0.0,0.0,0.0,0.0,0.0,2.0,7,3,8
87931,15,2,4,8,8,3,0,1,0,1,2,18,2,3,1.0,0.0,0.0,1.0,0.0,1.0,18,2,7
54538,15,2,3,17,2,3,0,1,1,1,1,18,2,2,0.0,0.0,0.0,0.0,0.0,3.0,17,5,4
184430,15,2,3,17,18,3,0,1,0,1,2,38,2,4,1.0,0.0,0.0,0.0,1.0,1.0,9,3,12
177323,4,2,3,17,15,3,0,1,0,1,2,18,2,2,0.0,0.0,0.0,0.0,0.0,2.0,9,3,12
156220,16,2,3,17,15,3,0,1,1,1,2,24,2,2,0.0,0.0,0.0,0.0,0.0,2.0,15,6,11
65911,16,7,1,17,6,3,6,1,0,1,2,6,2,2,0.0,0.0,0.0,0.0,0.0,2.0,22,6,5
111471,16,2,1,0,8,3,0,1,1,1,1,12,2,2,0.0,0.0,0.0,0.0,0.0,2.0,22,3,8
56940,4,2,3,17,2,3,0,5,1,1,2,36,2,2,0.0,0.0,0.0,0.0,0.0,2.0,10,5,5
17803,16,2,3,17,10,3,0,1,1,1,0,36,2,2,0.0,0.0,0.0,0.0,0.0,2.0,13,3,2
50906,16,2,1,17,1,3,0,5,1,1,1,36,2,2,0.0,0.0,0.0,0.0,0.0,2.0,23,7,4
121562,4,2,1,7,15,3,0,5,1,1,1,24,2,2,0.0,0.0,0.0,0.0,0.0,1.0,23,7,9
88898,16,2,3,17,8,3,0,1,0,1,2,18,2,2,0.0,0.0,0.0,0.0,0.0,2.0,8,3,7
62390,16,2,3,10,10,3,0,1,1,1,2,19,2,2,0.0,0.0,0.0,0.0,0.0,2.0,18,6,5
176692,15,2,1,14,8,3,0,1,0,1,2,5,2,3,1.0,0.0,0.0,1.0,0.0,2.0,18,2,12
110970,15,2,3,0,10,3,0,1,0,1,2,18,3,4,3.0,0.0,0.0,0.0,3.0,1.0,8,3,8
1696,16,10,1,10,6,3,4,1,1,1,2,26,2,2,0.0,0.0,0.0,0.0,0.0,2.0,17,2,1
182737,16,2,4,17,6,3,0,1,1,1,2,18,2,2,0.0,0.0,0.0,0.0,0.0,2.0,15,7,12
92998,16,2,0,10,2,3,0,1,0,1,2,3,3,3,8.0,0.0,0.0,8.0,0.0,4.0,21,3,7
175722,15,2,3,0,8,3,0,5,0,1,2,18,2,2,0.0,0.0,0.0,0.0,0.0,2.0,15,3,12
115584,16,2,1,17,6,3,0,1,0,1,2,6,2,3,2.0,0.0,0.0,2.0,0.0,1.0,0,5,8
157185,15,2,3,9,8,3,0,1,0,1,1,18,2,3,1.0,0.0,0.0,1.0,0.0,1.0,9,4,11
139545,16,7,1,10,8,3,6,1,0,1,2,17,2,4,1.0,0.0,0.0,0.0,1.0,3.0,4,1,10
20660,4,2,3,10,2,3,6,1,1,1,2,17,2,2,0.0,0.0,0.0,0.0,0.0,5.0,13,4,2
74903,15,2,3,0,6,3,0,1,0,1,2,36,2,2,0.0,0.0,0.0,0.0,0.0,2.0,15,5,6
18788,16,3,3,9,8,3,0,1,0,1,0,18,2,3,1.0,0.0,0.0,1.0,0.0,1.0,9,5,2
34809,16,3,3,10,8,3,0,1,1,1,2,36,2,2,0.0,0.0,0.0,0.0,0.0,2.0,10,3,3
120203,15,2,3,17,6,3,0,1,1,1,1,22,2,2,0.0,0.0,0.0,0.0,0.0,2.0,12,2,8
15690,15,2,1,15,8,3,6,1,1,1,1,23,2,2,0.0,0.0,0.0,0.0,0.0,2.0,17,7,2
145678,15,2,1,0,3,3,0,1,0,1,2,18,2,4,2.0,0.0,0.0,0.0,2.0,4.0,22,7,10
67483,4,2,3,17,8,3,0,1,0,1,2,26,2,3,1.0,0.0,0.0,1.0,0.0,1.0,18,3,5
29027,2,2,3,0,15,3,0,1,0,1,2,38,2,2,0.0,0.0,0.0,0.0,0.0,2.0,11,4,3
2911,16,2,1,15,6,3,6,1,1,1,2,18,2,2,0.0,0.0,0.0,0.0,0.0,2.0,20,2,1
37311,16,2,3,0,6,3,0,1,0,1,2,28,3,3,2.0,0.0,0.0,2.0,0.0,3.0,14,6,3
135438,16,2,2,10,2,2,0,1,1,1,2,17,2,2,0.0,0.0,0.0,0.0,0.0,3.0,6,5,9
50669,16,2,3,10,2,3,0,5,0,1,2,30,2,4,1.0,0.0,0.0,0.0,1.0,2.0,16,6,4
178018,16,2,3,15,10,3,0,1,1,1,2,36,2,2,0.0,0.0,0.0,0.0,0.0,2.0,14,7,12
103441,16,2,4,10,8,3,0,1,1,1,0,19,2,2,0.0,0.0,0.0,0.0,0.0,2.0,18,2,7
63121,16,2,3,10,8,3,0,5,1,1,0,6,2,2,0.0,0.0,0.0,0.0,0.0,2.0,17,2,5
117905,16,2,3,10,8,3,6,1,1,1,1,36,2,2,0.0,0.0,0.0,0.0,0.0,2.0,15,5,8
73997,4,2,3,17,8,3,0,1,1,1,2,18,2,2,0.0,0.0,0.0,0.0,0.0,3.0,15,4,6
28824,4,2,2,14,2,3,0,1,0,0,1,17,2,2,0.0,0.0,0.0,0.0,0.0,3.0,6,7,3
43865,16,2,3,15,10,3,0,1,0,1,2,36,2,2,0.0,0.0,0.0,0.0,0.0,2.0,16,1,4
121154,17,11,5,2,8,3,5,5,1,0,2,38,1,2,0.0,0.0,0.0,0.0,0.0,1.0,5,7,9
73469,16,2,3,15,8,3,0,1,1,1,1,36,2,2,0.0,0.0,0.0,0.0,0.0,2.0,16,3,6
165219,16,2,3,17,3,3,0,1,1,1,2,23,2,2,0.0,0.0,0.0,0.0,0.0,2.0,20,6,11
57440,15,7,3,0,6,3,6,1,0,1,2,18,2,4,1.0,0.0,0.0,0.0,1.0,4.0,9,6,5
131934,15,2,3,15,2,3,0,1,1,1,2,36,2,2,0.0,0.0,0.0,0.0,0.0,3.0,14,6,9
12905,16,2,3,15,8,3,0,1,1,1,1,12,2,2,0.0,0.0,0.0,0.0,0.0,4.0,12,6,1
123076,16,2,2,0,6,3,0,5,0,1,2,6,2,2,0.0,0.0,0.0,0.0,0.0,2.0,19,1,9
101643,16,2,3,15,8,3,0,1,1,1,2,28,2,2,0.0,0.0,0.0,0.0,0.0,2.0,18,4,7
176598,16,2,1,17,10,3,0,1,1,1,1,24,2,2,0.0,0.0,0.0,0.0,0.0,3.0,1,1,12
150985,15,7,3,0,2,3,6,1,0,1,2,38,2,4,1.0,0.0,0.0,0.0,1.0,1.0,16,3,10
149059,16,2,3,15,2,3,0,1,1,1,0,23,2,2,0.0,0.0,0.0,0.0,0.0,2.0,8,6,10
188229,16,7,3,17,2,3,4,1,1,1,2,36,2,2,0.0,0.0,0.0,0.0,0.0,3.0,15,2,12
188963,15,10,3,0,15,3,4,1,1,1,2,5,2,2,0.0,0.0,0.0,0.0,0.0,2.0,13,1,12
86158,15,2,3,17,6,3,0,1,1,1,2,18,2,2,0.0,0.0,0.0,0.0,0.0,5.0,14,5,6
64112,16,2,1,0,8,3,0,1,1,1,2,18,2,2,0.0,0.0,0.0,0.0,0.0,3.0,20,4,5
42132,15,3,3,9,6,3,5,1,0,1,2,18,2,3,2.0,0.0,0.0,2.0,0.0,0.0,15,6,3
177441,15,3,4,9,15,3,0,1,0,1,2,36,2,3,1.0,0.0,0.0,1.0,0.0,1.0,17,6,12
135708,15,2,1,8,6,3,0,1,0,1,1,18,2,3,1.0,0.0,0.0,1.0,0.0,1.0,19,3,9
101588,15,2,3,17,10,3,0,1,1,0,2,22,2,2,0.0,0.0,0.0,0.0,0.0,2.0,21,3,7
181673,16,2,4,0,2,3,0,1,0,1,2,6,2,4,1.0,0.0,0.0,0.0,1.0,3.0,16,7,12
87875,16,2,3,17,3,3,0,1,1,1,1,36,2,2,0.0,0.0,0.0,0.0,0.0,2.0,11,1,7
129006,16,2,0,0,8,3,0,1,1,1,2,26,2,2,0.0,0.0,0.0,0.0,0.0,3.0,1,1,9
15948,16,3,3,0,6,3,0,1,0,1,2,6,2,4,1.0,0.0,0.0,0.0,1.0,1.0,9,6,2
150613,16,2,1,15,8,3,0,1,1,1,1,23,2,2,0.0,0.0,0.0,0.0,0.0,2.0,17,6,10
45854,16,10,1,0,8,3,6,5,0,1,2,36,2,3,2.0,0.0,0.0,2.0,0.0,0.0,3,2,4
94427,16,2,3,11,2,3,0,1,1,1,2,21,2,2,0.0,0.0,0.0,0.0,0.0,2.0,10,5,7
84868,16,2,3,17,2,3,0,1,1,1,2,24,2,2,0.0,0.0,0.0,0.0,0.0,2.0,14,5,6
56286,15,2,3,0,6,3,0,1,0,1,2,18,2,2,0.0,0.0,0.0,0.0,0.0,3.0,9,7,5
64334,15,2,3,0,6,3,0,1,1,1,2,12,2,2,0.0,0.0,0.0,0.0,0.0,2.0,18,2,5
153068,16,2,3,17,6,3,0,1,0,1,2,18,2,3,2.0,0.0,0.0,1.0,1.0,1.0,14,4,10
176002,4,2,3,17,8,3,0,1,1,1,2,24,2,2,0.0,0.0,0.0,0.0,0.0,2.0,14,6,12
180032,4,7,1,2,6,3,6,1,1,1,2,12,2,2,0.0,0.0,0.0,0.0,0.0,2.0,18,7,12
37282,15,7,3,0,8,3,6,1,1,1,1,18,2,2,0.0,0.0,0.0,0.0,0.0,2.0,9,4,3
39232,16,7,1,10,8,3,6,1,1,1,2,19,3,2,0.0,0.0,0.0,0.0,0.0,3.0,22,6,3
105804,16,2,1,17,6,3,0,1,1,1,2,23,2,2,0.0,0.0,0.0,0.0,0.0,2.0,22,1,8
47799,16,2,3,17,6,3,0,1,0,1,2,36,2,2,0.0,0.0,0.0,0.0,0.0,2.0,15,3,4
908,4,2,1,2,8,3,0,1,0,1,2,17,1,3,1.0,0.0,0.0,1.0,0.0,1.0,17,3,1
5453,16,2,1,15,10,3,0,5,1,1,2,36,2,2,0.0,0.0,0.0,0.0,0.0,3.0,17,5,1
149400,16,2,1,17,6,3,6,5,1,1,2,24,2,2,0.0,0.0,0.0,0.0,0.0,2.0,19,4,10
117307,16,2,3,9,8,3,0,1,0,1,0,12,2,3,1.0,0.0,0.0,1.0,0.0,1.0,10,1,8
27526,15,2,0,0,6,3,0,1,0,1,2,5,2,3,1.0,0.0,0.0,1.0,0.0,1.0,18,2,2
47589,17,11,5,7,17,3,5,5,1,0,0,36,2,2,0.0,0.0,0.0,0.0,0.0,1.0,16,4,4
157658,15,2,3,10,6,3,0,1,1,1,2,18,2,2,0.0,0.0,0.0,0.0,0.0,3.0,13,4,11
60348,4,2,3,9,8,3,0,1,1,1,0,36,3,2,0.0,0.0,0.0,0.0,0.0,4.0,17,2,5
55682,16,7,0,9,6,3,6,1,0,1,0,39,2,3,1.0,0.0,0.0,1.0,0.0,1.0,20,3,4
145450,15,2,3,0,10,3,0,1,1,1,2,36,2,2,0.0,0.0,0.0,0.0,0.0,2.0,8,4,10
107890,4,2,3,8,8,3,0,1,0,1,0,36,2,3,1.0,0.0,0.0,1.0,0.0,1.0,10,5,8
169722,16,10,3,0,11,3,4,2,0,1,2,9,2,1,1.0,0.0,1.0,0.0,0.0,3.0,8,2,11
71312,4,2,3,10,8,3,0,3,1,1,2,36,2,2,0.0,0.0,0.0,0.0,0.0,3.0,11,5,5
39022,15,2,3,10,8,3,0,1,1,1,2,8,2,2,0.0,0.0,0.0,0.0,0.0,2.0,10,1,3
148875,15,3,3,0,6,3,0,1,0,1,2,18,2,2,0.0,0.0,0.0,0.0,0.0,4.0,11,3,10
66620,16,2,1,10,8,3,0,1,0,1,2,30,2,1,2.0,0.0,2.0,0.0,0.0,0.0,21,3,5
105223,16,2,3,8,8,3,0,1,0,1,2,18,2,1,1.0,0.0,1.0,0.0,0.0,1.0,6,7,8
185110,16,4,1,17,1,3,6,1,1,1,2,6,2,2,0.0,0.0,0.0,0.0,0.0,2.0,19,7,12
67426,16,2,3,17,6,3,0,1,1,1,0,12,2,2,0.0,0.0,0.0,0.0,0.0,2.0,7,2,5
59940,15,2,3,0,6,3,0,1,0,1,2,18,2,2,0.0,0.0,0.0,0.0,0.0,3.0,16,4,5
64401,15,2,3,0,6,3,0,1,0,1,2,18,2,2,0.0,0.0,0.0,0.0,0.0,2.0,9,3,5
30212,16,2,3,9,6,3,0,1,0,1,0,6,2,3,1.0,0.0,0.0,1.0,0.0,1.0,14,5,3
18484,15,11,3,0,8,3,5,5,1,1,2,18,2,2,0.0,0.0,0.0,0.0,0.0,2.0,8,7,2
49576,16,10,1,0,1,3,4,1,1,1,2,6,2,2,0.0,0.0,0.0,0.0,0.0,3.0,4,6,4
155234,15,2,1,0,8,3,0,1,1,1,2,36,2,2,0.0,0.0,0.0,0.0,0.0,2.0,20,4,10
107137,16,3,3,17,6,3,0,1,0,1,2,12,2,3,1.0,0.0,0.0,1.0,0.0,1.0,18,3,8
11520,16,3,4,17,8,3,5,1,0,1,2,17,2,1,1.0,0.0,1.0,0.0,0.0,3.0,15,5,1
13760,16,2,1,10,3,3,0,1,1,1,1,19,2,2,0.0,0.0,0.0,0.0,0.0,4.0,1,6,1
167353,15,7,3,15,8,3,6,1,0,1,1,36,3,2,0.0,0.0,0.0,0.0,0.0,3.0,9,1,11
15717,16,2,1,17,8,3,5,5,1,0,0,22,2,2,0.0,0.0,0.0,0.0,0.0,2.0,0,7,2
167037,16,2,3,15,2,3,0,1,1,0,2,32,2,2,0.0,0.0,0.0,0.0,0.0,2.0,7,2,11
5896,16,10,3,4,8,3,4,5,1,1,2,36,1,2,0.0,0.0,0.0,0.0,0.0,1.0,7,6,1
179273,16,2,3,17,6,3,0,1,1,1,2,24,2,2,0.0,0.0,0.0,0.0,0.0,2.0,8,3,12
175231,15,2,3,8,6,3,0,1,1,1,0,36,2,2,0.0,0.0,0.0,0.0,0.0,2.0,12,2,12
29613,16,10,1,0,1,3,6,1,0,1,2,18,2,3,2.0,0.0,0.0,2.0,0.0,1.0,2,7,3
68192,16,2,3,17,2,3,0,1,0,1,2,24,2,2,0.0,0.0,0.0,0.0,0.0,5.0,4,6,5
15778,16,2,3,2,8,3,0,5,0,1,2,36,1,2,0.0,0.0,0.0,0.0,0.0,1.0,15,3,2
23131,16,2,3,17,2,3,0,1,1,1,1,36,2,2,0.0,0.0,0.0,0.0,0.0,4.0,12,1,2
128098,16,2,3,17,6,3,0,1,0,1,2,24,2,3,2.0,0.0,0.0,1.0,1.0,1.0,13,4,9
44373,16,2,1,0,6,3,0,5,0,1,2,6,2,2,0.0,0.0,0.0,0.0,0.0,4.0,0,3,4
102961,15,2,3,15,8,3,0,1,1,1,1,23,2,2,0.0,0.0,0.0,0.0,0.0,2.0,10,2,7
163977,15,10,3,0,6,3,6,1,0,1,2,18,2,4,4.0,0.0,0.0,0.0,4.0,3.0,16,3,11
169019,4,2,3,10,8,3,0,5,1,0,0,36,2,2,0.0,0.0,0.0,0.0,0.0,2.0,13,6,11
66798,16,2,3,0,11,3,0,5,1,1,2,36,2,2,0.0,0.0,0.0,0.0,0.0,2.0,15,7,5
1271,16,2,3,10,8,3,0,1,1,1,1,26,2,2,0.0,0.0,0.0,0.0,0.0,2.0,15,2,1
114971,16,2,3,17,6,3,0,1,1,1,1,36,2,2,0.0,0.0,0.0,0.0,0.0,2.0,15,2,8
85184,15,2,3,0,6,3,0,1,0,1,2,5,2,3,2.0,0.0,0.0,2.0,0.0,2.0,11,3,6
65773,4,2,1,0,0,3,0,1,1,1,1,36,2,2,0.0,0.0,0.0,0.0,0.0,2.0,22,4,5
11866,15,7,3,17,11,3,6,1,0,1,2,22,2,2,0.0,0.0,0.0,0.0,0.0,2.0,7,4,1
1474,16,2,3,0,11,3,0,1,1,1,1,36,2,2,0.0,0.0,0.0,0.0,0.0,5.0,10,2,1
113385,16,2,1,0,8,4,0,1,1,1,1,6,2,2,0.0,0.0,0.0,0.0,0.0,2.0,22,5,8
131409,16,2,3,0,19,3,0,1,1,1,2,17,2,2,0.0,0.0,0.0,0.0,0.0,2.0,13,6,9
49427,16,2,3,17,10,3,0,1,1,1,1,36,2,2,0.0,0.0,0.0,0.0,0.0,2.0,18,2,4
189043,16,7,1,17,2,3,6,1,1,1,2,36,2,2,0.0,0.0,0.0,0.0,0.0,2.0,5,3,12
88350,4,2,0,10,3,3,0,1,1,0,1,19,2,2,0.0,0.0,0.0,0.0,0.0,4.0,21,2,7
153723,15,2,1,17,8,3,0,1,0,1,2,23,6,2,0.0,0.0,0.0,0.0,0.0,4.0,19,6,10
134498,4,2,1,17,3,3,0,1,1,1,2,18,2,2,0.0,0.0,0.0,0.0,0.0,3.0,19,7,9
183461,15,2,0,0,8,3,0,5,0,1,2,18,3,3,1.0,0.0,0.0,1.0,0.0,5.0,17,4,12
172198,16,2,1,17,2,3,0,1,0,1,2,36,2,4,1.0,0.0,0.0,0.0,1.0,1.0,16,6,12
164165,4,2,3,2,3,3,0,1,1,0,2,38,1,2,0.0,0.0,0.0,0.0,0.0,1.0,8,6,11
122314,15,2,3,17,11,3,0,1,0,1,2,24,2,4,1.0,0.0,0.0,0.0,1.0,1.0,8,3,9
83127,15,2,3,10,3,3,0,1,1,1,1,19,2,2,0.0,0.0,0.0,0.0,0.0,2.0,14,4,6
73707,16,2,3,17,6,3,0,1,1,1,2,24,2,2,0.0,0.0,0.0,0.0,0.0,4.0,11,7,6
283,4,7,4,17,6,3,4,1,1,0,0,36,2,2,0.0,0.0,0.0,0.0,0.0,2.0,12,6,1
13119,15,10,3,0,3,3,6,1,0,0,2,5,2,3,2.0,0.0,0.0,1.0,1.0,0.0,8,4,1
7883,16,2,1,17,6,3,0,1,0,1,1,18,2,2,0.0,0.0,0.0,0.0,0.0,2.0,18,1,1
5406,16,2,3,2,6,3,6,1,0,1,2,36,1,3,1.0,0.0,0.0,1.0,0.0,0.0,11,7,1
182281,15,2,1,0,6,3,1,1,0,1,2,11,2,2,0.0,0.0,0.0,0.0,0.0,5.0,20,1,12
11742,16,10,1,10,6,3,4,1,1,1,2,39,2,2,0.0,0.0,0.0,0.0,0.0,2.0,6,2,1
45892,16,10,3,15,8,3,4,1,1,1,0,12,2,2,0.0,0.0,0.0,0.0,0.0,2.0,8,2,4
116399,16,2,3,17,8,3,0,1,0,1,2,12,2,3,1.0,0.0,0.0,1.0,0.0,3.0,12,2,8
104768,16,7,3,17,3,3,6,1,0,1,2,18,2,4,3.0,0.0,0.0,0.0,3.0,1.0,18,1,8
47938,16,2,3,17,11,3,0,1,1,1,2,12,2,2,0.0,0.0,0.0,0.0,0.0,2.0,18,5,4
12604,16,10,3,0,15,3,6,1,0,1,2,17,2,2,0.0,0.0,0.0,0.0,0.0,2.0,13,3,1
114995,4,2,3,17,8,3,0,1,0,1,2,24,2,1,1.0,0.0,1.0,0.0,0.0,1.0,7,2,8
106277,16,2,1,17,8,3,0,1,0,1,2,36,2,2,0.0,0.0,0.0,0.0,0.0,4.0,1,2,8
167587,16,10,5,10,2,3,4,5,1,0,2,39,2,2,0.0,0.0,0.0,0.0,0.0,2.0,11,5,11
70348,4,2,3,0,8,3,0,1,1,1,2,18,2,2,0.0,0.0,0.0,0.0,0.0,2.0,17,6,5
99575,4,2,1,15,8,3,0,5,1,1,2,26,2,2,0.0,0.0,0.0,0.0,0.0,2.0,22,7,7
35154,16,2,3,10,2,3,0,1,1,1,1,19,2,2,0.0,0.0,0.0,0.0,0.0,2.0,9,3,3
18933,15,3,3,17,8,3,6,1,0,1,2,18,2,4,2.0,0.0,0.0,0.0,2.0,0.0,10,1,2
27824,16,2,4,0,1,3,0,1,1,0,1,18,2,2,0.0,0.0,0.0,0.0,0.0,2.0,17,6,2
162757,16,3,3,9,2,3,0,6,0,1,2,17,2,1,1.0,0.0,1.0,0.0,0.0,3.0,13,7,11
188387,16,4,1,0,6,3,6,1,1,1,2,6,2,2,0.0,0.0,0.0,0.0,0.0,2.0,3,6,12
34929,16,7,3,17,8,3,6,1,1,1,2,18,2,2,0.0,0.0,0.0,0.0,0.0,2.0,13,6,3
139734,16,2,3,10,8,3,0,1,1,1,2,36,2,2,0.0,0.0,0.0,0.0,0.0,2.0,17,4,10
146775,17,11,5,17,15,3,5,5,1,1,2,36,2,2,0.0,0.0,0.0,0.0,0.0,2.0,7,2,10
14914,16,2,3,0,8,3,4,1,0,1,2,3,2,4,2.0,0.0,0.0,0.0,2.0,1.0,16,2,1
47746,16,2,1,17,8,3,0,1,1,1,1,24,2,2,0.0,0.0,0.0,0.0,0.0,2.0,23,7,4
114074,16,2,1,17,1,3,0,1,1,1,2,6,2,2,0.0,0.0,0.0,0.0,0.0,2.0,21,1,8
79839,16,2,3,15,18,3,0,1,1,1,0,36,2,2,0.0,0.0,0.0,0.0,0.0,2.0,18,7,6