crash_date,               traffic_control_device,weather_condition,lighting_condition,first_crash_type,trafficway_type,alignment,roadway_surface_cond,road_defect,crash_type,intersection_related_i,damage,prim_contributory_cause,num_units,most_severe_injury,injuries_total,injuries_fatal,injuries_incapacitating,injuries_non_incapacitating,injuries_reported_not_evident,injuries_no_indication,crash_hour,crash_day_of_week,crash_month
7858,15,10,3,17,8,3,6,1,1,1,2,18,2,2,0.0,0.0,0.0,0.0,0.0,3.0,12,7,1
159173,16,2,1,10,8,3,0,1,1,1,2,36,2,2,0.0,0.0,0.0,0.0,0.0,2.0,22,7,11
89255,16,11,5,17,6,3,5,5,1,1,2,18,2,2,0.0,0.0,0.0,0.0,0.0,2.0,21,2,7
159025,16,2,3,17,3,3,0,1,0,1,2,24,2,3,2.0,0.0,0.0,2.0,0.0,1.0,11,1,11
8520,15,2,1,17,18,3,1,1,1,1,2,18,2,2,0.0,0.0,0.0,0.0,0.0,2.0,20,4,1
56605,16,7,4,15,8,3,6,5,1,1,0,23,2,2,0.0,0.0,0.0,0.0,0.0,2.0,18,5,5
7162,16,2,1,2,8,3,0,3,1,1,2,33,1,2,0.0,0.0,0.0,0.0,0.0,1.0,23,3,1
172519,15,2,3,2,15,3,0,5,1,1,2,36,1,2,0.0,0.0,0.0,0.0,0.0,1.0,17,5,12
24548,16,2,3,17,10,3,0,1,1,1,2,23,2,2,0.0,0.0,0.0,0.0,0.0,2.0,11,5,2
17911,16,7,1,10,8,3,6,1,1,0,1,16,2,2,0.0,0.0,0.0,0.0,0.0,2.0,3,5,2
38521,16,2,3,15,2,3,0,1,1,1,0,36,2,2,0.0,0.0,0.0,0.0,0.0,2.0,7,6,3
183835,16,2,3,15,8,3,0,1,1,1,1,36,2,2,0.0,0.0,0.0,0.0,0.0,3.0,12,7,12
157839,16,2,1,3,2,3,0,1,1,1,2,23,2,2,0.0,0.0,0.0,0.0,0.0,2.0,21,6,11
3926,16,11,3,10,10,3,5,5,1,0,1,19,2,2,0.0,0.0,0.0,0.0,0.0,4.0,16,3,1
114389,16,3,4,10,6,3,0,1,1,1,2,36,2,2,0.0,0.0,0.0,0.0,0.0,9.0,19,7,8
112195,16,2,1,10,8,3,0,1,0,1,2,17,2,4,4.0,0.0,0.0,0.0,4.0,1.0,0,1,8
93983,16,2,3,9,3,3,0,1,0,1,0,6,2,3,1.0,0.0,0.0,1.0,0.0,1.0,14,5,7
138095,16,2,3,17,8,3,0,1,0,1,2,24,2,4,2.0,0.0,0.0,0.0,2.0,0.0,16,3,10
82420,16,2,1,17,10,3,0,1,1,1,2,24,2,2,0.0,0.0,0.0,0.0,0.0,5.0,3,2,6
133973,16,2,1,2,3,3,0,1,0,1,2,6,3,3,1.0,0.0,0.0,1.0,0.0,8.0,21,7,9
56570,6,7,0,2,8,3,6,1,1,1,1,36,1,2,0.0,0.0,0.0,0.0,0.0,1.0,23,4,5
157532,16,7,1,9,2,3,6,1,0,1,0,18,2,3,1.0,0.0,0.0,1.0,0.0,1.0,16,1,11
103429,16,2,3,17,8,3,0,1,1,1,2,18,2,2,0.0,0.0,0.0,0.0,0.0,2.0,15,2,7
42803,16,2,3,10,2,3,0,1,1,1,2,19,2,2,0.0,0.0,0.0,0.0,0.0,3.0,10,2,4
147925,18,2,3,17,16,3,0,5,0,1,2,18,2,4,1.0,0.0,0.0,0.0,1.0,3.0,14,6,10
93443,15,2,3,7,8,3,0,1,1,1,1,22,2,2,0.0,0.0,0.0,0.0,0.0,2.0,9,3,7
188861,16,2,4,9,15,3,0,1,0,0,2,36,2,1,1.0,0.0,1.0,0.0,0.0,1.0,16,6,12
34383,4,2,3,2,10,3,0,1,0,1,2,12,1,2,0.0,0.0,0.0,0.0,0.0,4.0,14,4,3
77944,16,2,3,10,8,3,0,1,1,1,2,19,2,2,0.0,0.0,0.0,0.0,0.0,3.0,10,7,6
104248,16,2,1,17,1,3,5,5,0,1,2,36,2,3,2.0,0.0,0.0,2.0,0.0,1.0,2,1,8
27734,16,2,3,17,1,3,0,1,0,1,2,18,2,2,0.0,0.0,0.0,0.0,0.0,4.0,14,5,2
128752,4,2,3,0,8,3,0,1,1,1,0,36,2,2,0.0,0.0,0.0,0.0,0.0,2.0,13,6,9
101974,16,2,0,0,2,3,0,1,1,1,2,17,2,2,0.0,0.0,0.0,0.0,0.0,2.0,20,1,7
187147,16,10,1,9,8,3,4,1,0,1,0,12,2,3,1.0,0.0,0.0,1.0,0.0,1.0,22,6,12
180616,4,2,1,0,8,3,0,5,1,1,2,18,2,2,0.0,0.0,0.0,0.0,0.0,3.0,23,6,12
31477,16,2,3,10,8,3,0,1,1,1,1,17,2,2,0.0,0.0,0.0,0.0,0.0,2.0,7,5,3
167683,16,2,3,10,8,3,0,1,1,1,2,8,3,2,0.0,0.0,0.0,0.0,0.0,5.0,9,4,11
103587,16,2,3,10,2,3,0,1,1,0,1,9,2,2,0.0,0.0,0.0,0.0,0.0,2.0,12,4,7
56635,16,7,3,10,1,3,6,1,1,1,2,17,2,2,0.0,0.0,0.0,0.0,0.0,3.0,10,5,5
716,15,2,3,0,3,3,0,1,0,1,2,6,2,2,0.0,0.0,0.0,0.0,0.0,3.0,7,5,1
38734,15,7,3,0,6,3,6,5,0,1,2,18,2,3,1.0,0.0,0.0,1.0,0.0,1.0,9,4,3
177330,16,2,3,17,5,3,0,1,0,1,2,18,2,1,1.0,0.0,1.0,0.0,0.0,1.0,10,3,12
21297,16,2,1,17,15,2,5,5,1,1,2,36,2,2,0.0,0.0,0.0,0.0,0.0,2.0,17,6,2
32680,16,2,3,17,6,3,0,1,1,1,2,36,2,2,0.0,0.0,0.0,0.0,0.0,2.0,15,4,3
15812,16,2,3,0,6,3,6,1,0,1,2,18,2,2,0.0,0.0,0.0,0.0,0.0,2.0,12,3,2
123420,15,7,3,0,8,4,6,1,0,1,1,38,2,3,2.0,0.0,0.0,1.0,1.0,1.0,12,5,9
44274,15,2,3,0,8,3,0,1,0,1,2,18,2,2,0.0,0.0,0.0,0.0,0.0,2.0,22,1,4
35798,4,2,3,10,8,3,0,1,1,1,0,19,2,2,0.0,0.0,0.0,0.0,0.0,2.0,12,7,3
2426,16,2,1,8,8,3,0,5,1,1,1,6,2,2,0.0,0.0,0.0,0.0,0.0,2.0,0,6,1
165809,16,2,3,7,8,3,0,1,1,1,0,36,2,2,0.0,0.0,0.0,0.0,0.0,1.0,10,7,11
116109,16,2,3,15,6,3,0,1,1,1,2,12,2,2,0.0,0.0,0.0,0.0,0.0,2.0,8,6,8
57406,4,2,3,17,6,3,0,1,1,1,2,23,2,2,0.0,0.0,0.0,0.0,0.0,2.0,16,6,5
98794,15,2,3,10,8,3,0,1,0,1,0,19,2,3,2.0,0.0,0.0,2.0,0.0,4.0,16,1,7
123825,4,2,3,17,11,3,0,5,1,1,2,12,2,2,0.0,0.0,0.0,0.0,0.0,2.0,8,4,9
119757,16,2,3,11,6,3,0,5,1,1,1,12,2,2,0.0,0.0,0.0,0.0,0.0,2.0,18,3,8
104407,4,2,3,7,12,3,0,1,1,1,2,19,2,2,0.0,0.0,0.0,0.0,0.0,1.0,6,3,8
50204,16,2,3,0,2,3,0,1,1,1,2,38,2,2,0.0,0.0,0.0,0.0,0.0,2.0,10,3,4
63069,15,7,3,0,6,3,6,1,1,1,1,17,2,2,0.0,0.0,0.0,0.0,0.0,3.0,6,3,5
35245,16,2,3,10,18,3,0,5,0,1,1,36,2,3,1.0,0.0,0.0,1.0,0.0,1.0,14,6,3
183707,15,2,1,17,8,3,0,1,1,1,2,5,2,2,0.0,0.0,0.0,0.0,0.0,5.0,17,6,12
60080,16,2,3,15,1,3,0,1,0,1,2,22,2,4,1.0,0.0,0.0,0.0,1.0,4.0,18,4,5
8143,16,2,3,10,8,3,0,1,0,1,2,19,3,4,1.0,0.0,0.0,0.0,1.0,2.0,7,4,1
75779,16,2,3,10,6,3,0,1,1,1,2,36,2,2,0.0,0.0,0.0,0.0,0.0,4.0,17,3,6
64705,16,2,1,0,6,3,0,1,0,1,2,36,2,2,0.0,0.0,0.0,0.0,0.0,3.0,3,7,5
20961,16,2,4,17,6,3,0,1,0,1,2,24,2,2,0.0,0.0,0.0,0.0,0.0,2.0,17,2,2
139056,16,7,1,0,17,3,6,5,1,1,2,6,2,2,0.0,0.0,0.0,0.0,0.0,3.0,22,7,10
172952,15,3,4,10,8,3,0,1,1,1,0,19,2,2,0.0,0.0,0.0,0.0,0.0,2.0,15,4,12
14135,15,2,1,17,2,3,0,1,0,1,0,36,2,4,1.0,0.0,0.0,0.0,1.0,1.0,16,2,1
143438,15,3,3,0,10,3,6,1,1,1,0,18,2,2,0.0,0.0,0.0,0.0,0.0,3.0,10,4,10
104494,15,3,3,0,6,3,0,5,0,1,2,18,2,2,0.0,0.0,0.0,0.0,0.0,3.0,9,5,8
92899,15,2,3,0,8,3,0,1,0,1,2,36,2,3,1.0,0.0,0.0,1.0,0.0,1.0,16,4,7
83242,16,2,0,0,8,3,0,1,0,1,2,6,2,2,0.0,0.0,0.0,0.0,0.0,3.0,22,6,6
5097,16,9,3,10,8,3,6,1,1,1,0,36,2,2,0.0,0.0,0.0,0.0,0.0,2.0,16,7,1
104294,16,2,3,17,2,3,0,1,0,1,2,28,2,4,1.0,0.0,0.0,0.0,1.0,3.0,9,1,8
171308,15,2,1,0,6,3,6,1,0,1,2,5,2,3,1.0,0.0,0.0,1.0,0.0,2.0,0,6,11
59068,16,2,3,17,8,3,0,1,0,1,2,6,2,3,2.0,0.0,0.0,2.0,0.0,2.0,7,2,5
133568,4,2,3,17,2,3,0,1,1,1,1,18,2,2,0.0,0.0,0.0,0.0,0.0,2.0,17,5,9
101480,15,7,1,0,6,3,6,5,0,1,2,36,2,2,0.0,0.0,0.0,0.0,0.0,2.0,2,2,7
183652,16,2,1,15,3,3,0,1,0,1,2,23,3,2,0.0,0.0,0.0,0.0,0.0,7.0,19,5,12
134486,16,2,2,17,6,3,0,5,0,1,2,36,2,2,0.0,0.0,0.0,0.0,0.0,2.0,5,7,9
184976,15,3,3,17,6,3,0,1,0,1,2,36,2,2,0.0,0.0,0.0,0.0,0.0,3.0,11,4,12
21296,15,2,1,0,6,3,0,1,0,1,2,18,2,2,0.0,0.0,0.0,0.0,0.0,3.0,17,6,2
103505,15,2,3,8,10,3,0,1,1,1,1,38,2,2,0.0,0.0,0.0,0.0,0.0,2.0,9,3,7
105652,16,2,0,17,8,3,0,1,0,1,2,18,2,3,1.0,0.0,0.0,1.0,0.0,2.0,22,6,8
79506,16,2,3,10,8,3,0,1,1,1,1,19,2,2,0.0,0.0,0.0,0.0,0.0,2.0,20,7,6
179566,16,2,0,17,3,3,0,1,0,1,2,6,2,3,1.0,0.0,0.0,1.0,0.0,4.0,23,5,12
161330,15,2,3,0,6,3,0,1,0,1,2,36,2,4,1.0,0.0,0.0,0.0,1.0,5.0,10,1,11
64423,16,2,3,10,6,3,0,1,1,1,1,19,2,2,0.0,0.0,0.0,0.0,0.0,2.0,15,4,5
125006,16,2,1,17,8,3,0,1,1,1,2,24,2,2,0.0,0.0,0.0,0.0,0.0,4.0,23,7,9
30624,4,2,3,7,8,3,0,1,1,1,2,36,2,2,0.0,0.0,0.0,0.0,0.0,1.0,16,4,3
48708,15,2,3,0,2,3,0,1,1,1,2,5,2,2,0.0,0.0,0.0,0.0,0.0,3.0,15,4,4
101346,16,2,3,8,2,3,0,5,0,1,0,18,2,3,1.0,0.0,0.0,1.0,0.0,1.0,7,6,7
44461,15,2,0,0,18,3,0,1,0,1,2,5,2,1,2.0,0.0,1.0,1.0,0.0,0.0,20,6,4
137164,16,3,3,10,2,3,0,1,0,1,0,19,2,3,2.0,0.0,0.0,2.0,0.0,2.0,10,1,9
157435,16,7,3,10,8,3,6,1,1,0,2,19,2,2,0.0,0.0,0.0,0.0,0.0,3.0,14,7,11
11988,16,2,1,0,1,3,0,1,0,1,2,6,2,2,0.0,0.0,0.0,0.0,0.0,4.0,22,5,1
125494,16,2,1,17,2,5,0,1,1,1,1,24,2,2,0.0,0.0,0.0,0.0,0.0,2.0,2,1,9
170436,4,2,3,15,10,3,0,2,1,1,1,23,2,2,0.0,0.0,0.0,0.0,0.0,2.0,12,7,11
135830,4,2,1,17,9,3,0,5,0,1,2,18,3,2,0.0,0.0,0.0,0.0,0.0,3.0,20,6,9
64130,16,2,3,10,2,3,0,1,1,1,1,19,2,2,0.0,0.0,0.0,0.0,0.0,2.0,14,5,5
120468,16,2,3,10,6,3,0,1,1,1,2,19,2,2,0.0,0.0,0.0,0.0,0.0,2.0,10,7,8
148457,15,7,3,17,6,3,6,1,1,1,2,36,2,2,0.0,0.0,0.0,0.0,0.0,2.0,16,5,10
133633,16,2,3,8,8,3,0,1,0,1,2,6,2,3,1.0,0.0,0.0,1.0,0.0,1.0,11,1,9
170380,16,2,1,0,15,3,0,1,0,1,2,6,2,2,0.0,0.0,0.0,0.0,0.0,7.0,0,6,11
89991,16,11,5,15,2,3,5,5,1,1,1,21,2,2,0.0,0.0,0.0,0.0,0.0,2.0,19,6,7
24807,4,2,3,9,2,3,0,1,0,0,0,26,2,4,1.0,0.0,0.0,0.0,1.0,1.0,12,4,2
162504,16,2,1,2,8,3,0,1,0,1,2,36,1,3,1.0,0.0,0.0,1.0,0.0,0.0,19,2,11
71415,16,2,3,0,8,3,0,1,1,1,2,6,2,2,0.0,0.0,0.0,0.0,0.0,2.0,14,1,5
115415,16,2,3,10,2,3,0,1,1,1,2,36,2,2,0.0,0.0,0.0,0.0,0.0,4.0,15,2,8
138744,16,7,1,10,8,3,6,5,1,1,1,19,2,2,0.0,0.0,0.0,0.0,0.0,2.0,20,7,10
2980,16,7,2,2,2,3,6,1,0,1,2,17,1,2,0.0,0.0,0.0,0.0,0.0,1.0,14,1,1
161157,16,2,3,17,8,3,0,1,1,1,2,18,2,2,0.0,0.0,0.0,0.0,0.0,4.0,15,5,11
71245,16,2,3,17,2,3,0,1,1,1,1,28,2,2,0.0,0.0,0.0,0.0,0.0,2.0,16,5,5
113631,4,2,1,10,8,3,0,1,1,0,2,8,2,2,0.0,0.0,0.0,0.0,0.0,2.0,20,1,8
100229,16,2,3,17,2,3,0,1,0,1,2,24,2,2,0.0,0.0,0.0,0.0,0.0,3.0,14,3,7
94474,16,2,3,8,6,3,0,5,0,1,1,18,2,1,1.0,0.0,1.0,0.0,0.0,1.0,19,7,7
130434,16,2,3,0,8,3,0,1,0,1,2,36,3,4,6.0,0.0,0.0,0.0,6.0,0.0,12,7,9
145400,15,2,4,9,10,3,0,1,0,1,2,5,2,3,1.0,0.0,0.0,1.0,0.0,1.0,11,2,10
79125,16,2,3,17,6,3,0,5,1,1,2,36,2,2,0.0,0.0,0.0,0.0,0.0,2.0,7,3,6
127146,16,2,3,17,8,3,0,5,0,1,2,36,2,2,0.0,0.0,0.0,0.0,0.0,2.0,11,5,9
161884,16,7,0,17,8,3,6,1,1,1,1,23,2,2,0.0,0.0,0.0,0.0,0.0,2.0,17,1,11
97387,16,2,3,17,8,3,0,1,0,1,2,36,2,3,3.0,0.0,0.0,1.0,2.0,1.0,16,2,7
149313,15,2,3,0,8,3,0,1,1,1,0,36,2,2,0.0,0.0,0.0,0.0,0.0,2.0,14,2,10
138982,16,2,1,0,8,3,0,1,0,1,2,6,2,3,4.0,0.0,0.0,4.0,0.0,0.0,21,5,10
119996,17,2,1,8,8,3,0,5,0,1,0,36,2,3,1.0,0.0,0.0,1.0,0.0,1.0,21,5,8
170193,16,2,3,0,8,3,6,1,0,1,2,39,2,2,0.0,0.0,0.0,0.0,0.0,2.0,13,3,11
146469,16,2,2,15,3,3,0,1,1,1,0,36,2,2,0.0,0.0,0.0,0.0,0.0,3.0,17,3,10
162726,16,2,1,15,8,3,0,1,1,0,1,22,2,2,0.0,0.0,0.0,0.0,0.0,3.0,19,6,11
38863,16,2,0,8,6,3,5,5,0,1,2,36,2,3,1.0,0.0,0.0,1.0,0.0,1.0,0,7,3
161787,15,2,1,0,6,3,0,1,1,1,2,3,2,2,0.0,0.0,0.0,0.0,0.0,2.0,4,2,11
16856,15,2,3,10,8,3,5,5,1,1,1,19,2,2,0.0,0.0,0.0,0.0,0.0,6.0,14,1,2
41876,15,2,3,17,2,3,0,1,0,1,2,18,2,1,1.0,0.0,1.0,0.0,0.0,2.0,18,7,3
110189,16,11,5,10,8,3,5,5,1,1,2,36,2,2,0.0,0.0,0.0,0.0,0.0,2.0,17,6,8
122792,4,2,3,8,8,3,0,1,0,1,2,36,2,1,2.0,0.0,2.0,0.0,0.0,0.0,19,3,9
168003,16,2,3,10,2,3,0,1,1,1,2,36,2,2,0.0,0.0,0.0,0.0,0.0,2.0,13,4,11
126251,16,3,3,17,6,3,0,1,0,1,2,36,2,2,0.0,0.0,0.0,0.0,0.0,2.0,16,6,9
28164,16,2,3,0,8,3,0,1,0,1,2,6,2,3,1.0,0.0,0.0,1.0,0.0,1.0,12,7,2
145982,16,2,3,0,2,3,0,5,0,1,2,6,2,3,2.0,0.0,0.0,2.0,0.0,1.0,14,5,10
179737,16,2,3,3,6,3,0,5,0,1,2,5,3,2,0.0,0.0,0.0,0.0,0.0,3.0,15,2,12
112581,16,2,1,2,8,3,6,1,0,1,2,13,1,2,0.0,0.0,0.0,0.0,0.0,2.0,21,6,8
703,16,2,1,17,8,3,0,1,1,1,2,36,2,2,0.0,0.0,0.0,0.0,0.0,2.0,17,5,1
121068,16,2,1,17,6,3,0,1,0,1,2,18,2,3,1.0,0.0,0.0,1.0,0.0,2.0,20,1,9
158032,4,2,1,15,8,3,0,1,1,1,2,23,2,2,0.0,0.0,0.0,0.0,0.0,5.0,2,7,11
91786,16,2,3,0,6,3,0,1,0,1,2,6,2,4,2.0,0.0,0.0,0.0,2.0,0.0,14,7,7
98505,16,2,1,0,6,3,6,1,1,1,2,24,2,2,0.0,0.0,0.0,0.0,0.0,3.0,1,5,7
180095,4,2,3,0,8,2,0,1,1,1,1,36,2,2,0.0,0.0,0.0,0.0,0.0,2.0,8,3,12
174462,4,2,3,15,2,3,0,1,1,1,1,36,2,2,0.0,0.0,0.0,0.0,0.0,2.0,12,4,12
68877,15,7,0,9,8,3,6,1,0,1,0,17,2,0,1.0,1.0,0.0,0.0,0.0,1.0,4,4,5
173611,15,7,1,10,6,3,6,1,1,1,2,36,2,2,0.0,0.0,0.0,0.0,0.0,2.0,2,1,12
175841,16,2,1,17,6,3,0,5,1,1,0,22,2,2,0.0,0.0,0.0,0.0,0.0,2.0,18,5,12
77757,16,7,3,17,8,3,6,1,1,1,1,36,2,2,0.0,0.0,0.0,0.0,0.0,2.0,18,4,6
58008,16,2,2,0,3,3,0,1,0,1,2,6,2,2,0.0,0.0,0.0,0.0,0.0,5.0,5,7,5
65658,16,7,3,17,8,3,6,1,1,1,2,17,2,2,0.0,0.0,0.0,0.0,0.0,3.0,18,1,5
79451,16,7,3,0,6,3,6,1,1,1,2,36,2,2,0.0,0.0,0.0,0.0,0.0,4.0,13,7,6
70692,16,2,1,17,8,3,6,1,1,1,2,36,2,2,0.0,0.0,0.0,0.0,0.0,2.0,22,3,5
10975,16,7,1,0,6,3,6,1,1,1,2,6,2,2,0.0,0.0,0.0,0.0,0.0,2.0,20,2,1
22773,4,10,0,7,10,3,4,1,1,1,1,13,2,2,0.0,0.0,0.0,0.0,0.0,1.0,19,4,2
180630,16,11,5,17,10,3,5,1,1,1,2,23,2,2,0.0,0.0,0.0,0.0,0.0,2.0,1,1,12
165463,4,2,1,17,8,3,5,5,1,1,2,18,2,2,0.0,0.0,0.0,0.0,0.0,2.0,17,1,11
60088,4,7,3,17,8,3,6,1,1,1,1,36,2,2,0.0,0.0,0.0,0.0,0.0,3.0,7,4,5
65842,16,2,3,10,8,3,0,1,0,1,1,36,2,2,0.0,0.0,0.0,0.0,0.0,3.0,10,5,5
120737,15,2,3,0,10,3,0,1,1,1,2,36,2,2,0.0,0.0,0.0,0.0,0.0,2.0,18,3,9
181767,16,2,3,17,6,3,0,1,1,1,2,18,2,2,0.0,0.0,0.0,0.0,0.0,2.0,12,1,12
186746,15,2,1,17,15,3,0,1,1,1,0,18,2,2,0.0,0.0,0.0,0.0,0.0,3.0,16,2,12
76085,17,2,1,7,2,3,0,5,1,1,0,36,2,2,0.0,0.0,0.0,0.0,0.0,1.0,2,7,6
153492,16,7,2,10,10,3,6,1,1,1,2,39,2,2,0.0,0.0,0.0,0.0,0.0,2.0,6,1,10
120876,4,2,3,14,8,3,0,1,0,1,2,13,4,4,1.0,0.0,0.0,0.0,1.0,1.0,16,5,9
85256,11,7,3,10,2,3,6,1,1,1,1,19,2,2,0.0,0.0,0.0,0.0,0.0,2.0,18,3,6
68834,16,2,3,10,8,3,0,1,1,1,1,19,2,2,0.0,0.0,0.0,0.0,0.0,2.0,7,3,5
48132,4,7,1,9,8,3,6,1,0,1,2,18,2,3,1.0,0.0,0.0,1.0,0.0,1.0,20,7,4
176313,15,2,1,0,2,3,0,1,1,1,2,18,2,2,0.0,0.0,0.0,0.0,0.0,4.0,18,5,12
186558,15,2,1,0,2,3,0,1,0,1,2,18,2,1,1.0,0.0,1.0,0.0,0.0,3.0,2,5,12
96349,16,2,3,17,6,3,0,1,0,1,2,36,2,3,2.0,0.0,0.0,2.0,0.0,0.0,16,7,7
84804,16,2,3,0,8,3,0,1,0,1,2,26,3,2,0.0,0.0,0.0,0.0,0.0,3.0,6,3,6
130278,9,2,3,15,6,3,0,1,1,0,2,18,2,2,0.0,0.0,0.0,0.0,0.0,2.0,9,4,9
102183,16,2,3,0,6,3,0,1,0,1,2,36,2,4,3.0,0.0,0.0,0.0,3.0,1.0,11,5,7
67028,4,2,3,17,8,3,0,1,0,1,2,36,2,3,1.0,0.0,0.0,1.0,0.0,1.0,8,4,5
107253,16,7,3,17,8,3,6,1,1,1,2,24,2,2,0.0,0.0,0.0,0.0,0.0,2.0,15,3,8
83100,4,2,3,2,8,3,0,1,1,1,1,36,1,2,0.0,0.0,0.0,0.0,0.0,1.0,8,6,6
181425,16,2,3,0,8,3,0,1,0,1,2,26,2,1,2.0,0.0,1.0,1.0,0.0,0.0,12,2,12
45680,15,5,1,17,7,3,6,1,0,0,2,23,3,1,2.0,0.0,1.0,0.0,1.0,1.0,23,6,4
29420,16,2,3,17,6,3,0,1,1,1,1,18,2,2,0.0,0.0,0.0,0.0,0.0,3.0,14,5,3
16432,15,10,3,0,8,3,4,5,1,1,2,39,2,2,0.0,0.0,0.0,0.0,0.0,3.0,15,1,2
16662,4,10,3,17,8,3,6,1,1,1,1,36,2,2,0.0,0.0,0.0,0.0,0.0,3.0,15,6,2
148357,4,2,3,8,8,3,0,1,0,1,2,36,2,3,1.0,0.0,0.0,1.0,0.0,1.0,8,3,10
119288,4,2,3,17,15,3,0,1,1,1,0,23,2,2,0.0,0.0,0.0,0.0,0.0,2.0,18,3,8
32874,16,2,1,0,8,3,0,1,0,1,2,6,2,4,1.0,0.0,0.0,0.0,1.0,1.0,21,1,3
168661,4,2,0,10,8,3,0,1,1,0,0,19,2,2,0.0,0.0,0.0,0.0,0.0,3.0,16,6,11
44276,16,2,3,13,6,3,0,1,0,1,2,36,2,2,0.0,0.0,0.0,0.0,0.0,2.0,11,1,4
184720,4,11,5,5,8,3,0,1,1,0,0,36,1,2,0.0,0.0,0.0,0.0,0.0,1.0,18,6,12
50986,16,3,3,17,8,3,0,1,1,1,2,22,2,2,0.0,0.0,0.0,0.0,0.0,2.0,6,3,4
157058,15,2,3,15,2,3,0,1,1,1,2,18,2,2,0.0,0.0,0.0,0.0,0.0,2.0,16,1,11
178173,16,2,3,15,16,3,0,1,1,1,2,22,2,2,0.0,0.0,0.0,0.0,0.0,2.0,8,2,12
36155,15,2,3,0,2,3,0,1,0,1,2,18,2,2,0.0,0.0,0.0,0.0,0.0,3.0,18,6,3
117038,16,7,3,17,6,3,6,1,0,1,2,23,4,4,2.0,0.0,0.0,0.0,2.0,5.0,8,5,8
63122,15,2,3,0,8,3,0,1,0,1,2,18,2,2,0.0,0.0,0.0,0.0,0.0,5.0,17,2,5
180798,16,2,3,17,8,3,0,1,1,1,1,26,2,2,0.0,0.0,0.0,0.0,0.0,2.0,9,7,12
32893,15,2,3,8,10,3,0,1,0,1,0,18,2,3,1.0,0.0,0.0,1.0,0.0,1.0,17,6,3
66614,16,2,3,17,8,3,0,1,1,1,2,36,2,2,0.0,0.0,0.0,0.0,0.0,2.0,9,3,5
187274,16,2,1,10,9,3,0,6,0,1,2,36,3,3,1.0,0.0,0.0,1.0,0.0,2.0,23,2,12
91628,4,2,3,15,3,3,0,1,1,1,1,23,2,2,0.0,0.0,0.0,0.0,0.0,2.0,6,4,7
163547,16,3,3,10,2,3,5,5,1,1,2,19,2,2,0.0,0.0,0.0,0.0,0.0,2.0,8,5,11
84009,16,2,3,10,6,3,0,5,1,1,2,12,2,2,0.0,0.0,0.0,0.0,0.0,2.0,16,5,6
60217,4,2,3,17,8,3,0,1,0,1,2,18,2,2,0.0,0.0,0.0,0.0,0.0,2.0,16,7,5
89053,4,2,3,17,6,3,0,1,0,1,2,18,2,1,1.0,0.0,1.0,0.0,0.0,1.0,10,6,7
143764,16,2,0,10,6,3,0,5,1,1,0,12,2,2,0.0,0.0,0.0,0.0,0.0,2.0,2,3,10
84298,16,7,3,17,8,3,6,1,0,1,2,12,2,3,1.0,0.0,0.0,1.0,0.0,1.0,13,2,6
153987,15,2,4,0,8,3,0,1,0,1,2,18,2,2,0.0,0.0,0.0,0.0,0.0,3.0,18,2,10
167349,16,7,3,17,8,3,6,1,1,1,1,36,2,2,0.0,0.0,0.0,0.0,0.0,2.0,8,1,11
32863,15,2,1,0,6,3,0,1,0,1,2,5,2,3,2.0,0.0,0.0,2.0,0.0,2.0,19,1,3
23649,16,2,3,14,8,3,0,1,1,1,1,21,2,2,0.0,0.0,0.0,0.0,0.0,2.0,13,4,2
33743,16,2,1,3,6,3,0,1,1,1,2,10,2,2,0.0,0.0,0.0,0.0,0.0,2.0,1,3,3
116873,16,2,3,0,2,3,0,1,1,1,1,18,2,2,0.0,0.0,0.0,0.0,0.0,3.0,15,3,8
156688,16,2,3,17,15,3,0,1,1,1,2,24,2,2,0.0,0.0,0.0,0.0,0.0,3.0,12,3,11
80163,16,2,3,10,6,3,0,1,0,1,2,17,2,4,1.0,0.0,0.0,0.0,1.0,1.0,10,4,6
8300,15,10,0,10,10,3,4,5,1,1,2,39,2,2,0.0,0.0,0.0,0.0,0.0,4.0,20,6,1
94057,16,2,3,10,2,3,0,1,1,1,1,19,2,2,0.0,0.0,0.0,0.0,0.0,2.0,7,6,7
55135,16,2,3,15,8,3,0,1,1,1,1,36,2,2,0.0,0.0,0.0,0.0,0.0,2.0,15,2,4
96099,16,2,3,17,3,3,0,1,1,1,2,24,2,2,0.0,0.0,0.0,0.0,0.0,4.0,15,3,7
77756,16,7,3,15,8,3,6,1,1,1,2,23,2,2,0.0,0.0,0.0,0.0,0.0,2.0,18,4,6
68269,15,2,3,17,8,3,0,1,1,1,0,18,2,2,0.0,0.0,0.0,0.0,0.0,3.0,17,7,5
29303,16,2,3,17,6,3,0,1,1,1,1,24,2,2,0.0,0.0,0.0,0.0,0.0,2.0,16,3,3
15645,16,2,3,0,2,3,0,1,0,1,2,6,2,2,0.0,0.0,0.0,0.0,0.0,2.0,8,6,2
172049,15,2,3,17,15,3,0,1,0,1,2,24,2,3,4.0,0.0,0.0,3.0,1.0,1.0,8,5,11
112817,16,2,3,15,10,3,0,1,1,1,1,36,2,2,0.0,0.0,0.0,0.0,0.0,3.0,16,4,8
179832,16,2,3,10,2,3,0,1,1,1,0,19,2,2,0.0,0.0,0.0,0.0,0.0,1.0,11,3,12