crash_date,               traffic_control_device,weather_condition,lighting_condition,first_crash_type,trafficway_type,alignment,roadway_surface_cond,road_defect,crash_type,intersection_related_i,damage,prim_contributory_cause,num_units,most_severe_injury,injuries_total,injuries_fatal,injuries_incapacitating,injuries_non_incapacitating,injuries_reported_not_evident,injuries_no_indication,crash_hour,crash_day_of_week,crash_month
103042,16,2,3,10,6,3,0,1,1,1,1,21,2,2,0.0,0.0,0.0,0.0,0.0,2.0,12,3,7
65299,16,2,1,0,8,3,0,1,1,1,2,36,2,2,0.0,0.0,0.0,0.0,0.0,2.0,2,4,5
7509,15,2,1,0,8,3,0,1,0,1,2,18,2,3,1.0,0.0,0.0,1.0,0.0,1.0,17,4,1
12852,15,7,4,0,6,3,6,1,1,1,2,18,2,2,0.0,0.0,0.0,0.0,0.0,3.0,16,6,1
167927,16,2,3,14,8,3,0,1,1,1,2,6,2,2,0.0,0.0,0.0,0.0,0.0,4.0,9,2,11
115683,15,2,3,0,8,3,0,1,0,1,1,26,2,3,1.0,0.0,0.0,1.0,0.0,2.0,17,5,8
77569,16,3,3,8,15,3,0,1,0,1,0,22,2,4,1.0,0.0,0.0,0.0,1.0,1.0,18,3,6
24465,16,6,3,10,3,3,1,1,1,1,2,19,2,2,0.0,0.0,0.0,0.0,0.0,2.0,7,4,2
172942,4,2,3,10,3,3,0,1,1,0,0,36,2,2,0.0,0.0,0.0,0.0,0.0,2.0,12,2,12
122695,16,2,3,15,10,3,0,1,0,1,2,23,2,3,1.0,0.0,0.0,1.0,0.0,1.0,18,4,9
149030,15,2,3,0,16,3,0,6,0,1,2,18,2,4,2.0,0.0,0.0,0.0,2.0,2.0,16,6,10
129192,16,2,1,17,2,3,0,1,1,1,1,36,2,2,0.0,0.0,0.0,0.0,0.0,2.0,0,4,9
111127,16,2,1,15,8,3,0,1,0,1,2,36,2,3,1.0,0.0,0.0,1.0,0.0,3.0,22,6,8
107060,16,7,3,17,18,3,6,5,1,1,2,24,2,2,0.0,0.0,0.0,0.0,0.0,2.0,13,1,8
103124,16,2,3,0,6,3,0,1,1,1,1,7,2,2,0.0,0.0,0.0,0.0,0.0,2.0,15,6,7
58526,16,2,3,15,2,3,0,1,1,1,2,18,2,2,0.0,0.0,0.0,0.0,0.0,2.0,15,1,5
128615,16,2,3,10,8,3,0,1,1,1,1,19,2,2,0.0,0.0,0.0,0.0,0.0,2.0,13,4,9
20677,16,2,3,17,8,3,0,1,1,1,0,24,2,2,0.0,0.0,0.0,0.0,0.0,2.0,16,4,2
161199,16,2,1,8,6,3,0,1,0,1,2,6,2,3,1.0,0.0,0.0,1.0,0.0,1.0,21,5,11
75389,16,2,3,0,6,3,0,5,0,1,2,36,2,2,0.0,0.0,0.0,0.0,0.0,2.0,7,4,6
39563,16,2,3,0,9,3,0,1,0,1,1,36,3,4,1.0,0.0,0.0,0.0,1.0,1.0,18,6,3
139106,15,7,3,10,6,3,6,1,0,1,2,19,2,2,0.0,0.0,0.0,0.0,0.0,2.0,18,1,10
53991,4,2,3,17,8,3,0,1,1,1,0,24,2,2,0.0,0.0,0.0,0.0,0.0,2.0,16,5,4
87894,16,2,3,15,2,3,0,1,1,1,2,23,3,2,0.0,0.0,0.0,0.0,0.0,3.0,13,2,7
9669,16,2,3,17,2,3,6,1,1,1,0,18,2,2,0.0,0.0,0.0,0.0,0.0,2.0,2,1,1
121918,16,7,3,17,6,3,6,1,0,1,2,36,3,3,3.0,0.0,0.0,3.0,0.0,2.0,15,6,9
75745,16,2,1,17,6,3,0,1,1,1,2,18,2,2,0.0,0.0,0.0,0.0,0.0,8.0,0,2,6
103371,15,2,3,17,6,3,0,1,0,1,2,18,2,2,0.0,0.0,0.0,0.0,0.0,2.0,18,3,7
107990,16,2,3,15,10,3,0,1,1,1,1,22,2,2,0.0,0.0,0.0,0.0,0.0,3.0,14,1,8
107921,16,2,0,0,11,3,0,1,1,1,2,6,2,2,0.0,0.0,0.0,0.0,0.0,2.0,3,7,8
132261,16,2,1,0,6,3,0,1,0,1,2,6,2,2,0.0,0.0,0.0,0.0,0.0,4.0,21,4,9
15144,15,2,3,9,8,3,0,1,0,1,0,18,2,1,1.0,0.0,1.0,0.0,0.0,1.0,9,5,2
156484,15,11,1,17,8,3,0,5,1,1,2,36,2,2,0.0,0.0,0.0,0.0,0.0,4.0,11,6,11
77437,16,2,1,17,6,3,0,1,0,1,2,24,2,2,0.0,0.0,0.0,0.0,0.0,2.0,20,7,6
165621,4,2,3,0,8,3,0,1,1,1,1,18,2,2,0.0,0.0,0.0,0.0,0.0,7.0,14,5,11
51818,16,2,5,10,6,3,5,5,1,1,0,36,3,2,0.0,0.0,0.0,0.0,0.0,3.0,21,4,4
80643,15,2,3,17,15,3,0,1,1,1,2,5,2,2,0.0,0.0,0.0,0.0,0.0,2.0,15,5,6
112526,16,2,1,0,2,3,0,1,0,1,2,6,2,2,0.0,0.0,0.0,0.0,0.0,2.0,0,5,8
142319,4,2,4,17,8,3,6,1,0,1,2,18,2,2,0.0,0.0,0.0,0.0,0.0,3.0,18,3,10
53538,16,2,1,17,2,3,0,1,0,1,2,17,2,2,0.0,0.0,0.0,0.0,0.0,2.0,19,5,4
163626,16,2,1,0,8,3,0,1,0,1,2,18,2,1,1.0,0.0,1.0,0.0,0.0,1.0,17,4,11
150841,4,2,3,0,6,3,0,5,0,1,2,23,3,2,0.0,0.0,0.0,0.0,0.0,3.0,8,2,10
92758,16,2,3,0,6,3,0,1,0,1,2,30,2,4,2.0,0.0,0.0,0.0,2.0,1.0,14,1,7
66742,16,2,3,17,8,3,0,1,1,1,2,17,2,2,0.0,0.0,0.0,0.0,0.0,2.0,17,6,5
97913,16,2,3,10,8,3,0,1,0,1,2,19,3,4,1.0,0.0,0.0,0.0,1.0,6.0,16,3,7
4729,16,2,3,0,8,3,0,1,0,1,2,36,2,3,2.0,0.0,0.0,2.0,0.0,0.0,14,3,1
154942,15,2,3,0,2,3,0,1,0,1,2,36,2,2,0.0,0.0,0.0,0.0,0.0,2.0,16,2,10
97635,4,2,3,15,8,3,0,1,1,1,0,23,2,2,0.0,0.0,0.0,0.0,0.0,2.0,16,4,7
89081,4,2,3,15,8,3,0,1,1,1,1,18,2,2,0.0,0.0,0.0,0.0,0.0,3.0,15,7,7
29934,15,2,3,0,11,3,0,1,0,1,2,36,2,3,1.0,0.0,0.0,1.0,0.0,1.0,15,7,3
33727,16,3,3,17,6,3,6,5,0,1,2,24,2,2,0.0,0.0,0.0,0.0,0.0,2.0,10,1,3
95852,16,2,3,17,1,4,0,1,0,1,1,36,2,3,2.0,0.0,0.0,2.0,0.0,2.0,16,7,7
67277,16,2,3,17,10,3,0,1,1,1,2,36,2,2,0.0,0.0,0.0,0.0,0.0,2.0,14,7,5
103265,16,2,3,17,8,3,0,1,1,1,2,6,2,2,0.0,0.0,0.0,0.0,0.0,2.0,12,7,7
138635,4,2,1,7,10,3,0,1,0,1,1,36,2,3,1.0,0.0,0.0,1.0,0.0,2.0,21,2,10
134799,16,11,1,17,8,3,5,1,1,1,1,36,2,2,0.0,0.0,0.0,0.0,0.0,2.0,1,3,9
176559,16,2,1,17,2,3,0,1,0,1,2,18,2,2,0.0,0.0,0.0,0.0,0.0,2.0,19,7,12
111797,16,2,3,15,8,3,0,1,1,1,2,23,2,2,0.0,0.0,0.0,0.0,0.0,2.0,11,2,8
173156,16,7,1,15,6,3,6,1,1,0,2,23,2,2,0.0,0.0,0.0,0.0,0.0,2.0,0,7,12
112495,16,7,3,15,10,3,6,1,0,0,2,22,2,2,0.0,0.0,0.0,0.0,0.0,2.0,6,5,8
164512,16,2,0,10,6,3,0,1,1,1,2,36,2,2,0.0,0.0,0.0,0.0,0.0,2.0,19,3,11
13933,16,3,1,10,8,3,0,5,1,1,1,19,2,2,0.0,0.0,0.0,0.0,0.0,2.0,20,4,1
102200,16,2,3,15,6,4,0,1,1,1,2,22,2,2,0.0,0.0,0.0,0.0,0.0,3.0,15,6,7
41389,16,7,3,0,8,3,6,5,1,1,1,6,2,2,0.0,0.0,0.0,0.0,0.0,3.0,15,5,3
113376,16,2,3,9,6,3,0,1,0,1,0,18,2,3,1.0,0.0,0.0,1.0,0.0,3.0,9,5,8
178434,16,2,3,15,8,3,0,5,1,1,2,36,2,2,0.0,0.0,0.0,0.0,0.0,2.0,9,4,12
188525,16,2,1,17,6,3,5,5,1,1,2,18,2,2,0.0,0.0,0.0,0.0,0.0,6.0,21,2,12
61313,16,2,1,10,8,3,0,1,1,1,2,19,2,2,0.0,0.0,0.0,0.0,0.0,2.0,20,3,5
48235,15,2,1,0,10,3,0,5,1,1,2,36,2,2,0.0,0.0,0.0,0.0,0.0,2.0,1,3,4
160979,16,2,3,10,10,3,0,1,1,1,2,36,2,2,0.0,0.0,0.0,0.0,0.0,2.0,12,7,11
124131,4,2,3,0,15,3,0,1,0,1,2,36,2,2,0.0,0.0,0.0,0.0,0.0,5.0,8,3,9
159281,4,2,1,10,2,3,0,4,0,1,2,19,2,2,0.0,0.0,0.0,0.0,0.0,2.0,16,4,11
52583,16,2,3,10,8,3,0,1,1,1,0,17,2,2,0.0,0.0,0.0,0.0,0.0,4.0,16,3,4
171432,16,2,3,15,8,3,0,1,1,0,2,23,2,2,0.0,0.0,0.0,0.0,0.0,2.0,18,3,11
11758,16,2,1,0,6,3,6,1,1,1,1,6,2,2,0.0,0.0,0.0,0.0,0.0,2.0,21,2,1
58153,16,7,3,17,3,4,6,1,0,1,2,18,2,4,1.0,0.0,0.0,0.0,1.0,1.0,9,3,5
175268,15,2,3,0,8,3,0,5,1,1,1,36,2,2,0.0,0.0,0.0,0.0,0.0,2.0,9,3,12
109292,16,2,3,10,3,3,0,5,1,1,2,36,2,2,0.0,0.0,0.0,0.0,0.0,2.0,10,6,8
5202,16,2,1,17,6,3,0,1,0,1,2,38,2,2,0.0,0.0,0.0,0.0,0.0,3.0,19,3,1
134203,16,2,1,10,2,3,0,1,1,1,1,19,2,2,0.0,0.0,0.0,0.0,0.0,2.0,20,2,9
10105,16,4,1,17,2,3,6,1,1,1,2,36,2,2,0.0,0.0,0.0,0.0,0.0,3.0,22,1,1
182181,16,2,3,15,8,2,0,2,1,1,1,33,2,2,0.0,0.0,0.0,0.0,0.0,2.0,13,7,12
39697,16,2,3,3,15,3,0,1,1,1,1,24,2,2,0.0,0.0,0.0,0.0,0.0,2.0,17,2,3
155496,16,4,1,10,8,3,6,1,1,1,2,19,2,2,0.0,0.0,0.0,0.0,0.0,2.0,6,2,10
56726,8,11,5,7,15,3,5,1,0,1,2,36,3,2,0.0,0.0,0.0,0.0,0.0,1.0,3,1,5
108145,16,2,3,0,6,3,0,2,0,1,2,6,2,4,1.0,0.0,0.0,0.0,1.0,2.0,15,5,8
80052,15,2,3,0,8,3,0,1,1,1,2,18,2,2,0.0,0.0,0.0,0.0,0.0,2.0,9,1,6
141480,15,3,1,17,8,3,0,1,0,1,2,36,2,2,0.0,0.0,0.0,0.0,0.0,2.0,22,6,10
88063,16,2,3,17,8,3,0,5,0,1,1,36,2,1,2.0,0.0,1.0,1.0,0.0,1.0,17,5,7
151810,16,7,3,0,2,3,6,1,1,1,2,18,2,2,0.0,0.0,0.0,0.0,0.0,3.0,15,2,10
29815,16,2,1,17,8,3,0,1,0,1,2,24,2,2,0.0,0.0,0.0,0.0,0.0,4.0,2,5,3
172319,4,7,3,10,8,3,6,1,1,1,2,19,2,2,0.0,0.0,0.0,0.0,0.0,2.0,12,7,12
16207,4,2,3,17,2,3,0,1,0,1,2,17,2,4,2.0,0.0,0.0,0.0,2.0,0.0,9,4,2
88114,16,2,3,15,2,3,0,5,1,1,2,36,2,2,0.0,0.0,0.0,0.0,0.0,2.0,17,6,7
117460,10,2,3,9,15,3,0,1,0,1,2,3,2,0,1.0,1.0,0.0,0.0,0.0,1.0,15,5,8
39983,4,2,3,17,8,3,0,1,0,1,2,18,2,2,0.0,0.0,0.0,0.0,0.0,2.0,14,7,3
174149,16,2,3,10,2,3,0,1,1,1,2,36,2,2,0.0,0.0,0.0,0.0,0.0,6.0,12,1,12
53318,16,7,2,14,6,3,6,5,0,1,2,23,2,2,0.0,0.0,0.0,0.0,0.0,5.0,5,3,4
125873,4,2,1,10,2,3,0,1,1,1,2,19,2,2,0.0,0.0,0.0,0.0,0.0,2.0,22,7,9
16394,16,11,5,10,11,3,5,5,1,1,2,36,2,2,0.0,0.0,0.0,0.0,0.0,2.0,12,7,2
83517,15,2,3,0,8,3,0,1,0,1,2,6,2,2,0.0,0.0,0.0,0.0,0.0,4.0,13,5,6
116146,16,2,2,10,8,3,0,1,1,1,0,19,2,2,0.0,0.0,0.0,0.0,0.0,2.0,18,4,8
130410,15,2,1,0,8,3,0,1,0,1,2,36,2,2,0.0,0.0,0.0,0.0,0.0,2.0,21,7,9
18218,16,2,1,17,6,3,0,1,1,1,2,6,2,2,0.0,0.0,0.0,0.0,0.0,4.0,23,3,2
159064,16,2,3,17,8,3,0,1,1,1,2,24,2,2,0.0,0.0,0.0,0.0,0.0,3.0,7,2,11
39676,16,2,3,10,8,3,0,1,1,1,1,36,2,2,0.0,0.0,0.0,0.0,0.0,2.0,14,2,3
159821,4,2,1,0,8,3,0,1,0,1,1,18,2,2,0.0,0.0,0.0,0.0,0.0,3.0,18,5,11
14897,16,2,3,10,10,3,0,1,1,1,0,17,2,2,0.0,0.0,0.0,0.0,0.0,10.0,15,2,1
97447,16,2,3,9,11,3,0,1,0,1,0,6,2,4,1.0,0.0,0.0,0.0,1.0,1.0,15,3,7
6716,16,2,0,17,8,3,0,1,1,1,2,22,2,2,0.0,0.0,0.0,0.0,0.0,3.0,23,3,1
108021,16,2,3,0,6,3,0,1,0,1,1,36,2,1,1.0,0.0,1.0,0.0,0.0,9.0,10,1,8
32683,16,2,3,17,8,3,0,1,1,1,2,36,2,2,0.0,0.0,0.0,0.0,0.0,2.0,16,4,3
152607,15,2,1,7,8,3,0,1,0,1,2,30,2,0,1.0,1.0,0.0,0.0,0.0,0.0,19,4,10
108048,16,7,3,9,6,3,6,1,0,1,1,39,2,4,1.0,0.0,0.0,0.0,1.0,1.0,15,2,8
97044,16,2,3,17,2,3,0,1,0,0,2,13,3,2,0.0,0.0,0.0,0.0,0.0,2.0,16,5,7
152204,4,7,3,10,8,3,6,1,1,1,0,36,2,2,0.0,0.0,0.0,0.0,0.0,2.0,12,4,10
174819,16,2,3,15,10,3,6,5,1,1,2,18,2,2,0.0,0.0,0.0,0.0,0.0,2.0,11,3,12
20685,16,2,3,10,8,3,0,1,1,0,2,19,2,2,0.0,0.0,0.0,0.0,0.0,2.0,17,4,2
157740,16,2,1,17,3,3,0,1,0,1,2,6,2,3,2.0,0.0,0.0,2.0,0.0,0.0,5,5,11
133739,4,2,3,17,2,3,0,1,0,1,2,24,2,2,0.0,0.0,0.0,0.0,0.0,2.0,17,3,9
179443,15,2,1,0,3,3,1,1,0,1,2,36,2,4,1.0,0.0,0.0,0.0,1.0,1.0,0,6,12
154403,15,2,3,0,6,3,0,1,0,1,2,18,2,3,3.0,0.0,0.0,3.0,0.0,1.0,9,3,10
152774,16,2,3,15,10,3,6,5,1,1,1,23,2,2,0.0,0.0,0.0,0.0,0.0,2.0,16,3,10
130788,16,2,3,10,2,3,0,1,1,1,0,36,2,2,0.0,0.0,0.0,0.0,0.0,2.0,9,4,9
127018,16,2,1,17,6,3,0,1,0,1,2,17,2,2,0.0,0.0,0.0,0.0,0.0,2.0,23,2,9
126553,16,2,3,9,6,3,0,1,0,1,2,36,2,1,1.0,0.0,1.0,0.0,0.0,1.0,6,4,9
186107,16,2,1,17,2,3,5,5,1,1,1,24,2,2,0.0,0.0,0.0,0.0,0.0,3.0,22,3,12
136461,15,2,1,0,2,3,0,5,1,1,2,36,2,2,0.0,0.0,0.0,0.0,0.0,4.0,23,7,9
164836,16,7,1,17,8,3,6,1,1,1,0,22,2,2,0.0,0.0,0.0,0.0,0.0,4.0,23,6,11
22474,16,7,3,0,3,3,6,1,0,1,2,36,2,3,1.0,0.0,0.0,1.0,0.0,3.0,12,5,2
148623,16,2,3,10,8,3,0,1,0,1,1,19,2,4,1.0,0.0,0.0,0.0,1.0,2.0,16,5,10
121026,16,2,3,17,6,3,0,1,0,1,2,18,2,3,2.0,0.0,0.0,2.0,0.0,2.0,14,1,9
160496,15,7,3,0,15,3,0,5,1,1,2,36,2,2,0.0,0.0,0.0,0.0,0.0,2.0,15,2,11
85804,4,2,3,0,2,3,0,1,1,1,2,36,2,2,0.0,0.0,0.0,0.0,0.0,2.0,17,4,6
25597,16,3,3,17,2,3,6,1,1,1,2,18,2,2,0.0,0.0,0.0,0.0,0.0,3.0,7,5,2
104446,4,2,3,17,8,3,0,5,1,1,0,36,2,2,0.0,0.0,0.0,0.0,0.0,2.0,13,5,8
61968,15,2,3,15,8,3,0,1,1,1,2,23,2,2,0.0,0.0,0.0,0.0,0.0,4.0,8,6,5
127206,4,7,3,17,8,3,6,1,1,1,1,26,2,2,0.0,0.0,0.0,0.0,0.0,3.0,7,4,9
127763,15,2,3,17,2,2,0,1,0,1,2,18,2,2,0.0,0.0,0.0,0.0,0.0,3.0,13,5,9
17575,16,10,1,10,6,3,4,5,0,1,2,19,2,4,1.0,0.0,0.0,0.0,1.0,2.0,17,7,2
91458,16,2,1,0,2,3,0,1,1,1,2,28,2,2,0.0,0.0,0.0,0.0,0.0,2.0,22,7,7
140762,16,3,3,10,6,3,0,1,1,1,1,8,2,2,0.0,0.0,0.0,0.0,0.0,2.0,9,4,10
432,16,7,0,17,2,3,6,1,0,1,2,18,2,3,3.0,0.0,0.0,3.0,0.0,0.0,5,2,1
76791,17,7,0,2,18,3,6,1,1,1,2,9,1,2,0.0,0.0,0.0,0.0,0.0,1.0,21,4,6
92757,16,2,1,0,6,3,0,1,0,1,2,6,2,4,1.0,0.0,0.0,0.0,1.0,1.0,2,1,7
136473,16,2,3,15,2,3,6,1,1,1,1,36,2,2,0.0,0.0,0.0,0.0,0.0,2.0,13,3,9
31166,4,2,3,17,8,3,0,1,1,1,2,23,2,2,0.0,0.0,0.0,0.0,0.0,2.0,16,7,3
152215,16,2,3,17,8,3,0,1,0,1,2,38,2,2,0.0,0.0,0.0,0.0,0.0,4.0,15,5,10
159665,15,2,2,0,8,3,0,1,1,1,1,12,2,2,0.0,0.0,0.0,0.0,0.0,2.0,7,5,11
18528,4,10,3,10,2,3,4,1,1,1,2,17,2,2,0.0,0.0,0.0,0.0,0.0,2.0,16,2,2
150160,16,2,1,15,18,3,0,1,1,1,2,36,2,2,0.0,0.0,0.0,0.0,0.0,2.0,21,7,10
29162,16,2,3,17,8,3,0,5,1,1,2,36,2,2,0.0,0.0,0.0,0.0,0.0,2.0,16,6,3
180319,15,2,1,2,15,3,0,1,0,1,2,5,1,2,0.0,0.0,0.0,0.0,0.0,2.0,4,1,12
44555,16,2,3,15,2,3,0,1,1,1,1,12,2,2,0.0,0.0,0.0,0.0,0.0,2.0,17,6,4
122348,16,2,3,14,8,3,0,1,1,1,2,36,2,2,0.0,0.0,0.0,0.0,0.0,2.0,13,4,9
44503,15,7,1,0,8,3,6,1,0,1,2,6,2,2,0.0,0.0,0.0,0.0,0.0,2.0,1,5,4
77265,15,2,3,0,8,3,0,1,1,1,2,18,2,2,0.0,0.0,0.0,0.0,0.0,2.0,10,3,6
10944,15,10,3,0,6,3,4,1,0,1,2,18,2,4,2.0,0.0,0.0,0.0,2.0,0.0,14,2,1
94821,16,2,3,17,6,3,0,1,0,1,2,6,2,3,1.0,0.0,0.0,1.0,0.0,2.0,15,5,7
186307,4,2,3,0,15,3,0,1,0,1,1,36,2,3,1.0,0.0,0.0,1.0,0.0,1.0,10,1,12
12450,15,2,3,0,8,3,0,1,0,1,2,18,3,3,1.0,0.0,0.0,1.0,0.0,1.0,9,6,1
169090,15,2,3,0,6,3,5,5,1,1,1,36,2,2,0.0,0.0,0.0,0.0,0.0,2.0,9,1,11
156040,15,2,1,7,8,3,0,1,1,1,2,36,2,2,0.0,0.0,0.0,0.0,0.0,1.0,22,2,11
54382,16,2,3,0,8,3,0,1,0,1,2,6,2,3,1.0,0.0,0.0,1.0,0.0,3.0,13,5,4
140051,15,3,3,0,6,3,0,1,0,1,2,18,2,4,1.0,0.0,0.0,0.0,1.0,1.0,13,7,10
109158,4,2,3,15,8,3,0,1,1,1,2,12,2,2,0.0,0.0,0.0,0.0,0.0,2.0,11,5,8
152429,16,7,1,9,8,3,6,1,0,1,0,6,2,3,1.0,0.0,0.0,1.0,0.0,1.0,22,7,10
8695,16,2,3,10,8,3,0,1,0,1,2,19,3,4,1.0,0.0,0.0,0.0,1.0,2.0,7,5,1
136214,4,2,3,15,8,3,5,5,1,1,1,36,2,2,0.0,0.0,0.0,0.0,0.0,3.0,13,3,9
81366,16,2,4,10,6,3,0,1,0,1,2,17,2,3,3.0,0.0,0.0,3.0,0.0,2.0,19,1,6
163638,16,7,3,9,8,3,6,1,0,1,2,18,2,3,1.0,0.0,0.0,1.0,0.0,1.0,7,4,11
95322,16,7,3,17,8,4,6,1,1,1,1,6,2,2,0.0,0.0,0.0,0.0,0.0,2.0,16,6,7
61084,15,7,3,0,2,3,6,5,1,1,2,36,2,2,0.0,0.0,0.0,0.0,0.0,2.0,13,6,5
95569,16,2,1,17,8,3,0,1,0,1,2,18,2,2,0.0,0.0,0.0,0.0,0.0,2.0,1,2,7
182557,4,2,3,2,2,3,0,1,1,0,2,26,1,2,0.0,0.0,0.0,0.0,0.0,1.0,13,4,12
3912,16,2,1,17,2,3,0,1,1,1,0,24,2,2,0.0,0.0,0.0,0.0,0.0,5.0,2,3,1
149027,15,2,3,0,8,3,0,5,0,1,2,36,2,2,0.0,0.0,0.0,0.0,0.0,2.0,15,6,10
46902,15,2,3,0,6,3,0,1,0,1,2,18,2,2,0.0,0.0,0.0,0.0,0.0,2.0,18,1,4
44611,16,2,3,0,2,3,0,1,0,1,2,6,2,4,1.0,0.0,0.0,0.0,1.0,1.0,14,7,4
38428,15,2,1,14,6,3,0,1,1,1,1,5,2,2,0.0,0.0,0.0,0.0,0.0,2.0,22,6,3
47220,15,2,3,0,8,3,0,1,0,1,2,5,2,2,0.0,0.0,0.0,0.0,0.0,2.0,15,6,4
164846,4,10,3,17,12,3,6,1,0,1,2,18,2,2,0.0,0.0,0.0,0.0,0.0,2.0,13,7,11
129188,4,2,4,10,8,3,0,5,1,1,0,36,2,2,0.0,0.0,0.0,0.0,0.0,2.0,23,4,9
136159,15,2,3,17,2,3,0,1,0,1,2,23,2,2,0.0,0.0,0.0,0.0,0.0,2.0,16,2,9
140241,16,2,3,15,8,3,0,1,1,1,2,22,2,2,0.0,0.0,0.0,0.0,0.0,3.0,16,4,10
92943,4,2,3,7,0,3,0,5,1,1,2,36,2,2,0.0,0.0,0.0,0.0,0.0,2.0,11,4,7
77943,15,2,1,0,8,3,0,1,0,1,2,18,2,2,0.0,0.0,0.0,0.0,0.0,2.0,22,7,6
138236,16,2,3,0,8,3,0,1,0,1,2,18,2,1,1.0,0.0,1.0,0.0,0.0,3.0,11,2,10
165896,16,7,3,17,8,3,6,1,0,1,2,13,2,2,0.0,0.0,0.0,0.0,0.0,3.0,10,2,11
126091,16,2,1,17,11,3,0,2,0,1,2,24,2,2,0.0,0.0,0.0,0.0,0.0,3.0,21,2,9
187171,16,2,1,0,6,3,0,1,1,1,2,6,2,2,0.0,0.0,0.0,0.0,0.0,2.0,1,7,12
41183,15,2,4,0,6,3,0,1,1,0,2,18,2,2,0.0,0.0,0.0,0.0,0.0,3.0,19,2,3
3107,16,2,1,17,2,3,0,1,0,1,2,14,2,2,0.0,0.0,0.0,0.0,0.0,2.0,19,3,1
66667,16,2,3,17,15,3,0,1,0,1,2,23,2,2,0.0,0.0,0.0,0.0,0.0,2.0,16,4,5
65077,15,2,1,0,11,3,0,1,1,1,2,26,2,2,0.0,0.0,0.0,0.0,0.0,2.0,19,5,5
143728,16,2,3,15,6,3,0,1,1,1,1,36,2,2,0.0,0.0,0.0,0.0,0.0,2.0,8,2,10
131558,4,2,3,10,2,3,0,1,1,0,1,36,2,2,0.0,0.0,0.0,0.0,0.0,2.0,16,2,9
1365,16,7,3,9,6,3,6,1,0,1,0,6,2,3,1.0,0.0,0.0,1.0,0.0,1.0,9,3,1
134648,16,2,3,15,2,3,5,5,1,1,1,36,2,2,0.0,0.0,0.0,0.0,0.0,2.0,16,2,9
15195,16,10,1,15,8,3,4,1,1,1,2,39,2,2,0.0,0.0,0.0,0.0,0.0,2.0,6,6,2
90223,16,2,1,10,3,3,0,1,0,1,2,36,2,3,1.0,0.0,0.0,1.0,0.0,1.0,0,3,7
132749,4,2,3,13,10,3,0,1,1,1,2,21,2,2,0.0,0.0,0.0,0.0,0.0,2.0,17,4,9
141476,16,2,1,17,8,3,0,1,1,1,2,24,2,2,0.0,0.0,0.0,0.0,0.0,2.0,21,6,10
180267,4,2,1,7,8,3,0,1,1,1,1,21,2,2,0.0,0.0,0.0,0.0,0.0,1.0,19,7,12
5675,15,2,2,0,8,3,6,1,0,1,2,26,2,3,2.0,0.0,0.0,2.0,0.0,1.0,8,1,1
57152,16,2,1,17,6,3,6,1,0,1,2,24,2,2,0.0,0.0,0.0,0.0,0.0,2.0,22,6,5
48851,16,2,1,15,8,3,0,5,0,1,2,18,2,3,1.0,0.0,0.0,1.0,0.0,2.0,1,7,4
16583,16,2,3,10,8,3,5,5,1,1,1,36,2,2,0.0,0.0,0.0,0.0,0.0,2.0,10,3,2
27250,16,2,1,17,8,3,0,1,1,1,2,18,2,2,0.0,0.0,0.0,0.0,0.0,4.0,19,3,2
73641,16,2,1,10,6,3,0,1,1,1,2,28,2,2,0.0,0.0,0.0,0.0,0.0,3.0,22,6,6
169299,4,2,1,0,0,3,0,1,1,0,2,21,2,2,0.0,0.0,0.0,0.0,0.0,3.0,18,2,11
96898,16,2,3,0,6,4,0,1,1,1,1,6,2,2,0.0,0.0,0.0,0.0,0.0,2.0,12,1,7
127710,4,2,3,10,2,3,0,1,0,1,2,36,2,2,0.0,0.0,0.0,0.0,0.0,2.0,7,6,9
164042,4,10,3,0,2,3,6,1,0,1,2,18,3,4,2.0,0.0,0.0,0.0,2.0,0.0,11,3,11
47297,4,2,3,8,15,3,0,1,0,1,1,18,2,3,1.0,0.0,0.0,1.0,0.0,1.0,9,1,4
174479,15,2,1,0,8,3,0,1,1,1,2,36,2,2,0.0,0.0,0.0,0.0,0.0,2.0,17,5,12
118569,16,2,1,10,8,3,0,1,1,1,2,19,2,2,0.0,0.0,0.0,0.0,0.0,2.0,18,7,8
41942,15,2,1,17,2,3,0,1,0,1,2,23,2,4,3.0,0.0,0.0,0.0,3.0,1.0,20,1,3
146402,16,2,3,17,8,3,0,1,1,1,2,36,2,2,0.0,0.0,0.0,0.0,0.0,2.0,16,2,10
10933,15,2,1,10,17,3,5,5,1,1,1,36,2,2,0.0,0.0,0.0,0.0,0.0,2.0,0,1,1
175059,16,2,1,10,11,3,0,1,1,1,2,36,2,2,0.0,0.0,0.0,0.0,0.0,3.0,0,5,12
154842,16,7,1,10,6,3,6,1,1,1,0,39,2,2,0.0,0.0,0.0,0.0,0.0,2.0,0,7,10
39159,4,7,1,15,15,3,6,5,1,0,2,36,2,2,0.0,0.0,0.0,0.0,0.0,2.0,20,5,3
23764,16,10,0,17,6,3,0,5,0,1,1,18,2,2,0.0,0.0,0.0,0.0,0.0,2.0,18,6,2
152669,4,2,3,0,6,3,0,1,1,1,2,12,2,2,0.0,0.0,0.0,0.0,0.0,3.0,7,5,10
169613,16,7,1,10,8,3,6,1,1,1,0,17,2,2,0.0,0.0,0.0,0.0,0.0,2.0,6,5,11
170874,16,2,1,17,6,3,0,1,0,1,1,18,2,2,0.0,0.0,0.0,0.0,0.0,3.0,22,7,11