crash_date,               traffic_control_device,weather_condition,lighting_condition,first_crash_type,trafficway_type,alignment,roadway_surface_cond,road_defect,crash_type,intersection_related_i,damage,prim_contributory_cause,num_units,most_severe_injury,injuries_total,injuries_fatal,injuries_incapacitating,injuries_non_incapacitating,injuries_reported_not_evident,injuries_no_indication,crash_hour,crash_day_of_week,crash_month
10336,15,2,3,0,6,3,0,1,0,1,2,36,2,2,0.0,0.0,0.0,0.0,0.0,2.0,15,6,1
150898,17,2,3,0,6,3,5,5,1,1,2,36,2,2,0.0,0.0,0.0,0.0,0.0,2.0,7,4,10
28105,16,2,1,17,10,3,0,1,0,1,2,36,2,2,0.0,0.0,0.0,0.0,0.0,2.0,2,7,2
163292,16,7,1,17,6,3,6,1,0,1,2,24,3,3,1.0,0.0,0.0,1.0,0.0,5.0,1,1,11
103942,4,2,1,10,10,3,0,1,1,1,2,17,2,2,0.0,0.0,0.0,0.0,0.0,5.0,21,2,8
5031,15,2,0,0,8,3,0,1,0,1,2,12,2,3,2.0,0.0,0.0,1.0,1.0,2.0,17,6,1
101490,4,2,3,11,12,3,0,1,1,0,2,21,2,2,0.0,0.0,0.0,0.0,0.0,2.0,15,2,7
36490,16,7,3,17,3,3,6,1,0,1,2,24,2,2,0.0,0.0,0.0,0.0,0.0,4.0,10,5,3
82091,16,2,1,0,2,3,0,1,0,1,2,6,2,2,0.0,0.0,0.0,0.0,0.0,5.0,1,4,6
101059,16,2,3,17,6,3,0,1,1,1,1,22,2,2,0.0,0.0,0.0,0.0,0.0,2.0,13,3,7
24038,16,7,1,9,8,3,6,1,0,1,2,18,2,3,1.0,0.0,0.0,1.0,0.0,1.0,18,3,2
89318,6,2,1,17,18,2,0,1,0,1,2,3,2,4,2.0,0.0,0.0,0.0,2.0,0.0,20,4,7
21804,16,2,1,17,8,3,0,1,1,1,2,36,2,2,0.0,0.0,0.0,0.0,0.0,2.0,18,7,2
140610,15,2,3,17,8,3,0,1,1,1,1,18,2,2,0.0,0.0,0.0,0.0,0.0,2.0,13,1,10
59749,17,11,5,9,6,3,5,5,0,1,2,36,2,4,1.0,0.0,0.0,0.0,1.0,1.0,17,7,5
106705,16,2,3,10,2,3,0,5,1,1,0,19,2,2,0.0,0.0,0.0,0.0,0.0,4.0,12,7,8
112903,16,2,3,10,8,4,0,1,1,1,2,19,3,2,0.0,0.0,0.0,0.0,0.0,5.0,18,5,8
47104,16,7,3,17,3,3,0,1,0,1,2,18,2,2,0.0,0.0,0.0,0.0,0.0,3.0,10,3,4
140979,16,2,3,10,15,3,0,1,1,1,2,19,2,2,0.0,0.0,0.0,0.0,0.0,2.0,17,1,10
58825,4,7,3,17,15,3,6,1,1,1,2,18,2,2,0.0,0.0,0.0,0.0,0.0,2.0,11,6,5
116827,4,2,3,17,2,3,0,1,1,1,2,26,2,2,0.0,0.0,0.0,0.0,0.0,4.0,16,1,8
145338,16,2,3,10,8,3,0,1,0,0,2,19,2,4,1.0,0.0,0.0,0.0,1.0,1.0,12,1,10
91356,17,11,5,17,8,3,5,5,1,1,2,36,2,2,0.0,0.0,0.0,0.0,0.0,2.0,16,1,7
46293,16,7,3,9,8,3,6,5,0,1,2,16,2,3,1.0,0.0,0.0,1.0,0.0,1.0,15,2,4
153930,15,2,1,0,8,3,0,1,0,1,2,5,5,4,2.0,0.0,0.0,0.0,2.0,4.0,4,1,10
44973,4,2,1,10,8,3,0,1,0,1,2,28,4,2,0.0,0.0,0.0,0.0,0.0,2.0,1,7,4
168106,15,3,3,0,8,3,6,1,0,1,2,6,3,4,1.0,0.0,0.0,0.0,1.0,2.0,11,6,11
8695,4,2,3,0,2,3,4,1,0,1,2,18,2,2,0.0,0.0,0.0,0.0,0.0,2.0,7,5,1
119626,15,2,3,7,6,3,0,1,0,1,2,36,2,2,0.0,0.0,0.0,0.0,0.0,1.0,8,1,8
137575,16,2,3,9,8,3,0,1,0,1,2,26,2,4,1.0,0.0,0.0,0.0,1.0,1.0,9,2,9
20478,16,2,0,17,6,3,0,1,0,1,2,18,2,2,0.0,0.0,0.0,0.0,0.0,3.0,17,1,2
132896,4,2,3,17,3,3,0,1,1,1,2,24,2,2,0.0,0.0,0.0,0.0,0.0,2.0,7,6,9
177198,4,2,4,0,10,3,0,1,0,1,1,18,2,2,0.0,0.0,0.0,0.0,0.0,2.0,22,1,12
1591,15,2,3,17,10,3,0,1,1,1,1,21,2,2,0.0,0.0,0.0,0.0,0.0,3.0,7,6,1
82439,16,2,3,0,6,3,0,1,0,1,2,6,2,2,0.0,0.0,0.0,0.0,0.0,2.0,5,2,6
83055,4,11,3,0,2,3,5,5,1,1,1,36,2,2,0.0,0.0,0.0,0.0,0.0,2.0,13,6,6
83986,15,2,3,9,10,3,0,1,0,1,0,36,2,4,1.0,0.0,0.0,0.0,1.0,1.0,12,4,6
59144,15,7,3,17,8,3,6,1,0,1,2,36,2,2,0.0,0.0,0.0,0.0,0.0,3.0,10,3,5
162837,16,2,1,10,8,3,0,1,1,1,2,18,2,2,0.0,0.0,0.0,0.0,0.0,2.0,18,1,11
130648,16,2,3,10,17,3,5,1,0,1,2,26,2,4,1.0,0.0,0.0,0.0,1.0,1.0,17,7,9
140282,16,2,3,15,8,3,0,1,0,1,2,36,2,4,1.0,0.0,0.0,0.0,1.0,3.0,9,4,10
161510,16,10,2,15,8,3,4,1,0,1,2,36,2,3,1.0,0.0,0.0,1.0,0.0,1.0,6,2,11
62321,15,2,3,0,6,3,0,5,0,1,2,18,4,2,0.0,0.0,0.0,0.0,0.0,6.0,18,5,5
186309,16,2,3,0,6,3,0,0,0,1,2,6,2,3,1.0,0.0,0.0,1.0,0.0,3.0,10,1,12
33520,16,2,1,17,8,3,0,1,1,1,1,36,2,2,0.0,0.0,0.0,0.0,0.0,2.0,19,5,3
17976,16,2,3,0,6,3,0,1,0,1,2,6,2,3,1.0,0.0,0.0,1.0,0.0,1.0,13,6,2
166642,16,2,3,9,6,3,6,1,0,1,0,36,2,3,1.0,0.0,0.0,1.0,0.0,1.0,8,4,11
120903,4,2,1,10,2,3,0,1,1,1,1,19,2,2,0.0,0.0,0.0,0.0,0.0,2.0,21,5,9
13002,16,2,3,17,8,3,6,1,0,1,2,6,2,2,0.0,0.0,0.0,0.0,0.0,2.0,16,1,1
14650,16,2,3,17,8,3,0,1,1,1,1,22,2,2,0.0,0.0,0.0,0.0,0.0,2.0,6,4,1
102156,15,2,3,17,6,3,0,1,0,1,2,36,2,4,1.0,0.0,0.0,0.0,1.0,2.0,17,5,7
177900,15,3,3,0,8,3,1,1,1,1,1,39,2,2,0.0,0.0,0.0,0.0,0.0,3.0,9,4,12
109385,16,2,3,0,8,3,0,1,1,1,2,36,2,2,0.0,0.0,0.0,0.0,0.0,2.0,12,7,8
128612,4,2,3,15,2,3,0,1,1,1,2,36,2,2,0.0,0.0,0.0,0.0,0.0,2.0,12,3,9
65502,4,2,3,9,8,3,0,1,0,1,1,18,2,3,1.0,0.0,0.0,1.0,0.0,1.0,10,6,5
59446,16,11,5,17,11,3,5,5,1,1,1,36,2,2,0.0,0.0,0.0,0.0,0.0,2.0,18,3,5
22414,4,10,1,10,2,3,4,1,1,0,1,39,2,2,0.0,0.0,0.0,0.0,0.0,2.0,17,5,2
99410,4,2,3,15,6,3,0,5,1,1,2,18,2,2,0.0,0.0,0.0,0.0,0.0,2.0,15,5,7
5484,15,2,3,0,8,3,0,1,1,1,1,36,2,2,0.0,0.0,0.0,0.0,0.0,2.0,15,6,1
121679,16,2,0,10,2,3,0,1,1,1,2,17,2,2,0.0,0.0,0.0,0.0,0.0,2.0,20,1,9
62442,16,2,3,10,6,3,0,1,1,1,0,12,2,2,0.0,0.0,0.0,0.0,0.0,2.0,11,6,5
31510,4,2,3,15,10,3,0,1,1,0,2,16,2,2,0.0,0.0,0.0,0.0,0.0,4.0,12,5,3
29677,4,2,3,0,3,3,0,1,1,1,2,18,2,2,0.0,0.0,0.0,0.0,0.0,2.0,15,2,3
96945,15,2,2,15,8,3,0,1,1,1,1,23,2,2,0.0,0.0,0.0,0.0,0.0,3.0,8,2,7
129287,4,2,3,2,8,3,0,1,0,1,2,26,1,2,0.0,0.0,0.0,0.0,0.0,1.0,15,6,9
150308,4,2,4,10,8,3,0,1,1,1,1,19,2,2,0.0,0.0,0.0,0.0,0.0,2.0,18,6,10
156528,12,2,3,10,2,3,0,5,1,0,2,19,2,2,0.0,0.0,0.0,0.0,0.0,5.0,8,7,11
2743,4,3,3,0,15,3,0,1,1,1,2,38,2,2,0.0,0.0,0.0,0.0,0.0,3.0,13,6,1
24874,16,2,1,17,8,3,0,1,0,1,2,36,2,1,1.0,0.0,1.0,0.0,0.0,1.0,19,5,2
95942,16,2,3,0,6,3,0,1,0,1,2,6,2,2,0.0,0.0,0.0,0.0,0.0,2.0,14,3,7
59352,16,2,3,17,6,3,0,1,1,1,2,23,2,2,0.0,0.0,0.0,0.0,0.0,3.0,12,7,5
142836,16,2,3,17,2,3,0,1,1,1,2,17,2,2,0.0,0.0,0.0,0.0,0.0,2.0,10,3,10
11494,16,2,1,14,8,3,0,1,0,1,2,36,3,2,0.0,0.0,0.0,0.0,0.0,3.0,21,4,1
14999,16,2,3,10,8,3,0,1,1,1,2,19,2,2,0.0,0.0,0.0,0.0,0.0,2.0,8,3,1
92267,16,2,0,10,8,3,0,1,1,1,1,36,2,2,0.0,0.0,0.0,0.0,0.0,2.0,21,7,7
119101,16,2,1,10,8,3,0,1,1,1,2,37,2,2,0.0,0.0,0.0,0.0,0.0,2.0,21,7,8
20553,17,11,3,15,2,3,5,5,1,1,1,26,2,2,0.0,0.0,0.0,0.0,0.0,2.0,15,7,2
120875,15,2,3,10,8,3,0,1,0,1,1,36,3,3,2.0,0.0,0.0,2.0,0.0,1.0,16,5,9
79095,17,2,3,10,8,3,0,5,0,1,2,36,2,4,1.0,0.0,0.0,0.0,1.0,1.0,15,3,6
161392,15,2,1,17,8,3,0,1,1,1,2,18,2,2,0.0,0.0,0.0,0.0,0.0,2.0,17,7,11
96440,16,2,3,10,6,3,0,1,1,1,1,36,2,2,0.0,0.0,0.0,0.0,0.0,3.0,13,2,7
174728,16,2,3,10,6,3,0,1,1,0,2,19,2,2,0.0,0.0,0.0,0.0,0.0,2.0,9,2,12
131352,15,2,1,10,2,3,6,1,1,0,1,9,2,2,0.0,0.0,0.0,0.0,0.0,3.0,4,5,9
53714,16,2,3,17,2,3,0,5,1,1,2,36,2,2,0.0,0.0,0.0,0.0,0.0,3.0,14,2,4
79277,16,2,3,8,8,3,0,5,0,1,1,36,2,3,1.0,0.0,0.0,1.0,0.0,3.0,19,6,6
67732,16,2,3,17,6,4,0,1,1,1,0,35,2,2,0.0,0.0,0.0,0.0,0.0,7.0,16,6,5
180623,16,2,3,15,2,3,0,1,1,1,0,22,2,2,0.0,0.0,0.0,0.0,0.0,2.0,12,6,12
151109,15,2,3,0,8,3,0,1,0,1,2,36,2,2,0.0,0.0,0.0,0.0,0.0,2.0,9,4,10
187917,16,2,3,15,8,3,6,1,1,1,1,22,2,2,0.0,0.0,0.0,0.0,0.0,2.0,11,5,12
66162,4,7,3,17,2,3,6,1,1,1,2,24,2,2,0.0,0.0,0.0,0.0,0.0,2.0,12,2,5
48565,16,2,3,10,8,3,0,1,1,1,2,36,2,2,0.0,0.0,0.0,0.0,0.0,2.0,16,7,4
116979,16,2,3,17,6,3,0,1,1,1,2,17,2,2,0.0,0.0,0.0,0.0,0.0,2.0,10,4,8
143032,4,2,3,17,2,3,0,1,1,1,1,19,2,2,0.0,0.0,0.0,0.0,0.0,4.0,15,7,10
18222,16,2,3,10,5,3,0,1,1,1,1,17,2,2,0.0,0.0,0.0,0.0,0.0,2.0,13,4,2
119360,4,2,4,17,8,3,0,5,0,1,2,18,2,3,1.0,0.0,0.0,1.0,0.0,1.0,18,5,8
68169,16,2,1,0,3,3,0,1,0,1,2,37,2,3,1.0,0.0,0.0,1.0,0.0,4.0,2,6,5
181040,16,2,1,17,2,3,0,1,1,1,2,24,2,2,0.0,0.0,0.0,0.0,0.0,2.0,20,5,12
165483,4,2,1,15,2,3,0,1,0,0,2,22,2,2,0.0,0.0,0.0,0.0,0.0,3.0,22,1,11
138403,16,2,3,15,8,3,0,1,0,1,1,23,2,2,0.0,0.0,0.0,0.0,0.0,2.0,17,6,10
101856,16,2,3,9,8,3,0,1,0,1,0,36,2,3,1.0,0.0,0.0,1.0,0.0,2.0,18,6,7
166256,16,2,3,10,2,3,0,1,1,1,1,19,2,2,0.0,0.0,0.0,0.0,0.0,2.0,10,6,11
99510,16,2,1,10,15,3,0,1,0,1,1,30,2,3,1.0,0.0,0.0,1.0,0.0,5.0,22,6,7
65715,16,2,3,17,2,3,0,1,1,1,1,26,2,2,0.0,0.0,0.0,0.0,0.0,2.0,6,2,5
41196,15,2,3,7,6,4,0,1,1,1,2,12,2,2,0.0,0.0,0.0,0.0,0.0,1.0,11,2,3
120329,4,2,3,10,8,3,0,1,1,1,1,19,2,2,0.0,0.0,0.0,0.0,0.0,2.0,9,4,8
70667,16,2,3,17,8,3,0,1,1,1,2,36,2,2,0.0,0.0,0.0,0.0,0.0,3.0,15,3,5
2196,16,2,3,10,8,3,0,1,0,1,2,36,2,4,1.0,0.0,0.0,0.0,1.0,1.0,12,3,1
91301,16,2,3,0,8,3,0,1,0,1,2,6,2,3,3.0,0.0,0.0,3.0,0.0,0.0,17,6,7
25282,16,3,3,17,3,4,0,1,1,1,2,24,2,2,0.0,0.0,0.0,0.0,0.0,2.0,14,6,2
174211,16,3,3,15,6,3,0,1,1,1,2,22,2,2,0.0,0.0,0.0,0.0,0.0,5.0,12,2,12
121832,16,2,1,17,6,3,0,1,0,1,2,24,2,4,1.0,0.0,0.0,0.0,1.0,1.0,23,3,9
153087,16,2,2,10,15,3,0,1,1,1,2,19,4,2,0.0,0.0,0.0,0.0,0.0,4.0,17,4,10
164695,16,2,1,17,8,3,0,1,1,1,2,18,2,2,0.0,0.0,0.0,0.0,0.0,2.0,20,7,11
84952,16,2,3,17,8,3,0,1,1,1,1,19,2,2,0.0,0.0,0.0,0.0,0.0,2.0,7,6,6
74003,16,2,3,8,8,3,0,1,0,1,2,36,2,3,1.0,0.0,0.0,1.0,0.0,1.0,16,4,6
28848,16,2,1,15,8,3,0,1,1,1,2,22,2,2,0.0,0.0,0.0,0.0,0.0,2.0,22,7,3
145435,16,2,4,0,8,3,0,5,0,1,2,36,2,2,0.0,0.0,0.0,0.0,0.0,2.0,18,4,10
83377,16,2,3,0,8,3,0,1,0,1,2,6,2,2,0.0,0.0,0.0,0.0,0.0,3.0,12,2,6
10353,16,2,1,17,3,3,0,5,1,1,2,26,2,2,0.0,0.0,0.0,0.0,0.0,2.0,18,6,1
68805,16,2,3,10,8,3,0,1,1,1,0,12,2,2,0.0,0.0,0.0,0.0,0.0,4.0,13,3,5
61183,15,7,3,10,3,3,6,1,1,1,1,39,2,2,0.0,0.0,0.0,0.0,0.0,4.0,16,7,5
83929,4,2,3,17,8,3,0,1,1,1,1,24,3,2,0.0,0.0,0.0,0.0,0.0,2.0,14,4,6
179341,4,2,3,15,3,3,0,1,1,0,2,22,2,2,0.0,0.0,0.0,0.0,0.0,2.0,7,4,12
64840,16,7,1,15,8,3,6,1,1,1,0,12,2,2,0.0,0.0,0.0,0.0,0.0,4.0,21,3,5
52248,15,2,3,0,15,3,5,5,1,1,2,18,2,2,0.0,0.0,0.0,0.0,0.0,2.0,17,5,4
86601,15,2,3,17,15,3,0,1,1,1,2,36,2,2,0.0,0.0,0.0,0.0,0.0,2.0,16,4,6
84189,17,11,3,15,10,2,5,5,1,1,1,26,2,2,0.0,0.0,0.0,0.0,0.0,2.0,14,6,6
142778,15,7,4,17,11,3,6,1,1,1,2,18,2,2,0.0,0.0,0.0,0.0,0.0,2.0,17,3,10
52960,16,2,3,17,8,3,5,1,0,1,2,36,2,3,1.0,0.0,0.0,1.0,0.0,3.0,14,2,4
173937,15,2,0,10,8,3,0,1,0,1,2,34,2,4,1.0,0.0,0.0,0.0,1.0,1.0,19,4,12
165316,16,7,3,10,3,3,6,5,1,1,2,36,2,2,0.0,0.0,0.0,0.0,0.0,2.0,14,6,11
80564,15,2,3,7,8,3,0,1,1,1,1,21,2,2,0.0,0.0,0.0,0.0,0.0,1.0,10,2,6
141821,16,2,3,17,2,3,0,1,1,1,1,23,2,2,0.0,0.0,0.0,0.0,0.0,4.0,8,3,10
182120,16,2,3,17,8,3,0,1,0,1,2,17,3,3,1.0,0.0,0.0,1.0,0.0,2.0,15,6,12
112590,15,2,1,0,8,3,0,1,0,1,2,5,2,3,1.0,0.0,0.0,1.0,0.0,1.0,22,6,8
1450,16,2,3,10,8,3,6,1,1,1,2,19,2,2,0.0,0.0,0.0,0.0,0.0,3.0,8,6,1
119251,15,2,3,2,8,3,0,1,1,1,2,36,2,2,0.0,0.0,0.0,0.0,0.0,1.0,12,2,8
159567,16,2,1,15,8,3,0,1,0,1,2,17,2,4,1.0,0.0,0.0,0.0,1.0,1.0,0,2,11
771,4,5,1,10,11,3,4,1,0,0,2,18,3,3,1.0,0.0,0.0,1.0,0.0,4.0,19,7,1
102757,16,2,1,2,6,3,6,1,0,1,2,36,1,1,1.0,0.0,1.0,0.0,0.0,0.0,2,7,7
173045,15,2,3,0,10,3,0,1,0,1,1,18,2,2,0.0,0.0,0.0,0.0,0.0,3.0,10,5,12
184509,16,2,1,15,6,3,6,5,0,1,2,36,2,2,0.0,0.0,0.0,0.0,0.0,2.0,3,5,12
83056,15,11,3,0,6,3,5,5,1,1,2,36,2,2,0.0,0.0,0.0,0.0,0.0,2.0,14,6,6
137592,16,2,3,10,11,3,0,1,1,1,1,36,2,2,0.0,0.0,0.0,0.0,0.0,2.0,13,5,10
35560,15,3,3,0,15,3,0,1,0,1,2,18,2,4,1.0,0.0,0.0,0.0,1.0,3.0,17,3,3
81260,15,2,3,9,8,3,0,1,0,1,0,18,2,3,1.0,0.0,0.0,1.0,0.0,2.0,13,7,6
174308,16,2,4,7,8,3,6,1,1,1,1,24,2,2,0.0,0.0,0.0,0.0,0.0,1.0,18,2,12
39436,4,2,3,0,3,3,0,1,0,1,2,18,2,4,1.0,0.0,0.0,0.0,1.0,2.0,8,2,3
162253,4,2,1,17,15,3,0,1,1,1,2,36,2,2,0.0,0.0,0.0,0.0,0.0,2.0,2,7,11
128553,16,2,0,10,10,3,0,5,0,1,2,36,2,4,1.0,0.0,0.0,0.0,1.0,1.0,0,1,9
170719,16,2,3,10,2,3,0,1,1,1,2,19,2,2,0.0,0.0,0.0,0.0,0.0,2.0,15,4,11
63274,16,2,1,10,8,3,0,1,1,1,2,17,3,2,0.0,0.0,0.0,0.0,0.0,4.0,22,4,5
104895,4,2,3,15,6,3,0,1,1,1,2,23,2,2,0.0,0.0,0.0,0.0,0.0,2.0,7,3,8
30080,16,2,3,10,2,3,0,1,1,1,2,36,2,2,0.0,0.0,0.0,0.0,0.0,2.0,17,1,3
30120,16,9,1,9,8,3,6,5,0,1,0,3,2,3,1.0,0.0,0.0,1.0,0.0,1.0,20,2,3
154841,16,2,3,10,6,3,0,5,1,1,0,36,2,2,0.0,0.0,0.0,0.0,0.0,2.0,12,7,10
91683,16,2,3,17,2,3,0,1,1,1,1,24,2,2,0.0,0.0,0.0,0.0,0.0,2.0,17,5,7
79835,4,2,3,15,8,3,0,1,1,0,2,23,2,2,0.0,0.0,0.0,0.0,0.0,2.0,18,7,6
63098,15,2,3,0,6,3,0,1,1,1,1,5,2,2,0.0,0.0,0.0,0.0,0.0,2.0,11,3,5
166156,4,7,3,14,8,3,6,1,0,1,2,36,2,2,0.0,0.0,0.0,0.0,0.0,2.0,12,3,11
18468,16,11,3,9,8,3,5,5,0,1,0,18,2,3,1.0,0.0,0.0,1.0,0.0,1.0,16,7,2
34875,4,2,3,0,8,3,0,1,1,1,2,18,2,2,0.0,0.0,0.0,0.0,0.0,2.0,17,5,3
77671,16,2,3,15,8,3,0,1,1,1,2,36,2,2,0.0,0.0,0.0,0.0,0.0,2.0,17,3,6
52082,16,2,3,0,2,3,0,1,1,1,1,6,2,2,0.0,0.0,0.0,0.0,0.0,2.0,11,7,4
147851,16,2,1,2,2,3,0,1,0,1,2,36,1,2,0.0,0.0,0.0,0.0,0.0,1.0,0,3,10
8920,16,2,0,17,6,3,0,1,1,1,1,36,2,2,0.0,0.0,0.0,0.0,0.0,2.0,16,3,1
186195,16,2,2,17,2,3,0,1,0,1,2,26,2,3,1.0,0.0,0.0,1.0,0.0,1.0,6,5,12
51175,16,2,2,0,6,3,0,1,0,1,2,6,2,4,2.0,0.0,0.0,0.0,2.0,1.0,5,7,4
88706,16,7,4,0,6,3,6,1,0,1,2,36,4,3,2.0,0.0,0.0,2.0,0.0,1.0,19,1,7
69460,15,2,1,0,6,3,0,1,1,1,2,5,2,2,0.0,0.0,0.0,0.0,0.0,2.0,1,6,5
103679,4,2,3,17,2,3,0,1,0,1,2,18,2,3,1.0,0.0,0.0,1.0,0.0,2.0,12,6,7
94931,16,7,1,10,8,3,6,1,0,1,2,39,2,2,0.0,0.0,0.0,0.0,0.0,3.0,22,6,7
34776,15,2,3,10,2,3,6,5,1,1,2,21,2,2,0.0,0.0,0.0,0.0,0.0,2.0,10,5,3
147823,16,2,4,17,6,3,0,1,0,1,1,36,2,2,0.0,0.0,0.0,0.0,0.0,2.0,20,3,10
27667,15,3,3,0,2,3,6,1,1,1,2,18,2,2,0.0,0.0,0.0,0.0,0.0,4.0,8,3,2
139870,4,2,3,17,2,3,0,1,1,1,0,24,2,2,0.0,0.0,0.0,0.0,0.0,2.0,7,2,10
31075,16,2,3,15,2,3,0,1,1,1,2,18,2,2,0.0,0.0,0.0,0.0,0.0,2.0,13,5,3
78105,16,2,3,10,6,3,0,5,1,1,2,36,2,2,0.0,0.0,0.0,0.0,0.0,2.0,16,4,6
134863,15,2,1,0,2,3,0,1,1,1,1,5,2,2,0.0,0.0,0.0,0.0,0.0,2.0,0,3,9
14886,16,2,3,0,8,3,0,1,0,1,2,18,2,3,1.0,0.0,0.0,1.0,0.0,3.0,13,2,1
85314,16,2,1,10,18,3,0,1,0,1,2,36,2,2,0.0,0.0,0.0,0.0,0.0,2.0,4,4,6
107986,15,2,3,0,8,3,0,1,1,1,2,36,2,2,0.0,0.0,0.0,0.0,0.0,2.0,14,1,8
26271,16,11,1,10,10,3,0,5,1,1,1,15,2,2,0.0,0.0,0.0,0.0,0.0,3.0,2,2,2
156204,16,2,1,0,6,3,0,1,0,1,2,6,2,3,2.0,0.0,0.0,2.0,0.0,1.0,1,6,11
82480,15,2,3,0,6,3,0,5,1,1,2,18,2,2,0.0,0.0,0.0,0.0,0.0,3.0,12,2,6
143448,15,7,3,17,8,3,6,1,0,1,2,24,2,3,2.0,0.0,0.0,2.0,0.0,2.0,12,4,10
43895,16,2,3,10,8,3,0,1,1,1,2,22,2,2,0.0,0.0,0.0,0.0,0.0,3.0,12,1,4
26738,16,2,3,9,8,3,0,1,0,1,1,18,2,3,1.0,0.0,0.0,1.0,0.0,1.0,17,2,2
114153,4,2,3,10,8,3,6,1,1,1,1,19,2,2,0.0,0.0,0.0,0.0,0.0,2.0,13,3,8
12639,16,2,1,17,6,3,4,5,1,1,2,6,2,2,0.0,0.0,0.0,0.0,0.0,3.0,22,3,1
56248,16,2,3,17,6,3,0,1,0,1,2,12,2,2,0.0,0.0,0.0,0.0,0.0,2.0,14,7,5
113923,16,2,3,8,6,3,0,1,0,1,2,24,2,3,1.0,0.0,0.0,1.0,0.0,1.0,17,7,8
121107,16,2,3,17,10,3,0,1,1,1,1,36,2,2,0.0,0.0,0.0,0.0,0.0,2.0,13,6,9
177039,16,2,3,15,6,4,0,1,1,1,2,17,2,2,0.0,0.0,0.0,0.0,0.0,2.0,13,2,12
111566,16,2,3,10,6,3,0,1,1,1,1,19,2,2,0.0,0.0,0.0,0.0,0.0,2.0,15,5,8
17063,16,10,1,10,3,3,4,3,0,1,0,39,2,4,2.0,0.0,0.0,0.0,2.0,2.0,21,4,2
16605,17,2,3,14,17,3,0,5,1,1,2,36,2,2,0.0,0.0,0.0,0.0,0.0,2.0,13,5,2
188768,16,2,0,10,6,3,6,1,1,1,1,36,2,2,0.0,0.0,0.0,0.0,0.0,2.0,22,3,12
40463,15,2,3,0,8,3,0,1,1,1,2,18,2,2,0.0,0.0,0.0,0.0,0.0,2.0,13,2,3
2304,16,2,3,7,6,3,0,1,1,1,0,12,2,2,0.0,0.0,0.0,0.0,0.0,2.0,14,6,1
6080,4,2,3,17,8,3,0,1,1,1,2,24,2,2,0.0,0.0,0.0,0.0,0.0,2.0,12,7,1
12545,15,2,3,17,6,3,6,5,1,0,2,23,2,2,0.0,0.0,0.0,0.0,0.0,4.0,13,1,1
112354,17,2,5,0,8,3,0,5,0,1,1,36,2,2,0.0,0.0,0.0,0.0,0.0,3.0,19,4,8
111993,16,2,3,17,2,3,0,5,0,1,2,24,2,2,0.0,0.0,0.0,0.0,0.0,2.0,11,4,8
153925,16,2,3,17,3,4,0,1,0,1,2,24,2,3,1.0,0.0,0.0,1.0,0.0,2.0,15,1,10
69358,16,2,3,0,6,3,6,1,0,1,2,36,2,3,1.0,0.0,0.0,1.0,0.0,2.0,19,4,5
39616,16,7,1,15,6,3,6,1,1,1,2,23,2,2,0.0,0.0,0.0,0.0,0.0,3.0,2,7,3
40269,16,2,3,17,2,3,0,1,0,1,2,18,2,2,0.0,0.0,0.0,0.0,0.0,2.0,8,4,3
130147,17,2,1,9,8,3,0,1,0,1,0,18,2,3,1.0,0.0,0.0,1.0,0.0,1.0,20,2,9
92066,16,2,3,17,3,3,0,1,1,1,1,24,2,2,0.0,0.0,0.0,0.0,0.0,2.0,20,3,7
26576,16,2,3,0,6,3,6,1,1,1,2,6,2,2,0.0,0.0,0.0,0.0,0.0,2.0,9,7,2
10936,15,2,1,7,15,3,0,1,0,1,2,24,3,2,0.0,0.0,0.0,0.0,0.0,1.0,0,1,1
18525,4,10,3,7,15,3,4,1,0,1,2,39,2,2,0.0,0.0,0.0,0.0,0.0,1.0,15,2,2
16250,4,10,3,7,10,3,4,1,1,0,2,39,4,2,0.0,0.0,0.0,0.0,0.0,1.0,7,5,2
97382,16,2,3,15,2,3,0,5,1,1,2,18,2,2,0.0,0.0,0.0,0.0,0.0,2.0,15,2,7
149210,16,2,1,17,2,3,0,1,0,1,1,36,3,4,3.0,0.0,0.0,0.0,3.0,1.0,20,7,10
72298,15,2,3,0,8,3,0,1,0,1,1,36,2,4,1.0,0.0,0.0,0.0,1.0,1.0,13,5,6
70105,15,7,3,17,8,3,6,5,0,1,2,18,2,2,0.0,0.0,0.0,0.0,0.0,2.0,16,3,5
36040,16,2,1,10,8,3,0,1,1,1,2,36,2,2,0.0,0.0,0.0,0.0,0.0,3.0,20,4,3
69557,16,2,3,0,6,3,0,1,0,1,2,36,2,3,2.0,0.0,0.0,2.0,0.0,1.0,15,7,5
81618,16,2,3,9,6,3,0,1,0,1,0,18,2,3,1.0,0.0,0.0,1.0,0.0,1.0,15,4,6
92339,16,2,3,15,6,3,0,1,1,1,0,4,2,2,0.0,0.0,0.0,0.0,0.0,3.0,12,1,7
93570,16,2,3,17,8,3,0,1,1,1,2,36,2,2,0.0,0.0,0.0,0.0,0.0,3.0,13,6,7
142878,16,2,3,17,2,3,6,1,1,1,2,4,2,2,0.0,0.0,0.0,0.0,0.0,2.0,16,4,10
85737,17,11,5,10,3,3,5,5,1,1,2,36,2,2,0.0,0.0,0.0,0.0,0.0,2.0,17,2,6
48463,16,2,1,0,8,3,0,5,0,1,2,6,3,3,3.0,0.0,0.0,3.0,0.0,2.0,1,1,4
67045,16,2,3,2,3,3,0,1,0,1,2,36,1,2,0.0,0.0,0.0,0.0,0.0,1.0,12,4,5