crash_date,               traffic_control_device,weather_condition,lighting_condition,first_crash_type,trafficway_type,alignment,roadway_surface_cond,road_defect,crash_type,intersection_related_i,damage,prim_contributory_cause,num_units,most_severe_injury,injuries_total,injuries_fatal,injuries_incapacitating,injuries_non_incapacitating,injuries_reported_not_evident,injuries_no_indication,crash_hour,crash_day_of_week,crash_month
42038,15,2,3,0,6,3,0,1,0,1,2,36,2,3,1.0,0.0,0.0,1.0,0.0,1.0,10,4,3
56757,16,11,5,17,6,3,5,5,1,1,2,36,2,2,0.0,0.0,0.0,0.0,0.0,2.0,8,1,5
127664,15,2,3,15,6,3,0,1,0,1,1,23,2,3,1.0,0.0,0.0,1.0,0.0,1.0,12,4,9
15701,15,2,1,0,11,3,6,1,0,1,2,5,2,2,0.0,0.0,0.0,0.0,0.0,2.0,20,7,2
62284,16,2,3,17,13,3,0,1,1,1,1,19,2,2,0.0,0.0,0.0,0.0,0.0,2.0,9,4,5
176650,16,2,1,9,8,3,0,1,0,1,0,18,2,3,1.0,0.0,0.0,1.0,0.0,1.0,0,1,12
32603,16,3,3,0,2,3,0,1,1,1,2,6,2,2,0.0,0.0,0.0,0.0,0.0,4.0,12,1,3
187686,16,3,3,0,3,3,6,1,0,1,2,6,2,2,0.0,0.0,0.0,0.0,0.0,2.0,12,7,12
116664,4,2,1,17,6,3,0,1,0,1,2,24,2,2,0.0,0.0,0.0,0.0,0.0,2.0,0,7,8
123423,15,3,3,17,8,4,6,1,0,1,2,18,3,3,2.0,0.0,0.0,2.0,0.0,1.0,12,5,9
80747,16,2,3,10,8,3,0,1,0,1,2,37,2,3,1.0,0.0,0.0,1.0,0.0,1.0,19,6,6
78001,16,2,3,10,2,1,0,1,1,1,2,30,3,2,0.0,0.0,0.0,0.0,0.0,5.0,6,1,6
178612,16,2,1,10,6,3,0,1,0,1,2,28,2,2,0.0,0.0,0.0,0.0,0.0,3.0,3,1,12
30893,16,7,1,0,8,3,6,5,1,1,2,17,2,2,0.0,0.0,0.0,0.0,0.0,3.0,0,2,3
106552,16,7,3,0,2,3,6,1,0,1,2,6,2,4,1.0,0.0,0.0,0.0,1.0,1.0,15,7,8
27001,16,10,1,17,2,3,4,1,0,0,2,24,2,2,0.0,0.0,0.0,0.0,0.0,2.0,2,7,2
86504,15,7,3,0,6,3,6,1,0,1,2,18,2,4,1.0,0.0,0.0,0.0,1.0,1.0,17,2,6
178244,4,2,3,8,11,3,0,1,0,1,0,18,2,1,1.0,0.0,1.0,0.0,0.0,1.0,9,4,12
153686,16,3,3,17,8,3,0,1,0,1,2,6,2,2,0.0,0.0,0.0,0.0,0.0,2.0,12,5,10
130372,17,2,3,15,2,3,0,5,0,0,2,36,2,4,1.0,0.0,0.0,0.0,1.0,2.0,14,7,9
130239,4,2,3,10,8,3,0,5,1,1,1,19,2,2,0.0,0.0,0.0,0.0,0.0,2.0,15,4,9
163661,16,7,3,17,8,3,6,1,1,1,1,12,2,2,0.0,0.0,0.0,0.0,0.0,3.0,10,4,11
87529,15,2,1,0,6,3,0,1,0,1,2,18,2,2,0.0,0.0,0.0,0.0,0.0,3.0,4,4,6
130250,15,2,3,17,8,3,5,5,1,1,2,18,2,2,0.0,0.0,0.0,0.0,0.0,4.0,18,4,9
21409,16,2,3,0,6,3,6,1,0,1,2,18,2,2,0.0,0.0,0.0,0.0,0.0,4.0,8,1,2
56970,16,2,1,10,2,3,0,1,1,1,0,8,2,2,0.0,0.0,0.0,0.0,0.0,3.0,23,3,5
153699,15,2,3,10,2,3,0,1,1,1,2,36,2,2,0.0,0.0,0.0,0.0,0.0,2.0,16,6,10
93889,16,2,2,10,6,4,0,1,1,1,0,17,2,2,0.0,0.0,0.0,0.0,0.0,2.0,13,6,7
62719,16,2,3,10,8,3,0,1,0,1,2,19,2,2,0.0,0.0,0.0,0.0,0.0,2.0,17,3,5
135538,16,7,1,8,10,3,6,1,0,1,1,6,2,3,1.0,0.0,0.0,1.0,0.0,1.0,21,6,9
96700,16,2,3,8,1,3,0,1,0,1,2,6,2,3,1.0,0.0,0.0,1.0,0.0,1.0,16,5,7
57771,15,2,3,0,6,3,0,1,1,1,2,36,2,2,0.0,0.0,0.0,0.0,0.0,2.0,10,4,5
114939,15,2,3,0,6,3,0,1,1,1,2,12,2,2,0.0,0.0,0.0,0.0,0.0,2.0,20,1,8
34712,16,2,3,10,2,3,0,1,1,1,2,36,2,2,0.0,0.0,0.0,0.0,0.0,3.0,12,3,3
114619,16,2,3,17,8,3,0,1,1,1,2,18,2,2,0.0,0.0,0.0,0.0,0.0,2.0,10,2,8
150945,16,2,3,3,8,3,6,1,1,1,2,18,2,2,0.0,0.0,0.0,0.0,0.0,2.0,12,7,10
137599,15,2,4,17,8,3,0,1,1,1,2,30,3,2,0.0,0.0,0.0,0.0,0.0,2.0,18,5,10
186881,16,2,3,10,8,3,0,1,1,1,0,19,2,2,0.0,0.0,0.0,0.0,0.0,3.0,14,4,12
140053,15,2,3,17,8,3,0,1,1,1,2,24,2,2,0.0,0.0,0.0,0.0,0.0,3.0,14,7,10
101719,4,2,3,7,8,3,0,1,1,1,2,21,2,2,0.0,0.0,0.0,0.0,0.0,1.0,8,5,7
17753,17,2,4,17,6,3,0,1,0,1,2,36,2,2,0.0,0.0,0.0,0.0,0.0,2.0,15,3,2
71215,4,2,3,17,2,4,0,1,1,1,1,36,2,2,0.0,0.0,0.0,0.0,0.0,4.0,13,5,5
39605,15,7,3,0,6,3,6,1,0,1,2,39,2,2,0.0,0.0,0.0,0.0,0.0,4.0,1,7,3
113209,16,2,3,0,2,3,0,1,1,1,2,36,2,2,0.0,0.0,0.0,0.0,0.0,2.0,11,1,8
177948,16,7,0,10,8,3,6,1,1,1,2,36,2,2,0.0,0.0,0.0,0.0,0.0,5.0,17,6,12
59118,16,7,3,10,11,3,6,1,1,1,1,19,3,2,0.0,0.0,0.0,0.0,0.0,3.0,6,3,5
114683,16,2,1,9,8,3,0,1,0,1,0,36,2,3,1.0,0.0,0.0,1.0,0.0,1.0,23,3,8
108314,16,2,1,0,8,3,0,1,0,1,2,6,2,3,1.0,0.0,0.0,1.0,0.0,3.0,19,5,8
112810,16,2,3,17,8,3,0,1,0,1,2,6,2,1,1.0,0.0,1.0,0.0,0.0,4.0,14,4,8
17411,16,2,3,0,8,3,6,1,0,1,2,36,2,2,0.0,0.0,0.0,0.0,0.0,2.0,9,3,2
90583,15,2,3,0,15,3,0,1,0,1,2,18,2,1,1.0,0.0,1.0,0.0,0.0,2.0,15,2,7
173398,16,2,2,10,2,3,0,1,1,1,1,19,2,2,0.0,0.0,0.0,0.0,0.0,2.0,6,3,12
62466,16,11,5,10,8,3,5,5,1,1,0,36,2,2,0.0,0.0,0.0,0.0,0.0,3.0,15,7,5
17568,16,10,3,5,8,3,4,1,1,1,2,19,3,2,0.0,0.0,0.0,0.0,0.0,2.0,16,7,2
114025,16,2,2,17,8,3,0,1,1,1,2,36,2,2,0.0,0.0,0.0,0.0,0.0,2.0,5,7,8
182152,16,2,0,15,8,3,0,1,1,1,1,36,2,2,0.0,0.0,0.0,0.0,0.0,3.0,20,6,12
48646,16,2,3,15,10,3,0,1,1,1,2,36,2,2,0.0,0.0,0.0,0.0,0.0,2.0,13,2,4
92504,16,2,3,17,8,3,0,1,1,1,0,23,2,2,0.0,0.0,0.0,0.0,0.0,2.0,9,3,7
20573,15,2,3,3,8,3,0,1,1,1,1,36,2,2,0.0,0.0,0.0,0.0,0.0,5.0,14,2,2
2930,16,3,3,17,6,3,0,1,1,1,2,36,2,2,0.0,0.0,0.0,0.0,0.0,2.0,11,2,1
109916,15,2,0,0,10,3,0,5,1,1,2,18,2,2,0.0,0.0,0.0,0.0,0.0,2.0,19,1,8
113797,15,2,4,17,10,3,0,1,1,1,1,23,2,2,0.0,0.0,0.0,0.0,0.0,2.0,19,5,8
71686,16,2,3,15,8,3,0,5,1,1,2,18,2,2,0.0,0.0,0.0,0.0,0.0,3.0,15,6,5
81208,4,2,3,17,8,3,0,1,0,1,2,18,2,4,2.0,0.0,0.0,0.0,2.0,2.0,18,6,6
103200,15,2,3,0,8,3,0,1,0,1,2,18,2,3,2.0,0.0,0.0,2.0,0.0,1.0,14,7,7
144033,16,7,1,0,8,3,6,5,1,1,2,36,2,2,0.0,0.0,0.0,0.0,0.0,2.0,19,4,10
79208,16,2,1,10,8,3,0,1,1,1,1,17,2,2,0.0,0.0,0.0,0.0,0.0,3.0,22,4,6
181203,17,7,1,17,8,3,6,5,0,1,2,26,2,4,1.0,0.0,0.0,0.0,1.0,2.0,22,7,12
23766,16,2,1,17,3,3,0,1,0,1,2,36,2,2,0.0,0.0,0.0,0.0,0.0,5.0,18,6,2
117738,16,2,3,10,2,3,0,1,1,1,0,19,2,2,0.0,0.0,0.0,0.0,0.0,2.0,12,7,8
38833,16,2,3,17,6,3,0,5,0,1,2,18,2,2,0.0,0.0,0.0,0.0,0.0,3.0,17,7,3
78611,16,7,3,10,11,3,6,1,1,1,1,19,2,2,0.0,0.0,0.0,0.0,0.0,3.0,17,3,6
115022,16,2,3,17,6,3,0,1,1,1,2,24,2,2,0.0,0.0,0.0,0.0,0.0,2.0,13,4,8
20249,15,10,3,7,8,3,4,1,1,1,1,36,2,2,0.0,0.0,0.0,0.0,0.0,1.0,7,3,2
102083,16,2,3,17,15,3,0,1,0,1,2,36,2,2,0.0,0.0,0.0,0.0,0.0,3.0,15,4,7
187107,16,3,3,17,8,3,0,1,1,1,2,19,2,2,0.0,0.0,0.0,0.0,0.0,2.0,15,6,12
83250,4,7,3,0,8,3,0,1,1,1,2,18,2,2,0.0,0.0,0.0,0.0,0.0,2.0,11,6,6
75364,16,2,3,15,2,3,0,1,1,1,2,23,2,2,0.0,0.0,0.0,0.0,0.0,2.0,16,4,6
147271,16,2,3,0,3,3,0,1,1,1,2,18,2,2,0.0,0.0,0.0,0.0,0.0,3.0,11,2,10
136726,15,3,3,0,18,3,0,1,0,1,2,36,2,4,2.0,0.0,0.0,0.0,2.0,2.0,15,3,9
168934,16,2,3,17,6,3,0,1,0,1,2,38,2,2,0.0,0.0,0.0,0.0,0.0,2.0,8,4,11
168117,16,2,1,10,2,3,0,1,1,0,1,36,2,2,0.0,0.0,0.0,0.0,0.0,5.0,19,2,11
136315,15,7,3,17,2,3,6,5,0,1,2,18,2,3,1.0,0.0,0.0,1.0,0.0,3.0,6,4,9
58098,16,2,1,17,15,3,0,1,0,1,2,24,2,4,1.0,0.0,0.0,0.0,1.0,2.0,22,1,5
34019,15,2,3,17,15,3,0,1,1,1,2,36,2,2,0.0,0.0,0.0,0.0,0.0,2.0,18,6,3
124625,16,3,3,10,8,3,5,5,1,1,1,19,3,2,0.0,0.0,0.0,0.0,0.0,3.0,12,3,9
63483,16,2,3,0,6,3,0,1,0,1,2,6,2,2,0.0,0.0,0.0,0.0,0.0,2.0,6,2,5
187449,16,7,1,13,6,3,6,5,0,1,2,6,2,3,2.0,0.0,0.0,2.0,0.0,4.0,22,5,12
179159,16,2,2,0,6,3,0,1,0,1,2,6,2,3,2.0,0.0,0.0,1.0,1.0,1.0,5,1,12
127466,16,2,3,10,6,3,0,1,1,1,2,19,2,2,0.0,0.0,0.0,0.0,0.0,2.0,9,1,9
27752,15,2,1,17,8,3,0,1,1,1,1,36,2,2,0.0,0.0,0.0,0.0,0.0,2.0,17,5,2
41009,16,7,4,10,8,3,6,1,1,1,0,19,2,2,0.0,0.0,0.0,0.0,0.0,2.0,7,4,3
182593,16,2,1,9,1,3,0,1,0,1,2,17,2,1,1.0,0.0,1.0,0.0,0.0,1.0,19,4,12
33215,10,2,3,9,6,3,0,1,1,1,1,28,2,2,0.0,0.0,0.0,0.0,0.0,2.0,10,6,3
181455,15,2,4,0,8,3,5,5,1,1,1,36,2,2,0.0,0.0,0.0,0.0,0.0,2.0,16,3,12
142395,4,2,1,17,15,3,0,1,1,1,2,36,2,2,0.0,0.0,0.0,0.0,0.0,3.0,19,4,10
62865,15,2,4,17,15,3,0,5,1,1,2,6,2,2,0.0,0.0,0.0,0.0,0.0,3.0,18,6,5
149698,4,2,3,17,8,3,0,1,0,1,2,22,2,3,3.0,0.0,0.0,2.0,1.0,2.0,9,2,10
128402,16,2,3,14,2,3,0,1,1,1,1,23,2,2,0.0,0.0,0.0,0.0,0.0,2.0,9,6,9
111695,16,2,3,15,8,3,0,1,1,1,1,22,2,2,0.0,0.0,0.0,0.0,0.0,5.0,14,1,8
82248,16,2,3,3,2,3,0,1,1,1,0,18,2,2,0.0,0.0,0.0,0.0,0.0,2.0,15,7,6
117961,16,2,1,0,8,3,0,1,0,1,2,6,2,2,0.0,0.0,0.0,0.0,0.0,4.0,0,5,8
180125,4,2,3,17,8,3,0,1,1,1,2,18,2,2,0.0,0.0,0.0,0.0,0.0,2.0,9,5,12
134468,16,2,3,17,6,3,0,1,1,1,2,36,2,2,0.0,0.0,0.0,0.0,0.0,3.0,15,7,9
64771,16,2,3,17,6,3,0,1,1,1,2,22,2,2,0.0,0.0,0.0,0.0,0.0,3.0,13,2,5
16854,16,2,3,1,3,3,5,5,1,1,2,0,1,2,0.0,0.0,0.0,0.0,0.0,1.0,14,1,2
43880,16,2,3,15,8,3,0,1,1,1,1,36,2,2,0.0,0.0,0.0,0.0,0.0,2.0,19,1,4
129845,15,2,1,0,6,3,0,1,0,1,2,18,2,2,0.0,0.0,0.0,0.0,0.0,2.0,21,6,9
110671,15,2,3,0,8,3,0,5,1,0,2,36,2,2,0.0,0.0,0.0,0.0,0.0,3.0,11,6,8
180013,15,2,1,7,15,3,0,1,1,1,2,17,2,2,0.0,0.0,0.0,0.0,0.0,1.0,3,7,12
55535,16,7,3,15,2,3,6,1,1,1,0,22,2,2,0.0,0.0,0.0,0.0,0.0,2.0,17,1,4
122632,16,2,4,10,6,3,0,1,1,1,1,19,2,2,0.0,0.0,0.0,0.0,0.0,2.0,18,2,9
115611,16,2,3,7,8,3,0,1,0,1,2,23,2,2,0.0,0.0,0.0,0.0,0.0,2.0,15,4,8
15900,15,2,3,7,2,3,0,1,1,1,0,19,2,2,0.0,0.0,0.0,0.0,0.0,1.0,11,5,2
70306,4,2,3,17,10,3,0,1,1,1,1,11,2,2,0.0,0.0,0.0,0.0,0.0,2.0,9,4,5
180576,16,2,1,15,8,3,0,1,1,1,0,19,2,2,0.0,0.0,0.0,0.0,0.0,3.0,17,6,12
47981,17,11,3,10,6,3,5,5,1,1,2,36,2,2,0.0,0.0,0.0,0.0,0.0,2.0,16,7,4
142541,15,2,1,17,15,3,0,1,0,1,2,26,2,3,2.0,0.0,0.0,2.0,0.0,0.0,21,7,10
44577,15,2,3,15,2,3,0,1,1,1,0,36,2,2,0.0,0.0,0.0,0.0,0.0,4.0,8,6,4
134351,16,2,3,0,8,3,0,1,1,1,2,6,2,2,0.0,0.0,0.0,0.0,0.0,2.0,10,4,9
123019,4,2,3,17,8,3,0,1,0,1,1,38,2,3,1.0,0.0,0.0,1.0,0.0,1.0,9,7,9
64386,16,3,3,10,8,3,0,1,1,1,2,19,2,2,0.0,0.0,0.0,0.0,0.0,2.0,17,3,5
34219,16,2,3,17,1,3,6,1,1,1,2,24,2,2,0.0,0.0,0.0,0.0,0.0,2.0,10,2,3
185860,4,2,1,13,6,3,0,1,0,1,2,18,2,2,0.0,0.0,0.0,0.0,0.0,2.0,0,6,12
11704,16,2,1,9,10,3,0,5,0,1,0,36,2,3,1.0,0.0,0.0,1.0,0.0,2.0,22,1,1
114585,4,3,3,10,8,3,0,1,1,0,2,17,2,2,0.0,0.0,0.0,0.0,0.0,4.0,14,2,8
48482,16,2,3,9,2,3,0,1,0,1,1,18,2,4,1.0,0.0,0.0,0.0,1.0,1.0,16,1,4
158045,15,2,1,0,8,3,0,1,1,1,2,18,2,2,0.0,0.0,0.0,0.0,0.0,2.0,18,7,11
21738,16,2,3,9,2,3,0,1,0,1,0,38,2,4,1.0,0.0,0.0,0.0,1.0,1.0,7,6,2
145483,16,2,3,8,8,3,0,5,0,1,2,18,2,3,1.0,0.0,0.0,1.0,0.0,1.0,16,5,10
89566,15,2,4,0,15,3,0,1,1,1,2,18,2,2,0.0,0.0,0.0,0.0,0.0,2.0,18,7,7
62852,15,2,3,17,8,3,0,1,1,1,0,24,2,2,0.0,0.0,0.0,0.0,0.0,2.0,16,6,5
40078,16,2,1,10,15,3,6,1,1,1,2,36,2,2,0.0,0.0,0.0,0.0,0.0,2.0,20,1,3
47757,16,2,2,0,10,3,0,1,0,1,2,6,2,2,0.0,0.0,0.0,0.0,0.0,3.0,14,2,4
93797,16,2,3,6,2,3,0,1,0,1,2,12,1,3,1.0,0.0,0.0,1.0,0.0,0.0,20,3,7
27951,16,2,3,17,6,3,0,1,1,1,2,24,2,2,0.0,0.0,0.0,0.0,0.0,4.0,8,2,2
27335,4,2,3,10,8,3,0,1,1,1,1,19,2,2,0.0,0.0,0.0,0.0,0.0,2.0,16,5,2
67563,15,2,3,15,8,3,0,1,1,1,2,22,2,2,0.0,0.0,0.0,0.0,0.0,3.0,19,5,5
96329,17,2,1,2,3,3,6,5,1,1,2,9,1,2,0.0,0.0,0.0,0.0,0.0,1.0,2,7,7
178302,15,2,3,0,3,3,1,1,0,1,2,36,2,1,2.0,0.0,1.0,1.0,0.0,0.0,14,3,12
130000,6,2,1,7,8,3,0,1,1,1,2,22,2,2,0.0,0.0,0.0,0.0,0.0,1.0,0,1,9
102484,16,2,3,10,8,3,0,5,1,1,0,36,2,2,0.0,0.0,0.0,0.0,0.0,2.0,15,2,7
104908,16,11,3,10,8,3,5,5,1,1,1,36,2,2,0.0,0.0,0.0,0.0,0.0,2.0,11,3,8
177148,16,10,1,10,8,3,4,1,1,1,2,39,2,2,0.0,0.0,0.0,0.0,0.0,4.0,19,7,12
33462,16,2,1,15,3,3,0,2,0,1,1,22,2,4,1.0,0.0,0.0,0.0,1.0,3.0,18,3,3
151587,4,2,3,17,8,3,0,1,1,1,2,18,2,2,0.0,0.0,0.0,0.0,0.0,3.0,15,4,10
68119,4,2,3,17,10,3,5,5,1,1,2,21,2,2,0.0,0.0,0.0,0.0,0.0,5.0,13,5,5
125056,15,2,1,17,8,3,0,1,1,1,1,18,2,2,0.0,0.0,0.0,0.0,0.0,5.0,20,1,9
8202,16,2,4,17,8,3,0,1,0,1,2,17,2,2,0.0,0.0,0.0,0.0,0.0,2.0,17,5,1
84634,16,2,3,0,8,3,0,1,0,1,2,36,2,2,0.0,0.0,0.0,0.0,0.0,6.0,15,2,6
155069,4,7,1,9,2,3,6,1,1,1,0,36,2,2,0.0,0.0,0.0,0.0,0.0,3.0,2,7,10
29300,15,2,3,17,8,3,0,1,1,1,0,5,2,2,0.0,0.0,0.0,0.0,0.0,2.0,16,3,3
66766,16,2,3,15,8,5,0,1,1,1,1,23,2,2,0.0,0.0,0.0,0.0,0.0,2.0,10,6,5
21805,16,2,1,17,1,3,0,1,1,0,1,18,2,2,0.0,0.0,0.0,0.0,0.0,2.0,18,7,2
5596,15,10,1,7,8,3,4,1,1,1,0,39,2,2,0.0,0.0,0.0,0.0,0.0,1.0,17,7,1
19863,16,2,3,15,6,3,0,1,1,1,2,17,3,2,0.0,0.0,0.0,0.0,0.0,3.0,10,3,2
150156,16,2,1,10,6,3,0,1,1,1,2,36,2,2,0.0,0.0,0.0,0.0,0.0,2.0,20,7,10
166932,16,7,1,17,8,3,6,1,0,1,2,24,2,4,1.0,0.0,0.0,0.0,1.0,1.0,17,4,11
14514,16,2,1,17,15,3,6,5,0,1,2,36,2,4,3.0,0.0,0.0,0.0,3.0,1.0,19,2,1
106933,16,2,3,17,6,3,0,1,1,1,1,24,2,2,0.0,0.0,0.0,0.0,0.0,2.0,14,6,8
35314,16,2,3,10,2,3,0,1,0,1,1,19,2,2,0.0,0.0,0.0,0.0,0.0,2.0,17,4,3
31797,4,2,3,7,15,3,5,5,1,1,2,36,2,2,0.0,0.0,0.0,0.0,0.0,1.0,11,4,3
132879,6,2,3,17,8,3,0,1,1,1,2,26,2,2,0.0,0.0,0.0,0.0,0.0,2.0,16,6,9
139513,16,3,3,8,17,3,0,1,0,0,0,36,2,1,1.0,0.0,1.0,0.0,0.0,1.0,9,6,10
93314,4,2,3,17,8,3,0,1,1,1,2,18,2,2,0.0,0.0,0.0,0.0,0.0,2.0,9,2,7
117030,16,7,3,10,6,3,6,1,1,1,1,36,2,2,0.0,0.0,0.0,0.0,0.0,2.0,7,5,8
69845,16,2,3,10,8,3,0,1,0,1,1,19,2,4,1.0,0.0,0.0,0.0,1.0,1.0,17,5,5
74236,16,2,3,0,6,3,0,1,0,1,2,18,2,3,3.0,0.0,0.0,3.0,0.0,2.0,18,1,6
159319,15,2,3,0,8,3,0,1,0,1,1,18,2,3,1.0,0.0,0.0,1.0,0.0,1.0,13,5,11
35254,15,2,3,17,15,3,0,5,1,1,2,36,2,2,0.0,0.0,0.0,0.0,0.0,2.0,15,6,3
130107,15,2,3,0,8,3,0,1,1,1,1,18,2,2,0.0,0.0,0.0,0.0,0.0,2.0,14,2,9
108895,4,2,1,7,10,3,0,1,1,1,1,12,2,2,0.0,0.0,0.0,0.0,0.0,1.0,19,7,8
185262,15,2,1,10,8,3,0,3,1,1,2,17,2,2,0.0,0.0,0.0,0.0,0.0,3.0,4,1,12
93972,16,7,4,17,11,3,6,1,1,1,2,18,2,2,0.0,0.0,0.0,0.0,0.0,2.0,19,4,7
49301,16,2,3,0,8,3,0,1,0,1,2,18,2,1,7.0,0.0,4.0,3.0,0.0,1.0,15,1,4
21280,15,2,3,9,8,3,4,1,0,1,2,5,2,1,2.0,0.0,1.0,0.0,1.0,0.0,15,6,2
37571,15,2,3,10,8,3,0,1,1,1,1,36,2,2,0.0,0.0,0.0,0.0,0.0,2.0,17,2,3
18273,15,2,1,10,2,3,0,1,1,1,2,36,2,2,0.0,0.0,0.0,0.0,0.0,2.0,21,4,2
182721,15,2,3,10,2,3,0,1,1,1,2,17,2,2,0.0,0.0,0.0,0.0,0.0,2.0,12,5,12
57067,16,2,3,17,2,3,6,1,1,1,2,17,2,2,0.0,0.0,0.0,0.0,0.0,2.0,11,5,5
2043,15,2,3,0,8,3,0,1,1,1,2,5,2,2,0.0,0.0,0.0,0.0,0.0,3.0,11,6,1
31184,16,2,3,17,8,3,0,1,1,1,2,19,2,2,0.0,0.0,0.0,0.0,0.0,2.0,9,7,3
128428,15,2,3,15,8,3,0,1,1,1,2,22,2,2,0.0,0.0,0.0,0.0,0.0,2.0,13,7,9
147361,4,11,5,8,6,3,5,5,1,1,2,18,2,2,0.0,0.0,0.0,0.0,0.0,2.0,14,5,10
129767,16,2,3,17,10,3,0,1,1,1,1,23,2,2,0.0,0.0,0.0,0.0,0.0,2.0,0,5,9
113713,16,2,3,10,8,3,0,1,1,1,2,36,3,2,0.0,0.0,0.0,0.0,0.0,6.0,14,4,8
149732,16,2,3,10,11,3,0,5,1,1,1,19,2,2,0.0,0.0,0.0,0.0,0.0,2.0,13,7,10
33300,16,2,1,17,6,3,0,1,0,1,2,24,2,2,0.0,0.0,0.0,0.0,0.0,2.0,4,2,3
126715,15,2,3,0,2,3,0,1,0,1,2,18,2,2,0.0,0.0,0.0,0.0,0.0,2.0,9,4,9
80577,15,2,3,0,8,3,0,1,0,1,2,5,2,4,1.0,0.0,0.0,0.0,1.0,1.0,13,4,6
175415,16,2,3,17,6,3,5,5,1,1,2,18,2,2,0.0,0.0,0.0,0.0,0.0,2.0,11,6,12
101559,16,2,3,17,11,3,0,1,1,1,2,6,2,2,0.0,0.0,0.0,0.0,0.0,2.0,16,3,7
44054,17,11,5,17,3,3,5,5,1,1,2,12,2,2,0.0,0.0,0.0,0.0,0.0,2.0,17,5,4
38050,15,2,3,0,10,3,0,1,1,1,0,5,2,2,0.0,0.0,0.0,0.0,0.0,3.0,16,5,3
13108,4,2,1,17,8,3,6,1,0,1,2,18,2,4,3.0,0.0,0.0,0.0,3.0,4.0,18,4,1
71961,4,2,1,10,6,3,0,1,1,1,2,19,2,2,0.0,0.0,0.0,0.0,0.0,3.0,22,7,6
185086,16,4,0,10,6,3,6,5,1,1,2,19,2,2,0.0,0.0,0.0,0.0,0.0,2.0,3,7,12
169997,4,11,5,7,8,3,5,5,0,1,2,36,2,2,0.0,0.0,0.0,0.0,0.0,1.0,2,1,11
42604,16,2,1,10,8,3,0,1,1,1,2,17,2,2,0.0,0.0,0.0,0.0,0.0,4.0,2,7,4
176730,15,2,0,17,6,3,0,1,0,0,2,24,2,2,0.0,0.0,0.0,0.0,0.0,2.0,22,2,12
144902,15,7,3,0,6,3,6,1,1,1,2,18,2,2,0.0,0.0,0.0,0.0,0.0,2.0,15,4,10
165288,16,2,3,10,2,3,0,1,0,1,2,13,2,3,2.0,0.0,0.0,1.0,1.0,0.0,12,1,11
149153,17,2,3,17,2,3,0,2,1,1,1,24,2,2,0.0,0.0,0.0,0.0,0.0,2.0,12,4,10
44112,16,7,3,17,2,3,6,5,1,1,0,24,2,2,0.0,0.0,0.0,0.0,0.0,2.0,17,4,4
174766,16,11,4,9,6,3,5,1,1,1,0,36,2,2,0.0,0.0,0.0,0.0,0.0,2.0,5,3,12
39334,16,7,3,0,2,3,6,1,1,1,1,24,2,2,0.0,0.0,0.0,0.0,0.0,2.0,7,7,3
7558,15,2,3,17,8,3,5,5,1,1,2,36,2,2,0.0,0.0,0.0,0.0,0.0,2.0,13,7,1
159786,16,2,3,10,8,3,0,1,1,1,1,36,2,2,0.0,0.0,0.0,0.0,0.0,2.0,10,4,11
166519,3,2,1,17,2,3,0,1,0,1,2,18,2,4,1.0,0.0,0.0,0.0,1.0,1.0,18,2,11
36833,4,2,3,10,2,3,0,1,1,0,2,36,2,2,0.0,0.0,0.0,0.0,0.0,2.0,8,3,3
153083,16,2,4,17,6,3,0,1,0,1,2,36,2,2,0.0,0.0,0.0,0.0,0.0,2.0,17,4,10
74471,15,2,0,10,8,3,0,1,0,1,2,8,3,2,0.0,0.0,0.0,0.0,0.0,7.0,23,3,6
62399,4,2,3,10,10,3,0,5,0,0,1,19,2,2,0.0,0.0,0.0,0.0,0.0,6.0,18,6,5
135183,16,2,3,17,2,3,0,1,0,1,2,18,2,4,1.0,0.0,0.0,0.0,1.0,1.0,12,2,9
126060,15,2,1,17,10,3,0,1,1,1,1,18,2,2,0.0,0.0,0.0,0.0,0.0,3.0,5,2,9
149708,15,2,3,0,6,3,0,1,1,1,2,18,2,2,0.0,0.0,0.0,0.0,0.0,5.0,11,2,10
181734,16,7,0,9,10,3,5,5,0,1,0,36,2,4,1.0,0.0,0.0,0.0,1.0,1.0,17,1,12
83438,16,2,1,0,8,3,0,4,0,1,2,6,2,4,1.0,0.0,0.0,0.0,1.0,2.0,22,3,6
140691,16,2,3,15,11,3,0,1,1,1,0,23,2,2,0.0,0.0,0.0,0.0,0.0,2.0,17,3,10
84706,15,2,3,0,8,3,0,1,0,1,2,12,2,2,0.0,0.0,0.0,0.0,0.0,2.0,16,1,6
80596,16,2,3,10,8,3,0,5,0,1,2,19,2,3,1.0,0.0,0.0,1.0,0.0,1.0,17,4,6
79009,16,2,3,10,8,3,0,1,1,1,2,19,2,2,0.0,0.0,0.0,0.0,0.0,6.0,12,1,6
76884,16,2,3,10,6,3,0,1,1,1,2,12,2,2,0.0,0.0,0.0,0.0,0.0,2.0,12,5,6
128634,15,2,3,10,8,3,0,1,1,1,2,36,2,2,0.0,0.0,0.0,0.0,0.0,2.0,17,4,9
44212,15,2,3,0,8,3,5,5,1,1,2,18,2,2,0.0,0.0,0.0,0.0,0.0,4.0,16,6,4
8461,15,2,3,10,10,3,0,1,1,1,2,19,2,2,0.0,0.0,0.0,0.0,0.0,3.0,9,3,1