crash_date,               traffic_control_device,weather_condition,lighting_condition,first_crash_type,trafficway_type,alignment,roadway_surface_cond,road_defect,crash_type,intersection_related_i,damage,prim_contributory_cause,num_units,most_severe_injury,injuries_total,injuries_fatal,injuries_incapacitating,injuries_non_incapacitating,injuries_reported_not_evident,injuries_no_indication,crash_hour,crash_day_of_week,crash_month
41046,15,2,3,17,3,3,0,1,1,1,2,24,2,2,0.0,0.0,0.0,0.0,0.0,2.0,8,5,3
10268,16,2,3,10,2,3,0,1,1,1,2,19,2,2,0.0,0.0,0.0,0.0,0.0,2.0,14,5,1
86324,16,2,0,0,8,3,0,1,0,1,2,6,2,2,0.0,0.0,0.0,0.0,0.0,2.0,22,5,6
165988,18,2,2,17,10,3,0,1,0,1,2,7,2,3,1.0,0.0,0.0,1.0,0.0,1.0,20,1,11
63488,15,2,3,0,8,3,0,1,1,1,2,36,2,2,0.0,0.0,0.0,0.0,0.0,2.0,6,2,5
58784,16,7,3,10,8,3,6,1,1,1,2,39,2,2,0.0,0.0,0.0,0.0,0.0,2.0,17,6,5
69588,16,2,3,17,6,3,0,1,1,1,1,24,2,2,0.0,0.0,0.0,0.0,0.0,2.0,9,7,5
70172,16,2,3,10,3,3,0,1,1,1,1,19,2,2,0.0,0.0,0.0,0.0,0.0,2.0,12,1,5
17501,16,10,1,15,2,3,6,1,1,1,1,23,2,2,0.0,0.0,0.0,0.0,0.0,3.0,18,5,2
31592,15,2,3,8,15,3,0,5,0,1,2,36,2,1,1.0,0.0,1.0,0.0,0.0,1.0,15,1,3
51397,16,2,5,0,18,3,5,5,1,1,2,6,2,2,0.0,0.0,0.0,0.0,0.0,3.0,1,4,4
173498,16,2,3,15,8,3,0,1,1,1,1,23,2,2,0.0,0.0,0.0,0.0,0.0,2.0,7,6,12
115324,17,2,1,10,3,3,0,1,0,1,2,17,2,2,0.0,0.0,0.0,0.0,0.0,2.0,22,7,8
131881,16,2,3,10,2,3,0,1,0,1,2,19,2,2,0.0,0.0,0.0,0.0,0.0,2.0,6,5,9
24892,16,2,3,10,2,3,0,3,0,1,1,19,2,4,1.0,0.0,0.0,0.0,1.0,1.0,14,6,2
44911,15,2,1,2,6,3,0,6,1,1,2,36,1,2,0.0,0.0,0.0,0.0,0.0,5.0,0,7,4
80685,16,2,1,10,8,4,0,5,0,1,2,19,3,2,0.0,0.0,0.0,0.0,0.0,5.0,21,5,6
107081,16,7,1,10,8,3,6,1,1,0,2,36,2,2,0.0,0.0,0.0,0.0,0.0,2.0,4,1,8
158536,15,2,3,0,6,3,5,5,1,1,2,36,2,2,0.0,0.0,0.0,0.0,0.0,2.0,5,3,11
38677,16,2,3,17,6,3,0,1,0,1,2,6,2,2,0.0,0.0,0.0,0.0,0.0,2.0,8,3,3
46450,16,2,3,15,6,3,0,1,1,1,1,36,2,2,0.0,0.0,0.0,0.0,0.0,2.0,8,6,4
89381,4,2,3,10,12,3,0,1,1,0,1,36,2,2,0.0,0.0,0.0,0.0,0.0,2.0,19,3,7
105209,4,2,3,17,2,3,0,1,1,0,1,24,2,2,0.0,0.0,0.0,0.0,0.0,2.0,15,7,8
73885,15,2,3,7,10,3,0,1,1,1,2,12,2,2,0.0,0.0,0.0,0.0,0.0,4.0,15,2,6
37921,16,11,5,10,6,3,5,1,1,1,0,18,2,2,0.0,0.0,0.0,0.0,0.0,2.0,22,3,3
83809,16,7,3,17,6,3,6,1,1,1,2,22,2,2,0.0,0.0,0.0,0.0,0.0,2.0,15,1,6
123932,16,7,3,15,8,3,6,2,1,1,2,32,2,2,0.0,0.0,0.0,0.0,0.0,4.0,7,6,9
173278,4,2,4,8,8,3,0,1,0,1,0,36,2,3,1.0,0.0,0.0,1.0,0.0,1.0,17,1,12
35107,17,11,3,0,6,3,5,5,1,1,1,36,2,2,0.0,0.0,0.0,0.0,0.0,2.0,10,2,3
44074,16,5,2,17,6,3,6,1,1,1,2,39,2,2,0.0,0.0,0.0,0.0,0.0,2.0,10,5,4
164886,16,10,3,0,8,3,6,1,0,1,2,39,2,3,1.0,0.0,0.0,1.0,0.0,1.0,6,7,11
55717,16,11,5,14,2,3,5,5,0,1,2,23,2,2,0.0,0.0,0.0,0.0,0.0,3.0,15,5,4
112705,15,2,3,0,6,3,0,1,0,1,2,5,2,3,4.0,0.0,0.0,2.0,2.0,2.0,14,2,8
106567,16,11,3,15,15,3,5,5,1,1,0,36,2,2,0.0,0.0,0.0,0.0,0.0,3.0,17,7,8
147169,4,2,1,0,6,3,0,1,0,1,2,17,2,1,2.0,0.0,1.0,1.0,0.0,0.0,0,7,10
120462,16,2,1,10,15,3,0,1,0,1,2,36,3,2,0.0,0.0,0.0,0.0,0.0,4.0,21,7,8
107095,15,11,5,3,15,3,5,5,0,1,2,28,2,3,1.0,0.0,0.0,1.0,0.0,1.0,20,1,8
45052,4,7,3,17,8,3,6,1,1,1,2,18,2,2,0.0,0.0,0.0,0.0,0.0,3.0,18,1,4
55517,15,7,3,0,8,3,6,1,1,1,2,39,2,2,0.0,0.0,0.0,0.0,0.0,2.0,12,7,4
4611,16,3,3,10,8,3,6,1,1,1,1,36,2,2,0.0,0.0,0.0,0.0,0.0,3.0,11,6,1
61715,16,7,4,3,2,3,6,1,0,1,2,36,3,3,1.0,0.0,0.0,1.0,0.0,3.0,19,1,5
89697,4,3,4,17,8,3,6,1,1,1,2,24,2,2,0.0,0.0,0.0,0.0,0.0,2.0,7,2,7
10843,16,2,2,10,16,3,0,5,1,1,2,36,2,2,0.0,0.0,0.0,0.0,0.0,2.0,18,7,1
63796,16,2,3,10,2,3,0,1,1,1,1,19,2,2,0.0,0.0,0.0,0.0,0.0,2.0,16,7,5
138494,17,2,3,17,15,3,0,1,0,1,2,18,2,3,2.0,0.0,0.0,1.0,1.0,0.0,6,7,10
116518,15,2,3,10,6,3,0,1,1,1,2,36,2,2,0.0,0.0,0.0,0.0,0.0,2.0,10,4,8
129441,4,2,3,17,6,3,0,1,1,1,2,24,2,2,0.0,0.0,0.0,0.0,0.0,2.0,7,2,9
21286,15,10,1,0,6,3,4,1,0,1,2,18,2,3,1.0,0.0,0.0,1.0,0.0,1.0,4,6,2
9326,16,2,1,10,2,3,0,1,0,1,0,36,2,3,2.0,0.0,0.0,2.0,0.0,1.0,21,1,1
163293,4,7,3,14,8,3,6,1,0,0,2,28,2,2,0.0,0.0,0.0,0.0,0.0,3.0,13,1,11
115672,16,2,3,17,8,3,0,1,1,1,1,36,2,2,0.0,0.0,0.0,0.0,0.0,2.0,15,5,8
6285,16,2,1,0,6,3,0,1,0,1,1,36,2,2,0.0,0.0,0.0,0.0,0.0,3.0,23,5,1
164244,16,2,1,17,8,3,0,1,0,1,2,37,2,3,1.0,0.0,0.0,1.0,0.0,3.0,2,5,11
31540,15,2,3,0,2,3,0,5,1,1,1,18,2,2,0.0,0.0,0.0,0.0,0.0,2.0,17,6,3
16648,16,10,1,10,8,3,6,5,0,0,2,39,2,3,1.0,0.0,0.0,1.0,0.0,1.0,23,5,2
140400,4,2,0,17,6,3,0,1,1,1,2,24,2,2,0.0,0.0,0.0,0.0,0.0,3.0,20,7,10
131330,15,2,3,0,2,4,0,1,0,1,2,5,2,1,2.0,0.0,1.0,1.0,0.0,1.0,12,4,9
5883,15,3,1,0,8,3,6,1,0,1,2,36,2,4,2.0,0.0,0.0,0.0,2.0,1.0,18,6,1
109863,16,2,3,10,8,3,0,1,1,1,0,36,3,2,0.0,0.0,0.0,0.0,0.0,2.0,8,7,8
186029,16,2,3,10,6,3,0,1,0,1,2,13,2,2,0.0,0.0,0.0,0.0,0.0,2.0,12,4,12
72358,16,2,1,17,8,3,0,1,1,1,2,24,2,2,0.0,0.0,0.0,0.0,0.0,4.0,1,7,6
130671,16,2,3,9,3,3,0,1,0,1,0,6,2,3,1.0,0.0,0.0,1.0,0.0,1.0,7,2,9
181090,15,2,3,15,3,3,5,5,0,0,2,36,2,2,0.0,0.0,0.0,0.0,0.0,2.0,5,6,12
160671,15,2,3,9,6,3,0,1,0,1,2,18,2,3,1.0,0.0,0.0,1.0,0.0,1.0,15,5,11
64149,15,2,1,17,8,3,0,1,0,1,2,18,2,4,1.0,0.0,0.0,0.0,1.0,1.0,18,5,5
44925,15,2,4,15,8,3,0,1,1,1,0,23,2,2,0.0,0.0,0.0,0.0,0.0,2.0,18,5,4
63901,16,2,3,17,1,3,0,1,0,1,2,17,3,3,2.0,0.0,0.0,1.0,1.0,1.0,17,2,5
74865,15,2,3,10,2,3,0,1,0,1,2,19,2,2,0.0,0.0,0.0,0.0,0.0,2.0,8,3,6
16085,15,9,3,17,8,3,4,1,1,1,2,36,2,2,0.0,0.0,0.0,0.0,0.0,2.0,9,1,2
116120,4,2,1,17,6,3,0,1,0,1,2,23,2,3,1.0,0.0,0.0,1.0,0.0,1.0,22,6,8
155979,16,2,1,0,2,3,0,1,0,1,2,6,2,3,1.0,0.0,0.0,1.0,0.0,1.0,19,1,11
157951,16,2,3,17,6,3,5,5,1,1,2,36,2,2,0.0,0.0,0.0,0.0,0.0,2.0,15,2,11
104412,16,2,1,15,8,3,0,1,1,1,2,24,2,2,0.0,0.0,0.0,0.0,0.0,2.0,18,3,8
137901,15,2,3,0,2,3,0,1,0,1,2,18,2,2,0.0,0.0,0.0,0.0,0.0,6.0,18,6,10
59679,16,2,3,17,15,3,0,1,1,1,2,19,2,2,0.0,0.0,0.0,0.0,0.0,4.0,13,6,5
16443,4,10,1,10,10,3,4,1,1,1,1,17,2,2,0.0,0.0,0.0,0.0,0.0,6.0,18,1,2
50332,15,2,3,17,8,3,0,1,0,1,2,36,2,2,0.0,0.0,0.0,0.0,0.0,2.0,17,5,4
11075,16,10,3,9,8,3,4,1,0,1,2,17,2,3,1.0,0.0,0.0,1.0,0.0,1.0,8,3,1
169926,16,2,3,10,6,3,0,1,1,1,2,17,3,2,0.0,0.0,0.0,0.0,0.0,5.0,10,6,11
87065,16,2,3,17,6,3,0,1,1,1,1,22,2,2,0.0,0.0,0.0,0.0,0.0,3.0,8,4,6
102309,16,2,3,17,8,3,0,1,0,1,2,23,2,3,1.0,0.0,0.0,1.0,0.0,4.0,19,1,7
164934,16,3,3,17,8,3,0,1,0,1,2,18,2,2,0.0,0.0,0.0,0.0,0.0,9.0,14,1,11
21259,6,2,1,17,2,3,2,1,0,1,2,12,2,3,1.0,0.0,0.0,1.0,0.0,1.0,1,6,2
136896,16,2,0,17,8,3,0,1,1,1,1,18,2,2,0.0,0.0,0.0,0.0,0.0,2.0,22,5,9
170560,16,2,3,17,15,3,0,1,1,1,2,36,2,2,0.0,0.0,0.0,0.0,0.0,2.0,16,4,11
78220,16,2,3,17,1,3,0,1,1,1,0,36,2,2,0.0,0.0,0.0,0.0,0.0,3.0,13,4,6
130167,16,2,0,10,8,3,0,1,0,1,1,19,3,2,0.0,0.0,0.0,0.0,0.0,3.0,1,3,9
44215,6,2,3,9,2,3,0,1,0,1,1,18,2,4,1.0,0.0,0.0,0.0,1.0,1.0,16,6,4
47218,15,2,3,17,2,3,0,1,1,1,2,36,2,2,0.0,0.0,0.0,0.0,0.0,2.0,15,6,4
180806,16,2,3,10,8,4,0,1,0,1,2,36,2,2,0.0,0.0,0.0,0.0,0.0,2.0,11,7,12
124040,16,2,3,10,8,3,0,5,1,1,1,19,2,2,0.0,0.0,0.0,0.0,0.0,2.0,16,2,9
94252,16,2,3,9,6,4,0,5,0,1,0,38,2,3,1.0,0.0,0.0,1.0,0.0,2.0,10,2,7
67195,16,2,3,17,8,3,0,1,1,1,2,22,2,2,0.0,0.0,0.0,0.0,0.0,2.0,15,5,5
76896,16,2,1,17,6,3,0,1,1,1,2,18,2,2,0.0,0.0,0.0,0.0,0.0,2.0,2,6,6
41957,15,2,3,0,10,3,0,1,1,1,2,5,2,2,0.0,0.0,0.0,0.0,0.0,2.0,12,1,3
59344,16,2,1,17,8,3,5,5,1,1,2,24,2,2,0.0,0.0,0.0,0.0,0.0,2.0,23,7,5
33996,16,2,3,10,19,3,0,1,1,1,1,17,2,2,0.0,0.0,0.0,0.0,0.0,2.0,14,6,3
6618,15,3,3,17,8,3,6,1,0,1,2,18,2,2,0.0,0.0,0.0,0.0,0.0,2.0,7,2,1
144102,16,7,1,10,2,3,6,1,1,1,1,19,2,2,0.0,0.0,0.0,0.0,0.0,2.0,0,5,10
6833,16,10,0,17,8,3,6,1,1,1,2,26,2,2,0.0,0.0,0.0,0.0,0.0,3.0,21,6,1
97988,16,2,3,0,6,3,0,1,0,1,2,36,3,3,4.0,0.0,0.0,1.0,3.0,0.0,7,4,7
131312,15,2,3,17,10,3,0,1,1,1,2,11,2,2,0.0,0.0,0.0,0.0,0.0,2.0,8,4,9
98211,16,2,3,17,10,3,0,1,1,1,2,24,2,2,0.0,0.0,0.0,0.0,0.0,2.0,10,6,7
2602,4,2,5,10,15,3,0,1,1,1,2,36,2,2,0.0,0.0,0.0,0.0,0.0,2.0,22,2,1
26935,16,2,3,17,2,3,0,5,1,1,2,36,2,2,0.0,0.0,0.0,0.0,0.0,2.0,14,6,2
174868,16,2,1,0,11,3,0,5,0,1,2,3,2,2,0.0,0.0,0.0,0.0,0.0,2.0,20,5,12
108585,16,2,3,17,6,3,0,1,1,1,2,24,3,2,0.0,0.0,0.0,0.0,0.0,3.0,12,3,8
49980,15,3,3,0,2,3,6,1,0,1,1,17,2,4,1.0,0.0,0.0,0.0,1.0,2.0,7,5,4
168005,15,2,3,0,15,3,0,1,1,1,2,36,2,2,0.0,0.0,0.0,0.0,0.0,2.0,13,4,11
178708,16,2,3,10,3,3,0,1,1,1,2,36,2,2,0.0,0.0,0.0,0.0,0.0,2.0,10,2,12
133138,16,2,3,8,8,3,0,1,0,1,0,38,2,3,1.0,0.0,0.0,1.0,0.0,2.0,17,1,9
86183,4,2,3,7,8,3,0,5,0,1,2,36,2,3,1.0,0.0,0.0,1.0,0.0,0.0,19,5,6
178220,16,2,1,10,6,3,0,1,1,1,1,17,2,2,0.0,0.0,0.0,0.0,0.0,2.0,17,4,12
90099,16,2,1,10,8,3,0,1,1,1,1,19,2,2,0.0,0.0,0.0,0.0,0.0,2.0,2,2,7
133283,15,2,1,17,6,3,0,1,0,1,2,5,2,4,1.0,0.0,0.0,0.0,1.0,1.0,19,4,9
10114,15,2,3,0,2,3,4,5,1,1,2,36,2,2,0.0,0.0,0.0,0.0,0.0,2.0,13,2,1
9908,15,2,3,17,6,3,0,5,0,1,2,6,2,2,0.0,0.0,0.0,0.0,0.0,2.0,15,6,1
60467,16,2,3,10,2,3,0,1,1,1,2,19,2,2,0.0,0.0,0.0,0.0,0.0,2.0,17,5,5
120720,16,2,3,10,8,3,0,1,1,1,1,36,2,2,0.0,0.0,0.0,0.0,0.0,2.0,16,3,9
57830,15,2,0,0,6,3,0,1,1,1,2,18,2,2,0.0,0.0,0.0,0.0,0.0,2.0,20,5,5
188841,16,2,3,0,6,3,4,1,0,1,2,36,2,3,2.0,0.0,0.0,2.0,0.0,0.0,12,5,12
84428,15,2,4,0,10,3,0,1,1,1,2,5,2,2,0.0,0.0,0.0,0.0,0.0,3.0,0,4,6
142831,16,2,3,17,3,3,0,1,0,1,2,36,2,3,1.0,0.0,0.0,1.0,0.0,1.0,9,3,10
172658,15,2,1,17,15,3,6,1,1,1,2,18,2,2,0.0,0.0,0.0,0.0,0.0,3.0,22,6,12
7703,4,10,3,7,8,3,6,1,1,1,2,22,2,2,0.0,0.0,0.0,0.0,0.0,1.0,7,4,1
150645,16,2,1,10,8,3,0,1,0,1,2,36,2,3,1.0,0.0,0.0,1.0,0.0,1.0,23,6,10
15178,16,2,3,0,8,3,0,1,0,1,2,6,2,2,0.0,0.0,0.0,0.0,0.0,2.0,15,6,2
23516,15,2,1,17,3,3,0,5,1,1,2,28,2,2,0.0,0.0,0.0,0.0,0.0,5.0,19,1,2
174456,16,2,1,10,8,3,0,1,0,1,2,8,4,3,2.0,0.0,0.0,2.0,0.0,2.0,22,4,12
163404,16,2,0,17,2,3,0,1,1,1,2,18,3,2,0.0,0.0,0.0,0.0,0.0,3.0,21,2,11
97952,16,2,3,10,8,3,0,1,1,1,0,19,2,2,0.0,0.0,0.0,0.0,0.0,2.0,11,3,7
95007,16,2,3,10,2,3,0,1,1,1,2,18,2,2,0.0,0.0,0.0,0.0,0.0,3.0,17,6,7
1892,16,11,5,10,6,3,5,5,1,1,2,36,2,2,0.0,0.0,0.0,0.0,0.0,2.0,14,7,1
73215,15,2,3,17,8,3,0,1,0,1,2,12,2,2,0.0,0.0,0.0,0.0,0.0,2.0,12,6,6
185411,16,2,3,10,8,3,0,1,1,1,2,26,2,2,0.0,0.0,0.0,0.0,0.0,2.0,12,3,12
153880,15,2,1,15,10,3,0,5,1,1,2,36,2,2,0.0,0.0,0.0,0.0,0.0,2.0,21,5,10
73940,16,2,3,17,8,3,0,1,1,1,1,36,2,2,0.0,0.0,0.0,0.0,0.0,6.0,18,3,6
72758,15,2,3,0,6,3,0,1,0,1,2,18,2,2,0.0,0.0,0.0,0.0,0.0,2.0,14,1,6
23072,16,2,1,0,8,3,0,1,0,1,2,6,2,4,1.0,0.0,0.0,0.0,1.0,1.0,2,1,2
140016,16,7,3,17,2,3,6,1,1,1,2,24,2,2,0.0,0.0,0.0,0.0,0.0,3.0,9,6,10
31381,16,2,1,0,6,3,0,1,1,1,2,36,2,2,0.0,0.0,0.0,0.0,0.0,4.0,21,5,3
16960,16,2,1,10,2,4,6,1,0,1,1,19,2,3,1.0,0.0,0.0,1.0,0.0,1.0,17,3,2
96088,4,2,1,2,8,3,0,1,0,1,2,17,1,2,0.0,0.0,0.0,0.0,0.0,2.0,1,3,7
80796,16,2,3,11,9,3,0,0,1,1,0,21,2,2,0.0,0.0,0.0,0.0,0.0,3.0,14,7,6
174523,16,2,3,15,8,3,0,1,1,1,1,23,2,2,0.0,0.0,0.0,0.0,0.0,2.0,11,5,12
49215,15,2,1,0,2,3,0,1,0,1,2,18,2,4,1.0,0.0,0.0,0.0,1.0,2.0,20,6,4
110245,4,2,3,10,15,3,0,1,1,1,2,26,2,2,0.0,0.0,0.0,0.0,0.0,2.0,15,7,8
1775,4,2,1,17,2,3,0,1,1,0,2,36,2,2,0.0,0.0,0.0,0.0,0.0,2.0,23,3,1
122339,16,2,3,15,2,3,0,1,0,1,2,22,2,2,0.0,0.0,0.0,0.0,0.0,2.0,11,3,9
7584,15,7,3,0,8,3,6,1,1,1,1,36,2,2,0.0,0.0,0.0,0.0,0.0,2.0,7,2,1
72712,16,2,4,0,2,3,0,1,0,1,2,6,2,2,0.0,0.0,0.0,0.0,0.0,3.0,19,6,6
95321,15,7,3,9,6,3,6,1,0,1,0,18,2,3,1.0,0.0,0.0,1.0,0.0,1.0,16,6,7
90482,4,2,3,17,8,3,0,1,1,1,1,19,2,2,0.0,0.0,0.0,0.0,0.0,2.0,18,6,7
117330,16,3,3,17,19,3,6,1,0,1,2,6,2,2,0.0,0.0,0.0,0.0,0.0,5.0,13,2,8
89293,15,2,3,0,6,3,0,1,0,1,2,18,2,3,1.0,0.0,0.0,1.0,0.0,1.0,15,4,7
168837,16,7,1,10,2,3,6,1,1,1,2,36,2,2,0.0,0.0,0.0,0.0,0.0,3.0,16,3,11
108434,16,2,2,0,6,3,0,1,0,1,2,6,2,2,0.0,0.0,0.0,0.0,0.0,2.0,5,1,8
27599,16,7,1,15,6,3,6,1,1,1,2,22,2,2,0.0,0.0,0.0,0.0,0.0,2.0,19,3,2
35192,16,11,5,17,15,3,5,5,1,1,1,36,2,2,0.0,0.0,0.0,0.0,0.0,2.0,17,4,3
125676,16,2,1,0,6,3,0,1,0,1,2,6,3,2,0.0,0.0,0.0,0.0,0.0,5.0,0,3,9
37302,16,7,3,0,8,3,6,1,0,1,2,36,2,2,0.0,0.0,0.0,0.0,0.0,3.0,12,4,3
69078,16,2,3,10,8,3,0,1,1,1,2,36,2,2,0.0,0.0,0.0,0.0,0.0,2.0,8,6,5
59751,16,2,3,17,2,3,0,1,0,1,2,36,3,3,2.0,0.0,0.0,2.0,0.0,3.0,17,7,5
124036,16,2,3,17,19,3,0,1,0,1,2,24,2,2,0.0,0.0,0.0,0.0,0.0,2.0,14,2,9
134183,6,2,3,2,10,3,0,1,1,1,2,38,1,2,0.0,0.0,0.0,0.0,0.0,2.0,16,2,9
119718,15,2,1,0,9,3,0,1,0,1,2,5,2,2,0.0,0.0,0.0,0.0,0.0,2.0,0,2,8
187208,16,7,1,10,2,3,6,1,1,1,0,19,2,2,0.0,0.0,0.0,0.0,0.0,3.0,21,7,12
159103,17,2,1,0,8,3,0,5,0,1,2,6,2,4,1.0,0.0,0.0,0.0,1.0,1.0,2,4,11
152224,16,2,1,5,8,3,0,2,0,1,2,36,1,3,2.0,0.0,0.0,2.0,0.0,0.0,4,5,10
12418,16,2,1,15,2,3,0,1,1,1,2,19,2,2,0.0,0.0,0.0,0.0,0.0,2.0,18,6,1
34741,4,2,3,17,8,3,0,1,1,1,2,18,2,2,0.0,0.0,0.0,0.0,0.0,2.0,17,5,3
179796,16,3,1,17,8,3,0,1,1,1,2,24,2,2,0.0,0.0,0.0,0.0,0.0,2.0,17,3,12
142950,15,3,3,0,10,3,0,1,0,1,2,12,2,3,2.0,0.0,0.0,1.0,1.0,1.0,15,5,10
79218,16,2,3,17,6,3,0,1,1,1,2,6,2,2,0.0,0.0,0.0,0.0,0.0,2.0,11,4,6
15957,16,2,1,17,6,3,0,5,1,1,2,18,2,2,0.0,0.0,0.0,0.0,0.0,2.0,23,6,2
183532,16,11,0,10,2,3,5,5,1,1,2,36,2,2,0.0,0.0,0.0,0.0,0.0,3.0,18,6,12
93625,4,2,1,10,15,3,0,1,0,1,2,19,3,2,0.0,0.0,0.0,0.0,0.0,6.0,21,6,7
138678,17,2,3,9,6,3,0,1,0,1,2,18,2,3,1.0,0.0,0.0,1.0,0.0,1.0,17,4,10
50490,15,2,1,2,6,3,0,1,1,1,2,14,1,2,0.0,0.0,0.0,0.0,0.0,1.0,4,2,4
122776,16,2,3,10,2,3,0,1,0,1,2,19,2,3,3.0,0.0,0.0,3.0,0.0,1.0,15,3,9
166046,15,2,3,15,8,3,0,1,1,1,2,26,2,2,0.0,0.0,0.0,0.0,0.0,2.0,8,2,11
23464,4,2,3,15,8,3,0,1,1,1,2,36,2,2,0.0,0.0,0.0,0.0,0.0,4.0,11,1,2
165375,16,2,1,10,8,3,6,1,1,1,1,17,2,2,0.0,0.0,0.0,0.0,0.0,2.0,16,7,11
31162,15,2,3,0,6,3,0,1,0,1,2,18,2,2,0.0,0.0,0.0,0.0,0.0,4.0,16,7,3
139867,16,2,1,15,10,3,0,1,1,1,2,22,2,2,0.0,0.0,0.0,0.0,0.0,2.0,18,2,10
42357,16,2,3,17,2,3,0,1,0,1,2,24,2,2,0.0,0.0,0.0,0.0,0.0,2.0,14,2,4
30357,16,11,1,11,8,3,6,5,1,1,2,36,2,2,0.0,0.0,0.0,0.0,0.0,2.0,20,7,3
81558,16,2,3,10,2,3,0,1,1,1,2,17,2,2,0.0,0.0,0.0,0.0,0.0,2.0,18,3,6
181614,16,11,5,10,2,3,5,5,1,1,1,19,2,2,0.0,0.0,0.0,0.0,0.0,2.0,7,6,12
43309,16,2,3,17,2,3,0,1,1,1,2,24,2,2,0.0,0.0,0.0,0.0,0.0,2.0,10,4,4
183153,15,7,1,0,8,3,6,1,1,1,1,18,2,2,0.0,0.0,0.0,0.0,0.0,2.0,18,5,12
135166,16,2,0,10,8,3,0,1,1,1,1,26,2,2,0.0,0.0,0.0,0.0,0.0,2.0,20,2,9
34460,4,2,3,17,8,3,6,1,1,1,2,36,2,2,0.0,0.0,0.0,0.0,0.0,2.0,16,5,3
4135,16,2,1,10,8,3,0,1,1,1,2,6,2,2,0.0,0.0,0.0,0.0,0.0,2.0,17,7,1
83436,16,2,4,0,6,3,0,1,0,1,2,6,2,2,0.0,0.0,0.0,0.0,0.0,2.0,22,3,6
141672,16,2,1,15,8,3,0,1,1,1,2,22,2,2,0.0,0.0,0.0,0.0,0.0,2.0,23,7,10
64344,4,2,3,17,8,3,0,1,0,1,2,23,2,2,0.0,0.0,0.0,0.0,0.0,2.0,8,2,5
122068,16,2,5,0,3,3,0,5,0,1,2,6,2,2,0.0,0.0,0.0,0.0,0.0,5.0,6,1,9
76009,15,2,3,0,6,3,0,1,0,1,2,12,2,2,0.0,0.0,0.0,0.0,0.0,4.0,11,7,6
92242,4,11,4,10,6,3,5,5,1,1,2,36,2,2,0.0,0.0,0.0,0.0,0.0,2.0,4,7,7
175619,16,2,2,0,6,3,0,1,1,1,2,6,2,2,0.0,0.0,0.0,0.0,0.0,3.0,15,7,12
170835,17,2,3,17,6,3,0,5,1,1,2,17,2,2,0.0,0.0,0.0,0.0,0.0,7.0,13,7,11
163518,16,11,1,9,5,3,5,5,1,1,0,36,2,2,0.0,0.0,0.0,0.0,0.0,2.0,17,5,11
184461,16,2,3,17,6,3,0,1,0,1,2,18,2,3,2.0,0.0,0.0,2.0,0.0,1.0,17,4,12
65501,15,7,3,0,8,3,0,1,1,1,2,36,2,2,0.0,0.0,0.0,0.0,0.0,2.0,10,6,5
25969,16,11,3,9,8,3,5,5,0,1,1,36,2,1,1.0,0.0,1.0,0.0,0.0,1.0,15,5,2
118369,15,3,3,17,8,3,6,1,1,1,2,5,2,2,0.0,0.0,0.0,0.0,0.0,2.0,8,3,8
41133,15,3,3,0,10,3,0,1,1,1,2,36,2,2,0.0,0.0,0.0,0.0,0.0,2.0,13,1,3
41717,15,2,3,0,6,3,0,1,1,1,2,18,2,2,0.0,0.0,0.0,0.0,0.0,2.0,7,5,3
95397,16,2,3,15,8,3,0,1,1,1,0,36,2,2,0.0,0.0,0.0,0.0,0.0,2.0,15,7,7
53071,16,2,3,17,2,3,0,1,1,1,0,24,2,2,0.0,0.0,0.0,0.0,0.0,3.0,11,4,4
171118,15,2,3,0,8,3,0,1,1,1,2,18,2,2,0.0,0.0,0.0,0.0,0.0,3.0,14,3,11
11710,15,2,3,0,8,3,6,1,0,1,2,5,2,2,0.0,0.0,0.0,0.0,0.0,2.0,11,1,1
18690,16,2,1,0,6,3,0,1,0,1,2,6,2,4,1.0,0.0,0.0,0.0,1.0,2.0,2,5,2
103671,16,2,3,17,8,3,0,1,0,1,2,13,2,3,2.0,0.0,0.0,2.0,0.0,1.0,11,6,7
127249,16,2,3,10,8,3,0,1,1,1,2,19,2,2,0.0,0.0,0.0,0.0,0.0,3.0,15,5,9
108115,16,2,2,17,8,3,0,1,0,1,2,18,2,3,1.0,0.0,0.0,1.0,0.0,3.0,20,3,8
165787,16,2,1,15,6,3,0,1,1,1,2,19,2,2,0.0,0.0,0.0,0.0,0.0,2.0,18,7,11
46074,16,2,1,0,15,3,0,1,0,1,2,17,2,3,2.0,0.0,0.0,2.0,0.0,1.0,22,6,4
136958,16,2,3,17,6,3,0,1,1,1,2,18,2,2,0.0,0.0,0.0,0.0,0.0,2.0,9,6,9
181004,16,2,3,0,6,3,0,1,0,1,2,6,2,2,0.0,0.0,0.0,0.0,0.0,3.0,12,4,12
37813,16,2,1,17,8,3,0,1,1,1,2,28,2,2,0.0,0.0,0.0,0.0,0.0,3.0,19,1,3
131714,16,2,3,10,6,3,0,1,1,1,2,19,2,2,0.0,0.0,0.0,0.0,0.0,3.0,10,4,9
97476,16,2,4,17,2,3,0,1,1,1,2,23,2,2,0.0,0.0,0.0,0.0,0.0,3.0,20,3,7
80933,4,2,1,17,2,3,0,1,1,1,2,23,2,2,0.0,0.0,0.0,0.0,0.0,3.0,23,7,6
173157,4,2,1,7,8,3,0,1,1,1,2,36,2,2,0.0,0.0,0.0,0.0,0.0,1.0,0,7,12
146648,15,2,3,0,6,3,0,1,1,1,2,5,2,2,0.0,0.0,0.0,0.0,0.0,5.0,16,7,10