crash_date,               traffic_control_device,weather_condition,lighting_condition,first_crash_type,trafficway_type,alignment,roadway_surface_cond,road_defect,crash_type,intersection_related_i,damage,prim_contributory_cause,num_units,most_severe_injury,injuries_total,injuries_fatal,injuries_incapacitating,injuries_non_incapacitating,injuries_reported_not_evident,injuries_no_indication,crash_hour,crash_day_of_week,crash_month
128741,4,2,3,9,15,3,0,1,0,1,1,36,2,1,1.0,0.0,1.0,0.0,0.0,1.0,10,5,9
58540,16,2,3,10,3,3,0,1,1,1,1,18,2,2,0.0,0.0,0.0,0.0,0.0,3.0,17,1,5
64648,4,7,4,10,8,3,6,5,1,1,2,22,2,2,0.0,0.0,0.0,0.0,0.0,2.0,19,6,5
49832,15,2,1,17,10,3,0,1,1,1,1,18,2,2,0.0,0.0,0.0,0.0,0.0,2.0,17,2,4
57950,16,2,3,10,8,3,0,1,1,1,1,19,2,2,0.0,0.0,0.0,0.0,0.0,2.0,15,6,5
37599,4,2,3,15,10,3,0,1,1,1,2,23,2,2,0.0,0.0,0.0,0.0,0.0,2.0,6,3,3
151355,16,2,1,17,8,3,0,1,1,1,2,23,2,2,0.0,0.0,0.0,0.0,0.0,3.0,20,2,10
21552,16,2,3,0,15,3,0,1,1,1,2,6,2,2,0.0,0.0,0.0,0.0,0.0,3.0,12,3,2
160561,16,2,1,8,6,3,0,1,0,1,0,36,2,3,1.0,0.0,0.0,1.0,0.0,1.0,17,3,11
141153,16,7,0,0,8,3,6,1,0,1,2,18,2,2,0.0,0.0,0.0,0.0,0.0,3.0,6,1,10
76114,16,2,3,0,8,3,0,1,0,1,2,18,2,2,0.0,0.0,0.0,0.0,0.0,3.0,18,7,6
1008,4,2,3,2,10,3,4,5,1,1,2,12,1,2,0.0,0.0,0.0,0.0,0.0,4.0,14,4,1
182247,16,5,3,0,6,3,6,1,1,1,2,18,2,2,0.0,0.0,0.0,0.0,0.0,2.0,11,7,12
3608,16,3,3,10,8,3,6,5,1,1,2,36,2,2,0.0,0.0,0.0,0.0,0.0,4.0,15,6,1
111372,16,2,3,17,6,3,0,1,0,1,2,18,2,3,1.0,0.0,0.0,1.0,0.0,2.0,18,4,8
52848,16,2,3,15,6,3,0,1,1,1,0,23,2,2,0.0,0.0,0.0,0.0,0.0,2.0,14,2,4
102716,15,2,3,0,16,3,0,5,0,1,2,5,2,1,1.0,0.0,1.0,0.0,0.0,2.0,19,6,7
109564,16,2,3,17,8,3,0,1,1,1,2,23,2,2,0.0,0.0,0.0,0.0,0.0,2.0,18,4,8
149978,16,7,1,17,10,3,6,1,1,1,2,24,2,2,0.0,0.0,0.0,0.0,0.0,2.0,2,5,10
154532,16,3,3,17,8,3,0,1,0,1,2,18,2,0,1.0,1.0,0.0,0.0,0.0,3.0,16,3,10
76787,15,2,4,0,15,3,5,1,0,1,2,18,2,2,0.0,0.0,0.0,0.0,0.0,4.0,20,4,6
83085,4,2,3,0,0,4,5,5,0,1,2,17,4,3,4.0,0.0,0.0,1.0,3.0,0.0,18,6,6
161749,16,2,3,17,6,3,0,1,1,1,1,18,2,2,0.0,0.0,0.0,0.0,0.0,2.0,7,7,11
33031,15,2,3,17,11,3,0,1,1,1,1,18,2,2,0.0,0.0,0.0,0.0,0.0,2.0,9,2,3
176530,16,3,3,10,8,3,0,1,1,1,1,36,2,2,0.0,0.0,0.0,0.0,0.0,3.0,14,7,12
66813,16,2,3,17,3,3,0,1,1,1,1,22,2,2,0.0,0.0,0.0,0.0,0.0,2.0,17,7,5
20630,15,2,3,17,8,3,6,1,0,1,2,12,2,2,0.0,0.0,0.0,0.0,0.0,2.0,8,3,2
100679,16,2,3,17,8,3,0,1,1,1,1,36,2,2,0.0,0.0,0.0,0.0,0.0,2.0,15,5,7
73941,15,2,3,7,2,3,0,1,1,1,1,12,2,2,0.0,0.0,0.0,0.0,0.0,1.0,18,3,6
151378,16,2,3,10,2,3,0,1,1,1,2,19,2,2,0.0,0.0,0.0,0.0,0.0,2.0,14,3,10
100196,16,2,3,10,2,3,0,1,0,1,0,36,2,4,1.0,0.0,0.0,0.0,1.0,1.0,13,2,7
35165,16,2,3,17,2,3,0,1,0,1,2,36,2,1,1.0,0.0,1.0,0.0,0.0,2.0,12,3,3
39873,15,2,3,0,8,3,0,1,0,1,2,18,3,4,1.0,0.0,0.0,0.0,1.0,2.0,8,3,3
150916,16,2,3,10,3,3,0,5,1,1,2,36,2,2,0.0,0.0,0.0,0.0,0.0,2.0,10,4,10
85201,4,2,3,0,12,3,0,1,1,0,1,36,2,2,0.0,0.0,0.0,0.0,0.0,3.0,13,2,6
61487,16,7,1,0,6,3,6,5,1,1,2,6,2,2,0.0,0.0,0.0,0.0,0.0,3.0,2,7,5
139181,4,2,3,0,6,3,0,1,0,1,2,17,2,3,1.0,0.0,0.0,1.0,0.0,2.0,8,2,10
75143,4,2,3,17,6,3,0,1,1,1,2,18,2,2,0.0,0.0,0.0,0.0,0.0,2.0,7,6,6
144251,4,2,1,15,6,3,0,1,1,1,1,36,2,2,0.0,0.0,0.0,0.0,0.0,3.0,1,2,10
165951,4,2,3,15,8,3,0,1,1,1,1,9,2,2,0.0,0.0,0.0,0.0,0.0,3.0,13,1,11
101839,16,2,3,17,2,3,0,1,0,1,2,18,2,2,0.0,0.0,0.0,0.0,0.0,2.0,13,6,7
90853,15,2,1,17,11,3,0,1,1,1,2,18,2,2,0.0,0.0,0.0,0.0,0.0,2.0,19,7,7
132979,16,2,1,17,6,3,6,1,0,1,2,18,2,4,2.0,0.0,0.0,0.0,2.0,1.0,22,1,9
95539,16,2,3,0,10,3,0,1,1,1,2,38,2,2,0.0,0.0,0.0,0.0,0.0,2.0,11,7,7
181858,17,11,5,17,17,3,5,5,1,1,1,36,2,2,0.0,0.0,0.0,0.0,0.0,2.0,7,6,12
139936,15,2,1,9,8,3,0,1,0,1,0,36,2,3,1.0,0.0,0.0,1.0,0.0,1.0,21,5,10
18766,16,2,1,15,2,3,0,1,1,1,2,23,2,2,0.0,0.0,0.0,0.0,0.0,2.0,22,3,2
24483,16,2,3,15,8,3,0,1,1,1,1,24,2,2,0.0,0.0,0.0,0.0,0.0,2.0,10,4,2
101514,16,2,3,10,8,3,6,1,1,1,2,19,2,2,0.0,0.0,0.0,0.0,0.0,3.0,8,2,7
71855,15,2,3,0,2,3,0,1,0,1,2,5,3,3,4.0,0.0,0.0,4.0,0.0,3.0,19,6,6
134479,16,7,1,2,5,3,6,1,1,1,0,36,1,2,0.0,0.0,0.0,0.0,0.0,1.0,4,7,9
67881,4,2,3,2,6,4,0,1,1,1,0,26,1,2,0.0,0.0,0.0,0.0,0.0,1.0,8,2,5
60548,16,7,3,15,10,3,6,1,1,1,0,4,2,2,0.0,0.0,0.0,0.0,0.0,2.0,15,4,5
184668,4,2,0,0,8,3,0,1,1,1,2,36,2,2,0.0,0.0,0.0,0.0,0.0,5.0,18,1,12
51986,16,2,1,17,6,3,0,1,0,1,2,24,2,2,0.0,0.0,0.0,0.0,0.0,2.0,21,7,4
24773,4,2,1,9,8,3,0,1,0,1,2,18,2,3,1.0,0.0,0.0,1.0,0.0,1.0,17,4,2
92665,16,7,1,15,6,3,6,1,1,1,2,18,2,2,0.0,0.0,0.0,0.0,0.0,2.0,0,6,7
85963,16,2,1,0,6,3,6,1,0,1,2,18,2,3,1.0,0.0,0.0,1.0,0.0,1.0,1,1,6
57903,4,11,5,8,18,3,5,5,0,1,0,36,2,3,1.0,0.0,0.0,1.0,0.0,1.0,21,7,5
85339,16,2,3,10,8,3,0,1,1,1,1,19,2,2,0.0,0.0,0.0,0.0,0.0,2.0,7,4,6
156802,16,2,1,10,8,3,0,5,0,1,2,36,2,3,3.0,0.0,0.0,3.0,0.0,2.0,21,5,11
151633,4,2,3,7,11,3,0,1,1,1,2,24,2,2,0.0,0.0,0.0,0.0,0.0,2.0,15,5,10
111594,16,2,3,17,8,3,0,1,0,1,2,24,2,4,1.0,0.0,0.0,0.0,1.0,1.0,7,5,8
98609,15,2,3,0,2,3,0,1,0,1,2,18,3,1,2.0,0.0,1.0,1.0,0.0,2.0,5,6,7
164387,16,6,3,10,2,3,6,1,0,1,2,17,2,3,1.0,0.0,0.0,1.0,0.0,1.0,8,7,11
173853,16,2,2,17,3,3,0,1,1,1,2,36,2,2,0.0,0.0,0.0,0.0,0.0,2.0,5,3,12
86191,16,2,2,17,6,3,0,1,0,1,2,36,2,4,2.0,0.0,0.0,0.0,2.0,4.0,8,5,6
48014,16,2,1,10,2,3,0,1,0,1,2,17,2,4,1.0,0.0,0.0,0.0,1.0,3.0,22,7,4
110509,16,7,3,10,8,3,6,1,1,1,2,8,2,2,0.0,0.0,0.0,0.0,0.0,2.0,6,3,8
41007,4,2,2,2,0,3,0,1,1,1,0,36,1,2,0.0,0.0,0.0,0.0,0.0,1.0,7,4,3
104235,16,2,3,17,6,3,0,1,1,1,2,18,2,2,0.0,0.0,0.0,0.0,0.0,3.0,13,1,8
93469,16,2,3,17,8,3,0,1,1,1,2,36,2,2,0.0,0.0,0.0,0.0,0.0,2.0,19,4,7
105424,4,3,3,17,8,3,0,1,1,1,2,5,2,2,0.0,0.0,0.0,0.0,0.0,2.0,18,4,8
14322,15,2,3,17,8,3,0,1,1,1,2,36,2,2,0.0,0.0,0.0,0.0,0.0,2.0,15,5,1
153008,16,7,3,8,8,3,6,1,0,1,1,24,2,3,1.0,0.0,0.0,1.0,0.0,1.0,14,3,10
128228,16,2,1,17,8,2,0,1,1,1,2,24,2,2,0.0,0.0,0.0,0.0,0.0,4.0,22,5,9
170042,15,10,3,17,11,3,4,1,1,1,2,24,3,2,0.0,0.0,0.0,0.0,0.0,3.0,12,1,11
81940,4,2,3,0,8,3,0,1,0,0,0,18,2,4,1.0,0.0,0.0,0.0,1.0,4.0,12,1,6
12779,15,10,3,10,6,3,4,1,1,1,0,17,2,2,0.0,0.0,0.0,0.0,0.0,2.0,7,5,1
653,15,2,2,10,8,3,6,1,1,1,1,19,2,2,0.0,0.0,0.0,0.0,0.0,2.0,6,4,1
176537,16,10,0,10,8,3,6,1,1,1,1,19,2,2,0.0,0.0,0.0,0.0,0.0,5.0,3,7,12
9092,15,10,3,0,8,3,4,1,1,1,2,36,2,2,0.0,0.0,0.0,0.0,0.0,2.0,8,5,1
75845,15,7,3,0,6,3,6,1,0,1,2,18,2,3,1.0,0.0,0.0,1.0,0.0,2.0,16,4,6
130618,4,2,1,17,2,3,0,1,0,1,1,36,2,1,1.0,0.0,1.0,0.0,0.0,1.0,20,4,9
101388,16,2,1,4,6,3,0,1,0,1,2,36,1,3,1.0,0.0,0.0,1.0,0.0,0.0,1,7,7
129321,15,2,3,0,6,3,0,1,1,1,1,26,2,2,0.0,0.0,0.0,0.0,0.0,4.0,8,6,9
99848,15,2,3,17,8,3,0,1,1,1,2,18,2,2,0.0,0.0,0.0,0.0,0.0,3.0,16,4,7
87012,16,3,1,0,6,3,6,1,0,1,2,6,2,3,1.0,0.0,0.0,1.0,0.0,1.0,22,3,6
55919,15,2,4,7,6,3,0,1,1,1,2,36,2,2,0.0,0.0,0.0,0.0,0.0,1.0,18,1,4
37025,16,7,3,0,6,3,6,1,0,1,2,6,2,2,0.0,0.0,0.0,0.0,0.0,3.0,11,7,3
26719,16,2,3,17,2,3,0,5,0,1,2,24,2,3,1.0,0.0,0.0,1.0,0.0,3.0,15,2,2
19252,16,2,3,17,8,3,0,1,1,1,1,18,2,2,0.0,0.0,0.0,0.0,0.0,2.0,15,6,2
169093,10,2,3,9,15,3,0,1,0,1,0,12,3,1,2.0,0.0,2.0,0.0,0.0,2.0,10,1,11
76656,16,7,3,17,8,3,6,1,0,1,2,18,2,4,2.0,0.0,0.0,0.0,2.0,1.0,10,1,6
153917,15,2,3,17,2,3,0,1,0,1,2,11,2,3,1.0,0.0,0.0,1.0,0.0,1.0,14,1,10
187765,16,10,1,14,2,3,4,1,1,1,1,39,2,2,0.0,0.0,0.0,0.0,0.0,3.0,16,3,12
31242,16,2,3,17,8,3,0,1,0,1,2,24,2,2,0.0,0.0,0.0,0.0,0.0,2.0,14,2,3
162110,4,2,3,9,15,3,0,5,0,1,0,18,2,4,1.0,0.0,0.0,0.0,1.0,1.0,16,5,11
84918,16,2,3,0,8,3,0,1,1,1,2,14,2,2,0.0,0.0,0.0,0.0,0.0,4.0,12,5,6
72491,15,2,3,0,8,3,0,1,1,1,2,18,2,2,0.0,0.0,0.0,0.0,0.0,2.0,14,3,6
61235,15,2,3,17,8,3,0,1,1,1,2,18,2,2,0.0,0.0,0.0,0.0,0.0,2.0,12,7,5
103171,15,2,1,0,6,3,0,1,0,1,1,5,2,2,0.0,0.0,0.0,0.0,0.0,4.0,21,6,7
59262,4,2,3,17,15,3,0,1,1,1,1,23,2,2,0.0,0.0,0.0,0.0,0.0,2.0,11,6,5
89613,4,2,3,17,8,4,0,5,0,1,2,18,2,2,0.0,0.0,0.0,0.0,0.0,4.0,14,1,7
150430,16,7,3,15,8,3,6,1,0,1,2,19,2,3,1.0,0.0,0.0,1.0,0.0,2.0,12,2,10
54782,4,2,3,0,8,3,0,1,1,1,2,36,2,2,0.0,0.0,0.0,0.0,0.0,3.0,18,4,4
19260,16,2,1,15,8,3,0,1,1,1,1,22,2,2,0.0,0.0,0.0,0.0,0.0,3.0,18,6,2
142434,16,2,3,10,10,3,0,1,1,1,2,36,2,2,0.0,0.0,0.0,0.0,0.0,2.0,14,6,10
5622,4,10,3,17,2,3,4,1,1,1,2,36,2,2,0.0,0.0,0.0,0.0,0.0,3.0,10,7,1
71517,16,2,1,11,6,3,0,1,1,1,1,21,2,2,0.0,0.0,0.0,0.0,0.0,2.0,22,2,5
145454,16,2,3,0,1,3,0,1,0,1,2,36,2,3,2.0,0.0,0.0,2.0,0.0,0.0,9,4,10
171891,16,2,3,17,19,3,0,1,0,1,2,36,2,4,2.0,0.0,0.0,0.0,2.0,0.0,14,3,11
64141,16,2,3,17,3,3,0,1,1,1,1,19,2,2,0.0,0.0,0.0,0.0,0.0,2.0,17,5,5
153220,4,2,3,17,2,3,0,1,1,0,2,36,2,2,0.0,0.0,0.0,0.0,0.0,2.0,15,6,10
117446,16,2,3,0,2,3,0,1,1,1,2,18,2,2,0.0,0.0,0.0,0.0,0.0,2.0,12,4,8
154391,16,2,1,17,6,3,0,1,0,1,2,18,2,4,1.0,0.0,0.0,0.0,1.0,2.0,19,3,10
27671,16,7,1,17,8,3,6,1,0,1,2,39,2,4,1.0,0.0,0.0,0.0,1.0,2.0,21,3,2
75062,16,2,1,17,8,3,0,1,1,1,2,23,2,2,0.0,0.0,0.0,0.0,0.0,2.0,20,5,6
106515,17,11,3,0,8,3,0,5,1,1,2,36,2,2,0.0,0.0,0.0,0.0,0.0,2.0,9,6,8
173495,4,2,3,10,8,3,0,1,1,1,2,19,2,2,0.0,0.0,0.0,0.0,0.0,2.0,7,6,12
593,16,2,3,0,2,3,0,1,0,1,2,36,2,2,0.0,0.0,0.0,0.0,0.0,2.0,8,3,1
51051,15,2,3,9,10,3,0,1,0,1,0,8,2,3,1.0,0.0,0.0,1.0,0.0,1.0,8,4,4
20496,17,2,1,9,8,3,0,1,0,0,1,18,2,3,2.0,0.0,0.0,2.0,0.0,0.0,23,1,2
24389,15,2,1,17,15,3,0,5,1,1,2,36,2,2,0.0,0.0,0.0,0.0,0.0,2.0,18,3,2
75405,16,2,1,0,8,3,0,1,0,1,2,18,2,1,2.0,0.0,1.0,1.0,0.0,0.0,22,4,6
12333,15,7,1,8,10,3,6,5,1,1,2,18,2,2,0.0,0.0,0.0,0.0,0.0,2.0,19,5,1
129861,15,2,3,0,6,3,0,1,1,1,2,36,2,2,0.0,0.0,0.0,0.0,0.0,2.0,11,6,9
136689,4,2,1,10,8,3,6,1,1,0,2,19,2,2,0.0,0.0,0.0,0.0,0.0,7.0,20,1,9
125224,16,2,1,17,6,3,0,1,1,1,1,18,2,2,0.0,0.0,0.0,0.0,0.0,2.0,20,5,9
88164,15,2,3,0,6,3,0,1,0,1,2,18,2,2,0.0,0.0,0.0,0.0,0.0,3.0,14,7,7
56282,16,2,3,15,3,3,0,1,1,1,2,23,2,2,0.0,0.0,0.0,0.0,0.0,3.0,9,7,5
96066,16,2,3,0,8,3,0,1,0,1,2,28,2,3,2.0,0.0,0.0,2.0,0.0,0.0,7,2,7
33434,16,2,3,17,8,3,0,1,1,1,2,26,2,2,0.0,0.0,0.0,0.0,0.0,2.0,14,3,3
1140,16,2,3,10,2,3,0,1,1,1,2,36,3,2,0.0,0.0,0.0,0.0,0.0,3.0,10,5,1
98209,17,7,4,15,8,3,6,1,1,1,0,36,2,2,0.0,0.0,0.0,0.0,0.0,3.0,22,6,7
166262,16,2,1,0,6,3,0,1,0,1,2,6,2,3,1.0,0.0,0.0,1.0,0.0,3.0,23,6,11
119826,16,2,3,10,8,4,0,1,1,1,1,17,2,2,0.0,0.0,0.0,0.0,0.0,2.0,6,4,8
186792,16,3,3,17,6,3,6,1,0,1,2,6,2,3,1.0,0.0,0.0,1.0,0.0,1.0,12,2,12
6605,16,2,1,10,8,3,0,1,0,1,2,30,3,3,1.0,0.0,0.0,1.0,0.0,2.0,17,2,1
180498,15,5,1,0,8,3,6,5,1,1,2,18,2,2,0.0,0.0,0.0,0.0,0.0,3.0,17,5,12
133989,16,2,3,11,3,3,0,1,0,1,2,19,2,4,1.0,0.0,0.0,0.0,1.0,2.0,11,7,9
162544,4,2,1,17,2,3,0,1,1,0,2,3,2,2,0.0,0.0,0.0,0.0,0.0,2.0,17,3,11
123686,16,2,3,17,6,3,0,1,1,1,2,24,2,2,0.0,0.0,0.0,0.0,0.0,4.0,16,4,9
99382,15,2,3,0,8,3,0,1,1,1,2,18,2,2,0.0,0.0,0.0,0.0,0.0,2.0,10,3,7
90673,16,2,3,15,6,3,0,1,1,0,0,12,2,2,0.0,0.0,0.0,0.0,0.0,2.0,8,3,7
101994,16,2,1,15,10,3,0,1,1,1,0,36,2,2,0.0,0.0,0.0,0.0,0.0,3.0,0,1,7
31998,4,2,3,0,2,3,0,1,1,1,1,29,2,2,0.0,0.0,0.0,0.0,0.0,2.0,11,6,3
82671,16,2,1,0,8,3,0,1,0,1,2,37,2,2,0.0,0.0,0.0,0.0,0.0,2.0,23,4,6
44199,16,7,1,2,1,3,6,1,0,1,2,16,1,2,0.0,0.0,0.0,0.0,0.0,1.0,1,6,4
40346,15,2,3,10,8,3,5,5,1,1,2,36,2,2,0.0,0.0,0.0,0.0,0.0,2.0,14,7,3
71939,16,7,3,17,8,3,6,1,0,1,2,36,2,2,0.0,0.0,0.0,0.0,0.0,2.0,18,7,6
152514,4,2,3,15,8,3,0,1,1,0,2,4,2,2,0.0,0.0,0.0,0.0,0.0,4.0,13,3,10
96525,15,2,3,7,8,3,0,1,1,1,1,12,2,2,0.0,0.0,0.0,0.0,0.0,2.0,15,4,7
33424,16,2,3,0,8,3,0,1,0,1,2,6,3,3,2.0,0.0,0.0,2.0,0.0,1.0,11,2,3
142113,4,2,3,9,6,3,0,1,0,1,0,18,2,3,1.0,0.0,0.0,1.0,0.0,1.0,15,3,10
72002,16,2,3,10,11,3,0,1,1,0,2,36,2,2,0.0,0.0,0.0,0.0,0.0,3.0,10,2,6
152250,4,2,3,17,1,3,0,1,1,1,2,36,2,2,0.0,0.0,0.0,0.0,0.0,2.0,7,5,10
94306,16,7,3,17,8,3,6,1,1,1,2,18,2,2,0.0,0.0,0.0,0.0,0.0,2.0,9,3,7
142560,16,2,3,15,8,3,0,5,1,0,2,23,2,2,0.0,0.0,0.0,0.0,0.0,2.0,12,7,10
53482,15,2,3,10,8,3,0,1,1,1,1,19,2,2,0.0,0.0,0.0,0.0,0.0,2.0,18,4,4
4324,15,2,1,17,15,3,0,5,0,1,2,18,4,2,0.0,0.0,0.0,0.0,0.0,4.0,17,5,1
3906,15,2,3,0,8,3,0,1,1,1,2,36,2,2,0.0,0.0,0.0,0.0,0.0,2.0,12,2,1
76963,15,2,1,17,8,3,0,1,0,1,2,36,2,2,0.0,0.0,0.0,0.0,0.0,2.0,3,7,6
98735,16,7,1,0,2,3,6,1,1,1,1,6,2,2,0.0,0.0,0.0,0.0,0.0,2.0,2,7,7
72503,16,2,3,17,6,3,0,1,0,1,2,17,2,3,1.0,0.0,0.0,1.0,0.0,2.0,17,3,6
144065,4,2,3,10,12,3,0,1,1,1,2,17,2,2,0.0,0.0,0.0,0.0,0.0,2.0,17,5,10
127326,16,2,3,10,10,3,0,1,1,1,0,9,2,2,0.0,0.0,0.0,0.0,0.0,2.0,11,5,9
85779,16,2,3,17,3,3,0,1,1,1,1,36,2,2,0.0,0.0,0.0,0.0,0.0,2.0,12,3,6
79685,16,2,3,17,6,3,0,1,1,1,2,26,2,2,0.0,0.0,0.0,0.0,0.0,2.0,15,4,6
96807,16,2,3,0,8,3,0,1,0,1,2,18,2,2,0.0,0.0,0.0,0.0,0.0,3.0,10,7,7
120502,15,2,4,10,10,3,0,1,1,1,2,19,2,2,0.0,0.0,0.0,0.0,0.0,2.0,19,5,9
142070,4,2,0,2,8,3,0,1,0,1,2,36,1,2,0.0,0.0,0.0,0.0,0.0,1.0,5,1,10
33933,16,7,1,17,2,3,6,1,1,1,2,6,2,2,0.0,0.0,0.0,0.0,0.0,2.0,2,4,3
128301,15,2,3,0,8,3,0,1,0,1,2,18,2,2,0.0,0.0,0.0,0.0,0.0,2.0,11,7,9
84367,16,2,3,15,2,3,0,1,1,1,2,23,2,2,0.0,0.0,0.0,0.0,0.0,3.0,13,4,6
143897,4,7,4,17,8,3,6,1,0,1,2,24,2,3,1.0,0.0,0.0,1.0,0.0,3.0,19,4,10
80100,16,2,3,10,1,3,0,1,1,1,0,36,2,2,0.0,0.0,0.0,0.0,0.0,2.0,11,3,6
96214,16,2,3,17,6,3,0,1,0,1,2,18,3,2,0.0,0.0,0.0,0.0,0.0,3.0,10,4,7
115820,16,2,3,17,6,3,0,1,1,1,2,24,2,2,0.0,0.0,0.0,0.0,0.0,2.0,16,1,8
58103,15,2,3,0,3,3,0,1,0,1,2,36,2,3,2.0,0.0,0.0,2.0,0.0,1.0,11,1,5
121564,16,2,1,17,15,3,0,5,0,1,2,18,2,2,0.0,0.0,0.0,0.0,0.0,3.0,0,7,9
188712,16,7,3,9,8,3,6,1,0,1,0,18,2,3,1.0,0.0,0.0,1.0,0.0,1.0,10,2,12
25015,16,2,3,10,3,3,6,1,0,1,2,36,2,2,0.0,0.0,0.0,0.0,0.0,3.0,14,2,2
169267,16,2,1,2,3,2,0,1,0,1,2,36,1,1,1.0,0.0,1.0,0.0,0.0,0.0,1,2,11
9569,4,2,1,17,8,3,0,1,0,1,2,23,2,2,0.0,0.0,0.0,0.0,0.0,4.0,19,4,1
145936,4,7,3,17,15,3,6,1,1,1,2,24,2,2,0.0,0.0,0.0,0.0,0.0,2.0,17,3,10
108330,4,2,3,0,2,3,0,1,0,1,2,38,2,2,0.0,0.0,0.0,0.0,0.0,2.0,10,5,8
175028,16,2,0,0,2,3,0,1,0,1,2,6,2,3,1.0,0.0,0.0,1.0,0.0,1.0,18,5,12
40198,15,2,1,9,2,3,0,1,0,1,1,36,2,3,1.0,0.0,0.0,1.0,0.0,2.0,19,3,3
126421,16,7,3,17,8,3,6,1,1,1,2,36,2,2,0.0,0.0,0.0,0.0,0.0,2.0,11,1,9
11709,15,3,3,0,8,3,5,5,1,1,1,23,2,2,0.0,0.0,0.0,0.0,0.0,3.0,11,1,1
32426,4,2,3,17,2,3,0,1,0,1,2,18,2,2,0.0,0.0,0.0,0.0,0.0,2.0,15,5,3
128323,15,2,3,7,11,3,0,1,1,1,0,23,2,2,0.0,0.0,0.0,0.0,0.0,3.0,13,5,9
44131,15,7,1,0,2,3,6,1,0,1,2,18,2,3,3.0,0.0,0.0,3.0,0.0,4.0,21,4,4
155019,16,2,4,17,6,3,0,1,1,1,2,6,2,2,0.0,0.0,0.0,0.0,0.0,2.0,18,4,10
4755,16,2,1,0,11,3,0,1,0,1,2,3,2,2,0.0,0.0,0.0,0.0,0.0,3.0,18,3,1
43356,16,2,1,17,7,4,0,5,1,1,2,7,2,2,0.0,0.0,0.0,0.0,0.0,3.0,21,6,4
46769,15,2,3,0,2,3,0,1,1,1,2,18,2,2,0.0,0.0,0.0,0.0,0.0,4.0,9,4,4
148168,15,7,3,0,2,3,6,1,0,1,2,39,2,2,0.0,0.0,0.0,0.0,0.0,2.0,11,6,10
34200,15,10,3,0,8,3,4,1,0,1,2,36,2,2,0.0,0.0,0.0,0.0,0.0,2.0,7,2,3
24921,16,2,1,17,8,3,0,5,1,1,2,22,2,2,0.0,0.0,0.0,0.0,0.0,2.0,19,6,2
77720,4,2,3,0,8,3,0,1,1,1,2,15,2,2,0.0,0.0,0.0,0.0,0.0,2.0,23,3,6
11510,4,10,3,17,8,3,6,1,1,1,0,36,2,2,0.0,0.0,0.0,0.0,0.0,2.0,12,4,1
41333,15,2,4,10,2,3,0,1,1,1,1,17,2,2,0.0,0.0,0.0,0.0,0.0,2.0,18,6,3
159074,16,2,1,8,8,3,0,1,0,1,2,17,2,3,1.0,0.0,0.0,1.0,0.0,1.0,20,2,11
150012,16,7,1,10,2,3,6,1,1,1,2,19,2,2,0.0,0.0,0.0,0.0,0.0,2.0,19,5,10
136829,15,2,3,0,8,3,0,1,1,1,1,36,2,2,0.0,0.0,0.0,0.0,0.0,2.0,12,4,9
137232,16,2,3,10,1,3,0,1,0,1,1,36,2,4,1.0,0.0,0.0,0.0,1.0,1.0,12,2,9
485,17,2,0,17,6,3,5,5,1,1,2,36,2,2,0.0,0.0,0.0,0.0,0.0,3.0,19,4,1
66655,15,2,3,0,6,3,0,1,0,1,2,36,2,2,0.0,0.0,0.0,0.0,0.0,2.0,15,4,5
26201,15,2,0,0,8,3,5,5,1,1,2,18,2,2,0.0,0.0,0.0,0.0,0.0,2.0,18,7,2
132439,16,2,3,17,1,3,0,1,0,1,2,18,2,4,4.0,0.0,0.0,0.0,4.0,1.0,14,5,9
9356,16,2,3,17,8,3,0,1,1,1,1,18,2,2,0.0,0.0,0.0,0.0,0.0,2.0,7,3,1
91612,15,2,3,15,6,3,0,1,0,1,2,36,2,2,0.0,0.0,0.0,0.0,0.0,5.0,15,4,7
18187,4,3,1,12,8,3,5,1,1,1,2,12,2,2,0.0,0.0,0.0,0.0,0.0,2.0,6,3,2
51539,16,7,3,17,10,3,6,1,0,1,2,24,2,2,0.0,0.0,0.0,0.0,0.0,3.0,17,6,4
45549,15,7,3,10,10,3,6,1,1,0,2,36,2,2,0.0,0.0,0.0,0.0,0.0,2.0,14,5,4
2169,16,2,4,17,8,3,0,1,0,1,2,24,2,3,2.0,0.0,0.0,2.0,0.0,0.0,18,3,1
183244,16,2,3,17,8,3,0,1,0,1,2,18,2,2,0.0,0.0,0.0,0.0,0.0,2.0,7,6,12
36163,16,2,1,17,2,3,0,1,1,1,2,18,2,2,0.0,0.0,0.0,0.0,0.0,3.0,20,6,3
162401,17,2,3,0,10,3,0,5,1,1,2,36,2,2,0.0,0.0,0.0,0.0,0.0,2.0,9,3,11
86138,16,4,3,0,8,3,0,5,0,1,2,30,2,2,0.0,0.0,0.0,0.0,0.0,2.0,9,3,6
101684,15,2,3,0,8,3,0,1,1,1,2,21,2,2,0.0,0.0,0.0,0.0,0.0,5.0,14,5,7
19106,16,2,3,9,8,3,0,1,0,1,1,24,2,3,1.0,0.0,0.0,1.0,0.0,1.0,17,5,2
103053,16,2,3,17,8,3,0,1,0,1,2,24,2,3,1.0,0.0,0.0,1.0,0.0,1.0,13,5,7
168177,4,2,3,10,8,3,0,1,1,1,2,19,2,2,0.0,0.0,0.0,0.0,0.0,2.0,16,5,11