crash_date,               traffic_control_device,weather_condition,lighting_condition,first_crash_type,trafficway_type,alignment,roadway_surface_cond,road_defect,crash_type,intersection_related_i,damage,prim_contributory_cause,num_units,most_severe_injury,injuries_total,injuries_fatal,injuries_incapacitating,injuries_non_incapacitating,injuries_reported_not_evident,injuries_no_indication,crash_hour,crash_day_of_week,crash_month
144274,4,2,3,17,2,3,0,1,0,1,2,18,2,2,0.0,0.0,0.0,0.0,0.0,6.0,17,2,10
116869,15,2,3,17,6,3,0,5,1,1,2,36,2,2,0.0,0.0,0.0,0.0,0.0,2.0,13,3,8
26208,15,2,3,0,11,3,0,1,1,1,1,26,2,2,0.0,0.0,0.0,0.0,0.0,3.0,10,7,2
8540,16,2,3,0,3,3,0,1,0,1,0,6,2,2,0.0,0.0,0.0,0.0,0.0,3.0,11,4,1
107402,16,2,3,15,8,3,0,1,1,1,2,26,2,2,0.0,0.0,0.0,0.0,0.0,2.0,16,6,8
58244,16,7,3,0,6,3,6,1,0,1,2,6,2,4,1.0,0.0,0.0,0.0,1.0,2.0,14,5,5
171356,16,2,1,0,3,3,0,1,0,1,2,18,2,2,0.0,0.0,0.0,0.0,0.0,2.0,0,1,11
140360,16,2,3,17,3,3,0,1,0,1,2,36,2,3,1.0,0.0,0.0,1.0,0.0,1.0,13,7,10
61211,16,7,1,15,2,3,6,5,1,1,1,23,2,2,0.0,0.0,0.0,0.0,0.0,2.0,20,7,5
63123,16,2,3,10,2,3,0,1,1,1,1,19,2,2,0.0,0.0,0.0,0.0,0.0,2.0,18,2,5
183627,15,2,3,0,8,3,0,1,0,1,2,5,2,2,0.0,0.0,0.0,0.0,0.0,2.0,14,5,12
129870,16,2,1,0,18,3,0,1,0,1,0,26,2,2,0.0,0.0,0.0,0.0,0.0,2.0,0,6,9
96513,4,2,3,7,8,3,0,1,1,1,2,26,2,2,0.0,0.0,0.0,0.0,0.0,1.0,13,4,7
84526,15,2,3,17,6,3,0,1,1,1,1,36,2,2,0.0,0.0,0.0,0.0,0.0,3.0,17,6,6
3503,16,2,3,10,8,3,5,5,1,1,0,19,3,2,0.0,0.0,0.0,0.0,0.0,3.0,16,3,1
104835,15,2,3,0,6,3,0,1,1,1,0,18,2,2,0.0,0.0,0.0,0.0,0.0,2.0,19,2,8
121894,16,2,1,10,8,3,0,1,1,1,2,36,2,2,0.0,0.0,0.0,0.0,0.0,2.0,23,5,9
162260,16,3,3,10,6,3,0,1,0,1,2,17,2,4,2.0,0.0,0.0,0.0,2.0,1.0,15,7,11
5361,16,2,3,9,6,3,0,5,0,1,2,18,2,3,1.0,0.0,0.0,1.0,0.0,2.0,11,5,1
155409,16,2,3,10,8,3,0,1,1,1,1,19,2,2,0.0,0.0,0.0,0.0,0.0,3.0,12,7,10
187758,15,2,3,0,6,3,0,1,1,1,2,18,2,2,0.0,0.0,0.0,0.0,0.0,2.0,14,3,12
115991,16,2,3,17,6,2,0,1,1,1,2,36,2,2,0.0,0.0,0.0,0.0,0.0,3.0,14,4,8
51153,16,2,3,11,6,3,0,1,1,1,2,21,2,2,0.0,0.0,0.0,0.0,0.0,3.0,13,7,4
81242,16,2,1,17,8,3,0,1,0,1,2,23,2,2,0.0,0.0,0.0,0.0,0.0,2.0,22,6,6
60304,16,2,1,0,2,3,0,1,0,1,2,6,8,2,0.0,0.0,0.0,0.0,0.0,2.0,23,1,5
58522,16,2,3,9,2,3,0,1,0,1,2,12,2,1,1.0,0.0,1.0,0.0,0.0,1.0,14,1,5
127775,4,2,3,17,2,3,0,1,1,1,2,24,2,2,0.0,0.0,0.0,0.0,0.0,2.0,16,5,9
155534,4,2,3,0,6,3,0,5,1,0,2,18,2,2,0.0,0.0,0.0,0.0,0.0,2.0,15,3,10
160500,4,2,3,7,8,3,0,1,0,1,2,37,2,4,1.0,0.0,0.0,0.0,1.0,0.0,15,2,11
69520,16,7,3,14,8,3,6,5,1,1,2,12,2,2,0.0,0.0,0.0,0.0,0.0,3.0,10,6,5
6239,16,2,3,17,2,3,0,1,0,1,2,36,2,2,0.0,0.0,0.0,0.0,0.0,2.0,15,5,1
70590,16,2,3,17,6,3,0,1,1,1,2,24,2,2,0.0,0.0,0.0,0.0,0.0,2.0,17,4,5
52088,16,2,1,17,8,3,0,1,1,1,2,36,2,2,0.0,0.0,0.0,0.0,0.0,2.0,1,1,4
49778,15,2,3,17,8,3,0,1,1,1,0,36,2,2,0.0,0.0,0.0,0.0,0.0,2.0,17,4,4
35302,15,2,1,9,8,3,0,1,0,1,1,18,2,3,1.0,0.0,0.0,1.0,0.0,1.0,22,6,3
17782,15,2,1,17,15,3,0,5,0,1,2,18,2,2,0.0,0.0,0.0,0.0,0.0,5.0,23,3,2
126556,4,2,3,9,15,3,0,1,0,1,0,18,2,3,1.0,0.0,0.0,1.0,0.0,1.0,7,4,9
51496,15,2,0,0,10,3,0,1,0,1,2,38,3,4,2.0,0.0,0.0,0.0,2.0,2.0,20,5,4
47204,16,7,1,2,3,3,6,1,0,1,2,16,1,2,0.0,0.0,0.0,0.0,0.0,1.0,1,6,4
71239,15,2,3,8,2,3,0,1,1,1,1,18,2,2,0.0,0.0,0.0,0.0,0.0,2.0,16,5,5
91442,4,2,3,10,8,3,0,1,1,1,1,18,2,2,0.0,0.0,0.0,0.0,0.0,2.0,17,7,7
149569,4,2,3,17,3,3,0,1,0,1,2,18,2,3,3.0,0.0,0.0,3.0,0.0,0.0,11,6,10
166938,18,10,1,9,8,3,6,1,0,1,2,18,2,3,1.0,0.0,0.0,1.0,0.0,2.0,18,4,11
103001,15,2,3,0,8,3,0,1,1,1,1,18,2,2,0.0,0.0,0.0,0.0,0.0,2.0,18,3,7
20300,16,10,1,9,8,3,4,1,0,1,0,18,2,3,1.0,0.0,0.0,1.0,0.0,1.0,17,4,2
140592,16,2,4,10,1,3,0,1,0,1,2,17,2,2,0.0,0.0,0.0,0.0,0.0,3.0,22,7,10
20426,16,2,4,7,3,3,0,1,1,1,1,18,2,2,0.0,0.0,0.0,0.0,0.0,2.0,16,7,2
43596,4,7,3,0,18,3,6,5,0,1,2,18,2,2,0.0,0.0,0.0,0.0,0.0,2.0,11,4,4
46125,16,2,3,0,8,3,0,1,1,1,2,36,2,2,0.0,0.0,0.0,0.0,0.0,2.0,8,7,4
21643,4,4,2,10,2,3,6,6,1,1,2,19,2,2,0.0,0.0,0.0,0.0,0.0,5.0,13,5,2
102363,16,2,1,10,10,3,0,1,1,1,1,19,2,2,0.0,0.0,0.0,0.0,0.0,3.0,21,6,7
59819,16,2,3,17,6,3,0,2,0,1,2,17,3,2,0.0,0.0,0.0,0.0,0.0,4.0,17,1,5
38680,16,2,3,17,6,3,0,1,1,1,2,24,2,2,0.0,0.0,0.0,0.0,0.0,4.0,9,3,3
34405,16,2,3,17,2,3,0,1,0,1,2,18,2,2,0.0,0.0,0.0,0.0,0.0,3.0,7,4,3
60065,16,2,1,0,2,3,0,1,0,1,2,36,2,2,0.0,0.0,0.0,0.0,0.0,2.0,4,4,5
95875,15,3,3,0,10,3,0,1,0,1,2,5,2,2,0.0,0.0,0.0,0.0,0.0,3.0,11,7,7
25428,16,2,1,0,6,3,0,1,0,1,2,6,2,2,0.0,0.0,0.0,0.0,0.0,3.0,18,1,2
123755,15,2,3,17,8,3,0,1,1,1,2,26,2,2,0.0,0.0,0.0,0.0,0.0,3.0,17,6,9
94654,4,2,3,17,8,3,0,5,0,0,2,36,2,2,0.0,0.0,0.0,0.0,0.0,5.0,15,1,7
28469,15,2,3,0,6,3,0,1,1,1,2,18,2,2,0.0,0.0,0.0,0.0,0.0,4.0,10,1,3
70155,16,2,1,17,6,3,0,1,0,1,2,6,2,4,2.0,0.0,0.0,0.0,2.0,1.0,0,3,5
133383,16,2,4,17,6,3,0,1,0,1,1,18,2,3,1.0,0.0,0.0,1.0,0.0,2.0,15,6,9
157272,16,2,3,10,6,3,0,1,1,1,2,19,2,2,0.0,0.0,0.0,0.0,0.0,2.0,15,6,11
70631,16,2,3,10,8,3,0,1,0,1,2,36,2,2,0.0,0.0,0.0,0.0,0.0,2.0,10,4,5
39869,15,2,3,0,8,3,6,1,0,1,2,18,2,2,0.0,0.0,0.0,0.0,0.0,6.0,8,3,3
104752,16,7,0,17,6,3,6,1,0,1,2,36,2,3,2.0,0.0,0.0,2.0,0.0,1.0,3,1,8
5738,4,2,3,17,8,3,0,1,1,1,2,22,2,2,0.0,0.0,0.0,0.0,0.0,2.0,10,3,1
54469,17,11,5,10,8,3,5,5,1,1,2,36,2,2,0.0,0.0,0.0,0.0,0.0,2.0,16,7,4
112845,16,2,3,10,8,3,0,1,0,1,2,19,2,2,0.0,0.0,0.0,0.0,0.0,2.0,8,4,8
33439,15,2,3,17,8,3,0,1,0,1,2,18,2,2,0.0,0.0,0.0,0.0,0.0,3.0,15,3,3
139599,16,3,3,10,2,3,0,1,0,0,2,17,2,2,0.0,0.0,0.0,0.0,0.0,2.0,16,2,10
15505,16,2,3,15,8,3,5,5,1,1,1,36,2,2,0.0,0.0,0.0,0.0,0.0,2.0,15,5,2
55809,15,7,1,0,6,3,6,1,0,1,2,36,2,2,0.0,0.0,0.0,0.0,0.0,2.0,1,7,4
24608,16,2,3,0,6,3,0,1,0,1,2,36,2,1,3.0,0.0,1.0,2.0,0.0,0.0,10,6,2
73499,16,2,0,2,8,3,0,3,1,1,1,33,1,2,0.0,0.0,0.0,0.0,0.0,1.0,21,3,6
11081,15,10,3,10,10,3,4,5,1,1,2,39,2,2,0.0,0.0,0.0,0.0,0.0,3.0,9,3,1
25114,16,7,2,17,6,3,6,5,0,1,2,18,2,4,4.0,0.0,0.0,0.0,4.0,1.0,15,4,2
10548,16,2,3,17,8,3,0,1,1,1,2,36,2,2,0.0,0.0,0.0,0.0,0.0,2.0,14,2,1
50323,15,2,3,2,8,3,0,1,1,1,2,36,1,2,0.0,0.0,0.0,0.0,0.0,1.0,15,5,4
38641,15,2,3,0,2,3,0,1,1,1,2,18,2,2,0.0,0.0,0.0,0.0,0.0,4.0,13,3,3
24475,16,3,3,17,2,3,6,1,0,1,2,18,2,3,1.0,0.0,0.0,1.0,0.0,2.0,8,4,2
88295,16,2,3,0,8,3,0,1,0,1,2,17,2,3,1.0,0.0,0.0,1.0,0.0,1.0,6,1,7
182365,16,2,3,17,8,3,0,1,1,1,2,12,2,2,0.0,0.0,0.0,0.0,0.0,2.0,14,4,12
136233,4,2,3,17,19,2,0,1,0,1,2,24,2,4,1.0,0.0,0.0,0.0,1.0,1.0,17,3,9
177603,4,2,0,10,8,3,0,1,1,1,1,19,2,2,0.0,0.0,0.0,0.0,0.0,2.0,0,1,12
56864,16,2,3,0,3,3,0,1,0,1,2,6,2,4,1.0,0.0,0.0,0.0,1.0,2.0,7,3,5
102136,16,2,3,15,2,3,0,1,1,1,2,23,2,2,0.0,0.0,0.0,0.0,0.0,3.0,13,5,7
91132,16,7,1,17,2,3,6,1,1,1,2,18,2,2,0.0,0.0,0.0,0.0,0.0,4.0,21,3,7
16600,16,10,3,10,8,3,4,1,1,1,2,19,2,2,0.0,0.0,0.0,0.0,0.0,2.0,13,5,2
86809,16,2,0,10,2,3,0,1,1,1,2,17,2,2,0.0,0.0,0.0,0.0,0.0,2.0,21,6,6
79625,16,2,3,10,8,3,0,1,1,1,1,19,3,2,0.0,0.0,0.0,0.0,0.0,3.0,17,3,6
42455,16,2,3,15,8,3,0,1,1,1,0,23,2,2,0.0,0.0,0.0,0.0,0.0,3.0,12,4,4
27342,15,2,1,15,8,3,0,1,1,1,1,36,2,2,0.0,0.0,0.0,0.0,0.0,2.0,17,5,2
188331,16,2,3,10,15,3,0,1,1,1,1,19,2,2,0.0,0.0,0.0,0.0,0.0,2.0,15,5,12
84937,16,2,3,17,8,3,6,1,1,1,2,24,2,2,0.0,0.0,0.0,0.0,0.0,3.0,15,6,6
116415,16,2,3,10,8,3,0,1,0,1,0,17,2,4,1.0,0.0,0.0,0.0,1.0,2.0,15,3,8
107692,15,2,3,0,2,3,0,1,0,1,2,28,2,3,2.0,0.0,0.0,1.0,1.0,2.0,9,4,8
61592,16,2,3,17,8,3,0,1,1,1,2,23,2,2,0.0,0.0,0.0,0.0,0.0,2.0,6,6,5
74534,2,2,3,17,2,3,0,1,1,1,0,24,2,2,0.0,0.0,0.0,0.0,0.0,2.0,14,5,6
90339,16,2,3,17,8,3,0,1,0,1,2,24,2,3,1.0,0.0,0.0,1.0,0.0,1.0,18,6,7
140171,16,2,3,10,8,3,0,1,1,1,2,36,2,2,0.0,0.0,0.0,0.0,0.0,2.0,13,3,10
11480,16,2,1,4,8,3,0,1,1,1,1,13,2,2,0.0,0.0,0.0,0.0,0.0,2.0,17,4,1
44942,16,2,3,17,2,3,0,1,1,1,0,36,2,2,0.0,0.0,0.0,0.0,0.0,2.0,14,6,4
135650,16,2,3,15,2,3,0,1,1,1,1,36,2,2,0.0,0.0,0.0,0.0,0.0,3.0,8,2,9
185243,16,2,1,0,2,3,0,1,0,1,2,37,2,2,0.0,0.0,0.0,0.0,0.0,2.0,1,1,12
44694,16,2,3,10,8,3,0,5,1,1,1,19,2,2,0.0,0.0,0.0,0.0,0.0,2.0,15,3,4
53175,16,7,3,17,6,3,6,1,0,1,2,17,2,3,2.0,0.0,0.0,2.0,0.0,1.0,11,7,4
93466,16,2,3,10,3,3,0,1,1,1,2,12,2,2,0.0,0.0,0.0,0.0,0.0,2.0,6,4,7
148496,15,2,3,10,18,3,0,5,1,1,2,36,2,2,0.0,0.0,0.0,0.0,0.0,2.0,8,5,10
125117,16,2,3,0,2,3,6,1,0,1,2,13,2,2,0.0,0.0,0.0,0.0,0.0,2.0,8,2,9
163100,15,2,3,0,2,3,0,1,1,1,2,18,3,2,0.0,0.0,0.0,0.0,0.0,3.0,13,4,11
85123,16,2,3,15,8,3,0,1,1,1,2,23,2,2,0.0,0.0,0.0,0.0,0.0,2.0,12,1,6
132086,16,2,1,17,15,3,0,1,0,1,2,11,2,4,1.0,0.0,0.0,0.0,1.0,2.0,0,7,9
24126,4,7,3,7,8,3,6,1,0,1,2,21,2,2,0.0,0.0,0.0,0.0,0.0,1.0,12,4,2
13692,4,10,3,7,8,3,6,1,0,1,2,12,3,2,0.0,0.0,0.0,0.0,0.0,1.0,8,7,1
104544,16,2,3,17,8,3,0,1,1,0,0,18,2,2,0.0,0.0,0.0,0.0,0.0,4.0,16,4,8
52891,16,2,1,10,15,2,0,5,0,1,2,19,2,1,2.0,0.0,1.0,0.0,1.0,3.0,21,2,4
96148,16,2,0,17,2,3,0,1,0,1,2,6,2,3,2.0,0.0,0.0,2.0,0.0,1.0,0,3,7
17426,16,2,3,17,8,3,0,1,1,1,1,23,2,2,0.0,0.0,0.0,0.0,0.0,2.0,15,4,2
54265,15,2,3,10,2,3,0,1,1,1,1,36,2,2,0.0,0.0,0.0,0.0,0.0,3.0,16,3,4
187451,16,7,1,17,10,3,6,5,0,1,2,24,2,2,0.0,0.0,0.0,0.0,0.0,3.0,23,5,12
75954,16,2,3,0,6,3,0,1,0,1,2,6,2,1,1.0,0.0,1.0,0.0,0.0,2.0,12,5,6
107446,15,2,3,17,16,3,0,1,0,1,2,18,2,3,1.0,0.0,0.0,1.0,0.0,1.0,11,6,8
94549,16,2,3,17,2,3,0,1,0,1,2,3,2,2,0.0,0.0,0.0,0.0,0.0,2.0,8,6,7
85427,16,7,3,0,6,3,6,5,0,1,2,28,2,3,6.0,0.0,0.0,6.0,0.0,1.0,7,6,6
25588,16,2,0,10,8,3,6,1,0,1,2,18,2,4,1.0,0.0,0.0,0.0,1.0,1.0,18,5,2
174692,16,2,3,17,8,3,0,1,1,1,2,6,2,2,0.0,0.0,0.0,0.0,0.0,4.0,14,2,12
68772,15,7,3,0,8,3,6,1,0,1,2,30,3,3,3.0,0.0,0.0,3.0,0.0,2.0,7,1,5
81925,15,11,5,17,8,3,5,5,1,0,2,5,2,2,0.0,0.0,0.0,0.0,0.0,3.0,23,1,6
75618,16,7,3,0,8,3,6,1,1,1,2,36,2,2,0.0,0.0,0.0,0.0,0.0,2.0,12,6,6
78837,4,2,1,8,8,3,0,1,0,1,0,24,2,3,1.0,0.0,0.0,1.0,0.0,1.0,20,5,6
143052,16,2,3,0,8,3,0,5,1,1,2,36,2,2,0.0,0.0,0.0,0.0,0.0,3.0,6,7,10
177049,16,2,3,15,17,3,0,1,1,1,2,36,2,2,0.0,0.0,0.0,0.0,0.0,2.0,16,2,12
15098,4,2,3,7,8,3,0,1,0,1,2,22,3,3,1.0,0.0,0.0,1.0,0.0,0.0,15,5,2
114127,16,7,1,17,1,3,6,1,1,1,1,17,2,2,0.0,0.0,0.0,0.0,0.0,3.0,20,2,8
178906,16,2,3,10,2,3,0,1,0,1,0,19,2,4,2.0,0.0,0.0,0.0,2.0,1.0,13,4,12
181416,16,2,3,10,2,3,0,1,1,1,2,19,2,2,0.0,0.0,0.0,0.0,0.0,3.0,10,2,12
142888,16,7,3,10,2,3,6,1,1,1,1,19,2,2,0.0,0.0,0.0,0.0,0.0,2.0,17,4,10
128285,16,2,1,17,1,3,0,1,1,1,2,17,2,2,0.0,0.0,0.0,0.0,0.0,3.0,20,7,9
102813,15,2,3,0,6,3,0,1,0,1,2,18,2,4,1.0,0.0,0.0,0.0,1.0,5.0,14,2,7
186171,15,2,3,17,10,3,0,1,1,1,2,5,2,2,0.0,0.0,0.0,0.0,0.0,2.0,13,5,12
178392,15,2,1,0,2,3,0,1,0,1,2,18,2,3,1.0,0.0,0.0,1.0,0.0,1.0,17,4,12
138779,15,2,3,10,8,3,0,1,1,1,0,19,2,2,0.0,0.0,0.0,0.0,0.0,2.0,15,3,10
135907,4,2,3,17,2,3,0,1,0,1,1,24,2,2,0.0,0.0,0.0,0.0,0.0,2.0,13,5,9
169386,16,7,3,9,15,4,6,1,0,1,0,36,2,1,1.0,0.0,1.0,0.0,0.0,1.0,10,4,11
84496,16,7,3,10,3,3,6,1,1,1,2,36,2,2,0.0,0.0,0.0,0.0,0.0,2.0,12,5,6
49687,16,2,3,10,10,3,0,1,1,1,1,36,2,2,0.0,0.0,0.0,0.0,0.0,2.0,11,1,4
12907,16,2,3,17,11,3,0,1,1,1,2,36,2,2,0.0,0.0,0.0,0.0,0.0,5.0,13,4,1
151064,15,2,3,0,8,3,0,1,0,1,2,36,2,2,0.0,0.0,0.0,0.0,0.0,2.0,16,4,10
175302,16,2,1,0,8,3,0,1,0,1,2,36,2,2,0.0,0.0,0.0,0.0,0.0,2.0,16,4,12
96609,15,2,3,0,10,3,0,1,1,1,2,18,2,2,0.0,0.0,0.0,0.0,0.0,4.0,19,3,7
10900,15,10,1,0,6,3,6,1,1,1,1,18,2,2,0.0,0.0,0.0,0.0,0.0,2.0,17,1,1
43474,16,2,3,17,8,3,0,1,1,1,2,19,2,2,0.0,0.0,0.0,0.0,0.0,2.0,11,1,4
18064,15,3,3,10,10,3,4,5,0,1,2,17,2,3,2.0,0.0,0.0,2.0,0.0,3.0,14,1,2
150423,16,7,1,10,1,3,6,1,1,0,0,19,2,2,0.0,0.0,0.0,0.0,0.0,3.0,23,2,10
181499,15,2,3,0,16,3,0,1,0,1,2,6,2,1,1.0,0.0,1.0,0.0,0.0,2.0,9,3,12
141673,16,2,3,15,3,3,0,1,1,1,1,24,2,2,0.0,0.0,0.0,0.0,0.0,2.0,11,7,10
115421,16,2,3,0,6,3,0,1,0,1,2,30,5,3,3.0,0.0,0.0,3.0,0.0,2.0,15,2,8
50389,16,2,3,0,16,3,0,1,0,1,1,5,2,2,0.0,0.0,0.0,0.0,0.0,2.0,13,6,4
88091,16,2,3,10,8,3,0,1,1,1,2,36,2,2,0.0,0.0,0.0,0.0,0.0,2.0,10,5,7
11854,17,7,2,7,8,3,6,1,1,1,2,22,2,2,0.0,0.0,0.0,0.0,0.0,1.0,18,4,1
152625,16,2,1,17,6,3,0,1,0,1,2,17,2,2,0.0,0.0,0.0,0.0,0.0,2.0,22,4,10
144477,16,2,4,0,6,3,0,1,0,1,2,6,2,3,1.0,0.0,0.0,1.0,0.0,1.0,18,5,10
104745,16,7,1,17,6,3,6,1,1,1,2,39,2,2,0.0,0.0,0.0,0.0,0.0,2.0,1,1,8
30327,16,2,3,10,6,4,0,1,1,1,1,17,2,2,0.0,0.0,0.0,0.0,0.0,2.0,15,7,3
96392,16,2,1,0,6,3,6,1,0,1,2,6,2,3,2.0,0.0,0.0,2.0,0.0,3.0,0,7,7
29982,17,2,0,17,6,3,0,5,0,1,2,26,2,3,2.0,0.0,0.0,2.0,0.0,1.0,23,7,3
133131,17,11,3,10,8,3,5,5,1,1,2,9,3,2,0.0,0.0,0.0,0.0,0.0,3.0,17,1,9
130417,15,2,3,0,6,3,0,5,0,1,2,18,2,3,2.0,0.0,0.0,2.0,0.0,0.0,11,7,9
170103,16,2,3,17,6,3,0,1,1,1,2,22,2,2,0.0,0.0,0.0,0.0,0.0,2.0,11,3,11
182744,15,2,1,0,10,3,0,1,0,1,2,26,2,2,0.0,0.0,0.0,0.0,0.0,3.0,4,7,12
87849,15,2,3,17,8,3,0,1,1,1,2,11,2,2,0.0,0.0,0.0,0.0,0.0,2.0,16,1,7
170442,4,2,1,2,8,3,0,1,0,1,2,11,2,2,0.0,0.0,0.0,0.0,0.0,2.0,1,1,11
174526,16,2,3,10,11,3,0,1,0,1,2,19,2,1,1.0,0.0,1.0,0.0,0.0,1.0,12,5,12
43142,15,7,3,0,6,3,6,1,1,1,2,5,2,2,0.0,0.0,0.0,0.0,0.0,2.0,11,3,4
89400,15,2,1,17,10,3,0,1,1,1,1,5,2,2,0.0,0.0,0.0,0.0,0.0,4.0,0,3,7
186744,16,7,1,10,2,3,6,1,1,1,2,19,3,2,0.0,0.0,0.0,0.0,0.0,4.0,3,2,12
63405,16,2,3,10,6,3,0,5,1,1,2,19,2,2,0.0,0.0,0.0,0.0,0.0,2.0,13,1,5
86177,17,2,3,17,13,3,0,1,1,1,1,24,2,2,0.0,0.0,0.0,0.0,0.0,2.0,19,5,6
8066,16,3,3,2,6,3,6,1,0,1,2,39,1,2,0.0,0.0,0.0,0.0,0.0,3.0,12,5,1
6886,16,11,1,10,2,3,5,5,1,1,2,17,2,2,0.0,0.0,0.0,0.0,0.0,2.0,20,7,1
46440,16,2,3,11,8,3,0,1,1,1,2,21,2,2,0.0,0.0,0.0,0.0,0.0,4.0,17,6,4
6566,16,10,1,10,2,3,4,1,1,1,2,17,2,2,0.0,0.0,0.0,0.0,0.0,5.0,20,1,1
168589,16,11,5,17,6,3,5,5,1,1,2,24,2,2,0.0,0.0,0.0,0.0,0.0,3.0,20,7,11
82207,15,2,1,17,8,3,0,1,0,0,2,18,2,3,1.0,0.0,0.0,1.0,0.0,3.0,20,5,6
120245,16,2,3,17,8,3,0,1,0,1,1,18,2,4,1.0,0.0,0.0,0.0,1.0,4.0,7,3,8
126589,16,2,3,0,2,3,0,1,1,0,2,18,2,2,0.0,0.0,0.0,0.0,0.0,3.0,14,2,9
67254,16,2,3,9,8,3,0,5,0,1,0,7,2,3,1.0,0.0,0.0,1.0,0.0,1.0,11,5,5
128883,16,2,3,17,2,3,0,1,0,1,2,18,2,3,3.0,0.0,0.0,1.0,2.0,0.0,11,1,9
124239,4,2,3,17,19,3,0,1,1,1,2,18,2,2,0.0,0.0,0.0,0.0,0.0,2.0,15,5,9
82496,16,2,1,0,6,3,0,1,0,1,2,6,3,4,1.0,0.0,0.0,0.0,1.0,2.0,3,3,6
5922,16,5,3,17,10,3,4,5,1,1,2,39,2,2,0.0,0.0,0.0,0.0,0.0,2.0,11,6,1
167932,15,2,3,17,2,3,0,1,0,0,2,18,3,2,0.0,0.0,0.0,0.0,0.0,2.0,11,2,11
13847,16,11,3,17,2,3,4,5,1,1,2,18,2,2,0.0,0.0,0.0,0.0,0.0,2.0,15,3,1
63447,16,3,1,17,6,3,6,1,0,1,2,6,2,2,0.0,0.0,0.0,0.0,0.0,2.0,21,1,5
165910,15,2,3,10,10,3,5,5,1,1,1,23,2,2,0.0,0.0,0.0,0.0,0.0,2.0,14,5,11
155275,15,10,3,0,15,3,6,5,1,1,2,36,2,2,0.0,0.0,0.0,0.0,0.0,3.0,15,5,10
13132,16,2,1,15,8,3,6,1,0,1,2,23,3,2,0.0,0.0,0.0,0.0,0.0,3.0,0,4,1
162540,16,2,4,10,8,3,0,1,0,1,2,36,2,4,1.0,0.0,0.0,0.0,1.0,1.0,16,3,11
163696,16,7,0,9,8,3,0,1,0,1,2,18,2,3,1.0,0.0,0.0,1.0,0.0,1.0,17,5,11
155493,16,4,1,15,2,3,6,1,1,1,2,24,2,2,0.0,0.0,0.0,0.0,0.0,2.0,6,2,10
95127,15,2,3,0,8,3,0,6,1,1,2,36,2,2,0.0,0.0,0.0,0.0,0.0,3.0,18,2,7
64908,16,2,1,17,8,3,0,1,0,1,0,24,2,4,1.0,0.0,0.0,0.0,1.0,4.0,23,4,5
135569,15,2,3,10,2,3,0,1,1,1,1,36,2,2,0.0,0.0,0.0,0.0,0.0,2.0,17,1,9
89021,15,2,3,10,15,3,0,1,1,1,2,19,2,2,0.0,0.0,0.0,0.0,0.0,3.0,16,6,7
86961,16,2,3,17,6,3,0,1,0,1,2,12,2,2,0.0,0.0,0.0,0.0,0.0,2.0,12,2,6
22351,16,7,3,17,8,3,6,5,1,1,2,39,2,2,0.0,0.0,0.0,0.0,0.0,2.0,16,4,2
90022,16,2,3,15,8,3,0,1,1,1,2,36,2,2,0.0,0.0,0.0,0.0,0.0,2.0,13,1,7
172176,16,2,3,17,8,3,0,1,1,1,1,24,2,2,0.0,0.0,0.0,0.0,0.0,2.0,12,5,12
175041,16,2,1,8,8,3,0,1,0,1,1,6,2,1,1.0,0.0,1.0,0.0,0.0,1.0,20,5,12
73256,15,2,1,0,15,3,0,1,1,1,2,18,2,2,0.0,0.0,0.0,0.0,0.0,3.0,20,7,6
156718,16,2,3,0,2,3,0,1,0,1,0,6,2,4,1.0,0.0,0.0,0.0,1.0,2.0,7,4,11
182188,15,2,3,0,12,3,0,1,1,0,2,36,5,2,0.0,0.0,0.0,0.0,0.0,2.0,13,7,12
118903,16,3,3,17,8,3,5,1,0,1,2,36,2,2,0.0,0.0,0.0,0.0,0.0,2.0,16,4,8
82274,4,2,3,10,8,3,0,5,0,1,2,36,3,4,1.0,0.0,0.0,0.0,1.0,1.0,6,7,6
7249,16,6,3,17,6,3,6,1,1,1,2,36,2,2,0.0,0.0,0.0,0.0,0.0,2.0,11,4,1
119652,6,2,3,9,18,3,0,1,0,0,2,36,2,3,1.0,0.0,0.0,1.0,0.0,1.0,14,2,8
49622,16,2,3,15,2,3,0,1,1,1,2,23,2,2,0.0,0.0,0.0,0.0,0.0,5.0,17,7,4
91284,16,2,1,0,2,3,0,1,1,1,1,3,2,2,0.0,0.0,0.0,0.0,0.0,2.0,2,6,7
169673,15,2,3,10,2,3,0,5,1,1,2,36,2,2,0.0,0.0,0.0,0.0,0.0,2.0,12,1,11
115539,15,2,3,0,6,3,0,1,0,1,2,12,2,3,1.0,0.0,0.0,1.0,0.0,1.0,14,5,8
47717,15,2,3,0,8,3,0,1,1,1,2,36,2,2,0.0,0.0,0.0,0.0,0.0,2.0,18,7,4
41443,16,2,1,2,8,3,0,1,0,1,2,28,1,3,2.0,0.0,0.0,2.0,0.0,1.0,19,6,3
125547,15,2,3,10,17,3,5,5,1,1,2,36,2,2,0.0,0.0,0.0,0.0,0.0,3.0,16,2,9
76809,4,2,3,17,15,3,0,1,0,1,2,17,3,2,0.0,0.0,0.0,0.0,0.0,3.0,12,4,6
27365,15,2,3,17,2,3,0,1,1,1,1,18,2,2,0.0,0.0,0.0,0.0,0.0,3.0,9,5,2
125508,16,2,3,0,11,3,0,1,0,1,2,36,2,2,0.0,0.0,0.0,0.0,0.0,3.0,18,1,9