crash_date,               traffic_control_device,weather_condition,lighting_condition,first_crash_type,trafficway_type,alignment,roadway_surface_cond,road_defect,crash_type,intersection_related_i,damage,prim_contributory_cause,num_units,most_severe_injury,injuries_total,injuries_fatal,injuries_incapacitating,injuries_non_incapacitating,injuries_reported_not_evident,injuries_no_indication,crash_hour,crash_day_of_week,crash_month
52422,16,2,3,0,19,2,0,5,0,1,2,36,2,3,6.0,0.0,0.0,4.0,2.0,1.0,15,1,4
147237,16,2,3,10,2,3,0,1,0,1,2,36,3,4,1.0,0.0,0.0,0.0,1.0,3.0,15,2,10
132843,16,2,1,0,6,3,0,1,0,1,2,18,2,1,2.0,0.0,1.0,1.0,0.0,1.0,20,5,9
182835,16,2,1,9,8,3,0,1,0,1,0,36,2,3,1.0,0.0,0.0,1.0,0.0,1.0,22,1,12
37607,4,2,3,17,8,3,0,1,1,1,2,24,2,2,0.0,0.0,0.0,0.0,0.0,2.0,10,3,3
160875,16,2,1,9,3,3,0,1,0,1,2,36,2,3,1.0,0.0,0.0,1.0,0.0,1.0,19,6,11
133514,16,2,3,8,10,3,0,1,0,1,2,18,2,3,1.0,0.0,0.0,1.0,0.0,1.0,16,2,9
114299,4,2,3,15,2,3,0,1,1,1,2,12,2,2,0.0,0.0,0.0,0.0,0.0,3.0,16,6,8
46704,15,2,3,0,8,3,0,1,1,1,0,18,2,2,0.0,0.0,0.0,0.0,0.0,2.0,13,3,4
21984,16,3,3,17,15,3,0,1,0,1,2,11,3,1,1.0,0.0,1.0,0.0,0.0,2.0,8,4,2
88066,16,2,3,17,6,3,0,5,0,1,2,36,2,2,0.0,0.0,0.0,0.0,0.0,2.0,17,5,7
125350,16,2,3,17,6,3,0,5,0,1,2,36,2,2,0.0,0.0,0.0,0.0,0.0,4.0,17,7,9
29669,4,2,3,0,8,3,0,1,1,1,2,23,2,2,0.0,0.0,0.0,0.0,0.0,2.0,12,1,3
72389,4,2,3,10,8,3,0,1,1,1,1,17,2,2,0.0,0.0,0.0,0.0,0.0,3.0,19,7,6
75634,15,2,3,8,8,3,0,1,0,1,0,36,2,3,1.0,0.0,0.0,1.0,0.0,1.0,15,7,6
124922,16,2,3,10,17,3,0,5,1,1,2,36,2,2,0.0,0.0,0.0,0.0,0.0,2.0,16,4,9
73552,16,2,4,17,8,3,0,1,1,1,2,18,2,2,0.0,0.0,0.0,0.0,0.0,2.0,19,5,6
67059,16,2,3,15,8,3,0,1,1,1,1,18,2,2,0.0,0.0,0.0,0.0,0.0,2.0,7,2,5
63424,4,3,3,10,6,3,5,6,1,1,2,17,2,2,0.0,0.0,0.0,0.0,0.0,2.0,16,1,5
90909,16,2,3,8,2,3,0,1,0,1,2,18,2,4,1.0,0.0,0.0,0.0,1.0,2.0,16,6,7
131255,15,2,3,10,8,3,0,1,1,0,1,36,4,2,0.0,0.0,0.0,0.0,0.0,4.0,6,3,9
171847,16,2,1,17,6,3,0,1,0,1,2,36,2,2,0.0,0.0,0.0,0.0,0.0,2.0,0,7,11
47211,4,2,3,17,8,3,0,1,0,1,2,18,2,3,1.0,0.0,0.0,1.0,0.0,2.0,15,6,4
155802,16,3,3,10,2,3,0,1,1,1,2,14,2,2,0.0,0.0,0.0,0.0,0.0,5.0,14,5,11
62558,15,2,3,5,10,3,0,1,0,1,2,13,2,3,1.0,0.0,0.0,1.0,0.0,0.0,6,2,5
115887,16,2,3,0,2,3,0,1,0,1,2,18,2,3,2.0,0.0,0.0,2.0,0.0,0.0,7,2,8
89094,15,2,2,17,8,3,0,1,0,1,2,23,2,2,0.0,0.0,0.0,0.0,0.0,2.0,5,7,7
93176,15,2,0,17,6,3,0,1,0,1,2,36,2,2,0.0,0.0,0.0,0.0,0.0,2.0,21,7,7
137315,4,2,3,17,6,3,0,1,1,1,2,36,2,2,0.0,0.0,0.0,0.0,0.0,4.0,17,5,9
145850,16,2,3,0,11,3,0,1,1,1,2,36,2,2,0.0,0.0,0.0,0.0,0.0,2.0,14,2,10
96643,16,2,3,15,2,3,0,1,1,1,1,17,2,2,0.0,0.0,0.0,0.0,0.0,2.0,16,4,7
24823,16,2,3,0,8,3,0,1,1,1,1,19,2,2,0.0,0.0,0.0,0.0,0.0,3.0,14,4,2
55315,15,2,3,0,6,3,0,3,0,1,2,36,2,1,2.0,0.0,2.0,0.0,0.0,0.0,15,6,4
87581,16,3,3,17,6,3,0,1,0,1,2,18,2,2,0.0,0.0,0.0,0.0,0.0,2.0,12,4,6
147047,15,2,3,0,2,3,0,1,0,1,2,18,2,2,0.0,0.0,0.0,0.0,0.0,2.0,11,4,10
90161,16,2,3,10,3,3,0,5,0,1,2,19,3,4,1.0,0.0,0.0,0.0,1.0,2.0,13,3,7
184398,15,2,3,0,6,3,0,5,0,1,2,18,2,3,1.0,0.0,0.0,1.0,0.0,3.0,14,3,12
130241,16,2,3,10,2,3,0,1,0,1,2,18,3,2,0.0,0.0,0.0,0.0,0.0,4.0,16,4,9
89539,15,2,3,10,2,3,0,1,1,1,2,19,2,2,0.0,0.0,0.0,0.0,0.0,2.0,14,7,7
7654,16,2,1,10,8,3,6,1,1,1,2,17,2,2,0.0,0.0,0.0,0.0,0.0,2.0,23,3,1
175105,16,2,3,17,6,3,0,1,0,1,2,18,2,2,0.0,0.0,0.0,0.0,0.0,4.0,7,6,12
32947,16,2,1,10,8,3,0,1,0,1,2,6,2,2,0.0,0.0,0.0,0.0,0.0,2.0,3,1,3
148302,4,2,3,17,2,3,0,1,1,1,2,36,2,2,0.0,0.0,0.0,0.0,0.0,2.0,12,2,10
167377,10,2,3,1,8,3,0,5,0,1,2,36,2,3,1.0,0.0,0.0,1.0,0.0,1.0,14,2,11
153444,4,2,0,17,2,3,0,1,1,1,2,18,2,2,0.0,0.0,0.0,0.0,0.0,6.0,21,7,10
28085,4,2,3,17,6,3,0,1,1,1,2,17,2,2,0.0,0.0,0.0,0.0,0.0,2.0,12,4,2
142606,17,2,1,7,15,3,0,5,0,1,2,36,2,2,0.0,0.0,0.0,0.0,0.0,1.0,0,1,10
188787,16,2,3,17,6,3,0,1,1,1,1,18,2,2,0.0,0.0,0.0,0.0,0.0,2.0,13,5,12
19128,16,11,5,17,6,3,5,5,1,1,2,26,2,2,0.0,0.0,0.0,0.0,0.0,2.0,19,5,2
77573,16,3,4,10,8,3,0,1,0,1,1,13,2,4,1.0,0.0,0.0,0.0,1.0,1.0,19,3,6
187791,16,10,1,17,6,3,4,5,0,1,2,39,3,2,0.0,0.0,0.0,0.0,0.0,3.0,18,3,12
1419,16,2,3,15,6,3,0,5,1,1,1,36,2,2,0.0,0.0,0.0,0.0,0.0,2.0,11,4,1
145247,4,7,1,3,2,3,6,1,0,1,2,36,2,3,4.0,0.0,0.0,4.0,0.0,1.0,19,7,10
15504,16,2,3,10,6,3,0,1,1,1,2,19,2,2,0.0,0.0,0.0,0.0,0.0,2.0,15,5,2
159897,16,2,1,10,2,3,0,5,1,1,2,8,3,2,0.0,0.0,0.0,0.0,0.0,5.0,19,6,11
180598,4,2,1,10,8,3,0,1,0,0,2,19,2,3,2.0,0.0,0.0,2.0,0.0,1.0,21,6,12
12404,4,11,1,2,8,3,5,5,1,1,0,37,1,2,0.0,0.0,0.0,0.0,0.0,1.0,4,6,1
144101,16,2,3,10,8,3,0,1,1,1,2,36,3,2,0.0,0.0,0.0,0.0,0.0,3.0,12,5,10
154548,16,2,1,9,2,3,0,1,0,1,0,38,2,3,1.0,0.0,0.0,1.0,0.0,2.0,20,3,10
159096,16,2,3,17,10,3,5,5,1,1,1,36,2,2,0.0,0.0,0.0,0.0,0.0,2.0,12,2,11
17830,15,3,3,17,8,3,6,1,1,1,2,18,2,2,0.0,0.0,0.0,0.0,0.0,2.0,8,3,2
153007,4,3,3,0,8,3,6,1,0,1,2,18,2,2,0.0,0.0,0.0,0.0,0.0,4.0,14,3,10
77292,16,2,3,0,18,3,0,1,0,1,2,6,2,2,0.0,0.0,0.0,0.0,0.0,3.0,16,5,6
181558,16,2,3,10,8,3,0,1,1,1,0,19,2,2,0.0,0.0,0.0,0.0,0.0,2.0,8,5,12
155323,16,10,3,9,8,3,6,1,0,1,0,18,2,4,1.0,0.0,0.0,0.0,1.0,1.0,8,5,10
119466,16,2,3,9,3,3,0,1,1,1,0,18,2,2,0.0,0.0,0.0,0.0,0.0,2.0,11,4,8
186565,15,7,1,0,8,3,6,5,1,1,1,36,2,2,0.0,0.0,0.0,0.0,0.0,2.0,16,5,12
66430,4,2,3,17,8,3,0,1,1,1,2,18,2,2,0.0,0.0,0.0,0.0,0.0,2.0,16,1,5
28885,15,2,1,17,8,3,0,1,1,1,2,5,2,2,0.0,0.0,0.0,0.0,0.0,4.0,17,2,3
37034,2,2,1,17,8,3,0,1,0,1,2,24,2,2,0.0,0.0,0.0,0.0,0.0,2.0,1,1,3
183100,15,3,3,17,8,3,0,1,0,1,2,18,3,2,0.0,0.0,0.0,0.0,0.0,2.0,7,4,12
63999,16,2,1,10,8,3,0,1,1,1,1,19,2,2,0.0,0.0,0.0,0.0,0.0,3.0,23,3,5
11247,4,2,3,0,6,3,0,1,0,1,1,18,2,2,0.0,0.0,0.0,0.0,0.0,2.0,8,7,1
159335,15,2,0,0,8,3,0,1,0,1,2,18,2,3,1.0,0.0,0.0,1.0,0.0,3.0,17,5,11
182338,15,2,3,9,6,3,0,1,0,1,0,36,3,3,2.0,0.0,0.0,2.0,0.0,1.0,7,2,12
62871,4,2,3,0,6,3,0,1,1,1,1,18,2,2,0.0,0.0,0.0,0.0,0.0,2.0,8,6,5
129253,16,2,3,15,2,3,0,1,1,1,2,36,2,2,0.0,0.0,0.0,0.0,0.0,2.0,9,5,9
31953,4,2,1,10,8,3,0,1,1,1,1,19,2,2,0.0,0.0,0.0,0.0,0.0,2.0,4,6,3
60995,15,2,3,0,2,3,0,1,1,1,1,36,2,2,0.0,0.0,0.0,0.0,0.0,2.0,16,6,5
11374,15,3,1,0,6,3,0,1,0,1,2,18,2,2,0.0,0.0,0.0,0.0,0.0,3.0,12,2,1
187374,16,2,3,17,3,3,4,1,0,1,1,17,2,3,1.0,0.0,0.0,1.0,0.0,3.0,8,4,12
31596,16,2,1,10,2,3,0,1,0,1,0,36,2,4,3.0,0.0,0.0,0.0,3.0,3.0,3,1,3
23293,4,10,3,3,1,3,4,5,0,1,1,23,2,3,1.0,0.0,0.0,1.0,0.0,1.0,14,6,2
174535,4,2,1,17,6,3,0,1,1,1,2,24,2,2,0.0,0.0,0.0,0.0,0.0,2.0,2,7,12
113109,16,2,3,10,2,4,0,1,0,1,2,17,6,2,0.0,0.0,0.0,0.0,0.0,15.0,16,7,8
128986,16,2,3,10,2,3,0,1,1,1,1,19,2,2,0.0,0.0,0.0,0.0,0.0,4.0,10,7,9
45548,16,2,1,17,6,3,0,5,0,1,2,17,2,3,1.0,0.0,0.0,1.0,0.0,3.0,2,5,4
153951,16,2,3,15,11,3,0,1,1,1,1,22,2,2,0.0,0.0,0.0,0.0,0.0,2.0,9,1,10
142918,15,7,3,17,2,3,6,1,1,1,2,18,2,2,0.0,0.0,0.0,0.0,0.0,2.0,10,4,10
173672,15,2,3,17,2,3,0,1,1,1,2,36,2,2,0.0,0.0,0.0,0.0,0.0,2.0,15,3,12
126727,16,2,3,17,8,3,0,5,1,1,2,36,2,2,0.0,0.0,0.0,0.0,0.0,2.0,13,5,9
175781,15,2,3,0,6,3,0,1,0,1,2,18,3,2,0.0,0.0,0.0,0.0,0.0,3.0,16,4,12
62143,16,2,3,10,8,3,5,5,1,1,2,36,2,2,0.0,0.0,0.0,0.0,0.0,3.0,18,1,5
85772,16,2,1,9,8,3,0,1,0,1,0,18,2,4,1.0,0.0,0.0,0.0,1.0,2.0,22,3,6
103362,16,2,3,9,2,3,5,5,1,1,2,18,2,2,0.0,0.0,0.0,0.0,0.0,2.0,17,3,7
97132,16,2,3,17,8,3,0,1,1,1,1,22,2,2,0.0,0.0,0.0,0.0,0.0,2.0,7,4,7
76996,15,2,3,0,6,3,0,1,1,1,1,5,2,2,0.0,0.0,0.0,0.0,0.0,2.0,8,7,6
117441,16,2,3,8,8,3,0,1,0,1,1,36,2,4,1.0,0.0,0.0,0.0,1.0,1.0,10,4,8
146435,15,2,3,17,8,3,0,1,0,1,2,18,2,2,0.0,0.0,0.0,0.0,0.0,2.0,9,2,10
141306,16,2,1,10,6,3,0,5,1,1,1,17,2,2,0.0,0.0,0.0,0.0,0.0,2.0,21,4,10
133946,17,2,3,10,17,3,0,5,1,1,2,36,2,2,0.0,0.0,0.0,0.0,0.0,2.0,15,7,9
50406,15,2,3,17,10,3,0,1,1,1,2,18,2,2,0.0,0.0,0.0,0.0,0.0,5.0,17,6,4
159256,16,2,3,0,8,3,0,1,0,1,2,36,2,3,1.0,0.0,0.0,1.0,0.0,2.0,9,3,11
121866,15,2,3,2,15,3,0,1,1,1,1,36,1,2,0.0,0.0,0.0,0.0,0.0,1.0,19,5,9
174590,16,2,1,10,2,3,0,1,1,1,1,19,2,2,0.0,0.0,0.0,0.0,0.0,2.0,1,1,12
13654,16,10,3,17,2,3,4,5,1,1,2,24,2,2,0.0,0.0,0.0,0.0,0.0,3.0,12,6,1
160994,4,2,1,10,8,3,0,1,1,1,1,19,2,2,0.0,0.0,0.0,0.0,0.0,2.0,16,1,11
37357,16,2,2,0,8,3,0,1,1,1,2,13,2,2,0.0,0.0,0.0,0.0,0.0,2.0,15,7,3
5974,16,2,3,10,8,3,4,1,0,1,1,19,2,4,1.0,0.0,0.0,0.0,1.0,1.0,7,4,1
102508,16,2,1,9,6,3,0,1,0,1,0,36,2,3,1.0,0.0,0.0,1.0,0.0,1.0,20,2,7
117156,15,11,4,10,6,3,5,5,1,1,2,36,2,2,0.0,0.0,0.0,0.0,0.0,2.0,16,1,8
168423,16,2,1,9,10,5,0,5,0,1,2,18,2,3,1.0,0.0,0.0,1.0,0.0,1.0,21,3,11
100617,16,2,3,0,15,3,0,1,1,1,2,36,2,2,0.0,0.0,0.0,0.0,0.0,4.0,14,3,7
159081,16,2,1,2,2,3,0,1,1,1,2,36,1,2,0.0,0.0,0.0,0.0,0.0,1.0,21,2,11
119401,16,2,1,0,8,3,0,1,1,1,0,36,2,2,0.0,0.0,0.0,0.0,0.0,2.0,14,3,8
88974,16,2,3,17,6,3,6,1,1,1,0,36,2,2,0.0,0.0,0.0,0.0,0.0,3.0,7,4,7
110281,16,2,1,17,8,3,0,5,0,1,2,24,2,4,1.0,0.0,0.0,0.0,1.0,1.0,22,7,8
152355,15,7,3,0,6,3,6,1,0,1,2,36,2,4,1.0,0.0,0.0,0.0,1.0,2.0,14,7,10
108580,17,2,3,10,17,3,0,5,1,1,2,36,2,2,0.0,0.0,0.0,0.0,0.0,2.0,10,3,8
6617,16,3,1,17,2,3,6,1,0,1,2,6,3,2,0.0,0.0,0.0,0.0,0.0,3.0,7,2,1
166912,4,2,3,2,11,3,0,1,1,1,1,36,2,2,0.0,0.0,0.0,0.0,0.0,2.0,15,4,11
58358,4,2,3,15,8,3,5,5,0,0,2,36,2,2,0.0,0.0,0.0,0.0,0.0,2.0,8,6,5
131398,16,2,3,17,8,3,0,1,1,1,0,24,2,2,0.0,0.0,0.0,0.0,0.0,3.0,10,5,9
88608,16,2,3,2,8,3,0,1,0,1,2,36,1,4,1.0,0.0,0.0,0.0,1.0,0.0,3,7,7
132211,16,2,3,9,15,3,5,1,0,1,2,36,2,1,1.0,0.0,1.0,0.0,0.0,1.0,22,3,9
65394,16,2,3,8,6,3,0,1,0,1,1,36,2,3,1.0,0.0,0.0,1.0,0.0,2.0,18,5,5
38633,16,10,3,10,3,3,6,1,0,1,1,17,2,4,1.0,0.0,0.0,0.0,1.0,1.0,11,2,3
28171,16,2,3,10,2,3,0,1,1,1,0,19,2,2,0.0,0.0,0.0,0.0,0.0,5.0,12,7,2
93825,15,2,3,0,8,3,0,5,0,1,2,36,2,2,0.0,0.0,0.0,0.0,0.0,2.0,12,3,7
28856,16,2,1,15,8,3,0,1,0,1,2,24,2,2,0.0,0.0,0.0,0.0,0.0,2.0,0,7,3
109693,16,2,3,2,8,4,0,1,0,0,2,12,1,2,0.0,0.0,0.0,0.0,0.0,1.0,7,6,8
58712,16,2,3,0,2,3,0,1,1,1,1,18,2,2,0.0,0.0,0.0,0.0,0.0,3.0,19,5,5
79850,16,2,3,10,8,3,0,1,1,1,2,38,2,2,0.0,0.0,0.0,0.0,0.0,2.0,9,7,6
70376,15,2,1,0,8,3,0,5,1,1,2,18,2,2,0.0,0.0,0.0,0.0,0.0,3.0,23,6,5
107465,16,2,1,17,3,3,0,1,1,1,2,6,3,2,0.0,0.0,0.0,0.0,0.0,3.0,2,7,8
30318,16,2,3,10,6,3,0,1,1,1,1,36,2,2,0.0,0.0,0.0,0.0,0.0,2.0,13,7,3
148252,16,2,3,10,8,3,0,1,1,1,2,12,2,2,0.0,0.0,0.0,0.0,0.0,2.0,14,2,10
149092,16,2,1,10,2,3,0,1,0,1,2,19,2,2,0.0,0.0,0.0,0.0,0.0,2.0,2,1,10
70902,15,2,1,10,8,3,0,1,1,1,2,19,2,2,0.0,0.0,0.0,0.0,0.0,2.0,1,1,5
167980,16,2,3,15,11,3,0,1,1,1,1,12,2,2,0.0,0.0,0.0,0.0,0.0,2.0,8,3,11
69640,16,2,3,10,6,3,0,1,1,1,2,17,2,2,0.0,0.0,0.0,0.0,0.0,2.0,10,2,5
26040,16,2,3,10,6,3,0,1,0,1,2,36,2,3,1.0,0.0,0.0,1.0,0.0,1.0,15,6,2
90152,4,2,1,15,3,3,0,1,0,0,2,22,2,4,1.0,0.0,0.0,0.0,1.0,4.0,0,2,7
90617,4,2,3,0,8,2,0,5,1,1,1,18,2,2,0.0,0.0,0.0,0.0,0.0,2.0,11,2,7
83265,16,7,1,15,3,3,6,1,1,1,0,18,2,2,0.0,0.0,0.0,0.0,0.0,2.0,0,6,6
78842,4,2,3,2,3,3,0,2,0,1,2,33,2,2,0.0,0.0,0.0,0.0,0.0,1.0,9,5,6
185160,4,2,1,9,15,3,0,1,0,1,0,18,2,3,1.0,0.0,0.0,1.0,0.0,1.0,17,2,12
112156,4,2,3,0,8,3,0,1,0,1,2,18,2,2,0.0,0.0,0.0,0.0,0.0,3.0,16,1,8
66,4,2,1,10,8,3,0,1,1,1,2,36,3,2,0.0,0.0,0.0,0.0,0.0,3.0,17,2,1
122193,16,2,3,17,2,3,0,1,1,1,2,36,2,2,0.0,0.0,0.0,0.0,0.0,2.0,12,3,9
4256,15,10,1,0,6,3,4,1,0,1,2,5,2,2,0.0,0.0,0.0,0.0,0.0,2.0,15,3,1
141926,16,7,3,17,8,3,6,1,1,1,1,39,2,2,0.0,0.0,0.0,0.0,0.0,2.0,15,6,10
67755,15,7,3,0,8,3,6,5,0,1,2,36,2,2,0.0,0.0,0.0,0.0,0.0,2.0,7,6,5
52254,15,7,3,0,6,3,6,1,1,1,1,5,2,2,0.0,0.0,0.0,0.0,0.0,5.0,18,5,4
175909,10,2,0,10,6,3,0,5,0,1,2,17,2,2,0.0,0.0,0.0,0.0,0.0,2.0,17,7,12
53334,16,7,3,17,6,3,6,1,0,1,2,36,2,4,1.0,0.0,0.0,0.0,1.0,1.0,6,3,4
29247,12,2,1,0,8,3,0,1,0,1,2,36,2,2,0.0,0.0,0.0,0.0,0.0,4.0,2,1,3
131202,16,2,3,17,8,3,0,1,1,1,1,36,2,2,0.0,0.0,0.0,0.0,0.0,2.0,9,5,9
98136,17,2,5,15,8,3,5,5,1,1,1,26,2,2,0.0,0.0,0.0,0.0,0.0,5.0,22,7,7
107349,16,2,3,17,8,3,0,1,1,1,0,18,2,2,0.0,0.0,0.0,0.0,0.0,2.0,18,4,8
67711,16,2,3,10,8,3,0,1,1,1,0,36,2,2,0.0,0.0,0.0,0.0,0.0,2.0,11,5,5
34498,16,2,1,15,8,3,0,1,1,1,1,22,2,2,0.0,0.0,0.0,0.0,0.0,2.0,11,5,3
74871,16,2,3,10,2,3,0,1,1,1,1,36,2,2,0.0,0.0,0.0,0.0,0.0,2.0,9,3,6
55959,4,2,3,15,2,3,0,1,0,1,2,36,2,2,0.0,0.0,0.0,0.0,0.0,2.0,15,3,4
46822,15,2,3,10,8,3,0,2,1,1,1,36,2,2,0.0,0.0,0.0,0.0,0.0,2.0,7,5,4
150449,16,2,4,0,8,3,0,1,1,1,1,36,2,2,0.0,0.0,0.0,0.0,0.0,2.0,15,3,10
8934,16,2,1,10,6,3,0,5,1,1,0,36,2,2,0.0,0.0,0.0,0.0,0.0,2.0,18,3,1
869,16,2,1,17,2,3,6,5,1,1,2,18,2,2,0.0,0.0,0.0,0.0,0.0,2.0,19,2,1
148846,16,3,3,17,6,3,0,1,1,1,2,18,2,2,0.0,0.0,0.0,0.0,0.0,2.0,17,3,10
19943,15,2,1,0,16,3,0,1,0,1,2,18,2,4,1.0,0.0,0.0,0.0,1.0,2.0,17,6,2
6649,16,2,3,15,8,3,0,1,1,1,1,23,2,2,0.0,0.0,0.0,0.0,0.0,2.0,14,3,1
179519,16,2,1,17,2,3,4,1,1,1,2,24,2,2,0.0,0.0,0.0,0.0,0.0,2.0,4,5,12
42800,15,2,3,0,8,3,0,1,0,1,2,5,2,2,0.0,0.0,0.0,0.0,0.0,2.0,9,2,4
72352,15,2,0,14,8,3,0,1,1,1,2,36,2,2,0.0,0.0,0.0,0.0,0.0,2.0,23,6,6
168216,16,2,1,0,2,4,0,1,0,1,2,6,2,2,0.0,0.0,0.0,0.0,0.0,3.0,2,6,11
145520,15,2,3,17,6,3,0,1,1,1,2,18,2,2,0.0,0.0,0.0,0.0,0.0,3.0,9,5,10
150895,16,2,1,17,1,3,0,1,1,1,2,17,2,2,0.0,0.0,0.0,0.0,0.0,2.0,19,4,10
38557,4,2,3,0,10,3,0,1,0,0,2,18,2,2,0.0,0.0,0.0,0.0,0.0,2.0,14,7,3
32511,16,2,1,10,8,3,0,1,1,1,2,8,2,2,0.0,0.0,0.0,0.0,0.0,2.0,18,7,3
103549,16,2,3,10,6,3,0,1,0,1,2,38,2,2,0.0,0.0,0.0,0.0,0.0,3.0,18,4,7
157141,15,2,3,0,2,3,0,1,0,1,2,5,2,2,0.0,0.0,0.0,0.0,0.0,7.0,15,4,11
19168,16,2,3,9,3,3,0,5,0,1,2,18,2,4,1.0,0.0,0.0,0.0,1.0,1.0,14,6,2
92393,16,7,1,10,6,3,6,5,1,1,2,9,2,2,0.0,0.0,0.0,0.0,0.0,2.0,21,3,7
48426,16,2,3,0,6,3,0,1,0,1,2,36,2,4,1.0,0.0,0.0,0.0,1.0,1.0,7,6,4
143033,16,2,1,2,6,3,0,1,0,1,2,36,1,0,1.0,1.0,0.0,0.0,0.0,0.0,3,7,10
149339,15,2,3,10,3,3,0,1,1,1,2,17,2,2,0.0,0.0,0.0,0.0,0.0,2.0,7,2,10
54636,16,2,1,17,2,3,0,1,0,1,2,6,2,2,0.0,0.0,0.0,0.0,0.0,2.0,22,7,4
29968,16,2,3,0,6,3,6,1,0,1,2,13,3,1,1.0,0.0,1.0,0.0,0.0,8.0,21,7,3
169665,4,2,3,15,8,3,0,1,1,1,0,38,2,2,0.0,0.0,0.0,0.0,0.0,2.0,10,1,11
38074,16,2,1,10,8,3,0,1,1,1,2,36,2,2,0.0,0.0,0.0,0.0,0.0,2.0,20,5,3
40339,4,2,1,17,8,3,0,1,0,1,2,17,2,1,2.0,0.0,1.0,1.0,0.0,1.0,1,7,3
79434,16,2,3,9,2,3,0,1,0,1,0,18,2,3,1.0,0.0,0.0,1.0,0.0,1.0,10,6,6
114089,16,7,3,17,8,3,6,1,1,1,2,39,2,2,0.0,0.0,0.0,0.0,0.0,3.0,13,2,8
136730,15,2,3,17,8,3,0,5,1,1,1,18,2,2,0.0,0.0,0.0,0.0,0.0,3.0,17,3,9
91548,4,2,3,17,8,3,0,1,0,1,2,18,2,2,0.0,0.0,0.0,0.0,0.0,4.0,17,2,7
93661,4,7,1,7,8,3,6,1,1,1,1,23,2,2,0.0,0.0,0.0,0.0,0.0,1.0,2,1,7
81852,15,2,1,0,6,3,0,1,0,1,2,5,3,2,0.0,0.0,0.0,0.0,0.0,2.0,0,7,6
176075,16,2,1,0,8,3,0,1,0,1,2,23,2,2,0.0,0.0,0.0,0.0,0.0,2.0,1,7,12
128726,15,2,3,8,6,3,0,1,0,1,1,36,2,1,1.0,0.0,1.0,0.0,0.0,1.0,8,5,9
92702,16,2,3,17,8,3,0,1,1,1,2,24,2,2,0.0,0.0,0.0,0.0,0.0,2.0,19,7,7
19231,4,2,1,10,11,3,0,1,1,1,0,36,2,2,0.0,0.0,0.0,0.0,0.0,2.0,18,4,2
23124,16,2,3,15,3,3,4,5,1,1,1,18,2,2,0.0,0.0,0.0,0.0,0.0,3.0,11,1,2
152994,4,7,1,15,2,3,6,1,0,0,1,22,2,2,0.0,0.0,0.0,0.0,0.0,2.0,0,1,10
20456,4,2,1,0,6,3,6,1,1,1,2,28,2,2,0.0,0.0,0.0,0.0,0.0,3.0,0,7,2
168982,4,2,1,7,8,3,5,6,0,0,2,12,3,2,0.0,0.0,0.0,0.0,0.0,1.0,3,5,11
52453,16,2,3,2,5,3,0,1,1,1,2,36,2,2,0.0,0.0,0.0,0.0,0.0,1.0,9,1,4
178127,16,2,3,0,6,3,0,1,1,1,2,36,2,2,0.0,0.0,0.0,0.0,0.0,2.0,12,1,12
65397,16,2,3,10,8,3,0,1,1,1,0,19,2,2,0.0,0.0,0.0,0.0,0.0,2.0,6,5,5
166937,16,2,0,9,6,3,6,1,0,1,2,36,2,1,1.0,0.0,1.0,0.0,0.0,1.0,17,4,11
63967,16,2,3,17,6,3,0,1,0,1,2,6,2,2,0.0,0.0,0.0,0.0,0.0,3.0,18,3,5
164067,16,2,3,10,8,3,0,1,0,1,2,19,2,2,0.0,0.0,0.0,0.0,0.0,2.0,14,4,11
121709,16,7,3,17,8,3,6,1,1,1,1,6,2,2,0.0,0.0,0.0,0.0,0.0,4.0,15,2,9
132391,4,2,3,8,8,3,0,1,0,1,2,24,2,1,1.0,0.0,1.0,0.0,0.0,1.0,9,7,9
3017,16,7,3,9,2,3,6,1,0,1,0,18,2,3,1.0,0.0,0.0,1.0,0.0,1.0,14,2,1
36174,16,2,0,10,6,3,0,1,1,1,1,36,2,2,0.0,0.0,0.0,0.0,0.0,2.0,22,6,3
113382,16,2,1,0,6,3,0,1,1,1,2,18,2,2,0.0,0.0,0.0,0.0,0.0,2.0,22,5,8
181360,16,2,3,2,3,3,0,1,1,1,2,14,2,2,0.0,0.0,0.0,0.0,0.0,2.0,11,1,12
10882,16,2,1,2,15,3,6,5,1,0,1,17,1,2,0.0,0.0,0.0,0.0,0.0,1.0,2,1,1
9635,16,2,3,10,8,3,0,1,0,1,2,28,3,2,0.0,0.0,0.0,0.0,0.0,2.0,9,7,1
67074,16,7,3,15,2,3,6,1,1,1,2,22,2,2,0.0,0.0,0.0,0.0,0.0,2.0,15,3,5
86568,6,2,3,15,6,3,0,1,1,1,2,4,2,2,0.0,0.0,0.0,0.0,0.0,2.0,7,3,6
62664,4,7,3,10,2,3,6,4,0,1,2,28,2,3,1.0,0.0,0.0,1.0,0.0,1.0,18,2,5
127990,16,2,3,17,15,3,0,1,0,1,2,18,2,2,0.0,0.0,0.0,0.0,0.0,2.0,14,2,9
31724,16,2,3,17,6,3,0,1,0,1,2,36,2,2,0.0,0.0,0.0,0.0,0.0,3.0,8,3,3
185246,15,10,3,0,11,3,4,1,1,1,2,18,2,2,0.0,0.0,0.0,0.0,0.0,2.0,13,1,12
99595,16,7,1,0,18,3,6,1,0,1,2,6,2,3,2.0,0.0,0.0,1.0,1.0,1.0,2,1,7
152346,4,2,3,0,11,3,0,1,1,1,2,18,2,2,0.0,0.0,0.0,0.0,0.0,2.0,13,7,10