crash_date,               traffic_control_device,weather_condition,lighting_condition,first_crash_type,trafficway_type,alignment,roadway_surface_cond,road_defect,crash_type,intersection_related_i,damage,prim_contributory_cause,num_units,most_severe_injury,injuries_total,injuries_fatal,injuries_incapacitating,injuries_non_incapacitating,injuries_reported_not_evident,injuries_no_indication,crash_hour,crash_day_of_week,crash_month
115089,16,2,3,10,8,3,0,1,1,1,2,36,4,2,0.0,0.0,0.0,0.0,0.0,9.0,17,2,8
85752,4,2,3,0,8,3,0,1,0,1,2,18,2,3,1.0,0.0,0.0,1.0,0.0,3.0,14,3,6
40226,15,3,3,10,2,3,6,1,1,1,1,36,2,2,0.0,0.0,0.0,0.0,0.0,2.0,12,3,3
170056,16,11,3,17,6,3,5,5,1,1,2,36,2,2,0.0,0.0,0.0,0.0,0.0,2.0,16,3,11
10221,4,2,3,9,3,3,0,1,0,1,1,18,2,1,1.0,0.0,1.0,0.0,0.0,1.0,7,3,1
26110,4,2,3,10,8,3,0,5,1,1,2,19,2,2,0.0,0.0,0.0,0.0,0.0,2.0,13,7,2
141512,15,7,3,0,6,3,6,1,0,1,2,18,2,1,1.0,0.0,1.0,0.0,0.0,3.0,15,7,10
53627,16,2,3,17,6,3,0,1,0,1,2,17,2,3,3.0,0.0,0.0,3.0,0.0,0.0,8,6,4
51673,16,2,3,10,8,3,0,1,1,1,1,19,2,2,0.0,0.0,0.0,0.0,0.0,2.0,10,7,4
86651,16,2,1,0,6,3,0,1,0,1,2,3,2,3,1.0,0.0,0.0,1.0,0.0,1.0,2,6,6
133471,4,2,3,10,6,3,0,1,1,1,1,36,2,2,0.0,0.0,0.0,0.0,0.0,2.0,8,7,9
171958,16,2,4,10,6,3,0,1,0,1,1,17,2,4,1.0,0.0,0.0,0.0,1.0,3.0,14,4,11
30727,15,2,3,3,7,3,0,1,1,1,2,5,2,2,0.0,0.0,0.0,0.0,0.0,2.0,10,6,3
137918,4,2,3,3,8,3,0,1,0,1,2,9,3,4,2.0,0.0,0.0,0.0,2.0,0.0,8,6,10
32735,15,10,1,0,8,3,6,1,0,1,2,18,2,3,2.0,0.0,0.0,2.0,0.0,2.0,18,5,3
175115,16,2,3,17,1,3,0,1,1,1,1,23,2,2,0.0,0.0,0.0,0.0,0.0,2.0,10,6,12
55432,4,2,1,5,10,3,0,5,0,0,2,17,1,3,1.0,0.0,0.0,1.0,0.0,0.0,0,7,4
104084,16,2,3,9,3,3,0,5,0,1,2,9,2,3,1.0,0.0,0.0,1.0,0.0,1.0,15,5,8
130834,16,2,3,8,8,3,0,1,0,1,1,26,2,4,1.0,0.0,0.0,0.0,1.0,1.0,7,5,9
108883,16,2,3,17,2,2,0,1,1,1,2,12,2,2,0.0,0.0,0.0,0.0,0.0,2.0,17,7,8
181156,15,11,5,12,8,3,5,5,1,1,1,36,2,2,0.0,0.0,0.0,0.0,0.0,2.0,1,7,12
135956,15,2,3,0,2,3,0,1,0,1,2,18,2,1,1.0,0.0,1.0,0.0,0.0,2.0,9,5,9
53193,16,2,3,17,8,3,0,1,0,1,2,18,2,3,1.0,0.0,0.0,1.0,0.0,3.0,15,1,4
3508,15,2,1,17,2,3,0,1,0,1,2,18,2,2,0.0,0.0,0.0,0.0,0.0,2.0,17,3,1
60216,16,2,3,17,6,3,6,1,0,1,2,36,2,2,0.0,0.0,0.0,0.0,0.0,4.0,16,7,5
121582,16,2,1,2,6,3,0,1,0,1,2,37,1,2,0.0,0.0,0.0,0.0,0.0,1.0,3,2,9
105551,16,2,4,8,3,3,0,5,1,1,2,18,2,2,0.0,0.0,0.0,0.0,0.0,3.0,19,7,8
138735,15,2,0,2,2,3,0,1,0,1,2,5,1,2,0.0,0.0,0.0,0.0,0.0,2.0,3,7,10
164820,15,2,3,0,8,3,0,1,0,1,2,18,3,2,0.0,0.0,0.0,0.0,0.0,2.0,9,6,11
179779,16,2,3,0,8,3,0,1,0,1,2,36,2,3,1.0,0.0,0.0,1.0,0.0,2.0,15,3,12
86093,15,2,1,0,6,3,0,1,0,1,2,18,3,2,0.0,0.0,0.0,0.0,0.0,3.0,0,2,6
30985,15,11,3,10,2,3,5,5,0,1,1,8,2,4,1.0,0.0,0.0,0.0,1.0,2.0,13,3,3
40238,16,2,3,15,2,3,0,5,1,1,1,23,2,2,0.0,0.0,0.0,0.0,0.0,4.0,15,4,3
178519,16,7,3,17,6,3,6,1,1,1,2,35,2,2,0.0,0.0,0.0,0.0,0.0,2.0,14,7,12
152685,16,7,1,10,8,3,6,1,1,1,2,17,3,2,0.0,0.0,0.0,0.0,0.0,4.0,22,5,10
149425,15,7,1,2,3,3,6,1,0,1,2,36,1,2,0.0,0.0,0.0,0.0,0.0,1.0,22,4,10
97340,4,7,5,0,2,3,6,1,0,1,2,17,2,3,1.0,0.0,0.0,1.0,0.0,1.0,7,1,7
125682,15,2,3,0,6,3,0,1,0,1,2,5,2,4,4.0,0.0,0.0,0.0,4.0,0.0,14,5,9
59299,16,2,3,15,8,3,5,5,1,1,2,36,2,2,0.0,0.0,0.0,0.0,0.0,2.0,15,7,5
18030,16,2,3,0,6,3,0,1,0,1,2,6,2,1,19.0,0.0,1.0,18.0,0.0,10.0,9,6,2
56846,15,2,3,17,15,3,0,1,1,1,2,18,2,2,0.0,0.0,0.0,0.0,0.0,2.0,17,3,5
95962,17,2,3,10,17,3,0,5,1,1,2,36,2,2,0.0,0.0,0.0,0.0,0.0,2.0,16,3,7
47,16,2,1,0,8,3,0,1,1,1,2,6,2,2,0.0,0.0,0.0,0.0,0.0,2.0,2,2,1
38186,15,10,3,17,8,3,6,1,1,1,2,18,2,2,0.0,0.0,0.0,0.0,0.0,2.0,17,1,3
152326,15,3,3,0,8,3,0,1,1,1,1,5,2,2,0.0,0.0,0.0,0.0,0.0,2.0,9,6,10
73279,16,2,3,10,6,3,0,1,1,1,2,9,2,2,0.0,0.0,0.0,0.0,0.0,4.0,12,7,6
84046,16,2,3,15,2,3,0,1,1,1,1,36,2,2,0.0,0.0,0.0,0.0,0.0,3.0,11,5,6
104141,16,2,3,9,3,3,0,1,0,1,0,18,2,4,1.0,0.0,0.0,0.0,1.0,3.0,12,5,8
29310,8,2,1,10,8,3,0,1,0,1,1,12,2,2,0.0,0.0,0.0,0.0,0.0,2.0,17,3,3
86078,16,2,3,17,5,3,0,1,0,1,2,36,2,2,0.0,0.0,0.0,0.0,0.0,4.0,9,2,6
102565,15,2,3,7,10,3,0,1,1,1,2,24,2,2,0.0,0.0,0.0,0.0,0.0,1.0,9,4,7
39058,16,2,3,10,3,3,0,5,1,1,1,36,2,2,0.0,0.0,0.0,0.0,0.0,2.0,10,3,3
185288,16,10,3,10,8,3,4,1,1,1,1,36,2,2,0.0,0.0,0.0,0.0,0.0,2.0,10,1,12
144112,15,2,3,17,8,3,0,1,1,0,2,18,2,2,0.0,0.0,0.0,0.0,0.0,3.0,14,6,10
26393,16,2,3,17,1,2,6,1,1,1,2,36,2,2,0.0,0.0,0.0,0.0,0.0,2.0,11,3,2
19690,15,3,3,0,8,3,0,1,1,1,2,18,2,2,0.0,0.0,0.0,0.0,0.0,2.0,11,7,2
83485,10,2,3,9,8,3,0,1,0,1,0,28,2,3,1.0,0.0,0.0,1.0,0.0,1.0,17,4,6
132242,16,2,3,0,15,3,0,1,0,1,2,3,2,3,1.0,0.0,0.0,1.0,0.0,1.0,6,4,9
19355,16,7,1,0,2,3,6,1,0,1,2,6,2,4,1.0,0.0,0.0,0.0,1.0,1.0,20,1,2
40175,16,2,3,15,8,3,0,5,1,1,2,18,2,2,0.0,0.0,0.0,0.0,0.0,2.0,14,3,3
181303,15,2,3,0,11,3,0,4,1,0,2,5,2,2,0.0,0.0,0.0,0.0,0.0,2.0,16,7,12
133061,4,2,3,10,8,3,0,1,1,1,1,36,2,2,0.0,0.0,0.0,0.0,0.0,3.0,18,7,9
24411,15,2,3,17,6,3,0,1,0,1,2,36,2,3,1.0,0.0,0.0,1.0,0.0,1.0,10,3,2
1974,16,2,3,10,8,3,0,1,1,1,0,19,2,2,0.0,0.0,0.0,0.0,0.0,2.0,7,5,1
140392,4,2,1,17,8,3,0,1,0,1,2,18,2,3,4.0,0.0,0.0,4.0,0.0,3.0,19,7,10
63235,15,2,3,0,8,3,0,1,0,1,2,18,2,2,0.0,0.0,0.0,0.0,0.0,3.0,16,4,5
125476,16,3,2,10,8,3,0,1,0,1,2,19,2,2,0.0,0.0,0.0,0.0,0.0,2.0,6,7,9
45300,4,7,3,10,8,3,6,5,1,1,2,36,2,2,0.0,0.0,0.0,0.0,0.0,2.0,15,1,4
129199,16,2,3,17,8,3,0,1,1,1,1,22,2,2,0.0,0.0,0.0,0.0,0.0,2.0,13,5,9
117761,16,2,3,0,8,3,0,1,0,1,1,6,2,1,3.0,0.0,3.0,0.0,0.0,2.0,17,1,8
69844,16,2,3,0,6,3,0,1,0,1,2,6,2,3,2.0,0.0,0.0,1.0,1.0,2.0,17,5,5
155524,16,7,3,17,8,3,6,1,1,1,2,23,2,2,0.0,0.0,0.0,0.0,0.0,2.0,11,2,10
68213,16,2,3,17,11,3,0,1,1,1,2,36,2,2,0.0,0.0,0.0,0.0,0.0,2.0,7,6,5
124444,16,2,3,10,2,3,0,1,1,1,0,17,2,2,0.0,0.0,0.0,0.0,0.0,2.0,9,6,9
56023,16,11,3,0,2,3,6,1,1,1,2,6,2,2,0.0,0.0,0.0,0.0,0.0,2.0,10,1,5
126451,16,7,3,0,6,3,6,1,0,1,2,6,2,3,2.0,0.0,0.0,2.0,0.0,3.0,15,2,9
179399,4,2,4,17,8,3,0,1,1,1,1,36,2,2,0.0,0.0,0.0,0.0,0.0,2.0,17,6,12
84567,15,2,1,8,6,3,0,1,0,1,2,18,2,1,1.0,0.0,1.0,0.0,0.0,1.0,2,7,6
95741,16,2,1,15,15,3,0,1,0,1,2,28,6,1,2.0,0.0,1.0,1.0,0.0,3.0,22,5,7
34988,4,2,1,17,8,3,0,1,0,1,2,24,2,2,0.0,0.0,0.0,0.0,0.0,3.0,21,6,3
165323,16,2,4,10,11,3,6,1,1,1,2,36,2,2,0.0,0.0,0.0,0.0,0.0,3.0,16,6,11
180051,16,7,1,15,2,3,6,1,1,1,2,36,2,2,0.0,0.0,0.0,0.0,0.0,3.0,21,7,12
67317,15,7,1,11,10,3,0,5,1,1,0,21,2,2,0.0,0.0,0.0,0.0,0.0,3.0,22,7,5
176800,16,2,1,15,8,3,5,5,1,1,1,36,3,2,0.0,0.0,0.0,0.0,0.0,3.0,0,4,12
19660,16,2,4,15,8,3,0,1,1,1,2,36,2,2,0.0,0.0,0.0,0.0,0.0,2.0,17,5,2
133766,16,2,3,10,8,3,0,1,1,1,1,36,2,2,0.0,0.0,0.0,0.0,0.0,2.0,8,3,9
120222,4,2,3,14,8,3,0,5,0,1,2,11,2,2,0.0,0.0,0.0,0.0,0.0,2.0,16,3,8
134724,15,2,3,10,6,3,0,1,1,1,2,18,2,2,0.0,0.0,0.0,0.0,0.0,2.0,18,4,9
48757,15,2,3,2,6,3,0,1,0,1,2,18,1,3,1.0,0.0,0.0,1.0,0.0,1.0,16,5,4
137106,17,2,3,17,8,3,0,5,1,1,1,18,2,2,0.0,0.0,0.0,0.0,0.0,3.0,8,7,9
112281,15,2,3,8,15,3,0,1,0,1,2,5,2,3,1.0,0.0,0.0,1.0,0.0,1.0,18,3,8
135851,16,2,3,3,2,3,0,1,1,1,0,36,2,2,0.0,0.0,0.0,0.0,0.0,3.0,11,6,9
81798,15,2,3,0,8,3,0,1,1,1,1,36,2,2,0.0,0.0,0.0,0.0,0.0,2.0,6,7,6
76532,16,2,3,8,2,3,0,1,0,1,2,38,2,3,1.0,0.0,0.0,1.0,0.0,1.0,14,6,6
17438,16,2,1,17,2,3,6,5,1,1,2,24,2,2,0.0,0.0,0.0,0.0,0.0,3.0,17,4,2
42705,16,7,1,9,2,3,6,1,0,1,2,18,2,3,1.0,0.0,0.0,1.0,0.0,1.0,21,2,4
109708,16,7,3,10,8,3,6,1,1,1,2,19,2,2,0.0,0.0,0.0,0.0,0.0,2.0,10,6,8
173103,16,2,0,17,8,3,6,5,1,1,2,36,2,2,0.0,0.0,0.0,0.0,0.0,3.0,1,7,12
7917,16,7,3,10,8,3,6,1,1,1,1,19,2,2,0.0,0.0,0.0,0.0,0.0,2.0,15,2,1
138104,4,2,3,0,6,3,0,1,0,1,2,18,2,2,0.0,0.0,0.0,0.0,0.0,2.0,17,3,10
128640,4,2,3,17,15,3,0,1,0,1,2,38,2,4,1.0,0.0,0.0,0.0,1.0,1.0,18,4,9
45663,16,7,1,10,1,3,6,1,1,1,2,17,2,2,0.0,0.0,0.0,0.0,0.0,3.0,21,6,4
10229,16,2,1,17,2,3,0,1,0,1,2,24,2,2,0.0,0.0,0.0,0.0,0.0,4.0,20,3,1
176193,16,2,1,10,8,3,0,1,0,1,2,19,3,3,3.0,0.0,0.0,3.0,0.0,1.0,17,3,12
184919,15,2,5,0,6,3,0,5,1,1,2,5,2,2,0.0,0.0,0.0,0.0,0.0,2.0,2,4,12
117118,16,2,3,15,2,3,0,1,1,1,2,23,2,2,0.0,0.0,0.0,0.0,0.0,2.0,9,6,8
164489,4,2,1,10,8,3,0,1,1,1,2,17,2,2,0.0,0.0,0.0,0.0,0.0,4.0,16,3,11
93765,16,2,1,10,6,3,0,1,1,1,2,17,2,2,0.0,0.0,0.0,0.0,0.0,2.0,1,3,7
150398,16,2,1,17,2,3,0,1,0,1,2,24,2,2,0.0,0.0,0.0,0.0,0.0,2.0,19,2,10
159252,16,2,1,10,2,3,0,2,0,1,1,19,2,3,2.0,0.0,0.0,2.0,0.0,0.0,21,3,11
59172,16,2,3,10,8,3,0,1,1,1,2,19,3,2,0.0,0.0,0.0,0.0,0.0,3.0,17,5,5
173401,16,2,1,2,3,3,0,1,0,1,1,37,1,2,0.0,0.0,0.0,0.0,0.0,2.0,19,3,12
15162,16,2,3,9,11,3,6,1,0,1,1,18,2,1,1.0,0.0,1.0,0.0,0.0,1.0,13,6,2
68714,16,2,3,10,2,3,0,1,1,0,1,19,2,2,0.0,0.0,0.0,0.0,0.0,2.0,9,7,5
78684,4,2,3,17,8,3,0,5,1,1,1,24,2,2,0.0,0.0,0.0,0.0,0.0,2.0,16,5,6
19361,15,3,3,17,8,3,0,1,1,1,1,22,2,2,0.0,0.0,0.0,0.0,0.0,2.0,10,1,2
106431,15,2,3,0,6,3,0,1,0,1,2,36,2,2,0.0,0.0,0.0,0.0,0.0,2.0,18,5,8
9848,15,2,3,0,6,3,0,1,0,1,2,36,2,2,0.0,0.0,0.0,0.0,0.0,2.0,15,5,1
185414,16,2,3,17,6,3,6,1,0,1,2,12,2,2,0.0,0.0,0.0,0.0,0.0,2.0,13,5,12
147544,16,2,3,10,8,3,0,1,0,1,2,17,2,3,1.0,0.0,0.0,1.0,0.0,1.0,16,5,10
151359,16,2,1,0,6,3,0,1,0,1,2,6,2,1,1.0,0.0,1.0,0.0,0.0,4.0,20,2,10
166382,16,2,1,0,6,3,0,1,0,1,2,6,2,2,0.0,0.0,0.0,0.0,0.0,4.0,21,1,11
57825,16,2,3,0,6,3,0,1,0,1,2,13,3,2,0.0,0.0,0.0,0.0,0.0,3.0,7,5,5
108793,15,2,3,0,8,3,0,1,0,1,2,18,2,3,2.0,0.0,0.0,2.0,0.0,1.0,15,6,8
20216,16,7,3,17,10,3,6,5,1,1,0,38,2,2,0.0,0.0,0.0,0.0,0.0,2.0,14,3,2
38668,16,7,1,9,8,3,6,5,0,1,0,36,2,1,1.0,0.0,1.0,0.0,0.0,1.0,19,3,3
20614,4,2,1,17,2,3,0,1,0,1,2,18,2,3,1.0,0.0,0.0,1.0,0.0,1.0,18,3,2
158226,4,2,1,15,8,3,0,1,0,1,2,36,2,2,0.0,0.0,0.0,0.0,0.0,2.0,18,3,11
64728,16,7,3,3,2,3,6,1,0,1,2,6,2,3,1.0,0.0,0.0,1.0,0.0,1.0,19,7,5
122494,16,2,0,17,8,3,0,1,1,1,1,24,2,2,0.0,0.0,0.0,0.0,0.0,2.0,0,6,9
127005,16,2,1,17,6,3,2,2,1,1,2,24,2,2,0.0,0.0,0.0,0.0,0.0,2.0,20,2,9
73897,16,2,3,15,8,3,0,1,1,1,2,23,3,2,0.0,0.0,0.0,0.0,0.0,4.0,7,2,6
11876,15,5,3,0,6,3,1,1,0,1,2,5,2,3,2.0,0.0,0.0,2.0,0.0,1.0,8,4,1
83527,16,2,3,15,18,3,0,5,0,1,2,23,2,3,1.0,0.0,0.0,1.0,0.0,1.0,15,5,6
157199,4,2,3,15,9,3,0,1,1,1,0,36,2,2,0.0,0.0,0.0,0.0,0.0,3.0,12,4,11
96498,16,2,1,10,2,3,0,1,1,1,2,19,2,2,0.0,0.0,0.0,0.0,0.0,2.0,23,2,7
115922,15,2,3,0,1,3,0,1,0,1,2,18,2,2,0.0,0.0,0.0,0.0,0.0,2.0,14,3,8
169106,17,2,1,17,6,3,0,1,1,1,2,36,2,2,0.0,0.0,0.0,0.0,0.0,3.0,0,1,11
31629,15,2,1,7,8,3,0,1,1,0,2,23,3,2,0.0,0.0,0.0,0.0,0.0,2.0,22,1,3
17763,15,2,1,0,8,3,0,1,0,1,2,18,2,2,0.0,0.0,0.0,0.0,0.0,2.0,5,3,2
146270,15,7,3,0,6,3,6,1,1,1,2,18,2,2,0.0,0.0,0.0,0.0,0.0,2.0,16,3,10
104741,15,2,1,0,8,3,0,1,0,1,2,17,2,3,2.0,0.0,0.0,2.0,0.0,0.0,0,6,8
111261,4,3,3,17,8,3,0,1,0,1,2,18,2,3,1.0,0.0,0.0,1.0,0.0,1.0,7,1,8
25979,15,10,3,0,6,3,4,5,1,1,2,39,2,2,0.0,0.0,0.0,0.0,0.0,2.0,16,5,2
161315,16,2,1,0,6,3,0,1,0,1,2,36,3,1,1.0,0.0,1.0,0.0,0.0,2.0,20,1,11
165705,16,5,0,0,8,3,4,1,0,1,2,11,2,3,1.0,0.0,0.0,1.0,0.0,1.0,5,6,11
58056,4,2,1,11,2,3,5,5,1,1,2,36,2,2,0.0,0.0,0.0,0.0,0.0,2.0,1,1,5
156867,16,2,3,0,6,3,0,1,0,1,2,18,2,2,0.0,0.0,0.0,0.0,0.0,4.0,11,7,11
153831,16,2,3,8,11,3,0,5,0,1,2,36,2,1,1.0,0.0,1.0,0.0,0.0,1.0,15,2,10
138336,4,7,3,10,2,3,6,1,1,1,2,17,2,2,0.0,0.0,0.0,0.0,0.0,2.0,7,4,10
174829,16,2,3,0,6,3,0,1,0,1,2,12,2,4,1.0,0.0,0.0,0.0,1.0,1.0,15,5,12
172251,16,2,1,0,8,3,0,1,0,1,2,13,2,2,0.0,0.0,0.0,0.0,0.0,2.0,2,7,12
14629,16,2,3,10,2,3,0,1,1,1,0,36,2,2,0.0,0.0,0.0,0.0,0.0,2.0,11,3,1
73792,15,2,3,0,6,3,0,1,0,1,2,18,2,2,0.0,0.0,0.0,0.0,0.0,5.0,13,3,6
104837,4,2,1,14,8,3,0,1,0,0,2,36,3,2,0.0,0.0,0.0,0.0,0.0,2.0,19,2,8
147529,16,2,3,15,2,3,0,1,1,1,0,36,2,2,0.0,0.0,0.0,0.0,0.0,2.0,14,5,10
127848,15,2,3,10,8,3,0,1,1,1,2,19,2,2,0.0,0.0,0.0,0.0,0.0,2.0,16,6,9
176030,4,2,3,15,8,3,0,1,1,1,0,23,2,2,0.0,0.0,0.0,0.0,0.0,2.0,7,6,12
103264,15,2,1,17,8,3,0,1,1,1,2,18,2,2,0.0,0.0,0.0,0.0,0.0,2.0,23,7,7
14642,16,2,3,10,11,2,0,5,1,1,1,36,2,2,0.0,0.0,0.0,0.0,0.0,2.0,15,4,1
147029,4,2,3,0,2,3,0,1,1,1,2,36,2,2,0.0,0.0,0.0,0.0,0.0,5.0,8,4,10
143497,4,2,3,17,8,3,0,1,1,1,1,12,2,2,0.0,0.0,0.0,0.0,0.0,5.0,7,5,10
129187,16,2,3,10,2,3,0,1,1,1,2,36,2,2,0.0,0.0,0.0,0.0,0.0,3.0,11,4,9
86926,16,2,3,15,3,3,0,1,1,1,1,22,2,2,0.0,0.0,0.0,0.0,0.0,2.0,16,2,6
155085,16,7,3,10,2,3,6,1,0,1,1,19,2,4,1.0,0.0,0.0,0.0,1.0,2.0,10,7,10
158129,16,2,3,10,8,3,0,1,1,1,0,19,2,2,0.0,0.0,0.0,0.0,0.0,2.0,16,2,11
110895,16,2,3,17,8,3,0,1,0,1,2,23,2,3,1.0,0.0,0.0,1.0,0.0,1.0,15,2,8
21716,16,2,3,15,8,3,0,1,1,1,2,24,2,2,0.0,0.0,0.0,0.0,0.0,2.0,16,6,2
149810,16,7,1,0,8,3,6,1,1,1,2,18,2,2,0.0,0.0,0.0,0.0,0.0,3.0,21,1,10
58159,16,7,3,10,2,3,6,1,0,1,2,39,4,3,2.0,0.0,0.0,2.0,0.0,3.0,10,3,5
181543,16,2,1,17,2,3,6,1,0,1,2,18,2,4,1.0,0.0,0.0,0.0,1.0,2.0,18,5,12
105975,15,2,3,0,6,3,0,1,0,1,2,36,2,3,2.0,0.0,0.0,1.0,1.0,1.0,7,5,8
178939,16,11,1,17,8,3,5,5,1,1,2,14,2,2,0.0,0.0,0.0,0.0,0.0,2.0,6,4,12
65409,16,2,1,9,10,3,0,1,0,1,2,21,2,3,1.0,0.0,0.0,1.0,0.0,3.0,20,5,5
95930,16,2,3,15,10,3,0,5,1,1,2,12,2,2,0.0,0.0,0.0,0.0,0.0,3.0,10,1,7
127545,16,2,1,10,8,3,0,1,0,1,0,17,2,4,2.0,0.0,0.0,0.0,2.0,1.0,0,2,9
1745,16,2,1,0,6,3,0,1,0,1,2,36,2,4,1.0,0.0,0.0,0.0,1.0,1.0,18,3,1
117997,16,2,3,0,2,3,0,1,1,1,2,38,2,2,0.0,0.0,0.0,0.0,0.0,2.0,17,6,8
141427,16,2,3,15,8,3,0,1,0,1,1,36,2,2,0.0,0.0,0.0,0.0,0.0,2.0,15,6,10
187837,15,2,1,17,6,3,6,1,0,1,2,18,2,2,0.0,0.0,0.0,0.0,0.0,2.0,19,4,12
111837,4,7,2,17,8,3,6,1,0,1,2,19,2,2,0.0,0.0,0.0,0.0,0.0,2.0,7,3,8
41032,4,2,3,9,8,3,0,1,1,0,2,36,2,2,0.0,0.0,0.0,0.0,0.0,2.0,17,5,3
128564,16,2,3,10,15,3,0,5,1,1,2,36,2,2,0.0,0.0,0.0,0.0,0.0,2.0,15,3,9
155092,16,2,3,15,11,3,0,1,1,1,2,23,2,2,0.0,0.0,0.0,0.0,0.0,2.0,12,7,10
45115,16,2,1,0,15,3,0,1,0,1,2,37,2,3,1.0,0.0,0.0,1.0,0.0,1.0,1,4,4
80784,15,2,3,17,8,3,0,1,1,1,2,36,2,2,0.0,0.0,0.0,0.0,0.0,3.0,12,6,6
87666,16,2,3,0,15,3,0,1,0,1,2,6,2,2,0.0,0.0,0.0,0.0,0.0,2.0,5,6,6
84028,16,2,3,0,6,3,0,1,0,1,2,6,3,2,0.0,0.0,0.0,0.0,0.0,3.0,8,5,6
73999,4,2,3,17,15,3,0,5,1,1,2,36,2,2,0.0,0.0,0.0,0.0,0.0,2.0,15,4,6
61094,16,3,3,10,8,3,6,1,1,1,1,19,2,2,0.0,0.0,0.0,0.0,0.0,2.0,14,6,5
82071,16,2,3,17,2,3,0,1,1,1,2,36,2,2,0.0,0.0,0.0,0.0,0.0,3.0,16,3,6
155568,16,3,1,17,10,3,0,1,0,1,2,24,2,4,1.0,0.0,0.0,0.0,1.0,1.0,6,3,10
127529,16,2,1,0,8,3,0,1,1,1,2,6,2,2,0.0,0.0,0.0,0.0,0.0,2.0,21,2,9
140027,16,7,1,17,8,3,6,1,1,1,2,24,2,2,0.0,0.0,0.0,0.0,0.0,2.0,22,6,10
70363,16,2,3,10,2,3,0,1,1,0,1,17,2,2,0.0,0.0,0.0,0.0,0.0,3.0,9,6,5
135435,4,2,2,17,2,3,0,1,0,1,2,24,2,3,3.0,0.0,0.0,1.0,2.0,1.0,5,5,9
9196,15,2,1,17,8,3,0,5,0,1,0,5,2,2,0.0,0.0,0.0,0.0,0.0,3.0,18,6,1
43395,4,2,3,10,8,3,0,1,0,1,2,19,2,3,1.0,0.0,0.0,1.0,0.0,2.0,17,7,4
12361,15,2,3,17,2,3,0,1,1,1,2,24,2,2,0.0,0.0,0.0,0.0,0.0,2.0,14,3,1
26666,15,2,3,15,8,3,0,1,1,1,2,18,2,2,0.0,0.0,0.0,0.0,0.0,2.0,13,6,2
73502,16,2,1,17,8,3,0,1,1,1,2,24,2,2,0.0,0.0,0.0,0.0,0.0,2.0,21,3,6
10271,10,2,3,9,6,3,0,1,0,1,2,18,2,4,1.0,0.0,0.0,0.0,1.0,1.0,14,5,1
24591,16,2,3,15,3,3,0,1,1,1,0,12,2,2,0.0,0.0,0.0,0.0,0.0,2.0,8,6,2
123927,16,7,3,10,3,3,6,1,0,1,2,19,2,4,1.0,0.0,0.0,0.0,1.0,1.0,6,6,9
160262,16,2,3,7,8,3,0,1,1,1,1,19,2,2,0.0,0.0,0.0,0.0,0.0,1.0,16,4,11
38453,16,2,1,10,2,3,0,1,0,1,2,37,2,3,1.0,0.0,0.0,1.0,0.0,4.0,1,5,3
82687,16,7,3,0,8,3,6,1,0,1,2,6,2,4,2.0,0.0,0.0,0.0,2.0,1.0,14,5,6
43906,15,2,3,17,15,3,0,5,1,1,2,24,2,2,0.0,0.0,0.0,0.0,0.0,2.0,15,2,4
71513,16,2,3,10,8,3,0,1,0,1,2,19,3,3,2.0,0.0,0.0,2.0,0.0,1.0,9,2,5
133539,15,2,3,0,2,3,0,1,0,1,2,18,2,4,1.0,0.0,0.0,0.0,1.0,1.0,9,2,9
154903,4,2,3,17,8,3,0,1,1,1,0,36,2,2,0.0,0.0,0.0,0.0,0.0,2.0,9,1,10
13537,16,2,1,10,1,3,0,1,1,1,1,19,2,2,0.0,0.0,0.0,0.0,0.0,2.0,18,5,1
83714,16,2,3,9,2,3,0,1,0,1,0,18,2,3,1.0,0.0,0.0,1.0,0.0,4.0,13,7,6
14049,15,2,1,0,2,3,6,1,0,1,2,36,2,2,0.0,0.0,0.0,0.0,0.0,5.0,21,7,1
29299,15,2,3,17,8,3,0,1,0,1,2,36,2,3,1.0,0.0,0.0,1.0,0.0,1.0,15,3,3
154292,4,2,3,0,0,3,0,1,1,1,2,18,2,2,0.0,0.0,0.0,0.0,0.0,2.0,9,7,10
26586,15,2,1,0,8,3,0,1,0,1,2,18,2,2,0.0,0.0,0.0,0.0,0.0,2.0,22,7,2
33687,16,10,3,0,6,3,6,5,0,1,2,18,3,4,1.0,0.0,0.0,0.0,1.0,5.0,14,1,3
142795,15,7,1,8,8,4,6,1,0,1,0,26,2,3,1.0,0.0,0.0,1.0,0.0,1.0,18,3,10
143284,16,2,3,9,8,3,0,1,0,1,2,18,2,3,1.0,0.0,0.0,1.0,0.0,1.0,16,5,10
12693,4,2,1,17,4,3,0,1,1,0,2,24,2,2,0.0,0.0,0.0,0.0,0.0,2.0,20,4,1
8986,15,2,3,17,8,3,0,1,0,1,2,36,2,3,2.0,0.0,0.0,2.0,0.0,2.0,15,4,1
48625,16,7,3,0,8,3,6,1,0,1,2,6,2,2,0.0,0.0,0.0,0.0,0.0,2.0,9,1,4
175982,15,2,1,0,8,3,0,1,1,1,1,21,2,2,0.0,0.0,0.0,0.0,0.0,2.0,19,5,12
80599,16,2,3,17,2,3,0,1,1,1,1,18,2,2,0.0,0.0,0.0,0.0,0.0,2.0,18,4,6
178362,15,2,3,8,11,3,0,1,0,1,0,18,2,3,1.0,0.0,0.0,1.0,0.0,1.0,13,4,12
151065,15,2,3,0,2,3,0,1,1,1,1,18,2,2,0.0,0.0,0.0,0.0,0.0,4.0,16,4,10