crash_date,               traffic_control_device,weather_condition,lighting_condition,first_crash_type,trafficway_type,alignment,roadway_surface_cond,road_defect,crash_type,intersection_related_i,damage,prim_contributory_cause,num_units,most_severe_injury,injuries_total,injuries_fatal,injuries_incapacitating,injuries_non_incapacitating,injuries_reported_not_evident,injuries_no_indication,crash_hour,crash_day_of_week,crash_month
8109,4,2,3,17,10,3,0,1,0,1,2,18,2,2,0.0,0.0,0.0,0.0,0.0,3.0,16,4,1
36692,16,2,3,17,18,3,0,1,0,1,2,36,2,3,2.0,0.0,0.0,2.0,0.0,1.0,12,2,3
11548,15,10,1,17,2,3,4,1,1,1,1,18,2,2,0.0,0.0,0.0,0.0,0.0,4.0,19,5,1
183293,16,2,1,0,6,3,0,1,0,1,2,17,2,2,0.0,0.0,0.0,0.0,0.0,2.0,2,1,12
166771,11,2,1,10,6,3,0,1,1,1,1,19,2,2,0.0,0.0,0.0,0.0,0.0,3.0,20,7,11
180030,15,2,1,0,3,3,6,1,1,1,2,36,2,2,0.0,0.0,0.0,0.0,0.0,2.0,18,7,12
141041,16,2,3,17,8,3,0,1,1,1,2,24,2,2,0.0,0.0,0.0,0.0,0.0,2.0,7,6,10
172112,16,2,3,17,6,3,0,1,1,1,2,36,2,2,0.0,0.0,0.0,0.0,0.0,2.0,7,7,11
135245,15,7,3,0,6,3,6,1,0,1,2,5,3,4,1.0,0.0,0.0,0.0,1.0,3.0,10,3,9
149526,15,2,3,0,6,3,0,1,1,1,2,18,2,2,0.0,0.0,0.0,0.0,0.0,4.0,16,6,10
79131,4,2,3,17,8,3,0,1,1,1,2,22,2,2,0.0,0.0,0.0,0.0,0.0,5.0,8,3,6
126079,15,2,4,0,10,3,0,1,1,1,0,26,2,2,0.0,0.0,0.0,0.0,0.0,2.0,18,2,9
107063,16,7,3,10,6,3,6,5,1,1,2,19,2,2,0.0,0.0,0.0,0.0,0.0,2.0,13,1,8
6438,16,2,3,17,3,3,0,1,0,1,2,36,2,4,2.0,0.0,0.0,0.0,2.0,1.0,14,2,1
30850,16,7,3,17,6,3,6,5,1,1,1,18,2,2,0.0,0.0,0.0,0.0,0.0,2.0,13,2,3
161285,16,7,1,2,10,3,6,1,0,1,2,17,1,2,0.0,0.0,0.0,0.0,0.0,1.0,2,1,11
24074,15,2,3,10,10,3,0,1,1,0,2,19,2,2,0.0,0.0,0.0,0.0,0.0,2.0,13,4,2
160422,16,2,3,15,8,3,0,1,1,1,2,18,2,2,0.0,0.0,0.0,0.0,0.0,2.0,12,6,11
122832,16,2,3,17,8,3,0,1,1,0,1,24,2,2,0.0,0.0,0.0,0.0,0.0,2.0,16,4,9
123046,17,11,5,0,6,3,5,5,1,1,2,36,2,2,0.0,0.0,0.0,0.0,0.0,3.0,14,1,9
55842,15,2,3,0,18,3,6,1,0,1,2,18,2,2,0.0,0.0,0.0,0.0,0.0,2.0,19,7,4
592,16,2,1,15,10,3,0,1,1,1,1,18,2,2,0.0,0.0,0.0,0.0,0.0,2.0,20,3,1
171829,16,7,1,10,6,3,6,1,0,1,2,39,2,4,1.0,0.0,0.0,0.0,1.0,2.0,22,7,11
155430,15,2,3,0,6,3,0,1,0,1,2,18,2,4,1.0,0.0,0.0,0.0,1.0,1.0,15,1,10
4055,16,2,1,10,8,3,0,1,1,1,1,12,2,2,0.0,0.0,0.0,0.0,0.0,2.0,5,5,1
96939,16,2,3,17,8,3,0,1,0,1,2,36,2,2,0.0,0.0,0.0,0.0,0.0,2.0,19,2,7
143042,16,2,3,0,2,3,0,1,0,1,2,18,2,2,0.0,0.0,0.0,0.0,0.0,2.0,16,7,10
66127,16,7,1,0,11,3,6,1,1,1,2,36,2,2,0.0,0.0,0.0,0.0,0.0,3.0,19,2,5
121844,16,11,1,17,18,3,5,5,0,1,2,18,2,3,1.0,0.0,0.0,1.0,0.0,1.0,3,5,9
176832,16,2,0,17,8,3,0,5,1,1,2,24,2,2,0.0,0.0,0.0,0.0,0.0,2.0,18,5,12
47787,15,2,3,17,8,3,0,1,1,1,0,18,2,2,0.0,0.0,0.0,0.0,0.0,2.0,13,3,4
80275,16,2,3,10,8,3,0,1,1,1,2,36,2,2,0.0,0.0,0.0,0.0,0.0,2.0,15,6,6
114790,4,2,1,15,6,3,0,1,0,1,2,36,2,2,0.0,0.0,0.0,0.0,0.0,2.0,18,6,8
155032,16,2,3,17,6,3,0,1,0,1,2,36,2,2,0.0,0.0,0.0,0.0,0.0,2.0,8,4,10
142799,16,7,1,9,8,3,6,1,0,1,0,36,2,4,1.0,0.0,0.0,0.0,1.0,1.0,18,3,10
67193,16,2,3,17,15,3,0,1,0,1,2,23,2,2,0.0,0.0,0.0,0.0,0.0,3.0,14,5,5
87070,15,2,1,0,15,3,0,1,0,1,2,36,2,3,1.0,0.0,0.0,1.0,0.0,1.0,21,4,6
176831,15,2,0,0,8,3,0,1,1,1,2,6,2,2,0.0,0.0,0.0,0.0,0.0,2.0,18,5,12
87936,16,2,3,17,5,3,0,5,0,1,2,24,2,3,2.0,0.0,0.0,2.0,0.0,2.0,19,2,7
151460,15,2,3,17,6,3,0,1,0,1,2,18,2,4,1.0,0.0,0.0,0.0,1.0,2.0,15,5,10
184141,16,2,1,13,16,3,0,1,1,1,2,21,2,2,0.0,0.0,0.0,0.0,0.0,2.0,23,7,12
174167,15,11,5,15,8,3,5,5,1,1,2,36,2,2,0.0,0.0,0.0,0.0,0.0,2.0,15,2,12
180107,16,2,3,14,11,3,0,1,1,1,2,36,2,2,0.0,0.0,0.0,0.0,0.0,2.0,17,5,12
137613,15,2,3,0,8,3,0,1,1,1,1,36,2,2,0.0,0.0,0.0,0.0,0.0,6.0,16,7,10
33938,16,2,3,17,8,3,0,1,1,1,1,19,2,2,0.0,0.0,0.0,0.0,0.0,2.0,15,4,3
82848,18,2,3,17,8,3,0,1,0,1,2,18,2,1,4.0,0.0,1.0,3.0,0.0,0.0,19,1,6
52796,15,2,1,0,6,3,0,1,0,1,2,6,2,3,2.0,0.0,0.0,2.0,0.0,1.0,2,1,4
29412,16,2,1,0,8,3,0,1,0,1,2,6,2,1,2.0,0.0,1.0,1.0,0.0,3.0,0,4,3
20156,16,10,0,10,2,3,4,1,1,1,1,36,2,2,0.0,0.0,0.0,0.0,0.0,2.0,5,2,2
31149,4,2,3,17,8,3,0,1,1,1,0,24,2,2,0.0,0.0,0.0,0.0,0.0,4.0,14,7,3
170265,16,2,3,0,3,3,1,5,0,1,2,26,2,4,1.0,0.0,0.0,0.0,1.0,1.0,10,3,11
14373,16,2,1,0,6,3,0,1,0,1,2,36,2,3,3.0,0.0,0.0,3.0,0.0,3.0,0,5,1
139678,15,11,5,10,6,3,5,5,0,1,0,36,2,3,1.0,0.0,0.0,1.0,0.0,1.0,7,3,10
29922,15,2,1,0,15,3,0,5,0,1,2,36,2,3,2.0,0.0,0.0,2.0,0.0,0.0,0,6,3
150153,16,2,1,17,1,3,0,1,0,1,2,18,2,3,4.0,0.0,0.0,4.0,0.0,0.0,19,7,10
153732,4,2,3,7,10,3,0,5,1,1,2,26,2,2,0.0,0.0,0.0,0.0,0.0,2.0,8,6,10
150869,16,2,3,10,6,3,0,1,1,1,1,36,2,2,0.0,0.0,0.0,0.0,0.0,3.0,15,4,10
14594,16,3,3,9,8,3,6,1,0,1,0,36,2,3,1.0,0.0,0.0,1.0,0.0,1.0,10,3,1
98271,4,2,2,17,2,3,0,1,1,1,2,18,2,2,0.0,0.0,0.0,0.0,0.0,2.0,19,7,7
59030,16,2,3,15,8,3,0,5,1,1,1,36,2,2,0.0,0.0,0.0,0.0,0.0,2.0,13,2,5
73418,4,2,3,5,2,3,0,3,1,1,0,32,1,2,0.0,0.0,0.0,0.0,0.0,1.0,20,2,6
122411,15,2,3,0,6,3,0,1,1,1,2,36,2,2,0.0,0.0,0.0,0.0,0.0,4.0,10,4,9
86976,16,2,3,0,6,3,0,1,0,1,2,17,2,3,1.0,0.0,0.0,1.0,0.0,4.0,15,3,6
189045,15,7,1,8,6,3,6,5,0,1,0,18,2,3,1.0,0.0,0.0,1.0,0.0,1.0,6,3,12
160110,15,7,0,8,8,3,6,1,0,1,2,26,2,4,1.0,0.0,0.0,0.0,1.0,1.0,16,4,11
110071,16,2,3,15,8,3,0,1,1,1,1,36,2,2,0.0,0.0,0.0,0.0,0.0,2.0,8,4,8
76437,15,2,1,0,2,3,0,1,1,1,2,23,2,2,0.0,0.0,0.0,0.0,0.0,2.0,22,6,6
165628,16,2,1,17,6,3,0,1,1,1,2,6,2,2,0.0,0.0,0.0,0.0,0.0,2.0,3,5,11
24518,16,2,4,0,11,3,0,1,0,1,2,36,2,2,0.0,0.0,0.0,0.0,0.0,2.0,18,5,2
64177,15,2,3,2,2,3,0,1,1,1,1,23,1,2,0.0,0.0,0.0,0.0,0.0,1.0,10,5,5
32047,16,7,1,9,8,3,6,1,0,1,2,39,2,3,1.0,0.0,0.0,1.0,0.0,3.0,19,7,3
118928,16,2,1,0,11,3,0,1,1,1,2,18,2,2,0.0,0.0,0.0,0.0,0.0,2.0,20,4,8
138410,4,2,3,0,6,3,0,1,0,1,2,36,2,2,0.0,0.0,0.0,0.0,0.0,2.0,18,6,10
27193,15,2,3,15,2,3,0,1,0,1,2,6,2,4,1.0,0.0,0.0,0.0,1.0,2.0,15,2,2
40675,16,2,3,0,8,3,0,1,0,1,2,6,3,3,1.0,0.0,0.0,1.0,0.0,3.0,16,5,3
112964,16,3,3,0,6,3,6,1,0,1,2,6,2,4,1.0,0.0,0.0,0.0,1.0,1.0,18,7,8
119934,16,2,1,17,6,3,0,1,0,1,2,24,2,4,1.0,0.0,0.0,0.0,1.0,4.0,22,6,8
188615,16,2,3,17,8,3,6,5,0,1,2,38,2,2,0.0,0.0,0.0,0.0,0.0,2.0,8,1,12
81189,16,2,3,17,8,3,0,6,0,1,2,24,3,2,0.0,0.0,0.0,0.0,0.0,4.0,16,6,6
25994,16,2,3,10,5,3,0,1,1,1,2,17,2,2,0.0,0.0,0.0,0.0,0.0,2.0,6,5,2
51569,16,2,3,17,6,3,0,1,1,1,2,24,2,2,0.0,0.0,0.0,0.0,0.0,2.0,11,6,4
102231,15,2,1,0,2,3,5,5,0,1,2,18,2,2,0.0,0.0,0.0,0.0,0.0,2.0,19,6,7
84678,16,2,3,17,10,3,0,1,0,1,2,28,4,3,1.0,0.0,0.0,1.0,0.0,3.0,12,2,6
157752,6,2,4,17,6,3,0,1,0,1,2,18,2,4,1.0,0.0,0.0,0.0,1.0,1.0,18,5,11
181851,16,2,4,10,2,3,0,1,1,1,2,26,2,2,0.0,0.0,0.0,0.0,0.0,3.0,16,6,12
49872,16,3,3,10,8,3,0,1,0,1,2,36,2,4,8.0,0.0,0.0,0.0,8.0,1.0,13,4,4
2583,16,2,3,10,1,3,0,1,1,1,1,19,2,2,0.0,0.0,0.0,0.0,0.0,2.0,7,2,1
50141,4,7,3,0,15,3,6,5,1,1,2,8,2,2,0.0,0.0,0.0,0.0,0.0,2.0,11,2,4
146111,16,11,5,0,11,3,5,5,1,1,2,36,2,2,0.0,0.0,0.0,0.0,0.0,5.0,13,7,10
34868,15,2,3,0,8,3,0,1,1,1,2,5,2,2,0.0,0.0,0.0,0.0,0.0,2.0,16,5,3
132550,16,2,3,15,8,3,0,1,1,1,2,36,2,2,0.0,0.0,0.0,0.0,0.0,2.0,16,7,9
3445,4,7,1,2,8,3,6,5,0,1,2,9,1,2,0.0,0.0,0.0,0.0,0.0,1.0,3,2,1
152336,16,2,1,17,2,3,0,1,0,1,2,18,2,2,0.0,0.0,0.0,0.0,0.0,5.0,23,6,10
28622,15,11,5,10,17,3,5,5,1,1,2,36,3,2,0.0,0.0,0.0,0.0,0.0,3.0,9,4,3
64052,16,2,1,17,6,3,0,1,0,1,2,18,2,2,0.0,0.0,0.0,0.0,0.0,4.0,20,5,5
178329,16,2,3,10,8,3,0,1,1,1,1,19,2,2,0.0,0.0,0.0,0.0,0.0,2.0,7,3,12
134335,16,3,3,17,10,3,0,1,0,1,2,22,2,4,1.0,0.0,0.0,0.0,1.0,1.0,7,4,9
63202,16,2,3,0,8,3,0,1,0,1,2,23,2,3,1.0,0.0,0.0,1.0,0.0,1.0,9,3,5
56008,4,2,3,17,6,3,0,1,1,1,2,18,2,2,0.0,0.0,0.0,0.0,0.0,2.0,12,3,4
44822,4,2,3,17,2,3,0,1,0,1,2,18,2,3,3.0,0.0,0.0,3.0,0.0,1.0,14,5,4
154382,16,2,4,17,6,3,0,1,1,1,2,19,2,2,0.0,0.0,0.0,0.0,0.0,2.0,17,3,10
125628,4,2,3,0,8,3,0,1,1,0,2,18,2,2,0.0,0.0,0.0,0.0,0.0,2.0,17,3,9
6809,15,2,1,0,8,3,6,1,1,1,2,36,2,2,0.0,0.0,0.0,0.0,0.0,2.0,18,6,1
59049,16,2,3,10,8,3,0,1,0,1,1,19,2,4,1.0,0.0,0.0,0.0,1.0,1.0,17,2,5
103516,16,2,1,17,8,3,0,1,0,1,2,36,2,4,1.0,0.0,0.0,0.0,1.0,1.0,23,3,7
81704,16,2,3,15,2,3,0,1,1,1,0,18,2,2,0.0,0.0,0.0,0.0,0.0,3.0,16,6,6
95041,4,2,3,0,10,3,0,1,0,1,2,36,2,4,1.0,0.0,0.0,0.0,1.0,1.0,11,7,7
72900,16,2,2,17,2,3,6,1,0,1,2,36,2,2,0.0,0.0,0.0,0.0,0.0,2.0,4,1,6
7409,16,2,0,17,3,3,0,1,1,1,2,36,2,2,0.0,0.0,0.0,0.0,0.0,2.0,17,1,1
74453,4,2,3,17,10,3,0,1,1,1,2,17,2,2,0.0,0.0,0.0,0.0,0.0,3.0,18,3,6
81549,16,2,3,15,2,3,0,5,1,1,2,36,2,2,0.0,0.0,0.0,0.0,0.0,2.0,16,3,6
55999,16,2,1,0,16,3,0,1,0,1,2,6,2,3,1.0,0.0,0.0,1.0,0.0,3.0,22,3,4
59609,16,2,3,10,10,3,0,1,1,1,2,19,2,2,0.0,0.0,0.0,0.0,0.0,2.0,14,4,5
58818,16,7,3,15,6,3,6,1,1,1,2,22,2,2,0.0,0.0,0.0,0.0,0.0,2.0,10,6,5
105877,16,2,3,17,8,3,0,1,1,1,2,19,2,2,0.0,0.0,0.0,0.0,0.0,2.0,14,4,8
134133,17,2,3,17,5,3,0,5,1,1,2,18,2,2,0.0,0.0,0.0,0.0,0.0,2.0,12,3,9
52943,15,2,3,7,15,3,0,5,1,1,2,23,2,2,0.0,0.0,0.0,0.0,0.0,1.0,9,4,4
9705,16,2,3,15,10,3,0,1,1,1,2,26,2,2,0.0,0.0,0.0,0.0,0.0,2.0,11,1,1
119229,17,2,3,17,9,3,0,1,1,1,2,24,2,2,0.0,0.0,0.0,0.0,0.0,6.0,8,2,8
149872,15,2,3,8,8,3,0,1,0,1,0,18,2,4,1.0,0.0,0.0,0.0,1.0,2.0,7,2,10
155470,16,2,3,0,2,3,0,1,0,1,2,36,2,3,1.0,0.0,0.0,1.0,0.0,1.0,11,1,10
96757,16,2,3,15,8,3,0,1,1,1,2,22,2,2,0.0,0.0,0.0,0.0,0.0,2.0,12,5,7
132200,16,7,3,17,15,3,6,5,0,1,2,12,2,3,1.0,0.0,0.0,1.0,0.0,1.0,8,3,9
84721,15,2,0,0,8,3,0,1,0,1,2,5,2,4,1.0,0.0,0.0,0.0,1.0,1.0,1,2,6
143517,16,2,3,15,11,3,0,1,1,0,0,32,2,2,0.0,0.0,0.0,0.0,0.0,2.0,11,5,10
165827,16,7,3,10,6,3,6,1,1,1,2,36,2,2,0.0,0.0,0.0,0.0,0.0,2.0,13,2,11
77321,15,2,3,17,6,3,0,5,0,1,2,5,2,3,1.0,0.0,0.0,1.0,0.0,1.0,12,5,6
175014,16,2,1,10,2,3,0,1,1,1,0,36,2,2,0.0,0.0,0.0,0.0,0.0,2.0,17,5,12
40494,15,2,3,0,16,3,0,1,0,1,2,18,2,4,1.0,0.0,0.0,0.0,1.0,1.0,17,2,3
32568,16,2,1,0,10,3,0,1,0,1,2,6,2,2,0.0,0.0,0.0,0.0,0.0,4.0,5,1,3
21663,16,2,3,0,8,3,6,1,0,1,2,6,2,3,1.0,0.0,0.0,1.0,0.0,2.0,6,5,2
1078,15,2,3,0,8,3,0,1,0,1,2,18,2,2,0.0,0.0,0.0,0.0,0.0,4.0,12,4,1
82682,16,7,1,8,2,3,6,1,0,1,0,18,2,4,1.0,0.0,0.0,0.0,1.0,1.0,1,5,6
178498,15,2,1,0,15,3,0,1,0,1,2,18,2,2,0.0,0.0,0.0,0.0,0.0,2.0,21,5,12
178600,16,2,3,10,8,3,0,1,1,1,1,17,3,2,0.0,0.0,0.0,0.0,0.0,4.0,13,1,12
148033,15,2,1,17,8,3,0,1,1,1,2,36,2,2,0.0,0.0,0.0,0.0,0.0,3.0,1,5,10
169344,16,7,1,15,2,3,6,1,1,1,2,23,2,2,0.0,0.0,0.0,0.0,0.0,2.0,14,4,11
112910,17,2,1,0,6,3,5,5,0,1,2,18,2,2,0.0,0.0,0.0,0.0,0.0,2.0,20,5,8
27490,16,2,1,17,6,3,0,1,0,1,2,36,2,1,3.0,0.0,3.0,0.0,0.0,2.0,22,1,2
42297,15,2,3,17,2,3,0,1,0,1,2,24,2,2,0.0,0.0,0.0,0.0,0.0,2.0,10,7,4
69789,16,2,3,8,8,3,0,1,0,1,2,24,2,4,1.0,0.0,0.0,0.0,1.0,1.0,7,3,5
180605,4,2,3,17,8,3,0,1,1,0,2,18,2,2,0.0,0.0,0.0,0.0,0.0,3.0,10,6,12
86177,16,2,3,10,6,3,5,5,1,1,2,36,3,2,0.0,0.0,0.0,0.0,0.0,4.0,19,5,6
153342,16,2,1,17,6,3,0,1,1,1,2,24,2,2,0.0,0.0,0.0,0.0,0.0,2.0,0,1,10
39102,16,7,1,0,2,3,6,1,0,1,2,36,2,1,1.0,0.0,1.0,0.0,0.0,3.0,20,4,3
66821,4,2,3,9,6,3,0,1,0,1,0,36,4,3,2.0,0.0,0.0,2.0,0.0,2.0,19,7,5
149790,15,7,1,0,8,3,6,1,0,1,2,5,2,2,0.0,0.0,0.0,0.0,0.0,4.0,17,1,10
86142,17,2,1,10,8,3,0,1,1,1,2,19,2,2,0.0,0.0,0.0,0.0,0.0,2.0,22,3,6
77554,4,2,3,17,15,3,0,1,0,1,2,18,2,3,4.0,0.0,0.0,4.0,0.0,3.0,16,3,6
127302,16,2,3,14,8,3,0,1,1,1,1,18,2,2,0.0,0.0,0.0,0.0,0.0,2.0,7,5,9
40847,16,2,3,10,6,3,0,5,1,1,2,19,2,2,0.0,0.0,0.0,0.0,0.0,2.0,8,2,3
69206,16,2,1,9,8,3,0,1,0,1,2,18,2,1,1.0,0.0,1.0,0.0,0.0,1.0,21,7,5
49023,16,2,1,15,10,3,0,1,1,1,1,36,2,2,0.0,0.0,0.0,0.0,0.0,2.0,23,7,4
128560,16,2,3,17,15,3,0,1,0,1,1,18,2,3,1.0,0.0,0.0,1.0,0.0,1.0,14,3,9
32782,16,7,1,0,6,3,4,5,1,1,2,6,2,2,0.0,0.0,0.0,0.0,0.0,2.0,4,6,3
14687,16,2,1,17,1,3,0,4,1,1,2,18,2,2,0.0,0.0,0.0,0.0,0.0,2.0,0,4,1
38747,16,2,3,9,8,3,0,1,0,1,0,18,2,4,1.0,0.0,0.0,0.0,1.0,1.0,14,5,3
9654,15,2,3,15,8,3,0,1,1,1,1,36,2,2,0.0,0.0,0.0,0.0,0.0,2.0,13,1,1
82647,4,2,3,15,8,3,0,1,1,0,2,36,2,2,0.0,0.0,0.0,0.0,0.0,3.0,14,4,6
75968,16,7,3,10,6,3,6,1,1,1,1,36,2,2,0.0,0.0,0.0,0.0,0.0,2.0,16,7,6
41431,16,2,3,10,10,3,0,1,1,1,2,18,3,2,0.0,0.0,0.0,0.0,0.0,3.0,17,6,3
150833,16,11,5,10,6,3,5,5,1,1,2,36,2,2,0.0,0.0,0.0,0.0,0.0,2.0,19,2,10
64474,15,2,3,0,6,3,0,1,1,1,2,18,2,2,0.0,0.0,0.0,0.0,0.0,5.0,13,6,5
147731,4,2,3,15,8,3,0,1,1,1,2,19,2,2,0.0,0.0,0.0,0.0,0.0,2.0,16,2,10
81586,16,2,1,17,10,3,0,1,1,1,2,24,2,2,0.0,0.0,0.0,0.0,0.0,4.0,22,3,6
84379,16,2,3,17,6,3,0,1,0,1,2,18,2,1,4.0,0.0,1.0,3.0,0.0,2.0,15,4,6
154704,4,2,3,10,8,3,0,1,1,1,0,19,2,2,0.0,0.0,0.0,0.0,0.0,2.0,15,6,10
72340,16,2,3,17,11,3,0,1,1,1,2,26,2,2,0.0,0.0,0.0,0.0,0.0,2.0,17,6,6
85047,17,2,1,10,2,3,0,1,0,0,2,26,2,3,2.0,0.0,0.0,2.0,0.0,3.0,23,7,6
2915,16,3,3,15,3,3,6,1,1,1,2,36,2,2,0.0,0.0,0.0,0.0,0.0,2.0,8,2,1
2358,4,2,0,0,15,3,0,1,1,1,2,12,2,2,0.0,0.0,0.0,0.0,0.0,2.0,18,1,1
26340,16,10,4,17,2,3,4,1,1,1,2,24,2,2,0.0,0.0,0.0,0.0,0.0,3.0,17,3,2
97641,16,2,4,15,8,3,0,1,1,1,1,23,2,2,0.0,0.0,0.0,0.0,0.0,2.0,19,4,7
86310,16,2,3,10,8,3,0,1,1,1,1,36,2,2,0.0,0.0,0.0,0.0,0.0,2.0,8,5,6
168291,15,2,1,0,6,3,0,1,0,1,2,18,2,2,0.0,0.0,0.0,0.0,0.0,4.0,18,7,11
56287,15,2,1,10,8,2,0,3,1,1,0,18,2,2,0.0,0.0,0.0,0.0,0.0,3.0,21,7,5
171328,16,2,1,17,8,0,0,1,1,1,1,26,2,2,0.0,0.0,0.0,0.0,0.0,4.0,17,1,11
56734,4,2,3,17,6,3,0,1,1,1,1,18,2,2,0.0,0.0,0.0,0.0,0.0,3.0,16,1,5
76115,16,2,3,10,8,3,0,1,1,1,1,19,3,2,0.0,0.0,0.0,0.0,0.0,4.0,19,7,6
147080,15,2,1,17,8,3,0,5,0,1,2,18,3,3,4.0,0.0,0.0,4.0,0.0,0.0,19,5,10
26967,16,2,3,10,8,3,6,1,1,1,2,36,2,2,0.0,0.0,0.0,0.0,0.0,2.0,9,6,2
142860,16,2,1,10,8,3,0,1,1,0,2,21,2,2,0.0,0.0,0.0,0.0,0.0,3.0,2,4,10
78510,6,2,3,10,8,3,5,1,1,1,1,19,2,2,0.0,0.0,0.0,0.0,0.0,2.0,13,2,6
128828,17,11,5,15,8,3,5,5,1,1,2,36,2,2,0.0,0.0,0.0,0.0,0.0,2.0,12,6,9
174835,16,2,4,17,15,3,0,1,1,1,1,24,2,2,0.0,0.0,0.0,0.0,0.0,2.0,16,5,12
63978,16,2,3,0,6,3,0,1,0,1,2,6,2,3,1.0,0.0,0.0,1.0,0.0,1.0,7,3,5
62886,16,2,3,9,6,3,0,1,0,1,0,36,2,3,1.0,0.0,0.0,1.0,0.0,1.0,10,6,5
29670,16,2,1,2,8,3,0,5,0,0,2,36,1,2,0.0,0.0,0.0,0.0,0.0,1.0,0,1,3
8270,16,10,3,10,8,3,4,1,1,0,1,19,2,2,0.0,0.0,0.0,0.0,0.0,2.0,16,6,1
68754,16,2,3,10,8,3,0,1,1,1,1,19,2,2,0.0,0.0,0.0,0.0,0.0,2.0,14,1,5
32508,16,2,1,10,3,3,0,1,1,1,2,19,2,2,0.0,0.0,0.0,0.0,0.0,2.0,18,7,3
169498,16,2,3,17,19,3,0,5,1,1,2,36,2,2,0.0,0.0,0.0,0.0,0.0,2.0,12,6,11
155746,16,2,2,17,1,3,0,1,0,1,2,6,2,2,0.0,0.0,0.0,0.0,0.0,2.0,6,4,11
145695,16,2,0,0,8,3,0,1,0,1,2,6,3,0,4.0,2.0,0.0,1.0,1.0,0.0,1,2,10
166571,16,2,1,10,2,3,0,1,1,1,1,19,2,2,0.0,0.0,0.0,0.0,0.0,2.0,19,3,11
65052,4,2,1,17,8,3,0,1,0,1,2,4,3,2,0.0,0.0,0.0,0.0,0.0,7.0,23,7,5
148716,4,2,3,17,2,3,0,1,1,1,2,19,2,2,0.0,0.0,0.0,0.0,0.0,3.0,13,7,10
29572,15,2,1,9,6,3,0,1,1,1,2,18,2,2,0.0,0.0,0.0,0.0,0.0,2.0,21,1,3
118814,16,7,3,17,10,3,6,1,1,1,1,36,2,2,0.0,0.0,0.0,0.0,0.0,2.0,16,7,8
174298,16,2,3,15,11,3,6,5,1,1,2,36,2,2,0.0,0.0,0.0,0.0,0.0,4.0,14,2,12
117957,15,2,3,7,10,3,5,5,1,1,2,36,2,2,0.0,0.0,0.0,0.0,0.0,1.0,12,5,8
109390,15,2,3,0,8,3,0,1,1,1,1,5,2,2,0.0,0.0,0.0,0.0,0.0,3.0,13,1,8
64320,16,2,3,3,8,3,0,1,0,1,2,36,3,4,2.0,0.0,0.0,0.0,2.0,1.0,16,2,5
45596,16,7,3,17,2,3,6,1,0,1,2,39,3,4,1.0,0.0,0.0,0.0,1.0,2.0,11,5,4
111382,4,2,3,17,8,3,0,1,1,0,2,24,2,2,0.0,0.0,0.0,0.0,0.0,2.0,8,4,8
113527,4,2,1,15,8,3,0,1,1,1,2,36,2,2,0.0,0.0,0.0,0.0,0.0,3.0,0,1,8
152896,16,7,1,17,2,3,6,1,1,1,2,18,2,2,0.0,0.0,0.0,0.0,0.0,2.0,18,7,10
130459,16,2,3,17,8,3,0,1,0,1,2,18,2,2,0.0,0.0,0.0,0.0,0.0,2.0,16,1,9
154662,16,2,0,10,8,3,0,5,1,1,0,36,2,2,0.0,0.0,0.0,0.0,0.0,2.0,20,4,10
119582,15,2,3,10,2,3,0,1,1,1,1,21,2,2,0.0,0.0,0.0,0.0,0.0,2.0,11,6,8
65622,16,2,1,3,8,3,0,1,1,1,2,22,2,2,0.0,0.0,0.0,0.0,0.0,2.0,0,7,5
87747,16,2,3,0,6,3,0,1,0,1,2,6,3,4,1.0,0.0,0.0,0.0,1.0,2.0,17,1,6
167336,15,2,1,17,15,3,0,1,1,1,2,24,2,2,0.0,0.0,0.0,0.0,0.0,4.0,17,1,11
147901,15,2,3,17,15,3,0,1,1,1,2,36,2,2,0.0,0.0,0.0,0.0,0.0,2.0,9,4,10
125256,16,2,3,17,8,3,0,1,1,1,2,18,2,2,0.0,0.0,0.0,0.0,0.0,2.0,14,6,9
125402,17,11,5,7,6,3,0,5,1,1,2,36,2,2,0.0,0.0,0.0,0.0,0.0,1.0,16,2,9
33675,16,2,1,10,18,3,5,5,1,1,2,36,2,2,0.0,0.0,0.0,0.0,0.0,3.0,23,7,3
158239,15,2,3,0,6,3,0,1,0,1,2,18,2,2,0.0,0.0,0.0,0.0,0.0,2.0,7,3,11
188852,16,2,0,0,2,3,6,1,0,1,2,6,2,2,0.0,0.0,0.0,0.0,0.0,3.0,2,6,12
72814,16,2,1,0,16,3,0,5,0,1,2,36,2,1,3.0,0.0,3.0,0.0,0.0,0.0,23,1,6
87961,15,2,3,0,8,3,0,5,1,1,2,36,2,2,0.0,0.0,0.0,0.0,0.0,2.0,9,2,7
177980,16,2,3,0,2,3,0,1,0,1,2,36,2,2,0.0,0.0,0.0,0.0,0.0,2.0,8,6,12
118897,16,7,1,2,2,3,6,1,0,1,2,37,1,2,0.0,0.0,0.0,0.0,0.0,1.0,3,4,8
187498,4,2,3,17,6,3,0,1,0,1,2,18,2,3,1.0,0.0,0.0,1.0,0.0,1.0,8,7,12
141797,16,2,3,15,2,3,0,1,1,1,1,36,2,2,0.0,0.0,0.0,0.0,0.0,2.0,15,3,10
108383,16,2,1,14,2,3,0,1,0,1,2,17,2,2,0.0,0.0,0.0,0.0,0.0,2.0,21,6,8