crash_date,               traffic_control_device,weather_condition,lighting_condition,first_crash_type,trafficway_type,alignment,roadway_surface_cond,road_defect,crash_type,intersection_related_i,damage,prim_contributory_cause,num_units,most_severe_injury,injuries_total,injuries_fatal,injuries_incapacitating,injuries_non_incapacitating,injuries_reported_not_evident,injuries_no_indication,crash_hour,crash_day_of_week,crash_month
18699,4,2,3,17,8,3,0,1,1,1,2,36,2,2,0.0,0.0,0.0,0.0,0.0,3.0,16,5,2
80265,16,2,3,9,2,3,0,1,0,1,0,18,2,3,1.0,0.0,0.0,1.0,0.0,3.0,14,6,6
134834,16,2,3,0,2,3,0,1,1,1,1,21,2,2,0.0,0.0,0.0,0.0,0.0,6.0,8,3,9
122531,16,2,3,10,2,3,0,1,1,1,1,36,3,2,0.0,0.0,0.0,0.0,0.0,2.0,9,7,9
146724,16,2,1,17,8,3,0,1,1,1,2,24,2,2,0.0,0.0,0.0,0.0,0.0,2.0,19,1,10
135060,16,2,3,17,6,3,0,1,1,1,0,36,2,2,0.0,0.0,0.0,0.0,0.0,2.0,10,7,9
163986,4,11,1,10,15,3,5,5,1,1,2,36,3,2,0.0,0.0,0.0,0.0,0.0,3.0,16,3,11
98871,16,2,4,17,6,3,0,1,1,1,1,6,2,2,0.0,0.0,0.0,0.0,0.0,2.0,20,2,7
51864,16,2,3,17,6,3,0,1,1,1,2,18,2,2,0.0,0.0,0.0,0.0,0.0,3.0,8,5,4
122631,15,2,3,0,6,4,0,1,1,1,2,18,2,2,0.0,0.0,0.0,0.0,0.0,6.0,17,2,9
4140,16,2,1,10,2,3,0,5,1,1,0,36,3,2,0.0,0.0,0.0,0.0,0.0,3.0,19,7,1
58690,16,2,3,8,10,3,0,1,0,1,1,36,2,3,1.0,0.0,0.0,1.0,0.0,1.0,15,5,5
35727,16,2,3,0,6,3,0,1,0,1,2,6,2,4,1.0,0.0,0.0,0.0,1.0,2.0,10,5,3
51911,15,2,3,10,6,3,6,1,1,1,0,19,2,2,0.0,0.0,0.0,0.0,0.0,4.0,18,6,4
81873,15,2,1,7,6,3,0,1,0,1,2,17,2,3,1.0,0.0,0.0,1.0,0.0,0.0,2,1,6
15068,15,3,0,0,8,3,5,5,0,1,2,5,2,1,1.0,0.0,1.0,0.0,0.0,1.0,19,2,2
107925,16,2,3,10,3,3,0,1,0,1,2,17,3,2,0.0,0.0,0.0,0.0,0.0,4.0,15,7,8
167270,15,2,3,0,2,3,0,1,1,1,2,18,2,2,0.0,0.0,0.0,0.0,0.0,2.0,17,7,11
127095,16,2,3,17,6,3,0,1,1,1,2,18,2,2,0.0,0.0,0.0,0.0,0.0,5.0,15,5,9
156031,16,2,3,10,6,3,0,1,1,1,1,19,2,2,0.0,0.0,0.0,0.0,0.0,2.0,8,2,11
181812,16,2,3,15,2,3,0,1,1,1,2,36,2,2,0.0,0.0,0.0,0.0,0.0,4.0,7,3,12
96562,15,2,3,17,8,3,0,1,1,1,1,18,2,2,0.0,0.0,0.0,0.0,0.0,4.0,9,4,7
90122,16,2,3,10,2,3,0,1,1,1,2,19,2,2,0.0,0.0,0.0,0.0,0.0,2.0,17,2,7
143873,15,11,5,15,10,3,5,5,1,1,2,36,2,2,0.0,0.0,0.0,0.0,0.0,2.0,17,4,10
45390,16,2,3,9,3,3,0,1,0,0,1,36,2,1,1.0,0.0,1.0,0.0,0.0,1.0,9,7,4
70553,16,2,1,10,2,3,0,1,1,1,2,19,2,2,0.0,0.0,0.0,0.0,0.0,5.0,0,2,5
40347,4,2,3,0,6,3,0,1,0,1,2,36,2,2,0.0,0.0,0.0,0.0,0.0,8.0,14,7,3
188559,4,2,1,17,2,3,0,1,0,1,2,24,2,2,0.0,0.0,0.0,0.0,0.0,2.0,4,7,12
109071,16,2,1,10,6,3,0,2,0,1,2,18,3,2,0.0,0.0,0.0,0.0,0.0,3.0,3,4,8
130462,16,2,3,0,2,3,0,5,0,1,2,36,2,4,2.0,0.0,0.0,0.0,2.0,0.0,17,1,9
160916,16,10,3,17,2,3,4,1,1,1,2,39,2,2,0.0,0.0,0.0,0.0,0.0,2.0,10,6,11
139516,16,2,1,15,2,3,0,1,1,1,2,22,2,2,0.0,0.0,0.0,0.0,0.0,3.0,22,6,10
89935,16,2,3,10,3,3,0,1,1,1,1,9,2,2,0.0,0.0,0.0,0.0,0.0,2.0,10,5,7
125958,16,2,3,17,10,3,0,1,1,1,2,36,2,2,0.0,0.0,0.0,0.0,0.0,3.0,16,3,9
137517,16,2,1,15,8,3,0,1,1,1,2,36,2,2,0.0,0.0,0.0,0.0,0.0,3.0,23,7,9
88411,16,2,3,17,6,2,0,1,0,1,1,6,2,4,1.0,0.0,0.0,0.0,1.0,1.0,19,3,7
15709,16,2,3,17,2,3,6,5,1,1,2,36,2,2,0.0,0.0,0.0,0.0,0.0,2.0,10,7,2
103177,16,2,1,17,18,3,0,1,0,1,2,12,2,2,0.0,0.0,0.0,0.0,0.0,2.0,22,6,7
92948,16,7,1,0,15,3,6,5,1,1,1,36,2,2,0.0,0.0,0.0,0.0,0.0,2.0,0,4,7
56499,15,2,3,10,8,3,6,1,1,1,2,19,2,2,0.0,0.0,0.0,0.0,0.0,2.0,14,3,5
107661,15,2,3,17,8,3,0,1,1,1,2,18,2,2,0.0,0.0,0.0,0.0,0.0,2.0,16,4,8
152230,15,2,4,0,2,3,0,1,0,1,2,18,2,2,0.0,0.0,0.0,0.0,0.0,8.0,17,5,10
142658,16,2,3,10,6,3,0,1,1,1,0,19,2,2,0.0,0.0,0.0,0.0,0.0,2.0,14,4,10
29020,16,2,3,10,6,3,0,1,1,1,2,19,2,2,0.0,0.0,0.0,0.0,0.0,2.0,8,4,3
167948,15,2,3,17,2,3,0,1,1,1,2,18,2,2,0.0,0.0,0.0,0.0,0.0,3.0,14,3,11
108286,16,2,3,17,10,3,0,1,1,1,2,19,2,2,0.0,0.0,0.0,0.0,0.0,2.0,15,5,8
118633,15,2,1,0,6,3,0,1,0,1,2,5,2,2,0.0,0.0,0.0,0.0,0.0,2.0,4,1,8
88670,16,7,3,17,6,3,6,1,0,1,2,18,2,3,1.0,0.0,0.0,1.0,0.0,2.0,14,1,7
43477,4,3,1,2,8,4,6,1,0,1,2,36,1,2,0.0,0.0,0.0,0.0,0.0,1.0,0,1,4
143442,16,2,3,0,2,3,6,1,0,1,2,12,3,3,1.0,0.0,0.0,1.0,0.0,2.0,12,4,10
109972,16,7,3,8,3,3,6,1,1,1,2,18,2,2,0.0,0.0,0.0,0.0,0.0,2.0,16,2,8
136715,16,2,3,10,10,3,0,1,0,1,2,36,2,3,1.0,0.0,0.0,1.0,0.0,1.0,13,3,9
170183,16,2,3,15,8,3,0,1,1,1,1,22,2,2,0.0,0.0,0.0,0.0,0.0,3.0,11,2,11
18302,16,2,3,17,10,3,0,1,1,1,0,24,2,2,0.0,0.0,0.0,0.0,0.0,2.0,11,4,2
104620,15,2,3,17,8,3,0,1,0,1,2,18,2,2,0.0,0.0,0.0,0.0,0.0,2.0,8,5,8
187310,15,7,1,0,8,3,6,1,0,0,2,18,2,2,0.0,0.0,0.0,0.0,0.0,2.0,18,3,12
94635,16,2,1,8,8,3,0,1,1,1,0,12,2,2,0.0,0.0,0.0,0.0,0.0,2.0,0,7,7
66217,16,2,0,17,15,3,0,1,1,1,0,24,2,2,0.0,0.0,0.0,0.0,0.0,3.0,20,3,5
71170,16,11,3,15,3,3,5,1,1,1,2,23,2,2,0.0,0.0,0.0,0.0,0.0,2.0,8,3,5
54413,15,2,3,0,18,3,0,1,0,1,2,12,2,4,1.0,0.0,0.0,0.0,1.0,3.0,7,5,4
66925,16,2,3,17,6,3,0,1,1,1,2,12,2,2,0.0,0.0,0.0,0.0,0.0,2.0,15,2,5
145452,16,2,1,17,8,3,0,1,0,1,1,23,2,2,0.0,0.0,0.0,0.0,0.0,2.0,21,4,10
122535,4,11,5,10,6,3,5,5,0,1,2,19,2,2,0.0,0.0,0.0,0.0,0.0,2.0,22,7,9
49922,15,2,3,0,8,3,0,1,1,1,2,18,2,2,0.0,0.0,0.0,0.0,0.0,2.0,9,4,4
3015,16,2,1,0,3,3,0,1,0,1,2,6,2,3,2.0,0.0,0.0,1.0,1.0,3.0,1,2,1
113245,15,2,3,0,8,4,0,5,0,1,2,36,2,4,2.0,0.0,0.0,0.0,2.0,1.0,17,3,8
118885,16,2,1,17,1,3,0,1,0,1,2,24,2,3,2.0,0.0,0.0,1.0,1.0,0.0,0,3,8
32948,16,2,1,3,8,3,0,1,1,1,1,26,2,2,0.0,0.0,0.0,0.0,0.0,2.0,3,1,3
134687,4,2,3,15,2,3,5,5,1,1,0,23,2,2,0.0,0.0,0.0,0.0,0.0,2.0,12,2,9
159381,15,2,3,0,3,3,0,1,0,1,2,6,2,3,1.0,0.0,0.0,1.0,0.0,1.0,10,5,11
110937,15,2,3,0,10,3,0,1,1,1,2,18,2,2,0.0,0.0,0.0,0.0,0.0,2.0,15,3,8
139148,16,2,3,10,6,3,0,1,1,1,2,19,2,2,0.0,0.0,0.0,0.0,0.0,3.0,14,2,10
132838,4,2,3,17,8,3,0,5,1,1,2,17,2,2,0.0,0.0,0.0,0.0,0.0,2.0,8,5,9
130307,4,2,3,17,15,3,0,1,1,1,1,23,2,2,0.0,0.0,0.0,0.0,0.0,3.0,15,6,9
163235,16,2,3,10,8,3,0,1,1,1,1,17,2,2,0.0,0.0,0.0,0.0,0.0,2.0,16,7,11
56662,16,2,3,0,17,3,0,1,1,1,2,18,2,2,0.0,0.0,0.0,0.0,0.0,2.0,14,7,5
139595,16,2,3,0,6,3,0,1,0,1,2,6,3,4,2.0,0.0,0.0,0.0,2.0,3.0,15,2,10
45162,16,2,3,15,8,3,0,1,1,1,2,36,2,2,0.0,0.0,0.0,0.0,0.0,2.0,10,4,4
143282,16,2,5,0,6,3,5,5,1,1,2,23,2,2,0.0,0.0,0.0,0.0,0.0,2.0,4,5,10
80895,16,2,3,15,6,3,0,1,1,1,1,36,2,2,0.0,0.0,0.0,0.0,0.0,2.0,19,2,6
66847,15,2,3,0,6,3,0,1,0,1,2,18,2,2,0.0,0.0,0.0,0.0,0.0,4.0,10,7,5
102837,16,2,4,10,6,3,0,5,0,1,2,17,2,4,1.0,0.0,0.0,0.0,1.0,2.0,19,2,7
36784,16,2,3,17,2,3,0,1,1,1,2,18,2,2,0.0,0.0,0.0,0.0,0.0,2.0,13,3,3
148849,15,2,1,0,6,3,0,1,0,1,2,36,2,2,0.0,0.0,0.0,0.0,0.0,4.0,17,3,10
147301,15,2,3,0,3,3,0,1,0,1,2,18,4,4,1.0,0.0,0.0,0.0,1.0,3.0,17,3,10
30558,15,2,3,17,2,3,0,5,1,1,2,36,2,2,0.0,0.0,0.0,0.0,0.0,2.0,16,3,3
168671,16,2,3,10,2,3,0,1,1,1,2,19,2,2,0.0,0.0,0.0,0.0,0.0,2.0,7,6,11
150110,15,2,3,0,8,3,0,1,1,1,2,18,2,2,0.0,0.0,0.0,0.0,0.0,2.0,12,6,10
24229,16,2,1,10,2,3,0,1,1,0,1,36,2,2,0.0,0.0,0.0,0.0,0.0,3.0,19,7,2
118883,4,7,3,10,8,3,6,1,1,0,1,36,3,2,0.0,0.0,0.0,0.0,0.0,3.0,11,3,8
153741,17,2,5,9,17,3,0,5,0,1,2,26,2,3,1.0,0.0,0.0,1.0,0.0,1.0,20,6,10
185802,16,2,1,0,8,3,0,1,1,1,2,3,2,2,0.0,0.0,0.0,0.0,0.0,2.0,19,4,12
104726,16,2,3,10,8,3,0,1,1,1,0,36,2,2,0.0,0.0,0.0,0.0,0.0,2.0,10,6,8
74537,15,2,3,0,15,3,0,1,1,1,2,5,2,2,0.0,0.0,0.0,0.0,0.0,2.0,15,5,6
73664,16,2,1,0,6,3,0,1,0,1,2,6,3,4,1.0,0.0,0.0,0.0,1.0,1.0,2,7,6
92531,15,2,3,10,2,3,0,1,1,0,0,8,2,2,0.0,0.0,0.0,0.0,0.0,2.0,16,4,7
129904,16,2,2,10,8,3,0,1,0,1,2,19,2,3,3.0,0.0,0.0,1.0,2.0,1.0,6,7,9
133842,15,2,3,7,10,3,0,1,1,1,1,17,2,2,0.0,0.0,0.0,0.0,0.0,2.0,10,5,9
146858,16,2,3,15,2,3,0,1,1,1,2,22,2,2,0.0,0.0,0.0,0.0,0.0,6.0,9,4,10
63228,15,2,3,5,15,3,0,1,0,1,2,5,2,2,0.0,0.0,0.0,0.0,0.0,2.0,15,4,5
76049,16,2,3,17,8,3,0,1,1,1,2,24,2,2,0.0,0.0,0.0,0.0,0.0,3.0,5,6,6
123293,16,2,3,10,2,3,0,1,1,1,1,19,2,2,0.0,0.0,0.0,0.0,0.0,2.0,16,3,9
188486,16,2,1,10,8,2,0,1,0,0,2,12,2,3,1.0,0.0,0.0,1.0,0.0,2.0,0,7,12
127543,16,2,1,17,8,3,0,1,0,1,2,12,2,4,1.0,0.0,0.0,0.0,1.0,1.0,0,2,9
82235,4,7,1,17,2,3,6,1,0,0,2,18,2,2,0.0,0.0,0.0,0.0,0.0,2.0,0,5,6
17854,16,10,3,10,8,3,6,1,1,1,2,19,2,2,0.0,0.0,0.0,0.0,0.0,2.0,15,4,2
14683,16,2,1,0,8,3,0,1,0,1,2,6,2,2,0.0,0.0,0.0,0.0,0.0,4.0,23,4,1
10915,16,10,1,10,3,3,6,1,0,1,2,19,2,2,0.0,0.0,0.0,0.0,0.0,3.0,20,1,1
91231,15,2,3,0,8,3,0,1,1,1,1,5,2,2,0.0,0.0,0.0,0.0,0.0,2.0,14,5,7
173633,15,2,0,0,6,3,0,5,1,1,2,5,2,2,0.0,0.0,0.0,0.0,0.0,2.0,19,1,12
181199,16,2,1,3,6,3,0,5,1,1,2,17,2,2,0.0,0.0,0.0,0.0,0.0,2.0,20,7,12
137389,4,2,0,15,8,3,0,1,0,1,2,26,2,2,0.0,0.0,0.0,0.0,0.0,2.0,17,6,9
40422,16,2,3,17,6,3,0,5,1,1,2,36,2,2,0.0,0.0,0.0,0.0,0.0,5.0,15,1,3
157585,16,7,3,0,8,3,6,1,1,1,0,6,2,2,0.0,0.0,0.0,0.0,0.0,6.0,12,1,11
4199,15,2,3,0,6,3,0,1,0,1,2,38,2,3,1.0,0.0,0.0,1.0,0.0,1.0,14,2,1
112694,4,2,1,15,8,3,0,1,1,0,2,36,3,2,0.0,0.0,0.0,0.0,0.0,4.0,0,7,8
135068,4,2,1,9,7,3,0,1,0,1,2,36,2,3,1.0,0.0,0.0,1.0,0.0,1.0,23,7,9
17453,4,3,1,9,2,3,6,1,0,1,0,36,2,3,1.0,0.0,0.0,1.0,0.0,1.0,20,4,2
182499,4,2,2,10,2,3,0,1,1,1,1,19,2,2,0.0,0.0,0.0,0.0,0.0,2.0,16,3,12
129269,4,2,1,0,19,3,0,1,1,1,2,36,2,2,0.0,0.0,0.0,0.0,0.0,3.0,23,5,9
7805,15,10,3,10,10,3,6,1,1,1,0,19,2,2,0.0,0.0,0.0,0.0,0.0,2.0,14,7,1
185475,15,2,3,0,6,3,0,1,0,1,2,18,3,3,1.0,0.0,0.0,1.0,0.0,2.0,15,6,12
102075,16,2,1,17,19,3,0,1,0,1,2,36,2,2,0.0,0.0,0.0,0.0,0.0,2.0,2,4,7
138986,16,2,3,10,6,3,0,1,1,1,2,36,2,2,0.0,0.0,0.0,0.0,0.0,2.0,10,5,10
177105,15,2,3,17,6,3,5,5,1,1,2,18,2,2,0.0,0.0,0.0,0.0,0.0,2.0,12,2,12
188573,16,2,1,0,2,3,0,1,0,1,2,26,2,1,5.0,0.0,2.0,3.0,0.0,0.0,0,7,12
108460,17,2,3,7,8,3,0,4,0,0,2,36,5,1,1.0,0.0,1.0,0.0,0.0,8.0,11,1,8
37738,16,3,3,0,2,3,0,1,0,1,2,4,2,4,1.0,0.0,0.0,0.0,1.0,4.0,12,5,3
44974,16,2,3,17,8,3,0,1,0,1,2,36,2,4,1.0,0.0,0.0,0.0,1.0,3.0,13,7,4
159893,16,2,3,17,15,3,0,5,0,1,2,36,2,2,0.0,0.0,0.0,0.0,0.0,2.0,7,6,11
170480,4,2,1,7,8,3,0,1,1,0,0,36,2,2,0.0,0.0,0.0,0.0,0.0,1.0,23,1,11
115162,4,2,3,5,8,3,0,1,0,1,2,36,2,3,2.0,0.0,0.0,1.0,1.0,0.0,16,4,8
26662,16,2,3,15,2,3,0,1,1,1,0,31,2,2,0.0,0.0,0.0,0.0,0.0,3.0,12,1,2
69690,16,2,1,10,2,3,0,1,1,1,1,19,2,2,0.0,0.0,0.0,0.0,0.0,2.0,23,1,5
111983,15,2,3,17,2,3,0,1,1,1,0,19,2,2,0.0,0.0,0.0,0.0,0.0,2.0,8,4,8
84758,16,2,3,10,8,3,0,1,0,1,2,19,2,4,1.0,0.0,0.0,0.0,1.0,2.0,10,2,6
107967,15,2,4,0,8,3,0,1,1,1,2,18,2,2,0.0,0.0,0.0,0.0,0.0,3.0,22,7,8
151005,16,7,1,10,3,3,6,5,1,1,2,19,3,2,0.0,0.0,0.0,0.0,0.0,2.0,6,3,10
153304,16,2,3,15,2,3,0,1,1,1,0,23,2,2,0.0,0.0,0.0,0.0,0.0,2.0,16,1,10
147805,16,3,4,10,8,3,0,5,0,1,2,6,2,3,1.0,0.0,0.0,1.0,0.0,1.0,17,3,10
1507,17,10,5,10,17,3,5,5,1,1,1,26,2,2,0.0,0.0,0.0,0.0,0.0,2.0,17,5,1
185102,15,4,1,0,19,3,0,1,0,1,2,18,2,2,0.0,0.0,0.0,0.0,0.0,3.0,18,7,12
137142,16,2,3,17,10,3,0,1,1,1,1,24,2,2,0.0,0.0,0.0,0.0,0.0,2.0,15,1,9
47581,16,2,3,0,6,3,0,5,0,1,2,6,3,4,1.0,0.0,0.0,0.0,1.0,2.0,12,6,4
152492,16,10,3,17,6,3,6,1,0,1,2,17,2,2,0.0,0.0,0.0,0.0,0.0,2.0,10,2,10
130676,16,2,3,17,8,3,0,1,1,1,2,36,2,2,0.0,0.0,0.0,0.0,0.0,2.0,13,3,9
38876,4,7,3,0,8,3,6,1,1,1,2,5,2,2,0.0,0.0,0.0,0.0,0.0,2.0,6,5,3
147235,4,2,3,15,2,3,0,1,1,1,2,23,2,2,0.0,0.0,0.0,0.0,0.0,2.0,15,2,10
167650,15,2,3,10,8,3,0,1,1,1,2,19,2,2,0.0,0.0,0.0,0.0,0.0,3.0,14,4,11
84202,16,2,3,15,8,3,0,5,1,1,2,36,2,2,0.0,0.0,0.0,0.0,0.0,3.0,14,7,6
49268,15,2,1,17,2,3,0,1,0,1,2,36,2,4,2.0,0.0,0.0,0.0,2.0,1.0,22,7,4
38743,4,7,3,17,2,3,6,1,1,0,2,18,2,2,0.0,0.0,0.0,0.0,0.0,2.0,11,4,3
148209,16,2,1,17,6,3,6,1,1,1,2,6,2,2,0.0,0.0,0.0,0.0,0.0,3.0,18,7,10
115552,4,2,3,17,6,3,0,1,1,1,2,18,2,2,0.0,0.0,0.0,0.0,0.0,5.0,18,5,8
179446,16,2,3,15,10,3,6,1,1,1,2,24,2,2,0.0,0.0,0.0,0.0,0.0,2.0,14,2,12
29803,16,2,3,5,8,3,0,1,1,1,2,13,2,2,0.0,0.0,0.0,0.0,0.0,5.0,12,4,3
25059,16,7,3,17,15,3,6,1,1,1,2,24,2,2,0.0,0.0,0.0,0.0,0.0,2.0,14,3,2
42109,4,10,1,3,8,3,6,1,1,1,2,4,2,2,0.0,0.0,0.0,0.0,0.0,2.0,11,5,3
43991,16,3,3,10,5,3,6,1,0,1,2,19,2,2,0.0,0.0,0.0,0.0,0.0,2.0,17,3,4
186229,16,7,3,0,8,3,0,1,0,1,2,6,2,2,0.0,0.0,0.0,0.0,0.0,3.0,13,7,12
64156,16,2,3,15,2,3,0,5,1,0,2,22,2,2,0.0,0.0,0.0,0.0,0.0,2.0,19,5,5
23433,15,2,3,0,6,3,0,1,1,1,2,5,2,2,0.0,0.0,0.0,0.0,0.0,5.0,16,1,2
19826,16,2,4,17,2,3,0,1,1,1,2,24,2,2,0.0,0.0,0.0,0.0,0.0,3.0,16,3,2
158702,15,2,3,15,8,3,0,1,1,1,2,21,2,2,0.0,0.0,0.0,0.0,0.0,2.0,14,3,11
3785,16,2,3,17,8,3,0,1,0,1,2,18,2,2,0.0,0.0,0.0,0.0,0.0,2.0,10,2,1
3007,16,7,1,0,2,3,6,1,0,1,2,6,3,2,0.0,0.0,0.0,0.0,0.0,3.0,23,1,1
180906,16,10,1,0,6,3,4,1,0,1,2,17,2,3,1.0,0.0,0.0,1.0,0.0,2.0,2,2,12
23490,16,2,1,17,8,3,0,1,1,1,2,36,2,2,0.0,0.0,0.0,0.0,0.0,2.0,18,6,2
12431,16,2,3,17,8,3,0,1,1,1,1,12,2,2,0.0,0.0,0.0,0.0,0.0,3.0,7,6,1
7388,16,2,1,0,5,3,6,1,0,1,2,6,4,1,3.0,0.0,1.0,2.0,0.0,3.0,0,7,1
51108,15,2,3,17,8,3,0,1,0,1,2,36,2,2,0.0,0.0,0.0,0.0,0.0,2.0,7,5,4
175620,16,2,3,17,8,3,0,1,1,1,1,36,2,2,0.0,0.0,0.0,0.0,0.0,2.0,15,7,12
184844,16,2,3,10,8,3,0,1,1,1,1,17,2,2,0.0,0.0,0.0,0.0,0.0,3.0,14,2,12
64733,15,11,1,15,10,3,5,5,1,0,2,36,2,2,0.0,0.0,0.0,0.0,0.0,4.0,20,7,5
160698,4,2,3,17,8,3,0,1,0,1,2,36,2,2,0.0,0.0,0.0,0.0,0.0,2.0,7,5,11
82403,16,2,1,17,6,3,0,1,1,1,2,23,2,2,0.0,0.0,0.0,0.0,0.0,3.0,0,1,6
9597,15,2,1,10,8,3,0,1,0,1,2,19,2,2,0.0,0.0,0.0,0.0,0.0,2.0,2,7,1
21727,16,2,2,0,2,2,0,1,0,1,2,22,2,1,1.0,0.0,1.0,0.0,0.0,1.0,6,6,2
80101,16,2,3,17,6,3,0,1,1,1,2,24,2,2,0.0,0.0,0.0,0.0,0.0,2.0,11,3,6
78597,16,2,3,17,8,3,6,1,1,1,2,18,2,2,0.0,0.0,0.0,0.0,0.0,2.0,14,3,6
680,16,7,3,17,2,3,6,1,0,1,2,24,2,2,0.0,0.0,0.0,0.0,0.0,2.0,12,4,1
170917,16,2,1,15,8,3,0,1,1,1,2,36,2,2,0.0,0.0,0.0,0.0,0.0,4.0,19,1,11
133578,15,2,1,10,8,3,0,2,1,1,2,19,2,2,0.0,0.0,0.0,0.0,0.0,2.0,1,7,9
74642,15,2,3,8,8,3,0,1,0,1,2,18,2,3,2.0,0.0,0.0,2.0,0.0,0.0,9,7,6
35644,15,2,3,0,6,3,0,1,0,1,2,18,4,3,2.0,0.0,0.0,2.0,0.0,1.0,8,4,3
18430,16,2,3,17,1,3,0,1,1,1,2,18,2,2,0.0,0.0,0.0,0.0,0.0,2.0,10,6,2
27832,16,2,1,17,8,3,0,1,1,1,1,17,2,2,0.0,0.0,0.0,0.0,0.0,2.0,18,6,2
47768,15,2,3,0,6,3,0,1,0,1,2,6,2,2,0.0,0.0,0.0,0.0,0.0,4.0,17,2,4
118927,16,2,1,17,2,3,0,1,1,1,2,24,2,2,0.0,0.0,0.0,0.0,0.0,2.0,20,4,8
131657,16,2,3,10,1,4,0,1,1,1,1,19,2,2,0.0,0.0,0.0,0.0,0.0,2.0,10,3,9
56346,15,2,3,0,11,3,0,1,1,1,2,17,2,2,0.0,0.0,0.0,0.0,0.0,2.0,12,1,5
57627,16,2,3,15,8,3,0,1,1,0,2,36,2,2,0.0,0.0,0.0,0.0,0.0,3.0,9,7,5
10064,16,2,0,2,8,3,0,1,0,0,2,36,1,2,0.0,0.0,0.0,0.0,0.0,4.0,1,1,1
85198,16,2,1,10,10,3,0,1,0,1,2,36,3,2,0.0,0.0,0.0,0.0,0.0,3.0,23,1,6
116990,16,2,1,17,18,3,6,1,0,1,2,36,2,3,1.0,0.0,0.0,1.0,0.0,2.0,0,4,8
87047,16,2,3,10,3,3,0,1,1,1,0,36,2,2,0.0,0.0,0.0,0.0,0.0,2.0,17,4,6
21373,16,2,3,2,3,3,0,1,0,1,2,36,1,2,0.0,0.0,0.0,0.0,0.0,1.0,12,6,2
65236,15,3,3,0,2,3,0,1,1,1,2,18,2,2,0.0,0.0,0.0,0.0,0.0,3.0,9,1,5
119701,16,2,1,15,2,3,0,1,1,1,2,23,2,2,0.0,0.0,0.0,0.0,0.0,2.0,20,2,8
56819,15,2,1,0,6,3,0,1,0,1,2,5,2,1,3.0,0.0,2.0,1.0,0.0,0.0,21,2,5
80283,16,2,3,0,8,3,0,1,1,1,2,18,2,2,0.0,0.0,0.0,0.0,0.0,2.0,17,6,6
25368,16,7,1,2,1,4,6,1,0,1,1,16,2,2,0.0,0.0,0.0,0.0,0.0,2.0,19,7,2
59651,15,2,0,15,5,3,0,5,1,1,1,5,2,2,0.0,0.0,0.0,0.0,0.0,2.0,20,4,5
13924,16,2,0,10,6,3,0,1,1,0,0,17,2,2,0.0,0.0,0.0,0.0,0.0,2.0,6,4,1
188422,15,7,3,0,6,3,6,1,1,1,2,23,2,2,0.0,0.0,0.0,0.0,0.0,2.0,10,6,12
163179,4,2,1,17,8,3,0,1,1,1,2,18,2,2,0.0,0.0,0.0,0.0,0.0,2.0,18,5,11
100685,4,2,3,15,15,3,0,1,1,0,2,23,2,2,0.0,0.0,0.0,0.0,0.0,6.0,16,5,7
189042,16,7,1,0,2,3,6,1,0,1,2,17,2,2,0.0,0.0,0.0,0.0,0.0,3.0,17,3,12
168860,16,10,3,10,2,3,6,1,1,1,2,19,2,2,0.0,0.0,0.0,0.0,0.0,2.0,8,3,11
138313,16,7,1,10,1,3,6,1,1,1,2,17,2,2,0.0,0.0,0.0,0.0,0.0,2.0,4,4,10
133796,15,2,3,0,8,3,0,1,0,1,2,18,2,3,2.0,0.0,0.0,2.0,0.0,1.0,15,5,9
53161,16,7,4,3,8,3,6,1,0,1,2,18,2,2,0.0,0.0,0.0,0.0,0.0,2.0,19,7,4
54494,16,2,1,10,2,3,0,1,1,1,2,19,2,2,0.0,0.0,0.0,0.0,0.0,2.0,20,7,4
25985,15,11,5,17,15,3,5,5,1,1,2,36,2,2,0.0,0.0,0.0,0.0,0.0,2.0,16,5,2
1216,15,2,3,0,8,3,0,1,0,1,2,5,3,3,1.0,0.0,0.0,1.0,0.0,2.0,12,6,1
86860,16,2,3,0,1,3,0,1,0,1,2,6,3,3,1.0,0.0,0.0,1.0,0.0,2.0,4,7,6
137743,15,2,3,0,6,3,0,1,1,1,2,18,2,2,0.0,0.0,0.0,0.0,0.0,2.0,13,3,10
7019,16,2,1,15,3,3,0,5,1,1,1,36,2,2,0.0,0.0,0.0,0.0,0.0,3.0,20,3,1
123958,15,7,3,0,8,3,6,1,1,1,2,36,2,2,0.0,0.0,0.0,0.0,0.0,3.0,12,6,9
66494,15,2,3,17,6,3,0,1,0,1,2,18,2,3,1.0,0.0,0.0,1.0,0.0,3.0,7,3,5
108056,16,7,3,8,8,3,6,1,1,1,2,6,2,2,0.0,0.0,0.0,0.0,0.0,2.0,16,2,8
33106,16,2,3,15,8,3,0,5,1,1,2,36,2,2,0.0,0.0,0.0,0.0,0.0,2.0,14,5,3
142230,16,2,3,10,8,3,0,1,1,1,1,17,2,2,0.0,0.0,0.0,0.0,0.0,4.0,15,2,10
144602,16,2,3,17,1,3,0,1,1,1,2,19,2,2,0.0,0.0,0.0,0.0,0.0,4.0,16,5,10
133909,16,2,3,0,8,3,0,1,0,1,2,18,3,3,1.0,0.0,0.0,1.0,0.0,3.0,8,6,9
43062,16,2,1,15,6,3,0,1,1,1,1,36,2,2,0.0,0.0,0.0,0.0,0.0,4.0,22,1,4
138393,16,2,3,15,8,3,5,5,1,1,1,36,2,2,0.0,0.0,0.0,0.0,0.0,2.0,16,6,10