crash_date,               traffic_control_device,weather_condition,lighting_condition,first_crash_type,trafficway_type,alignment,roadway_surface_cond,road_defect,crash_type,intersection_related_i,damage,prim_contributory_cause,num_units,most_severe_injury,injuries_total,injuries_fatal,injuries_incapacitating,injuries_non_incapacitating,injuries_reported_not_evident,injuries_no_indication,crash_hour,crash_day_of_week,crash_month
86779,16,2,3,10,8,3,0,1,1,1,2,21,2,2,0.0,0.0,0.0,0.0,0.0,3.0,15,6,6
46887,16,2,0,10,2,3,0,5,1,1,2,36,4,2,0.0,0.0,0.0,0.0,0.0,4.0,2,1,4
162936,15,2,3,0,6,3,0,1,0,1,2,18,2,2,0.0,0.0,0.0,0.0,0.0,2.0,15,4,11
61941,16,7,3,10,6,3,6,1,1,1,1,12,2,2,0.0,0.0,0.0,0.0,0.0,2.0,16,6,5
51466,16,2,3,0,8,3,0,1,0,1,2,18,2,3,1.0,0.0,0.0,1.0,0.0,2.0,16,5,4
149897,16,2,3,17,2,3,0,1,1,1,1,32,2,2,0.0,0.0,0.0,0.0,0.0,2.0,11,2,10
79340,16,2,3,17,1,3,0,1,1,1,0,36,2,2,0.0,0.0,0.0,0.0,0.0,2.0,15,5,6
131174,16,2,3,15,8,3,0,6,0,1,2,36,3,1,1.0,0.0,1.0,0.0,0.0,3.0,7,5,9
169085,16,2,3,0,6,3,0,1,0,1,2,6,2,4,1.0,0.0,0.0,0.0,1.0,3.0,7,1,11
20190,15,10,1,17,8,3,4,1,1,1,1,36,2,2,0.0,0.0,0.0,0.0,0.0,3.0,21,2,2
175800,16,3,3,15,6,3,0,1,1,1,0,26,2,2,0.0,0.0,0.0,0.0,0.0,2.0,10,4,12
140445,16,7,0,15,2,3,6,1,1,1,1,23,2,2,0.0,0.0,0.0,0.0,0.0,3.0,18,5,10
117431,4,2,1,17,2,3,0,1,0,1,2,18,2,2,0.0,0.0,0.0,0.0,0.0,3.0,19,4,8
115607,16,2,3,10,8,3,0,1,1,1,1,19,2,2,0.0,0.0,0.0,0.0,0.0,4.0,13,4,8
48376,15,2,3,17,6,3,0,1,1,1,2,36,2,2,0.0,0.0,0.0,0.0,0.0,3.0,13,6,4
70030,15,2,1,0,6,3,0,1,0,1,2,5,2,1,1.0,0.0,1.0,0.0,0.0,1.0,2,1,5
109156,16,2,3,10,6,3,0,1,1,1,1,19,2,2,0.0,0.0,0.0,0.0,0.0,2.0,11,5,8
109003,16,2,3,10,8,3,0,1,1,1,1,19,2,2,0.0,0.0,0.0,0.0,0.0,2.0,12,2,8
76953,16,2,3,0,6,3,0,1,0,1,2,36,2,3,1.0,0.0,0.0,1.0,0.0,2.0,13,7,6
90322,16,2,1,0,3,3,0,1,0,1,1,36,2,2,0.0,0.0,0.0,0.0,0.0,3.0,3,6,7
106101,16,2,3,17,8,3,0,1,1,1,2,18,2,2,0.0,0.0,0.0,0.0,0.0,2.0,18,1,8
3700,16,5,1,0,6,3,1,1,1,1,2,36,2,2,0.0,0.0,0.0,0.0,0.0,2.0,23,7,1
96650,15,2,3,17,2,3,0,5,1,1,2,26,2,2,0.0,0.0,0.0,0.0,0.0,3.0,17,4,7
163464,16,2,3,10,15,3,0,1,1,1,2,19,2,2,0.0,0.0,0.0,0.0,0.0,2.0,8,3,11
33349,16,2,3,10,2,3,0,1,1,1,2,19,2,2,0.0,0.0,0.0,0.0,0.0,2.0,14,7,3
118493,15,2,3,0,8,3,0,1,1,1,2,36,2,2,0.0,0.0,0.0,0.0,0.0,4.0,17,6,8
2446,16,2,3,9,1,3,0,1,0,1,2,18,2,1,1.0,0.0,1.0,0.0,0.0,1.0,15,7,1
36512,15,7,3,0,8,3,6,1,1,1,2,18,2,2,0.0,0.0,0.0,0.0,0.0,2.0,15,6,3
7872,15,11,3,0,6,3,5,5,1,1,2,36,2,2,0.0,0.0,0.0,0.0,0.0,2.0,14,1,1
42223,4,7,1,2,8,3,6,1,0,1,2,39,1,4,1.0,0.0,0.0,0.0,1.0,2.0,19,1,3
79602,16,2,3,10,8,3,0,1,1,1,1,8,2,2,0.0,0.0,0.0,0.0,0.0,2.0,12,2,6
37653,16,2,3,17,8,3,0,4,0,1,1,18,2,2,0.0,0.0,0.0,0.0,0.0,2.0,9,4,3
138237,4,2,3,8,2,3,0,1,0,1,0,24,2,3,1.0,0.0,0.0,1.0,0.0,1.0,11,2,10
124858,15,7,1,0,6,3,6,5,1,1,1,36,3,2,0.0,0.0,0.0,0.0,0.0,2.0,0,6,9
59474,16,11,5,17,2,3,5,5,1,0,2,26,2,2,0.0,0.0,0.0,0.0,0.0,2.0,10,3,5
95815,16,2,1,17,6,3,0,1,0,1,2,18,2,3,1.0,0.0,0.0,1.0,0.0,3.0,21,6,7
70568,16,2,3,15,10,3,0,1,1,1,2,18,2,2,0.0,0.0,0.0,0.0,0.0,2.0,14,4,5
145567,16,2,3,17,8,3,0,1,1,1,1,36,2,2,0.0,0.0,0.0,0.0,0.0,2.0,6,6,10
11335,4,2,3,15,15,3,0,1,1,1,2,22,2,2,0.0,0.0,0.0,0.0,0.0,3.0,15,2,1
141473,15,2,3,0,6,3,0,1,1,1,2,5,2,2,0.0,0.0,0.0,0.0,0.0,2.0,9,6,10
61613,16,2,3,17,8,3,5,5,1,1,2,3,2,2,0.0,0.0,0.0,0.0,0.0,2.0,13,7,5
101219,15,2,1,17,11,3,0,5,1,1,2,5,2,2,0.0,0.0,0.0,0.0,0.0,2.0,22,6,7
174192,16,2,1,17,8,4,0,1,0,1,2,18,2,2,0.0,0.0,0.0,0.0,0.0,2.0,20,2,12
139197,16,2,3,17,8,3,0,1,1,1,0,18,2,2,0.0,0.0,0.0,0.0,0.0,2.0,11,2,10
32894,15,11,5,10,17,3,5,5,1,1,2,26,2,2,0.0,0.0,0.0,0.0,0.0,2.0,17,6,3
151189,16,2,1,10,8,3,0,1,1,1,2,17,2,2,0.0,0.0,0.0,0.0,0.0,2.0,19,7,10
32865,15,2,3,0,6,3,0,1,1,1,2,12,3,2,0.0,0.0,0.0,0.0,0.0,3.0,7,1,3
140003,16,7,1,10,2,3,6,5,1,1,1,19,2,2,0.0,0.0,0.0,0.0,0.0,2.0,20,6,10
25676,16,2,3,0,6,3,0,5,0,0,2,6,2,4,1.0,0.0,0.0,0.0,1.0,1.0,8,6,2
164114,17,2,1,0,6,3,0,1,0,1,2,6,2,3,1.0,0.0,0.0,1.0,0.0,1.0,0,4,11
30178,15,2,3,10,8,3,4,1,1,0,0,26,2,2,0.0,0.0,0.0,0.0,0.0,2.0,8,3,3
48543,16,2,3,15,8,3,0,1,1,1,0,36,2,2,0.0,0.0,0.0,0.0,0.0,2.0,7,6,4
48197,15,10,4,0,10,3,4,1,1,1,2,18,2,2,0.0,0.0,0.0,0.0,0.0,4.0,17,1,4
139440,16,2,1,8,8,3,0,5,0,1,0,24,2,3,1.0,0.0,0.0,1.0,0.0,1.0,19,5,10
36626,2,2,1,0,6,3,0,1,1,1,2,36,2,2,0.0,0.0,0.0,0.0,0.0,2.0,0,7,3
47919,16,2,3,10,6,3,0,1,0,1,2,19,2,3,2.0,0.0,0.0,1.0,1.0,0.0,15,5,4
25954,4,2,3,7,8,3,6,1,0,1,2,26,2,3,1.0,0.0,0.0,1.0,0.0,0.0,10,4,2
175987,16,2,1,17,8,3,0,1,1,1,1,19,2,2,0.0,0.0,0.0,0.0,0.0,2.0,20,5,12
160429,15,2,3,17,3,3,6,1,0,1,2,18,2,3,2.0,0.0,0.0,2.0,0.0,1.0,12,6,11
122499,16,3,3,17,19,3,0,1,0,1,2,18,2,3,1.0,0.0,0.0,1.0,0.0,4.0,13,7,9
24436,16,2,1,17,10,3,0,5,1,1,2,36,2,2,0.0,0.0,0.0,0.0,0.0,7.0,19,3,2
85474,15,7,2,10,8,3,6,1,1,1,2,39,3,2,0.0,0.0,0.0,0.0,0.0,5.0,14,7,6
12263,15,2,3,0,2,3,6,5,1,1,2,36,2,2,0.0,0.0,0.0,0.0,0.0,2.0,16,4,1
141458,16,2,3,0,6,3,0,1,1,1,2,36,2,2,0.0,0.0,0.0,0.0,0.0,2.0,7,6,10
55529,16,2,1,10,2,3,6,5,0,1,2,36,2,4,2.0,0.0,0.0,0.0,2.0,4.0,3,1,4
185620,15,2,1,0,9,3,0,1,0,1,2,6,2,1,3.0,0.0,1.0,2.0,0.0,0.0,19,1,12
152960,16,2,3,17,18,3,0,1,1,1,2,20,2,2,0.0,0.0,0.0,0.0,0.0,3.0,16,1,10
26885,17,10,3,9,6,3,4,5,1,1,1,17,3,2,0.0,0.0,0.0,0.0,0.0,3.0,7,4,2
65140,15,4,3,0,8,3,0,1,0,1,2,36,3,4,4.0,0.0,0.0,0.0,4.0,4.0,13,7,5
99821,15,2,3,0,11,3,0,5,0,1,2,38,2,2,0.0,0.0,0.0,0.0,0.0,2.0,11,3,7
126252,16,11,5,10,2,3,5,5,1,0,2,36,2,2,0.0,0.0,0.0,0.0,0.0,2.0,16,6,9
133830,16,2,3,10,8,3,0,1,1,1,0,17,2,2,0.0,0.0,0.0,0.0,0.0,2.0,8,5,9
59562,16,2,3,15,8,3,0,1,1,1,1,22,2,2,0.0,0.0,0.0,0.0,0.0,2.0,18,3,5
180720,16,11,3,0,0,3,5,5,1,0,2,36,2,2,0.0,0.0,0.0,0.0,0.0,2.0,16,6,12
30129,16,2,3,17,8,3,0,1,1,1,2,36,2,2,0.0,0.0,0.0,0.0,0.0,2.0,9,2,3
167841,16,2,1,17,10,3,0,1,1,1,1,22,2,2,0.0,0.0,0.0,0.0,0.0,2.0,19,1,11
55801,16,7,1,2,11,2,6,1,0,1,2,36,1,3,1.0,0.0,0.0,1.0,0.0,0.0,1,7,4
127019,16,7,3,10,2,3,6,1,1,1,2,19,2,2,0.0,0.0,0.0,0.0,0.0,2.0,11,2,9
139368,15,2,3,9,8,3,0,1,1,1,1,36,2,2,0.0,0.0,0.0,0.0,0.0,2.0,17,4,10
166389,16,2,1,11,6,3,0,1,0,1,2,18,3,4,4.0,0.0,0.0,0.0,4.0,1.0,0,1,11
67181,15,2,3,0,2,3,0,1,1,1,2,5,2,2,0.0,0.0,0.0,0.0,0.0,3.0,12,4,5
149573,16,2,3,17,8,3,0,5,0,1,2,36,2,3,2.0,0.0,0.0,2.0,0.0,0.0,12,6,10
53613,15,2,4,10,2,3,0,1,1,1,2,19,2,2,0.0,0.0,0.0,0.0,0.0,2.0,19,6,4
133947,15,2,3,0,6,3,0,1,1,1,2,36,2,2,0.0,0.0,0.0,0.0,0.0,3.0,15,7,9
4932,16,7,1,15,8,3,6,1,1,1,2,23,2,2,0.0,0.0,0.0,0.0,0.0,3.0,17,4,1
24978,16,2,3,17,6,3,0,1,0,1,2,18,3,1,2.0,0.0,2.0,0.0,0.0,2.0,17,7,2
101464,16,2,3,17,6,3,0,1,0,1,2,24,2,2,0.0,0.0,0.0,0.0,0.0,3.0,11,7,7
5863,15,7,3,11,6,3,4,1,1,1,1,36,2,2,0.0,0.0,0.0,0.0,0.0,2.0,14,6,1
177030,15,2,3,0,8,3,0,1,0,1,2,18,2,2,0.0,0.0,0.0,0.0,0.0,5.0,12,7,12
113009,4,2,1,7,8,3,0,1,0,1,2,23,3,2,0.0,0.0,0.0,0.0,0.0,2.0,0,7,8
170896,15,2,1,17,15,3,0,1,0,1,2,17,2,2,0.0,0.0,0.0,0.0,0.0,2.0,2,1,11
101204,15,2,3,0,6,3,0,1,1,1,2,36,2,2,0.0,0.0,0.0,0.0,0.0,2.0,19,6,7
60328,16,2,3,15,15,3,0,5,1,1,0,36,2,2,0.0,0.0,0.0,0.0,0.0,2.0,15,2,5
158688,16,2,3,15,2,3,0,1,1,1,0,36,2,2,0.0,0.0,0.0,0.0,0.0,2.0,11,2,11
92152,16,2,3,17,2,3,0,5,1,1,2,24,2,2,0.0,0.0,0.0,0.0,0.0,2.0,12,5,7
99946,4,2,3,15,15,3,5,5,0,1,2,36,2,3,4.0,0.0,0.0,3.0,1.0,0.0,9,6,7
45826,16,2,3,15,2,3,0,1,1,1,2,23,2,2,0.0,0.0,0.0,0.0,0.0,2.0,11,7,4
144231,16,2,1,10,2,3,0,1,1,1,0,17,3,2,0.0,0.0,0.0,0.0,0.0,4.0,22,7,10
106527,15,2,0,0,8,3,0,5,1,1,2,18,2,2,0.0,0.0,0.0,0.0,0.0,2.0,22,6,8
53204,15,2,3,0,6,3,0,1,0,1,2,18,2,2,0.0,0.0,0.0,0.0,0.0,2.0,16,1,4
111053,16,2,1,17,8,3,0,1,1,0,1,23,2,2,0.0,0.0,0.0,0.0,0.0,2.0,22,4,8
168073,16,2,3,15,2,3,0,1,1,0,2,23,2,2,0.0,0.0,0.0,0.0,0.0,2.0,5,6,11
73144,15,2,3,0,6,3,0,1,0,1,2,18,2,3,1.0,0.0,0.0,1.0,0.0,1.0,14,6,6
140155,16,2,3,17,6,3,0,1,0,1,2,36,2,4,1.0,0.0,0.0,0.0,1.0,2.0,10,2,10
956,16,10,1,0,5,3,6,1,0,1,2,36,2,2,0.0,0.0,0.0,0.0,0.0,2.0,19,5,1
136603,16,2,3,15,11,3,0,1,1,1,1,36,2,2,0.0,0.0,0.0,0.0,0.0,2.0,15,7,9
74335,16,2,3,17,6,3,0,1,1,1,2,6,2,2,0.0,0.0,0.0,0.0,0.0,2.0,13,4,6
110894,15,2,3,17,8,3,0,1,1,1,1,36,2,2,0.0,0.0,0.0,0.0,0.0,2.0,15,2,8
43304,15,2,3,17,8,3,0,1,0,1,2,36,2,2,0.0,0.0,0.0,0.0,0.0,3.0,9,4,4
140462,15,3,3,17,2,3,0,1,1,1,1,36,2,2,0.0,0.0,0.0,0.0,0.0,3.0,12,5,10
116771,15,7,1,0,2,3,6,1,1,1,2,18,2,2,0.0,0.0,0.0,0.0,0.0,5.0,4,7,8
119119,16,2,3,17,1,3,0,1,0,1,2,17,2,2,0.0,0.0,0.0,0.0,0.0,3.0,12,7,8
170720,16,2,3,15,8,3,6,5,0,1,2,36,2,2,0.0,0.0,0.0,0.0,0.0,3.0,15,4,11
8112,4,2,2,17,2,3,0,1,1,1,1,17,2,2,0.0,0.0,0.0,0.0,0.0,2.0,16,4,1
72065,16,2,3,0,15,3,0,5,0,1,2,6,2,4,1.0,0.0,0.0,0.0,1.0,1.0,8,3,6
167621,4,2,0,0,0,3,0,5,1,1,2,18,2,2,0.0,0.0,0.0,0.0,0.0,2.0,17,3,11
120831,4,2,1,2,14,3,0,1,1,1,1,36,1,2,0.0,0.0,0.0,0.0,0.0,2.0,21,4,9
81477,4,2,1,17,8,3,0,6,1,1,1,18,2,2,0.0,0.0,0.0,0.0,0.0,4.0,21,1,6
115498,15,2,3,0,18,3,0,5,1,1,2,5,2,2,0.0,0.0,0.0,0.0,0.0,2.0,18,3,8
74261,15,2,3,0,8,3,0,1,0,1,2,18,2,2,0.0,0.0,0.0,0.0,0.0,4.0,11,1,6
94365,15,2,4,0,8,3,0,5,1,1,2,36,2,2,0.0,0.0,0.0,0.0,0.0,2.0,20,4,7
2688,4,2,1,0,6,3,1,1,0,1,2,18,2,2,0.0,0.0,0.0,0.0,0.0,2.0,16,5,1
113205,16,2,1,0,10,3,0,1,1,1,2,6,2,2,0.0,0.0,0.0,0.0,0.0,2.0,22,1,8
100021,16,2,3,0,6,3,0,1,0,1,2,12,2,2,0.0,0.0,0.0,0.0,0.0,2.0,10,7,7
50643,16,2,3,15,6,3,0,1,1,1,2,36,2,2,0.0,0.0,0.0,0.0,0.0,3.0,11,4,4
162917,15,2,3,0,6,3,0,1,0,1,2,18,2,1,1.0,0.0,1.0,0.0,0.0,1.0,11,2,11
128926,16,2,1,17,11,3,0,1,1,1,1,18,2,2,0.0,0.0,0.0,0.0,0.0,2.0,21,6,9
117517,16,7,1,9,6,3,6,5,0,1,1,17,2,1,1.0,0.0,1.0,0.0,0.0,1.0,0,5,8
90177,16,2,3,9,8,3,0,1,0,1,2,36,2,3,1.0,0.0,0.0,1.0,0.0,1.0,15,3,7
143739,16,7,1,17,6,3,6,1,0,1,2,6,2,2,0.0,0.0,0.0,0.0,0.0,2.0,21,2,10
33000,15,2,3,17,2,3,0,5,1,1,1,18,2,2,0.0,0.0,0.0,0.0,0.0,2.0,16,2,3
97079,16,2,3,17,8,3,0,2,1,1,2,32,2,2,0.0,0.0,0.0,0.0,0.0,2.0,11,5,7
170756,16,2,3,10,8,3,0,1,1,1,1,36,2,2,0.0,0.0,0.0,0.0,0.0,2.0,8,4,11
186771,16,7,3,8,6,3,6,1,1,1,0,18,2,2,0.0,0.0,0.0,0.0,0.0,2.0,9,2,12
137809,16,2,4,10,8,3,6,1,1,1,1,19,2,2,0.0,0.0,0.0,0.0,0.0,5.0,15,5,10
155710,16,2,3,17,3,3,0,1,0,1,2,36,2,4,1.0,0.0,0.0,0.0,1.0,2.0,13,4,11
141225,16,2,3,0,10,3,0,1,0,1,2,6,2,2,0.0,0.0,0.0,0.0,0.0,4.0,17,2,10
106343,16,2,3,10,18,3,0,1,0,1,2,30,2,4,3.0,0.0,0.0,0.0,3.0,0.0,14,4,8
123262,16,2,3,17,6,3,0,1,1,1,2,24,2,2,0.0,0.0,0.0,0.0,0.0,2.0,8,5,9
106133,15,2,3,0,2,3,0,1,1,1,1,18,2,2,0.0,0.0,0.0,0.0,0.0,2.0,13,6,8
121401,4,2,3,15,8,3,0,1,1,0,2,17,2,2,0.0,0.0,0.0,0.0,0.0,2.0,9,5,9
96551,15,2,3,17,6,4,0,5,1,1,2,36,2,2,0.0,0.0,0.0,0.0,0.0,2.0,8,4,7
37515,16,2,3,17,6,3,0,5,0,1,1,6,2,2,0.0,0.0,0.0,0.0,0.0,2.0,14,4,3
69523,16,7,1,10,6,3,6,1,1,1,2,19,2,2,0.0,0.0,0.0,0.0,0.0,2.0,22,6,5
20006,15,2,3,17,6,3,0,1,0,1,2,18,2,4,1.0,0.0,0.0,0.0,1.0,2.0,15,7,2
121355,15,2,3,0,6,3,0,1,0,1,2,6,3,0,4.0,1.0,1.0,2.0,0.0,3.0,12,4,9
184598,16,7,0,0,8,3,6,5,1,1,1,36,2,2,0.0,0.0,0.0,0.0,0.0,2.0,18,6,12
127653,15,2,3,17,8,3,0,1,1,1,2,24,2,2,0.0,0.0,0.0,0.0,0.0,2.0,9,4,9
173234,16,2,1,10,8,3,5,5,1,1,2,19,2,2,0.0,0.0,0.0,0.0,0.0,4.0,1,7,12
92329,4,2,1,0,8,3,0,1,0,1,2,36,2,4,2.0,0.0,0.0,0.0,2.0,4.0,22,1,7
178884,16,2,1,10,10,3,0,1,1,1,1,17,2,2,0.0,0.0,0.0,0.0,0.0,2.0,18,3,12
67724,16,2,3,15,8,3,0,1,1,1,1,36,2,2,0.0,0.0,0.0,0.0,0.0,4.0,13,6,5
169475,16,2,1,0,6,3,0,1,0,1,2,6,2,2,0.0,0.0,0.0,0.0,0.0,3.0,18,6,11
161307,17,11,5,0,6,3,5,5,1,1,2,6,2,2,0.0,0.0,0.0,0.0,0.0,3.0,19,1,11
9218,16,2,3,15,8,3,0,1,1,1,0,12,2,2,0.0,0.0,0.0,0.0,0.0,2.0,8,6,1
143510,15,2,3,8,8,3,0,1,1,1,1,18,2,2,0.0,0.0,0.0,0.0,0.0,2.0,9,5,10
179873,16,7,1,10,6,3,6,5,1,1,2,36,3,2,0.0,0.0,0.0,0.0,0.0,3.0,17,4,12
94265,16,2,3,17,6,3,0,1,0,1,2,13,2,2,0.0,0.0,0.0,0.0,0.0,2.0,12,2,7
154005,16,2,3,15,10,3,0,1,1,1,1,18,2,2,0.0,0.0,0.0,0.0,0.0,3.0,8,2,10
43926,16,2,3,17,8,3,0,1,0,1,2,18,2,3,1.0,0.0,0.0,1.0,0.0,1.0,18,2,4
159494,15,2,1,0,6,3,0,1,1,1,2,18,2,2,0.0,0.0,0.0,0.0,0.0,2.0,21,1,11
127944,16,2,4,0,5,3,0,1,0,1,2,28,3,3,6.0,0.0,0.0,1.0,5.0,1.0,18,7,9
123737,15,3,3,17,15,3,0,1,1,1,2,24,2,2,0.0,0.0,0.0,0.0,0.0,2.0,14,6,9
695,15,2,3,15,8,3,0,1,1,1,1,22,3,2,0.0,0.0,0.0,0.0,0.0,4.0,16,5,1
148865,15,7,3,0,8,3,6,1,1,1,1,18,2,2,0.0,0.0,0.0,0.0,0.0,2.0,9,3,10
152595,16,2,3,8,10,3,0,1,0,0,0,24,2,3,1.0,0.0,0.0,1.0,0.0,1.0,17,4,10
69436,16,2,3,9,6,3,0,1,0,1,0,18,2,1,1.0,0.0,1.0,0.0,0.0,1.0,10,5,5
80430,4,2,3,15,10,3,0,1,1,0,1,36,2,2,0.0,0.0,0.0,0.0,0.0,2.0,14,7,6
7804,15,2,3,0,6,3,4,1,0,1,2,5,2,2,0.0,0.0,0.0,0.0,0.0,4.0,14,7,1
49060,16,2,3,15,3,3,0,1,1,1,2,23,2,2,0.0,0.0,0.0,0.0,0.0,4.0,17,2,4
136004,16,7,3,9,8,3,6,1,1,1,0,36,2,2,0.0,0.0,0.0,0.0,0.0,2.0,17,6,9
101989,16,2,1,17,6,3,0,1,0,1,2,18,3,2,0.0,0.0,0.0,0.0,0.0,6.0,23,1,7
110034,4,2,3,8,8,3,0,1,1,1,0,36,2,2,0.0,0.0,0.0,0.0,0.0,2.0,12,2,8
103542,15,2,3,8,8,3,0,1,1,1,1,36,2,2,0.0,0.0,0.0,0.0,0.0,3.0,17,4,7
125517,16,2,3,15,8,3,0,1,0,1,2,18,2,2,0.0,0.0,0.0,0.0,0.0,3.0,9,1,9
14021,16,2,3,10,2,3,0,1,1,1,2,17,2,2,0.0,0.0,0.0,0.0,0.0,3.0,15,7,1
60629,16,2,1,15,8,3,0,5,1,1,2,36,2,2,0.0,0.0,0.0,0.0,0.0,2.0,21,5,5
11544,4,10,3,10,8,3,6,1,1,0,2,39,2,2,0.0,0.0,0.0,0.0,0.0,2.0,7,5,1
42995,16,2,3,2,6,3,0,1,0,1,1,36,1,2,0.0,0.0,0.0,0.0,0.0,2.0,7,7,4
33367,16,2,1,0,3,4,0,4,0,1,2,6,3,3,5.0,0.0,0.0,3.0,2.0,0.0,3,1,3
138294,16,2,4,17,10,3,0,5,0,1,2,23,2,4,1.0,0.0,0.0,0.0,1.0,1.0,11,3,10
24669,4,2,1,10,8,3,0,1,0,1,2,19,2,2,0.0,0.0,0.0,0.0,0.0,2.0,18,2,2
161045,4,2,3,0,15,3,0,1,0,1,2,18,3,3,1.0,0.0,0.0,1.0,0.0,2.0,15,3,11
14531,15,2,3,0,6,3,0,1,0,1,2,18,2,3,1.0,0.0,0.0,1.0,0.0,1.0,10,2,1
7483,16,2,3,17,6,3,0,1,0,1,2,18,2,3,2.0,0.0,0.0,2.0,0.0,2.0,11,2,1
110318,16,2,3,9,8,3,0,1,0,1,2,18,2,3,2.0,0.0,0.0,2.0,0.0,0.0,17,2,8
68364,15,2,3,15,6,3,0,1,1,1,2,5,2,2,0.0,0.0,0.0,0.0,0.0,2.0,17,3,5
43134,16,7,3,17,6,3,6,5,1,1,2,23,2,2,0.0,0.0,0.0,0.0,0.0,2.0,10,3,4
154353,15,7,1,0,6,3,6,5,0,1,2,18,2,2,0.0,0.0,0.0,0.0,0.0,3.0,21,1,10
119862,16,2,1,15,2,3,0,1,1,1,2,23,2,2,0.0,0.0,0.0,0.0,0.0,3.0,22,4,8
67122,16,2,3,17,12,3,5,5,1,1,0,22,2,2,0.0,0.0,0.0,0.0,0.0,2.0,14,4,5
5581,15,10,3,10,8,4,4,1,1,1,2,39,2,2,0.0,0.0,0.0,0.0,0.0,2.0,15,7,1
147891,4,2,3,10,2,3,0,1,0,1,2,17,3,2,0.0,0.0,0.0,0.0,0.0,10.0,7,4,10
60051,16,2,3,10,8,3,0,1,1,1,2,19,2,2,0.0,0.0,0.0,0.0,0.0,4.0,11,3,5
92448,15,2,3,0,2,3,0,1,0,1,2,18,2,3,3.0,0.0,0.0,3.0,0.0,1.0,9,2,7
133951,16,2,3,17,15,3,0,5,0,1,2,18,2,3,1.0,0.0,0.0,1.0,0.0,2.0,16,7,9
178326,16,2,2,0,2,3,0,1,1,1,2,36,2,2,0.0,0.0,0.0,0.0,0.0,2.0,7,3,12
78648,16,2,1,10,8,3,0,5,1,1,1,19,2,2,0.0,0.0,0.0,0.0,0.0,2.0,22,3,6
141354,16,7,3,15,2,3,6,1,1,1,2,36,2,2,0.0,0.0,0.0,0.0,0.0,4.0,17,5,10
127260,17,2,3,0,2,3,0,1,0,1,2,8,2,2,0.0,0.0,0.0,0.0,0.0,3.0,16,5,9
104866,15,2,1,17,8,3,0,1,0,1,2,18,2,3,1.0,0.0,0.0,1.0,0.0,1.0,0,2,8
19258,16,2,3,10,2,3,0,1,1,1,0,30,2,2,0.0,0.0,0.0,0.0,0.0,2.0,6,6,2
13626,15,10,3,10,8,4,4,1,1,1,2,39,2,2,0.0,0.0,0.0,0.0,0.0,2.0,9,6,1
80755,16,2,1,10,3,3,0,5,1,1,2,36,2,2,0.0,0.0,0.0,0.0,0.0,2.0,20,6,6
99212,16,2,1,17,2,3,0,5,0,1,2,18,2,3,1.0,0.0,0.0,1.0,0.0,2.0,0,2,7
49057,16,2,3,17,2,3,0,1,1,1,0,36,2,2,0.0,0.0,0.0,0.0,0.0,2.0,17,2,4
130085,16,11,3,10,2,3,5,5,1,1,1,19,2,2,0.0,0.0,0.0,0.0,0.0,2.0,11,6,9
55539,16,7,3,15,8,3,6,1,1,1,1,36,2,2,0.0,0.0,0.0,0.0,0.0,2.0,7,1,4
158651,15,2,1,0,8,3,0,1,1,1,0,5,2,2,0.0,0.0,0.0,0.0,0.0,3.0,18,2,11
33423,15,2,3,0,8,3,0,1,0,1,2,5,2,2,0.0,0.0,0.0,0.0,0.0,2.0,11,2,3
109295,16,2,3,10,3,4,0,3,1,1,1,19,2,2,0.0,0.0,0.0,0.0,0.0,2.0,10,6,8
34834,16,2,3,17,2,3,0,1,1,1,1,36,2,2,0.0,0.0,0.0,0.0,0.0,2.0,7,4,3
144117,16,2,3,17,3,3,0,1,1,1,1,23,2,2,0.0,0.0,0.0,0.0,0.0,2.0,15,6,10
153848,16,2,3,7,19,3,0,5,1,1,2,24,3,2,0.0,0.0,0.0,0.0,0.0,2.0,6,2,10
134811,4,2,3,8,3,3,0,1,0,1,0,17,2,3,1.0,0.0,0.0,1.0,0.0,1.0,16,3,9
82217,15,7,3,0,2,3,6,1,0,1,2,18,2,2,0.0,0.0,0.0,0.0,0.0,5.0,9,5,6
130600,16,2,4,10,6,3,0,1,1,1,2,36,2,2,0.0,0.0,0.0,0.0,0.0,2.0,18,4,9
71794,15,2,3,17,8,3,0,1,1,1,2,18,2,2,0.0,0.0,0.0,0.0,0.0,2.0,9,5,6
5399,4,10,1,10,2,3,6,1,0,1,0,17,2,4,1.0,0.0,0.0,0.0,1.0,1.0,21,7,1
136195,16,2,1,15,3,3,0,1,0,1,2,36,2,2,0.0,0.0,0.0,0.0,0.0,2.0,21,2,9
93203,15,2,1,15,3,3,0,1,0,1,2,23,2,2,0.0,0.0,0.0,0.0,0.0,3.0,1,1,7
142897,16,7,4,15,8,3,6,5,1,1,1,36,2,2,0.0,0.0,0.0,0.0,0.0,2.0,18,4,10
164305,16,2,1,17,2,3,0,1,1,1,1,18,2,2,0.0,0.0,0.0,0.0,0.0,3.0,17,6,11
9151,16,3,3,10,3,3,6,1,0,1,2,17,2,1,1.0,0.0,1.0,0.0,0.0,4.0,7,5,1
24659,16,2,3,10,8,3,0,1,1,1,2,36,2,2,0.0,0.0,0.0,0.0,0.0,2.0,16,2,2
168809,16,2,3,10,6,3,0,1,0,1,1,19,2,3,2.0,0.0,0.0,2.0,0.0,3.0,12,1,11