crash_date,               traffic_control_device,weather_condition,lighting_condition,first_crash_type,trafficway_type,alignment,roadway_surface_cond,road_defect,crash_type,intersection_related_i,damage,prim_contributory_cause,num_units,most_severe_injury,injuries_total,injuries_fatal,injuries_incapacitating,injuries_non_incapacitating,injuries_reported_not_evident,injuries_no_indication,crash_hour,crash_day_of_week,crash_month
51031,16,2,3,17,8,3,0,1,1,1,2,6,2,2,0.0,0.0,0.0,0.0,0.0,2.0,17,4,4
5466,16,2,1,5,2,3,0,3,1,1,1,26,1,2,0.0,0.0,0.0,0.0,0.0,1.0,21,5,1
30314,15,2,3,17,8,3,0,5,0,1,2,18,2,2,0.0,0.0,0.0,0.0,0.0,3.0,12,6,3
142665,16,2,1,0,8,3,0,5,0,1,2,6,2,3,2.0,0.0,0.0,2.0,0.0,1.0,3,4,10
122819,15,2,3,0,8,3,0,1,0,1,2,18,2,2,0.0,0.0,0.0,0.0,0.0,3.0,11,3,9
51995,16,2,3,15,15,3,0,1,1,1,2,22,2,2,0.0,0.0,0.0,0.0,0.0,2.0,11,7,4
63550,4,11,5,0,6,3,5,5,0,1,2,18,2,2,0.0,0.0,0.0,0.0,0.0,2.0,17,4,5
74105,16,2,3,17,6,3,0,5,1,1,2,23,2,2,0.0,0.0,0.0,0.0,0.0,2.0,8,6,6
31647,16,2,3,2,8,3,0,1,0,1,2,38,1,2,0.0,0.0,0.0,0.0,0.0,1.0,14,2,3
12717,16,11,5,11,2,3,5,5,1,1,1,21,2,2,0.0,0.0,0.0,0.0,0.0,2.0,10,4,1
100563,15,2,3,0,8,3,0,5,1,1,2,36,2,2,0.0,0.0,0.0,0.0,0.0,3.0,16,2,7
70444,16,2,1,10,10,3,0,5,1,1,2,22,2,2,0.0,0.0,0.0,0.0,0.0,2.0,22,7,5
155046,16,2,3,15,15,3,0,5,1,1,2,24,2,2,0.0,0.0,0.0,0.0,0.0,2.0,10,4,10
9626,16,2,3,0,8,3,0,1,0,1,2,28,2,2,0.0,0.0,0.0,0.0,0.0,3.0,8,7,1
144600,4,2,3,10,8,3,0,1,1,1,2,19,2,2,0.0,0.0,0.0,0.0,0.0,2.0,15,5,10
184102,16,2,2,2,15,3,1,1,0,1,2,17,1,2,0.0,0.0,0.0,0.0,0.0,1.0,6,7,12
51262,16,2,3,15,2,3,0,1,1,1,1,36,2,2,0.0,0.0,0.0,0.0,0.0,5.0,13,7,4
150479,16,2,3,17,2,5,0,1,1,1,2,18,2,2,0.0,0.0,0.0,0.0,0.0,2.0,7,3,10
34901,16,2,3,15,3,3,0,1,1,1,1,12,2,2,0.0,0.0,0.0,0.0,0.0,2.0,8,5,3
135058,15,2,3,17,6,3,0,1,0,1,2,24,2,2,0.0,0.0,0.0,0.0,0.0,2.0,21,7,9
15414,16,3,3,15,6,3,5,5,1,1,1,36,2,2,0.0,0.0,0.0,0.0,0.0,2.0,12,3,2
147508,16,2,3,0,2,3,0,1,0,1,2,26,2,3,1.0,0.0,0.0,1.0,0.0,2.0,9,4,10
113722,16,2,3,15,2,3,0,1,1,1,0,24,2,2,0.0,0.0,0.0,0.0,0.0,2.0,16,4,8
135461,16,2,1,10,17,3,0,1,1,1,1,17,2,2,0.0,0.0,0.0,0.0,0.0,2.0,21,5,9
188185,16,2,1,17,8,3,5,1,0,1,2,18,2,2,0.0,0.0,0.0,0.0,0.0,3.0,17,1,12
72349,15,2,3,17,8,3,0,1,1,1,1,18,2,2,0.0,0.0,0.0,0.0,0.0,2.0,10,6,6
161793,4,2,3,17,11,3,0,1,0,0,2,24,2,4,1.0,0.0,0.0,0.0,1.0,1.0,17,2,11
45446,16,2,3,15,8,3,0,1,1,1,1,23,2,2,0.0,0.0,0.0,0.0,0.0,2.0,15,2,4
18069,16,2,3,10,1,3,0,1,1,1,2,36,2,2,0.0,0.0,0.0,0.0,0.0,2.0,15,1,2
129918,16,2,3,17,15,3,0,1,1,1,2,19,2,2,0.0,0.0,0.0,0.0,0.0,2.0,9,7,9
108579,16,2,3,15,8,3,0,1,1,1,2,18,2,2,0.0,0.0,0.0,0.0,0.0,2.0,10,3,8
66485,10,2,3,10,2,3,0,1,1,1,1,36,2,2,0.0,0.0,0.0,0.0,0.0,3.0,17,3,5
24177,16,2,3,9,8,3,0,1,0,1,1,18,2,4,1.0,0.0,0.0,0.0,1.0,1.0,11,5,2
27086,16,2,1,17,6,3,0,1,1,1,2,24,2,2,0.0,0.0,0.0,0.0,0.0,2.0,4,1,2
129756,16,2,3,15,8,3,0,1,1,1,1,22,2,2,0.0,0.0,0.0,0.0,0.0,3.0,10,5,9
187423,16,7,1,0,3,3,6,5,1,1,2,12,2,2,0.0,0.0,0.0,0.0,0.0,2.0,18,5,12
113894,16,2,1,10,8,3,0,1,1,0,2,19,2,2,0.0,0.0,0.0,0.0,0.0,2.0,0,6,8
117706,16,2,1,2,6,3,0,1,0,1,2,17,1,2,0.0,0.0,0.0,0.0,0.0,1.0,23,2,8
76051,4,2,3,10,8,3,0,1,1,1,1,19,3,2,0.0,0.0,0.0,0.0,0.0,3.0,17,6,6
37120,15,2,3,0,2,3,0,1,0,1,2,13,2,2,0.0,0.0,0.0,0.0,0.0,3.0,8,3,3
12325,4,7,0,17,15,3,6,1,1,1,2,18,2,2,0.0,0.0,0.0,0.0,0.0,2.0,18,5,1
111407,16,2,3,17,8,3,0,1,0,1,2,18,2,4,1.0,0.0,0.0,0.0,1.0,1.0,12,4,8
96898,16,2,3,10,15,3,0,1,1,1,1,19,2,2,0.0,0.0,0.0,0.0,0.0,2.0,12,1,7
60665,15,2,3,0,3,3,0,1,0,1,1,36,2,4,2.0,0.0,0.0,0.0,2.0,1.0,16,6,5
107321,15,2,3,10,10,3,0,1,1,0,1,19,2,2,0.0,0.0,0.0,0.0,0.0,2.0,14,4,8
38739,15,2,1,10,8,3,6,1,1,1,2,18,2,2,0.0,0.0,0.0,0.0,0.0,5.0,23,4,3
151619,16,2,2,10,3,3,0,1,0,1,2,19,2,3,1.0,0.0,0.0,1.0,0.0,2.0,23,4,10
83381,4,2,3,17,8,3,0,1,0,1,2,18,3,1,2.0,0.0,1.0,1.0,0.0,1.0,12,2,6
182606,16,2,3,9,8,3,0,1,0,1,1,26,2,3,1.0,0.0,0.0,1.0,0.0,1.0,9,4,12
30871,16,3,3,2,8,3,0,1,0,1,2,12,1,2,0.0,0.0,0.0,0.0,0.0,1.0,7,2,3
86253,4,2,3,17,8,3,0,1,0,1,2,24,2,2,0.0,0.0,0.0,0.0,0.0,3.0,7,4,6
31270,4,10,3,0,6,3,4,1,1,1,2,36,2,2,0.0,0.0,0.0,0.0,0.0,2.0,8,2,3
5527,18,10,1,15,8,3,6,1,1,1,1,39,2,2,0.0,0.0,0.0,0.0,0.0,2.0,21,6,1
112794,16,2,3,10,8,4,0,5,0,1,1,17,3,3,1.0,0.0,0.0,1.0,0.0,2.0,12,3,8
120389,16,2,3,10,2,3,0,5,1,1,1,17,2,2,0.0,0.0,0.0,0.0,0.0,2.0,8,5,8
60781,16,2,3,10,3,3,0,1,0,1,2,12,2,2,0.0,0.0,0.0,0.0,0.0,2.0,13,2,5
23141,15,2,3,0,8,3,0,1,1,1,1,36,2,2,0.0,0.0,0.0,0.0,0.0,2.0,14,2,2
48972,4,2,3,0,2,3,0,5,1,1,0,23,2,2,0.0,0.0,0.0,0.0,0.0,2.0,7,2,4
175545,15,2,3,0,8,3,0,1,1,1,1,21,2,2,0.0,0.0,0.0,0.0,0.0,2.0,16,6,12
96047,16,2,3,0,8,3,0,1,0,1,1,18,2,3,1.0,0.0,0.0,1.0,0.0,1.0,14,2,7
177984,16,7,1,10,8,3,6,1,1,1,2,19,2,2,0.0,0.0,0.0,0.0,0.0,2.0,20,6,12
187363,16,2,4,2,3,3,6,1,0,0,2,12,1,2,0.0,0.0,0.0,0.0,0.0,1.0,7,4,12
156407,4,2,3,17,2,3,0,1,1,1,1,21,2,2,0.0,0.0,0.0,0.0,0.0,2.0,12,5,11
123131,4,2,3,17,8,3,0,1,1,1,2,24,2,2,0.0,0.0,0.0,0.0,0.0,2.0,7,2,9
185444,4,2,1,0,11,3,4,1,0,1,2,36,2,2,0.0,0.0,0.0,0.0,0.0,2.0,19,5,12
27722,16,3,3,10,3,3,0,1,1,1,2,19,3,2,0.0,0.0,0.0,0.0,0.0,3.0,11,4,2
43621,16,2,4,0,2,3,6,1,1,1,2,36,2,2,0.0,0.0,0.0,0.0,0.0,2.0,19,2,4
12788,15,3,3,10,10,3,4,1,1,1,1,19,2,2,0.0,0.0,0.0,0.0,0.0,2.0,8,5,1
129588,16,2,3,10,8,3,0,1,1,1,2,36,2,2,0.0,0.0,0.0,0.0,0.0,2.0,15,2,9
7681,15,3,3,0,11,3,0,1,1,1,2,5,2,2,0.0,0.0,0.0,0.0,0.0,2.0,16,4,1
70337,16,2,3,15,8,3,0,1,1,1,0,36,2,2,0.0,0.0,0.0,0.0,0.0,2.0,14,6,5
115629,16,2,3,17,8,3,0,1,1,1,0,6,2,2,0.0,0.0,0.0,0.0,0.0,3.0,8,4,8
162494,16,2,1,17,1,3,0,1,1,1,1,24,2,2,0.0,0.0,0.0,0.0,0.0,2.0,19,2,11
1499,16,11,3,10,8,5,5,1,0,1,0,36,2,3,1.0,0.0,0.0,1.0,0.0,2.0,14,5,1
75949,16,2,3,10,6,3,0,1,1,1,0,36,2,2,0.0,0.0,0.0,0.0,0.0,2.0,11,5,6
184902,16,2,3,15,11,3,0,1,1,0,2,23,2,2,0.0,0.0,0.0,0.0,0.0,2.0,11,2,12
83279,16,2,1,10,6,3,0,1,0,1,2,17,2,3,1.0,0.0,0.0,1.0,0.0,1.0,2,7,6
57324,4,7,1,7,3,3,6,1,0,1,2,36,2,3,1.0,0.0,0.0,1.0,0.0,0.0,22,3,5
70355,15,2,3,0,16,3,0,1,1,1,2,5,3,2,0.0,0.0,0.0,0.0,0.0,2.0,8,6,5
131708,16,2,1,10,6,3,0,1,1,1,2,17,2,2,0.0,0.0,0.0,0.0,0.0,6.0,20,4,9
10785,4,2,3,15,8,2,0,1,1,1,0,23,2,2,0.0,0.0,0.0,0.0,0.0,2.0,8,6,1
21678,16,4,3,15,8,3,6,1,1,1,1,18,2,2,0.0,0.0,0.0,0.0,0.0,2.0,9,5,2
93711,15,7,3,10,8,4,6,1,0,1,2,36,2,4,1.0,0.0,0.0,0.0,1.0,1.0,15,2,7
90473,4,2,3,8,8,3,0,1,1,1,1,18,2,2,0.0,0.0,0.0,0.0,0.0,2.0,17,6,7
26515,16,2,1,17,5,3,6,1,0,1,2,18,2,2,0.0,0.0,0.0,0.0,0.0,5.0,22,6,2
79616,16,2,3,15,6,3,0,5,1,1,1,36,2,2,0.0,0.0,0.0,0.0,0.0,2.0,15,3,6
57621,16,2,1,17,8,3,0,1,0,1,2,18,2,2,0.0,0.0,0.0,0.0,0.0,2.0,20,7,5
82285,16,2,1,15,10,3,0,1,1,1,2,12,2,2,0.0,0.0,0.0,0.0,0.0,2.0,20,7,6
13993,6,2,3,17,1,3,0,1,0,0,2,12,2,2,0.0,0.0,0.0,0.0,0.0,2.0,10,6,1
97335,16,7,2,0,6,3,6,1,0,1,2,36,2,2,0.0,0.0,0.0,0.0,0.0,3.0,6,1,7
110771,16,2,4,17,6,4,0,1,0,1,2,24,2,4,1.0,0.0,0.0,0.0,1.0,1.0,17,1,8
11379,16,2,3,17,3,3,0,1,0,1,2,19,2,3,2.0,0.0,0.0,2.0,0.0,1.0,12,2,1
67821,16,2,3,10,8,3,0,1,1,1,2,36,2,2,0.0,0.0,0.0,0.0,0.0,2.0,10,1,5
36015,15,7,3,0,2,3,6,1,1,1,2,5,2,2,0.0,0.0,0.0,0.0,0.0,2.0,15,4,3
143335,6,2,3,10,10,3,0,1,1,0,2,23,2,2,0.0,0.0,0.0,0.0,0.0,2.0,11,5,10
148666,16,2,3,17,8,3,0,1,0,1,2,24,2,2,0.0,0.0,0.0,0.0,0.0,2.0,15,6,10
179117,15,2,0,7,2,3,0,1,0,1,2,17,5,1,2.0,0.0,1.0,0.0,1.0,3.0,21,6,12
66450,16,2,0,15,2,3,0,1,1,1,0,23,2,2,0.0,0.0,0.0,0.0,0.0,2.0,21,1,5
170738,16,2,1,10,8,3,6,1,1,1,2,36,2,2,0.0,0.0,0.0,0.0,0.0,2.0,17,4,11
85129,16,2,3,8,6,3,5,5,1,1,0,36,2,2,0.0,0.0,0.0,0.0,0.0,2.0,15,3,6
62107,15,2,3,17,8,3,0,1,0,1,2,18,2,2,0.0,0.0,0.0,0.0,0.0,2.0,11,7,5
174738,15,2,3,10,6,3,0,1,0,1,2,30,2,3,1.0,0.0,0.0,1.0,0.0,2.0,13,3,12
136656,3,2,1,15,2,3,5,5,1,1,2,36,2,2,0.0,0.0,0.0,0.0,0.0,2.0,0,7,9
143155,16,2,3,15,2,3,0,1,1,1,1,36,2,2,0.0,0.0,0.0,0.0,0.0,2.0,16,2,10
73053,15,3,3,0,8,3,0,1,0,1,2,5,2,4,2.0,0.0,0.0,0.0,2.0,1.0,12,4,6
119435,16,2,3,2,8,3,0,1,0,1,2,9,1,3,2.0,0.0,0.0,2.0,0.0,0.0,16,4,8
8602,15,2,3,0,11,3,0,1,1,1,2,5,2,2,0.0,0.0,0.0,0.0,0.0,2.0,14,2,1
183257,16,2,3,10,6,3,6,1,1,1,0,36,2,2,0.0,0.0,0.0,0.0,0.0,2.0,8,6,12
87509,16,2,3,10,2,3,0,1,1,1,2,36,2,2,0.0,0.0,0.0,0.0,0.0,3.0,12,3,6
160965,15,2,3,0,8,3,0,1,0,1,2,16,3,4,1.0,0.0,0.0,0.0,1.0,2.0,8,7,11
139230,15,2,3,0,2,3,0,1,0,1,2,38,2,3,1.0,0.0,0.0,1.0,0.0,1.0,6,3,10
186638,16,2,3,17,6,3,0,5,0,1,2,38,2,3,1.0,0.0,0.0,1.0,0.0,2.0,15,6,12
180892,4,2,1,10,8,3,0,1,0,1,2,17,4,3,1.0,0.0,0.0,1.0,0.0,2.0,0,1,12
113400,16,2,3,17,6,3,5,5,1,1,1,36,2,2,0.0,0.0,0.0,0.0,0.0,2.0,13,6,8
167839,4,2,1,17,8,3,0,1,0,1,2,36,2,2,0.0,0.0,0.0,0.0,0.0,2.0,19,1,11
31133,4,2,1,3,8,3,0,5,0,0,2,18,2,2,0.0,0.0,0.0,0.0,0.0,2.0,23,5,3
22446,16,1,1,14,8,3,4,5,1,0,1,39,2,2,0.0,0.0,0.0,0.0,0.0,2.0,21,5,2
167241,15,7,3,17,8,3,6,1,0,1,2,18,2,3,1.0,0.0,0.0,1.0,0.0,4.0,10,5,11
129070,16,2,1,17,2,3,0,1,0,1,2,36,2,4,2.0,0.0,0.0,0.0,2.0,1.0,0,1,9
14513,16,2,0,0,8,3,0,1,0,1,2,6,3,1,4.0,0.0,2.0,2.0,0.0,0.0,18,2,1
14831,16,3,3,10,2,3,0,1,0,1,2,17,2,3,1.0,0.0,0.0,1.0,0.0,2.0,9,6,1
133343,16,2,3,0,15,3,0,1,1,1,1,6,2,2,0.0,0.0,0.0,0.0,0.0,2.0,7,5,9
170696,16,2,3,10,8,3,0,1,1,1,0,8,2,2,0.0,0.0,0.0,0.0,0.0,2.0,10,3,11
174359,16,2,0,10,2,3,0,1,1,1,1,19,2,2,0.0,0.0,0.0,0.0,0.0,2.0,19,3,12
164394,17,2,3,17,8,3,0,5,1,1,1,12,2,2,0.0,0.0,0.0,0.0,0.0,2.0,9,7,11
153633,16,7,4,17,6,3,6,1,1,1,1,18,2,2,0.0,0.0,0.0,0.0,0.0,2.0,16,5,10
25214,17,2,3,15,6,3,5,5,1,1,1,36,2,2,0.0,0.0,0.0,0.0,0.0,2.0,9,5,2
117099,16,2,1,8,8,3,0,1,0,1,2,18,2,3,1.0,0.0,0.0,1.0,0.0,1.0,18,6,8
65922,16,7,1,17,3,3,6,5,0,1,2,39,3,3,2.0,0.0,0.0,2.0,0.0,2.0,23,6,5
147837,16,2,3,0,6,3,0,2,0,1,2,6,2,3,1.0,0.0,0.0,1.0,0.0,1.0,10,3,10
14244,16,2,4,17,8,3,0,1,0,1,2,36,2,2,0.0,0.0,0.0,0.0,0.0,2.0,19,3,1
40764,16,11,1,0,2,3,5,5,0,1,2,12,2,4,1.0,0.0,0.0,0.0,1.0,1.0,1,1,3
40789,4,2,3,17,8,3,0,1,0,1,2,18,2,3,1.0,0.0,0.0,1.0,0.0,1.0,18,1,3
133626,16,2,1,15,11,3,0,1,1,1,2,22,2,2,0.0,0.0,0.0,0.0,0.0,2.0,21,1,9
9427,16,2,3,17,15,3,0,1,1,1,2,36,2,2,0.0,0.0,0.0,0.0,0.0,2.0,11,4,1
69817,15,3,3,0,6,3,0,1,0,1,1,38,2,2,0.0,0.0,0.0,0.0,0.0,3.0,12,3,5
89011,15,2,3,0,8,3,0,1,1,1,2,18,2,2,0.0,0.0,0.0,0.0,0.0,2.0,15,6,7
88949,16,2,3,17,8,3,0,1,1,1,2,36,2,2,0.0,0.0,0.0,0.0,0.0,4.0,16,4,7
56952,4,2,3,7,8,3,0,1,1,1,1,21,2,2,0.0,0.0,0.0,0.0,0.0,1.0,12,5,5
136824,16,2,1,0,8,3,0,1,1,1,1,6,2,2,0.0,0.0,0.0,0.0,0.0,6.0,23,4,9
23445,16,2,3,17,6,3,0,1,0,1,2,18,2,4,2.0,0.0,0.0,0.0,2.0,1.0,7,1,2
47912,17,11,5,9,8,3,5,5,0,1,0,36,2,4,1.0,0.0,0.0,0.0,1.0,1.0,15,5,4
125280,15,2,1,0,16,3,0,5,0,1,2,18,2,2,0.0,0.0,0.0,0.0,0.0,2.0,18,6,9
81342,16,2,3,10,8,3,5,5,0,1,2,36,2,4,2.0,0.0,0.0,0.0,2.0,1.0,15,1,6
170849,15,2,1,0,6,3,0,5,0,1,2,18,2,2,0.0,0.0,0.0,0.0,0.0,5.0,17,7,11
38396,16,10,4,10,8,3,6,1,0,1,2,36,2,4,1.0,0.0,0.0,0.0,1.0,1.0,18,6,3
116935,15,2,3,17,15,3,0,1,1,1,2,17,2,2,0.0,0.0,0.0,0.0,0.0,2.0,16,4,8
160140,16,7,1,5,10,3,6,1,0,1,2,36,1,3,1.0,0.0,0.0,1.0,0.0,0.0,20,4,11
65079,16,2,3,0,8,3,0,1,1,1,1,6,2,2,0.0,0.0,0.0,0.0,0.0,3.0,8,5,5
172611,15,7,2,15,6,3,6,1,1,1,0,23,2,2,0.0,0.0,0.0,0.0,0.0,2.0,6,6,12
131392,15,2,3,0,10,3,0,1,1,1,2,18,2,2,0.0,0.0,0.0,0.0,0.0,3.0,9,5,9
158589,16,7,3,17,6,3,6,1,1,1,2,18,2,2,0.0,0.0,0.0,0.0,0.0,2.0,11,3,11
175554,17,2,1,15,2,3,0,5,1,1,0,23,2,2,0.0,0.0,0.0,0.0,0.0,2.0,17,6,12
136075,16,2,3,15,3,3,0,1,1,1,2,22,2,2,0.0,0.0,0.0,0.0,0.0,2.0,15,7,9
31821,16,2,1,10,6,3,0,1,0,1,2,8,2,4,1.0,0.0,0.0,0.0,1.0,2.0,3,6,3
111432,15,2,3,0,2,3,0,1,1,1,1,18,2,2,0.0,0.0,0.0,0.0,0.0,2.0,13,3,8
67740,16,2,3,3,1,3,0,1,0,1,2,22,3,2,0.0,0.0,0.0,0.0,0.0,4.0,17,6,5
37293,16,7,1,10,8,3,6,1,1,1,2,36,2,2,0.0,0.0,0.0,0.0,0.0,2.0,11,4,3
70374,15,2,3,0,6,3,0,1,1,1,2,17,2,2,0.0,0.0,0.0,0.0,0.0,2.0,11,6,5
134490,16,2,3,17,6,4,0,1,0,1,2,18,2,2,0.0,0.0,0.0,0.0,0.0,2.0,17,7,9
180412,15,2,3,17,8,3,0,5,0,1,2,24,4,3,2.0,0.0,0.0,2.0,0.0,4.0,13,4,12
111590,4,2,0,8,2,3,0,1,0,1,0,26,2,3,1.0,0.0,0.0,1.0,0.0,1.0,19,5,8
85199,15,2,3,17,2,3,0,1,1,1,2,36,2,2,0.0,0.0,0.0,0.0,0.0,2.0,13,2,6
159067,16,2,3,17,8,4,0,1,1,1,1,36,2,2,0.0,0.0,0.0,0.0,0.0,2.0,7,2,11
125054,15,2,1,10,2,3,0,1,1,1,2,17,2,2,0.0,0.0,0.0,0.0,0.0,2.0,19,1,9
156025,16,2,1,17,3,3,0,1,0,1,2,36,2,4,1.0,0.0,0.0,0.0,1.0,1.0,19,2,11
37845,16,2,3,14,2,3,0,5,1,1,2,36,2,2,0.0,0.0,0.0,0.0,0.0,3.0,17,2,3
5548,16,10,3,17,2,3,4,1,0,1,2,22,2,2,0.0,0.0,0.0,0.0,0.0,3.0,13,7,1
9347,16,2,1,17,2,3,0,1,1,1,2,36,2,2,0.0,0.0,0.0,0.0,0.0,2.0,18,3,1
176083,16,2,3,17,2,3,0,1,0,1,2,6,2,1,1.0,0.0,1.0,0.0,0.0,2.0,14,7,12
178548,15,2,1,10,2,3,6,1,0,1,1,36,2,2,0.0,0.0,0.0,0.0,0.0,8.0,19,7,12
107712,15,2,3,0,8,3,0,1,1,1,2,18,2,2,0.0,0.0,0.0,0.0,0.0,2.0,17,2,8
128392,4,2,3,8,2,3,0,1,0,1,2,19,2,3,1.0,0.0,0.0,1.0,0.0,1.0,8,6,9
5140,16,2,3,10,2,3,0,1,1,1,2,19,2,2,0.0,0.0,0.0,0.0,0.0,2.0,15,2,1
111744,16,2,1,0,6,3,0,1,0,1,2,6,2,2,0.0,0.0,0.0,0.0,0.0,3.0,23,1,8
67898,4,2,3,17,8,3,0,1,1,1,1,24,2,2,0.0,0.0,0.0,0.0,0.0,2.0,13,3,5
15865,4,2,3,17,15,3,5,5,1,1,1,26,2,2,0.0,0.0,0.0,0.0,0.0,2.0,16,5,2
157309,16,2,5,10,6,3,5,5,1,1,2,36,2,2,0.0,0.0,0.0,0.0,0.0,2.0,21,6,11
22753,15,2,3,17,2,3,0,1,0,1,2,18,2,3,1.0,0.0,0.0,1.0,0.0,1.0,14,4,2
151194,16,2,1,14,6,3,0,5,1,1,0,36,2,2,0.0,0.0,0.0,0.0,0.0,2.0,20,7,10
106283,15,2,1,0,8,3,0,1,0,1,2,18,2,4,1.0,0.0,0.0,0.0,1.0,2.0,2,2,8
84979,15,7,3,0,8,3,6,5,1,1,1,36,2,2,0.0,0.0,0.0,0.0,0.0,2.0,10,6,6
176382,10,2,1,9,6,3,0,1,0,1,2,17,2,3,1.0,0.0,0.0,1.0,0.0,1.0,18,6,12
154114,4,2,3,17,1,3,0,1,1,0,2,18,2,2,0.0,0.0,0.0,0.0,0.0,2.0,7,5,10
120275,16,2,3,17,6,3,0,1,0,1,2,6,4,4,1.0,0.0,0.0,0.0,1.0,5.0,12,3,8
168780,15,2,3,8,6,3,0,2,0,1,1,18,2,3,1.0,0.0,0.0,1.0,0.0,1.0,6,1,11
25663,16,2,3,10,3,3,0,1,0,0,1,19,2,3,1.0,0.0,0.0,1.0,0.0,2.0,6,6,2
52095,16,2,3,17,2,3,0,1,1,1,0,19,2,2,0.0,0.0,0.0,0.0,0.0,2.0,15,1,4
113512,16,2,1,17,3,3,0,1,1,1,1,36,2,2,0.0,0.0,0.0,0.0,0.0,5.0,20,1,8
130793,16,2,3,15,8,3,0,1,0,1,2,18,2,2,0.0,0.0,0.0,0.0,0.0,2.0,10,4,9
14436,16,2,3,17,8,3,0,1,0,1,2,24,2,2,0.0,0.0,0.0,0.0,0.0,2.0,14,1,1
170689,16,2,3,0,10,3,0,1,1,1,2,36,2,2,0.0,0.0,0.0,0.0,0.0,2.0,8,3,11
141596,16,11,5,17,8,3,5,1,1,1,1,18,2,2,0.0,0.0,0.0,0.0,0.0,2.0,19,2,10
28179,16,2,3,10,6,3,0,1,0,1,2,36,2,2,0.0,0.0,0.0,0.0,0.0,2.0,14,5,2
73635,15,2,3,0,9,3,0,1,0,1,1,36,2,2,0.0,0.0,0.0,0.0,0.0,2.0,10,6,6
10957,15,7,0,9,6,3,1,1,0,1,0,36,2,1,1.0,0.0,1.0,0.0,0.0,2.0,17,2,1
83160,16,2,3,10,8,3,0,1,1,1,2,36,2,2,0.0,0.0,0.0,0.0,0.0,2.0,18,5,6
70470,16,2,3,15,2,3,0,1,1,1,2,23,2,2,0.0,0.0,0.0,0.0,0.0,2.0,15,1,5
159553,16,2,3,17,6,3,0,1,1,1,2,26,2,2,0.0,0.0,0.0,0.0,0.0,2.0,10,2,11
73799,16,2,3,9,2,3,0,1,0,1,2,36,2,4,1.0,0.0,0.0,0.0,1.0,1.0,14,3,6
122340,15,2,1,10,2,4,0,1,0,1,2,17,2,3,1.0,0.0,0.0,1.0,0.0,1.0,23,3,9
40196,4,2,3,17,8,3,0,1,1,1,1,36,2,2,0.0,0.0,0.0,0.0,0.0,2.0,18,3,3
16786,16,2,3,17,15,3,0,1,1,1,2,26,2,2,0.0,0.0,0.0,0.0,0.0,2.0,14,1,2
163176,15,2,1,9,6,3,0,1,0,1,0,26,2,3,1.0,0.0,0.0,1.0,0.0,1.0,17,5,11
106414,16,2,3,15,6,3,0,1,1,1,2,24,2,2,0.0,0.0,0.0,0.0,0.0,4.0,17,5,8
93604,15,2,3,10,8,3,0,1,1,1,2,19,2,2,0.0,0.0,0.0,0.0,0.0,2.0,18,6,7
19059,4,2,3,10,6,3,0,1,1,1,2,36,3,2,0.0,0.0,0.0,0.0,0.0,7.0,8,4,2
151445,16,2,3,9,6,3,5,5,0,1,2,18,2,3,1.0,0.0,0.0,1.0,0.0,1.0,13,5,10
4844,16,10,3,0,6,3,4,5,0,1,2,6,2,3,1.0,0.0,0.0,1.0,0.0,1.0,15,6,1
65319,16,2,3,10,6,3,0,1,1,1,2,19,2,2,0.0,0.0,0.0,0.0,0.0,2.0,17,4,5
72123,4,3,3,10,8,3,0,5,1,1,0,36,2,2,0.0,0.0,0.0,0.0,0.0,2.0,7,4,6
37285,16,7,0,10,2,3,6,1,1,1,0,15,2,2,0.0,0.0,0.0,0.0,0.0,2.0,21,4,3
76923,16,2,3,17,8,3,0,1,0,1,2,6,2,2,0.0,0.0,0.0,0.0,0.0,4.0,7,6,6
187993,15,7,1,0,6,3,6,1,0,1,2,36,2,2,0.0,0.0,0.0,0.0,0.0,2.0,1,1,12
163527,4,3,3,12,8,3,6,1,0,1,2,36,2,3,1.0,0.0,0.0,1.0,0.0,1.0,6,5,11
74302,16,2,3,10,6,3,0,1,0,1,2,19,2,3,2.0,0.0,0.0,2.0,0.0,0.0,7,2,6
78129,16,2,3,8,6,3,0,1,0,1,2,18,2,3,1.0,0.0,0.0,1.0,0.0,1.0,8,4,6
17628,15,2,1,0,11,3,4,1,0,1,2,5,2,4,2.0,0.0,0.0,0.0,2.0,1.0,3,1,2
33389,4,2,3,17,8,3,0,1,1,1,1,24,2,2,0.0,0.0,0.0,0.0,0.0,2.0,16,2,3
128761,2,2,3,0,6,3,0,1,0,1,2,18,3,3,2.0,0.0,0.0,2.0,0.0,2.0,15,6,9
55587,16,2,3,17,10,3,0,5,0,1,2,24,2,2,0.0,0.0,0.0,0.0,0.0,3.0,5,2,4
26663,16,2,1,9,6,3,0,1,0,1,1,18,2,3,1.0,0.0,0.0,1.0,0.0,1.0,0,1,2
79141,16,2,1,10,8,3,0,1,1,1,2,19,2,2,0.0,0.0,0.0,0.0,0.0,3.0,22,3,6
22470,16,2,1,10,8,3,0,1,1,1,0,19,2,2,0.0,0.0,0.0,0.0,0.0,3.0,0,5,2
31091,15,2,0,17,8,3,0,1,0,1,2,18,2,2,0.0,0.0,0.0,0.0,0.0,2.0,4,5,3
52299,16,2,3,10,6,3,0,1,0,1,2,17,3,4,1.0,0.0,0.0,0.0,1.0,3.0,6,6,4