crash_date,               traffic_control_device,weather_condition,lighting_condition,first_crash_type,trafficway_type,alignment,roadway_surface_cond,road_defect,crash_type,intersection_related_i,damage,prim_contributory_cause,num_units,most_severe_injury,injuries_total,injuries_fatal,injuries_incapacitating,injuries_non_incapacitating,injuries_reported_not_evident,injuries_no_indication,crash_hour,crash_day_of_week,crash_month
34775,16,2,4,17,1,3,0,5,1,1,1,6,2,2,0.0,0.0,0.0,0.0,0.0,2.0,22,5,3
67194,16,2,3,17,8,3,0,1,1,1,2,36,2,2,0.0,0.0,0.0,0.0,0.0,2.0,15,5,5
11976,4,2,3,0,8,3,0,1,0,1,2,19,2,1,1.0,0.0,1.0,0.0,0.0,1.0,7,5,1
70257,15,2,3,9,2,3,0,1,0,1,0,18,2,3,1.0,0.0,0.0,1.0,0.0,1.0,12,3,5
37075,16,2,3,15,6,3,0,1,1,1,2,12,2,2,0.0,0.0,0.0,0.0,0.0,2.0,11,1,3
184300,16,2,1,17,8,3,0,1,1,1,2,19,2,2,0.0,0.0,0.0,0.0,0.0,2.0,6,7,12
16086,15,2,1,10,8,3,6,1,1,1,0,39,2,2,0.0,0.0,0.0,0.0,0.0,2.0,22,1,2
144782,16,2,1,0,6,3,0,1,1,1,2,6,2,2,0.0,0.0,0.0,0.0,0.0,7.0,2,1,10
46739,16,2,4,0,2,3,0,1,0,1,2,28,2,2,0.0,0.0,0.0,0.0,0.0,3.0,17,4,4
69659,17,11,5,17,1,3,5,5,1,1,2,36,2,2,0.0,0.0,0.0,0.0,0.0,2.0,17,7,5
62927,16,2,3,0,6,3,0,1,0,1,2,6,2,3,1.0,0.0,0.0,1.0,0.0,1.0,16,7,5
81703,4,2,2,2,15,3,0,5,0,1,2,36,2,1,1.0,0.0,1.0,0.0,0.0,2.0,4,6,6
158622,16,2,3,10,2,3,0,1,1,1,1,36,2,2,0.0,0.0,0.0,0.0,0.0,4.0,14,1,11
2987,16,7,1,17,8,3,6,1,0,1,2,24,2,2,0.0,0.0,0.0,0.0,0.0,3.0,17,1,1
76566,16,2,3,17,3,3,0,1,1,1,2,24,2,2,0.0,0.0,0.0,0.0,0.0,3.0,14,7,6
27844,15,2,3,0,6,3,0,1,1,1,2,5,2,2,0.0,0.0,0.0,0.0,0.0,2.0,8,6,2
110018,16,3,3,9,2,3,0,1,0,1,0,36,2,3,1.0,0.0,0.0,1.0,0.0,1.0,9,2,8
31377,15,11,2,0,2,3,5,5,1,1,2,36,2,2,0.0,0.0,0.0,0.0,0.0,2.0,19,5,3
23554,16,7,3,10,8,3,6,1,1,1,0,36,2,2,0.0,0.0,0.0,0.0,0.0,2.0,8,2,2
188109,16,9,1,17,3,3,4,1,1,1,2,24,2,2,0.0,0.0,0.0,0.0,0.0,3.0,17,7,12
104398,4,2,3,10,6,3,0,1,1,1,0,19,2,2,0.0,0.0,0.0,0.0,0.0,2.0,16,3,8
137303,15,2,3,15,8,3,0,1,1,1,0,23,2,2,0.0,0.0,0.0,0.0,0.0,2.0,16,5,9
182998,16,7,1,17,15,3,6,5,1,1,1,36,2,2,0.0,0.0,0.0,0.0,0.0,2.0,21,5,12
5774,16,7,1,0,8,3,6,1,0,1,2,18,2,3,1.0,0.0,0.0,1.0,0.0,1.0,18,4,1
124301,4,2,1,2,2,3,0,1,0,1,2,17,1,0,1.0,1.0,0.0,0.0,0.0,0.0,3,7,9
2881,6,10,3,2,8,3,4,1,0,1,2,26,1,2,0.0,0.0,0.0,0.0,0.0,1.0,16,2,1
48838,16,2,1,10,2,3,0,1,1,1,2,17,2,2,0.0,0.0,0.0,0.0,0.0,2.0,21,6,4
27123,16,2,3,0,6,3,0,1,0,1,2,36,2,1,1.0,0.0,1.0,0.0,0.0,1.0,12,1,2
153109,4,2,1,0,2,3,0,5,0,1,2,18,2,3,1.0,0.0,0.0,1.0,0.0,3.0,20,4,10
113573,16,2,3,10,8,3,0,5,1,1,1,36,2,2,0.0,0.0,0.0,0.0,0.0,2.0,18,7,8
108598,15,2,3,10,13,3,0,1,1,1,2,19,2,2,0.0,0.0,0.0,0.0,0.0,3.0,17,4,8
35851,16,2,3,10,12,3,0,5,1,1,1,36,2,2,0.0,0.0,0.0,0.0,0.0,5.0,13,7,3
172443,15,2,3,0,6,3,0,1,1,1,2,36,2,2,0.0,0.0,0.0,0.0,0.0,2.0,16,4,12
96818,4,2,1,7,10,3,0,1,1,0,0,37,2,2,0.0,0.0,0.0,0.0,0.0,1.0,0,7,7
93509,16,2,3,0,11,3,0,1,1,1,2,6,2,2,0.0,0.0,0.0,0.0,0.0,2.0,5,5,7
103183,16,2,3,17,2,3,0,1,1,1,1,6,2,2,0.0,0.0,0.0,0.0,0.0,2.0,11,6,7
72109,4,2,3,17,8,3,0,1,0,1,2,36,2,2,0.0,0.0,0.0,0.0,0.0,3.0,6,4,6
134631,16,2,1,0,6,3,0,1,0,1,2,6,2,1,2.0,0.0,1.0,1.0,0.0,1.0,1,2,9
164882,15,2,1,17,8,3,0,1,1,1,2,18,2,2,0.0,0.0,0.0,0.0,0.0,2.0,17,7,11
79978,4,2,1,17,8,3,0,6,0,1,2,24,2,2,0.0,0.0,0.0,0.0,0.0,5.0,19,7,6
66671,15,2,3,8,8,3,0,1,1,1,2,36,2,2,0.0,0.0,0.0,0.0,0.0,2.0,17,4,5
153213,16,7,1,2,3,3,6,1,0,1,2,26,1,0,1.0,1.0,0.0,0.0,0.0,0.0,2,6,10
117756,4,2,3,17,8,3,0,1,0,1,1,19,2,4,1.0,0.0,0.0,0.0,1.0,3.0,17,1,8
87455,16,2,3,15,6,3,0,1,0,1,2,23,2,2,0.0,0.0,0.0,0.0,0.0,5.0,14,3,6
119777,16,2,3,9,8,3,0,1,0,1,2,18,2,4,1.0,0.0,0.0,0.0,1.0,1.0,9,3,8
72893,16,3,1,0,2,3,6,1,0,1,2,6,2,3,3.0,0.0,0.0,3.0,0.0,1.0,3,1,6
156955,15,2,1,0,2,3,0,1,0,1,2,5,2,3,3.0,0.0,0.0,3.0,0.0,0.0,20,6,11
7751,16,2,3,17,6,3,0,1,1,1,2,22,2,2,0.0,0.0,0.0,0.0,0.0,2.0,15,5,1
158638,18,2,3,17,8,3,0,1,1,1,0,36,2,2,0.0,0.0,0.0,0.0,0.0,2.0,14,2,11
51008,16,2,3,17,6,3,6,1,1,1,2,36,2,2,0.0,0.0,0.0,0.0,0.0,2.0,12,3,4
18247,15,2,0,17,15,3,0,1,1,1,2,36,2,2,0.0,0.0,0.0,0.0,0.0,2.0,18,4,2
70097,16,2,3,0,6,3,0,1,1,1,2,6,2,2,0.0,0.0,0.0,0.0,0.0,2.0,16,3,5
158739,4,7,3,10,8,3,6,1,1,0,0,36,2,2,0.0,0.0,0.0,0.0,0.0,2.0,7,3,11
160770,16,7,1,9,6,3,6,1,0,1,2,36,2,3,1.0,0.0,0.0,1.0,0.0,1.0,22,7,11
173627,15,2,3,8,15,3,0,5,1,1,2,18,2,2,0.0,0.0,0.0,0.0,0.0,2.0,6,1,12
81455,15,3,3,0,6,3,0,5,0,1,2,36,2,2,0.0,0.0,0.0,0.0,0.0,2.0,11,3,6
127807,16,2,3,17,2,3,0,1,1,1,2,24,2,2,0.0,0.0,0.0,0.0,0.0,2.0,9,5,9
10873,4,2,3,10,8,3,0,1,0,0,2,23,2,3,1.0,0.0,0.0,1.0,0.0,1.0,12,7,1
133108,15,2,1,17,10,3,0,1,1,1,1,18,2,2,0.0,0.0,0.0,0.0,0.0,2.0,1,1,9
21967,15,11,5,0,6,3,5,5,0,1,2,36,2,2,0.0,0.0,0.0,0.0,0.0,2.0,17,4,2
145888,16,2,1,17,8,3,0,1,1,1,1,18,2,2,0.0,0.0,0.0,0.0,0.0,3.0,19,2,10
38853,16,2,1,0,6,3,0,1,0,1,2,6,2,2,0.0,0.0,0.0,0.0,0.0,2.0,23,7,3
181356,16,3,3,17,2,3,0,1,1,1,1,18,2,2,0.0,0.0,0.0,0.0,0.0,3.0,10,1,12
160080,16,2,1,10,8,3,0,1,0,1,2,36,2,2,0.0,0.0,0.0,0.0,0.0,2.0,21,3,11
14838,16,10,1,17,15,3,6,1,0,1,2,36,2,3,1.0,0.0,0.0,1.0,0.0,1.0,22,6,1
119162,16,2,3,0,10,3,0,1,1,1,2,6,2,2,0.0,0.0,0.0,0.0,0.0,2.0,7,1,8
101696,16,2,3,10,3,3,0,1,1,1,1,19,2,2,0.0,0.0,0.0,0.0,0.0,2.0,16,5,7
29292,15,7,3,0,16,3,6,1,0,1,2,36,2,2,0.0,0.0,0.0,0.0,0.0,2.0,14,3,3
31752,16,2,1,10,8,3,0,1,0,1,2,28,2,0,3.0,1.0,2.0,0.0,0.0,0.0,2,4,3
160020,17,2,3,15,8,3,0,5,1,1,1,19,2,2,0.0,0.0,0.0,0.0,0.0,4.0,8,2,11
17091,4,2,3,0,2,3,6,1,0,0,2,22,2,2,0.0,0.0,0.0,0.0,0.0,3.0,15,6,2
121776,4,2,3,17,15,3,0,1,0,1,2,24,2,4,1.0,0.0,0.0,0.0,1.0,2.0,17,3,9
3957,16,2,3,17,2,3,0,5,1,1,1,22,2,2,0.0,0.0,0.0,0.0,0.0,2.0,13,4,1
184753,16,2,3,15,2,3,5,5,1,1,1,23,2,2,0.0,0.0,0.0,0.0,0.0,2.0,15,7,12
17017,15,10,4,10,6,3,4,1,1,1,2,36,2,2,0.0,0.0,0.0,0.0,0.0,2.0,16,4,2
12714,4,10,3,17,18,3,6,5,1,1,0,36,2,2,0.0,0.0,0.0,0.0,0.0,2.0,10,4,1
75022,16,2,3,15,2,3,0,1,1,1,2,18,2,2,0.0,0.0,0.0,0.0,0.0,3.0,13,5,6
5945,16,10,1,0,6,3,4,5,0,1,2,6,2,3,1.0,0.0,0.0,1.0,0.0,1.0,5,1,1
35162,4,2,3,17,8,3,0,1,1,1,2,18,2,2,0.0,0.0,0.0,0.0,0.0,2.0,11,3,3
85462,15,7,3,17,8,3,6,1,1,1,2,36,2,2,0.0,0.0,0.0,0.0,0.0,3.0,12,6,6
124633,15,11,3,10,15,3,5,5,1,1,2,36,2,2,0.0,0.0,0.0,0.0,0.0,2.0,13,4,9
40703,16,2,0,17,8,3,5,5,1,1,1,18,2,2,0.0,0.0,0.0,0.0,0.0,6.0,20,5,3
169383,16,7,3,10,2,3,6,1,1,1,2,39,2,2,0.0,0.0,0.0,0.0,0.0,2.0,9,4,11
19092,16,3,3,17,8,3,6,1,0,1,2,23,2,2,0.0,0.0,0.0,0.0,0.0,2.0,15,5,2
85204,16,2,3,15,2,3,0,1,1,1,0,19,2,2,0.0,0.0,0.0,0.0,0.0,3.0,14,2,6
188318,16,2,3,7,6,3,0,1,1,1,2,36,2,2,0.0,0.0,0.0,0.0,0.0,1.0,12,4,12
163056,15,2,1,0,8,3,0,1,1,1,1,18,2,2,0.0,0.0,0.0,0.0,0.0,3.0,17,3,11
147669,16,7,3,17,8,3,6,5,0,1,2,26,2,4,1.0,0.0,0.0,0.0,1.0,2.0,13,1,10
21540,16,6,1,0,15,3,6,1,0,1,2,33,2,2,0.0,0.0,0.0,0.0,0.0,2.0,21,3,2
126574,4,2,3,17,15,3,0,2,1,1,2,24,2,2,0.0,0.0,0.0,0.0,0.0,2.0,11,4,9
137039,16,2,3,0,3,3,0,1,1,1,2,12,2,2,0.0,0.0,0.0,0.0,0.0,3.0,12,4,9
81842,16,2,3,15,8,3,0,1,1,1,2,23,2,2,0.0,0.0,0.0,0.0,0.0,2.0,11,7,6
20559,17,11,5,10,17,3,5,5,1,1,2,36,2,2,0.0,0.0,0.0,0.0,0.0,2.0,18,7,2
42453,4,7,3,17,8,3,0,1,0,1,2,13,3,4,1.0,0.0,0.0,0.0,1.0,1.0,11,4,4
99227,15,2,3,17,8,3,0,1,1,1,2,36,2,2,0.0,0.0,0.0,0.0,0.0,4.0,13,1,7
128875,4,2,1,17,6,3,0,1,1,1,2,36,2,2,0.0,0.0,0.0,0.0,0.0,2.0,21,1,9
165039,16,7,3,10,2,3,6,1,0,1,1,19,2,3,1.0,0.0,0.0,1.0,0.0,1.0,15,4,11
49078,16,10,3,10,8,3,6,1,1,1,2,16,2,2,0.0,0.0,0.0,0.0,0.0,2.0,8,2,4
136757,15,2,3,10,2,3,0,1,0,1,2,17,2,2,0.0,0.0,0.0,0.0,0.0,3.0,11,3,9
134177,16,2,3,17,2,3,0,5,0,1,2,26,2,2,0.0,0.0,0.0,0.0,0.0,2.0,16,2,9
92426,16,2,3,17,8,3,0,1,1,1,2,24,2,2,0.0,0.0,0.0,0.0,0.0,2.0,15,2,7
50039,16,2,1,10,8,3,0,1,1,1,2,36,2,2,0.0,0.0,0.0,0.0,0.0,2.0,21,7,4
100077,16,2,3,15,6,3,0,1,1,1,2,36,2,2,0.0,0.0,0.0,0.0,0.0,3.0,19,1,7
61926,15,2,3,0,8,3,0,1,1,1,2,18,2,2,0.0,0.0,0.0,0.0,0.0,2.0,15,6,5
67012,15,2,3,8,15,3,0,1,0,1,2,5,2,4,1.0,0.0,0.0,0.0,1.0,1.0,18,4,5
82853,15,2,1,0,8,3,0,1,1,1,0,36,2,2,0.0,0.0,0.0,0.0,0.0,3.0,21,1,6
187218,4,2,3,17,15,3,0,1,1,1,1,36,2,2,0.0,0.0,0.0,0.0,0.0,2.0,11,7,12
122234,15,2,3,10,2,3,0,5,1,1,1,36,2,2,0.0,0.0,0.0,0.0,0.0,2.0,15,2,9
10123,15,2,3,17,8,3,0,1,1,1,1,36,2,2,0.0,0.0,0.0,0.0,0.0,2.0,14,2,1
33550,16,2,3,17,3,3,0,1,0,1,2,24,2,3,1.0,0.0,0.0,1.0,0.0,2.0,10,5,3
69702,16,2,1,0,2,3,0,1,0,1,2,6,2,3,5.0,0.0,0.0,5.0,0.0,0.0,1,2,5
75550,16,2,3,17,3,3,0,1,0,1,2,24,2,1,1.0,0.0,1.0,0.0,0.0,1.0,12,5,6
113899,16,2,3,10,5,3,0,1,1,1,1,19,2,2,0.0,0.0,0.0,0.0,0.0,2.0,12,6,8
52131,16,2,3,15,2,3,0,5,1,1,0,22,2,2,0.0,0.0,0.0,0.0,0.0,2.0,16,2,4
89182,16,2,3,0,6,3,0,1,0,1,2,6,2,3,3.0,0.0,0.0,1.0,2.0,0.0,8,1,7
9393,15,2,1,0,8,3,0,1,0,1,2,18,2,3,1.0,0.0,0.0,1.0,0.0,1.0,17,4,1
1176,16,2,1,17,8,3,0,1,0,1,2,6,2,3,1.0,0.0,0.0,1.0,0.0,1.0,16,6,1
50714,4,2,3,0,2,3,0,1,1,1,1,36,2,2,0.0,0.0,0.0,0.0,0.0,4.0,12,6,4
121427,16,2,3,17,6,3,0,1,1,1,2,18,2,2,0.0,0.0,0.0,0.0,0.0,2.0,12,5,9
65374,15,2,3,0,8,3,0,1,1,1,2,18,2,2,0.0,0.0,0.0,0.0,0.0,3.0,15,5,5
184722,16,7,1,10,10,3,6,1,1,1,2,19,2,2,0.0,0.0,0.0,0.0,0.0,3.0,19,6,12
102283,4,7,3,10,2,3,6,1,1,1,1,19,2,2,0.0,0.0,0.0,0.0,0.0,2.0,15,1,7
6217,16,2,3,0,11,3,0,1,1,1,0,12,2,2,0.0,0.0,0.0,0.0,0.0,2.0,9,4,1
48674,16,2,3,15,8,3,0,1,1,0,2,22,2,2,0.0,0.0,0.0,0.0,0.0,2.0,18,2,4
45944,4,2,3,17,8,3,0,1,1,0,2,18,2,2,0.0,0.0,0.0,0.0,0.0,3.0,18,3,4
153243,15,11,1,17,6,3,6,5,1,1,1,36,2,2,0.0,0.0,0.0,0.0,0.0,2.0,19,6,10
80356,4,2,3,9,8,3,0,1,0,1,0,18,2,3,1.0,0.0,0.0,1.0,0.0,1.0,17,1,6
171646,16,2,1,17,3,3,0,1,1,1,2,36,2,2,0.0,0.0,0.0,0.0,0.0,3.0,20,5,11
167582,16,10,3,10,8,3,4,1,1,1,1,18,2,2,0.0,0.0,0.0,0.0,0.0,2.0,11,5,11
40497,16,2,3,15,8,3,0,1,1,1,2,23,2,2,0.0,0.0,0.0,0.0,0.0,3.0,18,2,3
61076,16,2,4,17,2,3,0,1,1,1,1,24,2,2,0.0,0.0,0.0,0.0,0.0,2.0,22,5,5
174194,16,2,3,10,8,3,0,1,1,1,2,36,2,2,0.0,0.0,0.0,0.0,0.0,6.0,8,2,12
56148,16,7,3,17,2,3,6,5,1,1,1,36,2,2,0.0,0.0,0.0,0.0,0.0,2.0,7,4,5
139682,17,2,1,17,6,3,0,5,1,1,1,18,2,2,0.0,0.0,0.0,0.0,0.0,4.0,21,3,10
75248,16,3,3,10,2,3,0,1,1,1,1,9,2,2,0.0,0.0,0.0,0.0,0.0,3.0,16,2,6
51731,4,2,3,0,8,3,0,1,0,1,1,18,2,2,0.0,0.0,0.0,0.0,0.0,2.0,13,2,4
173855,16,2,1,17,1,3,0,1,1,1,1,18,2,2,0.0,0.0,0.0,0.0,0.0,2.0,18,3,12
187489,16,2,4,15,8,3,6,5,1,0,1,22,2,2,0.0,0.0,0.0,0.0,0.0,2.0,19,7,12
24077,15,7,3,2,8,3,6,1,1,1,2,24,1,2,0.0,0.0,0.0,0.0,0.0,1.0,14,4,2
34093,16,2,1,0,6,3,0,1,1,1,2,6,2,2,0.0,0.0,0.0,0.0,0.0,3.0,21,7,3
99940,15,2,3,0,10,3,0,1,0,1,2,18,2,2,0.0,0.0,0.0,0.0,0.0,3.0,8,6,7
171187,16,2,1,10,2,3,0,1,0,1,2,19,2,2,0.0,0.0,0.0,0.0,0.0,2.0,21,4,11
78402,16,2,3,17,11,3,0,1,1,1,2,24,2,2,0.0,0.0,0.0,0.0,0.0,5.0,16,7,6
56942,16,7,1,17,6,3,6,1,0,1,2,18,2,3,1.0,0.0,0.0,1.0,0.0,1.0,22,5,5
142034,16,2,1,17,2,3,0,1,0,1,2,18,2,3,1.0,0.0,0.0,1.0,0.0,1.0,21,7,10
180211,16,2,3,10,3,3,0,1,0,1,2,19,2,3,2.0,0.0,0.0,2.0,0.0,3.0,11,6,12
14938,15,11,3,10,8,3,5,5,1,1,2,36,2,2,0.0,0.0,0.0,0.0,0.0,4.0,8,2,1
180235,16,2,3,9,1,3,0,1,0,1,0,18,2,1,1.0,0.0,1.0,0.0,0.0,1.0,14,7,12
17791,4,2,3,17,3,3,0,1,1,1,1,24,2,2,0.0,0.0,0.0,0.0,0.0,2.0,16,1,2
124297,16,2,3,0,6,3,0,1,0,1,2,6,2,2,0.0,0.0,0.0,0.0,0.0,3.0,13,7,9
134634,16,2,3,0,6,3,0,1,1,1,1,6,2,2,0.0,0.0,0.0,0.0,0.0,3.0,14,2,9
92711,16,7,0,0,2,3,6,1,0,1,2,6,2,2,0.0,0.0,0.0,0.0,0.0,2.0,20,7,7
39034,16,2,1,17,2,3,0,1,0,1,2,6,2,3,1.0,0.0,0.0,1.0,0.0,2.0,0,1,3
115934,15,2,3,17,8,3,0,5,0,0,2,36,2,3,1.0,0.0,0.0,1.0,0.0,4.0,16,3,8
158903,16,2,0,11,6,3,0,1,1,1,2,21,2,2,0.0,0.0,0.0,0.0,0.0,2.0,22,6,11
45034,16,2,3,0,2,3,0,1,0,1,2,36,2,4,1.0,0.0,0.0,0.0,1.0,8.0,15,1,4
7000,16,2,0,15,3,3,0,1,1,1,2,36,2,2,0.0,0.0,0.0,0.0,0.0,2.0,17,3,1
41777,16,2,5,9,8,3,0,5,0,1,2,26,2,4,1.0,0.0,0.0,0.0,1.0,1.0,18,7,3
39193,16,2,3,0,6,3,0,1,0,1,2,6,2,3,1.0,0.0,0.0,1.0,0.0,1.0,15,6,3
6945,15,10,1,10,8,3,4,1,1,1,2,19,2,2,0.0,0.0,0.0,0.0,0.0,3.0,19,1,1
175053,15,2,1,0,8,3,0,1,1,1,2,5,2,2,0.0,0.0,0.0,0.0,0.0,3.0,22,5,12
56285,16,2,1,9,15,3,0,5,0,1,2,17,2,1,1.0,0.0,1.0,0.0,0.0,1.0,21,7,5
181656,16,2,1,10,6,3,1,1,0,0,1,19,2,2,0.0,0.0,0.0,0.0,0.0,2.0,2,7,12
15600,15,2,3,17,2,3,0,1,1,1,2,36,2,2,0.0,0.0,0.0,0.0,0.0,2.0,11,5,2
38140,15,2,1,0,8,3,0,1,1,1,2,36,2,2,0.0,0.0,0.0,0.0,0.0,4.0,19,6,3
37322,4,2,1,17,15,3,0,1,0,1,2,24,2,4,5.0,0.0,0.0,0.0,5.0,2.0,20,6,3
33668,15,2,3,0,8,3,0,1,1,1,2,36,2,2,0.0,0.0,0.0,0.0,0.0,2.0,10,7,3
160169,16,2,3,17,6,3,0,1,0,1,2,24,2,2,0.0,0.0,0.0,0.0,0.0,4.0,11,4,11
172875,15,2,3,0,8,3,0,1,0,1,2,5,2,4,2.0,0.0,0.0,0.0,2.0,2.0,10,1,12
41843,15,2,3,0,8,3,6,1,1,1,2,18,2,2,0.0,0.0,0.0,0.0,0.0,2.0,7,6,3
117391,4,2,3,7,8,3,0,1,1,0,1,36,2,2,0.0,0.0,0.0,0.0,0.0,1.0,11,2,8
159075,4,2,1,0,6,3,0,5,0,1,2,5,2,2,0.0,0.0,0.0,0.0,0.0,2.0,20,2,11
86648,16,7,3,17,6,3,6,5,0,1,2,6,3,2,0.0,0.0,0.0,0.0,0.0,2.0,14,6,6
70742,11,2,3,17,8,3,0,1,0,1,2,16,2,1,3.0,0.0,1.0,2.0,0.0,1.0,8,4,5
126581,4,2,3,8,10,3,0,1,1,1,0,36,2,2,0.0,0.0,0.0,0.0,0.0,2.0,12,4,9
133699,16,2,3,10,10,3,0,1,0,1,2,19,4,4,1.0,0.0,0.0,0.0,1.0,3.0,9,2,9
164947,16,3,0,9,6,3,0,1,0,1,0,18,2,3,1.0,0.0,0.0,1.0,0.0,1.0,16,1,11
130449,4,2,3,10,2,3,0,1,1,1,1,36,2,2,0.0,0.0,0.0,0.0,0.0,2.0,14,1,9
20543,16,2,1,0,6,3,0,1,0,1,2,6,3,2,0.0,0.0,0.0,0.0,0.0,3.0,0,2,2
32969,4,2,3,17,8,3,0,1,1,1,2,28,2,2,0.0,0.0,0.0,0.0,0.0,2.0,8,1,3
123812,16,2,3,17,10,3,0,1,1,1,2,21,2,2,0.0,0.0,0.0,0.0,0.0,3.0,17,4,9
89627,15,2,3,0,6,3,0,1,0,1,2,17,2,2,0.0,0.0,0.0,0.0,0.0,2.0,18,1,7
140706,15,2,0,8,8,3,5,5,0,1,1,23,2,3,1.0,0.0,0.0,1.0,0.0,1.0,20,3,10
98203,16,2,3,17,8,3,0,1,0,1,2,18,2,2,0.0,0.0,0.0,0.0,0.0,2.0,9,6,7
144001,16,2,3,10,8,3,5,5,1,1,2,8,2,2,0.0,0.0,0.0,0.0,0.0,2.0,13,2,10
74216,16,2,1,17,2,3,5,5,0,1,2,36,2,2,0.0,0.0,0.0,0.0,0.0,2.0,2,1,6
83084,16,2,3,17,8,3,0,1,0,1,2,18,2,3,1.0,0.0,0.0,1.0,0.0,1.0,6,6,6
85813,16,7,3,10,2,3,6,1,0,1,1,17,2,2,0.0,0.0,0.0,0.0,0.0,2.0,6,4,6
147997,17,2,3,15,8,3,0,5,1,1,1,26,2,2,0.0,0.0,0.0,0.0,0.0,2.0,17,2,10
39321,15,7,1,0,2,3,6,5,0,1,1,18,2,2,0.0,0.0,0.0,0.0,0.0,3.0,3,7,3
188157,7,2,3,10,3,3,4,1,0,1,1,19,3,1,1.0,0.0,1.0,0.0,0.0,2.0,12,7,12
152890,16,7,4,0,8,3,6,1,0,1,2,6,2,2,0.0,0.0,0.0,0.0,0.0,3.0,18,7,10
125557,16,2,3,10,8,3,0,1,1,1,2,19,2,2,0.0,0.0,0.0,0.0,0.0,2.0,17,2,9
62797,17,2,3,17,6,3,0,1,0,1,2,24,2,4,1.0,0.0,0.0,0.0,1.0,1.0,17,5,5
55046,16,7,1,10,8,3,6,1,1,1,2,19,2,2,0.0,0.0,0.0,0.0,0.0,3.0,19,7,4
170624,4,2,3,0,10,3,0,1,1,1,2,21,2,2,0.0,0.0,0.0,0.0,0.0,3.0,9,7,11
163593,16,2,3,17,2,3,0,1,1,1,2,36,2,2,0.0,0.0,0.0,0.0,0.0,2.0,19,3,11
95012,16,2,3,17,8,3,0,1,1,1,1,36,2,2,0.0,0.0,0.0,0.0,0.0,4.0,19,6,7
160827,16,2,3,10,3,3,0,1,1,1,1,23,3,2,0.0,0.0,0.0,0.0,0.0,6.0,11,5,11
42165,16,7,3,10,8,3,6,5,0,1,2,17,2,2,0.0,0.0,0.0,0.0,0.0,2.0,8,6,3
176501,16,2,3,15,2,3,0,1,1,1,1,23,2,2,0.0,0.0,0.0,0.0,0.0,2.0,14,6,12
129012,16,2,1,0,2,3,0,1,1,1,2,6,2,2,0.0,0.0,0.0,0.0,0.0,3.0,3,1,9
84427,15,2,3,0,6,3,0,1,0,1,2,36,2,4,1.0,0.0,0.0,0.0,1.0,1.0,12,4,6
31860,16,3,3,17,1,3,6,1,1,1,1,36,2,2,0.0,0.0,0.0,0.0,0.0,3.0,8,6,3
171427,16,2,1,17,8,3,0,1,1,1,2,22,2,2,0.0,0.0,0.0,0.0,0.0,2.0,17,3,11
55492,16,3,3,10,3,3,6,1,1,1,1,19,2,2,0.0,0.0,0.0,0.0,0.0,2.0,9,2,4
79412,16,2,3,17,8,3,0,1,1,1,2,23,2,2,0.0,0.0,0.0,0.0,0.0,2.0,19,6,6
13072,15,2,3,0,11,3,0,1,1,1,2,18,2,2,0.0,0.0,0.0,0.0,0.0,2.0,7,2,1
107023,15,2,1,0,6,3,0,1,0,1,2,5,2,2,0.0,0.0,0.0,0.0,0.0,4.0,19,7,8
32916,16,2,3,10,2,3,0,1,1,1,1,36,2,2,0.0,0.0,0.0,0.0,0.0,2.0,16,7,3
95598,16,2,3,17,8,3,0,1,1,1,2,24,2,2,0.0,0.0,0.0,0.0,0.0,2.0,19,2,7
175943,16,2,3,10,8,3,0,1,1,1,2,36,2,2,0.0,0.0,0.0,0.0,0.0,2.0,11,7,12
44028,4,3,3,2,0,3,6,1,1,1,2,36,2,2,0.0,0.0,0.0,0.0,0.0,1.0,11,3,4
115680,16,2,2,9,8,4,0,1,1,0,0,6,2,2,0.0,0.0,0.0,0.0,0.0,3.0,5,5,8
94310,16,2,3,17,8,3,0,1,1,1,2,36,2,2,0.0,0.0,0.0,0.0,0.0,3.0,10,3,7
113981,11,2,3,2,3,3,0,1,1,1,2,12,1,2,0.0,0.0,0.0,0.0,0.0,1.0,16,2,8
63720,4,2,3,17,10,3,0,1,0,1,2,18,4,3,1.0,0.0,0.0,1.0,0.0,1.0,15,5,5
49690,4,11,3,10,2,3,5,5,1,0,2,17,2,2,0.0,0.0,0.0,0.0,0.0,2.0,12,1,4
54075,16,2,3,10,11,3,0,1,1,1,2,26,2,2,0.0,0.0,0.0,0.0,0.0,2.0,10,6,4
154042,15,2,3,0,8,3,0,1,1,1,2,18,2,2,0.0,0.0,0.0,0.0,0.0,3.0,17,3,10
126598,16,2,3,10,8,4,0,0,0,1,2,19,2,4,1.0,0.0,0.0,0.0,1.0,1.0,6,2,9
16259,4,2,0,17,2,3,6,1,0,1,2,36,2,3,1.0,0.0,0.0,1.0,0.0,1.0,21,5,2
49315,16,2,0,15,11,3,0,1,0,1,2,17,3,3,2.0,0.0,0.0,1.0,1.0,1.0,5,1,4
51289,16,2,3,10,8,3,0,1,0,1,2,13,2,4,1.0,0.0,0.0,0.0,1.0,1.0,9,7,4
34282,16,3,1,17,6,3,5,5,1,1,2,22,2,2,0.0,0.0,0.0,0.0,0.0,2.0,9,4,3
89265,4,2,1,10,6,3,0,1,0,1,2,19,2,2,0.0,0.0,0.0,0.0,0.0,2.0,23,2,7
77004,16,2,1,10,3,3,0,1,1,1,2,17,3,2,0.0,0.0,0.0,0.0,0.0,6.0,21,7,6