crash_date,               traffic_control_device,weather_condition,lighting_condition,first_crash_type,trafficway_type,alignment,roadway_surface_cond,road_defect,crash_type,intersection_related_i,damage,prim_contributory_cause,num_units,most_severe_injury,injuries_total,injuries_fatal,injuries_incapacitating,injuries_non_incapacitating,injuries_reported_not_evident,injuries_no_indication,crash_hour,crash_day_of_week,crash_month
128148,16,2,3,0,8,3,0,1,1,1,1,36,2,2,0.0,0.0,0.0,0.0,0.0,3.0,10,4,9
91501,4,2,3,17,8,3,0,5,1,1,1,36,2,2,0.0,0.0,0.0,0.0,0.0,2.0,18,1,7
134965,4,2,3,9,8,3,0,1,1,1,0,18,2,2,0.0,0.0,0.0,0.0,0.0,2.0,17,5,9
55585,4,2,3,17,2,3,0,1,0,1,2,18,2,4,1.0,0.0,0.0,0.0,1.0,2.0,17,2,4
50895,16,2,1,17,8,3,0,1,1,1,2,24,2,2,0.0,0.0,0.0,0.0,0.0,4.0,21,7,4
14439,4,2,1,17,8,3,0,1,1,1,2,24,2,2,0.0,0.0,0.0,0.0,0.0,2.0,3,1,1
28501,15,2,5,10,8,3,0,5,0,1,2,17,2,2,0.0,0.0,0.0,0.0,0.0,4.0,18,2,3
74938,15,2,3,17,6,3,0,1,1,1,2,18,2,2,0.0,0.0,0.0,0.0,0.0,2.0,8,5,6
46092,16,2,3,10,6,3,0,1,1,1,0,19,2,2,0.0,0.0,0.0,0.0,0.0,2.0,14,7,4
72384,15,2,3,8,2,3,0,1,0,1,2,36,2,4,1.0,0.0,0.0,0.0,1.0,1.0,17,7,6
123090,4,2,1,0,6,3,0,1,0,1,2,18,2,2,0.0,0.0,0.0,0.0,0.0,2.0,21,1,9
98763,4,7,3,0,8,3,6,1,0,1,2,17,2,2,0.0,0.0,0.0,0.0,0.0,2.0,8,7,7
150981,16,2,3,17,8,3,6,1,1,1,1,36,2,2,0.0,0.0,0.0,0.0,0.0,2.0,16,3,10
117734,16,11,0,10,8,3,5,5,0,1,2,19,2,4,1.0,0.0,0.0,0.0,1.0,1.0,22,7,8
134745,15,2,1,0,6,3,0,1,0,1,2,18,2,3,3.0,0.0,0.0,3.0,0.0,1.0,20,4,9
168538,16,2,3,15,8,3,0,1,0,1,2,36,3,2,0.0,0.0,0.0,0.0,0.0,5.0,10,5,11
104338,4,2,3,10,8,3,0,1,1,1,2,19,2,2,0.0,0.0,0.0,0.0,0.0,2.0,17,2,8
102497,16,2,3,10,8,3,0,1,1,1,1,36,2,2,0.0,0.0,0.0,0.0,0.0,2.0,18,2,7
58963,16,2,3,10,6,3,0,1,1,1,2,19,2,2,0.0,0.0,0.0,0.0,0.0,2.0,7,2,5
137060,16,7,3,15,8,3,6,5,1,1,1,36,2,2,0.0,0.0,0.0,0.0,0.0,2.0,12,6,9
12354,16,7,1,9,2,3,6,1,0,1,1,17,2,3,2.0,0.0,0.0,2.0,0.0,0.0,22,5,1
68058,15,2,3,2,8,3,0,1,0,1,2,36,1,2,0.0,0.0,0.0,0.0,0.0,1.0,8,6,5
129139,16,2,1,3,15,3,0,1,0,1,2,36,2,4,1.0,0.0,0.0,0.0,1.0,1.0,2,4,9
91028,15,2,3,17,8,3,0,1,0,0,2,18,2,3,2.0,0.0,0.0,2.0,0.0,2.0,14,1,7
4146,16,2,3,17,8,3,0,1,1,1,0,24,2,2,0.0,0.0,0.0,0.0,0.0,5.0,9,7,1
93574,16,2,3,10,15,3,0,1,1,1,0,36,2,2,0.0,0.0,0.0,0.0,0.0,2.0,14,6,7
103584,15,2,3,17,6,3,0,1,0,1,2,18,2,2,0.0,0.0,0.0,0.0,0.0,2.0,11,4,7
35849,16,2,3,10,8,3,0,1,0,1,1,19,2,3,1.0,0.0,0.0,1.0,0.0,1.0,13,7,3
24279,16,2,1,10,8,3,0,1,0,1,1,36,2,3,3.0,0.0,0.0,3.0,0.0,1.0,3,1,2
125430,16,2,1,0,6,3,0,1,1,1,2,18,2,2,0.0,0.0,0.0,0.0,0.0,2.0,20,2,9
185700,16,7,1,17,1,3,6,1,0,1,2,6,2,2,0.0,0.0,0.0,0.0,0.0,4.0,22,1,12
96339,16,2,3,15,8,3,0,5,1,1,2,26,2,2,0.0,0.0,0.0,0.0,0.0,2.0,15,7,7
16169,15,2,3,0,8,3,4,1,1,1,1,18,2,2,0.0,0.0,0.0,0.0,0.0,2.0,13,4,2
43003,15,2,1,17,6,3,0,1,1,1,1,36,2,2,0.0,0.0,0.0,0.0,0.0,2.0,22,7,4
23868,4,2,3,17,8,3,0,1,0,1,2,24,2,3,2.0,0.0,0.0,1.0,1.0,0.0,14,1,2
28291,16,7,3,10,8,3,6,1,1,1,0,19,2,2,0.0,0.0,0.0,0.0,0.0,2.0,11,4,3
54551,16,3,3,10,3,3,0,1,1,1,1,19,2,2,0.0,0.0,0.0,0.0,0.0,3.0,13,6,4
660,16,2,4,0,2,3,0,1,1,1,2,18,2,2,0.0,0.0,0.0,0.0,0.0,2.0,7,4,1
116894,15,2,3,17,3,2,0,1,0,1,2,18,2,3,1.0,0.0,0.0,1.0,0.0,1.0,6,3,8
51413,16,2,3,10,8,3,0,1,1,1,2,28,2,2,0.0,0.0,0.0,0.0,0.0,3.0,17,4,4
137298,16,2,3,0,11,3,0,1,0,1,2,3,2,2,0.0,0.0,0.0,0.0,0.0,2.0,15,5,9
123238,16,2,3,10,8,3,0,1,1,1,2,19,2,2,0.0,0.0,0.0,0.0,0.0,2.0,17,5,9
95927,16,2,0,17,6,3,0,1,0,1,2,24,2,2,0.0,0.0,0.0,0.0,0.0,3.0,22,1,7
97263,15,2,3,10,8,3,0,1,1,1,0,13,2,2,0.0,0.0,0.0,0.0,0.0,3.0,7,6,7
185126,16,2,3,17,1,3,0,1,0,1,2,18,2,2,0.0,0.0,0.0,0.0,0.0,3.0,10,7,12
122854,4,2,3,9,8,3,0,1,0,1,2,36,2,3,1.0,0.0,0.0,1.0,0.0,1.0,7,4,9
57986,15,2,3,17,10,3,0,1,1,1,2,24,2,2,0.0,0.0,0.0,0.0,0.0,2.0,13,7,5
70947,16,2,1,0,6,3,0,1,0,1,2,6,2,3,2.0,0.0,0.0,2.0,0.0,1.0,22,1,5
65260,16,2,3,17,6,3,0,1,0,1,2,18,2,2,0.0,0.0,0.0,0.0,0.0,3.0,15,3,5
72036,16,2,3,10,8,3,0,1,1,1,1,19,2,2,0.0,0.0,0.0,0.0,0.0,3.0,15,3,6
113078,17,2,1,8,8,3,0,1,0,1,1,26,2,3,1.0,0.0,0.0,1.0,0.0,1.0,22,6,8
132453,15,2,3,15,17,3,0,1,1,1,2,23,2,2,0.0,0.0,0.0,0.0,0.0,2.0,8,5,9
24583,16,2,3,17,8,3,0,1,0,1,2,22,2,2,0.0,0.0,0.0,0.0,0.0,2.0,7,6,2
171158,16,2,3,0,8,3,0,1,1,1,1,36,2,2,0.0,0.0,0.0,0.0,0.0,2.0,15,4,11
112864,16,2,3,10,2,3,0,1,0,1,1,17,2,3,1.0,0.0,0.0,1.0,0.0,1.0,11,4,8
156988,16,2,3,14,8,3,0,1,1,1,1,36,2,2,0.0,0.0,0.0,0.0,0.0,4.0,15,7,11
14946,17,2,3,11,6,3,0,1,0,1,2,21,2,2,0.0,0.0,0.0,0.0,0.0,2.0,10,2,1
59020,16,2,3,17,3,3,0,1,1,1,2,22,2,2,0.0,0.0,0.0,0.0,0.0,4.0,7,1,5
50806,16,2,3,14,8,3,0,5,1,1,0,36,2,2,0.0,0.0,0.0,0.0,0.0,3.0,17,6,4
25440,16,2,3,10,3,3,0,1,1,1,2,19,2,2,0.0,0.0,0.0,0.0,0.0,2.0,10,1,2
16229,16,2,1,10,8,3,4,5,1,1,0,17,2,2,0.0,0.0,0.0,0.0,0.0,2.0,1,5,2
23854,15,2,1,14,10,3,5,5,1,1,2,11,3,2,0.0,0.0,0.0,0.0,0.0,3.0,23,7,2
176416,16,2,3,17,6,3,0,1,1,1,2,18,2,2,0.0,0.0,0.0,0.0,0.0,3.0,12,6,12
188701,4,7,0,0,2,3,6,1,0,1,2,36,2,2,0.0,0.0,0.0,0.0,0.0,2.0,21,2,12
65081,16,2,1,10,2,4,0,1,1,1,0,36,2,2,0.0,0.0,0.0,0.0,0.0,2.0,21,5,5
153893,15,2,3,0,8,3,0,1,1,1,2,5,3,2,0.0,0.0,0.0,0.0,0.0,2.0,15,7,10
156136,16,2,1,17,6,3,0,1,1,1,1,18,2,2,0.0,0.0,0.0,0.0,0.0,2.0,3,4,11
139336,16,3,1,9,8,3,0,1,0,1,1,36,2,3,1.0,0.0,0.0,1.0,0.0,1.0,6,3,10
121534,15,2,3,10,6,3,0,5,1,1,2,19,3,2,0.0,0.0,0.0,0.0,0.0,2.0,8,7,9
48551,4,2,3,10,8,3,0,1,1,1,0,19,2,2,0.0,0.0,0.0,0.0,0.0,2.0,9,6,4
89523,16,2,1,17,8,3,0,1,1,1,2,36,2,2,0.0,0.0,0.0,0.0,0.0,2.0,23,5,7
170787,16,2,3,15,8,3,0,1,0,1,2,22,2,3,1.0,0.0,0.0,1.0,0.0,4.0,13,5,11
138564,4,2,1,2,6,3,0,2,1,1,2,36,1,2,0.0,0.0,0.0,0.0,0.0,2.0,20,1,10
39418,4,2,3,10,8,3,0,1,1,0,0,19,2,2,0.0,0.0,0.0,0.0,0.0,2.0,16,2,3
87318,16,2,3,17,8,3,0,1,1,1,1,36,2,2,0.0,0.0,0.0,0.0,0.0,2.0,17,7,6
90705,15,2,3,0,15,3,0,1,1,1,2,18,2,2,0.0,0.0,0.0,0.0,0.0,2.0,15,4,7
42628,4,3,1,0,2,3,0,1,0,0,2,18,2,4,1.0,0.0,0.0,0.0,1.0,3.0,20,7,4
113742,16,2,3,0,6,3,0,1,0,1,2,6,2,4,3.0,0.0,0.0,0.0,3.0,0.0,7,4,8
44568,15,3,3,0,2,3,0,1,1,1,2,18,2,2,0.0,0.0,0.0,0.0,0.0,2.0,7,6,4
30087,16,2,3,17,8,3,0,1,1,1,1,36,2,2,0.0,0.0,0.0,0.0,0.0,5.0,12,1,3
183344,16,2,1,17,6,3,0,1,1,1,1,18,2,2,0.0,0.0,0.0,0.0,0.0,3.0,5,2,12
19593,16,3,1,10,6,3,6,1,0,1,2,30,2,2,0.0,0.0,0.0,0.0,0.0,9.0,0,6,2
108485,16,2,3,15,10,3,0,1,1,1,1,23,2,2,0.0,0.0,0.0,0.0,0.0,2.0,15,2,8
178096,4,2,3,5,12,3,0,1,1,1,2,36,1,2,0.0,0.0,0.0,0.0,0.0,2.0,16,1,12
42991,16,2,3,13,6,3,5,5,0,1,2,18,2,3,1.0,0.0,0.0,1.0,0.0,2.0,6,7,4
131789,15,2,3,17,15,3,0,1,1,1,1,18,2,2,0.0,0.0,0.0,0.0,0.0,2.0,8,6,9
69331,16,2,1,2,6,3,0,1,0,1,2,9,1,2,0.0,0.0,0.0,0.0,0.0,1.0,0,2,5
82733,16,7,3,17,2,3,6,1,1,1,2,18,2,2,0.0,0.0,0.0,0.0,0.0,3.0,9,5,6
138992,16,2,1,2,3,3,0,1,0,1,2,37,1,3,1.0,0.0,0.0,1.0,0.0,2.0,23,5,10
17557,16,2,3,0,6,3,0,1,0,1,2,6,3,2,0.0,0.0,0.0,0.0,0.0,2.0,14,7,2
167958,15,2,3,17,6,3,0,5,1,1,2,12,3,2,0.0,0.0,0.0,0.0,0.0,3.0,16,3,11
123512,15,2,1,0,8,3,0,1,0,1,2,36,2,1,1.0,0.0,1.0,0.0,0.0,2.0,2,1,9
168400,15,2,1,0,8,3,0,5,0,1,1,36,3,2,0.0,0.0,0.0,0.0,0.0,4.0,17,3,11
167452,10,2,1,9,6,3,0,5,0,1,2,18,2,1,1.0,0.0,1.0,0.0,0.0,1.0,18,3,11
90624,16,2,3,15,6,3,0,5,1,1,2,36,2,2,0.0,0.0,0.0,0.0,0.0,2.0,12,2,7
19939,15,2,1,10,10,3,0,1,1,1,1,36,2,2,0.0,0.0,0.0,0.0,0.0,2.0,17,6,2
184479,16,2,1,17,6,3,0,1,0,1,2,24,2,2,0.0,0.0,0.0,0.0,0.0,2.0,21,4,12
157578,16,7,3,17,1,3,6,1,0,1,2,36,2,2,0.0,0.0,0.0,0.0,0.0,2.0,11,1,11
165231,16,2,3,9,8,3,0,1,0,1,0,18,2,3,1.0,0.0,0.0,1.0,0.0,1.0,10,6,11
54621,15,2,4,0,8,3,0,1,0,1,2,18,3,2,0.0,0.0,0.0,0.0,0.0,3.0,18,7,4
61451,16,2,3,10,2,3,0,5,0,1,2,19,3,4,2.0,0.0,0.0,0.0,2.0,2.0,8,5,5
65712,15,2,3,0,6,5,0,1,0,1,2,18,2,4,4.0,0.0,0.0,0.0,4.0,0.0,18,2,5
133376,4,2,3,17,6,3,0,1,0,1,2,18,3,4,1.0,0.0,0.0,0.0,1.0,2.0,14,6,9
130936,4,2,3,15,2,3,0,5,1,0,1,36,2,2,0.0,0.0,0.0,0.0,0.0,2.0,12,7,9
142558,16,2,3,9,6,3,0,1,0,1,0,38,2,4,1.0,0.0,0.0,0.0,1.0,1.0,11,7,10
132124,15,2,3,11,6,3,0,1,0,1,2,36,2,2,0.0,0.0,0.0,0.0,0.0,2.0,18,2,9
120569,16,2,3,17,8,3,0,1,1,1,2,23,2,2,0.0,0.0,0.0,0.0,0.0,4.0,9,6,9
92203,16,2,1,17,6,3,0,1,1,1,2,36,2,2,0.0,0.0,0.0,0.0,0.0,3.0,23,6,7
94768,16,2,3,5,8,3,0,5,0,1,0,36,2,4,1.0,0.0,0.0,0.0,1.0,1.0,14,4,7
45233,15,2,3,0,6,3,0,1,0,1,2,18,2,2,0.0,0.0,0.0,0.0,0.0,3.0,13,6,4
149755,15,2,1,0,10,3,0,1,1,1,2,5,2,2,0.0,0.0,0.0,0.0,0.0,2.0,19,7,10
80892,16,2,3,0,6,3,0,1,0,1,2,6,3,1,5.0,0.0,5.0,0.0,0.0,2.0,6,2,6
11612,16,7,1,9,8,3,6,1,1,1,0,36,2,2,0.0,0.0,0.0,0.0,0.0,2.0,17,6,1
111419,16,7,1,17,8,3,6,6,0,1,2,36,2,2,0.0,0.0,0.0,0.0,0.0,2.0,19,2,8
108253,16,2,3,10,8,3,0,5,1,1,2,19,2,2,0.0,0.0,0.0,0.0,0.0,2.0,7,4,8
143488,16,2,0,8,3,3,0,1,0,1,1,24,2,3,1.0,0.0,0.0,1.0,0.0,4.0,18,5,10
65085,4,2,3,8,8,3,0,1,1,0,0,36,2,2,0.0,0.0,0.0,0.0,0.0,2.0,9,5,5
168060,16,2,3,17,6,3,0,1,1,1,2,23,2,2,0.0,0.0,0.0,0.0,0.0,2.0,15,6,11
169253,4,7,3,0,8,3,6,5,1,1,1,26,2,2,0.0,0.0,0.0,0.0,0.0,2.0,9,1,11
127276,16,2,1,17,3,3,0,1,0,1,2,6,2,2,0.0,0.0,0.0,0.0,0.0,2.0,17,5,9
184881,16,2,3,10,18,3,0,1,1,1,0,17,2,2,0.0,0.0,0.0,0.0,0.0,3.0,8,2,12
87453,4,2,3,3,8,3,0,1,1,1,2,18,2,2,0.0,0.0,0.0,0.0,0.0,2.0,14,3,6
90456,16,2,3,10,2,3,0,1,1,1,1,36,2,2,0.0,0.0,0.0,0.0,0.0,2.0,15,6,7
51787,16,2,1,17,1,3,0,1,0,1,1,6,2,4,2.0,0.0,0.0,0.0,2.0,1.0,0,2,4
155260,15,10,3,0,8,3,6,1,1,1,2,18,2,2,0.0,0.0,0.0,0.0,0.0,2.0,13,5,10
115187,16,2,3,10,8,3,0,1,1,1,1,36,2,2,0.0,0.0,0.0,0.0,0.0,2.0,20,4,8
44502,17,7,3,8,3,3,6,1,0,1,1,36,2,3,1.0,0.0,0.0,1.0,0.0,1.0,11,4,4
175279,4,2,3,10,12,0,5,5,1,0,2,23,2,2,0.0,0.0,0.0,0.0,0.0,2.0,11,3,12
105085,4,2,3,17,8,3,0,1,1,1,1,24,2,2,0.0,0.0,0.0,0.0,0.0,2.0,15,5,8
52998,16,2,3,17,8,3,0,1,0,1,2,18,2,3,2.0,0.0,0.0,2.0,0.0,4.0,7,3,4
185149,4,2,4,0,5,3,6,1,0,0,0,36,2,3,2.0,0.0,0.0,2.0,0.0,1.0,13,2,12
34240,15,2,3,17,6,3,0,1,0,1,2,36,2,2,0.0,0.0,0.0,0.0,0.0,2.0,14,4,3
172721,4,2,1,10,8,3,0,1,1,1,1,26,2,2,0.0,0.0,0.0,0.0,0.0,2.0,20,4,12
29391,16,2,1,9,6,3,0,1,0,1,2,36,2,3,1.0,0.0,0.0,1.0,0.0,1.0,19,4,3
45852,16,3,3,0,11,3,6,1,0,0,2,36,2,3,1.0,0.0,0.0,1.0,0.0,1.0,15,2,4
73356,16,2,3,15,2,3,0,5,1,1,1,36,2,2,0.0,0.0,0.0,0.0,0.0,3.0,14,1,6
29649,17,2,1,2,3,3,0,1,0,1,1,36,1,2,0.0,0.0,0.0,0.0,0.0,1.0,4,1,3
171378,16,2,3,2,3,3,0,1,0,1,2,36,1,2,0.0,0.0,0.0,0.0,0.0,5.0,17,2,11
155718,4,7,3,17,1,3,6,1,0,0,2,16,2,3,1.0,0.0,0.0,1.0,0.0,1.0,15,4,11
173615,4,2,3,10,3,3,0,5,1,1,2,36,2,2,0.0,0.0,0.0,0.0,0.0,4.0,15,1,12
104724,16,2,3,17,2,3,0,5,1,1,2,18,2,2,0.0,0.0,0.0,0.0,0.0,5.0,10,6,8
84910,4,2,1,17,8,3,0,1,0,1,2,18,2,2,0.0,0.0,0.0,0.0,0.0,3.0,21,5,6
93507,4,2,3,10,2,3,0,1,1,1,2,36,2,2,0.0,0.0,0.0,0.0,0.0,4.0,16,5,7
160927,16,2,3,0,2,3,5,5,1,1,1,36,2,2,0.0,0.0,0.0,0.0,0.0,2.0,12,6,11
142908,16,2,1,10,8,3,0,1,1,1,1,19,2,2,0.0,0.0,0.0,0.0,0.0,2.0,20,4,10
159316,4,2,3,0,6,3,0,1,0,1,2,18,2,1,1.0,0.0,1.0,0.0,0.0,1.0,13,5,11
141625,16,2,3,10,2,3,0,1,1,1,2,19,3,2,0.0,0.0,0.0,0.0,0.0,3.0,10,2,10
98392,16,2,3,10,2,3,0,1,0,1,2,12,4,4,2.0,0.0,0.0,0.0,2.0,3.0,16,3,7
60431,16,2,3,10,6,3,0,5,1,0,2,19,2,2,0.0,0.0,0.0,0.0,0.0,2.0,10,3,5
122644,4,2,1,0,10,3,0,1,1,0,2,18,2,2,0.0,0.0,0.0,0.0,0.0,3.0,20,2,9
66521,16,2,0,17,2,3,0,1,1,1,0,36,2,2,0.0,0.0,0.0,0.0,0.0,2.0,23,3,5
110779,16,2,3,17,6,3,0,1,1,1,2,23,2,2,0.0,0.0,0.0,0.0,0.0,2.0,7,1,8
14466,16,2,1,10,8,3,6,6,1,1,2,36,2,2,0.0,0.0,0.0,0.0,0.0,2.0,22,1,1
146352,16,2,3,17,8,3,0,5,1,1,2,36,2,2,0.0,0.0,0.0,0.0,0.0,2.0,15,6,10
132883,16,2,3,17,2,4,0,1,1,1,2,18,2,2,0.0,0.0,0.0,0.0,0.0,2.0,17,6,9
106863,15,2,3,0,6,3,0,4,0,1,2,18,2,4,3.0,0.0,0.0,0.0,3.0,0.0,13,5,8
80976,16,2,3,17,8,3,0,1,0,1,0,18,2,2,0.0,0.0,0.0,0.0,0.0,2.0,15,2,6
42615,16,3,3,15,2,3,0,1,1,1,0,12,2,2,0.0,0.0,0.0,0.0,0.0,3.0,16,7,4
65178,16,2,3,15,8,3,0,1,1,1,1,36,2,2,0.0,0.0,0.0,0.0,0.0,2.0,11,7,5
67118,16,2,3,10,2,3,0,1,0,1,1,36,2,4,1.0,0.0,0.0,0.0,1.0,1.0,14,4,5
132522,16,2,1,10,11,3,0,1,1,1,0,17,2,2,0.0,0.0,0.0,0.0,0.0,5.0,22,6,9
125705,15,7,3,15,15,3,6,1,1,1,2,36,2,2,0.0,0.0,0.0,0.0,0.0,3.0,17,5,9
112554,16,2,3,0,11,3,0,1,0,1,1,6,2,3,1.0,0.0,0.0,1.0,0.0,1.0,16,6,8
23758,4,10,3,7,10,3,4,1,1,1,2,36,2,2,0.0,0.0,0.0,0.0,0.0,1.0,5,6,2
119020,10,2,1,9,8,3,0,1,0,1,2,18,2,1,1.0,0.0,1.0,0.0,0.0,1.0,21,5,8
91754,15,3,3,15,2,3,0,1,1,1,1,22,2,2,0.0,0.0,0.0,0.0,0.0,2.0,9,6,7
157539,6,7,1,9,3,3,6,1,0,1,0,18,2,3,1.0,0.0,0.0,1.0,0.0,1.0,17,1,11
176711,15,2,1,0,8,3,0,1,0,1,2,5,2,3,1.0,0.0,0.0,1.0,0.0,1.0,20,2,12
99649,15,2,1,0,6,3,0,1,0,1,2,12,2,4,3.0,0.0,0.0,0.0,3.0,0.0,0,1,7
179824,16,7,1,17,6,3,6,1,1,1,1,36,2,2,0.0,0.0,0.0,0.0,0.0,2.0,22,3,12
79094,15,2,3,8,14,3,0,5,0,1,0,36,2,3,1.0,0.0,0.0,1.0,0.0,1.0,14,3,6
112193,16,2,1,0,6,3,0,1,0,1,2,6,2,3,2.0,0.0,0.0,2.0,0.0,0.0,0,1,8
70722,16,2,3,17,8,3,0,1,0,1,2,36,2,2,0.0,0.0,0.0,0.0,0.0,2.0,6,4,5
111803,16,2,3,10,8,3,5,5,1,1,1,36,2,2,0.0,0.0,0.0,0.0,0.0,3.0,12,2,8
110973,16,2,3,17,8,3,0,1,1,1,0,17,2,2,0.0,0.0,0.0,0.0,0.0,2.0,9,3,8
71767,16,2,3,14,10,3,0,1,1,1,1,21,2,2,0.0,0.0,0.0,0.0,0.0,2.0,14,5,6
51368,16,2,3,10,8,3,0,1,1,1,1,17,2,2,0.0,0.0,0.0,0.0,0.0,3.0,12,1,4
103389,16,2,3,17,18,3,0,1,1,1,2,24,2,2,0.0,0.0,0.0,0.0,0.0,2.0,10,3,7
42939,16,2,1,10,8,3,0,1,1,1,2,36,2,2,0.0,0.0,0.0,0.0,0.0,2.0,20,6,4
185706,16,2,3,15,8,3,0,1,1,1,0,22,2,2,0.0,0.0,0.0,0.0,0.0,2.0,13,2,12
90160,16,7,1,17,8,3,6,1,0,1,2,36,2,2,0.0,0.0,0.0,0.0,0.0,2.0,1,3,7
35927,16,2,1,3,8,3,0,1,0,1,2,36,2,2,0.0,0.0,0.0,0.0,0.0,2.0,4,1,3
121702,15,7,3,17,10,3,6,1,1,1,2,5,2,2,0.0,0.0,0.0,0.0,0.0,2.0,14,2,9
181904,16,2,1,2,3,3,0,1,1,1,1,36,1,2,0.0,0.0,0.0,0.0,0.0,1.0,16,2,12
155931,15,2,3,0,10,3,0,1,1,1,2,18,2,2,0.0,0.0,0.0,0.0,0.0,2.0,10,6,11
166966,16,3,3,17,6,3,0,1,1,1,2,18,2,2,0.0,0.0,0.0,0.0,0.0,2.0,8,4,11
134115,16,7,3,17,2,3,6,1,1,1,2,39,2,2,0.0,0.0,0.0,0.0,0.0,3.0,9,3,9
91524,16,2,3,17,8,3,0,1,0,1,2,18,2,2,0.0,0.0,0.0,0.0,0.0,2.0,13,2,7
103070,16,11,5,10,6,3,5,5,1,1,2,36,2,2,0.0,0.0,0.0,0.0,0.0,3.0,16,5,7
124956,15,2,3,0,8,3,0,1,0,1,2,18,2,3,1.0,0.0,0.0,1.0,0.0,3.0,14,7,9
167789,16,2,3,17,2,3,0,1,1,1,2,24,2,2,0.0,0.0,0.0,0.0,0.0,2.0,8,6,11
100208,15,2,3,0,10,3,0,1,1,1,2,36,2,2,0.0,0.0,0.0,0.0,0.0,2.0,17,2,7
167475,16,2,3,10,3,3,6,1,1,1,2,19,2,2,0.0,0.0,0.0,0.0,0.0,2.0,10,3,11
133694,16,2,1,2,8,3,0,1,0,1,2,15,1,3,1.0,0.0,0.0,1.0,0.0,2.0,20,2,9
14498,16,10,1,0,6,3,6,1,0,1,2,6,3,2,0.0,0.0,0.0,0.0,0.0,6.0,4,2,1
28186,16,2,3,9,16,3,0,1,0,1,0,18,2,3,1.0,0.0,0.0,1.0,0.0,1.0,16,5,2
2205,4,10,3,7,10,3,1,2,1,1,1,39,2,2,0.0,0.0,0.0,0.0,0.0,1.0,14,4,1
177831,16,2,3,0,8,3,0,1,0,1,2,6,2,2,0.0,0.0,0.0,0.0,0.0,4.0,8,3,12
59815,16,2,3,17,3,3,0,1,0,1,2,18,2,2,0.0,0.0,0.0,0.0,0.0,2.0,16,1,5
101595,16,3,3,17,2,3,0,5,1,1,2,18,2,2,0.0,0.0,0.0,0.0,0.0,2.0,10,3,7
56026,15,3,3,0,8,3,6,1,1,1,2,18,2,2,0.0,0.0,0.0,0.0,0.0,3.0,15,2,5
143111,16,2,3,10,6,3,0,1,0,1,2,17,2,2,0.0,0.0,0.0,0.0,0.0,2.0,7,1,10
11260,15,2,1,15,18,3,0,1,0,1,2,36,4,3,6.0,0.0,0.0,6.0,0.0,1.0,23,7,1
40272,16,7,1,0,8,3,6,1,1,1,2,36,2,2,0.0,0.0,0.0,0.0,0.0,2.0,20,4,3
58274,15,7,3,0,6,3,6,1,0,1,2,5,3,2,0.0,0.0,0.0,0.0,0.0,3.0,17,5,5
35642,16,2,1,0,8,3,0,5,0,1,2,3,3,3,2.0,0.0,0.0,2.0,0.0,4.0,20,4,3
10442,15,2,1,0,8,3,0,2,0,1,2,38,2,2,0.0,0.0,0.0,0.0,0.0,2.0,0,7,1
130830,16,2,1,8,6,3,0,1,0,1,2,18,2,3,1.0,0.0,0.0,1.0,0.0,1.0,19,5,9
91039,16,2,3,0,8,3,0,1,0,1,2,6,2,2,0.0,0.0,0.0,0.0,0.0,2.0,16,1,7
126417,16,2,1,15,2,3,6,5,1,1,1,36,2,2,0.0,0.0,0.0,0.0,0.0,4.0,23,1,9
11328,16,2,3,0,8,3,0,1,1,1,2,23,2,2,0.0,0.0,0.0,0.0,0.0,2.0,13,2,1
78218,16,2,3,10,10,3,0,1,1,1,1,19,2,2,0.0,0.0,0.0,0.0,0.0,3.0,12,3,6
62995,16,2,1,0,6,3,0,1,0,1,2,36,2,2,0.0,0.0,0.0,0.0,0.0,3.0,4,1,5
154885,4,7,1,17,8,3,6,1,0,1,2,18,2,2,0.0,0.0,0.0,0.0,0.0,2.0,18,1,10
138080,10,2,3,10,6,3,0,1,0,1,1,19,2,3,1.0,0.0,0.0,1.0,0.0,1.0,13,3,10
120365,4,2,3,8,6,3,0,5,0,1,2,18,2,3,1.0,0.0,0.0,1.0,0.0,1.0,17,5,8
75939,16,2,3,17,6,3,0,1,0,1,2,36,2,3,1.0,0.0,0.0,1.0,0.0,1.0,10,5,6
161338,16,7,4,0,6,3,6,1,0,1,2,12,2,4,2.0,0.0,0.0,0.0,2.0,0.0,0,1,11
21830,16,2,3,17,8,3,0,1,1,1,1,36,2,2,0.0,0.0,0.0,0.0,0.0,2.0,11,7,2
73632,16,2,1,17,1,3,0,1,0,1,2,36,2,3,5.0,0.0,0.0,5.0,0.0,0.0,21,6,6
49422,16,2,3,17,8,4,0,1,0,1,2,12,2,2,0.0,0.0,0.0,0.0,0.0,2.0,16,2,4
71657,16,2,3,10,8,3,0,1,0,0,2,17,2,2,0.0,0.0,0.0,0.0,0.0,3.0,9,4,5
74951,4,2,3,0,6,3,0,1,1,1,1,36,2,2,0.0,0.0,0.0,0.0,0.0,2.0,11,5,6
173239,16,2,1,17,8,3,6,1,1,1,2,18,2,2,0.0,0.0,0.0,0.0,0.0,2.0,16,7,12
15099,16,2,3,10,8,3,0,1,1,1,1,17,2,2,0.0,0.0,0.0,0.0,0.0,2.0,15,5,2
102646,16,2,3,17,6,3,0,1,0,1,2,8,2,2,0.0,0.0,0.0,0.0,0.0,2.0,9,5,7
116360,16,2,3,17,2,3,0,1,0,1,2,36,2,2,0.0,0.0,0.0,0.0,0.0,3.0,18,2,8