crash_date,               traffic_control_device,weather_condition,lighting_condition,first_crash_type,trafficway_type,alignment,roadway_surface_cond,road_defect,crash_type,intersection_related_i,damage,prim_contributory_cause,num_units,most_severe_injury,injuries_total,injuries_fatal,injuries_incapacitating,injuries_non_incapacitating,injuries_reported_not_evident,injuries_no_indication,crash_hour,crash_day_of_week,crash_month
64924,16,2,3,0,6,3,0,5,1,1,2,36,2,2,0.0,0.0,0.0,0.0,0.0,2.0,14,5,5
31352,16,2,3,17,6,3,0,1,0,1,2,36,2,4,1.0,0.0,0.0,0.0,1.0,1.0,13,5,3
69063,16,2,3,17,2,4,0,1,0,1,2,18,2,3,1.0,0.0,0.0,1.0,0.0,1.0,18,6,5
149166,4,2,1,0,8,3,0,1,1,1,1,18,2,2,0.0,0.0,0.0,0.0,0.0,5.0,18,6,10
114755,16,2,3,0,2,3,5,5,1,1,2,6,2,2,0.0,0.0,0.0,0.0,0.0,2.0,11,4,8
62688,16,2,3,17,8,3,0,1,0,1,2,24,2,3,2.0,0.0,0.0,2.0,0.0,3.0,11,2,5
51151,15,2,3,17,3,3,0,1,1,1,2,18,2,2,0.0,0.0,0.0,0.0,0.0,2.0,12,5,4
102225,15,2,1,17,15,3,0,1,1,1,2,24,2,2,0.0,0.0,0.0,0.0,0.0,2.0,7,6,7
30501,16,2,3,17,6,5,0,1,0,1,2,26,2,3,1.0,0.0,0.0,1.0,0.0,1.0,12,3,3
169585,16,2,0,15,8,3,0,5,1,1,2,36,2,2,0.0,0.0,0.0,0.0,0.0,2.0,19,2,11
147703,16,7,3,0,6,3,6,5,1,1,1,18,2,2,0.0,0.0,0.0,0.0,0.0,2.0,11,1,10
14504,16,2,0,17,6,3,6,2,1,1,2,32,2,2,0.0,0.0,0.0,0.0,0.0,3.0,17,2,1
102788,16,6,3,10,8,3,5,1,1,1,2,17,2,2,0.0,0.0,0.0,0.0,0.0,2.0,20,7,7
158168,16,7,0,15,8,3,6,1,1,1,0,22,2,2,0.0,0.0,0.0,0.0,0.0,2.0,20,2,11
144371,16,7,3,10,3,3,6,5,1,1,2,36,2,2,0.0,0.0,0.0,0.0,0.0,2.0,13,4,10
143525,16,3,3,2,2,3,6,1,0,1,2,36,2,3,1.0,0.0,0.0,1.0,0.0,1.0,13,6,10
118192,16,2,3,10,2,3,0,1,1,1,1,36,2,2,0.0,0.0,0.0,0.0,0.0,3.0,17,3,8
37138,17,11,5,15,8,3,5,5,1,1,1,26,2,2,0.0,0.0,0.0,0.0,0.0,2.0,14,1,3
51175,4,2,2,0,6,3,0,5,1,1,2,6,2,2,0.0,0.0,0.0,0.0,0.0,3.0,5,7,4
179597,15,2,4,0,11,3,0,1,0,1,2,36,2,2,0.0,0.0,0.0,0.0,0.0,2.0,17,6,12
122911,16,2,3,10,6,3,0,1,0,1,2,17,2,2,0.0,0.0,0.0,0.0,0.0,2.0,16,5,9
42787,15,2,3,10,2,3,0,1,1,1,2,23,2,2,0.0,0.0,0.0,0.0,0.0,6.0,7,2,4
106607,16,2,3,10,2,3,0,5,1,1,2,12,2,2,0.0,0.0,0.0,0.0,0.0,3.0,13,2,8
64503,16,2,3,0,6,3,0,1,1,1,2,6,2,2,0.0,0.0,0.0,0.0,0.0,2.0,18,6,5
124099,15,2,3,13,8,3,0,1,0,1,2,36,2,3,1.0,0.0,0.0,1.0,0.0,1.0,14,3,9
156070,4,2,3,10,6,3,0,1,0,1,2,36,2,2,0.0,0.0,0.0,0.0,0.0,6.0,16,3,11
111002,15,2,3,8,15,3,5,5,0,1,1,18,2,3,1.0,0.0,0.0,1.0,0.0,1.0,14,4,8
67991,15,2,3,0,6,3,0,1,0,1,2,36,2,3,2.0,0.0,0.0,2.0,0.0,0.0,8,4,5
52756,16,2,1,11,8,3,0,5,1,1,0,21,2,2,0.0,0.0,0.0,0.0,0.0,3.0,21,7,4
21067,16,10,3,17,8,3,4,1,1,1,2,18,2,2,0.0,0.0,0.0,0.0,0.0,2.0,15,1,2
90827,16,2,1,7,8,3,0,1,0,1,2,28,3,2,0.0,0.0,0.0,0.0,0.0,3.0,2,7,7
35672,16,2,3,11,8,3,0,1,1,1,2,21,2,2,0.0,0.0,0.0,0.0,0.0,3.0,14,5,3
153319,16,2,1,10,6,3,0,1,1,1,2,6,2,2,0.0,0.0,0.0,0.0,0.0,3.0,6,1,10
178019,4,7,1,2,6,3,6,1,0,1,2,13,1,2,0.0,0.0,0.0,0.0,0.0,1.0,2,7,12
86450,16,2,3,10,2,3,0,1,1,1,2,17,3,2,0.0,0.0,0.0,0.0,0.0,5.0,19,1,6
176081,16,2,1,10,8,3,0,1,0,1,2,19,2,4,2.0,0.0,0.0,0.0,2.0,2.0,2,7,12
185270,16,2,0,17,11,0,0,5,0,1,2,36,2,3,1.0,0.0,0.0,1.0,0.0,1.0,6,1,12
90745,15,2,3,17,8,3,0,1,0,1,2,18,2,2,0.0,0.0,0.0,0.0,0.0,2.0,10,4,7
99708,16,7,1,0,8,3,6,1,1,1,2,30,3,2,0.0,0.0,0.0,0.0,0.0,6.0,1,1,7
124962,16,2,3,0,2,3,0,1,1,1,0,21,2,2,0.0,0.0,0.0,0.0,0.0,4.0,15,7,9
89843,15,2,3,0,2,3,0,1,1,1,0,36,2,2,0.0,0.0,0.0,0.0,0.0,4.0,14,4,7
94145,16,2,3,9,2,3,0,1,0,1,1,18,2,3,1.0,0.0,0.0,1.0,0.0,1.0,18,7,7
9112,15,2,3,0,8,3,0,5,1,1,1,5,2,2,0.0,0.0,0.0,0.0,0.0,2.0,13,3,1
80333,16,2,3,8,8,3,0,5,0,1,2,24,2,3,1.0,0.0,0.0,1.0,0.0,1.0,14,1,6
183369,16,2,1,15,8,3,0,1,1,1,1,23,2,2,0.0,0.0,0.0,0.0,0.0,2.0,21,2,12
174547,16,2,4,17,8,3,0,1,0,1,2,36,3,2,0.0,0.0,0.0,0.0,0.0,5.0,17,7,12
165985,16,2,3,2,1,3,0,1,0,1,2,24,1,2,0.0,0.0,0.0,0.0,0.0,2.0,8,1,11
140475,16,3,3,17,8,3,0,1,0,1,2,24,3,2,0.0,0.0,0.0,0.0,0.0,3.0,15,6,10
141381,15,7,3,5,2,3,6,1,1,1,1,36,1,2,0.0,0.0,0.0,0.0,0.0,2.0,8,5,10
37681,16,2,3,10,8,3,0,1,1,1,1,19,2,2,0.0,0.0,0.0,0.0,0.0,2.0,15,5,3
54317,15,2,0,0,8,3,0,5,0,1,2,36,3,2,0.0,0.0,0.0,0.0,0.0,6.0,23,3,4
148533,16,2,3,15,6,2,0,5,1,1,1,22,2,2,0.0,0.0,0.0,0.0,0.0,2.0,13,7,10
166715,16,2,3,0,2,3,0,1,0,1,2,36,3,4,3.0,0.0,0.0,0.0,3.0,2.0,11,6,11
42480,15,2,3,0,2,3,0,1,0,1,2,36,2,2,0.0,0.0,0.0,0.0,0.0,3.0,17,5,4
66605,16,2,3,10,3,3,0,1,0,1,1,19,2,4,1.0,0.0,0.0,0.0,1.0,2.0,8,3,5
187849,16,10,0,0,8,3,6,1,0,1,2,6,2,3,2.0,0.0,0.0,2.0,0.0,3.0,23,4,12
143406,16,7,2,17,8,3,6,1,0,1,2,18,2,4,1.0,0.0,0.0,0.0,1.0,2.0,6,4,10
94176,16,2,3,17,10,3,0,1,1,1,2,24,2,2,0.0,0.0,0.0,0.0,0.0,2.0,11,7,7
146330,10,7,3,9,6,3,6,1,0,1,2,18,2,3,1.0,0.0,0.0,1.0,0.0,1.0,10,3,10
98836,16,2,3,17,15,3,0,1,0,1,2,18,2,2,0.0,0.0,0.0,0.0,0.0,4.0,14,2,7
163331,15,2,0,17,2,3,0,1,0,1,2,18,2,3,1.0,0.0,0.0,1.0,0.0,1.0,19,1,11
150653,4,2,1,2,3,3,0,1,0,0,2,23,1,2,0.0,0.0,0.0,0.0,0.0,1.0,0,6,10
87403,16,2,3,17,15,3,0,1,0,1,2,6,2,1,7.0,0.0,5.0,2.0,0.0,0.0,5,1,6
7602,15,2,3,0,11,3,0,1,0,1,2,38,2,3,1.0,0.0,0.0,1.0,0.0,3.0,15,3,1
16287,16,3,3,0,16,3,0,1,0,1,2,6,2,4,2.0,0.0,0.0,0.0,2.0,2.0,15,6,2
165415,16,2,1,0,3,3,0,1,0,1,2,6,2,2,0.0,0.0,0.0,0.0,0.0,2.0,23,7,11
6052,16,2,1,17,2,3,0,5,0,1,2,18,2,2,0.0,0.0,0.0,0.0,0.0,2.0,20,7,1
91785,16,11,1,8,8,3,6,5,1,1,0,36,2,2,0.0,0.0,0.0,0.0,0.0,2.0,2,7,7
81445,16,2,3,15,8,3,0,1,1,1,2,36,2,2,0.0,0.0,0.0,0.0,0.0,2.0,9,3,6
112211,16,2,3,0,6,3,0,1,0,1,2,36,2,3,2.0,0.0,0.0,2.0,0.0,0.0,15,2,8
182581,4,2,0,0,8,3,0,1,0,1,2,18,2,4,1.0,0.0,0.0,0.0,1.0,2.0,17,4,12
152918,15,2,3,0,8,3,0,1,1,1,2,18,2,2,0.0,0.0,0.0,0.0,0.0,2.0,9,7,10
28772,16,2,3,17,8,3,0,1,1,1,1,18,2,2,0.0,0.0,0.0,0.0,0.0,2.0,9,6,3
8359,16,3,1,0,6,3,6,1,0,1,2,18,3,2,0.0,0.0,0.0,0.0,0.0,2.0,20,1,1
75552,16,2,3,8,8,3,6,1,0,1,2,6,2,3,1.0,0.0,0.0,1.0,0.0,1.0,13,6,6
93325,4,2,3,0,6,3,0,1,0,1,1,36,2,1,1.0,0.0,1.0,0.0,0.0,2.0,13,3,7
149309,16,7,3,8,10,3,6,1,1,1,1,6,2,2,0.0,0.0,0.0,0.0,0.0,2.0,13,2,10
121036,15,2,3,15,8,3,5,5,1,1,1,18,2,2,0.0,0.0,0.0,0.0,0.0,2.0,15,1,9
20340,15,2,3,17,8,3,0,1,1,1,1,18,3,2,0.0,0.0,0.0,0.0,0.0,2.0,14,6,2
51013,15,3,3,17,6,3,0,1,1,1,1,24,2,2,0.0,0.0,0.0,0.0,0.0,3.0,13,4,4
153002,4,2,3,17,2,3,0,1,1,1,1,36,2,2,0.0,0.0,0.0,0.0,0.0,2.0,14,3,10
62369,16,2,3,17,6,4,0,1,1,1,1,36,2,2,0.0,0.0,0.0,0.0,0.0,9.0,15,6,5
118833,16,2,1,10,3,3,0,1,1,1,1,19,2,2,0.0,0.0,0.0,0.0,0.0,2.0,22,2,8
52759,16,2,1,17,2,3,0,5,1,1,2,24,2,2,0.0,0.0,0.0,0.0,0.0,2.0,21,7,4
188925,15,2,4,0,18,3,0,1,0,1,2,9,2,2,0.0,0.0,0.0,0.0,0.0,3.0,16,7,12
151698,4,2,3,10,2,3,0,1,1,1,1,19,2,2,0.0,0.0,0.0,0.0,0.0,2.0,14,6,10
184670,4,2,4,15,3,3,0,1,1,0,2,18,2,2,0.0,0.0,0.0,0.0,0.0,2.0,18,1,12
78349,4,2,3,17,3,3,0,1,0,1,2,18,2,3,1.0,0.0,0.0,1.0,0.0,1.0,8,5,6
112538,16,2,3,17,2,3,0,5,0,1,2,6,2,4,1.0,0.0,0.0,0.0,1.0,2.0,14,6,8
69622,16,2,3,10,8,3,0,1,1,1,2,19,2,2,0.0,0.0,0.0,0.0,0.0,3.0,16,2,5
37020,16,7,1,10,6,3,6,1,1,1,2,36,2,2,0.0,0.0,0.0,0.0,0.0,3.0,23,7,3
107594,16,2,3,9,10,3,0,1,0,1,0,18,2,4,1.0,0.0,0.0,0.0,1.0,1.0,13,2,8
20279,15,10,4,14,15,3,4,1,1,1,2,18,2,2,0.0,0.0,0.0,0.0,0.0,2.0,15,4,2
74815,16,7,0,2,6,3,6,1,0,0,2,36,2,2,0.0,0.0,0.0,0.0,0.0,3.0,0,2,6
13781,15,10,4,17,8,3,4,5,1,1,2,39,2,2,0.0,0.0,0.0,0.0,0.0,4.0,17,1,1
91533,16,2,3,10,11,3,0,1,1,1,2,19,3,2,0.0,0.0,0.0,0.0,0.0,3.0,15,2,7
54665,15,7,1,0,2,3,6,5,0,1,2,5,2,3,1.0,0.0,0.0,1.0,0.0,4.0,2,1,4
184220,16,2,3,10,2,3,0,1,1,1,1,36,2,2,0.0,0.0,0.0,0.0,0.0,2.0,16,6,12
166368,16,2,1,17,1,3,0,1,1,1,2,24,2,2,0.0,0.0,0.0,0.0,0.0,3.0,18,1,11
134592,16,7,0,17,6,3,6,5,1,1,2,18,3,2,0.0,0.0,0.0,0.0,0.0,3.0,20,1,9
178391,16,2,1,15,11,3,0,1,0,1,2,17,2,2,0.0,0.0,0.0,0.0,0.0,2.0,5,4,12
95524,16,2,3,0,11,3,0,1,1,1,0,17,2,2,0.0,0.0,0.0,0.0,0.0,2.0,16,7,7
178372,15,2,3,17,8,3,0,1,1,1,2,24,2,2,0.0,0.0,0.0,0.0,0.0,2.0,15,4,12
164169,16,2,1,17,8,4,0,1,1,1,1,18,2,2,0.0,0.0,0.0,0.0,0.0,2.0,21,6,11
102733,16,2,1,0,6,3,0,1,0,1,2,36,2,3,1.0,0.0,0.0,1.0,0.0,1.0,22,6,7
168470,16,2,1,17,6,3,0,1,0,1,2,36,2,2,0.0,0.0,0.0,0.0,0.0,7.0,19,4,11
160964,16,2,3,9,2,3,0,1,0,1,0,18,2,3,1.0,0.0,0.0,1.0,0.0,1.0,7,7,11
8011,16,3,3,17,6,3,5,1,0,1,2,18,2,2,0.0,0.0,0.0,0.0,0.0,2.0,13,5,1
87346,15,2,1,14,10,3,0,1,1,1,1,36,2,2,0.0,0.0,0.0,0.0,0.0,2.0,22,7,6
138290,16,2,3,10,8,3,0,1,0,1,2,19,2,2,0.0,0.0,0.0,0.0,0.0,2.0,10,3,10
125307,16,2,1,17,16,3,0,1,0,1,1,36,2,4,2.0,0.0,0.0,0.0,2.0,0.0,22,6,9
86537,16,2,3,10,2,3,0,1,0,1,2,19,2,2,0.0,0.0,0.0,0.0,0.0,2.0,13,3,6
63958,4,2,3,17,15,3,0,1,0,1,2,36,2,2,0.0,0.0,0.0,0.0,0.0,2.0,16,3,5
105441,16,2,1,0,8,3,0,1,1,1,1,18,2,2,0.0,0.0,0.0,0.0,0.0,3.0,22,4,8
96156,16,2,3,9,5,3,0,1,0,1,0,26,2,3,1.0,0.0,0.0,1.0,0.0,2.0,13,4,7
56230,16,2,1,10,3,3,0,1,1,1,2,19,2,2,0.0,0.0,0.0,0.0,0.0,3.0,23,6,5
108317,4,2,4,0,8,3,0,1,1,1,2,18,2,2,0.0,0.0,0.0,0.0,0.0,2.0,20,5,8
110146,16,2,3,15,6,3,0,2,1,1,2,23,2,2,0.0,0.0,0.0,0.0,0.0,2.0,8,5,8
4132,4,2,0,15,15,3,0,5,1,1,2,36,2,2,0.0,0.0,0.0,0.0,0.0,2.0,17,7,1
1920,16,2,1,10,8,3,0,1,1,1,2,36,2,2,0.0,0.0,0.0,0.0,0.0,2.0,21,7,1
145838,16,7,0,17,3,3,6,1,1,1,1,36,2,2,0.0,0.0,0.0,0.0,0.0,2.0,0,1,10
137632,4,2,3,0,8,3,0,1,0,1,2,18,2,4,3.0,0.0,0.0,0.0,3.0,2.0,13,1,10
43849,15,3,3,0,15,3,0,1,1,1,2,36,2,2,0.0,0.0,0.0,0.0,0.0,3.0,12,7,4
28109,16,2,3,15,3,4,0,1,1,1,2,23,2,2,0.0,0.0,0.0,0.0,0.0,5.0,15,7,2
637,16,2,3,10,8,3,0,1,1,0,1,19,2,2,0.0,0.0,0.0,0.0,0.0,2.0,15,4,1
122328,16,2,1,2,2,3,0,1,0,1,2,36,1,3,1.0,0.0,0.0,1.0,0.0,0.0,22,3,9
35758,16,2,3,15,6,3,0,1,1,1,1,36,2,2,0.0,0.0,0.0,0.0,0.0,2.0,15,7,3
186131,15,2,1,17,8,3,0,1,1,1,1,17,2,2,0.0,0.0,0.0,0.0,0.0,2.0,16,4,12
80386,16,2,0,10,8,3,0,1,1,1,2,19,2,2,0.0,0.0,0.0,0.0,0.0,2.0,22,1,6
26724,16,2,1,10,8,3,0,1,0,1,2,17,2,4,1.0,0.0,0.0,0.0,1.0,1.0,3,2,2
71616,15,2,3,17,6,4,0,1,1,1,2,36,2,2,0.0,0.0,0.0,0.0,0.0,3.0,15,4,5
23444,16,2,1,8,6,3,0,1,0,1,2,3,2,4,1.0,0.0,0.0,0.0,1.0,1.0,19,1,2
56014,15,2,3,0,11,3,0,1,0,1,2,36,2,2,0.0,0.0,0.0,0.0,0.0,3.0,17,1,5
77689,4,2,4,17,10,3,0,1,1,1,0,8,2,2,0.0,0.0,0.0,0.0,0.0,2.0,19,3,6
83874,16,2,3,15,2,3,0,1,0,1,2,23,2,4,1.0,0.0,0.0,0.0,1.0,1.0,14,3,6
144991,17,2,3,0,2,3,0,5,1,1,2,24,2,2,0.0,0.0,0.0,0.0,0.0,2.0,17,5,10
59689,16,2,3,13,15,3,0,1,1,1,2,6,2,2,0.0,0.0,0.0,0.0,0.0,3.0,15,6,5
121684,15,2,1,0,8,3,0,1,0,1,2,18,2,4,1.0,0.0,0.0,0.0,1.0,1.0,22,1,9
8788,16,3,3,10,8,3,0,1,1,1,1,19,2,2,0.0,0.0,0.0,0.0,0.0,2.0,9,6,1
116414,16,2,3,10,2,3,0,1,1,1,1,19,2,2,0.0,0.0,0.0,0.0,0.0,2.0,15,3,8
64330,15,2,3,0,8,3,0,1,0,1,2,6,3,3,5.0,0.0,0.0,5.0,0.0,3.0,17,2,5
112881,16,2,3,17,3,3,0,1,1,1,1,18,2,2,0.0,0.0,0.0,0.0,0.0,2.0,14,5,8
176068,16,10,1,10,8,3,6,1,1,1,0,19,2,2,0.0,0.0,0.0,0.0,0.0,2.0,23,6,12
102449,3,2,1,17,8,3,0,1,1,1,2,18,2,2,0.0,0.0,0.0,0.0,0.0,5.0,21,1,7
75928,4,2,3,15,13,3,0,1,0,1,2,22,2,2,0.0,0.0,0.0,0.0,0.0,3.0,8,5,6
152556,4,2,1,17,0,3,0,1,1,1,1,18,2,2,0.0,0.0,0.0,0.0,0.0,4.0,21,3,10
4063,4,2,3,17,0,3,0,1,0,1,2,18,2,2,0.0,0.0,0.0,0.0,0.0,2.0,6,5,1
51155,16,2,3,17,6,3,0,1,0,1,0,21,2,2,0.0,0.0,0.0,0.0,0.0,2.0,13,7,4
568,16,2,1,10,2,3,0,1,0,1,0,36,2,4,2.0,0.0,0.0,0.0,2.0,1.0,17,3,1
166656,16,2,3,10,8,3,0,1,1,1,0,19,2,2,0.0,0.0,0.0,0.0,0.0,2.0,11,4,11
130659,4,2,3,17,8,3,0,1,1,0,1,36,2,2,0.0,0.0,0.0,0.0,0.0,2.0,15,2,9
151835,16,7,3,9,6,3,6,1,0,1,0,18,2,3,1.0,0.0,0.0,1.0,0.0,1.0,7,2,10
17455,4,7,3,17,2,4,6,3,0,1,2,24,2,4,2.0,0.0,0.0,0.0,2.0,1.0,9,4,2
26441,16,2,1,2,3,3,0,1,0,0,2,19,1,4,1.0,0.0,0.0,0.0,1.0,0.0,0,5,2
34139,16,2,1,17,19,3,0,1,0,1,2,6,2,3,2.0,0.0,0.0,2.0,0.0,2.0,5,1,3
106203,16,2,3,0,2,3,0,1,0,1,2,6,2,2,0.0,0.0,0.0,0.0,0.0,5.0,11,7,8
163993,16,7,0,17,8,3,6,5,0,1,2,36,2,4,1.0,0.0,0.0,0.0,1.0,2.0,18,3,11
161678,16,2,2,9,6,3,0,1,0,1,0,36,2,3,1.0,0.0,0.0,1.0,0.0,1.0,15,6,11
9494,15,7,1,0,18,3,6,1,0,1,2,11,2,2,0.0,0.0,0.0,0.0,0.0,3.0,0,5,1
79104,4,2,3,17,3,3,0,1,0,1,2,36,2,3,1.0,0.0,0.0,1.0,0.0,2.0,16,3,6
133301,15,2,3,17,2,3,0,1,0,1,2,9,2,3,1.0,0.0,0.0,1.0,0.0,2.0,11,4,9
125741,15,2,3,17,0,3,0,1,1,1,1,18,2,2,0.0,0.0,0.0,0.0,0.0,3.0,14,6,9
65426,16,2,3,17,6,3,0,1,1,1,2,12,2,2,0.0,0.0,0.0,0.0,0.0,2.0,10,5,5
175305,16,2,0,0,6,3,0,5,0,1,2,6,2,3,1.0,0.0,0.0,1.0,0.0,2.0,17,4,12
183060,16,2,3,17,2,3,6,1,0,1,2,6,2,1,1.0,0.0,1.0,0.0,0.0,2.0,11,3,12
177797,16,2,1,17,3,3,5,5,1,1,2,22,2,2,0.0,0.0,0.0,0.0,0.0,2.0,17,3,12
168895,4,2,3,17,2,3,0,1,1,0,2,21,2,2,0.0,0.0,0.0,0.0,0.0,3.0,13,4,11
36323,16,2,3,17,10,3,0,1,0,1,2,24,2,2,0.0,0.0,0.0,0.0,0.0,2.0,10,1,3
130125,15,2,3,17,8,3,0,5,1,1,1,17,2,2,0.0,0.0,0.0,0.0,0.0,2.0,17,2,9
20473,16,11,5,10,11,3,5,5,1,1,2,36,2,2,0.0,0.0,0.0,0.0,0.0,2.0,3,1,2
119465,16,2,1,17,2,3,0,1,1,1,1,24,2,2,0.0,0.0,0.0,0.0,0.0,2.0,23,4,8
133953,15,11,3,0,6,3,5,5,1,1,0,18,2,2,0.0,0.0,0.0,0.0,0.0,2.0,16,7,9
2712,15,10,1,17,6,3,1,5,0,1,2,12,2,3,1.0,0.0,0.0,1.0,0.0,1.0,19,5,1
10216,16,2,3,10,2,3,6,1,1,1,2,19,2,2,0.0,0.0,0.0,0.0,0.0,3.0,7,3,1
183321,15,2,3,0,6,3,0,1,1,1,0,5,2,2,0.0,0.0,0.0,0.0,0.0,3.0,10,1,12
22361,16,11,5,17,8,3,5,5,1,1,2,36,2,2,0.0,0.0,0.0,0.0,0.0,2.0,18,4,2
70101,16,7,3,10,2,3,6,1,1,1,2,19,2,2,0.0,0.0,0.0,0.0,0.0,2.0,16,3,5
141279,16,2,3,17,8,3,0,5,0,1,2,36,2,2,0.0,0.0,0.0,0.0,0.0,2.0,14,4,10
93573,16,2,3,17,6,3,0,1,1,1,2,22,2,2,0.0,0.0,0.0,0.0,0.0,2.0,14,6,7
176623,16,2,4,17,3,3,0,1,0,1,2,17,3,1,1.0,0.0,1.0,0.0,0.0,5.0,17,1,12
98140,15,2,1,0,6,3,0,1,1,1,1,18,2,2,0.0,0.0,0.0,0.0,0.0,2.0,22,7,7
36809,15,2,3,0,8,3,0,1,1,1,2,36,2,2,0.0,0.0,0.0,0.0,0.0,4.0,17,3,3
185771,16,2,1,17,8,3,5,5,1,1,1,36,2,2,0.0,0.0,0.0,0.0,0.0,4.0,0,3,12
136619,16,2,3,10,2,3,0,1,1,1,2,19,2,2,0.0,0.0,0.0,0.0,0.0,2.0,7,7,9
1095,16,2,3,17,8,3,0,1,1,1,2,36,2,2,0.0,0.0,0.0,0.0,0.0,2.0,15,5,1
40907,16,2,1,0,6,3,5,5,1,1,2,6,2,2,0.0,0.0,0.0,0.0,0.0,2.0,19,3,3
162016,15,3,4,0,8,3,6,1,1,1,1,36,2,2,0.0,0.0,0.0,0.0,0.0,2.0,17,3,11
100822,16,2,3,8,2,3,0,1,1,1,0,22,2,2,0.0,0.0,0.0,0.0,0.0,2.0,18,5,7
167556,15,10,3,0,6,3,4,5,1,1,2,18,2,2,0.0,0.0,0.0,0.0,0.0,4.0,9,5,11
154173,16,7,1,17,2,3,6,5,0,1,2,36,2,3,4.0,0.0,0.0,4.0,0.0,1.0,18,6,10
124317,16,2,4,10,8,3,0,1,1,1,2,19,3,2,0.0,0.0,0.0,0.0,0.0,6.0,18,7,9
82325,17,2,1,17,6,3,0,1,1,0,0,30,2,2,0.0,0.0,0.0,0.0,0.0,4.0,1,1,6
49350,16,2,1,0,6,3,0,1,0,1,2,6,2,2,0.0,0.0,0.0,0.0,0.0,4.0,0,1,4
100486,16,2,3,0,15,3,0,1,1,1,2,18,2,2,0.0,0.0,0.0,0.0,0.0,6.0,15,1,7
99234,4,2,3,15,10,3,0,1,1,1,0,36,2,2,0.0,0.0,0.0,0.0,0.0,5.0,14,1,7
7987,15,2,3,17,2,3,0,5,1,1,1,36,2,2,0.0,0.0,0.0,0.0,0.0,2.0,8,3,1
174344,16,2,0,15,8,3,0,1,0,1,2,17,2,3,2.0,0.0,0.0,2.0,0.0,0.0,5,3,12
24828,15,2,3,0,2,3,0,1,1,1,1,18,2,2,0.0,0.0,0.0,0.0,0.0,2.0,16,4,2
31871,15,11,1,0,6,3,5,5,1,1,2,36,3,2,0.0,0.0,0.0,0.0,0.0,2.0,21,6,3
87446,17,2,3,15,2,3,0,1,1,1,2,36,2,2,0.0,0.0,0.0,0.0,0.0,2.0,13,3,6
8938,16,2,3,17,15,3,6,1,0,1,2,36,2,2,0.0,0.0,0.0,0.0,0.0,2.0,6,3,1
82269,4,2,3,10,8,3,0,1,1,1,1,19,2,2,0.0,0.0,0.0,0.0,0.0,3.0,17,7,6
80112,16,2,3,0,2,3,0,5,0,1,2,36,2,2,0.0,0.0,0.0,0.0,0.0,3.0,13,4,6
147720,16,2,3,10,8,3,0,1,1,1,2,36,2,2,0.0,0.0,0.0,0.0,0.0,2.0,15,2,10
39273,16,2,1,0,3,3,0,1,1,1,2,6,2,2,0.0,0.0,0.0,0.0,0.0,2.0,5,1,3
180467,16,3,3,0,6,3,6,1,0,1,2,6,4,3,1.0,0.0,0.0,1.0,0.0,5.0,11,4,12
119315,15,2,3,17,8,3,0,1,1,1,2,24,2,2,0.0,0.0,0.0,0.0,0.0,2.0,10,3,8
94701,16,2,0,17,8,3,0,1,1,1,1,36,2,2,0.0,0.0,0.0,0.0,0.0,2.0,0,1,7
76901,6,2,3,0,16,3,0,1,0,1,2,36,4,3,2.0,0.0,0.0,2.0,0.0,1.0,15,6,6
13726,16,3,3,15,6,3,0,1,1,1,2,19,2,2,0.0,0.0,0.0,0.0,0.0,5.0,15,1,1
93910,16,2,3,10,8,3,0,1,1,1,2,36,2,2,0.0,0.0,0.0,0.0,0.0,2.0,16,6,7
104672,16,2,1,2,3,3,5,5,0,1,1,36,1,3,1.0,0.0,0.0,1.0,0.0,0.0,4,6,8
42277,15,2,1,10,8,3,0,1,1,1,2,19,2,2,0.0,0.0,0.0,0.0,0.0,2.0,2,7,4
110759,16,11,5,17,3,3,5,5,0,1,2,36,2,2,0.0,0.0,0.0,0.0,0.0,2.0,2,1,8
123624,16,2,3,15,10,3,0,1,1,0,2,23,2,2,0.0,0.0,0.0,0.0,0.0,2.0,16,3,9
70394,16,2,1,17,2,3,0,1,0,1,2,24,2,2,0.0,0.0,0.0,0.0,0.0,5.0,2,7,5
142014,4,2,1,10,3,5,0,1,0,0,2,17,3,4,1.0,0.0,0.0,0.0,1.0,4.0,4,7,10
171125,15,2,4,17,10,3,0,1,1,1,2,36,2,2,0.0,0.0,0.0,0.0,0.0,2.0,17,3,11
66577,16,11,3,17,8,3,5,5,1,1,0,22,2,2,0.0,0.0,0.0,0.0,0.0,4.0,15,3,5
41099,15,7,1,0,8,3,6,1,1,1,2,18,2,2,0.0,0.0,0.0,0.0,0.0,6.0,20,6,3
108288,15,2,3,0,8,3,0,1,0,1,0,36,2,3,3.0,0.0,0.0,3.0,0.0,0.0,16,5,8
17517,16,2,3,15,2,3,4,1,1,1,2,39,2,2,0.0,0.0,0.0,0.0,0.0,3.0,8,5,2
172601,15,7,1,0,8,3,6,5,0,1,1,36,2,2,0.0,0.0,0.0,0.0,0.0,2.0,17,6,12
57970,17,2,1,17,2,3,5,5,1,1,1,18,2,2,0.0,0.0,0.0,0.0,0.0,3.0,21,6,5
42756,4,2,3,7,8,3,0,1,1,1,1,12,2,2,0.0,0.0,0.0,0.0,0.0,1.0,13,2,4
163964,16,5,3,17,15,3,6,1,0,1,2,36,3,3,1.0,0.0,0.0,1.0,0.0,3.0,14,3,11