crash_date,               traffic_control_device,weather_condition,lighting_condition,first_crash_type,trafficway_type,alignment,roadway_surface_cond,road_defect,crash_type,intersection_related_i,damage,prim_contributory_cause,num_units,most_severe_injury,injuries_total,injuries_fatal,injuries_incapacitating,injuries_non_incapacitating,injuries_reported_not_evident,injuries_no_indication,crash_hour,crash_day_of_week,crash_month
117275,16,2,3,2,8,3,0,1,0,1,2,36,1,2,0.0,0.0,0.0,0.0,0.0,1.0,14,1,8
112389,16,2,3,11,8,3,0,1,1,1,2,9,2,2,0.0,0.0,0.0,0.0,0.0,2.0,15,6,8
116583,16,2,3,17,6,3,0,5,0,1,2,6,3,2,0.0,0.0,0.0,0.0,0.0,3.0,9,5,8
59693,15,2,3,0,16,3,0,1,0,1,2,18,2,3,2.0,0.0,0.0,2.0,0.0,0.0,15,6,5
29135,16,2,3,10,8,3,0,1,1,1,2,21,2,2,0.0,0.0,0.0,0.0,0.0,2.0,12,7,3
127781,16,2,3,8,2,3,0,1,1,1,0,6,2,2,0.0,0.0,0.0,0.0,0.0,2.0,17,5,9
149933,15,2,1,0,15,3,0,1,0,1,2,5,3,1,1.0,0.0,1.0,0.0,0.0,3.0,19,3,10
96186,16,2,3,17,2,3,0,1,1,1,2,36,2,2,0.0,0.0,0.0,0.0,0.0,3.0,18,4,7
123584,16,2,3,8,2,3,5,5,0,1,2,36,2,3,1.0,0.0,0.0,1.0,0.0,1.0,18,2,9
124705,16,2,1,2,6,3,0,1,0,1,2,36,1,2,0.0,0.0,0.0,0.0,0.0,1.0,23,4,9
54042,15,7,3,0,2,3,6,1,0,1,2,18,3,2,0.0,0.0,0.0,0.0,0.0,2.0,18,6,4
88657,15,2,3,0,6,3,0,5,1,1,2,18,2,2,0.0,0.0,0.0,0.0,0.0,4.0,12,7,7
128105,16,2,1,15,10,3,0,1,1,1,1,22,2,2,0.0,0.0,0.0,0.0,0.0,2.0,2,4,9
8457,16,2,1,17,6,3,0,5,0,1,2,18,2,4,1.0,0.0,0.0,0.0,1.0,1.0,20,3,1
53153,4,2,3,10,8,3,0,1,1,1,2,17,2,2,0.0,0.0,0.0,0.0,0.0,2.0,17,7,4
105377,16,2,1,10,2,3,0,1,1,1,2,19,2,2,0.0,0.0,0.0,0.0,0.0,2.0,21,3,8
133357,16,2,3,17,6,3,0,1,0,1,2,6,2,1,1.0,0.0,1.0,0.0,0.0,1.0,9,5,9
182113,16,2,3,10,8,3,0,1,0,0,2,19,2,4,1.0,0.0,0.0,0.0,1.0,1.0,13,6,12
178138,16,2,3,9,3,3,0,1,0,1,0,26,2,3,1.0,0.0,0.0,1.0,0.0,1.0,15,2,12
150496,16,2,3,17,8,3,0,1,0,1,2,6,2,2,0.0,0.0,0.0,0.0,0.0,2.0,9,3,10
158024,16,7,1,0,2,3,6,1,1,1,1,6,2,2,0.0,0.0,0.0,0.0,0.0,2.0,22,5,11
92272,4,2,1,10,6,3,0,1,0,1,2,28,2,3,1.0,0.0,0.0,1.0,0.0,4.0,22,7,7
121173,16,7,3,10,8,3,0,1,1,1,1,19,2,2,0.0,0.0,0.0,0.0,0.0,2.0,9,7,9
158403,16,7,1,0,8,3,6,1,0,1,2,36,2,2,0.0,0.0,0.0,0.0,0.0,3.0,1,7,11
145608,4,2,3,15,2,3,5,5,1,1,1,18,2,2,0.0,0.0,0.0,0.0,0.0,2.0,10,6,10
135702,16,2,3,17,6,3,0,1,0,1,2,23,2,1,1.0,0.0,1.0,0.0,0.0,1.0,6,3,9
140489,15,7,1,0,2,3,6,1,0,1,2,8,2,2,0.0,0.0,0.0,0.0,0.0,2.0,17,6,10
174009,15,2,3,17,6,3,0,1,0,1,2,24,2,3,1.0,0.0,0.0,1.0,0.0,1.0,10,6,12
188563,15,2,1,0,10,3,0,1,0,1,2,5,2,3,1.0,0.0,0.0,1.0,0.0,2.0,21,7,12
11273,16,2,1,2,6,3,0,6,1,1,2,36,1,2,0.0,0.0,0.0,0.0,0.0,1.0,0,7,1
41011,16,2,3,10,8,3,0,1,1,1,0,36,2,2,0.0,0.0,0.0,0.0,0.0,6.0,7,4,3
46659,16,2,3,17,2,3,0,1,0,1,2,36,2,2,0.0,0.0,0.0,0.0,0.0,5.0,6,4,4
104290,16,2,1,0,2,3,0,1,1,1,2,6,2,2,0.0,0.0,0.0,0.0,0.0,3.0,21,1,8
127385,16,2,1,10,2,3,0,1,1,1,2,19,2,2,0.0,0.0,0.0,0.0,0.0,3.0,19,6,9
104076,15,2,3,0,8,3,0,1,1,1,2,18,2,2,0.0,0.0,0.0,0.0,0.0,5.0,12,4,8
186688,16,3,3,10,2,3,0,1,0,1,1,17,2,4,1.0,0.0,0.0,0.0,1.0,2.0,13,1,12
172231,16,2,3,0,2,3,0,1,1,1,1,18,2,2,0.0,0.0,0.0,0.0,0.0,2.0,11,6,12
57930,17,2,3,17,8,3,0,5,1,1,1,18,2,2,0.0,0.0,0.0,0.0,0.0,2.0,15,5,5
140327,17,3,3,17,2,3,6,1,1,1,2,28,2,2,0.0,0.0,0.0,0.0,0.0,2.0,7,5,10
185704,4,2,3,0,8,3,6,1,0,1,2,36,2,2,0.0,0.0,0.0,0.0,0.0,3.0,13,2,12
125510,16,2,2,17,8,3,0,1,0,1,2,18,2,3,1.0,0.0,0.0,1.0,0.0,1.0,19,1,9
60595,4,2,3,8,8,3,0,1,0,1,0,18,2,3,1.0,0.0,0.0,1.0,0.0,1.0,16,5,5
126052,16,2,3,17,2,3,0,1,1,1,2,23,2,2,0.0,0.0,0.0,0.0,0.0,7.0,16,2,9
100424,16,2,3,9,6,3,0,1,0,1,1,36,2,3,1.0,0.0,0.0,1.0,0.0,1.0,15,7,7
89383,4,2,3,15,2,3,0,1,1,1,1,36,2,2,0.0,0.0,0.0,0.0,0.0,2.0,20,3,7
49672,16,2,3,17,6,3,0,1,0,1,2,36,2,2,0.0,0.0,0.0,0.0,0.0,2.0,6,1,4
376,17,2,1,0,6,3,5,5,0,1,2,5,3,2,0.0,0.0,0.0,0.0,0.0,3.0,16,1,1
156159,4,2,3,15,2,3,0,1,1,1,0,22,2,2,0.0,0.0,0.0,0.0,0.0,2.0,18,4,11
17563,16,2,1,0,6,3,0,1,0,1,2,6,2,3,1.0,0.0,0.0,1.0,0.0,3.0,3,7,2
27532,16,7,3,17,8,3,6,1,0,1,2,18,2,2,0.0,0.0,0.0,0.0,0.0,4.0,7,2,2
102834,15,11,5,17,15,3,5,5,1,1,2,18,2,2,0.0,0.0,0.0,0.0,0.0,2.0,18,2,7
74383,9,3,3,17,6,4,0,1,0,1,2,23,2,4,3.0,0.0,0.0,0.0,3.0,0.0,8,4,6
173088,6,7,1,17,6,3,5,5,0,1,2,26,2,3,1.0,0.0,0.0,1.0,0.0,2.0,21,6,12
147442,15,2,3,17,2,3,0,1,1,1,2,36,2,2,0.0,0.0,0.0,0.0,0.0,2.0,17,3,10
2333,16,2,3,17,6,3,0,1,1,1,2,18,2,2,0.0,0.0,0.0,0.0,0.0,2.0,11,6,1
75243,4,2,1,17,6,3,0,1,0,1,2,36,2,3,2.0,0.0,0.0,2.0,0.0,2.0,4,2,6
49447,16,2,3,8,8,3,0,1,1,1,0,36,2,2,0.0,0.0,0.0,0.0,0.0,2.0,13,3,4
72773,16,2,3,17,15,3,0,1,0,1,2,38,2,3,4.0,0.0,0.0,4.0,0.0,5.0,16,1,6
114865,4,7,3,17,8,3,6,1,1,1,2,19,2,2,0.0,0.0,0.0,0.0,0.0,2.0,16,7,8
150801,16,2,3,0,6,3,0,1,0,1,2,18,2,3,1.0,0.0,0.0,1.0,0.0,1.0,14,2,10
58392,16,2,1,0,6,3,0,1,0,1,2,6,2,3,2.0,0.0,0.0,2.0,0.0,0.0,1,1,5
149810,4,7,1,2,10,3,6,1,0,1,2,17,1,2,0.0,0.0,0.0,0.0,0.0,1.0,21,1,10
91591,16,2,1,0,6,3,0,1,0,1,2,6,2,3,1.0,0.0,0.0,1.0,0.0,2.0,0,2,7
69958,16,2,3,7,8,3,0,1,0,0,2,11,3,2,0.0,0.0,0.0,0.0,0.0,3.0,13,7,5
69926,16,7,1,7,1,3,6,1,0,1,2,39,2,4,1.0,0.0,0.0,0.0,1.0,0.0,21,6,5
151053,15,7,3,0,8,3,6,1,0,1,2,36,4,2,0.0,0.0,0.0,0.0,0.0,2.0,12,3,10
47614,16,7,3,17,2,3,6,1,1,1,2,16,2,2,0.0,0.0,0.0,0.0,0.0,2.0,8,5,4
179011,16,7,1,17,8,3,6,1,0,1,2,18,2,2,0.0,0.0,0.0,0.0,0.0,2.0,18,5,12
16216,16,2,1,17,8,3,6,1,1,1,2,36,2,2,0.0,0.0,0.0,0.0,0.0,2.0,22,4,2
21279,16,2,3,10,8,3,0,1,1,1,1,19,2,2,0.0,0.0,0.0,0.0,0.0,3.0,15,6,2
65285,15,2,1,0,6,3,0,1,1,1,2,6,2,2,0.0,0.0,0.0,0.0,0.0,2.0,22,3,5
159445,4,2,1,17,6,3,0,1,0,1,2,24,2,2,0.0,0.0,0.0,0.0,0.0,2.0,1,1,11
106385,16,3,3,8,6,3,0,1,0,1,0,12,2,3,1.0,0.0,0.0,1.0,0.0,1.0,11,4,8
28764,16,2,3,0,8,3,0,1,0,1,2,36,2,3,2.0,0.0,0.0,2.0,0.0,0.0,7,6,3
2200,17,11,5,0,17,3,5,5,1,0,1,26,2,2,0.0,0.0,0.0,0.0,0.0,2.0,14,4,1
19056,16,2,3,9,8,3,0,1,0,1,0,24,2,3,1.0,0.0,0.0,1.0,0.0,1.0,8,4,2
153049,4,5,3,10,2,3,6,5,1,0,2,19,2,2,0.0,0.0,0.0,0.0,0.0,2.0,11,3,10
167602,16,2,3,10,8,3,1,1,1,1,1,19,2,2,0.0,0.0,0.0,0.0,0.0,2.0,4,1,11
158011,15,2,3,17,3,3,0,5,1,1,2,36,2,2,0.0,0.0,0.0,0.0,0.0,5.0,15,5,11
57362,8,2,4,11,8,3,0,1,1,0,0,21,2,2,0.0,0.0,0.0,0.0,0.0,3.0,19,4,5
4715,16,2,3,10,3,3,0,1,1,1,1,18,2,2,0.0,0.0,0.0,0.0,0.0,2.0,11,2,1
97510,4,2,3,10,8,3,0,1,1,1,1,36,2,2,0.0,0.0,0.0,0.0,0.0,2.0,14,4,7
174262,16,2,1,17,19,3,0,1,1,1,2,22,2,2,0.0,0.0,0.0,0.0,0.0,2.0,21,4,12
100657,16,2,0,17,6,3,0,5,0,1,2,22,2,2,0.0,0.0,0.0,0.0,0.0,2.0,21,3,7
4852,4,10,4,3,8,3,4,1,0,1,2,17,2,4,1.0,0.0,0.0,0.0,1.0,1.0,16,6,1
183468,15,2,1,0,2,3,0,1,1,0,2,5,2,2,0.0,0.0,0.0,0.0,0.0,2.0,18,4,12
40328,16,3,3,0,6,3,0,1,0,1,1,6,2,4,1.0,0.0,0.0,0.0,1.0,1.0,11,6,3
145960,11,2,1,10,8,3,0,1,1,1,2,19,3,2,0.0,0.0,0.0,0.0,0.0,3.0,22,3,10
56662,16,2,3,10,2,3,0,1,1,1,2,36,2,2,0.0,0.0,0.0,0.0,0.0,2.0,14,7,5
41830,16,7,1,15,3,3,6,1,1,1,1,36,2,2,0.0,0.0,0.0,0.0,0.0,3.0,1,6,3
145654,16,7,0,15,2,3,6,5,1,1,2,22,2,2,0.0,0.0,0.0,0.0,0.0,2.0,5,7,10
114655,16,2,3,10,3,3,0,1,1,1,2,26,2,2,0.0,0.0,0.0,0.0,0.0,2.0,7,3,8
119209,16,2,3,15,8,3,0,5,1,1,2,36,2,2,0.0,0.0,0.0,0.0,0.0,2.0,15,2,8
139121,16,2,3,0,8,3,0,1,0,1,2,8,2,3,1.0,0.0,0.0,1.0,0.0,1.0,9,1,10
157439,16,2,1,17,3,4,0,5,0,1,2,23,2,2,0.0,0.0,0.0,0.0,0.0,2.0,2,7,11
95570,16,2,3,10,2,3,0,6,1,1,1,17,2,2,0.0,0.0,0.0,0.0,0.0,2.0,13,2,7
61343,16,2,3,10,11,3,0,1,1,1,0,36,2,2,0.0,0.0,0.0,0.0,0.0,2.0,14,4,5
145698,16,2,3,0,15,3,0,1,0,1,2,36,2,1,1.0,0.0,1.0,0.0,0.0,1.0,13,2,10
171527,16,2,3,10,2,3,0,5,1,1,2,36,2,2,0.0,0.0,0.0,0.0,0.0,2.0,10,4,11
129620,15,2,3,17,8,3,0,1,1,1,2,36,2,2,0.0,0.0,0.0,0.0,0.0,2.0,8,2,9
184551,16,10,3,0,6,3,4,1,1,1,1,6,2,2,0.0,0.0,0.0,0.0,0.0,3.0,11,5,12
20327,16,10,4,10,8,3,6,1,1,1,2,19,2,2,0.0,0.0,0.0,0.0,0.0,2.0,21,4,2
127274,15,2,3,10,2,3,0,1,1,1,0,13,2,2,0.0,0.0,0.0,0.0,0.0,2.0,17,5,9
108683,16,2,1,15,6,3,0,1,1,1,2,36,2,2,0.0,0.0,0.0,0.0,0.0,2.0,20,6,8
146455,16,2,3,15,8,3,0,1,1,1,1,36,2,2,0.0,0.0,0.0,0.0,0.0,3.0,15,3,10
46378,16,7,3,0,8,3,6,1,1,1,2,18,2,2,0.0,0.0,0.0,0.0,0.0,2.0,14,4,4
183003,15,2,3,3,8,3,0,1,1,1,2,6,2,2,0.0,0.0,0.0,0.0,0.0,2.0,10,5,12
159375,16,2,3,10,8,3,0,1,1,1,1,19,2,2,0.0,0.0,0.0,0.0,0.0,2.0,10,5,11
149099,4,2,1,17,6,3,0,1,0,1,2,9,2,3,1.0,0.0,0.0,1.0,0.0,1.0,2,1,10
50684,17,2,3,10,6,3,0,1,1,1,2,26,2,2,0.0,0.0,0.0,0.0,0.0,2.0,18,6,4
16270,16,6,1,0,8,3,6,5,0,1,2,30,3,3,1.0,0.0,0.0,1.0,0.0,1.0,0,5,2
76005,16,2,1,10,2,3,0,1,1,1,2,19,2,2,0.0,0.0,0.0,0.0,0.0,2.0,23,7,6
157866,16,2,3,0,2,3,0,1,0,1,2,9,2,3,3.0,0.0,0.0,3.0,0.0,1.0,13,7,11
12721,16,2,3,10,3,3,0,1,1,1,2,19,2,2,0.0,0.0,0.0,0.0,0.0,3.0,11,4,1
93835,4,11,3,10,2,3,6,1,1,1,2,17,2,2,0.0,0.0,0.0,0.0,0.0,2.0,14,4,7
155311,15,10,1,17,8,3,4,1,1,1,1,36,2,2,0.0,0.0,0.0,0.0,0.0,2.0,19,5,10
173761,16,10,3,10,8,3,6,1,1,1,0,19,2,2,0.0,0.0,0.0,0.0,0.0,2.0,12,1,12
29176,16,2,1,15,1,3,0,1,1,1,1,18,2,2,0.0,0.0,0.0,0.0,0.0,3.0,20,6,3
25764,16,2,3,10,8,3,0,1,1,1,2,19,2,2,0.0,0.0,0.0,0.0,0.0,3.0,13,7,2
43818,15,7,3,0,8,3,6,1,1,1,1,18,2,2,0.0,0.0,0.0,0.0,0.0,4.0,12,5,4
66979,4,2,3,17,0,3,0,1,1,1,2,36,2,2,0.0,0.0,0.0,0.0,0.0,2.0,13,4,5
129148,16,2,3,10,3,3,0,1,0,1,2,30,3,2,0.0,0.0,0.0,0.0,0.0,4.0,15,4,9
135113,15,2,1,0,6,3,0,1,0,1,2,18,2,2,0.0,0.0,0.0,0.0,0.0,2.0,19,1,9
107687,15,2,3,10,8,3,0,1,1,1,2,19,2,2,0.0,0.0,0.0,0.0,0.0,2.0,8,4,8
187054,16,10,3,10,2,3,4,1,1,1,1,36,2,2,0.0,0.0,0.0,0.0,0.0,2.0,16,5,12
76463,15,2,3,0,16,3,0,1,0,1,2,18,2,2,0.0,0.0,0.0,0.0,0.0,2.0,14,1,6
38634,16,2,3,17,8,3,0,1,0,1,2,18,2,3,1.0,0.0,0.0,1.0,0.0,2.0,11,2,3
1219,4,10,3,0,15,3,6,1,0,1,2,18,2,2,0.0,0.0,0.0,0.0,0.0,3.0,13,1,1
11392,16,7,0,0,6,3,6,1,0,1,2,6,2,2,0.0,0.0,0.0,0.0,0.0,2.0,4,3,1
146013,15,2,3,15,8,3,0,1,1,1,1,23,2,2,0.0,0.0,0.0,0.0,0.0,2.0,7,5,10
67744,4,7,2,17,3,3,6,5,1,1,2,36,2,2,0.0,0.0,0.0,0.0,0.0,3.0,6,6,5
35132,16,2,3,8,8,3,0,1,0,1,0,36,2,3,1.0,0.0,0.0,1.0,0.0,2.0,17,3,3
133385,16,2,1,15,10,3,0,1,1,1,1,6,2,2,0.0,0.0,0.0,0.0,0.0,2.0,4,6,9
111870,16,7,3,0,15,3,5,5,0,1,2,36,2,3,1.0,0.0,0.0,1.0,0.0,1.0,15,5,8
131281,16,2,3,15,3,3,0,5,1,1,2,36,2,2,0.0,0.0,0.0,0.0,0.0,2.0,17,4,9
120559,15,2,3,8,8,3,0,1,1,1,0,23,2,2,0.0,0.0,0.0,0.0,0.0,2.0,8,6,9
38626,16,2,3,10,3,2,6,1,1,1,2,9,2,2,0.0,0.0,0.0,0.0,0.0,2.0,9,2,3
1452,16,2,3,2,8,3,0,1,0,1,2,30,1,1,1.0,0.0,1.0,0.0,0.0,0.0,8,6,1
37935,17,11,5,15,6,3,5,5,1,1,2,36,2,2,0.0,0.0,0.0,0.0,0.0,2.0,14,5,3
50960,16,2,1,0,3,3,6,1,0,1,2,30,2,1,2.0,0.0,1.0,1.0,0.0,1.0,23,2,4
49775,15,2,1,0,6,3,0,1,0,1,2,5,2,4,1.0,0.0,0.0,0.0,1.0,1.0,3,4,4
28313,15,3,3,9,8,3,0,1,0,1,2,18,2,1,1.0,0.0,1.0,0.0,0.0,1.0,17,5,3
52484,4,11,3,0,15,3,5,5,1,1,2,36,2,2,0.0,0.0,0.0,0.0,0.0,2.0,17,3,4
177414,16,2,1,17,8,3,0,1,0,1,2,17,2,2,0.0,0.0,0.0,0.0,0.0,2.0,2,6,12
137522,4,2,3,17,2,3,0,5,1,1,2,36,2,2,0.0,0.0,0.0,0.0,0.0,2.0,12,7,9
127122,15,2,3,10,6,3,0,1,1,1,2,36,3,2,0.0,0.0,0.0,0.0,0.0,5.0,19,5,9
172723,15,2,1,7,8,3,0,1,1,1,2,21,2,2,0.0,0.0,0.0,0.0,0.0,4.0,21,4,12
137818,16,2,3,17,2,3,0,1,1,1,1,19,2,2,0.0,0.0,0.0,0.0,0.0,2.0,16,5,10
188658,15,7,1,0,8,3,6,1,0,1,2,5,2,2,0.0,0.0,0.0,0.0,0.0,4.0,15,2,12
187656,15,11,1,0,8,3,5,5,1,1,1,18,2,2,0.0,0.0,0.0,0.0,0.0,2.0,9,7,12
91119,16,2,3,10,8,3,0,1,1,1,0,36,2,2,0.0,0.0,0.0,0.0,0.0,2.0,7,3,7
127231,16,2,1,0,2,3,0,1,0,1,2,6,2,3,1.0,0.0,0.0,1.0,0.0,1.0,22,4,9
186112,16,2,3,15,8,3,0,1,0,1,2,36,3,2,0.0,0.0,0.0,0.0,0.0,2.0,11,3,12
142834,16,7,0,10,2,3,6,1,1,0,2,11,2,2,0.0,0.0,0.0,0.0,0.0,2.0,22,3,10
56249,15,2,3,0,6,3,0,5,0,1,2,36,3,3,1.0,0.0,0.0,1.0,0.0,1.0,14,7,5
147656,15,2,1,10,15,3,0,1,1,1,1,17,2,2,0.0,0.0,0.0,0.0,0.0,2.0,23,6,10
72160,16,2,3,15,6,3,0,1,1,1,2,36,2,2,0.0,0.0,0.0,0.0,0.0,2.0,16,5,6
100621,16,2,3,11,6,3,0,1,1,1,2,21,2,2,0.0,0.0,0.0,0.0,0.0,2.0,15,3,7
129224,16,2,4,17,2,3,0,1,1,1,0,36,2,2,0.0,0.0,0.0,0.0,0.0,2.0,17,5,9
25394,16,7,3,10,8,3,6,1,1,1,1,19,2,2,0.0,0.0,0.0,0.0,0.0,2.0,11,7,2
106955,16,2,3,15,6,3,0,1,1,1,2,36,2,2,0.0,0.0,0.0,0.0,0.0,2.0,6,6,8
150525,15,2,3,0,2,3,0,1,1,1,2,18,2,2,0.0,0.0,0.0,0.0,0.0,2.0,15,4,10
72115,4,2,3,0,8,3,0,5,1,1,1,24,2,2,0.0,0.0,0.0,0.0,0.0,2.0,18,4,6
33879,15,2,3,0,8,3,0,1,1,1,2,18,2,2,0.0,0.0,0.0,0.0,0.0,2.0,4,3,3
165651,15,2,3,0,6,3,0,1,0,1,2,5,2,2,0.0,0.0,0.0,0.0,0.0,9.0,7,5,11
6923,16,2,3,17,2,3,5,1,1,1,2,36,2,2,0.0,0.0,0.0,0.0,0.0,2.0,14,1,1
164495,18,2,0,15,2,3,0,1,1,1,1,18,2,2,0.0,0.0,0.0,0.0,0.0,3.0,16,3,11
179591,4,3,1,15,2,3,0,1,1,1,1,23,2,2,0.0,0.0,0.0,0.0,0.0,4.0,16,6,12
45692,4,2,3,0,8,3,0,1,0,1,2,23,2,2,0.0,0.0,0.0,0.0,0.0,3.0,13,7,4
38592,15,2,1,0,8,3,0,1,0,1,2,36,2,3,1.0,0.0,0.0,1.0,0.0,1.0,20,7,3
71955,16,3,1,15,8,3,6,1,1,1,2,22,2,2,0.0,0.0,0.0,0.0,0.0,3.0,21,7,6
23105,15,3,3,10,10,3,1,1,1,1,1,26,2,2,0.0,0.0,0.0,0.0,0.0,3.0,8,1,2
79894,15,2,3,0,8,3,0,1,0,1,2,5,2,2,0.0,0.0,0.0,0.0,0.0,3.0,14,6,6
163294,15,2,3,0,6,3,6,1,1,1,2,36,2,2,0.0,0.0,0.0,0.0,0.0,2.0,13,1,11
100536,16,2,3,15,8,3,0,1,1,1,2,36,2,2,0.0,0.0,0.0,0.0,0.0,4.0,12,1,7
31048,16,2,1,17,1,3,0,1,1,1,2,24,2,2,0.0,0.0,0.0,0.0,0.0,2.0,19,4,3
153341,16,2,1,17,8,3,0,1,0,1,2,18,2,4,1.0,0.0,0.0,0.0,1.0,3.0,0,1,10
6849,16,3,3,17,6,3,0,1,1,1,2,12,2,2,0.0,0.0,0.0,0.0,0.0,2.0,12,6,1
101873,4,2,3,10,8,3,0,1,1,1,2,30,2,2,0.0,0.0,0.0,0.0,0.0,2.0,10,6,7
151656,16,2,3,10,8,3,0,1,1,1,1,19,2,2,0.0,0.0,0.0,0.0,0.0,2.0,6,5,10
156672,16,2,1,8,6,3,0,1,0,1,1,6,2,3,1.0,0.0,0.0,1.0,0.0,1.0,22,3,11
83381,16,2,3,17,15,3,0,1,1,1,2,23,2,2,0.0,0.0,0.0,0.0,0.0,3.0,12,2,6
121858,16,2,3,17,8,3,0,1,0,0,1,18,2,4,1.0,0.0,0.0,0.0,1.0,2.0,18,5,9
139632,16,2,1,17,8,3,0,1,0,1,2,18,2,2,0.0,0.0,0.0,0.0,0.0,3.0,22,2,10
141635,16,2,3,10,2,3,0,1,1,1,1,19,2,2,0.0,0.0,0.0,0.0,0.0,2.0,14,5,10
94597,16,2,4,0,8,3,0,1,0,1,2,6,2,3,1.0,0.0,0.0,1.0,0.0,2.0,19,7,7
25326,16,2,1,17,10,3,0,1,1,1,2,12,2,2,0.0,0.0,0.0,0.0,0.0,2.0,23,6,2
172839,15,7,3,17,8,3,6,1,1,1,2,18,2,2,0.0,0.0,0.0,0.0,0.0,4.0,16,1,12
98001,15,2,3,0,6,3,0,1,0,1,2,18,2,2,0.0,0.0,0.0,0.0,0.0,2.0,9,4,7
38473,16,2,3,17,10,3,0,1,0,1,2,18,3,3,1.0,0.0,0.0,1.0,0.0,1.0,13,6,3
177279,15,2,3,0,2,3,0,1,0,1,2,26,2,3,1.0,0.0,0.0,1.0,0.0,2.0,13,3,12
175689,16,2,1,10,8,3,0,1,1,1,1,19,2,2,0.0,0.0,0.0,0.0,0.0,3.0,15,2,12
158496,15,2,1,0,2,3,0,1,0,1,2,5,2,2,0.0,0.0,0.0,0.0,0.0,7.0,22,1,11
92679,16,2,0,0,8,3,0,1,0,1,2,6,2,2,0.0,0.0,0.0,0.0,0.0,3.0,2,7,7
166179,16,11,5,0,10,3,5,5,1,1,2,6,2,2,0.0,0.0,0.0,0.0,0.0,3.0,18,5,11
60276,16,2,3,10,3,3,0,1,0,1,2,19,2,2,0.0,0.0,0.0,0.0,0.0,3.0,17,1,5
4810,4,3,3,7,10,3,0,1,1,1,0,36,2,2,0.0,0.0,0.0,0.0,0.0,3.0,9,4,1
75616,15,2,1,0,10,3,0,1,0,1,2,18,2,3,1.0,0.0,0.0,1.0,0.0,2.0,23,6,6
138183,16,2,1,15,8,3,0,1,1,1,1,22,2,2,0.0,0.0,0.0,0.0,0.0,3.0,22,1,10
51960,16,2,1,0,15,3,0,1,0,1,2,37,2,3,1.0,0.0,0.0,1.0,0.0,2.0,2,7,4
27499,16,2,3,17,1,3,0,1,0,1,2,24,3,2,0.0,0.0,0.0,0.0,0.0,3.0,13,2,2
185786,4,2,3,0,11,3,0,1,1,1,2,18,2,2,0.0,0.0,0.0,0.0,0.0,2.0,15,4,12
75906,16,2,3,17,6,3,0,1,1,1,2,17,2,2,0.0,0.0,0.0,0.0,0.0,2.0,16,5,6
162302,15,2,3,17,8,3,0,5,0,1,1,36,2,3,1.0,0.0,0.0,1.0,0.0,2.0,13,1,11
177084,17,11,5,15,6,3,5,5,1,1,2,36,2,2,0.0,0.0,0.0,0.0,0.0,2.0,20,2,12
124945,15,2,3,0,11,3,0,1,1,1,2,12,2,2,0.0,0.0,0.0,0.0,0.0,2.0,21,6,9
71340,15,2,3,0,6,3,0,1,0,1,2,17,2,3,3.0,0.0,0.0,3.0,0.0,1.0,16,6,5
155880,4,5,1,17,8,3,1,5,1,1,1,36,2,2,0.0,0.0,0.0,0.0,0.0,2.0,5,6,11
16161,15,2,1,17,15,3,0,1,0,1,2,18,2,2,0.0,0.0,0.0,0.0,0.0,2.0,0,2,2
136152,16,3,3,15,8,3,0,1,1,1,2,18,2,2,0.0,0.0,0.0,0.0,0.0,2.0,14,2,9
137659,15,2,3,15,8,3,0,1,1,1,2,23,2,2,0.0,0.0,0.0,0.0,0.0,3.0,10,1,10
53216,16,2,3,0,2,3,0,1,0,1,2,36,2,4,1.0,0.0,0.0,0.0,1.0,1.0,7,1,4
101121,16,2,3,17,8,3,0,1,0,1,1,24,2,2,0.0,0.0,0.0,0.0,0.0,3.0,15,4,7
29319,16,2,1,10,8,3,0,1,1,0,1,21,2,2,0.0,0.0,0.0,0.0,0.0,2.0,19,3,3
32461,16,2,3,10,11,3,0,1,1,1,1,26,2,2,0.0,0.0,0.0,0.0,0.0,2.0,8,6,3
43176,16,2,3,10,10,3,0,1,1,1,2,21,2,2,0.0,0.0,0.0,0.0,0.0,2.0,11,2,4
14394,16,10,0,10,8,3,4,5,1,1,2,36,2,2,0.0,0.0,0.0,0.0,0.0,2.0,18,7,1
114614,16,2,3,10,8,3,0,1,0,1,2,12,2,3,1.0,0.0,0.0,1.0,0.0,1.0,9,2,8
179265,4,2,1,17,15,3,0,5,1,1,2,18,2,2,0.0,0.0,0.0,0.0,0.0,2.0,19,3,12
18867,4,2,1,5,8,3,0,3,1,0,0,33,1,2,0.0,0.0,0.0,0.0,0.0,1.0,19,7,2
143056,16,2,3,0,2,3,0,1,1,1,2,18,2,2,0.0,0.0,0.0,0.0,0.0,2.0,7,7,10
149430,16,2,3,2,6,3,0,1,0,1,2,24,1,2,0.0,0.0,0.0,0.0,0.0,1.0,10,4,10
163913,16,2,3,10,2,3,0,1,1,1,2,19,2,2,0.0,0.0,0.0,0.0,0.0,2.0,16,2,11
119876,16,2,1,0,15,3,0,1,0,1,2,6,3,2,0.0,0.0,0.0,0.0,0.0,2.0,2,6,8
49532,15,2,3,17,2,3,0,5,1,1,2,18,2,2,0.0,0.0,0.0,0.0,0.0,2.0,17,4,4
57028,15,3,3,10,8,3,0,1,1,0,0,19,2,2,0.0,0.0,0.0,0.0,0.0,2.0,17,5,5