crash_date,               traffic_control_device,weather_condition,lighting_condition,first_crash_type,trafficway_type,alignment,roadway_surface_cond,road_defect,crash_type,intersection_related_i,damage,prim_contributory_cause,num_units,most_severe_injury,injuries_total,injuries_fatal,injuries_incapacitating,injuries_non_incapacitating,injuries_reported_not_evident,injuries_no_indication,crash_hour,crash_day_of_week,crash_month
88535,4,2,3,17,8,3,0,1,1,1,0,18,2,2,0.0,0.0,0.0,0.0,0.0,2.0,17,6,7
32595,15,3,3,17,8,3,0,1,0,1,2,28,2,1,1.0,0.0,1.0,0.0,0.0,4.0,10,1,3
113673,16,2,3,10,2,3,0,1,1,1,1,21,2,2,0.0,0.0,0.0,0.0,0.0,2.0,17,2,8
139521,17,2,1,17,8,3,0,5,1,1,2,24,2,2,0.0,0.0,0.0,0.0,0.0,2.0,23,6,10
68856,15,2,3,0,2,3,0,1,0,1,2,18,2,2,0.0,0.0,0.0,0.0,0.0,5.0,13,4,5
61824,17,2,3,8,8,3,0,5,1,1,2,18,2,2,0.0,0.0,0.0,0.0,0.0,2.0,8,4,5
71187,16,2,3,10,2,3,0,1,0,1,2,19,2,3,1.0,0.0,0.0,1.0,0.0,2.0,16,4,5
115513,4,2,3,17,6,3,0,1,0,1,2,18,2,2,0.0,0.0,0.0,0.0,0.0,4.0,8,3,8
76825,15,2,3,0,11,3,0,1,0,1,2,36,2,4,1.0,0.0,0.0,0.0,1.0,2.0,15,5,6
155126,15,2,3,0,8,3,0,1,0,1,2,5,2,2,0.0,0.0,0.0,0.0,0.0,3.0,14,3,10
127922,16,2,3,8,8,4,0,1,1,1,1,36,2,2,0.0,0.0,0.0,0.0,0.0,2.0,14,7,9
92969,16,3,3,8,8,3,0,1,0,1,0,23,2,3,1.0,0.0,0.0,1.0,0.0,1.0,13,3,7
137427,16,2,1,0,5,3,0,1,0,1,1,18,2,4,1.0,0.0,0.0,0.0,1.0,3.0,22,6,9
33338,16,2,3,9,2,3,0,1,0,0,1,36,2,3,1.0,0.0,0.0,1.0,0.0,1.0,10,2,3
108517,16,3,3,8,5,3,6,5,0,1,0,23,2,1,1.0,0.0,1.0,0.0,0.0,1.0,11,2,8
35996,16,2,3,17,2,3,0,1,0,1,2,24,2,2,0.0,0.0,0.0,0.0,0.0,3.0,9,3,3
131462,15,2,3,0,18,3,0,1,0,1,2,17,2,2,0.0,0.0,0.0,0.0,0.0,5.0,9,6,9
156896,17,2,3,0,8,3,0,1,1,1,1,36,2,2,0.0,0.0,0.0,0.0,0.0,3.0,15,5,11
174365,16,2,3,10,8,3,0,1,1,1,1,19,2,2,0.0,0.0,0.0,0.0,0.0,2.0,7,3,12
40750,15,7,4,13,2,3,6,1,1,1,2,21,2,2,0.0,0.0,0.0,0.0,0.0,2.0,19,7,3
185161,15,2,1,0,8,3,0,1,0,1,2,18,2,2,0.0,0.0,0.0,0.0,0.0,2.0,17,2,12
65039,16,2,1,15,8,3,0,5,1,1,1,21,2,2,0.0,0.0,0.0,0.0,0.0,2.0,21,7,5
140525,16,2,3,10,3,3,0,1,1,1,1,19,2,2,0.0,0.0,0.0,0.0,0.0,4.0,9,6,10
99497,16,2,1,17,8,3,0,5,0,1,2,22,2,4,3.0,0.0,0.0,0.0,3.0,1.0,20,6,7
2335,16,2,3,17,8,3,0,1,0,1,2,18,4,3,2.0,0.0,0.0,2.0,0.0,1.0,11,6,1
94979,16,7,3,10,6,3,6,1,0,1,2,22,2,3,1.0,0.0,0.0,1.0,0.0,1.0,8,1,7
118681,16,2,3,17,6,3,0,5,1,0,2,23,2,2,0.0,0.0,0.0,0.0,0.0,2.0,15,2,8
54997,16,2,0,8,8,3,0,1,0,0,1,26,2,3,1.0,0.0,0.0,1.0,0.0,1.0,22,1,4
185233,16,2,3,17,2,3,6,1,1,1,2,26,2,2,0.0,0.0,0.0,0.0,0.0,2.0,15,7,12
107881,16,2,3,17,6,3,5,5,0,1,2,18,2,2,0.0,0.0,0.0,0.0,0.0,2.0,8,5,8
76858,16,2,3,17,11,3,0,1,0,1,2,36,2,2,0.0,0.0,0.0,0.0,0.0,2.0,7,5,6
181963,16,2,3,15,3,2,0,1,1,1,0,23,2,2,0.0,0.0,0.0,0.0,0.0,2.0,13,3,12
93358,16,2,3,17,6,3,0,1,0,1,1,36,2,2,0.0,0.0,0.0,0.0,0.0,2.0,8,3,7
176439,15,2,1,7,3,3,0,1,0,1,2,37,2,4,1.0,0.0,0.0,0.0,1.0,0.0,4,1,12
95009,16,3,3,15,10,3,5,1,1,1,2,23,2,2,0.0,0.0,0.0,0.0,0.0,2.0,17,6,7
48271,16,2,3,17,2,3,0,1,1,1,2,24,2,2,0.0,0.0,0.0,0.0,0.0,3.0,12,3,4
124149,16,2,3,17,3,3,0,1,1,1,1,24,2,2,0.0,0.0,0.0,0.0,0.0,2.0,11,3,9
131549,15,2,3,0,2,3,0,1,1,0,1,12,2,2,0.0,0.0,0.0,0.0,0.0,7.0,15,2,9
57366,16,2,1,10,15,3,0,5,0,1,2,17,3,4,1.0,0.0,0.0,0.0,1.0,2.0,19,4,5
64790,4,2,1,2,15,3,0,1,0,0,2,36,1,3,1.0,0.0,0.0,1.0,0.0,0.0,20,2,5
110453,16,2,3,7,8,3,0,1,1,0,2,26,2,2,0.0,0.0,0.0,0.0,0.0,1.0,8,2,8
131978,16,2,1,17,10,3,0,1,1,1,0,36,2,2,0.0,0.0,0.0,0.0,0.0,2.0,20,6,9
104666,16,2,3,10,6,3,0,5,1,1,2,17,2,2,0.0,0.0,0.0,0.0,0.0,3.0,14,6,8
63071,16,2,3,0,8,3,0,5,1,1,2,26,2,2,0.0,0.0,0.0,0.0,0.0,2.0,7,3,5
105560,16,2,3,0,6,3,0,1,1,1,2,6,2,2,0.0,0.0,0.0,0.0,0.0,2.0,8,7,8
162473,15,2,3,7,8,3,0,1,1,1,0,19,2,2,0.0,0.0,0.0,0.0,0.0,4.0,15,2,11
54602,16,2,1,17,8,3,0,1,1,1,2,24,2,2,0.0,0.0,0.0,0.0,0.0,5.0,2,7,4
75789,16,2,3,10,2,3,0,1,1,1,2,36,2,2,0.0,0.0,0.0,0.0,0.0,2.0,19,3,6
126718,16,2,3,10,2,3,0,1,1,1,2,26,2,2,0.0,0.0,0.0,0.0,0.0,3.0,10,4,9
110791,15,2,3,0,6,3,0,5,0,1,2,36,2,3,1.0,0.0,0.0,1.0,0.0,1.0,10,1,8
123285,16,2,3,17,15,4,0,1,1,1,2,18,2,2,0.0,0.0,0.0,0.0,0.0,3.0,12,5,9
96462,16,2,3,17,10,3,0,1,0,1,2,24,2,2,0.0,0.0,0.0,0.0,0.0,2.0,16,2,7
171932,15,2,3,9,10,3,0,1,1,1,0,18,2,2,0.0,0.0,0.0,0.0,0.0,2.0,9,3,11
7833,4,10,5,10,3,3,4,1,1,1,2,39,2,2,0.0,0.0,0.0,0.0,0.0,2.0,6,7,1
113045,16,2,1,10,8,3,0,1,1,1,1,36,2,2,0.0,0.0,0.0,0.0,0.0,2.0,4,6,8
55198,15,7,3,0,8,3,6,1,1,1,2,36,2,2,0.0,0.0,0.0,0.0,0.0,3.0,12,2,4
99882,16,2,0,15,8,3,0,1,1,1,1,36,2,2,0.0,0.0,0.0,0.0,0.0,2.0,21,4,7
32156,16,7,3,15,2,3,6,1,1,1,1,36,2,2,0.0,0.0,0.0,0.0,0.0,2.0,10,2,3
38206,16,2,1,17,6,3,0,1,0,1,2,17,2,3,1.0,0.0,0.0,1.0,0.0,2.0,1,2,3
76486,16,2,3,17,6,3,0,1,0,1,2,18,3,1,1.0,0.0,1.0,0.0,0.0,2.0,18,1,6
154420,16,2,3,0,15,3,0,1,0,1,2,17,2,4,1.0,0.0,0.0,0.0,1.0,1.0,12,3,10
58483,16,7,1,10,2,3,6,1,1,1,1,19,2,2,0.0,0.0,0.0,0.0,0.0,3.0,3,7,5
110319,4,2,3,3,8,3,0,1,0,0,2,36,2,2,0.0,0.0,0.0,0.0,0.0,2.0,17,2,8
48207,16,7,3,17,8,3,6,1,0,1,2,18,2,3,2.0,0.0,0.0,2.0,0.0,2.0,7,1,4
132931,16,2,3,10,8,3,6,1,1,1,2,36,2,2,0.0,0.0,0.0,0.0,0.0,4.0,14,1,9
35987,4,2,3,2,8,3,0,1,0,0,2,30,1,3,6.0,0.0,0.0,3.0,3.0,2.0,8,3,3
92447,16,7,3,10,8,3,5,5,0,1,2,36,2,4,1.0,0.0,0.0,0.0,1.0,3.0,9,2,7
94194,16,2,3,17,6,3,0,1,1,1,2,24,2,2,0.0,0.0,0.0,0.0,0.0,2.0,13,2,7
173415,4,2,0,0,8,3,0,5,0,1,1,18,2,2,0.0,0.0,0.0,0.0,0.0,5.0,20,3,12
171316,16,2,3,17,6,3,0,1,0,1,2,24,2,2,0.0,0.0,0.0,0.0,0.0,2.0,13,1,11
120236,16,2,3,0,6,3,0,1,1,1,1,36,2,2,0.0,0.0,0.0,0.0,0.0,2.0,6,3,8
163285,16,2,1,17,6,3,0,1,0,1,2,22,2,2,0.0,0.0,0.0,0.0,0.0,3.0,0,7,11
58422,15,2,3,15,8,3,5,5,1,1,1,23,2,2,0.0,0.0,0.0,0.0,0.0,2.0,17,1,5
39516,16,7,1,15,8,3,6,1,1,1,2,23,2,2,0.0,0.0,0.0,0.0,0.0,2.0,18,5,3
12083,16,7,3,10,8,4,6,1,1,1,1,17,2,2,0.0,0.0,0.0,0.0,0.0,3.0,16,7,1
29256,16,2,3,17,2,3,0,1,1,1,2,18,2,2,0.0,0.0,0.0,0.0,0.0,6.0,16,1,3
39059,15,2,1,17,2,3,0,5,1,1,2,19,2,2,0.0,0.0,0.0,0.0,0.0,2.0,23,3,3
41326,15,2,3,0,6,3,0,1,0,1,2,18,2,4,2.0,0.0,0.0,0.0,2.0,4.0,16,6,3
62257,4,2,3,17,8,3,0,1,1,0,2,24,2,2,0.0,0.0,0.0,0.0,0.0,2.0,15,4,5
45645,15,7,1,15,8,3,6,1,1,1,1,36,2,2,0.0,0.0,0.0,0.0,0.0,3.0,20,6,4
150522,4,2,3,15,8,3,0,1,0,1,2,18,2,2,0.0,0.0,0.0,0.0,0.0,2.0,14,4,10
167077,16,2,0,10,8,3,0,1,1,1,1,19,2,2,0.0,0.0,0.0,0.0,0.0,3.0,6,3,11
183012,16,2,3,17,15,3,0,1,0,1,2,24,2,2,0.0,0.0,0.0,0.0,0.0,2.0,12,5,12
75638,16,2,3,10,8,3,0,1,1,1,0,36,2,2,0.0,0.0,0.0,0.0,0.0,2.0,15,7,6
14785,16,2,1,0,8,3,0,1,0,1,2,6,2,2,0.0,0.0,0.0,0.0,0.0,2.0,16,6,1
78042,16,2,3,17,6,3,0,1,1,1,2,36,2,2,0.0,0.0,0.0,0.0,0.0,2.0,16,2,6
33682,16,10,1,0,6,3,4,1,0,1,2,36,2,1,5.0,0.0,5.0,0.0,0.0,1.0,1,1,3
22760,16,2,3,0,2,3,0,1,1,1,1,6,2,2,0.0,0.0,0.0,0.0,0.0,2.0,16,4,2
122295,16,2,4,17,2,3,0,1,1,0,1,22,2,2,0.0,0.0,0.0,0.0,0.0,2.0,18,3,9
41901,15,7,3,17,8,3,6,5,1,1,1,39,2,2,0.0,0.0,0.0,0.0,0.0,2.0,11,7,3
3697,16,9,1,0,2,3,1,5,1,1,2,39,2,2,0.0,0.0,0.0,0.0,0.0,3.0,23,7,1
81686,4,2,3,10,8,3,0,1,1,1,2,9,2,2,0.0,0.0,0.0,0.0,0.0,2.0,13,6,6
79300,16,2,3,10,6,3,0,1,1,1,2,36,2,2,0.0,0.0,0.0,0.0,0.0,2.0,10,6,6
63136,16,2,3,7,8,3,0,1,1,1,0,24,2,2,0.0,0.0,0.0,0.0,0.0,1.0,10,2,5
55381,16,7,3,10,6,3,6,1,1,1,2,36,2,2,0.0,0.0,0.0,0.0,0.0,2.0,13,7,4
81157,16,2,3,0,5,3,0,1,0,1,2,36,2,3,1.0,0.0,0.0,1.0,0.0,1.0,11,5,6
106745,16,2,1,15,2,3,0,1,0,1,2,15,2,3,1.0,0.0,0.0,1.0,0.0,2.0,0,1,8
94387,4,2,3,17,8,3,0,1,0,0,1,19,2,4,1.0,0.0,0.0,0.0,1.0,2.0,13,5,7
83698,16,2,3,10,8,3,5,1,1,1,1,8,2,2,0.0,0.0,0.0,0.0,0.0,3.0,20,6,6
32990,15,2,3,10,8,3,0,1,1,1,1,21,2,2,0.0,0.0,0.0,0.0,0.0,2.0,13,2,3
184366,16,2,3,17,8,3,0,1,1,1,2,22,2,2,0.0,0.0,0.0,0.0,0.0,2.0,8,1,12
127563,4,2,3,17,15,4,0,1,0,1,2,36,2,2,0.0,0.0,0.0,0.0,0.0,3.0,16,3,9
319,15,10,0,3,8,3,4,5,1,1,2,39,2,2,0.0,0.0,0.0,0.0,0.0,2.0,16,7,1
74114,16,2,3,17,8,3,0,1,0,1,2,3,2,4,1.0,0.0,0.0,0.0,1.0,1.0,9,6,6
36948,4,2,1,0,8,3,0,1,1,0,2,2,2,2,0.0,0.0,0.0,0.0,0.0,2.0,22,6,3
103564,15,2,3,17,8,3,0,1,1,1,1,18,2,2,0.0,0.0,0.0,0.0,0.0,2.0,8,4,7
125415,16,2,3,17,10,3,0,5,0,1,1,36,2,3,1.0,0.0,0.0,1.0,0.0,3.0,5,2,9
69118,16,2,1,17,6,3,0,3,0,1,2,18,2,3,2.0,0.0,0.0,2.0,0.0,1.0,3,1,5
46348,16,2,3,17,10,3,0,1,1,1,2,24,2,2,0.0,0.0,0.0,0.0,0.0,2.0,9,3,4
121989,16,2,3,0,2,3,0,1,1,1,2,6,2,2,0.0,0.0,0.0,0.0,0.0,2.0,16,7,9
97766,4,2,3,10,6,3,0,1,1,1,2,36,2,2,0.0,0.0,0.0,0.0,0.0,3.0,13,7,7
88992,16,2,3,17,6,3,0,1,1,1,2,22,2,2,0.0,0.0,0.0,0.0,0.0,2.0,11,4,7
155144,16,2,3,10,10,3,0,1,0,1,2,19,2,4,1.0,0.0,0.0,0.0,1.0,1.0,17,3,10
15607,15,2,3,17,8,3,0,1,0,1,2,5,2,2,0.0,0.0,0.0,0.0,0.0,2.0,14,6,2
31868,15,7,3,0,6,3,6,1,1,1,2,18,2,2,0.0,0.0,0.0,0.0,0.0,3.0,8,6,3
165810,16,2,1,15,8,3,0,1,1,1,2,18,2,2,0.0,0.0,0.0,0.0,0.0,2.0,22,7,11
184369,15,2,3,17,6,3,0,1,0,1,2,5,2,2,0.0,0.0,0.0,0.0,0.0,2.0,9,1,12
185888,16,2,3,17,2,3,0,1,1,1,1,35,2,2,0.0,0.0,0.0,0.0,0.0,2.0,20,7,12
168859,16,2,1,17,6,3,0,1,1,1,2,24,2,2,0.0,0.0,0.0,0.0,0.0,2.0,20,3,11
125164,16,3,2,10,6,3,0,5,1,1,2,19,2,2,0.0,0.0,0.0,0.0,0.0,4.0,19,4,9
142823,16,2,3,17,1,3,0,1,1,1,1,36,2,2,0.0,0.0,0.0,0.0,0.0,2.0,9,3,10
16100,16,2,3,17,2,3,5,5,0,1,2,24,2,2,0.0,0.0,0.0,0.0,0.0,4.0,13,2,2
108513,15,2,3,10,6,3,0,5,0,1,2,22,2,3,1.0,0.0,0.0,1.0,0.0,2.0,11,2,8
184786,4,2,3,15,8,3,0,1,0,0,2,18,2,2,0.0,0.0,0.0,0.0,0.0,2.0,12,7,12
90487,16,2,1,10,2,3,0,1,1,1,0,36,2,2,0.0,0.0,0.0,0.0,0.0,3.0,20,6,7
141484,16,7,3,17,10,3,6,1,1,1,1,12,2,2,0.0,0.0,0.0,0.0,0.0,3.0,10,6,10
66535,16,2,3,0,3,3,0,1,0,1,2,6,2,2,0.0,0.0,0.0,0.0,0.0,3.0,6,1,5
3831,16,2,1,10,6,3,0,1,0,1,2,19,2,4,1.0,0.0,0.0,0.0,1.0,2.0,17,4,1
46558,16,2,1,0,6,3,0,1,0,1,2,6,3,3,5.0,0.0,0.0,5.0,0.0,0.0,20,1,4
88021,16,2,3,0,8,3,0,2,1,1,2,6,2,2,0.0,0.0,0.0,0.0,0.0,2.0,9,4,7
12246,16,10,3,2,8,3,0,1,1,1,2,26,1,2,0.0,0.0,0.0,0.0,0.0,1.0,13,4,1
50475,15,2,3,0,6,3,6,1,0,1,2,18,2,2,0.0,0.0,0.0,0.0,0.0,2.0,13,2,4
75078,15,2,3,0,8,3,0,1,1,1,1,18,2,2,0.0,0.0,0.0,0.0,0.0,2.0,11,5,6
1311,16,2,3,17,2,3,1,1,0,1,2,18,2,2,0.0,0.0,0.0,0.0,0.0,2.0,11,2,1
23340,16,6,0,10,8,3,6,1,0,0,1,39,2,1,1.0,0.0,1.0,0.0,0.0,1.0,21,6,2
104358,16,2,1,10,2,3,0,1,1,1,2,36,2,2,0.0,0.0,0.0,0.0,0.0,2.0,21,2,8
2990,16,2,1,17,10,3,6,1,0,1,2,35,2,2,0.0,0.0,0.0,0.0,0.0,2.0,18,1,1
146074,15,2,1,0,2,3,0,1,1,1,2,36,2,2,0.0,0.0,0.0,0.0,0.0,2.0,18,6,10
157079,16,2,0,10,8,3,0,1,1,1,1,36,2,2,0.0,0.0,0.0,0.0,0.0,2.0,23,1,11
173594,16,11,5,17,6,3,5,5,1,1,2,36,2,2,0.0,0.0,0.0,0.0,0.0,2.0,0,7,12
94166,16,2,1,0,15,3,0,5,0,1,2,3,2,2,0.0,0.0,0.0,0.0,0.0,2.0,21,7,7
88409,4,2,3,14,8,3,0,1,0,1,2,38,2,2,0.0,0.0,0.0,0.0,0.0,3.0,18,3,7
25614,15,2,1,0,2,3,0,5,0,1,2,36,2,3,1.0,0.0,0.0,1.0,0.0,1.0,21,5,2
127357,4,2,3,17,6,3,0,1,1,1,2,24,2,2,0.0,0.0,0.0,0.0,0.0,2.0,16,6,9
100056,15,2,3,0,19,3,0,1,0,1,2,5,2,3,2.0,0.0,0.0,2.0,0.0,4.0,15,1,7
59844,16,11,5,10,6,3,5,5,1,1,1,36,2,2,0.0,0.0,0.0,0.0,0.0,2.0,23,1,5
167564,15,10,3,0,15,3,4,1,1,1,2,39,2,2,0.0,0.0,0.0,0.0,0.0,2.0,10,5,11
112825,15,2,3,8,8,3,0,1,1,1,2,26,2,2,0.0,0.0,0.0,0.0,0.0,2.0,17,4,8
112268,12,2,3,15,18,3,5,5,1,1,1,23,2,2,0.0,0.0,0.0,0.0,0.0,2.0,16,3,8
147898,15,2,3,0,6,3,0,1,0,1,2,5,2,2,0.0,0.0,0.0,0.0,0.0,2.0,8,4,10
37503,16,2,1,0,6,3,0,1,0,1,2,6,2,3,4.0,0.0,0.0,4.0,0.0,1.0,0,2,3
185195,4,2,1,17,8,3,5,5,1,0,2,22,2,2,0.0,0.0,0.0,0.0,0.0,4.0,21,2,12
82917,16,2,3,9,6,3,0,1,0,1,0,18,2,1,1.0,0.0,1.0,0.0,0.0,1.0,7,2,6
51767,16,2,1,17,2,3,0,1,1,1,2,18,2,2,0.0,0.0,0.0,0.0,0.0,2.0,20,2,4
133422,15,2,3,17,6,3,0,1,1,1,2,8,2,2,0.0,0.0,0.0,0.0,0.0,5.0,9,6,9
132295,16,3,3,17,6,3,6,1,1,1,0,23,2,2,0.0,0.0,0.0,0.0,0.0,2.0,15,5,9
58694,4,2,3,0,15,3,0,1,1,1,2,36,2,2,0.0,0.0,0.0,0.0,0.0,2.0,15,5,5
148484,16,7,1,9,6,3,6,5,0,1,0,36,2,3,1.0,0.0,0.0,1.0,0.0,1.0,18,5,10
13691,16,11,1,10,10,3,5,1,1,1,1,8,2,2,0.0,0.0,0.0,0.0,0.0,2.0,20,7,1
2544,16,3,3,10,2,3,0,1,1,1,1,19,2,2,0.0,0.0,0.0,0.0,0.0,2.0,12,1,1
91265,4,2,3,10,8,3,0,1,1,1,2,19,3,2,0.0,0.0,0.0,0.0,0.0,3.0,11,5,7
131907,15,2,3,0,11,3,0,1,0,1,2,18,3,2,0.0,0.0,0.0,0.0,0.0,3.0,8,5,9
65913,16,3,3,10,6,3,5,5,1,1,1,36,2,2,0.0,0.0,0.0,0.0,0.0,2.0,10,6,5
27215,16,11,5,10,2,3,5,5,0,0,0,36,3,3,1.0,0.0,0.0,1.0,0.0,2.0,10,2,2
96306,16,2,1,17,6,3,5,5,1,1,2,36,3,2,0.0,0.0,0.0,0.0,0.0,5.0,23,6,7
28470,16,2,3,0,3,3,0,1,1,1,2,6,2,2,0.0,0.0,0.0,0.0,0.0,3.0,10,1,3
145969,16,2,3,11,8,3,0,1,1,1,1,36,2,2,0.0,0.0,0.0,0.0,0.0,2.0,11,3,10
113194,4,2,1,17,6,3,0,1,1,1,0,19,2,2,0.0,0.0,0.0,0.0,0.0,2.0,19,1,8
157800,16,2,1,2,3,3,0,3,0,1,2,32,1,2,0.0,0.0,0.0,0.0,0.0,1.0,3,6,11
32066,16,7,1,17,8,3,6,5,0,1,2,6,2,3,4.0,0.0,0.0,4.0,0.0,2.0,21,7,3
22195,16,2,1,10,8,3,0,1,1,1,2,19,2,2,0.0,0.0,0.0,0.0,0.0,2.0,2,7,2
183788,16,2,1,17,18,3,0,1,0,1,2,6,2,2,0.0,0.0,0.0,0.0,0.0,2.0,4,7,12
107496,16,2,1,17,6,3,0,1,1,1,2,12,2,2,0.0,0.0,0.0,0.0,0.0,4.0,20,7,8
134352,16,2,3,15,8,3,0,1,1,1,2,36,2,2,0.0,0.0,0.0,0.0,0.0,2.0,10,4,9
146283,16,7,1,17,10,3,6,1,0,1,2,24,2,2,0.0,0.0,0.0,0.0,0.0,2.0,6,3,10
45683,15,2,3,17,8,3,0,1,1,1,0,24,2,2,0.0,0.0,0.0,0.0,0.0,2.0,12,6,4
179224,4,2,4,2,15,3,0,1,0,0,2,36,1,2,0.0,0.0,0.0,0.0,0.0,1.0,21,2,12
122876,15,2,3,0,11,3,0,1,0,1,0,36,2,3,1.0,0.0,0.0,1.0,0.0,1.0,10,4,9
63046,16,2,3,10,15,3,5,5,1,1,2,23,2,2,0.0,0.0,0.0,0.0,0.0,2.0,15,3,5
110117,15,3,3,17,2,3,0,1,1,1,2,18,2,2,0.0,0.0,0.0,0.0,0.0,2.0,16,5,8
77411,4,2,3,7,8,3,0,1,0,1,2,22,2,2,0.0,0.0,0.0,0.0,0.0,1.0,14,7,6
107227,16,2,3,17,8,3,6,1,1,1,1,18,2,2,0.0,0.0,0.0,0.0,0.0,2.0,9,2,8
179358,16,2,3,17,10,3,0,1,1,1,2,23,2,2,0.0,0.0,0.0,0.0,0.0,2.0,9,4,12
41025,16,2,3,0,8,3,0,1,1,1,2,36,3,2,0.0,0.0,0.0,0.0,0.0,3.0,13,5,3
28734,15,2,3,0,2,3,0,1,1,1,2,36,2,2,0.0,0.0,0.0,0.0,0.0,2.0,15,6,3
12831,16,7,3,0,6,3,6,1,0,1,2,36,2,2,0.0,0.0,0.0,0.0,0.0,2.0,14,6,1
59859,16,7,3,0,8,3,6,1,1,1,2,6,2,2,0.0,0.0,0.0,0.0,0.0,2.0,15,2,5
172877,16,2,1,17,8,3,6,1,0,1,1,24,2,2,0.0,0.0,0.0,0.0,0.0,2.0,22,1,12
112017,16,2,3,8,10,3,0,1,0,1,2,36,2,1,1.0,0.0,1.0,0.0,0.0,1.0,16,5,8
182932,15,2,3,10,15,3,0,1,1,1,0,17,2,2,0.0,0.0,0.0,0.0,0.0,2.0,10,3,12
178729,16,2,3,10,2,3,0,1,0,1,2,19,2,3,1.0,0.0,0.0,1.0,0.0,2.0,15,3,12
145204,16,7,3,17,8,3,6,5,0,1,2,17,2,4,1.0,0.0,0.0,0.0,1.0,3.0,13,7,10
117310,16,2,3,17,8,3,0,1,0,1,1,36,2,4,1.0,0.0,0.0,0.0,1.0,1.0,10,1,8
109759,16,2,3,0,6,3,0,1,1,1,2,12,2,2,0.0,0.0,0.0,0.0,0.0,2.0,7,1,8
80992,4,2,3,14,8,3,0,1,1,1,2,36,2,2,0.0,0.0,0.0,0.0,0.0,2.0,17,2,6
13648,16,10,3,10,6,3,4,5,1,1,0,36,2,2,0.0,0.0,0.0,0.0,0.0,2.0,12,6,1
37352,15,2,3,0,6,3,0,1,0,1,2,5,2,4,1.0,0.0,0.0,0.0,1.0,2.0,14,7,3
83807,16,2,1,14,2,3,5,1,0,1,2,6,2,2,0.0,0.0,0.0,0.0,0.0,2.0,2,1,6
107164,16,2,1,17,6,3,0,1,1,1,2,6,2,2,0.0,0.0,0.0,0.0,0.0,2.0,0,3,8
75028,4,2,3,0,12,3,0,1,0,0,2,36,2,2,0.0,0.0,0.0,0.0,0.0,3.0,15,5,6
60750,15,7,4,10,6,3,6,1,0,1,1,19,2,3,3.0,0.0,0.0,3.0,0.0,0.0,18,1,5
36087,16,2,3,10,8,3,0,1,1,1,2,19,2,2,0.0,0.0,0.0,0.0,0.0,2.0,18,5,3
43504,4,2,3,3,8,4,0,5,0,1,2,11,2,4,1.0,0.0,0.0,0.0,1.0,1.0,6,2,4
99616,16,2,3,17,6,3,0,1,0,1,2,24,2,3,2.0,0.0,0.0,1.0,1.0,0.0,16,1,7
138287,16,2,1,17,2,3,0,1,0,1,2,24,2,2,0.0,0.0,0.0,0.0,0.0,2.0,22,3,10
143483,15,2,3,0,8,3,0,1,1,1,1,5,2,2,0.0,0.0,0.0,0.0,0.0,2.0,17,5,10
141355,16,7,4,10,2,3,6,1,1,1,2,19,2,2,0.0,0.0,0.0,0.0,0.0,2.0,17,5,10
154617,16,7,4,10,6,3,6,5,0,1,2,19,2,3,1.0,0.0,0.0,1.0,0.0,1.0,17,4,10
120678,4,7,3,9,8,3,6,1,0,1,0,18,2,1,1.0,0.0,1.0,0.0,0.0,2.0,6,1,9
43739,15,7,3,17,8,3,6,1,1,1,1,18,2,2,0.0,0.0,0.0,0.0,0.0,3.0,15,5,4
55298,16,7,3,10,6,3,6,1,0,1,0,19,2,4,1.0,0.0,0.0,0.0,1.0,1.0,11,5,4
36413,15,7,3,17,8,3,6,1,0,1,2,5,2,2,0.0,0.0,0.0,0.0,0.0,9.0,16,4,3
153098,16,2,1,0,3,3,0,1,0,1,2,18,2,2,0.0,0.0,0.0,0.0,0.0,3.0,19,4,10
40105,17,11,5,17,8,3,5,5,1,1,2,36,2,2,0.0,0.0,0.0,0.0,0.0,2.0,13,3,3
158062,4,7,3,0,8,3,6,5,1,1,1,36,2,2,0.0,0.0,0.0,0.0,0.0,4.0,13,1,11
42326,4,2,3,10,2,3,0,1,1,1,1,36,2,2,0.0,0.0,0.0,0.0,0.0,2.0,17,1,4
18585,16,2,3,17,6,3,0,5,0,1,2,28,2,4,1.0,0.0,0.0,0.0,1.0,1.0,15,3,2
141062,15,7,0,8,8,3,6,5,0,1,0,36,2,3,1.0,0.0,0.0,1.0,0.0,1.0,15,7,10
24877,16,2,3,15,2,3,0,1,1,1,2,36,2,2,0.0,0.0,0.0,0.0,0.0,2.0,8,5,2
57753,15,2,3,10,6,3,0,1,1,1,1,19,3,2,0.0,0.0,0.0,0.0,0.0,3.0,18,4,5
73720,16,2,1,10,6,3,0,1,0,1,2,36,2,3,3.0,0.0,0.0,1.0,2.0,0.0,0,7,6
180492,16,11,5,10,18,3,5,5,1,1,2,36,2,2,0.0,0.0,0.0,0.0,0.0,2.0,17,5,12
92133,16,2,3,17,6,3,0,1,0,1,1,37,2,1,1.0,0.0,1.0,0.0,0.0,2.0,10,5,7
70062,16,2,3,0,8,3,0,5,1,0,2,24,2,2,0.0,0.0,0.0,0.0,0.0,2.0,10,1,5
182389,16,2,1,15,8,3,0,1,1,1,2,22,2,2,0.0,0.0,0.0,0.0,0.0,2.0,17,4,12
152019,16,2,3,10,6,3,0,1,1,1,1,19,2,2,0.0,0.0,0.0,0.0,0.0,2.0,7,4,10