crash_date,               traffic_control_device,weather_condition,lighting_condition,first_crash_type,trafficway_type,alignment,roadway_surface_cond,road_defect,crash_type,intersection_related_i,damage,prim_contributory_cause,num_units,most_severe_injury,injuries_total,injuries_fatal,injuries_incapacitating,injuries_non_incapacitating,injuries_reported_not_evident,injuries_no_indication,crash_hour,crash_day_of_week,crash_month
90102,15,2,1,15,8,3,0,1,0,1,2,36,4,1,2.0,0.0,2.0,0.0,0.0,1.0,2,2,7
164793,15,7,1,0,10,3,6,1,1,1,2,39,2,2,0.0,0.0,0.0,0.0,0.0,2.0,17,6,11
39348,15,2,3,17,2,3,6,1,1,1,0,18,2,2,0.0,0.0,0.0,0.0,0.0,2.0,12,7,3
120742,16,2,2,10,8,3,0,1,1,1,0,36,2,2,0.0,0.0,0.0,0.0,0.0,2.0,6,3,9
167404,16,2,3,17,8,3,0,5,1,1,2,36,2,2,0.0,0.0,0.0,0.0,0.0,5.0,8,2,11
156934,16,2,1,10,3,3,0,1,1,1,2,17,2,2,0.0,0.0,0.0,0.0,0.0,2.0,5,6,11
92428,15,2,3,0,8,3,0,1,0,1,2,18,2,2,0.0,0.0,0.0,0.0,0.0,6.0,16,2,7
19514,16,2,3,17,6,3,0,1,0,1,2,24,2,2,0.0,0.0,0.0,0.0,0.0,2.0,9,5,2
75329,16,2,3,17,6,3,5,5,1,1,2,36,2,2,0.0,0.0,0.0,0.0,0.0,2.0,9,3,6
88956,15,2,3,0,8,3,5,5,0,1,2,17,2,2,0.0,0.0,0.0,0.0,0.0,2.0,5,4,7
157984,16,11,5,10,6,3,0,5,1,1,1,19,2,2,0.0,0.0,0.0,0.0,0.0,2.0,8,2,11
178748,4,2,1,0,10,3,0,1,1,1,2,36,2,2,0.0,0.0,0.0,0.0,0.0,2.0,17,3,12
13967,16,2,3,17,6,3,0,1,1,1,2,36,2,2,0.0,0.0,0.0,0.0,0.0,3.0,16,6,1
53745,15,11,5,10,8,3,5,5,1,1,2,19,2,2,0.0,0.0,0.0,0.0,0.0,2.0,18,2,4
176864,16,2,0,0,6,3,0,1,0,1,2,6,2,3,2.0,0.0,0.0,2.0,0.0,2.0,23,5,12
29377,16,2,3,17,6,4,0,1,0,1,2,23,2,2,0.0,0.0,0.0,0.0,0.0,5.0,16,4,3
8991,16,2,4,17,10,3,0,1,0,1,2,24,3,2,0.0,0.0,0.0,0.0,0.0,3.0,16,4,1
115477,4,2,3,0,8,3,0,1,1,1,2,36,2,2,0.0,0.0,0.0,0.0,0.0,2.0,15,3,8
37713,16,7,3,0,2,3,6,1,0,1,2,28,2,3,1.0,0.0,0.0,1.0,0.0,2.0,7,5,3
160025,16,2,3,17,6,3,0,1,1,1,0,24,2,2,0.0,0.0,0.0,0.0,0.0,2.0,9,2,11
156279,16,2,3,10,2,3,5,5,1,1,1,19,2,2,0.0,0.0,0.0,0.0,0.0,2.0,12,2,11
188741,16,2,3,17,2,3,4,1,0,1,2,18,2,4,1.0,0.0,0.0,0.0,1.0,1.0,16,3,12
86155,15,2,3,10,8,3,0,5,1,1,1,18,2,2,0.0,0.0,0.0,0.0,0.0,2.0,13,5,6
63582,15,2,3,0,6,3,0,1,0,0,2,5,2,1,1.0,0.0,1.0,0.0,0.0,1.0,11,4,5
37437,6,2,3,10,15,3,0,1,1,1,2,21,2,2,0.0,0.0,0.0,0.0,0.0,2.0,10,1,3
116885,4,2,3,8,8,3,0,1,0,1,2,18,2,3,1.0,0.0,0.0,1.0,0.0,1.0,17,3,8
109505,16,11,1,17,18,3,5,5,1,1,1,36,2,2,0.0,0.0,0.0,0.0,0.0,2.0,21,3,8
45194,16,11,3,12,15,3,5,5,1,1,2,36,2,2,0.0,0.0,0.0,0.0,0.0,2.0,16,5,4
99479,16,2,3,15,6,3,0,1,0,1,2,17,4,4,1.0,0.0,0.0,0.0,1.0,3.0,18,6,7
164782,16,7,4,10,3,3,6,1,1,1,1,39,2,2,0.0,0.0,0.0,0.0,0.0,3.0,16,6,11
145958,16,7,1,10,8,3,6,1,1,1,2,19,2,2,0.0,0.0,0.0,0.0,0.0,2.0,21,3,10
101034,16,2,1,17,6,3,0,1,0,1,1,18,2,2,0.0,0.0,0.0,0.0,0.0,2.0,20,2,7
51112,15,2,1,0,2,3,0,1,1,1,2,23,2,2,0.0,0.0,0.0,0.0,0.0,2.0,19,5,4
83167,15,11,4,17,8,3,0,5,1,1,2,5,2,2,0.0,0.0,0.0,0.0,0.0,3.0,20,5,6
38479,16,2,3,10,8,3,0,5,0,1,2,17,3,4,1.0,0.0,0.0,0.0,1.0,2.0,13,6,3
102154,16,2,3,17,8,3,0,1,1,1,2,18,2,2,0.0,0.0,0.0,0.0,0.0,2.0,16,5,7
135453,16,2,1,15,8,3,2,2,1,1,1,36,2,2,0.0,0.0,0.0,0.0,0.0,3.0,19,5,9
131191,4,2,3,0,2,3,0,1,1,1,2,12,2,2,0.0,0.0,0.0,0.0,0.0,2.0,8,5,9
89784,16,2,3,17,6,3,0,1,0,1,2,36,3,2,0.0,0.0,0.0,0.0,0.0,6.0,14,5,7
161060,16,7,1,9,6,3,6,1,0,1,0,18,2,3,1.0,0.0,0.0,1.0,0.0,1.0,18,3,11
124580,16,7,3,10,8,3,6,1,1,1,2,19,2,2,0.0,0.0,0.0,0.0,0.0,2.0,15,3,9
58778,16,7,3,0,6,3,6,1,0,1,2,30,3,2,0.0,0.0,0.0,0.0,0.0,4.0,16,6,5
111901,15,2,1,8,6,3,0,1,0,1,2,24,2,3,1.0,0.0,0.0,1.0,0.0,1.0,20,5,8
161361,16,2,0,10,8,3,0,1,1,1,1,19,2,2,0.0,0.0,0.0,0.0,0.0,2.0,19,6,11
31883,15,7,3,0,6,3,6,5,0,1,2,36,2,2,0.0,0.0,0.0,0.0,0.0,3.0,10,6,3
50966,16,11,5,17,18,4,5,5,0,1,2,36,3,3,1.0,0.0,0.0,1.0,0.0,3.0,14,3,4
3796,4,2,3,0,6,3,0,1,0,1,2,18,3,4,1.0,0.0,0.0,0.0,1.0,1.0,12,2,1
173035,15,2,1,0,6,3,0,1,1,1,2,5,2,2,0.0,0.0,0.0,0.0,0.0,2.0,20,5,12
42316,16,2,3,10,8,3,0,1,1,1,2,26,2,2,0.0,0.0,0.0,0.0,0.0,4.0,16,1,4
182875,16,2,3,17,6,4,0,1,1,1,2,26,2,2,0.0,0.0,0.0,0.0,0.0,2.0,11,2,12
156964,4,2,1,17,8,3,0,1,1,1,1,36,2,2,0.0,0.0,0.0,0.0,0.0,2.0,22,6,11
123243,16,2,3,0,2,3,0,5,1,1,2,36,2,2,0.0,0.0,0.0,0.0,0.0,2.0,18,5,9
5578,16,10,3,17,8,3,4,1,1,1,1,24,2,2,0.0,0.0,0.0,0.0,0.0,2.0,15,7,1
26066,4,2,1,7,15,3,0,1,0,1,2,24,2,2,0.0,0.0,0.0,0.0,0.0,1.0,20,6,2
37174,15,2,3,17,3,3,0,5,1,1,1,36,2,2,0.0,0.0,0.0,0.0,0.0,2.0,8,2,3
82401,16,2,1,17,6,3,0,1,0,1,2,24,2,2,0.0,0.0,0.0,0.0,0.0,2.0,0,1,6
116910,16,2,3,0,10,3,0,1,0,1,2,6,2,2,0.0,0.0,0.0,0.0,0.0,2.0,11,3,8
181807,16,2,3,17,6,3,0,1,1,1,0,24,2,2,0.0,0.0,0.0,0.0,0.0,2.0,6,3,12
81206,16,2,3,15,8,3,0,1,1,1,1,18,2,2,0.0,0.0,0.0,0.0,0.0,2.0,18,6,6
155562,15,10,1,9,6,3,6,5,1,1,0,18,2,2,0.0,0.0,0.0,0.0,0.0,2.0,18,3,10
65433,16,2,1,0,6,3,0,1,0,1,2,6,3,3,1.0,0.0,0.0,1.0,0.0,6.0,23,5,5
136775,15,2,3,9,2,3,0,1,0,1,0,18,2,3,1.0,0.0,0.0,1.0,0.0,1.0,15,4,9
79752,15,2,3,0,8,3,0,1,1,1,2,18,2,2,0.0,0.0,0.0,0.0,0.0,2.0,15,5,6
54353,16,2,3,0,6,3,0,1,0,1,2,18,2,2,0.0,0.0,0.0,0.0,0.0,5.0,8,4,4
16958,15,2,4,17,8,3,0,1,1,1,1,18,2,2,0.0,0.0,0.0,0.0,0.0,2.0,16,3,2
66850,15,2,3,0,15,3,0,1,1,1,0,36,2,2,0.0,0.0,0.0,0.0,0.0,3.0,11,7,5
94438,15,2,3,0,6,3,0,5,1,1,2,18,2,2,0.0,0.0,0.0,0.0,0.0,2.0,12,5,7
131014,16,2,3,17,2,3,0,1,1,1,2,24,2,2,0.0,0.0,0.0,0.0,0.0,2.0,15,2,9
44945,16,2,3,0,11,3,0,5,1,1,2,22,2,2,0.0,0.0,0.0,0.0,0.0,4.0,16,6,4
173454,16,2,1,10,8,3,0,1,1,1,0,36,2,2,0.0,0.0,0.0,0.0,0.0,2.0,21,5,12
168441,16,2,3,17,8,3,0,5,1,1,1,24,2,2,0.0,0.0,0.0,0.0,0.0,2.0,14,4,11
58364,16,2,1,0,6,3,0,1,0,1,2,6,2,2,0.0,0.0,0.0,0.0,0.0,7.0,20,6,5
137004,16,2,2,10,2,3,0,5,1,0,1,36,4,2,0.0,0.0,0.0,0.0,0.0,4.0,6,1,9
111735,4,2,3,0,15,3,0,1,1,1,2,18,2,2,0.0,0.0,0.0,0.0,0.0,2.0,9,1,8
149581,16,2,3,17,6,3,0,1,0,1,2,18,2,2,0.0,0.0,0.0,0.0,0.0,6.0,14,7,10
45993,4,2,3,17,8,3,0,1,0,1,2,36,2,2,0.0,0.0,0.0,0.0,0.0,2.0,14,5,4
98371,16,2,1,17,2,3,0,1,0,1,2,24,2,2,0.0,0.0,0.0,0.0,0.0,3.0,0,1,7
132398,16,2,3,17,10,3,0,1,1,0,2,24,2,2,0.0,0.0,0.0,0.0,0.0,2.0,10,7,9
121188,16,3,3,17,11,3,0,1,1,1,2,24,2,2,0.0,0.0,0.0,0.0,0.0,2.0,13,1,9
77958,15,2,1,0,6,3,0,1,0,1,2,18,2,3,1.0,0.0,0.0,1.0,0.0,2.0,0,7,6
53046,16,2,3,15,8,3,0,1,1,1,2,36,2,2,0.0,0.0,0.0,0.0,0.0,2.0,7,4,4
16627,16,10,1,9,6,3,6,1,0,1,0,38,2,1,1.0,0.0,1.0,0.0,0.0,1.0,18,5,2
156222,16,2,3,17,2,3,0,1,1,1,2,36,2,2,0.0,0.0,0.0,0.0,0.0,2.0,16,6,11
65468,16,2,3,0,6,3,0,1,1,1,1,6,2,2,0.0,0.0,0.0,0.0,0.0,2.0,5,6,5
105371,16,2,3,10,6,3,0,1,1,1,2,36,2,2,0.0,0.0,0.0,0.0,0.0,3.0,8,3,8
88875,16,2,3,17,8,3,0,1,0,1,1,18,2,2,0.0,0.0,0.0,0.0,0.0,2.0,16,3,7
142712,16,2,1,17,6,3,0,1,0,1,2,6,2,3,2.0,0.0,0.0,1.0,1.0,0.0,21,4,10
98330,16,2,1,10,3,3,0,1,0,1,2,36,2,3,1.0,0.0,0.0,1.0,0.0,3.0,3,1,7
990,4,2,1,17,2,3,0,1,1,1,0,36,2,2,0.0,0.0,0.0,0.0,0.0,2.0,17,3,1
53953,16,2,1,17,6,3,0,1,0,1,2,18,2,2,0.0,0.0,0.0,0.0,0.0,2.0,21,6,4
72232,16,7,3,17,6,3,0,1,1,1,2,17,2,2,0.0,0.0,0.0,0.0,0.0,2.0,16,7,6
142187,16,2,1,17,8,3,5,5,1,1,1,36,2,2,0.0,0.0,0.0,0.0,0.0,4.0,21,6,10
137784,16,2,3,10,8,3,0,1,1,1,2,19,2,2,0.0,0.0,0.0,0.0,0.0,3.0,8,3,10
28007,4,2,3,17,6,3,0,1,0,1,2,36,2,2,0.0,0.0,0.0,0.0,0.0,2.0,7,3,2
104216,16,2,1,0,2,3,5,5,1,1,2,6,2,2,0.0,0.0,0.0,0.0,0.0,3.0,23,7,8
138496,15,7,1,14,8,3,6,1,1,1,2,36,2,2,0.0,0.0,0.0,0.0,0.0,7.0,18,7,10
84960,16,2,4,0,6,3,0,1,0,1,2,6,2,3,2.0,0.0,0.0,2.0,0.0,2.0,19,6,6
99228,16,2,3,10,8,3,0,1,1,1,2,36,2,2,0.0,0.0,0.0,0.0,0.0,3.0,13,1,7
179084,15,2,3,17,6,3,0,1,1,1,1,21,2,2,0.0,0.0,0.0,0.0,0.0,2.0,15,6,12
8469,16,2,3,15,3,3,0,1,1,1,2,36,2,2,0.0,0.0,0.0,0.0,0.0,2.0,11,3,1
88057,16,2,3,0,15,3,0,1,0,1,2,6,2,2,0.0,0.0,0.0,0.0,0.0,2.0,16,5,7
129749,4,2,0,15,8,3,0,1,1,0,1,36,2,2,0.0,0.0,0.0,0.0,0.0,2.0,21,5,9
168296,15,2,1,10,10,3,0,1,1,0,0,17,2,2,0.0,0.0,0.0,0.0,0.0,2.0,18,7,11
79680,15,2,3,0,6,3,0,1,0,1,2,5,2,2,0.0,0.0,0.0,0.0,0.0,4.0,13,4,6
67587,16,2,3,17,6,3,0,1,0,1,2,18,3,3,3.0,0.0,0.0,3.0,0.0,2.0,11,5,5
100413,16,11,5,17,8,3,5,5,1,1,1,12,2,2,0.0,0.0,0.0,0.0,0.0,2.0,2,7,7
130658,4,2,3,15,8,3,0,1,1,1,2,23,2,2,0.0,0.0,0.0,0.0,0.0,2.0,13,2,9
137194,16,2,3,9,8,3,0,1,0,1,0,26,2,1,1.0,0.0,1.0,0.0,0.0,1.0,17,2,9
16517,4,7,3,17,8,3,6,1,1,1,2,0,2,2,0.0,0.0,0.0,0.0,0.0,2.0,8,2,2
110182,16,2,3,17,8,3,0,1,1,1,2,36,2,2,0.0,0.0,0.0,0.0,0.0,2.0,15,6,8
20989,12,2,3,2,5,3,0,1,1,1,0,36,1,2,0.0,0.0,0.0,0.0,0.0,2.0,9,2,2
42511,16,2,3,17,6,3,0,1,0,1,2,24,2,2,0.0,0.0,0.0,0.0,0.0,4.0,11,5,4
170519,16,2,3,17,6,3,0,1,0,1,2,18,2,1,2.0,0.0,1.0,1.0,0.0,0.0,7,2,11
159576,15,2,3,9,10,3,0,1,0,1,2,36,2,4,1.0,0.0,0.0,0.0,1.0,1.0,15,3,11
156250,16,2,3,17,2,3,0,1,0,1,2,6,2,3,3.0,0.0,0.0,3.0,0.0,0.0,20,6,11
88779,16,2,3,17,6,3,0,1,1,1,1,18,2,2,0.0,0.0,0.0,0.0,0.0,2.0,11,3,7
179297,15,2,3,0,2,3,5,5,0,1,2,36,2,2,0.0,0.0,0.0,0.0,0.0,3.0,13,4,12
55696,15,3,3,10,2,3,0,1,1,1,2,5,2,2,0.0,0.0,0.0,0.0,0.0,2.0,10,3,4
69444,15,7,1,0,6,3,6,1,0,1,2,36,2,2,0.0,0.0,0.0,0.0,0.0,2.0,23,5,5
125254,4,2,3,17,8,3,0,1,0,1,2,18,2,2,0.0,0.0,0.0,0.0,0.0,2.0,14,6,9
121818,4,7,3,8,8,3,6,1,0,1,2,11,2,3,1.0,0.0,0.0,1.0,0.0,1.0,9,3,9
36067,16,2,3,0,8,3,0,1,1,1,2,18,2,2,0.0,0.0,0.0,0.0,0.0,2.0,15,5,3
2340,16,2,1,0,6,3,0,5,1,1,2,6,2,2,0.0,0.0,0.0,0.0,0.0,2.0,0,6,1
13326,15,7,1,0,6,3,6,1,1,1,2,18,2,2,0.0,0.0,0.0,0.0,0.0,3.0,21,7,1
7222,15,2,1,0,8,3,0,5,0,1,2,5,2,2,0.0,0.0,0.0,0.0,0.0,3.0,20,4,1
35979,16,2,3,15,10,3,0,1,1,1,1,23,2,2,0.0,0.0,0.0,0.0,0.0,2.0,17,3,3
138837,16,11,3,10,2,3,5,5,0,1,2,19,2,3,1.0,0.0,0.0,1.0,0.0,1.0,11,3,10
93080,16,2,3,15,6,3,0,5,1,1,1,22,2,2,0.0,0.0,0.0,0.0,0.0,2.0,15,5,7
73166,16,2,3,17,18,3,0,1,0,1,2,24,2,2,0.0,0.0,0.0,0.0,0.0,2.0,6,6,6
153915,16,2,1,10,2,3,0,1,0,1,2,19,2,4,1.0,0.0,0.0,0.0,1.0,2.0,1,1,10
16157,16,2,3,10,8,3,0,1,1,1,2,31,2,2,0.0,0.0,0.0,0.0,0.0,2.0,11,2,2
55565,15,2,3,10,2,3,0,1,1,1,2,18,2,2,0.0,0.0,0.0,0.0,0.0,2.0,15,2,4
52981,4,2,3,17,10,3,0,1,1,1,2,19,2,2,0.0,0.0,0.0,0.0,0.0,2.0,15,3,4
152836,16,2,1,14,8,3,0,1,1,1,2,36,2,2,0.0,0.0,0.0,0.0,0.0,3.0,18,6,10
35147,16,2,1,0,6,3,0,1,1,1,2,36,2,2,0.0,0.0,0.0,0.0,0.0,3.0,20,3,3
152268,16,2,3,10,8,3,0,1,1,1,2,36,2,2,0.0,0.0,0.0,0.0,0.0,2.0,10,5,10
164274,16,2,1,10,10,3,0,1,0,1,2,21,2,2,0.0,0.0,0.0,0.0,0.0,4.0,23,5,11
88125,15,3,3,0,6,3,0,1,1,1,2,18,2,2,0.0,0.0,0.0,0.0,0.0,3.0,6,6,7
26707,16,2,1,0,8,3,0,1,1,1,2,18,2,2,0.0,0.0,0.0,0.0,0.0,2.0,23,1,2
121189,4,2,1,9,8,3,0,1,0,1,0,36,2,4,1.0,0.0,0.0,0.0,1.0,2.0,1,1,9
134876,16,2,3,17,8,3,0,1,1,1,2,6,2,2,0.0,0.0,0.0,0.0,0.0,3.0,15,4,9
61633,4,2,3,0,2,3,0,1,0,1,2,18,3,2,0.0,0.0,0.0,0.0,0.0,4.0,16,7,5
88529,16,2,3,10,2,3,0,1,0,1,1,36,2,3,1.0,0.0,0.0,1.0,0.0,1.0,15,6,7
102399,4,2,0,15,8,3,0,5,1,1,1,36,2,2,0.0,0.0,0.0,0.0,0.0,2.0,20,7,7
77195,16,2,3,17,2,3,0,1,1,1,1,6,2,2,0.0,0.0,0.0,0.0,0.0,2.0,9,2,6
133584,6,2,0,10,2,3,0,1,1,0,0,9,2,2,0.0,0.0,0.0,0.0,0.0,2.0,18,7,9
38663,16,7,1,10,6,3,6,1,1,1,2,17,2,2,0.0,0.0,0.0,0.0,0.0,3.0,17,3,3
133709,16,2,1,15,1,3,0,1,1,1,2,6,2,2,0.0,0.0,0.0,0.0,0.0,2.0,23,2,9
102688,16,2,3,0,6,3,0,1,0,1,2,36,2,3,1.0,0.0,0.0,1.0,0.0,3.0,14,6,7
79479,16,7,4,9,18,3,6,5,0,1,1,24,2,3,1.0,0.0,0.0,1.0,0.0,1.0,17,7,6
15918,15,2,3,0,8,3,0,5,1,1,2,36,2,2,0.0,0.0,0.0,0.0,0.0,4.0,15,6,2
111884,16,7,2,2,6,3,0,1,0,1,2,39,1,3,1.0,0.0,0.0,1.0,0.0,0.0,6,5,8
151800,16,7,3,17,8,3,6,1,0,1,2,18,2,2,0.0,0.0,0.0,0.0,0.0,3.0,13,2,10
88775,16,7,3,3,6,3,6,5,0,1,2,23,2,3,1.0,0.0,0.0,1.0,0.0,1.0,11,3,7
104354,16,2,0,10,2,3,0,1,1,1,2,19,2,2,0.0,0.0,0.0,0.0,0.0,2.0,20,2,8
62141,16,3,2,0,8,3,5,5,0,1,2,36,2,2,0.0,0.0,0.0,0.0,0.0,2.0,17,1,5
15593,4,2,1,0,10,3,5,5,1,1,2,36,2,2,0.0,0.0,0.0,0.0,0.0,2.0,20,5,2
39140,16,7,3,0,8,3,6,1,1,1,2,36,2,2,0.0,0.0,0.0,0.0,0.0,2.0,7,5,3
26155,16,2,1,0,6,3,0,1,0,1,2,6,2,2,0.0,0.0,0.0,0.0,0.0,3.0,21,7,2
117186,16,2,1,15,6,3,0,1,1,1,2,36,2,2,0.0,0.0,0.0,0.0,0.0,8.0,21,1,8
65190,16,7,1,15,2,3,6,1,0,1,2,22,2,2,0.0,0.0,0.0,0.0,0.0,2.0,0,7,5
147782,16,2,3,15,2,3,0,1,1,1,1,12,2,2,0.0,0.0,0.0,0.0,0.0,3.0,11,2,10
46701,16,2,3,10,8,3,6,1,1,1,2,36,2,2,0.0,0.0,0.0,0.0,0.0,2.0,8,2,4
84368,16,7,3,15,8,3,6,1,1,1,2,23,2,2,0.0,0.0,0.0,0.0,0.0,2.0,13,4,6
7453,16,2,1,17,2,3,0,1,0,1,2,22,3,2,0.0,0.0,0.0,0.0,0.0,3.0,16,2,1
19335,4,10,3,10,2,3,4,1,1,0,2,39,2,2,0.0,0.0,0.0,0.0,0.0,2.0,14,1,2
135457,15,2,3,0,2,3,0,1,0,1,2,18,2,2,0.0,0.0,0.0,0.0,0.0,2.0,8,5,9
173737,17,11,5,0,8,3,5,5,1,1,2,36,2,2,0.0,0.0,0.0,0.0,0.0,2.0,19,6,12
144428,4,7,3,0,6,3,6,1,1,1,2,36,2,2,0.0,0.0,0.0,0.0,0.0,2.0,8,4,10
153060,15,2,3,0,6,3,0,5,0,1,2,18,2,2,0.0,0.0,0.0,0.0,0.0,3.0,13,4,10
4308,16,2,3,9,6,3,0,5,0,1,0,36,2,4,1.0,0.0,0.0,0.0,1.0,1.0,14,5,1
180436,16,2,1,9,6,3,0,4,1,1,0,18,2,2,0.0,0.0,0.0,0.0,0.0,2.0,17,4,12
78581,16,7,3,17,2,3,6,1,1,1,2,36,2,2,0.0,0.0,0.0,0.0,0.0,2.0,13,3,6
14775,9,2,3,10,8,3,0,1,0,1,2,19,2,4,1.0,0.0,0.0,0.0,1.0,1.0,2,6,1
48252,16,2,3,0,6,3,0,1,0,1,2,6,2,2,0.0,0.0,0.0,0.0,0.0,2.0,6,3,4
3824,16,2,3,17,11,3,0,1,1,1,2,36,2,2,0.0,0.0,0.0,0.0,0.0,2.0,17,4,1
21404,16,2,1,10,6,3,4,1,1,1,2,17,2,2,0.0,0.0,0.0,0.0,0.0,2.0,19,1,2
47152,15,2,3,0,2,3,0,1,1,1,2,18,2,2,0.0,0.0,0.0,0.0,0.0,2.0,17,5,4
80598,16,2,3,17,2,3,0,1,0,1,2,18,2,3,1.0,0.0,0.0,1.0,0.0,2.0,18,4,6
21090,15,2,1,0,3,3,0,1,0,1,2,18,2,4,1.0,0.0,0.0,0.0,1.0,1.0,18,3,2
34270,16,2,1,17,6,3,0,1,1,1,2,12,2,2,0.0,0.0,0.0,0.0,0.0,2.0,19,4,3
163222,16,2,3,10,6,3,0,1,1,1,0,36,2,2,0.0,0.0,0.0,0.0,0.0,2.0,12,5,11
52020,16,2,3,8,6,3,0,1,1,1,2,18,2,2,0.0,0.0,0.0,0.0,0.0,2.0,6,2,4
84511,16,2,3,10,8,3,6,5,1,1,2,36,2,2,0.0,0.0,0.0,0.0,0.0,2.0,15,6,6
33364,16,2,3,15,11,3,0,1,1,1,0,36,2,2,0.0,0.0,0.0,0.0,0.0,5.0,14,1,3
92770,16,2,3,15,2,3,0,1,1,1,2,23,2,2,0.0,0.0,0.0,0.0,0.0,2.0,16,1,7
174305,4,2,2,10,8,3,0,1,1,1,2,15,2,2,0.0,0.0,0.0,0.0,0.0,2.0,17,2,12
131666,16,2,3,0,6,3,0,1,1,1,2,6,3,2,0.0,0.0,0.0,0.0,0.0,4.0,12,3,9
128057,4,2,3,0,8,3,0,1,0,1,2,36,2,2,0.0,0.0,0.0,0.0,0.0,2.0,18,3,9
130226,16,2,0,17,3,3,0,5,1,1,1,24,2,2,0.0,0.0,0.0,0.0,0.0,3.0,23,3,9
186457,16,2,3,10,2,3,0,1,1,1,0,36,2,2,0.0,0.0,0.0,0.0,0.0,2.0,13,3,12
186223,16,2,3,15,2,3,0,1,1,1,0,19,2,2,0.0,0.0,0.0,0.0,0.0,2.0,12,5,12
8426,16,2,1,0,6,3,0,1,0,1,2,6,2,4,2.0,0.0,0.0,0.0,2.0,4.0,1,3,1
157426,16,2,3,17,2,3,0,1,1,1,1,36,2,2,0.0,0.0,0.0,0.0,0.0,2.0,11,6,11
106406,4,2,3,10,8,3,0,1,1,1,2,19,2,2,0.0,0.0,0.0,0.0,0.0,2.0,15,5,8
134231,15,2,3,10,8,3,5,5,1,1,2,36,2,2,0.0,0.0,0.0,0.0,0.0,3.0,13,3,9
110027,16,7,1,10,8,3,6,1,1,1,2,19,2,2,0.0,0.0,0.0,0.0,0.0,3.0,23,2,8
138657,16,2,3,10,8,3,0,1,1,0,2,19,2,2,0.0,0.0,0.0,0.0,0.0,2.0,13,4,10
60082,16,7,3,15,2,3,6,1,0,1,2,22,2,4,1.0,0.0,0.0,0.0,1.0,1.0,7,4,5
134782,16,2,3,10,8,3,0,1,1,1,2,36,2,2,0.0,0.0,0.0,0.0,0.0,4.0,14,2,9
129185,4,2,3,15,8,3,0,1,1,1,1,17,2,2,0.0,0.0,0.0,0.0,0.0,2.0,10,4,9
17532,16,10,3,14,15,3,6,1,0,1,2,22,2,2,0.0,0.0,0.0,0.0,0.0,2.0,11,5,2
146275,4,2,3,9,3,3,0,1,0,1,2,26,2,4,1.0,0.0,0.0,0.0,1.0,1.0,17,3,10
18613,16,2,3,17,15,3,6,1,1,1,1,3,2,2,0.0,0.0,0.0,0.0,0.0,2.0,8,3,2
6283,16,2,3,17,18,3,0,1,0,1,2,18,2,2,0.0,0.0,0.0,0.0,0.0,2.0,11,5,1
137815,16,3,3,14,2,3,6,1,1,1,1,36,2,2,0.0,0.0,0.0,0.0,0.0,3.0,15,5,10
24387,16,2,4,10,8,3,5,5,1,1,2,36,2,2,0.0,0.0,0.0,0.0,0.0,2.0,18,3,2
170785,16,10,3,17,10,3,0,1,0,1,2,4,2,3,1.0,0.0,0.0,1.0,0.0,2.0,12,4,11
51992,17,11,5,2,17,3,5,5,1,0,1,33,1,2,0.0,0.0,0.0,0.0,0.0,1.0,22,7,4
72552,15,2,3,7,10,3,0,1,1,1,2,36,2,2,0.0,0.0,0.0,0.0,0.0,2.0,16,4,6
28962,15,2,3,0,8,3,0,1,0,1,2,36,2,2,0.0,0.0,0.0,0.0,0.0,2.0,8,3,3
157216,15,2,3,13,8,3,0,5,0,1,2,5,2,3,3.0,0.0,0.0,1.0,2.0,1.0,16,5,11
161279,16,3,3,0,6,3,0,1,1,1,2,19,2,2,0.0,0.0,0.0,0.0,0.0,2.0,13,1,11
103972,15,2,3,0,8,3,0,1,0,1,2,5,4,3,2.0,0.0,0.0,2.0,0.0,4.0,18,3,8
143620,16,2,1,10,6,3,0,1,0,1,2,12,3,3,2.0,0.0,0.0,2.0,0.0,3.0,22,6,10
80244,16,2,3,15,6,3,0,1,1,0,0,23,2,2,0.0,0.0,0.0,0.0,0.0,2.0,10,5,6
103312,16,2,3,17,15,3,0,1,0,1,2,36,2,3,3.0,0.0,0.0,3.0,0.0,1.0,6,1,7
129595,15,2,3,0,8,3,0,1,1,1,2,36,2,2,0.0,0.0,0.0,0.0,0.0,2.0,16,2,9
44193,4,7,1,17,12,3,6,1,0,0,2,18,2,3,2.0,0.0,0.0,2.0,0.0,0.0,23,5,4
76103,16,2,3,17,10,3,0,1,1,1,1,36,2,2,0.0,0.0,0.0,0.0,0.0,3.0,17,7,6
176009,15,2,3,10,8,3,0,1,0,1,1,19,2,3,1.0,0.0,0.0,1.0,0.0,2.0,15,6,12
176909,16,2,1,15,15,3,6,1,1,1,0,22,2,2,0.0,0.0,0.0,0.0,0.0,2.0,18,6,12
792,15,10,3,17,8,3,6,1,1,1,1,24,2,2,0.0,0.0,0.0,0.0,0.0,2.0,12,7,1
6014,16,3,3,17,2,3,0,1,0,1,2,36,2,2,0.0,0.0,0.0,0.0,0.0,2.0,10,6,1
165467,16,7,1,9,8,3,6,1,0,1,2,36,2,3,1.0,0.0,0.0,1.0,0.0,1.0,18,1,11
65247,15,2,1,17,8,3,0,1,0,1,2,18,2,1,2.0,0.0,1.0,1.0,0.0,1.0,23,1,5
78561,16,2,1,2,10,3,0,1,0,1,2,36,1,2,0.0,0.0,0.0,0.0,0.0,1.0,22,2,6